[{"title": "The Return (Hardcover) (Signed Edition)", "tags": "", "relevancy_score": 7.150690909090908, "price": "$21.29"}, {"title": "Then She Was Gone : A Novel", "tags": "Women's History Month Fiction Psychological Thriller Books Literary Novels Beach Reads Suspense Adult Top 100", "relevancy_score": 190.83965405405405, "price": "$13.34"}, {"title": "After: After We Collided, Volume 2 (Series #2) (Paperback)", "tags": "Women's History Month Fiction Psychological Thriller Books Contemporary Romance Beach Reads Women Novels Suspense New Adult", "relevancy_score": 40.58054736842105, "price": "$11.54"}, {"title": "Where the Crawdads Sing - Paperback (Large Print)", "tags": "Women's History Month Fiction Psychological Thriller Books Historical Novels Beach Reads Contemporary Women Adult Top 100", "relevancy_score": 416.06819999999993, "price": "$16.99"}, {"title": "Milk and Honey", "tags": "Women's History Month Fiction Adult Non-Fiction Top 100 General Poetry Books Love & Erotica Mother's Day Gift Guide Literature", "relevancy_score": 165.57577142857141, "price": "$10.20"}, {"title": "The Coming Storm (Paperback)", "tags": "Small Town & Rural Novels Contemporary Romance Books Suspense Harlequin Beach Reads Women Adult Fiction Top 100", "relevancy_score": 32.58054736842105, "price": "$7.52"}, {"title": "The Great Gatsby", "tags": "Women's History Month Fiction General Romance Books Literary Novels College Back to School Adult Top 100 Banned Classic", "relevancy_score": 1749.784528870293, "price": "$9.12"}, {"title": "Behind Closed Doors : A Novel", "tags": "Women's History Month Fiction Crime Thriller Books Literary Novels Beach Reads Contemporary Women Suspense Adult Top 100", "relevancy_score": 399.80619842519684, "price": "$9.31"}, {"title": "Little Fires Everywhere : A Novel (Paperback)", "tags": "Women's History Month Fiction Psychological Thriller Books Historical Novels Beach Reads Contemporary Women Adult Top 100", "relevancy_score": 328.7771471698113, "price": "$12.75"}, {"title": "The Couple Next Door", "tags": "Women's History Month Fiction Psychological Thriller Books Novels Beach Reads Suspense Mysteries, Thrillers & Adult Top 100", "relevancy_score": 200.63626666666667, "price": "$6.89"}, {"title": "Blessing in Disguise : A Novel", "tags": "Women's History Month Fiction Contemporary Romance Books General Historical Novels Fantasy Beach Reads Adult Top 100", "relevancy_score": 15.25069090909091, "price": "$7.02"}, {"title": "After (Paperback)", "tags": "Contemporary Romance Books Literary Novels Young Adult Top 100 Beach Reads Women General Erotica New", "relevancy_score": 38.98054736842105, "price": "$15.06"}, {"title": "The Life She Wants (Paperback)", "tags": "Family Life Novels Small Town & Rural Romance Collections Anthologies Harlequin Contemporary Beach Reads Women Clean Wholesome Books", "relevancy_score": 20.393942857142857, "price": "$7.52"}, {"title": "Animal Farm : 75th Anniversary Edition", "tags": "Banned Science Fiction & Fantasy Books Classic Novels College Back to School Satire Political Adult Top 100 Literary", "relevancy_score": 1380.1265162011175, "price": "$8.68"}, {"title": "Vintage Contemporaries: The House on Mango Street (Paperback)", "tags": "Hispanic & Latino Novels Espa\u00f1ol Para Hispanohablantes, Spanish for Speakers Classic Literary American Criticism Books Coming of Age Adult Fiction Top 100", "relevancy_score": 370.07950163934424, "price": "$8.75"}, {"title": "Elevation", "tags": "Dystopian Novels Media Tie-In Horror Supernatural Thriller Books Beach Reads Suspense Mysteries, Thrillers &", "relevancy_score": 173.57577142857141, "price": "$9.96"}, {"title": "Manhunt : A Michael Bennett Story", "tags": "General Thriller & Suspense Books Legal Crime Police Procedural Beach Reads Mystery Detective", "relevancy_score": 28.6596, "price": "$4.99"}, {"title": "Every Breath", "tags": "Small Town & Rural Novels General Romance Books Fiction Suspense Beach Reads Contemporary Women Adult Top 100", "relevancy_score": 18.324423529411764, "price": "$10.88"}, {"title": "Reckoning", "tags": "Occult & Supernatural Novels Literary Collections - American Apocalyptic Post-Apocalyptic Science Fiction Books Contemporary Romance Media Tie-In Action Adventure Adult Top 100", "relevancy_score": 106.3788, "price": "$11.91"}, {"title": "We Were the Lucky Ones : A Novel", "tags": "Top 100 Books Women's History Month Fiction Literary Novels Beach Reads Contemporary Women Adult", "relevancy_score": 97.96667692307693, "price": "$13.38"}, {"title": "Sweet Magnolias Novel, 3: Feels Like Family (Paperback)", "tags": "Canada Kids' Books General Romance Literary Novels Harlequin Contemporary Beach Reads Women Adult Fiction Top 100", "relevancy_score": 10.17235, "price": "$6.74"}, {"title": "One by One (Hardcover)", "tags": "Crime Thriller Books Psychological Novels Beach Reads Suspense Mystery & Detective Adult Fiction Top 100", "relevancy_score": 5.088954838709677, "price": "$16.79"}, {"title": "Invisible Girl (Hardcover)", "tags": "General Thriller & Suspense Books Psychological Crime Horror Novels Beach Reads Adult Fiction Top 100", "relevancy_score": 0.0, "price": "$17.58"}, {"title": "The Book of Two Ways (Hardcover)", "tags": "Women's History Month Fiction Family Life Novels Contemporary Romance Books Historical Literary Beach Reads Adult Top 100", "relevancy_score": 4.088954838709677, "price": "$17.39"}, {"title": "Virgin River Novel, 1: Virgin River (Paperback)", "tags": "Family Life Novels Small Town & Rural General Romance Books Harlequin Contemporary Women Holiday Clean Wholesome", "relevancy_score": 28.6596, "price": "$7.81"}, {"title": "NIV, Journal the Word Bible for Women, Cloth Over Board, Navy, Red Letter Edition, Comfort Print: 500+ Prompts to Encourage Journaling and Reflection (Hardcover)", "tags": "New King James Version Journaling Self-Help Books Literary Collections - Diaries & Journals Journal Writing Teen Young Adult Devotional Prayer Christian Women's Issues Coloring Living Translation", "relevancy_score": 14.350690909090911, "price": "$23.01"}, {"title": "Every Breath", "tags": "General Romance Books Historical Fiction Suspense Beach Reads Contemporary Women Novels Adult Top 100", "relevancy_score": 0.0, "price": "$7.48"}, {"title": "This Tender Land : A Novel", "tags": "Action & Adventure Novels General Fiction Books Historical Mystery Detective Beach Reads Political Adult Top 100", "relevancy_score": 5.088954838709677, "price": "$11.49"}, {"title": "The Midwife Murders", "tags": "Family Life Novels Crime Thriller Books Contemporary Romance Beach Reads Technological Political Adult Fiction Top 100", "relevancy_score": 6.17235, "price": "$11.07"}, {"title": "The Henna Artist (Hardcover)", "tags": "Jewish Novels Women's History Month Fiction Historical Fantasy Books Beach Reads Contemporary Women Cultural Heritage Adult Top 100", "relevancy_score": 5.088954838709677, "price": "$16.78"}, {"title": "Friends Forever : A Novel", "tags": "Women's History Month Fiction Contemporary Romance Books General Historical Novels Fantasy Beach Reads Adult Top 100", "relevancy_score": 22.6596, "price": "$4.50"}, {"title": "Invisible Girl (Hardcover)", "tags": "General Thriller & Suspense Books Psychological Crime Horror Novels Beach Reads Adult Fiction Top 100", "relevancy_score": 0.0, "price": "$17.58"}, {"title": "All Dressed in White : An Under Suspicion Novel", "tags": "General Fiction Books Horror Novels Short Story Mystery & Detective with Women Sleuths Adult Top 100", "relevancy_score": 41.43984390243903, "price": "$8.99"}, {"title": "Magic Lessons : The Prequel to Practical Magic (Hardcover)", "tags": "Women's History Month Fiction Classic Novels General Books Historical Beach Reads Contemporary Women Adult Top 100", "relevancy_score": 0.0, "price": "$18.10"}, {"title": "The Pillars of the Earth : A Novel", "tags": "Women's History Month Fiction The Witcher Books Epic Fantasy Historical Beach Reads Contemporary Women Novels Adult Top 100", "relevancy_score": 1342.3205570200573, "price": "$8.24"}, {"title": "Sullivan's Crossing, 1: What We Find (Paperback)", "tags": "Top 100 Books Family Life Novels Small Town & Rural Beach Reads Contemporary Women General Erotica Clean Wholesome Romance Coming of Age", "relevancy_score": 21.393942857142857, "price": "$8.83"}, {"title": "Shot to Hell", "tags": "NHL Books Midwest State & Local United States History Action Adventure Novels Historical Fiction Short Story Hockey Romance MLB", "relevancy_score": 0.0, "price": "$5.98"}, {"title": "Sisterhood: Truth and Justice (Series #31) (Paperback)", "tags": "General Thriller & Suspense Books Midwest State Local United States History Short Story Western Novels African American Hockey Harry Potter MLB", "relevancy_score": 0.0, "price": "$6.74"}, {"title": "Amish Secrets Novel: Love Bears All Things (Series #2) (Paperback)", "tags": "Harlequin Thriller Romance Religious Small Town & Rural Novels Suspense Books Clean Wholesome", "relevancy_score": 27.4596, "price": "$2.49"}, {"title": "The Gift of Christmas (Paperback)", "tags": "Religious Small Town & Rural Novels Romance Collections Anthologies General Books Contemporary Women Holiday Coming of Age Adult Fiction Top 100", "relevancy_score": 5.088954838709677, "price": "$5.98"}, {"title": "As I Lay Dying", "tags": "Dark Fantasy Books Classic Novels General Science Fiction Beach Reads College Back to School Adult Top 100", "relevancy_score": 314.00552727272725, "price": "$11.99"}, {"title": "Bag of Bones : A Novel", "tags": "Psychological Thriller Books General Fiction Horror Novels Supernatural Technological Mysteries, Thrillers & Suspense Adult Top 100", "relevancy_score": 271.0219636363636, "price": "$14.87"}, {"title": "Hamnet (Hardcover)", "tags": "Women's History Month Fiction Classic Novels General Books Historical Beach Reads Contemporary Women Adult Top 100", "relevancy_score": 0.0, "price": "$25.60"}, {"title": "Broken Harbor : A Novel", "tags": "Psychological Thriller Books Crime Horror Novels with Women Sleuths International Mystery & Adult Fiction Top 100", "relevancy_score": 346.41895714285715, "price": "$9.88"}, {"title": "Amish Heirloom Novel: The Cherished Quilt (Paperback)", "tags": "Romance Patchwork Crafts & Hobbies Books Suspense International Mystery Crime Clean Wholesome General Cookbooks Love Marriage Women's Issues", "relevancy_score": 35.52170810810811, "price": "$2.75"}, {"title": "Amish Heirloom Novel: The Beloved Hope Chest (Paperback)", "tags": "Harlequin Thriller Romance Religious Small Town & Rural Novels General Books Suspense Clean Wholesome", "relevancy_score": 34.82170810810811, "price": "$2.75"}, {"title": "Love by Chance : Based on the Hallmark Channel Original Movie (Paperback)", "tags": "Sports Romance Books Hallmark Romantic Comedy Harlequin Contemporary Women Novels Holiday Clean & Wholesome", "relevancy_score": 0.0, "price": "$12.20"}, {"title": "Stephanie Plum Novels: Ten Big Ones & Eleven on Top: Two Novels in One (Paperback)", "tags": "Sports Romance Books Humor Novels Hallmark Relationships with Women Sleuths Holiday Clean & Wholesome", "relevancy_score": 0.0, "price": "$7.48"}, {"title": "On Mystic Lake : A Novel", "tags": "Time Travel Romance Books Family Life Novels General Wine & Alcohol New King James Version Historical Mystery Poverty Homelessness MLB Middle Eastern Political", "relevancy_score": 69.7591652173913, "price": "$8.42"}, {"title": "Angels Flight", "tags": "General Thriller & Suspense Books Crime Romance Mystery Detective Adult Fiction Top 100", "relevancy_score": 117.40623157894736, "price": "$7.48"}, {"title": "Unknown Ajax, The", "tags": "Fantasy Manga Contemporary Romance Books General Historical Fiction Novels African American Erotica Action & Adventure Adult Top 100", "relevancy_score": 95.49669433962264, "price": "$15.02"}, {"title": "Be Afraid", "tags": "General Thriller & Suspense Books Crime Romance Mystery Detective Adult Fiction Top 100", "relevancy_score": 10.17235, "price": "$8.42"}, {"title": "Innkeeper Chronicles: Sweep with Me (Paperback)", "tags": "Dating Contemporary Romance Books General Paranormal Historical Fiction Novels Fantasy Science Romantic", "relevancy_score": 0.0, "price": "$11.87"}, {"title": "Tom Clancy's Op-Center: Sting of the Wasp : A Novel", "tags": "War & Military Novels Espionage Thriller Books Action Adventure Suspense Romance Beach Reads NBA Mother's Day Literature Fiction Political", "relevancy_score": 0.0, "price": "$5.49"}, {"title": "The Poisonwood Bible (Paperback)", "tags": "Women's History Month Fiction Classic Novels General Books Historical Beach Reads Contemporary Women Adult Top 100", "relevancy_score": 1111.2642382978725, "price": "$19.06"}, {"title": "Royal Wedding, 3: A Princess by Christmas (Paperback)", "tags": "Fantasy Manga Contemporary Romance Books General Historical Fiction Novels African American Erotica Action & Adventure Adult Top 100", "relevancy_score": 0.0, "price": "$7.48"}, {"title": "Mood Boards for Women: able is she (Paperback)", "tags": "Dragons, Unicorns & Mythical Creatures Kids' Books Literary Collections - American General Poetry Love Erotica Inspirational Religious Letters Mother's Day Literature Fiction by Female Poets", "relevancy_score": 0.0, "price": "$8.90"}, {"title": "Santa Monica (Paperback)", "tags": "", "relevancy_score": 0.0, "price": "$13.49"}, {"title": "Step Into Reading: Welcome to Camp! (Jurassic World: Camp Cretaceous) (Paperback)", "tags": "General Thriller & Suspense Books Comic-Con Dinosaurs Prehistoric Creatures Kids' Action Adventure Science Fiction Toys, Dolls Puppet Media Tie-In Teen Young Adult Jurassic World", "relevancy_score": 0.0, "price": "$5.69"}, {"title": "The Fortunate Ones : Beautiful and heartbreaking World War 2 historical fiction (Paperback)", "tags": "Fantasy Manga Contemporary Romance Books General Historical Fiction Novels African American Erotica Action & Adventure Adult Top 100", "relevancy_score": 0.0, "price": "$13.38"}, {"title": "The Herring Mysteries: The Maltese Herring (Paperback)", "tags": "Crime Thriller Books Police Procedural with Women Sleuths Cozy Mystery Suspense International & Detective", "relevancy_score": 0.0, "price": "$12.95"}, {"title": "The Kin of Ata Are Waiting for You (Paperback)", "tags": "Family Life Novels Psychological Religious General Fiction Books Literary Collections - Canadian Native American & Aboriginal Ghost College Back to School", "relevancy_score": 16.6596, "price": "$13.03"}, {"title": "Burning in Water, Drowning in Flame (Paperback)", "tags": "Dragons, Unicorns & Mythical Creatures Kids' Books Literary Collections - American General Poetry Love Erotica Inspirational Religious Letters Mother's Day Literature Fiction by Female Poets", "relevancy_score": 11.350690909090911, "price": "$13.36"}, {"title": "Miral : A Novel", "tags": "Women's History Month Fiction Classic Novels General Books Historical Beach Reads Contemporary Women Adult Top 100", "relevancy_score": 3.0889548387096775, "price": "$13.61"}, {"title": "Saving Sophie - Paperback", "tags": "Crime Thriller Books Police Procedural with Women Sleuths Cozy Mystery Suspense International & Detective", "relevancy_score": 0.0, "price": "$13.86"}, {"title": "The Atlas of Reds and Blues (Paperback)", "tags": "Women's History Month Fiction Classic Novels General Books Historical Beach Reads Contemporary Women Adult Top 100", "relevancy_score": 0.0, "price": "$14.50"}, {"title": "Jump and Other Stories", "tags": "Humor Novels Action & Adventure Horror Western Mystery Detective Collections Anthologies Traditional Books Supernatural Thriller Suspense", "relevancy_score": 8.350690909090911, "price": "$14.92"}, {"title": "Opening Your Hearts To Animals: A Guide To The Benefits Of Caring For Something Other Than Yourself.: Unleash the Power of Compassion! (Paperback)", "tags": "Family Life Novels Religious Historical Romance Books Short Story Romantic Comedy General Fantasy Humorous Contemporary Women", "relevancy_score": 0.0, "price": "$14.87"}, {"title": "A Room with a View by E.M. Forster, Fiction, Classics (Paperback)", "tags": "Banned Science Fiction & Fantasy Books Literary Novels Suspense College Back to School Adult Top 100 Classic", "relevancy_score": 0.0, "price": "$15.75"}, {"title": "Ask Me Again (Paperback)", "tags": "Small Town & Rural Novels Romance Collections Anthologies General Books Western Harlequin Contemporary Women Adult Fiction Top 100", "relevancy_score": 0.0, "price": "$16.37"}, {"title": "Thick as Thieves", "tags": "General Thriller & Suspense Books Psychological Crime Horror Novels Beach Reads Adult Fiction Top 100", "relevancy_score": 3.0889548387096775, "price": "$18.48"}, {"title": "The Wedding Dress : A Novel (Hardcover)", "tags": "Women's History Month Fiction Contemporary Romance Books Dogs Kids' Horses Beach Reads United States Adult Top 100", "relevancy_score": 38.98054736842105, "price": "$20.28"}, {"title": "Amish Marketplace Novel: The Farm Stand (Paperback)", "tags": "Harlequin Thriller Romance Religious Small Town & Rural Novels Contemporary Suspense Clean Wholesome Books", "relevancy_score": 20.324423529411764, "price": "$13.86"}, {"title": "The Woman in the Window (Paperback)", "tags": "Women's History Month Fiction Psychological Thriller Books Crime Mother's Day Gift Guide Literary Novels Beach Reads Suspense", "relevancy_score": 388.4795016393443, "price": "$7.98"}, {"title": "Ashes of Her Love (Paperback)", "tags": "", "relevancy_score": 0.0, "price": "$16.18"}, {"title": "Jack & Jill", "tags": "General Thriller & Suspense Books Crime Mystery Detective Adult Fiction Top 100", "relevancy_score": 65.83409999999999, "price": "$8.00"}, {"title": "Watchers", "tags": "Hard Science Fiction Books Apocalyptic & Post-Apocalyptic Girls Women Teen Young Adult Dystopian Novels Time Travel Horror Suspense", "relevancy_score": 190.26907368421053, "price": "$7.48"}, {"title": "A Second Glance (Paperback)", "tags": "Harlequin Western Small Town & Rural Novels Contemporary Romance Books Women Military Clean Wholesome", "relevancy_score": 0.0, "price": "$9.99"}, {"title": "The Outsider : A Novel", "tags": "General Thriller & Suspense Books Psychological Crime Horror Novels Beach Reads Adult Fiction Top 100", "relevancy_score": 0.0, "price": "$8.24"}, {"title": "Dying Breath (Paperback)", "tags": "General Thriller & Suspense Books Psychological Crime Horror Novels Beach Reads Adult Fiction Top 100", "relevancy_score": 0.0, "price": "$5.98"}, {"title": "The Lucky One", "tags": "Top 100 Books Harlequin Western Cartooning General Romance Historical Suspense Adult Fiction", "relevancy_score": 251.477514893617, "price": "$8.99"}, {"title": "Harvey Beckett Mystery: Publishable By Death (Paperback)", "tags": "Harlequin Thriller Psychological Books Contemporary Romance African American Suspense General Mystery & Detective Novels", "relevancy_score": 0.0, "price": "$0.99"}, {"title": "The Mistress", "tags": "Women's History Month Fiction General Books Historical Novels Suspense Romance Contemporary Fantasy Beach Reads Adult Top 100", "relevancy_score": 10.17235, "price": "$8.99"}, {"title": "Keep You Close: An Anthology (Paperback)", "tags": "Harlequin Thriller Contemporary Romance Books Suspense Beach Reads Holiday Adult Fiction Top 100", "relevancy_score": 0.0, "price": "$8.99"}, {"title": "The Stand", "tags": "Genetic Engineering Science Fiction Books Dystopian Novels General Horror Supernatural Thriller Mysteries, Thrillers & Suspense Adult Top 100", "relevancy_score": 763.457947826087, "price": "$13.69"}, {"title": "The Wedding", "tags": "Travel Essay & Travelogue Books General Romance Historical Fiction Suspense Beach Reads Adult Top 100", "relevancy_score": 147.82433972602738, "price": "$8.59"}, {"title": "Heaven and Earth", "tags": "Harlequin Thriller Small Town & Rural Novels Romance Collections Anthologies Fantasy Books Suspense Contemporary Women", "relevancy_score": 85.10304, "price": "$7.99"}, {"title": "Someone We Know (Paperback)", "tags": "Crime Thriller Books Psychological Novels Beach Reads Suspense Mysteries, Thrillers & Adult Fiction Top 100", "relevancy_score": 0.0, "price": "$13.58"}, {"title": "Ben Savage, Saloon Ranger: Buzzard's Bluff (Paperback)", "tags": "General Thriller & Suspense Books Midwest State Local United States History Short Story Western Novels African American Hockey Harry Potter MLB", "relevancy_score": 10.17235, "price": "$5.98"}, {"title": "Baby Yoda Notebook : Fivestar notebooks- baby yoda notebook -baby yoda mandalorian- baby yoda calendar- baby yoda gifts- 110 pages, 6 x 9 - Soft Cover, Matte Finish (Paperback)", "tags": "The Mandalorian Books Literary Novels Action & Adventure Science Fiction Beach Reads Contemporary Women General Kids' Adult Top 100", "relevancy_score": 10.17235, "price": "$11.49"}, {"title": "Broken Glass", "tags": "Crime Thriller Books Psychological Novels Saga Beach Reads Suspense Adult Fiction Top 100", "relevancy_score": 4.088954838709677, "price": "$9.59"}, {"title": "Dinosaur Rescue! (Jurassic World: Fallen Kingdom) (Paperback)", "tags": "General Thriller & Suspense Books Women's History Month Fiction Comic-Con Dinosaurs Prehistoric Creatures Kids' Toys, Dolls Puppet Media Tie-In Teen Young Adult Jurassic World", "relevancy_score": 0.0, "price": "$4.99"}, {"title": "The Sun Dog", "tags": "Literary Biographies & Memoirs Dystopian Novels Media Tie-In Supernatural Thriller Books Suspense Adult Fiction Top 100", "relevancy_score": 18.324423529411764, "price": "$8.47"}, {"title": "Savage Son : A Thriller", "tags": "General Thriller & Suspense Books Angelology Demonology Espionage Executive Branch Political Military Novels Adult Fiction Top 100", "relevancy_score": 5.088954838709677, "price": "$13.79"}, {"title": "Vendetta in Death : An Eve Dallas Novel (In Death, Book 49)", "tags": "Crime Thriller Books Romance Collections & Anthologies Suspense General Mystery Detective Adult Fiction Top 100", "relevancy_score": 20.324423529411764, "price": "$8.99"}, {"title": "Stone Barrington Novel: Choppy Water (Series #54) (Hardcover)", "tags": "General Thriller & Suspense Books Midwest State Local United States History Short Story Western Novels African American Hockey Harry Potter MLB", "relevancy_score": 0.0, "price": "$19.58"}, {"title": "Night School : A Jack Reacher Novel", "tags": "General Thriller & Suspense Books Psychological Crime Horror Novels Beach Reads Adult Fiction Top 100", "relevancy_score": 131.10414545454546, "price": "$9.98"}, {"title": "Clive Barker's Books of Blood 1-3", "tags": "Occult & Supernatural Novels Media Tie-In Thriller Books Suspense Mysteries, Thrillers Adult Fiction Top 100", "relevancy_score": 63.9192, "price": "$16.19"}, {"title": "Hank Fallon Western: Dead Time (Paperback)", "tags": "General Thriller & Suspense Books Classic Novels Short Story Western African American Hockey Harry Potter MLB", "relevancy_score": 10.17235, "price": "$7.90"}, {"title": "Out of the Attic", "tags": "War & Military Novels Psychological Thriller Books Family Life Physical Emotional Abuse Social Themes Teen Young Adult Historical Fiction MLB Top 100", "relevancy_score": 10.17235, "price": "$13.95"}, {"title": "Beneath the Attic", "tags": "War & Military Novels Psychological Thriller Books Physical Emotional Abuse Social Themes Teen Young Adult Historical Fiction Suspense Top 100", "relevancy_score": 0.0, "price": "$10.65"}, {"title": "El Alquimista : Una F\u00e1bula Para Seguir Tus Sue\u00f1os (Paperback)", "tags": "Ficcion Libros Para Ninos Motivational & Inspirational Self-Help Books Magical Realism Novels General Fiction Literary Erotica Classics Teen Young Adult Top 100", "relevancy_score": 1424.562945882353, "price": "$11.63"}, {"title": "Butterfly Bayou: Butterfly Bayou (Series #1) (Paperback)", "tags": "Small Town & Rural Novels Romance Collections Anthologies General Books Western Harlequin Contemporary Women Adult Fiction Top 100", "relevancy_score": 0.0, "price": "$7.99"}, {"title": "Death Is Not Enough", "tags": "General Thriller & Suspense Books Psychological Crime Horror Novels Beach Reads Adult Fiction Top 100", "relevancy_score": 0.0, "price": "$9.22"}, {"title": "Project Duchess", "tags": "Fantasy Manga Contemporary Romance Books General Historical Fiction Novels African American Erotica Action & Adventure Adult Top 100", "relevancy_score": 15.25069090909091, "price": "$5.98"}, {"title": "The Order", "tags": "General Thriller & Suspense Books War Military Novels Asian American Action Adventure NBA Political", "relevancy_score": 5.088954838709677, "price": "$21.10"}, {"title": "A Gathering of Secrets : A Kate Burkholder Novel", "tags": "General Thriller & Suspense Books Crime Romance Mystery Detective Adult Fiction Top 100", "relevancy_score": 75.79742978723405, "price": "$9.99"}, {"title": "Red Rising: Red Rising : Book 1 of the Red Rising Saga (Series #1) (Paperback)", "tags": "Action & Adventure Fantasy Books Motivational Inspirational Self-Help Novels General Science Fiction Contemporary Women Urban Comic Graphic", "relevancy_score": 494.21689411764703, "price": "$10.69"}, {"title": "The Lost Causes of Bleak Creek : A Novel", "tags": "Psychological Thriller Books Humor Novels Internet & Social Media Beach Reads Anecdotes Quotations Suspense Entertainment Performing Arts Biographies Memoirs", "relevancy_score": 44.736369230769235, "price": "$15.00"}, {"title": "Bullseye", "tags": "Crime Thriller Books General Mystery & Detective Police Procedural Suspense International Adult Fiction Top 100", "relevancy_score": 21.393942857142857, "price": "$9.99"}, {"title": "Royal Wedding, 2: A Royal Kiss & Tell (Paperback)", "tags": "Fantasy Manga Contemporary Romance Books General Historical Fiction Novels African American Erotica Action & Adventure Adult Top 100", "relevancy_score": 0.0, "price": "$7.48"}, {"title": "The Last Patriot : A Thriller", "tags": "General Fiction Books Police Procedural Suspense Political Novels Thriller Adult Top 100", "relevancy_score": 73.76667692307691, "price": "$10.38"}, {"title": "Married by Morning", "tags": "Fantasy Manga Contemporary Romance Books General Historical Fiction Novels African American Erotica Action & Adventure Adult Top 100", "relevancy_score": 108.75345454545455, "price": "$9.22"}, {"title": "Dark Lord: Star Wars Legends : The Rise of Darth Vader", "tags": "Presidents & Heads of State Biographies Memoirs Comic-Con Books Astrophysics Action Adventure Science Fiction General Comic Graphic Novels Adventurers Kids' Alien Contact", "relevancy_score": 33.93636923076924, "price": "$7.99"}, {"title": "Without Merit : A Novel", "tags": "Family Life Novels Contemporary Romance Books Historical Fiction Literary Beach Reads New Adult Top 100", "relevancy_score": 12.25069090909091, "price": "$12.78"}, {"title": "A Duke's Heiress Romance: Heiress for Hire (Paperback)", "tags": "Fantasy Manga Contemporary Romance Books General Historical Fiction Novels African American Erotica Action & Adventure Adult Top 100", "relevancy_score": 0.0, "price": "$7.99"}, {"title": "New York Confidential, 3: A Dangerous Game (Paperback)", "tags": "Small Town & Rural Novels Romance Collections Anthologies General Books Suspense Harlequin Contemporary Women Adult Fiction Top 100", "relevancy_score": 3.0889548387096775, "price": "$7.99"}, {"title": "Caught", "tags": "General Thriller & Suspense Books Psychological Crime Horror Novels Beach Reads Adult Fiction Top 100", "relevancy_score": 263.20473402061856, "price": "$9.99"}, {"title": "Classic Tales of Science Fiction & Fantasy", "tags": "Action & Adventure Fantasy Books Apocalyptic Post-Apocalyptic Science Fiction Anthologies Classic Novels Collections General Cyberpunk", "relevancy_score": 0.0, "price": "$18.51"}, {"title": "Crazy Rich Asians (Paperback)", "tags": "Bilingual Education Books Literary Novels Romantic Comedy General Historical Teen & Young Adult Individual Composer Artist Music Cultural Heritage Fiction Top 100", "relevancy_score": 0.0, "price": "$7.48"}, {"title": "Cottage by the Sea : A Novel", "tags": "Small Town & Rural Novels Romance Collections Anthologies General Books Harlequin Contemporary Beach Reads Women Clean Wholesome", "relevancy_score": 15.25069090909091, "price": "$5.98"}, {"title": "Near Dark : A Thriller", "tags": "All 4K Ultra HD Movies Family Drama New Release DVD Action & Adventure Comedy Children", "relevancy_score": 0.0, "price": "$17.39"}, {"title": "The Notebook", "tags": "Contemporary Romance Books General Fiction Suspense Beach Reads Erotica Adult Top 100", "relevancy_score": 634.3175574468086, "price": "$17.99"}, {"title": "Sycamore Row", "tags": "General Thriller & Suspense Books Psychological Crime Horror Novels Beach Reads Adult Fiction Top 100", "relevancy_score": 371.8444275862069, "price": "$22.04"}, {"title": "This Is Happiness", "tags": "Top 100 Books Women's History Month Fiction Beach Reads College Back to School Political Novels Adult Banned Literary Classic", "relevancy_score": 0.0, "price": "$21.01"}, {"title": "The Portrait of a Lady", "tags": "Banned Science Fiction & Fantasy Books Literary Novels Suspense College Back to School Adult Top 100 Classic", "relevancy_score": 207.5104101265823, "price": "$21.33"}, {"title": "Collected Works of Ingersoll Lockwood: The Baron Trump Novels & 1900; Or, The Last President (Paperback)", "tags": "Action & Adventure Novels Literary General Fantasy Books Visionary Metaphysical Beach Reads Contemporary Women Adult Fiction Top 100", "relevancy_score": 0.0, "price": "$16.40"}, {"title": "Siddhartha : A Novel", "tags": "Women's History Month Fiction Classic Novels General Books Historical Beach Reads Contemporary Women Adult Top 100", "relevancy_score": 439.18706206896553, "price": "$7.06"}, {"title": "The Rupi Kaur Boxed Set", "tags": "Women's History Month Fiction Adult Non-Fiction Top 100 Erotica Art Books Northeast United States Travel Books, Maps & Guides Love Poetry Mother's Day Gift Guide Literature by Female Poets", "relevancy_score": 0.0, "price": "$21.49"}, {"title": "Jonathan Livingston Seagull : The Complete Edition", "tags": "Top 100 Books Paranormal Fantasy Comic-Con Action & Adventure Novels Literary Western Contemporary General", "relevancy_score": 205.8384, "price": "$5.99"}, {"title": "Comfort & Joy : A Novel", "tags": "Time Travel Romance Books Women's History Month Fiction Family Life Novels Historical Mother's Day Literature & Adult Top 100", "relevancy_score": 85.13548235294118, "price": "$7.99"}, {"title": "The Tattooist of Auschwitz (Hardcover)", "tags": "Jewish Novels Women's History Month Fiction Literary Beach Reads Cultural Heritage Adult Top 100", "relevancy_score": 185.66907368421053, "price": "$19.09"}, {"title": "Virgil Flowers Novel: Bloody Genius (Series #12) (Paperback)", "tags": "General Thriller & Suspense Books Psychological Crime Mystery Detective Police Procedural Adult Fiction Top 100", "relevancy_score": 5.088954838709677, "price": "$8.49"}, {"title": "Bombshell", "tags": "General Thriller & Suspense Books Midwest State Local United States History Short Story Western Novels African American Hockey Harry Potter MLB", "relevancy_score": 5.088954838709677, "price": "$13.99"}, {"title": "Amish of Birch Creek Novel: A Reluctant Bride (Paperback)", "tags": "Harlequin Thriller Romance Religious Small Town & Rural Novels Suspense Books Clean Wholesome", "relevancy_score": 16.324423529411764, "price": "$7.18"}, {"title": "The Babysitter", "tags": "General Thriller & Suspense Books Psychological Crime Horror Novels Beach Reads Adult Fiction Top 100", "relevancy_score": 4.088954838709677, "price": "$4.98"}, {"title": "The Lord of the Rings : 50th Anniversary Edition", "tags": "Action & Adventure Fantasy Books Comic-Con The Witcher Classic Novels General Teen Young Adult Fiction Top 100", "relevancy_score": 94.16927346938776, "price": "$58.56"}, {"title": "Cemetery Road (Paperback)", "tags": "Crime Thriller Books Legal Novels Beach Reads Suspense Mystery & Detective Adult Fiction Top 100", "relevancy_score": 0.0, "price": "$9.99"}, {"title": "Elevation (Paperback)", "tags": "Media Tie-In Novels Anthologies Horror Supernatural Thriller Books Design, Drafting, Drawing & Presentation Expeditions Discoveries History Adult Fiction Top 100", "relevancy_score": 144.26497500000002, "price": "$9.26"}, {"title": "Krewe of Hunters, 16: The Forgotten (Paperback)", "tags": "Psychological Novels Fantasy Romance Books General Suspense Visionary & Metaphysical Supernatural Thriller Ghost", "relevancy_score": 6.17235, "price": "$5.98"}, {"title": "A Country Wedding : Based on the Hallmark Channel Original Movie (Paperback)", "tags": "Sports Romance Books Hallmark Relationships Contemporary Western Holiday Novels Clean & Wholesome", "relevancy_score": 4.088954838709677, "price": "$12.12"}, {"title": "Butterfly 2", "tags": "General Thriller & Suspense Books Contemporary Romance Action Adventure Novels Fiction Literary African American Urban Adult Top 100", "relevancy_score": 5.088954838709677, "price": "$13.59"}, {"title": "Butterfly", "tags": "General Thriller & Suspense Books Contemporary Romance Action Adventure Novels Fiction Literary African American Urban Adult Top 100", "relevancy_score": 10.17235, "price": "$10.11"}, {"title": "Treason", "tags": "General Thriller & Suspense Books Midwest State Local United States History Short Story Western Novels African American Hockey Harry Potter MLB", "relevancy_score": 0.0, "price": "$20.91"}, {"title": "Escape Clause", "tags": "General Thriller & Suspense Books Psychological Crime Police Procedural Adult Fiction Top 100", "relevancy_score": 58.27741818181817, "price": "$10.79"}, {"title": "Blowback : A Thriller", "tags": "Crime Thriller Books General Fiction Police Procedural Suspense Political Novels Mystery & Detective", "relevancy_score": 40.6894, "price": "$9.99"}, {"title": "The Bridal Suite", "tags": "Contemporary Romance Books Action & Adventure Novels Literary African American Harlequin Beach Reads Urban Adult Fiction Top 100", "relevancy_score": 0.0, "price": "$12.10"}, {"title": "Amish of Pontotoc: An Amish Husband for Tillie (Paperback)", "tags": "Amish & Mennonite Novels Hallmark Books Religious Suspense Romance Harlequin Contemporary Clean Wholesome", "relevancy_score": 28.6596, "price": "$8.99"}, {"title": "Harl Mmp 2in1 Summer Reads: Her Secret Seduction (Paperback)", "tags": "Small Town & Rural Novels Romance Collections Anthologies General Books Western Harlequin Contemporary Women Adult Fiction Top 100", "relevancy_score": 0.0, "price": "$5.24"}, {"title": "Bourbon Brothers, 4: A Reunion of Rivals (Paperback)", "tags": "Harlequin Western Multicultural & Interracial Romance Books Contemporary Historical African American Novels", "relevancy_score": 0.0, "price": "$7.64"}, {"title": "Painted Pony Creek, 1: Country Strong (Paperback)", "tags": "Harlequin Western Small Town & Rural Novels African American Romance Books Contemporary Clean Wholesome", "relevancy_score": 0.0, "price": "$7.94"}, {"title": "Carl Weber's Kingpins: Harlem (Paperback)", "tags": "Contemporary Romance Books Action & Adventure Novels Literary African American Harlequin Beach Reads Urban Adult Fiction Top 100", "relevancy_score": 0.0, "price": "$5.98"}, {"title": "Sugar Cookie Murder", "tags": "General American Poetry Books Hallmark Mystery & Detective Historical Traditional with Women Sleuths Guides Reviews Private Investigator", "relevancy_score": 53.2341, "price": "$7.99"}, {"title": "Brave New World and Brave New World Revisited (Paperback)", "tags": "Kids' Activity Books Genetic Engineering Science Fiction Fantasy Comic for Kids Birdwatching Guide General Collections & Anthologies German History King James Version", "relevancy_score": 39.23984390243903, "price": "$7.75"}, {"title": "Before We Were Yours : A Novel", "tags": "Women's History Month Fiction Historical Romance Books Literary Novels African American Beach Reads Contemporary Women Adult Top 100", "relevancy_score": 44.736369230769235, "price": "$17.00"}, {"title": "One Dark Night: An Absolutely Gripping Crime Thriller with Unputdownable Mystery and Suspense (Paperback)", "tags": "Psychological Thriller Books Novels General Mystery & Detective Police Procedural Suspense Private Investigator Crime", "relevancy_score": 16.324423529411764, "price": "$13.88"}, {"title": "The Rose That Grew from Concrete (Paperback)", "tags": "Orchestral Strings All Woodwind Instruments Basic Violins Musical Instrument Accessories Guitar Pickups Pianos Shop Piano Keyboards by Size", "relevancy_score": 24.393942857142857, "price": "$6.75"}, {"title": "The Gift of Family", "tags": "Harlequin Western Hallmark Books Romance Collections & Anthologies Contemporary Romantic Comedy Classic Allegory Holiday Clean Wholesome", "relevancy_score": 0.0, "price": "$17.98"}, {"title": "Court of Thorns and Roses: A Court of Mist and Fury (Series #2) (Hardcover)", "tags": "Action & Adventure Fantasy Books Dark General Romance Teen Young Adult Science Fiction, Magic Kids' Top 100", "relevancy_score": 0.0, "price": "$21.01"}, {"title": "Inn Boonsboro Trilogy: The Last Boyfriend (Series #02) (Paperback)", "tags": "Harlequin Thriller Small Town & Rural Novels Romance Collections Anthologies Suspense Books Contemporary Beach Reads Women", "relevancy_score": 117.35543050847457, "price": "$5.98"}, {"title": "American Gods: The Tenth Anniversary Edition", "tags": "Top 100 Books Comic-Con Humor Novels Literary Contemporary Fantasy General Fairy Tales, Folk Legends & Mythology MLB", "relevancy_score": 317.6844411214953, "price": "$9.99"}, {"title": "A Breath of Snow and Ashes", "tags": "Time Travel Romance Books General Historical Fiction Novels Fantasy Beach Reads Adult Top 100", "relevancy_score": 258.0485010989011, "price": "$16.79"}, {"title": "The Green Kangaroos (Paperback)", "tags": "General Thriller & Suspense Books Psychological Police Procedural Crime Mystery Detective Adult Fiction Top 100", "relevancy_score": 0.0, "price": "$17.91"}, {"title": "The Box and The Bird (Paperback)", "tags": "General Thriller & Suspense Books Midwest State Local United States History Short Story Western Novels African American Hockey Harry Potter MLB", "relevancy_score": 0.0, "price": "$0.99"}, {"title": "Dying to Cross: The Worst Immigrant Tragedy in American History (Paperback)", "tags": "Midwest State & Local United States History Books Criminals Outlaws Biographies Memoirs Cults Murder True Crime Meetings Presentations in Business Regional Photography Law Enforcement Political", "relevancy_score": 2.0889548387096775, "price": "$5.75"}, {"title": "The HEART of The Matter (Paperback)", "tags": "Literary Collections - American English, Irish, Scottish & Welsh Criticism Books Letters Romance Anthologies Short Story Mystery Detective Noir Novels Ghost", "relevancy_score": 0.0, "price": "$0.99"}, {"title": "Starguards - Of Humans, Heroes, and Demigods: The Magna Aura Genesis (Paperback)", "tags": "ESP Global Warming & Climate Change Science Books Emotions Psychology Psychoanalysis Movement in Neuropsychology Fiction Comic Graphic Novels Card Game Adventure Adventurers Kids'", "relevancy_score": 0.0, "price": "$0.99"}, {"title": "Black Pages: Playing Dead: A Novel of The Black Pages (Paperback)", "tags": "Top 100 Books Paranormal Fantasy Comic-Con Action & Adventure Novels Literary Western Contemporary General", "relevancy_score": 0.0, "price": "$0.99"}, {"title": "Liquid Cool: Biopunk Blues (Liquid Cool, Book 7): The Cyberpunk Detective Series (Paperback)", "tags": "NHL Books Crime Thriller Hard-Boiled Mystery Historical Traditional & Detective Cozy Suspense", "relevancy_score": 0.0, "price": "$0.99"}, {"title": "Lethal White", "tags": "NHL Books Crime Thriller Men's Issues Hard-Boiled Mystery Historical Traditional & Detective Cozy", "relevancy_score": 177.92433972602737, "price": "$6.99"}, {"title": "The Summer House", "tags": "Legal Thriller Books Crime Contemporary Romance Women Novels Suspense Adult Fiction Top 100", "relevancy_score": 37.38054736842105, "price": "$19.44"}, {"title": "In the Time of the Butterflies - Paperback", "tags": "Women's History Month Fiction Classic Novels General Books Historical Beach Reads Contemporary Women Adult Top 100", "relevancy_score": 165.3586434782609, "price": "$14.42"}, {"title": "The Christmas Table (Hardcover)", "tags": "Harlequin Western Hallmark Books Romance Collections & Anthologies Contemporary Romantic Comedy Classic Allegory Holiday Clean Wholesome", "relevancy_score": 0.0, "price": "$15.02"}, {"title": "Remembering Tomorrow: Dune (Paperback)", "tags": "Banned Science Fiction & Fantasy Books Literary Novels General Space Opera College Back to School Adult Top 100 Classic", "relevancy_score": 948.426688, "price": "$9.95"}, {"title": "This Tender Land (Hardcover)", "tags": "General Thriller & Suspense Books Literary Novels Short Story Western African American Hockey Harry Potter MLB", "relevancy_score": 0.0, "price": "$37.06"}, {"title": "Noel Collection: Noel Street (Hardcover)", "tags": "Harlequin Western Hallmark Books Romance Collections & Anthologies Contemporary Romantic Comedy Classic Allegory Holiday Clean Wholesome", "relevancy_score": 0.0, "price": "$7.99"}, {"title": "Flint : A Novel", "tags": "NHL Books Midwest State & Local United States History Action Adventure Novels Short Story Hockey of Automotive Transportation Romance MLB", "relevancy_score": 22.393942857142857, "price": "$7.01"}, {"title": "The Woman in the Woods : A Thriller", "tags": "Crime Thriller Books Psychological Novels Action & Adventure Police Procedural Beach Reads Suspense Mystery Detective", "relevancy_score": 0.0, "price": "$4.99"}, {"title": "Frozen Coloring Book : Jumbo Coloring Book for Kids Ages 3-7, Frozen Coloring Book (Unofficial) (Paperback)", "tags": "Kids' Activity Books Book Printing & Binding Crafts Hobbies Girls Women Paw Patrol for Children Frozen", "relevancy_score": 5.088954838709677, "price": "$12.68"}, {"title": "The Rise of Magicks : Chronicles of the One, Book 3", "tags": "Paranormal Fantasy Books Apocalyptic & Post-Apocalyptic Science Fiction Romance Collections Anthologies Contemporary Harlequin Supernatural Thriller Adult Top 100", "relevancy_score": 55.73984390243903, "price": "$14.49"}, {"title": "Nocturnal", "tags": "Mixed Media Art Books General American Poetry Adult Non-Fiction Top 100 Literary Collections - Sleep & Disorders Inspirational Religious Letters Mother's Day Literature Fiction", "relevancy_score": 5.088954838709677, "price": "$13.28"}, {"title": "Neapolitan Novels: My Brilliant Friend (Paperback)", "tags": "Classic Novels General Fiction Books Historical Saga Beach Reads Coming of Age Adult Top 100", "relevancy_score": 351.6795016393442, "price": "$14.46"}, {"title": "Virgin River Novel, 14: Bring Me Home for Christmas (Paperback)", "tags": "Small Town & Rural Novels General Romance Books Harlequin Contemporary Women Holiday Clean Wholesome Adult Fiction Top 100", "relevancy_score": 49.13984390243903, "price": "$8.83"}, {"title": "Forever Words : The Unknown Poems (Paperback)", "tags": "Dragons, Unicorns & Mythical Creatures Kids' Books Literary Collections - American General Poetry Love Erotica Inspirational Religious Letters Mother's Day Literature Fiction by Female Poets", "relevancy_score": 0.0, "price": "$16.50"}, {"title": "Murder, She Wrote: Skating on Thin Ice", "tags": "Fantasy Manga Suspense Romance Books General Mystery & Detective Police Procedural Traditional Cozy Crime", "relevancy_score": 4.088954838709677, "price": "$7.59"}, {"title": "After We Fell", "tags": "Women's History Month Fiction Historical Novels Literary Beach Reads Contemporary Women New Adult Romance Books Top 100", "relevancy_score": 40.58054736842105, "price": "$16.79"}, {"title": "Firestarter", "tags": "Genetic Engineering Science Fiction Books Supernatural Thriller Technological Suspense Mysteries, Thrillers & Adult Top 100", "relevancy_score": 144.98486153846153, "price": "$7.48"}, {"title": "The Chef", "tags": "Legal Thriller Books Psychological Crime Police Procedural Political Mystery & Detective Adult Fiction Top 100", "relevancy_score": 5.088954838709677, "price": "$9.98"}, {"title": "Written in My Own Heart's Blood : A Novel", "tags": "Time Travel Romance Books Fantasy General Historical Beach Reads Adult Fiction Top 100", "relevancy_score": 221.72350000000003, "price": "$9.99"}, {"title": "After", "tags": "Psychological Thriller Books Contemporary Romance Literary Novels Young Adult Top 100 Beach Reads Women New", "relevancy_score": 59.58788571428572, "price": "$6.99"}, {"title": "Endeavour: The Complete Fifth Season (Masterpiece) (Blu-ray)", "tags": "General American Poetry Books Hallmark Mystery & Detective Historical Traditional with Women Sleuths Guides Reviews Private Investigator", "relevancy_score": 9.17235, "price": "$30.44"}, {"title": "Naughty Bedtime Stories", "tags": "Small Town & Rural Novels Romance Collections Anthologies General Books Harlequin Contemporary Women Erotica Adult Fiction Top 100", "relevancy_score": 0.0, "price": "$13.30"}, {"title": "Atlee Pine Thriller: Daylight (Series #3) (Hardcover)", "tags": "General Thriller & Suspense Books Psychological Crime Horror Novels Beach Reads Adult Fiction Top 100", "relevancy_score": 0.0, "price": "$20.30"}, {"title": "Lego Jurassic World: Owen's Guide to Survival (Paperback)", "tags": "Kids' Activity Books Jurassic Park Baby - Age 2 Toys, Dolls & Puppet Beginner Reading Angry Birds World Summer Picture", "relevancy_score": 0.0, "price": "$7.35"}, {"title": "Dune Messiah", "tags": "Banned Science Fiction & Fantasy Books Literary Novels Suspense College Back to School Adult Top 100 Classic", "relevancy_score": 0.0, "price": "$9.99"}, {"title": "Shadows in Death : An Eve Dallas Novel (In Death, Book 51)", "tags": "General Thriller & Suspense Books Crime Romance Mystery Detective Adult Fiction Top 100", "relevancy_score": 0.0, "price": "$17.48"}, {"title": "The Dark Side (Paperback)", "tags": "Harlequin Thriller Romance Collections & Anthologies Contemporary Books General Suspense Beach Reads", "relevancy_score": 6.17235, "price": "$6.74"}, {"title": "Pet Sematary (Paperback)", "tags": "Occult & Supernatural Novels Media Tie-In Thriller Books Suspense Mysteries, Thrillers Adult Fiction Top 100", "relevancy_score": 337.3916, "price": "$9.93"}, {"title": "Twin Peaks : The Final Dossier", "tags": "Football Kids' Books Horror Novels General TV Ghost Urban Fantasy Mysteries, Thrillers & Suspense", "relevancy_score": 0.0, "price": "$7.20"}, {"title": "The Housekeeper : A twisted psychological thriller (Paperback)", "tags": "Crime Thriller Books Psychological Novels Beach Reads Suspense Mystery & Detective Adult Fiction Top 100", "relevancy_score": 0.0, "price": "$13.99"}, {"title": "Winter Stroll", "tags": "Women's History Month Fiction Family Life Novels Contemporary Romance Books Historical Literary Beach Reads Adult Top 100", "relevancy_score": 25.6596, "price": "$5.98"}, {"title": "Sweet Magnolias Novel, 2: A Slice of Heaven (Paperback)", "tags": "Family Life Novels Small Town & Rural General Romance Books Literary Harlequin Contemporary Beach Reads Women Clean Wholesome", "relevancy_score": 6.17235, "price": "$6.74"}, {"title": "11/22/63 : A Novel", "tags": "General Fiction Books Horror Novels Suspense Mysteries, Thrillers & Adult Top 100 Media Communications Industry", "relevancy_score": 1430.1290696132596, "price": "$13.49"}, {"title": "The Only Good Indians", "tags": "Occult & Supernatural Novels Media Tie-In Thriller Books Suspense Mysteries, Thrillers Adult Fiction Top 100", "relevancy_score": 14.350690909090911, "price": "$18.80"}, {"title": "Lethal Justice", "tags": "General Thriller & Suspense Books Midwest State Local United States History Short Story Western Novels African American Hockey Harry Potter MLB", "relevancy_score": 3.0889548387096775, "price": "$7.59"}, {"title": "Second Star to the Right", "tags": "Small Town & Rural Novels Romance Collections Anthologies General Books Harlequin Contemporary Women Adult Fiction Top 100 Emotions Feelings Social Themes Teen Young", "relevancy_score": 14.350690909090911, "price": "$16.58"}, {"title": "Toy Story 4 Coloring Book : Toy Story 4 Jumbo Coloring Book With High Quality Images For All Ages Based On 2019 Cartoon(Unofficial) (Paperback)", "tags": "Architecture Kids' Books Funny General Fiction Short Story Western Novels Baby - Age 2 Paw Patrol Toys, Dolls & Puppet", "relevancy_score": 0.0, "price": "$14.47"}, {"title": "Three-Body Problem Boxed Set : (The Three-Body Problem, The Dark Forest, Death's End)", "tags": "Futuristic Hard Science Fiction Books Banned & Fantasy Time Travel General Military Space Opera Literary Classic", "relevancy_score": 0.0, "price": "$41.18"}, {"title": "Gone with the Wind", "tags": "Science Fiction Teen & Young Adult Books General Social Themes Historical Romance Novels Literary Quiz Dystopian Top 100", "relevancy_score": 852.8798465753424, "price": "$15.28"}, {"title": "Dracula (Paperback)", "tags": "Horror Novels Literary Toys, Dolls & Puppet Kids' Books College Back to School History Adult Fiction Top 100 Banned Classic", "relevancy_score": 1060.27035, "price": "$8.61"}, {"title": "Master of the Game", "tags": "General Thriller & Suspense Books Psychological Crime Horror Novels Beach Reads Adult Fiction Top 100", "relevancy_score": 29.221708108108103, "price": "$8.02"}, {"title": "Hide and Seek", "tags": "General Thriller & Suspense Books Midwest State Local United States History Short Story Western Novels African American Hockey Harry Potter MLB", "relevancy_score": 7.150690909090908, "price": "$7.59"}, {"title": "Detective Josie Quinn: Cold Heart Creek: A nail-biting and gripping mystery suspense thriller (Paperback)", "tags": "Psychological Thriller Books Crime General Mystery & Detective with Women Sleuths Suspense Alternative History Novels", "relevancy_score": 0.0, "price": "$10.99"}, {"title": "Unfinished Business: A Madaris Novel", "tags": "Harlequin Western Multicultural & Interracial Romance Books Contemporary Historical African American Novels", "relevancy_score": 0.0, "price": "$2.99"}, {"title": "The Savior", "tags": "Fantasy Romance Books General Supernatural Thriller Beach Reads Urban Military Adult Fiction Top 100", "relevancy_score": 5.088954838709677, "price": "$12.44"}, {"title": "Walt Longmire Mystery: Any Other Name: A Longmire Mystery (Hardcover)(Large Print)", "tags": "Women's History Month Fiction Classic Novels General Books Historical Beach Reads Contemporary Women Adult Top 100", "relevancy_score": 54.787885714285714, "price": "$13.38"}, {"title": "Baer Creighton: Blunt Force Kindness (Paperback)", "tags": "Psychological Thriller Books General Baseball Prejudice & Racism Social Themes Teen Young Adult Small Town Rural Novels Anthologies Horror Mystery Detective Collections MLB", "relevancy_score": 0.0, "price": "$15.99"}, {"title": "Psycho : A Novel", "tags": "Banned Science Fiction & Fantasy Books Literary Novels Suspense College Back to School Mysteries, Thrillers Adult Top 100 Classic", "relevancy_score": 85.13548235294118, "price": "$14.95"}, {"title": "Amish Village Mystery: Murder Freshly Baked (Paperback)", "tags": "Romance Books with Women Sleuths Cozy Mystery Suspense International & Crime Detective", "relevancy_score": 30.621708108108106, "price": "$15.78"}, {"title": "The Western Star : A Longmire Mystery", "tags": "Crime Thriller Books Police Procedural with Women Sleuths Cozy Mystery Suspense International & Detective", "relevancy_score": 35.736369230769235, "price": "$11.99"}, {"title": "Dragonfly in Amber : A Novel", "tags": "Time Travel Romance Books Mother's Day Gift Guide General Historical Fiction Novels Fantasy Beach Reads Adult Top 100", "relevancy_score": 559.8592385542167, "price": "$9.37"}, {"title": "Midnight: Midnight and the Meaning of Love (Series #2) (Paperback)", "tags": "Contemporary Romance Books Action & Adventure Novels General Fiction Literary African American Studies Urban Adult Top 100", "relevancy_score": 5.088954838709677, "price": "$15.77"}, {"title": "Nos4a2 [tv Tie-In] (Paperback)", "tags": "General Thriller & Suspense Books Psychological Novels Dystopian Ghost Mysteries, Thrillers Adult Fiction Top 100", "relevancy_score": 492.3831, "price": "$15.46"}, {"title": "The Sword of Truth, Boxed Set I, Books 1-3 : Wizard's First Rule, Stone of Tears, Blood of the Fold", "tags": "Kids' Activity Books Psychological Thriller Dark Fantasy Novels Literary General Mystery & Detective Mysteries, Thrillers Suspense", "relevancy_score": 52.43984390243903, "price": "$21.57"}, {"title": "A Moment of Silence : Midnight III", "tags": "Contemporary Romance Books Action & Adventure Novels General Fiction Literary African American Studies Urban Adult Top 100", "relevancy_score": 5.088954838709677, "price": "$7.19"}, {"title": "Secret Brother", "tags": "War & Military Novels Psychological Thriller Books Family Life Historical Romance Fiction Literary MLB", "relevancy_score": 0.0, "price": "$10.46"}, {"title": "Heathcliff Lennox: Murder at Melrose Court : A 1920s Country House Christmas Murder (Series #1) (Paperback)", "tags": "Historical Mystery Books Police Procedural with Women Sleuths Cozy Suspense International & Crime Detective", "relevancy_score": 0.0, "price": "$13.28"}, {"title": "Written in My Own Heart's Blood : A Novel", "tags": "", "relevancy_score": 262.8175090909091, "price": "$25.59"}, {"title": "America's First Daughter (Paperback)", "tags": "Women's History Month Fiction Literary Novels Historical Fantasy Books Beach Reads Contemporary Women Biographical Adult Top 100", "relevancy_score": 109.29669433962265, "price": "$13.94"}, {"title": "The Wind Through the Keyhole : A Dark Tower Novel", "tags": "Fantasy Comic Books & Graphic Novels Action Adventure Media Tie-In Epic Humorous Mysteries, Thrillers Suspense MLB", "relevancy_score": 251.21750909090906, "price": "$14.08"}, {"title": "Native American Legends: Sioux Legends Of The Lakota, Dakota, And Nakota Indians (Paperback)", "tags": "Short Story Books Western Novels Police Procedural Visionary & Metaphysical Beach Reads Cultural Heritage Coming of Age Literary Collections - African", "relevancy_score": 0.0, "price": "$27.77"}, {"title": "1001 Dark Nights: When Irish Eyes Are Haunting: A Krewe of Hunters Novella (Paperback)", "tags": "Witchcraft Magick Studies General Taxation Books Romance Collections & Anthologies Law Personal Finance Models Crafts Hobbies", "relevancy_score": 3.0889548387096775, "price": "$12.44"}, {"title": "The Secret History of Twin Peaks : A Novel", "tags": "Comic-Con Books Film & Video Art Road Travel Books, Maps Guides Media Tie-In Novels TV Science Fiction, Fantasy Horror Supernatural Thriller General Cookbooks Popular Culture", "relevancy_score": 5.088954838709677, "price": "$12.98"}, {"title": "Say You're Sorry", "tags": "Psychological Thriller Books Adult Non-Fiction Top 100 Pregnancy & Childbirth Horror Novels Imagination Play Kids' Fiction", "relevancy_score": 0.0, "price": "$5.98"}, {"title": "The First and Second Books of Adam and Eve", "tags": "Channeling & Mediumship Midwest State Local United States History Books 20th Century Modern English, Irish, Scottish Welsh Poetry Rhetoric Circus Ancient Classical Philosophy Medical Novels", "relevancy_score": 0.0, "price": "$27.16"}, {"title": "Turn Coat", "tags": "Occult & Supernatural Novels Contemporary Fantasy Books Epic General Humorous Beach Reads Urban Adult Fiction Top 100", "relevancy_score": 315.85441553398056, "price": "$9.99"}, {"title": "Skin Trade : An Anita Blake, Vampire Hunter Novel", "tags": "Women's History Month Fiction Fantasy Romance Books General Horror Novels Supernatural Thriller Military Adult Top 100", "relevancy_score": 113.00140327868853, "price": "$8.99"}, {"title": "The Other Americans (Paperback)", "tags": "Women's History Month Fiction Classic Novels General Books Historical Beach Reads Contemporary Women Adult Top 100", "relevancy_score": 0.0, "price": "$16.00"}, {"title": "Saxon Tales: Warriors of the Storm (Paperback)", "tags": "General Thriller & Suspense Books War Military Novels Short Story Western African American Hockey Harry Potter MLB", "relevancy_score": 21.393942857142857, "price": "$14.99"}, {"title": "Bird in Hand (Paperback)", "tags": "General Romance Books Literary Novels Visionary & Metaphysical Beach Reads Contemporary Women Suspense Adult Fiction Top 100", "relevancy_score": 79.39669433962264, "price": "$13.28"}, {"title": "Sea Change", "tags": "Psychological Thriller Books Police Procedural Suspense Private Investigator Crime Mystery & Detective Adult Fiction Top 100", "relevancy_score": 42.787885714285714, "price": "$9.99"}, {"title": "Death in Paradise", "tags": "NHL Books Crime Thriller Hard-Boiled Mystery Historical Traditional & Detective Cozy Suspense", "relevancy_score": 40.33984390243903, "price": "$9.57"}, {"title": "The Hill of the Ravens (Paperback)", "tags": "Women's History Month Fiction Classic Novels General Books Historical Beach Reads Contemporary Women Adult Top 100", "relevancy_score": 0.0, "price": "$27.99"}, {"title": "Not Easily Broken : A Novel", "tags": "General Romance Books Literary Novels Visionary & Metaphysical Beach Reads Contemporary Women Suspense Adult Fiction Top 100", "relevancy_score": 0.0, "price": "$16.10"}, {"title": "Wicked Appetite", "tags": "Fantasy Manga Suspense Romance Books General Mystery & Detective Police Procedural Traditional Cozy Crime", "relevancy_score": 302.37389752066116, "price": "$9.57"}, {"title": "Titus Crow, Volume 2 : The Clock of Dreams; Spawn of the Winds", "tags": "Occult & Supernatural Novels Media Tie-In Thriller Books Suspense Mysteries, Thrillers Adult Fiction Top 100", "relevancy_score": 0.0, "price": "$18.50"}, {"title": "Compendio Del Manual De Urbanidad Y Buenas Maneras : Arreglado [por El Mismo] Para El Uso De Las Escuelas De Ambos Sexos... (Paperback)", "tags": "Channeling & Mediumship Midwest State Local United States History Books 20th Century Modern English, Irish, Scottish Welsh Poetry Rhetoric Circus Ancient Classical Philosophy Medical Novels", "relevancy_score": 0.0, "price": "$26.52"}, {"title": "Gorean Saga: Outlaw of Gor (Paperback)", "tags": "Dark Fantasy Books Classic Novels Epic General Beach Reads Contemporary Women Adult Fiction Top 100", "relevancy_score": 7.17235, "price": "$12.99"}, {"title": "The Winter of My Love : An Unforeseen Pregnancy is Just the Beginning of Their Story", "tags": "Small Town & Rural Novels Romance Collections Anthologies General Books Western Harlequin Contemporary Women Adult Fiction Top 100", "relevancy_score": 0.0, "price": "$13.28"}, {"title": "Perry Mason Mysteries: The Case of the Green-Eyed Sister (Series #4) (Paperback)", "tags": "Women's History Month Fiction Mystery & Detective Collections Anthologies Historical Books with Women Sleuths Cozy Private Investigator International Crime", "relevancy_score": 0.0, "price": "$17.99"}]