[{"title": "Best Choice Products Beginners Acoustic Guitar with Case, Strap, Tuner and Pick, Blue", "tags": "Guitar Accessories Value Packs Kids Acoustic Guitars All Ukuleles String Instruments Musical Classroom Beginner", "relevancy_score": 5791.81092704577, "price": "$49.99"}, {"title": "Best Choice Products 61-Key Electronic Keyboard w/ Light-Up Keys, 3 Teaching Modes, H-Stand, Stool, Headphones - Black", "tags": "Portable Keyboards Bundles Beginner Musical Classroom Shop Piano by Size Electronic with Stand Instruments", "relevancy_score": 1338.921776146789, "price": "$114.99"}, {"title": "Blue Microphones Yeti USB Desktop Microphone", "tags": "Dynamic Microphones Podcasting Bundles Shop All Karaoke Machine Accessories Blue Wireless Stands and Booms USB", "relevancy_score": 402.4053090909091, "price": "$179.99"}, {"title": "Learn to Play Kona Acoustic Guitar Starter Pack For Dummies\u00ae", "tags": "Guitar Accessories Sawtooth Acoustic Guitars Kids Strings String Instruments Musical Classroom Beginner", "relevancy_score": 1212.404131147541, "price": "$89.95"}, {"title": "Gymax Kids Electronic Keyboard Piano MP3 Input 37 Key Microphone Stool Toy", "tags": "61-Key Portable keyboards Keyboards Bundles Beginner Musical Classroom Shop Piano by Size Instruments Kids Pianos &", "relevancy_score": 18.4444, "price": "$49.99"}, {"title": "Costway 54 Keys Music Electronic Keyboard Kid Electric Piano Organ W/Mic & Adapter", "tags": "61-Key Portable keyboards Keyboards Bundles Beginner Musical Classroom Electronic with Stand Instruments", "relevancy_score": 431.16645, "price": "$32.99"}, {"title": "Tzumi PopSolo Wireless Bluetooth Karaoke Microphone (Rose Gold)", "tags": "All Karaoke Machines Systems Shop Microphones Machine by Price Accessories Wireless", "relevancy_score": 391.5264639999999, "price": "$17.49"}, {"title": "BM-700 Studio Recording Condenser Microphone & NB-35 Adjustable Arm Stand & Shock Mount & Pop Filter", "tags": "All Musical Instrument Accessories Dynamic Microphones Podcasting Bundles Shop Blue Condenser Stands and Booms", "relevancy_score": 83.712, "price": "$33.90"}, {"title": "Singing Machine Kids Mood LED Glowing Bluetooth Sing-Along Speaker with Wired Youth Microphone Doubles as a Night Light, Pink/Purple", "tags": "Adult Karaoke Machines Children's Systems Shop Machine by Price Accessories The Singing Kids Series", "relevancy_score": 97.75711698113209, "price": "$75.50"}, {"title": "QFX(R) M-106 Unidirectional Dynamic Microphone with 10ft Cable", "tags": "All Karaoke Machines Adult Systems The Singing Machine Microphones Shop Accessories Wireless", "relevancy_score": 182.17061917808218, "price": "$7.99"}, {"title": "Best Choice Products 22-Fret Full Size Acoustic Electric Bass Guitar w/ 4-Band Equalizer, Adjustable Truss Rod - Blue", "tags": "Guitar Value Packs Acoustic Guitars Kids Electric Bass guitars String Instruments Musical Classroom", "relevancy_score": 518.13312, "price": "$89.99"}, {"title": "Rise by Sawtooth Hibiscus Red Beginner\u2019s Ukulele with Case, Clip on Tuner, Lesson-Chord Guide, and Picks", "tags": "Premium Ukuleles Soprano All Kala String Instruments Musical Classroom Basic Concert", "relevancy_score": 59.3888, "price": "$23.87"}, {"title": "Wired Condenser Microphone Audio 3.5mm Studio Mic Vocal Recording KTV Karaoke Mic with Stand for PC Phone", "tags": "Dynamic Microphones Podcasting Bundles Shop All Karaoke Machine Accessories Blue Wireless Stands and Booms USB", "relevancy_score": 37.20612093023256, "price": "$19.89"}, {"title": "Snark SN5X Clip-On Tuner for Guitar, Bass & Violin (Current Model)", "tags": "Guitar Accessories Ukulele Tuners Snark String Instrument", "relevancy_score": 194.75539999999998, "price": "$11.95"}, {"title": "Ashthorpe Full-Size Cutaway Thinline Acoustic-Electric Guitar Package - Premium Tonewoods", "tags": "Guitar Value Packs Acoustic Guitars Kids Advanced String Instruments Musical Classroom Electric Beginner", "relevancy_score": 26.2444, "price": "$119.99"}, {"title": "Casio SA-78 44-Key Mini Personal Keyboard", "tags": "Casio Portable Keyboards 61-Key keyboards Beginner Musical Classroom Instruments", "relevancy_score": 49.1153756097561, "price": "$54.00"}, {"title": "Razer Seiren X: Supercardioid Condenser Mic - Professional Grade Streaming Microphone", "tags": "Laptop Stands Mouse Pads & Wrist Rests All PC Headsets Gaming Razer Keyboards", "relevancy_score": 133.3332, "price": "$69.99"}, {"title": "Acoustic Toy Guitar Pink Butterfly, 30\"", "tags": "Guitar Accessories Value Packs Acoustic Guitars Strings String Instruments Musical Classroom Dunlop Kids", "relevancy_score": 56.70612093023256, "price": "$31.03"}, {"title": "Hamzer 61-Key Electronic Keyboard Portable Digital Music Piano with H Stand, Stool, Headphones Microphone, & Sticker Set", "tags": "61-Key Portable keyboards Keyboards Bundles Musical Classroom Shop Piano by Size Electronic with Stand Instruments", "relevancy_score": 10.16665, "price": "$107.99"}, {"title": "ChromaCast 12-Pack Guitar Picks, Assorted Colors and Gauges, Pearl Celluloid and Delrin Durapicks", "tags": "Heavy Gage Picks Light Medium Dunlop Celluloid Assorted Pick Packs Delrin", "relevancy_score": 151.77620645161292, "price": "$3.98"}, {"title": "LAGRIMA 39\" Full Size Beginner Electric Guitar Starter Kit with Case, Strap, Strings, Pick, Tremolo Bar (Sunburst)", "tags": "Guitar Value Packs Sawtooth Beginner Electric Guitars Advanced Kids Lefty Righty", "relevancy_score": 0.0, "price": "$105.99"}, {"title": "Hamzer 61-Key Electronic Keyboard Portable Digital Music Piano with Lighted Keys, H Stand, Stool, Headphones Microphone, & Sticker Set", "tags": "Portable Keyboards Bundles Beginner Musical Classroom Electronic with Stand Instruments Casio", "relevancy_score": 10.16665, "price": "$102.99"}, {"title": "Best Choice Products 41in Full Size Beginner Acoustic Guitar Set w/ Case, Strap, Capo, Strings, Tuner - Natural", "tags": "Guitar Value Packs Acoustic Guitars Kids String Instruments Musical Classroom Electric Beginner Instrument Cases", "relevancy_score": 219.0026409638554, "price": "$84.99"}, {"title": "Karaoke USA GQ450 Portable CDG/MP3G Karaoke Player with 4.3-Inch Color TFT Screen", "tags": "All Karaoke Machines Children's Systems The Singing Machine Classic Series Shop by Price Kids", "relevancy_score": 22.380914285714287, "price": "$88.99"}, {"title": "Best Choice Products Kids 25-Key Wooden Learn-To-Play Mini Piano w/ Note Stickers, Music Book - Pink", "tags": "Portable Keyboards Bundles Musical Classroom Shop Piano by Size Kids Instruments Pianos &", "relevancy_score": 272.43314999999996, "price": "$39.99"}, {"title": "Learn To Play Sawtooth Vintage Sunburst Electric Guitar with Amp, Ernie Ball Strings, and Chromacast Stand, Picks, Cable, Strap, Case, and Free Online Lesson", "tags": "Guitar Value Packs Sawtooth Beginner Electric Guitars Kids Lefty Righty", "relevancy_score": 34.96134736842105, "price": "$145.93"}, {"title": "Gymax 88 Key Digital Piano Recital MIDI Keyboard w/Bluetooth White Black", "tags": "Digital Pianos 61-Key Portable keyboards Beginner Keyboards Musical Classroom Instruments", "relevancy_score": 41.6666, "price": "$149.99"}, {"title": "Tzumi PopSolo Glow Wireless LED Bluetooth Karaoke Microphone (Rose Gold)", "tags": "All Karaoke Machines Systems Shop Microphones Machine by Price Accessories Wireless", "relevancy_score": 124.33319999999999, "price": "$19.99"}, {"title": "iMeshbean 61 Key Music Electronic Keyboard Electric Digital Piano Organ with Stand, Pink", "tags": "Portable Keyboards Bundles Beginner Musical Classroom Shop Piano by Size Electronic with Stand Instruments", "relevancy_score": 30.4153756097561, "price": "$65.99"}, {"title": "Lavalier Lapel Microphone 2-Pack Complete Set - Omnidirectional Mic for Desktop PC Computer, Mac, Smartphone, iPhone, GoPro, DSLR, Camcorder for Podcast, Youtube, Vlogging, and DJs", "tags": "All Karaoke Machines Dynamic Microphones Shop Machine Accessories Condenser Wireless Stands and Booms USB", "relevancy_score": 307.1744, "price": "$20.99"}, {"title": "LAGRIMA 39\" Full Size Beginner Electric Guitar Starter Kit with Case, Strap, Strings, Pick, Tremolo Bar (Sunburst)", "tags": "Guitar Value Packs Sawtooth Beginner Electric Guitars Advanced Kids Lefty Righty", "relevancy_score": 0.0, "price": "$105.99"}, {"title": "Hamzer 61-Key Electronic Keyboard Portable Digital Music Piano with X Stand, Microphone & Sticker Set", "tags": "61-Key Portable keyboards Keyboards Bundles Beginner Musical Classroom Electronic with Stand Instruments", "relevancy_score": 5.086012903225806, "price": "$78.99"}, {"title": "ChromaCast Upright Guitar Stand 2-Tier Adjustable, Extended Height - Fits Acoustic, Electric, Bass, and Extreme Body Shaped Guitars", "tags": "Guitar Accessories Musical Instrument Covers Straps Celluloid Picks", "relevancy_score": 140.85505573770493, "price": "$10.98"}, {"title": "On-Stage XCG-4 Classic Guitar Stand", "tags": "Guitar Accessories Musical Instrument Covers Straps Tuners String Celluloid Picks", "relevancy_score": 164.616525, "price": "$16.99"}, {"title": "Best Choice Products All-Inclusive Semi-Hollow Body Electric Guitar Set w/ Dual Humbucker Pickups - Sunburst", "tags": "Guitar Accessories Value Packs Sawtooth Beginner Electric Guitars Lefty Righty Shop All Microphones", "relevancy_score": 27.804454054054055, "price": "$159.99"}, {"title": "BM-800 Condenser Microphone + Phantom Power + NB-35 Stand with Cable + T1 Pop Filter Wind Screen for Radio Broadcasting Studio Recording (Black)", "tags": "DJ & Live Sound All Musical Instrument Accessories Dynamic Microphones Podcasting Bundles Blue Condenser Stands and Booms USB", "relevancy_score": 43.6666, "price": "$32.77"}, {"title": "Costway Percussion Glockenspiel Bell Kit 30 Notes w/ Practice Pad +Mallets+Sticks+Stand", "tags": "Classroom & Kids Bells Chimes Pearl Xylophones Hand Percussion Sound Labs Instruments Musical", "relevancy_score": 118.3332, "price": "$99.99"}, {"title": "Trolls World Tour Bluetooth MP3 Sing Along Karaoke Machine with Microphone, Light Show", "tags": "Trolls Bedding Books Frozen Electronics All Shop all Home & Health Beauty", "relevancy_score": 10.16665, "price": "$49.99"}, {"title": "20 PCS Stylish Colorful Celluloid Guitar Picks Plectrums for Guitar Bass Ukulele", "tags": "Heavy Gage Picks String Instruments Musical Classroom Medium Dunlop Celluloid Assorted Pick Packs Delrin", "relevancy_score": 156.87248955223882, "price": "$4.99"}, {"title": "ChordBuddy Learning System, Revised Edition", "tags": "Guitar Accessories Musical Instruction Value Packs Acoustic Guitars Slides All Instrument Pickups String Instruments Classroom", "relevancy_score": 86.92809230769231, "price": "$47.45"}, {"title": "LAGRIMA 39\" Full Size Beginner Electric Guitar Starter Kit with Case, Strap, Strings, Pick, Tremolo Bar (Sunburst)", "tags": "Guitar Value Packs Sawtooth Beginner Electric Guitars Advanced Kids Lefty Righty", "relevancy_score": 0.0, "price": "$105.99"}, {"title": "Audio Technica AT2020 Podcast Studio Condenser Microphone Pack", "tags": "Dynamic Microphones DJ Headphones Shop All Condenser Wireless Stands and Booms USB", "relevancy_score": 5.086012903225806, "price": "$149.00"}, {"title": "Wired Condenser Microphone Audio 3.5mm Studio Mic Vocal Recording KTV Karaoke Mic with Stand for PC Phone", "tags": "All Karaoke Machines Dynamic Microphones Podcasting Bundles Machine Accessories Condenser Wireless USB", "relevancy_score": 5.086012903225806, "price": "$18.98"}, {"title": "SoundBeast Firebird Karaoke Machine & Portable PA Speaker System For Kids & Adults - With Lights, Microphone, & Bluetooth (White)", "tags": "All Karaoke Machines Children's Systems Shop Machine by Price Accessories The Singing Kids Series", "relevancy_score": 0.0, "price": "$29.95"}, {"title": "USB Desktop Microphone 360\u00b0 Adjustable Microphone Support Voice Chatting Recording Mic for PC Mac with a USB port", "tags": "Dynamic Microphones Podcasting Bundles Karaoke Machine Accessories Condenser Wireless Stands and Booms USB", "relevancy_score": 52.80612093023256, "price": "$6.99"}, {"title": "Musician's Gear Electric, Acoustic and Bass Guitar Stand Black", "tags": "Guitar Accessories Value Packs Straps Tuners String Instrument Celluloid Picks", "relevancy_score": 264.9362604651163, "price": "$12.99"}, {"title": "Kids/Adults Guitar Learning System Teaching Aid For Guitar Learning(1PCS)", "tags": "Musical Instruction Classroom & Kids Acoustic Guitars Guitar Strings All Instrument Accessories Pickups String Instruments", "relevancy_score": 17.215375609756098, "price": "$6.99"}, {"title": "Genric 54 Keys Music Electronic Keyboard", "tags": "", "relevancy_score": 5.16665, "price": "$26.99"}, {"title": "21 Inch Acoustic Guitar Small Size Portable Wooden Guitar for Children Kids Beginners (Sun Color)", "tags": "Guitar Accessories Value Packs Kids Acoustic Guitars All Ukuleles String Instruments Musical Classroom Classical", "relevancy_score": 26.015375609756095, "price": "$32.99"}, {"title": "TSV Wireless Bluetooth Karaoke Microphone, Karaoke Microphone LED Handheld Mic Music Player Speaker with Record Function, KTV Microphone Singing Microphone Mic for Kids Family Party Friends Gathering", "tags": "All Karaoke Machines Children's Systems Shop Microphones Machine by Price Accessories Wireless", "relevancy_score": 6.16665, "price": "$14.97"}, {"title": "LAGRIMA 39\" Full Size Beginner Electric Guitar Starter Kit with Case, Strap, Strings, Pick, Tremolo Bar (Sunburst)", "tags": "Guitar Value Packs Sawtooth Beginner Electric Guitars Advanced Kids Lefty Righty", "relevancy_score": 0.0, "price": "$105.99"}, {"title": "Mini Acoustic Guitar Set Small Travel Kids Children Junior Beginner Youth String", "tags": "Guitar Accessories Value Packs Kids Acoustic Guitars All Ukuleles String Instruments Musical Classroom Beginner", "relevancy_score": 3.2424, "price": "$9.99"}, {"title": "Rode SC7 3.5mm TRS to TRRS Patch Cable", "tags": "DJ Equipment Cables Acoustic Guitar Strings D'Addario Ernie Ball Instrument", "relevancy_score": 5.086012903225806, "price": "$22.99"}, {"title": "Ernie Ball 2148-U 0.011-0.052 Gauge Earthwood Light Phosphor Bronze Acoustic Guitar Strings", "tags": "Acoustic Guitar Strings D'Addario Martin Ernie Ball Dunlop Electric Instrument", "relevancy_score": 10.16665, "price": "$6.99"}, {"title": "10pcs Pieces Clarinet Reed Strength 2.5 2-1/2 Reed Bamboo for Clarinet Accessories", "tags": "All Woodwind Instruments Saxophone Reeds Clarinets Lazarro Musical Instrument Accessories Clarinet D'Addario Grease", "relevancy_score": 19.51369411764706, "price": "$6.99"}, {"title": "Bluetooth Karaoke Microphone with LED Lights, Portable Handheld Karaoke Microphone Speaker Gold", "tags": "All Karaoke Machines Adult Systems Dynamic Microphones Shop Machine by Price Wireless", "relevancy_score": 0.0, "price": "$15.13"}, {"title": "Karaoke Microphone Wireless With Bluetooth Speaker - Instagram 5000+Likes iPhone Android PC Smartphone Portable Handheld Microphone for Singing Recording Interviews or Home KTV Party", "tags": "", "relevancy_score": 18.4444, "price": "$23.54"}, {"title": "Paititi Soprano Recorder 8-Hole With Cleaning Rod + Carrying Bag, Creamy Pink Key of C", "tags": "Clarinets Woodwind Instruments Musical Classroom Saxophones Hohner Harmonicas Recorders Flutes", "relevancy_score": 15.2424, "price": "$8.99"}, {"title": "Premium Wired Earbud Stereo In-Ear Headphones with in-line Remote & Microphone Compatible with Samsung Galaxy S Advance - New", "tags": "All Karaoke Machines Adult Dynamic Microphones Podcasting Bundles Machine Accessories Condenser Wireless", "relevancy_score": 17.380914285714287, "price": "$9.95"}, {"title": "QFX M-336 Wireless Dynamic Microphone System, 2pk", "tags": "Portable Audio Visual Accessories Voice Recorders Receivers & Amplifiers Boomboxes Radios All PC Headsets Speaker Systems", "relevancy_score": 12.404454054054055, "price": "$29.72"}, {"title": "USB Microphone, TSV Portable USB Desktop Microphone, 360\u00b0 Adjustable Computer Mircrophone Mic Fit for Laptop Studio Recording, Voice Recording, Streaming Broadcast and YouTube Videos", "tags": "", "relevancy_score": 0.0, "price": "$11.97"}, {"title": "USB Computer Microphone, EEEkit Computer Recording Microphone Plug & Play for Mac and PC, Home Studio Microphone with Mute Button for Desktop/Laptop/Notebook, Recording for YouTube, Gaming", "tags": "", "relevancy_score": 4.086012903225806, "price": "$11.97"}, {"title": "Outtop Beginner Classical Ukulele Guitar Educational Musical Instrument Toy for Kids", "tags": "Premium Ukuleles Soprano Tenor Kala String Instruments Musical Classroom Basic Concert", "relevancy_score": 0.0, "price": "$8.90"}, {"title": "ABS Soprano Descant Recorder Clarinet 8 Holes German Style C Key with Fingering Chart Cleaning Stick for Kids Beginners", "tags": "Clarinets Woodwind Instruments Musical Classroom Saxophones Hohner Harmonicas Recorders Flutes", "relevancy_score": 0.0, "price": "$5.72"}, {"title": "wayne's world blow up guitar music prop", "tags": "Guitar Value Packs Sawtooth Beginner Electric Guitars Advanced Kids Lefty Righty", "relevancy_score": 0.0, "price": "$12.99"}, {"title": "mockins Wireless Bluetooth Karaoke Microphone - Purple", "tags": "All Karaoke Machines Adult Systems Dynamic Microphones Shop Machine by Price Wireless", "relevancy_score": 0.0, "price": "$22.99"}, {"title": "6pcs Guitar Silicone Finger Fingertip Protectors for Guitar Ukulele Beginners (Random Color Delivery)", "tags": "Guitar Accessories Value Packs Kids Acoustic Guitars String Instruments Musical Classroom Bass Beginner Classical", "relevancy_score": 0.0, "price": "$5.99"}, {"title": "ammoon Portable Pocket Acoustic Guitar Practice Tool Gadget Chord Trainer 6 String 6 Fret Model for Beginner", "tags": "Guitar Accessories Value Packs Kids Acoustic Guitars String Instruments Musical Classroom Electric Beginner Instrument Cases", "relevancy_score": 12.4444, "price": "$12.14"}, {"title": "10PC Colors Handheld Stage Microphone Windscreen Foam Mic Cover Karaoke DJ", "tags": "All Karaoke Machines Dynamic Microphones Podcasting Bundles Shop Machine Accessories Condenser Wireless Stands and Booms", "relevancy_score": 0.0, "price": "$7.40"}, {"title": "Moana Karaoke Sing Along Microphone for Kids, Built in Music, Flashing Lights, Pretend Mic, Toys for Kids Karaoke Machine, Connects MP3 Player Aux in Audio Device", "tags": "Kids' Portable Audio Kids Instruments Ride Ons for Girls Frozen Karaoke Machines & All Toys Musical", "relevancy_score": 0.0, "price": "$13.99"}, {"title": "Yamaha P45, 88-Key Weighted Action Digital Piano (P45B)", "tags": "Digital Pianos Keyboards Musical Classroom 88-Key Portable Stage Instruments", "relevancy_score": 45.615323076923076, "price": "$499.99"}, {"title": "Kids Karaoke Machine with 2 Microphones & Adjustable Stand, Music Sing Along with Flashing Stage Lights and Pedals for Fun Musical Effects", "tags": "All Karaoke Machines Adult Children's Systems Shop Machine by Price The Singing Kids Series", "relevancy_score": 8.16665, "price": "$49.99"}, {"title": "LAGRIMA Child 30 Inch Electric Guitar Starter Kit with 5W Amp, Case and Accessories Pack Beginner Starter Package (30, Blue)", "tags": "Guitar Value Packs Sawtooth Beginner Electric Guitars Advanced Kids Lefty Righty", "relevancy_score": 0.0, "price": "$79.99"}, {"title": "Zimtown Beginners 39\" New 6 String Electric Guitar + Amplifier + Guitar Bag + Guitar Strap + Tool 8 Color", "tags": "Guitar Value Packs Sawtooth Beginner Electric Guitars Lefty Righty Musical Instrument Cases Kids", "relevancy_score": 35.761347368421056, "price": "$98.99"}, {"title": "Deco Gear Microphone Suspension with Boom Scissor Arm Stand and Pop Filter Bundle", "tags": "DJ & Live Sound All Musical Instrument Accessories Dynamic Microphones Karaoke Machine Stands Podcasting Bundles Shop Condenser USB", "relevancy_score": 22.204454054054054, "price": "$22.00"}, {"title": "mockins Wireless Bluetooth Karaoke Microphone - Silver", "tags": "All Karaoke Machines Adult Systems Dynamic Microphones Shop Machine by Price Wireless", "relevancy_score": 0.0, "price": "$19.99"}, {"title": "Yamaha YRS-20BP 3-Piece Soprano Recorder - Translucent Pink", "tags": "Clarinets Woodwind Instruments Musical Classroom Hohner Harmonicas Jean Paul Recorders Flutes", "relevancy_score": 20.31369411764706, "price": "$9.88"}, {"title": "Supersonic SC-900 Supersonic Professional Wireless Dual Microphone System", "tags": "Other Accessories All Portable Speakers App-Based Laptop Stands PC Headsets Speaker Systems Razer", "relevancy_score": 268.2821647058824, "price": "$22.79"}, {"title": "Handy Portable Adjustable Folding Music Stand with Bag Black", "tags": "Guitar Accessories Sheet Music Stands All Musical Instrument Trumpets French Horns Jean Paul Trombones", "relevancy_score": 0.0, "price": "$14.19"}, {"title": "Hipshot Grip-Lock 6 inline Staggered Locking Tuners - Chrome", "tags": "Musical Instrument Covers Acoustic Guitar Strings D'Addario Ernie Ball", "relevancy_score": 0.0, "price": "$55.48"}, {"title": "Martin Retro Monel Light Gauge Acoustic Strings", "tags": "Acoustic Guitar Strings D'Addario Martin Ernie Ball Dunlop Electric Instrument", "relevancy_score": 4.086012903225806, "price": "$9.03"}, {"title": "Blue Microphones Yeti X USB Mic Bundle with Knox Pop Filter and 4-Port USB Hub", "tags": "All Karaoke Machines Adult Dynamic Microphones Podcasting Bundles Machine Accessories Condenser Wireless", "relevancy_score": 0.0, "price": "$199.99"}, {"title": "Karaoke USA\u00a0 M189 Professional Dynamic Microphone (Detachable Cord)", "tags": "All Karaoke Machines Adult Systems The Singing Machine Microphones Shop Accessories Wireless", "relevancy_score": 121.68722758620689, "price": "$19.52"}, {"title": "Premium Wired Earbud Stereo In-Ear Headphones with in-line Remote & Microphone Compatible with Samsung R375C - New", "tags": "All Karaoke Machines Adult Dynamic Microphones Podcasting Bundles Machine Accessories Condenser Wireless", "relevancy_score": 0.0, "price": "$9.95"}, {"title": "Wireless Bluetooth Karaoke Microphone with Controllable LED Lights, Portable Karaoke Machine Speaker Mother's Day Birthday Gift Party Travel Toy for Android/iPhone/iPad/Sony/PC", "tags": "All Karaoke Machines Adult Dynamic Microphones Podcasting Bundles Machine Accessories Condenser Wireless", "relevancy_score": 7.142399999999999, "price": "$17.99"}, {"title": "30 key Childs Toy Grand Baby Piano w/ Kids Bench Wood Pink", "tags": "Keyboard & Piano Benches and Stools Pianos Keyboards Musical Classroom Kids Bundles Instruments", "relevancy_score": 794.2561846153847, "price": "$84.99"}, {"title": "ammoon 10-pack Pieces Strength 2.5 Bamboo Reeds for Eb Alto Saxophone Sax Accessories", "tags": "All Woodwind Instruments Saxophone Reeds Clarinets Lazarro Musical Instrument Accessories Clarinet D'Addario Key Corks", "relevancy_score": 14.342400000000001, "price": "$6.99"}, {"title": "ammoon Worlde Panda mini Portable Mini 25-Key USB Keyboard and Drum Pad MIDI Controller for teen adults", "tags": "Shop MIDI Keyboard Controllers by Size Synthesizers Beginner 25-Key Keyboards Musical Classroom Akai", "relevancy_score": 0.0, "price": "$59.69"}, {"title": "Reprize Accessories TMS-1 Tripod Microphone Stand", "tags": "All Karaoke Machines Musical Instrument Accessories The Singing Machine Microphones Dynamic Stands Shop Wireless", "relevancy_score": 35.761347368421056, "price": "$19.95"}, {"title": "Let's Pick Apples! (Barbie)", "tags": "Musical Instrument Covers Acoustic Guitar Strings D'Addario Ernie Ball", "relevancy_score": 0.0, "price": "$4.74"}, {"title": "Essential Elements for Band - Trombone Book 1 with Eei (Paperback)", "tags": "Orchestral Strings All Woodwind Instruments Basic Violins Clarinets Musical Instrument Accessories Guitar Pickups Pianos", "relevancy_score": 10.142399999999999, "price": "$10.96"}, {"title": "D'Addario Natural Rosin, Light", "tags": "Guitar Accessories All Brass Instruments Sheet Music Stands Musical Instrument D'Addario Chinrests Strings", "relevancy_score": 15.2424, "price": "$7.01"}, {"title": "mockins Wireless Bluetooth Karaoke Microphone - Gold", "tags": "All Karaoke Machines Adult Systems Dynamic Microphones Shop Machine by Price Wireless", "relevancy_score": 5.086012903225806, "price": "$19.99"}, {"title": "Blue Microphones Yeti Microphone - Stereo - 20 Hz to 20 kHz - Wired - Electret Condenser - Cardioid, Bi-directional, Omni-directional - Desktop - USB", "tags": "Olympus Cameras Sennheiser Headphones Nest Asus 2-in-2 Laptops Laptop Stands Wink Compatible Devices Razer Touchscreen", "relevancy_score": 62.44840000000001, "price": "$119.99"}, {"title": "USB Computer Microphone, TSV Desktop Microphone PC Laptop Mic for Video Conferencing / Online Gaming / Voice Recording, Home Studio Microphone with 360\u00b0 Adjustable Goosenecks, Mute Button", "tags": "All Karaoke Machines Adult Dynamic Microphones Podcasting Bundles Machine Accessories Condenser Wireless", "relevancy_score": 5.086012903225806, "price": "$11.97"}, {"title": "Singing Machine - Groove Cube CDG Karaoke System Plus Bluetooth, Black", "tags": "All Karaoke Machines Adult Systems The Singing Machine Classic Series Shop by Price Kids", "relevancy_score": 8.16665, "price": "$69.99"}, {"title": "Professional Condenser Sound Podcast Studio Microphone with Tripod Stand For PC Laptop MSN Skype,Black", "tags": "Cooling Pads & Lights Sit-Stand Desks All PC Microphones Monitor Screen Accessories Dell Laptops Refurbished", "relevancy_score": 5.086012903225806, "price": "$12.99"}, {"title": "ammoon POCK LOOP Looper Guitar Effect Pedal 11 Loopers Max.330mins Recording Time Supports 1/2 & 2X Speed Playback Reverse Functions True Bypass", "tags": "Acoustic Guitar Strings D'Addario Electric Effects Ernie Ball Pedals Instrument", "relevancy_score": 4.086012903225806, "price": "$52.99"}, {"title": "UM02 USB Omni-directional Condenser Microphone Mic for Meeting Business Conference Computer Desktop Laptop PC Voice Chat Video Games Live Broadcast Sound Pick-up", "tags": "Dynamic Microphones Podcasting Bundles Karaoke Machine Accessories Blue Condenser Wireless USB", "relevancy_score": 5.086012903225806, "price": "$24.99"}, {"title": "Frisby FMC-220 Desktop Standing Noise Canceling Stand Alone Plug & Play Microphone", "tags": "All Karaoke Machines Dynamic Microphones Podcasting Bundles Machine Accessories Condenser Wireless Stands and Booms USB", "relevancy_score": 153.2397521126761, "price": "$14.95"}, {"title": "ernie ball 2\" red rose jacquard guitar strap", "tags": "Guitar Accessories Straps D'Addario Ernie Ball Dunlop Fender Celluloid Picks", "relevancy_score": 10.16665, "price": "$15.49"}, {"title": "ammoon 10-pack Pieces Strength 2.5 Bamboo Reeds for Bb Clarinet Accessories", "tags": "All Woodwind Instruments Instrument Reed Cases Saxophone Reeds Clarinets Lazarro Musical Accessories Clarinet D'Addario", "relevancy_score": 0.0, "price": "$6.54"}, {"title": "Pyle Pro\u00ae Pyle Pro\u00ae 40-watt Professional Megaphone/bullhorn", "tags": "Musical Instrument Covers PA Speakers Hand Percussion Bells & Chimes Portable Instruments Classroom DJ", "relevancy_score": 268.3969217391304, "price": "$26.19"}, {"title": "Ashthorpe Full-Size Dreadnought Cutaway Acoustic-Electric Guitar Bundle - Premium Tonewoods", "tags": "Guitar Value Packs Kids Acoustic Guitars Advanced Electric String Instruments Musical Classroom Beginner", "relevancy_score": 10.16665, "price": "$119.99"}, {"title": "Cali's Books Patty Cake Nursery Rhymes. Interactive Sound Book for children ages 1-3", "tags": "Orchestral Strings All Woodwind Instruments Basic Violins Musical Instrument Accessories Guitar Pickups Pianos Shop Piano Keyboards by Size", "relevancy_score": 0.0, "price": "$17.99"}, {"title": "Al Cass Fast Valve, Slide and Key Oil", "tags": "All Brass Instruments Woodwind Musical Instrument Accessories Guitar Tuners Effects Pedals Bass Trombones Grease", "relevancy_score": 30.4444, "price": "$7.95"}, {"title": "Blue Juice Valve Oil 2 Oz", "tags": "Guitar Accessories All Brass Instruments Woodwind Sheet Music Stands Instrument Reeds Capos Clarinet Grease", "relevancy_score": 0.0, "price": "$9.99"}, {"title": "Musician's Gear Tripod Orchestral Music Stand Black", "tags": "Guitar Accessories Sheet Music Stands All Musical Instrument Trumpets French Horns Jean Paul Effects Pedals Trombones", "relevancy_score": 5.086012903225806, "price": "$25.99"}, {"title": "Paititi Soprano Recorder 8-Hole With Cleaning Rod + Carrying Bag, Black Color, Key of C", "tags": "Musical Instruction Clarinets Woodwind Instruments Classroom Hohner Harmonicas Recorders Flutes", "relevancy_score": 24.380914285714287, "price": "$8.99"}, {"title": "Wireless Express Sing-Along Bling Bluetooth Karaoke Microphone and Bluetooth Stereo Speaker All-in-One", "tags": "All Karaoke Machines Concert Snare Drums Adult Systems Shop Microphones Machine by Price Wireless", "relevancy_score": 0.0, "price": "$47.99"}, {"title": "AxcessAbles MX-715 USB Studio Condenser Recording Microphone for PC Laptop MAC or Windows, Cardioid Studio for Recording Vocals, Voice-Overs, Streaming Broadcasts and YouTube Videos", "tags": "All Musical Instrument Accessories Dynamic Microphones Podcasting Bundles Karaoke Machine Blue Condenser Stands and Booms USB", "relevancy_score": 39.31532307692307, "price": "$34.99"}, {"title": "Kasonic Portable Professional Collapsible Music Book Stand, With Book Clip Carry Bag Set.", "tags": "Guitar Accessories Sheet Music Stands All Musical Instrument Tuners String Cases", "relevancy_score": 34.804454054054055, "price": "$19.98"}, {"title": "J Reynolds JR14PK-A 36\" Acoustic Guitar Small Body Pink", "tags": "Guitar Value Packs Fender Guitars Kids Acoustic Advanced String Instruments Musical Classroom Electric Beginner", "relevancy_score": 0.0, "price": "$79.62"}, {"title": "Ready Ace 30\" Toy Student Guitar, Pink", "tags": "Guitar Accessories Value Packs Acoustic Guitars String Instruments Musical Classroom Dunlop Beginner Kids", "relevancy_score": 89.12809230769231, "price": "$33.00"}, {"title": "Kids/Adults Classical Guitar Learning System - Fast Teaching Aid Guitar Learning Aid Tool(1PCS)", "tags": "Acoustic Guitars Guitar Strings D'Addario String Instruments Musical Classroom Ernie Ball Instrument", "relevancy_score": 3.1666499999999997, "price": "$7.09"}, {"title": "Desktop USB Microphone - TSV Professional USB Computer Wired Microphone Laptop PC Mic, Omni-Directional Microphone Computer Voice Recording Conference and PS4 Gaming, w/ Mute Button and LED Indicator,", "tags": "All Karaoke Machines Adult Dynamic Microphones Podcasting Bundles Machine Accessories Condenser Wireless", "relevancy_score": 0.0, "price": "$21.97"}, {"title": "Level 1 - Lesson Book: Piano Adventures (Paperback)", "tags": "Portable Keyboards Bundles Beginner Pianos Musical Classroom Shop Piano by Size Electronic with Stand Instruments", "relevancy_score": 24.380914285714287, "price": "$7.99"}, {"title": "Wireless Microphone, EEEkit Karaoke Bluetooth Microphone for Kids, Portable Handheld Mic Magic Singing and Recording Speaker Machine Fit for iPhone/Android/PC/Birthday/Home/Party", "tags": "All Karaoke Machines Adult Systems Dynamic Microphones Shop Machine by Price Wireless", "relevancy_score": 13.142399999999999, "price": "$14.97"}, {"title": "Elixir 12002 Super Light NanoWeb Electric Guitar Strings (9-42)", "tags": "Acoustic Guitar Strings Elixir D'Addario Ernie Ball Electric Instrument", "relevancy_score": 5.086012903225806, "price": "$11.99"}, {"title": "PYLE PKBRD6111 - Digital Musical Karaoke Keyboard - Portable Electronic Piano Keyboard with Built-in Rechargeable Battery & Wired Microphone (61 Keys)", "tags": "61-Key Portable keyboards Keyboards Bundles Beginner Musical Classroom Instruments Kids Pianos &", "relevancy_score": 15.380914285714285, "price": "$39.99"}, {"title": "TSV Pro Microphone with Desktop Stand for Gaming,YouTube Video,Recording Podcast,Studio,for PC,Laptop,Tablet,Phone", "tags": "Cooling Pads & Lights HD Drones DJI All PC Microphones Monitor Screen Accessories Razer Dell Refurbished Laptops", "relevancy_score": 13.644400000000001, "price": "$15.97"}, {"title": "Big Book of Beginner's Piano Classics: 83 Favorite Pieces in Easy Piano Arrangements with Downloadable Mp3s (Paperback)", "tags": "Orchestral Strings All Woodwind Instruments Basic Violins Musical Instrument Accessories Guitar Pickups Pianos Shop Piano Keyboards by Size", "relevancy_score": 10.16665, "price": "$15.26"}, {"title": "Guitar Pedal Power Supply Adapter DC 9V w/ 5 Way Cable for BOSS JOYO ZOOM MOOER", "tags": "", "relevancy_score": 0.0, "price": "$11.99"}, {"title": "2 Rockville 20'  1/4\" TS to 1/4'' TS Guitar/Instrument Cable (Red and Blue)", "tags": "", "relevancy_score": 5.086012903225806, "price": "$14.95"}, {"title": "AD-35 Mini Sound Pick-up Piezo Amplifier Transducer Stick Piezo Pickup for Acoustic Guitar Ukulele Violin Cello Banjo", "tags": "Guitar Accessories All Brass Instruments Sheet Music Stands Woodwind Instrument Reeds Capos Clarinet Acoustic Dampers Foam Tiles", "relevancy_score": 0.0, "price": "$16.60"}, {"title": "Unique Bargains 23pcs 9.7mm x 7mm SMD  MIC Electret Condenser Microphone Pickup Unit", "tags": "Nourison ClosetMaid Superior The Pioneer Woman Better Homes & Gardens Mainstays Autodrive Car Seat Covers EEEkit", "relevancy_score": 0.0, "price": "$8.70"}, {"title": "Fender Premium Picks Sampler - 24 Pack Includes Thin, Medium & Heavy Gauges", "tags": "Acoustic Guitar Strings Heavy Gage Picks Medium Celluloid Assorted Pick Packs Delrin", "relevancy_score": 0.0, "price": "$11.99"}, {"title": "SASTSX-6 - Green 6 Foot TS Patch Cable", "tags": "DJ & Live Sound Guitar Accessories Equipment Cables Practice Performance Aids Sawtooth Amplifiers Electric Amps Strings", "relevancy_score": 15.2424, "price": "$5.99"}, {"title": "Flying Goose Alto Saxophone Reeds Strength 2.5, Pack of 10", "tags": "All Woodwind Instruments Instrument Reed Cases Reeds Lazarro Musical Accessories Saxophones Clarinet D'Addario", "relevancy_score": 12.2424, "price": "$11.99"}, {"title": "Wireless Karaoke Bluetooth Microphone with LED Lights, EEEkit Portable Handheld Wireless Mic Speaker Machine for Kids Toys/Phone/Android/PC/Outdoor, Gift for Children's Birthday Party, Home KTV-Red", "tags": "All Karaoke Machines Systems Dynamic Microphones Shop Machine by Price Accessories Wireless", "relevancy_score": 24.4444, "price": "$19.97"}, {"title": "Vandoren Bb Clarinet Traditional Reeds Strength #3; Box of 10", "tags": "Bells & Chimes Clarinets Woodwind Instrument Reeds All Musical Accessories Keyboard Cases D'Addario Hand Percussion Covers", "relevancy_score": 25.380914285714287, "price": "$24.98"}, {"title": "10 Holes C Key Harmonica Mouth Organ Blues Musical Instrument Gift for Beginner Professionals Blues Harmonica 10 Holes Harmonica", "tags": "Sawtooth Woodwind Instruments Musical Classroom Hohner Harmonicas Lee Oskar Harmoniums", "relevancy_score": 34.804454054054055, "price": "$13.26"}, {"title": "Various Sizes and Team Colors Cowbell with Stick Grip Handle Bell for Cheering at Sporting & Wedding Events - Cow Bell by Stewart Trading", "tags": "All Drums & Percussion Megaphones Bells Chimes Latin Hand Sound Labs Instruments Musical Classroom", "relevancy_score": 15.2424, "price": "$9.97"}, {"title": "Flute Cleaning Kit Set with Cleaning Cloth Stick Screwdriver Gloves", "tags": "", "relevancy_score": 0.0, "price": "$8.99"}, {"title": "Proline PL48 Conductor/Orchestra Sheet Music Stand Black", "tags": "Guitar Accessories Bells & Chimes Sheet Music Stands All Musical Instrument Hand Percussion Sound Labs Instruments Classroom Effects Pedals", "relevancy_score": 35.761347368421056, "price": "$39.99"}, {"title": "Yamaha YDP103R Digital Piano with Bench Rosewood", "tags": "Digital Pianos Casio Keyboards Musical Classroom 88-Key Electronic with Stand", "relevancy_score": 15.2424, "price": "$899.99"}, {"title": "USB Cable Cord for Blue Microphone Snowball iCE Condenser", "tags": "DJ Equipment Cables Dynamic Microphones Podcasting Bundles Karaoke Machine Accessories Blue Condenser Wireless", "relevancy_score": 5.086012903225806, "price": "$7.99"}, {"title": "Mic ADAPTER Convert a 4 pin Cobra / Uniden microphone to fit a 6 pin Ranger RCI radio - Workman C4PRCI6", "tags": "All Karaoke Machines Adult Dynamic Microphones Podcasting Bundles Machine Accessories Condenser Wireless", "relevancy_score": 0.0, "price": "$6.99"}, {"title": "Acoustic Guitar Pin Saddle And Nut String Pin Black", "tags": "Musical Instrument Covers Acoustic Guitar Strings D'Addario Ernie Ball", "relevancy_score": 5.086012903225806, "price": "$6.71"}, {"title": "Zeny 38\" Natural Acoustic Guitar for Starters Beginners With Guitar Bag, Strap,Strings,Pitch Pipe and Pic", "tags": "Guitar Accessories Value Packs Kids Acoustic Guitars String Instruments Musical Classroom Electric Beginner Classical", "relevancy_score": 13.142399999999999, "price": "$42.99"}, {"title": "Condenser Microphone Bundle, BM-800 Mic Kit with Adjustable Mic Suspension Scissor Arm, Metal Shock Mount and Double-layer Pop Filter for Studio Recording & Broadcasting (Gold)", "tags": "Podcasting Bundles Karaoke Machine Accessories Blue Microphones Condenser Wireless Stands and Booms USB", "relevancy_score": 13.513694117647058, "price": "$44.99"}, {"title": "Rogue P22 Bulk 12 Pack 022 Plain Steel Electric Guitar Strings", "tags": "Acoustic Guitar Strings D'Addario Ernie Ball Electric Instrument", "relevancy_score": 0.0, "price": "$2.49"}, {"title": "IRig Guitar Interface Converter Adapter guitar tuners For Phone/iPod/Pad-1 PC", "tags": "", "relevancy_score": 5.086012903225806, "price": "$6.99"}, {"title": "Rico by D'Addario Alto Sax Reeds, Strength 2.5, 10-pack", "tags": "Saxophone Reeds All Musical Instrument Accessories Guitar Tuners Clarinet D'Addario String Fretting Tools", "relevancy_score": 92.23391020408164, "price": "$22.99"}, {"title": "Durable Metal Kazoo Flute Mouth Music Instrument Accessory Children Kazoo", "tags": "All Woodwind Instruments Accordions Sawtooth Hohner Kazoos Harmonicas Classroom Musical Recorders", "relevancy_score": 10.16665, "price": "$7.69"}, {"title": "Hamilton Classic Folding Music Stand - Chrome", "tags": "Guitar Accessories Sheet Music Stands All Musical Instrument Trumpets French Horns Brass Mouthpieces Jean Paul Trombones", "relevancy_score": 50.215375609756094, "price": "$10.95"}, {"title": "Yamaha PSR-E273 Portable Keyboard", "tags": "61-Key Portable keyboards Beginner Keyboards Musical Classroom Yamaha Electronic with Stand Instruments", "relevancy_score": 0.0, "price": "$129.99"}, {"title": "Yamaha DGX-660 88-Key Weighted Action Digital Grand Piano Premium with Matching Stand, Black", "tags": "Advanced Digital Pianos Keyboards Musical Classroom 88-Key Electronic with Stand Upright", "relevancy_score": 5.086012903225806, "price": "$799.99"}, {"title": "Samson M1 Dynamic Microphone", "tags": "All Karaoke Machines The Singing Machine Microphones Dynamic Podcasting Bundles Accessories Wireless", "relevancy_score": 0.0, "price": "$14.99"}, {"title": "PMP20 Pyle P Pro Power Megaphone", "tags": "Musical Instrument Covers PA Speakers Hand Percussion Bells & Chimes Portable Instruments Classroom DJ", "relevancy_score": 85.5999, "price": "$14.40"}, {"title": "Paititi Soprano Recorder 8-Hole With Cleaning Rod + Carrying Bag, Creamy Blue Key of C", "tags": "Clarinets Woodwind Instruments Musical Classroom Saxophones Hohner Harmonicas Recorders Flutes", "relevancy_score": 5.086012903225806, "price": "$8.99"}, {"title": "Dunlop Nylon Standard Guitar Picks - 12-Pack - 1.0mm - Black", "tags": "Light Gage Picks Medium Dunlop Celluloid Assorted Pick Packs Delrin", "relevancy_score": 10.16665, "price": "$6.82"}, {"title": "10 Feet 3.5mm Microphone Car Stereo GPS Bluetooth Enabled Audio DVD External Mic", "tags": "Single Din Car Stereos InstallerNet Double All Pioneer Speakers Blaupunkt Headphones", "relevancy_score": 31.761347368421053, "price": "$13.47"}, {"title": "Sawtooth Tribe Series 8\" Hand-Carved Congo Design Rope Djembe", "tags": "World Percussion Djembes Instruments Musical Classroom Electric Guitar Hard Cases Sawtooth Acoustic Guitars Instrument", "relevancy_score": 0.0, "price": "$20.00"}, {"title": "Inflatable Rock Star Microphone, 8 in, 1ct", "tags": "All Karaoke Machines Adult Dynamic Microphones Podcasting Bundles Machine Accessories Condenser Wireless", "relevancy_score": 0.0, "price": "$7.50"}, {"title": "Led Zeppelin - Physical Graffiti - Vinyl", "tags": "All Rock Music Led Zeppelin on CD or Vinyl General Records Classic Pop Music:", "relevancy_score": 10.16665, "price": "$30.87"}, {"title": "Guitar Wooden Pick Box Holder Collector with 2pcs Wood Picks", "tags": "Acoustic Guitar Strings D'Addario Ernie Ball Celluloid Picks Instrument", "relevancy_score": 5.086012903225806, "price": "$11.99"}, {"title": "Tie Clip Microphone Lavalier Microphone Mic Clip-on Omnidirectional Condenser Perfect for Recording Youtube/Interview/Video Conference/Podcast/Voice Dictation/iPhone", "tags": "All Karaoke Machines The Singing Machine Microphones Dynamic Shop Condenser Wireless USB", "relevancy_score": 8.16665, "price": "$8.47"}, {"title": "LAGRIMA Electric Digital Grand Console Keyboard Piano for Beginner/Adults with Pedal Board 88 Key White", "tags": "Digital Pianos Keyboards Musical Classroom 88-Key Electronic with Stand Portable Instruments", "relevancy_score": 24.304454054054055, "price": "$309.99"}, {"title": "Microphones Wired Microphone Mini Jack 3.5mm Handheld Studio Microphone Condenser Professional With Microphone Holder For PC Computer", "tags": "All Musical Instrument Accessories Dynamic Microphones Podcasting Bundles Blue Condenser Wireless Stands and Booms USB", "relevancy_score": 37.01537560975609, "price": "$12.64"}, {"title": "The Chord Wheel (Paperback)", "tags": "Orchestral Strings All Woodwind Instruments Basic Violins Musical Instrument Accessories Guitar Pickups Pianos Shop Piano Keyboards by Size", "relevancy_score": 14.342400000000001, "price": "$12.89"}, {"title": "CTD TITANIUM ELEC SUPER SLINKY", "tags": "Acoustic Guitar Strings D'Addario Ernie Ball Electric Instrument", "relevancy_score": 0.0, "price": "$12.99"}, {"title": "Guitar Neck Sanding Fret Leveler Leveling Beam Luthier Tool Metal Material with Sandpaper", "tags": "Guitar Accessories Practice & Performance Aids Tuners String Repair Kits D'Addario Guitars Headstock Instrument Strings", "relevancy_score": 0.0, "price": "$9.92"}, {"title": "ammoon Guitar Repairing Maintenance Cleaning Tool Kit Includes String Action Ruler & Gauge Measuring Tool & Hex Wrench Set & Files & String Winder & String Cutter & Pins & Picks & Picks Bag for Guita", "tags": "Guitar Slides Acoustic Strings D'Addario Electric Guitars Ernie Ball Headstock Instrument", "relevancy_score": 0.0, "price": "$16.99"}, {"title": "Aroma AC-11 Guitar Capo Zinc Alloy for Acoustic Electric Guitars Unique Bronze", "tags": "", "relevancy_score": 0.0, "price": "$9.22"}, {"title": "WS858 Bluetooth Wireless Karaoke Handheld Microphone USB KTV Player Bluetooth Mic Speaker Record Music with Carring Bag Suitable for iOS,Android,iPad,Bluetooth", "tags": "All Karaoke Machines Adult Systems Shop Machine by Price Accessories Wireless Microphones The Singing", "relevancy_score": 0.0, "price": "$16.77"}, {"title": "Earl Scruggs and the 5-String Banjo: Revised and Enhanced Edition (Paperback)", "tags": "Orchestral Strings All Woodwind Instruments Basic Violins Musical Instrument Accessories Guitar Pickups Pianos Shop Piano Keyboards by Size", "relevancy_score": 9.16665, "price": "$26.20"}, {"title": "Hal Leonard Guitar Method (Songbooks): Easy Pop Melodies: Correlates with Book 1 (Paperback)", "tags": "Orchestral Strings All Woodwind Instruments Basic Violins Musical Instrument Accessories Guitar Pickups Pianos Shop Piano Keyboards by Size", "relevancy_score": 0.0, "price": "$7.35"}, {"title": "The Complete Keyboard Player: Songbook 1 - New Edition (Paperback)", "tags": "Orchestral Strings All Woodwind Instruments Basic Violins Musical Instrument Accessories Guitar Pickups Pianos Shop Piano Keyboards by Size", "relevancy_score": 0.0, "price": "$10.38"}, {"title": "Scott Joplin: Sheet Music for Piano : From Beginner to Intermediate; Over 25 Masterpieces", "tags": "Orchestral Strings All Woodwind Instruments Basic Violins Musical Instrument Accessories Guitar Pickups Pianos Shop Piano Keyboards by Size", "relevancy_score": 0.0, "price": "$16.99"}, {"title": "Polished Wood Type Electric Guitar Barrel DIY Electric Maple Guitar Barrel Body For TL Style Guitar", "tags": "Guitar Value Packs Sawtooth Beginner Electric Guitars Advanced Kids Lefty Righty", "relevancy_score": 0.0, "price": "$31.98"}, {"title": "Various Artist - 13 R&B #1 Hits 3 [CD]", "tags": "Guitar Accessories All Brass Instruments Sheet Music Stands Woodwind Instrument Reeds Capos Clarinet Acoustic Dampers Foam Tiles", "relevancy_score": 0.0, "price": "$9.78"}, {"title": "Resin Reed Saxophone Strength 2.5 For Alto / Tenor / Soprano Sax Clarinet", "tags": "Clarinets Woodwind Instruments Musical Classroom Saxophones Hohner Harmonicas Recorders Flutes", "relevancy_score": 0.0, "price": "$5.72"}, {"title": "Olympus ME-52W Noise Cancelling Microphone", "tags": "Dynamic Microphones Podcasting Bundles Karaoke Machine Accessories Condenser Wireless Lavalier Stands and Booms USB", "relevancy_score": 24.380914285714287, "price": "$17.99"}, {"title": "8-Note Colorful Xylophone Glockenspiel with Wooden Mallets Percussion Musical Instrument Toy Gift for Kids Children", "tags": "", "relevancy_score": 0.0, "price": "$8.79"}, {"title": "Outtop Girls Boys Microphone Mic Karaoke Singing Kid Funny Gift Music Toy BK", "tags": "All Karaoke Machines Children's Systems Dynamic Microphones Shop Machine by Price Wireless", "relevancy_score": 1.0860129032258063, "price": "$7.63"}, {"title": "Jim Dunlop 15R Adamas Picks -- 12 picks", "tags": "Musical Instrument Covers Acoustic Guitar Strings D'Addario Ernie Ball", "relevancy_score": 5.086012903225806, "price": "$11.78"}, {"title": "Lyons Classic American Kazoos 5-pack", "tags": "All Woodwind Instruments Acoustic Guitars Kazoos String Musical Classroom Harmonicas Nylon-String Recorders", "relevancy_score": 29.361347368421054, "price": "$4.95"}, {"title": "Rico Cork Grease", "tags": "All Brass Instruments Sheet Music Stands Woodwind Instrument Reeds Capos Clarinet D'Addario Foam Tiles Grease", "relevancy_score": 10.16665, "price": "$5.71"}, {"title": "Remo Tambourine, 10\" - QUADURA Black", "tags": "All Drums & Percussion World Bodhrans and Frame Drum Replacement Parts Sound Labs Tambourines Instruments Musical Classroom", "relevancy_score": 19.51369411764706, "price": "$24.95"}, {"title": "Portable Studio Speech Mini USB Microphone Stand Mic With Holder For Microfono Computer Microphones For PC Laptop Mikrofon S2", "tags": "", "relevancy_score": 0.0, "price": "$7.69"}, {"title": "Singalong Buddies Plush Gorilla with Wired Microphone and Built-In Speaker", "tags": "All Karaoke Machines Adult Systems The Singing Machine Classic Series Shop by Price Kids", "relevancy_score": 42.91532307692308, "price": "$24.99"}, {"title": "Blank Pickguard Sheet Material Scratch Plate for Acoustic Guitars DIY Custom Celluloid Dark Brown Tortoise Shell 1PCS", "tags": "Acoustic Guitar Strings D'Addario Ernie Ball Guitars Headstock Instrument", "relevancy_score": 0.0, "price": "$8.69"}, {"title": "Elixir Polyweb 80/20 Bronze Medium Gauge Acoustic Strings", "tags": "Acoustic Guitar Strings Elixir D'Addario Ernie Ball Instrument", "relevancy_score": 0.0, "price": "$18.18"}, {"title": "21in Acoustic Basswood Ukulele Starter Kit w/ Carring Bag, Strap, Picks, Clip-On Tuner, Extra String - Mint Green", "tags": "Sawtooth Premium Ukuleles Soprano All Tenor Kala String Instruments Musical Classroom Concert", "relevancy_score": 25.644400000000005, "price": "$38.89"}, {"title": "Alfred's Basic Adult All-In-One Course, Bk 2: Lesson * Theory * Solo, Comb Bound Book (Paperback)", "tags": "Orchestral Strings All Woodwind Instruments Basic Violins Musical Instrument Accessories Guitar Pickups Pianos Shop Piano Keyboards by Size", "relevancy_score": 11.342400000000001, "price": "$14.99"}, {"title": "D'Luca Nylon Classical Guitar Strings 6 Pcs Set", "tags": "Acoustic Guitar Strings D'Addario Ernie Ball Dunlop Classical Electric Instrument", "relevancy_score": 4.086012903225806, "price": "$7.99"}, {"title": "ChromaCast 10-Foot Pro Series Instrument Cable with Straight-Straight Ends, Vanilla Cream", "tags": "Magic Chef Cosco BUNN Roundhill Furniture Lifetime Earthwise Swingline Baby Relax", "relevancy_score": 29.2444, "price": "$8.98"}, {"title": "Handbell Hand Bell 8-Note Metal Colorful Kid Children Musical Toy Percussion Instrument", "tags": "", "relevancy_score": 0.0, "price": "$25.69"}, {"title": "Wall Mount for Electric Guitar - Vertical", "tags": "Guitar Accessories Musical Instrument Covers Ukulele Tuners", "relevancy_score": 5.086012903225806, "price": "$7.99"}, {"title": "Essential Elements for Band - Book 2 with Eei: BB Trumpet (Paperback)", "tags": "Orchestral Strings All Woodwind Instruments Basic Violins Musical Instrument Accessories Guitar Pickups Pianos Shop Piano Keyboards by Size", "relevancy_score": 0.0, "price": "$9.99"}, {"title": "Essential Elements for Band - Percussion/Keyboard Percussion Book 1 with Eei", "tags": "Orchestral Strings All Woodwind Instruments Basic Violins Clarinets Musical Instrument Accessories Guitar Pickups Pianos", "relevancy_score": 4.086012903225806, "price": "$16.19"}, {"title": "Fender FA-125CE Dreadnought Cutaway Acoustic-Electric Guitar - Sunburst w/ Hard Case", "tags": "Guitar Value Packs Acoustic Guitars String Instruments Musical Classroom Righty Bass Electric Fender Beginner", "relevancy_score": 0.0, "price": "$279.99"}, {"title": "D'Luca Student 3 Piece Recorder Flute Ivory", "tags": "Musical Instruction Woodwind Instruments Classroom Saxophones Harmonicas Jean Paul Recorders Flutes", "relevancy_score": 33.40445405405405, "price": "$7.99"}, {"title": "10\" Praying Hands Double Row Jingles Percussion Tambourine for Church", "tags": "All Drums & Percussion World Latin Sound Labs Instruments Musical Classroom Remo Rhythm Tech", "relevancy_score": 0.0, "price": "$16.66"}, {"title": "PS-2 Professional Wind Screen Pop Filter MIC Holder With Tripod Detachable Desktop Microphone Stand Holder Bracket Supporter Shock Mount (Black)", "tags": "Lighting Stands and Trusses All Musical Instrument Accessories Dynamic Microphones Karaoke & Hardware Machine Shop Condenser", "relevancy_score": 0.0, "price": "$11.39"}, {"title": "KB Covers Checkerboard Keyboard Cover CB-M-Blue - Notebook keyboard protector - blue, clear - for Apple MacBook (13.3 in); MacBook Air (13.3 in); MacBook Pro", "tags": "61-Key Portable keyboards Keyboards Bundles Beginner Musical Classroom Electronic with Stand Instruments Casio", "relevancy_score": 4.086012903225806, "price": "$24.95"}, {"title": "Leather Guitar Picks Holder Case Bag Guitar Shape with Key Ring 5pcs Celluloid Guitar Picks String Instrument Accessories", "tags": "", "relevancy_score": 0.0, "price": "$7.99"}, {"title": "23 Inch Acoustic Guitar Beginner Kids Guitar Children Musical Instrument with Pick and String", "tags": "Guitar Value Packs Fender Guitars Kids Acoustic Advanced String Instruments Musical Classroom Electric Beginner", "relevancy_score": 0.0, "price": "$17.99"}, {"title": "Glitter Microphone Adult Halloween Accessory", "tags": "Halloween Makeup All Costumes Hats Star Wars Witch Superhero Ninja Costume", "relevancy_score": 1.0860129032258063, "price": "$8.97"}, {"title": "EEEkit PC Microphone USB Condenser Microphones for Computer Desktop Laptop Online Chat, Broadcast Microphone for Skype, YouTube, Google Voice Search, Plug and Play", "tags": "Dynamic Microphones Podcasting Bundles Shop All Blue Wireless Stands and Booms USB", "relevancy_score": 0.0, "price": "$17.97"}, {"title": "Knox Gear Shock Mount for Audio Technica ATR2100-USB Microphone", "tags": "Lighting Stands and Trusses All Musical Instrument Accessories Dynamic Microphones Karaoke & Hardware Machine Shop Condenser", "relevancy_score": 0.0, "price": "$19.99"}, {"title": "Kala KA-BASS-4 Metal Round Wound U-Bass Strings", "tags": "Musical Instrument Covers Acoustic Guitar Strings D'Addario Ernie Ball", "relevancy_score": 0.0, "price": "$29.99"}, {"title": "The Beatles for Fingerstyle Ukulele (Paperback)", "tags": "Orchestral Strings All Woodwind Instruments Basic Violins Musical Instrument Accessories Guitar Pickups Pianos Shop Piano Keyboards by Size", "relevancy_score": 0.0, "price": "$16.35"}, {"title": "Kasonic Professional Collapsible Portable Music Stand, Lightweight Comes with LED light, Music Sheet Holder Clip And Carrying Bag, Suitable for Instrumental Performance -Pink", "tags": "Guitar Accessories Sheet Music Stands All Musical Instrument Trumpets French Horns Brass Mouthpieces Jean Paul Trombones", "relevancy_score": 19.51369411764706, "price": "$19.99"}, {"title": "Lyons Premium 3-Piece Translucent Soprano Recorder", "tags": "Clarinets Woodwind Instruments Musical Classroom Saxophones Hohner Harmonicas Recorders Flutes", "relevancy_score": 25.380914285714287, "price": "$3.96"}, {"title": "Boytone BT-29ST Adjustable Microphone Arm Suspension Boom Scissor Arm Stand, with 3/8\" to 5/8\" Screw Adapter, for Radio Broadcasting Studio, Voice-Over Sound Studio, Stages, and TV Stations", "tags": "Lighting Stands and Trusses All Musical Instrument Accessories Dynamic Microphones Karaoke & Hardware Machine Shop Condenser", "relevancy_score": 11.342400000000001, "price": "$12.95"}, {"title": "Key of C Diatonic Harmonica Mouthorgan with ABS Reeds Mirror Surface Design 10 Holes Blues Harmonica Perfect for Beginners Professional Students Kid Purple", "tags": "Clarinets Woodwind Instruments Musical Classroom Saxophones Hohner Harmonicas Recorders Flutes", "relevancy_score": 0.0, "price": "$7.99"}, {"title": "Rush - 2112 - Vinyl", "tags": "Music Videos All Rock General Vinyl Records Alternative on CD or Classic Pop Music:", "relevancy_score": 6.16665, "price": "$23.35"}, {"title": "Elixir 19052 Electric Guitar Strings with OPTIWEB Coating, Light, 10-46", "tags": "Acoustic Guitar Strings Elixir D'Addario Ernie Ball Electric Instrument", "relevancy_score": 0.0, "price": "$12.99"}, {"title": "Sound Innovations Book 1 - Trumpet", "tags": "Guitar Accessories All Brass Instruments Sheet Music Stands Woodwind Instrument Reeds Capos Clarinet Acoustic Dampers Foam Tiles", "relevancy_score": 0.0, "price": "$11.43"}, {"title": "Peavey Milestone Black Electric 4 String Bass Guitar 34\" Scale Dual Pickups - Factory Certified Refurbished", "tags": "Guitar Value Packs Advanced Electric Bass Guitars Fender Squier Kids guitars Beginner", "relevancy_score": 0.0, "price": "$169.99"}, {"title": "We Sing: Microphone Pack - 1 Microphone - Nintendo Wii", "tags": "All Karaoke Machines The Singing Machine Microphones Dynamic Podcasting Bundles Accessories Wireless", "relevancy_score": 0.0, "price": "$19.99"}, {"title": "Ultimate Support GS-1000 Pro Guitar Stand", "tags": "Guitar Accessories Musical Instrument Covers Ukulele Tuners", "relevancy_score": 0.0, "price": "$47.77"}, {"title": "Elixir 12102 Medium NanoWeb Electric Guitar Strings (11-49)", "tags": "Acoustic Guitar Strings Elixir D'Addario Ernie Ball Electric Instrument", "relevancy_score": 0.0, "price": "$11.99"}, {"title": "Cool Juratex Jazz Guitar Picks 8 Pack (1.5mm)", "tags": "Musical Instrument Covers Acoustic Guitar Strings D'Addario Ernie Ball", "relevancy_score": 0.0, "price": "$8.00"}, {"title": "Thomastik Dominant 4/4 Size Violin Strings 4/4 Wound E String, Ball End", "tags": "Violin Accessories Acoustic Guitar Strings D'Addario String Instrument Electric", "relevancy_score": 0.0, "price": "$13.84"}, {"title": "Audio-Technica ATR2100X-USB USB/XLR Mic with Knox Pop Filter and Headphones", "tags": "All Karaoke Machines Podcasting Bundles Shop Microphones Machine Accessories Condenser Wireless USB", "relevancy_score": 0.0, "price": "$129.99"}, {"title": "Hal Leonard Essential Elements for Band - Flute 2 Book/Online Audio", "tags": "Orchestral Strings All Woodwind Instruments Basic Violins Musical Instrument Accessories Guitar Pickups Pianos Shop Piano Keyboards by Size", "relevancy_score": 5.086012903225806, "price": "$8.98"}, {"title": "Glarry Full Size Rosewood Electric Guitar Set W/Bag,Shoulder Strap ,Pick,Whammy Bar ,Cord ,Wrench Tool Black", "tags": "Guitar Value Packs Sawtooth Beginner Electric Guitars Kids Lefty Righty Musical Instrument Cases", "relevancy_score": 14.342400000000001, "price": "$68.99"}, {"title": "Weymic\u00ae Replacement Blue Steel Mesh Microphone Grill Head for Wm-bt58a Shure Sm58 Sm48 Wireless Microphone and Wired Mics, Beta 58 a Shure Sv100 Wireless Handhold Mics Pgx24/slx24/sm58 Microphones-2pc", "tags": "All Karaoke Machines Adult Systems Dynamic Microphones Shop Machine by Price Accessories", "relevancy_score": 0.0, "price": "$22.00"}, {"title": "USB 192kHZ/24bit Podcast Recording Microphone Kit Professional Condenser Studio Broadcasting MIC with Stand Plug & Play For Gaming Chatting Speech Type 2 MIC", "tags": "Dynamic Microphones Shop All Karaoke Machine Accessories Condenser Wireless Stands and Booms USB", "relevancy_score": 0.0, "price": "$56.98"}, {"title": "Rogue RR100 Rocketeer Electric Guitar", "tags": "Guitar Value Packs Sawtooth Kids Electric Guitars Lefty Righty Rogue", "relevancy_score": 19.51369411764706, "price": "$109.99"}, {"title": "MXL AC-404 USB Conference Microphone", "tags": "Dynamic Microphones Podcasting Bundles Shop All Blue Wireless Stands and Booms USB", "relevancy_score": 0.0, "price": "$74.95"}, {"title": "Singing Machine Unidirectional Dynamic Karaoke Handheld Microphone Wired Or Wireless with 10 Ft. Cord", "tags": "All Karaoke Machines Systems The Singing Machine Microphones Dynamic Accessories Wireless Shop by Price", "relevancy_score": 0.0, "price": "$19.99"}, {"title": "Donner DC-3U Ukulele Capo for Soprano Concert Tenor Baritone Ukulele 4 String Black", "tags": "Guitar Accessories All Brass Instruments Sheet Music Stands Woodwind Instrument Reeds Capos Clarinet Acoustic Dampers Foam Tiles", "relevancy_score": 0.0, "price": "$9.99"}, {"title": "Walker & Williams AT-1 BRN Brown Acoustic Guitar Strap Button Headstock Adaptor", "tags": "Acoustic Guitar Strings Straps D'Addario Ernie Ball Instrument", "relevancy_score": 0.0, "price": "$7.99"}, {"title": "CB TRIANGLE W/BEATER 6 IN", "tags": "All Drums & Percussion Cowbells Triangles Hand Bells Chimes Sound Labs Instruments Musical Classroom Remo", "relevancy_score": 5.086012903225806, "price": "$20.99"}, {"title": "DragonPad Usa Black Adjustable Microphone Suspension Boom Scissor Arm Stand, Compact Mic Stand Made of Durable Steel for Radio Broadcasting Studio, Voice-Over Sound Studio", "tags": "All Musical Instrument Accessories Dynamic Microphones Karaoke Machine Stands Podcasting Bundles Shop Blue Condenser USB", "relevancy_score": 31.30445405405406, "price": "$25.63"}, {"title": "Lavalier Clip Metal Stereo Microphone 3.5mm with Collar Clip for Lound Speaker Computer PC Laptop", "tags": "All Karaoke Machines Dynamic Microphones Podcasting Bundles Machine Accessories Condenser Wireless USB", "relevancy_score": 0.0, "price": "$5.89"}, {"title": "Ever Ready First Aid Stainless Steel C128 Tuning Fork", "tags": "World Percussion Guitar Slides Guiros Bagpipes Trumpets Guitars Headstock Instruments Musical Classroom", "relevancy_score": 15.2424, "price": "$5.99"}, {"title": "Dunlop Delrin Standard Guitar Picks - 12-Pack - .71mm - Pink", "tags": "Acoustic Guitars Kids String Instruments Musical Classroom Dunlop Celluloid Picks Delrin", "relevancy_score": 0.0, "price": "$7.46"}, {"title": "41\" Beginners Acoustic Guitar Set w/ Case, Strap, Tuner,Strings for Beginners Starter Kids Girls Youths Students Black", "tags": "Guitar Value Packs Fender Guitars Kids Acoustic Advanced String Instruments Musical Classroom Electric Beginner", "relevancy_score": 0.0, "price": "$76.99"}, {"title": "Yamaha FG Jr. Acoustic Guitar", "tags": "Guitar Value Packs Fender Guitars Acoustic Kids String Instruments Musical Classroom Nylon-String Beginner", "relevancy_score": 0.0, "price": "$149.99"}, {"title": "Dodocool USB Desktop Microphone 360\u00b0 Adjustable Microphone Support Voice Chatting Recording Mic for PC with a USB port", "tags": "All Karaoke Machines Dynamic Microphones Podcasting Bundles Machine Accessories Condenser Wireless USB", "relevancy_score": 0.0, "price": "$6.98"}, {"title": "Akai MPK Mini MK2 25-Key USB MIDI Keyboard Controller + USB Hub + Hosa Ext Cable", "tags": "Beginner MIDI Keyboard Controllers 25-Key Controller Bundles Shop Piano Keyboards by Size Akai", "relevancy_score": 4.086012903225806, "price": "$129.95"}, {"title": "SofiaMari Mini Traveler Accordion in Red Pearl", "tags": "", "relevancy_score": 0.0, "price": "$279.00"}, {"title": "Ernie Ball 2221 Nickel Regular Slinky Electric Guitar Strings 3 Pack", "tags": "Acoustic Guitar Strings D'Addario Ernie Ball Dunlop Electric Instrument", "relevancy_score": 15.2424, "price": "$14.99"}, {"title": "MOOER PE100 Portable Multi-effects Processor Guitar Effect Pedal 39 Effects 40 Drum Patterns 10 Metronomes Tap Tempo", "tags": "Audio Mixers Guitar Slides Acoustic Strings Pickups Electric Guitars Headstock Effects Pedals", "relevancy_score": 5.086012903225806, "price": "$58.00"}, {"title": "Compass", "tags": "Dynamic Microphones Podcasting Bundles Shop All Condenser Wireless Stands and Booms USB", "relevancy_score": 0.0, "price": "$119.99"}, {"title": "Tripod Music Stand 360\u00b0 Rotatable Instrument Sheet Holder Heavy Duty Metal Folding Retract Book Mount for Kids Guitar Singers", "tags": "Guitar Accessories Sheet Music Stands All Musical Instrument Trumpets French Horns Brass Mouthpieces Jean Paul Trombones", "relevancy_score": 0.0, "price": "$17.86"}, {"title": "D'Addario EXL120 Nickel Wound Electric Guitar Strings, Super Light, 09-42", "tags": "Acoustic Guitar Strings D'Addario Ernie Ball Electric Instrument", "relevancy_score": 5.086012903225806, "price": "$8.76"}, {"title": "Fender Guitar String Winder - Easy To Wind Strings Pulls Bridge Pins Too 2-Pack", "tags": "Musical Instrument Covers Acoustic Guitar Strings D'Addario Ernie Ball", "relevancy_score": 5.086012903225806, "price": "$7.93"}, {"title": "Pyle Pro PMP43IN 40-Watt Professional Megaphone/Bullhorn", "tags": "Musical Instrument Covers PA Speakers Hand Percussion Bells & Chimes Portable Instruments Classroom DJ", "relevancy_score": 42.51537560975609, "price": "$32.99"}, {"title": "Samson Q2U Black Handheld Dynamic USB Microphone with Boom Arm and Pop Filter", "tags": "All Karaoke Machines Dynamic Microphones Podcasting Bundles Machine Accessories Condenser Wireless Stands and Booms", "relevancy_score": 5.086012903225806, "price": "$89.99"}, {"title": "ammoon Wireless Guitar System 2.4G Rechargeable 6 Channels Audio Transmitter Receiver for Electric Guitar Bass", "tags": "Acoustic Guitars Kids Electric Guitar Pickups String Instruments Musical Classroom Righty Headstock Wireless Microphones", "relevancy_score": 14.313694117647058, "price": "$32.49"}, {"title": "ChromaCast Pearl Celluloid Guitar Picks, Assorted 30-Pack - Light, Medium and Heavy Gauge", "tags": "Musical Instrument Covers Acoustic Guitar Strings D'Addario Ernie Ball", "relevancy_score": 0.0, "price": "$5.98"}, {"title": "Suzuki 1072-C Folkmaster Standard 10-Hole Diatonic Harmonica Key of C 20 Tone for Beginner Student", "tags": "Clarinets Woodwind Instruments Musical Classroom Saxophones Hohner Harmonicas Recorders Flutes", "relevancy_score": 0.0, "price": "$9.70"}, {"title": "Disney Toy Story 4 Bluetooth MP3 Karaoke", "tags": "All Karaoke Machines Children's Systems The Singing Machine Classic Series Shop by Price Kids", "relevancy_score": 16.31369411764706, "price": "$64.87"}, {"title": "mockins Wireless Bluetooth Karaoke Microphone - Blue", "tags": "All Karaoke Machines Handheld Microphones Adult Systems Shop Machine by Price Wireless", "relevancy_score": 0.0, "price": "$22.99"}]