[{"title": "Baby Alive Baby Grows Up (Dreamy) - Get Shining Skylar or Star Dreamer, Growing and Talking Baby Doll, Includes 1 Surprise Doll and 8 Accessories", "tags": "Shop Toys by Price Baby Dolls for Kids 2 to 4 Years & Dollhouses My Life As Fashion 5 7 Playsets", "relevancy_score": 121.10458983050847, "price": "$59.00"}, {"title": "Disney Princess Style Series, Ariel Doll in Contemporary Style", "tags": "All Disney Toys Frozen Dolls & Dollhouses Princess Rapunzel Cinderella Belle Fashion", "relevancy_score": 11.507745454545455, "price": "$24.99"}, {"title": "12 Volt Yamaha Raptor Battery Powered Ride-on Black/Green - New Custom Graphic Design!", "tags": "Ride Ons for Girls ATVs All Powered 12V Dirt Bikes & Toys age 2-4 girls Toddler Girl", "relevancy_score": 4536.3695026655205, "price": "$199.00"}, {"title": "Huffy 24\" Nel Lusso Girls' Cruiser Bike, Mint Green", "tags": "All Kids' Bikes Mountain Women's Cruiser Bicycles with Training Wheels BMX Mongoose Huffy Kid's", "relevancy_score": 3259.318049689441, "price": "$148.00"}, {"title": "Best Choice Products 6V Kids Ride On Car Truck w/ Parent Control, 3 Speeds, LED Headlights, MP3 Player, Horn - Pink", "tags": "6V Powered Ride Ons All 12V Toys for age 2-4 girls Boys Toddler Girl Huffy", "relevancy_score": 2428.2736339622643, "price": "$114.99"}, {"title": "5 Surprise Mini Brands NEW Mystery Capsule Collectible Toy (3 Pack) by ZURU", "tags": "Shop Toys by Price Collectible Novelty for Kids 2 to 4 Years age 2-4 girls 12 & Up Toddler Girl 8 11", "relevancy_score": 1422.7273382978722, "price": "$20.97"}, {"title": "Easy-Bake Ultimate Oven Baking Star Edition (Online & Store Pick-Up)", "tags": "Top Rated Toys by Kids Shop Price Cooking & Baking Hair, Nail Spa Cool Maker DIY Food Craft Kits Fisher Pretend Play", "relevancy_score": 2528.471957527734, "price": "$39.97"}, {"title": "VTech Explore and Write Activity Desk Transforms into Easel and Chalkboard", "tags": "Shop Toys by Price Leapfrog Science & Education VTech for Kids 2 to 4 Years LeapFrog Learning Fisher Pretend Play", "relevancy_score": 2846.686152662722, "price": "$42.88"}, {"title": "Roadmaster 24\" Granite Peak Girls Mountain Bike, Light Blue", "tags": "All Kids' Bikes Huffy Cruiser Mountain Women's BMX Hybrid", "relevancy_score": 1793.3901210526317, "price": "$209.99"}, {"title": "Barbie Estate Dreamplane Playset with 15+ Themed Accessories", "tags": "Dollhouses & Play Sets Doll Clothing and Fashion Accessories Playsets Barbie Sisters, Friends, Pets Vehicles All Dolls Clothes", "relevancy_score": 1177.0130736842104, "price": "$45.30"}, {"title": "Disney Princess Style Series, Ariel Doll in Contemporary Style", "tags": "All Disney Toys Frozen Dolls & Dollhouses Princess Rapunzel Cinderella Belle Fashion", "relevancy_score": 11.507745454545455, "price": "$24.99"}, {"title": "LeapFrog LeapStart Preschool Success System and Book Bundle", "tags": "Learning Playsets Science & Education VTech Toys Books Software Blue's Clues LeapFrog PAW Patrol", "relevancy_score": 296.99013333333335, "price": "$29.82"}, {"title": "Barbie Estate Travel Pink and Blue Helicopter with Spinning Rotors", "tags": "Barbie Careers Doll Clothing and Fashion Accessories Sisters, Friends, & Pets Dollhouses Vehicles All Dolls Playsets Clothes", "relevancy_score": 511.11015652173916, "price": "$17.31"}, {"title": "VTech Musical Rhymes Book Classic Nursery Rhymes for Babies", "tags": "Ages 0-12 months 12-24 12-18 Month Toys Baby Fisher Price Learning Electronic Toddler", "relevancy_score": 507.48848888888887, "price": "$14.95"}, {"title": "Fisher-Price Rock-a-Stack Classic with 5 Colorful Rings", "tags": "Ages 0-12 months 12-24 3-6 Month Toys 12-18 Fisher Price Baby Learning Electronic Toddler", "relevancy_score": 859.2505018867924, "price": "$5.00"}, {"title": "BABY born Surprise Magic Potty Surprise Purple Eyes \u2013 Doll Pees Glitter & Poops Surprise Charms", "tags": "", "relevancy_score": 21.14855135135135, "price": "$39.82"}, {"title": "Magic 8 Ball Fortune-Telling Novelty Toy by Mattel", "tags": "Electronic Games Classic Family All Board Toys for Kids 12 Years & Up 8 to 11 5 7", "relevancy_score": 360.0351487179487, "price": "$8.40"}, {"title": "Furreal Cuddlin' Cara Pet, for Ages 4 and up, Includes Bottle", "tags": "Electronic Toys Little Live Pets 8 to 11 Years Other Unicorn for age 2-4 girls Furreal Friends 5 7", "relevancy_score": 200.66687567567567, "price": "$19.99"}, {"title": "Barbie Sweet Orchard Farm Skipper and Stacie Dolls with Pig and Apples", "tags": "Barbie Careers Chelsea Ken Sisters, Friends, & Pets All Dolls Fashionistas Doll Playsets", "relevancy_score": 56.995066666666666, "price": "$14.88"}, {"title": "Fisher-Price 3-in-1 Musical Activity Gym with Music & Sounds", "tags": "Ages 0-12 months 3-6 Month Toys Best Sellers: Infant Activity Playtime Baby Gear for Playing Playmats Favorites Gyms", "relevancy_score": 389.7048842105263, "price": "$44.88"}, {"title": "Disney Descendants Isle of the Lost Collection, 4 Pack of Dolls", "tags": "All Disney Toys Princess Dolls & Dollhouses Dragon Descendants Fashion for Kids 5 to 7 Years Costumes Dress-Up", "relevancy_score": 141.40458983050846, "price": "$59.99"}, {"title": "NEW 2020 Care Bears - 14\" Plush - Cheer Bear - Soft Huggable Material!", "tags": "All Action Figures 8 to 11 Years Valentine's Day Stuffed Animals Care Bears Toys Christmas Fashion Dolls 5 7", "relevancy_score": 267.4833428571429, "price": "$12.88"}, {"title": "Baby Alive Baby Go Bye Bye Blonde Doll, 30+ Phrases -English & Spanish", "tags": "Baby Doll Accessories Clothing and Fashion Alive Clothes & Toys for Kids 2 to 4 Years Dolls Dollhouses 5 7", "relevancy_score": 744.3807183246072, "price": "$49.94"}, {"title": "Barbie Club Chelsea Camper Playset with Doll & 10+ Themed Accessories", "tags": "Barbie Chelsea Playsets Sisters, Friends, & Pets Dollhouses Vehicles All Dolls Doll Clothes and Accessories", "relevancy_score": 969.192442290749, "price": "$29.88"}, {"title": "L.O.L. Surprise! Lights Glitter Doll with 8 Surprises Including Black Light Surprises", "tags": "Collectible Dolls LOL Surprise O.M.G Series 2 & Dollhouses Glitter Winter Disco Fashion Pets", "relevancy_score": 882.4763493212669, "price": "$9.59"}, {"title": "Little People Disney Frozen Elsa's Ice Palace with Lights & Sounds", "tags": "Frozen Dolls & Dollhouses All Preschool Action Figures Playsets Toys Fisher-Price Little People Clothes and Accessories", "relevancy_score": 694.9118896551723, "price": "$39.82"}, {"title": "VTech Stroll and Discover Activity Walker, Toy Walker for Babies", "tags": "Ages 0-12 months Baby Walkers Push, Pull, and Walker Toys Toys, Book & Keepsakes Fisher Price Boy Toddler Vtech", "relevancy_score": 1799.3521405940594, "price": "$29.82"}, {"title": "L.O.L. Surprise! O.M.G. Lights Dazzle Fashion Doll with 15 Surprises", "tags": "Shop Toys by Price Collectible Dolls LOL Surprise O.M.G & Dollhouses Lights Glitter Winter Disco Fashion", "relevancy_score": 929.9707890410959, "price": "$18.98"}, {"title": "Barbie Estate Vehicle Signature Pink Convertible with Seat Belts", "tags": "Doll Clothes & Accessories Playsets Fashion Dolls Barbie Dollhouses Vehicles All and", "relevancy_score": 1465.7906076246334, "price": "$14.88"}, {"title": "Razor Hovertrax 1.5 Hoverboard Self-Balancing Smart Scooter", "tags": "Hover-1 Ride Ons Bluetooth Hoverboards Kid's Hoverboard Electric Transportation Adult Scooter for Boys Girls", "relevancy_score": 161.5769014925373, "price": "$178.00"}, {"title": "NEW 2020 Care Bears - 14\" Plush - Cheer Bear - Soft Huggable Material!", "tags": "All Action Figures 8 to 11 Years Valentine's Day Stuffed Animals Care Bears Toys Christmas Fashion Dolls 5 7", "relevancy_score": 267.4833428571429, "price": "$12.88"}, {"title": "Disney Descendants Reception Dress Evie Doll, Includes Accessories", "tags": "All Disney Toys Princess Dolls & Dollhouses Dragon Care Bears Descendants Fashion", "relevancy_score": 111.89758461538462, "price": "$19.97"}, {"title": "L.O.L. Surprise! Spooky Sparkle Limited Edition Witchay Babay with 7 Surprises, including Glow-in-the-Dark Doll", "tags": "LOL Surprise O.M.G Dolls Series 2 Calico Critters & Dollhouses Fashion Hatchimals Pets", "relevancy_score": 30.747533333333333, "price": "$22.98"}, {"title": "NEW 2020 Care Bears - 9\" Bean Plush - Special Collector Set - Exclusive Harmony Bear Included!", "tags": "", "relevancy_score": 140.2426, "price": "$74.95"}, {"title": "VTech, Pop-a-Balls, Push and Pop Bulldozer, Toddler Learning Toy", "tags": "Ages 12-24 months 12-18 Month Toys Baby Push, Pull, and Walker 9-12 Fisher Price Toddler Vtech", "relevancy_score": 523.3442489510489, "price": "$19.88"}, {"title": "L.O.L. Surprise! Clubhouse Playset with 40+ Surprises and 2 Exclusives Dolls", "tags": "", "relevancy_score": 173.91510769230769, "price": "$49.88"}, {"title": "Huffy 20-Inch Sea Star Girls' Bike, Blue and Pink", "tags": "All Kids' Bikes Huffy BMX Schwinn Hybrid Bike Helmets Bicycles with Training Wheels Cruiser Kid's", "relevancy_score": 3581.525584341637, "price": "$58.00"}, {"title": "Huffy 18-Inch Sea Star Girls Bike , Purple Metallic Gloss", "tags": "All Kids' Bikes Schwinn Cruiser Huffy BMX Bike Helmets Bicycles with Training Wheels Kid's", "relevancy_score": 394.6731669421488, "price": "$58.00"}, {"title": "Barbie Sweet Orchard Farm Doll & Vet Playset, Blonde", "tags": "Barbie Careers Chelsea Sisters, Friends, & Pets Fashion Dolls All Doll Playsets Walmart Exclusives", "relevancy_score": 271.7205953488372, "price": "$29.88"}, {"title": "Sing-Along Lilly 12-inch Lilly Tikes Preschool Doll by Little Tikes", "tags": "Ride Ons for Girls Play Kitchens Little Tikes Kitchen Pretend All Pedal & Push Trikes Ride-ons Kids Appliances", "relevancy_score": 189.73511304347824, "price": "$24.84"}, {"title": "NEW 2020 Care Bears - 14\" Plush - Cheer Bear - Soft Huggable Material!", "tags": "All Action Figures 8 to 11 Years Valentine's Day Stuffed Animals Care Bears Toys Christmas Fashion Dolls 5 7", "relevancy_score": 267.4833428571429, "price": "$12.88"}, {"title": "Disney Descendants Reception Dress Evie Doll, Includes Accessories", "tags": "All Disney Toys Princess Dolls & Dollhouses Dragon Care Bears Descendants Fashion", "relevancy_score": 111.89758461538462, "price": "$19.97"}, {"title": "ZURU Robo Alive Junior Baby Shark Baby", "tags": "Shop Toys by Price All Stuffed Animals & Plush 2 to 4 Years 8 11 for Girls 0-12 Months 1 year old Boys", "relevancy_score": 329.7529623762376, "price": "$12.00"}, {"title": "Cabbage Patch Cuties Woodland Friends Collection Theo Chipmunk Baby Doll", "tags": "Baby Dolls My Sweet Love & Dollhouses JC Toys Alive Reborn for Kids 5 to 7 Years", "relevancy_score": 707.5499213114754, "price": "$9.97"}, {"title": "Easy-Bake Ultimate Oven Whoopie Pie Refill Pack, Ages 8 and up", "tags": "Father's Day Electronics Connected Dorm Room Shop All Glass Mother's Gifts Audio Tax Free for Grads Back to School Home Visual", "relevancy_score": 232.52059534883716, "price": "$6.97"}, {"title": "Barbie Estate Dolphin Magic Ocean View Boat with 3-Puppies & Accessories", "tags": "Barbie Careers Doll Clothing and Fashion Accessories Playsets Sisters, Friends, & Pets Dollhouses Vehicles All Dolls Clothes", "relevancy_score": 355.7037142857143, "price": "$21.76"}, {"title": "Polly Pocket Unicorn Party Large Compact, Polly & Lila Dolls & 25+ Surprises", "tags": "Polly Pocket Pollyville Compacts Small Dolls & Dollhouses Playsets Doll Clothes and Accessories", "relevancy_score": 134.42456842105264, "price": "$19.99"}, {"title": "Barbie Dream Closet with 30+ Pieces, Ships in Own Packaging", "tags": "Doll Clothing and Fashion Accessories Barbie Sisters, Friends, & Pets Dollhouses Vehicles All Dolls Fashionistas Playsets", "relevancy_score": 162.18276250000002, "price": "$44.83"}, {"title": "L.O.L. Surprise! JK Diva Mini Fashion Doll with 15 Surprises", "tags": "LOL Surprise O.M.G Dolls Series 3 & Dollhouses Boys 1 Winter Disco Fashion", "relevancy_score": 185.83511304347826, "price": "$14.88"}, {"title": "Fisher-Price Laugh & Learn Puppy's Remote with Light-up Screen", "tags": "Kids Instruments Learning Playsets Leapfrog Science & Education VTech Toys LeapFrog Math for Fisher Price Pretend Play", "relevancy_score": 633.4647365853659, "price": "$7.88"}, {"title": "Disney Descendants Reception Dress Evie Doll, Includes Accessories", "tags": "All Disney Toys Princess Dolls & Dollhouses Dragon Care Bears Descendants Fashion", "relevancy_score": 111.89758461538462, "price": "$19.97"}, {"title": "Disney Descendants Reception Dress Mal Doll, Includes Accessories", "tags": "Shop Toys by Price All Disney Princess Dolls & Dollhouses Dragon Descendants Fashion Kids Costumes Dress-Up", "relevancy_score": 104.74684705882353, "price": "$19.99"}, {"title": "NEW 2020 Care Bears - 14\" Plush - Tenderheart Bear - Soft Huggable Material!", "tags": "All Action Figures 8 to 11 Years Valentine's Day Stuffed Animals Care Bears Toys Fashion Dolls Funko Pop 5 7", "relevancy_score": 178.84647272727273, "price": "$12.88"}, {"title": "Fisher-Price Laugh & Learn Sis' Remote with Light-up Screen", "tags": "Kids Instruments Learning Playsets Leapfrog Science & Education VTech Toys LeapFrog Math for Fisher Price Pretend Play", "relevancy_score": 463.4501538461538, "price": "$7.88"}, {"title": "NEW 2020 Care Bears - 14\" Plush - Good Luck Bear - Soft Huggable Material!", "tags": "All Action Figures 8 to 11 Years Stuffed Animals for Girls Valentine's Day Care Bears Toys Fashion Dolls 5 7", "relevancy_score": 181.10643529411763, "price": "$12.88"}, {"title": "Oball Shaker Rattle Toy, Ages Newborn +", "tags": "All Baby Teethers Ages 0-12 months 3-6 Month Toys & Gift Sets Toy Favorites 0-3 6-9", "relevancy_score": 494.0171712230216, "price": "$3.59"}, {"title": "L.O.L. Surprise! O.M.G. Series 3 Class Prez Fashion Doll with 20 Surprises", "tags": "Collectible Dolls LOL Surprise O.M.G Series 3 & Dollhouses Lights Winter Disco Fashion", "relevancy_score": 299.1383612903226, "price": "$26.88"}, {"title": "Only At Walmart: Easy Bake Refill 3-Pack: Pizza, Pretzel, and Whoopie Pie Mix (New & Improved - Now with 10 Oz!)", "tags": "Electronic Toys Shop by Price Cooking & Baking Hair, Nail Spa VTech Cool Maker 12+ Years Fisher Pretend Play", "relevancy_score": 140.2426, "price": "$17.88"}, {"title": "L.O.L. Surprise! O.M.G. Remix Pop B.B. Fashion Doll \u2013 25 Surprises with Music", "tags": "", "relevancy_score": 56.203346341463416, "price": "$34.88"}, {"title": "Hairdorables Collectible Pets - Series 2", "tags": "Shop Toys by Price Dolls & Dollhouses Hairdorables Playsets LOL Surprise Fashion Hatchimals for Kids 5 to 7 Years", "relevancy_score": 200.51472631578946, "price": "$3.27"}, {"title": "Barbie Stroll \u2018N Play Pups Playset with Barbie Doll, 2 Puppies and Pet Stroller", "tags": "", "relevancy_score": 99.79408, "price": "$14.88"}, {"title": "LeapFrog Speak and Learn Puppy With Talk-Back Feature", "tags": "Science & Education 2 to 4 Years VTech Toys 8 11 Stuffed Animals for Girls Blue's Clues LeapFrog Learning Boys", "relevancy_score": 290.99013333333335, "price": "$19.88"}, {"title": "Squeakee the Balloon Dog - Makes Sound, Deflates, and Does Tricks!", "tags": "Shop Toys by Price Classic Games Family All Board for Kids 2 to 4 Years Dolls & Dollhouses Barbie", "relevancy_score": 61.15599069767442, "price": "$58.00"}, {"title": "Barbie Doll, Brunette, Wearing Swimsuit, For Kids 3 To 7 Years Old", "tags": "Barbie Chelsea Dolls & Dollhouses Ken Sisters, Friends, Pets Fashion All Fashionistas", "relevancy_score": 144.3045898305085, "price": "$4.94"}, {"title": "Lotta Looks Cookie Swirl Candy Cub Doll", "tags": "Collectible Dolls & Dollhouses Hairdorables LOL Surprise Boxy Girls Fashion All Barbie Toys for Kids 5 to 7 Years", "relevancy_score": 21.84855135135135, "price": "$17.99"}, {"title": "JoJo Siwa JoJo Loves Hairdorables Limited Edition Collectible Doll", "tags": "Shop Toys by Price Hello Kitty Dolls and Playsets Jojo Siwa Hair, Nail & Spa Dollhouses Hairdorables Fashion for Kids 5 to 7 Years", "relevancy_score": 37.744252631578945, "price": "$25.18"}, {"title": "Wild Hearts Crew Charlie Lake Doll with Style Accessories", "tags": "WWE Toys All Disney Princess Father's Day Electronics Connected Dorm Room Mother's Gifts Audio for Grads Mulan", "relevancy_score": 66.35599069767441, "price": "$11.99"}, {"title": "Barbie Ballerina Doll With Tutu And Sculpted Toe Shoes", "tags": "Barbie Chelsea Dolls & Dollhouses Dreamtopia Sisters, Friends, Pets Fashion All Fashionistas", "relevancy_score": 107.49758461538461, "price": "$4.94"}, {"title": "Barbie Pet Vet Brunette Doll With Medical Coat, Dress and Kitty Patient", "tags": "Barbie Careers Chelsea Dreamtopia Fashion Dolls All Fashionistas Doll Playsets", "relevancy_score": 57.68148571428572, "price": "$7.94"}, {"title": "Hairdorables Hairmazing Noah Fashion Doll", "tags": "Collectible Dolls LOL Surprise O.M.G Jojo Siwa Toys & Dollhouses Hairdorables Fashion for Kids 5 to 7 Years", "relevancy_score": 334.32604848484846, "price": "$14.44"}, {"title": "Kid Connection 3-Story Dollhouse Play Set with Working Garage and Elevator, 24 Pieces", "tags": "Dollhouses & Play Sets Wooden KidKraft Kid Connection Toys Playsets Doll Dolls Clothes and Accessories", "relevancy_score": 678.865649197861, "price": "$19.97"}, {"title": "Rideamals Tiger Ride-On Toy by Kid Trax", "tags": "Ride Ons for Girls 6V Powered Plush ons All Rocking Horse Boys PAW Patrol Toys", "relevancy_score": 1041.3097371024735, "price": "$79.00"}, {"title": "Disney Frozen 2 Elsa Fashion Doll with Long Blonde Hair & Blue Outfit", "tags": "All Disney Toys Frozen Dolls & Dollhouses Plush Princess Fashion Barbie", "relevancy_score": 562.8821395973155, "price": "$11.44"}, {"title": "KidKraft Super Model Dollhouse with 11 Accessories Included", "tags": "Doll Clothes & Accessories KidKraft Wooden Dollhouses Barbie Vehicles All Dolls and", "relevancy_score": 2740.2742971786834, "price": "$84.99"}, {"title": "Minnie Bow-Tique Bowtastic Shopping Basket Set, Ages 3+", "tags": "Pretend Play Toys for Boys Shopping Carts Fisher Price Food Baskets Kids 5 to 7 Years", "relevancy_score": 302.06882105263156, "price": "$11.00"}, {"title": "Disney Frozen 2 Anna Fashion Doll with Long Red Hair & Movie Outfit", "tags": "All Disney Toys Frozen Dolls & Dollhouses Plush Princess Fashion Barbie", "relevancy_score": 633.4647365853659, "price": "$11.00"}, {"title": "VTech Helping Heroes Fire Station Playset With Two Firefighters", "tags": "Kids Instruments Learning Playsets Shop Toys by Price All Car Tracks Leapfrog Science & Education Fisher-Price LeapFrog", "relevancy_score": 94.29758461538462, "price": "$29.82"}, {"title": "VTech, Sort and Discover Drum, Interactive Learning Toy, Baby Drum", "tags": "Ages 12-24 months Baby and Toddler Music Toys 12-18 Month Toys, Book & Keepsakes Fisher Price Learning Shape Sorters Stacking", "relevancy_score": 291.05375319148936, "price": "$12.97"}, {"title": "My Life As Bathroom Play Set for 18\" Dolls, 17 Pieces", "tags": "", "relevancy_score": 536.3309021276596, "price": "$39.94"}, {"title": "Multipet Look Who's Talking Plush Frog Dog Toy", "tags": "Multipet Dog Toys Vibrant Life Fetch Pet Supplies Accessories Chew Toy Plush", "relevancy_score": 496.3376225352113, "price": "$5.73"}, {"title": "Kent 18\" Sparkles Girl's Bike, Black/Pink", "tags": "Schwinn Cruiser Bikes Huffy BMX Hybrid Bike Helmets Bicycles with Training Wheels Kids' Kid's", "relevancy_score": 1036.0179916666666, "price": "$88.00"}, {"title": "Easy-Bake Oven Chocolate Chip & Pink Sugar Cookies Refill Pack", "tags": "Shop Toys by Price Cooking & Baking Hair, Nail Spa Cool Maker DIY Food Craft Kits Fisher Pretend Play Pre-Made Slime", "relevancy_score": 249.32059534883723, "price": "$18.84"}, {"title": "Barbie Fashionistas Doll #141 with Long Red Hair & Tie-Dye Fringe Dress", "tags": "Barbie Careers Dolls & Dollhouses Ken Sisters, Friends, Pets Fashion All Walmart Exclusives", "relevancy_score": 141.40458983050846, "price": "$7.94"}, {"title": "Spark. Create. Imagine. Wooden Animal Blocks with Shape Sorting Lid, 150 Pieces", "tags": "Science & Education All Wooden Blocks Melissa Doug Toys Magnetic for 4 year olds 2 3", "relevancy_score": 545.944248951049, "price": "$13.88"}, {"title": "Disney Frozen 3-Wheel Ride-On Electric Bubble Scooter by Huffy", "tags": "All Scooters Frozen Ride Ons Kids Scooter Electric Kick Huffy Bikes & Riding Toys", "relevancy_score": 88.08194999999999, "price": "$48.84"}, {"title": "Pixie Belles - Esme (White) - Interactive Electronic Pet with Bonus Tail", "tags": "Top Rated Toys by Kids Collectible Dolls Pomsies 8 to 11 Years Electronic Pets for age 2-4 girls 5 7", "relevancy_score": 640.1292674157303, "price": "$4.87"}, {"title": "Wild Hearts Crew Jacy Masters Doll with Style Accessories", "tags": "All Disney Princess Toys Father's Day Electronics Connected Dorm Room Shop Glass Mother's Gifts Audio for Grads Back to School Home Visual", "relevancy_score": 92.93915918367347, "price": "$7.00"}, {"title": "Paw Patrol, Lights and Sounds Air Patroller Plane", "tags": "PJ Masks and Paw Patrol Toys All Preschool Vehicles & Playsets Play PAW by Price", "relevancy_score": 935.0845035714285, "price": "$36.99"}, {"title": "Nick Jr. Paw Patrol 6V Plush Ride ons for Toddlers - Chase/Marshall/Skye", "tags": "Ride Ons for Girls PJ Masks and Paw Patrol 6V Powered Plush ons All PAW Toys Huffy", "relevancy_score": 1404.1722790697675, "price": "$69.00"}, {"title": "Nintendo Switch Console, Animal Crossing: New Horizons Edition", "tags": "Accessories for Nintendo, PC, Xbox and PlayStation Systems 4 (PS4) Consoles Super Mario Video Games Nintendo Switch Action & Adventure Lite", "relevancy_score": 463.7760378378378, "price": "$299.00"}, {"title": "Little People Work Together Dump Truck", "tags": "12-18 Month Toys Push, Pull, and Walker Fisher Price Baby Learning Electronic Toddler Playsets Vtech", "relevancy_score": 223.19112000000004, "price": "$9.84"}, {"title": "Genesis 26\" Whirlwind Women's Mountain Bike, Gray", "tags": "Huffy Cruiser Bikes Women's Hybrid Commuter Schwinn Mountain Mongoose", "relevancy_score": 440.33762253521127, "price": "$148.00"}, {"title": "Fun 2 Bake Electric Play Oven with Pan and Accessories, Blue", "tags": "Shop Toys by Price Easy-Bake Oven Hair, Nail & Spa Cool Maker DIY Food Craft Kits Fisher Pretend Play Kids Kitchen Appliances", "relevancy_score": 171.15615454545454, "price": "$19.84"}, {"title": "VTech, Little Apps Tablet, Tablet for Toddlers, Learning Toy", "tags": "Mirrorless Cameras Vtech All Refurbished Tablets Android for Kids 7 Inch", "relevancy_score": 1097.4923208791208, "price": "$14.97"}, {"title": "Kindi Kids Snack Time Friends 10\" Doll, Summer Peaches", "tags": "Top Rated Toys by Kids Dollhouses & Play Sets Dolls Playsets Shopping Carts Fashion for 5 to 7 Years", "relevancy_score": 55.10334634146342, "price": "$19.97"}, {"title": "LeapFrog, Dinos Delightful Day Book, Interactive Book for 1 Year Olds", "tags": "Learning Playsets Bilingual Toys Leapfrog Science & Education VTech for Kids 2 to 4 Years Fisher-Price LeapFrog", "relevancy_score": 218.69112, "price": "$16.26"}, {"title": "LeapFrog Pick Up and Count Vacuum With 10 Colorful Play Pieces", "tags": "Science & Education Housekeeping Toys VTech Pretend Play for Boys Blue's Clues LeapFrog Learning Math Kids", "relevancy_score": 109.69758461538463, "price": "$27.88"}, {"title": "Little People Launch & Loop Raceway Vehicle Playset", "tags": "", "relevancy_score": 111.89758461538462, "price": "$44.29"}, {"title": "Fisher-Price Laugh & Learn Silly Sounds Light-Up Piano Infant Toy", "tags": "Kids Instruments Learning Playsets Science & Education VTech Toys LeapFrog Musical Fisher Price Pretend Play for Babies 12 to 24 months", "relevancy_score": 237.4240148148148, "price": "$11.99"}, {"title": "Jetson Rave Extreme-terrain Hoverboard with cosmic Light-up wheels", "tags": "Bluetooth Hoverboards Jetson Ride Ons Kid's Hoverboard Electric Transportation Adult Scooter for Boys Girls", "relevancy_score": 1288.8673242236027, "price": "$178.00"}, {"title": "My Life As Stackable Doll Bed for 18\" Dolls", "tags": "", "relevancy_score": 194.56297142857142, "price": "$19.97"}, {"title": "Disney Princess Royal Shimmer Belle with Sparkly Skirt, Tiara, Shoes", "tags": "Princess Ariel Dolls All Disney Toys Frozen & Dollhouses Rapunzel Cinderella Belle", "relevancy_score": 119.59342222222223, "price": "$7.94"}, {"title": "Rock 'Em Sock 'Em Robots Boxing Game for 2 Players Ages 6Y+", "tags": "Electronic Toys Robots & Pets Classic Games Family All Board for Kids 8 to 11 Years 5 7", "relevancy_score": 479.58213959731546, "price": "$16.99"}, {"title": "Barbie Deluxe 20-Piece Glitter and Go Styling Head \u2013 Blonde Hair, Ages 5+", "tags": "Unicorn Comforters Bedding Sets All Toys Pool Floats Kids Clothing Wall Decor Dolls", "relevancy_score": 155.91494193548385, "price": "$29.84"}, {"title": "Contixo 7\" Kids Tablet Android 8.1 with WiFi Camera 16GB Learning Tablet for Toddlers Children Kids Place Parental Control Pre-installed 20+ Education Apps w/Kid-Proof Protective Case (Blue)", "tags": "7 Inch Tablets Vtech Electronics Tax Time Android for Kids All 10", "relevancy_score": 400.43357974683545, "price": "$59.99"}, {"title": "Kid Connection Bathing Baby Doll Play Set, 12 Pieces Included", "tags": "Baby Dolls My Sweet Love Kid Connection & Dollhouses Toys Playsets for Kids 5 to 7 Years", "relevancy_score": 107.03872727272727, "price": "$9.97"}, {"title": "Disney Princess Parade 5 Pack by Little People", "tags": "Princess Ariel Dolls All Preschool Action Figures & Playsets Rapunzel Fisher-Price Little People Disney Play Vehicles by Price", "relevancy_score": 209.46687567567568, "price": "$39.99"}, {"title": "Na! Na! Na! Surprise 3-in-1 Backpack Bedroom Black Kitty Playset with Limited Edition Doll", "tags": "Collectible Dolls 2 to 4 Years 8 11 Stuffed Animals for Girls & Dollhouses Fashion 5 7 Boys", "relevancy_score": 114.79342222222223, "price": "$39.88"}, {"title": "Blue\u2019s Clues & You! Take-Along Friends Set, Ages 3+", "tags": "All Stuffed Animals & Plush Leapfrog Science Education 8 to 11 Years for Girls LeapFrog Learning Toys 5 7 Boys", "relevancy_score": 213.86687567567566, "price": "$24.88"}, {"title": "LeapFrog LeapPad Academy Green Kids Tablet with LeapFrog Academy", "tags": "Science & Education VTech Toys Learning Books Software LeapFrog Tablets with Parental Control All for Kids", "relevancy_score": 360.19443893805305, "price": "$107.99"}, {"title": "Cool Maker - JoJo Siwa Bow Maker with Rainbow and Unicorn Patterns, for Ages 6 and up (Edition May Vary)", "tags": "Doll Clothes & Accessories Jojo Siwa Toys Hair, Nail Spa Cool Maker Nickelodeon Slime DIY Kits Pre-Made Shop All Kids Jewelry Making", "relevancy_score": 436.4309021276596, "price": "$24.97"}, {"title": "Cry Babies Good Night Coney Doll", "tags": "", "relevancy_score": 114.16526896551724, "price": "$24.88"}, {"title": "Hairdorables 18\" Mystery Fashion Doll - Noah", "tags": "Shop Toys by Price Collectible Dolls Jojo Siwa & Dollhouses Hairdorables LOL Surprise Fashion for Kids 5 to 7 Years", "relevancy_score": 7.280325, "price": "$33.45"}, {"title": "My Life As 18-inch Poseable Horse Play Set for 18\" Dolls, 9 Pieces, Multiple Colors", "tags": "", "relevancy_score": 141.77936393442624, "price": "$27.97"}, {"title": "Kid Connection Deluxe Tea Party Set, 33 pieces", "tags": "", "relevancy_score": 93.79408, "price": "$9.97"}, {"title": "Barbie Fashionistas Doll, Blonde Hair with Wheelchair & Ramp", "tags": "Barbie Careers Ken Sisters, Friends, & Pets Fashion Dolls All Fashionistas Doll Playsets", "relevancy_score": 247.2442731707317, "price": "$15.18"}, {"title": "Dynacraft 16\" Barbie Girls' Bike", "tags": "Kids' Tricycles Huffy BMX Bikes Bike Pads Helmets Mountain Bicycles with Training Wheels Kid's", "relevancy_score": 1402.7145223140496, "price": "$84.00"}, {"title": "Step2 Little Bakers Kids Play Kitchen with 30 Piece Accessory Play Set", "tags": "KidKraft Pretend Play Toys for Boys Little Tikes Kitchens Step 2 Step2 Fisher Price", "relevancy_score": 2483.6487219683654, "price": "$104.99"}, {"title": "Cry Babies Magic Tears Winged House Surprise Collectable Doll", "tags": "Shop Toys by Price Collectible Dolls Baby Born & Dollhouses Alive Fashion for Kids 5 to 7 Years", "relevancy_score": 148.5827625, "price": "$9.69"}, {"title": "VTech Busy Learners Activity Cube, Learning Toy for Infant Toddlers", "tags": "Ages 0-12 months 12-24 Baby and Toddler Music Toys 12-18 Month Toys, Book & Keepsakes Fisher Price Crib Vtech", "relevancy_score": 300.62263478260866, "price": "$16.19"}, {"title": "Barbie Fashionistas Doll #140 with Long Brunette Hair & Mouse-Print Dress", "tags": "", "relevancy_score": 94.83915918367347, "price": "$7.94"}, {"title": "Thomas & Friends Super Cruiser Transforming Train Track Set", "tags": "Trains & Train Sets Thomas the Toys Tracks Friends Wood MINIS Car Fisher Price Preschool", "relevancy_score": 200.44196712328767, "price": "$19.99"}, {"title": "UNO Disney Frozen II Card Game", "tags": "Frozen Dolls & Dollhouses Classic Games Family Puzzles All Board Toys", "relevancy_score": 140.2426, "price": "$5.44"}, {"title": "LEGO Disney Frozen II Anna's Canoe Expedition 41165 Building Kit", "tags": "LEGO Frozen Easter Building Sets Toys Ages 5 to 7 Games & Puzzles Princess and Dollhouses All Disney", "relevancy_score": 172.6769014925373, "price": "$16.00"}, {"title": "18 inches Doll Clothes 10 Different Unique Styles Well Fit for American Girls Doll, Doll and Me, My Life Doll, and My Generation Doll by Party Zealot", "tags": "Baby Doll Accessories Furniture Clothing and Fashion My Life As & Dolls American Girl Clothes Dollhouses Playsets", "relevancy_score": 331.67883106796114, "price": "$21.99"}, {"title": "Barbie Ken Dog Trainer Doll with Accessories and 2 Dogs", "tags": "Barbie Careers Chelsea Sisters, Friends, & Pets Fashion Dolls All Fashionistas Doll Playsets", "relevancy_score": 157.44939047619047, "price": "$14.88"}, {"title": "Barbie Fashionistas Doll, Curvy Body Type Wearing Floral Romper", "tags": "Barbie Careers Ken Dreamtopia Sisters, Friends, & Pets Fashion Dolls All Doll Playsets", "relevancy_score": 258.67883106796114, "price": "$7.94"}, {"title": "Little People Swing & Share Treehouse Playset", "tags": "Ages 0-12 months Baby Toys Fisher Price Electronic and Toddler Playsets Activity Centers Vtech", "relevancy_score": 152.71494193548386, "price": "$37.99"}, {"title": "Bright Starts Rattle and Shake Barbell Toy, Ages 3 months +", "tags": "All Baby Teethers Ages 0-12 months 3-6 Month Toys Stroller & Car Seat Toy Favorites 0-3 6-9", "relevancy_score": 656.4746216867469, "price": "$2.88"}, {"title": "Robo Alive Lurking Lizard Battery-Powered Robotic Toy by ZURU (Coloring May Vary)", "tags": "Electronic Toys Robots & Pets Robotic for Kids 12 Years Up Toddler Boy Robot age 2-4 boys", "relevancy_score": 225.464043373494, "price": "$12.97"}, {"title": "LEGO Friends Baking Competition 41393 Creative Building Toy for Girls (361 Pieces)", "tags": "LEGO Friends Easter Building Sets Toys Ages 5 to 7 Princess and Dollhouses 4+ 8 11", "relevancy_score": 76.49506666666667, "price": "$34.79"}, {"title": "Hover-1 Turbo Hoverboard, LED Infinity Wheels, LED Headlights, 220 Max Weight, 7 MPH", "tags": "", "relevancy_score": 5.144683870967742, "price": "$149.00"}, {"title": "My Life As World Traveler Play Set, 24 Pieces", "tags": "", "relevancy_score": 20.527670588235296, "price": "$19.97"}, {"title": "Play-Doh Kitchen Creations Candy Delight Playset, Includes Non-Toxic Colors", "tags": "Play-Doh Sets Play Dough Licensed Food PAW Patrol Toys Compound", "relevancy_score": 95.79408, "price": "$24.97"}, {"title": "Barbie Club Chelsea Doll and Horse", "tags": "Barbie Careers Dreamtopia Sisters, Friends, & Pets Dollhouses Vehicles All Dolls Doll Playsets Walmart Exclusives", "relevancy_score": 47.1213, "price": "$14.88"}, {"title": "Little People 1-2-3 Babies Playdate Musical Playset with 3 Multi-color Baby Figures", "tags": "Ages 0-12 months 12-24 Fisher Price Linkimals Baby Toys Electronic and Toddler Playsets", "relevancy_score": 129.4824142857143, "price": "$33.99"}, {"title": "Barbie Farm-Themed Fashion Pack, 9 Pieces For Barbie Doll", "tags": "Barbie Careers Doll Clothing and Fashion Accessories Sisters, Friends, & Pets All Dolls Playsets Walmart Exclusives", "relevancy_score": 89.89758461538462, "price": "$14.88"}, {"title": "JoJo Siwa Styling Head", "tags": "Jojo Siwa Toys Hair, Nail & Spa Cool Maker Disney Princess Dolls Hairdorables Kids Musical Instruments Fashion All Barbie", "relevancy_score": 288.71217959183673, "price": "$18.30"}, {"title": "Little Live Scruff-a-Luvs Surprise Rescue, Reveal and Heal with Plush Pets (Style May Vary)", "tags": "All Stuffed Animals & Plush 2 to 4 Years Little Live Pets 8 11 for Girls Toys Kids 5 7 Boys", "relevancy_score": 23.948551351351348, "price": "$4.97"}, {"title": "Little People Helpful Neighbor's Garage with 2 Wheelies Vehicles", "tags": "Ages 0-12 months Baby Toys Fisher Price Electronic and Toddler Playsets Activity Centers Vtech", "relevancy_score": 174.56297142857142, "price": "$36.28"}, {"title": "Contixo 10 inch K101 16GB 2GB RAM Kids Tablet with Children Parental Control Wifi 20+ Learning Games & Apps Exclusive Looney Tunes Content for Toddlers W/ Kid-Proof Case - Blue", "tags": "All Tablets 7 Inch Electronics Tax Time 10 Samsung Android", "relevancy_score": 464.43357974683545, "price": "$99.50"}, {"title": "Kindi Kids Fun Time 10 Inch Doll - Dr Cindy Pops", "tags": "Top Rated Toys by Kids Dollhouses & Play Sets Dolls Playsets Shopping Carts Fashion for 5 to 7 Years", "relevancy_score": 30.747533333333333, "price": "$19.97"}, {"title": "Only At Walmart: Baby Alive Baby Grows Up Bonus Pack (Sweet) - Sweet Blossom or Lovely Rosie, 8 Accessories, 14 BONUS Party Surprises", "tags": "Baby Dolls Dollhouses & Play Sets Doll Accessories Clothing and Fashion Alive Clothes Playsets", "relevancy_score": 321.56882105263156, "price": "$59.99"}, {"title": "VTech Wiggle and Crawl Ball With Animal Friends Encourages Motor Skills", "tags": "Ages 0-12 months 12-24 Baby and Toddler Music Toys Toys, Book & Keepsakes Fisher Price Electronic Vtech", "relevancy_score": 292.83836129032255, "price": "$13.88"}, {"title": "Present Pets, Glitter Puppy Interactive Plush Pet Toy with Over 100 Sounds and Actions (Style May Vary)", "tags": "", "relevancy_score": 73.49506666666667, "price": "$49.97"}, {"title": "VTech Call and Chat Learning Phone, Pretend Play Toy Phone For Kids", "tags": "Ages 0-12 months 12-24 Baby and Toddler Music Toys Toys, Book & Keepsakes Fisher Price Electronic", "relevancy_score": 624.6842714285714, "price": "$11.14"}, {"title": "Sonic the Hedgehog 3 LCD Video Game, Inspired by the Vintage Game", "tags": "", "relevancy_score": 22.947533333333336, "price": "$14.99"}, {"title": "Melissa & Doug Mine to Love Disappearing Liquid Milk Bottle and Bib for Dolls", "tags": "Doll Clothes & Accessories Baby Dolls Furniture Clothing and Fashion Melissa Doug Toys Alive", "relevancy_score": 365.1276672897197, "price": "$6.92"}, {"title": "Collins Key Fake Food Mystery Challenge Wheel", "tags": "", "relevancy_score": 138.3827625, "price": "$29.77"}, {"title": "Barbie Sweet Orchard Farm Chelsea Doll with Red Watering Can", "tags": "Barbie Careers Dreamtopia Sisters, Friends, & Pets All Dolls Fashionistas Doll Playsets Walmart Exclusives", "relevancy_score": 152.2426, "price": "$6.88"}, {"title": "Trolls World Tour Color Poppin\u2019 Poppy, Ages 3+", "tags": "Hasbro Trolls Dolls Stuffed Animals LEGO Sets Ages 5 to 7 All Toys Arts & Crafts Fashion", "relevancy_score": 236.8442731707317, "price": "$19.97"}, {"title": "Cry Babies Baby Doll Stroller", "tags": "Doll Clothes & Accessories Baby Dolls Furniture Dollhouses My Sweet Love Alive Strollers", "relevancy_score": 52.90334634146342, "price": "$12.99"}, {"title": "Baby Doll with Wagon Play Set", "tags": "Doll Clothes & Accessories Baby My Sweet Love Dolls Dollhouses JC Toys Alive Reborn", "relevancy_score": 119.0824142857143, "price": "$20.44"}, {"title": "VTech Light-Up Baby Touch Tablet, Learning Toy for Baby, Pink", "tags": "Ages 0-12 months 12-24 Baby and Toddler Music Toys 12-18 Month Fisher Price Electronic", "relevancy_score": 364.5048842105263, "price": "$16.99"}, {"title": "VTech, Alphabet Apple, ABC Learning Toy, Preschool Toy", "tags": "Ages 0-12 months Baby and Toddler Music Toys Toys, Book & Keepsakes Fisher Price Electronic Vtech", "relevancy_score": 642.874621686747, "price": "$19.88"}, {"title": "Zimtown Safety 12V Battery Electric Remote Control Car, Kids Toddler Ride On Truck Toy Motorized Vehicles, Wheels Suspension, Seat Belts, LED Lights and Realistic Horns Pink", "tags": "", "relevancy_score": 32.144252631578944, "price": "$149.99"}, {"title": "Rainbow High Ruby Anderson \u2013 Red Fashion Doll with 2 Outfits", "tags": "Collectible Dolls LOL Surprise O.M.G Cave Club Princess Rapunzel Disney & Dollhouses Fashion", "relevancy_score": 126.88241428571428, "price": "$26.23"}, {"title": "Barbie Fashionistas Doll #135 With Vitiligo", "tags": "Barbie Careers Ken Collector Sisters, Friends, & Pets Fashion Dolls All Doll Playsets", "relevancy_score": 223.51472631578946, "price": "$7.89"}, {"title": "Baby Alive Doll Play Yard", "tags": "Doll Clothes & Accessories Baby Furniture Clothing and Fashion Alive Dolls Strollers", "relevancy_score": 65.99506666666667, "price": "$27.99"}, {"title": "Cave Club Tella Doll (8 - 10-Inch) Prehistoric Fashion Doll with Dinosaur Pet", "tags": "Shop Toys by Price Collectible Dolls LOL Surprise O.M.G Series 3 & Dollhouses Hairdorables Fashion", "relevancy_score": 163.41510769230769, "price": "$12.94"}, {"title": "Pinkfong Baby Shark Official Song Cube - Baby Shark - by WowWee", "tags": "2 to 4 Years Baby Shark Toys 8 11 Stuffed Animals for Girls Electronic Pets 0-12 Months 5 7 Boys", "relevancy_score": 592.7794754491018, "price": "$6.99"}, {"title": "Lucky Fortune Blind Collectible Bracelets - 4-pack Take-out Box - Series 1 - By WowWee", "tags": "LOL Surprise Dolls Series 2 Poopsie Slime Toys for Kids 12 Years & Up 8 to 11 Unicorn 5 7 Pre-Made Shop", "relevancy_score": 164.44647272727272, "price": "$8.73"}, {"title": "Polly Pocket Pollyville Snow Cabin Compact, Micro Doll & Accessories", "tags": "Trains & Train Sets Polly Pocket Pollyville Thomas the Toys Compacts Dolls Dollhouses Playsets", "relevancy_score": 89.79408, "price": "$4.97"}, {"title": "Disney Baby Peek-A-Boo Plush, Mickey Mouse, Ages 0+", "tags": "2 to 4 Years All Minnie Mouse Toys 8 11 Stuffed Animals for Girls Mickey 5 7 Boys", "relevancy_score": 137.64939047619046, "price": "$26.92"}, {"title": "Pots N Pan Set", "tags": "Cooking & Baking Toys Play Kitchens Pretend for Boys Fisher Price Food Toy Cookware Sets", "relevancy_score": 345.2158037735849, "price": "$21.99"}, {"title": "Frozen 2 Sing Along Microphone", "tags": "Kids Instruments Frozen Karaoke Machines & Dolls Dollhouses All Trolls Toys Musical", "relevancy_score": 63.96006956521739, "price": "$9.97"}, {"title": "VTech Zoo Jamz Piano Zebra 4-in-1 Instrument With Microphone", "tags": "Ages 0-12 months 12-24 Baby and Toddler Music Toys 12-18 Month Fisher Price Electronic Vtech", "relevancy_score": 241.36404337349398, "price": "$24.88"}, {"title": "Barbie Club Chelsea Doll, 6-Inch Blonde With Dinosaur-Themed Look", "tags": "Barbie Careers Dreamtopia Sisters, Friends, & Pets Fashion Dolls All Fashionistas Doll Playsets", "relevancy_score": 49.1213, "price": "$6.88"}, {"title": "Monopoly Game: Disney Frozen 2 Edition Board Game for Ages 8 and Up", "tags": "Frozen Dolls & Dollhouses Classic Games Family Puzzles All Board Toys Monopoly", "relevancy_score": 440.1731669421488, "price": "$12.88"}, {"title": "12 Volt Minnie Mouse Mercedes GLS-320 Battery Powered Ride-On", "tags": "Ride Ons for Girls All Disney Toys 6V Powered Housekeeping Toddler Girl", "relevancy_score": 236.99013333333335, "price": "$249.00"}, {"title": "My Life As 18-inch Poseable Foreign Language Tutor Doll, African American", "tags": "", "relevancy_score": 262.8442731707317, "price": "$24.88"}, {"title": "Step2 Fun With Friends Kitchen Tan Kitchen Play Set", "tags": "KidKraft Pretend Play Toys for Boys Little Tikes Kitchens Step 2 Step2 Fisher Price", "relevancy_score": 786.8256117647059, "price": "$99.98"}, {"title": "FailFix - SlayItDJ Total Makeover Doll Pack - 8.5\" Fashion Doll", "tags": "Collectible Dolls Dollhouses & Play Sets LOL Surprise O.M.G Series 3 Only at Walmart Toys Fashion", "relevancy_score": 75.48195, "price": "$18.84"}, {"title": "Bell Disney Frozen 3D Tiara Bike Helmet, Toddler 3+ (48-52cm)", "tags": "Kids' Bikes & Riding Knee Pads BIkes for Girls Frozen Ride Ons All Disney Toys Trolls Razor Sport Helmets PAW Patrol Kids", "relevancy_score": 209.46687567567568, "price": "$19.97"}, {"title": "BowBow on the Go Go, Ages 3+", "tags": "Play Kitchens Jojo Siwa Toys Housekeeping Girls Costumes Frozen Costume Pretend for Boys All Princess Dress-Up Sets Kids &", "relevancy_score": 76.76006956521739, "price": "$24.99"}, {"title": "My Life As Backpack Doll Carrier for 18\" Doll, Pink and Blue", "tags": "Doll Clothes & Accessories Furniture Clothing and Fashion My Life As Dolls American Girl", "relevancy_score": 100.89758461538462, "price": "$19.97"}, {"title": "Robo Alive Ferocious Fire Dragon Battery-Powered Robotic Toy by Zuru", "tags": "Electronic Toys Robots & Pets Robotic RC and Vehicle Boost April '20 Dinosaur Jurassic World Robot", "relevancy_score": 715.8382961538462, "price": "$16.19"}, {"title": "Disney Princess 6\" Petite Rapunzel Doll with Glittered Hard Bodice and includes comb", "tags": "Princess Ariel Dolls All Disney Toys Frozen & Dollhouses Belle Fashion", "relevancy_score": 111.36526896551725, "price": "$7.97"}, {"title": "Barbie Club Chelsea Doll and School Playset, 6-Inch Blonde, with Accessories", "tags": "Barbie Careers Dollhouses & Play Sets Playsets Sisters, Friends, Pets Vehicles All Dolls Doll", "relevancy_score": 114.64640754716982, "price": "$18.93"}, {"title": "Cave Club Roaralai Doll (8 - 10-Inch) Prehistoric Fashion Doll with Dinosaur Pet", "tags": "Shop Toys by Price Collectible Dolls LOL Surprise O.M.G Series 3 & Dollhouses Hairdorables Fashion", "relevancy_score": 155.91494193548385, "price": "$12.94"}, {"title": "Disney Princess Petite Tiana 6\" Doll with Glittered Hard Bodice and includes Comb", "tags": "Moana Toys Princess Ariel Dolls All Disney Frozen & Dollhouses Rapunzel Fashion", "relevancy_score": 50.1213, "price": "$7.97"}, {"title": "Peppa Pig's Transforming Campervan Feature Playset", "tags": "Top Rated Toys by Kids Trains & Train Sets Dollhouses Play All Action Role Playsets Car Peppa Pig Dolls Clothes and Accessories", "relevancy_score": 221.3205953488372, "price": "$39.82"}, {"title": "Hot Dots\u00ae Jr. Let\u2019s Master Kindergarten Math", "tags": "Ages 0-12 months 12-24 Baby and Toddler Music Toys 12-18 Month Toys, Book & Keepsakes Fisher Price Electronic", "relevancy_score": 587.8281554140127, "price": "$14.90"}, {"title": "Blue\u2019s Clues & You! Blue\u2019s House Playset, 13 pieces, Ages 3+", "tags": "All Action Figure Playsets Leapfrog Science & Education Preschool Figures 8 to 11 Years Stuffed Animals for Girls LeapFrog Learning Toys Boys", "relevancy_score": 143.2426, "price": "$39.97"}, {"title": "FailFix - Loves.Glam Total Makeover Doll Pack - 8.5\" Fashion Doll", "tags": "Collectible Dolls LOL Surprise O.M.G Cave Club Series 3 Only at Walmart Toys & Dollhouses Fashion", "relevancy_score": 95.79408, "price": "$18.84"}, {"title": "My Life As 18\" Poseable World Vlogger Doll, Hispanic", "tags": "", "relevancy_score": 387.26196363636365, "price": "$29.97"}, {"title": "Disney Frozen II Design and Store 6 Bin Toy Organizer by Delta Children", "tags": "Toddler Bedding Sets & Sheets Shop All Beds Toddlers' Rugs Toy Chests Nursery Storage Playroom Frozen Furniture Blankets", "relevancy_score": 1407.699652722063, "price": "$31.84"}, {"title": "LeapFrog LeapStart 3D Interactive Learning System With Animations", "tags": "Learning Playsets Shop Toys by Price Leapfrog Science & Education VTech for Kids 2 to 4 Years Books LeapFrog", "relevancy_score": 502.3635835616438, "price": "$37.00"}, {"title": "JoJo Siwa Mystery Collectible Figure, Sold Separately, Ages 3+", "tags": "Shop Toys by Price Collectible Dolls Girls Costumes Hair, Nail & Spa Cool Maker Dollhouses Hairdorables Fashion", "relevancy_score": 81.52230638297873, "price": "$4.88"}, {"title": "Cra-Z-Art the Real Cotton Candy Maker", "tags": "Easy-Bake Oven Costumes & Dress Up Hair, Nail Spa Toys Cool Maker Be Inspired Craft Kits DIY Food Fisher Price Pretend Play", "relevancy_score": 656.6790918918919, "price": "$34.82"}, {"title": "Tobbi 12V Kids Ride On Car, Maserati Licensed Electric Car, Kids to Ride Motorized Vehicle for Girls, with Remote Control MP3 LED Lights, Pink Ride-On Car Toy Gift", "tags": "Ride Ons for Girls 6V Powered All Toys 1 year old Toddler Boy Boys Moped Scooter age 2-4 boys", "relevancy_score": 185.16012307692304, "price": "$170.99"}, {"title": "18 Inch Doll Clothes for American Girl Dolls, Cute Clothes for Any 18\" Doll", "tags": "Baby Doll Accessories Clothing and Fashion Dolls & Dollhouses My Life As American Girl Clothes Playsets", "relevancy_score": 20.527670588235296, "price": "$20.99"}, {"title": "L.O.L. Surprise! Neon Q.T. \u2013 Huggable, Soft Plush Doll", "tags": "LOL Surprise O.M.G Dolls Series 3 & Dollhouses Boys 1 Fashion Toys for Kids 5 to 7 Years", "relevancy_score": 10.280325, "price": "$19.88"}, {"title": "Robo Alive Roaring Ice Dragon Battery-Powered Robotic Toy by Zuru", "tags": "Electronic Toys Robots & Pets Top Rated by Kids Robotic Dragon Dinosaur Jurassic World Robot", "relevancy_score": 715.8382961538462, "price": "$19.97"}, {"title": "Cave Club Fernessa Doll (8 - 10-Inch) Prehistoric Fashion Doll with Dinosaur Pet", "tags": "Shop Toys by Price Collectible Dolls LOL Surprise O.M.G Series 3 & Dollhouses Hairdorables Fashion", "relevancy_score": 169.70643529411765, "price": "$12.94"}, {"title": "L.O.L. Surprise! O.M.G. Lights Angles Fashion Doll with 15 Surprises", "tags": "Top Rated Toys by Kids Collectible Dolls LOL Surprise O.M.G Series 3 & Dollhouses Lights Winter Disco Fashion", "relevancy_score": 851.5223625615764, "price": "$22.49"}, {"title": "Disney Princess Royal Shimmer Cinderella, Ages 3 and up", "tags": "Princess Ariel Dolls All Disney Toys Frozen & Dollhouses Rapunzel Cinderella Belle", "relevancy_score": 129.02456842105263, "price": "$8.88"}, {"title": "Barbie Soccer Coach Playset With 2 Dolls And Accessories", "tags": "Barbie Careers Chelsea Dreamtopia Sisters, Friends, & Pets Fashion Dolls Dollhouses Vehicles All", "relevancy_score": 114.79342222222223, "price": "$14.88"}, {"title": "Barbie CookieSwirlC Doll and Accessories", "tags": "Barbie Careers Sisters, Friends, & Pets Fashion Dolls All Fashionistas Doll Playsets Clothing Accessories", "relevancy_score": 175.2464727272727, "price": "$23.88"}, {"title": "Disney Frozen Anna Classic Fashion Doll for Ages 3 and up", "tags": "Frozen Dolls & Dollhouses Disney Plush Toys Princess Rapunzel All Fashion My Life As Playsets", "relevancy_score": 24.640742857142858, "price": "$7.94"}, {"title": "Trolls World Tour Dance Off Plush Set, 5 pieces, Ages 3 +", "tags": "All Stuffed Animals & Plush VTech Toys 8 to 11 Years for Girls Easter Unicorn 5 7 Boys", "relevancy_score": 5.144683870967742, "price": "$25.00"}, {"title": "Barbie Club Chelsea Dress-Up Doll in Cat Costume, 6-Inch with Red Hair", "tags": "Barbie Careers Chelsea Dreamtopia Sisters, Friends, & Pets Fashion Dolls All Doll Playsets", "relevancy_score": 100.89758461538462, "price": "$9.94"}, {"title": "Disney Frozen 2 Princess Elsa Dress Up Wig", "tags": "All Halloween Costumes Wigs Frozen Anna Girl's Elsa Kids'", "relevancy_score": 26.235046153846152, "price": "$19.88"}, {"title": "Disney Princess Royal Shimmer Ariel with Sparkly Skirt, Tiara, Shoes", "tags": "Princess Ariel Dolls All Disney Toys Frozen & Dollhouses Rapunzel Cinderella Belle", "relevancy_score": 124.28241428571428, "price": "$17.96"}, {"title": "Fisher-Price Stack & Roll Cups", "tags": "Kids Instruments Learning Playsets Science & Education VTech Toys Melissa Doug Math for Fisher Price Pretend Play Babies 12 to 24 months", "relevancy_score": 250.7733348314607, "price": "$7.88"}, {"title": "LeapFrog, Mr. Pencil's ABC Backpack, Preschool Learning Toy, Phonics Toy", "tags": "Bilingual Toys Leapfrog Science & Education VTech for Kids 2 to 4 Years Learning Books LeapFrog Math", "relevancy_score": 256.68334285714286, "price": "$29.99"}, {"title": "VTech, KidiZoom Smartwatch DX2, Smart Watch for Kids, Learning Watch", "tags": "", "relevancy_score": 480.4958176470588, "price": "$59.00"}, {"title": "Hover-1 Helix Refurbished UL Certified Electric Hoverboard w/ 6.5in in LED Wheels, LED Sensor Lights, Bluetooth Speaker; Lithium-ion 10 Cell battery; Boys and Girls 8+ and Less than 160 lbs - Black", "tags": "Schwinn Yamaha All LOL Surprise Best Choice Products Nerf Huffy Bissell Xtremepowerus", "relevancy_score": 19.727670588235295, "price": "$79.99"}, {"title": "Ryan's World Super Surprise Safe", "tags": "Kid Influencer Toys Collectible Novelty Only at Walmart for Kids 2 to 4 Years Ryan's World Catalog L.O.L. Surprise! 5 7", "relevancy_score": 1773.0474685512368, "price": "$39.82"}, {"title": "Disney Frozen 2 Elsa Fashion Doll and Nokk Figure Playset", "tags": "All Disney Toys Frozen Dolls & Dollhouses Plush Costume Princess Fashion", "relevancy_score": 271.7205953488372, "price": "$21.21"}, {"title": "Disney/Pixar Incredibles 2 Elasticycle 6-Volt Battery-Powered Ride-On by Huffy", "tags": "6V Powered Ride Ons All Dirt Bikes & ATVs Toys for 4 year olds Boys Huffy 3", "relevancy_score": 77.79408, "price": "$99.00"}, {"title": "Baby Alive Face Paint Fairy, Blonde Hair Doll, for Kids Ages 3 and up", "tags": "Shop Toys by Price Dollhouses & Play Sets Dolls Playsets Baby Alive Fashion for Kids 5 to 7 Years Clothes and Accessories", "relevancy_score": 1048.1616357976652, "price": "$25.97"}, {"title": "Disney Moana Small Bean Plush Bundle - Moana & Maui", "tags": "Baby Dolls All Disney Toys Princess Moana Rapunzel TV & Movie Playsets LEGO Fashion", "relevancy_score": 10.280325, "price": "$15.94"}, {"title": "LeapFrog LeapBuilders ABC Smart House Learning Blocks Toy for Kids", "tags": "Leapfrog Building Toys Ages 2 to 4 5 7 LeapBuilders Other Blocks LeapFrog Learning Mega Bloks First Builders", "relevancy_score": 92.93915918367347, "price": "$29.09"}, {"title": "Disney Frozen Mashems", "tags": "All Disney Toys Frozen Dolls & Dollhouses Collectible Novelty PJ Masks Princess Fashion", "relevancy_score": 60.08148571428572, "price": "$4.99"}, {"title": "Kids Cleaning Set 12 Piece - Toy Cleaning Set Includes Broom, Mop, Brush, Dust Pan, Duster, Sponge, Clothes, Spray, Bucket, Caution Sign, - Toy Kitchen Toddler Cleaning Set - Original", "tags": "", "relevancy_score": 59.85599069767442, "price": "$19.99"}, {"title": "Thomas & Friends Super Station Railway Train Track Set", "tags": "Trains & Train Sets Thomas the Toys Wooden Tracks Friends Wood MINIS Fisher Price Preschool", "relevancy_score": 572.2941006622517, "price": "$67.68"}, {"title": "Kid Connection Tea Cart Play Set, 47 Pieces", "tags": "Kid Connection Pretend Play Toys for Boys Fisher Price Food Kids 5 to 7 Years Toy Cookware Sets", "relevancy_score": 429.14213023255815, "price": "$19.97"}, {"title": "LEGO Disney Moana?s Ocean Adventure 43170 Toy Building Kit (46 Pieces)", "tags": "LEGO Friends Easter Building Sets Toys Ages 5 to 7 Princess and Dollhouses 4+ 8 11 Disney", "relevancy_score": 54.00334634146341, "price": "$9.84"}, {"title": "Barbie Color Reveal Chelsea Doll With 6 Surprises (Styles May Vary)", "tags": "Barbie Careers Dolls & Dollhouses Sisters, Friends, Pets Fashion All Doll Playsets Color Reveal", "relevancy_score": 284.6537531914894, "price": "$9.94"}, {"title": "Birthday Cake Play Food Set Pink 75 Pieces Plastic Kitchen Cutting Toy Pretend Play", "tags": "Play Kitchens Housekeeping Toys Pretend for Boys Kids Tea Sets Melissa & Doug Fisher Price Kitchen Appliances", "relevancy_score": 355.9252344827586, "price": "$24.99"}, {"title": "Monopoly Junior Game: DreamWorks Trolls World Tour Edition", "tags": "Hasbro Trolls Classic Games Family Dolls Frozen & Puzzles All Toys Board", "relevancy_score": 149.2426, "price": "$14.88"}, {"title": "Ninja Bots 2-Pack, Hilarious Battling Robots (Red/Black) with 6 Weapons and Over 100 Sounds and Movements", "tags": "", "relevancy_score": 122.03872727272727, "price": "$39.97"}, {"title": "Barbie Noodle Bar Playset With Blonde Doll, Workstation, Accessories", "tags": "Barbie Careers Chelsea Sisters, Friends, & Pets Fashion Dolls Dollhouses Vehicles All Doll Clothing Accessories", "relevancy_score": 102.64684705882352, "price": "$14.88"}, {"title": "Disney Frozen 2 Fire Spirit's Snowy Snack, Salamander Toy with Lights", "tags": "All Disney Toys Frozen Dolls & Dollhouses 2 to 4 Years Plush Fashion 5 7", "relevancy_score": 200.44196712328767, "price": "$12.88"}, {"title": "Melissa and Doug Wooden Latches Board", "tags": "Ages 12-24 months Baby and Toddler Music Toys Melissa Doug 12-18 Month 9-12 Proofing Shape Sorters Stacking Play Time", "relevancy_score": 774.591612371134, "price": "$18.89"}, {"title": "Funville Sparkle Girlz Mini Doll Ast", "tags": "Frozen Dolls Barbie Chelsea Disney Princess Sisters, Friends, & Pets Boxy Girls Fashion All", "relevancy_score": 31.648551351351355, "price": "$2.47"}, {"title": "Little Live Pets Lil' Bird & Bird House - New Moving Bird - Pippa Peeps", "tags": "Robots & Electronic Pets VTech Toys Other Unicorn Dragon Kids Electric Scooter All", "relevancy_score": 63.75599069767442, "price": "$29.52"}, {"title": "Melissa & Doug Food Groups - 21 Hand-Painted Wooden pieces and 4 Crates", "tags": "Play Kitchens Melissa & Doug Toys Fisher Price Pretend Food Kids Kitchen Appliances Toy Cookware Sets", "relevancy_score": 793.4056242424242, "price": "$26.95"}, {"title": "Wowwee Usa Prank In A Box Asst", "tags": "", "relevancy_score": 33.103346341463414, "price": "$5.00"}, {"title": "EzyRoller Classic Riding Machine Ride On - Pink", "tags": "All Scooters Ride Ons for Girls Tricycles Radio Flyer Foot to Floor Pedal Cars Toys age 2-4 girls Boys", "relevancy_score": 267.4833428571429, "price": "$99.00"}, {"title": "Disney Frozen 2: Playland Inflatable Ball Pit with 20 Balls", "tags": "All Bounce Houses Indoor House Toys for age 2-4 girls 4 year olds 2 3 old Toddler Girl", "relevancy_score": 179.91217959183675, "price": "$24.97"}, {"title": "Barbie Estate Playset with Blonde Barbie Doll, Pool, Slide & Accessories", "tags": "Barbie Careers Chelsea Dolls & Dollhouses Sisters, Friends, Pets Fashion Vehicles All", "relevancy_score": 233.0819594936709, "price": "$14.88"}, {"title": "Disney Junior Mickey Mouse E-I-Oh! Mickey Mouse Feature Plush, Ages 3+", "tags": "2 to 4 Years All Preschool Vehicles & Playsets 8 11 TV Movie Kids Musical Instruments Sesame Street Stuffed Animals Mickey Mouse", "relevancy_score": 139.36526896551726, "price": "$28.88"}, {"title": "Disney\u2019s Frozen 2 Anna Styling Head, 14-pieces, Ages 3+", "tags": "", "relevancy_score": 124.28241428571428, "price": "$14.97"}, {"title": "VTech Peppa Pig Learn and Discover Book, Great Gift for Kids", "tags": "Learning Playsets Leapfrog Science & Education Toys for Kids 2 to 4 Years Fisher-Price Books LeapFrog Peppa Pig", "relevancy_score": 464.2172952380952, "price": "$19.88"}, {"title": "LEGO Trolls World Tour Pop Village Celebration 41255; Tree House Building Kit for Kids (380 Pieces)", "tags": "Hasbro Trolls LEGO Friends Dolls Easter Building Sets Ages 5 to 7 All Toys 8 11", "relevancy_score": 79.9600695652174, "price": "$39.99"}, {"title": "KidKraft Bianca City Life Dollhouse with EZ Kraft Assembly\u2122 with 26 Accessories Included", "tags": "KidKraft Wooden Dollhouses Playsets Barbie & Vehicles Dollhouse Furniture Accessories Dolls Clothes and", "relevancy_score": 48.1213, "price": "$129.53"}, {"title": "Frozen 2 Pop Adventures Enchanted Forest Playset, Elsa Doll", "tags": "Dollhouses & Play Sets All Disney Toys Frozen Dolls Princess Playsets My Life As", "relevancy_score": 58.495066666666666, "price": "$12.99"}, {"title": "Disney Princess Collectibles, Set of 6 with 6 Royal Clips Fashions", "tags": "Princess Jasmine Dolls Ariel All Disney Toys Rapunzel Cinderella Belle Fashion", "relevancy_score": 50.75599069767442, "price": "$17.99"}, {"title": "Barbie Signature 40th Anniversary First Black Barbie Doll in Red Gown with Doll Stand and Certificate of Authenticity", "tags": "Barbie Careers Collectible Dolls Collector Sisters, Friends, & Pets Fashion All Fashionistas", "relevancy_score": 188.70643529411765, "price": "$35.98"}, {"title": "Baby Alive Single Outfit Set, Tie-dye Tee & Floral Pants, Ages 3 +", "tags": "Doll Clothes & Accessories Baby Dolls Furniture Clothing and Fashion Alive Dollhouses", "relevancy_score": 54.36006956521739, "price": "$7.88"}, {"title": "Barbie Color Reveal Chelsea Doll with 6 Surprises (Styles May Vary)", "tags": "Shop Toys by Price Dolls & Dollhouses Barbie Sisters, Friends, Pets Fashion All Doll Playsets Color Reveal", "relevancy_score": 14.507745454545455, "price": "$9.94"}, {"title": "Pinkfong Baby Shark Let's Go Hunt Fishing Game - Plays the Baby Shark Song", "tags": "Shop Toys by Price Classic Games Family Baby Shark All Board for Kids 2 to 4 Years Puzzles", "relevancy_score": 77.44684705882354, "price": "$13.79"}, {"title": "Disney Princess Royal Shimmer Tiana with Sparkly Skirt, Tiara, Shoes", "tags": "Princess Jasmine Dolls Ariel All Disney Toys Frozen & Dollhouses Rapunzel Cinderella Belle", "relevancy_score": 121.99342222222222, "price": "$7.94"}, {"title": "My Sweet Love 16\" Get Better Now Baby Doll Play Set, 9 Pieces Included", "tags": "", "relevancy_score": 70.0271090909091, "price": "$14.97"}, {"title": "NEW 2020 Care Bears - 5\" Interactive Figure - Cheer Bear - Your Touch Unlocks 50+ Reactions & Surprises!", "tags": "All Action Figures Cave Club 8 to 11 Years Dolls & Dollhouses Care Bears Toys Christmas Stuffed Animals Fashion 5 7", "relevancy_score": 149.2426, "price": "$14.88"}, {"title": "Click N' Play 8 Piece Baby Doll Feeding Set With Accessories", "tags": "Doll Clothes & Accessories Baby Furniture Clothing and Fashion My Sweet Love Dolls Alive Strollers", "relevancy_score": 41.1213, "price": "$9.40"}, {"title": "Baby Born Surprise Blooming Babies with 10+ Surprises and Color Change", "tags": "Collectible Dolls Baby Dollhouses & Play Sets Playsets Toys for age 2-4 girls Alive Kids 5 to 7 Years", "relevancy_score": 89.79408, "price": "$10.95"}, {"title": "My life as 13-piece vanity table play set, for 18\" dolls", "tags": "Doll Clothes & Accessories Dollhouses Play Sets Furniture Clothing and Fashion Playsets My Life As Dolls", "relevancy_score": 48.1213, "price": "$24.97"}]