[{"title": "Disney Princess Style Series, Ariel Doll in Contemporary Style", "tags": "All Disney Toys Frozen Dolls & Dollhouses Princess Rapunzel Cinderella Belle Fashion", "relevancy_score": 11.455236363636365, "price": "$24.99"}, {"title": "Marvel Avengers: Endgame Electronic Fist Roleplay Toy", "tags": "All Action Figures Disney Toys Avengers Role Play Marvel for Kids 8 to 11 Years 5 7", "relevancy_score": 271.01938021978026, "price": "$16.99"}, {"title": "Marvel Spiderman Ultimate Pillow Buddy, 1 Each", "tags": "Shop all Spider-Man Posters & Wall Decor Home LEGO Bedding Clothing Justice League Toys", "relevancy_score": 285.79043146067414, "price": "$15.96"}, {"title": "Disney Frozen 2 Princess Anna Travel Dress", "tags": "All Halloween Costumes Frozen Anna Girl's Women's Cosplay Elsa Kids'", "relevancy_score": 199.05650140845069, "price": "$14.88"}, {"title": "Disney Minnie Mouse Erasable Activity Table Playset & 2 Chairs", "tags": "Kids' Bedroom Sets Desk with Chair Chairs & Seating Shop All Furniture Characters Storage Disney Playroom", "relevancy_score": 1794.3223737226278, "price": "$34.97"}, {"title": "Disney Frozen Princess Anna 6\" Petite Doll with Glittered Hard Bodice and Comb", "tags": "All Minnie Mouse Sven Clothing Poppy Kristoff Olaf Elsa Paw Patrol Shoes", "relevancy_score": 209.18515844155846, "price": "$7.97"}, {"title": "Only At Walmart: Star Wars The Vintage Collection Incinerator Trooper Toy, 3.75-inch-Scale The Mandalorian Action Figure", "tags": "6V Powered Ride Ons All 12V Dragon Toys Toddler Boy for Boys Star Wars The Black Series", "relevancy_score": 0.0, "price": "$12.99"}, {"title": "Star Wars The Bounty Collection: Baby Yoda Don't Leave Ball Toy 2-Pack", "tags": "Walmart Exclusives Star Wars All 4K Ultra HD Movies Summer Picks Action Sci-Fi & Fantasy New Release", "relevancy_score": 79.61338723404253, "price": "$12.99"}, {"title": "Star Wars Darth Vader Electronic Red Lightsaber Toy for Ages 6 and Up", "tags": "All Action Figures Star Wars Disney Toys Trending Role Play Preschool & Playsets The Black Series", "relevancy_score": 380.8792842105263, "price": "$16.82"}, {"title": "Disney Junior\u2019s Minnie Mouse Bow-Care Doctor Bag Set, Ages 3+", "tags": "Wallets Minnie Mouse Kids Clothing Girls Hair Accessories Jojo Siwa Belts Disney Mens & Card Cases Shop All", "relevancy_score": 179.75792835820894, "price": "$19.99"}, {"title": "Monopoly Game: Disney Frozen 2 Edition Board Game for Ages 8 and Up", "tags": "Frozen Dolls & Dollhouses Classic Games Family Puzzles All Board Toys Monopoly", "relevancy_score": 439.738773553719, "price": "$12.88"}, {"title": "Disney's Frozen 2 Bop It - Olaf Edition - Walmart Exclusive", "tags": "Bop It Frozen Dolls & Dollhouses Disney Plush Toys Games Puzzles All Board", "relevancy_score": 85.1151918367347, "price": "$14.88"}, {"title": "Disney Frozen 2 Princess Anna and Elsa Sister Interactive Feature Doll 2 pack - Walmart Exclusive", "tags": "All Disney Toys Frozen Dolls & Dollhouses Plush Princess Fashion My Life As Playsets", "relevancy_score": 360.0016754716981, "price": "$59.00"}, {"title": "Disney Frozen 2 Portable Arendelle Castle Playset- Walmart Exclusive", "tags": "Frozen Dolls & Dollhouses Wooden All Toys Playsets Fashion Clothes and Accessories", "relevancy_score": 635.0970374999999, "price": "$50.00"}, {"title": "Disney Pixar Toy Story Sheriff Woody Deluxe Pull-String Talking Action Figure", "tags": "Father's Day Electronics Connected Dorm Room Shop All Glass Mother's Gifts Audio Tax Free for Grads Back to School Home Visual", "relevancy_score": 716.0970375, "price": "$32.88"}, {"title": "Star Wars the Child Plush Toy, 11-Inch Small Baby Yoda Like Soft Figure from the Mandalorian", "tags": "All Collectible Figures Stuffed Animals & Plush Star Wars Action Toys The Mandalorian Black Series for age 2-4 boys", "relevancy_score": 1885.2298085308055, "price": "$15.99"}, {"title": "LEGO Star Wars AT-ST Raider 75254 Collectible Building Model", "tags": "LEGO Easter Building Sets Star Wars for Boys Toys Ages 12+ 8 to 11", "relevancy_score": 401.27018407079646, "price": "$39.99"}, {"title": "Funko POP! Disney: Fantasia 80th - 10\" Sorcerer Mickey - Walmart Exclusive", "tags": "", "relevancy_score": 0.0, "price": "$29.96"}, {"title": "LEGO Marvel Avengers Ultimate Quinjet 76126 Superhero Jet Toy", "tags": "LEGO Easter Building Sets for Boys Ages 12+ Avengers Toys 8 to 11 Super Heroes", "relevancy_score": 315.5113959183673, "price": "$59.97"}, {"title": "Pulse Performance Licensed Safe Start Electric Scooter", "tags": "All Scooters Kids Scooter Adult Electric Kick Huffy Ride Ons", "relevancy_score": 318.8321137614679, "price": "$44.97"}, {"title": "Disney's Frozen 2 Bop It - Olaf Edition - Walmart Exclusive", "tags": "Bop It Frozen Dolls & Dollhouses Disney Plush Toys Games Puzzles All Board", "relevancy_score": 85.1151918367347, "price": "$14.88"}, {"title": "Monopoly: Star Wars The Child, Board Game for Ages 8+", "tags": "Star Wars Action Figures Classic Games Family Toys All Board The Mandalorian Monopoly", "relevancy_score": 97.56304, "price": "$14.99"}, {"title": "LEGO Star Wars Mandalorian Battle Pack 75267 Shock Troopers and Speeder Bike Building Kit (102 Pieces)", "tags": "LEGO Easter Building Sets Star Wars for Boys Toys Ages 12+ 8 to 11", "relevancy_score": 276.1601517241379, "price": "$13.29"}, {"title": "LEGO Disney Frozen II Anna's Canoe Expedition 41165 Building Kit", "tags": "LEGO Frozen Easter Building Sets Toys Ages 5 to 7 Games & Puzzles Princess and Dollhouses All Disney", "relevancy_score": 172.35792835820894, "price": "$16.00"}, {"title": "Imaginext Toy Story Deluxe Figure Pack", "tags": "All Action Figure Playsets Preschool Figures & Vehicles Disney Imaginext Batman DC Super Friends Fisher Price Toys Toy Story", "relevancy_score": 208.70173698630137, "price": "$16.97"}, {"title": "Disney Princess Girls' Inline Folding Kick Scooter by Huffy, Pink", "tags": "All Scooters Razor Ride Ons Kids Scooter Kick Huffy Frozen Bikes & Riding Toys", "relevancy_score": 309.8604936170213, "price": "$19.97"}, {"title": "LEGO Marvel Avengers Captain America: Outriders Attack 76123", "tags": "LEGO Easter Building Sets for Boys Ages 12+ Avengers Toys 8 to 11 Super Heroes", "relevancy_score": 237.74448372093025, "price": "$15.99"}, {"title": "T.O.T.S. Surprise Babies Nursery Care Set, Ages 3+", "tags": "Toys for Kids 2 to 4 Years Dolls & Dollhouses Playsets LOL Surprise Baby Doll Strollers 5 7 Clothes and Accessories", "relevancy_score": 377.2221555555555, "price": "$24.84"}, {"title": "Mickey Mouse Erasable Activity Table and Chairs Playset", "tags": "Folding Tables & Chairs Kids' Desk with Chair Sets Kitchen Dining Shop All Furniture Characters Storage Playroom", "relevancy_score": 430.1224907563025, "price": "$44.97"}, {"title": "Marvel Avengers Boys Inline Folding Kick Scooter by Huffy", "tags": "All Scooters Razor Ride Ons Kids Scooter Kick Huffy Toys for 5 to 7 Years", "relevancy_score": 385.38822608695654, "price": "$19.97"}, {"title": "Disney's Frozen 2 Bop It - Olaf Edition - Walmart Exclusive", "tags": "Bop It Frozen Dolls & Dollhouses Disney Plush Toys Games Puzzles All Board", "relevancy_score": 85.1151918367347, "price": "$14.88"}, {"title": "Monopoly: Star Wars The Child, Board Game for Ages 8+", "tags": "Star Wars Action Figures Classic Games Family Toys All Board The Mandalorian Monopoly", "relevancy_score": 97.56304, "price": "$14.99"}, {"title": "Star Wars Lightsaber Academy Red Lightsaber, Light-up Extendable Blade", "tags": "All Action Figures Star Wars Disney Toys Trending Role Play Marvel The Black Series", "relevancy_score": 389.9307, "price": "$11.99"}, {"title": "Marvel Avengers Titan Hero Series Blast Gear Black Panther Figure", "tags": "All Action Figures Disney Toys Avengers Marvel Legends Toddler Boy Black Panther Spider-Man", "relevancy_score": 86.06535000000001, "price": "$9.84"}, {"title": "LEGO Marvel Avengers Thanos Mech 76141 Action Building Toy with Thanos Minifigure (152 Pieces)", "tags": "LEGO Easter Building Sets for Boys Ages 12+ Avengers Toys 8 to 11 Super Heroes", "relevancy_score": 112.1367111111111, "price": "$8.99"}, {"title": "Disney Frozen 2 Musical Adventure Elsa Doll, Sings \"Show Yourself\"", "tags": "All Disney Toys Frozen Dolls & Dollhouses Costume Princess Fashion My Life As Playsets", "relevancy_score": 255.5284470588235, "price": "$19.88"}, {"title": "Disney Minnie Mouse Plush, Ages 2+", "tags": "2 to 4 Years All Minnie Mouse Toys 8 11 Stuffed Animals for Girls Mickey 5 7 Boys", "relevancy_score": 545.4878237762238, "price": "$10.00"}, {"title": "Imaginext Disney Pixar Toy Story Woody Figure & RC Vehicle Set", "tags": "All Preschool Action Figures & Playsets Vehicles Disney Fisher Price Toys Imaginext Toy Story Play by", "relevancy_score": 278.6050666666667, "price": "$25.99"}, {"title": "LEGO Star Wars Boost Droid Commander 75253 Building Set, Learn to Code", "tags": "LEGO Easter Building Sets Star Wars for Boys Toys Ages 12+ 8 to 11", "relevancy_score": 165.66034074074076, "price": "$167.67"}, {"title": "LEGO Minifigure Disney Series 2 71024", "tags": "LEGO Easter Building Sets Toys Ages 5 to 7 4+ 8 11 Super Heroes The Movie 2", "relevancy_score": 82.46535, "price": "$3.44"}, {"title": "Monopoly: Star Wars The Child, Board Game for Ages 8+", "tags": "Star Wars Action Figures Classic Games Family Toys All Board The Mandalorian Monopoly", "relevancy_score": 97.56304, "price": "$14.99"}, {"title": "Trouble: Star Wars The Mandalorian Edition, for Ages 5+", "tags": "Family Games Playground Balls Star Wars Toys All Board Toy The Mandalorian Equipment", "relevancy_score": 123.35096842105263, "price": "$11.24"}, {"title": "Star Wars Mandalorian Darksaber Lightsaber Electronic Roleplay Toy", "tags": "", "relevancy_score": 30.651266666666665, "price": "$29.84"}, {"title": "Disney Descendants Reception Dress Evie Doll, Includes Accessories", "tags": "All Disney Toys Princess Dolls & Dollhouses Dragon Care Bears Descendants Fashion", "relevancy_score": 111.65321538461538, "price": "$19.97"}, {"title": "LEGO DUPLO Disney Elsa and Olaf's Tea Party 10920 Building Kit for Toddlers (17 Pieces)", "tags": "Building Toys Ages 2 to 4 LEGO Easter Sets 5 7 Disney 12+ DUPLO", "relevancy_score": 60.98136744186046, "price": "$17.93"}, {"title": "Star Wars Child Basic Plush 8in", "tags": "Star Wars Action Figures 2 to 4 Years Stuffed Animals Toys Dolls & Dollhouses The Mandalorian Black Series for age 2-4 boys", "relevancy_score": 247.26034074074073, "price": "$12.93"}, {"title": "Little People Disney Pixar Toy Story Character Figure 7-Pack", "tags": "Ages 0-12 months 12-24 Baby and Toddler Music Toys Fisher Price Electronic Playsets", "relevancy_score": 292.4470838709677, "price": "$15.00"}, {"title": "Disney Pixar Toy Story Slinky Figure with Movie-Inspired Details", "tags": "Father's Day Electronics Connected Dorm Room Shop All Glass Mother's Gifts Audio Tax Free for Grads Back to School Home Visual", "relevancy_score": 233.52844705882353, "price": "$18.80"}, {"title": "UNO Disney Frozen II Card Game", "tags": "Frozen Dolls & Dollhouses Classic Games Family Puzzles All Board Toys", "relevancy_score": 139.9538, "price": "$5.44"}, {"title": "Disney Junior Doc McStuffins Wash Your Hands Singing Doll, With Mask & Accessories, Ages 3+", "tags": "Costumes & Dress Up Doc Mcstuffins Pretend Play Toys for Boys 8 to 11 Years Fisher Price Stuffed Animals McStuffins", "relevancy_score": 114.39575094339622, "price": "$24.84"}, {"title": "Trouble: Star Wars The Mandalorian Edition, for Ages 5+", "tags": "Family Games Playground Balls Star Wars Toys All Board Toy The Mandalorian Equipment", "relevancy_score": 123.35096842105263, "price": "$11.24"}, {"title": "Operation Game: Star Wars The Mandalorian Edition Game", "tags": "Playground Balls Star Wars Toys All Board Games Toy The Mandalorian Equipment for 2 year olds", "relevancy_score": 124.01424285714286, "price": "$14.99"}, {"title": "Frozen 2 Pop Adventures Enchanted Forest Playset, Elsa Doll", "tags": "Dollhouses & Play Sets All Disney Toys Frozen Dolls Princess Playsets My Life As", "relevancy_score": 58.30253333333333, "price": "$12.99"}, {"title": "Mickey Mouse Collectible Figure Set, 5 Pack, Ages 3+", "tags": "All Action Figure Playsets 2 to 4 Years Minnie Mouse Toys Preschool Figures & 8 11 Mickey Stuffed Animals for Boys Dolls Dollhouses", "relevancy_score": 232.8046769230769, "price": "$12.97"}, {"title": "UNO Disney Pixar Toy Story Themed Card Game for 2-10 Players Ages 7Y+", "tags": "Card Games Classic Family All Board Disney Action Figures Monopoly Toys for Kids 5 to 7 Years", "relevancy_score": 208.70173698630137, "price": "$5.44"}, {"title": "Disney Princess Moana 6\" Petite Doll with Glittered Bodice includes comb", "tags": "Moana Toys All Disney Frozen Dolls & Dollhouses Princess Rapunzel Fashion", "relevancy_score": 107.25321538461537, "price": "$7.97"}, {"title": "Disney Junior Mickey Mouse Barnyard Fun Playset, Ages 3+", "tags": "", "relevancy_score": 25.55822857142857, "price": "$29.88"}, {"title": "Disney Princess Light & Twist Wheelies Tower By Little People", "tags": "Dollhouses & Play Sets Science Education All Preschool Action Figures Playsets VTech Toys Fisher-Price Little People Vehicles by Price", "relevancy_score": 141.48582950819673, "price": "$38.02"}, {"title": "Disney Princess Royal Shimmer Cinderella, Ages 3 and up", "tags": "Princess Ariel Dolls All Disney Toys Frozen & Dollhouses Rapunzel Cinderella Belle", "relevancy_score": 128.75096842105265, "price": "$8.88"}, {"title": "Disney Princess Collectibles, Set of 6 with 6 Royal Clips Fashions", "tags": "Princess Jasmine Dolls Ariel All Disney Toys Rapunzel Cinderella Belle Fashion", "relevancy_score": 50.581367441860465, "price": "$17.99"}, {"title": "Operation Game: Star Wars The Mandalorian Edition Game", "tags": "Playground Balls Star Wars Toys All Board Games Toy The Mandalorian Equipment for 2 year olds", "relevancy_score": 124.01424285714286, "price": "$14.99"}, {"title": "Disney Princess Petite Tiana 6\" Doll with Glittered Hard Bodice and includes Comb", "tags": "Moana Toys Princess Ariel Dolls All Disney Frozen & Dollhouses Rapunzel Fashion", "relevancy_score": 49.9769, "price": "$7.97"}, {"title": "Disney Princess Style Series, Mulan Doll in Contemporary Style", "tags": "Princess Jasmine Dolls Ariel Frozen & Dollhouses Rapunzel Disney Cinderella Belle Fashion", "relevancy_score": 30.651266666666665, "price": "$24.99"}, {"title": "Disney Princess Comfy Squad Tiana, Walmart Exclusive", "tags": "Princess Jasmine Dolls Ariel Moana Rapunzel Disney Cinderella Belle Fashion", "relevancy_score": 36.82265263157895, "price": "$10.12"}, {"title": "Disney Junior Mickey Mouse E-I-Oh! Mickey Mouse Feature Plush, Ages 3+", "tags": "2 to 4 Years All Preschool Vehicles & Playsets 8 11 TV Movie Kids Musical Instruments Sesame Street Stuffed Animals Mickey Mouse", "relevancy_score": 139.08642758620692, "price": "$28.88"}, {"title": "Disney/Pixar Wall-E & Eve Figures", "tags": "Ride Ons for Girls Movie Themed Hot Wheels All Frozen Toys Disney Action Figures Cars Funko Pop Car Tracks", "relevancy_score": 109.7367111111111, "price": "$9.84"}, {"title": "Buffalo Games - Star Wars - Pinball Art - 1000 Piece Jigsaw Puzzle", "tags": "Ride Ons for Girls Frozen Dolls & Dollhouses 6V Powered All Toys Disney Princess age 2-4 girls Toddler Girl", "relevancy_score": 0.0, "price": "$10.97"}, {"title": "Buffalo Games Star Wars Item 11816- The force is with You, Young Skywalker - 1000 Piece Jigsaw Puzzle", "tags": "500 Piece Jigsaws 1000 750 Jigsaw Puzzles The Mandalorian Toys Ceaco Shelf 2000", "relevancy_score": 10.244225, "price": "$10.97"}, {"title": "Buffalo Games - Entertainment - Star Wars The Mandalorian - Sipping My Soup - Walmart EXCLUSIVE - 500 Piece Jigsaw Puzzle", "tags": "Ride Ons for Girls Frozen Dolls & Dollhouses 6V Powered All Toys Disney Princess age 2-4 girls Toddler Girl", "relevancy_score": 0.0, "price": "$9.97"}, {"title": "Disney Frozen 2 Petite 6\" Adventure Anna Doll with Comb", "tags": "", "relevancy_score": 64.88136744186046, "price": "$7.97"}, {"title": "Marshmallow Furniture, Children's 2 in 1 Flip Open Foam Sofa, Minnie Mouse, by Spin Master", "tags": "Toddler Arm Chairs Minnie Furniture Sofas Playroom Frozen Desks &", "relevancy_score": 67.04332727272727, "price": "$59.99"}, {"title": "Disney Descendants Audrey Singing Doll, Ages 6 and Up", "tags": "All Disney Toys Princess Dolls & Dollhouses Dragon Descendants Fashion for Kids 5 to 7 Years Costumes Dress-Up", "relevancy_score": 94.00901176470589, "price": "$48.65"}, {"title": "Disney/Pixar Cars Mack Hauler", "tags": "Diecast and Mini Vehicles All Preschool Action Figures & Playsets Disney Cars Toys Play Imaginext Batman DC Super Friends Car Fisher Price by", "relevancy_score": 48.348380487804874, "price": "$15.97"}, {"title": "Star Wars The Black Series The Child Toy Action Figure", "tags": "All Stuffed Animals & Plush Star Wars Action Figures Disney Toys The Black Series for age 2-4 boys Boys", "relevancy_score": 88.68642758620689, "price": "$9.84"}, {"title": "Disney Princess Glitter 'n Glow Ariel Doll with Lights, Mermaid Tail", "tags": "All Disney Toys Princess Dolls & Dollhouses Belle Barbie Dreamtopia Fashion", "relevancy_score": 174.93141818181817, "price": "$17.98"}, {"title": "Disney Descendants Evie Doll, Inspired by Disney's Descendants 3", "tags": "All Disney Toys Princess Dolls & Dollhouses Dragon Descendants Fashion for Kids 5 to 7 Years Costumes Dress-Up", "relevancy_score": 77.91338723404255, "price": "$37.50"}, {"title": "Imaginext Disney/Pixar Toy Story Buzz Lightyear & Jessie Figure Pack", "tags": "All Action Figure Playsets Preschool Figures & Vehicles Disney Imaginext Batman DC Super Friends Fisher Price Toys Toy Story", "relevancy_score": 306.28647499999994, "price": "$14.99"}, {"title": "Disney Princess Belle's Royal Kitchen, Ages 3 and Up", "tags": "Dollhouses & Play Sets Princess Ariel Dolls All Disney Toys Rapunzel Elena the Avalor Cinderella Fashion", "relevancy_score": 0.0, "price": "$12.97"}, {"title": "Disney Frozen Arendelle Winter Wonderland Playset by Little People", "tags": "Ages 0-12 months 12-24 Baby and Toddler Music Toys Fisher Price Electronic Playsets", "relevancy_score": 107.25321538461537, "price": "$19.49"}, {"title": "Mickey Mouse Die-Cast Roadster Vehicles 2-Pack, Donald & Goofy, Ages 3+", "tags": "All Action Figure Playsets Preschool Figures & Vehicles Shop Cars Toys Fisher-Price Little People Imaginext Batman DC Super Friends Fisher Price", "relevancy_score": 56.04838048780488, "price": "$8.07"}, {"title": "LEGO Star Wars: The Rise of Skywalker Kylo Ren's Shuttle 75256", "tags": "LEGO Easter Building Sets Star Wars for Boys Toys Ages 12+ 8 to 11", "relevancy_score": 331.73532, "price": "$110.99"}, {"title": "Mickey Mouse Clubhouse Cash Register, Ages 3+", "tags": "All Preschool Vehicles & Playsets Toy Cash Register Pretend Play Toys for Boys TV Movie Math Kids Fisher Price", "relevancy_score": 7.255236363636363, "price": "$9.88"}, {"title": "LEGO Star Wars Death Star 75159 Collectbile Building Set", "tags": "LEGO Star Wars Building Sets for Boys Toys Ages 12+ 8 to 11 Super Heroes", "relevancy_score": 452.45192116788326, "price": "$499.95"}, {"title": "Star Wars The Vintage Collection Anakin Skywalker (Peasant Disguise) Toy, 3.75-Inch-Scale Star Wars: Attack of the Clones Action Figure", "tags": "Star Wars Episodes 4-6 The Mandalorian Child Light Side Vehicles 1-3 Dark 7-9", "relevancy_score": 0.0, "price": "$11.04"}, {"title": "Melissa & Doug Disney Princess Wooden Stamp Set: 9 Stamps, 5 Colored Pencils, and 2-Color Stamp Pad", "tags": "Craft Kits for Kids Stickers Beading Frozen Fabrics & Crafts Embossing Cricut Vinyl Adhesive Paint Mediums", "relevancy_score": 18.459717647058824, "price": "$8.99"}, {"title": "Disney Frozen 2 Light-Up & Sounds Water Nokk, 15 Inches Tall - Perfect for 14\" Dolls", "tags": "All Disney Toys Frozen Dolls & Dollhouses Costume Princess Fashion My Life As Playsets", "relevancy_score": 98.20901176470588, "price": "$31.52"}, {"title": "Monopoly Game Disney The Lion King Edition Family Board Game", "tags": "Classic Games Family Frozen & Puzzles Lion King Plush All Board Only at Walmart Toys for Kids 8 to 11 Years", "relevancy_score": 204.40173698630136, "price": "$34.05"}, {"title": "LEGO Super Heroes Avengers Hulk Helicopter Rescue 76144", "tags": "LEGO Easter Building Sets for Boys Ages 12+ Avengers Toys 8 to 11 Super Heroes", "relevancy_score": 91.56304, "price": "$47.79"}, {"title": "Ravensburger Disney Villainous: The Worst Takes It All Strategy Board Game for Age 10 & Up - 2019 TOTY Game of The Year Award Winner", "tags": "Card Games Classic Family All Board Party Monopoly Adult", "relevancy_score": 96.10901176470588, "price": "$34.97"}, {"title": "Monopoly: Disney Villains Edition Board Game, Walmart Exclusive", "tags": "Ride Ons for Girls Frozen Dolls & Dollhouses 6V Powered All Toys Disney Princess age 2-4 girls Toddler Girl", "relevancy_score": 69.84332727272728, "price": "$29.99"}, {"title": "Disney Pixar Toy Story True Talkers Jessie Figure with 15+ Phrases", "tags": "Father's Day Electronics Connected Dorm Room Shop All Glass Mother's Gifts Audio Tax Free for Grads Back to School Home Visual", "relevancy_score": 46.14838048780487, "price": "$14.98"}, {"title": "T.O.T.S. Cuddle & Wrap Plush, Mia the Kitten, Ages 3+", "tags": "All Stuffed Animals & Plush 2 to 4 Years 8 11 for Girls Playsets 5 7 Boys Dolls Clothes and Accessories", "relevancy_score": 167.0468380952381, "price": "$9.59"}, {"title": "Disney Frozen Do You Want to Build A Snowman 2.0 Jewelry Box", "tags": "Costumes & Dress Up All Disney Toys Frozen Dolls Dollhouses Housekeeping Kids Dress-Up", "relevancy_score": 74.9591652173913, "price": "$36.98"}, {"title": "Star Wars Galactic Heroes Mega Mighties Darth Vader with Lightsaber", "tags": "All Action Figures Playskool Power Rangers Star Wars Preschool & Playsets Marvel Toys", "relevancy_score": 104.50901176470589, "price": "$9.84"}, {"title": "Star Wars The Child 6.5-inch Figure", "tags": "All Collectible Figures Star Wars Action Disney Toys Funko Pop Stuffed Animals The Mandalorian Black Series", "relevancy_score": 138.22068474576272, "price": "$15.57"}, {"title": "Star Wars Baby Yoda Froggy Snack, Force Moment 2-Pack", "tags": "All Star Wars Clothing Baby Collectibles Yoda The Mandalorian Child Mens Light Side", "relevancy_score": 40.501753846153846, "price": "$13.47"}, {"title": "Funko POP! Disney: Hocus Pocus - Mary Flying", "tags": "Ride Ons for Girls The Nightmare Before Christmas Funko Collectibles All Frozen Toys Disney Pop Kids 12 Years & Up Halloween", "relevancy_score": 0.0, "price": "$11.38"}, {"title": "Disney Baby Musical Crawling Pals Plush, Mickey, Ages 0+", "tags": "All Stuffed Animals & Plush 2 to 4 Years Minnie Mouse Toys 8 11 for Girls Mickey Boys", "relevancy_score": 95.56304, "price": "$15.22"}, {"title": "PlayWheels Kids Rollerskate Junior Size 6-12 with Knee Pads", "tags": "All Kids' Bikes Huffy BMX Bike Pads Helmets Bicycles with Training Wheels Kid's Inline Skates", "relevancy_score": 91.56304, "price": "$19.99"}, {"title": "T.O.T.S. Care for Me Pet Carrier - Kitty", "tags": "Father's Day Electronics Connected Dorm Room Shop All Glass Mother's Gifts Audio Tax Free for Grads Back to School Home Visual", "relevancy_score": 109.45321538461539, "price": "$19.97"}, {"title": "VTech Go! Go! Smart Wheels Disney Mickey Mouse ChooChoo Express Playset", "tags": "Shop All Car Tracks LEGO Easter Building Sets VTech Toys Ninjago Ages 12+ 8 to 11", "relevancy_score": 136.9538, "price": "$29.85"}, {"title": "LEGO Star Wars: The Rise of Skywalker Pasaana Speeder Chase 75250", "tags": "LEGO Easter Building Sets Star Wars for Boys Toys Ages 12+ 8 to 11", "relevancy_score": 112.09575094339621, "price": "$29.00"}, {"title": "Disney Pixar Toy Story Ducky Figure with Movie-Inspired Details", "tags": "Father's Day Electronics Connected Dorm Room Shop All Glass Mother's Gifts Audio Tax Free for Grads Back to School Home Visual", "relevancy_score": 135.2858295081967, "price": "$3.45"}, {"title": "LEGO Disney Mulan's Storybook Adventures 43174 Building Kit (124 Pieces)", "tags": "LEGO Easter Building Sets Toys Ages 5 to 7 Princess and Dollhouses 8 11 Disney for Girls", "relevancy_score": 45.9769, "price": "$15.99"}, {"title": "Cra-Z-Art Disney Frozen 2 Softee Dough 4 Pack Super Soft Modeling Compound", "tags": "", "relevancy_score": 8.244225, "price": "$2.97"}, {"title": "Funko POP! Disney: Fantasia 80th - Baby Pegasus", "tags": "", "relevancy_score": 0.0, "price": "$10.99"}, {"title": "LEGO DUPLO Disney Mickey's Vacation House 10889 Toddler Building Set", "tags": "Building Toys Ages 2 to 4 LEGO Easter Sets 5 7 Princess and Dollhouses Disney DUPLO for Girls", "relevancy_score": 10.244225, "price": "$39.49"}, {"title": "Funko POP! Disney: Toy Story 4 - Gabby Gabby Holding Forky (Walmart Exclusive)", "tags": "Bobble Heads Toys for Babies 0 to 12 Months Avengers Endgame Funko Pop Disney Stranger Things All TV Games", "relevancy_score": 121.0759125, "price": "$9.99"}, {"title": "Disney/Pixar Cars 1:55 Scale Die-Cast Character 5-Pack", "tags": "All Action Figure Playsets Diecast and Mini Vehicles Preschool Figures & Disney Cars Toys Play Imaginext Batman DC Super Friends Car Fisher Price", "relevancy_score": 21.55822857142857, "price": "$19.97"}, {"title": "Disney Frozen Mercedes 6-Volt Battery Powered Ride-On- Perfect For Your Little Elsa or Anna!", "tags": "Frozen Ride Ons 6V Powered All Toys 12V for age 2-4 girls Toddler Girl Kids Bikes & Riding", "relevancy_score": 223.14708387096775, "price": "$149.00"}, {"title": "LEGO Star Wars: A New Hope Luke Skywalker?s Landspeeder 75271 Building Kit, Collectible Set (236 Pieces)", "tags": "LEGO Easter Building Sets Star Wars for Boys Toys Ages 12+ 8 to 11", "relevancy_score": 50.54838048780488, "price": "$29.93"}, {"title": "Marvel Avengers Bend And Flex Black Panther, Includes Blast Accessory", "tags": "All Action Figures Avengers Marvel Role Play Black Panther Toys Captain Spider-Man for age 2-4 boys", "relevancy_score": 186.2329142857143, "price": "$9.84"}, {"title": "Disney Frozen 2 Deluxe Lights And Sounds Activity Ride-On", "tags": "Push Cars Frozen Ride Ons All Disney Toys Foot to Floor for 1 year old Peppa Pig", "relevancy_score": 40.82265263157895, "price": "$34.84"}, {"title": "Disney/Pixar Monsters, Inc. Mike Wazowski & Boo Figures", "tags": "All Stuffed Animals & Plush Monsters Inc Toys Nendoroid for Girls Disney Action Figures Car Boys Good Smile Company", "relevancy_score": 84.26535, "price": "$9.84"}, {"title": "Disney Princess Style Collection World Traveler Purse Set Bag with Strap, Sunglasses, Key with Charm, 5 Coins & 8 Paper Bills for Girls Ages 3+", "tags": "", "relevancy_score": 48.348380487804874, "price": "$12.88"}, {"title": "Star Wars: A New Hope Obi-Wan\u2019s Hut 75270 Adventure Building Toy for Children 7+ (200 pieces)", "tags": "LEGO Easter Building Sets Star Wars for Boys Toys Ages 12+ 8 to 11", "relevancy_score": 91.56304, "price": "$27.49"}, {"title": "Funko POP! The Mandalorian - Baby Yoda The Child Vinyl Figure", "tags": "Bobble Heads Star Wars Action Figures Funko Pop Collectibles Walmart Exclusive Toys for 2 year olds 3", "relevancy_score": 299.686475, "price": "$10.98"}, {"title": "LEGO Marvel Avengers: Avengers Tower Battle 76166 Brick Building Toy with Action Scenes (687 Pieces)", "tags": "Avengers Action Figures Gifts for 4 year old boy LEGO Toys olds Toddler Boy All Building Play Sets 3 boys", "relevancy_score": 71.80253333333333, "price": "$89.95"}, {"title": "Minnie Mouse Activity Table, For Ages 3+", "tags": "", "relevancy_score": 56.04838048780488, "price": "$14.84"}, {"title": "Jada Toys- Toy Story 4 R/C Turbo Buggy- Woody", "tags": "RC Toys by Price Vehicle Type Cars and Vehicles Disney Action Figures Jada Brand Fisher Preschool Imaginext Toy Story", "relevancy_score": 398.5878237762238, "price": "$19.97"}, {"title": "Frozen 2 Peel and Reveal Playset, Anna, Elsa, Olaf, Kristoff, the Nokk", "tags": "Disney Frozen See All Princess Toys Father's Day Electronics Connected Dorm Room Shop Glass Mother's Gifts Audio for Grads", "relevancy_score": 277.8604936170213, "price": "$11.56"}, {"title": "Play-Doh Mysteries Disney Frozen 2 Snow Globe Playset, 5 Cans (6 oz)", "tags": "Frozen Dolls & Dollhouses Play-Doh Kitchen Creations All Toys Sets Play Dough Compound", "relevancy_score": 357.98040769230767, "price": "$14.99"}, {"title": "Ceaco - Thomas Kinkade - The Disney Collection - Sweetheart Campfire - 750 Piece Jigsaw Puzzle", "tags": "500 Piece Jigsaws Thomas Kinkade Puzzles 1000 750 Jigsaw Kids Ceaco Shelf", "relevancy_score": 8.244225, "price": "$23.98"}, {"title": "Disney Pixar Toy Story Sheriff Woody", "tags": "Father's Day Electronics Connected Dorm Room Shop All Glass Mother's Gifts Audio Tax Free for Grads Back to School Home Visual", "relevancy_score": 301.6736210526316, "price": "$19.87"}, {"title": "Melissa & Doug Disney Rapunzel Magnetic Dress-Up Wooden Doll Pretend Play Set (30+ pcs)", "tags": "Dollhouses & Play Sets Melissa and Doug Puzzles Wood All Frozen Toys Playsets Kids", "relevancy_score": 89.66535, "price": "$7.99"}, {"title": "Funko POP! Disney: Toy Story 4 - Bunny", "tags": "Aladdin Toys All Toy Story Characters Accessories Keychains Action Figures Avengers", "relevancy_score": 30.651266666666665, "price": "$6.25"}, {"title": "Disney Junior Vampirina Spookelton Castle Playset", "tags": "Wooden Dollhouses KidKraft Playsets Vampirina Toys Doll for Kids 5 to 7 Years Dolls Clothes and Accessories", "relevancy_score": 391.6514918918919, "price": "$47.98"}, {"title": "Star Wars Nerf Mandalorian Rocket Gauntlet Blaster", "tags": "Gifts for 8 year old boys Toys 10 9 olds 11 age 8-11", "relevancy_score": 1.1260516129032256, "price": "$19.49"}, {"title": "Star Wars The Black Series The Mandalorian Collectible Action Figure", "tags": "Star Wars Action Figures Funko Collectibles Toys Transformers G1 The Mandalorian Kotobukiya Black Series for age 2-4 boys", "relevancy_score": 109.45321538461539, "price": "$44.00"}, {"title": "Disney Junior Mira, Royal Detective On the Case Detective Bag Set, Ages 3+", "tags": "All Stuffed Animals & Plush Disney Toys 2 to 4 Years 8 11 for Girls Playsets 5 7 Boys", "relevancy_score": 121.77618181818181, "price": "$19.97"}, {"title": "Disney Pixar Toy Story Carnival Spiral Speedway Playset", "tags": "Shop All Car Tracks Play Vehicles by Brand Fisher-Price Little People Disney Action Figures Cars & SUVs Toy Fisher Price Preschool Toys Imaginext Story", "relevancy_score": 209.12343783783786, "price": "$36.99"}, {"title": "Disney/Pixar Cars Die-Cast Lightning Mcqueen with Racing Wheels", "tags": "Action Figure Vehicles Shop All Car Tracks Diecast and Mini Disney Cars Toys Play for age 2-4 boys by Price", "relevancy_score": 15.355236363636363, "price": "$19.95"}, {"title": "Huffy 38679 Disney Frozen Girls' Preschool Toddler Scooter with Storage, Blue", "tags": "All Scooters Ride Ons for Girls Disney Toys Kids Scooter Electric Kick Huffy Frozen Bikes & Riding", "relevancy_score": 11.455236363636365, "price": "$44.99"}, {"title": "T.O.T.S. Cuddle & Wrap Plush, Pablo the Puppy, Ages 3+", "tags": "All Stuffed Animals & Plush 2 to 4 Years 8 11 for Girls Playsets 5 7 Boys Dolls Clothes and Accessories", "relevancy_score": 131.81424285714286, "price": "$10.45"}, {"title": "Disney Princess Mulan 14\" Toddler Doll", "tags": "Princess Ariel Dolls All Disney Toys Frozen & Dollhouses Rapunzel Cinderella Belle Fashion", "relevancy_score": 10.244225, "price": "$26.56"}, {"title": "Marvel Legends Series Avengers 6-inch Shuri Figure", "tags": "All Collectible Figures Action Avengers Deadpool Black Panther Toys Captain Marvel Spider-Man", "relevancy_score": 45.9769, "price": "$9.87"}, {"title": "Fisher-Price Little People Disney Princess Frozen Parade Elsa Float", "tags": "Disney Princess Rideons Ariel Toys Rapunzel - Tangled Cinderella Mulan Belle All", "relevancy_score": 0.0, "price": "$19.99"}, {"title": "Award Winning Disney/Pixar Toy Story 4 Woody And Buzz Lightyear 2-Character Pack, Movie-Inspired Relative-Scale For Storytelling Play", "tags": "All Action Figures Preschool & Playsets 8 to 11 Years Stuffed Animals for Girls Disney Fisher Price Toys Imaginext Toy Story Boys", "relevancy_score": 223.16512631578945, "price": "$29.18"}, {"title": "Marvel Avengers Bend And Flex 6-In Iron Man, with Blast Accessory", "tags": "All Action Figures Avengers Marvel Role Play Legends Captain Toys Spider-Man for age 2-4 boys", "relevancy_score": 98.20901176470588, "price": "$9.84"}, {"title": "Disney Jr. Doc McStuffins Lambie 7\" Plush", "tags": "All Stuffed Animals & Plush Costumes Dress Up Doc Mcstuffins Pretend Play Toys for Boys Girls McStuffins", "relevancy_score": 23.451266666666662, "price": "$12.88"}, {"title": "Nerf Star Wars Sith Trooper Blaster, Includes 5 Darts", "tags": "Shop All Star Wars The First Order Lightsabers Vehicles Kylo Ren Stormtrooper Costume Accessories Episodes 7-9", "relevancy_score": 97.56304, "price": "$39.99"}, {"title": "Disney Jr T.O.T.S. Tickle & Toot Baby Mitsu the Monkey, 10-inch feature plush, Ages 3+", "tags": "All Stuffed Animals & Plush 2 to 4 Years 8 11 for Girls Baby Doll Strollers 5 7 Boys Dolls Clothes and Accessories", "relevancy_score": 71.80253333333333, "price": "$11.98"}, {"title": "Funko POP! Disney: Halloween - Spooky Mickey", "tags": "Funko Pop Movies Hulk The Nightmare Before Christmas Collectibles Walmart Exclusive Only at Toys X-Men Disney", "relevancy_score": 5.126051612903225, "price": "$15.00"}, {"title": "Kiddieland Disney Mickey Mouse Clubhouse Plane Light and Sound Activity Ride-On", "tags": "Push Cars All Disney Toys Minnie Mouse Powered Ride Ons Ride-Ons Foot to Floor for 1 year old Boys", "relevancy_score": 73.35916521739131, "price": "$50.51"}, {"title": "Disney Pixar Cars Piston Cup Race 5-Pack Toy Racers", "tags": "", "relevancy_score": 0.0, "price": "$19.97"}, {"title": "Fold out toy organizer storage bag for girls - Ideal for toys, accessories and collectibles, such as: Barbie, Disney, LOL, Shopkins - Also great for arts & crafts, cupcake decorations, make-up, etc.", "tags": "Doll Clothes & Accessories Collectible Dolls Clothing and Fashion Shopkins LOL Surprise All Barbie", "relevancy_score": 42.301753846153844, "price": "$12.99"}, {"title": "Disney Pixar Toy Story 4 Alien Fishing Game", "tags": "Card Games Family All Preschool Action Figures & Playsets Board Disney Fisher Price Toys Imaginext Toy Story", "relevancy_score": 24.022652631578946, "price": "$14.97"}, {"title": "Little People Disney Pixar Toy Story Ferris Wheel with Woody & Ducky", "tags": "Ages 0-12 months 12-18 Month Toys Baby Fisher Price Electronic and Toddler Playsets Vtech", "relevancy_score": 223.28515844155845, "price": "$17.95"}, {"title": "LEGO 4+ Toy Story 4 RV Vacation Building Set 10769 with Jessie & Rex Dinosaur Minifigure", "tags": "LEGO Easter Building Sets Toys Ages 5 to 7 for Boys 12+ 4+ City age 2-4 boys", "relevancy_score": 56.31645714285714, "price": "$28.49"}, {"title": "LEGO Art Star Wars The Sith 31200 Canvas Art Set Building Toy for Adults (3,406 Pieces)", "tags": "", "relevancy_score": 0.0, "price": "$119.95"}, {"title": "Star Wars The Vintage Collection First Order Stormtrooper 3.75-inch Figure", "tags": "Star Wars Collectibles Han Solo Episodes 4-6 The First Order Dark Side Kylo Ren Stormtrooper 7-9", "relevancy_score": 11.558228571428572, "price": "$12.99"}, {"title": "Star Wars The Black Series Rebel Trooper (Hoth) 6 Inch", "tags": "Star Wars Action Figures Toys for Babies 0 to 12 Months 7 year old boys Marvel Legends 5 The Black Series age 2-4", "relevancy_score": 0.0, "price": "$19.87"}, {"title": "Disney Minnie Mouse Sequin Diary Craft Set", "tags": "All Minnie Mouse Toys Hair, Nail & Spa DIY Slime Kits for Kids 5 to 7 Years Pre-Made Shop Dolls Dollhouses Children's Paint and Supplies Jewelry Making", "relevancy_score": 0.0, "price": "$10.99"}, {"title": "Disney Pixar Toy Story Minis Ultimate New Friends Character 10-Pack", "tags": "Father's Day Electronics Connected Dorm Room Shop All Glass Mother's Gifts Audio Tax Free for Grads Back to School Home Visual", "relevancy_score": 56.04838048780488, "price": "$14.99"}, {"title": "Disney's The Lion King Collector Figure Set - 5 Piece", "tags": "All Action Figures Preschool & Playsets Lion King Plush TV Movie Disney Funko Pop Toys The", "relevancy_score": 71.80253333333333, "price": "$12.97"}, {"title": "ALEX 30373135 Disney Pixar Toy Story 4 Wind-Up Slinky Dog", "tags": "", "relevancy_score": 0.0, "price": "$9.97"}, {"title": "Marvel Avengers: Endgame Captain Marvel 6-Inch-Scale Figure", "tags": "Father's Day Electronics Connected Dorm Room Shop All Glass Mother's Gifts Audio Tax Free for Grads Back to School Home Visual", "relevancy_score": 4.126051612903225, "price": "$6.99"}, {"title": "Hot Wheels Collector Disney Minnie Mouse Character Car", "tags": "Doctor Who Funko Pop Diecast and Mini Vehicles Movie Themed Hot Wheels Play by Brand All Cars Car Toys for age 2-4 boys Tracks", "relevancy_score": 20.459717647058824, "price": "$3.97"}, {"title": "Disney Pixar Toy Story Buzz Lightyear Wrist Communicator with Blaster", "tags": "All Action Figure Playsets Figures Disney Toys Preschool & Role Play Fisher Price Imaginext Toy Story", "relevancy_score": 109.9538, "price": "$9.99"}, {"title": "Disney/Pixar Toy Story 25th Anniversary Rex Figure", "tags": "All Action Figures Mr. Potato Head Slinkys Disney Ryan's World Toys Jada RC Fisher Price Preschool Imaginext Toy Story", "relevancy_score": 10.244225, "price": "$12.60"}, {"title": "Star Wars The Black Series Rebel Soldier (Hoth) Toy Action Figure", "tags": "Star Wars Action Figures Ghostbusters Toys Shop All G.I. Joe Marvel Legends The Black Series for age 2-4 boys", "relevancy_score": 0.0, "price": "$19.97"}, {"title": "VTech Go! Go! Smart Wheels Disney Minnie Mouse Ice Cream Parlor Playset", "tags": "Learning Playsets All Minnie Mouse Toys VTech Pretend Play for Boys Fisher-Price Little People Car Dolls & Dollhouses", "relevancy_score": 88.91519183673468, "price": "$27.75"}, {"title": "Disney Junior Mira, Royal Detective 10-Inch Mira Detective Doll, Ages 3+", "tags": "All Stuffed Animals & Plush Ride Ons for Girls 2 to 4 Years 8 11 5 7 Boys", "relevancy_score": 116.9367111111111, "price": "$14.97"}, {"title": "LEGO Star Wars: Revenge of the Sith General Grievous\u2019s Starfighter 75286 Spacecraft Building Toy (487 Pieces)", "tags": "", "relevancy_score": 67.65321538461538, "price": "$79.95"}, {"title": "Disney Jr T.O.T.S. Tickle & Toot Baby Sheera the Sheep , 10-inch feature plush, Ages 3+", "tags": "All Stuffed Animals & Plush 2 to 4 Years 8 11 for Girls Baby Doll Strollers 5 7 Boys Dolls Clothes and Accessories", "relevancy_score": 92.71519183673469, "price": "$14.99"}, {"title": "Disney Pixar Toy Story 4 Figure Multi-Pack", "tags": "Father's Day Electronics Connected Dorm Room Shop All Glass Mother's Gifts Audio Tax Free for Grads Back to School Home Visual", "relevancy_score": 237.62370126582277, "price": "$39.94"}, {"title": "Bright Starts Disney Baby Go Grippers Collection Push Cars - Mickey Mouse & Friends, Ages 12 months +", "tags": "Kids Instruments All Stuffed Animals & Plush Fisher-Price Toys Minnie Mouse Car for Babies 12 to 24 months Play Vehicles by Price", "relevancy_score": 10.244225, "price": "$5.16"}, {"title": "LEGO Star Wars Black Ace TIE Interceptor 75242 TIE Fighter Building Set", "tags": "LEGO Easter Building Sets Star Wars for Boys Toys Ages 12+ 8 to 11", "relevancy_score": 79.75916521739131, "price": "$38.74"}, {"title": "Disney Frozen Convertible Car 6-Volt Battery-Powered Ride-On", "tags": "Disney Frozen Costumes & Party Supplies Home Movies, Music Books Clothing Baby Toddler All Princess Toys Decor Rideons", "relevancy_score": 329.69701379310345, "price": "$149.00"}, {"title": "Funko POP! Disney: The Little Mermaid - 10\" Ursula (Glow)", "tags": "Toys for Babies 0 to 12 Months The Nightmare Before Christmas Funko Collectibles Walmart Exclusive Pop Disney Halloween Prince 5 Star", "relevancy_score": 37.622652631578944, "price": "$19.25"}, {"title": "Marvel Avengers: Endgame Power Punch Hulk 13.75-Inch Action Figure", "tags": "Father's Day Electronics Connected Dorm Room Shop All Glass Mother's Gifts Audio Tax Free for Grads Back to School Home Visual", "relevancy_score": 448.69712727272724, "price": "$29.84"}, {"title": "Disney Minnie Mouse Floral Festival Fashion Doll", "tags": "All Disney Toys 2 to 4 Years Minnie Mouse 8 11 Stuffed Animals Fashion Dolls Fisher Price Pretend Play & Dollhouses", "relevancy_score": 33.63927567567568, "price": "$12.88"}, {"title": "Star Wars: The Last Jedi Bladebuilders Electronic Riot Baton", "tags": "All Halloween Costumes Star Wars Superhero Storm Trooper Ninja Costume Boys Boy's TV & Movies", "relevancy_score": 5.126051612903225, "price": "$19.95"}, {"title": "Disney Tsum Tsum Series 12 Mystery Stack Pack", "tags": "Toys for 6 year old girls age 5-7 Disney Princess Dolls Christmas Stuffed Animals Gifts 5 Spider-Man Action Figures Mickey Mouse", "relevancy_score": 0.0, "price": "$7.99"}, {"title": "Funko POP! Disney: Archives - Mickey Mouse (Black & White)", "tags": "Imaginext The Lion King Toys Shop All How To Train Your Dragon Barbie to 3 Peppa Pig Fisher Price Disney", "relevancy_score": 0.0, "price": "$14.74"}, {"title": "Disney Princess Enchanted Cupcake Game - 7 Princesses", "tags": "All Disney Toys Classic Games Family Frozen & Puzzles Board Princess Dolls Math for Kids", "relevancy_score": 138.22068474576272, "price": "$15.98"}, {"title": "Disney Moana's Magical Necklace", "tags": "Moana Toys Princess Dolls Housekeeping Girls Costumes Frozen Costume Disney All Dress-Up Sets Kids &", "relevancy_score": 355.4609214285714, "price": "$19.28"}, {"title": "Disney Pixar Cars Mack Mini Racers Hauler", "tags": "Shop All Car Tracks Diecast and Mini Vehicles Disney Cars Toys Play Imaginext Batman & DC Super Friends Fisher Price Preschool by", "relevancy_score": 0.0, "price": "$14.99"}, {"title": "Marvel Avengers: Endgame Titan Hero Series Hulk, Captain America, Electronic Gauntlet Action Figures Combo Pack - Roleplay Toy with Lights and Sounds - Ages 5 and Up", "tags": "Shop all Captain America Iron Man Spider-Man Toys Hulk Thanos Avengers", "relevancy_score": 62.84332727272728, "price": "$34.99"}, {"title": "Disney Pixar Toy Story Epic Moves Bo Peep Action Doll", "tags": "All Disney Princess Toys Father's Day Electronics Connected Dorm Room Shop Glass Mother's Gifts Audio for Grads Back to School Home Visual", "relevancy_score": 78.86534999999999, "price": "$24.94"}, {"title": "Disney Junior Mira Royal Detective 10-Inch Mira Celebration Doll, Ages 3+", "tags": "All Stuffed Animals & Plush Ride Ons for Girls 2 to 4 Years 8 11 5 7 Boys", "relevancy_score": 126.61424285714286, "price": "$15.10"}, {"title": "Disney Princess Sing & Sparkle Ariel Doll", "tags": "", "relevancy_score": 58.71645714285714, "price": "$34.88"}, {"title": "Star Wars Escape From Death Star Board Game, Exclusive Tarkin Figure", "tags": "Star Wars Action Figures Bop It Classic Games Family Toys Monopoly The Black Series", "relevancy_score": 79.61338723404253, "price": "$19.99"}, {"title": "Toy Story 3 Lotso Plush [Strawberry Scented]", "tags": "All Action Figures Mr. Potato Head 2 to 4 Years Disney Easter Stuffed Animals Toy Cars Fisher Price Preschool Toys Imaginext Story", "relevancy_score": 10.851266666666666, "price": "$14.99"}, {"title": "Operation: Disney/Pixar Toy Story Buzz Lightyear Board Game", "tags": "Classic Games Family All Board Disney Action Figures Monopoly Toys for Kids 5 to 7 Years Imaginext Toy Story", "relevancy_score": 161.25792835820894, "price": "$11.49"}, {"title": "Disney Junior Paw Patrol Toy Drum Kit Set", "tags": "Kids Instruments Paw Patrol Toys PAW Musical Stuffed Animals", "relevancy_score": 11.558228571428572, "price": "$38.18"}, {"title": "Funko POP! Disney: Frozen 2 - Anna", "tags": "Toys for Babies 0 to 12 Months Funko Collectibles Walmart Exclusive Pop All Frozen Aladdin Animation Disney 5 Star", "relevancy_score": 87.86534999999999, "price": "$9.74"}, {"title": "Funko POP! Star Wars The Child (Baby Yoda) Set of 3 Vinyl Figures", "tags": "", "relevancy_score": 5.126051612903225, "price": "$32.99"}, {"title": "Mickey Mouse on the Move Vehicles 2-Pack Set, Mickey Mouse and Minnie Mouse, Ages 3+", "tags": "", "relevancy_score": 0.0, "price": "$9.98"}, {"title": "Disney Junior\u2019s Minnie Happy Helpers Bean Plush 2-Pack", "tags": "All Stuffed Animals & Plush 2 to 4 Years Minnie Mouse Toys 8 11 for Girls 5 7 Boys", "relevancy_score": 35.73927567567568, "price": "$14.97"}, {"title": "Z-O-M-B-I-E-S Eliza Zombie Deluxe Child Costume", "tags": "Halloween Makeup Birthday Treat Decorating Princess Baby & Toddler Costumes Girl's TV Movies Cake Toppers Top Boy's Kids' Other", "relevancy_score": 5.126051612903225, "price": "$22.99"}, {"title": "Disney/Pixar Toy Story 4 Aliens Figures, 4.5 In / 11.43 cm Tall", "tags": "All Action Figures Mr. Potato Head 2 to 4 Years Slinkys Disney Fisher Price Preschool Toys Imaginext Toy Story", "relevancy_score": 5.126051612903225, "price": "$20.52"}, {"title": "Disney Frozen Mattias Doll Inspired by the Disney Frozen 2 Movie", "tags": "All Disney Toys Frozen Dolls & Dollhouses Princess Rapunzel Descendants Fashion", "relevancy_score": 139.08642758620692, "price": "$11.44"}, {"title": "Funko POP! Disney: Toy Story 4 - Woody", "tags": "Aladdin Toys All Toy Story Characters Accessories Shop all Captain Marvel Thanos Keychains Avengers", "relevancy_score": 15.355236363636363, "price": "$12.50"}, {"title": "Disney/Pixar Cars Wally Hauler", "tags": "Shop All Car Tracks Diecast and Mini Vehicles Disney Cars Toys Play for 2 year olds Hot Wheels by Price", "relevancy_score": 48.348380487804874, "price": "$15.97"}, {"title": "Funko POP! Marvel: Avengers Game - MODOK", "tags": "", "relevancy_score": 0.0, "price": "$8.78"}, {"title": "FUNKO POP! DISNEY: THE NIGHTMARE BEFORE CHRISTMAS - JACK SKELLINGTON", "tags": "Bobble Heads Funko Pop Movies Toys for Babies 0 to 12 Months The Nightmare Before Christmas Animation Disney Halloween", "relevancy_score": 79.75916521739131, "price": "$22.99"}, {"title": "Disney Parks Pixar Toy Story Talking Jessie Figure Pull String New with Box", "tags": "All Action Figures 2 to 4 Years Preschool & Playsets Slinkys Only at Walmart Toys Disney Fisher Price Imaginext Toy Story", "relevancy_score": 31.222652631578946, "price": "$49.99"}, {"title": "Funko POP! Disney: Halloween - Witchy Minnie", "tags": "Bobble Heads Funko Pop Movies The Nightmare Before Christmas Collectibles Walmart Exclusive Disney IT Stranger Things", "relevancy_score": 5.126051612903225, "price": "$19.99"}, {"title": "Disney Frozen Travel Bag Set", "tags": "Frozen Dolls & Dollhouses Girls Costumes Costume Games Puzzles All Toys Princess Dress-Up Sets Kids", "relevancy_score": 48.9769, "price": "$7.99"}, {"title": "Disney Pixar Toy Story Buzz Lightyear Space Command Playset", "tags": "PJ Masks and Paw Patrol All Preschool Action Figures & Playsets Vehicles TV Movie Disney Fisher Price Toys Imaginext Toy Story", "relevancy_score": 85.1151918367347, "price": "$64.99"}, {"title": "Disney Pixar Toy Story 4 Barbie Doll with Movie-Inspired Details", "tags": "Barbie Careers Signature Dolls Collector Sisters, Friends, & Pets All Fashionistas Doll Playsets", "relevancy_score": 98.45321538461539, "price": "$19.93"}, {"title": "Matchbox Color Changers Collectible Vehicle (Styles May Vary)", "tags": "Shop All Car Tracks Cars Toys Matchbox & Trucks Play Vehicles by Brand Hot Wheels", "relevancy_score": 27.001753846153843, "price": "$7.95"}, {"title": "Disney Princess Jigsaw Puzzles Set in Tower Box, Pack of 2 (Total 48pcs)", "tags": "Disney Princess Rideons Ariel Toys Rapunzel - Tangled Cinderella Mulan Belle All", "relevancy_score": 0.0, "price": "$9.75"}, {"title": "Disney Frozen 2 up and Active Olaf Snowflake Catch Game for Kids and Families", "tags": "Frozen Dolls & Dollhouses Disney Plush Toys Games Puzzles 12+ Years All Board", "relevancy_score": 22.55822857142857, "price": "$9.43"}, {"title": "Disney Junior TOTS (Tiny Ones Transport Service) Nursery Bath Station Playset", "tags": "", "relevancy_score": 94.6151918367347, "price": "$29.99"}, {"title": "Dinnerwear Set Disney Frozen 26pc Dinnerware Tea Set", "tags": "Frozen Dolls & Dollhouses Games Puzzles Kids Tea Sets All Toys Fisher Price Pretend Play Toy Cookware", "relevancy_score": 15.355236363636363, "price": "$23.98"}, {"title": "Funko POP! Disney: Mary Poppins - Mary with Bag", "tags": "Aladdin Funko Pop Avengers Infinity War Disney Stranger Things All Toys Prince Frozen Snow White", "relevancy_score": 0.0, "price": "$8.78"}, {"title": "Pillow Pets Disney Frozen II Olaf Snowman Stuffed Animal Plush Toy", "tags": "All Stuffed Animals & Plush 2 to 4 Years Pillow Pets 8 11 for Girls 12+ Frozen Toys 5 7", "relevancy_score": 309.8604936170213, "price": "$23.99"}, {"title": "Star Wars Lightsaber Academy Interactive Battle Lightsaber", "tags": "Interactive Gaming Figures All Action Star Wars Disney Toys Role Play The Black Series", "relevancy_score": 102.85321538461537, "price": "$34.99"}, {"title": "Star Wars Mission Fleet Captain Rex Clone Combat", "tags": "", "relevancy_score": 0.0, "price": "$27.99"}, {"title": "Marvel Avengers: Endgame Team Suit Captain America 6-Inch-Scale Figure", "tags": "Thor Toys Shop all Captain America Iron Man Spider-Man Hulk Avengers", "relevancy_score": 51.64838048780487, "price": "$14.61"}, {"title": "Disney Descendants Evie Fashion Pack, for Kids Ages 6 and Up", "tags": "", "relevancy_score": 0.0, "price": "$5.74"}, {"title": "Toy Story 4 Minis Mystery Pack", "tags": "All Action Figures Preschool & Playsets Fisher-Price Little People Disney Toy Cars Fisher Price Toys Imaginext Story Squishies Squeeze", "relevancy_score": 9.558228571428572, "price": "$7.95"}, {"title": "LEGO Star Wars: The Rise of Skywalker Knights of Ren Transport Ship 75284 Spacecraft Building Toy for Creative Play (595 Pieces)", "tags": "", "relevancy_score": 68.55916521739131, "price": "$69.95"}, {"title": "Mattel Disney Pixar Cars Color Changers Lightning McQueen", "tags": "", "relevancy_score": 0.0, "price": "$22.49"}, {"title": "Fancy Nancy Feature 10\" Ballerina Doll", "tags": "Sunny Day Dolls Girls Costumes Fancy Nancy Toys Disney Princess Fashion All Barbie", "relevancy_score": 48.9769, "price": "$26.02"}, {"title": "Disney/Pixar Onward Ian Lightfoot Figure", "tags": "Frozen Dolls & Dollhouses Funko Collectibles All Preschool Action Figures Playsets Disney Pop Unicorn Stuffed Animals Slime", "relevancy_score": 35.73927567567568, "price": "$10.99"}, {"title": "FUNKO POP! STAR WARS: R2-D2", "tags": "Bobble Heads Collectible Dolls Star Wars Action Figures Toys for Babies 0 to 12 Months Shop All Funko Wobbler Christmas Pop Prince", "relevancy_score": 68.44332727272727, "price": "$12.49"}, {"title": "Funko POP! Disney: Toy Story 4 - Alien", "tags": "Aladdin Toys All Toy Story Characters Accessories Keychains Action Figures Avengers", "relevancy_score": 33.622652631578944, "price": "$12.50"}, {"title": "Marvel Avengers: Endgame Titan Hero Series Valkyrie 12-Inch Figure", "tags": "All Action Figures Disney Toys Avengers Marvel Legends Black Panther Captain Spider-Man", "relevancy_score": 10.244225, "price": "$9.99"}, {"title": "Descendants 3 Dress Up Set - Mal", "tags": "All Disney Toys Boys Costumes Girls Pretend Play for Princess Dolls Descendants Fashion Kids & Dress-Up", "relevancy_score": 46.71645714285714, "price": "$23.99"}, {"title": "Disney Mulan Warrior Bow, Includes 8 Darts, For Kids Ages 8 and Up", "tags": "All Disney Toys Frozen Dolls & Dollhouses Girls Costumes Princess Fashion Spider-Man Action Figures Stuffed Animals for Boys", "relevancy_score": 7.255236363636363, "price": "$29.99"}, {"title": "Star Wars Nerf Poe Dameron Blaster with Glow-in-the-Dark Darts", "tags": "Nerf Fortnite Blasters Elite Toys for 9 year olds 11 8 old boys age 8-11 10", "relevancy_score": 129.21424285714286, "price": "$19.99"}, {"title": "HedBanz Disney, Guessing Game Featuring Disney Characters, for Kids and Adults, Ages 7 and Up (Edition May Vary)", "tags": "Card Games Family Frozen & Puzzles All Board Party Easter Toys Zoomer", "relevancy_score": 14.459717647058824, "price": "$25.99"}, {"title": "Disney Pixar Cars Maddy McGear & Melissa Bernabrake 2-Pack Vehicle Set", "tags": "All Action Figure Playsets Diecast and Mini Vehicles Preschool Figures & Fisher-Price Little People Disney Cars Toys Imaginext Batman DC Super Friends Car Fisher Price", "relevancy_score": 15.355236363636363, "price": "$7.46"}, {"title": "Disney Beauty and the Beast Castle Friends Collection", "tags": "Belle Costume KidKraft Dollhouses Kids Tea Sets Disney Princess Dolls Power Rangers Action Figures", "relevancy_score": 5.126051612903225, "price": "$14.50"}, {"title": "Funko POP! Disney: Pixar Alien Remix - Zurg", "tags": "Shop Toys by Price Ride Ons for Girls Funko Collectibles Walmart Exclusive Pop Fortnite Disney Action Figures Games", "relevancy_score": 5.126051612903225, "price": "$10.99"}, {"title": "Digital Blue Toy Story 3 Character Digital Camera -Buzz", "tags": "Cameras & Camcorders for Kids Gifts 4 year old boy Toys 3 boys girl 2 girls", "relevancy_score": 0.0, "price": "$8.97"}, {"title": "Disney Pixar Toy Story Posable Bo Peep Action Figure [25th Anniversary]", "tags": "Ride Ons for Girls Frozen Dolls & Dollhouses 6V Powered All Toys Disney Princess Action Figures Toddler Girl", "relevancy_score": 0.0, "price": "$7.86"}, {"title": "Disney Mickey Mouse Clubhouse 15\" Red Polka Dot Dress Minnie Mouse Plush", "tags": "2 to 4 Years All Minnie Mouse Toys 8 11 Stuffed Animals for Girls 12+ Mickey Boys", "relevancy_score": 44.9769, "price": "$15.98"}, {"title": "Disney Frozen 2 Memory Match Game", "tags": "Frozen Dolls & Dollhouses Disney Plush Toys Games Puzzles 12+ Years All Board Arts Craft Kits", "relevancy_score": 8.244225, "price": "$19.99"}, {"title": "Disney Princess Shimmering Song Rapunzel, Singing Doll", "tags": "Princess Jasmine Dolls Ariel All Disney Toys Frozen Cinderella Belle Fashion", "relevancy_score": 0.0, "price": "$15.60"}, {"title": "Disney's The Lion King Roaring Simba Plush", "tags": "2 to 4 Years All Preschool Action Figures & Playsets 8 11 Lion King Plush Toys 5 7 The Funko Pop", "relevancy_score": 126.05096842105262, "price": "$29.99"}, {"title": "LWS LA Wholesale Store  12 Minnie Mouse Mickey Headband Black & Pink Polk Bow Birthday Party Favors", "tags": "Ride Ons for Girls Frozen Dolls & Dollhouses 6V Powered All Toys Disney Princess age 2-4 girls Toddler Girl", "relevancy_score": 52.74838048780488, "price": "$13.99"}, {"title": "Marshmallow Furniture, Children's 2 in 1 Flip Open Foam Sofa, Disney Doc McStuffins, by Spin Master", "tags": "Kids' Chairs & Seating All Sofas Modern Contemporary Closet Organizers Bean Bag Upholstered", "relevancy_score": 425.37721904761906, "price": "$49.99"}, {"title": "The Ultimate Avengers Super Hero 5th Birthday Party Supplies", "tags": "Ride Ons for Girls Frozen Dolls & Dollhouses 6V Powered All Toys Disney Princess age 2-4 girls Toddler Girl", "relevancy_score": 5.126051612903225, "price": "$20.49"}, {"title": "Only At Walmart: Disney Princess Comfy Squad Sugar Style 3-Pack", "tags": "Princess Jasmine Dolls Moana Toys Ariel Rapunzel Disney Cinderella Belle Fashion", "relevancy_score": 54.94838048780488, "price": "$29.88"}, {"title": "Disney Frozen Anna Princess Dress-up Wooden Magnetic Play Set, 25pc", "tags": "Frozen Dolls & Dollhouses Games Puzzles All Toys Disney Princess Playsets Melissa Doug Arts Craft Kits", "relevancy_score": 55.84332727272727, "price": "$34.29"}, {"title": "Disney Princess Belle & Philippe Horse by Little People", "tags": "", "relevancy_score": 0.0, "price": "$29.95"}, {"title": "Disney\u2019s Frozen 2 Talking Small Plush \u2013 Elsa", "tags": "Frozen Dolls & Dollhouses 2 to 4 Years Disney Plush Toys 8 11 Stuffed Animals for Girls All 5 7", "relevancy_score": 7.244225, "price": "$8.31"}, {"title": "Star Wars Treat Bag Mandalorian Baby Yoda Pillowcase Trick or Treat Bag with Draw String & Shoulder Strap", "tags": "", "relevancy_score": 0.0, "price": "$8.99"}, {"title": "Disney Descendants 3 Uma Dress Up Set", "tags": "All Disney Toys Girls Costumes Pretend Play for Boys Princess Dolls Descendants Dress-Up Sets Fashion Kids &", "relevancy_score": 10.459717647058824, "price": "$15.56"}, {"title": "Star Wars Hero Series Supreme Leader Kylo Ren Toy Action Figure", "tags": "Star Wars Collectibles The First Order Light Side Rey Dark Kylo Ren Stormtrooper Episodes 7-9", "relevancy_score": 84.71338723404256, "price": "$9.99"}, {"title": "Disney Frozen Magic Adventure Foot Powered Activity Ride-On", "tags": "Push Cars Ride Ons for Girls Frozen Paw Patrol Toys All Foot to Floor Fisher-Price Little People 1 year old", "relevancy_score": 10.244225, "price": "$29.92"}, {"title": "Disney Pixar Toy Story 4 Shaped Buzz Lightyear Tin With 48-Piece Surprise Puzzle", "tags": "Melissa and Doug Puzzles All Preschool Action Figures & Playsets Wood Disney Kids Fisher Price Toys Imaginext Toy Story", "relevancy_score": 29.701753846153846, "price": "$6.97"}, {"title": "Funko POP! Disney: Disney 65th - Mickey in Lederhosen", "tags": "", "relevancy_score": 0.0, "price": "$12.44"}, {"title": "Disney Pixar Cars Kids Rolling Lightning McQueen Carry-on Luggage", "tags": "Summer Shop Luggage Kids Carry On Accessories & Shoes Boys Women's Backpacks and Kids' Savings", "relevancy_score": 10.244225, "price": "$41.97"}, {"title": "Funko POP! Disney: Aladdin - Genie with Lamp", "tags": "Bobble Heads Toys for Babies 0 to 12 Months Aladdin Funko Pop Disney All Lion King Prince 5 Star The", "relevancy_score": 5.126051612903225, "price": "$10.99"}, {"title": "CATTOYS 1:1 Full Metal Avengers Thor Hammer 1:1 Replica Prop Mjolnir Gift", "tags": "Ride Ons for Girls 6V Powered Avengers Action Figures All Role Play Frozen Toys Disney Princess Dolls Marvel Legends", "relevancy_score": 35.73927567567568, "price": "$146.99"}]