[
    {
        "title": "Bubba Hero Stainless Steel 18 Ounce Double Wall Vacuum Insulated Rose Gold Travel Mug",
        "url": "https://www.walmart.com/ip/Bubba-Hero-Stainless-Steel-18-Ounce-Double-Wall-Vacuum-Insulated-Rose-Gold-Travel-Mug/43349885",
        "price": "$10.74",
        "stars": "4.0",
        "ratings": "125 ",
        "img": "",
        "tags": [
            [
                "Plastic Water Bottles",
                "/browse/home/plastic-water-bottles/4044_623679_639999_7751805_4269055_7285309_2888798"
            ],
            [
                "Shop All Water Bottles",
                "/browse/home/shop-all-water-bottles/4044_623679_639999_7751805_4269055_2976621"
            ],
            [
                "Shop All Tumblers",
                "/browse/home/shop-all-tumblers/4044_623679_639999_7751805_1376910_3549593"
            ],
            [
                "Outdoor Melamine Dinnerware Shop All",
                "/browse/home/outdoor-melamine-dinnerware-shop-all/4044_623679_639999_9676226_5433689"
            ],
            [
                "Bubba Water Bottles",
                "/browse/home/bubba-water-bottles/4044_623679_639999_7751805_4269055_1373149_6325857"
            ],
            [
                "Thermoses",
                "/browse/home/thermoses/4044_623679_639999_7751805_9823303"
            ],
            [
                "Drinking Glasses",
                "/browse/home/drinking-glasses/4044_623679_639999_3148543_9876688"
            ],
            [
                "Dorm Dining & Hydration",
                "/browse/home/dorm-dining-hydration/4044_1225301_1225229_9951877"
            ]
        ]
    },
    {
        "title": "Ozark Trail Heavy-Duty Tarp, Silver/Brown",
        "url": "https://www.walmart.com/ip/Ozark-Trail-Heavy-Duty-Tarp-Silver-Brown/35736815",
        "price": "$6.97",
        "stars": "4.4",
        "ratings": "250 ",
        "img": "i5.walmartimages.com/asr/67499b58-e0e5-4ef8-9c10-ef226b7b4225_1.aa5e610f632eaa4dc1d77e38d36e168f.jpeg?odnWidth=612&odnHeight=612&odnBg=ffffff",
        "tags": [
            [
                "Tarps",
                "/browse/sports-outdoors/tarps/4125_546956_4128_887708_1508730_1619369"
            ],
            [
                "Coleman Camping Accessories",
                "/browse/sports-outdoors/coleman-camping-accessories/4125_546956_4128_2487866_6320218_2665896"
            ],
            [
                "Tent Stakes",
                "/browse/sports-outdoors/tent-stakes/4125_546956_4128_887708_1508730_4694237"
            ],
            [
                "Canopy Accessories",
                "/browse/sports-outdoors/canopy-accessories/4125_546956_4128_55558_6090520"
            ],
            [
                "Ozark Trail Tents",
                "/browse/sports-outdoors/ozark-trail-tents/4125_546956_4128_2487866_2559937_7622224"
            ],
            [
                "Father's Day - Tents",
                "/browse/sports-outdoors/fathers-day-tents/4125_4122780_9210691"
            ],
            [
                "Canopies",
                "/browse/sports-outdoors/canopies/4125_546956_4128_55558_9530923"
            ]
        ]
    },
    {
        "title": "Sigman 8 ft. x 10 ft. Blue Tarp",
        "url": "https://www.walmart.com/ip/Sigman-8-ft-x-10-ft-Blue-Tarp/575455029",
        "price": "$10.99",
        "stars": "4.7",
        "ratings": "19 ",
        "img": "i5.walmartimages.com/asr/e04187a3-defe-49a0-8b7f-7af8c91a4e22_1.d7409b2cc6b8bd608ece323f9d32198f.jpeg?odnWidth=612&odnHeight=612&odnBg=ffffff",
        "tags": [
            [
                "All Flashlights",
                "/browse/home-improvement/all-flashlights/1072864_1068865_1230992_1031861"
            ],
            [
                "Sandbags & Flood Guards",
                "/browse/home-improvement/sandbags-flood-guards/1072864_1068865_1043924"
            ],
            [
                "Surface Protectors",
                "/browse/home-improvement/surface-protectors/1072864_1067617_1067621_1067826"
            ],
            [
                "All Fans",
                "/browse/home-improvement/all-fans/1072864_133032_1230511_133118"
            ],
            [
                "Ropes",
                "/browse/home-improvement/ropes/1072864_1067612_6801317_1665334"
            ],
            [
                "Bungee Cords",
                "/browse/home-improvement/bungee-cords/1072864_1067612_6801317_3004405"
            ],
            [
                "Heavy Duty Tarps",
                "/browse/home-improvement/heavy-duty-tarps/1072864_1067617_1067621_7661477"
            ],
            [
                "Floor Fans",
                "/browse/home-improvement/floor-fans/1072864_133032_1230511_8831843"
            ]
        ]
    },
    {
        "title": "Thermacell Patio Shield Mosquito Repeller, Glacial Blue; Spray-Free",
        "url": "https://www.walmart.com/ip/Thermacell-Patio-Shield-Mosquito-Repeller-Glacial-Blue-Spray-Free/142171832",
        "price": "$27.99",
        "stars": "4.2",
        "ratings": "399 ",
        "img": "i5.walmartimages.com/asr/a16bd88b-8afb-4eb9-a4d1-325cccfdb52b_1.81a935096f923c4e9db65d6d8070ec0d.jpeg?odnWidth=612&odnHeight=612&odnBg=ffffff",
        "tags": [
            [
                "Quilted Northern Toilet Paper",
                "/browse/household-essentials/quilted-northern-toilet-paper/1115193_1073264_1149384_1828270"
            ],
            [
                "All Pest Control",
                "/browse/household-essentials/all-pest-control/1115193_1025745_3117767"
            ],
            [
                "All Toilet Paper",
                "/browse/household-essentials/all-toilet-paper/1115193_1073264_1149384_3914210"
            ],
            [
                "Insect Sprays & Foggers",
                "/browse/household-essentials/insect-sprays-foggers/1115193_1025745_5846230"
            ],
            [
                "Insect & Pest Traps",
                "/browse/household-essentials/insect-pest-traps/1115193_1025745_5963152"
            ],
            [
                "As Seen on TV Outdoor and Tools",
                "/browse/household-essentials/as-seen-tv-outdoor-tools/1115193_1111632_7558963"
            ],
            [
                "Bug Zappers & Swatters",
                "/browse/household-essentials/bug-zappers-swatters/1115193_1025745_9276914"
            ]
        ]
    },
    {
        "title": "Coleman Alpine 50 Degree Adult Camping Sleeping Bag",
        "url": "https://www.walmart.com/ip/Coleman-Alpine-50-Degree-Adult-Camping-Sleeping-Bag/44504296",
        "price": "$24.94",
        "stars": "4.4",
        "ratings": "9 ",
        "img": "",
        "tags": [
            [
                "Sleeping Pads & Mats",
                "/browse/sports-outdoors/sleeping-pads-mats/4125_546956_4128_1075006_1080584"
            ],
            [
                "Ozark Trail Sleeping Bags",
                "/browse/sports-outdoors/ozark-trail-sleeping-bags/4125_546956_4128_6402971_4171339_1962341"
            ],
            [
                "Boys' Sleeping Bags",
                "/browse/sports-outdoors/boys-sleeping-bags/4125_546956_4128_6402971_1257756_4003201"
            ],
            [
                "All Sleeping Bags",
                "/browse/sports-outdoors/all-sleeping-bags/4125_546956_4128_6402971_5954191"
            ],
            [
                "Cold Weather Sleeping Bags",
                "/browse/sports-outdoors/cold-weather-sleeping-bags/4125_546956_4128_6402971_6051961"
            ],
            [
                "Mummy Sleeping Bags",
                "/browse/sports-outdoors/mummy-sleeping-bags/4125_546956_4128_6402971_7892493"
            ],
            [
                "All Kids' Sleeping Bags",
                "/browse/sports-outdoors/all-kids-sleeping-bags/4125_546956_4128_6402971_1257756_8732672"
            ],
            [
                "Girls' Sleeping Bags",
                "/browse/sports-outdoors/girls-sleeping-bags/4125_546956_4128_6402971_1257756_9324037"
            ]
        ]
    },
    {
        "title": "Energizer Industrial Alkaline C Batteries, 12 Count",
        "url": "https://www.walmart.com/ip/Energizer-Industrial-Alkaline-C-Batteries-12-Count/14928322",
        "price": "$15.99",
        "stars": "4.5",
        "ratings": "43 ",
        "img": "i5.walmartimages.com/asr/9a2d51f5-e8f6-42e6-91fb-9a8261896545_1.5d2743ac95b2b17dc0f3a8877b18e051.jpeg?odnWidth=612&odnHeight=612&odnBg=ffffff",
        "tags": [
            [
                "9V Batteries",
                "/browse/household-essentials/9v-batteries/1115193_1076905_3505385"
            ],
            [
                "AA Batteries",
                "/browse/household-essentials/aa-batteries/1115193_1076905_4272101"
            ],
            [
                "All Batteries",
                "/browse/household-essentials/all-batteries/1115193_1076905_6083492"
            ],
            [
                "D Batteries",
                "/browse/household-essentials/d-batteries/1115193_1076905_6501628"
            ],
            [
                "AAA Batteries",
                "/browse/household-essentials/aaa-batteries/1115193_1076905_6635703"
            ],
            [
                "Rayovac",
                "/browse/household-essentials/rayovac/1115193_8250903_7038378"
            ],
            [
                "Rechargeable Batteries",
                "/browse/household-essentials/rechargeable-batteries/1115193_1076905_7114176"
            ],
            [
                "Duracell Optimum",
                "/browse/household-essentials/duracell-optimum/1115193_1076905_9967301"
            ]
        ]
    },
    {
        "title": "ZeroWater\u00ae 4-Pack Replacement Water Filters for all ZeroWater\u00ae Models",
        "url": "https://www.walmart.com/ip/ZeroWater-4-Pack-Replacement-Water-Filters-for-all-ZeroWater-Models/13724328",
        "price": "$49.88",
        "stars": "4.6",
        "ratings": "963 ",
        "img": "",
        "tags": [
            [
                "All Water Filter Pitchers",
                "/browse/home-improvement/all-water-filter-pitchers/1072864_1231153_1231158_1231159"
            ],
            [
                "Allergen Air Filters",
                "/browse/home-improvement/allergen-air-filters/1072864_133032_1070944_3371484"
            ],
            [
                "ZeroWater Filters",
                "/browse/home-improvement/zerowater-filters/1072864_1231153_1231160_3377843"
            ],
            [
                "All Replacement Water Filters",
                "/browse/home-improvement/all-replacement-water-filters/1072864_1231153_1231160_5801614"
            ],
            [
                "ZeroWater Pitchers",
                "/browse/home-improvement/zerowater-pitchers/1072864_1231153_1231158_8492435"
            ],
            [
                "All Air Filters",
                "/browse/home-improvement/all-air-filters/1072864_133032_1070944_9288307"
            ]
        ]
    },
    {
        "title": "Coleman 4 Person 8\" x 7\" Skydome Camping Tent, Evergreen",
        "url": "https://www.walmart.com/ip/Coleman-4-Person-8-x-7-Skydome-Camping-Tent-Evergreen/779395736",
        "price": "$83.66",
        "stars": "4.3",
        "ratings": "56 ",
        "img": "i5.walmartimages.com/asr/2e7fa24e-5e61-4338-86e4-3fea3d769816.5ec9c5cc26b4bf45237d0795bc055c4b.jpeg?odnWidth=612&odnHeight=612&odnBg=ffffff",
        "tags": [
            [
                "Children's",
                "/browse/health/childrens/976760_9035881_7276940_3756988"
            ],
            [
                "Stay Hydrated",
                "/browse/health/stay-hydrated/976760_7324011_5271835_4362894"
            ],
            [
                "Anthem BC OTC",
                "/browse/health/anthem-bc-otc/976760_7242297_4442294"
            ],
            [
                "Basic Bedding",
                "/browse/health/basic-bedding/976760_9035881_9855629_4479476"
            ],
            [
                "Stay Cool",
                "/browse/health/stay-cool/976760_9035881_6183118"
            ],
            [
                "Travel",
                "/browse/health/travel/976760_9035881_7276940_7733205"
            ],
            [
                "Healthy Benefits Plus",
                "/browse/health/healthy-benefits-plus/976760_7242297_9151980"
            ],
            [
                "Health & Wellness Private Brands",
                "/browse/health-wellness-private-brands/976760_9358347"
            ]
        ]
    },
    {
        "title": "Ozark Trail Oversized Cozy Camp Chair",
        "url": "https://www.walmart.com/ip/Ozark-Trail-Oversized-Cozy-Camp-Chair/55208739",
        "price": "$39.95",
        "stars": "4.7",
        "ratings": "226 ",
        "img": "i5.walmartimages.com/asr/511eb060-a8dd-476a-9238-d4d519a4c875_1.c68a075cdcf4bbd78a12c7cbb68bba91.jpeg?odnWidth=612&odnHeight=612&odnBg=ffffff",
        "tags": [
            [
                "Camping Tables",
                "/browse/sports-outdoors/camping-tables/4125_546956_4128_1080625_1080645"
            ],
            [
                "Oversized Camping Chairs",
                "/browse/sports-outdoors/oversized-camping-chairs/4125_546956_4128_1080625_6170779_1853240"
            ],
            [
                "Coleman Camping Furniture",
                "/browse/sports-outdoors/coleman-camping-furniture/4125_546956_4128_2487866_6320218_3223156"
            ],
            [
                "Quad Camping Chairs",
                "/browse/sports-outdoors/quad-camping-chairs/4125_546956_4128_1080625_6170779_3968571"
            ],
            [
                "Ozark Trail Camping Furniture",
                "/browse/sports-outdoors/ozark-trail-camping-furniture/4125_546956_4128_2487866_2559937_5345707"
            ],
            [
                "Ultralight Camping Chairs",
                "/browse/sports-outdoors/ultralight-camping-chairs/4125_546956_4128_1080625_6170779_6762215"
            ],
            [
                "Rocking Camping Chairs",
                "/browse/sports-outdoors/rocking-camping-chairs/4125_546956_4128_1080625_6170779_6841014"
            ],
            [
                "All Camping Furniture",
                "/browse/sports-outdoors/all-camping-furniture/4125_546956_4128_1080625_7883270"
            ]
        ]
    },
    {
        "title": "Northside Kids Icicle Waterproof Insulated Winter Snow Boot Toddler Little Kid Big Kid",
        "url": "https://www.walmart.com/ip/Northside-Kids-Icicle-Waterproof-Insulated-Winter-Snow-Boot-Toddler-Little-Kid-Big-Kid/293262097",
        "price": "$25.57",
        "stars": "3.9",
        "ratings": "15 ",
        "img": "i5.walmartimages.com/asr/95e07f27-312f-4be1-b567-62ffc7c58ab2_1.03daa1357ac535fba38c4f377173bfff.jpeg?odnWidth=612&odnHeight=612&odnBg=ffffff",
        "tags": [
            [
                "Boys Winter & Snow Boots",
                "/browse/clothing/boys-winter-snow-boots/5438_1045804_8936014_5548173_1623102"
            ],
            [
                "Big Girls Snow Clothes",
                "/browse/clothing/big-girls-snow-clothes/5438_8412788_5988538_3034731_4860437_9964774_3529567"
            ],
            [
                "Little Girls Snow Clothes",
                "/browse/clothing/little-girls-snow-clothes/5438_8412788_5988538_3034731_4860437_9964774_3627218"
            ],
            [
                "Girls Winter & Snow Boots",
                "/browse/clothing/girls-winter-snow-boots/5438_1045804_9450043_2384773_4714176"
            ],
            [
                "Boys Boots",
                "/browse/clothing/boys-boots/5438_1045804_8936014_5548173_4832330"
            ],
            [
                "Toddler Girls Boots",
                "/browse/clothing/toddler-girls-boots/5438_1045804_9450043_9303568_5436210"
            ],
            [
                "Toddler Boots",
                "/browse/clothing/toddler-boots/5438_1045804_1045805_4993130_6172311"
            ],
            [
                "Boys Cold Weather Boots",
                "/browse/clothing/boys-cold-weather-boots/5438_8412788_5988538_3034731_4087813_7331559"
            ]
        ]
    }
]