[
    {
        "title": "100 Shield\u2122 Vinal Blue Disposable Powder Free Gloves (Non Latex Vinyl Exam) Small",
        "url": "https://www.walmart.com/ip/100-Shield-Vinal-Blue-Disposable-Powder-Free-Gloves-Non-Latex-Vinyl-Exam-Small/677532554",
        "price": "$18.50",
        "stars": "2.7",
        "ratings": "24 ",
        "img": "",
        "tags": [
            [
                "Patient Care",
                "/browse/health/patient-care/976760_1005860_1070344"
            ],
            [
                "Flu Shop",
                "/browse/flu-shop/976760_3790146"
            ],
            [
                "Ansell",
                "/browse/health/ansell/976760_2571007_4993370"
            ],
            [
                "First Aid Tools & Supplies",
                "/browse/health/first-aid-tools-supplies/976760_976798_8924594_6014556"
            ],
            [
                "Microflex",
                "/browse/health/microflex/976760_2571007_6072655"
            ],
            [
                "Nitrile Disposable Gloves",
                "/browse/health/nitrile-disposable-gloves/976760_2571007_7702455"
            ],
            [
                "Vinyl Disposable Gloves",
                "/browse/health/vinyl-disposable-gloves/976760_2571007_8546376"
            ],
            [
                "Disposable Gloves",
                "/browse/health/disposable-gloves/976760_2571007_9602421"
            ]
        ]
    },
    {
        "title": "Shop-Vac 2.5 Gallon 2.5 Peak HP Wet/Dry Vacuum",
        "url": "https://www.walmart.com/ip/Shop-Vac-2-5-Gallon-2-5-Peak-HP-Wet-Dry-Vacuum/39087147",
        "price": "$49.98",
        "stars": "3.8",
        "ratings": "10 ",
        "img": "i5.walmartimages.com/asr/e6aa43e3-fa45-422e-ae6c-edd6562670b5_1.8596fbefacfe0818648bf3abd59b6436.jpeg?odnWidth=612&odnHeight=612&odnBg=ffffff",
        "tags": [
            [
                "Shop-Vac",
                "/browse/home-improvement/shop-vac/1072864_1031899_1574888_3397753"
            ],
            [
                "Storm Prep",
                "/browse/home-improvement/storm-prep/1072864_8036850_3467283"
            ],
            [
                "Shop All Porter-Cable",
                "/browse/home-improvement/shop-all-porter-cable/1072864_1031899_1574888_2643784_3868218_4118861"
            ],
            [
                "Black+Decker",
                "/browse/home-improvement/blackdecker/1072864_1031899_1574888_4151169"
            ],
            [
                "Clearance Tools",
                "/browse/home-improvement/clearance-tools/1072864_1031899_6846544"
            ],
            [
                "HART Wet/Dry Vacuums",
                "/browse/home-improvement/hart-wet-dry-vacuums/1072864_1808984_5030265_6953226"
            ],
            [
                "Ridgid Wet/Dry Vacuums",
                "/browse/home-improvement/ridgid-wet-dry-vacuums/1072864_1031899_1574888_2643784_9071152"
            ],
            [
                "HART 20V Line",
                "/browse/home-improvement/hart-20v-line/1072864_1808984_4037404_9537015"
            ]
        ]
    },
    {
        "title": "Scent Killer Gold Spray 24/24 Combo",
        "url": "https://www.walmart.com/ip/Scent-Killer-Gold-Spray-24-24-Combo/44729709",
        "price": "$14.99",
        "stars": "4.7",
        "ratings": "3 ",
        "img": "i5.walmartimages.com/asr/ad9906f3-2bde-49b9-a8e3-404405908505_2.b93731b2286f07aad35eea4afd9015f2.jpeg?odnWidth=612&odnHeight=612&odnBg=ffffff",
        "tags": [
            [
                "Athletic Performance Shapewear",
                "/browse/sports-outdoors/athletic-performance-shapewear/4125_4134_1078104_1078164"
            ],
            [
                "Game Feeders",
                "/browse/sports-outdoors/game-feeders/4125_546956_4155_1079944_1080025"
            ],
            [
                "Deer Calls",
                "/browse/sports-outdoors/deer-calls/4125_546956_4155_9599314_3794863"
            ],
            [
                "Bounty Hunter Metal Detectors",
                "/browse/sports-outdoors/bounty-hunter-metal-detectors/4125_546956_4155_78781_4813023"
            ],
            [
                "Deer Attractants",
                "/browse/sports-outdoors/deer-attractants/4125_546956_4155_2062208_6084565"
            ],
            [
                "Scent Eliminators",
                "/browse/sports-outdoors/scent-eliminators/4125_546956_4155_2062208_6252257"
            ],
            [
                "Hunting Scents",
                "/browse/sports-outdoors/hunting-scents/4125_546956_4155_2062208_7942353"
            ]
        ]
    },
    {
        "title": "Augason Farms 72-Hour 4-Person Emergency Food Storage Kit 14 lbs 7 oz",
        "url": "https://www.walmart.com/ip/Augason-Farms-72-Hour-4-Person-Emergency-Food-Storage-Kit-14-lbs-7-oz/20532431",
        "price": "$64.89",
        "stars": "4.5",
        "ratings": "84 ",
        "img": "i5.walmartimages.com/asr/284c26f9-e3de-4a6a-911a-7bc999c176de_1.46bde45728890d7beb3ff45b4de159dd.jpeg?odnWidth=612&odnHeight=612&odnBg=ffffff",
        "tags": [
            [
                "All Flashlights",
                "/browse/home-improvement/all-flashlights/1072864_1068865_1230992_1031861"
            ],
            [
                "Sandbags & Flood Guards",
                "/browse/home-improvement/sandbags-flood-guards/1072864_1068865_1043924"
            ],
            [
                "Personal Safety",
                "/browse/home-improvement/personal-safety/1072864_1068865_1043927"
            ],
            [
                "Paint Trays and Paint Buckets",
                "/browse/home-improvement/paint-trays-paint-buckets/1072864_1067617_1067621_1230531"
            ],
            [
                "All Fans",
                "/browse/home-improvement/all-fans/1072864_133032_1230511_133118"
            ],
            [
                "Shop Fans",
                "/browse/home-improvement/shop-fans/1072864_133032_1230511_5664479"
            ],
            [
                "Smoke Air Purifiers",
                "/browse/home-improvement/smoke-air-purifiers/1072864_133032_1231459_46324_7272533"
            ],
            [
                "Floor Fans",
                "/browse/home-improvement/floor-fans/1072864_133032_1230511_8831843"
            ]
        ]
    },
    {
        "title": "Pulsar 12,000W Dual Fuel Portable Generator in Space Gray with Electric Start, G12KBN",
        "url": "https://www.walmart.com/ip/Pulsar-12-000W-Dual-Fuel-Portable-Generator-in-Space-Gray-with-Electric-Start-G12KBN/415084230",
        "price": "$899.99",
        "stars": "4.2",
        "ratings": "10 ",
        "img": "",
        "tags": [
            [
                "Portable Generators",
                "/browse/patio-garden/portable-generators/5428_1102182_1231265_1231283"
            ],
            [
                "Standby Generators",
                "/browse/patio-garden/standby-generators/5428_1102182_1231265_1231285"
            ],
            [
                "Generator Accessories",
                "/browse/patio-garden/generator-accessories/5428_1102182_1225078_1231287"
            ],
            [
                "Champion Power Equipment",
                "/browse/patio-garden/champion-power-equipment/5428_1102182_5607426_2581767"
            ],
            [
                "Westinghouse",
                "/browse/patio-garden/westinghouse/5428_1102182_5607426_4951520"
            ],
            [
                "Inverter Generators",
                "/browse/patio-garden/inverter-generators/5428_1102182_1231265_7955223"
            ],
            [
                "Sportsman",
                "/browse/patio-garden/sportsman/5428_1102182_5607426_8938118"
            ],
            [
                "Dual Fuel Generators",
                "/browse/patio-garden/dual-fuel-generators/5428_1102182_1231265_9501361"
            ]
        ]
    },
    {
        "title": "Outdoor Products 1 Liter Cyclone Water Bottle, Dress Blue 33 fl oz",
        "url": "https://www.walmart.com/ip/Outdoor-Products-1-Liter-Cyclone-Water-Bottle-Dress-Blue-33-fl-oz/36547631",
        "price": "$5.97",
        "stars": "4.6",
        "ratings": "53 ",
        "img": "i5.walmartimages.com/asr/727a5a09-4b18-4ab2-9702-cef8617adb4d_1.fc92ff9b7dcb55c5b87a53a686ddf295.jpeg?odnWidth=612&odnHeight=612&odnBg=ffffff",
        "tags": [
            [
                "Plastic Water Bottles",
                "/browse/home/plastic-water-bottles/4044_623679_639999_7751805_4269055_7285309_2888798"
            ],
            [
                "Nalgene Water Bottles",
                "/browse/home/nalgene-water-bottles/4044_623679_639999_7751805_4269055_1373149_2972985"
            ],
            [
                "Travel Mugs",
                "/browse/home/travel-mugs/4044_623679_639999_7751805_3759938"
            ],
            [
                "Contigo Water Bottles",
                "/browse/home/contigo-water-bottles/4044_623679_639999_7751805_4269055_1373149_4722352"
            ],
            [
                "TAL Water Bottles",
                "/browse/home/tal-water-bottles/4044_623679_639999_7751805_4269055_1373149_4863493"
            ],
            [
                "Silicone Water Bottles",
                "/browse/home/silicone-water-bottles/4044_623679_639999_7751805_4269055_7285309_5263222"
            ],
            [
                "Kids' Water Bottles",
                "/browse/home/kids-water-bottles/4044_623679_639999_7751805_4269055_7270555"
            ],
            [
                "Thermoses",
                "/browse/home/thermoses/4044_623679_639999_7751805_9823303"
            ]
        ]
    },
    {
        "title": "4 Emergency Rescue Space Thermal Mylar Blankets 84\" X 52\"",
        "url": "https://www.walmart.com/ip/4-Emergency-Rescue-Space-Thermal-Mylar-Blankets-84-X-52/770795074",
        "price": "$5.99",
        "stars": "4.7",
        "ratings": "23 ",
        "img": "",
        "tags": [
            [
                "Referee & Scorekeeping",
                "/browse/sports-outdoors/referee-scorekeeping/4125_4161_1091550"
            ],
            [
                "Emergency Blankets",
                "/browse/sports-outdoors/emergency-blankets/4125_546956_4128_1714531"
            ],
            [
                "Camping Fire Starters",
                "/browse/sports-outdoors/camping-fire-starters/4125_546956_4128_1080705_1888367"
            ],
            [
                "Camping Water Filters",
                "/browse/sports-outdoors/camping-water-filters/4125_546956_4128_1080844_5457462"
            ],
            [
                "First Aid Kits",
                "/browse/sports-outdoors/first-aid-kits/4125_546956_4128_1080844_3837286_6174649"
            ],
            [
                "All Camping Accessories",
                "/browse/sports-outdoors/all-camping-accessories/4125_546956_4128_1080844_7025478"
            ],
            [
                "LED Flashlights",
                "/browse/sports-outdoors/led-flashlights/4125_546956_4128_645883_7572132_7930233"
            ],
            [
                "Survival Kits",
                "/browse/sports-outdoors/survival-kits/4125_546956_4128_1080844_3837286_9958878"
            ]
        ]
    },
    {
        "title": "CreativeWare Circus 24-Ounce Multi-Colored Plastic Tumbler Set, Set of 8 Cups",
        "url": "https://www.walmart.com/ip/CreativeWare-Circus-24-Ounce-Multi-Colored-Plastic-Tumbler-Set-Set-of-8-Cups/40795548",
        "price": "$16.69",
        "stars": "4.4",
        "ratings": "137 ",
        "img": "",
        "tags": [
            [
                "Summer Entertaining-Drinkware",
                "/browse/home/summer-entertaining-drinkware/4044_1225301_1224843_1225118_1225124"
            ],
            [
                "Drinkware",
                "/browse/home/drinkware/4044_1225301_1225229_1225238_1230037"
            ],
            [
                "Shop All Tumblers",
                "/browse/home/shop-all-tumblers/4044_623679_639999_7751805_1376910_3549593"
            ],
            [
                "Outdoor Melamine Dinnerware Shop All",
                "/browse/home/outdoor-melamine-dinnerware-shop-all/4044_623679_639999_9676226_5433689"
            ],
            [
                "Drinkware Sets",
                "/browse/home/drinkware-sets/4044_623679_639999_3148543_5970774"
            ],
            [
                "Dorm Dining Essentials",
                "/browse/home/dorm-dining-essentials/4044_1225301_1225229_8079634_8700307"
            ],
            [
                "Outdoor Melamine Dinnerware",
                "/browse/home/outdoor-melamine-dinnerware/4044_623679_639999_921839"
            ],
            [
                "Drinking Glasses",
                "/browse/home/drinking-glasses/4044_623679_639999_3148543_9876688"
            ]
        ]
    },
    {
        "title": "Zerowater 20-Cup Ready-Pour Dispenser with Free Water Quality Meter ZD-20RP-N",
        "url": "https://www.walmart.com/ip/Zerowater-20-Cup-Ready-Pour-Dispenser-with-Free-Water-Quality-Meter-ZD-20RP-N/324237413",
        "price": "$29.00",
        "stars": "4.2",
        "ratings": "131 ",
        "img": "i5.walmartimages.com/asr/4c53427e-5dcb-43ae-8643-f49657097769_2.a3d3be4f2d19ba16344b536f5b4ab61c.jpeg?odnWidth=612&odnHeight=612&odnBg=ffffff",
        "tags": [
            [
                "All Water Filtration",
                "/browse/home-improvement/all-water-filtration/1072864_1231153_104899"
            ],
            [
                "Under Sink Water Filters",
                "/browse/home-improvement/under-sink-water-filters/1072864_1231153_5070599_1230865"
            ],
            [
                "ZeroWater Filters",
                "/browse/home-improvement/zerowater-filters/1072864_1231153_1231160_3377843"
            ],
            [
                "Reverse Osmosis Systems",
                "/browse/home-improvement/reverse-osmosis-systems/1072864_1231153_5070599_5758553"
            ],
            [
                "All Replacement Water Filters",
                "/browse/home-improvement/all-replacement-water-filters/1072864_1231153_1231160_5801614"
            ],
            [
                "Brita Pitchers",
                "/browse/home-improvement/brita-pitchers/1072864_1231153_1231158_6664566"
            ],
            [
                "ZeroWater Pitchers",
                "/browse/home-improvement/zerowater-pitchers/1072864_1231153_1231158_8492435"
            ]
        ]
    },
    {
        "title": "Best Choice Products Folding Zero Gravity Recliner Lounge Chair w/ Canopy Shade and Cup Holder Tray - Beige",
        "url": "https://www.walmart.com/ip/Best-Choice-Products-Folding-Zero-Gravity-Recliner-Lounge-Chair-w-Canopy-Shade-and-Cup-Holder-Tray-Beige/49662050",
        "price": "$59.99",
        "stars": "4.5",
        "ratings": "993 ",
        "img": "i5.walmartimages.com/asr/2acb2c82-1e44-4de9-b490-261e97ac6fcd.f6dd11eae4d6784283cfb5d7003f0d65.jpeg?odnWidth=612&odnHeight=612&odnBg=ffffff",
        "tags": [
            [
                "Shop All Metal Patio Furniture",
                "/browse/patio-garden/shop-all-metal-patio-furniture/5428_91416_1295472_9647825_1676838"
            ],
            [
                "Shop All Zero Gravity Chairs",
                "/browse/patio-garden/shop-all-zero-gravity-chairs/5428_91416_4843476_2869208_2568126"
            ],
            [
                "Shop All Outdoor Folding Chairs",
                "/browse/patio-garden/shop-all-outdoor-folding-chairs/5428_91416_4843476_3219298_4059519"
            ],
            [
                "Zero Gravity Chair Two Pack",
                "/browse/patio-garden/zero-gravity-chair-two-pack/5428_91416_4843476_2869208_7656647_5393219"
            ],
            [
                "Shop All Lawn Chairs",
                "/browse/patio-garden/shop-all-lawn-chairs/5428_91416_4843476_8709433_6531522"
            ],
            [
                "Zero Gravity Chair Single Pack",
                "/browse/patio-garden/zero-gravity-chair-single-pack/5428_91416_4843476_2869208_7656647_7092292"
            ],
            [
                "Zero Gravity Chair with Drink Tray",
                "/browse/patio-garden/zero-gravity-chair-with-drink-tray/5428_91416_4843476_2869208_6529690_7541896"
            ],
            [
                "Zero Gravity Chair with Canopy",
                "/browse/patio-garden/zero-gravity-chair-with-canopy/5428_91416_4843476_2869208_6529690_8422254"
            ]
        ]
    }
]