[
    {
        "title": "FanMats NFL Kansas City Chiefs 2-Piece Embroidered Car Mats",
        "url": "https://www.walmart.com/ip/FanMats-NFL-Kansas-City-Chiefs-2-Piece-Embroidered-Car-Mats/55114704",
        "price": "$19.99",
        "stars": "4.7",
        "ratings": "3 ",
        "img": "i5.walmartimages.com/asr/31fa66f8-620e-4595-bbcf-1de14ceb51eb_1.910a9d0e398b3645cdc67764937d81ce.jpeg?odnWidth=612&odnHeight=612&odnBg=ffffff",
        "tags": [
            [
                "Kansas City Chiefs Accessories",
                "/browse/sports-outdoors/kansas-city-chiefs-accessories/4125_1063984_1423455_4112216_1600851"
            ],
            [
                "ORCA Coolers",
                "/browse/sports-outdoors/orca-coolers/4125_546956_9874393_1601120"
            ],
            [
                "Kansas City Chiefs Outdoor",
                "/browse/sports-outdoors/kansas-city-chiefs-outdoor/4125_1063984_1423455_4112216_2334746"
            ],
            [
                "Bear Proof Coolers",
                "/browse/sports-outdoors/bear-proof-coolers/4125_546956_4128_4547850_3683766"
            ],
            [
                "Fan Shop Car Floor Mats",
                "/browse/sports-outdoors/fan-shop-car-floor-mats/4125_1063984_7022966_4029512"
            ],
            [
                "Kansas City Chiefs Bath & Kitchen",
                "/browse/sports-outdoors/kansas-city-chiefs-bath-kitchen/4125_1063984_1423455_4112216_8136560"
            ],
            [
                "Kansas City Chiefs Team Shop",
                "/browse/sports-outdoors/kansas-city-chiefs-team-shop/4125_1063984_1423455_4112216_8156871"
            ],
            [
                "Fan Shop License Plate Frames",
                "/browse/sports-outdoors/fan-shop-license-plate-frames/4125_1063984_7022966_8250282"
            ]
        ]
    },
    {
        "title": "Youth Black Las Vegas Raiders Team Sleeve Hit Long Sleeve T-Shirt",
        "url": "https://www.walmart.com/ip/Youth-Black-Las-Vegas-Raiders-Team-Sleeve-Hit-Long-Sleeve-T-Shirt/934476363",
        "price": "$14.88",
        "stars": 0,
        "ratings": 0,
        "img": "i5.walmartimages.com/asr/a0720ee9-74fd-4832-9063-fbc418af91e5.ee975a2b3bc56de75988f85ec96bc9ef.jpeg?odnWidth=612&odnHeight=612&odnBg=ffffff",
        "tags": [
            [
                "Miami Dolphins Kids",
                "/browse/sports-outdoors/miami-dolphins-kids/4125_1063984_1423455_4808029_1312898"
            ],
            [
                "Las Vegas Raiders Pajamas, Sweatpants & Loungewear",
                "/browse/sports-outdoors/las-vegas-raiders-pajamas-sweatpants-loungewear/4125_1063984_1423455_9617689_4732498"
            ],
            [
                "NFL Womens",
                "/browse/sports-outdoors/nfl-womens/4125_1063984_1423455_6231693"
            ],
            [
                "Las Vegas Raiders Outdoor",
                "/browse/sports-outdoors/las-vegas-raiders-outdoor/4125_1063984_1423455_9617689_6732522"
            ],
            [
                "Las Vegas Raiders T-Shirts",
                "/browse/sports-outdoors/las-vegas-raiders-t-shirts/4125_1063984_1423455_9617689_7711056"
            ],
            [
                "Las Vegas Raiders Team Shop",
                "/browse/sports-outdoors/las-vegas-raiders-team-shop/4125_1063984_1423455_9617689_7803611"
            ],
            [
                "NFL Kids",
                "/browse/sports-outdoors/nfl-kids/4125_1063984_1423455_9669706"
            ],
            [
                "Las Vegas Raiders Womens",
                "/browse/sports-outdoors/las-vegas-raiders-womens/4125_1063984_1423455_9617689_9858538"
            ]
        ]
    },
    {
        "title": "Dallas Cowboys NFL Pro Line by Fanatics Branded Victory Arch Long Sleeve T-Shirt - Navy",
        "url": "https://www.walmart.com/ip/Dallas-Cowboys-NFL-Pro-Line-by-Fanatics-Branded-Victory-Arch-Long-Sleeve-T-Shirt-Navy/181509021",
        "price": "$31.99",
        "stars": "5.0",
        "ratings": "1 ",
        "img": "i5.walmartimages.com/asr/789d3891-dd3e-44dd-ae1e-fb2adaae6fd7.a117c77a990efb2270b1497d2070ccc3.jpeg?odnWidth=612&odnHeight=612&odnBg=ffffff",
        "tags": [
            [
                "T-Shirts Fan Shop",
                "/browse/sports-outdoors/t-shirts-fan-shop/4125_1063984_1063985_1999174"
            ],
            [
                "NFL T-shirts",
                "/browse/sports-outdoors/nfl-t-shirts/4125_1063984_1423455_2788159"
            ],
            [
                "Dallas Cowboys T-Shirts",
                "/browse/sports-outdoors/dallas-cowboys-t-shirts/4125_1063984_1423455_5722514_5371439"
            ],
            [
                "Dallas Cowboys Team Shop",
                "/browse/sports-outdoors/dallas-cowboys-team-shop/4125_1063984_1423455_5722514_6544512"
            ],
            [
                "Fan Shop Father's Day",
                "/browse/sports-outdoors/fan-shop-fathers-day/4125_1063984_2505429_8450676"
            ],
            [
                "Sports Fan Shop Mens Apparel & Gear",
                "/browse/sports-outdoors/sports-fan-shop-mens-apparel-gear/4125_1063984_1063985_8728977"
            ],
            [
                "Dallas Cowboys Kids",
                "/browse/sports-outdoors/dallas-cowboys-kids/4125_1063984_1423455_5722514_9267859"
            ],
            [
                "NFL Mens",
                "/browse/sports-outdoors/nfl-mens/4125_1063984_1423455_9725320"
            ]
        ]
    },
    {
        "title": "Pittsburgh Steelers Coleman 16-Can 24-Hour Soft-Sided Cooler",
        "url": "https://www.walmart.com/ip/Pittsburgh-Steelers-Coleman-16-Can-24-Hour-Soft-Sided-Cooler/54695741",
        "price": "$22.49",
        "stars": "4.5",
        "ratings": "2 ",
        "img": "i5.walmartimages.com/asr/bd43cd3f-fef2-4fe3-9984-d35a08426e4d.ccc963f8d7b10bf558300deb30069079.jpeg?odnWidth=612&odnHeight=612&odnBg=ffffff",
        "tags": [
            [
                "Atlanta Falcons Outdoor",
                "/browse/sports-outdoors/atlanta-falcons-outdoor/4125_1063984_1423455_7511373_2362807"
            ],
            [
                "Los Angeles Chargers Outdoor",
                "/browse/sports-outdoors/los-angeles-chargers-outdoor/4125_1063984_1423455_8537893_2554044"
            ],
            [
                "Atlanta Falcons Kids",
                "/browse/sports-outdoors/atlanta-falcons-kids/4125_1063984_1423455_7511373_2943426"
            ],
            [
                "Los Angeles Chargers Kids",
                "/browse/sports-outdoors/los-angeles-chargers-kids/4125_1063984_1423455_8537893_3939024"
            ],
            [
                "Pittsburgh Steelers Team Shop",
                "/browse/sports-outdoors/pittsburgh-steelers-team-shop/4125_1063984_1423455_5521520_5288523"
            ],
            [
                "Coleman Coolers",
                "/browse/sports-outdoors/coleman-coolers/4125_546956_4128_2487866_6320218_5540761"
            ],
            [
                "Pittsburgh Steelers Outdoor",
                "/browse/sports-outdoors/pittsburgh-steelers-outdoor/4125_1063984_1423455_5521520_7368827"
            ],
            [
                "Pittsburgh Steelers Kids",
                "/browse/sports-outdoors/pittsburgh-steelers-kids/4125_1063984_1423455_5521520_9249259"
            ]
        ]
    },
    {
        "title": "MLB Tampa Bay RAYS TEE Short Sleeve Boys Team Name and LOGO 100% Cotton Team Color 4-18",
        "url": "https://www.walmart.com/ip/MLB-Tampa-Bay-RAYS-TEE-Short-Sleeve-Boys-Team-Name-and-LOGO-100-Cotton-Team-Color-4-18/352764168",
        "price": "$12.88",
        "stars": 0,
        "ratings": 0,
        "img": "i5.walmartimages.com/asr/2ef0cf1c-5804-47c5-ab9c-ebb5fd3735db_1.1f4af1cb1affc27cbbf6123127ed2c66.jpeg?odnWidth=612&odnHeight=612&odnBg=ffffff",
        "tags": []
    },
    {
        "title": "WWE Top Picks John Cena 6-Inch Action Figure with Life-Like Detail",
        "url": "https://www.walmart.com/ip/WWE-Top-Picks-John-Cena-6-Inch-Action-Figure-with-Life-Like-Detail/314262428",
        "price": "$9.97",
        "stars": "4.7",
        "ratings": "3 ",
        "img": "i5.walmartimages.com/asr/c0937d9b-2adb-413b-9cdb-5e9a2d87d42e_1.6b05b43a20896b7e86593328f7a65521.jpeg?odnWidth=612&odnHeight=612&odnBg=ffffff",
        "tags": [
            [
                "Father's Day Electronics",
                "/browse/seasonal/fathers-day-electronics/1085632_1094344_2365074"
            ],
            [
                "Connected Dorm Room",
                "/browse/seasonal/connected-dorm-room/1085632_8174172_6292484_2548864"
            ],
            [
                "Shop All Glass",
                "/browse/seasonal/shop-all-glass/1085632_1071204_4976191"
            ],
            [
                "Mother's Day Electronics Gifts",
                "/browse/seasonal/mothers-day-electronics-gifts/1085632_1093554_5742102"
            ],
            [
                "Audio",
                "/browse/seasonal/audio/1085632_8174172_6292484_5759323"
            ],
            [
                "Tax Free Shop All",
                "/browse/tax-free-shop-all/1085632_6767877"
            ],
            [
                "Electronics Gifts for Grads",
                "/browse/seasonal/electronics-gifts-for-grads/1085632_1105121_7594959"
            ],
            [
                "Back to School Home Audio Visual",
                "/browse/seasonal/back-to-school-home-audio-visual/1085632_1071204_7767149_8665149"
            ]
        ]
    },
    {
        "title": "2018 Panini Prizm #146 Robert Lewandowski Poland Soccer Card",
        "url": "https://www.walmart.com/ip/2018-Panini-Prizm-146-Robert-Lewandowski-Poland-Soccer-Card/968891888",
        "price": "$999.99",
        "stars": 0,
        "ratings": 0,
        "img": "i5.walmartimages.com/asr/f89e5960-0c25-49f4-85b3-6c11b1b58309_1.beed68061ac9dd6a6dade9a88f6ab397.jpeg?odnWidth=612&odnHeight=612&odnBg=ffffff",
        "tags": [
            [
                "New York Yankees T-Shirts",
                "/browse/sports-outdoors/new-york-yankees-t-shirts/4125_1063984_1064344_4910567_1679220"
            ],
            [
                "Shop All New York Yankees",
                "/browse/sports-outdoors/shop-all-new-york-yankees/4125_1063984_1064344_4910567_4813799"
            ],
            [
                "New York Yankees Accessories",
                "/browse/sports-outdoors/new-york-yankees-accessories/4125_1063984_1064344_4910567_4897989"
            ],
            [
                "New York Yankees Kids",
                "/browse/sports-outdoors/new-york-yankees-kids/4125_1063984_1064344_4910567_5094435"
            ],
            [
                "New York Yankees Mens",
                "/browse/sports-outdoors/new-york-yankees-mens/4125_1063984_1064344_4910567_5949995"
            ],
            [
                "New York Yankees Bath & Kitchen",
                "/browse/sports-outdoors/new-york-yankees-bath-kitchen/4125_1063984_1064344_4910567_6513108"
            ],
            [
                "MLB Home",
                "/browse/sports-outdoors/mlb-home/4125_1063984_1064344_3973317_7708333"
            ],
            [
                "NFL Kids",
                "/browse/sports-outdoors/nfl-kids/4125_1063984_1423455_9669706"
            ]
        ]
    },
    {
        "title": "Las Vegas Raiders Fanatics Branded Standard Arc T-Shirt - Black",
        "url": "https://www.walmart.com/ip/Las-Vegas-Raiders-Fanatics-Branded-Standard-Arc-T-Shirt-Black/764168013",
        "price": "$14.88",
        "stars": 0,
        "ratings": 0,
        "img": "i5.walmartimages.com/asr/a5f9bb9e-db3b-4a87-a5ce-a48df6351f1d.a919ed7240b5720890575e9062e1aa50.jpeg?odnWidth=612&odnHeight=612&odnBg=ffffff",
        "tags": [
            [
                "Atlanta Falcons Hats",
                "/browse/sports-outdoors/atlanta-falcons-hats/4125_1063984_1423455_7511373_1860018"
            ],
            [
                "Las Vegas Raiders Hats",
                "/browse/sports-outdoors/las-vegas-raiders-hats/4125_1063984_1423455_9617689_2708845"
            ],
            [
                "NFL T-shirts",
                "/browse/sports-outdoors/nfl-t-shirts/4125_1063984_1423455_2788159"
            ],
            [
                "New England Patriots Hats",
                "/browse/sports-outdoors/new-england-patriots-hats/4125_1063984_1423455_3142048_5135606"
            ],
            [
                "Denver Broncos Hats",
                "/browse/sports-outdoors/denver-broncos-hats/4125_1063984_1423455_1434776_5331362"
            ],
            [
                "Philadelphia Eagles Hats",
                "/browse/sports-outdoors/philadelphia-eagles-hats/4125_1063984_1423455_4078974_6629622"
            ],
            [
                "Las Vegas Raiders T-Shirts",
                "/browse/sports-outdoors/las-vegas-raiders-t-shirts/4125_1063984_1423455_9617689_7711056"
            ],
            [
                "Las Vegas Raiders Team Shop",
                "/browse/sports-outdoors/las-vegas-raiders-team-shop/4125_1063984_1423455_9617689_7803611"
            ]
        ]
    },
    {
        "title": "WWE Jeff Hardy Survivor Series Elite Action Figure",
        "url": "https://www.walmart.com/ip/WWE-Jeff-Hardy-Survivor-Series-Elite-Action-Figure/107863437",
        "price": "$24.99",
        "stars": "5.0",
        "ratings": "2 ",
        "img": "i5.walmartimages.com/asr/b000ccf7-88ff-4fe1-8045-a0596d4953ed_1.3011972d97cc61cb199ba0e2011e3053.jpeg?odnWidth=612&odnHeight=612&odnBg=ffffff",
        "tags": [
            [
                "All Action Figure Playsets",
                "/browse/toys/all-action-figure-playsets/4171_4172_9845227_1156794"
            ],
            [
                "WWE Wrestling Ring Playsets",
                "/browse/toys/wwe-wrestling-ring-playsets/4171_7357538_7087187_2031303"
            ],
            [
                "WWE Elite Figures",
                "/browse/toys/wwe-elite-figures/4171_7357538_7087187_6551433_2752681"
            ],
            [
                "Ghostbusters Toys",
                "/browse/toys/ghostbusters-toys/4171_2065565_4138884"
            ],
            [
                "TV & Movie Playsets",
                "/browse/toys/tv-movie-playsets/4171_4172_9845227_4517984"
            ],
            [
                "WWE Battle Pack",
                "/browse/toys/wwe-battle-pack/4171_7357538_7087187_6551433_5670341"
            ],
            [
                "WWE Zombies",
                "/browse/toys/wwe-zombies/4171_7357538_7087187_6551433_9381726"
            ]
        ]
    },
    {
        "title": "Kyle Busch Standard 2020 M&M's Diecast Car 1:64",
        "url": "https://www.walmart.com/ip/Kyle-Busch-Standard-2020-M-M-s-Diecast-Car-1-64/982017454",
        "price": "$9.99",
        "stars": "5.0",
        "ratings": "1 ",
        "img": "i5.walmartimages.com/asr/b1082952-6194-4843-ac2e-86633d46e604.500c80e660d0937460220c75f2d9066c.jpeg?odnWidth=612&odnHeight=612&odnBg=ffffff",
        "tags": [
            [
                "Diecast Cars",
                "/browse/sports-outdoors/diecast-cars/4125_1063984_3207662_8265187_3592246"
            ],
            [
                "Shop All Sports Memorabilia",
                "/browse/sports-outdoors/shop-all-sports-memorabilia/4125_1063984_3207662_4157327"
            ],
            [
                "NASCAR Diecast Cars",
                "/browse/sports-outdoors/nascar-diecast-cars/4125_1063984_9096494_5837631"
            ],
            [
                "NASCAR T-Shirts",
                "/browse/sports-outdoors/nascar-t-shirts/4125_1063984_9096494_6080515"
            ],
            [
                "Shop All NASCAR Memorabilia",
                "/browse/sports-outdoors/shop-all-nascar-memorabilia/4125_1063984_3207662_8265187_7015458"
            ],
            [
                "Denny Hamlin Fan Shop",
                "/browse/sports-outdoors/denny-hamlin-fan-shop/4125_1063984_9096494_7781132"
            ],
            [
                "NASCAR Hats",
                "/browse/sports-outdoors/nascar-hats/4125_1063984_9096494_8663379"
            ]
        ]
    }
]