[
    {
        "title": "3 Pack Tempered Glass Screen Protector for Fitbit Versa Smart Fitness Watch Tracker, Anti-Fingerprint, Anti-Bubble, Anti-Scratch, Ultra Clear",
        "url": "https://www.walmart.com/ip/3-Pack-Tempered-Glass-Screen-Protector-for-Fitbit-Versa-Smart-Fitness-Watch-Tracker-Anti-Fingerprint-Anti-Bubble-Anti-Scratch-Ultra-Clear/674793062",
        "price": "$5.59",
        "stars": "3.2",
        "ratings": "44 ",
        "img": "i5.walmartimages.com/asr/2532c229-18ed-45e2-a336-d30a359e30de_1.f1ad86fbe2b649ff9606cfd1565b9559.jpeg?odnWidth=612&odnHeight=612&odnBg=ffffff",
        "tags": [
            [
                "Heart Rate Monitors",
                "/browse/sports-outdoors/heart-rate-monitors/4125_4134_1078104_1078145"
            ],
            [
                "Fitness Trackers",
                "/browse/sports-outdoors/fitness-trackers/4125_4134_1229723_1225106"
            ],
            [
                "Fitness Trackers Accessories",
                "/browse/sports-outdoors/fitness-trackers-accessories/4125_4134_1229723_3325958"
            ],
            [
                "Fitbit Charge",
                "/browse/sports-outdoors/fitbit-charge/4125_4134_1229723_5635313_5808080"
            ],
            [
                "Fitbit Versa",
                "/browse/sports-outdoors/fitbit-versa/4125_4134_1229723_5635313_6806839"
            ],
            [
                "Smart Watches",
                "/browse/sports-outdoors/smart-watches/4125_4134_1229723_8780847"
            ],
            [
                "All Fitbits",
                "/browse/sports-outdoors/all-fitbits/4125_4134_1229723_5635313_9170763"
            ]
        ]
    },
    {
        "title": "Used (Good Condition)  Apple Watch 42mm Series 2 Aluminum GPS with Sport Band MNPJ2LL/A",
        "url": "https://www.walmart.com/ip/Used-Good-Condition-Apple-Watch-42mm-Series-2-Aluminum-GPS-with-Sport-Band-MNPJ2LL-A/703148865",
        "price": "$169.99",
        "stars": "4.2",
        "ratings": "17 ",
        "img": "",
        "tags": [
            [
                "Heart Rate Monitors",
                "/browse/sports-outdoors/heart-rate-monitors/4125_4134_1078104_1078145"
            ],
            [
                "Fitness Trackers",
                "/browse/sports-outdoors/fitness-trackers/4125_4134_1229723_1225106"
            ],
            [
                "Garmin Fitness Trackers",
                "/browse/sports-outdoors/garmin-fitness-trackers/4125_4134_1229723_1641039"
            ],
            [
                "Smart Watch Accessories",
                "/browse/sports-outdoors/smart-watch-accessories/4125_4134_1229723_5081915"
            ],
            [
                "Fitbit Charge",
                "/browse/sports-outdoors/fitbit-charge/4125_4134_1229723_5635313_5808080"
            ],
            [
                "Fitbit Versa",
                "/browse/sports-outdoors/fitbit-versa/4125_4134_1229723_5635313_6806839"
            ],
            [
                "All Fitbits",
                "/browse/sports-outdoors/all-fitbits/4125_4134_1229723_5635313_9170763"
            ]
        ]
    },
    {
        "title": "Like New  Apple Watch Series 5 (GPS + Cellular) 44mm Smartwatch",
        "url": "https://www.walmart.com/ip/Like-New-Apple-Watch-Series-5-GPS-Cellular-44mm-Smartwatch/487471165",
        "price": "$369.99",
        "stars": "4.5",
        "ratings": "2 ",
        "img": "i5.walmartimages.com/asr/6350ac3d-2437-4285-9dce-9118b9701d7d.8ff345c9b5bb63a17dc97548d109c0da.jpeg?odnWidth=612&odnHeight=612&odnBg=ffffff",
        "tags": []
    },
    {
        "title": "TheraBand Professional Latex Resistance Bands, 6 Yard Roll, Tan, Extra Thin, Beginner Level 1",
        "url": "https://www.walmart.com/ip/TheraBand-Professional-Latex-Resistance-Bands-6-Yard-Roll-Tan-Extra-Thin-Beginner-Level-1/15170061",
        "price": "$11.99",
        "stars": "4.8",
        "ratings": "12 ",
        "img": "",
        "tags": [
            [
                "Loop Bands",
                "/browse/sports-outdoors/loop-bands/4125_4134_1078104_9133250_1078204"
            ],
            [
                "Grip Strengtheners",
                "/browse/sports-outdoors/grip-strengtheners/4125_4134_1078104_1295968"
            ],
            [
                "Savings on Fitness Accessories",
                "/browse/sports-outdoors/savings-fitness-accessories/4125_4122780_1422465"
            ],
            [
                "Hand Grippers",
                "/browse/sports-outdoors/hand-grippers/4125_4134_1026285_7482840_1830719"
            ],
            [
                "CrossFit Training",
                "/browse/sports-outdoors/crossfit-training/4125_4134_2760213_3257386"
            ],
            [
                "All Exercise and Fitness Accessories",
                "/browse/sports-outdoors/all-exercise-fitness-accessories/4125_4134_1078104_4524158"
            ],
            [
                "Resistance Tubes",
                "/browse/sports-outdoors/resistance-tubes/4125_4134_1078104_9133250_5121985"
            ],
            [
                "Pull-Up Bands",
                "/browse/sports-outdoors/pull-up-bands/4125_4134_1078104_9133250_7997416"
            ]
        ]
    },
    {
        "title": "ACE Brand Adjustable Dual Knee Strap, Upper and Lower Support",
        "url": "https://www.walmart.com/ip/ACE-Brand-Adjustable-Dual-Knee-Strap-Upper-and-Lower-Support/50013369",
        "price": "$13.71",
        "stars": "4.4",
        "ratings": "51 ",
        "img": "i5.walmartimages.com/asr/b4ae5e70-beea-4676-b525-df81eb53640e.29841c3ca8aaf15ef50b05116be593ce.jpeg?odnWidth=612&odnHeight=612&odnBg=ffffff",
        "tags": [
            [
                "Garrett Metal Detectors",
                "/browse/sports-outdoors/garrett-metal-detectors/4125_546956_4155_78781_3782226"
            ],
            [
                "Sport Knee Braces",
                "/browse/sports-outdoors/sport-knee-braces/4125_4134_3523130_8200402_4716154"
            ],
            [
                "Athletic Tape",
                "/browse/sports-outdoors/athletic-tape/4125_4134_3523130_8200402_5107623"
            ],
            [
                "Mueller Knee Braces",
                "/browse/sports-outdoors/mueller-knee-braces/4125_4134_3523130_8200402_5129891"
            ],
            [
                "Hinged Knee Braces",
                "/browse/sports-outdoors/hinged-knee-braces/4125_4134_3523130_8200402_6550134"
            ],
            [
                "Compression Sleeves",
                "/browse/sports-outdoors/compression-sleeves/4125_4134_3523130_8200402_7134513"
            ],
            [
                "Knee Compression Sleeves",
                "/browse/sports-outdoors/knee-compression-sleeves/4125_4134_3523130_8200402_7145154"
            ],
            [
                "Sports Braces",
                "/browse/sports-outdoors/sports-braces/4125_4134_3523130_8200402_9682761"
            ]
        ]
    },
    {
        "title": "Breathable Silicone Sport Band for Apple Watch Series 1, 2, 3, 4, 5, and Sport",
        "url": "https://www.walmart.com/ip/Breathable-Silicone-Sport-Band-for-Apple-Watch-Series-1-2-3-4-5-and-Sport/194762175",
        "price": "$7.99",
        "stars": "3.0",
        "ratings": "3 ",
        "img": "i5.walmartimages.com/asr/2900b83d-7399-449a-8ee3-468fb38b946a_1.d9a78d5aaccd81a80f5f02f3c102df1b.jpeg?odnWidth=612&odnHeight=612&odnBg=ffffff",
        "tags": [
            [
                "Leather Watch Bands & Straps",
                "/browse/jewelry/leather-watch-bands-straps/3891_7574241_1224988_2688222"
            ],
            [
                "Fitbit Watch Bands",
                "/browse/jewelry/fitbit-watch-bands/3891_7574241_1224988_2810314"
            ],
            [
                "Watch Bands",
                "/browse/jewelry/watch-bands/3891_3906_1490361_3932230"
            ],
            [
                "Multipack Bands & Straps",
                "/browse/jewelry/multipack-bands-straps/3891_7574241_1224988_4261739"
            ],
            [
                "Jewelry Savings",
                "/browse/jewelry/jewelry-savings/3891_3142869_5906427"
            ],
            [
                "All Watch Bands & Straps",
                "/browse/jewelry/all-watch-bands-straps/3891_7574241_1224988_6509587"
            ],
            [
                "Watch Savings",
                "/browse/jewelry/watch-savings/3891_3142869_8688045"
            ]
        ]
    },
    {
        "title": "Workout Gym Half Finger Gloves Weight Lifting Wrist Wrap Sports Exercise Training Fitness",
        "url": "https://www.walmart.com/ip/Workout-Gym-Half-Finger-Gloves-Weight-Lifting-Wrist-Wrap-Sports-Exercise-Training-Fitness/118744822",
        "price": "$7.99",
        "stars": "4.2",
        "ratings": "31 ",
        "img": "i5.walmartimages.com/asr/eba74257-cdbe-4d79-a6d3-5ae19a5010d9_1.3699afadb00edd04912a1fd2de734247.jpeg?odnWidth=612&odnHeight=612&odnBg=ffffff",
        "tags": [
            [
                "Boxing Gloves",
                "/browse/sports-outdoors/boxing-gloves/4125_4134_8062664_1078404_1078406"
            ],
            [
                "MMA Gloves",
                "/browse/sports-outdoors/mma-gloves/4125_4134_8062664_1078444_1078445"
            ],
            [
                "Bike Gloves",
                "/browse/sports-outdoors/bike-gloves/4125_1081404_7258752_1475173"
            ],
            [
                "CrossFit Training",
                "/browse/sports-outdoors/crossfit-training/4125_4134_2760213_3257386"
            ],
            [
                "Weighted Gloves",
                "/browse/sports-outdoors/weighted-gloves/4125_4134_1026285_7482840_3351026"
            ],
            [
                "All Exercise and Fitness Accessories",
                "/browse/sports-outdoors/all-exercise-fitness-accessories/4125_4134_1078104_4524158"
            ],
            [
                "Weight Lifting Gloves",
                "/browse/sports-outdoors/weight-lifting-gloves/4125_4134_1026285_7482840_6745989"
            ],
            [
                "Weight Lifting Belts",
                "/browse/sports-outdoors/weight-lifting-belts/4125_4134_1026285_7482840_9003670"
            ]
        ]
    },
    {
        "title": "11 Pieces Resistance Bands Set with Handles Ankle Strap, Resistance Tubes Sets FOR EXERCISE Up To 100 lbs, For Resistance Training Physical Therapy Home Workouts Yoga Pilates",
        "url": "https://www.walmart.com/ip/11-Pieces-Resistance-Bands-Set-Handles-Ankle-Strap-Tubes-Sets-FOR-EXERCISE-Up-To-100-lbs-For-Training-Physical-Therapy-Home-Workouts-Yoga-Pilates/349685161",
        "price": "$14.98",
        "stars": "4.3",
        "ratings": "9 ",
        "img": "i5.walmartimages.com/asr/b2010bf6-0506-4018-9727-f9f763d4e602.10364b688f73b8a51af4e51af4926813.jpeg?odnWidth=612&odnHeight=612&odnBg=ffffff",
        "tags": [
            [
                "Exercise & Fitness",
                "/browse/health/exercise-fitness/976760_1172220_1978636"
            ],
            [
                "Exercise To Tone",
                "/browse/health/exercise-to-tone/976760_7207516_3867899_3469862_2031245"
            ],
            [
                "Vary Your Workouts",
                "/browse/health/vary-your-workouts/976760_7207516_1424368_3338434_2219599"
            ],
            [
                "Gain Strength",
                "/browse/health/gain-strength/976760_7207516_4730234"
            ],
            [
                "Increase Mobility",
                "/browse/health/increase-mobility/976760_7207516_6473016"
            ],
            [
                "Acupuncture Therapy",
                "/browse/health/acupuncture-therapy/976760_36290_7446936"
            ],
            [
                "Aromatherapy Yoga Room",
                "/browse/health/aromatherapy-yoga-room/976760_1274339_7512622"
            ],
            [
                "Lift Weights",
                "/browse/health/lift-weights/976760_7207516_3867899_2349917_7593580"
            ]
        ]
    },
    {
        "title": "84\" L Adjustable Massage Bed 3 Fold Height with Backrest Black",
        "url": "https://www.walmart.com/ip/84-L-Adjustable-Massage-Bed-3-Fold-Height-with-Backrest-Black/734304553",
        "price": "$79.99",
        "stars": "4.6",
        "ratings": "5 ",
        "img": "",
        "tags": [
            [
                "Massage Bolsters",
                "/browse/sports-outdoors/massage-bolsters/4125_4134_3523130_9362276_1376454"
            ],
            [
                "Massage Table Warmers",
                "/browse/sports-outdoors/massage-table-warmers/4125_4134_3523130_9362276_3885778"
            ],
            [
                "Portable Massage Chairs",
                "/browse/sports-outdoors/portable-massage-chairs/4125_4134_3523130_9362276_4278917"
            ],
            [
                "Snorkel Sets",
                "/browse/sports-outdoors/snorkel-sets/4125_546956_1075805_6213312_4370094"
            ],
            [
                "Emergency Preparedness",
                "/browse/sports-outdoors/emergency-preparedness/4125_546956_4128_605286"
            ],
            [
                "Portable Massage Tables",
                "/browse/sports-outdoors/portable-massage-tables/4125_4134_3523130_9362276_7801551"
            ],
            [
                "Massage Accessories",
                "/browse/sports-outdoors/massage-accessories/4125_4134_3523130_9362276_8508614"
            ],
            [
                "Oregon Ducks Kids",
                "/browse/sports-outdoors/oregon-ducks-kids/4125_1063984_1064346_7065213_8935498"
            ]
        ]
    },
    {
        "title": "Princess iTime InteractiveSmart Watch 40 MM",
        "url": "https://www.walmart.com/ip/Princess-iTime-InteractiveSmart-Watch-40-MM/424661353",
        "price": "$35.00",
        "stars": "3.7",
        "ratings": "3 ",
        "img": "i5.walmartimages.com/asr/8dc88a23-3877-4f2c-b06e-ad4237a167bc_1.163d97cb990fe1c995f6aaeb0f216a81.png?odnWidth=612&odnHeight=612&odnBg=ffffff",
        "tags": [
            [
                "All Watches",
                "/browse/jewelry/all-watches/3891_3906_1012759"
            ],
            [
                "Kids Watches",
                "/browse/jewelry/kids-watches/3891_3906_8010157_1224987"
            ],
            [
                "Disney Watches",
                "/browse/jewelry/disney-watches/3891_3906_2242838_2708625"
            ],
            [
                "Everyday Watch Brands",
                "/browse/jewelry/everyday-watch-brands/3891_3906_2242838_3312575"
            ],
            [
                "Boys Watches",
                "/browse/jewelry/boys-watches/3891_3906_8010157_5157344"
            ],
            [
                "Watch Savings",
                "/browse/jewelry/watch-savings/3891_3142869_8688045"
            ],
            [
                "Kids Character Watches",
                "/browse/jewelry/kids-character-watches/3891_3906_8010157_9798176"
            ]
        ]
    }
]