[
    {
        "title": "Men's Majestic Brown Cleveland Browns Greatness T-Shirt",
        "url": "https://www.walmart.com/ip/Men-s-Majestic-Brown-Cleveland-Browns-Greatness-T-Shirt/507859716",
        "price": "$14.96",
        "stars": "5.0",
        "ratings": "2 ",
        "img": "",
        "tags": [
            [
                "NFL T-shirts",
                "/browse/sports-outdoors/nfl-t-shirts/4125_1063984_1423455_2788159"
            ],
            [
                "Baker Mayfield Jerseys & Gear",
                "/browse/sports-outdoors/baker-mayfield-jerseys-gear/4125_1063984_1423455_3080310"
            ],
            [
                "Cleveland Browns T-Shirts",
                "/browse/sports-outdoors/cleveland-browns-t-shirts/4125_1063984_1423455_9997589_4451779"
            ],
            [
                "Cleveland Browns Team Shop",
                "/browse/sports-outdoors/cleveland-browns-team-shop/4125_1063984_1423455_9997589_4960705"
            ],
            [
                "NFL Womens",
                "/browse/sports-outdoors/nfl-womens/4125_1063984_1423455_6231693"
            ],
            [
                "Cleveland Browns Kids",
                "/browse/sports-outdoors/cleveland-browns-kids/4125_1063984_1423455_9997589_6298932"
            ],
            [
                "Cleveland Browns Womens",
                "/browse/sports-outdoors/cleveland-browns-womens/4125_1063984_1423455_9997589_7548860"
            ],
            [
                "NFL Mens",
                "/browse/sports-outdoors/nfl-mens/4125_1063984_1423455_9725320"
            ]
        ]
    },
    {
        "title": "WWE Bret Hart Men's Costume",
        "url": "https://www.walmart.com/ip/WWE-Bret-Hart-Men-s-Costume/801482009",
        "price": "$19.98",
        "stars": 0,
        "ratings": 0,
        "img": "i5.walmartimages.com/asr/b3559eb8-74fe-4a30-afdf-f689297c6228_1.0c464ed2205bcf2037e8c1c01b0cabc4.jpeg?odnWidth=612&odnHeight=612&odnBg=ffffff",
        "tags": [
            [
                "WWE Costumes",
                "/browse/party-occasions/wwe-costumes/2637_615760_1088766_2327096_3147503_1245128"
            ],
            [
                "Men's Top Costumes",
                "/browse/party-occasions/mens-top-costumes/2637_615760_1088766_1054059_7955173_1992668"
            ],
            [
                "TV & Movies Costumes",
                "/browse/party-occasions/tv-movies-costumes/2637_615760_1088766_1054059_7955173_3504535"
            ],
            [
                "90s Costumes",
                "/browse/party-occasions/90s-costumes/2637_615760_1088766_1054059_5187051"
            ],
            [
                "Angry Birds Costumes",
                "/browse/party-occasions/angry-birds-costumes/2637_615760_1088766_2327096_7680203"
            ],
            [
                "Spiderman Costume",
                "/browse/party-occasions/spiderman-costume/2637_615760_1088766_2327096_6691810_8274476_7986976"
            ],
            [
                "Men's Plus Size Halloween Costumes",
                "/browse/party-occasions/mens-plus-size-halloween-costumes/2637_615760_1088766_1054059_7955173_8350987"
            ],
            [
                "All Boys Halloween Costumes",
                "/browse/party-occasions/all-boys-halloween-costumes/2637_615760_1088766_1054039_8395835_8876914"
            ]
        ]
    },
    {
        "title": "WWE Shinsuke Nakamura Survivor Series Elite Action Figure",
        "url": "https://www.walmart.com/ip/WWE-Shinsuke-Nakamura-Survivor-Series-Elite-Action-Figure/941971918",
        "price": "$14.99",
        "stars": "4.3",
        "ratings": "4 ",
        "img": "i5.walmartimages.com/asr/948079bf-b3cc-4f34-b652-2ddc5fc3e67c_1.2e4226065f14267fc6cfce84bc819bc5.jpeg?odnWidth=612&odnHeight=612&odnBg=ffffff",
        "tags": [
            [
                "All Action Figure Playsets",
                "/browse/toys/all-action-figure-playsets/4171_4172_9845227_1156794"
            ],
            [
                "WWE Wrestling Ring Playsets",
                "/browse/toys/wwe-wrestling-ring-playsets/4171_7357538_7087187_2031303"
            ],
            [
                "WWE Elite Figures",
                "/browse/toys/wwe-elite-figures/4171_7357538_7087187_6551433_2752681"
            ],
            [
                "Ghostbusters Toys",
                "/browse/toys/ghostbusters-toys/4171_2065565_4138884"
            ],
            [
                "TV & Movie Playsets",
                "/browse/toys/tv-movie-playsets/4171_4172_9845227_4517984"
            ],
            [
                "WWE Battle Pack",
                "/browse/toys/wwe-battle-pack/4171_7357538_7087187_6551433_5670341"
            ],
            [
                "WWE Zombies",
                "/browse/toys/wwe-zombies/4171_7357538_7087187_6551433_9381726"
            ]
        ]
    },
    {
        "title": "New Orleans Saints For Bare Feet Cubical Remix Crew Socks",
        "url": "https://www.walmart.com/ip/New-Orleans-Saints-For-Bare-Feet-Cubical-Remix-Crew-Socks/823468322",
        "price": "$6.88",
        "stars": 0,
        "ratings": 0,
        "img": "i5.walmartimages.com/asr/7680bef6-f14f-4594-9354-05d1f425380c.8a8e6ca0bef68bd3409518620889faf6.jpeg?odnWidth=612&odnHeight=612&odnBg=ffffff",
        "tags": []
    },
    {
        "title": "Women's Russell Athletic Heathered Royal Florida Gators Half-Sleeve V-Neck Tunic",
        "url": "https://www.walmart.com/ip/Women-s-Russell-Athletic-Heathered-Royal-Florida-Gators-Half-Sleeve-V-Neck-Tunic/908763061",
        "price": "$14.96",
        "stars": "3.0",
        "ratings": "1 ",
        "img": "i5.walmartimages.com/asr/a4df9f7d-c6f2-45d4-b2f9-41f58bcc5518.88fc7343c429afa072bd03da80a31c81.jpeg?odnWidth=612&odnHeight=612&odnBg=ffffff",
        "tags": [
            [
                "Little Girls Back to School Outfit Sets",
                "/browse/clothing/little-girls-back-to-school-outfit-sets/5438_1432442_7325555_4026190_5912213_1307329"
            ],
            [
                "Premium Womens One-piece Swimsuits",
                "/browse/clothing/premium-womens-one-piece-swimsuits/5438_7151172_3504438_7250621_3817538"
            ],
            [
                "Big Girls Activewear Tops",
                "/browse/clothing/big-girls-activewear-tops/5438_1432442_7325555_4026190_9047752_6227449_4040329"
            ],
            [
                "WonderWink Scrubs",
                "/browse/clothing/wonderwink-scrubs/5438_6824908_5542126"
            ],
            [
                "42F Bras",
                "/browse/clothing/42f-bras/5438_133162_3523459_7440021_3277817_5857076"
            ],
            [
                "40F Bras",
                "/browse/clothing/40f-bras/5438_133162_3523459_7440021_3277817_6510423"
            ],
            [
                "38F Bras",
                "/browse/clothing/38f-bras/5438_133162_3523459_7440021_3277817_7317345"
            ],
            [
                "Lee Men's",
                "/browse/clothing/lee-mens/5438_3317124_9327821_9227024"
            ]
        ]
    },
    {
        "title": "Men's Fan Favorite Navy Seattle Seahawks Mass Basic Adjustable Hat - OSFA",
        "url": "https://www.walmart.com/ip/Men-s-Fan-Favorite-Navy-Seattle-Seahawks-Mass-Basic-Adjustable-Hat-OSFA/198944080",
        "price": "$10.42",
        "stars": "5.0",
        "ratings": "1 ",
        "img": "i5.walmartimages.com/asr/5468611d-1846-41d1-8551-89dd93ecccc3.fe9f115a05c87017c503eeef93d7fa23.jpeg?odnWidth=612&odnHeight=612&odnBg=ffffff",
        "tags": [
            [
                "Seattle Seahawks Kids",
                "/browse/sports-outdoors/seattle-seahawks-kids/4125_1063984_1423455_8134962_2195454"
            ],
            [
                "Seattle Seahawks Mens",
                "/browse/sports-outdoors/seattle-seahawks-mens/4125_1063984_1423455_8134962_3543390"
            ],
            [
                "Seattle Seahawks Team Shop",
                "/browse/sports-outdoors/seattle-seahawks-team-shop/4125_1063984_1423455_8134962_4334605"
            ],
            [
                "NFL Accessories",
                "/browse/sports-outdoors/nfl-accessories/4125_1063984_1423455_5244236"
            ],
            [
                "NFL Hats",
                "/browse/sports-outdoors/nfl-hats/4125_1063984_1423455_6365599"
            ],
            [
                "Seattle Seahawks Hats",
                "/browse/sports-outdoors/seattle-seahawks-hats/4125_1063984_1423455_8134962_7736535"
            ],
            [
                "Hats Fan Shop",
                "/browse/sports-outdoors/hats-fan-shop/4125_1063984_1063985_8930312"
            ],
            [
                "NFL Mens",
                "/browse/sports-outdoors/nfl-mens/4125_1063984_1423455_9725320"
            ]
        ]
    },
    {
        "title": "Baltimore Ravens The Northwest Company 50'' x 60'' Split Wide Fleece Throw Blanket - No Size",
        "url": "https://www.walmart.com/ip/Baltimore-Ravens-The-Northwest-Company-50-x-60-Split-Wide-Fleece-Throw-Blanket-No-Size/935219970",
        "price": "$14.99",
        "stars": "2.0",
        "ratings": "1 ",
        "img": "i5.walmartimages.com/asr/75e7e6aa-3d02-45b0-b1ff-39a5a616852a_1.6830e924f7ea67e45ac63a690c81b960.jpeg?odnWidth=612&odnHeight=612&odnBg=ffffff",
        "tags": []
    },
    {
        "title": "Little Earth - NFL Sheer Infinity Scarf, Pittsburgh Steelers",
        "url": "https://www.walmart.com/ip/Little-Earth-NFL-Sheer-Infinity-Scarf-Pittsburgh-Steelers/40171456",
        "price": "$12.95",
        "stars": "3.3",
        "ratings": "3 ",
        "img": "i5.walmartimages.com/asr/3a0b6966-0a32-4393-9f0c-8634ad338118_1.0968b9caf01a3ef813ce925cb18c5704.jpeg?odnWidth=612&odnHeight=612&odnBg=ffffff",
        "tags": [
            [
                "Accessories Fan Shop",
                "/browse/sports-outdoors/accessories-fan-shop/4125_1063984_1063985_1063987"
            ],
            [
                "Toys & Games Fan Shop",
                "/browse/sports-outdoors/toys-games-fan-shop/4125_1063984_1064124"
            ],
            [
                "New England Patriots Accessories",
                "/browse/sports-outdoors/new-england-patriots-accessories/4125_1063984_1423455_3142048_3629081"
            ],
            [
                "Pittsburgh Steelers Team Shop",
                "/browse/sports-outdoors/pittsburgh-steelers-team-shop/4125_1063984_1423455_5521520_5288523"
            ],
            [
                "Atlanta Falcons Accessories",
                "/browse/sports-outdoors/atlanta-falcons-accessories/4125_1063984_1423455_7511373_6969822"
            ],
            [
                "Pittsburgh Steelers Accessories",
                "/browse/sports-outdoors/pittsburgh-steelers-accessories/4125_1063984_1423455_5521520_8724897"
            ],
            [
                "Pittsburgh Steelers Kids",
                "/browse/sports-outdoors/pittsburgh-steelers-kids/4125_1063984_1423455_5521520_9249259"
            ],
            [
                "NFL Kids",
                "/browse/sports-outdoors/nfl-kids/4125_1063984_1423455_9669706"
            ]
        ]
    },
    {
        "title": "SpongeBob SquarePants Pop 'N' Race",
        "url": "https://www.walmart.com/ip/SpongeBob-SquarePants-Pop-N-Race/791535809",
        "price": "$9.99",
        "stars": "4.0",
        "ratings": "4 ",
        "img": "i5.walmartimages.com/asr/06288af4-2fa6-4d79-9eb7-792df6bd33a6.5e4c5f48a916e74409e6b2dfd4d10b4f.png?odnWidth=612&odnHeight=612&odnBg=ffffff",
        "tags": [
            [
                "Toy Boxes & Chests",
                "/browse/home/toy-boxes-chests/4044_90828_2523133_1105892"
            ],
            [
                "Personalized Pencil Cases",
                "/browse/home/personalized-pencil-cases/4044_133224_7629798_1583902"
            ],
            [
                "Personalized Back To School",
                "/browse/home/personalized-back-to-school/4044_133224_3140362_1617828"
            ],
            [
                "Personalized Kid's Backpacks",
                "/browse/home/personalized-kids-backpacks/4044_133224_7629798_4814652"
            ],
            [
                "Personalized Toys & Games",
                "/browse/home/personalized-toys-games/4044_133224_4186480_7136457"
            ],
            [
                "Shop All Kids' Storage",
                "/browse/home/shop-all-kids-storage/4044_90828_2523133_7142851"
            ],
            [
                "Fabric Baskets & Bins",
                "/browse/home/fabric-baskets-bins/4044_90828_1230055_7593658"
            ],
            [
                "SpongeBob SquarePants Clothing",
                "/browse/home/spongebob-squarepants-clothing/4044_133224_5741060_3372119_9187987"
            ]
        ]
    },
    {
        "title": "Las Vegas Raiders Fanatics Branded Adult Camo Face Covering 2-Pack",
        "url": "https://www.walmart.com/ip/Las-Vegas-Raiders-Fanatics-Branded-Adult-Camo-Face-Covering-2-Pack/252729153",
        "price": "$13.99",
        "stars": "4.3",
        "ratings": "4 ",
        "img": "i5.walmartimages.com/asr/9c3c2abf-6c0d-4169-b723-f54b3c4fb8f7.21b148dfd4eaa64b647b0a7fa16f30c5.jpeg?odnWidth=612&odnHeight=612&odnBg=ffffff",
        "tags": []
    }
]