[
    {
        "title": "Slime Bicycle SKABS Tube Patches + Levers - 20483",
        "url": "https://www.walmart.com/ip/Slime-Bicycle-SKABS-Tube-Patches-Levers-20483/910528570",
        "price": "$3.96",
        "stars": "4.3",
        "ratings": "29 ",
        "img": "i5.walmartimages.com/asr/d548569c-cd40-4579-a225-0888d8200ea4_1.20aa7a6125ccc9a383b10128a32d6782.jpeg?odnWidth=612&odnHeight=612&odnBg=ffffff",
        "tags": [
            [
                "Performance Bike Multi Tools",
                "/browse/sports-outdoors/performance-bike-multi-tools/4125_1081404_4682408_1908295_1437625"
            ],
            [
                "Bike Tire Tubes",
                "/browse/sports-outdoors/bike-tire-tubes/4125_1081404_7650685_2251993"
            ],
            [
                "Performance Bike Repair Tools",
                "/browse/sports-outdoors/performance-bike-repair-tools/4125_1081404_4682408_1908295_2887815"
            ],
            [
                "Bike Tools",
                "/browse/sports-outdoors/bike-tools/4125_1081404_5848968_5880411"
            ],
            [
                "All Bike Components",
                "/browse/sports-outdoors/all-bike-components/4125_1081404_7650685_7412229"
            ],
            [
                "Bike Multi-tools",
                "/browse/sports-outdoors/bike-multi-tools/4125_1081404_5848968_3513593_7496367"
            ],
            [
                "Bike Tool Kits",
                "/browse/sports-outdoors/bike-tool-kits/4125_1081404_5848968_3513593_9797485"
            ],
            [
                "Bike Pumps",
                "/browse/sports-outdoors/bike-pumps/4125_1081404_5848968_9835385"
            ]
        ]
    },
    {
        "title": "LOL Surprise Active Gear Padset",
        "url": "https://www.walmart.com/ip/LOL-Surprise-Active-Gear-Padset/156240167",
        "price": "$9.96",
        "stars": "3.2",
        "ratings": "44 ",
        "img": "",
        "tags": [
            [
                "All Kids' Bikes",
                "/browse/sports-outdoors/all-kids-bikes/4125_1081404_9240575_1085618"
            ],
            [
                "Bike Helmets",
                "/browse/sports-outdoors/bike-helmets/4125_1081404_7258752_6249551"
            ],
            [
                "Bike Bells & Horns",
                "/browse/sports-outdoors/bike-bells-horns/4125_1081404_5848968_7088451"
            ],
            [
                "Bicycles with Training Wheels",
                "/browse/sports-outdoors/bicycles-with-training-wheels/4125_1081404_9240575_7312004"
            ],
            [
                "Roller Skates",
                "/browse/sports-outdoors/roller-skates/4125_1224931_7628560_8241867_7343776"
            ],
            [
                "Kids' BMX Bikes",
                "/browse/sports-outdoors/kids-bmx-bikes/4125_1081404_9240575_7577999"
            ],
            [
                "Inline Skates",
                "/browse/sports-outdoors/inline-skates/4125_1224931_7628560_8241867_8914833"
            ],
            [
                "Skateboard Helmets",
                "/browse/sports-outdoors/skateboard-helmets/4125_1224931_7628560_3297420_9909579"
            ]
        ]
    },
    {
        "title": "Bell Marvel Black Panther 3D Hero Multi-Sport Bike Helmet, Child 5+ (50-54cm)",
        "url": "https://www.walmart.com/ip/Bell-Marvel-Black-Panther-3D-Hero-Multi-Sport-Bike-Helmet-Child-5-50-54cm/504708850",
        "price": "$24.97",
        "stars": "4.7",
        "ratings": "14 ",
        "img": "i5.walmartimages.com/asr/172fc797-f998-454a-8f60-fbf4224fab32_2.ecd916b3ce1348d0d45688fd2b595406.jpeg?odnWidth=612&odnHeight=612&odnBg=ffffff",
        "tags": [
            [
                "Kids' Bikes & Riding Knee Pads",
                "/browse/toys/kids-bikes-riding-knee-pads/4171_133073_5310116_9137144_1225457"
            ],
            [
                "Bikes for Boys",
                "/browse/toys/bikes-for-boys/4171_1228478_3172813_1984741"
            ],
            [
                "Kids Scooter",
                "/browse/toys/kids-scooter/4171_133073_6774653_4137853_3209634_5215359"
            ],
            [
                "Skateboard Accessories",
                "/browse/toys/skateboard-accessories/4171_133073_7200693_5249"
            ],
            [
                "Razor Sport Helmets",
                "/browse/toys/razor-sport-helmets/4171_3438149_6621100_6366016"
            ],
            [
                "Kick Scooters",
                "/browse/toys/kick-scooters/4171_133073_6774653_4137853_3209634_7316698"
            ],
            [
                "PAW Patrol Toys",
                "/browse/toys/paw-patrol-toys/4171_3438149_8288276"
            ],
            [
                "All Kids Costumes & Dress-Up",
                "/browse/toys/all-kids-costumes-dress-up/4171_4173_7421020_9055580"
            ]
        ]
    },
    {
        "title": "Schwinn Kids Spree Bicycle Seat",
        "url": "https://www.walmart.com/ip/Schwinn-Kids-Spree-Bicycle-Seat/497752416",
        "price": "$12.96",
        "stars": "4.9",
        "ratings": "19 ",
        "img": "i5.walmartimages.com/asr/57c1f257-32a2-469a-a54b-62780ce4a56e_1.cc6594b938e458a1579fabbba452e07a.jpeg?odnWidth=612&odnHeight=612&odnBg=ffffff",
        "tags": [
            [
                "Bike Tire Tubes",
                "/browse/sports-outdoors/bike-tire-tubes/4125_1081404_7650685_2251993"
            ],
            [
                "Bike Lights",
                "/browse/sports-outdoors/bike-lights/4125_1081404_5848968_4037860"
            ],
            [
                "Bike Pedals",
                "/browse/sports-outdoors/bike-pedals/4125_1081404_7650685_5117302"
            ],
            [
                "Small Bike Parts",
                "/browse/sports-outdoors/small-bike-parts/4125_1081404_7650685_5821487"
            ],
            [
                "All Bike Components",
                "/browse/sports-outdoors/all-bike-components/4125_1081404_7650685_7412229"
            ],
            [
                "Bike Seatposts",
                "/browse/sports-outdoors/bike-seatposts/4125_1081404_7650685_4361645_7586231"
            ],
            [
                "Bike Handlebars",
                "/browse/sports-outdoors/bike-handlebars/4125_1081404_7650685_8636900"
            ],
            [
                "Bike Tires",
                "/browse/sports-outdoors/bike-tires/4125_1081404_7650685_9086523"
            ]
        ]
    },
    {
        "title": "Powercrunch Original Protein Bar, 13g Protein, Chocolate Mint, 16.8 Oz, 12 Ct",
        "url": "https://www.walmart.com/ip/Powercrunch-Original-Protein-Bar-13g-Protein-Chocolate-Mint-16-8-Oz-12-Ct/35488437",
        "price": "$24.00",
        "stars": "4.7",
        "ratings": "36 ",
        "img": "i5.walmartimages.com/asr/731bced8-546a-4b28-987a-c30c1932e88a_1.f1b3c10793d953d6e1bdc8c5dc1667b7.jpeg?odnWidth=612&odnHeight=612&odnBg=ffffff",
        "tags": [
            [
                "Eat High Protein Diet",
                "/browse/health/eat-high-protein-diet/976760_7207516_3867899_2349917_1339165"
            ],
            [
                "Protein Shakes, Bars & Energy Drinks",
                "/browse/health/protein-shakes-bars-energy-drinks/976760_9035881_9006282_2339462"
            ],
            [
                "Protein & Fitness for Active Dads",
                "/browse/health/protein-fitness-for-active-dads/976760_1166769_3000507"
            ],
            [
                "Protein On the Go",
                "/browse/health/protein-on-the-go/976760_1166769_5193040"
            ],
            [
                "Fuel Your Body",
                "/browse/health/fuel-your-body/976760_9035881_5814720"
            ],
            [
                "Winter Flavors",
                "/browse/health/winter-flavors/976760_1166769_4709928_6986726"
            ],
            [
                "All Protein Supplements",
                "/browse/health/all-protein-supplements/976760_1166769_9231506"
            ],
            [
                "Fall Flavors",
                "/browse/health/fall-flavors/976760_1166769_4709928_9899186"
            ]
        ]
    },
    {
        "title": "50STRONG Bottle Cage for Bike, Black",
        "url": "https://www.walmart.com/ip/50STRONG-Bottle-Cage-for-Bike-Black/38389221",
        "price": "$4.96",
        "stars": "3.5",
        "ratings": "17 ",
        "img": "",
        "tags": [
            [
                "Bike Baskets",
                "/browse/sports-outdoors/bike-baskets/4125_1081404_5848968_3824272"
            ],
            [
                "Bike Lights",
                "/browse/sports-outdoors/bike-lights/4125_1081404_5848968_4037860"
            ],
            [
                "All Exercise and Fitness Accessories",
                "/browse/sports-outdoors/all-exercise-fitness-accessories/4125_4134_1078104_4524158"
            ],
            [
                "Bike Covers",
                "/browse/sports-outdoors/bike-covers/4125_1081404_5848968_4998116_5085312"
            ],
            [
                "Bike Bags & Carriers",
                "/browse/sports-outdoors/bike-bags-carriers/4125_1081404_5848968_6312816"
            ],
            [
                "Bike Locks",
                "/browse/sports-outdoors/bike-locks/4125_1081404_5848968_6474494"
            ],
            [
                "Bike Water Bottles",
                "/browse/sports-outdoors/bike-water-bottles/4125_1081404_5848968_7113847"
            ],
            [
                "Bike Pumps",
                "/browse/sports-outdoors/bike-pumps/4125_1081404_5848968_9835385"
            ]
        ]
    },
    {
        "title": "think! High Protein Bars, Brownie Crunch, 2.1 oz Bar, 10 Count",
        "url": "https://www.walmart.com/ip/think-High-Protein-Bars-Brownie-Crunch-2-1-oz-Bar-10-Count/21642379",
        "price": "$21.58",
        "stars": "4.6",
        "ratings": "74 ",
        "img": "i5.walmartimages.com/asr/09440c72-37be-4206-86ef-d0cbfa4c414b.9560b71983bda2d573e7f72eb8c3e551.jpeg?odnWidth=612&odnHeight=612&odnBg=ffffff",
        "tags": [
            [
                "On-the-Go Nutrition",
                "/browse/health/on-the-go-nutrition/976760_1005859_1006979"
            ],
            [
                "Protein Shakes, Bars & Energy Drinks",
                "/browse/health/protein-shakes-bars-energy-drinks/976760_9035881_9006282_2339462"
            ],
            [
                "Indulgent Flavors Protein & Fitness",
                "/browse/health/indulgent-flavors-protein-fitness/976760_1166769_4709928_4249965"
            ],
            [
                "Busy Lifestyle Formats",
                "/browse/health/busy-lifestyle-formats/976760_1166769_4620565"
            ],
            [
                "Protein On the Go",
                "/browse/health/protein-on-the-go/976760_1166769_5193040"
            ],
            [
                "Quest Assortment Pg",
                "/browse/health/quest-assortment-pg/976760_1166769_3046134_5324300"
            ],
            [
                "Quest Protein Bars",
                "/browse/health/quest-protein-bars/976760_1166769_3046134_5804235"
            ],
            [
                "Fuel Your Body",
                "/browse/health/fuel-your-body/976760_9035881_5814720"
            ]
        ]
    },
    {
        "title": "CLIF Bar Energy Bars, Apricot, 9g Protein Bar, 12 Ct, 2.4 oz",
        "url": "https://www.walmart.com/ip/CLIF-Bar-Energy-Bars-Apricot-9g-Protein-Bar-12-Ct-2-4-oz/28663079",
        "price": "$11.28",
        "stars": "4.6",
        "ratings": "32 ",
        "img": "i5.walmartimages.com/asr/6eb9fb65-d1d4-4db2-98fb-1dc498c3e34a.4bdf51dfae1fd42c386297046bb56a85.jpeg?odnWidth=612&odnHeight=612&odnBg=ffffff",
        "tags": [
            [
                "Clif Bar Coffee Collection",
                "/browse/food/clif-bar-coffee-collection/976759_976787_1044154_1994007"
            ],
            [
                "Energy Boosting Breakfast",
                "/browse/food/energy-boosting-breakfast/976759_976783_4066706"
            ],
            [
                "On-The-Go Bars",
                "/browse/food/on-the-go-bars/976759_1567409_3170630_4801990"
            ],
            [
                "Granola Bars",
                "/browse/food/granola-bars/976759_976787_1044154_5006109"
            ],
            [
                "Weight Management Bars",
                "/browse/food/weight-management-bars/976759_1567409_3170630_6275898"
            ],
            [
                "Indulgent Breakfast",
                "/browse/food/indulgent-breakfast/976759_976783_7148587"
            ],
            [
                "Home Workout Snacks and Beverages",
                "/browse/food/home-workout-snacks-beverages/976759_1567409_7702434"
            ],
            [
                "Non GMO Food",
                "/browse/food/non-gmo-food/976759_5004481_8102928"
            ]
        ]
    },
    {
        "title": "Marvel Avengers 16\" Boys' EZ Build Bike, by Huffy",
        "url": "https://www.walmart.com/ip/Marvel-Avengers-16-Boys-EZ-Build-Bike-by-Huffy/164854707",
        "price": "$84.00",
        "stars": "3.9",
        "ratings": "95 ",
        "img": "i5.walmartimages.com/asr/daf40f9c-b1a8-4a35-988b-c36efda7f7b2_1.e2486b038bad7b04a046e15cec316101.jpeg?odnWidth=612&odnHeight=612&odnBg=ffffff",
        "tags": [
            [
                "Kids' Bike Helmets & Jaw Pads",
                "/browse/toys/kids-bike-helmets-jaw-pads/4171_133073_5310116_9137144_1225456"
            ],
            [
                "Tricycles",
                "/browse/toys/tricycles/4171_133073_6774653_4137853_1462305"
            ],
            [
                "BIkes for Girls",
                "/browse/toys/bikes-for-girls/4171_1228477_3574057_1533396"
            ],
            [
                "All Disney Toys",
                "/browse/toys/all-disney-toys/4171_6909449_1773797"
            ],
            [
                "6V Powered Ride Ons",
                "/browse/toys/6v-powered-ride-ons/4171_133073_6774653_8911690_7715141_1945060"
            ],
            [
                "PAW Patrol Toys",
                "/browse/toys/paw-patrol-toys/4171_3438149_8288276"
            ],
            [
                "Frozen Kids Bikes & Riding Toys",
                "/browse/toys/frozen-kids-bikes-riding-toys/4171_7357538_6091150_9022265"
            ],
            [
                "All Kids Costumes & Dress-Up",
                "/browse/toys/all-kids-costumes-dress-up/4171_4173_7421020_9055580"
            ]
        ]
    },
    {
        "title": "Bell Manifold Adult Multisport Bike Helmet, Black",
        "url": "https://www.walmart.com/ip/Bell-Manifold-Adult-Multisport-Bike-Helmet-Black/36587942",
        "price": "$24.97",
        "stars": "4.3",
        "ratings": "18 ",
        "img": "i5.walmartimages.com/asr/44acf181-d705-4da4-91e4-8562e05bd831_1.dc11ddb15062025f35bfc01756a3987f.jpeg?odnWidth=612&odnHeight=612&odnBg=ffffff",
        "tags": [
            [
                "Bike Water Bottle Cages",
                "/browse/sports-outdoors/bike-water-bottle-cages/4125_1081404_5848968_1790042"
            ],
            [
                "Realtree Bikes & Bike Accessories",
                "/browse/sports-outdoors/realtree-bikes-bike-accessories/4125_546956_8065244_3037335_2035993"
            ],
            [
                "Men's Hunting Tops",
                "/browse/sports-outdoors/mens-hunting-tops/4125_546956_4155_4363790_7894950_3985527"
            ],
            [
                "Bike Lights",
                "/browse/sports-outdoors/bike-lights/4125_1081404_5848968_4037860"
            ],
            [
                "Bike Pads",
                "/browse/sports-outdoors/bike-pads/4125_1081404_7258752_5248669"
            ],
            [
                "Bike Locks",
                "/browse/sports-outdoors/bike-locks/4125_1081404_5848968_6474494"
            ],
            [
                "Bike Pumps",
                "/browse/sports-outdoors/bike-pumps/4125_1081404_5848968_9835385"
            ],
            [
                "Skateboard Helmets",
                "/browse/sports-outdoors/skateboard-helmets/4125_1224931_7628560_3297420_9909579"
            ]
        ]
    }
]