[
    {
        "title": "Disney Matching Game (Other)",
        "url": "https://www.walmart.com/ip/Disney-Matching-Game-Other/695511952",
        "price": "$8.49",
        "stars": "5.0",
        "ratings": "5 ",
        "img": "",
        "tags": [
            [
                "Shop Toys by Price",
                "/browse/shop-toys-by-price/4171_1263324"
            ],
            [
                "All Disney Toys",
                "/browse/toys/all-disney-toys/4171_6909449_1773797"
            ],
            [
                "Classic Games",
                "/browse/toys/classic-games/4171_4191_2084995"
            ],
            [
                "Family Games",
                "/browse/toys/family-games/4171_4191_2335373_2204878"
            ],
            [
                "Frozen Games & Puzzles",
                "/browse/toys/frozen-games-puzzles/4171_7357538_6091150_3595068"
            ],
            [
                "All Board Games",
                "/browse/toys/all-board-games/4171_4191_133123_4497274"
            ],
            [
                "Adult Games",
                "/browse/toys/adult-games/4171_4191_2335373_9523585"
            ]
        ]
    },
    {
        "title": "2 Decks Bicycle Rider Back Standard Pinochle Playing Cards Red and Blue",
        "url": "https://www.walmart.com/ip/2-Decks-Bicycle-Rider-Back-Standard-Pinochle-Playing-Cards-Red-and-Blue/422445360",
        "price": "$9.49",
        "stars": 0,
        "ratings": 0,
        "img": "i5.walmartimages.com/asr/b8f86932-87e7-4016-b39c-c88708adb02a_1.9b81b3a890fa10cf08b0430575785051.jpeg?odnWidth=612&odnHeight=612&odnBg=ffffff",
        "tags": [
            [
                "Card Games",
                "/browse/toys/card-games/4171_4191_163842"
            ],
            [
                "Classic Games",
                "/browse/toys/classic-games/4171_4191_2084995"
            ],
            [
                "Family Games",
                "/browse/toys/family-games/4171_4191_2335373_2204878"
            ],
            [
                "All Board Games",
                "/browse/toys/all-board-games/4171_4191_133123_4497274"
            ],
            [
                "Toys for Kids 2 to 4 Years",
                "/browse/toys/toys-for-kids-2-to-4-years/4171_3318550_7016108_4703344"
            ],
            [
                "Dragon Toys",
                "/browse/toys/dragon-toys/4171_7357538_5461952"
            ],
            [
                "Toys for Kids 5 to 7 Years",
                "/browse/toys/toys-for-kids-5-to-7-years/4171_3318550_617941_8920388"
            ]
        ]
    },
    {
        "title": "Innova Discs - Star Teebird3 Disc Golf Fairway Driver",
        "url": "https://www.walmart.com/ip/Innova-Discs-Star-Teebird3-Disc-Golf-Fairway-Driver/720605290",
        "price": "$17.95",
        "stars": 0,
        "ratings": 0,
        "img": "i5.walmartimages.com/asr/19d8044f-1746-4fc7-9eee-f7071e0d068c.df99f5ecd342b35c08a51fe05a7b8d6e.png?odnWidth=612&odnHeight=612&odnBg=ffffff",
        "tags": [
            [
                "All Lawn Games",
                "/browse/sports-outdoors/all-lawn-games/4125_1224931_7643019_1075784"
            ],
            [
                "Yoga Mat Bags",
                "/browse/sports-outdoors/yoga-mat-bags/4125_4134_1078384_1867162"
            ],
            [
                "Golf Putters",
                "/browse/sports-outdoors/golf-putters/4125_4161_4152_7064140_2621195"
            ],
            [
                "Disc Golf Baskets",
                "/browse/sports-outdoors/disc-golf-baskets/4125_1224931_7643019_7352806_4350410"
            ],
            [
                "Golf Accessories",
                "/browse/sports-outdoors/golf-accessories/4125_4161_4152_470543"
            ],
            [
                "Ring & Washer Toss",
                "/browse/sports-outdoors/ring-washer-toss/4125_1224931_7643019_2157795_6811774"
            ],
            [
                "Flag Football Flags",
                "/browse/sports-outdoors/flag-football-flags/4125_4161_434036_7943860"
            ],
            [
                "Disc Sports",
                "/browse/sports-outdoors/disc-sports/4125_1224931_7643019_2157795_8506756"
            ]
        ]
    },
    {
        "title": "Upper Bounce Trampoline Pole Cap Enclosure Net Hook (Set of 12)",
        "url": "https://www.walmart.com/ip/Upper-Bounce-Trampoline-Pole-Cap-Enclosure-Net-Hook-Set-of-12/54659181",
        "price": "$19.99",
        "stars": "5.0",
        "ratings": "2 ",
        "img": "",
        "tags": [
            [
                "Trampoline Pads",
                "/browse/sports-outdoors/trampoline-pads/4125_1224931_5230_8012279_1344890"
            ],
            [
                "Trampoline Mats",
                "/browse/sports-outdoors/trampoline-mats/4125_1224931_5230_8012279_1457575"
            ],
            [
                "Skywalker Trampolines",
                "/browse/sports-outdoors/skywalker-trampolines/4125_1224931_5230_3070542"
            ],
            [
                "Trampoline Nets",
                "/browse/sports-outdoors/trampoline-nets/4125_1224931_5230_8012279_6046144"
            ],
            [
                "Trampoline Springs",
                "/browse/sports-outdoors/trampoline-springs/4125_1224931_5230_8012279_6527741"
            ],
            [
                "Upper Bounce",
                "/browse/sports-outdoors/upper-bounce/4125_1224931_5230_8470403"
            ]
        ]
    },
    {
        "title": "HOMCOM 35\" 4-Player Mahjong Game Portable Folding Table for Poker Dominoes Card with Cup and Coin Holders",
        "url": "https://www.walmart.com/ip/HOMCOM-35-4-Player-Mahjong-Game-Portable-Folding-Table-for-Poker-Dominoes-Card-with-Cup-and-Coin-Holders/624167982",
        "price": "$67.99",
        "stars": "4.8",
        "ratings": "14 ",
        "img": "i5.walmartimages.com/asr/9b7fb9b2-63e3-4445-abbf-885b982c1331_1.656b083427a8f8bb325ce4b1cdfa1b4c.jpeg?odnWidth=612&odnHeight=612&odnBg=ffffff",
        "tags": [
            [
                "Poker Tables",
                "/browse/sports-outdoors/poker-tables/4125_1224931_4158_6997359_3930998_1564986"
            ],
            [
                "Quad Camping Chairs",
                "/browse/sports-outdoors/quad-camping-chairs/4125_546956_4128_1080625_6170779_3968571"
            ],
            [
                "Pool Tables",
                "/browse/sports-outdoors/pool-tables/4125_1224931_4158_3447807_5189373"
            ],
            [
                "Card Tables",
                "/browse/sports-outdoors/card-tables/4125_1224931_4158_6997359_7433269_7420757"
            ],
            [
                "All Billiards",
                "/browse/sports-outdoors/all-billiards/4125_1224931_4158_3447807_78353"
            ],
            [
                "Air Hockey",
                "/browse/sports-outdoors/air-hockey/4125_1224931_4158_78356"
            ],
            [
                "Foosball Tables",
                "/browse/sports-outdoors/foosball-tables/4125_1224931_4158_9596320_78357"
            ],
            [
                "All Cards and Casino",
                "/browse/sports-outdoors/all-cards-casino/4125_1224931_4158_6997359_9920324"
            ]
        ]
    },
    {
        "title": "Viper Tufflex II 2BA Black 500Ct Soft Dart Tips",
        "url": "https://www.walmart.com/ip/Viper-Tufflex-II-2BA-Black-500Ct-Soft-Dart-Tips/29925395",
        "price": "$11.67",
        "stars": "3.6",
        "ratings": "5 ",
        "img": "i5.walmartimages.com/asr/f3bf0d36-6b11-4641-81dc-03287cb06fae_1.e8b36b9f0eb11e2cabbb5b38f551cbb3.jpeg?odnWidth=612&odnHeight=612&odnBg=ffffff",
        "tags": [
            [
                "Dartboards",
                "/browse/sports-outdoors/dartboards/4125_1224931_4158_1028979_1051640"
            ],
            [
                "Dart Supplies",
                "/browse/sports-outdoors/dart-supplies/4125_1224931_4158_1028979_1075764"
            ],
            [
                "Dartboard Cabinets",
                "/browse/sports-outdoors/dartboard-cabinets/4125_1224931_4158_1028979_2895638"
            ],
            [
                "Darts",
                "/browse/sports-outdoors/darts/4125_1224931_4158_1028979_4224502"
            ],
            [
                "Dart Cases & Wallets",
                "/browse/sports-outdoors/dart-cases-wallets/4125_1224931_4158_1028979_4805978"
            ],
            [
                "Dart Shafts",
                "/browse/sports-outdoors/dart-shafts/4125_1224931_4158_1028979_5079378"
            ],
            [
                "Brad Keselowski Fan Shop",
                "/browse/sports-outdoors/brad-keselowski-fan-shop/4125_1063984_9096494_9721952"
            ]
        ]
    },
    {
        "title": "ORCC 12FT 15FT Trampoline with Enclosure Ladder Wind Stakes And Rain Cover Spring Tool",
        "url": "https://www.walmart.com/ip/ORCC-12FT-15FT-Trampoline-with-Enclosure-Ladder-Wind-Stakes-And-Rain-Cover-Spring-Tool/139590369",
        "price": "$529.99",
        "stars": "4.5",
        "ratings": "73 ",
        "img": "i5.walmartimages.com/asr/95b9af83-f31d-4963-a1c1-6d36edcb4d6e_1.288fc2f2197b1921e04041eee2c5c3be.jpeg?odnWidth=612&odnHeight=612&odnBg=ffffff",
        "tags": [
            [
                "Trampolines with Basketball Hoops",
                "/browse/sports-outdoors/trampolines-with-basketball-hoops/4125_1224931_5230_1786194"
            ],
            [
                "Skywalker Trampolines",
                "/browse/sports-outdoors/skywalker-trampolines/4125_1224931_5230_3070542"
            ],
            [
                "Enclosed Trampolines",
                "/browse/sports-outdoors/enclosed-trampolines/4125_1224931_5230_3863838"
            ],
            [
                "10 Foot Trampolines",
                "/browse/sports-outdoors/10-foot-trampolines/4125_1224931_5230_5494885"
            ],
            [
                "14 Foot Trampolines",
                "/browse/sports-outdoors/14-foot-trampolines/4125_1224931_5230_8268140"
            ],
            [
                "12 Foot Trampolines",
                "/browse/sports-outdoors/12-foot-trampolines/4125_1224931_5230_9104508"
            ],
            [
                "Trampoline Ladders",
                "/browse/sports-outdoors/trampoline-ladders/4125_1224931_5230_5500985_9521766"
            ],
            [
                "Outdoor Trampolines",
                "/browse/sports-outdoors/outdoor-trampolines/4125_1224931_5230_9791312"
            ]
        ]
    },
    {
        "title": "Epic Purple Princess Quad Roller Skates",
        "url": "https://www.walmart.com/ip/Epic-Purple-Princess-Quad-Roller-Skates/48041635",
        "price": "$69.99",
        "stars": "4.0",
        "ratings": "6 ",
        "img": "i5.walmartimages.com/asr/e9cca5a2-15a8-4292-a6b7-8a53197927c8_1.40de7db531c2a2406b58ba7cc33d7d52.png?odnWidth=612&odnHeight=612&odnBg=ffffff",
        "tags": [
            [
                "Sports & Duffel Bags",
                "/browse/sports-outdoors/sports-duffel-bags/4125_4161_1043958"
            ],
            [
                "Golf Balls",
                "/browse/sports-outdoors/golf-balls/4125_4161_4152_5208"
            ],
            [
                "Bike Pads",
                "/browse/sports-outdoors/bike-pads/4125_1081404_7258752_5248669"
            ],
            [
                "Skate Wheels",
                "/browse/sports-outdoors/skate-wheels/4125_1224931_7628560_8241867_5339242"
            ],
            [
                "Skateboard Parts",
                "/browse/sports-outdoors/skateboard-parts/4125_1224931_7628560_3297420_5930613"
            ],
            [
                "Bike Helmets",
                "/browse/sports-outdoors/bike-helmets/4125_1081404_7258752_6249551"
            ],
            [
                "Inline Skates",
                "/browse/sports-outdoors/inline-skates/4125_1224931_7628560_8241867_8914833"
            ],
            [
                "Skateboard Helmets",
                "/browse/sports-outdoors/skateboard-helmets/4125_1224931_7628560_3297420_9909579"
            ]
        ]
    },
    {
        "title": "St. Pierre Official Horseshoe Set",
        "url": "https://www.walmart.com/ip/St-Pierre-Official-Horseshoe-Set/16461668",
        "price": "$50.84",
        "stars": "4.8",
        "ratings": "35 ",
        "img": "i5.walmartimages.com/asr/aee3fd4c-ab6f-4ba0-9d4d-28d87a9e481b_1.efcdba581695dc9bf8acce79b26a6d7b.jpeg?odnWidth=612&odnHeight=612&odnBg=ffffff",
        "tags": [
            [
                "Bocce",
                "/browse/sports-outdoors/bocce/4125_1224931_7643019_2702528"
            ],
            [
                "Bocce Ball Sets",
                "/browse/sports-outdoors/bocce-ball-sets/4125_1224931_7643019_3353263"
            ],
            [
                "Tailgate Games",
                "/browse/sports-outdoors/tailgate-games/4125_1224931_7643019_3868814"
            ],
            [
                "Cornhole",
                "/browse/sports-outdoors/cornhole/4125_1224931_7643019_2157795_4279235"
            ],
            [
                "Ring & Washer Toss",
                "/browse/sports-outdoors/ring-washer-toss/4125_1224931_7643019_2157795_6811774"
            ],
            [
                "Horseshoes",
                "/browse/sports-outdoors/horseshoes/4125_1224931_7643019_2157795_8389343"
            ],
            [
                "Disc Sports",
                "/browse/sports-outdoors/disc-sports/4125_1224931_7643019_2157795_8506756"
            ],
            [
                "Dry Boxes",
                "/browse/sports-outdoors/dry-boxes/4125_546956_7276129_6836875_9508773"
            ]
        ]
    },
    {
        "title": "Mini Round Trampoline Replacement Safety Pad in Red (38 in. safety Pad)",
        "url": "https://www.walmart.com/ip/Mini-Round-Trampoline-Replacement-Safety-Pad-in-Red-38-in-safety-Pad/21070591",
        "price": "$9.99",
        "stars": "4.5",
        "ratings": "6 ",
        "img": "i5.walmartimages.com/asr/fcac0c5a-e2a2-4f74-9746-c3bc68a08341_1.3f0ae52e0b24b9be69e826c4bcf26526.jpeg?odnWidth=612&odnHeight=612&odnBg=ffffff",
        "tags": [
            [
                "Trampoline Enclosures",
                "/browse/sports-outdoors/trampoline-enclosures/4125_1224931_5230_8012279_1679284"
            ],
            [
                "Rebounders",
                "/browse/sports-outdoors/rebounders/4125_1224931_5230_4343515"
            ],
            [
                "Mini Trampolines",
                "/browse/sports-outdoors/mini-trampolines/4125_1224931_5230_4789064"
            ],
            [
                "Indoor Trampolines",
                "/browse/sports-outdoors/indoor-trampolines/4125_1224931_5230_5214161"
            ],
            [
                "Trampoline Nets",
                "/browse/sports-outdoors/trampoline-nets/4125_1224931_5230_8012279_6046144"
            ],
            [
                "Baby Trampolines",
                "/browse/sports-outdoors/baby-trampolines/4125_1224931_5230_7254399"
            ],
            [
                "Exercise & Workout Trampolines",
                "/browse/sports-outdoors/exercise-workout-trampolines/4125_1224931_5230_7812697"
            ],
            [
                "Upper Bounce",
                "/browse/sports-outdoors/upper-bounce/4125_1224931_5230_8470403"
            ]
        ]
    }
]