[
    {
        "title": "Quechua by DECATHLON - Hiking Backpack NH500 20 L",
        "url": "https://www.walmart.com/ip/Quechua-by-DECATHLON-Hiking-Backpack-NH500-20-L/180976388",
        "price": "$29.99",
        "stars": "4.5",
        "ratings": "381 ",
        "img": "i5.walmartimages.com/asr/5e47aad5-f8d0-49cc-b106-e5237411c44f_1.cea5ea7a8058861032edd5a94cf136d2.jpeg?odnWidth=612&odnHeight=612&odnBg=ffffff",
        "tags": [
            [
                "Outdoor Products Backpacks",
                "/browse/sports-outdoors/outdoor-products-backpacks/4125_546956_4128_1319797_8052121_1453221"
            ],
            [
                "All Hiking Backpacks",
                "/browse/sports-outdoors/all-hiking-backpacks/4125_546956_4128_1319797_1607221"
            ],
            [
                "Ozark Trail Backpacks",
                "/browse/sports-outdoors/ozark-trail-backpacks/4125_546956_4128_2487866_2559937_2804518"
            ],
            [
                "Hiking Gear",
                "/browse/sports-outdoors/hiking-gear/4125_546956_4128_3618635"
            ],
            [
                "Ozark Trail Camping Accessories",
                "/browse/sports-outdoors/ozark-trail-camping-accessories/4125_546956_4128_2487866_2559937_4438585"
            ],
            [
                "Decathlon Hiking Backpacks",
                "/browse/sports-outdoors/decathlon-hiking-backpacks/4125_3462289_9413535_4695311"
            ],
            [
                "Hiking Hydration Backpacks",
                "/browse/sports-outdoors/hiking-hydration-backpacks/4125_546956_4128_1319797_4911230"
            ],
            [
                "Hiking Daypacks",
                "/browse/sports-outdoors/hiking-daypacks/4125_546956_4128_1319797_8948680"
            ]
        ]
    },
    {
        "title": "Quechua by DECATHLON - Women's MH500 Waterproof Hiking Boots",
        "url": "https://www.walmart.com/ip/Quechua-by-DECATHLON-Women-s-MH500-Waterproof-Hiking-Boots/846540285",
        "price": "$89.99",
        "stars": "4.9",
        "ratings": "18 ",
        "img": "i5.walmartimages.com/asr/6bff79c5-2966-423e-8227-0b3417928056_1.7c562d40bb49fe2131cf7989cc179a2c.jpeg?odnWidth=612&odnHeight=612&odnBg=ffffff",
        "tags": [
            [
                "Womens Athletic Shoes",
                "/browse/clothing/womens-athletic-shoes/5438_1045804_1045806_9160743_1228540"
            ],
            [
                "Womens Slippers",
                "/browse/clothing/womens-slippers/5438_1045804_1045806_1816473_1228543"
            ],
            [
                "Womens Casual Shoes",
                "/browse/clothing/womens-casual-shoes/5438_1045804_1045806_1228545"
            ],
            [
                "Womens Sandals",
                "/browse/clothing/womens-sandals/5438_1045804_1045806_9015567_1228547"
            ],
            [
                "Womens Hiking Boots",
                "/browse/clothing/womens-hiking-boots/5438_1045804_1045806_3142010_2141596"
            ],
            [
                "Womens Shoes Savings",
                "/browse/clothing/womens-shoes-savings/5438_5993826_8611669_2307334"
            ],
            [
                "Women's Sandals",
                "/browse/clothing/womens-sandals/5438_8412788_9886373_9716021_5680485"
            ],
            [
                "Womens Savings Shoes",
                "/browse/clothing/womens-savings-shoes/5438_5993826_8803962_5788742"
            ]
        ]
    },
    {
        "title": "Domyos by DECATHLON - Club 5mm Yoga Mat",
        "url": "https://www.walmart.com/ip/Domyos-by-DECATHLON-Club-5mm-Yoga-Mat/502317875",
        "price": "$34.99",
        "stars": "3.5",
        "ratings": "100 ",
        "img": "i5.walmartimages.com/asr/ef40e3b5-49fd-4af3-91e8-223e7ad07147.c44ae47c43f7f46b2c1090b15de883c6.jpeg?odnWidth=612&odnHeight=612&odnBg=ffffff",
        "tags": [
            [
                "Gymnastics",
                "/browse/sports-outdoors/gymnastics/4125_4161_1043946"
            ],
            [
                "Exercise Mats",
                "/browse/sports-outdoors/exercise-mats/4125_4134_1078384_1078148"
            ],
            [
                "Yoga Mat Bags",
                "/browse/sports-outdoors/yoga-mat-bags/4125_4134_1078384_1867162"
            ],
            [
                "Field Equipment & Accessories",
                "/browse/sports-outdoors/field-equipment-accessories/4125_4161_523561"
            ],
            [
                "Yoga Towels",
                "/browse/sports-outdoors/yoga-towels/4125_4134_1078384_5259810"
            ],
            [
                "Bikram Yoga",
                "/browse/sports-outdoors/bikram-yoga/4125_4134_1078384_7393034"
            ],
            [
                "Gym Flooring",
                "/browse/sports-outdoors/gym-flooring/4125_4134_1026285_2484197_8192651"
            ],
            [
                "Pilates Mats",
                "/browse/sports-outdoors/pilates-mats/4125_4134_2350251_8322693"
            ]
        ]
    },
    {
        "title": "Domyos by DECATHLON - 2.8lb 28mm Rubber Disc Weight",
        "url": "https://www.walmart.com/ip/Domyos-by-DECATHLON-2-8lb-28mm-Rubber-Disc-Weight/692766930",
        "price": "$19.99",
        "stars": "4.8",
        "ratings": "8 ",
        "img": "i5.walmartimages.com/asr/8c910ff8-684e-440e-99b2-8dcfdce10692.4dd289ba2d8e90108fdc9196bee77bf3.jpeg?odnWidth=612&odnHeight=612&odnBg=ffffff",
        "tags": [
            [
                "Weight Bars",
                "/browse/sports-outdoors/weight-bars/4125_4134_1026285_1078284_1078288"
            ],
            [
                "Weight Sets",
                "/browse/sports-outdoors/weight-sets/4125_4134_1026285_1078284_1078290"
            ],
            [
                "Barbells",
                "/browse/sports-outdoors/barbells/4125_4134_1026285_1078284_2490031"
            ],
            [
                "Training Weights",
                "/browse/sports-outdoors/training-weights/4125_4134_1026285_1078284_3126311"
            ],
            [
                "Olympic Weights",
                "/browse/sports-outdoors/olympic-weights/4125_4134_1026285_1078284_4068044"
            ],
            [
                "Barbell Collars",
                "/browse/sports-outdoors/barbell-collars/4125_4134_1026285_7482840_7366946"
            ],
            [
                "Exercise Weights",
                "/browse/sports-outdoors/exercise-weights/4125_4134_1026285_1078284_8086634"
            ],
            [
                "Workout Weights",
                "/browse/sports-outdoors/workout-weights/4125_4134_1026285_1078284_9644039"
            ]
        ]
    },
    {
        "title": "Quechua by DECATHLON - Women's Nature Hiking Boots NH500",
        "url": "https://www.walmart.com/ip/Quechua-by-DECATHLON-Women-s-Nature-Hiking-Boots-NH500/302826048",
        "price": "$59.99",
        "stars": "4.4",
        "ratings": "7 ",
        "img": "i5.walmartimages.com/asr/58760f87-c42c-4e8a-9935-0007ca38bc83.88b62d36e20d9af16afd801782845c9a.jpeg?odnWidth=612&odnHeight=612&odnBg=ffffff",
        "tags": [
            [
                "Mens Boots",
                "/browse/clothing/mens-boots/5438_1045804_1045807_1746788_1228549"
            ],
            [
                "Womens Hiking Boots",
                "/browse/clothing/womens-hiking-boots/5438_1045804_1045806_3142010_2141596"
            ],
            [
                "Womens Shoes Savings",
                "/browse/clothing/womens-shoes-savings/5438_5993826_8611669_2307334"
            ],
            [
                "Men's Boots",
                "/browse/clothing/mens-boots/5438_8412788_5988538_9742815_2876192"
            ],
            [
                "All Mens Shoes",
                "/browse/clothing/all-mens-shoes/5438_1045804_1045807_426207"
            ],
            [
                "Mens Savings Shoes",
                "/browse/clothing/mens-savings-shoes/5438_5993826_2577644_5458828"
            ],
            [
                "Women's Sandals",
                "/browse/clothing/womens-sandals/5438_8412788_9886373_9716021_5680485"
            ],
            [
                "Mens Hiking Boots",
                "/browse/clothing/mens-hiking-boots/5438_1045804_1045807_1746788_8864548"
            ]
        ]
    },
    {
        "title": "Quechua by DECATHLON - Women's MH100 Hiking Pants",
        "url": "https://www.walmart.com/ip/Quechua-by-DECATHLON-Women-s-MH100-Hiking-Pants/778882583",
        "price": "$19.99",
        "stars": "4.5",
        "ratings": "23 ",
        "img": "i5.walmartimages.com/asr/6f77a3b4-3ae1-4b9c-bab5-192345228436_1.1f83d475c623651ffe16b1f1b68fb211.jpeg?odnWidth=612&odnHeight=612&odnBg=ffffff",
        "tags": [
            [
                "Mens Jeans",
                "/browse/clothing/mens-jeans/5438_133197_6127105_1224674"
            ],
            [
                "Mens Pants",
                "/browse/clothing/mens-pants/5438_133197_6041621_1224675"
            ],
            [
                "Mens Savings Jeans",
                "/browse/clothing/mens-savings-jeans/5438_5993826_2577644_9848646_2137750"
            ],
            [
                "Mens Cargo Pants",
                "/browse/clothing/mens-cargo-pants/5438_133197_6041621_2686338"
            ],
            [
                "Mens Savings Pants",
                "/browse/clothing/mens-savings-pants/5438_5993826_2577644_9848646_2846107"
            ],
            [
                "Mens Slim Jeans",
                "/browse/clothing/mens-slim-jeans/5438_133197_6127105_4238274"
            ],
            [
                "Womens Casual Pants",
                "/browse/clothing/womens-casual-pants/5438_133162_1360952_4966910_4998764"
            ],
            [
                "Womens Loungewear",
                "/browse/clothing/womens-loungewear/5438_133162_5358743_7566220"
            ]
        ]
    },
    {
        "title": "Triban by DECATHLON - Men's RC100 Short Sleeved Road Cycling Jersey",
        "url": "https://www.walmart.com/ip/Triban-by-DECATHLON-Men-s-RC100-Short-Sleeved-Road-Cycling-Jersey/819337054",
        "price": "$24.99",
        "stars": "4.6",
        "ratings": "18 ",
        "img": "i5.walmartimages.com/asr/be3215cd-8938-4872-92c0-037674fd4587_1.afb7895f61afd63b8b812d0386ca3fa9.jpeg?odnWidth=612&odnHeight=612&odnBg=ffffff",
        "tags": []
    },
    {
        "title": "Quechua by DECATHLON - Men's Country Walking Mid Waterproof Boots NH500",
        "url": "https://www.walmart.com/ip/Quechua-by-DECATHLON-Men-s-Country-Walking-Mid-Waterproof-Boots-NH500/468662076",
        "price": "$69.99",
        "stars": "4.1",
        "ratings": "8 ",
        "img": "i5.walmartimages.com/asr/80dda30e-1bc4-4683-b1cf-0654cc5c1d94.c18ab981e335056a7c4d8a70d4525896.jpeg?odnWidth=612&odnHeight=612&odnBg=ffffff",
        "tags": [
            [
                "Mens Boots",
                "/browse/clothing/mens-boots/5438_1045804_1045807_1746788_1228549"
            ],
            [
                "Womens Hiking Boots",
                "/browse/clothing/womens-hiking-boots/5438_1045804_1045806_3142010_2141596"
            ],
            [
                "Men's Boots",
                "/browse/clothing/mens-boots/5438_8412788_5988538_9742815_2876192"
            ],
            [
                "All Work Shoes",
                "/browse/clothing/all-work-shoes/5438_1045804_2674215_5201839"
            ],
            [
                "Mens Savings Shoes",
                "/browse/clothing/mens-savings-shoes/5438_5993826_2577644_5458828"
            ],
            [
                "Streetwear",
                "/browse/clothing/streetwear/5438_5289731_2030961_6877295"
            ],
            [
                "Work Boots",
                "/browse/clothing/work-boots/5438_1045804_2674215_8710650"
            ],
            [
                "Mens Hiking Boots",
                "/browse/clothing/mens-hiking-boots/5438_1045804_1045807_1746788_8864548"
            ]
        ]
    },
    {
        "title": "Triban by DECATHLON - Women's Short-Sleeved Cycling Jersey 500",
        "url": "https://www.walmart.com/ip/Triban-by-DECATHLON-Women-s-Short-Sleeved-Cycling-Jersey-500/209202661",
        "price": "$24.99",
        "stars": "4.3",
        "ratings": "15 ",
        "img": "i5.walmartimages.com/asr/b5d2047a-5715-413f-8030-9fab0a5c4952_2.912acfff22050a0b16ef96e03f610e8b.png?odnWidth=612&odnHeight=612&odnBg=ffffff",
        "tags": [
            [
                "Bike Shorts",
                "/browse/sports-outdoors/bike-shorts/4125_1081404_7258752_1483172"
            ],
            [
                "Decathlon Hiking Pants",
                "/browse/sports-outdoors/decathlon-hiking-pants/4125_3462289_9413535_7178638_3163957"
            ],
            [
                "Cycling Tights",
                "/browse/sports-outdoors/cycling-tights/4125_1081404_7258752_3628982"
            ],
            [
                "Softball Apparel",
                "/browse/sports-outdoors/softball-apparel/4125_4161_4169_4264778"
            ],
            [
                "Softball Jerseys",
                "/browse/sports-outdoors/softball-jerseys/4125_4161_4169_4409981"
            ],
            [
                "Decathlon Bike Jerseys",
                "/browse/sports-outdoors/decathlon-bike-jerseys/4125_3462289_7650170_2182508_4538946"
            ],
            [
                "Performance Cycling Clothing",
                "/browse/sports-outdoors/performance-cycling-clothing/4125_1081404_4682408_6165378"
            ],
            [
                "Cycling Pants",
                "/browse/sports-outdoors/cycling-pants/4125_1081404_7258752_2505985_6979209"
            ]
        ]
    },
    {
        "title": "Forclaz by DECATHLON - Trek 100 Down Hiking Jacket - 2XL - Grey - Woman",
        "url": "https://www.walmart.com/ip/Forclaz-by-DECATHLON-Trek-100-Down-Hiking-Jacket-2XL-Grey-Woman/737239922",
        "price": "$39.99",
        "stars": "4.9",
        "ratings": "20 ",
        "img": "i5.walmartimages.com/asr/98687fc0-110e-4df5-b4ef-0cfdc09ea2b6_1.fb8c30d84092b5c62fee36d7f8746d12.jpeg?odnWidth=612&odnHeight=612&odnBg=ffffff",
        "tags": [
            [
                "Mens Outdoor Jackets & Outerwear",
                "/browse/sports-outdoors/mens-outdoor-jackets-outerwear/4125_546956_4128_1800746_8573455_2160254"
            ],
            [
                "Mens Outdoor Sweatshirts & Hoodies",
                "/browse/sports-outdoors/mens-outdoor-sweatshirts-hoodies/4125_546956_4128_1800746_8573455_2236870"
            ],
            [
                "Decathlon Hiking Shirts",
                "/browse/sports-outdoors/decathlon-hiking-shirts/4125_3462289_9413535_7178638_3006934"
            ],
            [
                "Decathlon Hiking Pants",
                "/browse/sports-outdoors/decathlon-hiking-pants/4125_3462289_9413535_7178638_3163957"
            ],
            [
                "Hiking Gear",
                "/browse/sports-outdoors/hiking-gear/4125_546956_4128_3618635"
            ],
            [
                "Men's Red Ledge Clothing",
                "/browse/sports-outdoors/mens-red-ledge-clothing/4125_546956_4128_1800746_8051649_2705813_3847447"
            ],
            [
                "Decathlon Hiking Fleece",
                "/browse/sports-outdoors/decathlon-hiking-fleece/4125_3462289_9413535_7178638_5497427"
            ],
            [
                "Mens Outdoor Pants",
                "/browse/sports-outdoors/mens-outdoor-pants/4125_546956_4128_1800746_8573455_7963108"
            ]
        ]
    }
]