[
    {
        "title": "Women's 5th & Ocean by New Era Black Arizona Diamondbacks V-Neck Team T-Shirt",
        "url": "https://www.walmart.com/ip/Women-s-5th-Ocean-by-New-Era-Black-Arizona-Diamondbacks-V-Neck-Team-T-Shirt/830575976",
        "price": "$14.96",
        "stars": 0,
        "ratings": 0,
        "img": "i5.walmartimages.com/asr/ad26a8d2-4c6a-4c1c-bf50-868be9d826b4.cc464f894117cd5cd5a1f38f9766a8c3.jpeg?odnWidth=612&odnHeight=612&odnBg=ffffff",
        "tags": [
            [
                "Paul Goldschmidt Jerseys & Gear",
                "/browse/sports-outdoors/paul-goldschmidt-jerseys-gear/4125_1063984_1064344_2403918"
            ],
            [
                "Arizona Diamondbacks Mens",
                "/browse/sports-outdoors/arizona-diamondbacks-mens/4125_1063984_1064344_2501447_3359364"
            ],
            [
                "MLB Women's",
                "/browse/sports-outdoors/mlb-womens/4125_1063984_1064344_4935821"
            ],
            [
                "Arizona Diamondbacks T-Shirts",
                "/browse/sports-outdoors/arizona-diamondbacks-t-shirts/4125_1063984_1064344_2501447_5160253"
            ],
            [
                "Arizona Diamondbacks Hats",
                "/browse/sports-outdoors/arizona-diamondbacks-hats/4125_1063984_1064344_2501447_7635302"
            ],
            [
                "Arizona Diamondbacks Kids",
                "/browse/sports-outdoors/arizona-diamondbacks-kids/4125_1063984_1064344_2501447_7957804"
            ],
            [
                "Shop All Arizona Diamondbacks",
                "/browse/sports-outdoors/shop-all-arizona-diamondbacks/4125_1063984_1064344_2501447_8113536"
            ],
            [
                "MLB T-Shirts",
                "/browse/sports-outdoors/mlb-t-shirts/4125_1063984_1064344_9587846"
            ]
        ]
    },
    {
        "title": "Ichiro Suzuki Seattle Mariners Majestic Official Name & Number T-Shirt - Aqua",
        "url": "https://www.walmart.com/ip/Ichiro-Suzuki-Seattle-Mariners-Majestic-Official-Name-Number-T-Shirt-Aqua/251071627",
        "price": "$16.99",
        "stars": 0,
        "ratings": 0,
        "img": "i5.walmartimages.com/asr/5a54c131-6b53-4692-8f3e-82e1c2dad587.dc77f6f893b8677316f3dce5338b1f16.jpeg?odnWidth=612&odnHeight=612&odnBg=ffffff",
        "tags": [
            [
                "Seattle Mariners Hats",
                "/browse/sports-outdoors/seattle-mariners-hats/4125_1063984_1064344_8281715_2233289"
            ],
            [
                "Shop All Seattle Mariners",
                "/browse/sports-outdoors/shop-all-seattle-mariners/4125_1063984_1064344_8281715_2707124"
            ],
            [
                "Seattle Mariners On-Field Collection",
                "/browse/sports-outdoors/seattle-mariners-on-field-collection/4125_1063984_1064344_8281715_3292040"
            ],
            [
                "Seattle Mariners Jerseys",
                "/browse/sports-outdoors/seattle-mariners-jerseys/4125_1063984_1064344_8281715_3334524"
            ],
            [
                "Seattle Mariners Womens",
                "/browse/sports-outdoors/seattle-mariners-womens/4125_1063984_1064344_8281715_4244905"
            ],
            [
                "Seattle Mariners Vintage",
                "/browse/sports-outdoors/seattle-mariners-vintage/4125_1063984_1064344_8281715_5849011"
            ],
            [
                "Seattle Mariners T-Shirts",
                "/browse/sports-outdoors/seattle-mariners-t-shirts/4125_1063984_1064344_8281715_8232797"
            ],
            [
                "Seattle Mariners Kids",
                "/browse/sports-outdoors/seattle-mariners-kids/4125_1063984_1064344_8281715_8742264"
            ]
        ]
    },
    {
        "title": "Los Angeles Chargers Team Basic Santa Hat",
        "url": "https://www.walmart.com/ip/Los-Angeles-Chargers-Team-Basic-Santa-Hat/559942121",
        "price": "$16.99",
        "stars": 0,
        "ratings": 0,
        "img": "i5.walmartimages.com/asr/282671de-34ec-494f-b34c-385bc929a287.64c480f279ff2351335e8aeaf3dcddc8.jpeg?odnWidth=612&odnHeight=612&odnBg=ffffff",
        "tags": []
    },
    {
        "title": "Funko POP! MLB: Wil Myers (New Jersey)",
        "url": "https://www.walmart.com/ip/Funko-POP-MLB-Wil-Myers-New-Jersey/552989352",
        "price": "$12.12",
        "stars": 0,
        "ratings": 0,
        "img": "i5.walmartimages.com/asr/52ef0587-d92c-4f95-8634-ebfd1c5dc49f_1.9587e7738ee1ce324e8422d97dd9d918.png?odnWidth=612&odnHeight=612&odnBg=ffffff",
        "tags": [
            [
                "Noah Syndergaard Jerseys & Gear",
                "/browse/sports-outdoors/noah-syndergaard-jerseys-gear/4125_1063984_1064344_2045391"
            ],
            [
                "Shop All New York Mets",
                "/browse/sports-outdoors/shop-all-new-york-mets/4125_1063984_1064344_9052234_2428203"
            ],
            [
                "Boston Red Sox Kids",
                "/browse/sports-outdoors/boston-red-sox-kids/4125_1063984_1064344_2222818_2993661"
            ],
            [
                "Sports Fan Shop Kids Apparel and Gear",
                "/browse/sports-outdoors/sports-fan-shop-kids-apparel-gear/4125_1063984_1063985_3517898"
            ],
            [
                "Babe Ruth Jerseys & Gear",
                "/browse/sports-outdoors/babe-ruth-jerseys-gear/4125_1063984_1064344_3796700"
            ],
            [
                "Mookie Betts Jerseys & Gear",
                "/browse/sports-outdoors/mookie-betts-jerseys-gear/4125_1063984_1064344_5947349"
            ],
            [
                "San Diego Padres T-Shirts",
                "/browse/sports-outdoors/san-diego-padres-t-shirts/4125_1063984_1064344_5996814_6686884"
            ],
            [
                "Shop All Boston Red Sox",
                "/browse/sports-outdoors/shop-all-boston-red-sox/4125_1063984_1064344_2222818_6968480"
            ]
        ]
    },
    {
        "title": "Vegas Golden Knights Fanatics Branded 2018 Western Conference Champions Shorthanded Roster T-Shirt - Black",
        "url": "https://www.walmart.com/ip/Vegas-Golden-Knights-Fanatics-Branded-2018-Western-Conference-Champions-Shorthanded-Roster-T-Shirt-Black/900000105",
        "price": "$9.99",
        "stars": 0,
        "ratings": 0,
        "img": "i5.walmartimages.com/asr/0189eedf-7270-4533-bbcd-6f6574cd40c8.47b47d018f9ea714065ed8eb9054790d.jpeg?odnWidth=612&odnHeight=612&odnBg=ffffff",
        "tags": [
            [
                "Vegas Golden Knights T-Shirts",
                "/browse/sports-outdoors/vegas-golden-knights-t-shirts/4125_1063984_1064348_5580952_1802363"
            ],
            [
                "James Neal Jerseys & Gear",
                "/browse/sports-outdoors/james-neal-jerseys-gear/4125_1063984_1064348_2427009"
            ],
            [
                "Vegas Golden Knights",
                "/browse/sports-outdoors/vegas-golden-knights/4125_1063984_1064348_5580952_3617111"
            ],
            [
                "Vegas Golden Knights Hats",
                "/browse/sports-outdoors/vegas-golden-knights-hats/4125_1063984_1064348_5580952_3652934"
            ],
            [
                "NHL Playoffs",
                "/browse/sports-outdoors/nhl-playoffs/4125_1063984_1064348_5476061"
            ],
            [
                "NHL T-Shirts",
                "/browse/sports-outdoors/nhl-t-shirts/4125_1063984_1064348_6174184"
            ],
            [
                "NHL Sweatshirts",
                "/browse/sports-outdoors/nhl-sweatshirts/4125_1063984_1064348_6452562"
            ],
            [
                "Vegas Golden Knights Sweatshirts",
                "/browse/sports-outdoors/vegas-golden-knights-sweatshirts/4125_1063984_1064348_5580952_7079727"
            ]
        ]
    },
    {
        "title": "Marshawn Lynch Seattle Seahawks Unsigned NFC Wild Card Run Photograph",
        "url": "https://www.walmart.com/ip/Marshawn-Lynch-Seattle-Seahawks-Unsigned-NFC-Wild-Card-Run-Photograph/156523587",
        "price": "$9.99",
        "stars": 0,
        "ratings": 0,
        "img": "i5.walmartimages.com/asr/72c55899-2681-41e4-add4-4465817cf8ab.22d4b2ebabb2e9529ca31663999e7ba6.jpeg?odnWidth=612&odnHeight=612&odnBg=ffffff",
        "tags": [
            [
                "Tennessee Titans Collectibles",
                "/browse/sports-outdoors/tennessee-titans-collectibles/4125_1063984_1423455_4686222_2049904"
            ],
            [
                "Green Bay Packers Collectibles",
                "/browse/sports-outdoors/green-bay-packers-collectibles/4125_1063984_1423455_8965382_4042448"
            ],
            [
                "Kansas City Chiefs Collectibles",
                "/browse/sports-outdoors/kansas-city-chiefs-collectibles/4125_1063984_1423455_4112216_4239604"
            ],
            [
                "New England Patriots Collectibles",
                "/browse/sports-outdoors/new-england-patriots-collectibles/4125_1063984_1423455_3142048_4537108"
            ],
            [
                "Arizona Cardinals Collectibles",
                "/browse/sports-outdoors/arizona-cardinals-collectibles/4125_1063984_1423455_3197119_6689763"
            ],
            [
                "San Francisco 49ers Collectibles",
                "/browse/sports-outdoors/san-francisco-49ers-collectibles/4125_1063984_1423455_5236188_7456164"
            ],
            [
                "Miami Dolphins Collectibles",
                "/browse/sports-outdoors/miami-dolphins-collectibles/4125_1063984_1423455_4808029_7875845"
            ],
            [
                "Cleveland Browns Collectibles",
                "/browse/sports-outdoors/cleveland-browns-collectibles/4125_1063984_1423455_9997589_7980531"
            ]
        ]
    },
    {
        "title": "Women's Russell Athletic Gray/Royal Kentucky Wildcats Frore Cuffed Knit Hat With Pom - OSFA",
        "url": "https://www.walmart.com/ip/Women-s-Russell-Athletic-Gray-Royal-Kentucky-Wildcats-Frore-Cuffed-Knit-Hat-With-Pom-OSFA/361073401",
        "price": "$5.99",
        "stars": 0,
        "ratings": 0,
        "img": "i5.walmartimages.com/asr/a5faaa5c-e539-410c-b667-2cdc9f0eeecf.49e8b8104551db0016d44750f6d6a94f.jpeg?odnWidth=612&odnHeight=612&odnBg=ffffff",
        "tags": [
            [
                "Kentucky Wildcats Kids",
                "/browse/sports-outdoors/kentucky-wildcats-kids/4125_1063984_1064346_1877609_2093948"
            ],
            [
                "Kentucky Wildcats",
                "/browse/sports-outdoors/kentucky-wildcats/4125_1063984_1064346_2474140"
            ],
            [
                "Kentucky Wildcats Mens",
                "/browse/sports-outdoors/kentucky-wildcats-mens/4125_1063984_1064346_1877609_3403225"
            ],
            [
                "Kentucky Wildcats Pajamas, Sweatpants & Loungewear",
                "/browse/sports-outdoors/kentucky-wildcats-pajamas-sweatpants-loungewear/4125_1063984_1064346_1877609_3685180"
            ],
            [
                "Kentucky Wildcats T-Shirts",
                "/browse/sports-outdoors/kentucky-wildcats-t-shirts/4125_1063984_1064346_1877609_4646903"
            ],
            [
                "NCAA Sweatshirts & Hoodies",
                "/browse/sports-outdoors/ncaa-sweatshirts-hoodies/4125_1063984_1064346_5708989"
            ],
            [
                "Kentucky Wildcats Accessories",
                "/browse/sports-outdoors/kentucky-wildcats-accessories/4125_1063984_1064346_1877609_8541295"
            ],
            [
                "Kentucky Wildcats Sweatshirts",
                "/browse/sports-outdoors/kentucky-wildcats-sweatshirts/4125_1063984_1064346_1877609_9869914"
            ]
        ]
    },
    {
        "title": "Men's Majestic Purple Baltimore Ravens Greatness T-Shirt",
        "url": "https://www.walmart.com/ip/Men-s-Majestic-Purple-Baltimore-Ravens-Greatness-T-Shirt/552326096",
        "price": "$14.96",
        "stars": "5.0",
        "ratings": "2 ",
        "img": "i5.walmartimages.com/asr/6562db7f-470f-476f-9ccf-d6bc504df90f.10a487d8fa2f056a8f58662daf0d23dd.jpeg?odnWidth=612&odnHeight=612&odnBg=ffffff",
        "tags": [
            [
                "T-Shirts Fan Shop",
                "/browse/sports-outdoors/t-shirts-fan-shop/4125_1063984_1063985_1999174"
            ],
            [
                "NFL T-shirts",
                "/browse/sports-outdoors/nfl-t-shirts/4125_1063984_1423455_2788159"
            ],
            [
                "NFL Accessories",
                "/browse/sports-outdoors/nfl-accessories/4125_1063984_1423455_5244236"
            ],
            [
                "Baltimore Ravens T-Shirts",
                "/browse/sports-outdoors/baltimore-ravens-t-shirts/4125_1063984_1423455_9788404_8310608"
            ],
            [
                "Fan Shop Father's Day",
                "/browse/sports-outdoors/fan-shop-fathers-day/4125_1063984_2505429_8450676"
            ],
            [
                "Baltimore Ravens Team Shop",
                "/browse/sports-outdoors/baltimore-ravens-team-shop/4125_1063984_1423455_9788404_8579046"
            ],
            [
                "Sports Fan Shop Mens Apparel & Gear",
                "/browse/sports-outdoors/sports-fan-shop-mens-apparel-gear/4125_1063984_1063985_8728977"
            ],
            [
                "NFL Mens",
                "/browse/sports-outdoors/nfl-mens/4125_1063984_1423455_9725320"
            ]
        ]
    },
    {
        "title": "Women's Russell Athletic Heathered Red Texas Tech Red Raiders Half-Sleeve V-Neck Tunic",
        "url": "https://www.walmart.com/ip/Women-s-Russell-Athletic-Heathered-Red-Texas-Tech-Red-Raiders-Half-Sleeve-V-Neck-Tunic/737453471",
        "price": "$14.96",
        "stars": 0,
        "ratings": 0,
        "img": "i5.walmartimages.com/asr/59c177f6-7da9-4b58-b37a-d9a241c2746b.feb1539f51395da32a9364537b4a2e2b.jpeg?odnWidth=612&odnHeight=612&odnBg=ffffff",
        "tags": [
            [
                "Womens Plus Blouses & Shirts",
                "/browse/clothing/womens-plus-blouses-shirts/5438_133195_1228775_1218840"
            ],
            [
                "Womens Plus T-Shirts",
                "/browse/clothing/womens-plus-t-shirts/5438_133195_1228775_1218841"
            ],
            [
                "Womens Plus Tops & T-Shirts",
                "/browse/clothing/womens-plus-tops-t-shirts/5438_133195_1228775_136318"
            ],
            [
                "Woman Within",
                "/browse/clothing/woman-within/5438_3317124_5044727"
            ],
            [
                "Womens Plus Savings Workwear & Suits",
                "/browse/clothing/womens-plus-savings-workwear-suits/5438_5993826_8611669_6491624"
            ],
            [
                "Women's Plus Size Basic Tops (Rule)",
                "/browse/clothing/womens-plus-size-basic-tops-rule/5438_9371431_2163282_3808880_6212823_7422086"
            ],
            [
                "Women's Plus Tees & Tanks",
                "/browse/clothing/womens-plus-tees-tanks/5438_5289731_4777396_9890744_9341771_9920886"
            ]
        ]
    },
    {
        "title": "Chic Home Sabina 3 Piece Reversible Comforter Set",
        "url": "https://www.walmart.com/ip/Chic-Home-Sabina-3-Piece-Reversible-Comforter-Set/56209898",
        "price": "$43.97",
        "stars": "2.5",
        "ratings": "2 ",
        "img": "i5.walmartimages.com/asr/8b28209c-fad2-42d3-bd83-c826962fb656_2.63b112fb54841d125f304efb4aae8e79.jpeg?odnWidth=612&odnHeight=612&odnBg=ffffff",
        "tags": [
            [
                "Teens' Bedding Sets",
                "/browse/home/teens-bedding-sets/4044_1156136_1156157_1156162"
            ],
            [
                "Grey Comforters",
                "/browse/home/grey-comforters/4044_539103_1995847_2463602"
            ],
            [
                "White Comforters",
                "/browse/home/white-comforters/4044_539103_1995847_2605452"
            ],
            [
                "Dorm Bedding Essentials",
                "/browse/home/dorm-bedding-essentials/4044_1225301_1225229_8079634_2857911"
            ],
            [
                "Bed-in-a-Bag Sets",
                "/browse/home/bed-in-a-bag-sets/4044_539103_9474113_3388004"
            ],
            [
                "Down & Down Alternative Comforters",
                "/browse/home/down-down-alternative-comforters/4044_539103_1095008_6184046"
            ],
            [
                "Blue Comforters",
                "/browse/home/blue-comforters/4044_539103_1995847_7238240"
            ],
            [
                "Dorm Bedding",
                "/browse/home/dorm-bedding/4044_1225301_1225229_9830377"
            ]
        ]
    }
]