[
    {
        "title": "Toddler Russell Athletic Red Georgia Bulldogs Block Letter T-Shirt",
        "url": "https://www.walmart.com/ip/Toddler-Russell-Athletic-Red-Georgia-Bulldogs-Block-Letter-T-Shirt/955571318",
        "price": "$8.88",
        "stars": 0,
        "ratings": 0,
        "img": "i5.walmartimages.com/asr/28f8beed-5877-4443-8b0a-01de934b902d.ff82dfe977b5a2f72953795f0a690c7d.jpeg?odnWidth=612&odnHeight=612&odnBg=ffffff",
        "tags": [
            [
                "Toddler Boys Back to School T-Shirts & Tank Tops",
                "/browse/clothing/toddler-boys-back-to-school-t-shirts-tank-tops/5438_1432442_5391585_2219792_6178217_5185895_1886286"
            ],
            [
                "Toddler Boys Back to School Graphic Tees And T-Shirts",
                "/browse/clothing/toddler-boys-back-to-school-graphic-tees-and-t-shirts/5438_1432442_5391585_2219792_6178217_5185895_5120850"
            ],
            [
                "Baby Boys T-Shirts & Tank Tops",
                "/browse/clothing/baby-boys-t-shirts-tank-tops/5438_7712430_8775031_6531901_3351896_5490218"
            ],
            [
                "Toddler Girls Back to School T-Shirts & Tank Tops",
                "/browse/clothing/toddler-girls-back-to-school-t-shirts-tank-tops/5438_1432442_7325555_4026190_4703740_9110466_6776288"
            ],
            [
                "Toddler Boys (2T-5T) Spring Trends",
                "/browse/clothing/toddler-boys-2t-5t-spring-trends/5438_5289731_9200731_9753526_8449138"
            ],
            [
                "Toddler Boys T-Shirts & Tank Tops",
                "/browse/clothing/toddler-boys-t-shirts-tank-tops/5438_7712430_7809949_9326390_7233347_8815150"
            ],
            [
                "Toddler Boys Graphic Tees And T-Shirts",
                "/browse/clothing/toddler-boys-graphic-tees-and-t-shirts/5438_7712430_7809949_9326390_7233347_9562569"
            ],
            [
                "Toddler Girls T-Shirts & Tank Tops",
                "/browse/clothing/toddler-girls-t-shirts-tank-tops/5438_7712430_1660851_9070216_4343124_9690081"
            ]
        ]
    },
    {
        "title": "UFC 2, Electronic Arts, Xbox One, 014633734010",
        "url": "https://www.walmart.com/ip/UFC-2-Electronic-Arts-Xbox-One-014633734010/48043032",
        "price": "$10.50",
        "stars": "3.0",
        "ratings": "2 ",
        "img": "i5.walmartimages.com/asr/42908952-d392-4134-ab2f-af4e277383d9_1.02e6ae8c5dc77e581cac72d0bcbc8087.jpeg?odnWidth=612&odnHeight=612&odnBg=ffffff",
        "tags": []
    },
    {
        "title": "Green Bay Packers Fanatics Branded Adult Official Logo Face Covering 3-Pack",
        "url": "https://www.walmart.com/ip/Green-Bay-Packers-Fanatics-Branded-Adult-Official-Logo-Face-Covering-3-Pack/415683525",
        "price": "$15.99",
        "stars": "4.0",
        "ratings": "1 ",
        "img": "i5.walmartimages.com/asr/d6b30b4c-a241-41fd-84dc-508413cb7129.ee392ad32560c1f7e23be819d7d9e407.jpeg?odnWidth=612&odnHeight=612&odnBg=ffffff",
        "tags": [
            [
                "Shop All Milwaukee Brewers",
                "/browse/sports-outdoors/shop-all-milwaukee-brewers/4125_1063984_1064344_5007998_1838854"
            ],
            [
                "Shop All New York Yankees",
                "/browse/sports-outdoors/shop-all-new-york-yankees/4125_1063984_1064344_4910567_4813799"
            ],
            [
                "Green Bay Packers Kids",
                "/browse/sports-outdoors/green-bay-packers-kids/4125_1063984_1423455_8965382_5507858"
            ],
            [
                "Fan Shop Americana",
                "/browse/sports-outdoors/fan-shop-americana/4125_1063984_2505429_7098318"
            ],
            [
                "Milwaukee Bucks",
                "/browse/sports-outdoors/milwaukee-bucks/4125_1063984_1064345_7326031"
            ],
            [
                "Green Bay Packers Team Shop",
                "/browse/sports-outdoors/green-bay-packers-team-shop/4125_1063984_1423455_8965382_8138546"
            ],
            [
                "Milwaukee Bucks Team Shop",
                "/browse/sports-outdoors/milwaukee-bucks-team-shop/4125_1063984_1064345_2333635_8557386"
            ],
            [
                "Minnesota Vikings Team Shop",
                "/browse/sports-outdoors/minnesota-vikings-team-shop/4125_1063984_1423455_8008845_8651276"
            ]
        ]
    },
    {
        "title": "NCAA Kentucky Wildcats \"Affiliation\" Twin or Xl Comforter Set",
        "url": "https://www.walmart.com/ip/NCAA-Kentucky-Wildcats-Affiliation-Twin-or-Xl-Comforter-Set/287081284",
        "price": "$34.88",
        "stars": "3.0",
        "ratings": "2 ",
        "img": "i5.walmartimages.com/asr/a5da952f-94d6-488f-9241-3e8ca8d73ada.33ad75e07eb6f922e49eb598a88e439b.jpeg?odnWidth=612&odnHeight=612&odnBg=ffffff",
        "tags": [
            [
                "Bedding Fan Shop",
                "/browse/sports-outdoors/bedding-fan-shop/4125_1063984_1063994_1064004"
            ],
            [
                "Kentucky Wildcats Kids",
                "/browse/sports-outdoors/kentucky-wildcats-kids/4125_1063984_1064346_1877609_2093948"
            ],
            [
                "Kentucky Wildcats",
                "/browse/sports-outdoors/kentucky-wildcats/4125_1063984_1064346_2474140"
            ],
            [
                "Fan Shop Throw Blankets",
                "/browse/sports-outdoors/fan-shop-throw-blankets/4125_1063984_1063994_4277922"
            ],
            [
                "Georgia Bulldogs Bedding & Blankets",
                "/browse/sports-outdoors/georgia-bulldogs-bedding-blankets/4125_1063984_1064346_5284977_6225488"
            ],
            [
                "Kentucky Wildcats Bath & Kitchen",
                "/browse/sports-outdoors/kentucky-wildcats-bath-kitchen/4125_1063984_1064346_1877609_6273175"
            ],
            [
                "Georgia Bulldogs",
                "/browse/sports-outdoors/georgia-bulldogs/4125_1063984_1064346_6800148"
            ],
            [
                "NCAA Bedding",
                "/browse/sports-outdoors/ncaa-bedding/4125_1063984_1064346_9306294"
            ]
        ]
    },
    {
        "title": "Women's Majestic Royal Los Angeles Dodgers Plus Size Switch Hitter T-Shirt",
        "url": "https://www.walmart.com/ip/Women-s-Majestic-Royal-Los-Angeles-Dodgers-Plus-Size-Switch-Hitter-T-Shirt/940851136",
        "price": "$12.99",
        "stars": 0,
        "ratings": 0,
        "img": "i5.walmartimages.com/asr/dafdb72b-5e32-4987-8c68-b3f96275d6be.c5b3b2c6730f6a81a00da2c679c89592.jpeg?odnWidth=612&odnHeight=612&odnBg=ffffff",
        "tags": [
            [
                "Los Angeles Dodgers Kids",
                "/browse/sports-outdoors/los-angeles-dodgers-kids/4125_1063984_1064344_4636882_3019488"
            ],
            [
                "MLB Back to School",
                "/browse/sports-outdoors/mlb-back-to-school/4125_1063984_1064344_3973317_4695474"
            ],
            [
                "MLB Women's",
                "/browse/sports-outdoors/mlb-womens/4125_1063984_1064344_4935821"
            ],
            [
                "Los Angeles Dodgers Mens",
                "/browse/sports-outdoors/los-angeles-dodgers-mens/4125_1063984_1064344_4636882_8033135"
            ],
            [
                "MLB Nike Gear",
                "/browse/sports-outdoors/mlb-nike-gear/4125_1063984_1064344_3973317_8239929"
            ],
            [
                "Shop All Los Angeles Dodgers",
                "/browse/sports-outdoors/shop-all-los-angeles-dodgers/4125_1063984_1064344_4636882_8725059"
            ],
            [
                "Los Angeles Dodgers T-Shirts",
                "/browse/sports-outdoors/los-angeles-dodgers-t-shirts/4125_1063984_1064344_4636882_8766009"
            ],
            [
                "MLB T-Shirts",
                "/browse/sports-outdoors/mlb-t-shirts/4125_1063984_1064344_9587846"
            ]
        ]
    },
    {
        "title": "San Francisco 49ers Fanatics Branded Adult Camo Face Covering 2-Pack",
        "url": "https://www.walmart.com/ip/San-Francisco-49ers-Fanatics-Branded-Adult-Camo-Face-Covering-2-Pack/498843154",
        "price": "$13.99",
        "stars": "4.0",
        "ratings": "5 ",
        "img": "i5.walmartimages.com/asr/7cb36f87-cac6-483d-b4b4-3aba6d22b39d.f6a4f5acfe5f570da887c00325ef9150.jpeg?odnWidth=612&odnHeight=612&odnBg=ffffff",
        "tags": []
    },
    {
        "title": "Brown Breakable Table for WWE Wrestling Action Figures",
        "url": "https://www.walmart.com/ip/Brown-Breakable-Table-for-WWE-Wrestling-Action-Figures/145475178",
        "price": "$4.00",
        "stars": "4.0",
        "ratings": "1 ",
        "img": "",
        "tags": [
            [
                "All Action Figure Playsets",
                "/browse/toys/all-action-figure-playsets/4171_4172_9845227_1156794"
            ],
            [
                "WWE Wrestling Ring Playsets",
                "/browse/toys/wwe-wrestling-ring-playsets/4171_7357538_7087187_2031303"
            ],
            [
                "WWE Elite Figures",
                "/browse/toys/wwe-elite-figures/4171_7357538_7087187_6551433_2752681"
            ],
            [
                "Ghostbusters Toys",
                "/browse/toys/ghostbusters-toys/4171_2065565_4138884"
            ],
            [
                "TV & Movie Playsets",
                "/browse/toys/tv-movie-playsets/4171_4172_9845227_4517984"
            ],
            [
                "WWE Role Play",
                "/browse/toys/wwe-role-play/4171_4172_4246921_4910339"
            ],
            [
                "WWE Battle Pack",
                "/browse/toys/wwe-battle-pack/4171_7357538_7087187_6551433_5670341"
            ],
            [
                "WWE Tough Talkers",
                "/browse/toys/wwe-tough-talkers/4171_7357538_7087187_6551433_5811743"
            ]
        ]
    },
    {
        "title": "NCAA University of Georgia Hand Towel, 1 Each",
        "url": "https://www.walmart.com/ip/NCAA-University-of-Georgia-Hand-Towel-1-Each/37655532",
        "price": "$7.88",
        "stars": "4.4",
        "ratings": "5 ",
        "img": "i5.walmartimages.com/asr/7b085fb9-572b-4d7f-936c-c67114a18949.ce0630d7f34ddc96aab4725bd4292713.jpeg?odnWidth=612&odnHeight=612&odnBg=ffffff",
        "tags": [
            [
                "Bath Fan Shop",
                "/browse/sports-outdoors/bath-fan-shop/4125_1063984_1063994_1063995"
            ],
            [
                "Pets Fan Shop",
                "/browse/sports-outdoors/pets-fan-shop/4125_1063984_1070887"
            ],
            [
                "Ohio State Buckeyes",
                "/browse/sports-outdoors/ohio-state-buckeyes/4125_1063984_1064346_2296959"
            ],
            [
                "Georgia Bulldogs Bedding & Blankets",
                "/browse/sports-outdoors/georgia-bulldogs-bedding-blankets/4125_1063984_1064346_5284977_6225488"
            ],
            [
                "Georgia Bulldogs",
                "/browse/sports-outdoors/georgia-bulldogs/4125_1063984_1064346_6800148"
            ],
            [
                "Ohio State Buckeyes Bath & Kitchen",
                "/browse/sports-outdoors/ohio-state-buckeyes-bath-kitchen/4125_1063984_1064346_4750729_8153595"
            ],
            [
                "Georgia Bulldogs Mens",
                "/browse/sports-outdoors/georgia-bulldogs-mens/4125_1063984_1064346_5284977_9306261"
            ],
            [
                "NCAA Bedding",
                "/browse/sports-outdoors/ncaa-bedding/4125_1063984_1064346_9306294"
            ]
        ]
    },
    {
        "title": "Women's Russell Athletic Navy North Carolina Tar Heels Arch V-Neck T-Shirt",
        "url": "https://www.walmart.com/ip/Women-s-Russell-Athletic-Navy-North-Carolina-Tar-Heels-Arch-V-Neck-T-Shirt/668325290",
        "price": "$9.96",
        "stars": 0,
        "ratings": 0,
        "img": "i5.walmartimages.com/asr/a1182b85-73d5-4547-95bc-7b8abb0c6cef.3dd5bf9053490d8f5f469c8228595988.jpeg?odnWidth=612&odnHeight=612&odnBg=ffffff",
        "tags": [
            [
                "NCAA T-Shirts",
                "/browse/sports-outdoors/ncaa-t-shirts/4125_1063984_1064346_3545302"
            ],
            [
                "North Carolina Tar Heels Mens",
                "/browse/sports-outdoors/north-carolina-tar-heels-mens/4125_1063984_1064346_9208870_4285701"
            ],
            [
                "NCAA Womens",
                "/browse/sports-outdoors/ncaa-womens/4125_1063984_1064346_4898248"
            ],
            [
                "North Carolina Tar Heels T-Shirts",
                "/browse/sports-outdoors/north-carolina-tar-heels-t-shirts/4125_1063984_1064346_9208870_8198157"
            ],
            [
                "North Carolina Tar Heels",
                "/browse/sports-outdoors/north-carolina-tar-heels/4125_1063984_1064346_8205773"
            ],
            [
                "North Carolina Tar Heels Kids",
                "/browse/sports-outdoors/north-carolina-tar-heels-kids/4125_1063984_1064346_9208870_8986263"
            ],
            [
                "North Carolina Tar Heels Pajamas, Sweatpants & Loungewear",
                "/browse/sports-outdoors/north-carolina-tar-heels-pajamas-sweatpants-loungewear/4125_1063984_1064346_9208870_9116725"
            ],
            [
                "Walmart NCAA Collection",
                "/browse/sports-outdoors/walmart-ncaa-collection/4125_1063984_1064346_9619761"
            ]
        ]
    },
    {
        "title": "NCAA Georgia Bulldogs Car Seat Cover",
        "url": "https://www.walmart.com/ip/NCAA-Georgia-Bulldogs-Car-Seat-Cover/32802467",
        "price": "$22.96",
        "stars": 0,
        "ratings": 0,
        "img": "",
        "tags": [
            [
                "Fan Shop Car Floor Mats",
                "/browse/sports-outdoors/fan-shop-car-floor-mats/4125_1063984_7022966_4029512"
            ],
            [
                "Fan Shop Throw Blankets",
                "/browse/sports-outdoors/fan-shop-throw-blankets/4125_1063984_1063994_4277922"
            ],
            [
                "Georgia Bulldogs Auto Accessories",
                "/browse/sports-outdoors/georgia-bulldogs-auto-accessories/4125_1063984_1064346_5284977_6675974"
            ],
            [
                "Georgia Bulldogs",
                "/browse/sports-outdoors/georgia-bulldogs/4125_1063984_1064346_6800148"
            ],
            [
                "NFL Bedding",
                "/browse/sports-outdoors/nfl-bedding/4125_1063984_1423455_7374764"
            ],
            [
                "MLB Home",
                "/browse/sports-outdoors/mlb-home/4125_1063984_1064344_3973317_7708333"
            ],
            [
                "Fan Shop Car Seat Covers",
                "/browse/sports-outdoors/fan-shop-car-seat-covers/4125_1063984_7022966_9226608"
            ],
            [
                "NCAA Bedding",
                "/browse/sports-outdoors/ncaa-bedding/4125_1063984_1064346_9306294"
            ]
        ]
    }
]