[
    {
        "title": "San Francisco 49ers NFL Electric Football Game",
        "url": "https://www.walmart.com/ip/San-Francisco-49ers-NFL-Electric-Football-Game/908359472",
        "price": "$69.95",
        "stars": 0,
        "ratings": 0,
        "img": "i5.walmartimages.com/asr/38d021bd-2906-43b8-ab11-0736e0eb7cf7_1.e431d9d8e85689d025459ea50c9ee728.jpeg?odnWidth=612&odnHeight=612&odnBg=ffffff",
        "tags": [
            [
                "Shop Toys by Price",
                "/browse/shop-toys-by-price/4171_1263324"
            ],
            [
                "Classic Games",
                "/browse/toys/classic-games/4171_4191_2084995"
            ],
            [
                "Family Games",
                "/browse/toys/family-games/4171_4191_2335373_2204878"
            ],
            [
                "Little Live Pets",
                "/browse/toys/little-live-pets/4171_4187_7790702_3693047"
            ],
            [
                "Electronic Pets",
                "/browse/toys/electronic-pets/4171_4187_4209464"
            ],
            [
                "All Board Games",
                "/browse/toys/all-board-games/4171_4191_133123_4497274"
            ],
            [
                "Simon Game",
                "/browse/toys/simon-game/4171_2065565_4859463"
            ]
        ]
    },
    {
        "title": "Georgia Bulldogs Sled Ornament",
        "url": "https://www.walmart.com/ip/Georgia-Bulldogs-Sled-Ornament/41496840",
        "price": "$6.39",
        "stars": 0,
        "ratings": 0,
        "img": "",
        "tags": [
            [
                "Bags Fan Shop",
                "/browse/sports-outdoors/bags-fan-shop/4125_1063984_1063985_1063988"
            ],
            [
                "Shoes Fan Shop",
                "/browse/sports-outdoors/shoes-fan-shop/4125_1063984_1063985_1063990"
            ],
            [
                "NCAA Accessories",
                "/browse/sports-outdoors/ncaa-accessories/4125_1063984_1064346_3814509"
            ],
            [
                "Georgia Bulldogs Kids",
                "/browse/sports-outdoors/georgia-bulldogs-kids/4125_1063984_1064346_5284977_5103878"
            ],
            [
                "Georgia Bulldogs Bath & Kitchen",
                "/browse/sports-outdoors/georgia-bulldogs-bath-kitchen/4125_1063984_1064346_5284977_5809566"
            ],
            [
                "Georgia Bulldogs",
                "/browse/sports-outdoors/georgia-bulldogs/4125_1063984_1064346_6800148"
            ],
            [
                "Georgia Bulldogs Mens",
                "/browse/sports-outdoors/georgia-bulldogs-mens/4125_1063984_1064346_5284977_9306261"
            ],
            [
                "Georgia Bulldogs Pajamas, Sweatpants & Loungewear",
                "/browse/sports-outdoors/georgia-bulldogs-pajamas-sweatpants-loungewear/4125_1063984_1064346_5284977_9858352"
            ]
        ]
    },
    {
        "title": "WWE: Smackdown 20th Anniversary (DVD)",
        "url": "https://www.walmart.com/ip/WWE-Smackdown-20th-Anniversary-DVD/321801808",
        "price": "$9.39",
        "stars": "4.9",
        "ratings": "8 ",
        "img": "",
        "tags": [
            [
                "Anime Action",
                "/browse/movies-tv-shows/anime-action/4096_530719_1010219_1010220"
            ],
            [
                "Anime Comedy",
                "/browse/movies-tv-shows/anime-comedy/4096_530719_1010219_1010221"
            ],
            [
                "All Health & Fitness",
                "/browse/movies-tv-shows/all-health-fitness/4096_530719_530708_1039079"
            ],
            [
                "WWE Movies & TV Shows",
                "/browse/movies-tv-shows/wwe-movies-tv-shows/4096_530719_1046279_2769711"
            ],
            [
                "Scooby Doo Movies",
                "/browse/movies-tv-shows/scooby-doo-movies/4096_530719_1057424_3812254"
            ],
            [
                "Family Cartoon Movies",
                "/browse/movies-tv-shows/family-cartoon-movies/4096_530598_530701_531385"
            ],
            [
                "Action & Adventure TV Shows",
                "/browse/movies-tv-shows/action-adventure-tv-shows/4096_530719_531638"
            ],
            [
                "New Release Movies",
                "/browse/new-release-movies/4096_6942910"
            ]
        ]
    },
    {
        "title": "Men's WWE Lashley All Mighty Graphic T-Shirt",
        "url": "https://www.walmart.com/ip/Men-s-WWE-Lashley-All-Mighty-Graphic-T-Shirt/598067738",
        "price": "$10.87",
        "stars": "4.7",
        "ratings": "10 ",
        "img": "i5.walmartimages.com/asr/7333470d-77f2-4730-9be1-ade6c38700da_1.d8dfd50f2111a3be4d8ae027019071b7.jpeg?odnWidth=612&odnHeight=612&odnBg=ffffff",
        "tags": [
            [
                "Men's Trending Tees",
                "/browse/clothing/mens-trending-tees/5438_133197_9358077_1331143"
            ],
            [
                "Men's Character Shop",
                "/browse/clothing/mens-character-shop/5438_1231398_3443311"
            ],
            [
                "Men's Disney Tees",
                "/browse/clothing/mens-disney-tees/5438_133197_9358077_4042794"
            ],
            [
                "Movies & TV",
                "/browse/clothing/movies-tv/5438_133197_4989945_4730100"
            ],
            [
                "Graphic Tees",
                "/browse/clothing/graphic-tees/5438_133197_9881658_5648004"
            ],
            [
                "Men's Movies & TV Tees",
                "/browse/clothing/mens-movies-tv-tees/5438_133197_9358077_7810936"
            ],
            [
                "Our Favorite Brands",
                "/browse/clothing/our-favorite-brands/5438_133197_4989945_9420268"
            ]
        ]
    },
    {
        "title": "Florida Gators Pressbox Women's Gator Head Edith Long Sleeve T-Shirt - White",
        "url": "https://www.walmart.com/ip/Florida-Gators-Pressbox-Women-s-Gator-Head-Edith-Long-Sleeve-T-Shirt-White/113240938",
        "price": "$44.99",
        "stars": 0,
        "ratings": 0,
        "img": "i5.walmartimages.com/asr/cde3f821-678f-48fa-b2ca-a511628290d9.cfb0e858108fdf843219a3729260c3ae.jpeg?odnWidth=612&odnHeight=612&odnBg=ffffff",
        "tags": [
            [
                "Florida Gators",
                "/browse/sports-outdoors/florida-gators/4125_1063984_1064346_1593101"
            ],
            [
                "NCAA Mens",
                "/browse/sports-outdoors/ncaa-mens/4125_1063984_1064346_3376725"
            ],
            [
                "NCAA T-Shirts",
                "/browse/sports-outdoors/ncaa-t-shirts/4125_1063984_1064346_3545302"
            ],
            [
                "NCAA Womens",
                "/browse/sports-outdoors/ncaa-womens/4125_1063984_1064346_4898248"
            ],
            [
                "Florida Gators Mens",
                "/browse/sports-outdoors/florida-gators-mens/4125_1063984_1064346_8862228_5419054"
            ],
            [
                "Florida Gators Kids",
                "/browse/sports-outdoors/florida-gators-kids/4125_1063984_1064346_8862228_6906224"
            ],
            [
                "Florida Gators Womens",
                "/browse/sports-outdoors/florida-gators-womens/4125_1063984_1064346_8862228_7941577"
            ],
            [
                "Walmart NCAA Collection",
                "/browse/sports-outdoors/walmart-ncaa-collection/4125_1063984_1064346_9619761"
            ]
        ]
    },
    {
        "title": "Table Top Stackers NFL LA Chargers",
        "url": "https://www.walmart.com/ip/Table-Top-Stackers-NFL-LA-Chargers/707964886",
        "price": "$19.99",
        "stars": 0,
        "ratings": 0,
        "img": "i5.walmartimages.com/asr/4864a315-8595-4ab2-9beb-5efc8976b0c3_1.1e576611ed770833c599f3f807a17d76.jpeg?odnWidth=612&odnHeight=612&odnBg=ffffff",
        "tags": [
            [
                "Tailgating Fan Shop",
                "/browse/sports-outdoors/tailgating-fan-shop/4125_1063984_2505429_3549861"
            ],
            [
                "Dallas Cowboys Outdoor",
                "/browse/sports-outdoors/dallas-cowboys-outdoor/4125_1063984_1423455_5722514_5398531"
            ],
            [
                "Los Angeles Chargers Team Shop",
                "/browse/sports-outdoors/los-angeles-chargers-team-shop/4125_1063984_1423455_8537893_5914974"
            ],
            [
                "Las Vegas Raiders Outdoor",
                "/browse/sports-outdoors/las-vegas-raiders-outdoor/4125_1063984_1423455_9617689_6732522"
            ],
            [
                "Pittsburgh Steelers Outdoor",
                "/browse/sports-outdoors/pittsburgh-steelers-outdoor/4125_1063984_1423455_5521520_7368827"
            ],
            [
                "New England Patriots Outdoor",
                "/browse/sports-outdoors/new-england-patriots-outdoor/4125_1063984_1423455_3142048_9099833"
            ],
            [
                "Pittsburgh Steelers Kids",
                "/browse/sports-outdoors/pittsburgh-steelers-kids/4125_1063984_1423455_5521520_9249259"
            ],
            [
                "Philadelphia Eagles Outdoor",
                "/browse/sports-outdoors/philadelphia-eagles-outdoor/4125_1063984_1423455_4078974_9805382"
            ]
        ]
    },
    {
        "title": "Clemson Tigers Comfort Colors Campus Icon T-Shirt - Orange",
        "url": "https://www.walmart.com/ip/Clemson-Tigers-Comfort-Colors-Campus-Icon-T-Shirt-Orange/101879524",
        "price": "$23.99",
        "stars": 0,
        "ratings": 0,
        "img": "i5.walmartimages.com/asr/df477ce9-1fce-4f15-a474-ef5880776bfa.13fd5eb80ec6702bb967d6b67c9b231a.jpeg?odnWidth=612&odnHeight=612&odnBg=ffffff",
        "tags": [
            [
                "Clemson Tigers Kids",
                "/browse/sports-outdoors/clemson-tigers-kids/4125_1063984_1064346_6267117_1735285"
            ],
            [
                "Golf Shirts",
                "/browse/sports-outdoors/golf-shirts/4125_4161_4152_1075726_2270902"
            ],
            [
                "NCAA T-Shirts",
                "/browse/sports-outdoors/ncaa-t-shirts/4125_1063984_1064346_3545302"
            ],
            [
                "Clemson Tigers Mens",
                "/browse/sports-outdoors/clemson-tigers-mens/4125_1063984_1064346_6267117_4298292"
            ],
            [
                "NCAA Womens",
                "/browse/sports-outdoors/ncaa-womens/4125_1063984_1064346_4898248"
            ],
            [
                "Tennessee Volunteers Womens",
                "/browse/sports-outdoors/tennessee-volunteers-womens/4125_1063984_1064346_5590502_5136926"
            ],
            [
                "Clemson Tigers",
                "/browse/sports-outdoors/clemson-tigers/4125_1063984_1064346_9504859"
            ],
            [
                "Walmart NCAA Collection",
                "/browse/sports-outdoors/walmart-ncaa-collection/4125_1063984_1064346_9619761"
            ]
        ]
    },
    {
        "title": "Denver Broncos The Locker 12oz. Can Holder - Silver/Orange",
        "url": "https://www.walmart.com/ip/Denver-Broncos-The-Locker-12oz-Can-Holder-Silver-Orange/615692852",
        "price": "$18.39",
        "stars": 0,
        "ratings": 0,
        "img": "i5.walmartimages.com/asr/71eb5bb1-fd1c-40d2-a7a8-3b4b1754db8a.2fcfdd092523467aa0b6b727189e47be.jpeg?odnWidth=612&odnHeight=612&odnBg=ffffff",
        "tags": [
            [
                "Bath Fan Shop",
                "/browse/sports-outdoors/bath-fan-shop/4125_1063984_1063994_1063995"
            ],
            [
                "Minnesota Vikings Bath & Kitchen",
                "/browse/sports-outdoors/minnesota-vikings-bath-kitchen/4125_1063984_1423455_8008845_1481581"
            ],
            [
                "Las Vegas Raiders Bath & Kitchen",
                "/browse/sports-outdoors/las-vegas-raiders-bath-kitchen/4125_1063984_1423455_9617689_2189547"
            ],
            [
                "Denver Broncos Team Shop",
                "/browse/sports-outdoors/denver-broncos-team-shop/4125_1063984_1423455_1434776_2972935"
            ],
            [
                "Indianapolis Colts Bath & Kitchen",
                "/browse/sports-outdoors/indianapolis-colts-bath-kitchen/4125_1063984_1423455_1466758_3018318"
            ],
            [
                "Baltimore Ravens Bath & Kitchen",
                "/browse/sports-outdoors/baltimore-ravens-bath-kitchen/4125_1063984_1423455_9788404_5036727"
            ],
            [
                "Seattle Seahawks Bath & Kitchen",
                "/browse/sports-outdoors/seattle-seahawks-bath-kitchen/4125_1063984_1423455_8134962_6107509"
            ],
            [
                "Denver Broncos Outdoor",
                "/browse/sports-outdoors/denver-broncos-outdoor/4125_1063984_1423455_1434776_9195581"
            ]
        ]
    },
    {
        "title": "Seattle Seahawks - End Zone",
        "url": "https://www.walmart.com/ip/Seattle-Seahawks-End-Zone/207495368",
        "price": "$9.99",
        "stars": "5.0",
        "ratings": "1 ",
        "img": "i5.walmartimages.com/asr/2a8fd617-807a-4c85-bb08-8beae5d614ea_1.a320780f38a5ef25d722a271b36d6ae5.jpeg?odnWidth=612&odnHeight=612&odnBg=ffffff",
        "tags": [
            [
                "Green Bay Packers Accessories",
                "/browse/sports-outdoors/green-bay-packers-accessories/4125_1063984_1423455_8965382_2277546"
            ],
            [
                "New Orleans Saints Accessories",
                "/browse/sports-outdoors/new-orleans-saints-accessories/4125_1063984_1423455_2977481_2672513"
            ],
            [
                "New England Patriots Accessories",
                "/browse/sports-outdoors/new-england-patriots-accessories/4125_1063984_1423455_3142048_3629081"
            ],
            [
                "Seattle Seahawks Team Shop",
                "/browse/sports-outdoors/seattle-seahawks-team-shop/4125_1063984_1423455_8134962_4334605"
            ],
            [
                "San Francisco 49ers Accessories",
                "/browse/sports-outdoors/san-francisco-49ers-accessories/4125_1063984_1423455_5236188_5163807"
            ],
            [
                "Denver Broncos Accessories",
                "/browse/sports-outdoors/denver-broncos-accessories/4125_1063984_1423455_1434776_5457449"
            ],
            [
                "Miami Dolphins Accessories",
                "/browse/sports-outdoors/miami-dolphins-accessories/4125_1063984_1423455_4808029_8927453"
            ],
            [
                "Chicago Bears Accessories",
                "/browse/sports-outdoors/chicago-bears-accessories/4125_1063984_1423455_5548995_9236923"
            ]
        ]
    },
    {
        "title": "San Diego Padres Fanatics Branded Adult All Over Logo Face Covering",
        "url": "https://www.walmart.com/ip/San-Diego-Padres-Fanatics-Branded-Adult-All-Over-Logo-Face-Covering/655933858",
        "price": "$8.99",
        "stars": 0,
        "ratings": 0,
        "img": "i5.walmartimages.com/asr/19f7ad78-ee99-4bb7-b600-6f619b6de31d.3d8bd343d1410e55fb54f8e41bc50353.jpeg?odnWidth=612&odnHeight=612&odnBg=ffffff",
        "tags": [
            [
                "San Diego Padres Kids",
                "/browse/sports-outdoors/san-diego-padres-kids/4125_1063984_1064344_5996814_1930835"
            ],
            [
                "San Diego Padres Vintage",
                "/browse/sports-outdoors/san-diego-padres-vintage/4125_1063984_1064344_5996814_2519219"
            ],
            [
                "Sports Fan Shop Face Coverings",
                "/browse/sports-outdoors/sports-fan-shop-face-coverings/4125_1063984_3824984"
            ],
            [
                "San Diego Padres Womens",
                "/browse/sports-outdoors/san-diego-padres-womens/4125_1063984_1064344_5996814_3831322"
            ],
            [
                "MLB Women's",
                "/browse/sports-outdoors/mlb-womens/4125_1063984_1064344_4935821"
            ],
            [
                "San Diego Padres Mens",
                "/browse/sports-outdoors/san-diego-padres-mens/4125_1063984_1064344_5996814_5211119"
            ],
            [
                "San Diego Padres T-Shirts",
                "/browse/sports-outdoors/san-diego-padres-t-shirts/4125_1063984_1064344_5996814_6686884"
            ],
            [
                "San Diego Padres Hats",
                "/browse/sports-outdoors/san-diego-padres-hats/4125_1063984_1064344_5996814_9167098"
            ]
        ]
    }
]