[
    {
        "title": "ZENSTYLE 10x7ft Portable Golf Net Hitting Net Practice Driving Indoor Outdoor w/Carry Bag",
        "url": "https://www.walmart.com/ip/ZENSTYLE-10x7ft-Portable-Golf-Net-Hitting-Net-Practice-Driving-Indoor-Outdoor-w-Carry-Bag/608059902",
        "price": "$65.99",
        "stars": "5.0",
        "ratings": "7 ",
        "img": "i5.walmartimages.com/asr/d661055a-f494-46bd-9c87-06b4b77b0dd2_1.8172fc66aa5f0f08fde1a74b5f870323.jpeg?odnWidth=612&odnHeight=612&odnBg=ffffff",
        "tags": [
            [
                "Sports Equipment Fan Shop",
                "/browse/sports-outdoors/sports-equipment-fan-shop/4125_1063984_1064023_1064047"
            ],
            [
                "Baseball Training Equipment",
                "/browse/sports-outdoors/baseball-training-equipment/4125_4161_4162_1075688"
            ],
            [
                "Soccer Training Equipment",
                "/browse/sports-outdoors/soccer-training-equipment/4125_4161_432196_1075747"
            ],
            [
                "Softball Training Equipment",
                "/browse/sports-outdoors/softball-training-equipment/4125_4161_4169_131879"
            ],
            [
                "Baseball Nets, Screens, and Rebounders",
                "/browse/sports-outdoors/baseball-nets-screens-rebounders/4125_4161_4162_4328068"
            ],
            [
                "Golf Accessories",
                "/browse/sports-outdoors/golf-accessories/4125_4161_4152_470543"
            ],
            [
                "Ping Golf",
                "/browse/sports-outdoors/ping-golf/4125_4161_4152_6714106"
            ],
            [
                "Batting Tees",
                "/browse/sports-outdoors/batting-tees/4125_4161_4162_8787458"
            ]
        ]
    },
    {
        "title": "Protege 24in Duffle Neo Grey",
        "url": "https://www.walmart.com/ip/Protege-24in-Duffle-Neo-Grey/663865724",
        "price": "$30.56",
        "stars": "4.5",
        "ratings": "11 ",
        "img": "i5.walmartimages.com/asr/7439a225-24da-449c-a6fc-a33c71dbd3a3_1.767d6559663ccbc38d6738d3c4ac70b7.jpeg?odnWidth=612&odnHeight=612&odnBg=ffffff",
        "tags": [
            [
                "Dry Bags",
                "/browse/sports-outdoors/dry-bags/4125_546956_7276129_6836875_1331385"
            ],
            [
                "Outdoor Products Backpacks",
                "/browse/sports-outdoors/outdoor-products-backpacks/4125_546956_4128_1319797_8052121_1453221"
            ],
            [
                "Sleeping Bag Liners",
                "/browse/sports-outdoors/sleeping-bag-liners/4125_546956_4128_6402971_1687609"
            ],
            [
                "Travel & Duffel Bags",
                "/browse/sports-outdoors/travel-duffel-bags/4125_546956_4128_1319797_2015054"
            ],
            [
                "Hiking Backpacking Packs",
                "/browse/sports-outdoors/hiking-backpacking-packs/4125_546956_4128_1319797_2024633"
            ],
            [
                "Stansport Backpacks",
                "/browse/sports-outdoors/stansport-backpacks/4125_546956_4128_1319797_8052121_2443298"
            ],
            [
                "Ozark Trail Backpacks",
                "/browse/sports-outdoors/ozark-trail-backpacks/4125_546956_4128_2487866_2559937_2804518"
            ],
            [
                "Hiking Daypacks",
                "/browse/sports-outdoors/hiking-daypacks/4125_546956_4128_1319797_8948680"
            ]
        ]
    },
    {
        "title": "HEAD CPS Heat Racquetball Racquet",
        "url": "https://www.walmart.com/ip/HEAD-CPS-Heat-Racquetball-Racquet/439943607",
        "price": "$19.77",
        "stars": "4.8",
        "ratings": "5 ",
        "img": "i5.walmartimages.com/asr/793cea83-5e91-4c84-9a29-a7aabc307d02_3.b74f655440595c1b8c2d370bf91bb3a6.jpeg?odnWidth=612&odnHeight=612&odnBg=ffffff",
        "tags": [
            [
                "Squash Accessories",
                "/browse/sports-outdoors/squash-accessories/4125_4161_4417624_1043934"
            ],
            [
                "Tennis Racquets",
                "/browse/sports-outdoors/tennis-racquets/4125_4161_538538_1075604"
            ],
            [
                "Racquetball Balls",
                "/browse/sports-outdoors/racquetball-balls/4125_4161_9532681_1075625"
            ],
            [
                "Racquetball Accessories",
                "/browse/sports-outdoors/racquetball-accessories/4125_4161_9532681_1075626"
            ],
            [
                "All Lawn Games",
                "/browse/sports-outdoors/all-lawn-games/4125_1224931_7643019_1075784"
            ],
            [
                "Tennis Grips & Tape",
                "/browse/sports-outdoors/tennis-grips-tape/4125_4161_538538_8037706_2116194"
            ],
            [
                "Badminton Racquets",
                "/browse/sports-outdoors/badminton-racquets/4125_1224931_7643019_1945581_3443020"
            ],
            [
                "Squash Racquets",
                "/browse/sports-outdoors/squash-racquets/4125_4161_4417624_8266817"
            ]
        ]
    },
    {
        "title": "Bridgestone e6 Golf Balls, 12 Pack",
        "url": "https://www.walmart.com/ip/Bridgestone-e6-Golf-Balls-12-Pack/425855672",
        "price": "$21.97",
        "stars": "4.0",
        "ratings": "6 ",
        "img": "i5.walmartimages.com/asr/008fda19-ddf7-4dac-b0c9-6ef41bd7102a.6c14e23e6c2f98901bb3b19df1412b95.jpeg?odnWidth=612&odnHeight=612&odnBg=ffffff",
        "tags": [
            [
                "Sports Equipment Fan Shop",
                "/browse/sports-outdoors/sports-equipment-fan-shop/4125_1063984_1064023_1064047"
            ],
            [
                "Golf Gloves",
                "/browse/sports-outdoors/golf-gloves/4125_4161_4152_1075726_1075668"
            ],
            [
                "Callaway Golf",
                "/browse/sports-outdoors/callaway-golf/4125_4161_4152_1259729"
            ],
            [
                "Kansas City Chiefs Accessories",
                "/browse/sports-outdoors/kansas-city-chiefs-accessories/4125_1063984_1423455_4112216_1600851"
            ],
            [
                "Bridgestone Golf Balls",
                "/browse/sports-outdoors/bridgestone-golf-balls/4125_4161_4152_3051085"
            ],
            [
                "Callaway Golf Balls",
                "/browse/sports-outdoors/callaway-golf-balls/4125_4161_4152_6954186"
            ],
            [
                "Used Golf Balls",
                "/browse/sports-outdoors/used-golf-balls/4125_4161_4152_7802391"
            ],
            [
                "Bridgestone Golf",
                "/browse/sports-outdoors/bridgestone-golf/4125_4161_4152_8870930"
            ]
        ]
    },
    {
        "title": "Wilson NCAA Replica Game Basketball, Official Size - 29.5\"",
        "url": "https://www.walmart.com/ip/Wilson-NCAA-Replica-Game-Basketball-Official-Size-29-5/14147050",
        "price": "$28.52",
        "stars": "4.2",
        "ratings": "25 ",
        "img": "i5.walmartimages.com/asr/2788dadd-b24b-4697-8ea2-abfbf6e80f9f_1.5aee9ee439ecc6b1ef168d8ce120111b.jpeg?odnWidth=612&odnHeight=612&odnBg=ffffff",
        "tags": [
            [
                "Indoor Basketballs",
                "/browse/sports-outdoors/indoor-basketballs/4125_4161_4165_2301197"
            ],
            [
                "Youth Basketballs",
                "/browse/sports-outdoors/youth-basketballs/4125_4161_4165_3481911"
            ],
            [
                "Kids Basketballs",
                "/browse/sports-outdoors/kids-basketballs/4125_4161_4165_4999396"
            ],
            [
                "NCAA Basketballs",
                "/browse/sports-outdoors/ncaa-basketballs/4125_4161_4165_6230229"
            ],
            [
                "Outdoor Basketballs",
                "/browse/sports-outdoors/outdoor-basketballs/4125_4161_4165_6775859"
            ],
            [
                "NBA Basketballs",
                "/browse/sports-outdoors/nba-basketballs/4125_4161_4165_7443009"
            ],
            [
                "Womens Basketballs",
                "/browse/sports-outdoors/womens-basketballs/4125_4161_4165_8432455"
            ],
            [
                "Spalding Basketballs",
                "/browse/sports-outdoors/spalding-basketballs/4125_4161_4165_9286999"
            ]
        ]
    },
    {
        "title": "Wilson AVP Velocity Volleyball, Official Size - Green",
        "url": "https://www.walmart.com/ip/Wilson-AVP-Velocity-Volleyball-Official-Size-Green/428781619",
        "price": "$9.96",
        "stars": "3.0",
        "ratings": "2 ",
        "img": "i5.walmartimages.com/asr/fcca3317-9bf3-41b0-bc2e-896940e0a37b_1.d6696d7a14ce5067c28535432a288918.jpeg?odnWidth=612&odnHeight=612&odnBg=ffffff",
        "tags": [
            [
                "Volleyball Nets",
                "/browse/sports-outdoors/volleyball-nets/4125_4161_1041862_1041864"
            ],
            [
                "Sports Equipment Fan Shop",
                "/browse/sports-outdoors/sports-equipment-fan-shop/4125_1063984_1064023_1064047"
            ],
            [
                "Soccer Balls",
                "/browse/sports-outdoors/soccer-balls/4125_4161_432196_1075746"
            ],
            [
                "All Lawn Games",
                "/browse/sports-outdoors/all-lawn-games/4125_1224931_7643019_1075784"
            ],
            [
                "Size 4 Soccer Balls",
                "/browse/sports-outdoors/size-4-soccer-balls/4125_4161_432196_5091121"
            ],
            [
                "Size 5 Soccer Balls",
                "/browse/sports-outdoors/size-5-soccer-balls/4125_4161_432196_6173689"
            ],
            [
                "Wilson Volleyballs",
                "/browse/sports-outdoors/wilson-volleyballs/4125_4161_1041862_6622896"
            ],
            [
                "Molten Volleyballs",
                "/browse/sports-outdoors/molten-volleyballs/4125_4161_1041862_7151238"
            ]
        ]
    },
    {
        "title": "Sun Visor Plain Hat Sports Cap Golf Tennis New Adjustable Men Women",
        "url": "https://www.walmart.com/ip/Sun-Visor-Plain-Hat-Sports-Cap-Golf-Tennis-New-Adjustable-Men-Women/164846497",
        "price": "$8.99",
        "stars": "4.8",
        "ratings": "49 ",
        "img": "i5.walmartimages.com/asr/c9e602da-d46c-4f9d-ae9d-ed3cba1d6542.5593c90eab329e68ffbddae81eab8e66.jpeg?odnWidth=612&odnHeight=612&odnBg=ffffff",
        "tags": [
            [
                "Callaway Golf",
                "/browse/sports-outdoors/callaway-golf/4125_4161_4152_1259729"
            ],
            [
                "Golf Hats",
                "/browse/sports-outdoors/golf-hats/4125_4161_4152_1075726_2811569"
            ],
            [
                "Tennis Clothing",
                "/browse/sports-outdoors/tennis-clothing/4125_4161_538538_2898774"
            ],
            [
                "Bike Jerseys",
                "/browse/sports-outdoors/bike-jerseys/4125_1081404_7258752_3336638"
            ],
            [
                "Men's Golf Hats",
                "/browse/sports-outdoors/mens-golf-hats/4125_4161_4152_1075726_5470531"
            ],
            [
                "Ping Golf",
                "/browse/sports-outdoors/ping-golf/4125_4161_4152_6714106"
            ],
            [
                "Callaway Hats",
                "/browse/sports-outdoors/callaway-hats/4125_4161_4152_1075726_8265995"
            ]
        ]
    },
    {
        "title": "Ktaxon Kids Gymnastics Exercise Tumbling Air Track Inflatable Mats",
        "url": "https://www.walmart.com/ip/Ktaxon-Kids-Gymnastics-Exercise-Tumbling-Air-Track-Inflatable-Mats/314828466",
        "price": "$27.80",
        "stars": "4.4",
        "ratings": "9 ",
        "img": "i5.walmartimages.com/asr/c8516408-4c83-436a-ac9d-9675f93e0f24_1.340f0c3aee3849c7709abe7b3633f4c5.jpeg?odnWidth=612&odnHeight=612&odnBg=ffffff",
        "tags": [
            [
                "Gymnastics",
                "/browse/sports-outdoors/gymnastics/4125_4161_1043946"
            ],
            [
                "Air Mattress Accessories",
                "/browse/sports-outdoors/air-mattress-accessories/4125_546956_4128_1075006_1075024"
            ],
            [
                "Volleyball Training Equipment",
                "/browse/sports-outdoors/volleyball-training-equipment/4125_4161_1041862_1075732"
            ],
            [
                "Exercise Mats",
                "/browse/sports-outdoors/exercise-mats/4125_4134_1078384_1078148"
            ],
            [
                "Yoga Mats",
                "/browse/sports-outdoors/yoga-mats/4125_4134_1078384_1078386"
            ],
            [
                "Climbing Chalk",
                "/browse/sports-outdoors/climbing-chalk/4125_546956_6678402_6159236"
            ],
            [
                "Gym Flooring",
                "/browse/sports-outdoors/gym-flooring/4125_4134_1026285_2484197_8192651"
            ],
            [
                "Pilates Mats",
                "/browse/sports-outdoors/pilates-mats/4125_4134_2350251_8322693"
            ]
        ]
    },
    {
        "title": "Umbro Adult Slip-In Shinguards, Soccer Shin Guard, Soccer Sleeve, 1 Pair",
        "url": "https://www.walmart.com/ip/Umbro-Adult-Slip-In-Shinguards-Soccer-Shin-Guard-Soccer-Sleeve-1-Pair/236244283",
        "price": "$12.88",
        "stars": "4.6",
        "ratings": "9 ",
        "img": "i5.walmartimages.com/asr/179d9c11-8337-42e7-86bf-aa16f019660c.8b6e8f215aec2708cd046448a41078cb.jpeg?odnWidth=612&odnHeight=612&odnBg=ffffff",
        "tags": []
    },
    {
        "title": "Spalding Standard Rim",
        "url": "https://www.walmart.com/ip/Spalding-Standard-Rim/34849744",
        "price": "$71.00",
        "stars": "4.4",
        "ratings": "34 ",
        "img": "",
        "tags": [
            [
                "Basketball Equipment",
                "/browse/sports-outdoors/basketball-equipment/4125_4161_4165_1075707"
            ],
            [
                "Lifetime Basketball Hoops",
                "/browse/sports-outdoors/lifetime-basketball-hoops/4125_4161_4165_1566517"
            ],
            [
                "Basketball Accessories",
                "/browse/sports-outdoors/basketball-accessories/4125_4161_4165_164226"
            ],
            [
                "Basketball Hoops & Goals",
                "/browse/sports-outdoors/basketball-hoops-goals/4125_4161_4165_164227"
            ],
            [
                "Basketball Chains",
                "/browse/sports-outdoors/basketball-chains/4125_4161_4165_1659642"
            ],
            [
                "Mini Basketball Hoops",
                "/browse/sports-outdoors/mini-basketball-hoops/4125_4161_4165_2292049"
            ],
            [
                "Basketball Backboards",
                "/browse/sports-outdoors/basketball-backboards/4125_4161_4165_3419389"
            ],
            [
                "Basketball Rims",
                "/browse/sports-outdoors/basketball-rims/4125_4161_4165_9854048"
            ]
        ]
    }
]