[
    {
        "title": "Thigh Master Cushioned Foam- Arm, Leg, Butt Thigh Trimmer Home Gym Fitness Sport Equipment(Anti-slip)",
        "url": "https://www.walmart.com/ip/Thigh-Master-Cushioned-Foam-Arm-Leg-Butt-Thigh-Trimmer-Home-Gym-Fitness-Sport-Equipment-Anti-slip/541107623",
        "price": "$16.99",
        "stars": "3.9",
        "ratings": "21 ",
        "img": "i5.walmartimages.com/asr/a20c49bb-2a8a-4b93-a125-bd9dcc8cfd8f_1.9d49964aafb1c29764f06d8f2734dc52.jpeg?odnWidth=612&odnHeight=612&odnBg=ffffff",
        "tags": [
            [
                "Home Gyms",
                "/browse/sports-outdoors/home-gyms/4125_4134_1026285_2484197_1074328"
            ],
            [
                "Ab Machines",
                "/browse/sports-outdoors/ab-machines/4125_4134_1026285_9642310_1078704"
            ],
            [
                "Men's Waist Trainers",
                "/browse/sports-outdoors/mens-waist-trainers/4125_4134_1078104_9340509_1353234"
            ],
            [
                "Ab Exercisers",
                "/browse/sports-outdoors/ab-exercisers/4125_4134_1026285_9642310_3890420"
            ],
            [
                "Core Trainers",
                "/browse/sports-outdoors/core-trainers/4125_4134_1026285_9642310_4440426"
            ],
            [
                "All Exercise and Fitness Accessories",
                "/browse/sports-outdoors/all-exercise-fitness-accessories/4125_4134_1078104_4524158"
            ],
            [
                "Resistance Tubes",
                "/browse/sports-outdoors/resistance-tubes/4125_4134_1078104_9133250_5121985"
            ],
            [
                "Women's Waist Trainers",
                "/browse/sports-outdoors/womens-waist-trainers/4125_4134_1078104_9340509_5902895"
            ]
        ]
    },
    {
        "title": "Weider Dumbbell Tree Weight Rack with 100 lb. Weight Capacity, Dumbbells Sold Separately",
        "url": "https://www.walmart.com/ip/Weider-Dumbbell-Tree-Weight-Rack-with-100-lb-Weight-Capacity-Dumbbells-Sold-Separately/494038463",
        "price": "$39.97",
        "stars": "1.0",
        "ratings": "2 ",
        "img": "i5.walmartimages.com/asr/d2cb90a6-42e3-422c-ab4f-6776a8717f25.57d19bb88504b01e463514eb5659e2af.jpeg?odnWidth=612&odnHeight=612&odnBg=ffffff",
        "tags": []
    },
    {
        "title": "Lotus Yoga Block, Blue",
        "url": "https://www.walmart.com/ip/Lotus-Yoga-Block-Blue/54193774",
        "price": "$8.50",
        "stars": "4.2",
        "ratings": "20 ",
        "img": "i5.walmartimages.com/asr/110b4f3e-2e46-4851-bc2d-d62830b62165_1.2005816e2444d2ef0c7e815108b263d7.jpeg?odnWidth=612&odnHeight=612&odnBg=ffffff",
        "tags": [
            [
                "Yoga Mats",
                "/browse/sports-outdoors/yoga-mats/4125_4134_1078384_1078386"
            ],
            [
                "Yoga Kits",
                "/browse/sports-outdoors/yoga-kits/4125_4134_1078384_1078388"
            ],
            [
                "Yoga Mat Bags",
                "/browse/sports-outdoors/yoga-mat-bags/4125_4134_1078384_1867162"
            ],
            [
                "Yoga Straps",
                "/browse/sports-outdoors/yoga-straps/4125_4134_1078384_3698093"
            ],
            [
                "Yoga Bolsters",
                "/browse/sports-outdoors/yoga-bolsters/4125_4134_1078384_4692089"
            ],
            [
                "Yoga Socks",
                "/browse/sports-outdoors/yoga-socks/4125_4134_1078384_5701372"
            ],
            [
                "Bikram Yoga",
                "/browse/sports-outdoors/bikram-yoga/4125_4134_1078384_7393034"
            ],
            [
                "Pilates Mats",
                "/browse/sports-outdoors/pilates-mats/4125_4134_2350251_8322693"
            ]
        ]
    },
    {
        "title": "Sunny Health & Fitness SF-B1001 Chain Drive Indoor Cycling Trainer Exercise Bike",
        "url": "https://www.walmart.com/ip/Sunny-Health-Fitness-SF-B1001-Chain-Drive-Indoor-Cycling-Trainer-Exercise-Bike/15636064",
        "price": "$205.97",
        "stars": "4.4",
        "ratings": "126 ",
        "img": "i5.walmartimages.com/asr/74acd92a-a586-4d96-92d7-07dbbcbd26ce_1.db3ae10f814ffd68a4443927b2d7a2d3.jpeg?odnWidth=612&odnHeight=612&odnBg=ffffff",
        "tags": [
            [
                "Office Fitness",
                "/browse/sports-outdoors/office-fitness/4125_4134_4155663"
            ],
            [
                "Schwinn Exercise Bikes",
                "/browse/sports-outdoors/schwinn-exercise-bikes/4125_4134_1074324_6143329_4913989"
            ],
            [
                "Indoor Cycling Bikes",
                "/browse/sports-outdoors/indoor-cycling-bikes/4125_4134_1074324_6143329_7349527"
            ],
            [
                "All Bike Components",
                "/browse/sports-outdoors/all-bike-components/4125_1081404_7650685_7412229"
            ],
            [
                "Bike Seatposts",
                "/browse/sports-outdoors/bike-seatposts/4125_1081404_7650685_4361645_7586231"
            ],
            [
                "Gym Flooring",
                "/browse/sports-outdoors/gym-flooring/4125_4134_1026285_2484197_8192651"
            ],
            [
                "Recumbent Exercise Bikes",
                "/browse/sports-outdoors/recumbent-exercise-bikes/4125_4134_1074324_6143329_8446798"
            ],
            [
                "Upright Exercise Bikes",
                "/browse/sports-outdoors/upright-exercise-bikes/4125_4134_1074324_6143329_9467098"
            ]
        ]
    },
    {
        "title": "Gold\u2019s Gym Men\u2019s Tacky Workout Gloves, XS/S",
        "url": "https://www.walmart.com/ip/Gold-s-Gym-Men-s-Tacky-Workout-Gloves-XS-S/243882827",
        "price": "$8.23",
        "stars": "4.5",
        "ratings": "15 ",
        "img": "i5.walmartimages.com/asr/fd44d4f7-44cc-46ca-9dae-65f7c1ef6e23_1.705e290b3ab072c060b498b26589e125.jpeg?odnWidth=612&odnHeight=612&odnBg=ffffff",
        "tags": [
            [
                "Sports Equipment Fan Shop",
                "/browse/sports-outdoors/sports-equipment-fan-shop/4125_1063984_1064023_1064047"
            ],
            [
                "Weight Training Accessories",
                "/browse/sports-outdoors/weight-training-accessories/4125_4134_1026285_7482840_1074344"
            ],
            [
                "Golf Gloves",
                "/browse/sports-outdoors/golf-gloves/4125_4161_4152_1075726_1075668"
            ],
            [
                "Ankle Weights",
                "/browse/sports-outdoors/ankle-weights/4125_4134_1078104_1078289"
            ],
            [
                "Bike Gloves",
                "/browse/sports-outdoors/bike-gloves/4125_1081404_7258752_1475173"
            ],
            [
                "CrossFit Training",
                "/browse/sports-outdoors/crossfit-training/4125_4134_2760213_3257386"
            ],
            [
                "All Exercise and Fitness Accessories",
                "/browse/sports-outdoors/all-exercise-fitness-accessories/4125_4134_1078104_4524158"
            ],
            [
                "Weight Lifting Belts",
                "/browse/sports-outdoors/weight-lifting-belts/4125_4134_1026285_7482840_9003670"
            ]
        ]
    },
    {
        "title": "Black Mountain Products Hand Therapy Ball, Blue",
        "url": "https://www.walmart.com/ip/Black-Mountain-Products-Hand-Therapy-Ball-Blue/143512566",
        "price": "$4.50",
        "stars": "4.1",
        "ratings": "8 ",
        "img": "i5.walmartimages.com/asr/aac0370b-eadb-4feb-818e-fc81f92bce27_1.c891ce952a3dcf98b4b09cd829e97b2b.jpeg?odnWidth=612&odnHeight=612&odnBg=ffffff",
        "tags": [
            [
                "Exercise Balls",
                "/browse/sports-outdoors/exercise-balls/4125_4134_1078104_1078124"
            ],
            [
                "Savings on Fitness Accessories",
                "/browse/sports-outdoors/savings-fitness-accessories/4125_4122780_1422465"
            ],
            [
                "Hand Grippers",
                "/browse/sports-outdoors/hand-grippers/4125_4134_1026285_7482840_1830719"
            ],
            [
                "Massage Balls",
                "/browse/sports-outdoors/massage-balls/4125_4134_3523130_8200402_2526271"
            ],
            [
                "CrossFit Training",
                "/browse/sports-outdoors/crossfit-training/4125_4134_2760213_3257386"
            ],
            [
                "Office Fitness",
                "/browse/sports-outdoors/office-fitness/4125_4134_4155663"
            ],
            [
                "All Exercise and Fitness Accessories",
                "/browse/sports-outdoors/all-exercise-fitness-accessories/4125_4134_1078104_4524158"
            ],
            [
                "Foam Rollers",
                "/browse/sports-outdoors/foam-rollers/4125_4134_3523130_7096475"
            ]
        ]
    },
    {
        "title": "Black Mountain Products Peanut Stability Ball with Pump 1000lb Static Weight Capacity, Purple",
        "url": "https://www.walmart.com/ip/Black-Mountain-Products-Peanut-Stability-Ball-with-Pump-1000lb-Static-Weight-Capacity-Purple/138469117",
        "price": "$25.32",
        "stars": "4.7",
        "ratings": "15 ",
        "img": "i5.walmartimages.com/asr/8c9bd73c-68df-47dc-a01c-062488e35a2d_1.2404eb7ae64f6e83fdf442e4ce041e00.jpeg?odnWidth=612&odnHeight=612&odnBg=ffffff",
        "tags": [
            [
                "Savings on Fitness Accessories",
                "/browse/sports-outdoors/savings-fitness-accessories/4125_4122780_1422465"
            ],
            [
                "Balance Trainers",
                "/browse/sports-outdoors/balance-trainers/4125_4134_1078104_2513029"
            ],
            [
                "Massage Balls",
                "/browse/sports-outdoors/massage-balls/4125_4134_3523130_8200402_2526271"
            ],
            [
                "Medicine Balls",
                "/browse/sports-outdoors/medicine-balls/4125_4134_1078104_3080353"
            ],
            [
                "Ball Chairs",
                "/browse/sports-outdoors/ball-chairs/4125_4134_1078104_3155904"
            ],
            [
                "Office Fitness",
                "/browse/sports-outdoors/office-fitness/4125_4134_4155663"
            ],
            [
                "All Exercise and Fitness Accessories",
                "/browse/sports-outdoors/all-exercise-fitness-accessories/4125_4134_1078104_4524158"
            ],
            [
                "Balance Boards",
                "/browse/sports-outdoors/balance-boards/4125_4134_1078104_8793836"
            ]
        ]
    },
    {
        "title": "Saloniture 3-Piece Microfiber Massage Table Sheet Set - Premium Facial Bed Cover - Includes Flat and Fitted Sheets with Face Cradle Cover - Multiple Colors",
        "url": "https://www.walmart.com/ip/Saloniture-3-Piece-Microfiber-Massage-Table-Sheet-Set-Premium-Facial-Bed-Cover-Includes-Flat-Fitted-Sheets-Face-Cradle-Multiple-Colors/554010508",
        "price": "$19.99",
        "stars": "4.4",
        "ratings": "14 ",
        "img": "i5.walmartimages.com/asr/9ad93660-a0f1-4b77-a2f5-6a9ed77812df_1.840bead4670a0a0f148f3e0e8eb9fbd2.jpeg?odnWidth=612&odnHeight=612&odnBg=ffffff",
        "tags": [
            [
                "Massage Bolsters",
                "/browse/sports-outdoors/massage-bolsters/4125_4134_3523130_9362276_1376454"
            ],
            [
                "Minnesota Golden Gophers Kids",
                "/browse/sports-outdoors/minnesota-golden-gophers-kids/4125_1063984_1064346_5973475_3252689"
            ],
            [
                "Massage Table Warmers",
                "/browse/sports-outdoors/massage-table-warmers/4125_4134_3523130_9362276_3885778"
            ],
            [
                "Portable Massage Chairs",
                "/browse/sports-outdoors/portable-massage-chairs/4125_4134_3523130_9362276_4278917"
            ],
            [
                "Emergency Preparedness",
                "/browse/sports-outdoors/emergency-preparedness/4125_546956_4128_605286"
            ],
            [
                "Portable Massage Tables",
                "/browse/sports-outdoors/portable-massage-tables/4125_4134_3523130_9362276_7801551"
            ],
            [
                "Massage Accessories",
                "/browse/sports-outdoors/massage-accessories/4125_4134_3523130_9362276_8508614"
            ],
            [
                "Oregon Ducks Kids",
                "/browse/sports-outdoors/oregon-ducks-kids/4125_1063984_1064346_7065213_8935498"
            ]
        ]
    },
    {
        "title": "USB Rechargeable Muscle Stimulator, Muscle Training Gear Abdominal Trainer Body Home Exercise Shape Fitness",
        "url": "https://www.walmart.com/ip/USB-Rechargeable-Muscle-Stimulator-Muscle-Training-Gear-Abdominal-Trainer-Body-Home-Exercise-Shape-Fitness/369229648",
        "price": "$14.99",
        "stars": "3.7",
        "ratings": "14 ",
        "img": "i5.walmartimages.com/asr/f08eb130-4876-4bde-adff-83ee1b852121_1.de2dc08fce6cffb5ba44e97ffac5ea24.jpeg?odnWidth=612&odnHeight=612&odnBg=ffffff",
        "tags": [
            [
                "Gymnastics",
                "/browse/sports-outdoors/gymnastics/4125_4161_1043946"
            ],
            [
                "Home Gyms",
                "/browse/sports-outdoors/home-gyms/4125_4134_1026285_2484197_1074328"
            ],
            [
                "Ab Stimulators & Belts",
                "/browse/sports-outdoors/ab-stimulators-belts/4125_4134_1026285_9642310_2441788"
            ],
            [
                "Ab Rollers",
                "/browse/sports-outdoors/ab-rollers/4125_4134_1026285_9642310_3084317"
            ],
            [
                "Ab Exercisers",
                "/browse/sports-outdoors/ab-exercisers/4125_4134_1026285_9642310_3890420"
            ],
            [
                "Core Trainers",
                "/browse/sports-outdoors/core-trainers/4125_4134_1026285_9642310_4440426"
            ],
            [
                "All Exercise and Fitness Accessories",
                "/browse/sports-outdoors/all-exercise-fitness-accessories/4125_4134_1078104_4524158"
            ],
            [
                "Battle Ropes",
                "/browse/sports-outdoors/battle-ropes/4125_4134_2760213_6416684"
            ]
        ]
    },
    {
        "title": "Zeny Black 1.5\"/ 2\" Width Poly Dacron 30/40/50ft Length Battle Rope Workout Training Undulation Rope Fitness Rope Exercise",
        "url": "https://www.walmart.com/ip/Zeny-Black-1-5-2-Width-Poly-Dacron-30-40-50ft-Length-Battle-Rope-Workout-Training-Undulation-Rope-Fitness-Rope-Exercise/985322741",
        "price": "$46.99",
        "stars": "4.9",
        "ratings": "24 ",
        "img": "",
        "tags": [
            [
                "Exercise Balls",
                "/browse/sports-outdoors/exercise-balls/4125_4134_1078104_1078124"
            ],
            [
                "Jump Ropes",
                "/browse/sports-outdoors/jump-ropes/4125_4134_1078104_1078147"
            ],
            [
                "Ab Machines",
                "/browse/sports-outdoors/ab-machines/4125_4134_1026285_9642310_1078704"
            ],
            [
                "Medicine Balls",
                "/browse/sports-outdoors/medicine-balls/4125_4134_1078104_3080353"
            ],
            [
                "CrossFit Training",
                "/browse/sports-outdoors/crossfit-training/4125_4134_2760213_3257386"
            ],
            [
                "Battle Ropes",
                "/browse/sports-outdoors/battle-ropes/4125_4134_2760213_6416684"
            ],
            [
                "Slam Balls",
                "/browse/sports-outdoors/slam-balls/4125_4134_1078104_7682597"
            ],
            [
                "Workout Weights",
                "/browse/sports-outdoors/workout-weights/4125_4134_1026285_1078284_9644039"
            ]
        ]
    }
]