[
    {
        "title": "Spalding NBA Super Tack Pro Indoor/ Outdoor Basketball",
        "url": "https://www.walmart.com/ip/Spalding-NBA-Super-Tack-Pro-Indoor-Outdoor-Basketball/864231503",
        "price": "$14.96",
        "stars": "4.3",
        "ratings": "147 ",
        "img": "i5.walmartimages.com/asr/264a06ac-9f8c-41bd-9c9c-543cf0d9af1e_4.2c927f2ae3004c201a5fb0ef9f71cc23.jpeg?odnWidth=612&odnHeight=612&odnBg=ffffff",
        "tags": [
            [
                "Indoor Basketballs",
                "/browse/sports-outdoors/indoor-basketballs/4125_4161_4165_2301197"
            ],
            [
                "Youth Basketballs",
                "/browse/sports-outdoors/youth-basketballs/4125_4161_4165_3481911"
            ],
            [
                "Kids Basketballs",
                "/browse/sports-outdoors/kids-basketballs/4125_4161_4165_4999396"
            ],
            [
                "NCAA Basketballs",
                "/browse/sports-outdoors/ncaa-basketballs/4125_4161_4165_6230229"
            ],
            [
                "Outdoor Basketballs",
                "/browse/sports-outdoors/outdoor-basketballs/4125_4161_4165_6775859"
            ],
            [
                "NBA Basketballs",
                "/browse/sports-outdoors/nba-basketballs/4125_4161_4165_7443009"
            ],
            [
                "Womens Basketballs",
                "/browse/sports-outdoors/womens-basketballs/4125_4161_4165_8432455"
            ],
            [
                "Spalding Basketballs",
                "/browse/sports-outdoors/spalding-basketballs/4125_4161_4165_9286999"
            ]
        ]
    },
    {
        "title": "Funko POP! NBA: Bulls - Michael Jordan",
        "url": "https://www.walmart.com/ip/Funko-POP-NBA-Bulls-Michael-Jordan/828018934",
        "price": "$11.99",
        "stars": "4.8",
        "ratings": "23 ",
        "img": "i5.walmartimages.com/asr/5725aeaa-e0ca-4410-a71f-27316a695722_1.20e57e486352fa762346201955d2594b.png?odnWidth=612&odnHeight=612&odnBg=ffffff",
        "tags": [
            [
                "Toys & Games Fan Shop",
                "/browse/sports-outdoors/toys-games-fan-shop/4125_1063984_1064124"
            ],
            [
                "North Carolina Tar Heels Accessories",
                "/browse/sports-outdoors/north-carolina-tar-heels-accessories/4125_1063984_1064346_9208870_1756230"
            ],
            [
                "Chicago Bulls",
                "/browse/sports-outdoors/chicago-bulls/4125_1063984_1064345_3289572"
            ],
            [
                "Chicago Bulls Mens",
                "/browse/sports-outdoors/chicago-bulls-mens/4125_1063984_1064345_7574932_3556859"
            ],
            [
                "NCAA Accessories",
                "/browse/sports-outdoors/ncaa-accessories/4125_1063984_1064346_3814509"
            ],
            [
                "LeBron James Jerseys & Gear",
                "/browse/sports-outdoors/lebron-james-jerseys-gear/4125_1063984_1064345_7112196"
            ],
            [
                "North Carolina Tar Heels",
                "/browse/sports-outdoors/north-carolina-tar-heels/4125_1063984_1064346_8205773"
            ],
            [
                "Chicago Bulls T-Shirts",
                "/browse/sports-outdoors/chicago-bulls-t-shirts/4125_1063984_1064345_7574932_8742324"
            ]
        ]
    },
    {
        "title": "NFL Dallas Cowboys Bed In Bag Set",
        "url": "https://www.walmart.com/ip/NFL-Dallas-Cowboys-Bed-In-Bag-Set/266856962",
        "price": "$59.99",
        "stars": "4.8",
        "ratings": "62 ",
        "img": "i5.walmartimages.com/asr/d954ef41-dbd2-461f-870c-9a481be0d727_7.939499ab958fb626a886f7b3f6fd19df.jpeg?odnWidth=612&odnHeight=612&odnBg=ffffff",
        "tags": [
            [
                "Bath Fan Shop",
                "/browse/sports-outdoors/bath-fan-shop/4125_1063984_1063994_1063995"
            ],
            [
                "Bedding Fan Shop",
                "/browse/sports-outdoors/bedding-fan-shop/4125_1063984_1063994_1064004"
            ],
            [
                "Dallas Cowboys Bath & Kitchen",
                "/browse/sports-outdoors/dallas-cowboys-bath-kitchen/4125_1063984_1423455_5722514_3444383"
            ],
            [
                "Fan Shop Throw Blankets",
                "/browse/sports-outdoors/fan-shop-throw-blankets/4125_1063984_1063994_4277922"
            ],
            [
                "NFL Accessories",
                "/browse/sports-outdoors/nfl-accessories/4125_1063984_1423455_5244236"
            ],
            [
                "Dallas Cowboys Team Shop",
                "/browse/sports-outdoors/dallas-cowboys-team-shop/4125_1063984_1423455_5722514_6544512"
            ],
            [
                "Dallas Cowboys Accessories",
                "/browse/sports-outdoors/dallas-cowboys-accessories/4125_1063984_1423455_5722514_6614107"
            ],
            [
                "Dallas Cowboys Bedding & Blankets",
                "/browse/sports-outdoors/dallas-cowboys-bedding-blankets/4125_1063984_1423455_5722514_9310323"
            ]
        ]
    },
    {
        "title": "NFL Pittsburgh Steelers Bed In Bag Set",
        "url": "https://www.walmart.com/ip/NFL-Pittsburgh-Steelers-Bed-In-Bag-Set/270259180",
        "price": "$47.99",
        "stars": "4.6",
        "ratings": "52 ",
        "img": "i5.walmartimages.com/asr/18d71f87-ded8-4880-83b7-4cbb3ceecc26_6.e3b2b829e2e375698fd98b99cb601d9f.jpeg?odnWidth=612&odnHeight=612&odnBg=ffffff",
        "tags": [
            [
                "Bath Fan Shop",
                "/browse/sports-outdoors/bath-fan-shop/4125_1063984_1063994_1063995"
            ],
            [
                "Bedding Fan Shop",
                "/browse/sports-outdoors/bedding-fan-shop/4125_1063984_1063994_1064004"
            ],
            [
                "Fan Shop Throw Blankets",
                "/browse/sports-outdoors/fan-shop-throw-blankets/4125_1063984_1063994_4277922"
            ],
            [
                "NFL Accessories",
                "/browse/sports-outdoors/nfl-accessories/4125_1063984_1423455_5244236"
            ],
            [
                "Pittsburgh Steelers Team Shop",
                "/browse/sports-outdoors/pittsburgh-steelers-team-shop/4125_1063984_1423455_5521520_5288523"
            ],
            [
                "NFL Bedding",
                "/browse/sports-outdoors/nfl-bedding/4125_1063984_1423455_7374764"
            ],
            [
                "Pittsburgh Steelers Bath & Kitchen",
                "/browse/sports-outdoors/pittsburgh-steelers-bath-kitchen/4125_1063984_1423455_5521520_7558313"
            ],
            [
                "Pittsburgh Steelers Accessories",
                "/browse/sports-outdoors/pittsburgh-steelers-accessories/4125_1063984_1423455_5521520_8724897"
            ]
        ]
    },
    {
        "title": "Fan Favorite MLB New York Yankees Basic Cap / Hat",
        "url": "https://www.walmart.com/ip/Fan-Favorite-MLB-New-York-Yankees-Basic-Cap-Hat/48809396",
        "price": "$10.42",
        "stars": "4.9",
        "ratings": "18 ",
        "img": "i5.walmartimages.com/asr/5145b2a0-d651-4e6f-93bc-82d6231a69ad_1.e24f04f5aac30d74385f92746b06c5b7.jpeg?odnWidth=612&odnHeight=612&odnBg=ffffff",
        "tags": [
            [
                "MLB Hats",
                "/browse/sports-outdoors/mlb-hats/4125_1063984_1064344_3973317_2063129"
            ],
            [
                "New York Yankees Womens",
                "/browse/sports-outdoors/new-york-yankees-womens/4125_1063984_1064344_4910567_2438976"
            ],
            [
                "Shop All New York Yankees",
                "/browse/sports-outdoors/shop-all-new-york-yankees/4125_1063984_1064344_4910567_4813799"
            ],
            [
                "New York Yankees Mens",
                "/browse/sports-outdoors/new-york-yankees-mens/4125_1063984_1064344_4910567_5949995"
            ],
            [
                "MLB Summer Styles",
                "/browse/sports-outdoors/mlb-summer-styles/4125_1063984_1064344_3973317_6971514"
            ],
            [
                "New York Mets T-Shirts",
                "/browse/sports-outdoors/new-york-mets-t-shirts/4125_1063984_1064344_9052234_7082628"
            ],
            [
                "Fan Shop Americana",
                "/browse/sports-outdoors/fan-shop-americana/4125_1063984_2505429_7098318"
            ],
            [
                "Hats Fan Shop",
                "/browse/sports-outdoors/hats-fan-shop/4125_1063984_1063985_8930312"
            ]
        ]
    },
    {
        "title": "NFL Las Vegas Raiders Bed In Bag Set",
        "url": "https://www.walmart.com/ip/NFL-Las-Vegas-Raiders-Bed-In-Bag-Set/875947587",
        "price": "$79.98",
        "stars": "3.9",
        "ratings": "11 ",
        "img": "i5.walmartimages.com/asr/f1e3d191-8cc0-45a1-b902-4337c8ff5f71_7.8c7e2e2bc9e17db098d755db290ca294.jpeg?odnWidth=612&odnHeight=612&odnBg=ffffff",
        "tags": [
            [
                "Bath Fan Shop",
                "/browse/sports-outdoors/bath-fan-shop/4125_1063984_1063994_1063995"
            ],
            [
                "Bedding Fan Shop",
                "/browse/sports-outdoors/bedding-fan-shop/4125_1063984_1063994_1064004"
            ],
            [
                "Las Vegas Raiders Mens",
                "/browse/sports-outdoors/las-vegas-raiders-mens/4125_1063984_1423455_9617689_1982206"
            ],
            [
                "Las Vegas Raiders Bath & Kitchen",
                "/browse/sports-outdoors/las-vegas-raiders-bath-kitchen/4125_1063984_1423455_9617689_2189547"
            ],
            [
                "NFL Bedding",
                "/browse/sports-outdoors/nfl-bedding/4125_1063984_1423455_7374764"
            ],
            [
                "Las Vegas Raiders T-Shirts",
                "/browse/sports-outdoors/las-vegas-raiders-t-shirts/4125_1063984_1423455_9617689_7711056"
            ],
            [
                "Las Vegas Raiders Team Shop",
                "/browse/sports-outdoors/las-vegas-raiders-team-shop/4125_1063984_1423455_9617689_7803611"
            ],
            [
                "Las Vegas Raiders Kids",
                "/browse/sports-outdoors/las-vegas-raiders-kids/4125_1063984_1423455_9617689_8638453"
            ]
        ]
    },
    {
        "title": "Fan Favorite Boston Red Sox '47 Basic Adjustable Hat - Navy - OSFA",
        "url": "https://www.walmart.com/ip/Fan-Favorite-Boston-Red-Sox-47-Basic-Adjustable-Hat-Navy-OSFA/48809382",
        "price": "$10.42",
        "stars": "5.0",
        "ratings": "24 ",
        "img": "i5.walmartimages.com/asr/1fddc37a-fb94-42ed-a5b9-e24eff1e63a0_1.c87273398a1347484810e020eefc9fce.jpeg?odnWidth=612&odnHeight=612&odnBg=ffffff",
        "tags": [
            [
                "MLB Hats",
                "/browse/sports-outdoors/mlb-hats/4125_1063984_1064344_3973317_2063129"
            ],
            [
                "Boston Red Sox Hats",
                "/browse/sports-outdoors/boston-red-sox-hats/4125_1063984_1064344_2222818_4465471"
            ],
            [
                "Boston Red Sox Womens",
                "/browse/sports-outdoors/boston-red-sox-womens/4125_1063984_1064344_2222818_5069630"
            ],
            [
                "Boston Red Sox T-Shirts",
                "/browse/sports-outdoors/boston-red-sox-t-shirts/4125_1063984_1064344_2222818_6423618"
            ],
            [
                "Shop All Boston Red Sox",
                "/browse/sports-outdoors/shop-all-boston-red-sox/4125_1063984_1064344_2222818_6968480"
            ],
            [
                "MLB Summer Styles",
                "/browse/sports-outdoors/mlb-summer-styles/4125_1063984_1064344_3973317_6971514"
            ],
            [
                "Fan Shop Father's Day",
                "/browse/sports-outdoors/fan-shop-fathers-day/4125_1063984_2505429_8450676"
            ],
            [
                "Hats Fan Shop",
                "/browse/sports-outdoors/hats-fan-shop/4125_1063984_1063985_8930312"
            ]
        ]
    },
    {
        "title": "Philadelphia Eagles Bed In Bag Set",
        "url": "https://www.walmart.com/ip/Philadelphia-Eagles-Bed-In-Bag-Set/379310600",
        "price": "$79.99",
        "stars": "4.5",
        "ratings": "11 ",
        "img": "i5.walmartimages.com/asr/8eedbe11-30d8-4c29-9b82-d399e1dd182f_7.8e502b164f675103ff1661b486adefd9.jpeg?odnWidth=612&odnHeight=612&odnBg=ffffff",
        "tags": [
            [
                "Bath Fan Shop",
                "/browse/sports-outdoors/bath-fan-shop/4125_1063984_1063994_1063995"
            ],
            [
                "Bedding Fan Shop",
                "/browse/sports-outdoors/bedding-fan-shop/4125_1063984_1063994_1064004"
            ],
            [
                "NFL Accessories",
                "/browse/sports-outdoors/nfl-accessories/4125_1063984_1423455_5244236"
            ],
            [
                "Philadelphia Eagles Bath & Kitchen",
                "/browse/sports-outdoors/philadelphia-eagles-bath-kitchen/4125_1063984_1423455_4078974_5869118"
            ],
            [
                "Philadelphia Eagles Team Shop",
                "/browse/sports-outdoors/philadelphia-eagles-team-shop/4125_1063984_1423455_4078974_5909244"
            ],
            [
                "New York Giants Team Shop",
                "/browse/sports-outdoors/new-york-giants-team-shop/4125_1063984_1423455_8316456_6030075"
            ],
            [
                "Philadelphia Eagles Bedding & Blankets",
                "/browse/sports-outdoors/philadelphia-eagles-bedding-blankets/4125_1063984_1423455_4078974_8052632"
            ],
            [
                "New York Giants Bedding & Blankets",
                "/browse/sports-outdoors/new-york-giants-bedding-blankets/4125_1063984_1423455_8316456_9426643"
            ]
        ]
    },
    {
        "title": "NFL New York Giants Bed In Bag Set",
        "url": "https://www.walmart.com/ip/NFL-New-York-Giants-Bed-In-Bag-Set/383376811",
        "price": "$59.99",
        "stars": "4.5",
        "ratings": "14 ",
        "img": "i5.walmartimages.com/asr/bcf3d0a7-1ba9-4bef-b440-2d60fbe9053f_6.cc98c47071f5c661a6ab3d496f85c17e.jpeg?odnWidth=612&odnHeight=612&odnBg=ffffff",
        "tags": [
            [
                "Bath Fan Shop",
                "/browse/sports-outdoors/bath-fan-shop/4125_1063984_1063994_1063995"
            ],
            [
                "Bedding Fan Shop",
                "/browse/sports-outdoors/bedding-fan-shop/4125_1063984_1063994_1064004"
            ],
            [
                "NBA Bedding",
                "/browse/sports-outdoors/nba-bedding/4125_1063984_1064345_2831174"
            ],
            [
                "New York Giants Bath & Kitchen",
                "/browse/sports-outdoors/new-york-giants-bath-kitchen/4125_1063984_1423455_8316456_4067215"
            ],
            [
                "MLB Back to School",
                "/browse/sports-outdoors/mlb-back-to-school/4125_1063984_1064344_3973317_4695474"
            ],
            [
                "New York Giants Team Shop",
                "/browse/sports-outdoors/new-york-giants-team-shop/4125_1063984_1423455_8316456_6030075"
            ],
            [
                "MLB Home",
                "/browse/sports-outdoors/mlb-home/4125_1063984_1064344_3973317_7708333"
            ],
            [
                "New York Giants Bedding & Blankets",
                "/browse/sports-outdoors/new-york-giants-bedding-blankets/4125_1063984_1423455_8316456_9426643"
            ]
        ]
    },
    {
        "title": "NFL Seattle Seahawks Bed in a Bag Complete Bedding Set",
        "url": "https://www.walmart.com/ip/NFL-Seattle-Seahawks-Bed-in-a-Bag-Complete-Bedding-Set/217730581",
        "price": "$66.46",
        "stars": "3.4",
        "ratings": "16 ",
        "img": "",
        "tags": [
            [
                "Bedding Fan Shop",
                "/browse/sports-outdoors/bedding-fan-shop/4125_1063984_1063994_1064004"
            ],
            [
                "Fan Shop Throw Blankets",
                "/browse/sports-outdoors/fan-shop-throw-blankets/4125_1063984_1063994_4277922"
            ],
            [
                "Seattle Seahawks Team Shop",
                "/browse/sports-outdoors/seattle-seahawks-team-shop/4125_1063984_1423455_8134962_4334605"
            ],
            [
                "NFL Accessories",
                "/browse/sports-outdoors/nfl-accessories/4125_1063984_1423455_5244236"
            ],
            [
                "Seattle Seahawks Accessories",
                "/browse/sports-outdoors/seattle-seahawks-accessories/4125_1063984_1423455_8134962_5980142"
            ],
            [
                "Seattle Seahawks Bath & Kitchen",
                "/browse/sports-outdoors/seattle-seahawks-bath-kitchen/4125_1063984_1423455_8134962_6107509"
            ],
            [
                "Dallas Cowboys Team Shop",
                "/browse/sports-outdoors/dallas-cowboys-team-shop/4125_1063984_1423455_5722514_6544512"
            ],
            [
                "NFL Bedding",
                "/browse/sports-outdoors/nfl-bedding/4125_1063984_1423455_7374764"
            ]
        ]
    }
]