[
    {
        "title": "NHL Chicago Blackhawks Shower Curtain Ring Set, 1 Each",
        "url": "https://www.walmart.com/ip/NHL-Chicago-Blackhawks-Shower-Curtain-Ring-Set-1-Each/54189599",
        "price": "$12.88",
        "stars": "5.0",
        "ratings": "1 ",
        "img": "i5.walmartimages.com/asr/cbe9f2c9-b20b-453e-915b-65cae4ad7504.d09577051f005f09f96e198e02917590.jpeg?odnWidth=612&odnHeight=612&odnBg=ffffff",
        "tags": [
            [
                "Bath Fan Shop",
                "/browse/sports-outdoors/bath-fan-shop/4125_1063984_1063994_1063995"
            ],
            [
                "Chicago Blackhawks",
                "/browse/sports-outdoors/chicago-blackhawks/4125_1063984_1064348_3287878_2035444"
            ],
            [
                "Penn State Nittany Lions Bath & Kitchen",
                "/browse/sports-outdoors/penn-state-nittany-lions-bath-kitchen/4125_1063984_1064346_9927457_2316320"
            ],
            [
                "Carolina Panthers Team Shop",
                "/browse/sports-outdoors/carolina-panthers-team-shop/4125_1063984_1423455_8038602_2761353"
            ],
            [
                "Dallas Cowboys Bath & Kitchen",
                "/browse/sports-outdoors/dallas-cowboys-bath-kitchen/4125_1063984_1423455_5722514_3444383"
            ],
            [
                "Penn State Nittany Lions",
                "/browse/sports-outdoors/penn-state-nittany-lions/4125_1063984_1064346_3652165"
            ],
            [
                "Carolina Panthers Bath & Kitchen",
                "/browse/sports-outdoors/carolina-panthers-bath-kitchen/4125_1063984_1423455_8038602_5798639"
            ],
            [
                "Los Angeles Lakers Bath & Kitchen",
                "/browse/sports-outdoors/los-angeles-lakers-bath-kitchen/4125_1063984_1064345_3785455_8909813"
            ]
        ]
    },
    {
        "title": "Green Bay Packers Breakaway Lanyard - Green",
        "url": "https://www.walmart.com/ip/Green-Bay-Packers-Breakaway-Lanyard-Green/202195960",
        "price": "$6.39",
        "stars": 0,
        "ratings": 0,
        "img": "i5.walmartimages.com/asr/60a10c01-85f8-445c-86bc-050b403eea2e.1fcc7cb23cbd0cc443dea66b3429561f.jpeg?odnWidth=612&odnHeight=612&odnBg=ffffff",
        "tags": [
            [
                "Accessories Fan Shop",
                "/browse/sports-outdoors/accessories-fan-shop/4125_1063984_1063985_1063987"
            ],
            [
                "Golf Club Covers",
                "/browse/sports-outdoors/golf-club-covers/4125_4161_4152_4081667"
            ],
            [
                "New England Patriots Hats",
                "/browse/sports-outdoors/new-england-patriots-hats/4125_1063984_1423455_3142048_5135606"
            ],
            [
                "NFL Hats",
                "/browse/sports-outdoors/nfl-hats/4125_1063984_1423455_6365599"
            ],
            [
                "Dallas Cowboys Team Shop",
                "/browse/sports-outdoors/dallas-cowboys-team-shop/4125_1063984_1423455_5722514_6544512"
            ],
            [
                "Dallas Cowboys Accessories",
                "/browse/sports-outdoors/dallas-cowboys-accessories/4125_1063984_1423455_5722514_6614107"
            ],
            [
                "Golf Headcovers",
                "/browse/sports-outdoors/golf-headcovers/4125_4161_4152_7476130"
            ],
            [
                "Hats Fan Shop",
                "/browse/sports-outdoors/hats-fan-shop/4125_1063984_1063985_8930312"
            ]
        ]
    },
    {
        "title": "Alabama Crimson Tide RTR Long Sleeve T-Shirt - Crimson",
        "url": "https://www.walmart.com/ip/Alabama-Crimson-Tide-RTR-Long-Sleeve-T-Shirt-Crimson/909171954",
        "price": "$19.99",
        "stars": 0,
        "ratings": 0,
        "img": "i5.walmartimages.com/asr/132fe15b-e0cc-438b-8a71-0c919b053ea2.7210f6f931afc612bc237811a1c8ae4c.jpeg?odnWidth=612&odnHeight=612&odnBg=ffffff",
        "tags": [
            [
                "Alabama Crimson Tide",
                "/browse/sports-outdoors/alabama-crimson-tide/4125_1063984_1064346_4840714_1237539"
            ],
            [
                "NCAA Mens",
                "/browse/sports-outdoors/ncaa-mens/4125_1063984_1064346_3376725"
            ],
            [
                "NCAA T-Shirts",
                "/browse/sports-outdoors/ncaa-t-shirts/4125_1063984_1064346_3545302"
            ],
            [
                "Alabama Crimson Tide Mens",
                "/browse/sports-outdoors/alabama-crimson-tide-mens/4125_1063984_1064346_4840714_4560691"
            ],
            [
                "NCAA Womens",
                "/browse/sports-outdoors/ncaa-womens/4125_1063984_1064346_4898248"
            ],
            [
                "Alabama Crimson Tide Womens",
                "/browse/sports-outdoors/alabama-crimson-tide-womens/4125_1063984_1064346_4840714_9346275"
            ],
            [
                "Walmart NCAA Collection",
                "/browse/sports-outdoors/walmart-ncaa-collection/4125_1063984_1064346_9619761"
            ],
            [
                "Alabama Crimson Tide Kids",
                "/browse/sports-outdoors/alabama-crimson-tide-kids/4125_1063984_1064346_4840714_9722243"
            ]
        ]
    },
    {
        "title": "New Orleans Saints The Northwest Company 50'' x 60'' Split Wide Fleece Throw Blanket - No Size",
        "url": "https://www.walmart.com/ip/New-Orleans-Saints-The-Northwest-Company-50-x-60-Split-Wide-Fleece-Throw-Blanket-No-Size/542616301",
        "price": "$14.99",
        "stars": 0,
        "ratings": 0,
        "img": "i5.walmartimages.com/asr/65d650c0-586c-4fa4-911c-4c0736b040c5.571a2f80ff5a1d2c4582eb89cc03f8d5.jpeg?odnWidth=612&odnHeight=612&odnBg=ffffff",
        "tags": []
    },
    {
        "title": "Women's Russell Athletic Heathered Crimson Alabama Crimson Tide Yoke Tunic Long Sleeve T-Shirt",
        "url": "https://www.walmart.com/ip/Women-s-Russell-Athletic-Heathered-Crimson-Alabama-Crimson-Tide-Yoke-Tunic-Long-Sleeve-T-Shirt/211992679",
        "price": "$22.88",
        "stars": 0,
        "ratings": 0,
        "img": "i5.walmartimages.com/asr/4f3adf8e-5681-40f9-b65f-fdf505f7d52e.4787046131dbe302796012b393d551ae.jpeg?odnWidth=612&odnHeight=612&odnBg=ffffff",
        "tags": [
            [
                "Alabama Crimson Tide",
                "/browse/sports-outdoors/alabama-crimson-tide/4125_1063984_1064346_4840714_1237539"
            ],
            [
                "NCAA Kids",
                "/browse/sports-outdoors/ncaa-kids/4125_1063984_1064346_3602473"
            ],
            [
                "Alabama Crimson Tide Mens",
                "/browse/sports-outdoors/alabama-crimson-tide-mens/4125_1063984_1064346_4840714_4560691"
            ],
            [
                "NCAA Womens",
                "/browse/sports-outdoors/ncaa-womens/4125_1063984_1064346_4898248"
            ],
            [
                "Michigan Wolverines T-Shirts",
                "/browse/sports-outdoors/michigan-wolverines-t-shirts/4125_1063984_1064346_5512061_6430733"
            ],
            [
                "Alabama Crimson Tide Womens",
                "/browse/sports-outdoors/alabama-crimson-tide-womens/4125_1063984_1064346_4840714_9346275"
            ],
            [
                "Walmart NCAA Collection",
                "/browse/sports-outdoors/walmart-ncaa-collection/4125_1063984_1064346_9619761"
            ],
            [
                "Alabama Crimson Tide Kids",
                "/browse/sports-outdoors/alabama-crimson-tide-kids/4125_1063984_1064346_4840714_9722243"
            ]
        ]
    },
    {
        "title": "Houston Astros Fanatics Branded Women's Diva Jersey V-Neck T-Shirt - Navy",
        "url": "https://www.walmart.com/ip/Houston-Astros-Fanatics-Branded-Women-s-Diva-Jersey-V-Neck-T-Shirt-Navy/329421978",
        "price": "$22.88",
        "stars": 0,
        "ratings": 0,
        "img": "i5.walmartimages.com/asr/bb568865-35eb-4e51-a924-c602bc244d69.eb57a06f3b2b0328b2741bafdd9429d4.jpeg?odnWidth=612&odnHeight=612&odnBg=ffffff",
        "tags": [
            [
                "Shop All Houston Astros",
                "/browse/sports-outdoors/shop-all-houston-astros/4125_1063984_1064344_8833772_1292410"
            ],
            [
                "NFL T-shirts",
                "/browse/sports-outdoors/nfl-t-shirts/4125_1063984_1423455_2788159"
            ],
            [
                "Houston Astros T-Shirts",
                "/browse/sports-outdoors/houston-astros-t-shirts/4125_1063984_1064344_8833772_3477892"
            ],
            [
                "Houston Texans T-Shirts",
                "/browse/sports-outdoors/houston-texans-t-shirts/4125_1063984_1423455_2591034_6024884"
            ],
            [
                "NFL Womens",
                "/browse/sports-outdoors/nfl-womens/4125_1063984_1423455_6231693"
            ],
            [
                "Houston Texans Womens",
                "/browse/sports-outdoors/houston-texans-womens/4125_1063984_1423455_2591034_7496058"
            ],
            [
                "MLB Plus Sized and Big & Tall",
                "/browse/sports-outdoors/mlb-plus-sized-big-tall/4125_1063984_1064344_3973317_8176707"
            ],
            [
                "Houston Texans Team Shop",
                "/browse/sports-outdoors/houston-texans-team-shop/4125_1063984_1423455_2591034_9645612"
            ]
        ]
    },
    {
        "title": "Green Bay Packers For Bare Feet Women's 2-Pack Sleep Soft Socks",
        "url": "https://www.walmart.com/ip/Green-Bay-Packers-For-Bare-Feet-Women-s-2-Pack-Sleep-Soft-Socks/681745281",
        "price": "$16.49",
        "stars": 0,
        "ratings": 0,
        "img": "i5.walmartimages.com/asr/4de2f01d-429a-4a42-82e3-c156d8a1f85a.d29d71ebccf94c4fef98579c9192634f.jpeg?odnWidth=612&odnHeight=612&odnBg=ffffff",
        "tags": []
    },
    {
        "title": "Philadelphia Eagles NFL Pro Line by Fanatics Branded 2017 NFC Champions Hometown Blitz T-Shirt - Black",
        "url": "https://www.walmart.com/ip/Philadelphia-Eagles-NFL-Pro-Line-by-Fanatics-Branded-2017-NFC-Champions-Hometown-Blitz-T-Shirt-Black/180107719",
        "price": "$11.99",
        "stars": "5.0",
        "ratings": "2 ",
        "img": "i5.walmartimages.com/asr/7873e5c8-d421-4d4c-90a6-b3c9b680c5c2.2887e7b554038904b26ad2fdecc928b8.jpeg?odnWidth=612&odnHeight=612&odnBg=ffffff",
        "tags": [
            [
                "T-Shirts Fan Shop",
                "/browse/sports-outdoors/t-shirts-fan-shop/4125_1063984_1063985_1999174"
            ],
            [
                "Philadelphia Eagles T-Shirts",
                "/browse/sports-outdoors/philadelphia-eagles-t-shirts/4125_1063984_1423455_4078974_2583058"
            ],
            [
                "NFL T-shirts",
                "/browse/sports-outdoors/nfl-t-shirts/4125_1063984_1423455_2788159"
            ],
            [
                "Philadelphia Eagles Team Shop",
                "/browse/sports-outdoors/philadelphia-eagles-team-shop/4125_1063984_1423455_4078974_5909244"
            ],
            [
                "Fan Shop Father's Day",
                "/browse/sports-outdoors/fan-shop-fathers-day/4125_1063984_2505429_8450676"
            ],
            [
                "Sports Fan Shop Mens Apparel & Gear",
                "/browse/sports-outdoors/sports-fan-shop-mens-apparel-gear/4125_1063984_1063985_8728977"
            ],
            [
                "NFL Kids",
                "/browse/sports-outdoors/nfl-kids/4125_1063984_1423455_9669706"
            ],
            [
                "NFL Mens",
                "/browse/sports-outdoors/nfl-mens/4125_1063984_1423455_9725320"
            ]
        ]
    },
    {
        "title": "Men's Majestic Navy Minnesota Twins Big & Tall Statement Logo T-Shirt",
        "url": "https://www.walmart.com/ip/Men-s-Majestic-Navy-Minnesota-Twins-Big-Tall-Statement-Logo-T-Shirt/614096445",
        "price": "$12.99",
        "stars": 0,
        "ratings": 0,
        "img": "i5.walmartimages.com/asr/1acf93a0-a0c2-4875-924f-0969f375b532.fba569d1bbddc3ab84f1179b1de33f86.jpeg?odnWidth=612&odnHeight=612&odnBg=ffffff",
        "tags": [
            [
                "Minnesota Twins T-Shirts",
                "/browse/sports-outdoors/minnesota-twins-t-shirts/4125_1063984_1064344_8513863_2264214"
            ],
            [
                "Shop All Minnesota Twins",
                "/browse/sports-outdoors/shop-all-minnesota-twins/4125_1063984_1064344_8513863_3874011"
            ],
            [
                "Minnesota Twins Kids",
                "/browse/sports-outdoors/minnesota-twins-kids/4125_1063984_1064344_8513863_4737325"
            ],
            [
                "Fan Shop Americana",
                "/browse/sports-outdoors/fan-shop-americana/4125_1063984_2505429_7098318"
            ],
            [
                "Minnesota Twins Hats",
                "/browse/sports-outdoors/minnesota-twins-hats/4125_1063984_1064344_8513863_7529385"
            ],
            [
                "MLB Plus Sized and Big & Tall",
                "/browse/sports-outdoors/mlb-plus-sized-big-tall/4125_1063984_1064344_3973317_8176707"
            ],
            [
                "Minnesota Twins Vintage",
                "/browse/sports-outdoors/minnesota-twins-vintage/4125_1063984_1064344_8513863_8556294"
            ],
            [
                "Minnesota Twins Womens",
                "/browse/sports-outdoors/minnesota-twins-womens/4125_1063984_1064344_8513863_9718830"
            ]
        ]
    },
    {
        "title": "Seattle Seahawks Majestic Women's Warp Notch Neck T-Shirt - College Navy/Green",
        "url": "https://www.walmart.com/ip/Seattle-Seahawks-Majestic-Women-s-Warp-Notch-Neck-T-Shirt-College-Navy-Green/168107006",
        "price": "$24.99",
        "stars": 0,
        "ratings": 0,
        "img": "i5.walmartimages.com/asr/452c1378-05af-408d-aec8-fcbf60836fcd.5e80fdb8c4984f6333efdb408781b8a6.jpeg?odnWidth=612&odnHeight=612&odnBg=ffffff",
        "tags": []
    }
]