[
    {
        "title": "Aerobie Superdisc, Single Unit, Colors May Vary",
        "url": "https://www.walmart.com/ip/Aerobie-Superdisc-Single-Unit-Colors-May-Vary/21926521",
        "price": "$9.99",
        "stars": "4.1",
        "ratings": "7 ",
        "img": "",
        "tags": [
            [
                "Footballs",
                "/browse/sports-outdoors/footballs/4125_4161_434036_1075724"
            ],
            [
                "All Lawn Games",
                "/browse/sports-outdoors/all-lawn-games/4125_1224931_7643019_1075784"
            ],
            [
                "Kids' Tricycles",
                "/browse/sports-outdoors/kids-tricycles/4125_1081404_9240575_1229904"
            ],
            [
                "Disc Golf Discs",
                "/browse/sports-outdoors/disc-golf-discs/4125_1224931_7643019_7352806_1874295"
            ],
            [
                "Quik Shade Canopies",
                "/browse/sports-outdoors/quik-shade-canopies/4125_546956_4128_55558_5110203_2654937"
            ],
            [
                "Stadium Chairs",
                "/browse/sports-outdoors/stadium-chairs/4125_546956_4128_1080625_4017388"
            ],
            [
                "Adult Tricycles",
                "/browse/sports-outdoors/adult-tricycles/4125_1081404_1230089_7538787"
            ],
            [
                "Boomerangs",
                "/browse/sports-outdoors/boomerangs/4125_1224931_7643019_9481966"
            ]
        ]
    },
    {
        "title": "JumpKing Spring Pulling Tool",
        "url": "https://www.walmart.com/ip/JumpKing-Spring-Pulling-Tool/47633759",
        "price": "$7.42",
        "stars": "4.3",
        "ratings": "4 ",
        "img": "",
        "tags": [
            [
                "Trampolines with Basketball Hoops",
                "/browse/sports-outdoors/trampolines-with-basketball-hoops/4125_1224931_5230_1786194"
            ],
            [
                "Trampoline Stakes",
                "/browse/sports-outdoors/trampoline-stakes/4125_1224931_5230_5500985_2884338"
            ],
            [
                "Skywalker Trampolines",
                "/browse/sports-outdoors/skywalker-trampolines/4125_1224931_5230_3070542"
            ],
            [
                "Trampoline Springs",
                "/browse/sports-outdoors/trampoline-springs/4125_1224931_5230_8012279_6527741"
            ],
            [
                "SkyBound Trampolines",
                "/browse/sports-outdoors/skybound-trampolines/4125_1224931_5230_6738652"
            ],
            [
                "Trampoline Anchors",
                "/browse/sports-outdoors/trampoline-anchors/4125_1224931_5230_5500985_8020996"
            ],
            [
                "Upper Bounce",
                "/browse/sports-outdoors/upper-bounce/4125_1224931_5230_8470403"
            ],
            [
                "Trampoline Ladders",
                "/browse/sports-outdoors/trampoline-ladders/4125_1224931_5230_5500985_9521766"
            ]
        ]
    },
    {
        "title": "Roller Derby Stryde Boy's Adjustable Inline Skates",
        "url": "https://www.walmart.com/ip/Roller-Derby-Stryde-Boy-s-Adjustable-Inline-Skates/45014374",
        "price": "$39.23",
        "stars": "4.9",
        "ratings": "19 ",
        "img": "i5.walmartimages.com/asr/01438ca1-1198-40d5-84bf-f2614f9d023e_1.a404c3c6ef8085f08ca489ee09b513a7.jpeg?odnWidth=612&odnHeight=612&odnBg=ffffff",
        "tags": [
            [
                "Hockey Accessories",
                "/browse/sports-outdoors/hockey-accessories/4125_4161_1075750_1075753"
            ],
            [
                "Bike Pads",
                "/browse/sports-outdoors/bike-pads/4125_1081404_7258752_5248669"
            ],
            [
                "Skate Wheels",
                "/browse/sports-outdoors/skate-wheels/4125_1224931_7628560_8241867_5339242"
            ],
            [
                "Skateboard Parts",
                "/browse/sports-outdoors/skateboard-parts/4125_1224931_7628560_3297420_5930613"
            ],
            [
                "Bike Helmets",
                "/browse/sports-outdoors/bike-helmets/4125_1081404_7258752_6249551"
            ],
            [
                "Roller Skates",
                "/browse/sports-outdoors/roller-skates/4125_1224931_7628560_8241867_7343776"
            ],
            [
                "Hockey Pads",
                "/browse/sports-outdoors/hockey-pads/4125_4161_1075750_9016454"
            ],
            [
                "Skateboard Helmets",
                "/browse/sports-outdoors/skateboard-helmets/4125_1224931_7628560_3297420_9909579"
            ]
        ]
    },
    {
        "title": "EastPoint Sports Deluxe Power Pucks - 3 Pack",
        "url": "https://www.walmart.com/ip/EastPoint-Sports-Deluxe-Power-Pucks-3-Pack/27767080",
        "price": "$5.84",
        "stars": "5.0",
        "ratings": "2 ",
        "img": "",
        "tags": [
            [
                "Multi Game Tables",
                "/browse/sports-outdoors/multi-game-tables/4125_1224931_4158_1029579"
            ],
            [
                "Illinois Fighting Illini",
                "/browse/sports-outdoors/illinois-fighting-illini/4125_1063984_1064346_1476344"
            ],
            [
                "Roulette",
                "/browse/sports-outdoors/roulette/4125_1224931_4158_6997359_1612359"
            ],
            [
                "Illinois Fighting Illini Accessories",
                "/browse/sports-outdoors/illinois-fighting-illini-accessories/4125_1063984_1064346_1305019_1666548"
            ],
            [
                "Yoga Mat Bags",
                "/browse/sports-outdoors/yoga-mat-bags/4125_4134_1078384_1867162"
            ],
            [
                "Foosball Accessories",
                "/browse/sports-outdoors/foosball-accessories/4125_1224931_4158_9596320_7598214"
            ],
            [
                "All Billiards",
                "/browse/sports-outdoors/all-billiards/4125_1224931_4158_3447807_78353"
            ],
            [
                "Flag Football Flags",
                "/browse/sports-outdoors/flag-football-flags/4125_4161_434036_7943860"
            ]
        ]
    },
    {
        "title": "Franklin Sports Replacement Racquet Set",
        "url": "https://www.walmart.com/ip/Franklin-Sports-Replacement-Racquet-Set/35824586",
        "price": "$19.49",
        "stars": "2.7",
        "ratings": "20 ",
        "img": "i5.walmartimages.com/asr/884aaba4-1ccd-4a7f-bfbf-516df444ae01_1.debc3f8e916a8bd8db31c88d3aed099c.jpeg?odnWidth=612&odnHeight=612&odnBg=ffffff",
        "tags": [
            [
                "Mizuno",
                "/browse/shop-by-brand/mizuno/3734780_5678070_1758427"
            ],
            [
                "Wilson",
                "/browse/shop-by-brand/wilson/3734780_5678070_2873652"
            ],
            [
                "Little Tikes",
                "/browse/shop-by-brand/little-tikes/3734780_9703589_4077136"
            ],
            [
                "School Specialty",
                "/browse/shop-by-brand/school-specialty/3734780_1431586_4467086"
            ],
            [
                "Joola",
                "/browse/shop-by-brand/joola/3734780_5678070_4891234"
            ],
            [
                "Spalding",
                "/browse/shop-by-brand/spalding/3734780_5678070_5131554"
            ],
            [
                "SKLZ",
                "/browse/shop-by-brand/sklz/3734780_5678070_7398770"
            ],
            [
                "Rawlings",
                "/browse/shop-by-brand/rawlings/3734780_5678070_7975194"
            ]
        ]
    },
    {
        "title": "Star Wars Arcade Machine w/ Riser, 3 Games in 1, Arcade1UP, 696055227679",
        "url": "https://www.walmart.com/ip/Star-Wars-Arcade-Machine-w-Riser-3-Games-in-1-Arcade1UP-696055227679/524718858",
        "price": "$399.99",
        "stars": "5.0",
        "ratings": "4 ",
        "img": "i5.walmartimages.com/asr/4a9dfe71-6f6c-4071-b398-5cf3055fc0df_1.b0a56af102788f876d96c395a8b4e660.jpeg?odnWidth=612&odnHeight=612&odnBg=ffffff",
        "tags": []
    },
    {
        "title": "12 Glow In The Dark Beer Ping Pong Table Tennis Balls Washable Drinking",
        "url": "https://www.walmart.com/ip/12-Glow-In-The-Dark-Beer-Ping-Pong-Table-Tennis-Balls-Washable-Drinking/446181546",
        "price": "$9.99",
        "stars": 0,
        "ratings": 0,
        "img": "i5.walmartimages.com/asr/e0798f53-7c3b-4bd7-b40e-310d771fcc34.75734a1477d98557353e814702e74c43.jpeg?odnWidth=612&odnHeight=612&odnBg=ffffff",
        "tags": [
            [
                "Multi Game Tables",
                "/browse/sports-outdoors/multi-game-tables/4125_1224931_4158_1029579"
            ],
            [
                "Table Tennis Tables",
                "/browse/sports-outdoors/table-tennis-tables/4125_1224931_4158_5896074_3255758"
            ],
            [
                "Pool Table Covers",
                "/browse/sports-outdoors/pool-table-covers/4125_1224931_4158_3447807_3977386_3559019"
            ],
            [
                "Table Tennis Paddles",
                "/browse/sports-outdoors/table-tennis-paddles/4125_1224931_4158_5896074_3717208"
            ],
            [
                "Maintenance & Care",
                "/browse/sports-outdoors/maintenance-care/4125_1224931_4158_5896074_4221725"
            ],
            [
                "Ping Pong Balls",
                "/browse/sports-outdoors/ping-pong-balls/4125_1224931_4158_5896074_4470181"
            ],
            [
                "All Billiards",
                "/browse/sports-outdoors/all-billiards/4125_1224931_4158_3447807_78353"
            ],
            [
                "Tennis Nets",
                "/browse/sports-outdoors/tennis-nets/4125_4161_538538_8102513"
            ]
        ]
    },
    {
        "title": "7ft 8ft 9ft Worsted Billiard Pool Table Cloth Billiard Felt with Cushion Rail for Snooker Table, Billiard Table (Red,Blue,Green)",
        "url": "https://www.walmart.com/ip/7ft-8ft-9ft-Worsted-Billiard-Pool-Table-Cloth-Billiard-Felt-with-Cushion-Rail-for-Snooker-Table-Billiard-Table-Red-Blue-Green/113614688",
        "price": "$35.99",
        "stars": "5.0",
        "ratings": "1 ",
        "img": "i5.walmartimages.com/asr/70874b50-ddee-4645-aae0-a8c99e17695e_1.d9c3d1b7f13f127e6b1be2a51e20b9f3.jpeg?odnWidth=612&odnHeight=612&odnBg=ffffff",
        "tags": [
            [
                "Multi Game Tables",
                "/browse/sports-outdoors/multi-game-tables/4125_1224931_4158_1029579"
            ],
            [
                "Northwestern Wildcats",
                "/browse/sports-outdoors/northwestern-wildcats/4125_1063984_1064346_2634715"
            ],
            [
                "Pool Table Covers",
                "/browse/sports-outdoors/pool-table-covers/4125_1224931_4158_3447807_3977386_3559019"
            ],
            [
                "Pool Tables",
                "/browse/sports-outdoors/pool-tables/4125_1224931_4158_3447807_5189373"
            ],
            [
                "All Table Tennis",
                "/browse/sports-outdoors/all-table-tennis/4125_1224931_4158_5896074_5229"
            ],
            [
                "All Billiards",
                "/browse/sports-outdoors/all-billiards/4125_1224931_4158_3447807_78353"
            ],
            [
                "Pool Table Pockets",
                "/browse/sports-outdoors/pool-table-pockets/4125_1224931_4158_3447807_3977386_8166087"
            ],
            [
                "Pool Cues",
                "/browse/sports-outdoors/pool-cues/4125_1224931_4158_3447807_8904818"
            ]
        ]
    },
    {
        "title": "GoSports Premium Wooden Ring Toss Game with Carrying Case, Indoor Outdoor Fun for all Ages",
        "url": "https://www.walmart.com/ip/GoSports-Premium-Wooden-Ring-Toss-Game-with-Carrying-Case-Indoor-Outdoor-Fun-for-all-Ages/50851697",
        "price": "$25.91",
        "stars": "4.6",
        "ratings": "19 ",
        "img": "",
        "tags": [
            [
                "All Lawn Games",
                "/browse/sports-outdoors/all-lawn-games/4125_1224931_7643019_1075784"
            ],
            [
                "Bocce",
                "/browse/sports-outdoors/bocce/4125_1224931_7643019_2702528"
            ],
            [
                "Bocce Ball Sets",
                "/browse/sports-outdoors/bocce-ball-sets/4125_1224931_7643019_3353263"
            ],
            [
                "Tailgate Games",
                "/browse/sports-outdoors/tailgate-games/4125_1224931_7643019_3868814"
            ],
            [
                "Cornhole",
                "/browse/sports-outdoors/cornhole/4125_1224931_7643019_2157795_4279235"
            ],
            [
                "Horseshoes",
                "/browse/sports-outdoors/horseshoes/4125_1224931_7643019_2157795_8389343"
            ],
            [
                "Disc Sports",
                "/browse/sports-outdoors/disc-sports/4125_1224931_7643019_2157795_8506756"
            ],
            [
                "Dice",
                "/browse/sports-outdoors/dice/4125_1224931_4158_6997359_7433269_8704617"
            ]
        ]
    },
    {
        "title": "Hover Soccer Ball Electric Suspension Soccer LED Suspension air Cushion Soccer with 2 Goals Indoor Outdoor Sports Toys for Kids",
        "url": "https://www.walmart.com/ip/Hover-Soccer-Ball-Electric-Suspension-Soccer-LED-Suspension-air-Cushion-Soccer-with-2-Goals-Indoor-Outdoor-Sports-Toys-for-Kids/318720437",
        "price": "$19.99",
        "stars": "1.0",
        "ratings": "1 ",
        "img": "i5.walmartimages.com/asr/1ce5dbb0-f008-4563-9d4a-e36a3524a27d_1.3da140afca429fd4aad11771993d42af.jpeg?odnWidth=612&odnHeight=612&odnBg=ffffff",
        "tags": [
            [
                "Toys for 2 year old boys",
                "/browse/toys/toys-for-2-year-old-boys/4171_3318550_7016108_3495831"
            ],
            [
                "Toys for 3 year old boys",
                "/browse/toys/toys-for-3-year-old-boys/4171_3318550_7016108_4372226"
            ],
            [
                "Little Tikes Outdoor Play",
                "/browse/toys/little-tikes-outdoor-play/4171_3438149_4985035_5081478"
            ],
            [
                "Toy Balls",
                "/browse/toys/toy-balls/4171_14521_1699076_5544277"
            ],
            [
                "Soccer Toys",
                "/browse/toys/soccer-toys/4171_14521_1699076_5977437"
            ],
            [
                "Little Tikes Sport Toys",
                "/browse/toys/little-tikes-sport-toys/4171_3438149_4985035_6073099"
            ],
            [
                "All Toy Sports Equipment",
                "/browse/toys/all-toy-sports-equipment/4171_14521_1699076_6100690"
            ],
            [
                "Basketball Toys",
                "/browse/toys/basketball-toys/4171_14521_1699076_8204216"
            ]
        ]
    }
]