[
    {
        "title": "B2BODY Women's Panties Cotton Boyshort Underwear Small to Plus Sizes 5 Pack",
        "url": "https://www.walmart.com/ip/B2BODY-Women-s-Panties-Cotton-Boyshort-Underwear-Small-to-Plus-Sizes-5-Pack/598183288",
        "price": "$27.99",
        "stars": "4.4",
        "ratings": "36 ",
        "img": "i5.walmartimages.com/asr/7f7ea22f-8c16-4a29-bf10-24825a6f00ff_1.c7adc6b98698462248eaf835d86bbee4.jpeg?odnWidth=612&odnHeight=612&odnBg=ffffff",
        "tags": [
            [
                "Panties",
                "/browse/clothing/panties/5438_133162_3523459_3296469_1078029"
            ],
            [
                "Briefs",
                "/browse/clothing/briefs/5438_133162_3523459_3296469_1225400"
            ],
            [
                "Womens Plus Panties",
                "/browse/clothing/womens-plus-panties/5438_133195_5447435_7447892_4946854"
            ],
            [
                "Women's Plus Size Basic Panties (ID)",
                "/browse/clothing/womens-plus-size-basic-panties-id/5438_9371431_2163282_3808880_9929662_6349291_7657207"
            ],
            [
                "Hanes Women's Panties",
                "/browse/clothing/hanes-womens-panties/5438_3317124_5675035_9864057_1851121_8641134"
            ],
            [
                "Womens Plus Boy Shorts",
                "/browse/clothing/womens-plus-boy-shorts/5438_133195_5447435_7447892_8724279"
            ],
            [
                "Women's Plus Size Basic Panties (Rule)",
                "/browse/clothing/womens-plus-size-basic-panties-rule/5438_9371431_2163282_3808880_9929662_6349291_9388749"
            ]
        ]
    },
    {
        "title": "VTech KidiZoom Smartwatch DX2, Pink Smart Watch for Kids, Learning Watch",
        "url": "https://www.walmart.com/ip/VTech-KidiZoom-Smartwatch-DX2-Pink-Smart-Watch-for-Kids-Learning-Watch/880602521",
        "price": "$59.99",
        "stars": "5.0",
        "ratings": "2 ",
        "img": "i5.walmartimages.com/asr/980f99bf-a88e-4129-ba20-f7c2bc028d0f_1.622cd4830d90810daaf3e845f9ef02d0.jpeg?odnWidth=612&odnHeight=612&odnBg=ffffff",
        "tags": []
    },
    {
        "title": "Resistance Bands Resistance Tubes with Foam Handles, Exercise Cords For arms biceps leg abs Strength Training 20-30LBS",
        "url": "https://www.walmart.com/ip/Resistance-Bands-Resistance-Tubes-with-Foam-Handles-Exercise-Cords-For-arms-biceps-leg-abs-Strength-Training-20-30LBS/931796907",
        "price": "$11.99",
        "stars": "4.5",
        "ratings": "38 ",
        "img": "i5.walmartimages.com/asr/205693bb-2b6f-49df-a411-64ec276359c1_1.13a3a7fdf8b529368110fbade863d297.jpeg?odnWidth=612&odnHeight=612&odnBg=ffffff",
        "tags": [
            [
                "Loop Bands",
                "/browse/sports-outdoors/loop-bands/4125_4134_1078104_9133250_1078204"
            ],
            [
                "Savings on Fitness Accessories",
                "/browse/sports-outdoors/savings-fitness-accessories/4125_4122780_1422465"
            ],
            [
                "Stretch Bands",
                "/browse/sports-outdoors/stretch-bands/4125_4134_1078104_9133250_1505738"
            ],
            [
                "Yoga & Pilates Bands",
                "/browse/sports-outdoors/yoga-pilates-bands/4125_4134_2350251_2667756"
            ],
            [
                "CrossFit Training",
                "/browse/sports-outdoors/crossfit-training/4125_4134_2760213_3257386"
            ],
            [
                "Century POV Shop",
                "/browse/sports-outdoors/century-pov-shop/4125_4134_8062664_7583647_4491326"
            ],
            [
                "All Exercise and Fitness Accessories",
                "/browse/sports-outdoors/all-exercise-fitness-accessories/4125_4134_1078104_4524158"
            ],
            [
                "Pull-Up Bands",
                "/browse/sports-outdoors/pull-up-bands/4125_4134_1078104_9133250_7997416"
            ]
        ]
    },
    {
        "title": "Fitbit Ace 2 Activity Tracker for Kids 6+ in Night Sky with Neon Yellow Clasp",
        "url": "https://www.walmart.com/ip/Fitbit-Ace-2-Activity-Tracker-for-Kids-6-in-Night-Sky-with-Neon-Yellow-Clasp/152147174",
        "price": "$68.95",
        "stars": "4.3",
        "ratings": "24 ",
        "img": "i5.walmartimages.com/asr/a88817fb-f5b7-403e-92ec-2adf00f793f9_1.4f07e634ac71846e35c164a4760448e4.jpeg?odnWidth=612&odnHeight=612&odnBg=ffffff",
        "tags": [
            [
                "Heart Rate Monitors",
                "/browse/sports-outdoors/heart-rate-monitors/4125_4134_1078104_1078145"
            ],
            [
                "Fitness Trackers",
                "/browse/sports-outdoors/fitness-trackers/4125_4134_1229723_1225106"
            ],
            [
                "Garmin Fitness Trackers",
                "/browse/sports-outdoors/garmin-fitness-trackers/4125_4134_1229723_1641039"
            ],
            [
                "Fitness Trackers Accessories",
                "/browse/sports-outdoors/fitness-trackers-accessories/4125_4134_1229723_3325958"
            ],
            [
                "Fitbit Charge",
                "/browse/sports-outdoors/fitbit-charge/4125_4134_1229723_5635313_5808080"
            ],
            [
                "Fitbit Versa",
                "/browse/sports-outdoors/fitbit-versa/4125_4134_1229723_5635313_6806839"
            ],
            [
                "Smart Watches",
                "/browse/sports-outdoors/smart-watches/4125_4134_1229723_8780847"
            ],
            [
                "All Fitbits",
                "/browse/sports-outdoors/all-fitbits/4125_4134_1229723_5635313_9170763"
            ]
        ]
    },
    {
        "title": "Stamina Adjustable Zipper Waist Trimmer - S/M - camo print - with Microban",
        "url": "https://www.walmart.com/ip/Stamina-Adjustable-Zipper-Waist-Trimmer-S-M-camo-print-with-Microban/665582129",
        "price": "$9.97",
        "stars": "5.0",
        "ratings": "2 ",
        "img": "i5.walmartimages.com/asr/772e2d08-e4f6-4973-b69c-8cf5f59c62e9.78b950b8e7efd93b57473f1f7dfe1481.jpeg?odnWidth=612&odnHeight=612&odnBg=ffffff",
        "tags": []
    },
    {
        "title": "75\" L Massage Table Portable Facial SPA Bed W/Sheet+Cradle Cover+2 Bolster+Hanger",
        "url": "https://www.walmart.com/ip/75-L-Massage-Table-Portable-Facial-SPA-Bed-W-Sheet-Cradle-Cover-2-Bolster-Hanger/477464233",
        "price": "$100.99",
        "stars": "4.3",
        "ratings": "12 ",
        "img": "",
        "tags": [
            [
                "Massage Bolsters",
                "/browse/sports-outdoors/massage-bolsters/4125_4134_3523130_9362276_1376454"
            ],
            [
                "Minnesota Golden Gophers Kids",
                "/browse/sports-outdoors/minnesota-golden-gophers-kids/4125_1063984_1064346_5973475_3252689"
            ],
            [
                "Massage Table Warmers",
                "/browse/sports-outdoors/massage-table-warmers/4125_4134_3523130_9362276_3885778"
            ],
            [
                "Portable Massage Chairs",
                "/browse/sports-outdoors/portable-massage-chairs/4125_4134_3523130_9362276_4278917"
            ],
            [
                "Emergency Preparedness",
                "/browse/sports-outdoors/emergency-preparedness/4125_546956_4128_605286"
            ],
            [
                "Portable Massage Tables",
                "/browse/sports-outdoors/portable-massage-tables/4125_4134_3523130_9362276_7801551"
            ],
            [
                "Massage Accessories",
                "/browse/sports-outdoors/massage-accessories/4125_4134_3523130_9362276_8508614"
            ],
            [
                "Oregon Ducks Kids",
                "/browse/sports-outdoors/oregon-ducks-kids/4125_1063984_1064346_7065213_8935498"
            ]
        ]
    },
    {
        "title": "Contigo Kids Water Bottle with Redesigned AUTOSPOUT Straw, 14 oz., 2-Pack, Dinos & Taro/Juniper",
        "url": "https://www.walmart.com/ip/Contigo-Kids-Water-Bottle-with-Redesigned-AUTOSPOUT-Straw-14-oz-2-Pack-Dinos-Taro-Juniper/809668489",
        "price": "$19.99",
        "stars": "4.6",
        "ratings": "5 ",
        "img": "i5.walmartimages.com/asr/e8269ee5-51a6-4ef4-acd3-ac7f4798514e_1.4028f2c9a611203a586d659dcac2e0f2.jpeg?odnWidth=612&odnHeight=612&odnBg=ffffff",
        "tags": [
            [
                "Simple Modern Water Bottles",
                "/browse/home/simple-modern-water-bottles/4044_623679_639999_7751805_4269055_1373149_2880308"
            ],
            [
                "Plastic Water Bottles",
                "/browse/home/plastic-water-bottles/4044_623679_639999_7751805_4269055_7285309_2888798"
            ],
            [
                "Shop All Water Bottles",
                "/browse/home/shop-all-water-bottles/4044_623679_639999_7751805_4269055_2976621"
            ],
            [
                "Kids Tableware",
                "/browse/home/kids-tableware/4044_623679_639999_3333102"
            ],
            [
                "Shop All Tumblers",
                "/browse/home/shop-all-tumblers/4044_623679_639999_7751805_1376910_3549593"
            ],
            [
                "Contigo Water Bottles",
                "/browse/home/contigo-water-bottles/4044_623679_639999_7751805_4269055_1373149_4722352"
            ],
            [
                "Silicone Water Bottles",
                "/browse/home/silicone-water-bottles/4044_623679_639999_7751805_4269055_7285309_5263222"
            ],
            [
                "Simple Modern",
                "/browse/home/simple-modern/4044_1225301_5993333_6051690"
            ]
        ]
    },
    {
        "title": "Cyclace Exercise Bike Stationary 330 Lbs Weight Capacity- Indoor Cycling Bike with Tablet Holder and LCD Monitor for Home Workout",
        "url": "https://www.walmart.com/ip/Cyclace-Exercise-Bike-Stationary-330-Lbs-Weight-Capacity-Indoor-Cycling-Bike-with-Tablet-Holder-and-LCD-Monitor-for-Home-Workout/890954610",
        "price": "$316.88",
        "stars": "4.8",
        "ratings": "5 ",
        "img": "i5.walmartimages.com/asr/fd0928d9-b830-409f-9f25-e408f3982f58_1.2b766da797cceaadacd3f3b595c47dc6.jpeg?odnWidth=612&odnHeight=612&odnBg=ffffff",
        "tags": [
            [
                "Treadmills",
                "/browse/sports-outdoors/treadmills/4125_4134_1074324_1074326"
            ],
            [
                "Rowing Machines",
                "/browse/sports-outdoors/rowing-machines/4125_4134_1074324_2725361"
            ],
            [
                "Office Fitness",
                "/browse/sports-outdoors/office-fitness/4125_4134_4155663"
            ],
            [
                "Schwinn Exercise Bikes",
                "/browse/sports-outdoors/schwinn-exercise-bikes/4125_4134_1074324_6143329_4913989"
            ],
            [
                "Indoor Cycling Bikes",
                "/browse/sports-outdoors/indoor-cycling-bikes/4125_4134_1074324_6143329_7349527"
            ],
            [
                "Recumbent Exercise Bikes",
                "/browse/sports-outdoors/recumbent-exercise-bikes/4125_4134_1074324_6143329_8446798"
            ],
            [
                "Upright Exercise Bikes",
                "/browse/sports-outdoors/upright-exercise-bikes/4125_4134_1074324_6143329_9467098"
            ],
            [
                "Peddle Exercisers",
                "/browse/sports-outdoors/peddle-exercisers/4125_4134_1074324_9719580"
            ]
        ]
    },
    {
        "title": "WWE United States Championship Title One-Time Adjustable Trophy Belt",
        "url": "https://www.walmart.com/ip/WWE-United-States-Championship-Title-One-Time-Adjustable-Trophy-Belt/20967774",
        "price": "$18.84",
        "stars": "4.8",
        "ratings": "25 ",
        "img": "i5.walmartimages.com/asr/df1ee14e-4bfc-4713-a64a-543344a27862_1.12b4bed08542f75b53f002c4934fdc3a.jpeg?odnWidth=612&odnHeight=612&odnBg=ffffff",
        "tags": [
            [
                "All Disney Princess Toys",
                "/browse/seasonal/all-disney-princess-toys/1085632_668399_8905754_4768298_1238504"
            ],
            [
                "Ariel Toys",
                "/browse/seasonal/ariel-toys/1085632_668399_8905754_4768298_3609053"
            ],
            [
                "Stock up on Cleaning Supplies",
                "/browse/seasonal/stock-up-cleaning-supplies/1085632_9267270_6133729_6220803"
            ],
            [
                "Rapunzel - Tangled",
                "/browse/seasonal/rapunzel-tangled/1085632_668399_4463548_6860833"
            ],
            [
                "Cinderella Toys",
                "/browse/seasonal/cinderella-toys/1085632_668399_8905754_4768298_7053349"
            ],
            [
                "Mulan",
                "/browse/seasonal/mulan/1085632_668399_4463548_7595524"
            ],
            [
                "All Cinderella",
                "/browse/seasonal/all-cinderella/1085632_668399_4463548_9828851_8867072"
            ],
            [
                "Trending Sellers",
                "/browse/trending-sellers/1085632_9958442"
            ]
        ]
    },
    {
        "title": "ToyVelt Punching Bag For Kids Boxing Set Includes Kids Boxing Gloves And punching bag, Standing Base With Adjustable Stand + Hand Pump - Top Gifting Idea For Boys and Girls Ages 3 - 14 Years Old",
        "url": "https://www.walmart.com/ip/ToyVelt-Punching-Bag-For-Kids-Boxing-Set-Includes-Gloves-And-punching-bag-Standing-Base-With-Adjustable-Stand-Hand-Pump-Top-Gifting-Idea-Boys-Girls-A/984851034",
        "price": "$27.97",
        "stars": "3.6",
        "ratings": "17 ",
        "img": "i5.walmartimages.com/asr/5374229a-5b25-4dc9-bd82-b220dd6f3fb7_1.e562f925239841f2c99c4d312726d1b5.jpeg?odnWidth=612&odnHeight=612&odnBg=ffffff",
        "tags": [
            [
                "Boxing Gloves",
                "/browse/sports-outdoors/boxing-gloves/4125_4134_8062664_1078404_1078406"
            ],
            [
                "Boxing Mitts, Equipment & Gear",
                "/browse/sports-outdoors/boxing-mitts-equipment-gear/4125_4134_8062664_1078404_1078425"
            ],
            [
                "MMA Gloves",
                "/browse/sports-outdoors/mma-gloves/4125_4134_8062664_1078444_1078445"
            ],
            [
                "Everlast POV Shop",
                "/browse/sports-outdoors/everlast-pov-shop/4125_4134_8062664_7583647_4477715"
            ],
            [
                "Muay Thai Bags",
                "/browse/sports-outdoors/muay-thai-bags/4125_4134_8062664_1602623_5712606"
            ],
            [
                "Punching & Boxing Bag Stands",
                "/browse/sports-outdoors/punching-boxing-bag-stands/4125_4134_8062664_1078404_5727330"
            ],
            [
                "Tennis Training Aids",
                "/browse/sports-outdoors/tennis-training-aids/4125_4161_538538_6322810"
            ],
            [
                "Batting Tees",
                "/browse/sports-outdoors/batting-tees/4125_4161_4162_8787458"
            ]
        ]
    }
]