[
    {
        "title": "14\" Thomas Boys' Bike by Dynacraft",
        "url": "https://www.walmart.com/ip/14-Thomas-Boys-Bike-by-Dynacraft/36918897",
        "price": "$121.74",
        "stars": "4.5",
        "ratings": "35 ",
        "img": "i5.walmartimages.com/asr/635c9da0-c87c-4b62-9227-b37b0fc287e7_1.75f06fb77a4eeb60be11a7c083ca078f.jpeg?odnWidth=612&odnHeight=612&odnBg=ffffff",
        "tags": [
            [
                "All Kids' Bikes",
                "/browse/sports-outdoors/all-kids-bikes/4125_1081404_9240575_1085618"
            ],
            [
                "Kids' Tricycles",
                "/browse/sports-outdoors/kids-tricycles/4125_1081404_9240575_1229904"
            ],
            [
                "Decathlon Kids Bikes",
                "/browse/sports-outdoors/decathlon-kids-bikes/4125_3462289_7650170_1513446_2418151"
            ],
            [
                "Huffy BMX Bikes",
                "/browse/sports-outdoors/huffy-bmx-bikes/4125_1081404_6972181_9379318_5152094"
            ],
            [
                "Bike Helmets",
                "/browse/sports-outdoors/bike-helmets/4125_1081404_7258752_6249551"
            ],
            [
                "Bicycles with Training Wheels",
                "/browse/sports-outdoors/bicycles-with-training-wheels/4125_1081404_9240575_7312004"
            ],
            [
                "Kids' Cruiser Bikes",
                "/browse/sports-outdoors/kids-cruiser-bikes/4125_1081404_9240575_7925007"
            ],
            [
                "Huffy Kid's Bikes",
                "/browse/sports-outdoors/huffy-kids-bikes/4125_1081404_6972181_9379318_7984252"
            ]
        ]
    },
    {
        "title": "Foldable Bicycle Bike Handlebar Basket Front Rear Metal Wire Storage Carrier Height Adjustable,Black",
        "url": "https://www.walmart.com/ip/Foldable-Bicycle-Bike-Handlebar-Basket-Front-Rear-Metal-Wire-Storage-Carrier-Height-Adjustable-Black/391625022",
        "price": "$20.99",
        "stars": "5.0",
        "ratings": "1 ",
        "img": "i5.walmartimages.com/asr/2641470d-03b9-4a5e-91cb-8f186b3e2f1b.d37f31f9e5eab649def108833883e55e.jpeg?odnWidth=612&odnHeight=612&odnBg=ffffff",
        "tags": [
            [
                "Huffy Cruiser Bikes",
                "/browse/sports-outdoors/huffy-cruiser-bikes/4125_1081404_6972181_9379318_1662807"
            ],
            [
                "Bike Water Bottle Cages",
                "/browse/sports-outdoors/bike-water-bottle-cages/4125_1081404_5848968_1790042"
            ],
            [
                "Bike Fenders",
                "/browse/sports-outdoors/bike-fenders/4125_1081404_5848968_3147087"
            ],
            [
                "Bike Lights",
                "/browse/sports-outdoors/bike-lights/4125_1081404_5848968_4037860"
            ],
            [
                "Bike Covers",
                "/browse/sports-outdoors/bike-covers/4125_1081404_5848968_4998116_5085312"
            ],
            [
                "Bike Bags & Carriers",
                "/browse/sports-outdoors/bike-bags-carriers/4125_1081404_5848968_6312816"
            ],
            [
                "Bike Bells & Horns",
                "/browse/sports-outdoors/bike-bells-horns/4125_1081404_5848968_7088451"
            ],
            [
                "Cruiser Bikes",
                "/browse/sports-outdoors/cruiser-bikes/4125_1081404_1230089_7309944"
            ]
        ]
    },
    {
        "title": "Calico Critters Apple and Jake's Ride 'n Play",
        "url": "https://www.walmart.com/ip/Calico-Critters-Apple-and-Jake-s-Ride-n-Play/47905558",
        "price": "$19.99",
        "stars": "4.8",
        "ratings": "5 ",
        "img": "i5.walmartimages.com/asr/0418228a-785c-4faf-b641-b7d064702b8d_1.87866dc0a7e80724e0ac9c414a01de4d.jpeg?odnWidth=612&odnHeight=612&odnBg=ffffff",
        "tags": [
            [
                "All Kids' Bikes",
                "/browse/sports-outdoors/all-kids-bikes/4125_1081404_9240575_1085618"
            ],
            [
                "Kids' Balance Bikes",
                "/browse/sports-outdoors/kids-balance-bikes/4125_1081404_9240575_1096244"
            ],
            [
                "Schwinn Tricycles",
                "/browse/sports-outdoors/schwinn-tricycles/4125_1081404_6972181_1594501_1510504"
            ],
            [
                "Boys Bikes",
                "/browse/sports-outdoors/boys-bikes/4125_1081404_9240575_2273447"
            ],
            [
                "Girls Bikes",
                "/browse/sports-outdoors/girls-bikes/4125_1081404_9240575_4563315"
            ],
            [
                "Bicycles with Training Wheels",
                "/browse/sports-outdoors/bicycles-with-training-wheels/4125_1081404_9240575_7312004"
            ],
            [
                "Adult Tricycles",
                "/browse/sports-outdoors/adult-tricycles/4125_1081404_1230089_7538787"
            ],
            [
                "Kids' BMX Bikes",
                "/browse/sports-outdoors/kids-bmx-bikes/4125_1081404_9240575_7577999"
            ]
        ]
    },
    {
        "title": "Ecotric 26\" 36V 500W Fat Tire Electric Bicycle 26X4\" Removable Battery 7-Speed",
        "url": "https://www.walmart.com/ip/Ecotric-26-36V-500W-Fat-Tire-Electric-Bicycle-26X4-Removable-Battery-7-Speed/677873383",
        "price": "$889.98",
        "stars": "4.9",
        "ratings": "23 ",
        "img": "i5.walmartimages.com/asr/66ab73cf-aad8-4f95-98aa-89fe39d3b695_2.e85078f05724a0048cd61bd1ac90ccc8.jpeg?odnWidth=612&odnHeight=612&odnBg=ffffff",
        "tags": [
            [
                "BIkes for Girls",
                "/browse/toys/bikes-for-girls/4171_1228477_3574057_1533396"
            ],
            [
                "Adult Electric Scooters",
                "/browse/toys/adult-electric-scooters/4171_133073_6774653_4137853_3209634_7994546_2027088"
            ],
            [
                "Jetson Ride Ons",
                "/browse/toys/jetson-ride-ons/4171_133073_6774653_6489011_4454354"
            ],
            [
                "Kid's Hoverboard",
                "/browse/toys/kids-hoverboard/4171_133073_6774653_3545894_5663741"
            ],
            [
                "Adult Electric Scooter",
                "/browse/toys/adult-electric-scooter/4171_133073_6774653_4137853_3209634_7994546_6511135"
            ],
            [
                "All Electric Scooter",
                "/browse/toys/all-electric-scooter/4171_133073_6774653_4137853_3209634_7994546_8741327"
            ],
            [
                "Hoverboards for Boys",
                "/browse/toys/hoverboards-for-boys/4171_1228478_3172813_9197705"
            ]
        ]
    },
    {
        "title": "Dimensions Kids Bike Helmet with Bluetooth Speakers, Great Fun for Ages 8 to 14",
        "url": "https://www.walmart.com/ip/Dimensions-Kids-Bike-Helmet-with-Bluetooth-Speakers-Great-Fun-for-Ages-8-to-14/328909069",
        "price": "$24.97",
        "stars": "4.6",
        "ratings": "33 ",
        "img": "",
        "tags": [
            [
                "All Kids' Bikes",
                "/browse/sports-outdoors/all-kids-bikes/4125_1081404_9240575_1085618"
            ],
            [
                "Kids' Balance Bikes",
                "/browse/sports-outdoors/kids-balance-bikes/4125_1081404_9240575_1096244"
            ],
            [
                "Realtree Bikes & Bike Accessories",
                "/browse/sports-outdoors/realtree-bikes-bike-accessories/4125_546956_8065244_3037335_2035993"
            ],
            [
                "Men's Hunting Tops",
                "/browse/sports-outdoors/mens-hunting-tops/4125_546956_4155_4363790_7894950_3985527"
            ],
            [
                "Decathlon Bike Helmets",
                "/browse/sports-outdoors/decathlon-bike-helmets/4125_3462289_7650170_4839203"
            ],
            [
                "Bike Pads",
                "/browse/sports-outdoors/bike-pads/4125_1081404_7258752_5248669"
            ],
            [
                "Skateboard Helmets",
                "/browse/sports-outdoors/skateboard-helmets/4125_1224931_7628560_3297420_9909579"
            ]
        ]
    },
    {
        "title": "Bicycle Cover Outdoor Waterproof Anti-Dust Bicycle Wheel Cover Foldable Bike Storage Bag with Anti-Theft Lock Holes Bike Cover for Mountain & Road Bike",
        "url": "https://www.walmart.com/ip/Bicycle-Cover-Outdoor-Waterproof-Anti-Dust-Wheel-Foldable-Bike-Storage-Bag-Anti-Theft-Lock-Holes-Mountain-Road/305121762",
        "price": "$16.35",
        "stars": "4.3",
        "ratings": "6 ",
        "img": "i5.walmartimages.com/asr/2643cb81-13bf-42ce-b002-f2bbde6b5192_1.62e6aa35230797963d4caf2a45648f89.jpeg?odnWidth=612&odnHeight=612&odnBg=ffffff",
        "tags": [
            [
                "Kids' Tricycles",
                "/browse/sports-outdoors/kids-tricycles/4125_1081404_9240575_1229904"
            ],
            [
                "Bike Water Bottle Cages",
                "/browse/sports-outdoors/bike-water-bottle-cages/4125_1081404_5848968_1790042"
            ],
            [
                "Bike Storage Racks",
                "/browse/sports-outdoors/bike-storage-racks/4125_1081404_5848968_4998116_3712632"
            ],
            [
                "Bike Repair Stands",
                "/browse/sports-outdoors/bike-repair-stands/4125_1081404_5848968_4998116_3724152"
            ],
            [
                "Bike Lights",
                "/browse/sports-outdoors/bike-lights/4125_1081404_5848968_4037860"
            ],
            [
                "Bike Bags & Carriers",
                "/browse/sports-outdoors/bike-bags-carriers/4125_1081404_5848968_6312816"
            ],
            [
                "Bike Locks",
                "/browse/sports-outdoors/bike-locks/4125_1081404_5848968_6474494"
            ],
            [
                "All Bike Components",
                "/browse/sports-outdoors/all-bike-components/4125_1081404_7650685_7412229"
            ]
        ]
    },
    {
        "title": "NextGen 10\" Kids Bike, Blue",
        "url": "https://www.walmart.com/ip/NextGen-10-Kids-Bike-Blue/538492679",
        "price": "$69.00",
        "stars": 0,
        "ratings": 0,
        "img": "i5.walmartimages.com/asr/d22c4e43-463d-434e-b31c-ed5ea297ac88_1.5ead431f84618c54aeb54750c690b242.jpeg?odnWidth=612&odnHeight=612&odnBg=ffffff",
        "tags": [
            [
                "All Kids' Bikes",
                "/browse/sports-outdoors/all-kids-bikes/4125_1081404_9240575_1085618"
            ],
            [
                "Kids' Balance Bikes",
                "/browse/sports-outdoors/kids-balance-bikes/4125_1081404_9240575_1096244"
            ],
            [
                "Atlanta Braves Pajamas, Sweatpants & Loungewear",
                "/browse/sports-outdoors/atlanta-braves-pajamas-sweatpants-loungewear/4125_1063984_1064344_3557525_2900041"
            ],
            [
                "Huffy BMX Bikes",
                "/browse/sports-outdoors/huffy-bmx-bikes/4125_1081404_6972181_9379318_5152094"
            ],
            [
                "Bicycles with Training Wheels",
                "/browse/sports-outdoors/bicycles-with-training-wheels/4125_1081404_9240575_7312004"
            ],
            [
                "Kids' BMX Bikes",
                "/browse/sports-outdoors/kids-bmx-bikes/4125_1081404_9240575_7577999"
            ],
            [
                "Kids' Cruiser Bikes",
                "/browse/sports-outdoors/kids-cruiser-bikes/4125_1081404_9240575_7925007"
            ],
            [
                "Huffy Kid's Bikes",
                "/browse/sports-outdoors/huffy-kids-bikes/4125_1081404_6972181_9379318_7984252"
            ]
        ]
    },
    {
        "title": "Bell Tote 400 Wicker Bike Basket",
        "url": "https://www.walmart.com/ip/Bell-Tote-400-Wicker-Bike-Basket/14003641",
        "price": "$24.97",
        "stars": "4.0",
        "ratings": "53 ",
        "img": "i5.walmartimages.com/asr/17aeca7b-76bf-470c-84a0-6c8f33d492c0_1.6f3ca1ffb51eed762ecb3f2af82f7185.jpeg?odnWidth=612&odnHeight=612&odnBg=ffffff",
        "tags": [
            [
                "Huffy Cruiser Bikes",
                "/browse/sports-outdoors/huffy-cruiser-bikes/4125_1081404_6972181_9379318_1662807"
            ],
            [
                "Bike Water Bottle Cages",
                "/browse/sports-outdoors/bike-water-bottle-cages/4125_1081404_5848968_1790042"
            ],
            [
                "Bike Baskets",
                "/browse/sports-outdoors/bike-baskets/4125_1081404_5848968_3824272"
            ],
            [
                "Commuter Bikes",
                "/browse/sports-outdoors/commuter-bikes/4125_1081404_1230089_5706336"
            ],
            [
                "Bike Helmets",
                "/browse/sports-outdoors/bike-helmets/4125_1081404_7258752_6249551"
            ],
            [
                "Bike Locks",
                "/browse/sports-outdoors/bike-locks/4125_1081404_5848968_6474494"
            ],
            [
                "Bike Bells & Horns",
                "/browse/sports-outdoors/bike-bells-horns/4125_1081404_5848968_7088451"
            ],
            [
                "Cruiser Bikes",
                "/browse/sports-outdoors/cruiser-bikes/4125_1081404_1230089_7309944"
            ]
        ]
    },
    {
        "title": "Goplus 12'' Balance Bike Classic Kids No-Pedal Learn To Ride Pre Bike w/ Adjustable Seat",
        "url": "https://www.walmart.com/ip/Goplus-12-Balance-Bike-Classic-Kids-No-Pedal-Learn-To-Ride-Pre-Bike-w-Adjustable-Seat/585435758",
        "price": "$49.99",
        "stars": "4.9",
        "ratings": "54 ",
        "img": "i5.walmartimages.com/asr/87446447-230b-459d-becf-6dfc5f029c7a_1.87fe9984b2bc69261c5bf8cc8dbc4790.jpeg?odnWidth=612&odnHeight=612&odnBg=ffffff",
        "tags": [
            [
                "All Kids' Bikes",
                "/browse/sports-outdoors/all-kids-bikes/4125_1081404_9240575_1085618"
            ],
            [
                "Kids' Balance Bikes",
                "/browse/sports-outdoors/kids-balance-bikes/4125_1081404_9240575_1096244"
            ],
            [
                "Huffy BMX Bikes",
                "/browse/sports-outdoors/huffy-bmx-bikes/4125_1081404_6972181_9379318_5152094"
            ],
            [
                "Bicycles with Training Wheels",
                "/browse/sports-outdoors/bicycles-with-training-wheels/4125_1081404_9240575_7312004"
            ],
            [
                "Kids' BMX Bikes",
                "/browse/sports-outdoors/kids-bmx-bikes/4125_1081404_9240575_7577999"
            ],
            [
                "Huffy Kid's Bikes",
                "/browse/sports-outdoors/huffy-kids-bikes/4125_1081404_6972181_9379318_7984252"
            ],
            [
                "Bike Handlebars",
                "/browse/sports-outdoors/bike-handlebars/4125_1081404_7650685_8636900"
            ],
            [
                "Balance Boards",
                "/browse/sports-outdoors/balance-boards/4125_4134_1078104_8793836"
            ]
        ]
    },
    {
        "title": "think! High Protein Bars, Lemon Delight, 2.1 oz Bar, 10 Count",
        "url": "https://www.walmart.com/ip/think-High-Protein-Bars-Lemon-Delight-2-1-oz-Bar-10-Count/55111465",
        "price": "$25.88",
        "stars": "4.5",
        "ratings": "21 ",
        "img": "i5.walmartimages.com/asr/d87f8cf6-acc9-45eb-9f72-9210ba684802_1.db450356cd99950b1eaee28e9790d603.jpeg?odnWidth=612&odnHeight=612&odnBg=ffffff",
        "tags": [
            [
                "Protein Shakes, Bars & Energy Drinks",
                "/browse/health/protein-shakes-bars-energy-drinks/976760_9035881_9006282_2339462"
            ],
            [
                "Indulgent Flavors Protein & Fitness",
                "/browse/health/indulgent-flavors-protein-fitness/976760_1166769_4709928_4249965"
            ],
            [
                "Busy Lifestyle Formats",
                "/browse/health/busy-lifestyle-formats/976760_1166769_4620565"
            ],
            [
                "Protein On the Go",
                "/browse/health/protein-on-the-go/976760_1166769_5193040"
            ],
            [
                "Quest Assortment Pg",
                "/browse/health/quest-assortment-pg/976760_1166769_3046134_5324300"
            ],
            [
                "Quest Protein Bars",
                "/browse/health/quest-protein-bars/976760_1166769_3046134_5804235"
            ],
            [
                "Fuel Your Body",
                "/browse/health/fuel-your-body/976760_9035881_5814720"
            ],
            [
                "Plant Protein Bars",
                "/browse/health/plant-protein-bars/976760_4230586_5963862"
            ]
        ]
    }
]