[
    {
        "title": "Dallas Cowboys The Northwest Company 50'' x 60'' Split Wide Fleece Throw Blanket - No Size",
        "url": "https://www.walmart.com/ip/Dallas-Cowboys-The-Northwest-Company-50-x-60-Split-Wide-Fleece-Throw-Blanket-No-Size/773351041",
        "price": "$14.99",
        "stars": "5.0",
        "ratings": "2 ",
        "img": "i5.walmartimages.com/asr/afc94f71-31fb-4c28-871d-0651061c3897_1.10edd26f7769732ad8903897db8392d0.jpeg?odnWidth=612&odnHeight=612&odnBg=ffffff",
        "tags": [
            [
                "Bath Fan Shop",
                "/browse/sports-outdoors/bath-fan-shop/4125_1063984_1063994_1063995"
            ],
            [
                "Bedding Fan Shop",
                "/browse/sports-outdoors/bedding-fan-shop/4125_1063984_1063994_1064004"
            ],
            [
                "Dallas Cowboys Bath & Kitchen",
                "/browse/sports-outdoors/dallas-cowboys-bath-kitchen/4125_1063984_1423455_5722514_3444383"
            ],
            [
                "Fan Shop Throw Blankets",
                "/browse/sports-outdoors/fan-shop-throw-blankets/4125_1063984_1063994_4277922"
            ],
            [
                "Dallas Cowboys Team Shop",
                "/browse/sports-outdoors/dallas-cowboys-team-shop/4125_1063984_1423455_5722514_6544512"
            ],
            [
                "NFL Bedding",
                "/browse/sports-outdoors/nfl-bedding/4125_1063984_1423455_7374764"
            ],
            [
                "Dallas Cowboys Bedding & Blankets",
                "/browse/sports-outdoors/dallas-cowboys-bedding-blankets/4125_1063984_1423455_5722514_9310323"
            ]
        ]
    },
    {
        "title": "WWE Paige Action Figure",
        "url": "https://www.walmart.com/ip/WWE-Paige-Action-Figure/952264791",
        "price": "$9.84",
        "stars": 0,
        "ratings": 0,
        "img": "i5.walmartimages.com/asr/1122a581-71bb-4489-8dbd-c563c9c78f1a_1.dd6c2aa139e6b9c4146429cab7191232.jpeg?odnWidth=612&odnHeight=612&odnBg=ffffff",
        "tags": [
            [
                "All Action Figure Playsets",
                "/browse/toys/all-action-figure-playsets/4171_4172_9845227_1156794"
            ],
            [
                "WWE Wrestling Ring Playsets",
                "/browse/toys/wwe-wrestling-ring-playsets/4171_7357538_7087187_2031303"
            ],
            [
                "Toys for Babies 0 to 12 Months",
                "/browse/toys/toys-for-babies-0-to-12-months/4171_3318550_8469931_2442095"
            ],
            [
                "WWE Elite Figures",
                "/browse/toys/wwe-elite-figures/4171_7357538_7087187_6551433_2752681"
            ],
            [
                "TV & Movie Playsets",
                "/browse/toys/tv-movie-playsets/4171_4172_9845227_4517984"
            ],
            [
                "WWE Battle Pack",
                "/browse/toys/wwe-battle-pack/4171_7357538_7087187_6551433_5670341"
            ],
            [
                "Toys for Kids 12 Years & Up",
                "/browse/toys/toys-for-kids-12-years-up/4171_3318550_1077724_6922509"
            ],
            [
                "WWE Zombies",
                "/browse/toys/wwe-zombies/4171_7357538_7087187_6551433_9381726"
            ]
        ]
    },
    {
        "title": "Men's Majestic Navy Houston Astros Box Cutter Long Sleeve T-Shirt",
        "url": "https://www.walmart.com/ip/Men-s-Majestic-Navy-Houston-Astros-Box-Cutter-Long-Sleeve-T-Shirt/425121257",
        "price": "$8.99",
        "stars": "5.0",
        "ratings": "2 ",
        "img": "i5.walmartimages.com/asr/8e501fee-3419-42b0-bd2c-aa4e585a1691.e1726157397a8623da2eb722136c1bc4.jpeg?odnWidth=612&odnHeight=612&odnBg=ffffff",
        "tags": [
            [
                "Shop All Houston Astros",
                "/browse/sports-outdoors/shop-all-houston-astros/4125_1063984_1064344_8833772_1292410"
            ],
            [
                "MLB Hats",
                "/browse/sports-outdoors/mlb-hats/4125_1063984_1064344_3973317_2063129"
            ],
            [
                "Houston Astros Womens",
                "/browse/sports-outdoors/houston-astros-womens/4125_1063984_1064344_8833772_2208818"
            ],
            [
                "Houston Astros T-Shirts",
                "/browse/sports-outdoors/houston-astros-t-shirts/4125_1063984_1064344_8833772_3477892"
            ],
            [
                "Houston Astros Kids",
                "/browse/sports-outdoors/houston-astros-kids/4125_1063984_1064344_8833772_5739782"
            ],
            [
                "Jose Altuve Jerseys & Gear",
                "/browse/sports-outdoors/jose-altuve-jerseys-gear/4125_1063984_1064344_6724618"
            ],
            [
                "Alex Bregman Jerseys & Gear",
                "/browse/sports-outdoors/alex-bregman-jerseys-gear/4125_1063984_1064344_8023627"
            ],
            [
                "Houston Astros Hats",
                "/browse/sports-outdoors/houston-astros-hats/4125_1063984_1064344_8833772_9513813"
            ]
        ]
    },
    {
        "title": "Funko POP UFC: Daniel Cormier",
        "url": "https://www.walmart.com/ip/Funko-POP-UFC-Daniel-Cormier/537355149",
        "price": "$4.99",
        "stars": "4.0",
        "ratings": "2 ",
        "img": "i5.walmartimages.com/asr/4002a0c3-c34a-46f4-b997-14a58b9e6d41_1.792b9a7e45c4db893bb53a377551498d.png?odnWidth=612&odnHeight=612&odnBg=ffffff",
        "tags": [
            [
                "UFC Accessories",
                "/browse/sports-outdoors/ufc-accessories/4125_1063984_8588542_6222878"
            ],
            [
                "Randy Orton Shop All",
                "/browse/sports-outdoors/randy-orton-shop-all/4125_1063984_9917233_7145553_8070149"
            ],
            [
                "Shop all UFC items",
                "/browse/sports-outdoors/shop-all-ufc-items/4125_1063984_8588542_8915934"
            ],
            [
                "Undertaker Shop All",
                "/browse/sports-outdoors/undertaker-shop-all/4125_1063984_9917233_5134250_9244760"
            ],
            [
                "Ronda Rousey Shop All",
                "/browse/sports-outdoors/ronda-rousey-shop-all/4125_1063984_9917233_3394429_9288032"
            ]
        ]
    },
    {
        "title": "Men's Black Pittsburgh Steelers Mass Cuffed Knit Hat - OSFA",
        "url": "https://www.walmart.com/ip/Men-s-Black-Pittsburgh-Steelers-Mass-Cuffed-Knit-Hat-OSFA/54389412",
        "price": "$10.42",
        "stars": "4.1",
        "ratings": "7 ",
        "img": "i5.walmartimages.com/asr/f17d3af0-32ad-4953-825c-1a16c460e8ce.e4f89d9bb1357091df75d3e83be230a1.jpeg?odnWidth=612&odnHeight=612&odnBg=ffffff",
        "tags": [
            [
                "Carolina Panthers Hats",
                "/browse/sports-outdoors/carolina-panthers-hats/4125_1063984_1423455_8038602_1658563"
            ],
            [
                "Atlanta Falcons Hats",
                "/browse/sports-outdoors/atlanta-falcons-hats/4125_1063984_1423455_7511373_1860018"
            ],
            [
                "Cincinnati Bengals Hats",
                "/browse/sports-outdoors/cincinnati-bengals-hats/4125_1063984_1423455_6203955_3592555"
            ],
            [
                "Pittsburgh Steelers Hats",
                "/browse/sports-outdoors/pittsburgh-steelers-hats/4125_1063984_1423455_5521520_4121397"
            ],
            [
                "New England Patriots Hats",
                "/browse/sports-outdoors/new-england-patriots-hats/4125_1063984_1423455_3142048_5135606"
            ],
            [
                "Denver Broncos Hats",
                "/browse/sports-outdoors/denver-broncos-hats/4125_1063984_1423455_1434776_5331362"
            ],
            [
                "NFL Hats",
                "/browse/sports-outdoors/nfl-hats/4125_1063984_1423455_6365599"
            ],
            [
                "Philadelphia Eagles Hats",
                "/browse/sports-outdoors/philadelphia-eagles-hats/4125_1063984_1423455_4078974_6629622"
            ]
        ]
    },
    {
        "title": "Green Bay Packers The Northwest Company 50'' x 60'' Split Wide Fleece Throw Blanket - No Size",
        "url": "https://www.walmart.com/ip/Green-Bay-Packers-The-Northwest-Company-50-x-60-Split-Wide-Fleece-Throw-Blanket-No-Size/997100265",
        "price": "$11.99",
        "stars": 0,
        "ratings": 0,
        "img": "i5.walmartimages.com/asr/983f499c-2c52-43ff-adb6-80d6a2e871f4.67929ff0d6025e9b0152c3fe2165b8bc.jpeg?odnWidth=612&odnHeight=612&odnBg=ffffff",
        "tags": [
            [
                "Bedding Fan Shop",
                "/browse/sports-outdoors/bedding-fan-shop/4125_1063984_1063994_1064004"
            ],
            [
                "Las Vegas Raiders Bath & Kitchen",
                "/browse/sports-outdoors/las-vegas-raiders-bath-kitchen/4125_1063984_1423455_9617689_2189547"
            ],
            [
                "Green Bay Packers Accessories",
                "/browse/sports-outdoors/green-bay-packers-accessories/4125_1063984_1423455_8965382_2277546"
            ],
            [
                "Fan Shop Throw Blankets",
                "/browse/sports-outdoors/fan-shop-throw-blankets/4125_1063984_1063994_4277922"
            ],
            [
                "Green Bay Packers Bedding & Blankets",
                "/browse/sports-outdoors/green-bay-packers-bedding-blankets/4125_1063984_1423455_8965382_5393674"
            ],
            [
                "Las Vegas Raiders Accessories",
                "/browse/sports-outdoors/las-vegas-raiders-accessories/4125_1063984_1423455_9617689_5613403"
            ],
            [
                "Las Vegas Raiders Team Shop",
                "/browse/sports-outdoors/las-vegas-raiders-team-shop/4125_1063984_1423455_9617689_7803611"
            ],
            [
                "Green Bay Packers Team Shop",
                "/browse/sports-outdoors/green-bay-packers-team-shop/4125_1063984_1423455_8965382_8138546"
            ]
        ]
    },
    {
        "title": "Texas Longhorns Pigment Dye Adjustable Hat - Texas Orange - OSFA",
        "url": "https://www.walmart.com/ip/Texas-Longhorns-Pigment-Dye-Adjustable-Hat-Texas-Orange-OSFA/916034355",
        "price": "$9.47",
        "stars": 0,
        "ratings": 0,
        "img": "i5.walmartimages.com/asr/e5c2871b-804d-43e3-8680-a133f79a3a51.47adda5797656a7f3d12660c90a7a663.jpeg?odnWidth=612&odnHeight=612&odnBg=ffffff",
        "tags": [
            [
                "Mens Big & Tall Graphic Tees",
                "/browse/clothing/mens-big-tall-graphic-tees/5438_133198_7617810_1085727"
            ],
            [
                "Mens Big & Tall T-Shirts & Tank Tops",
                "/browse/clothing/mens-big-tall-t-shirts-tank-tops/5438_133198_7617810_1224687"
            ],
            [
                "Men's Hats & Caps",
                "/browse/clothing/mens-hats-caps/5438_8412788_5988538_9742815_2958733_3325521"
            ],
            [
                "Mens Savings Accessories",
                "/browse/clothing/mens-savings-accessories/5438_5993826_2577644_7487471_4461549"
            ],
            [
                "Mens Big & Tall T-Shirts",
                "/browse/clothing/mens-big-tall-t-shirts/5438_133198_7617810_4802402"
            ],
            [
                "Womens Hats",
                "/browse/clothing/womens-hats/5438_1045799_6614250_2773875_6617138_4859483"
            ],
            [
                "Toddler Boys Savings (2T-5T)",
                "/browse/clothing/toddler-boys-savings-2t-5t/5438_5993826_7008377_6940073_7204336"
            ],
            [
                "Mens New Accessories",
                "/browse/clothing/mens-new-accessories/5438_133197_7401997_8053977_8086138"
            ]
        ]
    },
    {
        "title": "Friends Central Perk 4-Piece Face Mask Set",
        "url": "https://www.walmart.com/ip/Friends-Central-Perk-4-Piece-Face-Mask-Set/630104523",
        "price": "$13.94",
        "stars": "5.0",
        "ratings": "2 ",
        "img": "i5.walmartimages.com/asr/9a97447c-0c14-4d3d-8564-0660ef7762b5.4404127358cd2af29f94fd7f8003cd74.jpeg?odnWidth=612&odnHeight=612&odnBg=ffffff",
        "tags": []
    },
    {
        "title": "WWE Big E Elite Collection Action Figure",
        "url": "https://www.walmart.com/ip/WWE-Big-E-Elite-Collection-Action-Figure/787242650",
        "price": "$15.88",
        "stars": 0,
        "ratings": 0,
        "img": "i5.walmartimages.com/asr/5f58e958-0a29-4aa0-b3de-3970165a2a51.f199ac5ba5488badb0ef678640bf1143.jpeg?odnWidth=612&odnHeight=612&odnBg=ffffff",
        "tags": [
            [
                "All Action Figure Playsets",
                "/browse/toys/all-action-figure-playsets/4171_4172_9845227_1156794"
            ],
            [
                "WWE Wrestling Ring Playsets",
                "/browse/toys/wwe-wrestling-ring-playsets/4171_7357538_7087187_2031303"
            ],
            [
                "WWE Elite Figures",
                "/browse/toys/wwe-elite-figures/4171_7357538_7087187_6551433_2752681"
            ],
            [
                "Ghostbusters Toys",
                "/browse/toys/ghostbusters-toys/4171_2065565_4138884"
            ],
            [
                "TV & Movie Playsets",
                "/browse/toys/tv-movie-playsets/4171_4172_9845227_4517984"
            ],
            [
                "WWE Battle Pack",
                "/browse/toys/wwe-battle-pack/4171_7357538_7087187_6551433_5670341"
            ],
            [
                "WWE Zombies",
                "/browse/toys/wwe-zombies/4171_7357538_7087187_6551433_9381726"
            ]
        ]
    },
    {
        "title": "Men's NFL Pro Line by Fanatics Branded  Russell Wilson  College Navy Seattle Seahawks Player Jersey",
        "url": "https://www.walmart.com/ip/Men-s-NFL-Pro-Line-by-Fanatics-Branded-Russell-Wilson-College-Navy-Seattle-Seahawks-Player-Jersey/206432624",
        "price": "$44.99",
        "stars": 0,
        "ratings": 0,
        "img": "i5.walmartimages.com/asr/cf53f3db-a00d-4be2-8142-98a57a112075.b5bb4af213c995c28ff8ef808b84c652.jpeg?odnWidth=612&odnHeight=612&odnBg=ffffff",
        "tags": [
            [
                "Tom Brady Jerseys & Gear",
                "/browse/sports-outdoors/tom-brady-jerseys-gear/4125_1063984_1423455_2921129"
            ],
            [
                "Pittsburgh Steelers Jerseys",
                "/browse/sports-outdoors/pittsburgh-steelers-jerseys/4125_1063984_1423455_5521520_3142561"
            ],
            [
                "Jerseys Fan Shop",
                "/browse/sports-outdoors/jerseys-fan-shop/4125_1063984_3176500"
            ],
            [
                "New England Patriots Jerseys",
                "/browse/sports-outdoors/new-england-patriots-jerseys/4125_1063984_1423455_3142048_4386346"
            ],
            [
                "Cleveland Browns Team Shop",
                "/browse/sports-outdoors/cleveland-browns-team-shop/4125_1063984_1423455_9997589_4960705"
            ],
            [
                "New York Giants Team Shop",
                "/browse/sports-outdoors/new-york-giants-team-shop/4125_1063984_1423455_8316456_6030075"
            ],
            [
                "Cleveland Browns Mens",
                "/browse/sports-outdoors/cleveland-browns-mens/4125_1063984_1423455_9997589_7110563"
            ],
            [
                "Cleveland Browns Jerseys",
                "/browse/sports-outdoors/cleveland-browns-jerseys/4125_1063984_1423455_9997589_7571430"
            ]
        ]
    }
]