[
    {
        "title": "Schwinn IC4 Indoor Cycling Bike",
        "url": "https://www.walmart.com/ip/Schwinn-IC4-Indoor-Cycling-Bike/891755220",
        "price": "$999.99",
        "stars": "4.7",
        "ratings": "348 ",
        "img": "i5.walmartimages.com/asr/d885f5d7-7a74-4ba6-9c45-3f4bc0f1f0b7_1.b3b4757c85bb4ce3dd5aecf9f988c48a.jpeg?odnWidth=612&odnHeight=612&odnBg=ffffff",
        "tags": [
            [
                "Exercise Bikes",
                "/browse/sports-outdoors/exercise-bikes/4125_4134_1074324_1074327"
            ],
            [
                "Rowing Machines",
                "/browse/sports-outdoors/rowing-machines/4125_4134_1074324_2725361"
            ],
            [
                "CrossFit Training",
                "/browse/sports-outdoors/crossfit-training/4125_4134_2760213_3257386"
            ],
            [
                "Indoor Cycling Bikes",
                "/browse/sports-outdoors/indoor-cycling-bikes/4125_4134_1074324_6143329_7349527"
            ],
            [
                "Gym Flooring",
                "/browse/sports-outdoors/gym-flooring/4125_4134_1026285_2484197_8192651"
            ],
            [
                "Recumbent Exercise Bikes",
                "/browse/sports-outdoors/recumbent-exercise-bikes/4125_4134_1074324_6143329_8446798"
            ],
            [
                "Upright Exercise Bikes",
                "/browse/sports-outdoors/upright-exercise-bikes/4125_4134_1074324_6143329_9467098"
            ],
            [
                "Functional Cardio",
                "/browse/sports-outdoors/functional-cardio/4125_4134_1074324_9514199"
            ]
        ]
    },
    {
        "title": "The Step Additional Risers for The Original Health Club Step (Pack of 2)",
        "url": "https://www.walmart.com/ip/The-Step-Additional-Risers-for-The-Original-Health-Club-Step-Pack-of-2/21387779",
        "price": "$44.95",
        "stars": 0,
        "ratings": 0,
        "img": "",
        "tags": [
            [
                "Steppers",
                "/browse/sports-outdoors/steppers/4125_4134_1074324_1074329"
            ],
            [
                "Exercise Balls",
                "/browse/sports-outdoors/exercise-balls/4125_4134_1078104_1078124"
            ],
            [
                "Medicine Balls",
                "/browse/sports-outdoors/medicine-balls/4125_4134_1078104_3080353"
            ],
            [
                "Training Weights",
                "/browse/sports-outdoors/training-weights/4125_4134_1026285_1078284_3126311"
            ],
            [
                "Plyo Boxes",
                "/browse/sports-outdoors/plyo-boxes/4125_4134_2760213_4009489"
            ],
            [
                "All Exercise and Fitness Accessories",
                "/browse/sports-outdoors/all-exercise-fitness-accessories/4125_4134_1078104_4524158"
            ],
            [
                "Exercise Weights",
                "/browse/sports-outdoors/exercise-weights/4125_4134_1026285_1078284_8086634"
            ],
            [
                "Workout Weights",
                "/browse/sports-outdoors/workout-weights/4125_4134_1026285_1078284_9644039"
            ]
        ]
    },
    {
        "title": "SmileMart 84\" Adjustable Aluminum 3 Sections Massage Table Portable Massage Bed with Backrest/Headrest/Armrest/Hand Pallet Black",
        "url": "https://www.walmart.com/ip/SmileMart-84-Adjustable-Aluminum-3-Sections-Massage-Table-Portable-Massage-Bed-with-Backrest-Headrest-Armrest-Hand-Pallet-Black/442322472",
        "price": "$95.99",
        "stars": "4.2",
        "ratings": "13 ",
        "img": "",
        "tags": [
            [
                "Massage Bolsters",
                "/browse/sports-outdoors/massage-bolsters/4125_4134_3523130_9362276_1376454"
            ],
            [
                "Minnesota Golden Gophers Kids",
                "/browse/sports-outdoors/minnesota-golden-gophers-kids/4125_1063984_1064346_5973475_3252689"
            ],
            [
                "Massage Table Warmers",
                "/browse/sports-outdoors/massage-table-warmers/4125_4134_3523130_9362276_3885778"
            ],
            [
                "Portable Massage Chairs",
                "/browse/sports-outdoors/portable-massage-chairs/4125_4134_3523130_9362276_4278917"
            ],
            [
                "Emergency Preparedness",
                "/browse/sports-outdoors/emergency-preparedness/4125_546956_4128_605286"
            ],
            [
                "Portable Massage Tables",
                "/browse/sports-outdoors/portable-massage-tables/4125_4134_3523130_9362276_7801551"
            ],
            [
                "Massage Accessories",
                "/browse/sports-outdoors/massage-accessories/4125_4134_3523130_9362276_8508614"
            ],
            [
                "Oregon Ducks Kids",
                "/browse/sports-outdoors/oregon-ducks-kids/4125_1063984_1064346_7065213_8935498"
            ]
        ]
    },
    {
        "title": "Jump Rope, Tangle-Free with Ball Bearing Cable Speed Rope, Skipping Rope for Exercise, Fitness, Adjustable Jumping Rope Workout, Memory Foam Handles for Adults, and Kids",
        "url": "https://www.walmart.com/ip/Jump-Rope-Tangle-Free-Ball-Bearing-Cable-Speed-Skipping-Rope-Exercise-Fitness-Adjustable-Jumping-Workout-Memory-Foam-Handles-Adults-Kids/929344682",
        "price": "$10.95",
        "stars": "4.6",
        "ratings": "11 ",
        "img": "i5.walmartimages.com/asr/ed43420f-420c-414c-9cfd-38211ec0e1d6.db8a931ff728b9d221b39184cf2c1f3d.jpeg?odnWidth=612&odnHeight=612&odnBg=ffffff",
        "tags": [
            [
                "Track & Field Equipment",
                "/browse/sports-outdoors/track-field-equipment/4125_4161_1043928"
            ],
            [
                "Loop Bands",
                "/browse/sports-outdoors/loop-bands/4125_4134_1078104_9133250_1078204"
            ],
            [
                "Savings on Fitness Accessories",
                "/browse/sports-outdoors/savings-fitness-accessories/4125_4122780_1422465"
            ],
            [
                "Running Armbands",
                "/browse/sports-outdoors/running-armbands/4125_4134_1078104_8570146_2812957"
            ],
            [
                "CrossFit Training",
                "/browse/sports-outdoors/crossfit-training/4125_4134_2760213_3257386"
            ],
            [
                "All Exercise and Fitness Accessories",
                "/browse/sports-outdoors/all-exercise-fitness-accessories/4125_4134_1078104_4524158"
            ],
            [
                "Resistance Tubes",
                "/browse/sports-outdoors/resistance-tubes/4125_4134_1078104_9133250_5121985"
            ],
            [
                "Field Equipment & Accessories",
                "/browse/sports-outdoors/field-equipment-accessories/4125_4161_523561"
            ]
        ]
    },
    {
        "title": "J- FIT Neoprene Grip Weight- 1lb",
        "url": "https://www.walmart.com/ip/J-FIT-Neoprene-Grip-Weight-1lb/17428137",
        "price": "$31.66",
        "stars": "3.4",
        "ratings": "13 ",
        "img": "",
        "tags": [
            [
                "Dumbbells",
                "/browse/sports-outdoors/dumbbells/4125_4134_1026285_1078284_1078285"
            ],
            [
                "Ankle Weights",
                "/browse/sports-outdoors/ankle-weights/4125_4134_1078104_1078289"
            ],
            [
                "Training Weights",
                "/browse/sports-outdoors/training-weights/4125_4134_1026285_1078284_3126311"
            ],
            [
                "Wrist Weights",
                "/browse/sports-outdoors/wrist-weights/4125_4134_1078104_3920730"
            ],
            [
                "Body Weights",
                "/browse/sports-outdoors/body-weights/4125_4134_1026285_7482840_7627755"
            ],
            [
                "Exercise Weights",
                "/browse/sports-outdoors/exercise-weights/4125_4134_1026285_1078284_8086634"
            ],
            [
                "Weight Racks",
                "/browse/sports-outdoors/weight-racks/4125_4134_1026285_1078284_8664198"
            ],
            [
                "Workout Weights",
                "/browse/sports-outdoors/workout-weights/4125_4134_1026285_1078284_9644039"
            ]
        ]
    },
    {
        "title": "Black Mountain Products Aquatic Exercise Water Dumbbells, Set of 2",
        "url": "https://www.walmart.com/ip/Black-Mountain-Products-Aquatic-Exercise-Water-Dumbbells-Set-of-2/869025958",
        "price": "$12.99",
        "stars": "3.4",
        "ratings": "54 ",
        "img": "i5.walmartimages.com/asr/abc63ccc-2f68-4a27-897f-00cc3f3fa629_1.7f583871a21cf3f5fd6c374db4f6ea36.jpeg?odnWidth=612&odnHeight=612&odnBg=ffffff",
        "tags": [
            [
                "Aqua Fitness",
                "/browse/sports-outdoors/aqua-fitness/4125_4161_1043949"
            ],
            [
                "Weight Sets",
                "/browse/sports-outdoors/weight-sets/4125_4134_1026285_1078284_1078290"
            ],
            [
                "Aqua Fitness Kits",
                "/browse/sports-outdoors/aqua-fitness-kits/4125_4134_4522918_1932850"
            ],
            [
                "Conservative Bathing Suits",
                "/browse/sports-outdoors/conservative-bathing-suits/4125_4134_4522918_4809318"
            ],
            [
                "Water Barbells",
                "/browse/sports-outdoors/water-barbells/4125_4134_4522918_5497815"
            ],
            [
                "Water Weights and Cuffs",
                "/browse/sports-outdoors/water-weights-cuffs/4125_4134_4522918_6129043"
            ],
            [
                "Swimming Kickboards",
                "/browse/sports-outdoors/swimming-kickboards/4125_4161_7400852_6388541"
            ],
            [
                "Swim Belts",
                "/browse/sports-outdoors/swim-belts/4125_4134_4522918_8289815"
            ]
        ]
    },
    {
        "title": "One 2oz Bottle of Birdz Eyewear Anti Fog Spray & Defogger for Glasses Goggles Swimming Paintball and Diving Accessories - Safe on ALL Lenses",
        "url": "https://www.walmart.com/ip/One-2oz-Bottle-of-Birdz-Eyewear-Anti-Fog-Spray-Defogger-for-Glasses-Goggles-Swimming-Paintball-and-Diving-Accessories-Safe-on-ALL-Lenses/339583511",
        "price": "$7.99",
        "stars": "2.4",
        "ratings": "25 ",
        "img": "i5.walmartimages.com/asr/87b1fa29-abd2-4b83-90cc-db6b62164b09_1.9657dcaa7e8a7a3b85a04efadb9265a5.jpeg?odnWidth=612&odnHeight=612&odnBg=ffffff",
        "tags": [
            [
                "Skis, Snowboards & Accessories",
                "/browse/sports-outdoors/skis-snowboards-accessories/4125_546956_1075804_1075806"
            ],
            [
                "Goggles",
                "/browse/sports-outdoors/goggles/4125_4161_7400852_1462021"
            ],
            [
                "Water Dumbbells",
                "/browse/sports-outdoors/water-dumbbells/4125_4134_4522918_2753090"
            ],
            [
                "Golf Hats",
                "/browse/sports-outdoors/golf-hats/4125_4161_4152_1075726_2811569"
            ],
            [
                "Swim Caps",
                "/browse/sports-outdoors/swim-caps/4125_4161_7400852_4861391"
            ],
            [
                "Men's Golf Hats",
                "/browse/sports-outdoors/mens-golf-hats/4125_4161_4152_1075726_5470531"
            ],
            [
                "Water Weights and Cuffs",
                "/browse/sports-outdoors/water-weights-cuffs/4125_4134_4522918_6129043"
            ],
            [
                "Swim Belts",
                "/browse/sports-outdoors/swim-belts/4125_4134_4522918_8289815"
            ]
        ]
    },
    {
        "title": "Mira Reusable Tritan Water Bottle | BPA-Free Plastic Sports Water Bottle | Leak Proof Locking Flip Top Lid with Easy Flow Spout (25 oz (750 ml), Pacific Blue)",
        "url": "https://www.walmart.com/ip/Mira-Reusable-Tritan-Water-Bottle-BPA-Free-Plastic-Sports-Leak-Proof-Locking-Flip-Top-Lid-Easy-Flow-Spout-25-oz-750-ml-Pacific-Blue/773136741",
        "price": "$9.95",
        "stars": "4.0",
        "ratings": "1 ",
        "img": "",
        "tags": [
            [
                "Plastic Water Bottles",
                "/browse/home/plastic-water-bottles/4044_623679_639999_7751805_4269055_7285309_2888798"
            ],
            [
                "Kids Tableware",
                "/browse/home/kids-tableware/4044_623679_639999_3333102"
            ],
            [
                "Flasks",
                "/browse/home/flasks/4044_623679_639999_4434841_4011726"
            ],
            [
                "Contigo Water Bottles",
                "/browse/home/contigo-water-bottles/4044_623679_639999_7751805_4269055_1373149_4722352"
            ],
            [
                "Silicone Water Bottles",
                "/browse/home/silicone-water-bottles/4044_623679_639999_7751805_4269055_7285309_5263222"
            ],
            [
                "Bubba Water Bottles",
                "/browse/home/bubba-water-bottles/4044_623679_639999_7751805_4269055_1373149_6325857"
            ],
            [
                "Kids' Water Bottles",
                "/browse/home/kids-water-bottles/4044_623679_639999_7751805_4269055_7270555"
            ],
            [
                "Thermoses",
                "/browse/home/thermoses/4044_623679_639999_7751805_9823303"
            ]
        ]
    },
    {
        "title": "Fitbit Ionic Smartwatch",
        "url": "https://www.walmart.com/ip/Fitbit-Ionic-Smartwatch/617905207",
        "price": "$198.95",
        "stars": "3.6",
        "ratings": "140 ",
        "img": "",
        "tags": [
            [
                "Heart Rate Monitors",
                "/browse/sports-outdoors/heart-rate-monitors/4125_4134_1078104_1078145"
            ],
            [
                "Fitness Trackers",
                "/browse/sports-outdoors/fitness-trackers/4125_4134_1229723_1225106"
            ],
            [
                "Garmin Fitness Trackers",
                "/browse/sports-outdoors/garmin-fitness-trackers/4125_4134_1229723_1641039"
            ],
            [
                "Smart Watch Accessories",
                "/browse/sports-outdoors/smart-watch-accessories/4125_4134_1229723_5081915"
            ],
            [
                "Fitbit Charge",
                "/browse/sports-outdoors/fitbit-charge/4125_4134_1229723_5635313_5808080"
            ],
            [
                "Fitbit Versa",
                "/browse/sports-outdoors/fitbit-versa/4125_4134_1229723_5635313_6806839"
            ],
            [
                "Smart Watches",
                "/browse/sports-outdoors/smart-watches/4125_4134_1229723_8780847"
            ],
            [
                "All Fitbits",
                "/browse/sports-outdoors/all-fitbits/4125_4134_1229723_5635313_9170763"
            ]
        ]
    },
    {
        "title": "3 Pound Weighted Hula Hoop - Ideal for Aerobics Workouts, Hot Fitness & Weight Loss Exercise - Comes Apart for Easy Storage",
        "url": "https://www.walmart.com/ip/3-Pound-Weighted-Hula-Hoop-Ideal-for-Aerobics-Workouts-Hot-Fitness-Weight-Loss-Exercise-Comes-Apart-for-Easy-Storage/846412676",
        "price": "$22.99",
        "stars": "3.8",
        "ratings": "39 ",
        "img": "i5.walmartimages.com/asr/06a8aa87-4592-4119-a6c2-d6d970c089bb_1.8dfe488da31e4d9bc1afe44031691bd8.jpeg?odnWidth=612&odnHeight=612&odnBg=ffffff",
        "tags": [
            [
                "All Lawn Games",
                "/browse/sports-outdoors/all-lawn-games/4125_1224931_7643019_1075784"
            ],
            [
                "Jump Ropes",
                "/browse/sports-outdoors/jump-ropes/4125_4134_1078104_1078147"
            ],
            [
                "Ab Machines",
                "/browse/sports-outdoors/ab-machines/4125_4134_1026285_9642310_1078704"
            ],
            [
                "Men's Waist Trainers",
                "/browse/sports-outdoors/mens-waist-trainers/4125_4134_1078104_9340509_1353234"
            ],
            [
                "Ab Exercisers",
                "/browse/sports-outdoors/ab-exercisers/4125_4134_1026285_9642310_3890420"
            ],
            [
                "Core Trainers",
                "/browse/sports-outdoors/core-trainers/4125_4134_1026285_9642310_4440426"
            ],
            [
                "Field Equipment & Accessories",
                "/browse/sports-outdoors/field-equipment-accessories/4125_4161_523561"
            ],
            [
                "Leg Extension Machines",
                "/browse/sports-outdoors/leg-extension-machines/4125_4134_1026285_2484197_9743781"
            ]
        ]
    }
]