[
    {
        "title": "Mini Exercise Bike Pedal Exerciser Portable Cycle Lightweight with Two Pedals for Legs and Arms Exerciser",
        "url": "https://www.walmart.com/ip/Mini-Exercise-Bike-Pedal-Exerciser-Portable-Cycle-Lightweight-with-Two-Pedals-for-Legs-and-Arms-Exerciser/918670143",
        "price": "$49.58",
        "stars": "3.7",
        "ratings": "9 ",
        "img": "",
        "tags": [
            [
                "Ellipticals",
                "/browse/sports-outdoors/ellipticals/4125_4134_1074324_1074325"
            ],
            [
                "Exercise Bikes",
                "/browse/sports-outdoors/exercise-bikes/4125_4134_1074324_1074327"
            ],
            [
                "Lawn Darts",
                "/browse/sports-outdoors/lawn-darts/4125_1224931_7643019_2157795_4542645"
            ],
            [
                "Bike Pedals",
                "/browse/sports-outdoors/bike-pedals/4125_1081404_7650685_5117302"
            ],
            [
                "All Bike Components",
                "/browse/sports-outdoors/all-bike-components/4125_1081404_7650685_7412229"
            ],
            [
                "Upright Exercise Bikes",
                "/browse/sports-outdoors/upright-exercise-bikes/4125_4134_1074324_6143329_9467098"
            ],
            [
                "Peddle Exercisers",
                "/browse/sports-outdoors/peddle-exercisers/4125_4134_1074324_9719580"
            ],
            [
                "Leg Extension Machines",
                "/browse/sports-outdoors/leg-extension-machines/4125_4134_1026285_2484197_9743781"
            ]
        ]
    },
    {
        "title": "Bubba 30oz Hero Xl",
        "url": "https://www.walmart.com/ip/Bubba-30oz-Hero-Xl/253916756",
        "price": "$12.92",
        "stars": "4.5",
        "ratings": "6 ",
        "img": "i5.walmartimages.com/asr/85d0250c-66b3-4f24-a853-78da6d4ac81b_2.30024bca2dd867d5e0b14690bb7b0ae1.jpeg?odnWidth=612&odnHeight=612&odnBg=ffffff",
        "tags": [
            [
                "Shop All Food Storage Containers",
                "/browse/home/shop-all-food-storage-containers/4044_623679_1032619_5842891_2687119"
            ],
            [
                "Plastic Water Bottles",
                "/browse/home/plastic-water-bottles/4044_623679_639999_7751805_4269055_7285309_2888798"
            ],
            [
                "Shop All Tumblers",
                "/browse/home/shop-all-tumblers/4044_623679_639999_7751805_1376910_3549593"
            ],
            [
                "Travel Mugs",
                "/browse/home/travel-mugs/4044_623679_639999_7751805_3759938"
            ],
            [
                "Bubba Water Bottles",
                "/browse/home/bubba-water-bottles/4044_623679_639999_7751805_4269055_1373149_6325857"
            ],
            [
                "Thermoses",
                "/browse/home/thermoses/4044_623679_639999_7751805_9823303"
            ],
            [
                "Drinking Glasses",
                "/browse/home/drinking-glasses/4044_623679_639999_3148543_9876688"
            ],
            [
                "Dorm Dining & Hydration",
                "/browse/home/dorm-dining-hydration/4044_1225301_1225229_9951877"
            ]
        ]
    },
    {
        "title": "SPRI Cable Jump Rope",
        "url": "https://www.walmart.com/ip/SPRI-Cable-Jump-Rope/975173339",
        "price": "$11.97",
        "stars": "3.0",
        "ratings": "8 ",
        "img": "i5.walmartimages.com/asr/b402ce50-af4c-4bcc-bb63-f02c3871b27b_1.fd83dc803a8658e4e5587735a586fe65.jpeg?odnWidth=612&odnHeight=612&odnBg=ffffff",
        "tags": [
            [
                "Track & Field Equipment",
                "/browse/sports-outdoors/track-field-equipment/4125_4161_1043928"
            ],
            [
                "Loop Bands",
                "/browse/sports-outdoors/loop-bands/4125_4134_1078104_9133250_1078204"
            ],
            [
                "Home Gym Accessories",
                "/browse/sports-outdoors/home-gym-accessories/4125_4134_1026285_2484197_1078325"
            ],
            [
                "Savings on Fitness Accessories",
                "/browse/sports-outdoors/savings-fitness-accessories/4125_4122780_1422465"
            ],
            [
                "CrossFit Training",
                "/browse/sports-outdoors/crossfit-training/4125_4134_2760213_3257386"
            ],
            [
                "All Exercise and Fitness Accessories",
                "/browse/sports-outdoors/all-exercise-fitness-accessories/4125_4134_1078104_4524158"
            ],
            [
                "Resistance Tubes",
                "/browse/sports-outdoors/resistance-tubes/4125_4134_1078104_9133250_5121985"
            ],
            [
                "Field Equipment & Accessories",
                "/browse/sports-outdoors/field-equipment-accessories/4125_4161_523561"
            ]
        ]
    },
    {
        "title": "Inflatable Punching Bag for Kids - Free Standing Boxing Toy Children Bop Bag Karate Play",
        "url": "https://www.walmart.com/ip/Inflatable-Punching-Bag-for-Kids-Free-Standing-Boxing-Toy-Children-Bop-Bag-Karate-Play/257341662",
        "price": "$21.99",
        "stars": "5.0",
        "ratings": "1 ",
        "img": "i5.walmartimages.com/asr/330148bb-2247-4e88-8019-df3e90569acd.572bcda31eda4603f0ee376e22df58cf.jpeg?odnWidth=612&odnHeight=612&odnBg=ffffff",
        "tags": [
            [
                "Boxing Gloves",
                "/browse/sports-outdoors/boxing-gloves/4125_4134_8062664_1078404_1078406"
            ],
            [
                "MMA Gloves",
                "/browse/sports-outdoors/mma-gloves/4125_4134_8062664_1078444_1078445"
            ],
            [
                "Everlast POV Shop",
                "/browse/sports-outdoors/everlast-pov-shop/4125_4134_8062664_7583647_4477715"
            ],
            [
                "Century POV Shop",
                "/browse/sports-outdoors/century-pov-shop/4125_4134_8062664_7583647_4491326"
            ],
            [
                "Muay Thai Bags",
                "/browse/sports-outdoors/muay-thai-bags/4125_4134_8062664_1602623_5712606"
            ],
            [
                "Punching & Boxing Bag Stands",
                "/browse/sports-outdoors/punching-boxing-bag-stands/4125_4134_8062664_1078404_5727330"
            ],
            [
                "Tennis Training Aids",
                "/browse/sports-outdoors/tennis-training-aids/4125_4161_538538_6322810"
            ],
            [
                "Karate Gloves & Shinguards",
                "/browse/sports-outdoors/karate-gloves-shinguards/4125_4134_8062664_2713807_7164609"
            ]
        ]
    },
    {
        "title": "Evolve Microfiber Yoga Hand Towel, Grey",
        "url": "https://www.walmart.com/ip/Evolve-Microfiber-Yoga-Hand-Towel-Grey/303626402",
        "price": "$6.96",
        "stars": 0,
        "ratings": 0,
        "img": "i5.walmartimages.com/asr/9974ee62-b6ec-4f62-82e4-99677d979b84_1.53c8658305be8bb72f97226596dfa9d7.jpeg?odnWidth=612&odnHeight=612&odnBg=ffffff",
        "tags": [
            [
                "Men's Waist Trainers",
                "/browse/sports-outdoors/mens-waist-trainers/4125_4134_1078104_9340509_1353234"
            ],
            [
                "Waist Trainers",
                "/browse/sports-outdoors/waist-trainers/4125_4134_1078104_1695336"
            ],
            [
                "Yoga Mat Bags",
                "/browse/sports-outdoors/yoga-mat-bags/4125_4134_1078384_1867162"
            ],
            [
                "All Exercise and Fitness Accessories",
                "/browse/sports-outdoors/all-exercise-fitness-accessories/4125_4134_1078104_4524158"
            ],
            [
                "Yoga Socks",
                "/browse/sports-outdoors/yoga-socks/4125_4134_1078384_5701372"
            ],
            [
                "Women's Waist Trainers",
                "/browse/sports-outdoors/womens-waist-trainers/4125_4134_1078104_9340509_5902895"
            ],
            [
                "Cooling Towels",
                "/browse/sports-outdoors/cooling-towels/4125_4134_1078104_6347438"
            ],
            [
                "Bikram Yoga",
                "/browse/sports-outdoors/bikram-yoga/4125_4134_1078384_7393034"
            ]
        ]
    },
    {
        "title": "SPRI Deluxe Vinyl Dumbbells, Pair 1-20 lbs",
        "url": "https://www.walmart.com/ip/SPRI-Deluxe-Vinyl-Dumbbells-Pair-1-20-lbs/55046466",
        "price": "$54.99",
        "stars": "4.9",
        "ratings": "242 ",
        "img": "i5.walmartimages.com/asr/663d24d3-bcd6-4258-82a0-c322bbd55871_1.5336238b2ed582734ac69c4631d08625.jpeg?odnWidth=612&odnHeight=612&odnBg=ffffff",
        "tags": [
            [
                "Kettlebells",
                "/browse/sports-outdoors/kettlebells/4125_4134_1026285_1078284_1078286"
            ],
            [
                "Weight Sets",
                "/browse/sports-outdoors/weight-sets/4125_4134_1026285_1078284_1078290"
            ],
            [
                "Medicine Balls",
                "/browse/sports-outdoors/medicine-balls/4125_4134_1078104_3080353"
            ],
            [
                "Training Weights",
                "/browse/sports-outdoors/training-weights/4125_4134_1026285_1078284_3126311"
            ],
            [
                "CrossFit Training",
                "/browse/sports-outdoors/crossfit-training/4125_4134_2760213_3257386"
            ],
            [
                "Exercise Weights",
                "/browse/sports-outdoors/exercise-weights/4125_4134_1026285_1078284_8086634"
            ],
            [
                "Weight Racks",
                "/browse/sports-outdoors/weight-racks/4125_4134_1026285_1078284_8664198"
            ],
            [
                "Workout Weights",
                "/browse/sports-outdoors/workout-weights/4125_4134_1026285_1078284_9644039"
            ]
        ]
    },
    {
        "title": "Fitness Ball - By BODYSPORT (TEAL 85 cm) Large Exercise Balls Great for Yoga Pilates Desk Chair - FREE Pump & Exercise Guide Included",
        "url": "https://www.walmart.com/ip/Fitness-Ball-By-BODYSPORT-TEAL-85-cm-Large-Exercise-Balls-Great-for-Yoga-Pilates-Desk-Chair-FREE-Pump-Exercise-Guide-Included/112933932",
        "price": "$15.99",
        "stars": "5.0",
        "ratings": "1 ",
        "img": "",
        "tags": []
    },
    {
        "title": "Avia Digital Stopwatch, Black",
        "url": "https://www.walmart.com/ip/Avia-Digital-Stopwatch-Black/613651240",
        "price": "$10.76",
        "stars": 0,
        "ratings": 0,
        "img": "i5.walmartimages.com/asr/975aeef0-e3e8-478f-a0a5-888c99dccf1b_1.17294f4fbf4df316103c74d1cdd3f87a.jpeg?odnWidth=612&odnHeight=612&odnBg=ffffff",
        "tags": [
            [
                "Basketball Training",
                "/browse/sports-outdoors/basketball-training/4125_4161_4165_1075708"
            ],
            [
                "Softball Training Equipment",
                "/browse/sports-outdoors/softball-training-equipment/4125_4161_4169_131879"
            ],
            [
                "Stopwatches",
                "/browse/sports-outdoors/stopwatches/4125_4134_1078104_1597973"
            ],
            [
                "Pitching Machines",
                "/browse/sports-outdoors/pitching-machines/4125_4161_4162_1692608"
            ],
            [
                "Baseball Nets, Screens, and Rebounders",
                "/browse/sports-outdoors/baseball-nets-screens-rebounders/4125_4161_4162_4328068"
            ],
            [
                "All Exercise and Fitness Accessories",
                "/browse/sports-outdoors/all-exercise-fitness-accessories/4125_4134_1078104_4524158"
            ],
            [
                "Batting Tees",
                "/browse/sports-outdoors/batting-tees/4125_4161_4162_8787458"
            ],
            [
                "Softball Pitching Machines",
                "/browse/sports-outdoors/softball-pitching-machines/4125_4161_4169_9594695"
            ]
        ]
    },
    {
        "title": "Goplus Stationary Exercise Magnetic Cycling Bike 30Lbs Flywheel Home Gym Cardio Workout",
        "url": "https://www.walmart.com/ip/Goplus-Stationary-Exercise-Magnetic-Cycling-Bike-30Lbs-Flywheel-Home-Gym-Cardio-Workout/718978660",
        "price": "$259.99",
        "stars": "4.8",
        "ratings": "4 ",
        "img": "i5.walmartimages.com/asr/b0efeb6f-903a-4998-b304-78831516df03_1.e5181dd2e69081f3d5f446395d283e87.jpeg?odnWidth=612&odnHeight=612&odnBg=ffffff",
        "tags": [
            [
                "Kids' Balance Bikes",
                "/browse/sports-outdoors/kids-balance-bikes/4125_1081404_9240575_1096244"
            ],
            [
                "Bike Water Bottle Cages",
                "/browse/sports-outdoors/bike-water-bottle-cages/4125_1081404_5848968_1790042"
            ],
            [
                "Rowing Machines",
                "/browse/sports-outdoors/rowing-machines/4125_4134_1074324_2725361"
            ],
            [
                "Bike Repair Stands",
                "/browse/sports-outdoors/bike-repair-stands/4125_1081404_5848968_4998116_3724152"
            ],
            [
                "Indoor Cycling Bikes",
                "/browse/sports-outdoors/indoor-cycling-bikes/4125_4134_1074324_6143329_7349527"
            ],
            [
                "Recumbent Exercise Bikes",
                "/browse/sports-outdoors/recumbent-exercise-bikes/4125_4134_1074324_6143329_8446798"
            ],
            [
                "Upright Exercise Bikes",
                "/browse/sports-outdoors/upright-exercise-bikes/4125_4134_1074324_6143329_9467098"
            ],
            [
                "Functional Cardio",
                "/browse/sports-outdoors/functional-cardio/4125_4134_1074324_9514199"
            ]
        ]
    },
    {
        "title": "114\" Adjustable Jumping Rope for Kids and Adult,  Exercise Skip Rope Speed Jum Rope with Short Rope Mode, Calories Counting, Timer",
        "url": "https://www.walmart.com/ip/114-Adjustable-Jumping-Rope-for-Kids-and-Adult-Exercise-Skip-Rope-Speed-Jum-Rope-with-Short-Rope-Mode-Calories-Counting-Timer/338768679",
        "price": "$15.99",
        "stars": "4.9",
        "ratings": "7 ",
        "img": "i5.walmartimages.com/asr/78876eeb-0da1-4a98-9c4f-48e49846e1c5_1.cad9bcc55e39043f40c65f6f185abe82.jpeg?odnWidth=612&odnHeight=612&odnBg=ffffff",
        "tags": [
            [
                "Track & Field Equipment",
                "/browse/sports-outdoors/track-field-equipment/4125_4161_1043928"
            ],
            [
                "Loop Bands",
                "/browse/sports-outdoors/loop-bands/4125_4134_1078104_9133250_1078204"
            ],
            [
                "Savings on Fitness Accessories",
                "/browse/sports-outdoors/savings-fitness-accessories/4125_4122780_1422465"
            ],
            [
                "Bike Water Bottle Cages",
                "/browse/sports-outdoors/bike-water-bottle-cages/4125_1081404_5848968_1790042"
            ],
            [
                "CrossFit Training",
                "/browse/sports-outdoors/crossfit-training/4125_4134_2760213_3257386"
            ],
            [
                "All Exercise and Fitness Accessories",
                "/browse/sports-outdoors/all-exercise-fitness-accessories/4125_4134_1078104_4524158"
            ],
            [
                "Resistance Tubes",
                "/browse/sports-outdoors/resistance-tubes/4125_4134_1078104_9133250_5121985"
            ],
            [
                "Field Equipment & Accessories",
                "/browse/sports-outdoors/field-equipment-accessories/4125_4161_523561"
            ]
        ]
    }
]