[
    {
        "title": "Goodyear 26\" x 1.9\"-2.3\" Heavy Duty Bike Tube, 2 Pack with levers",
        "url": "https://www.walmart.com/ip/Goodyear-26-x-1-9-2-3-Heavy-Duty-Bike-Tube-2-Pack-with-levers/452316519",
        "price": "$9.96",
        "stars": "4.9",
        "ratings": "17 ",
        "img": "i5.walmartimages.com/asr/2b3a0a59-8cd2-4460-bf12-2456fe4bf806_1.ea96643e3e392ea131fd1f252ff29bd6.jpeg?odnWidth=612&odnHeight=612&odnBg=ffffff",
        "tags": [
            [
                "Realtree Bikes & Bike Accessories",
                "/browse/sports-outdoors/realtree-bikes-bike-accessories/4125_546956_8065244_3037335_2035993"
            ],
            [
                "Bike Tire and Wheel Tools",
                "/browse/sports-outdoors/bike-tire-wheel-tools/4125_1081404_5848968_3513593_2214162"
            ],
            [
                "Bike Baskets",
                "/browse/sports-outdoors/bike-baskets/4125_1081404_5848968_3824272"
            ],
            [
                "Men's Hunting Tops",
                "/browse/sports-outdoors/mens-hunting-tops/4125_546956_4155_4363790_7894950_3985527"
            ],
            [
                "Bike Helmets",
                "/browse/sports-outdoors/bike-helmets/4125_1081404_7258752_6249551"
            ],
            [
                "All Bike Components",
                "/browse/sports-outdoors/all-bike-components/4125_1081404_7650685_7412229"
            ],
            [
                "Bike Tires",
                "/browse/sports-outdoors/bike-tires/4125_1081404_7650685_9086523"
            ]
        ]
    },
    {
        "title": "CLIF Kid Zbar Protein Granola Bars, Gluten Free, Peanut Butter Chocolate, 5 Ct, 1.27 oz",
        "url": "https://www.walmart.com/ip/CLIF-Kid-Zbar-Protein-Granola-Bars-Gluten-Free-Peanut-Butter-Chocolate-5-Ct-1-27-oz/40184517",
        "price": "$3.51",
        "stars": "4.9",
        "ratings": "17 ",
        "img": "i5.walmartimages.com/asr/00663342-8d36-403c-9e14-a11e3c567d5a.3cb3150e88c28195c24756cfbd172482.jpeg?odnWidth=612&odnHeight=612&odnBg=ffffff",
        "tags": [
            [
                "Organic Foods",
                "/browse/food/organic-foods/976759_1228024_1228017"
            ],
            [
                "Energy Boosting Breakfast",
                "/browse/food/energy-boosting-breakfast/976759_976783_4066706"
            ],
            [
                "On-The-Go Bars",
                "/browse/food/on-the-go-bars/976759_1567409_3170630_4801990"
            ],
            [
                "Granola Bars",
                "/browse/food/granola-bars/976759_976787_1044154_5006109"
            ],
            [
                "Weight Management Bars",
                "/browse/food/weight-management-bars/976759_1567409_3170630_6275898"
            ],
            [
                "Home Workout Snacks and Beverages",
                "/browse/food/home-workout-snacks-beverages/976759_1567409_7702434"
            ],
            [
                "CLIF Bar Energy Bars and Protein Bars",
                "/browse/food/clif-bar-energy-bars-protein-bars/976759_976787_1044154_7838696"
            ],
            [
                "Non GMO Food",
                "/browse/food/non-gmo-food/976759_5004481_8102928"
            ]
        ]
    },
    {
        "title": "LittleMissMatched Magic Sequin Youth 8+ Bike Helmet, Purple",
        "url": "https://www.walmart.com/ip/LittleMissMatched-Magic-Sequin-Youth-8-Bike-Helmet-Purple/766416650",
        "price": "$24.97",
        "stars": "4.8",
        "ratings": "64 ",
        "img": "i5.walmartimages.com/asr/9bf78e14-8d3b-447f-9dfe-15cbfe3e59a2_1.20d3800e9b1e73a295b5b05f150384f5.jpeg?odnWidth=612&odnHeight=612&odnBg=ffffff",
        "tags": [
            [
                "Kids' Bikes & Riding Knee Pads",
                "/browse/toys/kids-bikes-riding-knee-pads/4171_133073_5310116_9137144_1225457"
            ],
            [
                "BIkes for Girls",
                "/browse/toys/bikes-for-girls/4171_1228477_3574057_1533396"
            ],
            [
                "All Trolls Toys",
                "/browse/toys/all-trolls-toys/4171_7357538_9587579_3802039"
            ],
            [
                "Skateboard Accessories",
                "/browse/toys/skateboard-accessories/4171_133073_7200693_5249"
            ],
            [
                "Razor Sport Helmets",
                "/browse/toys/razor-sport-helmets/4171_3438149_6621100_6366016"
            ],
            [
                "PAW Patrol Toys",
                "/browse/toys/paw-patrol-toys/4171_3438149_8288276"
            ],
            [
                "Razor Knee & Elbow Pads",
                "/browse/toys/razor-knee-elbow-pads/4171_3438149_6621100_8912026"
            ],
            [
                "Frozen Kids Bikes & Riding Toys",
                "/browse/toys/frozen-kids-bikes-riding-toys/4171_7357538_6091150_9022265"
            ]
        ]
    },
    {
        "title": "Bell Disney's Frozen 2 Waterhorse Bike Helmet, Toddler 3+ (48-52 cm)",
        "url": "https://www.walmart.com/ip/Bell-Disney-s-Frozen-2-Waterhorse-Bike-Helmet-Toddler-3-48-52-cm/594731452",
        "price": "$8.58",
        "stars": "4.9",
        "ratings": "23 ",
        "img": "i5.walmartimages.com/asr/3e2d7607-e01d-4c5d-aad4-3bab366cd4ed_1.6987843bb91acb769551e11ee821da01.jpeg?odnWidth=612&odnHeight=612&odnBg=ffffff",
        "tags": [
            [
                "Kids' Bikes & Riding Knee Pads",
                "/browse/toys/kids-bikes-riding-knee-pads/4171_133073_5310116_9137144_1225457"
            ],
            [
                "BIkes for Girls",
                "/browse/toys/bikes-for-girls/4171_1228477_3574057_1533396"
            ],
            [
                "All Disney Toys",
                "/browse/toys/all-disney-toys/4171_6909449_1773797"
            ],
            [
                "All Trolls Toys",
                "/browse/toys/all-trolls-toys/4171_7357538_9587579_3802039"
            ],
            [
                "Skateboard Accessories",
                "/browse/toys/skateboard-accessories/4171_133073_7200693_5249"
            ],
            [
                "Razor Sport Helmets",
                "/browse/toys/razor-sport-helmets/4171_3438149_6621100_6366016"
            ],
            [
                "PAW Patrol Toys",
                "/browse/toys/paw-patrol-toys/4171_3438149_8288276"
            ],
            [
                "Frozen Kids Bikes & Riding Toys",
                "/browse/toys/frozen-kids-bikes-riding-toys/4171_7357538_6091150_9022265"
            ]
        ]
    },
    {
        "title": "Slime Self-Sealing Smart Replacement Bike/Bicycle Inner Tube, Schrader 26\"x1 3/8 - 30044",
        "url": "https://www.walmart.com/ip/Slime-Self-Sealing-Smart-Replacement-Bike-Bicycle-Inner-Tube-Schrader-26-x1-3-8-30044/17209337",
        "price": "$6.96",
        "stars": "3.6",
        "ratings": "58 ",
        "img": "i5.walmartimages.com/asr/43578a1a-bdbb-4010-abc3-62f5ecb139d9_2.95543c25ae967cad3dd5ce3dbd6e19c2.jpeg?odnWidth=612&odnHeight=612&odnBg=ffffff",
        "tags": [
            [
                "Bike Tire and Wheel Tools",
                "/browse/sports-outdoors/bike-tire-wheel-tools/4125_1081404_5848968_3513593_2214162"
            ],
            [
                "Mountain Bikes",
                "/browse/sports-outdoors/mountain-bikes/4125_1081404_1230089_2768744"
            ],
            [
                "Bike Tools",
                "/browse/sports-outdoors/bike-tools/4125_1081404_5848968_5880411"
            ],
            [
                "Bike Brakes",
                "/browse/sports-outdoors/bike-brakes/4125_1081404_7650685_5936035"
            ],
            [
                "Weight Lifting Gloves",
                "/browse/sports-outdoors/weight-lifting-gloves/4125_4134_1026285_7482840_6745989"
            ],
            [
                "All Bike Components",
                "/browse/sports-outdoors/all-bike-components/4125_1081404_7650685_7412229"
            ],
            [
                "Bike Tires",
                "/browse/sports-outdoors/bike-tires/4125_1081404_7650685_9086523"
            ],
            [
                "All Cards and Casino",
                "/browse/sports-outdoors/all-cards-casino/4125_1224931_4158_6997359_9920324"
            ]
        ]
    },
    {
        "title": "Goodyear 18\" x 1.75\"-2.125\" Heavy Duty Bike Tube, Black",
        "url": "https://www.walmart.com/ip/Goodyear-18-x-1-75-2-125-Heavy-Duty-Bike-Tube-Black/160495520",
        "price": "$6.96",
        "stars": "4.9",
        "ratings": "16 ",
        "img": "i5.walmartimages.com/asr/2b70b011-f5f0-451f-8063-5a614a371402_1.82dd98a7ac9a022f75764410fe43209d.jpeg?odnWidth=612&odnHeight=612&odnBg=ffffff",
        "tags": [
            [
                "Bike Tire and Wheel Tools",
                "/browse/sports-outdoors/bike-tire-wheel-tools/4125_1081404_5848968_3513593_2214162"
            ],
            [
                "Mountain Bikes",
                "/browse/sports-outdoors/mountain-bikes/4125_1081404_1230089_2768744"
            ],
            [
                "Bike Wheels",
                "/browse/sports-outdoors/bike-wheels/4125_1081404_7650685_3498239"
            ],
            [
                "Bike Tools",
                "/browse/sports-outdoors/bike-tools/4125_1081404_5848968_5880411"
            ],
            [
                "All Bike Components",
                "/browse/sports-outdoors/all-bike-components/4125_1081404_7650685_7412229"
            ],
            [
                "Bike Handlebars",
                "/browse/sports-outdoors/bike-handlebars/4125_1081404_7650685_8636900"
            ],
            [
                "Bike Tires",
                "/browse/sports-outdoors/bike-tires/4125_1081404_7650685_9086523"
            ],
            [
                "Bike Pumps",
                "/browse/sports-outdoors/bike-pumps/4125_1081404_5848968_9835385"
            ]
        ]
    },
    {
        "title": "Zefal Adult Black Bike Helmet (Universal Adjustment, 24 Vents, Ages 14+)",
        "url": "https://www.walmart.com/ip/Zefal-Adult-Black-Bike-Helmet-Universal-Adjustment-24-Vents-Ages-14/24291925",
        "price": "$24.97",
        "stars": "4.5",
        "ratings": "71 ",
        "img": "i5.walmartimages.com/asr/2e30df0b-ca71-459c-94ff-e5b8e10063ce.9e3a49ee2b38b9c8fc48319d7fd7a1e9.jpeg?odnWidth=612&odnHeight=612&odnBg=ffffff",
        "tags": [
            [
                "Bike Gloves",
                "/browse/sports-outdoors/bike-gloves/4125_1081404_7258752_1475173"
            ],
            [
                "Bike Water Bottle Cages",
                "/browse/sports-outdoors/bike-water-bottle-cages/4125_1081404_5848968_1790042"
            ],
            [
                "Bike Lights",
                "/browse/sports-outdoors/bike-lights/4125_1081404_5848968_4037860"
            ],
            [
                "Bike Bags & Carriers",
                "/browse/sports-outdoors/bike-bags-carriers/4125_1081404_5848968_6312816"
            ],
            [
                "Bike Locks",
                "/browse/sports-outdoors/bike-locks/4125_1081404_5848968_6474494"
            ],
            [
                "Bike Water Bottles",
                "/browse/sports-outdoors/bike-water-bottles/4125_1081404_5848968_7113847"
            ],
            [
                "Bike Pumps",
                "/browse/sports-outdoors/bike-pumps/4125_1081404_5848968_9835385"
            ],
            [
                "Skateboard Helmets",
                "/browse/sports-outdoors/skateboard-helmets/4125_1224931_7628560_3297420_9909579"
            ]
        ]
    },
    {
        "title": "Raskullz Star Kitty Purple Bike Helmet, Child 5+ (50-54cm)",
        "url": "https://www.walmart.com/ip/Raskullz-Star-Kitty-Purple-Bike-Helmet-Child-5-50-54cm/213158602",
        "price": "$19.96",
        "stars": "4.8",
        "ratings": "29 ",
        "img": "i5.walmartimages.com/asr/d51f21f5-b90e-4650-8449-cdb1e9eb81b4.418b2b62e69520ea706cfe834a25a0b4.jpeg?odnWidth=612&odnHeight=612&odnBg=ffffff",
        "tags": [
            [
                "Kids' Bikes & Riding Knee Pads",
                "/browse/toys/kids-bikes-riding-knee-pads/4171_133073_5310116_9137144_1225457"
            ],
            [
                "BIkes for Girls",
                "/browse/toys/bikes-for-girls/4171_1228477_3574057_1533396"
            ],
            [
                "All Trolls Toys",
                "/browse/toys/all-trolls-toys/4171_7357538_9587579_3802039"
            ],
            [
                "Kids Scooter",
                "/browse/toys/kids-scooter/4171_133073_6774653_4137853_3209634_5215359"
            ],
            [
                "Skateboard Accessories",
                "/browse/toys/skateboard-accessories/4171_133073_7200693_5249"
            ],
            [
                "Razor Sport Helmets",
                "/browse/toys/razor-sport-helmets/4171_3438149_6621100_6366016"
            ],
            [
                "PAW Patrol Toys",
                "/browse/toys/paw-patrol-toys/4171_3438149_8288276"
            ],
            [
                "Frozen Kids Bikes & Riding Toys",
                "/browse/toys/frozen-kids-bikes-riding-toys/4171_7357538_6091150_9022265"
            ]
        ]
    },
    {
        "title": "Nuun Energy Mango Orange Electrolyte & Caffeine Supplement, 1.9 oz.",
        "url": "https://www.walmart.com/ip/Nuun-Energy-Mango-Orange-Electrolyte-Caffeine-Supplement-1-9-oz/100716866",
        "price": "$5.98",
        "stars": 0,
        "ratings": 0,
        "img": "i5.walmartimages.com/asr/02d83b80-8025-43a3-9aba-6889e5c6f885_1.496be76a49d6fdd8653f564d3bab186d.png?odnWidth=612&odnHeight=612&odnBg=ffffff",
        "tags": [
            [
                "Supplements",
                "/browse/health/supplements/976760_1005863_1091528"
            ],
            [
                "Nuun",
                "/browse/health/nuun/976760_2351592_1770032_1455133"
            ],
            [
                "Sundown Naturals Vitamins and Supplements",
                "/browse/health/sundown-naturals-vitamins-supplements/976760_1005863_1554805"
            ],
            [
                "Hydralyte Tablets",
                "/browse/health/hydralyte-tablets/976760_2351592_1770032_3578889"
            ],
            [
                "Hydralyte",
                "/browse/health/hydralyte/976760_2351592_1770032_5307665"
            ],
            [
                "Pedialyte Powder",
                "/browse/health/pedialyte-powder/976760_2351592_1770032_6864391"
            ],
            [
                "Energy & Endurance",
                "/browse/health/energy-endurance/976760_1166769_6915711"
            ],
            [
                "All Vitamins & Supplements",
                "/browse/health/all-vitamins-supplements/976760_1005863_8090261"
            ]
        ]
    },
    {
        "title": "Orgain Protein Snack Bar Chocolate Chip Cookie Dough, 4 Ct",
        "url": "https://www.walmart.com/ip/Orgain-Protein-Snack-Bar-Chocolate-Chip-Cookie-Dough-4-Ct/179473177",
        "price": "$5.96",
        "stars": 0,
        "ratings": 0,
        "img": "i5.walmartimages.com/asr/463a9579-3b00-4891-987a-3395087c7495_1.7eb46ef07feabd0308050d7f5d851f33.jpeg?odnWidth=612&odnHeight=612&odnBg=ffffff",
        "tags": [
            [
                "On-the-Go Nutrition",
                "/browse/health/on-the-go-nutrition/976760_1005859_1006979"
            ],
            [
                "Protein Shakes",
                "/browse/health/protein-shakes/976760_1166769_1282185"
            ],
            [
                "Plant Protein Blend",
                "/browse/health/plant-protein-blend/976760_1166769_5693893_2213028"
            ],
            [
                "Plant Protein Bars",
                "/browse/health/plant-protein-bars/976760_4230586_5963862"
            ],
            [
                "Natural Alternatives",
                "/browse/health/natural-alternatives/976760_5813114_5887725_6074343"
            ],
            [
                "Protein & Fitness for Active Moms",
                "/browse/health/protein-fitness-for-active-moms/976760_1166769_7924536"
            ],
            [
                "Protein Bars",
                "/browse/health/protein-bars/976760_1166769_9653112"
            ]
        ]
    }
]