[
    {
        "title": "Crosman Metal Spinning Target, Use with .177 And .22 Caliber Lead Pellets, CSLT",
        "url": "https://www.walmart.com/ip/Crosman-Metal-Spinning-Target-Use-with-177-And-22-Caliber-Lead-Pellets-CSLT/45848934",
        "price": "$10.54",
        "stars": "4.0",
        "ratings": "121 ",
        "img": "",
        "tags": [
            [
                "Gun Accessories",
                "/browse/sports-outdoors/gun-accessories/4125_546956_1107532_1110770_1080265"
            ],
            [
                "Ammunition Accessories",
                "/browse/sports-outdoors/ammunition-accessories/4125_546956_1107532_1080108_1088608"
            ],
            [
                "BB Gun Parts",
                "/browse/sports-outdoors/bb-gun-parts/4125_546956_1390220_2909700_1224812_1224811"
            ],
            [
                "BB Ammo",
                "/browse/sports-outdoors/bb-ammo/4125_546956_1390220_2909700_1224812_1224813"
            ],
            [
                "Pellet Gun Ammunition",
                "/browse/sports-outdoors/pellet-gun-ammunition/4125_546956_1390220_2909700_1377875"
            ],
            [
                "Pellet Gun Targets",
                "/browse/sports-outdoors/pellet-gun-targets/4125_546956_1390220_2909700_2365006"
            ],
            [
                "Archery Targets",
                "/browse/sports-outdoors/archery-targets/4125_546956_4155_532292_6462813_6959117"
            ],
            [
                "Crosman Favorites",
                "/browse/sports-outdoors/crosman-favorites/4125_4122780_8598426"
            ]
        ]
    },
    {
        "title": "Coleman Oversized Quad Folding Camp Chair with Cooler Pouch, Red",
        "url": "https://www.walmart.com/ip/Coleman-Oversized-Quad-Folding-Camp-Chair-with-Cooler-Pouch-Red/20594237",
        "price": "$34.99",
        "stars": "4.6",
        "ratings": "589 ",
        "img": "",
        "tags": [
            [
                "Oversized Camping Chairs",
                "/browse/sports-outdoors/oversized-camping-chairs/4125_546956_4128_1080625_6170779_1853240"
            ],
            [
                "Coleman Camping Furniture",
                "/browse/sports-outdoors/coleman-camping-furniture/4125_546956_4128_2487866_6320218_3223156"
            ],
            [
                "Quad Camping Chairs",
                "/browse/sports-outdoors/quad-camping-chairs/4125_546956_4128_1080625_6170779_3968571"
            ],
            [
                "Ozark Trail Camping Furniture",
                "/browse/sports-outdoors/ozark-trail-camping-furniture/4125_546956_4128_2487866_2559937_5345707"
            ],
            [
                "Weather Camping Chairs",
                "/browse/sports-outdoors/weather-camping-chairs/4125_546956_4128_1080625_6170779_5416307"
            ],
            [
                "Ultralight Camping Chairs",
                "/browse/sports-outdoors/ultralight-camping-chairs/4125_546956_4128_1080625_6170779_6762215"
            ],
            [
                "All Camping Furniture",
                "/browse/sports-outdoors/all-camping-furniture/4125_546956_4128_1080625_7883270"
            ],
            [
                "Directors Camping Chairs",
                "/browse/sports-outdoors/directors-camping-chairs/4125_546956_4128_1080625_6170779_9671837"
            ]
        ]
    },
    {
        "title": "LR41 Button Cell Battery, 10 Pack",
        "url": "https://www.walmart.com/ip/LR41-Button-Cell-Battery-10-Pack/189491491",
        "price": "$7.95",
        "stars": "4.3",
        "ratings": "38 ",
        "img": "i5.walmartimages.com/asr/58412c06-4eb0-40ec-b9b6-039f1fbb97ff_1.9764a9f24db09961596bb63b66ef71e0.jpeg?odnWidth=612&odnHeight=612&odnBg=ffffff",
        "tags": [
            [
                "AA Batteries",
                "/browse/household-essentials/aa-batteries/1115193_1076905_4272101"
            ],
            [
                "Large Trash Bags",
                "/browse/household-essentials/large-trash-bags/1115193_1073264_1149385_4759941"
            ],
            [
                "Tough Job & Outdoor Trash Bags",
                "/browse/household-essentials/tough-job-outdoor-trash-bags/1115193_1073264_1149385_5503871"
            ],
            [
                "C Batteries",
                "/browse/household-essentials/c-batteries/1115193_1076905_6075641"
            ],
            [
                "All Batteries",
                "/browse/household-essentials/all-batteries/1115193_1076905_6083492"
            ],
            [
                "D Batteries",
                "/browse/household-essentials/d-batteries/1115193_1076905_6501628"
            ],
            [
                "AAA Batteries",
                "/browse/household-essentials/aaa-batteries/1115193_1076905_6635703"
            ],
            [
                "Rayovac",
                "/browse/household-essentials/rayovac/1115193_8250903_7038378"
            ]
        ]
    },
    {
        "title": "ChromaCast Defense Disposable Clear Nylon Work Bench Gloves, Latex Free, Large",
        "url": "https://www.walmart.com/ip/ChromaCast-Defense-Disposable-Clear-Nylon-Work-Bench-Gloves-Latex-Free-Large/499981143",
        "price": "$11.98",
        "stars": 0,
        "ratings": 0,
        "img": "i5.walmartimages.com/asr/55a048df-5617-49d9-b34d-f0b897a5e644.0019520be53792023ad00f92722f508f.jpeg?odnWidth=612&odnHeight=612&odnBg=ffffff",
        "tags": []
    },
    {
        "title": "Ozark Trail Weather Resistant Medium-Duty Tarp, 16' x 30'",
        "url": "https://www.walmart.com/ip/Ozark-Trail-Weather-Resistant-Medium-Duty-Tarp-16-x-30/17237333",
        "price": "$35.73",
        "stars": "4.5",
        "ratings": "125 ",
        "img": "i5.walmartimages.com/asr/2ccd9677-fa68-4bc0-91e7-3fd21feb7980_1.8a320292b8759510d4d704acef20b341.jpeg?odnWidth=612&odnHeight=612&odnBg=ffffff",
        "tags": [
            [
                "Coleman Camping Accessories",
                "/browse/sports-outdoors/coleman-camping-accessories/4125_546956_4128_2487866_6320218_2665896"
            ],
            [
                "Ozark Trail Camping Accessories",
                "/browse/sports-outdoors/ozark-trail-camping-accessories/4125_546956_4128_2487866_2559937_4438585"
            ],
            [
                "Tent Stakes",
                "/browse/sports-outdoors/tent-stakes/4125_546956_4128_887708_1508730_4694237"
            ],
            [
                "Canopy Tents",
                "/browse/sports-outdoors/canopy-tents/4125_546956_4128_55558_5272439"
            ],
            [
                "Canopy Accessories",
                "/browse/sports-outdoors/canopy-accessories/4125_546956_4128_55558_6090520"
            ],
            [
                "Father's Day - Tents",
                "/browse/sports-outdoors/fathers-day-tents/4125_4122780_9210691"
            ],
            [
                "Canopies",
                "/browse/sports-outdoors/canopies/4125_546956_4128_55558_9530923"
            ]
        ]
    },
    {
        "title": "HotHands 8 Hour Adhesive Toe Warmer | 40 Pair Display",
        "url": "https://www.walmart.com/ip/HotHands-8-Hour-Adhesive-Toe-Warmer-40-Pair-Display/10910810",
        "price": "$26.84",
        "stars": "4.6",
        "ratings": "67 ",
        "img": "i5.walmartimages.com/asr/f66eb962-b1bd-45a3-82df-ee5ba5f6cec5_1.44590a2365457abc46a96ee4585abe2e.jpeg?odnWidth=612&odnHeight=612&odnBg=ffffff",
        "tags": [
            [
                "Water Bottles & Hydration",
                "/browse/sports-outdoors/water-bottles-hydration/4125_546956_4128_1080844_1080865"
            ],
            [
                "Mossy Oak Women's Hats",
                "/browse/sports-outdoors/mossy-oak-womens-hats/4125_546956_6562596_2345183_4417931"
            ],
            [
                "Ozark Trail Camping Accessories",
                "/browse/sports-outdoors/ozark-trail-camping-accessories/4125_546956_4128_2487866_2559937_4438585"
            ],
            [
                "Ozark Trail Camp Kitchen",
                "/browse/sports-outdoors/ozark-trail-camp-kitchen/4125_546956_4128_2487866_2559937_5002692"
            ],
            [
                "Stainless Steel Water Bottles",
                "/browse/sports-outdoors/stainless-steel-water-bottles/4125_546956_4128_2242359_5263681"
            ],
            [
                "Emergency Preparedness",
                "/browse/sports-outdoors/emergency-preparedness/4125_546956_4128_605286"
            ],
            [
                "Water Bottles",
                "/browse/sports-outdoors/water-bottles/4125_546956_4128_2242359_6222898"
            ],
            [
                "Men's Mossy Oak Gloves & Handwear",
                "/browse/sports-outdoors/mens-mossy-oak-gloves-handwear/4125_546956_6562596_7727941"
            ]
        ]
    },
    {
        "title": "Duracell Hearing Aid Batteries with Easy-Fit Tab, Size 10, 24 Pack",
        "url": "https://www.walmart.com/ip/Duracell-Hearing-Aid-Batteries-with-Easy-Fit-Tab-Size-10-24-Pack/23810304",
        "price": "$14.97",
        "stars": "4.3",
        "ratings": "18 ",
        "img": "i5.walmartimages.com/asr/a9e97135-4d43-4c4c-b747-2117b570fb79_1.90df47b09fad29f9f9d5dab3759db91f.png?odnWidth=612&odnHeight=612&odnBg=ffffff",
        "tags": []
    },
    {
        "title": "Ozark Trail 4-piece Cast Iron Skillet Set with Handles and Griddle",
        "url": "https://www.walmart.com/ip/Ozark-Trail-4-piece-Cast-Iron-Skillet-Set-with-Handles-and-Griddle/303376707",
        "price": "$20.00",
        "stars": "4.5",
        "ratings": "69 ",
        "img": "i5.walmartimages.com/asr/9b618565-e095-442c-8c33-c9766e9544c6_2.0924cc0b309e86d3db3459cbf4867df1.jpeg?odnWidth=612&odnHeight=612&odnBg=ffffff",
        "tags": [
            [
                "Camping Cookware",
                "/browse/sports-outdoors/camping-cookware/4125_546956_4128_1080705_1080765"
            ],
            [
                "Camp Cooking Accessories",
                "/browse/sports-outdoors/camp-cooking-accessories/4125_546956_4128_1080705_1080785"
            ],
            [
                "Camping Dinnerware",
                "/browse/sports-outdoors/camping-dinnerware/4125_546956_4128_1080705_1795416"
            ],
            [
                "Coleman Camp Kitchen",
                "/browse/sports-outdoors/coleman-camp-kitchen/4125_546956_4128_2487866_6320218_3539156"
            ],
            [
                "Ozark Trail Camp Kitchen",
                "/browse/sports-outdoors/ozark-trail-camp-kitchen/4125_546956_4128_2487866_2559937_5002692"
            ],
            [
                "All Camping Accessories",
                "/browse/sports-outdoors/all-camping-accessories/4125_546956_4128_1080844_7025478"
            ],
            [
                "All Camping Lights & Lanterns",
                "/browse/sports-outdoors/all-camping-lights-lanterns/4125_546956_4128_645883_7071965"
            ],
            [
                "Ozark Trail Camping Lights & Lanterns",
                "/browse/sports-outdoors/ozark-trail-camping-lights-lanterns/4125_546956_4128_645883_8817699"
            ]
        ]
    },
    {
        "title": "Contigo SnapSeal Byron Vacuum-Insulated Stainless Steel Travel Mug, 16 oz, Gunmetal",
        "url": "https://www.walmart.com/ip/Contigo-SnapSeal-Byron-Vacuum-Insulated-Stainless-Steel-Travel-Mug-16-oz-Gunmetal/163100845",
        "price": "$8.99",
        "stars": "3.9",
        "ratings": "671 ",
        "img": "",
        "tags": [
            [
                "Plastic Water Bottles",
                "/browse/home/plastic-water-bottles/4044_623679_639999_7751805_4269055_7285309_2888798"
            ],
            [
                "Shop All Water Bottles",
                "/browse/home/shop-all-water-bottles/4044_623679_639999_7751805_4269055_2976621"
            ],
            [
                "Kids Tableware",
                "/browse/home/kids-tableware/4044_623679_639999_3333102"
            ],
            [
                "Shop All Tumblers",
                "/browse/home/shop-all-tumblers/4044_623679_639999_7751805_1376910_3549593"
            ],
            [
                "Contigo Water Bottles",
                "/browse/home/contigo-water-bottles/4044_623679_639999_7751805_4269055_1373149_4722352"
            ],
            [
                "Kids' Water Bottles",
                "/browse/home/kids-water-bottles/4044_623679_639999_7751805_4269055_7270555"
            ],
            [
                "Drinking Glasses",
                "/browse/home/drinking-glasses/4044_623679_639999_3148543_9876688"
            ],
            [
                "Dorm Dining & Hydration",
                "/browse/home/dorm-dining-hydration/4044_1225301_1225229_9951877"
            ]
        ]
    },
    {
        "title": "Bubba Trailblazer Stainless Steel Water Bottle with Straw | Insulated Water Bottle with Straw Spout, 40 oz, Very Berry Blue",
        "url": "https://www.walmart.com/ip/Bubba-Trailblazer-Stainless-Steel-Water-Bottle-with-Straw-Insulated-Water-Bottle-with-Straw-Spout-40-oz-Very-Berry-Blue/683502548",
        "price": "$14.98",
        "stars": "4.5",
        "ratings": "154 ",
        "img": "i5.walmartimages.com/asr/c6df04f9-124d-4ab6-9495-dc5c135c7207_1.c2122e970766d3213965ac39209465d5.jpeg?odnWidth=612&odnHeight=612&odnBg=ffffff",
        "tags": [
            [
                "Shop All Food Storage Containers",
                "/browse/home/shop-all-food-storage-containers/4044_623679_1032619_5842891_2687119"
            ],
            [
                "Plastic Water Bottles",
                "/browse/home/plastic-water-bottles/4044_623679_639999_7751805_4269055_7285309_2888798"
            ],
            [
                "Travel Mugs",
                "/browse/home/travel-mugs/4044_623679_639999_7751805_3759938"
            ],
            [
                "Flasks",
                "/browse/home/flasks/4044_623679_639999_4434841_4011726"
            ],
            [
                "Contigo Water Bottles",
                "/browse/home/contigo-water-bottles/4044_623679_639999_7751805_4269055_1373149_4722352"
            ],
            [
                "Bubba Water Bottles",
                "/browse/home/bubba-water-bottles/4044_623679_639999_7751805_4269055_1373149_6325857"
            ],
            [
                "Kids' Water Bottles",
                "/browse/home/kids-water-bottles/4044_623679_639999_7751805_4269055_7270555"
            ],
            [
                "Thermoses",
                "/browse/home/thermoses/4044_623679_639999_7751805_9823303"
            ]
        ]
    }
]