[
    {
        "title": "Lizard Skins 0.5mm Baseball Bat Grip",
        "url": "https://www.walmart.com/ip/Lizard-Skins-0-5mm-Baseball-Bat-Grip/183000710",
        "price": "$10.99",
        "stars": 0,
        "ratings": 0,
        "img": "i5.walmartimages.com/asr/195bc0e7-fbf2-45c8-b635-963c02fb7333_1.40191f233219d83552a906a3f8c4220f.jpeg?odnWidth=612&odnHeight=612&odnBg=ffffff",
        "tags": [
            [
                "Kids' Wall Art",
                "/browse/home/kids-wall-art/4044_1154295_1156072_1157381"
            ],
            [
                "Dorm Study Essentials",
                "/browse/home/dorm-study-essentials/4044_1225301_1225229_8079634_1921657"
            ],
            [
                "Sports Decor",
                "/browse/home/sports-decor/4044_133012_2054382"
            ],
            [
                "Ocean Decor",
                "/browse/home/ocean-decor/4044_133012_5584707"
            ],
            [
                "Movie Posters",
                "/browse/home/movie-posters/4044_133012_1045881_5633677_6791740"
            ],
            [
                "Wall Maps",
                "/browse/home/wall-maps/4044_133012_1045881_8529998"
            ],
            [
                "Celebrity Posters",
                "/browse/home/celebrity-posters/4044_133012_1045881_5633677_8807687"
            ],
            [
                "Space Decor",
                "/browse/home/space-decor/4044_133012_8833148"
            ]
        ]
    },
    {
        "title": "SKLZ Star-Kick Hands Free Adjustable Solo Soccer Trainer, Black",
        "url": "https://www.walmart.com/ip/SKLZ-Star-Kick-Hands-Free-Adjustable-Solo-Soccer-Trainer-Black/4545270",
        "price": "$14.95",
        "stars": "4.4",
        "ratings": "23 ",
        "img": "i5.walmartimages.com/asr/908ccc75-eea1-4f90-beb2-ee0a87af95cc_1.fd94a3195e3ff6e3ca9a809b1d7c9e25.jpeg?odnWidth=612&odnHeight=612&odnBg=ffffff",
        "tags": [
            [
                "Soccer Accessories",
                "/browse/sports-outdoors/soccer-accessories/4125_4161_432196_1041860"
            ],
            [
                "Soccer Balls",
                "/browse/sports-outdoors/soccer-balls/4125_4161_432196_1075746"
            ],
            [
                "Soccer Uniforms",
                "/browse/sports-outdoors/soccer-uniforms/4125_4161_432196_1075748"
            ],
            [
                "Soccer Goals",
                "/browse/sports-outdoors/soccer-goals/4125_4161_432196_432197"
            ],
            [
                "Size 4 Soccer Balls",
                "/browse/sports-outdoors/size-4-soccer-balls/4125_4161_432196_5091121"
            ],
            [
                "Size 5 Soccer Balls",
                "/browse/sports-outdoors/size-5-soccer-balls/4125_4161_432196_6173689"
            ],
            [
                "Size 3 Soccer Balls",
                "/browse/sports-outdoors/size-3-soccer-balls/4125_4161_432196_8773577"
            ],
            [
                "Agility Ladders & Training",
                "/browse/sports-outdoors/agility-ladders-training/4125_4134_1078104_9659131"
            ]
        ]
    },
    {
        "title": "Umbro Tristar Soccer Ball, Size 5",
        "url": "https://www.walmart.com/ip/Umbro-Tristar-Soccer-Ball-Size-5/277376014",
        "price": "$18.94",
        "stars": "4.8",
        "ratings": "22 ",
        "img": "i5.walmartimages.com/asr/fcc19c82-3182-49bd-8d05-cfd90199bc88.0675aa111eafcc66225336e5bca8d7b3.jpeg?odnWidth=612&odnHeight=612&odnBg=ffffff",
        "tags": []
    },
    {
        "title": "Srixon Z-Star XV Golf Balls, 12 Pack",
        "url": "https://www.walmart.com/ip/Srixon-Z-Star-XV-Golf-Balls-12-Pack/647830966",
        "price": "$38.00",
        "stars": 0,
        "ratings": 0,
        "img": "i5.walmartimages.com/asr/ecb409b0-fefb-464a-832f-e302ddb0e6f4_1.36242af72ac340a91b2901be897276cf.jpeg?odnWidth=612&odnHeight=612&odnBg=ffffff",
        "tags": [
            [
                "Sports Equipment Fan Shop",
                "/browse/sports-outdoors/sports-equipment-fan-shop/4125_1063984_1064023_1064047"
            ],
            [
                "Callaway Golf",
                "/browse/sports-outdoors/callaway-golf/4125_4161_4152_1259729"
            ],
            [
                "Kansas City Chiefs Accessories",
                "/browse/sports-outdoors/kansas-city-chiefs-accessories/4125_1063984_1423455_4112216_1600851"
            ],
            [
                "Bridgestone Golf Balls",
                "/browse/sports-outdoors/bridgestone-golf-balls/4125_4161_4152_3051085"
            ],
            [
                "Srixon",
                "/browse/sports-outdoors/srixon/4125_4161_4152_3401989"
            ],
            [
                "Callaway Golf Balls",
                "/browse/sports-outdoors/callaway-golf-balls/4125_4161_4152_6954186"
            ],
            [
                "Used Golf Balls",
                "/browse/sports-outdoors/used-golf-balls/4125_4161_4152_7802391"
            ],
            [
                "Bridgestone Golf",
                "/browse/sports-outdoors/bridgestone-golf/4125_4161_4152_8870930"
            ]
        ]
    },
    {
        "title": "Pinemeadow Golf 64 Degree Wedge Right Hand",
        "url": "https://www.walmart.com/ip/Pinemeadow-Golf-64-Degree-Wedge-Right-Hand/12082040",
        "price": "$33.53",
        "stars": "4.7",
        "ratings": "12 ",
        "img": "",
        "tags": [
            [
                "Golf Hybrids",
                "/browse/sports-outdoors/golf-hybrids/4125_4161_4152_7064140_1459867"
            ],
            [
                "Golf Putters",
                "/browse/sports-outdoors/golf-putters/4125_4161_4152_7064140_2621195"
            ],
            [
                "Nike Golf Clubs",
                "/browse/sports-outdoors/nike-golf-clubs/4125_4161_4152_7064140_4123269"
            ],
            [
                "Pinemeadow Golf",
                "/browse/sports-outdoors/pinemeadow-golf/4125_4161_4152_4422394"
            ],
            [
                "Golf Accessories",
                "/browse/sports-outdoors/golf-accessories/4125_4161_4152_470543"
            ],
            [
                "Women's Golf Clubs",
                "/browse/sports-outdoors/womens-golf-clubs/4125_4161_4152_7064140_6804000"
            ],
            [
                "Left Handed Golf Clubs",
                "/browse/sports-outdoors/left-handed-golf-clubs/4125_4161_4152_7064140_8247124"
            ],
            [
                "Taylormade Golf Clubs",
                "/browse/sports-outdoors/taylormade-golf-clubs/4125_4161_4152_7064140_8637155"
            ]
        ]
    },
    {
        "title": "DALIX 20\" Sports Duffle Bag w Water Bottle Mesh and Valuables Pockets in Black",
        "url": "https://www.walmart.com/ip/DALIX-20-Sports-Duffle-Bag-w-Water-Bottle-Mesh-and-Valuables-Pockets-in-Black/188979523",
        "price": "$21.95",
        "stars": "4.2",
        "ratings": "64 ",
        "img": "i5.walmartimages.com/asr/196609d6-fa67-4ca5-91eb-e5132e73618e_1.3694e87a9cc30312633b48a0c1c4cfac.jpeg?odnWidth=612&odnHeight=612&odnBg=ffffff",
        "tags": [
            [
                "Softball Accessories",
                "/browse/sports-outdoors/softball-accessories/4125_4161_4169_1075690"
            ],
            [
                "Outdoor Products Backpacks",
                "/browse/sports-outdoors/outdoor-products-backpacks/4125_546956_4128_1319797_8052121_1453221"
            ],
            [
                "Travel & Duffel Bags",
                "/browse/sports-outdoors/travel-duffel-bags/4125_546956_4128_1319797_2015054"
            ],
            [
                "Stansport Backpacks",
                "/browse/sports-outdoors/stansport-backpacks/4125_546956_4128_1319797_8052121_2443298"
            ],
            [
                "Ozark Trail Backpacks",
                "/browse/sports-outdoors/ozark-trail-backpacks/4125_546956_4128_2487866_2559937_2804518"
            ],
            [
                "Bat Bags",
                "/browse/sports-outdoors/bat-bags/4125_4161_4162_6108797"
            ],
            [
                "Baseball Bags",
                "/browse/sports-outdoors/baseball-bags/4125_4161_4162_8202870"
            ],
            [
                "Softball Bags",
                "/browse/sports-outdoors/softball-bags/4125_4161_4169_9237341"
            ]
        ]
    },
    {
        "title": "IZZO Swami 6000 Handheld Golf GPS",
        "url": "https://www.walmart.com/ip/IZZO-Swami-6000-Handheld-Golf-GPS/356974316",
        "price": "$119.98",
        "stars": "3.7",
        "ratings": "13 ",
        "img": "i5.walmartimages.com/asr/d7780d06-3e03-4c35-b20e-7b92ef9e300c_1.779cf97ba197e85e68126b15b232394a.jpeg?odnWidth=612&odnHeight=612&odnBg=ffffff",
        "tags": [
            [
                "Golf Rangefinders",
                "/browse/sports-outdoors/golf-rangefinders/4125_4161_4152_2598172_1023519"
            ],
            [
                "Callaway Golf",
                "/browse/sports-outdoors/callaway-golf/4125_4161_4152_1259729"
            ],
            [
                "Golf Irons",
                "/browse/sports-outdoors/golf-irons/4125_4161_4152_7064140_2227583"
            ],
            [
                "Golf Accessories",
                "/browse/sports-outdoors/golf-accessories/4125_4161_4152_470543"
            ],
            [
                "Tour Edge Golf",
                "/browse/sports-outdoors/tour-edge-golf/4125_4161_4152_6591164"
            ],
            [
                "GolfBuddy",
                "/browse/sports-outdoors/golfbuddy/4125_4161_4152_7889580"
            ],
            [
                "Golf Watches",
                "/browse/sports-outdoors/golf-watches/4125_4161_4152_2598172_8330898"
            ],
            [
                "Garmin Golf Watches",
                "/browse/sports-outdoors/garmin-golf-watches/4125_4161_4152_2598172_8856147"
            ]
        ]
    },
    {
        "title": "American Athletic Girls' Tricot-Lined Ice Skates, Size 8",
        "url": "https://www.walmart.com/ip/American-Athletic-Girls-Tricot-Lined-Ice-Skates-Size-8/54794165",
        "price": "$37.74",
        "stars": "4.5",
        "ratings": "15 ",
        "img": "",
        "tags": [
            [
                "Hockey Accessories",
                "/browse/sports-outdoors/hockey-accessories/4125_4161_1075750_1075753"
            ],
            [
                "Boys' Figure Skates",
                "/browse/sports-outdoors/boys-figure-skates/4125_4161_1075750_9319384_2950312"
            ],
            [
                "Indianapolis Colts Bath & Kitchen",
                "/browse/sports-outdoors/indianapolis-colts-bath-kitchen/4125_1063984_1423455_1466758_3018318"
            ],
            [
                "Girls' Figure Skates",
                "/browse/sports-outdoors/girls-figure-skates/4125_4161_1075750_9319384_3591936"
            ],
            [
                "Womens' Figure Skates",
                "/browse/sports-outdoors/womens-figure-skates/4125_4161_1075750_9319384_5177323"
            ],
            [
                "Texas Tech Red Raiders Bath & Kitchen",
                "/browse/sports-outdoors/texas-tech-red-raiders-bath-kitchen/4125_1063984_1064346_8405665_7009996"
            ],
            [
                "Hockey Skates",
                "/browse/sports-outdoors/hockey-skates/4125_4161_1075750_8303441"
            ],
            [
                "Mens' Figure Skates",
                "/browse/sports-outdoors/mens-figure-skates/4125_4161_1075750_9319384_8757037"
            ]
        ]
    },
    {
        "title": "Golf Putting Practice Cup",
        "url": "https://www.walmart.com/ip/Golf-Putting-Practice-Cup/190636028",
        "price": "$6.28",
        "stars": 0,
        "ratings": 0,
        "img": "",
        "tags": [
            [
                "Golf Putters",
                "/browse/sports-outdoors/golf-putters/4125_4161_4152_7064140_2621195"
            ],
            [
                "Golf Club Covers",
                "/browse/sports-outdoors/golf-club-covers/4125_4161_4152_4081667"
            ],
            [
                "Golf Tees",
                "/browse/sports-outdoors/golf-tees/4125_4161_4152_5163794"
            ],
            [
                "Golf Balls",
                "/browse/sports-outdoors/golf-balls/4125_4161_4152_5208"
            ],
            [
                "Golf Swing Trainers",
                "/browse/sports-outdoors/golf-swing-trainers/4125_4161_4152_5211"
            ],
            [
                "Women's Golf Clubs",
                "/browse/sports-outdoors/womens-golf-clubs/4125_4161_4152_7064140_6804000"
            ],
            [
                "All Camping Accessories",
                "/browse/sports-outdoors/all-camping-accessories/4125_546956_4128_1080844_7025478"
            ],
            [
                "Left Handed Golf Clubs",
                "/browse/sports-outdoors/left-handed-golf-clubs/4125_4161_4152_7064140_8247124"
            ]
        ]
    },
    {
        "title": "Titleist NXT Tour Golf Balls, Used, Practice Quality, 36 Pack",
        "url": "https://www.walmart.com/ip/Titleist-NXT-Tour-Golf-Balls-Used-Practice-Quality-36-Pack/875703233",
        "price": "$22.33",
        "stars": 0,
        "ratings": 0,
        "img": "i5.walmartimages.com/asr/77271f7f-3e6d-43db-89e7-3214cd564823_1.5b0ac85b40593a4b8dac3f17514484b7.jpeg?odnWidth=612&odnHeight=612&odnBg=ffffff",
        "tags": [
            [
                "Callaway Golf",
                "/browse/sports-outdoors/callaway-golf/4125_4161_4152_1259729"
            ],
            [
                "Kansas City Chiefs Accessories",
                "/browse/sports-outdoors/kansas-city-chiefs-accessories/4125_1063984_1423455_4112216_1600851"
            ],
            [
                "Noodle Golf Balls",
                "/browse/sports-outdoors/noodle-golf-balls/4125_4161_4152_2552424"
            ],
            [
                "Bridgestone Golf Balls",
                "/browse/sports-outdoors/bridgestone-golf-balls/4125_4161_4152_3051085"
            ],
            [
                "Srixon",
                "/browse/sports-outdoors/srixon/4125_4161_4152_3401989"
            ],
            [
                "Callaway Golf Balls",
                "/browse/sports-outdoors/callaway-golf-balls/4125_4161_4152_6954186"
            ],
            [
                "Used Golf Balls",
                "/browse/sports-outdoors/used-golf-balls/4125_4161_4152_7802391"
            ],
            [
                "Bridgestone Golf",
                "/browse/sports-outdoors/bridgestone-golf/4125_4161_4152_8870930"
            ]
        ]
    }
]