[
    {
        "title": "Dealmed Conforming Stretch Gauze Bandage Rolls, 4\", 12/Bx",
        "url": "https://www.walmart.com/ip/Dealmed-Conforming-Stretch-Gauze-Bandage-Rolls-4-12-Bx/521298859",
        "price": "$2.96",
        "stars": "4.0",
        "ratings": "3 ",
        "img": "i5.walmartimages.com/asr/cbb6b338-6405-4d8b-bb7a-4d26da1c5332_1.ffccfdfc82f625a951f8d8e8a17ff289.jpeg?odnWidth=612&odnHeight=612&odnBg=ffffff",
        "tags": [
            [
                "Gauze & Antiseptics",
                "/browse/health/gauze-antiseptics/976760_2915579_1551993"
            ],
            [
                "FSA/HSA Eligible Gauze and Pads",
                "/browse/health/fsa-hsa-eligible-gauze-pads/976760_6120851_8482439_1584513"
            ],
            [
                "Equate Gauze Pads",
                "/browse/health/equate-gauze-pads/976760_9602210_3107303_1866625"
            ],
            [
                "FSA/HSA Eligible Equate First Aid",
                "/browse/health/fsa-hsa-eligible-equate-first-aid/976760_6120851_4464190_3523312"
            ],
            [
                "Gauze",
                "/browse/health/gauze/976760_2571007_4086448"
            ],
            [
                "Equate Bandages & Gauze Pads",
                "/browse/health/equate-bandages-gauze-pads/976760_9602210_3107303_4711937"
            ],
            [
                "First Aid Tools & Supplies",
                "/browse/health/first-aid-tools-supplies/976760_976798_8924594_6014556"
            ],
            [
                "Protect the Wound",
                "/browse/health/protect-the-wound/976760_7207516_6217803_4534460_6995146"
            ]
        ]
    },
    {
        "title": "Ozark Trail 1/2 Gallon Double-wall Vacuum-sealed Stainless Steel Water Jug",
        "url": "https://www.walmart.com/ip/Ozark-Trail-1-2-Gallon-Double-wall-Vacuum-sealed-Stainless-Steel-Water-Jug/963748865",
        "price": "$18.74",
        "stars": "4.0",
        "ratings": "53 ",
        "img": "i5.walmartimages.com/asr/ea3cab33-4e6b-4daa-bd8a-0e2360a1a89b_1.def6cb8b6b683b1e336ac1912b99199d.jpeg?odnWidth=612&odnHeight=612&odnBg=ffffff",
        "tags": [
            [
                "Water Bottles & Hydration",
                "/browse/sports-outdoors/water-bottles-hydration/4125_546956_4128_1080844_1080865"
            ],
            [
                "Beverage Coolers",
                "/browse/sports-outdoors/beverage-coolers/4125_546956_4128_4547850_2036958"
            ],
            [
                "All Coolers",
                "/browse/sports-outdoors/all-coolers/4125_546956_4128_4547850_2537124"
            ],
            [
                "Ozark Trail Coolers",
                "/browse/sports-outdoors/ozark-trail-coolers/4125_546956_4128_2487866_2559937_2950724"
            ],
            [
                "Ozark Trail Camping Accessories",
                "/browse/sports-outdoors/ozark-trail-camping-accessories/4125_546956_4128_2487866_2559937_4438585"
            ],
            [
                "Ozark Trail Camp Kitchen",
                "/browse/sports-outdoors/ozark-trail-camp-kitchen/4125_546956_4128_2487866_2559937_5002692"
            ],
            [
                "Stainless Steel Water Bottles",
                "/browse/sports-outdoors/stainless-steel-water-bottles/4125_546956_4128_2242359_5263681"
            ],
            [
                "Ozark Trail Drinkware",
                "/browse/sports-outdoors/ozark-trail-drinkware/4125_546956_4128_2487866_2559937_7651830"
            ]
        ]
    },
    {
        "title": "Mother Earth Products Dehydrated Vegetable Soup Blend, jar",
        "url": "https://www.walmart.com/ip/Mother-Earth-Products-Dehydrated-Vegetable-Soup-Blend-jar/678830588",
        "price": "$12.95",
        "stars": "4.7",
        "ratings": "25 ",
        "img": "i5.walmartimages.com/asr/a6b4ec67-6e9e-4887-9629-5302665456c8_1.03eb6ae07ca486d4552bcacf19c29bb8.jpeg?odnWidth=612&odnHeight=612&odnBg=ffffff",
        "tags": [
            [
                "All Soup",
                "/browse/food/all-soup/976759_976794_3901881_1001359"
            ],
            [
                "Dried Beans",
                "/browse/food/dried-beans/976759_976794_1001478"
            ],
            [
                "Dried Fruits",
                "/browse/food/dried-fruits/976759_976787_4962467_1044135"
            ],
            [
                "Emergency Food",
                "/browse/food/emergency-food/976759_976794_1094144"
            ],
            [
                "Freeze Dried Fruit",
                "/browse/food/freeze-dried-fruit/976759_976787_4962467_2356650_1763313"
            ],
            [
                "All Fresh Vegetables",
                "/browse/food/all-fresh-vegetables/976759_1071964_976793_8910423_1814126"
            ],
            [
                "Cold Weather Foods",
                "/browse/food/cold-weather-foods/976759_1567409_6592518_4011823"
            ],
            [
                "Brussel Sprouts and Cabbage",
                "/browse/food/brussel-sprouts-cabbage/976759_1071964_976793_8910423_8584247"
            ]
        ]
    },
    {
        "title": "iPets PET619S-1 100% Waterproof & Rechargeable Dog Shock Collar 1000 ft Remote Dog Training Collar with Beep Vibrating Electric Shock Collar for Dogs 10-100lbs",
        "url": "https://www.walmart.com/ip/iPets-PET619S-1-100-Waterproof-Rechargeable-Dog-Shock-Collar-1000-ft-Remote-Training-Beep-Vibrating-Electric-Dogs-10-100lbs/715156495",
        "price": "$39.99",
        "stars": "4.2",
        "ratings": "46 ",
        "img": "i5.walmartimages.com/asr/b891ccd4-a0bd-4f50-9b30-0ee1c911f5ed.82d794fae77502319e09d1170e8eff9a.png?odnWidth=612&odnHeight=612&odnBg=ffffff",
        "tags": [
            [
                "Premier Pet",
                "/browse/pets/premier-pet/5440_202072_2151756_1376490"
            ],
            [
                "Dog Bark Collars",
                "/browse/pets/dog-bark-collars/5440_202072_2151756_1455873"
            ],
            [
                "Dog Bark Control",
                "/browse/pets/dog-bark-control/5440_202072_2151756_1868340"
            ],
            [
                "All Dog Collars & Leashes",
                "/browse/pets/all-dog-collars-leashes/5440_202072_2450672_202079"
            ],
            [
                "Petrainer",
                "/browse/pets/petrainer/5440_202072_2151756_3011208"
            ],
            [
                "PetSpy",
                "/browse/pets/petspy/5440_202072_2151756_5398590"
            ],
            [
                "HotSpot Pets",
                "/browse/pets/hotspot-pets/5440_202072_2151756_5504314"
            ],
            [
                "AGPtek Dog Training Collars",
                "/browse/pets/agptek-dog-training-collars/5440_202072_2151756_8060139"
            ]
        ]
    },
    {
        "title": "Russell Boys Mid-weight Performance Super Soft Baselayer Thermal Set",
        "url": "https://www.walmart.com/ip/Russell-Boys-Mid-weight-Performance-Super-Soft-Baselayer-Thermal-Set/276594571",
        "price": "$14.98",
        "stars": "4.9",
        "ratings": "14 ",
        "img": "i5.walmartimages.com/asr/033f27cf-fb21-44a7-aee8-1ab3f14c185d_1.7f27e79666db1ec535da324dac96dcbe.jpeg?odnWidth=612&odnHeight=612&odnBg=ffffff",
        "tags": [
            [
                "Mens Thermal Underwear & Long Johns",
                "/browse/clothing/mens-thermal-underwear-long-johns/5438_133197_2092159_1309809"
            ],
            [
                "Big Boys Snow Clothes",
                "/browse/clothing/big-boys-snow-clothes/5438_8412788_5988538_3034731_4087813_5001182_4544533"
            ],
            [
                "Big Girls Long Underwear",
                "/browse/clothing/big-girls-long-underwear/5438_7712430_1660851_8750121_8078048_1692347_5218775"
            ],
            [
                "Big Boys Long John Thermal Underwear",
                "/browse/clothing/big-boys-long-john-thermal-underwear/5438_7712430_7809949_3361927_2824761_5241447"
            ],
            [
                "Little Boys Back to School Underwear",
                "/browse/clothing/little-boys-back-to-school-underwear/5438_1432442_5391585_2219792_4908699_9742895_5686162"
            ],
            [
                "Big Boys Activewear Outfit Sets",
                "/browse/clothing/big-boys-activewear-outfit-sets/5438_7712430_7809949_9397029_6070553_3442416_5865172"
            ],
            [
                "Little Boys Activewear Outfit Sets",
                "/browse/clothing/little-boys-activewear-outfit-sets/5438_7712430_7809949_9487749_9044298_8457162"
            ],
            [
                "Little Boys Long John Thermal Underwear",
                "/browse/clothing/little-boys-long-john-thermal-underwear/5438_7712430_7809949_9487749_3774876_9922663"
            ]
        ]
    },
    {
        "title": "Ozark Trail Assorted Bungee Cords, 24 Count",
        "url": "https://www.walmart.com/ip/Ozark-Trail-Assorted-Bungee-Cords-24-Count/54778402",
        "price": "$10.82",
        "stars": "5.0",
        "ratings": "7 ",
        "img": "i5.walmartimages.com/asr/cb8e247e-2df1-41b0-9284-38baabfc5224_1.3727c048001a5b1c0ae39e6e7a6d148b.jpeg?odnWidth=612&odnHeight=612&odnBg=ffffff",
        "tags": [
            [
                "Tarps",
                "/browse/sports-outdoors/tarps/4125_546956_4128_887708_1508730_1619369"
            ],
            [
                "Camping Knives & Tools",
                "/browse/sports-outdoors/camping-knives-tools/4125_546956_4128_4639316_3619286"
            ],
            [
                "Ozark Trail Camp Kitchen",
                "/browse/sports-outdoors/ozark-trail-camp-kitchen/4125_546956_4128_2487866_2559937_5002692"
            ],
            [
                "All Camping Accessories",
                "/browse/sports-outdoors/all-camping-accessories/4125_546956_4128_1080844_7025478"
            ],
            [
                "All Camping Lights & Lanterns",
                "/browse/sports-outdoors/all-camping-lights-lanterns/4125_546956_4128_645883_7071965"
            ],
            [
                "Ozark Trail Camping Lights & Lanterns",
                "/browse/sports-outdoors/ozark-trail-camping-lights-lanterns/4125_546956_4128_645883_8817699"
            ],
            [
                "Camping Straps & Cords",
                "/browse/sports-outdoors/camping-straps-cords/4125_546956_4128_1080844_9158140"
            ],
            [
                "Father's Day - Tents",
                "/browse/sports-outdoors/fathers-day-tents/4125_4122780_9210691"
            ]
        ]
    },
    {
        "title": "Backyard Tent for Parties, URHOMEPRO 2020 Newest Wedding Party Tent, Waterproof Patio Gazebo with 8 Removable Sidewalls, Canopy Tent for Camping Outside Party BBQ, 10x30ft, White, W557",
        "url": "https://www.walmart.com/ip/Backyard-Tent-Parties-URHOMEPRO-2020-Newest-Wedding-Party-Tent-Waterproof-Patio-Gazebo-8-Removable-Sidewalls-Canopy-Camping-Outside-BBQ-10x30ft-White/644620177",
        "price": "$47.98",
        "stars": "3.0",
        "ratings": "139 ",
        "img": "i5.walmartimages.com/asr/69897721-6e9d-41e7-90b9-94e380682249_1.a54373a4dd9cb8fa8742a9792a86e5c8.jpeg?odnWidth=612&odnHeight=612&odnBg=ffffff",
        "tags": [
            [
                "10x10 Canopies",
                "/browse/sports-outdoors/10x10-canopies/4125_546956_4128_55558_3556532"
            ],
            [
                "Beach Tents",
                "/browse/sports-outdoors/beach-tents/4125_546956_4128_55558_4366324"
            ],
            [
                "Family Camping Tents",
                "/browse/sports-outdoors/family-camping-tents/4125_546956_4128_887708_5044884"
            ],
            [
                "Sun Shelters",
                "/browse/sports-outdoors/sun-shelters/4125_546956_4128_55558_5056529"
            ],
            [
                "10x20 Canopies",
                "/browse/sports-outdoors/10x20-canopies/4125_546956_4128_55558_5197607"
            ],
            [
                "Canopy Tents",
                "/browse/sports-outdoors/canopy-tents/4125_546956_4128_55558_5272439"
            ],
            [
                "Camping Shelters",
                "/browse/sports-outdoors/camping-shelters/4125_546956_4128_55558_9111261"
            ],
            [
                "Canopies",
                "/browse/sports-outdoors/canopies/4125_546956_4128_55558_9530923"
            ]
        ]
    },
    {
        "title": "GTL Rechargeable Battery 18650 3.7V 12000mAh High-Capacity Power Supply Flashlight Li-ion Battery",
        "url": "https://www.walmart.com/ip/GTL-Rechargeable-Battery-18650-3-7V-12000mAh-High-Capacity-Power-Supply-Flashlight-Li-ion-Battery/635600458",
        "price": "$5.84",
        "stars": "2.9",
        "ratings": "35 ",
        "img": "",
        "tags": [
            [
                "9V Batteries",
                "/browse/household-essentials/9v-batteries/1115193_1076905_3505385"
            ],
            [
                "AA Batteries",
                "/browse/household-essentials/aa-batteries/1115193_1076905_4272101"
            ],
            [
                "Coin & Button Cell Batteries",
                "/browse/household-essentials/coin-button-cell-batteries/1115193_1076905_5422648"
            ],
            [
                "C Batteries",
                "/browse/household-essentials/c-batteries/1115193_1076905_6075641"
            ],
            [
                "D Batteries",
                "/browse/household-essentials/d-batteries/1115193_1076905_6501628"
            ],
            [
                "AAA Batteries",
                "/browse/household-essentials/aaa-batteries/1115193_1076905_6635703"
            ],
            [
                "Rayovac",
                "/browse/household-essentials/rayovac/1115193_8250903_7038378"
            ],
            [
                "Rechargeable Batteries",
                "/browse/household-essentials/rechargeable-batteries/1115193_1076905_7114176"
            ]
        ]
    },
    {
        "title": "AMMEX LX3 Latex Powder Free Industrial Disposable Gloves, Large, Ivory, 1000/Case",
        "url": "https://www.walmart.com/ip/AMMEX-LX3-Latex-Powder-Free-Industrial-Disposable-Gloves-Large-Ivory-1000-Case/167651445",
        "price": "$17.07",
        "stars": "5.0",
        "ratings": "3 ",
        "img": "i5.walmartimages.com/asr/f27b2c2a-ce8a-4d4d-bf24-efe0657eb3dc_1.1af5335aa6aa6aaa6739791d6cd08133.jpeg?odnWidth=612&odnHeight=612&odnBg=ffffff",
        "tags": [
            [
                "Patient Care",
                "/browse/health/patient-care/976760_1005860_1070344"
            ],
            [
                "Flu Shop",
                "/browse/flu-shop/976760_3790146"
            ],
            [
                "Microflex",
                "/browse/health/microflex/976760_2571007_6072655"
            ],
            [
                "Latex Disposable Gloves",
                "/browse/health/latex-disposable-gloves/976760_2571007_6523208"
            ],
            [
                "Nitrile Disposable Gloves",
                "/browse/health/nitrile-disposable-gloves/976760_2571007_7702455"
            ],
            [
                "Vinyl Disposable Gloves",
                "/browse/health/vinyl-disposable-gloves/976760_2571007_8546376"
            ],
            [
                "Amerigroup OTC",
                "/browse/health/amerigroup-otc/976760_7242297_8607061"
            ],
            [
                "Disposable Gloves",
                "/browse/health/disposable-gloves/976760_2571007_9602421"
            ]
        ]
    },
    {
        "title": "Microflex Safegrip SG-375 Latex Gloves - Disposable, Extended Cuff, Exam-Grade, Blue Gloves Size Large",
        "url": "https://www.walmart.com/ip/Microflex-Safegrip-SG-375-Latex-Gloves-Disposable-Extended-Cuff-Exam-Grade-Blue-Gloves-Size-Large/26368524",
        "price": "$21.90",
        "stars": "4.7",
        "ratings": "19 ",
        "img": "",
        "tags": [
            [
                "Nitrile Safety Gloves",
                "/browse/industrial-scientific/nitrile-safety-gloves/6197502_8985048_3889102_2194376"
            ],
            [
                "Disposable Exam Gloves",
                "/browse/industrial-scientific/disposable-exam-gloves/6197502_3290676_7496922_3306352"
            ],
            [
                "Medical Safety",
                "/browse/industrial-scientific/medical-safety/6197502_8985048_3370775"
            ],
            [
                "Lab Safety",
                "/browse/industrial-scientific/lab-safety/6197502_8985048_2869916_3519158"
            ],
            [
                "Gloves",
                "/browse/industrial-scientific/gloves/6197502_3290676_3541490"
            ],
            [
                "Healthcare Essentials",
                "/browse/industrial-scientific/healthcare-essentials/6197502_3290676_6799753"
            ],
            [
                "Commercial Disposable Gloves",
                "/browse/industrial-scientific/commercial-disposable-gloves/6197502_5702707_3624741_8324077"
            ],
            [
                "Dust & Particle Masks",
                "/browse/industrial-scientific/dust-particle-masks/6197502_8985048_9014439"
            ]
        ]
    }
]