[
    {
        "title": "Resin Folding Chair with Molded Seat and Back, Black, 4-Pack",
        "url": "https://www.walmart.com/ip/Resin-Folding-Chair-with-Molded-Seat-and-Back-Black-4-Pack/24200409",
        "price": "$82.92",
        "stars": "3.5",
        "ratings": "68 ",
        "img": "i5.walmartimages.com/asr/88dea030-bbb5-46d4-9209-1c97dc4701e3_1.573777e748f9fd7906c24c0acc9f5d96.jpeg?odnWidth=612&odnHeight=612&odnBg=ffffff",
        "tags": [
            [
                "Kitchen & Dining",
                "/browse/home/kitchen-dining/4044_103150_1225290_1225294"
            ],
            [
                "Folding Chairs",
                "/browse/home/folding-chairs/4044_103150_4037_1580848"
            ],
            [
                "Shop All Folding Chairs",
                "/browse/home/shop-all-folding-chairs/4044_103150_4037_6296206_2321205_2509863"
            ],
            [
                "Stacking Chairs",
                "/browse/home/stacking-chairs/4044_103150_97116_1071224_3010691"
            ],
            [
                "Black Folding Chairs",
                "/browse/home/black-folding-chairs/4044_103150_4037_6296206_6455390_3378759"
            ],
            [
                "White Folding Chairs",
                "/browse/home/white-folding-chairs/4044_103150_4037_6296206_6455390_6941261"
            ],
            [
                "Metal Folding Chairs",
                "/browse/home/metal-folding-chairs/4044_103150_4037_6296206_2321205_7233162"
            ],
            [
                "Plastic Folding Chairs",
                "/browse/home/plastic-folding-chairs/4044_103150_4037_6296206_2321205_9616861"
            ]
        ]
    },
    {
        "title": "McKesson Powder-Free Non-Sterile Medium Vinyl Exam 50ct Gloves Single Box",
        "url": "https://www.walmart.com/ip/McKesson-Powder-Free-Non-Sterile-Medium-Vinyl-Exam-50ct-Gloves-Single-Box/263879045",
        "price": "$10.99",
        "stars": 0,
        "ratings": 0,
        "img": "i5.walmartimages.com/asr/84e78dc3-29b1-4cb5-8595-03275b40f0a7_1.a6476b1bf816d668abff157e8cb69f6f.jpeg?odnWidth=612&odnHeight=612&odnBg=ffffff",
        "tags": []
    },
    {
        "title": "The Pioneer Woman Luster Blue 15-Ounce Pearlized Tumbler, Set of 4",
        "url": "https://www.walmart.com/ip/The-Pioneer-Woman-Luster-Blue-15-Ounce-Pearlized-Tumbler-Set-of-4/352316825",
        "price": "$14.88",
        "stars": "4.7",
        "ratings": "174 ",
        "img": "i5.walmartimages.com/asr/5c0773b9-fadf-411b-a58a-903cca3de2fb_5.49268148087741101040c0aac3ed5b98.jpeg?odnWidth=612&odnHeight=612&odnBg=ffffff",
        "tags": [
            [
                "Shop All The Pioneer Woman",
                "/browse/home/shop-all-the-pioneer-woman/4044_1920532_9153905_1843111"
            ],
            [
                "Shop All Tumblers",
                "/browse/home/shop-all-tumblers/4044_623679_639999_7751805_1376910_3549593"
            ],
            [
                "The Pioneer Woman Dishes",
                "/browse/home/the-pioneer-woman-dishes/4044_623679_639999_7373615"
            ],
            [
                "Pioneer Woman Tools and Gadgets",
                "/browse/home/pioneer-woman-tools-gadgets/4044_623679_133020_4496646_7562951"
            ],
            [
                "Dorm Dining Essentials",
                "/browse/home/dorm-dining-essentials/4044_1225301_1225229_8079634_8700307"
            ],
            [
                "Drinking Glasses",
                "/browse/home/drinking-glasses/4044_623679_639999_3148543_9876688"
            ],
            [
                "The Pioneer Woman New Arrivals",
                "/browse/home/the-pioneer-woman-new-arrivals/4044_1225301_1231327_9914742"
            ],
            [
                "Dorm Dining & Hydration",
                "/browse/home/dorm-dining-hydration/4044_1225301_1225229_9951877"
            ]
        ]
    },
    {
        "title": "Brita Ultramax Water Dispenser with Longlast Filter, 18 Cup - Black",
        "url": "https://www.walmart.com/ip/Brita-Ultramax-Water-Dispenser-with-Longlast-Filter-18-Cup-Black/472423413",
        "price": "$44.00",
        "stars": "4.7",
        "ratings": "1835 ",
        "img": "i5.walmartimages.com/asr/37838a0b-4d93-4e1f-a5ed-cd6a706334e1_1.949f857444425a95ec1db8487cfa09cf.jpeg?odnWidth=612&odnHeight=612&odnBg=ffffff",
        "tags": []
    },
    {
        "title": "Ozark Trail 3/8\" x 25' Braided Utility Line",
        "url": "https://www.walmart.com/ip/Ozark-Trail-3-8-x-25-Braided-Utility-Line/151376058",
        "price": "$2.74",
        "stars": "4.7",
        "ratings": "6 ",
        "img": "i5.walmartimages.com/asr/db026cd0-d221-4e76-b452-a1ffb37cd4d5_1.33ce709293494985935d1c37b0e02440.jpeg?odnWidth=612&odnHeight=612&odnBg=ffffff",
        "tags": [
            [
                "Boat Bumpers",
                "/browse/sports-outdoors/boat-bumpers/4125_546956_1208159_3356281_5221841"
            ],
            [
                "Fishing Line",
                "/browse/sports-outdoors/fishing-line/4125_546956_111667_4887504_6363299"
            ],
            [
                "Braided Fishing Line",
                "/browse/sports-outdoors/braided-fishing-line/4125_546956_111667_4887504_6603578"
            ],
            [
                "Dock Lines",
                "/browse/sports-outdoors/dock-lines/4125_546956_1208159_8137521_6749220"
            ],
            [
                "Climbing Paracord & Webbing",
                "/browse/sports-outdoors/climbing-paracord-webbing/4125_546956_4128_1080844_6982549"
            ],
            [
                "Boat Anchors",
                "/browse/sports-outdoors/boat-anchors/4125_546956_1208159_3356281_7947375"
            ],
            [
                "Camping Straps & Cords",
                "/browse/sports-outdoors/camping-straps-cords/4125_546956_4128_1080844_9158140"
            ],
            [
                "Boat Fenders",
                "/browse/sports-outdoors/boat-fenders/4125_546956_1208159_3356281_9642960"
            ]
        ]
    },
    {
        "title": "Energizer Vision HD+ 100 Lumen LED Headlamp, Includes Batteries",
        "url": "https://www.walmart.com/ip/Energizer-Vision-HD-100-Lumen-LED-Headlamp-Includes-Batteries/49053950",
        "price": "$9.86",
        "stars": "4.7",
        "ratings": "22 ",
        "img": "i5.walmartimages.com/asr/c5cb6517-aefa-469c-bde4-eb592d8f9b03_1.bc62fa82c7718fdc7d8adc74bb2796b3.png?odnWidth=612&odnHeight=612&odnBg=ffffff",
        "tags": [
            [
                "All Lanterns",
                "/browse/sports-outdoors/all-lanterns/4125_546956_4128_645883_1334277_1075044"
            ],
            [
                "Battery Lanterns",
                "/browse/sports-outdoors/battery-lanterns/4125_546956_4128_645883_1334277_3037430"
            ],
            [
                "Ozark Trail Camping Accessories",
                "/browse/sports-outdoors/ozark-trail-camping-accessories/4125_546956_4128_2487866_2559937_4438585"
            ],
            [
                "LED Lanterns",
                "/browse/sports-outdoors/led-lanterns/4125_546956_4128_645883_1334277_4779297"
            ],
            [
                "Emergency Preparedness",
                "/browse/sports-outdoors/emergency-preparedness/4125_546956_4128_605286"
            ],
            [
                "All Camping Lights & Lanterns",
                "/browse/sports-outdoors/all-camping-lights-lanterns/4125_546956_4128_645883_7071965"
            ],
            [
                "LED Flashlights",
                "/browse/sports-outdoors/led-flashlights/4125_546956_4128_645883_7572132_7930233"
            ],
            [
                "Ozark Trail Camping Lights & Lanterns",
                "/browse/sports-outdoors/ozark-trail-camping-lights-lanterns/4125_546956_4128_645883_8817699"
            ]
        ]
    },
    {
        "title": "Ozark Trail Kids Camping Airbed with Travel Bag",
        "url": "https://www.walmart.com/ip/Ozark-Trail-Kids-Camping-Airbed-with-Travel-Bag/818627956",
        "price": "$24.96",
        "stars": "4.1",
        "ratings": "172 ",
        "img": "i5.walmartimages.com/asr/39af36da-7675-45ad-baa6-dc194f56f364_5.df3ac56963ea4c8c9bcfe67134d8b3be.jpeg?odnWidth=612&odnHeight=612&odnBg=ffffff",
        "tags": [
            [
                "Coleman Camping Furniture",
                "/browse/sports-outdoors/coleman-camping-furniture/4125_546956_4128_2487866_6320218_3223156"
            ],
            [
                "Coleman Air Mattresses",
                "/browse/sports-outdoors/coleman-air-mattresses/4125_546956_4128_2487866_6320218_4715854"
            ],
            [
                "Family Camping Tents",
                "/browse/sports-outdoors/family-camping-tents/4125_546956_4128_887708_5044884"
            ],
            [
                "Emergency Preparedness",
                "/browse/sports-outdoors/emergency-preparedness/4125_546956_4128_605286"
            ],
            [
                "Queen Air Mattresses",
                "/browse/sports-outdoors/queen-air-mattresses/4125_546956_4128_1075006_7012552_6304094"
            ],
            [
                "Twin Air Mattresses",
                "/browse/sports-outdoors/twin-air-mattresses/4125_546956_4128_1075006_7012552_7545748"
            ],
            [
                "Ozark Trail Tents",
                "/browse/sports-outdoors/ozark-trail-tents/4125_546956_4128_2487866_2559937_7622224"
            ],
            [
                "Intex Air Mattresses",
                "/browse/sports-outdoors/intex-air-mattresses/4125_546956_4128_1075006_6813765_8030274"
            ]
        ]
    },
    {
        "title": "100 Latex White Gloves Powder Free Examination Gloves - Size XS",
        "url": "https://www.walmart.com/ip/100-Latex-White-Gloves-Powder-Free-Examination-Gloves-Size-XS/924256582",
        "price": "$17.99",
        "stars": "5.0",
        "ratings": "4 ",
        "img": "i5.walmartimages.com/asr/8a0ae2f1-8bcb-4bc6-b4d5-536a14f7e2b0.21fbbbbcd9bcbf7ca9bd3341e72fd059.jpeg?odnWidth=612&odnHeight=612&odnBg=ffffff",
        "tags": []
    },
    {
        "title": "PowerPro Braided Fishing Line, Ppr Ssv2 50Lb 300Yd Onyx, [31500500300X]",
        "url": "https://www.walmart.com/ip/PowerPro-Braided-Fishing-Line-Ppr-Ssv2-50Lb-300Yd-Onyx-31500500300X/492858412",
        "price": "$36.17",
        "stars": "4.2",
        "ratings": "154 ",
        "img": "i5.walmartimages.com/asr/b2dfc5ab-44a4-49cf-816d-009728ca4e50.9349814775cc2175557b89de41650d68.jpeg?odnWidth=612&odnHeight=612&odnBg=ffffff",
        "tags": [
            [
                "Mountain West River Fishing",
                "/browse/sports-outdoors/mountain-west-river-fishing/4125_546956_111667_3928514_7900322_1546978"
            ],
            [
                "Great Lakes River Fishing",
                "/browse/sports-outdoors/great-lakes-river-fishing/4125_546956_111667_3928514_7103023_2096898"
            ],
            [
                "Great Lakes Lake Fishing",
                "/browse/sports-outdoors/great-lakes-lake-fishing/4125_546956_111667_3928514_7103023_2161555"
            ],
            [
                "Pacific Lake Fishing",
                "/browse/sports-outdoors/pacific-lake-fishing/4125_546956_111667_3928514_2195567_3925714"
            ],
            [
                "Pacific River Fishing",
                "/browse/sports-outdoors/pacific-river-fishing/4125_546956_111667_3928514_2195567_4217943"
            ],
            [
                "Fishing Line",
                "/browse/sports-outdoors/fishing-line/4125_546956_111667_4887504_6363299"
            ],
            [
                "Southeast Inshore Fishing",
                "/browse/sports-outdoors/southeast-inshore-fishing/4125_546956_111667_3928514_9122272_7485548"
            ],
            [
                "Northeast Ocean Fishing",
                "/browse/sports-outdoors/northeast-ocean-fishing/4125_546956_111667_3928514_9684690_8324685"
            ]
        ]
    },
    {
        "title": "Ambitex Non-Sterile Powder-Free General Purpose Latex Glove  Medium, BX/100",
        "url": "https://www.walmart.com/ip/Ambitex-Non-Sterile-Powder-Free-General-Purpose-Latex-Glove-Medium-BX-100/188545271",
        "price": "$21.94",
        "stars": "4.4",
        "ratings": "15 ",
        "img": "",
        "tags": [
            [
                "Boardwalk",
                "/browse/industrial-scientific/boardwalk/6197502_8279031_1435544"
            ],
            [
                "Infection Prevention",
                "/browse/industrial-scientific/infection-prevention/6197502_3290676_2994066"
            ],
            [
                "Disposable Exam Gloves",
                "/browse/industrial-scientific/disposable-exam-gloves/6197502_3290676_7496922_3306352"
            ],
            [
                "Medical Safety",
                "/browse/industrial-scientific/medical-safety/6197502_8985048_3370775"
            ],
            [
                "Gloves",
                "/browse/industrial-scientific/gloves/6197502_3290676_3541490"
            ],
            [
                "Healthcare Essentials",
                "/browse/industrial-scientific/healthcare-essentials/6197502_3290676_6799753"
            ],
            [
                "Dust & Particle Masks",
                "/browse/industrial-scientific/dust-particle-masks/6197502_8985048_9014439"
            ]
        ]
    }
]