[
    {
        "title": "WWE Smackdown Tag Team Championship Title Belt",
        "url": "https://www.walmart.com/ip/WWE-Smackdown-Tag-Team-Championship-Title-Belt/126131008",
        "price": "$18.84",
        "stars": "4.4",
        "ratings": "49 ",
        "img": "i5.walmartimages.com/asr/12299b24-2876-4659-bf45-84175374d6a7_1.5b7d7a3724a8b5537178bc0dd73e3723.jpeg?odnWidth=612&odnHeight=612&odnBg=ffffff",
        "tags": [
            [
                "Costumes & Dress Up",
                "/browse/toys/costumes-dress-up/4171_4173_164142"
            ],
            [
                "WWE Wrestling Ring Playsets",
                "/browse/toys/wwe-wrestling-ring-playsets/4171_7357538_7087187_2031303"
            ],
            [
                "Trending Role Play",
                "/browse/toys/trending-role-play/4171_4172_4246921_2314859"
            ],
            [
                "WWE Elite Figures",
                "/browse/toys/wwe-elite-figures/4171_7357538_7087187_6551433_2752681"
            ],
            [
                "All Action Role Play",
                "/browse/toys/all-action-role-play/4171_4172_4246921_4384098"
            ],
            [
                "TV & Movie Playsets",
                "/browse/toys/tv-movie-playsets/4171_4172_9845227_4517984"
            ],
            [
                "WWE All Action Figures",
                "/browse/toys/wwe-all-action-figures/4171_7357538_7087187_6551433_6132410"
            ]
        ]
    },
    {
        "title": "UFC 2, Electronic Arts, PlayStation 4, 014633368772",
        "url": "https://www.walmart.com/ip/UFC-2-Electronic-Arts-PlayStation-4-014633368772/48043033",
        "price": "$9.87",
        "stars": "4.4",
        "ratings": "10 ",
        "img": "",
        "tags": []
    },
    {
        "title": "Men's Scarlet Ohio State Buckeyes Circle Long Sleeve T-Shirt",
        "url": "https://www.walmart.com/ip/Men-s-Scarlet-Ohio-State-Buckeyes-Circle-Long-Sleeve-T-Shirt/506539078",
        "price": "$18.88",
        "stars": "5.0",
        "ratings": "3 ",
        "img": "i5.walmartimages.com/asr/aa539c48-04de-42b9-a917-2d7a1d8bba7d.d73044bbb6cad4e8269558650aed6a20.jpeg?odnWidth=612&odnHeight=612&odnBg=ffffff",
        "tags": [
            [
                "Mens T-Shirts & Tank Tops",
                "/browse/clothing/mens-t-shirts-tank-tops/5438_133197_4237948_1224679"
            ],
            [
                "Mens Big & Tall T-Shirts & Tank Tops",
                "/browse/clothing/mens-big-tall-t-shirts-tank-tops/5438_133198_7617810_1224687"
            ],
            [
                "Men's Basic Active Tops (Rule)",
                "/browse/clothing/mens-basic-active-tops-rule/5438_9371431_8663445_7486178_4303394_2790483"
            ],
            [
                "Men's Basic Tees",
                "/browse/clothing/mens-basic-tees/5438_9371431_8663445_8530855_3380379"
            ],
            [
                "Mens Big & Tall T-Shirts",
                "/browse/clothing/mens-big-tall-t-shirts/5438_133198_7617810_4802402"
            ],
            [
                "Tops & T-Shirts",
                "/browse/clothing/tops-t-shirts/5438_6302452_8117979_6994925_7712553"
            ],
            [
                "Mens Savings T-Shirts & Tanks",
                "/browse/clothing/mens-savings-t-shirts-tanks/5438_5993826_2577644_9848646_9526003"
            ],
            [
                "Girls Top Brands Backpacks",
                "/browse/clothing/girls-top-brands-backpacks/5438_1432442_7325555_1721735_9570458"
            ]
        ]
    },
    {
        "title": "Ezekiel Elliott Dallas Cowboys Camo Name & Number T-Shirt - Black",
        "url": "https://www.walmart.com/ip/Ezekiel-Elliott-Dallas-Cowboys-Camo-Name-Number-T-Shirt-Black/412215750",
        "price": "$31.99",
        "stars": 0,
        "ratings": 0,
        "img": "i5.walmartimages.com/asr/946d489c-adad-4c87-a149-29ba7d81ed0f.29dcbba69e832c4661c013c1bd1631f0.jpeg?odnWidth=612&odnHeight=612&odnBg=ffffff",
        "tags": [
            [
                "MLS Youth",
                "/browse/sports-outdoors/mls-youth/4125_1063984_2237859_1353307"
            ],
            [
                "Inter Miami T-Shirts",
                "/browse/sports-outdoors/inter-miami-t-shirts/4125_1063984_2237859_9319005_1517959"
            ],
            [
                "Ezekiel Elliott Jerseys & Gear",
                "/browse/sports-outdoors/ezekiel-elliott-jerseys-gear/4125_1063984_1423455_1908162"
            ],
            [
                "NASCAR T-Shirts",
                "/browse/sports-outdoors/nascar-t-shirts/4125_1063984_9096494_6080515"
            ],
            [
                "Dallas Cowboys Team Shop",
                "/browse/sports-outdoors/dallas-cowboys-team-shop/4125_1063984_1423455_5722514_6544512"
            ],
            [
                "Dallas Cowboys Accessories",
                "/browse/sports-outdoors/dallas-cowboys-accessories/4125_1063984_1423455_5722514_6614107"
            ],
            [
                "Chase Elliott Fan Shop",
                "/browse/sports-outdoors/chase-elliott-fan-shop/4125_1063984_9096494_9267335"
            ]
        ]
    },
    {
        "title": "Champion Men's Long Mesh Shorts with Pockets, up to Size 4XL",
        "url": "https://www.walmart.com/ip/Champion-Men-s-Long-Mesh-Shorts-with-Pockets-up-to-Size-4XL/158268134",
        "price": "$13.90",
        "stars": "4.5",
        "ratings": "501 ",
        "img": "i5.walmartimages.com/asr/f90cac6c-f7e6-4a95-a474-b20f732f00d6_1.9374322cc24681aac77291c1797f33d1.jpeg?odnWidth=612&odnHeight=612&odnBg=ffffff",
        "tags": [
            [
                "Sporty",
                "/browse/clothing/sporty/5438_5289731_6424493_1845834"
            ],
            [
                "Champion Mens Shorts",
                "/browse/clothing/champion-mens-shorts/5438_3317124_6718368_7231517_2021441"
            ],
            [
                "Mens Savings Activewear",
                "/browse/clothing/mens-savings-activewear/5438_5993826_2577644_9848646_2165770"
            ],
            [
                "Mens Active Shorts",
                "/browse/clothing/mens-active-shorts/5438_133197_1589613_4426112"
            ],
            [
                "Mens Americana Shop",
                "/browse/clothing/mens-americana-shop/5438_8412788_3080016_5266166"
            ],
            [
                "Mens Activewear",
                "/browse/clothing/mens-activewear/5438_133197_1589613_592999"
            ],
            [
                "Mens Big & Tall Activewear",
                "/browse/clothing/mens-big-tall-activewear/5438_133198_8347690_593005"
            ],
            [
                "Men's Active Big & Tall",
                "/browse/clothing/mens-active-big-tall/5438_133197_1589613_8679063"
            ]
        ]
    },
    {
        "title": "WWE Top Picks Elite Collection Finn Balor 6-Inch Action Figure",
        "url": "https://www.walmart.com/ip/WWE-Top-Picks-Elite-Collection-Finn-Balor-6-Inch-Action-Figure/561574929",
        "price": "$14.99",
        "stars": "4.7",
        "ratings": "3 ",
        "img": "i5.walmartimages.com/asr/3c9d0ec1-cf76-43e8-b9ed-3155b641e62a_1.7b2a48f9635326e0be7919a5fb4614c6.jpeg?odnWidth=612&odnHeight=612&odnBg=ffffff",
        "tags": [
            [
                "Father's Day Electronics",
                "/browse/seasonal/fathers-day-electronics/1085632_1094344_2365074"
            ],
            [
                "Connected Dorm Room",
                "/browse/seasonal/connected-dorm-room/1085632_8174172_6292484_2548864"
            ],
            [
                "Shop All Glass",
                "/browse/seasonal/shop-all-glass/1085632_1071204_4976191"
            ],
            [
                "Mother's Day Electronics Gifts",
                "/browse/seasonal/mothers-day-electronics-gifts/1085632_1093554_5742102"
            ],
            [
                "Audio",
                "/browse/seasonal/audio/1085632_8174172_6292484_5759323"
            ],
            [
                "Tax Free Shop All",
                "/browse/tax-free-shop-all/1085632_6767877"
            ],
            [
                "Electronics Gifts for Grads",
                "/browse/seasonal/electronics-gifts-for-grads/1085632_1105121_7594959"
            ],
            [
                "Back to School Home Audio Visual",
                "/browse/seasonal/back-to-school-home-audio-visual/1085632_1071204_7767149_8665149"
            ]
        ]
    },
    {
        "title": "Trademark Global Ohio State University Logo 30\" Padded Bar Stool, Black",
        "url": "https://www.walmart.com/ip/Trademark-Global-Ohio-State-University-Logo-30-Padded-Bar-Stool-Black/16439450",
        "price": "$64.79",
        "stars": "4.5",
        "ratings": "6 ",
        "img": "i5.walmartimages.com/asr/732c6b54-e1e7-48b1-a869-1457c47690d8_1.d0297a1b4459f3ab447cddd887a1ec39.jpeg?odnWidth=612&odnHeight=612&odnBg=ffffff",
        "tags": [
            [
                "Modern/Contemporary Bar Stools",
                "/browse/home/modern-contemporary-bar-stools/4044_103150_4037_8102642_1280013"
            ],
            [
                "Metal Bar Stools",
                "/browse/home/metal-bar-stools/4044_103150_4037_8102642_2377521"
            ],
            [
                "Armless Bar Stools",
                "/browse/home/armless-bar-stools/4044_103150_4037_8102642_2417895"
            ],
            [
                "Adjustable Bar Stools",
                "/browse/home/adjustable-bar-stools/4044_103150_4037_8102642_2565613"
            ],
            [
                "Backless Bar Stools",
                "/browse/home/backless-bar-stools/4044_103150_4037_8102642_7954723"
            ],
            [
                "Transitional Bar Stools",
                "/browse/home/transitional-bar-stools/4044_103150_4037_8102642_8503853"
            ],
            [
                "Counter Stools",
                "/browse/home/counter-stools/4044_103150_4037_8102642_9471347"
            ],
            [
                "Traditional Bar Stools",
                "/browse/home/traditional-bar-stools/4044_103150_4037_8102642_9973710"
            ]
        ]
    },
    {
        "title": "Women's Fanatics Branded Black Vegas Golden Knights Team Lockup Pullover Hoodie",
        "url": "https://www.walmart.com/ip/Women-s-Fanatics-Branded-Black-Vegas-Golden-Knights-Team-Lockup-Pullover-Hoodie/303054160",
        "price": "$24.88",
        "stars": "5.0",
        "ratings": "2 ",
        "img": "i5.walmartimages.com/asr/16d1a0eb-2653-4344-9adb-f029ba890331.cadcec7947b45dbe4bbde78731fb8690.jpeg?odnWidth=612&odnHeight=612&odnBg=ffffff",
        "tags": [
            [
                "Vegas Golden Knights T-Shirts",
                "/browse/sports-outdoors/vegas-golden-knights-t-shirts/4125_1063984_1064348_5580952_1802363"
            ],
            [
                "James Neal Jerseys & Gear",
                "/browse/sports-outdoors/james-neal-jerseys-gear/4125_1063984_1064348_2427009"
            ],
            [
                "Vegas Golden Knights",
                "/browse/sports-outdoors/vegas-golden-knights/4125_1063984_1064348_5580952_3617111"
            ],
            [
                "Vegas Golden Knights Kids",
                "/browse/sports-outdoors/vegas-golden-knights-kids/4125_1063984_1064348_5580952_3661023"
            ],
            [
                "NHL T-Shirts",
                "/browse/sports-outdoors/nhl-t-shirts/4125_1063984_1064348_6174184"
            ],
            [
                "NHL Sweatshirts",
                "/browse/sports-outdoors/nhl-sweatshirts/4125_1063984_1064348_6452562"
            ],
            [
                "Vegas Golden Knights Sweatshirts",
                "/browse/sports-outdoors/vegas-golden-knights-sweatshirts/4125_1063984_1064348_5580952_7079727"
            ],
            [
                "Vegas Golden Knights Mens",
                "/browse/sports-outdoors/vegas-golden-knights-mens/4125_1063984_1064348_5580952_9103272"
            ]
        ]
    },
    {
        "title": "Shock Doctor 220 Core Compression Short with Cup Pocket, Adult XXL, WHITE",
        "url": "https://www.walmart.com/ip/Shock-Doctor-220-Core-Compression-Short-with-Cup-Pocket-Adult-XXL-WHITE/105498743",
        "price": "$21.99",
        "stars": "4.8",
        "ratings": "26 ",
        "img": "i5.walmartimages.com/asr/11abe66e-59f0-4879-96cb-279edecc0dab_1.942560e64e7cce2628eb516ebdc8843e.png?odnWidth=612&odnHeight=612&odnBg=ffffff",
        "tags": [
            [
                "Sports Equipment Fan Shop",
                "/browse/sports-outdoors/sports-equipment-fan-shop/4125_1063984_1064023_1064047"
            ],
            [
                "Athletic Performance Shapewear",
                "/browse/sports-outdoors/athletic-performance-shapewear/4125_4134_1078104_1078164"
            ],
            [
                "MMA Shorts",
                "/browse/sports-outdoors/mma-shorts/4125_4134_8062664_1078444_1078447"
            ],
            [
                "Baseball Protective Gear",
                "/browse/sports-outdoors/baseball-protective-gear/4125_4161_4162_131878"
            ],
            [
                "Baseball Pants",
                "/browse/sports-outdoors/baseball-pants/4125_4161_4162_2932263"
            ],
            [
                "Sports Fan Shop Kids Apparel and Gear",
                "/browse/sports-outdoors/sports-fan-shop-kids-apparel-gear/4125_1063984_1063985_3517898"
            ],
            [
                "Fishing Carts",
                "/browse/sports-outdoors/fishing-carts/4125_546956_111667_1079504_7534457"
            ],
            [
                "Baseball Cups",
                "/browse/sports-outdoors/baseball-cups/4125_4161_4162_8515168"
            ]
        ]
    },
    {
        "title": "10-Piece Hardcore Accessories Playset - Ringside Exclusive for WWE Toy Wrestling Action Figures",
        "url": "https://www.walmart.com/ip/10-Piece-Hardcore-Accessories-Playset-Ringside-Exclusive-for-WWE-Toy-Wrestling-Action-Figures/258203625",
        "price": "$23.99",
        "stars": "4.7",
        "ratings": "9 ",
        "img": "i5.walmartimages.com/asr/774fe582-c55d-4212-859d-78fca7c5158e_1.acab4dc40bfa84a79ef64c656d289eeb.jpeg?odnWidth=612&odnHeight=612&odnBg=ffffff",
        "tags": [
            [
                "All Action Figure Playsets",
                "/browse/toys/all-action-figure-playsets/4171_4172_9845227_1156794"
            ],
            [
                "WWE Wrestling Ring Playsets",
                "/browse/toys/wwe-wrestling-ring-playsets/4171_7357538_7087187_2031303"
            ],
            [
                "WWE Elite Figures",
                "/browse/toys/wwe-elite-figures/4171_7357538_7087187_6551433_2752681"
            ],
            [
                "Ghostbusters Toys",
                "/browse/toys/ghostbusters-toys/4171_2065565_4138884"
            ],
            [
                "TV & Movie Playsets",
                "/browse/toys/tv-movie-playsets/4171_4172_9845227_4517984"
            ],
            [
                "WWE Role Play",
                "/browse/toys/wwe-role-play/4171_4172_4246921_4910339"
            ],
            [
                "WWE Battle Pack",
                "/browse/toys/wwe-battle-pack/4171_7357538_7087187_6551433_5670341"
            ],
            [
                "WWE Zombies",
                "/browse/toys/wwe-zombies/4171_7357538_7087187_6551433_9381726"
            ]
        ]
    }
]