[
    {
        "title": "Aveeno Repairing CICA Hand Mask, Oat & Shea Butter, 1 Pair of Gloves",
        "url": "https://www.walmart.com/ip/Aveeno-Repairing-CICA-Hand-Mask-Oat-Shea-Butter-1-Pair-of-Gloves/588842603",
        "price": "$2.96",
        "stars": "4.4",
        "ratings": "352 ",
        "img": "i5.walmartimages.com/asr/7bf9551f-11b1-4eab-a4eb-8ff524e06b87_1.e9f53fbd09772b95d04e495db345fcbb.jpeg?odnWidth=612&odnHeight=612&odnBg=ffffff",
        "tags": [
            [
                "Men's Body Lotions",
                "/browse/personal-care/mens-body-lotions/1005862_1056884_1564603"
            ],
            [
                "Gold Bond Body Lotions & Creams",
                "/browse/personal-care/gold-bond-body-lotions-creams/1005862_1071969_3215864"
            ],
            [
                "Stock up on Lotion & Moisturizers",
                "/browse/personal-care/stock-up-lotion-moisturizers/1005862_1071969_1574874_3229695"
            ],
            [
                "Aveeno Body Lotions & Creams",
                "/browse/personal-care/aveeno-body-lotions-creams/1005862_1071969_3719297"
            ],
            [
                "Discover! Staff-Favorite Body Moisturizers",
                "/browse/personal-care/discover-staff-favorite-body-moisturizers/1005862_1071969_3811606"
            ],
            [
                "Neutrogena Body Care",
                "/browse/personal-care/neutrogena-body-care/1005862_1071969_4769481"
            ],
            [
                "Aveeno Body Care",
                "/browse/personal-care/aveeno-body-care/1005862_1071969_8990857"
            ],
            [
                "Neutrogena Body Lotions & Creams",
                "/browse/personal-care/neutrogena-body-lotions-creams/1005862_1071969_9331812"
            ]
        ]
    },
    {
        "title": "Seal-a-Meal Vacuum Food Sealer by FoodSaver",
        "url": "https://www.walmart.com/ip/Seal-a-Meal-Vacuum-Food-Sealer-by-FoodSaver/843204081",
        "price": "$44.94",
        "stars": "4.0",
        "ratings": "432 ",
        "img": "i5.walmartimages.com/asr/287736e5-0bdd-4245-8a2f-924eb3b856e3_1.6f75375457f173321af7eefe87a0af12.jpeg?odnWidth=612&odnHeight=612&odnBg=ffffff",
        "tags": [
            [
                "Vacuum Bags",
                "/browse/home/vacuum-bags/4044_90548_4047_2340214"
            ],
            [
                "Lunch Boxes",
                "/browse/home/lunch-boxes/4044_623679_1032619_2617828_2778265"
            ],
            [
                "Shop All Lunch Boxes & Lunch Bags",
                "/browse/home/shop-all-lunch-boxes-lunch-bags/4044_623679_1032619_2617828_3206877"
            ],
            [
                "Vacuum Sealers",
                "/browse/home/vacuum-sealers/4044_90548_90546_133025_5936217"
            ],
            [
                "Lunch Boxes & Bags",
                "/browse/home/lunch-boxes-bags/4044_623679_1032619_8004747"
            ],
            [
                "Lunch Bags",
                "/browse/home/lunch-bags/4044_623679_1032619_2617828_8027459"
            ],
            [
                "FoodSaver Vacuum Sealers",
                "/browse/home/foodsaver-vacuum-sealers/4044_90548_90546_133025_9670192"
            ]
        ]
    },
    {
        "title": "Ozark Trail LED Flashlight, 400 Lumens",
        "url": "https://www.walmart.com/ip/Ozark-Trail-LED-Flashlight-400-Lumens/524486454",
        "price": "$13.62",
        "stars": "3.7",
        "ratings": "36 ",
        "img": "i5.walmartimages.com/asr/cbe87ab7-221e-4bd8-8b8a-7ffdd692eada_2.fa2b702c9f8b382f133f7cb8a7edcb5e.jpeg?odnWidth=612&odnHeight=612&odnBg=ffffff",
        "tags": [
            [
                "Specialty Gear",
                "/browse/sports-outdoors/specialty-gear/4125_546956_4155_4363790_1111601"
            ],
            [
                "Ozark Trail Camping Accessories",
                "/browse/sports-outdoors/ozark-trail-camping-accessories/4125_546956_4128_2487866_2559937_4438585"
            ],
            [
                "Streamlight Flashlights",
                "/browse/sports-outdoors/streamlight-flashlights/4125_546956_4128_645883_7572132_4739448"
            ],
            [
                "Tactical Flashlights",
                "/browse/sports-outdoors/tactical-flashlights/4125_546956_4128_645883_7572132_5373884"
            ],
            [
                "Emergency Preparedness",
                "/browse/sports-outdoors/emergency-preparedness/4125_546956_4128_605286"
            ],
            [
                "All Camping Lights & Lanterns",
                "/browse/sports-outdoors/all-camping-lights-lanterns/4125_546956_4128_645883_7071965"
            ],
            [
                "LED Flashlights",
                "/browse/sports-outdoors/led-flashlights/4125_546956_4128_645883_7572132_7930233"
            ],
            [
                "Ozark Trail Camping Lights & Lanterns",
                "/browse/sports-outdoors/ozark-trail-camping-lights-lanterns/4125_546956_4128_645883_8817699"
            ]
        ]
    },
    {
        "title": "Rayovac UltraPro Alkaline, AA Batteries, 24 Count",
        "url": "https://www.walmart.com/ip/Rayovac-UltraPro-Alkaline-AA-Batteries-24-Count/22131681",
        "price": "$9.72",
        "stars": "4.8",
        "ratings": "34 ",
        "img": "i5.walmartimages.com/asr/cd3f61e2-92cc-4d80-9474-7d20cacf6772_1.6766d1838790a9912f0577da2a72a3b3.jpeg?odnWidth=612&odnHeight=612&odnBg=ffffff",
        "tags": [
            [
                "9V Batteries",
                "/browse/household-essentials/9v-batteries/1115193_1076905_3505385"
            ],
            [
                "Coin & Button Cell Batteries",
                "/browse/household-essentials/coin-button-cell-batteries/1115193_1076905_5422648"
            ],
            [
                "C Batteries",
                "/browse/household-essentials/c-batteries/1115193_1076905_6075641"
            ],
            [
                "All Batteries",
                "/browse/household-essentials/all-batteries/1115193_1076905_6083492"
            ],
            [
                "D Batteries",
                "/browse/household-essentials/d-batteries/1115193_1076905_6501628"
            ],
            [
                "AAA Batteries",
                "/browse/household-essentials/aaa-batteries/1115193_1076905_6635703"
            ],
            [
                "Rayovac",
                "/browse/household-essentials/rayovac/1115193_8250903_7038378"
            ],
            [
                "Rechargeable Batteries",
                "/browse/household-essentials/rechargeable-batteries/1115193_1076905_7114176"
            ]
        ]
    },
    {
        "title": "Daisy Precision Max BB's 0.177 Caliber BB Zinc Plated Steel, 2400ct.",
        "url": "https://www.walmart.com/ip/Daisy-Precision-Max-BB-s-0-177-Caliber-BB-Zinc-Plated-Steel-2400ct/15729970",
        "price": "$6.67",
        "stars": "4.6",
        "ratings": "109 ",
        "img": "i5.walmartimages.com/asr/3117f6dc-1f0a-4251-b8ca-f5d92b655686_2.c6f98afcae4accfb9e9e3c4ecadc9f76.jpeg?odnWidth=612&odnHeight=612&odnBg=ffffff",
        "tags": [
            [
                "Gun Targets",
                "/browse/sports-outdoors/gun-targets/4125_546956_1107532_1110770_1080264"
            ],
            [
                "Gun Accessories",
                "/browse/sports-outdoors/gun-accessories/4125_546956_1107532_1110770_1080265"
            ],
            [
                "BB Guns",
                "/browse/sports-outdoors/bb-guns/4125_546956_1390220_2909700_1224812_1080384"
            ],
            [
                "BB Gun Parts",
                "/browse/sports-outdoors/bb-gun-parts/4125_546956_1390220_2909700_1224812_1224811"
            ],
            [
                "BB Ammo",
                "/browse/sports-outdoors/bb-ammo/4125_546956_1390220_2909700_1224812_1224813"
            ],
            [
                "Pellet Gun Ammunition",
                "/browse/sports-outdoors/pellet-gun-ammunition/4125_546956_1390220_2909700_1377875"
            ],
            [
                "Crosman Favorites",
                "/browse/sports-outdoors/crosman-favorites/4125_4122780_8598426"
            ],
            [
                "BB Gun CO2 Cartridges",
                "/browse/sports-outdoors/bb-gun-co2-cartridges/4125_546956_1390220_2909700_1224812_9746432"
            ]
        ]
    },
    {
        "title": "Ozark Trail 200 Lumen LED Multi-Color Headlamp",
        "url": "https://www.walmart.com/ip/Ozark-Trail-200-Lumen-LED-Multi-Color-Headlamp/795093083",
        "price": "$9.97",
        "stars": "4.5",
        "ratings": "2 ",
        "img": "i5.walmartimages.com/asr/f5452a29-30e3-4b6f-8b92-12218f2ba05b_1.2dd40663b75813e97ed0caee76c6594b.jpeg?odnWidth=612&odnHeight=612&odnBg=ffffff",
        "tags": [
            [
                "Ozark Trail Camping Accessories",
                "/browse/sports-outdoors/ozark-trail-camping-accessories/4125_546956_4128_2487866_2559937_4438585"
            ],
            [
                "Canopy Tents",
                "/browse/sports-outdoors/canopy-tents/4125_546956_4128_55558_5272439"
            ],
            [
                "Emergency Preparedness",
                "/browse/sports-outdoors/emergency-preparedness/4125_546956_4128_605286"
            ],
            [
                "Ozark Trail Canopies",
                "/browse/sports-outdoors/ozark-trail-canopies/4125_546956_4128_2487866_2559937_6517846"
            ],
            [
                "All Camping Lights & Lanterns",
                "/browse/sports-outdoors/all-camping-lights-lanterns/4125_546956_4128_645883_7071965"
            ],
            [
                "LED Flashlights",
                "/browse/sports-outdoors/led-flashlights/4125_546956_4128_645883_7572132_7930233"
            ],
            [
                "Ozark Trail Camping Lights & Lanterns",
                "/browse/sports-outdoors/ozark-trail-camping-lights-lanterns/4125_546956_4128_645883_8817699"
            ],
            [
                "Canopies",
                "/browse/sports-outdoors/canopies/4125_546956_4128_55558_9530923"
            ]
        ]
    },
    {
        "title": "Coleman 1-Gallon Jug",
        "url": "https://www.walmart.com/ip/Coleman-1-Gallon-Jug/23787717",
        "price": "$12.10",
        "stars": "4.5",
        "ratings": "232 ",
        "img": "",
        "tags": [
            [
                "Plastic Water Bottles",
                "/browse/home/plastic-water-bottles/4044_623679_639999_7751805_4269055_7285309_2888798"
            ],
            [
                "Shop All Water Bottles",
                "/browse/home/shop-all-water-bottles/4044_623679_639999_7751805_4269055_2976621"
            ],
            [
                "Glass Water Bottles",
                "/browse/home/glass-water-bottles/4044_623679_639999_7751805_4269055_7285309_3326328"
            ],
            [
                "Ozark Trail Water Bottles",
                "/browse/home/ozark-trail-water-bottles/4044_623679_639999_7751805_4269055_1373149_5243864"
            ],
            [
                "Coleman Water Bottles",
                "/browse/home/coleman-water-bottles/4044_623679_639999_7751805_4269055_1373149_8282391"
            ],
            [
                "Thermoses",
                "/browse/home/thermoses/4044_623679_639999_7751805_9823303"
            ]
        ]
    },
    {
        "title": "As Seen On TV Veggetti Spiral Vegetable Cutter",
        "url": "https://www.walmart.com/ip/As-Seen-On-TV-Veggetti-Spiral-Vegetable-Cutter/43174708",
        "price": "$9.97",
        "stars": "4.2",
        "ratings": "91 ",
        "img": "i5.walmartimages.com/asr/ab860a2f-946d-4298-8bc9-9a5e534e7a4c_1.5b4aeeeebfd798168f97b1724f239754.jpeg?odnWidth=612&odnHeight=612&odnBg=ffffff",
        "tags": [
            [
                "Chopping & Slicing",
                "/browse/home/chopping-slicing/4044_623679_133020_4496646_1817206"
            ],
            [
                "Food Peelers",
                "/browse/home/food-peelers/4044_623679_133020_4496646_5374310"
            ],
            [
                "Food Processors",
                "/browse/home/food-processors/4044_90548_90546_4813_6198960"
            ],
            [
                "Mandolines & Slicers",
                "/browse/home/mandolines-slicers/4044_623679_133020_4496646_6299933"
            ],
            [
                "Cool Kitchen Gadgets",
                "/browse/home/cool-kitchen-gadgets/4044_623679_133020_4496646_6821949"
            ],
            [
                "Food Choppers",
                "/browse/home/food-choppers/4044_623679_133020_4496646_7223938"
            ],
            [
                "Slicers",
                "/browse/home/slicers/4044_90548_90546_4813_9137078"
            ]
        ]
    },
    {
        "title": "Chuckit! Ultra Ball Durable Dog Toys, Medium, 2-Pack",
        "url": "https://www.walmart.com/ip/Chuckit-Ultra-Ball-Durable-Dog-Toys-Medium-2-Pack/25176199",
        "price": "$5.12",
        "stars": "4.5",
        "ratings": "51 ",
        "img": "i5.walmartimages.com/asr/a68bf2c6-adf3-4ee5-ad17-1cf4e7de808a_1.5835f9562d9663c3a55d5d105988676a.png?odnWidth=612&odnHeight=612&odnBg=ffffff",
        "tags": [
            [
                "Multipet Dog Toys",
                "/browse/pets/multipet-dog-toys/5440_202072_2243339_1604283"
            ],
            [
                "Dog Fetch Toys",
                "/browse/pets/dog-fetch-toys/5440_202072_2243339_3236357"
            ],
            [
                "Petmate Dog Toys",
                "/browse/pets/petmate-dog-toys/5440_202072_2243339_3664455"
            ],
            [
                "Petmate Dog Supplies",
                "/browse/petmate-dog-supplies/5440_5439434"
            ],
            [
                "Pets Spring Essentials",
                "/browse/pets-spring-essentials/5440_5802661"
            ],
            [
                "Dog Chew Toy",
                "/browse/pets/dog-chew-toy/5440_202072_2243339_6062640"
            ],
            [
                "Petmate Pet Supplies",
                "/browse/petmate-pet-supplies/5440_6886665"
            ],
            [
                "Chuck It Dog Toys",
                "/browse/pets/chuck-it-dog-toys/5440_202072_2243339_9147425"
            ]
        ]
    },
    {
        "title": "Super Charged\u00ae Scent Killer\u00ae Odorless Formula\u2122 Clothing Spray 2 ct Bottles",
        "url": "https://www.walmart.com/ip/Super-Charged-Scent-Killer-Odorless-Formula-Clothing-Spray-2-ct-Bottles/36563363",
        "price": "$10.88",
        "stars": "5.0",
        "ratings": "11 ",
        "img": "i5.walmartimages.com/asr/bcbee495-1365-4bc8-87ae-22434405de01_1.89aab6d3a9b8aca572f35804ff6c9324.jpeg?odnWidth=612&odnHeight=612&odnBg=ffffff",
        "tags": [
            [
                "Athletic Performance Shapewear",
                "/browse/sports-outdoors/athletic-performance-shapewear/4125_4134_1078104_1078164"
            ],
            [
                "Game Feeders",
                "/browse/sports-outdoors/game-feeders/4125_546956_4155_1079944_1080025"
            ],
            [
                "Deer Calls",
                "/browse/sports-outdoors/deer-calls/4125_546956_4155_9599314_3794863"
            ],
            [
                "Bounty Hunter Metal Detectors",
                "/browse/sports-outdoors/bounty-hunter-metal-detectors/4125_546956_4155_78781_4813023"
            ],
            [
                "Deer Attractants",
                "/browse/sports-outdoors/deer-attractants/4125_546956_4155_2062208_6084565"
            ],
            [
                "Scent Eliminators",
                "/browse/sports-outdoors/scent-eliminators/4125_546956_4155_2062208_6252257"
            ],
            [
                "Hunting Scents",
                "/browse/sports-outdoors/hunting-scents/4125_546956_4155_2062208_7942353"
            ]
        ]
    }
]