[
    {
        "title": "MEGAWHEELS 78 The Modern Witch Tarot Deck Cards",
        "url": "https://www.walmart.com/ip/MEGAWHEELS-78-The-Modern-Witch-Tarot-Deck-Cards/708793481",
        "price": "$13.61",
        "stars": 0,
        "ratings": 0,
        "img": "i5.walmartimages.com/asr/279b465b-486e-4204-bbf2-3b9ac92482d7.2a2914cb88736ee3886659c9ef847cf1.jpeg?odnWidth=612&odnHeight=612&odnBg=ffffff",
        "tags": []
    },
    {
        "title": "Fantasy Dragon Billiard Pool Cue with Case",
        "url": "https://www.walmart.com/ip/Fantasy-Dragon-Billiard-Pool-Cue-with-Case/21810401",
        "price": "$28.29",
        "stars": "4.3",
        "ratings": "45 ",
        "img": "",
        "tags": [
            [
                "Pool Table Covers",
                "/browse/sports-outdoors/pool-table-covers/4125_1224931_4158_3447807_3977386_3559019"
            ],
            [
                "Cue Chalk",
                "/browse/sports-outdoors/cue-chalk/4125_1224931_4158_3447807_3649827"
            ],
            [
                "Cue Tips",
                "/browse/sports-outdoors/cue-tips/4125_1224931_4158_3447807_1323385_3669279"
            ],
            [
                "Billiard Bridges & Heads",
                "/browse/sports-outdoors/billiard-bridges-heads/4125_1224931_4158_3447807_4757760"
            ],
            [
                "Cue Stick Cases",
                "/browse/sports-outdoors/cue-stick-cases/4125_1224931_4158_3447807_1323385_5309353"
            ],
            [
                "Cue Racks",
                "/browse/sports-outdoors/cue-racks/4125_1224931_4158_3447807_7290937"
            ],
            [
                "Billiard Ball Racks",
                "/browse/sports-outdoors/billiard-ball-racks/4125_1224931_4158_3447807_7784197"
            ],
            [
                "Pool Cues",
                "/browse/sports-outdoors/pool-cues/4125_1224931_4158_3447807_8904818"
            ]
        ]
    },
    {
        "title": "Ms Pacman Arcade Machine with Riser, Arcade1Up",
        "url": "https://www.walmart.com/ip/Ms-Pacman-Arcade-Machine-with-Riser-Arcade1Up/880297531",
        "price": "$399.97",
        "stars": "4.2",
        "ratings": "9 ",
        "img": "i5.walmartimages.com/asr/edad521f-8d95-4ef2-a71c-b753da7f6442.5fa015f2f4da3fad014113368cfb1797.png?odnWidth=612&odnHeight=612&odnBg=ffffff",
        "tags": []
    },
    {
        "title": "Premium Weather Resistant Duckcloth Cornhole Bags - Set of 8 Bean Bags for Corn Hole Game - Regulation Size & Weight",
        "url": "https://www.walmart.com/ip/Premium-Weather-Resistant-Duckcloth-Cornhole-Bags-Set-of-8-Bean-Bags-for-Corn-Hole-Game-Regulation-Size-Weight/302654900",
        "price": "$19.99",
        "stars": "4.9",
        "ratings": "19 ",
        "img": "i5.walmartimages.com/asr/bc6b89ed-a33b-4b07-9888-15c40333dddd_1.18c8a01bcf644fad2320cbf1c440d453.jpeg?odnWidth=612&odnHeight=612&odnBg=ffffff",
        "tags": [
            [
                "Classic Games",
                "/browse/toys/classic-games/4171_4191_2084995"
            ],
            [
                "Family Games",
                "/browse/toys/family-games/4171_4191_2335373_2204878"
            ],
            [
                "All Board Games",
                "/browse/toys/all-board-games/4171_4191_133123_4497274"
            ],
            [
                "Toys for Kids 2 to 4 Years",
                "/browse/toys/toys-for-kids-2-to-4-years/4171_3318550_7016108_4703344"
            ],
            [
                "Fashion Dolls",
                "/browse/toys/fashion-dolls/4171_4187_8051423_7344622"
            ],
            [
                "All Barbie Dolls",
                "/browse/toys/all-barbie-dolls/4171_4187_1953337_8898526_7849876"
            ],
            [
                "Toys for Kids 5 to 7 Years",
                "/browse/toys/toys-for-kids-5-to-7-years/4171_3318550_617941_8920388"
            ]
        ]
    },
    {
        "title": "Aerobie Orbiter Boomerang - Colors may vary",
        "url": "https://www.walmart.com/ip/Aerobie-Orbiter-Boomerang-Colors-may-vary/21946642",
        "price": "$18.90",
        "stars": "4.3",
        "ratings": "7 ",
        "img": "",
        "tags": [
            [
                "Pets Fan Shop",
                "/browse/sports-outdoors/pets-fan-shop/4125_1063984_1070887"
            ],
            [
                "All Lawn Games",
                "/browse/sports-outdoors/all-lawn-games/4125_1224931_7643019_1075784"
            ],
            [
                "Hunting Dog Gear",
                "/browse/sports-outdoors/hunting-dog-gear/4125_546956_4155_4363790_1080164"
            ],
            [
                "Bocce",
                "/browse/sports-outdoors/bocce/4125_1224931_7643019_2702528"
            ],
            [
                "Shuttlecocks",
                "/browse/sports-outdoors/shuttlecocks/4125_1224931_7643019_1945581_3200876"
            ],
            [
                "Bocce Ball Sets",
                "/browse/sports-outdoors/bocce-ball-sets/4125_1224931_7643019_3353263"
            ],
            [
                "Ring & Washer Toss",
                "/browse/sports-outdoors/ring-washer-toss/4125_1224931_7643019_2157795_6811774"
            ],
            [
                "Disc Sports",
                "/browse/sports-outdoors/disc-sports/4125_1224931_7643019_2157795_8506756"
            ]
        ]
    },
    {
        "title": "Playwheels Trolls Kids Rollerskate Junior with Knee Pads and Helmet, Size 6-12",
        "url": "https://www.walmart.com/ip/Playwheels-Trolls-Kids-Rollerskate-Junior-with-Knee-Pads-and-Helmet-Size-6-12/54595349",
        "price": "$29.99",
        "stars": "4.9",
        "ratings": "8 ",
        "img": "i5.walmartimages.com/asr/47f969ca-600c-4eb4-9463-49e54399dcb4_1.14533a4b720a68bf530dde190214e840.jpeg?odnWidth=612&odnHeight=612&odnBg=ffffff",
        "tags": [
            [
                "Kids' Bike Helmets & Jaw Pads",
                "/browse/toys/kids-bike-helmets-jaw-pads/4171_133073_5310116_9137144_1225456"
            ],
            [
                "BIkes for Girls",
                "/browse/toys/bikes-for-girls/4171_1228477_3574057_1533396"
            ],
            [
                "All Disney Toys",
                "/browse/toys/all-disney-toys/4171_6909449_1773797"
            ],
            [
                "Trolls Dolls",
                "/browse/toys/trolls-dolls/4171_4187_8051423_2648781"
            ],
            [
                "Skateboard Accessories",
                "/browse/toys/skateboard-accessories/4171_133073_7200693_5249"
            ],
            [
                "PAW Patrol Toys",
                "/browse/toys/paw-patrol-toys/4171_3438149_8288276"
            ],
            [
                "Huffy Ride Ons",
                "/browse/toys/huffy-ride-ons/4171_133073_6774653_6489011_8546372"
            ],
            [
                "Frozen Kids Bikes & Riding Toys",
                "/browse/toys/frozen-kids-bikes-riding-toys/4171_7357538_6091150_9022265"
            ]
        ]
    },
    {
        "title": "Mizerak 57\" House Cue (2-Piece) with 12mm Ferrule with Leather Tip, Hardwood Construction and High Gloss Finish",
        "url": "https://www.walmart.com/ip/Mizerak-57-House-Cue-2-Piece-with-12mm-Ferrule-with-Leather-Tip-Hardwood-Construction-and-High-Gloss-Finish/46519780",
        "price": "$32.50",
        "stars": "5.0",
        "ratings": "3 ",
        "img": "i5.walmartimages.com/asr/c76fd208-585b-40c0-952c-559eb36b0d7c_1.bb288ac4739c54a14c99e04ae76f1261.jpeg?odnWidth=612&odnHeight=612&odnBg=ffffff",
        "tags": [
            [
                "Pool & Billiard Balls",
                "/browse/sports-outdoors/pool-billiard-balls/4125_1224931_4158_3447807_2268567"
            ],
            [
                "Pool Table Covers",
                "/browse/sports-outdoors/pool-table-covers/4125_1224931_4158_3447807_3977386_3559019"
            ],
            [
                "Cue Chalk",
                "/browse/sports-outdoors/cue-chalk/4125_1224931_4158_3447807_3649827"
            ],
            [
                "Cue Tips",
                "/browse/sports-outdoors/cue-tips/4125_1224931_4158_3447807_1323385_3669279"
            ],
            [
                "Billiard Bridges & Heads",
                "/browse/sports-outdoors/billiard-bridges-heads/4125_1224931_4158_3447807_4757760"
            ],
            [
                "Cue Racks",
                "/browse/sports-outdoors/cue-racks/4125_1224931_4158_3447807_7290937"
            ],
            [
                "Billiard Ball Racks",
                "/browse/sports-outdoors/billiard-ball-racks/4125_1224931_4158_3447807_7784197"
            ],
            [
                "Pool Cues",
                "/browse/sports-outdoors/pool-cues/4125_1224931_4158_3447807_8904818"
            ]
        ]
    },
    {
        "title": "Barking Kittens: This is The Third Expansion of Exploding Kittens Card Game - Family-Friendly Party Games - Card Games for Adults, Teens & Kids",
        "url": "https://www.walmart.com/ip/Barking-Kittens-This-is-The-Third-Expansion-of-Exploding-Kittens-Card-Game-Family-Friendly-Party-Games-Card-Games-for-Adults-Teens-Kids/998518327",
        "price": "$11.24",
        "stars": "5.0",
        "ratings": "1 ",
        "img": "i5.walmartimages.com/asr/7e8c1899-0f7f-474f-8687-3d46a83c2b66.bb599cbdc04ea5fab533806fcf9ee530.jpeg?odnWidth=612&odnHeight=612&odnBg=ffffff",
        "tags": []
    },
    {
        "title": "Fiber Glass Rods To Replace Top Ring Of Net Enclosure For 8' Frame",
        "url": "https://www.walmart.com/ip/Fiber-Glass-Rods-To-Replace-Top-Ring-Of-Net-Enclosure-For-8-Frame/49704171",
        "price": "$39.99",
        "stars": "2.0",
        "ratings": "2 ",
        "img": "i5.walmartimages.com/asr/4bed845b-0dd2-405e-b62f-328c930123ca_2.7869851eef985a428cfe20a3ad81fe1d.jpeg?odnWidth=612&odnHeight=612&odnBg=ffffff",
        "tags": [
            [
                "Trampoline Pads",
                "/browse/sports-outdoors/trampoline-pads/4125_1224931_5230_8012279_1344890"
            ],
            [
                "Trampoline Enclosures",
                "/browse/sports-outdoors/trampoline-enclosures/4125_1224931_5230_8012279_1679284"
            ],
            [
                "Trampoline Stakes",
                "/browse/sports-outdoors/trampoline-stakes/4125_1224931_5230_5500985_2884338"
            ],
            [
                "Skywalker Trampolines",
                "/browse/sports-outdoors/skywalker-trampolines/4125_1224931_5230_3070542"
            ],
            [
                "Trampoline Nets",
                "/browse/sports-outdoors/trampoline-nets/4125_1224931_5230_8012279_6046144"
            ],
            [
                "Trampoline Springs",
                "/browse/sports-outdoors/trampoline-springs/4125_1224931_5230_8012279_6527741"
            ],
            [
                "Trampoline Ladders",
                "/browse/sports-outdoors/trampoline-ladders/4125_1224931_5230_5500985_9521766"
            ]
        ]
    },
    {
        "title": "Portable 3'x2' PVC Framed Cornhole Game Set with 8 Bean Bags and 2 Cornhole Boards Outdoor Beach Party Games,Travel Carrying Case Included",
        "url": "https://www.walmart.com/ip/Portable-3-x2-PVC-Framed-Cornhole-Game-Set-with-8-Bean-Bags-and-2-Cornhole-Boards-Outdoor-Beach-Party-Games-Travel-Carrying-Case-Included/725444574",
        "price": "$28.99",
        "stars": "4.4",
        "ratings": "8 ",
        "img": "i5.walmartimages.com/asr/6493d4e9-675f-4ccc-a9b3-69aa28d906ea_2.2b50b61f99ee397342ec297b5a822d2d.jpeg?odnWidth=612&odnHeight=612&odnBg=ffffff",
        "tags": [
            [
                "Pogo Sticks, Hoppers & Hoops",
                "/browse/toys/pogo-sticks-hoppers-hoops/4171_14521_1100914"
            ],
            [
                "Family Games",
                "/browse/toys/family-games/4171_4191_2335373_2204878"
            ],
            [
                "Sportspower Swing Sets",
                "/browse/toys/sportspower-swing-sets/4171_14521_6449441_3361685"
            ],
            [
                "All Board Games",
                "/browse/toys/all-board-games/4171_4191_133123_4497274"
            ],
            [
                "Toys for Kids 12 Years & Up",
                "/browse/toys/toys-for-kids-12-years-up/4171_3318550_1077724_6922509"
            ],
            [
                "Toys for 2 year olds",
                "/browse/toys/toys-for-2-year-olds/4171_3318550_7016108_7131451"
            ],
            [
                "Toys for Kids 5 to 7 Years",
                "/browse/toys/toys-for-kids-5-to-7-years/4171_3318550_617941_8920388"
            ],
            [
                "Toys for 3 year olds",
                "/browse/toys/toys-for-3-year-olds/4171_3318550_7016108_9012469"
            ]
        ]
    }
]