[
    {
        "title": "TSV Bike Stem Riser, MTB Handlebar Riser Stem Extender, Bicycle Fork Stem Extender, High Strength Aluminum Alloy, Adjustable Head Up Adapter Easy Installation, for Mountain Bike, Road Bike, MTB",
        "url": "https://www.walmart.com/ip/TSV-Bike-Stem-Riser-MTB-Handlebar-Riser-Extender-Bicycle-Fork-High-Strength-Aluminum-Alloy-Adjustable-Head-Up-Adapter-Easy-Installation-Mountain-Bike/658272833",
        "price": "$11.97",
        "stars": "1.0",
        "ratings": "1 ",
        "img": "i5.walmartimages.com/asr/4eacc484-a379-41a7-b036-dc07cd97cfed.68581261010847eaa6ef6206dc3b9950.jpeg?odnWidth=612&odnHeight=612&odnBg=ffffff",
        "tags": [
            [
                "Bike Cranksets",
                "/browse/sports-outdoors/bike-cranksets/4125_1081404_7650685_1626651"
            ],
            [
                "Balance Trainers",
                "/browse/sports-outdoors/balance-trainers/4125_4134_1078104_2513029"
            ],
            [
                "Bike Shifters",
                "/browse/sports-outdoors/bike-shifters/4125_1081404_7650685_4393312"
            ],
            [
                "Bike Tools",
                "/browse/sports-outdoors/bike-tools/4125_1081404_5848968_5880411"
            ],
            [
                "All Bike Components",
                "/browse/sports-outdoors/all-bike-components/4125_1081404_7650685_7412229"
            ],
            [
                "Bike Seatposts",
                "/browse/sports-outdoors/bike-seatposts/4125_1081404_7650685_4361645_7586231"
            ],
            [
                "Bike Training Wheels",
                "/browse/sports-outdoors/bike-training-wheels/4125_1081404_5848968_8359443"
            ],
            [
                "Bike Handlebars",
                "/browse/sports-outdoors/bike-handlebars/4125_1081404_7650685_8636900"
            ]
        ]
    },
    {
        "title": "20000LM Bike Front Lights Set Bicycle Headlights w/120dB Loud Horn IPX5 Water-Resistant 4000mAh USB Rechargeable for Night Riding",
        "url": "https://www.walmart.com/ip/20000LM-Bike-Front-Lights-Set-Bicycle-Headlights-w-120dB-Loud-Horn-IPX5-Water-Resistant-4000mAh-USB-Rechargeable-for-Night-Riding/806092418",
        "price": "$23.99",
        "stars": "5.0",
        "ratings": "1 ",
        "img": "i5.walmartimages.com/asr/8c54a43b-7485-4547-86ef-d67be5398fed_1.8ecfe9e89b098137cf7935e021494f04.jpeg?odnWidth=612&odnHeight=612&odnBg=ffffff",
        "tags": [
            [
                "Headlamps",
                "/browse/sports-outdoors/headlamps/4125_546956_4128_645883_1230996"
            ],
            [
                "Bike Water Bottle Cages",
                "/browse/sports-outdoors/bike-water-bottle-cages/4125_1081404_5848968_1790042"
            ],
            [
                "Bike GPS Trackers",
                "/browse/sports-outdoors/bike-gps-trackers/4125_1081404_5848968_4557575_4947551"
            ],
            [
                "Bike Bags & Carriers",
                "/browse/sports-outdoors/bike-bags-carriers/4125_1081404_5848968_6312816"
            ],
            [
                "Bike Locks",
                "/browse/sports-outdoors/bike-locks/4125_1081404_5848968_6474494"
            ],
            [
                "Bike Water Bottles",
                "/browse/sports-outdoors/bike-water-bottles/4125_1081404_5848968_7113847"
            ],
            [
                "Bike Mirrors",
                "/browse/sports-outdoors/bike-mirrors/4125_1081404_5848968_4618267_8372227"
            ],
            [
                "Bike Pumps",
                "/browse/sports-outdoors/bike-pumps/4125_1081404_5848968_9835385"
            ]
        ]
    },
    {
        "title": "Raskullz Bamboo Plush Pink Helmet, Toddler 3+ (48-52cm)",
        "url": "https://www.walmart.com/ip/Raskullz-Bamboo-Plush-Pink-Helmet-Toddler-3-48-52cm/695890526",
        "price": "$19.96",
        "stars": "4.4",
        "ratings": "7 ",
        "img": "i5.walmartimages.com/asr/2ef227f6-bc30-4e34-a480-e5d288142325.d41e18d8c8fe7e9763aa91a08b8a0723.jpeg?odnWidth=612&odnHeight=612&odnBg=ffffff",
        "tags": [
            [
                "All Kids' Bikes",
                "/browse/sports-outdoors/all-kids-bikes/4125_1081404_9240575_1085618"
            ],
            [
                "Huffy BMX Bikes",
                "/browse/sports-outdoors/huffy-bmx-bikes/4125_1081404_6972181_9379318_5152094"
            ],
            [
                "Bike Pads",
                "/browse/sports-outdoors/bike-pads/4125_1081404_7258752_5248669"
            ],
            [
                "Bike Bells & Horns",
                "/browse/sports-outdoors/bike-bells-horns/4125_1081404_5848968_7088451"
            ],
            [
                "Bicycles with Training Wheels",
                "/browse/sports-outdoors/bicycles-with-training-wheels/4125_1081404_9240575_7312004"
            ],
            [
                "Kids' BMX Bikes",
                "/browse/sports-outdoors/kids-bmx-bikes/4125_1081404_9240575_7577999"
            ],
            [
                "Huffy Kid's Bikes",
                "/browse/sports-outdoors/huffy-kids-bikes/4125_1081404_6972181_9379318_7984252"
            ],
            [
                "Skateboard Helmets",
                "/browse/sports-outdoors/skateboard-helmets/4125_1224931_7628560_3297420_9909579"
            ]
        ]
    },
    {
        "title": "(Buy 2 and Save 20%) G Fuel Elite Energy and Endurance Powder Tub, Snow Cone, 40 Servings",
        "url": "https://www.walmart.com/ip/Buy-2-and-Save-20-G-Fuel-Elite-Energy-and-Endurance-Powder-Tub-Snow-Cone-40-Servings/870027714",
        "price": "$29.99",
        "stars": "4.4",
        "ratings": "58 ",
        "img": "",
        "tags": [
            [
                "Protein Shakes, Bars & Energy Drinks",
                "/browse/health/protein-shakes-bars-energy-drinks/976760_9035881_9006282_2339462"
            ],
            [
                "Muscle Building Supplements",
                "/browse/health/muscle-building-supplements/976760_1166769_2986536"
            ],
            [
                "Amino Acids",
                "/browse/health/amino-acids/976760_1166769_3037787"
            ],
            [
                "Fuel Your Workout",
                "/browse/health/fuel-your-workout/976760_1166769_4659027"
            ],
            [
                "Celsius Powder",
                "/browse/health/celsius-powder/976760_1166769_5568486"
            ],
            [
                "G Fuel",
                "/browse/health/g-fuel/976760_1166769_8924018"
            ],
            [
                "G Fuel Powders",
                "/browse/health/g-fuel-powders/976760_1166769_8993506"
            ],
            [
                "Pre Workout",
                "/browse/health/pre-workout/976760_1166769_9905917"
            ]
        ]
    },
    {
        "title": "Hyper E-Ride Electric Bike, 26\" Womens Cruiser, 36 Volt Battery",
        "url": "https://www.walmart.com/ip/Hyper-E-Ride-Electric-Bike-26-Womens-Cruiser-36-Volt-Battery/226959065",
        "price": "$598.00",
        "stars": "4.8",
        "ratings": "6 ",
        "img": "i5.walmartimages.com/asr/74029787-640a-4ad7-a0e4-160339a345ba_1.cce698119bf1e8ed0129b29ff5f11fc4.jpeg?odnWidth=612&odnHeight=612&odnBg=ffffff",
        "tags": [
            [
                "Huffy Cruiser Bikes",
                "/browse/sports-outdoors/huffy-cruiser-bikes/4125_1081404_6972181_9379318_1662807"
            ],
            [
                "Folding Bikes",
                "/browse/sports-outdoors/folding-bikes/4125_1081404_1230089_1780178"
            ],
            [
                "Electric Cruiser and Hybrid Bikes",
                "/browse/sports-outdoors/electric-cruiser-hybrid-bikes/4125_1081404_1230089_8561687_2726864"
            ],
            [
                "Mountain Bikes",
                "/browse/sports-outdoors/mountain-bikes/4125_1081404_1230089_2768744"
            ],
            [
                "Electric Commuter and Folding Bikes",
                "/browse/sports-outdoors/electric-commuter-folding-bikes/4125_1081404_1230089_8561687_5419893"
            ],
            [
                "Commuter Bikes",
                "/browse/sports-outdoors/commuter-bikes/4125_1081404_1230089_5706336"
            ],
            [
                "Electric Mountain Bikes",
                "/browse/sports-outdoors/electric-mountain-bikes/4125_1081404_1230089_8561687_7151462"
            ],
            [
                "Cruiser Bikes",
                "/browse/sports-outdoors/cruiser-bikes/4125_1081404_1230089_7309944"
            ]
        ]
    },
    {
        "title": "Gatorade Whey Protein Recover Bar, Mint Chocolate Crunch, 20g Protein, 12 Ct",
        "url": "https://www.walmart.com/ip/Gatorade-Whey-Protein-Recover-Bar-Mint-Chocolate-Crunch-20g-Protein-12-Ct/246287431",
        "price": "$18.00",
        "stars": "4.5",
        "ratings": "12 ",
        "img": "i5.walmartimages.com/asr/2e41ed66-909b-4634-890c-c4850462e368_1.d2e48f46a2ae399f0c30878fcdd5c22c.jpeg?odnWidth=612&odnHeight=612&odnBg=ffffff",
        "tags": [
            [
                "Protein Shakes, Bars & Energy Drinks",
                "/browse/health/protein-shakes-bars-energy-drinks/976760_9035881_9006282_2339462"
            ],
            [
                "Mainstream Products for Fitness",
                "/browse/health/mainstream-products-for-fitness/976760_1166769_2648932"
            ],
            [
                "Gatorade Protein Bars",
                "/browse/health/gatorade-protein-bars/976760_1166769_3121718_3606935"
            ],
            [
                "Indulgent Flavors Protein & Fitness",
                "/browse/health/indulgent-flavors-protein-fitness/976760_1166769_4709928_4249965"
            ],
            [
                "Fuel Your Workout",
                "/browse/health/fuel-your-workout/976760_1166769_4659027"
            ],
            [
                "Protein On the Go",
                "/browse/health/protein-on-the-go/976760_1166769_5193040"
            ],
            [
                "Met-Rx Protein Bars",
                "/browse/health/met-rx-protein-bars/976760_1166769_2744334_5245209"
            ],
            [
                "Fuel Your Body",
                "/browse/health/fuel-your-body/976760_9035881_5814720"
            ]
        ]
    },
    {
        "title": "Xspec 7 Speed Folding Compact Mountain Bike, Black, 26\"",
        "url": "https://www.walmart.com/ip/Xspec-7-Speed-Folding-Compact-Mountain-Bike-Black-26/422579361",
        "price": "$299.99",
        "stars": "4.1",
        "ratings": "15 ",
        "img": "i5.walmartimages.com/asr/7a94fbf3-b584-4e0e-9bff-ace53f5513b2_1.c3d8020a4beff04c0261955ed84abd8f.jpeg?odnWidth=612&odnHeight=612&odnBg=ffffff",
        "tags": [
            [
                "All Kids' Bikes",
                "/browse/sports-outdoors/all-kids-bikes/4125_1081404_9240575_1085618"
            ],
            [
                "Electric Bikes",
                "/browse/sports-outdoors/electric-bikes/4125_1081404_1230089_1806718"
            ],
            [
                "Mountain Bikes",
                "/browse/sports-outdoors/mountain-bikes/4125_1081404_1230089_2768744"
            ],
            [
                "Electric Commuter and Folding Bikes",
                "/browse/sports-outdoors/electric-commuter-folding-bikes/4125_1081404_1230089_8561687_5419893"
            ],
            [
                "Commuter Bikes",
                "/browse/sports-outdoors/commuter-bikes/4125_1081404_1230089_5706336"
            ],
            [
                "Kids' Mountain Bikes",
                "/browse/sports-outdoors/kids-mountain-bikes/4125_1081404_9240575_6512934"
            ],
            [
                "Electric Mountain Bikes",
                "/browse/sports-outdoors/electric-mountain-bikes/4125_1081404_1230089_8561687_7151462"
            ],
            [
                "Hybrid Bikes",
                "/browse/sports-outdoors/hybrid-bikes/4125_1081404_1230089_7943216"
            ]
        ]
    },
    {
        "title": "Zefal Ultimate Seat Bike Bag (Universal Mounting, No Tools Necessary, Supersized Storage)",
        "url": "https://www.walmart.com/ip/Zefal-Ultimate-Seat-Bike-Bag-Universal-Mounting-No-Tools-Necessary-Supersized-Storage/779682746",
        "price": "$14.96",
        "stars": "4.1",
        "ratings": "23 ",
        "img": "i5.walmartimages.com/asr/59a05ef5-986b-4f73-9564-74b27edfa035_1.782633e2dcbabb19bc6ca5446b0049a4.jpeg?odnWidth=612&odnHeight=612&odnBg=ffffff",
        "tags": [
            [
                "Bike Water Bottle Cages",
                "/browse/sports-outdoors/bike-water-bottle-cages/4125_1081404_5848968_1790042"
            ],
            [
                "Bike Baskets",
                "/browse/sports-outdoors/bike-baskets/4125_1081404_5848968_3824272"
            ],
            [
                "Bike Lights",
                "/browse/sports-outdoors/bike-lights/4125_1081404_5848968_4037860"
            ],
            [
                "Bike Covers",
                "/browse/sports-outdoors/bike-covers/4125_1081404_5848968_4998116_5085312"
            ],
            [
                "Bike Helmets",
                "/browse/sports-outdoors/bike-helmets/4125_1081404_7258752_6249551"
            ],
            [
                "Bike Locks",
                "/browse/sports-outdoors/bike-locks/4125_1081404_5848968_6474494"
            ],
            [
                "Bike Water Bottles",
                "/browse/sports-outdoors/bike-water-bottles/4125_1081404_5848968_7113847"
            ],
            [
                "Bike Pumps",
                "/browse/sports-outdoors/bike-pumps/4125_1081404_5848968_9835385"
            ]
        ]
    },
    {
        "title": "Bell Disney Princess Pink Lanterns Bike Helmet, Toddler 3+ (48-52 cm)",
        "url": "https://www.walmart.com/ip/Bell-Disney-Princess-Pink-Lanterns-Bike-Helmet-Toddler-3-48-52-cm/101524267",
        "price": "$19.96",
        "stars": "4.4",
        "ratings": "65 ",
        "img": "i5.walmartimages.com/asr/deb92972-5185-407f-8274-2e1efb8c1e61.698f5ded912f294a9edd9574058d047d.jpeg?odnWidth=612&odnHeight=612&odnBg=ffffff",
        "tags": [
            [
                "Kids' Bikes & Riding Knee Pads",
                "/browse/toys/kids-bikes-riding-knee-pads/4171_133073_5310116_9137144_1225457"
            ],
            [
                "BIkes for Girls",
                "/browse/toys/bikes-for-girls/4171_1228477_3574057_1533396"
            ],
            [
                "All Disney Toys",
                "/browse/toys/all-disney-toys/4171_6909449_1773797"
            ],
            [
                "All Trolls Toys",
                "/browse/toys/all-trolls-toys/4171_7357538_9587579_3802039"
            ],
            [
                "Razor Sport Helmets",
                "/browse/toys/razor-sport-helmets/4171_3438149_6621100_6366016"
            ],
            [
                "Kick Scooters",
                "/browse/toys/kick-scooters/4171_133073_6774653_4137853_3209634_7316698"
            ],
            [
                "PAW Patrol Toys",
                "/browse/toys/paw-patrol-toys/4171_3438149_8288276"
            ],
            [
                "Frozen Kids Bikes & Riding Toys",
                "/browse/toys/frozen-kids-bikes-riding-toys/4171_7357538_6091150_9022265"
            ]
        ]
    },
    {
        "title": "Bell Shadow Bike Helmet, Blue, Toddler 3+ (48cm-52cm)",
        "url": "https://www.walmart.com/ip/Bell-Shadow-Bike-Helmet-Blue-Toddler-3-48cm-52cm/46712826",
        "price": "$17.08",
        "stars": "4.2",
        "ratings": "59 ",
        "img": "i5.walmartimages.com/asr/c96b57f5-1171-4d8d-8d2e-09723a1f2bf3_1.243f154155be9b55acdc66d26eea20a3.jpeg?odnWidth=612&odnHeight=612&odnBg=ffffff",
        "tags": [
            [
                "Kids' Bikes & Riding Knee Pads",
                "/browse/toys/kids-bikes-riding-knee-pads/4171_133073_5310116_9137144_1225457"
            ],
            [
                "Tricycles",
                "/browse/toys/tricycles/4171_133073_6774653_4137853_1462305"
            ],
            [
                "Radio Flyer Ride Ons",
                "/browse/toys/radio-flyer-ride-ons/4171_133073_6774653_6489011_1804650"
            ],
            [
                "Bikes for Boys",
                "/browse/toys/bikes-for-boys/4171_1228478_3172813_1984741"
            ],
            [
                "Skateboard Accessories",
                "/browse/toys/skateboard-accessories/4171_133073_7200693_5249"
            ],
            [
                "Razor Sport Helmets",
                "/browse/toys/razor-sport-helmets/4171_3438149_6621100_6366016"
            ],
            [
                "PAW Patrol Toys",
                "/browse/toys/paw-patrol-toys/4171_3438149_8288276"
            ],
            [
                "Radio Flyer Tricycles",
                "/browse/toys/radio-flyer-tricycles/4171_133073_6774653_6489011_9951095"
            ]
        ]
    }
]