[
    {
        "title": "Abs Stimulator Ultimate Muscle Toner with 16 Extra Gel Pads, EMS Abdominal Toning Belt for Men and Women, Arm and Leg Trainer, Office, Home Gym Fitness Equipment",
        "url": "https://www.walmart.com/ip/Abs-Stimulator-Ultimate-Muscle-Toner-16-Extra-Gel-Pads-EMS-Abdominal-Toning-Belt-Men-Women-Arm-Leg-Trainer-Office-Home-Gym-Fitness-Equipment/697424968",
        "price": "$19.99",
        "stars": "4.0",
        "ratings": "34 ",
        "img": "i5.walmartimages.com/asr/5f7d4b0e-a2d1-46a7-afe2-94fc1dc84657_1.48fd4e930c136b1e41aa53215e8af2e0.jpeg?odnWidth=612&odnHeight=612&odnBg=ffffff",
        "tags": [
            [
                "Hunting Dog Gear",
                "/browse/sports-outdoors/hunting-dog-gear/4125_546956_4155_4363790_1080164"
            ],
            [
                "Ab Stimulators & Belts",
                "/browse/sports-outdoors/ab-stimulators-belts/4125_4134_1026285_9642310_2441788"
            ],
            [
                "Ab Rollers",
                "/browse/sports-outdoors/ab-rollers/4125_4134_1026285_9642310_3084317"
            ],
            [
                "Ab Exercisers",
                "/browse/sports-outdoors/ab-exercisers/4125_4134_1026285_9642310_3890420"
            ],
            [
                "Core Trainers",
                "/browse/sports-outdoors/core-trainers/4125_4134_1026285_9642310_4440426"
            ],
            [
                "Resistance Tubes",
                "/browse/sports-outdoors/resistance-tubes/4125_4134_1078104_9133250_5121985"
            ],
            [
                "Battle Ropes",
                "/browse/sports-outdoors/battle-ropes/4125_4134_2760213_6416684"
            ],
            [
                "Leg Extension Machines",
                "/browse/sports-outdoors/leg-extension-machines/4125_4134_1026285_2484197_9743781"
            ]
        ]
    },
    {
        "title": "Ace Adjustable Compression Knee Support",
        "url": "https://www.walmart.com/ip/Ace-Adjustable-Compression-Knee-Support/24705305",
        "price": "$12.84",
        "stars": "4.4",
        "ratings": "80 ",
        "img": "i5.walmartimages.com/asr/f08cc6e3-fdef-4b4a-9ff6-2662b49e30ce.cad5e94855264966ba2bc8c6513caa6e.jpeg?odnWidth=612&odnHeight=612&odnBg=ffffff",
        "tags": [
            [
                "CrossFit Training",
                "/browse/sports-outdoors/crossfit-training/4125_4134_2760213_3257386"
            ],
            [
                "Sport Knee Braces",
                "/browse/sports-outdoors/sport-knee-braces/4125_4134_3523130_8200402_4716154"
            ],
            [
                "Athletic Tape",
                "/browse/sports-outdoors/athletic-tape/4125_4134_3523130_8200402_5107623"
            ],
            [
                "Mueller Knee Braces",
                "/browse/sports-outdoors/mueller-knee-braces/4125_4134_3523130_8200402_5129891"
            ],
            [
                "Hinged Knee Braces",
                "/browse/sports-outdoors/hinged-knee-braces/4125_4134_3523130_8200402_6550134"
            ],
            [
                "Compression Sleeves",
                "/browse/sports-outdoors/compression-sleeves/4125_4134_3523130_8200402_7134513"
            ],
            [
                "Knee Compression Sleeves",
                "/browse/sports-outdoors/knee-compression-sleeves/4125_4134_3523130_8200402_7145154"
            ],
            [
                "Sports Braces",
                "/browse/sports-outdoors/sports-braces/4125_4134_3523130_8200402_9682761"
            ]
        ]
    },
    {
        "title": "Goplus 2.25HP 2 in 1 Folding Treadmill Jogging Machine Dual Display W/Speaker Bluetooth",
        "url": "https://www.walmart.com/ip/Goplus-2-25HP-2-in-1-Folding-Treadmill-Jogging-Machine-Dual-Display-W-Speaker-Bluetooth/226376957",
        "price": "$389.99",
        "stars": "4.3",
        "ratings": "3 ",
        "img": "i5.walmartimages.com/asr/26d79d53-66e8-4104-9e27-6d5a544829d8_1.e3405ea344e330bcf32739846315bcd8.jpeg?odnWidth=612&odnHeight=612&odnBg=ffffff",
        "tags": []
    },
    {
        "title": "CAP Deluxe 28\" Pro-Style Bar, Cable Attachment",
        "url": "https://www.walmart.com/ip/CAP-Deluxe-28-Pro-Style-Bar-Cable-Attachment/42488616",
        "price": "$27.50",
        "stars": "4.2",
        "ratings": "13 ",
        "img": "",
        "tags": [
            [
                "Home Gyms",
                "/browse/sports-outdoors/home-gyms/4125_4134_1026285_2484197_1074328"
            ],
            [
                "Weight Bars",
                "/browse/sports-outdoors/weight-bars/4125_4134_1026285_1078284_1078288"
            ],
            [
                "Curl Bar Weights",
                "/browse/sports-outdoors/curl-bar-weights/4125_4134_1026285_1078284_1877675"
            ],
            [
                "Barbells",
                "/browse/sports-outdoors/barbells/4125_4134_1026285_1078284_2490031"
            ],
            [
                "Barbells with Weights",
                "/browse/sports-outdoors/barbells-with-weights/4125_4134_1026285_1078284_2542163"
            ],
            [
                "Barbell Sets",
                "/browse/sports-outdoors/barbell-sets/4125_4134_1026285_1078284_3285949"
            ],
            [
                "Barbell Collars",
                "/browse/sports-outdoors/barbell-collars/4125_4134_1026285_7482840_7366946"
            ],
            [
                "Body Weights",
                "/browse/sports-outdoors/body-weights/4125_4134_1026285_7482840_7627755"
            ]
        ]
    },
    {
        "title": "2-Pack for Fitbit Alta Charger Replacement USB Data Charging Cable Cord Adapter for Fitbit Alta / Ace Activity Smart Fitness Tracker by Insten",
        "url": "https://www.walmart.com/ip/2-Pack-for-Fitbit-Alta-Charger-Replacement-USB-Data-Charging-Cable-Cord-Adapter-for-Fitbit-Alta-Ace-Activity-Smart-Fitness-Tracker-by-Insten/397863799",
        "price": "$7.99",
        "stars": "4.1",
        "ratings": "32 ",
        "img": "i5.walmartimages.com/asr/652b648f-20aa-4db0-84df-c5a291b873d0_1.13ec1f698935f2b25d6d860818bc7c5a.jpeg?odnWidth=612&odnHeight=612&odnBg=ffffff",
        "tags": [
            [
                "Heart Rate Monitors",
                "/browse/sports-outdoors/heart-rate-monitors/4125_4134_1078104_1078145"
            ],
            [
                "Fitness Trackers",
                "/browse/sports-outdoors/fitness-trackers/4125_4134_1229723_1225106"
            ],
            [
                "Fitbit Ionic",
                "/browse/sports-outdoors/fitbit-ionic/4125_4134_1229723_5635313_4160426"
            ],
            [
                "Smart Watch Accessories",
                "/browse/sports-outdoors/smart-watch-accessories/4125_4134_1229723_5081915"
            ],
            [
                "Fitbit Charge",
                "/browse/sports-outdoors/fitbit-charge/4125_4134_1229723_5635313_5808080"
            ],
            [
                "Fitbit Alta",
                "/browse/sports-outdoors/fitbit-alta/4125_4134_1229723_5635313_6834227"
            ],
            [
                "All Fitbits",
                "/browse/sports-outdoors/all-fitbits/4125_4134_1229723_5635313_9170763"
            ]
        ]
    },
    {
        "title": "Dr. Scholl's Hot & Cold Massage Ball, 1 Each",
        "url": "https://www.walmart.com/ip/Dr-Scholl-s-Hot-Cold-Massage-Ball-1-Each/381308180",
        "price": "$7.47",
        "stars": "3.0",
        "ratings": "1 ",
        "img": "i5.walmartimages.com/asr/71639037-b9c6-4bfa-ad94-eebd037bf055_2.0e10421cf707843c4fafb41c2de582a6.jpeg?odnWidth=612&odnHeight=612&odnBg=ffffff",
        "tags": [
            [
                "HoMedics Savings",
                "/browse/health/homedics-savings/976760_36290_1885016_4909367"
            ],
            [
                "Spa & Massagers",
                "/browse/health/spa-massagers/976760_9035881_8854050_5709733"
            ],
            [
                "Home Spa Gadgets",
                "/browse/health/home-spa-gadgets/976760_36290_6162029"
            ],
            [
                "Relaxation",
                "/browse/health/relaxation/976760_9708376_6257742"
            ],
            [
                "Back Massagers",
                "/browse/health/back-massagers/976760_36290_8377117"
            ],
            [
                "Mini Massagers",
                "/browse/health/mini-massagers/976760_36290_9019046"
            ],
            [
                "Wahl",
                "/browse/health/wahl/976760_36290_1885016_9485721"
            ],
            [
                "Reduce Muscle Tension",
                "/browse/health/reduce-muscle-tension/976760_7207516_1424368_5124640_9753112"
            ]
        ]
    },
    {
        "title": "Costway Adjustable Exercise Bike Bicycle Cycling Cardio Fitness LCD w/ 18lb Flywheel",
        "url": "https://www.walmart.com/ip/Costway-Adjustable-Exercise-Bike-Bicycle-Cycling-Cardio-Fitness-LCD-w-18lb-Flywheel/846272196",
        "price": "$175.99",
        "stars": "3.2",
        "ratings": "50 ",
        "img": "i5.walmartimages.com/asr/4ff53b26-8eb6-4033-b7a8-1e0ac8405217_1.ca6f4ae87c40495a5ad57ac0ef43ffba.jpeg?odnWidth=612&odnHeight=612&odnBg=ffffff",
        "tags": [
            [
                "Exercise Bikes",
                "/browse/sports-outdoors/exercise-bikes/4125_4134_1074324_1074327"
            ],
            [
                "Bike Water Bottle Cages",
                "/browse/sports-outdoors/bike-water-bottle-cages/4125_1081404_5848968_1790042"
            ],
            [
                "Rowing Machines",
                "/browse/sports-outdoors/rowing-machines/4125_4134_1074324_2725361"
            ],
            [
                "Office Fitness",
                "/browse/sports-outdoors/office-fitness/4125_4134_4155663"
            ],
            [
                "Schwinn Exercise Bikes",
                "/browse/sports-outdoors/schwinn-exercise-bikes/4125_4134_1074324_6143329_4913989"
            ],
            [
                "Recumbent Exercise Bikes",
                "/browse/sports-outdoors/recumbent-exercise-bikes/4125_4134_1074324_6143329_8446798"
            ],
            [
                "Upright Exercise Bikes",
                "/browse/sports-outdoors/upright-exercise-bikes/4125_4134_1074324_6143329_9467098"
            ],
            [
                "Functional Cardio",
                "/browse/sports-outdoors/functional-cardio/4125_4134_1074324_9514199"
            ]
        ]
    },
    {
        "title": "T1 Bluetooth Smart Watch Wrist Watch with Camera For iPhone Android Smart Phones",
        "url": "https://www.walmart.com/ip/T1-Bluetooth-Smart-Watch-Wrist-Watch-with-Camera-For-iPhone-Android-Smart-Phones/887938032",
        "price": "$19.99",
        "stars": "2.6",
        "ratings": "79 ",
        "img": "i5.walmartimages.com/asr/0eb50a12-5776-49ed-8a4f-bc83c56691ab_1.8abfcfea12e47702f0d29ae460d07f2e.jpeg?odnWidth=612&odnHeight=612&odnBg=ffffff",
        "tags": [
            [
                "Heart Rate Monitors",
                "/browse/sports-outdoors/heart-rate-monitors/4125_4134_1078104_1078145"
            ],
            [
                "Fitness Trackers",
                "/browse/sports-outdoors/fitness-trackers/4125_4134_1229723_1225106"
            ],
            [
                "Smart Watch Accessories",
                "/browse/sports-outdoors/smart-watch-accessories/4125_4134_1229723_5081915"
            ],
            [
                "Water Bottles",
                "/browse/sports-outdoors/water-bottles/4125_546956_4128_2242359_6222898"
            ],
            [
                "Fitbit Versa",
                "/browse/sports-outdoors/fitbit-versa/4125_4134_1229723_5635313_6806839"
            ],
            [
                "Smart Watches",
                "/browse/sports-outdoors/smart-watches/4125_4134_1229723_8780847"
            ],
            [
                "All Fitbits",
                "/browse/sports-outdoors/all-fitbits/4125_4134_1229723_5635313_9170763"
            ]
        ]
    },
    {
        "title": "Brita 20 Ounce Premium Filtering Water Bottle with Filter - Double Wall Insulated Stainless Steel Bottle - BPA Free - Ocean",
        "url": "https://www.walmart.com/ip/Brita-20-Ounce-Premium-Filtering-Water-Bottle-with-Filter-Double-Wall-Insulated-Stainless-Steel-Bottle-BPA-Free-Ocean/748660772",
        "price": "$24.99",
        "stars": "4.7",
        "ratings": "323 ",
        "img": "i5.walmartimages.com/asr/b0c7d07e-fdd2-4d6b-aa09-2bb9578ed2f8_1.1addb6046ffc5f30d1beda3e71becfd8.jpeg?odnWidth=612&odnHeight=612&odnBg=ffffff",
        "tags": [
            [
                "All Water Filtration",
                "/browse/home-improvement/all-water-filtration/1072864_1231153_104899"
            ],
            [
                "Faucet Water Filters",
                "/browse/home-improvement/faucet-water-filters/1072864_1231153_5070599_1231162"
            ],
            [
                "Countertop Water Filters",
                "/browse/home-improvement/countertop-water-filters/1072864_1231153_5070599_1231164"
            ],
            [
                "Brita Water Filters",
                "/browse/home-improvement/brita-water-filters/1072864_1231153_1231160_1278513"
            ],
            [
                "Brita Water Bottle Filters",
                "/browse/home-improvement/brita-water-bottle-filters/1072864_1231153_1231160_3756615"
            ],
            [
                "All Replacement Water Filters",
                "/browse/home-improvement/all-replacement-water-filters/1072864_1231153_1231160_5801614"
            ],
            [
                "Brita Pitchers",
                "/browse/home-improvement/brita-pitchers/1072864_1231153_1231158_6664566"
            ]
        ]
    },
    {
        "title": "Fitbit Charge 3 bands, by Zodaca Replacement Band Silicon Wristband Watch Straps For Fitbit Charge 3 Fitness Activity Tracker",
        "url": "https://www.walmart.com/ip/Fitbit-Charge-3-bands-by-Zodaca-Replacement-Band-Silicon-Wristband-Watch-Straps-For-Fitbit-Charge-3-Fitness-Activity-Tracker/174522030",
        "price": "$5.99",
        "stars": "3.7",
        "ratings": "40 ",
        "img": "i5.walmartimages.com/asr/02f60a71-b2ad-4abd-8ff0-163829615e24_1.81d6d77bc99c8123c602b034b53ca272.jpeg?odnWidth=612&odnHeight=612&odnBg=ffffff",
        "tags": [
            [
                "Heart Rate Monitors",
                "/browse/sports-outdoors/heart-rate-monitors/4125_4134_1078104_1078145"
            ],
            [
                "Fitness Trackers",
                "/browse/sports-outdoors/fitness-trackers/4125_4134_1229723_1225106"
            ],
            [
                "Fitness Trackers Accessories",
                "/browse/sports-outdoors/fitness-trackers-accessories/4125_4134_1229723_3325958"
            ],
            [
                "Smart Watch Accessories",
                "/browse/sports-outdoors/smart-watch-accessories/4125_4134_1229723_5081915"
            ],
            [
                "Fitbit Alta",
                "/browse/sports-outdoors/fitbit-alta/4125_4134_1229723_5635313_6834227"
            ],
            [
                "Smart Watches",
                "/browse/sports-outdoors/smart-watches/4125_4134_1229723_8780847"
            ],
            [
                "All Fitbits",
                "/browse/sports-outdoors/all-fitbits/4125_4134_1229723_5635313_9170763"
            ]
        ]
    }
]