[
    {
        "title": "Best Choice Products 4-in-1 Multi Arcade Competition Game Table Set w/Pool Billiards, Air Hockey, Foosball, Table Tennis",
        "url": "https://www.walmart.com/ip/Best-Choice-Products-4-in-1-Multi-Arcade-Competition-Game-Table-Set-w-Pool-Billiards-Air-Hockey-Foosball-Table-Tennis/294706892",
        "price": "$79.99",
        "stars": "4.2",
        "ratings": "64 ",
        "img": "i5.walmartimages.com/asr/53538778-6832-40c7-8920-38b34489cccd.e2a89c6948fd5dc0a0f4499acdf7f8ec.jpeg?odnWidth=612&odnHeight=612&odnBg=ffffff",
        "tags": [
            [
                "Multi Game Tables",
                "/browse/sports-outdoors/multi-game-tables/4125_1224931_4158_1029579"
            ],
            [
                "Arcade Basketball",
                "/browse/sports-outdoors/arcade-basketball/4125_1224931_4158_78398_1755457"
            ],
            [
                "Table Tennis Paddles",
                "/browse/sports-outdoors/table-tennis-paddles/4125_1224931_4158_5896074_3717208"
            ],
            [
                "All Table Tennis",
                "/browse/sports-outdoors/all-table-tennis/4125_1224931_4158_5896074_5229"
            ],
            [
                "All Billiards",
                "/browse/sports-outdoors/all-billiards/4125_1224931_4158_3447807_78353"
            ],
            [
                "Air Hockey",
                "/browse/sports-outdoors/air-hockey/4125_1224931_4158_78356"
            ],
            [
                "Foosball Tables",
                "/browse/sports-outdoors/foosball-tables/4125_1224931_4158_9596320_78357"
            ]
        ]
    },
    {
        "title": "Triumph Recreational Outdoor Bocce Ball Set Includes 8 Bocce Balls, Jack, and Sports Carry Bag",
        "url": "https://www.walmart.com/ip/Triumph-Recreational-Outdoor-Bocce-Ball-Set-Includes-8-Bocce-Balls-Jack-and-Sports-Carry-Bag/36754474",
        "price": "$25.62",
        "stars": "4.8",
        "ratings": "6 ",
        "img": "i5.walmartimages.com/asr/46159135-b0e0-441d-b1cd-113064db6b98_2.888059b236b06f36aadf1f8d5496f3e1.png?odnWidth=612&odnHeight=612&odnBg=ffffff",
        "tags": [
            [
                "All Lawn Games",
                "/browse/sports-outdoors/all-lawn-games/4125_1224931_7643019_1075784"
            ],
            [
                "Boxing Gloves",
                "/browse/sports-outdoors/boxing-gloves/4125_4134_8062664_1078404_1078406"
            ],
            [
                "Bocce Ball Sets",
                "/browse/sports-outdoors/bocce-ball-sets/4125_1224931_7643019_3353263"
            ],
            [
                "Walking Sticks",
                "/browse/sports-outdoors/walking-sticks/4125_546956_4128_1080844_3496240"
            ],
            [
                "Trekking Poles",
                "/browse/sports-outdoors/trekking-poles/4125_546956_4128_1080844_5134773"
            ],
            [
                "Ring & Washer Toss",
                "/browse/sports-outdoors/ring-washer-toss/4125_1224931_7643019_2157795_6811774"
            ],
            [
                "Towables Tubes",
                "/browse/sports-outdoors/towables-tubes/4125_546956_1075805_9127998"
            ],
            [
                "Boomerangs",
                "/browse/sports-outdoors/boomerangs/4125_1224931_7643019_9481966"
            ]
        ]
    },
    {
        "title": "Large Bean Bag Gamer Beanbag Adult Outdoor Gaming Garden Big Arm Chair Cover Seatr Durable Furniture, Brown",
        "url": "https://www.walmart.com/ip/Large-Bean-Bag-Gamer-Beanbag-Adult-Outdoor-Gaming-Garden-Big-Arm-Chair-Cover-Seatr-Durable-Furniture-Brown/611784551",
        "price": "$29.99",
        "stars": "1.4",
        "ratings": "65 ",
        "img": "i5.walmartimages.com/asr/28e1130c-b128-47b3-a9e4-aacfb5397ac3_1.0ee113b0b40fc720dc7c7ad09cb19819.jpeg?odnWidth=612&odnHeight=612&odnBg=ffffff",
        "tags": [
            [
                "Kids' Chairs & Seating",
                "/browse/home/kids-chairs-seating/4044_1154295_1155958_1156032"
            ],
            [
                "Teens' Lounge Seating",
                "/browse/home/teens-lounge-seating/4044_1156136_1156142_1156147"
            ],
            [
                "Big Bean Bag Chairs",
                "/browse/home/big-bean-bag-chairs/4044_1154295_1155958_7203266_4128634"
            ],
            [
                "Shop All Kids' Furniture",
                "/browse/home/shop-all-kids-furniture/4044_1154295_1155958_5352796"
            ],
            [
                "Adult & Teen Bean Bag Chairs",
                "/browse/home/adult-teen-bean-bag-chairs/4044_1154295_1155958_7203266_8496525"
            ],
            [
                "Kids' Bean Bag Chairs",
                "/browse/home/kids-bean-bag-chairs/4044_1154295_1155958_7203266_9269066"
            ],
            [
                "All Kids' Chairs",
                "/browse/home/all-kids-chairs/4044_1154295_1155958_7203266_9300235"
            ],
            [
                "Kids' Playroom",
                "/browse/home/kids-playroom/4044_1154295_9443108"
            ]
        ]
    },
    {
        "title": "15 Pack Steel Tip Darts 18 Grams with Aluminum Shafts and Brass Barrels",
        "url": "https://www.walmart.com/ip/15-Pack-Steel-Tip-Darts-18-Grams-with-Aluminum-Shafts-and-Brass-Barrels/917025991",
        "price": "$22.90",
        "stars": "4.6",
        "ratings": "10 ",
        "img": "i5.walmartimages.com/asr/93d63935-7c18-4800-bc7f-7a6a4c3cd066_1.b228eb530ba67ed2fa8527665ed05fba.jpeg?odnWidth=612&odnHeight=612&odnBg=ffffff",
        "tags": [
            [
                "Dartboards",
                "/browse/sports-outdoors/dartboards/4125_1224931_4158_1028979_1051640"
            ],
            [
                "Dart Supplies",
                "/browse/sports-outdoors/dart-supplies/4125_1224931_4158_1028979_1075764"
            ],
            [
                "Dartboard Cabinets",
                "/browse/sports-outdoors/dartboard-cabinets/4125_1224931_4158_1028979_2895638"
            ],
            [
                "Dart Points",
                "/browse/sports-outdoors/dart-points/4125_1224931_4158_1028979_3386306"
            ],
            [
                "Lawn Darts",
                "/browse/sports-outdoors/lawn-darts/4125_1224931_7643019_2157795_4542645"
            ],
            [
                "Dart Cases & Wallets",
                "/browse/sports-outdoors/dart-cases-wallets/4125_1224931_4158_1028979_4805978"
            ],
            [
                "Dart Shafts",
                "/browse/sports-outdoors/dart-shafts/4125_1224931_4158_1028979_5079378"
            ],
            [
                "Dart Backboards",
                "/browse/sports-outdoors/dart-backboards/4125_1224931_4158_1028979_8285212"
            ]
        ]
    },
    {
        "title": "EastPoint Sports Derbyshire Bristle Dartboard; 18 Inch by 1.5 Inch Natural Sisal Fiber Dartboard with 6 Deluxe Steel Tip Darts",
        "url": "https://www.walmart.com/ip/EastPoint-Sports-Derbyshire-Bristle-Dartboard-18-Inch-by-1-5-Inch-Natural-Sisal-Fiber-Dartboard-with-6-Deluxe-Steel-Tip-Darts/53969690",
        "price": "$89.99",
        "stars": "4.4",
        "ratings": "47 ",
        "img": "i5.walmartimages.com/asr/57b4463e-4463-417b-88d7-7b30744a1397_1.3ae4de03198a12455807c82810a4d7ef.jpeg?odnWidth=612&odnHeight=612&odnBg=ffffff",
        "tags": [
            [
                "Multi Game Tables",
                "/browse/sports-outdoors/multi-game-tables/4125_1224931_4158_1029579"
            ],
            [
                "Dartboards",
                "/browse/sports-outdoors/dartboards/4125_1224931_4158_1028979_1051640"
            ],
            [
                "Dart Supplies",
                "/browse/sports-outdoors/dart-supplies/4125_1224931_4158_1028979_1075764"
            ],
            [
                "Darts",
                "/browse/sports-outdoors/darts/4125_1224931_4158_1028979_4224502"
            ],
            [
                "All Billiards",
                "/browse/sports-outdoors/all-billiards/4125_1224931_4158_3447807_78353"
            ],
            [
                "Air Hockey",
                "/browse/sports-outdoors/air-hockey/4125_1224931_4158_78356"
            ],
            [
                "Foosball Tables",
                "/browse/sports-outdoors/foosball-tables/4125_1224931_4158_9596320_78357"
            ],
            [
                "Dart Backboards",
                "/browse/sports-outdoors/dart-backboards/4125_1224931_4158_1028979_8285212"
            ]
        ]
    },
    {
        "title": "6PCS KEVENZ LED Shuttlecock Badminton Set Dark Night Glow Birdies Lighting",
        "url": "https://www.walmart.com/ip/6PCS-KEVENZ-LED-Shuttlecock-Badminton-Set-Dark-Night-Glow-Birdies-Lighting/190324680",
        "price": "$13.99",
        "stars": 0,
        "ratings": 0,
        "img": "i5.walmartimages.com/asr/b3823045-9661-4785-8812-7a45f3e03a82.011750cdc96fba44b706d7b408b52aa4.jpeg?odnWidth=612&odnHeight=612&odnBg=ffffff",
        "tags": [
            [
                "Sports Equipment Fan Shop",
                "/browse/sports-outdoors/sports-equipment-fan-shop/4125_1063984_1064023_1064047"
            ],
            [
                "Volleyball Sets",
                "/browse/sports-outdoors/volleyball-sets/4125_4161_1041862_1075730"
            ],
            [
                "All Lawn Games",
                "/browse/sports-outdoors/all-lawn-games/4125_1224931_7643019_1075784"
            ],
            [
                "Badminton Racquets",
                "/browse/sports-outdoors/badminton-racquets/4125_1224931_7643019_1945581_3443020"
            ],
            [
                "Badminton Nets",
                "/browse/sports-outdoors/badminton-nets/4125_1224931_7643019_1945581_6098698"
            ],
            [
                "Ring & Washer Toss",
                "/browse/sports-outdoors/ring-washer-toss/4125_1224931_7643019_2157795_6811774"
            ],
            [
                "Disc Sports",
                "/browse/sports-outdoors/disc-sports/4125_1224931_7643019_2157795_8506756"
            ],
            [
                "Badminton Sets",
                "/browse/sports-outdoors/badminton-sets/4125_1224931_7643019_1945581_9602088"
            ]
        ]
    },
    {
        "title": "Super Trampoline Replacement Safety Pad Fits for 7.5' Round Frames",
        "url": "https://www.walmart.com/ip/Super-Trampoline-Replacement-Safety-Pad-Fits-for-7-5-Round-Frames/46009216",
        "price": "$62.43",
        "stars": "4.7",
        "ratings": "32 ",
        "img": "i5.walmartimages.com/asr/bf5009c9-4e2c-4f85-9c1f-00d88753be0e_3.ad0dfa13fd0faac59e872921d5dbb45e.jpeg?odnWidth=612&odnHeight=612&odnBg=ffffff",
        "tags": [
            [
                "Trampoline Mats",
                "/browse/sports-outdoors/trampoline-mats/4125_1224931_5230_8012279_1457575"
            ],
            [
                "Trampoline Enclosures",
                "/browse/sports-outdoors/trampoline-enclosures/4125_1224931_5230_8012279_1679284"
            ],
            [
                "Trampoline Covers",
                "/browse/sports-outdoors/trampoline-covers/4125_1224931_5230_5500985_2190651"
            ],
            [
                "Skywalker Trampolines",
                "/browse/sports-outdoors/skywalker-trampolines/4125_1224931_5230_3070542"
            ],
            [
                "Trampoline Nets",
                "/browse/sports-outdoors/trampoline-nets/4125_1224931_5230_8012279_6046144"
            ],
            [
                "Trampoline Springs",
                "/browse/sports-outdoors/trampoline-springs/4125_1224931_5230_8012279_6527741"
            ],
            [
                "Upper Bounce",
                "/browse/sports-outdoors/upper-bounce/4125_1224931_5230_8470403"
            ],
            [
                "Trampoline Ladders",
                "/browse/sports-outdoors/trampoline-ladders/4125_1224931_5230_5500985_9521766"
            ]
        ]
    },
    {
        "title": "Eliiti Adjustable Kids Inline Skates for Girls Boys Size 13J to 9",
        "url": "https://www.walmart.com/ip/Eliiti-Adjustable-Kids-Inline-Skates-for-Girls-Boys-Size-13J-to-9/961190778",
        "price": "$66.12",
        "stars": "4.9",
        "ratings": "7 ",
        "img": "i5.walmartimages.com/asr/365fc23a-a43d-41e7-ab61-b3471570c374_1.0524a3fe6eb233291680775820e6a55c.jpeg?odnWidth=612&odnHeight=612&odnBg=ffffff",
        "tags": [
            [
                "Hockey Accessories",
                "/browse/sports-outdoors/hockey-accessories/4125_4161_1075750_1075753"
            ],
            [
                "Bike Pads",
                "/browse/sports-outdoors/bike-pads/4125_1081404_7258752_5248669"
            ],
            [
                "Skate Wheels",
                "/browse/sports-outdoors/skate-wheels/4125_1224931_7628560_8241867_5339242"
            ],
            [
                "Skateboard Parts",
                "/browse/sports-outdoors/skateboard-parts/4125_1224931_7628560_3297420_5930613"
            ],
            [
                "Bike Helmets",
                "/browse/sports-outdoors/bike-helmets/4125_1081404_7258752_6249551"
            ],
            [
                "Roller Skates",
                "/browse/sports-outdoors/roller-skates/4125_1224931_7628560_8241867_7343776"
            ],
            [
                "Hockey Pads",
                "/browse/sports-outdoors/hockey-pads/4125_4161_1075750_9016454"
            ],
            [
                "Skateboard Helmets",
                "/browse/sports-outdoors/skateboard-helmets/4125_1224931_7628560_3297420_9909579"
            ]
        ]
    },
    {
        "title": "Black and Grey Championship Cornhole Bean Bags, Set of 8",
        "url": "https://www.walmart.com/ip/Black-and-Grey-Championship-Cornhole-Bean-Bags-Set-of-8/33587766",
        "price": "$18.37",
        "stars": "3.7",
        "ratings": "15 ",
        "img": "",
        "tags": [
            [
                "All Lawn Games",
                "/browse/sports-outdoors/all-lawn-games/4125_1224931_7643019_1075784"
            ],
            [
                "Missouri Tigers Outdoor",
                "/browse/sports-outdoors/missouri-tigers-outdoor/4125_1063984_1064346_3018896_3619724"
            ],
            [
                "Tailgate Games",
                "/browse/sports-outdoors/tailgate-games/4125_1224931_7643019_3868814"
            ],
            [
                "MLB Outdoor",
                "/browse/sports-outdoors/mlb-outdoor/4125_1063984_1064344_3973317_4197281"
            ],
            [
                "Cornhole",
                "/browse/sports-outdoors/cornhole/4125_1224931_7643019_2157795_4279235"
            ],
            [
                "Texas A&M Aggies Mens",
                "/browse/sports-outdoors/texas-am-aggies-mens/4125_1063984_1064346_7605627_4665185"
            ],
            [
                "Missouri Tigers Kids",
                "/browse/sports-outdoors/missouri-tigers-kids/4125_1063984_1064346_3018896_9140699"
            ],
            [
                "Columbus Blue Jackets",
                "/browse/sports-outdoors/columbus-blue-jackets/4125_1063984_1064348_7604665_9186609"
            ]
        ]
    },
    {
        "title": "JOOLA All-in-One Hit Set Official Size Table Tennis Bundle with Carrying Case, 4ct Paddles, 8ct Ping Pong Balls",
        "url": "https://www.walmart.com/ip/JOOLA-All-in-One-Hit-Set-Official-Size-Table-Tennis-Bundle-with-Carrying-Case-4ct-Paddles-8ct-Ping-Pong-Balls/36334285",
        "price": "$24.99",
        "stars": "4.6",
        "ratings": "18 ",
        "img": "",
        "tags": [
            [
                "Tennis Court Equipment",
                "/browse/sports-outdoors/tennis-court-equipment/4125_4161_538538_1075606"
            ],
            [
                "All Lawn Games",
                "/browse/sports-outdoors/all-lawn-games/4125_1224931_7643019_1075784"
            ],
            [
                "Tennis Hats & Visors",
                "/browse/sports-outdoors/tennis-hats-visors/4125_4161_538538_1415021"
            ],
            [
                "Table Tennis Tables",
                "/browse/sports-outdoors/table-tennis-tables/4125_1224931_4158_5896074_3255758"
            ],
            [
                "Table Tennis Paddles",
                "/browse/sports-outdoors/table-tennis-paddles/4125_1224931_4158_5896074_3717208"
            ],
            [
                "Maintenance & Care",
                "/browse/sports-outdoors/maintenance-care/4125_1224931_4158_5896074_4221725"
            ],
            [
                "Ping Pong Balls",
                "/browse/sports-outdoors/ping-pong-balls/4125_1224931_4158_5896074_4470181"
            ],
            [
                "Tennis Nets",
                "/browse/sports-outdoors/tennis-nets/4125_4161_538538_8102513"
            ]
        ]
    }
]