[
    {
        "title": "MRX 9' PVC Jump Rope for Cardio Fitness - Versatile Jump Rope for Both Kids and Adults - Great Jump Rope for Exercise (Black)",
        "url": "https://www.walmart.com/ip/MRX-9-PVC-Jump-Rope-for-Cardio-Fitness-Versatile-Jump-Rope-for-Both-Kids-and-Adults-Great-Jump-Rope-for-Exercise-Black/794864646",
        "price": "$8.99",
        "stars": "4.0",
        "ratings": "15 ",
        "img": "i5.walmartimages.com/asr/07961912-f0ae-443f-8582-614d6cb8841a_1.b9df6d7d542c60553e8cb5af5fff046c.jpeg?odnWidth=612&odnHeight=612&odnBg=ffffff",
        "tags": [
            [
                "Track & Field Equipment",
                "/browse/sports-outdoors/track-field-equipment/4125_4161_1043928"
            ],
            [
                "Exercise Balls",
                "/browse/sports-outdoors/exercise-balls/4125_4134_1078104_1078124"
            ],
            [
                "Loop Bands",
                "/browse/sports-outdoors/loop-bands/4125_4134_1078104_9133250_1078204"
            ],
            [
                "Savings on Fitness Accessories",
                "/browse/sports-outdoors/savings-fitness-accessories/4125_4122780_1422465"
            ],
            [
                "Medicine Balls",
                "/browse/sports-outdoors/medicine-balls/4125_4134_1078104_3080353"
            ],
            [
                "CrossFit Training",
                "/browse/sports-outdoors/crossfit-training/4125_4134_2760213_3257386"
            ],
            [
                "All Exercise and Fitness Accessories",
                "/browse/sports-outdoors/all-exercise-fitness-accessories/4125_4134_1078104_4524158"
            ],
            [
                "Resistance Tubes",
                "/browse/sports-outdoors/resistance-tubes/4125_4134_1078104_9133250_5121985"
            ]
        ]
    },
    {
        "title": "MRX Weight Lifting Gloves Gym Training Bodybuilding Fitness Glove Workout Men & Women Grey S",
        "url": "https://www.walmart.com/ip/MRX-Weight-Lifting-Gloves-Gym-Training-Bodybuilding-Fitness-Glove-Workout-Men-Women-Grey-S/601555949",
        "price": "$11.99",
        "stars": "4.8",
        "ratings": "15 ",
        "img": "i5.walmartimages.com/asr/3474d1ba-6137-4913-b4d2-d7741d74471d_1.55bdecc5cb77971c90c578cf1cff2a05.jpeg?odnWidth=612&odnHeight=612&odnBg=ffffff",
        "tags": [
            [
                "Sports Equipment Fan Shop",
                "/browse/sports-outdoors/sports-equipment-fan-shop/4125_1063984_1064023_1064047"
            ],
            [
                "Boxing Gloves",
                "/browse/sports-outdoors/boxing-gloves/4125_4134_8062664_1078404_1078406"
            ],
            [
                "MMA Gloves",
                "/browse/sports-outdoors/mma-gloves/4125_4134_8062664_1078444_1078445"
            ],
            [
                "Bike Gloves",
                "/browse/sports-outdoors/bike-gloves/4125_1081404_7258752_1475173"
            ],
            [
                "CrossFit Training",
                "/browse/sports-outdoors/crossfit-training/4125_4134_2760213_3257386"
            ],
            [
                "Weight Lifting Gloves",
                "/browse/sports-outdoors/weight-lifting-gloves/4125_4134_1026285_7482840_6745989"
            ],
            [
                "Barbell Collars",
                "/browse/sports-outdoors/barbell-collars/4125_4134_1026285_7482840_7366946"
            ],
            [
                "Weight Lifting Belts",
                "/browse/sports-outdoors/weight-lifting-belts/4125_4134_1026285_7482840_9003670"
            ]
        ]
    },
    {
        "title": "84\"L Folding Massage Table Portable Massage Bed W/ Head-& Armrest 2 Fold , Black",
        "url": "https://www.walmart.com/ip/84-L-Folding-Massage-Table-Portable-Massage-Bed-W-Head-Armrest-2-Fold-Black/467601588",
        "price": "$84.49",
        "stars": "4.2",
        "ratings": "14 ",
        "img": "i5.walmartimages.com/asr/3a8f94c7-1e2b-4c7a-8817-ad241d714ce1.7c2abf4645a1ff13dd0335f0fbe76ea8.jpeg?odnWidth=612&odnHeight=612&odnBg=ffffff",
        "tags": [
            [
                "Massage Bolsters",
                "/browse/sports-outdoors/massage-bolsters/4125_4134_3523130_9362276_1376454"
            ],
            [
                "Massage Table Warmers",
                "/browse/sports-outdoors/massage-table-warmers/4125_4134_3523130_9362276_3885778"
            ],
            [
                "Stadium Chairs",
                "/browse/sports-outdoors/stadium-chairs/4125_546956_4128_1080625_4017388"
            ],
            [
                "Portable Massage Chairs",
                "/browse/sports-outdoors/portable-massage-chairs/4125_4134_3523130_9362276_4278917"
            ],
            [
                "Emergency Preparedness",
                "/browse/sports-outdoors/emergency-preparedness/4125_546956_4128_605286"
            ],
            [
                "Knee Compression Sleeves",
                "/browse/sports-outdoors/knee-compression-sleeves/4125_4134_3523130_8200402_7145154"
            ],
            [
                "Portable Massage Tables",
                "/browse/sports-outdoors/portable-massage-tables/4125_4134_3523130_9362276_7801551"
            ],
            [
                "Massage Accessories",
                "/browse/sports-outdoors/massage-accessories/4125_4134_3523130_9362276_8508614"
            ]
        ]
    },
    {
        "title": "FLYBIRD Adjustable Weight Bench Folding Incline/Decline Home Gym Workout",
        "url": "https://www.walmart.com/ip/FLYBIRD-Adjustable-Weight-Bench-Folding-Incline-Decline-Home-Gym-Workout/444879693",
        "price": "$132.88",
        "stars": "4.6",
        "ratings": "18 ",
        "img": "i5.walmartimages.com/asr/e9eb7856-b9c4-40e2-9d61-f669d7099fb9_1.6d9961819c9e99119d1574586b930fa3.jpeg?odnWidth=612&odnHeight=612&odnBg=ffffff",
        "tags": [
            [
                "Weight Plates",
                "/browse/sports-outdoors/weight-plates/4125_4134_1026285_1078284_1078287"
            ],
            [
                "Weight Sets",
                "/browse/sports-outdoors/weight-sets/4125_4134_1026285_1078284_1078290"
            ],
            [
                "Ab & Sit Up Benches",
                "/browse/sports-outdoors/ab-sit-up-benches/4125_4134_1026285_9642310_1251682"
            ],
            [
                "Power Racks",
                "/browse/sports-outdoors/power-racks/4125_4134_1026285_2484197_2993689"
            ],
            [
                "Training Weights",
                "/browse/sports-outdoors/training-weights/4125_4134_1026285_1078284_3126311"
            ],
            [
                "Olympic Weights",
                "/browse/sports-outdoors/olympic-weights/4125_4134_1026285_1078284_4068044"
            ],
            [
                "Exercise Weights",
                "/browse/sports-outdoors/exercise-weights/4125_4134_1026285_1078284_8086634"
            ],
            [
                "Squat Racks",
                "/browse/sports-outdoors/squat-racks/4125_4134_1026285_2484197_8410298"
            ]
        ]
    },
    {
        "title": "BESPORTBLE A Pair of  Dumbbell Weight Set Adjustable Solid Fitness Dumbbell Set Safety and Non-slip Dumbbells Gym Exercise Training Tools",
        "url": "https://www.walmart.com/ip/BESPORTBLE-A-Pair-of-Dumbbell-Weight-Set-Adjustable-Solid-Fitness-Dumbbell-Set-Safety-and-Non-slip-Dumbbells-Gym-Exercise-Training-Tools/798339442",
        "price": "$106.99",
        "stars": "3.0",
        "ratings": "12 ",
        "img": "i5.walmartimages.com/asr/5dec0adc-a172-4d33-914f-efa77c8c1660.ea12716cd9f614086bc3844cac931843.jpeg?odnWidth=612&odnHeight=612&odnBg=ffffff",
        "tags": [
            [
                "Dumbbells",
                "/browse/sports-outdoors/dumbbells/4125_4134_1026285_1078284_1078285"
            ],
            [
                "Weight Plates",
                "/browse/sports-outdoors/weight-plates/4125_4134_1026285_1078284_1078287"
            ],
            [
                "Training Weights",
                "/browse/sports-outdoors/training-weights/4125_4134_1026285_1078284_3126311"
            ],
            [
                "Adjustable Weights",
                "/browse/sports-outdoors/adjustable-weights/4125_4134_1026285_1078284_4120232"
            ],
            [
                "Dumbbell Sets",
                "/browse/sports-outdoors/dumbbell-sets/4125_4134_1026285_1078284_5838311"
            ],
            [
                "Adjustable Dumbbells",
                "/browse/sports-outdoors/adjustable-dumbbells/4125_4134_1026285_1078284_7617571"
            ],
            [
                "Exercise Weights",
                "/browse/sports-outdoors/exercise-weights/4125_4134_1026285_1078284_8086634"
            ],
            [
                "Workout Weights",
                "/browse/sports-outdoors/workout-weights/4125_4134_1026285_1078284_9644039"
            ]
        ]
    },
    {
        "title": "116Plus Intelligent BT Watch Fitness Universal Step Counter Blood Pressure Heart Rate Monitor Sport Wristband Watch",
        "url": "https://www.walmart.com/ip/116Plus-Intelligent-BT-Watch-Fitness-Universal-Step-Counter-Blood-Pressure-Heart-Rate-Monitor-Sport-Wristband-Watch/688324764",
        "price": "$10.58",
        "stars": "1.7",
        "ratings": "7 ",
        "img": "i5.walmartimages.com/asr/d27edd7c-5c8f-4ace-913d-96e986672379_1.4e8c31ccff31fcbb0af806bfd6c957fc.jpeg?odnWidth=612&odnHeight=612&odnBg=ffffff",
        "tags": [
            [
                "Fitness Trackers",
                "/browse/sports-outdoors/fitness-trackers/4125_4134_1229723_1225106"
            ],
            [
                "Garmin Fitness Trackers",
                "/browse/sports-outdoors/garmin-fitness-trackers/4125_4134_1229723_1641039"
            ],
            [
                "All Exercise and Fitness Accessories",
                "/browse/sports-outdoors/all-exercise-fitness-accessories/4125_4134_1078104_4524158"
            ],
            [
                "Fitbit Charge",
                "/browse/sports-outdoors/fitbit-charge/4125_4134_1229723_5635313_5808080"
            ],
            [
                "Fitbit Versa",
                "/browse/sports-outdoors/fitbit-versa/4125_4134_1229723_5635313_6806839"
            ],
            [
                "Smart Watches",
                "/browse/sports-outdoors/smart-watches/4125_4134_1229723_8780847"
            ],
            [
                "All Fitbits",
                "/browse/sports-outdoors/all-fitbits/4125_4134_1229723_5635313_9170763"
            ]
        ]
    },
    {
        "title": "Metal D-Ring Yoga Strap - Aqua",
        "url": "https://www.walmart.com/ip/Metal-D-Ring-Yoga-Strap-Aqua/49967598",
        "price": "$5.99",
        "stars": "4.6",
        "ratings": "20 ",
        "img": "i5.walmartimages.com/asr/88d30914-7bf2-4711-be8f-abdc3e8dfc1f_1.1afcf0655bcb6cf255db02406a687955.jpeg?odnWidth=612&odnHeight=612&odnBg=ffffff",
        "tags": [
            [
                "GoFit",
                "/browse/shop-by-brand/gofit/3734780_5678070_2605854"
            ],
            [
                "SPRI",
                "/browse/shop-by-brand/spri/3734780_5678070_2681210"
            ],
            [
                "Gaiam",
                "/browse/shop-by-brand/gaiam/3734780_5678070_4744221"
            ],
            [
                "Black Mountain Products",
                "/browse/shop-by-brand/black-mountain-products/3734780_5678070_5957347"
            ],
            [
                "Hugger Mugger",
                "/browse/shop-by-brand/hugger-mugger/3734780_5678070_6423528"
            ],
            [
                "TheraBand",
                "/browse/shop-by-brand/theraband/3734780_5678070_6692778"
            ],
            [
                "TriggerPoint",
                "/browse/shop-by-brand/triggerpoint/3734780_5678070_8089245"
            ],
            [
                "Gold's Gym",
                "/browse/shop-by-brand/golds-gym/3734780_5678070_8959034"
            ]
        ]
    },
    {
        "title": "Treadmill Mat, Heavy Duty Eco-Friendly PVC Exercise Equipment Mat for Treadmill/Ski Machine/Exercise Bike Equipment",
        "url": "https://www.walmart.com/ip/Treadmill-Mat-Heavy-Duty-Eco-Friendly-PVC-Exercise-Equipment-Mat-for-Treadmill-Ski-Machine-Exercise-Bike-Equipment/380550564",
        "price": "$38.85",
        "stars": "5.0",
        "ratings": "3 ",
        "img": "i5.walmartimages.com/asr/351c4f5c-78a8-463f-8259-4b5f821def9b.b654d3fa07f56fd3b767ab428e3b670d.jpeg?odnWidth=612&odnHeight=612&odnBg=ffffff",
        "tags": []
    },
    {
        "title": "Ktaxon Fitness Blue Yoga Stability Balance Trainer Ball with Resistance Bands and Pump Exercise Workout Kit",
        "url": "https://www.walmart.com/ip/Ktaxon-Fitness-Blue-Yoga-Stability-Balance-Trainer-Ball-with-Resistance-Bands-and-Pump-Exercise-Workout-Kit/239600008",
        "price": "$54.99",
        "stars": "4.2",
        "ratings": "19 ",
        "img": "i5.walmartimages.com/asr/75761492-ac24-4e4a-a794-aac59bd13e20_1.d916c135e3e55c416581390c84da8aac.jpeg?odnWidth=612&odnHeight=612&odnBg=ffffff",
        "tags": [
            [
                "Exercise Balls",
                "/browse/sports-outdoors/exercise-balls/4125_4134_1078104_1078124"
            ],
            [
                "Ab Machines",
                "/browse/sports-outdoors/ab-machines/4125_4134_1026285_9642310_1078704"
            ],
            [
                "Ab Stimulators & Belts",
                "/browse/sports-outdoors/ab-stimulators-belts/4125_4134_1026285_9642310_2441788"
            ],
            [
                "Medicine Balls",
                "/browse/sports-outdoors/medicine-balls/4125_4134_1078104_3080353"
            ],
            [
                "BOSU",
                "/browse/sports-outdoors/bosu/4125_4134_1078104_4515641"
            ],
            [
                "All Exercise and Fitness Accessories",
                "/browse/sports-outdoors/all-exercise-fitness-accessories/4125_4134_1078104_4524158"
            ],
            [
                "Battle Ropes",
                "/browse/sports-outdoors/battle-ropes/4125_4134_2760213_6416684"
            ],
            [
                "Balance Boards",
                "/browse/sports-outdoors/balance-boards/4125_4134_1078104_8793836"
            ]
        ]
    },
    {
        "title": "ACE Brand Adjustable Wrist Support, Odor Resistant Brace",
        "url": "https://www.walmart.com/ip/ACE-Brand-Adjustable-Wrist-Support-Odor-Resistant-Brace/22150838",
        "price": "$7.33",
        "stars": "4.4",
        "ratings": "71 ",
        "img": "i5.walmartimages.com/asr/ec311211-086d-42d9-84ab-f1d9c52c9828_1.cda94256e34057765b761c4cf122aaf0.jpeg?odnWidth=612&odnHeight=612&odnBg=ffffff",
        "tags": [
            [
                "ACE Knee Braces",
                "/browse/sports-outdoors/ace-knee-braces/4125_4134_3523130_8200402_3359289"
            ],
            [
                "Garrett Metal Detectors",
                "/browse/sports-outdoors/garrett-metal-detectors/4125_546956_4155_78781_3782226"
            ],
            [
                "Sport Knee Braces",
                "/browse/sports-outdoors/sport-knee-braces/4125_4134_3523130_8200402_4716154"
            ],
            [
                "Athletic Tape",
                "/browse/sports-outdoors/athletic-tape/4125_4134_3523130_8200402_5107623"
            ],
            [
                "Mueller Knee Braces",
                "/browse/sports-outdoors/mueller-knee-braces/4125_4134_3523130_8200402_5129891"
            ],
            [
                "Hinged Knee Braces",
                "/browse/sports-outdoors/hinged-knee-braces/4125_4134_3523130_8200402_6550134"
            ],
            [
                "Kinesiology Tape",
                "/browse/sports-outdoors/kinesiology-tape/4125_4134_3523130_8200402_6612968"
            ],
            [
                "Compression Sleeves",
                "/browse/sports-outdoors/compression-sleeves/4125_4134_3523130_8200402_7134513"
            ]
        ]
    }
]