[
    {
        "title": "Disney Minnie Mouse Deluxe Trike Ride-On with Lights and Sounds",
        "url": "https://www.walmart.com/ip/Disney-Minnie-Mouse-Deluxe-Trike-Ride-On-with-Lights-and-Sounds/425707416",
        "price": "$79.97",
        "stars": "4.8",
        "ratings": "9 ",
        "img": "i5.walmartimages.com/asr/e03c5667-98e3-48a8-9834-82b0f2619336_1.557601b31b66b523e819997fe4e4b900.jpeg?odnWidth=612&odnHeight=612&odnBg=ffffff",
        "tags": [
            [
                "All Kids' Bikes",
                "/browse/sports-outdoors/all-kids-bikes/4125_1081404_9240575_1085618"
            ],
            [
                "Kids' Balance Bikes",
                "/browse/sports-outdoors/kids-balance-bikes/4125_1081404_9240575_1096244"
            ],
            [
                "Kids' Tricycles",
                "/browse/sports-outdoors/kids-tricycles/4125_1081404_9240575_1229904"
            ],
            [
                "Girls Bikes",
                "/browse/sports-outdoors/girls-bikes/4125_1081404_9240575_4563315"
            ],
            [
                "Huffy BMX Bikes",
                "/browse/sports-outdoors/huffy-bmx-bikes/4125_1081404_6972181_9379318_5152094"
            ],
            [
                "Bicycles with Training Wheels",
                "/browse/sports-outdoors/bicycles-with-training-wheels/4125_1081404_9240575_7312004"
            ],
            [
                "Kids' BMX Bikes",
                "/browse/sports-outdoors/kids-bmx-bikes/4125_1081404_9240575_7577999"
            ],
            [
                "Huffy Kid's Bikes",
                "/browse/sports-outdoors/huffy-kids-bikes/4125_1081404_6972181_9379318_7984252"
            ]
        ]
    },
    {
        "title": "Bell Sports Binder 450 Replacement Bicycle V-Brake Pads, Black",
        "url": "https://www.walmart.com/ip/Bell-Sports-Binder-450-Replacement-Bicycle-V-Brake-Pads-Black/38472499",
        "price": "$7.47",
        "stars": "4.5",
        "ratings": "21 ",
        "img": "i5.walmartimages.com/asr/07c5d946-c148-4873-a2ce-e235ccecea6e_1.4a35afe96888e740667e34821b4956c3.jpeg?odnWidth=612&odnHeight=612&odnBg=ffffff",
        "tags": [
            [
                "Mountain Bikes",
                "/browse/sports-outdoors/mountain-bikes/4125_1081404_1230089_2768744"
            ],
            [
                "Bike Shifters",
                "/browse/sports-outdoors/bike-shifters/4125_1081404_7650685_4393312"
            ],
            [
                "Bike Pedals",
                "/browse/sports-outdoors/bike-pedals/4125_1081404_7650685_5117302"
            ],
            [
                "All Bike Components",
                "/browse/sports-outdoors/all-bike-components/4125_1081404_7650685_7412229"
            ],
            [
                "Bike Handlebars",
                "/browse/sports-outdoors/bike-handlebars/4125_1081404_7650685_8636900"
            ],
            [
                "Performance Bike Brakes & Shifters",
                "/browse/sports-outdoors/performance-bike-brakes-shifters/4125_1081404_4682408_4545005_8936438"
            ],
            [
                "Bike Chains",
                "/browse/sports-outdoors/bike-chains/4125_1081404_7650685_9652566"
            ],
            [
                "Shimano Bike Components",
                "/browse/sports-outdoors/shimano-bike-components/4125_1081404_6972181_2507722_9996515"
            ]
        ]
    },
    {
        "title": "Schwinn Classic Child Bike Helmet, ages 5 to 8, red / multicolor",
        "url": "https://www.walmart.com/ip/Schwinn-Classic-Child-Bike-Helmet-ages-5-to-8-red-multicolor/461064304",
        "price": "$19.96",
        "stars": "4.5",
        "ratings": "37 ",
        "img": "i5.walmartimages.com/asr/3ff941b1-ef01-4bc3-a76e-7630be0f6d06_1.39f927c7570dd18e2fcb5f0391bb7f40.jpeg?odnWidth=612&odnHeight=612&odnBg=ffffff",
        "tags": [
            [
                "Kids' Bikes & Riding Knee Pads",
                "/browse/toys/kids-bikes-riding-knee-pads/4171_133073_5310116_9137144_1225457"
            ],
            [
                "Bikes for Boys",
                "/browse/toys/bikes-for-boys/4171_1228478_3172813_1984741"
            ],
            [
                "Skateboard Accessories",
                "/browse/toys/skateboard-accessories/4171_133073_7200693_5249"
            ],
            [
                "Ryan's World Toys",
                "/browse/toys/ryans-world-toys/4171_7144110_8472545_5568688"
            ],
            [
                "Razor Sport Helmets",
                "/browse/toys/razor-sport-helmets/4171_3438149_6621100_6366016"
            ],
            [
                "PAW Patrol Toys",
                "/browse/toys/paw-patrol-toys/4171_3438149_8288276"
            ],
            [
                "Frozen Kids Bikes & Riding Toys",
                "/browse/toys/frozen-kids-bikes-riding-toys/4171_7357538_6091150_9022265"
            ],
            [
                "All Kids Costumes & Dress-Up",
                "/browse/toys/all-kids-costumes-dress-up/4171_4173_7421020_9055580"
            ]
        ]
    },
    {
        "title": "Ozark Trail 6' Security Cable Lock",
        "url": "https://www.walmart.com/ip/Ozark-Trail-6-Security-Cable-Lock/334943906",
        "price": "$2.99",
        "stars": "4.3",
        "ratings": "6 ",
        "img": "i5.walmartimages.com/asr/5dd9d421-11dd-4751-91b6-8b79a5a19daa_1.91adc790428afcefdf4a9335d9eac267.jpeg?odnWidth=612&odnHeight=612&odnBg=ffffff",
        "tags": [
            [
                "Camillus",
                "/browse/shop-by-brand/camillus/3734780_5678070_1273510"
            ],
            [
                "Energizer",
                "/browse/shop-by-brand/energizer/3734780_6237133_5047195"
            ],
            [
                "Wenzel",
                "/browse/shop-by-brand/wenzel/3734780_5678070_5230039"
            ],
            [
                "Coleman",
                "/browse/shop-by-brand/coleman/3734780_5678070_6531188"
            ],
            [
                "Igloo",
                "/browse/shop-by-brand/igloo/3734780_5678070_6733347"
            ],
            [
                "Intex",
                "/browse/shop-by-brand/intex/3734780_5678070_7344403"
            ],
            [
                "Best Choice Products",
                "/browse/shop-by-brand/best-choice-products/3734780_9703589_7551458"
            ],
            [
                "Tasco",
                "/browse/shop-by-brand/tasco/3734780_5678070_9452149"
            ]
        ]
    },
    {
        "title": "GEARONIC TM Cycling half Finger Mountain Bicycle Men Women Gel Pad Anti-slip Breathable Outdoor Sports Shock-absorbing Riding Biking Cycle Gloves - Gray XL",
        "url": "https://www.walmart.com/ip/GEARONIC-TM-Cycling-half-Finger-Mountain-Bicycle-Men-Women-Gel-Pad-Anti-slip-Breathable-Outdoor-Sports-Shock-absorbing-Riding-Biking-Cycle-Gloves-Gra/112685995",
        "price": "$7.95",
        "stars": "4.5",
        "ratings": "13 ",
        "img": "i5.walmartimages.com/asr/a03c0800-5301-45c1-ab23-91f0bc7d70ab_1.e2d7ecedde993197f5dda522146295fe.jpeg?odnWidth=612&odnHeight=612&odnBg=ffffff",
        "tags": [
            [
                "Weight Training Accessories",
                "/browse/sports-outdoors/weight-training-accessories/4125_4134_1026285_7482840_1074344"
            ],
            [
                "Bike Shorts",
                "/browse/sports-outdoors/bike-shorts/4125_1081404_7258752_1483172"
            ],
            [
                "Bike Jerseys",
                "/browse/sports-outdoors/bike-jerseys/4125_1081404_7258752_3336638"
            ],
            [
                "Performance Cycling Clothing",
                "/browse/sports-outdoors/performance-cycling-clothing/4125_1081404_4682408_6165378"
            ],
            [
                "Bike Helmets",
                "/browse/sports-outdoors/bike-helmets/4125_1081404_7258752_6249551"
            ],
            [
                "Weight Lifting Gloves",
                "/browse/sports-outdoors/weight-lifting-gloves/4125_4134_1026285_7482840_6745989"
            ],
            [
                "Muscle Rollers",
                "/browse/sports-outdoors/muscle-rollers/4125_4134_3523130_7328937"
            ],
            [
                "Weight Lifting Belts",
                "/browse/sports-outdoors/weight-lifting-belts/4125_4134_1026285_7482840_9003670"
            ]
        ]
    },
    {
        "title": "CLIF Builders Protein Bars, Gluten Free, 20g Protein, Vanilla Almond Flavor, 12 Ct, 2.4 oz",
        "url": "https://www.walmart.com/ip/CLIF-Builders-Protein-Bars-Gluten-Free-20g-Protein-Vanilla-Almond-Flavor-12-Ct-2-4-oz/21692733",
        "price": "$18.49",
        "stars": "4.2",
        "ratings": "158 ",
        "img": "i5.walmartimages.com/asr/3cd49e2b-9912-4d5e-bb6e-d58301e78c09.74139d48fbcca3daea9f17c5d426c20d.jpeg?odnWidth=612&odnHeight=612&odnBg=ffffff",
        "tags": [
            [
                "Eat High Protein Diet",
                "/browse/health/eat-high-protein-diet/976760_7207516_3867899_2349917_1339165"
            ],
            [
                "Protein Shakes, Bars & Energy Drinks",
                "/browse/health/protein-shakes-bars-energy-drinks/976760_9035881_9006282_2339462"
            ],
            [
                "Indulgent Flavors Protein & Fitness",
                "/browse/health/indulgent-flavors-protein-fitness/976760_1166769_4709928_4249965"
            ],
            [
                "Fuel Your Workout",
                "/browse/health/fuel-your-workout/976760_1166769_4659027"
            ],
            [
                "Protein On the Go",
                "/browse/health/protein-on-the-go/976760_1166769_5193040"
            ],
            [
                "Fuel Your Body",
                "/browse/health/fuel-your-body/976760_9035881_5814720"
            ],
            [
                "Add Protein to Build Muscle",
                "/browse/health/add-protein-to-build-muscle/976760_7207516_1424368_5124640_7240818"
            ],
            [
                "Beach Body Ready - Active Nutrition",
                "/browse/health/beach-body-ready-active-nutrition/976760_1166769_8429873"
            ]
        ]
    },
    {
        "title": "Bell Disney Frozen 2 3D Snowflakes Multisport Helmet, Child 5+ (50-52 cm)",
        "url": "https://www.walmart.com/ip/Bell-Disney-Frozen-2-3D-Snowflakes-Multisport-Helmet-Child-5-50-52-cm/917911676",
        "price": "$24.97",
        "stars": "4.6",
        "ratings": "93 ",
        "img": "i5.walmartimages.com/asr/59e846b8-fdba-4350-9aa3-a9cf02e2862c_2.c31321a1fe899549e87ebc932c030fba.jpeg?odnWidth=612&odnHeight=612&odnBg=ffffff",
        "tags": [
            [
                "Kids' Bikes & Riding Knee Pads",
                "/browse/toys/kids-bikes-riding-knee-pads/4171_133073_5310116_9137144_1225457"
            ],
            [
                "BIkes for Girls",
                "/browse/toys/bikes-for-girls/4171_1228477_3574057_1533396"
            ],
            [
                "All Disney Toys",
                "/browse/toys/all-disney-toys/4171_6909449_1773797"
            ],
            [
                "All Trolls Toys",
                "/browse/toys/all-trolls-toys/4171_7357538_9587579_3802039"
            ],
            [
                "Razor Sport Helmets",
                "/browse/toys/razor-sport-helmets/4171_3438149_6621100_6366016"
            ],
            [
                "PAW Patrol Toys",
                "/browse/toys/paw-patrol-toys/4171_3438149_8288276"
            ],
            [
                "Huffy Ride Ons",
                "/browse/toys/huffy-ride-ons/4171_133073_6774653_6489011_8546372"
            ],
            [
                "Frozen Kids Bikes & Riding Toys",
                "/browse/toys/frozen-kids-bikes-riding-toys/4171_7357538_6091150_9022265"
            ]
        ]
    },
    {
        "title": "Universal Water Resistant Bicycle Cycle Bike Cover Outdoor Rain Dust Protector",
        "url": "https://www.walmart.com/ip/Universal-Water-Resistant-Bicycle-Cycle-Bike-Cover-Outdoor-Rain-Dust-Protector/177749202",
        "price": "$7.94",
        "stars": "1.5",
        "ratings": "30 ",
        "img": "",
        "tags": [
            [
                "Kids' Tricycles",
                "/browse/sports-outdoors/kids-tricycles/4125_1081404_9240575_1229904"
            ],
            [
                "Bike Storage Racks",
                "/browse/sports-outdoors/bike-storage-racks/4125_1081404_5848968_4998116_3712632"
            ],
            [
                "Bike Repair Stands",
                "/browse/sports-outdoors/bike-repair-stands/4125_1081404_5848968_4998116_3724152"
            ],
            [
                "Bike Lights",
                "/browse/sports-outdoors/bike-lights/4125_1081404_5848968_4037860"
            ],
            [
                "Bike Bags & Carriers",
                "/browse/sports-outdoors/bike-bags-carriers/4125_1081404_5848968_6312816"
            ],
            [
                "Bike Locks",
                "/browse/sports-outdoors/bike-locks/4125_1081404_5848968_6474494"
            ],
            [
                "Bike Bells & Horns",
                "/browse/sports-outdoors/bike-bells-horns/4125_1081404_5848968_7088451"
            ],
            [
                "Bike Water Bottles",
                "/browse/sports-outdoors/bike-water-bottles/4125_1081404_5848968_7113847"
            ]
        ]
    },
    {
        "title": "Allen Sports Easy Load Deluxe 2-Bike Hitch Rack for 1 1/4\" and 2\" Hitch, XR200",
        "url": "https://www.walmart.com/ip/Allen-Sports-Easy-Load-Deluxe-2-Bike-Hitch-Rack-for-1-1-4-and-2-Hitch-XR200/55316697",
        "price": "$99.97",
        "stars": "3.3",
        "ratings": "7 ",
        "img": "",
        "tags": [
            [
                "Electric Bikes",
                "/browse/sports-outdoors/electric-bikes/4125_1081404_1230089_1806718"
            ],
            [
                "Bike Fenders",
                "/browse/sports-outdoors/bike-fenders/4125_1081404_5848968_3147087"
            ],
            [
                "Bike Baskets",
                "/browse/sports-outdoors/bike-baskets/4125_1081404_5848968_3824272"
            ],
            [
                "Golf Club Covers",
                "/browse/sports-outdoors/golf-club-covers/4125_4161_4152_4081667"
            ],
            [
                "Golf Accessories",
                "/browse/sports-outdoors/golf-accessories/4125_4161_4152_470543"
            ],
            [
                "Driver Headcovers",
                "/browse/sports-outdoors/driver-headcovers/4125_4161_4152_6742157"
            ],
            [
                "Golf Headcovers",
                "/browse/sports-outdoors/golf-headcovers/4125_4161_4152_7476130"
            ],
            [
                "Bike Car Racks",
                "/browse/sports-outdoors/bike-car-racks/4125_1081404_5848968_7825992"
            ]
        ]
    },
    {
        "title": "Radio Flyer, All-Terrain 4-in-1 Stroll 'n Trike, Air Tires, Red",
        "url": "https://www.walmart.com/ip/Radio-Flyer-All-Terrain-4-in-1-Stroll-n-Trike-Air-Tires-Red/54150291",
        "price": "$99.00",
        "stars": "4.1",
        "ratings": "76 ",
        "img": "i5.walmartimages.com/asr/ccf45b50-05b1-457d-b108-0ce55f3fdd02_1.838a69d6ade5da8b59317a91fcfd64d5.jpeg?odnWidth=612&odnHeight=612&odnBg=ffffff",
        "tags": [
            [
                "Kids' Tricycles",
                "/browse/sports-outdoors/kids-tricycles/4125_1081404_9240575_1229904"
            ],
            [
                "Beverage Coolers",
                "/browse/sports-outdoors/beverage-coolers/4125_546956_4128_4547850_2036958"
            ],
            [
                "Chest Coolers",
                "/browse/sports-outdoors/chest-coolers/4125_546956_4128_4547850_2751930"
            ],
            [
                "Igloo Coolers",
                "/browse/sports-outdoors/igloo-coolers/4125_546956_4128_4547850_6877179_4545658"
            ],
            [
                "Coleman Coolers",
                "/browse/sports-outdoors/coleman-coolers/4125_546956_4128_2487866_6320218_5540761"
            ],
            [
                "Marine Coolers",
                "/browse/sports-outdoors/marine-coolers/4125_546956_4128_4547850_6624250"
            ],
            [
                "Adult Tricycles",
                "/browse/sports-outdoors/adult-tricycles/4125_1081404_1230089_7538787"
            ],
            [
                "New England Patriots Outdoor",
                "/browse/sports-outdoors/new-england-patriots-outdoor/4125_1063984_1423455_3142048_9099833"
            ]
        ]
    }
]