[
    {
        "title": "Evolved Harvest Throw & Gro No-Till Forage Food Plot Seed",
        "url": "https://www.walmart.com/ip/Evolved-Harvest-Throw-Gro-No-Till-Forage-Food-Plot-Seed/6323941",
        "price": "$9.97",
        "stars": "4.2",
        "ratings": "29 ",
        "img": "i5.walmartimages.com/asr/b57dd463-d4da-4541-b9cd-f5117ee9b97f.e2ccd7149a59b2c9efb9871901706a1d.png?odnWidth=612&odnHeight=612&odnBg=ffffff",
        "tags": [
            [
                "Attractants and Scent Eliminators",
                "/browse/sports-outdoors/attractants-scent-eliminators/4125_546956_4155_1079944_1120773"
            ],
            [
                "Gravity Feeders",
                "/browse/sports-outdoors/gravity-feeders/4125_546956_4155_1079944_8095572_2786178"
            ],
            [
                "Deer Calls",
                "/browse/sports-outdoors/deer-calls/4125_546956_4155_9599314_3794863"
            ],
            [
                "Deer Attractants",
                "/browse/sports-outdoors/deer-attractants/4125_546956_4155_2062208_6084565"
            ],
            [
                "Scent Eliminators",
                "/browse/sports-outdoors/scent-eliminators/4125_546956_4155_2062208_6252257"
            ],
            [
                "Hunting Scents",
                "/browse/sports-outdoors/hunting-scents/4125_546956_4155_2062208_7942353"
            ],
            [
                "Feed for Deer",
                "/browse/sports-outdoors/feed-for-deer/4125_546956_4155_1079944_7986747"
            ]
        ]
    },
    {
        "title": "Realtree 100cc Camo Gas Powered Ride-On Mini Bike",
        "url": "https://www.walmart.com/ip/Realtree-100cc-Camo-Gas-Powered-Ride-On-Mini-Bike/642471041",
        "price": "$379.00",
        "stars": "4.0",
        "ratings": "33 ",
        "img": "i5.walmartimages.com/asr/0026ce1f-159d-44c3-9d40-6ffb89790169.96ad1ecfe4dee3e7979358ff9e9d7054.jpeg?odnWidth=612&odnHeight=612&odnBg=ffffff",
        "tags": [
            [
                "All Kids' Bikes",
                "/browse/sports-outdoors/all-kids-bikes/4125_1081404_9240575_1085618"
            ],
            [
                "Kids' Tricycles",
                "/browse/sports-outdoors/kids-tricycles/4125_1081404_9240575_1229904"
            ],
            [
                "Boys Bikes",
                "/browse/sports-outdoors/boys-bikes/4125_1081404_9240575_2273447"
            ],
            [
                "Mossy Oak Toys",
                "/browse/sports-outdoors/mossy-oak-toys/4125_546956_6562596_3291984_3228038"
            ],
            [
                "Girls Bikes",
                "/browse/sports-outdoors/girls-bikes/4125_1081404_9240575_4563315"
            ]
        ]
    },
    {
        "title": "Tasco 10MP Camoflauge Trail Camera Low Glow Mossy Oak Bottomland, 119272CW",
        "url": "https://www.walmart.com/ip/Tasco-10MP-Camoflauge-Trail-Camera-Low-Glow-Mossy-Oak-Bottomland-119272CW/318684652",
        "price": "$38.88",
        "stars": "3.4",
        "ratings": "48 ",
        "img": "i5.walmartimages.com/asr/a0aaaf32-5cbe-482a-abc8-1d28764b6996_8.11aa4f70e478402997c80808ffd57d1c.png?odnWidth=612&odnHeight=612&odnBg=ffffff",
        "tags": [
            [
                "3M",
                "/browse/shop-by-brand/3m/3734780_1431586_1840353"
            ],
            [
                "Bodum",
                "/browse/shop-by-brand/bodum/3734780_8307801_2159014"
            ],
            [
                "Ozark Trail",
                "/browse/shop-by-brand/ozark-trail/3734780_5678070_2180702"
            ],
            [
                "Crosman",
                "/browse/shop-by-brand/crosman/3734780_5678070_3227519"
            ],
            [
                "Winchester",
                "/browse/shop-by-brand/winchester/3734780_5678070_5869458"
            ],
            [
                "Bushnell",
                "/browse/shop-by-brand/bushnell/3734780_5678070_6753752"
            ],
            [
                "Thermacell",
                "/browse/shop-by-brand/thermacell/3734780_6237133_6938708"
            ],
            [
                "EEEkit",
                "/browse/shop-by-brand/eeekit/3734780_5678070_9358335"
            ]
        ]
    },
    {
        "title": "Ozark Trail 10 Person 3-Room Cabin Tent with 2 Side Entrances",
        "url": "https://www.walmart.com/ip/Ozark-Trail-10-Person-3-Room-Cabin-Tent-with-2-Side-Entrances/275588240",
        "price": "$170.00",
        "stars": "4.4",
        "ratings": "243 ",
        "img": "i5.walmartimages.com/asr/6fe3275f-f2f6-41bd-8e29-e21372910806_1.d915f5c24da4cc2d9fb25781e553fda6.jpeg?odnWidth=612&odnHeight=612&odnBg=ffffff",
        "tags": [
            [
                "8 Person Tents",
                "/browse/sports-outdoors/8-person-tents/4125_546956_4128_887708_2294923_1330960"
            ],
            [
                "Instant Tents",
                "/browse/sports-outdoors/instant-tents/4125_546956_4128_887708_1851927"
            ],
            [
                "Pop Up Tents",
                "/browse/sports-outdoors/pop-up-tents/4125_546956_4128_887708_4094354"
            ],
            [
                "12 Person Tents",
                "/browse/sports-outdoors/12-person-tents/4125_546956_4128_887708_2294923_5082495"
            ],
            [
                "Emergency Preparedness",
                "/browse/sports-outdoors/emergency-preparedness/4125_546956_4128_605286"
            ],
            [
                "Coleman Tents",
                "/browse/sports-outdoors/coleman-tents/4125_546956_4128_2487866_6320218_6855521"
            ],
            [
                "Ozark Trail Tents",
                "/browse/sports-outdoors/ozark-trail-tents/4125_546956_4128_2487866_2559937_7622224"
            ],
            [
                "Cabin Tents",
                "/browse/sports-outdoors/cabin-tents/4125_546956_4128_887708_7623462"
            ]
        ]
    },
    {
        "title": "Flambeau Outdoors Storm Front 2 Wood Duck Decoys - 6PK",
        "url": "https://www.walmart.com/ip/Flambeau-Outdoors-Storm-Front-2-Wood-Duck-Decoys-6PK/45807813",
        "price": "$29.88",
        "stars": "4.5",
        "ratings": "25 ",
        "img": "",
        "tags": [
            [
                "Optics",
                "/browse/sports-outdoors/optics/4125_546956_4155_1718744_1075810"
            ],
            [
                "Goose Decoys",
                "/browse/sports-outdoors/goose-decoys/4125_546956_4155_5137021_3143606"
            ],
            [
                "Big Game Decoys",
                "/browse/sports-outdoors/big-game-decoys/4125_546956_4155_5137021_3522956"
            ],
            [
                "Browning Trail Cameras",
                "/browse/sports-outdoors/browning-trail-cameras/4125_546956_4155_3292531_5095542"
            ],
            [
                "Turkey Decoys",
                "/browse/sports-outdoors/turkey-decoys/4125_546956_4155_5137021_6061060"
            ],
            [
                "Flag Football Flags",
                "/browse/sports-outdoors/flag-football-flags/4125_4161_434036_7943860"
            ],
            [
                "Predator Decoys",
                "/browse/sports-outdoors/predator-decoys/4125_546956_4155_5137021_8109836"
            ],
            [
                "Duck Calls",
                "/browse/sports-outdoors/duck-calls/4125_546956_4155_9599314_9544971"
            ]
        ]
    },
    {
        "title": "Ozark Trail Compact Backpacking Chair, Black",
        "url": "https://www.walmart.com/ip/Ozark-Trail-Compact-Backpacking-Chair-Black/338748186",
        "price": "$19.64",
        "stars": "4.0",
        "ratings": "75 ",
        "img": "i5.walmartimages.com/asr/8cec2dbc-961b-4963-9eae-fa4818e6c9c4_1.15cc57a97e8a94638996e788930bc4c1.jpeg?odnWidth=612&odnHeight=612&odnBg=ffffff",
        "tags": [
            [
                "Camping Tables",
                "/browse/sports-outdoors/camping-tables/4125_546956_4128_1080625_1080645"
            ],
            [
                "Oversized Camping Chairs",
                "/browse/sports-outdoors/oversized-camping-chairs/4125_546956_4128_1080625_6170779_1853240"
            ],
            [
                "Coleman Camping Furniture",
                "/browse/sports-outdoors/coleman-camping-furniture/4125_546956_4128_2487866_6320218_3223156"
            ],
            [
                "Quad Camping Chairs",
                "/browse/sports-outdoors/quad-camping-chairs/4125_546956_4128_1080625_6170779_3968571"
            ],
            [
                "Ozark Trail Camp Kitchen",
                "/browse/sports-outdoors/ozark-trail-camp-kitchen/4125_546956_4128_2487866_2559937_5002692"
            ],
            [
                "Camping Stools",
                "/browse/sports-outdoors/camping-stools/4125_546956_4128_1080625_5240521"
            ],
            [
                "Ultralight Camping Chairs",
                "/browse/sports-outdoors/ultralight-camping-chairs/4125_546956_4128_1080625_6170779_6762215"
            ],
            [
                "All Camping Furniture",
                "/browse/sports-outdoors/all-camping-furniture/4125_546956_4128_1080625_7883270"
            ]
        ]
    },
    {
        "title": "18-in-1 Snowflake Multi-Tool,Keychain Stainless Steel snowboarding screwdriver Multi-Tool,Bottle opener, Cool gadgets, Portable Daily Tool for Outdoor Travel Camping Adventure Great Gift",
        "url": "https://www.walmart.com/ip/18-in-1-Snowflake-Multi-Tool-Keychain-Stainless-Steel-snowboarding-screwdriver-Multi-Tool-Bottle-opener-Cool-gadgets-Portable-Daily-Tool-Outdoor-Trav/873410923",
        "price": "$7.99",
        "stars": "5.0",
        "ratings": "2 ",
        "img": "",
        "tags": []
    },
    {
        "title": "FoodSaver Quart Size Liquid Block Vacuum Heat-seal Bags, 12 Count",
        "url": "https://www.walmart.com/ip/FoodSaver-Quart-Size-Liquid-Block-Vacuum-Heat-seal-Bags-12-Count/21930742",
        "price": "$9.88",
        "stars": "4.7",
        "ratings": "484 ",
        "img": "i5.walmartimages.com/asr/422f70bd-09f4-4cf0-b05d-8fed8b369dcc.98c5d794b113aa5d05d819bfc0b418d0.jpeg?odnWidth=612&odnHeight=612&odnBg=ffffff",
        "tags": [
            [
                "Vacuum Accessories",
                "/browse/home/vacuum-accessories/4044_90548_4047_1098067"
            ],
            [
                "Vacuum Bags",
                "/browse/home/vacuum-bags/4044_90548_4047_2340214"
            ],
            [
                "Lunch Boxes",
                "/browse/home/lunch-boxes/4044_623679_1032619_2617828_2778265"
            ],
            [
                "Shop All Lunch Boxes & Lunch Bags",
                "/browse/home/shop-all-lunch-boxes-lunch-bags/4044_623679_1032619_2617828_3206877"
            ],
            [
                "Vacuum Sealers",
                "/browse/home/vacuum-sealers/4044_90548_90546_133025_5936217"
            ],
            [
                "Lunch Boxes & Bags",
                "/browse/home/lunch-boxes-bags/4044_623679_1032619_8004747"
            ],
            [
                "Lunch Bags",
                "/browse/home/lunch-bags/4044_623679_1032619_2617828_8027459"
            ]
        ]
    },
    {
        "title": "Energizer Rechargeable D Batteries, 2 Count",
        "url": "https://www.walmart.com/ip/Energizer-Rechargeable-D-Batteries-2-Count/10242694",
        "price": "$9.13",
        "stars": "4.4",
        "ratings": "172 ",
        "img": "",
        "tags": [
            [
                "9V Batteries",
                "/browse/household-essentials/9v-batteries/1115193_1076905_3505385"
            ],
            [
                "All Disinfectant Cleaners",
                "/browse/household-essentials/all-disinfectant-cleaners/1115193_1071966_8189517_3510460"
            ],
            [
                "AA Batteries",
                "/browse/household-essentials/aa-batteries/1115193_1076905_4272101"
            ],
            [
                "C Batteries",
                "/browse/household-essentials/c-batteries/1115193_1076905_6075641"
            ],
            [
                "All Batteries",
                "/browse/household-essentials/all-batteries/1115193_1076905_6083492"
            ],
            [
                "AAA Batteries",
                "/browse/household-essentials/aaa-batteries/1115193_1076905_6635703"
            ],
            [
                "Rayovac",
                "/browse/household-essentials/rayovac/1115193_8250903_7038378"
            ],
            [
                "Rechargeable Batteries",
                "/browse/household-essentials/rechargeable-batteries/1115193_1076905_7114176"
            ]
        ]
    },
    {
        "title": "Okeechobee Fats Small Soft-Sided Tackle Bag with 2 Medium Utility Lure Box Storage Containers, Blue",
        "url": "https://www.walmart.com/ip/Okeechobee-Fats-Small-Soft-Sided-Tackle-Bag-with-2-Medium-Utility-Lure-Box-Storage-Containers-Blue/24413558",
        "price": "$10.96",
        "stars": "4.8",
        "ratings": "107 ",
        "img": "",
        "tags": [
            [
                "Mountain West River Fishing",
                "/browse/sports-outdoors/mountain-west-river-fishing/4125_546956_111667_3928514_7900322_1546978"
            ],
            [
                "Great Lakes Lake Fishing",
                "/browse/sports-outdoors/great-lakes-lake-fishing/4125_546956_111667_3928514_7103023_2161555"
            ],
            [
                "Tackle Boxes",
                "/browse/sports-outdoors/tackle-boxes/4125_546956_111667_2812364_2362113"
            ],
            [
                "Southeast River Fishing",
                "/browse/sports-outdoors/southeast-river-fishing/4125_546956_111667_3928514_9122272_2397062"
            ],
            [
                "Fishing Hooks",
                "/browse/sports-outdoors/fishing-hooks/4125_546956_111667_4887504_2689265"
            ],
            [
                "Plano Tackle Boxes",
                "/browse/sports-outdoors/plano-tackle-boxes/4125_546956_111667_2812364_6516514"
            ],
            [
                "Southeast Lake Fishing",
                "/browse/sports-outdoors/southeast-lake-fishing/4125_546956_111667_3928514_9122272_7787664"
            ],
            [
                "Mountain West Lake Fishing",
                "/browse/sports-outdoors/mountain-west-lake-fishing/4125_546956_111667_3928514_7900322_9230525"
            ]
        ]
    }
]