[
    {
        "title": "Yellow Pro Mix - Near Mint Quality - 50 Golf Balls",
        "url": "https://www.walmart.com/ip/Yellow-Pro-Mix-Near-Mint-Quality-50-Golf-Balls/111505604",
        "price": "$28.00",
        "stars": "3.8",
        "ratings": "6 ",
        "img": "i5.walmartimages.com/asr/782539aa-6eb5-4bd2-b752-5cb32d89200c_1.8dd9a326171257d996288563afae9a27.jpeg?odnWidth=612&odnHeight=612&odnBg=ffffff",
        "tags": [
            [
                "Callaway Golf",
                "/browse/sports-outdoors/callaway-golf/4125_4161_4152_1259729"
            ],
            [
                "Noodle Golf Balls",
                "/browse/sports-outdoors/noodle-golf-balls/4125_4161_4152_2552424"
            ],
            [
                "Bridgestone Golf Balls",
                "/browse/sports-outdoors/bridgestone-golf-balls/4125_4161_4152_3051085"
            ],
            [
                "Srixon",
                "/browse/sports-outdoors/srixon/4125_4161_4152_3401989"
            ],
            [
                "Callaway Golf Balls",
                "/browse/sports-outdoors/callaway-golf-balls/4125_4161_4152_6954186"
            ],
            [
                "All Camping Accessories",
                "/browse/sports-outdoors/all-camping-accessories/4125_546956_4128_1080844_7025478"
            ],
            [
                "Used Golf Balls",
                "/browse/sports-outdoors/used-golf-balls/4125_4161_4152_7802391"
            ],
            [
                "Bridgestone Golf",
                "/browse/sports-outdoors/bridgestone-golf/4125_4161_4152_8870930"
            ]
        ]
    },
    {
        "title": "Spalding NBA Mini 22\" Basketball - Blue/Green",
        "url": "https://www.walmart.com/ip/Spalding-NBA-Mini-22-Basketball-Blue-Green/35030421",
        "price": "$12.99",
        "stars": "4.8",
        "ratings": "20 ",
        "img": "i5.walmartimages.com/asr/088b2e49-d0b7-4b14-bf2d-72ff283ee490_2.cc1714ceb6ece20c62ff5ae28a3c12b1.jpeg?odnWidth=612&odnHeight=612&odnBg=ffffff",
        "tags": [
            [
                "Indoor Basketballs",
                "/browse/sports-outdoors/indoor-basketballs/4125_4161_4165_2301197"
            ],
            [
                "Youth Basketballs",
                "/browse/sports-outdoors/youth-basketballs/4125_4161_4165_3481911"
            ],
            [
                "Kids Basketballs",
                "/browse/sports-outdoors/kids-basketballs/4125_4161_4165_4999396"
            ],
            [
                "NCAA Basketballs",
                "/browse/sports-outdoors/ncaa-basketballs/4125_4161_4165_6230229"
            ],
            [
                "Outdoor Basketballs",
                "/browse/sports-outdoors/outdoor-basketballs/4125_4161_4165_6775859"
            ],
            [
                "NBA Basketballs",
                "/browse/sports-outdoors/nba-basketballs/4125_4161_4165_7443009"
            ],
            [
                "Womens Basketballs",
                "/browse/sports-outdoors/womens-basketballs/4125_4161_4165_8432455"
            ],
            [
                "Spalding Basketballs",
                "/browse/sports-outdoors/spalding-basketballs/4125_4161_4165_9286999"
            ]
        ]
    },
    {
        "title": "Protege 30-inch Rolling Drop Bottom Duffel Bag with Telescopic Handle, Black and Gray, 30.5\"H x 16\"W x 13.5\"D",
        "url": "https://www.walmart.com/ip/Protege-30-inch-Rolling-Drop-Bottom-Duffel-Bag-with-Telescopic-Handle-Black-and-Gray-30-5-H-x-16-W-x-13-5-D/420154503",
        "price": "$36.77",
        "stars": "4.9",
        "ratings": "12 ",
        "img": "i5.walmartimages.com/asr/cc5c18ee-240c-4945-ade1-0abbab8a4cb3_1.4d57eeacabc7bc066c06b39681624b62.jpeg?odnWidth=612&odnHeight=612&odnBg=ffffff",
        "tags": [
            [
                "Dry Bags",
                "/browse/sports-outdoors/dry-bags/4125_546956_7276129_6836875_1331385"
            ],
            [
                "Outdoor Products Backpacks",
                "/browse/sports-outdoors/outdoor-products-backpacks/4125_546956_4128_1319797_8052121_1453221"
            ],
            [
                "Travel & Duffel Bags",
                "/browse/sports-outdoors/travel-duffel-bags/4125_546956_4128_1319797_2015054"
            ],
            [
                "Hiking Backpacking Packs",
                "/browse/sports-outdoors/hiking-backpacking-packs/4125_546956_4128_1319797_2024633"
            ],
            [
                "Stansport Backpacks",
                "/browse/sports-outdoors/stansport-backpacks/4125_546956_4128_1319797_8052121_2443298"
            ],
            [
                "Ozark Trail Backpacks",
                "/browse/sports-outdoors/ozark-trail-backpacks/4125_546956_4128_2487866_2559937_2804518"
            ],
            [
                "Camping Storage",
                "/browse/sports-outdoors/camping-storage/4125_546956_4128_1080844_2816980"
            ],
            [
                "Hiking Daypacks",
                "/browse/sports-outdoors/hiking-daypacks/4125_546956_4128_1319797_8948680"
            ]
        ]
    },
    {
        "title": "Trademark Innovations Aquatic Exercise Dumbells For Water Aerobics, Set of Two, in Blue",
        "url": "https://www.walmart.com/ip/Trademark-Innovations-Aquatic-Exercise-Dumbells-For-Water-Aerobics-Set-of-Two-in-Blue/52403256",
        "price": "$24.14",
        "stars": "4.8",
        "ratings": "95 ",
        "img": "i5.walmartimages.com/asr/ec5e84eb-b9c3-4deb-98ba-861e6ac63d44_1.0511b6f489a8c98ec71cf23a01f2f104.jpeg?odnWidth=612&odnHeight=612&odnBg=ffffff",
        "tags": [
            [
                "Ankle Weights",
                "/browse/sports-outdoors/ankle-weights/4125_4134_1078104_1078289"
            ],
            [
                "Weight Sets",
                "/browse/sports-outdoors/weight-sets/4125_4134_1026285_1078284_1078290"
            ],
            [
                "Aqua Fitness Kits",
                "/browse/sports-outdoors/aqua-fitness-kits/4125_4134_4522918_1932850"
            ],
            [
                "Water Dumbbells",
                "/browse/sports-outdoors/water-dumbbells/4125_4134_4522918_2753090"
            ],
            [
                "Water Barbells",
                "/browse/sports-outdoors/water-barbells/4125_4134_4522918_5497815"
            ],
            [
                "Water Weights and Cuffs",
                "/browse/sports-outdoors/water-weights-cuffs/4125_4134_4522918_6129043"
            ],
            [
                "Swimming Kickboards",
                "/browse/sports-outdoors/swimming-kickboards/4125_4161_7400852_6388541"
            ],
            [
                "Swim Belts",
                "/browse/sports-outdoors/swim-belts/4125_4134_4522918_8289815"
            ]
        ]
    },
    {
        "title": "Franklin Sports Baseball Inferno Teeball Set - Bat, Glove & Ball Set - Blue",
        "url": "https://www.walmart.com/ip/Franklin-Sports-Baseball-Inferno-Teeball-Set-Bat-Glove-Ball-Set-Blue/945927134",
        "price": "$19.97",
        "stars": "4.5",
        "ratings": "8 ",
        "img": "i5.walmartimages.com/asr/2d73cbb3-4a6f-4cda-9052-31304b6a9c12_1.5bb3a68b61ea94c4f66b92b7e1302e1e.jpeg?odnWidth=612&odnHeight=612&odnBg=ffffff",
        "tags": [
            [
                "Baseball Gloves",
                "/browse/sports-outdoors/baseball-gloves/4125_4161_4162_133187"
            ],
            [
                "Youth Baseball Bats",
                "/browse/sports-outdoors/youth-baseball-bats/4125_4161_4162_2055381"
            ],
            [
                "Baseball Mitts",
                "/browse/sports-outdoors/baseball-mitts/4125_4161_4162_2568422"
            ],
            [
                "Youth Baseball Gloves",
                "/browse/sports-outdoors/youth-baseball-gloves/4125_4161_4162_3204592"
            ],
            [
                "Easton",
                "/browse/sports-outdoors/easton/4125_4161_4162_4504123"
            ],
            [
                "Baseball Backpacks",
                "/browse/sports-outdoors/baseball-backpacks/4125_4161_4162_6872617"
            ],
            [
                "USA Baseball Bats",
                "/browse/sports-outdoors/usa-baseball-bats/4125_4161_4162_9452058"
            ],
            [
                "Easton Baseball Bats",
                "/browse/sports-outdoors/easton-baseball-bats/4125_4161_4162_9668381"
            ]
        ]
    },
    {
        "title": "Augusta Sportswear Adult Long-Sleeve Moisture Wicking Training Jersey",
        "url": "https://www.walmart.com/ip/Augusta-Sportswear-Adult-Long-Sleeve-Moisture-Wicking-Training-Jersey/956024590",
        "price": "$9.97",
        "stars": "4.9",
        "ratings": "16 ",
        "img": "i5.walmartimages.com/asr/c9199b10-6a73-4347-b823-a7dd9760679e_1.4bee5fe54d82c9452fdc6ae7f89b2624.jpeg?odnWidth=612&odnHeight=612&odnBg=ffffff",
        "tags": [
            [
                "Soccer Shorts",
                "/browse/sports-outdoors/soccer-shorts/4125_4161_432196_3176970"
            ],
            [
                "Indoor Soccer",
                "/browse/sports-outdoors/indoor-soccer/4125_4161_432196_4406993"
            ],
            [
                "Indoor Soccer Shoes",
                "/browse/sports-outdoors/indoor-soccer-shoes/4125_4161_432196_4575733"
            ],
            [
                "Kids Soccer Cleats",
                "/browse/sports-outdoors/kids-soccer-cleats/4125_4161_432196_8563322_6383146"
            ],
            [
                "Soccer Jerseys & Tops",
                "/browse/sports-outdoors/soccer-jerseys-tops/4125_4161_432196_7965074"
            ],
            [
                "Mens Soccer Cleats",
                "/browse/sports-outdoors/mens-soccer-cleats/4125_4161_432196_8563322_8155199"
            ],
            [
                "Turf Soccer Shoes",
                "/browse/sports-outdoors/turf-soccer-shoes/4125_4161_432196_8351744"
            ]
        ]
    },
    {
        "title": "Franklin Sports Kids Baseball Pitching Machine",
        "url": "https://www.walmart.com/ip/Franklin-Sports-Kids-Baseball-Pitching-Machine/3988852",
        "price": "$35.00",
        "stars": "4.1",
        "ratings": "55 ",
        "img": "i5.walmartimages.com/asr/08ec5d43-44ed-4f80-8e8b-3c03cecc0b28_1.0728338c96b4ec2783559dbe05ba8fb8.jpeg?odnWidth=612&odnHeight=612&odnBg=ffffff",
        "tags": [
            [
                "Baseballs",
                "/browse/sports-outdoors/baseballs/4125_4161_4162_1075685"
            ],
            [
                "Baseball Field Equipment & Maintenance",
                "/browse/sports-outdoors/baseball-field-equipment-maintenance/4125_4161_4162_1075687"
            ],
            [
                "Softball Training Equipment",
                "/browse/sports-outdoors/softball-training-equipment/4125_4161_4169_131879"
            ],
            [
                "Baseball Bats",
                "/browse/sports-outdoors/baseball-bats/4125_4161_4162_164208"
            ],
            [
                "Pitching Machines",
                "/browse/sports-outdoors/pitching-machines/4125_4161_4162_1692608"
            ],
            [
                "Baseball Nets, Screens, and Rebounders",
                "/browse/sports-outdoors/baseball-nets-screens-rebounders/4125_4161_4162_4328068"
            ],
            [
                "Batting Tees",
                "/browse/sports-outdoors/batting-tees/4125_4161_4162_8787458"
            ],
            [
                "Softball Pitching Machines",
                "/browse/sports-outdoors/softball-pitching-machines/4125_4161_4169_9594695"
            ]
        ]
    },
    {
        "title": "Franklin Sports 9.5\" Meshtek Series T-Ball Glove, Right Hand Throw",
        "url": "https://www.walmart.com/ip/Franklin-Sports-9-5-Meshtek-Series-T-Ball-Glove-Right-Hand-Throw/46481550",
        "price": "$8.99",
        "stars": "4.9",
        "ratings": "8 ",
        "img": "i5.walmartimages.com/asr/334855c0-cbd0-4dee-9cac-04685ba1cf53_1.2428d516d7cdfeb1027210a4e40fbe8f.jpeg?odnWidth=612&odnHeight=612&odnBg=ffffff",
        "tags": [
            [
                "Baseballs",
                "/browse/sports-outdoors/baseballs/4125_4161_4162_1075685"
            ],
            [
                "Baseball Bats",
                "/browse/sports-outdoors/baseball-bats/4125_4161_4162_164208"
            ],
            [
                "Youth Baseball Bats",
                "/browse/sports-outdoors/youth-baseball-bats/4125_4161_4162_2055381"
            ],
            [
                "Baseball Mitts",
                "/browse/sports-outdoors/baseball-mitts/4125_4161_4162_2568422"
            ],
            [
                "Youth Baseball Gloves",
                "/browse/sports-outdoors/youth-baseball-gloves/4125_4161_4162_3204592"
            ],
            [
                "Wilson Baseball Gloves",
                "/browse/sports-outdoors/wilson-baseball-gloves/4125_4161_4162_5859197"
            ],
            [
                "Softball Gloves",
                "/browse/sports-outdoors/softball-gloves/4125_4161_4169_77127"
            ],
            [
                "Rawlings Baseball Gloves",
                "/browse/sports-outdoors/rawlings-baseball-gloves/4125_4161_4162_8280348"
            ]
        ]
    },
    {
        "title": "Park & Sun Spiker Sport Steel Volleyball Set, Blue",
        "url": "https://www.walmart.com/ip/Park-Sun-Spiker-Sport-Steel-Volleyball-Set-Blue/10911097",
        "price": "$79.99",
        "stars": "4.3",
        "ratings": "43 ",
        "img": "i5.walmartimages.com/asr/6f653c81-0f93-40d8-b6b3-f6592f44c645_1.7ba1369b75494f15c4c415eb3c0e5def.jpeg?odnWidth=612&odnHeight=612&odnBg=ffffff",
        "tags": [
            [
                "Volleyball Accessories",
                "/browse/sports-outdoors/volleyball-accessories/4125_4161_1041862_1041863"
            ],
            [
                "Volleyball Nets",
                "/browse/sports-outdoors/volleyball-nets/4125_4161_1041862_1041864"
            ],
            [
                "Volleyballs",
                "/browse/sports-outdoors/volleyballs/4125_4161_1041862_1075729"
            ],
            [
                "Volleyball Training Equipment",
                "/browse/sports-outdoors/volleyball-training-equipment/4125_4161_1041862_1075732"
            ],
            [
                "All Lawn Games",
                "/browse/sports-outdoors/all-lawn-games/4125_1224931_7643019_1075784"
            ],
            [
                "Badminton Nets",
                "/browse/sports-outdoors/badminton-nets/4125_1224931_7643019_1945581_6098698"
            ],
            [
                "Pool Volleyball Nets",
                "/browse/sports-outdoors/pool-volleyball-nets/4125_4161_1041862_6305073"
            ],
            [
                "Badminton Sets",
                "/browse/sports-outdoors/badminton-sets/4125_1224931_7643019_1945581_9602088"
            ]
        ]
    },
    {
        "title": "AND1 Men's Asphalt Sleeveless Muscle Top, up to 2XL",
        "url": "https://www.walmart.com/ip/AND1-Men-s-Asphalt-Sleeveless-Muscle-Top-up-to-2XL/171006789",
        "price": "$9.96",
        "stars": "3.4",
        "ratings": "11 ",
        "img": "i5.walmartimages.com/asr/5eea48a5-74d8-4bd9-968c-21b5e876db34.9c263cc3fb4e6f257ef59405ef1aba0d.jpeg?odnWidth=612&odnHeight=612&odnBg=ffffff",
        "tags": [
            [
                "Mens Big & Tall T-Shirts & Tank Tops",
                "/browse/clothing/mens-big-tall-t-shirts-tank-tops/5438_133198_7617810_1224687"
            ],
            [
                "Sporty",
                "/browse/clothing/sporty/5438_5289731_6424493_1845834"
            ],
            [
                "Mens Active Tops & T-Shirts",
                "/browse/clothing/mens-active-tops-t-shirts/5438_133197_1589613_1852229"
            ],
            [
                "Mens Savings Activewear",
                "/browse/clothing/mens-savings-activewear/5438_5993826_2577644_9848646_2165770"
            ],
            [
                "Mens Big & Tall Tank Tops",
                "/browse/clothing/mens-big-tall-tank-tops/5438_133198_7617810_7103814"
            ],
            [
                "Champion Mens Tank Tops",
                "/browse/clothing/champion-mens-tank-tops/5438_3317124_6718368_7231517_7364432"
            ],
            [
                "Tops & T-Shirts",
                "/browse/clothing/tops-t-shirts/5438_6302452_8117979_6994925_7712553"
            ]
        ]
    }
]