[
    {
        "title": "\"Golf Cart Deep Cycle Battery Jug Water Filler Bottle With Auto Shut Off\"",
        "url": "https://www.walmart.com/ip/Golf-Cart-Deep-Cycle-Battery-Jug-Water-Filler-Bottle-With-Auto-Shut-Off/764408652",
        "price": "$13.95",
        "stars": "4.7",
        "ratings": "35 ",
        "img": "i5.walmartimages.com/asr/dcd52de3-cd7b-4754-9cf9-0256960c8967_1.37a064809aeee47fb6e4e3f39fb8c117.jpeg?odnWidth=612&odnHeight=612&odnBg=ffffff",
        "tags": [
            [
                "Water Bottles & Hydration",
                "/browse/sports-outdoors/water-bottles-hydration/4125_546956_4128_1080844_1080865"
            ],
            [
                "Ozark Trail Camping Accessories",
                "/browse/sports-outdoors/ozark-trail-camping-accessories/4125_546956_4128_2487866_2559937_4438585"
            ],
            [
                "Golf Accessories",
                "/browse/sports-outdoors/golf-accessories/4125_4161_4152_470543"
            ],
            [
                "Ozark Trail Camp Kitchen",
                "/browse/sports-outdoors/ozark-trail-camp-kitchen/4125_546956_4128_2487866_2559937_5002692"
            ],
            [
                "Stainless Steel Water Bottles",
                "/browse/sports-outdoors/stainless-steel-water-bottles/4125_546956_4128_2242359_5263681"
            ],
            [
                "Golf Pull Carts",
                "/browse/sports-outdoors/golf-pull-carts/4125_4161_4152_5461193"
            ],
            [
                "Water Bottles",
                "/browse/sports-outdoors/water-bottles/4125_546956_4128_2242359_6222898"
            ],
            [
                "Ozark Trail Drinkware",
                "/browse/sports-outdoors/ozark-trail-drinkware/4125_546956_4128_2487866_2559937_7651830"
            ]
        ]
    },
    {
        "title": "Mueller Mwrap Pretaping Underwrap, Aqua, 2 Pack, 2.75\" x 21.4 yd each",
        "url": "https://www.walmart.com/ip/Mueller-Mwrap-Pretaping-Underwrap-Aqua-2-Pack-2-75-x-21-4-yd-each/108251600",
        "price": "$7.05",
        "stars": "5.0",
        "ratings": "4 ",
        "img": "i5.walmartimages.com/asr/a3e7c928-5f2a-40d0-9d4a-c5aa48236c50_4.5f743549f2216e00aa90f789b559b420.jpeg?odnWidth=612&odnHeight=612&odnBg=ffffff",
        "tags": [
            [
                "Soccer Accessories",
                "/browse/sports-outdoors/soccer-accessories/4125_4161_432196_1041860"
            ],
            [
                "Basketball Accessories",
                "/browse/sports-outdoors/basketball-accessories/4125_4161_4165_164226"
            ],
            [
                "ACE Knee Braces",
                "/browse/sports-outdoors/ace-knee-braces/4125_4134_3523130_8200402_3359289"
            ],
            [
                "Sport Knee Braces",
                "/browse/sports-outdoors/sport-knee-braces/4125_4134_3523130_8200402_4716154"
            ],
            [
                "Mueller Knee Braces",
                "/browse/sports-outdoors/mueller-knee-braces/4125_4134_3523130_8200402_5129891"
            ],
            [
                "Women's Hunting Tops",
                "/browse/sports-outdoors/womens-hunting-tops/4125_546956_4155_4363790_6269862_5453551"
            ],
            [
                "Kinesiology Tape",
                "/browse/sports-outdoors/kinesiology-tape/4125_4134_3523130_8200402_6612968"
            ],
            [
                "Sports Braces",
                "/browse/sports-outdoors/sports-braces/4125_4134_3523130_8200402_9682761"
            ]
        ]
    },
    {
        "title": "And1 Boys Attack Mid Boys (Little Kid/Big Kid) Basketball Casual  Shoes -",
        "url": "https://www.walmart.com/ip/And1-Boys-Attack-Mid-Boys-Little-Kid-Big-Kid-Basketball-Casual-Shoes/883243691",
        "price": "$24.95",
        "stars": "4.4",
        "ratings": "5 ",
        "img": "i5.walmartimages.com/asr/c4d80fec-10e3-4ede-8031-7f273bba7687.cfdab17e8aab05f9ca372e609a6203a5.jpeg?odnWidth=612&odnHeight=612&odnBg=ffffff",
        "tags": [
            [
                "Boys High Top Sneakers",
                "/browse/clothing/boys-high-top-sneakers/5438_1045804_8936014_7629925_1672532"
            ],
            [
                "AND1 Shoes",
                "/browse/clothing/and1-shoes/5438_3317124_5164100_3088505"
            ],
            [
                "Mens Basketball Sneakers",
                "/browse/clothing/mens-basketball-sneakers/5438_1045804_1045807_3383528_5500164"
            ],
            [
                "Boys Shoes Savings",
                "/browse/clothing/boys-shoes-savings/5438_5993826_7008377_4000827_5851216"
            ],
            [
                "Kids Sneakers",
                "/browse/clothing/kids-sneakers/5438_1045804_1045805_8178659_6306613"
            ],
            [
                "Boys Sneakers & Athletic Shoes",
                "/browse/clothing/boys-sneakers-athletic-shoes/5438_1432442_9430716_9538947_6713917"
            ],
            [
                "Sneakers",
                "/browse/clothing/sneakers/5438_6302452_4085686_1923915_7901832"
            ],
            [
                "Boys Athletic Shoes",
                "/browse/clothing/boys-athletic-shoes/5438_1045804_8936014_7629925_9706216"
            ]
        ]
    },
    {
        "title": "Men's Retro Charlie Sheen Two Tone Guayabera Bowling Shirt",
        "url": "https://www.walmart.com/ip/Men-s-Retro-Charlie-Sheen-Two-Tone-Guayabera-Bowling-Shirt/201965150",
        "price": "$21.99",
        "stars": "3.4",
        "ratings": "47 ",
        "img": "i5.walmartimages.com/asr/be8b6f3e-8ea5-40c8-9f1c-e48b011734bd_1.7d35a93a3b1b66b4fdf69564ac2f60c0.jpeg?odnWidth=612&odnHeight=612&odnBg=ffffff",
        "tags": []
    },
    {
        "title": "Gymenist Water Proof Ankle And Wrist Weights With Adjustable Strap Great For Swimming And All Water Sports Activities",
        "url": "https://www.walmart.com/ip/Gymenist-Water-Proof-Ankle-And-Wrist-Weights-With-Adjustable-Strap-Great-For-Swimming-And-All-Water-Sports-Activities/529705013",
        "price": "$11.54",
        "stars": "4.1",
        "ratings": "34 ",
        "img": "i5.walmartimages.com/asr/1448dfdb-4ab1-4407-8bbd-e7ed9fa864f5_1.b1a856a993bae35edf6fd10fac98f856.jpeg?odnWidth=612&odnHeight=612&odnBg=ffffff",
        "tags": [
            [
                "Aqua Fitness",
                "/browse/sports-outdoors/aqua-fitness/4125_4161_1043949"
            ],
            [
                "Ankle Weights",
                "/browse/sports-outdoors/ankle-weights/4125_4134_1078104_1078289"
            ],
            [
                "Weight Sets",
                "/browse/sports-outdoors/weight-sets/4125_4134_1026285_1078284_1078290"
            ],
            [
                "Water Dumbbells",
                "/browse/sports-outdoors/water-dumbbells/4125_4134_4522918_2753090"
            ],
            [
                "Weight Vests",
                "/browse/sports-outdoors/weight-vests/4125_4134_1026285_7482840_3008144"
            ],
            [
                "CrossFit Training",
                "/browse/sports-outdoors/crossfit-training/4125_4134_2760213_3257386"
            ],
            [
                "Wrist Weights",
                "/browse/sports-outdoors/wrist-weights/4125_4134_1078104_3920730"
            ],
            [
                "Body Weights",
                "/browse/sports-outdoors/body-weights/4125_4134_1026285_7482840_7627755"
            ]
        ]
    },
    {
        "title": "Dunlop Quick Setup Competitive Volleyball Set, Green/Black",
        "url": "https://www.walmart.com/ip/Dunlop-Quick-Setup-Competitive-Volleyball-Set-Green-Black/55465419",
        "price": "$44.88",
        "stars": "3.5",
        "ratings": "47 ",
        "img": "i5.walmartimages.com/asr/966bbe2a-5c77-463d-aecf-dbac1aa6ee7f_1.c325a4ec695359729bd8fc872096485c.jpeg?odnWidth=612&odnHeight=612&odnBg=ffffff",
        "tags": [
            [
                "Volleyball Nets",
                "/browse/sports-outdoors/volleyball-nets/4125_4161_1041862_1041864"
            ],
            [
                "Volleyballs",
                "/browse/sports-outdoors/volleyballs/4125_4161_1041862_1075729"
            ],
            [
                "Volleyball Training Equipment",
                "/browse/sports-outdoors/volleyball-training-equipment/4125_4161_1041862_1075732"
            ],
            [
                "All Lawn Games",
                "/browse/sports-outdoors/all-lawn-games/4125_1224931_7643019_1075784"
            ],
            [
                "Badminton Nets",
                "/browse/sports-outdoors/badminton-nets/4125_1224931_7643019_1945581_6098698"
            ],
            [
                "Ring & Washer Toss",
                "/browse/sports-outdoors/ring-washer-toss/4125_1224931_7643019_2157795_6811774"
            ],
            [
                "Disc Sports",
                "/browse/sports-outdoors/disc-sports/4125_1224931_7643019_2157795_8506756"
            ],
            [
                "Badminton Sets",
                "/browse/sports-outdoors/badminton-sets/4125_1224931_7643019_1945581_9602088"
            ]
        ]
    },
    {
        "title": "Recruit by ONIX Pickleball V4 Paddle for All Ages and Skill Levels",
        "url": "https://www.walmart.com/ip/Recruit-by-ONIX-Pickleball-V4-Paddle-for-All-Ages-and-Skill-Levels/659390722",
        "price": "$26.00",
        "stars": "5.0",
        "ratings": "2 ",
        "img": "i5.walmartimages.com/asr/06337518-90fe-4f30-881a-b465059daa04_1.cce867b6292951f9eeb30cb672305fa1.jpeg?odnWidth=612&odnHeight=612&odnBg=ffffff",
        "tags": [
            [
                "Tennis Bags",
                "/browse/sports-outdoors/tennis-bags/4125_4161_538538_1075605"
            ],
            [
                "Footballs",
                "/browse/sports-outdoors/footballs/4125_4161_434036_1075724"
            ],
            [
                "All Lawn Games",
                "/browse/sports-outdoors/all-lawn-games/4125_1224931_7643019_1075784"
            ],
            [
                "Oars",
                "/browse/sports-outdoors/oars/4125_546956_7276129_5029679_1079425"
            ],
            [
                "Tennis Clothing",
                "/browse/sports-outdoors/tennis-clothing/4125_4161_538538_2898774"
            ],
            [
                "Pickleball Nets",
                "/browse/sports-outdoors/pickleball-nets/4125_4161_6675878_5380802"
            ],
            [
                "Pickleball Sets",
                "/browse/sports-outdoors/pickleball-sets/4125_4161_6675878_6246638"
            ],
            [
                "Pickleball Balls",
                "/browse/sports-outdoors/pickleball-balls/4125_4161_6675878_9925818"
            ]
        ]
    },
    {
        "title": "And1 Boys Attack Mid Boys (Little Kid/Big Kid) Basketball Casual  Shoes -",
        "url": "https://www.walmart.com/ip/And1-Boys-Attack-Mid-Boys-Little-Kid-Big-Kid-Basketball-Casual-Shoes/938984846",
        "price": "$24.95",
        "stars": "4.3",
        "ratings": "10 ",
        "img": "i5.walmartimages.com/asr/d9923061-b344-49ae-b20f-c6480fa90a7a.9b32c58b788a5486b15076bb408b53d5.jpeg?odnWidth=612&odnHeight=612&odnBg=ffffff",
        "tags": [
            [
                "Boys Shoes New Arrivals",
                "/browse/clothing/boys-shoes-new-arrivals/5438_7712430_8058735_7946342_1771447"
            ],
            [
                "AND1 Shoes",
                "/browse/clothing/and1-shoes/5438_3317124_5164100_3088505"
            ],
            [
                "Boys Shoes Savings",
                "/browse/clothing/boys-shoes-savings/5438_5993826_7008377_4000827_5851216"
            ],
            [
                "All Boys Shoes",
                "/browse/clothing/all-boys-shoes/5438_1045804_8936014_624079"
            ],
            [
                "Kids Sneakers",
                "/browse/clothing/kids-sneakers/5438_1045804_1045805_8178659_6306613"
            ],
            [
                "Boys Sneakers & Athletic Shoes",
                "/browse/clothing/boys-sneakers-athletic-shoes/5438_1432442_9430716_9538947_6713917"
            ],
            [
                "Sneakers",
                "/browse/clothing/sneakers/5438_6302452_4085686_1923915_7901832"
            ],
            [
                "Boys Athletic Shoes",
                "/browse/clothing/boys-athletic-shoes/5438_1045804_8936014_7629925_9706216"
            ]
        ]
    },
    {
        "title": "Franklin Sports Replacement Plastic Balls",
        "url": "https://www.walmart.com/ip/Franklin-Sports-Replacement-Plastic-Balls/19273630",
        "price": "$7.99",
        "stars": "4.3",
        "ratings": "7 ",
        "img": "",
        "tags": [
            [
                "Baseball Training Equipment",
                "/browse/sports-outdoors/baseball-training-equipment/4125_4161_4162_1075688"
            ],
            [
                "Softball Training Equipment",
                "/browse/sports-outdoors/softball-training-equipment/4125_4161_4169_131879"
            ],
            [
                "Baseball Bats",
                "/browse/sports-outdoors/baseball-bats/4125_4161_4162_164208"
            ],
            [
                "Pitching Machines",
                "/browse/sports-outdoors/pitching-machines/4125_4161_4162_1692608"
            ],
            [
                "Wiffle Balls",
                "/browse/sports-outdoors/wiffle-balls/4125_4161_4162_2144444"
            ],
            [
                "Wiffle Ball Bats",
                "/browse/sports-outdoors/wiffle-ball-bats/4125_4161_4162_2821196"
            ],
            [
                "Batting Tees",
                "/browse/sports-outdoors/batting-tees/4125_4161_4162_8787458"
            ],
            [
                "Softball Pitching Machines",
                "/browse/sports-outdoors/softball-pitching-machines/4125_4161_4169_9594695"
            ]
        ]
    },
    {
        "title": "Rawlings Face First Softball Fielders Mask",
        "url": "https://www.walmart.com/ip/Rawlings-Face-First-Softball-Fielders-Mask/54735686",
        "price": "$9.90",
        "stars": "4.3",
        "ratings": "17 ",
        "img": "i5.walmartimages.com/asr/ad0953d8-2e33-48a2-82db-fa0edcc875a6_2.70099d94bb0d811fbffafcee86aee477.png?odnWidth=612&odnHeight=612&odnBg=ffffff",
        "tags": [
            [
                "Softball Protective Gear",
                "/browse/sports-outdoors/softball-protective-gear/4125_4161_4169_131880"
            ],
            [
                "Baseball Helmets",
                "/browse/sports-outdoors/baseball-helmets/4125_4161_4162_1410296"
            ],
            [
                "Softball Bats",
                "/browse/sports-outdoors/softball-bats/4125_4161_4169_5252"
            ],
            [
                "Bat Bags",
                "/browse/sports-outdoors/bat-bags/4125_4161_4162_6108797"
            ],
            [
                "Softball Face Masks",
                "/browse/sports-outdoors/softball-face-masks/4125_4161_4169_7347818"
            ],
            [
                "Softball Gloves",
                "/browse/sports-outdoors/softball-gloves/4125_4161_4169_77127"
            ],
            [
                "Baseball Bags",
                "/browse/sports-outdoors/baseball-bags/4125_4161_4162_8202870"
            ],
            [
                "Softball Bags",
                "/browse/sports-outdoors/softball-bags/4125_4161_4169_9237341"
            ]
        ]
    }
]