[
    {
        "title": "Franklin Sports Pickleball Paddle-Aluminum-USAPA Approved",
        "url": "https://www.walmart.com/ip/Franklin-Sports-Pickleball-Paddle-Aluminum-USAPA-Approved/47771185",
        "price": "$11.73",
        "stars": "3.5",
        "ratings": "10 ",
        "img": "i5.walmartimages.com/asr/d4337448-5d36-49d9-822a-e487e186a3b5_1.532c03bf0191756e14ef540d24b83691.jpeg?odnWidth=612&odnHeight=612&odnBg=ffffff",
        "tags": [
            [
                "Mizuno",
                "/browse/shop-by-brand/mizuno/3734780_5678070_1758427"
            ],
            [
                "Wilson",
                "/browse/shop-by-brand/wilson/3734780_5678070_2873652"
            ],
            [
                "Little Tikes",
                "/browse/shop-by-brand/little-tikes/3734780_9703589_4077136"
            ],
            [
                "School Specialty",
                "/browse/shop-by-brand/school-specialty/3734780_1431586_4467086"
            ],
            [
                "Joola",
                "/browse/shop-by-brand/joola/3734780_5678070_4891234"
            ],
            [
                "Spalding",
                "/browse/shop-by-brand/spalding/3734780_5678070_5131554"
            ],
            [
                "SKLZ",
                "/browse/shop-by-brand/sklz/3734780_5678070_7398770"
            ],
            [
                "Rawlings",
                "/browse/shop-by-brand/rawlings/3734780_5678070_7975194"
            ]
        ]
    },
    {
        "title": "AND1 Men's BB O2 Basketball Shoe",
        "url": "https://www.walmart.com/ip/AND1-Men-s-BB-O2-Basketball-Shoe/954261546",
        "price": "$26.98",
        "stars": "4.3",
        "ratings": "37 ",
        "img": "i5.walmartimages.com/asr/b9a581d5-2ff7-4e9b-bb24-6498863ea104.24a94a3c3e7bc64bbc177a50e9acdf1e.jpeg?odnWidth=612&odnHeight=612&odnBg=ffffff",
        "tags": [
            [
                "Mens Athletic Shoes",
                "/browse/clothing/mens-athletic-shoes/5438_1045804_1045807_3383528_1228548"
            ],
            [
                "Mens Casual Shoes",
                "/browse/clothing/mens-casual-shoes/5438_1045804_1045807_1228552"
            ],
            [
                "AND1 Shoes",
                "/browse/clothing/and1-shoes/5438_3317124_5164100_3088505"
            ],
            [
                "Young Men's Shoes",
                "/browse/clothing/young-mens-shoes/5438_133197_9881658_4783201"
            ],
            [
                "Sneakers & Athletic Shoes",
                "/browse/clothing/sneakers-athletic-shoes/5438_6302452_8117979_5207273"
            ],
            [
                "Mens Basketball Sneakers",
                "/browse/clothing/mens-basketball-sneakers/5438_1045804_1045807_3383528_5500164"
            ],
            [
                "Boys Sneakers & Athletic Shoes",
                "/browse/clothing/boys-sneakers-athletic-shoes/5438_1432442_9430716_9538947_6713917"
            ],
            [
                "Boys Athletic Shoes",
                "/browse/clothing/boys-athletic-shoes/5438_1045804_8936014_7629925_9706216"
            ]
        ]
    },
    {
        "title": "Zimtown Portable Basketball Hoop Stand, 5.2ft-6.9ft Height Adjustable Basketball Goal, with 32\"W PVC Backboard 2 Nets Wheels, for Youth Kids Teenagers Indoor Outdoor Playing",
        "url": "https://www.walmart.com/ip/Zimtown-Portable-Basketball-Hoop-Stand-5-2ft-6-9ft-Height-Adjustable-Goal-32-W-PVC-Backboard-2-Nets-Wheels-Youth-Kids-Teenagers-Indoor-Outdoor-Playin/862005680",
        "price": "$89.95",
        "stars": "2.0",
        "ratings": "3 ",
        "img": "i5.walmartimages.com/asr/a6ab79b1-910a-4ac6-ac54-eae48196e203_1.d476de15257a0201c68bb1f93eb696e0.jpeg?odnWidth=612&odnHeight=612&odnBg=ffffff",
        "tags": [
            [
                "Basketball Nets",
                "/browse/sports-outdoors/basketball-nets/4125_4161_4165_1075705"
            ],
            [
                "Basketball Equipment",
                "/browse/sports-outdoors/basketball-equipment/4125_4161_4165_1075707"
            ],
            [
                "Lifetime Basketball Hoops",
                "/browse/sports-outdoors/lifetime-basketball-hoops/4125_4161_4165_1566517"
            ],
            [
                "Basketball Accessories",
                "/browse/sports-outdoors/basketball-accessories/4125_4161_4165_164226"
            ],
            [
                "Basketball Hoops & Goals",
                "/browse/sports-outdoors/basketball-hoops-goals/4125_4161_4165_164227"
            ],
            [
                "Outdoor Basketball Hoops",
                "/browse/sports-outdoors/outdoor-basketball-hoops/4125_4161_4165_1856271"
            ],
            [
                "Portable Basketball Hoops",
                "/browse/sports-outdoors/portable-basketball-hoops/4125_4161_4165_2257412"
            ],
            [
                "Basketball Backboards",
                "/browse/sports-outdoors/basketball-backboards/4125_4161_4165_3419389"
            ]
        ]
    },
    {
        "title": "ToteSport Auto Open Golf Size Umbrella, 1.0 CT",
        "url": "https://www.walmart.com/ip/ToteSport-Auto-Open-Golf-Size-Umbrella-1-0-CT/45723901",
        "price": "$20.00",
        "stars": "4.7",
        "ratings": "38 ",
        "img": "i5.walmartimages.com/asr/e3079d39-ec2b-4c17-9c4e-5137c7d6c20d_1.332be0c51051f738e8a438994b14da9a.jpeg?odnWidth=612&odnHeight=612&odnBg=ffffff",
        "tags": [
            [
                "Golf Gloves",
                "/browse/sports-outdoors/golf-gloves/4125_4161_4152_1075726_1075668"
            ],
            [
                "Golf Towels",
                "/browse/sports-outdoors/golf-towels/4125_4161_4152_3274929"
            ],
            [
                "Golf Club Covers",
                "/browse/sports-outdoors/golf-club-covers/4125_4161_4152_4081667"
            ],
            [
                "Golf Tees",
                "/browse/sports-outdoors/golf-tees/4125_4161_4152_5163794"
            ],
            [
                "Driver Headcovers",
                "/browse/sports-outdoors/driver-headcovers/4125_4161_4152_6742157"
            ],
            [
                "Golf Headcovers",
                "/browse/sports-outdoors/golf-headcovers/4125_4161_4152_7476130"
            ],
            [
                "Golfing Grips",
                "/browse/sports-outdoors/golfing-grips/4125_4161_4152_9784524"
            ]
        ]
    },
    {
        "title": "Hilitand ndoor Outdoor Plastic Golf Putting Cup Practice Aids with Adjustable Hole White Flag, Golf Putting Cup",
        "url": "https://www.walmart.com/ip/Hilitand-ndoor-Outdoor-Plastic-Golf-Putting-Cup-Practice-Aids-with-Adjustable-Hole-White-Flag-Golf-Putting-Cup/980174928",
        "price": "$7.39",
        "stars": 0,
        "ratings": 0,
        "img": "i5.walmartimages.com/asr/037dac31-d944-43c6-86a0-539f6d0819b4.44a9a9fac937863ea965581e66099413.jpeg?odnWidth=612&odnHeight=612&odnBg=ffffff",
        "tags": [
            [
                "Sports Equipment Fan Shop",
                "/browse/sports-outdoors/sports-equipment-fan-shop/4125_1063984_1064023_1064047"
            ],
            [
                "Baseball Training Equipment",
                "/browse/sports-outdoors/baseball-training-equipment/4125_4161_4162_1075688"
            ],
            [
                "Soccer Training Equipment",
                "/browse/sports-outdoors/soccer-training-equipment/4125_4161_432196_1075747"
            ],
            [
                "All Lawn Games",
                "/browse/sports-outdoors/all-lawn-games/4125_1224931_7643019_1075784"
            ],
            [
                "Softball Training Equipment",
                "/browse/sports-outdoors/softball-training-equipment/4125_4161_4169_131879"
            ],
            [
                "Golf Accessories",
                "/browse/sports-outdoors/golf-accessories/4125_4161_4152_470543"
            ],
            [
                "Ping Golf",
                "/browse/sports-outdoors/ping-golf/4125_4161_4152_6714106"
            ],
            [
                "Batting Tees",
                "/browse/sports-outdoors/batting-tees/4125_4161_4162_8787458"
            ]
        ]
    },
    {
        "title": "Wilson Cushion-Aire Classic Contour Replacement Grip",
        "url": "https://www.walmart.com/ip/Wilson-Cushion-Aire-Classic-Contour-Replacement-Grip/20703333",
        "price": "$7.43",
        "stars": "4.0",
        "ratings": "2 ",
        "img": "i5.walmartimages.com/asr/92c67a38-bec8-41fa-a30a-bcf40826d62d_1.13b55fae2fa8982dcea21e3b14d7d18a.jpeg?odnWidth=612&odnHeight=612&odnBg=ffffff",
        "tags": [
            [
                "Squash Accessories",
                "/browse/sports-outdoors/squash-accessories/4125_4161_4417624_1043934"
            ],
            [
                "Tennis Racquets",
                "/browse/sports-outdoors/tennis-racquets/4125_4161_538538_1075604"
            ],
            [
                "Racquetball Accessories",
                "/browse/sports-outdoors/racquetball-accessories/4125_4161_9532681_1075626"
            ],
            [
                "Softball Accessories",
                "/browse/sports-outdoors/softball-accessories/4125_4161_4169_1075690"
            ],
            [
                "Pickleball Accessories",
                "/browse/sports-outdoors/pickleball-accessories/4125_4161_6675878_1309767"
            ],
            [
                "Bat Grips",
                "/browse/sports-outdoors/bat-grips/4125_4161_4162_1926807"
            ],
            [
                "Vibration Dampeners",
                "/browse/sports-outdoors/vibration-dampeners/4125_4161_538538_8037706_2473830"
            ],
            [
                "Bat Tape",
                "/browse/sports-outdoors/bat-tape/4125_4161_4162_7215691"
            ]
        ]
    },
    {
        "title": "Penn 4\" Tennis Ball",
        "url": "https://www.walmart.com/ip/Penn-4-Tennis-Ball/38762915",
        "price": "$7.00",
        "stars": "4.7",
        "ratings": "3 ",
        "img": "",
        "tags": [
            [
                "Squash Accessories",
                "/browse/sports-outdoors/squash-accessories/4125_4161_4417624_1043934"
            ],
            [
                "Tennis Racquets",
                "/browse/sports-outdoors/tennis-racquets/4125_4161_538538_1075604"
            ],
            [
                "Tennis Bags",
                "/browse/sports-outdoors/tennis-bags/4125_4161_538538_1075605"
            ],
            [
                "Footballs",
                "/browse/sports-outdoors/footballs/4125_4161_434036_1075724"
            ],
            [
                "Tennis Clothing",
                "/browse/sports-outdoors/tennis-clothing/4125_4161_538538_2898774"
            ],
            [
                "Wilson Baseball Gloves",
                "/browse/sports-outdoors/wilson-baseball-gloves/4125_4161_4162_5859197"
            ],
            [
                "Tennis Training Aids",
                "/browse/sports-outdoors/tennis-training-aids/4125_4161_538538_6322810"
            ],
            [
                "Tennis Ball Hoppers",
                "/browse/sports-outdoors/tennis-ball-hoppers/4125_4161_538538_6806570"
            ]
        ]
    },
    {
        "title": "Lifetime Quick Adjustable Height Basketball Hoop Mounting Conversion Kit, 1044",
        "url": "https://www.walmart.com/ip/Lifetime-Quick-Adjustable-Height-Basketball-Hoop-Mounting-Conversion-Kit-1044/15407073",
        "price": "$146.66",
        "stars": "4.2",
        "ratings": "53 ",
        "img": "i5.walmartimages.com/asr/099728a3-ce30-4a0f-91e6-66e532955f49_1.e7cb0944e1fce59b9a89287a812d23e6.jpeg?odnWidth=612&odnHeight=612&odnBg=ffffff",
        "tags": [
            [
                "Lifetime Basketball Hoops",
                "/browse/sports-outdoors/lifetime-basketball-hoops/4125_4161_4165_1566517"
            ],
            [
                "Basketball Accessories",
                "/browse/sports-outdoors/basketball-accessories/4125_4161_4165_164226"
            ],
            [
                "Basketball Hoops & Goals",
                "/browse/sports-outdoors/basketball-hoops-goals/4125_4161_4165_164227"
            ],
            [
                "Outdoor Basketball Hoops",
                "/browse/sports-outdoors/outdoor-basketball-hoops/4125_4161_4165_1856271"
            ],
            [
                "Portable Basketball Hoops",
                "/browse/sports-outdoors/portable-basketball-hoops/4125_4161_4165_2257412"
            ],
            [
                "Basketball Backboards",
                "/browse/sports-outdoors/basketball-backboards/4125_4161_4165_3419389"
            ],
            [
                "Acrylic Basketball Hoops",
                "/browse/sports-outdoors/acrylic-basketball-hoops/4125_4161_4165_3752933"
            ],
            [
                "Basketball Mounting Kits & Brackets",
                "/browse/sports-outdoors/basketball-mounting-kits-brackets/4125_4161_4165_7621486"
            ]
        ]
    },
    {
        "title": "Shock Doctor Protective FlexCup Medium",
        "url": "https://www.walmart.com/ip/Shock-Doctor-Protective-FlexCup-Medium/869899381",
        "price": "$5.97",
        "stars": "5.0",
        "ratings": "1 ",
        "img": "",
        "tags": [
            [
                "Athletic Performance Shapewear",
                "/browse/sports-outdoors/athletic-performance-shapewear/4125_4134_1078104_1078164"
            ],
            [
                "Softball Protective Gear",
                "/browse/sports-outdoors/softball-protective-gear/4125_4161_4169_131880"
            ],
            [
                "Baseball Helmets",
                "/browse/sports-outdoors/baseball-helmets/4125_4161_4162_1410296"
            ],
            [
                "Baseball Pants",
                "/browse/sports-outdoors/baseball-pants/4125_4161_4162_2932263"
            ],
            [
                "Lacrosse Protective Gear",
                "/browse/sports-outdoors/lacrosse-protective-gear/4125_4161_1075745_6332235"
            ],
            [
                "Catcher's Gear",
                "/browse/sports-outdoors/catchers-gear/4125_4161_4162_6660137"
            ],
            [
                "Baseball Cups",
                "/browse/sports-outdoors/baseball-cups/4125_4161_4162_8515168"
            ],
            [
                "Baseball Apparel",
                "/browse/sports-outdoors/baseball-apparel/4125_4161_4162_936721"
            ]
        ]
    },
    {
        "title": "Tourna Ballport Deluxe Tennis Ball Pickup with Wheels - Blue",
        "url": "https://www.walmart.com/ip/Tourna-Ballport-Deluxe-Tennis-Ball-Pickup-with-Wheels-Blue/286552874",
        "price": "$33.65",
        "stars": "5.0",
        "ratings": "1 ",
        "img": "i5.walmartimages.com/asr/2b6caea7-fc9b-438e-b920-fd36d6393bcc_1.281b864630c60ed4e0ae7a9e11219c08.jpeg?odnWidth=612&odnHeight=612&odnBg=ffffff",
        "tags": [
            [
                "Tennis Balls",
                "/browse/sports-outdoors/tennis-balls/4125_4161_538538_1037899"
            ],
            [
                "Squash Accessories",
                "/browse/sports-outdoors/squash-accessories/4125_4161_4417624_1043934"
            ],
            [
                "Tennis Bags",
                "/browse/sports-outdoors/tennis-bags/4125_4161_538538_1075605"
            ],
            [
                "Tennis Court Equipment",
                "/browse/sports-outdoors/tennis-court-equipment/4125_4161_538538_1075606"
            ],
            [
                "Pickleball Accessories",
                "/browse/sports-outdoors/pickleball-accessories/4125_4161_6675878_1309767"
            ],
            [
                "Fishing Bobbers",
                "/browse/sports-outdoors/fishing-bobbers/4125_546956_111667_4887504_5624628"
            ],
            [
                "Tennis Training Aids",
                "/browse/sports-outdoors/tennis-training-aids/4125_4161_538538_6322810"
            ],
            [
                "Bike Handlebars",
                "/browse/sports-outdoors/bike-handlebars/4125_1081404_7650685_8636900"
            ]
        ]
    }
]