[
    {
        "title": "Chicago Boys' Classic Quad Roller Skates Black Junior Rink Skates, Size J10",
        "url": "https://www.walmart.com/ip/Chicago-Boys-Classic-Quad-Roller-Skates-Black-Junior-Rink-Skates-Size-J10/22052216",
        "price": "$44.99",
        "stars": "4.6",
        "ratings": "16 ",
        "img": "i5.walmartimages.com/asr/c01ad616-357b-4ac3-ad0e-392628a4cb9a_1.15213224571b99895d6c217b2b06d367.jpeg?odnWidth=612&odnHeight=612&odnBg=ffffff",
        "tags": [
            [
                "Sports & Duffel Bags",
                "/browse/sports-outdoors/sports-duffel-bags/4125_4161_1043958"
            ],
            [
                "Hockey Accessories",
                "/browse/sports-outdoors/hockey-accessories/4125_4161_1075750_1075753"
            ],
            [
                "Golf Balls",
                "/browse/sports-outdoors/golf-balls/4125_4161_4152_5208"
            ],
            [
                "Bike Pads",
                "/browse/sports-outdoors/bike-pads/4125_1081404_7258752_5248669"
            ],
            [
                "Skate Wheels",
                "/browse/sports-outdoors/skate-wheels/4125_1224931_7628560_8241867_5339242"
            ],
            [
                "Skateboard Parts",
                "/browse/sports-outdoors/skateboard-parts/4125_1224931_7628560_3297420_5930613"
            ],
            [
                "Bike Helmets",
                "/browse/sports-outdoors/bike-helmets/4125_1081404_7258752_6249551"
            ],
            [
                "Inline Skates",
                "/browse/sports-outdoors/inline-skates/4125_1224931_7628560_8241867_8914833"
            ]
        ]
    },
    {
        "title": "Automatic Deck Card Shuffler for Poker, Blackjack by Trademark Innovations",
        "url": "https://www.walmart.com/ip/Automatic-Deck-Card-Shuffler-for-Poker-Blackjack-by-Trademark-Innovations/870095216",
        "price": "$13.35",
        "stars": "2.1",
        "ratings": "8 ",
        "img": "",
        "tags": [
            [
                "Card Games",
                "/browse/toys/card-games/4171_4191_163842"
            ],
            [
                "Classic Games",
                "/browse/toys/classic-games/4171_4191_2084995"
            ],
            [
                "Family Games",
                "/browse/toys/family-games/4171_4191_2335373_2204878"
            ],
            [
                "All Board Games",
                "/browse/toys/all-board-games/4171_4191_133123_4497274"
            ],
            [
                "Toys for Kids 2 to 4 Years",
                "/browse/toys/toys-for-kids-2-to-4-years/4171_3318550_7016108_4703344"
            ],
            [
                "Fashion Dolls",
                "/browse/toys/fashion-dolls/4171_4187_8051423_7344622"
            ],
            [
                "Toys for Kids 5 to 7 Years",
                "/browse/toys/toys-for-kids-5-to-7-years/4171_3318550_617941_8920388"
            ]
        ]
    },
    {
        "title": "Playcraft Black Canyon 7' Pool Table with Dining Top",
        "url": "https://www.walmart.com/ip/Playcraft-Black-Canyon-7-Pool-Table-with-Dining-Top/224651404",
        "price": "$1495.00",
        "stars": 0,
        "ratings": 0,
        "img": "i5.walmartimages.com/asr/4b62ef0d-5313-4219-a45f-02433d315bb8_1.b3f49ee95b119747ea8f1ea82e2f5541.jpeg?odnWidth=612&odnHeight=612&odnBg=ffffff",
        "tags": [
            [
                "Multi Game Tables",
                "/browse/sports-outdoors/multi-game-tables/4125_1224931_4158_1029579"
            ],
            [
                "Table Tennis Tables",
                "/browse/sports-outdoors/table-tennis-tables/4125_1224931_4158_5896074_3255758"
            ],
            [
                "Vegas Golden Knights",
                "/browse/sports-outdoors/vegas-golden-knights/4125_1063984_1064348_5580952_3617111"
            ],
            [
                "Pool Table Felt",
                "/browse/sports-outdoors/pool-table-felt/4125_1224931_4158_3447807_3977386_5169178"
            ],
            [
                "All Table Tennis",
                "/browse/sports-outdoors/all-table-tennis/4125_1224931_4158_5896074_5229"
            ],
            [
                "All Billiards",
                "/browse/sports-outdoors/all-billiards/4125_1224931_4158_3447807_78353"
            ],
            [
                "Air Hockey",
                "/browse/sports-outdoors/air-hockey/4125_1224931_4158_78356"
            ],
            [
                "Foosball Tables",
                "/browse/sports-outdoors/foosball-tables/4125_1224931_4158_9596320_78357"
            ]
        ]
    },
    {
        "title": "Epic Skates Limited Edition Love Skate Bag",
        "url": "https://www.walmart.com/ip/Epic-Skates-Limited-Edition-Love-Skate-Bag/55335090",
        "price": "$24.46",
        "stars": "4.5",
        "ratings": "2 ",
        "img": "i5.walmartimages.com/asr/7055dd1e-72f7-418e-953b-9814d77a2560_1.927ccaff1c813dcc4249cda0e5f9a315.jpeg?odnWidth=612&odnHeight=612&odnBg=ffffff",
        "tags": [
            [
                "Sports & Duffel Bags",
                "/browse/sports-outdoors/sports-duffel-bags/4125_4161_1043958"
            ],
            [
                "Hockey Accessories",
                "/browse/sports-outdoors/hockey-accessories/4125_4161_1075750_1075753"
            ],
            [
                "Golf Balls",
                "/browse/sports-outdoors/golf-balls/4125_4161_4152_5208"
            ],
            [
                "Bike Pads",
                "/browse/sports-outdoors/bike-pads/4125_1081404_7258752_5248669"
            ],
            [
                "Skate Wheels",
                "/browse/sports-outdoors/skate-wheels/4125_1224931_7628560_8241867_5339242"
            ],
            [
                "Skateboard Parts",
                "/browse/sports-outdoors/skateboard-parts/4125_1224931_7628560_3297420_5930613"
            ],
            [
                "Bike Helmets",
                "/browse/sports-outdoors/bike-helmets/4125_1081404_7258752_6249551"
            ],
            [
                "Inline Skates",
                "/browse/sports-outdoors/inline-skates/4125_1224931_7628560_8241867_8914833"
            ]
        ]
    },
    {
        "title": "Children Kids Trampoline Safe Portable Toddler Trampoline WSY",
        "url": "https://www.walmart.com/ip/Children-Kids-Trampoline-Safe-Portable-Toddler-Trampoline-WSY/20847369",
        "price": "$71.38",
        "stars": "4.1",
        "ratings": "30 ",
        "img": "i5.walmartimages.com/asr/aa96685b-009c-41a0-9877-ed21e757c1d1_1.2764b00a41de50e6c0e26213917e5d5d.jpeg?odnWidth=612&odnHeight=612&odnBg=ffffff",
        "tags": [
            [
                "Indoor Kids Trampolines",
                "/browse/sports-outdoors/indoor-kids-trampolines/4125_1224931_5230_1971984"
            ],
            [
                "Skywalker Trampolines",
                "/browse/sports-outdoors/skywalker-trampolines/4125_1224931_5230_3070542"
            ],
            [
                "Rebounders",
                "/browse/sports-outdoors/rebounders/4125_1224931_5230_4343515"
            ],
            [
                "Indoor Trampolines",
                "/browse/sports-outdoors/indoor-trampolines/4125_1224931_5230_5214161"
            ],
            [
                "Trampolines for Kids",
                "/browse/sports-outdoors/trampolines-for-kids/4125_1224931_5230_6924106"
            ],
            [
                "Baby Trampolines",
                "/browse/sports-outdoors/baby-trampolines/4125_1224931_5230_7254399"
            ],
            [
                "Toddler Trampolines",
                "/browse/sports-outdoors/toddler-trampolines/4125_1224931_5230_7967398"
            ],
            [
                "Little Tikes Trampolines",
                "/browse/sports-outdoors/little-tikes-trampolines/4125_1224931_5230_8611795"
            ]
        ]
    },
    {
        "title": "Driveway Games All Weather Corntoss Bean Bags, Orange",
        "url": "https://www.walmart.com/ip/Driveway-Games-All-Weather-Corntoss-Bean-Bags-Orange/16676676",
        "price": "$25.00",
        "stars": "4.7",
        "ratings": "3 ",
        "img": "i5.walmartimages.com/asr/5b54ddf1-54f6-4969-9ffd-a1f5545f37d9_1.05e2ed403abfefb297a628f80412b5af.jpeg?odnWidth=612&odnHeight=612&odnBg=ffffff",
        "tags": [
            [
                "Family Games",
                "/browse/toys/family-games/4171_4191_2335373_2204878"
            ],
            [
                "Toys for Kids 2 to 4 Years",
                "/browse/toys/toys-for-kids-2-to-4-years/4171_3318550_7016108_4703344"
            ],
            [
                "Toys for 4 year olds",
                "/browse/toys/toys-for-4-year-olds/4171_3318550_7016108_6734866"
            ],
            [
                "Toys for 2 year olds",
                "/browse/toys/toys-for-2-year-olds/4171_3318550_7016108_7131451"
            ],
            [
                "Toys for Kids 5 to 7 Years",
                "/browse/toys/toys-for-kids-5-to-7-years/4171_3318550_617941_8920388"
            ],
            [
                "Toys for 3 year olds",
                "/browse/toys/toys-for-3-year-olds/4171_3318550_7016108_9012469"
            ],
            [
                "Toys for Babies 12 to 24 months",
                "/browse/toys/toys-for-babies-12-to-24-months/4171_3318550_8469931_9192531"
            ]
        ]
    },
    {
        "title": "Stiga 2-Star Performance-Quality White Table Tennis Balls (144 pack)",
        "url": "https://www.walmart.com/ip/Stiga-2-Star-Performance-Quality-White-Table-Tennis-Balls-144-pack/15032567",
        "price": "$31.36",
        "stars": "1.0",
        "ratings": "1 ",
        "img": "",
        "tags": [
            [
                "Multi Game Tables",
                "/browse/sports-outdoors/multi-game-tables/4125_1224931_4158_1029579"
            ],
            [
                "All Lawn Games",
                "/browse/sports-outdoors/all-lawn-games/4125_1224931_7643019_1075784"
            ],
            [
                "Table Tennis Tables",
                "/browse/sports-outdoors/table-tennis-tables/4125_1224931_4158_5896074_3255758"
            ],
            [
                "Table Tennis Paddles",
                "/browse/sports-outdoors/table-tennis-paddles/4125_1224931_4158_5896074_3717208"
            ],
            [
                "Maintenance & Care",
                "/browse/sports-outdoors/maintenance-care/4125_1224931_4158_5896074_4221725"
            ],
            [
                "Ping Pong Balls",
                "/browse/sports-outdoors/ping-pong-balls/4125_1224931_4158_5896074_4470181"
            ],
            [
                "All Billiards",
                "/browse/sports-outdoors/all-billiards/4125_1224931_4158_3447807_78353"
            ],
            [
                "Tennis Nets",
                "/browse/sports-outdoors/tennis-nets/4125_4161_538538_8102513"
            ]
        ]
    },
    {
        "title": "Franklin Sports 40mm 1 Star Table Glow In The Dark Tennis Balls - 6 Pack",
        "url": "https://www.walmart.com/ip/Franklin-Sports-40mm-1-Star-Table-Glow-In-The-Dark-Tennis-Balls-6-Pack/988979299",
        "price": "$7.99",
        "stars": "3.3",
        "ratings": "3 ",
        "img": "i5.walmartimages.com/asr/b429073e-0307-4253-9422-f78dcddeb215_1.24fab4f4f7f27ac79ec6376c8b41e867.jpeg?odnWidth=612&odnHeight=612&odnBg=ffffff",
        "tags": [
            [
                "Multi Game Tables",
                "/browse/sports-outdoors/multi-game-tables/4125_1224931_4158_1029579"
            ],
            [
                "All Lawn Games",
                "/browse/sports-outdoors/all-lawn-games/4125_1224931_7643019_1075784"
            ],
            [
                "Table Tennis Tables",
                "/browse/sports-outdoors/table-tennis-tables/4125_1224931_4158_5896074_3255758"
            ],
            [
                "Table Tennis Paddles",
                "/browse/sports-outdoors/table-tennis-paddles/4125_1224931_4158_5896074_3717208"
            ],
            [
                "Maintenance & Care",
                "/browse/sports-outdoors/maintenance-care/4125_1224931_4158_5896074_4221725"
            ],
            [
                "Ping Pong Balls",
                "/browse/sports-outdoors/ping-pong-balls/4125_1224931_4158_5896074_4470181"
            ],
            [
                "Beer Pong",
                "/browse/sports-outdoors/beer-pong/4125_1224931_7643019_2157795_7423154"
            ],
            [
                "All Billiards",
                "/browse/sports-outdoors/all-billiards/4125_1224931_4158_3447807_78353"
            ]
        ]
    },
    {
        "title": "Holiday Time 12PCS/Set Fun Game Intelligence Educational Toys Stacking Plastic Hoopla Ring Toss Cast Throw Circle Set Toy",
        "url": "https://www.walmart.com/ip/Holiday-Time-12PCS-Set-Fun-Game-Intelligence-Educational-Toys-Stacking-Plastic-Hoopla-Ring-Toss-Cast-Throw-Circle-Set-Toy/541209434",
        "price": "$10.19",
        "stars": 0,
        "ratings": 0,
        "img": "i5.walmartimages.com/asr/ab668d7c-b876-4bd8-b9d2-06abb6ac78a2_1.ffa2424456a985bae4f9bb8274a3e434.jpeg?odnWidth=612&odnHeight=612&odnBg=ffffff",
        "tags": [
            [
                "Track & Field Equipment",
                "/browse/sports-outdoors/track-field-equipment/4125_4161_1043928"
            ],
            [
                "Basketball Training",
                "/browse/sports-outdoors/basketball-training/4125_4161_4165_1075708"
            ],
            [
                "All Lawn Games",
                "/browse/sports-outdoors/all-lawn-games/4125_1224931_7643019_1075784"
            ],
            [
                "Basketball Accessories",
                "/browse/sports-outdoors/basketball-accessories/4125_4161_4165_164226"
            ],
            [
                "Tailgate Games",
                "/browse/sports-outdoors/tailgate-games/4125_1224931_7643019_3868814"
            ],
            [
                "Cornhole",
                "/browse/sports-outdoors/cornhole/4125_1224931_7643019_2157795_4279235"
            ],
            [
                "Horseshoes",
                "/browse/sports-outdoors/horseshoes/4125_1224931_7643019_2157795_8389343"
            ],
            [
                "Cornhole Bags",
                "/browse/sports-outdoors/cornhole-bags/4125_1224931_7643019_2157795_8442118"
            ]
        ]
    },
    {
        "title": "Lenexa Sherbet Adjustable Inline Skates Kids Rollerblades Girls - Roller Blades for Youth, Kid, Girl, Boys - Comfortable fit - Safety Non-Slip Wheels (Blue/Pink)?",
        "url": "https://www.walmart.com/ip/Lenexa-Sherbet-Adjustable-Inline-Skates-Kids-Rollerblades-Girls-Roller-Blades-Youth-Kid-Girl-Boys-Comfortable-fit-Safety-Non-Slip-Wheels-Blue-Pink/695960847",
        "price": "$39.00",
        "stars": "5.0",
        "ratings": "9 ",
        "img": "i5.walmartimages.com/asr/a8bcd478-9674-44e7-bce3-fdeb680425c8_1.54981b7d833a39fbdd2b886b9ad15bd3.jpeg?odnWidth=612&odnHeight=612&odnBg=ffffff",
        "tags": [
            [
                "Hockey Accessories",
                "/browse/sports-outdoors/hockey-accessories/4125_4161_1075750_1075753"
            ],
            [
                "Bike Pads",
                "/browse/sports-outdoors/bike-pads/4125_1081404_7258752_5248669"
            ],
            [
                "Skate Wheels",
                "/browse/sports-outdoors/skate-wheels/4125_1224931_7628560_8241867_5339242"
            ],
            [
                "Skateboard Parts",
                "/browse/sports-outdoors/skateboard-parts/4125_1224931_7628560_3297420_5930613"
            ],
            [
                "Bike Helmets",
                "/browse/sports-outdoors/bike-helmets/4125_1081404_7258752_6249551"
            ],
            [
                "Roller Skates",
                "/browse/sports-outdoors/roller-skates/4125_1224931_7628560_8241867_7343776"
            ],
            [
                "Hockey Pads",
                "/browse/sports-outdoors/hockey-pads/4125_4161_1075750_9016454"
            ],
            [
                "Skateboard Helmets",
                "/browse/sports-outdoors/skateboard-helmets/4125_1224931_7628560_3297420_9909579"
            ]
        ]
    }
]