[
    {
        "title": "Green Bay Packers NFL Pro Line True Colors Long Sleeve T-Shirt - Ash",
        "url": "https://www.walmart.com/ip/Green-Bay-Packers-NFL-Pro-Line-True-Colors-Long-Sleeve-T-Shirt-Ash/765547161",
        "price": "$29.99",
        "stars": 0,
        "ratings": 0,
        "img": "i5.walmartimages.com/asr/c2d428ff-316c-4355-b472-2148aba43dc3.6257e036adde1a1981f67e977afb1ec5.jpeg?odnWidth=612&odnHeight=612&odnBg=ffffff",
        "tags": [
            [
                "Oklahoma Sooners",
                "/browse/sports-outdoors/oklahoma-sooners/4125_1063984_1064346_1890815"
            ],
            [
                "Pittsburgh Panthers Mens",
                "/browse/sports-outdoors/pittsburgh-panthers-mens/4125_1063984_1064346_6311798_2173408"
            ],
            [
                "Oklahoma Sooners T-Shirts",
                "/browse/sports-outdoors/oklahoma-sooners-t-shirts/4125_1063984_1064346_5105457_2545089"
            ],
            [
                "Oklahoma Sooners Mens",
                "/browse/sports-outdoors/oklahoma-sooners-mens/4125_1063984_1064346_5105457_3755622"
            ],
            [
                "Pittsburgh Panthers T-Shirts",
                "/browse/sports-outdoors/pittsburgh-panthers-t-shirts/4125_1063984_1064346_6311798_3954940"
            ],
            [
                "Pittsburgh Panthers",
                "/browse/sports-outdoors/pittsburgh-panthers/4125_1063984_1064346_4193201"
            ],
            [
                "Green Bay Packers T-Shirts",
                "/browse/sports-outdoors/green-bay-packers-t-shirts/4125_1063984_1423455_8965382_7869491"
            ],
            [
                "Green Bay Packers Team Shop",
                "/browse/sports-outdoors/green-bay-packers-team-shop/4125_1063984_1423455_8965382_8138546"
            ]
        ]
    },
    {
        "title": "Girls Infant Aqua/Orange/White Miami Dolphins Three-Piece Bodysuit Set",
        "url": "https://www.walmart.com/ip/Girls-Infant-Aqua-Orange-White-Miami-Dolphins-Three-Piece-Bodysuit-Set/743873885",
        "price": "$19.97",
        "stars": "5.0",
        "ratings": "1 ",
        "img": "i5.walmartimages.com/asr/9dfc97be-3164-4912-8a25-ee900e02e656.444d0c969e610336f9601f8853f57464.jpeg?odnWidth=612&odnHeight=612&odnBg=ffffff",
        "tags": [
            [
                "Detroit Lions Kids",
                "/browse/sports-outdoors/detroit-lions-kids/4125_1063984_1423455_9509955_2418021"
            ],
            [
                "New Orleans Saints Kids",
                "/browse/sports-outdoors/new-orleans-saints-kids/4125_1063984_1423455_2977481_2543786"
            ],
            [
                "Denver Broncos Kids",
                "/browse/sports-outdoors/denver-broncos-kids/4125_1063984_1423455_1434776_2866336"
            ],
            [
                "Denver Broncos Team Shop",
                "/browse/sports-outdoors/denver-broncos-team-shop/4125_1063984_1423455_1434776_2972935"
            ],
            [
                "Miami Dolphins Team Shop",
                "/browse/sports-outdoors/miami-dolphins-team-shop/4125_1063984_1423455_4808029_3177427"
            ],
            [
                "Miami Dolphins T-Shirts",
                "/browse/sports-outdoors/miami-dolphins-t-shirts/4125_1063984_1423455_4808029_3944278"
            ],
            [
                "New Orleans Saints Team Shop",
                "/browse/sports-outdoors/new-orleans-saints-team-shop/4125_1063984_1423455_2977481_5545689"
            ],
            [
                "Dallas Cowboys Kids",
                "/browse/sports-outdoors/dallas-cowboys-kids/4125_1063984_1423455_5722514_9267859"
            ]
        ]
    },
    {
        "title": "Scooby-Doo and WWE: Curse of the Speed Demon (DVD)",
        "url": "https://www.walmart.com/ip/Scooby-Doo-and-WWE-Curse-of-the-Speed-Demon-DVD/52055577",
        "price": "$11.00",
        "stars": "5.0",
        "ratings": "2 ",
        "img": "",
        "tags": [
            [
                "Anime Action",
                "/browse/movies-tv-shows/anime-action/4096_530719_1010219_1010220"
            ],
            [
                "Anime for Children",
                "/browse/movies-tv-shows/anime-for-children/4096_530719_1010219_1010226"
            ],
            [
                "All Animation & Cartoons",
                "/browse/movies-tv-shows/all-animation-cartoons/4096_530719_1010219_1010227"
            ],
            [
                "WWE Movies & TV Shows",
                "/browse/movies-tv-shows/wwe-movies-tv-shows/4096_530719_1046279_2769711"
            ],
            [
                "Scooby Doo Movies",
                "/browse/movies-tv-shows/scooby-doo-movies/4096_530719_1057424_3812254"
            ],
            [
                "Animated Drama Movies",
                "/browse/movies-tv-shows/animated-drama-movies/4096_530598_530699_531380"
            ],
            [
                "Family Cartoon Movies",
                "/browse/movies-tv-shows/family-cartoon-movies/4096_530598_530701_531385"
            ],
            [
                "Wrestling & WWE TV Shows",
                "/browse/movies-tv-shows/wrestling-wwe-tv-shows/4096_530719_530717_531625"
            ]
        ]
    },
    {
        "title": "Women's White Tennessee Volunteers Faux Stitch V-Neck T-Shirt",
        "url": "https://www.walmart.com/ip/Women-s-White-Tennessee-Volunteers-Faux-Stitch-V-Neck-T-Shirt/157940655",
        "price": "$7.99",
        "stars": 0,
        "ratings": 0,
        "img": "i5.walmartimages.com/asr/03285251-55b8-422b-a99a-401392fec9a2.816990c7806867eaaf6a915fca7a43d9.jpeg?odnWidth=612&odnHeight=612&odnBg=ffffff",
        "tags": [
            [
                "Tennessee Volunteers T-Shirts",
                "/browse/sports-outdoors/tennessee-volunteers-t-shirts/4125_1063984_1064346_5590502_5226487"
            ],
            [
                "Tennessee Volunteers Sweatshirts",
                "/browse/sports-outdoors/tennessee-volunteers-sweatshirts/4125_1063984_1064346_5590502_5694734"
            ],
            [
                "Tennessee Volunteers Mens",
                "/browse/sports-outdoors/tennessee-volunteers-mens/4125_1063984_1064346_5590502_6182104"
            ],
            [
                "Tennessee Volunteers Kids",
                "/browse/sports-outdoors/tennessee-volunteers-kids/4125_1063984_1064346_5590502_6973810"
            ],
            [
                "Tennessee Volunteers Pajamas, Sweatpants & Loungewear",
                "/browse/sports-outdoors/tennessee-volunteers-pajamas-sweatpants-loungewear/4125_1063984_1064346_5590502_7592991"
            ],
            [
                "Clemson Tigers T-Shirts",
                "/browse/sports-outdoors/clemson-tigers-t-shirts/4125_1063984_1064346_6267117_9342617"
            ],
            [
                "Alabama Crimson Tide Womens",
                "/browse/sports-outdoors/alabama-crimson-tide-womens/4125_1063984_1064346_4840714_9346275"
            ],
            [
                "Tennessee Volunteers",
                "/browse/sports-outdoors/tennessee-volunteers/4125_1063984_1064346_9680086"
            ]
        ]
    },
    {
        "title": "Forearm Forklift L74995D Orange Forearm Forklift Lifting & Moving Straps",
        "url": "https://www.walmart.com/ip/Forearm-Forklift-L74995D-Orange-Forearm-Forklift-Lifting-Moving-Straps/21623018",
        "price": "$20.89",
        "stars": "4.5",
        "ratings": "34 ",
        "img": "i5.walmartimages.com/asr/5edca520-857a-4b10-b9f9-5fdc4b285661_1.72bc53af564a902692fa704a938ce30e.jpeg?odnWidth=612&odnHeight=612&odnBg=ffffff",
        "tags": [
            [
                "All Ladders",
                "/browse/home-improvement/all-ladders/1072864_1172176_1231030_1067758"
            ],
            [
                "Utility Carts",
                "/browse/home-improvement/utility-carts/1072864_1067618_1224731"
            ],
            [
                "Dollies",
                "/browse/home-improvement/dollies/1072864_1031899_1067610_6686598_4050976"
            ],
            [
                "Fall Protection",
                "/browse/home-improvement/fall-protection/1072864_1031899_7124246_5500577"
            ],
            [
                "Hand Trucks",
                "/browse/home-improvement/hand-trucks/1072864_1031899_1067610_6686598_5956588"
            ],
            [
                "Platform Carts",
                "/browse/home-improvement/platform-carts/1072864_1031899_1067610_6686598_7249218"
            ],
            [
                "Pro Series",
                "/browse/home-improvement/pro-series/1072864_1031899_1574888_7885381"
            ],
            [
                "Milwaukee Tools",
                "/browse/home-improvement/milwaukee-tools/1072864_1031899_1574888_2643784_8341925"
            ]
        ]
    },
    {
        "title": "Franklin Sports NHL Mini Hockey Set",
        "url": "https://www.walmart.com/ip/Franklin-Sports-NHL-Mini-Hockey-Set/29670529",
        "price": "$26.49",
        "stars": "5.0",
        "ratings": "2 ",
        "img": "i5.walmartimages.com/asr/c23e35fa-7295-482a-899a-54d8cec6c93f_1.10f71bf9623ff9d29e42803c467cae73.jpeg?odnWidth=612&odnHeight=612&odnBg=ffffff",
        "tags": [
            [
                "Chicago Blackhawks",
                "/browse/sports-outdoors/chicago-blackhawks/4125_1063984_1064348_3287878_2035444"
            ],
            [
                "Dallas Stars",
                "/browse/sports-outdoors/dallas-stars/4125_1063984_1064348_5286734_2286547"
            ],
            [
                "Boston Bruins",
                "/browse/sports-outdoors/boston-bruins/4125_1063984_1064348_6517899_2459936"
            ],
            [
                "Hockey Sets",
                "/browse/sports-outdoors/hockey-sets/4125_4161_1075750_3153496"
            ],
            [
                "All Ice Hockey",
                "/browse/sports-outdoors/all-ice-hockey/4125_4161_1075750_542027"
            ],
            [
                "Boston Bruins Kids",
                "/browse/sports-outdoors/boston-bruins-kids/4125_1063984_1064348_6517899_7584575"
            ],
            [
                "Columbus Blue Jackets",
                "/browse/sports-outdoors/columbus-blue-jackets/4125_1063984_1064348_7604665_9186609"
            ],
            [
                "Dallas Stars Kids",
                "/browse/sports-outdoors/dallas-stars-kids/4125_1063984_1064348_5286734_9597437"
            ]
        ]
    },
    {
        "title": "Men's For Bare Feet New England Patriots Ticket Heathered Crew Socks",
        "url": "https://www.walmart.com/ip/Men-s-For-Bare-Feet-New-England-Patriots-Ticket-Heathered-Crew-Socks/397529136",
        "price": "$6.88",
        "stars": "5.0",
        "ratings": "1 ",
        "img": "i5.walmartimages.com/asr/f02b27bc-629d-478f-961d-44a0b303f4fc.201f644c7e7b99fcde75520e17cfec0a.jpeg?odnWidth=612&odnHeight=612&odnBg=ffffff",
        "tags": [
            [
                "NFL T-shirts",
                "/browse/sports-outdoors/nfl-t-shirts/4125_1063984_1423455_2788159"
            ],
            [
                "Tom Brady Jerseys & Gear",
                "/browse/sports-outdoors/tom-brady-jerseys-gear/4125_1063984_1423455_2921129"
            ],
            [
                "NFL Jerseys",
                "/browse/sports-outdoors/nfl-jerseys/4125_1063984_1423455_3894095"
            ],
            [
                "New England Patriots Hats",
                "/browse/sports-outdoors/new-england-patriots-hats/4125_1063984_1423455_3142048_5135606"
            ],
            [
                "New England Patriots Team Shop",
                "/browse/sports-outdoors/new-england-patriots-team-shop/4125_1063984_1423455_3142048_5417957"
            ],
            [
                "New England Patriots T-Shirts",
                "/browse/sports-outdoors/new-england-patriots-t-shirts/4125_1063984_1423455_3142048_6412229"
            ],
            [
                "New England Patriots Sweatshirts",
                "/browse/sports-outdoors/new-england-patriots-sweatshirts/4125_1063984_1423455_3142048_7883506"
            ],
            [
                "NFL Mens",
                "/browse/sports-outdoors/nfl-mens/4125_1063984_1423455_9725320"
            ]
        ]
    },
    {
        "title": "Men's Fanatics Branded Heathered Gray Denver Broncos Dither Arc Element T-Shirt",
        "url": "https://www.walmart.com/ip/Men-s-Fanatics-Branded-Heathered-Gray-Denver-Broncos-Dither-Arc-Element-T-Shirt/314461562",
        "price": "$14.88",
        "stars": 0,
        "ratings": 0,
        "img": "i5.walmartimages.com/asr/48eb6761-d2a1-4162-ad38-987930e36746.11f2fc15f8c9919c0daa0aa51011cf76.jpeg?odnWidth=612&odnHeight=612&odnBg=ffffff",
        "tags": []
    },
    {
        "title": "Men's Fanatics Branded Gold Los Angeles Lakers Clamp Down Long Sleeve T-Shirt",
        "url": "https://www.walmart.com/ip/Men-s-Fanatics-Branded-Gold-Los-Angeles-Lakers-Clamp-Down-Long-Sleeve-T-Shirt/106829637",
        "price": "$18.88",
        "stars": "5.0",
        "ratings": "3 ",
        "img": "i5.walmartimages.com/asr/5e6c03e8-7eee-4a67-8f0e-b233f0a08b39.2707aa8ec42006c794654cc4f2dfb4aa.jpeg?odnWidth=612&odnHeight=612&odnBg=ffffff",
        "tags": [
            [
                "NBA Kids",
                "/browse/sports-outdoors/nba-kids/4125_1063984_1064345_2109887"
            ],
            [
                "Los Angeles Lakers",
                "/browse/sports-outdoors/los-angeles-lakers/4125_1063984_1064345_3747094"
            ],
            [
                "Los Angeles Lakers Mens",
                "/browse/sports-outdoors/los-angeles-lakers-mens/4125_1063984_1064345_3785455_6385569"
            ],
            [
                "LeBron James Jerseys & Gear",
                "/browse/sports-outdoors/lebron-james-jerseys-gear/4125_1063984_1064345_7112196"
            ],
            [
                "Los Angeles Lakers Team Shop",
                "/browse/sports-outdoors/los-angeles-lakers-team-shop/4125_1063984_1064345_3785455_7266857"
            ],
            [
                "Los Angeles Lakers Kids",
                "/browse/sports-outdoors/los-angeles-lakers-kids/4125_1063984_1064345_3785455_7840982"
            ],
            [
                "NBA T-Shirts",
                "/browse/sports-outdoors/nba-t-shirts/4125_1063984_1064345_9030219"
            ],
            [
                "NBA Mens",
                "/browse/sports-outdoors/nba-mens/4125_1063984_1064345_9871511"
            ]
        ]
    },
    {
        "title": "Crock-Pot 6 Quart NFL Colts Cook & Carry Slow Cooker",
        "url": "https://www.walmart.com/ip/Crock-Pot-6-Quart-NFL-Colts-Cook-Carry-Slow-Cooker/38762854",
        "price": "$46.99",
        "stars": "4.9",
        "ratings": "7 ",
        "img": "i5.walmartimages.com/asr/ce9e7bcd-1d8f-4d9c-8f98-e3d46c1cbd7a_1.3a246b9531c9106a9be29d71aa276bf0.jpeg?odnWidth=612&odnHeight=612&odnBg=ffffff",
        "tags": [
            [
                "Clocks Fan Shop",
                "/browse/sports-outdoors/clocks-fan-shop/4125_1063984_1063994_1064005_1064006"
            ],
            [
                "Baltimore Orioles T-Shirts",
                "/browse/sports-outdoors/baltimore-orioles-t-shirts/4125_1063984_1064344_6614022_1919392"
            ],
            [
                "Shop All St. Louis Cardinals",
                "/browse/sports-outdoors/shop-all-st-louis-cardinals/4125_1063984_1064344_4162488_2660367"
            ],
            [
                "Indianapolis Colts Bath & Kitchen",
                "/browse/sports-outdoors/indianapolis-colts-bath-kitchen/4125_1063984_1423455_1466758_3018318"
            ],
            [
                "Denver Broncos Bath & Kitchen",
                "/browse/sports-outdoors/denver-broncos-bath-kitchen/4125_1063984_1423455_1434776_4581338"
            ],
            [
                "Shop All New York Yankees",
                "/browse/sports-outdoors/shop-all-new-york-yankees/4125_1063984_1064344_4910567_4813799"
            ],
            [
                "Houston Texans Bath & Kitchen",
                "/browse/sports-outdoors/houston-texans-bath-kitchen/4125_1063984_1423455_2591034_7169964"
            ],
            [
                "MLB Home",
                "/browse/sports-outdoors/mlb-home/4125_1063984_1064344_3973317_7708333"
            ]
        ]
    }
]