[
    {
        "title": "Pittsburgh Steelers NFL Pro Line by Fanatics Branded Timeless Collection Antique Stack Long Sleeve Tri-Blend Raglan",
        "url": "https://www.walmart.com/ip/Pittsburgh-Steelers-NFL-Pro-Line-by-Fanatics-Branded-Timeless-Collection-Antique-Stack-Long-Sleeve-Tri-Blend-Raglan/586954793",
        "price": "$27.99",
        "stars": 0,
        "ratings": 0,
        "img": "i5.walmartimages.com/asr/d80fafc0-1286-4f8f-b0d6-a68c9bf5e177.64f0898d05c76e6dd8ca20abc10a53d1.jpeg?odnWidth=612&odnHeight=612&odnBg=ffffff",
        "tags": [
            [
                "Pittsburgh Steelers T-Shirts",
                "/browse/sports-outdoors/pittsburgh-steelers-t-shirts/4125_1063984_1423455_5521520_2105388"
            ],
            [
                "NFL T-shirts",
                "/browse/sports-outdoors/nfl-t-shirts/4125_1063984_1423455_2788159"
            ],
            [
                "NFL Jerseys",
                "/browse/sports-outdoors/nfl-jerseys/4125_1063984_1423455_3894095"
            ],
            [
                "Pittsburgh Steelers Hats",
                "/browse/sports-outdoors/pittsburgh-steelers-hats/4125_1063984_1423455_5521520_4121397"
            ],
            [
                "New England Patriots Mens",
                "/browse/sports-outdoors/new-england-patriots-mens/4125_1063984_1423455_3142048_4603422"
            ],
            [
                "New England Patriots Hats",
                "/browse/sports-outdoors/new-england-patriots-hats/4125_1063984_1423455_3142048_5135606"
            ],
            [
                "Pittsburgh Steelers Team Shop",
                "/browse/sports-outdoors/pittsburgh-steelers-team-shop/4125_1063984_1423455_5521520_5288523"
            ],
            [
                "Cleveland Browns Mens",
                "/browse/sports-outdoors/cleveland-browns-mens/4125_1063984_1423455_9997589_7110563"
            ]
        ]
    },
    {
        "title": "MasterPieces - Dallas Cowboys Checkers Game",
        "url": "https://www.walmart.com/ip/MasterPieces-Dallas-Cowboys-Checkers-Game/42507779",
        "price": "$17.99",
        "stars": "5.0",
        "ratings": "2 ",
        "img": "i5.walmartimages.com/asr/74e94c8c-2da2-425d-a185-ebb759e808cd_2.513c096c2c2792938db4162c7c50b3ef.jpeg?odnWidth=612&odnHeight=612&odnBg=ffffff",
        "tags": [
            [
                "Toys & Games Fan Shop",
                "/browse/sports-outdoors/toys-games-fan-shop/4125_1063984_1064124"
            ],
            [
                "Dallas Cowboys Bath & Kitchen",
                "/browse/sports-outdoors/dallas-cowboys-bath-kitchen/4125_1063984_1423455_5722514_3444383"
            ],
            [
                "Sports Fan Shop Kids Apparel and Gear",
                "/browse/sports-outdoors/sports-fan-shop-kids-apparel-gear/4125_1063984_1063985_3517898"
            ],
            [
                "NFL Accessories",
                "/browse/sports-outdoors/nfl-accessories/4125_1063984_1423455_5244236"
            ],
            [
                "Dallas Cowboys Team Shop",
                "/browse/sports-outdoors/dallas-cowboys-team-shop/4125_1063984_1423455_5722514_6544512"
            ],
            [
                "Dallas Cowboys Accessories",
                "/browse/sports-outdoors/dallas-cowboys-accessories/4125_1063984_1423455_5722514_6614107"
            ],
            [
                "Dallas Cowboys Bedding & Blankets",
                "/browse/sports-outdoors/dallas-cowboys-bedding-blankets/4125_1063984_1423455_5722514_9310323"
            ],
            [
                "NFL Kids",
                "/browse/sports-outdoors/nfl-kids/4125_1063984_1423455_9669706"
            ]
        ]
    },
    {
        "title": "WWE Ring Skirt (TLC) - Ringside Exclusive WWE Wrestling Ring Accessory (Ring not included)",
        "url": "https://www.walmart.com/ip/WWE-Ring-Skirt-TLC-Ringside-Exclusive-WWE-Wrestling-Ring-Accessory-Ring-not-included/143621939",
        "price": "$8.99",
        "stars": "5.0",
        "ratings": "1 ",
        "img": "i5.walmartimages.com/asr/f3ab9519-0606-46d3-bc79-9e2e2a65cfbd_1.5d3df2cde988ee740eebe858826767b1.jpeg?odnWidth=612&odnHeight=612&odnBg=ffffff",
        "tags": [
            [
                "All Action Figure Playsets",
                "/browse/toys/all-action-figure-playsets/4171_4172_9845227_1156794"
            ],
            [
                "WWE Wrestling Ring Playsets",
                "/browse/toys/wwe-wrestling-ring-playsets/4171_7357538_7087187_2031303"
            ],
            [
                "WWE Elite Figures",
                "/browse/toys/wwe-elite-figures/4171_7357538_7087187_6551433_2752681"
            ],
            [
                "Ghostbusters Toys",
                "/browse/toys/ghostbusters-toys/4171_2065565_4138884"
            ],
            [
                "TV & Movie Playsets",
                "/browse/toys/tv-movie-playsets/4171_4172_9845227_4517984"
            ],
            [
                "WWE Role Play",
                "/browse/toys/wwe-role-play/4171_4172_4246921_4910339"
            ],
            [
                "WWE Battle Pack",
                "/browse/toys/wwe-battle-pack/4171_7357538_7087187_6551433_5670341"
            ],
            [
                "WWE Tough Talkers",
                "/browse/toys/wwe-tough-talkers/4171_7357538_7087187_6551433_5811743"
            ]
        ]
    },
    {
        "title": "Cleveland Browns Fanatics Branded Women's Scoreboard Shimmer Long Sleeve V-Neck T-Shirt - Brown",
        "url": "https://www.walmart.com/ip/Cleveland-Browns-Fanatics-Branded-Women-s-Scoreboard-Shimmer-Long-Sleeve-V-Neck-T-Shirt-Brown/952157229",
        "price": "$19.88",
        "stars": 0,
        "ratings": 0,
        "img": "i5.walmartimages.com/asr/80bdd82e-d155-402c-83c8-45145d27ca86.cb031695f4b2bd4028360498e2cf4763.jpeg?odnWidth=612&odnHeight=612&odnBg=ffffff",
        "tags": [
            [
                "Detroit Red Wings",
                "/browse/sports-outdoors/detroit-red-wings/4125_1063984_1064348_7872900_1843026"
            ],
            [
                "Cleveland Browns T-Shirts",
                "/browse/sports-outdoors/cleveland-browns-t-shirts/4125_1063984_1423455_9997589_4451779"
            ],
            [
                "Cleveland Browns Team Shop",
                "/browse/sports-outdoors/cleveland-browns-team-shop/4125_1063984_1423455_9997589_4960705"
            ],
            [
                "Detroit Red Wings Hats",
                "/browse/sports-outdoors/detroit-red-wings-hats/4125_1063984_1064348_7872900_5654739"
            ],
            [
                "NFL Womens",
                "/browse/sports-outdoors/nfl-womens/4125_1063984_1423455_6231693"
            ],
            [
                "Chicago Bears T-Shirts",
                "/browse/sports-outdoors/chicago-bears-t-shirts/4125_1063984_1423455_5548995_7337842"
            ],
            [
                "Green Bay Packers T-Shirts",
                "/browse/sports-outdoors/green-bay-packers-t-shirts/4125_1063984_1423455_8965382_7869491"
            ],
            [
                "NHL Hats",
                "/browse/sports-outdoors/nhl-hats/4125_1063984_1064348_8994619"
            ]
        ]
    },
    {
        "title": "Boston Celtics Logo Three-Way Fidget Spinner",
        "url": "https://www.walmart.com/ip/Boston-Celtics-Logo-Three-Way-Fidget-Spinner/979693340",
        "price": "$3.99",
        "stars": 0,
        "ratings": 0,
        "img": "i5.walmartimages.com/asr/3c462a54-5804-421f-865f-6b26edbf9eb2.d218ee6d96b6040b31f0d57240759f7b.jpeg?odnWidth=612&odnHeight=612&odnBg=ffffff",
        "tags": [
            [
                "Golden State Warriors Hats",
                "/browse/sports-outdoors/golden-state-warriors-hats/4125_1063984_1064345_1567219_2939972"
            ],
            [
                "Boston Celtics Kids",
                "/browse/sports-outdoors/boston-celtics-kids/4125_1063984_1064345_1455305_5917794"
            ],
            [
                "Boston Celtics Mens",
                "/browse/sports-outdoors/boston-celtics-mens/4125_1063984_1064345_1455305_8332904"
            ],
            [
                "Boston Celtics T-Shirts",
                "/browse/sports-outdoors/boston-celtics-t-shirts/4125_1063984_1064345_1455305_9028125"
            ],
            [
                "Boston Celtics Home",
                "/browse/sports-outdoors/boston-celtics-home/4125_1063984_1064345_1455305_9428252"
            ],
            [
                "NBA Hats",
                "/browse/sports-outdoors/nba-hats/4125_1063984_1064345_9501007"
            ],
            [
                "Boston Celtics",
                "/browse/sports-outdoors/boston-celtics/4125_1063984_1064345_9805580"
            ],
            [
                "NBA Mens",
                "/browse/sports-outdoors/nba-mens/4125_1063984_1064345_9871511"
            ]
        ]
    },
    {
        "title": "Green Bay Packers Fanatics Branded Adult Cloth Face Covering",
        "url": "https://www.walmart.com/ip/Green-Bay-Packers-Fanatics-Branded-Adult-Cloth-Face-Covering/465115733",
        "price": "$11.99",
        "stars": "3.5",
        "ratings": "4 ",
        "img": "i5.walmartimages.com/asr/817d5d09-fad6-42d3-8e6a-c7bb903876e7.5ac4ec964669810a8278ac7b8cb93ab3.jpeg?odnWidth=612&odnHeight=612&odnBg=ffffff",
        "tags": [
            [
                "Shop All Milwaukee Brewers",
                "/browse/sports-outdoors/shop-all-milwaukee-brewers/4125_1063984_1064344_5007998_1838854"
            ],
            [
                "Denver Broncos Team Shop",
                "/browse/sports-outdoors/denver-broncos-team-shop/4125_1063984_1423455_1434776_2972935"
            ],
            [
                "Green Bay Packers Kids",
                "/browse/sports-outdoors/green-bay-packers-kids/4125_1063984_1423455_8965382_5507858"
            ],
            [
                "Dallas Cowboys Team Shop",
                "/browse/sports-outdoors/dallas-cowboys-team-shop/4125_1063984_1423455_5722514_6544512"
            ],
            [
                "Fan Shop Americana",
                "/browse/sports-outdoors/fan-shop-americana/4125_1063984_2505429_7098318"
            ],
            [
                "IMG Tier 1 Teams",
                "/browse/sports-outdoors/img-tier-1-teams/4125_1063984_1064346_7842968_7495758"
            ],
            [
                "Green Bay Packers Team Shop",
                "/browse/sports-outdoors/green-bay-packers-team-shop/4125_1063984_1423455_8965382_8138546"
            ],
            [
                "Milwaukee Bucks Team Shop",
                "/browse/sports-outdoors/milwaukee-bucks-team-shop/4125_1063984_1064345_2333635_8557386"
            ]
        ]
    },
    {
        "title": "Men's Fanatics Branded Purple Minnesota Vikings Super Sweep Pullover Hoodie",
        "url": "https://www.walmart.com/ip/Men-s-Fanatics-Branded-Purple-Minnesota-Vikings-Super-Sweep-Pullover-Hoodie/541724757",
        "price": "$34.96",
        "stars": "4.5",
        "ratings": "2 ",
        "img": "i5.walmartimages.com/asr/4b4da537-4868-4080-ab23-d2e86d256765.1d4a0241ebc563c26e56e781c4310c67.jpeg?odnWidth=612&odnHeight=612&odnBg=ffffff",
        "tags": [
            [
                "Minnesota Vikings T-Shirts",
                "/browse/sports-outdoors/minnesota-vikings-t-shirts/4125_1063984_1423455_8008845_1891759"
            ],
            [
                "NBA Kids",
                "/browse/sports-outdoors/nba-kids/4125_1063984_1064345_2109887"
            ],
            [
                "NFL Sweatshirts",
                "/browse/sports-outdoors/nfl-sweatshirts/4125_1063984_1423455_3277168"
            ],
            [
                "Los Angeles Lakers Sweatshirts",
                "/browse/sports-outdoors/los-angeles-lakers-sweatshirts/4125_1063984_1064345_3785455_4833500"
            ],
            [
                "Minnesota Vikings Kids",
                "/browse/sports-outdoors/minnesota-vikings-kids/4125_1063984_1423455_8008845_5383448"
            ],
            [
                "Los Angeles Lakers Kids",
                "/browse/sports-outdoors/los-angeles-lakers-kids/4125_1063984_1064345_3785455_7840982"
            ],
            [
                "Minnesota Vikings Team Shop",
                "/browse/sports-outdoors/minnesota-vikings-team-shop/4125_1063984_1423455_8008845_8651276"
            ],
            [
                "Minnesota Vikings Sweatshirts",
                "/browse/sports-outdoors/minnesota-vikings-sweatshirts/4125_1063984_1423455_8008845_8710915"
            ]
        ]
    },
    {
        "title": "WWE Lana Action Figure",
        "url": "https://www.walmart.com/ip/WWE-Lana-Action-Figure/584942367",
        "price": "$9.84",
        "stars": 0,
        "ratings": 0,
        "img": "i5.walmartimages.com/asr/20937f1d-d782-486c-b36f-2934121486d8.42bbe908255d9024fc6312e77db067cb.jpeg?odnWidth=612&odnHeight=612&odnBg=ffffff",
        "tags": [
            [
                "John Cena Shop All",
                "/browse/sports-outdoors/john-cena-shop-all/4125_1063984_9917233_9609579_1493968"
            ],
            [
                "WWE Title Belts",
                "/browse/sports-outdoors/wwe-title-belts/4125_1063984_9917233_2156320"
            ],
            [
                "WWE Belts",
                "/browse/sports-outdoors/wwe-belts/4125_1063984_9917233_9572028_2420865"
            ],
            [
                "Becky Lynch Fan Shop",
                "/browse/sports-outdoors/becky-lynch-fan-shop/4125_1063984_9917233_6217357"
            ],
            [
                "AJ Styles Toys",
                "/browse/sports-outdoors/aj-styles-toys/4125_1063984_9917233_6949907_7756476"
            ],
            [
                "AJ Styles Shop All",
                "/browse/sports-outdoors/aj-styles-shop-all/4125_1063984_9917233_6949907_8958575"
            ]
        ]
    },
    {
        "title": "NFL Oakland Raiders Black Mass Basic Adjustable Cap/Hat by Fan Favorite",
        "url": "https://www.walmart.com/ip/NFL-Oakland-Raiders-Black-Mass-Basic-Adjustable-Cap-Hat-by-Fan-Favorite/325210739",
        "price": "$10.42",
        "stars": "4.5",
        "ratings": "4 ",
        "img": "i5.walmartimages.com/asr/0cb39c09-3185-4b9b-917b-67202932d87b_1.08f7c7481f9b84752550549aaeecb61c.jpeg?odnWidth=612&odnHeight=612&odnBg=ffffff",
        "tags": [
            [
                "Las Vegas Raiders Mens",
                "/browse/sports-outdoors/las-vegas-raiders-mens/4125_1063984_1423455_9617689_1982206"
            ],
            [
                "Las Vegas Raiders Hats",
                "/browse/sports-outdoors/las-vegas-raiders-hats/4125_1063984_1423455_9617689_2708845"
            ],
            [
                "NFL Accessories",
                "/browse/sports-outdoors/nfl-accessories/4125_1063984_1423455_5244236"
            ],
            [
                "NFL Hats",
                "/browse/sports-outdoors/nfl-hats/4125_1063984_1423455_6365599"
            ],
            [
                "Las Vegas Raiders Team Shop",
                "/browse/sports-outdoors/las-vegas-raiders-team-shop/4125_1063984_1423455_9617689_7803611"
            ],
            [
                "Las Vegas Raiders Kids",
                "/browse/sports-outdoors/las-vegas-raiders-kids/4125_1063984_1423455_9617689_8638453"
            ],
            [
                "Hats Fan Shop",
                "/browse/sports-outdoors/hats-fan-shop/4125_1063984_1063985_8930312"
            ],
            [
                "NFL Kids",
                "/browse/sports-outdoors/nfl-kids/4125_1063984_1423455_9669706"
            ]
        ]
    },
    {
        "title": "Men's Russell Athletic Navy Sam Houston State Bearkats Core Print T-Shirt",
        "url": "https://www.walmart.com/ip/Men-s-Russell-Athletic-Navy-Sam-Houston-State-Bearkats-Core-Print-T-Shirt/144248327",
        "price": "$9.47",
        "stars": 0,
        "ratings": 0,
        "img": "i5.walmartimages.com/asr/bfb174aa-daa3-414a-a943-dcccf1c2efa6.6abbc6ca1e52965e725fabe926b6aa0b.jpeg?odnWidth=612&odnHeight=612&odnBg=ffffff",
        "tags": []
    }
]