[
    {
        "title": "FoodSaver FM2100 Vacuum Sealing System for Food Preservation",
        "url": "https://www.walmart.com/ip/FoodSaver-FM2100-Vacuum-Sealing-System-for-Food-Preservation/47704071",
        "price": "$124.00",
        "stars": "4.4",
        "ratings": "537 ",
        "img": "i5.walmartimages.com/asr/eef9cc50-2cab-4853-9381-6ceaa297697e_1.8d66940d89d4105b8bae095122ecb533.jpeg?odnWidth=612&odnHeight=612&odnBg=ffffff",
        "tags": [
            [
                "Vacuum Bags",
                "/browse/home/vacuum-bags/4044_90548_4047_2340214"
            ],
            [
                "Lunch Boxes",
                "/browse/home/lunch-boxes/4044_623679_1032619_2617828_2778265"
            ],
            [
                "Shop All Lunch Boxes & Lunch Bags",
                "/browse/home/shop-all-lunch-boxes-lunch-bags/4044_623679_1032619_2617828_3206877"
            ],
            [
                "Vacuum Sealers",
                "/browse/home/vacuum-sealers/4044_90548_90546_133025_5936217"
            ],
            [
                "Lunch Boxes & Bags",
                "/browse/home/lunch-boxes-bags/4044_623679_1032619_8004747"
            ],
            [
                "Lunch Bags",
                "/browse/home/lunch-bags/4044_623679_1032619_2617828_8027459"
            ],
            [
                "FoodSaver Vacuum Sealers",
                "/browse/home/foodsaver-vacuum-sealers/4044_90548_90546_133025_9670192"
            ]
        ]
    },
    {
        "title": "Ozark Trail 10-Person Dark Rest Instant Cabin Tent",
        "url": "https://www.walmart.com/ip/Ozark-Trail-10-Person-Dark-Rest-Instant-Cabin-Tent/51718436",
        "price": "$199.00",
        "stars": "4.2",
        "ratings": "151 ",
        "img": "i5.walmartimages.com/asr/7b622101-a3c6-4379-9099-db55d3e282c5_1.9e33578085bb4116ece69cc5317c85cf.jpeg?odnWidth=612&odnHeight=612&odnBg=ffffff",
        "tags": [
            [
                "Instant Tents",
                "/browse/sports-outdoors/instant-tents/4125_546956_4128_887708_1851927"
            ],
            [
                "Pop Up Tents",
                "/browse/sports-outdoors/pop-up-tents/4125_546956_4128_887708_4094354"
            ],
            [
                "Family Camping Tents",
                "/browse/sports-outdoors/family-camping-tents/4125_546956_4128_887708_5044884"
            ],
            [
                "12 Person Tents",
                "/browse/sports-outdoors/12-person-tents/4125_546956_4128_887708_2294923_5082495"
            ],
            [
                "Emergency Preparedness",
                "/browse/sports-outdoors/emergency-preparedness/4125_546956_4128_605286"
            ],
            [
                "Queen Air Mattresses",
                "/browse/sports-outdoors/queen-air-mattresses/4125_546956_4128_1075006_7012552_6304094"
            ],
            [
                "Coleman Tents",
                "/browse/sports-outdoors/coleman-tents/4125_546956_4128_2487866_6320218_6855521"
            ],
            [
                "Cabin Tents",
                "/browse/sports-outdoors/cabin-tents/4125_546956_4128_887708_7623462"
            ]
        ]
    },
    {
        "title": "Ozark Trail Braided Poly Stringer, 6\u2019",
        "url": "https://www.walmart.com/ip/Ozark-Trail-Braided-Poly-Stringer-6/55536412",
        "price": "$1.48",
        "stars": "4.7",
        "ratings": "11 ",
        "img": "i5.walmartimages.com/asr/4efba035-6272-4628-9416-707eb66c6b3f_1.0028bb9cd74b799f61b7faf7fbb5a51b.jpeg?odnWidth=612&odnHeight=612&odnBg=ffffff",
        "tags": [
            [
                "Mountain West River Fishing",
                "/browse/sports-outdoors/mountain-west-river-fishing/4125_546956_111667_3928514_7900322_1546978"
            ],
            [
                "Great Lakes Lake Fishing",
                "/browse/sports-outdoors/great-lakes-lake-fishing/4125_546956_111667_3928514_7103023_2161555"
            ],
            [
                "Fishing Hooks",
                "/browse/sports-outdoors/fishing-hooks/4125_546956_111667_4887504_2689265"
            ],
            [
                "Fishing Weights",
                "/browse/sports-outdoors/fishing-weights/4125_546956_111667_4887504_4265052"
            ],
            [
                "Fishing Bobbers",
                "/browse/sports-outdoors/fishing-bobbers/4125_546956_111667_4887504_5624628"
            ],
            [
                "Fishing Line",
                "/browse/sports-outdoors/fishing-line/4125_546956_111667_4887504_6363299"
            ],
            [
                "Mountain West Lake Fishing",
                "/browse/sports-outdoors/mountain-west-lake-fishing/4125_546956_111667_3928514_7900322_9230525"
            ],
            [
                "Northeast Lake Fishing",
                "/browse/sports-outdoors/northeast-lake-fishing/4125_546956_111667_3928514_9684690_9912069"
            ]
        ]
    },
    {
        "title": "2 Duracell A23 23A, A23BP, GP23, MN21, 21/23 12V Alkaline Battery",
        "url": "https://www.walmart.com/ip/2-Duracell-A23-23A-A23BP-GP23-MN21-21-23-12V-Alkaline-Battery/733089987",
        "price": "$5.60",
        "stars": "4.8",
        "ratings": "20 ",
        "img": "i5.walmartimages.com/asr/b4b03f4e-d9f3-46d6-93f8-a258fe05835f_1.5a8310b0c7d651238e885e9996f7952c.jpeg?odnWidth=612&odnHeight=612&odnBg=ffffff",
        "tags": [
            [
                "9V Batteries",
                "/browse/household-essentials/9v-batteries/1115193_1076905_3505385"
            ],
            [
                "AA Batteries",
                "/browse/household-essentials/aa-batteries/1115193_1076905_4272101"
            ],
            [
                "Coin & Button Cell Batteries",
                "/browse/household-essentials/coin-button-cell-batteries/1115193_1076905_5422648"
            ],
            [
                "C Batteries",
                "/browse/household-essentials/c-batteries/1115193_1076905_6075641"
            ],
            [
                "D Batteries",
                "/browse/household-essentials/d-batteries/1115193_1076905_6501628"
            ],
            [
                "AAA Batteries",
                "/browse/household-essentials/aaa-batteries/1115193_1076905_6635703"
            ],
            [
                "Rayovac",
                "/browse/household-essentials/rayovac/1115193_8250903_7038378"
            ],
            [
                "Rechargeable Batteries",
                "/browse/household-essentials/rechargeable-batteries/1115193_1076905_7114176"
            ]
        ]
    },
    {
        "title": "Frogg Togg Women's All Purpose Waterproof Rain Suit - Size Small, Cherry",
        "url": "https://www.walmart.com/ip/Frogg-Togg-Women-s-All-Purpose-Waterproof-Rain-Suit-Size-Small-Cherry/46528526",
        "price": "$49.98",
        "stars": "4.1",
        "ratings": "33 ",
        "img": "i5.walmartimages.com/asr/8ca89b18-5fb7-489d-a4be-99f0f7705c80_1.41727a6f169c5b2122303c6bebb8c945.jpeg?odnWidth=612&odnHeight=612&odnBg=ffffff",
        "tags": [
            [
                "Ozark Trail",
                "/browse/shop-by-brand/ozark-trail/3734780_5678070_2180702"
            ],
            [
                "Wenzel",
                "/browse/shop-by-brand/wenzel/3734780_5678070_5230039"
            ],
            [
                "Pit Boss",
                "/browse/shop-by-brand/pit-boss/3734780_5678070_5321334"
            ],
            [
                "O\u2019Neill",
                "/browse/shop-by-brand/oneill/3734780_5678070_5628884"
            ],
            [
                "Winchester",
                "/browse/shop-by-brand/winchester/3734780_5678070_5869458"
            ],
            [
                "Mueller Sports Medicine",
                "/browse/shop-by-brand/mueller-sports-medicine/3734780_5678070_6208725"
            ],
            [
                "Boss",
                "/browse/shop-by-brand/boss/3734780_5584232_6319644"
            ],
            [
                "Coleman",
                "/browse/shop-by-brand/coleman/3734780_5678070_6531188"
            ]
        ]
    },
    {
        "title": "Coleman Mosquito Mesh Head Net with Brim, Green",
        "url": "https://www.walmart.com/ip/Coleman-Mosquito-Mesh-Head-Net-with-Brim-Green/13848609",
        "price": "$3.33",
        "stars": "4.6",
        "ratings": "79 ",
        "img": "",
        "tags": [
            [
                "All Lanterns",
                "/browse/sports-outdoors/all-lanterns/4125_546956_4128_645883_1334277_1075044"
            ],
            [
                "Camping Storage",
                "/browse/sports-outdoors/camping-storage/4125_546956_4128_1080844_2816980"
            ],
            [
                "Coleman Lanterns",
                "/browse/sports-outdoors/coleman-lanterns/4125_546956_4128_2487866_6320218_3056566"
            ],
            [
                "Mosquito Nets",
                "/browse/sports-outdoors/mosquito-nets/4125_546956_4128_1080844_3329807"
            ],
            [
                "Ozark Trail Camping Accessories",
                "/browse/sports-outdoors/ozark-trail-camping-accessories/4125_546956_4128_2487866_2559937_4438585"
            ],
            [
                "Emergency Preparedness",
                "/browse/sports-outdoors/emergency-preparedness/4125_546956_4128_605286"
            ],
            [
                "First Aid Kits",
                "/browse/sports-outdoors/first-aid-kits/4125_546956_4128_1080844_3837286_6174649"
            ],
            [
                "All Camping Accessories",
                "/browse/sports-outdoors/all-camping-accessories/4125_546956_4128_1080844_7025478"
            ]
        ]
    },
    {
        "title": "ACDelco 9V Batteries, Super Alkaline 9-Volt Battery, 12-Count",
        "url": "https://www.walmart.com/ip/ACDelco-9V-Batteries-Super-Alkaline-9-Volt-Battery-12-Count/45589748",
        "price": "$15.92",
        "stars": "4.8",
        "ratings": "51 ",
        "img": "i5.walmartimages.com/asr/be043fed-7539-42da-bd0b-7216ca5ed912_1.6e2821eb17e7500d744c509a3bb1f44c.png?odnWidth=612&odnHeight=612&odnBg=ffffff",
        "tags": [
            [
                "Stock up on Paper & Plastic",
                "/browse/seasonal/stock-up-paper-plastic/1085632_9267270_6133729_3048735"
            ],
            [
                "Back to College Stock Up",
                "/browse/seasonal/back-to-college-stock-up/1085632_9267270_4435758"
            ],
            [
                "All Household Clean Living",
                "/browse/seasonal/all-household-clean-living/1085632_8154447_2606160_6036538"
            ],
            [
                "Stock up on Cleaning Supplies",
                "/browse/seasonal/stock-up-cleaning-supplies/1085632_9267270_6133729_6220803"
            ],
            [
                "Stock up on Oral Care",
                "/browse/seasonal/stock-up-oral-care/1085632_9267270_7332448_8262175"
            ],
            [
                "Stock up on Laundry Room Supplies",
                "/browse/seasonal/stock-up-laundry-room-supplies/1085632_9267270_6133729_9058184"
            ],
            [
                "American Jobs 2020",
                "/browse/seasonal/american-jobs-2020/1085632_9129632_9595668"
            ]
        ]
    },
    {
        "title": "Intex Quick-Fill AC Electric 120V, 6.1'' x 10.4'' x 5.6'', Black, 1.75A, 210W, 0.85PSI,38.9 CFM",
        "url": "https://www.walmart.com/ip/Intex-Quick-Fill-AC-Electric-120V-6-1-x-10-4-x-5-6-Black-1-75A-210W-0-85PSI-38-9-CFM/889983517",
        "price": "$24.94",
        "stars": "4.7",
        "ratings": "70 ",
        "img": "i5.walmartimages.com/asr/d049283d-7d75-405f-af38-8995d904d6a9_1.34d37780f512a250be169066f09c241e.jpeg?odnWidth=612&odnHeight=612&odnBg=ffffff",
        "tags": [
            [
                "Energizer",
                "/browse/shop-by-brand/energizer/3734780_6237133_5047195"
            ],
            [
                "Coleman",
                "/browse/shop-by-brand/coleman/3734780_5678070_6531188"
            ],
            [
                "Intex",
                "/browse/shop-by-brand/intex/3734780_5678070_7344403"
            ],
            [
                "Achim",
                "/browse/shop-by-brand/achim/3734780_4324967_7511767"
            ],
            [
                "Airhead",
                "/browse/shop-by-brand/airhead/3734780_5678070_9826852"
            ]
        ]
    },
    {
        "title": "11110-26 Disposable Nitrile Gloves, Latex & Powder Free, Blue, One Size, 10-Ct. - Quantity 1",
        "url": "https://www.walmart.com/ip/11110-26-Disposable-Nitrile-Gloves-Latex-Powder-Free-Blue-One-Size-10-Ct-Quantity-1/28503200",
        "price": "$4.21",
        "stars": "2.0",
        "ratings": "3 ",
        "img": "i5.walmartimages.com/asr/7eb4b644-7248-44cc-bfec-6f84c6e2b730_1.d5a83e60945a570e527cdea9c910f7e5.jpeg?odnWidth=612&odnHeight=612&odnBg=ffffff",
        "tags": [
            [
                "Patient Care",
                "/browse/health/patient-care/976760_1005860_1070344"
            ],
            [
                "First Aid Only",
                "/browse/health/first-aid-only/976760_2571007_5617966_2202540"
            ],
            [
                "Flu Shop",
                "/browse/flu-shop/976760_3790146"
            ],
            [
                "Microflex",
                "/browse/health/microflex/976760_2571007_6072655"
            ],
            [
                "Latex Disposable Gloves",
                "/browse/health/latex-disposable-gloves/976760_2571007_6523208"
            ],
            [
                "Nitrile Disposable Gloves",
                "/browse/health/nitrile-disposable-gloves/976760_2571007_7702455"
            ],
            [
                "Vinyl Disposable Gloves",
                "/browse/health/vinyl-disposable-gloves/976760_2571007_8546376"
            ],
            [
                "Disposable Gloves",
                "/browse/health/disposable-gloves/976760_2571007_9602421"
            ]
        ]
    },
    {
        "title": "First Aid Only Outdoor First Aid Kit, Fabric Case, 204 Pc",
        "url": "https://www.walmart.com/ip/First-Aid-Only-Outdoor-First-Aid-Kit-Fabric-Case-204-Pc/40759983",
        "price": "$19.05",
        "stars": "4.9",
        "ratings": "60 ",
        "img": "i5.walmartimages.com/asr/6c68ef50-814a-43ef-a916-2a2764659c92_1.548e55df99bd1496b91c75c26b785a1b.jpeg?odnWidth=612&odnHeight=612&odnBg=ffffff",
        "tags": [
            [
                "FSA/HSA Eligible First Aid Kits",
                "/browse/health/fsa-hsa-eligible-first-aid-kits/976760_6120851_8482439_1746635"
            ],
            [
                "First Aid Only",
                "/browse/health/first-aid-only/976760_2571007_5617966_2202540"
            ],
            [
                "Johnson & Johnson",
                "/browse/health/johnson-johnson/976760_2571007_2265521_3450338"
            ],
            [
                "FSA/HSA Eligible Equate First Aid",
                "/browse/health/fsa-hsa-eligible-equate-first-aid/976760_6120851_4464190_3523312"
            ],
            [
                "Adventure Medical Kits",
                "/browse/health/adventure-medical-kits/976760_2571007_4390859"
            ],
            [
                "First Aid Tools & Supplies",
                "/browse/health/first-aid-tools-supplies/976760_976798_8924594_6014556"
            ],
            [
                "Be Smart Get Prepared",
                "/browse/health/be-smart-get-prepared/976760_2571007_7381191"
            ],
            [
                "Physicianscare",
                "/browse/health/physicianscare/976760_2571007_7829121_9677023"
            ]
        ]
    }
]