[
    {
        "title": "Barrington 54\" Furniture Style Foosball Soccer Table, Black/Brown",
        "url": "https://www.walmart.com/ip/Barrington-54-Furniture-Style-Foosball-Soccer-Table-Black-Brown/221626829",
        "price": "$169.32",
        "stars": "4.2",
        "ratings": "33 ",
        "img": "i5.walmartimages.com/asr/34e4d6f0-b64e-41eb-851b-d99c7309d5b8_2.9803545b1917d3efee1593961fcfed1c.jpeg?odnWidth=612&odnHeight=612&odnBg=ffffff",
        "tags": [
            [
                "Multi Game Tables",
                "/browse/sports-outdoors/multi-game-tables/4125_1224931_4158_1029579"
            ],
            [
                "Shuffleboard Tables",
                "/browse/sports-outdoors/shuffleboard-tables/4125_1224931_4158_9015002_1043950"
            ],
            [
                "Dartboards",
                "/browse/sports-outdoors/dartboards/4125_1224931_4158_1028979_1051640"
            ],
            [
                "Dartboard Cabinets",
                "/browse/sports-outdoors/dartboard-cabinets/4125_1224931_4158_1028979_2895638"
            ],
            [
                "Pool Tables",
                "/browse/sports-outdoors/pool-tables/4125_1224931_4158_3447807_5189373"
            ],
            [
                "All Table Tennis",
                "/browse/sports-outdoors/all-table-tennis/4125_1224931_4158_5896074_5229"
            ],
            [
                "Air Hockey",
                "/browse/sports-outdoors/air-hockey/4125_1224931_4158_78356"
            ]
        ]
    },
    {
        "title": "Lot of 4 - 58\" 1 Piece Pool Cue Stick Made of Hardwood Maple House - Billiard",
        "url": "https://www.walmart.com/ip/Lot-of-4-58-quot-1-Piece-Pool-Cue-Stick-Made-of-Hardwood-Maple-House-Billiard/102632075",
        "price": "$72.45",
        "stars": "4.7",
        "ratings": "10 ",
        "img": "i5.walmartimages.com/asr/20b2b870-0f13-4f80-884e-abde2447db60_1.5b6a8b84a6eaa9b747cbd30cc680d970.jpeg?odnWidth=612&odnHeight=612&odnBg=ffffff",
        "tags": [
            [
                "Shuffleboard Tables",
                "/browse/sports-outdoors/shuffleboard-tables/4125_1224931_4158_9015002_1043950"
            ],
            [
                "Cue Chalk",
                "/browse/sports-outdoors/cue-chalk/4125_1224931_4158_3447807_3649827"
            ],
            [
                "Billiard Bridges & Heads",
                "/browse/sports-outdoors/billiard-bridges-heads/4125_1224931_4158_3447807_4757760"
            ],
            [
                "Skee-Ball",
                "/browse/sports-outdoors/skee-ball/4125_1224931_4158_78398_5836907"
            ],
            [
                "Cue Racks",
                "/browse/sports-outdoors/cue-racks/4125_1224931_4158_3447807_7290937"
            ],
            [
                "Air Hockey",
                "/browse/sports-outdoors/air-hockey/4125_1224931_4158_78356"
            ],
            [
                "Foosball Tables",
                "/browse/sports-outdoors/foosball-tables/4125_1224931_4158_9596320_78357"
            ],
            [
                "Pool Cues",
                "/browse/sports-outdoors/pool-cues/4125_1224931_4158_3447807_8904818"
            ]
        ]
    },
    {
        "title": "Here To Slay",
        "url": "https://www.walmart.com/ip/Here-To-Slay/359086300",
        "price": "$20.00",
        "stars": 0,
        "ratings": 0,
        "img": "i5.walmartimages.com/asr/441d5a40-f151-48d0-a6e5-01869cd0bebe.887f1203bf96c1ab1f655055e09f0af9.jpeg?odnWidth=612&odnHeight=612&odnBg=ffffff",
        "tags": []
    },
    {
        "title": "Midway Monsters Super Jumbo Playing Cards 8.25\" x 11.75\" XL Giant Cards",
        "url": "https://www.walmart.com/ip/Midway-Monsters-Super-Jumbo-Playing-Cards-8-25-x-11-75-XL-Giant-Cards/803272664",
        "price": "$29.00",
        "stars": "4.0",
        "ratings": "1 ",
        "img": "",
        "tags": [
            [
                "Card Games",
                "/browse/toys/card-games/4171_4191_163842"
            ],
            [
                "Classic Games",
                "/browse/toys/classic-games/4171_4191_2084995"
            ],
            [
                "Family Games",
                "/browse/toys/family-games/4171_4191_2335373_2204878"
            ],
            [
                "All Board Games",
                "/browse/toys/all-board-games/4171_4191_133123_4497274"
            ],
            [
                "Toys for Kids 2 to 4 Years",
                "/browse/toys/toys-for-kids-2-to-4-years/4171_3318550_7016108_4703344"
            ],
            [
                "Party Games",
                "/browse/toys/party-games/4171_4191_5016956"
            ],
            [
                "Toys for Kids 5 to 7 Years",
                "/browse/toys/toys-for-kids-5-to-7-years/4171_3318550_617941_8920388"
            ]
        ]
    },
    {
        "title": "Barrington Chatham Bristle Dartboard and Cabinet Set, Brown",
        "url": "https://www.walmart.com/ip/Barrington-Chatham-Bristle-Dartboard-and-Cabinet-Set-Brown/783086821",
        "price": "$109.99",
        "stars": "4.6",
        "ratings": "5 ",
        "img": "i5.walmartimages.com/asr/162d1a7e-8e55-4bcb-b44e-5b1f571ac21f_2.73f2c5409b9a2236bcba7ec29edd5a5d.jpeg?odnWidth=612&odnHeight=612&odnBg=ffffff",
        "tags": [
            [
                "Shuffleboard Tables",
                "/browse/sports-outdoors/shuffleboard-tables/4125_1224931_4158_9015002_1043950"
            ],
            [
                "Dartboards",
                "/browse/sports-outdoors/dartboards/4125_1224931_4158_1028979_1051640"
            ],
            [
                "Dart Supplies",
                "/browse/sports-outdoors/dart-supplies/4125_1224931_4158_1028979_1075764"
            ],
            [
                "Darts",
                "/browse/sports-outdoors/darts/4125_1224931_4158_1028979_4224502"
            ],
            [
                "Air Hockey",
                "/browse/sports-outdoors/air-hockey/4125_1224931_4158_78356"
            ],
            [
                "Foosball Tables",
                "/browse/sports-outdoors/foosball-tables/4125_1224931_4158_9596320_78357"
            ],
            [
                "Towables Tubes",
                "/browse/sports-outdoors/towables-tubes/4125_546956_1075805_9127998"
            ]
        ]
    },
    {
        "title": "Training Ping Pong Balls, Best Bulk Pack of 144 Plastic White Table Tennis Beer Pong Balls, Perfect for Christmas Tree Ornaments, Crafting, Decorations and Much More!",
        "url": "https://www.walmart.com/ip/Training-Ping-Pong-Balls-Best-Bulk-Pack-144-Plastic-White-Table-Tennis-Beer-Perfect-Christmas-Tree-Ornaments-Crafting-Decorations-Much-More/229557761",
        "price": "$9.50",
        "stars": "3.3",
        "ratings": "3 ",
        "img": "i5.walmartimages.com/asr/23bd8cdc-d7ed-41aa-b277-cb9ca17feacf_1.9b1a08d7b36a80404094eff57c4d8432.jpeg?odnWidth=612&odnHeight=612&odnBg=ffffff",
        "tags": [
            [
                "Multi Game Tables",
                "/browse/sports-outdoors/multi-game-tables/4125_1224931_4158_1029579"
            ],
            [
                "All Lawn Games",
                "/browse/sports-outdoors/all-lawn-games/4125_1224931_7643019_1075784"
            ],
            [
                "Table Tennis Tables",
                "/browse/sports-outdoors/table-tennis-tables/4125_1224931_4158_5896074_3255758"
            ],
            [
                "Table Tennis Paddles",
                "/browse/sports-outdoors/table-tennis-paddles/4125_1224931_4158_5896074_3717208"
            ],
            [
                "Maintenance & Care",
                "/browse/sports-outdoors/maintenance-care/4125_1224931_4158_5896074_4221725"
            ],
            [
                "Ping Pong Balls",
                "/browse/sports-outdoors/ping-pong-balls/4125_1224931_4158_5896074_4470181"
            ],
            [
                "Ring & Washer Toss",
                "/browse/sports-outdoors/ring-washer-toss/4125_1224931_7643019_2157795_6811774"
            ],
            [
                "All Billiards",
                "/browse/sports-outdoors/all-billiards/4125_1224931_4158_3447807_78353"
            ]
        ]
    },
    {
        "title": "Pictionary Card Game",
        "url": "https://www.walmart.com/ip/Pictionary-Card-Game/519773403",
        "price": "$14.27",
        "stars": 0,
        "ratings": 0,
        "img": "i5.walmartimages.com/asr/e050b04a-83f8-4985-809a-30e4c92e0078.800780e6d5d0cedb0a969b85af7832f2.jpeg?odnWidth=612&odnHeight=612&odnBg=ffffff",
        "tags": [
            [
                "Shop Toys by Price",
                "/browse/shop-toys-by-price/4171_1263324"
            ],
            [
                "Classic Games",
                "/browse/toys/classic-games/4171_4191_2084995"
            ],
            [
                "Family Games",
                "/browse/toys/family-games/4171_4191_2335373_2204878"
            ],
            [
                "All Board Games",
                "/browse/toys/all-board-games/4171_4191_133123_4497274"
            ],
            [
                "Party Games",
                "/browse/toys/party-games/4171_4191_5016956"
            ],
            [
                "Toys for Kids 5 to 7 Years",
                "/browse/toys/toys-for-kids-5-to-7-years/4171_3318550_617941_8920388"
            ],
            [
                "Adult Games",
                "/browse/toys/adult-games/4171_4191_2335373_9523585"
            ]
        ]
    },
    {
        "title": "Po-Ke-No 2",
        "url": "https://www.walmart.com/ip/Po-Ke-No-2/49094575",
        "price": "$11.49",
        "stars": "4.1",
        "ratings": "19 ",
        "img": "",
        "tags": [
            [
                "Classic Games",
                "/browse/toys/classic-games/4171_4191_2084995"
            ],
            [
                "Family Games",
                "/browse/toys/family-games/4171_4191_2335373_2204878"
            ],
            [
                "All Board Games",
                "/browse/toys/all-board-games/4171_4191_133123_4497274"
            ],
            [
                "Party Games",
                "/browse/toys/party-games/4171_4191_5016956"
            ],
            [
                "Bingo Sets",
                "/browse/toys/bingo-sets/4171_4191_5819145"
            ],
            [
                "Toys for Kids 8 to 11 Years",
                "/browse/toys/toys-for-kids-8-to-11-years/4171_3318550_617942_8104028"
            ],
            [
                "Adult Games",
                "/browse/toys/adult-games/4171_4191_2335373_9523585"
            ]
        ]
    },
    {
        "title": "Replacement Rear Tail Light Compatible with Xiaomi Mijia M365 Electric Scooter Skateboard Safety Warning Replacement Parts",
        "url": "https://www.walmart.com/ip/Replacement-Rear-Tail-Light-Compatible-with-Xiaomi-Mijia-M365-Electric-Scooter-Skateboard-Safety-Warning-Replacement-Parts/332941495",
        "price": "$8.05",
        "stars": "5.0",
        "ratings": "2 ",
        "img": "i5.walmartimages.com/asr/8e39e988-51c4-4ffa-b828-d8c15aff529d_1.287ffbc4461fc467ef39f45f5f4e9e53.jpeg?odnWidth=612&odnHeight=612&odnBg=ffffff",
        "tags": [
            [
                "Boys Costumes",
                "/browse/toys/boys-costumes/4171_4173_7421020_2226104"
            ],
            [
                "Boats & Submarines",
                "/browse/toys/boats-submarines/4171_1111647_5794475"
            ],
            [
                "Pro Scooter",
                "/browse/toys/pro-scooter/4171_133073_6774653_4137853_3209634_6974292"
            ],
            [
                "Kick Scooters",
                "/browse/toys/kick-scooters/4171_133073_6774653_4137853_3209634_7316698"
            ],
            [
                "12-24 Months",
                "/browse/toys/12-24-months/4171_2724815_8419709"
            ],
            [
                "All Electric Scooter",
                "/browse/toys/all-electric-scooter/4171_133073_6774653_4137853_3209634_7994546_8741327"
            ],
            [
                "Knitting & Weaving Kits",
                "/browse/toys/knitting-weaving-kits/4171_645779_8985243"
            ],
            [
                "RC Boats",
                "/browse/toys/rc-boats/4171_1111647_3436383_8999276"
            ]
        ]
    },
    {
        "title": "2Pcs Cornhole Lights, Colors Change or Blue Light, Corn Hole LED Lights, LED Board Lights with Battery Boxes Control, Ultra Bright LED Night Light for Family Backyard Bean Bag Toss Cornhole Game",
        "url": "https://www.walmart.com/ip/2Pcs-Cornhole-Lights-Colors-Change-Blue-Light-Corn-Hole-LED-Board-Lights-Battery-Boxes-Control-Ultra-Bright-Night-Light-Family-Backyard-Bean-Bag-Toss/672107684",
        "price": "$18.97",
        "stars": 0,
        "ratings": 0,
        "img": "i5.walmartimages.com/asr/5b6c924c-c6e4-4ddd-8dd5-51bcb74b81d2.5ba53db8ddba4ec8377f1531f82e0345.jpeg?odnWidth=612&odnHeight=612&odnBg=ffffff",
        "tags": [
            [
                "All Lawn Games",
                "/browse/sports-outdoors/all-lawn-games/4125_1224931_7643019_1075784"
            ],
            [
                "Tailgating Fan Shop",
                "/browse/sports-outdoors/tailgating-fan-shop/4125_1063984_2505429_3549861"
            ],
            [
                "Tailgate Games",
                "/browse/sports-outdoors/tailgate-games/4125_1224931_7643019_3868814"
            ],
            [
                "Ring & Washer Toss",
                "/browse/sports-outdoors/ring-washer-toss/4125_1224931_7643019_2157795_6811774"
            ],
            [
                "NCAA Tailgate Games",
                "/browse/sports-outdoors/ncaa-tailgate-games/4125_1063984_1064346_6829067"
            ],
            [
                "NFL Tailgate Games",
                "/browse/sports-outdoors/nfl-tailgate-games/4125_1063984_1423455_7283319"
            ],
            [
                "Cornhole Bags",
                "/browse/sports-outdoors/cornhole-bags/4125_1224931_7643019_2157795_8442118"
            ],
            [
                "Disc Sports",
                "/browse/sports-outdoors/disc-sports/4125_1224931_7643019_2157795_8506756"
            ]
        ]
    }
]