[
    {
        "title": "WWE Mandy Rose Elite Collection Action Figure",
        "url": "https://www.walmart.com/ip/WWE-Mandy-Rose-Elite-Collection-Action-Figure/885606433",
        "price": "$15.88",
        "stars": "3.0",
        "ratings": "2 ",
        "img": "i5.walmartimages.com/asr/34d7f7be-df56-499f-9908-ddf93f83498e_1.1681c18a7b2b022f5186b69b7d7c7fa2.jpeg?odnWidth=612&odnHeight=612&odnBg=ffffff",
        "tags": [
            [
                "WWE Dolls",
                "/browse/toys/wwe-dolls/4171_7357538_7087187_2020009"
            ],
            [
                "WWE Wrestling Ring Playsets",
                "/browse/toys/wwe-wrestling-ring-playsets/4171_7357538_7087187_2031303"
            ],
            [
                "WWE Elite Figures",
                "/browse/toys/wwe-elite-figures/4171_7357538_7087187_6551433_2752681"
            ],
            [
                "Ghostbusters Toys",
                "/browse/toys/ghostbusters-toys/4171_2065565_4138884"
            ],
            [
                "TV & Movie Playsets",
                "/browse/toys/tv-movie-playsets/4171_4172_9845227_4517984"
            ],
            [
                "WWE Battle Pack",
                "/browse/toys/wwe-battle-pack/4171_7357538_7087187_6551433_5670341"
            ],
            [
                "WWE Zombies",
                "/browse/toys/wwe-zombies/4171_7357538_7087187_6551433_9381726"
            ]
        ]
    },
    {
        "title": "Five Nights at Freddy's Boys Character & Digital Game Over Graphic T-Shirt 2-Pack, Sizes 4-18",
        "url": "https://www.walmart.com/ip/Five-Nights-at-Freddy-s-Boys-Character-Digital-Game-Over-Graphic-T-Shirt-2-Pack-Sizes-4-18/681277663",
        "price": "$17.98",
        "stars": "4.7",
        "ratings": "3 ",
        "img": "i5.walmartimages.com/asr/d49771cf-f499-4052-a808-85f93d6617e2.4b00f9cda76942d3197c2b76589d875f.jpeg?odnWidth=612&odnHeight=612&odnBg=ffffff",
        "tags": []
    },
    {
        "title": "Forever Collectibles Big Logo Stripe 6-Pack Cooler, Los Angeles Rams",
        "url": "https://www.walmart.com/ip/Forever-Collectibles-Big-Logo-Stripe-6-Pack-Cooler-Los-Angeles-Rams/50183147",
        "price": "$7.99",
        "stars": "5.0",
        "ratings": "1 ",
        "img": "",
        "tags": [
            [
                "Tennis Bags",
                "/browse/sports-outdoors/tennis-bags/4125_4161_538538_1075605"
            ],
            [
                "Atlanta Falcons Outdoor",
                "/browse/sports-outdoors/atlanta-falcons-outdoor/4125_1063984_1423455_7511373_2362807"
            ],
            [
                "Los Angeles Rams Team Shop",
                "/browse/sports-outdoors/los-angeles-rams-team-shop/4125_1063984_1423455_4668039_2552251"
            ],
            [
                "Tennis Clothing",
                "/browse/sports-outdoors/tennis-clothing/4125_4161_538538_2898774"
            ],
            [
                "Los Angeles Rams Bath & Kitchen",
                "/browse/sports-outdoors/los-angeles-rams-bath-kitchen/4125_1063984_1423455_4668039_4529743"
            ],
            [
                "New York Giants Outdoor",
                "/browse/sports-outdoors/new-york-giants-outdoor/4125_1063984_1423455_8316456_6974948"
            ],
            [
                "New England Patriots Outdoor",
                "/browse/sports-outdoors/new-england-patriots-outdoor/4125_1063984_1423455_3142048_9099833"
            ],
            [
                "Los Angeles Rams Kids",
                "/browse/sports-outdoors/los-angeles-rams-kids/4125_1063984_1423455_4668039_9130321"
            ]
        ]
    },
    {
        "title": "Spalding NBA Mini 22\" Basketball - Red/Orange",
        "url": "https://www.walmart.com/ip/Spalding-NBA-Mini-22-Basketball-Red-Orange/34934989",
        "price": "$11.80",
        "stars": "4.7",
        "ratings": "17 ",
        "img": "i5.walmartimages.com/asr/cf488d61-0369-41a0-a856-49a0a9c63c8d_2.fff2e8303a0eb692665618332a9f91ca.jpeg?odnWidth=612&odnHeight=612&odnBg=ffffff",
        "tags": [
            [
                "Indoor Basketballs",
                "/browse/sports-outdoors/indoor-basketballs/4125_4161_4165_2301197"
            ],
            [
                "Youth Basketballs",
                "/browse/sports-outdoors/youth-basketballs/4125_4161_4165_3481911"
            ],
            [
                "Kids Basketballs",
                "/browse/sports-outdoors/kids-basketballs/4125_4161_4165_4999396"
            ],
            [
                "NCAA Basketballs",
                "/browse/sports-outdoors/ncaa-basketballs/4125_4161_4165_6230229"
            ],
            [
                "Outdoor Basketballs",
                "/browse/sports-outdoors/outdoor-basketballs/4125_4161_4165_6775859"
            ],
            [
                "NBA Basketballs",
                "/browse/sports-outdoors/nba-basketballs/4125_4161_4165_7443009"
            ],
            [
                "Womens Basketballs",
                "/browse/sports-outdoors/womens-basketballs/4125_4161_4165_8432455"
            ],
            [
                "Spalding Basketballs",
                "/browse/sports-outdoors/spalding-basketballs/4125_4161_4165_9286999"
            ]
        ]
    },
    {
        "title": "Women's 5th & Ocean by New Era Purple Los Angeles Lakers Basketball V-Neck T-Shirt",
        "url": "https://www.walmart.com/ip/Women-s-5th-Ocean-by-New-Era-Purple-Los-Angeles-Lakers-Basketball-V-Neck-T-Shirt/916421856",
        "price": "$19.88",
        "stars": "3.0",
        "ratings": "2 ",
        "img": "i5.walmartimages.com/asr/5d359034-6383-4f6f-b302-f69a06a204a0.31286d5b80e9302f7f59f7d6ec85d96a.jpeg?odnWidth=612&odnHeight=612&odnBg=ffffff",
        "tags": [
            [
                "NBA Hardwood Classics",
                "/browse/sports-outdoors/nba-hardwood-classics/4125_1063984_1064345_1371295"
            ],
            [
                "NBA Kids",
                "/browse/sports-outdoors/nba-kids/4125_1063984_1064345_2109887"
            ],
            [
                "Los Angeles Lakers",
                "/browse/sports-outdoors/los-angeles-lakers/4125_1063984_1064345_3747094"
            ],
            [
                "NBA Womens",
                "/browse/sports-outdoors/nba-womens/4125_1063984_1064345_4638461"
            ],
            [
                "LeBron James Jerseys & Gear",
                "/browse/sports-outdoors/lebron-james-jerseys-gear/4125_1063984_1064345_7112196"
            ],
            [
                "Los Angeles Lakers Team Shop",
                "/browse/sports-outdoors/los-angeles-lakers-team-shop/4125_1063984_1064345_3785455_7266857"
            ],
            [
                "Los Angeles Lakers Womens",
                "/browse/sports-outdoors/los-angeles-lakers-womens/4125_1063984_1064345_3785455_8821090"
            ],
            [
                "NBA T-Shirts",
                "/browse/sports-outdoors/nba-t-shirts/4125_1063984_1064345_9030219"
            ]
        ]
    },
    {
        "title": "Official Game Play Headband of Ninja",
        "url": "https://www.walmart.com/ip/Official-Game-Play-Headband-of-Ninja/530215653",
        "price": "$15.00",
        "stars": "4.4",
        "ratings": "61 ",
        "img": "i5.walmartimages.com/asr/cc31c71c-cf94-4391-beeb-032cfe1775f0_1.ed10551a63c7afd34a6af7a0f35d6ba5.png?odnWidth=612&odnHeight=612&odnBg=ffffff",
        "tags": [
            [
                "G2 Esports Fan Shop",
                "/browse/sports-outdoors/g2-esports-fan-shop/4125_1063984_2381933_1428495"
            ],
            [
                "Shop all We Are Nations items",
                "/browse/sports-outdoors/shop-all-we-are-nations-items/4125_1063984_2381933_4755366_2963061"
            ],
            [
                "New York Excelsior",
                "/browse/sports-outdoors/new-york-excelsior/4125_1063984_5711042_7322002_3032202"
            ],
            [
                "Hangzhou Spark",
                "/browse/sports-outdoors/hangzhou-spark/4125_1063984_5711042_9052953_4296755"
            ],
            [
                "Ninjas in Pyjamas Fan Shop",
                "/browse/sports-outdoors/ninjas-in-pyjamas-fan-shop/4125_1063984_2381933_5393651"
            ],
            [
                "Esports Jerseys",
                "/browse/sports-outdoors/esports-jerseys/4125_1063984_4988035_5597434"
            ],
            [
                "Los Angeles Gladiators",
                "/browse/sports-outdoors/los-angeles-gladiators/4125_1063984_5711042_2261911_7948619"
            ],
            [
                "All Overwatch League Merchandise",
                "/browse/sports-outdoors/all-overwatch-league-merchandise/4125_1063984_5711042_9270990"
            ]
        ]
    },
    {
        "title": "Fathead Kobe Bryant: Away - Life-Size Officially Licensed NBA Removable Wall Decal",
        "url": "https://www.walmart.com/ip/Fathead-Kobe-Bryant-Away-Life-Size-Officially-Licensed-NBA-Removable-Wall-Decal/743904274",
        "price": "$63.99",
        "stars": "4.3",
        "ratings": "3 ",
        "img": "i5.walmartimages.com/asr/7e071e33-715c-4c08-9ea4-dd6d69bab959_1.fac2a2bcc3a9f6fb1ededc3d2e35e9a0.jpeg?odnWidth=612&odnHeight=612&odnBg=ffffff",
        "tags": [
            [
                "Wallpaper",
                "/browse/home-improvement/wallpaper/1072864_1067617_1044050"
            ],
            [
                "Disney Frozen Wall Decals",
                "/browse/home-improvement/disney-frozen-wall-decals/1072864_1067617_8800384_2144490"
            ],
            [
                "NFL Wall Decals",
                "/browse/home-improvement/nfl-wall-decals/1072864_1067617_8800384_3634600"
            ],
            [
                "Decorative Wall Decals",
                "/browse/home-improvement/decorative-wall-decals/1072864_1067617_8800384_4536747"
            ],
            [
                "Kids and Teens Wall Decals",
                "/browse/home-improvement/kids-teens-wall-decals/1072864_1067617_8800384_5149533"
            ],
            [
                "York Wallcoverings",
                "/browse/home-improvement/york-wallcoverings/1072864_1067617_2486783_5485852"
            ],
            [
                "Peel and Stick Wallpaper",
                "/browse/home-improvement/peel-stick-wallpaper/1072864_1067617_7487322"
            ],
            [
                "Window Decals",
                "/browse/home-improvement/window-decals/1072864_1067617_8800384_8315921"
            ]
        ]
    },
    {
        "title": "Dallas Cowboys Fanatics Branded Adult Official Logo Face Covering 3-Pack",
        "url": "https://www.walmart.com/ip/Dallas-Cowboys-Fanatics-Branded-Adult-Official-Logo-Face-Covering-3-Pack/168488299",
        "price": "$15.99",
        "stars": "5.0",
        "ratings": "3 ",
        "img": "i5.walmartimages.com/asr/4dd34446-be55-4e58-a035-354c795b6f8c.3beb62286b7dc2c9fedb97847c8ea067.jpeg?odnWidth=612&odnHeight=612&odnBg=ffffff",
        "tags": [
            [
                "Dallas Cowboys Pajamas, Sweatpants & Loungewear",
                "/browse/sports-outdoors/dallas-cowboys-pajamas-sweatpants-loungewear/4125_1063984_1423455_5722514_2457557"
            ],
            [
                "NFL Accessories",
                "/browse/sports-outdoors/nfl-accessories/4125_1063984_1423455_5244236"
            ],
            [
                "Dallas Cowboys Team Shop",
                "/browse/sports-outdoors/dallas-cowboys-team-shop/4125_1063984_1423455_5722514_6544512"
            ],
            [
                "Dallas Cowboys Accessories",
                "/browse/sports-outdoors/dallas-cowboys-accessories/4125_1063984_1423455_5722514_6614107"
            ],
            [
                "Fan Shop Americana",
                "/browse/sports-outdoors/fan-shop-americana/4125_1063984_2505429_7098318"
            ],
            [
                "IMG Tier 1 Teams",
                "/browse/sports-outdoors/img-tier-1-teams/4125_1063984_1064346_7842968_7495758"
            ],
            [
                "Dallas Cowboys Kids",
                "/browse/sports-outdoors/dallas-cowboys-kids/4125_1063984_1423455_5722514_9267859"
            ],
            [
                "NFL Kids",
                "/browse/sports-outdoors/nfl-kids/4125_1063984_1423455_9669706"
            ]
        ]
    },
    {
        "title": "Otis - WWE Elite 76",
        "url": "https://www.walmart.com/ip/Otis-WWE-Elite-76/400365084",
        "price": "$34.99",
        "stars": 0,
        "ratings": 0,
        "img": "i5.walmartimages.com/asr/206bcabe-42eb-4513-950b-08bfe501f82a.623ad6a202a54a315fb296bf2c6ae962.jpeg?odnWidth=612&odnHeight=612&odnBg=ffffff",
        "tags": [
            [
                "All Action Figures",
                "/browse/toys/all-action-figures/4171_4172_133130"
            ],
            [
                "WWE Wrestling Ring Playsets",
                "/browse/toys/wwe-wrestling-ring-playsets/4171_7357538_7087187_2031303"
            ],
            [
                "WWE Elite Figures",
                "/browse/toys/wwe-elite-figures/4171_7357538_7087187_6551433_2752681"
            ],
            [
                "Ghostbusters Toys",
                "/browse/toys/ghostbusters-toys/4171_2065565_4138884"
            ],
            [
                "Only at Walmart Toys",
                "/browse/toys/only-at-walmart-toys/4171_6331649_4497497"
            ],
            [
                "TV & Movie Playsets",
                "/browse/toys/tv-movie-playsets/4171_4172_9845227_4517984"
            ],
            [
                "WWE Battle Pack",
                "/browse/toys/wwe-battle-pack/4171_7357538_7087187_6551433_5670341"
            ]
        ]
    },
    {
        "title": "San Francisco 49ers NFL Pro Line by Fanatics Branded Women's Super Bowl LIV Bound Gridiron V-Neck T-Shirt - Heather",
        "url": "https://www.walmart.com/ip/San-Francisco-49ers-NFL-Pro-Line-by-Fanatics-Branded-Women-s-Super-Bowl-LIV-Bound-Gridiron-V-Neck-T-Shirt-Heather/912788138",
        "price": "$12.99",
        "stars": 0,
        "ratings": 0,
        "img": "i5.walmartimages.com/asr/0ee6a38a-1977-43e5-89ad-ba1011f14492.8fe72dbc7f116bf0d33ecf150e2acc7d.jpeg?odnWidth=612&odnHeight=612&odnBg=ffffff",
        "tags": [
            [
                "San Francisco 49ers T-Shirts",
                "/browse/sports-outdoors/san-francisco-49ers-t-shirts/4125_1063984_1423455_5236188_2529883"
            ],
            [
                "NFL T-shirts",
                "/browse/sports-outdoors/nfl-t-shirts/4125_1063984_1423455_2788159"
            ],
            [
                "San Francisco 49ers Hats",
                "/browse/sports-outdoors/san-francisco-49ers-hats/4125_1063984_1423455_5236188_3153453"
            ],
            [
                "Jimmy Garoppolo Jerseys & Gear",
                "/browse/sports-outdoors/jimmy-garoppolo-jerseys-gear/4125_1063984_1423455_3205011"
            ],
            [
                "San Francisco 49ers Mens",
                "/browse/sports-outdoors/san-francisco-49ers-mens/4125_1063984_1423455_5236188_5882714"
            ],
            [
                "NFL Womens",
                "/browse/sports-outdoors/nfl-womens/4125_1063984_1423455_6231693"
            ],
            [
                "San Francisco 49ers Team Shop",
                "/browse/sports-outdoors/san-francisco-49ers-team-shop/4125_1063984_1423455_5236188_7582528"
            ],
            [
                "San Francisco 49ers Sweatshirts",
                "/browse/sports-outdoors/san-francisco-49ers-sweatshirts/4125_1063984_1423455_5236188_8810952"
            ]
        ]
    }
]