[
    {
        "title": "MD Sports 48 Inch 12 in 1 Combo Manual Scoring System Multi Game Room Table",
        "url": "https://www.walmart.com/ip/MD-Sports-48-Inch-12-in-1-Combo-Manual-Scoring-System-Multi-Game-Room-Table/620609301",
        "price": "$139.99",
        "stars": "4.2",
        "ratings": "6 ",
        "img": "i5.walmartimages.com/asr/e79a2690-9ddd-4a90-b6aa-8178b962f975_1.39811a409f21ae4866ae9a943e5ebd24.jpeg?odnWidth=612&odnHeight=612&odnBg=ffffff",
        "tags": [
            [
                "Shuffleboard Tables",
                "/browse/sports-outdoors/shuffleboard-tables/4125_1224931_4158_9015002_1043950"
            ],
            [
                "Dartboards",
                "/browse/sports-outdoors/dartboards/4125_1224931_4158_1028979_1051640"
            ],
            [
                "Dartboard Cabinets",
                "/browse/sports-outdoors/dartboard-cabinets/4125_1224931_4158_1028979_2895638"
            ],
            [
                "Pool Tables",
                "/browse/sports-outdoors/pool-tables/4125_1224931_4158_3447807_5189373"
            ],
            [
                "Air Hockey",
                "/browse/sports-outdoors/air-hockey/4125_1224931_4158_78356"
            ],
            [
                "Foosball Tables",
                "/browse/sports-outdoors/foosball-tables/4125_1224931_4158_9596320_78357"
            ],
            [
                "Towables Tubes",
                "/browse/sports-outdoors/towables-tubes/4125_546956_1075805_9127998"
            ]
        ]
    },
    {
        "title": "Magic 8 Ball",
        "url": "https://www.walmart.com/ip/Magic-8-Ball/138248314",
        "price": "$13.90",
        "stars": "4.5",
        "ratings": "6 ",
        "img": "",
        "tags": [
            [
                "Poker Tables",
                "/browse/sports-outdoors/poker-tables/4125_1224931_4158_6997359_3930998_1564986"
            ],
            [
                "Arcade Basketball",
                "/browse/sports-outdoors/arcade-basketball/4125_1224931_4158_78398_1755457"
            ],
            [
                "Pool Tables",
                "/browse/sports-outdoors/pool-tables/4125_1224931_4158_3447807_5189373"
            ],
            [
                "Card Tables",
                "/browse/sports-outdoors/card-tables/4125_1224931_4158_6997359_7433269_7420757"
            ],
            [
                "All Billiards",
                "/browse/sports-outdoors/all-billiards/4125_1224931_4158_3447807_78353"
            ],
            [
                "Air Hockey",
                "/browse/sports-outdoors/air-hockey/4125_1224931_4158_78356"
            ],
            [
                "Foosball Tables",
                "/browse/sports-outdoors/foosball-tables/4125_1224931_4158_9596320_78357"
            ]
        ]
    },
    {
        "title": "Pickleball-X Quikset Pickleball Starter Set - Official Net of the US Open",
        "url": "https://www.walmart.com/ip/Pickleball-X-Quikset-Pickleball-Starter-Set-Official-Net-of-the-US-Open/54901509",
        "price": "$45.89",
        "stars": "3.6",
        "ratings": "8 ",
        "img": "i5.walmartimages.com/asr/a73c7c70-03cf-4b11-b401-1fd1a1c7a59c_1.65fc99a054499070c854ca0f71b6db47.jpeg?odnWidth=612&odnHeight=612&odnBg=ffffff",
        "tags": [
            [
                "Tennis Court Equipment",
                "/browse/sports-outdoors/tennis-court-equipment/4125_4161_538538_1075606"
            ],
            [
                "Footballs",
                "/browse/sports-outdoors/footballs/4125_4161_434036_1075724"
            ],
            [
                "Pickleball Nets",
                "/browse/sports-outdoors/pickleball-nets/4125_4161_6675878_5380802"
            ],
            [
                "Badminton Nets",
                "/browse/sports-outdoors/badminton-nets/4125_1224931_7643019_1945581_6098698"
            ],
            [
                "Pickleball Sets",
                "/browse/sports-outdoors/pickleball-sets/4125_4161_6675878_6246638"
            ],
            [
                "Pickleball Paddles",
                "/browse/sports-outdoors/pickleball-paddles/4125_4161_6675878_6654288"
            ],
            [
                "Tennis Nets",
                "/browse/sports-outdoors/tennis-nets/4125_4161_538538_8102513"
            ],
            [
                "Pickleball Balls",
                "/browse/sports-outdoors/pickleball-balls/4125_4161_6675878_9925818"
            ]
        ]
    },
    {
        "title": "2 Pack LED Cornhole Lights for Cornhole Game, Cornhole Board Ring Light for Bean Bags Toss Game Set - White",
        "url": "https://www.walmart.com/ip/2-Pack-LED-Cornhole-Lights-for-Cornhole-Game-Cornhole-Board-Ring-Light-for-Bean-Bags-Toss-Game-Set-White/226564169",
        "price": "$16.95",
        "stars": "3.3",
        "ratings": "3 ",
        "img": "i5.walmartimages.com/asr/a231d4fd-d563-4994-b700-e60cc09284cd.b4799a2deb69eaa2b3354070b182f69c.jpeg?odnWidth=612&odnHeight=612&odnBg=ffffff",
        "tags": [
            [
                "Classic Games",
                "/browse/toys/classic-games/4171_4191_2084995"
            ],
            [
                "Family Games",
                "/browse/toys/family-games/4171_4191_2335373_2204878"
            ],
            [
                "All Board Games",
                "/browse/toys/all-board-games/4171_4191_133123_4497274"
            ],
            [
                "Toys for Kids 2 to 4 Years",
                "/browse/toys/toys-for-kids-2-to-4-years/4171_3318550_7016108_4703344"
            ],
            [
                "Fashion Dolls",
                "/browse/toys/fashion-dolls/4171_4187_8051423_7344622"
            ],
            [
                "All Barbie Dolls",
                "/browse/toys/all-barbie-dolls/4171_4187_1953337_8898526_7849876"
            ],
            [
                "Toys for Kids 5 to 7 Years",
                "/browse/toys/toys-for-kids-5-to-7-years/4171_3318550_617941_8920388"
            ]
        ]
    },
    {
        "title": "Cal 7 7.5\" Complete Popsicle Skateboard (Checkerboard)",
        "url": "https://www.walmart.com/ip/Cal-7-7-5-Complete-Popsicle-Skateboard-Checkerboard/333245317",
        "price": "$49.99",
        "stars": 0,
        "ratings": 0,
        "img": "i5.walmartimages.com/asr/5c97ab87-fa51-410a-a210-2a46940c1a81_1.9d90ea0b040d39396fd20214b2587ad2.jpeg?odnWidth=612&odnHeight=612&odnBg=ffffff",
        "tags": [
            [
                "Electric Bikes",
                "/browse/sports-outdoors/electric-bikes/4125_1081404_1230089_1806718"
            ],
            [
                "Mini Skateboards",
                "/browse/sports-outdoors/mini-skateboards/4125_1224931_7628560_3297420_2492031"
            ],
            [
                "Bodyboards",
                "/browse/sports-outdoors/bodyboards/4125_546956_1075805_5055442_2851938"
            ],
            [
                "Electric Skateboards",
                "/browse/sports-outdoors/electric-skateboards/4125_1224931_7628560_3297420_3071714"
            ],
            [
                "Bike Pads",
                "/browse/sports-outdoors/bike-pads/4125_1081404_7258752_5248669"
            ],
            [
                "Skateboard Parts",
                "/browse/sports-outdoors/skateboard-parts/4125_1224931_7628560_3297420_5930613"
            ],
            [
                "Longboards",
                "/browse/sports-outdoors/longboards/4125_1224931_7628560_3297420_6768101"
            ],
            [
                "Skateboard Helmets",
                "/browse/sports-outdoors/skateboard-helmets/4125_1224931_7628560_3297420_9909579"
            ]
        ]
    },
    {
        "title": "ZENSTYLE Portable Aluminum Cornhole Toss Game Set 3\u2019 x 2\u2019Size Boards with 8 Bean Bags & Carrying Case",
        "url": "https://www.walmart.com/ip/ZENSTYLE-Portable-Aluminum-Cornhole-Toss-Game-Set-3-x-2-Size-Boards-with-8-Bean-Bags-Carrying-Case/495839353",
        "price": "$61.99",
        "stars": "4.8",
        "ratings": "4 ",
        "img": "i5.walmartimages.com/asr/2b1eb003-cc80-4d44-b15f-d9aac70abbe7_1.3f158fe2662bab181119431841e7919c.jpeg?odnWidth=612&odnHeight=612&odnBg=ffffff",
        "tags": [
            [
                "Classic Games",
                "/browse/toys/classic-games/4171_4191_2084995"
            ],
            [
                "Family Games",
                "/browse/toys/family-games/4171_4191_2335373_2204878"
            ],
            [
                "Sportspower Swing Sets",
                "/browse/toys/sportspower-swing-sets/4171_14521_6449441_3361685"
            ],
            [
                "All Board Games",
                "/browse/toys/all-board-games/4171_4191_133123_4497274"
            ],
            [
                "Toys for Kids 2 to 4 Years",
                "/browse/toys/toys-for-kids-2-to-4-years/4171_3318550_7016108_4703344"
            ],
            [
                "Toys for Kids 12 Years & Up",
                "/browse/toys/toys-for-kids-12-years-up/4171_3318550_1077724_6922509"
            ],
            [
                "Toys for Kids 5 to 7 Years",
                "/browse/toys/toys-for-kids-5-to-7-years/4171_3318550_617941_8920388"
            ]
        ]
    },
    {
        "title": "Brybelly Triangle Shaped Hands-Free Playing Card Holder",
        "url": "https://www.walmart.com/ip/Brybelly-Triangle-Shaped-Hands-Free-Playing-Card-Holder/127474931",
        "price": "$9.99",
        "stars": "4.5",
        "ratings": "12 ",
        "img": "",
        "tags": [
            [
                "Shop Toys by Price",
                "/browse/shop-toys-by-price/4171_1263324"
            ],
            [
                "Classic Games",
                "/browse/toys/classic-games/4171_4191_2084995"
            ],
            [
                "Family Games",
                "/browse/toys/family-games/4171_4191_2335373_2204878"
            ],
            [
                "Frozen Games & Puzzles",
                "/browse/toys/frozen-games-puzzles/4171_7357538_6091150_3595068"
            ],
            [
                "Math Toys for Kids",
                "/browse/toys/math-toys-for-kids/4171_1229858_6906869"
            ],
            [
                "Toys for Kids 12 Years & Up",
                "/browse/toys/toys-for-kids-12-years-up/4171_3318550_1077724_6922509"
            ],
            [
                "Toys for Kids 5 to 7 Years",
                "/browse/toys/toys-for-kids-5-to-7-years/4171_3318550_617941_8920388"
            ]
        ]
    },
    {
        "title": "40\" Table Top Pool Table",
        "url": "https://www.walmart.com/ip/40-Table-Top-Pool-Table/102074167",
        "price": "$59.98",
        "stars": "4.5",
        "ratings": "2 ",
        "img": "i5.walmartimages.com/asr/ecdc0847-8add-4b25-ab34-8221a319f863_1.ebef9f655da3003b3b51312deda9d118.jpeg?odnWidth=612&odnHeight=612&odnBg=ffffff",
        "tags": [
            [
                "Multi Game Tables",
                "/browse/sports-outdoors/multi-game-tables/4125_1224931_4158_1029579"
            ],
            [
                "Pool Table Felt",
                "/browse/sports-outdoors/pool-table-felt/4125_1224931_4158_3447807_3977386_5169178"
            ],
            [
                "Pool Tables",
                "/browse/sports-outdoors/pool-tables/4125_1224931_4158_3447807_5189373"
            ],
            [
                "New Orleans Saints Team Shop",
                "/browse/sports-outdoors/new-orleans-saints-team-shop/4125_1063984_1423455_2977481_5545689"
            ],
            [
                "Buffalo Bills Team Shop",
                "/browse/sports-outdoors/buffalo-bills-team-shop/4125_1063984_1423455_3900657_7050319"
            ],
            [
                "Arizona Cardinals",
                "/browse/sports-outdoors/arizona-cardinals/4125_1063984_1423455_3197119_7553245"
            ],
            [
                "San Francisco 49ers Team Shop",
                "/browse/sports-outdoors/san-francisco-49ers-team-shop/4125_1063984_1423455_5236188_7582528"
            ],
            [
                "Detroit Lions Team Shop",
                "/browse/sports-outdoors/detroit-lions-team-shop/4125_1063984_1423455_9509955_8563232"
            ]
        ]
    },
    {
        "title": "Play Platoon Premium Weather Resistant Duckcloth Cornhole Bags - Set of 8 Bean Bags for Corn Hole Game - Regulation Size & Weight - Hunter Green & Navy Blue",
        "url": "https://www.walmart.com/ip/Play-Platoon-Premium-Weather-Resistant-Duckcloth-Cornhole-Bags-Set-8-Bean-Corn-Hole-Game-Regulation-Size-Weight-Hunter-Green-Navy-Blue/350185520",
        "price": "$19.99",
        "stars": "5.0",
        "ratings": "1 ",
        "img": "",
        "tags": [
            [
                "Classic Games",
                "/browse/toys/classic-games/4171_4191_2084995"
            ],
            [
                "Family Games",
                "/browse/toys/family-games/4171_4191_2335373_2204878"
            ],
            [
                "All Board Games",
                "/browse/toys/all-board-games/4171_4191_133123_4497274"
            ],
            [
                "Toys for Kids 2 to 4 Years",
                "/browse/toys/toys-for-kids-2-to-4-years/4171_3318550_7016108_4703344"
            ],
            [
                "Fashion Dolls",
                "/browse/toys/fashion-dolls/4171_4187_8051423_7344622"
            ],
            [
                "All Barbie Dolls",
                "/browse/toys/all-barbie-dolls/4171_4187_1953337_8898526_7849876"
            ],
            [
                "Toys for Kids 5 to 7 Years",
                "/browse/toys/toys-for-kids-5-to-7-years/4171_3318550_617941_8920388"
            ]
        ]
    },
    {
        "title": "Ktaxon 55\" Round Kids Mini Trampoline Combo, with Safety Enclosure Net Pad, for Rebound Jumping Outdoor Playground Exercise",
        "url": "https://www.walmart.com/ip/Ktaxon-55-Round-Kids-Mini-Trampoline-Combo-with-Safety-Enclosure-Net-Pad-for-Rebound-Jumping-Outdoor-Playground-Exercise/709792534",
        "price": "$96.98",
        "stars": 0,
        "ratings": 0,
        "img": "i5.walmartimages.com/asr/29bb5c6d-2766-4be2-8250-462a85c1f340.1a264323291da449c93e771151fadb81.jpeg?odnWidth=612&odnHeight=612&odnBg=ffffff",
        "tags": [
            [
                "Indoor Kids Trampolines",
                "/browse/sports-outdoors/indoor-kids-trampolines/4125_1224931_5230_1971984"
            ],
            [
                "Enclosed Trampolines",
                "/browse/sports-outdoors/enclosed-trampolines/4125_1224931_5230_3863838"
            ],
            [
                "Small Trampolines",
                "/browse/sports-outdoors/small-trampolines/4125_1224931_5230_5042519"
            ],
            [
                "Indoor Trampolines",
                "/browse/sports-outdoors/indoor-trampolines/4125_1224931_5230_5214161"
            ],
            [
                "Bounce Pro",
                "/browse/sports-outdoors/bounce-pro/4125_1224931_5230_5794608"
            ],
            [
                "Trampolines for Kids",
                "/browse/sports-outdoors/trampolines-for-kids/4125_1224931_5230_6924106"
            ],
            [
                "Baby Trampolines",
                "/browse/sports-outdoors/baby-trampolines/4125_1224931_5230_7254399"
            ],
            [
                "Toddler Trampolines",
                "/browse/sports-outdoors/toddler-trampolines/4125_1224931_5230_7967398"
            ]
        ]
    }
]