[
    {
        "title": "Schwinn Stretch to Attach Bicycle Bell, kids or adults, commuting",
        "url": "https://www.walmart.com/ip/Schwinn-Stretch-to-Attach-Bicycle-Bell-kids-or-adults-commuting/34719083",
        "price": "$4.96",
        "stars": "4.1",
        "ratings": "49 ",
        "img": "i5.walmartimages.com/asr/9712989a-98d7-4c5f-9c89-25bfa3dee888_1.6504485f77facc7fe1543e8f062730f3.jpeg?odnWidth=612&odnHeight=612&odnBg=ffffff",
        "tags": [
            [
                "Joovy",
                "/browse/shop-by-brand/joovy/3734780_8278971_1426517"
            ],
            [
                "Hot Wheels Kid's Bikes",
                "/browse/shop-by-brand/hot-wheels-kids-bikes/3734780_6107448_5386268_2960507"
            ],
            [
                "LOL Surprise Outdoors",
                "/browse/shop-by-brand/lol-surprise-outdoors/3734780_9746323_4427635"
            ],
            [
                "Unique Bargains",
                "/browse/shop-by-brand/unique-bargains/3734780_6107448_4954911"
            ],
            [
                "All LOL Surprise",
                "/browse/shop-by-brand/all-lol-surprise/3734780_9746323_6649815"
            ],
            [
                "Huffy",
                "/browse/shop-by-brand/huffy/3734780_5678070_8844619"
            ],
            [
                "Disney",
                "/browse/shop-by-brand/disney/3734780_6107448_3984717_8954927"
            ],
            [
                "Gold's Gym",
                "/browse/shop-by-brand/golds-gym/3734780_5678070_8959034"
            ]
        ]
    },
    {
        "title": "LOOCHO Mountain Bike 21 Speed 26 inch Shining SYS Double Disc Brake Suspension Fork Rear Suspension Anti-Slip Bikes",
        "url": "https://www.walmart.com/ip/LOOCHO-Mountain-Bike-21-Speed-26-inch-Shining-SYS-Double-Disc-Brake-Suspension-Fork-Rear-Suspension-Anti-Slip-Bikes/122014725",
        "price": "$237.99",
        "stars": 0,
        "ratings": 0,
        "img": "i5.walmartimages.com/asr/804f013f-ecfe-4fb1-8ad4-363681516c81_1.abcfad2fe49d216e3464fe2f3b55ef78.jpeg?odnWidth=612&odnHeight=612&odnBg=ffffff",
        "tags": [
            [
                "Huffy Mountain Bikes",
                "/browse/sports-outdoors/huffy-mountain-bikes/4125_1081404_6972181_9379318_2025008"
            ],
            [
                "Commuter Bikes",
                "/browse/sports-outdoors/commuter-bikes/4125_1081404_1230089_5706336"
            ],
            [
                "Schwinn Hybrid Bikes",
                "/browse/sports-outdoors/schwinn-hybrid-bikes/4125_1081404_6972181_1594501_5940735"
            ],
            [
                "Women's Mountain Bikes",
                "/browse/sports-outdoors/womens-mountain-bikes/4125_1081404_1230089_6607194"
            ],
            [
                "Electric Mountain Bikes",
                "/browse/sports-outdoors/electric-mountain-bikes/4125_1081404_1230089_8561687_7151462"
            ],
            [
                "Cruiser Bikes",
                "/browse/sports-outdoors/cruiser-bikes/4125_1081404_1230089_7309944"
            ],
            [
                "Mongoose Mountain Bikes",
                "/browse/sports-outdoors/mongoose-mountain-bikes/4125_1081404_6972181_4193522_7633370"
            ],
            [
                "Hybrid Bikes",
                "/browse/sports-outdoors/hybrid-bikes/4125_1081404_1230089_7943216"
            ]
        ]
    },
    {
        "title": "Zefal Deluxe Aluminum Bike Light Set (Multiple Modes, Adjustable)",
        "url": "https://www.walmart.com/ip/Zefal-Deluxe-Aluminum-Bike-Light-Set-Multiple-Modes-Adjustable/457559743",
        "price": "$24.97",
        "stars": "4.2",
        "ratings": "20 ",
        "img": "i5.walmartimages.com/asr/2d336cff-96a3-4b94-8c50-faa16a817744_1.2e0f27ac7b8fd36ccc9cd0a7c2bd0283.jpeg?odnWidth=612&odnHeight=612&odnBg=ffffff",
        "tags": [
            [
                "Bike Water Bottle Cages",
                "/browse/sports-outdoors/bike-water-bottle-cages/4125_1081404_5848968_1790042"
            ],
            [
                "Hiking Hydration Backpacks",
                "/browse/sports-outdoors/hiking-hydration-backpacks/4125_546956_4128_1319797_4911230"
            ],
            [
                "Bike Covers",
                "/browse/sports-outdoors/bike-covers/4125_1081404_5848968_4998116_5085312"
            ],
            [
                "Bike Helmets",
                "/browse/sports-outdoors/bike-helmets/4125_1081404_7258752_6249551"
            ],
            [
                "Bike Bags & Carriers",
                "/browse/sports-outdoors/bike-bags-carriers/4125_1081404_5848968_6312816"
            ],
            [
                "Bike Locks",
                "/browse/sports-outdoors/bike-locks/4125_1081404_5848968_6474494"
            ],
            [
                "Bike Water Bottles",
                "/browse/sports-outdoors/bike-water-bottles/4125_1081404_5848968_7113847"
            ],
            [
                "Bike Pumps",
                "/browse/sports-outdoors/bike-pumps/4125_1081404_5848968_9835385"
            ]
        ]
    },
    {
        "title": "Vega Protein Snack Bar Chocolate Peanut Butter - Gluten Free - Chocolate Peanut Butter / 12 ea",
        "url": "https://www.walmart.com/ip/Vega-Protein-Snack-Bar-Chocolate-Peanut-Butter-Gluten-Free-Chocolate-Peanut-Butter-12-ea/713156641",
        "price": "$21.49",
        "stars": "4.7",
        "ratings": "120 ",
        "img": "",
        "tags": [
            [
                "Plant Protein Blend",
                "/browse/health/plant-protein-blend/976760_1166769_5693893_2213028"
            ],
            [
                "Natural Products for Fitness",
                "/browse/health/natural-products-for-fitness/976760_1166769_3268601"
            ],
            [
                "Vega Bars",
                "/browse/health/vega-bars/976760_1166769_4247422_4086886_5635130"
            ],
            [
                "Plant Protein Bars",
                "/browse/health/plant-protein-bars/976760_4230586_5963862"
            ],
            [
                "Organic Protein Powder",
                "/browse/health/organic-protein-powder/976760_1166769_6895119"
            ],
            [
                "Plant Protein Powder",
                "/browse/health/plant-protein-powder/976760_4230586_8707452"
            ]
        ]
    },
    {
        "title": "Tile Sticker (2020) Bluetooth Item Tracker - 1 Pack - Black - Laptop / TV Remote / Skateboard / Bicycle Finder - Anything Locator - Non-Retail Packaging",
        "url": "https://www.walmart.com/ip/Tile-Sticker-2020-Bluetooth-Item-Tracker-1-Pack-Black-Laptop-TV-Remote-Skateboard-Bicycle-Finder-Anything-Locator-Non-Retail-Packaging/995154256",
        "price": "$19.99",
        "stars": "4.2",
        "ratings": "6 ",
        "img": "i5.walmartimages.com/asr/aaeb1bef-5932-417a-8a18-2eed4594fae8_1.19474e6e3558e6a315e589c96b63c37f.jpeg?odnWidth=612&odnHeight=612&odnBg=ffffff",
        "tags": [
            [
                "Compasses",
                "/browse/sports-outdoors/compasses/4125_546956_1230687_1080845"
            ],
            [
                "Bike Water Bottle Cages",
                "/browse/sports-outdoors/bike-water-bottle-cages/4125_1081404_5848968_1790042"
            ],
            [
                "Bike Speedometers",
                "/browse/sports-outdoors/bike-speedometers/4125_1081404_5848968_4557575_3559495"
            ],
            [
                "Bike Lights",
                "/browse/sports-outdoors/bike-lights/4125_1081404_5848968_4037860"
            ],
            [
                "Bike Odometers",
                "/browse/sports-outdoors/bike-odometers/4125_1081404_5848968_4557575_4417900"
            ],
            [
                "Bike Covers",
                "/browse/sports-outdoors/bike-covers/4125_1081404_5848968_4998116_5085312"
            ],
            [
                "Bike Bags & Carriers",
                "/browse/sports-outdoors/bike-bags-carriers/4125_1081404_5848968_6312816"
            ],
            [
                "Garmin Cycling",
                "/browse/sports-outdoors/garmin-cycling/4125_1081404_5848968_4557575_7926761"
            ]
        ]
    },
    {
        "title": "Detour SMART Bar, Apple Cinnamon, 10g Protein, 9 Ct",
        "url": "https://www.walmart.com/ip/Detour-SMART-Bar-Apple-Cinnamon-10g-Protein-9-Ct/35487417",
        "price": "$13.49",
        "stars": "5.0",
        "ratings": "4 ",
        "img": "i5.walmartimages.com/asr/60299013-f67c-4e8b-ac97-b50c1e90c68a_1.fd23b24d4c7434efabe9c21444563565.jpeg?odnWidth=612&odnHeight=612&odnBg=ffffff",
        "tags": [
            [
                "Orgain Bars",
                "/browse/health/orgain-bars/976760_1166769_9529518_1303406"
            ],
            [
                "Protein Shakes, Bars & Energy Drinks",
                "/browse/health/protein-shakes-bars-energy-drinks/976760_9035881_9006282_2339462"
            ],
            [
                "Indulgent Flavors Protein & Fitness",
                "/browse/health/indulgent-flavors-protein-fitness/976760_1166769_4709928_4249965"
            ],
            [
                "Protein On the Go",
                "/browse/health/protein-on-the-go/976760_1166769_5193040"
            ],
            [
                "Fuel Your Body",
                "/browse/health/fuel-your-body/976760_9035881_5814720"
            ],
            [
                "Plant Protein Bars",
                "/browse/health/plant-protein-bars/976760_4230586_5963862"
            ],
            [
                "Protein & Fitness for Active Moms",
                "/browse/health/protein-fitness-for-active-moms/976760_1166769_7924536"
            ]
        ]
    },
    {
        "title": "Fit Crunch Bars Fit Crunch Bar Chocolate Chip Cookie Dough - Gluten Free",
        "url": "https://www.walmart.com/ip/Fit-Crunch-Bars-Fit-Crunch-Bar-Chocolate-Chip-Cookie-Dough-Gluten-Free/405179158",
        "price": "$19.99",
        "stars": "4.0",
        "ratings": "8 ",
        "img": "",
        "tags": [
            [
                "Cereal Bars & Breakfast Bars",
                "/browse/food/cereal-bars-breakfast-bars/976759_976783_1001332"
            ],
            [
                "Shop Nature Valley",
                "/browse/food/shop-nature-valley/976759_976787_1044154_4008994"
            ],
            [
                "On-The-Go Bars",
                "/browse/food/on-the-go-bars/976759_1567409_3170630_4801990"
            ],
            [
                "KIND Bars",
                "/browse/food/kind-bars/976759_976787_1044154_4935111"
            ],
            [
                "On-The-Go New Year New You Foods",
                "/browse/food/on-the-go-new-year-new-you-foods/976759_1567409_3170630_7175981"
            ],
            [
                "Home Workout Snacks and Beverages",
                "/browse/food/home-workout-snacks-beverages/976759_1567409_7702434"
            ],
            [
                "Nature Valley Granola Bars & Snack Bars",
                "/browse/food/nature-valley-granola-bars-snack-bars/976759_976787_1044154_7928976"
            ]
        ]
    },
    {
        "title": "DripDrop ORS Electrolyte Powder, Orange, 10g, 8ct",
        "url": "https://www.walmart.com/ip/DripDrop-ORS-Electrolyte-Powder-Orange-10g-8ct/635278313",
        "price": "$9.08",
        "stars": "5.0",
        "ratings": "3 ",
        "img": "i5.walmartimages.com/asr/5c8f3245-c94e-4eba-ba27-a43781d19bc3.e162ae8d6dbf8af92ebb6100115a2da6.png?odnWidth=612&odnHeight=612&odnBg=ffffff",
        "tags": []
    },
    {
        "title": "Xspec 20\" 7 Speed City Folding Compact Bike Bicycle Urban Commuter Shimano, White",
        "url": "https://www.walmart.com/ip/Xspec-20-7-Speed-City-Folding-Compact-Bike-Bicycle-Urban-Commuter-Shimano-White/107070967",
        "price": "$249.99",
        "stars": "3.4",
        "ratings": "30 ",
        "img": "i5.walmartimages.com/asr/d12ad11a-2fb0-4492-825a-3fdfb5939afb_1.0b26ef731ef37da9afb92ab70b85f62e.jpeg?odnWidth=612&odnHeight=612&odnBg=ffffff",
        "tags": [
            [
                "Electric Bikes",
                "/browse/sports-outdoors/electric-bikes/4125_1081404_1230089_1806718"
            ],
            [
                "Mountain Bikes",
                "/browse/sports-outdoors/mountain-bikes/4125_1081404_1230089_2768744"
            ],
            [
                "Electric Commuter and Folding Bikes",
                "/browse/sports-outdoors/electric-commuter-folding-bikes/4125_1081404_1230089_8561687_5419893"
            ],
            [
                "Cruiser Bikes",
                "/browse/sports-outdoors/cruiser-bikes/4125_1081404_1230089_7309944"
            ],
            [
                "Fat Tire Bikes",
                "/browse/sports-outdoors/fat-tire-bikes/4125_1081404_1230089_7372544"
            ],
            [
                "Mongoose Mountain Bikes",
                "/browse/sports-outdoors/mongoose-mountain-bikes/4125_1081404_6972181_4193522_7633370"
            ],
            [
                "Hybrid Bikes",
                "/browse/sports-outdoors/hybrid-bikes/4125_1081404_1230089_7943216"
            ],
            [
                "Unicycles",
                "/browse/sports-outdoors/unicycles/4125_1081404_1230089_8337741"
            ]
        ]
    },
    {
        "title": "Onguard Bike Lock 12mm Combo Cable Bike Lock (Resettable, 6ft. x 0.47in.)",
        "url": "https://www.walmart.com/ip/Onguard-Bike-Lock-12mm-Combo-Cable-Bike-Lock-Resettable-6ft-x-0-47in/679856684",
        "price": "$12.96",
        "stars": "4.7",
        "ratings": "17 ",
        "img": "i5.walmartimages.com/asr/96470cf5-d7f4-4c6a-ba1a-ad5d3248e7e1_1.f3fdfbde922b00141cc71cd820a0ada2.jpeg?odnWidth=612&odnHeight=612&odnBg=ffffff",
        "tags": [
            [
                "Bike Water Bottle Cages",
                "/browse/sports-outdoors/bike-water-bottle-cages/4125_1081404_5848968_1790042"
            ],
            [
                "Bike Lights",
                "/browse/sports-outdoors/bike-lights/4125_1081404_5848968_4037860"
            ],
            [
                "Hiking Hydration Backpacks",
                "/browse/sports-outdoors/hiking-hydration-backpacks/4125_546956_4128_1319797_4911230"
            ],
            [
                "Bike Helmets",
                "/browse/sports-outdoors/bike-helmets/4125_1081404_7258752_6249551"
            ],
            [
                "Bike Bags & Carriers",
                "/browse/sports-outdoors/bike-bags-carriers/4125_1081404_5848968_6312816"
            ],
            [
                "Bike Water Bottles",
                "/browse/sports-outdoors/bike-water-bottles/4125_1081404_5848968_7113847"
            ],
            [
                "All Bike Components",
                "/browse/sports-outdoors/all-bike-components/4125_1081404_7650685_7412229"
            ],
            [
                "Bike Pumps",
                "/browse/sports-outdoors/bike-pumps/4125_1081404_5848968_9835385"
            ]
        ]
    }
]