[
    {
        "title": "Innova Discs - Star TL Disc Golf Driver",
        "url": "https://www.walmart.com/ip/Innova-Discs-Star-TL-Disc-Golf-Driver/172176678",
        "price": "$17.95",
        "stars": "5.0",
        "ratings": "1 ",
        "img": "i5.walmartimages.com/asr/a3e9c559-f032-46a3-97e7-41d60cb99b0c.8c56ba25a39be5936026d3572bec574a.png?odnWidth=612&odnHeight=612&odnBg=ffffff",
        "tags": [
            [
                "All Lawn Games",
                "/browse/sports-outdoors/all-lawn-games/4125_1224931_7643019_1075784"
            ],
            [
                "Yoga Mat Bags",
                "/browse/sports-outdoors/yoga-mat-bags/4125_4134_1078384_1867162"
            ],
            [
                "Golf Putters",
                "/browse/sports-outdoors/golf-putters/4125_4161_4152_7064140_2621195"
            ],
            [
                "Disc Golf Baskets",
                "/browse/sports-outdoors/disc-golf-baskets/4125_1224931_7643019_7352806_4350410"
            ],
            [
                "Golf Accessories",
                "/browse/sports-outdoors/golf-accessories/4125_4161_4152_470543"
            ],
            [
                "Ring & Washer Toss",
                "/browse/sports-outdoors/ring-washer-toss/4125_1224931_7643019_2157795_6811774"
            ],
            [
                "Flag Football Flags",
                "/browse/sports-outdoors/flag-football-flags/4125_4161_434036_7943860"
            ],
            [
                "Disc Sports",
                "/browse/sports-outdoors/disc-sports/4125_1224931_7643019_2157795_8506756"
            ]
        ]
    },
    {
        "title": "Nodor SupaBull2 Bristle Dartboard Equipped with Easy-Turn Steel Numbers for Beginning or Recreational Players",
        "url": "https://www.walmart.com/ip/Nodor-SupaBull2-Bristle-Dartboard-Equipped-with-Easy-Turn-Steel-Numbers-for-Beginning-or-Recreational-Players/20934647",
        "price": "$44.99",
        "stars": "5.0",
        "ratings": "1 ",
        "img": "i5.walmartimages.com/asr/b36e6666-9544-4e20-aff6-f0f3a6f33fb6_1.5a33551426ff17ddaea88ec0aa505be4.jpeg?odnWidth=612&odnHeight=612&odnBg=ffffff",
        "tags": [
            [
                "Shuffleboard Tables",
                "/browse/sports-outdoors/shuffleboard-tables/4125_1224931_4158_9015002_1043950"
            ],
            [
                "Dart Supplies",
                "/browse/sports-outdoors/dart-supplies/4125_1224931_4158_1028979_1075764"
            ],
            [
                "Dartboard Cabinets",
                "/browse/sports-outdoors/dartboard-cabinets/4125_1224931_4158_1028979_2895638"
            ],
            [
                "Darts",
                "/browse/sports-outdoors/darts/4125_1224931_4158_1028979_4224502"
            ],
            [
                "Ring & Washer Toss",
                "/browse/sports-outdoors/ring-washer-toss/4125_1224931_7643019_2157795_6811774"
            ],
            [
                "Air Hockey",
                "/browse/sports-outdoors/air-hockey/4125_1224931_4158_78356"
            ],
            [
                "Foosball Tables",
                "/browse/sports-outdoors/foosball-tables/4125_1224931_4158_9596320_78357"
            ],
            [
                "Dart Backboards",
                "/browse/sports-outdoors/dart-backboards/4125_1224931_4158_1028979_8285212"
            ]
        ]
    },
    {
        "title": "Krown Rookie Checker Skateboard Black/Blue 7.75\" SkateboardsWalmartplete Outdoor",
        "url": "https://www.walmart.com/ip/Krown-Rookie-Checker-Skateboard-Black-Blue-7-75-SkateboardsWalmartplete-Outdoor/328219921",
        "price": "$59.99",
        "stars": 0,
        "ratings": 0,
        "img": "",
        "tags": [
            [
                "Electric Bikes",
                "/browse/sports-outdoors/electric-bikes/4125_1081404_1230089_1806718"
            ],
            [
                "Mini Skateboards",
                "/browse/sports-outdoors/mini-skateboards/4125_1224931_7628560_3297420_2492031"
            ],
            [
                "Bodyboards",
                "/browse/sports-outdoors/bodyboards/4125_546956_1075805_5055442_2851938"
            ],
            [
                "Electric Skateboards",
                "/browse/sports-outdoors/electric-skateboards/4125_1224931_7628560_3297420_3071714"
            ],
            [
                "Bike Pads",
                "/browse/sports-outdoors/bike-pads/4125_1081404_7258752_5248669"
            ],
            [
                "Skateboard Parts",
                "/browse/sports-outdoors/skateboard-parts/4125_1224931_7628560_3297420_5930613"
            ],
            [
                "Longboards",
                "/browse/sports-outdoors/longboards/4125_1224931_7628560_3297420_6768101"
            ],
            [
                "Skateboard Helmets",
                "/browse/sports-outdoors/skateboard-helmets/4125_1224931_7628560_3297420_9909579"
            ]
        ]
    },
    {
        "title": "Skateboard Longboard Truck Replacement Bushings Soft 88a 4-Pack (for 2 trucks)",
        "url": "https://www.walmart.com/ip/Skateboard-Longboard-Truck-Replacement-Bushings-Soft-88a-4-Pack-for-2-trucks/53115764",
        "price": "$4.95",
        "stars": 0,
        "ratings": 0,
        "img": "i5.walmartimages.com/asr/91e93c72-1725-4157-81dc-d316af32a88a_1.1aedac396127b1619dd50a24cd29645a.jpeg?odnWidth=612&odnHeight=612&odnBg=ffffff",
        "tags": [
            [
                "Mini Skateboards",
                "/browse/sports-outdoors/mini-skateboards/4125_1224931_7628560_3297420_2492031"
            ],
            [
                "Bodyboards",
                "/browse/sports-outdoors/bodyboards/4125_546956_1075805_5055442_2851938"
            ],
            [
                "Electric Skateboards",
                "/browse/sports-outdoors/electric-skateboards/4125_1224931_7628560_3297420_3071714"
            ],
            [
                "Skate Ramps",
                "/browse/sports-outdoors/skate-ramps/4125_1224931_7628560_3297420_4830704"
            ],
            [
                "Skate Wheels",
                "/browse/sports-outdoors/skate-wheels/4125_1224931_7628560_8241867_5339242"
            ],
            [
                "Longboards",
                "/browse/sports-outdoors/longboards/4125_1224931_7628560_3297420_6768101"
            ],
            [
                "Inline Skates",
                "/browse/sports-outdoors/inline-skates/4125_1224931_7628560_8241867_8914833"
            ],
            [
                "Skateboards",
                "/browse/sports-outdoors/skateboards/4125_1224931_7628560_3297420_9262191"
            ]
        ]
    },
    {
        "title": "Plastic Toss Rings",
        "url": "https://www.walmart.com/ip/Plastic-Toss-Rings/139796060",
        "price": "$6.63",
        "stars": "4.5",
        "ratings": "2 ",
        "img": "i5.walmartimages.com/asr/a8c5466e-8ef1-408b-becb-e7875edda44c_1.ee4881fbe3abce624dff5ad98fcda1ba.jpeg?odnWidth=612&odnHeight=612&odnBg=ffffff",
        "tags": [
            [
                "Track & Field Equipment",
                "/browse/sports-outdoors/track-field-equipment/4125_4161_1043928"
            ],
            [
                "Basketball Training",
                "/browse/sports-outdoors/basketball-training/4125_4161_4165_1075708"
            ],
            [
                "All Lawn Games",
                "/browse/sports-outdoors/all-lawn-games/4125_1224931_7643019_1075784"
            ],
            [
                "Basketball Accessories",
                "/browse/sports-outdoors/basketball-accessories/4125_4161_4165_164226"
            ],
            [
                "Tailgate Games",
                "/browse/sports-outdoors/tailgate-games/4125_1224931_7643019_3868814"
            ],
            [
                "Cornhole",
                "/browse/sports-outdoors/cornhole/4125_1224931_7643019_2157795_4279235"
            ],
            [
                "Ping Pong Balls",
                "/browse/sports-outdoors/ping-pong-balls/4125_1224931_4158_5896074_4470181"
            ],
            [
                "All Table Tennis",
                "/browse/sports-outdoors/all-table-tennis/4125_1224931_4158_5896074_5229"
            ]
        ]
    },
    {
        "title": "1 DECK OF UNICORN PURPLE BICYCLE STANDARD POKER PLAYING CARDS",
        "url": "https://www.walmart.com/ip/1-DECK-OF-UNICORN-PURPLE-BICYCLE-STANDARD-POKER-PLAYING-CARDS/323920120",
        "price": "$6.29",
        "stars": "5.0",
        "ratings": "1 ",
        "img": "i5.walmartimages.com/asr/2ff340ae-cde0-42ee-a688-8192e80bd70d_1.961c6d0de3dfdaa28b7a37c7b95b9351.jpeg?odnWidth=612&odnHeight=612&odnBg=ffffff",
        "tags": [
            [
                "Shop STEM ages 12 and Up",
                "/browse/feature/shop-stem-ages-12-up/14503_6502732_8574738_2904408"
            ],
            [
                "All Unicorn",
                "/browse/feature/all-unicorn/14503_6685911_3357006"
            ],
            [
                "All Unicorn Toys",
                "/browse/feature/all-unicorn-toys/14503_6685911_6525275_4526495"
            ],
            [
                "Shop STEM ages 2-4",
                "/browse/feature/shop-stem-ages-2-4/14503_6502732_8574738_4713327"
            ],
            [
                "Unicorn Electronic Pets",
                "/browse/feature/unicorn-electronic-pets/14503_6685911_6525275_5238972"
            ],
            [
                "Unicorn Arts & Crafts",
                "/browse/feature/unicorn-arts-crafts/14503_6685911_6525275_7683728"
            ],
            [
                "Levi Strauss, Jeans, Jackets & Clothing",
                "/browse/feature/levi-strauss-jeans-jackets-clothing/14503_1030259_8078291"
            ],
            [
                "Unicorn Books",
                "/browse/feature/unicorn-books/14503_6685911_8167612"
            ]
        ]
    },
    {
        "title": "Playcraft Sport Bank Shot 40\" Pool Table with Blue Cloth",
        "url": "https://www.walmart.com/ip/Playcraft-Sport-Bank-Shot-40-Pool-Table-with-Blue-Cloth/38591173",
        "price": "$67.95",
        "stars": "3.4",
        "ratings": "5 ",
        "img": "i5.walmartimages.com/asr/c6083d76-7b94-4b44-9963-824b33f86ac9_1.dad49c03c84e431e5f69d0b9f5919903.jpeg?odnWidth=612&odnHeight=612&odnBg=ffffff",
        "tags": [
            [
                "Multi Game Tables",
                "/browse/sports-outdoors/multi-game-tables/4125_1224931_4158_1029579"
            ],
            [
                "Pool & Billiard Balls",
                "/browse/sports-outdoors/pool-billiard-balls/4125_1224931_4158_3447807_2268567"
            ],
            [
                "Pool Table Covers",
                "/browse/sports-outdoors/pool-table-covers/4125_1224931_4158_3447807_3977386_3559019"
            ],
            [
                "Cue Chalk",
                "/browse/sports-outdoors/cue-chalk/4125_1224931_4158_3447807_3649827"
            ],
            [
                "Cue Tips",
                "/browse/sports-outdoors/cue-tips/4125_1224931_4158_3447807_1323385_3669279"
            ],
            [
                "Pool Tables",
                "/browse/sports-outdoors/pool-tables/4125_1224931_4158_3447807_5189373"
            ],
            [
                "Cue Racks",
                "/browse/sports-outdoors/cue-racks/4125_1224931_4158_3447807_7290937"
            ],
            [
                "Pool Cues",
                "/browse/sports-outdoors/pool-cues/4125_1224931_4158_3447807_8904818"
            ]
        ]
    },
    {
        "title": "Practice Ping Pong Balls Pack of 144 ct Table Tennis Bee Ball Game",
        "url": "https://www.walmart.com/ip/Practice-Ping-Pong-Balls-Pack-of-144-ct-Table-Tennis-Bee-Ball-Game/130806738",
        "price": "$12.98",
        "stars": "1.0",
        "ratings": "1 ",
        "img": "i5.walmartimages.com/asr/eabaa9eb-9ed3-43e9-97f3-08fa4c512a2c_1.d2ef503539e654eec1e4f11674efaaf2.jpeg?odnWidth=612&odnHeight=612&odnBg=ffffff",
        "tags": [
            [
                "Multi Game Tables",
                "/browse/sports-outdoors/multi-game-tables/4125_1224931_4158_1029579"
            ],
            [
                "All Lawn Games",
                "/browse/sports-outdoors/all-lawn-games/4125_1224931_7643019_1075784"
            ],
            [
                "Table Tennis Tables",
                "/browse/sports-outdoors/table-tennis-tables/4125_1224931_4158_5896074_3255758"
            ],
            [
                "Table Tennis Paddles",
                "/browse/sports-outdoors/table-tennis-paddles/4125_1224931_4158_5896074_3717208"
            ],
            [
                "Maintenance & Care",
                "/browse/sports-outdoors/maintenance-care/4125_1224931_4158_5896074_4221725"
            ],
            [
                "Ping Pong Balls",
                "/browse/sports-outdoors/ping-pong-balls/4125_1224931_4158_5896074_4470181"
            ],
            [
                "Ring & Washer Toss",
                "/browse/sports-outdoors/ring-washer-toss/4125_1224931_7643019_2157795_6811774"
            ],
            [
                "Beer Pong",
                "/browse/sports-outdoors/beer-pong/4125_1224931_7643019_2157795_7423154"
            ]
        ]
    },
    {
        "title": "Wham-O Pro Classic U-Flex Frisbee Disc",
        "url": "https://www.walmart.com/ip/Wham-O-Pro-Classic-U-Flex-Frisbee-Disc/16504418",
        "price": "$8.99",
        "stars": "2.5",
        "ratings": "4 ",
        "img": "",
        "tags": [
            [
                "Sports & Duffel Bags",
                "/browse/sports-outdoors/sports-duffel-bags/4125_4161_1043958"
            ],
            [
                "All Lawn Games",
                "/browse/sports-outdoors/all-lawn-games/4125_1224931_7643019_1075784"
            ],
            [
                "Basketball Accessories",
                "/browse/sports-outdoors/basketball-accessories/4125_4161_4165_164226"
            ],
            [
                "Disc Golf Discs",
                "/browse/sports-outdoors/disc-golf-discs/4125_1224931_7643019_7352806_1874295"
            ],
            [
                "Disc Golf Baskets",
                "/browse/sports-outdoors/disc-golf-baskets/4125_1224931_7643019_7352806_4350410"
            ],
            [
                "Golf Accessories",
                "/browse/sports-outdoors/golf-accessories/4125_4161_4152_470543"
            ],
            [
                "Ring & Washer Toss",
                "/browse/sports-outdoors/ring-washer-toss/4125_1224931_7643019_2157795_6811774"
            ],
            [
                "Boomerangs",
                "/browse/sports-outdoors/boomerangs/4125_1224931_7643019_9481966"
            ]
        ]
    },
    {
        "title": "UNO Artist 2",
        "url": "https://www.walmart.com/ip/UNO-Artist-2/473242276",
        "price": "$14.99",
        "stars": "5.0",
        "ratings": "1 ",
        "img": "i5.walmartimages.com/asr/b3e564e7-6efe-4dcb-b581-6c73f6438147.0524c6429c8c75283e16646d1218dd2c.jpeg?odnWidth=612&odnHeight=612&odnBg=ffffff",
        "tags": [
            [
                "Shop Toys by Price",
                "/browse/shop-toys-by-price/4171_1263324"
            ],
            [
                "Classic Games",
                "/browse/toys/classic-games/4171_4191_2084995"
            ],
            [
                "Family Games",
                "/browse/toys/family-games/4171_4191_2335373_2204878"
            ],
            [
                "All Board Games",
                "/browse/toys/all-board-games/4171_4191_133123_4497274"
            ],
            [
                "Party Games",
                "/browse/toys/party-games/4171_4191_5016956"
            ],
            [
                "Toys for Kids 5 to 7 Years",
                "/browse/toys/toys-for-kids-5-to-7-years/4171_3318550_617941_8920388"
            ],
            [
                "Adult Games",
                "/browse/toys/adult-games/4171_4191_2335373_9523585"
            ]
        ]
    }
]