[
    {
        "title": "Dallas Cowboys Women's Molina V-Neck T-Shirt - Heathered Navy",
        "url": "https://www.walmart.com/ip/Dallas-Cowboys-Women-s-Molina-V-Neck-T-Shirt-Heathered-Navy/410803531",
        "price": "$19.96",
        "stars": "5.0",
        "ratings": "2 ",
        "img": "i5.walmartimages.com/asr/f0f08984-fd32-493b-9a30-c5097ea492d2.0ccbbd7388358adf67fa24a8710ca506.jpeg?odnWidth=612&odnHeight=612&odnBg=ffffff",
        "tags": [
            [
                "T-Shirts Fan Shop",
                "/browse/sports-outdoors/t-shirts-fan-shop/4125_1063984_1063985_1999174"
            ],
            [
                "Sports Fan Shop Womens Apparel & Gear",
                "/browse/sports-outdoors/sports-fan-shop-womens-apparel-gear/4125_1063984_1063985_2771963"
            ],
            [
                "NFL T-shirts",
                "/browse/sports-outdoors/nfl-t-shirts/4125_1063984_1423455_2788159"
            ],
            [
                "Dallas Cowboys T-Shirts",
                "/browse/sports-outdoors/dallas-cowboys-t-shirts/4125_1063984_1423455_5722514_5371439"
            ],
            [
                "NFL Womens",
                "/browse/sports-outdoors/nfl-womens/4125_1063984_1423455_6231693"
            ],
            [
                "Dallas Cowboys Team Shop",
                "/browse/sports-outdoors/dallas-cowboys-team-shop/4125_1063984_1423455_5722514_6544512"
            ],
            [
                "Dallas Cowboys Mens",
                "/browse/sports-outdoors/dallas-cowboys-mens/4125_1063984_1423455_5722514_9020434"
            ],
            [
                "NFL Mens",
                "/browse/sports-outdoors/nfl-mens/4125_1063984_1423455_9725320"
            ]
        ]
    },
    {
        "title": "Men's Majestic Royal/Heathered Gray Los Angeles Dodgers Within Reach Tank Top",
        "url": "https://www.walmart.com/ip/Men-s-Majestic-Royal-Heathered-Gray-Los-Angeles-Dodgers-Within-Reach-Tank-Top/141894090",
        "price": "$6.99",
        "stars": "1.0",
        "ratings": "1 ",
        "img": "i5.walmartimages.com/asr/21a2828a-08bd-4930-b143-c57c760b063b.108a4182e4cb4350e1617bbbc956c01d.jpeg?odnWidth=612&odnHeight=612&odnBg=ffffff",
        "tags": [
            [
                "MLB Summer Styles",
                "/browse/sports-outdoors/mlb-summer-styles/4125_1063984_1064344_3973317_6971514"
            ],
            [
                "MLB Home",
                "/browse/sports-outdoors/mlb-home/4125_1063984_1064344_3973317_7708333"
            ],
            [
                "Los Angeles Dodgers Bedding & Blankets",
                "/browse/sports-outdoors/los-angeles-dodgers-bedding-blankets/4125_1063984_1064344_4636882_8286999"
            ],
            [
                "Fan Shop Father's Day",
                "/browse/sports-outdoors/fan-shop-fathers-day/4125_1063984_2505429_8450676"
            ],
            [
                "Shop All Los Angeles Dodgers",
                "/browse/sports-outdoors/shop-all-los-angeles-dodgers/4125_1063984_1064344_4636882_8725059"
            ],
            [
                "Sports Fan Shop Mens Apparel & Gear",
                "/browse/sports-outdoors/sports-fan-shop-mens-apparel-gear/4125_1063984_1063985_8728977"
            ],
            [
                "Los Angeles Dodgers T-Shirts",
                "/browse/sports-outdoors/los-angeles-dodgers-t-shirts/4125_1063984_1064344_4636882_8766009"
            ],
            [
                "MLB T-Shirts",
                "/browse/sports-outdoors/mlb-t-shirts/4125_1063984_1064344_9587846"
            ]
        ]
    },
    {
        "title": "Dallas Cowboys Woodley Flex Hat - Heathered Navy",
        "url": "https://www.walmart.com/ip/Dallas-Cowboys-Woodley-Flex-Hat-Heathered-Navy/355377980",
        "price": "$14.97",
        "stars": "4.5",
        "ratings": "2 ",
        "img": "i5.walmartimages.com/asr/cebd53f0-1823-4e46-90d6-fe36fe2a49ad.cce9667bc09cae1536173a6a7bb9e502.jpeg?odnWidth=612&odnHeight=612&odnBg=ffffff",
        "tags": [
            [
                "NFL Accessories",
                "/browse/sports-outdoors/nfl-accessories/4125_1063984_1423455_5244236"
            ],
            [
                "NFL Hats",
                "/browse/sports-outdoors/nfl-hats/4125_1063984_1423455_6365599"
            ],
            [
                "Dallas Cowboys Team Shop",
                "/browse/sports-outdoors/dallas-cowboys-team-shop/4125_1063984_1423455_5722514_6544512"
            ],
            [
                "Fan Shop Americana",
                "/browse/sports-outdoors/fan-shop-americana/4125_1063984_2505429_7098318"
            ],
            [
                "Dallas Cowboys Hats",
                "/browse/sports-outdoors/dallas-cowboys-hats/4125_1063984_1423455_5722514_8651703"
            ],
            [
                "Hats Fan Shop",
                "/browse/sports-outdoors/hats-fan-shop/4125_1063984_1063985_8930312"
            ],
            [
                "Dallas Cowboys Kids",
                "/browse/sports-outdoors/dallas-cowboys-kids/4125_1063984_1423455_5722514_9267859"
            ],
            [
                "NFL Mens",
                "/browse/sports-outdoors/nfl-mens/4125_1063984_1423455_9725320"
            ]
        ]
    },
    {
        "title": "Tampa Bay Buccaneers NFL Pro Line by Fanatics Branded Iconic Collection Fade Out T-Shirt - Red",
        "url": "https://www.walmart.com/ip/Tampa-Bay-Buccaneers-NFL-Pro-Line-by-Fanatics-Branded-Iconic-Collection-Fade-Out-T-Shirt-Red/418022561",
        "price": "$19.99",
        "stars": "5.0",
        "ratings": "1 ",
        "img": "i5.walmartimages.com/asr/7bc73d86-b441-4096-815b-eca33dacfd75.ef65f33243272f461d95673b8ef14b46.jpeg?odnWidth=612&odnHeight=612&odnBg=ffffff",
        "tags": [
            [
                "Jewelry Fan Shop",
                "/browse/sports-outdoors/jewelry-fan-shop/4125_1063984_1063985_1063989"
            ],
            [
                "Tampa Bay Buccaneers Team Shop",
                "/browse/sports-outdoors/tampa-bay-buccaneers-team-shop/4125_1063984_1423455_9254308_1859052"
            ],
            [
                "Tampa Bay Buccaneers Kids",
                "/browse/sports-outdoors/tampa-bay-buccaneers-kids/4125_1063984_1423455_9254308_2442478"
            ],
            [
                "NFL T-shirts",
                "/browse/sports-outdoors/nfl-t-shirts/4125_1063984_1423455_2788159"
            ],
            [
                "Fan Shop Americana",
                "/browse/sports-outdoors/fan-shop-americana/4125_1063984_2505429_7098318"
            ],
            [
                "Tampa Bay Buccaneers T-Shirts",
                "/browse/sports-outdoors/tampa-bay-buccaneers-t-shirts/4125_1063984_1423455_9254308_8002689"
            ],
            [
                "Tampa Bay Buccaneers Pajamas, Sweatpants & Loungewear",
                "/browse/sports-outdoors/tampa-bay-buccaneers-pajamas-sweatpants-loungewear/4125_1063984_1423455_9254308_8743371"
            ],
            [
                "Tampa Bay Buccaneers Accessories",
                "/browse/sports-outdoors/tampa-bay-buccaneers-accessories/4125_1063984_1423455_9254308_9163365"
            ]
        ]
    },
    {
        "title": "Set of 3 Plastic Toy Breakable Bench for WWE Wrestling Action Figures",
        "url": "https://www.walmart.com/ip/Set-of-3-Plastic-Toy-Breakable-Bench-for-WWE-Wrestling-Action-Figures/377105561",
        "price": "$12.00",
        "stars": "5.0",
        "ratings": "1 ",
        "img": "i5.walmartimages.com/asr/a6c7cfe9-c24b-4c61-a891-4857c653bf42_1.d96cce9f12c638484013f3d35329f5ec.jpeg?odnWidth=612&odnHeight=612&odnBg=ffffff",
        "tags": [
            [
                "All Action Figure Playsets",
                "/browse/toys/all-action-figure-playsets/4171_4172_9845227_1156794"
            ],
            [
                "WWE Wrestling Ring Playsets",
                "/browse/toys/wwe-wrestling-ring-playsets/4171_7357538_7087187_2031303"
            ],
            [
                "WWE Elite Figures",
                "/browse/toys/wwe-elite-figures/4171_7357538_7087187_6551433_2752681"
            ],
            [
                "Ghostbusters Toys",
                "/browse/toys/ghostbusters-toys/4171_2065565_4138884"
            ],
            [
                "TV & Movie Playsets",
                "/browse/toys/tv-movie-playsets/4171_4172_9845227_4517984"
            ],
            [
                "WWE Role Play",
                "/browse/toys/wwe-role-play/4171_4172_4246921_4910339"
            ],
            [
                "WWE Battle Pack",
                "/browse/toys/wwe-battle-pack/4171_7357538_7087187_6551433_5670341"
            ]
        ]
    },
    {
        "title": "Minnesota Vikings NFL Pro Line by Fanatics Branded Engage Slogan T-Shirt - Black",
        "url": "https://www.walmart.com/ip/Minnesota-Vikings-NFL-Pro-Line-by-Fanatics-Branded-Engage-Slogan-T-Shirt-Black/381598607",
        "price": "$14.88",
        "stars": 0,
        "ratings": 0,
        "img": "i5.walmartimages.com/asr/d555cf28-e02b-44fb-a601-af85e54503e9.61fc094f3b9b40a6bd2fdbe4815406e9.jpeg?odnWidth=612&odnHeight=612&odnBg=ffffff",
        "tags": [
            [
                "Atlanta Falcons Hats",
                "/browse/sports-outdoors/atlanta-falcons-hats/4125_1063984_1423455_7511373_1860018"
            ],
            [
                "Minnesota Vikings T-Shirts",
                "/browse/sports-outdoors/minnesota-vikings-t-shirts/4125_1063984_1423455_8008845_1891759"
            ],
            [
                "NFL Jerseys",
                "/browse/sports-outdoors/nfl-jerseys/4125_1063984_1423455_3894095"
            ],
            [
                "New England Patriots Hats",
                "/browse/sports-outdoors/new-england-patriots-hats/4125_1063984_1423455_3142048_5135606"
            ],
            [
                "Minnesota Vikings Kids",
                "/browse/sports-outdoors/minnesota-vikings-kids/4125_1063984_1423455_8008845_5383448"
            ],
            [
                "Philadelphia Eagles Hats",
                "/browse/sports-outdoors/philadelphia-eagles-hats/4125_1063984_1423455_4078974_6629622"
            ],
            [
                "Minnesota Vikings Team Shop",
                "/browse/sports-outdoors/minnesota-vikings-team-shop/4125_1063984_1423455_8008845_8651276"
            ],
            [
                "Minnesota Vikings Sweatshirts",
                "/browse/sports-outdoors/minnesota-vikings-sweatshirts/4125_1063984_1423455_8008845_8710915"
            ]
        ]
    },
    {
        "title": "Carolina Panthers Majestic Hot Phrase Pullover Hoodie - Black",
        "url": "https://www.walmart.com/ip/Carolina-Panthers-Majestic-Hot-Phrase-Pullover-Hoodie-Black/443731165",
        "price": "$14.99",
        "stars": 0,
        "ratings": 0,
        "img": "i5.walmartimages.com/asr/8d6004df-5fe9-4628-829f-2beffe130ca7.74ec49756a728456ba6de3ad7202f439.jpeg?odnWidth=612&odnHeight=612&odnBg=ffffff",
        "tags": [
            [
                "Atlanta Falcons Hats",
                "/browse/sports-outdoors/atlanta-falcons-hats/4125_1063984_1423455_7511373_1860018"
            ],
            [
                "Carolina Panthers Team Shop",
                "/browse/sports-outdoors/carolina-panthers-team-shop/4125_1063984_1423455_8038602_2761353"
            ],
            [
                "NFL Sweatshirts",
                "/browse/sports-outdoors/nfl-sweatshirts/4125_1063984_1423455_3277168"
            ],
            [
                "Pittsburgh Steelers Hats",
                "/browse/sports-outdoors/pittsburgh-steelers-hats/4125_1063984_1423455_5521520_4121397"
            ],
            [
                "Carolina Panthers Sweatshirts",
                "/browse/sports-outdoors/carolina-panthers-sweatshirts/4125_1063984_1423455_8038602_4450179"
            ],
            [
                "New England Patriots Hats",
                "/browse/sports-outdoors/new-england-patriots-hats/4125_1063984_1423455_3142048_5135606"
            ],
            [
                "Philadelphia Eagles Hats",
                "/browse/sports-outdoors/philadelphia-eagles-hats/4125_1063984_1423455_4078974_6629622"
            ],
            [
                "Sweatshirts & Outerwear Fan Shop",
                "/browse/sports-outdoors/sweatshirts-outerwear-fan-shop/4125_1063984_1063985_8884298"
            ]
        ]
    },
    {
        "title": "Patrick Mahomes Kansas City Chiefs Nike Women's Name & Number T-Shirt - Red",
        "url": "https://www.walmart.com/ip/Patrick-Mahomes-Kansas-City-Chiefs-Nike-Women-s-Name-Number-T-Shirt-Red/674185732",
        "price": "$34.99",
        "stars": 0,
        "ratings": 0,
        "img": "i5.walmartimages.com/asr/d202e213-5c50-4983-947b-378bcbe3ae08.a23f508d90f218e533d01d7d580cd981.jpeg?odnWidth=612&odnHeight=612&odnBg=ffffff",
        "tags": [
            [
                "Kansas City Chiefs Mens",
                "/browse/sports-outdoors/kansas-city-chiefs-mens/4125_1063984_1423455_4112216_2461702"
            ],
            [
                "Sports Fan Shop Womens Apparel & Gear",
                "/browse/sports-outdoors/sports-fan-shop-womens-apparel-gear/4125_1063984_1063985_2771963"
            ],
            [
                "NFL T-shirts",
                "/browse/sports-outdoors/nfl-t-shirts/4125_1063984_1423455_2788159"
            ],
            [
                "NFL Womens",
                "/browse/sports-outdoors/nfl-womens/4125_1063984_1423455_6231693"
            ],
            [
                "Patrick Mahomes Jerseys & Gear",
                "/browse/sports-outdoors/patrick-mahomes-jerseys-gear/4125_1063984_1423455_6422607"
            ],
            [
                "Kansas City Chiefs Team Shop",
                "/browse/sports-outdoors/kansas-city-chiefs-team-shop/4125_1063984_1423455_4112216_8156871"
            ],
            [
                "Kansas City Chiefs Sweatshirts",
                "/browse/sports-outdoors/kansas-city-chiefs-sweatshirts/4125_1063984_1423455_4112216_8762622"
            ],
            [
                "Kansas City Chiefs T-Shirts",
                "/browse/sports-outdoors/kansas-city-chiefs-t-shirts/4125_1063984_1423455_4112216_9841011"
            ]
        ]
    },
    {
        "title": "Buffalo Bills FOCO Adult Face Covering 3-Pack",
        "url": "https://www.walmart.com/ip/Buffalo-Bills-FOCO-Adult-Face-Covering-3-Pack/352150295",
        "price": "$19.99",
        "stars": "4.0",
        "ratings": "1 ",
        "img": "i5.walmartimages.com/asr/72f69643-26ca-4ed3-b7f6-5da203bfa7e3.3e6cc281a615eaef049e1738a5b38854.jpeg?odnWidth=612&odnHeight=612&odnBg=ffffff",
        "tags": []
    },
    {
        "title": "Kansas City Chiefs Fanatics Branded Standard Arc T-Shirt - Red",
        "url": "https://www.walmart.com/ip/Kansas-City-Chiefs-Fanatics-Branded-Standard-Arc-T-Shirt-Red/203380318",
        "price": "$14.88",
        "stars": 0,
        "ratings": 0,
        "img": "i5.walmartimages.com/asr/252f6220-729e-4812-8912-f8bf72a09eec.c5cb4f44ee8afd04df7cc8a1c6cfe4f7.jpeg?odnWidth=612&odnHeight=612&odnBg=ffffff",
        "tags": []
    }
]