[
    {
        "title": "Men's Russell Athletic Gray Clemson Tigers Lined T-Shirt",
        "url": "https://www.walmart.com/ip/Men-s-Russell-Athletic-Gray-Clemson-Tigers-Lined-T-Shirt/483410650",
        "price": "$10.88",
        "stars": 0,
        "ratings": 0,
        "img": "i5.walmartimages.com/asr/fc6646dc-b190-453e-911c-bc2c547007d2.c96da1c7a3ba9804cd5736ae59ce5a7e.jpeg?odnWidth=612&odnHeight=612&odnBg=ffffff",
        "tags": [
            [
                "Mens T-Shirts & Tank Tops",
                "/browse/clothing/mens-t-shirts-tank-tops/5438_133197_4237948_1224679"
            ],
            [
                "Mens Big & Tall T-Shirts & Tank Tops",
                "/browse/clothing/mens-big-tall-t-shirts-tank-tops/5438_133198_7617810_1224687"
            ],
            [
                "Tommy Hilfiger Women",
                "/browse/clothing/tommy-hilfiger-women/5438_7151172_8407193_1493803"
            ],
            [
                "Premium Womens Activewear",
                "/browse/clothing/premium-womens-activewear/5438_7151172_3504438_2326574_3197783"
            ],
            [
                "Mens Big & Tall T-Shirts",
                "/browse/clothing/mens-big-tall-t-shirts/5438_133198_7617810_4802402"
            ],
            [
                "Russell & Russell Athletic",
                "/browse/clothing/russell-russell-athletic/5438_3317124_8119648"
            ],
            [
                "32F Bras",
                "/browse/clothing/32f-bras/5438_133162_3523459_7440021_3277817_9393019"
            ],
            [
                "Mens Savings T-Shirts & Tanks",
                "/browse/clothing/mens-savings-t-shirts-tanks/5438_5993826_2577644_9848646_9526003"
            ]
        ]
    },
    {
        "title": "Dallas Cowboys - Helmet",
        "url": "https://www.walmart.com/ip/Dallas-Cowboys-Helmet/973400868",
        "price": "$13.33",
        "stars": "5.0",
        "ratings": "1 ",
        "img": "i5.walmartimages.com/asr/46c2bbea-5abf-4472-9c52-25e6d8f70269_1.6dce3696b9799dd42bb5b76fb6bb38d7.jpeg?odnWidth=612&odnHeight=612&odnBg=ffffff",
        "tags": [
            [
                "Ezekiel Elliott Jerseys & Gear",
                "/browse/sports-outdoors/ezekiel-elliott-jerseys-gear/4125_1063984_1423455_1908162"
            ],
            [
                "Dallas Cowboys Bath & Kitchen",
                "/browse/sports-outdoors/dallas-cowboys-bath-kitchen/4125_1063984_1423455_5722514_3444383"
            ],
            [
                "Dak Prescott Jerseys & Gear",
                "/browse/sports-outdoors/dak-prescott-jerseys-gear/4125_1063984_1423455_5022403"
            ],
            [
                "NFL Accessories",
                "/browse/sports-outdoors/nfl-accessories/4125_1063984_1423455_5244236"
            ],
            [
                "Dallas Cowboys Outdoor",
                "/browse/sports-outdoors/dallas-cowboys-outdoor/4125_1063984_1423455_5722514_5398531"
            ],
            [
                "Dallas Cowboys Team Shop",
                "/browse/sports-outdoors/dallas-cowboys-team-shop/4125_1063984_1423455_5722514_6544512"
            ],
            [
                "NFL Bedding",
                "/browse/sports-outdoors/nfl-bedding/4125_1063984_1423455_7374764"
            ],
            [
                "Dallas Cowboys Bedding & Blankets",
                "/browse/sports-outdoors/dallas-cowboys-bedding-blankets/4125_1063984_1423455_5722514_9310323"
            ]
        ]
    },
    {
        "title": "Los Angeles Chargers NFL Pro Line by Fanatics Branded Women's Hometown Collection LA Football V-Neck T-Shirt - Powder",
        "url": "https://www.walmart.com/ip/Los-Angeles-Chargers-NFL-Pro-Line-by-Fanatics-Branded-Women-s-Hometown-Collection-LA-Football-V-Neck-T-Shirt-Powder/497872423",
        "price": "$19.99",
        "stars": 0,
        "ratings": 0,
        "img": "i5.walmartimages.com/asr/b1bbe7cb-8c44-4310-a279-e3bf0fc0f48e.0c590c45dfee3e8bd6f9ba86f4fedcef.jpeg?odnWidth=612&odnHeight=612&odnBg=ffffff",
        "tags": [
            [
                "Sports Fan Shop Womens Apparel & Gear",
                "/browse/sports-outdoors/sports-fan-shop-womens-apparel-gear/4125_1063984_1063985_2771963"
            ],
            [
                "Illinois Fighting Illini Pajamas, Sweatpants & Loungewear",
                "/browse/sports-outdoors/illinois-fighting-illini-pajamas-sweatpants-loungewear/4125_1063984_1064346_1305019_5421091"
            ],
            [
                "Los Angeles Chargers Team Shop",
                "/browse/sports-outdoors/los-angeles-chargers-team-shop/4125_1063984_1423455_8537893_5914974"
            ],
            [
                "NFL Womens",
                "/browse/sports-outdoors/nfl-womens/4125_1063984_1423455_6231693"
            ],
            [
                "Illinois Fighting Illini Womens",
                "/browse/sports-outdoors/illinois-fighting-illini-womens/4125_1063984_1064346_1305019_6422066"
            ],
            [
                "Los Angeles Rams Womens",
                "/browse/sports-outdoors/los-angeles-rams-womens/4125_1063984_1423455_4668039_7684479"
            ],
            [
                "Los Angeles Rams Pajamas, Sweatpants & Loungewear",
                "/browse/sports-outdoors/los-angeles-rams-pajamas-sweatpants-loungewear/4125_1063984_1423455_4668039_8540953"
            ],
            [
                "Los Angeles Chargers Sweatshirts",
                "/browse/sports-outdoors/los-angeles-chargers-sweatshirts/4125_1063984_1423455_8537893_8858638"
            ]
        ]
    },
    {
        "title": "Tampa Bay Buccaneers NFL Pro Line by Fanatics Branded Midnight Mascot T-Shirt - Black",
        "url": "https://www.walmart.com/ip/Tampa-Bay-Buccaneers-NFL-Pro-Line-by-Fanatics-Branded-Midnight-Mascot-T-Shirt-Black/393955301",
        "price": "$24.99",
        "stars": 0,
        "ratings": 0,
        "img": "i5.walmartimages.com/asr/de7b221b-3650-4304-b1c5-307e4db49983.941b5b82b07771175effc65d02b1622d.jpeg?odnWidth=612&odnHeight=612&odnBg=ffffff",
        "tags": [
            [
                "Tampa Bay Buccaneers Team Shop",
                "/browse/sports-outdoors/tampa-bay-buccaneers-team-shop/4125_1063984_1423455_9254308_1859052"
            ],
            [
                "Tampa Bay Buccaneers Kids",
                "/browse/sports-outdoors/tampa-bay-buccaneers-kids/4125_1063984_1423455_9254308_2442478"
            ],
            [
                "Philadelphia Eagles T-Shirts",
                "/browse/sports-outdoors/philadelphia-eagles-t-shirts/4125_1063984_1423455_4078974_2583058"
            ],
            [
                "NFL T-shirts",
                "/browse/sports-outdoors/nfl-t-shirts/4125_1063984_1423455_2788159"
            ],
            [
                "Tom Brady Jerseys & Gear",
                "/browse/sports-outdoors/tom-brady-jerseys-gear/4125_1063984_1423455_2921129"
            ],
            [
                "Philadelphia Eagles Mens",
                "/browse/sports-outdoors/philadelphia-eagles-mens/4125_1063984_1423455_4078974_3329436"
            ],
            [
                "Fan Shop Americana",
                "/browse/sports-outdoors/fan-shop-americana/4125_1063984_2505429_7098318"
            ],
            [
                "Tampa Bay Buccaneers T-Shirts",
                "/browse/sports-outdoors/tampa-bay-buccaneers-t-shirts/4125_1063984_1423455_9254308_8002689"
            ]
        ]
    },
    {
        "title": "SKLZ Hit-A-Way Swing Trainer For Batting Power, Pacing, Timing, and Confidence",
        "url": "https://www.walmart.com/ip/SKLZ-Hit-A-Way-Swing-Trainer-For-Batting-Power-Pacing-Timing-and-Confidence/8586125",
        "price": "$29.95",
        "stars": "4.1",
        "ratings": "81 ",
        "img": "i5.walmartimages.com/asr/8e4918d5-d825-4b85-85e2-6e7ecd040f25_1.12bee2db25cef070b5c1f730e27efebb.jpeg?odnWidth=612&odnHeight=612&odnBg=ffffff",
        "tags": [
            [
                "Soccer Accessories",
                "/browse/sports-outdoors/soccer-accessories/4125_4161_432196_1041860"
            ],
            [
                "Baseballs",
                "/browse/sports-outdoors/baseballs/4125_4161_4162_1075685"
            ],
            [
                "Soccer Training Equipment",
                "/browse/sports-outdoors/soccer-training-equipment/4125_4161_432196_1075747"
            ],
            [
                "Softball Training Equipment",
                "/browse/sports-outdoors/softball-training-equipment/4125_4161_4169_131879"
            ],
            [
                "Pitching Machines",
                "/browse/sports-outdoors/pitching-machines/4125_4161_4162_1692608"
            ],
            [
                "Baseball Nets, Screens, and Rebounders",
                "/browse/sports-outdoors/baseball-nets-screens-rebounders/4125_4161_4162_4328068"
            ],
            [
                "Batting Tees",
                "/browse/sports-outdoors/batting-tees/4125_4161_4162_8787458"
            ],
            [
                "Softball Pitching Machines",
                "/browse/sports-outdoors/softball-pitching-machines/4125_4161_4169_9594695"
            ]
        ]
    },
    {
        "title": "Alabama Crimson Tide Colosseum Arch & Logo Pullover Hoodie - Crimson",
        "url": "https://www.walmart.com/ip/Alabama-Crimson-Tide-Colosseum-Arch-Logo-Pullover-Hoodie-Crimson/284265048",
        "price": "$27.99",
        "stars": "5.0",
        "ratings": "1 ",
        "img": "i5.walmartimages.com/asr/899274f4-d7d4-4c75-aeeb-bd6c41b6798b.70e4ebcbe0a84785881ed48c6a4e9d24.jpeg?odnWidth=612&odnHeight=612&odnBg=ffffff",
        "tags": [
            [
                "Men's Basic Sweatshirts",
                "/browse/clothing/mens-basic-sweatshirts/5438_9371431_8663445_8530855_3635558"
            ],
            [
                "Mens Big & Tall Loungewear",
                "/browse/clothing/mens-big-tall-loungewear/5438_133198_7081294_4532730"
            ],
            [
                "44A Bras",
                "/browse/clothing/44a-bras/5438_133162_3523459_7440021_3277817_6180088"
            ],
            [
                "Juniors Jeggings",
                "/browse/clothing/juniors-jeggings/5438_133201_5365070_7595144"
            ],
            [
                "Jackets & Hoodies",
                "/browse/clothing/jackets-hoodies/5438_6302452_8117979_6994925_7800943"
            ],
            [
                "Mens Big & Tall Active Fleece",
                "/browse/clothing/mens-big-tall-active-fleece/5438_133198_8347690_9337681"
            ],
            [
                "Mens Pullover Sweatshirts & Hoodies",
                "/browse/clothing/mens-pullover-sweatshirts-hoodies/5438_133197_4546464_9398985"
            ],
            [
                "Premium Mens Jeans",
                "/browse/clothing/premium-mens-jeans/5438_7151172_1281701_1898819_9896534"
            ]
        ]
    },
    {
        "title": "MLB Slammin' Sluggers Baseball Game",
        "url": "https://www.walmart.com/ip/MLB-Slammin-Sluggers-Baseball-Game/54307783",
        "price": "$29.99",
        "stars": "4.8",
        "ratings": "5 ",
        "img": "i5.walmartimages.com/asr/f3e4980e-429b-4828-97b2-972e2ee9f7df_1.29abdd0b125504b15c26a58b6f3bd1e8.jpeg?odnWidth=612&odnHeight=612&odnBg=ffffff",
        "tags": [
            [
                "Multi Game Tables",
                "/browse/sports-outdoors/multi-game-tables/4125_1224931_4158_1029579"
            ],
            [
                "Baseball Gloves",
                "/browse/sports-outdoors/baseball-gloves/4125_4161_4162_133187"
            ],
            [
                "Baseball Bats",
                "/browse/sports-outdoors/baseball-bats/4125_4161_4162_164208"
            ],
            [
                "Baseball Mitts",
                "/browse/sports-outdoors/baseball-mitts/4125_4161_4162_2568422"
            ],
            [
                "Baseball Pants",
                "/browse/sports-outdoors/baseball-pants/4125_4161_4162_2932263"
            ],
            [
                "Shop All Chicago Cubs",
                "/browse/sports-outdoors/shop-all-chicago-cubs/4125_1063984_1064344_7613693_3371664"
            ],
            [
                "Rawlings Baseball Gloves",
                "/browse/sports-outdoors/rawlings-baseball-gloves/4125_4161_4162_8280348"
            ],
            [
                "Baseball Apparel",
                "/browse/sports-outdoors/baseball-apparel/4125_4161_4162_936721"
            ]
        ]
    },
    {
        "title": "Men's Majestic Gray Los Angeles Dodgers A Flying Leap Raglan T-Shirt",
        "url": "https://www.walmart.com/ip/Men-s-Majestic-Gray-Los-Angeles-Dodgers-A-Flying-Leap-Raglan-T-Shirt/153546549",
        "price": "$10.99",
        "stars": 0,
        "ratings": 0,
        "img": "i5.walmartimages.com/asr/6fd3e291-b65a-4a7d-afdf-3600cdbaf208.32d715401760b491b714e723807a38ba.jpeg?odnWidth=612&odnHeight=612&odnBg=ffffff",
        "tags": [
            [
                "Los Angeles Dodgers Kids",
                "/browse/sports-outdoors/los-angeles-dodgers-kids/4125_1063984_1064344_4636882_3019488"
            ],
            [
                "Los Angeles Dodgers Womens",
                "/browse/sports-outdoors/los-angeles-dodgers-womens/4125_1063984_1064344_4636882_3254288"
            ],
            [
                "MLB Back to School",
                "/browse/sports-outdoors/mlb-back-to-school/4125_1063984_1064344_3973317_4695474"
            ],
            [
                "Los Angeles Dodgers Hats",
                "/browse/sports-outdoors/los-angeles-dodgers-hats/4125_1063984_1064344_4636882_5940917"
            ],
            [
                "MLB Summer Styles",
                "/browse/sports-outdoors/mlb-summer-styles/4125_1063984_1064344_3973317_6971514"
            ],
            [
                "Shop All Los Angeles Dodgers",
                "/browse/sports-outdoors/shop-all-los-angeles-dodgers/4125_1063984_1064344_4636882_8725059"
            ],
            [
                "Los Angeles Dodgers T-Shirts",
                "/browse/sports-outdoors/los-angeles-dodgers-t-shirts/4125_1063984_1064344_4636882_8766009"
            ],
            [
                "MLB T-Shirts",
                "/browse/sports-outdoors/mlb-t-shirts/4125_1063984_1064344_9587846"
            ]
        ]
    },
    {
        "title": "Women's Majestic Royal Los Angeles Dodgers Plus Size Sparkling Fun Button T-Shirt",
        "url": "https://www.walmart.com/ip/Women-s-Majestic-Royal-Los-Angeles-Dodgers-Plus-Size-Sparkling-Fun-Button-T-Shirt/779522619",
        "price": "$16.99",
        "stars": 0,
        "ratings": 0,
        "img": "i5.walmartimages.com/asr/3e4df752-b8a4-4ee2-a9fe-a4b677e9676a.ac27fc249d7a39b1a6c197b7703f4e84.jpeg?odnWidth=612&odnHeight=612&odnBg=ffffff",
        "tags": [
            [
                "Los Angeles Dodgers Kids",
                "/browse/sports-outdoors/los-angeles-dodgers-kids/4125_1063984_1064344_4636882_3019488"
            ],
            [
                "MLB Back to School",
                "/browse/sports-outdoors/mlb-back-to-school/4125_1063984_1064344_3973317_4695474"
            ],
            [
                "MLB Women's",
                "/browse/sports-outdoors/mlb-womens/4125_1063984_1064344_4935821"
            ],
            [
                "MLB Summer Styles",
                "/browse/sports-outdoors/mlb-summer-styles/4125_1063984_1064344_3973317_6971514"
            ],
            [
                "Los Angeles Dodgers Mens",
                "/browse/sports-outdoors/los-angeles-dodgers-mens/4125_1063984_1064344_4636882_8033135"
            ],
            [
                "Shop All Los Angeles Dodgers",
                "/browse/sports-outdoors/shop-all-los-angeles-dodgers/4125_1063984_1064344_4636882_8725059"
            ],
            [
                "Los Angeles Dodgers T-Shirts",
                "/browse/sports-outdoors/los-angeles-dodgers-t-shirts/4125_1063984_1064344_4636882_8766009"
            ],
            [
                "MLB T-Shirts",
                "/browse/sports-outdoors/mlb-t-shirts/4125_1063984_1064344_9587846"
            ]
        ]
    },
    {
        "title": "Florida State Seminoles The Northwest Company 60'' x 80'' Faculty Oversized Micro Raschel Throw Blanket - Garnet - OSFA",
        "url": "https://www.walmart.com/ip/Florida-State-Seminoles-The-Northwest-Company-60-x-80-Faculty-Oversized-Micro-Raschel-Throw-Blanket-Garnet-OSFA/346311068",
        "price": "$24.88",
        "stars": 0,
        "ratings": 0,
        "img": "i5.walmartimages.com/asr/ce32439e-6f28-4cb9-ba45-9226356c7146.a2372e22ede43d9a65266f0451a466bf.jpeg?odnWidth=612&odnHeight=612&odnBg=ffffff",
        "tags": [
            [
                "Bedding Fan Shop",
                "/browse/sports-outdoors/bedding-fan-shop/4125_1063984_1063994_1064004"
            ],
            [
                "Alabama Crimson Tide Bedding & Blankets",
                "/browse/sports-outdoors/alabama-crimson-tide-bedding-blankets/4125_1063984_1064346_4840714_1511771"
            ],
            [
                "NCAA Accessories",
                "/browse/sports-outdoors/ncaa-accessories/4125_1063984_1064346_3814509"
            ],
            [
                "Fan Shop Throw Blankets",
                "/browse/sports-outdoors/fan-shop-throw-blankets/4125_1063984_1063994_4277922"
            ],
            [
                "Florida State Seminoles Kids",
                "/browse/sports-outdoors/florida-state-seminoles-kids/4125_1063984_1064346_2384177_5821736"
            ],
            [
                "Florida State Seminoles Bath & Kitchen",
                "/browse/sports-outdoors/florida-state-seminoles-bath-kitchen/4125_1063984_1064346_2384177_8848554"
            ],
            [
                "NCAA Bedding",
                "/browse/sports-outdoors/ncaa-bedding/4125_1063984_1064346_9306294"
            ],
            [
                "Florida State Seminoles",
                "/browse/sports-outdoors/florida-state-seminoles/4125_1063984_1064346_9674931"
            ]
        ]
    }
]