[
    {
        "title": "Roller Derby Stinger 5.2 Adjustable Girl's Inline Skates",
        "url": "https://www.walmart.com/ip/Roller-Derby-Stinger-5-2-Adjustable-Girl-s-Inline-Skates/182972801",
        "price": "$44.58",
        "stars": "5.0",
        "ratings": "10 ",
        "img": "i5.walmartimages.com/asr/e3808197-3098-472e-93cf-fe0972aeb14f_1.894371b64a63879fc272fcb94d37abb6.jpeg?odnWidth=612&odnHeight=612&odnBg=ffffff",
        "tags": [
            [
                "Hockey Accessories",
                "/browse/sports-outdoors/hockey-accessories/4125_4161_1075750_1075753"
            ],
            [
                "All Kids' Bikes",
                "/browse/sports-outdoors/all-kids-bikes/4125_1081404_9240575_1085618"
            ],
            [
                "Bike Pads",
                "/browse/sports-outdoors/bike-pads/4125_1081404_7258752_5248669"
            ],
            [
                "Bike Helmets",
                "/browse/sports-outdoors/bike-helmets/4125_1081404_7258752_6249551"
            ],
            [
                "Roller Skates",
                "/browse/sports-outdoors/roller-skates/4125_1224931_7628560_8241867_7343776"
            ],
            [
                "Kids' BMX Bikes",
                "/browse/sports-outdoors/kids-bmx-bikes/4125_1081404_9240575_7577999"
            ],
            [
                "Hockey Pads",
                "/browse/sports-outdoors/hockey-pads/4125_4161_1075750_9016454"
            ],
            [
                "Skateboard Helmets",
                "/browse/sports-outdoors/skateboard-helmets/4125_1224931_7628560_3297420_9909579"
            ]
        ]
    },
    {
        "title": "Pre-packaged 15 Ft Enclosure Netting for 6 pole enclosure",
        "url": "https://www.walmart.com/ip/Pre-packaged-15-Ft-Enclosure-Netting-for-6-pole-enclosure/51677113",
        "price": "$72.83",
        "stars": "4.7",
        "ratings": "6 ",
        "img": "i5.walmartimages.com/asr/0a07896f-7d8f-4c25-801f-0035663685e7_1.e5a37be094aea88e7799ae8396fd3c38.jpeg?odnWidth=612&odnHeight=612&odnBg=ffffff",
        "tags": [
            [
                "Trampoline Pads",
                "/browse/sports-outdoors/trampoline-pads/4125_1224931_5230_8012279_1344890"
            ],
            [
                "Trampoline Mats",
                "/browse/sports-outdoors/trampoline-mats/4125_1224931_5230_8012279_1457575"
            ],
            [
                "Trampoline Covers",
                "/browse/sports-outdoors/trampoline-covers/4125_1224931_5230_5500985_2190651"
            ],
            [
                "Skywalker Trampolines",
                "/browse/sports-outdoors/skywalker-trampolines/4125_1224931_5230_3070542"
            ],
            [
                "Trampoline Nets",
                "/browse/sports-outdoors/trampoline-nets/4125_1224931_5230_8012279_6046144"
            ],
            [
                "Trampoline Springs",
                "/browse/sports-outdoors/trampoline-springs/4125_1224931_5230_8012279_6527741"
            ],
            [
                "Upper Bounce",
                "/browse/sports-outdoors/upper-bounce/4125_1224931_5230_8470403"
            ],
            [
                "Trampoline Ladders",
                "/browse/sports-outdoors/trampoline-ladders/4125_1224931_5230_5500985_9521766"
            ]
        ]
    },
    {
        "title": "30.6\"Skateboard Long-board Wood Skateboard Complete Deck for Boys and Girls,Max Load 220lb",
        "url": "https://www.walmart.com/ip/30-6-Skateboard-Long-board-Wood-Skateboard-Complete-Deck-for-Boys-and-Girls-Max-Load-220lb/306070303",
        "price": "$38.99",
        "stars": "4.0",
        "ratings": "4 ",
        "img": "i5.walmartimages.com/asr/1f85e3a6-f3bf-4b68-b919-fe4eaa8836b9_1.45556a40554f4cca8a96b5e0eae0f20b.jpeg?odnWidth=612&odnHeight=612&odnBg=ffffff",
        "tags": [
            [
                "Electric Bikes",
                "/browse/sports-outdoors/electric-bikes/4125_1081404_1230089_1806718"
            ],
            [
                "Mini Skateboards",
                "/browse/sports-outdoors/mini-skateboards/4125_1224931_7628560_3297420_2492031"
            ],
            [
                "Bodyboards",
                "/browse/sports-outdoors/bodyboards/4125_546956_1075805_5055442_2851938"
            ],
            [
                "Electric Skateboards",
                "/browse/sports-outdoors/electric-skateboards/4125_1224931_7628560_3297420_3071714"
            ],
            [
                "Bike Pads",
                "/browse/sports-outdoors/bike-pads/4125_1081404_7258752_5248669"
            ],
            [
                "Skateboard Parts",
                "/browse/sports-outdoors/skateboard-parts/4125_1224931_7628560_3297420_5930613"
            ],
            [
                "Longboards",
                "/browse/sports-outdoors/longboards/4125_1224931_7628560_3297420_6768101"
            ],
            [
                "Skateboard Helmets",
                "/browse/sports-outdoors/skateboard-helmets/4125_1224931_7628560_3297420_9909579"
            ]
        ]
    },
    {
        "title": "Trademark Games Professional Style Tungsten Dart Set",
        "url": "https://www.walmart.com/ip/Trademark-Games-Professional-Style-Tungsten-Dart-Set/17164886",
        "price": "$21.53",
        "stars": "4.6",
        "ratings": "13 ",
        "img": "",
        "tags": [
            [
                "Dartboards",
                "/browse/sports-outdoors/dartboards/4125_1224931_4158_1028979_1051640"
            ],
            [
                "Dart Supplies",
                "/browse/sports-outdoors/dart-supplies/4125_1224931_4158_1028979_1075764"
            ],
            [
                "Referee & Scorekeeping",
                "/browse/sports-outdoors/referee-scorekeeping/4125_4161_1091550"
            ],
            [
                "Dartboard Cabinets",
                "/browse/sports-outdoors/dartboard-cabinets/4125_1224931_4158_1028979_2895638"
            ],
            [
                "Lawn Darts",
                "/browse/sports-outdoors/lawn-darts/4125_1224931_7643019_2157795_4542645"
            ],
            [
                "Dart Cases & Wallets",
                "/browse/sports-outdoors/dart-cases-wallets/4125_1224931_4158_1028979_4805978"
            ],
            [
                "Dart Shafts",
                "/browse/sports-outdoors/dart-shafts/4125_1224931_4158_1028979_5079378"
            ],
            [
                "Dart Flights",
                "/browse/sports-outdoors/dart-flights/4125_1224931_4158_1028979_5901296"
            ]
        ]
    },
    {
        "title": "Little Tikes 3-In-1 Triple Splash T-Ball Set with 3 Balls",
        "url": "https://www.walmart.com/ip/Little-Tikes-3-In-1-Triple-Splash-T-Ball-Set-with-3-Balls/775425492",
        "price": "$29.88",
        "stars": "4.3",
        "ratings": "56 ",
        "img": "i5.walmartimages.com/asr/4862528e-f8cf-4c47-a11d-4f7f7e8b42de_1.9e7d671f8470f6895abb5d8ba5be709b.jpeg?odnWidth=612&odnHeight=612&odnBg=ffffff",
        "tags": [
            [
                "Toy Golf",
                "/browse/toys/toy-golf/4171_14521_1699076_1605673"
            ],
            [
                "VTech Toys",
                "/browse/toys/vtech-toys/4171_3438149_3348821"
            ],
            [
                "Pretend Play Toys for Boys",
                "/browse/toys/pretend-play-toys-for-boys/4171_4173_3613401"
            ],
            [
                "Little Tikes Pretend Play",
                "/browse/toys/little-tikes-pretend-play/4171_3438149_4985035_4171032"
            ],
            [
                "Little Tikes Outdoor Play",
                "/browse/toys/little-tikes-outdoor-play/4171_3438149_4985035_5081478"
            ],
            [
                "Baseball Toys",
                "/browse/toys/baseball-toys/4171_14521_1699076_5469794"
            ],
            [
                "Little Tikes Sport Toys",
                "/browse/toys/little-tikes-sport-toys/4171_3438149_4985035_6073099"
            ],
            [
                "All Toy Sports Equipment",
                "/browse/toys/all-toy-sports-equipment/4171_14521_1699076_6100690"
            ]
        ]
    },
    {
        "title": "Gymax Kids Youth Jumping Round Trampoline Exercise W/ Safety Pad",
        "url": "https://www.walmart.com/ip/Gymax-Kids-Youth-Jumping-Round-Trampoline-Exercise-W-Safety-Pad/553689738",
        "price": "$106.99",
        "stars": "4.0",
        "ratings": "10 ",
        "img": "i5.walmartimages.com/asr/200fb8c9-f6ee-4c88-8cc6-8c347a791274.d237333bc6546cfc1c796d7ab757e646.jpeg?odnWidth=612&odnHeight=612&odnBg=ffffff",
        "tags": [
            [
                "Indoor Kids Trampolines",
                "/browse/sports-outdoors/indoor-kids-trampolines/4125_1224931_5230_1971984"
            ],
            [
                "Enclosed Trampolines",
                "/browse/sports-outdoors/enclosed-trampolines/4125_1224931_5230_3863838"
            ],
            [
                "Indoor Trampolines",
                "/browse/sports-outdoors/indoor-trampolines/4125_1224931_5230_5214161"
            ],
            [
                "Bounce Pro",
                "/browse/sports-outdoors/bounce-pro/4125_1224931_5230_5794608"
            ],
            [
                "Trampolines for Kids",
                "/browse/sports-outdoors/trampolines-for-kids/4125_1224931_5230_6924106"
            ],
            [
                "Baby Trampolines",
                "/browse/sports-outdoors/baby-trampolines/4125_1224931_5230_7254399"
            ],
            [
                "Toddler Trampolines",
                "/browse/sports-outdoors/toddler-trampolines/4125_1224931_5230_7967398"
            ],
            [
                "Outdoor Trampolines",
                "/browse/sports-outdoors/outdoor-trampolines/4125_1224931_5230_9791312"
            ]
        ]
    },
    {
        "title": "Hedstrom - Halex Velocity 1.0 Table Tennis Paddle",
        "url": "https://www.walmart.com/ip/Hedstrom-Halex-Velocity-1-0-Table-Tennis-Paddle/54458681",
        "price": "$6.00",
        "stars": 0,
        "ratings": 0,
        "img": "i5.walmartimages.com/asr/0e7ce857-10e5-4897-be7a-c003807015c1_2.e1bf99a51c5b62de02f4b1f48bdc8fac.jpeg?odnWidth=612&odnHeight=612&odnBg=ffffff",
        "tags": [
            [
                "Tennis Court Equipment",
                "/browse/sports-outdoors/tennis-court-equipment/4125_4161_538538_1075606"
            ],
            [
                "All Lawn Games",
                "/browse/sports-outdoors/all-lawn-games/4125_1224931_7643019_1075784"
            ],
            [
                "Table Tennis Tables",
                "/browse/sports-outdoors/table-tennis-tables/4125_1224931_4158_5896074_3255758"
            ],
            [
                "Maintenance & Care",
                "/browse/sports-outdoors/maintenance-care/4125_1224931_4158_5896074_4221725"
            ],
            [
                "Ping Pong Balls",
                "/browse/sports-outdoors/ping-pong-balls/4125_1224931_4158_5896074_4470181"
            ],
            [
                "All Table Tennis",
                "/browse/sports-outdoors/all-table-tennis/4125_1224931_4158_5896074_5229"
            ],
            [
                "Foosball Accessories",
                "/browse/sports-outdoors/foosball-accessories/4125_1224931_4158_9596320_7598214"
            ],
            [
                "Tennis Nets",
                "/browse/sports-outdoors/tennis-nets/4125_4161_538538_8102513"
            ]
        ]
    },
    {
        "title": "Skywalker Trampolines 12' Round Spring Pad, Blue",
        "url": "https://www.walmart.com/ip/Skywalker-Trampolines-12-Round-Spring-Pad-Blue/51677106",
        "price": "$66.03",
        "stars": "3.3",
        "ratings": "4 ",
        "img": "i5.walmartimages.com/asr/f18461ec-097b-4360-851f-906fc4e2027c_1.372fd286d926e2244dcfe1628bd796ca.jpeg?odnWidth=612&odnHeight=612&odnBg=ffffff",
        "tags": [
            [
                "Trampoline Mats",
                "/browse/sports-outdoors/trampoline-mats/4125_1224931_5230_8012279_1457575"
            ],
            [
                "Trampoline Enclosures",
                "/browse/sports-outdoors/trampoline-enclosures/4125_1224931_5230_8012279_1679284"
            ],
            [
                "Trampoline Covers",
                "/browse/sports-outdoors/trampoline-covers/4125_1224931_5230_5500985_2190651"
            ],
            [
                "Skywalker Trampolines",
                "/browse/sports-outdoors/skywalker-trampolines/4125_1224931_5230_3070542"
            ],
            [
                "Trampoline Nets",
                "/browse/sports-outdoors/trampoline-nets/4125_1224931_5230_8012279_6046144"
            ],
            [
                "Trampoline Springs",
                "/browse/sports-outdoors/trampoline-springs/4125_1224931_5230_8012279_6527741"
            ],
            [
                "Upper Bounce",
                "/browse/sports-outdoors/upper-bounce/4125_1224931_5230_8470403"
            ],
            [
                "Trampoline Ladders",
                "/browse/sports-outdoors/trampoline-ladders/4125_1224931_5230_5500985_9521766"
            ]
        ]
    },
    {
        "title": "Sterling Sports Deluxe Tetherball Set",
        "url": "https://www.walmart.com/ip/Sterling-Sports-Deluxe-Tetherball-Set/46054578",
        "price": "$42.30",
        "stars": "3.7",
        "ratings": "38 ",
        "img": "i5.walmartimages.com/asr/80877bbf-3d65-423f-946c-41e415d57264_1.65bb3dd8927aec8ff7c53b2e4b51526a.jpeg?odnWidth=612&odnHeight=612&odnBg=ffffff",
        "tags": [
            [
                "Sports Equipment Fan Shop",
                "/browse/sports-outdoors/sports-equipment-fan-shop/4125_1063984_1064023_1064047"
            ],
            [
                "Volleyball Training Equipment",
                "/browse/sports-outdoors/volleyball-training-equipment/4125_4161_1041862_1075732"
            ],
            [
                "All Lawn Games",
                "/browse/sports-outdoors/all-lawn-games/4125_1224931_7643019_1075784"
            ],
            [
                "Cornhole",
                "/browse/sports-outdoors/cornhole/4125_1224931_7643019_2157795_4279235"
            ],
            [
                "Badminton Nets",
                "/browse/sports-outdoors/badminton-nets/4125_1224931_7643019_1945581_6098698"
            ],
            [
                "Ring & Washer Toss",
                "/browse/sports-outdoors/ring-washer-toss/4125_1224931_7643019_2157795_6811774"
            ],
            [
                "Horseshoes",
                "/browse/sports-outdoors/horseshoes/4125_1224931_7643019_2157795_8389343"
            ],
            [
                "Disc Sports",
                "/browse/sports-outdoors/disc-sports/4125_1224931_7643019_2157795_8506756"
            ]
        ]
    },
    {
        "title": "2 Decks Bicycle Rider Back 808 Standard Poker Playing Cards Red & Blue",
        "url": "https://www.walmart.com/ip/2-Decks-Bicycle-Rider-Back-808-Standard-Poker-Playing-Cards-Red-Blue/645977105",
        "price": "$8.49",
        "stars": "5.0",
        "ratings": "5 ",
        "img": "",
        "tags": [
            [
                "Card Games",
                "/browse/toys/card-games/4171_4191_163842"
            ],
            [
                "Classic Games",
                "/browse/toys/classic-games/4171_4191_2084995"
            ],
            [
                "Family Games",
                "/browse/toys/family-games/4171_4191_2335373_2204878"
            ],
            [
                "All Board Games",
                "/browse/toys/all-board-games/4171_4191_133123_4497274"
            ],
            [
                "Dragon Toys",
                "/browse/toys/dragon-toys/4171_7357538_5461952"
            ],
            [
                "Toys for Kids 5 to 7 Years",
                "/browse/toys/toys-for-kids-5-to-7-years/4171_3318550_617941_8920388"
            ],
            [
                "Adult Games",
                "/browse/toys/adult-games/4171_4191_2335373_9523585"
            ]
        ]
    }
]