[
    {
        "title": "GoSports Giant Wooden Playing Dice Set for Jumbo Size Fun, Includes 6 Dice and Canvas Carrying Bag",
        "url": "https://www.walmart.com/ip/GoSports-Giant-Wooden-Playing-Dice-Set-for-Jumbo-Size-Fun-Includes-6-Dice-and-Canvas-Carrying-Bag/54267613",
        "price": "$29.99",
        "stars": "4.4",
        "ratings": "11 ",
        "img": "i5.walmartimages.com/asr/891711f0-8071-467a-bc7e-6d6b8d497538_1.d9eb723044636774f665783ae581ead0.jpeg?odnWidth=612&odnHeight=612&odnBg=ffffff",
        "tags": [
            [
                "All Lawn Games",
                "/browse/sports-outdoors/all-lawn-games/4125_1224931_7643019_1075784"
            ],
            [
                "Bocce",
                "/browse/sports-outdoors/bocce/4125_1224931_7643019_2702528"
            ],
            [
                "Tailgate Games",
                "/browse/sports-outdoors/tailgate-games/4125_1224931_7643019_3868814"
            ],
            [
                "Ladder Ball",
                "/browse/sports-outdoors/ladder-ball/4125_1224931_7643019_2157795_4252680"
            ],
            [
                "Cornhole",
                "/browse/sports-outdoors/cornhole/4125_1224931_7643019_2157795_4279235"
            ],
            [
                "Disc Sports",
                "/browse/sports-outdoors/disc-sports/4125_1224931_7643019_2157795_8506756"
            ],
            [
                "Dice",
                "/browse/sports-outdoors/dice/4125_1224931_4158_6997359_7433269_8704617"
            ],
            [
                "All Cards and Casino",
                "/browse/sports-outdoors/all-cards-casino/4125_1224931_4158_6997359_9920324"
            ]
        ]
    },
    {
        "title": "Punisher Skateboards Warrior 31.5\" ABEC-7 Complete Skateboard",
        "url": "https://www.walmart.com/ip/Punisher-Skateboards-Warrior-31-5-ABEC-7-Complete-Skateboard/32662118",
        "price": "$49.99",
        "stars": "4.4",
        "ratings": "7 ",
        "img": "i5.walmartimages.com/asr/56835084-40b9-4fc2-bdbf-f2af7e495003_1.5fdad999362b3e2dd313d2a647be536d.jpeg?odnWidth=612&odnHeight=612&odnBg=ffffff",
        "tags": [
            [
                "Hockey Accessories",
                "/browse/sports-outdoors/hockey-accessories/4125_4161_1075750_1075753"
            ],
            [
                "Mini Skateboards",
                "/browse/sports-outdoors/mini-skateboards/4125_1224931_7628560_3297420_2492031"
            ],
            [
                "Bodyboards",
                "/browse/sports-outdoors/bodyboards/4125_546956_1075805_5055442_2851938"
            ],
            [
                "Electric Skateboards",
                "/browse/sports-outdoors/electric-skateboards/4125_1224931_7628560_3297420_3071714"
            ],
            [
                "Skateboard Parts",
                "/browse/sports-outdoors/skateboard-parts/4125_1224931_7628560_3297420_5930613"
            ],
            [
                "Longboards",
                "/browse/sports-outdoors/longboards/4125_1224931_7628560_3297420_6768101"
            ],
            [
                "Hockey Pads",
                "/browse/sports-outdoors/hockey-pads/4125_4161_1075750_9016454"
            ],
            [
                "Skateboard Helmets",
                "/browse/sports-outdoors/skateboard-helmets/4125_1224931_7628560_3297420_9909579"
            ]
        ]
    },
    {
        "title": "MEGAWHEELS Tarot Cards Oracle Of The Shapeshifters Educational Toys Board Games Party Supplies For Adult Children",
        "url": "https://www.walmart.com/ip/MEGAWHEELS-Tarot-Cards-Oracle-Of-The-Shapeshifters-Educational-Toys-Board-Games-Party-Supplies-For-Adult-Children/276297534",
        "price": "$12.29",
        "stars": 0,
        "ratings": 0,
        "img": "i5.walmartimages.com/asr/8d77035f-1af5-4c28-bae4-0da281d11a8e.0e2e50789427ffd23fa640b46dce5391.jpeg?odnWidth=612&odnHeight=612&odnBg=ffffff",
        "tags": []
    },
    {
        "title": "Discraft 175g Ultra-Star Sportdisc-Orange",
        "url": "https://www.walmart.com/ip/Discraft-175g-Ultra-Star-Sportdisc-Orange/192966692",
        "price": "$22.83",
        "stars": "4.3",
        "ratings": "3 ",
        "img": "i5.walmartimages.com/asr/499131c7-75e0-4e66-8f6c-21f1451cc975_1.806e04108d2eadec68675b4a7d42c467.jpeg?odnWidth=612&odnHeight=612&odnBg=ffffff",
        "tags": [
            [
                "All Lawn Games",
                "/browse/sports-outdoors/all-lawn-games/4125_1224931_7643019_1075784"
            ],
            [
                "Disc Golf Discs",
                "/browse/sports-outdoors/disc-golf-discs/4125_1224931_7643019_7352806_1874295"
            ],
            [
                "Shuttlecocks",
                "/browse/sports-outdoors/shuttlecocks/4125_1224931_7643019_1945581_3200876"
            ],
            [
                "Badminton Racquets",
                "/browse/sports-outdoors/badminton-racquets/4125_1224931_7643019_1945581_3443020"
            ],
            [
                "Tailgate Games",
                "/browse/sports-outdoors/tailgate-games/4125_1224931_7643019_3868814"
            ],
            [
                "Ladder Ball",
                "/browse/sports-outdoors/ladder-ball/4125_1224931_7643019_2157795_4252680"
            ],
            [
                "Badminton Nets",
                "/browse/sports-outdoors/badminton-nets/4125_1224931_7643019_1945581_6098698"
            ],
            [
                "Pickleball Sets",
                "/browse/sports-outdoors/pickleball-sets/4125_4161_6675878_6246638"
            ]
        ]
    },
    {
        "title": "Sport Squad Air Hockey Replacement Pucks, 2\", 3ct",
        "url": "https://www.walmart.com/ip/Sport-Squad-Air-Hockey-Replacement-Pucks-2-3ct/763477655",
        "price": "$7.78",
        "stars": 0,
        "ratings": 0,
        "img": "i5.walmartimages.com/asr/1401d52b-e139-47d1-b07b-e715d429438d_4.89d311e9ff6d82867f12a3f57249e13e.jpeg?odnWidth=612&odnHeight=612&odnBg=ffffff",
        "tags": [
            [
                "Multi Game Tables",
                "/browse/sports-outdoors/multi-game-tables/4125_1224931_4158_1029579"
            ],
            [
                "Shuffleboard Tables",
                "/browse/sports-outdoors/shuffleboard-tables/4125_1224931_4158_9015002_1043950"
            ],
            [
                "Arcade Basketball",
                "/browse/sports-outdoors/arcade-basketball/4125_1224931_4158_78398_1755457"
            ],
            [
                "Table Hockey",
                "/browse/sports-outdoors/table-hockey/4125_1224931_4158_4119037"
            ],
            [
                "Pool Tables",
                "/browse/sports-outdoors/pool-tables/4125_1224931_4158_3447807_5189373"
            ],
            [
                "All Billiards",
                "/browse/sports-outdoors/all-billiards/4125_1224931_4158_3447807_78353"
            ],
            [
                "Foosball Tables",
                "/browse/sports-outdoors/foosball-tables/4125_1224931_4158_9596320_78357"
            ]
        ]
    },
    {
        "title": "MD Sports 48\" Air Powered Hockey Table, LED Electronic Scorer, Black/Green",
        "url": "https://www.walmart.com/ip/MD-Sports-48-Air-Powered-Hockey-Table-LED-Electronic-Scorer-Black-Green/683015995",
        "price": "$99.99",
        "stars": "4.2",
        "ratings": "236 ",
        "img": "i5.walmartimages.com/asr/04653122-af96-4953-9b69-fa054b0daa7a_1.8b03262935205e8c28336bd50ed31aa4.jpeg?odnWidth=612&odnHeight=612&odnBg=ffffff",
        "tags": [
            [
                "Father's Day Electronics",
                "/browse/seasonal/fathers-day-electronics/1085632_1094344_2365074"
            ],
            [
                "Connected Dorm Room",
                "/browse/seasonal/connected-dorm-room/1085632_8174172_6292484_2548864"
            ],
            [
                "Shop All Glass",
                "/browse/seasonal/shop-all-glass/1085632_1071204_4976191"
            ],
            [
                "Mother's Day Electronics Gifts",
                "/browse/seasonal/mothers-day-electronics-gifts/1085632_1093554_5742102"
            ],
            [
                "Audio",
                "/browse/seasonal/audio/1085632_8174172_6292484_5759323"
            ],
            [
                "Tax Free Shop All",
                "/browse/tax-free-shop-all/1085632_6767877"
            ],
            [
                "Electronics Gifts for Grads",
                "/browse/seasonal/electronics-gifts-for-grads/1085632_1105121_7594959"
            ],
            [
                "Back to School Home Audio Visual",
                "/browse/seasonal/back-to-school-home-audio-visual/1085632_1071204_7767149_8665149"
            ]
        ]
    },
    {
        "title": "Shuffleboard Powder Wax",
        "url": "https://www.walmart.com/ip/Shuffleboard-Powder-Wax/29137987",
        "price": "$16.99",
        "stars": "2.7",
        "ratings": "3 ",
        "img": "",
        "tags": [
            [
                "Multi Game Tables",
                "/browse/sports-outdoors/multi-game-tables/4125_1224931_4158_1029579"
            ],
            [
                "Shuffleboard Tables",
                "/browse/sports-outdoors/shuffleboard-tables/4125_1224931_4158_9015002_1043950"
            ],
            [
                "Hockey Training Aids",
                "/browse/sports-outdoors/hockey-training-aids/4125_4161_1075750_1456212"
            ],
            [
                "Hockey Pucks",
                "/browse/sports-outdoors/hockey-pucks/4125_4161_1075750_2777041"
            ],
            [
                "All Billiards",
                "/browse/sports-outdoors/all-billiards/4125_1224931_4158_3447807_78353"
            ],
            [
                "Air Hockey",
                "/browse/sports-outdoors/air-hockey/4125_1224931_4158_78356"
            ],
            [
                "Foosball Tables",
                "/browse/sports-outdoors/foosball-tables/4125_1224931_4158_9596320_78357"
            ]
        ]
    },
    {
        "title": "ATIVAFIT 36-Inch Folding Trampoline Mini Rebounder\u00a0,Suitable for Indoor and Outdoor use, for Two Kids with safty Padded Cover",
        "url": "https://www.walmart.com/ip/ATIVAFIT-36-Inch-Folding-Trampoline-Mini-Rebounder-nbsp-Suitable-for-Indoor-and-Outdoor-use-for-Two-Kids-with-safty-Padded-Cover/816642307",
        "price": "$69.99",
        "stars": "5.0",
        "ratings": "1 ",
        "img": "",
        "tags": [
            [
                "Classic Games",
                "/browse/toys/classic-games/4171_4191_2084995"
            ],
            [
                "Family Games",
                "/browse/toys/family-games/4171_4191_2335373_2204878"
            ],
            [
                "All Board Games",
                "/browse/toys/all-board-games/4171_4191_133123_4497274"
            ],
            [
                "Toys for Kids 2 to 4 Years",
                "/browse/toys/toys-for-kids-2-to-4-years/4171_3318550_7016108_4703344"
            ],
            [
                "Fashion Dolls",
                "/browse/toys/fashion-dolls/4171_4187_8051423_7344622"
            ],
            [
                "All Barbie Dolls",
                "/browse/toys/all-barbie-dolls/4171_4187_1953337_8898526_7849876"
            ],
            [
                "Toys for Kids 5 to 7 Years",
                "/browse/toys/toys-for-kids-5-to-7-years/4171_3318550_617941_8920388"
            ]
        ]
    },
    {
        "title": "PLASTIC DISC ASSORTED COLORS",
        "url": "https://www.walmart.com/ip/PLASTIC-DISC-ASSORTED-COLORS/194198073",
        "price": "$11.04",
        "stars": 0,
        "ratings": 0,
        "img": "i5.walmartimages.com/asr/6b17c668-ca92-47a7-b687-6e868643f6b3_1.3c86b5c257d9d7090bff2363a782c9bc.jpeg?odnWidth=612&odnHeight=612&odnBg=ffffff",
        "tags": [
            [
                "All Lawn Games",
                "/browse/sports-outdoors/all-lawn-games/4125_1224931_7643019_1075784"
            ],
            [
                "Disc Golf Discs",
                "/browse/sports-outdoors/disc-golf-discs/4125_1224931_7643019_7352806_1874295"
            ],
            [
                "Tailgate Games",
                "/browse/sports-outdoors/tailgate-games/4125_1224931_7643019_3868814"
            ],
            [
                "Cornhole",
                "/browse/sports-outdoors/cornhole/4125_1224931_7643019_2157795_4279235"
            ],
            [
                "Ring & Washer Toss",
                "/browse/sports-outdoors/ring-washer-toss/4125_1224931_7643019_2157795_6811774"
            ],
            [
                "NCAA Tailgate Games",
                "/browse/sports-outdoors/ncaa-tailgate-games/4125_1063984_1064346_6829067"
            ],
            [
                "NFL Tailgate Games",
                "/browse/sports-outdoors/nfl-tailgate-games/4125_1063984_1423455_7283319"
            ],
            [
                "Beer Pong",
                "/browse/sports-outdoors/beer-pong/4125_1224931_7643019_2157795_7423154"
            ]
        ]
    },
    {
        "title": "Stamina Oval Fitness Trampoline",
        "url": "https://www.walmart.com/ip/Stamina-Oval-Fitness-Trampoline/738847869",
        "price": "$59.00",
        "stars": "4.7",
        "ratings": "20 ",
        "img": "i5.walmartimages.com/asr/4a062b45-137a-41d8-9ae8-d390afc03640_1.acd367a8bbcd9b8c135b8323a73890f2.jpeg?odnWidth=612&odnHeight=612&odnBg=ffffff",
        "tags": [
            [
                "Indoor Kids Trampolines",
                "/browse/sports-outdoors/indoor-kids-trampolines/4125_1224931_5230_1971984"
            ],
            [
                "Mini Trampolines",
                "/browse/sports-outdoors/mini-trampolines/4125_1224931_5230_4789064"
            ],
            [
                "Small Trampolines",
                "/browse/sports-outdoors/small-trampolines/4125_1224931_5230_5042519"
            ],
            [
                "Indoor Trampolines",
                "/browse/sports-outdoors/indoor-trampolines/4125_1224931_5230_5214161"
            ],
            [
                "Trampolines for Kids",
                "/browse/sports-outdoors/trampolines-for-kids/4125_1224931_5230_6924106"
            ],
            [
                "Baby Trampolines",
                "/browse/sports-outdoors/baby-trampolines/4125_1224931_5230_7254399"
            ],
            [
                "Exercise & Workout Trampolines",
                "/browse/sports-outdoors/exercise-workout-trampolines/4125_1224931_5230_7812697"
            ],
            [
                "Toddler Trampolines",
                "/browse/sports-outdoors/toddler-trampolines/4125_1224931_5230_7967398"
            ]
        ]
    }
]