[
    {
        "title": "Rawlings 32.5\" Renegade Series Baseball Catchers Mitt, Right Hand Throw",
        "url": "https://www.walmart.com/ip/Rawlings-32-5-Renegade-Series-Baseball-Catchers-Mitt-Right-Hand-Throw/682156087",
        "price": "$32.84",
        "stars": "5.0",
        "ratings": "5 ",
        "img": "",
        "tags": [
            [
                "Baseball Protective Gear",
                "/browse/sports-outdoors/baseball-protective-gear/4125_4161_4162_131878"
            ],
            [
                "Baseball Helmets",
                "/browse/sports-outdoors/baseball-helmets/4125_4161_4162_1410296"
            ],
            [
                "Baseball Mitts",
                "/browse/sports-outdoors/baseball-mitts/4125_4161_4162_2568422"
            ],
            [
                "Youth Baseball Gloves",
                "/browse/sports-outdoors/youth-baseball-gloves/4125_4161_4162_3204592"
            ],
            [
                "Catchers Mitts",
                "/browse/sports-outdoors/catchers-mitts/4125_4161_4162_3896940"
            ],
            [
                "First Baseman Gloves",
                "/browse/sports-outdoors/first-baseman-gloves/4125_4161_4162_5489190"
            ],
            [
                "Softball Gloves",
                "/browse/sports-outdoors/softball-gloves/4125_4161_4169_77127"
            ],
            [
                "Rawlings Baseball Gloves",
                "/browse/sports-outdoors/rawlings-baseball-gloves/4125_4161_4162_8280348"
            ]
        ]
    },
    {
        "title": "Franklin Sports RTP Series 8.5\" Youth T-Ball Glove, Right Hand Throw",
        "url": "https://www.walmart.com/ip/Franklin-Sports-RTP-Series-8-5-Youth-T-Ball-Glove-Right-Hand-Throw/50013477",
        "price": "$10.50",
        "stars": "4.8",
        "ratings": "20 ",
        "img": "i5.walmartimages.com/asr/5afd83e1-5d52-40ba-bf7c-65045d0dcc98_1.162675d6f284f47e770d40c8a2abaf27.jpeg?odnWidth=612&odnHeight=612&odnBg=ffffff",
        "tags": [
            [
                "Baseballs",
                "/browse/sports-outdoors/baseballs/4125_4161_4162_1075685"
            ],
            [
                "Baseball Bats",
                "/browse/sports-outdoors/baseball-bats/4125_4161_4162_164208"
            ],
            [
                "Youth Baseball Bats",
                "/browse/sports-outdoors/youth-baseball-bats/4125_4161_4162_2055381"
            ],
            [
                "Baseball Mitts",
                "/browse/sports-outdoors/baseball-mitts/4125_4161_4162_2568422"
            ],
            [
                "Youth Baseball Gloves",
                "/browse/sports-outdoors/youth-baseball-gloves/4125_4161_4162_3204592"
            ],
            [
                "Wilson Baseball Gloves",
                "/browse/sports-outdoors/wilson-baseball-gloves/4125_4161_4162_5859197"
            ],
            [
                "Softball Gloves",
                "/browse/sports-outdoors/softball-gloves/4125_4161_4169_77127"
            ],
            [
                "Rawlings Baseball Gloves",
                "/browse/sports-outdoors/rawlings-baseball-gloves/4125_4161_4162_8280348"
            ]
        ]
    },
    {
        "title": "Tennis Net Tennis&Racquet Sports Drop Coated Headband Provides Exceptional Resistance Against Tearing 1xTennis Net 42x3.5 ft",
        "url": "https://www.walmart.com/ip/Tennis-Net-Tennis-Racquet-Sports-Drop-Coated-Headband-Provides-Exceptional-Resistance-Against-Tearing-1xTennis-Net-42x3-5-ft/579828540",
        "price": "$46.99",
        "stars": 0,
        "ratings": 0,
        "img": "",
        "tags": [
            [
                "Volleyball Training Equipment",
                "/browse/sports-outdoors/volleyball-training-equipment/4125_4161_1041862_1075732"
            ],
            [
                "All Lawn Games",
                "/browse/sports-outdoors/all-lawn-games/4125_1224931_7643019_1075784"
            ],
            [
                "Pickleball Nets",
                "/browse/sports-outdoors/pickleball-nets/4125_4161_6675878_5380802"
            ],
            [
                "Badminton Nets",
                "/browse/sports-outdoors/badminton-nets/4125_1224931_7643019_1945581_6098698"
            ],
            [
                "Pickleball Sets",
                "/browse/sports-outdoors/pickleball-sets/4125_4161_6675878_6246638"
            ],
            [
                "Tennis Training Aids",
                "/browse/sports-outdoors/tennis-training-aids/4125_4161_538538_6322810"
            ],
            [
                "Tennis Ball Hoppers",
                "/browse/sports-outdoors/tennis-ball-hoppers/4125_4161_538538_6806570"
            ],
            [
                "Tennis Nets",
                "/browse/sports-outdoors/tennis-nets/4125_4161_538538_8102513"
            ]
        ]
    },
    {
        "title": "Titleist DT TruSoft - Near Mint Quality - 50 Golf Balls",
        "url": "https://www.walmart.com/ip/Titleist-DT-TruSoft-Near-Mint-Quality-50-Golf-Balls/319317685",
        "price": "$35.96",
        "stars": 0,
        "ratings": 0,
        "img": "i5.walmartimages.com/asr/9c73e519-4ce6-452f-bed7-c63af4c8b21b_1.8a22d213f5af2699dc5d1279f88bdb9d.jpeg?odnWidth=612&odnHeight=612&odnBg=ffffff",
        "tags": [
            [
                "Callaway Golf",
                "/browse/sports-outdoors/callaway-golf/4125_4161_4152_1259729"
            ],
            [
                "Kansas City Chiefs Accessories",
                "/browse/sports-outdoors/kansas-city-chiefs-accessories/4125_1063984_1423455_4112216_1600851"
            ],
            [
                "Noodle Golf Balls",
                "/browse/sports-outdoors/noodle-golf-balls/4125_4161_4152_2552424"
            ],
            [
                "Bridgestone Golf Balls",
                "/browse/sports-outdoors/bridgestone-golf-balls/4125_4161_4152_3051085"
            ],
            [
                "Srixon",
                "/browse/sports-outdoors/srixon/4125_4161_4152_3401989"
            ],
            [
                "Callaway Golf Balls",
                "/browse/sports-outdoors/callaway-golf-balls/4125_4161_4152_6954186"
            ],
            [
                "Used Golf Balls",
                "/browse/sports-outdoors/used-golf-balls/4125_4161_4152_7802391"
            ],
            [
                "Bridgestone Golf",
                "/browse/sports-outdoors/bridgestone-golf/4125_4161_4152_8870930"
            ]
        ]
    },
    {
        "title": "IPOW Adult Swim Cap for Long Hair Ladies, Superior Over-the-Ear Waterproof Silicone Swimming Cap, Durable and Resilient for Men, Women, Kids, Youth Girls and Boys-Purple",
        "url": "https://www.walmart.com/ip/IPOW-Adult-Swim-Cap-Long-Hair-Ladies-Superior-Over-the-Ear-Waterproof-Silicone-Swimming-Cap-Durable-Resilient-Men-Women-Kids-Youth-Girls-Boys-Purple/374307269",
        "price": "$10.99",
        "stars": "4.0",
        "ratings": "28 ",
        "img": "i5.walmartimages.com/asr/76c7748e-bad4-414a-a4a5-f24258f5343d_1.090aa7a3ded10dd9379a4e5b651ac322.jpeg?odnWidth=612&odnHeight=612&odnBg=ffffff",
        "tags": [
            [
                "Aqua Fitness",
                "/browse/sports-outdoors/aqua-fitness/4125_4161_1043949"
            ],
            [
                "Goggles",
                "/browse/sports-outdoors/goggles/4125_4161_7400852_1462021"
            ],
            [
                "Snowboard Goggles",
                "/browse/sports-outdoors/snowboard-goggles/4125_546956_3327620_7603363_1531675"
            ],
            [
                "Ski Goggles",
                "/browse/sports-outdoors/ski-goggles/4125_546956_3327620_9759049_2029351"
            ],
            [
                "Swimming Ear Plugs",
                "/browse/sports-outdoors/swimming-ear-plugs/4125_4161_7400852_2416022"
            ],
            [
                "Conservative Bathing Suits",
                "/browse/sports-outdoors/conservative-bathing-suits/4125_4134_4522918_4809318"
            ],
            [
                "Conservative Swimwear",
                "/browse/sports-outdoors/conservative-swimwear/4125_4161_7400852_8761691_7996370"
            ],
            [
                "Weight Racks",
                "/browse/sports-outdoors/weight-racks/4125_4134_1026285_1078284_8664198"
            ]
        ]
    },
    {
        "title": "Franklin Sports NHL Hockey Goal & 2 Sticks Set",
        "url": "https://www.walmart.com/ip/Franklin-Sports-NHL-Hockey-Goal-2-Sticks-Set/43657540",
        "price": "$27.54",
        "stars": "4.1",
        "ratings": "20 ",
        "img": "i5.walmartimages.com/asr/b39adf0f-2e62-43ae-bcdc-99cc82e6135d_1.7e2a8960f0aa7e8e794788edae51acf4.jpeg?odnWidth=612&odnHeight=612&odnBg=ffffff",
        "tags": [
            [
                "Sports Equipment Fan Shop",
                "/browse/sports-outdoors/sports-equipment-fan-shop/4125_1063984_1064023_1064047"
            ],
            [
                "Hockey Sticks",
                "/browse/sports-outdoors/hockey-sticks/4125_4161_1075750_2569885"
            ],
            [
                "Hockey Pucks",
                "/browse/sports-outdoors/hockey-pucks/4125_4161_1075750_2777041"
            ],
            [
                "Hockey Sets",
                "/browse/sports-outdoors/hockey-sets/4125_4161_1075750_3153496"
            ],
            [
                "Columbus Blue Jackets Kids",
                "/browse/sports-outdoors/columbus-blue-jackets-kids/4125_1063984_1064348_7604665_5251677"
            ],
            [
                "All Ice Hockey",
                "/browse/sports-outdoors/all-ice-hockey/4125_4161_1075750_542027"
            ],
            [
                "Hockey Balls",
                "/browse/sports-outdoors/hockey-balls/4125_4161_1075750_6233391"
            ],
            [
                "Columbus Blue Jackets",
                "/browse/sports-outdoors/columbus-blue-jackets/4125_1063984_1064348_7604665_9186609"
            ]
        ]
    },
    {
        "title": "Soldier Sports Savage Elite Air Lip Protector Mouth Guard, 2 Pack",
        "url": "https://www.walmart.com/ip/Soldier-Sports-Savage-Elite-Air-Lip-Protector-Mouth-Guard-2-Pack/520061698",
        "price": "$9.88",
        "stars": "5.0",
        "ratings": "2 ",
        "img": "i5.walmartimages.com/asr/450433bc-19d3-4769-8018-ce1decb2c224_1.17f524b98e9f3407f32578fda1dd12b9.jpeg?odnWidth=612&odnHeight=612&odnBg=ffffff",
        "tags": [
            [
                "Baseball Field Equipment & Maintenance",
                "/browse/sports-outdoors/baseball-field-equipment-maintenance/4125_4161_4162_1075687"
            ],
            [
                "Basketball Sleeves",
                "/browse/sports-outdoors/basketball-sleeves/4125_4161_4165_1075706"
            ],
            [
                "Football Field Equipment",
                "/browse/sports-outdoors/football-field-equipment/4125_4161_434036_1075725"
            ],
            [
                "Hockey Accessories",
                "/browse/sports-outdoors/hockey-accessories/4125_4161_1075750_1075753"
            ],
            [
                "Baseball Protective Gear",
                "/browse/sports-outdoors/baseball-protective-gear/4125_4161_4162_131878"
            ],
            [
                "Basketball Accessories",
                "/browse/sports-outdoors/basketball-accessories/4125_4161_4165_164226"
            ],
            [
                "Field Hockey Accessories",
                "/browse/sports-outdoors/field-hockey-accessories/4125_4161_6297876_7590733"
            ],
            [
                "Football Gloves",
                "/browse/sports-outdoors/football-gloves/4125_4161_434036_9912999"
            ]
        ]
    },
    {
        "title": "Tandem Volleyball Pal",
        "url": "https://www.walmart.com/ip/Tandem-Volleyball-Pal/23202716",
        "price": "$18.85",
        "stars": "4.3",
        "ratings": "6 ",
        "img": "",
        "tags": [
            [
                "Volleyball Accessories",
                "/browse/sports-outdoors/volleyball-accessories/4125_4161_1041862_1041863"
            ],
            [
                "Volleyball Nets",
                "/browse/sports-outdoors/volleyball-nets/4125_4161_1041862_1041864"
            ],
            [
                "Volleyballs",
                "/browse/sports-outdoors/volleyballs/4125_4161_1041862_1075729"
            ],
            [
                "Volleyball Sets",
                "/browse/sports-outdoors/volleyball-sets/4125_4161_1041862_1075730"
            ],
            [
                "Volleyball Knee Pads",
                "/browse/sports-outdoors/volleyball-knee-pads/4125_4161_1041862_1075731"
            ],
            [
                "All Lawn Games",
                "/browse/sports-outdoors/all-lawn-games/4125_1224931_7643019_1075784"
            ],
            [
                "Mizuno Volleyball Shoes",
                "/browse/sports-outdoors/mizuno-volleyball-shoes/4125_4161_1041862_1477058"
            ],
            [
                "Volleyball Shoes",
                "/browse/sports-outdoors/volleyball-shoes/4125_4161_1041862_7837191"
            ]
        ]
    },
    {
        "title": "Callaway Superhot 55 Golf Balls, 48 Pack",
        "url": "https://www.walmart.com/ip/Callaway-Superhot-55-Golf-Balls-48-Pack/104878292",
        "price": "$79.99",
        "stars": "4.8",
        "ratings": "4 ",
        "img": "",
        "tags": [
            [
                "Sports Equipment Fan Shop",
                "/browse/sports-outdoors/sports-equipment-fan-shop/4125_1063984_1064023_1064047"
            ],
            [
                "Callaway Golf",
                "/browse/sports-outdoors/callaway-golf/4125_4161_4152_1259729"
            ],
            [
                "Kansas City Chiefs Accessories",
                "/browse/sports-outdoors/kansas-city-chiefs-accessories/4125_1063984_1423455_4112216_1600851"
            ],
            [
                "Bridgestone Golf Balls",
                "/browse/sports-outdoors/bridgestone-golf-balls/4125_4161_4152_3051085"
            ],
            [
                "Callaway Golf Balls",
                "/browse/sports-outdoors/callaway-golf-balls/4125_4161_4152_6954186"
            ],
            [
                "Vice Golf Balls",
                "/browse/sports-outdoors/vice-golf-balls/4125_4161_4152_7359738"
            ],
            [
                "Used Golf Balls",
                "/browse/sports-outdoors/used-golf-balls/4125_4161_4152_7802391"
            ],
            [
                "Bridgestone Golf",
                "/browse/sports-outdoors/bridgestone-golf/4125_4161_4152_8870930"
            ]
        ]
    },
    {
        "title": "Callaway C Collection 2017 Hat Golf Cap NEW",
        "url": "https://www.walmart.com/ip/Callaway-C-Collection-2017-Hat-Golf-Cap-NEW/105122404",
        "price": "$6.99",
        "stars": "5.0",
        "ratings": "3 ",
        "img": "i5.walmartimages.com/asr/3b3c9fc7-0f94-4918-9692-8c94071e96ce_1.18761dd1e2f138ef9b272ed8ff5d726c.jpeg?odnWidth=612&odnHeight=612&odnBg=ffffff",
        "tags": [
            [
                "Aqua Fitness",
                "/browse/sports-outdoors/aqua-fitness/4125_4161_1043949"
            ],
            [
                "Callaway Golf",
                "/browse/sports-outdoors/callaway-golf/4125_4161_4152_1259729"
            ],
            [
                "Golf Shirts",
                "/browse/sports-outdoors/golf-shirts/4125_4161_4152_1075726_2270902"
            ],
            [
                "Men's Golf Hats",
                "/browse/sports-outdoors/mens-golf-hats/4125_4161_4152_1075726_5470531"
            ],
            [
                "Ping Golf",
                "/browse/sports-outdoors/ping-golf/4125_4161_4152_6714106"
            ],
            [
                "Callaway Hats",
                "/browse/sports-outdoors/callaway-hats/4125_4161_4152_1075726_8265995"
            ],
            [
                "Bridgestone Golf",
                "/browse/sports-outdoors/bridgestone-golf/4125_4161_4152_8870930"
            ],
            [
                "Cobra Golf",
                "/browse/sports-outdoors/cobra-golf/4125_4161_4152_9789426"
            ]
        ]
    }
]