[
    {
        "title": "Forclaz by DECATHLON - Trek 500 Ventilated Hiking Cap",
        "url": "https://www.walmart.com/ip/Forclaz-by-DECATHLON-Trek-500-Ventilated-Hiking-Cap-Grey/559867926",
        "price": "$9.99",
        "stars": "4.3",
        "ratings": "41 ",
        "img": "i5.walmartimages.com/asr/e54f6389-f914-40b4-8f62-e0cd75b27894_1.317c3eb6db5e39b026a836459955b248.jpeg?odnWidth=612&odnHeight=612&odnBg=ffffff",
        "tags": [
            [
                "All Hiking Backpacks",
                "/browse/sports-outdoors/all-hiking-backpacks/4125_546956_4128_1319797_1607221"
            ],
            [
                "Hiking Backpacking Packs",
                "/browse/sports-outdoors/hiking-backpacking-packs/4125_546956_4128_1319797_2024633"
            ],
            [
                "Mens Outdoor Jackets & Outerwear",
                "/browse/sports-outdoors/mens-outdoor-jackets-outerwear/4125_546956_4128_1800746_8573455_2160254"
            ],
            [
                "Ozark Trail Backpacks",
                "/browse/sports-outdoors/ozark-trail-backpacks/4125_546956_4128_2487866_2559937_2804518"
            ],
            [
                "Ozark Trail Camping Accessories",
                "/browse/sports-outdoors/ozark-trail-camping-accessories/4125_546956_4128_2487866_2559937_4438585"
            ],
            [
                "Hiking Hydration Backpacks",
                "/browse/sports-outdoors/hiking-hydration-backpacks/4125_546956_4128_1319797_4911230"
            ],
            [
                "Mens Outdoor Pants",
                "/browse/sports-outdoors/mens-outdoor-pants/4125_546956_4128_1800746_8573455_7963108"
            ],
            [
                "Hiking Daypacks",
                "/browse/sports-outdoors/hiking-daypacks/4125_546956_4128_1319797_8948680"
            ]
        ]
    },
    {
        "title": "Quechua by DECATHLON - Mountain Hiking Backpack 20 L MH100",
        "url": "https://www.walmart.com/ip/Quechua-by-DECATHLON-Mountain-Hiking-Backpack-20-L-MH100/846429541",
        "price": "$29.99",
        "stars": "4.5",
        "ratings": "20 ",
        "img": "i5.walmartimages.com/asr/278d4e8e-7cad-41a6-afc7-cc5fb40fe793.39b13335e54219a6afdc3f387ad9b087.jpeg?odnWidth=612&odnHeight=612&odnBg=ffffff",
        "tags": [
            [
                "TETON Sports Backpacks",
                "/browse/sports-outdoors/teton-sports-backpacks/4125_546956_4128_1319797_8052121_1311495"
            ],
            [
                "Outdoor Products Backpacks",
                "/browse/sports-outdoors/outdoor-products-backpacks/4125_546956_4128_1319797_8052121_1453221"
            ],
            [
                "All Hiking Backpacks",
                "/browse/sports-outdoors/all-hiking-backpacks/4125_546956_4128_1319797_1607221"
            ],
            [
                "Ozark Trail Backpacks",
                "/browse/sports-outdoors/ozark-trail-backpacks/4125_546956_4128_2487866_2559937_2804518"
            ],
            [
                "Hiking Gear",
                "/browse/sports-outdoors/hiking-gear/4125_546956_4128_3618635"
            ],
            [
                "Decathlon Hiking Backpacks",
                "/browse/sports-outdoors/decathlon-hiking-backpacks/4125_3462289_9413535_4695311"
            ],
            [
                "Hiking Hydration Backpacks",
                "/browse/sports-outdoors/hiking-hydration-backpacks/4125_546956_4128_1319797_4911230"
            ],
            [
                "Hiking Daypacks",
                "/browse/sports-outdoors/hiking-daypacks/4125_546956_4128_1319797_8948680"
            ]
        ]
    },
    {
        "title": "Quechua by DECATHLON - ARPENAZ 20\u00b0 COTTON Sleeping bag",
        "url": "https://www.walmart.com/ip/Quechua-by-DECATHLON-ARPENAZ-20-COTTON-Sleeping-bag/684142770",
        "price": "$49.99",
        "stars": 0,
        "ratings": 0,
        "img": "i5.walmartimages.com/asr/efdf7688-5f57-49a7-a774-c2411174d44d.a943e3c187a6067961adc39dd191bd5d.jpeg?odnWidth=612&odnHeight=612&odnBg=ffffff",
        "tags": []
    },
    {
        "title": "Quechua by DECATHLON - Men's MH100 Short-Sleeved Hiking T-Shirt",
        "url": "https://www.walmart.com/ip/Quechua-by-DECATHLON-Men-s-MH100-Short-Sleeved-Hiking-T-Shirt/566651336",
        "price": "$6.99",
        "stars": "4.4",
        "ratings": "207 ",
        "img": "i5.walmartimages.com/asr/9347d48e-5aff-4234-9106-f1038e348c64_1.1a65baaefbc770f9448a0c514a7b4036.jpeg?odnWidth=612&odnHeight=612&odnBg=ffffff",
        "tags": [
            [
                "Decathlon Hiking Jackets",
                "/browse/sports-outdoors/decathlon-hiking-jackets/4125_3462289_9413535_7178638_2147153"
            ],
            [
                "Decathlon Hiking Pants",
                "/browse/sports-outdoors/decathlon-hiking-pants/4125_3462289_9413535_7178638_3163957"
            ],
            [
                "Hiking Gear",
                "/browse/sports-outdoors/hiking-gear/4125_546956_4128_3618635"
            ],
            [
                "Mens Outdoor Shirts",
                "/browse/sports-outdoors/mens-outdoor-shirts/4125_546956_4128_1800746_8573455_4090970"
            ],
            [
                "Decathlon Hiking Fleece",
                "/browse/sports-outdoors/decathlon-hiking-fleece/4125_3462289_9413535_7178638_5497427"
            ]
        ]
    },
    {
        "title": "Forclaz by DECATHLON -Men's Trek 500 Hiking Pants",
        "url": "https://www.walmart.com/ip/Forclaz-by-DECATHLON-Men-s-Trek-500-Hiking-Pants/826129896",
        "price": "$49.99",
        "stars": "4.5",
        "ratings": "51 ",
        "img": "i5.walmartimages.com/asr/fbbaf919-c305-40ec-bba7-ac8772c57cae_1.2da5636017e230f7c6367df83a1e8f1c.jpeg?odnWidth=612&odnHeight=612&odnBg=ffffff",
        "tags": [
            [
                "Women's White Sierra Clothing",
                "/browse/sports-outdoors/womens-white-sierra-clothing/4125_546956_4128_1800746_8051649_2131816_1250432"
            ],
            [
                "Decathlon Hiking Jackets",
                "/browse/sports-outdoors/decathlon-hiking-jackets/4125_3462289_9413535_7178638_2147153"
            ],
            [
                "Womens Outdoor Pants",
                "/browse/sports-outdoors/womens-outdoor-pants/4125_546956_4128_1800746_1563882_2387509"
            ],
            [
                "Hiking Gear",
                "/browse/sports-outdoors/hiking-gear/4125_546956_4128_3618635"
            ],
            [
                "Decathlon Bike Jerseys",
                "/browse/sports-outdoors/decathlon-bike-jerseys/4125_3462289_7650170_2182508_4538946"
            ],
            [
                "Decathlon Hiking Fleece",
                "/browse/sports-outdoors/decathlon-hiking-fleece/4125_3462289_9413535_7178638_5497427"
            ],
            [
                "Mens Outdoor Shorts",
                "/browse/sports-outdoors/mens-outdoor-shorts/4125_546956_4128_1800746_8573455_6457448"
            ],
            [
                "Womens Outdoor Jackets & Outerwear",
                "/browse/sports-outdoors/womens-outdoor-jackets-outerwear/4125_546956_4128_1800746_1563882_9044560"
            ]
        ]
    },
    {
        "title": "Forclaz by DECATHLON - Hiking Pole MH500 Quick Precise Adjustment - Green",
        "url": "https://www.walmart.com/ip/Forclaz-by-DECATHLON-Hiking-Pole-MH500-Quick-Precise-Adjustment-Green/312994107",
        "price": "$19.99",
        "stars": "4.0",
        "ratings": "12 ",
        "img": "i5.walmartimages.com/asr/8c3bc5ef-672b-4f4a-93a2-b4d201e664ee_1.25fc867f8cca588214a7b23263ae6aaf.jpeg?odnWidth=612&odnHeight=612&odnBg=ffffff",
        "tags": [
            [
                "Fishing Hats",
                "/browse/sports-outdoors/fishing-hats/4125_546956_111667_8037149_2089110"
            ],
            [
                "Walking Sticks",
                "/browse/sports-outdoors/walking-sticks/4125_546956_4128_1080844_3496240"
            ],
            [
                "Hiking Gear",
                "/browse/sports-outdoors/hiking-gear/4125_546956_4128_3618635"
            ],
            [
                "Trekking Poles",
                "/browse/sports-outdoors/trekking-poles/4125_546956_4128_1080844_5134773"
            ],
            [
                "Performance Cycling Clothing",
                "/browse/sports-outdoors/performance-cycling-clothing/4125_1081404_4682408_6165378"
            ],
            [
                "Outdoor Hats",
                "/browse/sports-outdoors/outdoor-hats/4125_546956_4128_1800746_4832641_6203347"
            ],
            [
                "Frogg Toggs Waders",
                "/browse/sports-outdoors/frogg-toggs-waders/4125_546956_111667_8037149_7266453"
            ],
            [
                "Realtree Hats & Masks",
                "/browse/sports-outdoors/realtree-hats-masks/4125_546956_8065244_9215673_8686441"
            ]
        ]
    },
    {
        "title": "Wedze by DECATHLON - Children's Ski Gloves 500",
        "url": "https://www.walmart.com/ip/Wedze-by-DECATHLON-Children-s-Ski-Gloves-500/702108050",
        "price": "$24.99",
        "stars": 0,
        "ratings": 0,
        "img": "i5.walmartimages.com/asr/386215fa-6859-48da-b2cc-f03ebd136580.fd21c51b20539f447dc78d0004c8def3.jpeg?odnWidth=612&odnHeight=612&odnBg=ffffff",
        "tags": []
    },
    {
        "title": "Quechua by DECATHLON - Men's Hiking Fleece Jacket MH100",
        "url": "https://www.walmart.com/ip/Quechua-by-DECATHLON-Men-s-Hiking-Fleece-Jacket-MH100/476751283",
        "price": "$9.99",
        "stars": 0,
        "ratings": 0,
        "img": "i5.walmartimages.com/asr/a5fc0800-8c51-4254-8413-3fa620ea06e7.50903ecc302443a5aedf476653c17a72.jpeg?odnWidth=612&odnHeight=612&odnBg=ffffff",
        "tags": []
    },
    {
        "title": "Forclaz by DECATHLON - Trek 100 Padded Hiking Jacket - 3XL - Black - Men",
        "url": "https://www.walmart.com/ip/Forclaz-by-DECATHLON-Trek-100-Padded-Hiking-Jacket-3XL-Black-Men/839981969",
        "price": "$39.99",
        "stars": "4.7",
        "ratings": "56 ",
        "img": "i5.walmartimages.com/asr/c823df62-96c1-4035-9dfd-32dd53c31650_1.23c3cd6cf397a9b894f5090edd678807.jpeg?odnWidth=612&odnHeight=612&odnBg=ffffff",
        "tags": [
            [
                "Mens Outdoor Jackets & Outerwear",
                "/browse/sports-outdoors/mens-outdoor-jackets-outerwear/4125_546956_4128_1800746_8573455_2160254"
            ],
            [
                "Mens Outdoor Sweatshirts & Hoodies",
                "/browse/sports-outdoors/mens-outdoor-sweatshirts-hoodies/4125_546956_4128_1800746_8573455_2236870"
            ],
            [
                "Decathlon Hiking Shirts",
                "/browse/sports-outdoors/decathlon-hiking-shirts/4125_3462289_9413535_7178638_3006934"
            ],
            [
                "Decathlon Hiking Pants",
                "/browse/sports-outdoors/decathlon-hiking-pants/4125_3462289_9413535_7178638_3163957"
            ],
            [
                "Hiking Gear",
                "/browse/sports-outdoors/hiking-gear/4125_546956_4128_3618635"
            ],
            [
                "Men's Red Ledge Clothing",
                "/browse/sports-outdoors/mens-red-ledge-clothing/4125_546956_4128_1800746_8051649_2705813_3847447"
            ],
            [
                "Decathlon Hiking Fleece",
                "/browse/sports-outdoors/decathlon-hiking-fleece/4125_3462289_9413535_7178638_5497427"
            ],
            [
                "Mens Outdoor Pants",
                "/browse/sports-outdoors/mens-outdoor-pants/4125_546956_4128_1800746_8573455_7963108"
            ]
        ]
    },
    {
        "title": "Forclaz by DECATHLON - Trek 500 Convertible Hiking Pants - 40 (L31) - Blue - Woman",
        "url": "https://www.walmart.com/ip/Forclaz-by-DECATHLON-Trek-500-Convertible-Hiking-Pants-40-L31-Blue-Woman/104624619",
        "price": "$59.99",
        "stars": "4.6",
        "ratings": "5 ",
        "img": "i5.walmartimages.com/asr/f4aab44b-6b5b-4cc7-be9b-6ce3b005f79c_1.ea1db3f75752591e7a07587db61174b2.jpeg?odnWidth=612&odnHeight=612&odnBg=ffffff",
        "tags": [
            [
                "Womens Pants",
                "/browse/clothing/womens-pants/5438_133162_1360952_4966910_1199491"
            ],
            [
                "Womens Plus Pants",
                "/browse/clothing/womens-plus-pants/5438_133195_1446268_6615063_1218836"
            ],
            [
                "Womens Workwear Pants",
                "/browse/clothing/womens-workwear-pants/5438_133162_4977442_1982351"
            ],
            [
                "Dickies Women's Work Pants",
                "/browse/clothing/dickies-womens-work-pants/5438_3317124_7032192_2284817_2392538"
            ],
            [
                "Womens Plus Casual Pants",
                "/browse/clothing/womens-plus-casual-pants/5438_133195_1446268_6615063_2410502"
            ],
            [
                "Womens Wear-to-Work Pants",
                "/browse/clothing/womens-wear-to-work-pants/5438_133162_1360952_4966910_7747974"
            ],
            [
                "Womens Plus Savings Pants & Leggings",
                "/browse/clothing/womens-plus-savings-pants-leggings/5438_5993826_8611669_8626989"
            ],
            [
                "Womens Activewear Pants & Capris",
                "/browse/clothing/womens-activewear-pants-capris/5438_133162_3554910_9768513"
            ]
        ]
    }
]