[
    {
        "title": "Wwe Rey Mysterio Boys Costume deluxe",
        "url": "https://www.walmart.com/ip/Wwe-Rey-Mysterio-Boys-Costume-deluxe/14912633",
        "price": "$39.99",
        "stars": 0,
        "ratings": 0,
        "img": "i5.walmartimages.com/asr/5e99e744-4c5c-4b62-b6fd-291ce0efdc51_1.6baa6e0acc1573856ada4a23c1ce2b13.jpeg?odnWidth=612&odnHeight=612&odnBg=ffffff",
        "tags": [
            [
                "WWE Costumes",
                "/browse/party-occasions/wwe-costumes/2637_615760_1088766_2327096_3147503_1245128"
            ],
            [
                "Grand Heritage Costumes",
                "/browse/party-occasions/grand-heritage-costumes/2637_615760_1088766_1054059_1745172"
            ],
            [
                "Hulk Costume",
                "/browse/party-occasions/hulk-costume/2637_615760_1088766_2327096_6691810_8274476_3413135"
            ],
            [
                "Hot Deals for Halloween",
                "/browse/party-occasions/hot-deals-for-halloween/2637_615760_1088766_6030344"
            ],
            [
                "Other Men's Halloween Costumes",
                "/browse/party-occasions/other-mens-halloween-costumes/2637_615760_1088766_1054059_7955173_615799"
            ],
            [
                "Men's Plus Size Halloween Costumes",
                "/browse/party-occasions/mens-plus-size-halloween-costumes/2637_615760_1088766_1054059_7955173_8350987"
            ],
            [
                "WWE Party Decorations",
                "/browse/party-occasions/wwe-party-decorations/2637_1867184_8553460"
            ]
        ]
    },
    {
        "title": "Minecraft Boys Pocket Creeper & Time To Mine Graphic T-Shirts 2-Pack, Sizes 4-18",
        "url": "https://www.walmart.com/ip/Minecraft-Boys-Pocket-Creeper-Time-To-Mine-Graphic-T-Shirts-2-Pack-Sizes-4-18/372389668",
        "price": "$17.98",
        "stars": "4.0",
        "ratings": "2 ",
        "img": "i5.walmartimages.com/asr/2e312ee8-93c1-4ffd-be4f-caa7d9051ddf.71ea11a192dfd41a6b062d7678d373b7.jpeg?odnWidth=612&odnHeight=612&odnBg=ffffff",
        "tags": []
    },
    {
        "title": "WWE Lacey Evans Elite Collection Action Figure",
        "url": "https://www.walmart.com/ip/WWE-Lacey-Evans-Elite-Collection-Action-Figure/750671291",
        "price": "$25.95",
        "stars": "5.0",
        "ratings": "3 ",
        "img": "i5.walmartimages.com/asr/d43bc1a3-10f8-4c47-93dc-a1b1fb912a1b.8669b2077b8874215e961b80010b5721.jpeg?odnWidth=612&odnHeight=612&odnBg=ffffff",
        "tags": [
            [
                "All Action Figure Playsets",
                "/browse/toys/all-action-figure-playsets/4171_4172_9845227_1156794"
            ],
            [
                "WWE Wrestling Ring Playsets",
                "/browse/toys/wwe-wrestling-ring-playsets/4171_7357538_7087187_2031303"
            ],
            [
                "WWE Elite Figures",
                "/browse/toys/wwe-elite-figures/4171_7357538_7087187_6551433_2752681"
            ],
            [
                "Ghostbusters Toys",
                "/browse/toys/ghostbusters-toys/4171_2065565_4138884"
            ],
            [
                "TV & Movie Playsets",
                "/browse/toys/tv-movie-playsets/4171_4172_9845227_4517984"
            ],
            [
                "WWE Battle Pack",
                "/browse/toys/wwe-battle-pack/4171_7357538_7087187_6551433_5670341"
            ],
            [
                "WWE Zombies",
                "/browse/toys/wwe-zombies/4171_7357538_7087187_6551433_9381726"
            ]
        ]
    },
    {
        "title": "Playstation Controller Buttons Men's and Big Men's Graphic T-shirt",
        "url": "https://www.walmart.com/ip/Playstation-Controller-Buttons-Men-s-and-Big-Men-s-Graphic-T-shirt/332789625",
        "price": "$11.87",
        "stars": "5.0",
        "ratings": "1 ",
        "img": "i5.walmartimages.com/asr/79465cbd-e47a-4980-b5a5-445300cbf8f0.e33c7565064a916f16a1e3692d08b936.jpeg?odnWidth=612&odnHeight=612&odnBg=ffffff",
        "tags": []
    },
    {
        "title": "WWE Shinsuke Nakamura Action Figure",
        "url": "https://www.walmart.com/ip/WWE-Shinsuke-Nakamura-Action-Figure/283407735",
        "price": "$9.99",
        "stars": "4.7",
        "ratings": "3 ",
        "img": "i5.walmartimages.com/asr/16c4d8a6-670a-4cb1-b06b-65484cb9127d_1.f0fe4bb9ce9aae2819cb1de2ae0aac51.jpeg?odnWidth=612&odnHeight=612&odnBg=ffffff",
        "tags": [
            [
                "All Action Figure Playsets",
                "/browse/toys/all-action-figure-playsets/4171_4172_9845227_1156794"
            ],
            [
                "WWE Wrestling Ring Playsets",
                "/browse/toys/wwe-wrestling-ring-playsets/4171_7357538_7087187_2031303"
            ],
            [
                "WWE Elite Figures",
                "/browse/toys/wwe-elite-figures/4171_7357538_7087187_6551433_2752681"
            ],
            [
                "Ghostbusters Toys",
                "/browse/toys/ghostbusters-toys/4171_2065565_4138884"
            ],
            [
                "TV & Movie Playsets",
                "/browse/toys/tv-movie-playsets/4171_4172_9845227_4517984"
            ],
            [
                "WWE Battle Pack",
                "/browse/toys/wwe-battle-pack/4171_7357538_7087187_6551433_5670341"
            ],
            [
                "WWE Zombies",
                "/browse/toys/wwe-zombies/4171_7357538_7087187_6551433_9381726"
            ]
        ]
    },
    {
        "title": "Halloween WWE Finn Balor Deluxe Child Costume",
        "url": "https://www.walmart.com/ip/Halloween-WWE-Finn-Balor-Deluxe-Child-Costume/347473758",
        "price": "$46.98",
        "stars": "5.0",
        "ratings": "1 ",
        "img": "i5.walmartimages.com/asr/971dcc11-5752-4397-b839-902f0269cd57_1.8fb448ed366bfa6f2c2906791b1020a3.jpeg?odnWidth=612&odnHeight=612&odnBg=ffffff",
        "tags": [
            [
                "WWE Costumes",
                "/browse/party-occasions/wwe-costumes/2637_615760_1088766_2327096_3147503_1245128"
            ],
            [
                "Top Boy's Halloween Costumes",
                "/browse/party-occasions/top-boys-halloween-costumes/2637_615760_1088766_1054039_8395835_4730012"
            ],
            [
                "Hot Deals for Halloween",
                "/browse/party-occasions/hot-deals-for-halloween/2637_615760_1088766_6030344"
            ],
            [
                "Other Men's Halloween Costumes",
                "/browse/party-occasions/other-mens-halloween-costumes/2637_615760_1088766_1054059_7955173_615799"
            ],
            [
                "Newborn Baby Halloween Costumes",
                "/browse/party-occasions/newborn-baby-halloween-costumes/2637_615760_1088766_1054039_7731266_6860040"
            ],
            [
                "Spiderman Costume",
                "/browse/party-occasions/spiderman-costume/2637_615760_1088766_2327096_6691810_8274476_7986976"
            ],
            [
                "Men's Plus Size Halloween Costumes",
                "/browse/party-occasions/mens-plus-size-halloween-costumes/2637_615760_1088766_1054059_7955173_8350987"
            ],
            [
                "Boy's TV & Movies Costumes",
                "/browse/party-occasions/boys-tv-movies-costumes/2637_615760_1088766_1054039_8395835_9491650"
            ]
        ]
    },
    {
        "title": "WWE Battle Pack Kevin Owens & Ali Action Figure Set",
        "url": "https://www.walmart.com/ip/WWE-Battle-Pack-Kevin-Owens-Ali-Action-Figure-Set/976808345",
        "price": "$15.88",
        "stars": 0,
        "ratings": 0,
        "img": "i5.walmartimages.com/asr/be931cc1-2125-4f16-ab9c-6bc651603b54.d9a0953360a9a536535f7402fdbc2adc.jpeg?odnWidth=612&odnHeight=612&odnBg=ffffff",
        "tags": [
            [
                "All Action Figure Playsets",
                "/browse/toys/all-action-figure-playsets/4171_4172_9845227_1156794"
            ],
            [
                "WWE Wrestling Ring Playsets",
                "/browse/toys/wwe-wrestling-ring-playsets/4171_7357538_7087187_2031303"
            ],
            [
                "WWE Elite Figures",
                "/browse/toys/wwe-elite-figures/4171_7357538_7087187_6551433_2752681"
            ],
            [
                "Ghostbusters Toys",
                "/browse/toys/ghostbusters-toys/4171_2065565_4138884"
            ],
            [
                "TV & Movie Playsets",
                "/browse/toys/tv-movie-playsets/4171_4172_9845227_4517984"
            ],
            [
                "WWE Battle Pack",
                "/browse/toys/wwe-battle-pack/4171_7357538_7087187_6551433_5670341"
            ],
            [
                "WWE Zombies",
                "/browse/toys/wwe-zombies/4171_7357538_7087187_6551433_9381726"
            ]
        ]
    },
    {
        "title": "WWE Top Picks Seth Rollins Elite Collection Action Figure",
        "url": "https://www.walmart.com/ip/WWE-Top-Picks-Seth-Rollins-Elite-Collection-Action-Figure/638545251",
        "price": "$19.95",
        "stars": "5.0",
        "ratings": "1 ",
        "img": "i5.walmartimages.com/asr/0ffe6713-5ebd-4c88-8735-ba8baa289e0e.45274c82643140c29df1fe99b075800f.jpeg?odnWidth=612&odnHeight=612&odnBg=ffffff",
        "tags": []
    },
    {
        "title": "Untamed Ultimate Dragon ? Goldrush (Shiny Gold Accents) ? By WowWee",
        "url": "https://www.walmart.com/ip/Untamed-Ultimate-Dragon-Goldrush-Shiny-Gold-Accents-By-WowWee/365100929",
        "price": "$14.84",
        "stars": "5.0",
        "ratings": "2 ",
        "img": "i5.walmartimages.com/asr/f1bbb842-5332-4db6-9c25-cf9d56a86378_1.23b44ede3825cef19e5804e91833cb9b.jpeg?odnWidth=612&odnHeight=612&odnBg=ffffff",
        "tags": [
            [
                "Electronic Toys",
                "/browse/toys/electronic-toys/4171_1096069_1105959_1096123"
            ],
            [
                "Robots & Electronic Pets",
                "/browse/toys/robots-electronic-pets/4171_1096069_1105959_1105996"
            ],
            [
                "Fingerlings",
                "/browse/toys/fingerlings/4171_4187_1741575"
            ],
            [
                "RC and Vehicle Boost April '20",
                "/browse/toys/rc-vehicle-boost-april-20/4171_1554984_2410584"
            ],
            [
                "Baby Shark Toys",
                "/browse/toys/baby-shark-toys/4171_7357538_3673067"
            ],
            [
                "Electronic Pets",
                "/browse/toys/electronic-pets/4171_4187_4209464"
            ],
            [
                "Dragon Toys",
                "/browse/toys/dragon-toys/4171_7357538_5461952"
            ],
            [
                "RC Private Brand Top Items",
                "/browse/rc-private-brand-top-items/4171_6978743"
            ]
        ]
    },
    {
        "title": "Folding Stool \u2013 Heavy Duty 24-Inch Collapsible Padded Round Stool with 300 Pound Limit for Dorm, Rec or Gameroom by Trademark Home (Pink)",
        "url": "https://www.walmart.com/ip/Folding-Stool-Heavy-Duty-24-Inch-Collapsible-Padded-Round-Stool-with-300-Pound-Limit-for-Dorm-Rec-or-Gameroom-by-Trademark-Home-Pink/55255140",
        "price": "$23.95",
        "stars": "3.6",
        "ratings": "18 ",
        "img": "",
        "tags": [
            [
                "Armless Bar Stools",
                "/browse/home/armless-bar-stools/4044_103150_4037_8102642_2417895"
            ],
            [
                "Shop All Folding Chairs",
                "/browse/home/shop-all-folding-chairs/4044_103150_4037_6296206_2321205_2509863"
            ],
            [
                "Folding Stools",
                "/browse/home/folding-stools/4044_103150_4037_6296206_3105945_3038496"
            ],
            [
                "Black Folding Chairs",
                "/browse/home/black-folding-chairs/4044_103150_4037_6296206_6455390_3378759"
            ],
            [
                "Shop All Bar Stools & Counter Stools",
                "/browse/home/shop-all-bar-stools-counter-stools/4044_103150_4037_8102642_5435701"
            ],
            [
                "Brown Bar Stools",
                "/browse/home/brown-bar-stools/4044_103150_4037_8102642_7111966"
            ],
            [
                "Metal Folding Chairs",
                "/browse/home/metal-folding-chairs/4044_103150_4037_6296206_2321205_7233162"
            ],
            [
                "Transitional Bar Stools",
                "/browse/home/transitional-bar-stools/4044_103150_4037_8102642_8503853"
            ]
        ]
    }
]