[
    {
        "title": "Smart Bracelet Watch Blood Pressure Heart Rate Monitoring Fitness Tracker",
        "url": "https://www.walmart.com/ip/Smart-Bracelet-Watch-Blood-Pressure-Heart-Rate-Monitoring-Fitness-Tracker/407221384",
        "price": "$11.75",
        "stars": "2.5",
        "ratings": "39 ",
        "img": "",
        "tags": [
            [
                "Fitness Trackers",
                "/browse/sports-outdoors/fitness-trackers/4125_4134_1229723_1225106"
            ],
            [
                "Fitness Trackers Accessories",
                "/browse/sports-outdoors/fitness-trackers-accessories/4125_4134_1229723_3325958"
            ],
            [
                "Smart Watch Accessories",
                "/browse/sports-outdoors/smart-watch-accessories/4125_4134_1229723_5081915"
            ],
            [
                "Fitbit Charge",
                "/browse/sports-outdoors/fitbit-charge/4125_4134_1229723_5635313_5808080"
            ],
            [
                "Fitbit Alta",
                "/browse/sports-outdoors/fitbit-alta/4125_4134_1229723_5635313_6834227"
            ],
            [
                "Smart Watches",
                "/browse/sports-outdoors/smart-watches/4125_4134_1229723_8780847"
            ],
            [
                "All Fitbits",
                "/browse/sports-outdoors/all-fitbits/4125_4134_1229723_5635313_9170763"
            ]
        ]
    },
    {
        "title": "Garmin vivoactive 3 Black with Stainless Hardware Smart Watch (010-01769-01)",
        "url": "https://www.walmart.com/ip/Garmin-vivoactive-3-Black-with-Stainless-Hardware-Smart-Watch-010-01769-01/209279694",
        "price": "$127.99",
        "stars": "4.0",
        "ratings": "1189 ",
        "img": "",
        "tags": [
            [
                "Heart Rate Monitors",
                "/browse/sports-outdoors/heart-rate-monitors/4125_4134_1078104_1078145"
            ],
            [
                "Garmin Fitness Trackers",
                "/browse/sports-outdoors/garmin-fitness-trackers/4125_4134_1229723_1641039"
            ],
            [
                "Smart Watch Accessories",
                "/browse/sports-outdoors/smart-watch-accessories/4125_4134_1229723_5081915"
            ],
            [
                "Fitbit Charge",
                "/browse/sports-outdoors/fitbit-charge/4125_4134_1229723_5635313_5808080"
            ],
            [
                "Fitbit Versa",
                "/browse/sports-outdoors/fitbit-versa/4125_4134_1229723_5635313_6806839"
            ],
            [
                "Smart Watches",
                "/browse/sports-outdoors/smart-watches/4125_4134_1229723_8780847"
            ],
            [
                "All Fitbits",
                "/browse/sports-outdoors/all-fitbits/4125_4134_1229723_5635313_9170763"
            ]
        ]
    },
    {
        "title": "iConnect by Timex Active Smartwatch with Heart Rate, Notifications & Activity Tracking 37mm \u2013 Black with Black Resin Strap",
        "url": "https://www.walmart.com/ip/iConnect-by-Timex-Active-Smartwatch-with-Heart-Rate-Notifications-Activity-Tracking-37mm-Black-with-Black-Resin-Strap/339805497",
        "price": "$50.00",
        "stars": "2.7",
        "ratings": "32 ",
        "img": "i5.walmartimages.com/asr/801461d6-b6f8-49bf-a3f3-08fc3fcbd144.fcedb15d6553488dcd780e1720490976.jpeg?odnWidth=612&odnHeight=612&odnBg=ffffff",
        "tags": [
            [
                "Heart Rate Monitors",
                "/browse/sports-outdoors/heart-rate-monitors/4125_4134_1078104_1078145"
            ],
            [
                "Fitness Trackers",
                "/browse/sports-outdoors/fitness-trackers/4125_4134_1229723_1225106"
            ],
            [
                "Garmin Fitness Trackers",
                "/browse/sports-outdoors/garmin-fitness-trackers/4125_4134_1229723_1641039"
            ],
            [
                "Smart Watch Accessories",
                "/browse/sports-outdoors/smart-watch-accessories/4125_4134_1229723_5081915"
            ],
            [
                "Fitbit Charge",
                "/browse/sports-outdoors/fitbit-charge/4125_4134_1229723_5635313_5808080"
            ],
            [
                "Fitbit Versa",
                "/browse/sports-outdoors/fitbit-versa/4125_4134_1229723_5635313_6806839"
            ],
            [
                "All Fitbits",
                "/browse/sports-outdoors/all-fitbits/4125_4134_1229723_5635313_9170763"
            ]
        ]
    },
    {
        "title": "Wakeman Fitness Extra Thick Foam Exercise Mat 72\" x 24\" x 0.5\"",
        "url": "https://www.walmart.com/ip/Wakeman-Fitness-Extra-Thick-Foam-Exercise-Mat-72-x-24-x-0-5/424132185",
        "price": "$17.10",
        "stars": "2.6",
        "ratings": "16 ",
        "img": "i5.walmartimages.com/asr/431edfde-f219-42a0-9ea5-df1564bae510_1.e760338608b0a3fae74ed37231d0f91a.jpeg?odnWidth=612&odnHeight=612&odnBg=ffffff",
        "tags": [
            [
                "Gymnastics",
                "/browse/sports-outdoors/gymnastics/4125_4161_1043946"
            ],
            [
                "Yoga Mats",
                "/browse/sports-outdoors/yoga-mats/4125_4134_1078384_1078386"
            ],
            [
                "Yoga Kits",
                "/browse/sports-outdoors/yoga-kits/4125_4134_1078384_1078388"
            ],
            [
                "Yoga Mat Bags",
                "/browse/sports-outdoors/yoga-mat-bags/4125_4134_1078384_1867162"
            ],
            [
                "Field Equipment & Accessories",
                "/browse/sports-outdoors/field-equipment-accessories/4125_4161_523561"
            ],
            [
                "Bikram Yoga",
                "/browse/sports-outdoors/bikram-yoga/4125_4134_1078384_7393034"
            ],
            [
                "Gym Flooring",
                "/browse/sports-outdoors/gym-flooring/4125_4134_1026285_2484197_8192651"
            ],
            [
                "Pilates Mats",
                "/browse/sports-outdoors/pilates-mats/4125_4134_2350251_8322693"
            ]
        ]
    },
    {
        "title": "Fitness Tracker Fitness Watch Smart Bracelet with Heart Rate Moniter Blood Pressure Blood Oxygen Pdeometer Sleep Monitoring Calories Track for Daily Activity and Sleeping-Red",
        "url": "https://www.walmart.com/ip/Fitness-Tracker-Watch-Smart-Bracelet-Heart-Rate-Moniter-Blood-Pressure-Oxygen-Pdeometer-Sleep-Monitoring-Calories-Track-Daily-Activity-Sleeping-Red/253219543",
        "price": "$22.99",
        "stars": "2.1",
        "ratings": "19 ",
        "img": "i5.walmartimages.com/asr/aa89c522-9739-4054-931f-e3ee2f3fdd6c_1.dee1f92f91221e9c3f67a564a9f5112b.jpeg?odnWidth=612&odnHeight=612&odnBg=ffffff",
        "tags": [
            [
                "Heart Rate Monitors",
                "/browse/sports-outdoors/heart-rate-monitors/4125_4134_1078104_1078145"
            ],
            [
                "Fitness Trackers",
                "/browse/sports-outdoors/fitness-trackers/4125_4134_1229723_1225106"
            ],
            [
                "Fitness Trackers Accessories",
                "/browse/sports-outdoors/fitness-trackers-accessories/4125_4134_1229723_3325958"
            ],
            [
                "Fitbit Charge",
                "/browse/sports-outdoors/fitbit-charge/4125_4134_1229723_5635313_5808080"
            ],
            [
                "Fitbit Alta",
                "/browse/sports-outdoors/fitbit-alta/4125_4134_1229723_5635313_6834227"
            ],
            [
                "Fitbit Ace",
                "/browse/sports-outdoors/fitbit-ace/4125_4134_1229723_5635313_7509946"
            ],
            [
                "All Fitbits",
                "/browse/sports-outdoors/all-fitbits/4125_4134_1229723_5635313_9170763"
            ]
        ]
    },
    {
        "title": "Node Fitness Premium Yoga Block (Set of 2) - 4\" Thick Foam Brick",
        "url": "https://www.walmart.com/ip/Node-Fitness-Premium-Yoga-Block-Set-of-2-4-Thick-Foam-Brick/928565201",
        "price": "$10.49",
        "stars": "5.0",
        "ratings": "10 ",
        "img": "i5.walmartimages.com/asr/04dcc07e-9811-4ee0-a8f2-6635edca4e77_1.f221966985209a195e48a1e002ec63c0.jpeg?odnWidth=612&odnHeight=612&odnBg=ffffff",
        "tags": [
            [
                "Yoga Mats",
                "/browse/sports-outdoors/yoga-mats/4125_4134_1078384_1078386"
            ],
            [
                "Yoga Kits",
                "/browse/sports-outdoors/yoga-kits/4125_4134_1078384_1078388"
            ],
            [
                "Yoga Blankets",
                "/browse/sports-outdoors/yoga-blankets/4125_4134_1078384_2088386"
            ],
            [
                "Pilates Rings",
                "/browse/sports-outdoors/pilates-rings/4125_4134_2350251_3654962"
            ],
            [
                "Yoga Straps",
                "/browse/sports-outdoors/yoga-straps/4125_4134_1078384_3698093"
            ],
            [
                "Yoga Socks",
                "/browse/sports-outdoors/yoga-socks/4125_4134_1078384_5701372"
            ],
            [
                "Bikram Yoga",
                "/browse/sports-outdoors/bikram-yoga/4125_4134_1078384_7393034"
            ],
            [
                "Pilates Mats",
                "/browse/sports-outdoors/pilates-mats/4125_4134_2350251_8322693"
            ]
        ]
    },
    {
        "title": "Yescom Folding Pedal Exerciser Cycle Mini Bike Leg Arm Trainer under Desk Electronic Display Fitness Gym Home",
        "url": "https://www.walmart.com/ip/Yescom-Folding-Pedal-Exerciser-Cycle-Mini-Bike-Leg-Arm-Trainer-under-Desk-Electronic-Display-Fitness-Gym-Home/341972753",
        "price": "$32.90",
        "stars": "4.5",
        "ratings": "20 ",
        "img": "i5.walmartimages.com/asr/08cfc980-c0b0-4f9e-b2fd-7da22e2f1afd_1.2ff83e15c8c42b646c3142120d408b09.jpeg?odnWidth=612&odnHeight=612&odnBg=ffffff",
        "tags": [
            [
                "Ellipticals",
                "/browse/sports-outdoors/ellipticals/4125_4134_1074324_1074325"
            ],
            [
                "Exercise Bikes",
                "/browse/sports-outdoors/exercise-bikes/4125_4134_1074324_1074327"
            ],
            [
                "Steppers",
                "/browse/sports-outdoors/steppers/4125_4134_1074324_1074329"
            ],
            [
                "Bike Pedals",
                "/browse/sports-outdoors/bike-pedals/4125_1081404_7650685_5117302"
            ],
            [
                "All Bike Components",
                "/browse/sports-outdoors/all-bike-components/4125_1081404_7650685_7412229"
            ],
            [
                "Upright Exercise Bikes",
                "/browse/sports-outdoors/upright-exercise-bikes/4125_4134_1074324_6143329_9467098"
            ],
            [
                "Peddle Exercisers",
                "/browse/sports-outdoors/peddle-exercisers/4125_4134_1074324_9719580"
            ],
            [
                "Leg Extension Machines",
                "/browse/sports-outdoors/leg-extension-machines/4125_4134_1026285_2484197_9743781"
            ]
        ]
    },
    {
        "title": "California Home Goods 6PK Reusable Glass Water Bottles With Insulate Multi-Color Neoprene Sleeves 18 fl oz",
        "url": "https://www.walmart.com/ip/California-Home-Goods-6PK-Reusable-Glass-Water-Bottles-With-Insulate-Multi-Color-Neoprene-Sleeves-18-fl-oz/627132276",
        "price": "$17.95",
        "stars": "4.2",
        "ratings": "35 ",
        "img": "i5.walmartimages.com/asr/3cbf42ab-e6bb-403c-8da3-1f01440c0dcc_1.b1185613216f9ac4b8967fcada8f49f9.jpeg?odnWidth=612&odnHeight=612&odnBg=ffffff",
        "tags": [
            [
                "Plastic Water Bottles",
                "/browse/home/plastic-water-bottles/4044_623679_639999_7751805_4269055_7285309_2888798"
            ],
            [
                "Glass Water Bottles",
                "/browse/home/glass-water-bottles/4044_623679_639999_7751805_4269055_7285309_3326328"
            ],
            [
                "Travel Mugs",
                "/browse/home/travel-mugs/4044_623679_639999_7751805_3759938"
            ],
            [
                "Flasks",
                "/browse/home/flasks/4044_623679_639999_4434841_4011726"
            ],
            [
                "Contigo Water Bottles",
                "/browse/home/contigo-water-bottles/4044_623679_639999_7751805_4269055_1373149_4722352"
            ],
            [
                "Silicone Water Bottles",
                "/browse/home/silicone-water-bottles/4044_623679_639999_7751805_4269055_7285309_5263222"
            ],
            [
                "Kids' Water Bottles",
                "/browse/home/kids-water-bottles/4044_623679_639999_7751805_4269055_7270555"
            ],
            [
                "Thermoses",
                "/browse/home/thermoses/4044_623679_639999_7751805_9823303"
            ]
        ]
    },
    {
        "title": "EEEkit 10/5Pcs UV Protection Cooling Arm Sleeves Cover for Women and Men, Sun Sleeves Cover with Thumb Hole for Biking, Gardening, Driving, Fishing, Golf, Hiking",
        "url": "https://www.walmart.com/ip/EEEkit-10-5Pcs-UV-Protection-Cooling-Arm-Sleeves-Cover-Women-Men-Sun-Thumb-Hole-Biking-Gardening-Driving-Fishing-Golf-Hiking/567833965",
        "price": "$10.97",
        "stars": "3.9",
        "ratings": "25 ",
        "img": "i5.walmartimages.com/asr/be78f934-85df-4440-bf46-5626e2dc277d_1.6e016c74273891cf135fe6b13a3ff69f.jpeg?odnWidth=612&odnHeight=612&odnBg=ffffff",
        "tags": [
            [
                "Basketball Sleeves",
                "/browse/sports-outdoors/basketball-sleeves/4125_4161_4165_1075706"
            ],
            [
                "Basketball Clothes",
                "/browse/sports-outdoors/basketball-clothes/4125_4161_4165_1092125"
            ],
            [
                "Softball Protective Gear",
                "/browse/sports-outdoors/softball-protective-gear/4125_4161_4169_131880"
            ],
            [
                "Elbow Compression Sleeves",
                "/browse/sports-outdoors/elbow-compression-sleeves/4125_4134_3523130_8200402_1866732"
            ],
            [
                "Golf Shirts",
                "/browse/sports-outdoors/golf-shirts/4125_4161_4152_1075726_2270902"
            ],
            [
                "Ping Golf",
                "/browse/sports-outdoors/ping-golf/4125_4161_4152_6714106"
            ],
            [
                "Football Arm Sleeves",
                "/browse/sports-outdoors/football-arm-sleeves/4125_4161_434036_9000704_9100188"
            ],
            [
                "Sports Braces",
                "/browse/sports-outdoors/sports-braces/4125_4134_3523130_8200402_9682761"
            ]
        ]
    },
    {
        "title": "Stalwart Foam Mat Floor Tiles, Interlocking EVA Foam Padding, 6 Pack, 3/8 Inch Thick",
        "url": "https://www.walmart.com/ip/Stalwart-Foam-Mat-Floor-Tiles-Interlocking-EVA-Foam-Padding-6-Pack-3-8-Inch-Thick/51042649",
        "price": "$27.57",
        "stars": "5.0",
        "ratings": "8 ",
        "img": "i5.walmartimages.com/asr/11c457b4-9dd6-450a-af5d-519f8693edf0_1.6d2fd603d869dc4060756bb2c9340ad3.jpeg?odnWidth=612&odnHeight=612&odnBg=ffffff",
        "tags": [
            [
                "Exercise Machine Accessories",
                "/browse/sports-outdoors/exercise-machine-accessories/4125_4134_1074324_1078224"
            ],
            [
                "Yoga Mats",
                "/browse/sports-outdoors/yoga-mats/4125_4134_1078384_1078386"
            ],
            [
                "BJJ Mats",
                "/browse/sports-outdoors/bjj-mats/4125_4134_8062664_9244297_3706926"
            ],
            [
                "All Exercise and Fitness Accessories",
                "/browse/sports-outdoors/all-exercise-fitness-accessories/4125_4134_1078104_4524158"
            ],
            [
                "Field Equipment & Accessories",
                "/browse/sports-outdoors/field-equipment-accessories/4125_4161_523561"
            ],
            [
                "Fishing Sunglasses",
                "/browse/sports-outdoors/fishing-sunglasses/4125_546956_111667_8037149_5587008"
            ],
            [
                "Wrestling Mats, Tape & Cleaning Accessories",
                "/browse/sports-outdoors/wrestling-mats-tape-cleaning-accessories/4125_4134_8062664_5465754_6112907"
            ],
            [
                "Gym Flooring",
                "/browse/sports-outdoors/gym-flooring/4125_4134_1026285_2484197_8192651"
            ]
        ]
    }
]