[
    {
        "title": "Chicago Bears For Bare Feet Quad Stripe Crew Socks",
        "url": "https://www.walmart.com/ip/Chicago-Bears-For-Bare-Feet-Quad-Stripe-Crew-Socks/588760851",
        "price": "$6.88",
        "stars": 0,
        "ratings": 0,
        "img": "i5.walmartimages.com/asr/ead04b22-d2fd-48eb-8e3a-324a67026f20.b2da366d3edebd4ab1c172a1abab7c81.jpeg?odnWidth=612&odnHeight=612&odnBg=ffffff",
        "tags": []
    },
    {
        "title": "NFL Dallas Cowboys Full Sheet Set, 1 Each",
        "url": "https://www.walmart.com/ip/NFL-Dallas-Cowboys-Full-Sheet-Set-1-Each/389827356",
        "price": "$32.88",
        "stars": "1.0",
        "ratings": "1 ",
        "img": "i5.walmartimages.com/asr/458de0f9-6759-481b-82e3-bb678f7d1d32.2a73bc5dc835a396ba7dda1468f37b15.jpeg?odnWidth=612&odnHeight=612&odnBg=ffffff",
        "tags": [
            [
                "Bath Fan Shop",
                "/browse/sports-outdoors/bath-fan-shop/4125_1063984_1063994_1063995"
            ],
            [
                "Bedding Fan Shop",
                "/browse/sports-outdoors/bedding-fan-shop/4125_1063984_1063994_1064004"
            ],
            [
                "Dallas Cowboys Bath & Kitchen",
                "/browse/sports-outdoors/dallas-cowboys-bath-kitchen/4125_1063984_1423455_5722514_3444383"
            ],
            [
                "Fan Shop Throw Blankets",
                "/browse/sports-outdoors/fan-shop-throw-blankets/4125_1063984_1063994_4277922"
            ],
            [
                "NFL Accessories",
                "/browse/sports-outdoors/nfl-accessories/4125_1063984_1423455_5244236"
            ],
            [
                "Dallas Cowboys Team Shop",
                "/browse/sports-outdoors/dallas-cowboys-team-shop/4125_1063984_1423455_5722514_6544512"
            ],
            [
                "Dallas Cowboys Accessories",
                "/browse/sports-outdoors/dallas-cowboys-accessories/4125_1063984_1423455_5722514_6614107"
            ],
            [
                "NFL Bedding",
                "/browse/sports-outdoors/nfl-bedding/4125_1063984_1423455_7374764"
            ]
        ]
    },
    {
        "title": "WWE: WrestleMania 35 (DVD)",
        "url": "https://www.walmart.com/ip/WWE-WrestleMania-35-DVD/514018120",
        "price": "$11.76",
        "stars": "5.0",
        "ratings": "8 ",
        "img": "",
        "tags": [
            [
                "Anime Comedy",
                "/browse/movies-tv-shows/anime-comedy/4096_530719_1010219_1010221"
            ],
            [
                "All Health & Fitness",
                "/browse/movies-tv-shows/all-health-fitness/4096_530719_530708_1039079"
            ],
            [
                "WWE Movies & TV Shows",
                "/browse/movies-tv-shows/wwe-movies-tv-shows/4096_530719_1046279_2769711"
            ],
            [
                "Scooby Doo Movies",
                "/browse/movies-tv-shows/scooby-doo-movies/4096_530719_1057424_3812254"
            ],
            [
                "Adventure Movies",
                "/browse/movies-tv-shows/adventure-movies/4096_530598_530701_531392"
            ],
            [
                "German Movies",
                "/browse/movies-tv-shows/german-movies/4096_530598_530706_531501"
            ],
            [
                "Children & Family",
                "/browse/movies-tv-shows/children-family/4096_616859_617001"
            ],
            [
                "New Release Movies",
                "/browse/new-release-movies/4096_6942910"
            ]
        ]
    },
    {
        "title": "2 Pack of Camera Lens Cup Coffee Mugs",
        "url": "https://www.walmart.com/ip/2-Pack-of-Camera-Lens-Cup-Coffee-Mugs/964561859",
        "price": "$14.95",
        "stars": "5.0",
        "ratings": "1 ",
        "img": "i5.walmartimages.com/asr/d738923e-a91f-4e47-8d52-e3c290de1f73_1.1f2c2148fbc8acafb9a735c8145c98e0.jpeg?odnWidth=612&odnHeight=612&odnBg=ffffff",
        "tags": [
            [
                "Clocks Fan Shop",
                "/browse/sports-outdoors/clocks-fan-shop/4125_1063984_1063994_1064005_1064006"
            ],
            [
                "Water Bottles & Hydration",
                "/browse/sports-outdoors/water-bottles-hydration/4125_546956_4128_1080844_1080865"
            ],
            [
                "Baltimore Orioles T-Shirts",
                "/browse/sports-outdoors/baltimore-orioles-t-shirts/4125_1063984_1064344_6614022_1919392"
            ],
            [
                "Shop All St. Louis Cardinals",
                "/browse/sports-outdoors/shop-all-st-louis-cardinals/4125_1063984_1064344_4162488_2660367"
            ],
            [
                "Shop All New York Yankees",
                "/browse/sports-outdoors/shop-all-new-york-yankees/4125_1063984_1064344_4910567_4813799"
            ],
            [
                "St. Louis Cardinals Sweatshirts",
                "/browse/sports-outdoors/st-louis-cardinals-sweatshirts/4125_1063984_1064344_4162488_6312277"
            ],
            [
                "MLB Home",
                "/browse/sports-outdoors/mlb-home/4125_1063984_1064344_3973317_7708333"
            ],
            [
                "St. Louis Cardinals Mens",
                "/browse/sports-outdoors/st-louis-cardinals-mens/4125_1063984_1064344_4162488_9630203"
            ]
        ]
    },
    {
        "title": "NCAA Ohio State Full Sheet Set",
        "url": "https://www.walmart.com/ip/NCAA-Ohio-State-Full-Sheet-Set/736885477",
        "price": "$32.88",
        "stars": "4.5",
        "ratings": "2 ",
        "img": "i5.walmartimages.com/asr/19dfdac8-61c2-410d-9282-66efb704388b.af9dcc88ccbf5576bebbde497e51b09d.jpeg?odnWidth=612&odnHeight=612&odnBg=ffffff",
        "tags": [
            [
                "Bedding Fan Shop",
                "/browse/sports-outdoors/bedding-fan-shop/4125_1063984_1063994_1064004"
            ],
            [
                "Alabama Crimson Tide",
                "/browse/sports-outdoors/alabama-crimson-tide/4125_1063984_1064346_4840714_1237539"
            ],
            [
                "Alabama Crimson Tide Bedding & Blankets",
                "/browse/sports-outdoors/alabama-crimson-tide-bedding-blankets/4125_1063984_1064346_4840714_1511771"
            ],
            [
                "Ohio State Buckeyes",
                "/browse/sports-outdoors/ohio-state-buckeyes/4125_1063984_1064346_2296959"
            ],
            [
                "NCAA Accessories",
                "/browse/sports-outdoors/ncaa-accessories/4125_1063984_1064346_3814509"
            ],
            [
                "Fan Shop Throw Blankets",
                "/browse/sports-outdoors/fan-shop-throw-blankets/4125_1063984_1063994_4277922"
            ],
            [
                "Ohio State Buckeyes Mens",
                "/browse/sports-outdoors/ohio-state-buckeyes-mens/4125_1063984_1064346_4750729_5864228"
            ],
            [
                "NCAA Bedding",
                "/browse/sports-outdoors/ncaa-bedding/4125_1063984_1064346_9306294"
            ]
        ]
    },
    {
        "title": "Toddler Russell Athletic Black Georgia Bulldogs Rookie T-Shirt",
        "url": "https://www.walmart.com/ip/Toddler-Russell-Athletic-Black-Georgia-Bulldogs-Rookie-T-Shirt/494939636",
        "price": "$8.88",
        "stars": 0,
        "ratings": 0,
        "img": "i5.walmartimages.com/asr/7ddb6af3-f5a7-4fee-b9c3-8d2930a75c99.3f15b7ba4a806430fb3717ec48638846.jpeg?odnWidth=612&odnHeight=612&odnBg=ffffff",
        "tags": [
            [
                "Georgia Bulldogs Womens",
                "/browse/sports-outdoors/georgia-bulldogs-womens/4125_1063984_1064346_5284977_1970922"
            ],
            [
                "NCAA Kids",
                "/browse/sports-outdoors/ncaa-kids/4125_1063984_1064346_3602473"
            ],
            [
                "Georgia Bulldogs Bedding & Blankets",
                "/browse/sports-outdoors/georgia-bulldogs-bedding-blankets/4125_1063984_1064346_5284977_6225488"
            ],
            [
                "Georgia Bulldogs",
                "/browse/sports-outdoors/georgia-bulldogs/4125_1063984_1064346_6800148"
            ],
            [
                "Georgia Bulldogs T-Shirts",
                "/browse/sports-outdoors/georgia-bulldogs-t-shirts/4125_1063984_1064346_5284977_8665844"
            ],
            [
                "Georgia Bulldogs Accessories",
                "/browse/sports-outdoors/georgia-bulldogs-accessories/4125_1063984_1064346_5284977_8898689"
            ],
            [
                "Georgia Bulldogs Mens",
                "/browse/sports-outdoors/georgia-bulldogs-mens/4125_1063984_1064346_5284977_9306261"
            ],
            [
                "Walmart NCAA Collection",
                "/browse/sports-outdoors/walmart-ncaa-collection/4125_1063984_1064346_9619761"
            ]
        ]
    },
    {
        "title": "Team Gnome, San Francisco 49ers",
        "url": "https://www.walmart.com/ip/Team-Gnome-San-Francisco-49ers/16934838",
        "price": "$16.99",
        "stars": "4.0",
        "ratings": "4 ",
        "img": "",
        "tags": [
            [
                "Cincinnati Bengals Accessories",
                "/browse/sports-outdoors/cincinnati-bengals-accessories/4125_1063984_1423455_6203955_1561267"
            ],
            [
                "Green Bay Packers Accessories",
                "/browse/sports-outdoors/green-bay-packers-accessories/4125_1063984_1423455_8965382_2277546"
            ],
            [
                "New Orleans Saints Accessories",
                "/browse/sports-outdoors/new-orleans-saints-accessories/4125_1063984_1423455_2977481_2672513"
            ],
            [
                "New York Giants Accessories",
                "/browse/sports-outdoors/new-york-giants-accessories/4125_1063984_1423455_8316456_3986038"
            ],
            [
                "Detroit Lions Accessories",
                "/browse/sports-outdoors/detroit-lions-accessories/4125_1063984_1423455_9509955_4813398"
            ],
            [
                "Denver Broncos Accessories",
                "/browse/sports-outdoors/denver-broncos-accessories/4125_1063984_1423455_1434776_5457449"
            ],
            [
                "Seattle Seahawks Accessories",
                "/browse/sports-outdoors/seattle-seahawks-accessories/4125_1063984_1423455_8134962_5980142"
            ],
            [
                "Chicago Bears Accessories",
                "/browse/sports-outdoors/chicago-bears-accessories/4125_1063984_1423455_5548995_9236923"
            ]
        ]
    },
    {
        "title": "Seattle Seahawks 22'' x 34'' Russell Wilson Poster",
        "url": "https://www.walmart.com/ip/Seattle-Seahawks-22-x-34-Russell-Wilson-Poster/110873935",
        "price": "$7.99",
        "stars": 0,
        "ratings": 0,
        "img": "i5.walmartimages.com/asr/7f666560-bddc-4a80-94b2-eb937cb84e78.c26ecafee6b01947d97e536f21030a7a.jpeg?odnWidth=612&odnHeight=612&odnBg=ffffff",
        "tags": [
            [
                "Bedding Fan Shop",
                "/browse/sports-outdoors/bedding-fan-shop/4125_1063984_1063994_1064004"
            ],
            [
                "Seattle Seahawks Bedding & Blankets",
                "/browse/sports-outdoors/seattle-seahawks-bedding-blankets/4125_1063984_1423455_8134962_1376984"
            ],
            [
                "Seattle Seahawks Team Shop",
                "/browse/sports-outdoors/seattle-seahawks-team-shop/4125_1063984_1423455_8134962_4334605"
            ],
            [
                "San Francisco 49ers Accessories",
                "/browse/sports-outdoors/san-francisco-49ers-accessories/4125_1063984_1423455_5236188_5163807"
            ],
            [
                "Denver Broncos Accessories",
                "/browse/sports-outdoors/denver-broncos-accessories/4125_1063984_1423455_1434776_5457449"
            ],
            [
                "NFL Bedding",
                "/browse/sports-outdoors/nfl-bedding/4125_1063984_1423455_7374764"
            ],
            [
                "Chicago Bears Accessories",
                "/browse/sports-outdoors/chicago-bears-accessories/4125_1063984_1423455_5548995_9236923"
            ],
            [
                "NFL Mens",
                "/browse/sports-outdoors/nfl-mens/4125_1063984_1423455_9725320"
            ]
        ]
    },
    {
        "title": "Denver Broncos FOCO Adult Face Covering 3-Pack",
        "url": "https://www.walmart.com/ip/Denver-Broncos-FOCO-Adult-Face-Covering-3-Pack/325961704",
        "price": "$19.99",
        "stars": "5.0",
        "ratings": "1 ",
        "img": "i5.walmartimages.com/asr/96c1aad2-2f53-4c5c-8caf-d2bdaee9813f.96f7bfc480f2b31ce7bb4a9edcd249e5.jpeg?odnWidth=612&odnHeight=612&odnBg=ffffff",
        "tags": []
    },
    {
        "title": "LA Clippers Ethika for Fanatics Youth DNA Boxer Briefs - Black",
        "url": "https://www.walmart.com/ip/LA-Clippers-Ethika-for-Fanatics-Youth-DNA-Boxer-Briefs-Black/610202729",
        "price": "$15.19",
        "stars": "5.0",
        "ratings": "1 ",
        "img": "i5.walmartimages.com/asr/f73807f9-a903-4138-b0a2-fd9266f19c80.4b8504d701eab3c3199cc57763279817.jpeg?odnWidth=612&odnHeight=612&odnBg=ffffff",
        "tags": []
    }
]