[
    {
        "title": "10\" Genesis Transit MINI BMX Bike, Red",
        "url": "https://www.walmart.com/ip/10-Genesis-Transit-MINI-BMX-Bike-Red/55627508",
        "price": "$99.00",
        "stars": "3.6",
        "ratings": "31 ",
        "img": "i5.walmartimages.com/asr/516d6a5e-86ef-46d1-849d-8c5ff6b42317_1.d099ca2d2b1948f66e83d8a1c50144bb.jpeg?odnWidth=612&odnHeight=612&odnBg=ffffff",
        "tags": [
            [
                "All Kids' Bikes",
                "/browse/sports-outdoors/all-kids-bikes/4125_1081404_9240575_1085618"
            ],
            [
                "Skate Ramps",
                "/browse/sports-outdoors/skate-ramps/4125_1224931_7628560_3297420_4830704"
            ],
            [
                "Huffy BMX Bikes",
                "/browse/sports-outdoors/huffy-bmx-bikes/4125_1081404_6972181_9379318_5152094"
            ],
            [
                "BMX Bikes",
                "/browse/sports-outdoors/bmx-bikes/4125_1081404_1230089_5753732"
            ],
            [
                "Mongoose BMX Bikes",
                "/browse/sports-outdoors/mongoose-bmx-bikes/4125_1081404_6972181_4193522_7191167"
            ],
            [
                "Bicycles with Training Wheels",
                "/browse/sports-outdoors/bicycles-with-training-wheels/4125_1081404_9240575_7312004"
            ],
            [
                "Kids' BMX Bikes",
                "/browse/sports-outdoors/kids-bmx-bikes/4125_1081404_9240575_7577999"
            ],
            [
                "Huffy Kid's Bikes",
                "/browse/sports-outdoors/huffy-kids-bikes/4125_1081404_6972181_9379318_7984252"
            ]
        ]
    },
    {
        "title": "MINI-FACTORY Bike Bell for Kid Girls, Cute Pink Girly Unicorn Children's Bike Accessory Safe Cycling Ring Horn for Bicycle Handlebar",
        "url": "https://www.walmart.com/ip/MINI-FACTORY-Bike-Bell-for-Kid-Girls-Cute-Pink-Girly-Unicorn-Children-s-Bike-Accessory-Safe-Cycling-Ring-Horn-for-Bicycle-Handlebar/521461698",
        "price": "$8.95",
        "stars": "4.4",
        "ratings": "7 ",
        "img": "",
        "tags": [
            [
                "Unicorn Comforters",
                "/browse/feature/unicorn-comforters/14503_6685911_2572073_1631259"
            ],
            [
                "Unicorn Bedding",
                "/browse/feature/unicorn-bedding/14503_6685911_2572073_3465344"
            ],
            [
                "Unicorn Bedding Sets",
                "/browse/feature/unicorn-bedding-sets/14503_6685911_2572073_3494024"
            ],
            [
                "All Unicorn Toys",
                "/browse/feature/all-unicorn-toys/14503_6685911_6525275_4526495"
            ],
            [
                "Unicorn Pool Floats",
                "/browse/feature/unicorn-pool-floats/14503_6685911_6525275_6002649"
            ],
            [
                "Unicorn Kids Clothing",
                "/browse/feature/unicorn-kids-clothing/14503_6685911_3599955_6069422"
            ],
            [
                "Unicorn Wall Decor",
                "/browse/feature/unicorn-wall-decor/14503_6685911_2572073_8534132"
            ],
            [
                "Unicorn Dolls",
                "/browse/feature/unicorn-dolls/14503_6685911_6525275_9199575"
            ]
        ]
    },
    {
        "title": "MTB Cycle Soft Bike Handlebar Grips Hand Grip Road Mountain Bicycle Scooter",
        "url": "https://www.walmart.com/ip/MTB-Cycle-Soft-Bike-Handlebar-Grips-Hand-Grip-Road-Mountain-Bicycle-Scooter/207073593",
        "price": "$7.39",
        "stars": 0,
        "ratings": 0,
        "img": "i5.walmartimages.com/asr/b15e9feb-89c7-4351-9738-686cf0ef3841.e66c1decab02a40e64cc1689d22bcce6.jpeg?odnWidth=612&odnHeight=612&odnBg=ffffff",
        "tags": []
    },
    {
        "title": "WD-40 Specialist White Lithium Grease 10oz",
        "url": "https://www.walmart.com/ip/WD-40-Specialist-White-Lithium-Grease-10oz/36941664",
        "price": "$16.37",
        "stars": "4.1",
        "ratings": "47 ",
        "img": "i5.walmartimages.com/asr/efb59b74-0877-41ad-b220-13e9efffef7f_1.bd573eb57dacddfa80df84c8529d916a.jpeg?odnWidth=612&odnHeight=612&odnBg=ffffff",
        "tags": [
            [
                "Brake & Engine Cleaners",
                "/browse/auto-tires/brake-engine-cleaners/91083_1104294_1218943"
            ],
            [
                "Greases",
                "/browse/auto-tires/greases/91083_1104294_1414918"
            ],
            [
                "Maintenance Chemicals",
                "/browse/auto-tires/maintenance-chemicals/91083_1841472_1637832"
            ],
            [
                "Super Tech Motor Oil",
                "/browse/auto-tires/super-tech-motor-oil/91083_1104294_7259277_2944403"
            ],
            [
                "Greases and Lubricants",
                "/browse/auto-tires/greases-lubricants/91083_1841472_5038739"
            ],
            [
                "Fuel Transfer Pumps",
                "/browse/auto-tires/fuel-transfer-pumps/91083_5941050_1363294_5219733"
            ],
            [
                "Gear Oil",
                "/browse/auto-tires/gear-oil/91083_1104294_6343492"
            ],
            [
                "Cleaners and De-Greasers",
                "/browse/auto-tires/cleaners-de-greasers/91083_5941050_7996283_8361183"
            ]
        ]
    },
    {
        "title": "Bell Flat Defense Road Bike Tire, 26\" x 1-3/8\", Black",
        "url": "https://www.walmart.com/ip/Bell-Flat-Defense-Road-Bike-Tire-26-x-1-3-8-Black/56229273",
        "price": "$24.97",
        "stars": "4.3",
        "ratings": "21 ",
        "img": "i5.walmartimages.com/asr/ce8507a4-1895-4034-8f8d-910ee809a025_1.384af574d0dbb67dcc3c09ae2c49adf4.jpeg?odnWidth=612&odnHeight=612&odnBg=ffffff",
        "tags": [
            [
                "Bike Tire and Wheel Tools",
                "/browse/sports-outdoors/bike-tire-wheel-tools/4125_1081404_5848968_3513593_2214162"
            ],
            [
                "Bike Tire Tubes",
                "/browse/sports-outdoors/bike-tire-tubes/4125_1081404_7650685_2251993"
            ],
            [
                "Mountain Bikes",
                "/browse/sports-outdoors/mountain-bikes/4125_1081404_1230089_2768744"
            ],
            [
                "Bike Wheels",
                "/browse/sports-outdoors/bike-wheels/4125_1081404_7650685_3498239"
            ],
            [
                "Bike Brakes",
                "/browse/sports-outdoors/bike-brakes/4125_1081404_7650685_5936035"
            ],
            [
                "Mongoose Mountain Bikes",
                "/browse/sports-outdoors/mongoose-mountain-bikes/4125_1081404_6972181_4193522_7633370"
            ],
            [
                "Bike Handlebars",
                "/browse/sports-outdoors/bike-handlebars/4125_1081404_7650685_8636900"
            ],
            [
                "Bike Tires",
                "/browse/sports-outdoors/bike-tires/4125_1081404_7650685_9086523"
            ]
        ]
    },
    {
        "title": "FITCRUNCH Protein Bars | World?s Only 6-Layer Baked Bar | Chocolate Chip Cookie Dough",
        "url": "https://www.walmart.com/ip/FITCRUNCH-Protein-Bars-World-s-Only-6-Layer-Baked-Bar-Chocolate-Chip-Cookie-Dough/106824217",
        "price": "$28.99",
        "stars": "5.0",
        "ratings": "5 ",
        "img": "i5.walmartimages.com/asr/a95dd312-ed1c-41ac-bd64-ae5ce1be5e42_1.476347b8112f9418b0187406052f5562.jpeg?odnWidth=612&odnHeight=612&odnBg=ffffff",
        "tags": [
            [
                "Protein Shakes, Bars & Energy Drinks",
                "/browse/health/protein-shakes-bars-energy-drinks/976760_9035881_9006282_2339462"
            ],
            [
                "Indulgent Flavors Protein & Fitness",
                "/browse/health/indulgent-flavors-protein-fitness/976760_1166769_4709928_4249965"
            ],
            [
                "Protein On the Go",
                "/browse/health/protein-on-the-go/976760_1166769_5193040"
            ],
            [
                "Met-Rx Protein Bars",
                "/browse/health/met-rx-protein-bars/976760_1166769_2744334_5245209"
            ],
            [
                "Fuel Your Body",
                "/browse/health/fuel-your-body/976760_9035881_5814720"
            ],
            [
                "MusclePharm Protein",
                "/browse/health/musclepharm-protein/976760_1166769_8714789_7720246"
            ],
            [
                "Beach Body Ready - Active Nutrition",
                "/browse/health/beach-body-ready-active-nutrition/976760_1166769_8429873"
            ],
            [
                "United States Nutrition",
                "/browse/health/united-states-nutrition/976760_1166769_9971680"
            ]
        ]
    },
    {
        "title": "Bell U-Lock Bicycle Lock",
        "url": "https://www.walmart.com/ip/Bell-U-Lock-Bicycle-Lock/849930624",
        "price": "$14.96",
        "stars": "4.0",
        "ratings": "40 ",
        "img": "i5.walmartimages.com/asr/bcaf681e-d18e-40c7-a730-8deee5dbddae_1.4c9de4ce161300342dc8568237379749.jpeg?odnWidth=612&odnHeight=612&odnBg=ffffff",
        "tags": [
            [
                "Bike Water Bottle Cages",
                "/browse/sports-outdoors/bike-water-bottle-cages/4125_1081404_5848968_1790042"
            ],
            [
                "Bike Saddles",
                "/browse/sports-outdoors/bike-saddles/4125_1081404_7650685_4361645_2469534"
            ],
            [
                "Bike Lights",
                "/browse/sports-outdoors/bike-lights/4125_1081404_5848968_4037860"
            ],
            [
                "Bike Helmets",
                "/browse/sports-outdoors/bike-helmets/4125_1081404_7258752_6249551"
            ],
            [
                "Bike Bags & Carriers",
                "/browse/sports-outdoors/bike-bags-carriers/4125_1081404_5848968_6312816"
            ],
            [
                "Bike Water Bottles",
                "/browse/sports-outdoors/bike-water-bottles/4125_1081404_5848968_7113847"
            ],
            [
                "All Bike Components",
                "/browse/sports-outdoors/all-bike-components/4125_1081404_7650685_7412229"
            ],
            [
                "Bike Pumps",
                "/browse/sports-outdoors/bike-pumps/4125_1081404_5848968_9835385"
            ]
        ]
    },
    {
        "title": "Huffy Electronic Bike Bell, Black",
        "url": "https://www.walmart.com/ip/Huffy-Electronic-Bike-Bell-Black/109270293",
        "price": "$9.96",
        "stars": "4.4",
        "ratings": "36 ",
        "img": "i5.walmartimages.com/asr/b72e35b2-a6f7-45eb-958e-743c5008e163_1.c106035110bff65c35a9f7195286c847.jpeg?odnWidth=612&odnHeight=612&odnBg=ffffff",
        "tags": [
            [
                "Bike Water Bottle Cages",
                "/browse/sports-outdoors/bike-water-bottle-cages/4125_1081404_5848968_1790042"
            ],
            [
                "Bike Baskets",
                "/browse/sports-outdoors/bike-baskets/4125_1081404_5848968_3824272"
            ],
            [
                "Bike Lights",
                "/browse/sports-outdoors/bike-lights/4125_1081404_5848968_4037860"
            ],
            [
                "Bike GPS Trackers",
                "/browse/sports-outdoors/bike-gps-trackers/4125_1081404_5848968_4557575_4947551"
            ],
            [
                "Bike Covers",
                "/browse/sports-outdoors/bike-covers/4125_1081404_5848968_4998116_5085312"
            ],
            [
                "Bike Bags & Carriers",
                "/browse/sports-outdoors/bike-bags-carriers/4125_1081404_5848968_6312816"
            ],
            [
                "Bike Locks",
                "/browse/sports-outdoors/bike-locks/4125_1081404_5848968_6474494"
            ],
            [
                "Bike Mirrors",
                "/browse/sports-outdoors/bike-mirrors/4125_1081404_5848968_4618267_8372227"
            ]
        ]
    },
    {
        "title": "Bell Key Cable Bike Lock with Light Up Key",
        "url": "https://www.walmart.com/ip/Bell-Key-Cable-Bike-Lock-with-Light-Up-Key/916056273",
        "price": "$14.96",
        "stars": "4.0",
        "ratings": "1 ",
        "img": "i5.walmartimages.com/asr/293a2abe-f07c-4859-8327-6ef88ddf8420_2.0e16ff8c11a357a9258b53b705a73dfa.jpeg?odnWidth=612&odnHeight=612&odnBg=ffffff",
        "tags": [
            [
                "Bike Water Bottle Cages",
                "/browse/sports-outdoors/bike-water-bottle-cages/4125_1081404_5848968_1790042"
            ],
            [
                "Bike Lights",
                "/browse/sports-outdoors/bike-lights/4125_1081404_5848968_4037860"
            ],
            [
                "Bike Helmets",
                "/browse/sports-outdoors/bike-helmets/4125_1081404_7258752_6249551"
            ],
            [
                "Bike Bags & Carriers",
                "/browse/sports-outdoors/bike-bags-carriers/4125_1081404_5848968_6312816"
            ],
            [
                "Game Camera Accessories",
                "/browse/sports-outdoors/game-camera-accessories/4125_546956_4155_3292531_6860802"
            ],
            [
                "Bike Water Bottles",
                "/browse/sports-outdoors/bike-water-bottles/4125_1081404_5848968_7113847"
            ],
            [
                "Bike Tool Kits",
                "/browse/sports-outdoors/bike-tool-kits/4125_1081404_5848968_3513593_9797485"
            ],
            [
                "Bike Pumps",
                "/browse/sports-outdoors/bike-pumps/4125_1081404_5848968_9835385"
            ]
        ]
    },
    {
        "title": "Fisher Price lightweight Balance Bike, for Ages 2+",
        "url": "https://www.walmart.com/ip/Fisher-Price-lightweight-Balance-Bike-for-Ages-2/726472012",
        "price": "$29.92",
        "stars": "4.7",
        "ratings": "31 ",
        "img": "",
        "tags": [
            [
                "All Kids' Bikes",
                "/browse/sports-outdoors/all-kids-bikes/4125_1081404_9240575_1085618"
            ],
            [
                "Kids' Balance Bikes",
                "/browse/sports-outdoors/kids-balance-bikes/4125_1081404_9240575_1096244"
            ],
            [
                "Kids' Tricycles",
                "/browse/sports-outdoors/kids-tricycles/4125_1081404_9240575_1229904"
            ],
            [
                "Bike Pads",
                "/browse/sports-outdoors/bike-pads/4125_1081404_7258752_5248669"
            ],
            [
                "Bike Helmets",
                "/browse/sports-outdoors/bike-helmets/4125_1081404_7258752_6249551"
            ],
            [
                "Bicycles with Training Wheels",
                "/browse/sports-outdoors/bicycles-with-training-wheels/4125_1081404_9240575_7312004"
            ],
            [
                "Kids' BMX Bikes",
                "/browse/sports-outdoors/kids-bmx-bikes/4125_1081404_9240575_7577999"
            ],
            [
                "Balance Boards",
                "/browse/sports-outdoors/balance-boards/4125_4134_1078104_8793836"
            ]
        ]
    }
]