[
    {
        "title": "Olaian by DECATHLON - Surfing Short Boardshorts 500",
        "url": "https://www.walmart.com/ip/Olaian-by-DECATHLON-Surfing-Short-Boardshorts-500/201856096",
        "price": "$19.99",
        "stars": 0,
        "ratings": 0,
        "img": "i5.walmartimages.com/asr/1d7de794-b24b-4519-a8ed-58fb194c4928.5cc490557b9f4c275edb1e0ba2899519.jpeg?odnWidth=612&odnHeight=612&odnBg=ffffff",
        "tags": []
    },
    {
        "title": "Domyos by DECATHLON - Women's Organic Cotton Yoga Leggings",
        "url": "https://www.walmart.com/ip/Domyos-by-DECATHLON-Women-s-Organic-Cotton-Yoga-Leggings/962879577",
        "price": "$19.99",
        "stars": "4.2",
        "ratings": "18 ",
        "img": "i5.walmartimages.com/asr/4eab2293-9266-4750-b748-258ba57c56c8.7a70bad09a5ffced24515c6974d697b3.jpeg?odnWidth=612&odnHeight=612&odnBg=ffffff",
        "tags": [
            [
                "Women's Activewear Sports Bras",
                "/browse/clothing/womens-activewear-sports-bras/5438_133162_3523459_7440021_1225392"
            ],
            [
                "Activewear",
                "/browse/clothing/activewear/5438_8277089_5335644_1555317_1520131"
            ],
            [
                "Athletic Works Women's Clothing",
                "/browse/clothing/athletic-works-womens-clothing/5438_3317124_8741485_5363019_2500916"
            ],
            [
                "Womens Activewear Shorts & Skorts",
                "/browse/clothing/womens-activewear-shorts-skorts/5438_133162_3554910_2510197"
            ],
            [
                "Womens Savings Activewear",
                "/browse/clothing/womens-savings-activewear/5438_5993826_8803962_3302719_3464336"
            ],
            [
                "Womens Plus Sports Bras",
                "/browse/clothing/womens-plus-sports-bras/5438_133195_5447435_4599809_5149012"
            ],
            [
                "Womens Plus Activewear",
                "/browse/clothing/womens-plus-activewear/5438_133195_9397775_593002"
            ]
        ]
    },
    {
        "title": "Domyos by DECATHLON - FTS 500 Cardio Workout T-Shirt",
        "url": "https://www.walmart.com/ip/Domyos-by-DECATHLON-FTS-500-Cardio-Workout-T-Shirt/960200979",
        "price": "$19.99",
        "stars": "4.6",
        "ratings": "32 ",
        "img": "i5.walmartimages.com/asr/f381cc43-dc81-4709-a201-5a5fd4b380f1.1640342d82cda4b5c2a4b1fcad6819c0.jpeg?odnWidth=612&odnHeight=612&odnBg=ffffff",
        "tags": [
            [
                "Mens T-Shirts & Tank Tops",
                "/browse/clothing/mens-t-shirts-tank-tops/5438_133197_4237948_1224679"
            ],
            [
                "Mens Savings Activewear",
                "/browse/clothing/mens-savings-activewear/5438_5993826_2577644_9848646_2165770"
            ],
            [
                "Mens Active Shorts",
                "/browse/clothing/mens-active-shorts/5438_133197_1589613_4426112"
            ],
            [
                "Mens New Activewear",
                "/browse/clothing/mens-new-activewear/5438_133197_7401997_9388641_5079793"
            ],
            [
                "Mens Big & Tall Activewear",
                "/browse/clothing/mens-big-tall-activewear/5438_133198_8347690_593005"
            ],
            [
                "Mens Big & Tall Active Shorts",
                "/browse/clothing/mens-big-tall-active-shorts/5438_133198_8347690_6523257"
            ],
            [
                "Tops & T-Shirts",
                "/browse/clothing/tops-t-shirts/5438_6302452_8117979_6994925_7712553"
            ],
            [
                "Men's Active Big & Tall",
                "/browse/clothing/mens-active-big-tall/5438_133197_1589613_8679063"
            ]
        ]
    },
    {
        "title": "Olaian by DECATHLON - Surfing Short Boardshorts 500",
        "url": "https://www.walmart.com/ip/Olaian-by-DECATHLON-Surfing-Short-Boardshorts-500/948865321",
        "price": "$24.99",
        "stars": 0,
        "ratings": 0,
        "img": "i5.walmartimages.com/asr/1c106858-dc2f-48b8-a4d3-827a716721f6.e404a2a4e6ef8a92b3c8c2cbc7b66512.jpeg?odnWidth=612&odnHeight=612&odnBg=ffffff",
        "tags": []
    },
    {
        "title": "Domyos by DECATHLON - Women's Cardio Workout Leggings 100",
        "url": "https://www.walmart.com/ip/Domyos-by-DECATHLON-Women-s-Cardio-Workout-Leggings-100/824420950",
        "price": "$19.99",
        "stars": "4.1",
        "ratings": "15 ",
        "img": "i5.walmartimages.com/asr/857950d0-e2dc-4b95-836d-d9f858596a84.f51a22a369cbf28ebf90d05f29464dc2.jpeg?odnWidth=612&odnHeight=612&odnBg=ffffff",
        "tags": [
            [
                "Women's Activewear Sports Bras",
                "/browse/clothing/womens-activewear-sports-bras/5438_133162_3523459_7440021_1225392"
            ],
            [
                "Activewear",
                "/browse/clothing/activewear/5438_8277089_5335644_1555317_1520131"
            ],
            [
                "Athletic Works Women's Clothing",
                "/browse/clothing/athletic-works-womens-clothing/5438_3317124_8741485_5363019_2500916"
            ],
            [
                "Womens Activewear Shorts & Skorts",
                "/browse/clothing/womens-activewear-shorts-skorts/5438_133162_3554910_2510197"
            ],
            [
                "Womens Savings Activewear",
                "/browse/clothing/womens-savings-activewear/5438_5993826_8803962_3302719_3464336"
            ],
            [
                "Womens Plus Sports Bras",
                "/browse/clothing/womens-plus-sports-bras/5438_133195_5447435_4599809_5149012"
            ],
            [
                "Womens Plus Activewear",
                "/browse/clothing/womens-plus-activewear/5438_133195_9397775_593002"
            ]
        ]
    },
    {
        "title": "Forclaz by DECATHLON - Men's Backpacking Shorts Travel500",
        "url": "https://www.walmart.com/ip/Forclaz-by-DECATHLON-Men-s-Backpacking-Shorts-Travel500/814949564",
        "price": "$34.99",
        "stars": 0,
        "ratings": 0,
        "img": "i5.walmartimages.com/asr/9823b0ed-ffc8-495c-bc7d-432a4086f882.f7007ecd142d8d022e6232e23e8fad07.jpeg?odnWidth=612&odnHeight=612&odnBg=ffffff",
        "tags": []
    },
    {
        "title": "Quechua by DECATHLON - Women's Country Walking Shorts NH500 Fresh",
        "url": "https://www.walmart.com/ip/Quechua-by-DECATHLON-Women-s-Country-Walking-Shorts-NH500-Fresh/809488726",
        "price": "$19.99",
        "stars": 0,
        "ratings": 0,
        "img": "i5.walmartimages.com/asr/e3519adc-2e91-47c0-8a35-8d7e5783b181.abd22c6c8896e2eba8a006c8bb55c805.jpeg?odnWidth=612&odnHeight=612&odnBg=ffffff",
        "tags": [
            [
                "Womens Plus Savings Shorts",
                "/browse/clothing/womens-plus-savings-shorts/5438_5993826_8611669_1287821"
            ],
            [
                "Womens Activewear Shorts & Skorts",
                "/browse/clothing/womens-activewear-shorts-skorts/5438_133162_3554910_2510197"
            ],
            [
                "Shorts & Skorts",
                "/browse/clothing/shorts-skorts/5438_6302452_5452014_5853668_3684519_2807952"
            ],
            [
                "Juniors Shorts",
                "/browse/clothing/juniors-shorts/5438_133201_2862042"
            ],
            [
                "Womens Plus Shorts",
                "/browse/clothing/womens-plus-shorts/5438_133195_3973367"
            ],
            [
                "Womens Savings Shorts",
                "/browse/clothing/womens-savings-shorts/5438_5993826_8803962_3302719_6429506"
            ],
            [
                "Women's Plus Shorts",
                "/browse/clothing/womens-plus-shorts/5438_5289731_4777396_9890744_9341771_8759297"
            ],
            [
                "Women's Shorts",
                "/browse/clothing/womens-shorts/5438_5289731_4777396_9890744_3111795_8889151"
            ]
        ]
    },
    {
        "title": "Quechua by DECATHLON - Camping Sleeping Bag 59\u00b0 Arpenaz",
        "url": "https://www.walmart.com/ip/Quechua-by-DECATHLON-Camping-Sleeping-Bag-59-Arpenaz/769100743",
        "price": "$19.99",
        "stars": "4.6",
        "ratings": "22 ",
        "img": "i5.walmartimages.com/asr/d1b4e2df-461e-4bd1-9a8e-216e59f3198e.2beee0a77c6dfed9fd200328cc285a11.jpeg?odnWidth=612&odnHeight=612&odnBg=ffffff",
        "tags": []
    },
    {
        "title": "Quechua by DECATHLON - Women's MH120 Fleece Hiking Jacket",
        "url": "https://www.walmart.com/ip/Quechua-by-DECATHLON-Women-s-MH120-Fleece-Hiking-Jacket/767728233",
        "price": "$19.99",
        "stars": "4.6",
        "ratings": "68 ",
        "img": "i5.walmartimages.com/asr/b59efa80-89b8-4f6f-8616-b5eb0413d85c_1.620f513b38dcbe035db29c46b5656b27.jpeg?odnWidth=612&odnHeight=612&odnBg=ffffff",
        "tags": [
            [
                "Mens Outdoor Jackets & Outerwear",
                "/browse/sports-outdoors/mens-outdoor-jackets-outerwear/4125_546956_4128_1800746_8573455_2160254"
            ],
            [
                "Mens Outdoor Sweatshirts & Hoodies",
                "/browse/sports-outdoors/mens-outdoor-sweatshirts-hoodies/4125_546956_4128_1800746_8573455_2236870"
            ],
            [
                "Decathlon Hiking Shirts",
                "/browse/sports-outdoors/decathlon-hiking-shirts/4125_3462289_9413535_7178638_3006934"
            ],
            [
                "Decathlon Hiking Pants",
                "/browse/sports-outdoors/decathlon-hiking-pants/4125_3462289_9413535_7178638_3163957"
            ],
            [
                "Hiking Gear",
                "/browse/sports-outdoors/hiking-gear/4125_546956_4128_3618635"
            ],
            [
                "Men's Red Ledge Clothing",
                "/browse/sports-outdoors/mens-red-ledge-clothing/4125_546956_4128_1800746_8051649_2705813_3847447"
            ],
            [
                "Decathlon Hiking Fleece",
                "/browse/sports-outdoors/decathlon-hiking-fleece/4125_3462289_9413535_7178638_5497427"
            ],
            [
                "Mens Outdoor Pants",
                "/browse/sports-outdoors/mens-outdoor-pants/4125_546956_4128_1800746_8573455_7963108"
            ]
        ]
    },
    {
        "title": "Wedze by DECATHLON - Children's Ski Pants 100",
        "url": "https://www.walmart.com/ip/Wedze-by-DECATHLON-Children-s-Ski-Pants-100/722066359",
        "price": "$29.99",
        "stars": 0,
        "ratings": 0,
        "img": "i5.walmartimages.com/asr/b39ed1bd-b434-46a9-a865-304d54cf82a9.20f218e0181a6f7881c6a9723b9a1620.jpeg?odnWidth=612&odnHeight=612&odnBg=ffffff",
        "tags": []
    }
]