[
    {
        "title": "Rockrider by DECATHLON - Mountain Bike ST 100 - M - 27.5\" - White",
        "url": "https://www.walmart.com/ip/Rockrider-by-DECATHLON-Mountain-Bike-ST-100-M-27-5-White/441646094",
        "price": "$399.00",
        "stars": "4.3",
        "ratings": "18 ",
        "img": "i5.walmartimages.com/asr/14378973-3416-43fb-9deb-1581f82cc9ca_1.2153577116b2c78a9f6819a3727b0810.jpeg?odnWidth=612&odnHeight=612&odnBg=ffffff",
        "tags": [
            [
                "Electric Bikes",
                "/browse/sports-outdoors/electric-bikes/4125_1081404_1230089_1806718"
            ],
            [
                "Decathlon Kids Bikes",
                "/browse/sports-outdoors/decathlon-kids-bikes/4125_3462289_7650170_1513446_2418151"
            ],
            [
                "Mountain Bikes",
                "/browse/sports-outdoors/mountain-bikes/4125_1081404_1230089_2768744"
            ],
            [
                "Decathlon Mountain Bikes",
                "/browse/sports-outdoors/decathlon-mountain-bikes/4125_3462289_7650170_1513446_4522791"
            ],
            [
                "Kids' Mountain Bikes",
                "/browse/sports-outdoors/kids-mountain-bikes/4125_1081404_9240575_6512934"
            ],
            [
                "Women's Mountain Bikes",
                "/browse/sports-outdoors/womens-mountain-bikes/4125_1081404_1230089_6607194"
            ],
            [
                "Road Bikes",
                "/browse/sports-outdoors/road-bikes/4125_1081404_1230089_7905629"
            ],
            [
                "Hybrid Bikes",
                "/browse/sports-outdoors/hybrid-bikes/4125_1081404_1230089_7943216"
            ]
        ]
    },
    {
        "title": "Domyos by DECATHLON - 53lb Kettlebell",
        "url": "https://www.walmart.com/ip/Domyos-by-DECATHLON-53lb-Kettlebell/748262314",
        "price": "$119.00",
        "stars": "4.8",
        "ratings": "5 ",
        "img": "i5.walmartimages.com/asr/4d7e245d-ce7e-4693-abfc-cb54108adf1f.850ba189d7e2b06ea8c028626be831be.jpeg?odnWidth=612&odnHeight=612&odnBg=ffffff",
        "tags": [
            [
                "Dumbbells",
                "/browse/sports-outdoors/dumbbells/4125_4134_1026285_1078284_1078285"
            ],
            [
                "Weight Sets",
                "/browse/sports-outdoors/weight-sets/4125_4134_1026285_1078284_1078290"
            ],
            [
                "Adjustable Kettlebells",
                "/browse/sports-outdoors/adjustable-kettlebells/4125_4134_1026285_1078284_2471143"
            ],
            [
                "Kettlebell Sets",
                "/browse/sports-outdoors/kettlebell-sets/4125_4134_1026285_1078284_2998380"
            ],
            [
                "Training Weights",
                "/browse/sports-outdoors/training-weights/4125_4134_1026285_1078284_3126311"
            ],
            [
                "Adjustable Weights",
                "/browse/sports-outdoors/adjustable-weights/4125_4134_1026285_1078284_4120232"
            ],
            [
                "Exercise Weights",
                "/browse/sports-outdoors/exercise-weights/4125_4134_1026285_1078284_8086634"
            ],
            [
                "Workout Weights",
                "/browse/sports-outdoors/workout-weights/4125_4134_1026285_1078284_9644039"
            ]
        ]
    },
    {
        "title": "Quechua by DECATHLON - Camping Tent Arpenaz 2 - 2 Person - Green",
        "url": "https://www.walmart.com/ip/Quechua-by-DECATHLON-Camping-Tent-Arpenaz-2-2-Person-Green/163146175",
        "price": "$69.99",
        "stars": "4.5",
        "ratings": "166 ",
        "img": "i5.walmartimages.com/asr/a9355442-c380-4413-a185-524c3cac900e_1.14c6a56ebfaa02a5c5b105fa82f9c104.jpeg?odnWidth=612&odnHeight=612&odnBg=ffffff",
        "tags": [
            [
                "Instant Tents",
                "/browse/sports-outdoors/instant-tents/4125_546956_4128_887708_1851927"
            ],
            [
                "4 Person Tents",
                "/browse/sports-outdoors/4-person-tents/4125_546956_4128_887708_2294923_4201196"
            ],
            [
                "Family Camping Tents",
                "/browse/sports-outdoors/family-camping-tents/4125_546956_4128_887708_5044884"
            ],
            [
                "Decathlon Tents",
                "/browse/sports-outdoors/decathlon-tents/4125_3462289_9413535_6139565"
            ],
            [
                "Coleman Tents",
                "/browse/sports-outdoors/coleman-tents/4125_546956_4128_2487866_6320218_6855521"
            ],
            [
                "3 Person Tents",
                "/browse/sports-outdoors/3-person-tents/4125_546956_4128_887708_2294923_7018283"
            ],
            [
                "Ozark Trail Tents",
                "/browse/sports-outdoors/ozark-trail-tents/4125_546956_4128_2487866_2559937_7622224"
            ],
            [
                "2 Person Tents",
                "/browse/sports-outdoors/2-person-tents/4125_546956_4128_887708_2294923_9291938"
            ]
        ]
    },
    {
        "title": "Nyamba by DECATHLON - Tone Dumbbells Twin-Pack 2.2 lbs",
        "url": "https://www.walmart.com/ip/Nyamba-by-DECATHLON-Tone-Dumbbells-Twin-Pack-2-2-lbs/503226622",
        "price": "$19.99",
        "stars": "4.6",
        "ratings": "66 ",
        "img": "i5.walmartimages.com/asr/32fff24b-49d0-4330-bc4a-f2b9e7110902.5968eb974a82e0c1fc197c990133728f.jpeg?odnWidth=612&odnHeight=612&odnBg=ffffff",
        "tags": [
            [
                "Weight Sets",
                "/browse/sports-outdoors/weight-sets/4125_4134_1026285_1078284_1078290"
            ],
            [
                "Training Weights",
                "/browse/sports-outdoors/training-weights/4125_4134_1026285_1078284_3126311"
            ],
            [
                "Adjustable Weights",
                "/browse/sports-outdoors/adjustable-weights/4125_4134_1026285_1078284_4120232"
            ],
            [
                "Dumbbell Sets",
                "/browse/sports-outdoors/dumbbell-sets/4125_4134_1026285_1078284_5838311"
            ],
            [
                "Adjustable Dumbbells",
                "/browse/sports-outdoors/adjustable-dumbbells/4125_4134_1026285_1078284_7617571"
            ],
            [
                "Exercise Weights",
                "/browse/sports-outdoors/exercise-weights/4125_4134_1026285_1078284_8086634"
            ],
            [
                "Weight Racks",
                "/browse/sports-outdoors/weight-racks/4125_4134_1026285_1078284_8664198"
            ],
            [
                "Workout Weights",
                "/browse/sports-outdoors/workout-weights/4125_4134_1026285_1078284_9644039"
            ]
        ]
    },
    {
        "title": "Quechua by DECATHLON - Air Seconds Fresh & Black 4.2 Inflatable Camping Tent | 4 Person 2 Bedroom",
        "url": "https://www.walmart.com/ip/Quechua-by-DECATHLON-Air-Seconds-Fresh-Black-4-2-Inflatable-Camping-Tent-4-Person-2-Bedroom/931266658",
        "price": "$599.00",
        "stars": "4.6",
        "ratings": "40 ",
        "img": "i5.walmartimages.com/asr/de75c40a-0c16-4b83-9d52-4e7a077494c0.3589dc096d2f3ef4d83cd7979e9d5a89.jpeg?odnWidth=612&odnHeight=612&odnBg=ffffff",
        "tags": [
            [
                "Family Camping Tents",
                "/browse/sports-outdoors/family-camping-tents/4125_546956_4128_887708_5044884"
            ],
            [
                "12 Person Tents",
                "/browse/sports-outdoors/12-person-tents/4125_546956_4128_887708_2294923_5082495"
            ],
            [
                "Decathlon Tents",
                "/browse/sports-outdoors/decathlon-tents/4125_3462289_9413535_6139565"
            ],
            [
                "Coleman Tents",
                "/browse/sports-outdoors/coleman-tents/4125_546956_4128_2487866_6320218_6855521"
            ],
            [
                "3 Person Tents",
                "/browse/sports-outdoors/3-person-tents/4125_546956_4128_887708_2294923_7018283"
            ],
            [
                "Ozark Trail Tents",
                "/browse/sports-outdoors/ozark-trail-tents/4125_546956_4128_2487866_2559937_7622224"
            ],
            [
                "Cabin Tents",
                "/browse/sports-outdoors/cabin-tents/4125_546956_4128_887708_7623462"
            ],
            [
                "2 Person Tents",
                "/browse/sports-outdoors/2-person-tents/4125_546956_4128_887708_2294923_9291938"
            ]
        ]
    },
    {
        "title": "Quechua by DECATHLON - Men's MH100 Waterproof Hiking Shoes",
        "url": "https://www.walmart.com/ip/Quechua-by-DECATHLON-Men-s-MH100-Waterproof-Hiking-Shoes/415853759",
        "price": "$59.99",
        "stars": "4.0",
        "ratings": "49 ",
        "img": "i5.walmartimages.com/asr/56ab39a2-3089-432d-8211-8e3cd9d8fc7d_1.a722e1b5de9a415879433f9035c0afef.jpeg?odnWidth=612&odnHeight=612&odnBg=ffffff",
        "tags": [
            [
                "Mens Athletic Shoes",
                "/browse/clothing/mens-athletic-shoes/5438_1045804_1045807_3383528_1228548"
            ],
            [
                "Mens Boots",
                "/browse/clothing/mens-boots/5438_1045804_1045807_1746788_1228549"
            ],
            [
                "Minnie Mouse Kids Leggings",
                "/browse/clothing/minnie-mouse-kids-leggings/5438_7712430_2299833_1477479_1724890"
            ],
            [
                "Men's Boots",
                "/browse/clothing/mens-boots/5438_8412788_5988538_9742815_2876192"
            ],
            [
                "Minnie Mouse Kids Outfits",
                "/browse/clothing/minnie-mouse-kids-outfits/5438_7712430_2299833_1477479_3933366"
            ],
            [
                "Mens Savings Shoes",
                "/browse/clothing/mens-savings-shoes/5438_5993826_2577644_5458828"
            ],
            [
                "Mens Running Shoes & Sneakers",
                "/browse/clothing/mens-running-shoes-sneakers/5438_1045804_1045807_3383528_5495996"
            ],
            [
                "Mens Hiking Boots",
                "/browse/clothing/mens-hiking-boots/5438_1045804_1045807_1746788_8864548"
            ]
        ]
    },
    {
        "title": "Quechua by DECATHLON - Women's MH100 Waterproof Hiking Shoes",
        "url": "https://www.walmart.com/ip/Quechua-by-DECATHLON-Women-s-MH100-Waterproof-Hiking-Shoes/264915298",
        "price": "$59.99",
        "stars": "4.4",
        "ratings": "38 ",
        "img": "i5.walmartimages.com/asr/e15d6c14-e4a7-4578-9762-9d8866ec524d_1.57e2c06ae9d27e2dc8394daf5eb8458a.jpeg?odnWidth=612&odnHeight=612&odnBg=ffffff",
        "tags": [
            [
                "Womens Boots",
                "/browse/clothing/womens-boots/5438_1045804_1045806_3142010_1228542"
            ],
            [
                "Winter & Snow Boots",
                "/browse/clothing/winter-snow-boots/5438_8412788_5988538_6670493_2109497"
            ],
            [
                "Womens Hiking Boots",
                "/browse/clothing/womens-hiking-boots/5438_1045804_1045806_3142010_2141596"
            ],
            [
                "Womens Waterproof Work Boots & Shoes",
                "/browse/clothing/womens-waterproof-work-boots-shoes/5438_1045804_1045806_5879881_4944713"
            ],
            [
                "Boys Hiking Boots",
                "/browse/clothing/boys-hiking-boots/5438_1045804_8936014_5548173_5064145"
            ],
            [
                "Bearpaw",
                "/browse/clothing/bearpaw/5438_3317124_7900716"
            ],
            [
                "Merrell",
                "/browse/clothing/merrell/5438_3317124_8494026"
            ],
            [
                "Womens Mid-calf Boots",
                "/browse/clothing/womens-mid-calf-boots/5438_1045804_1045806_3142010_9761845"
            ]
        ]
    },
    {
        "title": "Quechua by DECATHLON - Air Seconds Fresh & Black 6.3 Inflatable Camping Tent | 6 Person 3 Bedroom",
        "url": "https://www.walmart.com/ip/Quechua-by-DECATHLON-Air-Seconds-Fresh-Black-6-3-Inflatable-Camping-Tent-6-Person-3-Bedroom/557432876",
        "price": "$899.00",
        "stars": "3.9",
        "ratings": "15 ",
        "img": "i5.walmartimages.com/asr/88935cd9-d676-4e17-b3aa-4b00476960a2.1d75b14c3ec8f04a59abf8ec9803c845.jpeg?odnWidth=612&odnHeight=612&odnBg=ffffff",
        "tags": [
            [
                "6 Person Tents",
                "/browse/sports-outdoors/6-person-tents/4125_546956_4128_887708_2294923_1556275"
            ],
            [
                "Instant Tents",
                "/browse/sports-outdoors/instant-tents/4125_546956_4128_887708_1851927"
            ],
            [
                "Family Camping Tents",
                "/browse/sports-outdoors/family-camping-tents/4125_546956_4128_887708_5044884"
            ],
            [
                "Decathlon Tents",
                "/browse/sports-outdoors/decathlon-tents/4125_3462289_9413535_6139565"
            ],
            [
                "Coleman Tents",
                "/browse/sports-outdoors/coleman-tents/4125_546956_4128_2487866_6320218_6855521"
            ],
            [
                "Ozark Trail Tents",
                "/browse/sports-outdoors/ozark-trail-tents/4125_546956_4128_2487866_2559937_7622224"
            ],
            [
                "Cabin Tents",
                "/browse/sports-outdoors/cabin-tents/4125_546956_4128_887708_7623462"
            ],
            [
                "Father's Day - Tents",
                "/browse/sports-outdoors/fathers-day-tents/4125_4122780_9210691"
            ]
        ]
    },
    {
        "title": "Domyos by DECATHLON - Rubber Weight Disc 28 mm - 5.5 lbs",
        "url": "https://www.walmart.com/ip/Domyos-by-DECATHLON-Rubber-Weight-Disc-28-mm-5-5-lbs/119943313",
        "price": "$24.99",
        "stars": "4.8",
        "ratings": "21 ",
        "img": "i5.walmartimages.com/asr/4218bf45-5644-489c-990b-42da5cb7a586.aff4fc7bde0a49207880179a3c7d4109.jpeg?odnWidth=612&odnHeight=612&odnBg=ffffff",
        "tags": [
            [
                "Dumbbells",
                "/browse/sports-outdoors/dumbbells/4125_4134_1026285_1078284_1078285"
            ],
            [
                "Weight Bars",
                "/browse/sports-outdoors/weight-bars/4125_4134_1026285_1078284_1078288"
            ],
            [
                "Weight Sets",
                "/browse/sports-outdoors/weight-sets/4125_4134_1026285_1078284_1078290"
            ],
            [
                "Barbells",
                "/browse/sports-outdoors/barbells/4125_4134_1026285_1078284_2490031"
            ],
            [
                "Training Weights",
                "/browse/sports-outdoors/training-weights/4125_4134_1026285_1078284_3126311"
            ],
            [
                "Olympic Weights",
                "/browse/sports-outdoors/olympic-weights/4125_4134_1026285_1078284_4068044"
            ],
            [
                "Exercise Weights",
                "/browse/sports-outdoors/exercise-weights/4125_4134_1026285_1078284_8086634"
            ],
            [
                "Workout Weights",
                "/browse/sports-outdoors/workout-weights/4125_4134_1026285_1078284_9644039"
            ]
        ]
    },
    {
        "title": "Quechua by DECATHLON - Camping Tent - 2 Second - 2 Person - Pop Up - Blue",
        "url": "https://www.walmart.com/ip/Quechua-by-DECATHLON-Camping-Tent-2-Second-2-Person-Pop-Up-Blue/374976447",
        "price": "$99.99",
        "stars": "4.5",
        "ratings": "25 ",
        "img": "i5.walmartimages.com/asr/666c0552-5016-4846-9f2e-86fba82638c6_1.1e1fa0151abc5e81062b6bc7fac2dae0.jpeg?odnWidth=612&odnHeight=612&odnBg=ffffff",
        "tags": [
            [
                "Backpacking Tents",
                "/browse/sports-outdoors/backpacking-tents/4125_546956_4128_887708_1671652"
            ],
            [
                "Instant Tents",
                "/browse/sports-outdoors/instant-tents/4125_546956_4128_887708_1851927"
            ],
            [
                "4 Person Tents",
                "/browse/sports-outdoors/4-person-tents/4125_546956_4128_887708_2294923_4201196"
            ],
            [
                "Family Camping Tents",
                "/browse/sports-outdoors/family-camping-tents/4125_546956_4128_887708_5044884"
            ],
            [
                "Coleman Tents",
                "/browse/sports-outdoors/coleman-tents/4125_546956_4128_2487866_6320218_6855521"
            ],
            [
                "3 Person Tents",
                "/browse/sports-outdoors/3-person-tents/4125_546956_4128_887708_2294923_7018283"
            ],
            [
                "Ozark Trail Tents",
                "/browse/sports-outdoors/ozark-trail-tents/4125_546956_4128_2487866_2559937_7622224"
            ],
            [
                "2 Person Tents",
                "/browse/sports-outdoors/2-person-tents/4125_546956_4128_887708_2294923_9291938"
            ]
        ]
    }
]