[
    {
        "title": "Carolina Panthers Hands High Warrior Hooded Full-Zip Jacket - Blue/Black",
        "url": "https://www.walmart.com/ip/Carolina-Panthers-Hands-High-Warrior-Hooded-Full-Zip-Jacket-Blue-Black/761930841",
        "price": "$67.99",
        "stars": 0,
        "ratings": 0,
        "img": "i5.walmartimages.com/asr/0dba80e7-69ef-46f7-865b-f30c8342900e.9e99f9d919d18e70f731372ade042a8a.jpeg?odnWidth=612&odnHeight=612&odnBg=ffffff",
        "tags": [
            [
                "Carolina Panthers Hats",
                "/browse/sports-outdoors/carolina-panthers-hats/4125_1063984_1423455_8038602_1658563"
            ],
            [
                "Atlanta Falcons Hats",
                "/browse/sports-outdoors/atlanta-falcons-hats/4125_1063984_1423455_7511373_1860018"
            ],
            [
                "Carolina Panthers Team Shop",
                "/browse/sports-outdoors/carolina-panthers-team-shop/4125_1063984_1423455_8038602_2761353"
            ],
            [
                "Green Bay Packers Hats",
                "/browse/sports-outdoors/green-bay-packers-hats/4125_1063984_1423455_8965382_3840969"
            ],
            [
                "Pittsburgh Steelers Hats",
                "/browse/sports-outdoors/pittsburgh-steelers-hats/4125_1063984_1423455_5521520_4121397"
            ],
            [
                "Carolina Panthers T-Shirts",
                "/browse/sports-outdoors/carolina-panthers-t-shirts/4125_1063984_1423455_8038602_4655708"
            ],
            [
                "New England Patriots Hats",
                "/browse/sports-outdoors/new-england-patriots-hats/4125_1063984_1423455_3142048_5135606"
            ],
            [
                "Philadelphia Eagles Hats",
                "/browse/sports-outdoors/philadelphia-eagles-hats/4125_1063984_1423455_4078974_6629622"
            ]
        ]
    },
    {
        "title": "Peyton Manning Indianapolis Colts Mitchell & Ness Youth 1998 Legacy Retired Player Jersey - Royal",
        "url": "https://www.walmart.com/ip/Peyton-Manning-Indianapolis-Colts-Mitchell-Ness-Youth-1998-Legacy-Retired-Player-Jersey-Royal/767248246",
        "price": "$79.99",
        "stars": 0,
        "ratings": 0,
        "img": "i5.walmartimages.com/asr/294fb123-183e-4c9b-ab9e-fb7a7369c6b8.eb29437ad8335f8066b5974093f6d173.jpeg?odnWidth=612&odnHeight=612&odnBg=ffffff",
        "tags": [
            [
                "Tom Brady Jerseys & Gear",
                "/browse/sports-outdoors/tom-brady-jerseys-gear/4125_1063984_1423455_2921129"
            ],
            [
                "Pittsburgh Steelers Jerseys",
                "/browse/sports-outdoors/pittsburgh-steelers-jerseys/4125_1063984_1423455_5521520_3142561"
            ],
            [
                "Jerseys Fan Shop",
                "/browse/sports-outdoors/jerseys-fan-shop/4125_1063984_3176500"
            ],
            [
                "New England Patriots Jerseys",
                "/browse/sports-outdoors/new-england-patriots-jerseys/4125_1063984_1423455_3142048_4386346"
            ],
            [
                "Cleveland Browns Team Shop",
                "/browse/sports-outdoors/cleveland-browns-team-shop/4125_1063984_1423455_9997589_4960705"
            ],
            [
                "New York Giants Team Shop",
                "/browse/sports-outdoors/new-york-giants-team-shop/4125_1063984_1423455_8316456_6030075"
            ],
            [
                "Cleveland Browns Mens",
                "/browse/sports-outdoors/cleveland-browns-mens/4125_1063984_1423455_9997589_7110563"
            ],
            [
                "Cleveland Browns Jerseys",
                "/browse/sports-outdoors/cleveland-browns-jerseys/4125_1063984_1423455_9997589_7571430"
            ]
        ]
    },
    {
        "title": "Georgia Bulldogs ISlide Varsity Starter Jacket Slide Sandals - Black",
        "url": "https://www.walmart.com/ip/Georgia-Bulldogs-ISlide-Varsity-Starter-Jacket-Slide-Sandals-Black/768603154",
        "price": "$44.99",
        "stars": 0,
        "ratings": 0,
        "img": "i5.walmartimages.com/asr/919e32fa-673d-4db7-a66b-6d25d2c89f50.c20ce7f008bb02e98764f481d22ce814.jpeg?odnWidth=612&odnHeight=612&odnBg=ffffff",
        "tags": [
            [
                "Shoes Fan Shop",
                "/browse/sports-outdoors/shoes-fan-shop/4125_1063984_1063985_1063990"
            ],
            [
                "Louisville Cardinals",
                "/browse/sports-outdoors/louisville-cardinals/4125_1063984_1064346_2291641"
            ],
            [
                "Alabama Crimson Tide Pajamas, Sweatpants & Loungewear",
                "/browse/sports-outdoors/alabama-crimson-tide-pajamas-sweatpants-loungewear/4125_1063984_1064346_4840714_3742220"
            ],
            [
                "Florida State Seminoles Pajamas, Sweatpants & Loungewear",
                "/browse/sports-outdoors/florida-state-seminoles-pajamas-sweatpants-loungewear/4125_1063984_1064346_2384177_7244788"
            ],
            [
                "Florida State Seminoles Accessories",
                "/browse/sports-outdoors/florida-state-seminoles-accessories/4125_1063984_1064346_2384177_7485103"
            ],
            [
                "Louisville Cardinals Kids",
                "/browse/sports-outdoors/louisville-cardinals-kids/4125_1063984_1064346_2721212_7565193"
            ],
            [
                "Alabama Crimson Tide Accessories",
                "/browse/sports-outdoors/alabama-crimson-tide-accessories/4125_1063984_1064346_4840714_7642938"
            ],
            [
                "Louisville Cardinals Accessories",
                "/browse/sports-outdoors/louisville-cardinals-accessories/4125_1063984_1064346_2721212_7972462"
            ]
        ]
    },
    {
        "title": "Los Angeles Lakers Fanatics Branded Hoops For Troops T-Shirt - Navy",
        "url": "https://www.walmart.com/ip/Los-Angeles-Lakers-Fanatics-Branded-Hoops-For-Troops-T-Shirt-Navy/651094641",
        "price": "$24.99",
        "stars": 0,
        "ratings": 0,
        "img": "i5.walmartimages.com/asr/68eaf525-5de4-4d2a-9d2f-381bf37b9b97.a46fd21d69cb4954daf8b35b91a990a8.jpeg?odnWidth=612&odnHeight=612&odnBg=ffffff",
        "tags": [
            [
                "Los Angeles Lakers",
                "/browse/sports-outdoors/los-angeles-lakers/4125_1063984_1064345_3747094"
            ],
            [
                "NBA Womens",
                "/browse/sports-outdoors/nba-womens/4125_1063984_1064345_4638461"
            ],
            [
                "Los Angeles Lakers Mens",
                "/browse/sports-outdoors/los-angeles-lakers-mens/4125_1063984_1064345_3785455_6385569"
            ],
            [
                "LeBron James Jerseys & Gear",
                "/browse/sports-outdoors/lebron-james-jerseys-gear/4125_1063984_1064345_7112196"
            ],
            [
                "Los Angeles Lakers Team Shop",
                "/browse/sports-outdoors/los-angeles-lakers-team-shop/4125_1063984_1064345_3785455_7266857"
            ],
            [
                "Los Angeles Lakers Womens",
                "/browse/sports-outdoors/los-angeles-lakers-womens/4125_1063984_1064345_3785455_8821090"
            ],
            [
                "NBA T-Shirts",
                "/browse/sports-outdoors/nba-t-shirts/4125_1063984_1064345_9030219"
            ],
            [
                "NBA Mens",
                "/browse/sports-outdoors/nba-mens/4125_1063984_1064345_9871511"
            ]
        ]
    },
    {
        "title": "New Orleans Saints Majestic Threads Women's NFL 100th Season Platinum Hilo 3/4-Sleeve Hoodie T-Shirt - White",
        "url": "https://www.walmart.com/ip/New-Orleans-Saints-Majestic-Threads-Women-s-NFL-100th-Season-Platinum-Hilo-3-4-Sleeve-Hoodie-T-Shirt-White/307897294",
        "price": "$43.99",
        "stars": 0,
        "ratings": 0,
        "img": "i5.walmartimages.com/asr/28ce3e70-4c90-4bc9-bb12-149dbed49576.b0efcfe14716123a41c1479b3421b4bd.jpeg?odnWidth=612&odnHeight=612&odnBg=ffffff",
        "tags": [
            [
                "New Orleans Saints Kids",
                "/browse/sports-outdoors/new-orleans-saints-kids/4125_1063984_1423455_2977481_2543786"
            ],
            [
                "New Orleans Saints Accessories",
                "/browse/sports-outdoors/new-orleans-saints-accessories/4125_1063984_1423455_2977481_2672513"
            ],
            [
                "New Orleans Saints Outdoor",
                "/browse/sports-outdoors/new-orleans-saints-outdoor/4125_1063984_1423455_2977481_3431175"
            ],
            [
                "New Orleans Saints T-Shirts",
                "/browse/sports-outdoors/new-orleans-saints-t-shirts/4125_1063984_1423455_2977481_4393402"
            ],
            [
                "New Orleans Saints Team Shop",
                "/browse/sports-outdoors/new-orleans-saints-team-shop/4125_1063984_1423455_2977481_5545689"
            ],
            [
                "New Orleans Saints Mens",
                "/browse/sports-outdoors/new-orleans-saints-mens/4125_1063984_1423455_2977481_5632397"
            ],
            [
                "NFL Womens",
                "/browse/sports-outdoors/nfl-womens/4125_1063984_1423455_6231693"
            ],
            [
                "New Orleans Saints Bedding & Blankets",
                "/browse/sports-outdoors/new-orleans-saints-bedding-blankets/4125_1063984_1423455_2977481_7785197"
            ]
        ]
    },
    {
        "title": "Women's Majestic Royal Chicago Cubs Fresh & Exciting V-Neck Pullover Hoodie",
        "url": "https://www.walmart.com/ip/Women-s-Majestic-Royal-Chicago-Cubs-Fresh-Exciting-V-Neck-Pullover-Hoodie/544803196",
        "price": "$21.99",
        "stars": 0,
        "ratings": 0,
        "img": "i5.walmartimages.com/asr/924aa68a-ff2c-4679-836c-6306010e8886.6f2b58a41ae20b8107bb46377bea41cc.jpeg?odnWidth=612&odnHeight=612&odnBg=ffffff",
        "tags": [
            [
                "Chicago Cubs T-shirts",
                "/browse/sports-outdoors/chicago-cubs-t-shirts/4125_1063984_1064344_7613693_3082676"
            ],
            [
                "Shop All Chicago Cubs",
                "/browse/sports-outdoors/shop-all-chicago-cubs/4125_1063984_1064344_7613693_3371664"
            ],
            [
                "Chicago Cubs Mens",
                "/browse/sports-outdoors/chicago-cubs-mens/4125_1063984_1064344_7613693_4379192"
            ],
            [
                "Chicago Cubs Jerseys",
                "/browse/sports-outdoors/chicago-cubs-jerseys/4125_1063984_1064344_7613693_4693405"
            ],
            [
                "Chicago Cubs Vintage",
                "/browse/sports-outdoors/chicago-cubs-vintage/4125_1063984_1064344_7613693_6887162"
            ],
            [
                "Javier Baez Jerseys & Gear",
                "/browse/sports-outdoors/javier-baez-jerseys-gear/4125_1063984_1064344_7654076"
            ],
            [
                "MLB Sweatshirts and Outerwear",
                "/browse/sports-outdoors/mlb-sweatshirts-outerwear/4125_1063984_1064344_3973317_7717679"
            ],
            [
                "Chicago Cubs Sweatshirts",
                "/browse/sports-outdoors/chicago-cubs-sweatshirts/4125_1063984_1064344_7613693_8500441"
            ]
        ]
    },
    {
        "title": "Seattle Seahawks NFL Pro Line Faith Family T-Shirt - Navy",
        "url": "https://www.walmart.com/ip/Seattle-Seahawks-NFL-Pro-Line-Faith-Family-T-Shirt-Navy/372550956",
        "price": "$19.99",
        "stars": 0,
        "ratings": 0,
        "img": "i5.walmartimages.com/asr/d0d7c43b-44ac-4a20-8f0e-5bdd129c7f03.c58952f6aca692adc5e8a00f51788c66.jpeg?odnWidth=612&odnHeight=612&odnBg=ffffff",
        "tags": [
            [
                "Seattle Seahawks Jerseys",
                "/browse/sports-outdoors/seattle-seahawks-jerseys/4125_1063984_1423455_8134962_1774275"
            ],
            [
                "Seattle Seahawks Kids",
                "/browse/sports-outdoors/seattle-seahawks-kids/4125_1063984_1423455_8134962_2195454"
            ],
            [
                "NFL Sweatshirts",
                "/browse/sports-outdoors/nfl-sweatshirts/4125_1063984_1423455_3277168"
            ],
            [
                "NFL Jerseys",
                "/browse/sports-outdoors/nfl-jerseys/4125_1063984_1423455_3894095"
            ],
            [
                "Seattle Seahawks Team Shop",
                "/browse/sports-outdoors/seattle-seahawks-team-shop/4125_1063984_1423455_8134962_4334605"
            ],
            [
                "Seattle Seahawks Sweatshirts",
                "/browse/sports-outdoors/seattle-seahawks-sweatshirts/4125_1063984_1423455_8134962_5097418"
            ],
            [
                "Seattle Seahawks Hats",
                "/browse/sports-outdoors/seattle-seahawks-hats/4125_1063984_1423455_8134962_7736535"
            ],
            [
                "Seattle Seahawks T-Shirts",
                "/browse/sports-outdoors/seattle-seahawks-t-shirts/4125_1063984_1423455_8134962_7856710"
            ]
        ]
    },
    {
        "title": "Tampa Bay Buccaneers WEAR By Erin Andrews Women's Pullover Hoodie - White",
        "url": "https://www.walmart.com/ip/Tampa-Bay-Buccaneers-WEAR-By-Erin-Andrews-Women-s-Pullover-Hoodie-White/704441735",
        "price": "$51.99",
        "stars": 0,
        "ratings": 0,
        "img": "i5.walmartimages.com/asr/8ac7af87-7f13-4397-bd56-6f2f972b12d4.6520f7410a8faa2ee8b7292ffc4598a3.jpeg?odnWidth=612&odnHeight=612&odnBg=ffffff",
        "tags": [
            [
                "Tampa Bay Buccaneers Team Shop",
                "/browse/sports-outdoors/tampa-bay-buccaneers-team-shop/4125_1063984_1423455_9254308_1859052"
            ],
            [
                "Arizona Cardinals Womens",
                "/browse/sports-outdoors/arizona-cardinals-womens/4125_1063984_1423455_3197119_3609318"
            ],
            [
                "NFL Womens",
                "/browse/sports-outdoors/nfl-womens/4125_1063984_1423455_6231693"
            ],
            [
                "Tampa Bay Buccaneers Mens",
                "/browse/sports-outdoors/tampa-bay-buccaneers-mens/4125_1063984_1423455_9254308_6422451"
            ],
            [
                "Tampa Bay Buccaneers T-Shirts",
                "/browse/sports-outdoors/tampa-bay-buccaneers-t-shirts/4125_1063984_1423455_9254308_8002689"
            ],
            [
                "Chicago Cubs Sweatshirts",
                "/browse/sports-outdoors/chicago-cubs-sweatshirts/4125_1063984_1064344_7613693_8500441"
            ],
            [
                "Arizona Cardinals Sweatshirts",
                "/browse/sports-outdoors/arizona-cardinals-sweatshirts/4125_1063984_1423455_3197119_9191181"
            ],
            [
                "Braun Strowman Fan Shop",
                "/browse/sports-outdoors/braun-strowman-fan-shop/4125_1063984_9917233_9762241"
            ]
        ]
    },
    {
        "title": "Men's Black Chicago Bears Black Wave Knit Beanie - OSFA",
        "url": "https://www.walmart.com/ip/Men-s-Black-Chicago-Bears-Black-Wave-Knit-Beanie-OSFA/254576890",
        "price": "$15.24",
        "stars": 0,
        "ratings": 0,
        "img": "i5.walmartimages.com/asr/2114314c-6cd9-4fc7-822e-0d3abdde060b.6fa24e813e4a103adeb7ed4dc5f21f7a.jpeg?odnWidth=612&odnHeight=612&odnBg=ffffff",
        "tags": [
            [
                "Chicago Bears Hats",
                "/browse/sports-outdoors/chicago-bears-hats/4125_1063984_1423455_5548995_2530277"
            ],
            [
                "NFL Sweatshirts",
                "/browse/sports-outdoors/nfl-sweatshirts/4125_1063984_1423455_3277168"
            ],
            [
                "New England Patriots Hats",
                "/browse/sports-outdoors/new-england-patriots-hats/4125_1063984_1423455_3142048_5135606"
            ],
            [
                "Khalil Mack Jerseys & Gear",
                "/browse/sports-outdoors/khalil-mack-jerseys-gear/4125_1063984_1423455_5412835"
            ],
            [
                "Chicago Bears Jerseys",
                "/browse/sports-outdoors/chicago-bears-jerseys/4125_1063984_1423455_5548995_5466640"
            ],
            [
                "Chicago Bears T-Shirts",
                "/browse/sports-outdoors/chicago-bears-t-shirts/4125_1063984_1423455_5548995_7337842"
            ],
            [
                "Chicago Bears Team Shop",
                "/browse/sports-outdoors/chicago-bears-team-shop/4125_1063984_1423455_5548995_8908170"
            ],
            [
                "Chicago Bears Sweatshirts",
                "/browse/sports-outdoors/chicago-bears-sweatshirts/4125_1063984_1423455_5548995_9704190"
            ]
        ]
    },
    {
        "title": "Alabama Crimson Tide WinCraft \"A\" Logo Lanyard with Detachable Buckle",
        "url": "https://www.walmart.com/ip/Alabama-Crimson-Tide-WinCraft-A-Logo-Lanyard-with-Detachable-Buckle/540394308",
        "price": "$6.39",
        "stars": "5.0",
        "ratings": "1 ",
        "img": "i5.walmartimages.com/asr/22518704-1540-4189-bfa8-c1dff7b292bc.430480a9d8a54a7bd7317e13d440ca3a.jpeg?odnWidth=612&odnHeight=612&odnBg=ffffff",
        "tags": [
            [
                "Alabama Crimson Tide",
                "/browse/sports-outdoors/alabama-crimson-tide/4125_1063984_1064346_4840714_1237539"
            ],
            [
                "Iowa State Cyclones Accessories",
                "/browse/sports-outdoors/iowa-state-cyclones-accessories/4125_1063984_1064346_2610654_2243706"
            ],
            [
                "Alabama Crimson Tide Bath & Kitchen",
                "/browse/sports-outdoors/alabama-crimson-tide-bath-kitchen/4125_1063984_1064346_4840714_3437488"
            ],
            [
                "Alabama Crimson Tide Pajamas, Sweatpants & Loungewear",
                "/browse/sports-outdoors/alabama-crimson-tide-pajamas-sweatpants-loungewear/4125_1063984_1064346_4840714_3742220"
            ],
            [
                "Iowa State Cyclones",
                "/browse/sports-outdoors/iowa-state-cyclones/4125_1063984_1064346_4404978"
            ],
            [
                "Clemson Tigers Accessories",
                "/browse/sports-outdoors/clemson-tigers-accessories/4125_1063984_1064346_6267117_6032231"
            ],
            [
                "IMG Tier 1 Teams",
                "/browse/sports-outdoors/img-tier-1-teams/4125_1063984_1064346_7842968_7495758"
            ],
            [
                "Alabama Crimson Tide Kids",
                "/browse/sports-outdoors/alabama-crimson-tide-kids/4125_1063984_1064346_4840714_9722243"
            ]
        ]
    }
]