[
    {
        "title": "QUANFENG QF Kids Bike Helmet Adjustable Lightweight Child Helmet Multi Sport (Black+Pink)",
        "url": "https://www.walmart.com/ip/QUANFENG-QF-Kids-Bike-Helmet-Adjustable-Lightweight-Child-Helmet-Multi-Sport-Black-Pink/972769204",
        "price": "$13.98",
        "stars": "4.8",
        "ratings": "31 ",
        "img": "i5.walmartimages.com/asr/ab6ef39b-54ce-4ccc-8e72-03fd4e90325e.e3445d19924732102da1587e169a7d6b.jpeg?odnWidth=612&odnHeight=612&odnBg=ffffff",
        "tags": [
            [
                "All Kids' Bikes",
                "/browse/sports-outdoors/all-kids-bikes/4125_1081404_9240575_1085618"
            ],
            [
                "Boys Bikes",
                "/browse/sports-outdoors/boys-bikes/4125_1081404_9240575_2273447"
            ],
            [
                "Girls Bikes",
                "/browse/sports-outdoors/girls-bikes/4125_1081404_9240575_4563315"
            ],
            [
                "Bike Pads",
                "/browse/sports-outdoors/bike-pads/4125_1081404_7258752_5248669"
            ],
            [
                "Bicycles with Training Wheels",
                "/browse/sports-outdoors/bicycles-with-training-wheels/4125_1081404_9240575_7312004"
            ],
            [
                "Kids' BMX Bikes",
                "/browse/sports-outdoors/kids-bmx-bikes/4125_1081404_9240575_7577999"
            ],
            [
                "Huffy Kid's Bikes",
                "/browse/sports-outdoors/huffy-kids-bikes/4125_1081404_6972181_9379318_7984252"
            ],
            [
                "Skateboard Helmets",
                "/browse/sports-outdoors/skateboard-helmets/4125_1224931_7628560_3297420_9909579"
            ]
        ]
    },
    {
        "title": "CLIF Kid Zbar Protein Granola Bars, Gluten Free, Chocolate Mint, 5 Ct, 1.27 oz",
        "url": "https://www.walmart.com/ip/CLIF-Kid-Zbar-Protein-Granola-Bars-Gluten-Free-Chocolate-Mint-5-Ct-1-27-oz/187168110",
        "price": "$3.98",
        "stars": "4.8",
        "ratings": "25 ",
        "img": "i5.walmartimages.com/asr/12069ecf-ca97-4d71-91c0-9546d69c2a1f.e6177840906fadebc21302b9d92d20c7.jpeg?odnWidth=612&odnHeight=612&odnBg=ffffff",
        "tags": [
            [
                "Attractants and Scent Eliminators",
                "/browse/sports-outdoors/attractants-scent-eliminators/4125_546956_4155_1079944_1120773"
            ],
            [
                "Bike Supplements",
                "/browse/sports-outdoors/bike-supplements/4125_1081404_5848968_7970248_2237845"
            ],
            [
                "Mississippi State Bulldogs T-Shirts",
                "/browse/sports-outdoors/mississippi-state-bulldogs-t-shirts/4125_1063984_1064346_4260553_2358842"
            ],
            [
                "Swimming Paddles",
                "/browse/sports-outdoors/swimming-paddles/4125_4161_7400852_5988231"
            ],
            [
                "Scent Eliminators",
                "/browse/sports-outdoors/scent-eliminators/4125_546956_4155_2062208_6252257"
            ],
            [
                "Filtration Bottles & Accessories",
                "/browse/sports-outdoors/filtration-bottles-accessories/4125_546956_4128_2242359_6698267"
            ],
            [
                "Texas Tech Red Raiders Bath & Kitchen",
                "/browse/sports-outdoors/texas-tech-red-raiders-bath-kitchen/4125_1063984_1064346_8405665_7009996"
            ],
            [
                "Dice",
                "/browse/sports-outdoors/dice/4125_1224931_4158_6997359_7433269_8704617"
            ]
        ]
    },
    {
        "title": "CLIF Bar Sweet & Salty Energy Bars, Chocolate Chunk with Sea Salt, 9g Protein Bar, 12 Ct, 2.4 oz (Packaging May Vary)",
        "url": "https://www.walmart.com/ip/CLIF-Bar-Sweet-Salty-Energy-Bars-Chocolate-Chunk-with-Sea-Salt-9g-Protein-Bar-12-Ct-2-4-oz-Packaging-May-Vary/597154179",
        "price": "$11.28",
        "stars": "4.3",
        "ratings": "390 ",
        "img": "i5.walmartimages.com/asr/7fa1bb07-d8ef-4745-8cc2-5a69f1ec4721.74b5432a6a13fb9df672cc403be29eed.jpeg?odnWidth=612&odnHeight=612&odnBg=ffffff",
        "tags": [
            [
                "Clif Bar Coffee Collection",
                "/browse/food/clif-bar-coffee-collection/976759_976787_1044154_1994007"
            ],
            [
                "Energy Boosting Breakfast",
                "/browse/food/energy-boosting-breakfast/976759_976783_4066706"
            ],
            [
                "On-The-Go Bars",
                "/browse/food/on-the-go-bars/976759_1567409_3170630_4801990"
            ],
            [
                "Granola Bars",
                "/browse/food/granola-bars/976759_976787_1044154_5006109"
            ],
            [
                "Weight Management Bars",
                "/browse/food/weight-management-bars/976759_1567409_3170630_6275898"
            ],
            [
                "Indulgent Breakfast",
                "/browse/food/indulgent-breakfast/976759_976783_7148587"
            ],
            [
                "Home Workout Snacks and Beverages",
                "/browse/food/home-workout-snacks-beverages/976759_1567409_7702434"
            ],
            [
                "Non GMO Food",
                "/browse/food/non-gmo-food/976759_5004481_8102928"
            ]
        ]
    },
    {
        "title": "CLIF Bar Energy Bars, Nuts & Seeds, 10g Protein Bar, 12 Ct, 2.4 oz",
        "url": "https://www.walmart.com/ip/CLIF-Bar-Energy-Bars-Nuts-Seeds-10g-Protein-Bar-12-Ct-2-4-oz/143901398",
        "price": "$11.28",
        "stars": "4.9",
        "ratings": "50 ",
        "img": "i5.walmartimages.com/asr/2d5826f0-daf7-4b4c-bb07-af5321ac73ba.0b0905835f9395156e8d2a91afb61cb3.jpeg?odnWidth=612&odnHeight=612&odnBg=ffffff",
        "tags": [
            [
                "Clif Bar Coffee Collection",
                "/browse/food/clif-bar-coffee-collection/976759_976787_1044154_1994007"
            ],
            [
                "Energy Boosting Breakfast",
                "/browse/food/energy-boosting-breakfast/976759_976783_4066706"
            ],
            [
                "On-The-Go Bars",
                "/browse/food/on-the-go-bars/976759_1567409_3170630_4801990"
            ],
            [
                "Granola Bars",
                "/browse/food/granola-bars/976759_976787_1044154_5006109"
            ],
            [
                "Weight Management Bars",
                "/browse/food/weight-management-bars/976759_1567409_3170630_6275898"
            ],
            [
                "Indulgent Breakfast",
                "/browse/food/indulgent-breakfast/976759_976783_7148587"
            ],
            [
                "Home Workout Snacks and Beverages",
                "/browse/food/home-workout-snacks-beverages/976759_1567409_7702434"
            ],
            [
                "Non GMO Food",
                "/browse/food/non-gmo-food/976759_5004481_8102928"
            ]
        ]
    },
    {
        "title": "gomacro Kids Vegan Snack Bar, Oatmeal Chocolate Chip Cookie, 7 Ct, 6.3 Oz, Gluten-Free, Organic, Non-GMO",
        "url": "https://www.walmart.com/ip/gomacro-Kids-Vegan-Snack-Bar-Oatmeal-Chocolate-Chip-Cookie-7-Ct-6-3-Oz-Gluten-Free-Organic-Non-GMO/354744832",
        "price": "$5.94",
        "stars": 0,
        "ratings": 0,
        "img": "i5.walmartimages.com/asr/a4426572-bee7-47bb-bea6-c7b5702acc38.38daa090f4da70e047b56d42917d9c3b.jpeg?odnWidth=612&odnHeight=612&odnBg=ffffff",
        "tags": [
            [
                "Diet Foods & Drinks",
                "/browse/health/diet-foods-drinks/976760_1005859_1044200"
            ],
            [
                "Beach Body Ready",
                "/browse/health/beach-body-ready/976760_1005859_1306870"
            ],
            [
                "Weight Management On the Go",
                "/browse/health/weight-management-on-the-go/976760_1005859_1354991"
            ],
            [
                "Weight Management Restock",
                "/browse/health/weight-management-restock/976760_9347972_2330110"
            ],
            [
                "Meal Replacements",
                "/browse/health/meal-replacements/976760_1005859_3008573"
            ],
            [
                "Busy Lifestyle Formats",
                "/browse/health/busy-lifestyle-formats/976760_1166769_4620565"
            ],
            [
                "Weight Gain Supplements",
                "/browse/health/weight-gain-supplements/976760_1166769_7675649"
            ],
            [
                "Weight Gainers",
                "/browse/health/weight-gainers/976760_1166769_8418486"
            ]
        ]
    },
    {
        "title": "5-hour ENERGY Shot, Regular Strength, Berry, 1.93 oz",
        "url": "https://www.walmart.com/ip/5-hour-ENERGY-Shot-Regular-Strength-Berry-1-93-oz/37159620",
        "price": "$8.19",
        "stars": "4.6",
        "ratings": "10 ",
        "img": "i5.walmartimages.com/asr/e3dc2589-559b-4bf5-a013-473878fb59fa_1.73c3afcb483df26dfed9286045246301.jpeg?odnWidth=612&odnHeight=612&odnBg=ffffff",
        "tags": [
            [
                "V8 Energy",
                "/browse/food/v8-energy/976759_976782_1001321_1805985"
            ],
            [
                "Monster Energy Drinks",
                "/browse/food/monster-energy-drinks/976759_976782_9357528_4806887"
            ],
            [
                "All Energy Drinks",
                "/browse/food/all-energy-drinks/976759_976782_9357528_4893329"
            ],
            [
                "Fueling Beverages",
                "/browse/food/fueling-beverages/976759_4321481_5471594"
            ],
            [
                "Celsius Energy Drinks",
                "/browse/food/celsius-energy-drinks/976759_976782_9357528_6191561"
            ],
            [
                "Sports & Energy",
                "/browse/food/sports-energy/976759_976782_5795119_6770310"
            ],
            [
                "V8 Energy Drinks",
                "/browse/food/v8-energy-drinks/976759_976782_9357528_8894134"
            ],
            [
                "Red Bull Energy Drinks",
                "/browse/food/red-bull-energy-drinks/976759_976782_9357528_9276537"
            ]
        ]
    },
    {
        "title": "CLIF Bar Sweet & Salty Energy Bars, Peanut Butter & Honey with Sea Salt, 10g Protein Bar, 12 Ct, 2.4 oz (Packaging May Vary)",
        "url": "https://www.walmart.com/ip/CLIF-Bar-Sweet-Salty-Energy-Bars-Peanut-Butter-Honey-with-Sea-Salt-10g-Protein-Bar-12-Ct-2-4-oz-Packaging-May-Vary/762472156",
        "price": "$11.28",
        "stars": "4.7",
        "ratings": "59 ",
        "img": "i5.walmartimages.com/asr/dfd0bac1-10c2-4338-a66f-ecd0b5dce730.8c0e6180f5c455d314ad23c5f8cdeb7f.jpeg?odnWidth=612&odnHeight=612&odnBg=ffffff",
        "tags": [
            [
                "Fruity Breakfast",
                "/browse/food/fruity-breakfast/976759_976783_3998702"
            ],
            [
                "Energy Boosting Breakfast",
                "/browse/food/energy-boosting-breakfast/976759_976783_4066706"
            ],
            [
                "On-The-Go Bars",
                "/browse/food/on-the-go-bars/976759_1567409_3170630_4801990"
            ],
            [
                "Granola Bars",
                "/browse/food/granola-bars/976759_976787_1044154_5006109"
            ],
            [
                "Weight Management Bars",
                "/browse/food/weight-management-bars/976759_1567409_3170630_6275898"
            ],
            [
                "Indulgent Breakfast",
                "/browse/food/indulgent-breakfast/976759_976783_7148587"
            ],
            [
                "Home Workout Snacks and Beverages",
                "/browse/food/home-workout-snacks-beverages/976759_1567409_7702434"
            ],
            [
                "Non GMO Food",
                "/browse/food/non-gmo-food/976759_5004481_8102928"
            ]
        ]
    },
    {
        "title": "Larabar, Gluten Free, Vegan, Strawberry Chocolate Chip Bars, 5 Count",
        "url": "https://www.walmart.com/ip/Larabar-Gluten-Free-Vegan-Strawberry-Chocolate-Chip-Bars-5-Count/522353945",
        "price": "$4.98",
        "stars": "4.8",
        "ratings": "4 ",
        "img": "i5.walmartimages.com/asr/afa848cf-cec5-4fe7-801e-72dded68ac69.821405a744b0184de777f919603d843b.jpeg?odnWidth=612&odnHeight=612&odnBg=ffffff",
        "tags": [
            [
                "General Mills Snacks",
                "/browse/food/general-mills-snacks/976759_2606229_2043501"
            ],
            [
                "Fruity Breakfast",
                "/browse/food/fruity-breakfast/976759_976783_3998702"
            ],
            [
                "Energy Boosting Breakfast",
                "/browse/food/energy-boosting-breakfast/976759_976783_4066706"
            ],
            [
                "Granola Bars",
                "/browse/food/granola-bars/976759_976787_1044154_5006109"
            ],
            [
                "Plant Based Snacks",
                "/browse/food/plant-based-snacks/976759_5148628_4583057_2468673_6967777"
            ],
            [
                "Home Workout Snacks and Beverages",
                "/browse/food/home-workout-snacks-beverages/976759_1567409_7702434"
            ],
            [
                "Dairy Free Foods",
                "/browse/food/dairy-free-foods/976759_5004481_7941405"
            ],
            [
                "Shop All Plant Based Foods",
                "/browse/food/shop-all-plant-based-foods/976759_5148628_4583057_2468673_8701847"
            ]
        ]
    },
    {
        "title": "Thinkkids Protein Bars - Peanut Butter Cup, 5/1 Oz",
        "url": "https://www.walmart.com/ip/Thinkkids-Protein-Bars-Peanut-Butter-Cup-5-1-Oz/104981135",
        "price": "$3.96",
        "stars": "4.6",
        "ratings": "231 ",
        "img": "i5.walmartimages.com/asr/307189e7-1184-4fc8-b7cc-c0a16fe1d0c6_1.a4bad4766f1878273ad83f0eff36dd3e.jpeg?odnWidth=612&odnHeight=612&odnBg=ffffff",
        "tags": [
            [
                "Attractants and Scent Eliminators",
                "/browse/sports-outdoors/attractants-scent-eliminators/4125_546956_4155_1079944_1120773"
            ],
            [
                "Bike Supplements",
                "/browse/sports-outdoors/bike-supplements/4125_1081404_5848968_7970248_2237845"
            ],
            [
                "Mississippi State Bulldogs T-Shirts",
                "/browse/sports-outdoors/mississippi-state-bulldogs-t-shirts/4125_1063984_1064346_4260553_2358842"
            ],
            [
                "Swimming Paddles",
                "/browse/sports-outdoors/swimming-paddles/4125_4161_7400852_5988231"
            ],
            [
                "Scent Eliminators",
                "/browse/sports-outdoors/scent-eliminators/4125_546956_4155_2062208_6252257"
            ],
            [
                "Filtration Bottles & Accessories",
                "/browse/sports-outdoors/filtration-bottles-accessories/4125_546956_4128_2242359_6698267"
            ],
            [
                "Texas Tech Red Raiders Bath & Kitchen",
                "/browse/sports-outdoors/texas-tech-red-raiders-bath-kitchen/4125_1063984_1064346_8405665_7009996"
            ],
            [
                "Dice",
                "/browse/sports-outdoors/dice/4125_1224931_4158_6997359_7433269_8704617"
            ]
        ]
    },
    {
        "title": "Balance\u00c2\u00ae Bar Cookie Dough, 1.76 ounce bars, 6 count",
        "url": "https://www.walmart.com/ip/Balance-Bar-Cookie-Dough-1-76-ounce-bars-6-count/112189693",
        "price": "$3.74",
        "stars": "4.5",
        "ratings": "19 ",
        "img": "i5.walmartimages.com/asr/ffb31e2f-e6bc-4bbd-bff1-fc42807dbf42_3.ac2449b6b1f2241f12b2ff65432fdd77.png?odnWidth=612&odnHeight=612&odnBg=ffffff",
        "tags": [
            [
                "Shakes",
                "/browse/food/shakes/976759_976782_5795119_1802061"
            ],
            [
                "On the Go Snacks",
                "/browse/food/on-the-go-snacks/976759_976787_3253105"
            ],
            [
                "On-The-Go Bars",
                "/browse/food/on-the-go-bars/976759_1567409_3170630_4801990"
            ],
            [
                "Granola Bars",
                "/browse/food/granola-bars/976759_976787_1044154_5006109"
            ],
            [
                "Weight Management Bars",
                "/browse/food/weight-management-bars/976759_1567409_3170630_6275898"
            ],
            [
                "Indulgent Breakfast",
                "/browse/food/indulgent-breakfast/976759_976783_7148587"
            ],
            [
                "CLIF Bar Energy Bars and Protein Bars",
                "/browse/food/clif-bar-energy-bars-protein-bars/976759_976787_1044154_7838696"
            ]
        ]
    }
]