[
    {
        "title": "Player Supreme Golf Tubes/Dividers (available in three sizes and various quantities)",
        "url": "https://www.walmart.com/ip/Player-Supreme-Golf-Tubes-Dividers-available-in-three-sizes-and-various-quantities/187563159",
        "price": "$6.95",
        "stars": "4.5",
        "ratings": "20 ",
        "img": "",
        "tags": [
            [
                "Golf Putters",
                "/browse/sports-outdoors/golf-putters/4125_4161_4152_7064140_2621195"
            ],
            [
                "Golf Towels",
                "/browse/sports-outdoors/golf-towels/4125_4161_4152_3274929"
            ],
            [
                "Golf Club Covers",
                "/browse/sports-outdoors/golf-club-covers/4125_4161_4152_4081667"
            ],
            [
                "Golf Accessories",
                "/browse/sports-outdoors/golf-accessories/4125_4161_4152_470543"
            ],
            [
                "Golf Tees",
                "/browse/sports-outdoors/golf-tees/4125_4161_4152_5163794"
            ],
            [
                "Golf Headcovers",
                "/browse/sports-outdoors/golf-headcovers/4125_4161_4152_7476130"
            ],
            [
                "Travel Golf Bags",
                "/browse/sports-outdoors/travel-golf-bags/4125_4161_4152_9106746"
            ],
            [
                "Golf Bags",
                "/browse/sports-outdoors/golf-bags/4125_4161_4152_975341"
            ]
        ]
    },
    {
        "title": "Spalding NBA Varsity 28.5\" Basketball",
        "url": "https://www.walmart.com/ip/Spalding-NBA-Varsity-28-5-Basketball/23814528",
        "price": "$14.73",
        "stars": "4.9",
        "ratings": "34 ",
        "img": "i5.walmartimages.com/asr/4ef9e467-d425-468e-823a-7e648ad5aafb_3.5ee7724a60ead8348fc551f672429a41.jpeg?odnWidth=612&odnHeight=612&odnBg=ffffff",
        "tags": [
            [
                "Basketball Accessories",
                "/browse/sports-outdoors/basketball-accessories/4125_4161_4165_164226"
            ],
            [
                "Indoor Basketballs",
                "/browse/sports-outdoors/indoor-basketballs/4125_4161_4165_2301197"
            ],
            [
                "Youth Basketballs",
                "/browse/sports-outdoors/youth-basketballs/4125_4161_4165_3481911"
            ],
            [
                "Kids Basketballs",
                "/browse/sports-outdoors/kids-basketballs/4125_4161_4165_4999396"
            ],
            [
                "NCAA Basketballs",
                "/browse/sports-outdoors/ncaa-basketballs/4125_4161_4165_6230229"
            ],
            [
                "Outdoor Basketballs",
                "/browse/sports-outdoors/outdoor-basketballs/4125_4161_4165_6775859"
            ],
            [
                "NBA Basketballs",
                "/browse/sports-outdoors/nba-basketballs/4125_4161_4165_7443009"
            ],
            [
                "Spalding Basketballs",
                "/browse/sports-outdoors/spalding-basketballs/4125_4161_4165_9286999"
            ]
        ]
    },
    {
        "title": "Metal referee whistle",
        "url": "https://www.walmart.com/ip/Metal-referee-whistle/422889202",
        "price": "$4.99",
        "stars": "4.3",
        "ratings": "10 ",
        "img": "",
        "tags": [
            [
                "Soccer Accessories",
                "/browse/sports-outdoors/soccer-accessories/4125_4161_432196_1041860"
            ],
            [
                "Softball Accessories",
                "/browse/sports-outdoors/softball-accessories/4125_4161_4169_1075690"
            ],
            [
                "Basketball Equipment",
                "/browse/sports-outdoors/basketball-equipment/4125_4161_4165_1075707"
            ],
            [
                "Basketball Training",
                "/browse/sports-outdoors/basketball-training/4125_4161_4165_1075708"
            ],
            [
                "Volleyball Training Equipment",
                "/browse/sports-outdoors/volleyball-training-equipment/4125_4161_1041862_1075732"
            ],
            [
                "Coaching Supplies",
                "/browse/sports-outdoors/coaching-supplies/4125_4161_1097944"
            ],
            [
                "Emergency Preparedness",
                "/browse/sports-outdoors/emergency-preparedness/4125_546956_4128_605286"
            ],
            [
                "Soccer Jerseys & Tops",
                "/browse/sports-outdoors/soccer-jerseys-tops/4125_4161_432196_7965074"
            ]
        ]
    },
    {
        "title": "ZEDWELL Bag of Pressureless Tennis Balls - Sturdy & Reuseable Mesh Bag with Drawstring for Easy Transport - Bag-O-Balls (18-Pack of Balls)",
        "url": "https://www.walmart.com/ip/ZEDWELL-Bag-of-Pressureless-Tennis-Balls-Sturdy-Reuseable-Mesh-Bag-with-Drawstring-for-Easy-Transport-Bag-O-Balls-18-Pack-of-Balls/550761178",
        "price": "$19.99",
        "stars": "2.0",
        "ratings": "2 ",
        "img": "",
        "tags": [
            [
                "Squash Accessories",
                "/browse/sports-outdoors/squash-accessories/4125_4161_4417624_1043934"
            ],
            [
                "Tennis Racquets",
                "/browse/sports-outdoors/tennis-racquets/4125_4161_538538_1075604"
            ],
            [
                "Tennis Bags",
                "/browse/sports-outdoors/tennis-bags/4125_4161_538538_1075605"
            ],
            [
                "Footballs",
                "/browse/sports-outdoors/footballs/4125_4161_434036_1075724"
            ],
            [
                "Tennis Clothing",
                "/browse/sports-outdoors/tennis-clothing/4125_4161_538538_2898774"
            ],
            [
                "Wilson Baseball Gloves",
                "/browse/sports-outdoors/wilson-baseball-gloves/4125_4161_4162_5859197"
            ],
            [
                "Tennis Training Aids",
                "/browse/sports-outdoors/tennis-training-aids/4125_4161_538538_6322810"
            ],
            [
                "Tennis Ball Hoppers",
                "/browse/sports-outdoors/tennis-ball-hoppers/4125_4161_538538_6806570"
            ]
        ]
    },
    {
        "title": "Crossover Duffel Bag - Large",
        "url": "https://www.walmart.com/ip/Crossover-Duffel-Bag-Large/15580667",
        "price": "$22.99",
        "stars": "4.6",
        "ratings": "21 ",
        "img": "i5.walmartimages.com/asr/c159bbf2-a06e-46a0-80d9-1912405bf4fa_1.72be904d26b108aaa38b5e98ef7ff327.jpeg?odnWidth=612&odnHeight=612&odnBg=ffffff",
        "tags": [
            [
                "Dry Bags",
                "/browse/sports-outdoors/dry-bags/4125_546956_7276129_6836875_1331385"
            ],
            [
                "Outdoor Products Backpacks",
                "/browse/sports-outdoors/outdoor-products-backpacks/4125_546956_4128_1319797_8052121_1453221"
            ],
            [
                "Travel & Duffel Bags",
                "/browse/sports-outdoors/travel-duffel-bags/4125_546956_4128_1319797_2015054"
            ],
            [
                "Hiking Backpacking Packs",
                "/browse/sports-outdoors/hiking-backpacking-packs/4125_546956_4128_1319797_2024633"
            ],
            [
                "Hiking Dry Backpacks",
                "/browse/sports-outdoors/hiking-dry-backpacks/4125_546956_4128_1319797_2212767"
            ],
            [
                "Stansport Backpacks",
                "/browse/sports-outdoors/stansport-backpacks/4125_546956_4128_1319797_8052121_2443298"
            ],
            [
                "Ozark Trail Backpacks",
                "/browse/sports-outdoors/ozark-trail-backpacks/4125_546956_4128_2487866_2559937_2804518"
            ],
            [
                "Hiking Daypacks",
                "/browse/sports-outdoors/hiking-daypacks/4125_546956_4128_1319797_8948680"
            ]
        ]
    },
    {
        "title": "Sports Cotton Twill Visor",
        "url": "https://www.walmart.com/ip/Sports-Cotton-Twill-Visor/48346887",
        "price": "$10.99",
        "stars": "4.4",
        "ratings": "17 ",
        "img": "i5.walmartimages.com/asr/49891e03-7f01-488c-84a4-a7f7cbf04231_1.d5133fd1b7033199740b6aa2b25cf8d2.jpeg?odnWidth=612&odnHeight=612&odnBg=ffffff",
        "tags": [
            [
                "Mens Active Tops & T-Shirts",
                "/browse/clothing/mens-active-tops-t-shirts/5438_133197_1589613_1852229"
            ],
            [
                "Mens Savings Accessories",
                "/browse/clothing/mens-savings-accessories/5438_5993826_2577644_7487471_4461549"
            ],
            [
                "Hats",
                "/browse/clothing/hats/5438_8412788_5988538_6670493_4765818_5099216"
            ],
            [
                "Womens Savings Accessories",
                "/browse/clothing/womens-savings-accessories/5438_5993826_8803962_2203559_5135457"
            ],
            [
                "Mens Hats & Caps",
                "/browse/clothing/mens-hats-caps/5438_1045799_4846025_7314683_9337785_5231764"
            ],
            [
                "Womens Savings Bags",
                "/browse/clothing/womens-savings-bags/5438_5993826_8611669_6246197_8160652"
            ],
            [
                "Scoop Bags & Accessories",
                "/browse/clothing/scoop-bags-accessories/5438_3317124_5800740_2704792_8302262"
            ]
        ]
    },
    {
        "title": "MacGregor\u00ae X4WC Junior Size (27.5\") Rubber Basketball",
        "url": "https://www.walmart.com/ip/MacGregor-X4WC-Junior-Size-27-5-Rubber-Basketball/23661964",
        "price": "$9.63",
        "stars": "3.2",
        "ratings": "31 ",
        "img": "",
        "tags": [
            [
                "Indoor Basketballs",
                "/browse/sports-outdoors/indoor-basketballs/4125_4161_4165_2301197"
            ],
            [
                "Youth Basketballs",
                "/browse/sports-outdoors/youth-basketballs/4125_4161_4165_3481911"
            ],
            [
                "Kids Basketballs",
                "/browse/sports-outdoors/kids-basketballs/4125_4161_4165_4999396"
            ],
            [
                "NCAA Basketballs",
                "/browse/sports-outdoors/ncaa-basketballs/4125_4161_4165_6230229"
            ],
            [
                "Outdoor Basketballs",
                "/browse/sports-outdoors/outdoor-basketballs/4125_4161_4165_6775859"
            ],
            [
                "NBA Basketballs",
                "/browse/sports-outdoors/nba-basketballs/4125_4161_4165_7443009"
            ],
            [
                "Womens Basketballs",
                "/browse/sports-outdoors/womens-basketballs/4125_4161_4165_8432455"
            ],
            [
                "Spalding Basketballs",
                "/browse/sports-outdoors/spalding-basketballs/4125_4161_4165_9286999"
            ]
        ]
    },
    {
        "title": "Tourna Grip\u00ae XL Dry Feel Grips 3 ct Carded Pack",
        "url": "https://www.walmart.com/ip/Tourna-Grip-XL-Dry-Feel-Grips-3-ct-Carded-Pack/37848517",
        "price": "$4.97",
        "stars": "4.5",
        "ratings": "6 ",
        "img": "i5.walmartimages.com/asr/95314e54-b441-43f2-b80b-5df1a3f96fec_1.57af8beffc31e3dc841957cc94142407.jpeg?odnWidth=612&odnHeight=612&odnBg=ffffff",
        "tags": [
            [
                "Squash Accessories",
                "/browse/sports-outdoors/squash-accessories/4125_4161_4417624_1043934"
            ],
            [
                "Tennis Racquets",
                "/browse/sports-outdoors/tennis-racquets/4125_4161_538538_1075604"
            ],
            [
                "Racquetball Accessories",
                "/browse/sports-outdoors/racquetball-accessories/4125_4161_9532681_1075626"
            ],
            [
                "Pickleball Accessories",
                "/browse/sports-outdoors/pickleball-accessories/4125_4161_6675878_1309767"
            ],
            [
                "Bat Grips",
                "/browse/sports-outdoors/bat-grips/4125_4161_4162_1926807"
            ],
            [
                "Vibration Dampeners",
                "/browse/sports-outdoors/vibration-dampeners/4125_4161_538538_8037706_2473830"
            ],
            [
                "Baseball Accessories",
                "/browse/sports-outdoors/baseball-accessories/4125_4161_4162_415419"
            ],
            [
                "Bat Tape",
                "/browse/sports-outdoors/bat-tape/4125_4161_4162_7215691"
            ]
        ]
    },
    {
        "title": "Black Mountain Products Aquatic Exercise Water Dumbbells, Set of 2",
        "url": "https://www.walmart.com/ip/Black-Mountain-Products-Aquatic-Exercise-Water-Dumbbells-Set-of-2/869025958",
        "price": "$12.99",
        "stars": "3.4",
        "ratings": "54 ",
        "img": "i5.walmartimages.com/asr/abc63ccc-2f68-4a27-897f-00cc3f3fa629_1.7f583871a21cf3f5fd6c374db4f6ea36.jpeg?odnWidth=612&odnHeight=612&odnBg=ffffff",
        "tags": [
            [
                "Aqua Fitness",
                "/browse/sports-outdoors/aqua-fitness/4125_4161_1043949"
            ],
            [
                "Weight Sets",
                "/browse/sports-outdoors/weight-sets/4125_4134_1026285_1078284_1078290"
            ],
            [
                "Aqua Fitness Kits",
                "/browse/sports-outdoors/aqua-fitness-kits/4125_4134_4522918_1932850"
            ],
            [
                "Conservative Bathing Suits",
                "/browse/sports-outdoors/conservative-bathing-suits/4125_4134_4522918_4809318"
            ],
            [
                "Water Barbells",
                "/browse/sports-outdoors/water-barbells/4125_4134_4522918_5497815"
            ],
            [
                "Water Weights and Cuffs",
                "/browse/sports-outdoors/water-weights-cuffs/4125_4134_4522918_6129043"
            ],
            [
                "Swimming Kickboards",
                "/browse/sports-outdoors/swimming-kickboards/4125_4161_7400852_6388541"
            ],
            [
                "Swim Belts",
                "/browse/sports-outdoors/swim-belts/4125_4134_4522918_8289815"
            ]
        ]
    },
    {
        "title": "One 2oz Bottle of Birdz Eyewear Anti Fog Spray & Defogger for Glasses Goggles Swimming Paintball and Diving Accessories - Safe on ALL Lenses",
        "url": "https://www.walmart.com/ip/One-2oz-Bottle-of-Birdz-Eyewear-Anti-Fog-Spray-Defogger-for-Glasses-Goggles-Swimming-Paintball-and-Diving-Accessories-Safe-on-ALL-Lenses/339583511",
        "price": "$7.99",
        "stars": "2.4",
        "ratings": "25 ",
        "img": "i5.walmartimages.com/asr/87b1fa29-abd2-4b83-90cc-db6b62164b09_1.9657dcaa7e8a7a3b85a04efadb9265a5.jpeg?odnWidth=612&odnHeight=612&odnBg=ffffff",
        "tags": [
            [
                "Skis, Snowboards & Accessories",
                "/browse/sports-outdoors/skis-snowboards-accessories/4125_546956_1075804_1075806"
            ],
            [
                "Goggles",
                "/browse/sports-outdoors/goggles/4125_4161_7400852_1462021"
            ],
            [
                "Water Dumbbells",
                "/browse/sports-outdoors/water-dumbbells/4125_4134_4522918_2753090"
            ],
            [
                "Golf Hats",
                "/browse/sports-outdoors/golf-hats/4125_4161_4152_1075726_2811569"
            ],
            [
                "Swim Caps",
                "/browse/sports-outdoors/swim-caps/4125_4161_7400852_4861391"
            ],
            [
                "Men's Golf Hats",
                "/browse/sports-outdoors/mens-golf-hats/4125_4161_4152_1075726_5470531"
            ],
            [
                "Water Weights and Cuffs",
                "/browse/sports-outdoors/water-weights-cuffs/4125_4134_4522918_6129043"
            ],
            [
                "Swim Belts",
                "/browse/sports-outdoors/swim-belts/4125_4134_4522918_8289815"
            ]
        ]
    }
]