[{"title": "Reese's, Minis Milk Chocolate Peanut Butter Cup Candy, 14 Oz.", "tags": "Hershey's Easter Chocolate Candy and Treats Cold Packed Shop All Halloween Groceries", "relevancy_score": 125.3256827586207, "price": "$5.28"}, {"title": "Hershey's, Mr. Goodbar Milk Chocolate with Peanuts Giant Candy Bar, 7 Oz.", "tags": "Hershey's Easter Chocolate Candy and Treats Cold Packed Shop All Halloween Dish Basket", "relevancy_score": 403.4741743589743, "price": "$2.24"}, {"title": "Life Savers Butter Rum Hard Candy Sharing Size Bag, 14.5 Oz", "tags": "Hershey's Easter Chocolate Candy and Treats Life Savers Hard Shop All Mints Office", "relevancy_score": 708.6693333333334, "price": "$2.98"}, {"title": "SNICKERS, TWIX, 3 MUSKETEERS, MILKY WAY & MILKY WAY Midnight Chocolate Candy, Halloween MINIS, 135 pieces, 40 oz bag", "tags": "Hershey's Easter Chocolate Candy and Treats Shop All Cold Packed Chocolates Halloween Trick or Treat", "relevancy_score": 4412.866737190083, "price": "$9.94"}, {"title": "JOLLY RANCHER Sugar Free Hard Candy in Assorted Fruit Flavors 3.6oz", "tags": "", "relevancy_score": 1296.4700983606558, "price": "$2.48"}, {"title": "Life Savers Sugar Free Wint-O-Green Mints Hard Candy Bag, 2.75 Oz", "tags": "Sugar Free Food Candy Hard Sugar-Free Snacks Shop All Mints Brach's Chocolate", "relevancy_score": 943.8288695652174, "price": "$1.48"}, {"title": "Tootsie Roll Midgees Chocolate Candy, 43.1 Oz (400 Pieces)", "tags": "Children's Party Gummy Candy Office Shop All Easter Egg Hunt Halloween Trick or Treat Basket", "relevancy_score": 1357.5798153846154, "price": "$5.97"}, {"title": "SweeTarts Soft & Chewy Tangy Strawberry Ropes Candy Bag, 9 Oz", "tags": "Children's Party Caramels & Taffys Office Candy Shop All Halloween Trick or Treat Hershey's Summer Sweets Sour", "relevancy_score": 297.3979234042553, "price": "$2.63"}, {"title": "Junior Mints Candy, 3.5 Oz", "tags": "Tootsie Roll Hershey's Halloween Candy Mint Chocolate Dark Shop All Easter Dish", "relevancy_score": 329.45528163265305, "price": "$0.98"}, {"title": "M&M''S Milk Chocolate Candy Sharing Size, 10.7 Ounce Bag'", "tags": "Shop All Cold Packed Chocolates Mars Chocolate Halloween Super Bowl Candy Wrigley Groceries", "relevancy_score": 5106.682343641353, "price": "$2.98"}, {"title": "Reese's, Minis Milk Chocolate Peanut Butter Cup Candy, 14 Oz.", "tags": "Hershey's Easter Chocolate Candy and Treats Cold Packed Shop All Halloween Groceries", "relevancy_score": 125.3256827586207, "price": "$5.27"}, {"title": "Hershey's, Mr. Goodbar Milk Chocolate with Peanuts Giant Candy Bar, 7 Oz.", "tags": "Hershey's Easter Chocolate Candy and Treats Cold Packed Shop All Halloween Dish Basket", "relevancy_score": 403.4741743589743, "price": "$2.24"}, {"title": "Hershey's, Halloween All Time Greats Assorted Chocolate Candy, 60 Ct.", "tags": "Halloween Chocolate Hershey's Candy Easter Egg Hunt Dish All Basket Milk Shop Cold Packed Groceries", "relevancy_score": 61.601018181818176, "price": "$9.94"}, {"title": "Hershey, Halloween Candy Assortment Spooky Shapes Snack Size, 50 Ct., 25.8 Oz.", "tags": "Halloween Chocolate Hershey's Candy Easter Egg Hunt Trick or Treat Dish All Basket", "relevancy_score": 41.1008, "price": "$9.94"}, {"title": "3 MUSKETEERS Chocolate Candy, Halloween FUN SIZE, 20.92 oz bag", "tags": "Hershey's Easter Chocolate Candy and Treats Halloween Egg Hunt Dish All Basket", "relevancy_score": 340.64514285714284, "price": "$4.88"}, {"title": "Brach's Halloween Classic Candy Corn Bag, 44 Oz", "tags": "Children's Party Candy Corn Brach's Office Halloween Trick or Treat All Easter Basket", "relevancy_score": 354.3024, "price": "$4.98"}, {"title": "SNICKERS, TWIX, 3 MUSKETEERS & MILKY WAY Chocolate Candy, Halloween Full Size, 18 pieces, 33.31 oz box", "tags": "Shop All Cold Packed Chocolates Chocolate Halloween Mars Wrigley Candy Milk Groceries", "relevancy_score": 3575.432533333333, "price": "$13.24"}, {"title": "Tootsie Halloween Caramel Apple Lollipops, 7.5 Oz.", "tags": "Children's Party Hard Candy Hershey's Halloween Office Lollipops & Suckers Trick or Treat All", "relevancy_score": 25.62902857142857, "price": "$10.99"}, {"title": "Cella's Chocolate Covered Cherries, 8 Oz", "tags": "Hershey's Easter Chocolate Candy and Treats Cold Packed Halloween Covered Snacks Dish Basket", "relevancy_score": 479.0984328767123, "price": "$3.18"}, {"title": "Skittles and Starburst Assorted Chewy Candy, 18ct", "tags": "Halloween Chocolate Bars Trick or Treat Wholesale Candy All Easter Basket Milk", "relevancy_score": 758.2852869565218, "price": "$13.24"}, {"title": "Hershey's, Mr. Goodbar Milk Chocolate with Peanuts Giant Candy Bar, 7 Oz.", "tags": "Hershey's Easter Chocolate Candy and Treats Cold Packed Shop All Halloween Dish Basket", "relevancy_score": 403.4741743589743, "price": "$2.24"}, {"title": "Extra Peppermint Sugar Free Chewing Gum, Bulk Gum Value Pack, 8pk", "tags": "Shop All Chewing Gum Sugar Free Food Orbit Sugar-Free Snacks Wrigley Ice Breakers Hershey's Candy Trident", "relevancy_score": 548.6984328767123, "price": "$5.98"}, {"title": "M&M'S Peanut Butter Chocolate Candy, 34-Ounce Party Size Bag", "tags": "Hershey's Easter Chocolate Candy and Treats Cold Packed Shop All Halloween Milk Groceries", "relevancy_score": 1285.5584323232322, "price": "$8.98"}, {"title": "Kit Kat, Halloween Crisp Wafer in Milk Chocolate Snack Size Candy Bars, 10.78 Oz.", "tags": "Hershey's Easter Chocolate Candy and Treats Cold Packed Kit Kat Halloween All Shop Groceries", "relevancy_score": 417.32044590163935, "price": "$2.88"}, {"title": "Twizzlers, Pull 'n' Peel Cherry Licorice Chewy Candy, 14 Oz.", "tags": "Hershey's Easter Chocolate Candy and Treats Gametime Snacks Halloween Shop All Summer Sweets Licorice", "relevancy_score": 755.232661928934, "price": "$2.23"}, {"title": "Russell Stover Sugar Free Pecan Delights with Stevia, 10 oz. Bag", "tags": "Sugar Free Food Shop All Chocolate Candy Cold Packed Premium Chocolates Sugar-Free Snacks Mother's Day Gift Baskets", "relevancy_score": 906.2081729729731, "price": "$5.62"}, {"title": "Whoppers, Malted Milk Balls Chocolate Candy, 12 Oz.", "tags": "Hershey's Easter Chocolate Candy and Treats Cold Packed Halloween Dish Basket Milk", "relevancy_score": 738.5326619289341, "price": "$2.12"}, {"title": "Hershey's, Hot Fudge Topping, 12.8 Oz.", "tags": "Hershey's Easter Chocolate Candy and Treats Cold Packed Shop All Syrups Hershey Baking Milk", "relevancy_score": 322.5953188118812, "price": "$1.98"}, {"title": "Whoppers, Malted Milk Balls Chocolate Candy, 5 Oz.", "tags": "Children's Party Hershey's Halloween Candy Nerds Shop All Licorice", "relevancy_score": 736.8930064516129, "price": "$0.98"}, {"title": "Hershey's, Sugar-Free Special Dark Mildly Sweet Chocolate Candy, 3 Oz.", "tags": "Hershey's Easter Chocolate Candy and Treats Cold Packed Halloween Sugar Free Dark S'Mores Ingredients", "relevancy_score": 840.9801056603773, "price": "$2.48"}, {"title": "Hershey's, Mr. Goodbar Milk Chocolate with Peanuts Giant Candy Bar, 7 Oz.", "tags": "Hershey's Easter Chocolate Candy and Treats Cold Packed Shop All Halloween Dish Basket", "relevancy_score": 403.4741743589743, "price": "$2.24"}, {"title": "Jolly Rancher Hard Candy Assortment, Fruity Bash, 13 Oz.", "tags": "Hershey's Easter Chocolate Candy and Treats Hard Jolly Rancher Office Summer Sweets Classroom", "relevancy_score": 654.8610876404495, "price": "$2.48"}, {"title": "Skittles Original Chewy Candy Family Size Bag, 27.5 oz", "tags": "Mars Super Bowl Candy Gummy Shop All Sour Easter Dish Halloween Basket", "relevancy_score": 1156.6452162601624, "price": "$4.98"}, {"title": "Almond Joy, Halloween Coconut & Almond Chocolate Candy Snack Size Bars, 11.3 Oz.", "tags": "Hershey's Easter Chocolate Candy and Treats Cold Packed Halloween Egg Hunt Dish Basket", "relevancy_score": 254.8672, "price": "$2.88"}, {"title": "Ghirardelli Semi-Sweet Chocolate Premium Baking Chips - 12 oz.", "tags": "Shop All Premium Chocolate Baking Chips Dark Ghirardelli Bars Milk", "relevancy_score": 133.7426929577465, "price": "$3.18"}, {"title": "Orbit, Sugar Free Peppermint Chewing Gum, 14 Piece Packs, 3 Count", "tags": "Shop All Chewing Gum Sugar Free Food Extra Sugar-Free Snacks Wrigley Ice Breakers Wholesale Candy Trident", "relevancy_score": 97923.99740682395, "price": "$7.52"}, {"title": "Jolly Rancher Hard Candy Assortment, Awesome Reds, 13 Oz.", "tags": "Children's Party Hershey's Easter Chocolate Candy and Treats Hard Jolly Rancher Halloween Office Summer Sweets", "relevancy_score": 468.963074015748, "price": "$2.48"}, {"title": "Tootsie Caramel Apple Pops, 9.4 Oz", "tags": "Tootsie Roll Children's Party Hard Candy Office Halloween Trick or Treat Hershey's Summer Sweets All", "relevancy_score": 473.7548190476191, "price": "$2.58"}, {"title": "EXTRA Classic Bubble Sugarfree Gum, 3 packs", "tags": "Shop All Chewing Gum Bubble Extra Orbit Sugar-Free Snacks Wrigley Trident", "relevancy_score": 1367.5065153153153, "price": "$2.48"}, {"title": "LIFE SAVERS Gummies 5 Flavors Candy Sharing Size Bag, 14.5 Oz", "tags": "Hard Candy Shop All Halloween Trick or Treat Sour Easter Basket", "relevancy_score": 591.0509677419354, "price": "$2.98"}, {"title": "Chex Mix Muddy Buddies Peanut Butter & Chocolate 10.5 oz", "tags": "All Grab and Go Sandwiches, Salads Snack Packs Cookies Mixes Study Snacks Nuts, Dried Fruits Healthy", "relevancy_score": 569.3398274509804, "price": "$2.98"}, {"title": "Life Savers Orange Mint Hard Candy Sharing Size Bag, 14.5 Oz", "tags": "Hard Candy Mars Super Bowl Gummy Shop All Mints Hershey's", "relevancy_score": 652.2307087719297, "price": "$2.98"}, {"title": "Hershey's, Milk Chocolate with Almonds Giant Bar, 6.8 Oz., (Pack of 12)", "tags": "Shop All Cold Packed Chocolates Halloween Chocolate Bars Hershey's Candy S'Mores Ingredients Milk Groceries", "relevancy_score": 1634.9528127320955, "price": "$2.24"}, {"title": "Hershey, Halloween Candy Assortment, 170 Ct, 50 Oz.", "tags": "Hershey's Easter Chocolate Candy and Treats Shop All Cold Packed Chocolates Halloween Basket Milk Groceries", "relevancy_score": 11.50029090909091, "price": "$14.74"}, {"title": "M & M'S Milk Chocolate MINIS Candy Sharing Size Bag", "tags": "Shop All Cold Packed Chocolates Mars Halloween Chocolate Super Bowl Candy M&M's Wrigley Milk Groceries", "relevancy_score": 5130.682893989071, "price": "$89.54"}, {"title": "Hershey\u2019s Kisses Candy Family Pack, Milk Chocolate, 17.9 Oz.", "tags": "Hershey's Easter Chocolate Candy and Treats Dish Cold Packed Valentine's Day Halloween Kisses Milk", "relevancy_score": 517.038995620438, "price": "$5.27"}, {"title": "Hershey's, Simply 5 Chocolate Syrup, 21.8 oz (2 Pack)", "tags": "Syrups & Sweeteners Sugar-Free Food Essentials Sugar Free Snacks Hershey's Candy Holiday Hershey Baking", "relevancy_score": 746.3005617021277, "price": "$5.20"}, {"title": "Reese's, Halloween Milk Chocolate Peanut Butter Pumpkins Candy, 19.2 Oz.", "tags": "Hershey's Easter Chocolate Candy and Treats Halloween All Basket Milk Shop Cold Packed Groceries", "relevancy_score": 222.07238518518517, "price": "$4.88"}, {"title": "Nestle Toll House Dark Chocolate Chips 10 oz.", "tags": "Shop All Premium Chocolate Baking Chips Dark Plant Based Needs Hershey Bars", "relevancy_score": 1714.867930964467, "price": "$2.14"}, {"title": "Russell Stover Sugar Free Assorted Caramels with Stevia, 17.85 oz. Bag", "tags": "Sugar Free Food Candy Cold Packed Premium Chocolates Sugar-Free Snacks Chocolate Mother's Day Gift Baskets", "relevancy_score": 232.75199999999998, "price": "$8.56"}, {"title": "Kit Kat, Halloween Witch's Brew Crisp Wafers in Marshmallow Green Cr\u00e8me Snack Size Candy, 9.8 Oz.", "tags": "Shop All Cold Packed Chocolates Hershey's Chocolate Kit Kat Halloween Bars Milk Groceries", "relevancy_score": 96.4628923076923, "price": "$2.88"}, {"title": "Kit Kat, Halloween Miniatures Wafer Bars Candy In Pumpkin Pie Flavored Cr\u00e8me, 9.7 Oz.", "tags": "Shop All Cold Packed Chocolates Hershey's Chocolate Kit Kat Halloween Bars Mars Wrigley Candy", "relevancy_score": 174.59366575342466, "price": "$2.98"}, {"title": "Chex Mix Muddy Buddies Peanut Butter & Chocolate 10.5 oz", "tags": "All Grab and Go Sandwiches, Salads Snack Packs Cookies Mixes Study Snacks Nuts, Dried Fruits Healthy", "relevancy_score": 569.3398274509804, "price": "$2.98"}, {"title": "Nestle Toll House Semi Sweet Chocolate Chunks 11.5 oz.", "tags": "Shop All Chocolate Premium Baking Chips Ghirardelli Hershey Bars Milk", "relevancy_score": 290.99792340425535, "price": "$2.48"}, {"title": "Great Value Fiber Brownie Chocolate Fudge Value Pack 10.69 oz 12 ct", "tags": "Cereal Bars & Breakfast Pies Tarts On the Go Snacks Granola Indulgent Fiber One Snack New Year You", "relevancy_score": 303.79792340425536, "price": "$3.42"}, {"title": "Fun Dip Halloween Razz Apple Magic Dip & Cherry Yum Diddly Dip Candy Pouches, 0.43 Oz (44 Count)", "tags": "Children's Party Hard Candy Office Lollipops & Suckers Halloween Trick or Treat Classroom and Treats All", "relevancy_score": 81.53154782608695, "price": "$4.88"}, {"title": "3 MUSKETEERS Chocolate Candy, Halloween FUN SIZE, 10.48 oz bag", "tags": "Halloween Chocolate Bars Mars Wrigley Candy Hershey's Easter Dish Basket Milk Shop All Cold Packed Groceries", "relevancy_score": 166.87095384615384, "price": "$2.88"}, {"title": "Twizzlers Twists Hershey's Chocolate Licorice Candy", "tags": "", "relevancy_score": 1014.4047245283019, "price": "$2.23"}, {"title": "TWIZZLERS Sweet and Sour Filled Twists", "tags": "", "relevancy_score": 894.8238315789474, "price": "$1.98"}, {"title": "Russell Stover Sugar Free Peanut Butter Cups with Stevia, 3 oz. Bag", "tags": "Sugar Free Food Candy Cold Packed Premium Chocolates Sugar-Free Snacks Chocolate Mother's Day Gift Baskets Russell Stover", "relevancy_score": 349.6686579439252, "price": "$1.93"}, {"title": "NERDS Rainbow Candy 5 oz. Box", "tags": "Children's Party Hard Candy Skittles Shop All Halloween Trick or Treat", "relevancy_score": 143.2016, "price": "$5.32"}, {"title": "Russell Stover Sugar Free Coconut with Stevia, 3 oz. Bag", "tags": "Sugar Free Food Candy Cold Packed Premium Chocolates Sugar-Free Snacks Chocolate Mother's Day Gift Baskets Russell Stover", "relevancy_score": 358.6913100917431, "price": "$1.93"}, {"title": "Russell Stover Sugar Free Pecan Delights with Stevia, 3 oz. Bag", "tags": "Sugar Free Food Candy Cold Packed Premium Chocolates Sugar-Free Snacks Chocolate Covered Mother's Day Gift Baskets Russell Stover", "relevancy_score": 150.8064380952381, "price": "$1.93"}, {"title": "Werther's Original Chewy Caramel Candies, 5 Oz", "tags": "Sugar Free Candy Hard Caramels & Taffys Office Shop All Halloween", "relevancy_score": 144.8376918032787, "price": "$2.08"}, {"title": "Krabby Patties OPP Bag 6.34 oz", "tags": "Children's Party Gummy Bears Office Candy Shop All Halloween Trick or Treat Sour", "relevancy_score": 61.601018181818176, "price": "$2.28"}, {"title": "Ferrara Pan Lemonhead Lemon Candies, 5 Oz.", "tags": "Tootsie Roll Hard Candy Skittles Office Nerds Wholesale", "relevancy_score": 79.93154782608696, "price": "$0.98"}, {"title": "EXTRA Spearmint Sugarfree Gum, Single Pack 15 Pieces", "tags": "Shop All Chewing Gum Extra Sugar-Free Snacks Wrigley Xylitol Ice Breakers Trident", "relevancy_score": 709.2568949152543, "price": "$1.00"}, {"title": "EXTRA Sweet Watermelon Sugarfree Gum, Single Pack 15 Pieces", "tags": "Shop All Chewing Gum Sugar Free Food Fruit Snacks Sugar-Free Wrigley Snapple Ice Breakers Trident", "relevancy_score": 350.7913100917431, "price": "$1.00"}, {"title": "(6 Pack) Betty Crocker Mug Treats Hot Fudge Brownie", "tags": "All Baking Mixes Brownie Mix Game Time Dessert Duncan Hines Cake", "relevancy_score": 105.15697777777777, "price": "$16.47"}, {"title": "Brach's Mellowcreme Caramel Apple Halloween Candy, 13.6 Oz", "tags": "", "relevancy_score": 17.62902857142857, "price": "$1.98"}, {"title": "Wonka Gobbstopper Chewy Jawbreakers, 3.75 Oz.", "tags": "Children's Party Gummy Candy Caramels & Taffys Office Nerds Shop All", "relevancy_score": 20.62902857142857, "price": "$0.98"}, {"title": "Juicy Fruit Starburst Strawberry Sugarfree Gum, multipack (3 Packs)", "tags": "Shop All Chewing Gum Bubble Sugar-Free Snacks Wrigley Xylitol Ice Breakers Trident", "relevancy_score": 223.2310987341772, "price": "$2.24"}, {"title": "SweeTarts, Nerds, Laffy Taffy, Gobstoppers, Assorted Candy Bag, 48 Oz (150 Pieces)", "tags": "Caramels & Taffys Office Candy Shop All Easter Egg Hunt Halloween Trick or Treat Brach's Classroom and Treats", "relevancy_score": 208.53109873417722, "price": "$8.48"}, {"title": "Milky Way, Milk Chocolate 2-To-Go Sharing Size Candy Bar, 3.63 Oz", "tags": "Shop All Cold Packed Chocolates Mars Halloween Chocolate Bars Wrigley Candy Boxes Wholesale Milk", "relevancy_score": 255.84912941176466, "price": "$1.48"}, {"title": "Kisses, Dark Chocolate Candy, 16.1 Oz", "tags": "Hershey's Easter Chocolate Candy and Treats Dish Cold Packed Valentine's Day Halloween Dark Kisses", "relevancy_score": 295.5127157894737, "price": "$5.28"}, {"title": "Reese's, Halloween Assorted Milk Chocolate & Peanut Butter Full Size Bars Candy, 18 Ct.", "tags": "Hershey's Easter Chocolate Candy and Treats Shop All Cold Packed Chocolates Halloween Basket Milk Groceries", "relevancy_score": 116.9376918032787, "price": "$13.24"}, {"title": "Lindt Excellence, Dark Chocolate, Dark", "tags": "Premium Chocolate & Truffles Shop All Cold Packed Chocolates Bars Dark Lindt Bags Gifting", "relevancy_score": 237.90966153846156, "price": "$12.38"}, {"title": "Brach's Sourlicious Halloween Candy Variety Bag, 46.25 Oz (185 Count)", "tags": "Children's Party Office Candy Easter Egg Hunt Halloween Trick or Treat Brach's All Basket", "relevancy_score": 35.833037837837836, "price": "$9.94"}, {"title": "EXTRA Polar Ice Sugarfree Gum, multipack (3 packs total)", "tags": "Shop All Chewing Gum Sugar Free Food Orbit Sugar-Free Snacks Wrigley Ice Breakers 5 Trident", "relevancy_score": 1641.6609823834197, "price": "$2.48"}, {"title": "Kodiak Cakes Brownie Unleashed, Chocolate Fudge Brownie Cup, 2.36 OZ", "tags": "Cakes & Cupcakes All Baking Mixes High Protein Food Staples Better For You Essentials Dessert Healthy Non GMO", "relevancy_score": 17.718023529411763, "price": "$7.06"}, {"title": "Hershey\u2019s, Kisses Candy Share Pack, Milk Chocolate, 10.8 Oz.", "tags": "Hershey's Easter Chocolate Candy and Treats Dish Cold Packed Valentine's Day Halloween Kisses Milk", "relevancy_score": 576.8045877551021, "price": "$3.48"}, {"title": "SKITTLES Brightside Chewy Candy Sharing Size Bag, 15.6 oz", "tags": "Mars Super Bowl Candy Gummy Shop All Sour Starburst Easter Dish Halloween Basket", "relevancy_score": 313.2272, "price": "$2.98"}, {"title": "Werther's Original Caramel Coffee Hard Candies, 5.5 Oz", "tags": "Hard Candy Caramels & Taffys Office Shop All New Year's Eve Party Spread Halloween", "relevancy_score": 131.68572631578948, "price": "$2.18"}, {"title": "Payday, Halloween Peanuts & Caramel Snack Size Candy Bars, 33 Oz.", "tags": "Hershey's Easter Chocolate Candy and Treats Shop All Halloween Basket", "relevancy_score": 360.3570113207547, "price": "$9.94"}, {"title": "Reese's, Chocolate & Peanut Butter Shell Topping, 7.25 Oz.", "tags": "Frosting, Toppings & Decorations Large Dessert Cakes All Syrups Hershey Baking", "relevancy_score": 92.0628923076923, "price": "$2.18"}, {"title": "NERDS Big Chewy Candy 10 oz.", "tags": "Children's Party Shop All Candy Easter Egg Hunt Sour Dish Basket", "relevancy_score": 116.91082264150943, "price": "$2.48"}, {"title": "Wrigley's Doublemint, Chewing Gum, 15 Piece Single Pack", "tags": "Shop All Chewing Gum Sugar Free Food Mentos Orbit Sugar-Free Snacks Xylitol Ice Breakers Trident", "relevancy_score": 390.2913100917431, "price": "$1.00"}, {"title": "Skittles Original Chewy Candy Party Size Bag, 50 oz", "tags": "Mars Super Bowl Candy Gummy Shop All Halloween Trick or Treat Easter Dish Basket", "relevancy_score": 1183.8528127320953, "price": "$8.98"}, {"title": "Reese's And Kit Kat, Halloween Candy Assortment Lovers Snack Size, 90 Ct., 49 Oz.", "tags": "Hershey's Easter Chocolate Candy and Treats Cold Packed Halloween All Basket", "relevancy_score": 334.3081411764706, "price": "$14.74"}, {"title": "SweeTarts Extreme Sour Chewy Candy Bag, 11 Oz", "tags": "Children's Party Office Candy Shop All Sour Easter Dish Basket Patch Kids", "relevancy_score": 343.53304615384616, "price": "$2.78"}, {"title": "Jelly Belly Sugar-Free Assorted Flavor Jelly Beans, 8.25 Oz", "tags": "Sugar Free Food Candy Sugar-Free Snacks Gummy Jelly Beans Bears Shop All Easter Egg Hunt", "relevancy_score": 551.6122059880239, "price": "$3.97"}, {"title": "Trident White Sugar Free Gum, Peppermint Flavor, 3 Packs (48 Pieces Total)", "tags": "Shop All Chewing Gum Bubble Sugar Free Food Orbit Sugar-Free Snacks Wrigley Xylitol Ice Breakers", "relevancy_score": 117.00145454545454, "price": "$2.48"}, {"title": "Otter Pops Giant Freezer Bars, 5.5 Oz., 27 Count", "tags": "Children's Party Hershey's Easter Chocolate Candy and Treats Jolly Rancher Freeze Pops Popsicles Wholesale Summer Sweets", "relevancy_score": 728.2115979057592, "price": "$5.98"}, {"title": "EXTRA Smooth Mint Sugarfree Gum, multipack (3 packs total)", "tags": "Shop All Chewing Gum Sugar Free Food Mentos Orbit Sugar-Free Snacks Wrigley Xylitol Trident", "relevancy_score": 1204.54926185567, "price": "$8.95"}, {"title": "Orbit Gum White, Peppermint Sugarfree Chewing Gum, Car Cup, 40 Pieces", "tags": "Shop All Chewing Gum Mentos Orbit Sugar-Free Snacks Wrigley Ice Breakers Trident", "relevancy_score": 97769.19739766319, "price": "$2.98"}, {"title": "5 Gum Peppermint Cobalt Sugar Free Chewing Gum, 15 Pieces (Pack of 6)", "tags": "Shop All Chewing Gum Sugar Free Food Extra Orbit Sugar-Free Snacks Wrigley Ice Breakers Trident", "relevancy_score": 257.2116819277108, "price": "$5.38"}, {"title": "Dove Promises, Peanut Butter And Milk Chocolate Candy, 7.61 Oz.", "tags": "Shop All Cold Packed Chocolates Candy Dish Chocolate Halloween Easter Mother's Day Gift Baskets Basket Milk", "relevancy_score": 242.4723851851852, "price": "$3.98"}, {"title": "BUTTERFINGER Full Size Peanut Chocolate Candy, 6 Bars", "tags": "Shop All Cold Packed Chocolates Hershey's Chocolate Halloween Bars Candy Milk Groceries", "relevancy_score": 89.76128, "price": "$4.76"}, {"title": "Brach's Wild N' Fruity Gummi Bears & Worms, 48 Oz", "tags": "Gummy Worms Candy Brach's Bears Office Shop All", "relevancy_score": 595.7564307692309, "price": "$5.98"}, {"title": "Ghirardelli Intense Dark Chocolate Squares - Sea Salt Soiree \u2013 4.12 oz.", "tags": "Premium Chocolate & Truffles Shop All Dark Bars Bags Gifting Valentine's Day Candy and Mother's Gift Baskets", "relevancy_score": 169.6606117647059, "price": "$3.34"}, {"title": "Tootsie Roll, Mini Tootsie Pops, 54 Oz", "tags": "Tootsie Roll Hard Candy Office Shop All Lollipops & Suckers Halloween Trick or Treat", "relevancy_score": 361.9800888888888, "price": "$9.98"}, {"title": "Haribo Frogs Gummi Candies, 8 Oz.", "tags": "Children's Party Gummy Candy Movie Night Foods and Drinks Trolli Office Shop All Sour", "relevancy_score": 174.7426929577465, "price": "$1.84"}, {"title": "Hershey's, Snack Size Chocolate Assortment Candy, 33.43 Oz.", "tags": "Hershey's Easter Chocolate Candy and Treats Shop All Cold Packed Chocolates Halloween Basket Groceries", "relevancy_score": 199.96853333333334, "price": "$9.98"}, {"title": "Eclipse Sugar Free Gum, Spearmint", "tags": "", "relevancy_score": 10.2752, "price": "$14.18"}, {"title": "Airheads Bites Fruit Flavored Chewy Candy, 9 Oz.", "tags": "Children's Party Gummy Candy Caramels & Taffys Office Shop All Halloween Trick or Treat Sour", "relevancy_score": 45.1008, "price": "$2.78"}, {"title": "M&M'S Caramel Chocolate Candy, 34-Oz. Party Size Bag", "tags": "Shop All Cold Packed Chocolates Mars Chocolate Halloween Super Bowl Candy Milk Groceries", "relevancy_score": 853.0108412556054, "price": "$8.98"}, {"title": "Trident Original Sugar Free Gum, 8 Packs of 14 Pieces (112 Total Pieces)", "tags": "Shop All Chewing Gum Bubble Sugar Free Food Extra Orbit Sugar-Free Snacks Wrigley Xylitol", "relevancy_score": 57.658057142857146, "price": "$5.98"}, {"title": "Nerds Sour Big Chewy Crunchy Candy Bag, 10 Oz", "tags": "Children's Party Office Candy Shop All Sour Easter Dish Basket Patch Kids", "relevancy_score": 196.09366575342466, "price": "$2.48"}, {"title": "Jolly Rancher, Misfits Gummy Candy, 8 Oz.", "tags": "Hard Candy Gummy Jolly Rancher Shop All Hershey's Summer Sweets Sour", "relevancy_score": 665.1568949152543, "price": "$1.98"}, {"title": "Skittles and Starburst Original Fun Size Chewy Candy Assorted Bag, 65 ct., 31.9oz", "tags": "Children's Party Mars Super Bowl Candy Wrigley Halloween Office Easter Egg Hunt Trick or Treat Basket", "relevancy_score": 810.1360484848485, "price": "$8.98"}, {"title": "(12 Pack) Sheila G'S Brownie Brittle Dark Chocolate Sea Salt Gluten Free, 4.5 Oz", "tags": "Shop All Cold Packed Chocolates Canned Tomatoes Summer Grilling Beverages Halloween Chocolate Juices", "relevancy_score": 37.91612307692308, "price": "$32.06"}, {"title": "EXTRA Winterfresh Sugarfree Gum, multipack (3 packs total)", "tags": "Shop All Chewing Gum Bubble Sugar Free Food Orbit Sugar-Free Snacks Wrigley Ice Breakers Trident", "relevancy_score": 130.92568275862067, "price": "$2.48"}, {"title": "Wilton Sprinkles Unicorn Mix, 2.12 oz.", "tags": "Wilton Cake Decorating Rainbow Decorative Baking Icing and Decorations Easter Edibles Valentine's Day Treat Basketball Tools", "relevancy_score": 105.26289230769231, "price": "$1.83"}, {"title": "3 Musketeers Chocolate Candy Bar Single Size, 1.92 Ounce", "tags": "5-Hour Energy Shots Cold Packed Mars Chocolates Chocolate Bars Wrigley Halloween Candy Boxes Wholesale Milk", "relevancy_score": 110.2016, "price": "$0.88"}, {"title": "Dentyne Fire Spicy Cinnamon Sugar Free Gum, 3 Packs of 16 Pieces (48 Total Pieces)", "tags": "Bubble Gum Sugar Free Food Orbit Chewing Sugar-Free Snacks Wrigley Xylitol Ice Breakers Trident", "relevancy_score": 121.64434285714285, "price": "$2.48"}, {"title": "Trident Spearmint Sugar Free Gum, 14 Pieces", "tags": "Shop All Chewing Gum Mentos Sugar-Free Snacks Wrigley Xylitol Ice Breakers Trident", "relevancy_score": 155.8726193548387, "price": "$1.12"}, {"title": "Hershey's Nuggets, Toffee Almond Share Size Chocolates, 10.2 Oz.", "tags": "Hershey's Easter Chocolate Candy and Treats Dish Cold Packed Valentine's Day Halloween Basket", "relevancy_score": 350.99531881188125, "price": "$3.48"}, {"title": "Haribo Starmix Gummi Candies, 8 Oz.", "tags": "Children's Party Gummy Candy Office Shop All Halloween Trick or Treat Sour", "relevancy_score": 236.7922731707317, "price": "$1.84"}, {"title": "Ghirardelli Intense Dark Chocolate Squares - 72% Cacao \u2013 12.7 oz.", "tags": "Premium Chocolate & Truffles Shop All Bars Ghirardelli Dark Bags Gifting Valentine's Day Candy and", "relevancy_score": 138.6376918032787, "price": "$10.18"}, {"title": "Hershey's, Snack Size Chocolate Assortment Candy, 35.04 Oz", "tags": "Hershey's Easter Chocolate Candy and Treats Shop All Cold Packed Chocolates Halloween Basket Groceries", "relevancy_score": 260.9354666666667, "price": "$9.98"}, {"title": "DOVE PROMISES Variety Mix Chocolate Candy 43.07 Ounce 153-Piece Bag", "tags": "Shop All Cold Packed Chocolates Halloween Chocolate Easter Egg Hunt Candy Dish Dove Basket Milk", "relevancy_score": 858.168123076923, "price": "$17.82"}, {"title": "Assorted SweeTarts, Laffy Taffy, Nerds, Gobstopper Halloween Candy Variety Pack, 68.9 Oz, 250 Count", "tags": "Children's Party Hard Candy Office Easter Egg Hunt Halloween Trick or Treat All Basket", "relevancy_score": 56.458057142857136, "price": "$14.74"}, {"title": "YumEarth, Organic Licorice Strawberry, 5 oz", "tags": "All Fruit Snacks Gluten Free Shop Candy Organic Licorice Top-selling Halloween", "relevancy_score": 141.73919999999998, "price": "$2.92"}, {"title": "Albanese Fat-Free Gluten-Free 12 Flavor Mini Gummi Worms, 36 oz", "tags": "Gummy Worms Candy Bears Office Shop All Wholesale Sour", "relevancy_score": 111.8628923076923, "price": "$6.88"}, {"title": "Sugar Babies Candy Coated Milk Caramels, 6 Oz", "tags": "Tootsie Roll Hard Candy Werther's Originals Laffy Taffy Shop All Lollipops & Suckers", "relevancy_score": 45.1008, "price": "$0.98"}, {"title": "(2 pack) CARNATION Chocolate Malted Milk Mix 13 oz. Cannister", "tags": "", "relevancy_score": 666.3307087719298, "price": "$7.62"}, {"title": "Albanese Fat-Free Gluten-Free Assorted Flavors Gummi Worms, 7.5 Oz.", "tags": "Children's Party Gummy Worms Candy Bears Shop All Wholesale", "relevancy_score": 35.833037837837836, "price": "$6.96"}, {"title": "Goetze, Caramel Creams Candy, 40 Oz.", "tags": "Hard Candy Gummy Office Shop All Halloween Trick or Treat Easter Basket", "relevancy_score": 327.368896969697, "price": "$7.68"}, {"title": "Hershey's, Miniatures Dark Chocolate Lovers Assortment Candy, 32.89 Oz.", "tags": "Hershey's Easter Chocolate Candy and Treats Shop All Cold Packed Chocolates Halloween Dark Groceries", "relevancy_score": 232.2723851851852, "price": "$9.98"}, {"title": "Twizzlers, Rainbow Candy Straws, 27.5 Oz", "tags": "Children's Party Hershey's Halloween Candy Office Shop All Trick or Treat Summer Sweets Licorice", "relevancy_score": 618.5396393063584, "price": "$5.98"}, {"title": "Ghirardelli Milk Chocolate Squares with Caramel Filling \u2013 15.96 oz.", "tags": "Candy Dish Premium Chocolate & Truffles Shop All Bars Bags Gifting Easter Basket", "relevancy_score": 269.70210909090906, "price": "$10.18"}, {"title": "Airheads Xtremes Sweetly Sour Candy Bites Snack Size, Rainbow Berry, 9 ounces", "tags": "Gummy Candy Trolli Caramels & Taffys Shop All Halloween Trick or Treat Sour Classroom and Treats Patch Kids", "relevancy_score": 30.933037837837837, "price": "$2.48"}, {"title": "Laffy Taffy Laff Bites 4.2oz", "tags": "Children's Party Shop All Cold Packed Chocolates Caramels & Taffys Candy Halloween Trick or Treat Brach's Easter Classroom and Treats", "relevancy_score": 22.62902857142857, "price": "$4.99"}, {"title": "TWIX Full Size Caramel Chocolate Cookie Candy Bar, 10.74 oz. (Pack of 6)", "tags": "Shop All Cold Packed Chocolates Mars Halloween Chocolate Bars Candy Easter Basket Milk Groceries", "relevancy_score": 141.7376918032787, "price": "$4.76"}, {"title": "SOUR PATCH KIDS Candy, Extreme Flavor, 1 Bag (7.2 oz.)", "tags": "Children's Party Candy Corn Gummy Shop All Wholesale Sour Halloween Swedish Fish", "relevancy_score": 35.833037837837836, "price": "$1.76"}, {"title": "Russell Stover Assorted Milk & Dark Chocolates Gift Box 9.4 oz.", "tags": "Premium Chocolate & Truffles Shop All Boxes Dark Gifting Mother's Day Gift Baskets", "relevancy_score": 81.61308235294118, "price": "$6.98"}, {"title": "Ferrero Collection Diamond Gift Box, 9.1 Oz., 24 Count", "tags": "Premium Chocolate & Truffles Ferrero Rocher Shop All Bars Bags Gifting Milk Cold Packed Groceries", "relevancy_score": 262.51168192771087, "price": "$10.88"}, {"title": "Reese's Thins, Peanut Butter Dark Chocolate Candy, 3.1 Oz", "tags": "Reese's Shop All Premium Chocolate Ghirardelli Hershey's Halloween Candy Dark Bars & Bags Valentine's Day and Dove", "relevancy_score": 255.84912941176466, "price": "$1.98"}, {"title": "Payday, Peanut Caramel Snack Size Candy Bars, 11.6 Oz.", "tags": "Trick-or-Treat Bags Halloween Baking & Cooking Supplies Goodie Engagement Party Favors Organza Wedding Bridal Shower Wear Accessories", "relevancy_score": 393.33420884955757, "price": "$2.88"}, {"title": "Sour Patch Soft and Chewy Candy, 8-Ounce Packet", "tags": "Candy Corn Movie Night Foods and Drinks Shop All Care Packages Sour Halloween Patch Kids Swedish Fish", "relevancy_score": 98.51082264150944, "price": "$8.49"}, {"title": "Kisses, Dark Chocolate Candy, 10 Oz", "tags": "Hershey's Easter Chocolate Candy and Treats Dish Ghirardelli Halloween Dark Kisses Premium Bars & Bags", "relevancy_score": 304.5413855670103, "price": "$3.48"}, {"title": "Red Hots Cinnamon Candy Bag, 10 Oz", "tags": "Children's Party Hershey's Easter Chocolate Candy and Treats Gummy Office Shop All Summer Sweets", "relevancy_score": 280.21897528089886, "price": "$3.29"}, {"title": "Kit Kat Duos, Mint and Dark Chocolate Standard Candy Bar, 1.5 oz", "tags": "Hershey's Easter Chocolate Candy and Treats Cold Packed Granola Bars Fiber One Breakfast & Snack Food Coloring New Year You Shop All Groceries", "relevancy_score": 388.62377142857144, "price": "$47.02"}, {"title": "SWEDISH FISH Mini Tropical Soft & Chewy Candy, 12 - 8 oz Bags", "tags": "Gummy Candy Movie Night Foods and Drinks Shop All Fat Free Food Easter Dish New Year's Eve Party Spread Halloween Basket", "relevancy_score": 17.718023529411763, "price": "$31.88"}, {"title": "Otter Pops 100ct 1oz Assorted Freezer Pops", "tags": "Children's Party Hershey's Easter Chocolate Candy and Treats Summer Grilling Beverages Jolly Rancher All New Food Wholesale Sweets", "relevancy_score": 200.08766753246755, "price": "$8.67"}, {"title": "Butterfinger Bites, 3.5 OZ", "tags": "Shop All Cold Packed Chocolates Chocolate Bars Ferrara Ferrero Mocha Mix Christmas Candy Milk Groceries", "relevancy_score": 5.142038709677419, "price": "$6.99"}, {"title": "KIND Protein Bars, Double Dark Chocolate Nut, Gluten Free, 12g Protein - 1.76oz, 5 Snack Bars", "tags": "Attractants and Scent Eliminators Bike Supplements Mississippi State Bulldogs T-Shirts Swimming Paddles Filtration Bottles & Accessories Texas Tech Red Raiders Bath Kitchen Dice", "relevancy_score": 0.0, "price": "$18.69"}, {"title": "Dum-Dums Flat Shape Flavor Fusion Lollipops Bag, 14 Oz", "tags": "Children's Party Hard Candy Office Lollipops & Suckers Halloween Trick or Treat All", "relevancy_score": 20.518023529411764, "price": "$3.68"}, {"title": "Lilys 40% Cocoa Milk Chocolate Style Hazelnut 2.8 oz", "tags": "Shop All Cold Packed Chocolates Premium Chocolate & Truffles Bars Bags Gifting Gluten Free Food", "relevancy_score": 6.2752, "price": "$3.48"}, {"title": "Swedish Fish Ff 8oz", "tags": "Gummy Candy Movie Night Foods and Drinks Shop All Fat Free Food Easter Dish New Year's Eve Party Spread Halloween Basket", "relevancy_score": 46.1008, "price": "$1.88"}, {"title": "Ghirardelli Dark Chocolate Squares Assortment \u2013 14.86 oz.", "tags": "Candy Dish Premium Chocolate & Truffles Shop All Dark Bars Bags Gifting Easter", "relevancy_score": 140.2016, "price": "$10.18"}, {"title": "Lily's Milk Chocolate Peanut Butter Cup Pouch, 3.2 Oz", "tags": "Shop All Cold Packed Chocolates Premium Chocolate & Truffles Bars Bags Gifting", "relevancy_score": 24.62902857142857, "price": "$4.98"}, {"title": "Brach's Sourlicious Assorted Candy Bag, 40 Oz (140 Pieces)", "tags": "Gummy Candy Brach's Office Easter Egg Hunt Halloween Trick or Treat Wholesale All", "relevancy_score": 75.4512, "price": "$8.44"}, {"title": "Reese's Miniature Peanut Butter Cups Candy Assortment Party Pack, 32.1 Oz.", "tags": "Hershey's Easter Chocolate Candy and Treats Reese's Shop All Halloween Cold Packed Groceries", "relevancy_score": 195.76853333333332, "price": "$9.98"}, {"title": "Green & Black's, Organic 85% Dark Chocolate Bar, 3.17 Oz, (Pack of 10)", "tags": "Shop All Cold Packed Chocolates Premium Chocolate & Truffles Bars Dark Bags Gifting", "relevancy_score": 262.51168192771087, "price": "$28.86"}, {"title": "Hershey's, Kisses Chocolate Candy Assortment, 31.5 Oz.", "tags": "Hershey's Easter Chocolate Candy and Treats Dish Shop All Valentine's Day Halloween Basket", "relevancy_score": 106.04434285714285, "price": "$8.98"}, {"title": "Extra Classic Bubble Sugar Free Gum, 15 Stick Pack", "tags": "Shop All Chewing Gum Sugar Free Food Extra Sugar-Free Snacks Wrigley Wholesale Candy Trident", "relevancy_score": 1103.9314285714286, "price": "$1.00"}, {"title": "Toffifay A Whole Hazelnut, Caramel, Hazelnut Cream and Chocolate Box, 8.8 Oz.", "tags": "Candy Dish Premium Chocolate & Truffles Dark Easter Egg Hunt Gifting Basket Milk", "relevancy_score": 13976.861064114833, "price": "$5.48"}, {"title": "Atomic Fireball Cinnamon Hard Bulk Candy 65 Oz (240 Count)", "tags": "Children's Party Jolly Rancher Office Candy Ferrara Halloween Trick or Treat Wholesale Hershey's Summer Sweets", "relevancy_score": 1329.3798153846155, "price": "$9.44"}, {"title": "Assorted Candy and Toys Pinata Filler, 2 lbs", "tags": "Pinata Fillers Themed Pinatas Birthday Party Favors Character Large Favor Kits", "relevancy_score": 127.70643809523808, "price": "$6.47"}, {"title": "Chupa Chups Cremosa Pops Ice Cream 40 count bag lollipop suckers, 2 assorted creamy flavors", "tags": "Children's Party Dum Dums Hard Candy Office All New Food Halloween Trick or Treat", "relevancy_score": 78.33154782608695, "price": "$5.00"}, {"title": "Trident Cinnamon Sugar Free Gum, 12 Packs of 14 Pieces (168 Total Pieces)", "tags": "Shop All Chewing Gum Bubble Sugar Free Food Sugar-Free Snacks Wrigley Xylitol Ice Breakers Hershey's Candy", "relevancy_score": 208.36853333333335, "price": "$9.98"}, {"title": "Goetze Original Caramel Creams, 12 Oz.", "tags": "Werther's Originals Gummy Candy Chocolate Chips Brach's Shop All Halloween Trick or Treat", "relevancy_score": 345.1570113207547, "price": "$2.68"}, {"title": "Darrell Lea Soft Eating Original Flavor Liquorice, 7 Oz.", "tags": "Hershey's Easter Chocolate Candy and Treats Red Vines Twizzlers Yum Earth Summer Sweets Licorice All Halloween", "relevancy_score": 54.058057142857145, "price": "$7.97"}, {"title": "Lik-m-aid Fun Dip Cherry Yum, Diddly Dip, & Razz Apple Magic Dip, 3.01 Oz.", "tags": "", "relevancy_score": 0.0, "price": "$0.98"}, {"title": "Hershey's, Halloween Miniatures Candy Assortment, 36 Oz.", "tags": "Halloween Chocolate Hershey's Candy Easter Egg Hunt Dish All Basket", "relevancy_score": 141.3642847457627, "price": "$9.94"}, {"title": "Haribo Gold-Bears Gummi Candies, 3.4 Oz.", "tags": "Shop All Cold Packed Chocolates Gummy Candy Granola Bars Albanese Haribo Wholesale", "relevancy_score": 21.62902857142857, "price": "$5.99"}, {"title": "Red Vines Jumbo Black Licorice Twists, 8oz Bag", "tags": "Children's Party Twizzlers Hershey's Candy Office Shop All Summer Sweets Licorice", "relevancy_score": 174.21811891891892, "price": "$2.96"}, {"title": "PIXY STIX Candy Filled Fun Straws Packs, 0.42 Oz (85 Count)", "tags": "Children's Party Caramels & Taffys Office Candy Lollipops Suckers Halloween Trick or Treat Wholesale Classroom and Treats", "relevancy_score": 317.94138556701034, "price": "$16.44"}, {"title": "Reese's, Peanut Butter & Chocolate Snack Size Assortment Candy, 31.56 Oz", "tags": "Hershey's Easter Chocolate Candy and Treats Shop All Cold Packed Chocolates Halloween Granola Bars Groceries", "relevancy_score": 33.03303783783783, "price": "$9.98"}, {"title": "Fun Dip Cherry & RazzApple Candy Variety Pack, 0.43 Oz (48 Count)", "tags": "Children's Party Office Candy Lollipops & Suckers Halloween Trick or Treat Classroom and Treats All", "relevancy_score": 21.62902857142857, "price": "$6.99"}, {"title": "Taylors Candy Butterscotch Hard Candy 9 oz.", "tags": "Children's Party Caramels & Taffys Brach's Candy Office Shop All Halloween Trick or Treat Wholesale", "relevancy_score": 115.48572631578948, "price": "$2.41"}, {"title": "Hershey's Milk Chocolate Hot Cocoa Mix, 6 ct - Packets, 5.29 oz Box", "tags": "Cocoa Powder National Hot Chocolate Day Nestle Boxes New Pods Swiss Miss", "relevancy_score": 122.52568275862068, "price": "$2.93"}, {"title": "Hershey's, Popped Snack Mix, 8 Oz.", "tags": "All Cookies Shop Chex Mix Snack Mixes Hershey's Snacks", "relevancy_score": 118.16428474576271, "price": "$3.99"}, {"title": "M&M'S MINIS Milk Chocolate Candy Tube, 1.08 oz.", "tags": "Cold Packed Mars Chocolates Reese's Shop All Chocolate Halloween Marshmallows M&M's Boxes Wholesale Candy", "relevancy_score": 5197.884408633093, "price": "$7.46"}, {"title": "Airheads Xtremes Rainbow Berry Sour Belts Candy, 36 Oz., 18 Count", "tags": "Children's Party Caramels & Taffys Office Candy Halloween Trick or Treat Wholesale Sour Classroom and Treats", "relevancy_score": 390.2913100917431, "price": "$11.22"}, {"title": "Reese's Take5, 5 Layer Candy Bars Box, 1.5 Oz., 18 Ct.", "tags": "Hershey's Easter Chocolate Candy and Treats Cold Packed Halloween Bars Milk Shop All Groceries", "relevancy_score": 120.88572631578948, "price": "$13.84"}, {"title": "Nerds Guava/Mango Chile & Laffy Taffy Guava/Pineapple Halloween Candy Variety Pack, 40 Oz (90 Count", "tags": "Children's Party Hard Candy Office Easter Egg Hunt Halloween Trick or Treat Brach's All", "relevancy_score": 19.718023529411763, "price": "$9.94"}, {"title": "Laffy Taffy Sour Apple, Cherry, Strawberry & Banana Assorted Minis Candy Tub, 0.34 Oz (145 Count)", "tags": "Children's Party Caramels & Taffys Office Candy Shop All Halloween Trick or Treat Brach's Easter Classroom and Treats", "relevancy_score": 504.8528690647482, "price": "$11.97"}, {"title": "Trident Watermelon Twist Sugar Free Gum, 12 Packs of 14 Pieces (168 Total Pieces)", "tags": "Shop All Chewing Gum Bubble Sugar Free Food Sugar-Free Snacks Wrigley Xylitol Ice Breakers Hershey's Candy", "relevancy_score": 119.55697777777779, "price": "$7.90"}, {"title": "Nerds Gummy Clusters Candy Theater Box, 3oz (12ct)", "tags": "", "relevancy_score": 0.0, "price": "$11.99"}, {"title": "Muddy Bears 5oz/12ct", "tags": "Gluten-Free Foods Shop All Cold Packed Chocolates Gummy Candy Movie Night and Drinks Black Forest Groceries", "relevancy_score": 15.40029090909091, "price": "$1.98"}, {"title": "Kinder Joy Cocoa Sweet Cream Wafer Bites, 4.2 Oz., 6 Ct.", "tags": "Hershey's Easter Chocolate Candy and Treats Markdown Shop All Egg Hunt Wholesale Dish Basket Milk", "relevancy_score": 242.752, "price": "$6.98"}, {"title": "Twizzlers Pull 'n' Peel and Jolly Rancher, Assorted Chewy Candy, 51.9 Oz.", "tags": "Hard Candy Hershey's Halloween Office Shop All Trick or Treat Wholesale Summer Sweets Licorice", "relevancy_score": 31.633037837837843, "price": "$8.98"}, {"title": "Trident Vibes Spearmint Rush Sugar Free Gum, 6 Bottles of 40 Pieces (240 Total Pieces)", "tags": "Shop All Chewing Gum Sugar Free Food Orbit Sugar-Free Snacks Wrigley Xylitol Ice Breakers Hershey's Candy", "relevancy_score": 35.833037837837836, "price": "$14.97"}, {"title": "Spry, Dental Defense, Xylitol Spearmint Chewing Gum, 100 Pcs", "tags": "Shop All Chewing Gum Bubble Sugar Free Food Mentos Sugar-Free Snacks Wrigley New Year You Trident", "relevancy_score": 265.08485517241377, "price": "$7.96"}, {"title": "Black Forest Organic Gummy Bears Bag, 8 Oz", "tags": "All Fruit Snacks Gummy Worms Candy Bears Shop Halloween Trick or Treat Top-selling", "relevancy_score": 204.78766753246754, "price": "$3.72"}, {"title": "Zero, White Fudge Almond Nougat King Size Candy Bar Box, 3.4 Oz, 12 Ct.", "tags": "Halloween Chocolate Bars Hershey's Candy Boxes Wholesale All Milk", "relevancy_score": 55.25805714285714, "price": "$15.09"}, {"title": "Now & Later Original Mix Candy Tub, 90 Oz (150 Count)", "tags": "Hard Candy Gummy Caramels & Taffys Office Halloween Trick or Treat Wholesale Brach's Easter", "relevancy_score": 176.33161791044776, "price": "$10.98"}, {"title": "Orbit Bubblemint Sugar Free Bulk Chewing Gum, 14 pc, 12 ct", "tags": "Shop All Chewing Gum Bubble Sugar Free Food Sugar-Free Snacks Wrigley Ice Breakers Wholesale Candy Trident", "relevancy_score": 735.1042793650794, "price": "$10.30"}, {"title": "Trolli Sour Lovers Assorted Gummy Candy Variety Bag, 2.25 Lb", "tags": "Children's Party Gummy Candy Office Easter Egg Hunt Halloween Trick or Treat Sour Classroom and Treats", "relevancy_score": 55.08134634146342, "price": "$7.64"}, {"title": "Wonka Nerds Rainbow Rope Chewy, Crunchy Candy, 0.92oz (Box of 24)", "tags": "", "relevancy_score": 5.142038709677419, "price": "$18.88"}, {"title": "Dum Dums Color Party Lolipops, Blue, Blueberry Flavor, 12.8 oz, 75 Count Bag", "tags": "Children's Party Hard Candy Caramels & Taffys Office Lollipops Suckers Halloween Trick or Treat Sour", "relevancy_score": 63.7312, "price": "$5.47"}, {"title": "Black Forest Fruity Duos Fruit Snacks Pouches, 0.8 Oz (40 Count)", "tags": "All Fruit Snacks Gummy Candy Black Forest Bears New Bulk Organic Top-selling", "relevancy_score": 89.76128, "price": "$7.91"}, {"title": "Smarties Original Giant Candy Rolls, 2 Lb (36 Pieces)", "tags": "Hard Candy Office Lollipops & Suckers Halloween Trick or Treat Wholesale Classroom and Treats All", "relevancy_score": 117.15697777777777, "price": "$13.99"}, {"title": "Reese's Halloween Peanut Butter Pumpkins (38 oz.)", "tags": "", "relevancy_score": 140.9064380952381, "price": "$22.98"}, {"title": "Nerds Rainbow Rope Candy, 0.92 Oz (24 Count)", "tags": "Children's Party Hard Candy Office Halloween Trick or Treat Wholesale Sour Classroom and Treats", "relevancy_score": 173.87095384615384, "price": "$18.88"}, {"title": "Reese's Fast Break, Peanut Butter & Nougat Milk Chocolate Candy Bar Box, 1.8 Oz., 18 Ct.", "tags": "Hershey's Easter Chocolate Candy and Treats Cold Packed Halloween Bars Wholesale Milk", "relevancy_score": 156.37095384615384, "price": "$14.18"}, {"title": "Hershey's Cookies n Cr\u00e8me, Standard Candy Bar Box, 1.55 oz, 36 Ct.", "tags": "Shop All Cold Packed Chocolates Hershey's Chocolate Halloween Bars Candy Boxes Milk Groceries", "relevancy_score": 365.06865794392525, "price": "$27.63"}, {"title": "Sweetarts Mini Chewy Candy Canister, 51 Oz", "tags": "Gummy Candy Albanese Caramels & Taffys Office Halloween Trick or Treat Wholesale Sour", "relevancy_score": 116.44434285714286, "price": "$14.96"}, {"title": "Claey's Fat-Free Old Fashioned Lemon Drops Hard Candies, 6 Oz.", "tags": "Sugar Free Candy Jolly Rancher Ginger Office Wholesale Hershey's Summer Sweets Licorice", "relevancy_score": 71.29264680851063, "price": "$1.79"}, {"title": "Ice Breakers Ice Cubes Gum, Cinnamon, 3.24 oz (Pack of 6)", "tags": "Shop All Chewing Gum Sugar Free Food Sugar-Free Snacks Mints Ice Breaker Hershey's Candy", "relevancy_score": 74.96773333333333, "price": "$17.38"}, {"title": "Boys Birthday Pinata Filler, Assorted, 3lb", "tags": "Pinatas & Balloons Themed Birthday Party Decorations Favors Character Pull String", "relevancy_score": 46.8312, "price": "$9.47"}, {"title": "Gin Gins, Ginger Spice Drops Candy, 3.5 Oz", "tags": "Children's Party Hard Candy Gummy Brach's Office Lollipops & Suckers Wholesale", "relevancy_score": 98.51082264150944, "price": "$3.93"}, {"title": "Coconut Collaborative Chocolate Dessert Pots 4pk", "tags": "Hershey's Easter Chocolate Candy and Treats Shop All Cold Packed Chocolates Halloween Basket Milk Groceries", "relevancy_score": 4.142038709677419, "price": "$20.99"}, {"title": "Kinder Joy Cocoa Sweet Cream Wafer Bites, 4.2 Oz., 15 Ct.", "tags": "Halloween Chocolate Cadbury Easter Egg Hunt Candy Wholesale Dish New Year's Eve Party Spread Basket Milk", "relevancy_score": 40.92698947368421, "price": "$28.99"}, {"title": "Stephen's Gourmet Mint Truffle Hot Cocoa, 40 oz", "tags": "Peppermint & Winter Holiday Cocoa Powder Specialty Cadbury Chocolate Mint Candy Nestle Hot Cacao", "relevancy_score": 93.76128, "price": "$11.00"}, {"title": "Trolli Sour Brite Crawlers Original, Very Berry & Tropical Variety Treat Packs Candy, 30 Count", "tags": "", "relevancy_score": 1.1420387096774194, "price": "$9.99"}, {"title": "SweetGourmet Old-Fashioned Candy | Nik-L-Nip Filled Chew Wax Bottles | Bulk Unwrapped Kosher | 14oz", "tags": "Shop All Chocolate Gummy Candy Office Classroom and Treats", "relevancy_score": 45.18134634146342, "price": "$10.99"}, {"title": "Original Gourmet, Original & Cream Lollipops, 9.25 Oz, 25 Ct", "tags": "Tootsie Roll Children's Party Dum Dums Office Candy Lollipops & Suckers Halloween Trick or Treat All", "relevancy_score": 85.76128, "price": "$3.84"}, {"title": "KIND Bark Dark Chocolate & Roasted Peanuts, 3.6-Ounce Bag", "tags": "Premium Chocolate & Truffles Shop All Bars KIND Ghirardelli Dark Bags", "relevancy_score": 166.87095384615384, "price": "$3.58"}, {"title": "Ginger Chews Original", "tags": "Shop All Chewing Gum Hard Candy Gummy Snacks Single Herbs & Spices Non GMO Food", "relevancy_score": 762.7257846153846, "price": "$5.85"}, {"title": "Office Snax, All Tyme Assorted Bulk Candy Mix, 10 Lb", "tags": "Children's Party Halloween Chocolate Hard Candy Office Easter Egg Hunt Trick or Treat All", "relevancy_score": 139.26061176470589, "price": "$45.12"}, {"title": "Claey's Peppermint Hard Candy, 6 Oz.", "tags": "Shop All Mints Brach's Candy Office Wholesale Licorice", "relevancy_score": 147.9376918032787, "price": "$1.25"}, {"title": "Trolli Very Berry Sour Brite Crawlers Gummy Worms Bag, 28 Oz", "tags": "Gummy Worms Candy Caramels & Taffys Shop All Halloween Trick or Treat Wholesale Sour", "relevancy_score": 25.62902857142857, "price": "$6.46"}, {"title": "Assortment of Chocolate Halloween Candy (5.6 lb Bag)", "tags": "Reese's Halloween Chocolate Easter Egg Hunt Candy Trick or Treat All Basket Milk", "relevancy_score": 20.518023529411764, "price": "$39.99"}, {"title": "Airheads Candy Individually Wrapped Bars, Cherry, 36 Count", "tags": "Children's Party Hard Candy Caramels & Taffys Office Halloween Trick or Treat Wholesale Classroom and Treats", "relevancy_score": 35.833037837837836, "price": "$8.06"}, {"title": "Original Gourmet Original Lollipops, 1.1 oz, 48 count", "tags": "Tootsie Roll Children's Party Office Candy Lollipops & Suckers Halloween Trick or Treat Wholesale Hershey's Summer Sweets", "relevancy_score": 143.2016, "price": "$20.00"}, {"title": "Canel's Assorted Flavors Chewing Gum Display, 0.17 oz", "tags": "Children's Party Bubble Gum Sugar Free Food Sugar-Free Snacks Wrigley Wholesale Candy Trident Chewing", "relevancy_score": 40.92698947368421, "price": "$2.38"}, {"title": "Office Snax, Soft & Chewy Candy Mix, 10 Lb", "tags": "Children's Party Halloween Chocolate Hard Candy Office Easter Egg Hunt Trick or Treat All", "relevancy_score": 39.1008, "price": "$46.45"}, {"title": "Tic Tac Gum, Spearmint (Pack of 12)", "tags": "Shop All Chewing Gum Tic Tac Mints Bubble Sugar-Free Snacks Wrigley Wholesale Candy Trident", "relevancy_score": 46.01612307692308, "price": "$16.23"}, {"title": "5 Gum Sugar Free Peppermint Cobalt Chewing Gum, 35 Sticks (6 Pack)", "tags": "Shop All Chewing Gum Sugar Free Food Extra Orbit Sugar-Free Snacks Wrigley Wholesale Candy Trident", "relevancy_score": 251.23062857142855, "price": "$12.55"}, {"title": "ICE BREAKERS ICE CUBES ARCTIC GRAPE Sugar Free Gum, 40 Pieces, 3.24 Ounces, 6 Count", "tags": "Shop All Chewing Gum Sugar Free Food Sugar-Free Snacks Mints Ice Breaker Hershey's Candy", "relevancy_score": 141.73919999999998, "price": "$14.97"}, {"title": "Vidal Gummi Pineapple Rings, 3.5 oz", "tags": "Dried Fruits Food to Live Tropical Cranberries Mango All Fruit Types Dates Organic", "relevancy_score": 0.0, "price": "$0.98"}, {"title": "Dang Bar Chocolate Sea Salt, 1.4 Oz.", "tags": "Shakes All Chips Keto Snacks Chocolate Bars Plant Based On-The-Go Home Workout and Beverages", "relevancy_score": 5.142038709677419, "price": "$3.62"}, {"title": "Chuckles Jelly Candy Packs, 2 Oz (24 Count)", "tags": "Children's Party Hard Candy Caramels & Taffys Office Halloween Trick or Treat Classroom and Treats All", "relevancy_score": 117.00145454545454, "price": "$16.92"}, {"title": "Caramel Trio XL Bag", "tags": "Candy Dish Shop All Premium Chocolate Ghirardelli Dark Bars & Bags Valentine's Day and Mother's Gift Baskets Boxed Gifts", "relevancy_score": 0.0, "price": "$10.18"}, {"title": "Airheads Candy Individually Wrapped Bars, White Mystery, 36 Count", "tags": "Children's Party Hard Candy Caramels & Taffys Office Halloween Trick or Treat Wholesale Classroom and Treats", "relevancy_score": 25.62902857142857, "price": "$7.77"}, {"title": "Canel's, Pinata Party Candy & Gum Mix, 80 Oz.", "tags": "Pinatas & Balloons Themed Birthday Party Decorations Favors Character All Toys and Novelty", "relevancy_score": 59.8312, "price": "$11.64"}, {"title": "General Mills, Jolly Rancher Breakfast Cereal, Fruity Cereal, Family Size 18.7 oz.", "tags": "New Cereal from General Mills All Kids' Kellogg's Cereals Shop", "relevancy_score": 211.8491294117647, "price": "$6.91"}, {"title": "Hershey's, Chocolate Standard Bars Candy Variety Pack, 18 Ct.", "tags": "Hershey's Easter Chocolate Candy and Treats Shop All Cold Packed Chocolates Halloween Bars", "relevancy_score": 478.5792, "price": "$13.24"}, {"title": "Now and Later Shell Shocked Chewy Candy Bag, 7.25 Oz", "tags": "Children's Party Gummy Candy Caramels & Taffys Office Halloween Trick or Treat Brach's Easter Sour", "relevancy_score": 14.518023529411764, "price": "$5.67"}, {"title": "Endangered Species Chocolate Bar Owl, 3 Oz", "tags": "Premium Chocolate & Truffles Shop All Halloween Bars Ghirardelli Lindt Bags Gifting", "relevancy_score": 65.80101818181818, "price": "$6.84"}, {"title": "Spry, Dental Defense, Xylitol Peppermint Chewing Gum, 100 Pcs", "tags": "Shop All Chewing Gum Bubble Sugar Free Food Sugar-Free Snacks Wrigley New Year You Trident", "relevancy_score": 334.3081411764706, "price": "$8.63"}, {"title": "Mentos Pure Fresh Gum, Watermelon, Sugar Free, 50 Pieces (Pack of 6)", "tags": "Shop All Chewing Gum Bubble Sugar Free Food Sugar-Free Snacks Wrigley Xylitol Ice Breakers Trident", "relevancy_score": 35.833037837837836, "price": "$13.50"}, {"title": "barkTHINS, Dark Chocolate Pretzel with Sea Salt, 10 Oz.", "tags": "Shop All Premium Chocolate Bars Hershey's Halloween Candy Dark & Bags Holiday Gifting", "relevancy_score": 26.216123076923076, "price": "$10.70"}, {"title": "Laffy Taffy Blue Raspberry Candy Tub, 0.34 Oz (145 Count)", "tags": "Gummy Candy Caramels & Taffys Office Shop All Halloween Trick or Treat Wholesale Classroom and Treats", "relevancy_score": 17.718023529411763, "price": "$11.97"}, {"title": "Hershey's, Milk Chocolate with Reese's Pieces Standard Candy Bar Box, 1.55 Oz., 36 Ct.", "tags": "Hershey's Easter Chocolate Candy and Treats Shop All Cold Packed Chocolates Halloween Bars", "relevancy_score": 17.718023529411763, "price": "$20.11"}, {"title": "PEZ Candy 6-pack Assorted Fruit Candy Rolls, box of 12 packs", "tags": "Children's Party Pez Candy Hard Office Lollipops & Suckers Wholesale Sour", "relevancy_score": 21.62902857142857, "price": "$14.99"}, {"title": "Breath Savers Breath Mints, Spearmint, 0.75 oz (Pack of 24)", "tags": "Shop All Chewing Gum Sugar-Free Snacks Mints Ice Breaker Breakers Hershey's Candy", "relevancy_score": 31.633037837837843, "price": "$17.49"}, {"title": "Laffy Taffy Cherry Candy, 0.34oz (145 Count)", "tags": "Trolli Caramels & Taffys Shop All Candy Halloween Trick or Treat Wholesale Sour Classroom and Treats", "relevancy_score": 28.93386666666667, "price": "$8.94"}, {"title": "Quench Gum, Team Sports Bucket, Assorted Gum Flavors, 200 Count", "tags": "Children's Party Shop All Chewing Gum Mentos Wrigley Caramels & Taffys Wholesale Candy Trident", "relevancy_score": 40.1008, "price": "$15.00"}, {"title": "Gin Gins, Double Strength Hard Ginger Candy, 4.5 Oz", "tags": "Children's Party Hard Candy Gummy Brach's Office Lollipops & Suckers Wholesale", "relevancy_score": 24.62902857142857, "price": "$7.80"}, {"title": "Black Forest Fruit Snacks, Berry Medley, 40 ct, 0.8 oz", "tags": "All Fruit Snacks Gummy Candy Black Forest Bears New Bulk Organic Top-selling", "relevancy_score": 22.62902857142857, "price": "$13.12"}, {"title": "Hot Tamales, Fierce Cinnamon, XXL BAG  54 oz", "tags": "Hard Candy Shop All Mints Skittles Hershey's Office", "relevancy_score": 694.8440275862068, "price": "$16.99"}, {"title": "M&M's Milk Chocolate Peanut Candy, 62 Ounce Jar", "tags": "Shop All Cold Packed Chocolates Mars Halloween Chocolate Super Bowl Candy M&M's Wrigley Milk Groceries", "relevancy_score": 6201.103203028009, "price": "$21.51"}, {"title": "Nerds Grape & Strawberry Candy Laydown Bag, 12 oz", "tags": "Hard Candy Office Nerds Halloween Trick or Treat Wholesale Classroom and Treats All", "relevancy_score": 40.92698947368421, "price": "$8.14"}, {"title": "Gin Gins, Super Strength Ginger Candy, 4.5 Oz", "tags": "Children's Party Hard Candy Gummy Office Lollipops & Suckers Ginger Tea Harney and Sons", "relevancy_score": 28.83303783783784, "price": "$6.59"}, {"title": "Hershey's, All Time Greats Snack Size Candy Assortment, 38.9 Oz.", "tags": "Children's Party Hershey's Easter Chocolate Candy and Treats Halloween Egg Hunt Dish Basket", "relevancy_score": 380.52044590163933, "price": "$16.26"}, {"title": "Green & Black's, Organic Almond Milk Chocolate Bar, 3.17 Oz, (Pack of 10)", "tags": "Shop All Cold Packed Chocolates Premium Chocolate & Truffles Bars White Dark Bags", "relevancy_score": 20.518023529411764, "price": "$28.88"}]