[{"title": "Ghirardelli Caramel Premium Sauce, 17 Oz.", "tags": "Syrups & Sweeteners Frosting, Toppings Decorations Sugar-Free Food Essentials Snacks Large Dessert Cakes Ghirardelli Chocolate Flavored Syrup Hershey Baking", "relevancy_score": 406.5552842105263, "price": "$3.98"}, {"title": "(100 Packets) Stevia in the Raw Zero Calorie Sweetener", "tags": "Stevia Sweeteners Better For You Food Essentials Paleo Low Calorie Foods Keto Sugar Free All and", "relevancy_score": 1062.0281846153846, "price": "$4.47"}, {"title": "(2 pack) Betty Crocker Delights Triple Chunk Supreme Brownie Mix, 17.8 oz Box", "tags": "Frosting, Toppings & Decorations Valentine's Day Baking All Mixes Betty Crocker Game Time Restock Dessert Cake", "relevancy_score": 923.5820184100419, "price": "$3.96"}, {"title": "(2 Pack) Pillsbury Best Bread Flour, 5-Pound", "tags": "Yeast No Sugar Foods Baking Restock Low Sodium Plant Based Needs Kosher All Flours & Meals Gluten Free Flour", "relevancy_score": 1362.425361755486, "price": "$5.90"}, {"title": "Great Value Ground Black Pepper, 6 oz", "tags": "Creamers & Sweeteners Snacks Candy Beverages Dish Cleaning Coffee, K Cups, Teabags Pens Refills Quick Meals Business Calculators", "relevancy_score": 1304.8997528239202, "price": "$5.98"}, {"title": "(2 Pack) Great Value Pure Cane Sugar, 4 lb", "tags": "Oil & Shortening Gluten-Free Foods Baking Restock Low Sodium Vegan Kosher All Flours Meals", "relevancy_score": 7856.674954058722, "price": "$4.58"}, {"title": "(4 Pack) Betty Crocker Original Rainbow Chip Frosting, 16 oz", "tags": "Valentine's Day Baking All Mixes Betty Crocker Game Time Dessert Birthday Cake Mix Easter", "relevancy_score": 766.174752542373, "price": "$8.88"}, {"title": "(2 Pack) Great Value Vegetable Oil, 48 fl oz", "tags": "Gluten-Free Foods Cooking Oils Baking Restock Gluten Free Low Sodium Vegan", "relevancy_score": 3637.483477957659, "price": "$4.00"}, {"title": "McCormick All Natural Pure Vanilla Extract, 1 fl oz", "tags": "Extracts & Flavorings Gluten-Free Foods Vanilla Extract All Pantry Clearance and Deals Baking Restock Gluten Free Vegan Non GMO Food", "relevancy_score": 574.8367677852349, "price": "$5.84"}, {"title": "(1 Box) Jiffy Corn Muffin Mix, 8.5 Oz.", "tags": "Gluten-Free Foods All Fresh Fruit Baking Mixes Bananas Kid's Breakfast Snack Crackers", "relevancy_score": 2922.739480877743, "price": "$0.47"}, {"title": "Ghirardelli Caramel Premium Sauce, 17 Oz.", "tags": "Syrups & Sweeteners Frosting, Toppings Decorations Sugar-Free Food Essentials Snacks Large Dessert Cakes Ghirardelli Chocolate Flavored Syrup Hershey Baking", "relevancy_score": 406.5552842105263, "price": "$3.98"}, {"title": "(100 Packets) Stevia in the Raw Zero Calorie Sweetener", "tags": "Stevia Sweeteners Better For You Food Essentials Paleo Low Calorie Foods Keto Sugar Free All and", "relevancy_score": 1062.0281846153846, "price": "$4.47"}, {"title": "McCormick Classic Ground Black Pepper, Large Size, 3 oz", "tags": "Creamers & Sweeteners Snacks Candy Beverages Dish Cleaning Coffee, K Cups, Teabags Pens Refills Quick Meals Business Calculators", "relevancy_score": 2785.342785185185, "price": "$3.18"}, {"title": "Crisco All-Vegetable Shortening, 48-Ounce", "tags": "Gluten-Free Foods Cooking Oils Easter Condiments & Sauces Baking Restock Gluten Free Low Sodium Vegan Kosher", "relevancy_score": 923.9596521739129, "price": "$5.58"}, {"title": "PAM Original Cooking Spray 10 Ounce Twin Pack", "tags": "Cooking Oils No Sugar Foods Olive Easter Condiments & Sauces Gluten Free Low Calorie Sodium Vegan", "relevancy_score": 1003.5698051282052, "price": "$7.58"}, {"title": "Great Value Vegetable Oil, 1 gal", "tags": "Gluten-Free Foods Cooking Oils Easter Condiments & Sauces Baking Restock White Vinegar Gluten Free Low Sodium Kosher", "relevancy_score": 3225.158724108416, "price": "$4.44"}, {"title": "Great Value Superfine Blanched Almond Flour, 2 Lb", "tags": "Sugar-Free Food Essentials No Sugar Foods Free Almond Flour Paleo Low Calorie All Flours & Meals Gluten", "relevancy_score": 1152.484156701031, "price": "$10.98"}, {"title": "Great Value Chopped Pecans, 16 oz", "tags": "High Protein Snacks All Nuts, Trail Mix,& Seeds Nuts Dried Fruits and Healthy Walnuts Pecans", "relevancy_score": 291.0357333333333, "price": "$9.48"}, {"title": "(2 pack) Great Value Pure Granulated Sugar, 10 lbs", "tags": "Gluten-Free Foods Baking Restock Gluten Free Low Sodium All Sugar and Sweeteners Kosher Flours & Meals", "relevancy_score": 4076.9074951871658, "price": "$9.88"}, {"title": "(3 Pack) Great Value Original Cooking Spray, 8 ounces", "tags": "Condiments Cooking Oils No Sugar Foods Easter & Sauces Low Calorie Sodium Vegan Kosher", "relevancy_score": 1555.1741333333334, "price": "$4.37"}, {"title": "Ghirardelli Caramel Premium Sauce, 17 Oz.", "tags": "Syrups & Sweeteners Frosting, Toppings Decorations Sugar-Free Food Essentials Snacks Large Dessert Cakes Ghirardelli Chocolate Flavored Syrup Hershey Baking", "relevancy_score": 406.5552842105263, "price": "$3.98"}, {"title": "(100 Packets) Stevia in the Raw Zero Calorie Sweetener", "tags": "Stevia Sweeteners Better For You Food Essentials Paleo Low Calorie Foods Keto Sugar Free All and", "relevancy_score": 1062.0281846153846, "price": "$4.47"}, {"title": "(3 Pack) Baker's Joy The Original No-Stick Baking Spray with Flour, 5 oz", "tags": "Cooking Oils No Sugar Foods Easter Meal Low Calorie Baking Sodium Vegan", "relevancy_score": 633.5206243902439, "price": "$6.98"}, {"title": "(2 Pack) Pillsbury Banana Quick Bread & Muffin Mix, 14 oz", "tags": "Valentine's Day Baking All Mixes Betty Crocker Dessert Easter Brunch Banana Bread Cake", "relevancy_score": 408.19590508474573, "price": "$5.31"}, {"title": "Krusteaz Gluten Free Light & Fluffy Buttermilk Pancake Mix 16 oz. Box", "tags": "Pancake & Waffle Mix National Day All Baking Mixes Dessert Krusteaz Easter Brunch Gluten-Free Food Staples", "relevancy_score": 376.8446796460177, "price": "$3.84"}, {"title": "(2 Pack) Wesson Pure Canola Oil, 48 Fl Oz", "tags": "Cooking Oils Olive Condiments Restock Easter & Sauces Baking Gluten Free Foods Vegan Kosher", "relevancy_score": 387.31170909090906, "price": "$5.96"}, {"title": "(2 pack) Krusteaz Honey Cornbread and Muffin Mix, 15 oz", "tags": "All Pancake & Waffle Mixes Baking Cornbread Game Time Restock Dessert Easter Brunch", "relevancy_score": 539.4049333333334, "price": "$5.62"}, {"title": "(2 pack) Great Value Organic Unsweetened Coconut Flakes, 7 oz", "tags": "Organic Foods Coconut Milk All Nuts, Trail Mix,& Seeds Dried Fruits and Vegetables Food Essentials Baking Restock Ingredients Healthy Snacks", "relevancy_score": 772.0601583756345, "price": "$4.48"}, {"title": "(2 Pack) Crisco Pure Vegetable Oil, 48-Fluid Ounce", "tags": "Cooking Oils Olive Condiments Restock Easter & Sauces Baking Vegan Foods All Salt, Spices Seasoning", "relevancy_score": 929.8518026431719, "price": "$5.96"}, {"title": "(2 pack) Great Value Organic Garlic Powder, 2.5 oz", "tags": "Organic Foods All Pepper & Peppercorns Food Essentials Mixed Spices Seasonings Onion Powder Single Herbs Salt, Seasoning", "relevancy_score": 395.31170909090906, "price": "$3.84"}, {"title": "Ghirardelli Caramel Premium Sauce, 17 Oz.", "tags": "Syrups & Sweeteners Frosting, Toppings Decorations Sugar-Free Food Essentials Snacks Large Dessert Cakes Ghirardelli Chocolate Flavored Syrup Hershey Baking", "relevancy_score": 406.5552842105263, "price": "$3.98"}, {"title": "(4 Pack) Old El Paso Hot and Spicy Taco Seasoning Mix, 1 oz", "tags": "Tortillas, Pitas & Wraps Game Time Condiments All Mixed Spices Seasonings Snacks Gametime Food Salt, Seasoning General Mills Box Tops Meals and Sides", "relevancy_score": 112.42382222222221, "price": "$4.08"}, {"title": "Maseca\u00ae Instant Corn Masa Flour 4.4 lb. Bag", "tags": "All Baking Mixes Restock Plant Based Needs Corn Meal Gluten-Free Food Staples Gluten Free & Cooking Flours Meals", "relevancy_score": 769.9457865284975, "price": "$2.88"}, {"title": "(2 pack) Betty Crocker Super Moist Vanilla Cake Mix, 15.25 oz", "tags": "Frosting, Toppings & Decorations Valentine's Day Baking All Mixes Easter Meal Betty Crocker Game Time Cake", "relevancy_score": 300.66873043478256, "price": "$3.98"}, {"title": "Nestle Toll House Dark Chocolate Chips 10 oz.", "tags": "Shop All Premium Chocolate Baking Chips Dark Plant Based Needs Hershey Bars", "relevancy_score": 1715.0068791878173, "price": "$2.14"}, {"title": "(500 Packets) Great Value Aspartame No Calorie Sweetener Packets", "tags": "Gluten-Free Foods Sugar-Free Food Essentials No Sugar Baking Restock Paleo Low Calorie Sodium All and Sweeteners", "relevancy_score": 1809.017127093596, "price": "$4.28"}, {"title": "(6 Pack) Great Value Fajita Seasoning Mix, 1.25 oz", "tags": "Condiments Taco Seasoning Chicken Game Time All Mixed Spices & Seasonings Snacks Gametime Food Salt,", "relevancy_score": 81.56568163265305, "price": "$3.33"}, {"title": "Cavender's All Purpose Greek Seasoning, 8 oz", "tags": "Stocks & Broths All Fresh Fruit Bananas Herbs, Spices Seasonings Italian Seasoning Broth New Food Salt,", "relevancy_score": 291.0357333333333, "price": "$3.48"}, {"title": "Hershey's, Chocolate Syrup, 48 Oz.", "tags": "Syrups & Sweeteners All Fresh Fruit Bananas Hershey's Candy Holiday Hershey Baking Milk Chocolate", "relevancy_score": 690.1639583815029, "price": "$3.98"}, {"title": "(2 pack) Great Value Organic Ground Coriander, 1.5 oz", "tags": "Organic Foods All Pepper & Peppercorns Food Essentials Mixed Spices Seasonings Single Herbs Salt, Seasoning Chili Powder", "relevancy_score": 181.97377391304346, "price": "$2.34"}, {"title": "(2 pack) Betty Crocker Rich and Creamy Vanilla Frosting, 16 oz", "tags": "Valentine's Day Baking All Mixes Easter Meal Betty Crocker Game Time Cake", "relevancy_score": 675.3774181818181, "price": "$4.98"}, {"title": "(3 pack) Great Value Onion Powder, 3.25 oz", "tags": "All Pepper & Peppercorns Organic Food Essentials Baking Restock Mixed Spices Seasonings Garlic Powder Single Herbs Salt, Seasoning", "relevancy_score": 973.564772413793, "price": "$4.98"}, {"title": "(2 pack) Duncan Hines Classic Yellow Deliciously Moist Cake Mix, 15.25 oz", "tags": "Frosting, Toppings & Decorations Valentine's Day Baking All Mixes Betty Crocker Restock Dessert Duncan Hines Cake", "relevancy_score": 1002.200531174089, "price": "$2.98"}, {"title": "Great Value Avocado Oil, 25.5 fl oz", "tags": "Oil & Shortening Olive Oils Better For You Food Essentials Organic Paleo All Healthy Keto Shop Plant Based Foods", "relevancy_score": 669.7861393258427, "price": "$7.47"}, {"title": "Jet-Puffed Marshmallows, 12 oz Bag", "tags": "Easter Meal Baking Restock Ingredients Low Sodium Foods S'Mores Snack Crackers", "relevancy_score": 5582.038995973154, "price": "$1.48"}, {"title": "(3 Pack) Jell-O Instant Vanilla Pudding & Pie Filling, 3.4 oz Box", "tags": "Pudding & Gelatin Pie Fillings Valentine's Day Baking All Mixes Chilled Gelatins Ingredients Cake", "relevancy_score": 561.666535064935, "price": "$3.39"}, {"title": "(2 pack) Morton Table Salt, 26 Oz", "tags": "Gluten-Free Foods Baking Restock Gluten Free Vegan Non GMO Food All Salt, Spices & Seasoning Sea Salt Iodized", "relevancy_score": 656.5306602409638, "price": "$4.08"}, {"title": "(4 Pack) Jell-O Instant Sugar-Free Fat-Free Vanilla Pudding & Pie Filling, 1 oz Box", "tags": "Pudding & Gelatin Pie Fillings Sugar-Free Food Essentials Sugar Free All Baking Mixes Game Time Dessert Chilled Gelatins", "relevancy_score": 1609.593156728232, "price": "$4.52"}, {"title": "(6 pack) Savia Coconut Milk, 13.5 fl oz", "tags": "Canned & Powdered Milk Coconut Organic Plant-Based Unsweetened Vegan Foods Plant Based Baking Needs Beverages", "relevancy_score": 295.7525714285714, "price": "$5.88"}, {"title": "(3 Pack) McCormick Peppercorn Medley Grinder, 0.85 oz", "tags": "All Pepper & Peppercorns Mixed Spices Seasonings Salts Salt Substitutes Himalayan Pink Single Herbs Salt, Seasoning Sea", "relevancy_score": 345.2648452830189, "price": "$5.37"}, {"title": "(2 pack) Betty Crocker Super Moist French Vanilla Cake Mix, 15.25 oz", "tags": "Frosting, Toppings & Decorations Valentine's Day Baking All Mixes Easter Meal Betty Crocker Game Time Cake", "relevancy_score": 435.4152, "price": "$3.98"}, {"title": "(2 pack) Duncan Hines Dark Chocolate Fudge Brownies Brownie Mix 18.2 oz", "tags": "Valentine's Day Baking All Mixes Betty Crocker Game Time Restock Dessert Duncan Hines Cake", "relevancy_score": 695.8806541871921, "price": "$5.47"}, {"title": "Snack Pack Sugar-Free Pudding Chocolate and Vanilla Family Pack, 12 Count", "tags": "Canned Fruit Cups & Sauces Chilled Puddings Sugar-Free Food Essentials Sugar Free Candy Snacks Fat", "relevancy_score": 746.3530461538462, "price": "$2.58"}, {"title": "Marzetti Old Fashioned Caramel Dip, 16.0 oz", "tags": "Applesauce Fruit Cups & Sauces Large Dessert Cakes All Syrups Salsa and Dips Hershey Baking Vegetable", "relevancy_score": 387.31170909090906, "price": "$13.49"}, {"title": "Torani Flavoring Syrup Sugar Free Caramel 12.7 Fluid Ounce Bottle", "tags": "Sugar-Free Food Essentials All Fresh Fruit Sugar Free Bananas Snacks Flavored Syrup Syrups", "relevancy_score": 1463.3445940119761, "price": "$4.27"}, {"title": "(2 pack) Krusteaz Cinnamon Swirl Crumb Cake and Muffin Mix, 21 oz Box", "tags": "Valentine's Day Baking Muffin Mixes All Dessert Easter Brunch Cake", "relevancy_score": 1064.8093450199203, "price": "$4.98"}, {"title": "(2 Pack) Sugar In The Raw, Turbinado Cane Sugar, 2 lb", "tags": "Organic Foods Food Essentials Baking Restock Granulated Sugar Low Sodium Brown Dairy Free All and Sweeteners", "relevancy_score": 666.1404571428571, "price": "$6.29"}, {"title": "Ghirardelli 60% Cacao Bittersweet Chocolate Premium Baking Chips - 10 oz.", "tags": "Shop All Premium Chocolate Baking Chips Dark Gifting Bars Milk", "relevancy_score": 303.90032340425535, "price": "$3.28"}, {"title": "Planters Cashew Halves & Pieces, 8.0 oz Canister", "tags": "All Nuts, Trail Mix,& Seeds Nuts Planters Cashews Dried Fruits and Healthy Snacks Mixed", "relevancy_score": 2819.6364171701116, "price": "$5.88"}, {"title": "(2 Pack) McCormick Sea Salt Grinder, 2.12 oz. Bottle", "tags": "Peppercorns All Pepper & Mixed Spices Seasonings Salts Salt Substitutes Himalayan Pink Single Herbs Salt, Seasoning", "relevancy_score": 426.4152, "price": "$4.08"}, {"title": "(2 Pack) Betty Crocker Wild Blueberry Muffin and Quick Bread Mix, 16.9 oz", "tags": "Valentine's Day Baking Muffin Mixes All Easter Meal Dessert Brunch Cake", "relevancy_score": 569.4607372549019, "price": "$5.98"}, {"title": "Carroll Shelby's Chili Kit, 3.65 Oz", "tags": "Beans All Fresh Vegetables Baked Cold Weather Foods Mixed Spices & Seasonings Canned Salt, Seasoning", "relevancy_score": 166.95193846153848, "price": "$2.34"}, {"title": "Jell-O Sugar Free Pistachio Instant Pudding Mix, 1 oz Box", "tags": "Pudding & Gelatin Pie Fillings Sugar-Free Food Essentials Sugar Free Snacks Dessert Mixes Chilled Gelatins Fat", "relevancy_score": 231.68764878048782, "price": "$0.80"}, {"title": "Great Value Salt, 26 oz, 2 Count", "tags": "Gluten-Free Foods Baking Restock Gluten Free Pepper Vegan All Salt, Spices & Seasoning Sea Salt Iodized", "relevancy_score": 399.4152, "price": "$3.48"}, {"title": "(3 Pack) Wick Fowler's Texas Style 2 Alarm Chili Kit, 3.63 Oz", "tags": "Pasta & Noodles All Mixed Spices Seasonings Herb Plants Shop Mayo Salt, Seasoning Green Tea Trident Chewing Gum", "relevancy_score": 50.721697560975606, "price": "$6.69"}, {"title": "Jell-O Chocolate Instant Pudding Mix, 3.9 oz Box", "tags": "Pudding & Gelatin Pie Fillings Chilled Puddings All Fresh Fruit Baking Mixes Bananas Ingredients", "relevancy_score": 3966.497118900344, "price": "$0.80"}, {"title": "Jell-O Sugar Free Chocolate Fudge Instant Pudding Mix, 1.4 oz Box", "tags": "Pudding & Gelatin Sugar-Free Food Essentials Sugar Free Snacks Game Time Baking Chilled Gelatins Keto Fat", "relevancy_score": 111.31417142857143, "price": "$0.98"}, {"title": "Jell-O Banana Cream Instant Pudding Mix, 3.4 oz Box", "tags": "Pudding & Gelatin Chilled Puddings All Cookies Sugar-Free Food Essentials Fresh Fruit Sugar Free Bananas Baking Ingredients", "relevancy_score": 190.00221538461537, "price": "$0.98"}, {"title": "Kraft Jet-Puffed MARSHMALLOW CREME", "tags": "All Snack Mixes Baking Restock Large Dessert Cakes Easter Syrups Low Sodium Foods", "relevancy_score": 4751.422246153847, "price": "$14.09"}, {"title": "Jell-O Lemon Instant Pudding Mix, 3.4 oz Box", "tags": "Pudding & Gelatin Pie Fillings Extracts Flavorings Chilled Puddings Gelatins Baking Ingredients Duncan Hines All Cake Mixes", "relevancy_score": 135.45193846153848, "price": "$0.98"}, {"title": "Jell-O Cherry Instant Gelatin Mix, 3 oz Box", "tags": "Pudding & Gelatin Valentine's Day Baking Chilled Puddings Sugar-Free Food Essentials Sugar Free Jolly Rancher Ingredients Easter", "relevancy_score": 5541.0405139072855, "price": "$0.80"}, {"title": "Corn Bread Mix", "tags": "Muffin Mixes All Baking Cornbread Game Time Restock Easter Brunch", "relevancy_score": 784.0566204081633, "price": "$15.35"}, {"title": "BetterBody Foods Organic Chia Seeds, 2.0 lb, 30 Servings", "tags": "Cognitive Supplements Hemp Seeds Plant Based Superfoods Natural Alternatives Heart Healthy Brain Health Chia Nutiva", "relevancy_score": 2332.2883417475728, "price": "$8.94"}, {"title": "Betty Crocker Bisquick Shake N Pour Pancake Mix, 10.6 oz", "tags": "Pancake & Waffle Mix National Day All Baking Mixes Restock Krusteaz Easter Brunch Kid's Breakfast", "relevancy_score": 246.70772048192768, "price": "$12.96"}, {"title": "(2 Pack) Kernel Season's White Cheddar Popcorn Seasoning", "tags": "Oil & Shortening All Popcorn Kernels Mixed Spices Seasonings Herbs, Bags Salt, Seasoning", "relevancy_score": 359.7228972972973, "price": "$5.88"}, {"title": "Jell-O Sugar Free Strawberry Instant Gelatin Mix, 0.3 oz Box", "tags": "Pudding & Gelatin Sugar-Free Food Essentials All Fresh Fruit Sugar Free Bananas Snacks Baking Ingredients Easter", "relevancy_score": 252.00772048192772, "price": "$0.98"}, {"title": "Ghirardelli 60% Cacao Bittersweet Chocolate Premium Baking Chips - 20 oz.", "tags": "Shop All Premium Chocolate Baking Restock Chips Dark Gifting Bars Cocoa & Cacao Powder", "relevancy_score": 831.9152448598131, "price": "$5.82"}, {"title": "(2 Pack) Great Value Organic Curry Powder, 1.8 oz", "tags": "Organic Foods All Pepper & Peppercorns Food Essentials Garlic Powder Single Herbs Spices Salt, Seasoning Chili", "relevancy_score": 152.0191, "price": "$4.58"}, {"title": "Chosen Foods 100% Pure Avocado Oil 750ml", "tags": "Oil & Shortening Olive Oils Better For You Food Essentials Organic Paleo All Healthy Keto Shop Plant Based Foods", "relevancy_score": 944.7491398230088, "price": "$10.98"}, {"title": "(4 Pack) McCormick Enchilada Sauce Mix, 1.5 oz", "tags": "Condiments Sauces Taco Seasoning Game Time All Hot Snacks Low Calorie Foods Salt, Spices &", "relevancy_score": 204.87947012987013, "price": "$4.48"}, {"title": "(2 Pack) Hershey's, Sugar Free Milk Chocolate Syrup, 17.5 oz", "tags": "Sugar-Free Food Essentials Sugar Free Snacks Hershey's Candy All Syrups Hershey Baking", "relevancy_score": 595.3671276381909, "price": "$5.78"}, {"title": "Fleischmann's Simply Homemade Corn Bread 15 oz.", "tags": "Muffin Mixes All Baking Game Time Dessert Gametime Food Easter Brunch Kid's Breakfast Meals and Sides", "relevancy_score": 138.53821016949155, "price": "$1.78"}, {"title": "(3 Pack) Goya Ham Flavored Concentrate, 1.41 oz", "tags": "Beans Dried All Fresh Vegetables Canned Tomatoes Mixed Spices & Seasonings Snacks Single Herbs High Fiber Foods", "relevancy_score": 324.74527010309276, "price": "$4.50"}, {"title": "Lee Kum Kee Pure Sesame Oil 15 oz", "tags": "Oil & Shortening Sauces Asian Hoisin Sauce Vegan Foods Shop All Market Soy", "relevancy_score": 481.9341373134328, "price": "$6.77"}, {"title": "(3 Pack) Lawry's Lemon Pepper Blend, 2.25 oz", "tags": "All Pepper & Peppercorns Taco Seasoning Baking Restock Low Calorie Foods Single Herbs Spices Salt, Seasoned Salt", "relevancy_score": 124.31417142857143, "price": "$8.94"}, {"title": "Nestle Toll House Milk Chocolate Chips 23 oz.", "tags": "Gluten-Free Foods Shop All Chocolate Premium Baking Chips Gluten Free Nestle Milk", "relevancy_score": 1516.203323076923, "price": "$4.26"}, {"title": "Krusteaz\u00c2\u00ae Gluten Free Honey Cornbread Bread & Muffin Mix 15 oz. Box", "tags": "All Pancake & Waffle Mixes Muffin Baking Cornbread Gluten-Free Food Staples Gluten Free Cooking Needs", "relevancy_score": 416.1759448275862, "price": "$3.78"}, {"title": "Jell-O Berry Blue Instant Gelatin Mix, 3 oz Box", "tags": "Pudding & Gelatin Valentine's Day Baking Sugar-Free Food Essentials All Fresh Fruit Sugar Free Bananas Ingredients Easter", "relevancy_score": 3529.3784615384616, "price": "$0.98"}, {"title": "Great Value No Calorie Sweetener, 250 count, 8.82 oz", "tags": "No Sugar Foods Baking Restock Paleo Food Essentials Low Calorie Sodium Free Sweeteners All and", "relevancy_score": 685.2729828571429, "price": "$2.64"}, {"title": "(2 pack) Duncan Hines Keto Friendly Cake Cups Double Chocolate Cake Mix, 2.1oz", "tags": "Sugar-Free Food Essentials All Baking Mixes Brownie Mix Dessert Paleo Keto Cake", "relevancy_score": 280.4768897196262, "price": "$3.84"}, {"title": "McCormick Ground Cloves, 0.9 oz Shaker", "tags": "Organic Foods All Pepper & Peppercorns Food Essentials Mixed Spices Seasonings Nut Free Non GMO Salt, Seasoning", "relevancy_score": 148.01412459016396, "price": "$4.57"}, {"title": "(2 Pack) Sweet'N Low Zero Calorie Sweetener, 8 Oz", "tags": "Cereal Bars & Breakfast Syrups Sweeteners Shop Nature Valley Low Calorie Foods Sodium Vegan Granola Snack All Sugar and", "relevancy_score": 1052.5937311475411, "price": "$4.64"}, {"title": "(3 Pack) Krusteaz Supreme Muffin Mix, Banana Nut, 15.4oz Box", "tags": "Valentine's Day Baking All Mixes Game Time Dessert Easter Brunch Cake", "relevancy_score": 493.1186909090909, "price": "$6.12"}, {"title": "Goya Coriander & Annatto Seasoning 20 Pack - Sazon Culantro y Achiote (Pack of 1)", "tags": "Stocks & Broths All Fresh Fruit Canned Tomatoes Bananas Snacks Cuban Coffee Bouillon Salt, Spices Seasoning", "relevancy_score": 101.82144, "price": "$2.76"}, {"title": "Karo Light Corn Syrup with Real Vanilla, 32-Ounce", "tags": "Pudding & Gelatin Extracts Flavorings Maple Syrup Baking Restock Gluten Free Foods All Syrups Low Sodium", "relevancy_score": 431.2429658536585, "price": "$4.74"}, {"title": "Splenda Brown Sugar Blend, 16 Oz", "tags": "Sugar-Free Food Essentials Sugar Free Paleo All Healthy Low Calorie Foods Keto Sweeteners and", "relevancy_score": 1132.0380981132075, "price": "$4.28"}, {"title": "(3 Pack) Kraft Shake 'n Bake Original Chicken Seasoned Coating Mix, 4.5 oz Box", "tags": "Game Time Baking Nut Free Foods Ingredients All Gametime Food Kosher Specialty Dairy Meals and Sides", "relevancy_score": 437.6665350649351, "price": "$8.16"}, {"title": "(2 pack) Morton Lite Salt,11 Oz", "tags": "All Mixed Spices & Seasonings Low Sodium Food Staples Herbs, Salt Substitutes Non GMO Salt, Seasoning Sea Iodized", "relevancy_score": 586.4665350649351, "price": "$4.14"}, {"title": "(3 Pack) 2 12 1 WT OZ FRIED RICE MIX", "tags": "Taco Seasoning Chicken Popcorn All Single Herbs & Spices Steak Salt,", "relevancy_score": 50.721697560975606, "price": "$4.10"}, {"title": "Great Value Organic Ground Cloves, 1.8 oz", "tags": "Organic Foods All Pepper & Peppercorns Food Essentials Mixed Spices Seasonings Single Herbs Salt, Seasoning", "relevancy_score": 91.06568163265305, "price": "$4.94"}, {"title": "Pompeian Robust Extra Virgin Olive Oil - 32 fl oz", "tags": "Oil & Shortening Condiments Restock Organic Food Essentials Cooking Baking Oils All Healthy Vinegar Keto Kosher Foods", "relevancy_score": 449.84296585365854, "price": "$8.98"}, {"title": "(2 Pack) Morton Season-All Seasoned Salt, 16 Oz", "tags": "All Pepper & Peppercorns Baking Restock Mixed Spices Seasonings Salts Salt Substitutes Single Herbs Vegan Foods Salt, Seasoning Garlic", "relevancy_score": 331.4452701030928, "price": "$4.96"}, {"title": "(3 Pack) Betty Crocker Bisquick Cheese Garlic Complete Biscuit Mix, 7.75 oz", "tags": "", "relevancy_score": 385.14467964601766, "price": "$5.64"}, {"title": "(2 pack) Rumford Premium Aluminum-Free Baking Powder, 8.1 oz", "tags": "Yeast All Baking Soda Restock Low Sodium Foods Ingredient Powders & Starches Gluten Free Cooking Needs Flours Meals", "relevancy_score": 512.0982993006993, "price": "$4.98"}, {"title": "NIDO Fortificada Dry Milk Powder", "tags": "Dried Fruits Cranberries Whole Milk Baking Restock Snacks Powdered All Fruit Types", "relevancy_score": 3877.9903885304657, "price": "$15.64"}, {"title": "Kernel Season's Ranch Popcorn Seasoning, 2.7 Oz.", "tags": "All Popcorn Mixed Spices & Seasonings Movie Night Foods and Drinks Herbs, Bags Salt, Seasoning Summer Grilling Snacks", "relevancy_score": 173.95193846153848, "price": "$1.98"}, {"title": "(2 Pack) McCormick Italian Herb Seasoning Grinder, 0.77 oz", "tags": "Peppercorns All Pepper & Mixed Spices Seasonings Single Herbs Italian Seasoning Salt,", "relevancy_score": 232.84599999999998, "price": "$3.92"}, {"title": "Butter Flavor All-Vegetable Shortening", "tags": "Extracts & Flavorings Cooking Oils No Sugar Foods Easter Condiments Sauces Baking Restock Gluten Free Low Sodium Kosher", "relevancy_score": 976.877194936709, "price": "$5.58"}, {"title": "(2 Pack) S & B Sauce Mix, Medium Hot 3.2 oz", "tags": "Sauces Yellow Mustards All Hot Gluten Free Foods Shop Ketchup Mayo BBQ Summer Grilling Condiments", "relevancy_score": 50.1384, "price": "$5.32"}, {"title": "(4 Pack) Old El Paso Chicken Taco Seasoning Mix, .85 oz Packet", "tags": "Chicken Seasoning Game Time Condiments All Mixed Spices & Seasonings Snacks Gametime Food Salt, General Mills Box Tops Meals and Sides", "relevancy_score": 39.35865263157895, "price": "$4.70"}, {"title": "(3 Pack) Jell-O Orange Gelatin, 6 oz Box", "tags": "Canned Fruit Pudding & Gelatin Pie Fillings Valentine's Day Baking Sugar-Free Food Essentials All Mixes Ingredients Easter", "relevancy_score": 788.7601583756345, "price": "$3.37"}, {"title": "(3 Pack) Kraft Oven Fry Extra Crispy Seasoned Coating for Pork, 4.2 oz Box", "tags": "Boxed Meals No Sugar Foods Nut Free Baking Ingredients All Gametime Food Dairy Potato and Stuffing Game Time Sides", "relevancy_score": 349.7768897196262, "price": "$8.46"}, {"title": "Hain Pure Foods Iodized Sea Salt, 21 oz.", "tags": "Game Time Condiments Baking Restock All Salts & Salt Substitutes Herbs, Spices Seasonings Vegan Foods Non GMO Food Salt, Seasoning Iodized", "relevancy_score": 115.55696842105263, "price": "$2.14"}, {"title": "(2 Pack) Betty Crocker Dark Chocolate Brownie Mix Family Size, 19.9 oz", "tags": "Valentine's Day Baking All Mixes Brownie Mix Betty Crocker Game Time Restock Dessert Cake", "relevancy_score": 293.53060000000005, "price": "$5.16"}, {"title": "(4 Pack) Comstock Original Country Apple Pie Filling Or Topping, 21 oz", "tags": "Pudding & Gelatin Valentine's Day Baking All Mixes Easter Meal Ingredients Low Calorie Foods Cake", "relevancy_score": 77.76568163265306, "price": "$7.45"}, {"title": "(2 Pack) Clabber Girl Double Acting Baking Powder, 22 oz", "tags": "Yeast Extracts & Flavorings All Baking Soda Vanilla Extract Restock Flours Meals", "relevancy_score": 329.8010455445544, "price": "$5.28"}, {"title": "(2 Pack) Aunt Jemima Original Syrup, Jumbo Size, 36 fl oz", "tags": "All Pancake & Waffle Mixes National Day Maple Syrup Baking Restock Easter Brunch Syrups", "relevancy_score": 430.6056336134454, "price": "$7.88"}, {"title": "McCormick Rubbed Sage, 0.5 oz Bottle", "tags": "All Pepper & Peppercorns Chicken Seasoning Mixed Spices Seasonings Herb Plants Garlic Powder Non GMO Food Salt,", "relevancy_score": 138.53821016949155, "price": "$3.52"}, {"title": "Hain Pure Foods Sea Salt, 21 oz.", "tags": "Baking Restock All Salts & Salt Substitutes Himalayan Pink Vegan Foods Kosher Non GMO Food Salt, Spices Seasoning Iodized", "relevancy_score": 80.9076, "price": "$2.14"}, {"title": "Krusteaz\u00ae Gluten Free Cinnamon Swirl Crumb Cake & Muffin Mix 20 oz. Box", "tags": "All Pancake & Waffle Mixes Muffin Baking Gluten-Free Food Staples Gluten Free Crackers Cooking Needs", "relevancy_score": 1117.941959550562, "price": "$3.84"}, {"title": "(2 pack) Carnation Instant Nonfat Dry Milk 9.63 oz, Canister", "tags": "", "relevancy_score": 291.0357333333333, "price": "$7.96"}, {"title": "(3 Pack) Pillsbury Softasilk: Enriched Bleached Cake Flour, 32 Oz", "tags": "Extracts & Flavorings No Sugar Foods All Baking Mixes Easter Meal Flours Meals", "relevancy_score": 257.6876487804878, "price": "$8.20"}, {"title": "Kernel Season's White Cheddar Popcorn Seasoning, 8.5 Oz", "tags": "Oil & Shortening All Popcorn Kernels Mixed Spices Seasonings Herbs, Bags Salt, Seasoning", "relevancy_score": 277.55241318681317, "price": "$4.98"}, {"title": "(3 Pack) Jell-O Berry Blue Instant Powdered Gelatin Dessert, 6 oz Box", "tags": "Pudding & Gelatin Valentine's Day Baking Sugar-Free Food Essentials Sugar Free All Mixes Game Time Ingredients Easter", "relevancy_score": 3698.5861882352942, "price": "$3.37"}, {"title": "(3 pack) So Delicious Dairy Free Coconut Milk Vanilla, 32 fl oz", "tags": "Coconut Milk Organic Unsweetened Plant Based Baking Needs Pacific Foods Flavored Milks Beverages", "relevancy_score": 195.9561263157895, "price": "$7.17"}, {"title": "Great Value Organic Ground Cardamom, 1.8 oz", "tags": "Organic Foods All Pepper & Peppercorns Food Essentials Mixed Spices Seasonings Single Herbs Salt, Seasoning", "relevancy_score": 135.63821016949151, "price": "$4.97"}, {"title": "(2 Pack) Dale's Reduced Sodium Blend Steak Seasoning 16 fl. oz. Bottle", "tags": "Sauces Gluten-Free Foods Baking Restock All Mixed Spices & Seasonings Gluten Free Shop BBQ Summer Grilling Condiments Salt, Seasoning", "relevancy_score": 128.1982896551724, "price": "$5.16"}, {"title": "(2 Pack) Great Value Organic Celery Seeds, 1.8 oz", "tags": "Yellow Mustards All Pepper & Peppercorns Organic Food Essentials Mixed Spices Seasonings Single Herbs Salt, Seasoning", "relevancy_score": 124.03821016949153, "price": "$6.53"}, {"title": "(2 Pack) Great Value Organic Ground Allspice, 1.6 oz", "tags": "All Pepper & Peppercorns Organic Food Essentials Mixed Spices Seasonings Single Herbs Salt, Seasoning Garlic Salt", "relevancy_score": 20.535717647058824, "price": "$6.73"}, {"title": "(2 Pack) CARNATION Vitamin D Added Evaporated Milk\u0093 Substitute for Drinking Milk in Recipes, Evaporated Milk with Vitamin D Added, 17 fl oz", "tags": "", "relevancy_score": 232.36708148148148, "price": "$5.94"}, {"title": "(2 pack) Morton All-Purpose Iodized Sea Salt, 26 Oz Canister", "tags": "Baking Restock All Salts & Salt Substitutes Nut Free Foods Herbs, Spices Seasonings Vegan Non GMO Food Salt, Seasoning Iodized", "relevancy_score": 714.2729828571429, "price": "$4.73"}, {"title": "LouAna Peanut Oil, 128.0 FL OZ", "tags": "Condiments Cooking Oils Coconut Oil for Olive Restock Low Calorie Foods Non GMO Food Kosher", "relevancy_score": 627.6998, "price": "$12.98"}, {"title": "(8 Pack) Krusteaz Meyer Lemon Bars Supreme Mix, 19.35-Ounce Box", "tags": "Muffin Mixes All Baking Game Time Dessert Easter Brunch Cake", "relevancy_score": 253.78339310344828, "price": "$16.65"}, {"title": "Betty Crocker Rich and Creamy Cream Cheese Frosting", "tags": "", "relevancy_score": 709.0494350515463, "price": "$47.15"}, {"title": "Olivari Grapeseed Oil, for Frying and Sauteing, 51 Oz", "tags": "Cooking Oils Coconut Oil for Olive Condiments Restock Organic Food Essentials Avocado Shop All Plant Based Foods Kosher", "relevancy_score": 233.07947012987015, "price": "$7.98"}, {"title": "(3 Pack) Great Value All-Purpose Baking Mix, 40 oz", "tags": "LED Light Bulbs Scott Toilet Paper All Flood Lysol Standard", "relevancy_score": 264.00123636363634, "price": "$7.15"}, {"title": "(2 Pack) Torani Caramel Sauce, 16.5 oz", "tags": "Syrups & Sweeteners Sugar-Free Food Essentials Sugar Free Snacks Baking Restock Flavored Syrup All Hershey", "relevancy_score": 655.4155141104295, "price": "$9.62"}, {"title": "(2 Pack) McCormick Pure Almond Extract, 2 FL OZ", "tags": "Gluten-Free Foods Vanilla Extract All Pantry Clearance and Deals Almond Gluten Free Peppermint McCormick Extracts Non GMO Food", "relevancy_score": 132.11417142857144, "price": "$7.53"}, {"title": "Louisiana Fish Fry Chicken Fry Mix, 9 oz", "tags": "Other International Foods All Baking Mixes Game Time Ingredients Gametime Food Kosher Specialty Meals and Sides", "relevancy_score": 95.82144, "price": "$15.99"}, {"title": "(2 pack) Great Value Complete Original Pancake & Waffle Mix Family Size, 5 lbs", "tags": "Pancake & Waffle Mix National Day All Baking Mixes Restock Dessert Krusteaz Easter Brunch", "relevancy_score": 170.45193846153848, "price": "$7.76"}, {"title": "(3 Pack) Great Value Non Pareil Sprinkles, Rainbow, 3.15 oz", "tags": "Valentine's Day Baking All Mixes Hard Candy Sprinkles Ingredients Cake", "relevancy_score": 36.15865263157895, "price": "$4.23"}, {"title": "\"Slap Ya Mama\" Cajun Seasoning, 16.0 OZ", "tags": "Condiments Crab Boil Baking Restock All Mixed Spices & Seasonings Hot Sauces Latin American Beverages Single Herbs Salt, Seasoning", "relevancy_score": 449.84296585365854, "price": "$4.78"}, {"title": "Kodiak Cakes Protein Packed Muffin Mix, Blueberry, 14 Oz", "tags": "All Pancake & Waffle Mixes National Day Baking High Protein Food Staples Better For You Essentials Dessert Healthy Kodiak Cakes", "relevancy_score": 47.42169756097561, "price": "$4.77"}, {"title": "(4 Pack) Jell-O Instant Sugar-Free Lemon Pudding & Pie Filling, 1 oz Box", "tags": "Pudding & Gelatin Pie Fillings Sugar-Free Food Essentials All Baking Mixes Snacks Game Time Dessert Chilled Gelatins", "relevancy_score": 514.1847489361702, "price": "$4.25"}, {"title": "(2 Pack) Weber Chicago Steak Seasoning Rub 5.5 oz.", "tags": "Taco Seasoning Chicken All Mixed Spices & Seasonings Single Herbs Italian New Food Salt, Garlic Salt", "relevancy_score": 178.07377391304348, "price": "$5.96"}, {"title": "McCormick Coarse Ground Black Pepper, 3.12 oz", "tags": "Peppercorns All Pepper & Mixed Spices Seasonings Salts Salt Substitutes Single Herbs Non GMO Food Salt, Seasoning Sea", "relevancy_score": 257.3077204819277, "price": "$4.48"}, {"title": "(3 Pack) Kernel Season's 100% Natural Butter Spritzer, 4 oz", "tags": "Oil & Shortening Popcorn Seasoning All Kernels Mixed Spices Seasonings Bags", "relevancy_score": 194.80221538461538, "price": "$7.95"}, {"title": "Pompeian Smooth Extra Virgin Olive Oil - 32 fl oz", "tags": "Oil & Shortening Condiments Restock Organic Food Essentials Cooking Baking Oils All Healthy Vinegar Keto Kosher Foods", "relevancy_score": 445.0338622950819, "price": "$8.98"}, {"title": "Lawry's Garlic Pepper, 2.6 oz", "tags": "All Pepper & Peppercorns Baking Restock Garlic Powder Single Herbs Spices Salt, Seasoning Salt Seasoned", "relevancy_score": 213.3822575342466, "price": "$3.78"}, {"title": "Reese's, Chocolate & Peanut Butter Shell Topping, 7.25 Oz.", "tags": "Frosting, Toppings & Decorations Large Dessert Cakes All Syrups Hershey Baking", "relevancy_score": 92.12652307692306, "price": "$2.18"}, {"title": "(3 Pack) Comstock Original Country Cherry Pie Filling Or Topping, 21 oz", "tags": "Canned Fruit Pudding & Gelatin Valentine's Day Baking All Mixes Easter Meal Ingredients Cake", "relevancy_score": 277.55241318681317, "price": "$8.52"}, {"title": "BetterBody Foods Pure Avocado Oil 33.8oz, 1Liter", "tags": "Oil & Shortening Olive Oils Better For You Food Essentials Paleo All Healthy Vegan Keto Shop Plant Based Foods", "relevancy_score": 387.31170909090906, "price": "$11.94"}, {"title": "Florida Crystals Organic Brown Sugar 24 Oz.", "tags": "Organic Food Essentials Granulated Sugar Low Sodium Foods Powdered Specialty Sugars Brown All and Sweeteners", "relevancy_score": 160.78521904761905, "price": "$3.00"}, {"title": "Terra Delyssa Tunisian Extra Virgin Olive Oil, 34 fl oz", "tags": "Oil & Shortening Better For You Food Essentials Condiments Restock Organic Paleo All Healthy Keto Kosher Foods", "relevancy_score": 493.1186909090909, "price": "$7.96"}, {"title": "Great Value Organic Unrefined Virgin Coconut Oil, 29 fl oz", "tags": "Oil & Shortening Organic Foods Olive Oils Food Essentials Cooking Baking Shop All Plant Based Kosher New Year You", "relevancy_score": 198.8243848101266, "price": "$9.54"}, {"title": "(2 Pack) Zatarain's Concentrated Shrimp & Crab Boil, 4 fl oz", "tags": "Coatings & Batters Baking Restock All Mixed Spices Seasonings Seafood Fresh Fish Salt, Seasoning Cajun", "relevancy_score": 58.576669767441864, "price": "$3.96"}, {"title": "McCormick Neon Assorted Food Color & Egg Dye, 1 fl oz, 4 Count", "tags": "Frosting, Toppings & Decorations Valentine's Day Baking Easter Meal Restock Sprinkles Ingredients Food Coloring", "relevancy_score": 374.6003155963303, "price": "$3.48"}, {"title": "Kodiak Cakes Power Cakes Pancake and Waffle Mix, Cinnamon Oat, 20 Oz", "tags": "National Pancake Day High Protein Food Staples Better For You Essentials Dessert Mixes Waffle Mix All Healthy Non GMO Kodiak Cakes", "relevancy_score": 139.39828965517242, "price": "$4.77"}, {"title": "Florida Crystals Organic Raw Cane Sugar, 6 lbs", "tags": "Organic Food Essentials Baking Restock Granulated Sugar Specialty Sugars Brown Dairy Free Foods All and Sweeteners", "relevancy_score": 581.8305729729731, "price": "$8.48"}, {"title": "FISHER Chef's Naturals Pecan Halves, 16 oz, Naturally Gluten Free, No Preservatives, Non-GMO", "tags": "All Nuts, Trail Mix,& Seeds Nuts Dried Fruits and Healthy Snacks Walnuts Pecans", "relevancy_score": 896.9326545454545, "price": "$8.98"}, {"title": "Disney Mickey Mouse Halloween Cookie Kit", "tags": "Frosting, Toppings & Decorations Valentine's Day Baking Kids' Favorites Funfetti All Cereal Birthday Cake Mix Sprinkles", "relevancy_score": 23.55893333333333, "price": "$5.98"}, {"title": "Bertolli Extra Virgin Olive Oil Organic, 25.5 FL OZ", "tags": "Organic Foods Olive Oils Condiments Restock Food Essentials Cooking & Baking Vinegar Vegan Kosher", "relevancy_score": 119.56981818181818, "price": "$7.98"}, {"title": "(2 Pack) Kernel Season's Cheesy Jalapeno Popcorn Seasoning", "tags": "Oil & Shortening All Popcorn Mixed Spices Seasonings Herbs, Bags Salt, Seasoning Caramel Corn", "relevancy_score": 157.4822575342466, "price": "$3.84"}, {"title": "Great Value Neon Gel Food Colors, 2.7 oz, 4 Count", "tags": "Frosting, Toppings & Decorations Extracts Flavorings Valentine's Day Baking Hard Candy Easter Meal Sprinkles Ingredients", "relevancy_score": 15.735717647058824, "price": "$3.58"}, {"title": "(3 Pack) Jell-O Raspberry Sugar Free Gelatin Mix, 0.6 oz Box", "tags": "Pudding & Gelatin Sugar-Free Food Essentials Sugar Free All Baking Mixes Snacks Game Time Ingredients Fat", "relevancy_score": 1982.9506997782705, "price": "$3.66"}, {"title": "(2 Pack) Great Value Organic Poultry Seasoning, 1.2 oz", "tags": "Organic Foods All Pepper & Peppercorns Food Essentials Garlic Powder Single Herbs Spices Salt, Seasoning Salt", "relevancy_score": 45.1384, "price": "$5.93"}, {"title": "Meyenberg Evaporated Goat Milk- 12 Fl oz.", "tags": "Condensed Milk Evaporated Baking Restock Powdered Ingredients Flavored Milks Carnation", "relevancy_score": 273.0357333333333, "price": "$2.98"}, {"title": "Watkins Pure Lemon Extract", "tags": "Vanilla Extract All Pantry Clearance and Deals Almond Snacks Gluten Free Foods Peppermint McCormick Extracts Non GMO Food", "relevancy_score": 191.65626666666665, "price": "$2.76"}, {"title": "Louisiana Cajun Gumbo Base, 5.0 OZ", "tags": "All Soup Stocks & Broths Boxed Meals Coatings Batters Sauces Baking Mixes Cajun Seasoning", "relevancy_score": 83.24704680851063, "price": "$8.50"}, {"title": "(4 Pack) Betty Crocker Rich and Creamy Lemon Frosting, 16 oz", "tags": "Valentine's Day Baking All Mixes Betty Crocker Game Time Dessert Duncan Hines Cake", "relevancy_score": 242.0876487804878, "price": "$6.36"}, {"title": "(1500 Packets) Sweet'N Low Sweetener Packets", "tags": "Sugar-Free Food Essentials Better For You Paleo Low Calorie Foods Keto Sugar Free Sweeteners All and", "relevancy_score": 2081.852701321586, "price": "$13.32"}, {"title": "Weber\u00ae Garlic Parmesan Seasoning 4.3 oz. Shaker", "tags": "Chicken Seasoning Popcorn All Mixed Spices & Seasonings Herbs, New Food Salt, Garlic Salt", "relevancy_score": 49.1384, "price": "$3.98"}, {"title": "McCormick Classic Red Food Color, 1 fl oz Liquid Dye", "tags": "Valentine's Day Baking Easter Meal Game Time Restock Ingredients McCormick Vanilla Extracts Food Coloring", "relevancy_score": 2528.2126687830687, "price": "$2.93"}, {"title": "Kernel Season's Cheesy Caramel Corn Popcorn Seasoning, 2.85 Oz.", "tags": "Popcorn Seasoning All Mixed Spices & Seasonings Herbs, Bags Salt, Caramel Corn", "relevancy_score": 135.45193846153848, "price": "$1.98"}, {"title": "Great Value Oregano Leaves, 5.5 oz", "tags": "All Pepper & Peppercorns Baking Restock Mixed Spices Seasonings Single Herbs Italian Seasoning Salt,", "relevancy_score": 213.90754594594594, "price": "$5.48"}, {"title": "4C Foods 4C Bread Crumbs, 46 oz", "tags": "Condiments Baking Restock Gluten Free Foods Canned Tuna Parmesan Cheese Summer Grilling High Fiber", "relevancy_score": 119.62382222222223, "price": "$3.38"}, {"title": "Great Value Organic Sage Rubbed, 0.8 oz", "tags": "Organic Foods All Pepper & Peppercorns Chicken Seasoning Food Essentials Mixed Spices Seasonings Single Herbs Salt,", "relevancy_score": 56.221697560975606, "price": "$3.97"}, {"title": "(2 Pack) Weber Steak 'N Chop Seasoning, 6 oz", "tags": "Sauces Chicken Seasoning All Mixed Spices & Seasonings Low Calorie Foods New Food Salt, Gluten-Free Staples Garlic Salt", "relevancy_score": 170.45193846153848, "price": "$5.96"}, {"title": "Krusteaz\u00ae Protein Chocolate Chip Muffin Mix 16.22 oz. Box", "tags": "All Pancake & Waffle Mixes National Day Baking High Protein Food Staples Dessert Mix Krusteaz Easter Brunch", "relevancy_score": 92.12652307692306, "price": "$2.96"}, {"title": "Jell-O Vanilla Instant Pudding Mix, 4 ct - 13.0 oz Box", "tags": "Pudding & Gelatin Pie Fillings Valentine's Day Baking All Mixes Chilled Gelatins Ingredients Cake", "relevancy_score": 647.6355880239521, "price": "$3.64"}, {"title": "Pillsbury Sugar Free Chocolate Fudge Frosting 16 oz", "tags": "Valentine's Day Baking Sugar-Free Food Essentials Snacks Game Time Birthday Cake Mix", "relevancy_score": 0.0, "price": "$2.24"}, {"title": "(2 Pack) Great Value Organic Herbs De Provence, 0.6 oz", "tags": "All Pepper & Peppercorns Organic Food Essentials Mixed Spices Seasonings Single Herbs Salt, Seasoning Garlic Salt", "relevancy_score": 50.1384, "price": "$7.94"}, {"title": "(3 Pack) Jell-O Island Pineapple Gelatin Mix, 3 oz Box", "tags": "Pie Fillings Valentine's Day Baking Sugar-Free Food Essentials Sugar Free All Mixes Chilled Gelatins Ingredients Easter", "relevancy_score": 685.2729828571429, "price": "$1.94"}, {"title": "SNACK PACK Fanta Orange Juicy Gels Cups, 3.25 oz. Cups 6-Count", "tags": "Canned Fruit Applesauce Pudding & Gelatin Cups Sauces Chilled Puddings All Grab and Go Sandwiches, Salads Snack Packs Gelatins Dole", "relevancy_score": 121.71417142857142, "price": "$2.48"}, {"title": "Crisco Pure Canola Oil, 1-Gallon", "tags": "Gluten-Free Foods Cooking Oils Olive Condiments Restock Easter & Sauces Vegan Non GMO Food Kosher", "relevancy_score": 141.43821016949153, "price": "$7.88"}, {"title": "Great Value Fall Cranberry Orange Muffin & Quick Bread Mix, 15 oz", "tags": "Muffin Mixes All Baking Easter Meal Dessert Brunch", "relevancy_score": 43.350830769230775, "price": "$1.98"}, {"title": "(3 Pack) Keebler Ready Crust 9 Inch Reduced Fat Graham Pie Crust 6 Oz", "tags": "Back to College Stock Up up on Cleaning Supplies Teenage Mutant Ninja Turtles Men's Clothing Baking Oral Care Laundry Room", "relevancy_score": 48.10102857142857, "price": "$5.95"}, {"title": "Wilton Sprinkles Unicorn Mix, 2.12 oz.", "tags": "Wilton Cake Decorating Rainbow Decorative Baking Icing and Decorations Easter Edibles Valentine's Day Treat Basketball Tools", "relevancy_score": 105.32652307692308, "price": "$1.83"}, {"title": "Krusteaz\u00c2\u00ae Gluten Free Yellow Cake Mix 18 oz. Box", "tags": "Valentine's Day Baking Chocolate Cake Mix All Mixes Dessert Gluten-Free Food Staples Gluten Free & Cooking Needs", "relevancy_score": 83.46568163265306, "price": "$3.84"}, {"title": "Easy-Bake Super Refill Pack, 3 Types of Mixes (10 Total, 9.5 Oz)", "tags": "Father's Day Electronics Connected Dorm Room Shop All Glass Mother's Gifts Audio Tax Free for Grads Back to School Home Visual", "relevancy_score": 216.0876487804878, "price": "$39.29"}, {"title": "(3 Pack) Cary's Sugar Free Low Calorie Syrup, 24.0 FL OZ", "tags": "Syrups & Sweeteners Sugar-Free Food Essentials National Pancake Day No Sugar Foods Maple Syrup Snacks All", "relevancy_score": 75.18386086956521, "price": "$8.23"}, {"title": "Betty Crocker Birthday Cake No Bake Cookie Dough Bites 12.2 Oz", "tags": "All Baking Mixes On the Go Snacks Granola Bars Fiber One Breakfast & Snack Food Coloring New Year You", "relevancy_score": 220.20772048192768, "price": "$2.98"}, {"title": "(2 Pack) Comstock More Fruit Cherry Pie Filling Or Topping, 21 oz", "tags": "Canned Fruit Pudding & Gelatin Valentine's Day Baking All Mixes Easter Meal Ingredients Cake", "relevancy_score": 190.08764878048783, "price": "$7.53"}, {"title": "Sonic Watermelon Gelatin, 6 serve", "tags": "Pudding & Gelatin Valentine's Day Baking Chilled Puddings All Grab and Go Sandwiches, Salads Snack Packs Cookies Ingredients Easter Summer Grilling Snacks", "relevancy_score": 15.413963636363636, "price": "$1.16"}, {"title": "Carapelli Unfiltered Organic Extra Virgin Olive Oil: First Cold-Pressed EVOO, 25.36 fl oz (750ml)", "tags": "Olive Oils Condiments Restock Organic Food Essentials Paleo All Healthy & Vinegar Keto Kosher Foods", "relevancy_score": 46.05083076923077, "price": "$9.98"}, {"title": "(3 Pack) Gold Medal Wondra Quick Mixing, All-Purpose Flour, 13.5 oz", "tags": "No Sugar Foods Baking Restock Paleo Food Essentials Flour & Plant Based Needs Gluten-Free Staples Gluten Free Cooking", "relevancy_score": 299.1846967741936, "price": "$6.92"}, {"title": "(2 Pack) McCormick Pure Peppermint Extract, 2 fl oz", "tags": "Extracts & Flavorings Vanilla Extract All Pantry Clearance and Deals Cornbread Almond McCormick Non GMO Food", "relevancy_score": 59.87666976744186, "price": "$7.53"}, {"title": "Betty Crocker Mug Treats Chocolate Chip Cookie 13.9 Oz", "tags": "All Baking Mixes Brownie Mix Dessert Duncan Hines Cake", "relevancy_score": 166.62954366197184, "price": "$2.97"}, {"title": "Lucky Leaf Premium Strawberry Rhubarb Fruit Filling & Topping, 21 oz Can", "tags": "Canned Fruit Pudding & Gelatin Valentine's Day Baking All Mixes Easter Meal Ingredients Cake", "relevancy_score": 661.7071081967213, "price": "$2.88"}, {"title": "(2 Pack) McCormick Butter Extract, 2 fl oz", "tags": "Vanilla Extract All Pantry Clearance and Deals Almond Baking Ingredients Peppermint McCormick Extracts Vegan Foods Non GMO Food", "relevancy_score": 132.73821016949154, "price": "$5.06"}, {"title": "Duncan Hines Comstock Simply Apple Pie Filling & Topping", "tags": "Pudding & Gelatin Valentine's Day Baking All Mixes Easter Meal Ingredients Low Calorie Foods Cake", "relevancy_score": 46.05083076923077, "price": "$2.74"}, {"title": "Torani Puremade Dark Chocolate Sauce, Mocha and Dessert Topping, 16.5oz", "tags": "Syrups & Sweeteners Sugar-Free Food Essentials Snacks Hershey's Candy Flavored Syrup Holiday Hershey Baking", "relevancy_score": 589.2548631578948, "price": "$4.98"}, {"title": "Log House Vanilla CandiQuik Candy Coating Baking Bar, 16 oz", "tags": "Frosting, Toppings & Decorations Valentine's Day Baking Premium Chocolate Game Time Chips Ingredients Bars", "relevancy_score": 116.51417142857143, "price": "$3.74"}, {"title": "Goya All Purpose Seasoning with Pepper, 8 OZ", "tags": "Beans All Fresh Vegetables Canned Tomatoes Baked Pasta Sauce Snacks", "relevancy_score": 107.52652307692307, "price": "$6.91"}, {"title": "Jell-O Strawberry Instant Gelatin Mix, 4 ct - 12.0 oz Box", "tags": "Pie Fillings Valentine's Day Baking All Mixes Chilled Gelatins Ingredients Easter Cake", "relevancy_score": 1465.8529900293256, "price": "$3.64"}, {"title": "McCormick Perfect Pinch Salad Supreme Seasoning, 8.25 oz", "tags": "Shop All Salad Dressings Chicken Seasoning Mixed Spices & Seasonings Toppings Salt, Garlic Salt", "relevancy_score": 35.1614918918919, "price": "$5.98"}, {"title": "Iberia Premium Blend Sunflower Oil & Extra Virgin Olive Oil, 51 fl oz", "tags": "Oil & Shortening Cooking Oils Condiments Restock Organic Food Essentials Snacks Vegan Foods Summer Grilling Kosher", "relevancy_score": 228.1561263157895, "price": "$5.94"}, {"title": "McCormick Salt Free Garlic and Herb Seasoning, 4.37 oz", "tags": "Chicken Seasoning All Mixed Spices & Seasonings Single Herbs Italian Steak Salt, Seasoned Salt", "relevancy_score": 20.535717647058824, "price": "$3.74"}, {"title": "Tone's Restaurant Black Pepper, 8 oz $.87/oz", "tags": "Peppercorns All Pepper & Baking Restock Mixed Spices Seasonings Salts Salt Substitutes Single Herbs Non GMO Food Salt, Seasoning", "relevancy_score": 464.05192258064517, "price": "$6.98"}, {"title": "Duncan Hines Mega Cookie Chocolate Chunk Pan Cookie Mix, 7.8 OZ", "tags": "Valentine's Day Baking All Mixes Brownie Mix Game Time Dessert Duncan Hines Cake", "relevancy_score": 116.2768, "price": "$2.50"}, {"title": "(4 pack) Duncan Hines Mermaid Cake Cup Vanilla Cake Mix with Sprinkles, 2.15oz", "tags": "Unicorn Comforters Bedding Sets All Toys Pool Floats Kids Clothing Wall Decor Dolls", "relevancy_score": 58.51786666666666, "price": "$5.65"}, {"title": "Starburst Cherry Gelatin, 6 serve", "tags": "Pudding & Gelatin Valentine's Day Baking Chilled Puddings All Grab and Go Sandwiches, Salads Snack Packs Kosher Beverages Ingredients Powdered Drink Mix Easter", "relevancy_score": 29.561491891891887, "price": "$1.22"}, {"title": "Mazola 100% Pure Corn Oil, 2.5 gal", "tags": "Cooking Oils Olive Condiments Restock Easter & Sauces Low Calorie Foods Vegan Meals Kosher", "relevancy_score": 1525.7599170028818, "price": "$39.89"}, {"title": "Badia Health Seeds, Trilogy, Whole", "tags": "Organic Foods Sunflower Seeds All Nuts, Trail Mix,& Nuts Pumpkin Dried Fruits and Healthy Snacks Dairy Free", "relevancy_score": 86.64704680851064, "price": "$6.58"}, {"title": "McCormick Pure Orange Extract, 2 fl oz", "tags": "Extracts & Flavorings Vanilla Extract All Pantry Clearance and Deals Almond Baking Ingredients Peppermint Non GMO Food Salt, Spices Seasoning", "relevancy_score": 157.31412459016394, "price": "$3.88"}, {"title": "Goya Sazon Seasoning", "tags": "Stocks & Broths Canned Vegetables Snacks All Single Herbs Spices Bouillon Brown Sugar Minced Garlic Salt, Seasoning", "relevancy_score": 18.535717647058824, "price": "$5.47"}, {"title": "(3 Pack) Country Kitchen Syrup, Original, 36 Fl Oz", "tags": "All Pancake & Waffle Mixes National Day Maple Syrup Baking Restock Easter Brunch Syrups", "relevancy_score": 346.3273087378641, "price": "$7.15"}, {"title": "(2 pack) Duncan Hines Signature Tres Leches Cake Mix, 14.18 oz", "tags": "Valentine's Day Baking Chocolate Cake Mix All Mixes Betty Crocker Game Time Dessert Easter", "relevancy_score": 169.23216, "price": "$3.98"}, {"title": "(3 Pack) Lucky Leaf Premium Blackberry Fruit Filling & Topping 21 oz Can", "tags": "Canned Fruit Pudding & Gelatin Pie Fillings Berries Easter Meal Baking Ingredients Low Calorie Foods", "relevancy_score": 113.91417142857142, "price": "$10.95"}, {"title": "(4 Pack) McCormick Zesty Tasty Seasoning Mix, 1 oz", "tags": "Coatings & Batters Fajita Seasoning Snacks Herb Plants Low Calorie Foods Italian All Salt, Spices Cajun", "relevancy_score": 19.650514285714287, "price": "$6.13"}, {"title": "(2 Pack) Lawry's\u00ae Casero Total Seasoning, 10.75 oz", "tags": "Chicken Seasoning Garlic Powder All Single Herbs & Spices Steak BBQ Marinades Salt, Salt Seasoned", "relevancy_score": 155.95024516129033, "price": "$5.48"}, {"title": "(2 Pack) Roland Hot Chili Oil, 6.2 Oz", "tags": "Chili Vinegar Canned Grains Coconut Oil for Cooking Shop All Truffle Oils Gluten Free Foods Pasta &", "relevancy_score": 86.64704680851064, "price": "$5.78"}, {"title": "FISHER Chef's Naturals Chopped Walnuts, 32 oz, Naturally Gluten Free, No Preservatives, Non-GMO", "tags": "Baking Nuts, Coconut & Fruit All Trail Mix,& Seeds Keto Snacks Nuts Dried Fruits and Healthy Pecans", "relevancy_score": 839.0839529411764, "price": "$12.52"}, {"title": "McCormick Sea Salt Grinder, 6.1 OZ", "tags": "Peppercorns All Pepper & Salts Salt Substitutes Himalayan Pink Single Herbs Spices Salt, Seasoning Iodized", "relevancy_score": 67.24887272727273, "price": "$4.48"}, {"title": "(2 Pack) McCormick Rum Extract, 2 fl oz", "tags": "Gluten-Free Foods Vanilla Extract All Pantry Clearance and Deals Almond Baking Ingredients Peppermint McCormick Extracts Non GMO Food", "relevancy_score": 60.10102857142858, "price": "$6.75"}, {"title": "(3 Pack) Lucky Leaf Premium Lemon Filling & Topping 22 oz Can", "tags": "Pudding & Gelatin Pie Fillings Valentine's Day Baking All Mixes Easter Meal Ingredients Cake", "relevancy_score": 183.10754594594593, "price": "$7.09"}, {"title": "Baker's Cocoa Powder, Natural Unsweetened 100% Pure Cocoa, 8 oz Can", "tags": "Extracts & Flavorings Vanilla Extract Cocoa Powder Specialty Gluten Free Foods Hot Chocolate Low Sodium", "relevancy_score": 233.1243848101266, "price": "$3.60"}, {"title": "McCormick Grill Mates Hamburger Seasoning, 2.75 oz", "tags": "All Pepper & Peppercorns Taco Seasoning Chicken Single Herbs Spices Steak Non GMO Food Salt,", "relevancy_score": 313.6737212121212, "price": "$4.08"}, {"title": "(3 Pack) Nabisco Honey Maid: Pie Crust Graham, 6 Oz", "tags": "Pizza Crust Coatings & Batters Pies Tarts All Baking Mixes Easter Meal Ingredients Shop Kellogg's", "relevancy_score": 50.721697560975606, "price": "$5.72"}, {"title": "McCormick Whole Black Pepper, 3.5 oz", "tags": "Peppercorns All Pepper & Salts Salt Substitutes Himalayan Pink Single Herbs Spices Non GMO Food Salt, Seasoning Sea", "relevancy_score": 86.30760000000001, "price": "$4.98"}, {"title": "McCormick Onion Powder, 7.62 OZ", "tags": "All Pepper & Peppercorns Baking Restock Mixed Spices Seasonings Garlic Powder Single Herbs Non GMO Food Salt, Seasoning", "relevancy_score": 379.31170909090906, "price": "$5.78"}, {"title": "NIDO 3+ Powdered Milk Beverage", "tags": "All Baby Formula Food Stage 1 Toddler Cereal PediaSure Organic NIDO Supplementing & Nutrition", "relevancy_score": 730.6269617021276, "price": "$10.42"}, {"title": "Nutiva Organic Coconut Oil with Buttery Flavor, 29 fl oz", "tags": "Oil & Shortening Organic Foods Food Essentials Vegan Non GMO Shop All Plant Based Kosher", "relevancy_score": 541.1915718309859, "price": "$7.98"}, {"title": "(4 Pack) Smucker's\u00a0Marshmallow Flavored Spoonable Ice Cream Topping,12.25 Oz", "tags": "Frosting, Toppings & Decorations Valentine's Day Baking Marshmallows Restock All Syrups Smucker's Hershey", "relevancy_score": 119.56981818181818, "price": "$7.45"}, {"title": "(2 pack) Pillsbury Funfetti Frosting, Chocolate Fudge, 15.6 Oz", "tags": "Frosting, Toppings & Decorations Valentine's Day Baking All Mixes Betty Crocker Game Time Restock Dessert Cake", "relevancy_score": 0.0, "price": "$2.60"}, {"title": "La Tourangelle, Toasted Sesame Oil, 16.9 fl oz (500 ml)", "tags": "Condiments Vinegar Sunflower Seeds Rice Shop All Olive Oils Vegan Foods Avocado", "relevancy_score": 102.67501176470589, "price": "$9.97"}, {"title": "(2 Pack) McCormick Imitation Almond Extract, 2 fl oz", "tags": "Extracts & Flavorings Gluten-Free Foods Vanilla Extract All Pantry Clearance and Deals Almond Gluten Free Peppermint Non GMO Food", "relevancy_score": 72.01786666666666, "price": "$6.75"}, {"title": "(4 Pack) Thai Kitchen Gluten Free Unsweetened Coconut Milk, 13.66 fl oz", "tags": "Canned & Powdered Milk Snacks Plant-Based Vegan Foods Plant Based Baking Needs Dairy Free Non GMO Food Gluten-Free Staples", "relevancy_score": 28.958933333333334, "price": "$7.45"}, {"title": "Madhava Honey Organic Agave Nectar Amber, 23.5 Oz", "tags": "Organic Foods Food Essentials Baking Restock Specialty Sugars Keto Sugar Free Sweeteners All and", "relevancy_score": 84.94704680851065, "price": "$5.14"}, {"title": "(2 Pack) Duncan Hines Perfect Size for One Sunrise Blueberry Muffin Mix 2-2.29 oz Box", "tags": "Chocolate Cake Mix All Baking Mixes Brownie Dessert Easter Brunch Duncan Hines", "relevancy_score": 51.70102857142858, "price": "$4.99"}, {"title": "Goya Sazon Con Azafran Seasoning, 3.52 Oz", "tags": "Stocks & Broths Tortillas, Pitas Wraps Canned Tomatoes Pasta Sauce Snacks Vegan Foods Bouillon All Salt, Spices Seasoning", "relevancy_score": 31.661491891891895, "price": "$7.34"}, {"title": "Bisquick Flavor Burstin\u2019 Chocolate Chip Complete Pancake Mix", "tags": "All Baking Mixes On the Go Snacks Granola Bars Home Workout and Beverages Fiber One Breakfast & Snack Non GMO Food New Year You", "relevancy_score": 5.146890322580645, "price": "$2.46"}, {"title": "My*T*Fine: Pudding & Pie Filling Lemon, 2.75 Oz", "tags": "Pudding & Gelatin Pie Fillings Valentine's Day Baking All Mixes Chilled Gelatins Ingredients Cake", "relevancy_score": 140.2768, "price": "$1.48"}, {"title": "Roland Rough Cut Sugar Cubes from Pure Cane, 35.3 OZ", "tags": "Organic Foods Angostura Bitters Baking Restock Erythritol Sweeteners Granulated Sugar Specialty Sugars Brown Free", "relevancy_score": 165.61909999999997, "price": "$12.94"}, {"title": "Badia Chia Seed, 1.5 oz", "tags": "Organic Foods Sunflower Seeds All Nuts, Trail Mix,& Baking Ingredients Better For You New Year", "relevancy_score": 5.146890322580645, "price": "$14.99"}, {"title": "(2 Pack) Great Value Sprinkle Mix, 6-Cell, Red/Pink/Purple/Blue/Green/Orange, 6.35 oz", "tags": "Valentine's Day Baking Hard Candy Game Time Sprinkles Ingredients All Cake Mixes Food Coloring", "relevancy_score": 52.92169756097561, "price": "$7.72"}, {"title": "Starburst Lemon Gelatin, 6 serve", "tags": "Pudding & Gelatin Pie Fillings Valentine's Day Baking Chilled Puddings All Grab and Go Sandwiches, Salads Snack Packs Sugar-Free Food Essentials Ingredients Easter", "relevancy_score": 61.301028571428574, "price": "$1.22"}, {"title": "Barcel USA Coronado  Caramel Spread, 23.3 oz", "tags": "Frosting, Toppings & Decorations Large Dessert Cakes All Syrups Cream Cheese Spreads Lollipops Suckers Hershey Baking", "relevancy_score": 40.95865263157895, "price": "$4.74"}, {"title": "McCormick Gourmet Organic Ground Ginger, 1.25 oz", "tags": "All Pepper & Peppercorns Organic Food Essentials Mixed Spices Seasonings Garlic Powder Single Herbs Salt, Seasoning", "relevancy_score": 91.82144, "price": "$4.48"}, {"title": "(3 Pack) Duncan Hines Comstock More Fruit Apple Pie Filling & Topping 21 oz", "tags": "Canned Fruit Pudding & Gelatin All Baking Mixes Easter Meal Ingredients Low Calorie Foods Cake", "relevancy_score": 119.62382222222223, "price": "$8.23"}]