[
    {
        "title": "Impreva Bath Bath Wipe Soft Pack Aloe, Unscented, 7988 - One Pack of 8",
        "url": "https://www.walmart.com/ip/Impreva-Bath-Bath-Wipe-Soft-Pack-Aloe-Unscented-7988-One-Pack-of-8/138999320",
        "price": "$8.33",
        "stars": 0,
        "ratings": 0,
        "img": "i5.walmartimages.com/asr/74caf29f-1080-4507-8900-fb6c95b3f4c9_1.5656aec6df5fd93336260742c63e3cc3.jpeg?odnWidth=612&odnHeight=612&odnBg=ffffff",
        "tags": [
            [
                "Loofahs, Bath Sponges & Accessories",
                "/browse/personal-care/loofahs-bath-sponges-accessories/1005862_1071969_1001516"
            ],
            [
                "All Incontinence",
                "/browse/personal-care/all-incontinence/1005862_1225655_1005359"
            ],
            [
                "Stock up on Body Wash",
                "/browse/personal-care/stock-up-body-wash/1005862_1071969_1528860"
            ],
            [
                "Adult Hygiene",
                "/browse/personal-care/adult-hygiene/1005862_1225655_4359939"
            ],
            [
                "Adult Wipes",
                "/browse/personal-care/adult-wipes/1005862_1225655_4617231"
            ],
            [
                "Women's Body Wash",
                "/browse/personal-care/womens-body-wash/1005862_1071969_4894005"
            ],
            [
                "Assurance",
                "/browse/personal-care/assurance/1005862_1225655_8182768"
            ]
        ]
    },
    {
        "title": "AXE Body Wash for Men Phoenix (28 oz., 2 ct.)",
        "url": "https://www.walmart.com/ip/AXE-Body-Wash-for-Men-Phoenix-28-oz-2-ct/384894986",
        "price": "$17.15",
        "stars": "4.8",
        "ratings": "307 ",
        "img": "i5.walmartimages.com/asr/9dc9333d-ea8b-4507-a5aa-ba30ce4781ec_1.8d3a1d0dd94d6db3f729d675efb6b4c8.jpeg?odnWidth=612&odnHeight=612&odnBg=ffffff",
        "tags": [
            [
                "Stock up on Body Wash",
                "/browse/personal-care/stock-up-body-wash/1005862_1071969_1528860"
            ],
            [
                "Men's Bath & Body",
                "/browse/personal-care/mens-bath-body/1005862_1056884_2325953"
            ],
            [
                "Men's Body Wash",
                "/browse/personal-care/mens-body-wash/1005862_1071969_2531574"
            ],
            [
                "Old Spice Body Wash",
                "/browse/personal-care/old-spice-body-wash/1005862_1071969_6697726"
            ],
            [
                "Men's Shampoo and Conditioner",
                "/browse/personal-care/mens-shampoo-conditioner/1005862_1056884_8035912"
            ],
            [
                "Men's Personal Care",
                "/browse/mens-personal-care/1005862_8928973"
            ],
            [
                "Axe Body Wash",
                "/browse/personal-care/axe-body-wash/1005862_1071969_9229645"
            ]
        ]
    },
    {
        "title": "2 Pack - Baby Dove Tip to Toe Wash, Sensitive Moisture 13 oz",
        "url": "https://www.walmart.com/ip/2-Pack-Baby-Dove-Tip-to-Toe-Wash-Sensitive-Moisture-13-oz/478566398",
        "price": "$16.60",
        "stars": "4.7",
        "ratings": "164 ",
        "img": "i5.walmartimages.com/asr/45acfabc-88a1-4061-bc0a-d141a809f029_1.62537b3aeb57f9391efd9f8300777319.jpeg?odnWidth=612&odnHeight=612&odnBg=ffffff",
        "tags": [
            [
                "Dove Personal Care",
                "/browse/personal-care/dove-personal-care/1005862_1071969_1999831"
            ],
            [
                "Men's Body Wash",
                "/browse/personal-care/mens-body-wash/1005862_1071969_2531574"
            ],
            [
                "Dove Body Wash & Scrubs",
                "/browse/personal-care/dove-body-wash-scrubs/1005862_1071969_2771216"
            ],
            [
                "Dove Men Care Body Wash",
                "/browse/personal-care/dove-men-care-body-wash/1005862_1071969_3665482"
            ],
            [
                "Women's Body Wash",
                "/browse/personal-care/womens-body-wash/1005862_1071969_4894005"
            ],
            [
                "Dove Men + Care",
                "/browse/dove-men-care/1005862_7983046"
            ],
            [
                "2-in-1 Hair and Body Care",
                "/browse/2-in-1-hair-body-care/1005862_8779108"
            ]
        ]
    },
    {
        "title": "Dr Teal's Soften & Nourish with Milk & Honey Foaming Bath, 34 fl oz",
        "url": "https://www.walmart.com/ip/Dr-Teal-s-Soften-Nourish-with-Milk-Honey-Foaming-Bath-34-fl-oz/22211246",
        "price": "$12.09",
        "stars": "4.8",
        "ratings": "73 ",
        "img": "i5.walmartimages.com/asr/feea084b-b4fc-49c7-9ce9-660a8695b43c_1.b51d7ed706842d2c8a97a27ea9d31245.jpeg?odnWidth=612&odnHeight=612&odnBg=ffffff",
        "tags": [
            [
                "Body Wash & Shower Gel",
                "/browse/personal-care/body-wash-shower-gel/1005862_1071969_1074364"
            ],
            [
                "Bubble Baths & Soaks",
                "/browse/personal-care/bubble-baths-soaks/1005862_1071969_1802619"
            ],
            [
                "All Bath Bombs, Bubbles Bath & Soaks",
                "/browse/personal-care/all-bath-bombs-bubbles-bath-soaks/1005862_1071969_2187415"
            ],
            [
                "Bath Bombs",
                "/browse/personal-care/bath-bombs/1005862_1071969_2786220"
            ],
            [
                "Tree Hut Body Wash & Body Scrub",
                "/browse/personal-care/tree-hut-body-wash-body-scrub/1005862_1071969_6976070"
            ],
            [
                "Treehut Body Scrub",
                "/browse/personal-care/treehut-body-scrub/1005862_1071969_7914221"
            ],
            [
                "2-in-1 Hair and Body Care",
                "/browse/2-in-1-hair-body-care/1005862_8779108"
            ]
        ]
    },
    {
        "title": "Suave Men Body Wash, Refreshing 12 oz",
        "url": "https://www.walmart.com/ip/Suave-Men-Body-Wash-Refreshing-12-oz/928220413",
        "price": "$5.18",
        "stars": "4.8",
        "ratings": "5 ",
        "img": "i5.walmartimages.com/asr/9ccd2fd7-0821-4c4b-8472-564b46260691_1.b544b27fb572b856f443d59f9117da8c.jpeg?odnWidth=612&odnHeight=612&odnBg=ffffff",
        "tags": [
            [
                "Stock up on Body Wash",
                "/browse/personal-care/stock-up-body-wash/1005862_1071969_1528860"
            ],
            [
                "Men's Bath & Body",
                "/browse/personal-care/mens-bath-body/1005862_1056884_2325953"
            ],
            [
                "Men's Body Wash",
                "/browse/personal-care/mens-body-wash/1005862_1071969_2531574"
            ],
            [
                "Old Spice Body Wash",
                "/browse/personal-care/old-spice-body-wash/1005862_1071969_6697726"
            ],
            [
                "Men's Shampoo and Conditioner",
                "/browse/personal-care/mens-shampoo-conditioner/1005862_1056884_8035912"
            ],
            [
                "2-in-1 Hair and Body Care",
                "/browse/2-in-1-hair-body-care/1005862_8779108"
            ],
            [
                "Men's Personal Care",
                "/browse/mens-personal-care/1005862_8928973"
            ]
        ]
    },
    {
        "title": "The Right To Shower Strength Body Wash Red Ginger and Currant, 16 oz",
        "url": "https://www.walmart.com/ip/The-Right-To-Shower-Strength-Body-Wash-Red-Ginger-and-Currant-16-oz/880484529",
        "price": "$11.99",
        "stars": "5.0",
        "ratings": "4 ",
        "img": "i5.walmartimages.com/asr/6e06524b-ade9-48ba-8071-f050d5707aaf.dc41f44e971d9513136a2da864c2c275.jpeg?odnWidth=612&odnHeight=612&odnBg=ffffff",
        "tags": [
            [
                "Hand Soaps",
                "/browse/personal-care/hand-soaps/1005862_1071969_1001719"
            ],
            [
                "Clean Living Body Wash",
                "/browse/personal-care/clean-living-body-wash/1005862_1071969_2398684"
            ],
            [
                "Dr. Bronner's Body Care",
                "/browse/personal-care/dr-bronners-body-care/1005862_1071969_3076063"
            ],
            [
                "Aveeno Body Wash",
                "/browse/personal-care/aveeno-body-wash/1005862_1071969_4176986"
            ],
            [
                "Women's Body Wash",
                "/browse/personal-care/womens-body-wash/1005862_1071969_4894005"
            ],
            [
                "Old Spice Body Wash",
                "/browse/personal-care/old-spice-body-wash/1005862_1071969_6697726"
            ],
            [
                "Discover! Staff-Favorite Body Care",
                "/browse/personal-care/discover-staff-favorite-body-care/1005862_1071969_8051400"
            ],
            [
                "Aveeno Body Care",
                "/browse/personal-care/aveeno-body-care/1005862_1071969_8990857"
            ]
        ]
    },
    {
        "title": "Everyone 3-in-1 Soap Mint and Coconut 32 Oz.",
        "url": "https://www.walmart.com/ip/Everyone-3-in-1-Soap-Mint-and-Coconut-32-Oz/54801627",
        "price": "$22.65",
        "stars": "4.9",
        "ratings": "15 ",
        "img": "i5.walmartimages.com/asr/d0dc7f48-9521-4dac-b378-c9f3d84f2718_1.cb7906a9435328b635fd0d1d5c599e2c.png?odnWidth=612&odnHeight=612&odnBg=ffffff",
        "tags": [
            [
                "New in Clean Living Body Wash",
                "/browse/personal-care/new-in-clean-living-body-wash/1005862_1071969_3481881"
            ],
            [
                "Discover! Staff-Favorite Body Moisturizers",
                "/browse/personal-care/discover-staff-favorite-body-moisturizers/1005862_1071969_3811606"
            ],
            [
                "Kids Body Wash",
                "/browse/personal-care/kids-body-wash/1005862_1071969_3990926"
            ],
            [
                "Alba Botanica Body Care",
                "/browse/personal-care/alba-botanica-body-care/1005862_1071969_5038963"
            ],
            [
                "EO Everyone Body Care",
                "/browse/personal-care/eo-everyone-body-care/1005862_1071969_5123759"
            ],
            [
                "Stock up on Hand Wash",
                "/browse/personal-care/stock-up-hand-wash/1005862_1071969_7917529"
            ],
            [
                "New in Body Scrubs",
                "/browse/personal-care/new-in-body-scrubs/1005862_1071969_9252142"
            ],
            [
                "Sheamoisture Body Scrub",
                "/browse/personal-care/sheamoisture-body-scrub/1005862_1071969_9969471"
            ]
        ]
    },
    {
        "title": "Heritage, Organic Castor Oil, Cold Pressed, For Skin, 16oz",
        "url": "https://www.walmart.com/ip/Heritage-Organic-Castor-Oil-Cold-Pressed-For-Skin-16oz/28485424",
        "price": "$16.16",
        "stars": "4.7",
        "ratings": "30 ",
        "img": "i5.walmartimages.com/asr/68702526-cd74-415c-8c84-63b9ea3b4457.99ed9f5df08a392ab155cd5f6e6ea728.jpeg?odnWidth=612&odnHeight=612&odnBg=ffffff",
        "tags": [
            [
                "Essential Oils and Diffusers",
                "/browse/health/essential-oils-diffusers/976760_9035881_1564659_1431759"
            ],
            [
                "Prenatal Essential Oils",
                "/browse/health/prenatal-essential-oils/976760_1005863_4361990_1861988"
            ],
            [
                "Aromatherapy",
                "/browse/health/aromatherapy/976760_1274339_2952808"
            ],
            [
                "Beauty Essential Oils",
                "/browse/health/beauty-essential-oils/976760_1005863_4455068_6455680"
            ],
            [
                "Calm Your Mind",
                "/browse/health/calm-your-mind/976760_9035881_6638243"
            ],
            [
                "Aromatherapy Accessories",
                "/browse/health/aromatherapy-accessories/976760_1274339_9494254"
            ],
            [
                "FSA/HSA Eligible Aromatherapy and Essential Oils",
                "/browse/health/fsa-hsa-eligible-aromatherapy-essential-oils/976760_6120851_4718320_9996174"
            ]
        ]
    },
    {
        "title": "McKesson Brand Rinse-Free Perineal Wash McKesson Liquid 1 gal. Jug Fresh Scent Each of 1",
        "url": "https://www.walmart.com/ip/McKesson-Brand-Rinse-Free-Perineal-Wash-McKesson-Liquid-1-gal-Jug-Fresh-Scent-Each-of-1/365833356",
        "price": "$15.68",
        "stars": "5.0",
        "ratings": "1 ",
        "img": "",
        "tags": [
            [
                "Stock up on Body Wash",
                "/browse/personal-care/stock-up-body-wash/1005862_1071969_1528860"
            ],
            [
                "Dove Personal Care",
                "/browse/personal-care/dove-personal-care/1005862_1071969_1999831"
            ],
            [
                "Men's Bath & Body",
                "/browse/personal-care/mens-bath-body/1005862_1056884_2325953"
            ],
            [
                "Men's Body Wash",
                "/browse/personal-care/mens-body-wash/1005862_1071969_2531574"
            ],
            [
                "Dove Body Wash & Scrubs",
                "/browse/personal-care/dove-body-wash-scrubs/1005862_1071969_2771216"
            ],
            [
                "Women's Body Wash",
                "/browse/personal-care/womens-body-wash/1005862_1071969_4894005"
            ]
        ]
    },
    {
        "title": "Zest Ocean Breeze with Sea Minerals Invigorating Body Wash, 18 fl oz",
        "url": "https://www.walmart.com/ip/Zest-Ocean-Breeze-with-Sea-Minerals-Invigorating-Body-Wash-18-fl-oz/19898003",
        "price": "$9.74",
        "stars": "4.7",
        "ratings": "46 ",
        "img": "i5.walmartimages.com/asr/efd97c61-f3b0-4f77-907e-21431f8fee04.35cc98195ad2587a6c4466b6b0145f9c.jpeg?odnWidth=612&odnHeight=612&odnBg=ffffff",
        "tags": [
            [
                "Stock up on Body Wash",
                "/browse/personal-care/stock-up-body-wash/1005862_1071969_1528860"
            ],
            [
                "New in Body Wash",
                "/browse/personal-care/new-in-body-wash/1005862_1071969_2267059"
            ],
            [
                "Clean Living Body Wash",
                "/browse/personal-care/clean-living-body-wash/1005862_1071969_2398684"
            ],
            [
                "Men's Body Wash",
                "/browse/personal-care/mens-body-wash/1005862_1071969_2531574"
            ],
            [
                "New in Clean Living Body Wash",
                "/browse/personal-care/new-in-clean-living-body-wash/1005862_1071969_3481881"
            ],
            [
                "Dove Men Care Body Wash",
                "/browse/personal-care/dove-men-care-body-wash/1005862_1071969_3665482"
            ],
            [
                "Aveeno Body Wash",
                "/browse/personal-care/aveeno-body-wash/1005862_1071969_4176986"
            ],
            [
                "Dove Men + Care",
                "/browse/dove-men-care/1005862_7983046"
            ]
        ]
    }
]