[
    {
        "title": "DenTek Extra Strong Triple Clean Floss Picks, Mouthwash Blast 90 ea (Pack of 2)",
        "url": "https://www.walmart.com/ip/DenTek-Extra-Strong-Triple-Clean-Floss-Picks-Mouthwash-Blast-90-ea-Pack-of-2/44927059",
        "price": "$7.87",
        "stars": "3.7",
        "ratings": "3 ",
        "img": "i5.walmartimages.com/asr/8cf79325-9cf9-4f7c-9d85-3fb28d67bb26_1.8561f657982ba69cb466ac3de64f082e.jpeg?odnWidth=612&odnHeight=612&odnBg=ffffff",
        "tags": [
            [
                "Kids Oral Care",
                "/browse/personal-care/kids-oral-care/1005862_1007221_1094604"
            ],
            [
                "All Dental Floss",
                "/browse/personal-care/all-dental-floss/1005862_1007221_1044031_2443344"
            ],
            [
                "All Water Flossers",
                "/browse/personal-care/all-water-flossers/1005862_1007221_1024682_3052677"
            ],
            [
                "Plackers Floss",
                "/browse/personal-care/plackers-floss/1005862_1007221_1044031_3433293"
            ],
            [
                "Braces Floss",
                "/browse/personal-care/braces-floss/1005862_1007221_1044031_3779853"
            ],
            [
                "Oral-B",
                "/browse/personal-care/oral-b/1005862_9157053_5149475"
            ],
            [
                "Interdental Brushes",
                "/browse/personal-care/interdental-brushes/1005862_1007221_1044031_7314366"
            ]
        ]
    },
    {
        "title": "REACH Unflavored Waxed Dental Floss, 55 yds",
        "url": "https://www.walmart.com/ip/REACH-Unflavored-Waxed-Dental-Floss-55-yds/584977829",
        "price": "$7.77",
        "stars": "3.0",
        "ratings": "2 ",
        "img": "",
        "tags": [
            [
                "All Dental Floss",
                "/browse/personal-care/all-dental-floss/1005862_1007221_1044031_2443344"
            ],
            [
                "Listerine",
                "/browse/personal-care/listerine/1005862_9157053_2941559"
            ],
            [
                "Braces Floss",
                "/browse/personal-care/braces-floss/1005862_1007221_1044031_3779853"
            ],
            [
                "Oral-B",
                "/browse/personal-care/oral-b/1005862_9157053_5149475"
            ],
            [
                "Listerine Mouthwash",
                "/browse/personal-care/listerine-mouthwash/1005862_1007221_1007360_6779281"
            ],
            [
                "Glide Floss",
                "/browse/personal-care/glide-floss/1005862_1007221_1044031_8431069"
            ]
        ]
    },
    {
        "title": "Tartar Remover Professional Tooth Cleaning,Tartar Remover Removes Plaque & Impurities for White Teeth, Tooth Cleaning, Interdental Brushes, Tooth Polisher, Effective Dental Cutlery",
        "url": "https://www.walmart.com/ip/Tartar-Remover-Professional-Tooth-Cleaning-Tartar-Removes-Plaque-Impurities-White-Teeth-Cleaning-Interdental-Brushes-Polisher-Effective-Dental-Cutler/550435814",
        "price": "$21.99",
        "stars": 0,
        "ratings": 0,
        "img": "i5.walmartimages.com/asr/da19d521-aa19-45af-8307-481c35d648f2_1.28d45cfb76ef5a7a99842b82c19c30bf.jpeg?odnWidth=612&odnHeight=612&odnBg=ffffff",
        "tags": []
    },
    {
        "title": "Gum Eez-Thru Floss Threaders, 25 count Pack of 3",
        "url": "https://www.walmart.com/ip/Gum-Eez-Thru-Floss-Threaders-25-count-Pack-of-3/969293343",
        "price": "$11.07",
        "stars": "5.0",
        "ratings": "1 ",
        "img": "i5.walmartimages.com/asr/98d7facc-c12d-4d79-8ba4-caf04e4cc3e6.bb79fb8505b68bc85fefb30665adef14.jpeg?odnWidth=612&odnHeight=612&odnBg=ffffff",
        "tags": [
            [
                "All Dental Floss",
                "/browse/personal-care/all-dental-floss/1005862_1007221_1044031_2443344"
            ],
            [
                "All Water Flossers",
                "/browse/personal-care/all-water-flossers/1005862_1007221_1024682_3052677"
            ],
            [
                "All Waterpik",
                "/browse/personal-care/all-waterpik/1005862_1007221_1024682_5270254_4545814"
            ],
            [
                "Floss Picks",
                "/browse/personal-care/floss-picks/1005862_1007221_1044031_4600948"
            ],
            [
                "String Floss",
                "/browse/personal-care/string-floss/1005862_1007221_1044031_7062539"
            ],
            [
                "Interdental Brushes",
                "/browse/personal-care/interdental-brushes/1005862_1007221_1044031_7314366"
            ]
        ]
    },
    {
        "title": "Oral-B Glide Deep Clean Floss Picks",
        "url": "https://www.walmart.com/ip/Oral-B-Glide-Deep-Clean-Floss-Picks/318683636",
        "price": "$34.55",
        "stars": 0,
        "ratings": 0,
        "img": "i5.walmartimages.com/asr/97704944-3bfa-4abf-a6d9-13b80d8c793a_1.9491233ac5e4f2d7ec4bd9890aaf85a6.jpeg?odnWidth=612&odnHeight=612&odnBg=ffffff",
        "tags": [
            [
                "All Dental Floss",
                "/browse/personal-care/all-dental-floss/1005862_1007221_1044031_2443344"
            ],
            [
                "All Water Flossers",
                "/browse/personal-care/all-water-flossers/1005862_1007221_1024682_3052677"
            ],
            [
                "Braces Floss",
                "/browse/personal-care/braces-floss/1005862_1007221_1044031_3779853"
            ],
            [
                "All Waterpik",
                "/browse/personal-care/all-waterpik/1005862_1007221_1024682_5270254_4545814"
            ],
            [
                "Waterpik Replacement Tips",
                "/browse/personal-care/waterpik-replacement-tips/1005862_1007221_1024682_5270254_8312810"
            ],
            [
                "Glide Floss",
                "/browse/personal-care/glide-floss/1005862_1007221_1044031_8431069"
            ]
        ]
    },
    {
        "title": "Oral-B Mint Dental Floss, 43.7 yds. (6-Pack)Twice as soft as Glide original By Glide",
        "url": "https://www.walmart.com/ip/Oral-B-Mint-Dental-Floss-43-7-yds-6-Pack-Twice-as-soft-as-Glide-original-By-Glide/613885157",
        "price": "$30.78",
        "stars": 0,
        "ratings": 0,
        "img": "i5.walmartimages.com/asr/7d57e3e8-abde-4695-a765-97b385b0ecfa_1.1900bd13c039ea7e18c7b6da4c45d3ea.jpeg?odnWidth=612&odnHeight=612&odnBg=ffffff",
        "tags": [
            [
                "All Dental Floss",
                "/browse/personal-care/all-dental-floss/1005862_1007221_1044031_2443344"
            ],
            [
                "Braces Floss",
                "/browse/personal-care/braces-floss/1005862_1007221_1044031_3779853"
            ],
            [
                "Floss Picks",
                "/browse/personal-care/floss-picks/1005862_1007221_1044031_4600948"
            ],
            [
                "Oral-B",
                "/browse/personal-care/oral-b/1005862_9157053_5149475"
            ],
            [
                "String Floss",
                "/browse/personal-care/string-floss/1005862_1007221_1044031_7062539"
            ],
            [
                "Cold Weather Skincare",
                "/browse/cold-weather-skincare/1005862_8664755"
            ]
        ]
    },
    {
        "title": "OTVIAP Stainless Steel Dentist Tool Set,Professional Stainless Steel Dentist Explorer Probe Set Teeth Clean Hygien Examination Tool , Tartar Removing Kit",
        "url": "https://www.walmart.com/ip/OTVIAP-Stainless-Steel-Dentist-Tool-Set-Professional-Explorer-Probe-Set-Teeth-Clean-Hygien-Examination-Tartar-Removing-Kit/404901943",
        "price": "$13.24",
        "stars": "3.0",
        "ratings": "1 ",
        "img": "i5.walmartimages.com/asr/843dc43b-f5b1-4d43-9955-0b422a160a33_1.d99c14a19fc3c558a2a89d62d3e0b102.jpeg?odnWidth=612&odnHeight=612&odnBg=ffffff",
        "tags": []
    },
    {
        "title": "Eco Dent Dental Floss - Cranberry/Aloe Ea",
        "url": "https://www.walmart.com/ip/Eco-Dent-Dental-Floss-Cranberry-Aloe-Ea/532944934",
        "price": "$14.19",
        "stars": 0,
        "ratings": 0,
        "img": "i5.walmartimages.com/asr/f30d0985-ec69-4d67-9d05-93985fbe6886.0ea31b93510b7042130f733e20318578.jpeg?odnWidth=612&odnHeight=612&odnBg=ffffff",
        "tags": []
    },
    {
        "title": "Sunstar Gum Soft Picks For Wider Spaces, 50 Ea, 6 Pack",
        "url": "https://www.walmart.com/ip/Sunstar-Gum-Soft-Picks-For-Wider-Spaces-50-Ea-6-Pack/670985516",
        "price": "$20.45",
        "stars": 0,
        "ratings": 0,
        "img": "",
        "tags": []
    },
    {
        "title": "5 Pack - Dentek Deep Clean Bristle Picks Mint 250 Count Each",
        "url": "https://www.walmart.com/ip/5-Pack-Dentek-Deep-Clean-Bristle-Picks-Mint-250-Count-Each/269102779",
        "price": "$16.63",
        "stars": "5.0",
        "ratings": "1 ",
        "img": "",
        "tags": [
            [
                "Oral Pain Relief",
                "/browse/personal-care/oral-pain-relief/1005862_1007221_1044254"
            ],
            [
                "All Breath Freshener",
                "/browse/personal-care/all-breath-freshener/1005862_1007221_8721343_3777687"
            ],
            [
                "Braces Floss",
                "/browse/personal-care/braces-floss/1005862_1007221_1044031_3779853"
            ],
            [
                "Floss Picks",
                "/browse/personal-care/floss-picks/1005862_1007221_1044031_4600948"
            ],
            [
                "Interdental Brushes",
                "/browse/personal-care/interdental-brushes/1005862_1007221_1044031_7314366"
            ],
            [
                "Night Guard",
                "/browse/personal-care/night-guard/1005862_1007221_1044029_9888095"
            ]
        ]
    }
]