[
    {
        "title": "The Doctor's BrushPicks 275 each (Pack of 3)",
        "url": "https://www.walmart.com/ip/The-Doctor-s-BrushPicks-275-each-Pack-of-3/44377707",
        "price": "$10.82",
        "stars": "5.0",
        "ratings": "6 ",
        "img": "i5.walmartimages.com/asr/6dffc596-d555-47fb-b298-28e02dd93d34_1.19ed1fe17e954dcc2b64aa3223523587.jpeg?odnWidth=612&odnHeight=612&odnBg=ffffff",
        "tags": [
            [
                "All Water Flossers",
                "/browse/personal-care/all-water-flossers/1005862_1007221_1024682_3052677"
            ],
            [
                "Floss Picks",
                "/browse/personal-care/floss-picks/1005862_1007221_1044031_4600948"
            ],
            [
                "All Dry Mouth Mouthwash",
                "/browse/personal-care/all-dry-mouth-mouthwash/1005862_1007221_1007360_8361519_5654027"
            ],
            [
                "Interdental Brushes",
                "/browse/personal-care/interdental-brushes/1005862_1007221_1044031_7314366"
            ],
            [
                "All Mouthwash",
                "/browse/personal-care/all-mouthwash/1005862_1007221_1007360_7390687"
            ]
        ]
    },
    {
        "title": "[2020 Latest Version with DIY Mode]360ML Water Flosser Professional Cordless Dental Oral Irrigator -  Portable and Rechargeable IPX7 Waterproof 4 Modes Water Flosser for Home",
        "url": "https://www.walmart.com/ip/2020-Latest-Version-DIY-Mode-360ML-Water-Flosser-Professional-Cordless-Dental-Oral-Irrigator-Portable-Rechargeable-IPX7-Waterproof-4-Modes-Home/851562715",
        "price": "$29.99",
        "stars": 0,
        "ratings": 0,
        "img": "i5.walmartimages.com/asr/e58d8c72-38d2-4e75-9123-7e422189412b.74d8f0dd558597e0d15aef5a2efa0e46.jpeg?odnWidth=612&odnHeight=612&odnBg=ffffff",
        "tags": [
            [
                "All Dental Floss",
                "/browse/personal-care/all-dental-floss/1005862_1007221_1044031_2443344"
            ],
            [
                "Braces Floss",
                "/browse/personal-care/braces-floss/1005862_1007221_1044031_3779853"
            ],
            [
                "All Waterpik",
                "/browse/personal-care/all-waterpik/1005862_1007221_1024682_5270254_4545814"
            ],
            [
                "Floss Picks",
                "/browse/personal-care/floss-picks/1005862_1007221_1044031_4600948"
            ],
            [
                "All Electric Toothbrushes",
                "/browse/personal-care/all-electric-toothbrushes/1005862_1007221_2709578_4710_7057335"
            ],
            [
                "Waterpik Replacement Tips",
                "/browse/personal-care/waterpik-replacement-tips/1005862_1007221_1024682_5270254_8312810"
            ]
        ]
    },
    {
        "title": "4 Pack - The Doctor's BrushPicks 120 Each",
        "url": "https://www.walmart.com/ip/4-Pack-The-Doctor-s-BrushPicks-120-Each/885579976",
        "price": "$10.78",
        "stars": "5.0",
        "ratings": "1 ",
        "img": "i5.walmartimages.com/asr/68e86e6f-53c7-4e2e-ae41-72313350dc6e_1.c3a3f81deba94ca4ea77869927b63332.jpeg?odnWidth=612&odnHeight=612&odnBg=ffffff",
        "tags": [
            [
                "All Oral Accessories",
                "/browse/personal-care/all-oral-accessories/1005862_1007221_1044029_1891099"
            ],
            [
                "All Dental Floss",
                "/browse/personal-care/all-dental-floss/1005862_1007221_1044031_2443344"
            ],
            [
                "All Water Flossers",
                "/browse/personal-care/all-water-flossers/1005862_1007221_1024682_3052677"
            ],
            [
                "Floss Picks",
                "/browse/personal-care/floss-picks/1005862_1007221_1044031_4600948"
            ],
            [
                "Interdental Brushes",
                "/browse/personal-care/interdental-brushes/1005862_1007221_1044031_7314366"
            ]
        ]
    },
    {
        "title": "POH NoWax Classic 490, Floss, 100 Yd.",
        "url": "https://www.walmart.com/ip/POH-NoWax-Classic-490-Floss-100-Yd/30871892",
        "price": "$8.21",
        "stars": "5.0",
        "ratings": "1 ",
        "img": "",
        "tags": [
            [
                "All Dental Floss",
                "/browse/personal-care/all-dental-floss/1005862_1007221_1044031_2443344"
            ],
            [
                "Listerine",
                "/browse/personal-care/listerine/1005862_9157053_2941559"
            ],
            [
                "Braces Floss",
                "/browse/personal-care/braces-floss/1005862_1007221_1044031_3779853"
            ],
            [
                "Oral-B",
                "/browse/personal-care/oral-b/1005862_9157053_5149475"
            ],
            [
                "Tom's of Maine",
                "/browse/personal-care/toms-of-maine/1005862_9157053_6295630"
            ],
            [
                "Listerine Mouthwash",
                "/browse/personal-care/listerine-mouthwash/1005862_1007221_1007360_6779281"
            ],
            [
                "Glide Floss",
                "/browse/personal-care/glide-floss/1005862_1007221_1044031_8431069"
            ]
        ]
    },
    {
        "title": "Electric Dental Calculus Plaque Remover Tool Kit - Tooth Scraper Tartar Removal Cleaner - Teeth Stain Eraser Polisher - Remove Tarter for Kids Adult, Blue",
        "url": "https://www.walmart.com/ip/Electric-Dental-Calculus-Plaque-Remover-Tool-Kit-Tooth-Scraper-Tartar-Removal-Cleaner-Teeth-Stain-Eraser-Polisher-Remove-Tarter-Kids-Adult-Blue/734557019",
        "price": "$15.69",
        "stars": "5.0",
        "ratings": "2 ",
        "img": "i5.walmartimages.com/asr/12c7224b-a079-4472-a02c-34cfa6e2d338_1.afc68b104cc12f9c26eb044175b50ca7.jpeg?odnWidth=612&odnHeight=612&odnBg=ffffff",
        "tags": [
            [
                "All Dental Floss",
                "/browse/personal-care/all-dental-floss/1005862_1007221_1044031_2443344"
            ],
            [
                "All Water Flossers",
                "/browse/personal-care/all-water-flossers/1005862_1007221_1024682_3052677"
            ],
            [
                "Braces Floss",
                "/browse/personal-care/braces-floss/1005862_1007221_1044031_3779853"
            ],
            [
                "Floss Picks",
                "/browse/personal-care/floss-picks/1005862_1007221_1044031_4600948"
            ],
            [
                "All Teeth Whitening",
                "/browse/personal-care/all-teeth-whitening/1005862_1007221_1044034_5073174"
            ]
        ]
    },
    {
        "title": "Oral-B Glide 3d White Floss Picks, Arctic Peppermint Oil, 75 Picks, 4 Pack",
        "url": "https://www.walmart.com/ip/Oral-B-Glide-3d-White-Floss-Picks-Arctic-Peppermint-Oil-75-Picks-4-Pack/201769275",
        "price": "$14.99",
        "stars": "3.2",
        "ratings": "17 ",
        "img": "i5.walmartimages.com/asr/bfc6ae9e-63eb-4733-a9d4-83c84cbb46e0.afa14b83f1d2b45f8161297fe7e98c7c.jpeg?odnWidth=612&odnHeight=612&odnBg=ffffff",
        "tags": [
            [
                "All Dental Floss",
                "/browse/personal-care/all-dental-floss/1005862_1007221_1044031_2443344"
            ],
            [
                "All Water Flossers",
                "/browse/personal-care/all-water-flossers/1005862_1007221_1024682_3052677"
            ],
            [
                "Braces Floss",
                "/browse/personal-care/braces-floss/1005862_1007221_1044031_3779853"
            ],
            [
                "All Waterpik",
                "/browse/personal-care/all-waterpik/1005862_1007221_1024682_5270254_4545814"
            ],
            [
                "Waterpik Replacement Tips",
                "/browse/personal-care/waterpik-replacement-tips/1005862_1007221_1024682_5270254_8312810"
            ],
            [
                "Glide Floss",
                "/browse/personal-care/glide-floss/1005862_1007221_1044031_8431069"
            ]
        ]
    },
    {
        "title": "gum flossmate handle #845 - pack of 3",
        "url": "https://www.walmart.com/ip/gum-flossmate-handle-845-pack-of-3/630989209",
        "price": "$10.99",
        "stars": "4.0",
        "ratings": "1 ",
        "img": "i5.walmartimages.com/asr/3bf10c8a-f1e8-4d53-a5a1-8ecbd9408aed_1.91644c3b69da75a2adefd33817655745.jpeg?odnWidth=612&odnHeight=612&odnBg=ffffff",
        "tags": [
            [
                "Listerine",
                "/browse/personal-care/listerine/1005862_9157053_2941559"
            ],
            [
                "Plackers Floss",
                "/browse/personal-care/plackers-floss/1005862_1007221_1044031_3433293"
            ],
            [
                "Braces Floss",
                "/browse/personal-care/braces-floss/1005862_1007221_1044031_3779853"
            ],
            [
                "Floss Picks",
                "/browse/personal-care/floss-picks/1005862_1007221_1044031_4600948"
            ],
            [
                "String Floss",
                "/browse/personal-care/string-floss/1005862_1007221_1044031_7062539"
            ],
            [
                "Glide Floss",
                "/browse/personal-care/glide-floss/1005862_1007221_1044031_8431069"
            ]
        ]
    },
    {
        "title": "STIM-U-DENTS MINT FLAV 9245 100 EACH",
        "url": "https://www.walmart.com/ip/STIM-U-DENTS-MINT-FLAV-9245-100-EACH/20440496",
        "price": "$3.89",
        "stars": "4.6",
        "ratings": "56 ",
        "img": "",
        "tags": [
            [
                "Denture Adhesive",
                "/browse/personal-care/denture-adhesive/1005862_1007221_1007359"
            ],
            [
                "Oral Pain Relief",
                "/browse/personal-care/oral-pain-relief/1005862_1007221_1044254"
            ],
            [
                "All Dental Floss",
                "/browse/personal-care/all-dental-floss/1005862_1007221_1044031_2443344"
            ],
            [
                "All Breath Freshener",
                "/browse/personal-care/all-breath-freshener/1005862_1007221_8721343_3777687"
            ],
            [
                "Braces Floss",
                "/browse/personal-care/braces-floss/1005862_1007221_1044031_3779853"
            ],
            [
                "Night Guard",
                "/browse/personal-care/night-guard/1005862_1007221_1044029_9888095"
            ]
        ]
    },
    {
        "title": "Stim-U-Dent Plaque Removers Value Pack Mint Flavor - 200 Ea 2 Pack",
        "url": "https://www.walmart.com/ip/Stim-U-Dent-Plaque-Removers-Value-Pack-Mint-Flavor-200-Ea-2-Pack/969544134",
        "price": "$9.98",
        "stars": "4.8",
        "ratings": "4 ",
        "img": "",
        "tags": [
            [
                "All Dental Floss",
                "/browse/personal-care/all-dental-floss/1005862_1007221_1044031_2443344"
            ],
            [
                "Braces Floss",
                "/browse/personal-care/braces-floss/1005862_1007221_1044031_3779853"
            ],
            [
                "All Dry Mouth Mouthwash",
                "/browse/personal-care/all-dry-mouth-mouthwash/1005862_1007221_1007360_8361519_5654027"
            ],
            [
                "All Mouthwash",
                "/browse/personal-care/all-mouthwash/1005862_1007221_1007360_7390687"
            ],
            [
                "Night Guard",
                "/browse/personal-care/night-guard/1005862_1007221_1044029_9888095"
            ]
        ]
    },
    {
        "title": "DenTek DENTAL PICKS Deep Clean Mint Toothpicks Plaque Removers 100 Picks Each",
        "url": "https://www.walmart.com/ip/DenTek-DENTAL-PICKS-Deep-Clean-Mint-Toothpicks-Plaque-Removers-100-Picks-Each/271924222",
        "price": "$5.76",
        "stars": 0,
        "ratings": 0,
        "img": "",
        "tags": [
            [
                "Kids Oral Care",
                "/browse/personal-care/kids-oral-care/1005862_1007221_1094604"
            ],
            [
                "All Dental Floss",
                "/browse/personal-care/all-dental-floss/1005862_1007221_1044031_2443344"
            ],
            [
                "Plackers Floss",
                "/browse/personal-care/plackers-floss/1005862_1007221_1044031_3433293"
            ],
            [
                "Braces Floss",
                "/browse/personal-care/braces-floss/1005862_1007221_1044031_3779853"
            ],
            [
                "Floss Picks",
                "/browse/personal-care/floss-picks/1005862_1007221_1044031_4600948"
            ],
            [
                "Oral-B",
                "/browse/personal-care/oral-b/1005862_9157053_5149475"
            ],
            [
                "Interdental Brushes",
                "/browse/personal-care/interdental-brushes/1005862_1007221_1044031_7314366"
            ],
            [
                "Glide Floss",
                "/browse/personal-care/glide-floss/1005862_1007221_1044031_8431069"
            ]
        ]
    }
]