[
    {
        "title": "Eyebrow Razor,6 in 1 Eyebrow Kit,Multipurpose Exfoliating  Tool Face Razors for Women, Including Facial Trimmer Shaver,Eyebrow Brush,Scissors,Tweezers,Storage Bag",
        "url": "https://www.walmart.com/ip/Eyebrow-Razor-6-1-Kit-Multipurpose-Exfoliating-Tool-Face-Razors-Women-Including-Facial-Trimmer-Shaver-Eyebrow-Brush-Scissors-Tweezers-Storage-Bag/217699984",
        "price": "$8.99",
        "stars": 0,
        "ratings": 0,
        "img": "i5.walmartimages.com/asr/a1047260-9671-40f9-93f9-48a698cc6711.dde646b542b845066642b10021855071.jpeg?odnWidth=612&odnHeight=612&odnBg=ffffff",
        "tags": [
            [
                "Razors",
                "/browse/personal-care/razors/1005862_1007220_1007399"
            ],
            [
                "Razor Blades",
                "/browse/personal-care/razor-blades/1005862_1007220_1044020"
            ],
            [
                "Women's Razor Blades",
                "/browse/personal-care/womens-razor-blades/1005862_1007220_2012569"
            ],
            [
                "Women's Razors",
                "/browse/personal-care/womens-razors/1005862_1007220_7994182"
            ],
            [
                "All Razor Blades",
                "/browse/personal-care/all-razor-blades/1005862_1007220_8061121"
            ],
            [
                "Gillette Venus Razors",
                "/browse/personal-care/gillette-venus-razors/1005862_1007220_8090056"
            ],
            [
                "Women's Shaving",
                "/browse/personal-care/womens-shaving/1005862_1007220_9200501"
            ],
            [
                "Men's Razors",
                "/browse/personal-care/mens-razors/1005862_1007220_9287106"
            ]
        ]
    },
    {
        "title": "GLiving Facial Hair Remover Replacement Heads, 18K Rose Gold-Plated Blade Head Cover for Women's Painless Facial Hair Remover  5 Count,(Rose Gold)",
        "url": "https://www.walmart.com/ip/GLiving-Facial-Hair-Remover-Replacement-Heads-18K-Rose-Gold-Plated-Blade-Head-Cover-for-Women-s-Painless-Facial-Hair-Remover-5-Count-Rose-Gold/645344596",
        "price": "$11.79",
        "stars": 0,
        "ratings": 0,
        "img": "i5.walmartimages.com/asr/f43910c5-2d4d-4f3c-8750-b8890f4a7583_1.54e6a1aa6ca2d7def1a0fa0e7136b8e8.jpeg?odnWidth=612&odnHeight=612&odnBg=ffffff",
        "tags": [
            [
                "Razors",
                "/browse/personal-care/razors/1005862_1007220_1007399"
            ],
            [
                "Electric Shave Replacement Heads",
                "/browse/personal-care/electric-shave-replacement-heads/1005862_1007220_1044019"
            ],
            [
                "Razor Blades",
                "/browse/personal-care/razor-blades/1005862_1007220_1044020"
            ],
            [
                "Epilators & Shavers",
                "/browse/personal-care/epilators-shavers/1005862_1007220_1653256"
            ],
            [
                "All Electric Shave Replacement Heads",
                "/browse/personal-care/all-electric-shave-replacement-heads/1005862_1007220_2434574"
            ],
            [
                "All Epilators",
                "/browse/personal-care/all-epilators/1005862_1007220_7363956"
            ],
            [
                "Braun Electric Shave Replacement Heads",
                "/browse/personal-care/braun-electric-shave-replacement-heads/1005862_1007220_9056089"
            ],
            [
                "Women's Shaving",
                "/browse/personal-care/womens-shaving/1005862_1007220_9200501"
            ]
        ]
    },
    {
        "title": "20 Feather Hi-stainless Platinum Coated Double Edge Razor Blades",
        "url": "https://www.walmart.com/ip/20-Feather-Hi-stainless-Platinum-Coated-Double-Edge-Razor-Blades/462561845",
        "price": "$11.60",
        "stars": 0,
        "ratings": 0,
        "img": "",
        "tags": [
            [
                "Razors",
                "/browse/personal-care/razors/1005862_1007220_1007399"
            ],
            [
                "Razor Blades",
                "/browse/personal-care/razor-blades/1005862_1007220_1044020"
            ],
            [
                "Women's Razor Blades",
                "/browse/personal-care/womens-razor-blades/1005862_1007220_2012569"
            ],
            [
                "Women's Razors",
                "/browse/personal-care/womens-razors/1005862_1007220_7994182"
            ],
            [
                "All Razor Blades",
                "/browse/personal-care/all-razor-blades/1005862_1007220_8061121"
            ],
            [
                "Gillette Venus Razors",
                "/browse/personal-care/gillette-venus-razors/1005862_1007220_8090056"
            ],
            [
                "Women's Shaving",
                "/browse/personal-care/womens-shaving/1005862_1007220_9200501"
            ],
            [
                "Men's Razors",
                "/browse/personal-care/mens-razors/1005862_1007220_9287106"
            ]
        ]
    },
    {
        "title": "Gillette Sensor Blade Refill Cartridges, 10 Ct + Makeup Blender",
        "url": "https://www.walmart.com/ip/Gillette-Sensor-Blade-Refill-Cartridges-10-Ct-Makeup-Blender/616177878",
        "price": "$13.94",
        "stars": "5.0",
        "ratings": "1 ",
        "img": "",
        "tags": [
            [
                "Razor Blades",
                "/browse/personal-care/razor-blades/1005862_1007220_1044020"
            ],
            [
                "Men's Razor Blades",
                "/browse/personal-care/mens-razor-blades/1005862_1007220_3392907"
            ],
            [
                "Men's Razors and Razor Blades",
                "/browse/personal-care/mens-razors-razor-blades/1005862_1007220_6377251"
            ],
            [
                "All Razors",
                "/browse/personal-care/all-razors/1005862_1007220_6461098"
            ],
            [
                "All Razor Blades",
                "/browse/personal-care/all-razor-blades/1005862_1007220_8061121"
            ],
            [
                "Gillette Venus Razors",
                "/browse/personal-care/gillette-venus-razors/1005862_1007220_8090056"
            ],
            [
                "Men's Shaving",
                "/browse/personal-care/mens-shaving/1005862_1007220_8793708"
            ],
            [
                "Men's Razors",
                "/browse/personal-care/mens-razors/1005862_1007220_9287106"
            ]
        ]
    },
    {
        "title": "Philips Norelco SH50/52 Replacement Head (2 pack) for Series 5000, PowerTouch (PT8__, PT7__) & AquaTouch (AT8__, AT7__) Electric Shavers + Double Ended Shaver Brush + HeroFiber\u00ae Gentle Cleaning Cloth",
        "url": "https://www.walmart.com/ip/Philips-Norelco-SH50-52-Replacement-Head-2-pack-Series-5000-PowerTouch-PT8-PT7-AquaTouch-AT8-AT7-Electric-Shavers-Double-Ended-Shaver-Brush-HeroFiber/643543311",
        "price": "$77.95",
        "stars": 0,
        "ratings": 0,
        "img": "i5.walmartimages.com/asr/e7f821ae-1f9e-466c-b597-a4339d627895_1.8ece21fee9b782f2e15ebae5a742e3bf.jpeg?odnWidth=612&odnHeight=612&odnBg=ffffff",
        "tags": [
            [
                "Razors",
                "/browse/personal-care/razors/1005862_1007220_1007399"
            ],
            [
                "Electric Shave Replacement Heads",
                "/browse/personal-care/electric-shave-replacement-heads/1005862_1007220_1044019"
            ],
            [
                "All Electric Shave Replacement Heads",
                "/browse/personal-care/all-electric-shave-replacement-heads/1005862_1007220_2434574"
            ],
            [
                "Gillette Razors",
                "/browse/personal-care/gillette-razors/1005862_1007220_2562288"
            ],
            [
                "Men's Razor Blades",
                "/browse/personal-care/mens-razor-blades/1005862_1007220_3392907"
            ],
            [
                "All Razors",
                "/browse/personal-care/all-razors/1005862_1007220_6461098"
            ],
            [
                "Men's Shaving",
                "/browse/personal-care/mens-shaving/1005862_1007220_8793708"
            ],
            [
                "Men's Razors",
                "/browse/personal-care/mens-razors/1005862_1007220_9287106"
            ]
        ]
    },
    {
        "title": "Gillette SkinGuard Sensitive Razor for Men Refill Razor Blade Cartridges, 4 Count",
        "url": "https://www.walmart.com/ip/Gillette-SkinGuard-Sensitive-Razor-for-Men-Refill-Razor-Blade-Cartridges-4-Count/893417133",
        "price": "$119.99",
        "stars": 0,
        "ratings": 0,
        "img": "i5.walmartimages.com/asr/0d2dcf60-0710-4f32-a0aa-4ff78cd5cba2_1.f14ea4881ec2d90409b943ec9c0639c1.jpeg?odnWidth=612&odnHeight=612&odnBg=ffffff",
        "tags": [
            [
                "Razor Blades",
                "/browse/personal-care/razor-blades/1005862_1007220_1044020"
            ],
            [
                "Men's Razor Blades",
                "/browse/personal-care/mens-razor-blades/1005862_1007220_3392907"
            ],
            [
                "Men's Razors and Razor Blades",
                "/browse/personal-care/mens-razors-razor-blades/1005862_1007220_6377251"
            ],
            [
                "All Razors",
                "/browse/personal-care/all-razors/1005862_1007220_6461098"
            ],
            [
                "All Razor Blades",
                "/browse/personal-care/all-razor-blades/1005862_1007220_8061121"
            ],
            [
                "Men's Shaving",
                "/browse/personal-care/mens-shaving/1005862_1007220_8793708"
            ],
            [
                "Men's Personal Care",
                "/browse/mens-personal-care/1005862_8928973"
            ],
            [
                "Men's Razors",
                "/browse/personal-care/mens-razors/1005862_1007220_9287106"
            ]
        ]
    },
    {
        "title": "Silk Touch-Up Multipurpose Exfoliating Dermaplaning Tool, Eyebrow Razor, and Facial Razor with Precision Cover, 3 Count, Touch-ups are quick and easy with.., By Schick",
        "url": "https://www.walmart.com/ip/Silk-Touch-Up-Multipurpose-Exfoliating-Dermaplaning-Tool-Eyebrow-Razor-Facial-Razor-Precision-Cover-3-Count-Touch-ups-quick-easy-with-By-Schick/573649838",
        "price": "$9.17",
        "stars": "5.0",
        "ratings": "1 ",
        "img": "i5.walmartimages.com/asr/d9215902-e852-45e5-b425-82886370ffd6_1.7000cc5356a6ba1949a00011beb94547.jpeg?odnWidth=612&odnHeight=612&odnBg=ffffff",
        "tags": [
            [
                "Epilators & Shavers",
                "/browse/personal-care/epilators-shavers/1005862_1007220_1653256"
            ],
            [
                "Schick Razors",
                "/browse/personal-care/schick-razors/1005862_1007220_3441606"
            ],
            [
                "All Razors",
                "/browse/personal-care/all-razors/1005862_1007220_6461098"
            ],
            [
                "All Epilators",
                "/browse/personal-care/all-epilators/1005862_1007220_7363956"
            ],
            [
                "Women's Razors",
                "/browse/personal-care/womens-razors/1005862_1007220_7994182"
            ],
            [
                "All Razor Blades",
                "/browse/personal-care/all-razor-blades/1005862_1007220_8061121"
            ],
            [
                "All Hair Clippers",
                "/browse/personal-care/all-hair-clippers/1005862_1007220_9199070_8636521"
            ],
            [
                "Women's Shaving",
                "/browse/personal-care/womens-shaving/1005862_1007220_9200501"
            ]
        ]
    },
    {
        "title": "2 Pack - Schick Xtreme 3 Senstive Skin Disposable Razors for Men, 4 ea",
        "url": "https://www.walmart.com/ip/2-Pack-Schick-Xtreme-3-Senstive-Skin-Disposable-Razors-for-Men-4-ea/688097256",
        "price": "$13.12",
        "stars": 0,
        "ratings": 0,
        "img": "i5.walmartimages.com/asr/3daa7836-12b5-426c-acc2-3505c9dd6de5_1.a62b66661d9b0cadc806cdaed0509a78.jpeg?odnWidth=612&odnHeight=612&odnBg=ffffff",
        "tags": [
            [
                "Razors",
                "/browse/personal-care/razors/1005862_1007220_1007399"
            ],
            [
                "Schick Razors",
                "/browse/personal-care/schick-razors/1005862_1007220_3441606"
            ],
            [
                "Men's Razors and Razor Blades",
                "/browse/personal-care/mens-razors-razor-blades/1005862_1007220_6377251"
            ],
            [
                "All Razors",
                "/browse/personal-care/all-razors/1005862_1007220_6461098"
            ],
            [
                "All Razor Blades",
                "/browse/personal-care/all-razor-blades/1005862_1007220_8061121"
            ],
            [
                "Men's Shaving",
                "/browse/personal-care/mens-shaving/1005862_1007220_8793708"
            ],
            [
                "Men's Personal Care",
                "/browse/mens-personal-care/1005862_8928973"
            ],
            [
                "Men's Razors",
                "/browse/personal-care/mens-razors/1005862_1007220_9287106"
            ]
        ]
    },
    {
        "title": "Dorco ST301 Platinum Extra Double Edge Razor Blades 100 Ct",
        "url": "https://www.walmart.com/ip/Dorco-ST301-Platinum-Extra-Double-Edge-Razor-Blades-100-Ct/561426015",
        "price": "$8.99",
        "stars": "4.5",
        "ratings": "4 ",
        "img": "i5.walmartimages.com/asr/dd57c264-5c29-4db3-a323-8bc64ef71769_1.243a228d93c0821c2190b33a9fa44099.jpeg?odnWidth=612&odnHeight=612&odnBg=ffffff",
        "tags": [
            [
                "Razors",
                "/browse/personal-care/razors/1005862_1007220_1007399"
            ],
            [
                "Gillette Razors",
                "/browse/personal-care/gillette-razors/1005862_1007220_2562288"
            ],
            [
                "BIC Disposable Razors",
                "/browse/personal-care/bic-disposable-razors/1005862_1007220_4640643"
            ],
            [
                "Men's Razors and Razor Blades",
                "/browse/personal-care/mens-razors-razor-blades/1005862_1007220_6377251"
            ],
            [
                "All Razors",
                "/browse/personal-care/all-razors/1005862_1007220_6461098"
            ],
            [
                "All Razor Blades",
                "/browse/personal-care/all-razor-blades/1005862_1007220_8061121"
            ],
            [
                "Men's Shaving",
                "/browse/personal-care/mens-shaving/1005862_1007220_8793708"
            ],
            [
                "Men's Razors",
                "/browse/personal-care/mens-razors/1005862_1007220_9287106"
            ]
        ]
    },
    {
        "title": "Classic Samurai Stainless Steel Professional Barber Straight Edge Razor with 100 Derby Single Edge Razor Blades (Brown)",
        "url": "https://www.walmart.com/ip/Classic-Samurai-Stainless-Steel-Professional-Barber-Straight-Edge-Razor-with-100-Derby-Single-Edge-Razor-Blades-Brown/132395141",
        "price": "$13.45",
        "stars": "4.9",
        "ratings": "9 ",
        "img": "",
        "tags": [
            [
                "Razors",
                "/browse/personal-care/razors/1005862_1007220_1007399"
            ],
            [
                "Razor Blades",
                "/browse/personal-care/razor-blades/1005862_1007220_1044020"
            ],
            [
                "Gillette Razors",
                "/browse/personal-care/gillette-razors/1005862_1007220_2562288"
            ],
            [
                "Men's Razors and Razor Blades",
                "/browse/personal-care/mens-razors-razor-blades/1005862_1007220_6377251"
            ],
            [
                "All Razors",
                "/browse/personal-care/all-razors/1005862_1007220_6461098"
            ],
            [
                "All Razor Blades",
                "/browse/personal-care/all-razor-blades/1005862_1007220_8061121"
            ],
            [
                "Men's Shaving",
                "/browse/personal-care/mens-shaving/1005862_1007220_8793708"
            ],
            [
                "Men's Razors",
                "/browse/personal-care/mens-razors/1005862_1007220_9287106"
            ]
        ]
    }
]