[
    {
        "title": "NEW Bamboo Charcoal Tooth White Powders Plaque Tartar Removal Coffee Stains Teeth Whitening Scaling Powder Oral Hygiene",
        "url": "https://www.walmart.com/ip/NEW-Bamboo-Charcoal-Tooth-White-Powders-Plaque-Tartar-Removal-Coffee-Stains-Teeth-Whitening-Scaling-Powder-Oral-Hygiene/308720192",
        "price": "$6.99",
        "stars": 0,
        "ratings": 0,
        "img": "",
        "tags": []
    },
    {
        "title": "Dr. Gingiva Gum Bleeding Treatment, Excellent Results for Gingivitis and Periodontitis, Perfect for Gum Disease, Herbal Toothpaste with Fluoride, 4.25oz 4 Count",
        "url": "https://www.walmart.com/ip/Dr-Gingiva-Gum-Bleeding-Treatment-Excellent-Results-Gingivitis-Periodontitis-Perfect-Disease-Herbal-Toothpaste-Fluoride-4-25oz-4-Count/912259211",
        "price": "$23.96",
        "stars": 0,
        "ratings": 0,
        "img": "i5.walmartimages.com/asr/f39d16e2-f5a5-4f79-ae75-48857fab4abc.8d9f0ecbb0620499b3b25bb6a152af8c.jpeg?odnWidth=612&odnHeight=612&odnBg=ffffff",
        "tags": [
            [
                "Kids Oral Care",
                "/browse/personal-care/kids-oral-care/1005862_1007221_1094604"
            ],
            [
                "Crest",
                "/browse/personal-care/crest/1005862_9157053_2014962"
            ],
            [
                "All Crest Toothpaste",
                "/browse/personal-care/all-crest-toothpaste/1005862_1007221_1023020_1489384_2603409"
            ],
            [
                "Colgate",
                "/browse/personal-care/colgate/1005862_9157053_4009720"
            ],
            [
                "All Colgate Toothpaste",
                "/browse/personal-care/all-colgate-toothpaste/1005862_1007221_1023020_9769261_5746090"
            ],
            [
                "Whitening Toothpaste",
                "/browse/personal-care/whitening-toothpaste/1005862_1007221_1023020_8212171"
            ],
            [
                "Sensodyne Toothpaste",
                "/browse/personal-care/sensodyne-toothpaste/1005862_1007221_1023020_8812561"
            ]
        ]
    },
    {
        "title": "Rembrandt Whitening Toothpaste Intense Stain 3 oz (Pack of 6)",
        "url": "https://www.walmart.com/ip/Rembrandt-Whitening-Toothpaste-Intense-Stain-3-oz-Pack-of-6/44722320",
        "price": "$48.20",
        "stars": "4.5",
        "ratings": "110 ",
        "img": "i5.walmartimages.com/asr/9010a53e-86ca-498d-b9f1-8a3b6333d0d1_1.e94d297163dbd596655ab7ff47dbdd79.jpeg?odnWidth=612&odnHeight=612&odnBg=ffffff",
        "tags": [
            [
                "Crest",
                "/browse/personal-care/crest/1005862_9157053_2014962"
            ],
            [
                "All Crest Toothpaste",
                "/browse/personal-care/all-crest-toothpaste/1005862_1007221_1023020_1489384_2603409"
            ],
            [
                "Crest Gum Health Toothpaste",
                "/browse/personal-care/crest-gum-health-toothpaste/1005862_1007221_1023020_1489384_2609709"
            ],
            [
                "Colgate",
                "/browse/personal-care/colgate/1005862_9157053_4009720"
            ],
            [
                "Crest 3D White Toothpaste",
                "/browse/personal-care/crest-3d-white-toothpaste/1005862_1007221_1023020_1489384_4491904"
            ],
            [
                "All Colgate Toothpaste",
                "/browse/personal-care/all-colgate-toothpaste/1005862_1007221_1023020_9769261_5746090"
            ],
            [
                "Whitening Toothpaste",
                "/browse/personal-care/whitening-toothpaste/1005862_1007221_1023020_8212171"
            ],
            [
                "Sensodyne Toothpaste",
                "/browse/personal-care/sensodyne-toothpaste/1005862_1007221_1023020_8812561"
            ]
        ]
    },
    {
        "title": "Hello Kid's Toothpaste, Watermelon, 4.2oz Tube (Pack of 2)",
        "url": "https://www.walmart.com/ip/Hello-Kid-s-Toothpaste-Watermelon-4-2oz-Tube-Pack-of-2/194536442",
        "price": "$18.18",
        "stars": 0,
        "ratings": 0,
        "img": "",
        "tags": []
    },
    {
        "title": "GUM Paroex Toothpaste Gel 75ml",
        "url": "https://www.walmart.com/ip/GUM-Paroex-Toothpaste-Gel-75ml/999278110",
        "price": "$13.99",
        "stars": 0,
        "ratings": 0,
        "img": "",
        "tags": [
            [
                "Crest",
                "/browse/personal-care/crest/1005862_9157053_2014962"
            ],
            [
                "All Crest Toothpaste",
                "/browse/personal-care/all-crest-toothpaste/1005862_1007221_1023020_1489384_2603409"
            ],
            [
                "Colgate",
                "/browse/personal-care/colgate/1005862_9157053_4009720"
            ],
            [
                "All Dry Mouth Mouthwash",
                "/browse/personal-care/all-dry-mouth-mouthwash/1005862_1007221_1007360_8361519_5654027"
            ],
            [
                "All Colgate Toothpaste",
                "/browse/personal-care/all-colgate-toothpaste/1005862_1007221_1023020_9769261_5746090"
            ],
            [
                "All Mouthwash",
                "/browse/personal-care/all-mouthwash/1005862_1007221_1007360_7390687"
            ],
            [
                "Sensodyne Toothpaste",
                "/browse/personal-care/sensodyne-toothpaste/1005862_1007221_1023020_8812561"
            ]
        ]
    },
    {
        "title": "Neutrlab Wrap Sheen, 5 Oz{{name}",
        "url": "https://www.walmart.com/ip/Neutrlab-Wrap-Sheen-5-Oz-name/448214779",
        "price": "$18.00",
        "stars": 0,
        "ratings": 0,
        "img": "",
        "tags": []
    },
    {
        "title": "Multi-Purpose Tube Squeezer - Toothpaste Saver, Pack of 2, Blue, This set if for two (2) squeeze clips By Southern Homewares",
        "url": "https://www.walmart.com/ip/Multi-Purpose-Tube-Squeezer-Toothpaste-Saver-Pack-of-2-Blue-This-set-if-for-two-2-squeeze-clips-By-Southern-Homewares/398164051",
        "price": "$14.17",
        "stars": 0,
        "ratings": 0,
        "img": "i5.walmartimages.com/asr/6bc998eb-45ab-437e-a395-4c26e233fbbd_1.453b7482d4ef8b48fef23861688bf17a.jpeg?odnWidth=612&odnHeight=612&odnBg=ffffff",
        "tags": [
            [
                "Kids Oral Care",
                "/browse/personal-care/kids-oral-care/1005862_1007221_1094604"
            ],
            [
                "Crest",
                "/browse/personal-care/crest/1005862_9157053_2014962"
            ],
            [
                "All Crest Toothpaste",
                "/browse/personal-care/all-crest-toothpaste/1005862_1007221_1023020_1489384_2603409"
            ],
            [
                "Colgate",
                "/browse/personal-care/colgate/1005862_9157053_4009720"
            ],
            [
                "All Colgate Toothpaste",
                "/browse/personal-care/all-colgate-toothpaste/1005862_1007221_1023020_9769261_5746090"
            ],
            [
                "Whitening Toothpaste",
                "/browse/personal-care/whitening-toothpaste/1005862_1007221_1023020_8212171"
            ],
            [
                "Sensodyne Toothpaste",
                "/browse/personal-care/sensodyne-toothpaste/1005862_1007221_1023020_8812561"
            ]
        ]
    },
    {
        "title": "Jason:Power Smile Antiplaque & Strengthening Powerful Peppermint 3 oz",
        "url": "https://www.walmart.com/ip/Jason-Power-Smile-Antiplaque-Strengthening-Powerful-Peppermint-3-oz/44167318",
        "price": "$7.09",
        "stars": "4.7",
        "ratings": "50 ",
        "img": "i5.walmartimages.com/asr/e234506c-08ec-4ad4-a772-820ce01f591c_1.41c09f840dd0b1517aa9ee52d97df4b5.jpeg?odnWidth=612&odnHeight=612&odnBg=ffffff",
        "tags": [
            [
                "All Feminine Care",
                "/browse/personal-care/all-feminine-care/1005862_1091866_1001493"
            ],
            [
                "Yeast Infection Treatments",
                "/browse/personal-care/yeast-infection-treatments/1005862_1091866_1224835"
            ],
            [
                "Feminine Washes",
                "/browse/personal-care/feminine-washes/1005862_1091866_1224836"
            ],
            [
                "Douches",
                "/browse/personal-care/douches/1005862_1091866_2790161"
            ],
            [
                "All Toothpaste",
                "/browse/personal-care/all-toothpaste/1005862_1007221_1023020_8164419"
            ],
            [
                "Whitening Toothpaste",
                "/browse/personal-care/whitening-toothpaste/1005862_1007221_1023020_8212171"
            ],
            [
                "Hello Toothpaste",
                "/browse/personal-care/hello-toothpaste/1005862_1007221_1023020_8374475"
            ],
            [
                "Summer's Eve",
                "/browse/personal-care/summers-eve/1005862_1091866_9461406"
            ]
        ]
    },
    {
        "title": "Colgate Baking Soda and Peroxide Whitening Bubbles Fluoride Toothpaste, Brisk Mint, 8 Oz",
        "url": "https://www.walmart.com/ip/Colgate-Baking-Soda-and-Peroxide-Whitening-Bubbles-Fluoride-Toothpaste-Brisk-Mint-8-Oz/803417975",
        "price": "$7.19",
        "stars": 0,
        "ratings": 0,
        "img": "",
        "tags": []
    },
    {
        "title": "Cocodent - All Natural Coconut Oil Toothpaste with Baking Soda & Spearmint Oil - 2 oz.",
        "url": "https://www.walmart.com/ip/Cocodent-All-Natural-Coconut-Oil-Toothpaste-with-Baking-Soda-Spearmint-Oil-2-oz/168496205",
        "price": "$10.50",
        "stars": 0,
        "ratings": 0,
        "img": "i5.walmartimages.com/asr/c6bbac03-7155-4f2a-87af-669b7f7c52f4_1.769155b671e2865e697da17f7e89deb4.jpeg?odnWidth=612&odnHeight=612&odnBg=ffffff",
        "tags": []
    }
]