[
    {
        "title": "Gillette Clear Gel Mens Antiperspirant Deodorant, Wild Rain, 3.8 oz, 2 Pack",
        "url": "https://www.walmart.com/ip/Gillette-Clear-Gel-Mens-Antiperspirant-Deodorant-Wild-Rain-3-8-oz-2-Pack/707736085",
        "price": "$8.97",
        "stars": "4.2",
        "ratings": "5017 ",
        "img": "i5.walmartimages.com/asr/ab3f9921-5802-4311-af1a-466310090902.eb16e493443aa247599a0f25c4dab408.jpeg?odnWidth=612&odnHeight=612&odnBg=ffffff",
        "tags": [
            [
                "Men's Bath & Body",
                "/browse/personal-care/mens-bath-body/1005862_1056884_2325953"
            ],
            [
                "Stock up on Deodorant & Antiperspirant",
                "/browse/personal-care/stock-up-deodorant-antiperspirant/1005862_1071969_1574874_2782018"
            ],
            [
                "Clinical Strength Antiperspirants",
                "/browse/personal-care/clinical-strength-antiperspirants/1005862_1071969_3942179"
            ],
            [
                "Old Spice Body Wash & Deodorants",
                "/browse/personal-care/old-spice-body-wash-deodorants/1005862_1071969_6362250"
            ],
            [
                "Dove Men + Care",
                "/browse/dove-men-care/1005862_7983046"
            ],
            [
                "Men's Personal Care",
                "/browse/mens-personal-care/1005862_8928973"
            ]
        ]
    },
    {
        "title": "Tom's of Maine Natural Deodorant for Men, Mountain Spring, 2.8oz",
        "url": "https://www.walmart.com/ip/Tom-s-of-Maine-Natural-Deodorant-for-Men-Mountain-Spring-2-8oz/718929068",
        "price": "$5.97",
        "stars": "3.8",
        "ratings": "116 ",
        "img": "i5.walmartimages.com/asr/087ba837-ed97-4c12-abb9-74df28426907_1.ccf1c511466a1c1f07dc75dcd642d68f.jpeg?odnWidth=612&odnHeight=612&odnBg=ffffff",
        "tags": [
            [
                "Children's Hair Care",
                "/browse/seasonal/childrens-hair-care/1085632_1071204_1225231_1225235"
            ],
            [
                "All Bath & Body Clean Living",
                "/browse/seasonal/all-bath-body-clean-living/1085632_8154447_5132862_7170281_2079531"
            ],
            [
                "Father's Day Beard Care Gifts",
                "/browse/seasonal/fathers-day-beard-care-gifts/1085632_1094344_7549154_2193321"
            ],
            [
                "Clean Living Body Lotions & Creams",
                "/browse/seasonal/clean-living-body-lotions-creams/1085632_8154447_5132862_7170281_3620909"
            ],
            [
                "Father's Day Body Care",
                "/browse/seasonal/fathers-day-body-care/1085632_1094344_7549154_4370622"
            ],
            [
                "Plant Based Products",
                "/browse/plant-based-products/1085632_8856555"
            ],
            [
                "American Jobs 2020",
                "/browse/seasonal/american-jobs-2020/1085632_9129632_9595668"
            ]
        ]
    },
    {
        "title": "Gillette Clear Gel Arctic Ice Anti-Perspirant Deodorant 3.8 oz 2 Pack",
        "url": "https://www.walmart.com/ip/Gillette-Clear-Gel-Arctic-Ice-Anti-Perspirant-Deodorant-3-8-oz-2-Pack/143359942",
        "price": "$8.97",
        "stars": "4.8",
        "ratings": "33 ",
        "img": "i5.walmartimages.com/asr/964da82e-04c1-41c1-8d04-71f79c6f232a_1.fab3cbb56338a5f340689f0e9c8fdbe3.jpeg?odnWidth=612&odnHeight=612&odnBg=ffffff",
        "tags": [
            [
                "Men's Bath & Body",
                "/browse/personal-care/mens-bath-body/1005862_1056884_2325953"
            ],
            [
                "Men's Body Wash",
                "/browse/personal-care/mens-body-wash/1005862_1071969_2531574"
            ],
            [
                "Clinical Strength Antiperspirants",
                "/browse/personal-care/clinical-strength-antiperspirants/1005862_1071969_3942179"
            ],
            [
                "Old Spice Body Wash & Deodorants",
                "/browse/personal-care/old-spice-body-wash-deodorants/1005862_1071969_6362250"
            ],
            [
                "Dove Men + Care",
                "/browse/dove-men-care/1005862_7983046"
            ],
            [
                "Men's Personal Care",
                "/browse/mens-personal-care/1005862_8928973"
            ],
            [
                "Axe Body Wash",
                "/browse/personal-care/axe-body-wash/1005862_1071969_9229645"
            ]
        ]
    },
    {
        "title": "Body Fantasies Signature Japanese Cherry Blossom Body Spray for Women, 8 Oz",
        "url": "https://www.walmart.com/ip/Body-Fantasies-Signature-Japanese-Cherry-Blossom-Body-Spray-for-Women-8-Oz/24511382",
        "price": "$5.98",
        "stars": "4.6",
        "ratings": "112 ",
        "img": "",
        "tags": [
            [
                "Body Spray for Women",
                "/browse/beauty/body-spray-for-women/1085666_133225_1738248_2044069_1367318"
            ],
            [
                "Best Women's Perfume",
                "/browse/beauty/best-womens-perfume/1085666_5994543_1685992"
            ],
            [
                "Body Fantasies",
                "/browse/beauty/body-fantasies/1085666_133225_1738248_2044069_3453380"
            ],
            [
                "Body & Hair Mists",
                "/browse/beauty/body-hair-mists/1085666_133225_4659649_3823478"
            ],
            [
                "Fragrance Restock",
                "/browse/beauty/fragrance-restock/1085666_6818441_4300089"
            ],
            [
                "Body Sprays",
                "/browse/beauty/body-sprays/1085666_7192911_7602314_5352062"
            ],
            [
                "Floral Body Spray",
                "/browse/beauty/floral-body-spray/1085666_133225_1738248_8629220_9772233"
            ],
            [
                "Body Spray",
                "/browse/beauty/body-spray/1085666_133225_6873232_9987111"
            ]
        ]
    },
    {
        "title": "Secret Dry Spray Antiperspirant Deodorant Water Lily Invisible Spray 3.8 oz",
        "url": "https://www.walmart.com/ip/Secret-Dry-Spray-Antiperspirant-Deodorant-Water-Lily-Invisible-Spray-3-8-oz/311599973",
        "price": "$5.97",
        "stars": "4.5",
        "ratings": "1186 ",
        "img": "i5.walmartimages.com/asr/77ee9585-e0ac-4dc1-92ad-925cb8ed0929_1.435cddb6c335768e1a09f3595b636bda.jpeg?odnWidth=612&odnHeight=612&odnBg=ffffff",
        "tags": [
            [
                "Dove Deodorant & Antiperspirant",
                "/browse/personal-care/dove-deodorant-antiperspirant/1005862_1071969_1725145"
            ],
            [
                "Dove Personal Care",
                "/browse/personal-care/dove-personal-care/1005862_1071969_1999831"
            ],
            [
                "Men's Bath & Body",
                "/browse/personal-care/mens-bath-body/1005862_1056884_2325953"
            ],
            [
                "Stock up on Deodorant & Antiperspirant",
                "/browse/personal-care/stock-up-deodorant-antiperspirant/1005862_1071969_1574874_2782018"
            ],
            [
                "Clinical Strength Antiperspirants",
                "/browse/personal-care/clinical-strength-antiperspirants/1005862_1071969_3942179"
            ],
            [
                "Old Spice Body Wash & Deodorants",
                "/browse/personal-care/old-spice-body-wash-deodorants/1005862_1071969_6362250"
            ],
            [
                "Feminine Deodorant Sprays & Powders",
                "/browse/personal-care/feminine-deodorant-sprays-powders/1005862_1091866_8521829"
            ]
        ]
    },
    {
        "title": "Dove Even Tone Antiperspirant Deodorant for Uneven Skin Tone Calming Breeze Restores Natural Underarm Skin Tone 2.6 OZ",
        "url": "https://www.walmart.com/ip/Dove-Even-Tone-Antiperspirant-Deodorant-for-Uneven-Skin-Tone-Calming-Breeze-Restores-Natural-Underarm-Skin-Tone-2-6-OZ/738628223",
        "price": "$4.88",
        "stars": "4.5",
        "ratings": "100 ",
        "img": "i5.walmartimages.com/asr/e133cc0c-e39d-4481-925c-3f0faf435a6c_1.46bf35a8f054c0c1d8606e34bb64c3fa.jpeg?odnWidth=612&odnHeight=612&odnBg=ffffff",
        "tags": [
            [
                "All Bath & Body Clean Living",
                "/browse/seasonal/all-bath-body-clean-living/1085632_8154447_5132862_7170281_2079531"
            ],
            [
                "Clean Living Deodorants & Antiperspirants",
                "/browse/seasonal/clean-living-deodorants-antiperspirants/1085632_8154447_5132862_7170281_2176651"
            ],
            [
                "Father's Day Body Care",
                "/browse/seasonal/fathers-day-body-care/1085632_1094344_7549154_4370622"
            ],
            [
                "Back to College Stock Up",
                "/browse/seasonal/back-to-college-stock-up/1085632_9267270_4435758"
            ],
            [
                "Stock up on Cleaning Supplies",
                "/browse/seasonal/stock-up-cleaning-supplies/1085632_9267270_6133729_6220803"
            ],
            [
                "Stock up on Oral Care",
                "/browse/seasonal/stock-up-oral-care/1085632_9267270_7332448_8262175"
            ],
            [
                "Stock up on Laundry Room Supplies",
                "/browse/seasonal/stock-up-laundry-room-supplies/1085632_9267270_6133729_9058184"
            ]
        ]
    },
    {
        "title": "Calgon Hawaiian Ginger Unisex Body Spray, 8 Oz",
        "url": "https://www.walmart.com/ip/Calgon-Hawaiian-Ginger-Unisex-Body-Spray-8-Oz/4256",
        "price": "$4.97",
        "stars": "4.7",
        "ratings": "101 ",
        "img": "",
        "tags": [
            [
                "Body Spray for Women",
                "/browse/beauty/body-spray-for-women/1085666_133225_1738248_2044069_1367318"
            ],
            [
                "Body & Hair Mists",
                "/browse/beauty/body-hair-mists/1085666_133225_4659649_3823478"
            ],
            [
                "Fragrance Restock",
                "/browse/beauty/fragrance-restock/1085666_6818441_4300089"
            ],
            [
                "Body Sprays",
                "/browse/beauty/body-sprays/1085666_7192911_7602314_5352062"
            ],
            [
                "Calgon Body Mists",
                "/browse/beauty/calgon-body-mists/1085666_133225_1738248_2044069_5482537"
            ],
            [
                "Warm & Musky Body Spray",
                "/browse/beauty/warm-musky-body-spray/1085666_133225_1738248_8629220_5621627"
            ],
            [
                "Perfume Value Sizes & Sets",
                "/browse/beauty/perfume-value-sizes-sets/1085666_133225_4659649_5866910"
            ],
            [
                "Warm & Musky Perfume",
                "/browse/beauty/warm-musky-perfume/1085666_133225_4659649_3017670_6092879"
            ]
        ]
    },
    {
        "title": "AXE Regimen Gift Set for Men Black 3 pc",
        "url": "https://www.walmart.com/ip/AXE-Regimen-Gift-Set-for-Men-Black-3-pc/110631199",
        "price": "$9.97",
        "stars": "4.8",
        "ratings": "82 ",
        "img": "i5.walmartimages.com/asr/3ac934fc-59e2-4cd5-8176-d08f96b7e8b2_1.ed3b8c868eb032231802ce1d56340042.jpeg?odnWidth=612&odnHeight=612&odnBg=ffffff",
        "tags": [
            [
                "Dove Personal Care",
                "/browse/personal-care/dove-personal-care/1005862_1071969_1999831"
            ],
            [
                "Men's Body Wash",
                "/browse/personal-care/mens-body-wash/1005862_1071969_2531574"
            ],
            [
                "Travel Size Toiletries & Kits",
                "/browse/travel-size-toiletries-kits/1005862_2802339"
            ],
            [
                "Body Care Sets & Kits",
                "/browse/personal-care/body-care-sets-kits/1005862_1071969_4075449"
            ],
            [
                "SheaMoisture Body Care",
                "/browse/personal-care/sheamoisture-body-care/1005862_1071969_4631744"
            ],
            [
                "Sheamoisture Body Wash",
                "/browse/personal-care/sheamoisture-body-wash/1005862_1071969_6799733"
            ],
            [
                "Axe Body Wash",
                "/browse/personal-care/axe-body-wash/1005862_1071969_9229645"
            ],
            [
                "Sheamoisture Body Scrub",
                "/browse/personal-care/sheamoisture-body-scrub/1005862_1071969_9969471"
            ]
        ]
    },
    {
        "title": "Secret Outlast Clear Gel Antiperspirant Deodorant for Women Unscented 2.6 oz",
        "url": "https://www.walmart.com/ip/Secret-Outlast-Clear-Gel-Antiperspirant-Deodorant-for-Women-Unscented-2-6-oz/20450290",
        "price": "$4.99",
        "stars": "4.3",
        "ratings": "21951 ",
        "img": "i5.walmartimages.com/asr/fdae8fca-b4f5-4aca-976d-9ad3af936f0d_1.d81628269400369826c039e861b29f21.jpeg?odnWidth=612&odnHeight=612&odnBg=ffffff",
        "tags": [
            [
                "Dove Deodorant & Antiperspirant",
                "/browse/personal-care/dove-deodorant-antiperspirant/1005862_1071969_1725145"
            ],
            [
                "Dove Personal Care",
                "/browse/personal-care/dove-personal-care/1005862_1071969_1999831"
            ],
            [
                "Men's Bath & Body",
                "/browse/personal-care/mens-bath-body/1005862_1056884_2325953"
            ],
            [
                "Stock up on Deodorant & Antiperspirant",
                "/browse/personal-care/stock-up-deodorant-antiperspirant/1005862_1071969_1574874_2782018"
            ],
            [
                "Clinical Strength Antiperspirants",
                "/browse/personal-care/clinical-strength-antiperspirants/1005862_1071969_3942179"
            ],
            [
                "Old Spice Body Wash & Deodorants",
                "/browse/personal-care/old-spice-body-wash-deodorants/1005862_1071969_6362250"
            ]
        ]
    },
    {
        "title": "(2 Pack) Parfums De Coeur Designer Imposters Rock It! Body Spray for Women 2.5 oz",
        "url": "https://www.walmart.com/ip/2-Pack-Parfums-De-Coeur-Designer-Imposters-Rock-It-Body-Spray-for-Women-2-5-oz/906879899",
        "price": "$5.78",
        "stars": "4.8",
        "ratings": "70 ",
        "img": "",
        "tags": [
            [
                "Body Spray for Women",
                "/browse/beauty/body-spray-for-women/1085666_133225_1738248_2044069_1367318"
            ],
            [
                "Body & Hair Mists",
                "/browse/beauty/body-hair-mists/1085666_133225_4659649_3823478"
            ],
            [
                "Fragrance Restock",
                "/browse/beauty/fragrance-restock/1085666_6818441_4300089"
            ],
            [
                "Body Sprays",
                "/browse/beauty/body-sprays/1085666_7192911_7602314_5352062"
            ],
            [
                "Fresh Body Spray",
                "/browse/beauty/fresh-body-spray/1085666_133225_1738248_8629220_5766427"
            ],
            [
                "Fruity Body Spray",
                "/browse/beauty/fruity-body-spray/1085666_133225_1738248_8629220_7456576"
            ],
            [
                "Fragrance Bestsellers",
                "/browse/beauty/fragrance-bestsellers/1085666_4820682_1622692_2111965_5448597_9287369"
            ],
            [
                "Body Spray",
                "/browse/beauty/body-spray/1085666_133225_6873232_9987111"
            ]
        ]
    }
]