[
    {
        "title": "Butler G-U-M Rincinol P.R.N Oral Rinse, Canker Sore Pain Reliver 1770R, 4 Oz, 3 Pack",
        "url": "https://www.walmart.com/ip/Butler-G-U-M-Rincinol-P-R-N-Oral-Rinse-Canker-Sore-Pain-Reliver-1770R-4-Oz-3-Pack/51296553",
        "price": "$29.62",
        "stars": 0,
        "ratings": 0,
        "img": "i5.walmartimages.com/asr/a59fe23d-c068-490f-8406-2a3323f1c8db_1.7c50f12a5b4a87a14aedecc3900c5879.jpeg?odnWidth=612&odnHeight=612&odnBg=ffffff",
        "tags": [
            [
                "Makeup Brush Sets",
                "/browse/beauty/makeup-brush-sets/1085666_1007040_7828467_9306771_1836345"
            ],
            [
                "College Makeup Mirrors",
                "/browse/beauty/college-makeup-mirrors/1085666_7787101_2512051"
            ],
            [
                "All Makeup Brushes",
                "/browse/beauty/all-makeup-brushes/1085666_1007040_7828467_9306771_2757726"
            ],
            [
                "All Makeup Mirrors",
                "/browse/beauty/all-makeup-mirrors/1085666_1007040_3460489_5548419_4158971"
            ],
            [
                "e.l.f. Brushes",
                "/browse/beauty/elf-brushes/1085666_3316357_9397219_6409374"
            ],
            [
                "Makeup Applicators",
                "/browse/beauty/makeup-applicators/1085666_1007040_7828467_8040256"
            ],
            [
                "Cottons Pads",
                "/browse/beauty/cottons-pads/1085666_1007040_7828467_6131628_8656246"
            ],
            [
                "Brushes & Applicators",
                "/browse/beauty/brushes-applicators/1085666_7599906_8699411"
            ]
        ]
    },
    {
        "title": "2 Packs Colgate Anticavity Fluoride Toothpaste & Mouthwash (2 IN 1) Icy Blast Whitening Liquid Gel 4.6 oz Each",
        "url": "https://www.walmart.com/ip/2-Packs-Colgate-Anticavity-Fluoride-Toothpaste-Mouthwash-2-IN-1-Icy-Blast-Whitening-Liquid-Gel-4-6-oz-Each/295002744",
        "price": "$11.99",
        "stars": 0,
        "ratings": 0,
        "img": "i5.walmartimages.com/asr/6ff3c384-0f0f-40b7-8088-2513db883c6e.51b62f19b4f356d2071b8599c81546f0.jpeg?odnWidth=612&odnHeight=612&odnBg=ffffff",
        "tags": [
            [
                "Kids Oral Care",
                "/browse/personal-care/kids-oral-care/1005862_1007221_1094604"
            ],
            [
                "Crest",
                "/browse/personal-care/crest/1005862_9157053_2014962"
            ],
            [
                "All Crest Toothpaste",
                "/browse/personal-care/all-crest-toothpaste/1005862_1007221_1023020_1489384_2603409"
            ],
            [
                "Colgate Total Toothpaste",
                "/browse/personal-care/colgate-total-toothpaste/1005862_1007221_1023020_9769261_4509640"
            ],
            [
                "All Colgate Toothpaste",
                "/browse/personal-care/all-colgate-toothpaste/1005862_1007221_1023020_9769261_5746090"
            ],
            [
                "Colgate Optic White Toothpaste",
                "/browse/personal-care/colgate-optic-white-toothpaste/1005862_1007221_1023020_9769261_7536203"
            ],
            [
                "All Toothpaste",
                "/browse/personal-care/all-toothpaste/1005862_1007221_1023020_8164419"
            ],
            [
                "Whitening Toothpaste",
                "/browse/personal-care/whitening-toothpaste/1005862_1007221_1023020_8212171"
            ]
        ]
    },
    {
        "title": "SmartMouth Dry Mouth Oral Rinse, Mints and Toothpaste Bundle",
        "url": "https://www.walmart.com/ip/SmartMouth-Dry-Mouth-Oral-Rinse-Mints-and-Toothpaste-Bundle/965774400",
        "price": "$34.26",
        "stars": "5.0",
        "ratings": "2 ",
        "img": "i5.walmartimages.com/asr/a06a2eb3-01d5-43c0-ac08-af4b64045660_1.0ad29d7793d65fc7c31aa36beb78bec1.jpeg?odnWidth=612&odnHeight=612&odnBg=ffffff",
        "tags": [
            [
                "Oral Pain Relief",
                "/browse/personal-care/oral-pain-relief/1005862_1007221_1044254"
            ],
            [
                "Kids Oral Care",
                "/browse/personal-care/kids-oral-care/1005862_1007221_1094604"
            ],
            [
                "All Oral Accessories",
                "/browse/personal-care/all-oral-accessories/1005862_1007221_1044029_1891099"
            ],
            [
                "All Breath Freshener",
                "/browse/personal-care/all-breath-freshener/1005862_1007221_8721343_3777687"
            ],
            [
                "ACT Mouthwash",
                "/browse/personal-care/act-mouthwash/1005862_1007221_1007360_6271227"
            ],
            [
                "All Mouthwash",
                "/browse/personal-care/all-mouthwash/1005862_1007221_1007360_7390687"
            ],
            [
                "All Toothpaste",
                "/browse/personal-care/all-toothpaste/1005862_1007221_1023020_8164419"
            ]
        ]
    },
    {
        "title": "Listerine Smart Rinse, Mint Shield 16.9 oz (Pack of 6)",
        "url": "https://www.walmart.com/ip/Listerine-Smart-Rinse-Mint-Shield-16-9-oz-Pack-of-6/775415491",
        "price": "$36.76",
        "stars": "4.5",
        "ratings": "202 ",
        "img": "i5.walmartimages.com/asr/5b504dba-01b6-4f8a-b5af-a65e7c3a2daf_1.25efc8cbcdbdac9eb9c1ef1c874d647e.jpeg?odnWidth=612&odnHeight=612&odnBg=ffffff",
        "tags": [
            [
                "Kids Oral Care",
                "/browse/personal-care/kids-oral-care/1005862_1007221_1094604"
            ],
            [
                "All Dental Floss",
                "/browse/personal-care/all-dental-floss/1005862_1007221_1044031_2443344"
            ],
            [
                "All Dry Mouth Mouthwash",
                "/browse/personal-care/all-dry-mouth-mouthwash/1005862_1007221_1007360_8361519_5654027"
            ],
            [
                "Listerine Mouthwash",
                "/browse/personal-care/listerine-mouthwash/1005862_1007221_1007360_6779281"
            ],
            [
                "String Floss",
                "/browse/personal-care/string-floss/1005862_1007221_1044031_7062539"
            ],
            [
                "All Mouthwash",
                "/browse/personal-care/all-mouthwash/1005862_1007221_1007360_7390687"
            ]
        ]
    },
    {
        "title": "2 Pack Firefly Hello Kitty Anti-Cavity Mouth Rinse, Melon Kiss Flavor 16 oz each",
        "url": "https://www.walmart.com/ip/2-Pack-Firefly-Hello-Kitty-Anti-Cavity-Mouth-Rinse-Melon-Kiss-Flavor-16-oz-each/423272238",
        "price": "$17.34",
        "stars": 0,
        "ratings": 0,
        "img": "i5.walmartimages.com/asr/a4c75e2b-6142-432d-8e37-e10b4b3da3cf_1.6fba4ade014d4b8039007b5c39971b8d.jpeg?odnWidth=612&odnHeight=612&odnBg=ffffff",
        "tags": [
            [
                "All Minnie Mouse",
                "/browse/character-shop/all-minnie-mouse/5939293_2916869_1284464_2183199"
            ],
            [
                "Hello Kitty Kids Electronics",
                "/browse/character-shop/hello-kitty-kids-electronics/5939293_3453128_3197639"
            ],
            [
                "All Minnie Mouse Clothing",
                "/browse/character-shop/all-minnie-mouse-clothing/5939293_2916869_1284464_3493586_3796171"
            ],
            [
                "Minnie Mouse Womens Clothing",
                "/browse/character-shop/minnie-mouse-womens-clothing/5939293_2916869_1284464_3493586_5474982_3995674"
            ],
            [
                "Hello Kitty Home Decor",
                "/browse/character-shop/hello-kitty-home-decor/5939293_3453128_4909288"
            ],
            [
                "Minnie Mouse Baby Clothing",
                "/browse/character-shop/minnie-mouse-baby-clothing/5939293_2916869_1284464_3493586_5400777"
            ],
            [
                "Hello Kitty Movies and TV Shows",
                "/browse/character-shop/hello-kitty-movies-tv-shows/5939293_3453128_7642404"
            ],
            [
                "All Minnie Mouse Adult Clothing",
                "/browse/character-shop/all-minnie-mouse-adult-clothing/5939293_2916869_1284464_3493586_5474982_8195694"
            ]
        ]
    },
    {
        "title": "ACT Total Care Anticavity Fluoride Mouthwash Sensitive Formula Mild Mint 18 oz (Pack of 6)",
        "url": "https://www.walmart.com/ip/ACT-Total-Care-Anticavity-Fluoride-Mouthwash-Sensitive-Formula-Mild-Mint-18-oz-Pack-of-6/46231951",
        "price": "$39.91",
        "stars": "5.0",
        "ratings": "1 ",
        "img": "i5.walmartimages.com/asr/a5b188d8-5b81-4467-ae24-311a698db4be_1.ff5e0a8aa14fb8950db611fbaf65df79.jpeg?odnWidth=612&odnHeight=612&odnBg=ffffff",
        "tags": [
            [
                "Kids Oral Care",
                "/browse/personal-care/kids-oral-care/1005862_1007221_1094604"
            ],
            [
                "Crest",
                "/browse/personal-care/crest/1005862_9157053_2014962"
            ],
            [
                "Listerine",
                "/browse/personal-care/listerine/1005862_9157053_2941559"
            ],
            [
                "All Dry Mouth Mouthwash",
                "/browse/personal-care/all-dry-mouth-mouthwash/1005862_1007221_1007360_8361519_5654027"
            ],
            [
                "Listerine Mouthwash",
                "/browse/personal-care/listerine-mouthwash/1005862_1007221_1007360_6779281"
            ],
            [
                "All Mouthwash",
                "/browse/personal-care/all-mouthwash/1005862_1007221_1007360_7390687"
            ],
            [
                "Men's Personal Care",
                "/browse/mens-personal-care/1005862_8928973"
            ]
        ]
    },
    {
        "title": "Colgate Anticavity Fluoride Mouthrinse for Kids, Bello Bubble Fruit, 16.9 Oz, 6 Pack",
        "url": "https://www.walmart.com/ip/Colgate-Anticavity-Fluoride-Mouthrinse-for-Kids-Bello-Bubble-Fruit-16-9-Oz-6-Pack/802857782",
        "price": "$46.33",
        "stars": 0,
        "ratings": 0,
        "img": "",
        "tags": [
            [
                "Kids Oral Care",
                "/browse/personal-care/kids-oral-care/1005862_1007221_1094604"
            ],
            [
                "Crest",
                "/browse/personal-care/crest/1005862_9157053_2014962"
            ],
            [
                "Crest Mouthwash",
                "/browse/personal-care/crest-mouthwash/1005862_1007221_1007360_2137973"
            ],
            [
                "Listerine",
                "/browse/personal-care/listerine/1005862_9157053_2941559"
            ],
            [
                "ACT Mouthwash",
                "/browse/personal-care/act-mouthwash/1005862_1007221_1007360_6271227"
            ],
            [
                "Listerine Mouthwash",
                "/browse/personal-care/listerine-mouthwash/1005862_1007221_1007360_6779281"
            ],
            [
                "All Mouthwash",
                "/browse/personal-care/all-mouthwash/1005862_1007221_1007360_7390687"
            ]
        ]
    },
    {
        "title": "Listerine Ultra Clean Antiseptic Mouthwash, Arctic Mint  - 1.5 Ltr, 2 Pack",
        "url": "https://www.walmart.com/ip/Listerine-Ultra-Clean-Antiseptic-Mouthwash-Arctic-Mint-1-5-Ltr-2-Pack/51297361",
        "price": "$26.05",
        "stars": 0,
        "ratings": 0,
        "img": "",
        "tags": [
            [
                "Crest Mouthwash",
                "/browse/personal-care/crest-mouthwash/1005862_1007221_1007360_2137973"
            ],
            [
                "All Dental Floss",
                "/browse/personal-care/all-dental-floss/1005862_1007221_1044031_2443344"
            ],
            [
                "All Dry Mouth Mouthwash",
                "/browse/personal-care/all-dry-mouth-mouthwash/1005862_1007221_1007360_8361519_5654027"
            ],
            [
                "Listerine Mouthwash",
                "/browse/personal-care/listerine-mouthwash/1005862_1007221_1007360_6779281"
            ],
            [
                "String Floss",
                "/browse/personal-care/string-floss/1005862_1007221_1044031_7062539"
            ],
            [
                "All Mouthwash",
                "/browse/personal-care/all-mouthwash/1005862_1007221_1007360_7390687"
            ]
        ]
    },
    {
        "title": "Plax Dental Rinse Soft Mint 24 oz (Pack of 6)",
        "url": "https://www.walmart.com/ip/Plax-Dental-Rinse-Soft-Mint-24-oz-Pack-of-6/44935597",
        "price": "$56.12",
        "stars": 0,
        "ratings": 0,
        "img": "i5.walmartimages.com/asr/33c5086c-4c5f-424b-94fd-d786a96a128b_1.6a8a8bbe3cdc22a76dacad312598264d.jpeg?odnWidth=612&odnHeight=612&odnBg=ffffff",
        "tags": [
            [
                "Kids Oral Care",
                "/browse/personal-care/kids-oral-care/1005862_1007221_1094604"
            ],
            [
                "Crest",
                "/browse/personal-care/crest/1005862_9157053_2014962"
            ],
            [
                "Crest Mouthwash",
                "/browse/personal-care/crest-mouthwash/1005862_1007221_1007360_2137973"
            ],
            [
                "Listerine",
                "/browse/personal-care/listerine/1005862_9157053_2941559"
            ],
            [
                "ACT Mouthwash",
                "/browse/personal-care/act-mouthwash/1005862_1007221_1007360_6271227"
            ],
            [
                "Listerine Mouthwash",
                "/browse/personal-care/listerine-mouthwash/1005862_1007221_1007360_6779281"
            ],
            [
                "All Mouthwash",
                "/browse/personal-care/all-mouthwash/1005862_1007221_1007360_7390687"
            ]
        ]
    },
    {
        "title": "Lumineux Oral Essentials - Medically Developed Mouthwash Whitening - 16 fl. oz.",
        "url": "https://www.walmart.com/ip/Lumineux-Oral-Essentials-Medically-Developed-Mouthwash-Whitening-16-fl-oz/465885990",
        "price": "$20.19",
        "stars": 0,
        "ratings": 0,
        "img": "i5.walmartimages.com/asr/0d9756b3-b702-47d3-ac46-aa9e34c79de6_1.4cf711db35bc05c3b8dd0fca7fe5eb5f.jpeg?odnWidth=612&odnHeight=612&odnBg=ffffff",
        "tags": [
            [
                "Crest",
                "/browse/personal-care/crest/1005862_9157053_2014962"
            ],
            [
                "Crest Mouthwash",
                "/browse/personal-care/crest-mouthwash/1005862_1007221_1007360_2137973"
            ],
            [
                "Listerine",
                "/browse/personal-care/listerine/1005862_9157053_2941559"
            ],
            [
                "All Teeth Whitening",
                "/browse/personal-care/all-teeth-whitening/1005862_1007221_1044034_5073174"
            ],
            [
                "Listerine Mouthwash",
                "/browse/personal-care/listerine-mouthwash/1005862_1007221_1007360_6779281"
            ],
            [
                "All Mouthwash",
                "/browse/personal-care/all-mouthwash/1005862_1007221_1007360_7390687"
            ]
        ]
    }
]