[
    {
        "title": "Softsoap Liquid Hand Soap, Coconut And Warm Ginger, 11.25 Oz, 2 Pack",
        "url": "https://www.walmart.com/ip/Softsoap-Liquid-Hand-Soap-Coconut-And-Warm-Ginger-11-25-Oz-2-Pack/744007122",
        "price": "$15.04",
        "stars": 0,
        "ratings": 0,
        "img": "",
        "tags": [
            [
                "New in Hand Soaps",
                "/browse/personal-care/new-in-hand-soaps/1005862_1071969_2378679"
            ],
            [
                "Softsoap Hand Soap",
                "/browse/personal-care/softsoap-hand-soap/1005862_1071969_4092819"
            ],
            [
                "Method Hand Soaps",
                "/browse/personal-care/method-hand-soaps/1005862_9157053_5971217_4326791"
            ],
            [
                "Hand Sanitizing Wipes",
                "/browse/personal-care/hand-sanitizing-wipes/1005862_1071969_6886797"
            ],
            [
                "Stock up on Hand Wash",
                "/browse/personal-care/stock-up-hand-wash/1005862_1071969_7917529"
            ],
            [
                "Discover! Staff-Favorite Body Care",
                "/browse/personal-care/discover-staff-favorite-body-care/1005862_1071969_8051400"
            ],
            [
                "Hand Sanitizers",
                "/browse/personal-care/hand-sanitizers/1005862_1071969_9011420"
            ]
        ]
    },
    {
        "title": "Dial Gold Antimicrobial Liquid Hand \u00a0Soap, 4 Gallon Bottles",
        "url": "https://www.walmart.com/ip/Dial-Gold-Antimicrobial-Liquid-Hand-nbsp-Soap-4-Gallon-Bottles/382621094",
        "price": "$109.95",
        "stars": 0,
        "ratings": 0,
        "img": "",
        "tags": [
            [
                "Stock up on Lotion & Moisturizers",
                "/browse/personal-care/stock-up-lotion-moisturizers/1005862_1071969_1574874_3229695"
            ],
            [
                "Tom's of Maine Body Care",
                "/browse/personal-care/toms-of-maine-body-care/1005862_1071969_3789086"
            ],
            [
                "Discover! Staff-Favorite Body Moisturizers",
                "/browse/personal-care/discover-staff-favorite-body-moisturizers/1005862_1071969_3811606"
            ],
            [
                "Method Hand Soaps",
                "/browse/personal-care/method-hand-soaps/1005862_9157053_5971217_4326791"
            ],
            [
                "Hand Sanitizing Wipes",
                "/browse/personal-care/hand-sanitizing-wipes/1005862_1071969_6886797"
            ],
            [
                "Stock up on Hand Wash",
                "/browse/personal-care/stock-up-hand-wash/1005862_1071969_7917529"
            ],
            [
                "Discover! Staff-Favorite Body Care",
                "/browse/personal-care/discover-staff-favorite-body-care/1005862_1071969_8051400"
            ],
            [
                "Hand Sanitizers",
                "/browse/personal-care/hand-sanitizers/1005862_1071969_9011420"
            ]
        ]
    },
    {
        "title": "Cucina Lime Zest and Cypress 6.7 oz Hand Soap",
        "url": "https://www.walmart.com/ip/Cucina-Lime-Zest-and-Cypress-6-7-oz-Hand-Soap/899456533",
        "price": "$13.95",
        "stars": 0,
        "ratings": 0,
        "img": "i5.walmartimages.com/asr/20e3b6aa-c1f4-4003-bd85-067c4880052c.deba833a67a33000a31a72afb00ff09d.jpeg?odnWidth=612&odnHeight=612&odnBg=ffffff",
        "tags": []
    },
    {
        "title": "Hand Soap, Spearmint plus Lemongrass, 12.75 oz, Available in six fresh scents By Everyone",
        "url": "https://www.walmart.com/ip/Hand-Soap-Spearmint-plus-Lemongrass-12-75-oz-Available-in-six-fresh-scents-By-Everyone/662278842",
        "price": "$21.17",
        "stars": 0,
        "ratings": 0,
        "img": "i5.walmartimages.com/asr/e213d4ae-d4a7-440e-8025-982adf1507b8_1.cf53a46147566c55ef2a7b1514155171.jpeg?odnWidth=612&odnHeight=612&odnBg=ffffff",
        "tags": []
    },
    {
        "title": "Kiehl's Liquid Hand Soaps - Coriander 6.8oz (200ml)",
        "url": "https://www.walmart.com/ip/Kiehl-s-Liquid-Hand-Soaps-Coriander-6-8oz-200ml/130603453",
        "price": "$16.56",
        "stars": 0,
        "ratings": 0,
        "img": "i5.walmartimages.com/asr/e551d2b9-b4cb-4c9f-936f-583ec050737a_1.e7479cf2b0af2802b938257900df0ad1.jpeg?odnWidth=612&odnHeight=612&odnBg=ffffff",
        "tags": [
            [
                "Sunscreens",
                "/browse/beauty/sunscreens/1085666_5589682_2544483"
            ],
            [
                "Body Suncare",
                "/browse/beauty/body-suncare/1085666_7192911_6846144_2584672"
            ],
            [
                "College Body Care Essentials",
                "/browse/beauty/college-body-care-essentials/1085666_7787101_3776273"
            ],
            [
                "Stock up on Skin Care",
                "/browse/beauty/stock-up-skin-care/1085666_6818441_4207370"
            ],
            [
                "Body",
                "/browse/beauty/body/1085666_7192911_8534614_4155824_4565663"
            ],
            [
                "Self Tanners",
                "/browse/beauty/self-tanners/1085666_5589682_4627379"
            ],
            [
                "Valentines Day Body care",
                "/browse/beauty/valentines-day-body-care/1085666_8697458_6828660"
            ],
            [
                "Mother's Day Bath & Body",
                "/browse/beauty/mothers-day-bath-body/1085666_2026829_9848493"
            ]
        ]
    },
    {
        "title": "Cucina Coriander and Olive Tree 6.7 oz Hand Soap",
        "url": "https://www.walmart.com/ip/Cucina-Coriander-and-Olive-Tree-6-7-oz-Hand-Soap/544526220",
        "price": "$14.95",
        "stars": 0,
        "ratings": 0,
        "img": "i5.walmartimages.com/asr/be90e1e9-dd35-46a3-b820-cfdec9af4d79_1.b60af5607a70814da18d56704cf820b8.jpeg?odnWidth=612&odnHeight=612&odnBg=ffffff",
        "tags": []
    },
    {
        "title": "Dial 06046 Basics Liquid Hand Soap, Rosemary & Mint, 1000ml Refill, 8/carton",
        "url": "https://www.walmart.com/ip/Dial-06046-Basics-Liquid-Hand-Soap-Rosemary-Mint-1000ml-Refill-8-carton/157548157",
        "price": "$53.18",
        "stars": "2.3",
        "ratings": "6 ",
        "img": "i5.walmartimages.com/asr/036d4d1b-1e8b-4704-9bb5-d0754bf6c6b4_1.02e523a77974c2f24f6485048a6844af.jpeg?odnWidth=612&odnHeight=612&odnBg=ffffff",
        "tags": [
            [
                "Body Wash & Shower Gel",
                "/browse/personal-care/body-wash-shower-gel/1005862_1071969_1074364"
            ],
            [
                "Stock up on Body Wash",
                "/browse/personal-care/stock-up-body-wash/1005862_1071969_1528860"
            ],
            [
                "Mrs Meyers Hand Soap",
                "/browse/personal-care/mrs-meyers-hand-soap/1005862_1071969_2434650"
            ],
            [
                "Softsoap Hand Soap",
                "/browse/personal-care/softsoap-hand-soap/1005862_1071969_4092819"
            ],
            [
                "EO Everyone Body Care",
                "/browse/personal-care/eo-everyone-body-care/1005862_1071969_5123759"
            ],
            [
                "Stock up on Hand Wash",
                "/browse/personal-care/stock-up-hand-wash/1005862_1071969_7917529"
            ]
        ]
    },
    {
        "title": "Gojo\u00ae, GOJ881603, ADX-12 Botanical Foam Soap Refill, 1 Each, Green, 42.3 fl oz (1250 mL)",
        "url": "https://www.walmart.com/ip/Gojo-reg-GOJ881603-ADX-12-Botanical-Foam-Soap-Refill-1-Each-Green-42-3-fl-oz-1250-mL/22256092",
        "price": "$19.80",
        "stars": "4.0",
        "ratings": "4 ",
        "img": "i5.walmartimages.com/asr/5525849a-fa87-42ed-9382-93f3c28b5a0f_1.a4e7d3379a32ace7f1d62140a5254008.jpeg?odnWidth=612&odnHeight=612&odnBg=ffffff",
        "tags": [
            [
                "New in Hand Soaps",
                "/browse/personal-care/new-in-hand-soaps/1005862_1071969_2378679"
            ],
            [
                "Mrs Meyers Hand Soap",
                "/browse/personal-care/mrs-meyers-hand-soap/1005862_1071969_2434650"
            ],
            [
                "Softsoap Hand Soap",
                "/browse/personal-care/softsoap-hand-soap/1005862_1071969_4092819"
            ],
            [
                "Banana Boat",
                "/browse/personal-care/banana-boat/1005862_1001508_4153586"
            ],
            [
                "Method Hand Soaps",
                "/browse/personal-care/method-hand-soaps/1005862_9157053_5971217_4326791"
            ],
            [
                "Stock up on Hand Wash",
                "/browse/personal-care/stock-up-hand-wash/1005862_1071969_7917529"
            ],
            [
                "Discover! Staff-Favorite Body Care",
                "/browse/personal-care/discover-staff-favorite-body-care/1005862_1071969_8051400"
            ]
        ]
    },
    {
        "title": "Softsoap Liquid Hand Soap, Lavender and Chamomile, 11.25 Oz, 3 Pack",
        "url": "https://www.walmart.com/ip/Softsoap-Liquid-Hand-Soap-Lavender-and-Chamomile-11-25-Oz-3-Pack/463018000",
        "price": "$18.36",
        "stars": 0,
        "ratings": 0,
        "img": "",
        "tags": [
            [
                "New in Hand Soaps",
                "/browse/personal-care/new-in-hand-soaps/1005862_1071969_2378679"
            ],
            [
                "Softsoap Hand Soap",
                "/browse/personal-care/softsoap-hand-soap/1005862_1071969_4092819"
            ],
            [
                "Method Hand Soaps",
                "/browse/personal-care/method-hand-soaps/1005862_9157053_5971217_4326791"
            ],
            [
                "Hand Sanitizing Wipes",
                "/browse/personal-care/hand-sanitizing-wipes/1005862_1071969_6886797"
            ],
            [
                "Stock up on Hand Wash",
                "/browse/personal-care/stock-up-hand-wash/1005862_1071969_7917529"
            ],
            [
                "Discover! Staff-Favorite Body Care",
                "/browse/personal-care/discover-staff-favorite-body-care/1005862_1071969_8051400"
            ],
            [
                "Hand Sanitizers",
                "/browse/personal-care/hand-sanitizers/1005862_1071969_9011420"
            ]
        ]
    },
    {
        "title": "South of France - Hand Wash Lavender Fields - 8 fl. oz.",
        "url": "https://www.walmart.com/ip/South-of-France-Hand-Wash-Lavender-Fields-8-fl-oz/151040350",
        "price": "$8.94",
        "stars": "4.9",
        "ratings": "7 ",
        "img": "i5.walmartimages.com/asr/f488c529-4901-49c7-b3f1-c5432ef6fa1d_1.1de4ffef61ff9bcba2b363f90c3c62bd.jpeg?odnWidth=612&odnHeight=612&odnBg=ffffff",
        "tags": [
            [
                "New in Hand Soaps",
                "/browse/personal-care/new-in-hand-soaps/1005862_1071969_2378679"
            ],
            [
                "Softsoap Hand Soap",
                "/browse/personal-care/softsoap-hand-soap/1005862_1071969_4092819"
            ],
            [
                "Method Hand Soaps",
                "/browse/personal-care/method-hand-soaps/1005862_9157053_5971217_4326791"
            ],
            [
                "Hand Sanitizing Wipes",
                "/browse/personal-care/hand-sanitizing-wipes/1005862_1071969_6886797"
            ],
            [
                "Stock up on Hand Wash",
                "/browse/personal-care/stock-up-hand-wash/1005862_1071969_7917529"
            ],
            [
                "Discover! Staff-Favorite Body Care",
                "/browse/personal-care/discover-staff-favorite-body-care/1005862_1071969_8051400"
            ],
            [
                "Hand Sanitizers",
                "/browse/personal-care/hand-sanitizers/1005862_1071969_9011420"
            ]
        ]
    }
]