[
    {
        "title": "Listerine Total Care Anticavity Mouthwash, Fresh Mint 500 mL (Pack of 2)",
        "url": "https://www.walmart.com/ip/Listerine-Total-Care-Anticavity-Mouthwash-Fresh-Mint-500-mL-Pack-of-2/45018188",
        "price": "$17.54",
        "stars": "4.0",
        "ratings": "306 ",
        "img": "i5.walmartimages.com/asr/f1f7e2b3-9809-4412-9843-20eeeae8edaf_1.c0e5d2792bc61e8fc4028974800db818.jpeg?odnWidth=612&odnHeight=612&odnBg=ffffff",
        "tags": [
            [
                "Crest Mouthwash",
                "/browse/personal-care/crest-mouthwash/1005862_1007221_1007360_2137973"
            ],
            [
                "All Dental Floss",
                "/browse/personal-care/all-dental-floss/1005862_1007221_1044031_2443344"
            ],
            [
                "All Dry Mouth Mouthwash",
                "/browse/personal-care/all-dry-mouth-mouthwash/1005862_1007221_1007360_8361519_5654027"
            ],
            [
                "Listerine Mouthwash",
                "/browse/personal-care/listerine-mouthwash/1005862_1007221_1007360_6779281"
            ],
            [
                "String Floss",
                "/browse/personal-care/string-floss/1005862_1007221_1044031_7062539"
            ],
            [
                "All Mouthwash",
                "/browse/personal-care/all-mouthwash/1005862_1007221_1007360_7390687"
            ]
        ]
    },
    {
        "title": "Biotene Dry Mouth Mouthwash 8 oz (Pack of 4)",
        "url": "https://www.walmart.com/ip/Biotene-Dry-Mouth-Mouthwash-8-oz-Pack-of-4/48661069",
        "price": "$22.32",
        "stars": 0,
        "ratings": 0,
        "img": "i5.walmartimages.com/asr/4f61a2f6-470e-45b3-86a4-e4c2638ccd27_1.d56ede5fd5ca0dd15ad48d1569a08cf3.jpeg?odnWidth=612&odnHeight=612&odnBg=ffffff",
        "tags": [
            [
                "Kids Oral Care",
                "/browse/personal-care/kids-oral-care/1005862_1007221_1094604"
            ],
            [
                "Crest",
                "/browse/personal-care/crest/1005862_9157053_2014962"
            ],
            [
                "Crest Mouthwash",
                "/browse/personal-care/crest-mouthwash/1005862_1007221_1007360_2137973"
            ],
            [
                "Listerine",
                "/browse/personal-care/listerine/1005862_9157053_2941559"
            ],
            [
                "ACT Mouthwash",
                "/browse/personal-care/act-mouthwash/1005862_1007221_1007360_6271227"
            ],
            [
                "Listerine Mouthwash",
                "/browse/personal-care/listerine-mouthwash/1005862_1007221_1007360_6779281"
            ],
            [
                "All Mouthwash",
                "/browse/personal-care/all-mouthwash/1005862_1007221_1007360_7390687"
            ]
        ]
    },
    {
        "title": "Herbal Choice Mari Organic Mouth Wash, 1:10 Concentrate; 8floz BPA-Free Plastic",
        "url": "https://www.walmart.com/ip/Herbal-Choice-Mari-Organic-Mouth-Wash-1-10-Concentrate-8floz-BPA-Free-Plastic/457325974",
        "price": "$14.99",
        "stars": 0,
        "ratings": 0,
        "img": "i5.walmartimages.com/asr/2df85547-6d89-4236-9709-fc5cb6f2920e_1.059f923bebbb93869ec4b1ae79eafe84.jpeg?odnWidth=612&odnHeight=612&odnBg=ffffff",
        "tags": [
            [
                "Kids Oral Care",
                "/browse/personal-care/kids-oral-care/1005862_1007221_1094604"
            ],
            [
                "Crest",
                "/browse/personal-care/crest/1005862_9157053_2014962"
            ],
            [
                "Crest Mouthwash",
                "/browse/personal-care/crest-mouthwash/1005862_1007221_1007360_2137973"
            ],
            [
                "Listerine",
                "/browse/personal-care/listerine/1005862_9157053_2941559"
            ],
            [
                "ACT Mouthwash",
                "/browse/personal-care/act-mouthwash/1005862_1007221_1007360_6271227"
            ],
            [
                "Listerine Mouthwash",
                "/browse/personal-care/listerine-mouthwash/1005862_1007221_1007360_6779281"
            ],
            [
                "All Mouthwash",
                "/browse/personal-care/all-mouthwash/1005862_1007221_1007360_7390687"
            ]
        ]
    },
    {
        "title": "Smartmouth 24 Hours Original Mouthwash Packets, Fresh Breath - 10 Ea, 2 Pack",
        "url": "https://www.walmart.com/ip/Smartmouth-24-Hours-Original-Mouthwash-Packets-Fresh-Breath-10-Ea-2-Pack/49943522",
        "price": "$23.55",
        "stars": 0,
        "ratings": 0,
        "img": "i5.walmartimages.com/asr/28b2e8fd-057f-4006-aa13-a08034b518b0_1.3e124878c2c36eb2032b6bf2bfd7716b.jpeg?odnWidth=612&odnHeight=612&odnBg=ffffff",
        "tags": [
            [
                "Kids Oral Care",
                "/browse/personal-care/kids-oral-care/1005862_1007221_1094604"
            ],
            [
                "Crest",
                "/browse/personal-care/crest/1005862_9157053_2014962"
            ],
            [
                "Crest Mouthwash",
                "/browse/personal-care/crest-mouthwash/1005862_1007221_1007360_2137973"
            ],
            [
                "Travel Size Toiletries & Kits",
                "/browse/travel-size-toiletries-kits/1005862_2802339"
            ],
            [
                "Listerine",
                "/browse/personal-care/listerine/1005862_9157053_2941559"
            ],
            [
                "Listerine Mouthwash",
                "/browse/personal-care/listerine-mouthwash/1005862_1007221_1007360_6779281"
            ],
            [
                "All Mouthwash",
                "/browse/personal-care/all-mouthwash/1005862_1007221_1007360_7390687"
            ]
        ]
    },
    {
        "title": "tom's of maine long lasting wicked fresh cool mountain mint mouth wash, 16 ounce bottles, pack of 6",
        "url": "https://www.walmart.com/ip/tom-s-of-maine-long-lasting-wicked-fresh-cool-mountain-mint-mouth-wash-16-ounce-bottles-pack-of-6/590333828",
        "price": "$46.51",
        "stars": 0,
        "ratings": 0,
        "img": "",
        "tags": [
            [
                "Kids Oral Care",
                "/browse/personal-care/kids-oral-care/1005862_1007221_1094604"
            ],
            [
                "Crest",
                "/browse/personal-care/crest/1005862_9157053_2014962"
            ],
            [
                "Crest Mouthwash",
                "/browse/personal-care/crest-mouthwash/1005862_1007221_1007360_2137973"
            ],
            [
                "Listerine",
                "/browse/personal-care/listerine/1005862_9157053_2941559"
            ],
            [
                "ACT Mouthwash",
                "/browse/personal-care/act-mouthwash/1005862_1007221_1007360_6271227"
            ],
            [
                "Listerine Mouthwash",
                "/browse/personal-care/listerine-mouthwash/1005862_1007221_1007360_6779281"
            ],
            [
                "All Mouthwash",
                "/browse/personal-care/all-mouthwash/1005862_1007221_1007360_7390687"
            ]
        ]
    },
    {
        "title": "Glyco-Thymoline  Liquid 16 oz (Pack of 6)",
        "url": "https://www.walmart.com/ip/Glyco-Thymoline-Liquid-16-oz-Pack-of-6/46234515",
        "price": "$63.06",
        "stars": 0,
        "ratings": 0,
        "img": "i5.walmartimages.com/asr/c8ff2b4e-13ea-402e-abf1-4956ade85576_1.0291f27806aaa0b8c942212d5cc4bc5d.jpeg?odnWidth=612&odnHeight=612&odnBg=ffffff",
        "tags": [
            [
                "Kids Oral Care",
                "/browse/personal-care/kids-oral-care/1005862_1007221_1094604"
            ],
            [
                "Crest",
                "/browse/personal-care/crest/1005862_9157053_2014962"
            ],
            [
                "Crest Mouthwash",
                "/browse/personal-care/crest-mouthwash/1005862_1007221_1007360_2137973"
            ],
            [
                "Listerine",
                "/browse/personal-care/listerine/1005862_9157053_2941559"
            ],
            [
                "ACT Mouthwash",
                "/browse/personal-care/act-mouthwash/1005862_1007221_1007360_6271227"
            ],
            [
                "Listerine Mouthwash",
                "/browse/personal-care/listerine-mouthwash/1005862_1007221_1007360_6779281"
            ],
            [
                "All Mouthwash",
                "/browse/personal-care/all-mouthwash/1005862_1007221_1007360_7390687"
            ]
        ]
    },
    {
        "title": "3 Pack - Colgate Total Daily Repair Toothpaste 5.8 oz",
        "url": "https://www.walmart.com/ip/3-Pack-Colgate-Total-Daily-Repair-Toothpaste-5-8-oz/722980797",
        "price": "$16.59",
        "stars": "4.6",
        "ratings": "65 ",
        "img": "i5.walmartimages.com/asr/3d318659-a0ad-4f50-93ba-bb211d9cf20a_1.2f8890f9a43c9554cde9175bf422522d.jpeg?odnWidth=612&odnHeight=612&odnBg=ffffff",
        "tags": [
            [
                "Kids Oral Care",
                "/browse/personal-care/kids-oral-care/1005862_1007221_1094604"
            ],
            [
                "Crest",
                "/browse/personal-care/crest/1005862_9157053_2014962"
            ],
            [
                "All Crest Toothpaste",
                "/browse/personal-care/all-crest-toothpaste/1005862_1007221_1023020_1489384_2603409"
            ],
            [
                "Colgate Total Toothpaste",
                "/browse/personal-care/colgate-total-toothpaste/1005862_1007221_1023020_9769261_4509640"
            ],
            [
                "All Colgate Toothpaste",
                "/browse/personal-care/all-colgate-toothpaste/1005862_1007221_1023020_9769261_5746090"
            ],
            [
                "Colgate Optic White Toothpaste",
                "/browse/personal-care/colgate-optic-white-toothpaste/1005862_1007221_1023020_9769261_7536203"
            ],
            [
                "All Toothpaste",
                "/browse/personal-care/all-toothpaste/1005862_1007221_1023020_8164419"
            ],
            [
                "Whitening Toothpaste",
                "/browse/personal-care/whitening-toothpaste/1005862_1007221_1023020_8212171"
            ]
        ]
    },
    {
        "title": "DALE AUDREY - AYURVEDIC OIL PULLING RINSE MINT",
        "url": "https://www.walmart.com/ip/DALE-AUDREY-AYURVEDIC-OIL-PULLING-RINSE-MINT/170123914",
        "price": "$35.00",
        "stars": 0,
        "ratings": 0,
        "img": "",
        "tags": [
            [
                "Kids Oral Care",
                "/browse/personal-care/kids-oral-care/1005862_1007221_1094604"
            ],
            [
                "Crest",
                "/browse/personal-care/crest/1005862_9157053_2014962"
            ],
            [
                "Crest Mouthwash",
                "/browse/personal-care/crest-mouthwash/1005862_1007221_1007360_2137973"
            ],
            [
                "Listerine",
                "/browse/personal-care/listerine/1005862_9157053_2941559"
            ],
            [
                "ACT Mouthwash",
                "/browse/personal-care/act-mouthwash/1005862_1007221_1007360_6271227"
            ],
            [
                "Listerine Mouthwash",
                "/browse/personal-care/listerine-mouthwash/1005862_1007221_1007360_6779281"
            ],
            [
                "All Mouthwash",
                "/browse/personal-care/all-mouthwash/1005862_1007221_1007360_7390687"
            ]
        ]
    },
    {
        "title": "Act Dry Mouth Lozenges with Xylitol Soothing Mint",
        "url": "https://www.walmart.com/ip/Act-Dry-Mouth-Lozenges-with-Xylitol-Soothing-Mint/897581220",
        "price": "$10.59",
        "stars": 0,
        "ratings": 0,
        "img": "",
        "tags": [
            [
                "Kids Oral Care",
                "/browse/personal-care/kids-oral-care/1005862_1007221_1094604"
            ],
            [
                "All Oral Accessories",
                "/browse/personal-care/all-oral-accessories/1005862_1007221_1044029_1891099"
            ],
            [
                "All Breath Freshener",
                "/browse/personal-care/all-breath-freshener/1005862_1007221_8721343_3777687"
            ],
            [
                "All Dry Mouth Mouthwash",
                "/browse/personal-care/all-dry-mouth-mouthwash/1005862_1007221_1007360_8361519_5654027"
            ],
            [
                "All Mouthwash",
                "/browse/personal-care/all-mouthwash/1005862_1007221_1007360_7390687"
            ],
            [
                "Men's Personal Care",
                "/browse/mens-personal-care/1005862_8928973"
            ]
        ]
    },
    {
        "title": "Natural Dentist Healthy Gums Daily Oral Rinse, Orange Zest - 16 Oz, 2 Pack",
        "url": "https://www.walmart.com/ip/Natural-Dentist-Healthy-Gums-Daily-Oral-Rinse-Orange-Zest-16-Oz-2-Pack/51296599",
        "price": "$21.72",
        "stars": 0,
        "ratings": 0,
        "img": "",
        "tags": [
            [
                "Kids Oral Care",
                "/browse/personal-care/kids-oral-care/1005862_1007221_1094604"
            ],
            [
                "Crest",
                "/browse/personal-care/crest/1005862_9157053_2014962"
            ],
            [
                "Crest Mouthwash",
                "/browse/personal-care/crest-mouthwash/1005862_1007221_1007360_2137973"
            ],
            [
                "Listerine",
                "/browse/personal-care/listerine/1005862_9157053_2941559"
            ],
            [
                "ACT Mouthwash",
                "/browse/personal-care/act-mouthwash/1005862_1007221_1007360_6271227"
            ],
            [
                "Listerine Mouthwash",
                "/browse/personal-care/listerine-mouthwash/1005862_1007221_1007360_6779281"
            ],
            [
                "All Mouthwash",
                "/browse/personal-care/all-mouthwash/1005862_1007221_1007360_7390687"
            ]
        ]
    }
]