[
    {
        "title": "BEVEL BLADES",
        "url": "https://www.walmart.com/ip/BEVEL-BLADES/317876536",
        "price": "$9.95",
        "stars": 0,
        "ratings": 0,
        "img": "i5.walmartimages.com/asr/5d9c8c4a-2b6a-44f2-907f-52a326c06dd2_3.74fc8ff90113cf8f9e9858038f296ad2.jpeg?odnWidth=612&odnHeight=612&odnBg=ffffff",
        "tags": [
            [
                "Aramis",
                "/browse/premium-beauty/aramis/7924299_9882925_1280161"
            ],
            [
                "Zirh",
                "/browse/premium-beauty/zirh/7924299_9882925_2805084"
            ],
            [
                "Cologne & Grooming",
                "/browse/premium-beauty/cologne-grooming/7924299_5414957_6902821"
            ],
            [
                "Proraso",
                "/browse/premium-beauty/proraso/7924299_9882925_7235839"
            ],
            [
                "Premium Face Care",
                "/browse/premium-beauty/premium-face-care/7924299_6351529_7788265"
            ],
            [
                "Premium Grooming Tools",
                "/browse/premium-beauty/premium-grooming-tools/7924299_6351529_8295767"
            ],
            [
                "Lab Series",
                "/browse/premium-beauty/lab-series/7924299_9882925_9524063"
            ],
            [
                "Premium Beard Care",
                "/browse/premium-beauty/premium-beard-care/7924299_6351529_9749804"
            ]
        ]
    },
    {
        "title": "3x Replacement Shaver Head Blades Cutters For  Norelco HQ9 Electric Razor",
        "url": "https://www.walmart.com/ip/3x-Replacement-Shaver-Head-Blades-Cutters-For-Norelco-HQ9-Electric-Razor/245821034",
        "price": "$15.83",
        "stars": "1.9",
        "ratings": "16 ",
        "img": "i5.walmartimages.com/asr/815d2d58-d770-462d-82f3-20289bb743fb_1.37c2e84c56e56bae53c729e24f054adb.jpeg?odnWidth=612&odnHeight=612&odnBg=ffffff",
        "tags": [
            [
                "Razors",
                "/browse/personal-care/razors/1005862_1007220_1007399"
            ],
            [
                "Electric Shave Replacement Heads",
                "/browse/personal-care/electric-shave-replacement-heads/1005862_1007220_1044019"
            ],
            [
                "Electric Shavers",
                "/browse/personal-care/electric-shavers/1005862_1007220_133146"
            ],
            [
                "All Electric Shave Replacement Heads",
                "/browse/personal-care/all-electric-shave-replacement-heads/1005862_1007220_2434574"
            ],
            [
                "Panasonic Electric Shavers",
                "/browse/personal-care/panasonic-electric-shavers/1005862_1007220_5499086"
            ],
            [
                "All Electric Shavers",
                "/browse/personal-care/all-electric-shavers/1005862_1007220_6936955"
            ],
            [
                "Philips Norelco Electric Shavers",
                "/browse/personal-care/philips-norelco-electric-shavers/1005862_1007220_7905976"
            ],
            [
                "Men's Shaving",
                "/browse/personal-care/mens-shaving/1005862_1007220_8793708"
            ]
        ]
    },
    {
        "title": "P & G Daisy Razor, 5 ea",
        "url": "https://www.walmart.com/ip/P-G-Daisy-Razor-5-ea/127278510",
        "price": "$8.23",
        "stars": "4.0",
        "ratings": "1 ",
        "img": "i5.walmartimages.com/asr/9b3c1d34-6fce-48a9-aa7a-5a0208b1144d_1.c109034db38acd49f8054852d606e99e.jpeg?odnWidth=612&odnHeight=612&odnBg=ffffff",
        "tags": [
            [
                "Razors",
                "/browse/personal-care/razors/1005862_1007220_1007399"
            ],
            [
                "Gillette Razors",
                "/browse/personal-care/gillette-razors/1005862_1007220_2562288"
            ],
            [
                "BIC Disposable Razors",
                "/browse/personal-care/bic-disposable-razors/1005862_1007220_4640643"
            ],
            [
                "Men's Razors and Razor Blades",
                "/browse/personal-care/mens-razors-razor-blades/1005862_1007220_6377251"
            ],
            [
                "All Razors",
                "/browse/personal-care/all-razors/1005862_1007220_6461098"
            ],
            [
                "Women's Razors",
                "/browse/personal-care/womens-razors/1005862_1007220_7994182"
            ],
            [
                "All Razor Blades",
                "/browse/personal-care/all-razor-blades/1005862_1007220_8061121"
            ],
            [
                "Women's Shaving",
                "/browse/personal-care/womens-shaving/1005862_1007220_9200501"
            ]
        ]
    },
    {
        "title": "Gillette 7 O'Clock PII Trac II Razor  + LA Cross Blemish Remover 74851",
        "url": "https://www.walmart.com/ip/Gillette-7-O-Clock-PII-Trac-II-Razor-LA-Cross-Blemish-Remover-74851/606832936",
        "price": "$7.49",
        "stars": 0,
        "ratings": 0,
        "img": "i5.walmartimages.com/asr/e8b59725-ea91-4c6b-b7c5-25a9b8d7a2b1_1.817ad7086f6a929429d87722f3e000ba.jpeg?odnWidth=612&odnHeight=612&odnBg=ffffff",
        "tags": [
            [
                "Razor Blades",
                "/browse/personal-care/razor-blades/1005862_1007220_1044020"
            ],
            [
                "Men's Razor Blades",
                "/browse/personal-care/mens-razor-blades/1005862_1007220_3392907"
            ],
            [
                "Men's Razors and Razor Blades",
                "/browse/personal-care/mens-razors-razor-blades/1005862_1007220_6377251"
            ],
            [
                "All Razors",
                "/browse/personal-care/all-razors/1005862_1007220_6461098"
            ],
            [
                "All Razor Blades",
                "/browse/personal-care/all-razor-blades/1005862_1007220_8061121"
            ],
            [
                "Gillette Venus Razors",
                "/browse/personal-care/gillette-venus-razors/1005862_1007220_8090056"
            ],
            [
                "Men's Shaving",
                "/browse/personal-care/mens-shaving/1005862_1007220_8793708"
            ],
            [
                "Men's Razors",
                "/browse/personal-care/mens-razors/1005862_1007220_9287106"
            ]
        ]
    },
    {
        "title": "Razor 2X (5-blade Cartridges) - Bright Orange Harry's",
        "url": "https://www.walmart.com/ip/Razor-2X-5-blade-Cartridges-Bright-Orange-Harry-s/812040690",
        "price": "$19.99",
        "stars": "4.7",
        "ratings": "3 ",
        "img": "i5.walmartimages.com/asr/64ab308c-b36b-42e7-9a5a-e1c854b015f1_1.25047f714e79da43511132af35ce2a5f.jpeg?odnWidth=612&odnHeight=612&odnBg=ffffff",
        "tags": [
            [
                "Razors",
                "/browse/personal-care/razors/1005862_1007220_1007399"
            ],
            [
                "Razor Blades",
                "/browse/personal-care/razor-blades/1005862_1007220_1044020"
            ],
            [
                "Men's Razor Blades",
                "/browse/personal-care/mens-razor-blades/1005862_1007220_3392907"
            ],
            [
                "Men's Razors and Razor Blades",
                "/browse/personal-care/mens-razors-razor-blades/1005862_1007220_6377251"
            ],
            [
                "All Razors",
                "/browse/personal-care/all-razors/1005862_1007220_6461098"
            ],
            [
                "All Razor Blades",
                "/browse/personal-care/all-razor-blades/1005862_1007220_8061121"
            ],
            [
                "Men's Shaving",
                "/browse/personal-care/mens-shaving/1005862_1007220_8793708"
            ],
            [
                "Men's Razors",
                "/browse/personal-care/mens-razors/1005862_1007220_9287106"
            ]
        ]
    },
    {
        "title": "Bic Twin Select Disposable Shavers for Men Sensitive Skin 10 Count (Pack of 2)",
        "url": "https://www.walmart.com/ip/Bic-Twin-Select-Disposable-Shavers-for-Men-Sensitive-Skin-10-Count-Pack-of-2/757231917",
        "price": "$11.24",
        "stars": "2.0",
        "ratings": "1 ",
        "img": "i5.walmartimages.com/asr/ef086513-3a8b-4639-99fc-56de411359aa.8a9b23364b8023fcacc4f99064e961eb.jpeg?odnWidth=612&odnHeight=612&odnBg=ffffff",
        "tags": [
            [
                "Razors",
                "/browse/personal-care/razors/1005862_1007220_1007399"
            ],
            [
                "Razor Blades",
                "/browse/personal-care/razor-blades/1005862_1007220_1044020"
            ],
            [
                "Gillette Razors",
                "/browse/personal-care/gillette-razors/1005862_1007220_2562288"
            ],
            [
                "BIC Disposable Razors",
                "/browse/personal-care/bic-disposable-razors/1005862_1007220_4640643"
            ],
            [
                "Men's Razors and Razor Blades",
                "/browse/personal-care/mens-razors-razor-blades/1005862_1007220_6377251"
            ],
            [
                "All Razors",
                "/browse/personal-care/all-razors/1005862_1007220_6461098"
            ],
            [
                "All Razor Blades",
                "/browse/personal-care/all-razor-blades/1005862_1007220_8061121"
            ],
            [
                "Men's Razors",
                "/browse/personal-care/mens-razors/1005862_1007220_9287106"
            ]
        ]
    },
    {
        "title": "Beard Grooming Kit For Men; Premium Men's Set For That Special Man With Premium Wooden Comb, Bearded Brush, Oil, Balm, Scissors, Storage/Travel Bag, and Wooden Gift Box",
        "url": "https://www.walmart.com/ip/Beard-Grooming-Kit-For-Men-Premium-Men-s-Set-That-Special-Man-With-Wooden-Comb-Bearded-Brush-Oil-Balm-Scissors-Storage-Travel-Bag-Gift-Box/610127386",
        "price": "$22.95",
        "stars": "3.0",
        "ratings": "2 ",
        "img": "i5.walmartimages.com/asr/a0f4f1c3-3623-4510-b88d-8043d82c15f4_1.0071f45b7f7b0855de5c74d3a97c7151.jpeg?odnWidth=612&odnHeight=612&odnBg=ffffff",
        "tags": [
            [
                "Razors",
                "/browse/personal-care/razors/1005862_1007220_1007399"
            ],
            [
                "All Men's Beard Care",
                "/browse/personal-care/all-mens-beard-care/1005862_1056884_2965909_1681990"
            ],
            [
                "Travel Size Toiletries & Kits",
                "/browse/travel-size-toiletries-kits/1005862_2802339"
            ],
            [
                "Plant Based Personal Care",
                "/browse/plant-based-personal-care/1005862_3442684"
            ],
            [
                "All Razors",
                "/browse/personal-care/all-razors/1005862_1007220_6461098"
            ],
            [
                "Men's Beard Care",
                "/browse/personal-care/mens-beard-care/1005862_1056884_2965909_7312346"
            ],
            [
                "2-in-1 Hair and Body Care",
                "/browse/2-in-1-hair-body-care/1005862_8779108"
            ],
            [
                "Beard Wash",
                "/browse/personal-care/beard-wash/1005862_1056884_2965909_9867102"
            ]
        ]
    },
    {
        "title": "Foldable Eyebrow Razor for Women, Multipurpose Dermaplane Razors, Eyebrow Trimmer, Dermaplaning Tool, Precision Face Shavers - Facial Hair Removal for Women and Men 3 Pack",
        "url": "https://www.walmart.com/ip/Foldable-Eyebrow-Razor-Women-Multipurpose-Dermaplane-Razors-Trimmer-Dermaplaning-Tool-Precision-Face-Shavers-Facial-Hair-Removal-Women-Men-3-Pack/739558498",
        "price": "$5.99",
        "stars": "5.0",
        "ratings": "1 ",
        "img": "i5.walmartimages.com/asr/d70b1bef-a3dc-4cf2-a829-98e843301bd6.3836d9b52c26e8856cf0b2c17fb76e2d.png?odnWidth=612&odnHeight=612&odnBg=ffffff",
        "tags": [
            [
                "Razors",
                "/browse/personal-care/razors/1005862_1007220_1007399"
            ],
            [
                "Razor Blades",
                "/browse/personal-care/razor-blades/1005862_1007220_1044020"
            ],
            [
                "Gillette Razors",
                "/browse/personal-care/gillette-razors/1005862_1007220_2562288"
            ],
            [
                "All Razors",
                "/browse/personal-care/all-razors/1005862_1007220_6461098"
            ],
            [
                "Women's Razors",
                "/browse/personal-care/womens-razors/1005862_1007220_7994182"
            ],
            [
                "All Razor Blades",
                "/browse/personal-care/all-razor-blades/1005862_1007220_8061121"
            ],
            [
                "Gillette Venus Razors",
                "/browse/personal-care/gillette-venus-razors/1005862_1007220_8090056"
            ],
            [
                "Women's Shaving",
                "/browse/personal-care/womens-shaving/1005862_1007220_9200501"
            ]
        ]
    },
    {
        "title": "Double Edge Safety Razor Stainless Steel Manual Shaving Razor Long Handle Traditional Razor",
        "url": "https://www.walmart.com/ip/Double-Edge-Safety-Razor-Stainless-Steel-Manual-Shaving-Razor-Long-Handle-Traditional-Razor/439568853",
        "price": "$10.69",
        "stars": "5.0",
        "ratings": "2 ",
        "img": "i5.walmartimages.com/asr/4108a0a4-4596-49c1-95aa-bd97345d7d18_1.c78084bba7854acbf58c09431a7a4196.jpeg?odnWidth=612&odnHeight=612&odnBg=ffffff",
        "tags": [
            [
                "Razors",
                "/browse/personal-care/razors/1005862_1007220_1007399"
            ],
            [
                "Razor Blades",
                "/browse/personal-care/razor-blades/1005862_1007220_1044020"
            ],
            [
                "Gillette Razors",
                "/browse/personal-care/gillette-razors/1005862_1007220_2562288"
            ],
            [
                "Men's Razors and Razor Blades",
                "/browse/personal-care/mens-razors-razor-blades/1005862_1007220_6377251"
            ],
            [
                "All Razors",
                "/browse/personal-care/all-razors/1005862_1007220_6461098"
            ],
            [
                "All Razor Blades",
                "/browse/personal-care/all-razor-blades/1005862_1007220_8061121"
            ],
            [
                "Men's Grooming",
                "/browse/personal-care/mens-grooming/1005862_1056884_8125559"
            ],
            [
                "Men's Razors",
                "/browse/personal-care/mens-razors/1005862_1007220_9287106"
            ]
        ]
    },
    {
        "title": "Gillette Blue 3 (Sensor, Sensor 3 and Sensor Excel Compatible) Razor Handle with 4 Refill Blade Cartridges",
        "url": "https://www.walmart.com/ip/Gillette-Blue-3-Sensor-Sensor-3-and-Sensor-Excel-Compatible-Razor-Handle-with-4-Refill-Blade-Cartridges/189839398",
        "price": "$19.99",
        "stars": "5.0",
        "ratings": "1 ",
        "img": "i5.walmartimages.com/asr/e2e71c65-feea-4039-b0dc-ee8e7e738f6e_1.b6c3010f83c975f5fd4eba3c198b86ff.jpeg?odnWidth=612&odnHeight=612&odnBg=ffffff",
        "tags": [
            [
                "Razor Blades",
                "/browse/personal-care/razor-blades/1005862_1007220_1044020"
            ],
            [
                "Men's Razor Blades",
                "/browse/personal-care/mens-razor-blades/1005862_1007220_3392907"
            ],
            [
                "Men's Razors and Razor Blades",
                "/browse/personal-care/mens-razors-razor-blades/1005862_1007220_6377251"
            ],
            [
                "All Razors",
                "/browse/personal-care/all-razors/1005862_1007220_6461098"
            ],
            [
                "All Razor Blades",
                "/browse/personal-care/all-razor-blades/1005862_1007220_8061121"
            ],
            [
                "Gillette Venus Razors",
                "/browse/personal-care/gillette-venus-razors/1005862_1007220_8090056"
            ],
            [
                "Men's Shaving",
                "/browse/personal-care/mens-shaving/1005862_1007220_8793708"
            ],
            [
                "Men's Razors",
                "/browse/personal-care/mens-razors/1005862_1007220_9287106"
            ]
        ]
    }
]