[
    {
        "title": "3 Pack - Listerine Cool Mint Zero Alcohol Mouthwash, 3.2 oz",
        "url": "https://www.walmart.com/ip/3-Pack-Listerine-Cool-Mint-Zero-Alcohol-Mouthwash-3-2-oz/633754855",
        "price": "$7.86",
        "stars": "4.0",
        "ratings": "3437 ",
        "img": "i5.walmartimages.com/asr/5206805b-746e-4336-85d2-145ad9ebeb72_1.b0c5db35866ea986af529660306a038e.jpeg?odnWidth=612&odnHeight=612&odnBg=ffffff",
        "tags": [
            [
                "Kids Oral Care",
                "/browse/personal-care/kids-oral-care/1005862_1007221_1094604"
            ],
            [
                "All Dental Floss",
                "/browse/personal-care/all-dental-floss/1005862_1007221_1044031_2443344"
            ],
            [
                "All Dry Mouth Mouthwash",
                "/browse/personal-care/all-dry-mouth-mouthwash/1005862_1007221_1007360_8361519_5654027"
            ],
            [
                "Listerine Mouthwash",
                "/browse/personal-care/listerine-mouthwash/1005862_1007221_1007360_6779281"
            ],
            [
                "String Floss",
                "/browse/personal-care/string-floss/1005862_1007221_1044031_7062539"
            ],
            [
                "All Mouthwash",
                "/browse/personal-care/all-mouthwash/1005862_1007221_1007360_7390687"
            ]
        ]
    },
    {
        "title": "Glyco-Thymoline Liquid 16 oz (Pack of 3)",
        "url": "https://www.walmart.com/ip/Glyco-Thymoline-Liquid-16-oz-Pack-of-3/108475011",
        "price": "$37.88",
        "stars": 0,
        "ratings": 0,
        "img": "i5.walmartimages.com/asr/289d605f-4447-4df8-a3e1-1f900de8ed81_1.4f582027f13d577e2f4ccedec8a510d8.jpeg?odnWidth=612&odnHeight=612&odnBg=ffffff",
        "tags": [
            [
                "Kids Oral Care",
                "/browse/personal-care/kids-oral-care/1005862_1007221_1094604"
            ],
            [
                "Crest",
                "/browse/personal-care/crest/1005862_9157053_2014962"
            ],
            [
                "Crest Mouthwash",
                "/browse/personal-care/crest-mouthwash/1005862_1007221_1007360_2137973"
            ],
            [
                "Listerine",
                "/browse/personal-care/listerine/1005862_9157053_2941559"
            ],
            [
                "ACT Mouthwash",
                "/browse/personal-care/act-mouthwash/1005862_1007221_1007360_6271227"
            ],
            [
                "Listerine Mouthwash",
                "/browse/personal-care/listerine-mouthwash/1005862_1007221_1007360_6779281"
            ],
            [
                "All Mouthwash",
                "/browse/personal-care/all-mouthwash/1005862_1007221_1007360_7390687"
            ]
        ]
    },
    {
        "title": "Biotene Dry Mouth Gentle Oral Rinse, Mild Mint, 16 Ounces each",
        "url": "https://www.walmart.com/ip/Biotene-Dry-Mouth-Gentle-Oral-Rinse-Mild-Mint-16-Ounces-each/797949784",
        "price": "$15.00",
        "stars": "5.0",
        "ratings": "1 ",
        "img": "i5.walmartimages.com/asr/27ab1bc2-284a-46df-baf4-5db4afb54a87_1.4d1f703ad0b78cfe0b0a8f23dfc6b96c.jpeg?odnWidth=612&odnHeight=612&odnBg=ffffff",
        "tags": [
            [
                "Oral Pain Relief",
                "/browse/personal-care/oral-pain-relief/1005862_1007221_1044254"
            ],
            [
                "All Oral Accessories",
                "/browse/personal-care/all-oral-accessories/1005862_1007221_1044029_1891099"
            ],
            [
                "Listerine",
                "/browse/personal-care/listerine/1005862_9157053_2941559"
            ],
            [
                "All Breath Freshener",
                "/browse/personal-care/all-breath-freshener/1005862_1007221_8721343_3777687"
            ],
            [
                "All Mouthwash",
                "/browse/personal-care/all-mouthwash/1005862_1007221_1007360_7390687"
            ],
            [
                "All Toothpaste",
                "/browse/personal-care/all-toothpaste/1005862_1007221_1023020_8164419"
            ]
        ]
    },
    {
        "title": "ACT Restoring Anticavity Fluoride Mouthwash, Mint Burst, Alcohol-Free, 3 Oz",
        "url": "https://www.walmart.com/ip/ACT-Restoring-Anticavity-Fluoride-Mouthwash-Mint-Burst-Alcohol-Free-3-Oz/972522032",
        "price": "$6.22",
        "stars": "1.0",
        "ratings": "1 ",
        "img": "i5.walmartimages.com/asr/c55cb617-beab-42ac-94c1-c7e084523020_1.d122162d02a03f692f178d7785c82a90.jpeg?odnWidth=612&odnHeight=612&odnBg=ffffff",
        "tags": [
            [
                "Kids Oral Care",
                "/browse/personal-care/kids-oral-care/1005862_1007221_1094604"
            ],
            [
                "Crest",
                "/browse/personal-care/crest/1005862_9157053_2014962"
            ],
            [
                "All Crest Toothpaste",
                "/browse/personal-care/all-crest-toothpaste/1005862_1007221_1023020_1489384_2603409"
            ],
            [
                "Crest Pro Health Toothpaste",
                "/browse/personal-care/crest-pro-health-toothpaste/1005862_1007221_1023020_1489384_4415374"
            ],
            [
                "All Dry Mouth Mouthwash",
                "/browse/personal-care/all-dry-mouth-mouthwash/1005862_1007221_1007360_8361519_5654027"
            ],
            [
                "All Mouthwash",
                "/browse/personal-care/all-mouthwash/1005862_1007221_1007360_7390687"
            ],
            [
                "All Toothpaste",
                "/browse/personal-care/all-toothpaste/1005862_1007221_1023020_8164419"
            ],
            [
                "Men's Personal Care",
                "/browse/mens-personal-care/1005862_8928973"
            ]
        ]
    },
    {
        "title": "Floris Rose by Floris London 3.4 oz Concentrated Mouth Wash",
        "url": "https://www.walmart.com/ip/Floris-Rose-by-Floris-London-3-4-oz-Concentrated-Mouth-Wash/780715411",
        "price": "$65.00",
        "stars": 0,
        "ratings": 0,
        "img": "",
        "tags": [
            [
                "Premium Beauty Tools & Tech",
                "/browse/premium-beauty/premium-beauty-tools-tech/7924299_4364956_5557775"
            ],
            [
                "Premium Anti-Aging Tools & Devices",
                "/browse/premium-beauty/premium-anti-aging-tools-devices/7924299_6526850_5647620"
            ],
            [
                "Premium Face Cleansers",
                "/browse/premium-beauty/premium-face-cleansers/7924299_6754293_5970375"
            ],
            [
                "Premium Self Care & Pampering",
                "/browse/premium-self-care-pampering/7924299_6211132"
            ],
            [
                "Foreo",
                "/browse/premium-beauty/foreo/7924299_9882925_7693728"
            ],
            [
                "Premium Cleansing Tools & Devices",
                "/browse/premium-beauty/premium-cleansing-tools-devices/7924299_6526850_8520022"
            ]
        ]
    },
    {
        "title": "Product of Crest Pro-Health Multi-Protection Clean Mint Mouthwash, 3 pk./1L - Oral Rinse & Mouthwash [Bulk Savings]",
        "url": "https://www.walmart.com/ip/Product-of-Crest-Pro-Health-Multi-Protection-Clean-Mint-Mouthwash-3-pk-1L-Oral-Rinse-Mouthwash-Bulk-Savings/745295957",
        "price": "$19.11",
        "stars": 0,
        "ratings": 0,
        "img": "i5.walmartimages.com/asr/2b1d33ea-5f75-4448-be18-6cd7de301a7b_1.fd5bef706f30fba3abb9f8c70c7f70d7.jpeg?odnWidth=612&odnHeight=612&odnBg=ffffff",
        "tags": [
            [
                "Crest",
                "/browse/personal-care/crest/1005862_9157053_2014962"
            ],
            [
                "Crest Mouthwash",
                "/browse/personal-care/crest-mouthwash/1005862_1007221_1007360_2137973"
            ],
            [
                "All Crest Toothpaste",
                "/browse/personal-care/all-crest-toothpaste/1005862_1007221_1023020_1489384_2603409"
            ],
            [
                "Listerine",
                "/browse/personal-care/listerine/1005862_9157053_2941559"
            ],
            [
                "Crest Pro Health Toothpaste",
                "/browse/personal-care/crest-pro-health-toothpaste/1005862_1007221_1023020_1489384_4415374"
            ],
            [
                "All Mouthwash",
                "/browse/personal-care/all-mouthwash/1005862_1007221_1007360_7390687"
            ],
            [
                "All Toothpaste",
                "/browse/personal-care/all-toothpaste/1005862_1007221_1023020_8164419"
            ]
        ]
    },
    {
        "title": "Crest Crest + Scope Rinse, Classic Mint, 36 mL Bottle, 180/Carton",
        "url": "https://www.walmart.com/ip/Crest-Crest-Scope-Rinse-Classic-Mint-36-mL-Bottle-180-Carton/719994891",
        "price": "$91.24",
        "stars": "5.0",
        "ratings": "1 ",
        "img": "i5.walmartimages.com/asr/ab668394-9612-47b1-b6ce-b036da55f554_1.a3402195d1e557e3cf2b8aaef718d19e.jpeg?odnWidth=612&odnHeight=612&odnBg=ffffff",
        "tags": [
            [
                "Kids Oral Care",
                "/browse/personal-care/kids-oral-care/1005862_1007221_1094604"
            ],
            [
                "Crest Mouthwash",
                "/browse/personal-care/crest-mouthwash/1005862_1007221_1007360_2137973"
            ],
            [
                "Colgate",
                "/browse/personal-care/colgate/1005862_9157053_4009720"
            ],
            [
                "Colgate Toothbrushes",
                "/browse/personal-care/colgate-toothbrushes/1005862_1007221_2709578_1023019_5372009"
            ],
            [
                "All Dry Mouth Mouthwash",
                "/browse/personal-care/all-dry-mouth-mouthwash/1005862_1007221_1007360_8361519_5654027"
            ],
            [
                "All Colgate Toothpaste",
                "/browse/personal-care/all-colgate-toothpaste/1005862_1007221_1023020_9769261_5746090"
            ],
            [
                "All Mouthwash",
                "/browse/personal-care/all-mouthwash/1005862_1007221_1007360_7390687"
            ]
        ]
    },
    {
        "title": "2 Pack - Colgate Total Gum Health Antiplaque Mouthwash, Clean Mint 16.90 oz",
        "url": "https://www.walmart.com/ip/2-Pack-Colgate-Total-Gum-Health-Antiplaque-Mouthwash-Clean-Mint-16-90-oz/822569783",
        "price": "$16.06",
        "stars": "4.4",
        "ratings": "62 ",
        "img": "i5.walmartimages.com/asr/a5de293d-e7d0-4ba4-947e-9dd8555ee16b_1.95ae8494f10512cf9022d0e020e87e42.jpeg?odnWidth=612&odnHeight=612&odnBg=ffffff",
        "tags": [
            [
                "Crest",
                "/browse/personal-care/crest/1005862_9157053_2014962"
            ],
            [
                "Crest Mouthwash",
                "/browse/personal-care/crest-mouthwash/1005862_1007221_1007360_2137973"
            ],
            [
                "Colgate Total Toothpaste",
                "/browse/personal-care/colgate-total-toothpaste/1005862_1007221_1023020_9769261_4509640"
            ],
            [
                "All Dry Mouth Mouthwash",
                "/browse/personal-care/all-dry-mouth-mouthwash/1005862_1007221_1007360_8361519_5654027"
            ],
            [
                "All Colgate Toothpaste",
                "/browse/personal-care/all-colgate-toothpaste/1005862_1007221_1023020_9769261_5746090"
            ],
            [
                "All Mouthwash",
                "/browse/personal-care/all-mouthwash/1005862_1007221_1007360_7390687"
            ],
            [
                "All Toothpaste",
                "/browse/personal-care/all-toothpaste/1005862_1007221_1023020_8164419"
            ]
        ]
    },
    {
        "title": "2 Pack - Colgate Enamel Health Anticavity Fluoride Mouthwash, Sparkling Fresh Mint 16.90 oz",
        "url": "https://www.walmart.com/ip/2-Pack-Colgate-Enamel-Health-Anticavity-Fluoride-Mouthwash-Sparkling-Fresh-Mint-16-90-oz/360842438",
        "price": "$18.86",
        "stars": 0,
        "ratings": 0,
        "img": "i5.walmartimages.com/asr/8e8114a3-5926-476a-a6b4-1d2635dcf076_1.e0727ad5f5bd80cda03ca7c6d9a53618.jpeg?odnWidth=612&odnHeight=612&odnBg=ffffff",
        "tags": [
            [
                "Colgate Total Toothpaste",
                "/browse/personal-care/colgate-total-toothpaste/1005862_1007221_1023020_9769261_4509640"
            ],
            [
                "All Dry Mouth Mouthwash",
                "/browse/personal-care/all-dry-mouth-mouthwash/1005862_1007221_1007360_8361519_5654027"
            ],
            [
                "All Colgate Toothpaste",
                "/browse/personal-care/all-colgate-toothpaste/1005862_1007221_1023020_9769261_5746090"
            ],
            [
                "ACT Mouthwash",
                "/browse/personal-care/act-mouthwash/1005862_1007221_1007360_6271227"
            ],
            [
                "All Mouthwash",
                "/browse/personal-care/all-mouthwash/1005862_1007221_1007360_7390687"
            ],
            [
                "Colgate Optic White Toothpaste",
                "/browse/personal-care/colgate-optic-white-toothpaste/1005862_1007221_1023020_9769261_7536203"
            ],
            [
                "All Toothpaste",
                "/browse/personal-care/all-toothpaste/1005862_1007221_1023020_8164419"
            ]
        ]
    },
    {
        "title": "3 Pack - Listerine Ultraclean Antiseptic Cool Mint 500 mL",
        "url": "https://www.walmart.com/ip/3-Pack-Listerine-Ultraclean-Antiseptic-Cool-Mint-500-mL/299631853",
        "price": "$24.42",
        "stars": "4.4",
        "ratings": "931 ",
        "img": "i5.walmartimages.com/asr/244299cc-c938-4716-a628-c09631eded31_1.6750db2090b40012ab47327eed7ba138.jpeg?odnWidth=612&odnHeight=612&odnBg=ffffff",
        "tags": [
            [
                "All Dental Floss",
                "/browse/personal-care/all-dental-floss/1005862_1007221_1044031_2443344"
            ],
            [
                "All Breath Freshener",
                "/browse/personal-care/all-breath-freshener/1005862_1007221_8721343_3777687"
            ],
            [
                "All Dry Mouth Mouthwash",
                "/browse/personal-care/all-dry-mouth-mouthwash/1005862_1007221_1007360_8361519_5654027"
            ],
            [
                "Listerine Mouthwash",
                "/browse/personal-care/listerine-mouthwash/1005862_1007221_1007360_6779281"
            ],
            [
                "String Floss",
                "/browse/personal-care/string-floss/1005862_1007221_1044031_7062539"
            ],
            [
                "All Mouthwash",
                "/browse/personal-care/all-mouthwash/1005862_1007221_1007360_7390687"
            ]
        ]
    }
]