[
    {
        "title": "Tom's of Maine Natural Strength Deodorant, Fresh Powder, 2.1oz, 3 Pack",
        "url": "https://www.walmart.com/ip/Tom-s-of-Maine-Natural-Strength-Deodorant-Fresh-Powder-2-1oz-3-Pack/279448738",
        "price": "$16.66",
        "stars": "3.8",
        "ratings": "6 ",
        "img": "",
        "tags": [
            [
                "Dove Deodorant & Antiperspirant",
                "/browse/personal-care/dove-deodorant-antiperspirant/1005862_1071969_1725145"
            ],
            [
                "Toms Toothpaste",
                "/browse/personal-care/toms-toothpaste/1005862_1007221_1023020_1748355"
            ],
            [
                "Stock up on Deodorant & Antiperspirant",
                "/browse/personal-care/stock-up-deodorant-antiperspirant/1005862_1071969_1574874_2782018"
            ],
            [
                "Tom's of Maine Body Care",
                "/browse/personal-care/toms-of-maine-body-care/1005862_1071969_3789086"
            ],
            [
                "Tom's of Maine",
                "/browse/personal-care/toms-of-maine/1005862_9157053_6295630"
            ],
            [
                "Dove Men + Care",
                "/browse/dove-men-care/1005862_7983046"
            ],
            [
                "Men's Grooming",
                "/browse/personal-care/mens-grooming/1005862_1056884_8125559"
            ]
        ]
    },
    {
        "title": "3 Pack - AXE Antiperspirant Deodorant Stick for Men Apollo 2.7 oz",
        "url": "https://www.walmart.com/ip/3-Pack-AXE-Antiperspirant-Deodorant-Stick-for-Men-Apollo-2-7-oz/439112185",
        "price": "$14.13",
        "stars": "4.4",
        "ratings": "186 ",
        "img": "i5.walmartimages.com/asr/2c1fdc5c-6ec4-4fe5-9abe-ae8e1506f530_1.46f11a883291dee668e15079982027fa.jpeg?odnWidth=612&odnHeight=612&odnBg=ffffff",
        "tags": [
            [
                "Deodorants & Antiperspirants",
                "/browse/deodorants-antiperspirants/1005862_1001487"
            ],
            [
                "Men's Body Wash",
                "/browse/personal-care/mens-body-wash/1005862_1071969_2531574"
            ],
            [
                "Stock up on Deodorant & Antiperspirant",
                "/browse/personal-care/stock-up-deodorant-antiperspirant/1005862_1071969_1574874_2782018"
            ],
            [
                "Men's Shampoo and Conditioner",
                "/browse/personal-care/mens-shampoo-conditioner/1005862_1056884_8035912"
            ],
            [
                "Men's Personal Care",
                "/browse/mens-personal-care/1005862_8928973"
            ],
            [
                "Axe Body Wash",
                "/browse/personal-care/axe-body-wash/1005862_1071969_9229645"
            ]
        ]
    },
    {
        "title": "2 Pack - Norforms Tropical Splash Deodorant Suppositories 12 ea",
        "url": "https://www.walmart.com/ip/2-Pack-Norforms-Tropical-Splash-Deodorant-Suppositories-12-ea/210477340",
        "price": "$11.99",
        "stars": "5.0",
        "ratings": "1 ",
        "img": "i5.walmartimages.com/asr/a4cda36e-5514-4861-a9ba-6e575e8f2f13_1.b0a1dab2e7ffbca88fabf81978ebbca0.jpeg?odnWidth=612&odnHeight=612&odnBg=ffffff",
        "tags": [
            [
                "All Feminine Care",
                "/browse/personal-care/all-feminine-care/1005862_1091866_1001493"
            ],
            [
                "Yeast Infection Treatments",
                "/browse/personal-care/yeast-infection-treatments/1005862_1091866_1224835"
            ],
            [
                "Feminine Washes",
                "/browse/personal-care/feminine-washes/1005862_1091866_1224836"
            ],
            [
                "Men's Bath & Body",
                "/browse/personal-care/mens-bath-body/1005862_1056884_2325953"
            ],
            [
                "Douches",
                "/browse/personal-care/douches/1005862_1091866_2790161"
            ],
            [
                "Vagisil",
                "/browse/personal-care/vagisil/1005862_1091866_4850224"
            ],
            [
                "Feminine Deodorant Sprays & Powders",
                "/browse/personal-care/feminine-deodorant-sprays-powders/1005862_1091866_8521829"
            ],
            [
                "Summer's Eve",
                "/browse/personal-care/summers-eve/1005862_1091866_9461406"
            ]
        ]
    },
    {
        "title": "Degree Men On-The-Go Deodorant Wipes Overtime 25ct",
        "url": "https://www.walmart.com/ip/Degree-Men-On-The-Go-Deodorant-Wipes-Overtime-25ct/991746035",
        "price": "$5.47",
        "stars": "4.5",
        "ratings": "450 ",
        "img": "i5.walmartimages.com/asr/1f39effd-4aa7-438e-b144-8f11147c2643_1.5277fa51c0b97a292e12d8a2347e4530.jpeg?odnWidth=612&odnHeight=612&odnBg=ffffff",
        "tags": [
            [
                "Deodorants & Antiperspirants",
                "/browse/deodorants-antiperspirants/1005862_1001487"
            ],
            [
                "Dove Deodorant & Antiperspirant",
                "/browse/personal-care/dove-deodorant-antiperspirant/1005862_1071969_1725145"
            ],
            [
                "Dove Personal Care",
                "/browse/personal-care/dove-personal-care/1005862_1071969_1999831"
            ],
            [
                "Tom's of Maine Body Care",
                "/browse/personal-care/toms-of-maine-body-care/1005862_1071969_3789086"
            ],
            [
                "Tom's of Maine",
                "/browse/personal-care/toms-of-maine/1005862_9157053_6295630"
            ],
            [
                "Old Spice Body Wash & Deodorants",
                "/browse/personal-care/old-spice-body-wash-deodorants/1005862_1071969_6362250"
            ],
            [
                "Dove Men + Care",
                "/browse/dove-men-care/1005862_7983046"
            ],
            [
                "Men's Personal Care",
                "/browse/mens-personal-care/1005862_8928973"
            ]
        ]
    },
    {
        "title": "(4 count) Degree Black and White UltraClear Antiperspirant Deodorant, 2.6 oz, 2 Twin Packs",
        "url": "https://www.walmart.com/ip/4-count-Degree-Black-and-White-UltraClear-Antiperspirant-Deodorant-2-6-oz-2-Twin-Packs/449373354",
        "price": "$13.36",
        "stars": 0,
        "ratings": 0,
        "img": "i5.walmartimages.com/asr/3538260e-7166-4b0e-a4ab-5fb4336391ab_1.c7c037ddc7440a113c9ef7959b704710.jpeg?odnWidth=612&odnHeight=612&odnBg=ffffff",
        "tags": [
            [
                "Dove Deodorant & Antiperspirant",
                "/browse/personal-care/dove-deodorant-antiperspirant/1005862_1071969_1725145"
            ],
            [
                "Dove Personal Care",
                "/browse/personal-care/dove-personal-care/1005862_1071969_1999831"
            ],
            [
                "Men's Bath & Body",
                "/browse/personal-care/mens-bath-body/1005862_1056884_2325953"
            ],
            [
                "Stock up on Deodorant & Antiperspirant",
                "/browse/personal-care/stock-up-deodorant-antiperspirant/1005862_1071969_1574874_2782018"
            ],
            [
                "Clinical Strength Antiperspirants",
                "/browse/personal-care/clinical-strength-antiperspirants/1005862_1071969_3942179"
            ],
            [
                "Men's Personal Care",
                "/browse/mens-personal-care/1005862_8928973"
            ]
        ]
    },
    {
        "title": "Davidoff Cool Water Body Spray Deodorant For Men, 2.5 Oz",
        "url": "https://www.walmart.com/ip/Davidoff-Cool-Water-Body-Spray-Deodorant-For-Men-2-5-Oz/34031014",
        "price": "$12.50",
        "stars": "4.2",
        "ratings": "37 ",
        "img": "i5.walmartimages.com/asr/023b2c42-a7fe-4d12-8821-362e6cf71d93_1.a97c602df6393cb28b2038d9006bd5f5.jpeg?odnWidth=612&odnHeight=612&odnBg=ffffff",
        "tags": [
            [
                "Value Sizes & Sets",
                "/browse/beauty/value-sizes-sets/1085666_133225_6873232_1613876"
            ],
            [
                "Fragrance Restock",
                "/browse/beauty/fragrance-restock/1085666_6818441_4300089"
            ],
            [
                "Perfume Value Sizes & Sets",
                "/browse/beauty/perfume-value-sizes-sets/1085666_133225_4659649_5866910"
            ],
            [
                "Best Men's Cologne",
                "/browse/beauty/best-mens-cologne/1085666_5994543_6850776"
            ],
            [
                "Best Sellers",
                "/browse/beauty/best-sellers/1085666_7192911_7876574"
            ],
            [
                "Cologne",
                "/browse/beauty/cologne/1085666_133225_6873232_8194846"
            ],
            [
                "Holiday Fragrance",
                "/browse/beauty/holiday-fragrance/1085666_7192911_8534614_8248287"
            ],
            [
                "Fresh Cologne",
                "/browse/beauty/fresh-cologne/1085666_133225_6873232_3235812_8418381"
            ]
        ]
    },
    {
        "title": "4 Pack - Speed Stick Original Antiperspirant & Deodorant, Irish Spring 2.70 oz",
        "url": "https://www.walmart.com/ip/4-Pack-Speed-Stick-Original-Antiperspirant-Deodorant-Irish-Spring-2-70-oz/545954841",
        "price": "$13.49",
        "stars": "5.0",
        "ratings": "5 ",
        "img": "i5.walmartimages.com/asr/49625ec8-8901-4c0a-9c2c-12e099605693_1.23ad40e9bccf43ef7939fd9a35100134.jpeg?odnWidth=612&odnHeight=612&odnBg=ffffff",
        "tags": []
    },
    {
        "title": "3 Pack - BRUT Deodorant Stick Original Fragrance 2.50 oz",
        "url": "https://www.walmart.com/ip/3-Pack-BRUT-Deodorant-Stick-Original-Fragrance-2-50-oz/143741718",
        "price": "$11.18",
        "stars": "5.0",
        "ratings": "2 ",
        "img": "i5.walmartimages.com/asr/3d6321b5-026c-4df7-a08d-a5ed5aeb3358_1.cba333dc6b31f70144d512ddbd09b7b1.jpeg?odnWidth=612&odnHeight=612&odnBg=ffffff",
        "tags": [
            [
                "Dove Deodorant & Antiperspirant",
                "/browse/personal-care/dove-deodorant-antiperspirant/1005862_1071969_1725145"
            ],
            [
                "Dove Personal Care",
                "/browse/personal-care/dove-personal-care/1005862_1071969_1999831"
            ],
            [
                "Men's Bath & Body",
                "/browse/personal-care/mens-bath-body/1005862_1056884_2325953"
            ],
            [
                "Aftershaves",
                "/browse/personal-care/aftershaves/1005862_1007220_3096153"
            ],
            [
                "Clinical Strength Antiperspirants",
                "/browse/personal-care/clinical-strength-antiperspirants/1005862_1071969_3942179"
            ],
            [
                "Old Spice Body Wash & Deodorants",
                "/browse/personal-care/old-spice-body-wash-deodorants/1005862_1071969_6362250"
            ],
            [
                "Dove Men + Care",
                "/browse/dove-men-care/1005862_7983046"
            ],
            [
                "Men's Personal Care",
                "/browse/mens-personal-care/1005862_8928973"
            ]
        ]
    },
    {
        "title": "Almay Anti-Perspirant & Deodorant, Sensitive Skin, Roll-On, Fragrance Free 1.7 oz",
        "url": "https://www.walmart.com/ip/Almay-Anti-Perspirant-Deodorant-Sensitive-Skin-Roll-On-Fragrance-Free-1-7-oz/867310217",
        "price": "$3.89",
        "stars": "4.0",
        "ratings": "6 ",
        "img": "i5.walmartimages.com/asr/a58cdc6d-afce-4d7d-b632-703159c122a8_1.12ca82a227acb2ee224a6bbc1db660ed.jpeg?odnWidth=612&odnHeight=612&odnBg=ffffff",
        "tags": [
            [
                "Feminine Washes",
                "/browse/personal-care/feminine-washes/1005862_1091866_1224836"
            ],
            [
                "Dove Deodorant & Antiperspirant",
                "/browse/personal-care/dove-deodorant-antiperspirant/1005862_1071969_1725145"
            ],
            [
                "Dove Personal Care",
                "/browse/personal-care/dove-personal-care/1005862_1071969_1999831"
            ],
            [
                "Men's Bath & Body",
                "/browse/personal-care/mens-bath-body/1005862_1056884_2325953"
            ],
            [
                "Tom's of Maine Body Care",
                "/browse/personal-care/toms-of-maine-body-care/1005862_1071969_3789086"
            ],
            [
                "Dove Men + Care",
                "/browse/dove-men-care/1005862_7983046"
            ],
            [
                "Men's Personal Care",
                "/browse/mens-personal-care/1005862_8928973"
            ]
        ]
    },
    {
        "title": "Gillette Clinical Endurance Tough Protection Clear Gel Anti-Perspirant Deodorant, Cool Wave, 1.6 Oz",
        "url": "https://www.walmart.com/ip/Gillette-Clinical-Endurance-Tough-Protection-Clear-Gel-Anti-Perspirant-Deodorant-Cool-Wave-1-6-Oz/34443444",
        "price": "$11.24",
        "stars": "4.2",
        "ratings": "4984 ",
        "img": "i5.walmartimages.com/asr/f9398527-4e3b-4f0d-8a33-e714ea4acea9_1.70618b86ca93f6b4acd31576985f6416.jpeg?odnWidth=612&odnHeight=612&odnBg=ffffff",
        "tags": [
            [
                "Deodorants & Antiperspirants",
                "/browse/deodorants-antiperspirants/1005862_1001487"
            ],
            [
                "Dove Deodorant & Antiperspirant",
                "/browse/personal-care/dove-deodorant-antiperspirant/1005862_1071969_1725145"
            ],
            [
                "Dove Personal Care",
                "/browse/personal-care/dove-personal-care/1005862_1071969_1999831"
            ],
            [
                "Stock up on Deodorant & Antiperspirant",
                "/browse/personal-care/stock-up-deodorant-antiperspirant/1005862_1071969_1574874_2782018"
            ],
            [
                "Clinical Strength Antiperspirants",
                "/browse/personal-care/clinical-strength-antiperspirants/1005862_1071969_3942179"
            ],
            [
                "Old Spice Body Wash & Deodorants",
                "/browse/personal-care/old-spice-body-wash-deodorants/1005862_1071969_6362250"
            ],
            [
                "Dove Men + Care",
                "/browse/dove-men-care/1005862_7983046"
            ],
            [
                "Men's Personal Care",
                "/browse/mens-personal-care/1005862_8928973"
            ]
        ]
    }
]