[
    {
        "title": "Glide Pro-Health Advanced Floss Picks 30 Ea (Pack of 6)",
        "url": "https://www.walmart.com/ip/Glide-Pro-Health-Advanced-Floss-Picks-30-Ea-Pack-of-6/44722283",
        "price": "$23.29",
        "stars": "5.0",
        "ratings": "8 ",
        "img": "i5.walmartimages.com/asr/4d8aa9fc-e282-40e6-b25e-891be6cf95a5_1.5ab1e4f7a52fc97797bcfb6f37516a7a.jpeg?odnWidth=612&odnHeight=612&odnBg=ffffff",
        "tags": [
            [
                "Kids Oral Care",
                "/browse/personal-care/kids-oral-care/1005862_1007221_1094604"
            ],
            [
                "All Dental Floss",
                "/browse/personal-care/all-dental-floss/1005862_1007221_1044031_2443344"
            ],
            [
                "All Water Flossers",
                "/browse/personal-care/all-water-flossers/1005862_1007221_1024682_3052677"
            ],
            [
                "Braces Floss",
                "/browse/personal-care/braces-floss/1005862_1007221_1044031_3779853"
            ],
            [
                "All Waterpik",
                "/browse/personal-care/all-waterpik/1005862_1007221_1024682_5270254_4545814"
            ],
            [
                "Oral-B",
                "/browse/personal-care/oral-b/1005862_9157053_5149475"
            ],
            [
                "Glide Floss",
                "/browse/personal-care/glide-floss/1005862_1007221_1044031_8431069"
            ]
        ]
    },
    {
        "title": "Listerine Ultraclean Mint Floss 30 Yards",
        "url": "https://www.walmart.com/ip/Listerine-Ultraclean-Mint-Floss-30-Yards/667593909",
        "price": "$3.83",
        "stars": "4.6",
        "ratings": "794 ",
        "img": "i5.walmartimages.com/asr/35619ee5-c7e5-4412-b3af-322a368d688f_1.ebb6d38c3a0fd5b24503834989ebe3bd.jpeg?odnWidth=612&odnHeight=612&odnBg=ffffff",
        "tags": [
            [
                "All Dental Floss",
                "/browse/personal-care/all-dental-floss/1005862_1007221_1044031_2443344"
            ],
            [
                "All Breath Freshener",
                "/browse/personal-care/all-breath-freshener/1005862_1007221_8721343_3777687"
            ],
            [
                "All Dry Mouth Mouthwash",
                "/browse/personal-care/all-dry-mouth-mouthwash/1005862_1007221_1007360_8361519_5654027"
            ],
            [
                "Listerine Mouthwash",
                "/browse/personal-care/listerine-mouthwash/1005862_1007221_1007360_6779281"
            ],
            [
                "String Floss",
                "/browse/personal-care/string-floss/1005862_1007221_1044031_7062539"
            ],
            [
                "All Mouthwash",
                "/browse/personal-care/all-mouthwash/1005862_1007221_1007360_7390687"
            ]
        ]
    },
    {
        "title": "Electric Dental Hygiene Kit, Calculus Plaque Remover Set,Tarter Scraper, Tooth Pick, Dental Scaler and Mouth Mirror Instruments. Hygienist Kit, Home Use Tools For Adults",
        "url": "https://www.walmart.com/ip/Electric-Dental-Hygiene-Kit-Calculus-Plaque-Remover-Set-Tarter-Scraper-Tooth-Pick-Scaler-Mouth-Mirror-Instruments-Hygienist-Home-Use-Tools-For-Adults/620479225",
        "price": "$26.99",
        "stars": "5.0",
        "ratings": "1 ",
        "img": "i5.walmartimages.com/asr/cfd82cb6-8529-4202-9f98-efbd15c4d4bb.17d5e3221cb811492937c38b25fd1bf9.png?odnWidth=612&odnHeight=612&odnBg=ffffff",
        "tags": [
            [
                "All Dental Floss",
                "/browse/personal-care/all-dental-floss/1005862_1007221_1044031_2443344"
            ],
            [
                "All Breath Freshener",
                "/browse/personal-care/all-breath-freshener/1005862_1007221_8721343_3777687"
            ],
            [
                "Braces Floss",
                "/browse/personal-care/braces-floss/1005862_1007221_1044031_3779853"
            ],
            [
                "All Teeth Whitening",
                "/browse/personal-care/all-teeth-whitening/1005862_1007221_1044034_5073174"
            ],
            [
                "Night Guard",
                "/browse/personal-care/night-guard/1005862_1007221_1044029_9888095"
            ]
        ]
    },
    {
        "title": "Oral-B Complete Icy Cool Mint Teeth Flossing Picks - 75 Ea, 3 Pack",
        "url": "https://www.walmart.com/ip/Oral-B-Complete-Icy-Cool-Mint-Teeth-Flossing-Picks-75-Ea-3-Pack/51296952",
        "price": "$10.22",
        "stars": "3.0",
        "ratings": "1 ",
        "img": "",
        "tags": [
            [
                "Kids Oral Care",
                "/browse/personal-care/kids-oral-care/1005862_1007221_1094604"
            ],
            [
                "All Dental Floss",
                "/browse/personal-care/all-dental-floss/1005862_1007221_1044031_2443344"
            ],
            [
                "All Water Flossers",
                "/browse/personal-care/all-water-flossers/1005862_1007221_1024682_3052677"
            ],
            [
                "Braces Floss",
                "/browse/personal-care/braces-floss/1005862_1007221_1044031_3779853"
            ],
            [
                "All Waterpik",
                "/browse/personal-care/all-waterpik/1005862_1007221_1024682_5270254_4545814"
            ],
            [
                "Oral-B",
                "/browse/personal-care/oral-b/1005862_9157053_5149475"
            ]
        ]
    },
    {
        "title": "Dentek Easy Brush Cleaners Extra Tight Spaces 16 Count (2 Pack)",
        "url": "https://www.walmart.com/ip/Dentek-Easy-Brush-Cleaners-Extra-Tight-Spaces-16-Count-2-Pack/164920435",
        "price": "$16.56",
        "stars": 0,
        "ratings": 0,
        "img": "i5.walmartimages.com/asr/d0344825-6f97-4518-8346-d388cbf472e3_1.e4b56843de5bc45a4c12596f5ef0481b.jpeg?odnWidth=612&odnHeight=612&odnBg=ffffff",
        "tags": [
            [
                "All Dental Floss",
                "/browse/personal-care/all-dental-floss/1005862_1007221_1044031_2443344"
            ],
            [
                "All Water Flossers",
                "/browse/personal-care/all-water-flossers/1005862_1007221_1024682_3052677"
            ],
            [
                "Floss Picks",
                "/browse/personal-care/floss-picks/1005862_1007221_1044031_4600948"
            ],
            [
                "All Dry Mouth Mouthwash",
                "/browse/personal-care/all-dry-mouth-mouthwash/1005862_1007221_1007360_8361519_5654027"
            ],
            [
                "Interdental Brushes",
                "/browse/personal-care/interdental-brushes/1005862_1007221_1044031_7314366"
            ],
            [
                "All Mouthwash",
                "/browse/personal-care/all-mouthwash/1005862_1007221_1007360_7390687"
            ]
        ]
    },
    {
        "title": "40pcs Double-ended Toothpick Soft Silicone Tooth Picks Floss Interdental Brush Stick Hygiene Tools",
        "url": "https://www.walmart.com/ip/40pcs-Double-ended-Toothpick-Soft-Silicone-Tooth-Picks-Floss-Interdental-Brush-Stick-Hygiene-Tools/892767272",
        "price": "$8.32",
        "stars": 0,
        "ratings": 0,
        "img": "i5.walmartimages.com/asr/0dc03a11-02d9-4281-b87a-7a1453b22571_1.b9edde437ffc7b24edd4f1ece1b1052a.jpeg?odnWidth=612&odnHeight=612&odnBg=ffffff",
        "tags": [
            [
                "All Dental Floss",
                "/browse/personal-care/all-dental-floss/1005862_1007221_1044031_2443344"
            ],
            [
                "All Water Flossers",
                "/browse/personal-care/all-water-flossers/1005862_1007221_1024682_3052677"
            ],
            [
                "Braces Floss",
                "/browse/personal-care/braces-floss/1005862_1007221_1044031_3779853"
            ],
            [
                "All Waterpik",
                "/browse/personal-care/all-waterpik/1005862_1007221_1024682_5270254_4545814"
            ],
            [
                "String Floss",
                "/browse/personal-care/string-floss/1005862_1007221_1044031_7062539"
            ],
            [
                "Interdental Brushes",
                "/browse/personal-care/interdental-brushes/1005862_1007221_1044031_7314366"
            ]
        ]
    },
    {
        "title": "Stim-U-Dent Plaque Removers Value Pack, Mint Flavor - 200 Ea, 3 Pack",
        "url": "https://www.walmart.com/ip/Stim-U-Dent-Plaque-Removers-Value-Pack-Mint-Flavor-200-Ea-3-Pack/775327409",
        "price": "$13.09",
        "stars": "5.0",
        "ratings": "1 ",
        "img": "",
        "tags": [
            [
                "All Dental Floss",
                "/browse/personal-care/all-dental-floss/1005862_1007221_1044031_2443344"
            ],
            [
                "Braces Floss",
                "/browse/personal-care/braces-floss/1005862_1007221_1044031_3779853"
            ],
            [
                "All Dry Mouth Mouthwash",
                "/browse/personal-care/all-dry-mouth-mouthwash/1005862_1007221_1007360_8361519_5654027"
            ],
            [
                "All Mouthwash",
                "/browse/personal-care/all-mouthwash/1005862_1007221_1007360_7390687"
            ],
            [
                "Night Guard",
                "/browse/personal-care/night-guard/1005862_1007221_1044029_9888095"
            ]
        ]
    },
    {
        "title": "GUM Go-Betweens Proxabrush Cleaners Wide [3614] 8 Each (Pack of 6)",
        "url": "https://www.walmart.com/ip/GUM-Go-Betweens-Proxabrush-Cleaners-Wide-3614-8-Each-Pack-of-6/44591026",
        "price": "$22.41",
        "stars": "4.8",
        "ratings": "4 ",
        "img": "i5.walmartimages.com/asr/736cd281-53a5-4ca6-9932-6bbc96265f0f_1.5d36caca5559c35a2db60b16f5d3a176.jpeg?odnWidth=612&odnHeight=612&odnBg=ffffff",
        "tags": [
            [
                "All Dental Floss",
                "/browse/personal-care/all-dental-floss/1005862_1007221_1044031_2443344"
            ],
            [
                "All Water Flossers",
                "/browse/personal-care/all-water-flossers/1005862_1007221_1024682_3052677"
            ],
            [
                "All Waterpik",
                "/browse/personal-care/all-waterpik/1005862_1007221_1024682_5270254_4545814"
            ],
            [
                "Floss Picks",
                "/browse/personal-care/floss-picks/1005862_1007221_1044031_4600948"
            ],
            [
                "Interdental Brushes",
                "/browse/personal-care/interdental-brushes/1005862_1007221_1044031_7314366"
            ]
        ]
    },
    {
        "title": "3 Pack Oral B Super Floss Mint Dental Floss Pre Cut Strands 50 Each",
        "url": "https://www.walmart.com/ip/3-Pack-Oral-B-Super-Floss-Mint-Dental-Floss-Pre-Cut-Strands-50-Each/484535749",
        "price": "$12.18",
        "stars": "2.5",
        "ratings": "87 ",
        "img": "",
        "tags": [
            [
                "Listerine",
                "/browse/personal-care/listerine/1005862_9157053_2941559"
            ],
            [
                "Plackers Floss",
                "/browse/personal-care/plackers-floss/1005862_1007221_1044031_3433293"
            ],
            [
                "Braces Floss",
                "/browse/personal-care/braces-floss/1005862_1007221_1044031_3779853"
            ],
            [
                "Floss Picks",
                "/browse/personal-care/floss-picks/1005862_1007221_1044031_4600948"
            ],
            [
                "String Floss",
                "/browse/personal-care/string-floss/1005862_1007221_1044031_7062539"
            ],
            [
                "Glide Floss",
                "/browse/personal-care/glide-floss/1005862_1007221_1044031_8431069"
            ]
        ]
    },
    {
        "title": "DR ROGO DENTAL HYGIENE KIT-INCLUDES SCALING INSTRUMENT/TARTER SCRAPER, DENTAL TOOTHPICK, MOUTH MIRROR ? PROFESSIONAL SURGICAL GRADE METAL",
        "url": "https://www.walmart.com/ip/DR-ROGO-DENTAL-HYGIENE-KIT-INCLUDES-SCALING-INSTRUMENT-TARTER-SCRAPER-DENTAL-TOOTHPICK-MOUTH-MIRROR-PROFESSIONAL-SURGICAL-GRADE-METAL/179502880",
        "price": "$9.99",
        "stars": "5.0",
        "ratings": "2 ",
        "img": "i5.walmartimages.com/asr/5db8189a-6360-494c-8d2e-4084c82a9657_1.15858fa3a40d44b9ee91c15dd62459c7.jpeg?odnWidth=612&odnHeight=612&odnBg=ffffff",
        "tags": [
            [
                "All Oral Accessories",
                "/browse/personal-care/all-oral-accessories/1005862_1007221_1044029_1891099"
            ],
            [
                "Listerine",
                "/browse/personal-care/listerine/1005862_9157053_2941559"
            ],
            [
                "Braces Floss",
                "/browse/personal-care/braces-floss/1005862_1007221_1044031_3779853"
            ],
            [
                "Floss Picks",
                "/browse/personal-care/floss-picks/1005862_1007221_1044031_4600948"
            ],
            [
                "String Floss",
                "/browse/personal-care/string-floss/1005862_1007221_1044031_7062539"
            ],
            [
                "Interdental Brushes",
                "/browse/personal-care/interdental-brushes/1005862_1007221_1044031_7314366"
            ]
        ]
    }
]