[
    {
        "title": "GUM Eez-Thru Fresh Mint Flavor Comfort Slide Flosser 120 ea",
        "url": "https://www.walmart.com/ip/GUM-Eez-Thru-Fresh-Mint-Flavor-Comfort-Slide-Flosser-120-ea/119413784",
        "price": "$8.10",
        "stars": "5.0",
        "ratings": "3 ",
        "img": "i5.walmartimages.com/asr/26eb52e4-b12a-4113-b57b-240f87f4b00a_1.83d0cdf60da56b320d73944280595cab.jpeg?odnWidth=612&odnHeight=612&odnBg=ffffff",
        "tags": [
            [
                "Kids Oral Care",
                "/browse/personal-care/kids-oral-care/1005862_1007221_1094604"
            ],
            [
                "All Oral Accessories",
                "/browse/personal-care/all-oral-accessories/1005862_1007221_1044029_1891099"
            ],
            [
                "Plackers Floss",
                "/browse/personal-care/plackers-floss/1005862_1007221_1044031_3433293"
            ],
            [
                "Braces Floss",
                "/browse/personal-care/braces-floss/1005862_1007221_1044031_3779853"
            ],
            [
                "Floss Picks",
                "/browse/personal-care/floss-picks/1005862_1007221_1044031_4600948"
            ],
            [
                "Oral-B",
                "/browse/personal-care/oral-b/1005862_9157053_5149475"
            ],
            [
                "Interdental Brushes",
                "/browse/personal-care/interdental-brushes/1005862_1007221_1044031_7314366"
            ]
        ]
    },
    {
        "title": "200Pcs/Box Floss Interdental Brush Stick Toothpick Soft Silicone Double-ended Tooth Picks Oral Care",
        "url": "https://www.walmart.com/ip/200Pcs-Box-Floss-Interdental-Brush-Stick-Toothpick-Soft-Silicone-Double-ended-Tooth-Picks-Oral-Care/696728800",
        "price": "$13.57",
        "stars": 0,
        "ratings": 0,
        "img": "i5.walmartimages.com/asr/0384c49a-bb46-42cf-98e0-f1c35cbc2c09_1.e9179ccfbc29dcb9a8c6046b91bb7bdb.jpeg?odnWidth=612&odnHeight=612&odnBg=ffffff",
        "tags": [
            [
                "Listerine",
                "/browse/personal-care/listerine/1005862_9157053_2941559"
            ],
            [
                "Plackers Floss",
                "/browse/personal-care/plackers-floss/1005862_1007221_1044031_3433293"
            ],
            [
                "Braces Floss",
                "/browse/personal-care/braces-floss/1005862_1007221_1044031_3779853"
            ],
            [
                "Floss Picks",
                "/browse/personal-care/floss-picks/1005862_1007221_1044031_4600948"
            ],
            [
                "String Floss",
                "/browse/personal-care/string-floss/1005862_1007221_1044031_7062539"
            ],
            [
                "Glide Floss",
                "/browse/personal-care/glide-floss/1005862_1007221_1044031_8431069"
            ]
        ]
    },
    {
        "title": "6 Pack - Oral-B Super Floss Mint Dental Floss Pre-Cut Strands 50 Each",
        "url": "https://www.walmart.com/ip/6-Pack-Oral-B-Super-Floss-Mint-Dental-Floss-Pre-Cut-Strands-50-Each/543105716",
        "price": "$20.63",
        "stars": "3.3",
        "ratings": "172 ",
        "img": "i5.walmartimages.com/asr/f16a5e5e-a956-4b72-8984-33ca9d6665a0_1.146d1a8cb7fd0a70cf47ea5835aaa030.jpeg?odnWidth=612&odnHeight=612&odnBg=ffffff",
        "tags": [
            [
                "All Oral Accessories",
                "/browse/personal-care/all-oral-accessories/1005862_1007221_1044029_1891099"
            ],
            [
                "All Dental Floss",
                "/browse/personal-care/all-dental-floss/1005862_1007221_1044031_2443344"
            ],
            [
                "Braces Floss",
                "/browse/personal-care/braces-floss/1005862_1007221_1044031_3779853"
            ],
            [
                "Oral-B",
                "/browse/personal-care/oral-b/1005862_9157053_5149475"
            ],
            [
                "Interdental Brushes",
                "/browse/personal-care/interdental-brushes/1005862_1007221_1044031_7314366"
            ],
            [
                "Glide Floss",
                "/browse/personal-care/glide-floss/1005862_1007221_1044031_8431069"
            ]
        ]
    },
    {
        "title": "3 Pack - GUM Soft-Picks Advanced 60 ea",
        "url": "https://www.walmart.com/ip/3-Pack-GUM-Soft-Picks-Advanced-60-ea/716958245",
        "price": "$18.06",
        "stars": "4.8",
        "ratings": "4 ",
        "img": "i5.walmartimages.com/asr/2f3bb311-421c-418f-a049-3e49fb80605a_1.e711e7919e19a6f2c6942e87c40631bc.jpeg?odnWidth=612&odnHeight=612&odnBg=ffffff",
        "tags": [
            [
                "Bubble Gum",
                "/browse/food/bubble-gum/976759_1096070_1224977_2039307"
            ],
            [
                "Sugar Free Food",
                "/browse/food/sugar-free-food/976759_1567409_3170630_2147513"
            ],
            [
                "Sugar-Free Snacks",
                "/browse/food/sugar-free-snacks/976759_976787_3455839"
            ],
            [
                "Wrigley Gum",
                "/browse/food/wrigley-gum/976759_1096070_1224977_3533254"
            ],
            [
                "Xylitol Gum",
                "/browse/food/xylitol-gum/976759_1096070_1224977_4012214"
            ],
            [
                "Ice Breakers Chewing Gum",
                "/browse/food/ice-breakers-chewing-gum/976759_1096070_1224977_5365518"
            ],
            [
                "Trident Chewing Gum",
                "/browse/food/trident-chewing-gum/976759_1096070_1224977_9974693"
            ]
        ]
    },
    {
        "title": "Supersmile Professional Whitening Floss",
        "url": "https://www.walmart.com/ip/Supersmile-Professional-Whitening-Floss/840459648",
        "price": "$11.76",
        "stars": 0,
        "ratings": 0,
        "img": "",
        "tags": [
            [
                "Premium Beauty Tools & Tech",
                "/browse/premium-beauty/premium-beauty-tools-tech/7924299_4364956_5557775"
            ],
            [
                "Premium Anti-Aging Tools & Devices",
                "/browse/premium-beauty/premium-anti-aging-tools-devices/7924299_6526850_5647620"
            ],
            [
                "Premium Face Cleansers",
                "/browse/premium-beauty/premium-face-cleansers/7924299_6754293_5970375"
            ],
            [
                "Premium Self Care & Pampering",
                "/browse/premium-self-care-pampering/7924299_6211132"
            ],
            [
                "Foreo",
                "/browse/premium-beauty/foreo/7924299_9882925_7693728"
            ],
            [
                "Premium Cleansing Tools & Devices",
                "/browse/premium-beauty/premium-cleansing-tools-devices/7924299_6526850_8520022"
            ]
        ]
    },
    {
        "title": "2 Pack - Glide Gum Care Floss Picks 30 Ea",
        "url": "https://www.walmart.com/ip/2-Pack-Glide-Gum-Care-Floss-Picks-30-Ea/878455314",
        "price": "$9.99",
        "stars": "4.6",
        "ratings": "7 ",
        "img": "i5.walmartimages.com/asr/4dccfe66-8ca3-4be8-9029-10000532052e_1.980c073fd26e276464224faf6d8f2c86.jpeg?odnWidth=612&odnHeight=612&odnBg=ffffff",
        "tags": [
            [
                "All Dental Floss",
                "/browse/personal-care/all-dental-floss/1005862_1007221_1044031_2443344"
            ],
            [
                "Plackers Floss",
                "/browse/personal-care/plackers-floss/1005862_1007221_1044031_3433293"
            ],
            [
                "Braces Floss",
                "/browse/personal-care/braces-floss/1005862_1007221_1044031_3779853"
            ],
            [
                "Oral-B",
                "/browse/personal-care/oral-b/1005862_9157053_5149475"
            ],
            [
                "String Floss",
                "/browse/personal-care/string-floss/1005862_1007221_1044031_7062539"
            ],
            [
                "Charcoal Teeth Whitening",
                "/browse/personal-care/charcoal-teeth-whitening/1005862_1007221_1044034_7958074"
            ],
            [
                "Glide Floss",
                "/browse/personal-care/glide-floss/1005862_1007221_1044031_8431069"
            ]
        ]
    },
    {
        "title": "Dentist Tools Kit 4 tools",
        "url": "https://www.walmart.com/ip/Dentist-Tools-Kit-4-tools/974986565",
        "price": "$9.99",
        "stars": "5.0",
        "ratings": "1 ",
        "img": "",
        "tags": [
            [
                "Boardwalk",
                "/browse/industrial-scientific/boardwalk/6197502_8279031_1435544"
            ],
            [
                "AcuRite",
                "/browse/industrial-scientific/acurite/6197502_8279031_2261593"
            ],
            [
                "Dental Tools & Scrapers",
                "/browse/industrial-scientific/dental-tools-scrapers/6197502_3290676_5316930_2355542"
            ],
            [
                "All Agriculture",
                "/browse/all-agriculture/6197502_4964025"
            ],
            [
                "Eco-Friendly Paper Towels",
                "/browse/industrial-scientific/eco-friendly-paper-towels/6197502_7664396_8367227_1613779_6995019"
            ],
            [
                "Commercial Vacuum & Floor Cleaning Machines",
                "/browse/industrial-scientific/commercial-vacuum-floor-cleaning-machines/6197502_5702707_9458810_9028847"
            ],
            [
                "Commercial Paper Towels",
                "/browse/industrial-scientific/commercial-paper-towels/6197502_5702707_7272148_9251584"
            ]
        ]
    },
    {
        "title": "3 Pack - DenTek Comfort Clean Floss Picks, 150 Count Each",
        "url": "https://www.walmart.com/ip/3-Pack-DenTek-Comfort-Clean-Floss-Picks-150-Count-Each/383975709",
        "price": "$14.66",
        "stars": "4.7",
        "ratings": "48 ",
        "img": "i5.walmartimages.com/asr/4e19f7ce-8775-44ce-ae66-d9cba5933e12_1.5aa3c62db64071de1b57cadbc661673d.jpeg?odnWidth=612&odnHeight=612&odnBg=ffffff",
        "tags": [
            [
                "Kids Oral Care",
                "/browse/personal-care/kids-oral-care/1005862_1007221_1094604"
            ],
            [
                "All Dental Floss",
                "/browse/personal-care/all-dental-floss/1005862_1007221_1044031_2443344"
            ],
            [
                "All Water Flossers",
                "/browse/personal-care/all-water-flossers/1005862_1007221_1024682_3052677"
            ],
            [
                "Plackers Floss",
                "/browse/personal-care/plackers-floss/1005862_1007221_1044031_3433293"
            ],
            [
                "Braces Floss",
                "/browse/personal-care/braces-floss/1005862_1007221_1044031_3779853"
            ],
            [
                "All Waterpik",
                "/browse/personal-care/all-waterpik/1005862_1007221_1024682_5270254_4545814"
            ],
            [
                "Oral-B",
                "/browse/personal-care/oral-b/1005862_9157053_5149475"
            ]
        ]
    },
    {
        "title": "4pcs Stainless Steel Dental Tools Kit Dentists Pick Tool Teeth Scraper Set for Personal & Professional Use",
        "url": "https://www.walmart.com/ip/4pcs-Stainless-Steel-Dental-Tools-Kit-Dentists-Pick-Tool-Teeth-Scraper-Set-for-Personal-Professional-Use/728501464",
        "price": "$8.81",
        "stars": "3.3",
        "ratings": "3 ",
        "img": "i5.walmartimages.com/asr/051ae77d-3b60-47af-9f9d-5f563ef3b160_1.229ce8fa891cb29586be958dc9b56bb3.jpeg?odnWidth=612&odnHeight=612&odnBg=ffffff",
        "tags": [
            [
                "All Dental Floss",
                "/browse/personal-care/all-dental-floss/1005862_1007221_1044031_2443344"
            ],
            [
                "Braces Floss",
                "/browse/personal-care/braces-floss/1005862_1007221_1044031_3779853"
            ],
            [
                "All Teeth Whitening",
                "/browse/personal-care/all-teeth-whitening/1005862_1007221_1044034_5073174"
            ],
            [
                "Interdental Brushes",
                "/browse/personal-care/interdental-brushes/1005862_1007221_1044031_7314366"
            ],
            [
                "Night Guard",
                "/browse/personal-care/night-guard/1005862_1007221_1044029_9888095"
            ]
        ]
    },
    {
        "title": "Plackers Back Teeth Micro Mint Dental Floss Picks (Pack of 2)",
        "url": "https://www.walmart.com/ip/Plackers-Back-Teeth-Micro-Mint-Dental-Floss-Picks-Pack-of-2/989918490",
        "price": "$10.53",
        "stars": "4.3",
        "ratings": "55 ",
        "img": "i5.walmartimages.com/asr/80e89d0e-cc01-4412-a7f7-4e54f7baa827_1.43bab2da379cf91bd05a833612f3085a.jpeg?odnWidth=612&odnHeight=612&odnBg=ffffff",
        "tags": [
            [
                "All Dental Floss",
                "/browse/personal-care/all-dental-floss/1005862_1007221_1044031_2443344"
            ],
            [
                "Kids Toothbrushes",
                "/browse/personal-care/kids-toothbrushes/1005862_1007221_2709578_2541586"
            ],
            [
                "Plackers Floss",
                "/browse/personal-care/plackers-floss/1005862_1007221_1044031_3433293"
            ],
            [
                "Floss Picks",
                "/browse/personal-care/floss-picks/1005862_1007221_1044031_4600948"
            ],
            [
                "Kids Electric Toothbrushes",
                "/browse/personal-care/kids-electric-toothbrushes/1005862_1007221_2709578_4710_4985373"
            ],
            [
                "All Electric Toothbrushes",
                "/browse/personal-care/all-electric-toothbrushes/1005862_1007221_2709578_4710_7057335"
            ],
            [
                "Cold Weather Skincare",
                "/browse/cold-weather-skincare/1005862_8664755"
            ]
        ]
    }
]