[
    {
        "title": "Panrosa Frech Lavender Liquid Hand Soap Santa Monica 16.9 fl oz / 500 ml",
        "url": "https://www.walmart.com/ip/Panrosa-Frech-Lavender-Liquid-Hand-Soap-Santa-Monica-16-9-fl-oz-500-ml/415999479",
        "price": "$11.11",
        "stars": 0,
        "ratings": 0,
        "img": "i5.walmartimages.com/asr/3cf2b078-38a3-44fb-97e7-05075a5f4dec_1.41d5fc82fc35975a5a2d6445a236a244.jpeg?odnWidth=612&odnHeight=612&odnBg=ffffff",
        "tags": []
    },
    {
        "title": "South Of France Hand Soap - Foaming - Orange Blossom Honey - 8 oz - 1 each",
        "url": "https://www.walmart.com/ip/South-Of-France-Hand-Soap-Foaming-Orange-Blossom-Honey-8-oz-1-each/383149621",
        "price": "$5.99",
        "stars": 0,
        "ratings": 0,
        "img": "i5.walmartimages.com/asr/2a0d793b-78af-433a-8af9-8c96c7eda0e2_1.75330c26fd3be86f41d1b15590af579a.jpeg?odnWidth=612&odnHeight=612&odnBg=ffffff",
        "tags": [
            [
                "New in Hand Soaps",
                "/browse/personal-care/new-in-hand-soaps/1005862_1071969_2378679"
            ],
            [
                "Softsoap Hand Soap",
                "/browse/personal-care/softsoap-hand-soap/1005862_1071969_4092819"
            ],
            [
                "Method Hand Soaps",
                "/browse/personal-care/method-hand-soaps/1005862_9157053_5971217_4326791"
            ],
            [
                "Hand Sanitizing Wipes",
                "/browse/personal-care/hand-sanitizing-wipes/1005862_1071969_6886797"
            ],
            [
                "Stock up on Hand Wash",
                "/browse/personal-care/stock-up-hand-wash/1005862_1071969_7917529"
            ],
            [
                "Discover! Staff-Favorite Body Care",
                "/browse/personal-care/discover-staff-favorite-body-care/1005862_1071969_8051400"
            ],
            [
                "Hand Sanitizers",
                "/browse/personal-care/hand-sanitizers/1005862_1071969_9011420"
            ]
        ]
    },
    {
        "title": "Grisi Neutral Soap, 3.5 oz (Pack of 2)",
        "url": "https://www.walmart.com/ip/Grisi-Neutral-Soap-3-5-oz-Pack-of-2/44606592",
        "price": "$6.73",
        "stars": 0,
        "ratings": 0,
        "img": "i5.walmartimages.com/asr/b4e6f5f2-4a54-4e57-b45e-8093619aa868_1.efdcff9e9600044efabb4becf7ba6ebc.jpeg?odnWidth=612&odnHeight=612&odnBg=ffffff",
        "tags": [
            [
                "Hand Soaps",
                "/browse/personal-care/hand-soaps/1005862_1071969_1001719"
            ],
            [
                "Stock up on Body Wash",
                "/browse/personal-care/stock-up-body-wash/1005862_1071969_1528860"
            ],
            [
                "Dove Personal Care",
                "/browse/personal-care/dove-personal-care/1005862_1071969_1999831"
            ],
            [
                "Men's Body Wash",
                "/browse/personal-care/mens-body-wash/1005862_1071969_2531574"
            ],
            [
                "Dove Body Wash & Scrubs",
                "/browse/personal-care/dove-body-wash-scrubs/1005862_1071969_2771216"
            ],
            [
                "Bar Soap",
                "/browse/personal-care/bar-soap/1005862_1071969_4735846"
            ],
            [
                "Women's Body Wash",
                "/browse/personal-care/womens-body-wash/1005862_1071969_4894005"
            ]
        ]
    },
    {
        "title": "Safeguard 02699 Liquid Antibacterial Hand Soap Refills, 2 Gallons",
        "url": "https://www.walmart.com/ip/Safeguard-02699-Liquid-Antibacterial-Hand-Soap-Refills-2-Gallons/754189108",
        "price": "$69.27",
        "stars": 0,
        "ratings": 0,
        "img": "",
        "tags": [
            [
                "New in Hand Soaps",
                "/browse/personal-care/new-in-hand-soaps/1005862_1071969_2378679"
            ],
            [
                "Softsoap Hand Soap",
                "/browse/personal-care/softsoap-hand-soap/1005862_1071969_4092819"
            ],
            [
                "Method Hand Soaps",
                "/browse/personal-care/method-hand-soaps/1005862_9157053_5971217_4326791"
            ],
            [
                "Hand Sanitizing Wipes",
                "/browse/personal-care/hand-sanitizing-wipes/1005862_1071969_6886797"
            ],
            [
                "Stock up on Hand Wash",
                "/browse/personal-care/stock-up-hand-wash/1005862_1071969_7917529"
            ],
            [
                "Hand Sanitizers",
                "/browse/personal-care/hand-sanitizers/1005862_1071969_9011420"
            ]
        ]
    },
    {
        "title": "Gojo\u00ae, GOJ871104, ADX 700 ml Refill Clear/Mild Foam Handwash, 4 / Carton, Clear, 23.7 fl oz (700 mL)",
        "url": "https://www.walmart.com/ip/Gojo-reg-GOJ871104-ADX-700-ml-Refill-Clear-Mild-Foam-Handwash-4-Carton-Clear-23-7-fl-oz-700-mL/47658291",
        "price": "$46.90",
        "stars": 0,
        "ratings": 0,
        "img": "i5.walmartimages.com/asr/76f1439c-b2bb-49d3-83cd-b660c2275774_1.548508cad58355581b4b6f59261c437d.jpeg?odnWidth=612&odnHeight=612&odnBg=ffffff",
        "tags": [
            [
                "New in Hand Soaps",
                "/browse/personal-care/new-in-hand-soaps/1005862_1071969_2378679"
            ],
            [
                "Softsoap Hand Soap",
                "/browse/personal-care/softsoap-hand-soap/1005862_1071969_4092819"
            ],
            [
                "Method Hand Soaps",
                "/browse/personal-care/method-hand-soaps/1005862_9157053_5971217_4326791"
            ],
            [
                "Hand Sanitizing Wipes",
                "/browse/personal-care/hand-sanitizing-wipes/1005862_1071969_6886797"
            ],
            [
                "Stock up on Hand Wash",
                "/browse/personal-care/stock-up-hand-wash/1005862_1071969_7917529"
            ],
            [
                "Discover! Staff-Favorite Body Care",
                "/browse/personal-care/discover-staff-favorite-body-care/1005862_1071969_8051400"
            ],
            [
                "Hand Sanitizers",
                "/browse/personal-care/hand-sanitizers/1005862_1071969_9011420"
            ]
        ]
    },
    {
        "title": "Irish Spring Icy Blast, Refreshing Bar Soap, 3.7 Ounce, 3 Bar Pack",
        "url": "https://www.walmart.com/ip/Irish-Spring-Icy-Blast-Refreshing-Bar-Soap-3-7-Ounce-3-Bar-Pack/10312243",
        "price": "$8.80",
        "stars": "4.6",
        "ratings": "238 ",
        "img": "i5.walmartimages.com/asr/4dacd418-0d13-4978-98ad-3a70c5684761_3.91f896120e9ce531e274eb493018e773.png?odnWidth=612&odnHeight=612&odnBg=ffffff",
        "tags": [
            [
                "Hand Soaps",
                "/browse/personal-care/hand-soaps/1005862_1071969_1001719"
            ],
            [
                "Stock up on Body Wash",
                "/browse/personal-care/stock-up-body-wash/1005862_1071969_1528860"
            ],
            [
                "Men's Bath & Body",
                "/browse/personal-care/mens-bath-body/1005862_1056884_2325953"
            ],
            [
                "Bar Soap",
                "/browse/personal-care/bar-soap/1005862_1071969_4735846"
            ],
            [
                "Men's Personal Care",
                "/browse/mens-personal-care/1005862_8928973"
            ],
            [
                "Irish Spring Bar Soap",
                "/browse/personal-care/irish-spring-bar-soap/1005862_1071969_9936161"
            ]
        ]
    },
    {
        "title": "molton brown hand wash, mulberry and thyme, 10 oz.",
        "url": "https://www.walmart.com/ip/molton-brown-hand-wash-mulberry-and-thyme-10-oz/914425694",
        "price": "$30.00",
        "stars": 0,
        "ratings": 0,
        "img": "i5.walmartimages.com/asr/f6fe7bc1-9f95-4916-86ae-66cb26d20610_1.4e903dc67704f80da7c0e2040ff07392.jpeg?odnWidth=612&odnHeight=612&odnBg=ffffff",
        "tags": []
    },
    {
        "title": "Holiday Favorites Gentle Foaming Hand Soap (3 Scents, Cinnamon Pine Cone, Winter Candy Apple, Vanilla Snowflake) 8.75 fl.oz each Christmas Decor",
        "url": "https://www.walmart.com/ip/Holiday-Favorites-Gentle-Foaming-Hand-Soap-3-Scents-Cinnamon-Pine-Cone-Winter-Candy-Apple-Vanilla-Snowflake-8-75-fl-oz-each-Christmas-Decor/814850173",
        "price": "$35.00",
        "stars": 0,
        "ratings": 0,
        "img": "i5.walmartimages.com/asr/3a4eb844-c814-41e4-b082-4ed3243598e5_1.ccac22cbde7e024c2c45bdcdb05db795.jpeg?odnWidth=612&odnHeight=612&odnBg=ffffff",
        "tags": [
            [
                "New in Hand Soaps",
                "/browse/personal-care/new-in-hand-soaps/1005862_1071969_2378679"
            ],
            [
                "Softsoap Hand Soap",
                "/browse/personal-care/softsoap-hand-soap/1005862_1071969_4092819"
            ],
            [
                "Method Hand Soaps",
                "/browse/personal-care/method-hand-soaps/1005862_9157053_5971217_4326791"
            ],
            [
                "Hand Sanitizing Wipes",
                "/browse/personal-care/hand-sanitizing-wipes/1005862_1071969_6886797"
            ],
            [
                "Stock up on Hand Wash",
                "/browse/personal-care/stock-up-hand-wash/1005862_1071969_7917529"
            ],
            [
                "Discover! Staff-Favorite Body Care",
                "/browse/personal-care/discover-staff-favorite-body-care/1005862_1071969_8051400"
            ],
            [
                "Hand Sanitizers",
                "/browse/personal-care/hand-sanitizers/1005862_1071969_9011420"
            ]
        ]
    },
    {
        "title": "Smelly Lemon Limeade Foam Hand Soap",
        "url": "https://www.walmart.com/ip/Smelly-Lemon-Limeade-Foam-Hand-Soap/630182956",
        "price": "$10.99",
        "stars": 0,
        "ratings": 0,
        "img": "i5.walmartimages.com/asr/4833adaa-47d6-4349-80ec-cbd84186e59d.f1975334f8fca61843da28e6c6c78bf8.jpeg?odnWidth=612&odnHeight=612&odnBg=ffffff",
        "tags": []
    },
    {
        "title": "Lucky Super Soft Liquid Hand Soap, Tropical Garden, 13.5 oz",
        "url": "https://www.walmart.com/ip/Lucky-Super-Soft-Liquid-Hand-Soap-Tropical-Garden-13-5-oz/561880472",
        "price": "$11.59",
        "stars": 0,
        "ratings": 0,
        "img": "i5.walmartimages.com/asr/89416420-1c40-4f00-8c9d-9e22c609797b_1.50b6a9a3f9169e40a272f5a9c3333e2a.jpeg?odnWidth=612&odnHeight=612&odnBg=ffffff",
        "tags": []
    }
]