[
    {
        "title": "Listerine Nightly Reset Nighttime Mouthwash, Twilight Mint, 400mL",
        "url": "https://www.walmart.com/ip/Listerine-Nightly-Reset-Nighttime-Mouthwash-Twilight-Mint-400mL/419490483",
        "price": "$14.26",
        "stars": "4.4",
        "ratings": "873 ",
        "img": "i5.walmartimages.com/asr/ba2725fc-2ab7-4634-887d-24c08811bdfd_1.ac75a9c24b6d00dc91bff124e9bfc208.jpeg?odnWidth=612&odnHeight=612&odnBg=ffffff",
        "tags": [
            [
                "Kids Oral Care",
                "/browse/personal-care/kids-oral-care/1005862_1007221_1094604"
            ],
            [
                "Crest",
                "/browse/personal-care/crest/1005862_9157053_2014962"
            ],
            [
                "Crest Mouthwash",
                "/browse/personal-care/crest-mouthwash/1005862_1007221_1007360_2137973"
            ],
            [
                "All Breath Freshener",
                "/browse/personal-care/all-breath-freshener/1005862_1007221_8721343_3777687"
            ],
            [
                "All Dry Mouth Mouthwash",
                "/browse/personal-care/all-dry-mouth-mouthwash/1005862_1007221_1007360_8361519_5654027"
            ],
            [
                "Listerine Mouthwash",
                "/browse/personal-care/listerine-mouthwash/1005862_1007221_1007360_6779281"
            ],
            [
                "All Mouthwash",
                "/browse/personal-care/all-mouthwash/1005862_1007221_1007360_7390687"
            ]
        ]
    },
    {
        "title": "Crest Pro-Health Clinical Deep Clean Mint Oral Rinse 32 oz (Pack of 3)",
        "url": "https://www.walmart.com/ip/Crest-Pro-Health-Clinical-Deep-Clean-Mint-Oral-Rinse-32-oz-Pack-of-3/366635766",
        "price": "$31.72",
        "stars": "3.9",
        "ratings": "34 ",
        "img": "i5.walmartimages.com/asr/9fcd2ce9-123a-4165-b367-c10dde39edd6_1.e25df5cf0926a1acb1e1b7b570183936.jpeg?odnWidth=612&odnHeight=612&odnBg=ffffff",
        "tags": [
            [
                "Crest Mouthwash",
                "/browse/personal-care/crest-mouthwash/1005862_1007221_1007360_2137973"
            ],
            [
                "All Crest Toothpaste",
                "/browse/personal-care/all-crest-toothpaste/1005862_1007221_1023020_1489384_2603409"
            ],
            [
                "All Whitening Strips",
                "/browse/personal-care/all-whitening-strips/1005862_1007221_1044034_1298483_4448175"
            ],
            [
                "All Teeth Whitening",
                "/browse/personal-care/all-teeth-whitening/1005862_1007221_1044034_5073174"
            ],
            [
                "All Dry Mouth Mouthwash",
                "/browse/personal-care/all-dry-mouth-mouthwash/1005862_1007221_1007360_8361519_5654027"
            ],
            [
                "All Mouthwash",
                "/browse/personal-care/all-mouthwash/1005862_1007221_1007360_7390687"
            ],
            [
                "All Toothpaste",
                "/browse/personal-care/all-toothpaste/1005862_1007221_1023020_8164419"
            ]
        ]
    },
    {
        "title": "Colgate Anticavity Fluoride Rinse Alcohol Free Bubble Fruit 8.4 Fl Oz (3 Pack)",
        "url": "https://www.walmart.com/ip/Colgate-Anticavity-Fluoride-Rinse-Alcohol-Free-Bubble-Fruit-8-4-Fl-Oz-3-Pack/631859622",
        "price": "$12.99",
        "stars": 0,
        "ratings": 0,
        "img": "i5.walmartimages.com/asr/e8b0fe4e-2d94-4cbb-ae56-5be97bd7acad.828c91ae9fc24c765081ef5522d5cdd2.jpeg?odnWidth=612&odnHeight=612&odnBg=ffffff",
        "tags": []
    },
    {
        "title": "Desert Essence Ultra Care Tea Tree Oil Mouthwash, Mega Mint, 0.47 L",
        "url": "https://www.walmart.com/ip/Desert-Essence-Ultra-Care-Tea-Tree-Oil-Mouthwash-Mega-Mint-0-47-L/34264971",
        "price": "$15.66",
        "stars": "4.2",
        "ratings": "18 ",
        "img": "",
        "tags": [
            [
                "Men's Bath & Body",
                "/browse/personal-care/mens-bath-body/1005862_1056884_2325953"
            ],
            [
                "Clean Living Oral Care",
                "/browse/personal-care/clean-living-oral-care/1005862_1007221_4285418"
            ],
            [
                "All Dry Mouth Mouthwash",
                "/browse/personal-care/all-dry-mouth-mouthwash/1005862_1007221_1007360_8361519_5654027"
            ],
            [
                "Old Spice Body Wash & Deodorants",
                "/browse/personal-care/old-spice-body-wash-deodorants/1005862_1071969_6362250"
            ],
            [
                "All Mouthwash",
                "/browse/personal-care/all-mouthwash/1005862_1007221_1007360_7390687"
            ],
            [
                "All Toothpaste",
                "/browse/personal-care/all-toothpaste/1005862_1007221_1023020_8164419"
            ],
            [
                "Whitening Toothpaste",
                "/browse/personal-care/whitening-toothpaste/1005862_1007221_1023020_8212171"
            ]
        ]
    },
    {
        "title": "Crest Pro Health Intense Mouthwash, Fresh Mint, 1L (33.8 fl oz)",
        "url": "https://www.walmart.com/ip/Crest-Pro-Health-Intense-Mouthwash-Fresh-Mint-1L-33-8-fl-oz/309199648",
        "price": "$16.75",
        "stars": "4.5",
        "ratings": "121 ",
        "img": "i5.walmartimages.com/asr/995126f9-b163-43ca-bfc7-4e2b36c9c6fe.c54ed1cafd56d95abe8a2df96872b844.jpeg?odnWidth=612&odnHeight=612&odnBg=ffffff",
        "tags": [
            [
                "Crest Mouthwash",
                "/browse/personal-care/crest-mouthwash/1005862_1007221_1007360_2137973"
            ],
            [
                "All Crest Toothpaste",
                "/browse/personal-care/all-crest-toothpaste/1005862_1007221_1023020_1489384_2603409"
            ],
            [
                "Listerine",
                "/browse/personal-care/listerine/1005862_9157053_2941559"
            ],
            [
                "Colgate",
                "/browse/personal-care/colgate/1005862_9157053_4009720"
            ],
            [
                "All Dry Mouth Mouthwash",
                "/browse/personal-care/all-dry-mouth-mouthwash/1005862_1007221_1007360_8361519_5654027"
            ],
            [
                "Listerine Mouthwash",
                "/browse/personal-care/listerine-mouthwash/1005862_1007221_1007360_6779281"
            ],
            [
                "All Mouthwash",
                "/browse/personal-care/all-mouthwash/1005862_1007221_1007360_7390687"
            ]
        ]
    },
    {
        "title": "Colgate Enamel Health Anticavity Fluoride Mouthwash, Sparkling Fresh Mint, 1L, 3 Ct",
        "url": "https://www.walmart.com/ip/Colgate-Enamel-Health-Anticavity-Fluoride-Mouthwash-Sparkling-Fresh-Mint-1L-3-Ct/507759608",
        "price": "$18.99",
        "stars": "4.6",
        "ratings": "5 ",
        "img": "i5.walmartimages.com/asr/badff276-3884-459f-9b06-91a7aa9a557d_1.b24561512b7cbec482a22173f2d235c0.jpeg?odnWidth=612&odnHeight=612&odnBg=ffffff",
        "tags": [
            [
                "Crest",
                "/browse/personal-care/crest/1005862_9157053_2014962"
            ],
            [
                "Crest Mouthwash",
                "/browse/personal-care/crest-mouthwash/1005862_1007221_1007360_2137973"
            ],
            [
                "Listerine",
                "/browse/personal-care/listerine/1005862_9157053_2941559"
            ],
            [
                "All Dry Mouth Mouthwash",
                "/browse/personal-care/all-dry-mouth-mouthwash/1005862_1007221_1007360_8361519_5654027"
            ],
            [
                "ACT Mouthwash",
                "/browse/personal-care/act-mouthwash/1005862_1007221_1007360_6271227"
            ],
            [
                "Listerine Mouthwash",
                "/browse/personal-care/listerine-mouthwash/1005862_1007221_1007360_6779281"
            ],
            [
                "All Mouthwash",
                "/browse/personal-care/all-mouthwash/1005862_1007221_1007360_7390687"
            ]
        ]
    },
    {
        "title": "Crest 3D White Luxe Diamond Strong Anticavity Fluoride Whitening Mouth Rinse, Clean Mint 16 oz",
        "url": "https://www.walmart.com/ip/Crest-3D-White-Luxe-Diamond-Strong-Anticavity-Fluoride-Whitening-Mouth-Rinse-Clean-Mint-16-oz/439150773",
        "price": "$13.59",
        "stars": "5.0",
        "ratings": "1 ",
        "img": "i5.walmartimages.com/asr/3bcd5d39-0ae7-44a4-a901-66d94ba68dcc_1.1471fb39e874ea0bab7c9ff1dfa7a584.jpeg?odnWidth=612&odnHeight=612&odnBg=ffffff",
        "tags": [
            [
                "Crest Mouthwash",
                "/browse/personal-care/crest-mouthwash/1005862_1007221_1007360_2137973"
            ],
            [
                "All Crest Toothpaste",
                "/browse/personal-care/all-crest-toothpaste/1005862_1007221_1023020_1489384_2603409"
            ],
            [
                "Listerine",
                "/browse/personal-care/listerine/1005862_9157053_2941559"
            ],
            [
                "Crest 3D White Toothpaste",
                "/browse/personal-care/crest-3d-white-toothpaste/1005862_1007221_1023020_1489384_4491904"
            ],
            [
                "All Dry Mouth Mouthwash",
                "/browse/personal-care/all-dry-mouth-mouthwash/1005862_1007221_1007360_8361519_5654027"
            ],
            [
                "Listerine Mouthwash",
                "/browse/personal-care/listerine-mouthwash/1005862_1007221_1007360_6779281"
            ],
            [
                "All Mouthwash",
                "/browse/personal-care/all-mouthwash/1005862_1007221_1007360_7390687"
            ]
        ]
    },
    {
        "title": "3 Pack Firefly Hello Kitty Anti-Cavity Mouth Rinse, Melon Kiss Flavor 16 oz each",
        "url": "https://www.walmart.com/ip/3-Pack-Firefly-Hello-Kitty-Anti-Cavity-Mouth-Rinse-Melon-Kiss-Flavor-16-oz-each/582914358",
        "price": "$21.84",
        "stars": 0,
        "ratings": 0,
        "img": "i5.walmartimages.com/asr/4ee7811e-a5e4-4c7b-ad19-39b0e6c67ee0_1.6fba4ade014d4b8039007b5c39971b8d.jpeg?odnWidth=612&odnHeight=612&odnBg=ffffff",
        "tags": [
            [
                "Crest",
                "/browse/personal-care/crest/1005862_9157053_2014962"
            ],
            [
                "All Crest Toothpaste",
                "/browse/personal-care/all-crest-toothpaste/1005862_1007221_1023020_1489384_2603409"
            ],
            [
                "Listerine",
                "/browse/personal-care/listerine/1005862_9157053_2941559"
            ],
            [
                "All Dry Mouth Mouthwash",
                "/browse/personal-care/all-dry-mouth-mouthwash/1005862_1007221_1007360_8361519_5654027"
            ],
            [
                "ACT Mouthwash",
                "/browse/personal-care/act-mouthwash/1005862_1007221_1007360_6271227"
            ],
            [
                "Listerine Mouthwash",
                "/browse/personal-care/listerine-mouthwash/1005862_1007221_1007360_6779281"
            ],
            [
                "All Mouthwash",
                "/browse/personal-care/all-mouthwash/1005862_1007221_1007360_7390687"
            ]
        ]
    },
    {
        "title": "Oasis Moisturizing Mouth Spray Mild Mint 1 oz",
        "url": "https://www.walmart.com/ip/Oasis-Moisturizing-Mouth-Spray-Mild-Mint-1-oz/805712618",
        "price": "$8.82",
        "stars": "4.5",
        "ratings": "32 ",
        "img": "i5.walmartimages.com/asr/8f8c84aa-9bad-4bac-a54f-e8f111c224fc_1.d51e86c174f0c880125a11b6bef87077.jpeg?odnWidth=612&odnHeight=612&odnBg=ffffff",
        "tags": [
            [
                "Oral Pain Relief",
                "/browse/personal-care/oral-pain-relief/1005862_1007221_1044254"
            ],
            [
                "All Oral Accessories",
                "/browse/personal-care/all-oral-accessories/1005862_1007221_1044029_1891099"
            ],
            [
                "Listerine",
                "/browse/personal-care/listerine/1005862_9157053_2941559"
            ],
            [
                "All Breath Freshener",
                "/browse/personal-care/all-breath-freshener/1005862_1007221_8721343_3777687"
            ],
            [
                "Listerine Mouthwash",
                "/browse/personal-care/listerine-mouthwash/1005862_1007221_1007360_6779281"
            ],
            [
                "All Mouthwash",
                "/browse/personal-care/all-mouthwash/1005862_1007221_1007360_7390687"
            ]
        ]
    },
    {
        "title": "SCOPE Outlast Mouthwash, Long Lasting Mint 33.80 oz (Pack of 2)",
        "url": "https://www.walmart.com/ip/SCOPE-Outlast-Mouthwash-Long-Lasting-Mint-33-80-oz-Pack-of-2/175979116",
        "price": "$18.19",
        "stars": "5.0",
        "ratings": "1 ",
        "img": "i5.walmartimages.com/asr/1be728b0-cdc5-442e-b7df-d6e6892ecbb8_1.152783cd743408ca0f20beb4f94a672c.jpeg?odnWidth=612&odnHeight=612&odnBg=ffffff",
        "tags": [
            [
                "Kids Oral Care",
                "/browse/personal-care/kids-oral-care/1005862_1007221_1094604"
            ],
            [
                "Crest",
                "/browse/personal-care/crest/1005862_9157053_2014962"
            ],
            [
                "Crest Mouthwash",
                "/browse/personal-care/crest-mouthwash/1005862_1007221_1007360_2137973"
            ],
            [
                "Listerine",
                "/browse/personal-care/listerine/1005862_9157053_2941559"
            ],
            [
                "ACT Mouthwash",
                "/browse/personal-care/act-mouthwash/1005862_1007221_1007360_6271227"
            ],
            [
                "Listerine Mouthwash",
                "/browse/personal-care/listerine-mouthwash/1005862_1007221_1007360_6779281"
            ],
            [
                "All Mouthwash",
                "/browse/personal-care/all-mouthwash/1005862_1007221_1007360_7390687"
            ]
        ]
    }
]