[
    {
        "title": "goj912812ct - gojo 800 srs disp refill pink/klean skin cleanser",
        "url": "https://www.walmart.com/ip/goj912812ct-gojo-800-srs-disp-refill-pink-klean-skin-cleanser/411858609",
        "price": "$20.61",
        "stars": 0,
        "ratings": 0,
        "img": "",
        "tags": [
            [
                "New in Hand Soaps",
                "/browse/personal-care/new-in-hand-soaps/1005862_1071969_2378679"
            ],
            [
                "Softsoap Hand Soap",
                "/browse/personal-care/softsoap-hand-soap/1005862_1071969_4092819"
            ],
            [
                "Method Hand Soaps",
                "/browse/personal-care/method-hand-soaps/1005862_9157053_5971217_4326791"
            ],
            [
                "Hand Sanitizing Wipes",
                "/browse/personal-care/hand-sanitizing-wipes/1005862_1071969_6886797"
            ],
            [
                "Stock up on Hand Wash",
                "/browse/personal-care/stock-up-hand-wash/1005862_1071969_7917529"
            ],
            [
                "Discover! Staff-Favorite Body Care",
                "/browse/personal-care/discover-staff-favorite-body-care/1005862_1071969_8051400"
            ],
            [
                "Hand Sanitizers",
                "/browse/personal-care/hand-sanitizers/1005862_1071969_9011420"
            ]
        ]
    },
    {
        "title": "5 Pair Baby Girls boys Anti-slip Cotton Lace Socks Set, Mesh Breathable Thin Cotton Girls Socks",
        "url": "https://www.walmart.com/ip/5-Pair-Baby-Girls-boys-Anti-slip-Cotton-Lace-Socks-Set-Mesh-Breathable-Thin-Cotton-Girls-Socks/603915142",
        "price": "$10.38",
        "stars": 0,
        "ratings": 0,
        "img": "i5.walmartimages.com/asr/b6a74340-c825-482a-b9aa-98c9faa5f771_1.2e06e5e86eb2cb56c66c6582a13fba2a.jpeg?odnWidth=612&odnHeight=612&odnBg=ffffff",
        "tags": [
            [
                "New in Hand Soaps",
                "/browse/personal-care/new-in-hand-soaps/1005862_1071969_2378679"
            ],
            [
                "Softsoap Hand Soap",
                "/browse/personal-care/softsoap-hand-soap/1005862_1071969_4092819"
            ],
            [
                "Method Hand Soaps",
                "/browse/personal-care/method-hand-soaps/1005862_9157053_5971217_4326791"
            ],
            [
                "Hand Sanitizing Wipes",
                "/browse/personal-care/hand-sanitizing-wipes/1005862_1071969_6886797"
            ],
            [
                "Stock up on Hand Wash",
                "/browse/personal-care/stock-up-hand-wash/1005862_1071969_7917529"
            ],
            [
                "Discover! Staff-Favorite Body Care",
                "/browse/personal-care/discover-staff-favorite-body-care/1005862_1071969_8051400"
            ],
            [
                "Hand Sanitizers",
                "/browse/personal-care/hand-sanitizers/1005862_1071969_9011420"
            ]
        ]
    },
    {
        "title": "Gojo Natural Orange Smooth Hand Cleaners, Citrus, Squeeze Bottle, 14 oz",
        "url": "https://www.walmart.com/ip/Gojo-Natural-Orange-Smooth-Hand-Cleaners-Citrus-Squeeze-Bottle-14-oz/21011983",
        "price": "$3.86",
        "stars": 0,
        "ratings": 0,
        "img": "i5.walmartimages.com/asr/a1220f57-0b3a-4af0-8bb2-32ccf5761dc9_1.298e7923d99c59ce7c7e8e5bcd3609fa.jpeg?odnWidth=612&odnHeight=612&odnBg=ffffff",
        "tags": [
            [
                "Georgia Pacific Professional",
                "/browse/industrial-scientific/georgia-pacific-professional/6197502_8279031_2540980"
            ],
            [
                "Commercial Soap & Lotion Dispensers",
                "/browse/industrial-scientific/commercial-soap-lotion-dispensers/6197502_5702707_5913598_4374266"
            ],
            [
                "Commercial Facial Tissue",
                "/browse/industrial-scientific/commercial-facial-tissue/6197502_5702707_7272148_4832100"
            ],
            [
                "Healthcare Essentials",
                "/browse/industrial-scientific/healthcare-essentials/6197502_3290676_6799753"
            ],
            [
                "Eco-Friendly Paper Towels",
                "/browse/industrial-scientific/eco-friendly-paper-towels/6197502_7664396_8367227_1613779_6995019"
            ],
            [
                "Commercial Disposable & Microfiber Cloths",
                "/browse/industrial-scientific/commercial-disposable-microfiber-cloths/6197502_5702707_3624741_7078952"
            ],
            [
                "Sanitary Product Receptacles",
                "/browse/industrial-scientific/sanitary-product-receptacles/6197502_5702707_5913598_8618659"
            ],
            [
                "Commercial Paper Towels",
                "/browse/industrial-scientific/commercial-paper-towels/6197502_5702707_7272148_9251584"
            ]
        ]
    },
    {
        "title": "Rubbermaid Commercial, RCPFG4013111, Enriched Lotion Hand Soap Refill, 4 / Carton, White",
        "url": "https://www.walmart.com/ip/Rubbermaid-Commercial-RCPFG4013111-Enriched-Lotion-Hand-Soap-Refill-4-Carton-White/40884686",
        "price": "$27.79",
        "stars": "5.0",
        "ratings": "2 ",
        "img": "i5.walmartimages.com/asr/9ba021a3-f021-4d84-b131-a40d08f59ff6_1.6be42458a41be98cf3907dd850b1e27f.jpeg?odnWidth=612&odnHeight=612&odnBg=ffffff",
        "tags": [
            [
                "Georgia Pacific Professional",
                "/browse/industrial-scientific/georgia-pacific-professional/6197502_8279031_2540980"
            ],
            [
                "Commercial Soap & Lotion Dispensers",
                "/browse/industrial-scientific/commercial-soap-lotion-dispensers/6197502_5702707_5913598_4374266"
            ],
            [
                "Commercial Facial Tissue",
                "/browse/industrial-scientific/commercial-facial-tissue/6197502_5702707_7272148_4832100"
            ],
            [
                "Healthcare Essentials",
                "/browse/industrial-scientific/healthcare-essentials/6197502_3290676_6799753"
            ],
            [
                "Eco-Friendly Paper Towels",
                "/browse/industrial-scientific/eco-friendly-paper-towels/6197502_7664396_8367227_1613779_6995019"
            ],
            [
                "Commercial Disposable & Microfiber Cloths",
                "/browse/industrial-scientific/commercial-disposable-microfiber-cloths/6197502_5702707_3624741_7078952"
            ],
            [
                "Sanitary Product Receptacles",
                "/browse/industrial-scientific/sanitary-product-receptacles/6197502_5702707_5913598_8618659"
            ],
            [
                "Commercial Paper Towels",
                "/browse/industrial-scientific/commercial-paper-towels/6197502_5702707_7272148_9251584"
            ]
        ]
    },
    {
        "title": "Jason Natural Products Satin Soap Lavender w/Pump 16 Ounce, Pack of 2",
        "url": "https://www.walmart.com/ip/Jason-Natural-Products-Satin-Soap-Lavender-w-Pump-16-Ounce-Pack-of-2/713198624",
        "price": "$37.96",
        "stars": 0,
        "ratings": 0,
        "img": "i5.walmartimages.com/asr/0e833b07-3ee4-48f1-9203-94af51178036_1.fc9caed04aae1379b2a55016d89bd1c1.jpeg?odnWidth=612&odnHeight=612&odnBg=ffffff",
        "tags": [
            [
                "New in Hand Soaps",
                "/browse/personal-care/new-in-hand-soaps/1005862_1071969_2378679"
            ],
            [
                "Softsoap Hand Soap",
                "/browse/personal-care/softsoap-hand-soap/1005862_1071969_4092819"
            ],
            [
                "Method Hand Soaps",
                "/browse/personal-care/method-hand-soaps/1005862_9157053_5971217_4326791"
            ],
            [
                "Hand Sanitizing Wipes",
                "/browse/personal-care/hand-sanitizing-wipes/1005862_1071969_6886797"
            ],
            [
                "Stock up on Hand Wash",
                "/browse/personal-care/stock-up-hand-wash/1005862_1071969_7917529"
            ],
            [
                "Discover! Staff-Favorite Body Care",
                "/browse/personal-care/discover-staff-favorite-body-care/1005862_1071969_8051400"
            ],
            [
                "Hand Sanitizers",
                "/browse/personal-care/hand-sanitizers/1005862_1071969_9011420"
            ]
        ]
    },
    {
        "title": "GoJo 0955 1 Gallon with Pump Dispenser  GOJO\u00ae NATURAL* ORANGE\u2122 Pumice Hand Cleaner",
        "url": "https://www.walmart.com/ip/GoJo-0955-1-Gallon-with-Pump-Dispenser-GOJO-NATURAL-ORANGE-Pumice-Hand-Cleaner/759303485",
        "price": "$23.66",
        "stars": "5.0",
        "ratings": "1 ",
        "img": "",
        "tags": [
            [
                "New in Hand Soaps",
                "/browse/personal-care/new-in-hand-soaps/1005862_1071969_2378679"
            ],
            [
                "Softsoap Hand Soap",
                "/browse/personal-care/softsoap-hand-soap/1005862_1071969_4092819"
            ],
            [
                "Method Hand Soaps",
                "/browse/personal-care/method-hand-soaps/1005862_9157053_5971217_4326791"
            ],
            [
                "Hand Sanitizing Wipes",
                "/browse/personal-care/hand-sanitizing-wipes/1005862_1071969_6886797"
            ],
            [
                "Stock up on Hand Wash",
                "/browse/personal-care/stock-up-hand-wash/1005862_1071969_7917529"
            ],
            [
                "Discover! Staff-Favorite Body Care",
                "/browse/personal-care/discover-staff-favorite-body-care/1005862_1071969_8051400"
            ],
            [
                "Hand Sanitizers",
                "/browse/personal-care/hand-sanitizers/1005862_1071969_9011420"
            ]
        ]
    },
    {
        "title": "Compagnie de Provence Savon de Marseille Extra Pure Liquid Soap Made in France",
        "url": "https://www.walmart.com/ip/Compagnie-de-Provence-Savon-de-Marseille-Extra-Pure-Liquid-Soap-Made-in-France/604383759",
        "price": "$33.00",
        "stars": 0,
        "ratings": 0,
        "img": "i5.walmartimages.com/asr/08d93bd8-e3d3-4bce-b410-cb33a061d7d0_1.c17a8a5b8e081cb0233ce2e9ab057447.jpeg?odnWidth=612&odnHeight=612&odnBg=ffffff",
        "tags": [
            [
                "Premium Body Treatments",
                "/browse/premium-beauty/premium-body-treatments/7924299_3571844_1843073"
            ],
            [
                "Premium Body Lotions",
                "/browse/premium-beauty/premium-body-lotions/7924299_3571844_2750347"
            ],
            [
                "L'occitane",
                "/browse/premium-beauty/loccitane/7924299_9882925_2799089"
            ],
            [
                "Premium Bath Bombs, Bath Salts & Bubble Bath",
                "/browse/premium-beauty/premium-bath-bombs-bath-salts-bubble-bath/7924299_3571844_3851320"
            ],
            [
                "Premium Hand Soaps & Sanitizers",
                "/browse/premium-beauty/premium-hand-soaps-sanitizers/7924299_3571844_4520393"
            ],
            [
                "Philosophy",
                "/browse/premium-beauty/philosophy/7924299_9882925_6147441"
            ],
            [
                "Premium Self Care & Pampering",
                "/browse/premium-self-care-pampering/7924299_6211132"
            ],
            [
                "Premium Value Sizes & Sets",
                "/browse/premium-beauty/premium-value-sizes-sets/7924299_3571844_8252939"
            ]
        ]
    },
    {
        "title": "California Baby Wash Up! Squeaky Clean (formerly Antibacterial)",
        "url": "https://www.walmart.com/ip/California-Baby-Wash-Up-Squeaky-Clean-formerly-Antibacterial/39907905",
        "price": "$12.98",
        "stars": 0,
        "ratings": 0,
        "img": "",
        "tags": [
            [
                "New in Hand Soaps",
                "/browse/personal-care/new-in-hand-soaps/1005862_1071969_2378679"
            ],
            [
                "Method Hand Soaps",
                "/browse/personal-care/method-hand-soaps/1005862_9157053_5971217_4326791"
            ],
            [
                "Hand Sanitizing Wipes",
                "/browse/personal-care/hand-sanitizing-wipes/1005862_1071969_6886797"
            ],
            [
                "Stock up on Hand Wash",
                "/browse/personal-care/stock-up-hand-wash/1005862_1071969_7917529"
            ],
            [
                "Discover! Staff-Favorite Body Care",
                "/browse/personal-care/discover-staff-favorite-body-care/1005862_1071969_8051400"
            ],
            [
                "Hand Sanitizers",
                "/browse/personal-care/hand-sanitizers/1005862_1071969_9011420"
            ]
        ]
    },
    {
        "title": "Cavilon Rinse Free Body Wash 3380 8 oz Case of 12, Floral Scent",
        "url": "https://www.walmart.com/ip/Cavilon-Rinse-Free-Body-Wash-3380-8-oz-Case-of-12-Floral-Scent/143071079",
        "price": "$74.03",
        "stars": 0,
        "ratings": 0,
        "img": "i5.walmartimages.com/asr/deda3e87-d5cb-40d4-ae86-b348138e08ab_1.b18d144d710b8d10193069723c79cf79.jpeg?odnWidth=612&odnHeight=612&odnBg=ffffff",
        "tags": []
    },
    {
        "title": "Dial Antimicrobial Foaming Hand Wash, Original, 1.25L, Cassette Refill, 3/Carton (05067)",
        "url": "https://www.walmart.com/ip/Dial-Antimicrobial-Foaming-Hand-Wash-Original-1-25L-Cassette-Refill-3-Carton-05067/632935492",
        "price": "$64.68",
        "stars": 0,
        "ratings": 0,
        "img": "",
        "tags": []
    }
]