[
    {
        "title": "Frobukio Standard Water Hose Plastic Handle for Waterpik Oral Irrigator",
        "url": "https://www.walmart.com/ip/Frobukio-Standard-Water-Hose-Plastic-Handle-for-Waterpik-Oral-Irrigator/122332925",
        "price": "$9.99",
        "stars": 0,
        "ratings": 0,
        "img": "i5.walmartimages.com/asr/81284512-0a50-496e-bb96-1ab85cb646a1.378cbc818673863ba0096b1a21e2f2d8.jpeg?odnWidth=612&odnHeight=612&odnBg=ffffff",
        "tags": []
    },
    {
        "title": "Piksters Interdental Brushes (40 Pack, Size 6 (Green)) Size 6 (Green) 40 Count (Pack of 1) NEW",
        "url": "https://www.walmart.com/ip/Piksters-Interdental-Brushes-40-Pack-Size-6-Green-Size-6-Green-40-Count-Pack-of-1-NEW/689010928",
        "price": "$23.26",
        "stars": 0,
        "ratings": 0,
        "img": "",
        "tags": [
            [
                "All Dental Floss",
                "/browse/personal-care/all-dental-floss/1005862_1007221_1044031_2443344"
            ],
            [
                "All Water Flossers",
                "/browse/personal-care/all-water-flossers/1005862_1007221_1024682_3052677"
            ],
            [
                "All Waterpik",
                "/browse/personal-care/all-waterpik/1005862_1007221_1024682_5270254_4545814"
            ],
            [
                "Floss Picks",
                "/browse/personal-care/floss-picks/1005862_1007221_1044031_4600948"
            ],
            [
                "Interdental Brushes",
                "/browse/personal-care/interdental-brushes/1005862_1007221_1044031_7314366"
            ]
        ]
    },
    {
        "title": "Waterpik Pik Pocket Tips For Models WP-60/65/70/72/75, Color May Vary [PP-70E] 2pk",
        "url": "https://www.walmart.com/ip/Waterpik-Pik-Pocket-Tips-For-Models-WP-60-65-70-72-75-Color-May-Vary-PP-70E-2pk/376862261",
        "price": "$11.45",
        "stars": "3.0",
        "ratings": "3 ",
        "img": "i5.walmartimages.com/asr/ad22a5c7-51ad-42c7-b65e-648c453218e8_1.9047a8bd50063cf175a04aa39b618917.jpeg?odnWidth=612&odnHeight=612&odnBg=ffffff",
        "tags": [
            [
                "All Water Flossers",
                "/browse/personal-care/all-water-flossers/1005862_1007221_1024682_3052677"
            ],
            [
                "Braces Floss",
                "/browse/personal-care/braces-floss/1005862_1007221_1044031_3779853"
            ],
            [
                "All Waterpik",
                "/browse/personal-care/all-waterpik/1005862_1007221_1024682_5270254_4545814"
            ],
            [
                "Floss Picks",
                "/browse/personal-care/floss-picks/1005862_1007221_1044031_4600948"
            ],
            [
                "Waterpik Replacement Tips",
                "/browse/personal-care/waterpik-replacement-tips/1005862_1007221_1024682_5270254_8312810"
            ],
            [
                "Night Guard",
                "/browse/personal-care/night-guard/1005862_1007221_1044029_9888095"
            ]
        ]
    },
    {
        "title": "GUM Proxabrush Handle and Refills 1 Each (Pack of 6)",
        "url": "https://www.walmart.com/ip/GUM-Proxabrush-Handle-and-Refills-1-Each-Pack-of-6/44631198",
        "price": "$11.90",
        "stars": "5.0",
        "ratings": "2 ",
        "img": "i5.walmartimages.com/asr/0d526eb0-ca45-4a51-afbf-622795bbc119_1.899f242b47fff2d9cbcbba2c0ff35948.jpeg?odnWidth=612&odnHeight=612&odnBg=ffffff",
        "tags": [
            [
                "All Dental Floss",
                "/browse/personal-care/all-dental-floss/1005862_1007221_1044031_2443344"
            ],
            [
                "All Water Flossers",
                "/browse/personal-care/all-water-flossers/1005862_1007221_1024682_3052677"
            ],
            [
                "All Waterpik",
                "/browse/personal-care/all-waterpik/1005862_1007221_1024682_5270254_4545814"
            ],
            [
                "Floss Picks",
                "/browse/personal-care/floss-picks/1005862_1007221_1044031_4600948"
            ],
            [
                "Interdental Brushes",
                "/browse/personal-care/interdental-brushes/1005862_1007221_1044031_7314366"
            ]
        ]
    },
    {
        "title": "DenTek Comfort Clean Easy Reach Fresh Mint Floss Picks 75 Count Each",
        "url": "https://www.walmart.com/ip/DenTek-Comfort-Clean-Easy-Reach-Fresh-Mint-Floss-Picks-75-Count-Each/435184170",
        "price": "$6.98",
        "stars": 0,
        "ratings": 0,
        "img": "",
        "tags": [
            [
                "Kids Oral Care",
                "/browse/personal-care/kids-oral-care/1005862_1007221_1094604"
            ],
            [
                "Listerine",
                "/browse/personal-care/listerine/1005862_9157053_2941559"
            ],
            [
                "Plackers Floss",
                "/browse/personal-care/plackers-floss/1005862_1007221_1044031_3433293"
            ],
            [
                "Braces Floss",
                "/browse/personal-care/braces-floss/1005862_1007221_1044031_3779853"
            ],
            [
                "Floss Picks",
                "/browse/personal-care/floss-picks/1005862_1007221_1044031_4600948"
            ],
            [
                "Oral-B",
                "/browse/personal-care/oral-b/1005862_9157053_5149475"
            ],
            [
                "String Floss",
                "/browse/personal-care/string-floss/1005862_1007221_1044031_7062539"
            ]
        ]
    },
    {
        "title": "Electric Dental Calculus Remover, High-Frequency Vibration Tartar Scraper Tartar Remover for Dental Calculus, Tartar, Tooth Stains, Plaque Removal, 5 Adjustable Modes, Powered by USB(Blue)",
        "url": "https://www.walmart.com/ip/Electric-Dental-Calculus-Remover-High-Frequency-Vibration-Tartar-Scraper-Remover-Calculus-Tartar-Tooth-Stains-Plaque-Removal-5-Adjustable-Modes-Power/492697526",
        "price": "$15.99",
        "stars": 0,
        "ratings": 0,
        "img": "i5.walmartimages.com/asr/0e57e7a6-0718-4e69-9808-366dae49bf51_1.ff9f8684b94aa136a4896e348f5b4ae9.jpeg?odnWidth=612&odnHeight=612&odnBg=ffffff",
        "tags": [
            [
                "All Oral Accessories",
                "/browse/personal-care/all-oral-accessories/1005862_1007221_1044029_1891099"
            ],
            [
                "All Dental Floss",
                "/browse/personal-care/all-dental-floss/1005862_1007221_1044031_2443344"
            ],
            [
                "Braces Floss",
                "/browse/personal-care/braces-floss/1005862_1007221_1044031_3779853"
            ],
            [
                "All Waterpik",
                "/browse/personal-care/all-waterpik/1005862_1007221_1024682_5270254_4545814"
            ],
            [
                "Floss Picks",
                "/browse/personal-care/floss-picks/1005862_1007221_1044031_4600948"
            ]
        ]
    },
    {
        "title": "GUM Soft-Picks Advanced 60 ea (Pack of 4)",
        "url": "https://www.walmart.com/ip/GUM-Soft-Picks-Advanced-60-ea-Pack-of-4/366911064",
        "price": "$21.98",
        "stars": "5.0",
        "ratings": "5 ",
        "img": "i5.walmartimages.com/asr/2f3bb311-421c-418f-a049-3e49fb80605a_1.e711e7919e19a6f2c6942e87c40631bc.jpeg?odnWidth=612&odnHeight=612&odnBg=ffffff",
        "tags": [
            [
                "Bubble Gum",
                "/browse/food/bubble-gum/976759_1096070_1224977_2039307"
            ],
            [
                "Sugar Free Food",
                "/browse/food/sugar-free-food/976759_1567409_3170630_2147513"
            ],
            [
                "Sugar-Free Snacks",
                "/browse/food/sugar-free-snacks/976759_976787_3455839"
            ],
            [
                "Wrigley Gum",
                "/browse/food/wrigley-gum/976759_1096070_1224977_3533254"
            ],
            [
                "Xylitol Gum",
                "/browse/food/xylitol-gum/976759_1096070_1224977_4012214"
            ],
            [
                "Ice Breakers Chewing Gum",
                "/browse/food/ice-breakers-chewing-gum/976759_1096070_1224977_5365518"
            ],
            [
                "Trident Chewing Gum",
                "/browse/food/trident-chewing-gum/976759_1096070_1224977_9974693"
            ]
        ]
    },
    {
        "title": "Odontomed2011\u00ae Dental Extracting Forceps #90 Dental Extraction Forceps Stainless Steel",
        "url": "https://www.walmart.com/ip/Odontomed2011-Dental-Extracting-Forceps-90-Dental-Extraction-Forceps-Stainless-Steel/698096326",
        "price": "$9.99",
        "stars": 0,
        "ratings": 0,
        "img": "i5.walmartimages.com/asr/225fb978-57ec-4f76-b0e9-77c570d765a0_1.6a283a1dfec52a61d03d77ae9c57c035.jpeg?odnWidth=612&odnHeight=612&odnBg=ffffff",
        "tags": [
            [
                "Boardwalk",
                "/browse/industrial-scientific/boardwalk/6197502_8279031_1435544"
            ],
            [
                "AcuRite",
                "/browse/industrial-scientific/acurite/6197502_8279031_2261593"
            ],
            [
                "Dental Tools & Scrapers",
                "/browse/industrial-scientific/dental-tools-scrapers/6197502_3290676_5316930_2355542"
            ],
            [
                "All Agriculture",
                "/browse/all-agriculture/6197502_4964025"
            ],
            [
                "Eco-Friendly Paper Towels",
                "/browse/industrial-scientific/eco-friendly-paper-towels/6197502_7664396_8367227_1613779_6995019"
            ],
            [
                "Commercial Vacuum & Floor Cleaning Machines",
                "/browse/industrial-scientific/commercial-vacuum-floor-cleaning-machines/6197502_5702707_9458810_9028847"
            ],
            [
                "Commercial Paper Towels",
                "/browse/industrial-scientific/commercial-paper-towels/6197502_5702707_7272148_9251584"
            ]
        ]
    },
    {
        "title": "Oral B Glide Pro-Health Mint Floss, 54.6 yard, 4 Pack",
        "url": "https://www.walmart.com/ip/Oral-B-Glide-Pro-Health-Mint-Floss-54-6-yard-4-Pack/870061207",
        "price": "$16.99",
        "stars": "4.5",
        "ratings": "2 ",
        "img": "i5.walmartimages.com/asr/a40c5aed-d6f3-4fa8-8b02-58687ed8fe3f.6e4a8eb62ab1e486f2d19ca5d6ff3f1c.jpeg?odnWidth=612&odnHeight=612&odnBg=ffffff",
        "tags": [
            [
                "All Dental Floss",
                "/browse/personal-care/all-dental-floss/1005862_1007221_1044031_2443344"
            ],
            [
                "Listerine",
                "/browse/personal-care/listerine/1005862_9157053_2941559"
            ],
            [
                "Braces Floss",
                "/browse/personal-care/braces-floss/1005862_1007221_1044031_3779853"
            ],
            [
                "Oral-B",
                "/browse/personal-care/oral-b/1005862_9157053_5149475"
            ],
            [
                "Listerine Mouthwash",
                "/browse/personal-care/listerine-mouthwash/1005862_1007221_1007360_6779281"
            ],
            [
                "Glide Floss",
                "/browse/personal-care/glide-floss/1005862_1007221_1044031_8431069"
            ]
        ]
    },
    {
        "title": "GUM Go-Betweens Proxabrush Refills Wide - 8 ct, Pack of 3",
        "url": "https://www.walmart.com/ip/GUM-Go-Betweens-Proxabrush-Refills-Wide-8-ct-Pack-of-3/111838176",
        "price": "$10.24",
        "stars": 0,
        "ratings": 0,
        "img": "",
        "tags": [
            [
                "All Dental Floss",
                "/browse/personal-care/all-dental-floss/1005862_1007221_1044031_2443344"
            ],
            [
                "All Water Flossers",
                "/browse/personal-care/all-water-flossers/1005862_1007221_1024682_3052677"
            ],
            [
                "All Waterpik",
                "/browse/personal-care/all-waterpik/1005862_1007221_1024682_5270254_4545814"
            ],
            [
                "Floss Picks",
                "/browse/personal-care/floss-picks/1005862_1007221_1044031_4600948"
            ],
            [
                "Interdental Brushes",
                "/browse/personal-care/interdental-brushes/1005862_1007221_1044031_7314366"
            ]
        ]
    }
]