[
    {
        "title": "Sure Anti-Perspirant & Deodorant Aerosol, Unscented 6 oz (Pack of 6)",
        "url": "https://www.walmart.com/ip/Sure-Anti-Perspirant-Deodorant-Aerosol-Unscented-6-oz-Pack-of-6/44604700",
        "price": "$28.42",
        "stars": "5.0",
        "ratings": "1 ",
        "img": "i5.walmartimages.com/asr/748aadde-50f7-4b32-9338-4407190a465c_1.a4a62f33fe50d32a0d921e646f317b84.jpeg?odnWidth=612&odnHeight=612&odnBg=ffffff",
        "tags": [
            [
                "Dove Deodorant & Antiperspirant",
                "/browse/personal-care/dove-deodorant-antiperspirant/1005862_1071969_1725145"
            ],
            [
                "Dove Personal Care",
                "/browse/personal-care/dove-personal-care/1005862_1071969_1999831"
            ],
            [
                "Men's Bath & Body",
                "/browse/personal-care/mens-bath-body/1005862_1056884_2325953"
            ],
            [
                "Clinical Strength Antiperspirants",
                "/browse/personal-care/clinical-strength-antiperspirants/1005862_1071969_3942179"
            ],
            [
                "Old Spice Body Wash & Deodorants",
                "/browse/personal-care/old-spice-body-wash-deodorants/1005862_1071969_6362250"
            ],
            [
                "Dove Men + Care",
                "/browse/dove-men-care/1005862_7983046"
            ],
            [
                "Men's Personal Care",
                "/browse/mens-personal-care/1005862_8928973"
            ]
        ]
    },
    {
        "title": "Snooki For Women By 8.0 oz Body Spray Nicole Polizzi",
        "url": "https://www.walmart.com/ip/Snooki-For-Women-By-8-0-oz-Body-Spray-Nicole-Polizzi/34048897",
        "price": "$8.09",
        "stars": "4.8",
        "ratings": "6 ",
        "img": "i5.walmartimages.com/asr/080b85fd-09c6-463d-adad-dcabb172c17b_1.5409e2c83830cfd8e274e7ad68a8a82e.jpeg?odnWidth=612&odnHeight=612&odnBg=ffffff",
        "tags": [
            [
                "Body Spray for Women",
                "/browse/beauty/body-spray-for-women/1085666_133225_1738248_2044069_1367318"
            ],
            [
                "Best Women's Perfume",
                "/browse/beauty/best-womens-perfume/1085666_5994543_1685992"
            ],
            [
                "Body & Hair Mists",
                "/browse/beauty/body-hair-mists/1085666_133225_4659649_3823478"
            ],
            [
                "Perfume",
                "/browse/beauty/perfume/1085666_7192911_7602314_3911473"
            ],
            [
                "Fragrance Restock",
                "/browse/beauty/fragrance-restock/1085666_6818441_4300089"
            ],
            [
                "Body Sprays",
                "/browse/beauty/body-sprays/1085666_7192911_7602314_5352062"
            ],
            [
                "Fragrance Bestsellers",
                "/browse/beauty/fragrance-bestsellers/1085666_4820682_1622692_2111965_5448597_9287369"
            ]
        ]
    },
    {
        "title": "2 Pack - Old Spice Re-Fresh Body Spray, Swagger 3.75 oz",
        "url": "https://www.walmart.com/ip/2-Pack-Old-Spice-Re-Fresh-Body-Spray-Swagger-3-75-oz/377134130",
        "price": "$16.46",
        "stars": "5.0",
        "ratings": "2 ",
        "img": "i5.walmartimages.com/asr/3416f58d-cf9e-410b-bde2-ffbcfbd34563_1.498ca3f444a3857bf2f3602885db80ad.jpeg?odnWidth=612&odnHeight=612&odnBg=ffffff",
        "tags": [
            [
                "Fragrance Restock",
                "/browse/beauty/fragrance-restock/1085666_6818441_4300089"
            ],
            [
                "Body Sprays",
                "/browse/beauty/body-sprays/1085666_7192911_7602314_5352062"
            ],
            [
                "Warm & Musky Body Spray",
                "/browse/beauty/warm-musky-body-spray/1085666_133225_1738248_8629220_5621627"
            ],
            [
                "Best Men's Cologne",
                "/browse/beauty/best-mens-cologne/1085666_5994543_6850776"
            ],
            [
                "Warm & Musky Cologne",
                "/browse/beauty/warm-musky-cologne/1085666_133225_6873232_3235812_7873056"
            ],
            [
                "Old Spice Cologne",
                "/browse/beauty/old-spice-cologne/1085666_133225_1502765_9246600"
            ],
            [
                "Warm & Spicy",
                "/browse/beauty/warm-spicy/1085666_133225_2809623_9971990"
            ],
            [
                "Body Spray",
                "/browse/beauty/body-spray/1085666_133225_6873232_9987111"
            ]
        ]
    },
    {
        "title": "Tom's of Maine Men's Antiperspirant, Mountain Spring, 2.8 Ounce",
        "url": "https://www.walmart.com/ip/Tom-s-of-Maine-Men-s-Antiperspirant-Mountain-Spring-2-8-Ounce/540906674",
        "price": "$6.16",
        "stars": "4.7",
        "ratings": "140 ",
        "img": "i5.walmartimages.com/asr/2ed97b4a-4ef6-46d8-95a3-1a2ab3e490c6_1.1fec88e953663321fb7a8cc2676d9787.jpeg?odnWidth=612&odnHeight=612&odnBg=ffffff",
        "tags": [
            [
                "Deodorants & Antiperspirants",
                "/browse/deodorants-antiperspirants/1005862_1001487"
            ],
            [
                "Dove Deodorant & Antiperspirant",
                "/browse/personal-care/dove-deodorant-antiperspirant/1005862_1071969_1725145"
            ],
            [
                "Men's Body Wash",
                "/browse/personal-care/mens-body-wash/1005862_1071969_2531574"
            ],
            [
                "Tom's of Maine Body Care",
                "/browse/personal-care/toms-of-maine-body-care/1005862_1071969_3789086"
            ],
            [
                "Tom's of Maine",
                "/browse/personal-care/toms-of-maine/1005862_9157053_6295630"
            ],
            [
                "Old Spice Body Wash & Deodorants",
                "/browse/personal-care/old-spice-body-wash-deodorants/1005862_1071969_6362250"
            ],
            [
                "Dove Men + Care",
                "/browse/dove-men-care/1005862_7983046"
            ],
            [
                "Men's Personal Care",
                "/browse/mens-personal-care/1005862_8928973"
            ]
        ]
    },
    {
        "title": "Almay Anti-Perspirant & Deodorant Fragrance Free Clear Gel 2.25 oz (Pack of 3)",
        "url": "https://www.walmart.com/ip/Almay-Anti-Perspirant-Deodorant-Fragrance-Free-Clear-Gel-2-25-oz-Pack-of-3/44606407",
        "price": "$12.95",
        "stars": "4.8",
        "ratings": "6 ",
        "img": "i5.walmartimages.com/asr/d5271348-8893-4400-8ba1-8fe2e5a992ce_1.bf03316c38aed93fb3332d0f1a216175.jpeg?odnWidth=612&odnHeight=612&odnBg=ffffff",
        "tags": [
            [
                "Feminine Washes",
                "/browse/personal-care/feminine-washes/1005862_1091866_1224836"
            ],
            [
                "Dove Deodorant & Antiperspirant",
                "/browse/personal-care/dove-deodorant-antiperspirant/1005862_1071969_1725145"
            ],
            [
                "Dove Personal Care",
                "/browse/personal-care/dove-personal-care/1005862_1071969_1999831"
            ],
            [
                "Men's Bath & Body",
                "/browse/personal-care/mens-bath-body/1005862_1056884_2325953"
            ],
            [
                "Tom's of Maine Body Care",
                "/browse/personal-care/toms-of-maine-body-care/1005862_1071969_3789086"
            ],
            [
                "Old Spice Body Wash & Deodorants",
                "/browse/personal-care/old-spice-body-wash-deodorants/1005862_1071969_6362250"
            ],
            [
                "Men's Personal Care",
                "/browse/mens-personal-care/1005862_8928973"
            ]
        ]
    },
    {
        "title": "Gap Dream Fragrance Spray Body Mist 8 FL Oz",
        "url": "https://www.walmart.com/ip/Gap-Dream-Fragrance-Spray-Body-Mist-8-FL-Oz/211218843",
        "price": "$24.10",
        "stars": 0,
        "ratings": 0,
        "img": "i5.walmartimages.com/asr/6bca84d2-3065-4cef-8ed6-a10aa1327469.7c70f5f2f941cbe273ec703f1453a64b.jpeg?odnWidth=612&odnHeight=612&odnBg=ffffff",
        "tags": []
    },
    {
        "title": "Keep it Kind Fresh Kidz Girls \"Purple\" Natural Roll On Deodorant 1.86 Fl Oz",
        "url": "https://www.walmart.com/ip/Keep-it-Kind-Fresh-Kidz-Girls-Purple-Natural-Roll-On-Deodorant-1-86-Fl-Oz/844736982",
        "price": "$10.99",
        "stars": "3.8",
        "ratings": "6 ",
        "img": "",
        "tags": []
    },
    {
        "title": "Arm and Hammer Essentials Deodorant, Fresh, 1 Oz, 2 Pack",
        "url": "https://www.walmart.com/ip/Arm-and-Hammer-Essentials-Deodorant-Fresh-1-Oz-2-Pack/357789525",
        "price": "$6.03",
        "stars": 0,
        "ratings": 0,
        "img": "",
        "tags": []
    },
    {
        "title": "Tom's of Maine Natural Strength Deodorant, Fresh Sage, 2.1oz",
        "url": "https://www.walmart.com/ip/Tom-s-of-Maine-Natural-Strength-Deodorant-Fresh-Sage-2-1oz/625784201",
        "price": "$6.57",
        "stars": "4.7",
        "ratings": "48 ",
        "img": "i5.walmartimages.com/asr/545525ed-5209-43df-a5fa-5577e87cd728_1.d673441b14700e2954a9a15538128dc2.jpeg?odnWidth=612&odnHeight=612&odnBg=ffffff",
        "tags": [
            [
                "Children's Hair Care",
                "/browse/seasonal/childrens-hair-care/1085632_1071204_1225231_1225235"
            ],
            [
                "All Bath & Body Clean Living",
                "/browse/seasonal/all-bath-body-clean-living/1085632_8154447_5132862_7170281_2079531"
            ],
            [
                "Father's Day Beard Care Gifts",
                "/browse/seasonal/fathers-day-beard-care-gifts/1085632_1094344_7549154_2193321"
            ],
            [
                "Clean Living Body Lotions & Creams",
                "/browse/seasonal/clean-living-body-lotions-creams/1085632_8154447_5132862_7170281_3620909"
            ],
            [
                "Father's Day Body Care",
                "/browse/seasonal/fathers-day-body-care/1085632_1094344_7549154_4370622"
            ],
            [
                "Plant Based Products",
                "/browse/plant-based-products/1085632_8856555"
            ],
            [
                "American Jobs 2020",
                "/browse/seasonal/american-jobs-2020/1085632_9129632_9595668"
            ]
        ]
    },
    {
        "title": "Gillette Clinical Soft Solid Sport Triumph Antiperspirant and Deodorant, 1.7 oz",
        "url": "https://www.walmart.com/ip/Gillette-Clinical-Soft-Solid-Sport-Triumph-Antiperspirant-and-Deodorant-1-7-oz/10849084",
        "price": "$11.59",
        "stars": "3.8",
        "ratings": "154 ",
        "img": "i5.walmartimages.com/asr/598e1a10-db47-43be-b09b-4bc25fe140fe_1.36aed5888dbc5e3d15ec645e611db90d.jpeg?odnWidth=612&odnHeight=612&odnBg=ffffff",
        "tags": [
            [
                "Dove Deodorant & Antiperspirant",
                "/browse/personal-care/dove-deodorant-antiperspirant/1005862_1071969_1725145"
            ],
            [
                "Dove Personal Care",
                "/browse/personal-care/dove-personal-care/1005862_1071969_1999831"
            ],
            [
                "Men's Bath & Body",
                "/browse/personal-care/mens-bath-body/1005862_1056884_2325953"
            ],
            [
                "Clinical Strength Antiperspirants",
                "/browse/personal-care/clinical-strength-antiperspirants/1005862_1071969_3942179"
            ],
            [
                "Old Spice Body Wash & Deodorants",
                "/browse/personal-care/old-spice-body-wash-deodorants/1005862_1071969_6362250"
            ],
            [
                "Dove Men + Care",
                "/browse/dove-men-care/1005862_7983046"
            ],
            [
                "Men's Personal Care",
                "/browse/mens-personal-care/1005862_8928973"
            ]
        ]
    }
]