[
    {
        "title": "4 Pack - Right Guard Sport 3D Odor Defense, Anti-Perspirant Deodorant Clear Gel, Fresh 3 oz",
        "url": "https://www.walmart.com/ip/4-Pack-Right-Guard-Sport-3D-Odor-Defense-Anti-Perspirant-Deodorant-Clear-Gel-Fresh-3-oz/240335709",
        "price": "$14.37",
        "stars": "4.4",
        "ratings": "98 ",
        "img": "i5.walmartimages.com/asr/4fb798e5-f3ba-473b-b7fa-0e6336d64c43_1.3c439cfe969a960c35fc095571259c89.jpeg?odnWidth=612&odnHeight=612&odnBg=ffffff",
        "tags": [
            [
                "Dove Deodorant & Antiperspirant",
                "/browse/personal-care/dove-deodorant-antiperspirant/1005862_1071969_1725145"
            ],
            [
                "Dove Personal Care",
                "/browse/personal-care/dove-personal-care/1005862_1071969_1999831"
            ],
            [
                "Men's Bath & Body",
                "/browse/personal-care/mens-bath-body/1005862_1056884_2325953"
            ],
            [
                "Stock up on Deodorant & Antiperspirant",
                "/browse/personal-care/stock-up-deodorant-antiperspirant/1005862_1071969_1574874_2782018"
            ],
            [
                "Old Spice Body Wash & Deodorants",
                "/browse/personal-care/old-spice-body-wash-deodorants/1005862_1071969_6362250"
            ],
            [
                "Men's Personal Care",
                "/browse/mens-personal-care/1005862_8928973"
            ]
        ]
    },
    {
        "title": "2 Pack - Lady Speed Stick Antiperspirant Deodorant Invisible Dry Powder Fresh 1.40 oz",
        "url": "https://www.walmart.com/ip/2-Pack-Lady-Speed-Stick-Antiperspirant-Deodorant-Invisible-Dry-Powder-Fresh-1-40-oz/742531488",
        "price": "$7.45",
        "stars": "3.9",
        "ratings": "11 ",
        "img": "i5.walmartimages.com/asr/bf1ea7e5-10c9-4ce8-9930-cbbbd7009303_1.c29ec2981ea5c886380f0724d664050d.jpeg?odnWidth=612&odnHeight=612&odnBg=ffffff",
        "tags": []
    },
    {
        "title": "Nubian Heritage Deodorant - All Natural - 24 Hour - African Black Soap - 2.25 oz - 1 each",
        "url": "https://www.walmart.com/ip/Nubian-Heritage-Deodorant-All-Natural-24-Hour-African-Black-Soap-2-25-oz-1-each/143513935",
        "price": "$10.37",
        "stars": "4.0",
        "ratings": "45 ",
        "img": "i5.walmartimages.com/asr/863eb2d0-8b02-408d-95a2-c867bf6e5e18_1.086feca9bf0bfc980e2740e89f65a6fe.jpeg?odnWidth=612&odnHeight=612&odnBg=ffffff",
        "tags": [
            [
                "Children's Hair Care",
                "/browse/seasonal/childrens-hair-care/1085632_1071204_1225231_1225235"
            ],
            [
                "All Bath & Body Clean Living",
                "/browse/seasonal/all-bath-body-clean-living/1085632_8154447_5132862_7170281_2079531"
            ],
            [
                "Father's Day Beard Care Gifts",
                "/browse/seasonal/fathers-day-beard-care-gifts/1085632_1094344_7549154_2193321"
            ],
            [
                "Clean Living Body Lotions & Creams",
                "/browse/seasonal/clean-living-body-lotions-creams/1085632_8154447_5132862_7170281_3620909"
            ],
            [
                "Father's Day Body Care",
                "/browse/seasonal/fathers-day-body-care/1085632_1094344_7549154_4370622"
            ],
            [
                "Plant Based Products",
                "/browse/plant-based-products/1085632_8856555"
            ],
            [
                "American Jobs 2020",
                "/browse/seasonal/american-jobs-2020/1085632_9129632_9595668"
            ]
        ]
    },
    {
        "title": "3 Pack - Almay Sensitive Skin Clear Gel Antiperspirant & Deodorant, Powder Fresh 2.25 oz",
        "url": "https://www.walmart.com/ip/3-Pack-Almay-Sensitive-Skin-Clear-Gel-Antiperspirant-Deodorant-Powder-Fresh-2-25-oz/804690939",
        "price": "$12.95",
        "stars": "4.7",
        "ratings": "3 ",
        "img": "i5.walmartimages.com/asr/9b0188ee-a95b-40ec-a7ee-b80b348c93e2_1.01d419d1b62822c7ad0ee72587fb3d41.jpeg?odnWidth=612&odnHeight=612&odnBg=ffffff",
        "tags": []
    },
    {
        "title": "6 Pack - Dove Anti-Perspirant Deodorant, Sensitive Skin 2.60 oz",
        "url": "https://www.walmart.com/ip/6-Pack-Dove-Anti-Perspirant-Deodorant-Sensitive-Skin-2-60-oz/414791952",
        "price": "$19.24",
        "stars": "5.0",
        "ratings": "6 ",
        "img": "i5.walmartimages.com/asr/cb3983c3-1457-4232-8c02-0e5fa226658b_1.fd01fd3dfcdb5bb9a46055c85d98603a.jpeg?odnWidth=612&odnHeight=612&odnBg=ffffff",
        "tags": [
            [
                "Stock up on Body Wash",
                "/browse/personal-care/stock-up-body-wash/1005862_1071969_1528860"
            ],
            [
                "Dove Personal Care",
                "/browse/personal-care/dove-personal-care/1005862_1071969_1999831"
            ],
            [
                "Dove Body Bars",
                "/browse/personal-care/dove-body-bars/1005862_1071969_2647542"
            ],
            [
                "Dove Body Wash & Scrubs",
                "/browse/personal-care/dove-body-wash-scrubs/1005862_1071969_2771216"
            ],
            [
                "Clinical Strength Antiperspirants",
                "/browse/personal-care/clinical-strength-antiperspirants/1005862_1071969_3942179"
            ],
            [
                "Bar Soap",
                "/browse/personal-care/bar-soap/1005862_1071969_4735846"
            ],
            [
                "Women's Body Wash",
                "/browse/personal-care/womens-body-wash/1005862_1071969_4894005"
            ]
        ]
    },
    {
        "title": "Mitchum Advanced Invisible Roll-On Deodorant For Men Unscented 3.4 Oz",
        "url": "https://www.walmart.com/ip/Mitchum-Advanced-Invisible-Roll-On-Deodorant-For-Men-Unscented-3-4-Oz/823081700",
        "price": "$8.29",
        "stars": "5.0",
        "ratings": "2 ",
        "img": "",
        "tags": [
            [
                "Deodorants & Antiperspirants",
                "/browse/deodorants-antiperspirants/1005862_1001487"
            ],
            [
                "Dove Deodorant & Antiperspirant",
                "/browse/personal-care/dove-deodorant-antiperspirant/1005862_1071969_1725145"
            ],
            [
                "Men's Body Wash",
                "/browse/personal-care/mens-body-wash/1005862_1071969_2531574"
            ],
            [
                "Clinical Strength Antiperspirants",
                "/browse/personal-care/clinical-strength-antiperspirants/1005862_1071969_3942179"
            ],
            [
                "Old Spice Body Wash & Deodorants",
                "/browse/personal-care/old-spice-body-wash-deodorants/1005862_1071969_6362250"
            ],
            [
                "Dove Men + Care",
                "/browse/dove-men-care/1005862_7983046"
            ],
            [
                "Men's Personal Care",
                "/browse/mens-personal-care/1005862_8928973"
            ]
        ]
    },
    {
        "title": "Speed Stick Musk Deodorant By Mennen, 24Hr Freshness - 3 Oz, 2 Pack",
        "url": "https://www.walmart.com/ip/Speed-Stick-Musk-Deodorant-By-Mennen-24Hr-Freshness-3-Oz-2-Pack/371014923",
        "price": "$8.83",
        "stars": 0,
        "ratings": 0,
        "img": "",
        "tags": [
            [
                "Deodorants & Antiperspirants",
                "/browse/deodorants-antiperspirants/1005862_1001487"
            ],
            [
                "Stock up on Body Wash",
                "/browse/personal-care/stock-up-body-wash/1005862_1071969_1528860"
            ],
            [
                "Dove Deodorant & Antiperspirant",
                "/browse/personal-care/dove-deodorant-antiperspirant/1005862_1071969_1725145"
            ],
            [
                "Men's Body Wash",
                "/browse/personal-care/mens-body-wash/1005862_1071969_2531574"
            ],
            [
                "Old Spice Body Wash & Deodorants",
                "/browse/personal-care/old-spice-body-wash-deodorants/1005862_1071969_6362250"
            ],
            [
                "Dove Men + Care",
                "/browse/dove-men-care/1005862_7983046"
            ],
            [
                "Men's Personal Care",
                "/browse/mens-personal-care/1005862_8928973"
            ]
        ]
    },
    {
        "title": "4 Pack - ARRID XX Anti-Perspirant Deodorant Spray Regular 4 oz",
        "url": "https://www.walmart.com/ip/4-Pack-ARRID-XX-Anti-Perspirant-Deodorant-Spray-Regular-4-oz/918732443",
        "price": "$18.42",
        "stars": "4.9",
        "ratings": "13 ",
        "img": "i5.walmartimages.com/asr/65b58cec-ca39-4720-b535-cb4fe7af7c89_1.30c74a6bd4b2db27f428f0bdccf15797.jpeg?odnWidth=612&odnHeight=612&odnBg=ffffff",
        "tags": [
            [
                "Dove Deodorant & Antiperspirant",
                "/browse/personal-care/dove-deodorant-antiperspirant/1005862_1071969_1725145"
            ],
            [
                "Dove Personal Care",
                "/browse/personal-care/dove-personal-care/1005862_1071969_1999831"
            ],
            [
                "Men's Bath & Body",
                "/browse/personal-care/mens-bath-body/1005862_1056884_2325953"
            ],
            [
                "Clinical Strength Antiperspirants",
                "/browse/personal-care/clinical-strength-antiperspirants/1005862_1071969_3942179"
            ],
            [
                "Old Spice Body Wash & Deodorants",
                "/browse/personal-care/old-spice-body-wash-deodorants/1005862_1071969_6362250"
            ],
            [
                "Dove Men + Care",
                "/browse/dove-men-care/1005862_7983046"
            ],
            [
                "Men's Personal Care",
                "/browse/mens-personal-care/1005862_8928973"
            ]
        ]
    },
    {
        "title": "2 Pack - ARRID XX Anti-Perspirant Deodorant Solid Unscented 2.6 oz",
        "url": "https://www.walmart.com/ip/2-Pack-ARRID-XX-Anti-Perspirant-Deodorant-Solid-Unscented-2-6-oz/258957518",
        "price": "$9.99",
        "stars": "4.5",
        "ratings": "39 ",
        "img": "i5.walmartimages.com/asr/973a13a4-5e35-4e7f-8cdb-aa4f98d19311_1.abaaeafeb3a10070c3e7cef73313620e.jpeg?odnWidth=612&odnHeight=612&odnBg=ffffff",
        "tags": []
    },
    {
        "title": "Arrid Extra Extra Dry Regular 2.5 Oz. Roll-on Antiperspirant Deodorant",
        "url": "https://www.walmart.com/ip/Arrid-Extra-Extra-Dry-Regular-2-5-Oz-Roll-on-Antiperspirant-Deodorant/46008370",
        "price": "$7.20",
        "stars": "4.8",
        "ratings": "48 ",
        "img": "i5.walmartimages.com/asr/42a084a5-01dc-402f-9c66-0ef2d8c122b8_1.a541f67faf057b8bf9a6f83fbc0bb50f.jpeg?odnWidth=612&odnHeight=612&odnBg=ffffff",
        "tags": []
    }
]