[
    {
        "title": "Shaver Replacement Head Shaver Foil Compatible with Philips Norelco Bodygroom BG2024 \u2013 2040",
        "url": "https://www.walmart.com/ip/Shaver-Replacement-Head-Shaver-Foil-Compatible-with-Philips-Norelco-Bodygroom-BG2024-2040/641611332",
        "price": "$9.20",
        "stars": 0,
        "ratings": 0,
        "img": "i5.walmartimages.com/asr/53820053-6f72-4749-b010-ee8454a6e07a.0252df6ddc37eed6a1c549e8d0b75ed9.jpeg?odnWidth=612&odnHeight=612&odnBg=ffffff",
        "tags": []
    },
    {
        "title": "BaBylissPro Corded Trimmer with Outlining T- Blade",
        "url": "https://www.walmart.com/ip/BaBylissPro-Corded-Trimmer-with-Outlining-T-Blade/433861224",
        "price": "$43.56",
        "stars": "5.0",
        "ratings": "3 ",
        "img": "",
        "tags": [
            [
                "Babylisspro Men's Trimmers & Groomers",
                "/browse/premium-beauty/babylisspro-mens-trimmers-groomers/7924299_9882925_4224573_6902696"
            ],
            [
                "Cologne & Grooming",
                "/browse/premium-beauty/cologne-grooming/7924299_5414957_6902821"
            ],
            [
                "Baxter of California",
                "/browse/premium-beauty/baxter-of-california/7924299_9882925_7190537"
            ],
            [
                "Premium Hair Tech Tools & Devices",
                "/browse/premium-beauty/premium-hair-tech-tools-devices/7924299_6526850_7623289"
            ],
            [
                "Premium Face Care",
                "/browse/premium-beauty/premium-face-care/7924299_6351529_7788265"
            ],
            [
                "Premium Shave",
                "/browse/premium-beauty/premium-shave/7924299_6351529_9695176"
            ],
            [
                "Premium Beard Care",
                "/browse/premium-beauty/premium-beard-care/7924299_6351529_9749804"
            ]
        ]
    },
    {
        "title": "WAHL Salon Barber 5 Star Shaver Shaper Replacement Head Foil CL-7031-200",
        "url": "https://www.walmart.com/ip/WAHL-Salon-Barber-5-Star-Shaver-Shaper-Replacement-Head-Foil-CL-7031-200/177220193",
        "price": "$18.49",
        "stars": "5.0",
        "ratings": "3 ",
        "img": "i5.walmartimages.com/asr/a9d4bd6b-5121-416a-991a-5ce3b6fc1586_1.bd84b031c14efed761a87fa1e7468ed0.jpeg?odnWidth=612&odnHeight=612&odnBg=ffffff",
        "tags": [
            [
                "Electric Shavers",
                "/browse/personal-care/electric-shavers/1005862_1007220_133146"
            ],
            [
                "Epilators & Shavers",
                "/browse/personal-care/epilators-shavers/1005862_1007220_1653256"
            ],
            [
                "Men's Razors and Razor Blades",
                "/browse/personal-care/mens-razors-razor-blades/1005862_1007220_6377251"
            ],
            [
                "All Electric Shavers",
                "/browse/personal-care/all-electric-shavers/1005862_1007220_6936955"
            ],
            [
                "All Epilators",
                "/browse/personal-care/all-epilators/1005862_1007220_7363956"
            ],
            [
                "Philips Norelco Electric Shavers",
                "/browse/personal-care/philips-norelco-electric-shavers/1005862_1007220_7905976"
            ],
            [
                "Men's Shaving",
                "/browse/personal-care/mens-shaving/1005862_1007220_8793708"
            ],
            [
                "Braun Electric Shave Replacement Heads",
                "/browse/personal-care/braun-electric-shave-replacement-heads/1005862_1007220_9056089"
            ]
        ]
    },
    {
        "title": "Gillette Mach3 Refill Cartridges, 8 Count",
        "url": "https://www.walmart.com/ip/Gillette-Mach3-Refill-Cartridges-8-Count/121851297",
        "price": "$13.99",
        "stars": "4.2",
        "ratings": "148 ",
        "img": "",
        "tags": [
            [
                "Razors",
                "/browse/personal-care/razors/1005862_1007220_1007399"
            ],
            [
                "Razor Blades",
                "/browse/personal-care/razor-blades/1005862_1007220_1044020"
            ],
            [
                "Gillette Razors",
                "/browse/personal-care/gillette-razors/1005862_1007220_2562288"
            ],
            [
                "Men's Razor Blades",
                "/browse/personal-care/mens-razor-blades/1005862_1007220_3392907"
            ],
            [
                "All Razors",
                "/browse/personal-care/all-razors/1005862_1007220_6461098"
            ],
            [
                "Men's Shaving",
                "/browse/personal-care/mens-shaving/1005862_1007220_8793708"
            ],
            [
                "Men's Personal Care",
                "/browse/mens-personal-care/1005862_8928973"
            ],
            [
                "Men's Razors",
                "/browse/personal-care/mens-razors/1005862_1007220_9287106"
            ]
        ]
    },
    {
        "title": "Gillette Fusion5 Men's Razor Blades, 2 Blade Refills",
        "url": "https://www.walmart.com/ip/Gillette-Fusion5-Men-s-Razor-Blades-2-Blade-Refills/150002167",
        "price": "$13.50",
        "stars": "4.6",
        "ratings": "2419 ",
        "img": "i5.walmartimages.com/asr/f6876339-85b7-435a-85eb-8be7a55f73f6_1.5b71d4f5f3acc688b9bdccc8821b7ebd.jpeg?odnWidth=612&odnHeight=612&odnBg=ffffff",
        "tags": [
            [
                "Razors",
                "/browse/personal-care/razors/1005862_1007220_1007399"
            ],
            [
                "Razor Blades",
                "/browse/personal-care/razor-blades/1005862_1007220_1044020"
            ],
            [
                "Gillette Razors",
                "/browse/personal-care/gillette-razors/1005862_1007220_2562288"
            ],
            [
                "Men's Razor Blades",
                "/browse/personal-care/mens-razor-blades/1005862_1007220_3392907"
            ],
            [
                "All Razors",
                "/browse/personal-care/all-razors/1005862_1007220_6461098"
            ],
            [
                "All Razor Blades",
                "/browse/personal-care/all-razor-blades/1005862_1007220_8061121"
            ],
            [
                "Men's Shaving",
                "/browse/personal-care/mens-shaving/1005862_1007220_8793708"
            ],
            [
                "Men's Razors",
                "/browse/personal-care/mens-razors/1005862_1007220_9287106"
            ]
        ]
    },
    {
        "title": "Personna Twin Pivot Plus Refill Blade Cartridges w/ Lubricating Strip for Atra & Trac II Razors 10 ct.",
        "url": "https://www.walmart.com/ip/Personna-Twin-Pivot-Plus-Refill-Blade-Cartridges-w-Lubricating-Strip-for-Atra-Trac-II-Razors-10-ct/150930857",
        "price": "$7.49",
        "stars": 0,
        "ratings": 0,
        "img": "",
        "tags": [
            [
                "Razor Blades",
                "/browse/personal-care/razor-blades/1005862_1007220_1044020"
            ],
            [
                "Gillette Razors",
                "/browse/personal-care/gillette-razors/1005862_1007220_2562288"
            ],
            [
                "Men's Razor Blades",
                "/browse/personal-care/mens-razor-blades/1005862_1007220_3392907"
            ],
            [
                "Men's Razors and Razor Blades",
                "/browse/personal-care/mens-razors-razor-blades/1005862_1007220_6377251"
            ],
            [
                "Women's Razors",
                "/browse/personal-care/womens-razors/1005862_1007220_7994182"
            ],
            [
                "All Razor Blades",
                "/browse/personal-care/all-razor-blades/1005862_1007220_8061121"
            ],
            [
                "Men's Shaving",
                "/browse/personal-care/mens-shaving/1005862_1007220_8793708"
            ],
            [
                "Men's Razors",
                "/browse/personal-care/mens-razors/1005862_1007220_9287106"
            ]
        ]
    },
    {
        "title": "Schick Hydro Silk Starter Kit: 1 Razor with 7 Refill Blade Cartridges and 1 Shower Hanger",
        "url": "https://www.walmart.com/ip/Schick-Hydro-Silk-Starter-Kit-1-Razor-with-7-Refill-Blade-Cartridges-and-1-Shower-Hanger/117633055",
        "price": "$26.99",
        "stars": "3.9",
        "ratings": "7 ",
        "img": "i5.walmartimages.com/asr/6693442e-cfac-4c1d-b69c-5d843cf6a46e_1.2203561417316ac89b9d042dac2d6d9e.jpeg?odnWidth=612&odnHeight=612&odnBg=ffffff",
        "tags": [
            [
                "Razors",
                "/browse/personal-care/razors/1005862_1007220_1007399"
            ],
            [
                "Razor Blades",
                "/browse/personal-care/razor-blades/1005862_1007220_1044020"
            ],
            [
                "Women's Razor Blades",
                "/browse/personal-care/womens-razor-blades/1005862_1007220_2012569"
            ],
            [
                "Men's Razor Blades",
                "/browse/personal-care/mens-razor-blades/1005862_1007220_3392907"
            ],
            [
                "All Razors",
                "/browse/personal-care/all-razors/1005862_1007220_6461098"
            ],
            [
                "Women's Razors",
                "/browse/personal-care/womens-razors/1005862_1007220_7994182"
            ],
            [
                "All Razor Blades",
                "/browse/personal-care/all-razor-blades/1005862_1007220_8061121"
            ],
            [
                "Women's Shaving",
                "/browse/personal-care/womens-shaving/1005862_1007220_9200501"
            ]
        ]
    },
    {
        "title": "Gillette Sensor 3 Refill Blade Cartridges, 8 Count (Pack of 4)",
        "url": "https://www.walmart.com/ip/Gillette-Sensor-3-Refill-Blade-Cartridges-8-Count-Pack-of-4/664457497",
        "price": "$47.99",
        "stars": 0,
        "ratings": 0,
        "img": "i5.walmartimages.com/asr/73271310-7870-4c22-badf-0659f3ffef69_1.4a87c6c3b78312a9038de5c0dc7ab37b.jpeg?odnWidth=612&odnHeight=612&odnBg=ffffff",
        "tags": [
            [
                "Women's Razor Blades",
                "/browse/personal-care/womens-razor-blades/1005862_1007220_2012569"
            ],
            [
                "Men's Razor Blades",
                "/browse/personal-care/mens-razor-blades/1005862_1007220_3392907"
            ],
            [
                "Men's Razors and Razor Blades",
                "/browse/personal-care/mens-razors-razor-blades/1005862_1007220_6377251"
            ],
            [
                "All Razors",
                "/browse/personal-care/all-razors/1005862_1007220_6461098"
            ],
            [
                "Women's Razors",
                "/browse/personal-care/womens-razors/1005862_1007220_7994182"
            ],
            [
                "All Razor Blades",
                "/browse/personal-care/all-razor-blades/1005862_1007220_8061121"
            ],
            [
                "Gillette Venus Razors",
                "/browse/personal-care/gillette-venus-razors/1005862_1007220_8090056"
            ],
            [
                "Men's Razors",
                "/browse/personal-care/mens-razors/1005862_1007220_9287106"
            ]
        ]
    },
    {
        "title": "Gillette ProGlide Shield Chill Men's Razor Blade Refills, 8 Ct",
        "url": "https://www.walmart.com/ip/Gillette-ProGlide-Shield-Chill-Men-s-Razor-Blade-Refills-8-Ct/526519722",
        "price": "$39.99",
        "stars": "4.7",
        "ratings": "623 ",
        "img": "i5.walmartimages.com/asr/72b59f4a-dc34-4360-a0cd-9e43c30f2c22_1.83853f79e9ae187f2c53ac15c78758d0.jpeg?odnWidth=612&odnHeight=612&odnBg=ffffff",
        "tags": [
            [
                "Razors",
                "/browse/personal-care/razors/1005862_1007220_1007399"
            ],
            [
                "Razor Blades",
                "/browse/personal-care/razor-blades/1005862_1007220_1044020"
            ],
            [
                "Gillette Razors",
                "/browse/personal-care/gillette-razors/1005862_1007220_2562288"
            ],
            [
                "Men's Razor Blades",
                "/browse/personal-care/mens-razor-blades/1005862_1007220_3392907"
            ],
            [
                "All Razor Blades",
                "/browse/personal-care/all-razor-blades/1005862_1007220_8061121"
            ],
            [
                "Men's Shaving",
                "/browse/personal-care/mens-shaving/1005862_1007220_8793708"
            ],
            [
                "Men's Personal Care",
                "/browse/mens-personal-care/1005862_8928973"
            ],
            [
                "Men's Razors",
                "/browse/personal-care/mens-razors/1005862_1007220_9287106"
            ]
        ]
    },
    {
        "title": "SALON BARBER STRAIGHT CUT THROAT WET SHAVING RAZOR RASOIR NAVAJA SHAVETTE BLADES",
        "url": "https://www.walmart.com/ip/SALON-BARBER-STRAIGHT-CUT-THROAT-WET-SHAVING-RAZOR-RASOIR-NAVAJA-SHAVETTE-BLADES/575961865",
        "price": "$7.99",
        "stars": 0,
        "ratings": 0,
        "img": "i5.walmartimages.com/asr/2d1780d8-df12-425e-81f9-76564828e58f_1.1f47357e11dbe48770e54b38df3d2348.jpeg?odnWidth=612&odnHeight=612&odnBg=ffffff",
        "tags": [
            [
                "Razors",
                "/browse/personal-care/razors/1005862_1007220_1007399"
            ],
            [
                "Razor Blades",
                "/browse/personal-care/razor-blades/1005862_1007220_1044020"
            ],
            [
                "Gillette Razors",
                "/browse/personal-care/gillette-razors/1005862_1007220_2562288"
            ],
            [
                "Men's Razors and Razor Blades",
                "/browse/personal-care/mens-razors-razor-blades/1005862_1007220_6377251"
            ],
            [
                "All Razors",
                "/browse/personal-care/all-razors/1005862_1007220_6461098"
            ],
            [
                "All Razor Blades",
                "/browse/personal-care/all-razor-blades/1005862_1007220_8061121"
            ],
            [
                "Men's Shaving",
                "/browse/personal-care/mens-shaving/1005862_1007220_8793708"
            ],
            [
                "Men's Razors",
                "/browse/personal-care/mens-razors/1005862_1007220_9287106"
            ]
        ]
    }
]