[
    {
        "title": "Dove Beauty Cream Caring Hand Wash, 250 Ml/8.45 Ounce",
        "url": "https://www.walmart.com/ip/Dove-Beauty-Cream-Caring-Hand-Wash-250-Ml-8-45-Ounce/563126930",
        "price": "$26.24",
        "stars": "1.0",
        "ratings": "1 ",
        "img": "i5.walmartimages.com/asr/cdfc0528-3e55-4eee-911f-19b2d9db221d_1.ff8200f448a33ea3b28e7048f4ecf881.jpeg?odnWidth=612&odnHeight=612&odnBg=ffffff",
        "tags": []
    },
    {
        "title": "Endure 50 Liquid Soap Sweet Scent 750 mL Dispenser Refill Bottle, 12 Pack",
        "url": "https://www.walmart.com/ip/Endure-50-Liquid-Soap-Sweet-Scent-750-mL-Dispenser-Refill-Bottle-12-Pack/332465253",
        "price": "$174.11",
        "stars": 0,
        "ratings": 0,
        "img": "",
        "tags": []
    },
    {
        "title": "Amco 8402 Rub Away Bar",
        "url": "https://www.walmart.com/ip/Amco-8402-Rub-Away-Bar/548573830",
        "price": "$11.47",
        "stars": 0,
        "ratings": 0,
        "img": "i5.walmartimages.com/asr/3943a5a5-8bf3-46ea-8740-da743824112b_1.a071f640207707a0976088e96dfc1753.jpeg?odnWidth=612&odnHeight=612&odnBg=ffffff",
        "tags": [
            [
                "New in Hand Soaps",
                "/browse/personal-care/new-in-hand-soaps/1005862_1071969_2378679"
            ],
            [
                "Softsoap Hand Soap",
                "/browse/personal-care/softsoap-hand-soap/1005862_1071969_4092819"
            ],
            [
                "Method Hand Soaps",
                "/browse/personal-care/method-hand-soaps/1005862_9157053_5971217_4326791"
            ],
            [
                "Hand Sanitizing Wipes",
                "/browse/personal-care/hand-sanitizing-wipes/1005862_1071969_6886797"
            ],
            [
                "Stock up on Hand Wash",
                "/browse/personal-care/stock-up-hand-wash/1005862_1071969_7917529"
            ],
            [
                "Discover! Staff-Favorite Body Care",
                "/browse/personal-care/discover-staff-favorite-body-care/1005862_1071969_8051400"
            ],
            [
                "Hand Sanitizers",
                "/browse/personal-care/hand-sanitizers/1005862_1071969_9011420"
            ]
        ]
    },
    {
        "title": "Liquid Softsoap Hand Soap Decor Variety Pack (13 oz., 4 pk.)",
        "url": "https://www.walmart.com/ip/Liquid-Softsoap-Hand-Soap-Decor-Variety-Pack-13-oz-4-pk/275993117",
        "price": "$32.99",
        "stars": 0,
        "ratings": 0,
        "img": "i5.walmartimages.com/asr/5fdf8763-4c99-42a5-99d2-dc9b33ff6695.e37f2de1824863e28853a6d2cc68bcf1.jpeg?odnWidth=612&odnHeight=612&odnBg=ffffff",
        "tags": []
    },
    {
        "title": "TEA TREE THERAPY Antiseptic Tea Tree Liquid Soap 8 OZ",
        "url": "https://www.walmart.com/ip/TEA-TREE-THERAPY-Antiseptic-Tea-Tree-Liquid-Soap-8-OZ/185773032",
        "price": "$11.62",
        "stars": 0,
        "ratings": 0,
        "img": "i5.walmartimages.com/asr/51ae1220-70eb-4c33-be78-846e44b8ca27_1.3aaf90fe37de2d8834d8f4e1aa4c55c1.jpeg?odnWidth=612&odnHeight=612&odnBg=ffffff",
        "tags": [
            [
                "New in Hand Soaps",
                "/browse/personal-care/new-in-hand-soaps/1005862_1071969_2378679"
            ],
            [
                "Softsoap Hand Soap",
                "/browse/personal-care/softsoap-hand-soap/1005862_1071969_4092819"
            ],
            [
                "Method Hand Soaps",
                "/browse/personal-care/method-hand-soaps/1005862_9157053_5971217_4326791"
            ],
            [
                "Hand Sanitizing Wipes",
                "/browse/personal-care/hand-sanitizing-wipes/1005862_1071969_6886797"
            ],
            [
                "Stock up on Hand Wash",
                "/browse/personal-care/stock-up-hand-wash/1005862_1071969_7917529"
            ],
            [
                "Discover! Staff-Favorite Body Care",
                "/browse/personal-care/discover-staff-favorite-body-care/1005862_1071969_8051400"
            ],
            [
                "Hand Sanitizers",
                "/browse/personal-care/hand-sanitizers/1005862_1071969_9011420"
            ]
        ]
    },
    {
        "title": "Deep Steep Argan Oil Liquid Hand Wash, Mango Papaya, 17.6 Oz",
        "url": "https://www.walmart.com/ip/Deep-Steep-Argan-Oil-Liquid-Hand-Wash-Mango-Papaya-17-6-Oz/648157978",
        "price": "$17.55",
        "stars": 0,
        "ratings": 0,
        "img": "i5.walmartimages.com/asr/7bbd5398-1889-4f97-b0ac-c6017d11836e_1.b7e661a7a306b9634191869b86f7b428.jpeg?odnWidth=612&odnHeight=612&odnBg=ffffff",
        "tags": [
            [
                "New in Hand Soaps",
                "/browse/personal-care/new-in-hand-soaps/1005862_1071969_2378679"
            ],
            [
                "Softsoap Hand Soap",
                "/browse/personal-care/softsoap-hand-soap/1005862_1071969_4092819"
            ],
            [
                "Method Hand Soaps",
                "/browse/personal-care/method-hand-soaps/1005862_9157053_5971217_4326791"
            ],
            [
                "Hand Sanitizing Wipes",
                "/browse/personal-care/hand-sanitizing-wipes/1005862_1071969_6886797"
            ],
            [
                "Stock up on Hand Wash",
                "/browse/personal-care/stock-up-hand-wash/1005862_1071969_7917529"
            ],
            [
                "Discover! Staff-Favorite Body Care",
                "/browse/personal-care/discover-staff-favorite-body-care/1005862_1071969_8051400"
            ],
            [
                "Hand Sanitizers",
                "/browse/personal-care/hand-sanitizers/1005862_1071969_9011420"
            ]
        ]
    },
    {
        "title": "2pcs/lot Youpin nFresh Paper Soap Portable Gentle Hand Travel Soap Paper Washing",
        "url": "https://www.walmart.com/ip/2pcs-lot-Youpin-nFresh-Paper-Soap-Portable-Gentle-Hand-Travel-Soap-Paper-Washing/874407901",
        "price": "$11.49",
        "stars": 0,
        "ratings": 0,
        "img": "i5.walmartimages.com/asr/0fa89259-991c-479e-81e1-6c4722db3bc7.a9f7df1dc7948266c4da4d7f105a8e24.jpeg?odnWidth=612&odnHeight=612&odnBg=ffffff",
        "tags": []
    },
    {
        "title": "Hibiclens Antimicrobial Skin Liquid Soap, 4 Fluid Ounce",
        "url": "https://www.walmart.com/ip/Hibiclens-Antimicrobial-Skin-Liquid-Soap-4-Fluid-Ounce/128906541",
        "price": "$10.46",
        "stars": "1.0",
        "ratings": "1 ",
        "img": "i5.walmartimages.com/asr/3e2045f1-41bf-4867-8c84-4d3876b4be87_1.28813b8b50fe915888f79188dc2bc0ea.jpeg?odnWidth=612&odnHeight=612&odnBg=ffffff",
        "tags": [
            [
                "Body Wash & Shower Gel",
                "/browse/personal-care/body-wash-shower-gel/1005862_1071969_1074364"
            ],
            [
                "New in Hand Soaps",
                "/browse/personal-care/new-in-hand-soaps/1005862_1071969_2378679"
            ],
            [
                "Method Hand Soaps",
                "/browse/personal-care/method-hand-soaps/1005862_9157053_5971217_4326791"
            ],
            [
                "Bar Soap",
                "/browse/personal-care/bar-soap/1005862_1071969_4735846"
            ],
            [
                "Hand Sanitizing Wipes",
                "/browse/personal-care/hand-sanitizing-wipes/1005862_1071969_6886797"
            ],
            [
                "Stock up on Hand Wash",
                "/browse/personal-care/stock-up-hand-wash/1005862_1071969_7917529"
            ],
            [
                "Hand Sanitizers",
                "/browse/personal-care/hand-sanitizers/1005862_1071969_9011420"
            ]
        ]
    },
    {
        "title": "Black Cherry Merlot Hand Soap by Bath and Body Works for Unisex - 8.75 oz Soap",
        "url": "https://www.walmart.com/ip/Black-Cherry-Merlot-Hand-Soap-by-Bath-and-Body-Works-for-Unisex-8-75-oz-Soap/357526351",
        "price": "$10.05",
        "stars": "1.0",
        "ratings": "1 ",
        "img": "",
        "tags": [
            [
                "Stock up on Body Wash",
                "/browse/personal-care/stock-up-body-wash/1005862_1071969_1528860"
            ],
            [
                "Dove Personal Care",
                "/browse/personal-care/dove-personal-care/1005862_1071969_1999831"
            ],
            [
                "Dove Body Bars",
                "/browse/personal-care/dove-body-bars/1005862_1071969_2647542"
            ],
            [
                "Dove + Men Bar Soap",
                "/browse/personal-care/dove-men-bar-soap/1005862_1071969_4742025"
            ],
            [
                "Dove Men + Care",
                "/browse/dove-men-care/1005862_7983046"
            ]
        ]
    },
    {
        "title": "Beessential Foaming Hand Soap Variety Pack (Pack of 3), Pack of 3 includes one of each: Grapefruit & Lemongrass, Lavender & Bergamot, and Peppermint & Aloe By Beetanicals",
        "url": "https://www.walmart.com/ip/Beessential-Foaming-Hand-Soap-Variety-Pack-Pack-3-3-includes-one-each-Grapefruit-Lemongrass-Lavender-Bergamot-Peppermint-Aloe-By-Beetanicals/633972096",
        "price": "$60.06",
        "stars": 0,
        "ratings": 0,
        "img": "i5.walmartimages.com/asr/7223f850-68ac-4546-ba11-8e723afa6e93_1.74bae9b7611e0de86f7baf065cf157db.jpeg?odnWidth=612&odnHeight=612&odnBg=ffffff",
        "tags": [
            [
                "New in Hand Soaps",
                "/browse/personal-care/new-in-hand-soaps/1005862_1071969_2378679"
            ],
            [
                "Softsoap Hand Soap",
                "/browse/personal-care/softsoap-hand-soap/1005862_1071969_4092819"
            ],
            [
                "Method Hand Soaps",
                "/browse/personal-care/method-hand-soaps/1005862_9157053_5971217_4326791"
            ],
            [
                "Hand Sanitizing Wipes",
                "/browse/personal-care/hand-sanitizing-wipes/1005862_1071969_6886797"
            ],
            [
                "Stock up on Hand Wash",
                "/browse/personal-care/stock-up-hand-wash/1005862_1071969_7917529"
            ],
            [
                "Discover! Staff-Favorite Body Care",
                "/browse/personal-care/discover-staff-favorite-body-care/1005862_1071969_8051400"
            ],
            [
                "Hand Sanitizers",
                "/browse/personal-care/hand-sanitizers/1005862_1071969_9011420"
            ]
        ]
    }
]