[
    {
        "title": "Softsoap Earth Blends Body Wash, Coconut & Fig, 16.9 Ounce",
        "url": "https://www.walmart.com/ip/Softsoap-Earth-Blends-Body-Wash-Coconut-Fig-16-9-Ounce/130690851",
        "price": "$5.04",
        "stars": "4.3",
        "ratings": "560 ",
        "img": "i5.walmartimages.com/asr/9117840d-2d53-4422-ae29-b876d0b456f0_2.0c56643ddcefd26bd8d0e6e5a05bed52.png?odnWidth=612&odnHeight=612&odnBg=ffffff",
        "tags": [
            [
                "Stock up on Body Wash",
                "/browse/personal-care/stock-up-body-wash/1005862_1071969_1528860"
            ],
            [
                "New in Body Wash",
                "/browse/personal-care/new-in-body-wash/1005862_1071969_2267059"
            ],
            [
                "Men's Body Wash",
                "/browse/personal-care/mens-body-wash/1005862_1071969_2531574"
            ],
            [
                "Women's Body Wash",
                "/browse/personal-care/womens-body-wash/1005862_1071969_4894005"
            ],
            [
                "Old Spice Body Wash",
                "/browse/personal-care/old-spice-body-wash/1005862_1071969_6697726"
            ],
            [
                "Tree Hut Body Wash & Body Scrub",
                "/browse/personal-care/tree-hut-body-wash-body-scrub/1005862_1071969_6976070"
            ]
        ]
    },
    {
        "title": "Ambi Cocoa Butter Cleansing Bar Soap, 3.5 oz",
        "url": "https://www.walmart.com/ip/Ambi-Cocoa-Butter-Cleansing-Bar-Soap-3-5-oz/46008255",
        "price": "$5.76",
        "stars": "3.1",
        "ratings": "9 ",
        "img": "i5.walmartimages.com/asr/e4d6c6d3-95f4-4081-955a-3aab5e718959.31bea11e1a1ddb882eb21d193c0f39cd.jpeg?odnWidth=612&odnHeight=612&odnBg=ffffff",
        "tags": [
            [
                "Body Scrubs & Exfoliators",
                "/browse/personal-care/body-scrubs-exfoliators/1005862_1071969_1044042"
            ],
            [
                "Body Wash & Shower Gel",
                "/browse/personal-care/body-wash-shower-gel/1005862_1071969_1074364"
            ],
            [
                "Dove Personal Care",
                "/browse/personal-care/dove-personal-care/1005862_1071969_1999831"
            ],
            [
                "Clean Living Body Wash",
                "/browse/personal-care/clean-living-body-wash/1005862_1071969_2398684"
            ],
            [
                "Dove Body Bars",
                "/browse/personal-care/dove-body-bars/1005862_1071969_2647542"
            ],
            [
                "Shea Moisture Bar Soap",
                "/browse/personal-care/shea-moisture-bar-soap/1005862_1071969_4250380"
            ],
            [
                "SheaMoisture Body Care",
                "/browse/personal-care/sheamoisture-body-care/1005862_1071969_4631744"
            ]
        ]
    },
    {
        "title": "Dial Body Wash Mountain Fresh, 16.0 FL OZ",
        "url": "https://www.walmart.com/ip/Dial-Body-Wash-Mountain-Fresh-16-0-FL-OZ/10290773",
        "price": "$9.80",
        "stars": "4.8",
        "ratings": "12 ",
        "img": "i5.walmartimages.com/asr/d0e3f7c6-ad94-4f77-b3e1-7d61c26b04d8_1.6b9e885129e21eda0062b7b8d061f9d0.jpeg?odnWidth=612&odnHeight=612&odnBg=ffffff",
        "tags": [
            [
                "Stock up on Body Wash",
                "/browse/personal-care/stock-up-body-wash/1005862_1071969_1528860"
            ],
            [
                "Men's Bath & Body",
                "/browse/personal-care/mens-bath-body/1005862_1056884_2325953"
            ],
            [
                "Men's Body Wash",
                "/browse/personal-care/mens-body-wash/1005862_1071969_2531574"
            ],
            [
                "Irish Spring Body Wash",
                "/browse/personal-care/irish-spring-body-wash/1005862_1071969_4565653"
            ],
            [
                "Discover! Staff-Favorite Body Care",
                "/browse/personal-care/discover-staff-favorite-body-care/1005862_1071969_8051400"
            ],
            [
                "Men's Personal Care",
                "/browse/mens-personal-care/1005862_8928973"
            ]
        ]
    },
    {
        "title": "6-Pack: Assorted Adidas Body Wash, Shower Gel for Men",
        "url": "https://www.walmart.com/ip/6-Pack-Assorted-Adidas-Body-Wash-Shower-Gel-for-Men/531987689",
        "price": "$24.88",
        "stars": "5.0",
        "ratings": "2 ",
        "img": "",
        "tags": [
            [
                "Stock up on Body Wash",
                "/browse/personal-care/stock-up-body-wash/1005862_1071969_1528860"
            ],
            [
                "Men's Bath & Body",
                "/browse/personal-care/mens-bath-body/1005862_1056884_2325953"
            ],
            [
                "Men's Body Wash",
                "/browse/personal-care/mens-body-wash/1005862_1071969_2531574"
            ],
            [
                "Every Man Jack",
                "/browse/every-man-jack/1005862_5079639"
            ],
            [
                "2-in-1 Hair and Body Care",
                "/browse/2-in-1-hair-body-care/1005862_8779108"
            ],
            [
                "Men's Personal Care",
                "/browse/mens-personal-care/1005862_8928973"
            ],
            [
                "Axe Body Wash",
                "/browse/personal-care/axe-body-wash/1005862_1071969_9229645"
            ]
        ]
    },
    {
        "title": "Irish Spring Original, Deodorant Bar Soap, 3.2 Ounce, 2 Bar Pack",
        "url": "https://www.walmart.com/ip/Irish-Spring-Original-Deodorant-Bar-Soap-3-2-Ounce-2-Bar-Pack/12443200",
        "price": "$4.84",
        "stars": "4.3",
        "ratings": "274 ",
        "img": "i5.walmartimages.com/asr/4da099ad-290e-423d-a1b8-fb644b34115b.50cea373ab246868021280962199fc90.png?odnWidth=612&odnHeight=612&odnBg=ffffff",
        "tags": [
            [
                "Stock up on Body Wash",
                "/browse/personal-care/stock-up-body-wash/1005862_1071969_1528860"
            ],
            [
                "Men's Bath & Body",
                "/browse/personal-care/mens-bath-body/1005862_1056884_2325953"
            ],
            [
                "Irish Spring Body Wash",
                "/browse/personal-care/irish-spring-body-wash/1005862_1071969_4565653"
            ],
            [
                "Bar Soap",
                "/browse/personal-care/bar-soap/1005862_1071969_4735846"
            ],
            [
                "Men's Personal Care",
                "/browse/mens-personal-care/1005862_8928973"
            ],
            [
                "Irish Spring Bar Soap",
                "/browse/personal-care/irish-spring-bar-soap/1005862_1071969_9936161"
            ]
        ]
    },
    {
        "title": "Olay Fresh Outlast Body Wash (23.6 fl. oz., 3 pk.)",
        "url": "https://www.walmart.com/ip/Olay-Fresh-Outlast-Body-Wash-23-6-fl-oz-3-pk/416331596",
        "price": "$21.90",
        "stars": "5.0",
        "ratings": "2 ",
        "img": "",
        "tags": [
            [
                "Stock up on Body Wash",
                "/browse/personal-care/stock-up-body-wash/1005862_1071969_1528860"
            ],
            [
                "Dove Personal Care",
                "/browse/personal-care/dove-personal-care/1005862_1071969_1999831"
            ],
            [
                "Men's Bath & Body",
                "/browse/personal-care/mens-bath-body/1005862_1056884_2325953"
            ],
            [
                "Men's Body Wash",
                "/browse/personal-care/mens-body-wash/1005862_1071969_2531574"
            ],
            [
                "Dove Body Wash & Scrubs",
                "/browse/personal-care/dove-body-wash-scrubs/1005862_1071969_2771216"
            ],
            [
                "Women's Body Wash",
                "/browse/personal-care/womens-body-wash/1005862_1071969_4894005"
            ]
        ]
    },
    {
        "title": "Bvlgari Au The Blanc Lot of 6 each 1.76 Oz, Bars of Soap Total of 10.56 Oz",
        "url": "https://www.walmart.com/ip/Bvlgari-Au-The-Blanc-Lot-of-6-each-1-76-Oz-Bars-of-Soap-Total-of-10-56-Oz/736415187",
        "price": "$24.47",
        "stars": "4.8",
        "ratings": "5 ",
        "img": "i5.walmartimages.com/asr/6c47c05a-e5fe-4a28-b068-12fdf62ab346_1.7d3dae983215b5643f57261b93ba6ae1.jpeg?odnWidth=612&odnHeight=612&odnBg=ffffff",
        "tags": [
            [
                "Premium Body Treatments",
                "/browse/premium-beauty/premium-body-treatments/7924299_3571844_1843073"
            ],
            [
                "Premium Body Lotions",
                "/browse/premium-beauty/premium-body-lotions/7924299_3571844_2750347"
            ],
            [
                "L'occitane",
                "/browse/premium-beauty/loccitane/7924299_9882925_2799089"
            ],
            [
                "Premium Bath Bombs, Bath Salts & Bubble Bath",
                "/browse/premium-beauty/premium-bath-bombs-bath-salts-bubble-bath/7924299_3571844_3851320"
            ],
            [
                "Shampoo",
                "/browse/premium-beauty/shampoo/7924299_3522922_5587896_4444710"
            ],
            [
                "Philosophy",
                "/browse/premium-beauty/philosophy/7924299_9882925_6147441"
            ],
            [
                "Premium Self Care & Pampering",
                "/browse/premium-self-care-pampering/7924299_6211132"
            ],
            [
                "Premium Value Sizes & Sets",
                "/browse/premium-beauty/premium-value-sizes-sets/7924299_3571844_8252939"
            ]
        ]
    },
    {
        "title": "St. Ives Radiant Skin Body Wash Pink Lemon and Mandarin Orange 24 oz",
        "url": "https://www.walmart.com/ip/St-Ives-Radiant-Skin-Body-Wash-Pink-Lemon-and-Mandarin-Orange-24-oz/46219950",
        "price": "$9.99",
        "stars": "4.6",
        "ratings": "1919 ",
        "img": "i5.walmartimages.com/asr/cee81423-44ef-433f-8b97-23c5785c2102_1.90719c102838a6f078a9d0af26d68109.jpeg?odnWidth=612&odnHeight=612&odnBg=ffffff",
        "tags": [
            [
                "Stock up on Body Wash",
                "/browse/personal-care/stock-up-body-wash/1005862_1071969_1528860"
            ],
            [
                "New in Body Wash",
                "/browse/personal-care/new-in-body-wash/1005862_1071969_2267059"
            ],
            [
                "Clean Living Body Wash",
                "/browse/personal-care/clean-living-body-wash/1005862_1071969_2398684"
            ],
            [
                "Body Lotions & Creams",
                "/browse/personal-care/body-lotions-creams/1005862_1071969_2566660"
            ],
            [
                "Women's Body Wash",
                "/browse/personal-care/womens-body-wash/1005862_1071969_4894005"
            ],
            [
                "Fall Skin Care Essentials",
                "/browse/personal-care/fall-skin-care-essentials/1005862_1071969_9619039"
            ]
        ]
    },
    {
        "title": "Philosophy Lemon Custard Shampoo, Shower Gel & Bubble Bath, 16 Fl Oz",
        "url": "https://www.walmart.com/ip/Philosophy-Lemon-Custard-Shampoo-Shower-Gel-Bubble-Bath-16-Fl-Oz/156095052",
        "price": "$16.99",
        "stars": "5.0",
        "ratings": "6 ",
        "img": "i5.walmartimages.com/asr/2260762b-7f1d-4c41-9a02-0b6f04922a96_1.b64a666a98db0627289867f2e39f34b4.jpeg?odnWidth=612&odnHeight=612&odnBg=ffffff",
        "tags": [
            [
                "Premium Body Lotions",
                "/browse/premium-beauty/premium-body-lotions/7924299_3571844_2750347"
            ],
            [
                "Premium Travel Size Beauty",
                "/browse/premium-beauty/premium-travel-size-beauty/7924299_7451592_4606564"
            ],
            [
                "Billy Jealousy",
                "/browse/premium-beauty/billy-jealousy/7924299_9882925_5945569"
            ],
            [
                "Philosophy",
                "/browse/premium-beauty/philosophy/7924299_9882925_6147441"
            ],
            [
                "Premium Self Care & Pampering",
                "/browse/premium-self-care-pampering/7924299_6211132"
            ],
            [
                "Premium Wellness",
                "/browse/premium-wellness/7924299_7168672"
            ],
            [
                "Premium Value Sizes & Sets",
                "/browse/premium-beauty/premium-value-sizes-sets/7924299_3571844_8252939"
            ],
            [
                "Premium Beauty Value Sizes & Kits",
                "/browse/premium-beauty-value-sizes-kits/7924299_8303703"
            ]
        ]
    },
    {
        "title": "Yes To Cucumber Soothing Body Wash Cucumber Scent 16.9 Fl Oz",
        "url": "https://www.walmart.com/ip/Yes-To-Cucumber-Soothing-Body-Wash-Cucumber-Scent-16-9-Fl-Oz/16200017",
        "price": "$13.40",
        "stars": "4.4",
        "ratings": "60 ",
        "img": "",
        "tags": [
            [
                "Stock up on Body Wash",
                "/browse/personal-care/stock-up-body-wash/1005862_1071969_1528860"
            ],
            [
                "Dove Personal Care",
                "/browse/personal-care/dove-personal-care/1005862_1071969_1999831"
            ],
            [
                "Clean Living Body Wash",
                "/browse/personal-care/clean-living-body-wash/1005862_1071969_2398684"
            ],
            [
                "Men's Body Wash",
                "/browse/personal-care/mens-body-wash/1005862_1071969_2531574"
            ],
            [
                "Dove Body Wash & Scrubs",
                "/browse/personal-care/dove-body-wash-scrubs/1005862_1071969_2771216"
            ],
            [
                "Women's Body Wash",
                "/browse/personal-care/womens-body-wash/1005862_1071969_4894005"
            ]
        ]
    }
]