[
    {
        "title": "(2 Pack) Disney Princess 3-in-1 Shampoo, Conditioner & Body Wash, Berry Bouquet, 20 Oz",
        "url": "https://www.walmart.com/ip/2-Pack-Disney-Princess-3-in-1-Shampoo-Conditioner-Body-Wash-Berry-Bouquet-20-Oz/629856629",
        "price": "$7.06",
        "stars": "5.0",
        "ratings": "7 ",
        "img": "i5.walmartimages.com/asr/5ea1bf67-e21d-4ecd-ba44-501ac9d4b7f7_1.8bcd3b4c50b7df84c47d03ab586fff0c.jpeg?odnWidth=612&odnHeight=612&odnBg=ffffff",
        "tags": [
            [
                "Kids Oral Care",
                "/browse/personal-care/kids-oral-care/1005862_1007221_1094604"
            ],
            [
                "Clean Living Body Wash",
                "/browse/personal-care/clean-living-body-wash/1005862_1071969_2398684"
            ],
            [
                "Men's Body Wash",
                "/browse/personal-care/mens-body-wash/1005862_1071969_2531574"
            ],
            [
                "New in Clean Living Body Wash",
                "/browse/personal-care/new-in-clean-living-body-wash/1005862_1071969_3481881"
            ],
            [
                "Dove Men Care Body Wash",
                "/browse/personal-care/dove-men-care-body-wash/1005862_1071969_3665482"
            ],
            [
                "Kids Electric Toothbrushes",
                "/browse/personal-care/kids-electric-toothbrushes/1005862_1007221_2709578_4710_4985373"
            ],
            [
                "2-in-1 Hair and Body Care",
                "/browse/2-in-1-hair-body-care/1005862_8779108"
            ]
        ]
    },
    {
        "title": "Alba Botanica Hawaiian Detox Body Wash, 32 Ounce Bottle",
        "url": "https://www.walmart.com/ip/Alba-Botanica-Hawaiian-Detox-Body-Wash-32-Ounce-Bottle/201052643",
        "price": "$8.79",
        "stars": "4.4",
        "ratings": "60 ",
        "img": "i5.walmartimages.com/asr/2f70f6eb-e917-4eff-8a69-5ecf60e62b31_1.81735bd90ebc3b7503b11ae45f1a55fa.jpeg?odnWidth=612&odnHeight=612&odnBg=ffffff",
        "tags": [
            [
                "New in Body Wash",
                "/browse/personal-care/new-in-body-wash/1005862_1071969_2267059"
            ],
            [
                "Clean Living Body Wash",
                "/browse/personal-care/clean-living-body-wash/1005862_1071969_2398684"
            ],
            [
                "New in Clean Living Body Wash",
                "/browse/personal-care/new-in-clean-living-body-wash/1005862_1071969_3481881"
            ],
            [
                "SheaMoisture Body Care",
                "/browse/personal-care/sheamoisture-body-care/1005862_1071969_4631744"
            ],
            [
                "Women's Body Wash",
                "/browse/personal-care/womens-body-wash/1005862_1071969_4894005"
            ],
            [
                "Alba Botanica Body Care",
                "/browse/personal-care/alba-botanica-body-care/1005862_1071969_5038963"
            ],
            [
                "Sheamoisture Body Wash",
                "/browse/personal-care/sheamoisture-body-wash/1005862_1071969_6799733"
            ],
            [
                "Alba Botanica Body Wash",
                "/browse/personal-care/alba-botanica-body-wash/1005862_1071969_7845634"
            ]
        ]
    },
    {
        "title": "Kirk's Gentle Castile Soap, Original Fresh Scent, 3 Bars, 4 oz",
        "url": "https://www.walmart.com/ip/Kirk-s-Gentle-Castile-Soap-Original-Fresh-Scent-3-Bars-4-oz/22257750",
        "price": "$10.41",
        "stars": "4.7",
        "ratings": "433 ",
        "img": "",
        "tags": [
            [
                "Body Wash & Shower Gel",
                "/browse/personal-care/body-wash-shower-gel/1005862_1071969_1074364"
            ],
            [
                "Clean Living Body Wash",
                "/browse/personal-care/clean-living-body-wash/1005862_1071969_2398684"
            ],
            [
                "Dr. Bronner's Body Care",
                "/browse/personal-care/dr-bronners-body-care/1005862_1071969_3076063"
            ],
            [
                "Tom's of Maine Body Wash & Bar Soaps",
                "/browse/personal-care/toms-of-maine-body-wash-bar-soaps/1005862_1071969_4049088"
            ],
            [
                "Shea Moisture Bar Soap",
                "/browse/personal-care/shea-moisture-bar-soap/1005862_1071969_4250380"
            ],
            [
                "New in Bar Soaps",
                "/browse/personal-care/new-in-bar-soaps/1005862_1071969_6178834"
            ],
            [
                "Discover! Staff-Favorite Body Care",
                "/browse/personal-care/discover-staff-favorite-body-care/1005862_1071969_8051400"
            ],
            [
                "Gift Ideas for Bar Soaps",
                "/browse/personal-care/gift-ideas-for-bar-soaps/1005862_1071969_8911603"
            ]
        ]
    },
    {
        "title": "Olay Charcoal Detoxifying Body Scrub for Women, 0.35 oz",
        "url": "https://www.walmart.com/ip/Olay-Charcoal-Detoxifying-Body-Scrub-for-Women-0-35-oz/335386958",
        "price": "$7.97",
        "stars": "4.0",
        "ratings": "44 ",
        "img": "i5.walmartimages.com/asr/8d4b9416-9b9a-4124-898a-49b17df52d87_1.979581d4d65a8cfea154b97636f7ab1b.jpeg?odnWidth=612&odnHeight=612&odnBg=ffffff",
        "tags": [
            [
                "Body Scrubs & Exfoliators",
                "/browse/personal-care/body-scrubs-exfoliators/1005862_1071969_1044042"
            ],
            [
                "New in Body Wash",
                "/browse/personal-care/new-in-body-wash/1005862_1071969_2267059"
            ],
            [
                "Banana Boat",
                "/browse/personal-care/banana-boat/1005862_1001508_4153586"
            ],
            [
                "Women's Body Wash",
                "/browse/personal-care/womens-body-wash/1005862_1071969_4894005"
            ],
            [
                "Old Spice Body Wash",
                "/browse/personal-care/old-spice-body-wash/1005862_1071969_6697726"
            ],
            [
                "Tree Hut Body Wash & Body Scrub",
                "/browse/personal-care/tree-hut-body-wash-body-scrub/1005862_1071969_6976070"
            ],
            [
                "Treehut Body Scrub",
                "/browse/personal-care/treehut-body-scrub/1005862_1071969_7914221"
            ],
            [
                "New in Body Scrubs",
                "/browse/personal-care/new-in-body-scrubs/1005862_1071969_9252142"
            ]
        ]
    },
    {
        "title": "SheaMoisture 100% Virgin Coconut Oil Foam Body Wash 11 oz",
        "url": "https://www.walmart.com/ip/SheaMoisture-100-Virgin-Coconut-Oil-Foam-Body-Wash-11-oz/917924559",
        "price": "$8.74",
        "stars": "5.0",
        "ratings": "5 ",
        "img": "i5.walmartimages.com/asr/a05551f3-0e5a-4504-9df5-14e9ab2ad8ce_1.efb0eaa096b27088fa5ab4cd5b95438e.png?odnWidth=612&odnHeight=612&odnBg=ffffff",
        "tags": [
            [
                "New in Body Wash",
                "/browse/personal-care/new-in-body-wash/1005862_1071969_2267059"
            ],
            [
                "Clean Living Body Wash",
                "/browse/personal-care/clean-living-body-wash/1005862_1071969_2398684"
            ],
            [
                "Plant Based Personal Care",
                "/browse/plant-based-personal-care/1005862_3442684"
            ],
            [
                "New in Clean Living Body Wash",
                "/browse/personal-care/new-in-clean-living-body-wash/1005862_1071969_3481881"
            ],
            [
                "SheaMoisture Body Care",
                "/browse/personal-care/sheamoisture-body-care/1005862_1071969_4631744"
            ],
            [
                "Women's Body Wash",
                "/browse/personal-care/womens-body-wash/1005862_1071969_4894005"
            ],
            [
                "Hempz Body Wash",
                "/browse/personal-care/hempz-body-wash/1005862_1071969_6281258"
            ],
            [
                "Sheamoisture Body Wash",
                "/browse/personal-care/sheamoisture-body-wash/1005862_1071969_6799733"
            ]
        ]
    },
    {
        "title": "AVEENO Baby Wash and Shampoo 8 oz",
        "url": "https://www.walmart.com/ip/AVEENO-Baby-Wash-and-Shampoo-8-oz/182063946",
        "price": "$7.94",
        "stars": "4.6",
        "ratings": "351 ",
        "img": "i5.walmartimages.com/asr/5aece4af-25e0-4245-b8fe-15fa1e3a4a77_1.586ddf5239881e64ff06666865199136.jpeg?odnWidth=612&odnHeight=612&odnBg=ffffff",
        "tags": [
            [
                "Baby Skin Care & Grooming",
                "/browse/baby/baby-skin-care-grooming/5427_486190_1042639"
            ],
            [
                "Baby Care",
                "/browse/baby/baby-care/5427_486190_132980"
            ],
            [
                "Baby Care & Grooming",
                "/browse/baby/baby-care-grooming/5427_486190_1457965"
            ],
            [
                "Aveeno Baby",
                "/browse/baby/aveeno-baby/5427_486190_2009548"
            ],
            [
                "Baby Body Washes",
                "/browse/baby/baby-body-washes/5427_486190_2277795"
            ],
            [
                "Johnson & Johnson Baby Registry Collection",
                "/browse/baby/johnson-johnson-baby-registry-collection/5427_8165377_6106892"
            ],
            [
                "Baby Care Favorites",
                "/browse/baby/baby-care-favorites/5427_7360532_7004515"
            ],
            [
                "Baby Shampoos",
                "/browse/baby/baby-shampoos/5427_486190_9573703"
            ]
        ]
    },
    {
        "title": "6-Pack Dove Body Wash Shower Gel",
        "url": "https://www.walmart.com/ip/6-Pack-Dove-Body-Wash-Shower-Gel/319977724",
        "price": "$24.00",
        "stars": "4.0",
        "ratings": "1 ",
        "img": "",
        "tags": []
    },
    {
        "title": "Ivory Soap, Original 4 oz Bars 10 ea (Pack of 2)",
        "url": "https://www.walmart.com/ip/Ivory-Soap-Original-4-oz-Bars-10-ea-Pack-of-2/45003741",
        "price": "$18.76",
        "stars": "5.0",
        "ratings": "10 ",
        "img": "i5.walmartimages.com/asr/07006835-8849-4b54-a6a3-fda7592c8b16_1.c00730603eb24e65c2f4d929226e535e.jpeg?odnWidth=612&odnHeight=612&odnBg=ffffff",
        "tags": [
            [
                "Stock up on Body Wash",
                "/browse/personal-care/stock-up-body-wash/1005862_1071969_1528860"
            ],
            [
                "Dove Personal Care",
                "/browse/personal-care/dove-personal-care/1005862_1071969_1999831"
            ],
            [
                "Dove Body Bars",
                "/browse/personal-care/dove-body-bars/1005862_1071969_2647542"
            ],
            [
                "Plant Based Personal Care",
                "/browse/plant-based-personal-care/1005862_3442684"
            ],
            [
                "Bar Soap",
                "/browse/personal-care/bar-soap/1005862_1071969_4735846"
            ],
            [
                "Irish Spring Bar Soap",
                "/browse/personal-care/irish-spring-bar-soap/1005862_1071969_9936161"
            ]
        ]
    },
    {
        "title": "(3 pack) Aveeno Daily Moisturizing Body Wash with Soothing Oat, 18 fl. oz",
        "url": "https://www.walmart.com/ip/3-pack-Aveeno-Daily-Moisturizing-Body-Wash-with-Soothing-Oat-18-fl-oz/651148532",
        "price": "$19.60",
        "stars": 0,
        "ratings": 0,
        "img": "i5.walmartimages.com/asr/31e2a90c-59b7-4f0d-92c3-2ea9e19d4a40_1.17afd808d312058b209e507821a7dabf.jpeg?odnWidth=612&odnHeight=612&odnBg=ffffff",
        "tags": [
            [
                "Stock up on Body Wash",
                "/browse/personal-care/stock-up-body-wash/1005862_1071969_1528860"
            ],
            [
                "Clean Living Body Wash",
                "/browse/personal-care/clean-living-body-wash/1005862_1071969_2398684"
            ],
            [
                "Body Lotions & Creams",
                "/browse/personal-care/body-lotions-creams/1005862_1071969_2566660"
            ],
            [
                "Stock up on Lotion & Moisturizers",
                "/browse/personal-care/stock-up-lotion-moisturizers/1005862_1071969_1574874_3229695"
            ],
            [
                "Aveeno Body Lotions & Creams",
                "/browse/personal-care/aveeno-body-lotions-creams/1005862_1071969_3719297"
            ],
            [
                "Aveeno Body Wash",
                "/browse/personal-care/aveeno-body-wash/1005862_1071969_4176986"
            ],
            [
                "Aveeno Body Care",
                "/browse/personal-care/aveeno-body-care/1005862_1071969_8990857"
            ]
        ]
    },
    {
        "title": "Basis Vitamin Bar 4 oz.",
        "url": "https://www.walmart.com/ip/Basis-Vitamin-Bar-4-oz/21467435",
        "price": "$5.60",
        "stars": "4.8",
        "ratings": "37 ",
        "img": "i5.walmartimages.com/asr/f0686a22-0465-423a-8f54-63933046ff5a.6d6e8dc2230d58ee5d517312487f5abe.jpeg?odnWidth=612&odnHeight=612&odnBg=ffffff",
        "tags": [
            [
                "Hand Soaps",
                "/browse/personal-care/hand-soaps/1005862_1071969_1001719"
            ],
            [
                "Native",
                "/browse/personal-care/native/1005862_1071969_1424543"
            ],
            [
                "Stock up on Body Wash",
                "/browse/personal-care/stock-up-body-wash/1005862_1071969_1528860"
            ],
            [
                "New in Clean Living Body Wash",
                "/browse/personal-care/new-in-clean-living-body-wash/1005862_1071969_3481881"
            ],
            [
                "New in Bar Soaps",
                "/browse/personal-care/new-in-bar-soaps/1005862_1071969_6178834"
            ],
            [
                "Gift Ideas for Bar Soaps",
                "/browse/personal-care/gift-ideas-for-bar-soaps/1005862_1071969_8911603"
            ]
        ]
    }
]