[
    {
        "title": "Replacement Shaver Razor Head For Philips Norelco RQ11 1150X 1160X",
        "url": "https://www.walmart.com/ip/Replacement-Shaver-Razor-Head-For-Philips-Norelco-RQ11-1150X-1160X/689543770",
        "price": "$16.36",
        "stars": "2.8",
        "ratings": "12 ",
        "img": "i5.walmartimages.com/asr/64620408-580e-402d-99e1-5b2e41eebc6a_1.daedf3c63c5937620f909d08671a2e33.jpeg?odnWidth=612&odnHeight=612&odnBg=ffffff",
        "tags": [
            [
                "Razors",
                "/browse/personal-care/razors/1005862_1007220_1007399"
            ],
            [
                "Electric Shave Replacement Heads",
                "/browse/personal-care/electric-shave-replacement-heads/1005862_1007220_1044019"
            ],
            [
                "Electric Shavers",
                "/browse/personal-care/electric-shavers/1005862_1007220_133146"
            ],
            [
                "All Electric Shave Replacement Heads",
                "/browse/personal-care/all-electric-shave-replacement-heads/1005862_1007220_2434574"
            ],
            [
                "All Electric Shavers",
                "/browse/personal-care/all-electric-shavers/1005862_1007220_6936955"
            ],
            [
                "Philips Norelco Electric Shavers",
                "/browse/personal-care/philips-norelco-electric-shavers/1005862_1007220_7905976"
            ],
            [
                "Remington Electric Shavers",
                "/browse/personal-care/remington-electric-shavers/1005862_1007220_8362880"
            ],
            [
                "Men's Shaving",
                "/browse/personal-care/mens-shaving/1005862_1007220_8793708"
            ]
        ]
    },
    {
        "title": "Gillette Sensor5 Men's Disposable Razors, Pack of 2 + 1 Free Bonus Razor",
        "url": "https://www.walmart.com/ip/Gillette-Sensor5-Men-s-Disposable-Razors-Pack-of-2-1-Free-Bonus-Razor/524317592",
        "price": "$7.79",
        "stars": "4.4",
        "ratings": "94 ",
        "img": "i5.walmartimages.com/asr/77c6c373-38c7-4036-bf81-0ce7017fa6c3_1.587c227b3b975e0f97ecb32384623df0.jpeg?odnWidth=612&odnHeight=612&odnBg=ffffff",
        "tags": [
            [
                "Razor Blades",
                "/browse/personal-care/razor-blades/1005862_1007220_1044020"
            ],
            [
                "Men's Razor Blades",
                "/browse/personal-care/mens-razor-blades/1005862_1007220_3392907"
            ],
            [
                "Schick Razors",
                "/browse/personal-care/schick-razors/1005862_1007220_3441606"
            ],
            [
                "Men's Razors and Razor Blades",
                "/browse/personal-care/mens-razors-razor-blades/1005862_1007220_6377251"
            ],
            [
                "All Razors",
                "/browse/personal-care/all-razors/1005862_1007220_6461098"
            ],
            [
                "All Razor Blades",
                "/browse/personal-care/all-razor-blades/1005862_1007220_8061121"
            ],
            [
                "Men's Shaving",
                "/browse/personal-care/mens-shaving/1005862_1007220_8793708"
            ],
            [
                "Men's Razors",
                "/browse/personal-care/mens-razors/1005862_1007220_9287106"
            ]
        ]
    },
    {
        "title": "Double Edge Safety Razor + Gillette Silver Blues Double Edge Blades, 5 ct. (Pack of 2)",
        "url": "https://www.walmart.com/ip/Double-Edge-Safety-Razor-Gillette-Silver-Blues-Double-Edge-Blades-5-ct-Pack-of-2/168295288",
        "price": "$12.21",
        "stars": "4.0",
        "ratings": "3 ",
        "img": "",
        "tags": [
            [
                "Razor Blades",
                "/browse/personal-care/razor-blades/1005862_1007220_1044020"
            ],
            [
                "Men's Razor Blades",
                "/browse/personal-care/mens-razor-blades/1005862_1007220_3392907"
            ],
            [
                "BIC Disposable Razors",
                "/browse/personal-care/bic-disposable-razors/1005862_1007220_4640643"
            ],
            [
                "Men's Razors and Razor Blades",
                "/browse/personal-care/mens-razors-razor-blades/1005862_1007220_6377251"
            ],
            [
                "All Razors",
                "/browse/personal-care/all-razors/1005862_1007220_6461098"
            ],
            [
                "Women's Razors",
                "/browse/personal-care/womens-razors/1005862_1007220_7994182"
            ],
            [
                "All Razor Blades",
                "/browse/personal-care/all-razor-blades/1005862_1007220_8061121"
            ],
            [
                "Men's Razors",
                "/browse/personal-care/mens-razors/1005862_1007220_9287106"
            ]
        ]
    },
    {
        "title": "Schick Intuition Hello Kitty Sensitive Razor & 4 Refills",
        "url": "https://www.walmart.com/ip/Schick-Intuition-Hello-Kitty-Sensitive-Razor-4-Refills/930752758",
        "price": "$19.99",
        "stars": "4.2",
        "ratings": "21 ",
        "img": "i5.walmartimages.com/asr/a3c1434b-748b-4ab3-a71d-7dce8746c2d7_1.8eb9b2edf53877e194d02565363310a3.jpeg?odnWidth=612&odnHeight=612&odnBg=ffffff",
        "tags": [
            [
                "Father's Day Electronics",
                "/browse/seasonal/fathers-day-electronics/1085632_1094344_2365074"
            ],
            [
                "Connected Dorm Room",
                "/browse/seasonal/connected-dorm-room/1085632_8174172_6292484_2548864"
            ],
            [
                "Shop All Glass",
                "/browse/seasonal/shop-all-glass/1085632_1071204_4976191"
            ],
            [
                "Mother's Day Electronics Gifts",
                "/browse/seasonal/mothers-day-electronics-gifts/1085632_1093554_5742102"
            ],
            [
                "Audio",
                "/browse/seasonal/audio/1085632_8174172_6292484_5759323"
            ],
            [
                "Electronics Gifts for Grads",
                "/browse/seasonal/electronics-gifts-for-grads/1085632_1105121_7594959"
            ],
            [
                "Stock up on Shave",
                "/browse/seasonal/stock-up-shave/1085632_9267270_7332448_8201786"
            ],
            [
                "Back to School Home Audio Visual",
                "/browse/seasonal/back-to-school-home-audio-visual/1085632_1071204_7767149_8665149"
            ]
        ]
    },
    {
        "title": "Beard Grooming Kit Gift for Him - for Mustache & Beard Growth - Soften Soothe & Moisturize Skin & Hair - Castor Jojoba Almond & More Essential Oils - Premium Nature",
        "url": "https://www.walmart.com/ip/Beard-Grooming-Kit-Gift-Him-Mustache-Growth-Soften-Soothe-Moisturize-Skin-Hair-Castor-Jojoba-Almond-More-Essential-Oils-Premium-Nature/675721094",
        "price": "$12.45",
        "stars": "5.0",
        "ratings": "3 ",
        "img": "",
        "tags": [
            [
                "All Men's Beard Care",
                "/browse/personal-care/all-mens-beard-care/1005862_1056884_2965909_1681990"
            ],
            [
                "Travel Size Toiletries & Kits",
                "/browse/travel-size-toiletries-kits/1005862_2802339"
            ],
            [
                "Aftershaves",
                "/browse/personal-care/aftershaves/1005862_1007220_3096153"
            ],
            [
                "Plant Based Personal Care",
                "/browse/plant-based-personal-care/1005862_3442684"
            ],
            [
                "Men's Beard Care",
                "/browse/personal-care/mens-beard-care/1005862_1056884_2965909_7312346"
            ],
            [
                "Beard Oil",
                "/browse/personal-care/beard-oil/1005862_1056884_2965909_7791324"
            ],
            [
                "2-in-1 Hair and Body Care",
                "/browse/2-in-1-hair-body-care/1005862_8779108"
            ],
            [
                "Beard Wash",
                "/browse/personal-care/beard-wash/1005862_1056884_2965909_9867102"
            ]
        ]
    },
    {
        "title": "2pcs Vintage Brown Soft Badger Hair Shaving Brushes for Men Wet Shaving",
        "url": "https://www.walmart.com/ip/2pcs-Vintage-Brown-Soft-Badger-Hair-Shaving-Brushes-for-Men-Wet-Shaving/453627364",
        "price": "$11.99",
        "stars": "4.7",
        "ratings": "6 ",
        "img": "i5.walmartimages.com/asr/c7b4f04f-d0ee-4765-9898-15c390cf3c9b_1.508cd47e5fd7473d23cd20c901c3a9ed.jpeg?odnWidth=612&odnHeight=612&odnBg=ffffff",
        "tags": [
            [
                "Nourison",
                "/browse/shop-by-brand/nourison/3734780_8307801_2356581"
            ],
            [
                "ClosetMaid",
                "/browse/shop-by-brand/closetmaid/3734780_8307801_2721073"
            ],
            [
                "Superior",
                "/browse/shop-by-brand/superior/3734780_8307801_3779070"
            ],
            [
                "The Pioneer Woman",
                "/browse/shop-by-brand/the-pioneer-woman/3734780_8307801_3894436"
            ],
            [
                "Better Homes & Gardens",
                "/browse/shop-by-brand/better-homes-gardens/3734780_8307801_4710148"
            ],
            [
                "Mainstays",
                "/browse/shop-by-brand/mainstays/3734780_8307801_8303454"
            ],
            [
                "Autodrive Car Seat Covers",
                "/browse/shop-by-brand/autodrive-car-seat-covers/3734780_9761020_3203959_8763197"
            ],
            [
                "EEEkit",
                "/browse/shop-by-brand/eeekit/3734780_5678070_9358335"
            ]
        ]
    },
    {
        "title": "Gillette Fusion Pack of 4 Refill Razor Blade Cartridges, With Continental Photo Cloth!",
        "url": "https://www.walmart.com/ip/Gillette-Fusion-Pack-of-4-Refill-Razor-Blade-Cartridges-With-Continental-Photo-Cloth/682940994",
        "price": "$15.49",
        "stars": 0,
        "ratings": 0,
        "img": "",
        "tags": [
            [
                "Razor Blades",
                "/browse/personal-care/razor-blades/1005862_1007220_1044020"
            ],
            [
                "Men's Razor Blades",
                "/browse/personal-care/mens-razor-blades/1005862_1007220_3392907"
            ],
            [
                "Men's Razors and Razor Blades",
                "/browse/personal-care/mens-razors-razor-blades/1005862_1007220_6377251"
            ],
            [
                "All Razors",
                "/browse/personal-care/all-razors/1005862_1007220_6461098"
            ],
            [
                "All Razor Blades",
                "/browse/personal-care/all-razor-blades/1005862_1007220_8061121"
            ],
            [
                "Men's Shaving",
                "/browse/personal-care/mens-shaving/1005862_1007220_8793708"
            ],
            [
                "Men's Personal Care",
                "/browse/mens-personal-care/1005862_8928973"
            ],
            [
                "Men's Razors",
                "/browse/personal-care/mens-razors/1005862_1007220_9287106"
            ]
        ]
    },
    {
        "title": "Philips Norelco Replacement Heads, HQ9/52",
        "url": "https://www.walmart.com/ip/Philips-Norelco-Replacement-Heads-HQ9-52/15935581",
        "price": "$40.90",
        "stars": "3.7",
        "ratings": "736 ",
        "img": "",
        "tags": [
            [
                "Electric Shavers",
                "/browse/personal-care/electric-shavers/1005862_1007220_133146"
            ],
            [
                "Epilators & Shavers",
                "/browse/personal-care/epilators-shavers/1005862_1007220_1653256"
            ],
            [
                "Men's Razors and Razor Blades",
                "/browse/personal-care/mens-razors-razor-blades/1005862_1007220_6377251"
            ],
            [
                "All Electric Shavers",
                "/browse/personal-care/all-electric-shavers/1005862_1007220_6936955"
            ],
            [
                "All Epilators",
                "/browse/personal-care/all-epilators/1005862_1007220_7363956"
            ],
            [
                "Philips Norelco Electric Shavers",
                "/browse/personal-care/philips-norelco-electric-shavers/1005862_1007220_7905976"
            ],
            [
                "Men's Shaving",
                "/browse/personal-care/mens-shaving/1005862_1007220_8793708"
            ],
            [
                "Braun Electric Shave Replacement Heads",
                "/browse/personal-care/braun-electric-shave-replacement-heads/1005862_1007220_9056089"
            ]
        ]
    },
    {
        "title": "Bic Flex 5 Five Blade Disposable Razors 4 Count (3+1 Bonus) (Pack of 2)",
        "url": "https://www.walmart.com/ip/Bic-Flex-5-Five-Blade-Disposable-Razors-4-Count-3-1-Bonus-Pack-of-2/977198260",
        "price": "$15.99",
        "stars": "5.0",
        "ratings": "3 ",
        "img": "i5.walmartimages.com/asr/3b62c448-665f-43a3-88d8-dd2257209ce5_1.9c4d69a7d34f063d6556a6378cf1dd52.jpeg?odnWidth=612&odnHeight=612&odnBg=ffffff",
        "tags": [
            [
                "Razors",
                "/browse/personal-care/razors/1005862_1007220_1007399"
            ],
            [
                "Men's Razor Blades",
                "/browse/personal-care/mens-razor-blades/1005862_1007220_3392907"
            ],
            [
                "BIC Disposable Razors",
                "/browse/personal-care/bic-disposable-razors/1005862_1007220_4640643"
            ],
            [
                "Men's Razors and Razor Blades",
                "/browse/personal-care/mens-razors-razor-blades/1005862_1007220_6377251"
            ],
            [
                "All Razors",
                "/browse/personal-care/all-razors/1005862_1007220_6461098"
            ],
            [
                "Women's Razors",
                "/browse/personal-care/womens-razors/1005862_1007220_7994182"
            ],
            [
                "All Razor Blades",
                "/browse/personal-care/all-razor-blades/1005862_1007220_8061121"
            ],
            [
                "Men's Razors",
                "/browse/personal-care/mens-razors/1005862_1007220_9287106"
            ]
        ]
    },
    {
        "title": "Schick Quattro for Women Disposable Razors Raspberry Rain - 3 ea",
        "url": "https://www.walmart.com/ip/Schick-Quattro-for-Women-Disposable-Razors-Raspberry-Rain-3-ea/10317510",
        "price": "$7.44",
        "stars": "4.0",
        "ratings": "94 ",
        "img": "i5.walmartimages.com/asr/574d6bba-078b-4892-94c6-840ae2779004_1.83f833eaf32931b6e3d3db44e38732ae.jpeg?odnWidth=612&odnHeight=612&odnBg=ffffff",
        "tags": [
            [
                "Razors",
                "/browse/personal-care/razors/1005862_1007220_1007399"
            ],
            [
                "Schick Razors",
                "/browse/personal-care/schick-razors/1005862_1007220_3441606"
            ],
            [
                "BIC Disposable Razors",
                "/browse/personal-care/bic-disposable-razors/1005862_1007220_4640643"
            ],
            [
                "All Razors",
                "/browse/personal-care/all-razors/1005862_1007220_6461098"
            ],
            [
                "All Electric Shavers",
                "/browse/personal-care/all-electric-shavers/1005862_1007220_6936955"
            ],
            [
                "Women's Razors",
                "/browse/personal-care/womens-razors/1005862_1007220_7994182"
            ],
            [
                "All Razor Blades",
                "/browse/personal-care/all-razor-blades/1005862_1007220_8061121"
            ],
            [
                "Women's Shaving",
                "/browse/personal-care/womens-shaving/1005862_1007220_9200501"
            ]
        ]
    }
]