[
    {
        "title": "Native Natural Deodorant, Charcoal, Aluminum Free, 2.65 oz",
        "url": "https://www.walmart.com/ip/Native-Natural-Deodorant-Charcoal-Aluminum-Free-2-65-oz/407528017",
        "price": "$11.97",
        "stars": "4.1",
        "ratings": "33 ",
        "img": "i5.walmartimages.com/asr/17057a18-8d7c-422e-b524-088a9b569011.3519624fd612b0b10176acf24039a89e.jpeg?odnWidth=612&odnHeight=612&odnBg=ffffff",
        "tags": [
            [
                "Deodorants & Antiperspirants",
                "/browse/deodorants-antiperspirants/1005862_1001487"
            ],
            [
                "New in Body Wash",
                "/browse/personal-care/new-in-body-wash/1005862_1071969_2267059"
            ],
            [
                "Clean Living Body Wash",
                "/browse/personal-care/clean-living-body-wash/1005862_1071969_2398684"
            ],
            [
                "Men's Body Wash",
                "/browse/personal-care/mens-body-wash/1005862_1071969_2531574"
            ],
            [
                "New in Clean Living Body Wash",
                "/browse/personal-care/new-in-clean-living-body-wash/1005862_1071969_3481881"
            ],
            [
                "Tom's of Maine Body Care",
                "/browse/personal-care/toms-of-maine-body-care/1005862_1071969_3789086"
            ],
            [
                "New in Bar Soaps",
                "/browse/personal-care/new-in-bar-soaps/1005862_1071969_6178834"
            ],
            [
                "Tom's of Maine",
                "/browse/personal-care/toms-of-maine/1005862_9157053_6295630"
            ]
        ]
    },
    {
        "title": "Body Fantasies Signature Cotton Candy Body Spray for Women, 8 Oz",
        "url": "https://www.walmart.com/ip/Body-Fantasies-Signature-Cotton-Candy-Body-Spray-for-Women-8-Oz/24511381",
        "price": "$6.59",
        "stars": "4.6",
        "ratings": "118 ",
        "img": "",
        "tags": [
            [
                "Body Spray for Women",
                "/browse/beauty/body-spray-for-women/1085666_133225_1738248_2044069_1367318"
            ],
            [
                "Body Fantasies",
                "/browse/beauty/body-fantasies/1085666_133225_1738248_2044069_3453380"
            ],
            [
                "Body & Hair Mists",
                "/browse/beauty/body-hair-mists/1085666_133225_4659649_3823478"
            ],
            [
                "Fragrance Restock",
                "/browse/beauty/fragrance-restock/1085666_6818441_4300089"
            ],
            [
                "Body Sprays",
                "/browse/beauty/body-sprays/1085666_7192911_7602314_5352062"
            ],
            [
                "Perfume Value Sizes & Sets",
                "/browse/beauty/perfume-value-sizes-sets/1085666_133225_4659649_5866910"
            ],
            [
                "Fruity Body Spray",
                "/browse/beauty/fruity-body-spray/1085666_133225_1738248_8629220_7456576"
            ],
            [
                "Body Spray",
                "/browse/beauty/body-spray/1085666_133225_6873232_9987111"
            ]
        ]
    },
    {
        "title": "(2 twin packs) Old Spice High Endurance Pure Sport Deodorant for Men 3 oz",
        "url": "https://www.walmart.com/ip/2-twin-packs-Old-Spice-High-Endurance-Pure-Sport-Deodorant-for-Men-3-oz/490054390",
        "price": "$9.54",
        "stars": "5.0",
        "ratings": "1 ",
        "img": "i5.walmartimages.com/asr/e23701d8-cd3f-4cc7-86fe-987ab3f78306_1.6fb4dead75794ffd21653806b0183fb9.jpeg?odnWidth=612&odnHeight=612&odnBg=ffffff",
        "tags": [
            [
                "Deodorants & Antiperspirants",
                "/browse/deodorants-antiperspirants/1005862_1001487"
            ],
            [
                "Stock up on Body Wash",
                "/browse/personal-care/stock-up-body-wash/1005862_1071969_1528860"
            ],
            [
                "Men's Body Wash",
                "/browse/personal-care/mens-body-wash/1005862_1071969_2531574"
            ],
            [
                "Stock up on Deodorant & Antiperspirant",
                "/browse/personal-care/stock-up-deodorant-antiperspirant/1005862_1071969_1574874_2782018"
            ],
            [
                "Old Spice Body Wash & Deodorants",
                "/browse/personal-care/old-spice-body-wash-deodorants/1005862_1071969_6362250"
            ],
            [
                "Old Spice Body Wash",
                "/browse/personal-care/old-spice-body-wash/1005862_1071969_6697726"
            ],
            [
                "Men's Personal Care",
                "/browse/mens-personal-care/1005862_8928973"
            ]
        ]
    },
    {
        "title": "Kenneth Cole White Body Spray for Women, 8 Oz",
        "url": "https://www.walmart.com/ip/Kenneth-Cole-White-Body-Spray-for-Women-8-Oz/52100718",
        "price": "$7.98",
        "stars": "4.7",
        "ratings": "31 ",
        "img": "i5.walmartimages.com/asr/5952dd67-1a09-4555-8f8f-1057e65f2779_1.79a02e3cf02ec7ea383a26b3eb7a1633.jpeg?odnWidth=612&odnHeight=612&odnBg=ffffff",
        "tags": [
            [
                "Premium Body Sprays",
                "/browse/premium-beauty/premium-body-sprays/7924299_9678309_3759918"
            ],
            [
                "Elizabeth Arden",
                "/browse/premium-beauty/elizabeth-arden/7924299_9882925_5023677"
            ],
            [
                "Perfumes",
                "/browse/premium-beauty/perfumes/7924299_7451592_1960947_5093012"
            ],
            [
                "Juicy Couture Perfume",
                "/browse/premium-beauty/juicy-couture-perfume/7924299_9882925_5419426"
            ],
            [
                "Premium Beauty Value Sizes & Kits",
                "/browse/premium-beauty-value-sizes-kits/7924299_8303703"
            ],
            [
                "Gucci Perfume",
                "/browse/premium-beauty/gucci-perfume/7924299_9882925_8643738_8791299"
            ]
        ]
    },
    {
        "title": "Dove Men+Care Stain Defense Fresh Dry Spray Antiperspirant Deodorant, 3.8 oz",
        "url": "https://www.walmart.com/ip/Dove-Men-Care-Stain-Defense-Fresh-Dry-Spray-Antiperspirant-Deodorant-3-8-oz/55072152",
        "price": "$5.99",
        "stars": "4.6",
        "ratings": "138 ",
        "img": "i5.walmartimages.com/asr/ac779045-e8f4-48ad-a85a-d4f39e6ae809_1.b3ee12b9c0395c2b402523b8ff32a297.jpeg?odnWidth=612&odnHeight=612&odnBg=ffffff",
        "tags": [
            [
                "Dove Deodorant & Antiperspirant",
                "/browse/personal-care/dove-deodorant-antiperspirant/1005862_1071969_1725145"
            ],
            [
                "Dove Personal Care",
                "/browse/personal-care/dove-personal-care/1005862_1071969_1999831"
            ],
            [
                "Men's Bath & Body",
                "/browse/personal-care/mens-bath-body/1005862_1056884_2325953"
            ],
            [
                "Stock up on Deodorant & Antiperspirant",
                "/browse/personal-care/stock-up-deodorant-antiperspirant/1005862_1071969_1574874_2782018"
            ],
            [
                "Dove Men Care Body Wash",
                "/browse/personal-care/dove-men-care-body-wash/1005862_1071969_3665482"
            ],
            [
                "Dove Men + Care",
                "/browse/dove-men-care/1005862_7983046"
            ],
            [
                "2-in-1 Hair and Body Care",
                "/browse/2-in-1-hair-body-care/1005862_8779108"
            ],
            [
                "Men's Personal Care",
                "/browse/mens-personal-care/1005862_8928973"
            ]
        ]
    },
    {
        "title": "AXE Dry Collection Antiperspirant Deodorant Non-Stop Hustle 2.7 oz",
        "url": "https://www.walmart.com/ip/AXE-Dry-Collection-Antiperspirant-Deodorant-Non-Stop-Hustle-2-7-oz/329803306",
        "price": "$3.88",
        "stars": "5.0",
        "ratings": "3 ",
        "img": "i5.walmartimages.com/asr/70e7495f-5eb6-4a76-bd33-96af6ca4ae75_1.fbe4ea0f0d6ba26e47cfc163511fec74.jpeg?odnWidth=612&odnHeight=612&odnBg=ffffff",
        "tags": [
            [
                "Clean Living Deodorants & Antiperspirants",
                "/browse/seasonal/clean-living-deodorants-antiperspirants/1085632_8154447_5132862_7170281_2176651"
            ],
            [
                "Stock up on Paper & Plastic",
                "/browse/seasonal/stock-up-paper-plastic/1085632_9267270_6133729_3048735"
            ],
            [
                "Father's Day Body Care",
                "/browse/seasonal/fathers-day-body-care/1085632_1094344_7549154_4370622"
            ],
            [
                "Back to College Stock Up",
                "/browse/seasonal/back-to-college-stock-up/1085632_9267270_4435758"
            ],
            [
                "Stock up on Cleaning Supplies",
                "/browse/seasonal/stock-up-cleaning-supplies/1085632_9267270_6133729_6220803"
            ],
            [
                "Stock up on Oral Care",
                "/browse/seasonal/stock-up-oral-care/1085632_9267270_7332448_8262175"
            ],
            [
                "Stock up on Laundry Room Supplies",
                "/browse/seasonal/stock-up-laundry-room-supplies/1085632_9267270_6133729_9058184"
            ]
        ]
    },
    {
        "title": "Dr Teal's Coconut Deodorant, 2.65 oz.",
        "url": "https://www.walmart.com/ip/Dr-Teal-s-Coconut-Deodorant-2-65-oz/824932900",
        "price": "$4.72",
        "stars": "3.5",
        "ratings": "62 ",
        "img": "i5.walmartimages.com/asr/97a9c4d5-0166-4a0c-a70a-c14d4dc74317_1.974fa90efb29ad466e10e88642e2f7ab.jpeg?odnWidth=612&odnHeight=612&odnBg=ffffff",
        "tags": [
            [
                "Native",
                "/browse/personal-care/native/1005862_1071969_1424543"
            ],
            [
                "Dove Deodorant & Antiperspirant",
                "/browse/personal-care/dove-deodorant-antiperspirant/1005862_1071969_1725145"
            ],
            [
                "Bubble Baths & Soaks",
                "/browse/personal-care/bubble-baths-soaks/1005862_1071969_1802619"
            ],
            [
                "Dove Personal Care",
                "/browse/personal-care/dove-personal-care/1005862_1071969_1999831"
            ],
            [
                "All Bath Bombs, Bubbles Bath & Soaks",
                "/browse/personal-care/all-bath-bombs-bubbles-bath-soaks/1005862_1071969_2187415"
            ],
            [
                "Tom's of Maine Body Care",
                "/browse/personal-care/toms-of-maine-body-care/1005862_1071969_3789086"
            ],
            [
                "Tom's of Maine",
                "/browse/personal-care/toms-of-maine/1005862_9157053_6295630"
            ],
            [
                "Dove Men + Care",
                "/browse/dove-men-care/1005862_7983046"
            ]
        ]
    },
    {
        "title": "Degree Men Advanced Protection Antiperspirant Deodorant Adventure 2.7 oz",
        "url": "https://www.walmart.com/ip/Degree-Men-Advanced-Protection-Antiperspirant-Deodorant-Adventure-2-7-oz/14178774",
        "price": "$4.27",
        "stars": "4.5",
        "ratings": "282 ",
        "img": "i5.walmartimages.com/asr/27616707-7778-4764-9320-a890c56df78b.a36a806ed4bf08706087a8efd9bacdb5.jpeg?odnWidth=612&odnHeight=612&odnBg=ffffff",
        "tags": [
            [
                "Clean Living Deodorants & Antiperspirants",
                "/browse/seasonal/clean-living-deodorants-antiperspirants/1085632_8154447_5132862_7170281_2176651"
            ],
            [
                "Stock up on Paper & Plastic",
                "/browse/seasonal/stock-up-paper-plastic/1085632_9267270_6133729_3048735"
            ],
            [
                "Back to College Stock Up",
                "/browse/seasonal/back-to-college-stock-up/1085632_9267270_4435758"
            ],
            [
                "Stock up on Cleaning Supplies",
                "/browse/seasonal/stock-up-cleaning-supplies/1085632_9267270_6133729_6220803"
            ],
            [
                "Stock up on Oral Care",
                "/browse/seasonal/stock-up-oral-care/1085632_9267270_7332448_8262175"
            ],
            [
                "Stock up on Laundry Room Supplies",
                "/browse/seasonal/stock-up-laundry-room-supplies/1085632_9267270_6133729_9058184"
            ],
            [
                "Stock up on Litter",
                "/browse/seasonal/stock-up-litter/1085632_9267270_4520411_4629792_9059897"
            ]
        ]
    },
    {
        "title": "Dove Dry Spray Go Fresh Antiperspirant Deodorant Apple & White Tea 3.8oz",
        "url": "https://www.walmart.com/ip/Dove-Dry-Spray-Go-Fresh-Antiperspirant-Deodorant-Apple-White-Tea-3-8oz/476224184",
        "price": "$5.96",
        "stars": "4.4",
        "ratings": "129 ",
        "img": "i5.walmartimages.com/asr/c1c6cb6e-c05d-40b6-9e41-e076cf99712d_1.ee947bb7ca1e7eac04e03c740ca3b9d9.jpeg?odnWidth=612&odnHeight=612&odnBg=ffffff",
        "tags": [
            [
                "Deodorants & Antiperspirants",
                "/browse/deodorants-antiperspirants/1005862_1001487"
            ],
            [
                "Dove Personal Care",
                "/browse/personal-care/dove-personal-care/1005862_1071969_1999831"
            ],
            [
                "Men's Bath & Body",
                "/browse/personal-care/mens-bath-body/1005862_1056884_2325953"
            ],
            [
                "Stock up on Deodorant & Antiperspirant",
                "/browse/personal-care/stock-up-deodorant-antiperspirant/1005862_1071969_1574874_2782018"
            ],
            [
                "Clinical Strength Antiperspirants",
                "/browse/personal-care/clinical-strength-antiperspirants/1005862_1071969_3942179"
            ],
            [
                "Dove Men + Care",
                "/browse/dove-men-care/1005862_7983046"
            ],
            [
                "Men's Personal Care",
                "/browse/mens-personal-care/1005862_8928973"
            ]
        ]
    },
    {
        "title": "AXE Antiperspirant Deodorant Stick for Men Kilo 2.7 oz",
        "url": "https://www.walmart.com/ip/AXE-Antiperspirant-Deodorant-Stick-for-Men-Kilo-2-7-oz/10315077",
        "price": "$3.88",
        "stars": "4.4",
        "ratings": "62 ",
        "img": "i5.walmartimages.com/asr/dbbf0091-056d-4b10-bbe9-174f1862a0c5_1.4c0aca37c990a9d78af7b7377bae1e63.jpeg?odnWidth=612&odnHeight=612&odnBg=ffffff",
        "tags": [
            [
                "Clean Living Deodorants & Antiperspirants",
                "/browse/seasonal/clean-living-deodorants-antiperspirants/1085632_8154447_5132862_7170281_2176651"
            ],
            [
                "Stock up on Paper & Plastic",
                "/browse/seasonal/stock-up-paper-plastic/1085632_9267270_6133729_3048735"
            ],
            [
                "Father's Day Body Care",
                "/browse/seasonal/fathers-day-body-care/1085632_1094344_7549154_4370622"
            ],
            [
                "Back to College Stock Up",
                "/browse/seasonal/back-to-college-stock-up/1085632_9267270_4435758"
            ],
            [
                "Stock up on Cleaning Supplies",
                "/browse/seasonal/stock-up-cleaning-supplies/1085632_9267270_6133729_6220803"
            ],
            [
                "Stock up on Oral Care",
                "/browse/seasonal/stock-up-oral-care/1085632_9267270_7332448_8262175"
            ],
            [
                "Stock up on Laundry Room Supplies",
                "/browse/seasonal/stock-up-laundry-room-supplies/1085632_9267270_6133729_9058184"
            ]
        ]
    }
]