[
    {
        "title": "Trac II Chrome Handle",
        "url": "https://www.walmart.com/ip/Trac-II-Chrome-Handle/185000238",
        "price": "$13.99",
        "stars": "2.9",
        "ratings": "7 ",
        "img": "",
        "tags": [
            [
                "Razor Blades",
                "/browse/personal-care/razor-blades/1005862_1007220_1044020"
            ],
            [
                "Men's Razor Blades",
                "/browse/personal-care/mens-razor-blades/1005862_1007220_3392907"
            ],
            [
                "Men's Razors and Razor Blades",
                "/browse/personal-care/mens-razors-razor-blades/1005862_1007220_6377251"
            ],
            [
                "All Razors",
                "/browse/personal-care/all-razors/1005862_1007220_6461098"
            ],
            [
                "All Razor Blades",
                "/browse/personal-care/all-razor-blades/1005862_1007220_8061121"
            ],
            [
                "Gillette Venus Razors",
                "/browse/personal-care/gillette-venus-razors/1005862_1007220_8090056"
            ],
            [
                "Men's Shaving",
                "/browse/personal-care/mens-shaving/1005862_1007220_8793708"
            ],
            [
                "Men's Razors",
                "/browse/personal-care/mens-razors/1005862_1007220_9287106"
            ]
        ]
    },
    {
        "title": "Gillette Fusion ProShield Men's Flexball Razor with One Blade Refill, 2 Pack",
        "url": "https://www.walmart.com/ip/Gillette-Fusion-ProShield-Men-s-Flexball-Razor-with-One-Blade-Refill-2-Pack/610536357",
        "price": "$19.99",
        "stars": 0,
        "ratings": 0,
        "img": "i5.walmartimages.com/asr/257d800a-b2e1-4e7f-8035-67bc32de4570_1.1a6d20609fca0c9ecb02e1006d8744c9.jpeg?odnWidth=612&odnHeight=612&odnBg=ffffff",
        "tags": [
            [
                "Razor Blades",
                "/browse/personal-care/razor-blades/1005862_1007220_1044020"
            ],
            [
                "Men's Razor Blades",
                "/browse/personal-care/mens-razor-blades/1005862_1007220_3392907"
            ],
            [
                "Men's Razors and Razor Blades",
                "/browse/personal-care/mens-razors-razor-blades/1005862_1007220_6377251"
            ],
            [
                "All Razors",
                "/browse/personal-care/all-razors/1005862_1007220_6461098"
            ],
            [
                "All Razor Blades",
                "/browse/personal-care/all-razor-blades/1005862_1007220_8061121"
            ],
            [
                "Men's Shaving",
                "/browse/personal-care/mens-shaving/1005862_1007220_8793708"
            ],
            [
                "Men's Personal Care",
                "/browse/mens-personal-care/1005862_8928973"
            ],
            [
                "Men's Razors",
                "/browse/personal-care/mens-razors/1005862_1007220_9287106"
            ]
        ]
    },
    {
        "title": "Harrys Mens Razor Set with 6 Total Razor Blades (Sky Blue)",
        "url": "https://www.walmart.com/ip/Harrys-Mens-Razor-Set-with-6-Total-Razor-Blades-Sky-Blue/384700682",
        "price": "$29.99",
        "stars": "3.5",
        "ratings": "2 ",
        "img": "",
        "tags": [
            [
                "Razors",
                "/browse/personal-care/razors/1005862_1007220_1007399"
            ],
            [
                "Razor Blades",
                "/browse/personal-care/razor-blades/1005862_1007220_1044020"
            ],
            [
                "Men's Razor Blades",
                "/browse/personal-care/mens-razor-blades/1005862_1007220_3392907"
            ],
            [
                "Men's Razors and Razor Blades",
                "/browse/personal-care/mens-razors-razor-blades/1005862_1007220_6377251"
            ],
            [
                "All Razors",
                "/browse/personal-care/all-razors/1005862_1007220_6461098"
            ],
            [
                "All Razor Blades",
                "/browse/personal-care/all-razor-blades/1005862_1007220_8061121"
            ],
            [
                "Men's Shaving",
                "/browse/personal-care/mens-shaving/1005862_1007220_8793708"
            ],
            [
                "Men's Razors",
                "/browse/personal-care/mens-razors/1005862_1007220_9287106"
            ]
        ]
    },
    {
        "title": "Willstar 1 Pcs Men Two Head Blade Back Hair Shaver Trimmer Body Leg Razor Long Handle Removal Razors",
        "url": "https://www.walmart.com/ip/Willstar-1-Pcs-Men-Two-Head-Blade-Back-Hair-Shaver-Trimmer-Body-Leg-Razor-Long-Handle-Removal-Razors/572752176",
        "price": "$11.16",
        "stars": 0,
        "ratings": 0,
        "img": "",
        "tags": [
            [
                "Gillette Razors",
                "/browse/personal-care/gillette-razors/1005862_1007220_2562288"
            ],
            [
                "Men's Razors and Razor Blades",
                "/browse/personal-care/mens-razors-razor-blades/1005862_1007220_6377251"
            ],
            [
                "Trimmers & Groomers",
                "/browse/personal-care/trimmers-groomers/1005862_1007220_641039"
            ],
            [
                "All Razors",
                "/browse/personal-care/all-razors/1005862_1007220_6461098"
            ],
            [
                "All Razor Blades",
                "/browse/personal-care/all-razor-blades/1005862_1007220_8061121"
            ],
            [
                "All Hair Clippers",
                "/browse/personal-care/all-hair-clippers/1005862_1007220_9199070_8636521"
            ],
            [
                "Men's Shaving",
                "/browse/personal-care/mens-shaving/1005862_1007220_8793708"
            ],
            [
                "Men's Razors",
                "/browse/personal-care/mens-razors/1005862_1007220_9287106"
            ]
        ]
    },
    {
        "title": "Schick Injector Blades with durable chromium 7 blades per pack - Pack of 4",
        "url": "https://www.walmart.com/ip/Schick-Injector-Blades-with-durable-chromium-7-blades-per-pack-Pack-of-4/190397572",
        "price": "$21.21",
        "stars": "4.5",
        "ratings": "4 ",
        "img": "i5.walmartimages.com/asr/a229f0e0-6b5f-4ec1-81a3-6d77e7c636b1_1.167165cadcf1c5812bb7e63a9ac9a780.jpeg?odnWidth=612&odnHeight=612&odnBg=ffffff",
        "tags": [
            [
                "Razors",
                "/browse/personal-care/razors/1005862_1007220_1007399"
            ],
            [
                "Razor Blades",
                "/browse/personal-care/razor-blades/1005862_1007220_1044020"
            ],
            [
                "Men's Razor Blades",
                "/browse/personal-care/mens-razor-blades/1005862_1007220_3392907"
            ],
            [
                "Schick Razors",
                "/browse/personal-care/schick-razors/1005862_1007220_3441606"
            ],
            [
                "All Razors",
                "/browse/personal-care/all-razors/1005862_1007220_6461098"
            ],
            [
                "All Razor Blades",
                "/browse/personal-care/all-razor-blades/1005862_1007220_8061121"
            ],
            [
                "Men's Shaving",
                "/browse/personal-care/mens-shaving/1005862_1007220_8793708"
            ],
            [
                "Men's Razors",
                "/browse/personal-care/mens-razors/1005862_1007220_9287106"
            ]
        ]
    },
    {
        "title": "Compatible Razor Handle + Gillette Sensor Refill Razor Blade Cartridges, 10 Ct (Pack of 2)",
        "url": "https://www.walmart.com/ip/Compatible-Razor-Handle-Gillette-Sensor-Refill-Razor-Blade-Cartridges-10-Ct-Pack-of-2/142452219",
        "price": "$31.63",
        "stars": "3.7",
        "ratings": "3 ",
        "img": "",
        "tags": [
            [
                "Razor Blades",
                "/browse/personal-care/razor-blades/1005862_1007220_1044020"
            ],
            [
                "Men's Razor Blades",
                "/browse/personal-care/mens-razor-blades/1005862_1007220_3392907"
            ],
            [
                "Men's Razors and Razor Blades",
                "/browse/personal-care/mens-razors-razor-blades/1005862_1007220_6377251"
            ],
            [
                "All Razors",
                "/browse/personal-care/all-razors/1005862_1007220_6461098"
            ],
            [
                "All Razor Blades",
                "/browse/personal-care/all-razor-blades/1005862_1007220_8061121"
            ],
            [
                "Men's Shaving",
                "/browse/personal-care/mens-shaving/1005862_1007220_8793708"
            ],
            [
                "Men's Personal Care",
                "/browse/mens-personal-care/1005862_8928973"
            ],
            [
                "Men's Razors",
                "/browse/personal-care/mens-razors/1005862_1007220_9287106"
            ]
        ]
    },
    {
        "title": "Caveman Beard Oil, Balm, Soap and Comb Kit for Men - Leave in Conditioner Scent: Drunken Caveman (Bay Rum)",
        "url": "https://www.walmart.com/ip/Caveman-Beard-Oil-Balm-Soap-and-Comb-Kit-for-Men-Leave-in-Conditioner-Scent-Drunken-Caveman-Bay-Rum/912904162",
        "price": "$15.95",
        "stars": "2.3",
        "ratings": "10 ",
        "img": "",
        "tags": [
            [
                "All Men's Beard Care",
                "/browse/personal-care/all-mens-beard-care/1005862_1056884_2965909_1681990"
            ],
            [
                "Travel Size Toiletries & Kits",
                "/browse/travel-size-toiletries-kits/1005862_2802339"
            ],
            [
                "Aftershaves",
                "/browse/personal-care/aftershaves/1005862_1007220_3096153"
            ],
            [
                "Plant Based Personal Care",
                "/browse/plant-based-personal-care/1005862_3442684"
            ],
            [
                "Beard Balm",
                "/browse/personal-care/beard-balm/1005862_1056884_2965909_3819981"
            ],
            [
                "Men's Beard Care",
                "/browse/personal-care/mens-beard-care/1005862_1056884_2965909_7312346"
            ],
            [
                "Beard Oil",
                "/browse/personal-care/beard-oil/1005862_1056884_2965909_7791324"
            ],
            [
                "Beard Wash",
                "/browse/personal-care/beard-wash/1005862_1056884_2965909_9867102"
            ]
        ]
    },
    {
        "title": "1Pc Man\u2019s Shaving Razor Stand Holder Aluminum Alloy Safety Razor Base Shaving Razor Accessory",
        "url": "https://www.walmart.com/ip/1Pc-Man-s-Shaving-Razor-Stand-Holder-Aluminum-Alloy-Safety-Razor-Base-Shaving-Razor-Accessory/158120740",
        "price": "$7.49",
        "stars": 0,
        "ratings": 0,
        "img": "i5.walmartimages.com/asr/98e2e69c-6fef-469e-82a6-c1c5fea5c644_1.a6163690b3404b109a89b6d44ec318e8.jpeg?odnWidth=612&odnHeight=612&odnBg=ffffff",
        "tags": [
            [
                "Razors",
                "/browse/personal-care/razors/1005862_1007220_1007399"
            ],
            [
                "Razor Blades",
                "/browse/personal-care/razor-blades/1005862_1007220_1044020"
            ],
            [
                "Gillette Razors",
                "/browse/personal-care/gillette-razors/1005862_1007220_2562288"
            ],
            [
                "Men's Razors and Razor Blades",
                "/browse/personal-care/mens-razors-razor-blades/1005862_1007220_6377251"
            ],
            [
                "All Razors",
                "/browse/personal-care/all-razors/1005862_1007220_6461098"
            ],
            [
                "All Razor Blades",
                "/browse/personal-care/all-razor-blades/1005862_1007220_8061121"
            ],
            [
                "Men's Shaving",
                "/browse/personal-care/mens-shaving/1005862_1007220_8793708"
            ],
            [
                "Men's Razors",
                "/browse/personal-care/mens-razors/1005862_1007220_9287106"
            ]
        ]
    },
    {
        "title": "3 in 1 Men's Shaving Set Shaving Brush + Shaving Stand + Soap Bowl for Badger Hair Cleaning Male Shaving Kit",
        "url": "https://www.walmart.com/ip/3-in-1-Men-s-Shaving-Set-Shaving-Brush-Shaving-Stand-Soap-Bowl-for-Badger-Hair-Cleaning-Male-Shaving-Kit/496942509",
        "price": "$16.59",
        "stars": 0,
        "ratings": 0,
        "img": "i5.walmartimages.com/asr/97d12d72-5d4f-4bc1-89ac-e2958d4c3c7a_1.21d28ce3c0902283fd02ce29f77e2115.jpeg?odnWidth=612&odnHeight=612&odnBg=ffffff",
        "tags": []
    },
    {
        "title": "Schick Intuition Island Berry 2 Razor Handles and 12 Cartridges (Acai Berry Extract)",
        "url": "https://www.walmart.com/ip/Schick-Intuition-Island-Berry-2-Razor-Handles-and-12-Cartridges-Acai-Berry-Extract/687877811",
        "price": "$32.29",
        "stars": "4.0",
        "ratings": "1 ",
        "img": "i5.walmartimages.com/asr/02d08269-395e-4e82-a259-b9b836d3c5a2_1.180107d1299926f0950e5f4dd01ab8f7.jpeg?odnWidth=612&odnHeight=612&odnBg=ffffff",
        "tags": [
            [
                "Razors",
                "/browse/personal-care/razors/1005862_1007220_1007399"
            ],
            [
                "Razor Blades",
                "/browse/personal-care/razor-blades/1005862_1007220_1044020"
            ],
            [
                "Women's Razor Blades",
                "/browse/personal-care/womens-razor-blades/1005862_1007220_2012569"
            ],
            [
                "Men's Razor Blades",
                "/browse/personal-care/mens-razor-blades/1005862_1007220_3392907"
            ],
            [
                "All Razors",
                "/browse/personal-care/all-razors/1005862_1007220_6461098"
            ],
            [
                "Women's Razors",
                "/browse/personal-care/womens-razors/1005862_1007220_7994182"
            ],
            [
                "All Razor Blades",
                "/browse/personal-care/all-razor-blades/1005862_1007220_8061121"
            ],
            [
                "Women's Shaving",
                "/browse/personal-care/womens-shaving/1005862_1007220_9200501"
            ]
        ]
    }
]