[
    {
        "title": "Pure & Natural Body & Facial Soap, .75 oz, Fresh Scent, White 1000/Carton",
        "url": "https://www.walmart.com/ip/Pure-Natural-Body-Facial-Soap-75-oz-Fresh-Scent-White-1000-Carton/39852850",
        "price": "$88.46",
        "stars": 0,
        "ratings": 0,
        "img": "i5.walmartimages.com/asr/709ec39d-a4ed-47fe-8b8f-e4fb3411fcaa_1.334adce84ddea1caff9c682368fb5f25.jpeg?odnWidth=612&odnHeight=612&odnBg=ffffff",
        "tags": [
            [
                "New in Hand Soaps",
                "/browse/personal-care/new-in-hand-soaps/1005862_1071969_2378679"
            ],
            [
                "Softsoap Hand Soap",
                "/browse/personal-care/softsoap-hand-soap/1005862_1071969_4092819"
            ],
            [
                "Method Hand Soaps",
                "/browse/personal-care/method-hand-soaps/1005862_9157053_5971217_4326791"
            ],
            [
                "Hand Sanitizing Wipes",
                "/browse/personal-care/hand-sanitizing-wipes/1005862_1071969_6886797"
            ],
            [
                "Stock up on Hand Wash",
                "/browse/personal-care/stock-up-hand-wash/1005862_1071969_7917529"
            ],
            [
                "Discover! Staff-Favorite Body Care",
                "/browse/personal-care/discover-staff-favorite-body-care/1005862_1071969_8051400"
            ],
            [
                "Hand Sanitizers",
                "/browse/personal-care/hand-sanitizers/1005862_1071969_9011420"
            ]
        ]
    },
    {
        "title": "Michel Design Works Foaming Shea Butter Hand Soap 17.8 Oz. - Sweet Pumpkin",
        "url": "https://www.walmart.com/ip/Michel-Design-Works-Foaming-Shea-Butter-Hand-Soap-17-8-Oz-Sweet-Pumpkin/446164820",
        "price": "$17.55",
        "stars": 0,
        "ratings": 0,
        "img": "",
        "tags": []
    },
    {
        "title": "CVS Beauty 360 Liquid Hand Soap Refill, Citrus Fresh, 56 Fl Ounce (Pack of 2)",
        "url": "https://www.walmart.com/ip/CVS-Beauty-360-Liquid-Hand-Soap-Refill-Citrus-Fresh-56-Fl-Ounce-Pack-of-2/398822842",
        "price": "$28.99",
        "stars": 0,
        "ratings": 0,
        "img": "",
        "tags": []
    },
    {
        "title": "PACIFIC BLUE ULTRA SOAP/SANITIZER DISPENSER 1200 ML REFILL, 5.6\" X 4.4\" X 11.5\", BLACK",
        "url": "https://www.walmart.com/ip/PACIFIC-BLUE-ULTRA-SOAP-SANITIZER-DISPENSER-1200-ML-REFILL-5-6-X-4-4-X-11-5-BLACK/344012356",
        "price": "$33.20",
        "stars": 0,
        "ratings": 0,
        "img": "",
        "tags": [
            [
                "New in Hand Soaps",
                "/browse/personal-care/new-in-hand-soaps/1005862_1071969_2378679"
            ],
            [
                "Softsoap Hand Soap",
                "/browse/personal-care/softsoap-hand-soap/1005862_1071969_4092819"
            ],
            [
                "Method Hand Soaps",
                "/browse/personal-care/method-hand-soaps/1005862_9157053_5971217_4326791"
            ],
            [
                "Hand Sanitizing Wipes",
                "/browse/personal-care/hand-sanitizing-wipes/1005862_1071969_6886797"
            ],
            [
                "Stock up on Hand Wash",
                "/browse/personal-care/stock-up-hand-wash/1005862_1071969_7917529"
            ],
            [
                "Discover! Staff-Favorite Body Care",
                "/browse/personal-care/discover-staff-favorite-body-care/1005862_1071969_8051400"
            ],
            [
                "Hand Sanitizers",
                "/browse/personal-care/hand-sanitizers/1005862_1071969_9011420"
            ]
        ]
    },
    {
        "title": "Dial Gold Hand Soap with Moisturizer 1 Gallon Refill",
        "url": "https://www.walmart.com/ip/Dial-Gold-Hand-Soap-with-Moisturizer-1-Gallon-Refill/914682363",
        "price": "$58.00",
        "stars": 0,
        "ratings": 0,
        "img": "i5.walmartimages.com/asr/918f92f1-e3e1-4660-ad4c-5f66d43b184b.f65c93aa2ca24bdd405d44f5ec19497e.jpeg?odnWidth=612&odnHeight=612&odnBg=ffffff",
        "tags": []
    },
    {
        "title": "Dial Basics HypoAllergenic Foam Hand Soap",
        "url": "https://www.walmart.com/ip/Dial-Basics-HypoAllergenic-Foam-Hand-Soap/51947701",
        "price": "$29.28",
        "stars": 0,
        "ratings": 0,
        "img": "i5.walmartimages.com/asr/fcbde21b-f672-4297-b4ff-99ba5cf5a234_1.330f42111e961c8fd5b7a6724c42ac58.jpeg?odnWidth=612&odnHeight=612&odnBg=ffffff",
        "tags": [
            [
                "Body Wash & Shower Gel",
                "/browse/personal-care/body-wash-shower-gel/1005862_1071969_1074364"
            ],
            [
                "Stock up on Body Wash",
                "/browse/personal-care/stock-up-body-wash/1005862_1071969_1528860"
            ],
            [
                "New in Hand Soaps",
                "/browse/personal-care/new-in-hand-soaps/1005862_1071969_2378679"
            ],
            [
                "Method Hand Soaps",
                "/browse/personal-care/method-hand-soaps/1005862_9157053_5971217_4326791"
            ],
            [
                "Hand Sanitizing Wipes",
                "/browse/personal-care/hand-sanitizing-wipes/1005862_1071969_6886797"
            ],
            [
                "Stock up on Hand Wash",
                "/browse/personal-care/stock-up-hand-wash/1005862_1071969_7917529"
            ]
        ]
    },
    {
        "title": "Method Products Method Hand Wash, 12 oz",
        "url": "https://www.walmart.com/ip/Method-Products-Method-Hand-Wash-12-oz/323195719",
        "price": "$18.70",
        "stars": 0,
        "ratings": 0,
        "img": "i5.walmartimages.com/asr/c9ae276d-0168-4836-88f3-b4bb1eaebf87_1.4ac21c377397771be549fae52aff722c.jpeg?odnWidth=612&odnHeight=612&odnBg=ffffff",
        "tags": [
            [
                "Avalon Organics Body Care",
                "/browse/personal-care/avalon-organics-body-care/1005862_1071969_1496707"
            ],
            [
                "New in Hand Soaps",
                "/browse/personal-care/new-in-hand-soaps/1005862_1071969_2378679"
            ],
            [
                "Mrs Meyers Hand Soap",
                "/browse/personal-care/mrs-meyers-hand-soap/1005862_1071969_2434650"
            ],
            [
                "Method Hand Soaps",
                "/browse/personal-care/method-hand-soaps/1005862_9157053_5971217_4326791"
            ],
            [
                "Method Body Care",
                "/browse/personal-care/method-body-care/1005862_9157053_5971217_6006485"
            ],
            [
                "Stock up on Hand Wash",
                "/browse/personal-care/stock-up-hand-wash/1005862_1071969_7917529"
            ],
            [
                "Discover! Staff-Favorite Body Care",
                "/browse/personal-care/discover-staff-favorite-body-care/1005862_1071969_8051400"
            ]
        ]
    },
    {
        "title": "Softsoap Liquid Hand Soap, Coconut and Warm Ginger - 11.25 fluid ounce (6 Pack)",
        "url": "https://www.walmart.com/ip/Softsoap-Liquid-Hand-Soap-Coconut-and-Warm-Ginger-11-25-fluid-ounce-6-Pack/796856552",
        "price": "$59.99",
        "stars": 0,
        "ratings": 0,
        "img": "i5.walmartimages.com/asr/35bd3634-3e49-4c9e-9fd2-c37e0b36e331.d4eb39a63127a2ec12eb54eba72b8fee.jpeg?odnWidth=612&odnHeight=612&odnBg=ffffff",
        "tags": []
    },
    {
        "title": "2 Cases of 12 Pink Pearlized Liquid Lotion Hand Wash Soap 800-ml Dispenser Refill Pouch Bags (24 count)",
        "url": "https://www.walmart.com/ip/2-Cases-of-12-Pink-Pearlized-Liquid-Lotion-Hand-Wash-Soap-800-ml-Dispenser-Refill-Pouch-Bags-24-count/199868955",
        "price": "$124.99",
        "stars": 0,
        "ratings": 0,
        "img": "i5.walmartimages.com/asr/9353343c-e482-405a-a2c2-808a9715212c_1.26f06b2e7a6287da85a426efcbf9949b.jpeg?odnWidth=612&odnHeight=612&odnBg=ffffff",
        "tags": [
            [
                "Oxybenzone-Free Sunscreen",
                "/browse/personal-care/oxybenzone-free-sunscreen/1005862_1001508_1322666"
            ],
            [
                "Kids & Baby Sunscreen",
                "/browse/personal-care/kids-baby-sunscreen/1005862_1001508_1620920"
            ],
            [
                "Banana Boat",
                "/browse/personal-care/banana-boat/1005862_1001508_4153586"
            ],
            [
                "Tanning Lotions & Oils",
                "/browse/personal-care/tanning-lotions-oils/1005862_1001508_7306596"
            ],
            [
                "Stock up on Hand Wash",
                "/browse/personal-care/stock-up-hand-wash/1005862_1071969_7917529"
            ],
            [
                "Equate Sunscreen",
                "/browse/personal-care/equate-sunscreen/1005862_1001508_8079339"
            ],
            [
                "Sunscreen",
                "/browse/personal-care/sunscreen/1005862_1001508_8279042"
            ]
        ]
    },
    {
        "title": "Zep Heavy-Duty Hand Cleaner, 48 Oz",
        "url": "https://www.walmart.com/ip/Zep-Heavy-Duty-Hand-Cleaner-48-Oz/34118536",
        "price": "$18.88",
        "stars": "3.8",
        "ratings": "4 ",
        "img": "",
        "tags": [
            [
                "Georgia Pacific Professional",
                "/browse/industrial-scientific/georgia-pacific-professional/6197502_8279031_2540980"
            ],
            [
                "Commercial Soap & Lotion Dispensers",
                "/browse/industrial-scientific/commercial-soap-lotion-dispensers/6197502_5702707_5913598_4374266"
            ],
            [
                "Commercial Facial Tissue",
                "/browse/industrial-scientific/commercial-facial-tissue/6197502_5702707_7272148_4832100"
            ],
            [
                "Healthcare Essentials",
                "/browse/industrial-scientific/healthcare-essentials/6197502_3290676_6799753"
            ],
            [
                "Eco-Friendly Paper Towels",
                "/browse/industrial-scientific/eco-friendly-paper-towels/6197502_7664396_8367227_1613779_6995019"
            ],
            [
                "Commercial Disposable & Microfiber Cloths",
                "/browse/industrial-scientific/commercial-disposable-microfiber-cloths/6197502_5702707_3624741_7078952"
            ],
            [
                "Sanitary Product Receptacles",
                "/browse/industrial-scientific/sanitary-product-receptacles/6197502_5702707_5913598_8618659"
            ],
            [
                "Commercial Paper Towels",
                "/browse/industrial-scientific/commercial-paper-towels/6197502_5702707_7272148_9251584"
            ]
        ]
    }
]