[
    {
        "title": "Schmidt's Cedarwood + Juniper Natural Deodorant Stick, 2.65 oz",
        "url": "https://www.walmart.com/ip/Schmidt-s-Cedarwood-Juniper-Natural-Deodorant-Stick-2-65-oz/358356055",
        "price": "$6.98",
        "stars": "4.0",
        "ratings": "136 ",
        "img": "i5.walmartimages.com/asr/63958de0-c58d-46d4-9ed0-2a7a115ca81b.7b5bd0422b1e7154f11cb8640673eff8.jpeg?odnWidth=612&odnHeight=612&odnBg=ffffff",
        "tags": [
            [
                "Dove Deodorant & Antiperspirant",
                "/browse/personal-care/dove-deodorant-antiperspirant/1005862_1071969_1725145"
            ],
            [
                "Dove Personal Care",
                "/browse/personal-care/dove-personal-care/1005862_1071969_1999831"
            ],
            [
                "Men's Body Wash",
                "/browse/personal-care/mens-body-wash/1005862_1071969_2531574"
            ],
            [
                "Stock up on Deodorant & Antiperspirant",
                "/browse/personal-care/stock-up-deodorant-antiperspirant/1005862_1071969_1574874_2782018"
            ],
            [
                "Tom's of Maine Body Care",
                "/browse/personal-care/toms-of-maine-body-care/1005862_1071969_3789086"
            ],
            [
                "SheaMoisture Body Care",
                "/browse/personal-care/sheamoisture-body-care/1005862_1071969_4631744"
            ],
            [
                "Every Man Jack",
                "/browse/every-man-jack/1005862_5079639"
            ],
            [
                "Dove Men + Care",
                "/browse/dove-men-care/1005862_7983046"
            ]
        ]
    },
    {
        "title": "Axe Fresco Body Spray for Men, 4 Oz",
        "url": "https://www.walmart.com/ip/Axe-Fresco-Body-Spray-for-Men-4-Oz/745675010",
        "price": "$4.33",
        "stars": "4.5",
        "ratings": "24 ",
        "img": "i5.walmartimages.com/asr/4e394a9f-04d5-488b-832e-bea30aac830f_1.d292e2fcd92b0f89fae84a20f13634b6.jpeg?odnWidth=612&odnHeight=612&odnBg=ffffff",
        "tags": [
            [
                "Body Spray for Women",
                "/browse/beauty/body-spray-for-women/1085666_133225_1738248_2044069_1367318"
            ],
            [
                "Body & Hair Mists",
                "/browse/beauty/body-hair-mists/1085666_133225_4659649_3823478"
            ],
            [
                "Fragrance Restock",
                "/browse/beauty/fragrance-restock/1085666_6818441_4300089"
            ],
            [
                "Body Sprays",
                "/browse/beauty/body-sprays/1085666_7192911_7602314_5352062"
            ],
            [
                "Fresh Body Spray",
                "/browse/beauty/fresh-body-spray/1085666_133225_1738248_8629220_5766427"
            ],
            [
                "Best Men's Cologne",
                "/browse/beauty/best-mens-cologne/1085666_5994543_6850776"
            ],
            [
                "Axe",
                "/browse/beauty/axe/1085666_133225_1738248_1683039_9771642"
            ],
            [
                "Body Spray",
                "/browse/beauty/body-spray/1085666_133225_6873232_9987111"
            ]
        ]
    },
    {
        "title": "Curve Black for Men Deodorant Body Spray, 6.0 fl oz",
        "url": "https://www.walmart.com/ip/Curve-Black-for-Men-Deodorant-Body-Spray-6-0-fl-oz/946468678",
        "price": "$8.98",
        "stars": "3.0",
        "ratings": "1 ",
        "img": "i5.walmartimages.com/asr/05692964-aa66-49aa-a347-79acaf044822_1.ce1c231eeb8ebb41ddad03ae8cab4646.jpeg?odnWidth=612&odnHeight=612&odnBg=ffffff",
        "tags": [
            [
                "Body Spray for Women",
                "/browse/beauty/body-spray-for-women/1085666_133225_1738248_2044069_1367318"
            ],
            [
                "Curve Men's Fragrances",
                "/browse/beauty/curve-mens-fragrances/1085666_3316357_5289297_3656800"
            ],
            [
                "Body & Hair Mists",
                "/browse/beauty/body-hair-mists/1085666_133225_4659649_3823478"
            ],
            [
                "Fragrance Restock",
                "/browse/beauty/fragrance-restock/1085666_6818441_4300089"
            ],
            [
                "Body Sprays",
                "/browse/beauty/body-sprays/1085666_7192911_7602314_5352062"
            ],
            [
                "Fresh Body Spray",
                "/browse/beauty/fresh-body-spray/1085666_133225_1738248_8629220_5766427"
            ],
            [
                "Fresh Cologne",
                "/browse/beauty/fresh-cologne/1085666_133225_6873232_3235812_8418381"
            ],
            [
                "Body Spray",
                "/browse/beauty/body-spray/1085666_133225_6873232_9987111"
            ]
        ]
    },
    {
        "title": "Secret Invisible Solid Antiperspirant Deodorant Berry 2.6 oz",
        "url": "https://www.walmart.com/ip/Secret-Invisible-Solid-Antiperspirant-Deodorant-Berry-2-6-oz/15543952",
        "price": "$5.49",
        "stars": "4.3",
        "ratings": "501 ",
        "img": "i5.walmartimages.com/asr/0443eed6-b6bc-42c9-814a-dd0a408e037e_1.df145602f8af8854c31375d23ff72735.jpeg?odnWidth=612&odnHeight=612&odnBg=ffffff",
        "tags": [
            [
                "Fragrance Restock",
                "/browse/beauty/fragrance-restock/1085666_6818441_4300089"
            ],
            [
                "Body Sprays",
                "/browse/beauty/body-sprays/1085666_7192911_7602314_5352062"
            ],
            [
                "Gym Ready Beauty",
                "/browse/gym-ready-beauty/1085666_5448720"
            ],
            [
                "Fresh Body Spray",
                "/browse/beauty/fresh-body-spray/1085666_133225_1738248_8629220_5766427"
            ],
            [
                "Bod Man",
                "/browse/beauty/bod-man/1085666_133225_1738248_1683039_5922539"
            ],
            [
                "Old Spice Cologne",
                "/browse/beauty/old-spice-cologne/1085666_133225_1502765_9246600"
            ],
            [
                "Floral Body Spray",
                "/browse/beauty/floral-body-spray/1085666_133225_1738248_8629220_9772233"
            ],
            [
                "Body Spray",
                "/browse/beauty/body-spray/1085666_133225_6873232_9987111"
            ]
        ]
    },
    {
        "title": "Speed Stick Deodorant, Regular Scent for Men, 2 Oz (1) (1)",
        "url": "https://www.walmart.com/ip/Speed-Stick-Deodorant-Regular-Scent-for-Men-2-Oz-1-1/328015132",
        "price": "$1.59",
        "stars": 0,
        "ratings": 0,
        "img": "",
        "tags": [
            [
                "Deodorants & Antiperspirants",
                "/browse/deodorants-antiperspirants/1005862_1001487"
            ],
            [
                "Men's Body Wash",
                "/browse/personal-care/mens-body-wash/1005862_1071969_2531574"
            ],
            [
                "Stock up on Deodorant & Antiperspirant",
                "/browse/personal-care/stock-up-deodorant-antiperspirant/1005862_1071969_1574874_2782018"
            ],
            [
                "Old Spice Body Wash & Deodorants",
                "/browse/personal-care/old-spice-body-wash-deodorants/1005862_1071969_6362250"
            ],
            [
                "Dove Men + Care",
                "/browse/dove-men-care/1005862_7983046"
            ],
            [
                "Men's Personal Care",
                "/browse/mens-personal-care/1005862_8928973"
            ]
        ]
    },
    {
        "title": "Secret Invisible Solid Antiperspirant Deodorant Citrus 2.6 oz",
        "url": "https://www.walmart.com/ip/Secret-Invisible-Solid-Antiperspirant-Deodorant-Citrus-2-6-oz/34996815",
        "price": "$5.49",
        "stars": "4.5",
        "ratings": "195 ",
        "img": "i5.walmartimages.com/asr/88adb00a-b00c-4c0e-8d1c-321df0bdb516_1.17cfa30defeec06766c9018bd9484ab7.jpeg?odnWidth=612&odnHeight=612&odnBg=ffffff",
        "tags": [
            [
                "Body Spray for Women",
                "/browse/beauty/body-spray-for-women/1085666_133225_1738248_2044069_1367318"
            ],
            [
                "Body & Hair Mists",
                "/browse/beauty/body-hair-mists/1085666_133225_4659649_3823478"
            ],
            [
                "Fragrance Restock",
                "/browse/beauty/fragrance-restock/1085666_6818441_4300089"
            ],
            [
                "Body Sprays",
                "/browse/beauty/body-sprays/1085666_7192911_7602314_5352062"
            ],
            [
                "Gym Ready Beauty",
                "/browse/gym-ready-beauty/1085666_5448720"
            ],
            [
                "Bod Man",
                "/browse/beauty/bod-man/1085666_133225_1738248_1683039_5922539"
            ],
            [
                "Fragrance Bestsellers",
                "/browse/beauty/fragrance-bestsellers/1085666_4820682_1622692_2111965_5448597_9287369"
            ],
            [
                "Floral Body Spray",
                "/browse/beauty/floral-body-spray/1085666_133225_1738248_8629220_9772233"
            ]
        ]
    },
    {
        "title": "2 Pack - Almay Anti-Perspirant & Deodorant Fragrance Free Clear Gel 2.25 oz",
        "url": "https://www.walmart.com/ip/2-Pack-Almay-Anti-Perspirant-Deodorant-Fragrance-Free-Clear-Gel-2-25-oz/202487277",
        "price": "$9.65",
        "stars": "5.0",
        "ratings": "5 ",
        "img": "i5.walmartimages.com/asr/880d9715-0160-474f-ad76-a823804eaf99_1.e6e7aa83cde5f4c10730bcb47f753aee.jpeg?odnWidth=612&odnHeight=612&odnBg=ffffff",
        "tags": [
            [
                "Feminine Washes",
                "/browse/personal-care/feminine-washes/1005862_1091866_1224836"
            ],
            [
                "Dove Deodorant & Antiperspirant",
                "/browse/personal-care/dove-deodorant-antiperspirant/1005862_1071969_1725145"
            ],
            [
                "Dove Personal Care",
                "/browse/personal-care/dove-personal-care/1005862_1071969_1999831"
            ],
            [
                "Men's Bath & Body",
                "/browse/personal-care/mens-bath-body/1005862_1056884_2325953"
            ],
            [
                "Tom's of Maine Body Care",
                "/browse/personal-care/toms-of-maine-body-care/1005862_1071969_3789086"
            ],
            [
                "Clinical Strength Antiperspirants",
                "/browse/personal-care/clinical-strength-antiperspirants/1005862_1071969_3942179"
            ],
            [
                "Men's Personal Care",
                "/browse/mens-personal-care/1005862_8928973"
            ]
        ]
    },
    {
        "title": "Ban Simply Clean Roll-On Deodorant 3.5 oz",
        "url": "https://www.walmart.com/ip/Ban-Simply-Clean-Roll-On-Deodorant-3-5-oz/46907485",
        "price": "$5.82",
        "stars": "4.3",
        "ratings": "152 ",
        "img": "i5.walmartimages.com/asr/3ebc105e-802b-4d6d-b211-8658b40e2fba_1.9e71038ccd9a6af36916aa19a29c0890.png?odnWidth=612&odnHeight=612&odnBg=ffffff",
        "tags": [
            [
                "Dove Deodorant & Antiperspirant",
                "/browse/personal-care/dove-deodorant-antiperspirant/1005862_1071969_1725145"
            ],
            [
                "Tom's of Maine Body Care",
                "/browse/personal-care/toms-of-maine-body-care/1005862_1071969_3789086"
            ],
            [
                "Clinical Strength Antiperspirants",
                "/browse/personal-care/clinical-strength-antiperspirants/1005862_1071969_3942179"
            ],
            [
                "Every Man Jack",
                "/browse/every-man-jack/1005862_5079639"
            ],
            [
                "EO Everyone Body Care",
                "/browse/personal-care/eo-everyone-body-care/1005862_1071969_5123759"
            ],
            [
                "Tom's of Maine",
                "/browse/personal-care/toms-of-maine/1005862_9157053_6295630"
            ],
            [
                "Dove Men + Care",
                "/browse/dove-men-care/1005862_7983046"
            ]
        ]
    },
    {
        "title": "Victoria's Secret Pure Seduction Fragrance Mist for Women, 8.4 Oz",
        "url": "https://www.walmart.com/ip/Victoria-s-Secret-Pure-Seduction-Fragrance-Mist-for-Women-8-4-Oz/142733671",
        "price": "$12.98",
        "stars": "4.4",
        "ratings": "13 ",
        "img": "i5.walmartimages.com/asr/3ff95d71-9c8f-4a0c-8898-5eeed7dc70ea_1.d77656932250752aa3961c9b61d5e485.jpeg?odnWidth=612&odnHeight=612&odnBg=ffffff",
        "tags": [
            [
                "Premium Body Lotions",
                "/browse/premium-beauty/premium-body-lotions/7924299_3571844_2750347"
            ],
            [
                "Premium Body Sprays",
                "/browse/premium-beauty/premium-body-sprays/7924299_9678309_3759918"
            ],
            [
                "Perfumes",
                "/browse/premium-beauty/perfumes/7924299_7451592_1960947_5093012"
            ],
            [
                "Juicy Couture Perfume",
                "/browse/premium-beauty/juicy-couture-perfume/7924299_9882925_5419426"
            ],
            [
                "Premium Beauty Value Sizes & Kits",
                "/browse/premium-beauty-value-sizes-kits/7924299_8303703"
            ],
            [
                "Gucci Perfume",
                "/browse/premium-beauty/gucci-perfume/7924299_9882925_8643738_8791299"
            ],
            [
                "Premium Hand Lotions & Foot Creams",
                "/browse/premium-beauty/premium-hand-lotions-foot-creams/7924299_3571844_9058859"
            ]
        ]
    },
    {
        "title": "Secret Clinical Strength Antiperspirant and Deodorant for Women Clear Gel, Clean Lavender 1.6 oz",
        "url": "https://www.walmart.com/ip/Secret-Clinical-Strength-Antiperspirant-and-Deodorant-for-Women-Clear-Gel-Clean-Lavender-1-6-oz/33964797",
        "price": "$10.99",
        "stars": "4.0",
        "ratings": "887 ",
        "img": "i5.walmartimages.com/asr/7683c31e-bafd-46d5-9a9a-49ee0fd258d1_1.a207e0e3fe744f1b6dfec6905a78a693.jpeg?odnWidth=612&odnHeight=612&odnBg=ffffff",
        "tags": [
            [
                "Deodorants & Antiperspirants",
                "/browse/deodorants-antiperspirants/1005862_1001487"
            ],
            [
                "Dove Deodorant & Antiperspirant",
                "/browse/personal-care/dove-deodorant-antiperspirant/1005862_1071969_1725145"
            ],
            [
                "Men's Body Wash",
                "/browse/personal-care/mens-body-wash/1005862_1071969_2531574"
            ],
            [
                "Clinical Strength Antiperspirants",
                "/browse/personal-care/clinical-strength-antiperspirants/1005862_1071969_3942179"
            ],
            [
                "Old Spice Body Wash & Deodorants",
                "/browse/personal-care/old-spice-body-wash-deodorants/1005862_1071969_6362250"
            ],
            [
                "Dove Men + Care",
                "/browse/dove-men-care/1005862_7983046"
            ],
            [
                "Men's Personal Care",
                "/browse/mens-personal-care/1005862_8928973"
            ]
        ]
    }
]