[
    {
        "title": "Floss Aid Bridgeaid Floss Threader 1000/bx",
        "url": "https://www.walmart.com/ip/Floss-Aid-Bridgeaid-Floss-Threader-1000-bx/832708730",
        "price": "$35.99",
        "stars": 0,
        "ratings": 0,
        "img": "",
        "tags": [
            [
                "All Dental Floss",
                "/browse/personal-care/all-dental-floss/1005862_1007221_1044031_2443344"
            ],
            [
                "All Water Flossers",
                "/browse/personal-care/all-water-flossers/1005862_1007221_1024682_3052677"
            ],
            [
                "Floss Picks",
                "/browse/personal-care/floss-picks/1005862_1007221_1044031_4600948"
            ],
            [
                "String Floss",
                "/browse/personal-care/string-floss/1005862_1007221_1044031_7062539"
            ],
            [
                "Interdental Brushes",
                "/browse/personal-care/interdental-brushes/1005862_1007221_1044031_7314366"
            ],
            [
                "Glide Floss",
                "/browse/personal-care/glide-floss/1005862_1007221_1044031_8431069"
            ]
        ]
    },
    {
        "title": "Variety Replacement Tips for Waterpik Water Flosser & Other Oral Irrigators 9-Pack",
        "url": "https://www.walmart.com/ip/Variety-Replacement-Tips-for-Waterpik-Water-Flosser-Other-Oral-Irrigators-9-Pack/252842313",
        "price": "$14.99",
        "stars": 0,
        "ratings": 0,
        "img": "i5.walmartimages.com/asr/fb643a39-f801-42ac-9905-83f1573800c5_1.6808bad94d1b48b283380fb712d7d56f.jpeg?odnWidth=612&odnHeight=612&odnBg=ffffff",
        "tags": [
            [
                "All Toothbrush Replacement Heads",
                "/browse/personal-care/all-toothbrush-replacement-heads/1005862_1007221_2709578_1225307_1835221"
            ],
            [
                "All Dental Floss",
                "/browse/personal-care/all-dental-floss/1005862_1007221_1044031_2443344"
            ],
            [
                "Braces Floss",
                "/browse/personal-care/braces-floss/1005862_1007221_1044031_3779853"
            ],
            [
                "All Waterpik",
                "/browse/personal-care/all-waterpik/1005862_1007221_1024682_5270254_4545814"
            ],
            [
                "Floss Picks",
                "/browse/personal-care/floss-picks/1005862_1007221_1044031_4600948"
            ],
            [
                "Waterpik Replacement Tips",
                "/browse/personal-care/waterpik-replacement-tips/1005862_1007221_1024682_5270254_8312810"
            ]
        ]
    },
    {
        "title": "6 Pack - Easy Reach Floss Picks 75 Each",
        "url": "https://www.walmart.com/ip/6-Pack-Easy-Reach-Floss-Picks-75-Each/953622657",
        "price": "$18.55",
        "stars": 0,
        "ratings": 0,
        "img": "i5.walmartimages.com/asr/7d7b674a-294e-4d10-8c39-83dddea63592_1.badc7b1fc803ebfb77d1ca0f3588ae1c.jpeg?odnWidth=612&odnHeight=612&odnBg=ffffff",
        "tags": [
            [
                "All Dental Floss",
                "/browse/personal-care/all-dental-floss/1005862_1007221_1044031_2443344"
            ],
            [
                "All Water Flossers",
                "/browse/personal-care/all-water-flossers/1005862_1007221_1024682_3052677"
            ],
            [
                "Braces Floss",
                "/browse/personal-care/braces-floss/1005862_1007221_1044031_3779853"
            ],
            [
                "All Waterpik",
                "/browse/personal-care/all-waterpik/1005862_1007221_1024682_5270254_4545814"
            ],
            [
                "Waterpik Replacement Tips",
                "/browse/personal-care/waterpik-replacement-tips/1005862_1007221_1024682_5270254_8312810"
            ],
            [
                "Glide Floss",
                "/browse/personal-care/glide-floss/1005862_1007221_1044031_8431069"
            ]
        ]
    },
    {
        "title": "WaterPik Cordless Advanced Flosser, Black",
        "url": "https://www.walmart.com/ip/WaterPik-Cordless-Advanced-Flosser-Black/156491613",
        "price": "$104.77",
        "stars": "4.0",
        "ratings": "33 ",
        "img": "i5.walmartimages.com/asr/269234e4-475a-405d-bc78-d8dbff456d67_1.ed96b5386899cec60893bb3188856bd3.jpeg?odnWidth=612&odnHeight=612&odnBg=ffffff",
        "tags": [
            [
                "U by Kotex Panty Liners",
                "/browse/personal-care/u-by-kotex-panty-liners/1005862_1091866_1598550_1808225"
            ],
            [
                "All Water Flossers",
                "/browse/personal-care/all-water-flossers/1005862_1007221_1024682_3052677"
            ],
            [
                "Braces Floss",
                "/browse/personal-care/braces-floss/1005862_1007221_1044031_3779853"
            ],
            [
                "Floss Picks",
                "/browse/personal-care/floss-picks/1005862_1007221_1044031_4600948"
            ],
            [
                "Panasonic Electric Shavers",
                "/browse/personal-care/panasonic-electric-shavers/1005862_1007220_5499086"
            ],
            [
                "All Electric Shavers",
                "/browse/personal-care/all-electric-shavers/1005862_1007220_6936955"
            ],
            [
                "Depend",
                "/browse/personal-care/depend/1005862_1225655_1353025_7353328"
            ],
            [
                "Depend for Men",
                "/browse/personal-care/depend-for-men/1005862_1225655_1353025_8923748"
            ]
        ]
    },
    {
        "title": "50/100\u00a0Interdental\u00a0Brush\u00a0Toothpick\u00a0Cleaners\u00a0Floss\u00a0Cleaning\u00a0Heads\u00a0Oral\u00a0Hygiene\u00a0Brushes\u00a0Dental\u00a0Cleaning\u00a0Tools",
        "url": "https://www.walmart.com/ip/50-100-nbsp-Interdental-nbsp-Brush-nbsp-Toothpick-nbsp-Cleaners-nbsp-Floss-nbsp-Cleaning-nbsp-Heads-nbsp-Oral-nbsp-Hygiene-nbsp-Brushes-nbsp-Dental-n/752180004",
        "price": "$11.57",
        "stars": 0,
        "ratings": 0,
        "img": "",
        "tags": [
            [
                "Braces Floss",
                "/browse/personal-care/braces-floss/1005862_1007221_1044031_3779853"
            ],
            [
                "Floss Picks",
                "/browse/personal-care/floss-picks/1005862_1007221_1044031_4600948"
            ],
            [
                "All Dry Mouth Mouthwash",
                "/browse/personal-care/all-dry-mouth-mouthwash/1005862_1007221_1007360_8361519_5654027"
            ],
            [
                "String Floss",
                "/browse/personal-care/string-floss/1005862_1007221_1044031_7062539"
            ],
            [
                "Interdental Brushes",
                "/browse/personal-care/interdental-brushes/1005862_1007221_1044031_7314366"
            ],
            [
                "All Mouthwash",
                "/browse/personal-care/all-mouthwash/1005862_1007221_1007360_7390687"
            ]
        ]
    },
    {
        "title": "2 Pack - DenTek Slim Brush, Extra Tight, Mouthwash Blast 32 Each",
        "url": "https://www.walmart.com/ip/2-Pack-DenTek-Slim-Brush-Extra-Tight-Mouthwash-Blast-32-Each/398450687",
        "price": "$9.64",
        "stars": "4.0",
        "ratings": "1 ",
        "img": "",
        "tags": [
            [
                "Braces Floss",
                "/browse/personal-care/braces-floss/1005862_1007221_1044031_3779853"
            ],
            [
                "Floss Picks",
                "/browse/personal-care/floss-picks/1005862_1007221_1044031_4600948"
            ],
            [
                "All Dry Mouth Mouthwash",
                "/browse/personal-care/all-dry-mouth-mouthwash/1005862_1007221_1007360_8361519_5654027"
            ],
            [
                "String Floss",
                "/browse/personal-care/string-floss/1005862_1007221_1044031_7062539"
            ],
            [
                "Interdental Brushes",
                "/browse/personal-care/interdental-brushes/1005862_1007221_1044031_7314366"
            ],
            [
                "All Mouthwash",
                "/browse/personal-care/all-mouthwash/1005862_1007221_1007360_7390687"
            ]
        ]
    },
    {
        "title": "Glide 3D White Floss Picks, Radiant Mint 75 ea (Pack of 3)",
        "url": "https://www.walmart.com/ip/Glide-3D-White-Floss-Picks-Radiant-Mint-75-ea-Pack-of-3/45023143",
        "price": "$16.47",
        "stars": 0,
        "ratings": 0,
        "img": "i5.walmartimages.com/asr/186ba7b0-dbef-4efc-a66f-920a3dfd2d40_1.c02b8b4910d613367695aee9168b9a2a.jpeg?odnWidth=612&odnHeight=612&odnBg=ffffff",
        "tags": [
            [
                "All Dental Floss",
                "/browse/personal-care/all-dental-floss/1005862_1007221_1044031_2443344"
            ],
            [
                "All Water Flossers",
                "/browse/personal-care/all-water-flossers/1005862_1007221_1024682_3052677"
            ],
            [
                "Braces Floss",
                "/browse/personal-care/braces-floss/1005862_1007221_1044031_3779853"
            ],
            [
                "All Waterpik",
                "/browse/personal-care/all-waterpik/1005862_1007221_1024682_5270254_4545814"
            ],
            [
                "Waterpik Replacement Tips",
                "/browse/personal-care/waterpik-replacement-tips/1005862_1007221_1024682_5270254_8312810"
            ],
            [
                "Glide Floss",
                "/browse/personal-care/glide-floss/1005862_1007221_1044031_8431069"
            ]
        ]
    },
    {
        "title": "DenTek Comfort Clean Floss Picks, 150 Count Each",
        "url": "https://www.walmart.com/ip/DenTek-Comfort-Clean-Floss-Picks-150-Count-Each/423202650",
        "price": "$7.81",
        "stars": "4.7",
        "ratings": "47 ",
        "img": "i5.walmartimages.com/asr/20e1011f-17fb-4821-94ca-09b906662a5a_1.9f1ae5436b893f46977259525fb516fc.jpeg?odnWidth=612&odnHeight=612&odnBg=ffffff",
        "tags": [
            [
                "All Dental Floss",
                "/browse/personal-care/all-dental-floss/1005862_1007221_1044031_2443344"
            ],
            [
                "All Water Flossers",
                "/browse/personal-care/all-water-flossers/1005862_1007221_1024682_3052677"
            ],
            [
                "Plackers Floss",
                "/browse/personal-care/plackers-floss/1005862_1007221_1044031_3433293"
            ],
            [
                "Braces Floss",
                "/browse/personal-care/braces-floss/1005862_1007221_1044031_3779853"
            ],
            [
                "All Waterpik",
                "/browse/personal-care/all-waterpik/1005862_1007221_1024682_5270254_4545814"
            ],
            [
                "Waterpik Replacement Tips",
                "/browse/personal-care/waterpik-replacement-tips/1005862_1007221_1024682_5270254_8312810"
            ]
        ]
    },
    {
        "title": "200Pcs/Box Floss Interdental Brush Stick Toothpick Soft Silicone Double-ended Tooth Picks Oral Care",
        "url": "https://www.walmart.com/ip/200Pcs-Box-Floss-Interdental-Brush-Stick-Toothpick-Soft-Silicone-Double-ended-Tooth-Picks-Oral-Care/316793576",
        "price": "$9.99",
        "stars": "1.0",
        "ratings": "1 ",
        "img": "i5.walmartimages.com/asr/0384c49a-bb46-42cf-98e0-f1c35cbc2c09_1.e9179ccfbc29dcb9a8c6046b91bb7bdb.jpeg?odnWidth=612&odnHeight=612&odnBg=ffffff",
        "tags": [
            [
                "All Oral Accessories",
                "/browse/personal-care/all-oral-accessories/1005862_1007221_1044029_1891099"
            ],
            [
                "All Dental Floss",
                "/browse/personal-care/all-dental-floss/1005862_1007221_1044031_2443344"
            ],
            [
                "All Water Flossers",
                "/browse/personal-care/all-water-flossers/1005862_1007221_1024682_3052677"
            ],
            [
                "Floss Picks",
                "/browse/personal-care/floss-picks/1005862_1007221_1044031_4600948"
            ],
            [
                "Interdental Brushes",
                "/browse/personal-care/interdental-brushes/1005862_1007221_1044031_7314366"
            ]
        ]
    },
    {
        "title": "Electric Dental Scaler Tooth, Tartar Plaque Stain Remover Cleaner Polisher Teeth Whitening Tool",
        "url": "https://www.walmart.com/ip/Electric-Dental-Scaler-Tooth-Tartar-Plaque-Stain-Remover-Cleaner-Polisher-Teeth-Whitening-Tool/737880197",
        "price": "$14.98",
        "stars": 0,
        "ratings": 0,
        "img": "",
        "tags": [
            [
                "All Oral Accessories",
                "/browse/personal-care/all-oral-accessories/1005862_1007221_1044029_1891099"
            ],
            [
                "Crest",
                "/browse/personal-care/crest/1005862_9157053_2014962"
            ],
            [
                "All Whitening Strips",
                "/browse/personal-care/all-whitening-strips/1005862_1007221_1044034_1298483_4448175"
            ],
            [
                "Crest Whitening Strips",
                "/browse/personal-care/crest-whitening-strips/1005862_1007221_1044034_1298483_5708395"
            ],
            [
                "Charcoal Teeth Whitening",
                "/browse/personal-care/charcoal-teeth-whitening/1005862_1007221_1044034_7958074"
            ],
            [
                "All Toothpaste",
                "/browse/personal-care/all-toothpaste/1005862_1007221_1023020_8164419"
            ]
        ]
    }
]