[
    {
        "title": "6 Pack - DenTek Comfort Clean Floss Picks, 150 Count Each",
        "url": "https://www.walmart.com/ip/6-Pack-DenTek-Comfort-Clean-Floss-Picks-150-Count-Each/856427205",
        "price": "$25.83",
        "stars": "4.7",
        "ratings": "47 ",
        "img": "i5.walmartimages.com/asr/331dd413-5682-4b9f-a3d1-09ed33f5afa8_1.b88a2974fed1198dfa96a66aec56f81c.jpeg?odnWidth=612&odnHeight=612&odnBg=ffffff",
        "tags": [
            [
                "Listerine",
                "/browse/personal-care/listerine/1005862_9157053_2941559"
            ],
            [
                "Plackers Floss",
                "/browse/personal-care/plackers-floss/1005862_1007221_1044031_3433293"
            ],
            [
                "Braces Floss",
                "/browse/personal-care/braces-floss/1005862_1007221_1044031_3779853"
            ],
            [
                "Floss Picks",
                "/browse/personal-care/floss-picks/1005862_1007221_1044031_4600948"
            ],
            [
                "String Floss",
                "/browse/personal-care/string-floss/1005862_1007221_1044031_7062539"
            ],
            [
                "Glide Floss",
                "/browse/personal-care/glide-floss/1005862_1007221_1044031_8431069"
            ]
        ]
    },
    {
        "title": "HOTBEST 50/100 Interdental Brush Toothpick Cleaners Floss Cleaning Heads Oral Hygiene Brushes Dental Cleaning Tools",
        "url": "https://www.walmart.com/ip/HOTBEST-50-100-Interdental-Brush-Toothpick-Cleaners-Floss-Cleaning-Heads-Oral-Hygiene-Brushes-Dental-Cleaning-Tools/356771477",
        "price": "$9.88",
        "stars": "5.0",
        "ratings": "1 ",
        "img": "",
        "tags": [
            [
                "Listerine",
                "/browse/personal-care/listerine/1005862_9157053_2941559"
            ],
            [
                "Plackers Floss",
                "/browse/personal-care/plackers-floss/1005862_1007221_1044031_3433293"
            ],
            [
                "Braces Floss",
                "/browse/personal-care/braces-floss/1005862_1007221_1044031_3779853"
            ],
            [
                "Floss Picks",
                "/browse/personal-care/floss-picks/1005862_1007221_1044031_4600948"
            ],
            [
                "String Floss",
                "/browse/personal-care/string-floss/1005862_1007221_1044031_7062539"
            ],
            [
                "Glide Floss",
                "/browse/personal-care/glide-floss/1005862_1007221_1044031_8431069"
            ]
        ]
    },
    {
        "title": "5 Pack - DenTek Comfort Clean Floss Picks, 150 Count Each",
        "url": "https://www.walmart.com/ip/5-Pack-DenTek-Comfort-Clean-Floss-Picks-150-Count-Each/120539221",
        "price": "$22.83",
        "stars": "4.7",
        "ratings": "47 ",
        "img": "i5.walmartimages.com/asr/609e7e69-4549-44f3-8b9a-c9bf5bb8808d_1.f96e1ffa7ab568eb159ecd102cd64551.jpeg?odnWidth=612&odnHeight=612&odnBg=ffffff",
        "tags": [
            [
                "All Dental Floss",
                "/browse/personal-care/all-dental-floss/1005862_1007221_1044031_2443344"
            ],
            [
                "All Water Flossers",
                "/browse/personal-care/all-water-flossers/1005862_1007221_1024682_3052677"
            ],
            [
                "Braces Floss",
                "/browse/personal-care/braces-floss/1005862_1007221_1044031_3779853"
            ],
            [
                "All Waterpik",
                "/browse/personal-care/all-waterpik/1005862_1007221_1024682_5270254_4545814"
            ],
            [
                "Waterpik Replacement Tips",
                "/browse/personal-care/waterpik-replacement-tips/1005862_1007221_1024682_5270254_8312810"
            ],
            [
                "Glide Floss",
                "/browse/personal-care/glide-floss/1005862_1007221_1044031_8431069"
            ]
        ]
    },
    {
        "title": "Dr Fresh Velocity Kool Floss Waxed toothpicks 60 Count (4 packs)",
        "url": "https://www.walmart.com/ip/Dr-Fresh-Velocity-Kool-Floss-Waxed-toothpicks-60-Count-4-packs/781257372",
        "price": "$12.95",
        "stars": 0,
        "ratings": 0,
        "img": "i5.walmartimages.com/asr/c17cd22f-c343-4330-8c8b-1144d30fb6a1_1.fe3dfe2bc1c92c3c9b58382c898d3066.jpeg?odnWidth=612&odnHeight=612&odnBg=ffffff",
        "tags": [
            [
                "All Dental Floss",
                "/browse/personal-care/all-dental-floss/1005862_1007221_1044031_2443344"
            ],
            [
                "All Water Flossers",
                "/browse/personal-care/all-water-flossers/1005862_1007221_1024682_3052677"
            ],
            [
                "Braces Floss",
                "/browse/personal-care/braces-floss/1005862_1007221_1044031_3779853"
            ],
            [
                "All Waterpik",
                "/browse/personal-care/all-waterpik/1005862_1007221_1024682_5270254_4545814"
            ],
            [
                "Waterpik Replacement Tips",
                "/browse/personal-care/waterpik-replacement-tips/1005862_1007221_1024682_5270254_8312810"
            ],
            [
                "Glide Floss",
                "/browse/personal-care/glide-floss/1005862_1007221_1044031_8431069"
            ]
        ]
    },
    {
        "title": "15Pcs/box Cleaning Toothpick L Shape Push-Pull Interdental Brush Oral Care Cleaning Brush Orthodontic Toothpick Tooth",
        "url": "https://www.walmart.com/ip/15Pcs-box-Cleaning-Toothpick-L-Shape-Push-Pull-Interdental-Brush-Oral-Care-Cleaning-Brush-Orthodontic-Toothpick-Tooth/240773814",
        "price": "$9.47",
        "stars": 0,
        "ratings": 0,
        "img": "i5.walmartimages.com/asr/dead6b24-9df8-431e-ac83-4360476ebbce_1.883a67d1596c12df498bb91903f2bbe0.jpeg?odnWidth=612&odnHeight=612&odnBg=ffffff",
        "tags": [
            [
                "All Dental Floss",
                "/browse/personal-care/all-dental-floss/1005862_1007221_1044031_2443344"
            ],
            [
                "All Water Flossers",
                "/browse/personal-care/all-water-flossers/1005862_1007221_1024682_3052677"
            ],
            [
                "All Waterpik",
                "/browse/personal-care/all-waterpik/1005862_1007221_1024682_5270254_4545814"
            ],
            [
                "Floss Picks",
                "/browse/personal-care/floss-picks/1005862_1007221_1044031_4600948"
            ],
            [
                "Interdental Brushes",
                "/browse/personal-care/interdental-brushes/1005862_1007221_1044031_7314366"
            ]
        ]
    },
    {
        "title": "Tartar Remover for Teeth,Portable 5 in 1 LED Plaque Remover, Dental Tools Teeth Stain Remover,Dental Calculus Remover with Dental Floss Mirror and Tweezer",
        "url": "https://www.walmart.com/ip/Tartar-Remover-Teeth-Portable-5-1-LED-Plaque-Remover-Dental-Tools-Teeth-Stain-Remover-Dental-Calculus-Floss-Mirror-Tweezer/713011338",
        "price": "$19.99",
        "stars": "3.3",
        "ratings": "3 ",
        "img": "i5.walmartimages.com/asr/008eb565-ce11-450a-b99e-7bb66e2e079b_1.8809cbdcc04740c0c27198ee0f3785e6.jpeg?odnWidth=612&odnHeight=612&odnBg=ffffff",
        "tags": [
            [
                "Epilators & Shavers",
                "/browse/personal-care/epilators-shavers/1005862_1007220_1653256"
            ],
            [
                "All Dental Floss",
                "/browse/personal-care/all-dental-floss/1005862_1007221_1044031_2443344"
            ],
            [
                "Braces Floss",
                "/browse/personal-care/braces-floss/1005862_1007221_1044031_3779853"
            ],
            [
                "All Teeth Whitening",
                "/browse/personal-care/all-teeth-whitening/1005862_1007221_1044034_5073174"
            ],
            [
                "Denture Cleaner",
                "/browse/personal-care/denture-cleaner/1005862_1007221_5102904"
            ],
            [
                "All Hair Clippers",
                "/browse/personal-care/all-hair-clippers/1005862_1007220_9199070_8636521"
            ]
        ]
    },
    {
        "title": "Waterpik Ultra Plus & Nano Plus Water Flosser Combo",
        "url": "https://www.walmart.com/ip/Waterpik-Ultra-Plus-Nano-Plus-Water-Flosser-Combo/879231722",
        "price": "$98.00",
        "stars": "4.5",
        "ratings": "76 ",
        "img": "i5.walmartimages.com/asr/2a970219-2bf1-43fd-b1b7-8061f211a652.602f2c20812cf77e0a2ce80977d03ee3.jpeg?odnWidth=612&odnHeight=612&odnBg=ffffff",
        "tags": [
            [
                "All Toothbrush Replacement Heads",
                "/browse/personal-care/all-toothbrush-replacement-heads/1005862_1007221_2709578_1225307_1835221"
            ],
            [
                "All Water Flossers",
                "/browse/personal-care/all-water-flossers/1005862_1007221_1024682_3052677"
            ],
            [
                "Braces Floss",
                "/browse/personal-care/braces-floss/1005862_1007221_1044031_3779853"
            ],
            [
                "Floss Picks",
                "/browse/personal-care/floss-picks/1005862_1007221_1044031_4600948"
            ],
            [
                "Waterpik Replacement Tips",
                "/browse/personal-care/waterpik-replacement-tips/1005862_1007221_1024682_5270254_8312810"
            ]
        ]
    },
    {
        "title": "DenTek Comfort Clean Silk Floss Picks 90 Each (Pack of 3)",
        "url": "https://www.walmart.com/ip/DenTek-Comfort-Clean-Silk-Floss-Picks-90-Each-Pack-of-3/44604592",
        "price": "$10.79",
        "stars": "5.0",
        "ratings": "1 ",
        "img": "i5.walmartimages.com/asr/65d8213e-2366-49f6-9b9c-8d43e61ca12c_1.313a0b58b7f82827bf726943a6720ceb.jpeg?odnWidth=612&odnHeight=612&odnBg=ffffff",
        "tags": [
            [
                "All Dental Floss",
                "/browse/personal-care/all-dental-floss/1005862_1007221_1044031_2443344"
            ],
            [
                "All Water Flossers",
                "/browse/personal-care/all-water-flossers/1005862_1007221_1024682_3052677"
            ],
            [
                "Braces Floss",
                "/browse/personal-care/braces-floss/1005862_1007221_1044031_3779853"
            ],
            [
                "All Waterpik",
                "/browse/personal-care/all-waterpik/1005862_1007221_1024682_5270254_4545814"
            ],
            [
                "Waterpik Replacement Tips",
                "/browse/personal-care/waterpik-replacement-tips/1005862_1007221_1024682_5270254_8312810"
            ],
            [
                "Glide Floss",
                "/browse/personal-care/glide-floss/1005862_1007221_1044031_8431069"
            ]
        ]
    },
    {
        "title": "Oral-B Glide Floss Picks-30 count (Pack of 6), Unique, Patented Floss is Smooth, Strong and Shred Resistant By Crest Glide",
        "url": "https://www.walmart.com/ip/Oral-B-Glide-Floss-Picks-30-count-Pack-of-6-Unique-Patented-Floss-is-Smooth-Strong-and-Shred-Resistant-By-Crest-Glide/595707498",
        "price": "$33.79",
        "stars": "5.0",
        "ratings": "1 ",
        "img": "i5.walmartimages.com/asr/d5635f2f-4205-4665-b7b0-0ebc7114312e_1.db6ef9393a92d9e1e6e5c19659ba4b73.jpeg?odnWidth=612&odnHeight=612&odnBg=ffffff",
        "tags": [
            [
                "Kids Oral Care",
                "/browse/personal-care/kids-oral-care/1005862_1007221_1094604"
            ],
            [
                "All Dental Floss",
                "/browse/personal-care/all-dental-floss/1005862_1007221_1044031_2443344"
            ],
            [
                "All Water Flossers",
                "/browse/personal-care/all-water-flossers/1005862_1007221_1024682_3052677"
            ],
            [
                "Braces Floss",
                "/browse/personal-care/braces-floss/1005862_1007221_1044031_3779853"
            ],
            [
                "All Waterpik",
                "/browse/personal-care/all-waterpik/1005862_1007221_1024682_5270254_4545814"
            ],
            [
                "Oral-B",
                "/browse/personal-care/oral-b/1005862_9157053_5149475"
            ],
            [
                "Glide Floss",
                "/browse/personal-care/glide-floss/1005862_1007221_1044031_8431069"
            ]
        ]
    },
    {
        "title": "Glide Pro-Health Floss, Original 54.70 Yards (Pack of 6)",
        "url": "https://www.walmart.com/ip/Glide-Pro-Health-Floss-Original-54-70-Yards-Pack-of-6/45019937",
        "price": "$22.28",
        "stars": "5.0",
        "ratings": "2 ",
        "img": "i5.walmartimages.com/asr/9c0eaf36-e154-4895-9c92-89c6f19b34a0_1.79db92d3bacbab47661385e0ab8c8b59.jpeg?odnWidth=612&odnHeight=612&odnBg=ffffff",
        "tags": [
            [
                "All Dental Floss",
                "/browse/personal-care/all-dental-floss/1005862_1007221_1044031_2443344"
            ],
            [
                "Listerine",
                "/browse/personal-care/listerine/1005862_9157053_2941559"
            ],
            [
                "Braces Floss",
                "/browse/personal-care/braces-floss/1005862_1007221_1044031_3779853"
            ],
            [
                "Oral-B",
                "/browse/personal-care/oral-b/1005862_9157053_5149475"
            ],
            [
                "Listerine Mouthwash",
                "/browse/personal-care/listerine-mouthwash/1005862_1007221_1007360_6779281"
            ],
            [
                "Glide Floss",
                "/browse/personal-care/glide-floss/1005862_1007221_1044031_8431069"
            ]
        ]
    }
]