[
    {
        "title": "Colgate Peroxyl Antiseptic Oral Cleanser Mild Mint 8.4 oz (Pack of 3)",
        "url": "https://www.walmart.com/ip/Colgate-Peroxyl-Antiseptic-Oral-Cleanser-Mild-Mint-8-4-oz-Pack-of-3/46238671",
        "price": "$24.13",
        "stars": 0,
        "ratings": 0,
        "img": "i5.walmartimages.com/asr/e5c36524-dc6f-45aa-9340-f57b58b7f1ea_1.dc311f11a5475e42d1f984f842822286.jpeg?odnWidth=612&odnHeight=612&odnBg=ffffff",
        "tags": [
            [
                "Kids Oral Care",
                "/browse/personal-care/kids-oral-care/1005862_1007221_1094604"
            ],
            [
                "Colgate Total Toothpaste",
                "/browse/personal-care/colgate-total-toothpaste/1005862_1007221_1023020_9769261_4509640"
            ],
            [
                "All Dry Mouth Mouthwash",
                "/browse/personal-care/all-dry-mouth-mouthwash/1005862_1007221_1007360_8361519_5654027"
            ],
            [
                "All Colgate Toothpaste",
                "/browse/personal-care/all-colgate-toothpaste/1005862_1007221_1023020_9769261_5746090"
            ],
            [
                "All Mouthwash",
                "/browse/personal-care/all-mouthwash/1005862_1007221_1007360_7390687"
            ],
            [
                "Colgate Optic White Toothpaste",
                "/browse/personal-care/colgate-optic-white-toothpaste/1005862_1007221_1023020_9769261_7536203"
            ],
            [
                "All Toothpaste",
                "/browse/personal-care/all-toothpaste/1005862_1007221_1023020_8164419"
            ]
        ]
    },
    {
        "title": "Tom's of Maine Long Lasting Wicked Fresh Mouthwash, Cool Mountain Mint 16 oz (Pack of 2)",
        "url": "https://www.walmart.com/ip/Tom-s-of-Maine-Long-Lasting-Wicked-Fresh-Mouthwash-Cool-Mountain-Mint-16-oz-Pack-of-2/45002682",
        "price": "$15.06",
        "stars": "3.7",
        "ratings": "46 ",
        "img": "i5.walmartimages.com/asr/23b3da7d-b9eb-4fe9-8825-4ad9a8e79b8f_1.cea8a5a653e3e67387aa214f24c09764.jpeg?odnWidth=612&odnHeight=612&odnBg=ffffff",
        "tags": [
            [
                "Kids Oral Care",
                "/browse/personal-care/kids-oral-care/1005862_1007221_1094604"
            ],
            [
                "Toms Toothpaste",
                "/browse/personal-care/toms-toothpaste/1005862_1007221_1023020_1748355"
            ],
            [
                "Listerine",
                "/browse/personal-care/listerine/1005862_9157053_2941559"
            ],
            [
                "All Dry Mouth Mouthwash",
                "/browse/personal-care/all-dry-mouth-mouthwash/1005862_1007221_1007360_8361519_5654027"
            ],
            [
                "ACT Mouthwash",
                "/browse/personal-care/act-mouthwash/1005862_1007221_1007360_6271227"
            ],
            [
                "Listerine Mouthwash",
                "/browse/personal-care/listerine-mouthwash/1005862_1007221_1007360_6779281"
            ],
            [
                "All Mouthwash",
                "/browse/personal-care/all-mouthwash/1005862_1007221_1007360_7390687"
            ]
        ]
    },
    {
        "title": "Colgate Kids Anticavity Mouthwash, Minions, Bubble Fruit - 500mL, 16.9 fluid ounce",
        "url": "https://www.walmart.com/ip/Colgate-Kids-Anticavity-Mouthwash-Minions-Bubble-Fruit-500mL-16-9-fluid-ounce/45098530",
        "price": "$15.52",
        "stars": "4.2",
        "ratings": "37 ",
        "img": "i5.walmartimages.com/asr/67fa228d-a4d6-4548-8498-70ef305b5af6_1.687e62a50f40a637d60bf47a06a6f2b2.png?odnWidth=612&odnHeight=612&odnBg=ffffff",
        "tags": [
            [
                "Listerine",
                "/browse/personal-care/listerine/1005862_9157053_2941559"
            ],
            [
                "Colgate",
                "/browse/personal-care/colgate/1005862_9157053_4009720"
            ],
            [
                "Colgate Toothbrushes",
                "/browse/personal-care/colgate-toothbrushes/1005862_1007221_2709578_1023019_5372009"
            ],
            [
                "All Dry Mouth Mouthwash",
                "/browse/personal-care/all-dry-mouth-mouthwash/1005862_1007221_1007360_8361519_5654027"
            ],
            [
                "ACT Mouthwash",
                "/browse/personal-care/act-mouthwash/1005862_1007221_1007360_6271227"
            ],
            [
                "Listerine Mouthwash",
                "/browse/personal-care/listerine-mouthwash/1005862_1007221_1007360_6779281"
            ],
            [
                "All Mouthwash",
                "/browse/personal-care/all-mouthwash/1005862_1007221_1007360_7390687"
            ]
        ]
    },
    {
        "title": "3 Pack - SmartMouth Mouthwash Packets Clean Mint 10 Each",
        "url": "https://www.walmart.com/ip/3-Pack-SmartMouth-Mouthwash-Packets-Clean-Mint-10-Each/223536431",
        "price": "$26.90",
        "stars": "5.0",
        "ratings": "2 ",
        "img": "i5.walmartimages.com/asr/9aa16175-8162-493c-a853-e6c8cd73e7e5_1.be722c87e871f6952de5afa10dbf5948.jpeg?odnWidth=612&odnHeight=612&odnBg=ffffff",
        "tags": [
            [
                "Oral Pain Relief",
                "/browse/personal-care/oral-pain-relief/1005862_1007221_1044254"
            ],
            [
                "Kids Oral Care",
                "/browse/personal-care/kids-oral-care/1005862_1007221_1094604"
            ],
            [
                "Travel Size Toiletries & Kits",
                "/browse/travel-size-toiletries-kits/1005862_2802339"
            ],
            [
                "Listerine",
                "/browse/personal-care/listerine/1005862_9157053_2941559"
            ],
            [
                "Listerine Mouthwash",
                "/browse/personal-care/listerine-mouthwash/1005862_1007221_1007360_6779281"
            ],
            [
                "All Mouthwash",
                "/browse/personal-care/all-mouthwash/1005862_1007221_1007360_7390687"
            ],
            [
                "All Toothpaste",
                "/browse/personal-care/all-toothpaste/1005862_1007221_1023020_8164419"
            ]
        ]
    },
    {
        "title": "Dr. Tichenor'S Antiseptic Mouthwash Concentrate, Peppermint, 2 Oz.",
        "url": "https://www.walmart.com/ip/Dr-Tichenor-S-Antiseptic-Mouthwash-Concentrate-Peppermint-2-Oz/330864963",
        "price": "$2.41",
        "stars": 0,
        "ratings": 0,
        "img": "",
        "tags": []
    },
    {
        "title": "ACT Total Care Anticavity Fluoride Mouthwash Icy Clean Mint 18 oz Each",
        "url": "https://www.walmart.com/ip/ACT-Total-Care-Anticavity-Fluoride-Mouthwash-Icy-Clean-Mint-18-oz-Each/878449102",
        "price": "$13.03",
        "stars": 0,
        "ratings": 0,
        "img": "",
        "tags": [
            [
                "Kids Oral Care",
                "/browse/personal-care/kids-oral-care/1005862_1007221_1094604"
            ],
            [
                "Crest",
                "/browse/personal-care/crest/1005862_9157053_2014962"
            ],
            [
                "Listerine",
                "/browse/personal-care/listerine/1005862_9157053_2941559"
            ],
            [
                "All Dry Mouth Mouthwash",
                "/browse/personal-care/all-dry-mouth-mouthwash/1005862_1007221_1007360_8361519_5654027"
            ],
            [
                "Listerine Mouthwash",
                "/browse/personal-care/listerine-mouthwash/1005862_1007221_1007360_6779281"
            ],
            [
                "All Mouthwash",
                "/browse/personal-care/all-mouthwash/1005862_1007221_1007360_7390687"
            ],
            [
                "Men's Personal Care",
                "/browse/mens-personal-care/1005862_8928973"
            ]
        ]
    },
    {
        "title": "2 Pack Listerine Cool Mint Antiseptic MouthWash Travel Size 3.2oz Each",
        "url": "https://www.walmart.com/ip/2-Pack-Listerine-Cool-Mint-Antiseptic-MouthWash-Travel-Size-3-2oz-Each/268221315",
        "price": "$7.03",
        "stars": "4.7",
        "ratings": "412 ",
        "img": "",
        "tags": [
            [
                "Kids Oral Care",
                "/browse/personal-care/kids-oral-care/1005862_1007221_1094604"
            ],
            [
                "All Dental Floss",
                "/browse/personal-care/all-dental-floss/1005862_1007221_1044031_2443344"
            ],
            [
                "All Dry Mouth Mouthwash",
                "/browse/personal-care/all-dry-mouth-mouthwash/1005862_1007221_1007360_8361519_5654027"
            ],
            [
                "Listerine Mouthwash",
                "/browse/personal-care/listerine-mouthwash/1005862_1007221_1007360_6779281"
            ],
            [
                "String Floss",
                "/browse/personal-care/string-floss/1005862_1007221_1044031_7062539"
            ],
            [
                "All Mouthwash",
                "/browse/personal-care/all-mouthwash/1005862_1007221_1007360_7390687"
            ]
        ]
    },
    {
        "title": "ACT Total Care Dry Mouth Anticavity Fluoride Mouthwash Soothing Mint 33.80 oz (Pack of 2)",
        "url": "https://www.walmart.com/ip/ACT-Total-Care-Dry-Mouth-Anticavity-Fluoride-Mouthwash-Soothing-Mint-33-80-oz-Pack-of-2/45003930",
        "price": "$24.50",
        "stars": "4.0",
        "ratings": "1 ",
        "img": "i5.walmartimages.com/asr/81a7a54d-f19e-4ae4-bc84-28ab2e5ad9a2_1.5b4911953da3f7ab5962a418e76538a0.jpeg?odnWidth=612&odnHeight=612&odnBg=ffffff",
        "tags": [
            [
                "Kids Oral Care",
                "/browse/personal-care/kids-oral-care/1005862_1007221_1094604"
            ],
            [
                "All Oral Accessories",
                "/browse/personal-care/all-oral-accessories/1005862_1007221_1044029_1891099"
            ],
            [
                "All Breath Freshener",
                "/browse/personal-care/all-breath-freshener/1005862_1007221_8721343_3777687"
            ],
            [
                "All Dry Mouth Mouthwash",
                "/browse/personal-care/all-dry-mouth-mouthwash/1005862_1007221_1007360_8361519_5654027"
            ],
            [
                "All Mouthwash",
                "/browse/personal-care/all-mouthwash/1005862_1007221_1007360_7390687"
            ],
            [
                "Men's Personal Care",
                "/browse/mens-personal-care/1005862_8928973"
            ]
        ]
    },
    {
        "title": "Listerine Antiseptic Moutwash Original Flavor 1.5 Liter Bottle (Pack of 2) : Listerine Mouthwash Original Flavor",
        "url": "https://www.walmart.com/ip/Listerine-Antiseptic-Moutwash-Original-Flavor-1-5-Liter-Bottle-Pack-of-2-Listerine-Mouthwash-Original-Flavor/144415690",
        "price": "$27.99",
        "stars": "4.8",
        "ratings": "512 ",
        "img": "i5.walmartimages.com/asr/287ba15b-0e12-4f1a-a0dd-6fa567c321fe_1.913cd2ea558c1f09411c65af878f764e.jpeg?odnWidth=612&odnHeight=612&odnBg=ffffff",
        "tags": [
            [
                "Crest Mouthwash",
                "/browse/personal-care/crest-mouthwash/1005862_1007221_1007360_2137973"
            ],
            [
                "All Dental Floss",
                "/browse/personal-care/all-dental-floss/1005862_1007221_1044031_2443344"
            ],
            [
                "All Dry Mouth Mouthwash",
                "/browse/personal-care/all-dry-mouth-mouthwash/1005862_1007221_1007360_8361519_5654027"
            ],
            [
                "Listerine Mouthwash",
                "/browse/personal-care/listerine-mouthwash/1005862_1007221_1007360_6779281"
            ],
            [
                "String Floss",
                "/browse/personal-care/string-floss/1005862_1007221_1044031_7062539"
            ],
            [
                "All Mouthwash",
                "/browse/personal-care/all-mouthwash/1005862_1007221_1007360_7390687"
            ]
        ]
    },
    {
        "title": "3 Pack - Orajel Antiseptic For All Mouth Sore Rinse, Kills Bacteria - 16 OZ Each",
        "url": "https://www.walmart.com/ip/3-Pack-Orajel-Antiseptic-For-All-Mouth-Sore-Rinse-Kills-Bacteria-16-OZ-Each/441726871",
        "price": "$26.68",
        "stars": "4.6",
        "ratings": "23 ",
        "img": "",
        "tags": [
            [
                "Oral Pain Relief",
                "/browse/personal-care/oral-pain-relief/1005862_1007221_1044254"
            ],
            [
                "Kids Oral Care",
                "/browse/personal-care/kids-oral-care/1005862_1007221_1094604"
            ],
            [
                "Crest",
                "/browse/personal-care/crest/1005862_9157053_2014962"
            ],
            [
                "Crest Mouthwash",
                "/browse/personal-care/crest-mouthwash/1005862_1007221_1007360_2137973"
            ],
            [
                "Listerine",
                "/browse/personal-care/listerine/1005862_9157053_2941559"
            ],
            [
                "Listerine Mouthwash",
                "/browse/personal-care/listerine-mouthwash/1005862_1007221_1007360_6779281"
            ],
            [
                "All Mouthwash",
                "/browse/personal-care/all-mouthwash/1005862_1007221_1007360_7390687"
            ]
        ]
    }
]