[
    {
        "title": "La Tasse Hand Soap Collection 4Pk Gardenia Beach Coconut Sweet Orange 21.5oz",
        "url": "https://www.walmart.com/ip/La-Tasse-Hand-Soap-Collection-4Pk-Gardenia-Beach-Coconut-Sweet-Orange-21-5oz/412838253",
        "price": "$42.99",
        "stars": 0,
        "ratings": 0,
        "img": "i5.walmartimages.com/asr/74d83b01-20f2-42fc-811a-87b881fa6a42_1.424499e536524c9edae03f0273670329.jpeg?odnWidth=612&odnHeight=612&odnBg=ffffff",
        "tags": []
    },
    {
        "title": "Aesop Resurrection Rinse-Free Hand Wash, 1.69 Fl Oz",
        "url": "https://www.walmart.com/ip/Aesop-Resurrection-Rinse-Free-Hand-Wash-1-69-Fl-Oz/180264418",
        "price": "$9.92",
        "stars": 0,
        "ratings": 0,
        "img": "i5.walmartimages.com/asr/0c3456c8-1fe5-4e2a-9ee7-bc11098c3037_1.1730632b72c99acb384a032b6bec2998.jpeg?odnWidth=612&odnHeight=612&odnBg=ffffff",
        "tags": [
            [
                "Hair Oil",
                "/browse/premium-beauty/hair-oil/7924299_3522922_1696711_1967020"
            ],
            [
                "L'occitane",
                "/browse/premium-beauty/loccitane/7924299_9882925_2799089"
            ],
            [
                "Oribe",
                "/browse/premium-beauty/oribe/7924299_9882925_2842465"
            ],
            [
                "Premium Body Washes & Shower Gels",
                "/browse/premium-beauty/premium-body-washes-shower-gels/7924299_3571844_3976103"
            ],
            [
                "Premium Self Care & Pampering",
                "/browse/premium-self-care-pampering/7924299_6211132"
            ],
            [
                "Premium Deodorants & Antiperspirants",
                "/browse/premium-beauty/premium-deodorants-antiperspirants/7924299_3571844_7830813"
            ],
            [
                "Premium Value Sizes & Sets",
                "/browse/premium-beauty/premium-value-sizes-sets/7924299_3571844_8252939"
            ],
            [
                "Premium Hand Lotions & Foot Creams",
                "/browse/premium-beauty/premium-hand-lotions-foot-creams/7924299_3571844_9058859"
            ]
        ]
    },
    {
        "title": "Kiss My Face - Bar Soap Olive & Chamomile - 8 oz.",
        "url": "https://www.walmart.com/ip/Kiss-My-Face-Bar-Soap-Olive-Chamomile-8-oz/24813168",
        "price": "$7.42",
        "stars": 0,
        "ratings": 0,
        "img": "",
        "tags": [
            [
                "Hand Soaps",
                "/browse/personal-care/hand-soaps/1005862_1071969_1001719"
            ],
            [
                "Stock up on Body Wash",
                "/browse/personal-care/stock-up-body-wash/1005862_1071969_1528860"
            ],
            [
                "Tom's of Maine Body Wash & Bar Soaps",
                "/browse/personal-care/toms-of-maine-body-wash-bar-soaps/1005862_1071969_4049088"
            ],
            [
                "Bar Soap",
                "/browse/personal-care/bar-soap/1005862_1071969_4735846"
            ],
            [
                "Women's Body Wash",
                "/browse/personal-care/womens-body-wash/1005862_1071969_4894005"
            ],
            [
                "New in Bar Soaps",
                "/browse/personal-care/new-in-bar-soaps/1005862_1071969_6178834"
            ],
            [
                "Tom's of Maine",
                "/browse/personal-care/toms-of-maine/1005862_9157053_6295630"
            ],
            [
                "Gift Ideas for Bar Soaps",
                "/browse/personal-care/gift-ideas-for-bar-soaps/1005862_1071969_8911603"
            ]
        ]
    },
    {
        "title": "Seventh Generation - Liquid Hand Soap - Mandarin Orange and Grapefruit - 12 fl oz.",
        "url": "https://www.walmart.com/ip/Seventh-Generation-Liquid-Hand-Soap-Mandarin-Orange-and-Grapefruit-12-fl-oz/599650518",
        "price": "$6.98",
        "stars": 0,
        "ratings": 0,
        "img": "i5.walmartimages.com/asr/cf9e6224-0be1-4000-9414-75aa4109b08d_1.620b870d14fafbef28abdca65f13b065.jpeg?odnWidth=612&odnHeight=612&odnBg=ffffff",
        "tags": [
            [
                "New in Hand Soaps",
                "/browse/personal-care/new-in-hand-soaps/1005862_1071969_2378679"
            ],
            [
                "Softsoap Hand Soap",
                "/browse/personal-care/softsoap-hand-soap/1005862_1071969_4092819"
            ],
            [
                "Method Hand Soaps",
                "/browse/personal-care/method-hand-soaps/1005862_9157053_5971217_4326791"
            ],
            [
                "Hand Sanitizing Wipes",
                "/browse/personal-care/hand-sanitizing-wipes/1005862_1071969_6886797"
            ],
            [
                "Stock up on Hand Wash",
                "/browse/personal-care/stock-up-hand-wash/1005862_1071969_7917529"
            ],
            [
                "Discover! Staff-Favorite Body Care",
                "/browse/personal-care/discover-staff-favorite-body-care/1005862_1071969_8051400"
            ],
            [
                "Hand Sanitizers",
                "/browse/personal-care/hand-sanitizers/1005862_1071969_9011420"
            ]
        ]
    },
    {
        "title": "Dial Antibacterial Liquid Hand Soap, Spring Water, 7.5 Ounce (Pack of 2)",
        "url": "https://www.walmart.com/ip/Dial-Antibacterial-Liquid-Hand-Soap-Spring-Water-7-5-Ounce-Pack-of-2/894491809",
        "price": "$15.50",
        "stars": 0,
        "ratings": 0,
        "img": "i5.walmartimages.com/asr/82ea3ff4-d32c-41d3-b340-ae7f570b30d6.d48b88ef793b9cc07a6c9c7084ef9900.jpeg?odnWidth=612&odnHeight=612&odnBg=ffffff",
        "tags": []
    },
    {
        "title": "JACK MFG 211585 13.5 oz Mag Hand Cleaner",
        "url": "https://www.walmart.com/ip/JACK-MFG-211585-13-5-oz-Mag-Hand-Cleaner/52550858",
        "price": "$4.99",
        "stars": "3.3",
        "ratings": "3 ",
        "img": "",
        "tags": [
            [
                "New in Hand Soaps",
                "/browse/personal-care/new-in-hand-soaps/1005862_1071969_2378679"
            ],
            [
                "Softsoap Hand Soap",
                "/browse/personal-care/softsoap-hand-soap/1005862_1071969_4092819"
            ],
            [
                "Method Hand Soaps",
                "/browse/personal-care/method-hand-soaps/1005862_9157053_5971217_4326791"
            ],
            [
                "Hand Sanitizing Wipes",
                "/browse/personal-care/hand-sanitizing-wipes/1005862_1071969_6886797"
            ],
            [
                "Stock up on Hand Wash",
                "/browse/personal-care/stock-up-hand-wash/1005862_1071969_7917529"
            ],
            [
                "Discover! Staff-Favorite Body Care",
                "/browse/personal-care/discover-staff-favorite-body-care/1005862_1071969_8051400"
            ],
            [
                "Hand Sanitizers",
                "/browse/personal-care/hand-sanitizers/1005862_1071969_9011420"
            ]
        ]
    },
    {
        "title": "Jergens Extra Moisturizing Hand Wash 7.50 oz (Pack of 3)",
        "url": "https://www.walmart.com/ip/Jergens-Extra-Moisturizing-Hand-Wash-7-50-oz-Pack-of-3/44918317",
        "price": "$11.21",
        "stars": 0,
        "ratings": 0,
        "img": "i5.walmartimages.com/asr/27d4d3e3-83b7-4315-af1d-fc13104e218f_1.b4be89a216bd082c25d2dadc4349bed6.jpeg?odnWidth=612&odnHeight=612&odnBg=ffffff",
        "tags": [
            [
                "New in Hand Soaps",
                "/browse/personal-care/new-in-hand-soaps/1005862_1071969_2378679"
            ],
            [
                "Softsoap Hand Soap",
                "/browse/personal-care/softsoap-hand-soap/1005862_1071969_4092819"
            ],
            [
                "Method Hand Soaps",
                "/browse/personal-care/method-hand-soaps/1005862_9157053_5971217_4326791"
            ],
            [
                "Hand Sanitizing Wipes",
                "/browse/personal-care/hand-sanitizing-wipes/1005862_1071969_6886797"
            ],
            [
                "Stock up on Hand Wash",
                "/browse/personal-care/stock-up-hand-wash/1005862_1071969_7917529"
            ],
            [
                "Discover! Staff-Favorite Body Care",
                "/browse/personal-care/discover-staff-favorite-body-care/1005862_1071969_8051400"
            ],
            [
                "Hand Sanitizers",
                "/browse/personal-care/hand-sanitizers/1005862_1071969_9011420"
            ]
        ]
    },
    {
        "title": "Clearly Natural Bar Soap, Vitamin E, 12 Oz",
        "url": "https://www.walmart.com/ip/Clearly-Natural-Bar-Soap-Vitamin-E-12-Oz/24815048",
        "price": "$11.27",
        "stars": "4.3",
        "ratings": "3 ",
        "img": "i5.walmartimages.com/asr/28fdeea0-75e1-4a1b-bb40-c13bf60b8198_1.7a5579394afaa317df57e326cc62f5ac.jpeg?odnWidth=612&odnHeight=612&odnBg=ffffff",
        "tags": [
            [
                "Hand Soaps",
                "/browse/personal-care/hand-soaps/1005862_1071969_1001719"
            ],
            [
                "Stock up on Body Wash",
                "/browse/personal-care/stock-up-body-wash/1005862_1071969_1528860"
            ],
            [
                "Dove Personal Care",
                "/browse/personal-care/dove-personal-care/1005862_1071969_1999831"
            ],
            [
                "Men's Body Wash",
                "/browse/personal-care/mens-body-wash/1005862_1071969_2531574"
            ],
            [
                "Bar Soap",
                "/browse/personal-care/bar-soap/1005862_1071969_4735846"
            ],
            [
                "Women's Body Wash",
                "/browse/personal-care/womens-body-wash/1005862_1071969_4894005"
            ]
        ]
    },
    {
        "title": "Kirk s  Odor Neutralizing Hand Wash  Lemon   Eucalyptus  12 fl oz  355 ml",
        "url": "https://www.walmart.com/ip/Kirk-s-Odor-Neutralizing-Hand-Wash-Lemon-Eucalyptus-12-fl-oz-355-ml/688796884",
        "price": "$6.49",
        "stars": 0,
        "ratings": 0,
        "img": "",
        "tags": [
            [
                "Body Wash & Shower Gel",
                "/browse/personal-care/body-wash-shower-gel/1005862_1071969_1074364"
            ],
            [
                "New in Hand Soaps",
                "/browse/personal-care/new-in-hand-soaps/1005862_1071969_2378679"
            ],
            [
                "Method Hand Soaps",
                "/browse/personal-care/method-hand-soaps/1005862_9157053_5971217_4326791"
            ],
            [
                "Hand Sanitizing Wipes",
                "/browse/personal-care/hand-sanitizing-wipes/1005862_1071969_6886797"
            ],
            [
                "Stock up on Hand Wash",
                "/browse/personal-care/stock-up-hand-wash/1005862_1071969_7917529"
            ],
            [
                "Hand Sanitizers",
                "/browse/personal-care/hand-sanitizers/1005862_1071969_9011420"
            ]
        ]
    },
    {
        "title": "Pure Green, LLC PureGreen24 - All Purpose Natural Environmental Cleaner - Eco Friendly - 4 fl oz",
        "url": "https://www.walmart.com/ip/Pure-Green-LLC-PureGreen24-All-Purpose-Natural-Environmental-Cleaner-Eco-Friendly-4-fl-oz/13371507",
        "price": "$10.99",
        "stars": 0,
        "ratings": 0,
        "img": "",
        "tags": [
            [
                "New in Hand Soaps",
                "/browse/personal-care/new-in-hand-soaps/1005862_1071969_2378679"
            ],
            [
                "Softsoap Hand Soap",
                "/browse/personal-care/softsoap-hand-soap/1005862_1071969_4092819"
            ],
            [
                "Method Hand Soaps",
                "/browse/personal-care/method-hand-soaps/1005862_9157053_5971217_4326791"
            ],
            [
                "Hand Sanitizing Wipes",
                "/browse/personal-care/hand-sanitizing-wipes/1005862_1071969_6886797"
            ],
            [
                "Stock up on Hand Wash",
                "/browse/personal-care/stock-up-hand-wash/1005862_1071969_7917529"
            ],
            [
                "Discover! Staff-Favorite Body Care",
                "/browse/personal-care/discover-staff-favorite-body-care/1005862_1071969_8051400"
            ],
            [
                "Hand Sanitizers",
                "/browse/personal-care/hand-sanitizers/1005862_1071969_9011420"
            ]
        ]
    }
]