[
    {
        "title": "BIC Chrome Platinum Double Edge Safety Razor Blades, 5 Count",
        "url": "https://www.walmart.com/ip/BIC-Chrome-Platinum-Double-Edge-Safety-Razor-Blades-5-Count/190101579",
        "price": "$4.14",
        "stars": "5.0",
        "ratings": "2 ",
        "img": "i5.walmartimages.com/asr/4d52d6c3-b85f-4b80-817d-b5d1156955ee_1.85dd68702292545d321f25bf0870b6eb.jpeg?odnWidth=612&odnHeight=612&odnBg=ffffff",
        "tags": [
            [
                "Razors",
                "/browse/personal-care/razors/1005862_1007220_1007399"
            ],
            [
                "Gillette Razors",
                "/browse/personal-care/gillette-razors/1005862_1007220_2562288"
            ],
            [
                "BIC Disposable Razors",
                "/browse/personal-care/bic-disposable-razors/1005862_1007220_4640643"
            ],
            [
                "Men's Razors and Razor Blades",
                "/browse/personal-care/mens-razors-razor-blades/1005862_1007220_6377251"
            ],
            [
                "All Razors",
                "/browse/personal-care/all-razors/1005862_1007220_6461098"
            ],
            [
                "All Razor Blades",
                "/browse/personal-care/all-razor-blades/1005862_1007220_8061121"
            ],
            [
                "Men's Shaving",
                "/browse/personal-care/mens-shaving/1005862_1007220_8793708"
            ],
            [
                "Men's Razors",
                "/browse/personal-care/mens-razors/1005862_1007220_9287106"
            ]
        ]
    },
    {
        "title": "100 Personna Double Edge Stainless Steel Blades",
        "url": "https://www.walmart.com/ip/100-Personna-Double-Edge-Stainless-Steel-Blades/225485531",
        "price": "$16.99",
        "stars": 0,
        "ratings": 0,
        "img": "",
        "tags": [
            [
                "Razors",
                "/browse/personal-care/razors/1005862_1007220_1007399"
            ],
            [
                "Razor Blades",
                "/browse/personal-care/razor-blades/1005862_1007220_1044020"
            ],
            [
                "Gillette Razors",
                "/browse/personal-care/gillette-razors/1005862_1007220_2562288"
            ],
            [
                "Men's Razors and Razor Blades",
                "/browse/personal-care/mens-razors-razor-blades/1005862_1007220_6377251"
            ],
            [
                "All Razors",
                "/browse/personal-care/all-razors/1005862_1007220_6461098"
            ],
            [
                "All Razor Blades",
                "/browse/personal-care/all-razor-blades/1005862_1007220_8061121"
            ],
            [
                "Men's Shaving",
                "/browse/personal-care/mens-shaving/1005862_1007220_8793708"
            ],
            [
                "Men's Razors",
                "/browse/personal-care/mens-razors/1005862_1007220_9287106"
            ]
        ]
    },
    {
        "title": "Derby Professional Single Edge Razor Blades 100 ea",
        "url": "https://www.walmart.com/ip/Derby-Professional-Single-Edge-Razor-Blades-100-ea/181934030",
        "price": "$6.05",
        "stars": "4.0",
        "ratings": "1 ",
        "img": "i5.walmartimages.com/asr/20037270-ddc0-4559-9690-e4a9321a5b09_1.0d4c915459187a6b971daecb095fc174.jpeg?odnWidth=612&odnHeight=612&odnBg=ffffff",
        "tags": [
            [
                "Razors",
                "/browse/personal-care/razors/1005862_1007220_1007399"
            ],
            [
                "Razor Blades",
                "/browse/personal-care/razor-blades/1005862_1007220_1044020"
            ],
            [
                "Gillette Razors",
                "/browse/personal-care/gillette-razors/1005862_1007220_2562288"
            ],
            [
                "Men's Razors and Razor Blades",
                "/browse/personal-care/mens-razors-razor-blades/1005862_1007220_6377251"
            ],
            [
                "All Razors",
                "/browse/personal-care/all-razors/1005862_1007220_6461098"
            ],
            [
                "All Razor Blades",
                "/browse/personal-care/all-razor-blades/1005862_1007220_8061121"
            ],
            [
                "Men's Shaving",
                "/browse/personal-care/mens-shaving/1005862_1007220_8793708"
            ],
            [
                "Men's Razors",
                "/browse/personal-care/mens-razors/1005862_1007220_9287106"
            ]
        ]
    },
    {
        "title": "4 Pack - Bic Twin Select Silky Touch Shavers 10 Each",
        "url": "https://www.walmart.com/ip/4-Pack-Bic-Twin-Select-Silky-Touch-Shavers-10-Each/108328687",
        "price": "$18.52",
        "stars": 0,
        "ratings": 0,
        "img": "",
        "tags": [
            [
                "Razors",
                "/browse/personal-care/razors/1005862_1007220_1007399"
            ],
            [
                "Razor Blades",
                "/browse/personal-care/razor-blades/1005862_1007220_1044020"
            ],
            [
                "BIC Disposable Razors",
                "/browse/personal-care/bic-disposable-razors/1005862_1007220_4640643"
            ],
            [
                "All Razors",
                "/browse/personal-care/all-razors/1005862_1007220_6461098"
            ],
            [
                "Women's Razors",
                "/browse/personal-care/womens-razors/1005862_1007220_7994182"
            ],
            [
                "All Razor Blades",
                "/browse/personal-care/all-razor-blades/1005862_1007220_8061121"
            ],
            [
                "Gillette Venus Razors",
                "/browse/personal-care/gillette-venus-razors/1005862_1007220_8090056"
            ],
            [
                "Women's Shaving",
                "/browse/personal-care/womens-shaving/1005862_1007220_9200501"
            ]
        ]
    },
    {
        "title": "BAKBLADE 2.0 ELITE W/ BAKBRUSH RETAIL",
        "url": "https://www.walmart.com/ip/BAKBLADE-2-0-ELITE-W-BAKBRUSH-RETAIL/373146372",
        "price": "$44.95",
        "stars": "4.0",
        "ratings": "1 ",
        "img": "i5.walmartimages.com/asr/fab189bb-0784-4f19-ae7c-87c02f0403c0.5ab5dd1b1b47098920d61fb9d00c9118.png?odnWidth=612&odnHeight=612&odnBg=ffffff",
        "tags": [
            [
                "Electric Shave Replacement Heads",
                "/browse/personal-care/electric-shave-replacement-heads/1005862_1007220_1044019"
            ],
            [
                "Electric Shavers",
                "/browse/personal-care/electric-shavers/1005862_1007220_133146"
            ],
            [
                "All Electric Shave Replacement Heads",
                "/browse/personal-care/all-electric-shave-replacement-heads/1005862_1007220_2434574"
            ],
            [
                "Men's Razors and Razor Blades",
                "/browse/personal-care/mens-razors-razor-blades/1005862_1007220_6377251"
            ],
            [
                "Trimmers & Groomers",
                "/browse/personal-care/trimmers-groomers/1005862_1007220_641039"
            ],
            [
                "All Electric Shavers",
                "/browse/personal-care/all-electric-shavers/1005862_1007220_6936955"
            ],
            [
                "All Hair Clippers",
                "/browse/personal-care/all-hair-clippers/1005862_1007220_9199070_8636521"
            ],
            [
                "Men's Razors",
                "/browse/personal-care/mens-razors/1005862_1007220_9287106"
            ]
        ]
    },
    {
        "title": "Professional Shaving Brush Holder Set Brush Holder Stainless Steel Soap Bowl Set",
        "url": "https://www.walmart.com/ip/Professional-Shaving-Brush-Holder-Set-Brush-Holder-Stainless-Steel-Soap-Bowl-Set/591919203",
        "price": "$14.90",
        "stars": 0,
        "ratings": 0,
        "img": "i5.walmartimages.com/asr/587c832c-2cbf-4d9d-afb1-2378117773f0_1.14fe3028adfd9c0d9cd6ba9086a64071.jpeg?odnWidth=612&odnHeight=612&odnBg=ffffff",
        "tags": [
            [
                "Deodorants & Antiperspirants",
                "/browse/deodorants-antiperspirants/1005862_1001487"
            ],
            [
                "Stock up on Body Wash",
                "/browse/personal-care/stock-up-body-wash/1005862_1071969_1528860"
            ],
            [
                "Men's Bath & Body",
                "/browse/personal-care/mens-bath-body/1005862_1056884_2325953"
            ],
            [
                "Men's Body Wash",
                "/browse/personal-care/mens-body-wash/1005862_1071969_2531574"
            ],
            [
                "Old Spice Body Wash & Deodorants",
                "/browse/personal-care/old-spice-body-wash-deodorants/1005862_1071969_6362250"
            ],
            [
                "Men's Razors and Razor Blades",
                "/browse/personal-care/mens-razors-razor-blades/1005862_1007220_6377251"
            ],
            [
                "Dove Men + Care",
                "/browse/dove-men-care/1005862_7983046"
            ],
            [
                "2-in-1 Hair and Body Care",
                "/browse/2-in-1-hair-body-care/1005862_8779108"
            ]
        ]
    },
    {
        "title": "Schick Hydro 5 Metal Razor Improved Handle Black - Bulk Packaging - Lot of 2",
        "url": "https://www.walmart.com/ip/Schick-Hydro-5-Metal-Razor-Improved-Handle-Black-Bulk-Packaging-Lot-of-2/660265682",
        "price": "$9.95",
        "stars": 0,
        "ratings": 0,
        "img": "i5.walmartimages.com/asr/71f3ba86-cde2-4bce-a85a-d1640c078f5b_1.c633c2ba66263a4c3ec9f5668dbc44d2.jpeg?odnWidth=612&odnHeight=612&odnBg=ffffff",
        "tags": [
            [
                "Razors",
                "/browse/personal-care/razors/1005862_1007220_1007399"
            ],
            [
                "Schick Razors",
                "/browse/personal-care/schick-razors/1005862_1007220_3441606"
            ],
            [
                "BIC Disposable Razors",
                "/browse/personal-care/bic-disposable-razors/1005862_1007220_4640643"
            ],
            [
                "Men's Razors and Razor Blades",
                "/browse/personal-care/mens-razors-razor-blades/1005862_1007220_6377251"
            ],
            [
                "All Razors",
                "/browse/personal-care/all-razors/1005862_1007220_6461098"
            ],
            [
                "All Razor Blades",
                "/browse/personal-care/all-razor-blades/1005862_1007220_8061121"
            ],
            [
                "Men's Shaving",
                "/browse/personal-care/mens-shaving/1005862_1007220_8793708"
            ],
            [
                "Men's Razors",
                "/browse/personal-care/mens-razors/1005862_1007220_9287106"
            ]
        ]
    },
    {
        "title": "Braun 21B Replacement Shaver Head for 340 / 350cc / 3040s / 320 / 380 / 390cc Models (2 Pk)",
        "url": "https://www.walmart.com/ip/Braun-21B-Replacement-Shaver-Head-for-340-350cc-3040s-320-380-390cc-Models-2-Pk/468568922",
        "price": "$54.95",
        "stars": 0,
        "ratings": 0,
        "img": "",
        "tags": [
            [
                "Electric Shave Replacement Heads",
                "/browse/personal-care/electric-shave-replacement-heads/1005862_1007220_1044019"
            ],
            [
                "Electric Shavers",
                "/browse/personal-care/electric-shavers/1005862_1007220_133146"
            ],
            [
                "Braun Electric Shavers",
                "/browse/personal-care/braun-electric-shavers/1005862_1007220_2610977"
            ],
            [
                "Men's Razors and Razor Blades",
                "/browse/personal-care/mens-razors-razor-blades/1005862_1007220_6377251"
            ],
            [
                "All Electric Shavers",
                "/browse/personal-care/all-electric-shavers/1005862_1007220_6936955"
            ],
            [
                "Philips Norelco Electric Shavers",
                "/browse/personal-care/philips-norelco-electric-shavers/1005862_1007220_7905976"
            ],
            [
                "Remington Electric Shavers",
                "/browse/personal-care/remington-electric-shavers/1005862_1007220_8362880"
            ],
            [
                "Braun Electric Shave Replacement Heads",
                "/browse/personal-care/braun-electric-shave-replacement-heads/1005862_1007220_9056089"
            ]
        ]
    },
    {
        "title": "Gillette Mach3 Turbo Refill Blade Cartridges, 10 Count",
        "url": "https://www.walmart.com/ip/Gillette-Mach3-Turbo-Refill-Blade-Cartridges-10-Count/334482105",
        "price": "$23.99",
        "stars": "4.3",
        "ratings": "321 ",
        "img": "i5.walmartimages.com/asr/48552413-dbb4-452b-a050-dc16b65ed202_1.dc58d17de18187d0f3dda1c0a888e7b9.jpeg?odnWidth=612&odnHeight=612&odnBg=ffffff",
        "tags": [
            [
                "Razor Blades",
                "/browse/personal-care/razor-blades/1005862_1007220_1044020"
            ],
            [
                "Men's Razor Blades",
                "/browse/personal-care/mens-razor-blades/1005862_1007220_3392907"
            ],
            [
                "Men's Razors and Razor Blades",
                "/browse/personal-care/mens-razors-razor-blades/1005862_1007220_6377251"
            ],
            [
                "All Razors",
                "/browse/personal-care/all-razors/1005862_1007220_6461098"
            ],
            [
                "All Razor Blades",
                "/browse/personal-care/all-razor-blades/1005862_1007220_8061121"
            ],
            [
                "Men's Shaving",
                "/browse/personal-care/mens-shaving/1005862_1007220_8793708"
            ],
            [
                "Men's Personal Care",
                "/browse/mens-personal-care/1005862_8928973"
            ],
            [
                "Men's Razors",
                "/browse/personal-care/mens-razors/1005862_1007220_9287106"
            ]
        ]
    },
    {
        "title": "Dorco Tinkle Eyebrow Razor Trimmer Shaver-3pcs (Pack of 2)",
        "url": "https://www.walmart.com/ip/Dorco-Tinkle-Eyebrow-Razor-Trimmer-Shaver-3pcs-Pack-of-2/508802935",
        "price": "$9.98",
        "stars": "4.0",
        "ratings": "1 ",
        "img": "",
        "tags": [
            [
                "Razor Blades",
                "/browse/personal-care/razor-blades/1005862_1007220_1044020"
            ],
            [
                "Women's Razor Blades",
                "/browse/personal-care/womens-razor-blades/1005862_1007220_2012569"
            ],
            [
                "Schick Razors",
                "/browse/personal-care/schick-razors/1005862_1007220_3441606"
            ],
            [
                "Trimmers & Groomers",
                "/browse/personal-care/trimmers-groomers/1005862_1007220_641039"
            ],
            [
                "Women's Razors",
                "/browse/personal-care/womens-razors/1005862_1007220_7994182"
            ],
            [
                "All Razor Blades",
                "/browse/personal-care/all-razor-blades/1005862_1007220_8061121"
            ],
            [
                "All Hair Clippers",
                "/browse/personal-care/all-hair-clippers/1005862_1007220_9199070_8636521"
            ],
            [
                "Women's Shaving",
                "/browse/personal-care/womens-shaving/1005862_1007220_9200501"
            ]
        ]
    }
]