[
    {
        "title": "J.R. Watkins No-Rinse Foaming Hand Cleanser ? Hand Soap in Pump Dispenser ? Bathroom & Kitchen Foam Cleaner ? All Natural, Alcohol Free, Unscented, 1.6 fl. Oz, 6 Pack",
        "url": "https://www.walmart.com/ip/J-R-Watkins-No-Rinse-Foaming-Hand-Cleanser-Soap-Pump-Dispenser-Bathroom-Kitchen-Foam-Cleaner-All-Natural-Alcohol-Free-Unscented-1-6-fl-Oz-6-Pack/285958935",
        "price": "$39.99",
        "stars": 0,
        "ratings": 0,
        "img": "i5.walmartimages.com/asr/a065904f-a1fd-4c2a-bdf2-8e65aee86d4d.dc9cb6a242c56ff308edff40257d2f23.jpeg?odnWidth=612&odnHeight=612&odnBg=ffffff",
        "tags": []
    },
    {
        "title": "Bubble Shack Hand Soap, 12oz Hawaiian Waters Ocean Bliss",
        "url": "https://www.walmart.com/ip/Bubble-Shack-Hand-Soap-12oz-Hawaiian-Waters-Ocean-Bliss/304471712",
        "price": "$21.98",
        "stars": "1.0",
        "ratings": "1 ",
        "img": "i5.walmartimages.com/asr/30941530-ead9-47f8-a096-261eef5acdec.7ab60c101509b2428575eb609165e4fb.jpeg?odnWidth=612&odnHeight=612&odnBg=ffffff",
        "tags": [
            [
                "New in Hand Soaps",
                "/browse/personal-care/new-in-hand-soaps/1005862_1071969_2378679"
            ],
            [
                "Softsoap Hand Soap",
                "/browse/personal-care/softsoap-hand-soap/1005862_1071969_4092819"
            ],
            [
                "Method Hand Soaps",
                "/browse/personal-care/method-hand-soaps/1005862_9157053_5971217_4326791"
            ],
            [
                "Hand Sanitizing Wipes",
                "/browse/personal-care/hand-sanitizing-wipes/1005862_1071969_6886797"
            ],
            [
                "Stock up on Hand Wash",
                "/browse/personal-care/stock-up-hand-wash/1005862_1071969_7917529"
            ],
            [
                "Discover! Staff-Favorite Body Care",
                "/browse/personal-care/discover-staff-favorite-body-care/1005862_1071969_8051400"
            ],
            [
                "Hand Sanitizers",
                "/browse/personal-care/hand-sanitizers/1005862_1071969_9011420"
            ]
        ]
    },
    {
        "title": "Cuticura Medicated Antibacterial Soap Original Formula 5.25 oz (Pack of 3)",
        "url": "https://www.walmart.com/ip/Cuticura-Medicated-Antibacterial-Soap-Original-Formula-5-25-oz-Pack-of-3/44591136",
        "price": "$14.67",
        "stars": 0,
        "ratings": 0,
        "img": "i5.walmartimages.com/asr/cad0d83d-b692-40b2-9e03-9ea96d8591c0_1.3d35845380e212357460cec0f7c85a55.jpeg?odnWidth=612&odnHeight=612&odnBg=ffffff",
        "tags": [
            [
                "New in Hand Soaps",
                "/browse/personal-care/new-in-hand-soaps/1005862_1071969_2378679"
            ],
            [
                "Method Hand Soaps",
                "/browse/personal-care/method-hand-soaps/1005862_9157053_5971217_4326791"
            ],
            [
                "Bar Soap",
                "/browse/personal-care/bar-soap/1005862_1071969_4735846"
            ],
            [
                "Hand Sanitizing Wipes",
                "/browse/personal-care/hand-sanitizing-wipes/1005862_1071969_6886797"
            ],
            [
                "Stock up on Hand Wash",
                "/browse/personal-care/stock-up-hand-wash/1005862_1071969_7917529"
            ],
            [
                "Discover! Staff-Favorite Body Care",
                "/browse/personal-care/discover-staff-favorite-body-care/1005862_1071969_8051400"
            ],
            [
                "Hand Sanitizers",
                "/browse/personal-care/hand-sanitizers/1005862_1071969_9011420"
            ]
        ]
    },
    {
        "title": "GOJO\u00ae Gel Pumice Hand Soap Cleaner, Cherry Scent, 67.6 Oz, Case Of 4 Refills",
        "url": "https://www.walmart.com/ip/GOJO-Gel-Pumice-Hand-Soap-Cleaner-Cherry-Scent-67-6-Oz-Case-Of-4-Refills/895340975",
        "price": "$139.19",
        "stars": 0,
        "ratings": 0,
        "img": "",
        "tags": [
            [
                "New in Hand Soaps",
                "/browse/personal-care/new-in-hand-soaps/1005862_1071969_2378679"
            ],
            [
                "Softsoap Hand Soap",
                "/browse/personal-care/softsoap-hand-soap/1005862_1071969_4092819"
            ],
            [
                "Method Hand Soaps",
                "/browse/personal-care/method-hand-soaps/1005862_9157053_5971217_4326791"
            ],
            [
                "Hand Sanitizing Wipes",
                "/browse/personal-care/hand-sanitizing-wipes/1005862_1071969_6886797"
            ],
            [
                "Stock up on Hand Wash",
                "/browse/personal-care/stock-up-hand-wash/1005862_1071969_7917529"
            ],
            [
                "Discover! Staff-Favorite Body Care",
                "/browse/personal-care/discover-staff-favorite-body-care/1005862_1071969_8051400"
            ],
            [
                "Hand Sanitizers",
                "/browse/personal-care/hand-sanitizers/1005862_1071969_9011420"
            ]
        ]
    },
    {
        "title": "DEB KCL250ML Hand Soap,Fougere,250mL Size,Beige,PK12 G1857381",
        "url": "https://www.walmart.com/ip/DEB-KCL250ML-Hand-Soap-Fougere-250mL-Size-Beige-PK12-G1857381/49799701",
        "price": "$63.76",
        "stars": 0,
        "ratings": 0,
        "img": "",
        "tags": [
            [
                "New in Hand Soaps",
                "/browse/personal-care/new-in-hand-soaps/1005862_1071969_2378679"
            ],
            [
                "Softsoap Hand Soap",
                "/browse/personal-care/softsoap-hand-soap/1005862_1071969_4092819"
            ],
            [
                "Method Hand Soaps",
                "/browse/personal-care/method-hand-soaps/1005862_9157053_5971217_4326791"
            ],
            [
                "Hand Sanitizing Wipes",
                "/browse/personal-care/hand-sanitizing-wipes/1005862_1071969_6886797"
            ],
            [
                "Stock up on Hand Wash",
                "/browse/personal-care/stock-up-hand-wash/1005862_1071969_7917529"
            ],
            [
                "Discover! Staff-Favorite Body Care",
                "/browse/personal-care/discover-staff-favorite-body-care/1005862_1071969_8051400"
            ],
            [
                "Hand Sanitizers",
                "/browse/personal-care/hand-sanitizers/1005862_1071969_9011420"
            ]
        ]
    },
    {
        "title": "5 Pound Powdered Hand Soap, Application - Hand By Boraxo",
        "url": "https://www.walmart.com/ip/5-Pound-Powdered-Hand-Soap-Application-Hand-By-Boraxo/988484060",
        "price": "$22.76",
        "stars": 0,
        "ratings": 0,
        "img": "i5.walmartimages.com/asr/d84e53cc-9fe5-4caa-bad1-9f39069a5204_1.cb849644986158fa281adff092e76665.jpeg?odnWidth=612&odnHeight=612&odnBg=ffffff",
        "tags": [
            [
                "New in Hand Soaps",
                "/browse/personal-care/new-in-hand-soaps/1005862_1071969_2378679"
            ],
            [
                "Softsoap Hand Soap",
                "/browse/personal-care/softsoap-hand-soap/1005862_1071969_4092819"
            ],
            [
                "Method Hand Soaps",
                "/browse/personal-care/method-hand-soaps/1005862_9157053_5971217_4326791"
            ],
            [
                "Hand Sanitizing Wipes",
                "/browse/personal-care/hand-sanitizing-wipes/1005862_1071969_6886797"
            ],
            [
                "Stock up on Hand Wash",
                "/browse/personal-care/stock-up-hand-wash/1005862_1071969_7917529"
            ],
            [
                "Discover! Staff-Favorite Body Care",
                "/browse/personal-care/discover-staff-favorite-body-care/1005862_1071969_8051400"
            ],
            [
                "Hand Sanitizers",
                "/browse/personal-care/hand-sanitizers/1005862_1071969_9011420"
            ]
        ]
    },
    {
        "title": "SOUTH OF FRANCE Lemon Verbena Hand Wash 8 OZ",
        "url": "https://www.walmart.com/ip/SOUTH-OF-FRANCE-Lemon-Verbena-Hand-Wash-8-OZ/159058979",
        "price": "$5.99",
        "stars": 0,
        "ratings": 0,
        "img": "",
        "tags": [
            [
                "New in Hand Soaps",
                "/browse/personal-care/new-in-hand-soaps/1005862_1071969_2378679"
            ],
            [
                "Softsoap Hand Soap",
                "/browse/personal-care/softsoap-hand-soap/1005862_1071969_4092819"
            ],
            [
                "Method Hand Soaps",
                "/browse/personal-care/method-hand-soaps/1005862_9157053_5971217_4326791"
            ],
            [
                "Hand Sanitizing Wipes",
                "/browse/personal-care/hand-sanitizing-wipes/1005862_1071969_6886797"
            ],
            [
                "Stock up on Hand Wash",
                "/browse/personal-care/stock-up-hand-wash/1005862_1071969_7917529"
            ],
            [
                "Discover! Staff-Favorite Body Care",
                "/browse/personal-care/discover-staff-favorite-body-care/1005862_1071969_8051400"
            ],
            [
                "Hand Sanitizers",
                "/browse/personal-care/hand-sanitizers/1005862_1071969_9011420"
            ]
        ]
    },
    {
        "title": "Scottish Fine Soaps Au Lait Cream Hand Wash 750 ml",
        "url": "https://www.walmart.com/ip/Scottish-Fine-Soaps-Au-Lait-Cream-Hand-Wash-750-ml/221453405",
        "price": "$31.99",
        "stars": "3.0",
        "ratings": "1 ",
        "img": "i5.walmartimages.com/asr/0857ad4f-3d51-4965-9de5-843295a56292.2ec270a0728464ca5ade8c95e9bc038d.jpeg?odnWidth=612&odnHeight=612&odnBg=ffffff",
        "tags": []
    },
    {
        "title": "Michel Design Works Foaming Shea Butter Hand Soap 17.8 Oz. - Christmas Snow",
        "url": "https://www.walmart.com/ip/Michel-Design-Works-Foaming-Shea-Butter-Hand-Soap-17-8-Oz-Christmas-Snow/407719811",
        "price": "$17.49",
        "stars": 0,
        "ratings": 0,
        "img": "",
        "tags": []
    },
    {
        "title": "barr-co reserve liquid hand soap 16oz",
        "url": "https://www.walmart.com/ip/barr-co-reserve-liquid-hand-soap-16oz/870611436",
        "price": "$49.42",
        "stars": 0,
        "ratings": 0,
        "img": "",
        "tags": [
            [
                "Hair Oil",
                "/browse/premium-beauty/hair-oil/7924299_3522922_1696711_1967020"
            ],
            [
                "L'occitane",
                "/browse/premium-beauty/loccitane/7924299_9882925_2799089"
            ],
            [
                "Oribe",
                "/browse/premium-beauty/oribe/7924299_9882925_2842465"
            ],
            [
                "Premium Body Washes & Shower Gels",
                "/browse/premium-beauty/premium-body-washes-shower-gels/7924299_3571844_3976103"
            ],
            [
                "Premium Self Care & Pampering",
                "/browse/premium-self-care-pampering/7924299_6211132"
            ],
            [
                "Premium Deodorants & Antiperspirants",
                "/browse/premium-beauty/premium-deodorants-antiperspirants/7924299_3571844_7830813"
            ],
            [
                "Premium Value Sizes & Sets",
                "/browse/premium-beauty/premium-value-sizes-sets/7924299_3571844_8252939"
            ],
            [
                "Premium Hand Lotions & Foot Creams",
                "/browse/premium-beauty/premium-hand-lotions-foot-creams/7924299_3571844_9058859"
            ]
        ]
    }
]