[
    {
        "title": "Odontomed2011\u00ae New Premium Grade Dental Tooth Extracting Forceps #217 With Serrated Jaw (German Grade Stainless Steel) Odm",
        "url": "https://www.walmart.com/ip/Odontomed2011-New-Premium-Grade-Dental-Tooth-Extracting-Forceps-217-With-Serrated-Jaw-German-Grade-Stainless-Steel-Odm/879175545",
        "price": "$9.90",
        "stars": 0,
        "ratings": 0,
        "img": "i5.walmartimages.com/asr/b9c87751-c8c8-4766-83c0-8502cb1e38e1_1.d0b46eaf34d3b14746a20198d905cbe2.jpeg?odnWidth=612&odnHeight=612&odnBg=ffffff",
        "tags": [
            [
                "Face Coverings & Masks",
                "/browse/face-coverings-masks/976760_3386211"
            ],
            [
                "FSA/HSA Eligible Other First Aid",
                "/browse/health/fsa-hsa-eligible-other-first-aid/976760_6120851_8482439_4078439"
            ],
            [
                "FSA/HSA Eligible Patient Care",
                "/browse/health/fsa-hsa-eligible-patient-care/976760_6120851_5437773_1641990_4430878"
            ],
            [
                "Surgical Face Masks",
                "/browse/health/surgical-face-masks/976760_2571007_4919160"
            ],
            [
                "First Aid Tools & Supplies",
                "/browse/health/first-aid-tools-supplies/976760_976798_8924594_6014556"
            ],
            [
                "Dust and Pollen Masks",
                "/browse/health/dust-pollen-masks/976760_3771182_3793675_6894943"
            ],
            [
                "Traction Equipment",
                "/browse/health/traction-equipment/976760_1005860_7712968_8213939"
            ],
            [
                "Disposable Gloves",
                "/browse/health/disposable-gloves/976760_2571007_9602421"
            ]
        ]
    },
    {
        "title": "Moving Grafting Tool Bee Queen Larva Stainless Steel Transferring Needle",
        "url": "https://www.walmart.com/ip/Moving-Grafting-Tool-Bee-Queen-Larva-Stainless-Steel-Transferring-Needle/529319512",
        "price": "$6.19",
        "stars": 0,
        "ratings": 0,
        "img": "",
        "tags": []
    },
    {
        "title": "3 Pack - DenTek Comfort Clean Silk Floss Picks 90 Each",
        "url": "https://www.walmart.com/ip/3-Pack-DenTek-Comfort-Clean-Silk-Floss-Picks-90-Each/498904416",
        "price": "$10.79",
        "stars": "5.0",
        "ratings": "1 ",
        "img": "i5.walmartimages.com/asr/03797501-8fe9-4192-adcc-5d0977c119b7_1.74c8cfea486998c31fe973ffafdc7286.jpeg?odnWidth=612&odnHeight=612&odnBg=ffffff",
        "tags": [
            [
                "Kids Oral Care",
                "/browse/personal-care/kids-oral-care/1005862_1007221_1094604"
            ],
            [
                "All Dental Floss",
                "/browse/personal-care/all-dental-floss/1005862_1007221_1044031_2443344"
            ],
            [
                "All Water Flossers",
                "/browse/personal-care/all-water-flossers/1005862_1007221_1024682_3052677"
            ],
            [
                "Plackers Floss",
                "/browse/personal-care/plackers-floss/1005862_1007221_1044031_3433293"
            ],
            [
                "Braces Floss",
                "/browse/personal-care/braces-floss/1005862_1007221_1044031_3779853"
            ],
            [
                "All Waterpik",
                "/browse/personal-care/all-waterpik/1005862_1007221_1024682_5270254_4545814"
            ],
            [
                "Oral-B",
                "/browse/personal-care/oral-b/1005862_9157053_5149475"
            ]
        ]
    },
    {
        "title": "1PC Floss Holder Aid Oral Hygiene Toothpicks Holder for Care Interdental Cleaning Tools",
        "url": "https://www.walmart.com/ip/1PC-Floss-Holder-Aid-Oral-Hygiene-Toothpicks-Holder-for-Care-Interdental-Cleaning-Tools/563611218",
        "price": "$6.08",
        "stars": 0,
        "ratings": 0,
        "img": "i5.walmartimages.com/asr/5f6d389e-4d6d-45d5-9312-5909171d48f6_1.3714c9bd8af465e951f9f4376ac82307.jpeg?odnWidth=612&odnHeight=612&odnBg=ffffff",
        "tags": [
            [
                "Listerine",
                "/browse/personal-care/listerine/1005862_9157053_2941559"
            ],
            [
                "Plackers Floss",
                "/browse/personal-care/plackers-floss/1005862_1007221_1044031_3433293"
            ],
            [
                "Braces Floss",
                "/browse/personal-care/braces-floss/1005862_1007221_1044031_3779853"
            ],
            [
                "Floss Picks",
                "/browse/personal-care/floss-picks/1005862_1007221_1044031_4600948"
            ],
            [
                "String Floss",
                "/browse/personal-care/string-floss/1005862_1007221_1044031_7062539"
            ],
            [
                "Glide Floss",
                "/browse/personal-care/glide-floss/1005862_1007221_1044031_8431069"
            ]
        ]
    },
    {
        "title": "The Doctor's BrushPicks 120 Each (Pack of 2)",
        "url": "https://www.walmart.com/ip/The-Doctor-s-BrushPicks-120-Each-Pack-of-2/44606391",
        "price": "$6.83",
        "stars": "5.0",
        "ratings": "1 ",
        "img": "i5.walmartimages.com/asr/68e86e6f-53c7-4e2e-ae41-72313350dc6e_1.c3a3f81deba94ca4ea77869927b63332.jpeg?odnWidth=612&odnHeight=612&odnBg=ffffff",
        "tags": [
            [
                "All Dental Floss",
                "/browse/personal-care/all-dental-floss/1005862_1007221_1044031_2443344"
            ],
            [
                "All Water Flossers",
                "/browse/personal-care/all-water-flossers/1005862_1007221_1024682_3052677"
            ],
            [
                "All Waterpik",
                "/browse/personal-care/all-waterpik/1005862_1007221_1024682_5270254_4545814"
            ],
            [
                "Floss Picks",
                "/browse/personal-care/floss-picks/1005862_1007221_1044031_4600948"
            ],
            [
                "Interdental Brushes",
                "/browse/personal-care/interdental-brushes/1005862_1007221_1044031_7314366"
            ]
        ]
    },
    {
        "title": "2 Pack - GUM Proxabrush Go-Betweens Handle with Refills 1 Each",
        "url": "https://www.walmart.com/ip/2-Pack-GUM-Proxabrush-Go-Betweens-Handle-with-Refills-1-Each/839679732",
        "price": "$6.71",
        "stars": "5.0",
        "ratings": "2 ",
        "img": "i5.walmartimages.com/asr/a8acc59f-cfe9-46ed-bf7a-f4092e698b0a_1.c126d94305fb61efbe42e47d1340074b.jpeg?odnWidth=612&odnHeight=612&odnBg=ffffff",
        "tags": [
            [
                "All Dental Floss",
                "/browse/personal-care/all-dental-floss/1005862_1007221_1044031_2443344"
            ],
            [
                "All Water Flossers",
                "/browse/personal-care/all-water-flossers/1005862_1007221_1024682_3052677"
            ],
            [
                "All Waterpik",
                "/browse/personal-care/all-waterpik/1005862_1007221_1024682_5270254_4545814"
            ],
            [
                "Floss Picks",
                "/browse/personal-care/floss-picks/1005862_1007221_1044031_4600948"
            ],
            [
                "Interdental Brushes",
                "/browse/personal-care/interdental-brushes/1005862_1007221_1044031_7314366"
            ]
        ]
    },
    {
        "title": "GUM fine unwaxed 200yds with dispenser",
        "url": "https://www.walmart.com/ip/GUM-fine-unwaxed-200yds-with-dispenser/660972891",
        "price": "$14.99",
        "stars": 0,
        "ratings": 0,
        "img": "",
        "tags": [
            [
                "Listerine",
                "/browse/personal-care/listerine/1005862_9157053_2941559"
            ],
            [
                "Plackers Floss",
                "/browse/personal-care/plackers-floss/1005862_1007221_1044031_3433293"
            ],
            [
                "Braces Floss",
                "/browse/personal-care/braces-floss/1005862_1007221_1044031_3779853"
            ],
            [
                "Floss Picks",
                "/browse/personal-care/floss-picks/1005862_1007221_1044031_4600948"
            ],
            [
                "String Floss",
                "/browse/personal-care/string-floss/1005862_1007221_1044031_7062539"
            ],
            [
                "Glide Floss",
                "/browse/personal-care/glide-floss/1005862_1007221_1044031_8431069"
            ]
        ]
    },
    {
        "title": "The Doctor's BrushPicks 120 Each",
        "url": "https://www.walmart.com/ip/The-Doctor-s-BrushPicks-120-Each/854470516",
        "price": "$5.01",
        "stars": "5.0",
        "ratings": "5 ",
        "img": "i5.walmartimages.com/asr/ca4da2b2-1630-438a-acbb-ec587239ceff.56e149e9252a52a7838587da90e7d44f.jpeg?odnWidth=612&odnHeight=612&odnBg=ffffff",
        "tags": [
            [
                "All Oral Accessories",
                "/browse/personal-care/all-oral-accessories/1005862_1007221_1044029_1891099"
            ],
            [
                "All Dental Floss",
                "/browse/personal-care/all-dental-floss/1005862_1007221_1044031_2443344"
            ],
            [
                "All Water Flossers",
                "/browse/personal-care/all-water-flossers/1005862_1007221_1024682_3052677"
            ],
            [
                "All Dry Mouth Mouthwash",
                "/browse/personal-care/all-dry-mouth-mouthwash/1005862_1007221_1007360_8361519_5654027"
            ],
            [
                "Interdental Brushes",
                "/browse/personal-care/interdental-brushes/1005862_1007221_1044031_7314366"
            ],
            [
                "All Mouthwash",
                "/browse/personal-care/all-mouthwash/1005862_1007221_1007360_7390687"
            ]
        ]
    },
    {
        "title": "AMGRA Dental Cleaning Tools, 9 pcs Dentist Tool Kit Dental Picks Set Stainless Steel Hygiene Kit Dental Picks Oral Care set to Remover Plaque Tartar,Tooth Scraper,Mouth Mirror,Tooth Scaler Home Use",
        "url": "https://www.walmart.com/ip/AMGRA-Dental-Cleaning-Tools-9-pcs-Dentist-Tool-Kit-Picks-Set-Stainless-Steel-Hygiene-Oral-Care-set-Remover-Plaque-Tartar-Tooth-Scraper-Mouth-Mirror-T/257899127",
        "price": "$20.99",
        "stars": 0,
        "ratings": 0,
        "img": "i5.walmartimages.com/asr/e442fc5b-4565-4323-b13e-caa750ccb764.fa9094ce64d955fcb7eb79d55e86c655.jpeg?odnWidth=612&odnHeight=612&odnBg=ffffff",
        "tags": [
            [
                "All Dental Floss",
                "/browse/personal-care/all-dental-floss/1005862_1007221_1044031_2443344"
            ],
            [
                "All Water Flossers",
                "/browse/personal-care/all-water-flossers/1005862_1007221_1024682_3052677"
            ],
            [
                "Braces Floss",
                "/browse/personal-care/braces-floss/1005862_1007221_1044031_3779853"
            ],
            [
                "Floss Picks",
                "/browse/personal-care/floss-picks/1005862_1007221_1044031_4600948"
            ],
            [
                "All Teeth Whitening",
                "/browse/personal-care/all-teeth-whitening/1005862_1007221_1044034_5073174"
            ]
        ]
    },
    {
        "title": "Soft-Picks For Wider Spaces 300 Total, GUM Soft-Picks feature 76 soft rubber bristles on an easy-to-use handle and flexible plastic stem for easy guidance between the.., By Gum",
        "url": "https://www.walmart.com/ip/Soft-Picks-For-Wider-Spaces-300-Total-GUM-feature-76-soft-rubber-bristles-easy-to-use-handle-flexible-plastic-stem-easy-guidance-the-By-Gum/173854849",
        "price": "$26.77",
        "stars": 0,
        "ratings": 0,
        "img": "i5.walmartimages.com/asr/49ecd7e9-b484-45f1-92b2-a81b3e675f3c_1.945d8721401d229c41eda26762aa97cf.jpeg?odnWidth=612&odnHeight=612&odnBg=ffffff",
        "tags": [
            [
                "All Oral Accessories",
                "/browse/personal-care/all-oral-accessories/1005862_1007221_1044029_1891099"
            ],
            [
                "All Dental Floss",
                "/browse/personal-care/all-dental-floss/1005862_1007221_1044031_2443344"
            ],
            [
                "All Water Flossers",
                "/browse/personal-care/all-water-flossers/1005862_1007221_1024682_3052677"
            ],
            [
                "Floss Picks",
                "/browse/personal-care/floss-picks/1005862_1007221_1044031_4600948"
            ],
            [
                "Interdental Brushes",
                "/browse/personal-care/interdental-brushes/1005862_1007221_1044031_7314366"
            ]
        ]
    }
]