[
    {
        "title": "Odontomed2011\u00ae Dental Extracting Forceps #203 Dental Extraction Forceps Stainless Steel",
        "url": "https://www.walmart.com/ip/Odontomed2011-Dental-Extracting-Forceps-203-Dental-Extraction-Forceps-Stainless-Steel/970652533",
        "price": "$9.99",
        "stars": 0,
        "ratings": 0,
        "img": "i5.walmartimages.com/asr/407831e5-a5fa-41a8-a762-b60737da6d57_1.c12a21247f65a05cb28671687d335e81.jpeg?odnWidth=612&odnHeight=612&odnBg=ffffff",
        "tags": [
            [
                "AcuRite",
                "/browse/industrial-scientific/acurite/6197502_8279031_2261593"
            ],
            [
                "Dental Tools & Scrapers",
                "/browse/industrial-scientific/dental-tools-scrapers/6197502_3290676_5316930_2355542"
            ],
            [
                "Otoscopes",
                "/browse/industrial-scientific/otoscopes/6197502_3290676_3710549_4203252"
            ],
            [
                "All Agriculture",
                "/browse/all-agriculture/6197502_4964025"
            ],
            [
                "Eco-Friendly Paper Towels",
                "/browse/industrial-scientific/eco-friendly-paper-towels/6197502_7664396_8367227_1613779_6995019"
            ],
            [
                "Commercial Vacuum & Floor Cleaning Machines",
                "/browse/industrial-scientific/commercial-vacuum-floor-cleaning-machines/6197502_5702707_9458810_9028847"
            ],
            [
                "Commercial Paper Towels",
                "/browse/industrial-scientific/commercial-paper-towels/6197502_5702707_7272148_9251584"
            ]
        ]
    },
    {
        "title": "360\u00b0Rotating Oral Irrigator Dental Hygiene Flosser Dental Teeth Cleaner Nozzle Toothbrush Tools Sets",
        "url": "https://www.walmart.com/ip/360-Rotating-Oral-Irrigator-Dental-Hygiene-Flosser-Dental-Teeth-Cleaner-Nozzle-Toothbrush-Tools-Sets/682514789",
        "price": "$17.78",
        "stars": 0,
        "ratings": 0,
        "img": "",
        "tags": [
            [
                "All Dental Floss",
                "/browse/personal-care/all-dental-floss/1005862_1007221_1044031_2443344"
            ],
            [
                "Braces Floss",
                "/browse/personal-care/braces-floss/1005862_1007221_1044031_3779853"
            ],
            [
                "All Waterpik",
                "/browse/personal-care/all-waterpik/1005862_1007221_1024682_5270254_4545814"
            ],
            [
                "Floss Picks",
                "/browse/personal-care/floss-picks/1005862_1007221_1044031_4600948"
            ],
            [
                "All Electric Toothbrushes",
                "/browse/personal-care/all-electric-toothbrushes/1005862_1007221_2709578_4710_7057335"
            ],
            [
                "Waterpik Replacement Tips",
                "/browse/personal-care/waterpik-replacement-tips/1005862_1007221_1024682_5270254_8312810"
            ]
        ]
    },
    {
        "title": "GUM Eez-Thru Floss Threaders [840] 25 Each (Pack of 2)",
        "url": "https://www.walmart.com/ip/GUM-Eez-Thru-Floss-Threaders-840-25-Each-Pack-of-2/44604012",
        "price": "$7.15",
        "stars": "3.7",
        "ratings": "3 ",
        "img": "i5.walmartimages.com/asr/e12b987b-b070-4cbc-8be2-832ae78e352b_1.810916837139ff3928f133b7e60188a3.jpeg?odnWidth=612&odnHeight=612&odnBg=ffffff",
        "tags": [
            [
                "All Dental Floss",
                "/browse/personal-care/all-dental-floss/1005862_1007221_1044031_2443344"
            ],
            [
                "Listerine",
                "/browse/personal-care/listerine/1005862_9157053_2941559"
            ],
            [
                "All Water Flossers",
                "/browse/personal-care/all-water-flossers/1005862_1007221_1024682_3052677"
            ],
            [
                "Braces Floss",
                "/browse/personal-care/braces-floss/1005862_1007221_1044031_3779853"
            ],
            [
                "Floss Picks",
                "/browse/personal-care/floss-picks/1005862_1007221_1044031_4600948"
            ],
            [
                "String Floss",
                "/browse/personal-care/string-floss/1005862_1007221_1044031_7062539"
            ],
            [
                "Interdental Brushes",
                "/browse/personal-care/interdental-brushes/1005862_1007221_1044031_7314366"
            ],
            [
                "Glide Floss",
                "/browse/personal-care/glide-floss/1005862_1007221_1044031_8431069"
            ]
        ]
    },
    {
        "title": "2 Pk The Doctors OraPik Traveler Plaque and Tartar Remover Interdental Pick 2ct",
        "url": "https://www.walmart.com/ip/2-Pk-The-Doctors-OraPik-Traveler-Plaque-and-Tartar-Remover-Interdental-Pick-2ct/140608528",
        "price": "$8.52",
        "stars": "5.0",
        "ratings": "6 ",
        "img": "",
        "tags": [
            [
                "All Dental Floss",
                "/browse/personal-care/all-dental-floss/1005862_1007221_1044031_2443344"
            ],
            [
                "Braces Floss",
                "/browse/personal-care/braces-floss/1005862_1007221_1044031_3779853"
            ],
            [
                "All Teeth Whitening",
                "/browse/personal-care/all-teeth-whitening/1005862_1007221_1044034_5073174"
            ],
            [
                "Interdental Brushes",
                "/browse/personal-care/interdental-brushes/1005862_1007221_1044031_7314366"
            ],
            [
                "Night Guard",
                "/browse/personal-care/night-guard/1005862_1007221_1044029_9888095"
            ]
        ]
    },
    {
        "title": "2 Pack - GUM Crayola Kids' Flossers, Grape, 75 ct",
        "url": "https://www.walmart.com/ip/2-Pack-GUM-Crayola-Kids-Flossers-Grape-75-ct/574926290",
        "price": "$10.22",
        "stars": 0,
        "ratings": 0,
        "img": "i5.walmartimages.com/asr/3ce29dfa-7241-400f-873a-f38db30439d6_1.ae686d6874d0d9f773f63cb9ee122fed.jpeg?odnWidth=612&odnHeight=612&odnBg=ffffff",
        "tags": [
            [
                "Kids Oral Care",
                "/browse/personal-care/kids-oral-care/1005862_1007221_1094604"
            ],
            [
                "Listerine",
                "/browse/personal-care/listerine/1005862_9157053_2941559"
            ],
            [
                "Plackers Floss",
                "/browse/personal-care/plackers-floss/1005862_1007221_1044031_3433293"
            ],
            [
                "Braces Floss",
                "/browse/personal-care/braces-floss/1005862_1007221_1044031_3779853"
            ],
            [
                "Floss Picks",
                "/browse/personal-care/floss-picks/1005862_1007221_1044031_4600948"
            ],
            [
                "Baby Oral Care",
                "/browse/personal-care/baby-oral-care/1005862_1007221_5084087"
            ],
            [
                "String Floss",
                "/browse/personal-care/string-floss/1005862_1007221_1044031_7062539"
            ]
        ]
    },
    {
        "title": "Ever Ready First Aid Stainless Steel Dental Pick/Probe Set by Ever Ready First Aid",
        "url": "https://www.walmart.com/ip/Ever-Ready-First-Aid-Stainless-Steel-Dental-Pick-Probe-Set-by-Ever-Ready-First-Aid/482470540",
        "price": "$6.99",
        "stars": 0,
        "ratings": 0,
        "img": "",
        "tags": [
            [
                "Denture Adhesive",
                "/browse/personal-care/denture-adhesive/1005862_1007221_1007359"
            ],
            [
                "Oral Pain Relief",
                "/browse/personal-care/oral-pain-relief/1005862_1007221_1044254"
            ],
            [
                "All Dental Floss",
                "/browse/personal-care/all-dental-floss/1005862_1007221_1044031_2443344"
            ],
            [
                "All Breath Freshener",
                "/browse/personal-care/all-breath-freshener/1005862_1007221_8721343_3777687"
            ],
            [
                "Braces Floss",
                "/browse/personal-care/braces-floss/1005862_1007221_1044031_3779853"
            ],
            [
                "Night Guard",
                "/browse/personal-care/night-guard/1005862_1007221_1044029_9888095"
            ]
        ]
    },
    {
        "title": "Plackers Micro Mint Dental Floss Picks, 36 Count",
        "url": "https://www.walmart.com/ip/Plackers-Micro-Mint-Dental-Floss-Picks-36-Count/150562159",
        "price": "$6.49",
        "stars": "3.7",
        "ratings": "52 ",
        "img": "i5.walmartimages.com/asr/2c5747db-fb49-4958-bbbe-cdf3d5a5caf4_1.10764107b43dd084d565a73d1cdbf27a.png?odnWidth=612&odnHeight=612&odnBg=ffffff",
        "tags": [
            [
                "Kids Oral Care",
                "/browse/personal-care/kids-oral-care/1005862_1007221_1094604"
            ],
            [
                "Crest",
                "/browse/personal-care/crest/1005862_9157053_2014962"
            ],
            [
                "All Dental Floss",
                "/browse/personal-care/all-dental-floss/1005862_1007221_1044031_2443344"
            ],
            [
                "All Crest Toothpaste",
                "/browse/personal-care/all-crest-toothpaste/1005862_1007221_1023020_1489384_2603409"
            ],
            [
                "Floss Picks",
                "/browse/personal-care/floss-picks/1005862_1007221_1044031_4600948"
            ],
            [
                "All Manual Toothbrushes",
                "/browse/personal-care/all-manual-toothbrushes/1005862_1007221_2709578_1023019_7646613"
            ],
            [
                "All Toothpaste",
                "/browse/personal-care/all-toothpaste/1005862_1007221_1023020_8164419"
            ]
        ]
    },
    {
        "title": "GUM Eez-Thru Floss Threaders [840] 25 Each (Pack of 6)",
        "url": "https://www.walmart.com/ip/GUM-Eez-Thru-Floss-Threaders-840-25-Each-Pack-of-6/44603027",
        "price": "$14.73",
        "stars": "5.0",
        "ratings": "6 ",
        "img": "i5.walmartimages.com/asr/e12b987b-b070-4cbc-8be2-832ae78e352b_1.810916837139ff3928f133b7e60188a3.jpeg?odnWidth=612&odnHeight=612&odnBg=ffffff",
        "tags": [
            [
                "Oral Pain Relief",
                "/browse/personal-care/oral-pain-relief/1005862_1007221_1044254"
            ],
            [
                "All Dental Floss",
                "/browse/personal-care/all-dental-floss/1005862_1007221_1044031_2443344"
            ],
            [
                "All Breath Freshener",
                "/browse/personal-care/all-breath-freshener/1005862_1007221_8721343_3777687"
            ],
            [
                "Braces Floss",
                "/browse/personal-care/braces-floss/1005862_1007221_1044031_3779853"
            ],
            [
                "String Floss",
                "/browse/personal-care/string-floss/1005862_1007221_1044031_7062539"
            ],
            [
                "Night Guard",
                "/browse/personal-care/night-guard/1005862_1007221_1044029_9888095"
            ]
        ]
    },
    {
        "title": "Electric Tooth Cleaner Sonic Dental Scaler Tartar Calculus Plaque Remover Tool",
        "url": "https://www.walmart.com/ip/Electric-Tooth-Cleaner-Sonic-Dental-Scaler-Tartar-Calculus-Plaque-Remover-Tool/547022704",
        "price": "$18.50",
        "stars": "2.3",
        "ratings": "3 ",
        "img": "",
        "tags": [
            [
                "All Dental Floss",
                "/browse/personal-care/all-dental-floss/1005862_1007221_1044031_2443344"
            ],
            [
                "Braces Floss",
                "/browse/personal-care/braces-floss/1005862_1007221_1044031_3779853"
            ],
            [
                "All Teeth Whitening",
                "/browse/personal-care/all-teeth-whitening/1005862_1007221_1044034_5073174"
            ],
            [
                "All Electric Toothbrushes",
                "/browse/personal-care/all-electric-toothbrushes/1005862_1007221_2709578_4710_7057335"
            ]
        ]
    },
    {
        "title": "RADIUS - Natural Biodegradable Silk Floss, Soft and Smooth for Total Tooth and Gum Protection (33 Yrd)",
        "url": "https://www.walmart.com/ip/RADIUS-Natural-Biodegradable-Silk-Floss-Soft-and-Smooth-for-Total-Tooth-and-Gum-Protection-33-Yrd/26960208",
        "price": "$6.32",
        "stars": "3.3",
        "ratings": "18 ",
        "img": "i5.walmartimages.com/asr/f8aa249d-2c50-466b-8a3b-0d7cc7c9e836_1.3fda1b2448c105e3ab4b2219187aa36d.jpeg?odnWidth=612&odnHeight=612&odnBg=ffffff",
        "tags": [
            [
                "All Dental Floss",
                "/browse/personal-care/all-dental-floss/1005862_1007221_1044031_2443344"
            ],
            [
                "Listerine",
                "/browse/personal-care/listerine/1005862_9157053_2941559"
            ],
            [
                "Braces Floss",
                "/browse/personal-care/braces-floss/1005862_1007221_1044031_3779853"
            ],
            [
                "Tom's of Maine",
                "/browse/personal-care/toms-of-maine/1005862_9157053_6295630"
            ],
            [
                "All Manual Toothbrushes",
                "/browse/personal-care/all-manual-toothbrushes/1005862_1007221_2709578_1023019_7646613"
            ],
            [
                "Glide Floss",
                "/browse/personal-care/glide-floss/1005862_1007221_1044031_8431069"
            ]
        ]
    }
]