[
    {
        "title": "100 BLADES + Fac\u00f3n Professional Wooden Straight Edge Barber Razor - Salon Quality Cut Throat Shavette",
        "url": "https://www.walmart.com/ip/100-BLADES-Fac-n-Professional-Wooden-Straight-Edge-Barber-Razor-Salon-Quality-Cut-Throat-Shavette/464561818",
        "price": "$14.95",
        "stars": 0,
        "ratings": 0,
        "img": "i5.walmartimages.com/asr/8ed7776e-8a58-4109-99f8-2bb0f5efbac4.3d9891ba63598c250676dbbfb5907d91.jpeg?odnWidth=612&odnHeight=612&odnBg=ffffff",
        "tags": [
            [
                "Razors",
                "/browse/personal-care/razors/1005862_1007220_1007399"
            ],
            [
                "Razor Blades",
                "/browse/personal-care/razor-blades/1005862_1007220_1044020"
            ],
            [
                "Women's Razor Blades",
                "/browse/personal-care/womens-razor-blades/1005862_1007220_2012569"
            ],
            [
                "Women's Razors",
                "/browse/personal-care/womens-razors/1005862_1007220_7994182"
            ],
            [
                "All Razor Blades",
                "/browse/personal-care/all-razor-blades/1005862_1007220_8061121"
            ],
            [
                "Gillette Venus Razors",
                "/browse/personal-care/gillette-venus-razors/1005862_1007220_8090056"
            ],
            [
                "Women's Shaving",
                "/browse/personal-care/womens-shaving/1005862_1007220_9200501"
            ],
            [
                "Men's Razors",
                "/browse/personal-care/mens-razors/1005862_1007220_9287106"
            ]
        ]
    },
    {
        "title": "Gillette Venus Razor Handle Includes 1 Cartridges, with Aloe Glide Strip",
        "url": "https://www.walmart.com/ip/Gillette-Venus-Razor-Handle-Includes-1-Cartridges-with-Aloe-Glide-Strip/359105377",
        "price": "$6.99",
        "stars": 0,
        "ratings": 0,
        "img": "",
        "tags": [
            [
                "Razors",
                "/browse/personal-care/razors/1005862_1007220_1007399"
            ],
            [
                "Razor Blades",
                "/browse/personal-care/razor-blades/1005862_1007220_1044020"
            ],
            [
                "Gillette Razors",
                "/browse/personal-care/gillette-razors/1005862_1007220_2562288"
            ],
            [
                "All Razors",
                "/browse/personal-care/all-razors/1005862_1007220_6461098"
            ],
            [
                "Women's Razors",
                "/browse/personal-care/womens-razors/1005862_1007220_7994182"
            ],
            [
                "All Razor Blades",
                "/browse/personal-care/all-razor-blades/1005862_1007220_8061121"
            ],
            [
                "Gillette Venus Razors",
                "/browse/personal-care/gillette-venus-razors/1005862_1007220_8090056"
            ],
            [
                "Women's Shaving",
                "/browse/personal-care/womens-shaving/1005862_1007220_9200501"
            ]
        ]
    },
    {
        "title": "Shaving Kit for Men's Shaving Brush Holder Stand Soap Bowl Mug Hair Beard Brush",
        "url": "https://www.walmart.com/ip/Shaving-Kit-for-Men-s-Shaving-Brush-Holder-Stand-Soap-Bowl-Mug-Hair-Beard-Brush/300438330",
        "price": "$12.79",
        "stars": 0,
        "ratings": 0,
        "img": "i5.walmartimages.com/asr/a2e5012a-7f6d-4853-b137-7c7f6a033dd7_1.be372a790029c896db566e67bff640b5.jpeg?odnWidth=612&odnHeight=612&odnBg=ffffff",
        "tags": [
            [
                "Razors",
                "/browse/personal-care/razors/1005862_1007220_1007399"
            ],
            [
                "Razor Blades",
                "/browse/personal-care/razor-blades/1005862_1007220_1044020"
            ],
            [
                "Women's Razor Blades",
                "/browse/personal-care/womens-razor-blades/1005862_1007220_2012569"
            ],
            [
                "Women's Razors",
                "/browse/personal-care/womens-razors/1005862_1007220_7994182"
            ],
            [
                "All Razor Blades",
                "/browse/personal-care/all-razor-blades/1005862_1007220_8061121"
            ],
            [
                "Gillette Venus Razors",
                "/browse/personal-care/gillette-venus-razors/1005862_1007220_8090056"
            ],
            [
                "Women's Shaving",
                "/browse/personal-care/womens-shaving/1005862_1007220_9200501"
            ],
            [
                "Men's Razors",
                "/browse/personal-care/mens-razors/1005862_1007220_9287106"
            ]
        ]
    },
    {
        "title": "MERKUR Classic 2-Piece Double Edge Saftey Razor 34C",
        "url": "https://www.walmart.com/ip/MERKUR-Classic-2-Piece-Double-Edge-Saftey-Razor-34C/234092952",
        "price": "$40.99",
        "stars": 0,
        "ratings": 0,
        "img": "i5.walmartimages.com/asr/f40c7224-47c9-4334-8d04-4e962be915e0_1.ecbd0acbeda86060f13c75865a49891b.jpeg?odnWidth=612&odnHeight=612&odnBg=ffffff",
        "tags": [
            [
                "Premium Face Moisturizers",
                "/browse/premium-beauty/premium-face-moisturizers/7924299_6754293_5603654"
            ],
            [
                "Cologne & Grooming",
                "/browse/premium-beauty/cologne-grooming/7924299_5414957_6902821"
            ],
            [
                "Proraso",
                "/browse/premium-beauty/proraso/7924299_9882925_7235839"
            ],
            [
                "Premium Face Care",
                "/browse/premium-beauty/premium-face-care/7924299_6351529_7788265"
            ],
            [
                "Premium Grooming Tools",
                "/browse/premium-beauty/premium-grooming-tools/7924299_6351529_8295767"
            ],
            [
                "Lab Series",
                "/browse/premium-beauty/lab-series/7924299_9882925_9524063"
            ],
            [
                "Premium Beard Care",
                "/browse/premium-beauty/premium-beard-care/7924299_6351529_9749804"
            ]
        ]
    },
    {
        "title": "Gillette Sensor Blade Refill Cartridges, 10 Ct",
        "url": "https://www.walmart.com/ip/Gillette-Sensor-Blade-Refill-Cartridges-10-Ct/657551885",
        "price": "$13.58",
        "stars": 0,
        "ratings": 0,
        "img": "",
        "tags": [
            [
                "Razors",
                "/browse/personal-care/razors/1005862_1007220_1007399"
            ],
            [
                "Razor Blades",
                "/browse/personal-care/razor-blades/1005862_1007220_1044020"
            ],
            [
                "Gillette Razors",
                "/browse/personal-care/gillette-razors/1005862_1007220_2562288"
            ],
            [
                "Men's Razor Blades",
                "/browse/personal-care/mens-razor-blades/1005862_1007220_3392907"
            ],
            [
                "All Razors",
                "/browse/personal-care/all-razors/1005862_1007220_6461098"
            ],
            [
                "All Razor Blades",
                "/browse/personal-care/all-razor-blades/1005862_1007220_8061121"
            ],
            [
                "Men's Shaving",
                "/browse/personal-care/mens-shaving/1005862_1007220_8793708"
            ],
            [
                "Men's Razors",
                "/browse/personal-care/mens-razors/1005862_1007220_9287106"
            ]
        ]
    },
    {
        "title": "Gillette Venus Extra Smooth 5 Blade Cartridge Refill, 6 Count (3 packs of 2)",
        "url": "https://www.walmart.com/ip/Gillette-Venus-Extra-Smooth-5-Blade-Cartridge-Refill-6-Count-3-packs-of-2/292267135",
        "price": "$20.99",
        "stars": 0,
        "ratings": 0,
        "img": "i5.walmartimages.com/asr/7ccdc65b-ff96-45ae-b839-35a5bc5d7190_1.06493e770121631726abe09db871b4dc.jpeg?odnWidth=612&odnHeight=612&odnBg=ffffff",
        "tags": [
            [
                "Razor Blades",
                "/browse/personal-care/razor-blades/1005862_1007220_1044020"
            ],
            [
                "Women's Razor Blades",
                "/browse/personal-care/womens-razor-blades/1005862_1007220_2012569"
            ],
            [
                "Schick Razors",
                "/browse/personal-care/schick-razors/1005862_1007220_3441606"
            ],
            [
                "All Razors",
                "/browse/personal-care/all-razors/1005862_1007220_6461098"
            ],
            [
                "Women's Razors",
                "/browse/personal-care/womens-razors/1005862_1007220_7994182"
            ],
            [
                "All Razor Blades",
                "/browse/personal-care/all-razor-blades/1005862_1007220_8061121"
            ],
            [
                "Gillette Venus Razors",
                "/browse/personal-care/gillette-venus-razors/1005862_1007220_8090056"
            ],
            [
                "Women's Shaving",
                "/browse/personal-care/womens-shaving/1005862_1007220_9200501"
            ]
        ]
    },
    {
        "title": "16 Mens Gillette Mach3 Refill Razor Blade Cartridges for Mach 3 (4 Packs Of 4)",
        "url": "https://www.walmart.com/ip/16-Mens-Gillette-Mach3-Refill-Razor-Blade-Cartridges-for-Mach-3-4-Packs-Of-4/834769011",
        "price": "$28.59",
        "stars": 0,
        "ratings": 0,
        "img": "",
        "tags": [
            [
                "Razors",
                "/browse/personal-care/razors/1005862_1007220_1007399"
            ],
            [
                "Gillette Razors",
                "/browse/personal-care/gillette-razors/1005862_1007220_2562288"
            ],
            [
                "Men's Razor Blades",
                "/browse/personal-care/mens-razor-blades/1005862_1007220_3392907"
            ],
            [
                "All Razors",
                "/browse/personal-care/all-razors/1005862_1007220_6461098"
            ],
            [
                "All Razor Blades",
                "/browse/personal-care/all-razor-blades/1005862_1007220_8061121"
            ],
            [
                "Men's Shaving",
                "/browse/personal-care/mens-shaving/1005862_1007220_8793708"
            ],
            [
                "Men's Personal Care",
                "/browse/mens-personal-care/1005862_8928973"
            ],
            [
                "Men's Razors",
                "/browse/personal-care/mens-razors/1005862_1007220_9287106"
            ]
        ]
    },
    {
        "title": "Remington SPR-XR14 HyperFlex Rotary Shaver (2-Pack) w/ Turbo Speed & Cordless",
        "url": "https://www.walmart.com/ip/Remington-SPR-XR14-HyperFlex-Rotary-Shaver-2-Pack-w-Turbo-Speed-Cordless/763081209",
        "price": "$45.98",
        "stars": "5.0",
        "ratings": "1 ",
        "img": "",
        "tags": []
    },
    {
        "title": "Gillette Pack Of 2 Mach3 Razor Handle with 1 Cartridge, Fits Mach3 and Turbo Blades - (2 Razor Pack)",
        "url": "https://www.walmart.com/ip/Gillette-Pack-Of-2-Mach3-Razor-Handle-with-1-Cartridge-Fits-Mach3-and-Turbo-Blades-2-Razor-Pack/890435093",
        "price": "$9.98",
        "stars": 0,
        "ratings": 0,
        "img": "",
        "tags": [
            [
                "Razors",
                "/browse/personal-care/razors/1005862_1007220_1007399"
            ],
            [
                "Gillette Razors",
                "/browse/personal-care/gillette-razors/1005862_1007220_2562288"
            ],
            [
                "Men's Razors and Razor Blades",
                "/browse/personal-care/mens-razors-razor-blades/1005862_1007220_6377251"
            ],
            [
                "All Razors",
                "/browse/personal-care/all-razors/1005862_1007220_6461098"
            ],
            [
                "All Razor Blades",
                "/browse/personal-care/all-razor-blades/1005862_1007220_8061121"
            ],
            [
                "Men's Shaving",
                "/browse/personal-care/mens-shaving/1005862_1007220_8793708"
            ],
            [
                "Men's Personal Care",
                "/browse/mens-personal-care/1005862_8928973"
            ],
            [
                "Men's Razors",
                "/browse/personal-care/mens-razors/1005862_1007220_9287106"
            ]
        ]
    },
    {
        "title": "Gillette Sensor3 Razor Handle + Sensor Excel Refill Blades, 20 Count  + LA Cross Blemish Remover 74851",
        "url": "https://www.walmart.com/ip/Gillette-Sensor3-Razor-Handle-Sensor-Excel-Refill-Blades-20-Count-LA-Cross-Blemish-Remover-74851/330562147",
        "price": "$35.99",
        "stars": "1.0",
        "ratings": "1 ",
        "img": "",
        "tags": [
            [
                "Razor Blades",
                "/browse/personal-care/razor-blades/1005862_1007220_1044020"
            ],
            [
                "Men's Razor Blades",
                "/browse/personal-care/mens-razor-blades/1005862_1007220_3392907"
            ],
            [
                "Men's Razors and Razor Blades",
                "/browse/personal-care/mens-razors-razor-blades/1005862_1007220_6377251"
            ],
            [
                "All Razors",
                "/browse/personal-care/all-razors/1005862_1007220_6461098"
            ],
            [
                "All Razor Blades",
                "/browse/personal-care/all-razor-blades/1005862_1007220_8061121"
            ],
            [
                "Gillette Venus Razors",
                "/browse/personal-care/gillette-venus-razors/1005862_1007220_8090056"
            ],
            [
                "Men's Shaving",
                "/browse/personal-care/mens-shaving/1005862_1007220_8793708"
            ],
            [
                "Men's Razors",
                "/browse/personal-care/mens-razors/1005862_1007220_9287106"
            ]
        ]
    }
]