[
    {
        "title": "NOW Foods - NOW Solutions XyliWhite Kids Toothpaste Gel Bubblegum Splash - 3 oz.",
        "url": "https://www.walmart.com/ip/NOW-Foods-NOW-Solutions-XyliWhite-Kids-Toothpaste-Gel-Bubblegum-Splash-3-oz/49603488",
        "price": "$5.08",
        "stars": "5.0",
        "ratings": "2 ",
        "img": "i5.walmartimages.com/asr/bcc0fa89-c3f0-4c2b-8034-cb350c96f167.0ca2df7273ec2c3c80a130528ad6a64c.jpeg?odnWidth=612&odnHeight=612&odnBg=ffffff",
        "tags": [
            [
                "Diet Foods & Drinks",
                "/browse/health/diet-foods-drinks/976760_1005859_1044200"
            ],
            [
                "Weight Management On the Go",
                "/browse/health/weight-management-on-the-go/976760_1005859_1354991"
            ],
            [
                "Xlear",
                "/browse/health/xlear/976760_3771182_1600986"
            ],
            [
                "Children's Toothpaste & Floss",
                "/browse/health/childrens-toothpaste-floss/976760_3460237_4698587_8992710_5204072"
            ],
            [
                "Whiten Smile",
                "/browse/health/whiten-smile/976760_7324011_4173557_6876871"
            ],
            [
                "Weight Gain Supplements",
                "/browse/health/weight-gain-supplements/976760_1166769_7675649"
            ],
            [
                "Children's Oral Care",
                "/browse/health/childrens-oral-care/976760_3460237_4698587_8992710_8372632"
            ],
            [
                "Weight Gainers",
                "/browse/health/weight-gainers/976760_1166769_8418486"
            ]
        ]
    },
    {
        "title": "Desert Essence Toothpaste - Neem - Cinnamint - 6.25 oz - 1 each",
        "url": "https://www.walmart.com/ip/Desert-Essence-Toothpaste-Neem-Cinnamint-6-25-oz-1-each/51441168",
        "price": "$9.01",
        "stars": "3.5",
        "ratings": "4 ",
        "img": "",
        "tags": [
            [
                "Deodorants & Antiperspirants",
                "/browse/deodorants-antiperspirants/1005862_1001487"
            ],
            [
                "Stock up on Body Wash",
                "/browse/personal-care/stock-up-body-wash/1005862_1071969_1528860"
            ],
            [
                "Men's Bath & Body",
                "/browse/personal-care/mens-bath-body/1005862_1056884_2325953"
            ],
            [
                "Men's Body Wash",
                "/browse/personal-care/mens-body-wash/1005862_1071969_2531574"
            ],
            [
                "Old Spice Body Wash & Deodorants",
                "/browse/personal-care/old-spice-body-wash-deodorants/1005862_1071969_6362250"
            ],
            [
                "Dove Men + Care",
                "/browse/dove-men-care/1005862_7983046"
            ],
            [
                "All Toothpaste",
                "/browse/personal-care/all-toothpaste/1005862_1007221_1023020_8164419"
            ],
            [
                "Whitening Toothpaste",
                "/browse/personal-care/whitening-toothpaste/1005862_1007221_1023020_8212171"
            ]
        ]
    },
    {
        "title": "Redmond Earth Paste Natural Toothpaste, Lemon Twist, 4 Oz",
        "url": "https://www.walmart.com/ip/Redmond-Earth-Paste-Natural-Toothpaste-Lemon-Twist-4-Oz/26960130",
        "price": "$11.46",
        "stars": "5.0",
        "ratings": "5 ",
        "img": "",
        "tags": [
            [
                "Kids Oral Care",
                "/browse/personal-care/kids-oral-care/1005862_1007221_1094604"
            ],
            [
                "Dr. Bronner's Body Care",
                "/browse/personal-care/dr-bronners-body-care/1005862_1071969_3076063"
            ],
            [
                "Clean Living Oral Care",
                "/browse/personal-care/clean-living-oral-care/1005862_1007221_4285418"
            ],
            [
                "Baby Oral Care",
                "/browse/personal-care/baby-oral-care/1005862_1007221_5084087"
            ],
            [
                "Tom's of Maine",
                "/browse/personal-care/toms-of-maine/1005862_9157053_6295630"
            ],
            [
                "Charcoal Teeth Whitening",
                "/browse/personal-care/charcoal-teeth-whitening/1005862_1007221_1044034_7958074"
            ],
            [
                "Whitening Toothpaste",
                "/browse/personal-care/whitening-toothpaste/1005862_1007221_1023020_8212171"
            ],
            [
                "Hello Toothpaste",
                "/browse/personal-care/hello-toothpaste/1005862_1007221_1023020_8374475"
            ]
        ]
    },
    {
        "title": "Dry Mouth Relief Mints and Premium Toothpaste for 24 Hour Bad Breath Prevention",
        "url": "https://www.walmart.com/ip/Dry-Mouth-Relief-Mints-and-Premium-Toothpaste-for-24-Hour-Bad-Breath-Prevention/455198827",
        "price": "$19.96",
        "stars": "4.0",
        "ratings": "1 ",
        "img": "i5.walmartimages.com/asr/34dfec0e-9417-4ca5-8315-b1f53dd72f93_1.26d8f516d9f22699766acd81bb71b89b.jpeg?odnWidth=612&odnHeight=612&odnBg=ffffff",
        "tags": [
            [
                "Kids Oral Care",
                "/browse/personal-care/kids-oral-care/1005862_1007221_1094604"
            ],
            [
                "Crest",
                "/browse/personal-care/crest/1005862_9157053_2014962"
            ],
            [
                "All Crest Toothpaste",
                "/browse/personal-care/all-crest-toothpaste/1005862_1007221_1023020_1489384_2603409"
            ],
            [
                "All Dry Mouth Mouthwash",
                "/browse/personal-care/all-dry-mouth-mouthwash/1005862_1007221_1007360_8361519_5654027"
            ],
            [
                "All Colgate Toothpaste",
                "/browse/personal-care/all-colgate-toothpaste/1005862_1007221_1023020_9769261_5746090"
            ],
            [
                "All Mouthwash",
                "/browse/personal-care/all-mouthwash/1005862_1007221_1007360_7390687"
            ],
            [
                "Sensodyne Toothpaste",
                "/browse/personal-care/sensodyne-toothpaste/1005862_1007221_1023020_8812561"
            ]
        ]
    },
    {
        "title": "3 Pack - Sensodyne Pronamel Strong & Bright Toothpaste, Extra Fresh 3 oz",
        "url": "https://www.walmart.com/ip/3-Pack-Sensodyne-Pronamel-Strong-Bright-Toothpaste-Extra-Fresh-3-oz/810003481",
        "price": "$26.21",
        "stars": "4.6",
        "ratings": "305 ",
        "img": "i5.walmartimages.com/asr/ed1590f9-3917-4bcd-a467-69baa15206fe_1.582c7a5f2b8d7e7bea4de0103faba691.jpeg?odnWidth=612&odnHeight=612&odnBg=ffffff",
        "tags": [
            [
                "Kids Oral Care",
                "/browse/personal-care/kids-oral-care/1005862_1007221_1094604"
            ],
            [
                "Crest",
                "/browse/personal-care/crest/1005862_9157053_2014962"
            ],
            [
                "All Crest Toothpaste",
                "/browse/personal-care/all-crest-toothpaste/1005862_1007221_1023020_1489384_2603409"
            ],
            [
                "Colgate",
                "/browse/personal-care/colgate/1005862_9157053_4009720"
            ],
            [
                "All Colgate Toothpaste",
                "/browse/personal-care/all-colgate-toothpaste/1005862_1007221_1023020_9769261_5746090"
            ],
            [
                "Whitening Toothpaste",
                "/browse/personal-care/whitening-toothpaste/1005862_1007221_1023020_8212171"
            ],
            [
                "Sensodyne Toothpaste",
                "/browse/personal-care/sensodyne-toothpaste/1005862_1007221_1023020_8812561"
            ]
        ]
    },
    {
        "title": "Tom's of Maine Rapid Relief Sensitive Natural Toothpaste, Fresh Mint, 2 Pack",
        "url": "https://www.walmart.com/ip/Tom-s-of-Maine-Rapid-Relief-Sensitive-Natural-Toothpaste-Fresh-Mint-2-Pack/410455879",
        "price": "$20.84",
        "stars": "4.2",
        "ratings": "70 ",
        "img": "i5.walmartimages.com/asr/1149f4aa-d79b-48f3-b6c8-25a6f8534dfe_1.4c8bea25dcc8801435aaf39016bd8d98.jpeg?odnWidth=612&odnHeight=612&odnBg=ffffff",
        "tags": [
            [
                "Stock up on Allergy",
                "/browse/seasonal/stock-up-allergy/1085632_9267270_7417722_1614047"
            ],
            [
                "Clean Living Deodorants & Antiperspirants",
                "/browse/seasonal/clean-living-deodorants-antiperspirants/1085632_8154447_5132862_7170281_2176651"
            ],
            [
                "Back to College Stock Up",
                "/browse/seasonal/back-to-college-stock-up/1085632_9267270_4435758"
            ],
            [
                "Stock up on Vitamins & Supplements",
                "/browse/seasonal/stock-up-vitamins-supplements/1085632_9267270_7417722_4999771"
            ],
            [
                "Stock up on Cleaning Supplies",
                "/browse/seasonal/stock-up-cleaning-supplies/1085632_9267270_6133729_6220803"
            ],
            [
                "Stock up on Incontinence",
                "/browse/seasonal/stock-up-incontinence/1085632_9267270_7417722_7989392"
            ],
            [
                "Stock up on Pain Relief",
                "/browse/seasonal/stock-up-pain-relief/1085632_9267270_7417722_8636961"
            ],
            [
                "American Jobs 2020",
                "/browse/seasonal/american-jobs-2020/1085632_9129632_9595668"
            ]
        ]
    },
    {
        "title": "2 Pack - Crest Gum Detoxify + Whitening 2 Step Toothpaste 1 ea",
        "url": "https://www.walmart.com/ip/2-Pack-Crest-Gum-Detoxify-Whitening-2-Step-Toothpaste-1-ea/997077587",
        "price": "$36.09",
        "stars": 0,
        "ratings": 0,
        "img": "i5.walmartimages.com/asr/5e8a250e-be80-4c26-bd36-d4b9c8720f35_1.a80d654523e70b7895a246587420a6ce.jpeg?odnWidth=612&odnHeight=612&odnBg=ffffff",
        "tags": [
            [
                "Crest Mouthwash",
                "/browse/personal-care/crest-mouthwash/1005862_1007221_1007360_2137973"
            ],
            [
                "All Crest Toothpaste",
                "/browse/personal-care/all-crest-toothpaste/1005862_1007221_1023020_1489384_2603409"
            ],
            [
                "Crest Gum Health Toothpaste",
                "/browse/personal-care/crest-gum-health-toothpaste/1005862_1007221_1023020_1489384_2609709"
            ],
            [
                "All Whitening Strips",
                "/browse/personal-care/all-whitening-strips/1005862_1007221_1044034_1298483_4448175"
            ],
            [
                "All Teeth Whitening",
                "/browse/personal-care/all-teeth-whitening/1005862_1007221_1044034_5073174"
            ],
            [
                "Sensitive Toothpaste",
                "/browse/personal-care/sensitive-toothpaste/1005862_1007221_1023020_5301211"
            ],
            [
                "All Toothpaste",
                "/browse/personal-care/all-toothpaste/1005862_1007221_1023020_8164419"
            ]
        ]
    },
    {
        "title": "4 Pack - Crest Gum Detoxify + Whitening 2 Step Toothpaste 1 ea",
        "url": "https://www.walmart.com/ip/4-Pack-Crest-Gum-Detoxify-Whitening-2-Step-Toothpaste-1-ea/943563931",
        "price": "$64.63",
        "stars": 0,
        "ratings": 0,
        "img": "i5.walmartimages.com/asr/5e8a250e-be80-4c26-bd36-d4b9c8720f35_1.a80d654523e70b7895a246587420a6ce.jpeg?odnWidth=612&odnHeight=612&odnBg=ffffff",
        "tags": [
            [
                "Crest Mouthwash",
                "/browse/personal-care/crest-mouthwash/1005862_1007221_1007360_2137973"
            ],
            [
                "All Crest Toothpaste",
                "/browse/personal-care/all-crest-toothpaste/1005862_1007221_1023020_1489384_2603409"
            ],
            [
                "All Whitening Strips",
                "/browse/personal-care/all-whitening-strips/1005862_1007221_1044034_1298483_4448175"
            ],
            [
                "All Teeth Whitening",
                "/browse/personal-care/all-teeth-whitening/1005862_1007221_1044034_5073174"
            ],
            [
                "Crest Whitening Strips",
                "/browse/personal-care/crest-whitening-strips/1005862_1007221_1044034_1298483_5708395"
            ],
            [
                "All Toothpaste",
                "/browse/personal-care/all-toothpaste/1005862_1007221_1023020_8164419"
            ]
        ]
    },
    {
        "title": "Smart Mouth Whitening Toothpaste with Fluoride Clean Mint 6 oz (Pack of 2)",
        "url": "https://www.walmart.com/ip/Smart-Mouth-Whitening-Toothpaste-with-Fluoride-Clean-Mint-6-oz-Pack-of-2/598091416",
        "price": "$20.97",
        "stars": 0,
        "ratings": 0,
        "img": "",
        "tags": [
            [
                "Kids Oral Care",
                "/browse/personal-care/kids-oral-care/1005862_1007221_1094604"
            ],
            [
                "Crest",
                "/browse/personal-care/crest/1005862_9157053_2014962"
            ],
            [
                "All Crest Toothpaste",
                "/browse/personal-care/all-crest-toothpaste/1005862_1007221_1023020_1489384_2603409"
            ],
            [
                "All Dry Mouth Mouthwash",
                "/browse/personal-care/all-dry-mouth-mouthwash/1005862_1007221_1007360_8361519_5654027"
            ],
            [
                "All Colgate Toothpaste",
                "/browse/personal-care/all-colgate-toothpaste/1005862_1007221_1023020_9769261_5746090"
            ],
            [
                "All Mouthwash",
                "/browse/personal-care/all-mouthwash/1005862_1007221_1007360_7390687"
            ],
            [
                "Sensodyne Toothpaste",
                "/browse/personal-care/sensodyne-toothpaste/1005862_1007221_1023020_8812561"
            ]
        ]
    },
    {
        "title": "Pepsodent Complete Care Toothpaste, Original Flavor, 5.5 oz, 2 Pack",
        "url": "https://www.walmart.com/ip/Pepsodent-Complete-Care-Toothpaste-Original-Flavor-5-5-oz-2-Pack/809394770",
        "price": "$7.42",
        "stars": 0,
        "ratings": 0,
        "img": "",
        "tags": [
            [
                "Kids Oral Care",
                "/browse/personal-care/kids-oral-care/1005862_1007221_1094604"
            ],
            [
                "Crest",
                "/browse/personal-care/crest/1005862_9157053_2014962"
            ],
            [
                "All Crest Toothpaste",
                "/browse/personal-care/all-crest-toothpaste/1005862_1007221_1023020_1489384_2603409"
            ],
            [
                "Colgate",
                "/browse/personal-care/colgate/1005862_9157053_4009720"
            ],
            [
                "All Colgate Toothpaste",
                "/browse/personal-care/all-colgate-toothpaste/1005862_1007221_1023020_9769261_5746090"
            ],
            [
                "Whitening Toothpaste",
                "/browse/personal-care/whitening-toothpaste/1005862_1007221_1023020_8212171"
            ],
            [
                "Sensodyne Toothpaste",
                "/browse/personal-care/sensodyne-toothpaste/1005862_1007221_1023020_8812561"
            ]
        ]
    }
]