[
    {
        "title": "Crest Fresh and White Fluoride Anticavity Toothpaste Peppermint Gleem - 5.7 oz",
        "url": "https://www.walmart.com/ip/Crest-Fresh-and-White-Fluoride-Anticavity-Toothpaste-Peppermint-Gleem-5-7-oz/742167160",
        "price": "$9.49",
        "stars": 0,
        "ratings": 0,
        "img": "i5.walmartimages.com/asr/6019612b-a25f-46a8-9ae2-1f391f659a21_1.ad709c3d849cceadee28a2de4ef71ffa.jpeg?odnWidth=612&odnHeight=612&odnBg=ffffff",
        "tags": [
            [
                "Crest Mouthwash",
                "/browse/personal-care/crest-mouthwash/1005862_1007221_1007360_2137973"
            ],
            [
                "All Crest Toothpaste",
                "/browse/personal-care/all-crest-toothpaste/1005862_1007221_1023020_1489384_2603409"
            ],
            [
                "All Whitening Strips",
                "/browse/personal-care/all-whitening-strips/1005862_1007221_1044034_1298483_4448175"
            ],
            [
                "All Teeth Whitening",
                "/browse/personal-care/all-teeth-whitening/1005862_1007221_1044034_5073174"
            ],
            [
                "Crest Whitening Strips",
                "/browse/personal-care/crest-whitening-strips/1005862_1007221_1044034_1298483_5708395"
            ],
            [
                "All Toothpaste",
                "/browse/personal-care/all-toothpaste/1005862_1007221_1023020_8164419"
            ]
        ]
    },
    {
        "title": "New 806301  Colgate 2.5Oz Cavity Protection Reg (24-Pack) Oral Care Cheap Wholesale Discount Bulk Health And Beauty Oral Care Dove",
        "url": "https://www.walmart.com/ip/New-806301-Colgate-2-5Oz-Cavity-Protection-Reg-24-Pack-Oral-Care-Cheap-Wholesale-Discount-Bulk-Health-And-Beauty-Oral-Care-Dove/339255129",
        "price": "$44.82",
        "stars": 0,
        "ratings": 0,
        "img": "",
        "tags": [
            [
                "Kids Oral Care",
                "/browse/personal-care/kids-oral-care/1005862_1007221_1094604"
            ],
            [
                "Crest",
                "/browse/personal-care/crest/1005862_9157053_2014962"
            ],
            [
                "All Crest Toothpaste",
                "/browse/personal-care/all-crest-toothpaste/1005862_1007221_1023020_1489384_2603409"
            ],
            [
                "Colgate Total Toothpaste",
                "/browse/personal-care/colgate-total-toothpaste/1005862_1007221_1023020_9769261_4509640"
            ],
            [
                "All Colgate Toothpaste",
                "/browse/personal-care/all-colgate-toothpaste/1005862_1007221_1023020_9769261_5746090"
            ],
            [
                "Colgate Optic White Toothpaste",
                "/browse/personal-care/colgate-optic-white-toothpaste/1005862_1007221_1023020_9769261_7536203"
            ],
            [
                "All Toothpaste",
                "/browse/personal-care/all-toothpaste/1005862_1007221_1023020_8164419"
            ],
            [
                "Whitening Toothpaste",
                "/browse/personal-care/whitening-toothpaste/1005862_1007221_1023020_8212171"
            ]
        ]
    },
    {
        "title": "Crest 1823124 4.1 oz 3D White Whitening Therapy Charcoal Deep Clean Toothpaste Invigorating Mint",
        "url": "https://www.walmart.com/ip/Crest-1823124-4-1-oz-3D-White-Whitening-Therapy-Charcoal-Deep-Clean-Toothpaste-Invigorating-Mint/884553873",
        "price": "$20.25",
        "stars": "4.7",
        "ratings": "57 ",
        "img": "",
        "tags": [
            [
                "Neutrogena Body Wash",
                "/browse/personal-care/neutrogena-body-wash/1005862_1071969_1410284"
            ],
            [
                "All Crest Toothpaste",
                "/browse/personal-care/all-crest-toothpaste/1005862_1007221_1023020_1489384_2603409"
            ],
            [
                "Crest Gum Health Toothpaste",
                "/browse/personal-care/crest-gum-health-toothpaste/1005862_1007221_1023020_1489384_2609709"
            ],
            [
                "Crest 3D White Toothpaste",
                "/browse/personal-care/crest-3d-white-toothpaste/1005862_1007221_1023020_1489384_4491904"
            ],
            [
                "Colgate Total Toothpaste",
                "/browse/personal-care/colgate-total-toothpaste/1005862_1007221_1023020_9769261_4509640"
            ],
            [
                "Sensitive Toothpaste",
                "/browse/personal-care/sensitive-toothpaste/1005862_1007221_1023020_5301211"
            ],
            [
                "Charcoal Teeth Whitening",
                "/browse/personal-care/charcoal-teeth-whitening/1005862_1007221_1044034_7958074"
            ],
            [
                "Sensodyne Toothpaste",
                "/browse/personal-care/sensodyne-toothpaste/1005862_1007221_1023020_8812561"
            ]
        ]
    },
    {
        "title": "GUM Technique Sensitive Care Toothbrushes Ultrasoft/Regular 2 Each (Pack of 3)",
        "url": "https://www.walmart.com/ip/GUM-Technique-Sensitive-Care-Toothbrushes-Ultrasoft-Regular-2-Each-Pack-of-3/45017983",
        "price": "$13.74",
        "stars": 0,
        "ratings": 0,
        "img": "i5.walmartimages.com/asr/6c7e8618-d803-46af-baba-99bd451c42b0_1.3a8832357bf41fee19637b25b3a3e7fd.jpeg?odnWidth=612&odnHeight=612&odnBg=ffffff",
        "tags": [
            [
                "Kids Oral Care",
                "/browse/personal-care/kids-oral-care/1005862_1007221_1094604"
            ],
            [
                "Crest",
                "/browse/personal-care/crest/1005862_9157053_2014962"
            ],
            [
                "All Crest Toothpaste",
                "/browse/personal-care/all-crest-toothpaste/1005862_1007221_1023020_1489384_2603409"
            ],
            [
                "Colgate",
                "/browse/personal-care/colgate/1005862_9157053_4009720"
            ],
            [
                "All Colgate Toothpaste",
                "/browse/personal-care/all-colgate-toothpaste/1005862_1007221_1023020_9769261_5746090"
            ],
            [
                "Whitening Toothpaste",
                "/browse/personal-care/whitening-toothpaste/1005862_1007221_1023020_8212171"
            ],
            [
                "Sensodyne Toothpaste",
                "/browse/personal-care/sensodyne-toothpaste/1005862_1007221_1023020_8812561"
            ]
        ]
    },
    {
        "title": "Colgate Total Toothpaste Clean Mint 0.75 oz (Pack of 3)",
        "url": "https://www.walmart.com/ip/Colgate-Total-Toothpaste-Clean-Mint-0-75-oz-Pack-of-3/44604893",
        "price": "$5.67",
        "stars": 0,
        "ratings": 0,
        "img": "i5.walmartimages.com/asr/597ee495-9745-4936-8d41-70d4905ac76b_1.74b099b3710863445d414d6f85dfdb21.jpeg?odnWidth=612&odnHeight=612&odnBg=ffffff",
        "tags": [
            [
                "Kids Oral Care",
                "/browse/personal-care/kids-oral-care/1005862_1007221_1094604"
            ],
            [
                "Crest",
                "/browse/personal-care/crest/1005862_9157053_2014962"
            ],
            [
                "All Crest Toothpaste",
                "/browse/personal-care/all-crest-toothpaste/1005862_1007221_1023020_1489384_2603409"
            ],
            [
                "Colgate Total Toothpaste",
                "/browse/personal-care/colgate-total-toothpaste/1005862_1007221_1023020_9769261_4509640"
            ],
            [
                "All Colgate Toothpaste",
                "/browse/personal-care/all-colgate-toothpaste/1005862_1007221_1023020_9769261_5746090"
            ],
            [
                "Colgate Optic White Toothpaste",
                "/browse/personal-care/colgate-optic-white-toothpaste/1005862_1007221_1023020_9769261_7536203"
            ],
            [
                "All Toothpaste",
                "/browse/personal-care/all-toothpaste/1005862_1007221_1023020_8164419"
            ],
            [
                "Whitening Toothpaste",
                "/browse/personal-care/whitening-toothpaste/1005862_1007221_1023020_8212171"
            ]
        ]
    },
    {
        "title": "Crest Pro-Health Clinical Deep Clean Mint Oral Rinse 32 oz (Pack of 3)",
        "url": "https://www.walmart.com/ip/Crest-Pro-Health-Clinical-Deep-Clean-Mint-Oral-Rinse-32-oz-Pack-of-3/45023088",
        "price": "$31.72",
        "stars": "3.9",
        "ratings": "34 ",
        "img": "i5.walmartimages.com/asr/9fcd2ce9-123a-4165-b367-c10dde39edd6_1.e25df5cf0926a1acb1e1b7b570183936.jpeg?odnWidth=612&odnHeight=612&odnBg=ffffff",
        "tags": [
            [
                "Crest Mouthwash",
                "/browse/personal-care/crest-mouthwash/1005862_1007221_1007360_2137973"
            ],
            [
                "All Crest Toothpaste",
                "/browse/personal-care/all-crest-toothpaste/1005862_1007221_1023020_1489384_2603409"
            ],
            [
                "Crest Pro Health Toothpaste",
                "/browse/personal-care/crest-pro-health-toothpaste/1005862_1007221_1023020_1489384_4415374"
            ],
            [
                "All Whitening Strips",
                "/browse/personal-care/all-whitening-strips/1005862_1007221_1044034_1298483_4448175"
            ],
            [
                "All Dry Mouth Mouthwash",
                "/browse/personal-care/all-dry-mouth-mouthwash/1005862_1007221_1007360_8361519_5654027"
            ],
            [
                "All Mouthwash",
                "/browse/personal-care/all-mouthwash/1005862_1007221_1007360_7390687"
            ],
            [
                "All Toothpaste",
                "/browse/personal-care/all-toothpaste/1005862_1007221_1023020_8164419"
            ]
        ]
    },
    {
        "title": "Toothpaste McKesson Mint Flavor 2.75 oz. Tube Pack of 12",
        "url": "https://www.walmart.com/ip/Toothpaste-McKesson-Mint-Flavor-2-75-oz-Tube-Pack-of-12/334432289",
        "price": "$10.57",
        "stars": "5.0",
        "ratings": "1 ",
        "img": "",
        "tags": [
            [
                "Kids Oral Care",
                "/browse/personal-care/kids-oral-care/1005862_1007221_1094604"
            ],
            [
                "Crest",
                "/browse/personal-care/crest/1005862_9157053_2014962"
            ],
            [
                "All Crest Toothpaste",
                "/browse/personal-care/all-crest-toothpaste/1005862_1007221_1023020_1489384_2603409"
            ],
            [
                "Colgate",
                "/browse/personal-care/colgate/1005862_9157053_4009720"
            ],
            [
                "All Colgate Toothpaste",
                "/browse/personal-care/all-colgate-toothpaste/1005862_1007221_1023020_9769261_5746090"
            ],
            [
                "Whitening Toothpaste",
                "/browse/personal-care/whitening-toothpaste/1005862_1007221_1023020_8212171"
            ],
            [
                "Sensodyne Toothpaste",
                "/browse/personal-care/sensodyne-toothpaste/1005862_1007221_1023020_8812561"
            ]
        ]
    },
    {
        "title": "Aquafresh Triple Action Extra Fresh Whitening Tube Toothpaste, Fresh Mint - 5.6 Oz, 2 Pack",
        "url": "https://www.walmart.com/ip/Aquafresh-Triple-Action-Extra-Fresh-Whitening-Tube-Toothpaste-Fresh-Mint-5-6-Oz-2-Pack/525418916",
        "price": "$10.72",
        "stars": 0,
        "ratings": 0,
        "img": "",
        "tags": [
            [
                "Kids Oral Care",
                "/browse/personal-care/kids-oral-care/1005862_1007221_1094604"
            ],
            [
                "Crest",
                "/browse/personal-care/crest/1005862_9157053_2014962"
            ],
            [
                "All Crest Toothpaste",
                "/browse/personal-care/all-crest-toothpaste/1005862_1007221_1023020_1489384_2603409"
            ],
            [
                "Colgate",
                "/browse/personal-care/colgate/1005862_9157053_4009720"
            ],
            [
                "All Colgate Toothpaste",
                "/browse/personal-care/all-colgate-toothpaste/1005862_1007221_1023020_9769261_5746090"
            ],
            [
                "Whitening Toothpaste",
                "/browse/personal-care/whitening-toothpaste/1005862_1007221_1023020_8212171"
            ],
            [
                "Sensodyne Toothpaste",
                "/browse/personal-care/sensodyne-toothpaste/1005862_1007221_1023020_8812561"
            ]
        ]
    },
    {
        "title": "Spread Heads Toothpaste Caps - Toothpaste Pete Dog Cap",
        "url": "https://www.walmart.com/ip/Spread-Heads-Toothpaste-Caps-Toothpaste-Pete-Dog-Cap/125273487",
        "price": "$14.99",
        "stars": 0,
        "ratings": 0,
        "img": "i5.walmartimages.com/asr/5c9f546a-29b6-486b-bc96-e2c339377e1d_1.7336fa0c8e77412da8c5e3757b51c462.jpeg?odnWidth=612&odnHeight=612&odnBg=ffffff",
        "tags": [
            [
                "Kids Oral Care",
                "/browse/personal-care/kids-oral-care/1005862_1007221_1094604"
            ],
            [
                "Crest",
                "/browse/personal-care/crest/1005862_9157053_2014962"
            ],
            [
                "All Crest Toothpaste",
                "/browse/personal-care/all-crest-toothpaste/1005862_1007221_1023020_1489384_2603409"
            ],
            [
                "Colgate",
                "/browse/personal-care/colgate/1005862_9157053_4009720"
            ],
            [
                "All Colgate Toothpaste",
                "/browse/personal-care/all-colgate-toothpaste/1005862_1007221_1023020_9769261_5746090"
            ],
            [
                "Whitening Toothpaste",
                "/browse/personal-care/whitening-toothpaste/1005862_1007221_1023020_8212171"
            ],
            [
                "Sensodyne Toothpaste",
                "/browse/personal-care/sensodyne-toothpaste/1005862_1007221_1023020_8812561"
            ]
        ]
    },
    {
        "title": "Gel-Kam Fluoride Preventive Treatment Gel, Mint Flavor - 4.3 Oz",
        "url": "https://www.walmart.com/ip/Gel-Kam-Fluoride-Preventive-Treatment-Gel-Mint-Flavor-4-3-Oz/593097809",
        "price": "$23.50",
        "stars": 0,
        "ratings": 0,
        "img": "",
        "tags": [
            [
                "Kids Oral Care",
                "/browse/personal-care/kids-oral-care/1005862_1007221_1094604"
            ],
            [
                "Crest",
                "/browse/personal-care/crest/1005862_9157053_2014962"
            ],
            [
                "All Crest Toothpaste",
                "/browse/personal-care/all-crest-toothpaste/1005862_1007221_1023020_1489384_2603409"
            ],
            [
                "Colgate",
                "/browse/personal-care/colgate/1005862_9157053_4009720"
            ],
            [
                "All Colgate Toothpaste",
                "/browse/personal-care/all-colgate-toothpaste/1005862_1007221_1023020_9769261_5746090"
            ],
            [
                "Whitening Toothpaste",
                "/browse/personal-care/whitening-toothpaste/1005862_1007221_1023020_8212171"
            ],
            [
                "Sensodyne Toothpaste",
                "/browse/personal-care/sensodyne-toothpaste/1005862_1007221_1023020_8812561"
            ]
        ]
    }
]