[
    {
        "title": "GUM Fine Unwaxed Dental Floss 200 Yards with Dispenser (Pack of 3)",
        "url": "https://www.walmart.com/ip/GUM-Fine-Unwaxed-Dental-Floss-200-Yards-with-Dispenser-Pack-of-3/655020528",
        "price": "$29.99",
        "stars": 0,
        "ratings": 0,
        "img": "",
        "tags": [
            [
                "Listerine",
                "/browse/personal-care/listerine/1005862_9157053_2941559"
            ],
            [
                "Plackers Floss",
                "/browse/personal-care/plackers-floss/1005862_1007221_1044031_3433293"
            ],
            [
                "Braces Floss",
                "/browse/personal-care/braces-floss/1005862_1007221_1044031_3779853"
            ],
            [
                "Floss Picks",
                "/browse/personal-care/floss-picks/1005862_1007221_1044031_4600948"
            ],
            [
                "String Floss",
                "/browse/personal-care/string-floss/1005862_1007221_1044031_7062539"
            ],
            [
                "Glide Floss",
                "/browse/personal-care/glide-floss/1005862_1007221_1044031_8431069"
            ]
        ]
    },
    {
        "title": "Listerine Ultra Clean Access Flosser Mint Flavored Refill Heads 28 Count",
        "url": "https://www.walmart.com/ip/Listerine-Ultra-Clean-Access-Flosser-Mint-Flavored-Refill-Heads-28-Count/680111881",
        "price": "$7.91",
        "stars": "4.3",
        "ratings": "61 ",
        "img": "",
        "tags": [
            [
                "Crest Mouthwash",
                "/browse/personal-care/crest-mouthwash/1005862_1007221_1007360_2137973"
            ],
            [
                "All Dental Floss",
                "/browse/personal-care/all-dental-floss/1005862_1007221_1044031_2443344"
            ],
            [
                "All Dry Mouth Mouthwash",
                "/browse/personal-care/all-dry-mouth-mouthwash/1005862_1007221_1007360_8361519_5654027"
            ],
            [
                "Listerine Mouthwash",
                "/browse/personal-care/listerine-mouthwash/1005862_1007221_1007360_6779281"
            ],
            [
                "String Floss",
                "/browse/personal-care/string-floss/1005862_1007221_1044031_7062539"
            ],
            [
                "All Mouthwash",
                "/browse/personal-care/all-mouthwash/1005862_1007221_1007360_7390687"
            ]
        ]
    },
    {
        "title": "FAGINEY 50pcs Dental Floss Disposable Toothpick Tooth Cleaning Oral Hygiene Care Tool, Tooth Picking Tool, Dental Cleaner",
        "url": "https://www.walmart.com/ip/FAGINEY-50pcs-Dental-Floss-Disposable-Toothpick-Tooth-Cleaning-Oral-Hygiene-Care-Tool-Tooth-Picking-Tool-Dental-Cleaner/365033629",
        "price": "$7.13",
        "stars": 0,
        "ratings": 0,
        "img": "i5.walmartimages.com/asr/2582c112-84d1-4b41-a0cc-4e325ef1c0d1_1.15333419b9168c9c2877195bed946a3c.jpeg?odnWidth=612&odnHeight=612&odnBg=ffffff",
        "tags": [
            [
                "Listerine",
                "/browse/personal-care/listerine/1005862_9157053_2941559"
            ],
            [
                "Plackers Floss",
                "/browse/personal-care/plackers-floss/1005862_1007221_1044031_3433293"
            ],
            [
                "Braces Floss",
                "/browse/personal-care/braces-floss/1005862_1007221_1044031_3779853"
            ],
            [
                "Floss Picks",
                "/browse/personal-care/floss-picks/1005862_1007221_1044031_4600948"
            ],
            [
                "String Floss",
                "/browse/personal-care/string-floss/1005862_1007221_1044031_7062539"
            ],
            [
                "Glide Floss",
                "/browse/personal-care/glide-floss/1005862_1007221_1044031_8431069"
            ]
        ]
    },
    {
        "title": "OdontoMed2011\u00ae DENTAL EXTRACTING MEAD FORCEP MD4 MOLAR TOOTH EXTRACTION STAINLESS STEEL ODM",
        "url": "https://www.walmart.com/ip/OdontoMed2011-DENTAL-EXTRACTING-MEAD-FORCEP-MD4-MOLAR-TOOTH-EXTRACTION-STAINLESS-STEEL-ODM/503120946",
        "price": "$9.90",
        "stars": 0,
        "ratings": 0,
        "img": "",
        "tags": [
            [
                "Denture Adhesive",
                "/browse/personal-care/denture-adhesive/1005862_1007221_1007359"
            ],
            [
                "Oral Pain Relief",
                "/browse/personal-care/oral-pain-relief/1005862_1007221_1044254"
            ],
            [
                "All Dental Floss",
                "/browse/personal-care/all-dental-floss/1005862_1007221_1044031_2443344"
            ],
            [
                "All Breath Freshener",
                "/browse/personal-care/all-breath-freshener/1005862_1007221_8721343_3777687"
            ],
            [
                "Braces Floss",
                "/browse/personal-care/braces-floss/1005862_1007221_1044031_3779853"
            ],
            [
                "Night Guard",
                "/browse/personal-care/night-guard/1005862_1007221_1044029_9888095"
            ]
        ]
    },
    {
        "title": "AquaFlosser 2 Low Pressure Jet Blue Tips Replacement Parts Compatible with Waterpik or other Water Flossers/Irrigators",
        "url": "https://www.walmart.com/ip/AquaFlosser-2-Low-Pressure-Jet-Blue-Tips-Replacement-Parts-Compatible-with-Waterpik-or-other-Water-Flossers-Irrigators/855237725",
        "price": "$6.99",
        "stars": 0,
        "ratings": 0,
        "img": "i5.walmartimages.com/asr/ed65ae2d-68d2-4b91-b324-23223b7dfc46_1.21e99e836a100e189a579e7ce2e27af1.jpeg?odnWidth=612&odnHeight=612&odnBg=ffffff",
        "tags": [
            [
                "All Dental Floss",
                "/browse/personal-care/all-dental-floss/1005862_1007221_1044031_2443344"
            ],
            [
                "Braces Floss",
                "/browse/personal-care/braces-floss/1005862_1007221_1044031_3779853"
            ],
            [
                "All Waterpik",
                "/browse/personal-care/all-waterpik/1005862_1007221_1024682_5270254_4545814"
            ],
            [
                "Floss Picks",
                "/browse/personal-care/floss-picks/1005862_1007221_1044031_4600948"
            ],
            [
                "All Electric Toothbrushes",
                "/browse/personal-care/all-electric-toothbrushes/1005862_1007221_2709578_4710_7057335"
            ],
            [
                "Waterpik Replacement Tips",
                "/browse/personal-care/waterpik-replacement-tips/1005862_1007221_1024682_5270254_8312810"
            ]
        ]
    },
    {
        "title": "Water Bottle for Kids With Time Markers - Motivational Bottles Remind Boys & Girls To Drink Water All Day - BPA Free, Leak Proof Plastic Bottle with Chug Cap & Carry Loop",
        "url": "https://www.walmart.com/ip/Water-Bottle-Kids-With-Time-Markers-Motivational-Bottles-Remind-Boys-Girls-To-Drink-All-Day-BPA-Free-Leak-Proof-Plastic-Chug-Cap-Carry-Loop/524604722",
        "price": "$16.99",
        "stars": "4.1",
        "ratings": "16 ",
        "img": "i5.walmartimages.com/asr/b25134f8-c320-4bcf-b68c-e335dd7e823b_2.71015991dec2da60ea439812a9920a21.jpeg?odnWidth=612&odnHeight=612&odnBg=ffffff",
        "tags": [
            [
                "Simple Modern Water Bottles",
                "/browse/home/simple-modern-water-bottles/4044_623679_639999_7751805_4269055_1373149_2880308"
            ],
            [
                "Plastic Water Bottles",
                "/browse/home/plastic-water-bottles/4044_623679_639999_7751805_4269055_7285309_2888798"
            ],
            [
                "Kids Tableware",
                "/browse/home/kids-tableware/4044_623679_639999_3333102"
            ],
            [
                "Flasks",
                "/browse/home/flasks/4044_623679_639999_4434841_4011726"
            ],
            [
                "Contigo Water Bottles",
                "/browse/home/contigo-water-bottles/4044_623679_639999_7751805_4269055_1373149_4722352"
            ],
            [
                "Silicone Water Bottles",
                "/browse/home/silicone-water-bottles/4044_623679_639999_7751805_4269055_7285309_5263222"
            ],
            [
                "Simple Modern",
                "/browse/home/simple-modern/4044_1225301_5993333_6051690"
            ],
            [
                "Kids' Water Bottles",
                "/browse/home/kids-water-bottles/4044_623679_639999_7751805_4269055_7270555"
            ]
        ]
    },
    {
        "title": "4 Pack Listerine Ultra Clean Access Flosser Mint Refill Heads 28 Count Each",
        "url": "https://www.walmart.com/ip/4-Pack-Listerine-Ultra-Clean-Access-Flosser-Mint-Refill-Heads-28-Count-Each/457587831",
        "price": "$18.84",
        "stars": "4.3",
        "ratings": "63 ",
        "img": "",
        "tags": [
            [
                "Crest Mouthwash",
                "/browse/personal-care/crest-mouthwash/1005862_1007221_1007360_2137973"
            ],
            [
                "All Dental Floss",
                "/browse/personal-care/all-dental-floss/1005862_1007221_1044031_2443344"
            ],
            [
                "All Dry Mouth Mouthwash",
                "/browse/personal-care/all-dry-mouth-mouthwash/1005862_1007221_1007360_8361519_5654027"
            ],
            [
                "Listerine Mouthwash",
                "/browse/personal-care/listerine-mouthwash/1005862_1007221_1007360_6779281"
            ],
            [
                "String Floss",
                "/browse/personal-care/string-floss/1005862_1007221_1044031_7062539"
            ],
            [
                "All Mouthwash",
                "/browse/personal-care/all-mouthwash/1005862_1007221_1007360_7390687"
            ]
        ]
    },
    {
        "title": "3 Pack - DenTek Floss Threaders 75 count Each",
        "url": "https://www.walmart.com/ip/3-Pack-DenTek-Floss-Threaders-75-count-Each/797761951",
        "price": "$10.84",
        "stars": "4.0",
        "ratings": "1 ",
        "img": "",
        "tags": [
            [
                "All Dental Floss",
                "/browse/personal-care/all-dental-floss/1005862_1007221_1044031_2443344"
            ],
            [
                "All Water Flossers",
                "/browse/personal-care/all-water-flossers/1005862_1007221_1024682_3052677"
            ],
            [
                "Floss Picks",
                "/browse/personal-care/floss-picks/1005862_1007221_1044031_4600948"
            ],
            [
                "String Floss",
                "/browse/personal-care/string-floss/1005862_1007221_1044031_7062539"
            ],
            [
                "Interdental Brushes",
                "/browse/personal-care/interdental-brushes/1005862_1007221_1044031_7314366"
            ],
            [
                "Glide Floss",
                "/browse/personal-care/glide-floss/1005862_1007221_1044031_8431069"
            ]
        ]
    },
    {
        "title": "100 Envelopes of 5 Floss Threaders GUM Eez-Thru Sunstar",
        "url": "https://www.walmart.com/ip/100-Envelopes-of-5-Floss-Threaders-GUM-Eez-Thru-Sunstar/954456971",
        "price": "$32.90",
        "stars": "5.0",
        "ratings": "3 ",
        "img": "",
        "tags": [
            [
                "All Dental Floss",
                "/browse/personal-care/all-dental-floss/1005862_1007221_1044031_2443344"
            ],
            [
                "All Water Flossers",
                "/browse/personal-care/all-water-flossers/1005862_1007221_1024682_3052677"
            ],
            [
                "Floss Picks",
                "/browse/personal-care/floss-picks/1005862_1007221_1044031_4600948"
            ],
            [
                "String Floss",
                "/browse/personal-care/string-floss/1005862_1007221_1044031_7062539"
            ],
            [
                "Interdental Brushes",
                "/browse/personal-care/interdental-brushes/1005862_1007221_1044031_7314366"
            ],
            [
                "Glide Floss",
                "/browse/personal-care/glide-floss/1005862_1007221_1044031_8431069"
            ]
        ]
    },
    {
        "title": "Home Electric Ultrasonic Dental Scaler Tooth,Calculus Remover Cleaner Tooth Stains Tartar Tool with USB charging",
        "url": "https://www.walmart.com/ip/Home-Electric-Ultrasonic-Dental-Scaler-Tooth-Calculus-Remover-Cleaner-Tooth-Stains-Tartar-Tool-with-USB-charging/237026847",
        "price": "$24.99",
        "stars": "5.0",
        "ratings": "5 ",
        "img": "",
        "tags": [
            [
                "All Water Flossers",
                "/browse/personal-care/all-water-flossers/1005862_1007221_1024682_3052677"
            ],
            [
                "Braces Floss",
                "/browse/personal-care/braces-floss/1005862_1007221_1044031_3779853"
            ],
            [
                "Floss Picks",
                "/browse/personal-care/floss-picks/1005862_1007221_1044031_4600948"
            ],
            [
                "All Teeth Whitening",
                "/browse/personal-care/all-teeth-whitening/1005862_1007221_1044034_5073174"
            ],
            [
                "Denture Cleaner",
                "/browse/personal-care/denture-cleaner/1005862_1007221_5102904"
            ]
        ]
    }
]