[
    {
        "title": "100 Shark Super Stainless Straight Edge Barber Razor Blades for Professional Barber Razors",
        "url": "https://www.walmart.com/ip/100-Shark-Super-Stainless-Straight-Edge-Barber-Razor-Blades-for-Professional-Barber-Razors/133381861",
        "price": "$6.90",
        "stars": 0,
        "ratings": 0,
        "img": "",
        "tags": [
            [
                "Razors",
                "/browse/personal-care/razors/1005862_1007220_1007399"
            ],
            [
                "Razor Blades",
                "/browse/personal-care/razor-blades/1005862_1007220_1044020"
            ],
            [
                "Gillette Razors",
                "/browse/personal-care/gillette-razors/1005862_1007220_2562288"
            ],
            [
                "Men's Razors and Razor Blades",
                "/browse/personal-care/mens-razors-razor-blades/1005862_1007220_6377251"
            ],
            [
                "All Razors",
                "/browse/personal-care/all-razors/1005862_1007220_6461098"
            ],
            [
                "All Razor Blades",
                "/browse/personal-care/all-razor-blades/1005862_1007220_8061121"
            ],
            [
                "Men's Shaving",
                "/browse/personal-care/mens-shaving/1005862_1007220_8793708"
            ],
            [
                "Men's Razors",
                "/browse/personal-care/mens-razors/1005862_1007220_9287106"
            ]
        ]
    },
    {
        "title": "Personna Twin Pivot Plus Refill Blade Cartridges w/ Lubricating Strip for Atra & Trac II Razors 10 ct. (Pack of 2) + 3 Count Eyebrow Trimmer",
        "url": "https://www.walmart.com/ip/Personna-Twin-Pivot-Plus-Refill-Blade-Cartridges-w-Lubricating-Strip-for-Atra-Trac-II-Razors-10-ct-Pack-of-2-3-Count-Eyebrow-Trimmer/967171244",
        "price": "$10.93",
        "stars": 0,
        "ratings": 0,
        "img": "i5.walmartimages.com/asr/f5a27bc1-bff8-41f1-a789-3aba282e9929_1.5731cb3826029ffbfc4357adc42bb441.jpeg?odnWidth=612&odnHeight=612&odnBg=ffffff",
        "tags": [
            [
                "Razors",
                "/browse/personal-care/razors/1005862_1007220_1007399"
            ],
            [
                "Razor Blades",
                "/browse/personal-care/razor-blades/1005862_1007220_1044020"
            ],
            [
                "Gillette Razors",
                "/browse/personal-care/gillette-razors/1005862_1007220_2562288"
            ],
            [
                "Men's Razor Blades",
                "/browse/personal-care/mens-razor-blades/1005862_1007220_3392907"
            ],
            [
                "All Razors",
                "/browse/personal-care/all-razors/1005862_1007220_6461098"
            ],
            [
                "All Razor Blades",
                "/browse/personal-care/all-razor-blades/1005862_1007220_8061121"
            ],
            [
                "Men's Shaving",
                "/browse/personal-care/mens-shaving/1005862_1007220_8793708"
            ],
            [
                "Men's Razors",
                "/browse/personal-care/mens-razors/1005862_1007220_9287106"
            ]
        ]
    },
    {
        "title": "Mach3 Turbo Refill Cartridge Blades for Mach 3, 10 Ct. + Beyond BodiHeat Patch, 1 Ct",
        "url": "https://www.walmart.com/ip/Mach3-Turbo-Refill-Cartridge-Blades-for-Mach-3-10-Ct-Beyond-BodiHeat-Patch-1-Ct/525259397",
        "price": "$23.24",
        "stars": "4.3",
        "ratings": "322 ",
        "img": "i5.walmartimages.com/asr/378baa12-6bc7-42c1-8555-14118d883d66_1.9ff953e3ece2297a0e060793f5dc5bd6.jpeg?odnWidth=612&odnHeight=612&odnBg=ffffff",
        "tags": [
            [
                "Men's Razor Blades",
                "/browse/personal-care/mens-razor-blades/1005862_1007220_3392907"
            ],
            [
                "Men's Razors and Razor Blades",
                "/browse/personal-care/mens-razors-razor-blades/1005862_1007220_6377251"
            ],
            [
                "All Razors",
                "/browse/personal-care/all-razors/1005862_1007220_6461098"
            ],
            [
                "All Razor Blades",
                "/browse/personal-care/all-razor-blades/1005862_1007220_8061121"
            ],
            [
                "Gillette Venus Razors",
                "/browse/personal-care/gillette-venus-razors/1005862_1007220_8090056"
            ],
            [
                "Men's Shaving",
                "/browse/personal-care/mens-shaving/1005862_1007220_8793708"
            ],
            [
                "Men's Personal Care",
                "/browse/mens-personal-care/1005862_8928973"
            ],
            [
                "Men's Razors",
                "/browse/personal-care/mens-razors/1005862_1007220_9287106"
            ]
        ]
    },
    {
        "title": "Feather Flamingo Facial Touch-up Razor 3pcs (RFLS-P)",
        "url": "https://www.walmart.com/ip/Feather-Flamingo-Facial-Touch-up-Razor-3pcs-RFLS-P/440564052",
        "price": "$6.80",
        "stars": "5.0",
        "ratings": "1 ",
        "img": "",
        "tags": [
            [
                "Razors",
                "/browse/personal-care/razors/1005862_1007220_1007399"
            ],
            [
                "Schick Razors",
                "/browse/personal-care/schick-razors/1005862_1007220_3441606"
            ],
            [
                "All Razors",
                "/browse/personal-care/all-razors/1005862_1007220_6461098"
            ],
            [
                "Women's Razors",
                "/browse/personal-care/womens-razors/1005862_1007220_7994182"
            ],
            [
                "All Razor Blades",
                "/browse/personal-care/all-razor-blades/1005862_1007220_8061121"
            ],
            [
                "All Hair Clippers",
                "/browse/personal-care/all-hair-clippers/1005862_1007220_9199070_8636521"
            ],
            [
                "Men's Shaving",
                "/browse/personal-care/mens-shaving/1005862_1007220_8793708"
            ],
            [
                "Women's Shaving",
                "/browse/personal-care/womens-shaving/1005862_1007220_9200501"
            ]
        ]
    },
    {
        "title": "DRYGLIDE Blade Cartridges 6-PAK",
        "url": "https://www.walmart.com/ip/DRYGLIDE-Blade-Cartridges-6-PAK/977785625",
        "price": "$13.95",
        "stars": "4.9",
        "ratings": "31 ",
        "img": "i5.walmartimages.com/asr/99a69b78-1288-427f-91fa-f995ee73873b.fff7617b36ace385eff5ae140ca7861c.jpeg?odnWidth=612&odnHeight=612&odnBg=ffffff",
        "tags": [
            [
                "Zirh",
                "/browse/premium-beauty/zirh/7924299_9882925_2805084"
            ],
            [
                "Cologne & Grooming",
                "/browse/premium-beauty/cologne-grooming/7924299_5414957_6902821"
            ],
            [
                "Premium Body Hair Removal",
                "/browse/premium-beauty/premium-body-hair-removal/7924299_3571844_7193737"
            ],
            [
                "Proraso",
                "/browse/premium-beauty/proraso/7924299_9882925_7235839"
            ],
            [
                "Premium Face Care",
                "/browse/premium-beauty/premium-face-care/7924299_6351529_7788265"
            ],
            [
                "Premium Grooming Tools",
                "/browse/premium-beauty/premium-grooming-tools/7924299_6351529_8295767"
            ],
            [
                "Lab Series",
                "/browse/premium-beauty/lab-series/7924299_9882925_9524063"
            ],
            [
                "Premium Beard Care",
                "/browse/premium-beauty/premium-beard-care/7924299_6351529_9749804"
            ]
        ]
    },
    {
        "title": "Bic Simply Soleil Click Women's Disposable Razors with 6 Refill Cartridges 1 ea",
        "url": "https://www.walmart.com/ip/Bic-Simply-Soleil-Click-Women-s-Disposable-Razors-with-6-Refill-Cartridges-1-ea/233625443",
        "price": "$11.32",
        "stars": "1.0",
        "ratings": "1 ",
        "img": "i5.walmartimages.com/asr/0a378edf-b266-47ba-a7ce-ed374a09a05f_1.d0d1bb0095118f0277405906b7e5c78b.jpeg?odnWidth=612&odnHeight=612&odnBg=ffffff",
        "tags": [
            [
                "Razors",
                "/browse/personal-care/razors/1005862_1007220_1007399"
            ],
            [
                "Schick Razors",
                "/browse/personal-care/schick-razors/1005862_1007220_3441606"
            ],
            [
                "BIC Disposable Razors",
                "/browse/personal-care/bic-disposable-razors/1005862_1007220_4640643"
            ],
            [
                "All Razors",
                "/browse/personal-care/all-razors/1005862_1007220_6461098"
            ],
            [
                "Women's Razors",
                "/browse/personal-care/womens-razors/1005862_1007220_7994182"
            ],
            [
                "All Razor Blades",
                "/browse/personal-care/all-razor-blades/1005862_1007220_8061121"
            ],
            [
                "Gillette Venus Razors",
                "/browse/personal-care/gillette-venus-razors/1005862_1007220_8090056"
            ],
            [
                "Women's Shaving",
                "/browse/personal-care/womens-shaving/1005862_1007220_9200501"
            ]
        ]
    },
    {
        "title": "Schick Silk Touch-Up Multipurpose Exfoliating Dermaplaning Tool Eyebrow Razor and Facial Razor with Precision Cover, 3 x 2 = 6 Count",
        "url": "https://www.walmart.com/ip/Schick-Silk-Touch-Up-Multipurpose-Exfoliating-Dermaplaning-Tool-Eyebrow-Razor-and-Facial-Razor-with-Precision-Cover-3-x-2-6-Count/969021201",
        "price": "$15.24",
        "stars": "4.0",
        "ratings": "2 ",
        "img": "i5.walmartimages.com/asr/5cad8ab6-3977-4db8-8b7b-017c4c68701b_1.697f8902830aa6875edd21e5559fbc61.jpeg?odnWidth=612&odnHeight=612&odnBg=ffffff",
        "tags": [
            [
                "U by Kotex Panty Liners",
                "/browse/personal-care/u-by-kotex-panty-liners/1005862_1091866_1598550_1808225"
            ],
            [
                "Schick Razors",
                "/browse/personal-care/schick-razors/1005862_1007220_3441606"
            ],
            [
                "Panasonic Electric Shavers",
                "/browse/personal-care/panasonic-electric-shavers/1005862_1007220_5499086"
            ],
            [
                "Women's Razors",
                "/browse/personal-care/womens-razors/1005862_1007220_7994182"
            ],
            [
                "All Hair Clippers",
                "/browse/personal-care/all-hair-clippers/1005862_1007220_9199070_8636521"
            ],
            [
                "Depend for Men",
                "/browse/personal-care/depend-for-men/1005862_1225655_1353025_8923748"
            ],
            [
                "Wahl Trimmers & Groomers",
                "/browse/personal-care/wahl-trimmers-groomers/1005862_1007220_9087789"
            ],
            [
                "Women's Shaving",
                "/browse/personal-care/womens-shaving/1005862_1007220_9200501"
            ]
        ]
    },
    {
        "title": "Tinkle Eyebrow Razor Pack of 6",
        "url": "https://www.walmart.com/ip/Tinkle-Eyebrow-Razor-Pack-of-6/525817366",
        "price": "$6.23",
        "stars": "3.8",
        "ratings": "6 ",
        "img": "i5.walmartimages.com/asr/ecdce4f5-bd88-4e8a-8878-87d6983f79ba_1.4e851cff00704ee60f799eeffaac50ca.jpeg?odnWidth=612&odnHeight=612&odnBg=ffffff",
        "tags": [
            [
                "Razors",
                "/browse/personal-care/razors/1005862_1007220_1007399"
            ],
            [
                "Schick Razors",
                "/browse/personal-care/schick-razors/1005862_1007220_3441606"
            ],
            [
                "BIC Disposable Razors",
                "/browse/personal-care/bic-disposable-razors/1005862_1007220_4640643"
            ],
            [
                "All Razors",
                "/browse/personal-care/all-razors/1005862_1007220_6461098"
            ],
            [
                "Women's Razors",
                "/browse/personal-care/womens-razors/1005862_1007220_7994182"
            ],
            [
                "All Razor Blades",
                "/browse/personal-care/all-razor-blades/1005862_1007220_8061121"
            ],
            [
                "Gillette Venus Razors",
                "/browse/personal-care/gillette-venus-razors/1005862_1007220_8090056"
            ],
            [
                "Women's Shaving",
                "/browse/personal-care/womens-shaving/1005862_1007220_9200501"
            ]
        ]
    },
    {
        "title": "RAZOR BLADES SINGLE EDGE",
        "url": "https://www.walmart.com/ip/RAZOR-BLADES-SINGLE-EDGE/19901271",
        "price": "$6.54",
        "stars": "3.0",
        "ratings": "2 ",
        "img": "",
        "tags": [
            [
                "Razors",
                "/browse/personal-care/razors/1005862_1007220_1007399"
            ],
            [
                "Gillette Razors",
                "/browse/personal-care/gillette-razors/1005862_1007220_2562288"
            ],
            [
                "BIC Disposable Razors",
                "/browse/personal-care/bic-disposable-razors/1005862_1007220_4640643"
            ],
            [
                "Men's Razors and Razor Blades",
                "/browse/personal-care/mens-razors-razor-blades/1005862_1007220_6377251"
            ],
            [
                "All Razors",
                "/browse/personal-care/all-razors/1005862_1007220_6461098"
            ],
            [
                "All Razor Blades",
                "/browse/personal-care/all-razor-blades/1005862_1007220_8061121"
            ],
            [
                "Men's Shaving",
                "/browse/personal-care/mens-shaving/1005862_1007220_8793708"
            ],
            [
                "Men's Razors",
                "/browse/personal-care/mens-razors/1005862_1007220_9287106"
            ]
        ]
    },
    {
        "title": "New Brand Foldable Shaver Head for Philips RQ10 RQ11 RQ32 Norelco SensoTouch 3D Bulk",
        "url": "https://www.walmart.com/ip/New-Brand-Foldable-Shaver-Head-for-Philips-RQ10-RQ11-RQ32-Norelco-SensoTouch-3D-Bulk/266414948",
        "price": "$8.98",
        "stars": "3.5",
        "ratings": "14 ",
        "img": "i5.walmartimages.com/asr/9f83b9da-0a07-431b-820c-1e66bb9e10bc_1.b978fcae23bc1c78fb2cd62c25f04bb5.jpeg?odnWidth=612&odnHeight=612&odnBg=ffffff",
        "tags": [
            [
                "Razors",
                "/browse/personal-care/razors/1005862_1007220_1007399"
            ],
            [
                "Electric Shavers",
                "/browse/personal-care/electric-shavers/1005862_1007220_133146"
            ],
            [
                "Epilators & Shavers",
                "/browse/personal-care/epilators-shavers/1005862_1007220_1653256"
            ],
            [
                "Men's Razors and Razor Blades",
                "/browse/personal-care/mens-razors-razor-blades/1005862_1007220_6377251"
            ],
            [
                "All Epilators",
                "/browse/personal-care/all-epilators/1005862_1007220_7363956"
            ],
            [
                "Philips Norelco Electric Shavers",
                "/browse/personal-care/philips-norelco-electric-shavers/1005862_1007220_7905976"
            ],
            [
                "Braun Electric Shave Replacement Heads",
                "/browse/personal-care/braun-electric-shave-replacement-heads/1005862_1007220_9056089"
            ],
            [
                "Women's Shaving",
                "/browse/personal-care/womens-shaving/1005862_1007220_9200501"
            ]
        ]
    }
]