[
    {
        "title": "Sure Clean Mechanics Hand Soap - 4 gallon case",
        "url": "https://www.walmart.com/ip/Sure-Clean-Mechanics-Hand-Soap-4-gallon-case/877667830",
        "price": "$89.00",
        "stars": 0,
        "ratings": 0,
        "img": "i5.walmartimages.com/asr/cd1b3183-32ff-4705-9840-71710f8d2061_1.b97a0ee5d99337357bbaf37ade722127.jpeg?odnWidth=612&odnHeight=612&odnBg=ffffff",
        "tags": [
            [
                "New in Hand Soaps",
                "/browse/personal-care/new-in-hand-soaps/1005862_1071969_2378679"
            ],
            [
                "Softsoap Hand Soap",
                "/browse/personal-care/softsoap-hand-soap/1005862_1071969_4092819"
            ],
            [
                "Method Hand Soaps",
                "/browse/personal-care/method-hand-soaps/1005862_9157053_5971217_4326791"
            ],
            [
                "Hand Sanitizing Wipes",
                "/browse/personal-care/hand-sanitizing-wipes/1005862_1071969_6886797"
            ],
            [
                "Stock up on Hand Wash",
                "/browse/personal-care/stock-up-hand-wash/1005862_1071969_7917529"
            ],
            [
                "Discover! Staff-Favorite Body Care",
                "/browse/personal-care/discover-staff-favorite-body-care/1005862_1071969_8051400"
            ],
            [
                "Hand Sanitizers",
                "/browse/personal-care/hand-sanitizers/1005862_1071969_9011420"
            ]
        ]
    },
    {
        "title": "Earth Friendly Hand Soap - Ecos - Lemongrass - Case Of 6 - 8 Fl Oz",
        "url": "https://www.walmart.com/ip/Earth-Friendly-Hand-Soap-Ecos-Lemongrass-Case-Of-6-8-Fl-Oz/675957050",
        "price": "$28.23",
        "stars": 0,
        "ratings": 0,
        "img": "",
        "tags": [
            [
                "New in Hand Soaps",
                "/browse/personal-care/new-in-hand-soaps/1005862_1071969_2378679"
            ],
            [
                "Method Hand Soaps",
                "/browse/personal-care/method-hand-soaps/1005862_9157053_5971217_4326791"
            ],
            [
                "EO Everyone Body Care",
                "/browse/personal-care/eo-everyone-body-care/1005862_1071969_5123759"
            ],
            [
                "Hand Sanitizing Wipes",
                "/browse/personal-care/hand-sanitizing-wipes/1005862_1071969_6886797"
            ],
            [
                "Stock up on Hand Wash",
                "/browse/personal-care/stock-up-hand-wash/1005862_1071969_7917529"
            ],
            [
                "Hand Sanitizers",
                "/browse/personal-care/hand-sanitizers/1005862_1071969_9011420"
            ]
        ]
    },
    {
        "title": "iLH Mini Travel Washing Hand Bath Travel Scented Slide Sheets Foaming Box Paper Soap",
        "url": "https://www.walmart.com/ip/iLH-Mini-Travel-Washing-Hand-Bath-Travel-Scented-Slide-Sheets-Foaming-Box-Paper-Soap/937769903",
        "price": "$14.29",
        "stars": "5.0",
        "ratings": "1 ",
        "img": "i5.walmartimages.com/asr/0b7f410d-f9db-471a-8258-0766f41b2450_1.d417e18907583df91b88bd05e5e6a18f.jpeg?odnWidth=612&odnHeight=612&odnBg=ffffff",
        "tags": [
            [
                "New in Hand Soaps",
                "/browse/personal-care/new-in-hand-soaps/1005862_1071969_2378679"
            ],
            [
                "Mrs Meyers Hand Soap",
                "/browse/personal-care/mrs-meyers-hand-soap/1005862_1071969_2434650"
            ],
            [
                "Method Hand Soaps",
                "/browse/personal-care/method-hand-soaps/1005862_9157053_5971217_4326791"
            ],
            [
                "Hand Sanitizing Wipes",
                "/browse/personal-care/hand-sanitizing-wipes/1005862_1071969_6886797"
            ],
            [
                "Stock up on Hand Wash",
                "/browse/personal-care/stock-up-hand-wash/1005862_1071969_7917529"
            ],
            [
                "Hand Sanitizers",
                "/browse/personal-care/hand-sanitizers/1005862_1071969_9011420"
            ]
        ]
    },
    {
        "title": "Rubbermaid Commercial, RCP402364, One Shot Dispenser Lotion Soap Refill, 4 / Carton",
        "url": "https://www.walmart.com/ip/Rubbermaid-Commercial-RCP402364-One-Shot-Dispenser-Lotion-Soap-Refill-4-Carton/49991699",
        "price": "$89.50",
        "stars": 0,
        "ratings": 0,
        "img": "i5.walmartimages.com/asr/7e37f950-ffe8-482e-ac0b-d9fe6aacc842_1.c350318ccb5981dd50f2985b745f8a07.jpeg?odnWidth=612&odnHeight=612&odnBg=ffffff",
        "tags": [
            [
                "Kids & Baby Sunscreen",
                "/browse/personal-care/kids-baby-sunscreen/1005862_1001508_1620920"
            ],
            [
                "Banana Boat",
                "/browse/personal-care/banana-boat/1005862_1001508_4153586"
            ],
            [
                "Self-Tanners & Bronzers",
                "/browse/personal-care/self-tanners-bronzers/1005862_1001508_6439038"
            ],
            [
                "Hand Sanitizing Wipes",
                "/browse/personal-care/hand-sanitizing-wipes/1005862_1071969_6886797"
            ],
            [
                "Tanning Lotions & Oils",
                "/browse/personal-care/tanning-lotions-oils/1005862_1001508_7306596"
            ],
            [
                "Equate Sunscreen",
                "/browse/personal-care/equate-sunscreen/1005862_1001508_8079339"
            ],
            [
                "Sunscreen",
                "/browse/personal-care/sunscreen/1005862_1001508_8279042"
            ]
        ]
    },
    {
        "title": "Compagnie de Provence Savon de Marseille Liquid Soap - Glass Bottle",
        "url": "https://www.walmart.com/ip/Compagnie-de-Provence-Savon-de-Marseille-Liquid-Soap-Glass-Bottle/389278626",
        "price": "$28.00",
        "stars": 0,
        "ratings": 0,
        "img": "i5.walmartimages.com/asr/424df498-f58a-47a1-b88b-be9c08d8e55c_1.56f1b8d5095cb5e62fccdf9f1bba24e0.jpeg?odnWidth=612&odnHeight=612&odnBg=ffffff",
        "tags": [
            [
                "New in Hand Soaps",
                "/browse/personal-care/new-in-hand-soaps/1005862_1071969_2378679"
            ],
            [
                "Softsoap Hand Soap",
                "/browse/personal-care/softsoap-hand-soap/1005862_1071969_4092819"
            ],
            [
                "Method Hand Soaps",
                "/browse/personal-care/method-hand-soaps/1005862_9157053_5971217_4326791"
            ],
            [
                "Hand Sanitizing Wipes",
                "/browse/personal-care/hand-sanitizing-wipes/1005862_1071969_6886797"
            ],
            [
                "Stock up on Hand Wash",
                "/browse/personal-care/stock-up-hand-wash/1005862_1071969_7917529"
            ],
            [
                "Discover! Staff-Favorite Body Care",
                "/browse/personal-care/discover-staff-favorite-body-care/1005862_1071969_8051400"
            ],
            [
                "Hand Sanitizers",
                "/browse/personal-care/hand-sanitizers/1005862_1071969_9011420"
            ]
        ]
    },
    {
        "title": "Island Pearl rich lotionized hand soap - 2 gallon case",
        "url": "https://www.walmart.com/ip/Island-Pearl-rich-lotionized-hand-soap-2-gallon-case/819384696",
        "price": "$55.00",
        "stars": 0,
        "ratings": 0,
        "img": "i5.walmartimages.com/asr/b33d27bd-d328-4af8-98f4-a138a23fe7bd_1.33d73770906f438a7cf57e2fc42cf2d7.jpeg?odnWidth=612&odnHeight=612&odnBg=ffffff",
        "tags": [
            [
                "New in Hand Soaps",
                "/browse/personal-care/new-in-hand-soaps/1005862_1071969_2378679"
            ],
            [
                "Softsoap Hand Soap",
                "/browse/personal-care/softsoap-hand-soap/1005862_1071969_4092819"
            ],
            [
                "Method Hand Soaps",
                "/browse/personal-care/method-hand-soaps/1005862_9157053_5971217_4326791"
            ],
            [
                "Hand Sanitizing Wipes",
                "/browse/personal-care/hand-sanitizing-wipes/1005862_1071969_6886797"
            ],
            [
                "Stock up on Hand Wash",
                "/browse/personal-care/stock-up-hand-wash/1005862_1071969_7917529"
            ],
            [
                "Discover! Staff-Favorite Body Care",
                "/browse/personal-care/discover-staff-favorite-body-care/1005862_1071969_8051400"
            ],
            [
                "Hand Sanitizers",
                "/browse/personal-care/hand-sanitizers/1005862_1071969_9011420"
            ]
        ]
    },
    {
        "title": "Provon, GOJ872104, ADX-7 Clear & Mild Foam Handwash, 1 Each, Clear, 23.7 fl oz (700 mL)",
        "url": "https://www.walmart.com/ip/Provon-GOJ872104-ADX-7-Clear-Mild-Foam-Handwash-1-Each-Clear-23-7-fl-oz-700-mL/602753904",
        "price": "$39.37",
        "stars": 0,
        "ratings": 0,
        "img": "i5.walmartimages.com/asr/ef966ff8-8ac0-4f9b-bf29-9ad4f0bd74ca.e71f77728619760b5bafba82d4071603.jpeg?odnWidth=612&odnHeight=612&odnBg=ffffff",
        "tags": [
            [
                "New in Hand Soaps",
                "/browse/personal-care/new-in-hand-soaps/1005862_1071969_2378679"
            ],
            [
                "Softsoap Hand Soap",
                "/browse/personal-care/softsoap-hand-soap/1005862_1071969_4092819"
            ],
            [
                "Method Hand Soaps",
                "/browse/personal-care/method-hand-soaps/1005862_9157053_5971217_4326791"
            ],
            [
                "Hand Sanitizing Wipes",
                "/browse/personal-care/hand-sanitizing-wipes/1005862_1071969_6886797"
            ],
            [
                "Stock up on Hand Wash",
                "/browse/personal-care/stock-up-hand-wash/1005862_1071969_7917529"
            ],
            [
                "Discover! Staff-Favorite Body Care",
                "/browse/personal-care/discover-staff-favorite-body-care/1005862_1071969_8051400"
            ],
            [
                "Hand Sanitizers",
                "/browse/personal-care/hand-sanitizers/1005862_1071969_9011420"
            ]
        ]
    },
    {
        "title": "Love and Naturals 3 Pack - Wall Mounted Automatic Touchless Gel Sanitizer Hand Soap Dispenser | Modern Auto-Sensor 350ML Gel Sanitizer Hand Soap Dispenser | Essential for Hospitals, Schools, Offices",
        "url": "https://www.walmart.com/ip/Love-Naturals-3-Pack-Wall-Mounted-Automatic-Touchless-Gel-Sanitizer-Hand-Soap-Dispenser-Modern-Auto-Sensor-350ML-Essential-Hospitals-Schools-Offices/305113951",
        "price": "$225.00",
        "stars": 0,
        "ratings": 0,
        "img": "",
        "tags": []
    },
    {
        "title": "Emerald Lotion Soap, Lavender, Green, 1 L Refill, 8/Carton",
        "url": "https://www.walmart.com/ip/Emerald-Lotion-Soap-Lavender-Green-1-L-Refill-8-Carton/139337394",
        "price": "$47.63",
        "stars": 0,
        "ratings": 0,
        "img": "i5.walmartimages.com/asr/d2438803-21dd-4376-ac5b-7609d5524c8f_1.1be187b555624b282d07e8b23deff1c6.jpeg?odnWidth=612&odnHeight=612&odnBg=ffffff",
        "tags": [
            [
                "New in Hand Soaps",
                "/browse/personal-care/new-in-hand-soaps/1005862_1071969_2378679"
            ],
            [
                "Softsoap Hand Soap",
                "/browse/personal-care/softsoap-hand-soap/1005862_1071969_4092819"
            ],
            [
                "Method Hand Soaps",
                "/browse/personal-care/method-hand-soaps/1005862_9157053_5971217_4326791"
            ],
            [
                "Hand Sanitizing Wipes",
                "/browse/personal-care/hand-sanitizing-wipes/1005862_1071969_6886797"
            ],
            [
                "Stock up on Hand Wash",
                "/browse/personal-care/stock-up-hand-wash/1005862_1071969_7917529"
            ],
            [
                "Discover! Staff-Favorite Body Care",
                "/browse/personal-care/discover-staff-favorite-body-care/1005862_1071969_8051400"
            ],
            [
                "Hand Sanitizers",
                "/browse/personal-care/hand-sanitizers/1005862_1071969_9011420"
            ]
        ]
    },
    {
        "title": "Compagnie de Provence Savon de Marseille Extra Pure Liquid Soap 16.9 Fl Oz Glass Pump Bottle and 33.8 fl oz Plastic Bottle Refill",
        "url": "https://www.walmart.com/ip/Compagnie-de-Provence-Savon-de-Marseille-Extra-Pure-Liquid-Soap-16-9-Fl-Oz-Glass-Pump-Bottle-and-33-8-fl-oz-Plastic-Bottle-Refill/824992206",
        "price": "$54.00",
        "stars": 0,
        "ratings": 0,
        "img": "i5.walmartimages.com/asr/9cb5817a-5775-48dc-97ec-90c19efe17ea_1.4e622b7572f286758982d06d5bba2b91.jpeg?odnWidth=612&odnHeight=612&odnBg=ffffff",
        "tags": []
    }
]