[
    {
        "title": "Bic Twin Select Silky Touch Shavers 10 Each (Pack of 3)",
        "url": "https://www.walmart.com/ip/Bic-Twin-Select-Silky-Touch-Shavers-10-Each-Pack-of-3/46232927",
        "price": "$12.90",
        "stars": 0,
        "ratings": 0,
        "img": "i5.walmartimages.com/asr/413f1d33-48ba-4479-b2a9-3c763408bb30_1.ca5bb811a838e559cf9741e250214e74.jpeg?odnWidth=612&odnHeight=612&odnBg=ffffff",
        "tags": [
            [
                "Razors",
                "/browse/personal-care/razors/1005862_1007220_1007399"
            ],
            [
                "Razor Blades",
                "/browse/personal-care/razor-blades/1005862_1007220_1044020"
            ],
            [
                "Women's Razor Blades",
                "/browse/personal-care/womens-razor-blades/1005862_1007220_2012569"
            ],
            [
                "BIC Disposable Razors",
                "/browse/personal-care/bic-disposable-razors/1005862_1007220_4640643"
            ],
            [
                "All Razors",
                "/browse/personal-care/all-razors/1005862_1007220_6461098"
            ],
            [
                "Women's Razors",
                "/browse/personal-care/womens-razors/1005862_1007220_7994182"
            ],
            [
                "All Razor Blades",
                "/browse/personal-care/all-razor-blades/1005862_1007220_8061121"
            ],
            [
                "Women's Shaving",
                "/browse/personal-care/womens-shaving/1005862_1007220_9200501"
            ]
        ]
    },
    {
        "title": "Schick Xtreme3 Sensitive Disposable Razors for Women with Aloe and Jojoba, 4 Count (Pack of 4)",
        "url": "https://www.walmart.com/ip/Schick-Xtreme3-Sensitive-Disposable-Razors-for-Women-with-Aloe-and-Jojoba-4-Count-Pack-of-4/990737839",
        "price": "$15.99",
        "stars": 0,
        "ratings": 0,
        "img": "i5.walmartimages.com/asr/206a14d3-a60f-4947-8f97-354f4916e93f_1.3ac45e40128c59a36565a282565fae41.jpeg?odnWidth=612&odnHeight=612&odnBg=ffffff",
        "tags": [
            [
                "Razors",
                "/browse/personal-care/razors/1005862_1007220_1007399"
            ],
            [
                "Razor Blades",
                "/browse/personal-care/razor-blades/1005862_1007220_1044020"
            ],
            [
                "Schick Razors",
                "/browse/personal-care/schick-razors/1005862_1007220_3441606"
            ],
            [
                "All Razors",
                "/browse/personal-care/all-razors/1005862_1007220_6461098"
            ],
            [
                "Women's Razors",
                "/browse/personal-care/womens-razors/1005862_1007220_7994182"
            ],
            [
                "All Razor Blades",
                "/browse/personal-care/all-razor-blades/1005862_1007220_8061121"
            ],
            [
                "Gillette Venus Razors",
                "/browse/personal-care/gillette-venus-razors/1005862_1007220_8090056"
            ],
            [
                "Women's Shaving",
                "/browse/personal-care/womens-shaving/1005862_1007220_9200501"
            ]
        ]
    },
    {
        "title": "BIC Soleil Bella Sun-Twist Scented Women's 4 Blade Disposable Razor, 3-Count",
        "url": "https://www.walmart.com/ip/BIC-Soleil-Bella-Sun-Twist-Scented-Women-s-4-Blade-Disposable-Razor-3-Count/14668383",
        "price": "$6.95",
        "stars": "4.6",
        "ratings": "178 ",
        "img": "i5.walmartimages.com/asr/a4977039-97be-4c9d-ba37-dd8449f99c06.39e122e5c583e693ba5e62b5cb83b650.jpeg?odnWidth=612&odnHeight=612&odnBg=ffffff",
        "tags": [
            [
                "Razors",
                "/browse/personal-care/razors/1005862_1007220_1007399"
            ],
            [
                "Schick Razors",
                "/browse/personal-care/schick-razors/1005862_1007220_3441606"
            ],
            [
                "BIC Disposable Razors",
                "/browse/personal-care/bic-disposable-razors/1005862_1007220_4640643"
            ],
            [
                "All Razors",
                "/browse/personal-care/all-razors/1005862_1007220_6461098"
            ],
            [
                "Women's Razors",
                "/browse/personal-care/womens-razors/1005862_1007220_7994182"
            ],
            [
                "All Razor Blades",
                "/browse/personal-care/all-razor-blades/1005862_1007220_8061121"
            ],
            [
                "Gillette Venus Razors",
                "/browse/personal-care/gillette-venus-razors/1005862_1007220_8090056"
            ],
            [
                "Women's Shaving",
                "/browse/personal-care/womens-shaving/1005862_1007220_9200501"
            ]
        ]
    },
    {
        "title": "Merkur 23 Long Handled Mens Safety Razor",
        "url": "https://www.walmart.com/ip/Merkur-23-Long-Handled-Mens-Safety-Razor/49133146",
        "price": "$29.95",
        "stars": "5.0",
        "ratings": "5 ",
        "img": "",
        "tags": [
            [
                "Zirh",
                "/browse/premium-beauty/zirh/7924299_9882925_2805084"
            ],
            [
                "Premium Face Moisturizers",
                "/browse/premium-beauty/premium-face-moisturizers/7924299_6754293_5603654"
            ],
            [
                "Cologne & Grooming",
                "/browse/premium-beauty/cologne-grooming/7924299_5414957_6902821"
            ],
            [
                "Proraso",
                "/browse/premium-beauty/proraso/7924299_9882925_7235839"
            ],
            [
                "Premium Face Care",
                "/browse/premium-beauty/premium-face-care/7924299_6351529_7788265"
            ],
            [
                "Premium Grooming Tools",
                "/browse/premium-beauty/premium-grooming-tools/7924299_6351529_8295767"
            ],
            [
                "Premium Beard Care",
                "/browse/premium-beauty/premium-beard-care/7924299_6351529_9749804"
            ]
        ]
    },
    {
        "title": "Micro Touch One Classic Safety Razor - As Seen on TV",
        "url": "https://www.walmart.com/ip/Micro-Touch-One-Classic-Safety-Razor-As-Seen-on-TV/34334465",
        "price": "$18.99",
        "stars": "4.1",
        "ratings": "86 ",
        "img": "i5.walmartimages.com/asr/5016e4ae-72d1-4126-8b56-2e2850f72378_1.6670e4c7232a6180baa708381bc3e3df.jpeg?odnWidth=612&odnHeight=612&odnBg=ffffff",
        "tags": [
            [
                "Braun",
                "/browse/shop-by-brand/braun/3734780_3989171_2460112"
            ],
            [
                "Finishing Touch Flawless",
                "/browse/shop-by-brand/finishing-touch-flawless/3734780_3513393_3361848"
            ],
            [
                "The Pioneer Woman",
                "/browse/shop-by-brand/the-pioneer-woman/3734780_8307801_3894436"
            ],
            [
                "Nair",
                "/browse/shop-by-brand/nair/3734780_3989171_7311476"
            ],
            [
                "Philips Norelco",
                "/browse/shop-by-brand/philips-norelco/3734780_3989171_8312997"
            ],
            [
                "Conair",
                "/browse/shop-by-brand/conair/3734780_3989171_8441724"
            ],
            [
                "As Seen on TV Home",
                "/browse/shop-by-brand/as-seen-tv-home/3734780_3513393_9328655"
            ],
            [
                "Shop all As Seen on TV",
                "/browse/shop-by-brand/shop-all-as-seen-tv/3734780_3513393_9367335"
            ]
        ]
    },
    {
        "title": "Gillette\u00ae Fusion5\u2122 ProGlide\u00ae Razor with Power Handle 8 pc Carded Pack",
        "url": "https://www.walmart.com/ip/Gillette-Fusion5-ProGlide-Razor-with-Power-Handle-8-pc-Carded-Pack/389014673",
        "price": "$26.99",
        "stars": "4.5",
        "ratings": "287 ",
        "img": "i5.walmartimages.com/asr/90afb2d5-ed8a-4b1f-ad33-ebcf2982f69b_1.31ca046cc48fa9df60673439746e5da5.jpeg?odnWidth=612&odnHeight=612&odnBg=ffffff",
        "tags": [
            [
                "Razor Blades",
                "/browse/personal-care/razor-blades/1005862_1007220_1044020"
            ],
            [
                "Men's Razor Blades",
                "/browse/personal-care/mens-razor-blades/1005862_1007220_3392907"
            ],
            [
                "Men's Razors and Razor Blades",
                "/browse/personal-care/mens-razors-razor-blades/1005862_1007220_6377251"
            ],
            [
                "All Razors",
                "/browse/personal-care/all-razors/1005862_1007220_6461098"
            ],
            [
                "All Razor Blades",
                "/browse/personal-care/all-razor-blades/1005862_1007220_8061121"
            ],
            [
                "Men's Shaving",
                "/browse/personal-care/mens-shaving/1005862_1007220_8793708"
            ],
            [
                "Men's Personal Care",
                "/browse/mens-personal-care/1005862_8928973"
            ],
            [
                "Men's Razors",
                "/browse/personal-care/mens-razors/1005862_1007220_9287106"
            ]
        ]
    },
    {
        "title": "3 Pack - Gillette Custom Plus 3 Razors Sensitive 4 Each",
        "url": "https://www.walmart.com/ip/3-Pack-Gillette-Custom-Plus-3-Razors-Sensitive-4-Each/133671331",
        "price": "$22.60",
        "stars": "4.4",
        "ratings": "234 ",
        "img": "i5.walmartimages.com/asr/eeb49997-bc81-46c5-a7a5-59f7c3815bd7_1.312e9c354e2f0c95c8e1299f2347bf7a.jpeg?odnWidth=612&odnHeight=612&odnBg=ffffff",
        "tags": [
            [
                "Women's Razor Blades",
                "/browse/personal-care/womens-razor-blades/1005862_1007220_2012569"
            ],
            [
                "Men's Razor Blades",
                "/browse/personal-care/mens-razor-blades/1005862_1007220_3392907"
            ],
            [
                "Men's Razors and Razor Blades",
                "/browse/personal-care/mens-razors-razor-blades/1005862_1007220_6377251"
            ],
            [
                "All Razors",
                "/browse/personal-care/all-razors/1005862_1007220_6461098"
            ],
            [
                "Women's Razors",
                "/browse/personal-care/womens-razors/1005862_1007220_7994182"
            ],
            [
                "All Razor Blades",
                "/browse/personal-care/all-razor-blades/1005862_1007220_8061121"
            ],
            [
                "Gillette Venus Razors",
                "/browse/personal-care/gillette-venus-razors/1005862_1007220_8090056"
            ],
            [
                "Men's Razors",
                "/browse/personal-care/mens-razors/1005862_1007220_9287106"
            ]
        ]
    },
    {
        "title": "Bic Sensitive Single Blade Razor Disposables, 24 Count",
        "url": "https://www.walmart.com/ip/Bic-Sensitive-Single-Blade-Razor-Disposables-24-Count/866389944",
        "price": "$10.99",
        "stars": 0,
        "ratings": 0,
        "img": "i5.walmartimages.com/asr/97bf44aa-1624-42b1-b195-b6893dfb3a51_1.45ebca53fbb70a02301a78bb104ae079.jpeg?odnWidth=612&odnHeight=612&odnBg=ffffff",
        "tags": [
            [
                "Shaving Cream",
                "/browse/personal-care/shaving-cream/1005862_1007220_1001491"
            ],
            [
                "Razor Blades",
                "/browse/personal-care/razor-blades/1005862_1007220_1044020"
            ],
            [
                "Men's Razor Blades",
                "/browse/personal-care/mens-razor-blades/1005862_1007220_3392907"
            ],
            [
                "Men's Razors and Razor Blades",
                "/browse/personal-care/mens-razors-razor-blades/1005862_1007220_6377251"
            ],
            [
                "All Razors",
                "/browse/personal-care/all-razors/1005862_1007220_6461098"
            ],
            [
                "All Razor Blades",
                "/browse/personal-care/all-razor-blades/1005862_1007220_8061121"
            ],
            [
                "Men's Razors",
                "/browse/personal-care/mens-razors/1005862_1007220_9287106"
            ],
            [
                "Men's Shaving Cream",
                "/browse/personal-care/mens-shaving-cream/1005862_1007220_9312881"
            ]
        ]
    },
    {
        "title": "Gillette Contour Plus (same as Atra Plus) Refill Blade Cartridges, 10 Count + Gillette Vector Razor",
        "url": "https://www.walmart.com/ip/Gillette-Contour-Plus-same-as-Atra-Plus-Refill-Blade-Cartridges-10-Count-Gillette-Vector-Razor/336834694",
        "price": "$16.99",
        "stars": "1.0",
        "ratings": "1 ",
        "img": "i5.walmartimages.com/asr/f826bf84-618a-4678-88cd-4b405d06b5ff_1.b032942cd27c62e8549029f55951f00d.jpeg?odnWidth=612&odnHeight=612&odnBg=ffffff",
        "tags": [
            [
                "Razors",
                "/browse/personal-care/razors/1005862_1007220_1007399"
            ],
            [
                "Razor Blades",
                "/browse/personal-care/razor-blades/1005862_1007220_1044020"
            ],
            [
                "Gillette Razors",
                "/browse/personal-care/gillette-razors/1005862_1007220_2562288"
            ],
            [
                "Men's Razor Blades",
                "/browse/personal-care/mens-razor-blades/1005862_1007220_3392907"
            ],
            [
                "All Razors",
                "/browse/personal-care/all-razors/1005862_1007220_6461098"
            ],
            [
                "All Razor Blades",
                "/browse/personal-care/all-razor-blades/1005862_1007220_8061121"
            ],
            [
                "Men's Shaving",
                "/browse/personal-care/mens-shaving/1005862_1007220_8793708"
            ],
            [
                "Men's Razors",
                "/browse/personal-care/mens-razors/1005862_1007220_9287106"
            ]
        ]
    },
    {
        "title": "Gillette GoodNews! Pivot Plus Disposable Razors - 12 ct - 2 pk",
        "url": "https://www.walmart.com/ip/Gillette-GoodNews-Pivot-Plus-Disposable-Razors-12-ct-2-pk/602323394",
        "price": "$21.70",
        "stars": "4.4",
        "ratings": "11 ",
        "img": "i5.walmartimages.com/asr/b85a87fe-3a3a-4623-a12d-9c2533edd06b_1.63d01c326135289ca77a4d752a9c3035.jpeg?odnWidth=612&odnHeight=612&odnBg=ffffff",
        "tags": [
            [
                "Razor Blades",
                "/browse/personal-care/razor-blades/1005862_1007220_1044020"
            ],
            [
                "Men's Razor Blades",
                "/browse/personal-care/mens-razor-blades/1005862_1007220_3392907"
            ],
            [
                "Men's Razors and Razor Blades",
                "/browse/personal-care/mens-razors-razor-blades/1005862_1007220_6377251"
            ],
            [
                "All Razors",
                "/browse/personal-care/all-razors/1005862_1007220_6461098"
            ],
            [
                "All Razor Blades",
                "/browse/personal-care/all-razor-blades/1005862_1007220_8061121"
            ],
            [
                "Men's Shaving",
                "/browse/personal-care/mens-shaving/1005862_1007220_8793708"
            ],
            [
                "Men's Personal Care",
                "/browse/mens-personal-care/1005862_8928973"
            ],
            [
                "Men's Razors",
                "/browse/personal-care/mens-razors/1005862_1007220_9287106"
            ]
        ]
    }
]