[
    {
        "title": "Twin Blade Razor Disposable - Box of 50 - Model 16-rz50 McKesson",
        "url": "https://www.walmart.com/ip/Twin-Blade-Razor-Disposable-Box-of-50-Model-16-rz50-McKesson/250316168",
        "price": "$14.99",
        "stars": 0,
        "ratings": 0,
        "img": "i5.walmartimages.com/asr/fb956b46-338b-4532-bc75-cb63925bde30_1.4af0d2ec567f286b731bf54e1790a179.jpeg?odnWidth=612&odnHeight=612&odnBg=ffffff",
        "tags": [
            [
                "Razor Blades",
                "/browse/personal-care/razor-blades/1005862_1007220_1044020"
            ],
            [
                "Women's Razor Blades",
                "/browse/personal-care/womens-razor-blades/1005862_1007220_2012569"
            ],
            [
                "Men's Razor Blades",
                "/browse/personal-care/mens-razor-blades/1005862_1007220_3392907"
            ],
            [
                "Men's Razors and Razor Blades",
                "/browse/personal-care/mens-razors-razor-blades/1005862_1007220_6377251"
            ],
            [
                "Women's Razors",
                "/browse/personal-care/womens-razors/1005862_1007220_7994182"
            ],
            [
                "All Razor Blades",
                "/browse/personal-care/all-razor-blades/1005862_1007220_8061121"
            ],
            [
                "Gillette Venus Razors",
                "/browse/personal-care/gillette-venus-razors/1005862_1007220_8090056"
            ],
            [
                "Men's Razors",
                "/browse/personal-care/mens-razors/1005862_1007220_9287106"
            ]
        ]
    },
    {
        "title": "300 Derby Professional Single Edge Razor Blades with Classic Samurai Barber Straight Edge Razor",
        "url": "https://www.walmart.com/ip/300-Derby-Professional-Single-Edge-Razor-Blades-with-Classic-Samurai-Barber-Straight-Edge-Razor/169524802",
        "price": "$18.45",
        "stars": "4.5",
        "ratings": "13 ",
        "img": "",
        "tags": [
            [
                "Razors",
                "/browse/personal-care/razors/1005862_1007220_1007399"
            ],
            [
                "Razor Blades",
                "/browse/personal-care/razor-blades/1005862_1007220_1044020"
            ],
            [
                "Gillette Razors",
                "/browse/personal-care/gillette-razors/1005862_1007220_2562288"
            ],
            [
                "Men's Razors and Razor Blades",
                "/browse/personal-care/mens-razors-razor-blades/1005862_1007220_6377251"
            ],
            [
                "All Razors",
                "/browse/personal-care/all-razors/1005862_1007220_6461098"
            ],
            [
                "All Razor Blades",
                "/browse/personal-care/all-razor-blades/1005862_1007220_8061121"
            ],
            [
                "Men's Shaving",
                "/browse/personal-care/mens-shaving/1005862_1007220_8793708"
            ],
            [
                "Men's Razors",
                "/browse/personal-care/mens-razors/1005862_1007220_9287106"
            ]
        ]
    },
    {
        "title": "Eyebrow Razor for Face, Neck and Eyebrows, Stainless Steel, by Shave Classic, 3 Count + Yes to Coconuts Moisturizing Single Use Mask",
        "url": "https://www.walmart.com/ip/Eyebrow-Razor-for-Face-Neck-and-Eyebrows-Stainless-Steel-by-Shave-Classic-3-Count-Yes-to-Coconuts-Moisturizing-Single-Use-Mask/735101228",
        "price": "$6.99",
        "stars": "5.0",
        "ratings": "1 ",
        "img": "i5.walmartimages.com/asr/c2c1120e-f0b9-4936-865a-a1bacf74cdc0_1.5e5de443637b368176b589f48f352b73.jpeg?odnWidth=612&odnHeight=612&odnBg=ffffff",
        "tags": [
            [
                "Epilators & Shavers",
                "/browse/personal-care/epilators-shavers/1005862_1007220_1653256"
            ],
            [
                "Trimmers & Groomers",
                "/browse/personal-care/trimmers-groomers/1005862_1007220_641039"
            ],
            [
                "All Razors",
                "/browse/personal-care/all-razors/1005862_1007220_6461098"
            ],
            [
                "Nose Hair Trimmer",
                "/browse/personal-care/nose-hair-trimmer/1005862_1007220_6608778"
            ],
            [
                "Women's Razors",
                "/browse/personal-care/womens-razors/1005862_1007220_7994182"
            ],
            [
                "All Razor Blades",
                "/browse/personal-care/all-razor-blades/1005862_1007220_8061121"
            ],
            [
                "All Hair Clippers",
                "/browse/personal-care/all-hair-clippers/1005862_1007220_9199070_8636521"
            ],
            [
                "Women's Shaving",
                "/browse/personal-care/womens-shaving/1005862_1007220_9200501"
            ]
        ]
    },
    {
        "title": "Shaving Kit for Men's Shaving Brush Holder Stand Soap Bowl Mug Hair Beard Brush",
        "url": "https://www.walmart.com/ip/Shaving-Kit-for-Men-s-Shaving-Brush-Holder-Stand-Soap-Bowl-Mug-Hair-Beard-Brush/151015657",
        "price": "$13.52",
        "stars": "2.0",
        "ratings": "1 ",
        "img": "i5.walmartimages.com/asr/a2c876b3-48ea-4359-a182-7902eb0e402f_1.5a368c5ca24255b11cecb46a39a4c731.jpeg?odnWidth=612&odnHeight=612&odnBg=ffffff",
        "tags": [
            [
                "Deodorants & Antiperspirants",
                "/browse/deodorants-antiperspirants/1005862_1001487"
            ],
            [
                "Stock up on Body Wash",
                "/browse/personal-care/stock-up-body-wash/1005862_1071969_1528860"
            ],
            [
                "Men's Bath & Body",
                "/browse/personal-care/mens-bath-body/1005862_1056884_2325953"
            ],
            [
                "Men's Body Wash",
                "/browse/personal-care/mens-body-wash/1005862_1071969_2531574"
            ],
            [
                "Old Spice Body Wash & Deodorants",
                "/browse/personal-care/old-spice-body-wash-deodorants/1005862_1071969_6362250"
            ],
            [
                "Men's Razors and Razor Blades",
                "/browse/personal-care/mens-razors-razor-blades/1005862_1007220_6377251"
            ],
            [
                "Dove Men + Care",
                "/browse/dove-men-care/1005862_7983046"
            ],
            [
                "2-in-1 Hair and Body Care",
                "/browse/2-in-1-hair-body-care/1005862_8779108"
            ]
        ]
    },
    {
        "title": "Outtop Men Shaving Bear Brush Best Badger Hair Shave Wood Handle Razor Barber Tool",
        "url": "https://www.walmart.com/ip/Outtop-Men-Shaving-Bear-Brush-Best-Badger-Hair-Shave-Wood-Handle-Razor-Barber-Tool/462209833",
        "price": "$7.86",
        "stars": 0,
        "ratings": 0,
        "img": "i5.walmartimages.com/asr/7b3f0a5a-7893-4d5e-b324-99717735d3ee_1.2247b7459af078ad153da28ca22bd273.jpeg?odnWidth=612&odnHeight=612&odnBg=ffffff",
        "tags": [
            [
                "Deodorants & Antiperspirants",
                "/browse/deodorants-antiperspirants/1005862_1001487"
            ],
            [
                "Stock up on Body Wash",
                "/browse/personal-care/stock-up-body-wash/1005862_1071969_1528860"
            ],
            [
                "Men's Bath & Body",
                "/browse/personal-care/mens-bath-body/1005862_1056884_2325953"
            ],
            [
                "Men's Body Wash",
                "/browse/personal-care/mens-body-wash/1005862_1071969_2531574"
            ],
            [
                "Old Spice Body Wash & Deodorants",
                "/browse/personal-care/old-spice-body-wash-deodorants/1005862_1071969_6362250"
            ],
            [
                "Men's Razors and Razor Blades",
                "/browse/personal-care/mens-razors-razor-blades/1005862_1007220_6377251"
            ],
            [
                "Dove Men + Care",
                "/browse/dove-men-care/1005862_7983046"
            ],
            [
                "2-in-1 Hair and Body Care",
                "/browse/2-in-1-hair-body-care/1005862_8779108"
            ]
        ]
    },
    {
        "title": "Shaving Brush Stand & Bowl Set Metal Shaving Brush Holder Soap Bowl Mug for Men Beard Removal Tools",
        "url": "https://www.walmart.com/ip/Shaving-Brush-Stand-Bowl-Set-Metal-Shaving-Brush-Holder-Soap-Bowl-Mug-for-Men-Beard-Removal-Tools/924971477",
        "price": "$13.64",
        "stars": 0,
        "ratings": 0,
        "img": "i5.walmartimages.com/asr/e13276a0-af47-4627-91d7-2e55d103a9ca_1.6d0083f5c1b6fc3cd8a9be774bac4160.jpeg?odnWidth=612&odnHeight=612&odnBg=ffffff",
        "tags": [
            [
                "Deodorants & Antiperspirants",
                "/browse/deodorants-antiperspirants/1005862_1001487"
            ],
            [
                "Stock up on Body Wash",
                "/browse/personal-care/stock-up-body-wash/1005862_1071969_1528860"
            ],
            [
                "Men's Bath & Body",
                "/browse/personal-care/mens-bath-body/1005862_1056884_2325953"
            ],
            [
                "Men's Body Wash",
                "/browse/personal-care/mens-body-wash/1005862_1071969_2531574"
            ],
            [
                "Old Spice Body Wash & Deodorants",
                "/browse/personal-care/old-spice-body-wash-deodorants/1005862_1071969_6362250"
            ],
            [
                "Men's Razors and Razor Blades",
                "/browse/personal-care/mens-razors-razor-blades/1005862_1007220_6377251"
            ],
            [
                "Dove Men + Care",
                "/browse/dove-men-care/1005862_7983046"
            ],
            [
                "2-in-1 Hair and Body Care",
                "/browse/2-in-1-hair-body-care/1005862_8779108"
            ]
        ]
    },
    {
        "title": "BIC Chrome Platinum Double Edge Safety Razor Blades, 100 Count + Schick Slim Twin ST for Dry Skin",
        "url": "https://www.walmart.com/ip/BIC-Chrome-Platinum-Double-Edge-Safety-Razor-Blades-100-Count-Schick-Slim-Twin-ST-for-Dry-Skin/342888614",
        "price": "$15.24",
        "stars": 0,
        "ratings": 0,
        "img": "i5.walmartimages.com/asr/db854525-08bc-4d05-b602-c889ba75067d_1.1bc17b4eeceaf7e31b408b713aeebdb6.jpeg?odnWidth=612&odnHeight=612&odnBg=ffffff",
        "tags": [
            [
                "Razors",
                "/browse/personal-care/razors/1005862_1007220_1007399"
            ],
            [
                "Razor Blades",
                "/browse/personal-care/razor-blades/1005862_1007220_1044020"
            ],
            [
                "Gillette Razors",
                "/browse/personal-care/gillette-razors/1005862_1007220_2562288"
            ],
            [
                "BIC Disposable Razors",
                "/browse/personal-care/bic-disposable-razors/1005862_1007220_4640643"
            ],
            [
                "Men's Razors and Razor Blades",
                "/browse/personal-care/mens-razors-razor-blades/1005862_1007220_6377251"
            ],
            [
                "All Razors",
                "/browse/personal-care/all-razors/1005862_1007220_6461098"
            ],
            [
                "All Razor Blades",
                "/browse/personal-care/all-razor-blades/1005862_1007220_8061121"
            ],
            [
                "Men's Razors",
                "/browse/personal-care/mens-razors/1005862_1007220_9287106"
            ]
        ]
    },
    {
        "title": "Gillette Sensor2 Plus Men's Disposable Razors, 10 Count",
        "url": "https://www.walmart.com/ip/Gillette-Sensor2-Plus-Men-s-Disposable-Razors-10-Count/3399",
        "price": "$13.19",
        "stars": "4.2",
        "ratings": "83 ",
        "img": "i5.walmartimages.com/asr/27e30732-68f1-4599-b854-4db108f54168_1.6b390351038b54ac2614c79356493e60.jpeg?odnWidth=612&odnHeight=612&odnBg=ffffff",
        "tags": [
            [
                "Razor Blades",
                "/browse/personal-care/razor-blades/1005862_1007220_1044020"
            ],
            [
                "Men's Razor Blades",
                "/browse/personal-care/mens-razor-blades/1005862_1007220_3392907"
            ],
            [
                "Men's Razors and Razor Blades",
                "/browse/personal-care/mens-razors-razor-blades/1005862_1007220_6377251"
            ],
            [
                "All Razors",
                "/browse/personal-care/all-razors/1005862_1007220_6461098"
            ],
            [
                "Women's Shaving Cream",
                "/browse/personal-care/womens-shaving-cream/1005862_1007220_7396738"
            ],
            [
                "All Razor Blades",
                "/browse/personal-care/all-razor-blades/1005862_1007220_8061121"
            ],
            [
                "Men's Shaving",
                "/browse/personal-care/mens-shaving/1005862_1007220_8793708"
            ],
            [
                "Men's Razors",
                "/browse/personal-care/mens-razors/1005862_1007220_9287106"
            ]
        ]
    },
    {
        "title": "Flamingo Women's Razor Set (Mint & Gold)",
        "url": "https://www.walmart.com/ip/Flamingo-Women-s-Razor-Set-Mint-Gold/965371648",
        "price": "$18.45",
        "stars": "3.0",
        "ratings": "4 ",
        "img": "",
        "tags": [
            [
                "Razors",
                "/browse/personal-care/razors/1005862_1007220_1007399"
            ],
            [
                "Men's Razor Blades",
                "/browse/personal-care/mens-razor-blades/1005862_1007220_3392907"
            ],
            [
                "Joy",
                "/browse/personal-care/joy/1005862_1007220_5340355"
            ],
            [
                "All Razors",
                "/browse/personal-care/all-razors/1005862_1007220_6461098"
            ],
            [
                "Women's Razors",
                "/browse/personal-care/womens-razors/1005862_1007220_7994182"
            ],
            [
                "All Razor Blades",
                "/browse/personal-care/all-razor-blades/1005862_1007220_8061121"
            ],
            [
                "Women's Shaving",
                "/browse/personal-care/womens-shaving/1005862_1007220_9200501"
            ],
            [
                "Men's Razors",
                "/browse/personal-care/mens-razors/1005862_1007220_9287106"
            ]
        ]
    },
    {
        "title": "Eyebrow Razor for Women 3 Pack, Hair Removal Facial Razor with Precision Cover for Exfoliating Dermaplaning Tool, Facial Hair Trimmer and Eyebrow Shaper Facial Razor for Women and Men",
        "url": "https://www.walmart.com/ip/Eyebrow-Razor-Women-3-Pack-Hair-Removal-Facial-Precision-Cover-Exfoliating-Dermaplaning-Tool-Trimmer-Shaper-Men/572089907",
        "price": "$5.99",
        "stars": 0,
        "ratings": 0,
        "img": "i5.walmartimages.com/asr/797a1ae1-db18-4bfd-9f62-9359869ac58c.f9f9e63d3918895340bf5c12b51a04cc.png?odnWidth=612&odnHeight=612&odnBg=ffffff",
        "tags": [
            [
                "Razors",
                "/browse/personal-care/razors/1005862_1007220_1007399"
            ],
            [
                "Razor Blades",
                "/browse/personal-care/razor-blades/1005862_1007220_1044020"
            ],
            [
                "Gillette Razors",
                "/browse/personal-care/gillette-razors/1005862_1007220_2562288"
            ],
            [
                "All Razors",
                "/browse/personal-care/all-razors/1005862_1007220_6461098"
            ],
            [
                "Women's Razors",
                "/browse/personal-care/womens-razors/1005862_1007220_7994182"
            ],
            [
                "All Razor Blades",
                "/browse/personal-care/all-razor-blades/1005862_1007220_8061121"
            ],
            [
                "Gillette Venus Razors",
                "/browse/personal-care/gillette-venus-razors/1005862_1007220_8090056"
            ],
            [
                "Women's Shaving",
                "/browse/personal-care/womens-shaving/1005862_1007220_9200501"
            ]
        ]
    }
]