[
    {
        "title": "6PK CUPRAN 2000ML SOFTBOTTLE REFILL 6PK",
        "url": "https://www.walmart.com/ip/6PK-CUPRAN-2000ML-SOFTBOTTLE-REFILL-6PK/16550735",
        "price": "$41.69",
        "stars": 0,
        "ratings": 0,
        "img": "",
        "tags": [
            [
                "Automotive Paint, Paint Tools & Accessories",
                "/browse/auto-tires/automotive-paint-paint-tools-accessories/91083_1693312_1432405"
            ],
            [
                "Tools, Prep, Masking, Chemicals & Accessories",
                "/browse/auto-tires/tools-prep-masking-chemicals-accessories/91083_1693312_2019956"
            ],
            [
                "Body and Interior Repair",
                "/browse/auto-tires/body-interior-repair/91083_1693312_3231722"
            ],
            [
                "Auto Paint Removers and Strippers",
                "/browse/auto-tires/auto-paint-removers-strippers/91083_1693312_2858680_3581567"
            ],
            [
                "Auto Body Paint",
                "/browse/auto-tires/auto-body-paint/91083_1074767_4623199_4175705"
            ],
            [
                "Strippers, Reducers, Solvents, Fillers & Other Chemicals",
                "/browse/auto-tires/strippers-reducers-solvents-fillers-other-chemicals/91083_1693312_4858481"
            ],
            [
                "Body Filler & Repair",
                "/browse/auto-tires/body-filler-repair/91083_1693312_6418325"
            ],
            [
                "All Auto Paint",
                "/browse/auto-tires/all-auto-paint/91083_1693312_7576491"
            ]
        ]
    },
    {
        "title": "A La Maison - French Liquid Soap - Lavender Aloe - 16.9 fl oz",
        "url": "https://www.walmart.com/ip/A-La-Maison-French-Liquid-Soap-Lavender-Aloe-16-9-fl-oz/574664030",
        "price": "$19.00",
        "stars": 0,
        "ratings": 0,
        "img": "i5.walmartimages.com/asr/03e50361-b79a-47a5-a32c-5c3c186a6a97_1.6683dd3017585bb5e989626940ff04db.jpeg?odnWidth=612&odnHeight=612&odnBg=ffffff",
        "tags": [
            [
                "New in Hand Soaps",
                "/browse/personal-care/new-in-hand-soaps/1005862_1071969_2378679"
            ],
            [
                "Mrs Meyers Hand Soap",
                "/browse/personal-care/mrs-meyers-hand-soap/1005862_1071969_2434650"
            ],
            [
                "Method Hand Soaps",
                "/browse/personal-care/method-hand-soaps/1005862_9157053_5971217_4326791"
            ],
            [
                "Bar Soap",
                "/browse/personal-care/bar-soap/1005862_1071969_4735846"
            ],
            [
                "Hand Sanitizing Wipes",
                "/browse/personal-care/hand-sanitizing-wipes/1005862_1071969_6886797"
            ],
            [
                "Stock up on Hand Wash",
                "/browse/personal-care/stock-up-hand-wash/1005862_1071969_7917529"
            ],
            [
                "Hand Sanitizers",
                "/browse/personal-care/hand-sanitizers/1005862_1071969_9011420"
            ]
        ]
    },
    {
        "title": "3 Bath & Beauty  Antibacterial Liquid Hand Soap Lemon or Lavender or Apple Scent 16.9 Fl oz Each",
        "url": "https://www.walmart.com/ip/3-Bath-Beauty-Antibacterial-Liquid-Hand-Soap-Lemon-or-Lavender-or-Apple-Scent-16-9-Fl-oz-Each/523901108",
        "price": "$17.99",
        "stars": 0,
        "ratings": 0,
        "img": "i5.walmartimages.com/asr/1db864a3-347a-4a87-9ad7-39a0fb687a83.43aff6b276b85c5e47f5a75eb650df3b.jpeg?odnWidth=612&odnHeight=612&odnBg=ffffff",
        "tags": []
    },
    {
        "title": "Felce Azzurra Intimate Hygiene Delicate Liquid Soap (classic) 200ml 6.8oz",
        "url": "https://www.walmart.com/ip/Felce-Azzurra-Intimate-Hygiene-Delicate-Liquid-Soap-classic-200ml-6-8oz/443017839",
        "price": "$12.00",
        "stars": 0,
        "ratings": 0,
        "img": "",
        "tags": [
            [
                "New in Hand Soaps",
                "/browse/personal-care/new-in-hand-soaps/1005862_1071969_2378679"
            ],
            [
                "Softsoap Hand Soap",
                "/browse/personal-care/softsoap-hand-soap/1005862_1071969_4092819"
            ],
            [
                "Method Hand Soaps",
                "/browse/personal-care/method-hand-soaps/1005862_9157053_5971217_4326791"
            ],
            [
                "Hand Sanitizing Wipes",
                "/browse/personal-care/hand-sanitizing-wipes/1005862_1071969_6886797"
            ],
            [
                "Stock up on Hand Wash",
                "/browse/personal-care/stock-up-hand-wash/1005862_1071969_7917529"
            ],
            [
                "Discover! Staff-Favorite Body Care",
                "/browse/personal-care/discover-staff-favorite-body-care/1005862_1071969_8051400"
            ],
            [
                "Hand Sanitizers",
                "/browse/personal-care/hand-sanitizers/1005862_1071969_9011420"
            ]
        ]
    },
    {
        "title": "Tea Tree Mint Liquid  Hand Soap 16 fl oz",
        "url": "https://www.walmart.com/ip/Tea-Tree-Mint-Liquid-Hand-Soap-16-fl-oz/772456549",
        "price": "$15.95",
        "stars": 0,
        "ratings": 0,
        "img": "i5.walmartimages.com/asr/618a6ad1-7ca0-4daa-8c75-18a87824681e_1.7e63252efb029d46458b643a933603d5.jpeg?odnWidth=612&odnHeight=612&odnBg=ffffff",
        "tags": []
    },
    {
        "title": "Glo-Germ 588646 8 oz Products Gel",
        "url": "https://www.walmart.com/ip/Glo-Germ-588646-8-oz-Products-Gel/400308772",
        "price": "$20.30",
        "stars": 0,
        "ratings": 0,
        "img": "",
        "tags": [
            [
                "New in Hand Soaps",
                "/browse/personal-care/new-in-hand-soaps/1005862_1071969_2378679"
            ],
            [
                "Softsoap Hand Soap",
                "/browse/personal-care/softsoap-hand-soap/1005862_1071969_4092819"
            ],
            [
                "Method Hand Soaps",
                "/browse/personal-care/method-hand-soaps/1005862_9157053_5971217_4326791"
            ],
            [
                "Hand Sanitizing Wipes",
                "/browse/personal-care/hand-sanitizing-wipes/1005862_1071969_6886797"
            ],
            [
                "Stock up on Hand Wash",
                "/browse/personal-care/stock-up-hand-wash/1005862_1071969_7917529"
            ],
            [
                "Discover! Staff-Favorite Body Care",
                "/browse/personal-care/discover-staff-favorite-body-care/1005862_1071969_8051400"
            ],
            [
                "Hand Sanitizers",
                "/browse/personal-care/hand-sanitizers/1005862_1071969_9011420"
            ]
        ]
    },
    {
        "title": "Panier Des Sens Rose Liquid Marseille Soap and Hand Cream Set",
        "url": "https://www.walmart.com/ip/Panier-Des-Sens-Rose-Liquid-Marseille-Soap-and-Hand-Cream-Set/927536328",
        "price": "$39.95",
        "stars": 0,
        "ratings": 0,
        "img": "",
        "tags": [
            [
                "New in Hand Soaps",
                "/browse/personal-care/new-in-hand-soaps/1005862_1071969_2378679"
            ],
            [
                "Hand Lotions & Creams",
                "/browse/personal-care/hand-lotions-creams/1005862_1071969_2510017"
            ],
            [
                "Method Hand Soaps",
                "/browse/personal-care/method-hand-soaps/1005862_9157053_5971217_4326791"
            ],
            [
                "Hand Sanitizing Wipes",
                "/browse/personal-care/hand-sanitizing-wipes/1005862_1071969_6886797"
            ],
            [
                "Stock up on Hand Wash",
                "/browse/personal-care/stock-up-hand-wash/1005862_1071969_7917529"
            ],
            [
                "Discover! Staff-Favorite Body Care",
                "/browse/personal-care/discover-staff-favorite-body-care/1005862_1071969_8051400"
            ],
            [
                "Hand Sanitizers",
                "/browse/personal-care/hand-sanitizers/1005862_1071969_9011420"
            ]
        ]
    },
    {
        "title": "Foaming Hand Wash Cherry Blossom 8.5 OZ",
        "url": "https://www.walmart.com/ip/Foaming-Hand-Wash-Cherry-Blossom-8-5-OZ/469701011",
        "price": "$14.25",
        "stars": 0,
        "ratings": 0,
        "img": "",
        "tags": [
            [
                "New in Hand Soaps",
                "/browse/personal-care/new-in-hand-soaps/1005862_1071969_2378679"
            ],
            [
                "Softsoap Hand Soap",
                "/browse/personal-care/softsoap-hand-soap/1005862_1071969_4092819"
            ],
            [
                "Method Hand Soaps",
                "/browse/personal-care/method-hand-soaps/1005862_9157053_5971217_4326791"
            ],
            [
                "Hand Sanitizing Wipes",
                "/browse/personal-care/hand-sanitizing-wipes/1005862_1071969_6886797"
            ],
            [
                "Stock up on Hand Wash",
                "/browse/personal-care/stock-up-hand-wash/1005862_1071969_7917529"
            ],
            [
                "Discover! Staff-Favorite Body Care",
                "/browse/personal-care/discover-staff-favorite-body-care/1005862_1071969_8051400"
            ],
            [
                "Hand Sanitizers",
                "/browse/personal-care/hand-sanitizers/1005862_1071969_9011420"
            ]
        ]
    },
    {
        "title": "California Baby Wash Up!, Squeaky Clean",
        "url": "https://www.walmart.com/ip/California-Baby-Wash-Up-Squeaky-Clean/39907978",
        "price": "$29.98",
        "stars": 0,
        "ratings": 0,
        "img": "",
        "tags": [
            [
                "Baby Care",
                "/browse/baby/baby-care/5427_486190_132980"
            ],
            [
                "Baby Care & Grooming",
                "/browse/baby/baby-care-grooming/5427_486190_1457965"
            ],
            [
                "Baby Lotions",
                "/browse/baby/baby-lotions/5427_132943_2113333"
            ],
            [
                "Baby Body Washes",
                "/browse/baby/baby-body-washes/5427_486190_2277795"
            ],
            [
                "Baby Shampoos & Body Washes",
                "/browse/baby/baby-shampoos-body-washes/5427_132943_136296_3844008"
            ],
            [
                "Baby Oils & Lotions",
                "/browse/baby/baby-oils-lotions/5427_486190_7103845"
            ],
            [
                "Baby Shampoos",
                "/browse/baby/baby-shampoos/5427_486190_9573703"
            ],
            [
                "Johnson's Baby",
                "/browse/baby/johnsons-baby/5427_486190_9988601"
            ]
        ]
    },
    {
        "title": "Liquid African Black Soap \u2013 Citrus Mint",
        "url": "https://www.walmart.com/ip/Liquid-African-Black-Soap-Citrus-Mint/167397547",
        "price": "$15.00",
        "stars": "5.0",
        "ratings": "1 ",
        "img": "i5.walmartimages.com/asr/93348deb-fdb1-45cf-8f8d-c2f515ec33ec_1.25469e61af97db82789000522bb771ab.jpeg?odnWidth=612&odnHeight=612&odnBg=ffffff",
        "tags": [
            [
                "New in Hand Soaps",
                "/browse/personal-care/new-in-hand-soaps/1005862_1071969_2378679"
            ],
            [
                "Softsoap Hand Soap",
                "/browse/personal-care/softsoap-hand-soap/1005862_1071969_4092819"
            ],
            [
                "Method Hand Soaps",
                "/browse/personal-care/method-hand-soaps/1005862_9157053_5971217_4326791"
            ],
            [
                "Hand Sanitizing Wipes",
                "/browse/personal-care/hand-sanitizing-wipes/1005862_1071969_6886797"
            ],
            [
                "Stock up on Hand Wash",
                "/browse/personal-care/stock-up-hand-wash/1005862_1071969_7917529"
            ],
            [
                "Discover! Staff-Favorite Body Care",
                "/browse/personal-care/discover-staff-favorite-body-care/1005862_1071969_8051400"
            ],
            [
                "Hand Sanitizers",
                "/browse/personal-care/hand-sanitizers/1005862_1071969_9011420"
            ]
        ]
    }
]