[
    {
        "title": "ME Medichoice Toothpaste with Fluoride 0.6oz, 5/PK",
        "url": "https://www.walmart.com/ip/ME-Medichoice-Toothpaste-with-Fluoride-0-6oz-5-PK/854865739",
        "price": "$14.99",
        "stars": "5.0",
        "ratings": "3 ",
        "img": "",
        "tags": [
            [
                "Kids Oral Care",
                "/browse/personal-care/kids-oral-care/1005862_1007221_1094604"
            ],
            [
                "Crest",
                "/browse/personal-care/crest/1005862_9157053_2014962"
            ],
            [
                "All Crest Toothpaste",
                "/browse/personal-care/all-crest-toothpaste/1005862_1007221_1023020_1489384_2603409"
            ],
            [
                "Colgate",
                "/browse/personal-care/colgate/1005862_9157053_4009720"
            ],
            [
                "All Colgate Toothpaste",
                "/browse/personal-care/all-colgate-toothpaste/1005862_1007221_1023020_9769261_5746090"
            ],
            [
                "Whitening Toothpaste",
                "/browse/personal-care/whitening-toothpaste/1005862_1007221_1023020_8212171"
            ],
            [
                "Sensodyne Toothpaste",
                "/browse/personal-care/sensodyne-toothpaste/1005862_1007221_1023020_8812561"
            ]
        ]
    },
    {
        "title": "Plus White Toothpaste Xtra Whitening Cool Mint Gel 3.5oz (6 Pack)",
        "url": "https://www.walmart.com/ip/Plus-White-Toothpaste-Xtra-Whitening-Cool-Mint-Gel-3-5oz-6-Pack/231460442",
        "price": "$30.94",
        "stars": "4.0",
        "ratings": "1 ",
        "img": "i5.walmartimages.com/asr/22ae7dc3-4c14-476a-84f5-1e51b4007978_1.50c8de4d937a3a2adbefc2bb38d6fc77.jpeg?odnWidth=612&odnHeight=612&odnBg=ffffff",
        "tags": [
            [
                "Crest",
                "/browse/personal-care/crest/1005862_9157053_2014962"
            ],
            [
                "All Crest Toothpaste",
                "/browse/personal-care/all-crest-toothpaste/1005862_1007221_1023020_1489384_2603409"
            ],
            [
                "Colgate",
                "/browse/personal-care/colgate/1005862_9157053_4009720"
            ],
            [
                "All Teeth Whitening",
                "/browse/personal-care/all-teeth-whitening/1005862_1007221_1044034_5073174"
            ],
            [
                "All Colgate Toothpaste",
                "/browse/personal-care/all-colgate-toothpaste/1005862_1007221_1023020_9769261_5746090"
            ],
            [
                "Whitening Toothpaste",
                "/browse/personal-care/whitening-toothpaste/1005862_1007221_1023020_8212171"
            ],
            [
                "Sensodyne Toothpaste",
                "/browse/personal-care/sensodyne-toothpaste/1005862_1007221_1023020_8812561"
            ]
        ]
    },
    {
        "title": "Tom's of Maine - Natural Luminous White Toothpaste with Fluoride Spearmint - 4 oz.",
        "url": "https://www.walmart.com/ip/Tom-s-of-Maine-Natural-Luminous-White-Toothpaste-with-Fluoride-Spearmint-4-oz/813274233",
        "price": "$7.36",
        "stars": "4.0",
        "ratings": "1 ",
        "img": "",
        "tags": [
            [
                "Kids Oral Care",
                "/browse/personal-care/kids-oral-care/1005862_1007221_1094604"
            ],
            [
                "Tom's of Maine",
                "/browse/personal-care/toms-of-maine/1005862_9157053_6295630"
            ],
            [
                "Charcoal Teeth Whitening",
                "/browse/personal-care/charcoal-teeth-whitening/1005862_1007221_1044034_7958074"
            ],
            [
                "All Toothpaste",
                "/browse/personal-care/all-toothpaste/1005862_1007221_1023020_8164419"
            ],
            [
                "Whitening Toothpaste",
                "/browse/personal-care/whitening-toothpaste/1005862_1007221_1023020_8212171"
            ],
            [
                "Hello Toothpaste",
                "/browse/personal-care/hello-toothpaste/1005862_1007221_1023020_8374475"
            ],
            [
                "Men's Personal Care",
                "/browse/mens-personal-care/1005862_8928973"
            ]
        ]
    },
    {
        "title": "KABOER Toothpaste Squeezer, Creative Manual Roller Toothpaste Holder for Toilets, Apartments, Squeeze Toothpaste, Facial Cleansers, Creams",
        "url": "https://www.walmart.com/ip/KABOER-Toothpaste-Squeezer-Creative-Manual-Roller-Toothpaste-Holder-for-Toilets-Apartments-Squeeze-Toothpaste-Facial-Cleansers-Creams/516822863",
        "price": "$9.93",
        "stars": "4.0",
        "ratings": "1 ",
        "img": "i5.walmartimages.com/asr/6d6deb8a-6aea-45c1-8b8f-c38884f80119_1.359ce5a2f74f3df727285dbed2c5aed2.jpeg?odnWidth=612&odnHeight=612&odnBg=ffffff",
        "tags": [
            [
                "Kids Oral Care",
                "/browse/personal-care/kids-oral-care/1005862_1007221_1094604"
            ],
            [
                "Crest",
                "/browse/personal-care/crest/1005862_9157053_2014962"
            ],
            [
                "All Crest Toothpaste",
                "/browse/personal-care/all-crest-toothpaste/1005862_1007221_1023020_1489384_2603409"
            ],
            [
                "Colgate",
                "/browse/personal-care/colgate/1005862_9157053_4009720"
            ],
            [
                "All Colgate Toothpaste",
                "/browse/personal-care/all-colgate-toothpaste/1005862_1007221_1023020_9769261_5746090"
            ],
            [
                "Whitening Toothpaste",
                "/browse/personal-care/whitening-toothpaste/1005862_1007221_1023020_8212171"
            ],
            [
                "Sensodyne Toothpaste",
                "/browse/personal-care/sensodyne-toothpaste/1005862_1007221_1023020_8812561"
            ]
        ]
    },
    {
        "title": "Toms of Maine Natural Toothpaste Rapid Relief Sensitive Fluoride Free Fresh Mint, 4 Oz, 2 Pack",
        "url": "https://www.walmart.com/ip/Toms-of-Maine-Natural-Toothpaste-Rapid-Relief-Sensitive-Fluoride-Free-Fresh-Mint-4-Oz-2-Pack/942388370",
        "price": "$14.39",
        "stars": 0,
        "ratings": 0,
        "img": "",
        "tags": [
            [
                "Kids Oral Care",
                "/browse/personal-care/kids-oral-care/1005862_1007221_1094604"
            ],
            [
                "Sensitive Toothpaste",
                "/browse/personal-care/sensitive-toothpaste/1005862_1007221_1023020_5301211"
            ],
            [
                "Tom's of Maine",
                "/browse/personal-care/toms-of-maine/1005862_9157053_6295630"
            ],
            [
                "Charcoal Teeth Whitening",
                "/browse/personal-care/charcoal-teeth-whitening/1005862_1007221_1044034_7958074"
            ],
            [
                "All Toothpaste",
                "/browse/personal-care/all-toothpaste/1005862_1007221_1023020_8164419"
            ],
            [
                "Whitening Toothpaste",
                "/browse/personal-care/whitening-toothpaste/1005862_1007221_1023020_8212171"
            ],
            [
                "Men's Personal Care",
                "/browse/mens-personal-care/1005862_8928973"
            ]
        ]
    },
    {
        "title": "Lumineux Oral Essentials  Medically Developed Toothpaste  Whitening  3 75 oz  99 2 g",
        "url": "https://www.walmart.com/ip/Lumineux-Oral-Essentials-Medically-Developed-Toothpaste-Whitening-3-75-oz-99-2-g/948408336",
        "price": "$11.61",
        "stars": "5.0",
        "ratings": "1 ",
        "img": "",
        "tags": [
            [
                "Crest",
                "/browse/personal-care/crest/1005862_9157053_2014962"
            ],
            [
                "All Crest Toothpaste",
                "/browse/personal-care/all-crest-toothpaste/1005862_1007221_1023020_1489384_2603409"
            ],
            [
                "All Teeth Whitening",
                "/browse/personal-care/all-teeth-whitening/1005862_1007221_1044034_5073174"
            ],
            [
                "All Dry Mouth Mouthwash",
                "/browse/personal-care/all-dry-mouth-mouthwash/1005862_1007221_1007360_8361519_5654027"
            ],
            [
                "All Mouthwash",
                "/browse/personal-care/all-mouthwash/1005862_1007221_1007360_7390687"
            ],
            [
                "Sensodyne Toothpaste",
                "/browse/personal-care/sensodyne-toothpaste/1005862_1007221_1023020_8812561"
            ]
        ]
    },
    {
        "title": "2 Pack - Close-Up Toothpaste Freshening Gel, Ultra Cinnamon 8 oz",
        "url": "https://www.walmart.com/ip/2-Pack-Close-Up-Toothpaste-Freshening-Gel-Ultra-Cinnamon-8-oz/884093244",
        "price": "$12.06",
        "stars": "5.0",
        "ratings": "2 ",
        "img": "i5.walmartimages.com/asr/c96f45fc-502d-4ee5-8b78-ced1a28d63db_1.77cbea41904020831b93a2a39763236c.jpeg?odnWidth=612&odnHeight=612&odnBg=ffffff",
        "tags": [
            [
                "Kids Oral Care",
                "/browse/personal-care/kids-oral-care/1005862_1007221_1094604"
            ],
            [
                "Crest",
                "/browse/personal-care/crest/1005862_9157053_2014962"
            ],
            [
                "All Crest Toothpaste",
                "/browse/personal-care/all-crest-toothpaste/1005862_1007221_1023020_1489384_2603409"
            ],
            [
                "Colgate",
                "/browse/personal-care/colgate/1005862_9157053_4009720"
            ],
            [
                "All Colgate Toothpaste",
                "/browse/personal-care/all-colgate-toothpaste/1005862_1007221_1023020_9769261_5746090"
            ],
            [
                "Whitening Toothpaste",
                "/browse/personal-care/whitening-toothpaste/1005862_1007221_1023020_8212171"
            ],
            [
                "Sensodyne Toothpaste",
                "/browse/personal-care/sensodyne-toothpaste/1005862_1007221_1023020_8812561"
            ]
        ]
    },
    {
        "title": "Crest Whitening Plus Scope Toothpaste Minty Fresh Striped 2.70 oz",
        "url": "https://www.walmart.com/ip/Crest-Whitening-Plus-Scope-Toothpaste-Minty-Fresh-Striped-2-70-oz/10311989",
        "price": "$6.00",
        "stars": "4.4",
        "ratings": "247 ",
        "img": "i5.walmartimages.com/asr/134c09e2-570b-4e4c-be5c-fe5783b129ac_1.955f448d909b2004050d062453970260.jpeg?odnWidth=612&odnHeight=612&odnBg=ffffff",
        "tags": [
            [
                "Crest Mouthwash",
                "/browse/personal-care/crest-mouthwash/1005862_1007221_1007360_2137973"
            ],
            [
                "All Crest Toothpaste",
                "/browse/personal-care/all-crest-toothpaste/1005862_1007221_1023020_1489384_2603409"
            ],
            [
                "All Whitening Strips",
                "/browse/personal-care/all-whitening-strips/1005862_1007221_1044034_1298483_4448175"
            ],
            [
                "All Teeth Whitening",
                "/browse/personal-care/all-teeth-whitening/1005862_1007221_1044034_5073174"
            ],
            [
                "All Toothpaste",
                "/browse/personal-care/all-toothpaste/1005862_1007221_1023020_8164419"
            ],
            [
                "Whitening Toothpaste",
                "/browse/personal-care/whitening-toothpaste/1005862_1007221_1023020_8212171"
            ]
        ]
    },
    {
        "title": "Crest Complete Multi-Benefit Fluoride Toothpaste, Whitening + Scope, Minty Fresh 0.85 oz (Pack of 3)",
        "url": "https://www.walmart.com/ip/Crest-Complete-Multi-Benefit-Fluoride-Toothpaste-Whitening-Scope-Minty-Fresh-0-85-oz-Pack-of-3/50650148",
        "price": "$7.21",
        "stars": "4.4",
        "ratings": "174 ",
        "img": "i5.walmartimages.com/asr/73aac043-eb77-4d7c-b156-ee73ccf3e3f9_1.e7b87940aa3804abcc385c7a3c026681.jpeg?odnWidth=612&odnHeight=612&odnBg=ffffff",
        "tags": [
            [
                "Crest Mouthwash",
                "/browse/personal-care/crest-mouthwash/1005862_1007221_1007360_2137973"
            ],
            [
                "All Crest Toothpaste",
                "/browse/personal-care/all-crest-toothpaste/1005862_1007221_1023020_1489384_2603409"
            ],
            [
                "Crest Pro Health Toothpaste",
                "/browse/personal-care/crest-pro-health-toothpaste/1005862_1007221_1023020_1489384_4415374"
            ],
            [
                "All Whitening Strips",
                "/browse/personal-care/all-whitening-strips/1005862_1007221_1044034_1298483_4448175"
            ],
            [
                "All Teeth Whitening",
                "/browse/personal-care/all-teeth-whitening/1005862_1007221_1044034_5073174"
            ],
            [
                "All Toothpaste",
                "/browse/personal-care/all-toothpaste/1005862_1007221_1023020_8164419"
            ],
            [
                "Whitening Toothpaste",
                "/browse/personal-care/whitening-toothpaste/1005862_1007221_1023020_8212171"
            ]
        ]
    },
    {
        "title": "NOW Foods - XyliWhite Toothpaste Gel Fluoride-Free Refreshmint - 6.4 oz.",
        "url": "https://www.walmart.com/ip/NOW-Foods-XyliWhite-Toothpaste-Gel-Fluoride-Free-Refreshmint-6-4-oz/39454191",
        "price": "$7.58",
        "stars": "4.7",
        "ratings": "108 ",
        "img": "i5.walmartimages.com/asr/5f9a2651-b6c7-4788-a66b-3472c6c8dd6f_1.6ab9cc4596906a7fee67ca67264b85d5.jpeg?odnWidth=612&odnHeight=612&odnBg=ffffff",
        "tags": [
            [
                "Deodorants & Antiperspirants",
                "/browse/deodorants-antiperspirants/1005862_1001487"
            ],
            [
                "Stock up on Body Wash",
                "/browse/personal-care/stock-up-body-wash/1005862_1071969_1528860"
            ],
            [
                "Men's Bath & Body",
                "/browse/personal-care/mens-bath-body/1005862_1056884_2325953"
            ],
            [
                "Men's Body Wash",
                "/browse/personal-care/mens-body-wash/1005862_1071969_2531574"
            ],
            [
                "Old Spice Body Wash & Deodorants",
                "/browse/personal-care/old-spice-body-wash-deodorants/1005862_1071969_6362250"
            ],
            [
                "Dove Men + Care",
                "/browse/dove-men-care/1005862_7983046"
            ],
            [
                "All Toothpaste",
                "/browse/personal-care/all-toothpaste/1005862_1007221_1023020_8164419"
            ],
            [
                "Whitening Toothpaste",
                "/browse/personal-care/whitening-toothpaste/1005862_1007221_1023020_8212171"
            ]
        ]
    }
]