[
    {
        "title": "4 Pack Oral B Super Floss Mint Dental Floss Pre Cut Strands 50 Each",
        "url": "https://www.walmart.com/ip/4-Pack-Oral-B-Super-Floss-Mint-Dental-Floss-Pre-Cut-Strands-50-Each/361569941",
        "price": "$14.64",
        "stars": "2.4",
        "ratings": "86 ",
        "img": "",
        "tags": [
            [
                "Listerine",
                "/browse/personal-care/listerine/1005862_9157053_2941559"
            ],
            [
                "Plackers Floss",
                "/browse/personal-care/plackers-floss/1005862_1007221_1044031_3433293"
            ],
            [
                "Braces Floss",
                "/browse/personal-care/braces-floss/1005862_1007221_1044031_3779853"
            ],
            [
                "Floss Picks",
                "/browse/personal-care/floss-picks/1005862_1007221_1044031_4600948"
            ],
            [
                "String Floss",
                "/browse/personal-care/string-floss/1005862_1007221_1044031_7062539"
            ],
            [
                "Glide Floss",
                "/browse/personal-care/glide-floss/1005862_1007221_1044031_8431069"
            ]
        ]
    },
    {
        "title": "Waterpik Jet Tips Pro JT-360E 2 pk",
        "url": "https://www.walmart.com/ip/Waterpik-Jet-Tips-Pro-JT-360E-2-pk/46501159",
        "price": "$9.99",
        "stars": "4.3",
        "ratings": "30 ",
        "img": "i5.walmartimages.com/asr/dbb42ecd-f0b3-4568-9138-87cc86df0488_1.010d1e420cc7dd89f7148768106b7fa6.jpeg?odnWidth=612&odnHeight=612&odnBg=ffffff",
        "tags": [
            [
                "All Toothbrush Replacement Heads",
                "/browse/personal-care/all-toothbrush-replacement-heads/1005862_1007221_2709578_1225307_1835221"
            ],
            [
                "All Dental Floss",
                "/browse/personal-care/all-dental-floss/1005862_1007221_1044031_2443344"
            ],
            [
                "All Water Flossers",
                "/browse/personal-care/all-water-flossers/1005862_1007221_1024682_3052677"
            ],
            [
                "Braces Floss",
                "/browse/personal-care/braces-floss/1005862_1007221_1044031_3779853"
            ],
            [
                "Floss Picks",
                "/browse/personal-care/floss-picks/1005862_1007221_1044031_4600948"
            ],
            [
                "Waterpik Replacement Tips",
                "/browse/personal-care/waterpik-replacement-tips/1005862_1007221_1024682_5270254_8312810"
            ]
        ]
    },
    {
        "title": "4 PACK | Berkley Jensen MINT Hi-Tech Teeth Flossers Floss & Fold Pick - 360 QTY",
        "url": "https://www.walmart.com/ip/4-PACK-Berkley-Jensen-MINT-Hi-Tech-Teeth-Flossers-Floss-Fold-Pick-360-QTY/952021506",
        "price": "$18.60",
        "stars": 0,
        "ratings": 0,
        "img": "",
        "tags": [
            [
                "All Dental Floss",
                "/browse/personal-care/all-dental-floss/1005862_1007221_1044031_2443344"
            ],
            [
                "All Water Flossers",
                "/browse/personal-care/all-water-flossers/1005862_1007221_1024682_3052677"
            ],
            [
                "Braces Floss",
                "/browse/personal-care/braces-floss/1005862_1007221_1044031_3779853"
            ],
            [
                "All Waterpik",
                "/browse/personal-care/all-waterpik/1005862_1007221_1024682_5270254_4545814"
            ],
            [
                "Waterpik Replacement Tips",
                "/browse/personal-care/waterpik-replacement-tips/1005862_1007221_1024682_5270254_8312810"
            ],
            [
                "Glide Floss",
                "/browse/personal-care/glide-floss/1005862_1007221_1044031_8431069"
            ]
        ]
    },
    {
        "title": "Listerine UltraClean Access Flosser WITH Refill Pack (Pack Of 1)",
        "url": "https://www.walmart.com/ip/Listerine-UltraClean-Access-Flosser-WITH-Refill-Pack-Pack-Of-1/114922677",
        "price": "$10.99",
        "stars": "4.0",
        "ratings": "1 ",
        "img": "i5.walmartimages.com/asr/34921715-df67-41b0-a072-7eec099b0dcd_1.d5a53deede64f1821a2a42b1187e86b5.jpeg?odnWidth=612&odnHeight=612&odnBg=ffffff",
        "tags": [
            [
                "Listerine",
                "/browse/personal-care/listerine/1005862_9157053_2941559"
            ],
            [
                "All Breath Freshener",
                "/browse/personal-care/all-breath-freshener/1005862_1007221_8721343_3777687"
            ],
            [
                "All Dry Mouth Mouthwash",
                "/browse/personal-care/all-dry-mouth-mouthwash/1005862_1007221_1007360_8361519_5654027"
            ],
            [
                "Listerine Mouthwash",
                "/browse/personal-care/listerine-mouthwash/1005862_1007221_1007360_6779281"
            ],
            [
                "String Floss",
                "/browse/personal-care/string-floss/1005862_1007221_1044031_7062539"
            ],
            [
                "All Mouthwash",
                "/browse/personal-care/all-mouthwash/1005862_1007221_1007360_7390687"
            ]
        ]
    },
    {
        "title": "Sunstar 891J Gum Professional Clean Extra Strong Flossers, Mint, 40 Ea",
        "url": "https://www.walmart.com/ip/Sunstar-891J-Gum-Professional-Clean-Extra-Strong-Flossers-Mint-40-Ea/257983609",
        "price": "$5.65",
        "stars": 0,
        "ratings": 0,
        "img": "",
        "tags": [
            [
                "Listerine",
                "/browse/personal-care/listerine/1005862_9157053_2941559"
            ],
            [
                "Plackers Floss",
                "/browse/personal-care/plackers-floss/1005862_1007221_1044031_3433293"
            ],
            [
                "Braces Floss",
                "/browse/personal-care/braces-floss/1005862_1007221_1044031_3779853"
            ],
            [
                "Floss Picks",
                "/browse/personal-care/floss-picks/1005862_1007221_1044031_4600948"
            ],
            [
                "String Floss",
                "/browse/personal-care/string-floss/1005862_1007221_1044031_7062539"
            ],
            [
                "Glide Floss",
                "/browse/personal-care/glide-floss/1005862_1007221_1044031_8431069"
            ]
        ]
    },
    {
        "title": "40pcs Interdental Between Teeth Floss Brush Elastic Massage Gum Toothpick Oral Hygiene Care;40pcs Interdental Between Teeth Floss Brush Elastic Massage Gum Toothpick",
        "url": "https://www.walmart.com/ip/40pcs-Interdental-Between-Teeth-Floss-Brush-Elastic-Massage-Gum-Toothpick-Oral-Hygiene-Care-40pcs/864905406",
        "price": "$8.54",
        "stars": 0,
        "ratings": 0,
        "img": "i5.walmartimages.com/asr/514769f6-3494-4c2a-85b7-a122aa7b6685_1.70b12184f3f8235efbcc6f071d7e8574.jpeg?odnWidth=612&odnHeight=612&odnBg=ffffff",
        "tags": [
            [
                "All Oral Accessories",
                "/browse/personal-care/all-oral-accessories/1005862_1007221_1044029_1891099"
            ],
            [
                "Listerine",
                "/browse/personal-care/listerine/1005862_9157053_2941559"
            ],
            [
                "Braces Floss",
                "/browse/personal-care/braces-floss/1005862_1007221_1044031_3779853"
            ],
            [
                "Floss Picks",
                "/browse/personal-care/floss-picks/1005862_1007221_1044031_4600948"
            ],
            [
                "String Floss",
                "/browse/personal-care/string-floss/1005862_1007221_1044031_7062539"
            ],
            [
                "Interdental Brushes",
                "/browse/personal-care/interdental-brushes/1005862_1007221_1044031_7314366"
            ]
        ]
    },
    {
        "title": "Listerine Ultraclean Access Flosser Starter Refill - 28 Ea",
        "url": "https://www.walmart.com/ip/Listerine-Ultraclean-Access-Flosser-Starter-Refill-28-Ea/510009726",
        "price": "$8.72",
        "stars": 0,
        "ratings": 0,
        "img": "",
        "tags": [
            [
                "Listerine",
                "/browse/personal-care/listerine/1005862_9157053_2941559"
            ],
            [
                "Plackers Floss",
                "/browse/personal-care/plackers-floss/1005862_1007221_1044031_3433293"
            ],
            [
                "Braces Floss",
                "/browse/personal-care/braces-floss/1005862_1007221_1044031_3779853"
            ],
            [
                "Floss Picks",
                "/browse/personal-care/floss-picks/1005862_1007221_1044031_4600948"
            ],
            [
                "String Floss",
                "/browse/personal-care/string-floss/1005862_1007221_1044031_7062539"
            ],
            [
                "Glide Floss",
                "/browse/personal-care/glide-floss/1005862_1007221_1044031_8431069"
            ]
        ]
    },
    {
        "title": "Electric Sonic Dental Calculus Plaque Remover Tool Kit - Tooth Scraper Tartar Removal Cleaner",
        "url": "https://www.walmart.com/ip/Electric-Sonic-Dental-Calculus-Plaque-Remover-Tool-Kit-Tooth-Scraper-Tartar-Removal-Cleaner/638459091",
        "price": "$15.99",
        "stars": "1.0",
        "ratings": "3 ",
        "img": "i5.walmartimages.com/asr/994cae34-750f-43a5-815b-7c2d32e9d6e6.4c99a70e2ebfcdd1066613dc8c8ca2e6.jpeg?odnWidth=612&odnHeight=612&odnBg=ffffff",
        "tags": [
            [
                "Denture Adhesive",
                "/browse/personal-care/denture-adhesive/1005862_1007221_1007359"
            ],
            [
                "All Oral Accessories",
                "/browse/personal-care/all-oral-accessories/1005862_1007221_1044029_1891099"
            ],
            [
                "Floss Picks",
                "/browse/personal-care/floss-picks/1005862_1007221_1044031_4600948"
            ],
            [
                "All Teeth Whitening",
                "/browse/personal-care/all-teeth-whitening/1005862_1007221_1044034_5073174"
            ],
            [
                "Denture Cleaner",
                "/browse/personal-care/denture-cleaner/1005862_1007221_5102904"
            ]
        ]
    },
    {
        "title": "Oral-B Complete Icy Cool Mint Teeth Flossing Picks - 75 Ea, 2 Pack",
        "url": "https://www.walmart.com/ip/Oral-B-Complete-Icy-Cool-Mint-Teeth-Flossing-Picks-75-Ea-2-Pack/51297083",
        "price": "$8.09",
        "stars": 0,
        "ratings": 0,
        "img": "",
        "tags": [
            [
                "Kids Oral Care",
                "/browse/personal-care/kids-oral-care/1005862_1007221_1094604"
            ],
            [
                "All Dental Floss",
                "/browse/personal-care/all-dental-floss/1005862_1007221_1044031_2443344"
            ],
            [
                "All Water Flossers",
                "/browse/personal-care/all-water-flossers/1005862_1007221_1024682_3052677"
            ],
            [
                "Braces Floss",
                "/browse/personal-care/braces-floss/1005862_1007221_1044031_3779853"
            ],
            [
                "All Waterpik",
                "/browse/personal-care/all-waterpik/1005862_1007221_1024682_5270254_4545814"
            ],
            [
                "Oral-B",
                "/browse/personal-care/oral-b/1005862_9157053_5149475"
            ]
        ]
    },
    {
        "title": "DenTek Easy Brush Interdental Cleaners, Mint 16 ea (Pack of 3)",
        "url": "https://www.walmart.com/ip/DenTek-Easy-Brush-Interdental-Cleaners-Mint-16-ea-Pack-of-3/44633268",
        "price": "$12.05",
        "stars": 0,
        "ratings": 0,
        "img": "i5.walmartimages.com/asr/37fd835e-2bb6-4dc3-84f5-e6586853fbb0_1.5548312969e82e9a2f79cae11bd59930.jpeg?odnWidth=612&odnHeight=612&odnBg=ffffff",
        "tags": [
            [
                "All Water Flossers",
                "/browse/personal-care/all-water-flossers/1005862_1007221_1024682_3052677"
            ],
            [
                "Floss Picks",
                "/browse/personal-care/floss-picks/1005862_1007221_1044031_4600948"
            ],
            [
                "All Dry Mouth Mouthwash",
                "/browse/personal-care/all-dry-mouth-mouthwash/1005862_1007221_1007360_8361519_5654027"
            ],
            [
                "Interdental Brushes",
                "/browse/personal-care/interdental-brushes/1005862_1007221_1044031_7314366"
            ],
            [
                "All Mouthwash",
                "/browse/personal-care/all-mouthwash/1005862_1007221_1007360_7390687"
            ]
        ]
    }
]