[
    {
        "title": "Molton Brown Delicious Rhubarb & Rose Fine Liquid Hand Wash 10oz",
        "url": "https://www.walmart.com/ip/Molton-Brown-Delicious-Rhubarb-Rose-Fine-Liquid-Hand-Wash-10oz/610879258",
        "price": "$28.60",
        "stars": 0,
        "ratings": 0,
        "img": "i5.walmartimages.com/asr/cdfbb530-037f-47f8-99fe-d1d5b15a5163_1.078e1b98396d6fe739a59d569358f3ad.jpeg?odnWidth=612&odnHeight=612&odnBg=ffffff",
        "tags": []
    },
    {
        "title": "Amber Care One Antibacterial Liquid Hand Soap Refill, 56 Ounces (Pack of 2)",
        "url": "https://www.walmart.com/ip/Amber-Care-One-Antibacterial-Liquid-Hand-Soap-Refill-56-Ounces-Pack-of-2/162963808",
        "price": "$31.99",
        "stars": 0,
        "ratings": 0,
        "img": "",
        "tags": []
    },
    {
        "title": "Sure Clean Mechanics Hand Soap - 5 gallon pail",
        "url": "https://www.walmart.com/ip/Sure-Clean-Mechanics-Hand-Soap-5-gallon-pail/361610525",
        "price": "$99.00",
        "stars": 0,
        "ratings": 0,
        "img": "i5.walmartimages.com/asr/77396007-2d6c-44ff-a9e2-8cc784685b7e_1.76fa19cba89fa200c95202b3f00171ea.jpeg?odnWidth=612&odnHeight=612&odnBg=ffffff",
        "tags": [
            [
                "New in Hand Soaps",
                "/browse/personal-care/new-in-hand-soaps/1005862_1071969_2378679"
            ],
            [
                "Softsoap Hand Soap",
                "/browse/personal-care/softsoap-hand-soap/1005862_1071969_4092819"
            ],
            [
                "Method Hand Soaps",
                "/browse/personal-care/method-hand-soaps/1005862_9157053_5971217_4326791"
            ],
            [
                "Hand Sanitizing Wipes",
                "/browse/personal-care/hand-sanitizing-wipes/1005862_1071969_6886797"
            ],
            [
                "Stock up on Hand Wash",
                "/browse/personal-care/stock-up-hand-wash/1005862_1071969_7917529"
            ],
            [
                "Discover! Staff-Favorite Body Care",
                "/browse/personal-care/discover-staff-favorite-body-care/1005862_1071969_8051400"
            ],
            [
                "Hand Sanitizers",
                "/browse/personal-care/hand-sanitizers/1005862_1071969_9011420"
            ]
        ]
    },
    {
        "title": "4 Pack - A La Maison de Provence Liquid Hand & Body So ap, Cherry Blossom 16.9 oz",
        "url": "https://www.walmart.com/ip/4-Pack-A-La-Maison-de-Provence-Liquid-Hand-Body-So-ap-Cherry-Blossom-16-9-oz/738618645",
        "price": "$21.24",
        "stars": 0,
        "ratings": 0,
        "img": "i5.walmartimages.com/asr/d30418e0-13db-44bd-8b8b-599a75de78cc_1.4661b4837fa802cc3eab511752418c5e.jpeg?odnWidth=612&odnHeight=612&odnBg=ffffff",
        "tags": [
            [
                "New in Hand Soaps",
                "/browse/personal-care/new-in-hand-soaps/1005862_1071969_2378679"
            ],
            [
                "Method Hand Soaps",
                "/browse/personal-care/method-hand-soaps/1005862_9157053_5971217_4326791"
            ],
            [
                "Bar Soap",
                "/browse/personal-care/bar-soap/1005862_1071969_4735846"
            ],
            [
                "Hand Sanitizing Wipes",
                "/browse/personal-care/hand-sanitizing-wipes/1005862_1071969_6886797"
            ],
            [
                "Stock up on Hand Wash",
                "/browse/personal-care/stock-up-hand-wash/1005862_1071969_7917529"
            ],
            [
                "Discover! Staff-Favorite Body Care",
                "/browse/personal-care/discover-staff-favorite-body-care/1005862_1071969_8051400"
            ],
            [
                "Hand Sanitizers",
                "/browse/personal-care/hand-sanitizers/1005862_1071969_9011420"
            ]
        ]
    },
    {
        "title": "250ml Foaming Soap Pump Shampoo Dispenser Lotion Liquid Foam Bottle Container",
        "url": "https://www.walmart.com/ip/250ml-Foaming-Soap-Pump-Shampoo-Dispenser-Lotion-Liquid-Foam-Bottle-Container/998890463",
        "price": "$10.49",
        "stars": 0,
        "ratings": 0,
        "img": "i5.walmartimages.com/asr/d03faf29-b922-4b94-97a2-379017294719_1.616b84c84fb4a108d72dfe66ddda58f1.jpeg?odnWidth=612&odnHeight=612&odnBg=ffffff",
        "tags": [
            [
                "New in Hand Soaps",
                "/browse/personal-care/new-in-hand-soaps/1005862_1071969_2378679"
            ],
            [
                "Mrs Meyers Hand Soap",
                "/browse/personal-care/mrs-meyers-hand-soap/1005862_1071969_2434650"
            ],
            [
                "Method Hand Soaps",
                "/browse/personal-care/method-hand-soaps/1005862_9157053_5971217_4326791"
            ],
            [
                "Hand Sanitizing Wipes",
                "/browse/personal-care/hand-sanitizing-wipes/1005862_1071969_6886797"
            ],
            [
                "Stock up on Hand Wash",
                "/browse/personal-care/stock-up-hand-wash/1005862_1071969_7917529"
            ],
            [
                "Hand Sanitizers",
                "/browse/personal-care/hand-sanitizers/1005862_1071969_9011420"
            ]
        ]
    },
    {
        "title": "1PK-Dial Basics Foaming Hand Soap Refill, 1000 mL, Honeysuckle",
        "url": "https://www.walmart.com/ip/1PK-Dial-Basics-Foaming-Hand-Soap-Refill-1000-mL-Honeysuckle/615053257",
        "price": "$30.15",
        "stars": 0,
        "ratings": 0,
        "img": "",
        "tags": []
    },
    {
        "title": "Gojo 521202 Purell Education Fragrance Free Foam Soap",
        "url": "https://www.walmart.com/ip/Gojo-521202-Purell-Education-Fragrance-Free-Foam-Soap/174369049",
        "price": "$55.72",
        "stars": "1.0",
        "ratings": "1 ",
        "img": "",
        "tags": []
    },
    {
        "title": "Deep Steep Argan Oil Liquid Hand Wash, Lavender Chamomile, 17.6 Oz",
        "url": "https://www.walmart.com/ip/Deep-Steep-Argan-Oil-Liquid-Hand-Wash-Lavender-Chamomile-17-6-Oz/138128733",
        "price": "$13.08",
        "stars": "5.0",
        "ratings": "1 ",
        "img": "",
        "tags": [
            [
                "Hand Soaps",
                "/browse/personal-care/hand-soaps/1005862_1071969_1001719"
            ],
            [
                "Avalon Organics Body Care",
                "/browse/personal-care/avalon-organics-body-care/1005862_1071969_1496707"
            ],
            [
                "New in Hand Soaps",
                "/browse/personal-care/new-in-hand-soaps/1005862_1071969_2378679"
            ],
            [
                "Mrs Meyers Hand Soap",
                "/browse/personal-care/mrs-meyers-hand-soap/1005862_1071969_2434650"
            ],
            [
                "Discover! Staff-Favorite Body Moisturizers",
                "/browse/personal-care/discover-staff-favorite-body-moisturizers/1005862_1071969_3811606"
            ],
            [
                "Method Hand Soaps",
                "/browse/personal-care/method-hand-soaps/1005862_9157053_5971217_4326791"
            ],
            [
                "Stock up on Hand Wash",
                "/browse/personal-care/stock-up-hand-wash/1005862_1071969_7917529"
            ],
            [
                "Fall Skin Care Essentials",
                "/browse/personal-care/fall-skin-care-essentials/1005862_1071969_9619039"
            ]
        ]
    },
    {
        "title": "Rubbermaid Commercial, RCPFG4013131, Green Certified Lotion Soap Refill, 4 / Carton, White",
        "url": "https://www.walmart.com/ip/Rubbermaid-Commercial-RCPFG4013131-Green-Certified-Lotion-Soap-Refill-4-Carton-White/40825456",
        "price": "$30.03",
        "stars": 0,
        "ratings": 0,
        "img": "i5.walmartimages.com/asr/4361ff0c-e5c0-4b88-84c5-79117d2bed83_1.ad1d1864cb244bbe564f94b8d4a1fdce.jpeg?odnWidth=612&odnHeight=612&odnBg=ffffff",
        "tags": [
            [
                "Oxybenzone-Free Sunscreen",
                "/browse/personal-care/oxybenzone-free-sunscreen/1005862_1001508_1322666"
            ],
            [
                "Kids & Baby Sunscreen",
                "/browse/personal-care/kids-baby-sunscreen/1005862_1001508_1620920"
            ],
            [
                "Bare Republic Sunscreen",
                "/browse/personal-care/bare-republic-sunscreen/1005862_1071969_3640521"
            ],
            [
                "Coppertone Sunscreen",
                "/browse/personal-care/coppertone-sunscreen/1005862_1001508_3734162"
            ],
            [
                "Stock up on Sun Care",
                "/browse/personal-care/stock-up-sun-care/1005862_1071969_1574874_4388481"
            ],
            [
                "Mineral Sunscreen",
                "/browse/personal-care/mineral-sunscreen/1005862_1001508_5548238"
            ],
            [
                "Reef-Safe Sunscreen",
                "/browse/personal-care/reef-safe-sunscreen/1005862_1001508_6270511"
            ],
            [
                "Discover! Staff-Favorite Body Care",
                "/browse/personal-care/discover-staff-favorite-body-care/1005862_1071969_8051400"
            ]
        ]
    },
    {
        "title": "Bath and Body Works Gentle Foaming Hand Soap w/Essential Oils- 8.75 fl oz  Pumpkin Apple - Apples Pumpkin & Clove",
        "url": "https://www.walmart.com/ip/Bath-and-Body-Works-Gentle-Foaming-Hand-Soap-w-Essential-Oils-8-75-fl-oz-Pumpkin-Apple-Apples-Pumpkin-Clove/885046942",
        "price": "$13.99",
        "stars": "5.0",
        "ratings": "1 ",
        "img": "i5.walmartimages.com/asr/25cdb7d2-6407-4aea-aecd-9ee806562d24.b671c52cecdfbe97000c9aa6ebb7f286.jpeg?odnWidth=612&odnHeight=612&odnBg=ffffff",
        "tags": []
    }
]