[
    {
        "title": "Rinse-Free Perineal Wash, McKesson, Liquid 8 oz. Pump Bottle Fresh Scent, 53-28013-8 - EACH",
        "url": "https://www.walmart.com/ip/Rinse-Free-Perineal-Wash-McKesson-Liquid-8-oz-Pump-Bottle-Fresh-Scent-53-28013-8-EACH/628744777",
        "price": "$7.74",
        "stars": 0,
        "ratings": 0,
        "img": "",
        "tags": [
            [
                "New in Hand Soaps",
                "/browse/personal-care/new-in-hand-soaps/1005862_1071969_2378679"
            ],
            [
                "Method Hand Soaps",
                "/browse/personal-care/method-hand-soaps/1005862_9157053_5971217_4326791"
            ],
            [
                "Adult Hygiene",
                "/browse/personal-care/adult-hygiene/1005862_1225655_4359939"
            ],
            [
                "Hand Sanitizing Wipes",
                "/browse/personal-care/hand-sanitizing-wipes/1005862_1071969_6886797"
            ],
            [
                "Stock up on Hand Wash",
                "/browse/personal-care/stock-up-hand-wash/1005862_1071969_7917529"
            ],
            [
                "Discover! Staff-Favorite Body Care",
                "/browse/personal-care/discover-staff-favorite-body-care/1005862_1071969_8051400"
            ],
            [
                "Hand Sanitizers",
                "/browse/personal-care/hand-sanitizers/1005862_1071969_9011420"
            ]
        ]
    },
    {
        "title": "African Formula Carrot Soap, 3 Oz",
        "url": "https://www.walmart.com/ip/African-Formula-Carrot-Soap-3-Oz/245139197",
        "price": "$5.99",
        "stars": 0,
        "ratings": 0,
        "img": "",
        "tags": []
    },
    {
        "title": "Palmer's Skin Success Anti-Dark Spot Complexion Bar, 3.50 oz (Pack of 6)",
        "url": "https://www.walmart.com/ip/Palmer-s-Skin-Success-Anti-Dark-Spot-Complexion-Bar-3-50-oz-Pack-of-6/44591186",
        "price": "$20.78",
        "stars": 0,
        "ratings": 0,
        "img": "i5.walmartimages.com/asr/da010dd9-a909-4b82-a1aa-6eca6b8a2c9a_1.310fe7d117f4aea7f7134bc28829ca96.jpeg?odnWidth=612&odnHeight=612&odnBg=ffffff",
        "tags": [
            [
                "New in Hand Soaps",
                "/browse/personal-care/new-in-hand-soaps/1005862_1071969_2378679"
            ],
            [
                "Method Hand Soaps",
                "/browse/personal-care/method-hand-soaps/1005862_9157053_5971217_4326791"
            ],
            [
                "Bar Soap",
                "/browse/personal-care/bar-soap/1005862_1071969_4735846"
            ],
            [
                "Hand Sanitizing Wipes",
                "/browse/personal-care/hand-sanitizing-wipes/1005862_1071969_6886797"
            ],
            [
                "Stock up on Hand Wash",
                "/browse/personal-care/stock-up-hand-wash/1005862_1071969_7917529"
            ],
            [
                "Discover! Staff-Favorite Body Care",
                "/browse/personal-care/discover-staff-favorite-body-care/1005862_1071969_8051400"
            ],
            [
                "Hand Sanitizers",
                "/browse/personal-care/hand-sanitizers/1005862_1071969_9011420"
            ]
        ]
    },
    {
        "title": "Rubbermaid Commercial, RCP750389, One Shot Foam Free 'N Clean Soap, 4 / Carton, Multicolor, 54.1 fl oz (1600 mL)",
        "url": "https://www.walmart.com/ip/Rubbermaid-Commercial-RCP750389-One-Shot-Foam-Free-N-Clean-Soap-4-Carton-Multicolor-54-1-fl-oz-1600-mL/117909295",
        "price": "$63.78",
        "stars": 0,
        "ratings": 0,
        "img": "i5.walmartimages.com/asr/1d50da11-e331-4698-bc09-4428ff1350c0.9cfb6db57505ee385106c04a925c57c9.jpeg?odnWidth=612&odnHeight=612&odnBg=ffffff",
        "tags": [
            [
                "Cosco",
                "/browse/shop-by-brand/cosco/3734780_8307801_2281254"
            ],
            [
                "ClosetMaid",
                "/browse/shop-by-brand/closetmaid/3734780_8307801_2721073"
            ],
            [
                "Suncast",
                "/browse/shop-by-brand/suncast/3734780_2766070_3734577"
            ],
            [
                "The Pioneer Woman",
                "/browse/shop-by-brand/the-pioneer-woman/3734780_8307801_3894436"
            ],
            [
                "Better Homes & Gardens",
                "/browse/shop-by-brand/better-homes-gardens/3734780_8307801_4710148"
            ],
            [
                "Umbra",
                "/browse/shop-by-brand/umbra/3734780_8307801_4877454"
            ],
            [
                "Farberware",
                "/browse/shop-by-brand/farberware/3734780_8307801_5726225"
            ],
            [
                "Mainstays",
                "/browse/shop-by-brand/mainstays/3734780_8307801_8303454"
            ]
        ]
    },
    {
        "title": "Smelly Powdered Foam Hand Soap",
        "url": "https://www.walmart.com/ip/Smelly-Powdered-Foam-Hand-Soap/746656623",
        "price": "$10.99",
        "stars": 0,
        "ratings": 0,
        "img": "i5.walmartimages.com/asr/91d74df9-07e0-4e1a-8122-2ee9ebbf1b10.8b53c5fb5b27e0aa08aadd320b54d1d8.jpeg?odnWidth=612&odnHeight=612&odnBg=ffffff",
        "tags": []
    },
    {
        "title": "Kamill Liquid Hand Soap Fresh 10.14 fl oz (300ml) Dispenser",
        "url": "https://www.walmart.com/ip/Kamill-Liquid-Hand-Soap-Fresh-10-14-fl-oz-300ml-Dispenser/751501091",
        "price": "$13.99",
        "stars": 0,
        "ratings": 0,
        "img": "i5.walmartimages.com/asr/1cb9c566-2c92-45d7-97aa-b743dae54e4d_1.20d6e5ce705057bf7c0fbffdfcb04d55.jpeg?odnWidth=612&odnHeight=612&odnBg=ffffff",
        "tags": [
            [
                "New in Hand Soaps",
                "/browse/personal-care/new-in-hand-soaps/1005862_1071969_2378679"
            ],
            [
                "Softsoap Hand Soap",
                "/browse/personal-care/softsoap-hand-soap/1005862_1071969_4092819"
            ],
            [
                "Method Hand Soaps",
                "/browse/personal-care/method-hand-soaps/1005862_9157053_5971217_4326791"
            ],
            [
                "Hand Sanitizing Wipes",
                "/browse/personal-care/hand-sanitizing-wipes/1005862_1071969_6886797"
            ],
            [
                "Stock up on Hand Wash",
                "/browse/personal-care/stock-up-hand-wash/1005862_1071969_7917529"
            ],
            [
                "Discover! Staff-Favorite Body Care",
                "/browse/personal-care/discover-staff-favorite-body-care/1005862_1071969_8051400"
            ],
            [
                "Hand Sanitizers",
                "/browse/personal-care/hand-sanitizers/1005862_1071969_9011420"
            ]
        ]
    },
    {
        "title": "Permatex 476710132 01013 14 oz Hand Cleaner",
        "url": "https://www.walmart.com/ip/Permatex-476710132-01013-14-oz-Hand-Cleaner/757991728",
        "price": "$12.15",
        "stars": 0,
        "ratings": 0,
        "img": "",
        "tags": [
            [
                "All Feminine Care",
                "/browse/personal-care/all-feminine-care/1005862_1091866_1001493"
            ],
            [
                "Yeast Infection Treatments",
                "/browse/personal-care/yeast-infection-treatments/1005862_1091866_1224835"
            ],
            [
                "Feminine Washes",
                "/browse/personal-care/feminine-washes/1005862_1091866_1224836"
            ],
            [
                "Douches",
                "/browse/personal-care/douches/1005862_1091866_2790161"
            ],
            [
                "Method Hand Soaps",
                "/browse/personal-care/method-hand-soaps/1005862_9157053_5971217_4326791"
            ],
            [
                "Hand Sanitizing Wipes",
                "/browse/personal-care/hand-sanitizing-wipes/1005862_1071969_6886797"
            ],
            [
                "Hand Sanitizers",
                "/browse/personal-care/hand-sanitizers/1005862_1071969_9011420"
            ],
            [
                "Summer's Eve",
                "/browse/personal-care/summers-eve/1005862_1091866_9461406"
            ]
        ]
    },
    {
        "title": "Dial Liquid Hand Soap, Cucumber & Mint, 7.5 Ounce, 6 Pack",
        "url": "https://www.walmart.com/ip/Dial-Liquid-Hand-Soap-Cucumber-Mint-7-5-Ounce-6-Pack/740284562",
        "price": "$34.99",
        "stars": 0,
        "ratings": 0,
        "img": "i5.walmartimages.com/asr/3d9b31d2-452f-404c-af7d-f16cd5a12dce.0d836b7573e6d50bb276f39a839e540b.jpeg?odnWidth=612&odnHeight=612&odnBg=ffffff",
        "tags": []
    },
    {
        "title": "Michel Design Works Foaming Shea Butter Hand Soap 17.8 Oz. - Peppermint",
        "url": "https://www.walmart.com/ip/Michel-Design-Works-Foaming-Shea-Butter-Hand-Soap-17-8-Oz-Peppermint/848227795",
        "price": "$17.49",
        "stars": 0,
        "ratings": 0,
        "img": "",
        "tags": []
    },
    {
        "title": "Jurlique Restoring Hand Wash Lemon, Geranium & Clary Sage 10.1 oz",
        "url": "https://www.walmart.com/ip/Jurlique-Restoring-Hand-Wash-Lemon-Geranium-Clary-Sage-10-1-oz/215025586",
        "price": "$46.24",
        "stars": 0,
        "ratings": 0,
        "img": "i5.walmartimages.com/asr/8b7370db-e062-42c4-b2bd-65fe4307ceb1_1.efdb89953ca32a375497e921204d7b33.jpeg?odnWidth=612&odnHeight=612&odnBg=ffffff",
        "tags": [
            [
                "Hair Oil",
                "/browse/premium-beauty/hair-oil/7924299_3522922_1696711_1967020"
            ],
            [
                "L'occitane",
                "/browse/premium-beauty/loccitane/7924299_9882925_2799089"
            ],
            [
                "Oribe",
                "/browse/premium-beauty/oribe/7924299_9882925_2842465"
            ],
            [
                "Premium Body Washes & Shower Gels",
                "/browse/premium-beauty/premium-body-washes-shower-gels/7924299_3571844_3976103"
            ],
            [
                "Premium Self Care & Pampering",
                "/browse/premium-self-care-pampering/7924299_6211132"
            ],
            [
                "Premium Deodorants & Antiperspirants",
                "/browse/premium-beauty/premium-deodorants-antiperspirants/7924299_3571844_7830813"
            ],
            [
                "Premium Value Sizes & Sets",
                "/browse/premium-beauty/premium-value-sizes-sets/7924299_3571844_8252939"
            ],
            [
                "Premium Hand Lotions & Foot Creams",
                "/browse/premium-beauty/premium-hand-lotions-foot-creams/7924299_3571844_9058859"
            ]
        ]
    }
]