[
    {
        "title": "($27 Value) Donna Karan Cashmere Mist Deodorant, 1.7 Oz",
        "url": "https://www.walmart.com/ip/27-Value-Donna-Karan-Cashmere-Mist-Deodorant-1-7-Oz/25575752",
        "price": "$40.42",
        "stars": "4.6",
        "ratings": "42 ",
        "img": "i5.walmartimages.com/asr/3b51ad62-2db0-4bf0-910c-3dd03824f693_1.feb438137131f46ed2c30b841f34418a.jpeg?odnWidth=612&odnHeight=612&odnBg=ffffff",
        "tags": [
            [
                "Aramis",
                "/browse/premium-beauty/aramis/7924299_9882925_1280161"
            ],
            [
                "Premium Body Lotions",
                "/browse/premium-beauty/premium-body-lotions/7924299_3571844_2750347"
            ],
            [
                "Premium Body Washes & Shower Gels",
                "/browse/premium-beauty/premium-body-washes-shower-gels/7924299_3571844_3976103"
            ],
            [
                "Premium Rollerball & Travel Size",
                "/browse/premium-beauty/premium-rollerball-travel-size/7924299_9678309_4363118"
            ],
            [
                "Elizabeth Arden",
                "/browse/premium-beauty/elizabeth-arden/7924299_9882925_5023677"
            ],
            [
                "Philosophy",
                "/browse/premium-beauty/philosophy/7924299_9882925_6147441"
            ],
            [
                "Premium Self Care & Pampering",
                "/browse/premium-self-care-pampering/7924299_6211132"
            ],
            [
                "Premium Deodorants",
                "/browse/premium-beauty/premium-deodorants/7924299_6351529_7772535"
            ]
        ]
    },
    {
        "title": "Old Spice Red Zone Icon Scent Men's Antiperspirant & Deodorant 2.6 oz",
        "url": "https://www.walmart.com/ip/Old-Spice-Red-Zone-Icon-Scent-Men-s-Antiperspirant-Deodorant-2-6-oz/782793644",
        "price": "$4.97",
        "stars": "5.0",
        "ratings": "2 ",
        "img": "i5.walmartimages.com/asr/a0556c2d-3ba6-436e-ae86-2ba0dcdcf788.1249f16a0062222f9cd4904101c02a0c.jpeg?odnWidth=612&odnHeight=612&odnBg=ffffff",
        "tags": [
            [
                "Deodorants & Antiperspirants",
                "/browse/deodorants-antiperspirants/1005862_1001487"
            ],
            [
                "New in Body Wash",
                "/browse/personal-care/new-in-body-wash/1005862_1071969_2267059"
            ],
            [
                "Men's Body Wash",
                "/browse/personal-care/mens-body-wash/1005862_1071969_2531574"
            ],
            [
                "Discover! Staff-Favorite Body Moisturizers",
                "/browse/personal-care/discover-staff-favorite-body-moisturizers/1005862_1071969_3811606"
            ],
            [
                "Clinical Strength Antiperspirants",
                "/browse/personal-care/clinical-strength-antiperspirants/1005862_1071969_3942179"
            ],
            [
                "Old Spice Body Wash & Deodorants",
                "/browse/personal-care/old-spice-body-wash-deodorants/1005862_1071969_6362250"
            ],
            [
                "Old Spice Body Wash",
                "/browse/personal-care/old-spice-body-wash/1005862_1071969_6697726"
            ],
            [
                "Men's Personal Care",
                "/browse/mens-personal-care/1005862_8928973"
            ]
        ]
    },
    {
        "title": "Body Fantasies Signature Romance & Dreams Unisex Body Spray, 8 Oz",
        "url": "https://www.walmart.com/ip/Body-Fantasies-Signature-Romance-Dreams-Unisex-Body-Spray-8-Oz/34842913",
        "price": "$5.98",
        "stars": "4.6",
        "ratings": "23 ",
        "img": "",
        "tags": [
            [
                "Best Women's Perfume",
                "/browse/beauty/best-womens-perfume/1085666_5994543_1685992"
            ],
            [
                "Body Fantasies",
                "/browse/beauty/body-fantasies/1085666_133225_1738248_2044069_3453380"
            ],
            [
                "Body & Hair Mists",
                "/browse/beauty/body-hair-mists/1085666_133225_4659649_3823478"
            ],
            [
                "Fragrance Restock",
                "/browse/beauty/fragrance-restock/1085666_6818441_4300089"
            ],
            [
                "Body Sprays",
                "/browse/beauty/body-sprays/1085666_7192911_7602314_5352062"
            ],
            [
                "Fresh Body Spray",
                "/browse/beauty/fresh-body-spray/1085666_133225_1738248_8629220_5766427"
            ],
            [
                "Axe",
                "/browse/beauty/axe/1085666_133225_1738248_1683039_9771642"
            ],
            [
                "Body Spray",
                "/browse/beauty/body-spray/1085666_133225_6873232_9987111"
            ]
        ]
    },
    {
        "title": "Secret Clinical Strength Antiperspirant Deodorant Invisible Solid Completely Clean 1.6 oz",
        "url": "https://www.walmart.com/ip/Secret-Clinical-Strength-Antiperspirant-Deodorant-Invisible-Solid-Completely-Clean-1-6-oz/33964788",
        "price": "$6.99",
        "stars": "4.4",
        "ratings": "16283 ",
        "img": "i5.walmartimages.com/asr/d57be438-4477-459e-bc16-5e850b565de1_1.da8dc976b9fe57ae9f9d16440ef06a32.jpeg?odnWidth=612&odnHeight=612&odnBg=ffffff",
        "tags": [
            [
                "Dermatologist Recommended Rosacea Products",
                "/browse/beauty/dermatologist-recommended-rosacea-products/1085666_7242893_3082873_1829535"
            ],
            [
                "Dermatologist Recommended Anti Aging Products",
                "/browse/beauty/dermatologist-recommended-anti-aging-products/1085666_7242893_3082873_4094363"
            ],
            [
                "Dermatologist Recommended Treatments",
                "/browse/beauty/dermatologist-recommended-treatments/1085666_7242893_4405296"
            ],
            [
                "Body Sprays",
                "/browse/beauty/body-sprays/1085666_7192911_7602314_5352062"
            ],
            [
                "Fresh Body Spray",
                "/browse/beauty/fresh-body-spray/1085666_133225_1738248_8629220_5766427"
            ],
            [
                "Dermatologist Recommended Face Moisturizers Dry Skin",
                "/browse/beauty/dermatologist-recommended-face-moisturizers-dry-skin/1085666_7242893_3082873_4651027_8442890"
            ],
            [
                "John Cena Cologne",
                "/browse/beauty/john-cena-cologne/1085666_133225_6873232_5705523_8461417"
            ],
            [
                "Body Spray",
                "/browse/beauty/body-spray/1085666_133225_6873232_9987111"
            ]
        ]
    },
    {
        "title": "Dove Dry Spray Antiperspirant Deodorant Soothing Chamomile 3.8 oz",
        "url": "https://www.walmart.com/ip/Dove-Dry-Spray-Antiperspirant-Deodorant-Soothing-Chamomile-3-8-oz/49333100",
        "price": "$5.94",
        "stars": "4.4",
        "ratings": "188 ",
        "img": "i5.walmartimages.com/asr/f8c37b10-790d-4973-90b5-72d42dbd3765_1.2520d044281caf968393187a3d5b1a99.jpeg?odnWidth=612&odnHeight=612&odnBg=ffffff",
        "tags": [
            [
                "Deodorants & Antiperspirants",
                "/browse/deodorants-antiperspirants/1005862_1001487"
            ],
            [
                "Dove Personal Care",
                "/browse/personal-care/dove-personal-care/1005862_1071969_1999831"
            ],
            [
                "Men's Bath & Body",
                "/browse/personal-care/mens-bath-body/1005862_1056884_2325953"
            ],
            [
                "Stock up on Deodorant & Antiperspirant",
                "/browse/personal-care/stock-up-deodorant-antiperspirant/1005862_1071969_1574874_2782018"
            ],
            [
                "SheaMoisture Body Care",
                "/browse/personal-care/sheamoisture-body-care/1005862_1071969_4631744"
            ],
            [
                "Dove Men + Care",
                "/browse/dove-men-care/1005862_7983046"
            ],
            [
                "Men's Personal Care",
                "/browse/mens-personal-care/1005862_8928973"
            ]
        ]
    },
    {
        "title": "Degree Men On-The-Go Deodorant Wipes Cool Rush 25ct",
        "url": "https://www.walmart.com/ip/Degree-Men-On-The-Go-Deodorant-Wipes-Cool-Rush-25ct/491597338",
        "price": "$4.97",
        "stars": "4.4",
        "ratings": "543 ",
        "img": "i5.walmartimages.com/asr/550e912a-f00f-4d7b-bf5b-25d269aab0f3_1.2bdf30060f65156f42c6b29d7ce5d517.jpeg?odnWidth=612&odnHeight=612&odnBg=ffffff",
        "tags": [
            [
                "Deodorants & Antiperspirants",
                "/browse/deodorants-antiperspirants/1005862_1001487"
            ],
            [
                "Dove Deodorant & Antiperspirant",
                "/browse/personal-care/dove-deodorant-antiperspirant/1005862_1071969_1725145"
            ],
            [
                "Dove Personal Care",
                "/browse/personal-care/dove-personal-care/1005862_1071969_1999831"
            ],
            [
                "Men's Body Wash",
                "/browse/personal-care/mens-body-wash/1005862_1071969_2531574"
            ],
            [
                "SheaMoisture Body Care",
                "/browse/personal-care/sheamoisture-body-care/1005862_1071969_4631744"
            ],
            [
                "Old Spice Body Wash & Deodorants",
                "/browse/personal-care/old-spice-body-wash-deodorants/1005862_1071969_6362250"
            ],
            [
                "Dove Men + Care",
                "/browse/dove-men-care/1005862_7983046"
            ],
            [
                "Men's Personal Care",
                "/browse/mens-personal-care/1005862_8928973"
            ]
        ]
    },
    {
        "title": "Old Spice Red Collection Icon Originality & Sage Deodorant, 3.0 oz",
        "url": "https://www.walmart.com/ip/Old-Spice-Red-Collection-Icon-Originality-Sage-Deodorant-3-0-oz/198350181",
        "price": "$4.97",
        "stars": "4.8",
        "ratings": "5 ",
        "img": "i5.walmartimages.com/asr/e34ecb5a-bc04-46bb-a3f8-015ac14f9fb9.691b1766785c0ecfc1d27ccf2640f409.jpeg?odnWidth=612&odnHeight=612&odnBg=ffffff",
        "tags": [
            [
                "Deodorants & Antiperspirants",
                "/browse/deodorants-antiperspirants/1005862_1001487"
            ],
            [
                "New in Body Wash",
                "/browse/personal-care/new-in-body-wash/1005862_1071969_2267059"
            ],
            [
                "Stock up on Deodorant & Antiperspirant",
                "/browse/personal-care/stock-up-deodorant-antiperspirant/1005862_1071969_1574874_2782018"
            ],
            [
                "Banana Boat",
                "/browse/personal-care/banana-boat/1005862_1001508_4153586"
            ],
            [
                "Old Spice Body Wash & Deodorants",
                "/browse/personal-care/old-spice-body-wash-deodorants/1005862_1071969_6362250"
            ],
            [
                "Old Spice Body Wash",
                "/browse/personal-care/old-spice-body-wash/1005862_1071969_6697726"
            ],
            [
                "Dove Men + Care",
                "/browse/dove-men-care/1005862_7983046"
            ],
            [
                "Men's Personal Care",
                "/browse/mens-personal-care/1005862_8928973"
            ]
        ]
    },
    {
        "title": "Calvin Klein Beauty ETERNITY Body Spray for Men 5.4 oz",
        "url": "https://www.walmart.com/ip/Calvin-Klein-Beauty-ETERNITY-Body-Spray-for-Men-5-4-oz/39947066",
        "price": "$12.97",
        "stars": "4.2",
        "ratings": "11 ",
        "img": "",
        "tags": [
            [
                "Premium Colognes",
                "/browse/premium-beauty/premium-colognes/7924299_6351529_2025616"
            ],
            [
                "Montblanc",
                "/browse/premium-beauty/montblanc/7924299_9882925_2032690"
            ],
            [
                "Premium Body Sprays",
                "/browse/premium-beauty/premium-body-sprays/7924299_9678309_3759918"
            ],
            [
                "Calvin Klein",
                "/browse/premium-beauty/calvin-klein/7924299_9882925_5638799"
            ],
            [
                "Cologne & Grooming",
                "/browse/premium-beauty/cologne-grooming/7924299_5414957_6902821"
            ],
            [
                "Premium Deodorants",
                "/browse/premium-beauty/premium-deodorants/7924299_6351529_7772535"
            ],
            [
                "Premium Deodorants & Antiperspirants",
                "/browse/premium-beauty/premium-deodorants-antiperspirants/7924299_3571844_7830813"
            ],
            [
                "Premium Beauty Value Sizes & Kits",
                "/browse/premium-beauty-value-sizes-kits/7924299_8303703"
            ]
        ]
    },
    {
        "title": "Dr Teal's Charcoal Deodorant, 2.65 oz.",
        "url": "https://www.walmart.com/ip/Dr-Teal-s-Charcoal-Deodorant-2-65-oz/729529713",
        "price": "$5.19",
        "stars": "4.3",
        "ratings": "40 ",
        "img": "i5.walmartimages.com/asr/653779d5-9937-45a8-8e6f-07720d8fde74_1.e7698f337ada32c3d05920baec14d0e1.jpeg?odnWidth=612&odnHeight=612&odnBg=ffffff",
        "tags": [
            [
                "Body Wash & Shower Gel",
                "/browse/personal-care/body-wash-shower-gel/1005862_1071969_1074364"
            ],
            [
                "Dove Deodorant & Antiperspirant",
                "/browse/personal-care/dove-deodorant-antiperspirant/1005862_1071969_1725145"
            ],
            [
                "Bubble Baths & Soaks",
                "/browse/personal-care/bubble-baths-soaks/1005862_1071969_1802619"
            ],
            [
                "Dove Personal Care",
                "/browse/personal-care/dove-personal-care/1005862_1071969_1999831"
            ],
            [
                "All Bath Bombs, Bubbles Bath & Soaks",
                "/browse/personal-care/all-bath-bombs-bubbles-bath-soaks/1005862_1071969_2187415"
            ],
            [
                "Tom's of Maine Body Care",
                "/browse/personal-care/toms-of-maine-body-care/1005862_1071969_3789086"
            ],
            [
                "Tom's of Maine",
                "/browse/personal-care/toms-of-maine/1005862_9157053_6295630"
            ],
            [
                "Dove Men + Care",
                "/browse/dove-men-care/1005862_7983046"
            ]
        ]
    },
    {
        "title": "Axe Gold Fresh Body Spray for Men, 4 OZ",
        "url": "https://www.walmart.com/ip/Axe-Gold-Fresh-Body-Spray-for-Men-4-OZ/362397608",
        "price": "$4.34",
        "stars": "4.6",
        "ratings": "78 ",
        "img": "i5.walmartimages.com/asr/c96374a0-1ed5-4acf-a4fc-21ea0892c866_1.745c30008bb32ff594577c343d17d5b1.jpeg?odnWidth=612&odnHeight=612&odnBg=ffffff",
        "tags": [
            [
                "Fragrance Restock",
                "/browse/beauty/fragrance-restock/1085666_6818441_4300089"
            ],
            [
                "Body Sprays",
                "/browse/beauty/body-sprays/1085666_7192911_7602314_5352062"
            ],
            [
                "Earthy & Woodsy Body Spray",
                "/browse/beauty/earthy-woodsy-body-spray/1085666_133225_1738248_8629220_5619912"
            ],
            [
                "Fresh Body Spray",
                "/browse/beauty/fresh-body-spray/1085666_133225_1738248_8629220_5766427"
            ],
            [
                "Best Men's Cologne",
                "/browse/beauty/best-mens-cologne/1085666_5994543_6850776"
            ],
            [
                "Dove Conditioner",
                "/browse/beauty/dove-conditioner/1085666_3147628_4555747_8215608"
            ],
            [
                "Axe",
                "/browse/beauty/axe/1085666_133225_1738248_1683039_9771642"
            ],
            [
                "Body Spray",
                "/browse/beauty/body-spray/1085666_133225_6873232_9987111"
            ]
        ]
    }
]