[
    {
        "title": "Waterpik Ultra Countertop Water Flosser Oral Irrigator, Modern Gray",
        "url": "https://www.walmart.com/ip/Waterpik-Ultra-Countertop-Water-Flosser-Oral-Irrigator-Modern-Gray/403163368",
        "price": "$63.33",
        "stars": 0,
        "ratings": 0,
        "img": "i5.walmartimages.com/asr/b470cb33-bf59-4376-893b-17246f2046bb_1.815ca55087d95909b7d008a9d64b8f8a.jpeg?odnWidth=612&odnHeight=612&odnBg=ffffff",
        "tags": [
            [
                "All Toothbrush Replacement Heads",
                "/browse/personal-care/all-toothbrush-replacement-heads/1005862_1007221_2709578_1225307_1835221"
            ],
            [
                "All Water Flossers",
                "/browse/personal-care/all-water-flossers/1005862_1007221_1024682_3052677"
            ],
            [
                "Braces Floss",
                "/browse/personal-care/braces-floss/1005862_1007221_1044031_3779853"
            ],
            [
                "Floss Picks",
                "/browse/personal-care/floss-picks/1005862_1007221_1044031_4600948"
            ],
            [
                "Waterpik Replacement Tips",
                "/browse/personal-care/waterpik-replacement-tips/1005862_1007221_1024682_5270254_8312810"
            ]
        ]
    },
    {
        "title": "9 Pack Dental Tools, Teeth Cleaning Tools Professional Dental Hygiene Kit Stainless Steel Dental Picks Oral Care set for Home Use",
        "url": "https://www.walmart.com/ip/9-Pack-Dental-Tools-Teeth-Cleaning-Tools-Professional-Dental-Hygiene-Kit-Stainless-Steel-Dental-Picks-Oral-Care-set-for-Home-Use/687853164",
        "price": "$15.99",
        "stars": 0,
        "ratings": 0,
        "img": "i5.walmartimages.com/asr/39556da8-b9c4-47b7-97fe-3429674af0cf_1.683cdd18255b5a2715572069e0ad4fee.jpeg?odnWidth=612&odnHeight=612&odnBg=ffffff",
        "tags": [
            [
                "Denture Adhesive",
                "/browse/personal-care/denture-adhesive/1005862_1007221_1007359"
            ],
            [
                "Oral Pain Relief",
                "/browse/personal-care/oral-pain-relief/1005862_1007221_1044254"
            ],
            [
                "All Dental Floss",
                "/browse/personal-care/all-dental-floss/1005862_1007221_1044031_2443344"
            ],
            [
                "All Breath Freshener",
                "/browse/personal-care/all-breath-freshener/1005862_1007221_8721343_3777687"
            ],
            [
                "Braces Floss",
                "/browse/personal-care/braces-floss/1005862_1007221_1044031_3779853"
            ],
            [
                "Night Guard",
                "/browse/personal-care/night-guard/1005862_1007221_1044029_9888095"
            ]
        ]
    },
    {
        "title": "2 Pack Listerine Ultraclean Mint Floss 30 Yards each",
        "url": "https://www.walmart.com/ip/2-Pack-Listerine-Ultraclean-Mint-Floss-30-Yards-each/675814691",
        "price": "$7.99",
        "stars": "5.0",
        "ratings": "3 ",
        "img": "i5.walmartimages.com/asr/2e06da46-b4da-4db6-a974-7ccdd1b832b0_1.9aa7efe9a1d267d4726d8dbd40f41252.jpeg?odnWidth=612&odnHeight=612&odnBg=ffffff",
        "tags": [
            [
                "All Dental Floss",
                "/browse/personal-care/all-dental-floss/1005862_1007221_1044031_2443344"
            ],
            [
                "Listerine",
                "/browse/personal-care/listerine/1005862_9157053_2941559"
            ],
            [
                "All Breath Freshener",
                "/browse/personal-care/all-breath-freshener/1005862_1007221_8721343_3777687"
            ],
            [
                "Oral-B",
                "/browse/personal-care/oral-b/1005862_9157053_5149475"
            ],
            [
                "All Dry Mouth Mouthwash",
                "/browse/personal-care/all-dry-mouth-mouthwash/1005862_1007221_1007360_8361519_5654027"
            ],
            [
                "Listerine Mouthwash",
                "/browse/personal-care/listerine-mouthwash/1005862_1007221_1007360_6779281"
            ],
            [
                "All Mouthwash",
                "/browse/personal-care/all-mouthwash/1005862_1007221_1007360_7390687"
            ]
        ]
    },
    {
        "title": "Premium Stainless Steel Tonsil Stone Removal Tools - 2 Pack",
        "url": "https://www.walmart.com/ip/Premium-Stainless-Steel-Tonsil-Stone-Removal-Tools-2-Pack/435463134",
        "price": "$10.99",
        "stars": "3.0",
        "ratings": "1 ",
        "img": "",
        "tags": [
            [
                "All Dental Floss",
                "/browse/personal-care/all-dental-floss/1005862_1007221_1044031_2443344"
            ],
            [
                "All Water Flossers",
                "/browse/personal-care/all-water-flossers/1005862_1007221_1024682_3052677"
            ],
            [
                "All Breath Freshener",
                "/browse/personal-care/all-breath-freshener/1005862_1007221_8721343_3777687"
            ],
            [
                "Braces Floss",
                "/browse/personal-care/braces-floss/1005862_1007221_1044031_3779853"
            ],
            [
                "Floss Picks",
                "/browse/personal-care/floss-picks/1005862_1007221_1044031_4600948"
            ]
        ]
    },
    {
        "title": "REACH Dentotape Waxed Tape, Unflavored 100 Yards (Pack of 2)",
        "url": "https://www.walmart.com/ip/REACH-Dentotape-Waxed-Tape-Unflavored-100-Yards-Pack-of-2/44602239",
        "price": "$7.96",
        "stars": "5.0",
        "ratings": "7 ",
        "img": "i5.walmartimages.com/asr/3b83eeaf-c901-4ecd-bb6c-502e881c070e_1.5f55a5782bc477356db0b1e6c54ffab1.jpeg?odnWidth=612&odnHeight=612&odnBg=ffffff",
        "tags": [
            [
                "All Dental Floss",
                "/browse/personal-care/all-dental-floss/1005862_1007221_1044031_2443344"
            ],
            [
                "Listerine",
                "/browse/personal-care/listerine/1005862_9157053_2941559"
            ],
            [
                "All Water Flossers",
                "/browse/personal-care/all-water-flossers/1005862_1007221_1024682_3052677"
            ],
            [
                "Braces Floss",
                "/browse/personal-care/braces-floss/1005862_1007221_1044031_3779853"
            ],
            [
                "Floss Picks",
                "/browse/personal-care/floss-picks/1005862_1007221_1044031_4600948"
            ],
            [
                "String Floss",
                "/browse/personal-care/string-floss/1005862_1007221_1044031_7062539"
            ],
            [
                "Interdental Brushes",
                "/browse/personal-care/interdental-brushes/1005862_1007221_1044031_7314366"
            ]
        ]
    },
    {
        "title": "REACH Dental Floss, Waxed, Unflavored 55 yds (Pack of 4)",
        "url": "https://www.walmart.com/ip/REACH-Dental-Floss-Waxed-Unflavored-55-yds-Pack-of-4/48658073",
        "price": "$8.78",
        "stars": 0,
        "ratings": 0,
        "img": "i5.walmartimages.com/asr/53d2ae06-3b05-4fe8-8bd6-69be46060927_1.860baacdf44eb218e488d5ba1fbc866d.jpeg?odnWidth=612&odnHeight=612&odnBg=ffffff",
        "tags": [
            [
                "All Dental Floss",
                "/browse/personal-care/all-dental-floss/1005862_1007221_1044031_2443344"
            ],
            [
                "Listerine",
                "/browse/personal-care/listerine/1005862_9157053_2941559"
            ],
            [
                "Braces Floss",
                "/browse/personal-care/braces-floss/1005862_1007221_1044031_3779853"
            ],
            [
                "Oral-B",
                "/browse/personal-care/oral-b/1005862_9157053_5149475"
            ],
            [
                "Listerine Mouthwash",
                "/browse/personal-care/listerine-mouthwash/1005862_1007221_1007360_6779281"
            ],
            [
                "Glide Floss",
                "/browse/personal-care/glide-floss/1005862_1007221_1044031_8431069"
            ]
        ]
    },
    {
        "title": "4pcs Stainless Steel Tools Kit Dentists Pick Tool Scraper Set for & Professional Use",
        "url": "https://www.walmart.com/ip/4pcs-Stainless-Steel-Tools-Kit-Dentists-Pick-Tool-Scraper-Set-for-Professional-Use/925053547",
        "price": "$8.79",
        "stars": "5.0",
        "ratings": "2 ",
        "img": "i5.walmartimages.com/asr/50cbf2ae-7745-4f47-aed1-824117972559_1.15c4b23c66c222549f3f8fcff23356f1.jpeg?odnWidth=612&odnHeight=612&odnBg=ffffff",
        "tags": [
            [
                "All Dental Floss",
                "/browse/personal-care/all-dental-floss/1005862_1007221_1044031_2443344"
            ],
            [
                "Braces Floss",
                "/browse/personal-care/braces-floss/1005862_1007221_1044031_3779853"
            ],
            [
                "All Teeth Whitening",
                "/browse/personal-care/all-teeth-whitening/1005862_1007221_1044034_5073174"
            ],
            [
                "Interdental Brushes",
                "/browse/personal-care/interdental-brushes/1005862_1007221_1044031_7314366"
            ],
            [
                "Night Guard",
                "/browse/personal-care/night-guard/1005862_1007221_1044029_9888095"
            ]
        ]
    },
    {
        "title": "Poseidon Rechargeable Oral Irrigator with Inductive Charging Cradle",
        "url": "https://www.walmart.com/ip/Poseidon-Rechargeable-Oral-Irrigator-with-Inductive-Charging-Cradle/109561143",
        "price": "$37.95",
        "stars": 0,
        "ratings": 0,
        "img": "i5.walmartimages.com/asr/4e09710a-695d-49ac-a911-4cb2496b5a58.58497d4a0125d2b847499b6b06626504.jpeg?odnWidth=612&odnHeight=612&odnBg=ffffff",
        "tags": [
            [
                "All Dental Floss",
                "/browse/personal-care/all-dental-floss/1005862_1007221_1044031_2443344"
            ],
            [
                "Braces Floss",
                "/browse/personal-care/braces-floss/1005862_1007221_1044031_3779853"
            ],
            [
                "All Waterpik",
                "/browse/personal-care/all-waterpik/1005862_1007221_1024682_5270254_4545814"
            ],
            [
                "Floss Picks",
                "/browse/personal-care/floss-picks/1005862_1007221_1044031_4600948"
            ],
            [
                "All Electric Toothbrushes",
                "/browse/personal-care/all-electric-toothbrushes/1005862_1007221_2709578_4710_7057335"
            ],
            [
                "Waterpik Replacement Tips",
                "/browse/personal-care/waterpik-replacement-tips/1005862_1007221_1024682_5270254_8312810"
            ]
        ]
    },
    {
        "title": "Dental Tools Set Dental Floss Picks Teeth Tartar Scraper Mouth Mirror for Personal Use Teeth Whitening Kit 6 PCS",
        "url": "https://www.walmart.com/ip/Dental-Tools-Set-Dental-Floss-Picks-Teeth-Tartar-Scraper-Mouth-Mirror-for-Personal-Use-Teeth-Whitening-Kit-6-PCS/336705012",
        "price": "$11.99",
        "stars": "5.0",
        "ratings": "3 ",
        "img": "",
        "tags": [
            [
                "Denture Adhesive",
                "/browse/personal-care/denture-adhesive/1005862_1007221_1007359"
            ],
            [
                "Oral Pain Relief",
                "/browse/personal-care/oral-pain-relief/1005862_1007221_1044254"
            ],
            [
                "All Dental Floss",
                "/browse/personal-care/all-dental-floss/1005862_1007221_1044031_2443344"
            ],
            [
                "All Breath Freshener",
                "/browse/personal-care/all-breath-freshener/1005862_1007221_8721343_3777687"
            ],
            [
                "Braces Floss",
                "/browse/personal-care/braces-floss/1005862_1007221_1044031_3779853"
            ],
            [
                "Night Guard",
                "/browse/personal-care/night-guard/1005862_1007221_1044029_9888095"
            ]
        ]
    },
    {
        "title": "Glide Crest Comfort Plus Dental Floss Mint 40m each (6 pack)",
        "url": "https://www.walmart.com/ip/Glide-Crest-Comfort-Plus-Dental-Floss-Mint-40m-each-6-pack/852823068",
        "price": "$32.35",
        "stars": "5.0",
        "ratings": "2 ",
        "img": "i5.walmartimages.com/asr/7d2557e7-1eee-4b95-a8ca-f2117997b4dd_1.ccbac6dbecba943ca3a3583343430b7e.jpeg?odnWidth=612&odnHeight=612&odnBg=ffffff",
        "tags": [
            [
                "All Dental Floss",
                "/browse/personal-care/all-dental-floss/1005862_1007221_1044031_2443344"
            ],
            [
                "Listerine",
                "/browse/personal-care/listerine/1005862_9157053_2941559"
            ],
            [
                "Braces Floss",
                "/browse/personal-care/braces-floss/1005862_1007221_1044031_3779853"
            ],
            [
                "Oral-B",
                "/browse/personal-care/oral-b/1005862_9157053_5149475"
            ],
            [
                "Listerine Mouthwash",
                "/browse/personal-care/listerine-mouthwash/1005862_1007221_1007360_6779281"
            ],
            [
                "Glide Floss",
                "/browse/personal-care/glide-floss/1005862_1007221_1044031_8431069"
            ]
        ]
    }
]