[
    {
        "title": "Sunstar G.U.M. Original Soft-Picks with Travel Cases 3 Packs - 270 Picks",
        "url": "https://www.walmart.com/ip/Sunstar-G-U-M-Original-Soft-Picks-with-Travel-Cases-3-Packs-270-Picks/178977389",
        "price": "$16.08",
        "stars": "4.6",
        "ratings": "9 ",
        "img": "i5.walmartimages.com/asr/b436aeb3-9d81-4213-b0c5-538c5bf645a6_1.e416232e49e5d14d7c72ff13fba499f7.jpeg?odnWidth=612&odnHeight=612&odnBg=ffffff",
        "tags": [
            [
                "All Dental Floss",
                "/browse/personal-care/all-dental-floss/1005862_1007221_1044031_2443344"
            ],
            [
                "Braces Floss",
                "/browse/personal-care/braces-floss/1005862_1007221_1044031_3779853"
            ],
            [
                "Floss Picks",
                "/browse/personal-care/floss-picks/1005862_1007221_1044031_4600948"
            ],
            [
                "All Dry Mouth Mouthwash",
                "/browse/personal-care/all-dry-mouth-mouthwash/1005862_1007221_1007360_8361519_5654027"
            ],
            [
                "String Floss",
                "/browse/personal-care/string-floss/1005862_1007221_1044031_7062539"
            ],
            [
                "Interdental Brushes",
                "/browse/personal-care/interdental-brushes/1005862_1007221_1044031_7314366"
            ]
        ]
    },
    {
        "title": "Dental Floss Threader Bottle 150, 2 Pack, Used for flossing under bridges and braces. By BridgeAid",
        "url": "https://www.walmart.com/ip/Dental-Floss-Threader-Bottle-150-2-Pack-Used-for-flossing-under-bridges-and-braces-By-BridgeAid/253374072",
        "price": "$38.19",
        "stars": 0,
        "ratings": 0,
        "img": "",
        "tags": [
            [
                "Oral Pain Relief",
                "/browse/personal-care/oral-pain-relief/1005862_1007221_1044254"
            ],
            [
                "All Oral Accessories",
                "/browse/personal-care/all-oral-accessories/1005862_1007221_1044029_1891099"
            ],
            [
                "All Dental Floss",
                "/browse/personal-care/all-dental-floss/1005862_1007221_1044031_2443344"
            ],
            [
                "All Water Flossers",
                "/browse/personal-care/all-water-flossers/1005862_1007221_1024682_3052677"
            ],
            [
                "String Floss",
                "/browse/personal-care/string-floss/1005862_1007221_1044031_7062539"
            ],
            [
                "Interdental Brushes",
                "/browse/personal-care/interdental-brushes/1005862_1007221_1044031_7314366"
            ],
            [
                "Glide Floss",
                "/browse/personal-care/glide-floss/1005862_1007221_1044031_8431069"
            ]
        ]
    },
    {
        "title": "3 Pack - DenTek Easy Reach Floss Picks 75 Each",
        "url": "https://www.walmart.com/ip/3-Pack-DenTek-Easy-Reach-Floss-Picks-75-Each/960233018",
        "price": "$10.99",
        "stars": "5.0",
        "ratings": "3 ",
        "img": "i5.walmartimages.com/asr/7d7b674a-294e-4d10-8c39-83dddea63592_1.badc7b1fc803ebfb77d1ca0f3588ae1c.jpeg?odnWidth=612&odnHeight=612&odnBg=ffffff",
        "tags": [
            [
                "All Dental Floss",
                "/browse/personal-care/all-dental-floss/1005862_1007221_1044031_2443344"
            ],
            [
                "All Water Flossers",
                "/browse/personal-care/all-water-flossers/1005862_1007221_1024682_3052677"
            ],
            [
                "Plackers Floss",
                "/browse/personal-care/plackers-floss/1005862_1007221_1044031_3433293"
            ],
            [
                "Braces Floss",
                "/browse/personal-care/braces-floss/1005862_1007221_1044031_3779853"
            ],
            [
                "All Waterpik",
                "/browse/personal-care/all-waterpik/1005862_1007221_1024682_5270254_4545814"
            ],
            [
                "Interdental Brushes",
                "/browse/personal-care/interdental-brushes/1005862_1007221_1044031_7314366"
            ]
        ]
    },
    {
        "title": "3 Pack - DenTek Wide Brush Cleaners 16 Each",
        "url": "https://www.walmart.com/ip/3-Pack-DenTek-Wide-Brush-Cleaners-16-Each/427226322",
        "price": "$12.44",
        "stars": "5.0",
        "ratings": "1 ",
        "img": "i5.walmartimages.com/asr/34d83972-5793-484b-8728-8e98f968fb45.2c4caadb37e50924735dcb36acc14b01.jpeg?odnWidth=612&odnHeight=612&odnBg=ffffff",
        "tags": [
            [
                "All Water Flossers",
                "/browse/personal-care/all-water-flossers/1005862_1007221_1024682_3052677"
            ],
            [
                "Floss Picks",
                "/browse/personal-care/floss-picks/1005862_1007221_1044031_4600948"
            ],
            [
                "All Dry Mouth Mouthwash",
                "/browse/personal-care/all-dry-mouth-mouthwash/1005862_1007221_1007360_8361519_5654027"
            ],
            [
                "Interdental Brushes",
                "/browse/personal-care/interdental-brushes/1005862_1007221_1044031_7314366"
            ],
            [
                "All Mouthwash",
                "/browse/personal-care/all-mouthwash/1005862_1007221_1007360_7390687"
            ]
        ]
    },
    {
        "title": "Gum Soft Picks Original 150 Ea",
        "url": "https://www.walmart.com/ip/Gum-Soft-Picks-Original-150-Ea/466702696",
        "price": "$11.47",
        "stars": 0,
        "ratings": 0,
        "img": "",
        "tags": [
            [
                "Oral Pain Relief",
                "/browse/personal-care/oral-pain-relief/1005862_1007221_1044254"
            ],
            [
                "All Dental Floss",
                "/browse/personal-care/all-dental-floss/1005862_1007221_1044031_2443344"
            ],
            [
                "All Breath Freshener",
                "/browse/personal-care/all-breath-freshener/1005862_1007221_8721343_3777687"
            ],
            [
                "Braces Floss",
                "/browse/personal-care/braces-floss/1005862_1007221_1044031_3779853"
            ],
            [
                "Interdental Brushes",
                "/browse/personal-care/interdental-brushes/1005862_1007221_1044031_7314366"
            ],
            [
                "Night Guard",
                "/browse/personal-care/night-guard/1005862_1007221_1044029_9888095"
            ]
        ]
    },
    {
        "title": "4 Pack - GUM Angled Flossers Fresh Mint 75 Each",
        "url": "https://www.walmart.com/ip/4-Pack-GUM-Angled-Flossers-Fresh-Mint-75-Each/373108123",
        "price": "$14.95",
        "stars": "4.6",
        "ratings": "7 ",
        "img": "i5.walmartimages.com/asr/41dcba6a-68f4-4f29-b7ef-f40ace2daf3c_1.619049ce1a0e959ebda3469773277378.jpeg?odnWidth=612&odnHeight=612&odnBg=ffffff",
        "tags": [
            [
                "Kids Oral Care",
                "/browse/personal-care/kids-oral-care/1005862_1007221_1094604"
            ],
            [
                "Listerine",
                "/browse/personal-care/listerine/1005862_9157053_2941559"
            ],
            [
                "Plackers Floss",
                "/browse/personal-care/plackers-floss/1005862_1007221_1044031_3433293"
            ],
            [
                "Braces Floss",
                "/browse/personal-care/braces-floss/1005862_1007221_1044031_3779853"
            ],
            [
                "Floss Picks",
                "/browse/personal-care/floss-picks/1005862_1007221_1044031_4600948"
            ],
            [
                "Oral-B",
                "/browse/personal-care/oral-b/1005862_9157053_5149475"
            ],
            [
                "String Floss",
                "/browse/personal-care/string-floss/1005862_1007221_1044031_7062539"
            ]
        ]
    },
    {
        "title": "Teeth Calculus Remover, Dental Tools, Teeth Stain Remover, Dental Calculus Remover,Electric Tartar Scraper Plaque Remover Dental Cleaner with Mirror by iFanze (Black)",
        "url": "https://www.walmart.com/ip/Teeth-Calculus-Remover-Dental-Tools-Stain-Remover-Electric-Tartar-Scraper-Plaque-Remover-Cleaner-Mirror-iFanze-Black/134764705",
        "price": "$21.99",
        "stars": "5.0",
        "ratings": "1 ",
        "img": "i5.walmartimages.com/asr/1f10c797-1ba0-494a-b889-8b503c437fef_1.df32ffe48ee6166055a9e37546919c3c.jpeg?odnWidth=612&odnHeight=612&odnBg=ffffff",
        "tags": [
            [
                "Oral Pain Relief",
                "/browse/personal-care/oral-pain-relief/1005862_1007221_1044254"
            ],
            [
                "All Dental Floss",
                "/browse/personal-care/all-dental-floss/1005862_1007221_1044031_2443344"
            ],
            [
                "All Breath Freshener",
                "/browse/personal-care/all-breath-freshener/1005862_1007221_8721343_3777687"
            ],
            [
                "Braces Floss",
                "/browse/personal-care/braces-floss/1005862_1007221_1044031_3779853"
            ],
            [
                "All Teeth Whitening",
                "/browse/personal-care/all-teeth-whitening/1005862_1007221_1044034_5073174"
            ],
            [
                "Night Guard",
                "/browse/personal-care/night-guard/1005862_1007221_1044029_9888095"
            ]
        ]
    },
    {
        "title": "4pcs Stainless Steel Dental Tools Kit Dentists Pick Tool Teeth Scraper Set for Personal & Professional Use",
        "url": "https://www.walmart.com/ip/4pcs-Stainless-Steel-Dental-Tools-Kit-Dentists-Pick-Tool-Teeth-Scraper-Set-for-Personal-Professional-Use/560528485",
        "price": "$8.95",
        "stars": 0,
        "ratings": 0,
        "img": "i5.walmartimages.com/asr/50cbf2ae-7745-4f47-aed1-824117972559_1.15c4b23c66c222549f3f8fcff23356f1.jpeg?odnWidth=612&odnHeight=612&odnBg=ffffff",
        "tags": [
            [
                "All Dental Floss",
                "/browse/personal-care/all-dental-floss/1005862_1007221_1044031_2443344"
            ],
            [
                "All Breath Freshener",
                "/browse/personal-care/all-breath-freshener/1005862_1007221_8721343_3777687"
            ],
            [
                "Braces Floss",
                "/browse/personal-care/braces-floss/1005862_1007221_1044031_3779853"
            ],
            [
                "All Teeth Whitening",
                "/browse/personal-care/all-teeth-whitening/1005862_1007221_1044034_5073174"
            ],
            [
                "Night Guard",
                "/browse/personal-care/night-guard/1005862_1007221_1044029_9888095"
            ]
        ]
    },
    {
        "title": "DentAdvance Premium Angled Mint Dental Floss Picks, Orange, 70 count, Includes Carrying Case",
        "url": "https://www.walmart.com/ip/DentAdvance-Premium-Angled-Mint-Dental-Floss-Picks-Orange-70-count-Includes-Carrying-Case/103961656",
        "price": "$5.99",
        "stars": 0,
        "ratings": 0,
        "img": "i5.walmartimages.com/asr/4fe95494-1da6-4c58-8d9b-2d4b77fc98a3_1.fc3ab84ed9857cebe0f8f7aee0294fa2.jpeg?odnWidth=612&odnHeight=612&odnBg=ffffff",
        "tags": [
            [
                "Kids Oral Care",
                "/browse/personal-care/kids-oral-care/1005862_1007221_1094604"
            ],
            [
                "Plackers Floss",
                "/browse/personal-care/plackers-floss/1005862_1007221_1044031_3433293"
            ],
            [
                "Braces Floss",
                "/browse/personal-care/braces-floss/1005862_1007221_1044031_3779853"
            ],
            [
                "Floss Picks",
                "/browse/personal-care/floss-picks/1005862_1007221_1044031_4600948"
            ],
            [
                "Oral-B",
                "/browse/personal-care/oral-b/1005862_9157053_5149475"
            ],
            [
                "String Floss",
                "/browse/personal-care/string-floss/1005862_1007221_1044031_7062539"
            ],
            [
                "Interdental Brushes",
                "/browse/personal-care/interdental-brushes/1005862_1007221_1044031_7314366"
            ]
        ]
    },
    {
        "title": "Dr. Tung's Dental Smart Floss 30 Yards (Pack of 6)",
        "url": "https://www.walmart.com/ip/Dr-Tung-s-Dental-Smart-Floss-30-Yards-Pack-of-6/44604657",
        "price": "$23.56",
        "stars": "5.0",
        "ratings": "3 ",
        "img": "i5.walmartimages.com/asr/4cee1f9b-8dc2-4ed9-90fd-aeca985294ac_1.5731a0ad14342c443fa54f5c2f9a706b.jpeg?odnWidth=612&odnHeight=612&odnBg=ffffff",
        "tags": [
            [
                "Oral Pain Relief",
                "/browse/personal-care/oral-pain-relief/1005862_1007221_1044254"
            ],
            [
                "All Dental Floss",
                "/browse/personal-care/all-dental-floss/1005862_1007221_1044031_2443344"
            ],
            [
                "All Breath Freshener",
                "/browse/personal-care/all-breath-freshener/1005862_1007221_8721343_3777687"
            ],
            [
                "Braces Floss",
                "/browse/personal-care/braces-floss/1005862_1007221_1044031_3779853"
            ],
            [
                "String Floss",
                "/browse/personal-care/string-floss/1005862_1007221_1044031_7062539"
            ],
            [
                "Night Guard",
                "/browse/personal-care/night-guard/1005862_1007221_1044029_9888095"
            ]
        ]
    }
]