[
    {
        "title": "Purpose Gentle Cleansing Bar, 6 oz",
        "url": "https://www.walmart.com/ip/Purpose-Gentle-Cleansing-Bar-6-oz/45584032",
        "price": "$2.53",
        "stars": "5.0",
        "ratings": "63 ",
        "img": "i5.walmartimages.com/asr/eaf4fec8-c80a-4357-a120-4edeada5e96b_1.96be98b40af77e4e1a3944d29a90d9b3.jpeg?odnWidth=612&odnHeight=612&odnBg=ffffff",
        "tags": [
            [
                "Hand Soaps",
                "/browse/personal-care/hand-soaps/1005862_1071969_1001719"
            ],
            [
                "Body Wash & Shower Gel",
                "/browse/personal-care/body-wash-shower-gel/1005862_1071969_1074364"
            ],
            [
                "Men's Body Lotions",
                "/browse/personal-care/mens-body-lotions/1005862_1056884_1564603"
            ],
            [
                "Cetaphil Body Care",
                "/browse/personal-care/cetaphil-body-care/1005862_1071969_3355612"
            ],
            [
                "CeraVe Body Care",
                "/browse/personal-care/cerave-body-care/1005862_1071969_5100992"
            ],
            [
                "Men's Facial Care",
                "/browse/personal-care/mens-facial-care/1005862_1056884_5173736"
            ]
        ]
    },
    {
        "title": "Suave Kids 3 in 1 Shampoo, Conditioner and Body Wash Wacky Melon, 18 oz (Pack of 2)",
        "url": "https://www.walmart.com/ip/Suave-Kids-3-in-1-Shampoo-Conditioner-and-Body-Wash-Wacky-Melon-18-oz-Pack-of-2/383577809",
        "price": "$6.04",
        "stars": "4.5",
        "ratings": "126 ",
        "img": "i5.walmartimages.com/asr/eb719279-9aa4-4921-a6b0-a32dc02054d5_2.26164a7a66318956adc6dc946cf9bd80.jpeg?odnWidth=612&odnHeight=612&odnBg=ffffff",
        "tags": [
            [
                "Kids Oral Care",
                "/browse/personal-care/kids-oral-care/1005862_1007221_1094604"
            ],
            [
                "Stock up on Body Wash",
                "/browse/personal-care/stock-up-body-wash/1005862_1071969_1528860"
            ],
            [
                "Hair Sets",
                "/browse/personal-care/hair-sets/1005862_4620135_4335085"
            ],
            [
                "Women's Body Wash",
                "/browse/personal-care/womens-body-wash/1005862_1071969_4894005"
            ],
            [
                "2-in-1 Hair and Body Care",
                "/browse/2-in-1-hair-body-care/1005862_8779108"
            ],
            [
                "Men's Personal Care",
                "/browse/mens-personal-care/1005862_8928973"
            ]
        ]
    },
    {
        "title": "Old Spice Swagger Antiperspirant and Deodorant + Body Wash + Body Spray, Gift Pack",
        "url": "https://www.walmart.com/ip/Old-Spice-Swagger-Antiperspirant-and-Deodorant-Body-Wash-Body-Spray-Gift-Pack/45017503",
        "price": "$9.88",
        "stars": "4.0",
        "ratings": "678 ",
        "img": "i5.walmartimages.com/asr/597d046e-b9a8-4aa2-bcb7-bf01e069f5fb.e58595eb8fa4ac55cc18a0a1eeb4f1ed.jpeg?odnWidth=612&odnHeight=612&odnBg=ffffff",
        "tags": [
            [
                "Men's Bath & Body",
                "/browse/personal-care/mens-bath-body/1005862_1056884_2325953"
            ],
            [
                "Men's Body Wash",
                "/browse/personal-care/mens-body-wash/1005862_1071969_2531574"
            ],
            [
                "Travel Size Toiletries & Kits",
                "/browse/travel-size-toiletries-kits/1005862_2802339"
            ],
            [
                "Body Care Sets & Kits",
                "/browse/personal-care/body-care-sets-kits/1005862_1071969_4075449"
            ],
            [
                "Old Spice Body Wash & Deodorants",
                "/browse/personal-care/old-spice-body-wash-deodorants/1005862_1071969_6362250"
            ],
            [
                "Old Spice Body Wash",
                "/browse/personal-care/old-spice-body-wash/1005862_1071969_6697726"
            ],
            [
                "Men's Personal Care",
                "/browse/mens-personal-care/1005862_8928973"
            ],
            [
                "Axe Body Wash",
                "/browse/personal-care/axe-body-wash/1005862_1071969_9229645"
            ]
        ]
    },
    {
        "title": "Sea Breeze Original Facial Cleanser, 10 fl oz",
        "url": "https://www.walmart.com/ip/Sea-Breeze-Original-Facial-Cleanser-10-fl-oz/14122889",
        "price": "$3.97",
        "stars": "4.8",
        "ratings": "157 ",
        "img": "i5.walmartimages.com/asr/412f7299-1b55-495f-9149-cce49d3a5890.a6e94fd31c95709acf92a54d0891ea2e.jpeg?odnWidth=612&odnHeight=612&odnBg=ffffff",
        "tags": [
            [
                "Stock up on Body Wash",
                "/browse/personal-care/stock-up-body-wash/1005862_1071969_1528860"
            ],
            [
                "Dove Personal Care",
                "/browse/personal-care/dove-personal-care/1005862_1071969_1999831"
            ],
            [
                "Men's Bath & Body",
                "/browse/personal-care/mens-bath-body/1005862_1056884_2325953"
            ],
            [
                "Men's Body Wash",
                "/browse/personal-care/mens-body-wash/1005862_1071969_2531574"
            ],
            [
                "Dove Body Wash & Scrubs",
                "/browse/personal-care/dove-body-wash-scrubs/1005862_1071969_2771216"
            ],
            [
                "Women's Body Wash",
                "/browse/personal-care/womens-body-wash/1005862_1071969_4894005"
            ]
        ]
    },
    {
        "title": "Method Men, Sea + Surf Body Wash, 18 Ounce",
        "url": "https://www.walmart.com/ip/Method-Men-Sea-Surf-Body-Wash-18-Ounce/666144863",
        "price": "$6.98",
        "stars": "4.6",
        "ratings": "122 ",
        "img": "i5.walmartimages.com/asr/882103cc-f607-43d4-a727-1491ff0c48a7_1.2b19c64d0a2785c05496267e3d9374db.jpeg?odnWidth=612&odnHeight=612&odnBg=ffffff",
        "tags": [
            [
                "New in Body Wash",
                "/browse/personal-care/new-in-body-wash/1005862_1071969_2267059"
            ],
            [
                "Men's Bath & Body",
                "/browse/personal-care/mens-bath-body/1005862_1056884_2325953"
            ],
            [
                "New in Hand Soaps",
                "/browse/personal-care/new-in-hand-soaps/1005862_1071969_2378679"
            ],
            [
                "Men's Body Wash",
                "/browse/personal-care/mens-body-wash/1005862_1071969_2531574"
            ],
            [
                "Method Hand Soaps",
                "/browse/personal-care/method-hand-soaps/1005862_9157053_5971217_4326791"
            ],
            [
                "Method Body Care",
                "/browse/personal-care/method-body-care/1005862_9157053_5971217_6006485"
            ],
            [
                "Old Spice Body Wash & Deodorants",
                "/browse/personal-care/old-spice-body-wash-deodorants/1005862_1071969_6362250"
            ],
            [
                "Old Spice Body Wash",
                "/browse/personal-care/old-spice-body-wash/1005862_1071969_6697726"
            ]
        ]
    },
    {
        "title": "PAW Patrol 3-in-1 Shampoo, Conditioner, & Body Wash, 14 Oz.",
        "url": "https://www.walmart.com/ip/PAW-Patrol-3-in-1-Shampoo-Conditioner-Body-Wash-14-Oz/50734014",
        "price": "$2.98",
        "stars": "4.2",
        "ratings": "10 ",
        "img": "",
        "tags": [
            [
                "Kids Oral Care",
                "/browse/personal-care/kids-oral-care/1005862_1007221_1094604"
            ],
            [
                "Bubble Baths & Soaks",
                "/browse/personal-care/bubble-baths-soaks/1005862_1071969_1802619"
            ],
            [
                "All Bath Bombs, Bubbles Bath & Soaks",
                "/browse/personal-care/all-bath-bombs-bubbles-bath-soaks/1005862_1071969_2187415"
            ],
            [
                "Kids Toothbrushes",
                "/browse/personal-care/kids-toothbrushes/1005862_1007221_2709578_2541586"
            ],
            [
                "Kids Electric Toothbrushes",
                "/browse/personal-care/kids-electric-toothbrushes/1005862_1007221_2709578_4710_4985373"
            ],
            [
                "All Electric Toothbrushes",
                "/browse/personal-care/all-electric-toothbrushes/1005862_1007221_2709578_4710_7057335"
            ],
            [
                "2-in-1 Hair and Body Care",
                "/browse/2-in-1-hair-body-care/1005862_8779108"
            ]
        ]
    },
    {
        "title": "Old Spice Body Wash for Men Exfoliate with Charcoal Scent 16 oz",
        "url": "https://www.walmart.com/ip/Old-Spice-Body-Wash-for-Men-Exfoliate-with-Charcoal-Scent-16-oz/859717239",
        "price": "$5.47",
        "stars": "4.6",
        "ratings": "196 ",
        "img": "i5.walmartimages.com/asr/6bf27e5b-b0ee-48ff-86e6-090bbcde8b90_1.1103c0a677a5a022928811e79a8d919a.jpeg?odnWidth=612&odnHeight=612&odnBg=ffffff",
        "tags": [
            [
                "Stock up on Body Wash",
                "/browse/personal-care/stock-up-body-wash/1005862_1071969_1528860"
            ],
            [
                "New in Body Wash",
                "/browse/personal-care/new-in-body-wash/1005862_1071969_2267059"
            ],
            [
                "Men's Bath & Body",
                "/browse/personal-care/mens-bath-body/1005862_1056884_2325953"
            ],
            [
                "Men's Body Wash",
                "/browse/personal-care/mens-body-wash/1005862_1071969_2531574"
            ],
            [
                "Old Spice Body Wash & Deodorants",
                "/browse/personal-care/old-spice-body-wash-deodorants/1005862_1071969_6362250"
            ],
            [
                "Old Spice Body Wash",
                "/browse/personal-care/old-spice-body-wash/1005862_1071969_6697726"
            ],
            [
                "Men's Hair Care",
                "/browse/personal-care/mens-hair-care/1005862_1056884_8219670"
            ],
            [
                "Men's Personal Care",
                "/browse/mens-personal-care/1005862_8928973"
            ]
        ]
    },
    {
        "title": "AXE Regimen Gift Set for Men Dark Temptation 3 pc",
        "url": "https://www.walmart.com/ip/AXE-Regimen-Gift-Set-for-Men-Dark-Temptation-3-pc/36032567",
        "price": "$9.97",
        "stars": "4.8",
        "ratings": "101 ",
        "img": "i5.walmartimages.com/asr/9a4f85fb-cad2-48fa-b919-5824c07d44ed_1.6d2b9575c1b87a199859304ebae105d4.jpeg?odnWidth=612&odnHeight=612&odnBg=ffffff",
        "tags": [
            [
                "Men's Bath & Body",
                "/browse/personal-care/mens-bath-body/1005862_1056884_2325953"
            ],
            [
                "Men's Body Wash",
                "/browse/personal-care/mens-body-wash/1005862_1071969_2531574"
            ],
            [
                "Travel Size Toiletries & Kits",
                "/browse/travel-size-toiletries-kits/1005862_2802339"
            ],
            [
                "Body Care Sets & Kits",
                "/browse/personal-care/body-care-sets-kits/1005862_1071969_4075449"
            ],
            [
                "Old Spice Body Wash & Deodorants",
                "/browse/personal-care/old-spice-body-wash-deodorants/1005862_1071969_6362250"
            ],
            [
                "Old Spice Body Wash",
                "/browse/personal-care/old-spice-body-wash/1005862_1071969_6697726"
            ],
            [
                "Men's Personal Care",
                "/browse/mens-personal-care/1005862_8928973"
            ],
            [
                "Axe Body Wash",
                "/browse/personal-care/axe-body-wash/1005862_1071969_9229645"
            ]
        ]
    },
    {
        "title": "SheaMoisture Hydration Bar Soap 100% Virgin Coconut Oil, 8 oz",
        "url": "https://www.walmart.com/ip/SheaMoisture-Hydration-Bar-Soap-100-Virgin-Coconut-Oil-8-oz/618855727",
        "price": "$4.97",
        "stars": "4.4",
        "ratings": "153 ",
        "img": "i5.walmartimages.com/asr/be6f7221-eb11-4a4f-a3b7-65cab58e1a7d_1.c2841bec0cab6c316c9f2eda4d235945.jpeg?odnWidth=612&odnHeight=612&odnBg=ffffff",
        "tags": [
            [
                "Dove Personal Care",
                "/browse/personal-care/dove-personal-care/1005862_1071969_1999831"
            ],
            [
                "Clean Living Body Wash",
                "/browse/personal-care/clean-living-body-wash/1005862_1071969_2398684"
            ],
            [
                "Shea Moisture Bar Soap",
                "/browse/personal-care/shea-moisture-bar-soap/1005862_1071969_4250380"
            ],
            [
                "SheaMoisture Body Care",
                "/browse/personal-care/sheamoisture-body-care/1005862_1071969_4631744"
            ],
            [
                "Women's Body Wash",
                "/browse/personal-care/womens-body-wash/1005862_1071969_4894005"
            ],
            [
                "Sheamoisture Body Wash",
                "/browse/personal-care/sheamoisture-body-wash/1005862_1071969_6799733"
            ],
            [
                "2-in-1 Hair and Body Care",
                "/browse/2-in-1-hair-body-care/1005862_8779108"
            ],
            [
                "Sheamoisture Body Scrub",
                "/browse/personal-care/sheamoisture-body-scrub/1005862_1071969_9969471"
            ]
        ]
    },
    {
        "title": "Aveeno Baby Daily Care Set with Natural Oat Extract, 2 Items",
        "url": "https://www.walmart.com/ip/Aveeno-Baby-Daily-Care-Set-with-Natural-Oat-Extract-2-Items/51233403",
        "price": "$13.92",
        "stars": "4.8",
        "ratings": "107 ",
        "img": "i5.walmartimages.com/asr/3fb480f6-d7da-46e0-a016-96d1f300a3f5_1.e3584f8a532e2567f05685a111520178.jpeg?odnWidth=612&odnHeight=612&odnBg=ffffff",
        "tags": []
    }
]