[
    {
        "title": "Single Edge Industrial Razor Blades, Safety Straight Edge Razors, Box & Carton Cutter Replacement Blades, Glass & Paint Scraper Razor Blades (Box of 100) - Fits ALL Standard Tools -%100 Made in USA",
        "url": "https://www.walmart.com/ip/Single-Edge-Industrial-Razor-Blades-Safety-Straight-Razors-Box-Carton-Cutter-Replacement-Glass-Paint-Scraper-Blades-Box-100-Fits-ALL-Standard-Tools-1/842991139",
        "price": "$11.29",
        "stars": 0,
        "ratings": 0,
        "img": "i5.walmartimages.com/asr/63919624-870a-4f93-8221-a8f2a855187e_1.28c0d6ad6244a2a26115024f3fe19226.jpeg?odnWidth=612&odnHeight=612&odnBg=ffffff",
        "tags": [
            [
                "Razor Blades",
                "/browse/personal-care/razor-blades/1005862_1007220_1044020"
            ],
            [
                "Women's Razor Blades",
                "/browse/personal-care/womens-razor-blades/1005862_1007220_2012569"
            ],
            [
                "Men's Razors and Razor Blades",
                "/browse/personal-care/mens-razors-razor-blades/1005862_1007220_6377251"
            ],
            [
                "All Razors",
                "/browse/personal-care/all-razors/1005862_1007220_6461098"
            ],
            [
                "Women's Razors",
                "/browse/personal-care/womens-razors/1005862_1007220_7994182"
            ],
            [
                "All Razor Blades",
                "/browse/personal-care/all-razor-blades/1005862_1007220_8061121"
            ],
            [
                "Gillette Venus Razors",
                "/browse/personal-care/gillette-venus-razors/1005862_1007220_8090056"
            ],
            [
                "Women's Shaving",
                "/browse/personal-care/womens-shaving/1005862_1007220_9200501"
            ]
        ]
    },
    {
        "title": "Schick ST3 Slim Triple Sensitive Women's Disposable Razors, 8 Ct",
        "url": "https://www.walmart.com/ip/Schick-ST3-Slim-Triple-Sensitive-Women-s-Disposable-Razors-8-Ct/12514821",
        "price": "$14.99",
        "stars": "4.0",
        "ratings": "22 ",
        "img": "i5.walmartimages.com/asr/f002e27b-622e-4788-8e6f-4ef327a0b043_1.eede1d7f82bb6c16f26f1b22f5a1f875.jpeg?odnWidth=612&odnHeight=612&odnBg=ffffff",
        "tags": [
            [
                "Razors",
                "/browse/personal-care/razors/1005862_1007220_1007399"
            ],
            [
                "Schick Razors",
                "/browse/personal-care/schick-razors/1005862_1007220_3441606"
            ],
            [
                "BIC Disposable Razors",
                "/browse/personal-care/bic-disposable-razors/1005862_1007220_4640643"
            ],
            [
                "All Razors",
                "/browse/personal-care/all-razors/1005862_1007220_6461098"
            ],
            [
                "Women's Razors",
                "/browse/personal-care/womens-razors/1005862_1007220_7994182"
            ],
            [
                "All Razor Blades",
                "/browse/personal-care/all-razor-blades/1005862_1007220_8061121"
            ],
            [
                "Women's Shaving",
                "/browse/personal-care/womens-shaving/1005862_1007220_9200501"
            ],
            [
                "Men's Razors",
                "/browse/personal-care/mens-razors/1005862_1007220_9287106"
            ]
        ]
    },
    {
        "title": "10pcs Womens Disposable Twin Blade Hair Removal Razors Trimmer Shaver New Pink !",
        "url": "https://www.walmart.com/ip/10pcs-Womens-Disposable-Twin-Blade-Hair-Removal-Razors-Trimmer-Shaver-New-Pink/540927813",
        "price": "$6.98",
        "stars": "4.3",
        "ratings": "7 ",
        "img": "i5.walmartimages.com/asr/0886f47e-b0c8-4111-a5fe-798e286e56ca_1.5fbdaac13c8a9579b4321282a85d0570.jpeg?odnWidth=612&odnHeight=612&odnBg=ffffff",
        "tags": [
            [
                "Razors",
                "/browse/personal-care/razors/1005862_1007220_1007399"
            ],
            [
                "Gillette Razors",
                "/browse/personal-care/gillette-razors/1005862_1007220_2562288"
            ],
            [
                "BIC Disposable Razors",
                "/browse/personal-care/bic-disposable-razors/1005862_1007220_4640643"
            ],
            [
                "All Razors",
                "/browse/personal-care/all-razors/1005862_1007220_6461098"
            ],
            [
                "Women's Razors",
                "/browse/personal-care/womens-razors/1005862_1007220_7994182"
            ],
            [
                "All Razor Blades",
                "/browse/personal-care/all-razor-blades/1005862_1007220_8061121"
            ],
            [
                "Women's Shaving",
                "/browse/personal-care/womens-shaving/1005862_1007220_9200501"
            ],
            [
                "Men's Razors",
                "/browse/personal-care/mens-razors/1005862_1007220_9287106"
            ]
        ]
    },
    {
        "title": "Panasonic WES9032P Replacement Foil and Blade Set for select Panasonic Men's ARC5 5-Blade Electric Shavers",
        "url": "https://www.walmart.com/ip/Panasonic-WES9032P-Replacement-Foil-and-Blade-Set-for-select-Panasonic-Men-s-ARC5-5-Blade-Electric-Shavers/38459107",
        "price": "$66.99",
        "stars": "4.4",
        "ratings": "10 ",
        "img": "",
        "tags": [
            [
                "Razors",
                "/browse/personal-care/razors/1005862_1007220_1007399"
            ],
            [
                "Razor Blades",
                "/browse/personal-care/razor-blades/1005862_1007220_1044020"
            ],
            [
                "Women's Razor Blades",
                "/browse/personal-care/womens-razor-blades/1005862_1007220_2012569"
            ],
            [
                "Men's Razor Blades",
                "/browse/personal-care/mens-razor-blades/1005862_1007220_3392907"
            ],
            [
                "Men's Razors and Razor Blades",
                "/browse/personal-care/mens-razors-razor-blades/1005862_1007220_6377251"
            ],
            [
                "All Razor Blades",
                "/browse/personal-care/all-razor-blades/1005862_1007220_8061121"
            ],
            [
                "Men's Shaving",
                "/browse/personal-care/mens-shaving/1005862_1007220_8793708"
            ],
            [
                "Women's Shaving",
                "/browse/personal-care/womens-shaving/1005862_1007220_9200501"
            ]
        ]
    },
    {
        "title": "Mach3 Refill Cartridge Blades for Mach 3, 10 Ct.",
        "url": "https://www.walmart.com/ip/Mach3-Refill-Cartridge-Blades-for-Mach-3-10-Ct/100643648",
        "price": "$18.99",
        "stars": "3.8",
        "ratings": "9 ",
        "img": "i5.walmartimages.com/asr/fe2b805f-7301-4cc7-9747-822a8c1d3612_1.d6d67a6a463a25ac4e9df3fa4401ae20.jpeg?odnWidth=612&odnHeight=612&odnBg=ffffff",
        "tags": [
            [
                "Razor Blades",
                "/browse/personal-care/razor-blades/1005862_1007220_1044020"
            ],
            [
                "Men's Razor Blades",
                "/browse/personal-care/mens-razor-blades/1005862_1007220_3392907"
            ],
            [
                "Men's Razors and Razor Blades",
                "/browse/personal-care/mens-razors-razor-blades/1005862_1007220_6377251"
            ],
            [
                "All Razors",
                "/browse/personal-care/all-razors/1005862_1007220_6461098"
            ],
            [
                "All Razor Blades",
                "/browse/personal-care/all-razor-blades/1005862_1007220_8061121"
            ],
            [
                "Men's Shaving",
                "/browse/personal-care/mens-shaving/1005862_1007220_8793708"
            ],
            [
                "Men's Personal Care",
                "/browse/mens-personal-care/1005862_8928973"
            ],
            [
                "Men's Razors",
                "/browse/personal-care/mens-razors/1005862_1007220_9287106"
            ]
        ]
    },
    {
        "title": "Gillette Mach3 Refill Razor Blade Cartridges, 16 Count (8ctX2)",
        "url": "https://www.walmart.com/ip/Gillette-Mach3-Refill-Razor-Blade-Cartridges-16-Count-8ctX2/504261278",
        "price": "$25.49",
        "stars": "4.0",
        "ratings": "11 ",
        "img": "i5.walmartimages.com/asr/32da0270-9f4b-4a80-8617-ca218de461a3_1.55e83ce93c5acd4ececb973d6200df1c.jpeg?odnWidth=612&odnHeight=612&odnBg=ffffff",
        "tags": [
            [
                "Razor Blades",
                "/browse/personal-care/razor-blades/1005862_1007220_1044020"
            ],
            [
                "Men's Razor Blades",
                "/browse/personal-care/mens-razor-blades/1005862_1007220_3392907"
            ],
            [
                "Men's Razors and Razor Blades",
                "/browse/personal-care/mens-razors-razor-blades/1005862_1007220_6377251"
            ],
            [
                "All Razors",
                "/browse/personal-care/all-razors/1005862_1007220_6461098"
            ],
            [
                "All Razor Blades",
                "/browse/personal-care/all-razor-blades/1005862_1007220_8061121"
            ],
            [
                "Men's Shaving",
                "/browse/personal-care/mens-shaving/1005862_1007220_8793708"
            ],
            [
                "Men's Personal Care",
                "/browse/mens-personal-care/1005862_8928973"
            ],
            [
                "Men's Razors",
                "/browse/personal-care/mens-razors/1005862_1007220_9287106"
            ]
        ]
    },
    {
        "title": "Womens Disposable Twin Blade Razors 10 Count Hair Removal Shaving Smooth Trimmer",
        "url": "https://www.walmart.com/ip/Womens-Disposable-Twin-Blade-Razors-10-Count-Hair-Removal-Shaving-Smooth-Trimmer/975559803",
        "price": "$7.98",
        "stars": "4.7",
        "ratings": "6 ",
        "img": "i5.walmartimages.com/asr/1b66e388-2d63-46ea-ac9e-f8831144c3dd.a021e6d2261bef1c467a405d23ec97e3.jpeg?odnWidth=612&odnHeight=612&odnBg=ffffff",
        "tags": [
            [
                "Razors",
                "/browse/personal-care/razors/1005862_1007220_1007399"
            ],
            [
                "Men's Razor Blades",
                "/browse/personal-care/mens-razor-blades/1005862_1007220_3392907"
            ],
            [
                "BIC Disposable Razors",
                "/browse/personal-care/bic-disposable-razors/1005862_1007220_4640643"
            ],
            [
                "All Razors",
                "/browse/personal-care/all-razors/1005862_1007220_6461098"
            ],
            [
                "Women's Razors",
                "/browse/personal-care/womens-razors/1005862_1007220_7994182"
            ],
            [
                "All Razor Blades",
                "/browse/personal-care/all-razor-blades/1005862_1007220_8061121"
            ],
            [
                "Women's Shaving",
                "/browse/personal-care/womens-shaving/1005862_1007220_9200501"
            ],
            [
                "Men's Razors",
                "/browse/personal-care/mens-razors/1005862_1007220_9287106"
            ]
        ]
    },
    {
        "title": "Pure Badgers Hair Removal Beard Shaving Brush For Mens Shave Tools Cosmetic Tool",
        "url": "https://www.walmart.com/ip/Pure-Badgers-Hair-Removal-Beard-Shaving-Brush-For-Mens-Shave-Tools-Cosmetic-Tool/157600605",
        "price": "$6.59",
        "stars": "5.0",
        "ratings": "1 ",
        "img": "",
        "tags": [
            [
                "Deodorants & Antiperspirants",
                "/browse/deodorants-antiperspirants/1005862_1001487"
            ],
            [
                "Stock up on Body Wash",
                "/browse/personal-care/stock-up-body-wash/1005862_1071969_1528860"
            ],
            [
                "Men's Bath & Body",
                "/browse/personal-care/mens-bath-body/1005862_1056884_2325953"
            ],
            [
                "Men's Body Wash",
                "/browse/personal-care/mens-body-wash/1005862_1071969_2531574"
            ],
            [
                "Old Spice Body Wash & Deodorants",
                "/browse/personal-care/old-spice-body-wash-deodorants/1005862_1071969_6362250"
            ],
            [
                "Men's Razors and Razor Blades",
                "/browse/personal-care/mens-razors-razor-blades/1005862_1007220_6377251"
            ],
            [
                "Dove Men + Care",
                "/browse/dove-men-care/1005862_7983046"
            ],
            [
                "2-in-1 Hair and Body Care",
                "/browse/2-in-1-hair-body-care/1005862_8779108"
            ]
        ]
    },
    {
        "title": "Venus Extra Smooth Platinum Razor, Handle + 9 Blade Refills + Razor Case",
        "url": "https://www.walmart.com/ip/Venus-Extra-Smooth-Platinum-Razor-Handle-9-Blade-Refills-Razor-Case/108141189",
        "price": "$35.00",
        "stars": "4.7",
        "ratings": "28 ",
        "img": "i5.walmartimages.com/asr/7a6a6488-df3d-43cf-a165-e3634fa75974_1.e50e6b6156f10b9405fab552d156bc73.jpeg?odnWidth=612&odnHeight=612&odnBg=ffffff",
        "tags": [
            [
                "Razors",
                "/browse/personal-care/razors/1005862_1007220_1007399"
            ],
            [
                "Gillette Razors",
                "/browse/personal-care/gillette-razors/1005862_1007220_2562288"
            ],
            [
                "Schick Razors",
                "/browse/personal-care/schick-razors/1005862_1007220_3441606"
            ],
            [
                "All Razors",
                "/browse/personal-care/all-razors/1005862_1007220_6461098"
            ],
            [
                "Women's Razors",
                "/browse/personal-care/womens-razors/1005862_1007220_7994182"
            ],
            [
                "All Razor Blades",
                "/browse/personal-care/all-razor-blades/1005862_1007220_8061121"
            ],
            [
                "Gillette Venus Razors",
                "/browse/personal-care/gillette-venus-razors/1005862_1007220_8090056"
            ],
            [
                "Women's Shaving",
                "/browse/personal-care/womens-shaving/1005862_1007220_9200501"
            ]
        ]
    },
    {
        "title": "BIC Flex 4 Men's 4 Blade Disposable Razors 4ct (3+1)",
        "url": "https://www.walmart.com/ip/BIC-Flex-4-Men-s-4-Blade-Disposable-Razors-4ct-3-1/923869262",
        "price": "$10.99",
        "stars": "4.6",
        "ratings": "8 ",
        "img": "i5.walmartimages.com/asr/32b16e82-a84e-47ba-9a11-eaae92688e3a_1.75f609fe3e78ba4e8b3accd8b45c69a3.jpeg?odnWidth=612&odnHeight=612&odnBg=ffffff",
        "tags": [
            [
                "Razors",
                "/browse/personal-care/razors/1005862_1007220_1007399"
            ],
            [
                "Women's Razor Blades",
                "/browse/personal-care/womens-razor-blades/1005862_1007220_2012569"
            ],
            [
                "BIC Disposable Razors",
                "/browse/personal-care/bic-disposable-razors/1005862_1007220_4640643"
            ],
            [
                "Men's Razors and Razor Blades",
                "/browse/personal-care/mens-razors-razor-blades/1005862_1007220_6377251"
            ],
            [
                "All Razors",
                "/browse/personal-care/all-razors/1005862_1007220_6461098"
            ],
            [
                "Women's Razors",
                "/browse/personal-care/womens-razors/1005862_1007220_7994182"
            ],
            [
                "All Razor Blades",
                "/browse/personal-care/all-razor-blades/1005862_1007220_8061121"
            ],
            [
                "Men's Razors",
                "/browse/personal-care/mens-razors/1005862_1007220_9287106"
            ]
        ]
    }
]