[
    {
        "title": "Monistat Care, Stay Fresh Gel, Odor Control",
        "url": "https://www.walmart.com/ip/Monistat-Care-Stay-Fresh-Gel-Odor-Control/36150968",
        "price": "$11.00",
        "stars": "3.7",
        "ratings": "17 ",
        "img": "i5.walmartimages.com/asr/39bdb5c0-3500-4dfe-a0ae-455aea90f46f_1.6be5c98ad8071ce88292ca354dd4e72e.jpeg?odnWidth=612&odnHeight=612&odnBg=ffffff",
        "tags": [
            [
                "All Feminine Care",
                "/browse/personal-care/all-feminine-care/1005862_1091866_1001493"
            ],
            [
                "Yeast Infection Treatments",
                "/browse/personal-care/yeast-infection-treatments/1005862_1091866_1224835"
            ],
            [
                "Feminine Washes",
                "/browse/personal-care/feminine-washes/1005862_1091866_1224836"
            ],
            [
                "Vaginal Moisturizers",
                "/browse/personal-care/vaginal-moisturizers/1005862_1091866_1479495"
            ],
            [
                "Douches",
                "/browse/personal-care/douches/1005862_1091866_2790161"
            ],
            [
                "Rephresh",
                "/browse/personal-care/rephresh/1005862_1091866_3874694"
            ],
            [
                "Feminine Deodorant Sprays & Powders",
                "/browse/personal-care/feminine-deodorant-sprays-powders/1005862_1091866_8521829"
            ],
            [
                "Monistat",
                "/browse/personal-care/monistat/1005862_1091866_8636958"
            ]
        ]
    },
    {
        "title": "3 Pack - Mitchum Advanced Gel Anti-Perspirant & Deodorant, Mountain Air 2.25 oz",
        "url": "https://www.walmart.com/ip/3-Pack-Mitchum-Advanced-Gel-Anti-Perspirant-Deodorant-Mountain-Air-2-25-oz/110565921",
        "price": "$10.72",
        "stars": "5.0",
        "ratings": "3 ",
        "img": "i5.walmartimages.com/asr/f32dd64c-6594-4a5b-9588-ba78f0cad6fc_1.a1ecf0d4e78f33195cb161cc8e207397.jpeg?odnWidth=612&odnHeight=612&odnBg=ffffff",
        "tags": [
            [
                "Dove Deodorant & Antiperspirant",
                "/browse/personal-care/dove-deodorant-antiperspirant/1005862_1071969_1725145"
            ],
            [
                "Dove Personal Care",
                "/browse/personal-care/dove-personal-care/1005862_1071969_1999831"
            ],
            [
                "Men's Bath & Body",
                "/browse/personal-care/mens-bath-body/1005862_1056884_2325953"
            ],
            [
                "Stock up on Deodorant & Antiperspirant",
                "/browse/personal-care/stock-up-deodorant-antiperspirant/1005862_1071969_1574874_2782018"
            ],
            [
                "Old Spice Body Wash & Deodorants",
                "/browse/personal-care/old-spice-body-wash-deodorants/1005862_1071969_6362250"
            ],
            [
                "Men's Personal Care",
                "/browse/mens-personal-care/1005862_8928973"
            ]
        ]
    },
    {
        "title": "Axe Phoenix Body Spray for Men, 4 Oz",
        "url": "https://www.walmart.com/ip/Axe-Phoenix-Body-Spray-for-Men-4-Oz/10804512",
        "price": "$8.05",
        "stars": "4.4",
        "ratings": "396 ",
        "img": "i5.walmartimages.com/asr/a29f5e65-3f98-4bd8-bb98-0050a8d4798e_1.4618edcff081339e70f9ee3ab9e49e4c.jpeg?odnWidth=612&odnHeight=612&odnBg=ffffff",
        "tags": [
            [
                "Body Spray for Women",
                "/browse/beauty/body-spray-for-women/1085666_133225_1738248_2044069_1367318"
            ],
            [
                "Unisex Body Spray",
                "/browse/beauty/unisex-body-spray/1085666_133225_7768373_1770901"
            ],
            [
                "Fragrance Restock",
                "/browse/beauty/fragrance-restock/1085666_6818441_4300089"
            ],
            [
                "Body Sprays",
                "/browse/beauty/body-sprays/1085666_7192911_7602314_5352062"
            ],
            [
                "Earthy & Woodsy Body Spray",
                "/browse/beauty/earthy-woodsy-body-spray/1085666_133225_1738248_8629220_5619912"
            ],
            [
                "Best Men's Cologne",
                "/browse/beauty/best-mens-cologne/1085666_5994543_6850776"
            ],
            [
                "Axe",
                "/browse/beauty/axe/1085666_133225_1738248_1683039_9771642"
            ],
            [
                "Body Spray",
                "/browse/beauty/body-spray/1085666_133225_6873232_9987111"
            ]
        ]
    },
    {
        "title": "4 Pack - Suave 24 Hour Protection Anti-Perspirant Deodorant Spray, Powder 4 oz",
        "url": "https://www.walmart.com/ip/4-Pack-Suave-24-Hour-Protection-Anti-Perspirant-Deodorant-Spray-Powder-4-oz/691490901",
        "price": "$14.47",
        "stars": "5.0",
        "ratings": "2 ",
        "img": "i5.walmartimages.com/asr/19aad455-9a43-41ac-b018-b2e4cfbc1dfd_1.783398e0c696d17b402bc155720f9c0f.jpeg?odnWidth=612&odnHeight=612&odnBg=ffffff",
        "tags": [
            [
                "Dove Deodorant & Antiperspirant",
                "/browse/personal-care/dove-deodorant-antiperspirant/1005862_1071969_1725145"
            ],
            [
                "Dove Personal Care",
                "/browse/personal-care/dove-personal-care/1005862_1071969_1999831"
            ],
            [
                "Men's Bath & Body",
                "/browse/personal-care/mens-bath-body/1005862_1056884_2325953"
            ],
            [
                "Clinical Strength Antiperspirants",
                "/browse/personal-care/clinical-strength-antiperspirants/1005862_1071969_3942179"
            ],
            [
                "Old Spice Body Wash & Deodorants",
                "/browse/personal-care/old-spice-body-wash-deodorants/1005862_1071969_6362250"
            ],
            [
                "Dove Men + Care",
                "/browse/dove-men-care/1005862_7983046"
            ],
            [
                "Men's Personal Care",
                "/browse/mens-personal-care/1005862_8928973"
            ]
        ]
    },
    {
        "title": "Bath and Body Works Kaleidoscope 8 oz. Fine Fragrance Mist",
        "url": "https://www.walmart.com/ip/Bath-and-Body-Works-Kaleidoscope-8-oz-Fine-Fragrance-Mist/568087033",
        "price": "$17.97",
        "stars": 0,
        "ratings": 0,
        "img": "i5.walmartimages.com/asr/e39ce671-9382-466d-b968-c57fd3594605.79d3ae33934c5dcdc3095c2e6d763a9f.jpeg?odnWidth=612&odnHeight=612&odnBg=ffffff",
        "tags": [
            [
                "Best Women's Perfume",
                "/browse/beauty/best-womens-perfume/1085666_5994543_1685992"
            ],
            [
                "Body Fantasies",
                "/browse/beauty/body-fantasies/1085666_133225_1738248_2044069_3453380"
            ],
            [
                "Body & Hair Mists",
                "/browse/beauty/body-hair-mists/1085666_133225_4659649_3823478"
            ],
            [
                "Fragrance Restock",
                "/browse/beauty/fragrance-restock/1085666_6818441_4300089"
            ],
            [
                "Body Sprays",
                "/browse/beauty/body-sprays/1085666_7192911_7602314_5352062"
            ],
            [
                "Calgon Body Mists",
                "/browse/beauty/calgon-body-mists/1085666_133225_1738248_2044069_5482537"
            ],
            [
                "Perfume Value Sizes & Sets",
                "/browse/beauty/perfume-value-sizes-sets/1085666_133225_4659649_5866910"
            ],
            [
                "Body Spray",
                "/browse/beauty/body-spray/1085666_133225_6873232_9987111"
            ]
        ]
    },
    {
        "title": "3 Pack Mitchum Women Shower Fresh Gel Anti-Perspirant & Deodorant 2.25 Oz Each",
        "url": "https://www.walmart.com/ip/3-Pack-Mitchum-Women-Shower-Fresh-Gel-Anti-Perspirant-Deodorant-2-25-Oz-Each/571956792",
        "price": "$11.86",
        "stars": "4.6",
        "ratings": "5 ",
        "img": "i5.walmartimages.com/asr/c7c151ff-77b3-4ac5-aeb7-7a49df0e8e01_1.37b05e8275cba92565b52a820caecc8e.jpeg?odnWidth=612&odnHeight=612&odnBg=ffffff",
        "tags": [
            [
                "Deodorants & Antiperspirants",
                "/browse/deodorants-antiperspirants/1005862_1001487"
            ],
            [
                "Stock up on Deodorant & Antiperspirant",
                "/browse/personal-care/stock-up-deodorant-antiperspirant/1005862_1071969_1574874_2782018"
            ],
            [
                "Clinical Strength Antiperspirants",
                "/browse/personal-care/clinical-strength-antiperspirants/1005862_1071969_3942179"
            ],
            [
                "Old Spice Body Wash & Deodorants",
                "/browse/personal-care/old-spice-body-wash-deodorants/1005862_1071969_6362250"
            ],
            [
                "Dove Men + Care",
                "/browse/dove-men-care/1005862_7983046"
            ],
            [
                "Men's Personal Care",
                "/browse/mens-personal-care/1005862_8928973"
            ]
        ]
    },
    {
        "title": "6 Pack - Suave 24 Hour Protection Anti-Perspirant Deodorant Spray, Powder 4 oz",
        "url": "https://www.walmart.com/ip/6-Pack-Suave-24-Hour-Protection-Anti-Perspirant-Deodorant-Spray-Powder-4-oz/333076337",
        "price": "$17.94",
        "stars": "4.7",
        "ratings": "6 ",
        "img": "i5.walmartimages.com/asr/19aad455-9a43-41ac-b018-b2e4cfbc1dfd_1.783398e0c696d17b402bc155720f9c0f.jpeg?odnWidth=612&odnHeight=612&odnBg=ffffff",
        "tags": [
            [
                "Dove Deodorant & Antiperspirant",
                "/browse/personal-care/dove-deodorant-antiperspirant/1005862_1071969_1725145"
            ],
            [
                "Dove Personal Care",
                "/browse/personal-care/dove-personal-care/1005862_1071969_1999831"
            ],
            [
                "Men's Bath & Body",
                "/browse/personal-care/mens-bath-body/1005862_1056884_2325953"
            ],
            [
                "Clinical Strength Antiperspirants",
                "/browse/personal-care/clinical-strength-antiperspirants/1005862_1071969_3942179"
            ],
            [
                "Old Spice Body Wash & Deodorants",
                "/browse/personal-care/old-spice-body-wash-deodorants/1005862_1071969_6362250"
            ],
            [
                "Dove Men + Care",
                "/browse/dove-men-care/1005862_7983046"
            ],
            [
                "Men's Personal Care",
                "/browse/mens-personal-care/1005862_8928973"
            ]
        ]
    },
    {
        "title": "Gillette Clear Gel Men\u2019s Deodorant, Cool Wave (3.8 oz., 5 pk.)",
        "url": "https://www.walmart.com/ip/Gillette-Clear-Gel-Men-s-Deodorant-Cool-Wave-3-8-oz-5-pk/573609514",
        "price": "$34.99",
        "stars": 0,
        "ratings": 0,
        "img": "",
        "tags": [
            [
                "Deodorants & Antiperspirants",
                "/browse/deodorants-antiperspirants/1005862_1001487"
            ],
            [
                "Dove Deodorant & Antiperspirant",
                "/browse/personal-care/dove-deodorant-antiperspirant/1005862_1071969_1725145"
            ],
            [
                "Men's Body Wash",
                "/browse/personal-care/mens-body-wash/1005862_1071969_2531574"
            ],
            [
                "Stock up on Deodorant & Antiperspirant",
                "/browse/personal-care/stock-up-deodorant-antiperspirant/1005862_1071969_1574874_2782018"
            ],
            [
                "Old Spice Body Wash & Deodorants",
                "/browse/personal-care/old-spice-body-wash-deodorants/1005862_1071969_6362250"
            ],
            [
                "Dove Men + Care",
                "/browse/dove-men-care/1005862_7983046"
            ],
            [
                "Men's Personal Care",
                "/browse/mens-personal-care/1005862_8928973"
            ]
        ]
    },
    {
        "title": "Secret Fresh Antiperspirant Deodorant Clear Gel, Berry, 2.6 oz",
        "url": "https://www.walmart.com/ip/Secret-Fresh-Antiperspirant-Deodorant-Clear-Gel-Berry-2-6-oz/20450294",
        "price": "$5.49",
        "stars": "4.6",
        "ratings": "1419 ",
        "img": "i5.walmartimages.com/asr/d6e98a0d-7cf7-4286-9bce-fc5333955287_1.3406c95652b19f8033dd9a68e898833b.jpeg?odnWidth=612&odnHeight=612&odnBg=ffffff",
        "tags": [
            [
                "Body Fantasies",
                "/browse/beauty/body-fantasies/1085666_133225_1738248_2044069_3453380"
            ],
            [
                "Fragrance Restock",
                "/browse/beauty/fragrance-restock/1085666_6818441_4300089"
            ],
            [
                "Body Sprays",
                "/browse/beauty/body-sprays/1085666_7192911_7602314_5352062"
            ],
            [
                "Gym Ready Beauty",
                "/browse/gym-ready-beauty/1085666_5448720"
            ],
            [
                "Warm & Musky Body Spray",
                "/browse/beauty/warm-musky-body-spray/1085666_133225_1738248_8629220_5621627"
            ],
            [
                "Fresh Body Spray",
                "/browse/beauty/fresh-body-spray/1085666_133225_1738248_8629220_5766427"
            ],
            [
                "Bod Man",
                "/browse/beauty/bod-man/1085666_133225_1738248_1683039_5922539"
            ],
            [
                "Floral Body Spray",
                "/browse/beauty/floral-body-spray/1085666_133225_1738248_8629220_9772233"
            ]
        ]
    },
    {
        "title": "2 Pack - Secret Invisible Solid Deodorant Luxe Lavender 2.6 oz",
        "url": "https://www.walmart.com/ip/2-Pack-Secret-Invisible-Solid-Deodorant-Luxe-Lavender-2-6-oz/748818778",
        "price": "$14.64",
        "stars": "4.0",
        "ratings": "199 ",
        "img": "i5.walmartimages.com/asr/e5dba815-5c25-4d6f-8d84-e5e410c725bf_1.afff94f6d82ef92d3f200da7dedfcd6a.jpeg?odnWidth=612&odnHeight=612&odnBg=ffffff",
        "tags": []
    }
]