[
    {
        "title": "Gillette Sensor2 Men's Disposable Razor 12 Count Pack of 3",
        "url": "https://www.walmart.com/ip/Gillette-Sensor2-Men-s-Disposable-Razor-12-Count-Pack-of-3/190382930",
        "price": "$21.99",
        "stars": 0,
        "ratings": 0,
        "img": "i5.walmartimages.com/asr/66c7bfe6-06c1-4288-9041-ae9ecd20dd95.c4da3cb4197b927e0ae647c34089f6a0.jpeg?odnWidth=612&odnHeight=612&odnBg=ffffff",
        "tags": [
            [
                "Women's Razor Blades",
                "/browse/personal-care/womens-razor-blades/1005862_1007220_2012569"
            ],
            [
                "Men's Razor Blades",
                "/browse/personal-care/mens-razor-blades/1005862_1007220_3392907"
            ],
            [
                "Men's Razors and Razor Blades",
                "/browse/personal-care/mens-razors-razor-blades/1005862_1007220_6377251"
            ],
            [
                "All Razors",
                "/browse/personal-care/all-razors/1005862_1007220_6461098"
            ],
            [
                "Women's Razors",
                "/browse/personal-care/womens-razors/1005862_1007220_7994182"
            ],
            [
                "All Razor Blades",
                "/browse/personal-care/all-razor-blades/1005862_1007220_8061121"
            ],
            [
                "Gillette Venus Razors",
                "/browse/personal-care/gillette-venus-razors/1005862_1007220_8090056"
            ],
            [
                "Men's Razors",
                "/browse/personal-care/mens-razors/1005862_1007220_9287106"
            ]
        ]
    },
    {
        "title": "Schick Hydro Sense Hydrate Razors for Men With Skin Guards and Shock Absorbent Technology, 1 Razor Handle and 5 Razor Blades Refills Razor & 5 Refills",
        "url": "https://www.walmart.com/ip/Schick-Hydro-Sense-Hydrate-Razors-Men-With-Skin-Guards-Shock-Absorbent-Technology-1-Razor-Handle-5-Blades-Refills/467962099",
        "price": "$33.31",
        "stars": 0,
        "ratings": 0,
        "img": "i5.walmartimages.com/asr/eeddb0d2-7181-4964-9bd5-26cdca08c7dc.576cd4ebf273ab3e6a3923b6fe31ec60.jpeg?odnWidth=612&odnHeight=612&odnBg=ffffff",
        "tags": [
            [
                "Razors",
                "/browse/personal-care/razors/1005862_1007220_1007399"
            ],
            [
                "Schick Razors",
                "/browse/personal-care/schick-razors/1005862_1007220_3441606"
            ],
            [
                "BIC Disposable Razors",
                "/browse/personal-care/bic-disposable-razors/1005862_1007220_4640643"
            ],
            [
                "Men's Razors and Razor Blades",
                "/browse/personal-care/mens-razors-razor-blades/1005862_1007220_6377251"
            ],
            [
                "All Razors",
                "/browse/personal-care/all-razors/1005862_1007220_6461098"
            ],
            [
                "All Razor Blades",
                "/browse/personal-care/all-razor-blades/1005862_1007220_8061121"
            ],
            [
                "Men's Shaving",
                "/browse/personal-care/mens-shaving/1005862_1007220_8793708"
            ],
            [
                "Men's Razors",
                "/browse/personal-care/mens-razors/1005862_1007220_9287106"
            ]
        ]
    },
    {
        "title": "Schick Xtreme3 Disposable Bulk Packaging - Wholesale, Bulk, Loose, Packaging, Women Sensitive, Pink, 10 Count + Facial Hair Remover Spring",
        "url": "https://www.walmart.com/ip/Schick-Xtreme3-Disposable-Bulk-Packaging-Wholesale-Bulk-Loose-Packaging-Women-Sensitive-Pink-10-Count-Facial-Hair-Remover-Spring/712442653",
        "price": "$10.99",
        "stars": 0,
        "ratings": 0,
        "img": "",
        "tags": [
            [
                "Razors",
                "/browse/personal-care/razors/1005862_1007220_1007399"
            ],
            [
                "Epilators & Shavers",
                "/browse/personal-care/epilators-shavers/1005862_1007220_1653256"
            ],
            [
                "Schick Razors",
                "/browse/personal-care/schick-razors/1005862_1007220_3441606"
            ],
            [
                "All Razors",
                "/browse/personal-care/all-razors/1005862_1007220_6461098"
            ],
            [
                "All Epilators",
                "/browse/personal-care/all-epilators/1005862_1007220_7363956"
            ],
            [
                "Women's Razors",
                "/browse/personal-care/womens-razors/1005862_1007220_7994182"
            ],
            [
                "All Razor Blades",
                "/browse/personal-care/all-razor-blades/1005862_1007220_8061121"
            ],
            [
                "Women's Shaving",
                "/browse/personal-care/womens-shaving/1005862_1007220_9200501"
            ]
        ]
    },
    {
        "title": "Wilkinson Sword CLASSIC Double Edge Razor Blades (4 packs of 5 = 20 Blades)",
        "url": "https://www.walmart.com/ip/Wilkinson-Sword-CLASSIC-Double-Edge-Razor-Blades-4-packs-of-5-20-Blades/138862712",
        "price": "$8.09",
        "stars": "4.8",
        "ratings": "9 ",
        "img": "i5.walmartimages.com/asr/62445c02-4ff4-4a38-8f7d-8bade00edd6f_1.4f226d4ed1c47397aaf1d8ebebd0612a.jpeg?odnWidth=612&odnHeight=612&odnBg=ffffff",
        "tags": [
            [
                "Razors",
                "/browse/personal-care/razors/1005862_1007220_1007399"
            ],
            [
                "Razor Blades",
                "/browse/personal-care/razor-blades/1005862_1007220_1044020"
            ],
            [
                "Gillette Razors",
                "/browse/personal-care/gillette-razors/1005862_1007220_2562288"
            ],
            [
                "Schick Razors",
                "/browse/personal-care/schick-razors/1005862_1007220_3441606"
            ],
            [
                "Men's Razors and Razor Blades",
                "/browse/personal-care/mens-razors-razor-blades/1005862_1007220_6377251"
            ],
            [
                "All Razors",
                "/browse/personal-care/all-razors/1005862_1007220_6461098"
            ],
            [
                "All Razor Blades",
                "/browse/personal-care/all-razor-blades/1005862_1007220_8061121"
            ],
            [
                "Men's Razors",
                "/browse/personal-care/mens-razors/1005862_1007220_9287106"
            ]
        ]
    },
    {
        "title": "Schick Intuition f.a.b. Women's Razor, 1 Razor Handle and 1 Refill",
        "url": "https://www.walmart.com/ip/Schick-Intuition-f-a-b-Women-s-Razor-1-Razor-Handle-and-1-Refill/978264021",
        "price": "$8.78",
        "stars": "4.0",
        "ratings": "285 ",
        "img": "i5.walmartimages.com/asr/782df391-8f22-4068-b264-845ecbd491fc_1.f27873f2a838681fa9a6fc2f8793689b.jpeg?odnWidth=612&odnHeight=612&odnBg=ffffff",
        "tags": [
            [
                "Razors",
                "/browse/personal-care/razors/1005862_1007220_1007399"
            ],
            [
                "Schick Razors",
                "/browse/personal-care/schick-razors/1005862_1007220_3441606"
            ],
            [
                "All Razors",
                "/browse/personal-care/all-razors/1005862_1007220_6461098"
            ],
            [
                "Women's Razors",
                "/browse/personal-care/womens-razors/1005862_1007220_7994182"
            ],
            [
                "All Razor Blades",
                "/browse/personal-care/all-razor-blades/1005862_1007220_8061121"
            ],
            [
                "Gillette Venus Razors",
                "/browse/personal-care/gillette-venus-razors/1005862_1007220_8090056"
            ],
            [
                "Women's Shaving",
                "/browse/personal-care/womens-shaving/1005862_1007220_9200501"
            ],
            [
                "Men's Razors",
                "/browse/personal-care/mens-razors/1005862_1007220_9287106"
            ]
        ]
    },
    {
        "title": "Shaving Kit for Men's Shaving Brush Holder Stand Soap Bowl Mug Hair Beard Brush",
        "url": "https://www.walmart.com/ip/Shaving-Kit-for-Men-s-Shaving-Brush-Holder-Stand-Soap-Bowl-Mug-Hair-Beard-Brush/567092920",
        "price": "$13.52",
        "stars": 0,
        "ratings": 0,
        "img": "i5.walmartimages.com/asr/a2e5012a-7f6d-4853-b137-7c7f6a033dd7_1.be372a790029c896db566e67bff640b5.jpeg?odnWidth=612&odnHeight=612&odnBg=ffffff",
        "tags": [
            [
                "Deodorants & Antiperspirants",
                "/browse/deodorants-antiperspirants/1005862_1001487"
            ],
            [
                "Stock up on Body Wash",
                "/browse/personal-care/stock-up-body-wash/1005862_1071969_1528860"
            ],
            [
                "Men's Bath & Body",
                "/browse/personal-care/mens-bath-body/1005862_1056884_2325953"
            ],
            [
                "Men's Body Wash",
                "/browse/personal-care/mens-body-wash/1005862_1071969_2531574"
            ],
            [
                "Old Spice Body Wash & Deodorants",
                "/browse/personal-care/old-spice-body-wash-deodorants/1005862_1071969_6362250"
            ],
            [
                "Men's Razors and Razor Blades",
                "/browse/personal-care/mens-razors-razor-blades/1005862_1007220_6377251"
            ],
            [
                "Dove Men + Care",
                "/browse/dove-men-care/1005862_7983046"
            ],
            [
                "2-in-1 Hair and Body Care",
                "/browse/2-in-1-hair-body-care/1005862_8779108"
            ]
        ]
    },
    {
        "title": "Dilwe Shaving Brush for Men Beard Mustache Trimming Brush Nylon Hair Barber Salon Shaven Tool, Professional Shaving Tool, Barber Shaving Brush",
        "url": "https://www.walmart.com/ip/Dilwe-Shaving-Brush-for-Men-Beard-Mustache-Trimming-Brush-Nylon-Hair-Barber-Salon-Shaven-Tool-Professional-Shaving-Tool-Barber-Shaving-Brush/755085239",
        "price": "$9.79",
        "stars": "4.6",
        "ratings": "7 ",
        "img": "i5.walmartimages.com/asr/06a1f63c-f755-4399-9369-bd1069531aa8_1.cffdf08420e8bb1487322b92cb76cdf2.jpeg?odnWidth=612&odnHeight=612&odnBg=ffffff",
        "tags": [
            [
                "Shaving Cream",
                "/browse/personal-care/shaving-cream/1005862_1007220_1001491"
            ],
            [
                "Razors",
                "/browse/personal-care/razors/1005862_1007220_1007399"
            ],
            [
                "Bar Soap",
                "/browse/personal-care/bar-soap/1005862_1071969_4735846"
            ],
            [
                "All Razors",
                "/browse/personal-care/all-razors/1005862_1007220_6461098"
            ],
            [
                "All Shaving Cream",
                "/browse/personal-care/all-shaving-cream/1005862_1007220_6724646"
            ],
            [
                "All The Art of Shaving",
                "/browse/personal-care/all-the-art-of-shaving/1005862_9157053_3158921_7822739"
            ],
            [
                "Men's Shaving",
                "/browse/personal-care/mens-shaving/1005862_1007220_8793708"
            ],
            [
                "Men's Shaving Cream",
                "/browse/personal-care/mens-shaving-cream/1005862_1007220_9312881"
            ]
        ]
    },
    {
        "title": "Replacement Shaver Head Razor Head Blade Cutter for Philips FoilT710 PT715 PT720 PT721 PT722 PT724",
        "url": "https://www.walmart.com/ip/Replacement-Shaver-Head-Razor-Head-Blade-Cutter-for-Philips-FoilT710-PT715-PT720-PT721-PT722-PT724/698223330",
        "price": "$16.32",
        "stars": "5.0",
        "ratings": "4 ",
        "img": "i5.walmartimages.com/asr/257fef98-bd9e-40b4-ab3a-709ac4e88ed7_1.a510852a7250f86b349192ae7006ff48.jpeg?odnWidth=612&odnHeight=612&odnBg=ffffff",
        "tags": [
            [
                "Electric Shave Replacement Heads",
                "/browse/personal-care/electric-shave-replacement-heads/1005862_1007220_1044019"
            ],
            [
                "Electric Shavers",
                "/browse/personal-care/electric-shavers/1005862_1007220_133146"
            ],
            [
                "All Electric Shave Replacement Heads",
                "/browse/personal-care/all-electric-shave-replacement-heads/1005862_1007220_2434574"
            ],
            [
                "All Electric Shavers",
                "/browse/personal-care/all-electric-shavers/1005862_1007220_6936955"
            ],
            [
                "Philips Norelco Electric Shavers",
                "/browse/personal-care/philips-norelco-electric-shavers/1005862_1007220_7905976"
            ],
            [
                "Men's Shaving",
                "/browse/personal-care/mens-shaving/1005862_1007220_8793708"
            ],
            [
                "Braun Electric Shave Replacement Heads",
                "/browse/personal-care/braun-electric-shave-replacement-heads/1005862_1007220_9056089"
            ],
            [
                "Women's Shaving",
                "/browse/personal-care/womens-shaving/1005862_1007220_9200501"
            ]
        ]
    },
    {
        "title": "Schick Xtreme3 Disposable Bulk Packaging - Wholesale, Bulk, Loose, Packaging, Refresh Scented, Light Blue, 50 Count",
        "url": "https://www.walmart.com/ip/Schick-Xtreme3-Disposable-Bulk-Packaging-Wholesale-Bulk-Loose-Packaging-Refresh-Scented-Light-Blue-50-Count/104648499",
        "price": "$36.99",
        "stars": 0,
        "ratings": 0,
        "img": "i5.walmartimages.com/asr/afc9b7be-e7b4-4b88-b0eb-9206c8fba0e3_1.b7e13806d9571483e58c65d2efa93840.jpeg?odnWidth=612&odnHeight=612&odnBg=ffffff",
        "tags": [
            [
                "Women's Razor Blades",
                "/browse/personal-care/womens-razor-blades/1005862_1007220_2012569"
            ],
            [
                "Schick Razors",
                "/browse/personal-care/schick-razors/1005862_1007220_3441606"
            ],
            [
                "Men's Razors and Razor Blades",
                "/browse/personal-care/mens-razors-razor-blades/1005862_1007220_6377251"
            ],
            [
                "All Razors",
                "/browse/personal-care/all-razors/1005862_1007220_6461098"
            ],
            [
                "Women's Razors",
                "/browse/personal-care/womens-razors/1005862_1007220_7994182"
            ],
            [
                "All Razor Blades",
                "/browse/personal-care/all-razor-blades/1005862_1007220_8061121"
            ],
            [
                "Men's Shaving",
                "/browse/personal-care/mens-shaving/1005862_1007220_8793708"
            ],
            [
                "Men's Razors",
                "/browse/personal-care/mens-razors/1005862_1007220_9287106"
            ]
        ]
    },
    {
        "title": "Yosoo Genuine Leather Strop Strap Barber Straight Razor Folding Knife Shave Sharpener Sharpening Belt, Razor Belt, Shaving Strop",
        "url": "https://www.walmart.com/ip/Yosoo-Genuine-Leather-Strop-Strap-Barber-Straight-Razor-Folding-Knife-Shave-Sharpener-Sharpening-Belt-Razor-Belt-Shaving-Strop/714435257",
        "price": "$13.65",
        "stars": "4.3",
        "ratings": "3 ",
        "img": "i5.walmartimages.com/asr/795df8dc-1e9a-47d3-895b-cb8e5e2151d5_1.83527c0eff76e56e9f4a727d3135e685.jpeg?odnWidth=612&odnHeight=612&odnBg=ffffff",
        "tags": [
            [
                "Razors",
                "/browse/personal-care/razors/1005862_1007220_1007399"
            ],
            [
                "Razor Blades",
                "/browse/personal-care/razor-blades/1005862_1007220_1044020"
            ],
            [
                "Gillette Razors",
                "/browse/personal-care/gillette-razors/1005862_1007220_2562288"
            ],
            [
                "Men's Razors and Razor Blades",
                "/browse/personal-care/mens-razors-razor-blades/1005862_1007220_6377251"
            ],
            [
                "All Razors",
                "/browse/personal-care/all-razors/1005862_1007220_6461098"
            ],
            [
                "All Razor Blades",
                "/browse/personal-care/all-razor-blades/1005862_1007220_8061121"
            ],
            [
                "Men's Shaving",
                "/browse/personal-care/mens-shaving/1005862_1007220_8793708"
            ],
            [
                "Men's Razors",
                "/browse/personal-care/mens-razors/1005862_1007220_9287106"
            ]
        ]
    }
]