[
    {
        "title": "Selsun Blue 3 in One Body Wash / Shampoo / Conditioner (11 Oz)",
        "url": "https://www.walmart.com/ip/Selsun-Blue-3-in-One-Body-Wash-Shampoo-Conditioner-11-Oz/484443538",
        "price": "$6.98",
        "stars": "4.5",
        "ratings": "90 ",
        "img": "i5.walmartimages.com/asr/e07b4cf0-9816-4f2c-9331-ad7791e1c458.ab05028a17855d8b9bbf586d99079929.jpeg?odnWidth=612&odnHeight=612&odnBg=ffffff",
        "tags": [
            [
                "New in Body Wash",
                "/browse/personal-care/new-in-body-wash/1005862_1071969_2267059"
            ],
            [
                "Clean Living Body Wash",
                "/browse/personal-care/clean-living-body-wash/1005862_1071969_2398684"
            ],
            [
                "Men's Body Wash",
                "/browse/personal-care/mens-body-wash/1005862_1071969_2531574"
            ],
            [
                "Plant Based Personal Care",
                "/browse/plant-based-personal-care/1005862_3442684"
            ],
            [
                "New in Clean Living Body Wash",
                "/browse/personal-care/new-in-clean-living-body-wash/1005862_1071969_3481881"
            ],
            [
                "Aveeno Body Wash",
                "/browse/personal-care/aveeno-body-wash/1005862_1071969_4176986"
            ],
            [
                "Hempz Body Wash",
                "/browse/personal-care/hempz-body-wash/1005862_1071969_6281258"
            ],
            [
                "2-in-1 Hair and Body Care",
                "/browse/2-in-1-hair-body-care/1005862_8779108"
            ]
        ]
    },
    {
        "title": "Aveeno Positively Nourishing Calming Lavender Body Wash, 16 fl. oz",
        "url": "https://www.walmart.com/ip/Aveeno-Positively-Nourishing-Calming-Lavender-Body-Wash-16-fl-oz/14967694",
        "price": "$5.33",
        "stars": "4.8",
        "ratings": "174 ",
        "img": "i5.walmartimages.com/asr/06a2c99d-2fa7-4af8-8d30-c9b9a5b32e75_1.0512c1f16ecce8f4c5483856e0209434.jpeg?odnWidth=612&odnHeight=612&odnBg=ffffff",
        "tags": [
            [
                "Stock up on Body Wash",
                "/browse/personal-care/stock-up-body-wash/1005862_1071969_1528860"
            ],
            [
                "Clean Living Body Wash",
                "/browse/personal-care/clean-living-body-wash/1005862_1071969_2398684"
            ],
            [
                "Stock up on Lotion & Moisturizers",
                "/browse/personal-care/stock-up-lotion-moisturizers/1005862_1071969_1574874_3229695"
            ],
            [
                "Aveeno Body Lotions & Creams",
                "/browse/personal-care/aveeno-body-lotions-creams/1005862_1071969_3719297"
            ],
            [
                "Aveeno Body Wash",
                "/browse/personal-care/aveeno-body-wash/1005862_1071969_4176986"
            ],
            [
                "Women's Body Wash",
                "/browse/personal-care/womens-body-wash/1005862_1071969_4894005"
            ],
            [
                "Aveeno Body Care",
                "/browse/personal-care/aveeno-body-care/1005862_1071969_8990857"
            ]
        ]
    },
    {
        "title": "Ivory Sensitive Skin Moisturizing Body Wash Hint of Lavender, 17.9 fl oz",
        "url": "https://www.walmart.com/ip/Ivory-Sensitive-Skin-Moisturizing-Body-Wash-Hint-of-Lavender-17-9-fl-oz/226404425",
        "price": "$4.97",
        "stars": "4.6",
        "ratings": "524 ",
        "img": "i5.walmartimages.com/asr/b86b7245-9669-4d06-9462-105e20fdf90e.90f8af29d665bb69149285ea40c004f2.jpeg?odnWidth=612&odnHeight=612&odnBg=ffffff",
        "tags": [
            [
                "Stock up on Body Wash",
                "/browse/personal-care/stock-up-body-wash/1005862_1071969_1528860"
            ],
            [
                "New in Body Wash",
                "/browse/personal-care/new-in-body-wash/1005862_1071969_2267059"
            ],
            [
                "Men's Bath & Body",
                "/browse/personal-care/mens-bath-body/1005862_1056884_2325953"
            ],
            [
                "Clean Living Body Wash",
                "/browse/personal-care/clean-living-body-wash/1005862_1071969_2398684"
            ],
            [
                "Men's Body Wash",
                "/browse/personal-care/mens-body-wash/1005862_1071969_2531574"
            ],
            [
                "New in Clean Living Body Wash",
                "/browse/personal-care/new-in-clean-living-body-wash/1005862_1071969_3481881"
            ],
            [
                "Women's Body Wash",
                "/browse/personal-care/womens-body-wash/1005862_1071969_4894005"
            ]
        ]
    },
    {
        "title": "Softsoap Moisturizing Body Wash Pump, Pomegranate and Mango, 32 Ounce",
        "url": "https://www.walmart.com/ip/Softsoap-Moisturizing-Body-Wash-Pump-Pomegranate-and-Mango-32-Ounce/42682581",
        "price": "$5.88",
        "stars": "4.6",
        "ratings": "413 ",
        "img": "i5.walmartimages.com/asr/cc81ed39-0080-4e1b-a111-e4f0108f5a55_1.f1115be3507a1161cd792c78d46e83df.png?odnWidth=612&odnHeight=612&odnBg=ffffff",
        "tags": [
            [
                "Hand Soaps",
                "/browse/personal-care/hand-soaps/1005862_1071969_1001719"
            ],
            [
                "Stock up on Body Wash",
                "/browse/personal-care/stock-up-body-wash/1005862_1071969_1528860"
            ],
            [
                "New in Body Wash",
                "/browse/personal-care/new-in-body-wash/1005862_1071969_2267059"
            ],
            [
                "Men's Body Wash",
                "/browse/personal-care/mens-body-wash/1005862_1071969_2531574"
            ],
            [
                "Softsoap Hand Soap",
                "/browse/personal-care/softsoap-hand-soap/1005862_1071969_4092819"
            ],
            [
                "Old Spice Body Wash",
                "/browse/personal-care/old-spice-body-wash/1005862_1071969_6697726"
            ]
        ]
    },
    {
        "title": "Bodycology Coconut Hibiscus 2 in 1 Moisturizing Body Wash and Bubble Bath, 16 fl oz",
        "url": "https://www.walmart.com/ip/Bodycology-Coconut-Hibiscus-2-in-1-Moisturizing-Body-Wash-and-Bubble-Bath-16-fl-oz/145774283",
        "price": "$3.97",
        "stars": "5.0",
        "ratings": "17 ",
        "img": "i5.walmartimages.com/asr/5cf5bec7-90ed-4e1e-9abb-e273da16111c_2.ec7a2c2aa03dd08656104c4631cb9e97.jpeg?odnWidth=612&odnHeight=612&odnBg=ffffff",
        "tags": [
            [
                "Stock up on Body Wash",
                "/browse/personal-care/stock-up-body-wash/1005862_1071969_1528860"
            ],
            [
                "Bubble Baths & Soaks",
                "/browse/personal-care/bubble-baths-soaks/1005862_1071969_1802619"
            ],
            [
                "All Bath Bombs, Bubbles Bath & Soaks",
                "/browse/personal-care/all-bath-bombs-bubbles-bath-soaks/1005862_1071969_2187415"
            ],
            [
                "Bath Bombs",
                "/browse/personal-care/bath-bombs/1005862_1071969_2786220"
            ],
            [
                "Stock up on Lotion & Moisturizers",
                "/browse/personal-care/stock-up-lotion-moisturizers/1005862_1071969_1574874_3229695"
            ],
            [
                "Women's Body Wash",
                "/browse/personal-care/womens-body-wash/1005862_1071969_4894005"
            ]
        ]
    },
    {
        "title": "Johnson's Skin Nourish Baby Wash With Shea & Cocoa Butter, 16.9 fl. oz",
        "url": "https://www.walmart.com/ip/Johnson-s-Skin-Nourish-Baby-Wash-With-Shea-Cocoa-Butter-16-9-fl-oz/916901851",
        "price": "$3.92",
        "stars": "4.8",
        "ratings": "1144 ",
        "img": "i5.walmartimages.com/asr/b014d17d-0ea4-48a6-bc41-eb4654469890.4ace1de34abcb05a3c039939519241fe.jpeg?odnWidth=612&odnHeight=612&odnBg=ffffff",
        "tags": [
            [
                "Baby Skin Care & Grooming",
                "/browse/baby/baby-skin-care-grooming/5427_486190_1042639"
            ],
            [
                "Baby Care",
                "/browse/baby/baby-care/5427_486190_132980"
            ],
            [
                "Baby Care & Grooming",
                "/browse/baby/baby-care-grooming/5427_486190_1457965"
            ],
            [
                "Baby Lotions",
                "/browse/baby/baby-lotions/5427_132943_2113333"
            ],
            [
                "Baby Body Washes",
                "/browse/baby/baby-body-washes/5427_486190_2277795"
            ],
            [
                "Baby Oils & Lotions",
                "/browse/baby/baby-oils-lotions/5427_486190_7103845"
            ],
            [
                "Baby Shampoos",
                "/browse/baby/baby-shampoos/5427_486190_9573703"
            ],
            [
                "Johnson's Baby",
                "/browse/baby/johnsons-baby/5427_486190_9988601"
            ]
        ]
    },
    {
        "title": "Olay Moisture Outlast Ultra Moisture Shea Butter Beauty Bar 3.75 oz, 6 count",
        "url": "https://www.walmart.com/ip/Olay-Moisture-Outlast-Ultra-Moisture-Shea-Butter-Beauty-Bar-3-75-oz-6-count/48452752",
        "price": "$6.59",
        "stars": "4.6",
        "ratings": "218 ",
        "img": "i5.walmartimages.com/asr/b31f29f7-60bc-45de-92d3-0479af51c571.07f90928151cbf19d727df13f1978dd3.jpeg?odnWidth=612&odnHeight=612&odnBg=ffffff",
        "tags": [
            [
                "Body Wash & Shower Gel",
                "/browse/personal-care/body-wash-shower-gel/1005862_1071969_1074364"
            ],
            [
                "Stock up on Body Wash",
                "/browse/personal-care/stock-up-body-wash/1005862_1071969_1528860"
            ],
            [
                "Dove Personal Care",
                "/browse/personal-care/dove-personal-care/1005862_1071969_1999831"
            ],
            [
                "Dove Body Bars",
                "/browse/personal-care/dove-body-bars/1005862_1071969_2647542"
            ],
            [
                "Women's Body Wash",
                "/browse/personal-care/womens-body-wash/1005862_1071969_4894005"
            ],
            [
                "Olay Body Bars",
                "/browse/personal-care/olay-body-bars/1005862_1071969_6629114"
            ]
        ]
    },
    {
        "title": "(Pack of 2) Dr. Bronner's Citrus Orange Bar Soap",
        "url": "https://www.walmart.com/ip/Pack-of-2-Dr-Bronner-s-Citrus-Orange-Bar-Soap/390551811",
        "price": "$7.94",
        "stars": "4.7",
        "ratings": "22 ",
        "img": "i5.walmartimages.com/asr/09dfa1b5-b84d-4462-a3ed-30d61885c3a2_1.286a4aaf7c6b7622ef92bd2a8b2723cd.png?odnWidth=612&odnHeight=612&odnBg=ffffff",
        "tags": [
            [
                "Hand Soaps",
                "/browse/personal-care/hand-soaps/1005862_1071969_1001719"
            ],
            [
                "Clean Living Body Wash",
                "/browse/personal-care/clean-living-body-wash/1005862_1071969_2398684"
            ],
            [
                "Dr. Bronner's Body Care",
                "/browse/personal-care/dr-bronners-body-care/1005862_1071969_3076063"
            ],
            [
                "Tom's of Maine Body Wash & Bar Soaps",
                "/browse/personal-care/toms-of-maine-body-wash-bar-soaps/1005862_1071969_4049088"
            ],
            [
                "Women's Body Wash",
                "/browse/personal-care/womens-body-wash/1005862_1071969_4894005"
            ],
            [
                "New in Bar Soaps",
                "/browse/personal-care/new-in-bar-soaps/1005862_1071969_6178834"
            ],
            [
                "Discover! Staff-Favorite Body Care",
                "/browse/personal-care/discover-staff-favorite-body-care/1005862_1071969_8051400"
            ],
            [
                "Gift Ideas for Bar Soaps",
                "/browse/personal-care/gift-ideas-for-bar-soaps/1005862_1071969_8911603"
            ]
        ]
    },
    {
        "title": "Dove Body Wash Mousse with Rose Oil 10.3 oz",
        "url": "https://www.walmart.com/ip/Dove-Body-Wash-Mousse-with-Rose-Oil-10-3-oz/588172408",
        "price": "$5.94",
        "stars": "4.4",
        "ratings": "130 ",
        "img": "i5.walmartimages.com/asr/026ade22-2a51-4ae6-9529-26c536e15f6a_1.87d02f56523a5c398a336ad39555f78d.jpeg?odnWidth=612&odnHeight=612&odnBg=ffffff",
        "tags": [
            [
                "Dove Personal Care",
                "/browse/personal-care/dove-personal-care/1005862_1071969_1999831"
            ],
            [
                "New in Body Wash",
                "/browse/personal-care/new-in-body-wash/1005862_1071969_2267059"
            ],
            [
                "Men's Body Wash",
                "/browse/personal-care/mens-body-wash/1005862_1071969_2531574"
            ],
            [
                "Dove Body Wash & Scrubs",
                "/browse/personal-care/dove-body-wash-scrubs/1005862_1071969_2771216"
            ],
            [
                "Dove Men Care Body Wash",
                "/browse/personal-care/dove-men-care-body-wash/1005862_1071969_3665482"
            ],
            [
                "Women's Body Wash",
                "/browse/personal-care/womens-body-wash/1005862_1071969_4894005"
            ],
            [
                "Dove Men + Care",
                "/browse/dove-men-care/1005862_7983046"
            ],
            [
                "2-in-1 Hair and Body Care",
                "/browse/2-in-1-hair-body-care/1005862_8779108"
            ]
        ]
    },
    {
        "title": "Bodycology Cherry Blossom 2 in 1 Moisturizing Body Wash and Bubble Bath 16 oz / 473 Ml",
        "url": "https://www.walmart.com/ip/Bodycology-Cherry-Blossom-2-in-1-Moisturizing-Body-Wash-and-Bubble-Bath-16-oz-473-Ml/22225965",
        "price": "$3.97",
        "stars": "4.7",
        "ratings": "32 ",
        "img": "i5.walmartimages.com/asr/e4d70193-3f49-4b84-8990-82fec3fe4a08_1.390ed57e0c901eed45d5e35522313d3a.jpeg?odnWidth=612&odnHeight=612&odnBg=ffffff",
        "tags": [
            [
                "Stock up on Body Wash",
                "/browse/personal-care/stock-up-body-wash/1005862_1071969_1528860"
            ],
            [
                "Bubble Baths & Soaks",
                "/browse/personal-care/bubble-baths-soaks/1005862_1071969_1802619"
            ],
            [
                "All Bath Bombs, Bubbles Bath & Soaks",
                "/browse/personal-care/all-bath-bombs-bubbles-bath-soaks/1005862_1071969_2187415"
            ],
            [
                "New in Body Wash",
                "/browse/personal-care/new-in-body-wash/1005862_1071969_2267059"
            ],
            [
                "Bath Bombs",
                "/browse/personal-care/bath-bombs/1005862_1071969_2786220"
            ],
            [
                "Women's Body Wash",
                "/browse/personal-care/womens-body-wash/1005862_1071969_4894005"
            ]
        ]
    }
]