[
    {
        "title": "3 Pack - ACT Kids Anticavity Fluoride Rinse, Bubble Gum Blow Out 16.9 oz",
        "url": "https://www.walmart.com/ip/3-Pack-ACT-Kids-Anticavity-Fluoride-Rinse-Bubble-Gum-Blow-Out-16-9-oz/669709498",
        "price": "$18.35",
        "stars": 0,
        "ratings": 0,
        "img": "i5.walmartimages.com/asr/63ce0dba-df6b-491c-9052-9a5e6252fc30_1.0ffa22ac7a09c631a8d6009615c9a78e.jpeg?odnWidth=612&odnHeight=612&odnBg=ffffff",
        "tags": [
            [
                "Kids Toothbrushes",
                "/browse/personal-care/kids-toothbrushes/1005862_1007221_2709578_2541586"
            ],
            [
                "Kids Electric Toothbrushes",
                "/browse/personal-care/kids-electric-toothbrushes/1005862_1007221_2709578_4710_4985373"
            ],
            [
                "All Dry Mouth Mouthwash",
                "/browse/personal-care/all-dry-mouth-mouthwash/1005862_1007221_1007360_8361519_5654027"
            ],
            [
                "ACT Mouthwash",
                "/browse/personal-care/act-mouthwash/1005862_1007221_1007360_6271227"
            ],
            [
                "All Electric Toothbrushes",
                "/browse/personal-care/all-electric-toothbrushes/1005862_1007221_2709578_4710_7057335"
            ],
            [
                "All Mouthwash",
                "/browse/personal-care/all-mouthwash/1005862_1007221_1007360_7390687"
            ],
            [
                "Men's Personal Care",
                "/browse/mens-personal-care/1005862_8928973"
            ]
        ]
    },
    {
        "title": "Xlear Spry Mouth Wash - Mountain Mint 16 fl oz Liquid",
        "url": "https://www.walmart.com/ip/Xlear-Spry-Mouth-Wash-Mountain-Mint-16-fl-oz-Liquid/144665035",
        "price": "$16.80",
        "stars": "4.0",
        "ratings": "1 ",
        "img": "",
        "tags": [
            [
                "Netipots",
                "/browse/health/netipots/976760_3771182_1481362"
            ],
            [
                "Children's Allergy",
                "/browse/health/childrens-allergy/976760_3460237_1691543_1916481"
            ],
            [
                "FSA/HSA Eligible Inhalers and Irrigators",
                "/browse/health/fsa-hsa-eligible-inhalers-irrigators/976760_6120851_3250335_2899748_2147640"
            ],
            [
                "Sinus Medicine",
                "/browse/health/sinus-medicine/976760_3771182_6493220"
            ],
            [
                "Nasal Care",
                "/browse/health/nasal-care/976760_3771182_8243017"
            ],
            [
                "FSA/HSA Eligible Cough, Cold, & Flu",
                "/browse/health/fsa-hsa-eligible-cough-cold-flu/976760_6120851_3250335_9373020"
            ],
            [
                "Nasal Congestion",
                "/browse/health/nasal-congestion/976760_6244277_7443129_9661376"
            ],
            [
                "Children's Nasal Congestion",
                "/browse/health/childrens-nasal-congestion/976760_6244277_9662516_9904920"
            ]
        ]
    },
    {
        "title": "4 Pack - Crest Pro-Health Multi-Protection Oral Rinse, Refreshing Clean Mint 1000 mL",
        "url": "https://www.walmart.com/ip/4-Pack-Crest-Pro-Health-Multi-Protection-Oral-Rinse-Refreshing-Clean-Mint-1000-mL/449118883",
        "price": "$46.42",
        "stars": "4.6",
        "ratings": "1870 ",
        "img": "i5.walmartimages.com/asr/987b8532-1bf0-430e-941a-0a0c21391f0e_1.532cba37116e3962c548e781e3a4c5dd.jpeg?odnWidth=612&odnHeight=612&odnBg=ffffff",
        "tags": [
            [
                "Crest Mouthwash",
                "/browse/personal-care/crest-mouthwash/1005862_1007221_1007360_2137973"
            ],
            [
                "All Crest Toothpaste",
                "/browse/personal-care/all-crest-toothpaste/1005862_1007221_1023020_1489384_2603409"
            ],
            [
                "All Whitening Strips",
                "/browse/personal-care/all-whitening-strips/1005862_1007221_1044034_1298483_4448175"
            ],
            [
                "All Teeth Whitening",
                "/browse/personal-care/all-teeth-whitening/1005862_1007221_1044034_5073174"
            ],
            [
                "Crest Whitening Strips",
                "/browse/personal-care/crest-whitening-strips/1005862_1007221_1044034_1298483_5708395"
            ],
            [
                "All Toothpaste",
                "/browse/personal-care/all-toothpaste/1005862_1007221_1023020_8164419"
            ]
        ]
    },
    {
        "title": "Crest Scope Outlast Mint Mouthwash, 3 pk./1L",
        "url": "https://www.walmart.com/ip/Crest-Scope-Outlast-Mint-Mouthwash-3-pk-1L/444194510",
        "price": "$23.46",
        "stars": 0,
        "ratings": 0,
        "img": "i5.walmartimages.com/asr/212a7404-e2a4-451f-bc81-2b40f56e779e.a37d8d876232daeada82b888d5b89d86.jpeg?odnWidth=612&odnHeight=612&odnBg=ffffff",
        "tags": [
            [
                "Oral-B Electric Toothbrushes",
                "/browse/personal-care/oral-b-electric-toothbrushes/1005862_1007221_2709578_4710_1810595"
            ],
            [
                "Dove Body Bars",
                "/browse/personal-care/dove-body-bars/1005862_1071969_2647542"
            ],
            [
                "Dove Body Wash & Scrubs",
                "/browse/personal-care/dove-body-wash-scrubs/1005862_1071969_2771216"
            ],
            [
                "Schick Razors",
                "/browse/personal-care/schick-razors/1005862_1007220_3441606"
            ],
            [
                "Colgate",
                "/browse/personal-care/colgate/1005862_9157053_4009720"
            ],
            [
                "All Colgate Toothpaste",
                "/browse/personal-care/all-colgate-toothpaste/1005862_1007221_1023020_9769261_5746090"
            ],
            [
                "Olay Body Bars",
                "/browse/personal-care/olay-body-bars/1005862_1071969_6629114"
            ],
            [
                "Colgate Optic White Toothpaste",
                "/browse/personal-care/colgate-optic-white-toothpaste/1005862_1007221_1023020_9769261_7536203"
            ]
        ]
    },
    {
        "title": "Listerine Cool Mint Antiseptic Mouthwash for Bad Breath, Travel Size 3.2 oz - Pack of 12",
        "url": "https://www.walmart.com/ip/Listerine-Cool-Mint-Antiseptic-Mouthwash-for-Bad-Breath-Travel-Size-3-2-oz-Pack-of-12/424087838",
        "price": "$35.99",
        "stars": 0,
        "ratings": 0,
        "img": "i5.walmartimages.com/asr/88539c31-93be-4c8a-8ab0-298bf3fe26a8_1.2d45e58e1478439007c385320f3e88fe.jpeg?odnWidth=612&odnHeight=612&odnBg=ffffff",
        "tags": []
    },
    {
        "title": "Colgate Total Gum Health Mouthwash, Clean Mint 33.8 oz (Pack of 2)",
        "url": "https://www.walmart.com/ip/Colgate-Total-Gum-Health-Mouthwash-Clean-Mint-33-8-oz-Pack-of-2/773566883",
        "price": "$21.32",
        "stars": "4.3",
        "ratings": "75 ",
        "img": "i5.walmartimages.com/asr/5b9e05ab-4d99-459a-ac2a-a4d607157e3a_1.9809ba15b9085b20dcb39630275e4a5e.jpeg?odnWidth=612&odnHeight=612&odnBg=ffffff",
        "tags": [
            [
                "Kids Oral Care",
                "/browse/personal-care/kids-oral-care/1005862_1007221_1094604"
            ],
            [
                "Colgate Total Toothpaste",
                "/browse/personal-care/colgate-total-toothpaste/1005862_1007221_1023020_9769261_4509640"
            ],
            [
                "All Dry Mouth Mouthwash",
                "/browse/personal-care/all-dry-mouth-mouthwash/1005862_1007221_1007360_8361519_5654027"
            ],
            [
                "All Colgate Toothpaste",
                "/browse/personal-care/all-colgate-toothpaste/1005862_1007221_1023020_9769261_5746090"
            ],
            [
                "All Mouthwash",
                "/browse/personal-care/all-mouthwash/1005862_1007221_1007360_7390687"
            ],
            [
                "Colgate Optic White Toothpaste",
                "/browse/personal-care/colgate-optic-white-toothpaste/1005862_1007221_1023020_9769261_7536203"
            ],
            [
                "All Toothpaste",
                "/browse/personal-care/all-toothpaste/1005862_1007221_1023020_8164419"
            ]
        ]
    },
    {
        "title": "The Natural Dentist Pre-Brush Antigingivitis Whitening Mouth Rinse, Clean Mint - 16 Oz",
        "url": "https://www.walmart.com/ip/The-Natural-Dentist-Pre-Brush-Antigingivitis-Whitening-Mouth-Rinse-Clean-Mint-16-Oz/822820105",
        "price": "$15.27",
        "stars": 0,
        "ratings": 0,
        "img": "",
        "tags": [
            [
                "Kids Oral Care",
                "/browse/personal-care/kids-oral-care/1005862_1007221_1094604"
            ],
            [
                "Crest",
                "/browse/personal-care/crest/1005862_9157053_2014962"
            ],
            [
                "Crest Mouthwash",
                "/browse/personal-care/crest-mouthwash/1005862_1007221_1007360_2137973"
            ],
            [
                "Listerine",
                "/browse/personal-care/listerine/1005862_9157053_2941559"
            ],
            [
                "ACT Mouthwash",
                "/browse/personal-care/act-mouthwash/1005862_1007221_1007360_6271227"
            ],
            [
                "Listerine Mouthwash",
                "/browse/personal-care/listerine-mouthwash/1005862_1007221_1007360_6779281"
            ],
            [
                "All Mouthwash",
                "/browse/personal-care/all-mouthwash/1005862_1007221_1007360_7390687"
            ]
        ]
    },
    {
        "title": "Crest Pro-Health Advanced Alcohol Free Fluoride Anticavity Extra Deep Clean Mouthwash Fresh Mint",
        "url": "https://www.walmart.com/ip/Crest-Pro-Health-Advanced-Alcohol-Free-Fluoride-Anticavity-Extra-Deep-Clean-Mouthwash-Fresh-Mint/236272416",
        "price": "$149.95",
        "stars": "4.0",
        "ratings": "1 ",
        "img": "",
        "tags": [
            [
                "Crest Mouthwash",
                "/browse/personal-care/crest-mouthwash/1005862_1007221_1007360_2137973"
            ],
            [
                "All Crest Toothpaste",
                "/browse/personal-care/all-crest-toothpaste/1005862_1007221_1023020_1489384_2603409"
            ],
            [
                "All Whitening Strips",
                "/browse/personal-care/all-whitening-strips/1005862_1007221_1044034_1298483_4448175"
            ],
            [
                "All Teeth Whitening",
                "/browse/personal-care/all-teeth-whitening/1005862_1007221_1044034_5073174"
            ],
            [
                "All Dry Mouth Mouthwash",
                "/browse/personal-care/all-dry-mouth-mouthwash/1005862_1007221_1007360_8361519_5654027"
            ],
            [
                "All Mouthwash",
                "/browse/personal-care/all-mouthwash/1005862_1007221_1007360_7390687"
            ],
            [
                "All Toothpaste",
                "/browse/personal-care/all-toothpaste/1005862_1007221_1023020_8164419"
            ]
        ]
    },
    {
        "title": "Listerine Total Care Anticavity Mouthwash, Cinnamint 33.8 oz (Pack of 6)",
        "url": "https://www.walmart.com/ip/Listerine-Total-Care-Anticavity-Mouthwash-Cinnamint-33-8-oz-Pack-of-6/45024824",
        "price": "$65.27",
        "stars": 0,
        "ratings": 0,
        "img": "i5.walmartimages.com/asr/1092dffc-dc12-47cf-9304-e844e3ff61cb_1.c078b6b6850a6f2e3e0b44de9319823d.jpeg?odnWidth=612&odnHeight=612&odnBg=ffffff",
        "tags": [
            [
                "Crest Mouthwash",
                "/browse/personal-care/crest-mouthwash/1005862_1007221_1007360_2137973"
            ],
            [
                "All Dental Floss",
                "/browse/personal-care/all-dental-floss/1005862_1007221_1044031_2443344"
            ],
            [
                "All Dry Mouth Mouthwash",
                "/browse/personal-care/all-dry-mouth-mouthwash/1005862_1007221_1007360_8361519_5654027"
            ],
            [
                "Listerine Mouthwash",
                "/browse/personal-care/listerine-mouthwash/1005862_1007221_1007360_6779281"
            ],
            [
                "String Floss",
                "/browse/personal-care/string-floss/1005862_1007221_1044031_7062539"
            ],
            [
                "All Mouthwash",
                "/browse/personal-care/all-mouthwash/1005862_1007221_1007360_7390687"
            ]
        ]
    },
    {
        "title": "2 Pack - Listerine Total Care Zero Fresh Mint 500 mL",
        "url": "https://www.walmart.com/ip/2-Pack-Listerine-Total-Care-Zero-Fresh-Mint-500-mL/167471736",
        "price": "$17.17",
        "stars": 0,
        "ratings": 0,
        "img": "",
        "tags": [
            [
                "Kids Oral Care",
                "/browse/personal-care/kids-oral-care/1005862_1007221_1094604"
            ],
            [
                "Crest",
                "/browse/personal-care/crest/1005862_9157053_2014962"
            ],
            [
                "Crest Mouthwash",
                "/browse/personal-care/crest-mouthwash/1005862_1007221_1007360_2137973"
            ],
            [
                "Listerine",
                "/browse/personal-care/listerine/1005862_9157053_2941559"
            ],
            [
                "ACT Mouthwash",
                "/browse/personal-care/act-mouthwash/1005862_1007221_1007360_6271227"
            ],
            [
                "Listerine Mouthwash",
                "/browse/personal-care/listerine-mouthwash/1005862_1007221_1007360_6779281"
            ],
            [
                "All Mouthwash",
                "/browse/personal-care/all-mouthwash/1005862_1007221_1007360_7390687"
            ]
        ]
    }
]