[
    {
        "title": "Nanoskin RZ-009 Single Edge Razor Blade, (Pack of 100)",
        "url": "https://www.walmart.com/ip/Nanoskin-RZ-009-Single-Edge-Razor-Blade-Pack-of-100/618316264",
        "price": "$7.58",
        "stars": 0,
        "ratings": 0,
        "img": "",
        "tags": [
            [
                "Razors",
                "/browse/personal-care/razors/1005862_1007220_1007399"
            ],
            [
                "Razor Blades",
                "/browse/personal-care/razor-blades/1005862_1007220_1044020"
            ],
            [
                "Gillette Razors",
                "/browse/personal-care/gillette-razors/1005862_1007220_2562288"
            ],
            [
                "Men's Razors and Razor Blades",
                "/browse/personal-care/mens-razors-razor-blades/1005862_1007220_6377251"
            ],
            [
                "All Razors",
                "/browse/personal-care/all-razors/1005862_1007220_6461098"
            ],
            [
                "All Razor Blades",
                "/browse/personal-care/all-razor-blades/1005862_1007220_8061121"
            ],
            [
                "Men's Shaving",
                "/browse/personal-care/mens-shaving/1005862_1007220_8793708"
            ],
            [
                "Men's Razors",
                "/browse/personal-care/mens-razors/1005862_1007220_9287106"
            ]
        ]
    },
    {
        "title": "Barbasol Ultra 3 Premium Razors Disposable, 4 Ea",
        "url": "https://www.walmart.com/ip/Barbasol-Ultra-3-Premium-Razors-Disposable-4-Ea/282446349",
        "price": "$10.48",
        "stars": 0,
        "ratings": 0,
        "img": "",
        "tags": [
            [
                "Razors",
                "/browse/personal-care/razors/1005862_1007220_1007399"
            ],
            [
                "Razor Blades",
                "/browse/personal-care/razor-blades/1005862_1007220_1044020"
            ],
            [
                "Gillette Razors",
                "/browse/personal-care/gillette-razors/1005862_1007220_2562288"
            ],
            [
                "Men's Razors and Razor Blades",
                "/browse/personal-care/mens-razors-razor-blades/1005862_1007220_6377251"
            ],
            [
                "All Razors",
                "/browse/personal-care/all-razors/1005862_1007220_6461098"
            ],
            [
                "All Razor Blades",
                "/browse/personal-care/all-razor-blades/1005862_1007220_8061121"
            ],
            [
                "Men's Shaving",
                "/browse/personal-care/mens-shaving/1005862_1007220_8793708"
            ],
            [
                "Men's Razors",
                "/browse/personal-care/mens-razors/1005862_1007220_9287106"
            ]
        ]
    },
    {
        "title": "GeweYeeli 12pcs Sharp Stainless Steel 6 Layers Men Beard Shaver Shaving Blades 1pc White Razor Holder",
        "url": "https://www.walmart.com/ip/GeweYeeli-12pcs-Sharp-Stainless-Steel-6-Layers-Men-Beard-Shaver-Shaving-Blades-1pc-White-Razor-Holder/301888050",
        "price": "$9.39",
        "stars": "1.0",
        "ratings": "1 ",
        "img": "i5.walmartimages.com/asr/4221efd3-13bb-4774-aeaf-07fc85fc9435_1.c16c8e63b2825c1c90da537b62b86fde.jpeg?odnWidth=612&odnHeight=612&odnBg=ffffff",
        "tags": [
            [
                "Razor Blades",
                "/browse/personal-care/razor-blades/1005862_1007220_1044020"
            ],
            [
                "Gillette Razors",
                "/browse/personal-care/gillette-razors/1005862_1007220_2562288"
            ],
            [
                "Schick Razors",
                "/browse/personal-care/schick-razors/1005862_1007220_3441606"
            ],
            [
                "BIC Disposable Razors",
                "/browse/personal-care/bic-disposable-razors/1005862_1007220_4640643"
            ],
            [
                "Men's Razors and Razor Blades",
                "/browse/personal-care/mens-razors-razor-blades/1005862_1007220_6377251"
            ],
            [
                "All Razors",
                "/browse/personal-care/all-razors/1005862_1007220_6461098"
            ],
            [
                "All Razor Blades",
                "/browse/personal-care/all-razor-blades/1005862_1007220_8061121"
            ],
            [
                "Men's Razors",
                "/browse/personal-care/mens-razors/1005862_1007220_9287106"
            ]
        ]
    },
    {
        "title": "Gillette Venus ComfortGlide Women Razor 2 Blade Refills Vanilla Creme",
        "url": "https://www.walmart.com/ip/Gillette-Venus-ComfortGlide-Women-Razor-2-Blade-Refills-Vanilla-Creme/127151805",
        "price": "$15.39",
        "stars": "3.5",
        "ratings": "156 ",
        "img": "i5.walmartimages.com/asr/7dbea86c-01a3-4cd9-ad0c-e53a01b49cfd_1.c3a4f120fdfbe36b7abd6cb27aed2664.jpeg?odnWidth=612&odnHeight=612&odnBg=ffffff",
        "tags": [
            [
                "Razors",
                "/browse/personal-care/razors/1005862_1007220_1007399"
            ],
            [
                "Gillette Razors",
                "/browse/personal-care/gillette-razors/1005862_1007220_2562288"
            ],
            [
                "Schick Razors",
                "/browse/personal-care/schick-razors/1005862_1007220_3441606"
            ],
            [
                "All Razors",
                "/browse/personal-care/all-razors/1005862_1007220_6461098"
            ],
            [
                "Women's Razors",
                "/browse/personal-care/womens-razors/1005862_1007220_7994182"
            ],
            [
                "All Razor Blades",
                "/browse/personal-care/all-razor-blades/1005862_1007220_8061121"
            ],
            [
                "Gillette Venus Razors",
                "/browse/personal-care/gillette-venus-razors/1005862_1007220_8090056"
            ],
            [
                "Women's Shaving",
                "/browse/personal-care/womens-shaving/1005862_1007220_9200501"
            ]
        ]
    },
    {
        "title": "Bic Metal Bar Disposable Razor, 25 Count",
        "url": "https://www.walmart.com/ip/Bic-Metal-Bar-Disposable-Razor-25-Count/545781882",
        "price": "$12.99",
        "stars": 0,
        "ratings": 0,
        "img": "i5.walmartimages.com/asr/c2053f29-e232-4a17-8f81-9e612933c76d_1.fa5fe21db5fa48ab2aa76b3520317e74.jpeg?odnWidth=612&odnHeight=612&odnBg=ffffff",
        "tags": [
            [
                "Razors",
                "/browse/personal-care/razors/1005862_1007220_1007399"
            ],
            [
                "Razor Blades",
                "/browse/personal-care/razor-blades/1005862_1007220_1044020"
            ],
            [
                "BIC Disposable Razors",
                "/browse/personal-care/bic-disposable-razors/1005862_1007220_4640643"
            ],
            [
                "All Razors",
                "/browse/personal-care/all-razors/1005862_1007220_6461098"
            ],
            [
                "Women's Razors",
                "/browse/personal-care/womens-razors/1005862_1007220_7994182"
            ],
            [
                "All Razor Blades",
                "/browse/personal-care/all-razor-blades/1005862_1007220_8061121"
            ],
            [
                "Gillette Venus Razors",
                "/browse/personal-care/gillette-venus-razors/1005862_1007220_8090056"
            ],
            [
                "Women's Shaving",
                "/browse/personal-care/womens-shaving/1005862_1007220_9200501"
            ]
        ]
    },
    {
        "title": "Schick Quattro for Women Razor Refill, Ultra Smooth, 8 Ct",
        "url": "https://www.walmart.com/ip/Schick-Quattro-for-Women-Razor-Refill-Ultra-Smooth-8-Ct/103368233",
        "price": "$19.99",
        "stars": "4.8",
        "ratings": "10 ",
        "img": "",
        "tags": [
            [
                "Razor Blades",
                "/browse/personal-care/razor-blades/1005862_1007220_1044020"
            ],
            [
                "Women's Razor Blades",
                "/browse/personal-care/womens-razor-blades/1005862_1007220_2012569"
            ],
            [
                "Men's Razor Blades",
                "/browse/personal-care/mens-razor-blades/1005862_1007220_3392907"
            ],
            [
                "Schick Razors",
                "/browse/personal-care/schick-razors/1005862_1007220_3441606"
            ],
            [
                "All Razors",
                "/browse/personal-care/all-razors/1005862_1007220_6461098"
            ],
            [
                "Women's Razors",
                "/browse/personal-care/womens-razors/1005862_1007220_7994182"
            ],
            [
                "All Razor Blades",
                "/browse/personal-care/all-razor-blades/1005862_1007220_8061121"
            ],
            [
                "Women's Shaving",
                "/browse/personal-care/womens-shaving/1005862_1007220_9200501"
            ]
        ]
    },
    {
        "title": "Philips Norelco Replacement Shaver Head HQ56",
        "url": "https://www.walmart.com/ip/Philips-Norelco-Replacement-Shaver-Head-HQ56/15935591",
        "price": "$37.95",
        "stars": "4.6",
        "ratings": "214 ",
        "img": "",
        "tags": [
            [
                "Razors",
                "/browse/personal-care/razors/1005862_1007220_1007399"
            ],
            [
                "Electric Shavers",
                "/browse/personal-care/electric-shavers/1005862_1007220_133146"
            ],
            [
                "Men's Razors and Razor Blades",
                "/browse/personal-care/mens-razors-razor-blades/1005862_1007220_6377251"
            ],
            [
                "All Electric Shavers",
                "/browse/personal-care/all-electric-shavers/1005862_1007220_6936955"
            ],
            [
                "Philips Norelco Electric Shavers",
                "/browse/personal-care/philips-norelco-electric-shavers/1005862_1007220_7905976"
            ],
            [
                "Men's Shaving",
                "/browse/personal-care/mens-shaving/1005862_1007220_8793708"
            ],
            [
                "Braun Electric Shave Replacement Heads",
                "/browse/personal-care/braun-electric-shave-replacement-heads/1005862_1007220_9056089"
            ],
            [
                "Women's Shaving",
                "/browse/personal-care/womens-shaving/1005862_1007220_9200501"
            ]
        ]
    },
    {
        "title": "Gillette Sensor Blade Refill Cartridges 20-Count + Eyebrow Ruler",
        "url": "https://www.walmart.com/ip/Gillette-Sensor-Blade-Refill-Cartridges-20-Count-Eyebrow-Ruler/301994627",
        "price": "$25.85",
        "stars": "5.0",
        "ratings": "4 ",
        "img": "",
        "tags": [
            [
                "As Seen on TV Health & Beauty",
                "/browse/shop-by-brand/as-seen-tv-health-beauty/3734780_3513393_1946739"
            ],
            [
                "Suave",
                "/browse/shop-by-brand/suave/3734780_3989171_3201229"
            ],
            [
                "Covergirl",
                "/browse/shop-by-brand/covergirl/3734780_3989171_4458594"
            ],
            [
                "Head & Shoulders",
                "/browse/shop-by-brand/head-shoulders/3734780_3989171_6086784"
            ],
            [
                "Dove",
                "/browse/shop-by-brand/dove/3734780_3989171_6952214"
            ],
            [
                "Equate",
                "/browse/shop-by-brand/equate/3734780_3989171_6958006"
            ],
            [
                "Philips Norelco",
                "/browse/shop-by-brand/philips-norelco/3734780_3989171_8312997"
            ],
            [
                "Pantene",
                "/browse/shop-by-brand/pantene/3734780_3989171_9360104"
            ]
        ]
    },
    {
        "title": "3 Pack - Gillette Fusion ProGlide Power Razor with 1 Blade Refill 1 ea",
        "url": "https://www.walmart.com/ip/3-Pack-Gillette-Fusion-ProGlide-Power-Razor-with-1-Blade-Refill-1-ea/409294565",
        "price": "$52.75",
        "stars": "4.4",
        "ratings": "136 ",
        "img": "i5.walmartimages.com/asr/9000f4e5-e878-40a6-a590-e4b0f68c4c48_1.58a86374697211f06f1e310818d7f7e8.jpeg?odnWidth=612&odnHeight=612&odnBg=ffffff",
        "tags": [
            [
                "Razor Blades",
                "/browse/personal-care/razor-blades/1005862_1007220_1044020"
            ],
            [
                "Men's Razor Blades",
                "/browse/personal-care/mens-razor-blades/1005862_1007220_3392907"
            ],
            [
                "Men's Razors and Razor Blades",
                "/browse/personal-care/mens-razors-razor-blades/1005862_1007220_6377251"
            ],
            [
                "All Razors",
                "/browse/personal-care/all-razors/1005862_1007220_6461098"
            ],
            [
                "All Razor Blades",
                "/browse/personal-care/all-razor-blades/1005862_1007220_8061121"
            ],
            [
                "Men's Shaving",
                "/browse/personal-care/mens-shaving/1005862_1007220_8793708"
            ],
            [
                "Men's Personal Care",
                "/browse/mens-personal-care/1005862_8928973"
            ],
            [
                "Men's Razors",
                "/browse/personal-care/mens-razors/1005862_1007220_9287106"
            ]
        ]
    },
    {
        "title": "Nylea Razors for Women 6 Blades, Ladies Razor for Sensitive Skin, Premium Shaving Razor Set with with Vitamin E and Aloe Vera Lubricating Strip 3 Blade Refills",
        "url": "https://www.walmart.com/ip/Nylea-Razors-Women-6-Blades-Ladies-Razor-Sensitive-Skin-Premium-Shaving-Set-Vitamin-E-Aloe-Vera-Lubricating-Strip-3-Blade-Refills/427207267",
        "price": "$7.99",
        "stars": 0,
        "ratings": 0,
        "img": "i5.walmartimages.com/asr/de8948de-ad93-4eb1-8edd-d1995b15b400.1c55a3364a8063547ce088f45a0554f6.jpeg?odnWidth=612&odnHeight=612&odnBg=ffffff",
        "tags": []
    }
]