[
    {
        "title": "Old Spice North Star with Teakwood Body Wash, 16.9 Fl. oz.",
        "url": "https://www.walmart.com/ip/Old-Spice-North-Star-with-Teakwood-Body-Wash-16-9-Fl-oz/553152974",
        "price": "$6.97",
        "stars": "4.7",
        "ratings": "110 ",
        "img": "i5.walmartimages.com/asr/6e6678f1-edbd-4149-98f1-e2f5fe5b1a57.7e0007ae679f13f9008ef2bf7e151a5c.jpeg?odnWidth=612&odnHeight=612&odnBg=ffffff",
        "tags": [
            [
                "Stock up on Body Wash",
                "/browse/personal-care/stock-up-body-wash/1005862_1071969_1528860"
            ],
            [
                "New in Body Wash",
                "/browse/personal-care/new-in-body-wash/1005862_1071969_2267059"
            ],
            [
                "Men's Bath & Body",
                "/browse/personal-care/mens-bath-body/1005862_1056884_2325953"
            ],
            [
                "Men's Body Wash",
                "/browse/personal-care/mens-body-wash/1005862_1071969_2531574"
            ],
            [
                "Women's Body Wash",
                "/browse/personal-care/womens-body-wash/1005862_1071969_4894005"
            ],
            [
                "Old Spice Body Wash & Deodorants",
                "/browse/personal-care/old-spice-body-wash-deodorants/1005862_1071969_6362250"
            ],
            [
                "Old Spice Body Wash",
                "/browse/personal-care/old-spice-body-wash/1005862_1071969_6697726"
            ],
            [
                "Men's Personal Care",
                "/browse/mens-personal-care/1005862_8928973"
            ]
        ]
    },
    {
        "title": "Softsoap Luminous Oils Value Size Macadamia Oil & Peony Body Wash, 32 fl oz",
        "url": "https://www.walmart.com/ip/Softsoap-Luminous-Oils-Value-Size-Macadamia-Oil-Peony-Body-Wash-32-fl-oz/133436222",
        "price": "$5.88",
        "stars": "4.7",
        "ratings": "474 ",
        "img": "i5.walmartimages.com/asr/dd3365bc-448d-479d-865c-3b3cb07b3807.787c4a7dda7311b8bb9215e367726b6b.jpeg?odnWidth=612&odnHeight=612&odnBg=ffffff",
        "tags": [
            [
                "Hand Soaps",
                "/browse/personal-care/hand-soaps/1005862_1071969_1001719"
            ],
            [
                "Stock up on Body Wash",
                "/browse/personal-care/stock-up-body-wash/1005862_1071969_1528860"
            ],
            [
                "New in Body Wash",
                "/browse/personal-care/new-in-body-wash/1005862_1071969_2267059"
            ],
            [
                "Softsoap Hand Soap",
                "/browse/personal-care/softsoap-hand-soap/1005862_1071969_4092819"
            ],
            [
                "Women's Body Wash",
                "/browse/personal-care/womens-body-wash/1005862_1071969_4894005"
            ],
            [
                "Stock up on Hand Wash",
                "/browse/personal-care/stock-up-hand-wash/1005862_1071969_7917529"
            ]
        ]
    },
    {
        "title": "(Pack of 2) Dr. Bronner's Baby-Unscented Bar Soap",
        "url": "https://www.walmart.com/ip/Pack-of-2-Dr-Bronner-s-Baby-Unscented-Bar-Soap/380432036",
        "price": "$7.94",
        "stars": "4.5",
        "ratings": "29 ",
        "img": "i5.walmartimages.com/asr/de6d920c-2639-418c-944c-722def2875fb_1.073b5745a44db5d529891eb1221faf3e.png?odnWidth=612&odnHeight=612&odnBg=ffffff",
        "tags": [
            [
                "Body Wash & Shower Gel",
                "/browse/personal-care/body-wash-shower-gel/1005862_1071969_1074364"
            ],
            [
                "Clean Living Body Wash",
                "/browse/personal-care/clean-living-body-wash/1005862_1071969_2398684"
            ],
            [
                "Dr. Bronner's Body Care",
                "/browse/personal-care/dr-bronners-body-care/1005862_1071969_3076063"
            ],
            [
                "Plant Based Personal Care",
                "/browse/plant-based-personal-care/1005862_3442684"
            ],
            [
                "New in Clean Living Body Wash",
                "/browse/personal-care/new-in-clean-living-body-wash/1005862_1071969_3481881"
            ],
            [
                "New in Bar Soaps",
                "/browse/personal-care/new-in-bar-soaps/1005862_1071969_6178834"
            ],
            [
                "Discover! Staff-Favorite Body Care",
                "/browse/personal-care/discover-staff-favorite-body-care/1005862_1071969_8051400"
            ],
            [
                "Gift Ideas for Bar Soaps",
                "/browse/personal-care/gift-ideas-for-bar-soaps/1005862_1071969_8911603"
            ]
        ]
    },
    {
        "title": "Olay Purifying Birch Water and Lavendar Scent Foaming Whip Body Wash, 10.3 oz",
        "url": "https://www.walmart.com/ip/Olay-Purifying-Birch-Water-and-Lavendar-Scent-Foaming-Whip-Body-Wash-10-3-oz/440899974",
        "price": "$5.97",
        "stars": "4.6",
        "ratings": "77 ",
        "img": "i5.walmartimages.com/asr/d0032bee-3ce4-4fda-b99f-30c0c4472b99_1.96f8e145a5598bc90b765b7246cc231f.jpeg?odnWidth=612&odnHeight=612&odnBg=ffffff",
        "tags": [
            [
                "Stock up on Body Wash",
                "/browse/personal-care/stock-up-body-wash/1005862_1071969_1528860"
            ],
            [
                "Olay Body Lotions & Creams",
                "/browse/personal-care/olay-body-lotions-creams/1005862_1071969_1744700"
            ],
            [
                "New in Body Wash",
                "/browse/personal-care/new-in-body-wash/1005862_1071969_2267059"
            ],
            [
                "Men's Bath & Body",
                "/browse/personal-care/mens-bath-body/1005862_1056884_2325953"
            ],
            [
                "Dove Body Wash & Scrubs",
                "/browse/personal-care/dove-body-wash-scrubs/1005862_1071969_2771216"
            ],
            [
                "Women's Body Wash",
                "/browse/personal-care/womens-body-wash/1005862_1071969_4894005"
            ],
            [
                "New in Body Scrubs",
                "/browse/personal-care/new-in-body-scrubs/1005862_1071969_9252142"
            ]
        ]
    },
    {
        "title": "Ivory Sensitive Skin Moisturizing Body Wash Hint of Chamomile, 17.9 fl oz",
        "url": "https://www.walmart.com/ip/Ivory-Sensitive-Skin-Moisturizing-Body-Wash-Hint-of-Chamomile-17-9-fl-oz/192546817",
        "price": "$4.97",
        "stars": "4.8",
        "ratings": "505 ",
        "img": "i5.walmartimages.com/asr/237073bd-070e-4a8a-add1-b389f4079524.0276eaa87b29a2e72c5e26c9bbd9d4aa.jpeg?odnWidth=612&odnHeight=612&odnBg=ffffff",
        "tags": [
            [
                "New in Body Wash",
                "/browse/personal-care/new-in-body-wash/1005862_1071969_2267059"
            ],
            [
                "Men's Bath & Body",
                "/browse/personal-care/mens-bath-body/1005862_1056884_2325953"
            ],
            [
                "Clean Living Body Wash",
                "/browse/personal-care/clean-living-body-wash/1005862_1071969_2398684"
            ],
            [
                "Men's Body Wash",
                "/browse/personal-care/mens-body-wash/1005862_1071969_2531574"
            ],
            [
                "New in Clean Living Body Wash",
                "/browse/personal-care/new-in-clean-living-body-wash/1005862_1071969_3481881"
            ],
            [
                "Women's Body Wash",
                "/browse/personal-care/womens-body-wash/1005862_1071969_4894005"
            ],
            [
                "Old Spice Body Wash",
                "/browse/personal-care/old-spice-body-wash/1005862_1071969_6697726"
            ]
        ]
    },
    {
        "title": "Dove Exfoliating Body Polish Crushed Almond and Mango Butter 10.5 oz",
        "url": "https://www.walmart.com/ip/Dove-Exfoliating-Body-Polish-Crushed-Almond-and-Mango-Butter-10-5-oz/640165493",
        "price": "$5.94",
        "stars": "4.5",
        "ratings": "93 ",
        "img": "i5.walmartimages.com/asr/20d95972-3918-486f-af72-58772c25e3a6_1.0a15767740ad69974f918d512256de9e.jpeg?odnWidth=612&odnHeight=612&odnBg=ffffff",
        "tags": [
            [
                "Dove Personal Care",
                "/browse/personal-care/dove-personal-care/1005862_1071969_1999831"
            ],
            [
                "New in Body Wash",
                "/browse/personal-care/new-in-body-wash/1005862_1071969_2267059"
            ],
            [
                "Dove Body Wash & Scrubs",
                "/browse/personal-care/dove-body-wash-scrubs/1005862_1071969_2771216"
            ],
            [
                "Bath Bombs",
                "/browse/personal-care/bath-bombs/1005862_1071969_2786220"
            ],
            [
                "Women's Body Wash",
                "/browse/personal-care/womens-body-wash/1005862_1071969_4894005"
            ],
            [
                "Tree Hut Body Wash & Body Scrub",
                "/browse/personal-care/tree-hut-body-wash-body-scrub/1005862_1071969_6976070"
            ],
            [
                "Treehut Body Scrub",
                "/browse/personal-care/treehut-body-scrub/1005862_1071969_7914221"
            ],
            [
                "New in Body Scrubs",
                "/browse/personal-care/new-in-body-scrubs/1005862_1071969_9252142"
            ]
        ]
    },
    {
        "title": "Native Natural Body Wash, Cucumber and Mint, Sulfate Free, 11.5 oz",
        "url": "https://www.walmart.com/ip/Native-Natural-Body-Wash-Cucumber-and-Mint-Sulfate-Free-11-5-oz/576681245",
        "price": "$7.97",
        "stars": "4.4",
        "ratings": "19 ",
        "img": "i5.walmartimages.com/asr/8c64ca54-88ed-4c9e-9a74-f0748718e998.0c081a00788415ee2c6057d69a1a01ea.jpeg?odnWidth=612&odnHeight=612&odnBg=ffffff",
        "tags": [
            [
                "Native",
                "/browse/personal-care/native/1005862_1071969_1424543"
            ],
            [
                "New in Body Wash",
                "/browse/personal-care/new-in-body-wash/1005862_1071969_2267059"
            ],
            [
                "Clean Living Body Wash",
                "/browse/personal-care/clean-living-body-wash/1005862_1071969_2398684"
            ],
            [
                "Men's Body Wash",
                "/browse/personal-care/mens-body-wash/1005862_1071969_2531574"
            ],
            [
                "New in Clean Living Body Wash",
                "/browse/personal-care/new-in-clean-living-body-wash/1005862_1071969_3481881"
            ],
            [
                "SheaMoisture Body Care",
                "/browse/personal-care/sheamoisture-body-care/1005862_1071969_4631744"
            ],
            [
                "Women's Body Wash",
                "/browse/personal-care/womens-body-wash/1005862_1071969_4894005"
            ],
            [
                "Sheamoisture Body Wash",
                "/browse/personal-care/sheamoisture-body-wash/1005862_1071969_6799733"
            ]
        ]
    },
    {
        "title": "Method Men, Juniper + Sage Body Wash, 18 Ounce",
        "url": "https://www.walmart.com/ip/Method-Men-Juniper-Sage-Body-Wash-18-Ounce/655041306",
        "price": "$6.98",
        "stars": "4.5",
        "ratings": "131 ",
        "img": "i5.walmartimages.com/asr/e6301c03-b5f6-4843-b1f5-d118ba3fd8cf_1.cdb2eb5015973c106560b8d5292a5f25.jpeg?odnWidth=612&odnHeight=612&odnBg=ffffff",
        "tags": [
            [
                "Native",
                "/browse/personal-care/native/1005862_1071969_1424543"
            ],
            [
                "New in Body Wash",
                "/browse/personal-care/new-in-body-wash/1005862_1071969_2267059"
            ],
            [
                "Clean Living Body Wash",
                "/browse/personal-care/clean-living-body-wash/1005862_1071969_2398684"
            ],
            [
                "Men's Body Wash",
                "/browse/personal-care/mens-body-wash/1005862_1071969_2531574"
            ],
            [
                "New in Clean Living Body Wash",
                "/browse/personal-care/new-in-clean-living-body-wash/1005862_1071969_3481881"
            ],
            [
                "Every Man Jack",
                "/browse/every-man-jack/1005862_5079639"
            ],
            [
                "Old Spice Body Wash & Deodorants",
                "/browse/personal-care/old-spice-body-wash-deodorants/1005862_1071969_6362250"
            ],
            [
                "Old Spice Body Wash",
                "/browse/personal-care/old-spice-body-wash/1005862_1071969_6697726"
            ]
        ]
    },
    {
        "title": "Suave Kids Silly Apple 3 in 1 Shampoo, Conditioner, Body Wash, 18 oz, Twin",
        "url": "https://www.walmart.com/ip/Suave-Kids-Silly-Apple-3-in-1-Shampoo-Conditioner-Body-Wash-18-oz-Twin/757706853",
        "price": "$5.49",
        "stars": "4.7",
        "ratings": "100 ",
        "img": "i5.walmartimages.com/asr/5c4dacd5-04d9-4b09-8bd6-7cef60b93f88_1.7ff5ff5d1e3a8afa8946830905305b83.jpeg?odnWidth=612&odnHeight=612&odnBg=ffffff",
        "tags": [
            [
                "Kids Oral Care",
                "/browse/personal-care/kids-oral-care/1005862_1007221_1094604"
            ],
            [
                "Stock up on Body Wash",
                "/browse/personal-care/stock-up-body-wash/1005862_1071969_1528860"
            ],
            [
                "Men's Body Wash",
                "/browse/personal-care/mens-body-wash/1005862_1071969_2531574"
            ],
            [
                "Hair Sets",
                "/browse/personal-care/hair-sets/1005862_4620135_4335085"
            ],
            [
                "Women's Body Wash",
                "/browse/personal-care/womens-body-wash/1005862_1071969_4894005"
            ],
            [
                "2-in-1 Hair and Body Care",
                "/browse/2-in-1-hair-body-care/1005862_8779108"
            ],
            [
                "Men's Personal Care",
                "/browse/mens-personal-care/1005862_8928973"
            ]
        ]
    },
    {
        "title": "Safeguard Deodorant Bar Soap, Beige 4 oz, 8 count",
        "url": "https://www.walmart.com/ip/Safeguard-Deodorant-Bar-Soap-Beige-4-oz-8-count/12018286",
        "price": "$12.12",
        "stars": "4.8",
        "ratings": "134 ",
        "img": "i5.walmartimages.com/asr/be8208d6-a00a-41b2-bb5d-e900c224bd1b_1.38cb6b4a70736180744ce8c111202967.jpeg?odnWidth=612&odnHeight=612&odnBg=ffffff",
        "tags": []
    }
]