[
    {
        "title": "Listerine Cool Mint Antibacterial Mouthwash (500ml) - Pack of 6",
        "url": "https://www.walmart.com/ip/Listerine-Cool-Mint-Antibacterial-Mouthwash-500ml-Pack-of-6/717921542",
        "price": "$39.60",
        "stars": 0,
        "ratings": 0,
        "img": "i5.walmartimages.com/asr/9f4a8142-8e0f-41e0-854f-80569b0d1b21_1.610d45df1473825e041777e2429cc5ab.jpeg?odnWidth=612&odnHeight=612&odnBg=ffffff",
        "tags": [
            [
                "Kids Oral Care",
                "/browse/personal-care/kids-oral-care/1005862_1007221_1094604"
            ],
            [
                "Crest",
                "/browse/personal-care/crest/1005862_9157053_2014962"
            ],
            [
                "Crest Mouthwash",
                "/browse/personal-care/crest-mouthwash/1005862_1007221_1007360_2137973"
            ],
            [
                "Listerine",
                "/browse/personal-care/listerine/1005862_9157053_2941559"
            ],
            [
                "ACT Mouthwash",
                "/browse/personal-care/act-mouthwash/1005862_1007221_1007360_6271227"
            ],
            [
                "Listerine Mouthwash",
                "/browse/personal-care/listerine-mouthwash/1005862_1007221_1007360_6779281"
            ],
            [
                "All Mouthwash",
                "/browse/personal-care/all-mouthwash/1005862_1007221_1007360_7390687"
            ]
        ]
    },
    {
        "title": "The Natural Dentist Healthy Breath Antiseptic Rinse, Cool Mint, 16.9 Oz Bottle",
        "url": "https://www.walmart.com/ip/The-Natural-Dentist-Healthy-Breath-Antiseptic-Rinse-Cool-Mint-16-9-Oz-Bottle/26968759",
        "price": "$18.16",
        "stars": "5.0",
        "ratings": "2 ",
        "img": "i5.walmartimages.com/asr/bdbb0d86-94f1-4bb5-a8ba-3d80dc60e895_1.4f7a8fce1297be81262ea2e794080cf3.png?odnWidth=612&odnHeight=612&odnBg=ffffff",
        "tags": [
            [
                "Crest",
                "/browse/personal-care/crest/1005862_9157053_2014962"
            ],
            [
                "Crest Mouthwash",
                "/browse/personal-care/crest-mouthwash/1005862_1007221_1007360_2137973"
            ],
            [
                "Listerine",
                "/browse/personal-care/listerine/1005862_9157053_2941559"
            ],
            [
                "Clean Living Oral Care",
                "/browse/personal-care/clean-living-oral-care/1005862_1007221_4285418"
            ],
            [
                "Listerine Mouthwash",
                "/browse/personal-care/listerine-mouthwash/1005862_1007221_1007360_6779281"
            ],
            [
                "All Mouthwash",
                "/browse/personal-care/all-mouthwash/1005862_1007221_1007360_7390687"
            ],
            [
                "All Toothpaste",
                "/browse/personal-care/all-toothpaste/1005862_1007221_1023020_8164419"
            ]
        ]
    },
    {
        "title": "Dr. Ginger's Fluoride Free Coconut Mint Mouthwash, 12 Fl. Oz.",
        "url": "https://www.walmart.com/ip/Dr-Ginger-s-Fluoride-Free-Coconut-Mint-Mouthwash-12-Fl-Oz/528036922",
        "price": "$17.19",
        "stars": 0,
        "ratings": 0,
        "img": "i5.walmartimages.com/asr/505209da-5f17-4bbd-9ea1-b530de5505f5_1.b737b2bd010f331d994e10c02e28d762.jpeg?odnWidth=612&odnHeight=612&odnBg=ffffff",
        "tags": [
            [
                "Kids Oral Care",
                "/browse/personal-care/kids-oral-care/1005862_1007221_1094604"
            ],
            [
                "Crest Mouthwash",
                "/browse/personal-care/crest-mouthwash/1005862_1007221_1007360_2137973"
            ],
            [
                "Listerine",
                "/browse/personal-care/listerine/1005862_9157053_2941559"
            ],
            [
                "Listerine Mouthwash",
                "/browse/personal-care/listerine-mouthwash/1005862_1007221_1007360_6779281"
            ],
            [
                "All Mouthwash",
                "/browse/personal-care/all-mouthwash/1005862_1007221_1007360_7390687"
            ],
            [
                "Charcoal Teeth Whitening",
                "/browse/personal-care/charcoal-teeth-whitening/1005862_1007221_1044034_7958074"
            ]
        ]
    },
    {
        "title": "GUM Afta Clear Mouth Wash 120ml",
        "url": "https://www.walmart.com/ip/GUM-Afta-Clear-Mouth-Wash-120ml/992761268",
        "price": "$24.80",
        "stars": "5.0",
        "ratings": "1 ",
        "img": "i5.walmartimages.com/asr/510f039f-0949-486b-bf32-039742490ac6_1.b8965104c0669d92b217ef93baf1a6f4.jpeg?odnWidth=612&odnHeight=612&odnBg=ffffff",
        "tags": [
            [
                "Crest",
                "/browse/personal-care/crest/1005862_9157053_2014962"
            ],
            [
                "Crest Mouthwash",
                "/browse/personal-care/crest-mouthwash/1005862_1007221_1007360_2137973"
            ],
            [
                "Therabreath Mouthwash",
                "/browse/personal-care/therabreath-mouthwash/1005862_1007221_1007360_2523325"
            ],
            [
                "Listerine",
                "/browse/personal-care/listerine/1005862_9157053_2941559"
            ],
            [
                "ACT Mouthwash",
                "/browse/personal-care/act-mouthwash/1005862_1007221_1007360_6271227"
            ],
            [
                "Listerine Mouthwash",
                "/browse/personal-care/listerine-mouthwash/1005862_1007221_1007360_6779281"
            ],
            [
                "All Mouthwash",
                "/browse/personal-care/all-mouthwash/1005862_1007221_1007360_7390687"
            ]
        ]
    },
    {
        "title": "Listerine Antiseptic Mouthwash, Cool Mint, Deeper Clean - 8.5 oz, Pack of 2",
        "url": "https://www.walmart.com/ip/Listerine-Antiseptic-Mouthwash-Cool-Mint-Deeper-Clean-8-5-oz-Pack-of-2/49584563",
        "price": "$15.96",
        "stars": "4.8",
        "ratings": "994 ",
        "img": "i5.walmartimages.com/asr/3d6f272d-38df-468e-b5f7-fc442040f41c_1.4d58066f053eb3295efb1265af7e1856.jpeg?odnWidth=612&odnHeight=612&odnBg=ffffff",
        "tags": [
            [
                "Crest Mouthwash",
                "/browse/personal-care/crest-mouthwash/1005862_1007221_1007360_2137973"
            ],
            [
                "All Dental Floss",
                "/browse/personal-care/all-dental-floss/1005862_1007221_1044031_2443344"
            ],
            [
                "All Dry Mouth Mouthwash",
                "/browse/personal-care/all-dry-mouth-mouthwash/1005862_1007221_1007360_8361519_5654027"
            ],
            [
                "Listerine Mouthwash",
                "/browse/personal-care/listerine-mouthwash/1005862_1007221_1007360_6779281"
            ],
            [
                "String Floss",
                "/browse/personal-care/string-floss/1005862_1007221_1044031_7062539"
            ],
            [
                "All Mouthwash",
                "/browse/personal-care/all-mouthwash/1005862_1007221_1007360_7390687"
            ]
        ]
    },
    {
        "title": "Original Antiseptic Mouthwash 500 mL (Packs of 3), Clinically shown to reduce more plaque than brushing and flossing alone By Listerine",
        "url": "https://www.walmart.com/ip/Original-Antiseptic-Mouthwash-500-mL-Packs-of-3-Clinically-shown-to-reduce-more-plaque-than-brushing-and-flossing-alone-By-Listerine/442361707",
        "price": "$30.56",
        "stars": 0,
        "ratings": 0,
        "img": "i5.walmartimages.com/asr/d1fb8266-119d-4465-904f-71c78d8a04bc_1.86f2ce3ba7daaa2dd0aec59e84312672.jpeg?odnWidth=612&odnHeight=612&odnBg=ffffff",
        "tags": [
            [
                "Crest Mouthwash",
                "/browse/personal-care/crest-mouthwash/1005862_1007221_1007360_2137973"
            ],
            [
                "All Dental Floss",
                "/browse/personal-care/all-dental-floss/1005862_1007221_1044031_2443344"
            ],
            [
                "All Dry Mouth Mouthwash",
                "/browse/personal-care/all-dry-mouth-mouthwash/1005862_1007221_1007360_8361519_5654027"
            ],
            [
                "Listerine Mouthwash",
                "/browse/personal-care/listerine-mouthwash/1005862_1007221_1007360_6779281"
            ],
            [
                "String Floss",
                "/browse/personal-care/string-floss/1005862_1007221_1044031_7062539"
            ],
            [
                "All Mouthwash",
                "/browse/personal-care/all-mouthwash/1005862_1007221_1007360_7390687"
            ]
        ]
    },
    {
        "title": "Natural Dentist Healthy Gums Daily Oral Rinse, Natural Peppermint Twist Flavor - 16 Oz",
        "url": "https://www.walmart.com/ip/Natural-Dentist-Healthy-Gums-Daily-Oral-Rinse-Natural-Peppermint-Twist-Flavor-16-Oz/168869535",
        "price": "$14.66",
        "stars": 0,
        "ratings": 0,
        "img": "",
        "tags": [
            [
                "Kids Oral Care",
                "/browse/personal-care/kids-oral-care/1005862_1007221_1094604"
            ],
            [
                "Crest",
                "/browse/personal-care/crest/1005862_9157053_2014962"
            ],
            [
                "Crest Mouthwash",
                "/browse/personal-care/crest-mouthwash/1005862_1007221_1007360_2137973"
            ],
            [
                "Listerine",
                "/browse/personal-care/listerine/1005862_9157053_2941559"
            ],
            [
                "ACT Mouthwash",
                "/browse/personal-care/act-mouthwash/1005862_1007221_1007360_6271227"
            ],
            [
                "Listerine Mouthwash",
                "/browse/personal-care/listerine-mouthwash/1005862_1007221_1007360_6779281"
            ],
            [
                "All Mouthwash",
                "/browse/personal-care/all-mouthwash/1005862_1007221_1007360_7390687"
            ]
        ]
    },
    {
        "title": "Hello Oral Care Naturally Healthy Antigingivitis Fluoride Free and SLS Free Mouthwash with Aloe Vera and Coconut Oil, 3 Count",
        "url": "https://www.walmart.com/ip/Hello-Oral-Care-Naturally-Healthy-Antigingivitis-Fluoride-Free-and-SLS-Free-Mouthwash-with-Aloe-Vera-and-Coconut-Oil-3-Count/566139006",
        "price": "$34.70",
        "stars": 0,
        "ratings": 0,
        "img": "",
        "tags": [
            [
                "Kids Oral Care",
                "/browse/personal-care/kids-oral-care/1005862_1007221_1094604"
            ],
            [
                "Crest",
                "/browse/personal-care/crest/1005862_9157053_2014962"
            ],
            [
                "Crest Mouthwash",
                "/browse/personal-care/crest-mouthwash/1005862_1007221_1007360_2137973"
            ],
            [
                "Listerine",
                "/browse/personal-care/listerine/1005862_9157053_2941559"
            ],
            [
                "ACT Mouthwash",
                "/browse/personal-care/act-mouthwash/1005862_1007221_1007360_6271227"
            ],
            [
                "Listerine Mouthwash",
                "/browse/personal-care/listerine-mouthwash/1005862_1007221_1007360_6779281"
            ],
            [
                "All Mouthwash",
                "/browse/personal-care/all-mouthwash/1005862_1007221_1007360_7390687"
            ]
        ]
    },
    {
        "title": "Crest 3D White Diamond Strong Mouthwash, 473 mL",
        "url": "https://www.walmart.com/ip/Crest-3D-White-Diamond-Strong-Mouthwash-473-mL/41737124",
        "price": "$13.59",
        "stars": "4.4",
        "ratings": "166 ",
        "img": "i5.walmartimages.com/asr/9196bf61-7d0d-45a0-8761-8ab61e4556b7_1.e947fad1663d3e86b5072eafcfa92dba.jpeg?odnWidth=612&odnHeight=612&odnBg=ffffff",
        "tags": [
            [
                "Crest Mouthwash",
                "/browse/personal-care/crest-mouthwash/1005862_1007221_1007360_2137973"
            ],
            [
                "Listerine",
                "/browse/personal-care/listerine/1005862_9157053_2941559"
            ],
            [
                "Crest 3D White Toothpaste",
                "/browse/personal-care/crest-3d-white-toothpaste/1005862_1007221_1023020_1489384_4491904"
            ],
            [
                "All Dry Mouth Mouthwash",
                "/browse/personal-care/all-dry-mouth-mouthwash/1005862_1007221_1007360_8361519_5654027"
            ],
            [
                "Listerine Mouthwash",
                "/browse/personal-care/listerine-mouthwash/1005862_1007221_1007360_6779281"
            ],
            [
                "All Mouthwash",
                "/browse/personal-care/all-mouthwash/1005862_1007221_1007360_7390687"
            ],
            [
                "Sensodyne Toothpaste",
                "/browse/personal-care/sensodyne-toothpaste/1005862_1007221_1023020_8812561"
            ]
        ]
    },
    {
        "title": "Crest 3D White Brilliance Multi Care Whitening Mouthwash Clean Mint, 1.2 Oz",
        "url": "https://www.walmart.com/ip/Crest-3D-White-Brilliance-Multi-Care-Whitening-Mouthwash-Clean-Mint-1-2-Oz/556540448",
        "price": "$4.85",
        "stars": "3.0",
        "ratings": "2 ",
        "img": "",
        "tags": [
            [
                "Crest Mouthwash",
                "/browse/personal-care/crest-mouthwash/1005862_1007221_1007360_2137973"
            ],
            [
                "All Crest Toothpaste",
                "/browse/personal-care/all-crest-toothpaste/1005862_1007221_1023020_1489384_2603409"
            ],
            [
                "Listerine",
                "/browse/personal-care/listerine/1005862_9157053_2941559"
            ],
            [
                "All Dry Mouth Mouthwash",
                "/browse/personal-care/all-dry-mouth-mouthwash/1005862_1007221_1007360_8361519_5654027"
            ],
            [
                "Listerine Mouthwash",
                "/browse/personal-care/listerine-mouthwash/1005862_1007221_1007360_6779281"
            ],
            [
                "All Mouthwash",
                "/browse/personal-care/all-mouthwash/1005862_1007221_1007360_7390687"
            ],
            [
                "All Toothpaste",
                "/browse/personal-care/all-toothpaste/1005862_1007221_1023020_8164419"
            ]
        ]
    }
]