[
    {
        "title": "Draizee Heel Shoe Spa Gift Set \u2013 Rose Scented Bath Essentials Gift Basket With Shower Gel, Bubble Bath, Body Butter, Body Lotion And Soft EVA Bath Puff \u2013 Luxurious Home Relaxation Gifts For Women",
        "url": "https://www.walmart.com/ip/Draizee-Heel-Shoe-Spa-Gift-Set-Rose-Scented-Bath-Essentials-Basket-With-Shower-Gel-Bubble-Bath-Body-Butter-Lotion-And-Soft-EVA-Puff-Luxurious-Home-Re/504545293",
        "price": "$21.95",
        "stars": "4.3",
        "ratings": "3 ",
        "img": "i5.walmartimages.com/asr/966c6c36-7fd1-4901-9447-02b5ff9de4a8_1.f500d7bd73fac9ca6b5308ca333d553e.jpeg?odnWidth=612&odnHeight=612&odnBg=ffffff",
        "tags": [
            [
                "Body Scrubs & Exfoliators",
                "/browse/personal-care/body-scrubs-exfoliators/1005862_1071969_1044042"
            ],
            [
                "Bubble Baths & Soaks",
                "/browse/personal-care/bubble-baths-soaks/1005862_1071969_1802619"
            ],
            [
                "All Bath Bombs, Bubbles Bath & Soaks",
                "/browse/personal-care/all-bath-bombs-bubbles-bath-soaks/1005862_1071969_2187415"
            ],
            [
                "New in Body Wash",
                "/browse/personal-care/new-in-body-wash/1005862_1071969_2267059"
            ],
            [
                "Hand Lotions & Creams",
                "/browse/personal-care/hand-lotions-creams/1005862_1071969_2510017"
            ],
            [
                "Dove Body Wash & Scrubs",
                "/browse/personal-care/dove-body-wash-scrubs/1005862_1071969_2771216"
            ],
            [
                "Body Care Sets & Kits",
                "/browse/personal-care/body-care-sets-kits/1005862_1071969_4075449"
            ],
            [
                "Women's Body Wash",
                "/browse/personal-care/womens-body-wash/1005862_1071969_4894005"
            ]
        ]
    },
    {
        "title": "Tom's of Maine Prebiotic Moisturizing Natural Body Wash, Gentle Lavender, 16 oz.",
        "url": "https://www.walmart.com/ip/Tom-s-of-Maine-Prebiotic-Moisturizing-Natural-Body-Wash-Gentle-Lavender-16-oz/460161862",
        "price": "$7.99",
        "stars": "4.9",
        "ratings": "89 ",
        "img": "i5.walmartimages.com/asr/4cb6edcb-ace2-4813-94cf-99660c6df429_1.2111402a4412133f92813bf53f073dbc.jpeg?odnWidth=612&odnHeight=612&odnBg=ffffff",
        "tags": [
            [
                "Clean Living Body Wash",
                "/browse/personal-care/clean-living-body-wash/1005862_1071969_2398684"
            ],
            [
                "New in Clean Living Body Wash",
                "/browse/personal-care/new-in-clean-living-body-wash/1005862_1071969_3481881"
            ],
            [
                "Tom's of Maine Body Wash & Bar Soaps",
                "/browse/personal-care/toms-of-maine-body-wash-bar-soaps/1005862_1071969_4049088"
            ],
            [
                "SheaMoisture Body Care",
                "/browse/personal-care/sheamoisture-body-care/1005862_1071969_4631744"
            ],
            [
                "New in Bar Soaps",
                "/browse/personal-care/new-in-bar-soaps/1005862_1071969_6178834"
            ],
            [
                "Tom's of Maine",
                "/browse/personal-care/toms-of-maine/1005862_9157053_6295630"
            ],
            [
                "Sheamoisture Body Wash",
                "/browse/personal-care/sheamoisture-body-wash/1005862_1071969_6799733"
            ],
            [
                "Gift Ideas for Bar Soaps",
                "/browse/personal-care/gift-ideas-for-bar-soaps/1005862_1071969_8911603"
            ]
        ]
    },
    {
        "title": "(2 Pack) Despicable Me 3-in-1 Body Wash Shampoo & Conditioner Banana Scented, 14.0 FL OZ",
        "url": "https://www.walmart.com/ip/2-Pack-Despicable-Me-3-in-1-Body-Wash-Shampoo-Conditioner-Banana-Scented-14-0-FL-OZ/713428569",
        "price": "$6.08",
        "stars": "4.4",
        "ratings": "23 ",
        "img": "",
        "tags": [
            [
                "Kids Oral Care",
                "/browse/personal-care/kids-oral-care/1005862_1007221_1094604"
            ],
            [
                "Bubble Baths & Soaks",
                "/browse/personal-care/bubble-baths-soaks/1005862_1071969_1802619"
            ],
            [
                "All Bath Bombs, Bubbles Bath & Soaks",
                "/browse/personal-care/all-bath-bombs-bubbles-bath-soaks/1005862_1071969_2187415"
            ],
            [
                "Men's Body Wash",
                "/browse/personal-care/mens-body-wash/1005862_1071969_2531574"
            ],
            [
                "Women's Body Wash",
                "/browse/personal-care/womens-body-wash/1005862_1071969_4894005"
            ],
            [
                "Men's Shampoo and Conditioner",
                "/browse/personal-care/mens-shampoo-conditioner/1005862_1056884_8035912"
            ],
            [
                "2-in-1 Hair and Body Care",
                "/browse/2-in-1-hair-body-care/1005862_8779108"
            ]
        ]
    },
    {
        "title": "The Honest Company Shampoo and Body Wash 17 Fl. oz, 2-pack",
        "url": "https://www.walmart.com/ip/The-Honest-Company-Shampoo-and-Body-Wash-17-Fl-oz-2-pack/619359699",
        "price": "$26.99",
        "stars": "5.0",
        "ratings": "1 ",
        "img": "",
        "tags": [
            [
                "Stock up on Body Wash",
                "/browse/personal-care/stock-up-body-wash/1005862_1071969_1528860"
            ],
            [
                "Dove Personal Care",
                "/browse/personal-care/dove-personal-care/1005862_1071969_1999831"
            ],
            [
                "Men's Bath & Body",
                "/browse/personal-care/mens-bath-body/1005862_1056884_2325953"
            ],
            [
                "Men's Body Wash",
                "/browse/personal-care/mens-body-wash/1005862_1071969_2531574"
            ],
            [
                "Dove Body Wash & Scrubs",
                "/browse/personal-care/dove-body-wash-scrubs/1005862_1071969_2771216"
            ],
            [
                "Women's Body Wash",
                "/browse/personal-care/womens-body-wash/1005862_1071969_4894005"
            ]
        ]
    },
    {
        "title": "Folliculit Solution Medicated Body Wash for body acne, folliculitis, ingrown hairs, scars, butt acne, chest, back, thighs folliculitis - antibacterial & antifungal body wash - 6.0 OZ",
        "url": "https://www.walmart.com/ip/Folliculit-Solution-Medicated-Body-Wash-body-acne-folliculitis-ingrown-hairs-scars-butt-chest-back-thighs-folliculitis-antibacterial-antifungal-wash-/110952845",
        "price": "$34.99",
        "stars": "5.0",
        "ratings": "2 ",
        "img": "i5.walmartimages.com/asr/b600b9f6-c5f5-408e-824a-26b938289e01_1.3d15e048666f9345d9cd1cabaddfee78.jpeg?odnWidth=612&odnHeight=612&odnBg=ffffff",
        "tags": [
            [
                "Neutrogena Body Wash",
                "/browse/personal-care/neutrogena-body-wash/1005862_1071969_1410284"
            ],
            [
                "Stock up on Body Wash",
                "/browse/personal-care/stock-up-body-wash/1005862_1071969_1528860"
            ],
            [
                "Men's Body Lotions",
                "/browse/personal-care/mens-body-lotions/1005862_1056884_1564603"
            ],
            [
                "Clean Living Body Wash",
                "/browse/personal-care/clean-living-body-wash/1005862_1071969_2398684"
            ],
            [
                "Neutrogena Body Care",
                "/browse/personal-care/neutrogena-body-care/1005862_1071969_4769481"
            ],
            [
                "Women's Body Wash",
                "/browse/personal-care/womens-body-wash/1005862_1071969_4894005"
            ],
            [
                "Men's Facial Care",
                "/browse/personal-care/mens-facial-care/1005862_1056884_5173736"
            ]
        ]
    },
    {
        "title": "Philosophy Pure Grace Shampoo, Bath & Shower Gel, 16 Oz",
        "url": "https://www.walmart.com/ip/Philosophy-Pure-Grace-Shampoo-Bath-Shower-Gel-16-Oz/187399639",
        "price": "$19.99",
        "stars": "4.8",
        "ratings": "18 ",
        "img": "i5.walmartimages.com/asr/c6c19a1b-9392-42ed-ae04-2a15c92454a5_1.3a210e4189e84b8f7c95a75687629129.jpeg?odnWidth=612&odnHeight=612&odnBg=ffffff",
        "tags": [
            [
                "Premium Body Treatments",
                "/browse/premium-beauty/premium-body-treatments/7924299_3571844_1843073"
            ],
            [
                "Premium Body Lotions",
                "/browse/premium-beauty/premium-body-lotions/7924299_3571844_2750347"
            ],
            [
                "Premium Body Sprays",
                "/browse/premium-beauty/premium-body-sprays/7924299_9678309_3759918"
            ],
            [
                "Clarins",
                "/browse/premium-beauty/clarins/7924299_9882925_4744799"
            ],
            [
                "Philosophy",
                "/browse/premium-beauty/philosophy/7924299_9882925_6147441"
            ],
            [
                "Premium Self Care & Pampering",
                "/browse/premium-self-care-pampering/7924299_6211132"
            ],
            [
                "Premium Value Sizes & Sets",
                "/browse/premium-beauty/premium-value-sizes-sets/7924299_3571844_8252939"
            ],
            [
                "Premium Beauty Value Sizes & Kits",
                "/browse/premium-beauty-value-sizes-kits/7924299_8303703"
            ]
        ]
    },
    {
        "title": "The Honest Company Shampoo + BW - Lavender Dream",
        "url": "https://www.walmart.com/ip/The-Honest-Company-Shampoo-BW-Lavender-Dream/164062213",
        "price": "$9.95",
        "stars": "4.9",
        "ratings": "7 ",
        "img": "i5.walmartimages.com/asr/45e568d1-3d42-431a-b860-ca3ae9956ec0_1.72b251b1c412e2044e3f8a376162b0ff.jpeg?odnWidth=612&odnHeight=612&odnBg=ffffff",
        "tags": [
            [
                "Stock up on Body Wash",
                "/browse/personal-care/stock-up-body-wash/1005862_1071969_1528860"
            ],
            [
                "Bubble Baths & Soaks",
                "/browse/personal-care/bubble-baths-soaks/1005862_1071969_1802619"
            ],
            [
                "All Bath Bombs, Bubbles Bath & Soaks",
                "/browse/personal-care/all-bath-bombs-bubbles-bath-soaks/1005862_1071969_2187415"
            ],
            [
                "Clean Living Body Wash",
                "/browse/personal-care/clean-living-body-wash/1005862_1071969_2398684"
            ],
            [
                "Aveeno Body Lotions & Creams",
                "/browse/personal-care/aveeno-body-lotions-creams/1005862_1071969_3719297"
            ],
            [
                "Aveeno Body Wash",
                "/browse/personal-care/aveeno-body-wash/1005862_1071969_4176986"
            ],
            [
                "Women's Body Wash",
                "/browse/personal-care/womens-body-wash/1005862_1071969_4894005"
            ],
            [
                "Aveeno Body Care",
                "/browse/personal-care/aveeno-body-care/1005862_1071969_8990857"
            ]
        ]
    },
    {
        "title": "Kirk's Natural Original Coco Castile Bar Soap, Fragrance Free, 4 Oz, 3 Ct",
        "url": "https://www.walmart.com/ip/Kirk-s-Natural-Original-Coco-Castile-Bar-Soap-Fragrance-Free-4-Oz-3-Ct/40185818",
        "price": "$9.25",
        "stars": "4.6",
        "ratings": "46 ",
        "img": "i5.walmartimages.com/asr/ec723528-5167-4cc5-a2ae-00a97db0064b_1.68d0909d3bb08f05b02f18f3d734c036.jpeg?odnWidth=612&odnHeight=612&odnBg=ffffff",
        "tags": [
            [
                "Clean Living Body Wash",
                "/browse/personal-care/clean-living-body-wash/1005862_1071969_2398684"
            ],
            [
                "Tom's of Maine Body Wash & Bar Soaps",
                "/browse/personal-care/toms-of-maine-body-wash-bar-soaps/1005862_1071969_4049088"
            ],
            [
                "Shea Moisture Bar Soap",
                "/browse/personal-care/shea-moisture-bar-soap/1005862_1071969_4250380"
            ],
            [
                "SheaMoisture Body Care",
                "/browse/personal-care/sheamoisture-body-care/1005862_1071969_4631744"
            ],
            [
                "New in Bar Soaps",
                "/browse/personal-care/new-in-bar-soaps/1005862_1071969_6178834"
            ],
            [
                "Tom's of Maine",
                "/browse/personal-care/toms-of-maine/1005862_9157053_6295630"
            ],
            [
                "Gift Ideas for Bar Soaps",
                "/browse/personal-care/gift-ideas-for-bar-soaps/1005862_1071969_8911603"
            ]
        ]
    },
    {
        "title": "Pine Tar Soap by Grandpas - 3.25 Ounce Bar",
        "url": "https://www.walmart.com/ip/Pine-Tar-Soap-by-Grandpas-3-25-Ounce-Bar/24819201",
        "price": "$6.49",
        "stars": "4.4",
        "ratings": "95 ",
        "img": "i5.walmartimages.com/asr/f538faf4-055d-429d-8018-b43829a66d20_1.b218e49aa2941c94f39380e253b08357.jpeg?odnWidth=612&odnHeight=612&odnBg=ffffff",
        "tags": [
            [
                "Body Scrubs & Exfoliators",
                "/browse/personal-care/body-scrubs-exfoliators/1005862_1071969_1044042"
            ],
            [
                "Clean Living Body Wash",
                "/browse/personal-care/clean-living-body-wash/1005862_1071969_2398684"
            ],
            [
                "Tom's of Maine Body Wash & Bar Soaps",
                "/browse/personal-care/toms-of-maine-body-wash-bar-soaps/1005862_1071969_4049088"
            ],
            [
                "Shea Moisture Bar Soap",
                "/browse/personal-care/shea-moisture-bar-soap/1005862_1071969_4250380"
            ],
            [
                "SheaMoisture Body Care",
                "/browse/personal-care/sheamoisture-body-care/1005862_1071969_4631744"
            ],
            [
                "Bar Soap",
                "/browse/personal-care/bar-soap/1005862_1071969_4735846"
            ],
            [
                "New in Bar Soaps",
                "/browse/personal-care/new-in-bar-soaps/1005862_1071969_6178834"
            ],
            [
                "Gift Ideas for Bar Soaps",
                "/browse/personal-care/gift-ideas-for-bar-soaps/1005862_1071969_8911603"
            ]
        ]
    },
    {
        "title": "Cetaphil\u00ae PRO Dry Skin Soothing Wash 10 fl. oz. Bottle",
        "url": "https://www.walmart.com/ip/Cetaphil-PRO-Dry-Skin-Soothing-Wash-10-fl-oz-Bottle/839068877",
        "price": "$17.00",
        "stars": "5.0",
        "ratings": "2 ",
        "img": "i5.walmartimages.com/asr/e66a165f-0daa-406f-bd85-05c47596a0de_1.e2831fa25f1c01cedb9e6c602abe968c.jpeg?odnWidth=612&odnHeight=612&odnBg=ffffff",
        "tags": [
            [
                "Body Lotions & Creams",
                "/browse/personal-care/body-lotions-creams/1005862_1071969_2566660"
            ],
            [
                "Cetaphil Body Lotions & Creams",
                "/browse/personal-care/cetaphil-body-lotions-creams/1005862_1071969_2866136"
            ],
            [
                "Stock up on Lotion & Moisturizers",
                "/browse/personal-care/stock-up-lotion-moisturizers/1005862_1071969_1574874_3229695"
            ],
            [
                "Cetaphil Body Care",
                "/browse/personal-care/cetaphil-body-care/1005862_1071969_3355612"
            ],
            [
                "Men's Facial Care",
                "/browse/personal-care/mens-facial-care/1005862_1056884_5173736"
            ],
            [
                "Fall Skin Care Essentials",
                "/browse/personal-care/fall-skin-care-essentials/1005862_1071969_9619039"
            ]
        ]
    }
]