[
    {
        "title": "Tom's of Maine Natural Strength Deodorant, Fresh Coconut, 2.1oz",
        "url": "https://www.walmart.com/ip/Tom-s-of-Maine-Natural-Strength-Deodorant-Fresh-Coconut-2-1oz/179783176",
        "price": "$6.00",
        "stars": "4.5",
        "ratings": "173 ",
        "img": "i5.walmartimages.com/asr/8d9a484c-e0d0-4f9f-ad7a-3c9591e0447c_1.4482489db939a1e25c40911eb37c9a35.jpeg?odnWidth=612&odnHeight=612&odnBg=ffffff",
        "tags": [
            [
                "All Bath & Body Clean Living",
                "/browse/seasonal/all-bath-body-clean-living/1085632_8154447_5132862_7170281_2079531"
            ],
            [
                "Father's Day Beard Care Gifts",
                "/browse/seasonal/fathers-day-beard-care-gifts/1085632_1094344_7549154_2193321"
            ],
            [
                "Clean Living Body Lotions & Creams",
                "/browse/seasonal/clean-living-body-lotions-creams/1085632_8154447_5132862_7170281_3620909"
            ],
            [
                "Father's Day Body Care",
                "/browse/seasonal/fathers-day-body-care/1085632_1094344_7549154_4370622"
            ],
            [
                "Stock up on Oral Care",
                "/browse/seasonal/stock-up-oral-care/1085632_9267270_7332448_8262175"
            ],
            [
                "Plant Based Products",
                "/browse/plant-based-products/1085632_8856555"
            ],
            [
                "American Jobs 2020",
                "/browse/seasonal/american-jobs-2020/1085632_9129632_9595668"
            ]
        ]
    },
    {
        "title": "2 Pack - Speed Stick by Mennen Deodorant, Regular 3 oz",
        "url": "https://www.walmart.com/ip/2-Pack-Speed-Stick-by-Mennen-Deodorant-Regular-3-oz/966415620",
        "price": "$9.24",
        "stars": "4.8",
        "ratings": "4 ",
        "img": "i5.walmartimages.com/asr/9a94d3c1-67c0-436d-a3e6-a0502081995a_1.63d1bc06ff185a5d13f4f8661f8b9188.jpeg?odnWidth=612&odnHeight=612&odnBg=ffffff",
        "tags": [
            [
                "Deodorants & Antiperspirants",
                "/browse/deodorants-antiperspirants/1005862_1001487"
            ],
            [
                "Men's Body Wash",
                "/browse/personal-care/mens-body-wash/1005862_1071969_2531574"
            ],
            [
                "Stock up on Deodorant & Antiperspirant",
                "/browse/personal-care/stock-up-deodorant-antiperspirant/1005862_1071969_1574874_2782018"
            ],
            [
                "Old Spice Body Wash & Deodorants",
                "/browse/personal-care/old-spice-body-wash-deodorants/1005862_1071969_6362250"
            ],
            [
                "Dove Men + Care",
                "/browse/dove-men-care/1005862_7983046"
            ],
            [
                "Men's Personal Care",
                "/browse/mens-personal-care/1005862_8928973"
            ]
        ]
    },
    {
        "title": "Secret Freshies Invisible Solid Antiperspirant Deodorant Luxe Lavender 0.5 oz",
        "url": "https://www.walmart.com/ip/Secret-Freshies-Invisible-Solid-Antiperspirant-Deodorant-Luxe-Lavender-0-5-oz/426798534",
        "price": "$5.47",
        "stars": "4.5",
        "ratings": "1623 ",
        "img": "i5.walmartimages.com/asr/8323d2ae-f438-4da0-a3ba-66b7507d7831.ed76f65c893e259045f2b9b135b6afaa.jpeg?odnWidth=612&odnHeight=612&odnBg=ffffff",
        "tags": [
            [
                "Untinted Lip Balm",
                "/browse/beauty/untinted-lip-balm/1085666_1007039_6223751_1695203"
            ],
            [
                "Gym Ready Beauty",
                "/browse/gym-ready-beauty/1085666_5448720"
            ],
            [
                "Valentines Day Makeup",
                "/browse/beauty/valentines-day-makeup/1085666_8697458_8080086"
            ],
            [
                "Lip Balm & Conditioner",
                "/browse/beauty/lip-balm-conditioner/1085666_1007039_1001506_8325772"
            ],
            [
                "Allure Best of Beauty Winners 2018",
                "/browse/beauty/allure-best-of-beauty-winners-2018/1085666_3316357_8379858"
            ],
            [
                "Mother's Day Makeup",
                "/browse/beauty/mothers-day-makeup/1085666_4743924_9615757_8730684"
            ],
            [
                "Eos Lip Balm",
                "/browse/beauty/eos-lip-balm/1085666_3316357_7994825_9371071"
            ]
        ]
    },
    {
        "title": "Fresh So Dry Fresh Balls, 3.4 fl oz 2 Pack",
        "url": "https://www.walmart.com/ip/Fresh-So-Dry-Fresh-Balls-3-4-fl-oz-2-Pack/100872522",
        "price": "$19.95",
        "stars": "4.2",
        "ratings": "5 ",
        "img": "",
        "tags": []
    },
    {
        "title": "3 Pack - FDS Feminine Deodorant Spray, Extra Strength 2 oz",
        "url": "https://www.walmart.com/ip/3-Pack-FDS-Feminine-Deodorant-Spray-Extra-Strength-2-oz/483994857",
        "price": "$14.64",
        "stars": "5.0",
        "ratings": "4 ",
        "img": "i5.walmartimages.com/asr/64d32c55-1fce-4f3e-9c42-05c00541abc5_1.710e01379e8dad032f5def03f17aca6a.jpeg?odnWidth=612&odnHeight=612&odnBg=ffffff",
        "tags": [
            [
                "All Feminine Care",
                "/browse/personal-care/all-feminine-care/1005862_1091866_1001493"
            ],
            [
                "Yeast Infection Treatments",
                "/browse/personal-care/yeast-infection-treatments/1005862_1091866_1224835"
            ],
            [
                "Feminine Washes",
                "/browse/personal-care/feminine-washes/1005862_1091866_1224836"
            ],
            [
                "Vaginal Moisturizers",
                "/browse/personal-care/vaginal-moisturizers/1005862_1091866_1479495"
            ],
            [
                "Douches",
                "/browse/personal-care/douches/1005862_1091866_2790161"
            ],
            [
                "Vagisil",
                "/browse/personal-care/vagisil/1005862_1091866_4850224"
            ],
            [
                "Feminine Deodorant Sprays & Powders",
                "/browse/personal-care/feminine-deodorant-sprays-powders/1005862_1091866_8521829"
            ],
            [
                "Summer's Eve",
                "/browse/personal-care/summers-eve/1005862_1091866_9461406"
            ]
        ]
    },
    {
        "title": "3 Pack - Sure Anti-Perspirant & Deodorant Original Solid, Regular Scent 2.70 oz",
        "url": "https://www.walmart.com/ip/3-Pack-Sure-Anti-Perspirant-Deodorant-Original-Solid-Regular-Scent-2-70-oz/151154054",
        "price": "$11.59",
        "stars": "1.0",
        "ratings": "1 ",
        "img": "i5.walmartimages.com/asr/93fdd581-eedf-470e-bf48-533d3b361e0b_1.2c1dc2494088ebaa434c1b7ca9a7d524.jpeg?odnWidth=612&odnHeight=612&odnBg=ffffff",
        "tags": [
            [
                "Dove Deodorant & Antiperspirant",
                "/browse/personal-care/dove-deodorant-antiperspirant/1005862_1071969_1725145"
            ],
            [
                "Dove Personal Care",
                "/browse/personal-care/dove-personal-care/1005862_1071969_1999831"
            ],
            [
                "Men's Bath & Body",
                "/browse/personal-care/mens-bath-body/1005862_1056884_2325953"
            ],
            [
                "Clinical Strength Antiperspirants",
                "/browse/personal-care/clinical-strength-antiperspirants/1005862_1071969_3942179"
            ],
            [
                "Old Spice Body Wash & Deodorants",
                "/browse/personal-care/old-spice-body-wash-deodorants/1005862_1071969_6362250"
            ],
            [
                "Dove Men + Care",
                "/browse/dove-men-care/1005862_7983046"
            ],
            [
                "Men's Personal Care",
                "/browse/mens-personal-care/1005862_8928973"
            ]
        ]
    },
    {
        "title": "6 Pack - Dove Men+Care Antiperspirant Deodorant, Sensitive Shield 2.7 oz",
        "url": "https://www.walmart.com/ip/6-Pack-Dove-Men-Care-Antiperspirant-Deodorant-Sensitive-Shield-2-7-oz/181129853",
        "price": "$21.71",
        "stars": "4.4",
        "ratings": "212 ",
        "img": "i5.walmartimages.com/asr/ecb1ed61-53ce-448a-976f-1da0371eb2f0_1.8713ebef72a114472743be97b1983f9d.jpeg?odnWidth=612&odnHeight=612&odnBg=ffffff",
        "tags": [
            [
                "Deodorants & Antiperspirants",
                "/browse/deodorants-antiperspirants/1005862_1001487"
            ],
            [
                "Dove Personal Care",
                "/browse/personal-care/dove-personal-care/1005862_1071969_1999831"
            ],
            [
                "Men's Bath & Body",
                "/browse/personal-care/mens-bath-body/1005862_1056884_2325953"
            ],
            [
                "Stock up on Deodorant & Antiperspirant",
                "/browse/personal-care/stock-up-deodorant-antiperspirant/1005862_1071969_1574874_2782018"
            ],
            [
                "Clinical Strength Antiperspirants",
                "/browse/personal-care/clinical-strength-antiperspirants/1005862_1071969_3942179"
            ],
            [
                "Dove Men + Care",
                "/browse/dove-men-care/1005862_7983046"
            ],
            [
                "Men's Personal Care",
                "/browse/mens-personal-care/1005862_8928973"
            ]
        ]
    },
    {
        "title": "2 Pack - Suave Clinical Protection Anti-Perspirant Deodorant Powder Fresh 1.70 oz",
        "url": "https://www.walmart.com/ip/2-Pack-Suave-Clinical-Protection-Anti-Perspirant-Deodorant-Powder-Fresh-1-70-oz/317238035",
        "price": "$15.00",
        "stars": "4.7",
        "ratings": "3 ",
        "img": "i5.walmartimages.com/asr/9b817b4d-2692-495d-8c02-0febf1ff8ff4_1.0835544e7e645eeec08c34334d467642.jpeg?odnWidth=612&odnHeight=612&odnBg=ffffff",
        "tags": [
            [
                "Deodorants & Antiperspirants",
                "/browse/deodorants-antiperspirants/1005862_1001487"
            ],
            [
                "Dove Deodorant & Antiperspirant",
                "/browse/personal-care/dove-deodorant-antiperspirant/1005862_1071969_1725145"
            ],
            [
                "Dove Personal Care",
                "/browse/personal-care/dove-personal-care/1005862_1071969_1999831"
            ],
            [
                "Men's Bath & Body",
                "/browse/personal-care/mens-bath-body/1005862_1056884_2325953"
            ],
            [
                "SheaMoisture Body Care",
                "/browse/personal-care/sheamoisture-body-care/1005862_1071969_4631744"
            ],
            [
                "Dove Men + Care",
                "/browse/dove-men-care/1005862_7983046"
            ],
            [
                "Sheamoisture Body Scrub",
                "/browse/personal-care/sheamoisture-body-scrub/1005862_1071969_9969471"
            ]
        ]
    },
    {
        "title": "Summer's Eve Feminine Deodorant Spray, Tropical Rain 2 oz",
        "url": "https://www.walmart.com/ip/Summer-s-Eve-Feminine-Deodorant-Spray-Tropical-Rain-2-oz/846517020",
        "price": "$5.91",
        "stars": "5.0",
        "ratings": "10 ",
        "img": "i5.walmartimages.com/asr/bdb93a97-8032-4557-b6da-e668bfe6dbda_1.2414ec6d38ccb5c565cddc99d59bd4c5.jpeg?odnWidth=612&odnHeight=612&odnBg=ffffff",
        "tags": [
            [
                "All Feminine Care",
                "/browse/personal-care/all-feminine-care/1005862_1091866_1001493"
            ],
            [
                "Feminine Washes",
                "/browse/personal-care/feminine-washes/1005862_1091866_1224836"
            ],
            [
                "Dove Deodorant & Antiperspirant",
                "/browse/personal-care/dove-deodorant-antiperspirant/1005862_1071969_1725145"
            ],
            [
                "Douches",
                "/browse/personal-care/douches/1005862_1091866_2790161"
            ],
            [
                "Vagisil",
                "/browse/personal-care/vagisil/1005862_1091866_4850224"
            ],
            [
                "Feminine Wipes",
                "/browse/personal-care/feminine-wipes/1005862_1091866_6987691"
            ],
            [
                "Feminine Deodorant Sprays & Powders",
                "/browse/personal-care/feminine-deodorant-sprays-powders/1005862_1091866_8521829"
            ],
            [
                "Summer's Eve",
                "/browse/personal-care/summers-eve/1005862_1091866_9461406"
            ]
        ]
    },
    {
        "title": "4 Pack - ARM & HAMMER ULTRAMAX Anti-Perspirant Deodorant Invisible Solid Unscented 2.60 oz",
        "url": "https://www.walmart.com/ip/4-Pack-ARM-HAMMER-ULTRAMAX-Anti-Perspirant-Deodorant-Invisible-Solid-Unscented-2-60-oz/765935327",
        "price": "$15.35",
        "stars": "4.4",
        "ratings": "33 ",
        "img": "i5.walmartimages.com/asr/399c6183-4323-472b-a904-75afef722c67_1.632089f6291a057350d02f180701b62f.jpeg?odnWidth=612&odnHeight=612&odnBg=ffffff",
        "tags": [
            [
                "Dove Deodorant & Antiperspirant",
                "/browse/personal-care/dove-deodorant-antiperspirant/1005862_1071969_1725145"
            ],
            [
                "Dove Personal Care",
                "/browse/personal-care/dove-personal-care/1005862_1071969_1999831"
            ],
            [
                "Men's Bath & Body",
                "/browse/personal-care/mens-bath-body/1005862_1056884_2325953"
            ],
            [
                "Clinical Strength Antiperspirants",
                "/browse/personal-care/clinical-strength-antiperspirants/1005862_1071969_3942179"
            ],
            [
                "Old Spice Body Wash & Deodorants",
                "/browse/personal-care/old-spice-body-wash-deodorants/1005862_1071969_6362250"
            ],
            [
                "Dove Men + Care",
                "/browse/dove-men-care/1005862_7983046"
            ],
            [
                "Men's Personal Care",
                "/browse/mens-personal-care/1005862_8928973"
            ]
        ]
    }
]