[
    {
        "title": "Tom's of Maine Whole Care with Fluoride Natural Toothpaste, Wintermint 4.7 oz (Pack of 2)",
        "url": "https://www.walmart.com/ip/Tom-s-of-Maine-Whole-Care-with-Fluoride-Natural-Toothpaste-Wintermint-4-7-oz-Pack-of-2/44722397",
        "price": "$15.77",
        "stars": "3.0",
        "ratings": "4 ",
        "img": "i5.walmartimages.com/asr/926e5b47-abbb-4713-a2d5-8da5d68a7cb7_1.fa6250c6d69b916d228a2424423c94a8.jpeg?odnWidth=612&odnHeight=612&odnBg=ffffff",
        "tags": [
            [
                "Kids Oral Care",
                "/browse/personal-care/kids-oral-care/1005862_1007221_1094604"
            ],
            [
                "Tom's of Maine Body Care",
                "/browse/personal-care/toms-of-maine-body-care/1005862_1071969_3789086"
            ],
            [
                "Tom's of Maine",
                "/browse/personal-care/toms-of-maine/1005862_9157053_6295630"
            ],
            [
                "Charcoal Teeth Whitening",
                "/browse/personal-care/charcoal-teeth-whitening/1005862_1007221_1044034_7958074"
            ],
            [
                "All Toothpaste",
                "/browse/personal-care/all-toothpaste/1005862_1007221_1023020_8164419"
            ],
            [
                "Whitening Toothpaste",
                "/browse/personal-care/whitening-toothpaste/1005862_1007221_1023020_8212171"
            ],
            [
                "Hello Toothpaste",
                "/browse/personal-care/hello-toothpaste/1005862_1007221_1023020_8374475"
            ]
        ]
    },
    {
        "title": "Teeth Whitening Toothpaste Intensive Stain Removal Fight Bleeding Gums Blueberry",
        "url": "https://www.walmart.com/ip/Teeth-Whitening-Toothpaste-Intensive-Stain-Removal-Fight-Bleeding-Gums-Blueberry/518957492",
        "price": "$14.49",
        "stars": 0,
        "ratings": 0,
        "img": "i5.walmartimages.com/asr/b39854ee-4594-466d-8301-21ad6e044f44.f88c44ca180149f0cb772c17b1cfec82.png?odnWidth=612&odnHeight=612&odnBg=ffffff",
        "tags": [
            [
                "Kids Oral Care",
                "/browse/personal-care/kids-oral-care/1005862_1007221_1094604"
            ],
            [
                "Crest",
                "/browse/personal-care/crest/1005862_9157053_2014962"
            ],
            [
                "All Crest Toothpaste",
                "/browse/personal-care/all-crest-toothpaste/1005862_1007221_1023020_1489384_2603409"
            ],
            [
                "Colgate",
                "/browse/personal-care/colgate/1005862_9157053_4009720"
            ],
            [
                "All Colgate Toothpaste",
                "/browse/personal-care/all-colgate-toothpaste/1005862_1007221_1023020_9769261_5746090"
            ],
            [
                "Whitening Toothpaste",
                "/browse/personal-care/whitening-toothpaste/1005862_1007221_1023020_8212171"
            ],
            [
                "Sensodyne Toothpaste",
                "/browse/personal-care/sensodyne-toothpaste/1005862_1007221_1023020_8812561"
            ]
        ]
    },
    {
        "title": "Weleda Natural Dental Care Salt Toothpaste, 2.5 Oz",
        "url": "https://www.walmart.com/ip/Weleda-Natural-Dental-Care-Salt-Toothpaste-2-5-Oz/607449204",
        "price": "$9.79",
        "stars": 0,
        "ratings": 0,
        "img": "i5.walmartimages.com/asr/e67222a0-7a2b-419c-9624-d9f7813d3f73_1.4b4972016ccfafd24ab29e2d69b86ea6.jpeg?odnWidth=612&odnHeight=612&odnBg=ffffff",
        "tags": [
            [
                "Premium Beauty Tools & Tech",
                "/browse/premium-beauty/premium-beauty-tools-tech/7924299_4364956_5557775"
            ],
            [
                "Premium Anti-Aging Tools & Devices",
                "/browse/premium-beauty/premium-anti-aging-tools-devices/7924299_6526850_5647620"
            ],
            [
                "Premium Face Cleansers",
                "/browse/premium-beauty/premium-face-cleansers/7924299_6754293_5970375"
            ],
            [
                "Premium Self Care & Pampering",
                "/browse/premium-self-care-pampering/7924299_6211132"
            ],
            [
                "Foreo",
                "/browse/premium-beauty/foreo/7924299_9882925_7693728"
            ],
            [
                "Premium Cleansing Tools & Devices",
                "/browse/premium-beauty/premium-cleansing-tools-devices/7924299_6526850_8520022"
            ]
        ]
    },
    {
        "title": "The Natural Dentist All In One Toothpaste, Peppermint Twist, 5 Ounce Tube, Toothpaste for Daily Use, Reduces Plaque, Whitens Teeth, Helps Prevent Gingivitis and Cavities, No SLS",
        "url": "https://www.walmart.com/ip/The-Natural-Dentist-All-In-One-Toothpaste-Peppermint-Twist-5-Ounce-Tube-Toothpaste-Daily-Use-Reduces-Plaque-Whitens-Teeth-Helps-Prevent-Gingivitis-Ca/960335099",
        "price": "$10.13",
        "stars": 0,
        "ratings": 0,
        "img": "i5.walmartimages.com/asr/810abf7d-1904-4a99-99b4-651202c51625_1.e1e52c2175cd88ae55bdc074d4c347df.jpeg?odnWidth=612&odnHeight=612&odnBg=ffffff",
        "tags": [
            [
                "Crest",
                "/browse/personal-care/crest/1005862_9157053_2014962"
            ],
            [
                "All Crest Toothpaste",
                "/browse/personal-care/all-crest-toothpaste/1005862_1007221_1023020_1489384_2603409"
            ],
            [
                "Colgate",
                "/browse/personal-care/colgate/1005862_9157053_4009720"
            ],
            [
                "All Dry Mouth Mouthwash",
                "/browse/personal-care/all-dry-mouth-mouthwash/1005862_1007221_1007360_8361519_5654027"
            ],
            [
                "All Colgate Toothpaste",
                "/browse/personal-care/all-colgate-toothpaste/1005862_1007221_1023020_9769261_5746090"
            ],
            [
                "All Mouthwash",
                "/browse/personal-care/all-mouthwash/1005862_1007221_1007360_7390687"
            ],
            [
                "Sensodyne Toothpaste",
                "/browse/personal-care/sensodyne-toothpaste/1005862_1007221_1023020_8812561"
            ]
        ]
    },
    {
        "title": "Tom's of Maine Whole Care Fluoride Gel, Spearmint, 4.7 Ounce, 2 Count",
        "url": "https://www.walmart.com/ip/Tom-s-of-Maine-Whole-Care-Fluoride-Gel-Spearmint-4-7-Ounce-2-Count/985429525",
        "price": "$17.83",
        "stars": "4.8",
        "ratings": "8 ",
        "img": "i5.walmartimages.com/asr/d436cc81-f0b1-463b-8e2d-6d6bb19817d0_1.dd908a2b8a70db8831533ae1f37048e7.jpeg?odnWidth=612&odnHeight=612&odnBg=ffffff",
        "tags": [
            [
                "Kids Oral Care",
                "/browse/personal-care/kids-oral-care/1005862_1007221_1094604"
            ],
            [
                "Tom's of Maine Body Care",
                "/browse/personal-care/toms-of-maine-body-care/1005862_1071969_3789086"
            ],
            [
                "Tom's of Maine",
                "/browse/personal-care/toms-of-maine/1005862_9157053_6295630"
            ],
            [
                "Charcoal Teeth Whitening",
                "/browse/personal-care/charcoal-teeth-whitening/1005862_1007221_1044034_7958074"
            ],
            [
                "All Toothpaste",
                "/browse/personal-care/all-toothpaste/1005862_1007221_1023020_8164419"
            ],
            [
                "Whitening Toothpaste",
                "/browse/personal-care/whitening-toothpaste/1005862_1007221_1023020_8212171"
            ],
            [
                "Hello Toothpaste",
                "/browse/personal-care/hello-toothpaste/1005862_1007221_1023020_8374475"
            ]
        ]
    },
    {
        "title": "3 Pack Sensodyne Pronamel Intensive Enamel Repair Toothpaste, Clean Mint, 3.4 Oz",
        "url": "https://www.walmart.com/ip/3-Pack-Sensodyne-Pronamel-Intensive-Enamel-Repair-Toothpaste-Clean-Mint-3-4-Oz/427694339",
        "price": "$25.18",
        "stars": 0,
        "ratings": 0,
        "img": "i5.walmartimages.com/asr/f3a96ec7-10a8-405e-8491-287ed0b29c97_1.87027b7b7314abe921094c47619e12cb.jpeg?odnWidth=612&odnHeight=612&odnBg=ffffff",
        "tags": [
            [
                "Kids Oral Care",
                "/browse/personal-care/kids-oral-care/1005862_1007221_1094604"
            ],
            [
                "Crest",
                "/browse/personal-care/crest/1005862_9157053_2014962"
            ],
            [
                "All Crest Toothpaste",
                "/browse/personal-care/all-crest-toothpaste/1005862_1007221_1023020_1489384_2603409"
            ],
            [
                "Colgate",
                "/browse/personal-care/colgate/1005862_9157053_4009720"
            ],
            [
                "All Colgate Toothpaste",
                "/browse/personal-care/all-colgate-toothpaste/1005862_1007221_1023020_9769261_5746090"
            ],
            [
                "Whitening Toothpaste",
                "/browse/personal-care/whitening-toothpaste/1005862_1007221_1023020_8212171"
            ],
            [
                "Sensodyne Toothpaste",
                "/browse/personal-care/sensodyne-toothpaste/1005862_1007221_1023020_8812561"
            ]
        ]
    },
    {
        "title": "Oraje PAW Patrol Fluoride Free Toothpaste - 1.5 Oz(Pack of 2)",
        "url": "https://www.walmart.com/ip/Oraje-PAW-Patrol-Fluoride-Free-Toothpaste-1-5-Oz-Pack-of-2/369188279",
        "price": "$10.64",
        "stars": 0,
        "ratings": 0,
        "img": "",
        "tags": [
            [
                "Paw Patrol Outdoor",
                "/browse/character-shop/paw-patrol-outdoor/5939293_3009748_6545692_1697723_1253416"
            ],
            [
                "Paw Patrol Bedding",
                "/browse/character-shop/paw-patrol-bedding/5939293_3009748_6545692_1697723_9345546_1719947"
            ],
            [
                "Skye",
                "/browse/character-shop/skye/5939293_3009748_6545692_1697723_8940514_2161559"
            ],
            [
                "Paw Patrol Ultimate Rescue",
                "/browse/character-shop/paw-patrol-ultimate-rescue/5939293_3009748_6545692_1697723_9819721_6002650"
            ],
            [
                "Paw Patrol Furniture",
                "/browse/character-shop/paw-patrol-furniture/5939293_3009748_6545692_1697723_9345546_6166127"
            ],
            [
                "Marshall",
                "/browse/character-shop/marshall/5939293_3009748_6545692_1697723_8940514_7043493"
            ],
            [
                "Chase",
                "/browse/character-shop/chase/5939293_3009748_6545692_1697723_8940514_7309980"
            ],
            [
                "Paw Patrol Mighty Pups",
                "/browse/character-shop/paw-patrol-mighty-pups/5939293_3009748_6545692_1697723_9382384"
            ]
        ]
    },
    {
        "title": "Colgate Baking Soda and Peroxide Whitening Toothpaste - 4 oz",
        "url": "https://www.walmart.com/ip/Colgate-Baking-Soda-and-Peroxide-Whitening-Toothpaste-4-oz/109368968",
        "price": "$5.26",
        "stars": "5.0",
        "ratings": "1 ",
        "img": "i5.walmartimages.com/asr/2e7be7d5-e4aa-4b20-9177-c5ea04e93448_1.474deb2c9b3c9c25ce75d2603a959040.jpeg?odnWidth=612&odnHeight=612&odnBg=ffffff",
        "tags": [
            [
                "Kids Oral Care",
                "/browse/personal-care/kids-oral-care/1005862_1007221_1094604"
            ],
            [
                "Crest",
                "/browse/personal-care/crest/1005862_9157053_2014962"
            ],
            [
                "All Crest Toothpaste",
                "/browse/personal-care/all-crest-toothpaste/1005862_1007221_1023020_1489384_2603409"
            ],
            [
                "Colgate Total Toothpaste",
                "/browse/personal-care/colgate-total-toothpaste/1005862_1007221_1023020_9769261_4509640"
            ],
            [
                "All Colgate Toothpaste",
                "/browse/personal-care/all-colgate-toothpaste/1005862_1007221_1023020_9769261_5746090"
            ],
            [
                "Colgate Optic White Toothpaste",
                "/browse/personal-care/colgate-optic-white-toothpaste/1005862_1007221_1023020_9769261_7536203"
            ],
            [
                "All Toothpaste",
                "/browse/personal-care/all-toothpaste/1005862_1007221_1023020_8164419"
            ],
            [
                "Whitening Toothpaste",
                "/browse/personal-care/whitening-toothpaste/1005862_1007221_1023020_8212171"
            ]
        ]
    },
    {
        "title": "Close Up Cinnamon Red Gel Anticavity Fluoride Toothpaste - 6 Oz, 2 Pack",
        "url": "https://www.walmart.com/ip/Close-Up-Cinnamon-Red-Gel-Anticavity-Fluoride-Toothpaste-6-Oz-2-Pack/51443468",
        "price": "$9.26",
        "stars": 0,
        "ratings": 0,
        "img": "",
        "tags": [
            [
                "Kids Oral Care",
                "/browse/personal-care/kids-oral-care/1005862_1007221_1094604"
            ],
            [
                "Crest",
                "/browse/personal-care/crest/1005862_9157053_2014962"
            ],
            [
                "All Crest Toothpaste",
                "/browse/personal-care/all-crest-toothpaste/1005862_1007221_1023020_1489384_2603409"
            ],
            [
                "Colgate",
                "/browse/personal-care/colgate/1005862_9157053_4009720"
            ],
            [
                "All Colgate Toothpaste",
                "/browse/personal-care/all-colgate-toothpaste/1005862_1007221_1023020_9769261_5746090"
            ],
            [
                "Whitening Toothpaste",
                "/browse/personal-care/whitening-toothpaste/1005862_1007221_1023020_8212171"
            ],
            [
                "Sensodyne Toothpaste",
                "/browse/personal-care/sensodyne-toothpaste/1005862_1007221_1023020_8812561"
            ]
        ]
    },
    {
        "title": "2 Pack - Colgate Cavity Protection Toothpaste Great Regular Flavor 1 oz",
        "url": "https://www.walmart.com/ip/2-Pack-Colgate-Cavity-Protection-Toothpaste-Great-Regular-Flavor-1-oz/944322658",
        "price": "$5.95",
        "stars": 0,
        "ratings": 0,
        "img": "i5.walmartimages.com/asr/514e17f9-c274-48f1-a94b-6c9660b814d7_1.0bb1131175c5dd1bd410f95dc4432444.jpeg?odnWidth=612&odnHeight=612&odnBg=ffffff",
        "tags": [
            [
                "Kids Oral Care",
                "/browse/personal-care/kids-oral-care/1005862_1007221_1094604"
            ],
            [
                "Crest",
                "/browse/personal-care/crest/1005862_9157053_2014962"
            ],
            [
                "All Crest Toothpaste",
                "/browse/personal-care/all-crest-toothpaste/1005862_1007221_1023020_1489384_2603409"
            ],
            [
                "Colgate Total Toothpaste",
                "/browse/personal-care/colgate-total-toothpaste/1005862_1007221_1023020_9769261_4509640"
            ],
            [
                "Sensitive Toothpaste",
                "/browse/personal-care/sensitive-toothpaste/1005862_1007221_1023020_5301211"
            ],
            [
                "Colgate Sensitive Toothpaste",
                "/browse/personal-care/colgate-sensitive-toothpaste/1005862_1007221_1023020_9769261_5397333"
            ],
            [
                "All Colgate Toothpaste",
                "/browse/personal-care/all-colgate-toothpaste/1005862_1007221_1023020_9769261_5746090"
            ],
            [
                "All Toothpaste",
                "/browse/personal-care/all-toothpaste/1005862_1007221_1023020_8164419"
            ]
        ]
    }
]