[{"title": "Various Artists - 100 Hits: 90s Originals / Various - CD", "tags": "Rock Music: Vinyl Records All Country Music R&B / Soul Christian on CD or Sacred Religious Pop 90s", "relevancy_score": 0.0, "price": "$7.90"}, {"title": "Mariah Carey - Mariah Carey (Walmart Exclusive) - Vinyl", "tags": "", "relevancy_score": 36.258947368421055, "price": "$21.97"}, {"title": "Various Artists - NOW That's What I Call Country Classics 90s - CD", "tags": "Blake Shelton Music on CD or Vinyl All Records Country Music: Contemporary Traditional Pop Rock 90s Preorders & New Releases", "relevancy_score": 10.076875, "price": "$16.57"}, {"title": "Nirvana - Nirvana - Vinyl", "tags": "All Rock Music General Vinyl Records Classic on CD or Pop Music: Nirvana", "relevancy_score": 31.032702702702707, "price": "$16.19"}, {"title": "Whitney Houston - I Will Always Love You: The Best Of Whitney Houston - CD", "tags": "Whitney Houston Music on CD or Vinyl All R&B / Soul Opera & Vocal Contemporary Music: CDs Mariah Carey Toni Braxton", "relevancy_score": 82.04489361702127, "price": "$9.49"}, {"title": "Beastie Boys - Licensed To Ill (30th Anniversary Edition) - Vinyl", "tags": "All Rock Music Beastie Boys Music: Vinyl Records Rap & Hiphop: CDs General Hip-Hop:", "relevancy_score": 15.111818181818181, "price": "$17.35"}, {"title": "Nirvana - Nevermind - CD", "tags": "All Rock Music Music: Vinyl Records Green Day General Heavy Metal on CD or Punk Pop", "relevancy_score": 5.039677419354839, "price": "$13.86"}, {"title": "ILLMATIC (Vinyl)", "tags": "Kanye West Music on CD or Vinyl Nas All Rap & Hiphop: CDs Records General R&B and Soul: Hip-Hop:", "relevancy_score": 7.076875, "price": "$21.12"}, {"title": "Backstreet Boys (CD)", "tags": "Britney Spears Music on CD or Vinyl Opera & Vocal Dance Pop Rock NSYNC All / DJ New Kids On The Block", "relevancy_score": 1.0396774193548388, "price": "$7.41"}, {"title": "Nirvana - Nevermind - Vinyl", "tags": "All Rock Music General Vinyl Records Classic on CD or Pop Music: Nirvana", "relevancy_score": 16.14470588235294, "price": "$17.44"}, {"title": "Red Hot Chili Peppers - Greatest Hits - CD", "tags": "All Rock Music Red Hot Chili Peppers Led Zeppelin on CD or Vinyl Music: Records Heavy Metal Pop", "relevancy_score": 25.175714285714285, "price": "$11.97"}, {"title": "Backstreet Boys - DNA - CD", "tags": "Rock Music: Vinyl Records Imagine Dragons Music on CD or Opera & Vocal Pop NSYNC Backstreet Boys All New Kids On The Block", "relevancy_score": 45.283846153846156, "price": "$8.99"}, {"title": "Celine Dion - Courage - CD", "tags": "Music Videos Christmas All Soundtracks World & Reggae Pop Rock on CD or Vinyl Celine Dion Live Concerts", "relevancy_score": 0.0, "price": "$13.75"}, {"title": "Nirvana - Incesticide [20th Anniversary 45rpm Edition] - Vinyl", "tags": "All Rock Music Music: Vinyl Records General Punk on CD or Pop Nirvana", "relevancy_score": 5.039677419354839, "price": "$47.49"}, {"title": "2Pac Greatest Hits (Explicit) (CD)", "tags": "All Rap & Hiphop: CDs Vinyl Records 2pac 50 Cent Music on CD or R&B / Soul Mainstream Hip-Hop: The Notorious BIG and Soul: Snoop Dogg", "relevancy_score": 28.405, "price": "$14.86"}, {"title": "Beastie Boys - Licensed To Illl (Walmart Exclusive) - Vinyl", "tags": "", "relevancy_score": 0.0, "price": "$24.97"}, {"title": "Mariah Carey - Merry Christmas - CD", "tags": "Whitney Houston Music on CD or Vinyl Opera & Vocal Funk Music: CDs Records Pop Rock Mariah Carey Celine Dion", "relevancy_score": 75.41, "price": "$9.98"}, {"title": "New Kids on the Block - Hangin' Tough (30th Anniversary Edition) - Vinyl", "tags": "Madonna Rock Music: Vinyl Records Dance Pop Music on CD or All / DJ New Kids On The Block", "relevancy_score": 5.039677419354839, "price": "$32.98"}, {"title": "Red Hot Chili Peppers - Californication - Vinyl Picture Disc(explicit)", "tags": "Only at Walmart All Rock Music Red Hot Chili Peppers General Vinyl Records Classic on CD or Pop Music:", "relevancy_score": 5.039677419354839, "price": "$30.61"}, {"title": "2Pac - Greatest Hits (clean) - CD", "tags": "General Vinyl Records 2pac All R&B / Soul Music Funk Music: CDs & The Notorious BIG and Soul: Rap Hip-Hop: Ice Cube on CD or", "relevancy_score": 25.175714285714285, "price": "$13.39"}, {"title": "Janet Jackson - The Velvet Rope - Vinyl", "tags": "Madonna Janet Jackson Electronica Mariah Carey Pop Music: Vinyl Records Music on CD or R&B and Soul:", "relevancy_score": 5.039677419354839, "price": "$22.07"}, {"title": "Pearl Jam - Essential Pearl Jam - CD", "tags": "All Rock Music Music: Vinyl Records General Classic on CD or Pop Nirvana", "relevancy_score": 10.076875, "price": "$15.17"}, {"title": "Madonna - Ray Of Light - Vinyl", "tags": "Madonna Janet Jackson Electronica Mariah Carey Pop Music: Vinyl Records Music on CD or R&B and Soul:", "relevancy_score": 0.0, "price": "$43.71"}, {"title": "Backstreet Boys - Greatest Hits: Chapter One - CD", "tags": "Rock Music: Vinyl Records General All Opera & Vocal Music on CD or NSYNC Backstreet Boys Pop New Kids On The Block", "relevancy_score": 0.0, "price": "$11.23"}, {"title": "TLC - Ooooooohhh On The Tlc Tip - Vinyl", "tags": "All Rock Music Music: Vinyl Records R&B / Soul TLC Pop and Soul:", "relevancy_score": 0.0, "price": "$17.39"}, {"title": "Kid Rock - Cocky - CD", "tags": "Christmas Music Rock Music: Vinyl Records General All Blues on CD or Classic Pop", "relevancy_score": 5.039677419354839, "price": "$18.35"}, {"title": "Celine Dion - Falling Into You - Vinyl", "tags": "Music Videos All World & Reggae Pop Rock on CD or Vinyl Celine Dion Music: Records Frank Sinatra Live Concerts", "relevancy_score": 5.039677419354839, "price": "$22.99"}, {"title": "No Doubt - Rock Steady - Vinyl", "tags": "All Vinyl Records World & Reggae Music Funk Music: CDs Taylor Swift on CD or Pop R&B and Soul: No Doubt", "relevancy_score": 5.039677419354839, "price": "$24.67"}, {"title": "Pearl Jam - Backspacer - Vinyl", "tags": "All Rock Music Music: Vinyl Records General Heavy Metal on CD or Pearl Jam Queen", "relevancy_score": 0.0, "price": "$17.70"}, {"title": "Nirvana - Live And Loud - Vinyl", "tags": "All Rock Music General Vinyl Records Punk on CD or Pop Music: Nirvana", "relevancy_score": 0.0, "price": "$23.49"}, {"title": "Celebration (CD)", "tags": "Madonna Rock Music: Vinyl Records All Electronica Pop Music on CD or", "relevancy_score": 23.175714285714285, "price": "$23.84"}, {"title": "First Kiss (CD) (explicit)", "tags": "All Rock Music Christmas Music: Vinyl Records General Heavy Metal on CD or Queen", "relevancy_score": 21.175714285714285, "price": "$22.03"}, {"title": "Backstreet Boys - Triple Feature - CD", "tags": "Britney Spears Music on CD or Vinyl Opera & Vocal Dance Pop Taylor Swift NSYNC Backstreet Boys Music: Records All", "relevancy_score": 0.0, "price": "$13.00"}, {"title": "Black and Blue (CD)", "tags": "Britney Spears Music on CD or Vinyl Opera & Vocal Dance Pop Drum Bass Rock NSYNC All New Kids On The Block", "relevancy_score": 0.0, "price": "$6.76"}, {"title": "Backstreet Boys - This Is Us - CD", "tags": "Rock Music: Vinyl Records General All Opera & Vocal Music on CD or Pop NSYNC Backstreet Boys", "relevancy_score": 10.076875, "price": "$6.76"}, {"title": "Green Day - Insomniac - Vinyl", "tags": "All Rock Music Music: Vinyl Records General Classic on CD or Pop", "relevancy_score": 0.0, "price": "$21.81"}, {"title": "Emancipation of Mimi (CD)", "tags": "General Vinyl Records All Opera & Vocal Music on CD or Contemporary R&B / Soul Music: CDs Mariah Carey and Soul:", "relevancy_score": 10.076875, "price": "$16.10"}, {"title": "Madonna - Something To Remember - Vinyl", "tags": "Janet Jackson Dance Pop Electronica Music on CD or Vinyl Rock Music: Records R&B and Soul: All / DJ", "relevancy_score": 0.0, "price": "$25.57"}, {"title": "Mariah Carey - G.H. - CD", "tags": "All World & Reggae Music Opera Vocal on CD or Vinyl Contemporary R&B / Soul Music: CDs Karaoke David Bowie Mariah Carey Pop", "relevancy_score": 0.0, "price": "$16.82"}, {"title": "Ready to Die (CD) (explicit)", "tags": "Nas All Rap & Hiphop: CDs Vinyl Records 2pac 50 Cent Music on CD or Old School Hip-Hop: Karaoke Pop The Notorious BIG", "relevancy_score": 0.0, "price": "$10.12"}, {"title": "The Video Hits: Chapter One (DVD)", "tags": "Rock Music: Vinyl Records Britney Spears Music on CD or Opera & Vocal Dance Pop NSYNC All New Kids On The Block", "relevancy_score": 0.0, "price": "$9.99"}, {"title": "Pearl Jam - Vitalogy - CD", "tags": "Rock Music: Vinyl Records General All Classic Music on CD or Pop Pearl Jam", "relevancy_score": 0.0, "price": "$9.49"}, {"title": "Mariah Carey - Butterfly - CD", "tags": "Christmas Music All Country Opera & Vocal on CD or Vinyl Pop Rock Taylor Swift Mariah Carey Celine Dion", "relevancy_score": 5.039677419354839, "price": "$8.07"}, {"title": "Very Best of (CD)", "tags": "Rock Music: Vinyl Records General All Pop Music on CD or Backstreet Boys", "relevancy_score": 0.0, "price": "$11.99"}, {"title": "Bleach [Deluxe] [Expanded Version] (CD)", "tags": "All Rock Music Music: Vinyl Records General Punk on CD or Pop Nirvana", "relevancy_score": 0.0, "price": "$14.70"}, {"title": "Backstreet Boys - Backstreet's Back - CD", "tags": "All Rock Music Music: Vinyl Records General Taylor Swift on CD or Backstreet Boys Pop", "relevancy_score": 0.0, "price": "$16.01"}, {"title": "Unbreakable (CD)", "tags": "Rock Music: Vinyl Records General All Pop Music on CD or Backstreet Boys", "relevancy_score": 35.2327027027027, "price": "$13.44"}, {"title": "Tragic Kingdom (CD)", "tags": "Rock Music: Vinyl Records General All World & Reggae Music Funk CDs Pop R&B and Soul: No Doubt", "relevancy_score": 5.039677419354839, "price": "$15.50"}, {"title": "Never Gone (CD)", "tags": "Rock Music: Vinyl Records Britney Spears Music on CD or Opera & Vocal Dance Pop NSYNC All New Kids On The Block", "relevancy_score": 5.039677419354839, "price": "$7.41"}, {"title": "Playlist: Very Best of", "tags": "Whitney Houston Music on CD or Vinyl Janet Jackson Contemporary R&B / Soul Music: CDs & Pop Rock Mariah Carey Celine Dion", "relevancy_score": 5.039677419354839, "price": "$7.38"}, {"title": "Best of (CD)", "tags": "Only at Walmart George Strait Music on CD or Vinyl All Records Country Music: Contemporary Honky Tonk Traditional Kenny Rogers", "relevancy_score": 0.0, "price": "$16.11"}, {"title": "E=Mc2 (CD)", "tags": "Madonna Janet Jackson Opera & Vocal Music on CD or Vinyl Electronica Pop Music: Records Mariah Carey R&B and Soul:", "relevancy_score": 0.0, "price": "$19.33"}, {"title": "Celebration (CD)", "tags": "Janet Jackson Electronica Adult Contemporary Music on CD or Vinyl Pop Rock Music: Records All R&B and Soul:", "relevancy_score": 10.076875, "price": "$26.49"}, {"title": "2Pacalypse Now (Cassette)", "tags": "All Soundtracks Rap & Hiphop: CDs Vinyl Records Eminem Music on CD or Children's Film Pop 90s Nirvana", "relevancy_score": 0.0, "price": "$13.02"}, {"title": "LET'S TALK ABOUT LOVE [CELINE DION] [CD] [1 DISC] [074646886120]", "tags": "Music Videos All World & Reggae Opera Vocal on CD or Vinyl Taylor Swift Celine Dion Pop Music: Records Live Concerts", "relevancy_score": 25.175714285714285, "price": "$9.78"}, {"title": "Celebrity", "tags": "Christmas Music Britney Spears on CD or Vinyl Opera & Vocal Dance Pop Rock Boyz II Men Backstreet Boys New Kids On The Block", "relevancy_score": 0.0, "price": "$13.52"}, {"title": "DNA (Japanese Bonus Track Edition) (CD)", "tags": "Rock Music: Vinyl Records General All Classic Music on CD or Backstreet Boys Pop", "relevancy_score": 0.0, "price": "$27.20"}, {"title": "The Best Of 2Pac - Pt. 2: Life (CD) (explicit)", "tags": "Beastie Boys All Rap & Hiphop: CDs Vinyl Records General Eminem Music on CD or 2pac Hip-Hop:", "relevancy_score": 0.0, "price": "$16.01"}, {"title": "Celine Dion - Colour of My Love - CD", "tags": "General Vinyl Records All World & Reggae Music Shawn Mendes on CD or Pop Rock Celine Dion Frank Sinatra", "relevancy_score": 0.0, "price": "$7.41"}, {"title": "Ready to Die (CD) (Includes DVD) (Remaster) (explicit)", "tags": "Music Videos General Vinyl Records All 2pac Old School Rap & Hip-Hop: CDs The Notorious BIG", "relevancy_score": 0.0, "price": "$20.24"}, {"title": "Mariah Carey (CD)", "tags": "Madonna Janet Jackson Opera & Vocal Music on CD or Vinyl Electronica Pop Music: Records Mariah Carey R&B and Soul:", "relevancy_score": 0.0, "price": "$9.19"}, {"title": "God's Son", "tags": "All Rap & Hiphop: CDs Vinyl Records General R&B / Soul Music Mainstream Hip-Hop: and Soul:", "relevancy_score": 0.0, "price": "$11.23"}, {"title": "20 (CD)", "tags": "General Vinyl Records All R&B / Soul Music Mainstream Rap & Hip-Hop: CDs Pop Music: and Soul:", "relevancy_score": 0.0, "price": "$8.08"}, {"title": "One Wish: The Holiday Album", "tags": "All Rock Music Music: Vinyl Records Christmas General Classic on CD or Pop", "relevancy_score": 0.0, "price": "$12.93"}, {"title": "Playlist: Very Best of", "tags": "Rock Music: Vinyl Records General All Contemporary R&B / Soul CDs & Pop Toni Braxton and Soul:", "relevancy_score": 0.0, "price": "$7.31"}, {"title": "Southern Gospel Hits of the 90s Volume 1 Daywind Christian Karaoke Style NEW CD+G 6 Songs", "tags": "All Rock Music Country R&B / Soul Contemporary on CD or Vinyl Adult New Wave Pop Karaoke", "relevancy_score": 0.0, "price": "$16.10"}, {"title": "Design Of A Decade 1986-1996 (Includes Bonus Tracks) (CD)", "tags": "General Vinyl Records All Janet Jackson Contemporary R&B / Soul Music: CDs & Pop and Soul: Music on CD or", "relevancy_score": 0.0, "price": "$12.21"}, {"title": "Backstreet Boys", "tags": "All Rock Music Music: Vinyl Records General Taylor Swift on CD or Backstreet Boys Pop", "relevancy_score": 0.0, "price": "$7.25"}, {"title": "Bawitdaba - Kid Rock", "tags": "Rock Music: Vinyl Records General All Classic Music on CD or Pop Queen", "relevancy_score": 0.0, "price": "$16.77"}, {"title": "'90s Soul Number Ones [ecopac]", "tags": "Prince Music: CDs & Vinyl Records Music on CD or General All R&B / Soul Pop and Soul:", "relevancy_score": 0.0, "price": "$20.62"}, {"title": "Details Coming Soon - In Sound From Way Out - Vinyl", "tags": "Rock Music: Vinyl Records All Rap & Hiphop: CDs General Mainstream Hip-Hop: Pop", "relevancy_score": 0.0, "price": "$22.12"}, {"title": "Whitney (Blu-ray + Digital Copy)", "tags": "Only at Walmart Christmas Music Exclusive Vinyl Whitney Houston Opera & Vocal on CD or Pop Rock All Preorders New Releases", "relevancy_score": 0.0, "price": "$30.57"}, {"title": "Mariah Carey - The Rarities - CD", "tags": "", "relevancy_score": 10.076875, "price": "$15.97"}, {"title": "Pearl Jam - Gigaton - Vinyl", "tags": "Only at Walmart All Rock Music Exclusive Vinyl Rap & Hiphop: CDs Records General Pearl Jam", "relevancy_score": 15.111818181818181, "price": "$29.12"}, {"title": "Mariah Carey - The Emancipation Of Mimi - Vinyl", "tags": "", "relevancy_score": 0.0, "price": "$23.49"}, {"title": "Mariah Carey - Mariah Carey - Vinyl", "tags": "", "relevancy_score": 5.039677419354839, "price": "$22.98"}, {"title": "Green Day - Father Of All - CD", "tags": "Rock Music: Vinyl Records Green Day All Contemporary Country Music on CD or Heavy Metal Pop Punk Taylor Swift", "relevancy_score": 0.0, "price": "$16.69"}, {"title": "Beastie Boys - Solid Gold Hits - Vinyl", "tags": "All Rock Music Beastie Boys Music: Vinyl Records Rap & Hiphop: CDs General Mainstream Hip-Hop:", "relevancy_score": 0.0, "price": "$20.99"}, {"title": "Nirvana - MTV Unplugged In New York - Vinyl", "tags": "All Rock Music Christmas General Vinyl Records Pop Music: Nirvana", "relevancy_score": 10.076875, "price": "$21.66"}, {"title": "Mariah Carey - Emotions - Vinyl", "tags": "", "relevancy_score": 0.0, "price": "$21.08"}, {"title": "The Box Set Series (CD)", "tags": "Rock Music: Vinyl Records Britney Spears Music on CD or Opera & Vocal Dance Pop NSYNC All New Kids On The Block", "relevancy_score": 5.039677419354839, "price": "$26.13"}, {"title": "Janet Jackson - Control: The Remixes - Vinyl", "tags": "Madonna Janet Jackson Electronica Mariah Carey Pop Music: Vinyl Records Music on CD or R&B and Soul:", "relevancy_score": 0.0, "price": "$22.61"}, {"title": "Janet Jackson - Discipline - Vinyl", "tags": "Madonna Janet Jackson Electronica Pop Rock Music on CD or Vinyl Mariah Carey Music: Records", "relevancy_score": 0.0, "price": "$24.94"}, {"title": "Nirvana - Icon - CD", "tags": "All Rock Music Music: Vinyl Records Green Day Classic on CD or Heavy Metal Punk Pearl Jam Nirvana", "relevancy_score": 5.039677419354839, "price": "$8.18"}, {"title": "Pearl Jam: Twenty (DVD)", "tags": "All Rock Music Music: Vinyl Records General Opera & Vocal on CD or Celine Dion Pearl Jam Queen", "relevancy_score": 0.0, "price": "$16.99"}, {"title": "Nirvana - Live At Reading - Vinyl", "tags": "All Rock Music General Vinyl Records Punk on CD or Pop Music: Queen Live Concerts Nirvana", "relevancy_score": 0.0, "price": "$26.58"}, {"title": "Best (CD)", "tags": "Madonna All R&B / Soul Music Electronica Pop Rock on CD or Vinyl Music: Records Mariah Carey and Soul: Janet Jackson", "relevancy_score": 0.0, "price": "$11.58"}, {"title": "Mariah Carey - Butterfly - Vinyl", "tags": "", "relevancy_score": 0.0, "price": "$22.98"}, {"title": "Kid Rock - Sweet Southern Sugar - CD", "tags": "All Rock Music Christmas Music: Vinyl Records General Heavy Metal on CD or Queen", "relevancy_score": 5.039677419354839, "price": "$14.98"}, {"title": "Ready to Die (CD)", "tags": "Music Videos All Rap & Hiphop: CDs Vinyl Records 2pac Old School Hip-Hop: Pop Rock on CD or Music: R&B and Soul:", "relevancy_score": 0.0, "price": "$16.97"}, {"title": "Beastie Boys : Ill Communication (CD) (Remaster) (explicit)", "tags": "Rock Music: Vinyl Records All Rap & Hiphop: CDs General Mainstream Hip-Hop: Pop", "relevancy_score": 0.0, "price": "$18.20"}, {"title": "Green Day - Greatest Hits: God's Favorite Band (amended) - CD", "tags": "Rock Music: Vinyl Records Green Day General All Classic Music on CD or Punk Pop", "relevancy_score": 0.0, "price": "$13.19"}, {"title": "Nas - King's Disease - Vinyl", "tags": "", "relevancy_score": 0.0, "price": "$25.98"}, {"title": "Nas - Distant Relatives - Vinyl", "tags": "Nas General Vinyl Records All World & Reggae Music Bob Marley on CD or R&B / Soul and Soul:", "relevancy_score": 0.0, "price": "$25.51"}, {"title": "Nevermind [Super Deluxe Box Set] [4CD/1DVD] (CD) (Includes DVD)", "tags": "All Rock Music Music: Vinyl Records General Classic on CD or Motley Crue Nirvana", "relevancy_score": 0.0, "price": "$124.18"}, {"title": "Loved Me Back to Life (CD)", "tags": "Music Videos All World & Reggae Christian Rock on CD or Vinyl Opera Vocal Adult Contemporary Pop Live Concerts", "relevancy_score": 35.2327027027027, "price": "$11.96"}, {"title": "The Box Set Series: '90s Alt Rock (CD)", "tags": "All Rock Music Music: Vinyl Records General Pop 90s", "relevancy_score": 0.0, "price": "$19.65"}, {"title": "Control", "tags": "General Vinyl Records All Janet Jackson Contemporary R&B / Soul Music: CDs & Pop and Soul: Music on CD or", "relevancy_score": 5.039677419354839, "price": "$15.17"}, {"title": "The Sounds Of Science (CD)", "tags": "Beastie Boys All Rap & Hiphop: CDs Vinyl Records General Eminem Music on CD or Hip-Hop: Snoop Dogg", "relevancy_score": 0.0, "price": "$17.15"}, {"title": "Mariah Carey - Emotions - CD", "tags": "Christmas Music Opera & Vocal on CD or Vinyl Contemporary Country R&B / Soul Music: CDs Pop Rock Taylor Swift Mariah Carey", "relevancy_score": 0.0, "price": "$7.30"}, {"title": "Nas - I Am - Vinyl", "tags": "Nas All Rap & Hiphop: CDs Vinyl Records General Eminem Music on CD or Mainstream Hip-Hop: R&B and Soul:", "relevancy_score": 0.0, "price": "$20.34"}, {"title": "Rhythm Is A Dancer: Ultimate 90S Club Anthems / Various (CD)", "tags": "All Rock Music Madonna Music: Vinyl Records Pop on CD or R&B and Soul:", "relevancy_score": 0.0, "price": "$11.99"}, {"title": "Backstreet Boys - Greatest Hits: Chapter One - CD", "tags": "Michael Jackson Music on CD or Vinyl General Records All Contemporary Country Taylor Swift Backstreet Boys Pop Music:", "relevancy_score": 0.0, "price": "$11.42"}, {"title": "Mother's Milk (CD) (Remaster) (explicit)", "tags": "All Rock Music Christmas Music: Vinyl Records General Heavy Metal on CD or Queen", "relevancy_score": 0.0, "price": "$17.37"}, {"title": "No Code (CD)", "tags": "Rock Music: Vinyl Records General All Classic Music on CD or Pop Queen", "relevancy_score": 0.0, "price": "$10.90"}, {"title": "Rebel Heart Tour (CD) (Includes DVD) (explicit)", "tags": "All Rock Music Madonna Music: Vinyl Records Pop on CD or R&B and Soul:", "relevancy_score": 0.0, "price": "$18.71"}, {"title": "Greatest Hits - Vinyl", "tags": "All Rock Music Madonna Music: Vinyl Records Pop on CD or R&B and Soul:", "relevancy_score": 0.0, "price": "$21.32"}, {"title": "Hello Nasty (CD)", "tags": "Rock Music: Vinyl Records All Rap & Hiphop: CDs General Mainstream Hip-Hop: Pop", "relevancy_score": 8.076875, "price": "$15.95"}, {"title": "Janet", "tags": "General Vinyl Records All Janet Jackson Contemporary R&B / Soul Music: CDs & Pop and Soul: Music on CD or", "relevancy_score": 5.039677419354839, "price": "$12.75"}, {"title": "Live Trucker (CD) (explicit)", "tags": "All Rock Music Christmas Music: Vinyl Records General Heavy Metal on CD or Queen", "relevancy_score": 0.0, "price": "$15.53"}, {"title": "Mdna (CD) (explicit)", "tags": "Madonna Michael Jackson Music on CD or Vinyl General Records All Contemporary Country Taylor Swift Pop Music:", "relevancy_score": 0.0, "price": "$15.91"}, {"title": "NKOTBSB", "tags": "Christmas Music: Vinyl Records Dance Pop Electronica Music on CD or Rock NSYNC Backstreet Boys All / DJ", "relevancy_score": 0.0, "price": "$20.91"}, {"title": "Thin Line", "tags": "Only at Walmart George Strait Music on CD or Vinyl Wedding Country Music: Records All Children's Contemporary Honky Tonk Traditional", "relevancy_score": 5.039677419354839, "price": "$19.88"}, {"title": "The CollectorS Series, Vol. 1", "tags": "Only at Walmart General Vinyl Records All World & Reggae Music Shawn Mendes on CD or Pop Rock Celine Dion Frank Sinatra", "relevancy_score": 0.0, "price": "$7.41"}, {"title": "Confessions Tour (CD) (Includes DVD) (explicit)", "tags": "Madonna Michael Jackson Music on CD or Vinyl General Records All Contemporary Country Taylor Swift Pop Music:", "relevancy_score": 0.0, "price": "$34.10"}, {"title": "Loved Me Back to Life (CD)", "tags": "Only at Walmart Exclusive Vinyl General Records All Shawn Mendes Music on CD or Pop Rock Celine Dion Frank Sinatra", "relevancy_score": 0.0, "price": "$27.48"}, {"title": "Soaked in Bleach (DVD)", "tags": "All Rock Music Music: Vinyl Records General Classic on CD or Motley Crue Nirvana", "relevancy_score": 5.039677419354839, "price": "$14.02"}, {"title": "Damita Jo (CD) (explicit)", "tags": "Rock Music: Vinyl Records General All Contemporary R&B / Soul CDs & Funk Pop and Soul:", "relevancy_score": 0.0, "price": "$8.30"}, {"title": "The Remixes", "tags": "General Vinyl Records All Contemporary R&B / Soul Music: CDs & Mariah Carey Pop Music on CD or and Soul:", "relevancy_score": 0.0, "price": "$7.66"}, {"title": "R U Still Down (CD) (explicit)", "tags": "General Vinyl Records All Eminem Music on CD or 2pac Mainstream Rap & Hip-Hop: CDs Pop", "relevancy_score": 5.039677419354839, "price": "$9.09"}, {"title": "100% Clubland 90s / Various (CD)", "tags": "All Rock Music Madonna Music: Vinyl Records Pop on CD or R&B and Soul: 90s", "relevancy_score": 0.0, "price": "$12.22"}, {"title": "ILLMATIC 10TH ANNIVERSARY PLATINUM ED (CD)", "tags": "Beastie Boys All Rap & Hiphop: CDs Vinyl Records General Eminem Music on CD or Hip-Hop: Snoop Dogg", "relevancy_score": 0.0, "price": "$7.08"}, {"title": "Red Hot Chili Peppers - Never Is A Long Time / Love Of Your Life - Vinyl (7-Inch)", "tags": "All Rock Music Music: Vinyl Records General Classic on CD or Pop", "relevancy_score": 0.0, "price": "$13.30"}, {"title": "Nirvana - HOLLYWOOD ROCK FESTIVAL 1993 - Vinyl", "tags": "All Rock Music Music: Vinyl Records Rap & Hiphop: CDs Pop Hip-Hop: Nirvana", "relevancy_score": 0.0, "price": "$29.49"}, {"title": "New Kids On The Block Greatest Hits", "tags": "Dance Pop Electronica Music on CD or Vinyl Taylor Swift Music: Records All / DJ New Kids On The Block", "relevancy_score": 0.0, "price": "$15.57"}, {"title": "These Are Special Times (Imported) (CD)", "tags": "Chamber Music on CD or Vinyl Sacred / Religious Traditional Country Electronica Celine Dion All Pop New Age Preorders & Releases", "relevancy_score": 0.0, "price": "$7.90"}, {"title": "Life Is Good (CD) (explicit)", "tags": "All Rap & Hiphop: CDs Vinyl Records General R&B / Soul Music Mainstream Hip-Hop: and Soul:", "relevancy_score": 0.0, "price": "$5.50"}, {"title": "Celine Dion - My Love Essential Collection - CD", "tags": "Only at Walmart Exclusive Vinyl General Records All Shawn Mendes Music on CD or Pop Rock Celine Dion Frank Sinatra", "relevancy_score": 0.0, "price": "$15.69"}, {"title": "I'm with You (CD)", "tags": "All Rock Music Red Hot Chili Peppers Music: Vinyl Records General Heavy Metal on CD or Queen", "relevancy_score": 24.175714285714285, "price": "$22.74"}, {"title": "Music Box", "tags": "Prince Music: CDs & Vinyl Records Music on CD or General All R&B / Soul Pop and Soul:", "relevancy_score": 0.0, "price": "$12.43"}, {"title": "Bodyguard (Sony Gold Series) Soundtrack (CD)", "tags": "Only at Walmart Christmas Music Exclusive Vinyl Whitney Houston All R&B / Soul Opera & Vocal on CD or Pop Rock Preorders New Releases", "relevancy_score": 0.0, "price": "$15.99"}, {"title": "Secrets (CD)", "tags": "Rock Music: Vinyl Records General All Contemporary R&B / Soul CDs & Pop Toni Braxton and Soul:", "relevancy_score": 0.0, "price": "$11.99"}, {"title": "X (CD)", "tags": "Whitney Houston Music on CD or Vinyl Blues Music: Records All Adult Contemporary Funk CDs & Pop Rock", "relevancy_score": 0.0, "price": "$19.99"}, {"title": "Green Day - 21st Century Breakdown - CD [Limited Edition]", "tags": "Rock Music: Vinyl Records Green Day General All Classic Music on CD or Punk Pop", "relevancy_score": 0.0, "price": "$43.00"}, {"title": "Rebel Heart", "tags": "All Rock Music Madonna Music: Vinyl Records Pop on CD or R&B and Soul:", "relevancy_score": 0.0, "price": "$17.61"}, {"title": "Whitney (CD)", "tags": "Prince Music: CDs & Vinyl Records Music on CD or Whitney Houston All R&B / Soul Pop Rock and Soul:", "relevancy_score": 20.14470588235294, "price": "$9.75"}, {"title": "Greatest Hits: Hardback Digibook Edition (CD)", "tags": "Whitney Houston Music on CD or Vinyl General Records All Contemporary Country Taylor Swift Pop Music:", "relevancy_score": 0.0, "price": "$23.23"}, {"title": "UNDER THE COVERS", "tags": "Michael Jackson Music on CD or Vinyl General Records All Contemporary Country Taylor Swift Pop Music:", "relevancy_score": 0.0, "price": "$16.22"}, {"title": "Design Of A Decade 1986/1996", "tags": "General Vinyl Records All R&B / Soul Music Janet Jackson Taylor Swift on CD or Pop Music:", "relevancy_score": 0.0, "price": "$22.14"}, {"title": "100 Greatest 90s / Various (CD)", "tags": "All Rock Music Music: Vinyl Records General Adult Contemporary on CD or Pop 90s", "relevancy_score": 2.0396774193548386, "price": "$10.60"}, {"title": "Forever 90s", "tags": "All Rock Music Vinyl Records Opera & Vocal on CD or Adult Contemporary Taylor Swift Pop Music: 90s", "relevancy_score": 5.039677419354839, "price": "$16.79"}, {"title": "Control: The Remixes (CD)", "tags": "General Vinyl Records All Janet Jackson Contemporary R&B / Soul Music: CDs & Pop and Soul: Music on CD or", "relevancy_score": 0.0, "price": "$14.62"}, {"title": "Live on Ten Legs (CD)", "tags": "All Rock Music Music: Vinyl Records General Classic on CD or Pop", "relevancy_score": 0.0, "price": "$9.66"}, {"title": "Unbreakable", "tags": "Madonna All R&B / Soul Music Electronica Pop Rock on CD or Vinyl Music: Records Mariah Carey and Soul: Janet Jackson", "relevancy_score": 0.0, "price": "$28.23"}, {"title": "Daydream", "tags": "Madonna Janet Jackson Opera & Vocal Music on CD or Vinyl Electronica Pop Music: Records Mariah Carey R&B and Soul:", "relevancy_score": 0.0, "price": "$10.29"}, {"title": "Pearl Jam - Given To Fly / Pilate & Leatherman - Vinyl (7-Inch)", "tags": "All Rock Music General Vinyl Records Classic on CD or Pop Music: Pearl Jam", "relevancy_score": 0.0, "price": "$9.20"}, {"title": "Strictly 4 My Niggaz (explicit)", "tags": "All Rap & Hiphop: CDs Vinyl Records General R&B / Soul Music Mainstream Hip-Hop: The Notorious BIG and Soul:", "relevancy_score": 5.039677419354839, "price": "$10.33"}, {"title": "Nirvana - Incesticide [CD]", "tags": "All Rock Music Music: Vinyl Records General Punk on CD or Pop", "relevancy_score": 0.0, "price": "$23.66"}, {"title": "New Day Has Come", "tags": "Only at Walmart Exclusive Vinyl General Records All Shawn Mendes Music on CD or Pop Rock Celine Dion Frank Sinatra", "relevancy_score": 0.0, "price": "$13.49"}, {"title": "One Heart (CD)", "tags": "Rock Music: Vinyl Records General All Classic Music on CD or Pop Queen", "relevancy_score": 0.0, "price": "$10.76"}, {"title": "Preacher's Wife (CD)", "tags": "Michael Jackson Music on CD or Vinyl General Records All Contemporary Country Taylor Swift Pop Music:", "relevancy_score": 5.039677419354839, "price": "$15.58"}, {"title": "Playlist: The Very Best of Mariah Carey (CD)", "tags": "Madonna Janet Jackson Opera & Vocal Music on CD or Vinyl Electronica Contemporary R&B / Soul Music: CDs Pop Records Mariah Carey and Soul:", "relevancy_score": 0.0, "price": "$16.32"}, {"title": "Under the Covers", "tags": "All Rock Music Music: Vinyl Records General Punk on CD or Pop", "relevancy_score": 0.0, "price": "$30.11"}, {"title": "X (CD)", "tags": "All Rock Music Madonna Music: Vinyl Records General Pop", "relevancy_score": 56.751428571428576, "price": "$13.19"}, {"title": "On Ne Change Pas", "tags": "Only at Walmart Exclusive Vinyl General Records All Shawn Mendes Music on CD or Pop Rock Celine Dion Frank Sinatra", "relevancy_score": 5.039677419354839, "price": "$7.86"}, {"title": "Essential Mixes", "tags": "Prince Music: CDs & Vinyl Records Music on CD or General All R&B / Soul Toni Braxton and Soul:", "relevancy_score": 0.0, "price": "$9.58"}, {"title": "My Love Essential Collection (CD)", "tags": "Only at Walmart Exclusive Vinyl General Records All Shawn Mendes Music on CD or Pop Rock Celine Dion Frank Sinatra", "relevancy_score": 0.0, "price": "$10.51"}, {"title": "Pour Me A Grog: The Funana Revolt in 1990s Cabo Verde / Various (Vinyl)", "tags": "All Rock Music Music: Vinyl Records Rap & Hiphop: CDs Pop Hip-Hop:", "relevancy_score": 0.0, "price": "$24.98"}, {"title": "From the Muddy Banks of the Wishkah", "tags": "All Rock Music Christmas Music: Vinyl Records General Classic on CD or Motley Crue", "relevancy_score": 0.0, "price": "$14.90"}, {"title": "Live on Two Legs", "tags": "All Rock Music Music: Vinyl Records General Heavy Metal on CD or Pearl Jam Queen", "relevancy_score": 0.0, "price": "$7.41"}, {"title": "REMIXED PRAYERS", "tags": "Madonna Michael Jackson Music on CD or Vinyl Britney Spears Dance Pop Rock All Karaoke / DJ", "relevancy_score": 0.0, "price": "$19.42"}, {"title": "New Day Has Come", "tags": "General Vinyl Records All Opera & Vocal Music on CD or Contemporary Country Taylor Swift Celine Dion Pop Music:", "relevancy_score": 5.039677419354839, "price": "$9.50"}, {"title": "NO 1 HITS OF THE 1990S", "tags": "Michael Jackson Music on CD or Vinyl General Records All Contemporary Country Taylor Swift Pop Music: 90s", "relevancy_score": 0.0, "price": "$13.99"}, {"title": "Icon (CD)", "tags": "All Rock Music Red Hot Chili Peppers Music: Vinyl Records General Heavy Metal on CD or Queen", "relevancy_score": 0.0, "price": "$11.02"}, {"title": "1 Fille & 4 Types", "tags": "Only at Walmart Exclusive Vinyl General Records All Shawn Mendes Music on CD or Pop Rock Celine Dion Frank Sinatra", "relevancy_score": 0.0, "price": "$6.94"}, {"title": "My Love Is Your Love", "tags": "Prince Music: CDs & Vinyl Records Music on CD or Whitney Houston All R&B / Soul Pop Rock and Soul:", "relevancy_score": 0.0, "price": "$11.38"}, {"title": "Spice Girls - Forever - Vinyl", "tags": "", "relevancy_score": 0.0, "price": "$26.99"}, {"title": "Shenanigans (CD)", "tags": "Rock Music: Vinyl Records Green Day General All Classic Music on CD or Punk Pop", "relevancy_score": 10.076875, "price": "$14.49"}, {"title": "Beastie Boys - Beastie Boys Music - Vinyl", "tags": "", "relevancy_score": 0.0, "price": "$34.98"}, {"title": "Karaoke: Songs Of Celine Dion", "tags": "", "relevancy_score": 0.0, "price": "$3.99"}, {"title": "Elegant Piano Romance: The 90s (CD)", "tags": "General Vinyl Records All Opera & Vocal Music on CD or Frank Sinatra New Age 90s Jazz Elton John", "relevancy_score": 0.0, "price": "$10.40"}, {"title": "ILLMATIC [10TH ANNIVERSARY PLATINUM EDITION] [PA]", "tags": "", "relevancy_score": 0.0, "price": "$10.88"}, {"title": "Born Again (CD) (explicit)", "tags": "General Vinyl Records All Eminem Music on CD or Mainstream Rap & Hip-Hop: CDs Pop The Notorious BIG", "relevancy_score": 0.0, "price": "$10.92"}, {"title": "Live a Paris (CD)", "tags": "Michael Jackson Music on CD or Vinyl General Records All Contemporary Country Taylor Swift Pop Music:", "relevancy_score": 0.0, "price": "$11.04"}, {"title": "Music Box", "tags": "Vases Personalized Baby Decor Keepsakes Paris Knick-Knacks Mermaid Wood Crates Gifts for Kids", "relevancy_score": 5.039677419354839, "price": "$11.08"}, {"title": "Collectors Series, Vol. 1", "tags": "Michael Jackson Music on CD or Vinyl General Records All Contemporary Country Taylor Swift Pop Music:", "relevancy_score": 4.039677419354839, "price": "$11.08"}, {"title": "Lost Dogs (DVD)", "tags": "All Rock Music Music: Vinyl Records General Classic on CD or Pop", "relevancy_score": 0.0, "price": "$11.36"}, {"title": "12 Inch Dance: 90s Remix / Various (CD)", "tags": "All Rock Music Madonna Music: Vinyl Records Pop on CD or R&B and Soul: 90s", "relevancy_score": 0.0, "price": "$11.44"}, {"title": "Pearl Jam", "tags": "All Rock Music Music: Vinyl Records General Pop on CD or Pearl Jam", "relevancy_score": 0.0, "price": "$11.62"}, {"title": "Nas - Nastradamus", "tags": "All Rap & Hiphop: CDs Vinyl Records General R&B / Soul Music Mainstream Hip-Hop: and Soul:", "relevancy_score": 0.0, "price": "$11.98"}, {"title": "90s Anthems", "tags": "All Rock Music Country R&B / Soul Contemporary on CD or Vinyl Adult New Wave Pop Karaoke", "relevancy_score": 0.0, "price": "$14.21"}, {"title": "Change My Mind (CD)", "tags": "Only at Walmart George Strait Music on CD or Vinyl All Records Country Music: Contemporary Honky Tonk Traditional Kenny Rogers", "relevancy_score": 0.0, "price": "$14.21"}, {"title": "The Story So Far", "tags": "Janet Jackson Electronica Pop Rock Music on CD or Vinyl Mariah Carey Music: Records R&B and Soul:", "relevancy_score": 0.0, "price": "$14.35"}, {"title": "Sings Nkotb", "tags": "Madonna Britney Spears Music on CD or Vinyl Dance Pop Rock All Karaoke Jazz / DJ New Kids On The Block", "relevancy_score": 0.0, "price": "$14.38"}, {"title": "Greatest Hits (CD)", "tags": "All Rap & Hiphop: CDs Vinyl Records General R&B / Soul Music Mainstream Hip-Hop: and Soul:", "relevancy_score": 0.0, "price": "$14.44"}, {"title": "Musica All Puttanesca (CD)", "tags": "Rock Music: Vinyl Records General All Classic Music on CD or Pop Queen", "relevancy_score": 0.0, "price": "$14.58"}, {"title": "Beacon Street Collection (reissue) (CD)", "tags": "All Rock Music Music: Vinyl Records General World & Reggae Pop R&B and Soul:", "relevancy_score": 0.0, "price": "$14.84"}, {"title": "Kerplunk", "tags": "All Rock Music Music: Vinyl Records General Punk on CD or Pop", "relevancy_score": 0.0, "price": "$14.90"}, {"title": "X-Posed", "tags": "Rock Music: Vinyl Records General All Classic Music on CD or Pop Queen", "relevancy_score": 0.0, "price": "$14.99"}, {"title": "Jazz & 90s / Various (CD)", "tags": "All Rock Music Country R&B / Soul Contemporary on CD or Vinyl Adult New Wave Pop Karaoke", "relevancy_score": 0.0, "price": "$15.00"}, {"title": "Anthems: Electronic 90s / Various (CD)", "tags": "All Rock Music Madonna Music: Vinyl Records Pop on CD or R&B and Soul:", "relevancy_score": 0.0, "price": "$17.63"}, {"title": "Superstar", "tags": "Janet Jackson Electronica Pop Rock Music on CD or Vinyl Mariah Carey Music: Records R&B and Soul:", "relevancy_score": 0.0, "price": "$17.82"}, {"title": "RAW POWER (2CD/DVD)", "tags": "Michael Jackson Music on CD or Vinyl General Records All Contemporary Country Taylor Swift Pop Music:", "relevancy_score": 0.0, "price": "$17.83"}, {"title": "90S Dance Anthems (CD)", "tags": "All Rock Music Madonna Music: Vinyl Records Pop on CD or R&B and Soul: 90s", "relevancy_score": 0.0, "price": "$17.91"}, {"title": "Out In L.A.", "tags": "All Rock Music Music: Vinyl Records General Classic on CD or Pop", "relevancy_score": 0.0, "price": "$17.92"}, {"title": "Ihre Schoensten Weihna (CD)", "tags": "Only at Walmart Exclusive Vinyl General Records All Shawn Mendes Music on CD or Pop Rock Celine Dion Frank Sinatra", "relevancy_score": 0.0, "price": "$18.13"}, {"title": "Sky's The Limit - Notorious B.I.G.", "tags": "Music Videos All Rap & Hiphop: CDs Vinyl Records 2pac Old School Hip-Hop: Pop Rock on CD or Music: R&B and Soul:", "relevancy_score": 0.0, "price": "$18.17"}, {"title": "I Don't Want To - Toni Braxton", "tags": "Rock Music: Vinyl Records General All Contemporary R&B / Soul CDs & Funk Pop and Soul:", "relevancy_score": 0.0, "price": "$18.17"}, {"title": "When You Believe - Whitney Houston & Mariah Carey", "tags": "Only at Walmart Christmas Music Exclusive Vinyl Whitney Houston on CD or Opera & Vocal Pop Rock Mariah Carey Preorders New Releases", "relevancy_score": 0.0, "price": "$18.17"}, {"title": "Magic 90s / Various (CD)", "tags": "Rock Music: Vinyl Records General All Classic Music on CD or Pop Queen", "relevancy_score": 0.0, "price": "$18.34"}, {"title": "Life After Death (clean) (CD)", "tags": "General Vinyl Records All Eminem Music on CD or Mainstream Rap & Hip-Hop: CDs Pop The Notorious BIG", "relevancy_score": 0.0, "price": "$22.33"}, {"title": "Just A Girl - No Doubt", "tags": "All Rock Music Music: Vinyl Records General World & Reggae Pop on CD or", "relevancy_score": 0.0, "price": "$22.39"}, {"title": "Green Day - Revolution Radio - Vinyl", "tags": "All Rock Music Music: Vinyl Records General Punk on CD or Pop", "relevancy_score": 0.0, "price": "$22.54"}, {"title": "Celine Dion - D'Eux - Vinyl", "tags": "Rock Music: Vinyl Records All World & Reggae Music Opera Vocal on CD or Pop Celine Dion Live Concerts", "relevancy_score": 0.0, "price": "$22.95"}, {"title": "Sans Attendre (CD)", "tags": "Rock Music: Vinyl Records General All Classic Music on CD or Pop Queen", "relevancy_score": 0.0, "price": "$23.15"}, {"title": "Whitney Houston", "tags": "Only at Walmart Christmas Music Exclusive Vinyl Whitney Houston All R&B / Soul Opera & Vocal on CD or Pop Rock Preorders New Releases", "relevancy_score": 0.0, "price": "$23.23"}, {"title": "Original Album Classics (CD)", "tags": "Only at Walmart Exclusive Vinyl General Records All Shawn Mendes Music on CD or Pop Rock Celine Dion Frank Sinatra", "relevancy_score": 0.0, "price": "$23.28"}, {"title": "Mother's Milk (CD)", "tags": "Rock Music: Vinyl Records General All Classic Music on CD or Pop Queen", "relevancy_score": 0.0, "price": "$23.30"}, {"title": "Life Is Good (CD) (explicit)", "tags": "All Rap & Hiphop: CDs Vinyl Records General R&B / Soul Music Mainstream Hip-Hop: and Soul:", "relevancy_score": 0.0, "price": "$23.67"}, {"title": "Rainbow (CD)", "tags": "General Vinyl Records All Contemporary R&B / Soul Music: CDs & Mariah Carey Pop Music on CD or and Soul:", "relevancy_score": 0.0, "price": "$23.70"}, {"title": "TLC - TLC", "tags": "All Rock Music Music: Vinyl Records Rap & Hiphop: CDs General Pop Hip-Hop:", "relevancy_score": 0.0, "price": "$32.53"}, {"title": "Taking Chances (Mini LP Sleeve) (CD)", "tags": "Only at Walmart Exclusive Vinyl General Records All Shawn Mendes Music on CD or Pop Rock Celine Dion Frank Sinatra", "relevancy_score": 0.0, "price": "$32.76"}, {"title": "Celine Dion - Sans Attendre - Vinyl", "tags": "Rock Music: Vinyl Records All World & Reggae Music Opera Vocal on CD or Pop Celine Dion Live Concerts", "relevancy_score": 0.0, "price": "$32.79"}, {"title": "Your Home Is in My Heart (4 Mixes)", "tags": "Rock Music: Vinyl Records General All Contemporary R&B / Soul CDs & Funk Pop and Soul:", "relevancy_score": 0.0, "price": "$33.00"}, {"title": "Im with You", "tags": "Rock Music: Vinyl Records General All Classic Music on CD or Pop Queen", "relevancy_score": 0.0, "price": "$33.36"}, {"title": "Greatest Hits: Chapter 1 (CD) (Limited Edition)", "tags": "Michael Jackson Music on CD or Vinyl General Records All Contemporary Country Taylor Swift Pop Music:", "relevancy_score": 0.0, "price": "$33.36"}, {"title": "Hits of the 90s / Various", "tags": "Rock Music: Vinyl Records General All Classic Music on CD or Pop Queen", "relevancy_score": 0.0, "price": "$34.00"}, {"title": "I Will Always Love You: Best of (CD)", "tags": "Only at Walmart Christmas Music Exclusive Vinyl Whitney Houston All R&B / Soul Opera & Vocal on CD or Pop Rock Preorders New Releases", "relevancy_score": 0.0, "price": "$34.56"}, {"title": "Merry Christmas (25th Anniversary / Japan Blu-Spec CD2 Edition) (CD)", "tags": "All Rock Music Music: Vinyl Records Christmas General Classic on CD or Pop", "relevancy_score": 0.0, "price": "$34.94"}, {"title": "Songs Of Love & Praise (Remaster)", "tags": "Rock Music: Vinyl Records General All Classic Music on CD or Pop Queen", "relevancy_score": 0.0, "price": "$35.75"}, {"title": "YOU'RE BEAUTIFUL, VOL. 2 [886972221526]", "tags": "Christmas Music Blake Shelton on CD or Vinyl All Country Opera & Vocal Contemporary Electronica Pop Rock Taylor Swift", "relevancy_score": 0.0, "price": "$6.47"}, {"title": "STRANGE HIP HOP", "tags": "Kanye West Music on CD or Vinyl All Rap & Hiphop: CDs Records General Mainstream Hip-Hop: Pop", "relevancy_score": 0.0, "price": "$10.67"}, {"title": "HOLLYWOOD ROCK FESTIVAL 1993", "tags": "All Rock Music Music: Vinyl Records General Punk on CD or Pop", "relevancy_score": 0.0, "price": "$34.00"}, {"title": "#1 Country Hits of the '90s", "tags": "All Rock Music Country R&B / Soul Contemporary on CD or Vinyl Adult New Wave Pop Karaoke", "relevancy_score": 0.0, "price": "$47.00"}, {"title": "Hal Leonard 90s Rock Party (Medley) ShowTrax CD Arranged by Kirby Shaw", "tags": "All Rock Music Country R&B / Soul Contemporary on CD or Vinyl Adult New Wave Pop Karaoke", "relevancy_score": 0.0, "price": "$54.99"}, {"title": "2B90SK QD SHEAVE A/B SECTION 2 GROOVE FACTORY NEW!", "tags": "All Rock Music Country R&B / Soul Contemporary on CD or Vinyl Adult New Wave Pop Karaoke", "relevancy_score": 0.0, "price": "$102.00"}, {"title": "NEW POWER TRIM & TILT HYDRAULIC SYSTEM FITS JOHNSON 1998 J90E 99-01 J90P 98-00 J90S", "tags": "All Rock Music Country R&B / Soul Contemporary on CD or Vinyl Adult New Wave Pop Karaoke", "relevancy_score": 0.0, "price": "$1088.00"}, {"title": "Kid Rock - Devil Without A Cause (clean) - CD", "tags": "Rock Music: Vinyl Records General All Blues Music on CD or Classic Pop", "relevancy_score": 15.111818181818181, "price": "$10.26"}, {"title": "Backstreet Boys - Playlist: Very Best of - CD", "tags": "Britney Spears Music on CD or Vinyl Opera & Vocal Dance Pop Rock NSYNC All / DJ New Kids On The Block", "relevancy_score": 5.039677419354839, "price": "$5.00"}, {"title": "Boyz II Men - Christmas Collection: 20th Century Masters - CD", "tags": "All Rock Music Music: Vinyl Records Christmas General R&B / Soul Classic on CD or Boyz II Men", "relevancy_score": 0.0, "price": "$8.12"}, {"title": "Tupac: Resurrection (Clean)", "tags": "Music Videos All Soundtracks Children's Movie + TV Karaoke Music: Vinyl Records Jazz on CD or Soundtracks:", "relevancy_score": 0.0, "price": "$15.71"}, {"title": "Riot Act", "tags": "Michael Jackson Music on CD or Vinyl General Records All Contemporary Country Taylor Swift Pop Music: Pearl Jam", "relevancy_score": 0.0, "price": "$15.91"}, {"title": "Yield", "tags": "Rock Music: Vinyl Records General All Classic Music on CD or Pop Queen", "relevancy_score": 0.0, "price": "$16.17"}, {"title": "IT WON'T BE THE LAST", "tags": "Only at Walmart George Strait Music on CD or Vinyl All Records Country Music: Contemporary Honky Tonk Traditional Kenny Rogers", "relevancy_score": 0.0, "price": "$17.33"}, {"title": "[2Pac] Nu", "tags": "Beastie Boys All Rap & Hiphop: CDs Vinyl Records General Eminem Music on CD or Hip-Hop: Snoop Dogg", "relevancy_score": 0.0, "price": "$18.18"}, {"title": "Girlie Show-Live Down Under", "tags": "", "relevancy_score": 0.0, "price": "$19.13"}, {"title": "Alive In The 90s Vol.2", "tags": "All Rock Music Christmas Music: Vinyl Records General Classic on CD or Motley Crue", "relevancy_score": 0.0, "price": "$19.49"}, {"title": "Legacy: The Greatest Hits Collection [Deluxe Edition]", "tags": "Prince Music: CDs & Vinyl Records Music on CD or General All R&B / Soul Pop and Soul:", "relevancy_score": 5.039677419354839, "price": "$26.82"}, {"title": "Evolucion", "tags": "All R&B / Soul Music Janet Jackson Contemporary Music: CDs & Vinyl Funk Records Pop Rock on CD or Toni Braxton Lionel Richie", "relevancy_score": 0.0, "price": "$57.95"}, {"title": "MADONNA - MUSIC [US LIMITED EDITION] [LIMITED]", "tags": "Madonna Michael Jackson Music on CD or Vinyl General Records All Contemporary Country Taylor Swift Pop Music:", "relevancy_score": 0.0, "price": "$110.21"}]