[{"title": "BTS - Map Of The Soul: 7 - CD", "tags": "Music Videos All Rock New Release K-pop World & Reggae Books Dance Pop on CD or Vinyl", "relevancy_score": 744.7775135135136, "price": "$24.36"}, {"title": "BTS - Love Yourself: Answer (Random cover, incl. 116-page photobook, one random photocard, 20-page minibook and one sticker pack) - CD", "tags": "Music Videos All Rock New Release K-pop Rap & Hiphop: CDs Vinyl Records Books Dance Pop on CD or", "relevancy_score": 308.84098969072164, "price": "$21.02"}, {"title": "Justin Moore - Outlaws Like Me - Vinyl", "tags": "All Rock Music Music: Vinyl Records World & Reggae Country Pop Folk on CD or", "relevancy_score": 0.0, "price": "$19.98"}, {"title": "BTS - Love Yourself: Tear (Random cover, incl. 104-page photobook, one random photocard, 20-page minibook and one standing photo) - CD", "tags": "Music Videos All Rock New Release K-pop Soundtracks Rap & Hiphop: CDs Vinyl Records Dance Pop on CD or", "relevancy_score": 186.71858823529413, "price": "$19.43"}, {"title": "BTS - Wings Vol 2 (CD)", "tags": "All Rock Music New Release K-pop Soundtracks Rap & Hiphop: CDs Vinyl Records World Reggae Dance Pop on CD or", "relevancy_score": 122.9218181818182, "price": "$21.41"}, {"title": "Kacey Musgraves - Golden Hour - Vinyl", "tags": "All Rock Music Music: Vinyl Records General Country Contemporary on CD or Pop Folk", "relevancy_score": 15.084363636363637, "price": "$18.66"}, {"title": "Dark & Wild Vol.1 (CD)", "tags": "Music Videos All Rock New Release K-pop Soundtracks Rap & Hiphop: CDs Vinyl Records Dance Pop on CD or", "relevancy_score": 50.232, "price": "$26.72"}, {"title": "No Doubt - Tragic Kingdom - Vinyl", "tags": "All Rock Music General Vinyl Records Pop Music: R&B and Soul: No Doubt", "relevancy_score": 30.154666666666667, "price": "$19.16"}, {"title": "BTS - 2 Cool 4 Skool (Incl. Booklet) - CD", "tags": "Music Videos All Rock New Release K-pop Soundtracks Rap & Hiphop: CDs Vinyl Records Dance Pop on CD or", "relevancy_score": 35.17556756756757, "price": "$17.49"}, {"title": "In the Mood for Love PT.1 (Random cover, incl. 120-page photobook and one random photocard) (CD)", "tags": "Music Videos All Rock New Release K-pop Soundtracks Rap & Hiphop: CDs Vinyl Records Dance Pop on CD or", "relevancy_score": 35.17556756756757, "price": "$19.62"}, {"title": "Justin Moore - Outlaws Like Me - Vinyl", "tags": "All Rock Music Music: Vinyl Records World & Reggae Country Pop Folk on CD or", "relevancy_score": 0.0, "price": "$19.98"}, {"title": "Celtic Woman - Voices Of Angels - CD", "tags": "Music Videos Christmas K-pop Contemporary Country on CD or Vinyl Celtic All Pop Folk Live Concerts", "relevancy_score": 20.109176470588235, "price": "$12.64"}, {"title": "Mothership (CD) (Includes DVD) (Remaster) (Limited Edition)", "tags": "All Rock Music Christmas Led Zeppelin on CD or Vinyl General Records World & Reggae Pop", "relevancy_score": 36.195368421052635, "price": "$27.63"}, {"title": "Miranda Lambert - Weight Of These Wings - Vinyl", "tags": "All Vinyl Records World & Reggae Music Country Music: Contemporary on CD or Folk Preorders New Releases", "relevancy_score": 5.029935483870967, "price": "$29.99"}, {"title": "Day Without a Rain (CD)", "tags": "All Children's Music Classical Composers on CD or Vinyl Electronica New Age Instrumental Meditation Vocal Easy Listening + Lullabies", "relevancy_score": 0.0, "price": "$19.52"}, {"title": "Francoise Hardy - Tous Les Garcons Et Les Filles - Vinyl", "tags": "All Rock Music Music: Vinyl Records Rap & Hiphop: CDs World Reggae Pop Hip-Hop:", "relevancy_score": 0.0, "price": "$13.58"}, {"title": "PACIFIC BREEZE: JAPANESE CITY POP AOR & BOOGIE 76 - Pacific Breeze: Japanese City Pop AOR & Boogie 1976-1986 / Various - Vinyl", "tags": "All Rock Music Music: Vinyl Records Rap & Hiphop: CDs World Reggae Pop Hip-Hop:", "relevancy_score": 0.0, "price": "$36.98"}, {"title": "Anderson Superm Baekhyun:the First M", "tags": "Music Videos New Release K-pop All Rap & Hiphop: CDs Vinyl Records Contemporary Country on CD or Dance Pop Folk", "relevancy_score": 16.109176470588235, "price": "$12.62"}, {"title": "Best of Bob Marley", "tags": "General Vinyl Records All World & Reggae Music Bob Marley on CD or R&B / Soul Contemporary Music: CDs and Soul:", "relevancy_score": 0.0, "price": "$14.34"}, {"title": "Homecoming - Live From Ireland (CD) (Includes DVD)", "tags": "Music Videos K-pop Bob Marley on CD or Vinyl All Country Contemporary Reggae Pop Folk", "relevancy_score": 5.029935483870967, "price": "$21.59"}, {"title": "Bob Marley - Gold (Remastered) (CD)", "tags": "General Vinyl Records All Bob Marley Music on CD or R&B / Soul Contemporary Music: CDs & Reggae and Soul:", "relevancy_score": 19.309176470588234, "price": "$18.32"}, {"title": "POISON (CD)", "tags": "All Rock Music Music: Vinyl Records General World & Reggae Classic on CD or Motley Crue", "relevancy_score": 19.309176470588234, "price": "$10.08"}, {"title": "Mamamoo - Yellow Flower - CD", "tags": "Music Videos New Release K-pop All Country Contemporary on CD or Vinyl Reggae Pop Folk", "relevancy_score": 0.0, "price": "$22.17"}, {"title": "H\u00e9roes del Silencio - Senderos de Traicion 25 Aniversario - Vinyl", "tags": "All Rock Music Music: Vinyl Records Rap & Hiphop: CDs World Reggae Pop Hip-Hop:", "relevancy_score": 0.0, "price": "$25.23"}, {"title": "Bob Marley - Legend - CD", "tags": "Rock Music: Vinyl Records General All World & Reggae Music Bob Marley on CD or R&B / Soul and Soul:", "relevancy_score": 0.0, "price": "$14.52"}, {"title": "Il Divo: A Musical Affair", "tags": "Music Videos K-pop Bob Marley on CD or Vinyl All Country Contemporary Reggae Pop Folk", "relevancy_score": 5.029935483870967, "price": "$13.39"}, {"title": "Sound Effects: Siunds Of Nature", "tags": "Only at Walmart Exclusive Vinyl All Records Meditation Music on CD or Easy Listening Film Soundtracks New Age Soundtracks:", "relevancy_score": 2.029935483870968, "price": "$8.89"}, {"title": "Shepherd Moons (CD)", "tags": "All Children's Music Classical Composers on CD or Vinyl Electronica New Age Instrumental Meditation Vocal Easy Listening + Lullabies", "relevancy_score": 0.0, "price": "$18.93"}, {"title": "20th Century Masters: Millennium Collection (CD) (explicit)", "tags": "Music Videos K-pop Bob Marley on CD or Vinyl All Country Contemporary Reggae Pop Folk", "relevancy_score": 0.0, "price": "$16.20"}, {"title": "Youth (CD)", "tags": "Music Videos K-pop All Rap & Hiphop: CDs Vinyl Records Country Contemporary on CD or Reggae Pop Folk", "relevancy_score": 0.0, "price": "$33.69"}, {"title": "Uprising (Remaster) (CD)", "tags": "Rock Music: Vinyl Records General All World & Reggae Music Bob Marley on CD or R&B / Soul and Soul:", "relevancy_score": 0.0, "price": "$14.14"}, {"title": "Various Artists - Pride & Prejudice (Music From the Motion Picture) - CD", "tags": "Only at Walmart Exclusive Vinyl General Records All Pop Music: Music Soundtracks:", "relevancy_score": 68.89527272727274, "price": "$17.00"}, {"title": "Bob Marley & the Wailers (CD)", "tags": "General Vinyl Records All World & Reggae Music Bob Marley on CD or R&B / Soul and Soul:", "relevancy_score": 0.0, "price": "$21.59"}, {"title": "Tighten Up 2 / Various (Vinyl)", "tags": "Rock Music: Vinyl Records General All World & Reggae Music Bob Marley on CD or R&B / Soul and Soul:", "relevancy_score": 0.0, "price": "$28.25"}, {"title": "Irish Favourites / Various (CD)", "tags": "Music Videos Christmas All World & Reggae Contemporary Folk on CD or Vinyl", "relevancy_score": 0.0, "price": "$11.99"}, {"title": "5 Classic Albums", "tags": "Rock Music: Vinyl Records General All World & Reggae Music Bob Marley on CD or R&B / Soul and Soul:", "relevancy_score": 0.0, "price": "$25.06"}, {"title": "New Era (CD)", "tags": "Music Videos K-pop Bob Marley on CD or Vinyl All Country Contemporary Reggae Pop Folk", "relevancy_score": 0.0, "price": "$16.81"}, {"title": "Noel Ellis - Noel Ellis - Vinyl", "tags": "Rock Music: Vinyl Records General All World & Reggae Music Bob Marley on CD or R&B / Soul and Soul:", "relevancy_score": 0.0, "price": "$44.86"}, {"title": "Jimmy Cliff - Best Of Jimmy Cliff - Vinyl", "tags": "Rock Music: Vinyl Records General All World & Reggae Music Bob Marley on CD or R&B / Soul and Soul:", "relevancy_score": 0.0, "price": "$21.96"}, {"title": "El Cartel: The Big Boss (CD) (explicit)", "tags": "Rock Music: Vinyl Records General All World & Reggae Music Bob Marley on CD or R&B / Soul and Soul:", "relevancy_score": 0.0, "price": "$14.58"}, {"title": "Still Rovin After All These Years", "tags": "Music Videos Christmas All World & Reggae Contemporary Folk on CD or Vinyl", "relevancy_score": 0.0, "price": "$29.14"}, {"title": "Folk Songs of Puerto Rico - Folk Songs of Puerto Rico [CD]", "tags": "Music Videos K-pop Bob Marley on CD or Vinyl All Country Contemporary Reggae Pop Folk", "relevancy_score": 0.0, "price": "$14.94"}, {"title": "Prizefighter: Hit After Hit (CD)", "tags": "Music Videos K-pop Bob Marley on CD or Vinyl All Country Contemporary Reggae Pop Folk", "relevancy_score": 15.084363636363637, "price": "$26.88"}, {"title": "Melbourne Ska Orchestra", "tags": "All World & Reggae Music Funk Music: CDs Vinyl Records Pop R&B and Soul: No Doubt", "relevancy_score": 0.0, "price": "$27.48"}, {"title": "Beyond Borders (CD)", "tags": "Music Videos K-pop Bob Marley on CD or Vinyl All Country Contemporary Reggae Pop Folk", "relevancy_score": 0.0, "price": "$13.12"}, {"title": "Best of Simon & Garfunkel (CD)", "tags": "Music Videos K-pop Bob Marley on CD or Vinyl All Country Contemporary Reggae Pop Folk", "relevancy_score": 0.0, "price": "$13.99"}, {"title": "Emerald Musical Gems (CD)", "tags": "Music Videos K-pop Bob Marley on CD or Vinyl All Country Contemporary Reggae Pop Folk", "relevancy_score": 0.0, "price": "$15.99"}, {"title": "96 Degrees in the Shade (CD)", "tags": "Rock Music: Vinyl Records General All World & Reggae Music Bob Marley on CD or R&B / Soul and Soul:", "relevancy_score": 0.0, "price": "$12.83"}, {"title": "Walela Live In Concert", "tags": "Music Videos K-pop Bob Marley on CD or Vinyl All Country Contemporary Reggae Pop Folk", "relevancy_score": 0.0, "price": "$29.86"}, {"title": "Brazil's Greatest Composer (Vinyl)", "tags": "All Rock Music Music: Vinyl Records Rap & Hiphop: CDs Pop Hip-Hop:", "relevancy_score": 0.0, "price": "$19.31"}, {"title": "Phillip Fullwood - Words In Dub - Vinyl", "tags": "Rock Music: Vinyl Records General All World & Reggae Music Bob Marley on CD or R&B / Soul and Soul:", "relevancy_score": 0.0, "price": "$19.98"}, {"title": "Celtic Harpestry / Various (CD)", "tags": "Music Videos Christmas All World & Reggae Contemporary Folk on CD or Vinyl", "relevancy_score": 0.0, "price": "$14.00"}, {"title": "Major Lazer Essentials", "tags": "Rock Music: Vinyl Records General All World & Reggae Music Bob Marley on CD or R&B / Soul and Soul:", "relevancy_score": 0.0, "price": "$20.99"}, {"title": "Darusman,Candra - Detik Waktu: Artistic Journey Of Candra Darusman - Vinyl", "tags": "All Rock Music Music: Vinyl Records Rap & Hiphop: CDs Pop Hip-Hop:", "relevancy_score": 0.0, "price": "$18.90"}, {"title": "Light of Other Days", "tags": "Music Videos Christmas All World & Reggae Contemporary Folk on CD or Vinyl", "relevancy_score": 0.0, "price": "$15.70"}, {"title": "Soul Jazz Records Presents Brazil Usa 70 - Brazilian Music in the USAin the 1970's (CD)", "tags": "Rock Music: Vinyl Records General All World & Reggae Music Bob Marley on CD or R&B / Soul and Soul:", "relevancy_score": 0.0, "price": "$20.08"}, {"title": "Bob Marley & the Wailers - 21st Century Remastered - CD", "tags": "Rock Music: Vinyl Records General All World & Reggae Music Bob Marley on CD or R&B / Soul and Soul:", "relevancy_score": 0.0, "price": "$28.93"}, {"title": "Hollie Cook - Twice - Vinyl", "tags": "Rock Music: Vinyl Records General All World & Reggae Music Bob Marley on CD or R&B / Soul and Soul:", "relevancy_score": 0.0, "price": "$19.48"}, {"title": "Someone Loves You Honey", "tags": "Rock Music: Vinyl Records General All World & Reggae Music Bob Marley on CD or R&B / Soul and Soul:", "relevancy_score": 0.0, "price": "$18.15"}, {"title": "All You Need Is: Bob Marley (CD)", "tags": "Rock Music: Vinyl Records General All World & Reggae Music R&B / Soul and Soul:", "relevancy_score": 0.0, "price": "$10.51"}, {"title": "Greatest Hits", "tags": "All Children's Music Classical Composers on CD or Vinyl Electronica New Age Instrumental Meditation Vocal Easy Listening + Lullabies", "relevancy_score": 12.984363636363636, "price": "$7.94"}, {"title": "Los Corridos Favoritos Del Jefe", "tags": "Music Videos K-pop Bob Marley on CD or Vinyl All Country Contemporary Reggae Pop Folk", "relevancy_score": 0.0, "price": "$5.00"}, {"title": "Best of Labour of Love (Remaster)", "tags": "Rock Music: Vinyl Records General All World & Reggae Music Bob Marley on CD or R&B / Soul and Soul:", "relevancy_score": 0.0, "price": "$11.15"}, {"title": "Swamp Gold 1 / Various", "tags": "", "relevancy_score": 0.0, "price": "$10.99"}, {"title": "y", "tags": "Music Videos K-pop Bob Marley on CD or Vinyl All Country Contemporary Reggae Pop Folk", "relevancy_score": 0.0, "price": "$13.99"}, {"title": "Small Axe (CD)", "tags": "Rock Music: Vinyl Records General All World & Reggae Music Bob Marley on CD or R&B / Soul and Soul:", "relevancy_score": 0.0, "price": "$9.89"}, {"title": "Dance Of The Kora", "tags": "Music Videos K-pop Bob Marley on CD or Vinyl All Country Contemporary Reggae Pop Folk", "relevancy_score": 0.0, "price": "$9.75"}, {"title": "World Dance: Salsa, Vol. II", "tags": "Music Videos K-pop Bob Marley on CD or Vinyl All Country Contemporary Reggae Pop Folk", "relevancy_score": 0.0, "price": "$9.60"}, {"title": "Fela Anikulapo Kuti & Africa 70 - Fear Not For Man - Vinyl", "tags": "All Rock Music Music: Vinyl Records Rap & Hiphop: CDs Pop Hip-Hop:", "relevancy_score": 0.0, "price": "$14.63"}, {"title": "Italian Hits Of The 60S / Various (CD)", "tags": "Music Videos K-pop Bob Marley on CD or Vinyl All Country Contemporary Reggae Pop Folk", "relevancy_score": 0.0, "price": "$7.86"}, {"title": "20 Best Of Island Music (Various Artists)", "tags": "Music Videos K-pop Bob Marley on CD or Vinyl All Country Contemporary Reggae Pop Folk", "relevancy_score": 0.0, "price": "$14.54"}, {"title": "Naruto Super Hits 2006-08 (CD)", "tags": "Music Videos K-pop Bob Marley on CD or Vinyl All Country Contemporary Reggae Pop Folk", "relevancy_score": 0.0, "price": "$41.66"}, {"title": "American Indian Pow Wow: Music Of The Navajo Indians (CD)", "tags": "Music Videos K-pop Bob Marley on CD or Vinyl All Country Contemporary Reggae Pop Folk", "relevancy_score": 0.0, "price": "$14.99"}, {"title": "Navajo: Traditional Navajo Songs / Various", "tags": "Music Videos K-pop Bob Marley on CD or Vinyl All Country Contemporary Reggae Pop Folk", "relevancy_score": 0.0, "price": "$19.20"}, {"title": "Reasons Why: The Very Best (Includes DVD)", "tags": "Music Videos K-pop Bob Marley on CD or Vinyl All Country Contemporary Reggae Pop Folk", "relevancy_score": 0.0, "price": "$18.93"}, {"title": "Indestructible (CD)", "tags": "Music Videos K-pop Bob Marley on CD or Vinyl All Country Contemporary Reggae Pop Folk", "relevancy_score": 0.0, "price": "$17.68"}, {"title": "French Songs", "tags": "Music Videos K-pop Bob Marley on CD or Vinyl All Country Contemporary Reggae Pop Folk", "relevancy_score": 0.0, "price": "$17.39"}, {"title": "Alison Krauss - Now That I've Found You: Collection - CD", "tags": "All Soundtracks World & Reggae Music Country Blues on CD or Vinyl Contemporary Traditional Bluegrass Folk", "relevancy_score": 45.21415384615385, "price": "$15.44"}, {"title": "Very Best of", "tags": "Music Videos Christmas All World & Reggae Contemporary Folk on CD or Vinyl", "relevancy_score": 0.0, "price": "$8.16"}, {"title": "TWICE - Feel Special (CD)", "tags": "Music Videos New Release K-pop All Soundtracks Rap & Hiphop: CDs Vinyl Records Books Dance Pop", "relevancy_score": 10.058, "price": "$42.33"}, {"title": "Grignani,Gianluca - Destinazione Paradiso - Deluxe Edition - Vinyl", "tags": "All Rock Music Music: Vinyl Records Rap & Hiphop: CDs Pop Hip-Hop:", "relevancy_score": 0.0, "price": "$41.75"}, {"title": "Vol 1 (Twicetagram) (CD)", "tags": "Music Videos K-pop Bob Marley on CD or Vinyl All Country Contemporary Reggae Pop Folk", "relevancy_score": 5.029935483870967, "price": "$25.99"}, {"title": "BTS - Boy In Luv - CD", "tags": "Music Videos K-pop Bob Marley on CD or Vinyl All Country Contemporary Reggae Pop Folk", "relevancy_score": 4.029935483870967, "price": "$14.35"}, {"title": "Reflections: The Studio Albums 1985-1994 (CD)", "tags": "Music Videos K-pop Bob Marley on CD or Vinyl All Country Contemporary Reggae Pop Folk", "relevancy_score": 0.0, "price": "$42.70"}, {"title": "Danger (Japanese Version) (CD)", "tags": "Music Videos K-pop Bob Marley on CD or Vinyl All Country Contemporary Reggae Pop Folk", "relevancy_score": 0.0, "price": "$15.96"}, {"title": "Collection of Roxette Hits: Their 20 Greatest (Remaster) (CD)", "tags": "Music Videos K-pop All Country Contemporary on CD or Vinyl Pop Rock Reggae Folk", "relevancy_score": 10.058, "price": "$12.82"}, {"title": "Specials (40th Anniversary Half-speed Master) (Vinyl) (explicit)", "tags": "Rock Music: Vinyl Records General All World & Reggae Music Bob Marley on CD or R&B / Soul and Soul:", "relevancy_score": 0.0, "price": "$29.98"}, {"title": "Seventeen (CD)", "tags": "Music Videos New Release K-pop All Country Contemporary on CD or Vinyl Dance Pop Folk", "relevancy_score": 0.0, "price": "$22.82"}, {"title": "Iration - Time Bomb - Vinyl", "tags": "Rock Music: Vinyl Records General All World & Reggae Music Bob Marley on CD or R&B / Soul and Soul:", "relevancy_score": 0.0, "price": "$17.99"}, {"title": "Easy Star All-Stars - Radiodread (Special Edition) - Vinyl", "tags": "Rock Music: Vinyl Records General All World & Reggae Music Bob Marley on CD or R&B / Soul and Soul:", "relevancy_score": 0.0, "price": "$24.93"}, {"title": "Harder They Come / Various - Vinyl", "tags": "Rock Music: Vinyl Records General All World & Reggae Music Bob Marley on CD or R&B / Soul and Soul:", "relevancy_score": 0.0, "price": "$18.13"}, {"title": "The Very Best Of Eddy Grant: The Road To Reparation (CD)", "tags": "Rock Music: Vinyl Records General All World & Reggae Music Bob Marley on CD or R&B / Soul and Soul:", "relevancy_score": 0.0, "price": "$11.71"}, {"title": "Best Philippine Centennial Songs", "tags": "Music Videos K-pop Bob Marley on CD or Vinyl All Country Contemporary Reggae Pop Folk", "relevancy_score": 0.0, "price": "$43.00"}, {"title": "Decade (CD)", "tags": "Music Videos K-pop All Country Contemporary on CD or Vinyl Celtic Reggae Pop Folk", "relevancy_score": 0.0, "price": "$25.41"}, {"title": "Bob Marley - Natty Dread - Vinyl", "tags": "Rock Music: Vinyl Records General All World & Reggae Music Bob Marley on CD or R&B / Soul and Soul:", "relevancy_score": 0.0, "price": "$22.45"}, {"title": "So Far...the Best Of Sinead O'connor (CD)", "tags": "Music Videos K-pop Bob Marley on CD or Vinyl All Country Contemporary Reggae Pop Folk", "relevancy_score": 0.0, "price": "$16.01"}, {"title": "Emerald: Musical Gems (CD)", "tags": "Music Videos Christmas All World & Reggae Contemporary Folk on CD or Vinyl", "relevancy_score": 19.309176470588234, "price": "$12.86"}, {"title": "Re: Blackpink (CD)", "tags": "Music Videos New Release K-pop All Country Contemporary on CD or Vinyl Reggae Pop Folk", "relevancy_score": 0.0, "price": "$29.63"}, {"title": "Nashville: Season 5 Volume 3 Soundtrack (CD)", "tags": "Only at Walmart All Rock Music Exclusive Vinyl General Records Children's Film Soundtracks Soundtracks:", "relevancy_score": 0.0, "price": "$12.43"}, {"title": "Fela Kuti - He Miss Road - Vinyl", "tags": "All Rock Music Music: Vinyl Records Rap & Hiphop: CDs Pop Hip-Hop:", "relevancy_score": 0.0, "price": "$19.99"}, {"title": "Sting and Shaggy - 44/876 - Vinyl", "tags": "Rock Music: Vinyl Records General All World & Reggae Music Bob Marley on CD or R&B / Soul and Soul:", "relevancy_score": 5.029935483870967, "price": "$20.89"}, {"title": "Insatiable High (CD)", "tags": "Music Videos K-pop Bob Marley on CD or Vinyl All Country Contemporary Reggae Pop Folk", "relevancy_score": 0.0, "price": "$25.02"}, {"title": "Kidz Bop / Various", "tags": "", "relevancy_score": 10.058, "price": "$7.97"}, {"title": "Ethiopiques, Vol. 21: Ethiopia Song", "tags": "Music Videos K-pop Bob Marley on CD or Vinyl All Country Contemporary Reggae Pop Folk", "relevancy_score": 0.0, "price": "$15.47"}, {"title": "Gold (CD) (Remaster)", "tags": "Music Videos K-pop Bob Marley on CD or Vinyl All Country Contemporary Reggae Pop Folk", "relevancy_score": 21.132571428571428, "price": "$18.69"}, {"title": "Shangri-La (4th Mini Album) - Birth Stone Version (CD)", "tags": "Music Videos K-pop Bob Marley on CD or Vinyl All Country Contemporary Reggae Pop Folk", "relevancy_score": 0.0, "price": "$22.45"}, {"title": "The Reckoning (CD)", "tags": "Music Videos K-pop Bob Marley on CD or Vinyl All Country Contemporary Reggae Pop Folk", "relevancy_score": 0.0, "price": "$15.11"}, {"title": "Picking Up the Pieces (CD)", "tags": "Rock Music: Vinyl Records General All World & Reggae Music Classic on CD or Pop Folk", "relevancy_score": 0.0, "price": "$16.06"}, {"title": "22 All Time Favorite Waltzes (CD)", "tags": "Music Videos K-pop All Country Contemporary on CD or Vinyl Easy Listening Reggae Pop Folk", "relevancy_score": 5.029935483870967, "price": "$12.28"}, {"title": "Rastaman Vibration (CD) (Remaster)", "tags": "Rock Music: Vinyl Records General All World & Reggae Music Bob Marley on CD or R&B / Soul and Soul:", "relevancy_score": 0.0, "price": "$13.99"}, {"title": "The Legend Of Mexican Music", "tags": "Latin Music: Vinyl Records Banda Music on CD or Pop Reggaeton / Urbano Merengue Ranchero Salsa All Karaoke", "relevancy_score": 0.0, "price": "$9.36"}, {"title": "BTS - Danger (Japanese Version B) - CD", "tags": "Music Videos K-pop Bob Marley on CD or Vinyl All Country Contemporary Reggae Pop Folk", "relevancy_score": 0.0, "price": "$20.06"}, {"title": "Ingenue", "tags": "Rock Music: Vinyl Records General All Classic Music on CD or Pop Queen", "relevancy_score": 0.0, "price": "$12.93"}, {"title": "Native Visions: A Native American Music Journey (CD)", "tags": "All World & Reggae Music Children's Classical Composers on CD or Vinyl Electronica New Age Instrumental Meditation Vocal Easy Listening", "relevancy_score": 0.0, "price": "$10.89"}, {"title": "Heilung - Ofnir - Vinyl", "tags": "All Rock Music Music: Vinyl Records Rap & Hiphop: CDs World Reggae Pop Hip-Hop:", "relevancy_score": 0.0, "price": "$30.31"}, {"title": "Bridge Over Troubled Water (CD)", "tags": "Music Videos K-pop Bob Marley on CD or Vinyl All Country Contemporary Reggae Pop Folk", "relevancy_score": 0.0, "price": "$11.99"}, {"title": "Oster Project - Oster San No Best [CD]", "tags": "Music Videos K-pop Bob Marley on CD or Vinyl All Country Contemporary Reggae Pop Folk", "relevancy_score": 5.029935483870967, "price": "$34.19"}, {"title": "Hugh Mundell - Africa Must Be Free By 1983 - Vinyl", "tags": "Rock Music: Vinyl Records General All World & Reggae Music Bob Marley on CD or R&B / Soul and Soul:", "relevancy_score": 0.0, "price": "$18.56"}, {"title": "Original Dub Classics / Various (Vinyl)", "tags": "All Rock Music Music: Vinyl Records General Classic on CD or Pop", "relevancy_score": 0.0, "price": "$33.29"}, {"title": "Lifa (CD)", "tags": "Music Videos K-pop Bob Marley on CD or Vinyl All Country Contemporary Reggae Pop Folk", "relevancy_score": 5.029935483870967, "price": "$14.72"}, {"title": "La Musica De Ernesto Lecuona", "tags": "Music Videos K-pop Bob Marley on CD or Vinyl All Country Contemporary Reggae Pop Folk", "relevancy_score": 0.0, "price": "$33.98"}, {"title": "Now (CD)", "tags": "Music Videos K-pop Bob Marley on CD or Vinyl All Country Contemporary Reggae Pop Folk", "relevancy_score": 0.0, "price": "$16.21"}, {"title": "Ranil Y Su Conjunto Tropical - Vinyl", "tags": "All Rock Music Music: Vinyl Records Rap & Hiphop: CDs Pop Hip-Hop:", "relevancy_score": 0.0, "price": "$29.99"}, {"title": "Peace of Mind (CD)", "tags": "Rock Music: Vinyl Records General All World & Reggae Music Bob Marley on CD or R&B / Soul and Soul:", "relevancy_score": 0.0, "price": "$43.00"}, {"title": "For You (CD) (Remaster)", "tags": "Music Videos K-pop Bob Marley on CD or Vinyl All Country Contemporary Reggae Pop Folk", "relevancy_score": 0.0, "price": "$29.53"}, {"title": "More Gregory Isaacs", "tags": "Rock Music: Vinyl Records General All World & Reggae Music Bob Marley on CD or R&B / Soul and Soul:", "relevancy_score": 0.0, "price": "$37.00"}, {"title": "MTV Unplugged", "tags": "Rock Music: Vinyl Records General All World & Reggae Music Bob Marley on CD or R&B / Soul and Soul:", "relevancy_score": 0.0, "price": "$21.62"}, {"title": "S.T 01 Now (CD)", "tags": "Music Videos K-pop Bob Marley on CD or Vinyl All Country Contemporary Reggae Pop Folk", "relevancy_score": 5.029935483870967, "price": "$16.64"}, {"title": "Blue Hawaii", "tags": "Music Videos K-pop Bob Marley on CD or Vinyl All Country Contemporary Reggae Pop Folk", "relevancy_score": 0.0, "price": "$12.46"}, {"title": "Celtic Woman, Vol. 3: The Irish", "tags": "Music Videos Christmas All World & Reggae Contemporary Folk on CD or Vinyl", "relevancy_score": 0.0, "price": "$21.15"}, {"title": "Echoes", "tags": "Music Videos K-pop Bob Marley on CD or Vinyl All Country Contemporary Reggae Pop Folk", "relevancy_score": 0.0, "price": "$24.41"}, {"title": "Na Mele O Paniolo (hawaiian Cowboy Songs) / Var", "tags": "Music Videos K-pop Bob Marley on CD or Vinyl All Country Contemporary Reggae Pop Folk", "relevancy_score": 0.0, "price": "$13.98"}, {"title": "Eastwood Rides Again [Limited Orange Colored Vinyl] [Limited Edition]", "tags": "Rock Music: Vinyl Records General All World & Reggae Music Bob Marley on CD or R&B / Soul and Soul:", "relevancy_score": 0.0, "price": "$27.29"}, {"title": "Buena Vista Social Club Presents", "tags": "Music Videos K-pop Bob Marley on CD or Vinyl All Country Contemporary Reggae Pop Folk", "relevancy_score": 0.0, "price": "$19.69"}, {"title": "Cajun Spice: Dance Music S. Louisiana / Various", "tags": "", "relevancy_score": 0.0, "price": "$17.35"}, {"title": "Classical Folk Music from China", "tags": "Music Videos K-pop Bob Marley on CD or Vinyl All Country Contemporary Reggae Pop Folk", "relevancy_score": 5.029935483870967, "price": "$15.17"}, {"title": "Sunny Side (CD)", "tags": "Music Videos K-pop Bob Marley on CD or Vinyl All Country Contemporary Reggae Pop Folk", "relevancy_score": 0.0, "price": "$22.99"}, {"title": "25 Years (CD) (Includes DVD)", "tags": "Music Videos K-pop Bob Marley on CD or Vinyl All Country Contemporary Reggae Pop Folk", "relevancy_score": 0.0, "price": "$122.18"}, {"title": "Count Me in (CD)", "tags": "Rock Music: Vinyl Records General All World & Reggae Music Bob Marley on CD or R&B / Soul and Soul:", "relevancy_score": 0.0, "price": "$18.32"}, {"title": "Victims", "tags": "Rock Music: Vinyl Records General All World & Reggae Music Bob Marley on CD or R&B / Soul and Soul:", "relevancy_score": 0.0, "price": "$18.62"}, {"title": "Chiu Roy - Remember [CD]", "tags": "Music Videos K-pop Bob Marley on CD or Vinyl All Country Contemporary Reggae Pop Folk", "relevancy_score": 0.0, "price": "$37.99"}, {"title": "Dubbing with the Observer (Vinyl)", "tags": "Rock Music: Vinyl Records General All World & Reggae Music Bob Marley on CD or R&B / Soul and Soul:", "relevancy_score": 0.0, "price": "$28.15"}, {"title": "Tiziano Ferro - Il Mestiere Della Vita Urban Vs Acoustic - Vinyl", "tags": "All Rock Music Music: Vinyl Records Rap & Hiphop: CDs Pop Hip-Hop:", "relevancy_score": 0.0, "price": "$23.44"}, {"title": "Clandestino / Bloody Border (Vinyl) (Limited Edition)", "tags": "All Rock Music Music: Vinyl Records Rap & Hiphop: CDs World Reggae Pop Hip-Hop:", "relevancy_score": 0.0, "price": "$36.06"}, {"title": "Jazz & Standard Complete Collection 1955-66 (CD)", "tags": "Music Videos K-pop Bob Marley on CD or Vinyl All Country Contemporary Reggae Pop Folk", "relevancy_score": 0.0, "price": "$35.72"}, {"title": "Celtic Moods / Various (CD)", "tags": "Music Videos Christmas All World & Reggae Contemporary Folk on CD or Vinyl", "relevancy_score": 0.0, "price": "$8.50"}, {"title": "Live in Anguilla (CD)", "tags": "All Rock Music K-pop Music: Vinyl Records World & Reggae Karaoke David Bowie on CD or Pop", "relevancy_score": 0.0, "price": "$15.41"}, {"title": "Orchestre Poly-Rythmo De Cotonou - Orchestre Poly-Rythmo De Cotonou: Vol. 3-the Skeletal Essences of Voodoo Funk [Vinyl]", "tags": "All Rock Music Music: Vinyl Records Rap & Hiphop: CDs Pop Hip-Hop:", "relevancy_score": 0.0, "price": "$33.65"}, {"title": "Hirie - Dreamer - Vinyl", "tags": "Rock Music: Vinyl Records General All World & Reggae Music Bob Marley on CD or R&B / Soul and Soul:", "relevancy_score": 0.0, "price": "$19.98"}, {"title": "Na Mele Henoheno", "tags": "Music Videos K-pop Bob Marley on CD or Vinyl All Country Contemporary Reggae Pop Folk", "relevancy_score": 0.0, "price": "$14.31"}, {"title": "Reggae Gold 2017 (Various Artists)", "tags": "Rock Music: Vinyl Records General All World & Reggae Music Bob Marley on CD or R&B / Soul and Soul:", "relevancy_score": 0.0, "price": "$16.45"}, {"title": "Best of Irish Rovers (CD)", "tags": "Music Videos Christmas All World & Reggae Contemporary Folk on CD or Vinyl", "relevancy_score": 9.058, "price": "$16.71"}, {"title": "Fatti Sentire Ancora (CD) (Includes DVD)", "tags": "Music Videos K-pop Bob Marley on CD or Vinyl All Country Contemporary Reggae Pop Folk", "relevancy_score": 0.0, "price": "$20.52"}, {"title": "Music of Germany", "tags": "Music Videos K-pop Bob Marley on CD or Vinyl All Country Contemporary Reggae Pop Folk", "relevancy_score": 0.0, "price": "$12.98"}, {"title": "Scott Helman - Augusta - Vinyl", "tags": "All Rock Music Music: Vinyl Records Rap & Hiphop: CDs Pop Hip-Hop:", "relevancy_score": 0.0, "price": "$32.38"}, {"title": "I Love Scottish Bagpipes (CD)", "tags": "Music Videos K-pop Bob Marley on CD or Vinyl All Country Contemporary Reggae Pop Folk", "relevancy_score": 0.0, "price": "$9.53"}, {"title": "30 Years Of Tejano Music Memories, Vol. 1 (CD)", "tags": "Music Videos K-pop All Country Contemporary on CD or Vinyl Reggae Latin Pop Folk", "relevancy_score": 0.0, "price": "$8.44"}, {"title": "Wild Tchoupitoulas (CD)", "tags": "Miranda Lambert Music on CD or Vinyl All World & Reggae Country Music: Records Contemporary Traditional Bluegrass Folk", "relevancy_score": 0.0, "price": "$14.35"}, {"title": "Traditional Lakota Songs", "tags": "Music Videos K-pop Bob Marley on CD or Vinyl All Country Contemporary Reggae Pop Folk", "relevancy_score": 0.0, "price": "$15.98"}, {"title": "Chicago Christmas 2019 [Green Vinyl]", "tags": "All Rock Music Music: Vinyl Records Christmas General Classic on CD or Pop", "relevancy_score": 0.0, "price": "$38.92"}, {"title": "Traditional Music To Scotland", "tags": "Music Videos Christmas All World & Reggae Contemporary Folk on CD or Vinyl", "relevancy_score": 0.0, "price": "$12.38"}, {"title": "Forever Begins Tonight (CD)", "tags": "Music Videos K-pop Bob Marley on CD or Vinyl All Country Contemporary Reggae Pop Folk", "relevancy_score": 0.0, "price": "$12.98"}, {"title": "Chico Buarque - Chico Buarque De Hollanda - Vinyl", "tags": "All Rock Music Music: Vinyl Records Rap & Hiphop: CDs Pop Hip-Hop:", "relevancy_score": 0.0, "price": "$16.80"}, {"title": "Pomme - Les Failles Caches - CD", "tags": "Music Videos K-pop Bob Marley on CD or Vinyl All Country Contemporary Reggae Pop Folk", "relevancy_score": 0.0, "price": "$18.72"}, {"title": "ROOTSMAN / JAH MEEK - Only Jah / Jah Lifted Me Up - Vinyl", "tags": "Rock Music: Vinyl Records General All World & Reggae Music Bob Marley on CD or R&B / Soul and Soul:", "relevancy_score": 0.0, "price": "$16.04"}, {"title": "Eric Donaldson (Vinyl)", "tags": "All Rock Music Music: Vinyl Records Rap & Hiphop: CDs Pop Hip-Hop:", "relevancy_score": 0.0, "price": "$24.98"}, {"title": "Stephen Marley - Revelation Pt 1 Root Of Life - Vinyl", "tags": "Rock Music: Vinyl Records General All World & Reggae Music Bob Marley on CD or R&B / Soul and Soul:", "relevancy_score": 0.0, "price": "$32.81"}, {"title": "Music of Hawaii / Various (CD)", "tags": "Music Videos K-pop Bob Marley on CD or Vinyl All Country Contemporary Reggae Pop Folk", "relevancy_score": 0.0, "price": "$7.99"}, {"title": "High Kings (CD) (Digi-Pak)", "tags": "Music Videos Christmas All World & Reggae Contemporary Folk on CD or Vinyl", "relevancy_score": 25.132571428571428, "price": "$16.69"}, {"title": "Survival (CD) (Remaster)", "tags": "Rock Music: Vinyl Records General All World & Reggae Music Bob Marley on CD or R&B / Soul and Soul:", "relevancy_score": 5.029935483870967, "price": "$14.58"}, {"title": "Massimo Ranieri - I Successi Di Massimo Ranieri [CD]", "tags": "Music Videos K-pop Bob Marley on CD or Vinyl All Country Contemporary Reggae Pop Folk", "relevancy_score": 0.0, "price": "$14.21"}, {"title": "Super Cat - Don Dada", "tags": "Rock Music: Vinyl Records General All World & Reggae Music Bob Marley on CD or R&B / Soul and Soul:", "relevancy_score": 0.0, "price": "$18.23"}, {"title": "Reggae Gold '97 / Various", "tags": "Rock Music: Vinyl Records General All World & Reggae Music Bob Marley on CD or R&B / Soul and Soul:", "relevancy_score": 0.0, "price": "$35.90"}, {"title": "Junior Murvin - Police & Thieves - Vinyl", "tags": "Rock Music: Vinyl Records General All World & Reggae Music Bob Marley on CD or R&B / Soul and Soul:", "relevancy_score": 0.0, "price": "$20.75"}, {"title": "Bob Marley & the Wailers - Soul Rebels Dub - Vinyl", "tags": "Rock Music: Vinyl Records General All World & Reggae Music Bob Marley on CD or R&B / Soul and Soul:", "relevancy_score": 0.0, "price": "$21.97"}, {"title": "Live in Japan", "tags": "Music Videos K-pop Bob Marley on CD or Vinyl All Country Contemporary Reggae Pop Folk", "relevancy_score": 0.0, "price": "$22.82"}, {"title": "AMERICA'S GREATEST HITS, VOL. 13: 1962 [BOX]", "tags": "", "relevancy_score": 0.0, "price": "$47.00"}, {"title": "LES FILLES DE ILLIGHADAD - Eghass Malan - Vinyl", "tags": "All Rock Music Music: Vinyl Records Rap & Hiphop: CDs Pop Hip-Hop:", "relevancy_score": 0.0, "price": "$22.99"}, {"title": "Shaday (CD)", "tags": "Music Videos K-pop Bob Marley on CD or Vinyl All Country Contemporary Reggae Pop Folk", "relevancy_score": 0.0, "price": "$16.70"}, {"title": "Grandes Exitos (CD)", "tags": "Music Videos K-pop Bob Marley on CD or Vinyl All Country Contemporary Reggae Pop Folk", "relevancy_score": 0.0, "price": "$9.37"}, {"title": "Yaga Yaga (CD)", "tags": "Rock Music: Vinyl Records General All World & Reggae Music Bob Marley on CD or R&B / Soul and Soul:", "relevancy_score": 0.0, "price": "$16.11"}, {"title": "XV 15 Year Anniversary Edition - Total Reworx Vol.2", "tags": "Music Videos K-pop Bob Marley on CD or Vinyl All Country Contemporary Reggae Pop Folk", "relevancy_score": 0.0, "price": "$24.93"}, {"title": "PERRY,LEE & UPSETTERS - Cloak & Dagger - Vinyl", "tags": "Rock Music: Vinyl Records General All World & Reggae Music Bob Marley on CD or R&B / Soul and Soul:", "relevancy_score": 0.0, "price": "$22.68"}, {"title": "Best Of", "tags": "Rock Music: Vinyl Records General All World & Reggae Music Bob Marley on CD or R&B / Soul and Soul:", "relevancy_score": 0.0, "price": "$15.66"}, {"title": "Viva Zapata - Viva Zapata - Vinyl", "tags": "All Rock Music Music: Vinyl Records Rap & Hiphop: CDs Pop Hip-Hop:", "relevancy_score": 0.0, "price": "$15.98"}, {"title": "The Best Of Beau Jocque and The Zydeco Hi-Rollers (CD)", "tags": "", "relevancy_score": 0.0, "price": "$12.53"}, {"title": "Headstrong (CD) (explicit)", "tags": "All Rock Music Christmas Music: Vinyl Records General Classic on CD or Motley Crue", "relevancy_score": 0.0, "price": "$21.17"}, {"title": "Falling Into Place (CD)", "tags": "Rock Music: Vinyl Records General All World & Reggae Music Bob Marley on CD or R&B / Soul and Soul:", "relevancy_score": 5.029935483870967, "price": "$10.96"}, {"title": "Best of the Original Dubliners", "tags": "Music Videos Christmas All World & Reggae Contemporary Folk on CD or Vinyl", "relevancy_score": 0.0, "price": "$10.97"}, {"title": "Bagpipe Marches and Music Of Scotland (CD)", "tags": "Music Videos K-pop Bob Marley on CD or Vinyl All Country Contemporary Reggae Pop Folk", "relevancy_score": 0.0, "price": "$12.97"}, {"title": "Celtic Horizons (CD)", "tags": "Music Videos Christmas All World & Reggae Contemporary Folk on CD or Vinyl", "relevancy_score": 0.0, "price": "$17.04"}, {"title": "Burial Ground (CD)", "tags": "Rock Music: Vinyl Records General All World & Reggae Music Bob Marley on CD or R&B / Soul and Soul:", "relevancy_score": 0.0, "price": "$18.71"}, {"title": "Lucid (Vinyl)", "tags": "All Rock Music Music: Vinyl Records Rap & Hiphop: CDs Pop Hip-Hop:", "relevancy_score": 0.0, "price": "$25.07"}, {"title": "Guitarra Con Amor", "tags": "Music Videos K-pop Bob Marley on CD or Vinyl All Country Contemporary Reggae Pop Folk", "relevancy_score": 0.0, "price": "$35.00"}, {"title": "Glen Campbell - Adi\u00f3s (CD)", "tags": "Music Videos K-pop All Country Christian on CD or Vinyl Contemporary Reggae Pop Folk", "relevancy_score": 5.029935483870967, "price": "$12.25"}, {"title": "Or Noir Part 3 (CD)", "tags": "Music Videos K-pop Bob Marley on CD or Vinyl All Country Contemporary Reggae Pop Folk", "relevancy_score": 0.0, "price": "$13.87"}, {"title": "MERGIA,HAILU & DAHLAK BAND - Wede Harer Guzo - Vinyl", "tags": "All Rock Music Music: Vinyl Records Rap & Hiphop: CDs Pop Hip-Hop:", "relevancy_score": 0.0, "price": "$22.02"}, {"title": "The Specials - The Singles - CD", "tags": "Rock Music: Vinyl Records General All World & Reggae Music Bob Marley on CD or R&B / Soul and Soul:", "relevancy_score": 0.0, "price": "$11.98"}, {"title": "Hyung Jun Kim - Escape [CD]", "tags": "Music Videos K-pop Bob Marley on CD or Vinyl All Country Contemporary Reggae Pop Folk", "relevancy_score": 0.0, "price": "$19.99"}, {"title": "Caetano Veloso: 50th Anniversary Edition (Mini LP Replica) (CD)", "tags": "Music Videos K-pop Bob Marley on CD or Vinyl All Country Contemporary Reggae Pop Folk", "relevancy_score": 0.0, "price": "$14.52"}, {"title": "The Beverly Hillbillies Featuring the Stars of the CBS NetworkTelevision Series (Various Artists)", "tags": "", "relevancy_score": 0.0, "price": "$14.14"}, {"title": "Rough Guide To A World Of Psychedelia / Various - Vinyl", "tags": "All Rock Music Music: Vinyl Records Rap & Hiphop: CDs Pop Hip-Hop:", "relevancy_score": 0.0, "price": "$14.32"}, {"title": "Reggae From The Music Vault / Various (CD)", "tags": "Rock Music: Vinyl Records General All World & Reggae Music Bob Marley on CD or R&B / Soul and Soul:", "relevancy_score": 5.029935483870967, "price": "$19.17"}, {"title": "African Tribal Music & Dances / Various", "tags": "Miranda Lambert Music on CD or Vinyl All World & Reggae Country Music: Records Contemporary Traditional Bluegrass Folk", "relevancy_score": 0.0, "price": "$8.28"}, {"title": "Night Nurse (CD)", "tags": "Rock Music: Vinyl Records General All World & Reggae Music Bob Marley on CD or R&B / Soul and Soul:", "relevancy_score": 5.029935483870967, "price": "$11.18"}, {"title": "The Journey: The Very Best Of (CD) (Includes DVD)", "tags": "Rock Music: Vinyl Records General All World & Reggae Music Bob Marley on CD or R&B / Soul and Soul:", "relevancy_score": 5.029935483870967, "price": "$28.09"}, {"title": "Older But No Wiser", "tags": "Music Videos Christmas All World & Reggae Contemporary Folk on CD or Vinyl", "relevancy_score": 0.0, "price": "$17.61"}, {"title": "James Galway / Greatest Hits", "tags": "Music Videos K-pop Bob Marley on CD or Vinyl All Country Contemporary Reggae Pop Folk", "relevancy_score": 5.029935483870967, "price": "$14.99"}, {"title": "Legend Live - Santa Barbara County Bowl: November 25th 1979 (CD) (Includes DVD)", "tags": "Rock Music: Vinyl Records General All World & Reggae Music Bob Marley on CD or R&B / Soul and Soul:", "relevancy_score": 0.0, "price": "$21.04"}, {"title": "Scotland The Brave", "tags": "Music Videos Christmas All World & Reggae Contemporary Folk on CD or Vinyl", "relevancy_score": 0.0, "price": "$12.57"}, {"title": "Ken Boothe - Freedom Street - Vinyl (Limited Edition)", "tags": "Rock Music: Vinyl Records General All World & Reggae Music Bob Marley on CD or R&B / Soul and Soul:", "relevancy_score": 0.0, "price": "$25.21"}, {"title": "Dragonfly", "tags": "Rock Music: Vinyl Records General All World & Reggae Music Bob Marley on CD or R&B / Soul and Soul:", "relevancy_score": 5.029935483870967, "price": "$8.17"}, {"title": "Steel Band Music Of The Caribbean", "tags": "Music Videos K-pop Bob Marley on CD or Vinyl All Country Contemporary Reggae Pop Folk", "relevancy_score": 0.0, "price": "$7.48"}, {"title": "Lucky Street", "tags": "Music Videos K-pop Bob Marley on CD or Vinyl All Country Contemporary Reggae Pop Folk", "relevancy_score": 0.0, "price": "$15.48"}, {"title": "Chega de Saudade", "tags": "Music Videos K-pop Bob Marley on CD or Vinyl All Country Contemporary Reggae Pop Folk", "relevancy_score": 0.0, "price": "$12.60"}, {"title": "Crazy Baldhead - Go Oasis - Vinyl", "tags": "Rock Music: Vinyl Records General All World & Reggae Music Bob Marley on CD or R&B / Soul and Soul:", "relevancy_score": 0.0, "price": "$19.98"}, {"title": "10CC: GREATEST HITS & MORE", "tags": "Music Videos K-pop Bob Marley on CD or Vinyl All Country Contemporary Reggae Pop Folk", "relevancy_score": 0.0, "price": "$13.48"}, {"title": "Rise Up", "tags": "Music Videos K-pop Bob Marley on CD or Vinyl All Country Contemporary Reggae Pop Folk", "relevancy_score": 0.0, "price": "$10.40"}, {"title": "Glaubeliebetod (CD)", "tags": "Music Videos K-pop Bob Marley on CD or Vinyl All Country Contemporary Reggae Pop Folk", "relevancy_score": 0.0, "price": "$11.01"}, {"title": "FORTISSIMO", "tags": "Music Videos K-pop Bob Marley on CD or Vinyl All Country Contemporary Reggae Pop Folk", "relevancy_score": 0.0, "price": "$3.36"}, {"title": "Bamboo On Mountains: Kmhmu Highlanders From Southeast Asia & The U.S.", "tags": "Music Videos K-pop Bob Marley on CD or Vinyl All Country Contemporary Reggae Pop Folk", "relevancy_score": 0.0, "price": "$16.19"}, {"title": "Music From the South - Music From the South: Vol. 5-Song Play & Dance [CD]", "tags": "Music Videos K-pop Bob Marley on CD or Vinyl All Country Contemporary Reggae Pop Folk", "relevancy_score": 0.0, "price": "$16.66"}, {"title": "Request Lines Are Open", "tags": "Music Videos K-pop All Country Music: Vinyl Records Contemporary on CD or Reggae Pop Folk", "relevancy_score": 0.0, "price": "$20.20"}, {"title": "Jimmy Cliff - Jimmy Cliff - CD", "tags": "Rock Music: Vinyl Records General All World & Reggae Music Bob Marley on CD or R&B / Soul and Soul:", "relevancy_score": 0.0, "price": "$13.31"}, {"title": "Same Song (Vinyl)", "tags": "Rock Music: Vinyl Records General All World & Reggae Music Bob Marley on CD or R&B / Soul and Soul:", "relevancy_score": 0.0, "price": "$25.41"}, {"title": "Water Night", "tags": "Music Videos K-pop Bob Marley on CD or Vinyl All Country Contemporary Reggae Pop Folk", "relevancy_score": 0.0, "price": "$13.99"}, {"title": "Me", "tags": "Music Videos K-pop Bob Marley on CD or Vinyl All Country Contemporary Reggae Pop Folk", "relevancy_score": 0.0, "price": "$18.72"}, {"title": "Confrontation (Remaster) (CD)", "tags": "Rock Music: Vinyl Records General All World & Reggae Music Bob Marley on CD or R&B / Soul and Soul:", "relevancy_score": 0.0, "price": "$9.99"}, {"title": "Best Of (Live & Acoustic ) (CD)", "tags": "Music Videos K-pop Bob Marley on CD or Vinyl All Country Contemporary Reggae Pop Folk", "relevancy_score": 0.0, "price": "$12.48"}, {"title": "Traditional Voices / Various", "tags": "Music Videos K-pop Bob Marley on CD or Vinyl All Country Contemporary Reggae Pop Folk", "relevancy_score": 0.0, "price": "$23.84"}, {"title": "Pato Banton - Live in Brazil - CD", "tags": "Rock Music: Vinyl Records General All World & Reggae Music Bob Marley on CD or R&B / Soul and Soul:", "relevancy_score": 0.0, "price": "$13.20"}, {"title": "Mr Mcgregor", "tags": "Rock Music: Vinyl Records General All World & Reggae Music Bob Marley on CD or R&B / Soul and Soul:", "relevancy_score": 0.0, "price": "$21.29"}, {"title": "Essential Irish St Patrick's Festival / Various (CD)", "tags": "Miranda Lambert Music on CD or Vinyl All World & Reggae Country Music: Records Contemporary Traditional Bluegrass Folk", "relevancy_score": 0.0, "price": "$14.23"}, {"title": "Authentic Music of the Snake Charmers of India (CD) (Remaster)", "tags": "Music Videos K-pop Bob Marley on CD or Vinyl All Country Contemporary Reggae Pop Folk", "relevancy_score": 0.0, "price": "$12.97"}, {"title": "Christmas Gift from TVXQ", "tags": "All Rock Music Music: Vinyl Records Christmas General Classic on CD or Pop", "relevancy_score": 0.0, "price": "$14.94"}, {"title": "[Celtic Woman] Walking in the Air Brand New DVD", "tags": "Music Videos Christmas All World & Reggae Contemporary Folk on CD or Vinyl", "relevancy_score": 15.084363636363637, "price": "$46.58"}, {"title": "Mask & Mirror (CD) (Remaster)", "tags": "All Children's Music Classical Composers on CD or Vinyl Electronica New Age Instrumental Meditation Vocal Easy Listening + Lullabies", "relevancy_score": 0.0, "price": "$19.42"}, {"title": "Very Best Of Lila Downs", "tags": "Music Videos K-pop Bob Marley on CD or Vinyl All Country Contemporary Reggae Pop Folk", "relevancy_score": 0.0, "price": "$26.66"}, {"title": "The Lone Bellow (CD)", "tags": "Music Videos K-pop Bob Marley on CD or Vinyl All Country Contemporary Reggae Pop Folk", "relevancy_score": 10.058, "price": "$19.94"}, {"title": "Present Arms (CD)", "tags": "Rock Music: Vinyl Records General All World & Reggae Music Bob Marley on CD or R&B / Soul and Soul:", "relevancy_score": 0.0, "price": "$15.35"}, {"title": "Los Reyes Del Rap (explicit) (Digi-Pak)", "tags": "All Rap & Hiphop: CDs Vinyl Records World Reggae Music Pitbull on CD or Latin Pop", "relevancy_score": 0.0, "price": "$13.98"}, {"title": "The Lost Songs Of World War II (CD)", "tags": "All R&B / Soul Music Contemporary Christian on CD or Vinyl Praise & Worship Easy Listening Music: CDs Funk Records Heavy Metal Folk", "relevancy_score": 0.0, "price": "$13.41"}, {"title": "India: North Indian Folk Music", "tags": "Music Videos K-pop Bob Marley on CD or Vinyl All Country Contemporary Reggae Pop Folk", "relevancy_score": 0.0, "price": "$14.94"}, {"title": "Blast from the Bayou", "tags": "", "relevancy_score": 0.0, "price": "$20.31"}, {"title": "Il Meglio Di Iva Zanicchi (CD)", "tags": "Music Videos K-pop Bob Marley on CD or Vinyl All Country Contemporary Reggae Pop Folk", "relevancy_score": 0.0, "price": "$14.80"}, {"title": "Capernaum", "tags": "Music Videos Christmas All World & Reggae Contemporary Folk on CD or Vinyl", "relevancy_score": 0.0, "price": "$17.66"}, {"title": "Finally (CD)", "tags": "Music Videos K-pop Bob Marley on CD or Vinyl All Country Contemporary Reggae Pop Folk", "relevancy_score": 0.0, "price": "$43.07"}, {"title": "Yiddish Songs & Klezmer Music", "tags": "Music Videos K-pop Bob Marley on CD or Vinyl All Country Contemporary Reggae Pop Folk", "relevancy_score": 0.0, "price": "$14.75"}, {"title": "Kimi No Na Ha (CD)", "tags": "Music Videos K-pop Bob Marley on CD or Vinyl All Country Contemporary Reggae Pop Folk", "relevancy_score": 1.0299354838709678, "price": "$17.81"}, {"title": "Symphony: Live in Vienna (CD)", "tags": "Music Videos K-pop Bob Marley on CD or Vinyl All Country Contemporary Reggae Pop Folk", "relevancy_score": 10.058, "price": "$17.41"}]