[{"title": "Various Artists - Disney Karaoke Series: Disney Favorites / Various - CD", "tags": "Music Videos Christmas All Soundtracks Children's Movie + TV Dance Pop Rock on CD or Vinyl Film Karaoke", "relevancy_score": 24.11125714285714, "price": "$9.66"}, {"title": "Various Artists - Children's Favorites, Vol. 1 - CD", "tags": "Christmas Music All Soundtracks Children's Sing-a-Long on CD or Vinyl Movie + TV Pop Rock Film Karaoke", "relevancy_score": 65.87088695652173, "price": "$8.08"}, {"title": "Various Artists - Toddler Favorites / Various - CD", "tags": "Christmas Music All Soundtracks Wedding Children's Religious on CD or Vinyl Sing-a-Long Sacred / Pop Rock Karaoke", "relevancy_score": 90.5294923076923, "price": "$8.42"}, {"title": "Cedarmont Kids - 100 Singalong Songs For Kids (3CD)", "tags": "Christmas Music All Soundtracks Wedding Children's Religious on CD or Vinyl Sing-a-Long Sacred / Pop Rock Karaoke", "relevancy_score": 216.083053164557, "price": "$7.58"}, {"title": "Kidz Bop Kids - Kidz Bop Greatest Hits - CD", "tags": "Music Videos Only at Walmart Christmas All Soundtracks Children's Movie + TV Pop Rock on CD or Vinyl Film Karaoke", "relevancy_score": 46.1947, "price": "$13.34"}, {"title": "Various Artists - Disnel Baby Lullaby - CD", "tags": "Christmas Music All Soundtracks Children's Sing-a-Long on CD or Vinyl Classical Composers Pop Rock Karaoke + Lullabies New Age", "relevancy_score": 37.97972307692308, "price": "$8.73"}, {"title": "101 Favorite Sing-A-Long Songs for Kids (CD)", "tags": "Music Videos Christmas Wedding Children's Sing-a-Long on CD or Vinyl Dance Pop Rock All Karaoke New Age", "relevancy_score": 6.048675, "price": "$11.02"}, {"title": "Various Artists - Disney's 20 Silly Songs / Various - CD", "tags": "Christmas Music All Soundtracks Children's Sing-a-Long on CD or Vinyl Movie + TV Pop Rock Film Karaoke", "relevancy_score": 76.78169361702128, "price": "$10.43"}, {"title": "Toddler Action Songs (CD)", "tags": "Christmas Music All Soundtracks Children's Religious on CD or Vinyl Sing-a-Long Sacred / Pop Rock Karaoke New Age", "relevancy_score": 14.170800000000002, "price": "$9.20"}, {"title": "Kidz Bop Kids - Kidz Bop Ultimate Hits - CD", "tags": "Music Videos Only at Walmart All Soundtracks Children's Movie + TV Contemporary Country on CD or Vinyl Dance Pop Rock Karaoke", "relevancy_score": 54.10894634146342, "price": "$11.91"}, {"title": "Veggietales - 25 Favorite Sunday School Songs - CD", "tags": "Rock Music: Vinyl Records Wedding Children's Religious Music on CD or Sing-a-Long Sacred / Adult Contemporary All Karaoke", "relevancy_score": 10.048675, "price": "$8.53"}, {"title": "Various Performers - Songs From Tangled / Various - Vinyl", "tags": "All Soundtracks General Vinyl Records Film Pop Music: Children's Soundtracks:", "relevancy_score": 0.0, "price": "$18.30"}, {"title": "150 All Time Favorite Songs!", "tags": "Christmas Music All Soundtracks Children's Religious on CD or Vinyl Sing-a-Long Sacred / Pop Rock Film Karaoke", "relevancy_score": 10.048675, "price": "$15.24"}, {"title": "Various - Songs From Beauty & The Beast / O.S.T. - Vinyl", "tags": "Christmas Music Music: Vinyl Records All Soundtracks Film Pop Children's Soundtracks:", "relevancy_score": 0.0, "price": "$19.99"}, {"title": "Outlander: Volume 1 (Original Television Soundtrack) (CD)", "tags": "Only at Walmart All Rock Music Exclusive Vinyl General Records Children's Film Soundtracks Soundtracks:", "relevancy_score": 0.0, "price": "$13.47"}, {"title": "Toddler Bible Songs (Audiobook)", "tags": "Christmas Music All Soundtracks Wedding Children's Religious on CD or Vinyl Sing-a-Long Sacred / Pop Rock Karaoke", "relevancy_score": 15.0708, "price": "$3.98"}, {"title": "Various Artists - Disney: Best Of Silly Songs - CD", "tags": "Christmas Music All Soundtracks Wedding Children's Religious on CD or Vinyl Sing-a-Long Sacred / Pop Rock Karaoke", "relevancy_score": 30.947340540540544, "price": "$5.98"}, {"title": "Baby Genius - 50 Classic Lullabies & Soothing Songs (CD)", "tags": "Guitar Accessories All Brass Instruments Sheet Music Stands Woodwind Instrument Reeds Capos Clarinet Acoustic Dampers Foam Tiles", "relevancy_score": 0.0, "price": "$5.61"}, {"title": "Euphoria: Season 1 Soundtrack", "tags": "Only at Walmart All Rock Music Exclusive Vinyl General Records Children's Film Soundtracks Soundtracks:", "relevancy_score": 0.0, "price": "$13.98"}, {"title": "50 Toddler Sing-Along Songs (2CD)", "tags": "Christmas Music All Soundtracks Wedding Children's Religious on CD or Vinyl Sing-a-Long Sacred / Pop Rock Karaoke", "relevancy_score": 0.0, "price": "$9.99"}, {"title": "Mister Rogers - It's Such A Good Feeling: The Best Of Mister Roges - CD", "tags": "Christmas Music All Soundtracks Children's Religious on CD or Vinyl Sing-a-Long Sacred / Contemporary Country Pop Rock Karaoke", "relevancy_score": 0.0, "price": "$24.25"}, {"title": "Dixon,Kyle / Stein,Michael - Stranger Things 3 (original Score From Netflix Series) - CD", "tags": "Stranger Things Wall Decor Eleven Clothing Will Dustin Shop All Books DVDs", "relevancy_score": 0.0, "price": "$13.86"}, {"title": "Big Little Lies (Music From the HBO Limited Series) (Vinyl)", "tags": "Only at Walmart All Rock Music Exclusive Vinyl General Records Children's Film Soundtracks Soundtracks:", "relevancy_score": 0.0, "price": "$32.46"}, {"title": "Peaky Blinders (Original Music From The TV Series) (Vinyl)", "tags": "Only at Walmart All Rock Music Exclusive Vinyl General Records Children's Film Soundtracks Soundtracks:", "relevancy_score": 0.0, "price": "$40.49"}, {"title": "The Lion Guard (Music From the TV Series) Soundtrack (CD)", "tags": "New Release Music All Soundtracks Children's Movie + TV Electronica Pop Rock on CD or Vinyl Soundtracks: Records", "relevancy_score": 62.635451162790694, "price": "$8.53"}, {"title": "Lullaby Album 2 / Various (CD)", "tags": "All Soundtracks Children's Religious Music on CD or Vinyl Sing-a-Long Sacred / Pop Rock Karaoke + Lullabies New Age", "relevancy_score": 5.025122580645161, "price": "$5.99"}, {"title": "Songs and Story: Winnie The Pooh and The Honey Tree (CD)", "tags": "Christmas Music All Soundtracks Children's Religious on CD or Vinyl Sing-a-Long Sacred / Pop Rock Film Karaoke", "relevancy_score": 10.048675, "price": "$6.88"}, {"title": "Sing a Long the Lion King (CD)", "tags": "Christmas Music All Soundtracks Children's Religious on CD or Vinyl Sing-a-Long Sacred / Pop Rock Film Karaoke", "relevancy_score": 0.0, "price": "$8.31"}, {"title": "Breaking Bad (Music From The Original TV Series) (Vinyl) (Limited Edition)", "tags": "Only at Walmart All Rock Music Exclusive Vinyl General Records Children's Film Soundtracks Soundtracks:", "relevancy_score": 0.0, "price": "$93.73"}, {"title": "Kidz Bop, Vol. 31", "tags": "Only at Walmart Christmas Music All Soundtracks Children's Religious on CD or Vinyl Sing-a-Long Dance Pop Rock Karaoke", "relevancy_score": 44.27972307692308, "price": "$10.59"}, {"title": "PBS Publishing Sweet Lullabies 4 CD Set", "tags": "All Soundtracks Children's Religious Music on CD or Vinyl Sing-a-Long Sacred / Pop Rock Karaoke + Lullabies New Age", "relevancy_score": 0.0, "price": "$17.01"}, {"title": "Miami Vice Soundtrack", "tags": "Only at Walmart All Rock Music Exclusive Vinyl General Records Children's Film Soundtracks Soundtracks:", "relevancy_score": 9.048675, "price": "$11.27"}, {"title": "Dixon,Kyle / Stein,Michael - Stranger Things: Volume 2 (A Netflix Original Series Soundtrack) - CD", "tags": "Stranger Things Wall Decor Eleven Clothing Dustin Shop All Books Max DVDs", "relevancy_score": 0.0, "price": "$14.00"}, {"title": "The Ultimate Disney Box", "tags": "Christmas Music All Soundtracks Children's Religious on CD or Vinyl Sing-a-Long Sacred / Pop Rock Film Karaoke", "relevancy_score": 0.0, "price": "$19.89"}, {"title": "Killing Eve: Seasons One & Two - Original Series Soundtrack", "tags": "Only at Walmart All Rock Music Exclusive Vinyl General Records Children's Film Soundtracks Soundtracks:", "relevancy_score": 0.0, "price": "$17.33"}, {"title": "Death Note Soundtrack (Vinyl) (Remaster)", "tags": "Only at Walmart All Rock Music Exclusive Vinyl General Records Children's Film Soundtracks Soundtracks:", "relevancy_score": 0.0, "price": "$42.36"}, {"title": "Ultimate Laurie Berkner Band Collection", "tags": "", "relevancy_score": 0.0, "price": "$12.65"}, {"title": "Various Artists - Disney Junior Dj Shuffle - CD", "tags": "Christmas Music All Soundtracks Children's Sing-a-Long on CD or Vinyl Movie + TV Pop Rock Film Karaoke", "relevancy_score": 43.37972307692307, "price": "$8.96"}, {"title": "Downton Abbey: The Ultimate Collection (CD)", "tags": "Only at Walmart Christmas Music Exclusive Vinyl All Records Children's Movie + TV Soundtracks Film Soundtracks:", "relevancy_score": 0.0, "price": "$19.55"}, {"title": "The Beat Bugs: Best Of Season 1 & 2 (CD)", "tags": "Only at Walmart All Rock Music Exclusive Vinyl General Records Children's Film Soundtracks Soundtracks:", "relevancy_score": 0.0, "price": "$14.64"}, {"title": "Doctor Who: The Daleks' Master Plan (Original BBC TV Soundtrack) (Vinyl)", "tags": "Only at Walmart All Rock Music Exclusive Vinyl General Records Children's Film Soundtracks Soundtracks:", "relevancy_score": 0.0, "price": "$117.04"}, {"title": "Jake and the Never Land Pirates", "tags": "Only at Walmart All Rock Music Exclusive Vinyl General Records Children's Film Soundtracks Soundtracks:", "relevancy_score": 0.0, "price": "$22.40"}, {"title": "She Loves Me 2016 Broadway Cast (Digi-Pak) (CD)", "tags": "", "relevancy_score": 0.0, "price": "$18.98"}, {"title": "Miami Vice II Soundtrack (CD)", "tags": "Music Videos All Soundtracks Children's Pop Rock on CD or Vinyl Film TV Karaoke", "relevancy_score": 0.0, "price": "$14.91"}, {"title": "Disney - Songs and Story: Toy Story - CD", "tags": "Christmas Music All Soundtracks Children's Religious on CD or Vinyl Sing-a-Long Sacred / Pop Rock Film Karaoke", "relevancy_score": 8.048675, "price": "$7.03"}, {"title": "13 REASONS WHY (NETFLIX ORIGINAL SERIES) / O.S.T. - 13 Reasons Why (A Netflix Original Series Soundtrack) - Vinyl", "tags": "Only at Walmart All Rock Music Exclusive Vinyl Music: Records General Soundtracks:", "relevancy_score": 0.0, "price": "$31.05"}, {"title": "Beverly Hills 90210 - Vinyl", "tags": "Only at Walmart All Rock Music Exclusive Vinyl General Records Children's Film Soundtracks Soundtracks:", "relevancy_score": 0.0, "price": "$17.98"}, {"title": "Various Artists - Brave Soundtrack - CD", "tags": "Only at Walmart Exclusive Vinyl All Children's Music Movie + TV Soundtracks Pop Soundtracks: Records", "relevancy_score": 25.929799999999997, "price": "$11.78"}, {"title": "Monster Mash", "tags": "Christmas Music All Soundtracks Children's Religious on CD or Vinyl Sing-a-Long Sacred / Pop Rock Film Karaoke", "relevancy_score": 0.0, "price": "$13.16"}, {"title": "Downton Abbey: The Essential Collection", "tags": "Music Videos Christmas All Soundtracks Children's Film TV Karaoke", "relevancy_score": 16.091623529411766, "price": "$15.52"}, {"title": "Greg & Steve: Big Fun CD", "tags": "Christmas Music All Soundtracks Children's Religious on CD or Vinyl Sing-a-Long Sacred / Pop Rock Film Karaoke", "relevancy_score": 0.0, "price": "$20.72"}, {"title": "Disney's Karaoke Series: Teen Beach 2 (CD)", "tags": "Christmas Music All Soundtracks Children's Religious on CD or Vinyl Sing-a-Long Sacred / Dance Pop Rock Karaoke", "relevancy_score": 0.0, "price": "$7.87"}, {"title": "Cedarmont Kids - Classics: Hymns - CD", "tags": "Christmas Music All Soundtracks Children's Religious on CD or Vinyl Sing-a-Long Sacred / Pop Rock Film Karaoke", "relevancy_score": 5.025122580645161, "price": "$2.86"}, {"title": "Greatest TV Themes Soundtrack (CD)", "tags": "Only at Walmart Exclusive Vinyl General Records All Children's Movie + TV Soundtracks Film Soundtracks:", "relevancy_score": 0.0, "price": "$7.89"}, {"title": "VeggieTales 25 Favorite Silly Songs (Audiobook) (CD)", "tags": "Christmas Music All Soundtracks Children's Religious on CD or Vinyl Sing-a-Long Sacred / Pop Rock Film Karaoke", "relevancy_score": 5.025122580645161, "price": "$9.18"}, {"title": "In Concert (CD)", "tags": "Christmas Music All Soundtracks Children's Religious on CD or Vinyl Sing-a-Long Sacred / Pop Rock Film Karaoke", "relevancy_score": 0.0, "price": "$15.67"}, {"title": "Game of Thrones: Season 8 (Music From the HBO Series)", "tags": "Only at Walmart All Rock Music Exclusive Vinyl General Records Children's Film Soundtracks Soundtracks:", "relevancy_score": 0.0, "price": "$13.98"}, {"title": "The Little Mermaid: The Walt Disney Records Legacy Collection (2CD)", "tags": "All Soundtracks Children's Religious Music on CD or Vinyl Sing-a-Long Sacred / Pop Rock Film Karaoke Soundtracks: Records", "relevancy_score": 5.025122580645161, "price": "$13.98"}, {"title": "Rockabye Baby! - More Lullaby Renditions of the Beatles - CD", "tags": "Christmas Music All Soundtracks Children's Religious on CD or Vinyl Sing-a-Long Sacred / Pop Rock Film Karaoke", "relevancy_score": 0.0, "price": "$16.49"}, {"title": "Greatest Hits (CD)", "tags": "Christmas Music All Soundtracks Children's Religious on CD or Vinyl Sing-a-Long Sacred / Pop Rock Film Karaoke", "relevancy_score": 0.0, "price": "$6.39"}, {"title": "Music Is Awesome 4", "tags": "Christmas Music All Soundtracks Children's Religious on CD or Vinyl Sing-a-Long Sacred / Pop Rock Film Karaoke", "relevancy_score": 5.025122580645161, "price": "$15.86"}, {"title": "Addition Unplugged", "tags": "Christmas Music All Soundtracks Children's Religious on CD or Vinyl Sing-a-Long Sacred / Pop Rock Film Karaoke", "relevancy_score": 0.0, "price": "$17.64"}, {"title": "Lullabies Of Broadway", "tags": "Christmas Music All Soundtracks Children's Religious on CD or Vinyl Sing-a-Long Sacred / Pop Rock Film Karaoke", "relevancy_score": 0.0, "price": "$14.98"}, {"title": "Evergreen Everblue: 20th Anniversary Edition (CD) (Digi-Pak)", "tags": "Christmas Music All Soundtracks Children's Religious on CD or Vinyl Sing-a-Long Sacred / Pop Rock Film Karaoke", "relevancy_score": 0.0, "price": "$14.40"}, {"title": "KIDS IN MOTION CD GREG & STEVE", "tags": "Learning Playsets Leapfrog Science & Education VTech Toys Fisher-Price LeapFrog Math for Kids Play Food", "relevancy_score": 0.0, "price": "$15.29"}, {"title": "Greatest Hits", "tags": "Christmas Music All Soundtracks Children's Religious on CD or Vinyl Sing-a-Long Sacred / Pop Rock Film Karaoke", "relevancy_score": 0.0, "price": "$17.85"}, {"title": "Lullaby Renditions of Elton John", "tags": "Star Wars Music Elton John Books DVDs Posters Shop all Guardians of the Galaxy Rocketman Apparel", "relevancy_score": 0.0, "price": "$16.71"}, {"title": "Songs 4 Kids: Dance-A-Long (Includes DVD)", "tags": "Christmas Music All Soundtracks Children's Religious on CD or Vinyl Sing-a-Long Sacred / Pop Rock Film Karaoke", "relevancy_score": 0.0, "price": "$12.85"}, {"title": "Little Seed: Songs for Children By Woody Guthrie", "tags": "Christmas Music All Soundtracks Children's Religious on CD or Vinyl Sing-a-Long Sacred / Pop Rock Film Karaoke", "relevancy_score": 0.0, "price": "$13.00"}, {"title": "Spooky Favorites (CD)", "tags": "Christmas Music All Soundtracks Children's Religious on CD or Vinyl Sing-a-Long Sacred / Pop Rock Film Karaoke", "relevancy_score": 0.0, "price": "$17.95"}, {"title": "Britell,Nicholas - Succession: Season 1 (HBO Original Series Soundtrack) - Vinyl", "tags": "Only at Walmart All Rock Music Exclusive Vinyl General Records Children's Film Soundtracks Soundtracks:", "relevancy_score": 0.0, "price": "$21.73"}, {"title": "Game Of Thrones: Season 5 Soundtrack (Vinyl) (Limited Edition)", "tags": "Only at Walmart All Rock Music Exclusive Vinyl General Records Children's Film Soundtracks Soundtracks:", "relevancy_score": 0.0, "price": "$31.21"}, {"title": "Castlevania Soundtrack (Vinyl) (Limited Edition)", "tags": "Only at Walmart All Rock Music Exclusive Vinyl General Records Children's Film Soundtracks Soundtracks:", "relevancy_score": 0.0, "price": "$23.37"}, {"title": "Outlander Soundtrack (Vol 1)", "tags": "Only at Walmart All Rock Music Exclusive Vinyl General Records Children's Film Soundtracks Soundtracks:", "relevancy_score": 0.0, "price": "$11.47"}, {"title": "Veggietales Worship Songs (CD)", "tags": "", "relevancy_score": 0.0, "price": "$13.51"}, {"title": "Naptime CD Set - Set of 5", "tags": "RC Toys by Price New Bright Monster Trucks Vehicle Type Cars & SUVs Brand", "relevancy_score": 0.0, "price": "$67.46"}, {"title": "Disney - Songs and Story: Cars - CD", "tags": "Christmas Music All Soundtracks Children's Religious on CD or Vinyl Sing-a-Long Sacred / Pop Rock Film Karaoke", "relevancy_score": 19.291623529411766, "price": "$7.26"}, {"title": "MOOMINVALLEY (MOOMINMAMMA) / O.S.T. - Moominvalley (Moominmamma) Soundtrack - Vinyl", "tags": "Only at Walmart All Rock Music Exclusive Vinyl General Records Children's Film Soundtracks Soundtracks:", "relevancy_score": 0.0, "price": "$26.60"}, {"title": "Durrells (Music From The Series)", "tags": "Only at Walmart All Rock Music Exclusive Vinyl General Records Children's Film Soundtracks Soundtracks:", "relevancy_score": 0.0, "price": "$16.90"}, {"title": "WE ALL LIVE TOGETHER VOLUME 2 CD", "tags": "Christmas Music All Soundtracks Children's Religious on CD or Vinyl Sing-a-Long Sacred / Pop Rock Film Karaoke", "relevancy_score": 5.025122580645161, "price": "$15.29"}, {"title": "Classics: Songs of Praise (CD)", "tags": "Christmas Music All Soundtracks Children's Religious on CD or Vinyl Sing-a-Long Sacred / Pop Rock Film Karaoke", "relevancy_score": 0.0, "price": "$9.14"}, {"title": "Doctor Who: Series 4: The Specials: (Original Television Soundtrack)", "tags": "Music Videos All Soundtracks Children's Pop Rock on CD or Vinyl Film TV Karaoke", "relevancy_score": 0.0, "price": "$19.12"}, {"title": "Fun Food Songs (CD)", "tags": "Christmas Music All Soundtracks Children's Religious on CD or Vinyl Sing-a-Long Sacred / Pop Rock Film Karaoke", "relevancy_score": 0.0, "price": "$12.73"}, {"title": "Rock of Ages (Original Broadway Cast Recording) (CD)", "tags": "Music Videos All Soundtracks Children's Pop Rock on CD or Vinyl Film TV Karaoke", "relevancy_score": 0.0, "price": "$29.54"}, {"title": "You Are My Little Bird", "tags": "Christmas Music All Soundtracks Children's Religious on CD or Vinyl Sing-a-Long Sacred / Pop Rock Film Karaoke", "relevancy_score": 0.0, "price": "$13.00"}, {"title": "Outlander 2 Soundtrack", "tags": "Only at Walmart All Rock Music Exclusive Vinyl General Records Children's Film Soundtracks Soundtracks:", "relevancy_score": 0.0, "price": "$25.69"}, {"title": "Westworld: Season 2 (Music From the HBO Series) (Vinyl)", "tags": "Only at Walmart All Rock Music Exclusive Vinyl General Records Children's Film Soundtracks Soundtracks:", "relevancy_score": 0.0, "price": "$39.99"}, {"title": "Kids Fun (CD)", "tags": "Christmas Music All Soundtracks Children's Religious on CD or Vinyl Sing-a-Long Sacred / Pop Rock Film Karaoke", "relevancy_score": 0.0, "price": "$15.35"}, {"title": "100 Toddler Favorites: 20th Birthday Collection", "tags": "Christmas Music All Soundtracks Children's Religious on CD or Vinyl Sing-a-Long Sacred / Pop Rock Film Karaoke", "relevancy_score": 0.0, "price": "$9.98"}, {"title": "Here Come the Abc's (CD)", "tags": "Christmas Music All Soundtracks Children's Religious on CD or Vinyl Sing-a-Long Sacred / Pop Rock Film Karaoke", "relevancy_score": 0.0, "price": "$10.84"}, {"title": "Kimbo\u00ae Start Smart Songs for 1's 2's & 3's CD", "tags": "Christmas Music All Soundtracks Children's Religious on CD or Vinyl Sing-a-Long Sacred / Pop Rock Film Karaoke", "relevancy_score": 0.0, "price": "$29.95"}, {"title": "Rise & Shine", "tags": "Christmas Music All Soundtracks Children's Religious on CD or Vinyl Sing-a-Long Sacred / Pop Rock Film Karaoke", "relevancy_score": 0.0, "price": "$13.46"}, {"title": "Lullaby Renditions of Taylor Swift", "tags": "Christmas Music All Soundtracks Children's Religious on CD or Vinyl Sing-a-Long Sacred / Pop Rock Film Karaoke", "relevancy_score": 0.0, "price": "$16.71"}, {"title": "Music for Children Box (CD)", "tags": "Christmas Music All Soundtracks Children's Religious on CD or Vinyl Sing-a-Long Sacred / Pop Rock Film Karaoke", "relevancy_score": 0.0, "price": "$31.45"}, {"title": "75 Playtime Songs (CD)", "tags": "Christmas Music All Soundtracks Children's Religious on CD or Vinyl Sing-a-Long Sacred / Pop Rock Film Karaoke", "relevancy_score": 4.025122580645161, "price": "$7.71"}, {"title": "FM Soundtrack (CD)", "tags": "Music Videos All Soundtracks Children's Pop Rock on CD or Vinyl Film TV Karaoke", "relevancy_score": 5.025122580645161, "price": "$19.50"}, {"title": "Bath Time Sing-Along / Various", "tags": "Christmas Music All Soundtracks Children's Religious on CD or Vinyl Sing-a-Long Sacred / Pop Rock Film Karaoke", "relevancy_score": 5.025122580645161, "price": "$9.95"}, {"title": "Dragon Ball Z Ongakusyu 1", "tags": "Shop All My Hero Academia Clothing Rick and Morty Game of Thrones T-Shirts Dragon Ball & Accessories Home Decor Stranger Things", "relevancy_score": 0.0, "price": "$15.11"}, {"title": "Classical Kids Collection 2 / Various (CD)", "tags": "Christmas Music All Soundtracks Children's Religious on CD or Vinyl Sing-a-Long Sacred / Pop Rock Film Karaoke", "relevancy_score": 0.0, "price": "$37.74"}, {"title": "Lullaby Renditions of the Police", "tags": "Christmas Music All Soundtracks Children's Religious on CD or Vinyl Sing-a-Long Sacred / Pop Rock Film Karaoke", "relevancy_score": 0.0, "price": "$17.39"}, {"title": "Bob's Favorite Street Songs", "tags": "Christmas Music All Soundtracks Children's Religious on CD or Vinyl Sing-a-Long Sacred / Pop Rock Film Karaoke", "relevancy_score": 0.0, "price": "$11.96"}, {"title": "Halo 2 Anniversary Soundtrack (CD)", "tags": "Only at Walmart All Rock Music Exclusive Vinyl General Records Children's Film Soundtracks Soundtracks:", "relevancy_score": 0.0, "price": "$21.20"}, {"title": "We Are American's Children", "tags": "Christmas Music All Soundtracks Children's Religious on CD or Vinyl Sing-a-Long Sacred / Pop Rock Film Karaoke", "relevancy_score": 0.0, "price": "$16.75"}, {"title": "Kidz Bop Kids - Kidz Bop, Vol. 19 - CD", "tags": "Only at Walmart Christmas Music All Soundtracks Children's Religious on CD or Vinyl Sing-a-Long Sacred / Pop Rock Karaoke", "relevancy_score": 19.291623529411766, "price": "$12.67"}, {"title": "Yogi Bear Soundtrack", "tags": "Only at Walmart All Rock Music Exclusive Vinyl General Records Children's Film Soundtracks Soundtracks:", "relevancy_score": 0.0, "price": "$6.56"}, {"title": "Totally Transformed (Audiobook)", "tags": "", "relevancy_score": 0.0, "price": "$13.99"}, {"title": "Mondo Math; Addition Facts 1-12", "tags": "Christmas Music All Soundtracks Children's Religious on CD or Vinyl Sing-a-Long Sacred / Pop Rock Film Karaoke", "relevancy_score": 0.0, "price": "$15.03"}, {"title": "Lullaby Renditions Of Green Day", "tags": "Christmas Music All Soundtracks Children's Religious on CD or Vinyl Sing-a-Long Sacred / Pop Rock Film Karaoke", "relevancy_score": 0.0, "price": "$17.46"}, {"title": "Lullaby Renditions Of Selena (CD)", "tags": "", "relevancy_score": 0.0, "price": "$16.98"}, {"title": "Happy Birthday Party Music", "tags": "", "relevancy_score": 3.0251225806451614, "price": "$8.49"}, {"title": "I Could Sing Of Your Love Forever", "tags": "Christmas Music All Soundtracks Children's Religious on CD or Vinyl Sing-a-Long Sacred / Pop Rock Film Karaoke", "relevancy_score": 0.0, "price": "$9.99"}, {"title": "Game of Thrones: Music from the Television Series", "tags": "Only at Walmart All Rock Music Exclusive Vinyl General Records Children's Film Soundtracks Soundtracks:", "relevancy_score": 0.0, "price": "$16.74"}, {"title": "Person of Interest Season 2 Soundtrack", "tags": "Music Videos All Soundtracks Children's Pop Rock on CD or Vinyl Film TV Karaoke", "relevancy_score": 0.0, "price": "$17.39"}, {"title": "Persona 4 Dancing All Night Soundtrack", "tags": "Only at Walmart All Rock Music Exclusive Vinyl General Records Children's Film Soundtracks Soundtracks:", "relevancy_score": 0.0, "price": "$24.38"}, {"title": "A Very Veggie Easter", "tags": "Christmas Music All Soundtracks Children's Religious on CD or Vinyl Sing-a-Long Sacred / Pop Rock Film Karaoke", "relevancy_score": 0.0, "price": "$7.84"}, {"title": "TAKING OFF", "tags": "Christmas Music All Soundtracks Children's Religious on CD or Vinyl Sing-a-Long Sacred / Pop Rock Film Karaoke", "relevancy_score": 0.0, "price": "$13.00"}, {"title": "Dog Man: The Musical (original Cast Recording) - CD", "tags": "Christmas Music All Soundtracks Children's Religious on CD or Vinyl Sing-a-Long Sacred / Pop Rock Film Karaoke", "relevancy_score": 0.0, "price": "$16.45"}, {"title": "Flipside, FLPM10241, 1 Each (CD)", "tags": "Christmas Music All Soundtracks Children's Religious on CD or Vinyl Sing-a-Long Sacred / Pop Rock Film Karaoke", "relevancy_score": 5.025122580645161, "price": "$10.09"}, {"title": "Lullaby Renditions Of Smashing Pumpkins", "tags": "Christmas Music All Soundtracks Children's Religious on CD or Vinyl Sing-a-Long Sacred / Pop Rock Film Karaoke", "relevancy_score": 0.0, "price": "$17.29"}, {"title": "Lullaby Renditions Of The Cure", "tags": "Christmas Music All Soundtracks Children's Religious on CD or Vinyl Sing-a-Long Sacred / Pop Rock Film Karaoke", "relevancy_score": 0.0, "price": "$15.95"}, {"title": "Pinkalicious: The Musical (CD)", "tags": "Only at Walmart All Rock Music Exclusive Vinyl General Records Children's Film Soundtracks Soundtracks:", "relevancy_score": 0.0, "price": "$19.83"}, {"title": "Pirates Bubbles & Llamas", "tags": "Christmas Music All Soundtracks Children's Religious on CD or Vinyl Sing-a-Long Sacred / Pop Rock Film Karaoke", "relevancy_score": 0.0, "price": "$14.60"}, {"title": "Various Artists - Most Amazing Truck, Train and Plane Songs - CD", "tags": "Christmas Music All Soundtracks Children's Religious on CD or Vinyl Sing-a-Long Sacred / Pop Rock Film Karaoke", "relevancy_score": 0.0, "price": "$8.29"}, {"title": "SPIDER-JAZZ / O.S.T. - Spider-Jazz Soundtrack - Vinyl", "tags": "Only at Walmart All Rock Music Exclusive Vinyl General Records Children's Film Soundtracks Soundtracks:", "relevancy_score": 0.0, "price": "$23.53"}, {"title": "25 Favorite Lullaby Songs", "tags": "Christmas Music All Soundtracks Children's Religious on CD or Vinyl Sing-a-Long Sacred / Pop Rock Karaoke + Lullabies", "relevancy_score": 0.0, "price": "$19.02"}, {"title": "Welcome to Fred Penner's Place (CD)", "tags": "Christmas Music All Soundtracks Children's Religious on CD or Vinyl Sing-a-Long Sacred / Pop Rock Film Karaoke", "relevancy_score": 0.0, "price": "$9.93"}, {"title": "Children's Favorites / Various (CD)", "tags": "Christmas Music All Soundtracks Children's Religious on CD or Vinyl Sing-a-Long Sacred / Pop Rock Film Karaoke", "relevancy_score": 0.0, "price": "$8.89"}, {"title": "Lullaby Renditions Of Led Zeppelin", "tags": "Christmas Music All Soundtracks Children's Religious on CD or Vinyl Sing-a-Long Sacred / Pop Rock Film Karaoke", "relevancy_score": 0.0, "price": "$13.99"}, {"title": "Dan Zanes - Rocket Ship Beach - Vinyl", "tags": "Christmas Music All Soundtracks Children's Religious on CD or Vinyl Sing-a-Long Sacred / Pop Rock Film Karaoke", "relevancy_score": 0.0, "price": "$16.98"}, {"title": "Nursery Rhymes & Stories 2", "tags": "Christmas Music All Soundtracks Children's Religious on CD or Vinyl Sing-a-Long Sacred / Pop Rock Film Karaoke", "relevancy_score": 0.0, "price": "$13.45"}, {"title": "Putumayo Presents: African Dreamland (CD)", "tags": "Christmas Music All Soundtracks Children's Religious on CD or Vinyl Sing-a-Long Sacred / Pop Rock Film Karaoke", "relevancy_score": 0.0, "price": "$15.98"}, {"title": "Doctor Who Series 9 Soundtrack (CD)", "tags": "Only at Walmart All Rock Music Exclusive Vinyl General Records Children's Film Soundtracks Soundtracks:", "relevancy_score": 0.0, "price": "$19.91"}, {"title": "Lullaby Renditions of the White Stripes", "tags": "Christmas Music All Soundtracks Children's Religious on CD or Vinyl Sing-a-Long Sacred / Pop Rock Film Karaoke", "relevancy_score": 0.0, "price": "$16.99"}, {"title": "It's a Sunshine Day - Best of the Brady Bunch (CD)", "tags": "All Soundtracks Rap & Hiphop: CDs Vinyl Records General TV Karaoke Music Hip-Hop:", "relevancy_score": 1.0251225806451614, "price": "$13.48"}, {"title": "For The Kids", "tags": "Christmas Music All Soundtracks Children's Religious on CD or Vinyl Sing-a-Long Sacred / Pop Rock Film Karaoke", "relevancy_score": 0.0, "price": "$22.25"}, {"title": "Cafe Do Brasil: A Pure Blend Of Cool Brazilian Music", "tags": "", "relevancy_score": 0.0, "price": "$7.57"}, {"title": "Ally McBeal 2 ( Shepard, Vonda ) Soundtrack (CD)", "tags": "Music Videos All Soundtracks Children's Pop Rock on CD or Vinyl Film TV Karaoke", "relevancy_score": 0.0, "price": "$12.42"}, {"title": "Wiggly Party & Other Kiddy Hits (Karaoke Version) (CD)", "tags": "Christmas Music All Soundtracks Children's Religious on CD or Vinyl Sing-a-Long Sacred / Pop Rock Film Karaoke", "relevancy_score": 0.0, "price": "$14.98"}, {"title": "Songs from Dr Seuss (CD)", "tags": "Christmas Music All Soundtracks Children's Religious on CD or Vinyl Sing-a-Long Sacred / Pop Rock Film Karaoke", "relevancy_score": 0.0, "price": "$12.84"}, {"title": "Lullaby Renditions Of The Doors", "tags": "", "relevancy_score": 0.0, "price": "$16.41"}, {"title": "You're Growing", "tags": "", "relevancy_score": 0.0, "price": "$14.98"}, {"title": "101 Dalmations And Friends", "tags": "Christmas Music All Soundtracks Children's Religious on CD or Vinyl Sing-a-Long Sacred / Pop Rock Film Karaoke", "relevancy_score": 8.048675, "price": "$3.19"}, {"title": "Music Of The Venture Bros, Vol. 2", "tags": "Only at Walmart All Rock Music Exclusive Vinyl General Records Children's Film Soundtracks Soundtracks:", "relevancy_score": 0.0, "price": "$16.59"}, {"title": "Cha Cha Cha (Spanish Learning)", "tags": "Christmas Music All Soundtracks Children's Religious on CD or Vinyl Sing-a-Long Sacred / Pop Rock Film Karaoke", "relevancy_score": 0.0, "price": "$33.00"}, {"title": "Toddlers Sing Rock 'N' Roll (CD)", "tags": "Christmas Music All Soundtracks Children's Religious on CD or Vinyl Sing-a-Long Sacred / Pop Rock Film Karaoke", "relevancy_score": 0.0, "price": "$8.66"}, {"title": "Classic TV Themes of the '50s & '60s: Danger Men, Mavericks, Thrillers and Twilight Zones Soundtrack", "tags": "Only at Walmart All Rock Music Exclusive Vinyl General Records Children's Film Soundtracks Soundtracks:", "relevancy_score": 0.0, "price": "$11.62"}, {"title": "Dr. Jean Sings Silly Songs", "tags": "Christmas Music All Soundtracks Children's Religious on CD or Vinyl Sing-a-Long Sacred / Pop Rock Film Karaoke", "relevancy_score": 0.0, "price": "$21.83"}, {"title": "Lullaby Renditions of Willie Nelson", "tags": "Christmas Music All Soundtracks Children's Religious on CD or Vinyl Sing-a-Long Sacred / Pop Rock Film Karaoke", "relevancy_score": 0.0, "price": "$16.71"}, {"title": "VARIOUS ARTISTS - APRENDIENDO LAS FIGURAS CON MUSICA", "tags": "", "relevancy_score": 0.0, "price": "$5.17"}, {"title": "Lullaby Renditions Of No Doubt", "tags": "Christmas Music All Soundtracks Children's Religious on CD or Vinyl Sing-a-Long Sacred / Pop Rock Film Karaoke", "relevancy_score": 0.0, "price": "$17.29"}, {"title": "Lilah Tov", "tags": "Christmas Music All Soundtracks Children's Religious on CD or Vinyl Sing-a-Long Sacred / Pop Rock Film Karaoke", "relevancy_score": 0.0, "price": "$28.20"}, {"title": "My Very Favourite Nursery Rhyme Record", "tags": "Christmas Music All Soundtracks Children's Religious on CD or Vinyl Sing-a-Long Sacred / Pop Rock Film Karaoke", "relevancy_score": 0.0, "price": "$20.40"}, {"title": "Music for Babies 2: Nighty Night (CD)", "tags": "Christmas Music All Soundtracks Children's Religious on CD or Vinyl Sing-a-Long Sacred / Pop Rock Film Karaoke", "relevancy_score": 0.0, "price": "$19.74"}, {"title": "Pint Size Polkas: Dance! 2", "tags": "Christmas Music All Soundtracks Children's Religious on CD or Vinyl Sing-a-Long Sacred / Pop Rock Film Karaoke", "relevancy_score": 0.0, "price": "$42.00"}, {"title": "40 Children's Favourites / Various (CD)", "tags": "Christmas Music All Soundtracks Children's Religious on CD or Vinyl Sing-a-Long Sacred / Pop Rock Film Karaoke", "relevancy_score": 0.0, "price": "$17.61"}, {"title": "Legion: Season 2 Original Television Series Sound (CD)", "tags": "Only at Walmart All Rock Music Exclusive Vinyl General Records Children's Film Soundtracks Soundtracks:", "relevancy_score": 0.0, "price": "$14.39"}, {"title": "Favorites Series: Toddler Favorites - the Movie (CD)", "tags": "Christmas Music All Soundtracks Children's Religious on CD or Vinyl Sing-a-Long Sacred / Pop Rock Film Karaoke", "relevancy_score": 0.0, "price": "$11.98"}, {"title": "Acoustic Dreamland (CD)", "tags": "Christmas Music All Soundtracks Children's Religious on CD or Vinyl Sing-a-Long Sacred / Pop Rock Film Karaoke", "relevancy_score": 0.0, "price": "$15.98"}, {"title": "Sleep Sound in Jesus (CD)", "tags": "Christmas Music All Soundtracks Children's Religious on CD or Vinyl Sing-a-Long Sacred / Pop Rock Film Karaoke", "relevancy_score": 15.0708, "price": "$17.50"}, {"title": "Sleep with the Angels", "tags": "Christmas Music All Soundtracks Children's Religious on CD or Vinyl Sing-a-Long Sacred / Pop Rock Film Karaoke", "relevancy_score": 0.0, "price": "$14.48"}, {"title": "Christmas Toons (Includes DVD)", "tags": "Christmas Music All Soundtracks Children's Religious on CD or Vinyl Sing-a-Long Sacred / Pop Rock Film Karaoke", "relevancy_score": 0.0, "price": "$11.58"}, {"title": "Various Artists - Hannah Montana 2: Meet Miley Cyrus [CD]", "tags": "Music Videos All Soundtracks Children's Pop Rock on CD or Vinyl Film TV Karaoke", "relevancy_score": 627.8309265822785, "price": "$35.98"}, {"title": "Lifescapes 2-CD Edition All-Time Favorite Kids' Sing-Alongs By Somerset Group", "tags": "Christmas Music All Soundtracks Children's Religious on CD or Vinyl Sing-a-Long Sacred / Pop Rock Film Karaoke", "relevancy_score": 0.0, "price": "$4.99"}, {"title": "Blue Suede Shoes: Elvis Songs For Kids", "tags": "Christmas Music All Soundtracks Children's Religious on CD or Vinyl Sing-a-Long Sacred / Pop Rock Film Karaoke", "relevancy_score": 0.0, "price": "$9.78"}, {"title": "Snazzy", "tags": "", "relevancy_score": 0.0, "price": "$6.50"}, {"title": "Nora's Ark-The Jazz Musical By Eli Yamin & Cliffor", "tags": "Christmas Music All Soundtracks Children's Religious on CD or Vinyl Sing-a-Long Sacred / Pop Rock Film Karaoke", "relevancy_score": 0.0, "price": "$14.48"}, {"title": "When the World Was New", "tags": "Christmas Music All Soundtracks Children's Religious on CD or Vinyl Sing-a-Long Sacred / Pop Rock Film Karaoke", "relevancy_score": 0.0, "price": "$16.22"}, {"title": "Come Sit Beside Me", "tags": "Christmas Music All Soundtracks Children's Religious on CD or Vinyl Sing-a-Long Sacred / Pop Rock Film Karaoke", "relevancy_score": 0.0, "price": "$16.55"}, {"title": "North Dakota! Songs for Kids By Kittyko", "tags": "Christmas Music All Soundtracks Children's Religious on CD or Vinyl Sing-a-Long Sacred / Pop Rock Film Karaoke", "relevancy_score": 0.0, "price": "$17.92"}, {"title": "You're A Good Man Charlie Brown / (o.b.c.r.) (CD)", "tags": "Christmas Music All Soundtracks Children's Religious on CD or Vinyl Sing-a-Long Sacred / Pop Rock Film Karaoke", "relevancy_score": 0.0, "price": "$18.01"}, {"title": "Delilah: My Child", "tags": "Christmas Music All Soundtracks Children's Religious on CD or Vinyl Sing-a-Long Sacred / Pop Rock Film Karaoke", "relevancy_score": 0.0, "price": "$7.67"}, {"title": "Classic Baby Pachelbel", "tags": "Christmas Music All Soundtracks Children's Religious on CD or Vinyl Sing-a-Long Sacred / Pop Rock Film Karaoke", "relevancy_score": 0.0, "price": "$6.99"}, {"title": "El Show de Topa (CD)", "tags": "Christmas Music All Soundtracks Children's Religious on CD or Vinyl Sing-a-Long Sacred / Pop Rock Film Karaoke", "relevancy_score": 0.0, "price": "$7.35"}, {"title": "Grandes Clasicos Infantiles de Todos los Tiempos (CD)", "tags": "Christmas Music All Soundtracks Children's Religious on CD or Vinyl Sing-a-Long Sacred / Pop Rock Film Karaoke", "relevancy_score": 0.0, "price": "$7.36"}, {"title": "Faith Songs", "tags": "Christmas Music All Soundtracks Children's Religious on CD or Vinyl Sing-a-Long Sacred / Pop Rock Film Karaoke", "relevancy_score": 0.0, "price": "$7.45"}, {"title": "Preschool Favorites", "tags": "Christmas Music All Soundtracks Children's Religious on CD or Vinyl Sing-a-Long Sacred / Pop Rock Film Karaoke", "relevancy_score": 0.0, "price": "$7.46"}, {"title": "More Silly Songs / Various", "tags": "Christmas Music All Soundtracks Children's Religious on CD or Vinyl Sing-a-Long Sacred / Pop Rock Film Karaoke", "relevancy_score": 0.0, "price": "$7.50"}, {"title": "VARIOUS ARTISTS - KID'S FUN SONGS", "tags": "Christmas Music All Soundtracks Children's Religious on CD or Vinyl Sing-a-Long Sacred / Pop Rock Film Karaoke", "relevancy_score": 0.0, "price": "$7.51"}, {"title": "Baby Love: Miranda / Various (CD)", "tags": "Christmas Music All Soundtracks Children's Religious on CD or Vinyl Sing-a-Long Sacred / Pop Rock Film Karaoke", "relevancy_score": 0.0, "price": "$7.51"}, {"title": "Vol. 12-Pumuckl Und Die Bergtour/Pu (CD)", "tags": "Christmas Music All Soundtracks Children's Religious on CD or Vinyl Sing-a-Long Sacred / Pop Rock Film Karaoke", "relevancy_score": 0.0, "price": "$7.52"}, {"title": "Disney Princess Party [Includes Party Tips and Games] (CD)", "tags": "Christmas Music All Soundtracks Children's Religious on CD or Vinyl Sing-a-Long Sacred / Pop Rock Film Karaoke", "relevancy_score": 12.970799999999999, "price": "$8.49"}, {"title": "Love Songs for Our Children: Focus on Relationship", "tags": "Christmas Music All Soundtracks Children's Religious on CD or Vinyl Sing-a-Long Sacred / Pop Rock Film Karaoke", "relevancy_score": 0.0, "price": "$8.51"}, {"title": "Mis Amigos los Animales", "tags": "Christmas Music All Soundtracks Children's Religious on CD or Vinyl Sing-a-Long Sacred / Pop Rock Film Karaoke", "relevancy_score": 0.0, "price": "$8.51"}, {"title": "Uncle Rock U.", "tags": "Christmas Music All Soundtracks Children's Religious on CD or Vinyl Sing-a-Long Sacred / Pop Rock Film Karaoke", "relevancy_score": 0.0, "price": "$8.53"}, {"title": "Soulville", "tags": "Christmas Music All Soundtracks Children's Religious on CD or Vinyl Sing-a-Long Sacred / Pop Rock Film Karaoke", "relevancy_score": 0.0, "price": "$8.74"}, {"title": "Tumble Tots - Small People", "tags": "Christmas Music All Soundtracks Children's Religious on CD or Vinyl Sing-a-Long Sacred / Pop Rock Film Karaoke", "relevancy_score": 0.0, "price": "$8.85"}, {"title": "Sweet Dreams", "tags": "Christmas Music All Soundtracks Children's Religious on CD or Vinyl Sing-a-Long Sacred / Pop Rock Film Karaoke", "relevancy_score": 0.0, "price": "$8.89"}, {"title": "Theurgica Kids Song 160 / Various (CD)", "tags": "Christmas Music All Soundtracks Children's Religious on CD or Vinyl Sing-a-Long Sacred / Pop Rock Film Karaoke", "relevancy_score": 0.0, "price": "$8.92"}, {"title": "Baby Love: Play Time", "tags": "Christmas Music All Soundtracks Children's Religious on CD or Vinyl Sing-a-Long Sacred / Pop Rock Film Karaoke", "relevancy_score": 0.0, "price": "$8.92"}, {"title": "Top Pop", "tags": "Christmas Music All Soundtracks Children's Religious on CD or Vinyl Sing-a-Long Sacred / Pop Rock Film Karaoke", "relevancy_score": 0.0, "price": "$8.92"}, {"title": "BIRTHDAY PARTY!-SINGALONG", "tags": "Christmas Music All Soundtracks Children's Religious on CD or Vinyl Sing-a-Long Sacred / Pop Rock Film Karaoke", "relevancy_score": 0.0, "price": "$9.78"}, {"title": "Celebration Of Family", "tags": "Christmas Music All Soundtracks Children's Religious on CD or Vinyl Sing-a-Long Sacred / Pop Rock Film Karaoke", "relevancy_score": 0.0, "price": "$9.78"}, {"title": "Aldeia Colorida (CD)", "tags": "Christmas Music All Soundtracks Children's Religious on CD or Vinyl Sing-a-Long Sacred / Pop Rock Film Karaoke", "relevancy_score": 0.0, "price": "$9.79"}, {"title": "Silent Night / Various", "tags": "Christmas Music All Soundtracks Children's Religious on CD or Vinyl Sing-a-Long Sacred / Pop Rock Film Karaoke", "relevancy_score": 5.025122580645161, "price": "$9.90"}, {"title": "Capitol Kids Hits", "tags": "Christmas Music All Soundtracks Children's Religious on CD or Vinyl Sing-a-Long Sacred / Pop Rock Film Karaoke", "relevancy_score": 0.0, "price": "$9.95"}, {"title": "BODY ROCKS", "tags": "Christmas Music All Soundtracks Children's Religious on CD or Vinyl Sing-a-Long Sacred / Pop Rock Film Karaoke", "relevancy_score": 0.0, "price": "$9.98"}, {"title": "Hollywood Actors with Studio Orchestra - Goldilocks & the Three Bears", "tags": "Christmas Music All Soundtracks Children's Religious on CD or Vinyl Sing-a-Long Sacred / Pop Rock Film Karaoke", "relevancy_score": 0.0, "price": "$9.98"}, {"title": "Hollywood Actors with Studio Orchestra - George Washington", "tags": "Christmas Music All Soundtracks Children's Religious on CD or Vinyl Sing-a-Long Sacred / Pop Rock Film Karaoke", "relevancy_score": 0.0, "price": "$9.98"}, {"title": "Twin Sisters TW528CD 50 Giggly Wiggly Silly Songs 2-CD Digipack", "tags": "Christmas Music All Soundtracks Children's Religious on CD or Vinyl Sing-a-Long Sacred / Pop Rock Film Karaoke", "relevancy_score": 0.0, "price": "$9.99"}, {"title": "Paso a Paso: Step By Step", "tags": "Christmas Music All Soundtracks Children's Religious on CD or Vinyl Sing-a-Long Sacred / Pop Rock Film Karaoke", "relevancy_score": 0.0, "price": "$9.99"}, {"title": "Sweet Dreams", "tags": "Christmas Music All Soundtracks Children's Religious on CD or Vinyl Sing-a-Long Sacred / Pop Rock Film Karaoke", "relevancy_score": 0.0, "price": "$10.59"}, {"title": "Sleeping Beauty And Friends", "tags": "Christmas Music All Soundtracks Children's Religious on CD or Vinyl Sing-a-Long Sacred / Pop Rock Film Karaoke", "relevancy_score": 5.025122580645161, "price": "$10.60"}, {"title": "Magic Machine", "tags": "Christmas Music All Soundtracks Children's Religious on CD or Vinyl Sing-a-Long Sacred / Pop Rock Film Karaoke", "relevancy_score": 0.0, "price": "$10.62"}, {"title": "SPACE CHILD", "tags": "Christmas Music All Soundtracks Children's Religious on CD or Vinyl Sing-a-Long Sacred / Pop Rock Film Karaoke", "relevancy_score": 0.0, "price": "$10.63"}, {"title": "Chocolate Milk", "tags": "Christmas Music All Soundtracks Children's Religious on CD or Vinyl Sing-a-Long Sacred / Pop Rock Film Karaoke", "relevancy_score": 0.0, "price": "$10.64"}, {"title": "Celebration Of Stars: Children's Music By Grammy Celebrated Artists", "tags": "Christmas Music All Soundtracks Children's Religious on CD or Vinyl Sing-a-Long Sacred / Pop Rock Film Karaoke", "relevancy_score": 0.0, "price": "$10.64"}, {"title": "Look Both Ways", "tags": "Christmas Music All Soundtracks Children's Religious on CD or Vinyl Sing-a-Long Sacred / Pop Rock Film Karaoke", "relevancy_score": 0.0, "price": "$10.66"}, {"title": "Dradle 'Round the Tree", "tags": "Christmas Music All Soundtracks Children's Religious on CD or Vinyl Sing-a-Long Sacred / Pop Rock Film Karaoke", "relevancy_score": 0.0, "price": "$10.66"}, {"title": "Hollywood Actors with Studio Orchestra - William Tell", "tags": "Christmas Music All Soundtracks Children's Religious on CD or Vinyl Sing-a-Long Sacred / Pop Rock Film Karaoke", "relevancy_score": 0.0, "price": "$10.66"}, {"title": "Hollywood Actors with Studio Orchestra - Sleeping Beauty", "tags": "Christmas Music All Soundtracks Children's Religious on CD or Vinyl Sing-a-Long Sacred / Pop Rock Film Karaoke", "relevancy_score": 0.0, "price": "$10.66"}, {"title": "Tokyo Ghoul (original Motion Picture Soundtrack)", "tags": "Only at Walmart All Rock Music Exclusive Vinyl General Records Children's Film Soundtracks Soundtracks:", "relevancy_score": 0.0, "price": "$11.24"}, {"title": "Beethoven's Wig: Sing-Along Syms / Sing-Along", "tags": "Christmas Music All Soundtracks Children's Religious on CD or Vinyl Sing-a-Long Sacred / Pop Rock Film Karaoke", "relevancy_score": 0.0, "price": "$11.27"}, {"title": "Icky Sticky", "tags": "Christmas Music All Soundtracks Children's Religious on CD or Vinyl Sing-a-Long Sacred / Pop Rock Film Karaoke", "relevancy_score": 0.0, "price": "$11.27"}, {"title": "Boyz In The Sink", "tags": "Christmas Music All Soundtracks Children's Religious on CD or Vinyl Sing-a-Long Sacred / Pop Rock Film Karaoke", "relevancy_score": 0.0, "price": "$11.27"}, {"title": "Das Blaue Album (CD)", "tags": "Christmas Music All Soundtracks Children's Religious on CD or Vinyl Sing-a-Long Sacred / Pop Rock Film Karaoke", "relevancy_score": 0.0, "price": "$11.32"}, {"title": "Classic Fairy Tales Re-Told", "tags": "Christmas Music All Soundtracks Children's Religious on CD or Vinyl Sing-a-Long Sacred / Pop Rock Film Karaoke", "relevancy_score": 0.0, "price": "$11.42"}, {"title": "Kidz Bop: 33 (Walmart Exclusive)", "tags": "Christmas Music All Soundtracks Children's Religious on CD or Vinyl Sing-a-Long Sacred / Pop Rock Film Karaoke", "relevancy_score": 34.447340540540544, "price": "$11.49"}, {"title": "20 Grandes Clasicos Infantiles / Various (CD)", "tags": "Christmas Music All Soundtracks Children's Religious on CD or Vinyl Sing-a-Long Sacred / Pop Rock Film Karaoke", "relevancy_score": 0.0, "price": "$11.51"}, {"title": "Escape in Time: Popular British Televison Themes (CD)", "tags": "Only at Walmart All Rock Music Exclusive Vinyl General Records Children's Film Soundtracks Soundtracks:", "relevancy_score": 0.0, "price": "$11.51"}, {"title": "Wiggles: Twinkle Twinkle Little Star-Lullabies Per (CD)", "tags": "Christmas Music All Soundtracks Children's Religious on CD or Vinyl Sing-a-Long Sacred / Pop Rock Film Karaoke", "relevancy_score": 0.0, "price": "$11.52"}, {"title": "Aesop's Fables & Fairy Tale / Various", "tags": "Christmas Music All Soundtracks Children's Religious on CD or Vinyl Sing-a-Long Sacred / Pop Rock Film Karaoke", "relevancy_score": 0.0, "price": "$12.07"}, {"title": "Forest Green", "tags": "Christmas Music All Soundtracks Children's Religious on CD or Vinyl Sing-a-Long Sacred / Pop Rock Film Karaoke", "relevancy_score": 0.0, "price": "$12.08"}, {"title": "Let's Pretend", "tags": "Christmas Music All Soundtracks Children's Religious on CD or Vinyl Sing-a-Long Sacred / Pop Rock Film Karaoke", "relevancy_score": 0.0, "price": "$12.10"}, {"title": "Vol. 4-Pumuckl Macht Ferien/Der Gei (CD)", "tags": "Christmas Music All Soundtracks Children's Religious on CD or Vinyl Sing-a-Long Sacred / Pop Rock Film Karaoke", "relevancy_score": 0.0, "price": "$12.10"}, {"title": "Vol. 14-Pumuckl Und Das Goldene Her (CD)", "tags": "Christmas Music All Soundtracks Children's Religious on CD or Vinyl Sing-a-Long Sacred / Pop Rock Film Karaoke", "relevancy_score": 0.0, "price": "$12.10"}, {"title": "To Be Like Jesus", "tags": "Christmas Music All Soundtracks Children's Religious on CD or Vinyl Sing-a-Long Sacred / Pop Rock Film Karaoke", "relevancy_score": 0.0, "price": "$12.10"}, {"title": "Vol. 19-Ein Foehniger Tag/Die Bank V (CD)", "tags": "Christmas Music All Soundtracks Children's Religious on CD or Vinyl Sing-a-Long Sacred / Pop Rock Film Karaoke", "relevancy_score": 0.0, "price": "$12.10"}, {"title": "Songs From Enchanted Tales Vol.2", "tags": "Christmas Music All Soundtracks Children's Religious on CD or Vinyl Sing-a-Long Sacred / Pop Rock Film Karaoke", "relevancy_score": 0.0, "price": "$12.12"}, {"title": "Gustavs Lieer Welt (CD)", "tags": "Christmas Music All Soundtracks Children's Religious on CD or Vinyl Sing-a-Long Sacred / Pop Rock Film Karaoke", "relevancy_score": 0.0, "price": "$12.14"}, {"title": "Follow the Leader", "tags": "Christmas Music All Soundtracks Children's Religious on CD or Vinyl Sing-a-Long Sacred / Pop Rock Film Karaoke", "relevancy_score": 0.0, "price": "$12.14"}, {"title": "Wiggleworms Love You", "tags": "Christmas Music All Soundtracks Children's Religious on CD or Vinyl Sing-a-Long Sacred / Pop Rock Film Karaoke", "relevancy_score": 0.0, "price": "$12.59"}, {"title": "Flipside, FLPM10806, Elizabeth Mitchell Sunny Day CD, 1", "tags": "Christmas Music All Soundtracks Children's Religious on CD or Vinyl Sing-a-Long Sacred / Pop Rock Film Karaoke", "relevancy_score": 0.0, "price": "$12.61"}, {"title": "BABIES GO P!NK *", "tags": "Christmas Music All Soundtracks Children's Religious on CD or Vinyl Sing-a-Long Sacred / Pop Rock Film Karaoke", "relevancy_score": 0.0, "price": "$12.61"}, {"title": "There's a Light in You", "tags": "Christmas Music All Soundtracks Children's Religious on CD or Vinyl Sing-a-Long Sacred / Pop Rock Film Karaoke", "relevancy_score": 0.0, "price": "$12.63"}, {"title": "Go Waggaloo", "tags": "Christmas Music All Soundtracks Children's Religious on CD or Vinyl Sing-a-Long Sacred / Pop Rock Film Karaoke", "relevancy_score": 0.0, "price": "$12.63"}, {"title": "Golden Kids Rules", "tags": "Christmas Music All Soundtracks Children's Religious on CD or Vinyl Sing-a-Long Sacred / Pop Rock Film Karaoke", "relevancy_score": 0.0, "price": "$12.63"}, {"title": "Golden Slumbers: A Father's Lullaby", "tags": "Christmas Music All Soundtracks Children's Religious on CD or Vinyl Sing-a-Long Sacred / Pop Rock Film Karaoke", "relevancy_score": 0.0, "price": "$12.64"}, {"title": "Black Mirror: Nosedive", "tags": "Teens' Wall Decor Dorm Study Essentials Better Homes & Gardens Farmhouse Clocks Picture Frames Shop All Fall Mirrors", "relevancy_score": 0.0, "price": "$12.64"}, {"title": "Purple Pig", "tags": "Christmas Music All Soundtracks Children's Religious on CD or Vinyl Sing-a-Long Sacred / Pop Rock Film Karaoke", "relevancy_score": 0.0, "price": "$12.64"}, {"title": "Oodles & Loads & Lots of Things", "tags": "Christmas Music All Soundtracks Children's Religious on CD or Vinyl Sing-a-Long Sacred / Pop Rock Film Karaoke", "relevancy_score": 0.0, "price": "$12.64"}, {"title": "Hallelujah Handel: Classical Kids", "tags": "Christmas Music All Soundtracks Children's Religious on CD or Vinyl Sing-a-Long Sacred / Pop Rock Film Karaoke", "relevancy_score": 0.0, "price": "$12.98"}, {"title": "Little Nut Tree", "tags": "Christmas Music All Soundtracks Children's Religious on CD or Vinyl Sing-a-Long Sacred / Pop Rock Film Karaoke", "relevancy_score": 0.0, "price": "$13.00"}, {"title": "Nueva York", "tags": "Christmas Music All Soundtracks Children's Religious on CD or Vinyl Sing-a-Long Sacred / Pop Rock Film Karaoke", "relevancy_score": 0.0, "price": "$13.00"}, {"title": "Cellabration: A Tribute To Ella Jenkins", "tags": "Christmas Music All Soundtracks Children's Religious on CD or Vinyl Sing-a-Long Sacred / Pop Rock Film Karaoke", "relevancy_score": 0.0, "price": "$13.04"}, {"title": "Fiesta Musical / Various", "tags": "Christmas Music All Soundtracks Children's Religious on CD or Vinyl Sing-a-Long Sacred / Pop Rock Film Karaoke", "relevancy_score": 0.0, "price": "$13.06"}, {"title": "STAR WARS: THE LAST JEDI", "tags": "Christmas Music All Soundtracks Children's Religious on CD or Vinyl Sing-a-Long Sacred / Pop Rock Film Karaoke", "relevancy_score": 0.0, "price": "$13.08"}, {"title": "Muddy Water Beaver Dam Band", "tags": "Christmas Music All Soundtracks Children's Religious on CD or Vinyl Sing-a-Long Sacred / Pop Rock Film Karaoke", "relevancy_score": 0.0, "price": "$13.09"}, {"title": "Hello Mudda", "tags": "Christmas Music All Soundtracks Children's Religious on CD or Vinyl Sing-a-Long Sacred / Pop Rock Film Karaoke", "relevancy_score": 0.0, "price": "$13.10"}, {"title": "Dream & You Will See", "tags": "Christmas Music All Soundtracks Children's Religious on CD or Vinyl Sing-a-Long Sacred / Pop Rock Film Karaoke", "relevancy_score": 0.0, "price": "$13.10"}, {"title": "Turn Turn Turn", "tags": "Christmas Music All Soundtracks Children's Religious on CD or Vinyl Sing-a-Long Sacred / Pop Rock Film Karaoke", "relevancy_score": 0.0, "price": "$13.11"}]