[
    {
        "title": "RITZ Cheese Crispers Four Cheese and Herb Chips, 7 oz",
        "url": "https://www.walmart.com/ip/RITZ-Cheese-Crispers-Four-Cheese-and-Herb-Chips-7-oz/202454080",
        "price": "$2.93",
        "stars": "4.0",
        "ratings": "27 ",
        "img": "i5.walmartimages.com/asr/12642ea0-3159-4630-ac9f-142a7a77217e.5bd93193c1c810de61b7d2afcd730928.jpeg?odnWidth=612&odnHeight=612&odnBg=ffffff",
        "tags": [
            [
                "Nabisco Crackers",
                "/browse/food/nabisco-crackers/976759_976787_1001392_1898174"
            ],
            [
                "All Chips",
                "/browse/food/all-chips/976759_976787_1001390_2774520"
            ],
            [
                "Sandwich Crackers",
                "/browse/food/sandwich-crackers/976759_976787_1001392_4767196"
            ],
            [
                "Shop Kellogg's",
                "/browse/shop-kelloggs/976759_7786229"
            ],
            [
                "Halloween Snacks",
                "/browse/food/halloween-snacks/976759_1567409_2107086_8205783"
            ],
            [
                "All Ritz Crackers",
                "/browse/food/all-ritz-crackers/976759_976787_1001392_8713132_8999626"
            ],
            [
                "Snack Crackers",
                "/browse/food/snack-crackers/976759_976787_1001392_9358664"
            ]
        ]
    },
    {
        "title": "Nestle Coffee mate Vanilla Caramel Sugar Free Powder Coffee Creamer 10.2 oz.",
        "url": "https://www.walmart.com/ip/Nestle-Coffee-mate-Vanilla-Caramel-Sugar-Free-Powder-Coffee-Creamer-10-2-oz/10291898",
        "price": "$3.27",
        "stars": "4.7",
        "ratings": "245 ",
        "img": "i5.walmartimages.com/asr/f662741e-e8e8-4c67-b0cb-a9a0ccaaef27.defb1c444c33e4242babfd1932d7bf19.jpeg?odnWidth=612&odnHeight=612&odnBg=ffffff",
        "tags": [
            [
                "Sugar Free Food",
                "/browse/food/sugar-free-food/976759_1567409_3170630_2147513"
            ],
            [
                "Non Dairy Creamers",
                "/browse/food/non-dairy-creamers/976759_1086446_1100007_2301544"
            ],
            [
                "Powder Coffee Creamer",
                "/browse/food/powder-coffee-creamer/976759_1086446_1100007_3600436"
            ],
            [
                "Flavored Coffee Creamer",
                "/browse/food/flavored-coffee-creamer/976759_1086446_1100007_3903859"
            ],
            [
                "Sugar Free Coffee Creamer",
                "/browse/food/sugar-free-coffee-creamer/976759_1086446_1100007_5381118"
            ],
            [
                "French Vanilla Creamers",
                "/browse/food/french-vanilla-creamers/976759_1086446_1100007_7552468"
            ],
            [
                "Coffee-Mate",
                "/browse/food/coffee-mate/976759_1086446_1100007_8128797"
            ],
            [
                "Healthy Coffee Creamer",
                "/browse/food/healthy-coffee-creamer/976759_1086446_1100007_8721359"
            ]
        ]
    },
    {
        "title": "KIND Bars, Dark Chocolate Nuts & Sea Salt, Gluten Free - 1.4 Oz, 12 Snack Bars",
        "url": "https://www.walmart.com/ip/KIND-Bars-Dark-Chocolate-Nuts-Sea-Salt-Gluten-Free-1-4-Oz-12-Snack-Bars/139297127",
        "price": "$14.22",
        "stars": "4.7",
        "ratings": "263 ",
        "img": "i5.walmartimages.com/asr/2541b3b9-76aa-4c2e-a6fe-d69d900641d3_1.d64483d90d43056e4e5207a1afcf8ed6.jpeg?odnWidth=612&odnHeight=612&odnBg=ffffff",
        "tags": [
            [
                "On the Go Snacks",
                "/browse/food/on-the-go-snacks/976759_976787_3253105"
            ],
            [
                "Energy Boosting Breakfast",
                "/browse/food/energy-boosting-breakfast/976759_976783_4066706"
            ],
            [
                "KIND Bars",
                "/browse/food/kind-bars/976759_976787_1044154_4935111"
            ],
            [
                "Granola Bars",
                "/browse/food/granola-bars/976759_976787_1044154_5006109"
            ],
            [
                "Gluten Free Snacks, Cookies & Chips",
                "/browse/food/gluten-free-snacks-cookies-chips/976759_1228023_5141486"
            ],
            [
                "Indulgent Breakfast",
                "/browse/food/indulgent-breakfast/976759_976783_7148587"
            ],
            [
                "Dairy Free Foods",
                "/browse/food/dairy-free-foods/976759_5004481_7941405"
            ]
        ]
    },
    {
        "title": "Nature Valley Granola Bars Peanut Butter & Oats 'n Honey",
        "url": "https://www.walmart.com/ip/Nature-Valley-Granola-Bars-Peanut-Butter-Oats-n-Honey/435749939",
        "price": "$5.98",
        "stars": "4.6",
        "ratings": "72 ",
        "img": "i5.walmartimages.com/asr/dd5c06d6-04a1-48e4-95ef-a02a7c2bc220.916b9997b9b42342db5298bfb78ace70.jpeg?odnWidth=612&odnHeight=612&odnBg=ffffff",
        "tags": [
            [
                "Cereal Bars & Breakfast Bars",
                "/browse/food/cereal-bars-breakfast-bars/976759_976783_1001332"
            ],
            [
                "General Mills Snacks",
                "/browse/food/general-mills-snacks/976759_2606229_2043501"
            ],
            [
                "General Mills Fight Hunger",
                "/browse/food/general-mills-fight-hunger/976759_2606229_2161613"
            ],
            [
                "Shop Nature Valley",
                "/browse/food/shop-nature-valley/976759_976787_1044154_4008994"
            ],
            [
                "Granola Bars",
                "/browse/food/granola-bars/976759_976787_1044154_5006109"
            ],
            [
                "Kid's Breakfast",
                "/browse/food/kids-breakfast/976759_1567409_7966149_6779439"
            ],
            [
                "Kid's Lunches",
                "/browse/food/kids-lunches/976759_1567409_7966149_7561098"
            ],
            [
                "New Year New You",
                "/browse/food/new-year-new-you/976759_1567409_3170630_9741688"
            ]
        ]
    },
    {
        "title": "GoGo squeeZ Applesauce, Apple Cinnamon, 3.2 Oz, 4 Ct",
        "url": "https://www.walmart.com/ip/GoGo-squeeZ-Applesauce-Apple-Cinnamon-3-2-Oz-4-Ct/21296220",
        "price": "$2.28",
        "stars": "4.5",
        "ratings": "15 ",
        "img": "i5.walmartimages.com/asr/a994d05a-de27-4c41-9b06-cd2f9a364f4d_2.78abd0a0d9169faa9e67712b68042062.jpeg?odnWidth=612&odnHeight=612&odnBg=ffffff",
        "tags": [
            [
                "Fruit Cups & Fruit Sauces",
                "/browse/food/fruit-cups-fruit-sauces/976759_976787_1044133"
            ],
            [
                "All Canned Goods",
                "/browse/food/all-canned-goods/976759_976794_976785_3021174"
            ],
            [
                "Shop Nature Valley",
                "/browse/food/shop-nature-valley/976759_976787_1044154_4008994"
            ],
            [
                "Granola Bars",
                "/browse/food/granola-bars/976759_976787_1044154_5006109"
            ],
            [
                "Mott's",
                "/browse/food/motts/976759_976782_1001321_6763498"
            ],
            [
                "Meals Restock",
                "/browse/food/meals-restock/976759_1567409_2168938_1811730_6806516"
            ],
            [
                "Applesauce pouches",
                "/browse/food/applesauce-pouches/976759_976794_976785_7645159"
            ],
            [
                "Dairy Free Foods",
                "/browse/food/dairy-free-foods/976759_5004481_7941405"
            ]
        ]
    },
    {
        "title": "Keebler Chocolate Chip Soft Batch Cookies 15 oz tray",
        "url": "https://www.walmart.com/ip/Keebler-Chocolate-Chip-Soft-Batch-Cookies-15-oz-tray/16627411",
        "price": "$2.70",
        "stars": "4.3",
        "ratings": "116 ",
        "img": "",
        "tags": [
            [
                "All Cookies",
                "/browse/food/all-cookies/976759_976787_1001391_1592885"
            ],
            [
                "All Chocolate Chip Cookies",
                "/browse/food/all-chocolate-chip-cookies/976759_976787_1001391_1545456_2687699"
            ],
            [
                "Keebler Cookies",
                "/browse/food/keebler-cookies/976759_976787_1001391_3596825"
            ],
            [
                "Chocolate Cookies",
                "/browse/food/chocolate-cookies/976759_976787_1001391_4007138"
            ],
            [
                "All Pepperidge Farm Cookies",
                "/browse/food/all-pepperidge-farm-cookies/976759_976787_1001391_2410932_5022397"
            ],
            [
                "Keebler Make a Wish",
                "/browse/food/keebler-make-a-wish/976759_976787_1001392_6288413"
            ],
            [
                "Summer Grilling Snacks",
                "/browse/food/summer-grilling-snacks/976759_1567409_8808777_8991223"
            ]
        ]
    },
    {
        "title": "Ginger Snaps Cookies, 16 oz",
        "url": "https://www.walmart.com/ip/Ginger-Snaps-Cookies-16-oz/10292640",
        "price": "$4.84",
        "stars": "4.3",
        "ratings": "260 ",
        "img": "i5.walmartimages.com/asr/f606ddb0-b9b5-40e3-ae6f-195cd7c09620.ac6775344bf49ddd06828914063f18b8.jpeg?odnWidth=612&odnHeight=612&odnBg=ffffff",
        "tags": [
            [
                "All Cookies",
                "/browse/food/all-cookies/976759_976787_1001391_1592885"
            ],
            [
                "Keebler Cookies",
                "/browse/food/keebler-cookies/976759_976787_1001391_3596825"
            ],
            [
                "Chocolate Cookies",
                "/browse/food/chocolate-cookies/976759_976787_1001391_4007138"
            ],
            [
                "All Pepperidge Farm Cookies",
                "/browse/food/all-pepperidge-farm-cookies/976759_976787_1001391_2410932_5022397"
            ],
            [
                "Summer Grilling Snacks",
                "/browse/food/summer-grilling-snacks/976759_1567409_8808777_8991223"
            ],
            [
                "Snack Crackers",
                "/browse/food/snack-crackers/976759_976787_1001392_9358664"
            ]
        ]
    },
    {
        "title": "Sun-Maid California Sun-Dried Raisins, 12 Oz.",
        "url": "https://www.walmart.com/ip/Sun-Maid-California-Sun-Dried-Raisins-12-Oz/20925275",
        "price": "$2.26",
        "stars": "4.7",
        "ratings": "45 ",
        "img": "",
        "tags": [
            [
                "All Fruit Types",
                "/browse/food/all-fruit-types/976759_976787_4962467_2356650_6330824"
            ],
            [
                "Kid's Lunches",
                "/browse/food/kids-lunches/976759_1567409_7966149_7561098"
            ],
            [
                "Raisins",
                "/browse/food/raisins/976759_976787_4962467_2356650_7702391"
            ],
            [
                "Sun-Maid",
                "/browse/food/sun-maid/976759_976787_4962467_2025492_7808166"
            ],
            [
                "Dairy Free Foods",
                "/browse/food/dairy-free-foods/976759_5004481_7941405"
            ],
            [
                "New Dried Fruits",
                "/browse/food/new-dried-fruits/976759_976787_4962467_8466181"
            ],
            [
                "Organic Dried Fruits",
                "/browse/food/organic-dried-fruits/976759_976787_4962467_9452082"
            ]
        ]
    },
    {
        "title": "(2 Pack) Skinny Girl Fat Free Sugar Free Dressing Balsamic Vinaigrette, 8.0 FL OZ",
        "url": "https://www.walmart.com/ip/2-Pack-Skinny-Girl-Fat-Free-Sugar-Free-Dressing-Balsamic-Vinaigrette-8-0-FL-OZ/954881444",
        "price": "$3.80",
        "stars": "4.7",
        "ratings": "69 ",
        "img": "i5.walmartimages.com/asr/8f2bc67c-6c83-4797-9b10-ba312ff61f01_1.57fac6f368f1144bc0c44be9849bb985.jpeg?odnWidth=612&odnHeight=612&odnBg=ffffff",
        "tags": [
            [
                "Sugar-Free Food Essentials",
                "/browse/food/sugar-free-food-essentials/976759_1567409_2168938_8870296_1639022"
            ],
            [
                "Sugar Free Food",
                "/browse/food/sugar-free-food/976759_1567409_3170630_2147513"
            ],
            [
                "Sugar-Free Snacks",
                "/browse/food/sugar-free-snacks/976759_976787_3455839"
            ],
            [
                "All Fresh Packaged Salads, Dressings and Dips",
                "/browse/food/all-fresh-packaged-salads-dressings-dips/976759_1071964_976793_9538337_3695434"
            ],
            [
                "Poppyseed Dressing",
                "/browse/food/poppyseed-dressing/976759_976786_5730644_4249832"
            ],
            [
                "Specialty Dressing",
                "/browse/food/specialty-dressing/976759_976786_5730644_4547303"
            ],
            [
                "Balsamic Dressing",
                "/browse/food/balsamic-dressing/976759_976786_5730644_8476862"
            ]
        ]
    },
    {
        "title": "Pepperidge Farm Goldfish Classic Mix Crackers, Variety Pack Box, 30-count Snack Packs",
        "url": "https://www.walmart.com/ip/Pepperidge-Farm-Goldfish-Classic-Mix-Crackers-Variety-Pack-Box-30-count-Snack-Packs/142074538",
        "price": "$9.98",
        "stars": "4.9",
        "ratings": "120 ",
        "img": "",
        "tags": [
            [
                "All Grab and Go Sandwiches, Salads and Snack Packs",
                "/browse/food/all-grab-go-sandwiches-salads-snack-packs/976759_1071964_976789_1291950_1584059"
            ],
            [
                "All Cookies",
                "/browse/food/all-cookies/976759_976787_1001391_1592885"
            ],
            [
                "Goldfish Crackers",
                "/browse/food/goldfish-crackers/976759_976787_1001392_1904919"
            ],
            [
                "On the Go Snacks",
                "/browse/food/on-the-go-snacks/976759_976787_3253105"
            ],
            [
                "Lunchbox Favorites",
                "/browse/food/lunchbox-favorites/976759_976787_7186343"
            ],
            [
                "Shop Kellogg's",
                "/browse/shop-kelloggs/976759_7786229"
            ],
            [
                "On-the-go Crackers",
                "/browse/food/on-the-go-crackers/976759_976787_1001392_9056086"
            ]
        ]
    }
]