[
    {
        "title": "Zatarain's Blackened Chicken Alfredo Frozen Dinner, 10.5 oz",
        "url": "https://www.walmart.com/ip/Zatarain-s-Blackened-Chicken-Alfredo-Frozen-Dinner-10-5-oz/10849171",
        "price": "$3.18",
        "stars": "4.3",
        "ratings": "60 ",
        "img": "i5.walmartimages.com/asr/9916739a-fda7-4420-9828-fde19c7aa917.d9817252c6590572b6e95a2011e128c0.jpeg?odnWidth=612&odnHeight=612&odnBg=ffffff",
        "tags": [
            [
                "All Fresh Fruit",
                "/browse/food/all-fresh-fruit/976759_1071964_976793_9756351_1759962"
            ],
            [
                "Salty Snacks Stock-Up",
                "/browse/food/salty-snacks-stock-up/976759_976787_1001390_6288637_2319411"
            ],
            [
                "Bananas",
                "/browse/food/bananas/976759_1071964_976793_9756351_2787146"
            ],
            [
                "Frozen Pasta",
                "/browse/food/frozen-pasta/976759_976791_7089533"
            ],
            [
                "Gaming Snacks & Drinks",
                "/browse/food/gaming-snacks-drinks/976759_1567409_8254504"
            ],
            [
                "Frozen Chicken",
                "/browse/food/frozen-chicken/976759_976791_5295075_8609714"
            ],
            [
                "Summer Grilling Snacks",
                "/browse/food/summer-grilling-snacks/976759_1567409_8808777_8991223"
            ]
        ]
    },
    {
        "title": "Marketside Butternut Squash, 16 oz",
        "url": "https://www.walmart.com/ip/Marketside-Butternut-Squash-16-oz/51259258",
        "price": "$2.98",
        "stars": "3.7",
        "ratings": "6 ",
        "img": "i5.walmartimages.com/asr/6e8cbffe-49ed-42cb-a481-157f3361a735_1.29850cd035f3eabc1e1f47be340a23a5.jpeg?odnWidth=612&odnHeight=612&odnBg=ffffff",
        "tags": [
            [
                "Frozen Fruit",
                "/browse/food/frozen-fruit/976759_976791_1001413"
            ],
            [
                "Frozen Vegetables",
                "/browse/food/frozen-vegetables/976759_976791_1001424"
            ],
            [
                "Organic Produce",
                "/browse/food/organic-produce/976759_1071964_976793_1816977"
            ],
            [
                "Fresh Pre-Cut Vegetables",
                "/browse/food/fresh-pre-cut-vegetables/976759_1071964_976793_8910423_2835097"
            ],
            [
                "Organic Vegetables",
                "/browse/food/organic-vegetables/976759_1071964_976793_1913529_5216450"
            ],
            [
                "All Organic Produce",
                "/browse/food/all-organic-produce/976759_1071964_976793_1913529_5408476"
            ],
            [
                "Potatoes",
                "/browse/food/potatoes/976759_1071964_976793_8910423_6824326"
            ],
            [
                "Packaged Salads",
                "/browse/food/packaged-salads/976759_1071964_976793_8903029"
            ]
        ]
    },
    {
        "title": "RED BARON Pizza, Deep Dish Singles Pepperoni, 2 count, 11.20 oz",
        "url": "https://www.walmart.com/ip/RED-BARON-Pizza-Deep-Dish-Singles-Pepperoni-2-count-11-20-oz/592032700",
        "price": "$2.44",
        "stars": "3.8",
        "ratings": "6 ",
        "img": "i5.walmartimages.com/asr/ee71e9bd-a234-4361-96c2-6955669cd733_1.fe2602284dc6b2834779247225bfcb83.jpeg?odnWidth=612&odnHeight=612&odnBg=ffffff",
        "tags": []
    },
    {
        "title": "Birds Eye Broccoli Florets, Frozen Broccoli, 52 Oz",
        "url": "https://www.walmart.com/ip/Birds-Eye-Broccoli-Florets-Frozen-Broccoli-52-Oz/10790990",
        "price": "$5.98",
        "stars": "4.9",
        "ratings": "30 ",
        "img": "i5.walmartimages.com/asr/f6c90196-9f4b-466f-84d3-373efed7c5d3_1.df50e42436c78dca6f9e1f9a2376f5cb.jpeg?odnWidth=612&odnHeight=612&odnBg=ffffff",
        "tags": [
            [
                "Cereal Bars & Breakfast Bars",
                "/browse/food/cereal-bars-breakfast-bars/976759_976783_1001332"
            ],
            [
                "Frozen Dinners & Meals",
                "/browse/food/frozen-dinners-meals/976759_976791_5511284_1001412"
            ],
            [
                "All Fresh Fruit",
                "/browse/food/all-fresh-fruit/976759_1071964_976793_9756351_1759962"
            ],
            [
                "Bananas",
                "/browse/food/bananas/976759_1071964_976793_9756351_2787146"
            ],
            [
                "Fresh Pre-Cut Vegetables",
                "/browse/food/fresh-pre-cut-vegetables/976759_1071964_976793_8910423_2835097"
            ],
            [
                "Citrus",
                "/browse/food/citrus/976759_1071964_976793_9756351_4914029"
            ],
            [
                "Indulgent Breakfast",
                "/browse/food/indulgent-breakfast/976759_976783_7148587"
            ],
            [
                "Brussel Sprouts and Cabbage",
                "/browse/food/brussel-sprouts-cabbage/976759_1071964_976793_8910423_8584247"
            ]
        ]
    },
    {
        "title": "Birds Eye Steamfresh Broccoli and Cauliflower, Frozen Vegetables, 10.8 Oz",
        "url": "https://www.walmart.com/ip/Birds-Eye-Steamfresh-Broccoli-and-Cauliflower-Frozen-Vegetables-10-8-Oz/54027280",
        "price": "$1.97",
        "stars": "4.4",
        "ratings": "7 ",
        "img": "i5.walmartimages.com/asr/a8ee2595-2502-4e5e-9291-f7e0d3b698d0_1.2dee7712c7a0ee11b760916c0335b63c.jpeg?odnWidth=612&odnHeight=612&odnBg=ffffff",
        "tags": [
            [
                "Frozen Appetizers",
                "/browse/food/frozen-appetizers/976759_976791_1001411"
            ],
            [
                "Frozen Dinners & Meals",
                "/browse/food/frozen-dinners-meals/976759_976791_5511284_1001412"
            ],
            [
                "Fresh Pre-Cut Vegetables",
                "/browse/food/fresh-pre-cut-vegetables/976759_1071964_976793_8910423_2835097"
            ],
            [
                "Frozen Kids Meals",
                "/browse/food/frozen-kids-meals/976759_976791_5511284_3486654"
            ],
            [
                "Frozen Pasta",
                "/browse/food/frozen-pasta/976759_976791_7089533"
            ],
            [
                "All Frozen Potatoes",
                "/browse/food/all-frozen-potatoes/976759_976791_6170090_8493377"
            ],
            [
                "Brussel Sprouts and Cabbage",
                "/browse/food/brussel-sprouts-cabbage/976759_1071964_976793_8910423_8584247"
            ],
            [
                "Frozen Chicken",
                "/browse/food/frozen-chicken/976759_976791_5295075_8609714"
            ]
        ]
    },
    {
        "title": "Snapps Mozzarella Sticks, 5 oz",
        "url": "https://www.walmart.com/ip/Snapps-Mozzarella-Sticks-5-oz/855698433",
        "price": "$1.00",
        "stars": "4.0",
        "ratings": "25 ",
        "img": "i5.walmartimages.com/asr/8b1d0e0b-3932-4c4a-8e1c-a5242c7bc8bc.f5b44065c984b4eedd7db2239c3cbcbf.jpeg?odnWidth=612&odnHeight=612&odnBg=ffffff",
        "tags": [
            [
                "Frozen Dinners & Meals",
                "/browse/food/frozen-dinners-meals/976759_976791_5511284_1001412"
            ],
            [
                "Frozen Sandwiches",
                "/browse/food/frozen-sandwiches/976759_976791_1044113"
            ],
            [
                "Frozen Rolls & Wraps",
                "/browse/food/frozen-rolls-wraps/976759_976791_1044164"
            ],
            [
                "Chicken Thighs, Drumsticks & Wings",
                "/browse/food/chicken-thighs-drumsticks-wings/976759_1071964_976796_1001443_6133868"
            ],
            [
                "Frozen Pasta",
                "/browse/food/frozen-pasta/976759_976791_7089533"
            ],
            [
                "Chicken Breasts",
                "/browse/food/chicken-breasts/976759_1071964_976796_1001443_8161643"
            ],
            [
                "Frozen Chicken",
                "/browse/food/frozen-chicken/976759_976791_5295075_8609714"
            ]
        ]
    },
    {
        "title": "Marie Callender's Frozen Meal, Creamy Vermont Mac & Cheese Bowl, 13 Ounce",
        "url": "https://www.walmart.com/ip/Marie-Callender-s-Frozen-Meal-Creamy-Vermont-Mac-Cheese-Bowl-13-Ounce/854640170",
        "price": "$2.48",
        "stars": "3.5",
        "ratings": "140 ",
        "img": "i5.walmartimages.com/asr/7e361ad7-68cd-4168-a000-4a97c2393bfa_1.1a79c46e5d71c761c95fbfbc89e7c9ce.jpeg?odnWidth=612&odnHeight=612&odnBg=ffffff",
        "tags": [
            [
                "Frozen Dinners & Meals",
                "/browse/food/frozen-dinners-meals/976759_976791_5511284_1001412"
            ],
            [
                "Boxed Meals",
                "/browse/food/boxed-meals/976759_976794_6223225_1001477"
            ],
            [
                "Frozen Beef",
                "/browse/food/frozen-beef/976759_976791_5295075_1740883"
            ],
            [
                "Macaroni and Cheese",
                "/browse/food/macaroni-cheese/976759_976794_6223225_2271648"
            ],
            [
                "Kid's Lunches",
                "/browse/food/kids-lunches/976759_1567409_7966149_7561098"
            ],
            [
                "Dairy Free Foods",
                "/browse/food/dairy-free-foods/976759_5004481_7941405"
            ],
            [
                "Frozen Chicken",
                "/browse/food/frozen-chicken/976759_976791_5295075_8609714"
            ],
            [
                "Easy Kid's Dinners",
                "/browse/food/easy-kids-dinners/976759_1567409_7966149_9873756"
            ]
        ]
    },
    {
        "title": "Mrs Baird's Large White Bread, 20 oz",
        "url": "https://www.walmart.com/ip/Mrs-Baird-s-Large-White-Bread-20-oz/10403385",
        "price": "$2.28",
        "stars": "5.0",
        "ratings": "10 ",
        "img": "i5.walmartimages.com/asr/1b74333b-5bfc-4faf-a854-c29a83e435b9.95ca3ecba8bad8f176772c99a43e3734.jpeg?odnWidth=612&odnHeight=612&odnBg=ffffff",
        "tags": [
            [
                "Sandwich Breads",
                "/browse/food/sandwich-breads/976759_1071964_976779_3034786_1001454"
            ],
            [
                "Bread Crumbs & Stuffing",
                "/browse/food/bread-crumbs-stuffing/976759_1071964_976779_1007579"
            ],
            [
                "Croutons",
                "/browse/food/croutons/976759_1071964_976779_1044111"
            ],
            [
                "All Cookies",
                "/browse/food/all-cookies/976759_976787_1001391_1592885"
            ],
            [
                "Salty Snacks Stock-Up",
                "/browse/food/salty-snacks-stock-up/976759_976787_1001390_6288637_2319411"
            ],
            [
                "Chocolate Cookies",
                "/browse/food/chocolate-cookies/976759_976787_1001391_4007138"
            ]
        ]
    },
    {
        "title": "Great Value Deep Dish 9\" Pie Crusts, 2 count, 16 oz",
        "url": "https://www.walmart.com/ip/Great-Value-Deep-Dish-9-Pie-Crusts-2-count-16-oz/12166005",
        "price": "$1.98",
        "stars": "3.7",
        "ratings": "32 ",
        "img": "i5.walmartimages.com/asr/8f73c6d2-ec27-4edc-a6c8-89267b8a2152.4fdc28e4c4cd43e5781d1d07d91c8eb0.jpeg?odnWidth=612&odnHeight=612&odnBg=ffffff",
        "tags": [
            [
                "Pizza Crust",
                "/browse/food/pizza-crust/976759_1071964_976779_1001464"
            ],
            [
                "Pudding & Gelatin",
                "/browse/food/pudding-gelatin/976759_976787_1001471"
            ],
            [
                "Coatings & Batters",
                "/browse/food/coatings-batters/976759_976780_2881195_1044090"
            ],
            [
                "Pies & Tarts",
                "/browse/food/pies-tarts/976759_1071964_976779_2137603_1044116"
            ],
            [
                "Pie Fillings",
                "/browse/food/pie-fillings/976759_976780_2881195_1044161"
            ],
            [
                "All Fresh Fruit",
                "/browse/food/all-fresh-fruit/976759_1071964_976793_9756351_1759962"
            ],
            [
                "Bananas",
                "/browse/food/bananas/976759_1071964_976793_9756351_2787146"
            ],
            [
                "Shop Kellogg's",
                "/browse/shop-kelloggs/976759_7786229"
            ]
        ]
    },
    {
        "title": "Dave's Killer Bread\u00ae 21 Whole Grains and Seeds Organic Bread 27 oz. Loaf",
        "url": "https://www.walmart.com/ip/Dave-s-Killer-Bread-21-Whole-Grains-and-Seeds-Organic-Bread-27-oz-Loaf/49342184",
        "price": "$4.97",
        "stars": "4.8",
        "ratings": "59 ",
        "img": "i5.walmartimages.com/asr/5161eb9d-7bf4-4b9f-9576-0202dc7215b4_1.174d5ffb0852991ae771e48950ed499e.jpeg?odnWidth=612&odnHeight=612&odnBg=ffffff",
        "tags": [
            [
                "Sandwich Breads",
                "/browse/food/sandwich-breads/976759_1071964_976779_3034786_1001454"
            ],
            [
                "Tortillas, Pitas & Wraps",
                "/browse/food/tortillas-pitas-wraps/976759_1071964_976779_3034786_1001458"
            ],
            [
                "Bread Crumbs & Stuffing",
                "/browse/food/bread-crumbs-stuffing/976759_1071964_976779_1007579"
            ],
            [
                "Croutons",
                "/browse/food/croutons/976759_1071964_976779_1044111"
            ],
            [
                "Organic Foods",
                "/browse/food/organic-foods/976759_1228024_1228017"
            ],
            [
                "No Sugar Foods",
                "/browse/food/no-sugar-foods/976759_5004481_1858214"
            ],
            [
                "Low Sodium Foods",
                "/browse/food/low-sodium-foods/976759_5004481_6733659"
            ],
            [
                "Vegan Foods",
                "/browse/food/vegan-foods/976759_5004481_6794259"
            ]
        ]
    }
]