[
    {
        "title": "(4 pack) Swanson Sipping Bone Broth, Chicken Bone Broth, 10.75 Ounce Cup",
        "url": "https://www.walmart.com/ip/4-pack-Swanson-Sipping-Bone-Broth-Chicken-Bone-Broth-10-75-Ounce-Cup/882633845",
        "price": "$6.32",
        "stars": "4.6",
        "ratings": "90 ",
        "img": "",
        "tags": [
            [
                "All Soup",
                "/browse/food/all-soup/976759_976794_3901881_1001359"
            ],
            [
                "Cold Weather Foods",
                "/browse/food/cold-weather-foods/976759_1567409_6592518_4011823"
            ],
            [
                "Paleo Food Essentials",
                "/browse/food/paleo-food-essentials/976759_1567409_2168938_8870296_5023285"
            ],
            [
                "Soups, Stocks & Broths",
                "/browse/food/soups-stocks-broths/976759_4143264_2535686_2062862_6707816"
            ],
            [
                "Broth",
                "/browse/food/broth/976759_976794_3901881_7072946"
            ],
            [
                "Immunity Foods",
                "/browse/immunity-foods/976759_7206944"
            ],
            [
                "Non GMO Food",
                "/browse/food/non-gmo-food/976759_5004481_8102928"
            ],
            [
                "Keto Food Essentials",
                "/browse/food/keto-food-essentials/976759_1567409_2168938_8870296_8175229"
            ]
        ]
    },
    {
        "title": "(4 Pack) Mezzetta Sun - Ripened Dried Tomatoes In Olive Oil - 8 Fl oz.",
        "url": "https://www.walmart.com/ip/4-Pack-Mezzetta-Sun-Ripened-Dried-Tomatoes-In-Olive-Oil-8-Fl-oz/941790468",
        "price": "$12.72",
        "stars": "4.6",
        "ratings": "8 ",
        "img": "i5.walmartimages.com/asr/2559047a-1c5a-4c23-9969-2a1b8f82cb6c_1.ea4a60313a8b170637ed2a8c4f1d1eef.jpeg?odnWidth=612&odnHeight=612&odnBg=ffffff",
        "tags": [
            [
                "Beans",
                "/browse/food/beans/976759_976794_976785_1001341"
            ],
            [
                "Other International Foods",
                "/browse/food/other-international-foods/976759_5148628_1228025_1228105"
            ],
            [
                "All Fresh Vegetables",
                "/browse/food/all-fresh-vegetables/976759_1071964_976793_8910423_1814126"
            ],
            [
                "Tomatoes",
                "/browse/food/tomatoes/976759_1071964_976793_8910423_1819145"
            ],
            [
                "Canned Tomatoes",
                "/browse/food/canned-tomatoes/976759_976794_976785_2009430"
            ],
            [
                "Meals Restock",
                "/browse/food/meals-restock/976759_1567409_2168938_1811730_6806516"
            ],
            [
                "Asparagus and Artichokes",
                "/browse/food/asparagus-artichokes/976759_1071964_976793_8910423_8929117"
            ],
            [
                "Easy Kid's Dinners",
                "/browse/food/easy-kids-dinners/976759_1567409_7966149_9873756"
            ]
        ]
    },
    {
        "title": "(6 pack) SEEDS OF CHANGE Organic Seven Whole Grains, 8.5oz",
        "url": "https://www.walmart.com/ip/6-pack-SEEDS-OF-CHANGE-Organic-Seven-Whole-Grains-8-5oz/390533249",
        "price": "$13.02",
        "stars": "4.4",
        "ratings": "123 ",
        "img": "i5.walmartimages.com/asr/61f8e588-fa7e-46a5-817c-fb54abd9297f_1.8051b36ea5a29a33d05e5a2208a3b7cd.jpeg?odnWidth=612&odnHeight=612&odnBg=ffffff",
        "tags": []
    },
    {
        "title": "(3 Pack) Near East Couscous Mix, Parmesan, 5.9 oz Box",
        "url": "https://www.walmart.com/ip/3-Pack-Near-East-Couscous-Mix-Parmesan-5-9-oz-Box/47235184",
        "price": "$5.03",
        "stars": "4.6",
        "ratings": "28 ",
        "img": "i5.walmartimages.com/asr/e5e64588-d2d5-4f60-8033-ca0e837d4be9_1.268cd81ec3d090e75479676bbb5ee4db.jpeg?odnWidth=612&odnHeight=612&odnBg=ffffff",
        "tags": [
            [
                "Canned Ready to Eat Meals",
                "/browse/food/canned-ready-to-eat-meals/976759_976794_976785_1001348"
            ],
            [
                "Boxed Meals",
                "/browse/food/boxed-meals/976759_976794_6223225_1001477"
            ],
            [
                "Prepared Foods",
                "/browse/food/prepared-foods/976759_1071964_976789_1018822"
            ],
            [
                "Canned Grains",
                "/browse/food/canned-grains/976759_976794_976785_1044167"
            ],
            [
                "All Meals and Sides",
                "/browse/food/all-meals-sides/976759_1071964_976789_2133672_1535108"
            ],
            [
                "Knorr",
                "/browse/knorr/976759_2626199"
            ],
            [
                "All Pantry Clearance and Deals",
                "/browse/food/all-pantry-clearance-deals/976759_1567409_2168938_3231932_2780184"
            ],
            [
                "Easy Kid's Dinners",
                "/browse/food/easy-kids-dinners/976759_1567409_7966149_9873756"
            ]
        ]
    },
    {
        "title": "(4 Pack) Bush's Best Homestyle Baked Beans, 28 Oz",
        "url": "https://www.walmart.com/ip/4-Pack-Bush-s-Best-Homestyle-Baked-Beans-28-Oz/549963176",
        "price": "$7.92",
        "stars": "4.6",
        "ratings": "90 ",
        "img": "i5.walmartimages.com/asr/b05d801c-d6c3-4490-a432-bc1ddc4fdecc_1.55196530b2f0b43c53b580d2b965a6ec.jpeg?odnWidth=612&odnHeight=612&odnBg=ffffff",
        "tags": [
            [
                "Gluten-Free Foods",
                "/browse/food/gluten-free-foods/976759_1228023_1228016"
            ],
            [
                "Baked Beans",
                "/browse/food/baked-beans/976759_976794_976785_2133370"
            ],
            [
                "Cold Weather Foods",
                "/browse/food/cold-weather-foods/976759_1567409_6592518_4011823"
            ],
            [
                "Canned Beans",
                "/browse/food/canned-beans/976759_976794_976785_5368028"
            ],
            [
                "Gluten Free Foods",
                "/browse/food/gluten-free-foods/976759_5004481_5546296"
            ],
            [
                "Meals Restock",
                "/browse/food/meals-restock/976759_1567409_2168938_1811730_6806516"
            ],
            [
                "High Fiber Foods",
                "/browse/food/high-fiber-foods/976759_5004481_9339140"
            ],
            [
                "Easy Kid's Dinners",
                "/browse/food/easy-kids-dinners/976759_1567409_7966149_9873756"
            ]
        ]
    },
    {
        "title": "Idahoan Four Cheese Mashed Cup, 1.5 oz (Pack of 4)",
        "url": "https://www.walmart.com/ip/Idahoan-Four-Cheese-Mashed-Cup-1-5-oz-Pack-of-4/878551321",
        "price": "$3.88",
        "stars": "4.6",
        "ratings": "45 ",
        "img": "i5.walmartimages.com/asr/93c55450-9385-45e3-9344-88240eda6808.4dddfcb3c7b45ae8d22ea2cf907a6e4b.png?odnWidth=612&odnHeight=612&odnBg=ffffff",
        "tags": [
            [
                "Canned Ready to Eat Meals",
                "/browse/food/canned-ready-to-eat-meals/976759_976794_976785_1001348"
            ],
            [
                "All Meals and Sides",
                "/browse/food/all-meals-sides/976759_1071964_976789_2133672_1535108"
            ],
            [
                "Macaroni and Cheese",
                "/browse/food/macaroni-cheese/976759_976794_6223225_2271648"
            ],
            [
                "Meals Restock",
                "/browse/food/meals-restock/976759_1567409_2168938_1811730_6806516"
            ],
            [
                "Gluten-Free Food Staples",
                "/browse/food/gluten-free-food-staples/976759_1567409_2168938_8870296_8339296"
            ],
            [
                "Gluten Free Food",
                "/browse/food/gluten-free-food/976759_1567409_3170630_9019700"
            ],
            [
                "Easy Kid's Dinners",
                "/browse/food/easy-kids-dinners/976759_1567409_7966149_9873756"
            ]
        ]
    },
    {
        "title": "(12 Cups) Del Monte Fruit Cup Snacks Mandarin Oranges in 100% Juice, 4 oz fruit cups",
        "url": "https://www.walmart.com/ip/12-Cups-Del-Monte-Fruit-Cup-Snacks-Mandarin-Oranges-in-100-Juice-4-oz-fruit-cups/27440225",
        "price": "$5.98",
        "stars": "4.6",
        "ratings": "108 ",
        "img": "i5.walmartimages.com/asr/a50127de-2e5e-4873-b605-f2de921db661_1.bac4a3cdf38a4f0159b64c37e02e6a1f.png?odnWidth=612&odnHeight=612&odnBg=ffffff",
        "tags": [
            [
                "Canned Fruit",
                "/browse/food/canned-fruit/976759_976794_976785_1001342"
            ],
            [
                "All Fresh Fruit",
                "/browse/food/all-fresh-fruit/976759_1071964_976793_9756351_1759962"
            ],
            [
                "Fruit Cups",
                "/browse/food/fruit-cups/976759_976794_976785_3208133"
            ],
            [
                "Citrus",
                "/browse/food/citrus/976759_1071964_976793_9756351_4914029"
            ],
            [
                "Dole Fruit Cups",
                "/browse/food/dole-fruit-cups/976759_976794_976785_5006407"
            ],
            [
                "Del Monte Fruit Cups",
                "/browse/food/del-monte-fruit-cups/976759_976794_976785_6741474"
            ],
            [
                "Meals Restock",
                "/browse/food/meals-restock/976759_1567409_2168938_1811730_6806516"
            ],
            [
                "Non GMO Food",
                "/browse/food/non-gmo-food/976759_5004481_8102928"
            ]
        ]
    },
    {
        "title": "Prego Pasta Sauce, Italian Tomato Sauce with Meat, 45 Ounce PET Jar",
        "url": "https://www.walmart.com/ip/Prego-Pasta-Sauce-Italian-Tomato-Sauce-with-Meat-45-Ounce-PET-Jar/335618686",
        "price": "$3.30",
        "stars": "4.8",
        "ratings": "32 ",
        "img": "",
        "tags": [
            [
                "Pasta & Noodles",
                "/browse/food/pasta-noodles/976759_976794_1007519"
            ],
            [
                "Sauces",
                "/browse/food/sauces/976759_976786_1076366"
            ],
            [
                "All Meals and Sides",
                "/browse/food/all-meals-sides/976759_1071964_976789_2133672_1535108"
            ],
            [
                "Canned Tomatoes",
                "/browse/food/canned-tomatoes/976759_976794_976785_2009430"
            ],
            [
                "Pasta Sauce",
                "/browse/food/pasta-sauce/976759_976794_2775278"
            ],
            [
                "Meals Restock",
                "/browse/food/meals-restock/976759_1567409_2168938_1811730_6806516"
            ],
            [
                "Gluten Free Meals & Side Dishes",
                "/browse/food/gluten-free-meals-side-dishes/976759_5148628_4583057_1250486_9821290"
            ],
            [
                "Easy Kid's Dinners",
                "/browse/food/easy-kids-dinners/976759_1567409_7966149_9873756"
            ]
        ]
    },
    {
        "title": "(4 Pack) Mezzetta Deli-Sliced Hot Jalape\u00c3\u0083\u00c2\u00b1o Peppers, 16 Oz",
        "url": "https://www.walmart.com/ip/4-Pack-Mezzetta-Deli-Sliced-Hot-Jalape-o-Peppers-16-Oz/405815856",
        "price": "$8.13",
        "stars": "4.5",
        "ratings": "74 ",
        "img": "i5.walmartimages.com/asr/c2d2bb2a-2c5e-4632-a3cd-1a5fbe5e3290_1.ac52ba97f88bcb436e14259f57c524c5.jpeg?odnWidth=612&odnHeight=612&odnBg=ffffff",
        "tags": [
            [
                "Shop All Olives",
                "/browse/food/shop-all-olives/976759_976786_6379931_1044186"
            ],
            [
                "Shop All Pickles",
                "/browse/food/shop-all-pickles/976759_976786_3273605_1044187"
            ],
            [
                "Canned Tomatoes",
                "/browse/food/canned-tomatoes/976759_976794_976785_2009430"
            ],
            [
                "Canned Peppers",
                "/browse/food/canned-peppers/976759_976794_976785_3754332"
            ],
            [
                "All Salsas",
                "/browse/food/all-salsas/976759_976787_1001393_7109351_3919898"
            ],
            [
                "Summer Grilling Condiments",
                "/browse/food/summer-grilling-condiments/976759_1567409_8808777_7265121"
            ],
            [
                "All Dips & Spreads",
                "/browse/food/all-dips-spreads/976759_976787_1001393_7832203"
            ]
        ]
    },
    {
        "title": "(4 pack) Campbell's\u00a0Condensed\u00a0Healthy Request\u00a0Chicken with Rice Soup, 10.5 oz. Can",
        "url": "https://www.walmart.com/ip/4-pack-Campbell-s-Condensed-Healthy-Request-Chicken-with-Rice-Soup-10-5-oz-Can/760410907",
        "price": "$5.57",
        "stars": "4.4",
        "ratings": "26 ",
        "img": "",
        "tags": [
            [
                "Canned Ready to Eat Meals",
                "/browse/food/canned-ready-to-eat-meals/976759_976794_976785_1001348"
            ],
            [
                "All Meals and Sides",
                "/browse/food/all-meals-sides/976759_1071964_976789_2133672_1535108"
            ],
            [
                "Cold Weather Foods",
                "/browse/food/cold-weather-foods/976759_1567409_6592518_4011823"
            ],
            [
                "Campbell's Condensed Soup",
                "/browse/campbells-condensed-soup/976759_4080283"
            ],
            [
                "Meals Restock",
                "/browse/food/meals-restock/976759_1567409_2168938_1811730_6806516"
            ],
            [
                "Saltine Crackers",
                "/browse/food/saltine-crackers/976759_976787_1001392_7514350"
            ],
            [
                "Condensed Soup",
                "/browse/food/condensed-soup/976759_976794_3901881_9352840"
            ]
        ]
    }
]