[
    {
        "title": "Jelly Belly Sugar-Free Assorted Flavor Jelly Beans, 8.25 Oz",
        "url": "https://www.walmart.com/ip/Jelly-Belly-Sugar-Free-Assorted-Flavor-Jelly-Beans-8-25-Oz/164439437",
        "price": "$3.97",
        "stars": "4.0",
        "ratings": "137 ",
        "img": "i5.walmartimages.com/asr/f6527b81-41b2-4f11-bbe2-cf6d48719de9_1.7370560e44f5b1f2a4f52f2c23c6b0bb.jpeg?odnWidth=612&odnHeight=612&odnBg=ffffff",
        "tags": [
            [
                "Sugar Free Food",
                "/browse/food/sugar-free-food/976759_1567409_3170630_2147513"
            ],
            [
                "Sugar Free Candy",
                "/browse/food/sugar-free-candy/976759_1096070_2597321"
            ],
            [
                "Sugar-Free Snacks",
                "/browse/food/sugar-free-snacks/976759_976787_3455839"
            ],
            [
                "Gummy Candy",
                "/browse/food/gummy-candy/976759_1096070_1224975_4246741"
            ],
            [
                "Jelly Beans",
                "/browse/food/jelly-beans/976759_1096070_1224975_4280516"
            ],
            [
                "Gummy Bears",
                "/browse/food/gummy-bears/976759_1096070_1224975_6048777"
            ],
            [
                "Shop All Candy",
                "/browse/food/shop-all-candy/976759_1096070_1224975_6909059"
            ],
            [
                "Easter Egg Hunt Candy",
                "/browse/food/easter-egg-hunt-candy/976759_1567409_7567150_4780634_7164648"
            ]
        ]
    },
    {
        "title": "Trident White Sugar Free Gum, Peppermint Flavor, 3 Packs (48 Pieces Total)",
        "url": "https://www.walmart.com/ip/Trident-White-Sugar-Free-Gum-Peppermint-Flavor-3-Packs-48-Pieces-Total/20574617",
        "price": "$2.48",
        "stars": "4.6",
        "ratings": "25 ",
        "img": "i5.walmartimages.com/asr/dc68a6b6-6cb6-4111-b5e7-ccd3a892dece_1.5cd3eb58f8c48df0c088220c1ce0e735.jpeg?odnWidth=612&odnHeight=612&odnBg=ffffff",
        "tags": [
            [
                "Shop All Chewing Gum",
                "/browse/food/shop-all-chewing-gum/976759_1096070_1224977_1572366"
            ],
            [
                "Bubble Gum",
                "/browse/food/bubble-gum/976759_1096070_1224977_2039307"
            ],
            [
                "Sugar Free Food",
                "/browse/food/sugar-free-food/976759_1567409_3170630_2147513"
            ],
            [
                "Orbit Chewing Gum",
                "/browse/food/orbit-chewing-gum/976759_1096070_1224977_3246659"
            ],
            [
                "Sugar-Free Snacks",
                "/browse/food/sugar-free-snacks/976759_976787_3455839"
            ],
            [
                "Wrigley Gum",
                "/browse/food/wrigley-gum/976759_1096070_1224977_3533254"
            ],
            [
                "Xylitol Gum",
                "/browse/food/xylitol-gum/976759_1096070_1224977_4012214"
            ],
            [
                "Ice Breakers Chewing Gum",
                "/browse/food/ice-breakers-chewing-gum/976759_1096070_1224977_5365518"
            ]
        ]
    },
    {
        "title": "Otter Pops Giant Freezer Bars, 5.5 Oz., 27 Count",
        "url": "https://www.walmart.com/ip/Otter-Pops-Giant-Freezer-Bars-5-5-Oz-27-Count/35868580",
        "price": "$5.98",
        "stars": "4.5",
        "ratings": "161 ",
        "img": "i5.walmartimages.com/asr/c32803e3-3f95-4f8e-8c1e-ac45098195fb.1e162578ebcde518bc6e9ad74b518ca9.jpeg?odnWidth=612&odnHeight=612&odnBg=ffffff",
        "tags": [
            [
                "Children's Party",
                "/browse/food/childrens-party/976759_1096070_1224980_1381998"
            ],
            [
                "Hershey's Easter Chocolate Candy and Treats",
                "/browse/food/hersheys-easter-chocolate-candy-treats/976759_1567409_7567150_1407602"
            ],
            [
                "Jolly Rancher",
                "/browse/food/jolly-rancher/976759_1096070_1224979_4346109"
            ],
            [
                "Freeze Pops",
                "/browse/food/freeze-pops/976759_976791_1001420_1001423_5445960"
            ],
            [
                "Hershey's Candy",
                "/browse/food/hersheys-candy/976759_1089004_5339481_6030945"
            ],
            [
                "Popsicles",
                "/browse/food/popsicles/976759_976791_1001420_1001423_7413362"
            ],
            [
                "Wholesale Candy",
                "/browse/food/wholesale-candy/976759_1096070_1224980_8149011"
            ],
            [
                "Hershey's Summer Sweets",
                "/browse/food/hersheys-summer-sweets/976759_1567409_8346319"
            ]
        ]
    },
    {
        "title": "EXTRA Smooth Mint Sugarfree Gum, multipack (3 packs total)",
        "url": "https://www.walmart.com/ip/EXTRA-Smooth-Mint-Sugarfree-Gum-multipack-3-packs-total/21283598",
        "price": "$8.95",
        "stars": "4.6",
        "ratings": "261 ",
        "img": "i5.walmartimages.com/asr/89653c64-59e8-4890-a235-62b4b74f40ab_1.17ae5d6187b86b66a743433317fa61e3.jpeg?odnWidth=612&odnHeight=612&odnBg=ffffff",
        "tags": [
            [
                "Shop All Chewing Gum",
                "/browse/food/shop-all-chewing-gum/976759_1096070_1224977_1572366"
            ],
            [
                "Sugar Free Food",
                "/browse/food/sugar-free-food/976759_1567409_3170630_2147513"
            ],
            [
                "Mentos Chewing Gum",
                "/browse/food/mentos-chewing-gum/976759_1096070_1224977_2349191"
            ],
            [
                "Orbit Chewing Gum",
                "/browse/food/orbit-chewing-gum/976759_1096070_1224977_3246659"
            ],
            [
                "Sugar-Free Snacks",
                "/browse/food/sugar-free-snacks/976759_976787_3455839"
            ],
            [
                "Wrigley Gum",
                "/browse/food/wrigley-gum/976759_1096070_1224977_3533254"
            ],
            [
                "Xylitol Gum",
                "/browse/food/xylitol-gum/976759_1096070_1224977_4012214"
            ],
            [
                "Trident Chewing Gum",
                "/browse/food/trident-chewing-gum/976759_1096070_1224977_9974693"
            ]
        ]
    },
    {
        "title": "Orbit Gum White, Peppermint Sugarfree Chewing Gum, Car Cup, 40 Pieces",
        "url": "https://www.walmart.com/ip/Orbit-Gum-White-Peppermint-Sugarfree-Chewing-Gum-Car-Cup-40-Pieces/124764244",
        "price": "$2.98",
        "stars": "4.3",
        "ratings": "22736 ",
        "img": "i5.walmartimages.com/asr/b9aafb96-1db4-43ab-9afe-30c6a81bb8f6.713b0257ed2b98f3bd8e88c4c265de02.jpeg?odnWidth=612&odnHeight=612&odnBg=ffffff",
        "tags": [
            [
                "Shop All Chewing Gum",
                "/browse/food/shop-all-chewing-gum/976759_1096070_1224977_1572366"
            ],
            [
                "Mentos Chewing Gum",
                "/browse/food/mentos-chewing-gum/976759_1096070_1224977_2349191"
            ],
            [
                "Orbit Chewing Gum",
                "/browse/food/orbit-chewing-gum/976759_1096070_1224977_3246659"
            ],
            [
                "Sugar-Free Snacks",
                "/browse/food/sugar-free-snacks/976759_976787_3455839"
            ],
            [
                "Wrigley Gum",
                "/browse/food/wrigley-gum/976759_1096070_1224977_3533254"
            ],
            [
                "Ice Breakers Chewing Gum",
                "/browse/food/ice-breakers-chewing-gum/976759_1096070_1224977_5365518"
            ],
            [
                "Trident Chewing Gum",
                "/browse/food/trident-chewing-gum/976759_1096070_1224977_9974693"
            ]
        ]
    },
    {
        "title": "5 Gum Peppermint Cobalt Sugar Free Chewing Gum, 15 Pieces (Pack of 6)",
        "url": "https://www.walmart.com/ip/5-Gum-Peppermint-Cobalt-Sugar-Free-Chewing-Gum-15-Pieces-Pack-of-6/51072697",
        "price": "$5.38",
        "stars": "4.8",
        "ratings": "53 ",
        "img": "i5.walmartimages.com/asr/8fada454-84fa-4684-80fc-7c827ca5e57a_1.82ac5067268061656b7135278ee2fd31.jpeg?odnWidth=612&odnHeight=612&odnBg=ffffff",
        "tags": [
            [
                "Shop All Chewing Gum",
                "/browse/food/shop-all-chewing-gum/976759_1096070_1224977_1572366"
            ],
            [
                "Sugar Free Food",
                "/browse/food/sugar-free-food/976759_1567409_3170630_2147513"
            ],
            [
                "Extra Chewing Gum",
                "/browse/food/extra-chewing-gum/976759_1096070_1224977_2566608"
            ],
            [
                "Orbit Chewing Gum",
                "/browse/food/orbit-chewing-gum/976759_1096070_1224977_3246659"
            ],
            [
                "Sugar-Free Snacks",
                "/browse/food/sugar-free-snacks/976759_976787_3455839"
            ],
            [
                "Wrigley Gum",
                "/browse/food/wrigley-gum/976759_1096070_1224977_3533254"
            ],
            [
                "Ice Breakers Chewing Gum",
                "/browse/food/ice-breakers-chewing-gum/976759_1096070_1224977_5365518"
            ],
            [
                "Trident Chewing Gum",
                "/browse/food/trident-chewing-gum/976759_1096070_1224977_9974693"
            ]
        ]
    },
    {
        "title": "Dove Promises, Peanut Butter And Milk Chocolate Candy, 7.61 Oz.",
        "url": "https://www.walmart.com/ip/Dove-Promises-Peanut-Butter-And-Milk-Chocolate-Candy-7-61-Oz/807136284",
        "price": "$3.98",
        "stars": "4.7",
        "ratings": "51 ",
        "img": "i5.walmartimages.com/asr/ee6c04df-2d93-4861-8942-2073cd94156f.678b74fcd4ce1058b4fa82dc1f3ee0b5.jpeg?odnWidth=612&odnHeight=612&odnBg=ffffff",
        "tags": [
            [
                "Shop All Cold Packed Chocolates",
                "/browse/food/shop-all-cold-packed-chocolates/976759_1567409_7329770_1414143"
            ],
            [
                "Candy Dish",
                "/browse/food/candy-dish/976759_1567409_9457805_1458227"
            ],
            [
                "Shop All Chocolate",
                "/browse/food/shop-all-chocolate/976759_1096070_1224976_2323697"
            ],
            [
                "Halloween Chocolate",
                "/browse/food/halloween-chocolate/976759_1567409_2107086_6041305_2967282"
            ],
            [
                "Easter Candy Dish",
                "/browse/food/easter-candy-dish/976759_1567409_7567150_4780634_8837958"
            ],
            [
                "Mother's Day Gift Baskets",
                "/browse/food/mothers-day-gift-baskets/976759_1089004_8928454"
            ],
            [
                "Easter Basket Candy",
                "/browse/food/easter-basket-candy/976759_1567409_7567150_4780634_9848063"
            ],
            [
                "Milk Chocolate",
                "/browse/food/milk-chocolate/976759_1096070_1224976_9905281"
            ]
        ]
    },
    {
        "title": "BUTTERFINGER Full Size Peanut Chocolate Candy, 6 Bars",
        "url": "https://www.walmart.com/ip/BUTTERFINGER-Full-Size-Peanut-Chocolate-Candy-6-Bars/592492887",
        "price": "$4.76",
        "stars": "4.4",
        "ratings": "20 ",
        "img": "i5.walmartimages.com/asr/849ac87d-299d-4957-b9a2-7825b85555ee_2.3874791c97b49168c55b2453d9ab0a3c.jpeg?odnWidth=612&odnHeight=612&odnBg=ffffff",
        "tags": [
            [
                "Shop All Cold Packed Chocolates",
                "/browse/food/shop-all-cold-packed-chocolates/976759_1567409_7329770_1414143"
            ],
            [
                "Cold Packed Hershey's Chocolate",
                "/browse/food/cold-packed-hersheys-chocolate/976759_1567409_7329770_1591769"
            ],
            [
                "Halloween Chocolate",
                "/browse/food/halloween-chocolate/976759_1567409_2107086_6041305_2967282"
            ],
            [
                "Chocolate Bars",
                "/browse/food/chocolate-bars/976759_1096070_1224976_3761246"
            ],
            [
                "Hershey's Halloween Candy",
                "/browse/food/hersheys-halloween-candy/976759_1567409_2107086_6041305_5688639"
            ],
            [
                "All Halloween Candy",
                "/browse/food/all-halloween-candy/976759_1567409_2107086_6041305_9735259"
            ],
            [
                "Milk Chocolate",
                "/browse/food/milk-chocolate/976759_1096070_1224976_9905281"
            ],
            [
                "Shop All Cold Packed Groceries",
                "/browse/food/shop-all-cold-packed-groceries/976759_1567409_7329770_9969026"
            ]
        ]
    },
    {
        "title": "Brach's Wild N' Fruity Gummi Bears & Worms, 48 Oz",
        "url": "https://www.walmart.com/ip/Brach-s-Wild-N-Fruity-Gummi-Bears-Worms-48-Oz/23704218",
        "price": "$5.98",
        "stars": "4.7",
        "ratings": "126 ",
        "img": "i5.walmartimages.com/asr/98f61aed-9e33-4fb7-8418-7daa6ad53297_1.4e2b0f2b07d37fea54ebcd01a96edaf6.jpeg?odnWidth=612&odnHeight=612&odnBg=ffffff",
        "tags": [
            [
                "Gummy Worms",
                "/browse/food/gummy-worms/976759_1096070_1224975_3723203"
            ],
            [
                "Gummy Candy",
                "/browse/food/gummy-candy/976759_1096070_1224975_4246741"
            ],
            [
                "Brach's Candy",
                "/browse/food/brachs-candy/976759_1096070_1224979_5836711"
            ],
            [
                "Gummy Bears",
                "/browse/food/gummy-bears/976759_1096070_1224975_6048777"
            ],
            [
                "Office Candy",
                "/browse/food/office-candy/976759_1096070_1224980_6270829"
            ],
            [
                "Shop All Candy",
                "/browse/food/shop-all-candy/976759_1096070_1224975_6909059"
            ]
        ]
    },
    {
        "title": "Ghirardelli Intense Dark Chocolate Squares - Sea Salt Soiree \u2013 4.12 oz.",
        "url": "https://www.walmart.com/ip/Ghirardelli-Intense-Dark-Chocolate-Squares-Sea-Salt-Soiree-4-12-oz/37728097",
        "price": "$3.34",
        "stars": "4.4",
        "ratings": "38 ",
        "img": "i5.walmartimages.com/asr/062a792f-ec3a-4879-8911-60e5e46c0693_2.a41ab56d2b7fa4a424c541d7d123c6e9.png?odnWidth=612&odnHeight=612&odnBg=ffffff",
        "tags": [
            [
                "Premium Chocolate & Truffles",
                "/browse/food/premium-chocolate-truffles/976759_1096070_1224976_2085548"
            ],
            [
                "Shop All Chocolate",
                "/browse/food/shop-all-chocolate/976759_1096070_1224976_2323697"
            ],
            [
                "Shop All Premium Chocolate",
                "/browse/food/shop-all-premium-chocolate/976759_5148628_4569562_2514022"
            ],
            [
                "Dark Chocolate",
                "/browse/food/dark-chocolate/976759_1096070_1224976_6696156"
            ],
            [
                "Premium Chocolate Bars & Bags",
                "/browse/food/premium-chocolate-bars-bags/976759_5148628_4569562_7908469"
            ],
            [
                "Premium Gifting Chocolate",
                "/browse/food/premium-gifting-chocolate/976759_5148628_4569562_8497435"
            ],
            [
                "Valentine's Day Candy and Chocolate",
                "/browse/food/valentines-day-candy-chocolate/976759_1567409_9457805_8925109"
            ],
            [
                "Mother's Day Gift Baskets",
                "/browse/food/mothers-day-gift-baskets/976759_1089004_8928454"
            ]
        ]
    }
]