[
    {
        "title": "Keebler Chips Deluxe Rainbow Cookies 17.2 oz tray",
        "url": "https://www.walmart.com/ip/Keebler-Chips-Deluxe-Rainbow-Cookies-17-2-oz-tray/45207647",
        "price": "$3.56",
        "stars": "5.0",
        "ratings": "41 ",
        "img": "",
        "tags": [
            [
                "All Cookies",
                "/browse/food/all-cookies/976759_976787_1001391_1592885"
            ],
            [
                "All Chocolate Chip Cookies",
                "/browse/food/all-chocolate-chip-cookies/976759_976787_1001391_1545456_2687699"
            ],
            [
                "Keebler Cookies",
                "/browse/food/keebler-cookies/976759_976787_1001391_3596825"
            ],
            [
                "Chocolate Cookies",
                "/browse/food/chocolate-cookies/976759_976787_1001391_4007138"
            ],
            [
                "Keebler Make a Wish",
                "/browse/food/keebler-make-a-wish/976759_976787_1001392_6288413"
            ],
            [
                "Summer Grilling Snacks",
                "/browse/food/summer-grilling-snacks/976759_1567409_8808777_8991223"
            ]
        ]
    },
    {
        "title": "Lucky Charms Treat Bars 16 Count",
        "url": "https://www.walmart.com/ip/Lucky-Charms-Treat-Bars-16-Count/512722197",
        "price": "$5.48",
        "stars": "4.5",
        "ratings": "76 ",
        "img": "i5.walmartimages.com/asr/56f632c1-33a2-4adf-9a9b-9693345eb48d.346356750ef82618897ba07879824b46.jpeg?odnWidth=612&odnHeight=612&odnBg=ffffff",
        "tags": [
            [
                "Kids' Favorites",
                "/browse/food/kids-favorites/976759_976783_2440347"
            ],
            [
                "Return to School - Snacks",
                "/browse/food/return-to-school-snacks/976759_976787_2904638"
            ],
            [
                "General Mills Box Tops Snacks",
                "/browse/food/general-mills-box-tops-snacks/976759_2606229_3638396"
            ],
            [
                "General Mills Cereal Treat Bars",
                "/browse/food/general-mills-cereal-treat-bars/976759_976783_5504375"
            ],
            [
                "Kids' Cereal",
                "/browse/food/kids-cereal/976759_976783_1231208_5549868"
            ],
            [
                "General Mills Treat Bars",
                "/browse/food/general-mills-treat-bars/976759_2606229_6420550"
            ],
            [
                "Shop Kellogg's",
                "/browse/shop-kelloggs/976759_7786229"
            ]
        ]
    },
    {
        "title": "Great Value Deluxe Mixed Nuts, 15.25 oz",
        "url": "https://www.walmart.com/ip/Great-Value-Deluxe-Mixed-Nuts-15-25-oz/857686977",
        "price": "$7.98",
        "stars": "4.4",
        "ratings": "205 ",
        "img": "i5.walmartimages.com/asr/6d5514a0-1c4e-4c39-a383-80d93642bce4_1.1526bce602c4e679ba178640a74ab66d.jpeg?odnWidth=612&odnHeight=612&odnBg=ffffff",
        "tags": [
            [
                "Trail Mixes and Healthy Snacks",
                "/browse/food/trail-mixes-healthy-snacks/976759_1071964_976793_6682547_2536517"
            ],
            [
                "All Nuts, Trail Mix,& Seeds",
                "/browse/food/all-nuts-trail-mix-seeds/976759_976787_1001406_2615672"
            ],
            [
                "Planters Cashews",
                "/browse/food/planters-cashews/976759_976787_1001406_8305691_4118325"
            ],
            [
                "All Nuts, Dried Fruits and Healthy Snacks",
                "/browse/food/all-nuts-dried-fruits-healthy-snacks/976759_1071964_976793_6682547_7101504"
            ],
            [
                "Trail Mix",
                "/browse/food/trail-mix/976759_976787_1001406_7771097"
            ],
            [
                "Mixed Nuts",
                "/browse/food/mixed-nuts/976759_976787_1001406_9012417"
            ],
            [
                "Wonderful Pistachios",
                "/browse/food/wonderful-pistachios/976759_976787_1001406_8200836_9747515"
            ]
        ]
    },
    {
        "title": "Ocean Spray Craisins Dried Cranberries, Reduced Sugar, 20oz Resealable Pouch",
        "url": "https://www.walmart.com/ip/Ocean-Spray-Craisins-Dried-Cranberries-Reduced-Sugar-20oz-Resealable-Pouch/106585958",
        "price": "$5.88",
        "stars": "4.6",
        "ratings": "185 ",
        "img": "i5.walmartimages.com/asr/e755cb17-2cd4-42c9-b315-125b48332699.21b6d55d2e234d9d3f782049c99169ba.jpeg?odnWidth=612&odnHeight=612&odnBg=ffffff",
        "tags": [
            [
                "Dried Fruits",
                "/browse/food/dried-fruits/976759_976787_4962467_1044135"
            ],
            [
                "Berries",
                "/browse/food/berries/976759_1071964_976793_9756351_1643058"
            ],
            [
                "Dried Cranberries",
                "/browse/food/dried-cranberries/976759_976787_4962467_2356650_1816730"
            ],
            [
                "Craisins",
                "/browse/food/craisins/976759_976787_4962467_2025492_2254584"
            ],
            [
                "All Fruit Types",
                "/browse/food/all-fruit-types/976759_976787_4962467_2356650_6330824"
            ],
            [
                "All Nuts, Dried Fruits and Healthy Snacks",
                "/browse/food/all-nuts-dried-fruits-healthy-snacks/976759_1071964_976793_6682547_7101504"
            ],
            [
                "Raisins",
                "/browse/food/raisins/976759_976787_4962467_2356650_7702391"
            ]
        ]
    },
    {
        "title": "Jell-O Chocolate Fudge Instant Pudding Mix, 3.9 oz Box",
        "url": "https://www.walmart.com/ip/Jell-O-Chocolate-Fudge-Instant-Pudding-Mix-3-9-oz-Box/13727064",
        "price": "$0.98",
        "stars": "4.7",
        "ratings": "1229 ",
        "img": "i5.walmartimages.com/asr/3e6523c8-315a-4586-94a3-0c6d6c0be885.0b092f716077795d4cfaef7b68e96ccf.jpeg?odnWidth=612&odnHeight=612&odnBg=ffffff",
        "tags": [
            [
                "Pie Fillings",
                "/browse/food/pie-fillings/976759_976780_2881195_1044161"
            ],
            [
                "Valentine's Day Baking",
                "/browse/food/valentines-day-baking/976759_1567409_9457805_1303563"
            ],
            [
                "Chilled Puddings",
                "/browse/food/chilled-puddings/976759_1071964_976788_3733198_1314363"
            ],
            [
                "All Baking Mixes",
                "/browse/food/all-baking-mixes/976759_976780_1001368_2594651"
            ],
            [
                "Chilled Gelatins",
                "/browse/food/chilled-gelatins/976759_1071964_976788_3733198_4921976"
            ],
            [
                "Baking Ingredients",
                "/browse/food/baking-ingredients/976759_4143264_2535686_5948883_5994684"
            ],
            [
                "All Cake Mixes",
                "/browse/food/all-cake-mixes/976759_976780_1001368_8292847_8973498"
            ]
        ]
    },
    {
        "title": "Jell-O Lemon Instant Pudding Mix, 3.4 oz Box",
        "url": "https://www.walmart.com/ip/Jell-O-Lemon-Instant-Pudding-Mix-3-4-oz-Box/13812802",
        "price": "$0.98",
        "stars": "3.8",
        "ratings": "35 ",
        "img": "i5.walmartimages.com/asr/f5b03200-725c-4d4e-9231-45eb397b1e5e.e50599e58631fa6c11569f4e9f955753.jpeg?odnWidth=612&odnHeight=612&odnBg=ffffff",
        "tags": [
            [
                "Pudding & Gelatin",
                "/browse/food/pudding-gelatin/976759_976787_1001471"
            ],
            [
                "Pie Fillings",
                "/browse/food/pie-fillings/976759_976780_2881195_1044161"
            ],
            [
                "Extracts & Flavorings",
                "/browse/food/extracts-flavorings/976759_976780_2881195_2771122_1092369"
            ],
            [
                "Chilled Puddings",
                "/browse/food/chilled-puddings/976759_1071964_976788_3733198_1314363"
            ],
            [
                "Chilled Gelatins",
                "/browse/food/chilled-gelatins/976759_1071964_976788_3733198_4921976"
            ],
            [
                "Baking Ingredients",
                "/browse/food/baking-ingredients/976759_4143264_2535686_5948883_5994684"
            ],
            [
                "Duncan Hines",
                "/browse/food/duncan-hines/976759_976780_1001368_8292847_6209434"
            ],
            [
                "All Cake Mixes",
                "/browse/food/all-cake-mixes/976759_976780_1001368_8292847_8973498"
            ]
        ]
    },
    {
        "title": "(2 pack) Fanta Orange Soda Fruit Flavored Soft Drink, 16.9 fl oz, 6 Pack",
        "url": "https://www.walmart.com/ip/2-pack-Fanta-Orange-Soda-Fruit-Flavored-Soft-Drink-16-9-fl-oz-6-Pack/325253886",
        "price": "$8.62",
        "stars": "4.9",
        "ratings": "35 ",
        "img": "i5.walmartimages.com/asr/5e4f3d44-b85d-44b7-a49c-8e50812e22d8.30f3467c6d9d909a3644d0ccbb693717.jpeg?odnWidth=612&odnHeight=612&odnBg=ffffff",
        "tags": []
    },
    {
        "title": "TERRA Sweet Potato Chips, Sea Salt, 6 oz",
        "url": "https://www.walmart.com/ip/TERRA-Sweet-Potato-Chips-Sea-Salt-6-oz/29944598",
        "price": "$2.98",
        "stars": "4.1",
        "ratings": "166 ",
        "img": "i5.walmartimages.com/asr/cac66d5f-ef3d-4fcd-bee3-451b9a34978a_1.59ccaee9faa404a61846c7d1657d52ad.jpeg?odnWidth=612&odnHeight=612&odnBg=ffffff",
        "tags": [
            [
                "All Chips",
                "/browse/food/all-chips/976759_976787_1001390_2774520"
            ],
            [
                "Party Snacks",
                "/browse/food/party-snacks/976759_976787_1001390_6288637_2941065"
            ],
            [
                "Gametime Snacks",
                "/browse/food/gametime-snacks/976759_1567409_3282877_2947703"
            ],
            [
                "Movie Night Foods and Drinks",
                "/browse/food/movie-night-foods-drinks/976759_976787_4460428"
            ],
            [
                "Healthy Snacks",
                "/browse/food/healthy-snacks/976759_976787_1001390_6288637_4759368"
            ],
            [
                "All Potato Chips",
                "/browse/food/all-potato-chips/976759_976787_1001390_4402657_6099985"
            ],
            [
                "Summer Grilling Snacks",
                "/browse/food/summer-grilling-snacks/976759_1567409_8808777_8991223"
            ]
        ]
    },
    {
        "title": "Atkins Protein-Rich Meal Bar, Chocolate Peanut Butter, Keto Friendly, 8 Count",
        "url": "https://www.walmart.com/ip/Atkins-Protein-Rich-Meal-Bar-Chocolate-Peanut-Butter-Keto-Friendly-8-Count/29559150",
        "price": "$11.98",
        "stars": "4.4",
        "ratings": "329 ",
        "img": "i5.walmartimages.com/asr/44ae17da-7e16-4409-98b9-7f241d96737e_1.b8e9df202d72c1a733637f50864a90df.jpeg?odnWidth=612&odnHeight=612&odnBg=ffffff",
        "tags": [
            [
                "Keto",
                "/browse/health/keto/976760_7501265_1974068"
            ],
            [
                "Weight Management Restock",
                "/browse/health/weight-management-restock/976760_9347972_2330110"
            ],
            [
                "Indulgent Flavors Weight Management",
                "/browse/health/indulgent-flavors-weight-management/976760_1005859_6873278_2515559"
            ],
            [
                "Active Mom",
                "/browse/health/active-mom/976760_1005859_2807945"
            ],
            [
                "Keto Protein Bars",
                "/browse/health/keto-protein-bars/976760_7501265_4603525_6755416"
            ],
            [
                "Atkins Snack Bars",
                "/browse/health/atkins-snack-bars/976760_1005859_7635193_7691176"
            ],
            [
                "Meal Replacement Bars",
                "/browse/health/meal-replacement-bars/976760_1005859_8657759"
            ],
            [
                "Atkins Multi Packs",
                "/browse/health/atkins-multi-packs/976760_1005859_7635193_9319969"
            ]
        ]
    },
    {
        "title": "Keebler Frosted Animal Shortbread Shape Cookies 13 oz",
        "url": "https://www.walmart.com/ip/Keebler-Frosted-Animal-Shortbread-Shape-Cookies-13-oz/10789386",
        "price": "$2.78",
        "stars": "4.1",
        "ratings": "109 ",
        "img": "i5.walmartimages.com/asr/39bcd588-3f52-490b-9300-948da0d4529d_1.3cd177735fc7d2264c1cf9da6222dea5.jpeg?odnWidth=612&odnHeight=612&odnBg=ffffff",
        "tags": [
            [
                "All Cookies",
                "/browse/food/all-cookies/976759_976787_1001391_1592885"
            ],
            [
                "Keebler Cookies",
                "/browse/food/keebler-cookies/976759_976787_1001391_3596825"
            ],
            [
                "Valentine's Day Snacks",
                "/browse/food/valentines-day-snacks/976759_1567409_9457805_6695335"
            ],
            [
                "Lunchbox Favorites",
                "/browse/food/lunchbox-favorites/976759_976787_7186343"
            ],
            [
                "Shortbread Cookies",
                "/browse/food/shortbread-cookies/976759_976787_1001391_8026949"
            ],
            [
                "Summer Grilling Snacks",
                "/browse/food/summer-grilling-snacks/976759_1567409_8808777_8991223"
            ],
            [
                "Snack Crackers",
                "/browse/food/snack-crackers/976759_976787_1001392_9358664"
            ]
        ]
    }
]