[
    {
        "title": "Great Value Dried Cranberries, Sweetened, Value Pack, 24 oz",
        "url": "https://www.walmart.com/ip/Great-Value-Dried-Cranberries-Sweetened-Value-Pack-24-oz/46460961",
        "price": "$4.94",
        "stars": "4.8",
        "ratings": "223 ",
        "img": "i5.walmartimages.com/asr/9ea27801-50b0-4ad1-8e6e-4812a0670838_2.9cadf8dc64e9b04bce92e9e28d9e8ee9.jpeg?odnWidth=612&odnHeight=612&odnBg=ffffff",
        "tags": [
            [
                "Dried Cranberries",
                "/browse/food/dried-cranberries/976759_976787_4962467_2356650_1816730"
            ],
            [
                "All Nuts, Trail Mix,& Seeds",
                "/browse/food/all-nuts-trail-mix-seeds/976759_976787_1001406_2615672"
            ],
            [
                "Dried Fruits and Vegetables",
                "/browse/food/dried-fruits-vegetables/976759_1071964_976793_6682547_2657263"
            ],
            [
                "All Fruit Types",
                "/browse/food/all-fruit-types/976759_976787_4962467_2356650_6330824"
            ],
            [
                "All Nuts, Dried Fruits and Healthy Snacks",
                "/browse/food/all-nuts-dried-fruits-healthy-snacks/976759_1071964_976793_6682547_7101504"
            ],
            [
                "Raisins",
                "/browse/food/raisins/976759_976787_4962467_2356650_7702391"
            ],
            [
                "Trail Mix",
                "/browse/food/trail-mix/976759_976787_1001406_7771097"
            ]
        ]
    },
    {
        "title": "Kellogg's Club Minis ,Crackers, Original, 11 Oz",
        "url": "https://www.walmart.com/ip/Kellogg-s-Club-Minis-Crackers-Original-11-Oz/15610450",
        "price": "$2.52",
        "stars": "4.7",
        "ratings": "225 ",
        "img": "i5.walmartimages.com/asr/b18e4fe9-8b0c-444d-9ec4-5604991a6921.83fc437b1dfa1d16add3dcd44f72c434.jpeg?odnWidth=612&odnHeight=612&odnBg=ffffff",
        "tags": [
            [
                "Nabisco Crackers",
                "/browse/food/nabisco-crackers/976759_976787_1001392_1898174"
            ],
            [
                "Sandwich Crackers",
                "/browse/food/sandwich-crackers/976759_976787_1001392_4767196"
            ],
            [
                "All Gametime Food",
                "/browse/food/all-gametime-food/976759_1567409_3282877_6093905"
            ],
            [
                "Shop Kellogg's",
                "/browse/shop-kelloggs/976759_7786229"
            ],
            [
                "On-the-go Crackers",
                "/browse/food/on-the-go-crackers/976759_976787_1001392_9056086"
            ],
            [
                "Club Crackers",
                "/browse/food/club-crackers/976759_976787_1001392_9984380"
            ]
        ]
    },
    {
        "title": "Welch's Value Pack Mixed Fruit Fruit Snacks 22 ea",
        "url": "https://www.walmart.com/ip/Welch-s-Value-Pack-Mixed-Fruit-Fruit-Snacks-22-ea/841144088",
        "price": "$3.98",
        "stars": "4.9",
        "ratings": "16 ",
        "img": "i5.walmartimages.com/asr/d26ecff0-2bf3-43e0-8c31-80760ef6712c.8bae1a81a02d4f5152d4db565bc9adaf.jpeg?odnWidth=612&odnHeight=612&odnBg=ffffff",
        "tags": [
            [
                "Dried Fruits",
                "/browse/food/dried-fruits/976759_976787_4962467_1044135"
            ],
            [
                "All Fruit Snacks",
                "/browse/food/all-fruit-snacks/976759_976787_1001395_2676420"
            ],
            [
                "On the Go Snacks",
                "/browse/food/on-the-go-snacks/976759_976787_3253105"
            ],
            [
                "Snapple",
                "/browse/food/snapple/976759_976782_1001320_3563364_4335046"
            ],
            [
                "New Fruit Snacks",
                "/browse/food/new-fruit-snacks/976759_976787_1001395_6636172"
            ],
            [
                "Bulk Fruit Snacks",
                "/browse/food/bulk-fruit-snacks/976759_976787_1001395_6730562"
            ],
            [
                "Kid's Lunches",
                "/browse/food/kids-lunches/976759_1567409_7966149_7561098"
            ],
            [
                "Top-selling Fruit Snacks",
                "/browse/food/top-selling-fruit-snacks/976759_976787_1001395_9645697"
            ]
        ]
    },
    {
        "title": "OREO Golden Sandwich Cookies, Lemon Flavored Creme, 1 Resealable Family Size Pack",
        "url": "https://www.walmart.com/ip/OREO-Golden-Sandwich-Cookies-Lemon-Flavored-Creme-1-Resealable-Family-Size-Pack/720633431",
        "price": "$3.67",
        "stars": "4.6",
        "ratings": "108 ",
        "img": "i5.walmartimages.com/asr/fd896bd1-d041-45bf-98b4-c0fdd260eda7.5587bbcfa0117a9cf2a0cae8ba359af5.jpeg?odnWidth=612&odnHeight=612&odnBg=ffffff",
        "tags": [
            [
                "All Cookies",
                "/browse/food/all-cookies/976759_976787_1001391_1592885"
            ],
            [
                "Chocolate Cookies",
                "/browse/food/chocolate-cookies/976759_976787_1001391_4007138"
            ],
            [
                "All Oreos",
                "/browse/food/all-oreos/976759_976787_1001391_1367771_5222662"
            ],
            [
                "Lunchbox Favorites",
                "/browse/food/lunchbox-favorites/976759_976787_7186343"
            ],
            [
                "Butter Cookies",
                "/browse/food/butter-cookies/976759_976787_1001391_7803640"
            ],
            [
                "Summer Grilling Snacks",
                "/browse/food/summer-grilling-snacks/976759_1567409_8808777_8991223"
            ]
        ]
    },
    {
        "title": "Lance Sandwich Crackers, Variety Pack with ToastChee and Toasty with Peanut Butter and Captain's Wafers with Cream Cheese, 20 Ct",
        "url": "https://www.walmart.com/ip/Lance-Sandwich-Crackers-Variety-Pack-with-ToastChee-and-Toasty-with-Peanut-Butter-and-Captain-s-Wafers-with-Cream-Cheese-20-Ct/54276190",
        "price": "$5.78",
        "stars": "4.7",
        "ratings": "314 ",
        "img": "",
        "tags": [
            [
                "All Cookies",
                "/browse/food/all-cookies/976759_976787_1001391_1592885"
            ],
            [
                "Shop All Cookies",
                "/browse/food/shop-all-cookies/976759_976787_1001391_2392263"
            ],
            [
                "On the Go Snacks",
                "/browse/food/on-the-go-snacks/976759_976787_3253105"
            ],
            [
                "Lunchbox Favorites",
                "/browse/food/lunchbox-favorites/976759_976787_7186343"
            ],
            [
                "Shop Kellogg's",
                "/browse/shop-kelloggs/976759_7786229"
            ],
            [
                "On-the-go Crackers",
                "/browse/food/on-the-go-crackers/976759_976787_1001392_9056086"
            ],
            [
                "Snack Crackers",
                "/browse/food/snack-crackers/976759_976787_1001392_9358664"
            ]
        ]
    },
    {
        "title": "Great Value Dried Apricots, 6 oz",
        "url": "https://www.walmart.com/ip/Great-Value-Dried-Apricots-6-oz/10452488",
        "price": "$2.87",
        "stars": "4.3",
        "ratings": "92 ",
        "img": "i5.walmartimages.com/asr/c2802efe-305a-45a4-bf98-ecf182375965_1.079c0dd53cf362a58771979d3c570cf6.jpeg?odnWidth=612&odnHeight=612&odnBg=ffffff",
        "tags": [
            [
                "Dried Fruits and Vegetables",
                "/browse/food/dried-fruits-vegetables/976759_1071964_976793_6682547_2657263"
            ],
            [
                "All Fruit Types",
                "/browse/food/all-fruit-types/976759_976787_4962467_2356650_6330824"
            ],
            [
                "All Nuts, Dried Fruits and Healthy Snacks",
                "/browse/food/all-nuts-dried-fruits-healthy-snacks/976759_1071964_976793_6682547_7101504"
            ],
            [
                "Trail Mix",
                "/browse/food/trail-mix/976759_976787_1001406_7771097"
            ],
            [
                "Made in Nature",
                "/browse/food/made-in-nature/976759_976787_4962467_2025492_8389106"
            ],
            [
                "Mariani",
                "/browse/food/mariani/976759_976787_4962467_2025492_8584789"
            ],
            [
                "Dried Apricots",
                "/browse/food/dried-apricots/976759_976787_4962467_2356650_8921920"
            ],
            [
                "Organic Dried Fruits",
                "/browse/food/organic-dried-fruits/976759_976787_4962467_9452082"
            ]
        ]
    },
    {
        "title": "Pringles, Potato Crisps Chips, Flavored Variety Pack, 15 Ct, 20.6 Oz",
        "url": "https://www.walmart.com/ip/Pringles-Potato-Crisps-Chips-Flavored-Variety-Pack-15-Ct-20-6-Oz/691308069",
        "price": "$9.34",
        "stars": "4.4",
        "ratings": "172 ",
        "img": "i5.walmartimages.com/asr/288735f9-dff9-4132-9bc5-619f1fa1ff56.73de84fa2b59c0ddef2dace04a2b9210.jpeg?odnWidth=612&odnHeight=612&odnBg=ffffff",
        "tags": [
            [
                "Pringles & Cheez-It",
                "/browse/pringles-cheez-it/976759_1863726"
            ],
            [
                "All Chips",
                "/browse/food/all-chips/976759_976787_1001390_2774520"
            ],
            [
                "Pringles Convenient Pack",
                "/browse/food/pringles-convenient-pack/976759_976787_1001390_6288637_3119101"
            ],
            [
                "All Potato Chips",
                "/browse/food/all-potato-chips/976759_976787_1001390_4402657_6099985"
            ],
            [
                "Study Snacks",
                "/browse/food/study-snacks/976759_1567409_3591080_6794842"
            ],
            [
                "Lunchbox Favorites",
                "/browse/food/lunchbox-favorites/976759_976787_7186343"
            ],
            [
                "Shop Kellogg's",
                "/browse/shop-kelloggs/976759_7786229"
            ],
            [
                "Variety Pack Chips",
                "/browse/food/variety-pack-chips/976759_976787_1001390_9634100"
            ]
        ]
    },
    {
        "title": "Keebler Grasshopper Mint & Fudge Cookies 10 Oz",
        "url": "https://www.walmart.com/ip/Keebler-Grasshopper-Mint-Fudge-Cookies-10-Oz/11045813",
        "price": "$2.23",
        "stars": "4.6",
        "ratings": "283 ",
        "img": "i5.walmartimages.com/asr/80e75d16-2d58-486a-a9aa-0e0e0e99ae4c.8ecfab24192d6ec85bc89632eb51c5ff.jpeg?odnWidth=612&odnHeight=612&odnBg=ffffff",
        "tags": [
            [
                "All Cookies",
                "/browse/food/all-cookies/976759_976787_1001391_1592885"
            ],
            [
                "Keebler Cookies",
                "/browse/food/keebler-cookies/976759_976787_1001391_3596825"
            ],
            [
                "Chocolate Cookies",
                "/browse/food/chocolate-cookies/976759_976787_1001391_4007138"
            ],
            [
                "All Pepperidge Farm Cookies",
                "/browse/food/all-pepperidge-farm-cookies/976759_976787_1001391_2410932_5022397"
            ],
            [
                "Keebler Make a Wish",
                "/browse/food/keebler-make-a-wish/976759_976787_1001392_6288413"
            ],
            [
                "Summer Grilling Snacks",
                "/browse/food/summer-grilling-snacks/976759_1567409_8808777_8991223"
            ],
            [
                "Snack Crackers",
                "/browse/food/snack-crackers/976759_976787_1001392_9358664"
            ]
        ]
    },
    {
        "title": "Great Value Natural Whole Almonds, 25 Oz",
        "url": "https://www.walmart.com/ip/Great-Value-Natural-Whole-Almonds-25-Oz/251776571",
        "price": "$8.84",
        "stars": "4.7",
        "ratings": "223 ",
        "img": "i5.walmartimages.com/asr/17bc4d75-76ae-4f65-b1fa-3c1dca3a705e_2.88295600047afbc803a948b909499277.jpeg?odnWidth=612&odnHeight=612&odnBg=ffffff",
        "tags": [
            [
                "Baking Nuts, Coconut & Fruit",
                "/browse/food/baking-nuts-coconut-fruit/976759_976780_2881195_1092368"
            ],
            [
                "All Nuts, Trail Mix,& Seeds",
                "/browse/food/all-nuts-trail-mix-seeds/976759_976787_1001406_2615672"
            ],
            [
                "Keto Snacks",
                "/browse/food/keto-snacks/976759_976787_3049581"
            ],
            [
                "On the Go Snacks",
                "/browse/food/on-the-go-snacks/976759_976787_3253105"
            ],
            [
                "Planters Cashews",
                "/browse/food/planters-cashews/976759_976787_1001406_8305691_4118325"
            ],
            [
                "All Almonds",
                "/browse/food/all-almonds/976759_976787_1001406_3474924_6070199"
            ],
            [
                "All Nuts, Dried Fruits and Healthy Snacks",
                "/browse/food/all-nuts-dried-fruits-healthy-snacks/976759_1071964_976793_6682547_7101504"
            ]
        ]
    },
    {
        "title": "Pringles, Snack Stacks Potato Crisps Chips, Flavored Variety Pack, 27 Ct, 19.3 Oz",
        "url": "https://www.walmart.com/ip/Pringles-Snack-Stacks-Potato-Crisps-Chips-Flavored-Variety-Pack-27-Ct-19-3-Oz/685744035",
        "price": "$9.37",
        "stars": "4.6",
        "ratings": "397 ",
        "img": "i5.walmartimages.com/asr/1526d322-75ae-4d62-899b-ddb744a44da6.79897b4726902c68c0bc5e3fa35a2aee.jpeg?odnWidth=612&odnHeight=612&odnBg=ffffff",
        "tags": [
            [
                "Pringles & Cheez-It",
                "/browse/pringles-cheez-it/976759_1863726"
            ],
            [
                "All Chips",
                "/browse/food/all-chips/976759_976787_1001390_2774520"
            ],
            [
                "Pringles Convenient Pack",
                "/browse/food/pringles-convenient-pack/976759_976787_1001390_6288637_3119101"
            ],
            [
                "All Potato Chips",
                "/browse/food/all-potato-chips/976759_976787_1001390_4402657_6099985"
            ],
            [
                "Study Snacks",
                "/browse/food/study-snacks/976759_1567409_3591080_6794842"
            ],
            [
                "Lunchbox Favorites",
                "/browse/food/lunchbox-favorites/976759_976787_7186343"
            ],
            [
                "Shop Kellogg's",
                "/browse/shop-kelloggs/976759_7786229"
            ],
            [
                "Variety Pack Chips",
                "/browse/food/variety-pack-chips/976759_976787_1001390_9634100"
            ]
        ]
    }
]