[
    {
        "title": "Grove Square Caramel Cappucino Coffee Pods, 24 Count for Keurig K-Cup Brewers",
        "url": "https://www.walmart.com/ip/Grove-Square-Caramel-Cappucino-Coffee-Pods-24-Count-for-Keurig-K-Cup-Brewers/744464500",
        "price": "$10.99",
        "stars": "4.2",
        "ratings": "27 ",
        "img": "i5.walmartimages.com/asr/6a774aed-da5a-45c8-ba84-1d74813063c0_1.76e721584d67bfc849b9752a7675b74c.png?odnWidth=612&odnHeight=612&odnBg=ffffff",
        "tags": [
            [
                "Arabica Coffee",
                "/browse/food/arabica-coffee/976759_1086446_2559085"
            ],
            [
                "All Gevalia",
                "/browse/food/all-gevalia/976759_1086446_9208550_3568271"
            ],
            [
                "Cappuccino Coffee",
                "/browse/food/cappuccino-coffee/976759_1086446_4163341"
            ],
            [
                "New Hot Cocoa",
                "/browse/food/new-hot-cocoa/976759_976782_1044077_6726664"
            ],
            [
                "Cocoa Pods",
                "/browse/food/cocoa-pods/976759_976782_1044077_7215884"
            ],
            [
                "Coffee & Coffee Pods",
                "/browse/food/coffee-coffee-pods/976759_1086446_7238690"
            ],
            [
                "Keurig K-Cups & Coffee Pods",
                "/browse/food/keurig-k-cups-coffee-pods/976759_1086446_8135897"
            ]
        ]
    },
    {
        "title": "Community Coffee Breakfast Blend Medium Roast Whole Bean 12 oz Gable Top",
        "url": "https://www.walmart.com/ip/Community-Coffee-Breakfast-Blend-Medium-Roast-Whole-Bean-12-oz-Gable-Top/10450816",
        "price": "$5.74",
        "stars": "4.8",
        "ratings": "96 ",
        "img": "i5.walmartimages.com/asr/84a6b074-1db2-4ad4-8b29-1f1fa739640b.5d4527e1feaa17e1824b1e1936293cfc.png?odnWidth=612&odnHeight=612&odnBg=ffffff",
        "tags": [
            [
                "Ground Coffee",
                "/browse/food/ground-coffee/976759_1086446_1229651"
            ],
            [
                "Whole Bean Coffee",
                "/browse/food/whole-bean-coffee/976759_1086446_1229652"
            ],
            [
                "Eight O'Clock Whole Bean Coffee",
                "/browse/food/eight-oclock-whole-bean-coffee/976759_1086446_1371544_2507754"
            ],
            [
                "Arabica Coffee",
                "/browse/food/arabica-coffee/976759_1086446_2559085"
            ],
            [
                "Colombian Coffee",
                "/browse/food/colombian-coffee/976759_1086446_3908418"
            ],
            [
                "Community Ground Coffee",
                "/browse/food/community-ground-coffee/976759_1086446_2425858_4529416"
            ],
            [
                "All Eight O'Clock Coffee",
                "/browse/food/all-eight-oclock-coffee/976759_1086446_1371544_6452168"
            ],
            [
                "Coffee Bean and Tea Leaf Whole Bean Coffee",
                "/browse/food/coffee-bean-tea-leaf-whole-bean-coffee/976759_1086446_5475394_7955143"
            ]
        ]
    },
    {
        "title": "Celestial Seasonings Cinnamon Express Black Tea Bags, 20 Count Box",
        "url": "https://www.walmart.com/ip/Celestial-Seasonings-Cinnamon-Express-Black-Tea-Bags-20-Count-Box/313910397",
        "price": "$2.37",
        "stars": "4.4",
        "ratings": "8 ",
        "img": "i5.walmartimages.com/asr/808cf699-621a-419e-9dbe-cf2e336a8f02_1.5bb134099bf008b79ce0f7c688e87ee2.jpeg?odnWidth=612&odnHeight=612&odnBg=ffffff",
        "tags": [
            [
                "Bigelow Tea",
                "/browse/food/bigelow-tea/976759_976782_1001320_4190523"
            ],
            [
                "Black Tea",
                "/browse/food/black-tea/976759_976782_1001320_4739102"
            ],
            [
                "Coffee With Chicory",
                "/browse/food/coffee-with-chicory/976759_1086446_5471454"
            ],
            [
                "Sleepytime Tea",
                "/browse/food/sleepytime-tea/976759_976782_1001320_6042884"
            ],
            [
                "Celestial Seasonings Tea",
                "/browse/food/celestial-seasonings-tea/976759_976782_1001320_7431138"
            ],
            [
                "Ginger Tea",
                "/browse/food/ginger-tea/976759_976782_1001320_7801944"
            ],
            [
                "All Tea",
                "/browse/food/all-tea/976759_976782_1001320_9254040"
            ],
            [
                "Herbal Tea",
                "/browse/food/herbal-tea/976759_976782_1001320_9515255"
            ]
        ]
    },
    {
        "title": "Yaucono Coffee Fresh Pack, 14 oz",
        "url": "https://www.walmart.com/ip/Yaucono-Coffee-Fresh-Pack-14-oz/43177557",
        "price": "$13.50",
        "stars": "5.0",
        "ratings": "16 ",
        "img": "",
        "tags": [
            [
                "Whole Bean Coffee",
                "/browse/food/whole-bean-coffee/976759_1086446_1229652"
            ],
            [
                "Arabica Coffee",
                "/browse/food/arabica-coffee/976759_1086446_2559085"
            ],
            [
                "Cold Weather Beverages",
                "/browse/food/cold-weather-beverages/976759_1567409_6592518_4126576"
            ],
            [
                "Espresso",
                "/browse/food/espresso/976759_1086446_4366064"
            ],
            [
                "Cuban Coffee",
                "/browse/food/cuban-coffee/976759_1086446_5303199"
            ],
            [
                "Starbucks Ground Coffee",
                "/browse/food/starbucks-ground-coffee/976759_1086446_2986178_5925252"
            ],
            [
                "Coffee & Coffee Pods",
                "/browse/food/coffee-coffee-pods/976759_1086446_7238690"
            ],
            [
                "All Starbucks",
                "/browse/food/all-starbucks/976759_1086446_2986178_7830797"
            ]
        ]
    },
    {
        "title": "Caribou Coffee\u00ae Lakeshore Medium Roast Ground Coffee 12 oz. Stand-Up Bag",
        "url": "https://www.walmart.com/ip/Caribou-Coffee-Lakeshore-Medium-Roast-Ground-Coffee-12-oz-Stand-Up-Bag/28198681",
        "price": "$7.28",
        "stars": "4.7",
        "ratings": "7 ",
        "img": "i5.walmartimages.com/asr/151ed59b-4c5b-4f00-9f88-08a2d4eeb702.bef2ed487a80b5ea5588f0265dca3062.jpeg?odnWidth=612&odnHeight=612&odnBg=ffffff",
        "tags": [
            [
                "Whole Bean Coffee",
                "/browse/food/whole-bean-coffee/976759_1086446_1229652"
            ],
            [
                "Arabica Coffee",
                "/browse/food/arabica-coffee/976759_1086446_2559085"
            ],
            [
                "All Community Coffee",
                "/browse/food/all-community-coffee/976759_1086446_2425858_4140955"
            ],
            [
                "Decaf Ground Coffee",
                "/browse/food/decaf-ground-coffee/976759_1086446_2901896_4427059"
            ],
            [
                "Community Ground Coffee",
                "/browse/food/community-ground-coffee/976759_1086446_2425858_4529416"
            ],
            [
                "Caribou Ground Coffee",
                "/browse/food/caribou-ground-coffee/976759_1086446_5204146_5316531"
            ],
            [
                "All Caribou Coffee",
                "/browse/food/all-caribou-coffee/976759_1086446_5204146_5717470"
            ],
            [
                "Coffee & Coffee Pods",
                "/browse/food/coffee-coffee-pods/976759_1086446_7238690"
            ]
        ]
    },
    {
        "title": "Community Coffee French Vanilla Medium Roast Ground 12 oz Gable Top",
        "url": "https://www.walmart.com/ip/Community-Coffee-French-Vanilla-Medium-Roast-Ground-12-oz-Gable-Top/19801045",
        "price": "$5.99",
        "stars": "4.7",
        "ratings": "84 ",
        "img": "i5.walmartimages.com/asr/cda5dcca-dc0b-44fa-82e7-83400d5f0c00.3cddcad2b5535a2ac5a9fcb5972d3a70.png?odnWidth=612&odnHeight=612&odnBg=ffffff",
        "tags": [
            [
                "Whole Bean Coffee",
                "/browse/food/whole-bean-coffee/976759_1086446_1229652"
            ],
            [
                "All Community Coffee",
                "/browse/food/all-community-coffee/976759_1086446_2425858_4140955"
            ],
            [
                "Decaf Ground Coffee",
                "/browse/food/decaf-ground-coffee/976759_1086446_2901896_4427059"
            ],
            [
                "Community Ground Coffee",
                "/browse/food/community-ground-coffee/976759_1086446_2425858_4529416"
            ],
            [
                "Coffee With Chicory",
                "/browse/food/coffee-with-chicory/976759_1086446_5471454"
            ],
            [
                "Coffee & Coffee Pods",
                "/browse/food/coffee-coffee-pods/976759_1086446_7238690"
            ],
            [
                "Flavored Ground Coffee",
                "/browse/food/flavored-ground-coffee/976759_1086446_8200909"
            ],
            [
                "All Decaf Coffee",
                "/browse/food/all-decaf-coffee/976759_1086446_2901896_9623975"
            ]
        ]
    },
    {
        "title": "The Coffee Bean & Tea Leaf Costa Rica Medium Whole Bean Coffee 12 oz. Bag",
        "url": "https://www.walmart.com/ip/The-Coffee-Bean-Tea-Leaf-Costa-Rica-Medium-Whole-Bean-Coffee-12-oz-Bag/36855271",
        "price": "$6.48",
        "stars": "4.6",
        "ratings": "14 ",
        "img": "i5.walmartimages.com/asr/8b3c4631-7978-4f64-bd32-964661e1c897_1.eab7718b891823de0f6afac55bb4ce05.jpeg?odnWidth=612&odnHeight=612&odnBg=ffffff",
        "tags": [
            [
                "Whole Bean Coffee",
                "/browse/food/whole-bean-coffee/976759_1086446_1229652"
            ],
            [
                "Coffee Bean and Tea Leaf Ground Coffee",
                "/browse/food/coffee-bean-tea-leaf-ground-coffee/976759_1086446_5475394_2347803"
            ],
            [
                "Arabica Coffee",
                "/browse/food/arabica-coffee/976759_1086446_2559085"
            ],
            [
                "Premium Ground Coffee",
                "/browse/food/premium-ground-coffee/976759_5148628_5831001_2847145"
            ],
            [
                "Colombian Coffee",
                "/browse/food/colombian-coffee/976759_1086446_3908418"
            ],
            [
                "Shop All Premium Coffee",
                "/browse/food/shop-all-premium-coffee/976759_5148628_5831001_4365961"
            ],
            [
                "Premium Whole Bean Coffee",
                "/browse/food/premium-whole-bean-coffee/976759_5148628_5831001_6904869"
            ],
            [
                "Starbucks Whole Bean Coffee",
                "/browse/food/starbucks-whole-bean-coffee/976759_1086446_2986178_7654038"
            ]
        ]
    },
    {
        "title": "Gevalia Medium Roast Columbia Arabica Ground Coffee, Caffeinated, 20 oz Bag",
        "url": "https://www.walmart.com/ip/Gevalia-Medium-Roast-Columbia-Arabica-Ground-Coffee-Caffeinated-20-oz-Bag/249846165",
        "price": "$9.96",
        "stars": "4.6",
        "ratings": "15 ",
        "img": "i5.walmartimages.com/asr/1568ac65-04cb-4cab-a0c6-bc6ab4f66607.4f92f5717ee7380d5354806404ddaf55.jpeg?odnWidth=612&odnHeight=612&odnBg=ffffff",
        "tags": [
            [
                "Arabica Coffee",
                "/browse/food/arabica-coffee/976759_1086446_2559085"
            ],
            [
                "All Gevalia",
                "/browse/food/all-gevalia/976759_1086446_9208550_3568271"
            ],
            [
                "Colombian Coffee",
                "/browse/food/colombian-coffee/976759_1086446_3908418"
            ],
            [
                "Espresso",
                "/browse/food/espresso/976759_1086446_4366064"
            ],
            [
                "Gevalia Coffee Pods",
                "/browse/food/gevalia-coffee-pods/976759_1086446_9208550_5768686"
            ],
            [
                "Coffee & Coffee Pods",
                "/browse/food/coffee-coffee-pods/976759_1086446_7238690"
            ],
            [
                "Gevalia Ground Coffee",
                "/browse/food/gevalia-ground-coffee/976759_1086446_9208550_8102010"
            ],
            [
                "Keurig K-Cups & Coffee Pods",
                "/browse/food/keurig-k-cups-coffee-pods/976759_1086446_8135897"
            ]
        ]
    },
    {
        "title": "Boyer's Mash-Up Colombia + Sumatra Blend Whole Bean Coffee, Medium Roast, 11 Oz",
        "url": "https://www.walmart.com/ip/Boyer-s-Mash-Up-Colombia-Sumatra-Blend-Whole-Bean-Coffee-Medium-Roast-11-Oz/488209191",
        "price": "$6.98",
        "stars": "4.5",
        "ratings": "52 ",
        "img": "i5.walmartimages.com/asr/cfb98d0e-0c40-4037-a9c4-fca141807955_1.9bafc4ef39d3c23e4b61f0d541d0792d.jpeg?odnWidth=612&odnHeight=612&odnBg=ffffff",
        "tags": [
            [
                "Organic Foods",
                "/browse/food/organic-foods/976759_1228024_1228017"
            ],
            [
                "Whole Bean Coffee",
                "/browse/food/whole-bean-coffee/976759_1086446_1229652"
            ],
            [
                "Arabica Coffee",
                "/browse/food/arabica-coffee/976759_1086446_2559085"
            ],
            [
                "All Community Coffee",
                "/browse/food/all-community-coffee/976759_1086446_2425858_4140955"
            ],
            [
                "Shop All Premium Coffee",
                "/browse/food/shop-all-premium-coffee/976759_5148628_5831001_4365961"
            ],
            [
                "Premium Whole Bean Coffee",
                "/browse/food/premium-whole-bean-coffee/976759_5148628_5831001_6904869"
            ],
            [
                "Starbucks Whole Bean Coffee",
                "/browse/food/starbucks-whole-bean-coffee/976759_1086446_2986178_7654038"
            ],
            [
                "Coffee Bean and Tea Leaf Whole Bean Coffee",
                "/browse/food/coffee-bean-tea-leaf-whole-bean-coffee/976759_1086446_5475394_7955143"
            ]
        ]
    },
    {
        "title": "Splenda Sweet Cream Liquid Coffee Creamer, 32 fl oz Bottle",
        "url": "https://www.walmart.com/ip/Splenda-Sweet-Cream-Liquid-Coffee-Creamer-32-fl-oz-Bottle/338491046",
        "price": "$6.49",
        "stars": "4.0",
        "ratings": "126 ",
        "img": "i5.walmartimages.com/asr/0004a39e-ac47-4b38-b7ff-56d36457f236_1.4e3a8482977d14a01c4bfa5b6af68da0.jpeg?odnWidth=612&odnHeight=612&odnBg=ffffff",
        "tags": [
            [
                "Non Dairy Creamers",
                "/browse/food/non-dairy-creamers/976759_1086446_1100007_2301544"
            ],
            [
                "All Creamers",
                "/browse/food/all-creamers/976759_1086446_1100007_2319792"
            ],
            [
                "Powder Coffee Creamer",
                "/browse/food/powder-coffee-creamer/976759_1086446_1100007_3600436"
            ],
            [
                "Flavored Coffee Creamer",
                "/browse/food/flavored-coffee-creamer/976759_1086446_1100007_3903859"
            ],
            [
                "French Vanilla Creamers",
                "/browse/food/french-vanilla-creamers/976759_1086446_1100007_7552468"
            ],
            [
                "Coffee-Mate",
                "/browse/food/coffee-mate/976759_1086446_1100007_8128797"
            ],
            [
                "Hazelnut Creamers",
                "/browse/food/hazelnut-creamers/976759_1086446_1100007_8460141"
            ],
            [
                "Healthy Coffee Creamer",
                "/browse/food/healthy-coffee-creamer/976759_1086446_1100007_8721359"
            ]
        ]
    }
]