[
    {
        "title": "KIND Bark Dark Chocolate & Roasted Peanuts, 3.6-Ounce Bag",
        "url": "https://www.walmart.com/ip/KIND-Bark-Dark-Chocolate-Roasted-Peanuts-3-6-Ounce-Bag/411053805",
        "price": "$3.58",
        "stars": "4.7",
        "ratings": "35 ",
        "img": "i5.walmartimages.com/asr/accc9250-84d0-4e39-8454-5bf929991258_1.3269b4c9fa2780213dec8c23c24bcc02.jpeg?odnWidth=612&odnHeight=612&odnBg=ffffff",
        "tags": [
            [
                "Premium Chocolate & Truffles",
                "/browse/food/premium-chocolate-truffles/976759_1096070_1224976_2085548"
            ],
            [
                "Shop All Chocolate",
                "/browse/food/shop-all-chocolate/976759_1096070_1224976_2323697"
            ],
            [
                "Shop All Premium Chocolate",
                "/browse/food/shop-all-premium-chocolate/976759_5148628_4569562_2514022"
            ],
            [
                "Chocolate Bars",
                "/browse/food/chocolate-bars/976759_1096070_1224976_3761246"
            ],
            [
                "KIND Bars",
                "/browse/food/kind-bars/976759_976787_1044154_4935111"
            ],
            [
                "Ghirardelli Chocolate",
                "/browse/food/ghirardelli-chocolate/976759_1096070_1224976_5687078"
            ],
            [
                "Dark Chocolate",
                "/browse/food/dark-chocolate/976759_1096070_1224976_6696156"
            ],
            [
                "Premium Chocolate Bars & Bags",
                "/browse/food/premium-chocolate-bars-bags/976759_5148628_4569562_7908469"
            ]
        ]
    },
    {
        "title": "Ginger Chews Original",
        "url": "https://www.walmart.com/ip/Ginger-Chews-Original/36877432",
        "price": "$5.85",
        "stars": "4.6",
        "ratings": "165 ",
        "img": "i5.walmartimages.com/asr/b126db89-765c-4d32-9792-6a282e6674ec_1.ca6031d98feafd611a995c2e976f2e4b.jpeg?odnWidth=612&odnHeight=612&odnBg=ffffff",
        "tags": [
            [
                "Shop All Chewing Gum",
                "/browse/food/shop-all-chewing-gum/976759_1096070_1224977_1572366"
            ],
            [
                "Hard Candy",
                "/browse/food/hard-candy/976759_1096070_1224979_3137292"
            ],
            [
                "Gummy Candy",
                "/browse/food/gummy-candy/976759_1096070_1224975_4246741"
            ],
            [
                "Snacks",
                "/browse/food/snacks/976759_5148628_1228025_1228103_4586063"
            ],
            [
                "All Single Herbs & Spices",
                "/browse/food/all-single-herbs-spices/976759_976786_1007682_2008977_6345512"
            ],
            [
                "Shop All Candy",
                "/browse/food/shop-all-candy/976759_1096070_1224975_6909059"
            ],
            [
                "Non GMO Food",
                "/browse/food/non-gmo-food/976759_5004481_8102928"
            ]
        ]
    },
    {
        "title": "Office Snax, All Tyme Assorted Bulk Candy Mix, 10 Lb",
        "url": "https://www.walmart.com/ip/Office-Snax-All-Tyme-Assorted-Bulk-Candy-Mix-10-Lb/43321386",
        "price": "$45.12",
        "stars": "3.6",
        "ratings": "38 ",
        "img": "i5.walmartimages.com/asr/148cf83f-a859-4d30-9997-a0a2c201916c_1.0a3d4c1b78ea92332d0d23188866dd32.jpeg?odnWidth=612&odnHeight=612&odnBg=ffffff",
        "tags": [
            [
                "Children's Party",
                "/browse/food/childrens-party/976759_1096070_1224980_1381998"
            ],
            [
                "Halloween Chocolate",
                "/browse/food/halloween-chocolate/976759_1567409_2107086_6041305_2967282"
            ],
            [
                "Hard Candy",
                "/browse/food/hard-candy/976759_1096070_1224979_3137292"
            ],
            [
                "Office Candy",
                "/browse/food/office-candy/976759_1096070_1224980_6270829"
            ],
            [
                "Easter Egg Hunt Candy",
                "/browse/food/easter-egg-hunt-candy/976759_1567409_7567150_4780634_7164648"
            ],
            [
                "Halloween Trick or Treat",
                "/browse/food/halloween-trick-treat/976759_1567409_2107086_6041305_8139682"
            ],
            [
                "All Halloween Candy",
                "/browse/food/all-halloween-candy/976759_1567409_2107086_6041305_9735259"
            ]
        ]
    },
    {
        "title": "Claey's Peppermint Hard Candy, 6 Oz.",
        "url": "https://www.walmart.com/ip/Claey-s-Peppermint-Hard-Candy-6-Oz/35603528",
        "price": "$1.25",
        "stars": "4.7",
        "ratings": "31 ",
        "img": "",
        "tags": [
            [
                "Shop All Mints",
                "/browse/food/shop-all-mints/976759_1096070_1224978_4579683"
            ],
            [
                "Brach's Candy",
                "/browse/food/brachs-candy/976759_1096070_1224979_5836711"
            ],
            [
                "Office Candy",
                "/browse/food/office-candy/976759_1096070_1224980_6270829"
            ],
            [
                "Shop All Candy",
                "/browse/food/shop-all-candy/976759_1096070_1224975_6909059"
            ],
            [
                "Wholesale Candy",
                "/browse/food/wholesale-candy/976759_1096070_1224980_8149011"
            ],
            [
                "Licorice",
                "/browse/food/licorice/976759_1096070_1224975_9183649"
            ]
        ]
    },
    {
        "title": "Trolli Very Berry Sour Brite Crawlers Gummy Worms Bag, 28 Oz",
        "url": "https://www.walmart.com/ip/Trolli-Very-Berry-Sour-Brite-Crawlers-Gummy-Worms-Bag-28-Oz/616844747",
        "price": "$6.46",
        "stars": "5.0",
        "ratings": "5 ",
        "img": "",
        "tags": [
            [
                "Gummy Worms",
                "/browse/food/gummy-worms/976759_1096070_1224975_3723203"
            ],
            [
                "Gummy Candy",
                "/browse/food/gummy-candy/976759_1096070_1224975_4246741"
            ],
            [
                "Caramels & Taffys",
                "/browse/food/caramels-taffys/976759_1096070_1224975_5726639"
            ],
            [
                "Shop All Candy",
                "/browse/food/shop-all-candy/976759_1096070_1224975_6909059"
            ],
            [
                "Halloween Trick or Treat",
                "/browse/food/halloween-trick-treat/976759_1567409_2107086_6041305_8139682"
            ],
            [
                "Wholesale Candy",
                "/browse/food/wholesale-candy/976759_1096070_1224980_8149011"
            ],
            [
                "Sour Candy",
                "/browse/food/sour-candy/976759_1096070_1224975_8650414"
            ]
        ]
    },
    {
        "title": "Assortment of Chocolate Halloween Candy (5.6 lb Bag)",
        "url": "https://www.walmart.com/ip/Assortment-of-Chocolate-Halloween-Candy-5-6-lb-Bag/507787160",
        "price": "$39.99",
        "stars": "5.0",
        "ratings": "4 ",
        "img": "i5.walmartimages.com/asr/b3e52177-2a9a-4496-9d86-0db2cca7d536_1.9edd4818c5ac42cdd982e1138bd76b49.jpeg?odnWidth=612&odnHeight=612&odnBg=ffffff",
        "tags": [
            [
                "Reese's",
                "/browse/food/reeses/976759_1096070_1224976_2141826"
            ],
            [
                "Halloween Chocolate",
                "/browse/food/halloween-chocolate/976759_1567409_2107086_6041305_2967282"
            ],
            [
                "Easter Egg Hunt Candy",
                "/browse/food/easter-egg-hunt-candy/976759_1567409_7567150_4780634_7164648"
            ],
            [
                "Halloween Trick or Treat",
                "/browse/food/halloween-trick-treat/976759_1567409_2107086_6041305_8139682"
            ],
            [
                "All Halloween Candy",
                "/browse/food/all-halloween-candy/976759_1567409_2107086_6041305_9735259"
            ],
            [
                "Easter Basket Candy",
                "/browse/food/easter-basket-candy/976759_1567409_7567150_4780634_9848063"
            ],
            [
                "Milk Chocolate",
                "/browse/food/milk-chocolate/976759_1096070_1224976_9905281"
            ]
        ]
    },
    {
        "title": "Airheads Candy Individually Wrapped Bars, Cherry, 36 Count",
        "url": "https://www.walmart.com/ip/Airheads-Candy-Individually-Wrapped-Bars-Cherry-36-Count/129658073",
        "price": "$8.06",
        "stars": "5.0",
        "ratings": "7 ",
        "img": "i5.walmartimages.com/asr/30890751-e47a-429c-99b8-23132c451053_1.e5eac218445021cc50f9acce0da55a2b.jpeg?odnWidth=612&odnHeight=612&odnBg=ffffff",
        "tags": [
            [
                "Children's Party",
                "/browse/food/childrens-party/976759_1096070_1224980_1381998"
            ],
            [
                "Hard Candy",
                "/browse/food/hard-candy/976759_1096070_1224979_3137292"
            ],
            [
                "Caramels & Taffys",
                "/browse/food/caramels-taffys/976759_1096070_1224975_5726639"
            ],
            [
                "Office Candy",
                "/browse/food/office-candy/976759_1096070_1224980_6270829"
            ],
            [
                "Halloween Trick or Treat",
                "/browse/food/halloween-trick-treat/976759_1567409_2107086_6041305_8139682"
            ],
            [
                "Wholesale Candy",
                "/browse/food/wholesale-candy/976759_1096070_1224980_8149011"
            ],
            [
                "Classroom Candy and Treats",
                "/browse/food/classroom-candy-treats/976759_1567409_9457805_8980866"
            ]
        ]
    },
    {
        "title": "Original Gourmet Original Lollipops, 1.1 oz, 48 count",
        "url": "https://www.walmart.com/ip/Original-Gourmet-Original-Lollipops-1-1-oz-48-count/42348191",
        "price": "$20.00",
        "stars": "4.7",
        "ratings": "30 ",
        "img": "",
        "tags": [
            [
                "Tootsie Roll",
                "/browse/food/tootsie-roll/976759_1096070_1224975_1346090"
            ],
            [
                "Children's Party",
                "/browse/food/childrens-party/976759_1096070_1224980_1381998"
            ],
            [
                "Office Candy",
                "/browse/food/office-candy/976759_1096070_1224980_6270829"
            ],
            [
                "Lollipops & Suckers",
                "/browse/food/lollipops-suckers/976759_1096070_1224979_7528469"
            ],
            [
                "Halloween Trick or Treat",
                "/browse/food/halloween-trick-treat/976759_1567409_2107086_6041305_8139682"
            ],
            [
                "Wholesale Candy",
                "/browse/food/wholesale-candy/976759_1096070_1224980_8149011"
            ],
            [
                "Hershey's Summer Sweets",
                "/browse/food/hersheys-summer-sweets/976759_1567409_8346319"
            ]
        ]
    },
    {
        "title": "Canel's Assorted Flavors Chewing Gum Display, 0.17 oz",
        "url": "https://www.walmart.com/ip/Canel-s-Assorted-Flavors-Chewing-Gum-Display-0-17-oz/11962538",
        "price": "$2.38",
        "stars": "5.0",
        "ratings": "8 ",
        "img": "",
        "tags": [
            [
                "Children's Party",
                "/browse/food/childrens-party/976759_1096070_1224980_1381998"
            ],
            [
                "Bubble Gum",
                "/browse/food/bubble-gum/976759_1096070_1224977_2039307"
            ],
            [
                "Sugar Free Food",
                "/browse/food/sugar-free-food/976759_1567409_3170630_2147513"
            ],
            [
                "Sugar-Free Snacks",
                "/browse/food/sugar-free-snacks/976759_976787_3455839"
            ],
            [
                "Wrigley Gum",
                "/browse/food/wrigley-gum/976759_1096070_1224977_3533254"
            ],
            [
                "Wholesale Candy",
                "/browse/food/wholesale-candy/976759_1096070_1224980_8149011"
            ],
            [
                "Trident Chewing Gum",
                "/browse/food/trident-chewing-gum/976759_1096070_1224977_9974693"
            ]
        ]
    },
    {
        "title": "Office Snax, Soft & Chewy Candy Mix, 10 Lb",
        "url": "https://www.walmart.com/ip/Office-Snax-Soft-Chewy-Candy-Mix-10-Lb/43315754",
        "price": "$46.45",
        "stars": "3.8",
        "ratings": "10 ",
        "img": "i5.walmartimages.com/asr/6d9236bf-6f50-4051-9697-6bcd4c95f222.b541fa6f7611a627b01f9f4417db876a.jpeg?odnWidth=612&odnHeight=612&odnBg=ffffff",
        "tags": [
            [
                "Children's Party",
                "/browse/food/childrens-party/976759_1096070_1224980_1381998"
            ],
            [
                "Halloween Chocolate",
                "/browse/food/halloween-chocolate/976759_1567409_2107086_6041305_2967282"
            ],
            [
                "Hard Candy",
                "/browse/food/hard-candy/976759_1096070_1224979_3137292"
            ],
            [
                "Office Candy",
                "/browse/food/office-candy/976759_1096070_1224980_6270829"
            ],
            [
                "Easter Egg Hunt Candy",
                "/browse/food/easter-egg-hunt-candy/976759_1567409_7567150_4780634_7164648"
            ],
            [
                "Halloween Trick or Treat",
                "/browse/food/halloween-trick-treat/976759_1567409_2107086_6041305_8139682"
            ],
            [
                "All Halloween Candy",
                "/browse/food/all-halloween-candy/976759_1567409_2107086_6041305_9735259"
            ]
        ]
    }
]