[
    {
        "title": "Wonka Gobbstopper Chewy Jawbreakers, 3.75 Oz.",
        "url": "https://www.walmart.com/ip/Wonka-Gobbstopper-Chewy-Jawbreakers-3-75-Oz/510232983",
        "price": "$0.98",
        "stars": "4.0",
        "ratings": "5 ",
        "img": "i5.walmartimages.com/asr/acf8be31-5297-4692-9db9-5e2c23b39d23_1.c46e6335d21f86b2e9a1a0c3f594b852.jpeg?odnWidth=612&odnHeight=612&odnBg=ffffff",
        "tags": [
            [
                "Children's Party",
                "/browse/food/childrens-party/976759_1096070_1224980_1381998"
            ],
            [
                "Gummy Candy",
                "/browse/food/gummy-candy/976759_1096070_1224975_4246741"
            ],
            [
                "Caramels & Taffys",
                "/browse/food/caramels-taffys/976759_1096070_1224975_5726639"
            ],
            [
                "Office Candy",
                "/browse/food/office-candy/976759_1096070_1224980_6270829"
            ],
            [
                "Nerds",
                "/browse/food/nerds/976759_1096070_1224979_6328972"
            ],
            [
                "Shop All Candy",
                "/browse/food/shop-all-candy/976759_1096070_1224975_6909059"
            ]
        ]
    },
    {
        "title": "Juicy Fruit Starburst Strawberry Sugarfree Gum, multipack (3 Packs)",
        "url": "https://www.walmart.com/ip/Juicy-Fruit-Starburst-Strawberry-Sugarfree-Gum-multipack-3-Packs/43596419",
        "price": "$2.24",
        "stars": "4.5",
        "ratings": "49 ",
        "img": "i5.walmartimages.com/asr/0a0dae12-62de-4f9c-9081-b1cad8938391_1.ca31703da6b1e74b2e8cb083545bb941.jpeg?odnWidth=612&odnHeight=612&odnBg=ffffff",
        "tags": [
            [
                "Shop All Chewing Gum",
                "/browse/food/shop-all-chewing-gum/976759_1096070_1224977_1572366"
            ],
            [
                "Bubble Gum",
                "/browse/food/bubble-gum/976759_1096070_1224977_2039307"
            ],
            [
                "Sugar-Free Snacks",
                "/browse/food/sugar-free-snacks/976759_976787_3455839"
            ],
            [
                "Wrigley Gum",
                "/browse/food/wrigley-gum/976759_1096070_1224977_3533254"
            ],
            [
                "Xylitol Gum",
                "/browse/food/xylitol-gum/976759_1096070_1224977_4012214"
            ],
            [
                "Ice Breakers Chewing Gum",
                "/browse/food/ice-breakers-chewing-gum/976759_1096070_1224977_5365518"
            ],
            [
                "Trident Chewing Gum",
                "/browse/food/trident-chewing-gum/976759_1096070_1224977_9974693"
            ]
        ]
    },
    {
        "title": "SweeTarts, Nerds, Laffy Taffy, Gobstoppers, Assorted Candy Bag, 48 Oz (150 Pieces)",
        "url": "https://www.walmart.com/ip/SweeTarts-Nerds-Laffy-Taffy-Gobstoppers-Assorted-Candy-Bag-48-Oz-150-Pieces/14965334",
        "price": "$8.48",
        "stars": "4.2",
        "ratings": "49 ",
        "img": "i5.walmartimages.com/asr/d3eed4f0-8ca0-44f8-b37d-09a6f11a1177.1b0de9469b1d85d00e47b3183bc8cb79.jpeg?odnWidth=612&odnHeight=612&odnBg=ffffff",
        "tags": [
            [
                "Caramels & Taffys",
                "/browse/food/caramels-taffys/976759_1096070_1224975_5726639"
            ],
            [
                "Office Candy",
                "/browse/food/office-candy/976759_1096070_1224980_6270829"
            ],
            [
                "Shop All Candy",
                "/browse/food/shop-all-candy/976759_1096070_1224975_6909059"
            ],
            [
                "Easter Egg Hunt Candy",
                "/browse/food/easter-egg-hunt-candy/976759_1567409_7567150_4780634_7164648"
            ],
            [
                "Halloween Trick or Treat",
                "/browse/food/halloween-trick-treat/976759_1567409_2107086_6041305_8139682"
            ],
            [
                "Brach's Easter Candy",
                "/browse/food/brachs-easter-candy/976759_1567409_7567150_8336680"
            ],
            [
                "Classroom Candy and Treats",
                "/browse/food/classroom-candy-treats/976759_1567409_9457805_8980866"
            ],
            [
                "All Halloween Candy",
                "/browse/food/all-halloween-candy/976759_1567409_2107086_6041305_9735259"
            ]
        ]
    },
    {
        "title": "Milky Way, Milk Chocolate 2-To-Go Sharing Size Candy Bar, 3.63 Oz",
        "url": "https://www.walmart.com/ip/Milky-Way-Milk-Chocolate-2-To-Go-Sharing-Size-Candy-Bar-3-63-Oz/33484699",
        "price": "$1.48",
        "stars": "4.6",
        "ratings": "55 ",
        "img": "i5.walmartimages.com/asr/9e9f6040-d194-4177-8439-2c4481cf6d54.edf3b316f998aadcd6bd0afa98c3abbf.jpeg?odnWidth=612&odnHeight=612&odnBg=ffffff",
        "tags": [
            [
                "Shop All Cold Packed Chocolates",
                "/browse/food/shop-all-cold-packed-chocolates/976759_1567409_7329770_1414143"
            ],
            [
                "Cold Packed Mars Chocolates",
                "/browse/food/cold-packed-mars-chocolates/976759_1567409_7329770_1559304"
            ],
            [
                "Halloween Chocolate",
                "/browse/food/halloween-chocolate/976759_1567409_2107086_6041305_2967282"
            ],
            [
                "Chocolate Bars",
                "/browse/food/chocolate-bars/976759_1096070_1224976_3761246"
            ],
            [
                "Mars Wrigley Halloween Candy",
                "/browse/food/mars-wrigley-halloween-candy/976759_1567409_2107086_6041305_5369737"
            ],
            [
                "Chocolate Boxes",
                "/browse/food/chocolate-boxes/976759_1089004_5339481_6286434"
            ],
            [
                "Wholesale Candy",
                "/browse/food/wholesale-candy/976759_1096070_1224980_8149011"
            ],
            [
                "Milk Chocolate",
                "/browse/food/milk-chocolate/976759_1096070_1224976_9905281"
            ]
        ]
    },
    {
        "title": "Kisses, Dark Chocolate Candy, 16.1 Oz",
        "url": "https://www.walmart.com/ip/Kisses-Dark-Chocolate-Candy-16-1-Oz/901784410",
        "price": "$5.28",
        "stars": "4.5",
        "ratings": "65 ",
        "img": "i5.walmartimages.com/asr/470e72e9-e73f-494a-a57d-6d38990f7ee1_1.0eb7781ee39d32d3179f8ed5a7ffd9aa.jpeg?odnWidth=612&odnHeight=612&odnBg=ffffff",
        "tags": [
            [
                "Hershey's Easter Chocolate Candy and Treats",
                "/browse/food/hersheys-easter-chocolate-candy-treats/976759_1567409_7567150_1407602"
            ],
            [
                "Candy Dish",
                "/browse/food/candy-dish/976759_1567409_9457805_1458227"
            ],
            [
                "Cold Packed Hershey's Chocolate",
                "/browse/food/cold-packed-hersheys-chocolate/976759_1567409_7329770_1591769"
            ],
            [
                "Hershey's Valentine's Day Candy and Chocolate",
                "/browse/food/hersheys-valentines-day-candy-chocolate/976759_1567409_9457805_4271611"
            ],
            [
                "Hershey's Halloween Candy",
                "/browse/food/hersheys-halloween-candy/976759_1567409_2107086_6041305_5688639"
            ],
            [
                "Hershey's Candy",
                "/browse/food/hersheys-candy/976759_1089004_5339481_6030945"
            ],
            [
                "Dark Chocolate",
                "/browse/food/dark-chocolate/976759_1096070_1224976_6696156"
            ],
            [
                "Hershey's Kisses",
                "/browse/food/hersheys-kisses/976759_1096070_1224976_7041923"
            ]
        ]
    },
    {
        "title": "Reese's, Halloween Assorted Milk Chocolate & Peanut Butter Full Size Bars Candy, 18 Ct.",
        "url": "https://www.walmart.com/ip/Reese-s-Halloween-Assorted-Milk-Chocolate-Peanut-Butter-Full-Size-Bars-Candy-18-Ct/850039056",
        "price": "$13.24",
        "stars": "3.7",
        "ratings": "31 ",
        "img": "i5.walmartimages.com/asr/31b81512-3e06-41e7-a0fa-309f1a3dd934.fe5bb0297988ec137e103fd8a9bac359.png?odnWidth=612&odnHeight=612&odnBg=ffffff",
        "tags": [
            [
                "Hershey's Easter Chocolate Candy and Treats",
                "/browse/food/hersheys-easter-chocolate-candy-treats/976759_1567409_7567150_1407602"
            ],
            [
                "Shop All Cold Packed Chocolates",
                "/browse/food/shop-all-cold-packed-chocolates/976759_1567409_7329770_1414143"
            ],
            [
                "Cold Packed Hershey's Chocolate",
                "/browse/food/cold-packed-hersheys-chocolate/976759_1567409_7329770_1591769"
            ],
            [
                "Halloween Chocolate",
                "/browse/food/halloween-chocolate/976759_1567409_2107086_6041305_2967282"
            ],
            [
                "Easter Basket Candy",
                "/browse/food/easter-basket-candy/976759_1567409_7567150_4780634_9848063"
            ],
            [
                "Milk Chocolate",
                "/browse/food/milk-chocolate/976759_1096070_1224976_9905281"
            ],
            [
                "Shop All Cold Packed Groceries",
                "/browse/food/shop-all-cold-packed-groceries/976759_1567409_7329770_9969026"
            ]
        ]
    },
    {
        "title": "Lindt Excellence, Dark Chocolate, Dark",
        "url": "https://www.walmart.com/ip/Lindt-Excellence-Dark-Chocolate-Dark/702166409",
        "price": "$12.38",
        "stars": "4.9",
        "ratings": "48 ",
        "img": "i5.walmartimages.com/asr/0f646016-a45c-4a9e-8aab-ca5113e60fc8_1.f1904a188f6fe705c922d1c91dabd9cf.jpeg?odnWidth=612&odnHeight=612&odnBg=ffffff",
        "tags": [
            [
                "Premium Chocolate & Truffles",
                "/browse/food/premium-chocolate-truffles/976759_1096070_1224976_2085548"
            ],
            [
                "Shop All Premium Chocolate",
                "/browse/food/shop-all-premium-chocolate/976759_5148628_4569562_2514022"
            ],
            [
                "Cold Packed Premium Chocolates",
                "/browse/food/cold-packed-premium-chocolates/976759_1567409_7329770_3301660"
            ],
            [
                "Chocolate Bars",
                "/browse/food/chocolate-bars/976759_1096070_1224976_3761246"
            ],
            [
                "Dark Chocolate",
                "/browse/food/dark-chocolate/976759_1096070_1224976_6696156"
            ],
            [
                "Lindt Chocolate",
                "/browse/food/lindt-chocolate/976759_1096070_1224976_7048367"
            ],
            [
                "Premium Chocolate Bars & Bags",
                "/browse/food/premium-chocolate-bars-bags/976759_5148628_4569562_7908469"
            ],
            [
                "Premium Gifting Chocolate",
                "/browse/food/premium-gifting-chocolate/976759_5148628_4569562_8497435"
            ]
        ]
    },
    {
        "title": "Brach's Sourlicious Halloween Candy Variety Bag, 46.25 Oz (185 Count)",
        "url": "https://www.walmart.com/ip/Brach-s-Sourlicious-Halloween-Candy-Variety-Bag-46-25-Oz-185-Count/850641450",
        "price": "$9.94",
        "stars": "5.0",
        "ratings": "7 ",
        "img": "i5.walmartimages.com/asr/ce7d8b8a-ca92-4692-b7eb-8ece81de383f.cf8c342fbc578c4a0229314394c55ad9.jpeg?odnWidth=612&odnHeight=612&odnBg=ffffff",
        "tags": [
            [
                "Children's Party",
                "/browse/food/childrens-party/976759_1096070_1224980_1381998"
            ],
            [
                "Office Candy",
                "/browse/food/office-candy/976759_1096070_1224980_6270829"
            ],
            [
                "Easter Egg Hunt Candy",
                "/browse/food/easter-egg-hunt-candy/976759_1567409_7567150_4780634_7164648"
            ],
            [
                "Halloween Trick or Treat",
                "/browse/food/halloween-trick-treat/976759_1567409_2107086_6041305_8139682"
            ],
            [
                "Brach's Easter Candy",
                "/browse/food/brachs-easter-candy/976759_1567409_7567150_8336680"
            ],
            [
                "All Halloween Candy",
                "/browse/food/all-halloween-candy/976759_1567409_2107086_6041305_9735259"
            ],
            [
                "Easter Basket Candy",
                "/browse/food/easter-basket-candy/976759_1567409_7567150_4780634_9848063"
            ]
        ]
    },
    {
        "title": "EXTRA Polar Ice Sugarfree Gum, multipack (3 packs total)",
        "url": "https://www.walmart.com/ip/EXTRA-Polar-Ice-Sugarfree-Gum-multipack-3-packs-total/14967239",
        "price": "$2.48",
        "stars": "4.6",
        "ratings": "356 ",
        "img": "i5.walmartimages.com/asr/69e4484b-7dd6-4862-8351-83e3aa077eee_1.33fe98b442df0f8e2a527e05770750dd.jpeg?odnWidth=612&odnHeight=612&odnBg=ffffff",
        "tags": [
            [
                "Shop All Chewing Gum",
                "/browse/food/shop-all-chewing-gum/976759_1096070_1224977_1572366"
            ],
            [
                "Sugar Free Food",
                "/browse/food/sugar-free-food/976759_1567409_3170630_2147513"
            ],
            [
                "Orbit Chewing Gum",
                "/browse/food/orbit-chewing-gum/976759_1096070_1224977_3246659"
            ],
            [
                "Sugar-Free Snacks",
                "/browse/food/sugar-free-snacks/976759_976787_3455839"
            ],
            [
                "Wrigley Gum",
                "/browse/food/wrigley-gum/976759_1096070_1224977_3533254"
            ],
            [
                "Ice Breakers Chewing Gum",
                "/browse/food/ice-breakers-chewing-gum/976759_1096070_1224977_5365518"
            ],
            [
                "5 Gum",
                "/browse/food/5-gum/976759_1096070_1224977_6443378"
            ],
            [
                "Trident Chewing Gum",
                "/browse/food/trident-chewing-gum/976759_1096070_1224977_9974693"
            ]
        ]
    },
    {
        "title": "Kodiak Cakes Brownie Unleashed, Chocolate Fudge Brownie Cup, 2.36 OZ",
        "url": "https://www.walmart.com/ip/Kodiak-Cakes-Brownie-Unleashed-Chocolate-Fudge-Brownie-Cup-2-36-OZ/497807022",
        "price": "$7.06",
        "stars": "4.3",
        "ratings": "4 ",
        "img": "i5.walmartimages.com/asr/5a4c47e9-3640-4f1f-b35c-416dc817bb2b_1.2510cabf5e43722b3edbee8c9649c19e.png?odnWidth=612&odnHeight=612&odnBg=ffffff",
        "tags": [
            [
                "Cakes & Cupcakes",
                "/browse/food/cakes-cupcakes/976759_1071964_976779_1044106"
            ],
            [
                "All Baking Mixes",
                "/browse/food/all-baking-mixes/976759_976780_1001368_2594651"
            ],
            [
                "High Protein Food Staples",
                "/browse/food/high-protein-food-staples/976759_1567409_2168938_8870296_2783192"
            ],
            [
                "Better For You Food Essentials",
                "/browse/food/better-for-you-food-essentials/976759_1567409_2168938_8870296_3239058"
            ],
            [
                "Dessert Mixes",
                "/browse/food/dessert-mixes/976759_4143264_2535686_5948883_4408557"
            ],
            [
                "All Healthy Essentials",
                "/browse/food/all-healthy-essentials/976759_1567409_2168938_8870296_5484923"
            ],
            [
                "Non GMO Food",
                "/browse/food/non-gmo-food/976759_5004481_8102928"
            ]
        ]
    }
]