[
    {
        "title": "(12 Cups) Del Monte Fruit Cup Snacks Variety Pack (Peaches, Cherry Mixed Fruit, Mixed Fruit), 4 oz cups",
        "url": "https://www.walmart.com/ip/12-Cups-Del-Monte-Fruit-Cup-Snacks-Variety-Pack-Peaches-Cherry-Mixed-Fruit-Mixed-Fruit-4-oz-cups/301801107",
        "price": "$5.98",
        "stars": "4.6",
        "ratings": "176 ",
        "img": "",
        "tags": [
            [
                "Fruit Cups & Fruit Sauces",
                "/browse/food/fruit-cups-fruit-sauces/976759_976787_1044133"
            ],
            [
                "Pie Fillings",
                "/browse/food/pie-fillings/976759_976780_2881195_1044161"
            ],
            [
                "All Canned Goods",
                "/browse/food/all-canned-goods/976759_976794_976785_3021174"
            ],
            [
                "Canned Pineapple",
                "/browse/food/canned-pineapple/976759_976794_976785_3637240"
            ],
            [
                "Dole Fruit Cups",
                "/browse/food/dole-fruit-cups/976759_976794_976785_5006407"
            ],
            [
                "Meals Restock",
                "/browse/food/meals-restock/976759_1567409_2168938_1811730_6806516"
            ],
            [
                "Gluten-Free Food Staples",
                "/browse/food/gluten-free-food-staples/976759_1567409_2168938_8870296_8339296"
            ],
            [
                "Canned Peaches",
                "/browse/food/canned-peaches/976759_976794_976785_8566750"
            ]
        ]
    },
    {
        "title": "(500 Packets) Great Value Aspartame No Calorie Sweetener Packets",
        "url": "https://www.walmart.com/ip/500-Packets-Great-Value-Aspartame-No-Calorie-Sweetener-Packets/136086785",
        "price": "$4.28",
        "stars": "4.8",
        "ratings": "376 ",
        "img": "i5.walmartimages.com/asr/d79d37e8-35cf-4cc2-9c2b-f9638f344db4_4.3ad94892fdf6e2af2255c058b072321b.jpeg?odnWidth=612&odnHeight=612&odnBg=ffffff",
        "tags": [
            [
                "Gluten-Free Foods",
                "/browse/food/gluten-free-foods/976759_1228023_1228016"
            ],
            [
                "Sugar-Free Food Essentials",
                "/browse/food/sugar-free-food-essentials/976759_1567409_2168938_8870296_1639022"
            ],
            [
                "No Sugar Foods",
                "/browse/food/no-sugar-foods/976759_5004481_1858214"
            ],
            [
                "Baking Restock",
                "/browse/food/baking-restock/976759_1567409_2168938_1811730_4237636"
            ],
            [
                "Paleo Food Essentials",
                "/browse/food/paleo-food-essentials/976759_1567409_2168938_8870296_5023285"
            ],
            [
                "Low Calorie Foods",
                "/browse/food/low-calorie-foods/976759_5004481_6036545"
            ],
            [
                "Low Sodium Foods",
                "/browse/food/low-sodium-foods/976759_5004481_6733659"
            ],
            [
                "All Sugar and Sweeteners",
                "/browse/food/all-sugar-sweeteners/976759_976780_1044129_8478812"
            ]
        ]
    },
    {
        "title": "StarKist\u00ae Chunk White Albacore Tuna in Water - 5 oz Can",
        "url": "https://www.walmart.com/ip/StarKist-Chunk-White-Albacore-Tuna-in-Water-5-oz-Can/13448859",
        "price": "$1.34",
        "stars": "4.8",
        "ratings": "12 ",
        "img": "i5.walmartimages.com/asr/7bac3441-b85f-4b26-972c-f2eb6e095bc7.557f2f9bf4b601ed473445caf8c86f9f.jpeg?odnWidth=612&odnHeight=612&odnBg=ffffff",
        "tags": [
            [
                "No Sugar Foods",
                "/browse/food/no-sugar-foods/976759_5004481_1858214"
            ],
            [
                "High Protein Food Staples",
                "/browse/food/high-protein-food-staples/976759_1567409_2168938_8870296_2783192"
            ],
            [
                "Canned Tuna",
                "/browse/food/canned-tuna/976759_976794_976785_5772565"
            ],
            [
                "Starkist Tuna",
                "/browse/food/starkist-tuna/976759_976794_976785_6368123"
            ],
            [
                "Bumblebee Tuna",
                "/browse/food/bumblebee-tuna/976759_976794_976785_6754896"
            ],
            [
                "Tuna Pouches",
                "/browse/food/tuna-pouches/976759_976794_976785_9162342"
            ],
            [
                "Gluten Free Meals & Side Dishes",
                "/browse/food/gluten-free-meals-side-dishes/976759_5148628_4583057_1250486_9821290"
            ],
            [
                "Easy Kid's Dinners",
                "/browse/food/easy-kids-dinners/976759_1567409_7966149_9873756"
            ]
        ]
    },
    {
        "title": "Great Value Chewy Chocolate Chunk Granola Bars Value Pack 20.3 oz 24 Count",
        "url": "https://www.walmart.com/ip/Great-Value-Chewy-Chocolate-Chunk-Granola-Bars-Value-Pack-20-3-oz-24-Count/39127387",
        "price": "$2.84",
        "stars": "4.4",
        "ratings": "259 ",
        "img": "i5.walmartimages.com/asr/7a366042-f502-460e-bc81-7c5acee1d56d_5.deffd96aca8c3e794cc7615659e0cefe.jpeg?odnWidth=612&odnHeight=612&odnBg=ffffff",
        "tags": [
            [
                "Shop Nature Valley",
                "/browse/food/shop-nature-valley/976759_976787_1044154_4008994"
            ],
            [
                "Great Value Snack Bars",
                "/browse/food/great-value-snack-bars/976759_976787_1044154_4187132"
            ],
            [
                "Granola Bars",
                "/browse/food/granola-bars/976759_976787_1044154_5006109"
            ],
            [
                "Low Sodium Foods",
                "/browse/food/low-sodium-foods/976759_5004481_6733659"
            ],
            [
                "Kid's Breakfast",
                "/browse/food/kids-breakfast/976759_1567409_7966149_6779439"
            ],
            [
                "Indulgent Breakfast",
                "/browse/food/indulgent-breakfast/976759_976783_7148587"
            ],
            [
                "Nature Valley Granola Bars & Snack Bars",
                "/browse/food/nature-valley-granola-bars-snack-bars/976759_976787_1044154_7928976"
            ]
        ]
    },
    {
        "title": "(4 pack) Campbell's Chunky Soup, Healthy Request Chicken Noodle Soup, 18.8 Ounce Can",
        "url": "https://www.walmart.com/ip/4-pack-Campbell-s-Chunky-Soup-Healthy-Request-Chicken-Noodle-Soup-18-8-Ounce-Can/420636781",
        "price": "$7.12",
        "stars": "4.3",
        "ratings": "115 ",
        "img": "",
        "tags": [
            [
                "Meat & Poultry",
                "/browse/food/meat-poultry/976759_976794_976785_1001347"
            ],
            [
                "Canned Ready to Eat Meals",
                "/browse/food/canned-ready-to-eat-meals/976759_976794_976785_1001348"
            ],
            [
                "All Meals and Sides",
                "/browse/food/all-meals-sides/976759_1071964_976789_2133672_1535108"
            ],
            [
                "Cold Weather Foods",
                "/browse/food/cold-weather-foods/976759_1567409_6592518_4011823"
            ],
            [
                "All Gametime Food",
                "/browse/food/all-gametime-food/976759_1567409_3282877_6093905"
            ],
            [
                "Meals Restock",
                "/browse/food/meals-restock/976759_1567409_2168938_1811730_6806516"
            ],
            [
                "Condensed Soup",
                "/browse/food/condensed-soup/976759_976794_3901881_9352840"
            ],
            [
                "Game Time Meals and Sides",
                "/browse/food/game-time-meals-sides/976759_1567409_3282877_2930489_9821452"
            ]
        ]
    },
    {
        "title": "Apple & Eve 100% Juice, Apple, 6.75 Fluid-oz, 8 Count, 5 Pack",
        "url": "https://www.walmart.com/ip/Apple-Eve-100-Juice-Apple-6-75-Fluid-oz-8-Count-5-Pack/47224997",
        "price": "$14.39",
        "stars": "4.6",
        "ratings": "20 ",
        "img": "",
        "tags": [
            [
                "Summer Grilling Beverages",
                "/browse/food/summer-grilling-beverages/976759_1567409_8808777_2541298"
            ],
            [
                "Kid's Favorites",
                "/browse/food/kids-favorites/976759_976782_1001321_2838858"
            ],
            [
                "Fruit Juice",
                "/browse/food/fruit-juice/976759_976782_1001321_4150966"
            ],
            [
                "Mott's",
                "/browse/food/motts/976759_976782_1001321_6763498"
            ],
            [
                "Juicy Juice",
                "/browse/food/juicy-juice/976759_976782_1001321_6815860"
            ],
            [
                "Kid's Lunches",
                "/browse/food/kids-lunches/976759_1567409_7966149_7561098"
            ],
            [
                "All Juices",
                "/browse/food/all-juices/976759_976782_1001321_8981297"
            ]
        ]
    },
    {
        "title": "Keebler Vienna Fingers Creme Filled Sandwich Cookies 14.2 oz",
        "url": "https://www.walmart.com/ip/Keebler-Vienna-Fingers-Creme-Filled-Sandwich-Cookies-14-2-oz/16627414",
        "price": "$2.63",
        "stars": "4.3",
        "ratings": "563 ",
        "img": "i5.walmartimages.com/asr/c955308f-2db4-433b-a2bf-b89ecbbd4d0c_2.b22e097cf39876f2da1d5c6946a48112.jpeg?odnWidth=612&odnHeight=612&odnBg=ffffff",
        "tags": [
            [
                "All Cookies",
                "/browse/food/all-cookies/976759_976787_1001391_1592885"
            ],
            [
                "Keebler Cookies",
                "/browse/food/keebler-cookies/976759_976787_1001391_3596825"
            ],
            [
                "Chocolate Cookies",
                "/browse/food/chocolate-cookies/976759_976787_1001391_4007138"
            ],
            [
                "Keebler Make a Wish",
                "/browse/food/keebler-make-a-wish/976759_976787_1001392_6288413"
            ],
            [
                "Summer Grilling Snacks",
                "/browse/food/summer-grilling-snacks/976759_1567409_8808777_8991223"
            ],
            [
                "Snack Crackers",
                "/browse/food/snack-crackers/976759_976787_1001392_9358664"
            ]
        ]
    },
    {
        "title": "Lay's Lightly Salted Flavored Potato Chips, Party Size, 12.5 oz Bag",
        "url": "https://www.walmart.com/ip/Lay-s-Lightly-Salted-Flavored-Potato-Chips-Party-Size-12-5-oz-Bag/772029598",
        "price": "$3.48",
        "stars": "4.5",
        "ratings": "80 ",
        "img": "i5.walmartimages.com/asr/2de5fc4b-dcda-4d19-9383-94e91b42cf73_1.e8465d8305872f1ca93b08103e3dcc11.jpeg?odnWidth=612&odnHeight=612&odnBg=ffffff",
        "tags": [
            [
                "Salty Snacks Stock-Up",
                "/browse/food/salty-snacks-stock-up/976759_976787_1001390_6288637_2319411"
            ],
            [
                "All Chips",
                "/browse/food/all-chips/976759_976787_1001390_2774520"
            ],
            [
                "Party Snacks",
                "/browse/food/party-snacks/976759_976787_1001390_6288637_2941065"
            ],
            [
                "Movie Night Foods and Drinks",
                "/browse/food/movie-night-foods-drinks/976759_976787_4460428"
            ],
            [
                "All Potato Chips",
                "/browse/food/all-potato-chips/976759_976787_1001390_4402657_6099985"
            ],
            [
                "Gaming Snacks & Drinks",
                "/browse/food/gaming-snacks-drinks/976759_1567409_8254504"
            ],
            [
                "Summer Grilling Snacks",
                "/browse/food/summer-grilling-snacks/976759_1567409_8808777_8991223"
            ]
        ]
    },
    {
        "title": "(4 pack) Barilla Pasta Ditalini, 16.0 oz",
        "url": "https://www.walmart.com/ip/4-pack-Barilla-Pasta-Ditalini-16-0-oz/661321716",
        "price": "$5.12",
        "stars": "4.8",
        "ratings": "61 ",
        "img": "",
        "tags": [
            [
                "Boxed Meals",
                "/browse/food/boxed-meals/976759_976794_6223225_1001477"
            ],
            [
                "Sauces",
                "/browse/food/sauces/976759_976786_1076366"
            ],
            [
                "All Meals and Sides",
                "/browse/food/all-meals-sides/976759_1071964_976789_2133672_1535108"
            ],
            [
                "Canned Tomatoes",
                "/browse/food/canned-tomatoes/976759_976794_976785_2009430"
            ],
            [
                "Low Sodium Foods",
                "/browse/food/low-sodium-foods/976759_5004481_6733659"
            ],
            [
                "Vegan Foods",
                "/browse/food/vegan-foods/976759_5004481_6794259"
            ],
            [
                "Gluten Free Meals & Side Dishes",
                "/browse/food/gluten-free-meals-side-dishes/976759_5148628_4583057_1250486_9821290"
            ],
            [
                "Easy Kid's Dinners",
                "/browse/food/easy-kids-dinners/976759_1567409_7966149_9873756"
            ]
        ]
    },
    {
        "title": "(3 Pack) Mt. Olive Kosher Baby Dills, 24.0 FL OZ",
        "url": "https://www.walmart.com/ip/3-Pack-Mt-Olive-Kosher-Baby-Dills-24-0-FL-OZ/900473676",
        "price": "$6.52",
        "stars": "4.7",
        "ratings": "85 ",
        "img": "i5.walmartimages.com/asr/7f7831b8-a829-4c26-b0a8-436e84a5cd6c_1.df3cf8e2adb6d7eb935a669b68c1019f.jpeg?odnWidth=612&odnHeight=612&odnBg=ffffff",
        "tags": [
            [
                "No Sugar Foods",
                "/browse/food/no-sugar-foods/976759_5004481_1858214"
            ],
            [
                "Easter Condiments & Sauces",
                "/browse/food/easter-condiments-sauces/976759_1567409_2168938_2546479_3724534"
            ],
            [
                "Game Time Condiments",
                "/browse/food/game-time-condiments/976759_1567409_3282877_2930489_4160797"
            ],
            [
                "Low Calorie Foods",
                "/browse/food/low-calorie-foods/976759_5004481_6036545"
            ],
            [
                "Mt. Olive",
                "/browse/food/mt-olive/976759_976786_3273605_6488583"
            ],
            [
                "Summer Grilling Condiments",
                "/browse/food/summer-grilling-condiments/976759_1567409_8808777_7265121"
            ],
            [
                "Dill Pickles",
                "/browse/food/dill-pickles/976759_976786_3273605_7404523"
            ],
            [
                "Vlasic Pickles",
                "/browse/food/vlasic-pickles/976759_976786_3273605_8455262"
            ]
        ]
    }
]