[
    {
        "title": "Stauffer's Animal Crackers, Original, 24 oz",
        "url": "https://www.walmart.com/ip/Stauffer-s-Animal-Crackers-Original-24-oz/35213418",
        "price": "$3.98",
        "stars": "4.7",
        "ratings": "426 ",
        "img": "i5.walmartimages.com/asr/abcca89b-7e06-4ff6-a77f-ab6ca18930e1_1.644f62f7e712eba7ef548b71a1c5de5c.jpeg?odnWidth=612&odnHeight=612&odnBg=ffffff",
        "tags": [
            [
                "All Cookies",
                "/browse/food/all-cookies/976759_976787_1001391_1592885"
            ],
            [
                "Goldfish Crackers",
                "/browse/food/goldfish-crackers/976759_976787_1001392_1904919"
            ],
            [
                "Shop All Cookies",
                "/browse/food/shop-all-cookies/976759_976787_1001391_2392263"
            ],
            [
                "Gametime Snacks",
                "/browse/food/gametime-snacks/976759_1567409_3282877_2947703"
            ],
            [
                "Shop Kellogg's",
                "/browse/shop-kelloggs/976759_7786229"
            ],
            [
                "On-the-go Crackers",
                "/browse/food/on-the-go-crackers/976759_976787_1001392_9056086"
            ],
            [
                "Snack Crackers",
                "/browse/food/snack-crackers/976759_976787_1001392_9358664"
            ]
        ]
    },
    {
        "title": "(12 Bottles) Vitaminwater Power-C Enhanced Water, Dragon Fruit, 16.9 Fl Oz, 6 Count",
        "url": "https://www.walmart.com/ip/12-Bottles-Vitaminwater-Power-C-Enhanced-Water-Dragon-Fruit-16-9-Fl-Oz-6-Count/769324280",
        "price": "$8.96",
        "stars": "4.8",
        "ratings": "100 ",
        "img": "i5.walmartimages.com/asr/11390b56-90e1-4e0e-a0a4-5c07eca6ec03_2.ab3cbc91396c36c8cdcd2c64791b4e86.jpeg?odnWidth=612&odnHeight=612&odnBg=ffffff",
        "tags": [
            [
                "Summer Grilling Beverages",
                "/browse/food/summer-grilling-beverages/976759_1567409_8808777_2541298"
            ],
            [
                "All Waters",
                "/browse/food/all-waters/976759_976782_1001659_2562373"
            ],
            [
                "Movie Night Foods and Drinks",
                "/browse/food/movie-night-foods-drinks/976759_976787_4460428"
            ],
            [
                "Bottled Water",
                "/browse/food/bottled-water/976759_976782_1001659_5912172"
            ],
            [
                "Kid's Lunches",
                "/browse/food/kids-lunches/976759_1567409_7966149_7561098"
            ],
            [
                "All Flavored Water",
                "/browse/food/all-flavored-water/976759_976782_1001659_5544934_8435582"
            ],
            [
                "Lemonade Drinks",
                "/browse/food/lemonade-drinks/976759_976782_8445321"
            ]
        ]
    },
    {
        "title": "Great Value Chopped Walnuts, 24 oz",
        "url": "https://www.walmart.com/ip/Great-Value-Chopped-Walnuts-24-oz/238663140",
        "price": "$8.18",
        "stars": "4.7",
        "ratings": "328 ",
        "img": "i5.walmartimages.com/asr/b348cc20-df7b-41ab-9a01-4cb2fa53517a_1.e0f340a7551f03325010dd93f2db99d6.jpeg?odnWidth=612&odnHeight=612&odnBg=ffffff",
        "tags": [
            [
                "Baking Nuts, Coconut & Fruit",
                "/browse/food/baking-nuts-coconut-fruit/976759_976780_2881195_1092368"
            ],
            [
                "All Nuts, Trail Mix,& Seeds",
                "/browse/food/all-nuts-trail-mix-seeds/976759_976787_1001406_2615672"
            ],
            [
                "Keto Snacks",
                "/browse/food/keto-snacks/976759_976787_3049581"
            ],
            [
                "Planters Cashews",
                "/browse/food/planters-cashews/976759_976787_1001406_8305691_4118325"
            ],
            [
                "All Fruit Types",
                "/browse/food/all-fruit-types/976759_976787_4962467_2356650_6330824"
            ],
            [
                "All Nuts, Dried Fruits and Healthy Snacks",
                "/browse/food/all-nuts-dried-fruits-healthy-snacks/976759_1071964_976793_6682547_7101504"
            ],
            [
                "Walnuts",
                "/browse/food/walnuts/976759_976787_1001406_7358205"
            ]
        ]
    },
    {
        "title": "Nature Valley Granola, Crunchy, Oats and Honey, 16 oz",
        "url": "https://www.walmart.com/ip/Nature-Valley-Granola-Crunchy-Oats-and-Honey-16-oz/48256169",
        "price": "$3.68",
        "stars": "4.7",
        "ratings": "76 ",
        "img": "i5.walmartimages.com/asr/340a853a-9ee3-4eb0-9042-b12dceab72a7.9cf40a6cf85c96489b416727408c7e2f.png?odnWidth=612&odnHeight=612&odnBg=ffffff",
        "tags": [
            [
                "Granola & Muesli",
                "/browse/food/granola-muesli/976759_976783_1231209"
            ],
            [
                "Gluten Free Granola",
                "/browse/food/gluten-free-granola/976759_976783_1484746"
            ],
            [
                "Return to School",
                "/browse/food/return-to-school/976759_2606229_1821433"
            ],
            [
                "Return to School - Snacks",
                "/browse/food/return-to-school-snacks/976759_976787_2904638"
            ],
            [
                "Gluten Free Cereal",
                "/browse/food/gluten-free-cereal/976759_976783_1231208_6180608"
            ],
            [
                "Low Sodium Foods",
                "/browse/food/low-sodium-foods/976759_5004481_6733659"
            ],
            [
                "Kid's Breakfast",
                "/browse/food/kids-breakfast/976759_1567409_7966149_6779439"
            ],
            [
                "Gluten Free Breakfast Foods",
                "/browse/food/gluten-free-breakfast-foods/976759_5148628_4583057_1250486_8949240"
            ]
        ]
    },
    {
        "title": "Idahoan Loaded Baked\u00ae Mashed Family Size, 8 oz Pouch",
        "url": "https://www.walmart.com/ip/Idahoan-Loaded-Baked-Mashed-Family-Size-8-oz-Pouch/159466703",
        "price": "$1.66",
        "stars": "4.8",
        "ratings": "18 ",
        "img": "i5.walmartimages.com/asr/81abd032-b5a0-4122-8e1d-996651a1ac34.2ec0c2851194dcbd454b313eec9ee106.png?odnWidth=612&odnHeight=612&odnBg=ffffff",
        "tags": [
            [
                "Soup Mixes",
                "/browse/food/soup-mixes/976759_976794_3901881_1525502"
            ],
            [
                "All Fresh Fruit",
                "/browse/food/all-fresh-fruit/976759_1071964_976793_9756351_1759962"
            ],
            [
                "All Baking Mixes",
                "/browse/food/all-baking-mixes/976759_976780_1001368_2594651"
            ],
            [
                "Bananas",
                "/browse/food/bananas/976759_1071964_976793_9756351_2787146"
            ],
            [
                "Gluten Free Foods",
                "/browse/food/gluten-free-foods/976759_5004481_5546296"
            ],
            [
                "Kid's Breakfast",
                "/browse/food/kids-breakfast/976759_1567409_7966149_6779439"
            ],
            [
                "Gluten-Free Food Staples",
                "/browse/food/gluten-free-food-staples/976759_1567409_2168938_8870296_8339296"
            ],
            [
                "Gluten Free Food",
                "/browse/food/gluten-free-food/976759_1567409_3170630_9019700"
            ]
        ]
    },
    {
        "title": "Bugles Original Flavor Crispy Corn Snacks, 14.5 oz",
        "url": "https://www.walmart.com/ip/Bugles-Original-Flavor-Crispy-Corn-Snacks-14-5-oz/15580719",
        "price": "$2.98",
        "stars": "4.6",
        "ratings": "226 ",
        "img": "i5.walmartimages.com/asr/333fa544-b936-41ec-bb29-a195677aa589.cde9e47f101ef70401d5354de07c22fb.jpeg?odnWidth=612&odnHeight=612&odnBg=ffffff",
        "tags": [
            [
                "Salty Snacks Stock-Up",
                "/browse/food/salty-snacks-stock-up/976759_976787_1001390_6288637_2319411"
            ],
            [
                "All Chips",
                "/browse/food/all-chips/976759_976787_1001390_2774520"
            ],
            [
                "Party Snacks",
                "/browse/food/party-snacks/976759_976787_1001390_6288637_2941065"
            ],
            [
                "All Snack Mixes",
                "/browse/food/all-snack-mixes/976759_976787_2452884_4052501"
            ],
            [
                "Movie Night Foods and Drinks",
                "/browse/food/movie-night-foods-drinks/976759_976787_4460428"
            ],
            [
                "Gaming Snacks & Drinks",
                "/browse/food/gaming-snacks-drinks/976759_1567409_8254504"
            ],
            [
                "Summer Grilling Snacks",
                "/browse/food/summer-grilling-snacks/976759_1567409_8808777_8991223"
            ]
        ]
    },
    {
        "title": "Glico Pocky Chocolate Cream Covered Biscuit Sticks, 1.41 OZ",
        "url": "https://www.walmart.com/ip/Glico-Pocky-Chocolate-Cream-Covered-Biscuit-Sticks-1-41-OZ/10543616",
        "price": "$1.14",
        "stars": "4.4",
        "ratings": "99 ",
        "img": "",
        "tags": [
            [
                "All Cookies",
                "/browse/food/all-cookies/976759_976787_1001391_1592885"
            ],
            [
                "All Biscuits",
                "/browse/food/all-biscuits/976759_976787_1001391_9704038_2762063"
            ],
            [
                "Chocolate Cookies",
                "/browse/food/chocolate-cookies/976759_976787_1001391_4007138"
            ],
            [
                "All Pepperidge Farm Cookies",
                "/browse/food/all-pepperidge-farm-cookies/976759_976787_1001391_2410932_5022397"
            ],
            [
                "Valentine's Day Snacks",
                "/browse/food/valentines-day-snacks/976759_1567409_9457805_6695335"
            ],
            [
                "Butter Cookies",
                "/browse/food/butter-cookies/976759_976787_1001391_7803640"
            ],
            [
                "Summer Grilling Snacks",
                "/browse/food/summer-grilling-snacks/976759_1567409_8808777_8991223"
            ]
        ]
    },
    {
        "title": "Cape Cod Potato Chips, Original Kettle Cooked Chips, 14 Oz",
        "url": "https://www.walmart.com/ip/Cape-Cod-Potato-Chips-Original-Kettle-Cooked-Chips-14-Oz/52796390",
        "price": "$3.98",
        "stars": "4.7",
        "ratings": "98 ",
        "img": "",
        "tags": [
            [
                "Salty Snacks Stock-Up",
                "/browse/food/salty-snacks-stock-up/976759_976787_1001390_6288637_2319411"
            ],
            [
                "All Chips",
                "/browse/food/all-chips/976759_976787_1001390_2774520"
            ],
            [
                "Party Snacks",
                "/browse/food/party-snacks/976759_976787_1001390_6288637_2941065"
            ],
            [
                "Movie Night Foods and Drinks",
                "/browse/food/movie-night-foods-drinks/976759_976787_4460428"
            ],
            [
                "All Potato Chips",
                "/browse/food/all-potato-chips/976759_976787_1001390_4402657_6099985"
            ],
            [
                "All Kettle Chips",
                "/browse/food/all-kettle-chips/976759_976787_1001390_2523039_6720285"
            ],
            [
                "Summer Grilling Snacks",
                "/browse/food/summer-grilling-snacks/976759_1567409_8808777_8991223"
            ]
        ]
    },
    {
        "title": "belVita Chocolate Breakfast Biscuits, 5 Packs (4 Biscuits Per Pack)",
        "url": "https://www.walmart.com/ip/belVita-Chocolate-Breakfast-Biscuits-5-Packs-4-Biscuits-Per-Pack/21467426",
        "price": "$2.50",
        "stars": "4.6",
        "ratings": "169 ",
        "img": "i5.walmartimages.com/asr/487ed1da-d5c9-4190-980e-456639201d1b.1bfa9c25295a6743aca0ec255abc4a58.jpeg?odnWidth=612&odnHeight=612&odnBg=ffffff",
        "tags": [
            [
                "Cereal Bars & Breakfast Bars",
                "/browse/food/cereal-bars-breakfast-bars/976759_976783_1001332"
            ],
            [
                "All Cookies",
                "/browse/food/all-cookies/976759_976787_1001391_1592885"
            ],
            [
                "Belvita",
                "/browse/food/belvita/976759_976787_1001391_9704038_1828083"
            ],
            [
                "All Biscuits",
                "/browse/food/all-biscuits/976759_976787_1001391_9704038_2762063"
            ],
            [
                "Chocolate Cookies",
                "/browse/food/chocolate-cookies/976759_976787_1001391_4007138"
            ],
            [
                "belVita",
                "/browse/food/belvita/976759_976783_7381533"
            ],
            [
                "Kid's Lunches",
                "/browse/food/kids-lunches/976759_1567409_7966149_7561098"
            ]
        ]
    },
    {
        "title": "Pop Secret Microwave Popcorn, Movie Theater Butter, 3.2 Oz, 12 Ct",
        "url": "https://www.walmart.com/ip/Pop-Secret-Microwave-Popcorn-Movie-Theater-Butter-3-2-Oz-12-Ct/171430525",
        "price": "$4.78",
        "stars": "4.7",
        "ratings": "97 ",
        "img": "i5.walmartimages.com/asr/1838bda7-ea95-4cb8-9257-6e2b05c3bd73_1.e15ce7e125ac3641b65c62f999f24a2b.jpeg?odnWidth=612&odnHeight=612&odnBg=ffffff",
        "tags": [
            [
                "Movie Theater Butter Popcorn",
                "/browse/food/movie-theater-butter-popcorn/976759_976787_1001407_2066160"
            ],
            [
                "ACT II",
                "/browse/food/act-ii/976759_976787_1001407_2886328"
            ],
            [
                "Gametime Snacks",
                "/browse/food/gametime-snacks/976759_1567409_3282877_2947703"
            ],
            [
                "All Popcorn",
                "/browse/food/all-popcorn/976759_976787_1001407_3516563"
            ],
            [
                "Galentine's Day Candy and Snacks",
                "/browse/food/galentines-day-candy-snacks/976759_1567409_9457805_4353770"
            ],
            [
                "Movie Night Foods and Drinks",
                "/browse/food/movie-night-foods-drinks/976759_976787_4460428"
            ],
            [
                "Pop Secret Popcorn",
                "/browse/food/pop-secret-popcorn/976759_976787_1001407_6156015"
            ],
            [
                "Summer Grilling Snacks",
                "/browse/food/summer-grilling-snacks/976759_1567409_8808777_8991223"
            ]
        ]
    }
]