[
    {
        "title": "Community Coffee Cafe Special Pods for Keurig Kcup Brewers Medium-Dark Roast 24ct",
        "url": "https://www.walmart.com/ip/Community-Coffee-Cafe-Special-Pods-for-Keurig-Kcup-Brewers-Medium-Dark-Roast-24ct/926018206",
        "price": "$12.94",
        "stars": "4.9",
        "ratings": "64 ",
        "img": "i5.walmartimages.com/asr/297b5dc6-eac6-4d08-8595-4a37cb51ba51.0314006c70021ca44c94dc2ada5eeecb.png?odnWidth=612&odnHeight=612&odnBg=ffffff",
        "tags": [
            [
                "Arabica Coffee",
                "/browse/food/arabica-coffee/976759_1086446_2559085"
            ],
            [
                "Cold Weather Beverages",
                "/browse/food/cold-weather-beverages/976759_1567409_6592518_4126576"
            ],
            [
                "All Community Coffee",
                "/browse/food/all-community-coffee/976759_1086446_2425858_4140955"
            ],
            [
                "Community Ground Coffee",
                "/browse/food/community-ground-coffee/976759_1086446_2425858_4529416"
            ],
            [
                "Coffee & Coffee Pods",
                "/browse/food/coffee-coffee-pods/976759_1086446_7238690"
            ],
            [
                "Keurig K-Cups & Coffee Pods",
                "/browse/food/keurig-k-cups-coffee-pods/976759_1086446_8135897"
            ],
            [
                "Decaf K Cups",
                "/browse/food/decaf-k-cups/976759_1086446_2901896_9161249"
            ],
            [
                "All Decaf Coffee",
                "/browse/food/all-decaf-coffee/976759_1086446_2901896_9623975"
            ]
        ]
    },
    {
        "title": "Great Value 100% Arabica Blonde Medium Ground Coffee, 0.42 oz, 48 count",
        "url": "https://www.walmart.com/ip/Great-Value-100-Arabica-Blonde-Medium-Ground-Coffee-0-42-oz-48-count/117386792",
        "price": "$14.92",
        "stars": "4.5",
        "ratings": "116 ",
        "img": "i5.walmartimages.com/asr/e540113f-937b-4b76-b7fb-74622edcb776_2.bf79c0b0b32cc82635e69e9d9f51af10.jpeg?odnWidth=612&odnHeight=612&odnBg=ffffff",
        "tags": [
            [
                "Arabica Coffee",
                "/browse/food/arabica-coffee/976759_1086446_2559085"
            ],
            [
                "Colombian Coffee",
                "/browse/food/colombian-coffee/976759_1086446_3908418"
            ],
            [
                "Cold Weather Beverages",
                "/browse/food/cold-weather-beverages/976759_1567409_6592518_4126576"
            ],
            [
                "Coffee & Coffee Pods",
                "/browse/food/coffee-coffee-pods/976759_1086446_7238690"
            ],
            [
                "Keurig K-Cups & Coffee Pods",
                "/browse/food/keurig-k-cups-coffee-pods/976759_1086446_8135897"
            ],
            [
                "Gaming Snacks & Drinks",
                "/browse/food/gaming-snacks-drinks/976759_1567409_8254504"
            ],
            [
                "Decaf K Cups",
                "/browse/food/decaf-k-cups/976759_1086446_2901896_9161249"
            ],
            [
                "All Decaf Coffee",
                "/browse/food/all-decaf-coffee/976759_1086446_2901896_9623975"
            ]
        ]
    },
    {
        "title": "(8 Count) Gatorade Thirst Quencher Sports Drink, Strawberry Lemonade, 20 fl oz",
        "url": "https://www.walmart.com/ip/8-Count-Gatorade-Thirst-Quencher-Sports-Drink-Strawberry-Lemonade-20-fl-oz/35505683",
        "price": "$5.38",
        "stars": "4.5",
        "ratings": "79 ",
        "img": "i5.walmartimages.com/asr/3b353f4a-d2b7-4d61-ae99-f273ea87f582_1.6a57bda667085e78fd90ee24b10fa002.jpeg?odnWidth=612&odnHeight=612&odnBg=ffffff",
        "tags": [
            [
                "Summer Grilling Beverages",
                "/browse/food/summer-grilling-beverages/976759_1567409_8808777_2541298"
            ],
            [
                "All Sports Drinks",
                "/browse/food/all-sports-drinks/976759_976782_1001682_5168642"
            ],
            [
                "Protein & Electrolytes",
                "/browse/food/protein-electrolytes/976759_976782_5795119_5913425"
            ],
            [
                "Sports & Energy",
                "/browse/food/sports-energy/976759_976782_5795119_6770310"
            ],
            [
                "Lemonade Drinks",
                "/browse/food/lemonade-drinks/976759_976782_8445321"
            ],
            [
                "Pepsi Beverages",
                "/browse/food/pepsi-beverages/976759_976782_8673018"
            ],
            [
                "Powerade",
                "/browse/food/powerade/976759_976782_1001682_9978042"
            ]
        ]
    },
    {
        "title": "(2 Pack) Maxwell House International Orange Cafe, 9.3 oz Canister",
        "url": "https://www.walmart.com/ip/2-Pack-Maxwell-House-International-Orange-Cafe-9-3-oz-Canister/282254073",
        "price": "$6.58",
        "stars": "4.5",
        "ratings": "308 ",
        "img": "i5.walmartimages.com/asr/b720d6be-1b21-4678-9348-b1b2a8e3bcca_2.7116e08f7996f1f2684d22ea6772f22d.jpeg?odnWidth=612&odnHeight=612&odnBg=ffffff",
        "tags": [
            [
                "All Maxwell House Coffee",
                "/browse/food/all-maxwell-house-coffee/976759_1086446_9154767_2506449"
            ],
            [
                "Cappuccino Coffee",
                "/browse/food/cappuccino-coffee/976759_1086446_4163341"
            ],
            [
                "Cappuccino Instant Coffee",
                "/browse/food/cappuccino-instant-coffee/976759_1086446_1229650_5035898"
            ],
            [
                "All Instant Coffee",
                "/browse/food/all-instant-coffee/976759_1086446_1229650_6624280"
            ],
            [
                "Coffee & Coffee Pods",
                "/browse/food/coffee-coffee-pods/976759_1086446_7238690"
            ],
            [
                "Decaf Instant Coffee",
                "/browse/food/decaf-instant-coffee/976759_1086446_1229650_8351875"
            ],
            [
                "Mocha Mix",
                "/browse/food/mocha-mix/976759_1086446_8415600"
            ],
            [
                "All Decaf Coffee",
                "/browse/food/all-decaf-coffee/976759_1086446_2901896_9623975"
            ]
        ]
    },
    {
        "title": "Peace Tea Tea, 15.5 OZ",
        "url": "https://www.walmart.com/ip/Peace-Tea-Tea-15-5-OZ/578222020",
        "price": "$3.38",
        "stars": "4.5",
        "ratings": "4 ",
        "img": "i5.walmartimages.com/asr/b5c0071a-9ec5-4ce9-8db4-20415ee681a3.2b5bd479de09528650b6e17989bf66a5.jpeg?odnWidth=612&odnHeight=612&odnBg=ffffff",
        "tags": [
            [
                "5-Hour Energy Shots",
                "/browse/food/5-hour-energy-shots/976759_976782_9357528_1525474"
            ],
            [
                "Tea Pods",
                "/browse/food/tea-pods/976759_976782_1001320_4197195"
            ],
            [
                "Tea Bags",
                "/browse/food/tea-bags/976759_976782_1001320_4408773"
            ],
            [
                "New Single Serve Cups & Pods",
                "/browse/food/new-single-serve-cups-pods/976759_1086446_1995978_4710751"
            ],
            [
                "All New Coffee",
                "/browse/food/all-new-coffee/976759_1086446_1995978_5827508"
            ],
            [
                "Celestial Seasonings Tea",
                "/browse/food/celestial-seasonings-tea/976759_976782_1001320_7431138"
            ],
            [
                "Twinings Tea",
                "/browse/food/twinings-tea/976759_976782_1001320_9445399"
            ],
            [
                "Herbal Tea",
                "/browse/food/herbal-tea/976759_976782_1001320_9515255"
            ]
        ]
    },
    {
        "title": "Great Value Colombian Instant Coffee, Medium Dark Roast, 7 oz",
        "url": "https://www.walmart.com/ip/Great-Value-Colombian-Instant-Coffee-Medium-Dark-Roast-7-oz/582153829",
        "price": "$5.98",
        "stars": "4.5",
        "ratings": "135 ",
        "img": "i5.walmartimages.com/asr/bcd047dc-1049-488b-822d-1a98aef6cda7_2.324a3798a4b66def51db57a0d9a3cc68.jpeg?odnWidth=612&odnHeight=612&odnBg=ffffff",
        "tags": [
            [
                "Community Instant Coffee",
                "/browse/food/community-instant-coffee/976759_1086446_1229650_1463369"
            ],
            [
                "Colombian Coffee",
                "/browse/food/colombian-coffee/976759_1086446_3908418"
            ],
            [
                "All Community Coffee",
                "/browse/food/all-community-coffee/976759_1086446_2425858_4140955"
            ],
            [
                "Cuban Coffee",
                "/browse/food/cuban-coffee/976759_1086446_5303199"
            ],
            [
                "Coffee & Coffee Pods",
                "/browse/food/coffee-coffee-pods/976759_1086446_7238690"
            ],
            [
                "Nescafe Instant Coffee",
                "/browse/food/nescafe-instant-coffee/976759_1086446_1229650_7429052"
            ],
            [
                "Decaf Instant Coffee",
                "/browse/food/decaf-instant-coffee/976759_1086446_1229650_8351875"
            ],
            [
                "Great Value Instant Coffee",
                "/browse/food/great-value-instant-coffee/976759_1086446_1229650_8607506"
            ]
        ]
    },
    {
        "title": "Celestial Seasonings Wild Berry Zinger Herbal Tea - 20 CT",
        "url": "https://www.walmart.com/ip/Celestial-Seasonings-Wild-Berry-Zinger-Herbal-Tea-20-CT/375228872",
        "price": "$2.37",
        "stars": "4.5",
        "ratings": "13 ",
        "img": "i5.walmartimages.com/asr/8885d36e-a3cd-483d-8f92-7493051d3dfc_1.db17cf5e573bcf129f4125e99dc24fd8.jpeg?odnWidth=612&odnHeight=612&odnBg=ffffff",
        "tags": [
            [
                "Bigelow Tea",
                "/browse/food/bigelow-tea/976759_976782_1001320_4190523"
            ],
            [
                "Coffee With Chicory",
                "/browse/food/coffee-with-chicory/976759_1086446_5471454"
            ],
            [
                "Sleepytime Tea",
                "/browse/food/sleepytime-tea/976759_976782_1001320_6042884"
            ],
            [
                "Celestial Seasonings Tea",
                "/browse/food/celestial-seasonings-tea/976759_976782_1001320_7431138"
            ],
            [
                "Chamomile Tea",
                "/browse/food/chamomile-tea/976759_976782_1001320_8070850"
            ],
            [
                "All Tea",
                "/browse/food/all-tea/976759_976782_1001320_9254040"
            ],
            [
                "Green Tea",
                "/browse/food/green-tea/976759_976782_1001320_9256367"
            ],
            [
                "Herbal Tea",
                "/browse/food/herbal-tea/976759_976782_1001320_9515255"
            ]
        ]
    },
    {
        "title": "Orgain Organic Plant Based Protein Powder, Chocolate, 21g Protein, 1.0lb, 16.0oz",
        "url": "https://www.walmart.com/ip/Orgain-Organic-Plant-Based-Protein-Powder-Chocolate-21g-Protein-1-0lb-16-0oz/320984395",
        "price": "$18.98",
        "stars": "4.7",
        "ratings": "1306 ",
        "img": "i5.walmartimages.com/asr/e2cdae24-3ea4-462f-8616-921d523932ef_1.0167c8ca68be3a4821fbf2c7e1870e6b.jpeg?odnWidth=612&odnHeight=612&odnBg=ffffff",
        "tags": [
            [
                "Plant Protein Blend",
                "/browse/health/plant-protein-blend/976760_1166769_5693893_2213028"
            ],
            [
                "Natural Alternatives",
                "/browse/health/natural-alternatives/976760_5813114_5887725_6074343"
            ],
            [
                "Orgain Protein",
                "/browse/health/orgain-protein/976760_1166769_9529518_6522291"
            ],
            [
                "Add Protein to Build Muscle",
                "/browse/health/add-protein-to-build-muscle/976760_7207516_1424368_5124640_7240818"
            ],
            [
                "Protein & Fitness for Active Moms",
                "/browse/health/protein-fitness-for-active-moms/976760_1166769_7924536"
            ],
            [
                "Plant Protein Powder",
                "/browse/health/plant-protein-powder/976760_4230586_8707452"
            ]
        ]
    },
    {
        "title": "McCafe Breakfast Blend Ground Coffee, Medium Roast, 12 oz Bagged",
        "url": "https://www.walmart.com/ip/McCafe-Breakfast-Blend-Ground-Coffee-Medium-Roast-12-oz-Bagged/42286894",
        "price": "$5.36",
        "stars": "4.7",
        "ratings": "101 ",
        "img": "i5.walmartimages.com/asr/d6cad014-29b5-49a2-9cea-3a39759f8eaa.8011da747c233c157b40efc52fc88798.png?odnWidth=612&odnHeight=612&odnBg=ffffff",
        "tags": [
            [
                "Arabica Coffee",
                "/browse/food/arabica-coffee/976759_1086446_2559085"
            ],
            [
                "McCafe",
                "/browse/food/mccafe/976759_1086446_2952758"
            ],
            [
                "Colombian Coffee",
                "/browse/food/colombian-coffee/976759_1086446_3908418"
            ],
            [
                "Cold Weather Beverages",
                "/browse/food/cold-weather-beverages/976759_1567409_6592518_4126576"
            ],
            [
                "Community Ground Coffee",
                "/browse/food/community-ground-coffee/976759_1086446_2425858_4529416"
            ],
            [
                "Starbucks Ground Coffee",
                "/browse/food/starbucks-ground-coffee/976759_1086446_2986178_5925252"
            ],
            [
                "Coffee & Coffee Pods",
                "/browse/food/coffee-coffee-pods/976759_1086446_7238690"
            ],
            [
                "All Starbucks",
                "/browse/food/all-starbucks/976759_1086446_2986178_7830797"
            ]
        ]
    },
    {
        "title": "Bigelow Green Tea with Ginger plus Probiotics, Tea Bags, 18 Ct (4 Boxes)",
        "url": "https://www.walmart.com/ip/Bigelow-Green-Tea-with-Ginger-plus-Probiotics-Tea-Bags-18-Ct-4-Boxes/729949514",
        "price": "$10.68",
        "stars": "4.5",
        "ratings": "22 ",
        "img": "",
        "tags": [
            [
                "Bigelow Tea",
                "/browse/food/bigelow-tea/976759_976782_1001320_4190523"
            ],
            [
                "Tea Bags",
                "/browse/food/tea-bags/976759_976782_1001320_4408773"
            ],
            [
                "Ginger Tea",
                "/browse/food/ginger-tea/976759_976782_1001320_7801944"
            ],
            [
                "Non GMO Food",
                "/browse/food/non-gmo-food/976759_5004481_8102928"
            ],
            [
                "All Tea",
                "/browse/food/all-tea/976759_976782_1001320_9254040"
            ],
            [
                "Green Tea",
                "/browse/food/green-tea/976759_976782_1001320_9256367"
            ],
            [
                "Herbal Tea",
                "/browse/food/herbal-tea/976759_976782_1001320_9515255"
            ]
        ]
    }
]