[
    {
        "title": "(2 Pack) Musselman's\u00ae Chunky Apple Sauce 48 oz. Jar",
        "url": "https://www.walmart.com/ip/2-Pack-Musselman-s-Chunky-Apple-Sauce-48-oz-Jar/387437294",
        "price": "$5.76",
        "stars": "4.7",
        "ratings": "111 ",
        "img": "",
        "tags": [
            [
                "Canned Fruit",
                "/browse/food/canned-fruit/976759_976794_976785_1001342"
            ],
            [
                "Fruit Cups & Fruit Sauces",
                "/browse/food/fruit-cups-fruit-sauces/976759_976787_1044133"
            ],
            [
                "Pie Fillings",
                "/browse/food/pie-fillings/976759_976780_2881195_1044161"
            ],
            [
                "Citrus",
                "/browse/food/citrus/976759_1071964_976793_9756351_4914029"
            ],
            [
                "Dole Fruit Cups",
                "/browse/food/dole-fruit-cups/976759_976794_976785_5006407"
            ],
            [
                "Mott's",
                "/browse/food/motts/976759_976782_1001321_6763498"
            ],
            [
                "Applesauce pouches",
                "/browse/food/applesauce-pouches/976759_976794_976785_7645159"
            ],
            [
                "Kosher Foods",
                "/browse/kosher-foods/976759_8925069"
            ]
        ]
    },
    {
        "title": "Rice Select Sushi Rice, 32 Oz",
        "url": "https://www.walmart.com/ip/Rice-Select-Sushi-Rice-32-Oz/10403510",
        "price": "$22.99",
        "stars": "4.6",
        "ratings": "7 ",
        "img": "i5.walmartimages.com/asr/c78b2532-7610-46c1-881e-7bf983c731ed.66b5fdaad30966d6d0c12bd655123174.jpeg?odnWidth=612&odnHeight=612&odnBg=ffffff",
        "tags": [
            [
                "Vinegar",
                "/browse/food/vinegar/976759_976786_1001366"
            ],
            [
                "Rice Vinegar",
                "/browse/food/rice-vinegar/976759_976786_3896160_2090340"
            ],
            [
                "Shop All Vinegar",
                "/browse/food/shop-all-vinegar/976759_976786_3896160_2520364"
            ],
            [
                "Frozen Asian Food",
                "/browse/food/frozen-asian-food/976759_976791_3868980"
            ],
            [
                "Jasmine Rice",
                "/browse/food/jasmine-rice/976759_976794_1001474_4335459"
            ],
            [
                "Basmati Rice",
                "/browse/food/basmati-rice/976759_976794_1001474_5697844"
            ],
            [
                "Asian Rice, Grains & Noodles",
                "/browse/food/asian-rice-grains-noodles/976759_5148628_1228025_1228102_7602146"
            ],
            [
                "Shop All Asian Market",
                "/browse/food/shop-all-asian-market/976759_5148628_1228025_1228102_9127385"
            ]
        ]
    },
    {
        "title": "Campbell's Well Yes! Minestrone Soup, 16.1 Ounce Can",
        "url": "https://www.walmart.com/ip/Campbell-s-Well-Yes-Minestrone-Soup-16-1-Ounce-Can/992318223",
        "price": "$12.88",
        "stars": "4.6",
        "ratings": "68 ",
        "img": "",
        "tags": []
    },
    {
        "title": "(4 Pack) Amy's Low Fat No Chicken Noodle Soup, 14.1 oz",
        "url": "https://www.walmart.com/ip/4-Pack-Amy-s-Low-Fat-No-Chicken-Noodle-Soup-14-1-oz/47233864",
        "price": "$9.78",
        "stars": "3.9",
        "ratings": "11 ",
        "img": "i5.walmartimages.com/asr/45c6a755-52c9-486c-8d79-e36f79526958_1.5289e2a6ff50f6cf9d4711a286e22845.jpeg?odnWidth=612&odnHeight=612&odnBg=ffffff",
        "tags": [
            [
                "All Meals and Sides",
                "/browse/food/all-meals-sides/976759_1071964_976789_2133672_1535108"
            ],
            [
                "Organic Food Essentials",
                "/browse/food/organic-food-essentials/976759_1567409_2168938_8870296_3706415"
            ],
            [
                "Cold Weather Foods",
                "/browse/food/cold-weather-foods/976759_1567409_6592518_4011823"
            ],
            [
                "Vegan Food Essentials",
                "/browse/food/vegan-food-essentials/976759_1567409_2168938_8870296_7715877"
            ],
            [
                "Non GMO Food",
                "/browse/food/non-gmo-food/976759_5004481_8102928"
            ],
            [
                "Fat Free Food",
                "/browse/food/fat-free-food/976759_1567409_3170630_8672408"
            ],
            [
                "Shop All Plant Based Foods",
                "/browse/food/shop-all-plant-based-foods/976759_5148628_4583057_2468673_8701847"
            ],
            [
                "Gluten Free Meals & Side Dishes",
                "/browse/food/gluten-free-meals-side-dishes/976759_5148628_4583057_1250486_9821290"
            ]
        ]
    },
    {
        "title": "(2 Pack) Blue Runner Creole Gumbo Base, 25 oz",
        "url": "https://www.walmart.com/ip/2-Pack-Blue-Runner-Creole-Gumbo-Base-25-oz/899089757",
        "price": "$6.93",
        "stars": "4.9",
        "ratings": "8 ",
        "img": "",
        "tags": [
            [
                "Stocks & Broths",
                "/browse/food/stocks-broths/976759_976794_976785_1001360"
            ],
            [
                "High Protein Food Staples",
                "/browse/food/high-protein-food-staples/976759_1567409_2168938_8870296_2783192"
            ],
            [
                "Kool-Aid",
                "/browse/food/kool-aid/976759_976782_4818838"
            ],
            [
                "All Powdered Drink Mix",
                "/browse/food/all-powdered-drink-mix/976759_976782_1001683_6396648"
            ],
            [
                "Orange Juice",
                "/browse/food/orange-juice/976759_976782_1001321_6637576"
            ],
            [
                "Chocolate Covered Snacks",
                "/browse/food/chocolate-covered-snacks/976759_1096070_1224976_7726944"
            ],
            [
                "Kool Aid",
                "/browse/food/kool-aid/976759_976782_1001683_7987987"
            ],
            [
                "Beauty Supplements and Beverages",
                "/browse/food/beauty-supplements-beverages/976759_1567409_3170630_8948107"
            ]
        ]
    },
    {
        "title": "(2 Pack) Roland Hot Chili Oil, 6.2 Oz",
        "url": "https://www.walmart.com/ip/2-Pack-Roland-Hot-Chili-Oil-6-2-Oz/47235692",
        "price": "$5.78",
        "stars": "5.0",
        "ratings": "17 ",
        "img": "i5.walmartimages.com/asr/d91c9f17-566d-443f-871a-3f6be5374013_1.e0f2bd8bf617409e07cc5bfc668764bf.jpeg?odnWidth=612&odnHeight=612&odnBg=ffffff",
        "tags": [
            [
                "Chili",
                "/browse/food/chili/976759_976794_976785_1001346"
            ],
            [
                "Vinegar",
                "/browse/food/vinegar/976759_976786_1001366"
            ],
            [
                "Canned Grains",
                "/browse/food/canned-grains/976759_976794_976785_1044167"
            ],
            [
                "Coconut Oil for Cooking",
                "/browse/food/coconut-oil-for-cooking/976759_976786_2287183"
            ],
            [
                "Shop All Vinegar",
                "/browse/food/shop-all-vinegar/976759_976786_3896160_2520364"
            ],
            [
                "Truffle Oils",
                "/browse/food/truffle-oils/976759_976786_4711712_3854509"
            ],
            [
                "Shop All Gluten Free Foods",
                "/browse/food/shop-all-gluten-free-foods/976759_5148628_4583057_1250486_4415080"
            ],
            [
                "Gluten Free Pasta & Grains",
                "/browse/food/gluten-free-pasta-grains/976759_5148628_4583057_1250486_7390423"
            ]
        ]
    },
    {
        "title": "StarKist\u00ae Chunk Light Tuna in Oil - 5 oz Can (4-Pack)",
        "url": "https://www.walmart.com/ip/StarKist-Chunk-Light-Tuna-in-Oil-5-oz-Can-4-Pack/511778821",
        "price": "$3.98",
        "stars": "4.7",
        "ratings": "13 ",
        "img": "i5.walmartimages.com/asr/a684bf71-0552-4029-af52-c69adc165527.97676ee3d9265428e10a799a8b5d36be.jpeg?odnWidth=612&odnHeight=612&odnBg=ffffff",
        "tags": [
            [
                "Tuna & Seafood",
                "/browse/food/tuna-seafood/976759_976794_976785_1001781"
            ],
            [
                "No Sugar Foods",
                "/browse/food/no-sugar-foods/976759_5004481_1858214"
            ],
            [
                "Starkist Tuna",
                "/browse/food/starkist-tuna/976759_976794_976785_6368123"
            ],
            [
                "Bumblebee Tuna",
                "/browse/food/bumblebee-tuna/976759_976794_976785_6754896"
            ],
            [
                "Meals Restock",
                "/browse/food/meals-restock/976759_1567409_2168938_1811730_6806516"
            ],
            [
                "Tuna Pouches",
                "/browse/food/tuna-pouches/976759_976794_976785_9162342"
            ],
            [
                "Gluten Free Meals & Side Dishes",
                "/browse/food/gluten-free-meals-side-dishes/976759_5148628_4583057_1250486_9821290"
            ],
            [
                "Easy Kid's Dinners",
                "/browse/food/easy-kids-dinners/976759_1567409_7966149_9873756"
            ]
        ]
    },
    {
        "title": "(6 Pack) Great Value Pasta & Sauce, Chicken Flavored, 4.3 oz",
        "url": "https://www.walmart.com/ip/6-Pack-Great-Value-Pasta-Sauce-Chicken-Flavored-4-3-oz/47233729",
        "price": "$4.33",
        "stars": "4.1",
        "ratings": "11 ",
        "img": "i5.walmartimages.com/asr/7fca080d-cdbc-4538-bb04-eb26646ff0bd_3.f9597c8021cb1f53cdd012489e020a10.jpeg?odnWidth=612&odnHeight=612&odnBg=ffffff",
        "tags": [
            [
                "Meat & Poultry",
                "/browse/food/meat-poultry/976759_976794_976785_1001347"
            ],
            [
                "Canned Ready to Eat Meals",
                "/browse/food/canned-ready-to-eat-meals/976759_976794_976785_1001348"
            ],
            [
                "Pasta & Noodles",
                "/browse/food/pasta-noodles/976759_976794_1007519"
            ],
            [
                "All Meals and Sides",
                "/browse/food/all-meals-sides/976759_1071964_976789_2133672_1535108"
            ],
            [
                "Macaroni and Cheese",
                "/browse/food/macaroni-cheese/976759_976794_6223225_2271648"
            ],
            [
                "Knorr",
                "/browse/knorr/976759_2626199"
            ],
            [
                "Easy Kid's Dinners",
                "/browse/food/easy-kids-dinners/976759_1567409_7966149_9873756"
            ]
        ]
    },
    {
        "title": "CHILI LIME TORTILLA CHIP",
        "url": "https://www.walmart.com/ip/CHILI-LIME-TORTILLA-CHIP/987938133",
        "price": "$20.00",
        "stars": "4.6",
        "ratings": "124 ",
        "img": "",
        "tags": [
            [
                "Eat High Protein Diet",
                "/browse/health/eat-high-protein-diet/976760_7207516_3867899_2349917_1339165"
            ],
            [
                "New & Trending Keto",
                "/browse/new-trending-keto/976760_4716860"
            ],
            [
                "Quest Assortment Pg",
                "/browse/health/quest-assortment-pg/976760_1166769_3046134_5324300"
            ],
            [
                "Keto Basics",
                "/browse/health/keto-basics/976760_7501265_6637211"
            ],
            [
                "Add Protein to Build Muscle",
                "/browse/health/add-protein-to-build-muscle/976760_7207516_1424368_5124640_7240818"
            ],
            [
                "Protein & Fitness for Active Moms",
                "/browse/health/protein-fitness-for-active-moms/976760_1166769_7924536"
            ],
            [
                "All Protein Supplements",
                "/browse/health/all-protein-supplements/976760_1166769_9231506"
            ],
            [
                "High Protein Foods",
                "/browse/health/high-protein-foods/976760_1166769_9849260"
            ]
        ]
    },
    {
        "title": "Augason Farms Deluxe Emergency 30-Day Food Supply (1 Person), 200 Servings, 37,080 Calories, Net Weight 20 lbs. 7.55 oz.",
        "url": "https://www.walmart.com/ip/Augason-Farms-Deluxe-Emergency-30-Day-Food-Supply-1-Person-200-Servings-37-080-Calories-Net-Weight-20-lbs-7-55-oz/477277413",
        "price": "$77.98",
        "stars": "4.7",
        "ratings": "29 ",
        "img": "i5.walmartimages.com/asr/54efe97f-c07d-4ec9-ac6e-3b280ac2d0bc_1.da184a6bd64a014e3dfd32c803564bb1.jpeg?odnWidth=612&odnHeight=612&odnBg=ffffff",
        "tags": [
            [
                "Dried Fruits",
                "/browse/food/dried-fruits/976759_976787_4962467_1044135"
            ],
            [
                "All Eggs",
                "/browse/food/all-eggs/976759_1071964_976788_1001469_3362138"
            ],
            [
                "Powdered Milk",
                "/browse/food/powdered-milk/976759_976780_2881195_4261054_5833312"
            ],
            [
                "Meals Restock",
                "/browse/food/meals-restock/976759_1567409_2168938_1811730_6806516"
            ],
            [
                "Home Workout Snacks and Beverages",
                "/browse/food/home-workout-snacks-beverages/976759_1567409_7702434"
            ],
            [
                "High Fiber Foods",
                "/browse/food/high-fiber-foods/976759_5004481_9339140"
            ]
        ]
    }
]