[
    {
        "title": "(2 Pack) Ocean Spray Juice Cocktail, Cranberry, 101.4 Fl Oz, 1 Count",
        "url": "https://www.walmart.com/ip/2-Pack-Ocean-Spray-Juice-Cocktail-Cranberry-101-4-Fl-Oz-1-Count/219032656",
        "price": "$7.96",
        "stars": "4.7",
        "ratings": "203 ",
        "img": "i5.walmartimages.com/asr/2f77eb13-79b3-4204-83a9-7202bb4370bd_1.7285e4ec19aa892caefb0535723e4a11.png?odnWidth=612&odnHeight=612&odnBg=ffffff",
        "tags": [
            [
                "Summer Grilling Beverages",
                "/browse/food/summer-grilling-beverages/976759_1567409_8808777_2541298"
            ],
            [
                "Fruit Juice",
                "/browse/food/fruit-juice/976759_976782_1001321_4150966"
            ],
            [
                "Orange Juice",
                "/browse/food/orange-juice/976759_976782_1001321_6637576"
            ],
            [
                "Kid's Breakfast",
                "/browse/food/kids-breakfast/976759_1567409_7966149_6779439"
            ],
            [
                "Kid's Lunches",
                "/browse/food/kids-lunches/976759_1567409_7966149_7561098"
            ],
            [
                "All Juices",
                "/browse/food/all-juices/976759_976782_1001321_8981297"
            ],
            [
                "New Year's Eve Party Spread",
                "/browse/food/new-years-eve-party-spread/976759_1567409_9050139"
            ]
        ]
    },
    {
        "title": "Eight O'Clock The Original Whole Bean Coffee 36 Oz. Bag",
        "url": "https://www.walmart.com/ip/Eight-O-Clock-The-Original-Whole-Bean-Coffee-36-Oz-Bag/10294441",
        "price": "$10.66",
        "stars": "4.8",
        "ratings": "408 ",
        "img": "i5.walmartimages.com/asr/3b48a697-80f4-4411-a1be-563e5b3a5a88.b34e796ba32c466404af9f098c0d3323.jpeg?odnWidth=612&odnHeight=612&odnBg=ffffff",
        "tags": [
            [
                "Eight O'Clock Whole Bean Coffee",
                "/browse/food/eight-oclock-whole-bean-coffee/976759_1086446_1371544_2507754"
            ],
            [
                "Arabica Coffee",
                "/browse/food/arabica-coffee/976759_1086446_2559085"
            ],
            [
                "Colombian Coffee",
                "/browse/food/colombian-coffee/976759_1086446_3908418"
            ],
            [
                "Cold Weather Beverages",
                "/browse/food/cold-weather-beverages/976759_1567409_6592518_4126576"
            ],
            [
                "Fueling Beverages",
                "/browse/food/fueling-beverages/976759_4321481_5471594"
            ],
            [
                "All Eight O'Clock Coffee",
                "/browse/food/all-eight-oclock-coffee/976759_1086446_1371544_6452168"
            ],
            [
                "Coffee & Coffee Pods",
                "/browse/food/coffee-coffee-pods/976759_1086446_7238690"
            ],
            [
                "Eight O'Clock Ground Coffee",
                "/browse/food/eight-oclock-ground-coffee/976759_1086446_1371544_9455098"
            ]
        ]
    },
    {
        "title": "(2 Pack) Ocean Spray Juice, Cran-Mango, 101.4 Fl Oz, 1 Count",
        "url": "https://www.walmart.com/ip/2-Pack-Ocean-Spray-Juice-Cran-Mango-101-4-Fl-Oz-1-Count/603139375",
        "price": "$7.96",
        "stars": "4.8",
        "ratings": "176 ",
        "img": "i5.walmartimages.com/asr/f6edb47a-bba2-4296-97bc-c6802765dc17_1.85c9a186a485816cf41b53c9173bb400.png?odnWidth=612&odnHeight=612&odnBg=ffffff",
        "tags": [
            [
                "Summer Grilling Beverages",
                "/browse/food/summer-grilling-beverages/976759_1567409_8808777_2541298"
            ],
            [
                "Kid's Favorites",
                "/browse/food/kids-favorites/976759_976782_1001321_2838858"
            ],
            [
                "Fruit Juice",
                "/browse/food/fruit-juice/976759_976782_1001321_4150966"
            ],
            [
                "Kid's Breakfast",
                "/browse/food/kids-breakfast/976759_1567409_7966149_6779439"
            ],
            [
                "Juicy Juice",
                "/browse/food/juicy-juice/976759_976782_1001321_6815860"
            ],
            [
                "Kid's Lunches",
                "/browse/food/kids-lunches/976759_1567409_7966149_7561098"
            ],
            [
                "All Juices",
                "/browse/food/all-juices/976759_976782_1001321_8981297"
            ]
        ]
    },
    {
        "title": "Bigelow Vanilla Chai Black Tea, Tea Bags, 20 Ct (4 Boxes)",
        "url": "https://www.walmart.com/ip/Bigelow-Vanilla-Chai-Black-Tea-Tea-Bags-20-Ct-4-Boxes/703850053",
        "price": "$10.68",
        "stars": "4.8",
        "ratings": "120 ",
        "img": "",
        "tags": [
            [
                "Decaf Tea",
                "/browse/food/decaf-tea/976759_976782_1001320_2256085"
            ],
            [
                "Tea Bags",
                "/browse/food/tea-bags/976759_976782_1001320_4408773"
            ],
            [
                "Black Tea",
                "/browse/food/black-tea/976759_976782_1001320_4739102"
            ],
            [
                "Celestial Seasonings Tea",
                "/browse/food/celestial-seasonings-tea/976759_976782_1001320_7431138"
            ],
            [
                "Chai Tea",
                "/browse/food/chai-tea/976759_976782_1001320_8658677"
            ],
            [
                "All Tea",
                "/browse/food/all-tea/976759_976782_1001320_9254040"
            ],
            [
                "Twinings Tea",
                "/browse/food/twinings-tea/976759_976782_1001320_9445399"
            ],
            [
                "Herbal Tea",
                "/browse/food/herbal-tea/976759_976782_1001320_9515255"
            ]
        ]
    },
    {
        "title": "(18 Packets) Great Value Pink Lemonade Sugar-Free Drink Mix",
        "url": "https://www.walmart.com/ip/18-Packets-Great-Value-Pink-Lemonade-Sugar-Free-Drink-Mix/149689034",
        "price": "$5.16",
        "stars": "4.6",
        "ratings": "94 ",
        "img": "i5.walmartimages.com/asr/8173c80b-74c3-429a-aa03-da348817d783_1.181f313d4d892280b5a883927cf20701.jpeg?odnWidth=612&odnHeight=612&odnBg=ffffff",
        "tags": [
            [
                "Crystal Light Powdered Drink Mixes",
                "/browse/food/crystal-light-powdered-drink-mixes/976759_976782_1001683_1642912"
            ],
            [
                "Natural Water Flavoring",
                "/browse/food/natural-water-flavoring/976759_976782_1228026_1889470"
            ],
            [
                "Country Time Lemonade Mix",
                "/browse/food/country-time-lemonade-mix/976759_976782_1001683_2161163"
            ],
            [
                "All Water Flavoring",
                "/browse/food/all-water-flavoring/976759_976782_1228026_3989315"
            ],
            [
                "All Powdered Drink Mix",
                "/browse/food/all-powdered-drink-mix/976759_976782_1001683_6396648"
            ],
            [
                "Lemonade Powder",
                "/browse/food/lemonade-powder/976759_976782_1001683_6409542"
            ],
            [
                "Great Value Powdered Drink Mixes",
                "/browse/food/great-value-powdered-drink-mixes/976759_976782_1001683_8243116"
            ],
            [
                "Lemonade Drinks",
                "/browse/food/lemonade-drinks/976759_976782_8445321"
            ]
        ]
    },
    {
        "title": "Nestle Coffee mate Vanilla Caramel Sugar Free Powder Coffee Creamer 10.2 oz.",
        "url": "https://www.walmart.com/ip/Nestle-Coffee-mate-Vanilla-Caramel-Sugar-Free-Powder-Coffee-Creamer-10-2-oz/10291898",
        "price": "$3.27",
        "stars": "4.7",
        "ratings": "245 ",
        "img": "i5.walmartimages.com/asr/f662741e-e8e8-4c67-b0cb-a9a0ccaaef27.defb1c444c33e4242babfd1932d7bf19.jpeg?odnWidth=612&odnHeight=612&odnBg=ffffff",
        "tags": [
            [
                "Sugar Free Food",
                "/browse/food/sugar-free-food/976759_1567409_3170630_2147513"
            ],
            [
                "Non Dairy Creamers",
                "/browse/food/non-dairy-creamers/976759_1086446_1100007_2301544"
            ],
            [
                "Powder Coffee Creamer",
                "/browse/food/powder-coffee-creamer/976759_1086446_1100007_3600436"
            ],
            [
                "Flavored Coffee Creamer",
                "/browse/food/flavored-coffee-creamer/976759_1086446_1100007_3903859"
            ],
            [
                "Sugar Free Coffee Creamer",
                "/browse/food/sugar-free-coffee-creamer/976759_1086446_1100007_5381118"
            ],
            [
                "French Vanilla Creamers",
                "/browse/food/french-vanilla-creamers/976759_1086446_1100007_7552468"
            ],
            [
                "Coffee-Mate",
                "/browse/food/coffee-mate/976759_1086446_1100007_8128797"
            ],
            [
                "Healthy Coffee Creamer",
                "/browse/food/healthy-coffee-creamer/976759_1086446_1100007_8721359"
            ]
        ]
    },
    {
        "title": "Celestial Seasonings, Honey Vanilla Chamomile Herbal Tea, Tea Bags, 20 Ct",
        "url": "https://www.walmart.com/ip/Celestial-Seasonings-Honey-Vanilla-Chamomile-Herbal-Tea-Tea-Bags-20-Ct/17056847",
        "price": "$2.37",
        "stars": "4.8",
        "ratings": "102 ",
        "img": "i5.walmartimages.com/asr/da864a29-964a-42a7-8c7e-eeef3f3375de_1.d328401f637a083395b86f005a55914f.jpeg?odnWidth=612&odnHeight=612&odnBg=ffffff",
        "tags": [
            [
                "Bigelow Tea",
                "/browse/food/bigelow-tea/976759_976782_1001320_4190523"
            ],
            [
                "Sleepytime Tea",
                "/browse/food/sleepytime-tea/976759_976782_1001320_6042884"
            ],
            [
                "Teas for Sleep and Relaxation",
                "/browse/food/teas-for-sleep-relaxation/976759_1567409_3170630_6268443"
            ],
            [
                "Celestial Seasonings Tea",
                "/browse/food/celestial-seasonings-tea/976759_976782_1001320_7431138"
            ],
            [
                "Chamomile Tea",
                "/browse/food/chamomile-tea/976759_976782_1001320_8070850"
            ],
            [
                "All Tea",
                "/browse/food/all-tea/976759_976782_1001320_9254040"
            ],
            [
                "Supplements & Food for Sleep and Relaxation",
                "/browse/food/supplements-food-for-sleep-relaxation/976759_1567409_3170630_9343305"
            ],
            [
                "Herbal Tea",
                "/browse/food/herbal-tea/976759_976782_1001320_9515255"
            ]
        ]
    },
    {
        "title": "Bigelow Classic Green Tea, Tea Bags, 20 Ct (4 Boxes)",
        "url": "https://www.walmart.com/ip/Bigelow-Classic-Green-Tea-Tea-Bags-20-Ct-4-Boxes/710005390",
        "price": "$10.68",
        "stars": "4.7",
        "ratings": "78 ",
        "img": "",
        "tags": [
            [
                "Decaf Tea",
                "/browse/food/decaf-tea/976759_976782_1001320_2256085"
            ],
            [
                "Tea Bags",
                "/browse/food/tea-bags/976759_976782_1001320_4408773"
            ],
            [
                "Black Tea",
                "/browse/food/black-tea/976759_976782_1001320_4739102"
            ],
            [
                "Immunity Foods",
                "/browse/immunity-foods/976759_7206944"
            ],
            [
                "Celestial Seasonings Tea",
                "/browse/food/celestial-seasonings-tea/976759_976782_1001320_7431138"
            ],
            [
                "All Tea",
                "/browse/food/all-tea/976759_976782_1001320_9254040"
            ],
            [
                "Green Tea",
                "/browse/food/green-tea/976759_976782_1001320_9256367"
            ],
            [
                "Herbal Tea",
                "/browse/food/herbal-tea/976759_976782_1001320_9515255"
            ]
        ]
    },
    {
        "title": "Green Mountain Coffee Breakfast Blend K-Cup Pods, Light Roast, 48 Count for Keurig Brewers",
        "url": "https://www.walmart.com/ip/Green-Mountain-Coffee-Breakfast-Blend-K-Cup-Pods-Light-Roast-48-Count-for-Keurig-Brewers/49466610",
        "price": "$22.83",
        "stars": "4.4",
        "ratings": "1289 ",
        "img": "i5.walmartimages.com/asr/780a5980-1065-496b-beec-4475d19ea4a9_1.25494e694087f6940c8911e40c682b3a.jpeg?odnWidth=612&odnHeight=612&odnBg=ffffff",
        "tags": [
            [
                "Green Mountain Coffee Pods",
                "/browse/food/green-mountain-coffee-pods/976759_1086446_6490624_2544553"
            ],
            [
                "Arabica Coffee",
                "/browse/food/arabica-coffee/976759_1086446_2559085"
            ],
            [
                "McCafe",
                "/browse/food/mccafe/976759_1086446_2952758"
            ],
            [
                "Cold Weather Beverages",
                "/browse/food/cold-weather-beverages/976759_1567409_6592518_4126576"
            ],
            [
                "All Green Mountain Coffee",
                "/browse/food/all-green-mountain-coffee/976759_1086446_6490624_6014443"
            ],
            [
                "Caffeinated Drinks",
                "/browse/food/caffeinated-drinks/976759_1567409_3591080_6925074"
            ],
            [
                "Coffee & Coffee Pods",
                "/browse/food/coffee-coffee-pods/976759_1086446_7238690"
            ],
            [
                "Keurig K-Cups & Coffee Pods",
                "/browse/food/keurig-k-cups-coffee-pods/976759_1086446_8135897"
            ]
        ]
    },
    {
        "title": "(4 Pack) Welch's Juice, Grape, 10 Fl Oz, 6 Count",
        "url": "https://www.walmart.com/ip/4-Pack-Welch-s-Juice-Grape-10-Fl-Oz-6-Count/47224855",
        "price": "$11.92",
        "stars": "4.4",
        "ratings": "71 ",
        "img": "i5.walmartimages.com/asr/7246235f-c79e-4331-83ab-68246ac74d5e_1.94b322304e4257bf6c543c8426587438.jpeg?odnWidth=612&odnHeight=612&odnBg=ffffff",
        "tags": [
            [
                "Summer Grilling Beverages",
                "/browse/food/summer-grilling-beverages/976759_1567409_8808777_2541298"
            ],
            [
                "Kid's Favorites",
                "/browse/food/kids-favorites/976759_976782_1001321_2838858"
            ],
            [
                "Fruit Juice",
                "/browse/food/fruit-juice/976759_976782_1001321_4150966"
            ],
            [
                "Orange Juice",
                "/browse/food/orange-juice/976759_976782_1001321_6637576"
            ],
            [
                "All Juices",
                "/browse/food/all-juices/976759_976782_1001321_8981297"
            ],
            [
                "Cranberry Juice",
                "/browse/food/cranberry-juice/976759_976782_1001321_9114860"
            ],
            [
                "Apple Juice",
                "/browse/food/apple-juice/976759_976782_1001321_9302436"
            ]
        ]
    }
]