[
    {
        "title": "Kisses, Dark Chocolate Candy, 10 Oz",
        "url": "https://www.walmart.com/ip/Kisses-Dark-Chocolate-Candy-10-Oz/938961346",
        "price": "$3.48",
        "stars": "4.5",
        "ratings": "67 ",
        "img": "i5.walmartimages.com/asr/c3f4a664-863b-4ffe-a028-0909336ead01_1.739487bfc635602abfce9b0b581bdb9e.jpeg?odnWidth=612&odnHeight=612&odnBg=ffffff",
        "tags": [
            [
                "Hershey's Easter Chocolate Candy and Treats",
                "/browse/food/hersheys-easter-chocolate-candy-treats/976759_1567409_7567150_1407602"
            ],
            [
                "Candy Dish",
                "/browse/food/candy-dish/976759_1567409_9457805_1458227"
            ],
            [
                "Ghirardelli Chocolate",
                "/browse/food/ghirardelli-chocolate/976759_1096070_1224976_5687078"
            ],
            [
                "Hershey's Halloween Candy",
                "/browse/food/hersheys-halloween-candy/976759_1567409_2107086_6041305_5688639"
            ],
            [
                "Hershey's Candy",
                "/browse/food/hersheys-candy/976759_1089004_5339481_6030945"
            ],
            [
                "Dark Chocolate",
                "/browse/food/dark-chocolate/976759_1096070_1224976_6696156"
            ],
            [
                "Hershey's Kisses",
                "/browse/food/hersheys-kisses/976759_1096070_1224976_7041923"
            ],
            [
                "Premium Chocolate Bars & Bags",
                "/browse/food/premium-chocolate-bars-bags/976759_5148628_4569562_7908469"
            ]
        ]
    },
    {
        "title": "Red Hots Cinnamon Candy Bag, 10 Oz",
        "url": "https://www.walmart.com/ip/Red-Hots-Cinnamon-Candy-Bag-10-Oz/44000357",
        "price": "$3.29",
        "stars": "4.7",
        "ratings": "59 ",
        "img": "",
        "tags": [
            [
                "Children's Party",
                "/browse/food/childrens-party/976759_1096070_1224980_1381998"
            ],
            [
                "Hershey's Easter Chocolate Candy and Treats",
                "/browse/food/hersheys-easter-chocolate-candy-treats/976759_1567409_7567150_1407602"
            ],
            [
                "Gummy Candy",
                "/browse/food/gummy-candy/976759_1096070_1224975_4246741"
            ],
            [
                "Office Candy",
                "/browse/food/office-candy/976759_1096070_1224980_6270829"
            ],
            [
                "Shop All Candy",
                "/browse/food/shop-all-candy/976759_1096070_1224975_6909059"
            ],
            [
                "Hershey's Summer Sweets",
                "/browse/food/hersheys-summer-sweets/976759_1567409_8346319"
            ]
        ]
    },
    {
        "title": "Kit Kat Duos, Mint and Dark Chocolate Standard Candy Bar, 1.5 oz",
        "url": "https://www.walmart.com/ip/Kit-Kat-Duos-Mint-and-Dark-Chocolate-Standard-Candy-Bar-1-5-oz/523363486",
        "price": "$47.02",
        "stars": "4.7",
        "ratings": "82 ",
        "img": "i5.walmartimages.com/asr/7d7d5e60-238f-43c1-bfdc-b463bc0fdd5b_2.5910160681e121883595547c9d9efad8.png?odnWidth=612&odnHeight=612&odnBg=ffffff",
        "tags": [
            [
                "Hershey's Easter Chocolate Candy and Treats",
                "/browse/food/hersheys-easter-chocolate-candy-treats/976759_1567409_7567150_1407602"
            ],
            [
                "Cold Packed Hershey's Chocolate",
                "/browse/food/cold-packed-hersheys-chocolate/976759_1567409_7329770_1591769"
            ],
            [
                "Granola Bars",
                "/browse/food/granola-bars/976759_976787_1044154_5006109"
            ],
            [
                "Fiber One Breakfast & Snack Bars",
                "/browse/food/fiber-one-breakfast-snack-bars/976759_976783_7968162"
            ],
            [
                "Food Coloring",
                "/browse/food/food-coloring/976759_976780_2881195_9086275"
            ],
            [
                "New Year New You",
                "/browse/food/new-year-new-you/976759_1567409_3170630_9741688"
            ],
            [
                "Shop All Cold Packed Groceries",
                "/browse/food/shop-all-cold-packed-groceries/976759_1567409_7329770_9969026"
            ]
        ]
    },
    {
        "title": "SWEDISH FISH Mini Tropical Soft & Chewy Candy, 12 - 8 oz Bags",
        "url": "https://www.walmart.com/ip/SWEDISH-FISH-Mini-Tropical-Soft-Chewy-Candy-12-8-oz-Bags/987653212",
        "price": "$31.88",
        "stars": "4.3",
        "ratings": "4 ",
        "img": "i5.walmartimages.com/asr/44b9fade-6de9-4743-a7d9-a8ca78eadbd4_1.9d47037094751885e172c18dd5ab472a.jpeg?odnWidth=612&odnHeight=612&odnBg=ffffff",
        "tags": [
            [
                "Gummy Candy",
                "/browse/food/gummy-candy/976759_1096070_1224975_4246741"
            ],
            [
                "Movie Night Foods and Drinks",
                "/browse/food/movie-night-foods-drinks/976759_976787_4460428"
            ],
            [
                "Shop All Candy",
                "/browse/food/shop-all-candy/976759_1096070_1224975_6909059"
            ],
            [
                "Fat Free Food",
                "/browse/food/fat-free-food/976759_1567409_3170630_8672408"
            ],
            [
                "Easter Candy Dish",
                "/browse/food/easter-candy-dish/976759_1567409_7567150_4780634_8837958"
            ],
            [
                "New Year's Eve Party Spread",
                "/browse/food/new-years-eve-party-spread/976759_1567409_9050139"
            ],
            [
                "All Halloween Candy",
                "/browse/food/all-halloween-candy/976759_1567409_2107086_6041305_9735259"
            ],
            [
                "Easter Basket Candy",
                "/browse/food/easter-basket-candy/976759_1567409_7567150_4780634_9848063"
            ]
        ]
    },
    {
        "title": "Otter Pops 100ct 1oz Assorted Freezer Pops",
        "url": "https://www.walmart.com/ip/Otter-Pops-100ct-1oz-Assorted-Freezer-Pops/575860150",
        "price": "$8.67",
        "stars": "4.2",
        "ratings": "47 ",
        "img": "i5.walmartimages.com/asr/ea148f85-9630-4c6f-8408-6d14b91b1ad3_1.4fa6b918d7f95ed01e8ae94908f8d98b.jpeg?odnWidth=612&odnHeight=612&odnBg=ffffff",
        "tags": [
            [
                "Children's Party",
                "/browse/food/childrens-party/976759_1096070_1224980_1381998"
            ],
            [
                "Hershey's Easter Chocolate Candy and Treats",
                "/browse/food/hersheys-easter-chocolate-candy-treats/976759_1567409_7567150_1407602"
            ],
            [
                "Summer Grilling Beverages",
                "/browse/food/summer-grilling-beverages/976759_1567409_8808777_2541298"
            ],
            [
                "Jolly Rancher",
                "/browse/food/jolly-rancher/976759_1096070_1224979_4346109"
            ],
            [
                "Hershey's Candy",
                "/browse/food/hersheys-candy/976759_1089004_5339481_6030945"
            ],
            [
                "All New Food",
                "/browse/food/all-new-food/976759_4143264_8102846"
            ],
            [
                "Wholesale Candy",
                "/browse/food/wholesale-candy/976759_1096070_1224980_8149011"
            ],
            [
                "Hershey's Summer Sweets",
                "/browse/food/hersheys-summer-sweets/976759_1567409_8346319"
            ]
        ]
    },
    {
        "title": "Butterfinger Bites, 3.5 OZ",
        "url": "https://www.walmart.com/ip/Butterfinger-Bites-3-5-OZ/855503805",
        "price": "$6.99",
        "stars": "5.0",
        "ratings": "1 ",
        "img": "",
        "tags": [
            [
                "Shop All Cold Packed Chocolates",
                "/browse/food/shop-all-cold-packed-chocolates/976759_1567409_7329770_1414143"
            ],
            [
                "Chocolate Bars",
                "/browse/food/chocolate-bars/976759_1096070_1224976_3761246"
            ],
            [
                "Ferrara",
                "/browse/food/ferrara/976759_1096070_1224975_7099407"
            ],
            [
                "Cold Packed Ferrero Chocolates",
                "/browse/food/cold-packed-ferrero-chocolates/976759_1567409_7329770_8160419"
            ],
            [
                "Mocha Mix",
                "/browse/food/mocha-mix/976759_1086446_8415600"
            ],
            [
                "Christmas Candy",
                "/browse/food/christmas-candy/976759_1089004_5339481_9794851"
            ],
            [
                "Milk Chocolate",
                "/browse/food/milk-chocolate/976759_1096070_1224976_9905281"
            ],
            [
                "Shop All Cold Packed Groceries",
                "/browse/food/shop-all-cold-packed-groceries/976759_1567409_7329770_9969026"
            ]
        ]
    },
    {
        "title": "KIND Protein Bars, Double Dark Chocolate Nut, Gluten Free, 12g Protein - 1.76oz, 5 Snack Bars",
        "url": "https://www.walmart.com/ip/KIND-Protein-Bars-Double-Dark-Chocolate-Nut-Gluten-Free-12g-Protein-1-76oz-5-Snack-Bars/257609957",
        "price": "$18.69",
        "stars": 0,
        "ratings": 0,
        "img": "i5.walmartimages.com/asr/f0a18b3f-7e5f-483b-ad1f-343d8f638085_1.e2025ae88a983776435b7796bd3503ec.png?odnWidth=612&odnHeight=612&odnBg=ffffff",
        "tags": [
            [
                "Attractants and Scent Eliminators",
                "/browse/sports-outdoors/attractants-scent-eliminators/4125_546956_4155_1079944_1120773"
            ],
            [
                "Bike Supplements",
                "/browse/sports-outdoors/bike-supplements/4125_1081404_5848968_7970248_2237845"
            ],
            [
                "Mississippi State Bulldogs T-Shirts",
                "/browse/sports-outdoors/mississippi-state-bulldogs-t-shirts/4125_1063984_1064346_4260553_2358842"
            ],
            [
                "Swimming Paddles",
                "/browse/sports-outdoors/swimming-paddles/4125_4161_7400852_5988231"
            ],
            [
                "Scent Eliminators",
                "/browse/sports-outdoors/scent-eliminators/4125_546956_4155_2062208_6252257"
            ],
            [
                "Filtration Bottles & Accessories",
                "/browse/sports-outdoors/filtration-bottles-accessories/4125_546956_4128_2242359_6698267"
            ],
            [
                "Texas Tech Red Raiders Bath & Kitchen",
                "/browse/sports-outdoors/texas-tech-red-raiders-bath-kitchen/4125_1063984_1064346_8405665_7009996"
            ],
            [
                "Dice",
                "/browse/sports-outdoors/dice/4125_1224931_4158_6997359_7433269_8704617"
            ]
        ]
    },
    {
        "title": "Dum-Dums Flat Shape Flavor Fusion Lollipops Bag, 14 Oz",
        "url": "https://www.walmart.com/ip/Dum-Dums-Flat-Shape-Flavor-Fusion-Lollipops-Bag-14-Oz/395825971",
        "price": "$3.68",
        "stars": "5.0",
        "ratings": "4 ",
        "img": "i5.walmartimages.com/asr/7d9ae825-68a5-412a-aa0d-c719a38911df.cba5dc860923d928551e581e98642d88.jpeg?odnWidth=612&odnHeight=612&odnBg=ffffff",
        "tags": [
            [
                "Children's Party",
                "/browse/food/childrens-party/976759_1096070_1224980_1381998"
            ],
            [
                "Hard Candy",
                "/browse/food/hard-candy/976759_1096070_1224979_3137292"
            ],
            [
                "Office Candy",
                "/browse/food/office-candy/976759_1096070_1224980_6270829"
            ],
            [
                "Lollipops & Suckers",
                "/browse/food/lollipops-suckers/976759_1096070_1224979_7528469"
            ],
            [
                "Halloween Trick or Treat",
                "/browse/food/halloween-trick-treat/976759_1567409_2107086_6041305_8139682"
            ],
            [
                "All Halloween Candy",
                "/browse/food/all-halloween-candy/976759_1567409_2107086_6041305_9735259"
            ]
        ]
    },
    {
        "title": "Lilys 40% Cocoa Milk Chocolate Style Hazelnut 2.8 oz",
        "url": "https://www.walmart.com/ip/Lilys-40-Cocoa-Milk-Chocolate-Style-Hazelnut-2-8-oz/504038647",
        "price": "$3.48",
        "stars": "3.0",
        "ratings": "2 ",
        "img": "",
        "tags": [
            [
                "Shop All Cold Packed Chocolates",
                "/browse/food/shop-all-cold-packed-chocolates/976759_1567409_7329770_1414143"
            ],
            [
                "Premium Chocolate & Truffles",
                "/browse/food/premium-chocolate-truffles/976759_1096070_1224976_2085548"
            ],
            [
                "Shop All Premium Chocolate",
                "/browse/food/shop-all-premium-chocolate/976759_5148628_4569562_2514022"
            ],
            [
                "Cold Packed Premium Chocolates",
                "/browse/food/cold-packed-premium-chocolates/976759_1567409_7329770_3301660"
            ],
            [
                "Chocolate Bars",
                "/browse/food/chocolate-bars/976759_1096070_1224976_3761246"
            ],
            [
                "Premium Chocolate Bars & Bags",
                "/browse/food/premium-chocolate-bars-bags/976759_5148628_4569562_7908469"
            ],
            [
                "Premium Gifting Chocolate",
                "/browse/food/premium-gifting-chocolate/976759_5148628_4569562_8497435"
            ],
            [
                "Gluten Free Food",
                "/browse/food/gluten-free-food/976759_1567409_3170630_9019700"
            ]
        ]
    },
    {
        "title": "Swedish Fish Ff 8oz",
        "url": "https://www.walmart.com/ip/Swedish-Fish-Ff-8oz/712038845",
        "price": "$1.88",
        "stars": "4.5",
        "ratings": "10 ",
        "img": "",
        "tags": [
            [
                "Gummy Candy",
                "/browse/food/gummy-candy/976759_1096070_1224975_4246741"
            ],
            [
                "Movie Night Foods and Drinks",
                "/browse/food/movie-night-foods-drinks/976759_976787_4460428"
            ],
            [
                "Shop All Candy",
                "/browse/food/shop-all-candy/976759_1096070_1224975_6909059"
            ],
            [
                "Fat Free Food",
                "/browse/food/fat-free-food/976759_1567409_3170630_8672408"
            ],
            [
                "Easter Candy Dish",
                "/browse/food/easter-candy-dish/976759_1567409_7567150_4780634_8837958"
            ],
            [
                "New Year's Eve Party Spread",
                "/browse/food/new-years-eve-party-spread/976759_1567409_9050139"
            ],
            [
                "All Halloween Candy",
                "/browse/food/all-halloween-candy/976759_1567409_2107086_6041305_9735259"
            ],
            [
                "Easter Basket Candy",
                "/browse/food/easter-basket-candy/976759_1567409_7567150_4780634_9848063"
            ]
        ]
    }
]