[
    {
        "title": "(2 Pack) Patak's Tastes Of India Simmer Sauce, Tikka Masala Curry, 15-Ounce",
        "url": "https://www.walmart.com/ip/2-Pack-Patak-s-Tastes-Of-India-Simmer-Sauce-Tikka-Masala-Curry-15-Ounce/47229087",
        "price": "$6.36",
        "stars": "4.1",
        "ratings": "73 ",
        "img": "i5.walmartimages.com/asr/abb26bc5-9cb2-456f-b914-aadba0f7791b_1.394b266c432334d21dedf679dad0b795.jpeg?odnWidth=612&odnHeight=612&odnBg=ffffff",
        "tags": [
            [
                "Asian Sauces",
                "/browse/food/asian-sauces/976759_976786_9696846_1547628"
            ],
            [
                "Pasta Sauce",
                "/browse/food/pasta-sauce/976759_976794_2775278"
            ],
            [
                "Gluten Free Foods",
                "/browse/food/gluten-free-foods/976759_5004481_5546296"
            ],
            [
                "Asian Sauces, Condiments & Cooking Needs",
                "/browse/food/asian-sauces-condiments-cooking-needs/976759_5148628_1228025_1228102_5967969"
            ],
            [
                "Stir Fry Sauces",
                "/browse/food/stir-fry-sauces/976759_976786_9696846_2015574_6265260"
            ],
            [
                "Shop All Indian Cuisine",
                "/browse/food/shop-all-indian-cuisine/976759_5148628_1228025_7666074_8144475"
            ],
            [
                "Shop All Asian Market",
                "/browse/food/shop-all-asian-market/976759_5148628_1228025_1228102_9127385"
            ],
            [
                "Indian Sauces & Spices",
                "/browse/food/indian-sauces-spices/976759_5148628_1228025_7666074_9842606"
            ]
        ]
    },
    {
        "title": "(2 Pack) Smucker's Seedless Blackberry Jam, 18-Ounce",
        "url": "https://www.walmart.com/ip/2-Pack-Smucker-s-Seedless-Blackberry-Jam-18-Ounce/636827630",
        "price": "$6.36",
        "stars": "4.3",
        "ratings": "111 ",
        "img": "",
        "tags": [
            [
                "Jam, Jelly & Preserves",
                "/browse/food/jam-jelly-preserves/976759_976786_4439815_1007659"
            ],
            [
                "Sugar-Free Food Essentials",
                "/browse/food/sugar-free-food-essentials/976759_1567409_2168938_8870296_1639022"
            ],
            [
                "Sugar Free Food",
                "/browse/food/sugar-free-food/976759_1567409_3170630_2147513"
            ],
            [
                "Blackberry Jams",
                "/browse/food/blackberry-jams/976759_976786_4439815_4206490_3036126"
            ],
            [
                "Sugar-Free Snacks",
                "/browse/food/sugar-free-snacks/976759_976787_3455839"
            ],
            [
                "Peanut Butter and Jelly",
                "/browse/food/peanut-butter-jelly/976759_1567409_7966149_5050784"
            ],
            [
                "Raspberry Preserves",
                "/browse/food/raspberry-preserves/976759_976786_4439815_3614424_5461568"
            ],
            [
                "All Jams",
                "/browse/food/all-jams/976759_976786_4439815_4206490_5476094"
            ]
        ]
    },
    {
        "title": "(2 Pack) Skinnygirl Honey Dijon Salad Dressing, 8 Oz",
        "url": "https://www.walmart.com/ip/2-Pack-Skinnygirl-Honey-Dijon-Salad-Dressing-8-Oz/511447292",
        "price": "$3.80",
        "stars": "4.7",
        "ratings": "129 ",
        "img": "i5.walmartimages.com/asr/62abc571-152d-493a-b64e-0cb41b89a0db_1.8d3fd7aa7f5219a7784b746992a26763.jpeg?odnWidth=612&odnHeight=612&odnBg=ffffff",
        "tags": [
            [
                "Ranch Dressing",
                "/browse/food/ranch-dressing/976759_976786_5730644_1345093"
            ],
            [
                "No Sugar Foods",
                "/browse/food/no-sugar-foods/976759_5004481_1858214"
            ],
            [
                "All Fresh Packaged Salads, Dressings and Dips",
                "/browse/food/all-fresh-packaged-salads-dressings-dips/976759_1071964_976793_9538337_3695434"
            ],
            [
                "Poppyseed Dressing",
                "/browse/food/poppyseed-dressing/976759_976786_5730644_4249832"
            ],
            [
                "Specialty Dressing",
                "/browse/food/specialty-dressing/976759_976786_5730644_4547303"
            ],
            [
                "Low Calorie Foods",
                "/browse/food/low-calorie-foods/976759_5004481_6036545"
            ],
            [
                "Dressings & Marinades",
                "/browse/food/dressings-marinades/976759_976786_9696846_3225715_9994967"
            ]
        ]
    },
    {
        "title": "Siete Dairy Free Cashew Queso, Mild Nacho, 10.8oz Jar",
        "url": "https://www.walmart.com/ip/Siete-Dairy-Free-Cashew-Queso-Mild-Nacho-10-8oz-Jar/323426522",
        "price": "$78.50",
        "stars": "4.9",
        "ratings": "15 ",
        "img": "",
        "tags": []
    },
    {
        "title": "SunButter Natural Sunflower Butter, Gluten & Peanut Free, 16 oz",
        "url": "https://www.walmart.com/ip/SunButter-Natural-Sunflower-Butter-Gluten-Peanut-Free-16-oz/10423163",
        "price": "$5.34",
        "stars": "4.8",
        "ratings": "101 ",
        "img": "",
        "tags": [
            [
                "Peanut Butter and Jelly",
                "/browse/food/peanut-butter-jelly/976759_1567409_7966149_5050784"
            ],
            [
                "Nut Free Foods",
                "/browse/food/nut-free-foods/976759_5004481_5679034"
            ],
            [
                "All Peanut Butter",
                "/browse/food/all-peanut-butter/976759_976786_1018820_6347787_6749456"
            ],
            [
                "Maranatha Almond Butter",
                "/browse/food/maranatha-almond-butter/976759_976786_1018820_7052745_8541090"
            ],
            [
                "Shop All Plant Based Foods",
                "/browse/food/shop-all-plant-based-foods/976759_5148628_4583057_2468673_8701847"
            ],
            [
                "All Almond Butters",
                "/browse/food/all-almond-butters/976759_976786_1018820_7052745_8848988"
            ],
            [
                "Kosher Foods",
                "/browse/kosher-foods/976759_8925069"
            ]
        ]
    },
    {
        "title": "(2 Pack) McCormick Sea Salt Grinder, 2.12 oz. Bottle",
        "url": "https://www.walmart.com/ip/2-Pack-McCormick-Sea-Salt-Grinder-2-12-oz-Bottle/47226921",
        "price": "$4.08",
        "stars": "4.7",
        "ratings": "90 ",
        "img": "i5.walmartimages.com/asr/90a0ba28-15c4-4618-842c-25d063a7148a_1.3908b29262bb48636474ddaafe848328.jpeg?odnWidth=612&odnHeight=612&odnBg=ffffff",
        "tags": [
            [
                "Peppercorns",
                "/browse/food/peppercorns/976759_976786_1007682_5307367_1884774"
            ],
            [
                "All Pepper & Peppercorns",
                "/browse/food/all-pepper-peppercorns/976759_976786_1007682_5307367_2161042"
            ],
            [
                "All Mixed Spices & Seasonings",
                "/browse/food/all-mixed-spices-seasonings/976759_976786_1007682_4019297_4279992"
            ],
            [
                "All Salts & Salt Substitutes",
                "/browse/food/all-salts-salt-substitutes/976759_976786_1007682_7559954_4427396"
            ],
            [
                "Himalayan Pink Salt",
                "/browse/food/himalayan-pink-salt/976759_976786_1007682_7559954_4978870"
            ],
            [
                "Pepper",
                "/browse/food/pepper/976759_976786_1007682_5307367_6067079"
            ],
            [
                "All Single Herbs & Spices",
                "/browse/food/all-single-herbs-spices/976759_976786_1007682_2008977_6345512"
            ],
            [
                "All Salt, Spices & Seasoning",
                "/browse/food/all-salt-spices-seasoning/976759_976786_8191625"
            ]
        ]
    },
    {
        "title": "G Hughes Smokehouse BBQ Sauce, Original, 18 oz",
        "url": "https://www.walmart.com/ip/G-Hughes-Smokehouse-BBQ-Sauce-Original-18-oz/438208347",
        "price": "$3.26",
        "stars": "4.6",
        "ratings": "38 ",
        "img": "i5.walmartimages.com/asr/8517d70f-684d-436a-abe2-e65a6cea1142_3.3ddf2618a18cd53b9cd2bf4de166cd1a.jpeg?odnWidth=612&odnHeight=612&odnBg=ffffff",
        "tags": [
            [
                "Condiments & Salad Dressing",
                "/browse/food/condiments-salad-dressing/976759_4143264_2535686_3978835_2015786"
            ],
            [
                "Father's Day Food Gifts",
                "/browse/food/fathers-day-food-gifts/976759_1567409_2314034"
            ],
            [
                "Sugar-Free Snacks",
                "/browse/food/sugar-free-snacks/976759_976787_3455839"
            ],
            [
                "Game Time Condiments",
                "/browse/food/game-time-condiments/976759_1567409_3282877_2930489_4160797"
            ],
            [
                "Gluten Free Foods",
                "/browse/food/gluten-free-foods/976759_5004481_5546296"
            ],
            [
                "All Gametime Food",
                "/browse/food/all-gametime-food/976759_1567409_3282877_6093905"
            ],
            [
                "Shop All BBQ Sauces",
                "/browse/food/shop-all-bbq-sauces/976759_976786_9696846_9999057_6757439"
            ],
            [
                "Summer Grilling Condiments",
                "/browse/food/summer-grilling-condiments/976759_1567409_8808777_7265121"
            ]
        ]
    },
    {
        "title": "(4 Pack) Mario Black Olives, Sliced, 3.8 Oz",
        "url": "https://www.walmart.com/ip/4-Pack-Mario-Black-Olives-Sliced-3-8-Oz/47231568",
        "price": "$5.98",
        "stars": "3.7",
        "ratings": "10 ",
        "img": "i5.walmartimages.com/asr/47256ea6-dff2-433b-afab-bde435e7227a_1.b2085770539d4db5abd2a9483be98541.jpeg?odnWidth=612&odnHeight=612&odnBg=ffffff",
        "tags": [
            [
                "Shop All Olives",
                "/browse/food/shop-all-olives/976759_976786_6379931_1044186"
            ],
            [
                "Gluten-Free Foods",
                "/browse/food/gluten-free-foods/976759_1228023_1228016"
            ],
            [
                "Snacking Olives",
                "/browse/food/snacking-olives/976759_976786_6379931_1440603"
            ],
            [
                "No Sugar Foods",
                "/browse/food/no-sugar-foods/976759_5004481_1858214"
            ],
            [
                "Gluten Free Foods",
                "/browse/food/gluten-free-foods/976759_5004481_5546296"
            ],
            [
                "Vegan Foods",
                "/browse/food/vegan-foods/976759_5004481_6794259"
            ],
            [
                "Manzanilla Olives",
                "/browse/food/manzanilla-olives/976759_976786_6379931_6882150"
            ],
            [
                "Stuffed Olives",
                "/browse/food/stuffed-olives/976759_976786_6379931_7415069"
            ]
        ]
    },
    {
        "title": "Great Value Balsamic Vinegar of Modena, 8.45 fl",
        "url": "https://www.walmart.com/ip/Great-Value-Balsamic-Vinegar-of-Modena-8-45-fl/128822499",
        "price": "$2.14",
        "stars": "4.2",
        "ratings": "18 ",
        "img": "i5.walmartimages.com/asr/790478ac-b758-4fef-8bc4-f58c8a8af73b_1.29969f7569b7324d6865ecb09bd4267d.jpeg?odnWidth=612&odnHeight=612&odnBg=ffffff",
        "tags": [
            [
                "Vinegar",
                "/browse/food/vinegar/976759_976786_1001366"
            ],
            [
                "Shop All Vinegar",
                "/browse/food/shop-all-vinegar/976759_976786_3896160_2520364"
            ],
            [
                "Better For You Food Essentials",
                "/browse/food/better-for-you-food-essentials/976759_1567409_2168938_8870296_3239058"
            ],
            [
                "Organic Food Essentials",
                "/browse/food/organic-food-essentials/976759_1567409_2168938_8870296_3706415"
            ],
            [
                "Balsamic Vinegar",
                "/browse/food/balsamic-vinegar/976759_976786_3896160_3966324"
            ],
            [
                "All Healthy Essentials",
                "/browse/food/all-healthy-essentials/976759_1567409_2168938_8870296_5484923"
            ],
            [
                "Plant Based Baking Needs",
                "/browse/food/plant-based-baking-needs/976759_5148628_4583057_2468673_6805759"
            ],
            [
                "Kosher Foods",
                "/browse/kosher-foods/976759_8925069"
            ]
        ]
    },
    {
        "title": "(2 pack) Great Value Organic Ground Coriander, 1.5 oz",
        "url": "https://www.walmart.com/ip/2-pack-Great-Value-Organic-Ground-Coriander-1-5-oz/180328314",
        "price": "$2.34",
        "stars": "4.6",
        "ratings": "39 ",
        "img": "",
        "tags": [
            [
                "Organic Foods",
                "/browse/food/organic-foods/976759_1228024_1228017"
            ],
            [
                "All Pepper & Peppercorns",
                "/browse/food/all-pepper-peppercorns/976759_976786_1007682_5307367_2161042"
            ],
            [
                "Organic Food Essentials",
                "/browse/food/organic-food-essentials/976759_1567409_2168938_8870296_3706415"
            ],
            [
                "All Mixed Spices & Seasonings",
                "/browse/food/all-mixed-spices-seasonings/976759_976786_1007682_4019297_4279992"
            ],
            [
                "Pepper",
                "/browse/food/pepper/976759_976786_1007682_5307367_6067079"
            ],
            [
                "All Single Herbs & Spices",
                "/browse/food/all-single-herbs-spices/976759_976786_1007682_2008977_6345512"
            ],
            [
                "All Salt, Spices & Seasoning",
                "/browse/food/all-salt-spices-seasoning/976759_976786_8191625"
            ],
            [
                "Chili Powder",
                "/browse/food/chili-powder/976759_976786_1007682_2008977_9937359"
            ]
        ]
    }
]