[
    {
        "title": "Kellogg's Special K, Protein Meal Bars, Strawberry, 6 Ct, 9.5 Oz",
        "url": "https://www.walmart.com/ip/Kellogg-s-Special-K-Protein-Meal-Bars-Strawberry-6-Ct-9-5-Oz/10789559",
        "price": "$5.58",
        "stars": "4.5",
        "ratings": "83 ",
        "img": "i5.walmartimages.com/asr/d51462d3-1080-4d40-8756-998e082fba0c.942c603d3213b040aad9f6b5a1ac998d.jpeg?odnWidth=612&odnHeight=612&odnBg=ffffff",
        "tags": [
            [
                "Eat High Protein Diet",
                "/browse/health/eat-high-protein-diet/976760_7207516_3867899_2349917_1339165"
            ],
            [
                "Protein Shakes, Bars & Energy Drinks",
                "/browse/health/protein-shakes-bars-energy-drinks/976760_9035881_9006282_2339462"
            ],
            [
                "Special K Protein Bars",
                "/browse/health/special-k-protein-bars/976760_1166769_3153968"
            ],
            [
                "Indulgent Flavors Protein & Fitness",
                "/browse/health/indulgent-flavors-protein-fitness/976760_1166769_4709928_4249965"
            ],
            [
                "Protein On the Go",
                "/browse/health/protein-on-the-go/976760_1166769_5193040"
            ],
            [
                "Fuel Your Body",
                "/browse/health/fuel-your-body/976760_9035881_5814720"
            ],
            [
                "Add Protein to Build Muscle",
                "/browse/health/add-protein-to-build-muscle/976760_7207516_1424368_5124640_7240818"
            ],
            [
                "All Protein Supplements",
                "/browse/health/all-protein-supplements/976760_1166769_9231506"
            ]
        ]
    },
    {
        "title": "Kernel Season's Kettle Corn Popcorn Seasoning, 3 Oz.",
        "url": "https://www.walmart.com/ip/Kernel-Season-s-Kettle-Corn-Popcorn-Seasoning-3-Oz/12444630",
        "price": "$1.98",
        "stars": "4.1",
        "ratings": "80 ",
        "img": "i5.walmartimages.com/asr/d6d6aa99-9ff7-440f-8787-8985768c703a_1.de04433af47e078e169c8fa0025b8eb0.jpeg?odnWidth=612&odnHeight=612&odnBg=ffffff",
        "tags": [
            [
                "Popcorn Seasoning",
                "/browse/food/popcorn-seasoning/976759_976786_1007682_4019297_3084841"
            ],
            [
                "All Popcorn",
                "/browse/food/all-popcorn/976759_976787_1001407_3516563"
            ],
            [
                "Popcorn Kernels",
                "/browse/food/popcorn-kernels/976759_976787_1001407_4228947"
            ],
            [
                "All Mixed Spices & Seasonings",
                "/browse/food/all-mixed-spices-seasonings/976759_976786_1007682_4019297_4279992"
            ],
            [
                "Popcorn Bags",
                "/browse/food/popcorn-bags/976759_976787_1001407_6926277"
            ],
            [
                "All Salt, Spices & Seasoning",
                "/browse/food/all-salt-spices-seasoning/976759_976786_8191625"
            ],
            [
                "Caramel Corn",
                "/browse/food/caramel-corn/976759_976787_1001407_8452116"
            ]
        ]
    },
    {
        "title": "(3 Pack) Jell-O Orange Gelatin, 6 oz Box",
        "url": "https://www.walmart.com/ip/3-Pack-Jell-O-Orange-Gelatin-6-oz-Box/983166525",
        "price": "$3.37",
        "stars": "4.7",
        "ratings": "167 ",
        "img": "i5.walmartimages.com/asr/92831c3f-bf8c-4501-a108-8138699b18fe_5.17a301e39d94eb896ca9636e52703bf4.jpeg?odnWidth=612&odnHeight=612&odnBg=ffffff",
        "tags": [
            [
                "Canned Fruit",
                "/browse/food/canned-fruit/976759_976794_976785_1001342"
            ],
            [
                "Pudding & Gelatin",
                "/browse/food/pudding-gelatin/976759_976787_1001471"
            ],
            [
                "Pie Fillings",
                "/browse/food/pie-fillings/976759_976780_2881195_1044161"
            ],
            [
                "Valentine's Day Baking",
                "/browse/food/valentines-day-baking/976759_1567409_9457805_1303563"
            ],
            [
                "Sugar-Free Food Essentials",
                "/browse/food/sugar-free-food-essentials/976759_1567409_2168938_8870296_1639022"
            ],
            [
                "All Baking Mixes",
                "/browse/food/all-baking-mixes/976759_976780_1001368_2594651"
            ],
            [
                "Baking Ingredients",
                "/browse/food/baking-ingredients/976759_4143264_2535686_5948883_5994684"
            ],
            [
                "Easter Baking",
                "/browse/food/easter-baking/976759_1567409_2168938_2546479_6431277"
            ]
        ]
    },
    {
        "title": "Whisps Parmesan Cheese Crisps, 6 Count",
        "url": "https://www.walmart.com/ip/Whisps-Parmesan-Cheese-Crisps-6-Count/285478443",
        "price": "$5.98",
        "stars": "4.1",
        "ratings": "116 ",
        "img": "i5.walmartimages.com/asr/632c22d9-1fe4-4944-826b-93a89a891b5f.89d18108637a8b68fb62b3fd3ff888d6.jpeg?odnWidth=612&odnHeight=612&odnBg=ffffff",
        "tags": [
            [
                "All Grab and Go Sandwiches, Salads and Snack Packs",
                "/browse/food/all-grab-go-sandwiches-salads-snack-packs/976759_1071964_976789_1291950_1584059"
            ],
            [
                "Trail Mixes and Healthy Snacks",
                "/browse/food/trail-mixes-healthy-snacks/976759_1071964_976793_6682547_2536517"
            ],
            [
                "Gluten Free Snacks, Cookies & Chips",
                "/browse/food/gluten-free-snacks-cookies-chips/976759_1228023_5141486"
            ],
            [
                "Weight Management Bars",
                "/browse/food/weight-management-bars/976759_1567409_3170630_6275898"
            ],
            [
                "Gluten Free Snacks",
                "/browse/food/gluten-free-snacks/976759_5148628_4583057_1250486_6502251"
            ],
            [
                "On-The-Go Snacks",
                "/browse/food/on-the-go-snacks/976759_1567409_3170630_7552474"
            ],
            [
                "Gluten Free Crackers",
                "/browse/food/gluten-free-crackers/976759_976787_1001392_8926169"
            ],
            [
                "On-the-go Crackers",
                "/browse/food/on-the-go-crackers/976759_976787_1001392_9056086"
            ]
        ]
    },
    {
        "title": "Lance Sandwich Crackers, Gluten Free Peanut Butter Bite Sized, 5 Oz Box",
        "url": "https://www.walmart.com/ip/Lance-Sandwich-Crackers-Gluten-Free-Peanut-Butter-Bite-Sized-5-Oz-Box/46524228",
        "price": "$3.72",
        "stars": "4.8",
        "ratings": "92 ",
        "img": "",
        "tags": [
            [
                "Gluten Free Pretzels",
                "/browse/food/gluten-free-pretzels/976759_976787_1044156_2853390"
            ],
            [
                "All Pretzels",
                "/browse/food/all-pretzels/976759_976787_1044156_4377769"
            ],
            [
                "Gluten Free Snacks, Cookies & Chips",
                "/browse/food/gluten-free-snacks-cookies-chips/976759_1228023_5141486"
            ],
            [
                "Gluten Free Snacks",
                "/browse/food/gluten-free-snacks/976759_5148628_4583057_1250486_6502251"
            ],
            [
                "Gluten Free Crackers",
                "/browse/food/gluten-free-crackers/976759_976787_1001392_8926169"
            ],
            [
                "Gluten Free Food",
                "/browse/food/gluten-free-food/976759_1567409_3170630_9019700"
            ],
            [
                "On-the-go Crackers",
                "/browse/food/on-the-go-crackers/976759_976787_1001392_9056086"
            ],
            [
                "Snack Crackers",
                "/browse/food/snack-crackers/976759_976787_1001392_9358664"
            ]
        ]
    },
    {
        "title": "Power-Up 14oz Protein Packed Trail Mix, Gluten Free, Vegan, and Non GMO",
        "url": "https://www.walmart.com/ip/Power-Up-14oz-Protein-Packed-Trail-Mix-Gluten-Free-Vegan-and-Non-GMO/111882536",
        "price": "$4.98",
        "stars": "4.6",
        "ratings": "64 ",
        "img": "",
        "tags": [
            [
                "Trail Mixes and Healthy Snacks",
                "/browse/food/trail-mixes-healthy-snacks/976759_1071964_976793_6682547_2536517"
            ],
            [
                "All Nuts, Trail Mix,& Seeds",
                "/browse/food/all-nuts-trail-mix-seeds/976759_976787_1001406_2615672"
            ],
            [
                "Nuts",
                "/browse/food/nuts/976759_976787_1001406_3488004"
            ],
            [
                "All Nuts, Dried Fruits and Healthy Snacks",
                "/browse/food/all-nuts-dried-fruits-healthy-snacks/976759_1071964_976793_6682547_7101504"
            ],
            [
                "Trail Mix",
                "/browse/food/trail-mix/976759_976787_1001406_7771097"
            ],
            [
                "New Year New You",
                "/browse/food/new-year-new-you/976759_1567409_3170630_9741688"
            ]
        ]
    },
    {
        "title": "CHIPS AHOY! Peanut Butter Cup Chocolate Cookies, Family Size, 14.25 oz",
        "url": "https://www.walmart.com/ip/CHIPS-AHOY-Peanut-Butter-Cup-Chocolate-Cookies-Family-Size-14-25-oz/442791037",
        "price": "$3.00",
        "stars": "4.0",
        "ratings": "62 ",
        "img": "i5.walmartimages.com/asr/4ca7b142-2369-4f8d-9164-8dd8cfd5f8ab.1fcac6b72333a6fbc460cb87d0e33b91.jpeg?odnWidth=612&odnHeight=612&odnBg=ffffff",
        "tags": [
            [
                "All Cookies",
                "/browse/food/all-cookies/976759_976787_1001391_1592885"
            ],
            [
                "All Chocolate Chip Cookies",
                "/browse/food/all-chocolate-chip-cookies/976759_976787_1001391_1545456_2687699"
            ],
            [
                "Chocolate Cookies",
                "/browse/food/chocolate-cookies/976759_976787_1001391_4007138"
            ],
            [
                "Chips Ahoy",
                "/browse/food/chips-ahoy/976759_976787_1001391_4844674"
            ],
            [
                "All Oreos",
                "/browse/food/all-oreos/976759_976787_1001391_1367771_5222662"
            ],
            [
                "Butter Cookies",
                "/browse/food/butter-cookies/976759_976787_1001391_7803640"
            ]
        ]
    },
    {
        "title": "Dole Fruit Bowls Apples & Creme Parfait, 4.3 Oz Fruit Parfait, 4 Cups",
        "url": "https://www.walmart.com/ip/Dole-Fruit-Bowls-Apples-Creme-Parfait-4-3-Oz-Fruit-Parfait-4-Cups/10304399",
        "price": "$1.98",
        "stars": "4.5",
        "ratings": "88 ",
        "img": "i5.walmartimages.com/asr/4b56a844-ac97-4c13-8569-7a784a2ece9d_1.c75eda278b63238fc850ad0509d12d6a.png?odnWidth=612&odnHeight=612&odnBg=ffffff",
        "tags": [
            [
                "Canned Fruit",
                "/browse/food/canned-fruit/976759_976794_976785_1001342"
            ],
            [
                "Applesauce",
                "/browse/food/applesauce/976759_976794_976785_1001388"
            ],
            [
                "Pie Fillings",
                "/browse/food/pie-fillings/976759_976780_2881195_1044161"
            ],
            [
                "Canned Pineapple",
                "/browse/food/canned-pineapple/976759_976794_976785_3637240"
            ],
            [
                "Dole Fruit Cups",
                "/browse/food/dole-fruit-cups/976759_976794_976785_5006407"
            ],
            [
                "Dole Pineapple",
                "/browse/food/dole-pineapple/976759_976794_976785_7299548"
            ],
            [
                "Non GMO Food",
                "/browse/food/non-gmo-food/976759_5004481_8102928"
            ],
            [
                "Canned Peaches",
                "/browse/food/canned-peaches/976759_976794_976785_8566750"
            ]
        ]
    },
    {
        "title": "CLIF Bar Energy Bars, Cool Mint Chocolate, 9g Protein Bar, 6 Ct, 2.4 oz (Packaging May Vary)",
        "url": "https://www.walmart.com/ip/CLIF-Bar-Energy-Bars-Cool-Mint-Chocolate-9g-Protein-Bar-6-Ct-2-4-oz-Packaging-May-Vary/48804248",
        "price": "$5.78",
        "stars": "4.9",
        "ratings": "14 ",
        "img": "i5.walmartimages.com/asr/0e295578-1e3e-4975-97cd-e3d4243a8da2.e5c3c05f05e8a3f1e5f7c4ba71476586.jpeg?odnWidth=612&odnHeight=612&odnBg=ffffff",
        "tags": [
            [
                "Organic Foods",
                "/browse/food/organic-foods/976759_1228024_1228017"
            ],
            [
                "Energy Boosting Breakfast",
                "/browse/food/energy-boosting-breakfast/976759_976783_4066706"
            ],
            [
                "On-The-Go Bars",
                "/browse/food/on-the-go-bars/976759_1567409_3170630_4801990"
            ],
            [
                "Granola Bars",
                "/browse/food/granola-bars/976759_976787_1044154_5006109"
            ],
            [
                "Weight Management Bars",
                "/browse/food/weight-management-bars/976759_1567409_3170630_6275898"
            ],
            [
                "Indulgent Breakfast",
                "/browse/food/indulgent-breakfast/976759_976783_7148587"
            ],
            [
                "Home Workout Snacks and Beverages",
                "/browse/food/home-workout-snacks-beverages/976759_1567409_7702434"
            ],
            [
                "Non GMO Food",
                "/browse/food/non-gmo-food/976759_5004481_8102928"
            ]
        ]
    },
    {
        "title": "Lu Petit Ecolier European Milk Chocolate Biscuit Cookies, 5.3 oz",
        "url": "https://www.walmart.com/ip/Lu-Petit-Ecolier-European-Milk-Chocolate-Biscuit-Cookies-5-3-oz/15724189",
        "price": "$3.28",
        "stars": "4.3",
        "ratings": "70 ",
        "img": "i5.walmartimages.com/asr/b4a11fb5-8090-4cf1-b6a9-f5d590e874cb_1.3d1c2571914945fa206e717ef1442be9.jpeg?odnWidth=612&odnHeight=612&odnBg=ffffff",
        "tags": [
            [
                "All Cookies",
                "/browse/food/all-cookies/976759_976787_1001391_1592885"
            ],
            [
                "Belvita",
                "/browse/food/belvita/976759_976787_1001391_9704038_1828083"
            ],
            [
                "All Biscuits",
                "/browse/food/all-biscuits/976759_976787_1001391_9704038_2762063"
            ],
            [
                "Chocolate Cookies",
                "/browse/food/chocolate-cookies/976759_976787_1001391_4007138"
            ],
            [
                "All Pepperidge Farm Cookies",
                "/browse/food/all-pepperidge-farm-cookies/976759_976787_1001391_2410932_5022397"
            ],
            [
                "belVita",
                "/browse/food/belvita/976759_976783_7381533"
            ],
            [
                "Butter Cookies",
                "/browse/food/butter-cookies/976759_976787_1001391_7803640"
            ],
            [
                "Summer Grilling Snacks",
                "/browse/food/summer-grilling-snacks/976759_1567409_8808777_8991223"
            ]
        ]
    }
]