[
    {
        "title": "(8 Pack) Pasta Roni Garlic & Olive Oil Vermicelli, 4.6 oz. Box",
        "url": "https://www.walmart.com/ip/8-Pack-Pasta-Roni-Garlic-Olive-Oil-Vermicelli-4-6-oz-Box/47233315",
        "price": "$7.30",
        "stars": "4.7",
        "ratings": "68 ",
        "img": "i5.walmartimages.com/asr/89c1fdeb-5f99-435d-ac0f-ed280481300e_1.0f86b780a4cb5b4bf4f7bf1a5c01dcbd.jpeg?odnWidth=612&odnHeight=612&odnBg=ffffff",
        "tags": [
            [
                "Canned Ready to Eat Meals",
                "/browse/food/canned-ready-to-eat-meals/976759_976794_976785_1001348"
            ],
            [
                "Boxed Meals",
                "/browse/food/boxed-meals/976759_976794_6223225_1001477"
            ],
            [
                "Pasta & Noodles",
                "/browse/food/pasta-noodles/976759_976794_1007519"
            ],
            [
                "All Meals and Sides",
                "/browse/food/all-meals-sides/976759_1071964_976789_2133672_1535108"
            ],
            [
                "Knorr",
                "/browse/knorr/976759_2626199"
            ],
            [
                "Uncle Ben's",
                "/browse/food/uncle-bens/976759_976794_1001474_4782543"
            ],
            [
                "Kid's Lunches",
                "/browse/food/kids-lunches/976759_1567409_7966149_7561098"
            ]
        ]
    },
    {
        "title": "Frito-Lay Originals Mix Variety Pack, 18 Count",
        "url": "https://www.walmart.com/ip/Frito-Lay-Originals-Mix-Variety-Pack-18-Count/618381411",
        "price": "$6.98",
        "stars": "4.8",
        "ratings": "36 ",
        "img": "i5.walmartimages.com/asr/41618e8e-7870-4bda-baa9-bb85c1730097_1.0896cf9639aab9adb14819ecaefa3f21.jpeg?odnWidth=612&odnHeight=612&odnBg=ffffff",
        "tags": [
            [
                "All Grab and Go Sandwiches, Salads and Snack Packs",
                "/browse/food/all-grab-go-sandwiches-salads-snack-packs/976759_1071964_976789_1291950_1584059"
            ],
            [
                "Salty Snacks Stock-Up",
                "/browse/food/salty-snacks-stock-up/976759_976787_1001390_6288637_2319411"
            ],
            [
                "All Chips",
                "/browse/food/all-chips/976759_976787_1001390_2774520"
            ],
            [
                "All Snack Mixes",
                "/browse/food/all-snack-mixes/976759_976787_2452884_4052501"
            ],
            [
                "Study Snacks",
                "/browse/food/study-snacks/976759_1567409_3591080_6794842"
            ],
            [
                "Lunchbox Favorites",
                "/browse/food/lunchbox-favorites/976759_976787_7186343"
            ],
            [
                "On-the-go Crackers",
                "/browse/food/on-the-go-crackers/976759_976787_1001392_9056086"
            ]
        ]
    },
    {
        "title": "Jell-O Sugar Free Strawberry Instant Gelatin Mix, 0.3 oz Box",
        "url": "https://www.walmart.com/ip/Jell-O-Sugar-Free-Strawberry-Instant-Gelatin-Mix-0-3-oz-Box/13812786",
        "price": "$0.98",
        "stars": "4.7",
        "ratings": "53 ",
        "img": "i5.walmartimages.com/asr/951eb3ed-ae98-41f1-9a47-0d290b530cfe.93e89e1d7b98269fcdac65ac167b59ba.jpeg?odnWidth=612&odnHeight=612&odnBg=ffffff",
        "tags": [
            [
                "Pudding & Gelatin",
                "/browse/food/pudding-gelatin/976759_976787_1001471"
            ],
            [
                "Sugar-Free Food Essentials",
                "/browse/food/sugar-free-food-essentials/976759_1567409_2168938_8870296_1639022"
            ],
            [
                "All Fresh Fruit",
                "/browse/food/all-fresh-fruit/976759_1071964_976793_9756351_1759962"
            ],
            [
                "Sugar Free Food",
                "/browse/food/sugar-free-food/976759_1567409_3170630_2147513"
            ],
            [
                "Bananas",
                "/browse/food/bananas/976759_1071964_976793_9756351_2787146"
            ],
            [
                "Sugar-Free Snacks",
                "/browse/food/sugar-free-snacks/976759_976787_3455839"
            ],
            [
                "Baking Ingredients",
                "/browse/food/baking-ingredients/976759_4143264_2535686_5948883_5994684"
            ],
            [
                "Easter Baking",
                "/browse/food/easter-baking/976759_1567409_2168938_2546479_6431277"
            ]
        ]
    },
    {
        "title": "Hidden Valley Original Ranch Salad Dressing To Go Cups - 1.5 Ounces Each - 8 Count",
        "url": "https://www.walmart.com/ip/Hidden-Valley-Original-Ranch-Salad-Dressing-To-Go-Cups-1-5-Ounces-Each-8-Count/26853651",
        "price": "$4.16",
        "stars": "4.9",
        "ratings": "9879 ",
        "img": "",
        "tags": [
            [
                "Shop All Salad Dressings",
                "/browse/food/shop-all-salad-dressings/976759_976786_5730644_1001365"
            ],
            [
                "Ranch Dressing",
                "/browse/food/ranch-dressing/976759_976786_5730644_1345093"
            ],
            [
                "All Fresh Packaged Salads, Dressings and Dips",
                "/browse/food/all-fresh-packaged-salads-dressings-dips/976759_1071964_976793_9538337_3695434"
            ],
            [
                "Hidden Valley Ranch",
                "/browse/food/hidden-valley-ranch/976759_976786_5730644_3791260"
            ],
            [
                "Paleo Food Essentials",
                "/browse/food/paleo-food-essentials/976759_1567409_2168938_8870296_5023285"
            ],
            [
                "Keto Food Essentials",
                "/browse/food/keto-food-essentials/976759_1567409_2168938_8870296_8175229"
            ],
            [
                "Gluten-Free Food Staples",
                "/browse/food/gluten-free-food-staples/976759_1567409_2168938_8870296_8339296"
            ]
        ]
    },
    {
        "title": "Betty Crocker Cheddar and Bacon Potatoes, 5.1 oz Box",
        "url": "https://www.walmart.com/ip/Betty-Crocker-Cheddar-and-Bacon-Potatoes-5-1-oz-Box/10813977",
        "price": "$1.24",
        "stars": "4.5",
        "ratings": "8 ",
        "img": "i5.walmartimages.com/asr/cf3f39f2-b84d-42dc-8cfc-c0b6615312dc_1.7021a2edc99f74e82dcfc3bc56451604.jpeg?odnWidth=612&odnHeight=612&odnBg=ffffff",
        "tags": [
            [
                "Canned Ready to Eat Meals",
                "/browse/food/canned-ready-to-eat-meals/976759_976794_976785_1001348"
            ],
            [
                "All Meals and Sides",
                "/browse/food/all-meals-sides/976759_1071964_976789_2133672_1535108"
            ],
            [
                "Macaroni and Cheese",
                "/browse/food/macaroni-cheese/976759_976794_6223225_2271648"
            ],
            [
                "Knorr",
                "/browse/knorr/976759_2626199"
            ],
            [
                "Gluten Free Foods",
                "/browse/food/gluten-free-foods/976759_5004481_5546296"
            ],
            [
                "Kid's Lunches",
                "/browse/food/kids-lunches/976759_1567409_7966149_7561098"
            ],
            [
                "Gluten-Free Food Staples",
                "/browse/food/gluten-free-food-staples/976759_1567409_2168938_8870296_8339296"
            ],
            [
                "Easy Kid's Dinners",
                "/browse/food/easy-kids-dinners/976759_1567409_7966149_9873756"
            ]
        ]
    },
    {
        "title": "(4 pack) Campbell's Chicken Noodle Soup Microwavable Bowl, 15.4 oz.",
        "url": "https://www.walmart.com/ip/4-pack-Campbell-s-Chicken-Noodle-Soup-Microwavable-Bowl-15-4-oz/601877369",
        "price": "$6.72",
        "stars": "4.7",
        "ratings": "52 ",
        "img": "",
        "tags": [
            [
                "Boxed Meals",
                "/browse/food/boxed-meals/976759_976794_6223225_1001477"
            ],
            [
                "Soup Mixes",
                "/browse/food/soup-mixes/976759_976794_3901881_1525502"
            ],
            [
                "All Meals and Sides",
                "/browse/food/all-meals-sides/976759_1071964_976789_2133672_1535108"
            ],
            [
                "Canned Tomatoes",
                "/browse/food/canned-tomatoes/976759_976794_976785_2009430"
            ],
            [
                "Cold Weather Foods",
                "/browse/food/cold-weather-foods/976759_1567409_6592518_4011823"
            ],
            [
                "Campbell's Condensed Soup",
                "/browse/campbells-condensed-soup/976759_4080283"
            ],
            [
                "Meals Restock",
                "/browse/food/meals-restock/976759_1567409_2168938_1811730_6806516"
            ],
            [
                "Condensed Soup",
                "/browse/food/condensed-soup/976759_976794_3901881_9352840"
            ]
        ]
    },
    {
        "title": "Blue Diamond Bold Wasabi & Soy Sauce Almonds, 6 oz",
        "url": "https://www.walmart.com/ip/Blue-Diamond-Bold-Wasabi-Soy-Sauce-Almonds-6-oz/10307513",
        "price": "$2.96",
        "stars": "4.8",
        "ratings": "85 ",
        "img": "i5.walmartimages.com/asr/376e22fd-4c88-4867-a035-332a1cf12dc4_1.33c5d1918d1c86667993e9ff36bfa7e9.jpeg?odnWidth=612&odnHeight=612&odnBg=ffffff",
        "tags": [
            [
                "All Nuts, Trail Mix,& Seeds",
                "/browse/food/all-nuts-trail-mix-seeds/976759_976787_1001406_2615672"
            ],
            [
                "Nuts",
                "/browse/food/nuts/976759_976787_1001406_3488004"
            ],
            [
                "Planters Cashews",
                "/browse/food/planters-cashews/976759_976787_1001406_8305691_4118325"
            ],
            [
                "Plant-Based Milk",
                "/browse/food/plant-based-milk/976759_976782_8649877_4681354"
            ],
            [
                "All Almonds",
                "/browse/food/all-almonds/976759_976787_1001406_3474924_6070199"
            ],
            [
                "All Nuts, Dried Fruits and Healthy Snacks",
                "/browse/food/all-nuts-dried-fruits-healthy-snacks/976759_1071964_976793_6682547_7101504"
            ],
            [
                "Mixed Nuts",
                "/browse/food/mixed-nuts/976759_976787_1001406_9012417"
            ]
        ]
    },
    {
        "title": "Great Value Cinnamon Roasted Almonds, 14 oz",
        "url": "https://www.walmart.com/ip/Great-Value-Cinnamon-Roasted-Almonds-14-oz/50128105",
        "price": "$4.97",
        "stars": "4.7",
        "ratings": "182 ",
        "img": "i5.walmartimages.com/asr/95429e7f-9a59-4fdc-b01b-886aaae51050_1.e23b2410fd6dd43c07ed408df4683213.jpeg?odnWidth=612&odnHeight=612&odnBg=ffffff",
        "tags": [
            [
                "All Nuts, Trail Mix,& Seeds",
                "/browse/food/all-nuts-trail-mix-seeds/976759_976787_1001406_2615672"
            ],
            [
                "On the Go Snacks",
                "/browse/food/on-the-go-snacks/976759_976787_3253105"
            ],
            [
                "Planters Cashews",
                "/browse/food/planters-cashews/976759_976787_1001406_8305691_4118325"
            ],
            [
                "All Almonds",
                "/browse/food/all-almonds/976759_976787_1001406_3474924_6070199"
            ],
            [
                "All Nuts, Dried Fruits and Healthy Snacks",
                "/browse/food/all-nuts-dried-fruits-healthy-snacks/976759_1071964_976793_6682547_7101504"
            ],
            [
                "Roasted Almonds",
                "/browse/food/roasted-almonds/976759_976787_1001406_3474924_8901627"
            ]
        ]
    },
    {
        "title": "Planters Mixed Nuts, 10.3 oz Canister",
        "url": "https://www.walmart.com/ip/Planters-Mixed-Nuts-10-3-oz-Canister/20435164",
        "price": "$4.38",
        "stars": "4.5",
        "ratings": "373 ",
        "img": "i5.walmartimages.com/asr/52f366aa-d9a4-4111-9cc4-e609572a0806.b1396643b7e5db005e1650d6d05946d3.jpeg?odnWidth=612&odnHeight=612&odnBg=ffffff",
        "tags": [
            [
                "Trail Mixes and Healthy Snacks",
                "/browse/food/trail-mixes-healthy-snacks/976759_1071964_976793_6682547_2536517"
            ],
            [
                "All Nuts, Trail Mix,& Seeds",
                "/browse/food/all-nuts-trail-mix-seeds/976759_976787_1001406_2615672"
            ],
            [
                "On the Go Snacks",
                "/browse/food/on-the-go-snacks/976759_976787_3253105"
            ],
            [
                "Nuts",
                "/browse/food/nuts/976759_976787_1001406_3488004"
            ],
            [
                "All Nuts, Dried Fruits and Healthy Snacks",
                "/browse/food/all-nuts-dried-fruits-healthy-snacks/976759_1071964_976793_6682547_7101504"
            ],
            [
                "Trail Mix",
                "/browse/food/trail-mix/976759_976787_1001406_7771097"
            ],
            [
                "Mixed Nuts",
                "/browse/food/mixed-nuts/976759_976787_1001406_9012417"
            ],
            [
                "Wonderful Pistachios",
                "/browse/food/wonderful-pistachios/976759_976787_1001406_8200836_9747515"
            ]
        ]
    },
    {
        "title": "(6 Pack) Betty Crocker Tuna Helper Tetrazzini, 7.3 oz Box",
        "url": "https://www.walmart.com/ip/6-Pack-Betty-Crocker-Tuna-Helper-Tetrazzini-7-3-oz-Box/47235255",
        "price": "$6.88",
        "stars": "4.2",
        "ratings": "69 ",
        "img": "i5.walmartimages.com/asr/c7beec80-d135-45b8-b601-d3011b7700ce_1.5c5b1dc64a03b517b94f890ebf123f2d.jpeg?odnWidth=612&odnHeight=612&odnBg=ffffff",
        "tags": [
            [
                "Canned Ready to Eat Meals",
                "/browse/food/canned-ready-to-eat-meals/976759_976794_976785_1001348"
            ],
            [
                "Party Trays",
                "/browse/food/party-trays/976759_1071964_976789_1076464"
            ],
            [
                "All Meals and Sides",
                "/browse/food/all-meals-sides/976759_1071964_976789_2133672_1535108"
            ],
            [
                "Macaroni and Cheese",
                "/browse/food/macaroni-cheese/976759_976794_6223225_2271648"
            ],
            [
                "Kid's Lunches",
                "/browse/food/kids-lunches/976759_1567409_7966149_7561098"
            ],
            [
                "General Mills Box Tops Meals",
                "/browse/food/general-mills-box-tops-meals/976759_2606229_8503205"
            ],
            [
                "Easy Kid's Dinners",
                "/browse/food/easy-kids-dinners/976759_1567409_7966149_9873756"
            ]
        ]
    }
]