[
    {
        "title": "(1500 Packets) Sweet'N Low Sweetener Packets",
        "url": "https://www.walmart.com/ip/1500-Packets-Sweet-N-Low-Sweetener-Packets/28801197",
        "price": "$13.32",
        "stars": "4.9",
        "ratings": "424 ",
        "img": "i5.walmartimages.com/asr/054d71cf-915c-40b4-873f-b372019408cf_1.5a708df0b32918f656c09afd300feff4.jpeg?odnWidth=612&odnHeight=612&odnBg=ffffff",
        "tags": [
            [
                "Sugar-Free Food Essentials",
                "/browse/food/sugar-free-food-essentials/976759_1567409_2168938_8870296_1639022"
            ],
            [
                "Better For You Food Essentials",
                "/browse/food/better-for-you-food-essentials/976759_1567409_2168938_8870296_3239058"
            ],
            [
                "Paleo Food Essentials",
                "/browse/food/paleo-food-essentials/976759_1567409_2168938_8870296_5023285"
            ],
            [
                "Low Calorie Foods",
                "/browse/food/low-calorie-foods/976759_5004481_6036545"
            ],
            [
                "Keto Food Essentials",
                "/browse/food/keto-food-essentials/976759_1567409_2168938_8870296_8175229"
            ],
            [
                "Sugar Free Sweeteners",
                "/browse/food/sugar-free-sweeteners/976759_976780_1044129_8302390"
            ],
            [
                "All Sugar and Sweeteners",
                "/browse/food/all-sugar-sweeteners/976759_976780_1044129_8478812"
            ]
        ]
    },
    {
        "title": "Weber\u00ae Garlic Parmesan Seasoning 4.3 oz. Shaker",
        "url": "https://www.walmart.com/ip/Weber-Garlic-Parmesan-Seasoning-4-3-oz-Shaker/636311861",
        "price": "$3.98",
        "stars": "4.8",
        "ratings": "10 ",
        "img": "i5.walmartimages.com/asr/0e729aef-a8ae-4544-b9c6-5f743454275a.ce39aed7856b1d6973b1fda50f64aaea.jpeg?odnWidth=612&odnHeight=612&odnBg=ffffff",
        "tags": [
            [
                "Chicken Seasoning",
                "/browse/food/chicken-seasoning/976759_976786_1007682_4019297_2775886"
            ],
            [
                "Popcorn Seasoning",
                "/browse/food/popcorn-seasoning/976759_976786_1007682_4019297_3084841"
            ],
            [
                "All Mixed Spices & Seasonings",
                "/browse/food/all-mixed-spices-seasonings/976759_976786_1007682_4019297_4279992"
            ],
            [
                "Herbs, Spices & Seasonings",
                "/browse/food/herbs-spices-seasonings/976759_4143264_2535686_3978835_6345282"
            ],
            [
                "All New Food",
                "/browse/food/all-new-food/976759_4143264_8102846"
            ],
            [
                "All Salt, Spices & Seasoning",
                "/browse/food/all-salt-spices-seasoning/976759_976786_8191625"
            ],
            [
                "Garlic Salt",
                "/browse/food/garlic-salt/976759_976786_1007682_4019297_8437998"
            ]
        ]
    },
    {
        "title": "McCormick Classic Red Food Color, 1 fl oz Liquid Dye",
        "url": "https://www.walmart.com/ip/McCormick-Classic-Red-Food-Color-1-fl-oz-Liquid-Dye/10308886",
        "price": "$2.93",
        "stars": "4.7",
        "ratings": "537 ",
        "img": "i5.walmartimages.com/asr/3fd467cc-e0bf-4dde-b97b-4f6fa5373d36.05c62b76cc40f50bda3425f73464705e.jpeg?odnWidth=612&odnHeight=612&odnBg=ffffff",
        "tags": [
            [
                "Valentine's Day Baking",
                "/browse/food/valentines-day-baking/976759_1567409_9457805_1303563"
            ],
            [
                "Easter Meal",
                "/browse/food/easter-meal/976759_1567409_7567150_3664825"
            ],
            [
                "Game Time Baking",
                "/browse/food/game-time-baking/976759_1567409_3282877_2930489_4135213"
            ],
            [
                "Baking Restock",
                "/browse/food/baking-restock/976759_1567409_2168938_1811730_4237636"
            ],
            [
                "Baking Ingredients",
                "/browse/food/baking-ingredients/976759_4143264_2535686_5948883_5994684"
            ],
            [
                "Easter Baking",
                "/browse/food/easter-baking/976759_1567409_2168938_2546479_6431277"
            ],
            [
                "McCormick Vanilla Extracts",
                "/browse/food/mccormick-vanilla-extracts/976759_976780_2881195_2771122_6767358"
            ],
            [
                "Food Coloring",
                "/browse/food/food-coloring/976759_976780_2881195_9086275"
            ]
        ]
    },
    {
        "title": "Kernel Season's Cheesy Caramel Corn Popcorn Seasoning, 2.85 Oz.",
        "url": "https://www.walmart.com/ip/Kernel-Season-s-Cheesy-Caramel-Corn-Popcorn-Seasoning-2-85-Oz/109915066",
        "price": "$1.98",
        "stars": "3.8",
        "ratings": "35 ",
        "img": "",
        "tags": [
            [
                "Popcorn Seasoning",
                "/browse/food/popcorn-seasoning/976759_976786_1007682_4019297_3084841"
            ],
            [
                "All Popcorn",
                "/browse/food/all-popcorn/976759_976787_1001407_3516563"
            ],
            [
                "All Mixed Spices & Seasonings",
                "/browse/food/all-mixed-spices-seasonings/976759_976786_1007682_4019297_4279992"
            ],
            [
                "Herbs, Spices & Seasonings",
                "/browse/food/herbs-spices-seasonings/976759_4143264_2535686_3978835_6345282"
            ],
            [
                "Popcorn Bags",
                "/browse/food/popcorn-bags/976759_976787_1001407_6926277"
            ],
            [
                "All Salt, Spices & Seasoning",
                "/browse/food/all-salt-spices-seasoning/976759_976786_8191625"
            ],
            [
                "Caramel Corn",
                "/browse/food/caramel-corn/976759_976787_1001407_8452116"
            ]
        ]
    },
    {
        "title": "Great Value Oregano Leaves, 5.5 oz",
        "url": "https://www.walmart.com/ip/Great-Value-Oregano-Leaves-5-5-oz/55428224",
        "price": "$5.48",
        "stars": "4.8",
        "ratings": "44 ",
        "img": "i5.walmartimages.com/asr/5182fa05-9650-4721-94a0-1ce07e40419e_1.08448c24e9fc48089027ed77897e93e0.jpeg?odnWidth=612&odnHeight=612&odnBg=ffffff",
        "tags": [
            [
                "All Pepper & Peppercorns",
                "/browse/food/all-pepper-peppercorns/976759_976786_1007682_5307367_2161042"
            ],
            [
                "Baking Restock",
                "/browse/food/baking-restock/976759_1567409_2168938_1811730_4237636"
            ],
            [
                "All Mixed Spices & Seasonings",
                "/browse/food/all-mixed-spices-seasonings/976759_976786_1007682_4019297_4279992"
            ],
            [
                "Pepper",
                "/browse/food/pepper/976759_976786_1007682_5307367_6067079"
            ],
            [
                "All Single Herbs & Spices",
                "/browse/food/all-single-herbs-spices/976759_976786_1007682_2008977_6345512"
            ],
            [
                "Italian Seasoning",
                "/browse/food/italian-seasoning/976759_976786_1007682_4019297_6822917"
            ],
            [
                "All Salt, Spices & Seasoning",
                "/browse/food/all-salt-spices-seasoning/976759_976786_8191625"
            ]
        ]
    },
    {
        "title": "4C Foods 4C Bread Crumbs, 46 oz",
        "url": "https://www.walmart.com/ip/4C-Foods-4C-Bread-Crumbs-46-oz/15610544",
        "price": "$3.38",
        "stars": "4.9",
        "ratings": "24 ",
        "img": "",
        "tags": [
            [
                "Condiments",
                "/browse/food/condiments/976759_976786_9696846_1001363"
            ],
            [
                "Baking Restock",
                "/browse/food/baking-restock/976759_1567409_2168938_1811730_4237636"
            ],
            [
                "Gluten Free Foods",
                "/browse/food/gluten-free-foods/976759_5004481_5546296"
            ],
            [
                "Canned Tuna",
                "/browse/food/canned-tuna/976759_976794_976785_5772565"
            ],
            [
                "Parmesan Cheese",
                "/browse/food/parmesan-cheese/976759_1071964_976788_1001468_6908287"
            ],
            [
                "Summer Grilling Condiments",
                "/browse/food/summer-grilling-condiments/976759_1567409_8808777_7265121"
            ],
            [
                "High Fiber Foods",
                "/browse/food/high-fiber-foods/976759_5004481_9339140"
            ]
        ]
    },
    {
        "title": "Great Value Organic Sage Rubbed, 0.8 oz",
        "url": "https://www.walmart.com/ip/Great-Value-Organic-Sage-Rubbed-0-8-oz/160991814",
        "price": "$3.97",
        "stars": "5.0",
        "ratings": "11 ",
        "img": "i5.walmartimages.com/asr/2cfac8c5-ff99-4787-ac66-f3b683ddf50f_1.ff51e592a5bf7b3615a81e5d3174e98f.jpeg?odnWidth=612&odnHeight=612&odnBg=ffffff",
        "tags": [
            [
                "Organic Foods",
                "/browse/food/organic-foods/976759_1228024_1228017"
            ],
            [
                "All Pepper & Peppercorns",
                "/browse/food/all-pepper-peppercorns/976759_976786_1007682_5307367_2161042"
            ],
            [
                "Chicken Seasoning",
                "/browse/food/chicken-seasoning/976759_976786_1007682_4019297_2775886"
            ],
            [
                "Organic Food Essentials",
                "/browse/food/organic-food-essentials/976759_1567409_2168938_8870296_3706415"
            ],
            [
                "All Mixed Spices & Seasonings",
                "/browse/food/all-mixed-spices-seasonings/976759_976786_1007682_4019297_4279992"
            ],
            [
                "All Single Herbs & Spices",
                "/browse/food/all-single-herbs-spices/976759_976786_1007682_2008977_6345512"
            ],
            [
                "All Salt, Spices & Seasoning",
                "/browse/food/all-salt-spices-seasoning/976759_976786_8191625"
            ]
        ]
    },
    {
        "title": "(2 Pack) Weber Steak 'N Chop Seasoning, 6 oz",
        "url": "https://www.walmart.com/ip/2-Pack-Weber-Steak-N-Chop-Seasoning-6-oz/47229172",
        "price": "$5.96",
        "stars": "4.8",
        "ratings": "35 ",
        "img": "i5.walmartimages.com/asr/1739b7cb-f247-4b1e-8871-43aca9b4bee8_1.bd7397264d892cd35565e9e05e6c2cdb.jpeg?odnWidth=612&odnHeight=612&odnBg=ffffff",
        "tags": [
            [
                "Sauces",
                "/browse/food/sauces/976759_976786_1076366"
            ],
            [
                "Chicken Seasoning",
                "/browse/food/chicken-seasoning/976759_976786_1007682_4019297_2775886"
            ],
            [
                "All Mixed Spices & Seasonings",
                "/browse/food/all-mixed-spices-seasonings/976759_976786_1007682_4019297_4279992"
            ],
            [
                "Low Calorie Foods",
                "/browse/food/low-calorie-foods/976759_5004481_6036545"
            ],
            [
                "All New Food",
                "/browse/food/all-new-food/976759_4143264_8102846"
            ],
            [
                "All Salt, Spices & Seasoning",
                "/browse/food/all-salt-spices-seasoning/976759_976786_8191625"
            ],
            [
                "Gluten-Free Food Staples",
                "/browse/food/gluten-free-food-staples/976759_1567409_2168938_8870296_8339296"
            ],
            [
                "Garlic Salt",
                "/browse/food/garlic-salt/976759_976786_1007682_4019297_8437998"
            ]
        ]
    },
    {
        "title": "Krusteaz\u00ae Protein Chocolate Chip Muffin Mix 16.22 oz. Box",
        "url": "https://www.walmart.com/ip/Krusteaz-Protein-Chocolate-Chip-Muffin-Mix-16-22-oz-Box/830476595",
        "price": "$2.96",
        "stars": "4.1",
        "ratings": "22 ",
        "img": "i5.walmartimages.com/asr/3f0084f4-e879-4d04-8801-5abc4a25623b.21cd72036be90d9607d20467d1926ccd.jpeg?odnWidth=612&odnHeight=612&odnBg=ffffff",
        "tags": [
            [
                "All Pancake & Waffle Mixes",
                "/browse/food/all-pancake-waffle-mixes/976759_976780_1001368_8790090_1702520"
            ],
            [
                "National Pancake Day",
                "/browse/food/national-pancake-day/976759_2606229_1841035"
            ],
            [
                "All Baking Mixes",
                "/browse/food/all-baking-mixes/976759_976780_1001368_2594651"
            ],
            [
                "High Protein Food Staples",
                "/browse/food/high-protein-food-staples/976759_1567409_2168938_8870296_2783192"
            ],
            [
                "Dessert Mixes",
                "/browse/food/dessert-mixes/976759_4143264_2535686_5948883_4408557"
            ],
            [
                "Pancake Mix",
                "/browse/food/pancake-mix/976759_976780_1001368_8790090_5898352"
            ],
            [
                "Krusteaz",
                "/browse/food/krusteaz/976759_976780_1001368_8790090_5963402"
            ],
            [
                "Easter Brunch",
                "/browse/food/easter-brunch/976759_1567409_7567150_6140212"
            ]
        ]
    },
    {
        "title": "Jell-O Vanilla Instant Pudding Mix, 4 ct - 13.0 oz Box",
        "url": "https://www.walmart.com/ip/Jell-O-Vanilla-Instant-Pudding-Mix-4-ct-13-0-oz-Box/911785763",
        "price": "$3.64",
        "stars": "4.7",
        "ratings": "137 ",
        "img": "i5.walmartimages.com/asr/e238ed9d-2aa0-41ba-b59a-78bc21c03c1b.a93cdb3888e1dde27b4f1cf85a49e7ed.jpeg?odnWidth=612&odnHeight=612&odnBg=ffffff",
        "tags": [
            [
                "Pudding & Gelatin",
                "/browse/food/pudding-gelatin/976759_976787_1001471"
            ],
            [
                "Pie Fillings",
                "/browse/food/pie-fillings/976759_976780_2881195_1044161"
            ],
            [
                "Valentine's Day Baking",
                "/browse/food/valentines-day-baking/976759_1567409_9457805_1303563"
            ],
            [
                "All Baking Mixes",
                "/browse/food/all-baking-mixes/976759_976780_1001368_2594651"
            ],
            [
                "Chilled Gelatins",
                "/browse/food/chilled-gelatins/976759_1071964_976788_3733198_4921976"
            ],
            [
                "Baking Ingredients",
                "/browse/food/baking-ingredients/976759_4143264_2535686_5948883_5994684"
            ],
            [
                "All Cake Mixes",
                "/browse/food/all-cake-mixes/976759_976780_1001368_8292847_8973498"
            ]
        ]
    }
]