[
    {
        "title": "(3 Pack) French's Classic Yellow Mustard, 8 oz",
        "url": "https://www.walmart.com/ip/3-Pack-French-s-Classic-Yellow-Mustard-8-oz/769373891",
        "price": "$3.94",
        "stars": "4.9",
        "ratings": "400 ",
        "img": "i5.walmartimages.com/asr/4ed2ec64-f70d-4a5c-aa9f-15211c054893_1.18704fe46785e871edd425f97319c4ae.jpeg?odnWidth=612&odnHeight=612&odnBg=ffffff",
        "tags": [
            [
                "Yellow Mustards",
                "/browse/food/yellow-mustards/976759_976786_9696846_1868509_1584034"
            ],
            [
                "Specialty Mustards",
                "/browse/food/specialty-mustards/976759_976786_9696846_1868509_1649339"
            ],
            [
                "Canned Tomatoes",
                "/browse/food/canned-tomatoes/976759_976794_976785_2009430"
            ],
            [
                "Easter Meal",
                "/browse/food/easter-meal/976759_1567409_7567150_3664825"
            ],
            [
                "Easter Condiments & Sauces",
                "/browse/food/easter-condiments-sauces/976759_1567409_2168938_2546479_3724534"
            ],
            [
                "Shop All Ketchup",
                "/browse/food/shop-all-ketchup/976759_976786_9696846_8912372_6373470"
            ],
            [
                "Summer Grilling Condiments",
                "/browse/food/summer-grilling-condiments/976759_1567409_8808777_7265121"
            ]
        ]
    },
    {
        "title": "Chef Boyardee Macaroni and Cheese, Microwavable Bowl, 7.5 Oz",
        "url": "https://www.walmart.com/ip/Chef-Boyardee-Macaroni-and-Cheese-Microwavable-Bowl-7-5-Oz/10308559",
        "price": "$0.98",
        "stars": "4.3",
        "ratings": "42 ",
        "img": "i5.walmartimages.com/asr/073eab31-b15b-4a16-88af-80071e0b0008_1.b3be5179f6a04b715319202da77031c4.jpeg?odnWidth=612&odnHeight=612&odnBg=ffffff",
        "tags": [
            [
                "Canned Ready to Eat Meals",
                "/browse/food/canned-ready-to-eat-meals/976759_976794_976785_1001348"
            ],
            [
                "Boxed Meals",
                "/browse/food/boxed-meals/976759_976794_6223225_1001477"
            ],
            [
                "All Meals and Sides",
                "/browse/food/all-meals-sides/976759_1071964_976789_2133672_1535108"
            ],
            [
                "Canned Tomatoes",
                "/browse/food/canned-tomatoes/976759_976794_976785_2009430"
            ],
            [
                "Macaroni and Cheese",
                "/browse/food/macaroni-cheese/976759_976794_6223225_2271648"
            ],
            [
                "Frozen Pasta",
                "/browse/food/frozen-pasta/976759_976791_7089533"
            ],
            [
                "Canned Pasta",
                "/browse/food/canned-pasta/976759_976794_6223225_9403505"
            ],
            [
                "Easy Kid's Dinners",
                "/browse/food/easy-kids-dinners/976759_1567409_7966149_9873756"
            ]
        ]
    },
    {
        "title": "(4 pack) Campbell's Chunky Soup, Chicken Broccoli Cheese with Potato Soup, 18.8 Ounce Can",
        "url": "https://www.walmart.com/ip/4-pack-Campbell-s-Chunky-Soup-Chicken-Broccoli-Cheese-with-Potato-Soup-18-8-Ounce-Can/127685758",
        "price": "$7.12",
        "stars": "4.3",
        "ratings": "133 ",
        "img": "",
        "tags": [
            [
                "Meat & Poultry",
                "/browse/food/meat-poultry/976759_976794_976785_1001347"
            ],
            [
                "Canned Ready to Eat Meals",
                "/browse/food/canned-ready-to-eat-meals/976759_976794_976785_1001348"
            ],
            [
                "Boxed Meals",
                "/browse/food/boxed-meals/976759_976794_6223225_1001477"
            ],
            [
                "All Meals and Sides",
                "/browse/food/all-meals-sides/976759_1071964_976789_2133672_1535108"
            ],
            [
                "Cold Weather Foods",
                "/browse/food/cold-weather-foods/976759_1567409_6592518_4011823"
            ],
            [
                "All Gametime Food",
                "/browse/food/all-gametime-food/976759_1567409_3282877_6093905"
            ],
            [
                "Game Time Meals and Sides",
                "/browse/food/game-time-meals-sides/976759_1567409_3282877_2930489_9821452"
            ],
            [
                "Easy Kid's Dinners",
                "/browse/food/easy-kids-dinners/976759_1567409_7966149_9873756"
            ]
        ]
    },
    {
        "title": "Quaker Rice Crisps, Cheddar Cheese, 6.06 oz Bag",
        "url": "https://www.walmart.com/ip/Quaker-Rice-Crisps-Cheddar-Cheese-6-06-oz-Bag/10312635",
        "price": "$2.98",
        "stars": "4.5",
        "ratings": "718 ",
        "img": "i5.walmartimages.com/asr/252f8489-22a7-4139-9c69-c809104cb2d8_1.cc1854e9de10e7bec58ccae3e3802cf3.jpeg?odnWidth=612&odnHeight=612&odnBg=ffffff",
        "tags": [
            [
                "Gluten-Free Foods",
                "/browse/food/gluten-free-foods/976759_1228023_1228016"
            ],
            [
                "All Rice Cakes",
                "/browse/food/all-rice-cakes/976759_976787_1001397_1260147"
            ],
            [
                "All Chips",
                "/browse/food/all-chips/976759_976787_1001390_2774520"
            ],
            [
                "Movie Night Foods and Drinks",
                "/browse/food/movie-night-foods-drinks/976759_976787_4460428"
            ],
            [
                "Gluten Free Snacks, Cookies & Chips",
                "/browse/food/gluten-free-snacks-cookies-chips/976759_1228023_5141486"
            ],
            [
                "Summer Grilling Snacks",
                "/browse/food/summer-grilling-snacks/976759_1567409_8808777_8991223"
            ]
        ]
    },
    {
        "title": "Propel Electrolyte Water, Berry, 16.9 oz Bottles, 12 Count",
        "url": "https://www.walmart.com/ip/Propel-Electrolyte-Water-Berry-16-9-oz-Bottles-12-Count/13448772",
        "price": "$6.38",
        "stars": "4.8",
        "ratings": "192 ",
        "img": "i5.walmartimages.com/asr/8eb7d940-4a1b-4476-9a5c-5db370689436_1.be03d5540c3fb68a720313212ea183d5.jpeg?odnWidth=612&odnHeight=612&odnBg=ffffff",
        "tags": [
            [
                "Summer Grilling Beverages",
                "/browse/food/summer-grilling-beverages/976759_1567409_8808777_2541298"
            ],
            [
                "Bottled Water",
                "/browse/food/bottled-water/976759_976782_1001659_5912172"
            ],
            [
                "Protein & Electrolytes",
                "/browse/food/protein-electrolytes/976759_976782_5795119_5913425"
            ],
            [
                "Enhanced Water",
                "/browse/food/enhanced-water/976759_976782_5795119_5961524"
            ],
            [
                "Propel",
                "/browse/food/propel/976759_976782_1001682_6540417"
            ],
            [
                "All Flavored Water",
                "/browse/food/all-flavored-water/976759_976782_1001659_5544934_8435582"
            ]
        ]
    },
    {
        "title": "Post Honey Bunches Of Oats, Granola, Honey Roasted, 11 Oz",
        "url": "https://www.walmart.com/ip/Post-Honey-Bunches-Of-Oats-Granola-Honey-Roasted-11-Oz/28198786",
        "price": "$2.73",
        "stars": "4.7",
        "ratings": "87 ",
        "img": "i5.walmartimages.com/asr/e57fc793-483c-4358-af98-7c06b525f604_1.77c27af30c586ce2190a5f6ad6ff791d.jpeg?odnWidth=612&odnHeight=612&odnBg=ffffff",
        "tags": [
            [
                "Granola & Muesli",
                "/browse/food/granola-muesli/976759_976783_1231209"
            ],
            [
                "Gluten Free Granola",
                "/browse/food/gluten-free-granola/976759_976783_1484746"
            ],
            [
                "General Mills Cereal",
                "/browse/food/general-mills-cereal/976759_976783_1231208_4498827"
            ],
            [
                "Healthy Cereal",
                "/browse/food/healthy-cereal/976759_976783_1231208_4795883"
            ],
            [
                "Gluten Free Cereal",
                "/browse/food/gluten-free-cereal/976759_976783_1231208_6180608"
            ],
            [
                "Low Sodium Foods",
                "/browse/food/low-sodium-foods/976759_5004481_6733659"
            ],
            [
                "Gluten Free Breakfast Foods",
                "/browse/food/gluten-free-breakfast-foods/976759_5148628_4583057_1250486_8949240"
            ]
        ]
    },
    {
        "title": "Lay's Potato Chips, Sour Cream & Onion Flavor, 7.75 oz Bag",
        "url": "https://www.walmart.com/ip/Lay-s-Potato-Chips-Sour-Cream-Onion-Flavor-7-75-oz-Bag/33282306",
        "price": "$2.68",
        "stars": "4.5",
        "ratings": "169 ",
        "img": "i5.walmartimages.com/asr/a20cd66e-ce10-44d6-bd20-a6b2ff3224bb_1.be37c6d788ac4cc424e9bfa2413a0824.jpeg?odnWidth=612&odnHeight=612&odnBg=ffffff",
        "tags": [
            [
                "Salty Snacks Stock-Up",
                "/browse/food/salty-snacks-stock-up/976759_976787_1001390_6288637_2319411"
            ],
            [
                "All Chips",
                "/browse/food/all-chips/976759_976787_1001390_2774520"
            ],
            [
                "Party Snacks",
                "/browse/food/party-snacks/976759_976787_1001390_6288637_2941065"
            ],
            [
                "Movie Night Foods and Drinks",
                "/browse/food/movie-night-foods-drinks/976759_976787_4460428"
            ],
            [
                "Lay's Potato Chips",
                "/browse/food/lays-potato-chips/976759_976787_1001390_4402657_5517955"
            ],
            [
                "Kid's Lunches",
                "/browse/food/kids-lunches/976759_1567409_7966149_7561098"
            ],
            [
                "Summer Grilling Snacks",
                "/browse/food/summer-grilling-snacks/976759_1567409_8808777_8991223"
            ]
        ]
    },
    {
        "title": "(2 Pack) New York Brand The Original Texas Toast Seasoned Croutons, 5 oz",
        "url": "https://www.walmart.com/ip/2-Pack-New-York-Brand-The-Original-Texas-Toast-Seasoned-Croutons-5-oz/585018410",
        "price": "$4.04",
        "stars": "4.7",
        "ratings": "76 ",
        "img": "i5.walmartimages.com/asr/96d81063-35e1-4445-b108-7b2eb92528e9_1.ada64b88be0b872035c686483ed8c61b.jpeg?odnWidth=612&odnHeight=612&odnBg=ffffff",
        "tags": [
            [
                "Shop All Salad Dressings",
                "/browse/food/shop-all-salad-dressings/976759_976786_5730644_1001365"
            ],
            [
                "Easter Meal",
                "/browse/food/easter-meal/976759_1567409_7567150_3664825"
            ],
            [
                "All Fresh Packaged Salads, Dressings and Dips",
                "/browse/food/all-fresh-packaged-salads-dressings-dips/976759_1071964_976793_9538337_3695434"
            ],
            [
                "Easter Condiments & Sauces",
                "/browse/food/easter-condiments-sauces/976759_1567409_2168938_2546479_3724534"
            ],
            [
                "Caesar Dressing",
                "/browse/food/caesar-dressing/976759_976786_5730644_3729388"
            ],
            [
                "Shop All Salad Toppings",
                "/browse/food/shop-all-salad-toppings/976759_976786_1745800_6041880"
            ],
            [
                "Bacon Bits",
                "/browse/food/bacon-bits/976759_976786_1745800_9047760"
            ]
        ]
    },
    {
        "title": "Apple Cinnamon Cheerios Cereal, Gluten Free, 20.1 oz",
        "url": "https://www.walmart.com/ip/Apple-Cinnamon-Cheerios-Cereal-Gluten-Free-20-1-oz/981084609",
        "price": "$3.64",
        "stars": "4.7",
        "ratings": "126 ",
        "img": "",
        "tags": [
            [
                "Kids' Favorites",
                "/browse/food/kids-favorites/976759_976783_2440347"
            ],
            [
                "All Cereal",
                "/browse/food/all-cereal/976759_976783_1231208_4423991"
            ],
            [
                "Healthy Cereal",
                "/browse/food/healthy-cereal/976759_976783_1231208_4795883"
            ],
            [
                "Kids' Cereal",
                "/browse/food/kids-cereal/976759_976783_1231208_5549868"
            ],
            [
                "Kellogg's Cereals",
                "/browse/food/kelloggs-cereals/976759_976783_1231208_5607655"
            ],
            [
                "Gluten Free Cereal",
                "/browse/food/gluten-free-cereal/976759_976783_1231208_6180608"
            ],
            [
                "Kid's Breakfast",
                "/browse/food/kids-breakfast/976759_1567409_7966149_6779439"
            ],
            [
                "Cheerios",
                "/browse/food/cheerios/976759_976783_1231208_8624385"
            ]
        ]
    },
    {
        "title": "(5 Pack) UNCLE BEN'S Ready Rice: Roasted Chicken, 8.8oz",
        "url": "https://www.walmart.com/ip/5-Pack-UNCLE-BEN-S-Ready-Rice-Roasted-Chicken-8-8oz/47235158",
        "price": "$8.99",
        "stars": "4.3",
        "ratings": "115 ",
        "img": "i5.walmartimages.com/asr/5d313702-c036-4b4e-876e-15a874f17bb4_1.dabf9fdfc080fb19c0d5cefe735422c2.jpeg?odnWidth=612&odnHeight=612&odnBg=ffffff",
        "tags": [
            [
                "Canned Ready to Eat Meals",
                "/browse/food/canned-ready-to-eat-meals/976759_976794_976785_1001348"
            ],
            [
                "Boxed Meals",
                "/browse/food/boxed-meals/976759_976794_6223225_1001477"
            ],
            [
                "All Meals and Sides",
                "/browse/food/all-meals-sides/976759_1071964_976789_2133672_1535108"
            ],
            [
                "Easter Meals",
                "/browse/food/easter-meals/976759_1567409_2168938_2546479_1909999"
            ],
            [
                "Knorr",
                "/browse/knorr/976759_2626199"
            ],
            [
                "Low Sodium Foods",
                "/browse/food/low-sodium-foods/976759_5004481_6733659"
            ],
            [
                "Meals Restock",
                "/browse/food/meals-restock/976759_1567409_2168938_1811730_6806516"
            ],
            [
                "Easy Kid's Dinners",
                "/browse/food/easy-kids-dinners/976759_1567409_7966149_9873756"
            ]
        ]
    }
]