[
    {
        "title": "(4 Pack) Classico Roasted Garlic Alfredo Pasta Sauce, 15 oz Jar",
        "url": "https://www.walmart.com/ip/4-Pack-Classico-Roasted-Garlic-Alfredo-Pasta-Sauce-15-oz-Jar/47233337",
        "price": "$7.08",
        "stars": "4.5",
        "ratings": "194 ",
        "img": "i5.walmartimages.com/asr/2aa0af48-e87e-4163-b5d1-72fdc12d2b04_1.e16bb81a4a9125200b0adce64aea4396.jpeg?odnWidth=612&odnHeight=612&odnBg=ffffff",
        "tags": [
            [
                "Pasta & Noodles",
                "/browse/food/pasta-noodles/976759_976794_1007519"
            ],
            [
                "Sauces",
                "/browse/food/sauces/976759_976786_1076366"
            ],
            [
                "All Meals and Sides",
                "/browse/food/all-meals-sides/976759_1071964_976789_2133672_1535108"
            ],
            [
                "Canned Tomatoes",
                "/browse/food/canned-tomatoes/976759_976794_976785_2009430"
            ],
            [
                "Pasta Sauce",
                "/browse/food/pasta-sauce/976759_976794_2775278"
            ],
            [
                "Gluten Free Foods",
                "/browse/food/gluten-free-foods/976759_5004481_5546296"
            ],
            [
                "Gluten Free Meals & Side Dishes",
                "/browse/food/gluten-free-meals-side-dishes/976759_5148628_4583057_1250486_9821290"
            ],
            [
                "Easy Kid's Dinners",
                "/browse/food/easy-kids-dinners/976759_1567409_7966149_9873756"
            ]
        ]
    },
    {
        "title": "(6 Pack) Goya Pinto Beans, 15.5 Oz",
        "url": "https://www.walmart.com/ip/6-Pack-Goya-Pinto-Beans-15-5-Oz/875914596",
        "price": "$7.32",
        "stars": "4.6",
        "ratings": "131 ",
        "img": "i5.walmartimages.com/asr/61c1d820-41ee-4c59-8d41-7b604d04d8fe_1.3ecf0d15049759d93d27a1beef7bdf22.jpeg?odnWidth=612&odnHeight=612&odnBg=ffffff",
        "tags": [
            [
                "Dried Beans",
                "/browse/food/dried-beans/976759_976794_1001478"
            ],
            [
                "All Fresh Vegetables",
                "/browse/food/all-fresh-vegetables/976759_1071964_976793_8910423_1814126"
            ],
            [
                "Canned Tomatoes",
                "/browse/food/canned-tomatoes/976759_976794_976785_2009430"
            ],
            [
                "Baked Beans",
                "/browse/food/baked-beans/976759_976794_976785_2133370"
            ],
            [
                "Cold Weather Foods",
                "/browse/food/cold-weather-foods/976759_1567409_6592518_4011823"
            ],
            [
                "Snacks",
                "/browse/food/snacks/976759_5148628_1228025_1228103_4586063"
            ],
            [
                "Canned Beans",
                "/browse/food/canned-beans/976759_976794_976785_5368028"
            ],
            [
                "High Fiber Foods",
                "/browse/food/high-fiber-foods/976759_5004481_9339140"
            ]
        ]
    },
    {
        "title": "(6 Pack) Chicken Helper Chicken Fried Rice, 7 oz Box",
        "url": "https://www.walmart.com/ip/6-Pack-Chicken-Helper-Chicken-Fried-Rice-7-oz-Box/47235329",
        "price": "$6.88",
        "stars": "4.0",
        "ratings": "86 ",
        "img": "i5.walmartimages.com/asr/f1dd7b33-0015-499c-a572-4c53857747fa_1.b9e1e0344a8309948cb8e502642186ec.jpeg?odnWidth=612&odnHeight=612&odnBg=ffffff",
        "tags": [
            [
                "Canned Ready to Eat Meals",
                "/browse/food/canned-ready-to-eat-meals/976759_976794_976785_1001348"
            ],
            [
                "Party Trays",
                "/browse/food/party-trays/976759_1071964_976789_1076464"
            ],
            [
                "All Meals and Sides",
                "/browse/food/all-meals-sides/976759_1071964_976789_2133672_1535108"
            ],
            [
                "Macaroni and Cheese",
                "/browse/food/macaroni-cheese/976759_976794_6223225_2271648"
            ],
            [
                "Kid's Lunches",
                "/browse/food/kids-lunches/976759_1567409_7966149_7561098"
            ],
            [
                "General Mills Box Tops Meals",
                "/browse/food/general-mills-box-tops-meals/976759_2606229_8503205"
            ],
            [
                "Easy Kid's Dinners",
                "/browse/food/easy-kids-dinners/976759_1567409_7966149_9873756"
            ]
        ]
    },
    {
        "title": "(3 Pack) Idaho Spuds Classic Mashed Potatoes, 26.7 oz",
        "url": "https://www.walmart.com/ip/3-Pack-Idaho-Spuds-Classic-Mashed-Potatoes-26-7-oz/47235311",
        "price": "$7.15",
        "stars": "4.6",
        "ratings": "142 ",
        "img": "",
        "tags": [
            [
                "Canned Ready to Eat Meals",
                "/browse/food/canned-ready-to-eat-meals/976759_976794_976785_1001348"
            ],
            [
                "All Meals and Sides",
                "/browse/food/all-meals-sides/976759_1071964_976789_2133672_1535108"
            ],
            [
                "Easter Meals",
                "/browse/food/easter-meals/976759_1567409_2168938_2546479_1909999"
            ],
            [
                "Easter Meal",
                "/browse/food/easter-meal/976759_1567409_7567150_3664825"
            ],
            [
                "Meals Restock",
                "/browse/food/meals-restock/976759_1567409_2168938_1811730_6806516"
            ],
            [
                "High Fiber Foods",
                "/browse/food/high-fiber-foods/976759_5004481_9339140"
            ],
            [
                "Easy Kid's Dinners",
                "/browse/food/easy-kids-dinners/976759_1567409_7966149_9873756"
            ]
        ]
    },
    {
        "title": "(4 pack) Campbell's Condensed 25% Less Sodium Chicken Noodle Soup, 10.75 oz. Can",
        "url": "https://www.walmart.com/ip/4-pack-Campbell-s-Condensed-25-Less-Sodium-Chicken-Noodle-Soup-10-75-oz-Can/113295794",
        "price": "$5.92",
        "stars": "4.6",
        "ratings": "107 ",
        "img": "",
        "tags": [
            [
                "Canned Ready to Eat Meals",
                "/browse/food/canned-ready-to-eat-meals/976759_976794_976785_1001348"
            ],
            [
                "Boxed Meals",
                "/browse/food/boxed-meals/976759_976794_6223225_1001477"
            ],
            [
                "All Meals and Sides",
                "/browse/food/all-meals-sides/976759_1071964_976789_2133672_1535108"
            ],
            [
                "Canned Tomatoes",
                "/browse/food/canned-tomatoes/976759_976794_976785_2009430"
            ],
            [
                "Cold Weather Foods",
                "/browse/food/cold-weather-foods/976759_1567409_6592518_4011823"
            ],
            [
                "Meals Restock",
                "/browse/food/meals-restock/976759_1567409_2168938_1811730_6806516"
            ],
            [
                "Condensed Soup",
                "/browse/food/condensed-soup/976759_976794_3901881_9352840"
            ],
            [
                "Easy Kid's Dinners",
                "/browse/food/easy-kids-dinners/976759_1567409_7966149_9873756"
            ]
        ]
    },
    {
        "title": "Great Value Low Sodium Chunk Chicken Breast, 12.5 oz, 3 Pack",
        "url": "https://www.walmart.com/ip/Great-Value-Low-Sodium-Chunk-Chicken-Breast-12-5-oz-3-Pack/47227724",
        "price": "$7.44",
        "stars": "4.5",
        "ratings": "138 ",
        "img": "i5.walmartimages.com/asr/71073569-6b05-4db5-9fce-da4c88ca82b7.6c2a1f84865d9e0b6d6e23912b22e1a8.jpeg?odnWidth=612&odnHeight=612&odnBg=ffffff",
        "tags": [
            [
                "Canned Ready to Eat Meals",
                "/browse/food/canned-ready-to-eat-meals/976759_976794_976785_1001348"
            ],
            [
                "Tuna & Seafood",
                "/browse/food/tuna-seafood/976759_976794_976785_1001781"
            ],
            [
                "Gluten-Free Foods",
                "/browse/food/gluten-free-foods/976759_1228023_1228016"
            ],
            [
                "All Meals and Sides",
                "/browse/food/all-meals-sides/976759_1071964_976789_2133672_1535108"
            ],
            [
                "No Sugar Foods",
                "/browse/food/no-sugar-foods/976759_5004481_1858214"
            ],
            [
                "Canned chicken",
                "/browse/food/canned-chicken/976759_976794_976785_6660019"
            ],
            [
                "Meals Restock",
                "/browse/food/meals-restock/976759_1567409_2168938_1811730_6806516"
            ],
            [
                "Easy Kid's Dinners",
                "/browse/food/easy-kids-dinners/976759_1567409_7966149_9873756"
            ]
        ]
    },
    {
        "title": "Daiya Foods - Cheezy Mac - Deluxe Cheddar Style - 10.6 Oz.",
        "url": "https://www.walmart.com/ip/Daiya-Foods-Cheezy-Mac-Deluxe-Cheddar-Style-10-6-Oz/184296754",
        "price": "$3.97",
        "stars": "4.0",
        "ratings": "66 ",
        "img": "i5.walmartimages.com/asr/d460dde3-af69-41a5-8871-a94564f74606_1.f845f31bf0d120f31b585eebf9e355be.jpeg?odnWidth=612&odnHeight=612&odnBg=ffffff",
        "tags": [
            [
                "Macaroni and Cheese",
                "/browse/food/macaroni-cheese/976759_976794_6223225_2271648"
            ],
            [
                "Better For You Food Essentials",
                "/browse/food/better-for-you-food-essentials/976759_1567409_2168938_8870296_3239058"
            ],
            [
                "Plant Based Snacks",
                "/browse/food/plant-based-snacks/976759_5148628_4583057_2468673_6967777"
            ],
            [
                "Gluten Free Pasta & Grains",
                "/browse/food/gluten-free-pasta-grains/976759_5148628_4583057_1250486_7390423"
            ],
            [
                "Vegan Food Essentials",
                "/browse/food/vegan-food-essentials/976759_1567409_2168938_8870296_7715877"
            ],
            [
                "Dairy Free Foods",
                "/browse/food/dairy-free-foods/976759_5004481_7941405"
            ],
            [
                "Shop All Plant Based Foods",
                "/browse/food/shop-all-plant-based-foods/976759_5148628_4583057_2468673_8701847"
            ],
            [
                "Easy Kid's Dinners",
                "/browse/food/easy-kids-dinners/976759_1567409_7966149_9873756"
            ]
        ]
    },
    {
        "title": "Betty Crocker Suddenly Salad Caesar Pasta Salad Dry Meals 7.25 Oz Box",
        "url": "https://www.walmart.com/ip/Betty-Crocker-Suddenly-Salad-Caesar-Pasta-Salad-Dry-Meals-7-25-Oz-Box/10311582",
        "price": "$7.73",
        "stars": "4.5",
        "ratings": "41 ",
        "img": "i5.walmartimages.com/asr/60e310ee-442c-41f9-bd67-f03389daa661_1.d071109ca4ab1640e5ae22b21ee012d7.jpeg?odnWidth=612&odnHeight=612&odnBg=ffffff",
        "tags": [
            [
                "Canned Ready to Eat Meals",
                "/browse/food/canned-ready-to-eat-meals/976759_976794_976785_1001348"
            ],
            [
                "All Meals and Sides",
                "/browse/food/all-meals-sides/976759_1071964_976789_2133672_1535108"
            ],
            [
                "All Fresh Fruit",
                "/browse/food/all-fresh-fruit/976759_1071964_976793_9756351_1759962"
            ],
            [
                "Knorr",
                "/browse/knorr/976759_2626199"
            ],
            [
                "Bananas",
                "/browse/food/bananas/976759_1071964_976793_9756351_2787146"
            ],
            [
                "Hidden Valley Ranch",
                "/browse/food/hidden-valley-ranch/976759_976786_5730644_3791260"
            ],
            [
                "Kid's Lunches",
                "/browse/food/kids-lunches/976759_1567409_7966149_7561098"
            ],
            [
                "Easy Kid's Dinners",
                "/browse/food/easy-kids-dinners/976759_1567409_7966149_9873756"
            ]
        ]
    },
    {
        "title": "(4 pack) Campbell's\u00a0Condensed Vegetable Soup, 10.5 oz. Can",
        "url": "https://www.walmart.com/ip/4-pack-Campbell-s-Condensed-Vegetable-Soup-10-5-oz-Can/207245531",
        "price": "$5.57",
        "stars": "4.4",
        "ratings": "40 ",
        "img": "",
        "tags": [
            [
                "Canned Ready to Eat Meals",
                "/browse/food/canned-ready-to-eat-meals/976759_976794_976785_1001348"
            ],
            [
                "All Meals and Sides",
                "/browse/food/all-meals-sides/976759_1071964_976789_2133672_1535108"
            ],
            [
                "Canned Tomatoes",
                "/browse/food/canned-tomatoes/976759_976794_976785_2009430"
            ],
            [
                "Cold Weather Foods",
                "/browse/food/cold-weather-foods/976759_1567409_6592518_4011823"
            ],
            [
                "Campbell's Condensed Soup",
                "/browse/campbells-condensed-soup/976759_4080283"
            ],
            [
                "Meals Restock",
                "/browse/food/meals-restock/976759_1567409_2168938_1811730_6806516"
            ],
            [
                "Condensed Soup",
                "/browse/food/condensed-soup/976759_976794_3901881_9352840"
            ],
            [
                "Kalamata Olives",
                "/browse/food/kalamata-olives/976759_976786_6379931_9448286"
            ]
        ]
    },
    {
        "title": "(12 Cups) Dole Fruit Bowls No Sugar Added Yellow Cling Diced Peaches, 4 oz cups",
        "url": "https://www.walmart.com/ip/12-Cups-Dole-Fruit-Bowls-No-Sugar-Added-Yellow-Cling-Diced-Peaches-4-oz-cups/47228226",
        "price": "$6.18",
        "stars": "4.0",
        "ratings": "89 ",
        "img": "",
        "tags": [
            [
                "Fruit Cups & Fruit Sauces",
                "/browse/food/fruit-cups-fruit-sauces/976759_976787_1044133"
            ],
            [
                "Pie Fillings",
                "/browse/food/pie-fillings/976759_976780_2881195_1044161"
            ],
            [
                "All Canned Goods",
                "/browse/food/all-canned-goods/976759_976794_976785_3021174"
            ],
            [
                "Canned Pineapple",
                "/browse/food/canned-pineapple/976759_976794_976785_3637240"
            ],
            [
                "Dole Fruit Cups",
                "/browse/food/dole-fruit-cups/976759_976794_976785_5006407"
            ],
            [
                "Meals Restock",
                "/browse/food/meals-restock/976759_1567409_2168938_1811730_6806516"
            ],
            [
                "Dole Pineapple",
                "/browse/food/dole-pineapple/976759_976794_976785_7299548"
            ],
            [
                "Canned Peaches",
                "/browse/food/canned-peaches/976759_976794_976785_8566750"
            ]
        ]
    }
]