[
    {
        "title": "(6 Pack) Swanson\u00a0Beef Broth, 32 oz. Carton",
        "url": "https://www.walmart.com/ip/6-Pack-Swanson-Beef-Broth-32-oz-Carton/47234238",
        "price": "$14.28",
        "stars": "4.5",
        "ratings": "60 ",
        "img": "i5.walmartimages.com/asr/93b26347-94d9-468b-b85c-22864779c116_1.1d812503ce14c79a6cb5abbcd3bea70f.jpeg?odnWidth=612&odnHeight=612&odnBg=ffffff",
        "tags": [
            [
                "All Soup",
                "/browse/food/all-soup/976759_976794_3901881_1001359"
            ],
            [
                "Stocks & Broths",
                "/browse/food/stocks-broths/976759_976794_976785_1001360"
            ],
            [
                "Gluten-Free Foods",
                "/browse/food/gluten-free-foods/976759_1228023_1228016"
            ],
            [
                "Stock",
                "/browse/food/stock/976759_976794_3901881_1240098"
            ],
            [
                "Organic Food Essentials",
                "/browse/food/organic-food-essentials/976759_1567409_2168938_8870296_3706415"
            ],
            [
                "Gluten Free Foods",
                "/browse/food/gluten-free-foods/976759_5004481_5546296"
            ],
            [
                "Low Calorie Foods",
                "/browse/food/low-calorie-foods/976759_5004481_6036545"
            ],
            [
                "Meals Restock",
                "/browse/food/meals-restock/976759_1567409_2168938_1811730_6806516"
            ]
        ]
    },
    {
        "title": "(3 Pack) Great Value Pear Halves in Heavy Syrup, 29 oz",
        "url": "https://www.walmart.com/ip/3-Pack-Great-Value-Pear-Halves-in-Heavy-Syrup-29-oz/47228248",
        "price": "$5.98",
        "stars": "4.0",
        "ratings": "70 ",
        "img": "i5.walmartimages.com/asr/1c710208-e5e9-42cc-a2fb-17f0a9d7e5e2_1.3dad1d1021df7844b81f1d7b42de1cd2.jpeg?odnWidth=612&odnHeight=612&odnBg=ffffff",
        "tags": [
            [
                "Beans",
                "/browse/food/beans/976759_976794_976785_1001341"
            ],
            [
                "Fruit Cups & Fruit Sauces",
                "/browse/food/fruit-cups-fruit-sauces/976759_976787_1044133"
            ],
            [
                "Pie Fillings",
                "/browse/food/pie-fillings/976759_976780_2881195_1044161"
            ],
            [
                "All Fresh Fruit",
                "/browse/food/all-fresh-fruit/976759_1071964_976793_9756351_1759962"
            ],
            [
                "Citrus",
                "/browse/food/citrus/976759_1071964_976793_9756351_4914029"
            ],
            [
                "Dole Fruit Cups",
                "/browse/food/dole-fruit-cups/976759_976794_976785_5006407"
            ],
            [
                "Canned Peaches",
                "/browse/food/canned-peaches/976759_976794_976785_8566750"
            ],
            [
                "Kosher Foods",
                "/browse/kosher-foods/976759_8925069"
            ]
        ]
    },
    {
        "title": "(8 Pack) Hunt's Four Cheese Pasta Sauce, 24 oz",
        "url": "https://www.walmart.com/ip/8-Pack-Hunt-s-Four-Cheese-Pasta-Sauce-24-oz/47233465",
        "price": "$7.98",
        "stars": "4.4",
        "ratings": "152 ",
        "img": "i5.walmartimages.com/asr/560055be-078b-4a16-9ad7-bffe16845c09_1.0ca5f838502b01c34157469e832e2a92.jpeg?odnWidth=612&odnHeight=612&odnBg=ffffff",
        "tags": [
            [
                "Boxed Meals",
                "/browse/food/boxed-meals/976759_976794_6223225_1001477"
            ],
            [
                "Pasta & Noodles",
                "/browse/food/pasta-noodles/976759_976794_1007519"
            ],
            [
                "Sauces",
                "/browse/food/sauces/976759_976786_1076366"
            ],
            [
                "All Meals and Sides",
                "/browse/food/all-meals-sides/976759_1071964_976789_2133672_1535108"
            ],
            [
                "Canned Tomatoes",
                "/browse/food/canned-tomatoes/976759_976794_976785_2009430"
            ],
            [
                "Low Sodium Foods",
                "/browse/food/low-sodium-foods/976759_5004481_6733659"
            ],
            [
                "Meals Restock",
                "/browse/food/meals-restock/976759_1567409_2168938_1811730_6806516"
            ],
            [
                "Easy Kid's Dinners",
                "/browse/food/easy-kids-dinners/976759_1567409_7966149_9873756"
            ]
        ]
    },
    {
        "title": "StarKist\u00ae Solid White Albacore Tuna in Water - 12 oz Can",
        "url": "https://www.walmart.com/ip/StarKist-Solid-White-Albacore-Tuna-in-Water-12-oz-Can/10293457",
        "price": "$3.28",
        "stars": "4.5",
        "ratings": "82 ",
        "img": "i5.walmartimages.com/asr/18c536d3-705f-4fc8-a31f-6f7c6badb239.aae3dc850bb7573b291d60c8647b1698.jpeg?odnWidth=612&odnHeight=612&odnBg=ffffff",
        "tags": [
            [
                "No Sugar Foods",
                "/browse/food/no-sugar-foods/976759_5004481_1858214"
            ],
            [
                "High Protein Food Staples",
                "/browse/food/high-protein-food-staples/976759_1567409_2168938_8870296_2783192"
            ],
            [
                "Canned Tuna",
                "/browse/food/canned-tuna/976759_976794_976785_5772565"
            ],
            [
                "Starkist Tuna",
                "/browse/food/starkist-tuna/976759_976794_976785_6368123"
            ],
            [
                "Bumblebee Tuna",
                "/browse/food/bumblebee-tuna/976759_976794_976785_6754896"
            ],
            [
                "Tuna Pouches",
                "/browse/food/tuna-pouches/976759_976794_976785_9162342"
            ],
            [
                "Gluten Free Meals & Side Dishes",
                "/browse/food/gluten-free-meals-side-dishes/976759_5148628_4583057_1250486_9821290"
            ],
            [
                "Easy Kid's Dinners",
                "/browse/food/easy-kids-dinners/976759_1567409_7966149_9873756"
            ]
        ]
    },
    {
        "title": "(3 Pack) Great Value Chicken Broth, 14.5 oz",
        "url": "https://www.walmart.com/ip/3-Pack-Great-Value-Chicken-Broth-14-5-oz/477113682",
        "price": "$4.48",
        "stars": "4.5",
        "ratings": "129 ",
        "img": "i5.walmartimages.com/asr/24bc159a-daf0-4f6a-a613-1ae6323bada9_1.9f53aeed31a0994273505a9254345247.jpeg?odnWidth=612&odnHeight=612&odnBg=ffffff",
        "tags": [
            [
                "All Soup",
                "/browse/food/all-soup/976759_976794_3901881_1001359"
            ],
            [
                "Stocks & Broths",
                "/browse/food/stocks-broths/976759_976794_976785_1001360"
            ],
            [
                "Gluten-Free Foods",
                "/browse/food/gluten-free-foods/976759_1228023_1228016"
            ],
            [
                "Stock",
                "/browse/food/stock/976759_976794_3901881_1240098"
            ],
            [
                "All Pantry Clearance and Deals",
                "/browse/food/all-pantry-clearance-deals/976759_1567409_2168938_3231932_2780184"
            ],
            [
                "Gluten Free Foods",
                "/browse/food/gluten-free-foods/976759_5004481_5546296"
            ],
            [
                "Non GMO Food",
                "/browse/food/non-gmo-food/976759_5004481_8102928"
            ],
            [
                "Condensed Soup",
                "/browse/food/condensed-soup/976759_976794_3901881_9352840"
            ]
        ]
    },
    {
        "title": "(4 pack) Campbell's\u00a0Condensed\u00a0Double Noodle\u00a0Soup, 11 oz.",
        "url": "https://www.walmart.com/ip/4-pack-Campbell-s-Condensed-Double-Noodle-Soup-11-oz/295494581",
        "price": "$5.57",
        "stars": "3.9",
        "ratings": "67 ",
        "img": "",
        "tags": [
            [
                "Canned Ready to Eat Meals",
                "/browse/food/canned-ready-to-eat-meals/976759_976794_976785_1001348"
            ],
            [
                "Boxed Meals",
                "/browse/food/boxed-meals/976759_976794_6223225_1001477"
            ],
            [
                "All Meals and Sides",
                "/browse/food/all-meals-sides/976759_1071964_976789_2133672_1535108"
            ],
            [
                "Cold Weather Foods",
                "/browse/food/cold-weather-foods/976759_1567409_6592518_4011823"
            ],
            [
                "Meals Restock",
                "/browse/food/meals-restock/976759_1567409_2168938_1811730_6806516"
            ],
            [
                "Condensed Soup",
                "/browse/food/condensed-soup/976759_976794_3901881_9352840"
            ],
            [
                "Game Time Meals and Sides",
                "/browse/food/game-time-meals-sides/976759_1567409_3282877_2930489_9821452"
            ],
            [
                "Easy Kid's Dinners",
                "/browse/food/easy-kids-dinners/976759_1567409_7966149_9873756"
            ]
        ]
    },
    {
        "title": "Annie's Shells & White Cheddar Mac & Cheese, 6 oz",
        "url": "https://www.walmart.com/ip/Annie-s-Shells-White-Cheddar-Mac-Cheese-6-oz/10294616",
        "price": "$1.00",
        "stars": "4.5",
        "ratings": "44 ",
        "img": "i5.walmartimages.com/asr/f30d3b92-dcd3-4ebc-b016-849bd13f6045_1.e7da6e2abd231a16a2efd0d2ac374989.jpeg?odnWidth=612&odnHeight=612&odnBg=ffffff",
        "tags": [
            [
                "Boxed Meals",
                "/browse/food/boxed-meals/976759_976794_6223225_1001477"
            ],
            [
                "Organic Foods",
                "/browse/food/organic-foods/976759_1228024_1228017"
            ],
            [
                "Macaroni and Cheese",
                "/browse/food/macaroni-cheese/976759_976794_6223225_2271648"
            ],
            [
                "All Graham Crackers",
                "/browse/food/all-graham-crackers/976759_976787_1001392_3433128_4692935"
            ],
            [
                "Kid's Lunches",
                "/browse/food/kids-lunches/976759_1567409_7966149_7561098"
            ],
            [
                "Dairy Free Foods",
                "/browse/food/dairy-free-foods/976759_5004481_7941405"
            ],
            [
                "Non GMO Food",
                "/browse/food/non-gmo-food/976759_5004481_8102928"
            ],
            [
                "Easy Kid's Dinners",
                "/browse/food/easy-kids-dinners/976759_1567409_7966149_9873756"
            ]
        ]
    },
    {
        "title": "VAN CAMP'S Pork and Beans, 15 oz.",
        "url": "https://www.walmart.com/ip/VAN-CAMP-S-Pork-and-Beans-15-oz/10307917",
        "price": "$0.72",
        "stars": "4.4",
        "ratings": "209 ",
        "img": "i5.walmartimages.com/asr/1b182798-048c-489f-9316-40c0f3fc0280_1.a5b9add4b4db7bcbefa78041cd4c8cea.jpeg?odnWidth=612&odnHeight=612&odnBg=ffffff",
        "tags": [
            [
                "Canned Ready to Eat Meals",
                "/browse/food/canned-ready-to-eat-meals/976759_976794_976785_1001348"
            ],
            [
                "All Fresh Fruit",
                "/browse/food/all-fresh-fruit/976759_1071964_976793_9756351_1759962"
            ],
            [
                "Baked Beans",
                "/browse/food/baked-beans/976759_976794_976785_2133370"
            ],
            [
                "Bananas",
                "/browse/food/bananas/976759_1071964_976793_9756351_2787146"
            ],
            [
                "Cold Weather Foods",
                "/browse/food/cold-weather-foods/976759_1567409_6592518_4011823"
            ],
            [
                "Canned Beans",
                "/browse/food/canned-beans/976759_976794_976785_5368028"
            ],
            [
                "Yogurt for Kids",
                "/browse/food/yogurt-for-kids/976759_1071964_976788_1001470_7313663"
            ],
            [
                "High Fiber Foods",
                "/browse/food/high-fiber-foods/976759_5004481_9339140"
            ]
        ]
    },
    {
        "title": "Success Boil-in-Bag White Rice, 14 oz Box",
        "url": "https://www.walmart.com/ip/Success-Boil-in-Bag-White-Rice-14-oz-Box/10290887",
        "price": "$2.28",
        "stars": "4.7",
        "ratings": "51 ",
        "img": "i5.walmartimages.com/asr/606fb76d-cf21-45ea-abbc-40145d82e8e2_1.7ab62389783ba5e713fe041156929466.jpeg?odnWidth=612&odnHeight=612&odnBg=ffffff",
        "tags": [
            [
                "Boxed Meals",
                "/browse/food/boxed-meals/976759_976794_6223225_1001477"
            ],
            [
                "Gluten-Free Foods",
                "/browse/food/gluten-free-foods/976759_1228023_1228016"
            ],
            [
                "All Fresh Fruit",
                "/browse/food/all-fresh-fruit/976759_1071964_976793_9756351_1759962"
            ],
            [
                "Bananas",
                "/browse/food/bananas/976759_1071964_976793_9756351_2787146"
            ],
            [
                "Uncle Ben's",
                "/browse/food/uncle-bens/976759_976794_1001474_4782543"
            ],
            [
                "Low Sodium Foods",
                "/browse/food/low-sodium-foods/976759_5004481_6733659"
            ],
            [
                "Kid's Lunches",
                "/browse/food/kids-lunches/976759_1567409_7966149_7561098"
            ],
            [
                "Easy Kid's Dinners",
                "/browse/food/easy-kids-dinners/976759_1567409_7966149_9873756"
            ]
        ]
    },
    {
        "title": "(4 pack) Campbell's Condensed\u00a0Healthy Request Tomato Soup, 10.75 oz. Can",
        "url": "https://www.walmart.com/ip/4-pack-Campbell-s-Condensed-Healthy-Request-Tomato-Soup-10-75-oz-Can/906565070",
        "price": "$5.57",
        "stars": "4.5",
        "ratings": "64 ",
        "img": "",
        "tags": [
            [
                "Canned Ready to Eat Meals",
                "/browse/food/canned-ready-to-eat-meals/976759_976794_976785_1001348"
            ],
            [
                "All Meals and Sides",
                "/browse/food/all-meals-sides/976759_1071964_976789_2133672_1535108"
            ],
            [
                "Canned Tomatoes",
                "/browse/food/canned-tomatoes/976759_976794_976785_2009430"
            ],
            [
                "Cold Weather Foods",
                "/browse/food/cold-weather-foods/976759_1567409_6592518_4011823"
            ],
            [
                "Meals Restock",
                "/browse/food/meals-restock/976759_1567409_2168938_1811730_6806516"
            ],
            [
                "Condensed Soup",
                "/browse/food/condensed-soup/976759_976794_3901881_9352840"
            ],
            [
                "Game Time Meals and Sides",
                "/browse/food/game-time-meals-sides/976759_1567409_3282877_2930489_9821452"
            ],
            [
                "Easy Kid's Dinners",
                "/browse/food/easy-kids-dinners/976759_1567409_7966149_9873756"
            ]
        ]
    }
]