[
    {
        "title": "Gluten Free Bake Shoppe Katz Donuts, 10.5 oz",
        "url": "https://www.walmart.com/ip/Gluten-Free-Bake-Shoppe-Katz-Donuts-10-5-oz/192409107",
        "price": "$6.49",
        "stars": "4.8",
        "ratings": "5 ",
        "img": "i5.walmartimages.com/asr/0ccbdcef-fc3d-4211-9047-eeb5dd62549e_1.3e4f3d150ea345f5d70d9b3281ff4fe4.jpeg?odnWidth=612&odnHeight=612&odnBg=ffffff",
        "tags": [
            [
                "Dessert Breads",
                "/browse/food/dessert-breads/976759_1071964_976779_1001456"
            ],
            [
                "All Cookies",
                "/browse/food/all-cookies/976759_976787_1001391_1592885"
            ],
            [
                "All Chocolate Chip Cookies",
                "/browse/food/all-chocolate-chip-cookies/976759_976787_1001391_1545456_2687699"
            ],
            [
                "Chocolate Cookies",
                "/browse/food/chocolate-cookies/976759_976787_1001391_4007138"
            ],
            [
                "Gluten-Free Cookies",
                "/browse/food/gluten-free-cookies/976759_976787_1001391_4362193"
            ],
            [
                "Plant Based Snacks",
                "/browse/food/plant-based-snacks/976759_5148628_4583057_2468673_6967777"
            ],
            [
                "Gluten Free Crackers",
                "/browse/food/gluten-free-crackers/976759_976787_1001392_8926169"
            ]
        ]
    },
    {
        "title": "Sahale Snacks Honey Almonds Glazed Mix, Gluten-Free Snack, 4-Ounce Bag",
        "url": "https://www.walmart.com/ip/Sahale-Snacks-Honey-Almonds-Glazed-Mix-Gluten-Free-Snack-4-Ounce-Bag/17352701",
        "price": "$3.88",
        "stars": "4.7",
        "ratings": "299 ",
        "img": "i5.walmartimages.com/asr/de7dd704-29c2-4b77-a774-ff23c88598b6.710f3db6f46399007c53b7fb68c2352a.jpeg?odnWidth=612&odnHeight=612&odnBg=ffffff",
        "tags": [
            [
                "High Protein Snacks",
                "/browse/food/high-protein-snacks/976759_976787_1247241"
            ],
            [
                "Trail Mixes and Healthy Snacks",
                "/browse/food/trail-mixes-healthy-snacks/976759_1071964_976793_6682547_2536517"
            ],
            [
                "All Nuts, Trail Mix,& Seeds",
                "/browse/food/all-nuts-trail-mix-seeds/976759_976787_1001406_2615672"
            ],
            [
                "Nuts",
                "/browse/food/nuts/976759_976787_1001406_3488004"
            ],
            [
                "All Nuts, Dried Fruits and Healthy Snacks",
                "/browse/food/all-nuts-dried-fruits-healthy-snacks/976759_1071964_976793_6682547_7101504"
            ],
            [
                "Trail Mix",
                "/browse/food/trail-mix/976759_976787_1001406_7771097"
            ],
            [
                "Nuts and Seeds",
                "/browse/food/nuts-seeds/976759_1071964_976793_6682547_9414601"
            ]
        ]
    },
    {
        "title": "McCormick Gourmet Organic Toasted Seed Sesame, 1.37 oz",
        "url": "https://www.walmart.com/ip/McCormick-Gourmet-Organic-Toasted-Seed-Sesame-1-37-oz/943100907",
        "price": "$4.79",
        "stars": "5.0",
        "ratings": "4 ",
        "img": "i5.walmartimages.com/asr/99fce3f0-38db-455c-8cc2-c94b086a681a_1.dccc6a4023f0f5f8ae3cc053ea561feb.jpeg?odnWidth=612&odnHeight=612&odnBg=ffffff",
        "tags": [
            [
                "Sunflower Seeds",
                "/browse/food/sunflower-seeds/976759_976787_1001406_7339625_1445147"
            ],
            [
                "All Nuts, Trail Mix,& Seeds",
                "/browse/food/all-nuts-trail-mix-seeds/976759_976787_1001406_2615672"
            ],
            [
                "All Single Herbs & Spices",
                "/browse/food/all-single-herbs-spices/976759_976786_1007682_2008977_6345512"
            ],
            [
                "Pumpkin Seeds",
                "/browse/food/pumpkin-seeds/976759_976787_1001406_7339625_7068006"
            ],
            [
                "All Nuts, Dried Fruits and Healthy Snacks",
                "/browse/food/all-nuts-dried-fruits-healthy-snacks/976759_1071964_976793_6682547_7101504"
            ],
            [
                "All Salt, Spices & Seasoning",
                "/browse/food/all-salt-spices-seasoning/976759_976786_8191625"
            ]
        ]
    },
    {
        "title": "(12 Pack) Sushi Chef Black Sesame Jobs, 3.75 Oz",
        "url": "https://www.walmart.com/ip/12-Pack-Sushi-Chef-Black-Sesame-Jobs-3-75-Oz/854669809",
        "price": "$29.82",
        "stars": "5.0",
        "ratings": "6 ",
        "img": "i5.walmartimages.com/asr/0e9f97e2-63a5-46c1-9d6f-483035d5e488_1.10eb535ef2bb40bef0b5f3d8d41360ff.jpeg?odnWidth=612&odnHeight=612&odnBg=ffffff",
        "tags": [
            [
                "Taco Seasoning",
                "/browse/food/taco-seasoning/976759_976786_1007682_4019297_2407229"
            ],
            [
                "Chicken Seasoning",
                "/browse/food/chicken-seasoning/976759_976786_1007682_4019297_2775886"
            ],
            [
                "Popcorn Seasoning",
                "/browse/food/popcorn-seasoning/976759_976786_1007682_4019297_3084841"
            ],
            [
                "All Single Herbs & Spices",
                "/browse/food/all-single-herbs-spices/976759_976786_1007682_2008977_6345512"
            ],
            [
                "Steak Seasoning",
                "/browse/food/steak-seasoning/976759_976786_1007682_4019297_7779122"
            ],
            [
                "All Salt, Spices & Seasoning",
                "/browse/food/all-salt-spices-seasoning/976759_976786_8191625"
            ]
        ]
    },
    {
        "title": "(4 Pack) Libby's Vienna Sausage with Barbecue Sauce, 4.6 Ounce",
        "url": "https://www.walmart.com/ip/4-Pack-Libby-s-Vienna-Sausage-with-Barbecue-Sauce-4-6-Ounce/47228281",
        "price": "$4.90",
        "stars": "3.7",
        "ratings": "26 ",
        "img": "i5.walmartimages.com/asr/4f650dcc-2420-460a-b344-b58cbbe87107_1.610b68844b1e3f5eb476dfa349872ac6.jpeg?odnWidth=612&odnHeight=612&odnBg=ffffff",
        "tags": [
            [
                "Tuna & Seafood",
                "/browse/food/tuna-seafood/976759_976794_976785_1001781"
            ],
            [
                "Bacon & Sausages",
                "/browse/food/bacon-sausages/976759_1071964_976796_1008059"
            ],
            [
                "All Canned Goods",
                "/browse/food/all-canned-goods/976759_976794_976785_3021174"
            ],
            [
                "Canned Beef",
                "/browse/food/canned-beef/976759_976794_976785_3724561"
            ],
            [
                "Vienna Sausages",
                "/browse/food/vienna-sausages/976759_976794_976785_5552571"
            ],
            [
                "Canned chicken",
                "/browse/food/canned-chicken/976759_976794_976785_6660019"
            ],
            [
                "All Bacon, Hot Dogs and Sausages",
                "/browse/food/all-bacon-hot-dogs-sausages/976759_1071964_976789_1434810_8443906"
            ],
            [
                "Easy Kid's Dinners",
                "/browse/food/easy-kids-dinners/976759_1567409_7966149_9873756"
            ]
        ]
    },
    {
        "title": "NIDO 3+ Powdered Milk Beverage",
        "url": "https://www.walmart.com/ip/NIDO-3-Powdered-Milk-Beverage/46652617",
        "price": "$10.42",
        "stars": "4.6",
        "ratings": "158 ",
        "img": "i5.walmartimages.com/asr/fd8ea9a4-251e-4dde-8761-171b031e1095.1e8230455a08c661acc0c0bb66b134cd.jpeg?odnWidth=612&odnHeight=612&odnBg=ffffff",
        "tags": [
            [
                "All Baby Formula",
                "/browse/baby/all-baby-formula/5427_133283_4720344_1001447"
            ],
            [
                "Baby Food Stage 1",
                "/browse/baby/baby-food-stage-1/5427_133283_1001448_1224824_1224825"
            ],
            [
                "Toddler Formula",
                "/browse/baby/toddler-formula/5427_133283_7172091_2055192"
            ],
            [
                "Baby Cereal",
                "/browse/baby/baby-cereal/5427_133283_1001448_2887290"
            ],
            [
                "PediaSure",
                "/browse/baby/pediasure/5427_133283_7172091_3059852"
            ],
            [
                "Organic Baby Formula",
                "/browse/baby/organic-baby-formula/5427_133283_4563644"
            ],
            [
                "NIDO",
                "/browse/baby/nido/5427_133283_7661757"
            ],
            [
                "Supplementing & Nutrition",
                "/browse/baby/supplementing-nutrition/5427_133283_6780933_9438827"
            ]
        ]
    },
    {
        "title": "(4 Pack) Smucker's\u00a0Marshmallow Flavored Spoonable Ice Cream Topping,12.25 Oz",
        "url": "https://www.walmart.com/ip/4-Pack-Smucker-s-Marshmallow-Flavored-Spoonable-Ice-Cream-Topping-12-25-Oz/47232399",
        "price": "$7.45",
        "stars": "4.7",
        "ratings": "25 ",
        "img": "",
        "tags": [
            [
                "Frosting, Toppings & Decorations",
                "/browse/food/frosting-toppings-decorations/976759_976780_1001368_1044127"
            ],
            [
                "Valentine's Day Baking",
                "/browse/food/valentines-day-baking/976759_1567409_9457805_1303563"
            ],
            [
                "Marshmallows",
                "/browse/food/marshmallows/976759_976780_2881195_3975443"
            ],
            [
                "Baking Restock",
                "/browse/food/baking-restock/976759_1567409_2168938_1811730_4237636"
            ],
            [
                "All Syrups",
                "/browse/food/all-syrups/976759_976780_1092370_6683232"
            ],
            [
                "Smucker's",
                "/browse/food/smuckers/976759_976786_4439815_7181651"
            ],
            [
                "Hershey Baking",
                "/browse/food/hershey-baking/976759_2606229_9723046"
            ]
        ]
    },
    {
        "title": "Premier Protein Shake, Vanilla, 30g Protein, 11.5 Fl Oz, 12 Ct",
        "url": "https://www.walmart.com/ip/Premier-Protein-Shake-Vanilla-30g-Protein-11-5-Fl-Oz-12-Ct/497492756",
        "price": "$18.79",
        "stars": "4.3",
        "ratings": "1219 ",
        "img": "i5.walmartimages.com/asr/295321c7-00bb-4192-8845-8c24c3ee637c_1.8f23e3cd78747cff5550ca512187df87.jpeg?odnWidth=612&odnHeight=612&odnBg=ffffff",
        "tags": [
            [
                "Shakes",
                "/browse/food/shakes/976759_976782_5795119_1802061"
            ],
            [
                "High Protein Drinks",
                "/browse/food/high-protein-drinks/976759_976782_5795119_1839466"
            ],
            [
                "On-The-Go Drinks",
                "/browse/food/on-the-go-drinks/976759_1567409_3170630_5402200"
            ],
            [
                "Protein & Electrolytes",
                "/browse/food/protein-electrolytes/976759_976782_5795119_5913425"
            ],
            [
                "Functional Beverages",
                "/browse/food/functional-beverages/976759_976782_6366289"
            ],
            [
                "On-The-Go New Year New You Foods",
                "/browse/food/on-the-go-new-year-new-you-foods/976759_1567409_3170630_7175981"
            ],
            [
                "Weight Management",
                "/browse/food/weight-management/976759_1567409_3170630_9605404"
            ]
        ]
    },
    {
        "title": "Kikkoman Instant Shiro Miso Soybean Paste White Soup, 1.05 oz",
        "url": "https://www.walmart.com/ip/Kikkoman-Instant-Shiro-Miso-Soybean-Paste-White-Soup-1-05-oz/10451756",
        "price": "$1.99",
        "stars": "5.0",
        "ratings": "3 ",
        "img": "i5.walmartimages.com/asr/525f6b90-6a3d-4192-8270-91f5282c6422_1.2a9d4080237e5432ae637d5e3a282270.jpeg?odnWidth=612&odnHeight=612&odnBg=ffffff",
        "tags": [
            [
                "Beans",
                "/browse/food/beans/976759_976794_976785_1001341"
            ],
            [
                "Stocks & Broths",
                "/browse/food/stocks-broths/976759_976794_976785_1001360"
            ],
            [
                "Sauces",
                "/browse/food/sauces/976759_976786_1076366"
            ],
            [
                "Soup Mixes",
                "/browse/food/soup-mixes/976759_976794_3901881_1525502"
            ],
            [
                "All Meals and Sides",
                "/browse/food/all-meals-sides/976759_1071964_976789_2133672_1535108"
            ],
            [
                "Asian Snacks",
                "/browse/food/asian-snacks/976759_5148628_1228025_1228102_2086581"
            ],
            [
                "Cold Weather Foods",
                "/browse/food/cold-weather-foods/976759_1567409_6592518_4011823"
            ],
            [
                "Shop All Asian Market",
                "/browse/food/shop-all-asian-market/976759_5148628_1228025_1228102_9127385"
            ]
        ]
    },
    {
        "title": "Muscle Milk 100 Calorie Protein Shake, 20g Protein, Chocolate, 11 Fl Oz, 4 CountMuscle Milk 100 Calorie Protein Shake, 20g Protein, Chocolate, 11 Fl Oz, 4 Count",
        "url": "https://www.walmart.com/ip/Muscle-Milk-100-Calorie-Protein-Shake-20g-Protein-Chocolate-11-Fl-Oz-4-CountMuscle-Count/50735127",
        "price": "$5.77",
        "stars": "4.4",
        "ratings": "83 ",
        "img": "i5.walmartimages.com/asr/7ad7039f-c056-441d-9189-b72547f03e4b.2f3eb8051b54983ae17d11da23047dd2.jpeg?odnWidth=612&odnHeight=612&odnBg=ffffff",
        "tags": [
            [
                "Protein Shakes, Bars & Energy Drinks",
                "/browse/health/protein-shakes-bars-energy-drinks/976760_9035881_9006282_2339462"
            ],
            [
                "Protein & Fitness for Active Dads",
                "/browse/health/protein-fitness-for-active-dads/976760_1166769_3000507"
            ],
            [
                "Protein Drinks",
                "/browse/health/protein-drinks/976760_1166769_3205404"
            ],
            [
                "Fuel Your Workout",
                "/browse/health/fuel-your-workout/976760_1166769_4659027"
            ],
            [
                "Protein On the Go",
                "/browse/health/protein-on-the-go/976760_1166769_5193040"
            ],
            [
                "Fuel Your Body",
                "/browse/health/fuel-your-body/976760_9035881_5814720"
            ],
            [
                "Muscle Milk Protein Shake",
                "/browse/health/muscle-milk-protein-shake/976760_1166769_7593504_6838214"
            ],
            [
                "Back to School Health Essentials",
                "/browse/back-to-school-health-essentials/976760_7047091"
            ]
        ]
    }
]