[
    {
        "title": "Hershey's, Chocolate Standard Bars Candy Variety Pack, 18 Ct.",
        "url": "https://www.walmart.com/ip/Hershey-s-Chocolate-Standard-Bars-Candy-Variety-Pack-18-Ct/762951080",
        "price": "$13.24",
        "stars": "4.8",
        "ratings": "99 ",
        "img": "i5.walmartimages.com/asr/06bd7fac-9167-41ee-952d-6a5b5b6637aa_3.2b05dd6e1e32232be3f09844377309b4.png?odnWidth=612&odnHeight=612&odnBg=ffffff",
        "tags": [
            [
                "Hershey's Easter Chocolate Candy and Treats",
                "/browse/food/hersheys-easter-chocolate-candy-treats/976759_1567409_7567150_1407602"
            ],
            [
                "Shop All Cold Packed Chocolates",
                "/browse/food/shop-all-cold-packed-chocolates/976759_1567409_7329770_1414143"
            ],
            [
                "Cold Packed Hershey's Chocolate",
                "/browse/food/cold-packed-hersheys-chocolate/976759_1567409_7329770_1591769"
            ],
            [
                "Halloween Chocolate",
                "/browse/food/halloween-chocolate/976759_1567409_2107086_6041305_2967282"
            ],
            [
                "Chocolate Bars",
                "/browse/food/chocolate-bars/976759_1096070_1224976_3761246"
            ],
            [
                "Hershey's Halloween Candy",
                "/browse/food/hersheys-halloween-candy/976759_1567409_2107086_6041305_5688639"
            ],
            [
                "Hershey's Candy",
                "/browse/food/hersheys-candy/976759_1089004_5339481_6030945"
            ],
            [
                "All Halloween Candy",
                "/browse/food/all-halloween-candy/976759_1567409_2107086_6041305_9735259"
            ]
        ]
    },
    {
        "title": "Now and Later Shell Shocked Chewy Candy Bag, 7.25 Oz",
        "url": "https://www.walmart.com/ip/Now-and-Later-Shell-Shocked-Chewy-Candy-Bag-7-25-Oz/165745953",
        "price": "$5.67",
        "stars": "3.5",
        "ratings": "4 ",
        "img": "",
        "tags": [
            [
                "Children's Party",
                "/browse/food/childrens-party/976759_1096070_1224980_1381998"
            ],
            [
                "Gummy Candy",
                "/browse/food/gummy-candy/976759_1096070_1224975_4246741"
            ],
            [
                "Caramels & Taffys",
                "/browse/food/caramels-taffys/976759_1096070_1224975_5726639"
            ],
            [
                "Office Candy",
                "/browse/food/office-candy/976759_1096070_1224980_6270829"
            ],
            [
                "Halloween Trick or Treat",
                "/browse/food/halloween-trick-treat/976759_1567409_2107086_6041305_8139682"
            ],
            [
                "Brach's Easter Candy",
                "/browse/food/brachs-easter-candy/976759_1567409_7567150_8336680"
            ],
            [
                "Sour Candy",
                "/browse/food/sour-candy/976759_1096070_1224975_8650414"
            ]
        ]
    },
    {
        "title": "Endangered Species Chocolate Bar Owl, 3 Oz",
        "url": "https://www.walmart.com/ip/Endangered-Species-Chocolate-Bar-Owl-3-Oz/36329139",
        "price": "$6.84",
        "stars": "4.6",
        "ratings": "14 ",
        "img": "i5.walmartimages.com/asr/3fe647de-f739-44e8-ab22-1da44adee698_1.7572984943f4643c0432e388bce21928.jpeg?odnWidth=612&odnHeight=612&odnBg=ffffff",
        "tags": [
            [
                "Premium Chocolate & Truffles",
                "/browse/food/premium-chocolate-truffles/976759_1096070_1224976_2085548"
            ],
            [
                "Shop All Premium Chocolate",
                "/browse/food/shop-all-premium-chocolate/976759_5148628_4569562_2514022"
            ],
            [
                "Halloween Chocolate",
                "/browse/food/halloween-chocolate/976759_1567409_2107086_6041305_2967282"
            ],
            [
                "Chocolate Bars",
                "/browse/food/chocolate-bars/976759_1096070_1224976_3761246"
            ],
            [
                "Ghirardelli Chocolate",
                "/browse/food/ghirardelli-chocolate/976759_1096070_1224976_5687078"
            ],
            [
                "Lindt Chocolate",
                "/browse/food/lindt-chocolate/976759_1096070_1224976_7048367"
            ],
            [
                "Premium Chocolate Bars & Bags",
                "/browse/food/premium-chocolate-bars-bags/976759_5148628_4569562_7908469"
            ],
            [
                "Premium Gifting Chocolate",
                "/browse/food/premium-gifting-chocolate/976759_5148628_4569562_8497435"
            ]
        ]
    },
    {
        "title": "Spry, Dental Defense, Xylitol Peppermint Chewing Gum, 100 Pcs",
        "url": "https://www.walmart.com/ip/Spry-Dental-Defense-Xylitol-Peppermint-Chewing-Gum-100-Pcs/191660458",
        "price": "$8.63",
        "stars": "4.6",
        "ratings": "72 ",
        "img": "",
        "tags": [
            [
                "Shop All Chewing Gum",
                "/browse/food/shop-all-chewing-gum/976759_1096070_1224977_1572366"
            ],
            [
                "Bubble Gum",
                "/browse/food/bubble-gum/976759_1096070_1224977_2039307"
            ],
            [
                "Sugar Free Food",
                "/browse/food/sugar-free-food/976759_1567409_3170630_2147513"
            ],
            [
                "Sugar-Free Snacks",
                "/browse/food/sugar-free-snacks/976759_976787_3455839"
            ],
            [
                "Wrigley Gum",
                "/browse/food/wrigley-gum/976759_1096070_1224977_3533254"
            ],
            [
                "New Year New You",
                "/browse/food/new-year-new-you/976759_1567409_3170630_9741688"
            ],
            [
                "Trident Chewing Gum",
                "/browse/food/trident-chewing-gum/976759_1096070_1224977_9974693"
            ]
        ]
    },
    {
        "title": "Mentos Pure Fresh Gum, Watermelon, Sugar Free, 50 Pieces (Pack of 6)",
        "url": "https://www.walmart.com/ip/Mentos-Pure-Fresh-Gum-Watermelon-Sugar-Free-50-Pieces-Pack-of-6/875920221",
        "price": "$13.50",
        "stars": "5.0",
        "ratings": "7 ",
        "img": "i5.walmartimages.com/asr/c814ed66-aa1c-49fc-ba15-37e43c6ffa52_2.97bfaa5f1fb387fa51e8f7ba8141fb5b.jpeg?odnWidth=612&odnHeight=612&odnBg=ffffff",
        "tags": [
            [
                "Shop All Chewing Gum",
                "/browse/food/shop-all-chewing-gum/976759_1096070_1224977_1572366"
            ],
            [
                "Bubble Gum",
                "/browse/food/bubble-gum/976759_1096070_1224977_2039307"
            ],
            [
                "Sugar Free Food",
                "/browse/food/sugar-free-food/976759_1567409_3170630_2147513"
            ],
            [
                "Sugar-Free Snacks",
                "/browse/food/sugar-free-snacks/976759_976787_3455839"
            ],
            [
                "Wrigley Gum",
                "/browse/food/wrigley-gum/976759_1096070_1224977_3533254"
            ],
            [
                "Xylitol Gum",
                "/browse/food/xylitol-gum/976759_1096070_1224977_4012214"
            ],
            [
                "Ice Breakers Chewing Gum",
                "/browse/food/ice-breakers-chewing-gum/976759_1096070_1224977_5365518"
            ],
            [
                "Trident Chewing Gum",
                "/browse/food/trident-chewing-gum/976759_1096070_1224977_9974693"
            ]
        ]
    },
    {
        "title": "barkTHINS, Dark Chocolate Pretzel with Sea Salt, 10 Oz.",
        "url": "https://www.walmart.com/ip/barkTHINS-Dark-Chocolate-Pretzel-with-Sea-Salt-10-Oz/149888368",
        "price": "$10.70",
        "stars": "2.8",
        "ratings": "9 ",
        "img": "i5.walmartimages.com/asr/4e4540e3-623d-4cf4-82cc-d5119b9d30bb_1.fc072bbf0825c2d97714ea38fa2cf137.jpeg?odnWidth=612&odnHeight=612&odnBg=ffffff",
        "tags": [
            [
                "Shop All Premium Chocolate",
                "/browse/food/shop-all-premium-chocolate/976759_5148628_4569562_2514022"
            ],
            [
                "Chocolate Bars",
                "/browse/food/chocolate-bars/976759_1096070_1224976_3761246"
            ],
            [
                "Hershey's Halloween Candy",
                "/browse/food/hersheys-halloween-candy/976759_1567409_2107086_6041305_5688639"
            ],
            [
                "Hershey's Candy",
                "/browse/food/hersheys-candy/976759_1089004_5339481_6030945"
            ],
            [
                "Dark Chocolate",
                "/browse/food/dark-chocolate/976759_1096070_1224976_6696156"
            ],
            [
                "Premium Chocolate Bars & Bags",
                "/browse/food/premium-chocolate-bars-bags/976759_5148628_4569562_7908469"
            ],
            [
                "Hershey's Holiday Gifting",
                "/browse/food/hersheys-holiday-gifting/976759_1567409_4878811_9522847"
            ]
        ]
    },
    {
        "title": "Laffy Taffy Blue Raspberry Candy Tub, 0.34 Oz (145 Count)",
        "url": "https://www.walmart.com/ip/Laffy-Taffy-Blue-Raspberry-Candy-Tub-0-34-Oz-145-Count/708016599",
        "price": "$11.97",
        "stars": "4.3",
        "ratings": "4 ",
        "img": "",
        "tags": [
            [
                "Gummy Candy",
                "/browse/food/gummy-candy/976759_1096070_1224975_4246741"
            ],
            [
                "Caramels & Taffys",
                "/browse/food/caramels-taffys/976759_1096070_1224975_5726639"
            ],
            [
                "Office Candy",
                "/browse/food/office-candy/976759_1096070_1224980_6270829"
            ],
            [
                "Shop All Candy",
                "/browse/food/shop-all-candy/976759_1096070_1224975_6909059"
            ],
            [
                "Halloween Trick or Treat",
                "/browse/food/halloween-trick-treat/976759_1567409_2107086_6041305_8139682"
            ],
            [
                "Wholesale Candy",
                "/browse/food/wholesale-candy/976759_1096070_1224980_8149011"
            ],
            [
                "Classroom Candy and Treats",
                "/browse/food/classroom-candy-treats/976759_1567409_9457805_8980866"
            ]
        ]
    },
    {
        "title": "Hershey's, Milk Chocolate with Reese's Pieces Standard Candy Bar Box, 1.55 Oz., 36 Ct.",
        "url": "https://www.walmart.com/ip/Hershey-s-Milk-Chocolate-with-Reese-s-Pieces-Standard-Candy-Bar-Box-1-55-Oz-36-Ct/465842350",
        "price": "$20.11",
        "stars": "4.3",
        "ratings": "4 ",
        "img": "i5.walmartimages.com/asr/5a97d0c8-6924-45e1-9e94-3e2e10a1a17b_2.c069971386b806bb518f157ef0afbcda.png?odnWidth=612&odnHeight=612&odnBg=ffffff",
        "tags": [
            [
                "Hershey's Easter Chocolate Candy and Treats",
                "/browse/food/hersheys-easter-chocolate-candy-treats/976759_1567409_7567150_1407602"
            ],
            [
                "Shop All Cold Packed Chocolates",
                "/browse/food/shop-all-cold-packed-chocolates/976759_1567409_7329770_1414143"
            ],
            [
                "Cold Packed Hershey's Chocolate",
                "/browse/food/cold-packed-hersheys-chocolate/976759_1567409_7329770_1591769"
            ],
            [
                "Halloween Chocolate",
                "/browse/food/halloween-chocolate/976759_1567409_2107086_6041305_2967282"
            ],
            [
                "Chocolate Bars",
                "/browse/food/chocolate-bars/976759_1096070_1224976_3761246"
            ],
            [
                "Hershey's Halloween Candy",
                "/browse/food/hersheys-halloween-candy/976759_1567409_2107086_6041305_5688639"
            ],
            [
                "Hershey's Candy",
                "/browse/food/hersheys-candy/976759_1089004_5339481_6030945"
            ],
            [
                "All Halloween Candy",
                "/browse/food/all-halloween-candy/976759_1567409_2107086_6041305_9735259"
            ]
        ]
    },
    {
        "title": "PEZ Candy 6-pack Assorted Fruit Candy Rolls, box of 12 packs",
        "url": "https://www.walmart.com/ip/PEZ-Candy-6-pack-Assorted-Fruit-Candy-Rolls-box-of-12-packs/819173468",
        "price": "$14.99",
        "stars": "4.2",
        "ratings": "5 ",
        "img": "i5.walmartimages.com/asr/173a2281-ffac-45f6-a73e-717c6730e045_1.68130baa158f7ba6238321eb8186ea6c.jpeg?odnWidth=612&odnHeight=612&odnBg=ffffff",
        "tags": [
            [
                "Children's Party",
                "/browse/food/childrens-party/976759_1096070_1224980_1381998"
            ],
            [
                "Pez Candy",
                "/browse/food/pez-candy/976759_1096070_1224979_2910308"
            ],
            [
                "Hard Candy",
                "/browse/food/hard-candy/976759_1096070_1224979_3137292"
            ],
            [
                "Office Candy",
                "/browse/food/office-candy/976759_1096070_1224980_6270829"
            ],
            [
                "Lollipops & Suckers",
                "/browse/food/lollipops-suckers/976759_1096070_1224979_7528469"
            ],
            [
                "Wholesale Candy",
                "/browse/food/wholesale-candy/976759_1096070_1224980_8149011"
            ],
            [
                "Sour Candy",
                "/browse/food/sour-candy/976759_1096070_1224975_8650414"
            ]
        ]
    },
    {
        "title": "Breath Savers Breath Mints, Spearmint, 0.75 oz (Pack of 24)",
        "url": "https://www.walmart.com/ip/Breath-Savers-Breath-Mints-Spearmint-0-75-oz-Pack-of-24/978417626",
        "price": "$17.49",
        "stars": "4.4",
        "ratings": "7 ",
        "img": "i5.walmartimages.com/asr/e54dd3df-7b4e-400c-a57b-d35ea100166d_2.eb3093018543b2b06944a252ed8d4aa4.png?odnWidth=612&odnHeight=612&odnBg=ffffff",
        "tags": [
            [
                "Shop All Chewing Gum",
                "/browse/food/shop-all-chewing-gum/976759_1096070_1224977_1572366"
            ],
            [
                "Sugar-Free Snacks",
                "/browse/food/sugar-free-snacks/976759_976787_3455839"
            ],
            [
                "Shop All Mints",
                "/browse/food/shop-all-mints/976759_1096070_1224978_4579683"
            ],
            [
                "Ice Breaker Mints",
                "/browse/food/ice-breaker-mints/976759_1096070_1224978_4905438"
            ],
            [
                "Ice Breakers Chewing Gum",
                "/browse/food/ice-breakers-chewing-gum/976759_1096070_1224977_5365518"
            ],
            [
                "Hershey's Candy",
                "/browse/food/hersheys-candy/976759_1089004_5339481_6030945"
            ]
        ]
    }
]