[
    {
        "title": "Tyson\u00ae Fully Cooked Chicken Patties, 26 oz. (Frozen)",
        "url": "https://www.walmart.com/ip/Tyson-Fully-Cooked-Chicken-Patties-26-oz-Frozen/108931416",
        "price": "$4.82",
        "stars": "4.1",
        "ratings": "7 ",
        "img": "i5.walmartimages.com/asr/c61ddb1d-86b6-413f-bc0b-39985670bbde.e43deeba4b24eaee14c746c5a2f97bb5.jpeg?odnWidth=612&odnHeight=612&odnBg=ffffff",
        "tags": []
    },
    {
        "title": "Great Value Fully Cooked Crispy Chicken Strips, 25 oz",
        "url": "https://www.walmart.com/ip/Great-Value-Fully-Cooked-Crispy-Chicken-Strips-25-oz/11027865",
        "price": "$4.98",
        "stars": "3.3",
        "ratings": "109 ",
        "img": "i5.walmartimages.com/asr/415aca18-0815-43d3-ae1c-a8d1e9e625ad_1.f7b71dadfb59f61b90e7fc5cf39f0597.jpeg?odnWidth=612&odnHeight=612&odnBg=ffffff",
        "tags": [
            [
                "Condiments",
                "/browse/food/condiments/976759_976786_9696846_1001363"
            ],
            [
                "Frozen Appetizers",
                "/browse/food/frozen-appetizers/976759_976791_1001411"
            ],
            [
                "Peanut Butter and Jelly",
                "/browse/food/peanut-butter-jelly/976759_1567409_7966149_5050784"
            ],
            [
                "All Peanut Butter",
                "/browse/food/all-peanut-butter/976759_976786_1018820_6347787_6749456"
            ],
            [
                "Frozen Chicken",
                "/browse/food/frozen-chicken/976759_976791_5295075_8609714"
            ],
            [
                "Kosher Foods",
                "/browse/kosher-foods/976759_8925069"
            ],
            [
                "Creamy Peanut Butter",
                "/browse/food/creamy-peanut-butter/976759_976786_1018820_6347787_9717954"
            ]
        ]
    },
    {
        "title": "STOUFFER'S CLASSICS Family Size Lasagna with Meat & Sauce",
        "url": "https://www.walmart.com/ip/STOUFFER-S-CLASSICS-Family-Size-Lasagna-with-Meat-Sauce/10318308",
        "price": "$6.98",
        "stars": "3.1",
        "ratings": "763 ",
        "img": "i5.walmartimages.com/asr/101a6d18-e0a7-411d-b3fe-12e782722807.90fe38e4ce61a76a462b4dc65675b97a.jpeg?odnWidth=612&odnHeight=612&odnBg=ffffff",
        "tags": [
            [
                "Frozen Dinners & Meals",
                "/browse/food/frozen-dinners-meals/976759_976791_5511284_1001412"
            ],
            [
                "All Fresh Fruit",
                "/browse/food/all-fresh-fruit/976759_1071964_976793_9756351_1759962"
            ],
            [
                "Bananas",
                "/browse/food/bananas/976759_1071964_976793_9756351_2787146"
            ],
            [
                "All Cereal",
                "/browse/food/all-cereal/976759_976783_1231208_4423991"
            ],
            [
                "Frozen Pasta",
                "/browse/food/frozen-pasta/976759_976791_7089533"
            ],
            [
                "Shop Kellogg's",
                "/browse/shop-kelloggs/976759_7786229"
            ],
            [
                "Frozen Chicken",
                "/browse/food/frozen-chicken/976759_976791_5295075_8609714"
            ]
        ]
    },
    {
        "title": "Checkers Rally's Famous Seasoned Fries, 28 oz (Frozen)",
        "url": "https://www.walmart.com/ip/Checkers-Rally-s-Famous-Seasoned-Fries-28-oz-Frozen/10824304",
        "price": "$2.78",
        "stars": "4.4",
        "ratings": "64 ",
        "img": "i5.walmartimages.com/asr/b825d679-5389-4b1e-b1a7-7f730d8ec722_2.bd21b2e0d45a2566b94fc68066b742fc.jpeg?odnWidth=612&odnHeight=612&odnBg=ffffff",
        "tags": [
            [
                "Frozen Vegetables",
                "/browse/food/frozen-vegetables/976759_976791_1001424"
            ],
            [
                "All Fresh Fruit",
                "/browse/food/all-fresh-fruit/976759_1071964_976793_9756351_1759962"
            ],
            [
                "Bananas",
                "/browse/food/bananas/976759_1071964_976793_9756351_2787146"
            ],
            [
                "Frozen Hash Browns",
                "/browse/food/frozen-hash-browns/976759_976791_1001417_3322742"
            ],
            [
                "All Puffed Snacks",
                "/browse/food/all-puffed-snacks/976759_976787_5433270_4637189"
            ],
            [
                "Frozen Fries, Taters, and Wedges",
                "/browse/food/frozen-fries-taters-wedges/976759_976791_6170090_7822044"
            ],
            [
                "All Frozen Potatoes",
                "/browse/food/all-frozen-potatoes/976759_976791_6170090_8493377"
            ]
        ]
    },
    {
        "title": "Great Value Whole Kernel Corn, 32 oz",
        "url": "https://www.walmart.com/ip/Great-Value-Whole-Kernel-Corn-32-oz/571358544",
        "price": "$2.00",
        "stars": "4.9",
        "ratings": "10 ",
        "img": "i5.walmartimages.com/asr/9bbc37ea-f579-4302-8245-6de79e66846a_6.43c896ba2a9a1b2dd6c6088010b460fd.jpeg?odnWidth=612&odnHeight=612&odnBg=ffffff",
        "tags": [
            [
                "Frozen Dinners & Meals",
                "/browse/food/frozen-dinners-meals/976759_976791_5511284_1001412"
            ],
            [
                "All Fresh Fruit",
                "/browse/food/all-fresh-fruit/976759_1071964_976793_9756351_1759962"
            ],
            [
                "Fresh Pre-Cut Vegetables",
                "/browse/food/fresh-pre-cut-vegetables/976759_1071964_976793_8910423_2835097"
            ],
            [
                "Frozen Hash Browns",
                "/browse/food/frozen-hash-browns/976759_976791_1001417_3322742"
            ],
            [
                "Grapes",
                "/browse/food/grapes/976759_1071964_976793_9756351_3666751"
            ],
            [
                "All Frozen Potatoes",
                "/browse/food/all-frozen-potatoes/976759_976791_6170090_8493377"
            ],
            [
                "Brussel Sprouts and Cabbage",
                "/browse/food/brussel-sprouts-cabbage/976759_1071964_976793_8910423_8584247"
            ]
        ]
    },
    {
        "title": "STOUFFER'S Spaghetti with Meat Sauce Frozen Meal",
        "url": "https://www.walmart.com/ip/STOUFFER-S-Spaghetti-with-Meat-Sauce-Frozen-Meal/13448573",
        "price": "$2.48",
        "stars": "4.6",
        "ratings": "230 ",
        "img": "i5.walmartimages.com/asr/38a8247c-72f3-4dbe-b76b-c9630cce8716.fde687a4a594a308e6d25a15b65e2e0d.jpeg?odnWidth=612&odnHeight=612&odnBg=ffffff",
        "tags": [
            [
                "Frozen Dinners & Meals",
                "/browse/food/frozen-dinners-meals/976759_976791_5511284_1001412"
            ],
            [
                "Frozen Beef",
                "/browse/food/frozen-beef/976759_976791_5295075_1740883"
            ],
            [
                "All Fresh Fruit",
                "/browse/food/all-fresh-fruit/976759_1071964_976793_9756351_1759962"
            ],
            [
                "Bananas",
                "/browse/food/bananas/976759_1071964_976793_9756351_2787146"
            ],
            [
                "Hellmann's Mayonnaise",
                "/browse/food/hellmanns-mayonnaise/976759_976786_9696846_5399470_3686727"
            ],
            [
                "Gluten Free Foods",
                "/browse/food/gluten-free-foods/976759_5004481_5546296"
            ],
            [
                "Shop All Mayo",
                "/browse/food/shop-all-mayo/976759_976786_9696846_5399470_6720636"
            ],
            [
                "Frozen Chicken",
                "/browse/food/frozen-chicken/976759_976791_5295075_8609714"
            ]
        ]
    },
    {
        "title": "Healthy Choice Cafe Steamers Frozen Dinner Asian Inspired Beef Teriyaki 9.5 Ounce",
        "url": "https://www.walmart.com/ip/Healthy-Choice-Cafe-Steamers-Frozen-Dinner-Asian-Inspired-Beef-Teriyaki-9-5-Ounce/37912493",
        "price": "$2.52",
        "stars": "4.2",
        "ratings": "160 ",
        "img": "i5.walmartimages.com/asr/0e15a880-c247-4b5e-8b0b-81c4755d72d9_1.33053c8318dca14ed3d0bc089d952cb1.jpeg?odnWidth=612&odnHeight=612&odnBg=ffffff",
        "tags": [
            [
                "All Fresh Fruit",
                "/browse/food/all-fresh-fruit/976759_1071964_976793_9756351_1759962"
            ],
            [
                "Bananas",
                "/browse/food/bananas/976759_1071964_976793_9756351_2787146"
            ],
            [
                "Grapes",
                "/browse/food/grapes/976759_1071964_976793_9756351_3666751"
            ],
            [
                "Heatlhy Frozen Meals",
                "/browse/food/heatlhy-frozen-meals/976759_976791_5511284_6940360"
            ],
            [
                "Frozen Pasta",
                "/browse/food/frozen-pasta/976759_976791_7089533"
            ],
            [
                "Frozen Chicken",
                "/browse/food/frozen-chicken/976759_976791_5295075_8609714"
            ],
            [
                "Summer Grilling Snacks",
                "/browse/food/summer-grilling-snacks/976759_1567409_8808777_8991223"
            ]
        ]
    },
    {
        "title": "Great Value Organic Steamable Riced Cauliflower, 10 oz",
        "url": "https://www.walmart.com/ip/Great-Value-Organic-Steamable-Riced-Cauliflower-10-oz/197864195",
        "price": null,
        "stars": "4.0",
        "ratings": "4 ",
        "img": "i5.walmartimages.com/asr/6b47b810-a829-4072-8ec3-bd587f5216e1_2.a8a480a0cd792d9cbf5bd42dd78573cc.jpeg?odnWidth=612&odnHeight=612&odnBg=ffffff",
        "tags": [
            [
                "Frozen Dinners & Meals",
                "/browse/food/frozen-dinners-meals/976759_976791_5511284_1001412"
            ],
            [
                "Frozen Fruit",
                "/browse/food/frozen-fruit/976759_976791_1001413"
            ],
            [
                "Tortillas, Pitas & Wraps",
                "/browse/food/tortillas-pitas-wraps/976759_1071964_976779_3034786_1001458"
            ],
            [
                "All Fresh Fruit",
                "/browse/food/all-fresh-fruit/976759_1071964_976793_9756351_1759962"
            ],
            [
                "No Sugar Foods",
                "/browse/food/no-sugar-foods/976759_5004481_1858214"
            ],
            [
                "Bananas",
                "/browse/food/bananas/976759_1071964_976793_9756351_2787146"
            ],
            [
                "Vegan Foods",
                "/browse/food/vegan-foods/976759_5004481_6794259"
            ],
            [
                "Gluten Free Pasta & Grains",
                "/browse/food/gluten-free-pasta-grains/976759_5148628_4583057_1250486_7390423"
            ]
        ]
    },
    {
        "title": "Marketside Broccoli Florets, 32 oz",
        "url": "https://www.walmart.com/ip/Marketside-Broccoli-Florets-32-oz/51259389",
        "price": "$5.98",
        "stars": "3.9",
        "ratings": "7 ",
        "img": "i5.walmartimages.com/asr/28f3e0d9-697b-4327-90f5-497042ebded3_1.dac2593a9c33b9ec08c83dcc0143e5f6.jpeg?odnWidth=612&odnHeight=612&odnBg=ffffff",
        "tags": [
            [
                "Dried Fruits",
                "/browse/food/dried-fruits/976759_976787_4962467_1044135"
            ],
            [
                "All Fruit Snacks",
                "/browse/food/all-fruit-snacks/976759_976787_1001395_2676420"
            ],
            [
                "Gluten Free Foods",
                "/browse/food/gluten-free-foods/976759_5004481_5546296"
            ],
            [
                "New Fruit Snacks",
                "/browse/food/new-fruit-snacks/976759_976787_1001395_6636172"
            ],
            [
                "Bulk Fruit Snacks",
                "/browse/food/bulk-fruit-snacks/976759_976787_1001395_6730562"
            ],
            [
                "Low Sodium Foods",
                "/browse/food/low-sodium-foods/976759_5004481_6733659"
            ],
            [
                "Kid's Lunches",
                "/browse/food/kids-lunches/976759_1567409_7966149_7561098"
            ],
            [
                "Top-selling Fruit Snacks",
                "/browse/food/top-selling-fruit-snacks/976759_976787_1001395_9645697"
            ]
        ]
    },
    {
        "title": "Green Giant\u00ae Extra Sweet Corn-on-the-Cob Mini Ears 12 ct. Pack",
        "url": "https://www.walmart.com/ip/Green-Giant-Extra-Sweet-Corn-on-the-Cob-Mini-Ears-12-ct-Pack/10813651",
        "price": "$3.98",
        "stars": "4.7",
        "ratings": "35 ",
        "img": "",
        "tags": [
            [
                "Condiments",
                "/browse/food/condiments/976759_976786_9696846_1001363"
            ],
            [
                "Fresh Vegetables",
                "/browse/food/fresh-vegetables/976759_1071964_976793_1001435"
            ],
            [
                "All Fresh Fruit",
                "/browse/food/all-fresh-fruit/976759_1071964_976793_9756351_1759962"
            ],
            [
                "Bananas",
                "/browse/food/bananas/976759_1071964_976793_9756351_2787146"
            ],
            [
                "Shop All Mayo",
                "/browse/food/shop-all-mayo/976759_976786_9696846_5399470_6720636"
            ],
            [
                "Kid's Breakfast",
                "/browse/food/kids-breakfast/976759_1567409_7966149_6779439"
            ],
            [
                "Summer Grilling Condiments",
                "/browse/food/summer-grilling-condiments/976759_1567409_8808777_7265121"
            ],
            [
                "Heavy & Light Creams",
                "/browse/food/heavy-light-creams/976759_1071964_976788_9550303_9435999"
            ]
        ]
    }
]