[
    {
        "title": "(2 Pack) Zatarain's Concentrated Shrimp & Crab Boil, 4 fl oz",
        "url": "https://www.walmart.com/ip/2-Pack-Zatarain-s-Concentrated-Shrimp-Crab-Boil-4-fl-oz/47231934",
        "price": "$3.96",
        "stars": "4.4",
        "ratings": "13 ",
        "img": "i5.walmartimages.com/asr/ea9d8f51-da2e-4db9-bb8d-454b919d0182_1.c404dba016d23a6ac8bf9989744b2c37.jpeg?odnWidth=612&odnHeight=612&odnBg=ffffff",
        "tags": [
            [
                "Coatings & Batters",
                "/browse/food/coatings-batters/976759_976780_2881195_1044090"
            ],
            [
                "Baking Restock",
                "/browse/food/baking-restock/976759_1567409_2168938_1811730_4237636"
            ],
            [
                "All Mixed Spices & Seasonings",
                "/browse/food/all-mixed-spices-seasonings/976759_976786_1007682_4019297_4279992"
            ],
            [
                "All Seafood",
                "/browse/food/all-seafood/976759_1071964_976796_1001442_5871325"
            ],
            [
                "Fresh Fish",
                "/browse/food/fresh-fish/976759_1071964_976796_1001442_5915873"
            ],
            [
                "All Salt, Spices & Seasoning",
                "/browse/food/all-salt-spices-seasoning/976759_976786_8191625"
            ],
            [
                "Cajun Seasoning",
                "/browse/food/cajun-seasoning/976759_976786_1007682_4019297_8910357"
            ]
        ]
    },
    {
        "title": "Wonderful Pistachios, Salt & Pepper Flavor, 7 Ounce Resealable Pouch",
        "url": "https://www.walmart.com/ip/Wonderful-Pistachios-Salt-Pepper-Flavor-7-Ounce-Resealable-Pouch/52796473",
        "price": "$4.46",
        "stars": "5.0",
        "ratings": "15 ",
        "img": "i5.walmartimages.com/asr/f855d23d-1d8c-41d5-a648-bee54e75df44_1.2827861de391abbfdb3ea9e32fb15dad.jpeg?odnWidth=612&odnHeight=612&odnBg=ffffff",
        "tags": [
            [
                "High Protein Snacks",
                "/browse/food/high-protein-snacks/976759_976787_1247241"
            ],
            [
                "All Nuts, Trail Mix,& Seeds",
                "/browse/food/all-nuts-trail-mix-seeds/976759_976787_1001406_2615672"
            ],
            [
                "Keto Snacks",
                "/browse/food/keto-snacks/976759_976787_3049581"
            ],
            [
                "Study Snacks",
                "/browse/food/study-snacks/976759_1567409_3591080_6794842"
            ],
            [
                "Brain Foods",
                "/browse/food/brain-foods/976759_1567409_3591080_7046643"
            ],
            [
                "All Nuts, Dried Fruits and Healthy Snacks",
                "/browse/food/all-nuts-dried-fruits-healthy-snacks/976759_1071964_976793_6682547_7101504"
            ],
            [
                "All Pistachios",
                "/browse/food/all-pistachios/976759_976787_1001406_8200836_9373384"
            ],
            [
                "Wonderful Pistachios",
                "/browse/food/wonderful-pistachios/976759_976787_1001406_8200836_9747515"
            ]
        ]
    },
    {
        "title": "Premier Protein Protein Shake, Cafe Latte, 30g Protein, 11 fl oz, 12 Ct",
        "url": "https://www.walmart.com/ip/Premier-Protein-Protein-Shake-Cafe-Latte-30g-Protein-11-fl-oz-12-Ct/516060443",
        "price": "$22.41",
        "stars": "4.8",
        "ratings": "723 ",
        "img": "i5.walmartimages.com/asr/29dd925a-1e5f-4667-9e76-1d722e916937_1.d26395e2616622736292e50a7ce319bb.jpeg?odnWidth=612&odnHeight=612&odnBg=ffffff",
        "tags": [
            [
                "Shakes",
                "/browse/food/shakes/976759_976782_5795119_1802061"
            ],
            [
                "High Protein Drinks",
                "/browse/food/high-protein-drinks/976759_976782_5795119_1839466"
            ],
            [
                "On-The-Go Drinks",
                "/browse/food/on-the-go-drinks/976759_1567409_3170630_5402200"
            ],
            [
                "Protein & Electrolytes",
                "/browse/food/protein-electrolytes/976759_976782_5795119_5913425"
            ],
            [
                "Functional Beverages",
                "/browse/food/functional-beverages/976759_976782_6366289"
            ],
            [
                "On-The-Go New Year New You Foods",
                "/browse/food/on-the-go-new-year-new-you-foods/976759_1567409_3170630_7175981"
            ],
            [
                "Weight Management",
                "/browse/food/weight-management/976759_1567409_3170630_9605404"
            ]
        ]
    },
    {
        "title": "Wish-Bone Russian Dressing 15 FL OZ",
        "url": "https://www.walmart.com/ip/Wish-Bone-Russian-Dressing-15-FL-OZ/55500616",
        "price": "$1.94",
        "stars": "4.8",
        "ratings": "36 ",
        "img": "i5.walmartimages.com/asr/7fc71343-e8f1-4f67-84d5-85c93a498a00_1.6f19652948fe0ba7c0acd3baaf429f96.jpeg?odnWidth=612&odnHeight=612&odnBg=ffffff",
        "tags": [
            [
                "Ranch Dressing",
                "/browse/food/ranch-dressing/976759_976786_5730644_1345093"
            ],
            [
                "Thousand Island Dressing",
                "/browse/food/thousand-island-dressing/976759_976786_5730644_2227127"
            ],
            [
                "Italian Dressing",
                "/browse/food/italian-dressing/976759_976786_5730644_3178690"
            ],
            [
                "All Fresh Packaged Salads, Dressings and Dips",
                "/browse/food/all-fresh-packaged-salads-dressings-dips/976759_1071964_976793_9538337_3695434"
            ],
            [
                "Hidden Valley Ranch",
                "/browse/food/hidden-valley-ranch/976759_976786_5730644_3791260"
            ],
            [
                "Specialty Dressing",
                "/browse/food/specialty-dressing/976759_976786_5730644_4547303"
            ],
            [
                "Fat Free Food",
                "/browse/food/fat-free-food/976759_1567409_3170630_8672408"
            ],
            [
                "French Dressing",
                "/browse/food/french-dressing/976759_976786_5730644_9235971"
            ]
        ]
    },
    {
        "title": "Katz Gluten Free Donuts Glazed",
        "url": "https://www.walmart.com/ip/Katz-Gluten-Free-Donuts-Glazed/677288906",
        "price": "$6.49",
        "stars": "4.9",
        "ratings": "9 ",
        "img": "",
        "tags": [
            [
                "Dessert Breads",
                "/browse/food/dessert-breads/976759_1071964_976779_1001456"
            ],
            [
                "All Cookies",
                "/browse/food/all-cookies/976759_976787_1001391_1592885"
            ],
            [
                "Gluten Free Pretzels",
                "/browse/food/gluten-free-pretzels/976759_976787_1044156_2853390"
            ],
            [
                "Chocolate Cookies",
                "/browse/food/chocolate-cookies/976759_976787_1001391_4007138"
            ],
            [
                "Gluten-Free Cookies",
                "/browse/food/gluten-free-cookies/976759_976787_1001391_4362193"
            ],
            [
                "All Pretzels",
                "/browse/food/all-pretzels/976759_976787_1044156_4377769"
            ],
            [
                "Plant Based Snacks",
                "/browse/food/plant-based-snacks/976759_5148628_4583057_2468673_6967777"
            ],
            [
                "Gluten Free Crackers",
                "/browse/food/gluten-free-crackers/976759_976787_1001392_8926169"
            ]
        ]
    },
    {
        "title": "Bumble Bee Snack On The Run! Ham Salad with Crackers, 3.5 oz Snack Kit, Good Source of Protein",
        "url": "https://www.walmart.com/ip/Bumble-Bee-Snack-On-The-Run-Ham-Salad-with-Crackers-3-5-oz-Snack-Kit-Good-Source-of-Protein/10309564",
        "price": "$1.24",
        "stars": "3.5",
        "ratings": "17 ",
        "img": "i5.walmartimages.com/asr/ab6bf39e-4ed1-4a0e-8f4a-780b05656b87_1.5bb67babedd9da38e7b61a56cd158370.jpeg?odnWidth=612&odnHeight=612&odnBg=ffffff",
        "tags": [
            [
                "Tuna & Seafood",
                "/browse/food/tuna-seafood/976759_976794_976785_1001781"
            ],
            [
                "All Grab and Go Sandwiches, Salads and Snack Packs",
                "/browse/food/all-grab-go-sandwiches-salads-snack-packs/976759_1071964_976789_1291950_1584059"
            ],
            [
                "High Protein Food Staples",
                "/browse/food/high-protein-food-staples/976759_1567409_2168938_8870296_2783192"
            ],
            [
                "Premade Salads",
                "/browse/food/premade-salads/976759_1071964_976789_1291950_5396873"
            ],
            [
                "Canned Tuna",
                "/browse/food/canned-tuna/976759_976794_976785_5772565"
            ],
            [
                "Bumblebee Tuna",
                "/browse/food/bumblebee-tuna/976759_976794_976785_6754896"
            ],
            [
                "Packaged Salads",
                "/browse/food/packaged-salads/976759_1071964_976793_8903029"
            ],
            [
                "Tuna Pouches",
                "/browse/food/tuna-pouches/976759_976794_976785_9162342"
            ]
        ]
    },
    {
        "title": "Kellogg's Special K, Pastry Crisps, Caramel Latte, 12 Ct, 5.28 Oz",
        "url": "https://www.walmart.com/ip/Kellogg-s-Special-K-Pastry-Crisps-Caramel-Latte-12-Ct-5-28-Oz/167561726",
        "price": "$2.78",
        "stars": "4.9",
        "ratings": "16 ",
        "img": "i5.walmartimages.com/asr/59ae8294-8a91-4104-82aa-3ea4a7dcc998.5d3c77ae68c360d47ec23898010c4648.jpeg?odnWidth=612&odnHeight=612&odnBg=ffffff",
        "tags": [
            [
                "Pop-Tarts & Toaster Pastries",
                "/browse/food/pop-tarts-toaster-pastries/976759_976783_1001336"
            ],
            [
                "Fruity Breakfast",
                "/browse/food/fruity-breakfast/976759_976783_3998702"
            ],
            [
                "Kellogg's Rice Krispies Treats Cereal Bars",
                "/browse/food/kelloggs-rice-krispies-treats-cereal-bars/976759_976783_4572072"
            ],
            [
                "Granola Bars",
                "/browse/food/granola-bars/976759_976787_1044154_5006109"
            ],
            [
                "Shop Kellogg's",
                "/browse/shop-kelloggs/976759_7786229"
            ],
            [
                "Nature Valley Granola Bars & Snack Bars",
                "/browse/food/nature-valley-granola-bars-snack-bars/976759_976787_1044154_7928976"
            ],
            [
                "Pop-Tarts",
                "/browse/food/pop-tarts/976759_2606229_9334013"
            ]
        ]
    },
    {
        "title": "(2 Pack) Victoria Pasta Sauce Slow Cooked Arrabbiata, 24.0 OZ",
        "url": "https://www.walmart.com/ip/2-Pack-Victoria-Pasta-Sauce-Slow-Cooked-Arrabbiata-24-0-OZ/376465503",
        "price": "$6.75",
        "stars": "4.3",
        "ratings": "15 ",
        "img": "i5.walmartimages.com/asr/896d38e3-cd02-4dda-af94-9ab2ed507953_1.19816b8b913b37a64794ba010d826880.jpeg?odnWidth=612&odnHeight=612&odnBg=ffffff",
        "tags": [
            [
                "Sauces",
                "/browse/food/sauces/976759_976786_1076366"
            ],
            [
                "All Meals and Sides",
                "/browse/food/all-meals-sides/976759_1071964_976789_2133672_1535108"
            ],
            [
                "Canned Tomatoes",
                "/browse/food/canned-tomatoes/976759_976794_976785_2009430"
            ],
            [
                "Pasta Sauce",
                "/browse/food/pasta-sauce/976759_976794_2775278"
            ],
            [
                "Vegan Foods",
                "/browse/food/vegan-foods/976759_5004481_6794259"
            ],
            [
                "Easy Kid's Dinners",
                "/browse/food/easy-kids-dinners/976759_1567409_7966149_9873756"
            ]
        ]
    },
    {
        "title": "Hostess Chocolate Cake Twinkies, 10 count, 13.58 oz",
        "url": "https://www.walmart.com/ip/Hostess-Chocolate-Cake-Twinkies-10-count-13-58-oz/143695178",
        "price": "$11.99",
        "stars": "4.2",
        "ratings": "10 ",
        "img": "i5.walmartimages.com/asr/653d858f-c13f-4c0d-8f88-deff89448c34.41799a0615c4d0d15a2fa3093bcbf015.jpeg?odnWidth=612&odnHeight=612&odnBg=ffffff",
        "tags": [
            [
                "Snack Cakes",
                "/browse/food/snack-cakes/976759_976787_1001398"
            ],
            [
                "Cakes & Cupcakes",
                "/browse/food/cakes-cupcakes/976759_1071964_976779_1044106"
            ],
            [
                "All Cookies",
                "/browse/food/all-cookies/976759_976787_1001391_1592885"
            ],
            [
                "Pastries",
                "/browse/food/pastries/976759_1071964_976779_2137603_4489681"
            ],
            [
                "Cakes",
                "/browse/food/cakes/976759_1071964_976779_9657002_6915507"
            ],
            [
                "Cupcakes",
                "/browse/food/cupcakes/976759_1071964_976779_2137603_7648448"
            ],
            [
                "Croissants and Breakfast Pastries",
                "/browse/food/croissants-breakfast-pastries/976759_1071964_976779_1044115_8008239"
            ]
        ]
    },
    {
        "title": "Fiber One 70 Calorie Chocolate Fudge Brownie, 6ct.",
        "url": "https://www.walmart.com/ip/Fiber-One-70-Calorie-Chocolate-Fudge-Brownie-6ct/17203447",
        "price": "$11.95",
        "stars": "4.0",
        "ratings": "795 ",
        "img": "i5.walmartimages.com/asr/9e640d35-25ca-4fc2-92bb-13124f74f5f2_1.bc1ef8c273e913a49719d55c83c08f5e.jpeg?odnWidth=612&odnHeight=612&odnBg=ffffff",
        "tags": [
            [
                "Cereal Bars & Breakfast Bars",
                "/browse/food/cereal-bars-breakfast-bars/976759_976783_1001332"
            ],
            [
                "On the Go Snacks",
                "/browse/food/on-the-go-snacks/976759_976787_3253105"
            ],
            [
                "Granola Bars",
                "/browse/food/granola-bars/976759_976787_1044154_5006109"
            ],
            [
                "Indulgent Breakfast",
                "/browse/food/indulgent-breakfast/976759_976783_7148587"
            ],
            [
                "Fiber One Breakfast & Snack Bars",
                "/browse/food/fiber-one-breakfast-snack-bars/976759_976783_7968162"
            ],
            [
                "Gaming Snacks & Drinks",
                "/browse/food/gaming-snacks-drinks/976759_1567409_8254504"
            ],
            [
                "New Year New You",
                "/browse/food/new-year-new-you/976759_1567409_3170630_9741688"
            ]
        ]
    }
]