[
    {
        "title": "Mezzetta Jalapeno Stuffed Olives, 10.0 OZ",
        "url": "https://www.walmart.com/ip/Mezzetta-Jalapeno-Stuffed-Olives-10-0-OZ/10313651",
        "price": "$5.32",
        "stars": "4.8",
        "ratings": "91 ",
        "img": "i5.walmartimages.com/asr/5105daf0-2813-4a37-8f97-7bd5b498979a_1.c706e49a46fbb58862a0af5a9c92d612.jpeg?odnWidth=612&odnHeight=612&odnBg=ffffff",
        "tags": [
            [
                "Shop All Pickles",
                "/browse/food/shop-all-pickles/976759_976786_3273605_1044187"
            ],
            [
                "No Sugar Foods",
                "/browse/food/no-sugar-foods/976759_5004481_1858214"
            ],
            [
                "Black Olives",
                "/browse/food/black-olives/976759_976786_6379931_3057716"
            ],
            [
                "Vegan Foods",
                "/browse/food/vegan-foods/976759_5004481_6794259"
            ],
            [
                "Manzanilla Olives",
                "/browse/food/manzanilla-olives/976759_976786_6379931_6882150"
            ],
            [
                "Summer Grilling Condiments",
                "/browse/food/summer-grilling-condiments/976759_1567409_8808777_7265121"
            ],
            [
                "Stuffed Olives",
                "/browse/food/stuffed-olives/976759_976786_6379931_7415069"
            ],
            [
                "Kalamata Olives",
                "/browse/food/kalamata-olives/976759_976786_6379931_9448286"
            ]
        ]
    },
    {
        "title": "Milwaukees Baby Dill Pickles Kosher 32 Oz",
        "url": "https://www.walmart.com/ip/Milwaukees-Baby-Dill-Pickles-Kosher-32-Oz/10534927",
        "price": "$69.90",
        "stars": "5.0",
        "ratings": "2 ",
        "img": "i5.walmartimages.com/asr/21732de4-7135-4a42-9de6-008937e16b85_1.6800990d3651210f2d3b0a0690974686.jpeg?odnWidth=612&odnHeight=612&odnBg=ffffff",
        "tags": [
            [
                "No Sugar Foods",
                "/browse/food/no-sugar-foods/976759_5004481_1858214"
            ],
            [
                "Sweet Pickles",
                "/browse/food/sweet-pickles/976759_976786_3273605_3728941"
            ],
            [
                "Low Calorie Foods",
                "/browse/food/low-calorie-foods/976759_5004481_6036545"
            ],
            [
                "Mt. Olive",
                "/browse/food/mt-olive/976759_976786_3273605_6488583"
            ],
            [
                "Summer Grilling Condiments",
                "/browse/food/summer-grilling-condiments/976759_1567409_8808777_7265121"
            ],
            [
                "Dill Pickles",
                "/browse/food/dill-pickles/976759_976786_3273605_7404523"
            ],
            [
                "Vlasic Pickles",
                "/browse/food/vlasic-pickles/976759_976786_3273605_8455262"
            ]
        ]
    },
    {
        "title": "Healthy Choice Power Salad Dressing, Creamy Ranch, 12 oz.",
        "url": "https://www.walmart.com/ip/Healthy-Choice-Power-Salad-Dressing-Creamy-Ranch-12-oz/826272870",
        "price": "$3.52",
        "stars": "4.3",
        "ratings": "32 ",
        "img": "i5.walmartimages.com/asr/c0ba3a95-8af9-4b60-bc27-1b08c9b3716f.e0d048c6128c14381cbb0a659da7286b.jpeg?odnWidth=612&odnHeight=612&odnBg=ffffff",
        "tags": [
            [
                "Ranch Dressing",
                "/browse/food/ranch-dressing/976759_976786_5730644_1345093"
            ],
            [
                "Condiments & Salad Dressing",
                "/browse/food/condiments-salad-dressing/976759_4143264_2535686_3978835_2015786"
            ],
            [
                "Italian Dressing",
                "/browse/food/italian-dressing/976759_976786_5730644_3178690"
            ],
            [
                "All Fresh Packaged Salads, Dressings and Dips",
                "/browse/food/all-fresh-packaged-salads-dressings-dips/976759_1071964_976793_9538337_3695434"
            ],
            [
                "Hidden Valley Ranch",
                "/browse/food/hidden-valley-ranch/976759_976786_5730644_3791260"
            ],
            [
                "Specialty Dressing",
                "/browse/food/specialty-dressing/976759_976786_5730644_4547303"
            ],
            [
                "Dairy Free Foods",
                "/browse/food/dairy-free-foods/976759_5004481_7941405"
            ],
            [
                "High Fiber Foods",
                "/browse/food/high-fiber-foods/976759_5004481_9339140"
            ]
        ]
    },
    {
        "title": "(2 pack) Cattlemen's Carolina Tangy Gold BBQ Sauce, 18 oz",
        "url": "https://www.walmart.com/ip/2-pack-Cattlemen-s-Carolina-Tangy-Gold-BBQ-Sauce-18-oz/211421348",
        "price": "$3.96",
        "stars": "4.9",
        "ratings": "50 ",
        "img": "i5.walmartimages.com/asr/677552df-c0d0-4e1a-be75-dc1405816c28_1.d6fe5fc669dfacc37b0d39372888494c.jpeg?odnWidth=612&odnHeight=612&odnBg=ffffff",
        "tags": [
            [
                "Sauces",
                "/browse/food/sauces/976759_976786_1076366"
            ],
            [
                "Game Time Condiments",
                "/browse/food/game-time-condiments/976759_1567409_3282877_2930489_4160797"
            ],
            [
                "Frank's RedHot",
                "/browse/food/franks-redhot/976759_976786_9696846_5998141_4260444"
            ],
            [
                "All Hot Sauces",
                "/browse/food/all-hot-sauces/976759_976786_9696846_5998141_4394977"
            ],
            [
                "Bulk Sizes",
                "/browse/food/bulk-sizes/976759_976786_9696846_4567256"
            ],
            [
                "Shop All BBQ Sauces",
                "/browse/food/shop-all-bbq-sauces/976759_976786_9696846_9999057_6757439"
            ],
            [
                "Summer Grilling Condiments",
                "/browse/food/summer-grilling-condiments/976759_1567409_8808777_7265121"
            ],
            [
                "KCMasterpiece",
                "/browse/food/kcmasterpiece/976759_2606229_7458550"
            ]
        ]
    },
    {
        "title": "Good Seasons Zesty Italian Salad Dressing & Recipe Mix 4 - 0.6 oz Packets",
        "url": "https://www.walmart.com/ip/Good-Seasons-Zesty-Italian-Salad-Dressing-Recipe-Mix-4-0-6-oz-Packets/20434324",
        "price": "$4.37",
        "stars": "4.8",
        "ratings": "102 ",
        "img": "i5.walmartimages.com/asr/19ad7ba4-7526-407b-b82d-3f721752cb33.29d18abac2f60331efde24b1251c3bfa.jpeg?odnWidth=612&odnHeight=612&odnBg=ffffff",
        "tags": [
            [
                "Condiments",
                "/browse/food/condiments/976759_976786_9696846_1001363"
            ],
            [
                "Shop All Salad Dressings",
                "/browse/food/shop-all-salad-dressings/976759_976786_5730644_1001365"
            ],
            [
                "Italian Dressing",
                "/browse/food/italian-dressing/976759_976786_5730644_3178690"
            ],
            [
                "All Fresh Packaged Salads, Dressings and Dips",
                "/browse/food/all-fresh-packaged-salads-dressings-dips/976759_1071964_976793_9538337_3695434"
            ],
            [
                "Hidden Valley Ranch",
                "/browse/food/hidden-valley-ranch/976759_976786_5730644_3791260"
            ],
            [
                "Nut Free Foods",
                "/browse/food/nut-free-foods/976759_5004481_5679034"
            ],
            [
                "Chilled Dips",
                "/browse/food/chilled-dips/976759_1071964_976788_7062976"
            ],
            [
                "Dairy Free Foods",
                "/browse/food/dairy-free-foods/976759_5004481_7941405"
            ]
        ]
    },
    {
        "title": "Las Palmas\u00ae Medium Green Chile Enchilada Sauce 28 oz. Can",
        "url": "https://www.walmart.com/ip/Las-Palmas-Medium-Green-Chile-Enchilada-Sauce-28-oz-Can/10535233",
        "price": "$1.96",
        "stars": "4.4",
        "ratings": "30 ",
        "img": "i5.walmartimages.com/asr/1f002a8a-107d-4a73-88be-9166ef945b20.51963efa98d9bc2f0486efcdc88ae978.jpeg?odnWidth=612&odnHeight=612&odnBg=ffffff",
        "tags": [
            [
                "Sauces",
                "/browse/food/sauces/976759_976786_1076366"
            ],
            [
                "All Chilled Hummus, Dips and Salsas",
                "/browse/food/all-chilled-hummus-dips-salsas/976759_1071964_976789_7056897_2830800"
            ],
            [
                "All Salsas",
                "/browse/food/all-salsas/976759_976787_1001393_7109351_3919898"
            ],
            [
                "Snacks",
                "/browse/food/snacks/976759_5148628_1228025_1228103_4586063"
            ],
            [
                "Canned Green Chilis",
                "/browse/food/canned-green-chilis/976759_976794_976785_5536581"
            ],
            [
                "Low Calorie Foods",
                "/browse/food/low-calorie-foods/976759_5004481_6036545"
            ],
            [
                "All Dips & Spreads",
                "/browse/food/all-dips-spreads/976759_976787_1001393_7832203"
            ]
        ]
    },
    {
        "title": "(2 Pack) Kens Foods Kens Steak House  Dressing, Topping & Spread, 24 oz",
        "url": "https://www.walmart.com/ip/2-Pack-Kens-Foods-Kens-Steak-House-Dressing-Topping-Spread-24-oz/781357640",
        "price": "$5.78",
        "stars": "4.9",
        "ratings": "9 ",
        "img": "",
        "tags": [
            [
                "Condiments",
                "/browse/food/condiments/976759_976786_9696846_1001363"
            ],
            [
                "Gluten-Free Foods",
                "/browse/food/gluten-free-foods/976759_1228023_1228016"
            ],
            [
                "Ranch Dressing",
                "/browse/food/ranch-dressing/976759_976786_5730644_1345093"
            ],
            [
                "Thousand Island Dressing",
                "/browse/food/thousand-island-dressing/976759_976786_5730644_2227127"
            ],
            [
                "All Fresh Packaged Salads, Dressings and Dips",
                "/browse/food/all-fresh-packaged-salads-dressings-dips/976759_1071964_976793_9538337_3695434"
            ],
            [
                "Game Time Condiments",
                "/browse/food/game-time-condiments/976759_1567409_3282877_2930489_4160797"
            ],
            [
                "Honey Mustards",
                "/browse/food/honey-mustards/976759_976786_9696846_1868509_8038617"
            ],
            [
                "French Dressing",
                "/browse/food/french-dressing/976759_976786_5730644_9235971"
            ]
        ]
    },
    {
        "title": "(3 Pack) Smucker's Seedless Black Raspberry Spread, 10-Ounce",
        "url": "https://www.walmart.com/ip/3-Pack-Smucker-s-Seedless-Black-Raspberry-Spread-10-Ounce/47233027",
        "price": "$7.60",
        "stars": "4.9",
        "ratings": "77 ",
        "img": "i5.walmartimages.com/asr/e1227fdd-0b3a-462b-a4a6-26c66f05845a_1.390a5809776602bcd5aae619b14630e1.jpeg?odnWidth=612&odnHeight=612&odnBg=ffffff",
        "tags": [
            [
                "Sugar-Free Food Essentials",
                "/browse/food/sugar-free-food-essentials/976759_1567409_2168938_8870296_1639022"
            ],
            [
                "Sugar Free Food",
                "/browse/food/sugar-free-food/976759_1567409_3170630_2147513"
            ],
            [
                "Sugar-Free Snacks",
                "/browse/food/sugar-free-snacks/976759_976787_3455839"
            ],
            [
                "Peanut Butter and Jelly",
                "/browse/food/peanut-butter-jelly/976759_1567409_7966149_5050784"
            ],
            [
                "Raspberry Preserves",
                "/browse/food/raspberry-preserves/976759_976786_4439815_3614424_5461568"
            ],
            [
                "All Jams",
                "/browse/food/all-jams/976759_976786_4439815_4206490_5476094"
            ],
            [
                "Smucker's",
                "/browse/food/smuckers/976759_976786_4439815_7181651"
            ],
            [
                "Non GMO Food",
                "/browse/food/non-gmo-food/976759_5004481_8102928"
            ]
        ]
    },
    {
        "title": "Accent\u00ae Flavor Enhancer 4.5 oz. Shaker",
        "url": "https://www.walmart.com/ip/Accent-Flavor-Enhancer-4-5-oz-Shaker/10291600",
        "price": "$3.48",
        "stars": "4.9",
        "ratings": "24 ",
        "img": "i5.walmartimages.com/asr/4df10824-9a9a-4850-b5a4-4d61b3226085.b1f18ad4b28d1a65d892965e14e549c5.jpeg?odnWidth=612&odnHeight=612&odnBg=ffffff",
        "tags": [
            [
                "No Sugar Foods",
                "/browse/food/no-sugar-foods/976759_5004481_1858214"
            ],
            [
                "All Mixed Spices & Seasonings",
                "/browse/food/all-mixed-spices-seasonings/976759_976786_1007682_4019297_4279992"
            ],
            [
                "Low Sodium Food Staples",
                "/browse/food/low-sodium-food-staples/976759_1567409_2168938_8870296_4607863"
            ],
            [
                "Himalayan Pink Salt",
                "/browse/food/himalayan-pink-salt/976759_976786_1007682_7559954_4978870"
            ],
            [
                "Low Calorie Foods",
                "/browse/food/low-calorie-foods/976759_5004481_6036545"
            ],
            [
                "Herbs, Spices & Seasonings",
                "/browse/food/herbs-spices-seasonings/976759_4143264_2535686_3978835_6345282"
            ],
            [
                "Salt Substitutes",
                "/browse/food/salt-substitutes/976759_976786_1007682_7559954_8042244"
            ],
            [
                "All Salt, Spices & Seasoning",
                "/browse/food/all-salt-spices-seasoning/976759_976786_8191625"
            ]
        ]
    },
    {
        "title": "Wish-Bone Red Wine Vinaigrette Dressing 15 FL OZ",
        "url": "https://www.walmart.com/ip/Wish-Bone-Red-Wine-Vinaigrette-Dressing-15-FL-OZ/55500606",
        "price": "$1.94",
        "stars": "4.7",
        "ratings": "48 ",
        "img": "i5.walmartimages.com/asr/d47b4934-4526-424f-87c5-22380855ab46_1.9cbcc92b29ccaa96f1cb79675a95f19b.jpeg?odnWidth=612&odnHeight=612&odnBg=ffffff",
        "tags": [
            [
                "Ranch Dressing",
                "/browse/food/ranch-dressing/976759_976786_5730644_1345093"
            ],
            [
                "Thousand Island Dressing",
                "/browse/food/thousand-island-dressing/976759_976786_5730644_2227127"
            ],
            [
                "Italian Dressing",
                "/browse/food/italian-dressing/976759_976786_5730644_3178690"
            ],
            [
                "All Fresh Packaged Salads, Dressings and Dips",
                "/browse/food/all-fresh-packaged-salads-dressings-dips/976759_1071964_976793_9538337_3695434"
            ],
            [
                "Specialty Dressing",
                "/browse/food/specialty-dressing/976759_976786_5730644_4547303"
            ],
            [
                "Balsamic Dressing",
                "/browse/food/balsamic-dressing/976759_976786_5730644_8476862"
            ],
            [
                "French Dressing",
                "/browse/food/french-dressing/976759_976786_5730644_9235971"
            ],
            [
                "Dressings & Marinades",
                "/browse/food/dressings-marinades/976759_976786_9696846_3225715_9994967"
            ]
        ]
    }
]