[
    {
        "title": "Goya Sazon Con Azafran Seasoning, 3.52 Oz",
        "url": "https://www.walmart.com/ip/Goya-Sazon-Con-Azafran-Seasoning-3-52-Oz/29945121",
        "price": "$7.34",
        "stars": "4.4",
        "ratings": "7 ",
        "img": "i5.walmartimages.com/asr/b8c60dae-7a9e-4f7d-9fcc-827ee3cc98f1_1.532bc8530a5e71ca5b11beba6310efdb.jpeg?odnWidth=612&odnHeight=612&odnBg=ffffff",
        "tags": [
            [
                "Stocks & Broths",
                "/browse/food/stocks-broths/976759_976794_976785_1001360"
            ],
            [
                "Tortillas, Pitas & Wraps",
                "/browse/food/tortillas-pitas-wraps/976759_1071964_976779_3034786_1001458"
            ],
            [
                "Canned Tomatoes",
                "/browse/food/canned-tomatoes/976759_976794_976785_2009430"
            ],
            [
                "Pasta Sauce",
                "/browse/food/pasta-sauce/976759_976794_2775278"
            ],
            [
                "Snacks",
                "/browse/food/snacks/976759_5148628_1228025_1228103_4586063"
            ],
            [
                "Vegan Foods",
                "/browse/food/vegan-foods/976759_5004481_6794259"
            ],
            [
                "Bouillon",
                "/browse/food/bouillon/976759_976794_3901881_7614443"
            ],
            [
                "All Salt, Spices & Seasoning",
                "/browse/food/all-salt-spices-seasoning/976759_976786_8191625"
            ]
        ]
    },
    {
        "title": "Bisquick Flavor Burstin\u2019 Chocolate Chip Complete Pancake Mix",
        "url": "https://www.walmart.com/ip/Bisquick-Flavor-Burstin-Chocolate-Chip-Complete-Pancake-Mix/568633780",
        "price": "$2.46",
        "stars": "5.0",
        "ratings": "1 ",
        "img": "i5.walmartimages.com/asr/899e8280-2206-40a6-a399-ccaf28c4a40e_1.be2cbaa5d7bb72c3eb979363e3efd03a.jpeg?odnWidth=612&odnHeight=612&odnBg=ffffff",
        "tags": [
            [
                "All Baking Mixes",
                "/browse/food/all-baking-mixes/976759_976780_1001368_2594651"
            ],
            [
                "On the Go Snacks",
                "/browse/food/on-the-go-snacks/976759_976787_3253105"
            ],
            [
                "Granola Bars",
                "/browse/food/granola-bars/976759_976787_1044154_5006109"
            ],
            [
                "Home Workout Snacks and Beverages",
                "/browse/food/home-workout-snacks-beverages/976759_1567409_7702434"
            ],
            [
                "Fiber One Breakfast & Snack Bars",
                "/browse/food/fiber-one-breakfast-snack-bars/976759_976783_7968162"
            ],
            [
                "Non GMO Food",
                "/browse/food/non-gmo-food/976759_5004481_8102928"
            ],
            [
                "New Year New You",
                "/browse/food/new-year-new-you/976759_1567409_3170630_9741688"
            ]
        ]
    },
    {
        "title": "My*T*Fine: Pudding & Pie Filling Lemon, 2.75 Oz",
        "url": "https://www.walmart.com/ip/My-T-Fine-Pudding-Pie-Filling-Lemon-2-75-Oz/10450924",
        "price": "$1.48",
        "stars": "4.6",
        "ratings": "30 ",
        "img": "",
        "tags": [
            [
                "Pudding & Gelatin",
                "/browse/food/pudding-gelatin/976759_976787_1001471"
            ],
            [
                "Pie Fillings",
                "/browse/food/pie-fillings/976759_976780_2881195_1044161"
            ],
            [
                "Valentine's Day Baking",
                "/browse/food/valentines-day-baking/976759_1567409_9457805_1303563"
            ],
            [
                "All Baking Mixes",
                "/browse/food/all-baking-mixes/976759_976780_1001368_2594651"
            ],
            [
                "Chilled Gelatins",
                "/browse/food/chilled-gelatins/976759_1071964_976788_3733198_4921976"
            ],
            [
                "Baking Ingredients",
                "/browse/food/baking-ingredients/976759_4143264_2535686_5948883_5994684"
            ],
            [
                "All Cake Mixes",
                "/browse/food/all-cake-mixes/976759_976780_1001368_8292847_8973498"
            ]
        ]
    },
    {
        "title": "Roland Rough Cut Sugar Cubes from Pure Cane, 35.3 OZ",
        "url": "https://www.walmart.com/ip/Roland-Rough-Cut-Sugar-Cubes-from-Pure-Cane-35-3-OZ/53848366",
        "price": "$12.94",
        "stars": "4.8",
        "ratings": "34 ",
        "img": "",
        "tags": [
            [
                "Organic Foods",
                "/browse/food/organic-foods/976759_1228024_1228017"
            ],
            [
                "Angostura Bitters",
                "/browse/food/angostura-bitters/976759_976782_5533811_3329751"
            ],
            [
                "Baking Restock",
                "/browse/food/baking-restock/976759_1567409_2168938_1811730_4237636"
            ],
            [
                "Erythritol Sweeteners",
                "/browse/food/erythritol-sweeteners/976759_976780_1044129_6207733"
            ],
            [
                "Granulated Sugar",
                "/browse/food/granulated-sugar/976759_976780_1044129_6234912"
            ],
            [
                "Specialty Sugars",
                "/browse/food/specialty-sugars/976759_976780_1044129_7124579"
            ],
            [
                "Brown Sugar",
                "/browse/food/brown-sugar/976759_976780_1044129_7887045"
            ],
            [
                "Sugar Free Sweeteners",
                "/browse/food/sugar-free-sweeteners/976759_976780_1044129_8302390"
            ]
        ]
    },
    {
        "title": "Badia Chia Seed, 1.5 oz",
        "url": "https://www.walmart.com/ip/Badia-Chia-Seed-1-5-oz/41488520",
        "price": "$14.99",
        "stars": "5.0",
        "ratings": "1 ",
        "img": "i5.walmartimages.com/asr/5f399d68-95d4-47bf-8c3a-2b0946fb8941_1.46a6d7cca3573a266f9e766bdc1b8944.jpeg?odnWidth=612&odnHeight=612&odnBg=ffffff",
        "tags": [
            [
                "Organic Foods",
                "/browse/food/organic-foods/976759_1228024_1228017"
            ],
            [
                "Sunflower Seeds",
                "/browse/food/sunflower-seeds/976759_976787_1001406_7339625_1445147"
            ],
            [
                "All Nuts, Trail Mix,& Seeds",
                "/browse/food/all-nuts-trail-mix-seeds/976759_976787_1001406_2615672"
            ],
            [
                "Baking Ingredients",
                "/browse/food/baking-ingredients/976759_4143264_2535686_5948883_5994684"
            ],
            [
                "All Better For You Ingredients",
                "/browse/food/all-better-for-you-ingredients/976759_976780_5227455_7403787"
            ],
            [
                "New Year New You",
                "/browse/food/new-year-new-you/976759_1567409_3170630_9741688"
            ]
        ]
    },
    {
        "title": "(2 Pack) Great Value Sprinkle Mix, 6-Cell, Red/Pink/Purple/Blue/Green/Orange, 6.35 oz",
        "url": "https://www.walmart.com/ip/2-Pack-Great-Value-Sprinkle-Mix-6-Cell-Red-Pink-Purple-Blue-Green-Orange-6-35-oz/400443446",
        "price": "$7.72",
        "stars": "4.7",
        "ratings": "11 ",
        "img": "i5.walmartimages.com/asr/e92aefa1-250f-43b4-9f8a-10a995e0c501_2.a7e528379e300bdd4424b21954b1f9e6.jpeg?odnWidth=612&odnHeight=612&odnBg=ffffff",
        "tags": [
            [
                "Valentine's Day Baking",
                "/browse/food/valentines-day-baking/976759_1567409_9457805_1303563"
            ],
            [
                "Hard Candy",
                "/browse/food/hard-candy/976759_1096070_1224979_3137292"
            ],
            [
                "Game Time Baking",
                "/browse/food/game-time-baking/976759_1567409_3282877_2930489_4135213"
            ],
            [
                "Sprinkles",
                "/browse/food/sprinkles/976759_976780_2881195_4684853"
            ],
            [
                "Baking Ingredients",
                "/browse/food/baking-ingredients/976759_4143264_2535686_5948883_5994684"
            ],
            [
                "All Cake Mixes",
                "/browse/food/all-cake-mixes/976759_976780_1001368_8292847_8973498"
            ],
            [
                "Food Coloring",
                "/browse/food/food-coloring/976759_976780_2881195_9086275"
            ]
        ]
    },
    {
        "title": "Starburst Lemon Gelatin, 6 serve",
        "url": "https://www.walmart.com/ip/Starburst-Lemon-Gelatin-6-serve/172978174",
        "price": "$1.22",
        "stars": "5.0",
        "ratings": "12 ",
        "img": "",
        "tags": [
            [
                "Pudding & Gelatin",
                "/browse/food/pudding-gelatin/976759_976787_1001471"
            ],
            [
                "Pie Fillings",
                "/browse/food/pie-fillings/976759_976780_2881195_1044161"
            ],
            [
                "Valentine's Day Baking",
                "/browse/food/valentines-day-baking/976759_1567409_9457805_1303563"
            ],
            [
                "Chilled Puddings",
                "/browse/food/chilled-puddings/976759_1071964_976788_3733198_1314363"
            ],
            [
                "All Grab and Go Sandwiches, Salads and Snack Packs",
                "/browse/food/all-grab-go-sandwiches-salads-snack-packs/976759_1071964_976789_1291950_1584059"
            ],
            [
                "Sugar-Free Food Essentials",
                "/browse/food/sugar-free-food-essentials/976759_1567409_2168938_8870296_1639022"
            ],
            [
                "Baking Ingredients",
                "/browse/food/baking-ingredients/976759_4143264_2535686_5948883_5994684"
            ],
            [
                "Easter Baking",
                "/browse/food/easter-baking/976759_1567409_2168938_2546479_6431277"
            ]
        ]
    },
    {
        "title": "Barcel USA Coronado  Caramel Spread, 23.3 oz",
        "url": "https://www.walmart.com/ip/Barcel-USA-Coronado-Caramel-Spread-23-3-oz/10450710",
        "price": "$4.74",
        "stars": "5.0",
        "ratings": "8 ",
        "img": "",
        "tags": [
            [
                "Frosting, Toppings & Decorations",
                "/browse/food/frosting-toppings-decorations/976759_976780_1001368_1044127"
            ],
            [
                "Large Dessert Cakes",
                "/browse/food/large-dessert-cakes/976759_1071964_976779_2137603_5606856"
            ],
            [
                "All Syrups",
                "/browse/food/all-syrups/976759_976780_1092370_6683232"
            ],
            [
                "Cream Cheese & Spreads",
                "/browse/food/cream-cheese-spreads/976759_1071964_976788_1001468_7506933"
            ],
            [
                "Lollipops & Suckers",
                "/browse/food/lollipops-suckers/976759_1096070_1224979_7528469"
            ],
            [
                "Hershey Baking",
                "/browse/food/hershey-baking/976759_2606229_9723046"
            ]
        ]
    },
    {
        "title": "McCormick Gourmet Organic Ground Ginger, 1.25 oz",
        "url": "https://www.walmart.com/ip/McCormick-Gourmet-Organic-Ground-Ginger-1-25-oz/551940137",
        "price": "$4.48",
        "stars": "4.5",
        "ratings": "20 ",
        "img": "i5.walmartimages.com/asr/afa53280-08c1-48ff-9b68-28f8125bd7e4_1.13adeb3506122202c740bb6f49610402.jpeg?odnWidth=612&odnHeight=612&odnBg=ffffff",
        "tags": [
            [
                "All Pepper & Peppercorns",
                "/browse/food/all-pepper-peppercorns/976759_976786_1007682_5307367_2161042"
            ],
            [
                "Organic Food Essentials",
                "/browse/food/organic-food-essentials/976759_1567409_2168938_8870296_3706415"
            ],
            [
                "All Mixed Spices & Seasonings",
                "/browse/food/all-mixed-spices-seasonings/976759_976786_1007682_4019297_4279992"
            ],
            [
                "Garlic Powder",
                "/browse/food/garlic-powder/976759_976786_1007682_2008977_5689191"
            ],
            [
                "Pepper",
                "/browse/food/pepper/976759_976786_1007682_5307367_6067079"
            ],
            [
                "All Single Herbs & Spices",
                "/browse/food/all-single-herbs-spices/976759_976786_1007682_2008977_6345512"
            ],
            [
                "All Salt, Spices & Seasoning",
                "/browse/food/all-salt-spices-seasoning/976759_976786_8191625"
            ]
        ]
    },
    {
        "title": "(3 Pack) Duncan Hines Comstock More Fruit Apple Pie Filling & Topping 21 oz",
        "url": "https://www.walmart.com/ip/3-Pack-Duncan-Hines-Comstock-More-Fruit-Apple-Pie-Filling-Topping-21-oz/47237407",
        "price": "$8.23",
        "stars": "4.9",
        "ratings": "24 ",
        "img": "i5.walmartimages.com/asr/816dc7d7-7d31-45fc-a5d6-83bb6ae35ed6_1.c1e77edd3ac7cef04c337929a580d35c.jpeg?odnWidth=612&odnHeight=612&odnBg=ffffff",
        "tags": [
            [
                "Canned Fruit",
                "/browse/food/canned-fruit/976759_976794_976785_1001342"
            ],
            [
                "Pudding & Gelatin",
                "/browse/food/pudding-gelatin/976759_976787_1001471"
            ],
            [
                "All Baking Mixes",
                "/browse/food/all-baking-mixes/976759_976780_1001368_2594651"
            ],
            [
                "Easter Meal",
                "/browse/food/easter-meal/976759_1567409_7567150_3664825"
            ],
            [
                "Baking Ingredients",
                "/browse/food/baking-ingredients/976759_4143264_2535686_5948883_5994684"
            ],
            [
                "Low Calorie Foods",
                "/browse/food/low-calorie-foods/976759_5004481_6036545"
            ],
            [
                "All Cake Mixes",
                "/browse/food/all-cake-mixes/976759_976780_1001368_8292847_8973498"
            ]
        ]
    }
]