[
    {
        "title": "Nerds Gummy Clusters Candy Theater Box, 3oz (12ct)",
        "url": "https://www.walmart.com/ip/Nerds-Gummy-Clusters-Candy-Theater-Box-3oz-12ct/797415184",
        "price": "$11.99",
        "stars": 0,
        "ratings": 0,
        "img": "i5.walmartimages.com/asr/7ee8be98-7922-47c9-8f15-a6decc2d9425.cea4a2d98eb9e2679e0a08a3c304e814.jpeg?odnWidth=612&odnHeight=612&odnBg=ffffff",
        "tags": []
    },
    {
        "title": "Muddy Bears 5oz/12ct",
        "url": "https://www.walmart.com/ip/Muddy-Bears-5oz-12ct/185277836",
        "price": "$1.98",
        "stars": "5.0",
        "ratings": "3 ",
        "img": "i5.walmartimages.com/asr/65628750-c6a6-4459-8b1f-271b28d06f9b_1.ef03c06552a60e3b4ba08086f991d986.jpeg?odnWidth=612&odnHeight=612&odnBg=ffffff",
        "tags": [
            [
                "Gluten-Free Foods",
                "/browse/food/gluten-free-foods/976759_1228023_1228016"
            ],
            [
                "Shop All Cold Packed Chocolates",
                "/browse/food/shop-all-cold-packed-chocolates/976759_1567409_7329770_1414143"
            ],
            [
                "Gummy Candy",
                "/browse/food/gummy-candy/976759_1096070_1224975_4246741"
            ],
            [
                "Movie Night Foods and Drinks",
                "/browse/food/movie-night-foods-drinks/976759_976787_4460428"
            ],
            [
                "Black Forest Candy",
                "/browse/food/black-forest-candy/976759_1096070_1224975_5109070"
            ],
            [
                "Shop All Candy",
                "/browse/food/shop-all-candy/976759_1096070_1224975_6909059"
            ],
            [
                "Shop All Cold Packed Groceries",
                "/browse/food/shop-all-cold-packed-groceries/976759_1567409_7329770_9969026"
            ]
        ]
    },
    {
        "title": "Kinder Joy Cocoa Sweet Cream Wafer Bites, 4.2 Oz., 6 Ct.",
        "url": "https://www.walmart.com/ip/Kinder-Joy-Cocoa-Sweet-Cream-Wafer-Bites-4-2-Oz-6-Ct/495343799",
        "price": "$6.98",
        "stars": "4.8",
        "ratings": "50 ",
        "img": "i5.walmartimages.com/asr/751bb775-c6e0-43d8-a53f-3df9e00f18e9_1.f10f157980f44ad79bd2a9e94cc39523.jpeg?odnWidth=612&odnHeight=612&odnBg=ffffff",
        "tags": [
            [
                "Hershey's Easter Chocolate Candy and Treats",
                "/browse/food/hersheys-easter-chocolate-candy-treats/976759_1567409_7567150_1407602"
            ],
            [
                "Easter Candy Markdown",
                "/browse/food/easter-candy-markdown/976759_1567409_7567150_5230656"
            ],
            [
                "Shop All Candy",
                "/browse/food/shop-all-candy/976759_1096070_1224975_6909059"
            ],
            [
                "Easter Egg Hunt Candy",
                "/browse/food/easter-egg-hunt-candy/976759_1567409_7567150_4780634_7164648"
            ],
            [
                "Wholesale Candy",
                "/browse/food/wholesale-candy/976759_1096070_1224980_8149011"
            ],
            [
                "Easter Candy Dish",
                "/browse/food/easter-candy-dish/976759_1567409_7567150_4780634_8837958"
            ],
            [
                "Easter Basket Candy",
                "/browse/food/easter-basket-candy/976759_1567409_7567150_4780634_9848063"
            ],
            [
                "Milk Chocolate",
                "/browse/food/milk-chocolate/976759_1096070_1224976_9905281"
            ]
        ]
    },
    {
        "title": "Twizzlers Pull 'n' Peel and Jolly Rancher, Assorted Chewy Candy, 51.9 Oz.",
        "url": "https://www.walmart.com/ip/Twizzlers-Pull-n-Peel-and-Jolly-Rancher-Assorted-Chewy-Candy-51-9-Oz/718988089",
        "price": "$8.98",
        "stars": "4.4",
        "ratings": "7 ",
        "img": "i5.walmartimages.com/asr/dbcb24c6-5c0e-46c8-82a6-cb2ae435b884_2.ed324169e188d4a1699ddc4de678f826.png?odnWidth=612&odnHeight=612&odnBg=ffffff",
        "tags": [
            [
                "Hard Candy",
                "/browse/food/hard-candy/976759_1096070_1224979_3137292"
            ],
            [
                "Hershey's Halloween Candy",
                "/browse/food/hersheys-halloween-candy/976759_1567409_2107086_6041305_5688639"
            ],
            [
                "Office Candy",
                "/browse/food/office-candy/976759_1096070_1224980_6270829"
            ],
            [
                "Shop All Candy",
                "/browse/food/shop-all-candy/976759_1096070_1224975_6909059"
            ],
            [
                "Halloween Trick or Treat",
                "/browse/food/halloween-trick-treat/976759_1567409_2107086_6041305_8139682"
            ],
            [
                "Wholesale Candy",
                "/browse/food/wholesale-candy/976759_1096070_1224980_8149011"
            ],
            [
                "Hershey's Summer Sweets",
                "/browse/food/hersheys-summer-sweets/976759_1567409_8346319"
            ],
            [
                "Licorice",
                "/browse/food/licorice/976759_1096070_1224975_9183649"
            ]
        ]
    },
    {
        "title": "Trident Vibes Spearmint Rush Sugar Free Gum, 6 Bottles of 40 Pieces (240 Total Pieces)",
        "url": "https://www.walmart.com/ip/Trident-Vibes-Spearmint-Rush-Sugar-Free-Gum-6-Bottles-of-40-Pieces-240-Total-Pieces/772744474",
        "price": "$14.97",
        "stars": "5.0",
        "ratings": "7 ",
        "img": "i5.walmartimages.com/asr/9d68ad97-a211-4da2-a72e-c48ab2329313.25a77a76ef8460e95d0b7555fab1e81b.jpeg?odnWidth=612&odnHeight=612&odnBg=ffffff",
        "tags": [
            [
                "Shop All Chewing Gum",
                "/browse/food/shop-all-chewing-gum/976759_1096070_1224977_1572366"
            ],
            [
                "Sugar Free Food",
                "/browse/food/sugar-free-food/976759_1567409_3170630_2147513"
            ],
            [
                "Orbit Chewing Gum",
                "/browse/food/orbit-chewing-gum/976759_1096070_1224977_3246659"
            ],
            [
                "Sugar-Free Snacks",
                "/browse/food/sugar-free-snacks/976759_976787_3455839"
            ],
            [
                "Wrigley Gum",
                "/browse/food/wrigley-gum/976759_1096070_1224977_3533254"
            ],
            [
                "Xylitol Gum",
                "/browse/food/xylitol-gum/976759_1096070_1224977_4012214"
            ],
            [
                "Ice Breakers Chewing Gum",
                "/browse/food/ice-breakers-chewing-gum/976759_1096070_1224977_5365518"
            ],
            [
                "Hershey's Candy",
                "/browse/food/hersheys-candy/976759_1089004_5339481_6030945"
            ]
        ]
    },
    {
        "title": "Spry, Dental Defense, Xylitol Spearmint Chewing Gum, 100 Pcs",
        "url": "https://www.walmart.com/ip/Spry-Dental-Defense-Xylitol-Spearmint-Chewing-Gum-100-Pcs/149702113",
        "price": "$7.96",
        "stars": "4.6",
        "ratings": "57 ",
        "img": "",
        "tags": [
            [
                "Shop All Chewing Gum",
                "/browse/food/shop-all-chewing-gum/976759_1096070_1224977_1572366"
            ],
            [
                "Bubble Gum",
                "/browse/food/bubble-gum/976759_1096070_1224977_2039307"
            ],
            [
                "Sugar Free Food",
                "/browse/food/sugar-free-food/976759_1567409_3170630_2147513"
            ],
            [
                "Mentos Chewing Gum",
                "/browse/food/mentos-chewing-gum/976759_1096070_1224977_2349191"
            ],
            [
                "Sugar-Free Snacks",
                "/browse/food/sugar-free-snacks/976759_976787_3455839"
            ],
            [
                "Wrigley Gum",
                "/browse/food/wrigley-gum/976759_1096070_1224977_3533254"
            ],
            [
                "New Year New You",
                "/browse/food/new-year-new-you/976759_1567409_3170630_9741688"
            ],
            [
                "Trident Chewing Gum",
                "/browse/food/trident-chewing-gum/976759_1096070_1224977_9974693"
            ]
        ]
    },
    {
        "title": "Black Forest Organic Gummy Bears Bag, 8 Oz",
        "url": "https://www.walmart.com/ip/Black-Forest-Organic-Gummy-Bears-Bag-8-Oz/593419795",
        "price": "$3.72",
        "stars": "4.3",
        "ratings": "47 ",
        "img": "",
        "tags": [
            [
                "All Fruit Snacks",
                "/browse/food/all-fruit-snacks/976759_976787_1001395_2676420"
            ],
            [
                "Gummy Worms",
                "/browse/food/gummy-worms/976759_1096070_1224975_3723203"
            ],
            [
                "Gummy Candy",
                "/browse/food/gummy-candy/976759_1096070_1224975_4246741"
            ],
            [
                "Gummy Bears",
                "/browse/food/gummy-bears/976759_1096070_1224975_6048777"
            ],
            [
                "Shop All Candy",
                "/browse/food/shop-all-candy/976759_1096070_1224975_6909059"
            ],
            [
                "Halloween Trick or Treat",
                "/browse/food/halloween-trick-treat/976759_1567409_2107086_6041305_8139682"
            ],
            [
                "Top-selling Fruit Snacks",
                "/browse/food/top-selling-fruit-snacks/976759_976787_1001395_9645697"
            ]
        ]
    },
    {
        "title": "Zero, White Fudge Almond Nougat King Size Candy Bar Box, 3.4 Oz, 12 Ct.",
        "url": "https://www.walmart.com/ip/Zero-White-Fudge-Almond-Nougat-King-Size-Candy-Bar-Box-3-4-Oz-12-Ct/643838178",
        "price": "$15.09",
        "stars": "4.5",
        "ratings": "12 ",
        "img": "i5.walmartimages.com/asr/88d8fc8b-321d-4fc3-96a7-1ed99120d68c_2.dfa28919d447006204bb8a8812c1c5ed.png?odnWidth=612&odnHeight=612&odnBg=ffffff",
        "tags": [
            [
                "Halloween Chocolate",
                "/browse/food/halloween-chocolate/976759_1567409_2107086_6041305_2967282"
            ],
            [
                "Chocolate Bars",
                "/browse/food/chocolate-bars/976759_1096070_1224976_3761246"
            ],
            [
                "Hershey's Halloween Candy",
                "/browse/food/hersheys-halloween-candy/976759_1567409_2107086_6041305_5688639"
            ],
            [
                "Hershey's Candy",
                "/browse/food/hersheys-candy/976759_1089004_5339481_6030945"
            ],
            [
                "Chocolate Boxes",
                "/browse/food/chocolate-boxes/976759_1089004_5339481_6286434"
            ],
            [
                "Wholesale Candy",
                "/browse/food/wholesale-candy/976759_1096070_1224980_8149011"
            ],
            [
                "All Halloween Candy",
                "/browse/food/all-halloween-candy/976759_1567409_2107086_6041305_9735259"
            ],
            [
                "Milk Chocolate",
                "/browse/food/milk-chocolate/976759_1096070_1224976_9905281"
            ]
        ]
    },
    {
        "title": "Now & Later Original Mix Candy Tub, 90 Oz (150 Count)",
        "url": "https://www.walmart.com/ip/Now-Later-Original-Mix-Candy-Tub-90-Oz-150-Count/624763658",
        "price": "$10.98",
        "stars": "4.7",
        "ratings": "37 ",
        "img": "i5.walmartimages.com/asr/c2ff0052-9a84-4483-98e2-30c0777e7a22_1.e19ace9d7523224fd11283c057c686d9.jpeg?odnWidth=612&odnHeight=612&odnBg=ffffff",
        "tags": [
            [
                "Hard Candy",
                "/browse/food/hard-candy/976759_1096070_1224979_3137292"
            ],
            [
                "Gummy Candy",
                "/browse/food/gummy-candy/976759_1096070_1224975_4246741"
            ],
            [
                "Caramels & Taffys",
                "/browse/food/caramels-taffys/976759_1096070_1224975_5726639"
            ],
            [
                "Office Candy",
                "/browse/food/office-candy/976759_1096070_1224980_6270829"
            ],
            [
                "Halloween Trick or Treat",
                "/browse/food/halloween-trick-treat/976759_1567409_2107086_6041305_8139682"
            ],
            [
                "Wholesale Candy",
                "/browse/food/wholesale-candy/976759_1096070_1224980_8149011"
            ],
            [
                "Brach's Easter Candy",
                "/browse/food/brachs-easter-candy/976759_1567409_7567150_8336680"
            ]
        ]
    },
    {
        "title": "Orbit Bubblemint Sugar Free Bulk Chewing Gum, 14 pc, 12 ct",
        "url": "https://www.walmart.com/ip/Orbit-Bubblemint-Sugar-Free-Bulk-Chewing-Gum-14-pc-12-ct/112021992",
        "price": "$10.30",
        "stars": "4.6",
        "ratings": "159 ",
        "img": "i5.walmartimages.com/asr/30cd9d43-dd93-48ce-9e2f-ab42df0d9c52_1.a97653bc27a0502d14396d9e24537fe7.jpeg?odnWidth=612&odnHeight=612&odnBg=ffffff",
        "tags": [
            [
                "Shop All Chewing Gum",
                "/browse/food/shop-all-chewing-gum/976759_1096070_1224977_1572366"
            ],
            [
                "Bubble Gum",
                "/browse/food/bubble-gum/976759_1096070_1224977_2039307"
            ],
            [
                "Sugar Free Food",
                "/browse/food/sugar-free-food/976759_1567409_3170630_2147513"
            ],
            [
                "Sugar-Free Snacks",
                "/browse/food/sugar-free-snacks/976759_976787_3455839"
            ],
            [
                "Wrigley Gum",
                "/browse/food/wrigley-gum/976759_1096070_1224977_3533254"
            ],
            [
                "Ice Breakers Chewing Gum",
                "/browse/food/ice-breakers-chewing-gum/976759_1096070_1224977_5365518"
            ],
            [
                "Wholesale Candy",
                "/browse/food/wholesale-candy/976759_1096070_1224980_8149011"
            ],
            [
                "Trident Chewing Gum",
                "/browse/food/trident-chewing-gum/976759_1096070_1224977_9974693"
            ]
        ]
    }
]