[
    {
        "title": "Reese Paste Anchovy, 1.6 Oz",
        "url": "https://www.walmart.com/ip/Reese-Paste-Anchovy-1-6-Oz/30997445",
        "price": "$1.78",
        "stars": "3.0",
        "ratings": "4 ",
        "img": "i5.walmartimages.com/asr/8a132beb-cb40-4556-88f6-d78c37e9e8e4.42ced277035d548788d6d4e296490ea3.jpeg?odnWidth=612&odnHeight=612&odnBg=ffffff",
        "tags": [
            [
                "Tuna & Seafood",
                "/browse/food/tuna-seafood/976759_976794_976785_1001781"
            ],
            [
                "Sauces",
                "/browse/food/sauces/976759_976786_1076366"
            ],
            [
                "Canned Tomatoes",
                "/browse/food/canned-tomatoes/976759_976794_976785_2009430"
            ],
            [
                "Snacks",
                "/browse/food/snacks/976759_5148628_1228025_1228103_4586063"
            ],
            [
                "Asian Sauces, Condiments & Cooking Needs",
                "/browse/food/asian-sauces-condiments-cooking-needs/976759_5148628_1228025_1228102_5967969"
            ],
            [
                "Low Sodium Foods",
                "/browse/food/low-sodium-foods/976759_5004481_6733659"
            ],
            [
                "Non GMO Food",
                "/browse/food/non-gmo-food/976759_5004481_8102928"
            ],
            [
                "Shop All Asian Market",
                "/browse/food/shop-all-asian-market/976759_5148628_1228025_1228102_9127385"
            ]
        ]
    },
    {
        "title": "(2 Pack) Sticky Fingers Memphis Original Barbecue Sauce, 18 oz",
        "url": "https://www.walmart.com/ip/2-Pack-Sticky-Fingers-Memphis-Original-Barbecue-Sauce-18-oz/47230150",
        "price": "$5.32",
        "stars": "4.8",
        "ratings": "22 ",
        "img": "i5.walmartimages.com/asr/a7920cf0-c2c6-4546-b900-6262cd88c8c5_1.6bb42d186c9e8941c2fccac744e9c60b.jpeg?odnWidth=612&odnHeight=612&odnBg=ffffff",
        "tags": [
            [
                "Sauces",
                "/browse/food/sauces/976759_976786_1076366"
            ],
            [
                "Game Time Condiments",
                "/browse/food/game-time-condiments/976759_1567409_3282877_2930489_4160797"
            ],
            [
                "All Mixed Spices & Seasonings",
                "/browse/food/all-mixed-spices-seasonings/976759_976786_1007682_4019297_4279992"
            ],
            [
                "All Hot Sauces",
                "/browse/food/all-hot-sauces/976759_976786_9696846_5998141_4394977"
            ],
            [
                "All Gametime Food",
                "/browse/food/all-gametime-food/976759_1567409_3282877_6093905"
            ],
            [
                "Shop All BBQ Sauces",
                "/browse/food/shop-all-bbq-sauces/976759_976786_9696846_9999057_6757439"
            ],
            [
                "Summer Grilling Condiments",
                "/browse/food/summer-grilling-condiments/976759_1567409_8808777_7265121"
            ],
            [
                "KCMasterpiece",
                "/browse/food/kcmasterpiece/976759_2606229_7458550"
            ]
        ]
    },
    {
        "title": "Accent Flavor Enhancer 32 oz. Shaker",
        "url": "https://www.walmart.com/ip/Accent-Flavor-Enhancer-32-oz-Shaker/21560293",
        "price": "$9.44",
        "stars": "4.8",
        "ratings": "154 ",
        "img": "i5.walmartimages.com/asr/1ace7789-b1f9-4c3a-bbe8-6180eaead1ed.3064f57f4eee961aa5223c2094f33e52.jpeg?odnWidth=612&odnHeight=612&odnBg=ffffff",
        "tags": [
            [
                "All Pepper & Peppercorns",
                "/browse/food/all-pepper-peppercorns/976759_976786_1007682_5307367_2161042"
            ],
            [
                "Baking Restock",
                "/browse/food/baking-restock/976759_1567409_2168938_1811730_4237636"
            ],
            [
                "All Salts & Salt Substitutes",
                "/browse/food/all-salts-salt-substitutes/976759_976786_1007682_7559954_4427396"
            ],
            [
                "Pepper",
                "/browse/food/pepper/976759_976786_1007682_5307367_6067079"
            ],
            [
                "All Single Herbs & Spices",
                "/browse/food/all-single-herbs-spices/976759_976786_1007682_2008977_6345512"
            ],
            [
                "Salt Substitutes",
                "/browse/food/salt-substitutes/976759_976786_1007682_7559954_8042244"
            ],
            [
                "All Salt, Spices & Seasoning",
                "/browse/food/all-salt-spices-seasoning/976759_976786_8191625"
            ],
            [
                "Seasoned Salt",
                "/browse/food/seasoned-salt/976759_976786_1007682_4019297_8631714"
            ]
        ]
    },
    {
        "title": "Sam's Choice 100% Raw Honey, Orange Blossom, 12 oz",
        "url": "https://www.walmart.com/ip/Sam-s-Choice-100-Raw-Honey-Orange-Blossom-12-oz/589768914",
        "price": "$3.58",
        "stars": "4.8",
        "ratings": "32 ",
        "img": "i5.walmartimages.com/asr/320c80f0-64b7-483f-80bb-bc4fb85038fa_1.66ba9e2c81b65cf3b38db6815e561de5.jpeg?odnWidth=612&odnHeight=612&odnBg=ffffff",
        "tags": [
            [
                "Jam, Jelly & Preserves",
                "/browse/food/jam-jelly-preserves/976759_976786_4439815_1007659"
            ],
            [
                "Gluten-Free Foods",
                "/browse/food/gluten-free-foods/976759_1228023_1228016"
            ],
            [
                "Organic Food Essentials",
                "/browse/food/organic-food-essentials/976759_1567409_2168938_8870296_3706415"
            ],
            [
                "Baking Restock",
                "/browse/food/baking-restock/976759_1567409_2168938_1811730_4237636"
            ],
            [
                "Gluten Free Foods",
                "/browse/food/gluten-free-foods/976759_5004481_5546296"
            ],
            [
                "Low Sodium Foods",
                "/browse/food/low-sodium-foods/976759_5004481_6733659"
            ],
            [
                "Plant Based Baking Needs",
                "/browse/food/plant-based-baking-needs/976759_5148628_4583057_2468673_6805759"
            ],
            [
                "Kosher Foods",
                "/browse/kosher-foods/976759_8925069"
            ]
        ]
    },
    {
        "title": "(3 Pack) Huy Fong Ketchup Sriracha Sauce 20oz",
        "url": "https://www.walmart.com/ip/3-Pack-Huy-Fong-Ketchup-Sriracha-Sauce-20oz/47230189",
        "price": "$7.44",
        "stars": "4.8",
        "ratings": "61 ",
        "img": "i5.walmartimages.com/asr/ce66304e-fa32-4e2a-8df5-9eb506ca3d85_1.8a13cf3949a0cd28f1e0d32b8cea265d.jpeg?odnWidth=612&odnHeight=612&odnBg=ffffff",
        "tags": [
            [
                "Yellow Mustards",
                "/browse/food/yellow-mustards/976759_976786_9696846_1868509_1584034"
            ],
            [
                "Canned Tomatoes",
                "/browse/food/canned-tomatoes/976759_976794_976785_2009430"
            ],
            [
                "All Hot Sauces",
                "/browse/food/all-hot-sauces/976759_976786_9696846_5998141_4394977"
            ],
            [
                "Shop All Ketchup",
                "/browse/food/shop-all-ketchup/976759_976786_9696846_8912372_6373470"
            ],
            [
                "Shop All BBQ Sauces",
                "/browse/food/shop-all-bbq-sauces/976759_976786_9696846_9999057_6757439"
            ],
            [
                "Summer Grilling Condiments",
                "/browse/food/summer-grilling-condiments/976759_1567409_8808777_7265121"
            ],
            [
                "Flavored Ketchup",
                "/browse/food/flavored-ketchup/976759_976786_9696846_8912372_8335752"
            ],
            [
                "Heinz Ketchup",
                "/browse/food/heinz-ketchup/976759_976786_9696846_8912372_9063524"
            ]
        ]
    },
    {
        "title": "Savoie's Old Fashioned Roux Dark 16oz",
        "url": "https://www.walmart.com/ip/Savoie-s-Old-Fashioned-Roux-Dark-16oz/10321903",
        "price": "$16.48",
        "stars": "5.0",
        "ratings": "1 ",
        "img": "i5.walmartimages.com/asr/0d2ebce9-761f-4437-a347-c21aaf6961be_1.444f9a567840e92609c127453595b5a3.jpeg?odnWidth=612&odnHeight=612&odnBg=ffffff",
        "tags": [
            [
                "All Soup",
                "/browse/food/all-soup/976759_976794_3901881_1001359"
            ],
            [
                "Asian Sauces",
                "/browse/food/asian-sauces/976759_976786_9696846_1547628"
            ],
            [
                "No Sugar Foods",
                "/browse/food/no-sugar-foods/976759_5004481_1858214"
            ],
            [
                "All Baking Mixes",
                "/browse/food/all-baking-mixes/976759_976780_1001368_2594651"
            ],
            [
                "Pasta Sauce",
                "/browse/food/pasta-sauce/976759_976794_2775278"
            ],
            [
                "All Mixed Spices & Seasonings",
                "/browse/food/all-mixed-spices-seasonings/976759_976786_1007682_4019297_4279992"
            ],
            [
                "All Gravies",
                "/browse/food/all-gravies/976759_976786_1526042_7441926"
            ]
        ]
    },
    {
        "title": "Goya All Purpose Seasoning with Pepper, 8 OZ",
        "url": "https://www.walmart.com/ip/Goya-All-Purpose-Seasoning-with-Pepper-8-OZ/29927776",
        "price": "$6.91",
        "stars": "4.8",
        "ratings": "22 ",
        "img": "",
        "tags": [
            [
                "Beans",
                "/browse/food/beans/976759_976794_976785_1001341"
            ],
            [
                "All Fresh Vegetables",
                "/browse/food/all-fresh-vegetables/976759_1071964_976793_8910423_1814126"
            ],
            [
                "Canned Tomatoes",
                "/browse/food/canned-tomatoes/976759_976794_976785_2009430"
            ],
            [
                "Baked Beans",
                "/browse/food/baked-beans/976759_976794_976785_2133370"
            ],
            [
                "Pasta Sauce",
                "/browse/food/pasta-sauce/976759_976794_2775278"
            ],
            [
                "Canned Vegetables",
                "/browse/food/canned-vegetables/976759_976794_976785_3605629"
            ],
            [
                "Snacks",
                "/browse/food/snacks/976759_5148628_1228025_1228103_4586063"
            ],
            [
                "Canned Beans",
                "/browse/food/canned-beans/976759_976794_976785_5368028"
            ]
        ]
    },
    {
        "title": "(6 Pack) Frontera Key Lime Cilantro Taco Skillet Sauce, Medium, 8 Oz.",
        "url": "https://www.walmart.com/ip/6-Pack-Frontera-Key-Lime-Cilantro-Taco-Skillet-Sauce-Medium-8-Oz/301608660",
        "price": "$10.98",
        "stars": "4.1",
        "ratings": "7 ",
        "img": "i5.walmartimages.com/asr/fea27263-11b1-4edf-9e7e-bc7be37aad04_1.ac0391e7366568dec381d936d4995f21.jpeg?odnWidth=612&odnHeight=612&odnBg=ffffff",
        "tags": [
            [
                "Condiments",
                "/browse/food/condiments/976759_976786_9696846_1001363"
            ],
            [
                "All Meals and Sides",
                "/browse/food/all-meals-sides/976759_1071964_976789_2133672_1535108"
            ],
            [
                "Asian Sauces",
                "/browse/food/asian-sauces/976759_976786_9696846_1547628"
            ],
            [
                "Canned Tomatoes",
                "/browse/food/canned-tomatoes/976759_976794_976785_2009430"
            ],
            [
                "Pasta Sauce",
                "/browse/food/pasta-sauce/976759_976794_2775278"
            ],
            [
                "All Hot Sauces",
                "/browse/food/all-hot-sauces/976759_976786_9696846_5998141_4394977"
            ],
            [
                "All Gravies",
                "/browse/food/all-gravies/976759_976786_1526042_7441926"
            ],
            [
                "Easy Kid's Dinners",
                "/browse/food/easy-kids-dinners/976759_1567409_7966149_9873756"
            ]
        ]
    },
    {
        "title": "McCormick Perfect Pinch Salad Supreme Seasoning, 8.25 oz",
        "url": "https://www.walmart.com/ip/McCormick-Perfect-Pinch-Salad-Supreme-Seasoning-8-25-oz/364578650",
        "price": "$5.98",
        "stars": "4.9",
        "ratings": "7 ",
        "img": "i5.walmartimages.com/asr/838eb5f1-e7f0-4817-8b08-47014abe0fb9.d076d3412846b2c375cc558c26ed3138.jpeg?odnWidth=612&odnHeight=612&odnBg=ffffff",
        "tags": [
            [
                "Shop All Salad Dressings",
                "/browse/food/shop-all-salad-dressings/976759_976786_5730644_1001365"
            ],
            [
                "Chicken Seasoning",
                "/browse/food/chicken-seasoning/976759_976786_1007682_4019297_2775886"
            ],
            [
                "All Mixed Spices & Seasonings",
                "/browse/food/all-mixed-spices-seasonings/976759_976786_1007682_4019297_4279992"
            ],
            [
                "Shop All Salad Toppings",
                "/browse/food/shop-all-salad-toppings/976759_976786_1745800_6041880"
            ],
            [
                "All Salt, Spices & Seasoning",
                "/browse/food/all-salt-spices-seasoning/976759_976786_8191625"
            ],
            [
                "Garlic Salt",
                "/browse/food/garlic-salt/976759_976786_1007682_4019297_8437998"
            ]
        ]
    },
    {
        "title": "(4 Pack) Kraft Mesquite Smoke Barbecue Sauce, 18 oz Bottle",
        "url": "https://www.walmart.com/ip/4-Pack-Kraft-Mesquite-Smoke-Barbecue-Sauce-18-oz-Bottle/47230112",
        "price": "$6.52",
        "stars": "4.7",
        "ratings": "59 ",
        "img": "i5.walmartimages.com/asr/fac15e54-d6ad-4bcc-8e19-eeb15c7f8d9c_2.c6bc8a3ef7ad733d55dcb7c9e9a832cc.jpeg?odnWidth=612&odnHeight=612&odnBg=ffffff",
        "tags": [
            [
                "Shop All Salad Dressings",
                "/browse/food/shop-all-salad-dressings/976759_976786_5730644_1001365"
            ],
            [
                "Sauces",
                "/browse/food/sauces/976759_976786_1076366"
            ],
            [
                "Game Time Condiments",
                "/browse/food/game-time-condiments/976759_1567409_3282877_2930489_4160797"
            ],
            [
                "Shop All Mayo",
                "/browse/food/shop-all-mayo/976759_976786_9696846_5399470_6720636"
            ],
            [
                "Shop All BBQ Sauces",
                "/browse/food/shop-all-bbq-sauces/976759_976786_9696846_9999057_6757439"
            ],
            [
                "Summer Grilling Condiments",
                "/browse/food/summer-grilling-condiments/976759_1567409_8808777_7265121"
            ],
            [
                "KCMasterpiece",
                "/browse/food/kcmasterpiece/976759_2606229_7458550"
            ]
        ]
    }
]