[
    {
        "title": "(2 pack) Carnation Instant Nonfat Dry Milk 9.63 oz, Canister",
        "url": "https://www.walmart.com/ip/2-pack-Carnation-Instant-Nonfat-Dry-Milk-9-63-oz-Canister/474062785",
        "price": "$7.96",
        "stars": "4.8",
        "ratings": "60 ",
        "img": "i5.walmartimages.com/asr/917b9011-9297-4b80-8342-f58587489609_1.19ceedf4d368e77b5b101375d0ffea8b.jpeg?odnWidth=612&odnHeight=612&odnBg=ffffff",
        "tags": []
    },
    {
        "title": "(3 Pack) Pillsbury Softasilk: Enriched Bleached Cake Flour, 32 Oz",
        "url": "https://www.walmart.com/ip/3-Pack-Pillsbury-Softasilk-Enriched-Bleached-Cake-Flour-32-Oz/47232406",
        "price": "$8.20",
        "stars": "4.9",
        "ratings": "52 ",
        "img": "",
        "tags": [
            [
                "Extracts & Flavorings",
                "/browse/food/extracts-flavorings/976759_976780_2881195_2771122_1092369"
            ],
            [
                "No Sugar Foods",
                "/browse/food/no-sugar-foods/976759_5004481_1858214"
            ],
            [
                "All Baking Mixes",
                "/browse/food/all-baking-mixes/976759_976780_1001368_2594651"
            ],
            [
                "Easter Meal",
                "/browse/food/easter-meal/976759_1567409_7567150_3664825"
            ],
            [
                "Easter Baking",
                "/browse/food/easter-baking/976759_1567409_2168938_2546479_6431277"
            ],
            [
                "All Flours & Meals",
                "/browse/food/all-flours-meals/976759_976780_1044119_9633020"
            ]
        ]
    },
    {
        "title": "Kernel Season's White Cheddar Popcorn Seasoning, 8.5 Oz",
        "url": "https://www.walmart.com/ip/Kernel-Season-s-White-Cheddar-Popcorn-Seasoning-8-5-Oz/27635648",
        "price": "$4.98",
        "stars": "4.5",
        "ratings": "61 ",
        "img": "i5.walmartimages.com/asr/3480003d-36ad-4727-91d6-76a2402a0d4a_1.8b8254dee7824d2c7751b68b5a70cf0b.png?odnWidth=612&odnHeight=612&odnBg=ffffff",
        "tags": [
            [
                "Oil & Shortening",
                "/browse/food/oil-shortening/976759_976786_1044152"
            ],
            [
                "All Popcorn",
                "/browse/food/all-popcorn/976759_976787_1001407_3516563"
            ],
            [
                "Popcorn Kernels",
                "/browse/food/popcorn-kernels/976759_976787_1001407_4228947"
            ],
            [
                "All Mixed Spices & Seasonings",
                "/browse/food/all-mixed-spices-seasonings/976759_976786_1007682_4019297_4279992"
            ],
            [
                "Herbs, Spices & Seasonings",
                "/browse/food/herbs-spices-seasonings/976759_4143264_2535686_3978835_6345282"
            ],
            [
                "Popcorn Bags",
                "/browse/food/popcorn-bags/976759_976787_1001407_6926277"
            ],
            [
                "All Salt, Spices & Seasoning",
                "/browse/food/all-salt-spices-seasoning/976759_976786_8191625"
            ]
        ]
    },
    {
        "title": "(3 Pack) Jell-O Berry Blue Instant Powdered Gelatin Dessert, 6 oz Box",
        "url": "https://www.walmart.com/ip/3-Pack-Jell-O-Berry-Blue-Instant-Powdered-Gelatin-Dessert-6-oz-Box/716230889",
        "price": "$3.37",
        "stars": "4.7",
        "ratings": "786 ",
        "img": "i5.walmartimages.com/asr/df9a643e-b63b-4de5-b407-976e1af1579d_2.a4952b446e1e4931456c41506182a9e5.jpeg?odnWidth=612&odnHeight=612&odnBg=ffffff",
        "tags": [
            [
                "Pudding & Gelatin",
                "/browse/food/pudding-gelatin/976759_976787_1001471"
            ],
            [
                "Valentine's Day Baking",
                "/browse/food/valentines-day-baking/976759_1567409_9457805_1303563"
            ],
            [
                "Sugar-Free Food Essentials",
                "/browse/food/sugar-free-food-essentials/976759_1567409_2168938_8870296_1639022"
            ],
            [
                "Sugar Free Food",
                "/browse/food/sugar-free-food/976759_1567409_3170630_2147513"
            ],
            [
                "All Baking Mixes",
                "/browse/food/all-baking-mixes/976759_976780_1001368_2594651"
            ],
            [
                "Game Time Baking",
                "/browse/food/game-time-baking/976759_1567409_3282877_2930489_4135213"
            ],
            [
                "Baking Ingredients",
                "/browse/food/baking-ingredients/976759_4143264_2535686_5948883_5994684"
            ],
            [
                "Easter Baking",
                "/browse/food/easter-baking/976759_1567409_2168938_2546479_6431277"
            ]
        ]
    },
    {
        "title": "(3 pack) So Delicious Dairy Free Coconut Milk Vanilla, 32 fl oz",
        "url": "https://www.walmart.com/ip/3-pack-So-Delicious-Dairy-Free-Coconut-Milk-Vanilla-32-fl-oz/586197877",
        "price": "$7.17",
        "stars": "4.2",
        "ratings": "46 ",
        "img": "i5.walmartimages.com/asr/153063f0-ec06-4927-bfb3-c137b26202a1.17fd474965356b58180452d6e474a273.jpeg?odnWidth=612&odnHeight=612&odnBg=ffffff",
        "tags": [
            [
                "Coconut Milk",
                "/browse/food/coconut-milk/976759_976782_8649877_1960610"
            ],
            [
                "Organic Milk",
                "/browse/food/organic-milk/976759_976782_8649877_3153553"
            ],
            [
                "Unsweetened Milk",
                "/browse/food/unsweetened-milk/976759_976782_8649877_6608960"
            ],
            [
                "Plant Based Baking Needs",
                "/browse/food/plant-based-baking-needs/976759_5148628_4583057_2468673_6805759"
            ],
            [
                "Pacific Foods",
                "/browse/food/pacific-foods/976759_976782_8649877_3107987_8118146"
            ],
            [
                "Flavored Milks",
                "/browse/food/flavored-milks/976759_1071964_976788_1001466_8309071"
            ],
            [
                "Plant Based Beverages",
                "/browse/food/plant-based-beverages/976759_5148628_4583057_2468673_9776610"
            ]
        ]
    },
    {
        "title": "Great Value Organic Ground Cardamom, 1.8 oz",
        "url": "https://www.walmart.com/ip/Great-Value-Organic-Ground-Cardamom-1-8-oz/109761212",
        "price": "$4.97",
        "stars": "4.6",
        "ratings": "29 ",
        "img": "i5.walmartimages.com/asr/0f8a1f1c-0950-4dda-a1ab-4b5c939d3545_1.97fab128a4ceef85c4b9890ce2a059ae.jpeg?odnWidth=612&odnHeight=612&odnBg=ffffff",
        "tags": [
            [
                "Organic Foods",
                "/browse/food/organic-foods/976759_1228024_1228017"
            ],
            [
                "All Pepper & Peppercorns",
                "/browse/food/all-pepper-peppercorns/976759_976786_1007682_5307367_2161042"
            ],
            [
                "Organic Food Essentials",
                "/browse/food/organic-food-essentials/976759_1567409_2168938_8870296_3706415"
            ],
            [
                "All Mixed Spices & Seasonings",
                "/browse/food/all-mixed-spices-seasonings/976759_976786_1007682_4019297_4279992"
            ],
            [
                "Pepper",
                "/browse/food/pepper/976759_976786_1007682_5307367_6067079"
            ],
            [
                "All Single Herbs & Spices",
                "/browse/food/all-single-herbs-spices/976759_976786_1007682_2008977_6345512"
            ],
            [
                "All Salt, Spices & Seasoning",
                "/browse/food/all-salt-spices-seasoning/976759_976786_8191625"
            ]
        ]
    },
    {
        "title": "(2 Pack) Dale's Reduced Sodium Blend Steak Seasoning 16 fl. oz. Bottle",
        "url": "https://www.walmart.com/ip/2-Pack-Dale-s-Reduced-Sodium-Blend-Steak-Seasoning-16-fl-oz-Bottle/47229035",
        "price": "$5.16",
        "stars": "4.5",
        "ratings": "28 ",
        "img": "i5.walmartimages.com/asr/7962e60b-2259-4045-9d50-2d4ef1c3f80c_1.f4ba1f725a9625a49657e164be108d39.jpeg?odnWidth=612&odnHeight=612&odnBg=ffffff",
        "tags": [
            [
                "Sauces",
                "/browse/food/sauces/976759_976786_1076366"
            ],
            [
                "Gluten-Free Foods",
                "/browse/food/gluten-free-foods/976759_1228023_1228016"
            ],
            [
                "Baking Restock",
                "/browse/food/baking-restock/976759_1567409_2168938_1811730_4237636"
            ],
            [
                "All Mixed Spices & Seasonings",
                "/browse/food/all-mixed-spices-seasonings/976759_976786_1007682_4019297_4279992"
            ],
            [
                "Gluten Free Foods",
                "/browse/food/gluten-free-foods/976759_5004481_5546296"
            ],
            [
                "Shop All BBQ Sauces",
                "/browse/food/shop-all-bbq-sauces/976759_976786_9696846_9999057_6757439"
            ],
            [
                "Summer Grilling Condiments",
                "/browse/food/summer-grilling-condiments/976759_1567409_8808777_7265121"
            ],
            [
                "All Salt, Spices & Seasoning",
                "/browse/food/all-salt-spices-seasoning/976759_976786_8191625"
            ]
        ]
    },
    {
        "title": "(2 Pack) Great Value Organic Celery Seeds, 1.8 oz",
        "url": "https://www.walmart.com/ip/2-Pack-Great-Value-Organic-Celery-Seeds-1-8-oz/359013098",
        "price": "$6.53",
        "stars": "4.2",
        "ratings": "29 ",
        "img": "i5.walmartimages.com/asr/303c70fd-5e5b-4237-a0e0-d5adc2995981_1.5d99cbd81fe320e339e8d9e44d94f880.jpeg?odnWidth=612&odnHeight=612&odnBg=ffffff",
        "tags": [
            [
                "Yellow Mustards",
                "/browse/food/yellow-mustards/976759_976786_9696846_1868509_1584034"
            ],
            [
                "All Pepper & Peppercorns",
                "/browse/food/all-pepper-peppercorns/976759_976786_1007682_5307367_2161042"
            ],
            [
                "Organic Food Essentials",
                "/browse/food/organic-food-essentials/976759_1567409_2168938_8870296_3706415"
            ],
            [
                "All Mixed Spices & Seasonings",
                "/browse/food/all-mixed-spices-seasonings/976759_976786_1007682_4019297_4279992"
            ],
            [
                "Pepper",
                "/browse/food/pepper/976759_976786_1007682_5307367_6067079"
            ],
            [
                "All Single Herbs & Spices",
                "/browse/food/all-single-herbs-spices/976759_976786_1007682_2008977_6345512"
            ],
            [
                "All Salt, Spices & Seasoning",
                "/browse/food/all-salt-spices-seasoning/976759_976786_8191625"
            ]
        ]
    },
    {
        "title": "(2 Pack) Great Value Organic Ground Allspice, 1.6 oz",
        "url": "https://www.walmart.com/ip/2-Pack-Great-Value-Organic-Ground-Allspice-1-6-oz/971865462",
        "price": "$6.73",
        "stars": "5.0",
        "ratings": "4 ",
        "img": "i5.walmartimages.com/asr/8b95f904-8b4d-4b1e-8563-995136025aab_2.04a3ce262b82e38dcc2c73a8cb19132f.jpeg?odnWidth=612&odnHeight=612&odnBg=ffffff",
        "tags": [
            [
                "All Pepper & Peppercorns",
                "/browse/food/all-pepper-peppercorns/976759_976786_1007682_5307367_2161042"
            ],
            [
                "Organic Food Essentials",
                "/browse/food/organic-food-essentials/976759_1567409_2168938_8870296_3706415"
            ],
            [
                "All Mixed Spices & Seasonings",
                "/browse/food/all-mixed-spices-seasonings/976759_976786_1007682_4019297_4279992"
            ],
            [
                "Pepper",
                "/browse/food/pepper/976759_976786_1007682_5307367_6067079"
            ],
            [
                "All Single Herbs & Spices",
                "/browse/food/all-single-herbs-spices/976759_976786_1007682_2008977_6345512"
            ],
            [
                "All Salt, Spices & Seasoning",
                "/browse/food/all-salt-spices-seasoning/976759_976786_8191625"
            ],
            [
                "Garlic Salt",
                "/browse/food/garlic-salt/976759_976786_1007682_4019297_8437998"
            ]
        ]
    },
    {
        "title": "(2 Pack) CARNATION Vitamin D Added Evaporated Milk\u0093 Substitute for Drinking Milk in Recipes, Evaporated Milk with Vitamin D Added, 17 fl oz",
        "url": "https://www.walmart.com/ip/2-Pack-CARNATION-Vitamin-D-Added-Evaporated-Milk-Substitute-for-Drinking-Milk-in-Recipes-Evaporated-Milk-with-Vitamin-D-Added-17-fl-oz/887251860",
        "price": "$5.94",
        "stars": "4.5",
        "ratings": "51 ",
        "img": "i5.walmartimages.com/asr/0ec29d84-e127-467a-8b0d-4da843ab4d4a_1.de6a5351800177898c48e960d47979f2.jpeg?odnWidth=612&odnHeight=612&odnBg=ffffff",
        "tags": []
    }
]