[
    {
        "title": "French Market Creole Blend Coffee & Chicory K-Cup Pods, 12 Count",
        "url": "https://www.walmart.com/ip/French-Market-Creole-Blend-Coffee-Chicory-K-Cup-Pods-12-Count/46142517",
        "price": "$8.78",
        "stars": "4.7",
        "ratings": "84 ",
        "img": "i5.walmartimages.com/asr/638bca3c-96b8-4ab9-b3c9-c4c11778f75f_1.22bd6996bb0f59868f14cc9edaefe390.jpeg?odnWidth=612&odnHeight=612&odnBg=ffffff",
        "tags": [
            [
                "Ground Coffee",
                "/browse/food/ground-coffee/976759_1086446_1229651"
            ],
            [
                "Arabica Coffee",
                "/browse/food/arabica-coffee/976759_1086446_2559085"
            ],
            [
                "All Community Coffee",
                "/browse/food/all-community-coffee/976759_1086446_2425858_4140955"
            ],
            [
                "Community Ground Coffee",
                "/browse/food/community-ground-coffee/976759_1086446_2425858_4529416"
            ],
            [
                "Coffee With Chicory",
                "/browse/food/coffee-with-chicory/976759_1086446_5471454"
            ],
            [
                "All Peet's Coffee",
                "/browse/food/all-peets-coffee/976759_1086446_5434583_6609721"
            ],
            [
                "Keurig K-Cups & Coffee Pods",
                "/browse/food/keurig-k-cups-coffee-pods/976759_1086446_8135897"
            ],
            [
                "Peet's Coffee Pods",
                "/browse/food/peets-coffee-pods/976759_1086446_5434583_9034163"
            ]
        ]
    },
    {
        "title": "K-Cup Coffee Maker, Single Serve Coffee Brewers with Permanent Filter, 6-14OZ Reservoir One-Touch Button Coffee Machines, Red",
        "url": "https://www.walmart.com/ip/K-Cup-Coffee-Maker-Single-Serve-Coffee-Brewers-with-Permanent-Filter-6-14OZ-Reservoir-One-Touch-Button-Coffee-Machines-Red/667393557",
        "price": "$34.99",
        "stars": "3.5",
        "ratings": "38 ",
        "img": "i5.walmartimages.com/asr/7521cd1f-6cd4-4f5d-8b0e-554a48134ad9_1.8e256ae015f18ae141031643bff5cec5.jpeg?odnWidth=612&odnHeight=612&odnBg=ffffff",
        "tags": [
            [
                "Kitchen Appliances",
                "/browse/home/kitchen-appliances/4044_1225301_1225229_1225238_1230030"
            ],
            [
                "Cuisinart Coffee Makers",
                "/browse/home/cuisinart-coffee-makers/4044_90548_90546_1115306_2229357"
            ],
            [
                "Keurig Single Serve Coffee Makers",
                "/browse/home/keurig-single-serve-coffee-makers/4044_90548_90546_1115306_3298657"
            ],
            [
                "Dorm Appliances",
                "/browse/home/dorm-appliances/4044_1225301_1225229_4267503"
            ],
            [
                "Small kitchen ideas",
                "/browse/home/small-kitchen-ideas/4044_1879527_9330810_4641057"
            ],
            [
                "Coffee Makers",
                "/browse/home/coffee-makers/4044_90548_90546_1115306_5438660"
            ],
            [
                "Dorm Room Essentials",
                "/browse/home/dorm-room-essentials/4044_1225301_1225229_7506721"
            ],
            [
                "Hamilton Beach Coffee Makers",
                "/browse/home/hamilton-beach-coffee-makers/4044_90548_90546_1115306_8513960"
            ]
        ]
    },
    {
        "title": "TAZO Zen Green Tea K-Cup\u00ae Pods 16 count",
        "url": "https://www.walmart.com/ip/TAZO-Zen-Green-Tea-K-Cup-Pods-16-count/584272869",
        "price": "$16.98",
        "stars": "5.0",
        "ratings": "9 ",
        "img": "i5.walmartimages.com/asr/4ffe2bcf-bbe1-470a-9f9c-4ef13cb1b8dc_1.b1c2f961c30a2aa2c06e60a3d72e2b21.jpeg?odnWidth=612&odnHeight=612&odnBg=ffffff",
        "tags": [
            [
                "English Breakfast Tea",
                "/browse/food/english-breakfast-tea/976759_976782_1001320_3043029"
            ],
            [
                "Tea Pods",
                "/browse/food/tea-pods/976759_976782_1001320_4197195"
            ],
            [
                "Tea Bags",
                "/browse/food/tea-bags/976759_976782_1001320_4408773"
            ],
            [
                "Fueling Beverages",
                "/browse/food/fueling-beverages/976759_4321481_5471594"
            ],
            [
                "Celestial Seasonings Tea",
                "/browse/food/celestial-seasonings-tea/976759_976782_1001320_7431138"
            ],
            [
                "Tazo Tea",
                "/browse/food/tazo-tea/976759_976782_1001320_7873700"
            ],
            [
                "Keurig K-Cups & Coffee Pods",
                "/browse/food/keurig-k-cups-coffee-pods/976759_1086446_8135897"
            ],
            [
                "Twinings Tea",
                "/browse/food/twinings-tea/976759_976782_1001320_9445399"
            ]
        ]
    },
    {
        "title": "Ethical Bean Fairtrade Organic Coffee, Decaf Dark Roast, Ground Coffee, 8 oz. Bag",
        "url": "https://www.walmart.com/ip/Ethical-Bean-Fairtrade-Organic-Coffee-Decaf-Dark-Roast-Ground-Coffee-8-oz-Bag/785181639",
        "price": "$7.96",
        "stars": "4.7",
        "ratings": "127 ",
        "img": "i5.walmartimages.com/asr/c5653138-941f-458c-9090-4be8e4213738.fc5c08c67f8cb4f460de4f8d42b4d5b0.jpeg?odnWidth=612&odnHeight=612&odnBg=ffffff",
        "tags": [
            [
                "Ground Coffee",
                "/browse/food/ground-coffee/976759_1086446_1229651"
            ],
            [
                "Whole Bean Coffee",
                "/browse/food/whole-bean-coffee/976759_1086446_1229652"
            ],
            [
                "Arabica Coffee",
                "/browse/food/arabica-coffee/976759_1086446_2559085"
            ],
            [
                "Espresso",
                "/browse/food/espresso/976759_1086446_4366064"
            ],
            [
                "Decaf Ground Coffee",
                "/browse/food/decaf-ground-coffee/976759_1086446_2901896_4427059"
            ],
            [
                "All New Coffee",
                "/browse/food/all-new-coffee/976759_1086446_1995978_5827508"
            ],
            [
                "New Whole Bean Coffee",
                "/browse/food/new-whole-bean-coffee/976759_1086446_1995978_7158971"
            ],
            [
                "All Decaf Coffee",
                "/browse/food/all-decaf-coffee/976759_1086446_2901896_9623975"
            ]
        ]
    },
    {
        "title": "Cameron's Coffee Decaf Flavored Vanilla Hazelnut Ground Coffee, Light Roast, 10 oz",
        "url": "https://www.walmart.com/ip/Cameron-s-Coffee-Decaf-Flavored-Vanilla-Hazelnut-Ground-Coffee-Light-Roast-10-oz/32984871",
        "price": "$8.15",
        "stars": "4.8",
        "ratings": "29 ",
        "img": "i5.walmartimages.com/asr/cc317c83-cc0e-4a56-8663-4711bef15c56.665cdf83237f77963d0c30b6f74a42c2.jpeg?odnWidth=612&odnHeight=612&odnBg=ffffff",
        "tags": [
            [
                "Arabica Coffee",
                "/browse/food/arabica-coffee/976759_1086446_2559085"
            ],
            [
                "All Gevalia",
                "/browse/food/all-gevalia/976759_1086446_9208550_3568271"
            ],
            [
                "Decaf Ground Coffee",
                "/browse/food/decaf-ground-coffee/976759_1086446_2901896_4427059"
            ],
            [
                "Starbucks Ground Coffee",
                "/browse/food/starbucks-ground-coffee/976759_1086446_2986178_5925252"
            ],
            [
                "Coffee & Coffee Pods",
                "/browse/food/coffee-coffee-pods/976759_1086446_7238690"
            ],
            [
                "All Starbucks",
                "/browse/food/all-starbucks/976759_1086446_2986178_7830797"
            ],
            [
                "Gevalia Ground Coffee",
                "/browse/food/gevalia-ground-coffee/976759_1086446_9208550_8102010"
            ],
            [
                "All Decaf Coffee",
                "/browse/food/all-decaf-coffee/976759_1086446_2901896_9623975"
            ]
        ]
    },
    {
        "title": "Caribou Coffee\u00ae Mahogany Dark Roast Ground Coffee 12 oz. Stand-Up Bag",
        "url": "https://www.walmart.com/ip/Caribou-Coffee-Mahogany-Dark-Roast-Ground-Coffee-12-oz-Stand-Up-Bag/23555046",
        "price": "$7.28",
        "stars": "4.8",
        "ratings": "4 ",
        "img": "i5.walmartimages.com/asr/6fe4dbc0-ae87-482f-86c7-3209defeb9a3.a92fa2aac8d359ff4451077d4813b0aa.jpeg?odnWidth=612&odnHeight=612&odnBg=ffffff",
        "tags": [
            [
                "Whole Bean Coffee",
                "/browse/food/whole-bean-coffee/976759_1086446_1229652"
            ],
            [
                "Arabica Coffee",
                "/browse/food/arabica-coffee/976759_1086446_2559085"
            ],
            [
                "Premium Ground Coffee",
                "/browse/food/premium-ground-coffee/976759_5148628_5831001_2847145"
            ],
            [
                "Caribou Ground Coffee",
                "/browse/food/caribou-ground-coffee/976759_1086446_5204146_5316531"
            ],
            [
                "All Caribou Coffee",
                "/browse/food/all-caribou-coffee/976759_1086446_5204146_5717470"
            ],
            [
                "Coffee & Coffee Pods",
                "/browse/food/coffee-coffee-pods/976759_1086446_7238690"
            ],
            [
                "All Folgers Coffee",
                "/browse/food/all-folgers-coffee/976759_1086446_3100047_8271556"
            ],
            [
                "All Decaf Coffee",
                "/browse/food/all-decaf-coffee/976759_1086446_2901896_9623975"
            ]
        ]
    },
    {
        "title": "Folgers House Blend Ground Coffee, Medium Roast Coffee, 24.2 Ounce Canister",
        "url": "https://www.walmart.com/ip/Folgers-House-Blend-Ground-Coffee-Medium-Roast-Coffee-24-2-Ounce-Canister/45796275",
        "price": "$6.98",
        "stars": "4.6",
        "ratings": "128 ",
        "img": "i5.walmartimages.com/asr/30df121e-5054-468b-8230-cf64634eadd4_1.0e5c48c1f227865af778e5a3e52a32e3.jpeg?odnWidth=612&odnHeight=612&odnBg=ffffff",
        "tags": [
            [
                "Folgers Ground Coffee",
                "/browse/food/folgers-ground-coffee/976759_1086446_3100047_1674140"
            ],
            [
                "All Maxwell House Coffee",
                "/browse/food/all-maxwell-house-coffee/976759_1086446_9154767_2506449"
            ],
            [
                "Arabica Coffee",
                "/browse/food/arabica-coffee/976759_1086446_2559085"
            ],
            [
                "Colombian Coffee",
                "/browse/food/colombian-coffee/976759_1086446_3908418"
            ],
            [
                "Cold Weather Beverages",
                "/browse/food/cold-weather-beverages/976759_1567409_6592518_4126576"
            ],
            [
                "Coffee & Coffee Pods",
                "/browse/food/coffee-coffee-pods/976759_1086446_7238690"
            ],
            [
                "Gaming Snacks & Drinks",
                "/browse/food/gaming-snacks-drinks/976759_1567409_8254504"
            ],
            [
                "All Folgers Coffee",
                "/browse/food/all-folgers-coffee/976759_1086446_3100047_8271556"
            ]
        ]
    },
    {
        "title": "Melitta #2 Natural Brown Cone Coffee Filters, 100 Ct",
        "url": "https://www.walmart.com/ip/Melitta-2-Natural-Brown-Cone-Coffee-Filters-100-Ct/16630609",
        "price": "$7.50",
        "stars": "4.9",
        "ratings": "28 ",
        "img": "i5.walmartimages.com/asr/8970d56d-efee-48ec-ac5e-a3f180560fcf_1.9d3a0dea193592bca9aac0a7400cff5a.jpeg?odnWidth=612&odnHeight=612&odnBg=ffffff",
        "tags": [
            [
                "Ground Coffee",
                "/browse/food/ground-coffee/976759_1086446_1229651"
            ],
            [
                "Colombian Coffee",
                "/browse/food/colombian-coffee/976759_1086446_3908418"
            ],
            [
                "Decaf Ground Coffee",
                "/browse/food/decaf-ground-coffee/976759_1086446_2901896_4427059"
            ],
            [
                "Nut Free Foods",
                "/browse/food/nut-free-foods/976759_5004481_5679034"
            ],
            [
                "Dairy Free Foods",
                "/browse/food/dairy-free-foods/976759_5004481_7941405"
            ],
            [
                "Melitta Coffee Filters",
                "/browse/food/melitta-coffee-filters/976759_1086446_1229655_8379550"
            ],
            [
                "All Decaf Coffee",
                "/browse/food/all-decaf-coffee/976759_1086446_2901896_9623975"
            ],
            [
                "Reusable Coffee Filters",
                "/browse/food/reusable-coffee-filters/976759_1086446_1229655_9693544"
            ]
        ]
    },
    {
        "title": "Medaglia d'Oro Espresso Coffee, 10-Ounce",
        "url": "https://www.walmart.com/ip/Medaglia-d-Oro-Espresso-Coffee-10-Ounce/21695203",
        "price": "$13.44",
        "stars": "4.8",
        "ratings": "33 ",
        "img": "i5.walmartimages.com/asr/116730dc-6492-4649-95b9-5d0cec8110de.a5753a1928a979082c360105615d7e66.jpeg?odnWidth=612&odnHeight=612&odnBg=ffffff",
        "tags": [
            [
                "Whole Bean Coffee",
                "/browse/food/whole-bean-coffee/976759_1086446_1229652"
            ],
            [
                "Cafe Bustelo Ground Coffee",
                "/browse/food/cafe-bustelo-ground-coffee/976759_1086446_7145434_2974338"
            ],
            [
                "Espresso",
                "/browse/food/espresso/976759_1086446_4366064"
            ],
            [
                "Cuban Coffee",
                "/browse/food/cuban-coffee/976759_1086446_5303199"
            ],
            [
                "All Instant Coffee",
                "/browse/food/all-instant-coffee/976759_1086446_1229650_6624280"
            ],
            [
                "All Cafe Bustelo",
                "/browse/food/all-cafe-bustelo/976759_1086446_7145434_6924474"
            ],
            [
                "Espresso Powder",
                "/browse/food/espresso-powder/976759_1086446_1229650_8113865"
            ]
        ]
    },
    {
        "title": "Community Coffee Caf\u00e9 Special Half - Caff Med-Dark Roast Ground 32 oz Gable Top",
        "url": "https://www.walmart.com/ip/Community-Coffee-Caf-Special-Half-Caff-Med-Dark-Roast-Ground-32-oz-Gable-Top/19801046",
        "price": "$12.58",
        "stars": "4.8",
        "ratings": "137 ",
        "img": "i5.walmartimages.com/asr/d187b7c6-ebce-4e5c-908e-ebe7f573ebd8.07f5dbaa8422104d032f46669f966279.png?odnWidth=612&odnHeight=612&odnBg=ffffff",
        "tags": [
            [
                "Whole Bean Coffee",
                "/browse/food/whole-bean-coffee/976759_1086446_1229652"
            ],
            [
                "New Year New You Coffee",
                "/browse/food/new-year-new-you-coffee/976759_1567409_3170630_1935558"
            ],
            [
                "All Community Coffee",
                "/browse/food/all-community-coffee/976759_1086446_2425858_4140955"
            ],
            [
                "Decaf Ground Coffee",
                "/browse/food/decaf-ground-coffee/976759_1086446_2901896_4427059"
            ],
            [
                "Community Ground Coffee",
                "/browse/food/community-ground-coffee/976759_1086446_2425858_4529416"
            ],
            [
                "Coffee Tea & Cocoa",
                "/browse/food/coffee-tea-cocoa/976759_1567409_3170630_4711982"
            ],
            [
                "Coffee With Chicory",
                "/browse/food/coffee-with-chicory/976759_1086446_5471454"
            ],
            [
                "All Decaf Coffee",
                "/browse/food/all-decaf-coffee/976759_1086446_2901896_9623975"
            ]
        ]
    }
]