[
    {
        "title": "Mott's No Sugar Added Applesauce, 3.9 oz cups, 18 count",
        "url": "https://www.walmart.com/ip/Mott-s-No-Sugar-Added-Applesauce-3-9-oz-cups-18-count/344273634",
        "price": "$5.78",
        "stars": "4.7",
        "ratings": "433 ",
        "img": "i5.walmartimages.com/asr/43db7f74-e6a8-47b0-8424-ed6220c33e03_1.34998c12d1405a40511489a676aea799.jpeg?odnWidth=612&odnHeight=612&odnBg=ffffff",
        "tags": [
            [
                "Canned Fruit",
                "/browse/food/canned-fruit/976759_976794_976785_1001342"
            ],
            [
                "Applesauce",
                "/browse/food/applesauce/976759_976794_976785_1001388"
            ],
            [
                "Fruit Cups & Fruit Sauces",
                "/browse/food/fruit-cups-fruit-sauces/976759_976787_1044133"
            ],
            [
                "All Canned Goods",
                "/browse/food/all-canned-goods/976759_976794_976785_3021174"
            ],
            [
                "Dole Fruit Cups",
                "/browse/food/dole-fruit-cups/976759_976794_976785_5006407"
            ],
            [
                "Mott's",
                "/browse/food/motts/976759_976782_1001321_6763498"
            ],
            [
                "Meals Restock",
                "/browse/food/meals-restock/976759_1567409_2168938_1811730_6806516"
            ]
        ]
    },
    {
        "title": "RiceSelect Original Pearl Couscous, 24.5-Ounce Jar",
        "url": "https://www.walmart.com/ip/RiceSelect-Original-Pearl-Couscous-24-5-Ounce-Jar/157638272",
        "price": "$4.93",
        "stars": "4.8",
        "ratings": "21 ",
        "img": "i5.walmartimages.com/asr/37634807-8eca-49e9-965e-b812adee2a5b_1.9a89e08db737491bb0c6c577af119550.jpeg?odnWidth=612&odnHeight=612&odnBg=ffffff",
        "tags": [
            [
                "Boxed Meals",
                "/browse/food/boxed-meals/976759_976794_6223225_1001477"
            ],
            [
                "Canned Grains",
                "/browse/food/canned-grains/976759_976794_976785_1044167"
            ],
            [
                "All Pantry Clearance and Deals",
                "/browse/food/all-pantry-clearance-deals/976759_1567409_2168938_3231932_2780184"
            ],
            [
                "High Protein Food Staples",
                "/browse/food/high-protein-food-staples/976759_1567409_2168938_8870296_2783192"
            ],
            [
                "Quinoa",
                "/browse/food/quinoa/976759_976794_1001474_3981879"
            ],
            [
                "Plant Based Pasta & Grains",
                "/browse/food/plant-based-pasta-grains/976759_5148628_4583057_2468673_7104725"
            ],
            [
                "Gluten Free Pasta & Grains",
                "/browse/food/gluten-free-pasta-grains/976759_5148628_4583057_1250486_7390423"
            ]
        ]
    },
    {
        "title": "GoGo squeeZ fruit & veggieZ Variety Pack, Pedal Pedal Peach & Speedy Strawberry, 3.2 oz Pouches, 12 Pack",
        "url": "https://www.walmart.com/ip/GoGo-squeeZ-fruit-amp-veggieZ-Variety-Pack-Pedal-Pedal-Peach-amp-Speedy-Strawberry-3-2-oz-Pouches-12-Pack/249657047",
        "price": "$6.48",
        "stars": "5.0",
        "ratings": "2 ",
        "img": "i5.walmartimages.com/asr/2e9264a4-fab2-4a02-9317-2d681267a34d_2.a40615bd61fc10131ff697da2da7fda1.png?odnWidth=612&odnHeight=612&odnBg=ffffff",
        "tags": [
            [
                "Fruit Cups & Fruit Sauces",
                "/browse/food/fruit-cups-fruit-sauces/976759_976787_1044133"
            ],
            [
                "Organic Foods",
                "/browse/food/organic-foods/976759_1228024_1228017"
            ],
            [
                "All Canned Goods",
                "/browse/food/all-canned-goods/976759_976794_976785_3021174"
            ],
            [
                "Gluten Free Foods",
                "/browse/food/gluten-free-foods/976759_5004481_5546296"
            ],
            [
                "Meals Restock",
                "/browse/food/meals-restock/976759_1567409_2168938_1811730_6806516"
            ],
            [
                "Applesauce pouches",
                "/browse/food/applesauce-pouches/976759_976794_976785_7645159"
            ],
            [
                "Organic Fruit Snacks",
                "/browse/food/organic-fruit-snacks/976759_976787_1001395_7813769"
            ],
            [
                "Dairy Free Foods",
                "/browse/food/dairy-free-foods/976759_5004481_7941405"
            ]
        ]
    },
    {
        "title": "(4 pack) Barilla Pasta Whole Grain Thin Spaghetti, 16.0 oz",
        "url": "https://www.walmart.com/ip/4-pack-Barilla-Pasta-Whole-Grain-Thin-Spaghetti-16-0-oz/614506113",
        "price": "$5.12",
        "stars": "4.7",
        "ratings": "51 ",
        "img": "",
        "tags": [
            [
                "Sauces",
                "/browse/food/sauces/976759_976786_1076366"
            ],
            [
                "All Meals and Sides",
                "/browse/food/all-meals-sides/976759_1071964_976789_2133672_1535108"
            ],
            [
                "Canned Tomatoes",
                "/browse/food/canned-tomatoes/976759_976794_976785_2009430"
            ],
            [
                "Pasta Sauce",
                "/browse/food/pasta-sauce/976759_976794_2775278"
            ],
            [
                "Low Sodium Foods",
                "/browse/food/low-sodium-foods/976759_5004481_6733659"
            ],
            [
                "High Fiber Foods",
                "/browse/food/high-fiber-foods/976759_5004481_9339140"
            ],
            [
                "Gluten Free Meals & Side Dishes",
                "/browse/food/gluten-free-meals-side-dishes/976759_5148628_4583057_1250486_9821290"
            ],
            [
                "Easy Kid's Dinners",
                "/browse/food/easy-kids-dinners/976759_1567409_7966149_9873756"
            ]
        ]
    },
    {
        "title": "(3 Pack) Campbell's Slow Kettle Style Roasted Chicken Noodle Soup with Herbs & White Meat Chicken, 15.5 oz. Tub",
        "url": "https://www.walmart.com/ip/3-Pack-Campbell-s-Slow-Kettle-Style-Roasted-Chicken-Noodle-Soup-with-Herbs-White-Meat-Chicken-15-5-oz-Tub/47234056",
        "price": "$8.52",
        "stars": "3.8",
        "ratings": "17 ",
        "img": "i5.walmartimages.com/asr/3cf516de-d4f2-4c31-a103-517e8da1bd6f_1.4721709edf4bdaa3bcd75ab3d992e47a.jpeg?odnWidth=612&odnHeight=612&odnBg=ffffff",
        "tags": [
            [
                "Soup Mixes",
                "/browse/food/soup-mixes/976759_976794_3901881_1525502"
            ],
            [
                "All Meals and Sides",
                "/browse/food/all-meals-sides/976759_1071964_976789_2133672_1535108"
            ],
            [
                "Canned Tomatoes",
                "/browse/food/canned-tomatoes/976759_976794_976785_2009430"
            ],
            [
                "Cold Weather Foods",
                "/browse/food/cold-weather-foods/976759_1567409_6592518_4011823"
            ],
            [
                "Campbell's Condensed Soup",
                "/browse/campbells-condensed-soup/976759_4080283"
            ],
            [
                "Nut Free Foods",
                "/browse/food/nut-free-foods/976759_5004481_5679034"
            ],
            [
                "Soups, Stocks & Broths",
                "/browse/food/soups-stocks-broths/976759_4143264_2535686_2062862_6707816"
            ],
            [
                "Game Time Meals and Sides",
                "/browse/food/game-time-meals-sides/976759_1567409_3282877_2930489_9821452"
            ]
        ]
    },
    {
        "title": "(3 Pack) Orrington Farms Beef Flavored Broth Base & Seasoning 12 oz. Jar",
        "url": "https://www.walmart.com/ip/3-Pack-Orrington-Farms-Beef-Flavored-Broth-Base-Seasoning-12-oz-Jar/139758296",
        "price": "$8.58",
        "stars": "4.2",
        "ratings": "38 ",
        "img": "i5.walmartimages.com/asr/3a4c0ab9-8304-45f1-97f0-c273ce907914_1.7115e9607acefe4a84ebebbda8f893f5.jpeg?odnWidth=612&odnHeight=612&odnBg=ffffff",
        "tags": [
            [
                "All Soup",
                "/browse/food/all-soup/976759_976794_3901881_1001359"
            ],
            [
                "Chicken Seasoning",
                "/browse/food/chicken-seasoning/976759_976786_1007682_4019297_2775886"
            ],
            [
                "All Mixed Spices & Seasonings",
                "/browse/food/all-mixed-spices-seasonings/976759_976786_1007682_4019297_4279992"
            ],
            [
                "Broth",
                "/browse/food/broth/976759_976794_3901881_7072946"
            ],
            [
                "Immunity Foods",
                "/browse/immunity-foods/976759_7206944"
            ],
            [
                "Bouillon",
                "/browse/food/bouillon/976759_976794_3901881_7614443"
            ],
            [
                "Vegan Food Essentials",
                "/browse/food/vegan-food-essentials/976759_1567409_2168938_8870296_7715877"
            ]
        ]
    },
    {
        "title": "Pure Balance Food For Dogs Variety Pack, Chicken Dinner in Gravy with Peas & Sweet Potatoes and Beef Dinner in Gravy with Carrots & Sun Dried Tomatoes, 3.5 oz, 12 Count",
        "url": "https://www.walmart.com/ip/Pure-Balance-Food-For-Dogs-Variety-Pack-Chicken-Dinner-Gravy-Peas-Sweet-Potatoes-Beef-Carrots-Sun-Dried-Tomatoes-3-5-oz-12-Count/244717829",
        "price": "$8.78",
        "stars": "4.6",
        "ratings": "131 ",
        "img": "i5.walmartimages.com/asr/2c1e416b-4979-4a97-8877-3d0fb01b1a48.48460e5ac6b79661da6b26045f9acd0e.jpeg?odnWidth=612&odnHeight=612&odnBg=ffffff",
        "tags": [
            [
                "All Wet Dog Food",
                "/browse/pets/all-wet-dog-food/5440_202072_6432755_1429994_2737733"
            ],
            [
                "Chicken Flavored Dog Food",
                "/browse/pets/chicken-flavored-dog-food/5440_202072_6432755_9526835_3650602"
            ],
            [
                "Beef Dog Food",
                "/browse/pets/beef-dog-food/5440_202072_6432755_9526835_4547310"
            ],
            [
                "Grain Free Wet Dog Food",
                "/browse/pets/grain-free-wet-dog-food/5440_202072_6432755_1429994_4883704"
            ],
            [
                "Walmart Exclusive Pet Brands",
                "/browse/walmart-exclusive-pet-brands/5440_5185817"
            ],
            [
                "Purina Dog Food",
                "/browse/pets/purina-dog-food/5440_202072_6432755_4978338_8104684"
            ],
            [
                "Pure Balance Dry Dog Food",
                "/browse/pets/pure-balance-dry-dog-food/5440_202072_6432755_1636265_8279927"
            ],
            [
                "Pure Balance Dog Food",
                "/browse/pets/pure-balance-dog-food/5440_202072_6432755_4978338_8652952"
            ]
        ]
    },
    {
        "title": "Golden Star Jasmine Rice, 20 lb",
        "url": "https://www.walmart.com/ip/Golden-Star-Jasmine-Rice-20-lb/46535122",
        "price": "$16.72",
        "stars": "4.7",
        "ratings": "357 ",
        "img": "",
        "tags": [
            [
                "Jasmine Rice",
                "/browse/food/jasmine-rice/976759_976794_1001474_4335459"
            ],
            [
                "Basmati Rice",
                "/browse/food/basmati-rice/976759_976794_1001474_5697844"
            ],
            [
                "Low Sodium Foods",
                "/browse/food/low-sodium-foods/976759_5004481_6733659"
            ],
            [
                "Meals Restock",
                "/browse/food/meals-restock/976759_1567409_2168938_1811730_6806516"
            ],
            [
                "Asian Rice, Grains & Noodles",
                "/browse/food/asian-rice-grains-noodles/976759_5148628_1228025_1228102_7602146"
            ],
            [
                "Shop All Asian Market",
                "/browse/food/shop-all-asian-market/976759_5148628_1228025_1228102_9127385"
            ],
            [
                "All Flours & Meals",
                "/browse/food/all-flours-meals/976759_976780_1044119_9633020"
            ]
        ]
    },
    {
        "title": "Betty Crocker Homestyle Creamy Butter Potatoes, 4.7 oz",
        "url": "https://www.walmart.com/ip/Betty-Crocker-Homestyle-Creamy-Butter-Potatoes-4-7-oz/37341968",
        "price": "$0.88",
        "stars": "4.1",
        "ratings": "22 ",
        "img": "i5.walmartimages.com/asr/952816da-bcb4-41a6-acb8-a13af0042a2f_1.65accd2f5c8ad99a90d74c931f21ea30.jpeg?odnWidth=612&odnHeight=612&odnBg=ffffff",
        "tags": [
            [
                "Oil & Shortening",
                "/browse/food/oil-shortening/976759_976786_1044152"
            ],
            [
                "Condiments Restock",
                "/browse/food/condiments-restock/976759_1567409_2168938_1811730_3522188"
            ],
            [
                "Plant-Based Milk",
                "/browse/food/plant-based-milk/976759_976782_8649877_4681354"
            ],
            [
                "Vegan Foods",
                "/browse/food/vegan-foods/976759_5004481_6794259"
            ],
            [
                "Flavored Milks",
                "/browse/food/flavored-milks/976759_1071964_976788_1001466_8309071"
            ],
            [
                "Almond Breeze",
                "/browse/food/almond-breeze/976759_976782_8649877_3107987_9952135"
            ]
        ]
    },
    {
        "title": "(3 Cartons) Swanson Unsalted Beef Flavored Cooking Stock, 32 oz",
        "url": "https://www.walmart.com/ip/3-Cartons-Swanson-Unsalted-Beef-Flavored-Cooking-Stock-32-oz/47234247",
        "price": "$6.81",
        "stars": "4.7",
        "ratings": "20 ",
        "img": "i5.walmartimages.com/asr/104cd60f-6912-4dbe-8eb2-b8e674994364_1.45c73cac5a6e062c2c53f8acc42ed48a.jpeg?odnWidth=612&odnHeight=612&odnBg=ffffff",
        "tags": [
            [
                "All Soup",
                "/browse/food/all-soup/976759_976794_3901881_1001359"
            ],
            [
                "Stocks & Broths",
                "/browse/food/stocks-broths/976759_976794_976785_1001360"
            ],
            [
                "All Pantry Clearance and Deals",
                "/browse/food/all-pantry-clearance-deals/976759_1567409_2168938_3231932_2780184"
            ],
            [
                "Organic Food Essentials",
                "/browse/food/organic-food-essentials/976759_1567409_2168938_8870296_3706415"
            ],
            [
                "Gluten Free Foods",
                "/browse/food/gluten-free-foods/976759_5004481_5546296"
            ],
            [
                "Low Calorie Foods",
                "/browse/food/low-calorie-foods/976759_5004481_6036545"
            ],
            [
                "Broth",
                "/browse/food/broth/976759_976794_3901881_7072946"
            ],
            [
                "Non GMO Food",
                "/browse/food/non-gmo-food/976759_5004481_8102928"
            ]
        ]
    }
]