[
    {
        "title": "(3 Pack) Kraft Green Goddess Dressing, 16 Fl Oz Bottle",
        "url": "https://www.walmart.com/ip/3-Pack-Kraft-Green-Goddess-Dressing-16-Fl-Oz-Bottle/253466364",
        "price": "$6.37",
        "stars": "4.2",
        "ratings": "103 ",
        "img": "i5.walmartimages.com/asr/5ac01999-10ba-4685-9024-6918cfdacf57_2.343b5ce545bf6c501d3e65f986c3a5ba.jpeg?odnWidth=612&odnHeight=612&odnBg=ffffff",
        "tags": [
            [
                "Condiments",
                "/browse/food/condiments/976759_976786_9696846_1001363"
            ],
            [
                "Ranch Dressing",
                "/browse/food/ranch-dressing/976759_976786_5730644_1345093"
            ],
            [
                "Thousand Island Dressing",
                "/browse/food/thousand-island-dressing/976759_976786_5730644_2227127"
            ],
            [
                "Italian Dressing",
                "/browse/food/italian-dressing/976759_976786_5730644_3178690"
            ],
            [
                "All Fresh Packaged Salads, Dressings and Dips",
                "/browse/food/all-fresh-packaged-salads-dressings-dips/976759_1071964_976793_9538337_3695434"
            ],
            [
                "Caesar Dressing",
                "/browse/food/caesar-dressing/976759_976786_5730644_3729388"
            ],
            [
                "Hidden Valley Ranch",
                "/browse/food/hidden-valley-ranch/976759_976786_5730644_3791260"
            ],
            [
                "Specialty Dressing",
                "/browse/food/specialty-dressing/976759_976786_5730644_4547303"
            ]
        ]
    },
    {
        "title": "Marzetti The Original Slaw Dressing 24 fl. oz. Jar",
        "url": "https://www.walmart.com/ip/Marzetti-The-Original-Slaw-Dressing-24-fl-oz-Jar/10321124",
        "price": "$3.98",
        "stars": "4.8",
        "ratings": "25 ",
        "img": "i5.walmartimages.com/asr/03995e81-3bc1-4c5b-984a-3c90d4afee11_1.2c2ebce1c50c46c24d1e86b93d89b78e.jpeg?odnWidth=612&odnHeight=612&odnBg=ffffff",
        "tags": [
            [
                "All Fresh Packaged Salads, Dressings and Dips",
                "/browse/food/all-fresh-packaged-salads-dressings-dips/976759_1071964_976793_9538337_3695434"
            ],
            [
                "Caesar Dressing",
                "/browse/food/caesar-dressing/976759_976786_5730644_3729388"
            ],
            [
                "Hidden Valley Ranch",
                "/browse/food/hidden-valley-ranch/976759_976786_5730644_3791260"
            ],
            [
                "Specialty Dressing",
                "/browse/food/specialty-dressing/976759_976786_5730644_4547303"
            ],
            [
                "Gluten Free Foods",
                "/browse/food/gluten-free-foods/976759_5004481_5546296"
            ],
            [
                "Coleslaw Dressing",
                "/browse/food/coleslaw-dressing/976759_976786_5730644_5633951"
            ],
            [
                "Vegan Foods",
                "/browse/food/vegan-foods/976759_5004481_6794259"
            ],
            [
                "French Dressing",
                "/browse/food/french-dressing/976759_976786_5730644_9235971"
            ]
        ]
    },
    {
        "title": "(2 Pack) Great Value Organic Herbs De Provence, 0.6 oz",
        "url": "https://www.walmart.com/ip/2-Pack-Great-Value-Organic-Herbs-De-Provence-0-6-oz/805374533",
        "price": "$7.94",
        "stars": "4.9",
        "ratings": "10 ",
        "img": "i5.walmartimages.com/asr/3da4494a-a03d-4275-b135-56d7858ef772_1.6698d5bd57d62e68e9430140ede5bedb.jpeg?odnWidth=612&odnHeight=612&odnBg=ffffff",
        "tags": [
            [
                "All Pepper & Peppercorns",
                "/browse/food/all-pepper-peppercorns/976759_976786_1007682_5307367_2161042"
            ],
            [
                "Organic Food Essentials",
                "/browse/food/organic-food-essentials/976759_1567409_2168938_8870296_3706415"
            ],
            [
                "All Mixed Spices & Seasonings",
                "/browse/food/all-mixed-spices-seasonings/976759_976786_1007682_4019297_4279992"
            ],
            [
                "Pepper",
                "/browse/food/pepper/976759_976786_1007682_5307367_6067079"
            ],
            [
                "All Single Herbs & Spices",
                "/browse/food/all-single-herbs-spices/976759_976786_1007682_2008977_6345512"
            ],
            [
                "All Salt, Spices & Seasoning",
                "/browse/food/all-salt-spices-seasoning/976759_976786_8191625"
            ],
            [
                "Garlic Salt",
                "/browse/food/garlic-salt/976759_976786_1007682_4019297_8437998"
            ]
        ]
    },
    {
        "title": "Crisco Pure Canola Oil, 1-Gallon",
        "url": "https://www.walmart.com/ip/Crisco-Pure-Canola-Oil-1-Gallon/10308161",
        "price": "$7.88",
        "stars": "4.8",
        "ratings": "29 ",
        "img": "i5.walmartimages.com/asr/a0c6c9cf-21de-4f61-bec6-e574ef4f6cf7.9f8cfcddbc612630457d753d0bc11571.jpeg?odnWidth=612&odnHeight=612&odnBg=ffffff",
        "tags": [
            [
                "Gluten-Free Foods",
                "/browse/food/gluten-free-foods/976759_1228023_1228016"
            ],
            [
                "Cooking Oils",
                "/browse/food/cooking-oils/976759_976786_4711712_1314508"
            ],
            [
                "Olive Oils",
                "/browse/food/olive-oils/976759_976786_2569148"
            ],
            [
                "Condiments Restock",
                "/browse/food/condiments-restock/976759_1567409_2168938_1811730_3522188"
            ],
            [
                "Easter Condiments & Sauces",
                "/browse/food/easter-condiments-sauces/976759_1567409_2168938_2546479_3724534"
            ],
            [
                "Vegan Foods",
                "/browse/food/vegan-foods/976759_5004481_6794259"
            ],
            [
                "Non GMO Food",
                "/browse/food/non-gmo-food/976759_5004481_8102928"
            ],
            [
                "Kosher Foods",
                "/browse/kosher-foods/976759_8925069"
            ]
        ]
    },
    {
        "title": "Mezzetta Delicate Marinara Pasta Sauce, Italian Plum tomato, 16.25 Oz",
        "url": "https://www.walmart.com/ip/Mezzetta-Delicate-Marinara-Pasta-Sauce-Italian-Plum-tomato-16-25-Oz/184068299",
        "price": "$3.98",
        "stars": "4.7",
        "ratings": "28 ",
        "img": "",
        "tags": [
            [
                "All Meals and Sides",
                "/browse/food/all-meals-sides/976759_1071964_976789_2133672_1535108"
            ],
            [
                "Canned Tomatoes",
                "/browse/food/canned-tomatoes/976759_976794_976785_2009430"
            ],
            [
                "Pasta Sauce",
                "/browse/food/pasta-sauce/976759_976794_2775278"
            ],
            [
                "Vegan Foods",
                "/browse/food/vegan-foods/976759_5004481_6794259"
            ],
            [
                "Vegan Food Essentials",
                "/browse/food/vegan-food-essentials/976759_1567409_2168938_8870296_7715877"
            ],
            [
                "Non GMO Food",
                "/browse/food/non-gmo-food/976759_5004481_8102928"
            ],
            [
                "Gluten Free Meals & Side Dishes",
                "/browse/food/gluten-free-meals-side-dishes/976759_5148628_4583057_1250486_9821290"
            ],
            [
                "Easy Kid's Dinners",
                "/browse/food/easy-kids-dinners/976759_1567409_7966149_9873756"
            ]
        ]
    },
    {
        "title": "(3 Pack) Lidestri Foods Francesco Rinaldi  Pasta Sauce, 24 oz",
        "url": "https://www.walmart.com/ip/3-Pack-Lidestri-Foods-Francesco-Rinaldi-Pasta-Sauce-24-oz/47233328",
        "price": "$4.80",
        "stars": "4.6",
        "ratings": "138 ",
        "img": "i5.walmartimages.com/asr/d349b224-8eb3-47fa-9aef-7d1f867cd58c_1.8538618a2fcdb5632c76743c41c44d0c.jpeg?odnWidth=612&odnHeight=612&odnBg=ffffff",
        "tags": [
            [
                "Pasta & Noodles",
                "/browse/food/pasta-noodles/976759_976794_1007519"
            ],
            [
                "Sauces",
                "/browse/food/sauces/976759_976786_1076366"
            ],
            [
                "All Meals and Sides",
                "/browse/food/all-meals-sides/976759_1071964_976789_2133672_1535108"
            ],
            [
                "Canned Tomatoes",
                "/browse/food/canned-tomatoes/976759_976794_976785_2009430"
            ],
            [
                "Pasta Sauce",
                "/browse/food/pasta-sauce/976759_976794_2775278"
            ],
            [
                "Vegan Foods",
                "/browse/food/vegan-foods/976759_5004481_6794259"
            ],
            [
                "Gluten Free Meals & Side Dishes",
                "/browse/food/gluten-free-meals-side-dishes/976759_5148628_4583057_1250486_9821290"
            ],
            [
                "Easy Kid's Dinners",
                "/browse/food/easy-kids-dinners/976759_1567409_7966149_9873756"
            ]
        ]
    },
    {
        "title": "Walden Farms Calorie Free Salad Dressing, Chipotle Ranch, 12 Oz",
        "url": "https://www.walmart.com/ip/Walden-Farms-Calorie-Free-Salad-Dressing-Chipotle-Ranch-12-Oz/38443441",
        "price": "$3.34",
        "stars": "4.3",
        "ratings": "48 ",
        "img": "",
        "tags": [
            [
                "Shop All Salad Dressings",
                "/browse/food/shop-all-salad-dressings/976759_976786_5730644_1001365"
            ],
            [
                "Ranch Dressing",
                "/browse/food/ranch-dressing/976759_976786_5730644_1345093"
            ],
            [
                "Sugar-Free Food Essentials",
                "/browse/food/sugar-free-food-essentials/976759_1567409_2168938_8870296_1639022"
            ],
            [
                "Sugar Free Food",
                "/browse/food/sugar-free-food/976759_1567409_3170630_2147513"
            ],
            [
                "Italian Dressing",
                "/browse/food/italian-dressing/976759_976786_5730644_3178690"
            ],
            [
                "Sugar-Free Snacks",
                "/browse/food/sugar-free-snacks/976759_976787_3455839"
            ],
            [
                "All Fresh Packaged Salads, Dressings and Dips",
                "/browse/food/all-fresh-packaged-salads-dressings-dips/976759_1071964_976793_9538337_3695434"
            ],
            [
                "Balsamic Dressing",
                "/browse/food/balsamic-dressing/976759_976786_5730644_8476862"
            ]
        ]
    },
    {
        "title": "(3 Pack) Mario Pitted Black Olives, Medium, 6 Oz",
        "url": "https://www.walmart.com/ip/3-Pack-Mario-Pitted-Black-Olives-Medium-6-Oz/47231574",
        "price": "$5.37",
        "stars": "4.5",
        "ratings": "18 ",
        "img": "i5.walmartimages.com/asr/72e6705b-9c5d-477f-af7b-5533b409bb9f_1.894b86efd3d07320d26135f0be382d71.jpeg?odnWidth=612&odnHeight=612&odnBg=ffffff",
        "tags": [
            [
                "Shop All Olives",
                "/browse/food/shop-all-olives/976759_976786_6379931_1044186"
            ],
            [
                "Snacking Olives",
                "/browse/food/snacking-olives/976759_976786_6379931_1440603"
            ],
            [
                "No Sugar Foods",
                "/browse/food/no-sugar-foods/976759_5004481_1858214"
            ],
            [
                "Gluten Free Foods",
                "/browse/food/gluten-free-foods/976759_5004481_5546296"
            ],
            [
                "Vegan Foods",
                "/browse/food/vegan-foods/976759_5004481_6794259"
            ],
            [
                "Manzanilla Olives",
                "/browse/food/manzanilla-olives/976759_976786_6379931_6882150"
            ],
            [
                "Stuffed Olives",
                "/browse/food/stuffed-olives/976759_976786_6379931_7415069"
            ],
            [
                "Kalamata Olives",
                "/browse/food/kalamata-olives/976759_976786_6379931_9448286"
            ]
        ]
    },
    {
        "title": "(2 Pack) Great Value Garlic Teriyaki Marinade, 12 fl oz",
        "url": "https://www.walmart.com/ip/2-Pack-Great-Value-Garlic-Teriyaki-Marinade-12-fl-oz/258718210",
        "price": "$4.72",
        "stars": "4.5",
        "ratings": "31 ",
        "img": "i5.walmartimages.com/asr/50d55283-db94-45af-b458-02dbdbd47537_2.e2c1388ad0570e5df12a33d128f2f065.jpeg?odnWidth=612&odnHeight=612&odnBg=ffffff",
        "tags": [
            [
                "Condiments",
                "/browse/food/condiments/976759_976786_9696846_1001363"
            ],
            [
                "Asian Sauces",
                "/browse/food/asian-sauces/976759_976786_9696846_1547628"
            ],
            [
                "Teriyaki Sauces",
                "/browse/food/teriyaki-sauces/976759_976786_9696846_2015574_5251905"
            ],
            [
                "Asian Sauces, Condiments & Cooking Needs",
                "/browse/food/asian-sauces-condiments-cooking-needs/976759_5148628_1228025_1228102_5967969"
            ],
            [
                "KCMasterpiece",
                "/browse/food/kcmasterpiece/976759_2606229_7458550"
            ],
            [
                "BBQ Marinades",
                "/browse/food/bbq-marinades/976759_976786_9696846_3225715_8004576"
            ],
            [
                "Shop All Asian Market",
                "/browse/food/shop-all-asian-market/976759_5148628_1228025_1228102_9127385"
            ],
            [
                "All Soy Sauces",
                "/browse/food/all-soy-sauces/976759_976786_9696846_2015574_9691329"
            ]
        ]
    },
    {
        "title": "Walden Farms Ranch Dressing,12 oz",
        "url": "https://www.walmart.com/ip/Walden-Farms-Ranch-Dressing-12-oz/10313751",
        "price": "$3.34",
        "stars": "3.5",
        "ratings": "60 ",
        "img": "i5.walmartimages.com/asr/4c04710e-0c66-4fae-85ed-bda7b84422bc_1.cc67b6e3bf399118f156ab641c3a1858.jpeg?odnWidth=612&odnHeight=612&odnBg=ffffff",
        "tags": [
            [
                "Ranch Dressing",
                "/browse/food/ranch-dressing/976759_976786_5730644_1345093"
            ],
            [
                "Sugar-Free Food Essentials",
                "/browse/food/sugar-free-food-essentials/976759_1567409_2168938_8870296_1639022"
            ],
            [
                "Italian Dressing",
                "/browse/food/italian-dressing/976759_976786_5730644_3178690"
            ],
            [
                "Sugar-Free Snacks",
                "/browse/food/sugar-free-snacks/976759_976787_3455839"
            ],
            [
                "All Fresh Packaged Salads, Dressings and Dips",
                "/browse/food/all-fresh-packaged-salads-dressings-dips/976759_1071964_976793_9538337_3695434"
            ],
            [
                "Specialty Dressing",
                "/browse/food/specialty-dressing/976759_976786_5730644_4547303"
            ],
            [
                "Low Calorie Foods",
                "/browse/food/low-calorie-foods/976759_5004481_6036545"
            ],
            [
                "Balsamic Dressing",
                "/browse/food/balsamic-dressing/976759_976786_5730644_8476862"
            ]
        ]
    }
]