[
    {
        "title": "(3 Pack) Jell-O Orange Gelatin, 6 oz Box",
        "url": "https://www.walmart.com/ip/3-Pack-Jell-O-Orange-Gelatin-6-oz-Box/983166525",
        "price": "$3.37",
        "stars": "4.7",
        "ratings": "167 ",
        "img": "i5.walmartimages.com/asr/92831c3f-bf8c-4501-a108-8138699b18fe_5.17a301e39d94eb896ca9636e52703bf4.jpeg?odnWidth=612&odnHeight=612&odnBg=ffffff",
        "tags": [
            [
                "Canned Fruit",
                "/browse/food/canned-fruit/976759_976794_976785_1001342"
            ],
            [
                "Pudding & Gelatin",
                "/browse/food/pudding-gelatin/976759_976787_1001471"
            ],
            [
                "Pie Fillings",
                "/browse/food/pie-fillings/976759_976780_2881195_1044161"
            ],
            [
                "Valentine's Day Baking",
                "/browse/food/valentines-day-baking/976759_1567409_9457805_1303563"
            ],
            [
                "Sugar-Free Food Essentials",
                "/browse/food/sugar-free-food-essentials/976759_1567409_2168938_8870296_1639022"
            ],
            [
                "All Baking Mixes",
                "/browse/food/all-baking-mixes/976759_976780_1001368_2594651"
            ],
            [
                "Baking Ingredients",
                "/browse/food/baking-ingredients/976759_4143264_2535686_5948883_5994684"
            ],
            [
                "Easter Baking",
                "/browse/food/easter-baking/976759_1567409_2168938_2546479_6431277"
            ]
        ]
    },
    {
        "title": "(3 Pack) Kraft Oven Fry Extra Crispy Seasoned Coating for Pork, 4.2 oz Box",
        "url": "https://www.walmart.com/ip/3-Pack-Kraft-Oven-Fry-Extra-Crispy-Seasoned-Coating-for-Pork-4-2-oz-Box/47237517",
        "price": "$8.46",
        "stars": "4.5",
        "ratings": "77 ",
        "img": "i5.walmartimages.com/asr/5635260e-8bda-45d1-9c47-1f2364d0b9f4_2.84a068c36a11302733d29dcad36a8be7.jpeg?odnWidth=612&odnHeight=612&odnBg=ffffff",
        "tags": [
            [
                "Boxed Meals",
                "/browse/food/boxed-meals/976759_976794_6223225_1001477"
            ],
            [
                "No Sugar Foods",
                "/browse/food/no-sugar-foods/976759_5004481_1858214"
            ],
            [
                "Nut Free Foods",
                "/browse/food/nut-free-foods/976759_5004481_5679034"
            ],
            [
                "Baking Ingredients",
                "/browse/food/baking-ingredients/976759_4143264_2535686_5948883_5994684"
            ],
            [
                "All Gametime Food",
                "/browse/food/all-gametime-food/976759_1567409_3282877_6093905"
            ],
            [
                "Dairy Free Foods",
                "/browse/food/dairy-free-foods/976759_5004481_7941405"
            ],
            [
                "Potato and Stuffing",
                "/browse/food/potato-stuffing/976759_976794_6223225_9497533"
            ],
            [
                "Game Time Meals and Sides",
                "/browse/food/game-time-meals-sides/976759_1567409_3282877_2930489_9821452"
            ]
        ]
    },
    {
        "title": "Hain Pure Foods Iodized Sea Salt, 21 oz.",
        "url": "https://www.walmart.com/ip/Hain-Pure-Foods-Iodized-Sea-Salt-21-oz/511999703",
        "price": "$2.14",
        "stars": "4.2",
        "ratings": "27 ",
        "img": "i5.walmartimages.com/asr/8abdf266-6018-47e7-9934-3667f0bcd4df_1.da041ae751b1a415534b87f4b223eabc.jpeg?odnWidth=612&odnHeight=612&odnBg=ffffff",
        "tags": [
            [
                "Game Time Condiments",
                "/browse/food/game-time-condiments/976759_1567409_3282877_2930489_4160797"
            ],
            [
                "Baking Restock",
                "/browse/food/baking-restock/976759_1567409_2168938_1811730_4237636"
            ],
            [
                "All Salts & Salt Substitutes",
                "/browse/food/all-salts-salt-substitutes/976759_976786_1007682_7559954_4427396"
            ],
            [
                "Herbs, Spices & Seasonings",
                "/browse/food/herbs-spices-seasonings/976759_4143264_2535686_3978835_6345282"
            ],
            [
                "Vegan Foods",
                "/browse/food/vegan-foods/976759_5004481_6794259"
            ],
            [
                "Non GMO Food",
                "/browse/food/non-gmo-food/976759_5004481_8102928"
            ],
            [
                "All Salt, Spices & Seasoning",
                "/browse/food/all-salt-spices-seasoning/976759_976786_8191625"
            ],
            [
                "Iodized Salt",
                "/browse/food/iodized-salt/976759_976786_1007682_7559954_9396093"
            ]
        ]
    },
    {
        "title": "(2 Pack) Betty Crocker Dark Chocolate Brownie Mix Family Size, 19.9 oz",
        "url": "https://www.walmart.com/ip/2-Pack-Betty-Crocker-Dark-Chocolate-Brownie-Mix-Family-Size-19-9-oz/997322409",
        "price": "$5.16",
        "stars": "4.4",
        "ratings": "66 ",
        "img": "i5.walmartimages.com/asr/35f249c8-1e7c-4d3d-9c03-4feb800befe0_1.48a80d05e68939c36542c1425867d7cd.jpeg?odnWidth=612&odnHeight=612&odnBg=ffffff",
        "tags": [
            [
                "Valentine's Day Baking",
                "/browse/food/valentines-day-baking/976759_1567409_9457805_1303563"
            ],
            [
                "All Baking Mixes",
                "/browse/food/all-baking-mixes/976759_976780_1001368_2594651"
            ],
            [
                "Brownie Mix",
                "/browse/food/brownie-mix/976759_976780_1001368_6110844_2993955"
            ],
            [
                "Betty Crocker",
                "/browse/food/betty-crocker/976759_976780_1001368_8292847_4066458"
            ],
            [
                "Game Time Baking",
                "/browse/food/game-time-baking/976759_1567409_3282877_2930489_4135213"
            ],
            [
                "Baking Restock",
                "/browse/food/baking-restock/976759_1567409_2168938_1811730_4237636"
            ],
            [
                "Dessert Mixes",
                "/browse/food/dessert-mixes/976759_4143264_2535686_5948883_4408557"
            ],
            [
                "All Cake Mixes",
                "/browse/food/all-cake-mixes/976759_976780_1001368_8292847_8973498"
            ]
        ]
    },
    {
        "title": "(4 Pack) Comstock Original Country Apple Pie Filling Or Topping, 21 oz",
        "url": "https://www.walmart.com/ip/4-Pack-Comstock-Original-Country-Apple-Pie-Filling-Or-Topping-21-oz/47237482",
        "price": "$7.45",
        "stars": "4.0",
        "ratings": "19 ",
        "img": "i5.walmartimages.com/asr/d928c17f-02a2-4023-9ef5-bf0abd3f663d_1.ecf3ebf5c405e5b6c3c81cde69702f24.jpeg?odnWidth=612&odnHeight=612&odnBg=ffffff",
        "tags": [
            [
                "Pudding & Gelatin",
                "/browse/food/pudding-gelatin/976759_976787_1001471"
            ],
            [
                "Valentine's Day Baking",
                "/browse/food/valentines-day-baking/976759_1567409_9457805_1303563"
            ],
            [
                "All Baking Mixes",
                "/browse/food/all-baking-mixes/976759_976780_1001368_2594651"
            ],
            [
                "Easter Meal",
                "/browse/food/easter-meal/976759_1567409_7567150_3664825"
            ],
            [
                "Baking Ingredients",
                "/browse/food/baking-ingredients/976759_4143264_2535686_5948883_5994684"
            ],
            [
                "Low Calorie Foods",
                "/browse/food/low-calorie-foods/976759_5004481_6036545"
            ],
            [
                "All Cake Mixes",
                "/browse/food/all-cake-mixes/976759_976780_1001368_8292847_8973498"
            ]
        ]
    },
    {
        "title": "(2 Pack) Clabber Girl Double Acting Baking Powder, 22 oz",
        "url": "https://www.walmart.com/ip/2-Pack-Clabber-Girl-Double-Acting-Baking-Powder-22-oz/712354184",
        "price": "$5.28",
        "stars": "4.6",
        "ratings": "71 ",
        "img": "i5.walmartimages.com/asr/c65e50d0-a5c8-478d-a2f1-ff7516bb9252_1.0b7095eb0d7d46017b87191f14628e08.jpeg?odnWidth=612&odnHeight=612&odnBg=ffffff",
        "tags": [
            [
                "Yeast",
                "/browse/food/yeast/976759_976780_2881195_1044105"
            ],
            [
                "Extracts & Flavorings",
                "/browse/food/extracts-flavorings/976759_976780_2881195_2771122_1092369"
            ],
            [
                "All Baking Soda",
                "/browse/food/all-baking-soda/976759_976780_2881195_3300556_1457985"
            ],
            [
                "Vanilla Extract",
                "/browse/food/vanilla-extract/976759_976780_2881195_2771122_2298577"
            ],
            [
                "Baking Restock",
                "/browse/food/baking-restock/976759_1567409_2168938_1811730_4237636"
            ],
            [
                "All Flours & Meals",
                "/browse/food/all-flours-meals/976759_976780_1044119_9633020"
            ]
        ]
    },
    {
        "title": "(2 Pack) Aunt Jemima Original Syrup, Jumbo Size, 36 fl oz",
        "url": "https://www.walmart.com/ip/2-Pack-Aunt-Jemima-Original-Syrup-Jumbo-Size-36-fl-oz/811472071",
        "price": "$7.88",
        "stars": "4.8",
        "ratings": "89 ",
        "img": "i5.walmartimages.com/asr/1602b889-34c4-4ea2-bbbc-ab660141af01_1.cbad3e2ca5d7e64fec470c94686c1d38.jpeg?odnWidth=612&odnHeight=612&odnBg=ffffff",
        "tags": [
            [
                "All Pancake & Waffle Mixes",
                "/browse/food/all-pancake-waffle-mixes/976759_976780_1001368_8790090_1702520"
            ],
            [
                "National Pancake Day",
                "/browse/food/national-pancake-day/976759_2606229_1841035"
            ],
            [
                "Maple Syrup",
                "/browse/food/maple-syrup/976759_976780_1092370_3411348"
            ],
            [
                "Baking Restock",
                "/browse/food/baking-restock/976759_1567409_2168938_1811730_4237636"
            ],
            [
                "Easter Brunch",
                "/browse/food/easter-brunch/976759_1567409_7567150_6140212"
            ],
            [
                "All Syrups",
                "/browse/food/all-syrups/976759_976780_1092370_6683232"
            ]
        ]
    },
    {
        "title": "McCormick Rubbed Sage, 0.5 oz Bottle",
        "url": "https://www.walmart.com/ip/McCormick-Rubbed-Sage-0-5-oz-Bottle/10535044",
        "price": "$3.52",
        "stars": "4.7",
        "ratings": "29 ",
        "img": "i5.walmartimages.com/asr/ffccd5df-087c-404c-ab76-ae1ac3c5a01f.901dae2f37cf2a6167aa75f60c61d9e9.jpeg?odnWidth=612&odnHeight=612&odnBg=ffffff",
        "tags": [
            [
                "All Pepper & Peppercorns",
                "/browse/food/all-pepper-peppercorns/976759_976786_1007682_5307367_2161042"
            ],
            [
                "Chicken Seasoning",
                "/browse/food/chicken-seasoning/976759_976786_1007682_4019297_2775886"
            ],
            [
                "All Mixed Spices & Seasonings",
                "/browse/food/all-mixed-spices-seasonings/976759_976786_1007682_4019297_4279992"
            ],
            [
                "Herb Plants",
                "/browse/food/herb-plants/976759_1071964_976793_3513831_4862612"
            ],
            [
                "Garlic Powder",
                "/browse/food/garlic-powder/976759_976786_1007682_2008977_5689191"
            ],
            [
                "Pepper",
                "/browse/food/pepper/976759_976786_1007682_5307367_6067079"
            ],
            [
                "Non GMO Food",
                "/browse/food/non-gmo-food/976759_5004481_8102928"
            ],
            [
                "All Salt, Spices & Seasoning",
                "/browse/food/all-salt-spices-seasoning/976759_976786_8191625"
            ]
        ]
    },
    {
        "title": "Hain Pure Foods Sea Salt, 21 oz.",
        "url": "https://www.walmart.com/ip/Hain-Pure-Foods-Sea-Salt-21-oz/922078382",
        "price": "$2.14",
        "stars": "4.4",
        "ratings": "18 ",
        "img": "i5.walmartimages.com/asr/5253b1ed-54dc-4686-9be7-e6777de69f8a_1.97d6512867eee2afe8ff4b4ce70ee8f5.jpeg?odnWidth=612&odnHeight=612&odnBg=ffffff",
        "tags": [
            [
                "Baking Restock",
                "/browse/food/baking-restock/976759_1567409_2168938_1811730_4237636"
            ],
            [
                "All Salts & Salt Substitutes",
                "/browse/food/all-salts-salt-substitutes/976759_976786_1007682_7559954_4427396"
            ],
            [
                "Himalayan Pink Salt",
                "/browse/food/himalayan-pink-salt/976759_976786_1007682_7559954_4978870"
            ],
            [
                "Vegan Foods",
                "/browse/food/vegan-foods/976759_5004481_6794259"
            ],
            [
                "Kosher Salt",
                "/browse/food/kosher-salt/976759_976786_1007682_7559954_7201279"
            ],
            [
                "Non GMO Food",
                "/browse/food/non-gmo-food/976759_5004481_8102928"
            ],
            [
                "All Salt, Spices & Seasoning",
                "/browse/food/all-salt-spices-seasoning/976759_976786_8191625"
            ],
            [
                "Iodized Salt",
                "/browse/food/iodized-salt/976759_976786_1007682_7559954_9396093"
            ]
        ]
    },
    {
        "title": "Krusteaz\u00ae Gluten Free Cinnamon Swirl Crumb Cake & Muffin Mix 20 oz. Box",
        "url": "https://www.walmart.com/ip/Krusteaz-Gluten-Free-Cinnamon-Swirl-Crumb-Cake-Muffin-Mix-20-oz-Box/655503468",
        "price": "$3.84",
        "stars": "4.7",
        "ratings": "237 ",
        "img": "i5.walmartimages.com/asr/fdd3e9ac-3c79-4e5a-bfdd-7f3341d4aea9.315f5a51931e6a70c40a7b921cf78950.jpeg?odnWidth=612&odnHeight=612&odnBg=ffffff",
        "tags": [
            [
                "All Pancake & Waffle Mixes",
                "/browse/food/all-pancake-waffle-mixes/976759_976780_1001368_8790090_1702520"
            ],
            [
                "Muffin Mixes",
                "/browse/food/muffin-mixes/976759_976780_1001368_1831831"
            ],
            [
                "All Baking Mixes",
                "/browse/food/all-baking-mixes/976759_976780_1001368_2594651"
            ],
            [
                "Gluten-Free Food Staples",
                "/browse/food/gluten-free-food-staples/976759_1567409_2168938_8870296_8339296"
            ],
            [
                "Gluten Free Crackers",
                "/browse/food/gluten-free-crackers/976759_976787_1001392_8926169"
            ],
            [
                "Gluten Free Food",
                "/browse/food/gluten-free-food/976759_1567409_3170630_9019700"
            ],
            [
                "Gluten Free Baking & Cooking Needs",
                "/browse/food/gluten-free-baking-cooking-needs/976759_5148628_4583057_1250486_9085120"
            ]
        ]
    }
]