[
    {
        "title": "The Coffee Bean & Tea Leaf Kona Blend Light Roast Whole Bean Coffee 12 oz. Bag",
        "url": "https://www.walmart.com/ip/The-Coffee-Bean-Tea-Leaf-Kona-Blend-Light-Roast-Whole-Bean-Coffee-12-oz-Bag/32984902",
        "price": "$6.48",
        "stars": "4.9",
        "ratings": "16 ",
        "img": "",
        "tags": [
            [
                "Whole Bean Coffee",
                "/browse/food/whole-bean-coffee/976759_1086446_1229652"
            ],
            [
                "Coffee Bean and Tea Leaf Ground Coffee",
                "/browse/food/coffee-bean-tea-leaf-ground-coffee/976759_1086446_5475394_2347803"
            ],
            [
                "Arabica Coffee",
                "/browse/food/arabica-coffee/976759_1086446_2559085"
            ],
            [
                "Premium Ground Coffee",
                "/browse/food/premium-ground-coffee/976759_5148628_5831001_2847145"
            ],
            [
                "Colombian Coffee",
                "/browse/food/colombian-coffee/976759_1086446_3908418"
            ],
            [
                "Shop All Premium Coffee",
                "/browse/food/shop-all-premium-coffee/976759_5148628_5831001_4365961"
            ],
            [
                "Premium Whole Bean Coffee",
                "/browse/food/premium-whole-bean-coffee/976759_5148628_5831001_6904869"
            ],
            [
                "Starbucks Whole Bean Coffee",
                "/browse/food/starbucks-whole-bean-coffee/976759_1086446_2986178_7654038"
            ]
        ]
    },
    {
        "title": "Starbucks Medium Roast K-Cup Coffee Pods \u2014 Toffeenut for Keurig Brewers \u2014 1 box (22 pods)",
        "url": "https://www.walmart.com/ip/Starbucks-Medium-Roast-K-Cup-Coffee-Pods-Toffeenut-for-Keurig-Brewers-1-box-22-pods/460686039",
        "price": "$14.96",
        "stars": "4.4",
        "ratings": "80 ",
        "img": "i5.walmartimages.com/asr/1db2c0bb-40c6-4fea-a3e1-a16480d1829b_1.d0c46c655a29a606ee8fa3c147041b75.jpeg?odnWidth=612&odnHeight=612&odnBg=ffffff",
        "tags": [
            [
                "Arabica Coffee",
                "/browse/food/arabica-coffee/976759_1086446_2559085"
            ],
            [
                "Cold Weather Beverages",
                "/browse/food/cold-weather-beverages/976759_1567409_6592518_4126576"
            ],
            [
                "Nut Free Foods",
                "/browse/food/nut-free-foods/976759_5004481_5679034"
            ],
            [
                "Starbucks Ground Coffee",
                "/browse/food/starbucks-ground-coffee/976759_1086446_2986178_5925252"
            ],
            [
                "Coffee & Coffee Pods",
                "/browse/food/coffee-coffee-pods/976759_1086446_7238690"
            ],
            [
                "Starbucks Coffee Pods",
                "/browse/food/starbucks-coffee-pods/976759_1086446_2986178_7513516"
            ],
            [
                "All Starbucks",
                "/browse/food/all-starbucks/976759_1086446_2986178_7830797"
            ],
            [
                "Keurig K-Cups & Coffee Pods",
                "/browse/food/keurig-k-cups-coffee-pods/976759_1086446_8135897"
            ]
        ]
    },
    {
        "title": "Maxwell House Medium Roast House Blend Ground Coffee, Caffeinated, 24.5 oz Can",
        "url": "https://www.walmart.com/ip/Maxwell-House-Medium-Roast-House-Blend-Ground-Coffee-Caffeinated-24-5-oz-Can/160561859",
        "price": "$6.28",
        "stars": "4.5",
        "ratings": "173 ",
        "img": "i5.walmartimages.com/asr/3bfcb27c-895a-4111-9324-66397e784eb8.e3a6c41b7dbd18ec1e81e3934a1035d5.jpeg?odnWidth=612&odnHeight=612&odnBg=ffffff",
        "tags": [
            [
                "5-Hour Energy Shots",
                "/browse/food/5-hour-energy-shots/976759_976782_9357528_1525474"
            ],
            [
                "All Maxwell House Coffee",
                "/browse/food/all-maxwell-house-coffee/976759_1086446_9154767_2506449"
            ],
            [
                "Arabica Coffee",
                "/browse/food/arabica-coffee/976759_1086446_2559085"
            ],
            [
                "Energy Shots",
                "/browse/food/energy-shots/976759_976782_9357528_3061434"
            ],
            [
                "All Community Coffee",
                "/browse/food/all-community-coffee/976759_1086446_2425858_4140955"
            ],
            [
                "Community Ground Coffee",
                "/browse/food/community-ground-coffee/976759_1086446_2425858_4529416"
            ],
            [
                "Coffee & Coffee Pods",
                "/browse/food/coffee-coffee-pods/976759_1086446_7238690"
            ],
            [
                "Maxwell House Ground Coffee",
                "/browse/food/maxwell-house-ground-coffee/976759_1086446_9154767_8549333"
            ]
        ]
    },
    {
        "title": "Keurig My K-Cup Universal Reusable Ground Coffee Filter, Compatible with All Keurig K-Cup Pod Coffee Makers (2.0 and 1.0)",
        "url": "https://www.walmart.com/ip/Keurig-My-K-Cup-Universal-Reusable-Ground-Coffee-Filter-Compatible-with-All-Keurig-K-Cup-Pod-Coffee-Makers-2-0-and-1-0/501619044",
        "price": "$14.99",
        "stars": "3.5",
        "ratings": "663 ",
        "img": "i5.walmartimages.com/asr/07b6e6d3-c35e-4b82-b0ca-81f58ef4370c_2.dba91f83e91cf48fcbcaa25a483ee387.jpeg?odnWidth=612&odnHeight=612&odnBg=ffffff",
        "tags": [
            [
                "Single-Serve Cups & Pods",
                "/browse/food/single-serve-cups-pods/976759_1086446_1229653"
            ],
            [
                "Arabica Coffee",
                "/browse/food/arabica-coffee/976759_1086446_2559085"
            ],
            [
                "Paper Coffee Filters",
                "/browse/food/paper-coffee-filters/976759_1086446_1229655_3951471"
            ],
            [
                "Cold Weather Beverages",
                "/browse/food/cold-weather-beverages/976759_1567409_6592518_4126576"
            ],
            [
                "Vegan Foods",
                "/browse/food/vegan-foods/976759_5004481_6794259"
            ],
            [
                "Coffee & Coffee Pods",
                "/browse/food/coffee-coffee-pods/976759_1086446_7238690"
            ],
            [
                "Keurig K-Cups & Coffee Pods",
                "/browse/food/keurig-k-cups-coffee-pods/976759_1086446_8135897"
            ],
            [
                "Gaming Snacks & Drinks",
                "/browse/food/gaming-snacks-drinks/976759_1567409_8254504"
            ]
        ]
    },
    {
        "title": "Great Value Organic Single Origin Ethiopia Ground Coffee, 12 oz",
        "url": "https://www.walmart.com/ip/Great-Value-Organic-Single-Origin-Ethiopia-Ground-Coffee-12-oz/753661224",
        "price": "$5.88",
        "stars": "4.7",
        "ratings": "21 ",
        "img": "i5.walmartimages.com/asr/18ed7ce0-260e-47b3-8a72-b721014056c6_1.0a96d843bad566d9e41390f14a8c62eb.jpeg?odnWidth=612&odnHeight=612&odnBg=ffffff",
        "tags": [
            [
                "Organic Foods",
                "/browse/food/organic-foods/976759_1228024_1228017"
            ],
            [
                "New Year New You Coffee",
                "/browse/food/new-year-new-you-coffee/976759_1567409_3170630_1935558"
            ],
            [
                "Coffee Bean and Tea Leaf Ground Coffee",
                "/browse/food/coffee-bean-tea-leaf-ground-coffee/976759_1086446_5475394_2347803"
            ],
            [
                "Arabica Coffee",
                "/browse/food/arabica-coffee/976759_1086446_2559085"
            ],
            [
                "Premium Ground Coffee",
                "/browse/food/premium-ground-coffee/976759_5148628_5831001_2847145"
            ],
            [
                "Colombian Coffee",
                "/browse/food/colombian-coffee/976759_1086446_3908418"
            ],
            [
                "Coffee Tea & Cocoa",
                "/browse/food/coffee-tea-cocoa/976759_1567409_3170630_4711982"
            ],
            [
                "Coffee & Coffee Pods",
                "/browse/food/coffee-coffee-pods/976759_1086446_7238690"
            ]
        ]
    },
    {
        "title": "Tazo Awake English Breakfast Black Tea K-Cup, Tea Pods, 10 Ct",
        "url": "https://www.walmart.com/ip/Tazo-Awake-English-Breakfast-Black-Tea-K-Cup-Tea-Pods-10-Ct/46854905",
        "price": "$7.83",
        "stars": "4.6",
        "ratings": "26 ",
        "img": "i5.walmartimages.com/asr/449f5329-fe6e-4383-9898-ca706c1cec80_1.45494d6f7c8f46bda447d789384667d5.jpeg?odnWidth=612&odnHeight=612&odnBg=ffffff",
        "tags": [
            [
                "English Breakfast Tea",
                "/browse/food/english-breakfast-tea/976759_976782_1001320_3043029"
            ],
            [
                "Tea Pods",
                "/browse/food/tea-pods/976759_976782_1001320_4197195"
            ],
            [
                "Tea Bags",
                "/browse/food/tea-bags/976759_976782_1001320_4408773"
            ],
            [
                "Fueling Beverages",
                "/browse/food/fueling-beverages/976759_4321481_5471594"
            ],
            [
                "Tazo Tea",
                "/browse/food/tazo-tea/976759_976782_1001320_7873700"
            ],
            [
                "Keurig K-Cups & Coffee Pods",
                "/browse/food/keurig-k-cups-coffee-pods/976759_1086446_8135897"
            ],
            [
                "Herbal Tea",
                "/browse/food/herbal-tea/976759_976782_1001320_9515255"
            ],
            [
                "Best Food's Mayonnaise",
                "/browse/food/best-foods-mayonnaise/976759_976786_9696846_5399470_9657753"
            ]
        ]
    },
    {
        "title": "Starbucks Premium Select Collection, Kenya African Blend Medium Roast Coffee, Whole Bean, 9 oz.",
        "url": "https://www.walmart.com/ip/Starbucks-Premium-Select-Collection-Kenya-African-Blend-Medium-Roast-Coffee-Whole-Bean-9-oz/273197457",
        "price": "$6.92",
        "stars": "4.6",
        "ratings": "111 ",
        "img": "i5.walmartimages.com/asr/8ba03738-7ae1-4ec4-87e6-2fd5a151cd33_1.9e93dfaf7a8bd803ebe471c9a71559cc.jpeg?odnWidth=612&odnHeight=612&odnBg=ffffff",
        "tags": [
            [
                "Ground Coffee",
                "/browse/food/ground-coffee/976759_1086446_1229651"
            ],
            [
                "Whole Bean Coffee",
                "/browse/food/whole-bean-coffee/976759_1086446_1229652"
            ],
            [
                "Shop All Premium Coffee",
                "/browse/food/shop-all-premium-coffee/976759_5148628_5831001_4365961"
            ],
            [
                "Starbucks Ground Coffee",
                "/browse/food/starbucks-ground-coffee/976759_1086446_2986178_5925252"
            ],
            [
                "Premium Whole Bean Coffee",
                "/browse/food/premium-whole-bean-coffee/976759_5148628_5831001_6904869"
            ],
            [
                "Coffee & Coffee Pods",
                "/browse/food/coffee-coffee-pods/976759_1086446_7238690"
            ],
            [
                "All Starbucks",
                "/browse/food/all-starbucks/976759_1086446_2986178_7830797"
            ],
            [
                "Coffee Bean and Tea Leaf Whole Bean Coffee",
                "/browse/food/coffee-bean-tea-leaf-whole-bean-coffee/976759_1086446_5475394_7955143"
            ]
        ]
    },
    {
        "title": "Caribou Coffee Obsidian K-Cup Pods, Dark Roast, 24 Count for Keurig Brewers",
        "url": "https://www.walmart.com/ip/Caribou-Coffee-Obsidian-K-Cup-Pods-Dark-Roast-24-Count-for-Keurig-Brewers/560552387",
        "price": "$28.28",
        "stars": "4.6",
        "ratings": "60 ",
        "img": "i5.walmartimages.com/asr/5138102c-34cc-459a-96ee-4c65315ca85a_1.2300cac726334b96c7690a63c329e433.png?odnWidth=612&odnHeight=612&odnBg=ffffff",
        "tags": [
            [
                "Green Mountain Coffee Pods",
                "/browse/food/green-mountain-coffee-pods/976759_1086446_6490624_2544553"
            ],
            [
                "Arabica Coffee",
                "/browse/food/arabica-coffee/976759_1086446_2559085"
            ],
            [
                "All Caribou Coffee",
                "/browse/food/all-caribou-coffee/976759_1086446_5204146_5717470"
            ],
            [
                "All Green Mountain Coffee",
                "/browse/food/all-green-mountain-coffee/976759_1086446_6490624_6014443"
            ],
            [
                "Coffee & Coffee Pods",
                "/browse/food/coffee-coffee-pods/976759_1086446_7238690"
            ],
            [
                "Starbucks Coffee Pods",
                "/browse/food/starbucks-coffee-pods/976759_1086446_2986178_7513516"
            ],
            [
                "Keurig K-Cups & Coffee Pods",
                "/browse/food/keurig-k-cups-coffee-pods/976759_1086446_8135897"
            ],
            [
                "Caribou Coffee Pods",
                "/browse/food/caribou-coffee-pods/976759_1086446_5204146_9342170"
            ]
        ]
    },
    {
        "title": "Community Coffee Mardi Gras King Cake Medium Roast Single Serve 24 ct Box",
        "url": "https://www.walmart.com/ip/Community-Coffee-Mardi-Gras-King-Cake-Medium-Roast-Single-Serve-24-ct-Box/547605812",
        "price": "$12.94",
        "stars": "4.9",
        "ratings": "95 ",
        "img": "i5.walmartimages.com/asr/a91b1fef-9e3c-4262-a50c-89442c44467d.ffb15811bc13e093466bd6a40ecd6ea3.png?odnWidth=612&odnHeight=612&odnBg=ffffff",
        "tags": [
            [
                "Arabica Coffee",
                "/browse/food/arabica-coffee/976759_1086446_2559085"
            ],
            [
                "All Community Coffee",
                "/browse/food/all-community-coffee/976759_1086446_2425858_4140955"
            ],
            [
                "Community Ground Coffee",
                "/browse/food/community-ground-coffee/976759_1086446_2425858_4529416"
            ],
            [
                "Coffee & Coffee Pods",
                "/browse/food/coffee-coffee-pods/976759_1086446_7238690"
            ],
            [
                "Keurig K-Cups & Coffee Pods",
                "/browse/food/keurig-k-cups-coffee-pods/976759_1086446_8135897"
            ],
            [
                "Pumpkin Spice Latte and Seasonal Coffees",
                "/browse/food/pumpkin-spice-latte-seasonal-coffees/976759_1567409_4828574_8417109"
            ],
            [
                "Decaf K Cups",
                "/browse/food/decaf-k-cups/976759_1086446_2901896_9161249"
            ],
            [
                "All Decaf Coffee",
                "/browse/food/all-decaf-coffee/976759_1086446_2901896_9623975"
            ]
        ]
    },
    {
        "title": "The Coffee Bean & Tea Leaf Mexico Organic Dark Roast Ground Coffee 2 lb. Bag",
        "url": "https://www.walmart.com/ip/The-Coffee-Bean-Tea-Leaf-Mexico-Organic-Dark-Roast-Ground-Coffee-2-lb-Bag/166582477",
        "price": "$13.98",
        "stars": "4.7",
        "ratings": "11 ",
        "img": "",
        "tags": [
            [
                "Whole Bean Coffee",
                "/browse/food/whole-bean-coffee/976759_1086446_1229652"
            ],
            [
                "New Year New You Coffee",
                "/browse/food/new-year-new-you-coffee/976759_1567409_3170630_1935558"
            ],
            [
                "Coffee Bean and Tea Leaf Ground Coffee",
                "/browse/food/coffee-bean-tea-leaf-ground-coffee/976759_1086446_5475394_2347803"
            ],
            [
                "Arabica Coffee",
                "/browse/food/arabica-coffee/976759_1086446_2559085"
            ],
            [
                "Premium Ground Coffee",
                "/browse/food/premium-ground-coffee/976759_5148628_5831001_2847145"
            ],
            [
                "Coffee Tea & Cocoa",
                "/browse/food/coffee-tea-cocoa/976759_1567409_3170630_4711982"
            ],
            [
                "Starbucks Ground Coffee",
                "/browse/food/starbucks-ground-coffee/976759_1086446_2986178_5925252"
            ],
            [
                "Coffee Bean and Tea Leaf Whole Bean Coffee",
                "/browse/food/coffee-bean-tea-leaf-whole-bean-coffee/976759_1086446_5475394_7955143"
            ]
        ]
    }
]