[
    {
        "title": "Folgers Vanilla Biscotti Flavored Ground Coffee, K-Cup Pods, 24-Count",
        "url": "https://www.walmart.com/ip/Folgers-Vanilla-Biscotti-Flavored-Ground-Coffee-K-Cup-Pods-24-Count/306887488",
        "price": "$12.94",
        "stars": "4.7",
        "ratings": "286 ",
        "img": "i5.walmartimages.com/asr/1dde05e4-590e-4287-9fe5-04a0b9829178.201f9a5a57256947964698ff21c2ae2e.jpeg?odnWidth=612&odnHeight=612&odnBg=ffffff",
        "tags": [
            [
                "Arabica Coffee",
                "/browse/food/arabica-coffee/976759_1086446_2559085"
            ],
            [
                "Folgers Coffee Pods",
                "/browse/food/folgers-coffee-pods/976759_1086446_3100047_2740006"
            ],
            [
                "Cold Weather Beverages",
                "/browse/food/cold-weather-beverages/976759_1567409_6592518_4126576"
            ],
            [
                "Coffee & Coffee Pods",
                "/browse/food/coffee-coffee-pods/976759_1086446_7238690"
            ],
            [
                "Starbucks Coffee Pods",
                "/browse/food/starbucks-coffee-pods/976759_1086446_2986178_7513516"
            ],
            [
                "All Starbucks",
                "/browse/food/all-starbucks/976759_1086446_2986178_7830797"
            ],
            [
                "Keurig K-Cups & Coffee Pods",
                "/browse/food/keurig-k-cups-coffee-pods/976759_1086446_8135897"
            ],
            [
                "All Folgers Coffee",
                "/browse/food/all-folgers-coffee/976759_1086446_3100047_8271556"
            ]
        ]
    },
    {
        "title": "Teavana Peach Tranquility Herbal Tea Tea Bags 15 Count",
        "url": "https://www.walmart.com/ip/Teavana-Peach-Tranquility-Herbal-Tea-Tea-Bags-15-Count/230774458",
        "price": "$5.47",
        "stars": "4.7",
        "ratings": "199 ",
        "img": "i5.walmartimages.com/asr/bba0587d-7968-42f8-926e-837360ebd04d_1.61cb6df5417a8f820cc2c5691b55944f.jpeg?odnWidth=612&odnHeight=612&odnBg=ffffff",
        "tags": [
            [
                "Teavana Tea",
                "/browse/food/teavana-tea/976759_976782_1001320_3854565"
            ],
            [
                "Tea Bags",
                "/browse/food/tea-bags/976759_976782_1001320_4408773"
            ],
            [
                "Coffee Tea & Cocoa",
                "/browse/food/coffee-tea-cocoa/976759_1567409_3170630_4711982"
            ],
            [
                "Teas for Sleep and Relaxation",
                "/browse/food/teas-for-sleep-relaxation/976759_1567409_3170630_6268443"
            ],
            [
                "New Year New You Tea",
                "/browse/food/new-year-new-you-tea/976759_1567409_3170630_8965564"
            ],
            [
                "Green Tea",
                "/browse/food/green-tea/976759_976782_1001320_9256367"
            ],
            [
                "Supplements & Food for Sleep and Relaxation",
                "/browse/food/supplements-food-for-sleep-relaxation/976759_1567409_3170630_9343305"
            ],
            [
                "Herbal Tea",
                "/browse/food/herbal-tea/976759_976782_1001320_9515255"
            ]
        ]
    },
    {
        "title": "Fever Tree Ginger Beer, 4 pack, 6.8 fl oz bottles",
        "url": "https://www.walmart.com/ip/Fever-Tree-Ginger-Beer-4-pack-6-8-fl-oz-bottles/31017247",
        "price": "$4.98",
        "stars": 0,
        "ratings": 0,
        "img": "",
        "tags": [
            [
                "Ginger ale",
                "/browse/food/ginger-ale/976759_976782_1001680_2032356"
            ],
            [
                "Cocktail Mixers",
                "/browse/food/cocktail-mixers/976759_976782_3697202"
            ],
            [
                "Fever Tree",
                "/browse/food/fever-tree/976759_976782_5533811_4471604"
            ],
            [
                "Club Soda",
                "/browse/food/club-soda/976759_976782_5533811_4626715"
            ],
            [
                "Cocktails",
                "/browse/food/cocktails/976759_976782_5955121"
            ],
            [
                "Simple Syrup",
                "/browse/food/simple-syrup/976759_976782_5533811_6090092"
            ],
            [
                "All Soda Pop",
                "/browse/food/all-soda-pop/976759_976782_1001680_6405792"
            ]
        ]
    },
    {
        "title": "(2 Pack) Tang Orange Liquid Drink Enhancer, Caffeine Free, 1.62 fl oz",
        "url": "https://www.walmart.com/ip/2-Pack-Tang-Orange-Liquid-Drink-Enhancer-Caffeine-Free-1-62-fl-oz/506323780",
        "price": "$5.56",
        "stars": "4.4",
        "ratings": "217 ",
        "img": "i5.walmartimages.com/asr/7206e3d1-cd3b-4299-b790-23fdd8e5303f_2.63d000803dedd879ca2e267b3e160e25.jpeg?odnWidth=612&odnHeight=612&odnBg=ffffff",
        "tags": [
            [
                "Crystal Light Powdered Drink Mixes",
                "/browse/food/crystal-light-powdered-drink-mixes/976759_976782_1001683_1642912"
            ],
            [
                "MiO",
                "/browse/food/mio/976759_976782_1228026_3661362"
            ],
            [
                "All Water Flavoring",
                "/browse/food/all-water-flavoring/976759_976782_1228026_3989315"
            ],
            [
                "Kool-Aid",
                "/browse/food/kool-aid/976759_976782_4818838"
            ],
            [
                "Mio Water Enhancers",
                "/browse/food/mio-water-enhancers/976759_976782_1001683_5140886"
            ],
            [
                "All Powdered Drink Mix",
                "/browse/food/all-powdered-drink-mix/976759_976782_1001683_6396648"
            ],
            [
                "Kool Aid",
                "/browse/food/kool-aid/976759_976782_1001683_7987987"
            ]
        ]
    },
    {
        "title": "(4 Pack) Dole Tropical Fruit in 100% Fruit Juice 23.5 oz. Plastic Jar",
        "url": "https://www.walmart.com/ip/4-Pack-Dole-Tropical-Fruit-in-100-Fruit-Juice-23-5-oz-Plastic-Jar/47238701",
        "price": "$9.28",
        "stars": "4.5",
        "ratings": "118 ",
        "img": "i5.walmartimages.com/asr/a70864e2-c85b-4334-b85d-9eb0f0f6e573_1.02f540238842cd634d0d472677b53fb9.jpeg?odnWidth=612&odnHeight=612&odnBg=ffffff",
        "tags": [
            [
                "Fruit Cups & Fruit Sauces",
                "/browse/food/fruit-cups-fruit-sauces/976759_976787_1044133"
            ],
            [
                "Pie Fillings",
                "/browse/food/pie-fillings/976759_976780_2881195_1044161"
            ],
            [
                "All Fresh Fruit",
                "/browse/food/all-fresh-fruit/976759_1071964_976793_9756351_1759962"
            ],
            [
                "Canned Pineapple",
                "/browse/food/canned-pineapple/976759_976794_976785_3637240"
            ],
            [
                "Citrus",
                "/browse/food/citrus/976759_1071964_976793_9756351_4914029"
            ],
            [
                "Dole Fruit Cups",
                "/browse/food/dole-fruit-cups/976759_976794_976785_5006407"
            ],
            [
                "Dole Pineapple",
                "/browse/food/dole-pineapple/976759_976794_976785_7299548"
            ],
            [
                "Canned Peaches",
                "/browse/food/canned-peaches/976759_976794_976785_8566750"
            ]
        ]
    },
    {
        "title": "Polar Club Soda, 1 L",
        "url": "https://www.walmart.com/ip/Polar-Club-Soda-1-L/173167388",
        "price": "$0.98",
        "stars": 0,
        "ratings": 0,
        "img": "",
        "tags": [
            [
                "All Sparkling Water",
                "/browse/food/all-sparkling-water/976759_976782_1001659_1508098_1398631"
            ],
            [
                "Bubly Sparkling Water",
                "/browse/food/bubly-sparkling-water/976759_976782_1001659_3797265"
            ],
            [
                "Fruit Juice",
                "/browse/food/fruit-juice/976759_976782_1001321_4150966"
            ],
            [
                "Snacks",
                "/browse/food/snacks/976759_5148628_1228025_1228103_4586063"
            ],
            [
                "Nut Free Foods",
                "/browse/food/nut-free-foods/976759_5004481_5679034"
            ],
            [
                "Pepsi Beverages",
                "/browse/food/pepsi-beverages/976759_976782_8673018"
            ],
            [
                "Cranberry Juice",
                "/browse/food/cranberry-juice/976759_976782_1001321_9114860"
            ]
        ]
    },
    {
        "title": "Apple & Eve Sesame Street Organics, Elmo's Punch, 4.23 Fluid-oz, 8 Count",
        "url": "https://www.walmart.com/ip/Apple-Eve-Sesame-Street-Organics-Elmo-s-Punch-4-23-Fluid-oz-8-Count/539038635",
        "price": "$2.68",
        "stars": "4.3",
        "ratings": "9 ",
        "img": "i5.walmartimages.com/asr/8b9c0f22-8d63-4fff-b3f1-ffc7acdf789c.027d0d45adbcf2e1b2a28cfc7ffee02a.jpeg?odnWidth=612&odnHeight=612&odnBg=ffffff",
        "tags": [
            [
                "Organic Foods",
                "/browse/food/organic-foods/976759_1228024_1228017"
            ],
            [
                "Summer Grilling Beverages",
                "/browse/food/summer-grilling-beverages/976759_1567409_8808777_2541298"
            ],
            [
                "Capri Sun",
                "/browse/food/capri-sun/976759_976782_1001321_3691361"
            ],
            [
                "Fruit Juice",
                "/browse/food/fruit-juice/976759_976782_1001321_4150966"
            ],
            [
                "Juicy Juice",
                "/browse/food/juicy-juice/976759_976782_1001321_6815860"
            ],
            [
                "Kid's Lunches",
                "/browse/food/kids-lunches/976759_1567409_7966149_7561098"
            ],
            [
                "All Juices",
                "/browse/food/all-juices/976759_976782_1001321_8981297"
            ],
            [
                "Apple Juice",
                "/browse/food/apple-juice/976759_976782_1001321_9302436"
            ]
        ]
    },
    {
        "title": "Kellogg's Special K, Protein Shakes, Strawberry, 4 Ct, 40 Fl Oz",
        "url": "https://www.walmart.com/ip/Kellogg-s-Special-K-Protein-Shakes-Strawberry-4-Ct-40-Fl-Oz/12443362",
        "price": "$5.56",
        "stars": "4.5",
        "ratings": "109 ",
        "img": "i5.walmartimages.com/asr/d012cc30-41c3-4cb5-a95f-9146741cb9ba.ea63766f62ad3c5dfd3fc8a6e987b9be.jpeg?odnWidth=612&odnHeight=612&odnBg=ffffff",
        "tags": [
            [
                "Eat High Protein Diet",
                "/browse/health/eat-high-protein-diet/976760_7207516_3867899_2349917_1339165"
            ],
            [
                "Special K Protein Shakes",
                "/browse/health/special-k-protein-shakes/976760_1166769_1401430"
            ],
            [
                "Protein Shakes, Bars & Energy Drinks",
                "/browse/health/protein-shakes-bars-energy-drinks/976760_9035881_9006282_2339462"
            ],
            [
                "Protein Drinks",
                "/browse/health/protein-drinks/976760_1166769_3205404"
            ],
            [
                "Soy Protein",
                "/browse/health/soy-protein/976760_1166769_4513923"
            ],
            [
                "Protein On the Go",
                "/browse/health/protein-on-the-go/976760_1166769_5193040"
            ],
            [
                "Fuel Your Body",
                "/browse/health/fuel-your-body/976760_9035881_5814720"
            ],
            [
                "Add Protein to Build Muscle",
                "/browse/health/add-protein-to-build-muscle/976760_7207516_1424368_5124640_7240818"
            ]
        ]
    },
    {
        "title": "Celestial Seasonings Lemon Zinger Herbal Tea, 20 Count Box",
        "url": "https://www.walmart.com/ip/Celestial-Seasonings-Lemon-Zinger-Herbal-Tea-20-Count-Box/26959234",
        "price": "$2.37",
        "stars": "4.8",
        "ratings": "96 ",
        "img": "i5.walmartimages.com/asr/210bcd03-7711-4d0f-8c02-065728a6e44c_1.f54d27f4c45b74166eabd1216f36d117.jpeg?odnWidth=612&odnHeight=612&odnBg=ffffff",
        "tags": [
            [
                "Bigelow Tea",
                "/browse/food/bigelow-tea/976759_976782_1001320_4190523"
            ],
            [
                "Coffee With Chicory",
                "/browse/food/coffee-with-chicory/976759_1086446_5471454"
            ],
            [
                "Celestial Seasonings Tea",
                "/browse/food/celestial-seasonings-tea/976759_976782_1001320_7431138"
            ],
            [
                "Ginger Tea",
                "/browse/food/ginger-tea/976759_976782_1001320_7801944"
            ],
            [
                "Chamomile Tea",
                "/browse/food/chamomile-tea/976759_976782_1001320_8070850"
            ],
            [
                "All Tea",
                "/browse/food/all-tea/976759_976782_1001320_9254040"
            ],
            [
                "Green Tea",
                "/browse/food/green-tea/976759_976782_1001320_9256367"
            ],
            [
                "Herbal Tea",
                "/browse/food/herbal-tea/976759_976782_1001320_9515255"
            ]
        ]
    },
    {
        "title": "(Pack of 4) Yogi Tea, Green Tea Blueberry Slim Life Tea, Tea Bags, 16 Ct, 1.12 OZ",
        "url": "https://www.walmart.com/ip/Pack-of-4-Yogi-Tea-Green-Tea-Blueberry-Slim-Life-Tea-Tea-Bags-16-Ct-1-12-OZ/783140245",
        "price": "$15.36",
        "stars": "4.6",
        "ratings": "115 ",
        "img": "i5.walmartimages.com/asr/6b2143e7-a86c-4c85-9e1b-14afd5e722ea_1.cae04e54ea6cf505352912d1997844e1.jpeg?odnWidth=612&odnHeight=612&odnBg=ffffff",
        "tags": [
            [
                "Tea Bags",
                "/browse/food/tea-bags/976759_976782_1001320_4408773"
            ],
            [
                "Coffee Tea & Cocoa",
                "/browse/food/coffee-tea-cocoa/976759_1567409_3170630_4711982"
            ],
            [
                "Teas for Sleep and Relaxation",
                "/browse/food/teas-for-sleep-relaxation/976759_1567409_3170630_6268443"
            ],
            [
                "New Year New You Tea",
                "/browse/food/new-year-new-you-tea/976759_1567409_3170630_8965564"
            ],
            [
                "Green Tea",
                "/browse/food/green-tea/976759_976782_1001320_9256367"
            ],
            [
                "Supplements & Food for Sleep and Relaxation",
                "/browse/food/supplements-food-for-sleep-relaxation/976759_1567409_3170630_9343305"
            ],
            [
                "Yogi Tea",
                "/browse/food/yogi-tea/976759_976782_1001320_9454938"
            ],
            [
                "Herbal Tea",
                "/browse/food/herbal-tea/976759_976782_1001320_9515255"
            ]
        ]
    }
]