[
    {
        "title": "Atkins Endulge Treat, Milk Chocolate Caramel Squares, Keto Friendly, 15 Count",
        "url": "https://www.walmart.com/ip/Atkins-Endulge-Treat-Milk-Chocolate-Caramel-Squares-Keto-Friendly-15-Count/40711569",
        "price": "$5.98",
        "stars": "4.6",
        "ratings": "465 ",
        "img": "i5.walmartimages.com/asr/8914efe8-0224-4540-aca5-b0b81fbb7f8d_1.5591734c27fe41d8231a7004d57b8887.jpeg?odnWidth=612&odnHeight=612&odnBg=ffffff",
        "tags": [
            [
                "Weight Management for Active Moms",
                "/browse/health/weight-management-for-active-moms/976760_1005859_2168255"
            ],
            [
                "Weight Management Restock",
                "/browse/health/weight-management-restock/976760_9347972_2330110"
            ],
            [
                "Indulgent Flavors Weight Management",
                "/browse/health/indulgent-flavors-weight-management/976760_1005859_6873278_2515559"
            ],
            [
                "Active Mom",
                "/browse/health/active-mom/976760_1005859_2807945"
            ],
            [
                "Atkins Meal Bars",
                "/browse/health/atkins-meal-bars/976760_1005859_7635193_5081840"
            ],
            [
                "Atkins Snack Bars",
                "/browse/health/atkins-snack-bars/976760_1005859_7635193_7691176"
            ],
            [
                "Meal Replacement Bars",
                "/browse/health/meal-replacement-bars/976760_1005859_8657759"
            ],
            [
                "Atkins Multi Packs",
                "/browse/health/atkins-multi-packs/976760_1005859_7635193_9319969"
            ]
        ]
    },
    {
        "title": "Pop Secret Microwave Popcorn, Homestyle, 3.2 Oz, 12 Ct",
        "url": "https://www.walmart.com/ip/Pop-Secret-Microwave-Popcorn-Homestyle-3-2-Oz-12-Ct/55432482",
        "price": "$4.78",
        "stars": "4.9",
        "ratings": "72 ",
        "img": "i5.walmartimages.com/asr/6df50fed-c2dd-4c2b-9876-ab055db3a5bd_1.775ea0962ad73fe22099764ea3a3f70d.jpeg?odnWidth=612&odnHeight=612&odnBg=ffffff",
        "tags": [
            [
                "Movie Theater Butter Popcorn",
                "/browse/food/movie-theater-butter-popcorn/976759_976787_1001407_2066160"
            ],
            [
                "Orville Redenbacher's Popcorn",
                "/browse/food/orville-redenbachers-popcorn/976759_976787_1001407_2318843"
            ],
            [
                "All Popcorn",
                "/browse/food/all-popcorn/976759_976787_1001407_3516563"
            ],
            [
                "Movie Night Foods and Drinks",
                "/browse/food/movie-night-foods-drinks/976759_976787_4460428"
            ],
            [
                "Pop Secret Popcorn",
                "/browse/food/pop-secret-popcorn/976759_976787_1001407_6156015"
            ],
            [
                "Popcorn Bags",
                "/browse/food/popcorn-bags/976759_976787_1001407_6926277"
            ],
            [
                "Shop All Plant Based Foods",
                "/browse/food/shop-all-plant-based-foods/976759_5148628_4583057_2468673_8701847"
            ],
            [
                "Summer Grilling Snacks",
                "/browse/food/summer-grilling-snacks/976759_1567409_8808777_8991223"
            ]
        ]
    },
    {
        "title": "(3 Pack) Great Value Great Northern Beans, 32 Oz",
        "url": "https://www.walmart.com/ip/3-Pack-Great-Value-Great-Northern-Beans-32-Oz/478571432",
        "price": "$5.24",
        "stars": "4.7",
        "ratings": "196 ",
        "img": "i5.walmartimages.com/asr/1ff8cd0c-d9cd-4a7e-be29-ae5555799b3e_6.2404636da8a84dc8e16aa931ca086e2f.jpeg?odnWidth=612&odnHeight=612&odnBg=ffffff",
        "tags": [
            [
                "Dried Beans",
                "/browse/food/dried-beans/976759_976794_1001478"
            ],
            [
                "All Fresh Vegetables",
                "/browse/food/all-fresh-vegetables/976759_1071964_976793_8910423_1814126"
            ],
            [
                "Low Sodium Foods",
                "/browse/food/low-sodium-foods/976759_5004481_6733659"
            ],
            [
                "Vegan Foods",
                "/browse/food/vegan-foods/976759_5004481_6794259"
            ],
            [
                "Meals Restock",
                "/browse/food/meals-restock/976759_1567409_2168938_1811730_6806516"
            ],
            [
                "Kosher Foods",
                "/browse/kosher-foods/976759_8925069"
            ],
            [
                "High Fiber Foods",
                "/browse/food/high-fiber-foods/976759_5004481_9339140"
            ]
        ]
    },
    {
        "title": "Nature Valley Granola Bars Sweet & Salty Almond, 6 ct",
        "url": "https://www.walmart.com/ip/Nature-Valley-Granola-Bars-Sweet-Salty-Almond-6-ct/10311282",
        "price": "$2.98",
        "stars": "4.8",
        "ratings": "183 ",
        "img": "i5.walmartimages.com/asr/0a4e7405-10d7-43d0-957f-5a9de2571caf.c889abf23289764d04a3052ca5c32850.jpeg?odnWidth=612&odnHeight=612&odnBg=ffffff",
        "tags": [
            [
                "General Mills Snacks",
                "/browse/food/general-mills-snacks/976759_2606229_2043501"
            ],
            [
                "On the Go Snacks",
                "/browse/food/on-the-go-snacks/976759_976787_3253105"
            ],
            [
                "Shop Nature Valley",
                "/browse/food/shop-nature-valley/976759_976787_1044154_4008994"
            ],
            [
                "Granola Bars",
                "/browse/food/granola-bars/976759_976787_1044154_5006109"
            ],
            [
                "Kid's Lunches",
                "/browse/food/kids-lunches/976759_1567409_7966149_7561098"
            ],
            [
                "Nature Valley Granola Bars & Snack Bars",
                "/browse/food/nature-valley-granola-bars-snack-bars/976759_976787_1044154_7928976"
            ],
            [
                "New Year New You",
                "/browse/food/new-year-new-you/976759_1567409_3170630_9741688"
            ]
        ]
    },
    {
        "title": "(12 Cans) Red Bull Energy Drink, 8.4 fl oz",
        "url": "https://www.walmart.com/ip/12-Cans-Red-Bull-Energy-Drink-8-4-fl-oz/10316267",
        "price": "$18.73",
        "stars": "4.7",
        "ratings": "88 ",
        "img": "",
        "tags": [
            [
                "5-Hour Energy Shots",
                "/browse/food/5-hour-energy-shots/976759_976782_9357528_1525474"
            ],
            [
                "Energy Shots",
                "/browse/food/energy-shots/976759_976782_9357528_3061434"
            ],
            [
                "Monster Energy Drinks",
                "/browse/food/monster-energy-drinks/976759_976782_9357528_4806887"
            ],
            [
                "All Energy Drinks",
                "/browse/food/all-energy-drinks/976759_976782_9357528_4893329"
            ],
            [
                "Fueling Beverages",
                "/browse/food/fueling-beverages/976759_4321481_5471594"
            ],
            [
                "Sports & Energy",
                "/browse/food/sports-energy/976759_976782_5795119_6770310"
            ],
            [
                "Caffeinated Drinks",
                "/browse/food/caffeinated-drinks/976759_1567409_3591080_6925074"
            ],
            [
                "Gaming Snacks & Drinks",
                "/browse/food/gaming-snacks-drinks/976759_1567409_8254504"
            ]
        ]
    },
    {
        "title": "Honey Nut Cheerios Medley Crunch Cereal, 20.9 oz Box",
        "url": "https://www.walmart.com/ip/Honey-Nut-Cheerios-Medley-Crunch-Cereal-20-9-oz-Box/772480032",
        "price": "$3.64",
        "stars": "4.8",
        "ratings": "1268 ",
        "img": "",
        "tags": [
            [
                "Kids' Favorites",
                "/browse/food/kids-favorites/976759_976783_2440347"
            ],
            [
                "All Cereal",
                "/browse/food/all-cereal/976759_976783_1231208_4423991"
            ],
            [
                "Healthy Cereal",
                "/browse/food/healthy-cereal/976759_976783_1231208_4795883"
            ],
            [
                "Kids' Cereal",
                "/browse/food/kids-cereal/976759_976783_1231208_5549868"
            ],
            [
                "Kellogg's Cereals",
                "/browse/food/kelloggs-cereals/976759_976783_1231208_5607655"
            ],
            [
                "Gluten Free Cereal",
                "/browse/food/gluten-free-cereal/976759_976783_1231208_6180608"
            ],
            [
                "Kid's Breakfast",
                "/browse/food/kids-breakfast/976759_1567409_7966149_6779439"
            ],
            [
                "Cheerios",
                "/browse/food/cheerios/976759_976783_1231208_8624385"
            ]
        ]
    },
    {
        "title": "Funyuns Onion Flavored Rings, 0.75 oz Bags, 10 Count",
        "url": "https://www.walmart.com/ip/Funyuns-Onion-Flavored-Rings-0-75-oz-Bags-10-Count/485534448",
        "price": "$4.48",
        "stars": "4.6",
        "ratings": "56 ",
        "img": "i5.walmartimages.com/asr/0151f612-7eba-41da-9807-3f1cca7ae587_1.5a6af367703e8b1fa186c0fcc84fbf16.jpeg?odnWidth=612&odnHeight=612&odnBg=ffffff",
        "tags": [
            [
                "Salty Snacks Stock-Up",
                "/browse/food/salty-snacks-stock-up/976759_976787_1001390_6288637_2319411"
            ],
            [
                "All Chips",
                "/browse/food/all-chips/976759_976787_1001390_2774520"
            ],
            [
                "Movie Night Foods and Drinks",
                "/browse/food/movie-night-foods-drinks/976759_976787_4460428"
            ],
            [
                "Study Snacks",
                "/browse/food/study-snacks/976759_1567409_3591080_6794842"
            ],
            [
                "Gaming Snacks & Drinks",
                "/browse/food/gaming-snacks-drinks/976759_1567409_8254504"
            ],
            [
                "Summer Grilling Snacks",
                "/browse/food/summer-grilling-snacks/976759_1567409_8808777_8991223"
            ],
            [
                "Variety Pack Chips",
                "/browse/food/variety-pack-chips/976759_976787_1001390_9634100"
            ]
        ]
    },
    {
        "title": "Utz Potato Stix, Original, 15 oz. Canister",
        "url": "https://www.walmart.com/ip/Utz-Potato-Stix-Original-15-oz-Canister/19757588",
        "price": "$3.98",
        "stars": "4.7",
        "ratings": "634 ",
        "img": "",
        "tags": [
            [
                "Shop All Cookies",
                "/browse/food/shop-all-cookies/976759_976787_1001391_2392263"
            ],
            [
                "All Chips",
                "/browse/food/all-chips/976759_976787_1001390_2774520"
            ],
            [
                "Party Snacks",
                "/browse/food/party-snacks/976759_976787_1001390_6288637_2941065"
            ],
            [
                "Gametime Snacks",
                "/browse/food/gametime-snacks/976759_1567409_3282877_2947703"
            ],
            [
                "All Potato Chips",
                "/browse/food/all-potato-chips/976759_976787_1001390_4402657_6099985"
            ],
            [
                "Value Snacks",
                "/browse/food/value-snacks/976759_976787_1001390_6288637_7941762"
            ]
        ]
    },
    {
        "title": "(2 Pack) Bear Creek Country Kitchens\u00ae Cheddar Broccoli Soup Mix 11.2 oz.",
        "url": "https://www.walmart.com/ip/2-Pack-Bear-Creek-Country-Kitchens-Cheddar-Broccoli-Soup-Mix-11-2-oz/907439567",
        "price": "$5.74",
        "stars": "4.5",
        "ratings": "148 ",
        "img": "",
        "tags": [
            [
                "Chili",
                "/browse/food/chili/976759_976794_976785_1001346"
            ],
            [
                "Canned Ready to Eat Meals",
                "/browse/food/canned-ready-to-eat-meals/976759_976794_976785_1001348"
            ],
            [
                "All Soup",
                "/browse/food/all-soup/976759_976794_3901881_1001359"
            ],
            [
                "Boxed Meals",
                "/browse/food/boxed-meals/976759_976794_6223225_1001477"
            ],
            [
                "All Meals and Sides",
                "/browse/food/all-meals-sides/976759_1071964_976789_2133672_1535108"
            ],
            [
                "Cold Weather Foods",
                "/browse/food/cold-weather-foods/976759_1567409_6592518_4011823"
            ],
            [
                "Nut Free Foods",
                "/browse/food/nut-free-foods/976759_5004481_5679034"
            ]
        ]
    },
    {
        "title": "Kellogg's All-Bran Buds, Breakfast Cereal, Original, 22 Oz",
        "url": "https://www.walmart.com/ip/Kellogg-s-All-Bran-Buds-Breakfast-Cereal-Original-22-Oz/173813527",
        "price": "$3.68",
        "stars": "4.8",
        "ratings": "190 ",
        "img": "i5.walmartimages.com/asr/6c88363f-7501-4407-873e-c565bcc47681.050990191fb98fa46be825cf61ab4767.jpeg?odnWidth=612&odnHeight=612&odnBg=ffffff",
        "tags": [
            [
                "Kids' Favorites",
                "/browse/food/kids-favorites/976759_976783_2440347"
            ],
            [
                "All Cereal",
                "/browse/food/all-cereal/976759_976783_1231208_4423991"
            ],
            [
                "General Mills Cereal",
                "/browse/food/general-mills-cereal/976759_976783_1231208_4498827"
            ],
            [
                "Healthy Cereal",
                "/browse/food/healthy-cereal/976759_976783_1231208_4795883"
            ],
            [
                "Kids' Cereal",
                "/browse/food/kids-cereal/976759_976783_1231208_5549868"
            ],
            [
                "Kid's Breakfast",
                "/browse/food/kids-breakfast/976759_1567409_7966149_6779439"
            ],
            [
                "Shop Kellogg's",
                "/browse/shop-kelloggs/976759_7786229"
            ],
            [
                "High Fiber Foods",
                "/browse/food/high-fiber-foods/976759_5004481_9339140"
            ]
        ]
    }
]