[
    {
        "title": "Great Value Dried Prunes, Pitted, 18 oz",
        "url": "https://www.walmart.com/ip/Great-Value-Dried-Prunes-Pitted-18-oz/12430567",
        "price": "$3.94",
        "stars": "4.7",
        "ratings": "786 ",
        "img": "i5.walmartimages.com/asr/23aff862-4193-49f8-8d17-6a911c1007ee_1.e4aaa2b4ab5041c4349f42d395965c8e.jpeg?odnWidth=612&odnHeight=612&odnBg=ffffff",
        "tags": [
            [
                "Prunes",
                "/browse/food/prunes/976759_976787_4962467_2356650_2158944"
            ],
            [
                "Gluten Free Snacks, Cookies & Chips",
                "/browse/food/gluten-free-snacks-cookies-chips/976759_1228023_5141486"
            ],
            [
                "All Fruit Types",
                "/browse/food/all-fruit-types/976759_976787_4962467_2356650_6330824"
            ],
            [
                "Kid's Breakfast",
                "/browse/food/kids-breakfast/976759_1567409_7966149_6779439"
            ],
            [
                "All Nuts, Dried Fruits and Healthy Snacks",
                "/browse/food/all-nuts-dried-fruits-healthy-snacks/976759_1071964_976793_6682547_7101504"
            ],
            [
                "Trail Mix",
                "/browse/food/trail-mix/976759_976787_1001406_7771097"
            ],
            [
                "Sun-Maid",
                "/browse/food/sun-maid/976759_976787_4962467_2025492_7808166"
            ]
        ]
    },
    {
        "title": "Lay's Kettle Cooked Potato Chips, Original, 8 oz Bag",
        "url": "https://www.walmart.com/ip/Lay-s-Kettle-Cooked-Potato-Chips-Original-8-oz-Bag/44185596",
        "price": "$2.98",
        "stars": "4.8",
        "ratings": "109 ",
        "img": "i5.walmartimages.com/asr/d042d524-ddab-4fff-8c60-f773f9507650_1.bfa837a4520d0c91901ba940bde1d270.jpeg?odnWidth=612&odnHeight=612&odnBg=ffffff",
        "tags": [
            [
                "Salty Snacks Stock-Up",
                "/browse/food/salty-snacks-stock-up/976759_976787_1001390_6288637_2319411"
            ],
            [
                "All Chips",
                "/browse/food/all-chips/976759_976787_1001390_2774520"
            ],
            [
                "Party Snacks",
                "/browse/food/party-snacks/976759_976787_1001390_6288637_2941065"
            ],
            [
                "Movie Night Foods and Drinks",
                "/browse/food/movie-night-foods-drinks/976759_976787_4460428"
            ],
            [
                "Lay's Potato Chips",
                "/browse/food/lays-potato-chips/976759_976787_1001390_4402657_5517955"
            ],
            [
                "All Potato Chips",
                "/browse/food/all-potato-chips/976759_976787_1001390_4402657_6099985"
            ],
            [
                "Summer Grilling Snacks",
                "/browse/food/summer-grilling-snacks/976759_1567409_8808777_8991223"
            ]
        ]
    },
    {
        "title": "Jet-Puffed Marshmallows, 16 oz Bag",
        "url": "https://www.walmart.com/ip/Jet-Puffed-Marshmallows-16-oz-Bag/10293833",
        "price": "$1.76",
        "stars": "4.8",
        "ratings": "1320 ",
        "img": "i5.walmartimages.com/asr/f82c8dcc-836a-4a4b-be0e-39e8c1da9fe6.508d8a8b9b3d988c013b2ffc43a453bd.jpeg?odnWidth=612&odnHeight=612&odnBg=ffffff",
        "tags": [
            [
                "Easter Meal",
                "/browse/food/easter-meal/976759_1567409_7567150_3664825"
            ],
            [
                "Baking Restock",
                "/browse/food/baking-restock/976759_1567409_2168938_1811730_4237636"
            ],
            [
                "Baking Ingredients",
                "/browse/food/baking-ingredients/976759_4143264_2535686_5948883_5994684"
            ],
            [
                "Easter Baking",
                "/browse/food/easter-baking/976759_1567409_2168938_2546479_6431277"
            ],
            [
                "Low Sodium Foods",
                "/browse/food/low-sodium-foods/976759_5004481_6733659"
            ],
            [
                "S'Mores Ingredients",
                "/browse/food/smores-ingredients/976759_976787_1001392_9064372"
            ],
            [
                "Snack Crackers",
                "/browse/food/snack-crackers/976759_976787_1001392_9358664"
            ]
        ]
    },
    {
        "title": "Propel Electrolyte Water, Kiwi Strawberry, 16.9 oz Bottles, 12 Count",
        "url": "https://www.walmart.com/ip/Propel-Electrolyte-Water-Kiwi-Strawberry-16-9-oz-Bottles-12-Count/13448771",
        "price": "$6.38",
        "stars": "4.8",
        "ratings": "217 ",
        "img": "i5.walmartimages.com/asr/b83d4b03-e799-40ae-9b87-4c2e6d80b240_1.0617d2c5c0327e33c6e9b017ea4fe100.jpeg?odnWidth=612&odnHeight=612&odnBg=ffffff",
        "tags": [
            [
                "Summer Grilling Beverages",
                "/browse/food/summer-grilling-beverages/976759_1567409_8808777_2541298"
            ],
            [
                "Bottled Water",
                "/browse/food/bottled-water/976759_976782_1001659_5912172"
            ],
            [
                "Enhanced Water",
                "/browse/food/enhanced-water/976759_976782_5795119_5961524"
            ],
            [
                "Propel",
                "/browse/food/propel/976759_976782_1001682_6540417"
            ],
            [
                "Sports & Energy",
                "/browse/food/sports-energy/976759_976782_5795119_6770310"
            ],
            [
                "All Flavored Water",
                "/browse/food/all-flavored-water/976759_976782_1001659_5544934_8435582"
            ]
        ]
    },
    {
        "title": "(2 Pack) Diet 7UP Lemon Lime Soda, 12 Fl Oz Cans, 12 Count",
        "url": "https://www.walmart.com/ip/2-Pack-Diet-7UP-Lemon-Lime-Soda-12-Fl-Oz-Cans-12-Count/417719413",
        "price": "$11.98",
        "stars": "4.7",
        "ratings": "88 ",
        "img": "i5.walmartimages.com/asr/5a20b86a-a6ea-4dcf-a46c-99c130fad97f_1.a9ea0e487a44119cf5fc102970a86987.jpeg?odnWidth=612&odnHeight=612&odnBg=ffffff",
        "tags": [
            [
                "No Sugar Foods",
                "/browse/food/no-sugar-foods/976759_5004481_1858214"
            ],
            [
                "Ginger ale",
                "/browse/food/ginger-ale/976759_976782_1001680_2032356"
            ],
            [
                "Summer Grilling Beverages",
                "/browse/food/summer-grilling-beverages/976759_1567409_8808777_2541298"
            ],
            [
                "Movie Night Foods and Drinks",
                "/browse/food/movie-night-foods-drinks/976759_976787_4460428"
            ],
            [
                "Low Calorie Foods",
                "/browse/food/low-calorie-foods/976759_5004481_6036545"
            ],
            [
                "Pepsi Beverages",
                "/browse/food/pepsi-beverages/976759_976782_8673018"
            ],
            [
                "All Coca-Cola",
                "/browse/food/all-coca-cola/976759_976782_1001680_6505121_8744944"
            ]
        ]
    },
    {
        "title": "(2 pack) Betty Crocker Super Moist Chocolate Fudge Cake Mix, 15.25 oz",
        "url": "https://www.walmart.com/ip/2-pack-Betty-Crocker-Super-Moist-Chocolate-Fudge-Cake-Mix-15-25-oz/853566104",
        "price": "$3.98",
        "stars": "4.8",
        "ratings": "128 ",
        "img": "i5.walmartimages.com/asr/f99ae624-0368-47ee-898f-6d138cdc6e6e_2.443effec81c56483f0d72019f093fbab.png?odnWidth=612&odnHeight=612&odnBg=ffffff",
        "tags": [
            [
                "Frosting, Toppings & Decorations",
                "/browse/food/frosting-toppings-decorations/976759_976780_1001368_1044127"
            ],
            [
                "Valentine's Day Baking",
                "/browse/food/valentines-day-baking/976759_1567409_9457805_1303563"
            ],
            [
                "All Baking Mixes",
                "/browse/food/all-baking-mixes/976759_976780_1001368_2594651"
            ],
            [
                "Easter Meal",
                "/browse/food/easter-meal/976759_1567409_7567150_3664825"
            ],
            [
                "Betty Crocker",
                "/browse/food/betty-crocker/976759_976780_1001368_8292847_4066458"
            ],
            [
                "Game Time Baking",
                "/browse/food/game-time-baking/976759_1567409_3282877_2930489_4135213"
            ],
            [
                "Easter Baking",
                "/browse/food/easter-baking/976759_1567409_2168938_2546479_6431277"
            ],
            [
                "All Cake Mixes",
                "/browse/food/all-cake-mixes/976759_976780_1001368_8292847_8973498"
            ]
        ]
    },
    {
        "title": "Keebler Scooby-Doo!, Graham Cracker Sticks, Cinnamon, 11 Oz",
        "url": "https://www.walmart.com/ip/Keebler-Scooby-Doo-Graham-Cracker-Sticks-Cinnamon-11-Oz/10789397",
        "price": "$2.48",
        "stars": "4.9",
        "ratings": "178 ",
        "img": "i5.walmartimages.com/asr/76ba474b-8fd9-46f8-9159-8eac4c9a3464.7592fb3ea00fdd463c9e88db46c77355.jpeg?odnWidth=612&odnHeight=612&odnBg=ffffff",
        "tags": [
            [
                "All Scooby Doo Toys",
                "/browse/shop-by-movie/all-scooby-doo-toys/5920738_1719362_1562961_1243150"
            ],
            [
                "Scooby Doo Costumes",
                "/browse/shop-by-movie/scooby-doo-costumes/5920738_1719362_1594617"
            ],
            [
                "Shaggy",
                "/browse/shop-by-movie/shaggy/5920738_1719362_6372672_1944938"
            ],
            [
                "Fred",
                "/browse/shop-by-movie/fred/5920738_1719362_6372672_2802882"
            ],
            [
                "Daphne",
                "/browse/shop-by-movie/daphne/5920738_1719362_6372672_4673628"
            ],
            [
                "All Scooby Doo Clothing",
                "/browse/shop-by-movie/all-scooby-doo-clothing/5920738_1719362_6392497_4803239"
            ],
            [
                "All Scooby Doo",
                "/browse/shop-by-movie/all-scooby-doo/5920738_1719362_6111928"
            ],
            [
                "Velma",
                "/browse/shop-by-movie/velma/5920738_1719362_6372672_6121938"
            ]
        ]
    },
    {
        "title": "(2-pack) Kool-Aid Jammers Tropical Punch Flavored Drink, 30 ct - 6 fl oz Pouches",
        "url": "https://www.walmart.com/ip/2-pack-Kool-Aid-Jammers-Tropical-Punch-Flavored-Drink-30-ct-6-fl-oz-Pouches/750797884",
        "price": "$9.96",
        "stars": "4.4",
        "ratings": "239 ",
        "img": "i5.walmartimages.com/asr/472cc6c2-7154-4bc7-be42-07070dd76ab3_1.c6f1e3454a3afc3e1ea68002d96830f7.jpeg?odnWidth=612&odnHeight=612&odnBg=ffffff",
        "tags": [
            [
                "Summer Grilling Beverages",
                "/browse/food/summer-grilling-beverages/976759_1567409_8808777_2541298"
            ],
            [
                "On the Go Snacks",
                "/browse/food/on-the-go-snacks/976759_976787_3253105"
            ],
            [
                "Kool-Aid",
                "/browse/food/kool-aid/976759_976782_4818838"
            ],
            [
                "Kid's Breakfast",
                "/browse/food/kids-breakfast/976759_1567409_7966149_6779439"
            ],
            [
                "Lunchbox Favorites",
                "/browse/food/lunchbox-favorites/976759_976787_7186343"
            ],
            [
                "Summer Grilling Snacks",
                "/browse/food/summer-grilling-snacks/976759_1567409_8808777_8991223"
            ]
        ]
    },
    {
        "title": "Angie's BOOMCHICKAPOP Sweet & Salty Kettle Corn Popcorn, 7 oz.",
        "url": "https://www.walmart.com/ip/Angie-s-BOOMCHICKAPOP-Sweet-Salty-Kettle-Corn-Popcorn-7-oz/47912070",
        "price": "$2.78",
        "stars": "4.7",
        "ratings": "196 ",
        "img": "i5.walmartimages.com/asr/df923b9a-cec8-4f6d-8331-57aacd5975ec_1.e8e3a6a96c134b915a8f42ee45ede531.jpeg?odnWidth=612&odnHeight=612&odnBg=ffffff",
        "tags": [
            [
                "Boom Chicka Pop Popcorn",
                "/browse/food/boom-chicka-pop-popcorn/976759_976787_1001407_2879702"
            ],
            [
                "All Popcorn",
                "/browse/food/all-popcorn/976759_976787_1001407_3516563"
            ],
            [
                "Kettle Corn",
                "/browse/food/kettle-corn/976759_976787_1001407_4177215"
            ],
            [
                "Movie Night Foods and Drinks",
                "/browse/food/movie-night-foods-drinks/976759_976787_4460428"
            ],
            [
                "Gluten Free Snacks, Cookies & Chips",
                "/browse/food/gluten-free-snacks-cookies-chips/976759_1228023_5141486"
            ],
            [
                "Plant Based Snacks",
                "/browse/food/plant-based-snacks/976759_5148628_4583057_2468673_6967777"
            ],
            [
                "SkinnyPop Popcorn",
                "/browse/food/skinnypop-popcorn/976759_976787_1001407_8152766"
            ],
            [
                "Individual Popcorn Packs",
                "/browse/food/individual-popcorn-packs/976759_976787_1001407_9500339"
            ]
        ]
    },
    {
        "title": "(3 Pack) Bertolli Organic Traditional Tomato & Basil Pasta Sauce 24 oz.",
        "url": "https://www.walmart.com/ip/3-Pack-Bertolli-Organic-Traditional-Tomato-Basil-Pasta-Sauce-24-oz/47233299",
        "price": "$7.09",
        "stars": "4.8",
        "ratings": "92 ",
        "img": "i5.walmartimages.com/asr/f463d627-d77d-40d9-9016-79fc0b0aaf6d_1.3494fd9286c138a7069a9ec405a2c978.jpeg?odnWidth=612&odnHeight=612&odnBg=ffffff",
        "tags": [
            [
                "Pasta & Noodles",
                "/browse/food/pasta-noodles/976759_976794_1007519"
            ],
            [
                "Sauces",
                "/browse/food/sauces/976759_976786_1076366"
            ],
            [
                "All Meals and Sides",
                "/browse/food/all-meals-sides/976759_1071964_976789_2133672_1535108"
            ],
            [
                "Canned Tomatoes",
                "/browse/food/canned-tomatoes/976759_976794_976785_2009430"
            ],
            [
                "Pasta Sauce",
                "/browse/food/pasta-sauce/976759_976794_2775278"
            ],
            [
                "Organic Food Essentials",
                "/browse/food/organic-food-essentials/976759_1567409_2168938_8870296_3706415"
            ],
            [
                "Gluten Free Meals & Side Dishes",
                "/browse/food/gluten-free-meals-side-dishes/976759_5148628_4583057_1250486_9821290"
            ],
            [
                "Easy Kid's Dinners",
                "/browse/food/easy-kids-dinners/976759_1567409_7966149_9873756"
            ]
        ]
    }
]