[
    {
        "title": "La Banderita White Corn Tortillas, 80 ct",
        "url": "https://www.walmart.com/ip/La-Banderita-White-Corn-Tortillas-80-ct/20745499",
        "price": "$2.98",
        "stars": "4.0",
        "ratings": "64 ",
        "img": "i5.walmartimages.com/asr/73e7e235-43c0-4c30-a8f8-fae2adf6db7d_1.8ccecf5ebbf836d7dc6054e6a50dece2.jpeg?odnWidth=612&odnHeight=612&odnBg=ffffff",
        "tags": [
            [
                "Rolls & Buns",
                "/browse/food/rolls-buns/976759_1071964_976779_3034786_1037480"
            ],
            [
                "All Fresh Fruit",
                "/browse/food/all-fresh-fruit/976759_1071964_976793_9756351_1759962"
            ],
            [
                "No Sugar Foods",
                "/browse/food/no-sugar-foods/976759_5004481_1858214"
            ],
            [
                "Bananas",
                "/browse/food/bananas/976759_1071964_976793_9756351_2787146"
            ],
            [
                "Gluten Free Foods",
                "/browse/food/gluten-free-foods/976759_5004481_5546296"
            ],
            [
                "Low Sodium Foods",
                "/browse/food/low-sodium-foods/976759_5004481_6733659"
            ],
            [
                "Vegan Foods",
                "/browse/food/vegan-foods/976759_5004481_6794259"
            ],
            [
                "General Mills Box Tops Meals",
                "/browse/food/general-mills-box-tops-meals/976759_2606229_8503205"
            ]
        ]
    },
    {
        "title": "Wish-Bone House Italian Dressing 15 FL OZ",
        "url": "https://www.walmart.com/ip/Wish-Bone-House-Italian-Dressing-15-FL-OZ/55500598",
        "price": "$1.94",
        "stars": "4.6",
        "ratings": "95 ",
        "img": "i5.walmartimages.com/asr/fe80c3b5-b72b-4dd8-a108-81af13abf4cf_1.2009b9516a5c83237690eb82fb38f508.jpeg?odnWidth=612&odnHeight=612&odnBg=ffffff",
        "tags": [
            [
                "Condiments",
                "/browse/food/condiments/976759_976786_9696846_1001363"
            ],
            [
                "Ranch Dressing",
                "/browse/food/ranch-dressing/976759_976786_5730644_1345093"
            ],
            [
                "Thousand Island Dressing",
                "/browse/food/thousand-island-dressing/976759_976786_5730644_2227127"
            ],
            [
                "Italian Dressing",
                "/browse/food/italian-dressing/976759_976786_5730644_3178690"
            ],
            [
                "All Fresh Packaged Salads, Dressings and Dips",
                "/browse/food/all-fresh-packaged-salads-dressings-dips/976759_1071964_976793_9538337_3695434"
            ],
            [
                "Hidden Valley Ranch",
                "/browse/food/hidden-valley-ranch/976759_976786_5730644_3791260"
            ],
            [
                "Fat Free Food",
                "/browse/food/fat-free-food/976759_1567409_3170630_8672408"
            ],
            [
                "Dressings & Marinades",
                "/browse/food/dressings-marinades/976759_976786_9696846_3225715_9994967"
            ]
        ]
    },
    {
        "title": "FISHER Chef's Naturals Walnut Halves & Pieces, 32 oz, Naturally Gluten Free, No Preservatives, Non-GMO",
        "url": "https://www.walmart.com/ip/FISHER-Chef-s-Naturals-Walnut-Halves-Pieces-32-oz-Naturally-Gluten-Free-No-Preservatives-Non-GMO/51091518",
        "price": "$12.52",
        "stars": "4.8",
        "ratings": "384 ",
        "img": "i5.walmartimages.com/asr/337dffa2-0a26-4934-a55b-1e53e7a4191e.3d1ba7bc94e3595aee4e7d4092642946.jpeg?odnWidth=612&odnHeight=612&odnBg=ffffff",
        "tags": [
            [
                "Baking Nuts, Coconut & Fruit",
                "/browse/food/baking-nuts-coconut-fruit/976759_976780_2881195_1092368"
            ],
            [
                "All Nuts, Trail Mix,& Seeds",
                "/browse/food/all-nuts-trail-mix-seeds/976759_976787_1001406_2615672"
            ],
            [
                "Keto Snacks",
                "/browse/food/keto-snacks/976759_976787_3049581"
            ],
            [
                "Nuts",
                "/browse/food/nuts/976759_976787_1001406_3488004"
            ],
            [
                "Planters Cashews",
                "/browse/food/planters-cashews/976759_976787_1001406_8305691_4118325"
            ],
            [
                "All Almonds",
                "/browse/food/all-almonds/976759_976787_1001406_3474924_6070199"
            ],
            [
                "All Nuts, Dried Fruits and Healthy Snacks",
                "/browse/food/all-nuts-dried-fruits-healthy-snacks/976759_1071964_976793_6682547_7101504"
            ]
        ]
    },
    {
        "title": "(3 Pack) Kraft Tangy Catalina with Bacon Dressing, 16 Fl Oz Bottle",
        "url": "https://www.walmart.com/ip/3-Pack-Kraft-Tangy-Catalina-with-Bacon-Dressing-16-Fl-Oz-Bottle/579082901",
        "price": "$6.36",
        "stars": "4.8",
        "ratings": "36 ",
        "img": "i5.walmartimages.com/asr/16868593-53e1-4fd4-b772-2a5fae64f3b7_1.08ea00fce4c5a32a1fc50c7ce9778d77.jpeg?odnWidth=612&odnHeight=612&odnBg=ffffff",
        "tags": [
            [
                "Condiments",
                "/browse/food/condiments/976759_976786_9696846_1001363"
            ],
            [
                "Ranch Dressing",
                "/browse/food/ranch-dressing/976759_976786_5730644_1345093"
            ],
            [
                "Thousand Island Dressing",
                "/browse/food/thousand-island-dressing/976759_976786_5730644_2227127"
            ],
            [
                "Italian Dressing",
                "/browse/food/italian-dressing/976759_976786_5730644_3178690"
            ],
            [
                "All Fresh Packaged Salads, Dressings and Dips",
                "/browse/food/all-fresh-packaged-salads-dressings-dips/976759_1071964_976793_9538337_3695434"
            ],
            [
                "Caesar Dressing",
                "/browse/food/caesar-dressing/976759_976786_5730644_3729388"
            ],
            [
                "Fat Free Food",
                "/browse/food/fat-free-food/976759_1567409_3170630_8672408"
            ],
            [
                "French Dressing",
                "/browse/food/french-dressing/976759_976786_5730644_9235971"
            ]
        ]
    },
    {
        "title": "Frito-Lay Flamin' Hot Mix Variety Pack, 18 Count",
        "url": "https://www.walmart.com/ip/Frito-Lay-Flamin-Hot-Mix-Variety-Pack-18-Count/895289804",
        "price": "$6.48",
        "stars": "4.7",
        "ratings": "33 ",
        "img": "i5.walmartimages.com/asr/3bd2536a-f167-432a-b9f8-46b46b923250_1.6f6bc6794561538d5517961d30585064.jpeg?odnWidth=612&odnHeight=612&odnBg=ffffff",
        "tags": [
            [
                "All Grab and Go Sandwiches, Salads and Snack Packs",
                "/browse/food/all-grab-go-sandwiches-salads-snack-packs/976759_1071964_976789_1291950_1584059"
            ],
            [
                "All Chips",
                "/browse/food/all-chips/976759_976787_1001390_2774520"
            ],
            [
                "Study Snacks",
                "/browse/food/study-snacks/976759_1567409_3591080_6794842"
            ],
            [
                "Lunchbox Favorites",
                "/browse/food/lunchbox-favorites/976759_976787_7186343"
            ],
            [
                "Gaming Snacks & Drinks",
                "/browse/food/gaming-snacks-drinks/976759_1567409_8254504"
            ],
            [
                "Summer Grilling Snacks",
                "/browse/food/summer-grilling-snacks/976759_1567409_8808777_8991223"
            ],
            [
                "Variety Pack Chips",
                "/browse/food/variety-pack-chips/976759_976787_1001390_9634100"
            ]
        ]
    },
    {
        "title": "(12 Pack) Blue Dragon Spring Roll Wrappers, 4.7 Oz",
        "url": "https://www.walmart.com/ip/12-Pack-Blue-Dragon-Spring-Roll-Wrappers-4-7-Oz/442902882",
        "price": "$26.55",
        "stars": "3.0",
        "ratings": "5 ",
        "img": "i5.walmartimages.com/asr/130a81a3-940e-4a28-9b6a-3c186eb37c05_1.256a9296b4ab68fdc24a017389a1a5cb.jpeg?odnWidth=612&odnHeight=612&odnBg=ffffff",
        "tags": [
            [
                "Tortillas, Pitas & Wraps",
                "/browse/food/tortillas-pitas-wraps/976759_1071964_976779_3034786_1001458"
            ],
            [
                "Bread Crumbs & Stuffing",
                "/browse/food/bread-crumbs-stuffing/976759_1071964_976779_1007579"
            ],
            [
                "Rolls & Buns",
                "/browse/food/rolls-buns/976759_1071964_976779_3034786_1037480"
            ],
            [
                "Croutons",
                "/browse/food/croutons/976759_1071964_976779_1044111"
            ],
            [
                "Baguettes, Loaves & Breadsticks",
                "/browse/food/baguettes-loaves-breadsticks/976759_1071964_976779_3034786_2502543"
            ],
            [
                "Asian Rice, Grains & Noodles",
                "/browse/food/asian-rice-grains-noodles/976759_5148628_1228025_1228102_7602146"
            ],
            [
                "Shop All Asian Market",
                "/browse/food/shop-all-asian-market/976759_5148628_1228025_1228102_9127385"
            ]
        ]
    },
    {
        "title": "Atkins Gluten Free Protein-Rich Shake, Creamy Vanilla, Keto Friendly, 8 Count (Ready to Drink)",
        "url": "https://www.walmart.com/ip/Atkins-Gluten-Free-Protein-Rich-Shake-Creamy-Vanilla-Keto-Friendly-8-Count-Ready-to-Drink/49409700",
        "price": "$11.48",
        "stars": "4.8",
        "ratings": "136 ",
        "img": "i5.walmartimages.com/asr/53f5a976-3cbc-410c-b805-27bc8346aabc_2.873997e40748c0a01f2f77b0be7e255c.png?odnWidth=612&odnHeight=612&odnBg=ffffff",
        "tags": [
            [
                "Beach Body Ready",
                "/browse/health/beach-body-ready/976760_1005859_1306870"
            ],
            [
                "Weight Management for Active Moms",
                "/browse/health/weight-management-for-active-moms/976760_1005859_2168255"
            ],
            [
                "Weight Management Restock",
                "/browse/health/weight-management-restock/976760_9347972_2330110"
            ],
            [
                "Indulgent Flavors Weight Management",
                "/browse/health/indulgent-flavors-weight-management/976760_1005859_6873278_2515559"
            ],
            [
                "Active Mom",
                "/browse/health/active-mom/976760_1005859_2807945"
            ],
            [
                "Keto Basics",
                "/browse/health/keto-basics/976760_7501265_6637211"
            ],
            [
                "Weight Gain Supplements",
                "/browse/health/weight-gain-supplements/976760_1166769_7675649"
            ],
            [
                "Keto Drinks",
                "/browse/health/keto-drinks/976760_7501265_4603525_9179107"
            ]
        ]
    },
    {
        "title": "Pioneer Woman Four Cheese Pasta Sauce, 24 oz Jar",
        "url": "https://www.walmart.com/ip/Pioneer-Woman-Four-Cheese-Pasta-Sauce-24-oz-Jar/292852833",
        "price": "$2.98",
        "stars": "4.6",
        "ratings": "87 ",
        "img": "i5.walmartimages.com/asr/ff8ab595-a5ba-4428-aa0e-581280b38c1a.9f646663010467cfde2ca45b6f3d8914.jpeg?odnWidth=612&odnHeight=612&odnBg=ffffff",
        "tags": [
            [
                "Sauces",
                "/browse/food/sauces/976759_976786_1076366"
            ],
            [
                "Ranch Dressing",
                "/browse/food/ranch-dressing/976759_976786_5730644_1345093"
            ],
            [
                "All Meals and Sides",
                "/browse/food/all-meals-sides/976759_1071964_976789_2133672_1535108"
            ],
            [
                "Pasta Sauce",
                "/browse/food/pasta-sauce/976759_976794_2775278"
            ],
            [
                "Shop All BBQ Sauces",
                "/browse/food/shop-all-bbq-sauces/976759_976786_9696846_9999057_6757439"
            ],
            [
                "Summer Grilling Condiments",
                "/browse/food/summer-grilling-condiments/976759_1567409_8808777_7265121"
            ],
            [
                "Gluten Free Meals & Side Dishes",
                "/browse/food/gluten-free-meals-side-dishes/976759_5148628_4583057_1250486_9821290"
            ],
            [
                "Easy Kid's Dinners",
                "/browse/food/easy-kids-dinners/976759_1567409_7966149_9873756"
            ]
        ]
    },
    {
        "title": "Planters Cashew Halves & Pieces, Salted, 26 Ounce Jar",
        "url": "https://www.walmart.com/ip/Planters-Cashew-Halves-Pieces-Salted-26-Ounce-Jar/22004566",
        "price": "$13.82",
        "stars": "4.5",
        "ratings": "232 ",
        "img": "i5.walmartimages.com/asr/5c18d3d6-3264-44c1-bdd8-170f1c2827cc.33c18bc648c0486c02e0e5aa9cc63aff.jpeg?odnWidth=612&odnHeight=612&odnBg=ffffff",
        "tags": [
            [
                "All Nuts, Trail Mix,& Seeds",
                "/browse/food/all-nuts-trail-mix-seeds/976759_976787_1001406_2615672"
            ],
            [
                "Nuts",
                "/browse/food/nuts/976759_976787_1001406_3488004"
            ],
            [
                "Planters Cashews",
                "/browse/food/planters-cashews/976759_976787_1001406_8305691_4118325"
            ],
            [
                "All Cashews",
                "/browse/food/all-cashews/976759_976787_1001406_8305691_6350752"
            ],
            [
                "All Nuts, Dried Fruits and Healthy Snacks",
                "/browse/food/all-nuts-dried-fruits-healthy-snacks/976759_1071964_976793_6682547_7101504"
            ],
            [
                "Mixed Nuts",
                "/browse/food/mixed-nuts/976759_976787_1001406_9012417"
            ]
        ]
    },
    {
        "title": "Walden Farms Sugar Free Thousand Island Dressing, 12 fl oz",
        "url": "https://www.walmart.com/ip/Walden-Farms-Sugar-Free-Thousand-Island-Dressing-12-fl-oz/10313749",
        "price": "$3.12",
        "stars": "4.5",
        "ratings": "61 ",
        "img": "",
        "tags": [
            [
                "Shop All Salad Dressings",
                "/browse/food/shop-all-salad-dressings/976759_976786_5730644_1001365"
            ],
            [
                "Ranch Dressing",
                "/browse/food/ranch-dressing/976759_976786_5730644_1345093"
            ],
            [
                "Sugar-Free Food Essentials",
                "/browse/food/sugar-free-food-essentials/976759_1567409_2168938_8870296_1639022"
            ],
            [
                "Thousand Island Dressing",
                "/browse/food/thousand-island-dressing/976759_976786_5730644_2227127"
            ],
            [
                "Sugar-Free Snacks",
                "/browse/food/sugar-free-snacks/976759_976787_3455839"
            ],
            [
                "All Fresh Packaged Salads, Dressings and Dips",
                "/browse/food/all-fresh-packaged-salads-dressings-dips/976759_1071964_976793_9538337_3695434"
            ],
            [
                "Specialty Dressing",
                "/browse/food/specialty-dressing/976759_976786_5730644_4547303"
            ]
        ]
    }
]