[
    {
        "title": "(2 Pack) Bella Sun Luci Julienne Cut Sun Dried Tomatoes with Italian Herbs, 8.5 oz",
        "url": "https://www.walmart.com/ip/2-Pack-Bella-Sun-Luci-Julienne-Cut-Sun-Dried-Tomatoes-with-Italian-Herbs-8-5-oz/509819539",
        "price": "$7.14",
        "stars": "4.1",
        "ratings": "56 ",
        "img": "i5.walmartimages.com/asr/2f6816ba-49dd-413b-8fbd-0749b51c225d_1.19692b89089fed93cc8f1648b93badd0.jpeg?odnWidth=612&odnHeight=612&odnBg=ffffff",
        "tags": [
            [
                "Shop All Olives",
                "/browse/food/shop-all-olives/976759_976786_6379931_1044186"
            ],
            [
                "Sauces",
                "/browse/food/sauces/976759_976786_1076366"
            ],
            [
                "All Fresh Vegetables",
                "/browse/food/all-fresh-vegetables/976759_1071964_976793_8910423_1814126"
            ],
            [
                "Canned Tomatoes",
                "/browse/food/canned-tomatoes/976759_976794_976785_2009430"
            ],
            [
                "Pasta Sauce",
                "/browse/food/pasta-sauce/976759_976794_2775278"
            ],
            [
                "Vegan Foods",
                "/browse/food/vegan-foods/976759_5004481_6794259"
            ],
            [
                "All Nuts, Dried Fruits and Healthy Snacks",
                "/browse/food/all-nuts-dried-fruits-healthy-snacks/976759_1071964_976793_6682547_7101504"
            ],
            [
                "Easy Kid's Dinners",
                "/browse/food/easy-kids-dinners/976759_1567409_7966149_9873756"
            ]
        ]
    },
    {
        "title": "Blue Diamond Almonds, Lightly Salted Almonds, 6 Oz",
        "url": "https://www.walmart.com/ip/Blue-Diamond-Almonds-Lightly-Salted-Almonds-6-Oz/19276104",
        "price": "$2.96",
        "stars": "4.8",
        "ratings": "96 ",
        "img": "i5.walmartimages.com/asr/4de80f65-00da-479b-8af9-c42572f817d3_1.ad387d5d8e75298274615c03ddc20f25.jpeg?odnWidth=612&odnHeight=612&odnBg=ffffff",
        "tags": [
            [
                "All Nuts, Trail Mix,& Seeds",
                "/browse/food/all-nuts-trail-mix-seeds/976759_976787_1001406_2615672"
            ],
            [
                "Nuts",
                "/browse/food/nuts/976759_976787_1001406_3488004"
            ],
            [
                "Planters Cashews",
                "/browse/food/planters-cashews/976759_976787_1001406_8305691_4118325"
            ],
            [
                "All Almonds",
                "/browse/food/all-almonds/976759_976787_1001406_3474924_6070199"
            ],
            [
                "All Nuts, Dried Fruits and Healthy Snacks",
                "/browse/food/all-nuts-dried-fruits-healthy-snacks/976759_1071964_976793_6682547_7101504"
            ],
            [
                "Roasted Almonds",
                "/browse/food/roasted-almonds/976759_976787_1001406_3474924_8901627"
            ],
            [
                "Mixed Nuts",
                "/browse/food/mixed-nuts/976759_976787_1001406_9012417"
            ]
        ]
    },
    {
        "title": "(6 pack) Hormel Compleats Rice & Chicken, 7.5 Ounce",
        "url": "https://www.walmart.com/ip/6-pack-Hormel-Compleats-Rice-Chicken-7-5-Ounce/267871494",
        "price": "$11.88",
        "stars": "3.8",
        "ratings": "236 ",
        "img": "i5.walmartimages.com/asr/1ebe255b-28ad-4ecb-af58-db22b1cac73b_1.13f30d139fec1653bf0511a264679e1c.jpeg?odnWidth=612&odnHeight=612&odnBg=ffffff",
        "tags": [
            [
                "Meat & Poultry",
                "/browse/food/meat-poultry/976759_976794_976785_1001347"
            ],
            [
                "Canned Ready to Eat Meals",
                "/browse/food/canned-ready-to-eat-meals/976759_976794_976785_1001348"
            ],
            [
                "Boxed Meals",
                "/browse/food/boxed-meals/976759_976794_6223225_1001477"
            ],
            [
                "All Meals and Sides",
                "/browse/food/all-meals-sides/976759_1071964_976789_2133672_1535108"
            ],
            [
                "Macaroni and Cheese",
                "/browse/food/macaroni-cheese/976759_976794_6223225_2271648"
            ],
            [
                "Hormel Chili",
                "/browse/food/hormel-chili/976759_976794_976785_7712162"
            ],
            [
                "Easy Kid's Dinners",
                "/browse/food/easy-kids-dinners/976759_1567409_7966149_9873756"
            ]
        ]
    },
    {
        "title": "Snack Pack Butterscotch Pudding Cups 4 Count",
        "url": "https://www.walmart.com/ip/Snack-Pack-Butterscotch-Pudding-Cups-4-Count/21296150",
        "price": "$1.00",
        "stars": "4.8",
        "ratings": "36 ",
        "img": "i5.walmartimages.com/asr/50f654d8-ad76-42c6-9fa8-685878e4f3d2_1.13a90b1b2f4c6ac86021a7d7ca2e98a4.jpeg?odnWidth=612&odnHeight=612&odnBg=ffffff",
        "tags": [
            [
                "Chilled Puddings",
                "/browse/food/chilled-puddings/976759_1071964_976788_3733198_1314363"
            ],
            [
                "Sugar-Free Food Essentials",
                "/browse/food/sugar-free-food-essentials/976759_1567409_2168938_8870296_1639022"
            ],
            [
                "All Fresh Fruit",
                "/browse/food/all-fresh-fruit/976759_1071964_976793_9756351_1759962"
            ],
            [
                "Bananas",
                "/browse/food/bananas/976759_1071964_976793_9756351_2787146"
            ],
            [
                "Easter Meal",
                "/browse/food/easter-meal/976759_1567409_7567150_3664825"
            ],
            [
                "Baking Ingredients",
                "/browse/food/baking-ingredients/976759_4143264_2535686_5948883_5994684"
            ],
            [
                "Easter Baking",
                "/browse/food/easter-baking/976759_1567409_2168938_2546479_6431277"
            ],
            [
                "Fat Free Food",
                "/browse/food/fat-free-food/976759_1567409_3170630_8672408"
            ]
        ]
    },
    {
        "title": "(4 pack) Campbell's Chunky Soup, Healthy Request Grilled Chicken & Sausage Gumbo, 18.8 Ounce Can",
        "url": "https://www.walmart.com/ip/4-pack-Campbell-s-Chunky-Soup-Healthy-Request-Grilled-Chicken-Sausage-Gumbo-18-8-Ounce-Can/920932533",
        "price": "$6.70",
        "stars": "4.3",
        "ratings": "80 ",
        "img": "",
        "tags": [
            [
                "Meat & Poultry",
                "/browse/food/meat-poultry/976759_976794_976785_1001347"
            ],
            [
                "Canned Ready to Eat Meals",
                "/browse/food/canned-ready-to-eat-meals/976759_976794_976785_1001348"
            ],
            [
                "All Meals and Sides",
                "/browse/food/all-meals-sides/976759_1071964_976789_2133672_1535108"
            ],
            [
                "Cold Weather Foods",
                "/browse/food/cold-weather-foods/976759_1567409_6592518_4011823"
            ],
            [
                "All Gametime Food",
                "/browse/food/all-gametime-food/976759_1567409_3282877_6093905"
            ],
            [
                "Condensed Soup",
                "/browse/food/condensed-soup/976759_976794_3901881_9352840"
            ],
            [
                "Canned Pasta",
                "/browse/food/canned-pasta/976759_976794_6223225_9403505"
            ],
            [
                "Game Time Meals and Sides",
                "/browse/food/game-time-meals-sides/976759_1567409_3282877_2930489_9821452"
            ]
        ]
    },
    {
        "title": "(2 Pack) Great Value Large Lima Beans, 16 oz",
        "url": "https://www.walmart.com/ip/2-Pack-Great-Value-Large-Lima-Beans-16-oz/47235120",
        "price": "$4.58",
        "stars": "4.3",
        "ratings": "72 ",
        "img": "i5.walmartimages.com/asr/09bca6fc-2270-4bca-b801-f34d5fdd8a0a_1.1fb68945047ca97c46f589fc303bb001.jpeg?odnWidth=612&odnHeight=612&odnBg=ffffff",
        "tags": [
            [
                "Beans",
                "/browse/food/beans/976759_976794_976785_1001341"
            ],
            [
                "All Fresh Vegetables",
                "/browse/food/all-fresh-vegetables/976759_1071964_976793_8910423_1814126"
            ],
            [
                "Low Sodium Foods",
                "/browse/food/low-sodium-foods/976759_5004481_6733659"
            ],
            [
                "Vegan Foods",
                "/browse/food/vegan-foods/976759_5004481_6794259"
            ],
            [
                "Meals Restock",
                "/browse/food/meals-restock/976759_1567409_2168938_1811730_6806516"
            ],
            [
                "Kosher Foods",
                "/browse/kosher-foods/976759_8925069"
            ],
            [
                "High Fiber Foods",
                "/browse/food/high-fiber-foods/976759_5004481_9339140"
            ]
        ]
    },
    {
        "title": "Great Value Freeze Dried Fruit Crisps, Variety Pack, 6 ct, 0.4 oz",
        "url": "https://www.walmart.com/ip/Great-Value-Freeze-Dried-Fruit-Crisps-Variety-Pack-6-ct-0-4-oz/559404794",
        "price": "$4.48",
        "stars": "3.8",
        "ratings": "19 ",
        "img": "i5.walmartimages.com/asr/94a888b2-bb55-4863-912c-c61694185902_2.b67e378c09f36a6aa1cf832fde8741c1.jpeg?odnWidth=612&odnHeight=612&odnBg=ffffff",
        "tags": [
            [
                "Fruit Chips and Crisps",
                "/browse/food/fruit-chips-crisps/976759_976787_4962467_2356650_1597739"
            ],
            [
                "Freeze Dried Fruit",
                "/browse/food/freeze-dried-fruit/976759_976787_4962467_2356650_1763313"
            ],
            [
                "Trail Mixes and Healthy Snacks",
                "/browse/food/trail-mixes-healthy-snacks/976759_1071964_976793_6682547_2536517"
            ],
            [
                "Dried Fruits and Vegetables",
                "/browse/food/dried-fruits-vegetables/976759_1071964_976793_6682547_2657263"
            ],
            [
                "All Fruit Types",
                "/browse/food/all-fruit-types/976759_976787_4962467_2356650_6330824"
            ],
            [
                "All Nuts, Dried Fruits and Healthy Snacks",
                "/browse/food/all-nuts-dried-fruits-healthy-snacks/976759_1071964_976793_6682547_7101504"
            ],
            [
                "Brothers All Natural",
                "/browse/food/brothers-all-natural/976759_976787_4962467_2025492_7671157"
            ],
            [
                "Trail Mix",
                "/browse/food/trail-mix/976759_976787_1001406_7771097"
            ]
        ]
    },
    {
        "title": "BIGS Vlasic Dill Pickle Sunflower Seeds 5.35-oz. Bag",
        "url": "https://www.walmart.com/ip/BIGS-Vlasic-Dill-Pickle-Sunflower-Seeds-5-35-oz-Bag/46161843",
        "price": "$1.58",
        "stars": "4.3",
        "ratings": "39 ",
        "img": "i5.walmartimages.com/asr/ed067de8-86b7-424c-8684-7e5c6b660849_1.176a7cd793c18e894348af3eaadad4d4.jpeg?odnWidth=612&odnHeight=612&odnBg=ffffff",
        "tags": [
            [
                "All Nuts, Trail Mix,& Seeds",
                "/browse/food/all-nuts-trail-mix-seeds/976759_976787_1001406_2615672"
            ],
            [
                "Nuts",
                "/browse/food/nuts/976759_976787_1001406_3488004"
            ],
            [
                "Granola Bars",
                "/browse/food/granola-bars/976759_976787_1044154_5006109"
            ],
            [
                "Pumpkin Seeds",
                "/browse/food/pumpkin-seeds/976759_976787_1001406_7339625_7068006"
            ],
            [
                "All Nuts, Dried Fruits and Healthy Snacks",
                "/browse/food/all-nuts-dried-fruits-healthy-snacks/976759_1071964_976793_6682547_7101504"
            ],
            [
                "On-The-Go New Year New You Foods",
                "/browse/food/on-the-go-new-year-new-you-foods/976759_1567409_3170630_7175981"
            ],
            [
                "Fiber One Breakfast & Snack Bars",
                "/browse/food/fiber-one-breakfast-snack-bars/976759_976783_7968162"
            ]
        ]
    },
    {
        "title": "Muscle Milk Genuine Protein Shake, 25g Protein, Chocolate, 11 Fl Oz, 4 Count",
        "url": "https://www.walmart.com/ip/Muscle-Milk-Genuine-Protein-Shake-25g-Protein-Chocolate-11-Fl-Oz-4-Count/13308433",
        "price": "$5.77",
        "stars": "4.5",
        "ratings": "139 ",
        "img": "i5.walmartimages.com/asr/fa4217b0-5843-479d-a6c5-6be3682eea39.363e1e80b98d96bb4169e5d66b05c9dc.jpeg?odnWidth=612&odnHeight=612&odnBg=ffffff",
        "tags": [
            [
                "Eat High Protein Diet",
                "/browse/health/eat-high-protein-diet/976760_7207516_3867899_2349917_1339165"
            ],
            [
                "Protein Shakes, Bars & Energy Drinks",
                "/browse/health/protein-shakes-bars-energy-drinks/976760_9035881_9006282_2339462"
            ],
            [
                "Protein Drinks",
                "/browse/health/protein-drinks/976760_1166769_3205404"
            ],
            [
                "Protein On the Go",
                "/browse/health/protein-on-the-go/976760_1166769_5193040"
            ],
            [
                "Fuel Your Body",
                "/browse/health/fuel-your-body/976760_9035881_5814720"
            ],
            [
                "Muscle Milk Protein Shake",
                "/browse/health/muscle-milk-protein-shake/976760_1166769_7593504_6838214"
            ],
            [
                "Add Protein to Build Muscle",
                "/browse/health/add-protein-to-build-muscle/976760_7207516_1424368_5124640_7240818"
            ],
            [
                "All Protein Supplements",
                "/browse/health/all-protein-supplements/976760_1166769_9231506"
            ]
        ]
    },
    {
        "title": "Herdez Guacamole Salsa, Medium, 15.7 Oz",
        "url": "https://www.walmart.com/ip/Herdez-Guacamole-Salsa-Medium-15-7-Oz/51348482",
        "price": "$2.38",
        "stars": "3.9",
        "ratings": "133 ",
        "img": "",
        "tags": [
            [
                "All Fresh Packaged Salads, Dressings and Dips",
                "/browse/food/all-fresh-packaged-salads-dressings-dips/976759_1071964_976793_9538337_3695434"
            ],
            [
                "All Salsas",
                "/browse/food/all-salsas/976759_976787_1001393_7109351_3919898"
            ],
            [
                "Pace Salsa",
                "/browse/food/pace-salsa/976759_976787_1001393_7109351_4353013"
            ],
            [
                "All Dips & Spreads",
                "/browse/food/all-dips-spreads/976759_976787_1001393_7832203"
            ],
            [
                "Salsa and Dips",
                "/browse/food/salsa-dips/976759_1071964_976793_9538337_9157112"
            ],
            [
                "Latin American Sauces, Condiments & Cooking Needs",
                "/browse/food/latin-american-sauces-condiments-cooking-needs/976759_5148628_1228025_1228103_9954329"
            ]
        ]
    }
]