[
    {
        "title": "Marinela Pinguinos Creme Filled Chocolate Cupcakes, 8 Snack Cakes",
        "url": "https://www.walmart.com/ip/Marinela-Pinguinos-Creme-Filled-Chocolate-Cupcakes-8-Snack-Cakes/25420427",
        "price": "$10.50",
        "stars": "4.0",
        "ratings": "6 ",
        "img": "i5.walmartimages.com/asr/20c2cc71-234d-4b22-8ff2-a7d3ad0bf712.a5341c9048e844dc33786e258f8b7d31.jpeg?odnWidth=612&odnHeight=612&odnBg=ffffff",
        "tags": [
            [
                "All Cookies",
                "/browse/food/all-cookies/976759_976787_1001391_1592885"
            ],
            [
                "Shop All Cookies",
                "/browse/food/shop-all-cookies/976759_976787_1001391_2392263"
            ],
            [
                "Snack Packs",
                "/browse/food/snack-packs/976759_976787_1001390_6288637_2743638"
            ],
            [
                "Lunchbox Favorites",
                "/browse/food/lunchbox-favorites/976759_976787_7186343"
            ],
            [
                "Shop Kellogg's",
                "/browse/shop-kelloggs/976759_7786229"
            ],
            [
                "All Snack Cakes",
                "/browse/food/all-snack-cakes/976759_1071964_976779_9657002_9054461"
            ],
            [
                "Nutella",
                "/browse/food/nutella/976759_976786_1018820_9531725"
            ]
        ]
    },
    {
        "title": "(3 Pack) Ken's Steakhouse Dressing, Russian, 16 Fl Oz",
        "url": "https://www.walmart.com/ip/3-Pack-Ken-s-Steakhouse-Dressing-Russian-16-Fl-Oz/47230499",
        "price": "$7.71",
        "stars": "4.7",
        "ratings": "14 ",
        "img": "",
        "tags": [
            [
                "Ranch Dressing",
                "/browse/food/ranch-dressing/976759_976786_5730644_1345093"
            ],
            [
                "Thousand Island Dressing",
                "/browse/food/thousand-island-dressing/976759_976786_5730644_2227127"
            ],
            [
                "All Fresh Packaged Salads, Dressings and Dips",
                "/browse/food/all-fresh-packaged-salads-dressings-dips/976759_1071964_976793_9538337_3695434"
            ],
            [
                "Caesar Dressing",
                "/browse/food/caesar-dressing/976759_976786_5730644_3729388"
            ],
            [
                "Specialty Dressing",
                "/browse/food/specialty-dressing/976759_976786_5730644_4547303"
            ],
            [
                "French Dressing",
                "/browse/food/french-dressing/976759_976786_5730644_9235971"
            ],
            [
                "Dressings & Marinades",
                "/browse/food/dressings-marinades/976759_976786_9696846_3225715_9994967"
            ]
        ]
    },
    {
        "title": "Dole California Dates, Pitted, 8 oz",
        "url": "https://www.walmart.com/ip/Dole-California-Dates-Pitted-8-oz/55317047",
        "price": "$3.98",
        "stars": "4.2",
        "ratings": "115 ",
        "img": "i5.walmartimages.com/asr/59f8e989-8ca5-4623-9e1a-f364c9d2c9cb_1.4f72ec6bda2ff54fd748bc269bd17d36.jpeg?odnWidth=612&odnHeight=612&odnBg=ffffff",
        "tags": [
            [
                "Tropical Fruits",
                "/browse/food/tropical-fruits/976759_1071964_976793_9756351_1815247"
            ],
            [
                "Dried Fruits and Vegetables",
                "/browse/food/dried-fruits-vegetables/976759_1071964_976793_6682547_2657263"
            ],
            [
                "All Fruit Types",
                "/browse/food/all-fruit-types/976759_976787_4962467_2356650_6330824"
            ],
            [
                "All Nuts, Dried Fruits and Healthy Snacks",
                "/browse/food/all-nuts-dried-fruits-healthy-snacks/976759_1071964_976793_6682547_7101504"
            ],
            [
                "Dates",
                "/browse/food/dates/976759_976787_4962467_2356650_8099720"
            ],
            [
                "Made in Nature",
                "/browse/food/made-in-nature/976759_976787_4962467_2025492_8389106"
            ],
            [
                "New Dried Fruits",
                "/browse/food/new-dried-fruits/976759_976787_4962467_8466181"
            ],
            [
                "Organic Dried Fruits",
                "/browse/food/organic-dried-fruits/976759_976787_4962467_9452082"
            ]
        ]
    },
    {
        "title": "Casa Sanchez Foods: Medium Salsa Roja, 15 Oz",
        "url": "https://www.walmart.com/ip/Casa-Sanchez-Foods-Medium-Salsa-Roja-15-Oz/604372633",
        "price": "$19.99",
        "stars": 0,
        "ratings": 0,
        "img": "",
        "tags": [
            [
                "All Chilled Hummus, Dips and Salsas",
                "/browse/food/all-chilled-hummus-dips-salsas/976759_1071964_976789_7056897_2830800"
            ],
            [
                "All Fresh Packaged Salads, Dressings and Dips",
                "/browse/food/all-fresh-packaged-salads-dressings-dips/976759_1071964_976793_9538337_3695434"
            ],
            [
                "All Salsas",
                "/browse/food/all-salsas/976759_976787_1001393_7109351_3919898"
            ],
            [
                "Chilled Dips",
                "/browse/food/chilled-dips/976759_1071964_976788_7062976"
            ],
            [
                "All Dips & Spreads",
                "/browse/food/all-dips-spreads/976759_976787_1001393_7832203"
            ],
            [
                "Latin American Sauces, Condiments & Cooking Needs",
                "/browse/food/latin-american-sauces-condiments-cooking-needs/976759_5148628_1228025_1228103_9954329"
            ]
        ]
    },
    {
        "title": "(12 Pack) American Beauty Large Elbows 24 Oz Bag",
        "url": "https://www.walmart.com/ip/12-Pack-American-Beauty-Large-Elbows-24-Oz-Bag/809226835",
        "price": "$18.72",
        "stars": "5.0",
        "ratings": "6 ",
        "img": "i5.walmartimages.com/asr/2494c8dd-d412-4c29-bc0c-969873a225c9_1.cf00be45c8a2dc1541eeeab5d5a3be28.jpeg?odnWidth=612&odnHeight=612&odnBg=ffffff",
        "tags": [
            [
                "Sauces",
                "/browse/food/sauces/976759_976786_1076366"
            ],
            [
                "All Meals and Sides",
                "/browse/food/all-meals-sides/976759_1071964_976789_2133672_1535108"
            ],
            [
                "No Sugar Foods",
                "/browse/food/no-sugar-foods/976759_5004481_1858214"
            ],
            [
                "Nut Free Foods",
                "/browse/food/nut-free-foods/976759_5004481_5679034"
            ],
            [
                "Low Sodium Foods",
                "/browse/food/low-sodium-foods/976759_5004481_6733659"
            ],
            [
                "Dairy Free Foods",
                "/browse/food/dairy-free-foods/976759_5004481_7941405"
            ],
            [
                "Kosher Foods",
                "/browse/kosher-foods/976759_8925069"
            ],
            [
                "Easy Kid's Dinners",
                "/browse/food/easy-kids-dinners/976759_1567409_7966149_9873756"
            ]
        ]
    },
    {
        "title": "Sonic Banana Shake Pudding, 4 serve",
        "url": "https://www.walmart.com/ip/Sonic-Banana-Shake-Pudding-4-serve/856074042",
        "price": "$1.16",
        "stars": "4.5",
        "ratings": "4 ",
        "img": "i5.walmartimages.com/asr/4dd6c620-dedf-42b6-8b28-707ad4345b8d_1.dfa5b6634a26a40d00dd91cd1bb5c1e7.png?odnWidth=612&odnHeight=612&odnBg=ffffff",
        "tags": [
            [
                "Pudding & Gelatin",
                "/browse/food/pudding-gelatin/976759_976787_1001471"
            ],
            [
                "Cakes & Cupcakes",
                "/browse/food/cakes-cupcakes/976759_1071964_976779_1044106"
            ],
            [
                "Pie Fillings",
                "/browse/food/pie-fillings/976759_976780_2881195_1044161"
            ],
            [
                "Kosher Beverages",
                "/browse/food/kosher-beverages/976759_7715306_3244961"
            ],
            [
                "Tea Bags",
                "/browse/food/tea-bags/976759_976782_1001320_4408773"
            ],
            [
                "Birthday Cake Mix",
                "/browse/food/birthday-cake-mix/976759_976780_1001368_8292847_4578163"
            ],
            [
                "Black Tea",
                "/browse/food/black-tea/976759_976782_1001320_4739102"
            ],
            [
                "Chilled Gelatins",
                "/browse/food/chilled-gelatins/976759_1071964_976788_3733198_4921976"
            ]
        ]
    },
    {
        "title": "Tessemae's Organic No Sugar Added Cilantro Ranch Dressing & Marinade, 10 fl oz",
        "url": "https://www.walmart.com/ip/Tessemae-s-Organic-No-Sugar-Added-Cilantro-Ranch-Dressing-Marinade-10-fl-oz/949149748",
        "price": "$3.97",
        "stars": "4.6",
        "ratings": "73 ",
        "img": "i5.walmartimages.com/asr/dd0712f3-496e-4635-98a6-4da1bd7a4b0a.e26a4a5e3cc34d985e8a3972f491c476.jpeg?odnWidth=612&odnHeight=612&odnBg=ffffff",
        "tags": [
            [
                "Shop All Salad Dressings",
                "/browse/food/shop-all-salad-dressings/976759_976786_5730644_1001365"
            ],
            [
                "Ranch Dressing",
                "/browse/food/ranch-dressing/976759_976786_5730644_1345093"
            ],
            [
                "Condiments & Salad Dressing",
                "/browse/food/condiments-salad-dressing/976759_4143264_2535686_3978835_2015786"
            ],
            [
                "All Fresh Packaged Salads, Dressings and Dips",
                "/browse/food/all-fresh-packaged-salads-dressings-dips/976759_1071964_976793_9538337_3695434"
            ],
            [
                "Primal Kitchen Salad Dressing",
                "/browse/food/primal-kitchen-salad-dressing/976759_976786_5730644_4402213"
            ],
            [
                "Specialty Dressing",
                "/browse/food/specialty-dressing/976759_976786_5730644_4547303"
            ],
            [
                "Dairy Free Foods",
                "/browse/food/dairy-free-foods/976759_5004481_7941405"
            ],
            [
                "Dressings & Marinades",
                "/browse/food/dressings-marinades/976759_976786_9696846_3225715_9994967"
            ]
        ]
    },
    {
        "title": "(3 Pack) Good Seasons Italian with Cruet Salad Dressing & Recipe Mix, 2 - 0.7 Oz Boxes",
        "url": "https://www.walmart.com/ip/3-Pack-Good-Seasons-Italian-with-Cruet-Salad-Dressing-Recipe-Mix-2-0-7-Oz-Boxes/47230411",
        "price": "$8.12",
        "stars": "4.6",
        "ratings": "69 ",
        "img": "i5.walmartimages.com/asr/475e0bed-729d-4c1e-a91e-3c8ef4f25673_2.3cda371e3a04b45bbb2085e067b16f31.jpeg?odnWidth=612&odnHeight=612&odnBg=ffffff",
        "tags": [
            [
                "Shop All Salad Dressings",
                "/browse/food/shop-all-salad-dressings/976759_976786_5730644_1001365"
            ],
            [
                "Thousand Island Dressing",
                "/browse/food/thousand-island-dressing/976759_976786_5730644_2227127"
            ],
            [
                "Italian Dressing",
                "/browse/food/italian-dressing/976759_976786_5730644_3178690"
            ],
            [
                "All Fresh Packaged Salads, Dressings and Dips",
                "/browse/food/all-fresh-packaged-salads-dressings-dips/976759_1071964_976793_9538337_3695434"
            ],
            [
                "Hidden Valley Ranch",
                "/browse/food/hidden-valley-ranch/976759_976786_5730644_3791260"
            ],
            [
                "Nut Free Foods",
                "/browse/food/nut-free-foods/976759_5004481_5679034"
            ],
            [
                "Dairy Free Foods",
                "/browse/food/dairy-free-foods/976759_5004481_7941405"
            ],
            [
                "Dressings & Marinades",
                "/browse/food/dressings-marinades/976759_976786_9696846_3225715_9994967"
            ]
        ]
    },
    {
        "title": "(6 Pack) Lipton Onion Flavor Recipe Secrets Soup and Dip Mix 2 oz",
        "url": "https://www.walmart.com/ip/6-Pack-Lipton-Onion-Flavor-Recipe-Secrets-Soup-and-Dip-Mix-2-oz/475076487",
        "price": "$7.76",
        "stars": "4.9",
        "ratings": "32 ",
        "img": "i5.walmartimages.com/asr/3f3cc27c-5eaf-4992-bb36-e4cf3683b443_1.46e0b6a8f55fe5c901b1e5c5c5ba7dc1.jpeg?odnWidth=612&odnHeight=612&odnBg=ffffff",
        "tags": [
            [
                "All Soup",
                "/browse/food/all-soup/976759_976794_3901881_1001359"
            ],
            [
                "Hidden Valley Ranch",
                "/browse/food/hidden-valley-ranch/976759_976786_5730644_3791260"
            ],
            [
                "Cold Weather Foods",
                "/browse/food/cold-weather-foods/976759_1567409_6592518_4011823"
            ],
            [
                "Chilled Dips",
                "/browse/food/chilled-dips/976759_1071964_976788_7062976"
            ],
            [
                "All Gravies",
                "/browse/food/all-gravies/976759_976786_1526042_7441926"
            ],
            [
                "All Dips & Spreads",
                "/browse/food/all-dips-spreads/976759_976787_1001393_7832203"
            ],
            [
                "Condensed Soup",
                "/browse/food/condensed-soup/976759_976794_3901881_9352840"
            ],
            [
                "Vegetable Dips",
                "/browse/food/vegetable-dips/976759_976787_1001393_9915594"
            ]
        ]
    },
    {
        "title": "(Pack of 6) Silk Shelf-Stable Unsweetened Vanilla Almondmilk, 1 Quart",
        "url": "https://www.walmart.com/ip/Pack-of-6-Silk-Shelf-Stable-Unsweetened-Vanilla-Almondmilk-1-Quart/130680705",
        "price": "$12.49",
        "stars": "4.7",
        "ratings": "247 ",
        "img": "i5.walmartimages.com/asr/46afce0f-6f38-476b-b380-12b0d571e750.e850bf284a24168a95b26e321e9400cd.jpeg?odnWidth=612&odnHeight=612&odnBg=ffffff",
        "tags": [
            [
                "Plant Based Breakfast Foods",
                "/browse/food/plant-based-breakfast-foods/976759_5148628_4583057_2468673_2574287"
            ],
            [
                "Almond Milk",
                "/browse/food/almond-milk/976759_976782_8649877_3226399"
            ],
            [
                "Silk",
                "/browse/food/silk/976759_976782_8649877_3107987_4425891"
            ],
            [
                "Plant-Based Milk",
                "/browse/food/plant-based-milk/976759_976782_8649877_4681354"
            ],
            [
                "Unsweetened Milk",
                "/browse/food/unsweetened-milk/976759_976782_8649877_6608960"
            ],
            [
                "Plant Based Baking Needs",
                "/browse/food/plant-based-baking-needs/976759_5148628_4583057_2468673_6805759"
            ],
            [
                "Plant Based Beverages",
                "/browse/food/plant-based-beverages/976759_5148628_4583057_2468673_9776610"
            ],
            [
                "Almond Breeze",
                "/browse/food/almond-breeze/976759_976782_8649877_3107987_9952135"
            ]
        ]
    }
]