[
    {
        "title": "(2 Pack) Kool-Aid Sugar Sweetened Cherry Powdered Soft Drink, 19 oz Jar",
        "url": "https://www.walmart.com/ip/2-Pack-Kool-Aid-Sugar-Sweetened-Cherry-Powdered-Soft-Drink-19-oz-Jar/445710540",
        "price": "$6.26",
        "stars": "4.7",
        "ratings": "278 ",
        "img": "i5.walmartimages.com/asr/740edb63-90dd-453c-8fbb-f199a887a5c0_2.5a1fd9e35523dc319d25c152665d1324.jpeg?odnWidth=612&odnHeight=612&odnBg=ffffff",
        "tags": [
            [
                "Lemonade Mixes",
                "/browse/food/lemonade-mixes/976759_976782_1001683_1523809"
            ],
            [
                "Country Time Lemonade Mix",
                "/browse/food/country-time-lemonade-mix/976759_976782_1001683_2161163"
            ],
            [
                "Kool-Aid Water Enhancer",
                "/browse/food/kool-aid-water-enhancer/976759_976782_1228026_2916372"
            ],
            [
                "All Water Flavoring",
                "/browse/food/all-water-flavoring/976759_976782_1228026_3989315"
            ],
            [
                "All Powdered Drink Mix",
                "/browse/food/all-powdered-drink-mix/976759_976782_1001683_6396648"
            ],
            [
                "Lemonade Powder",
                "/browse/food/lemonade-powder/976759_976782_1001683_6409542"
            ],
            [
                "Kool Aid",
                "/browse/food/kool-aid/976759_976782_1001683_7987987"
            ]
        ]
    },
    {
        "title": "AHA Sparkling Water, Strawberry Cucumber Flavored Water, Zero Calories, Sodium Free, No Sweeteners, 12 fl oz, 8 Pack",
        "url": "https://www.walmart.com/ip/AHA-Sparkling-Water-Strawberry-Cucumber-Flavored-Water-Zero-Calories-Sodium-Free-No-Sweeteners-12-fl-oz-8-Pack/398183496",
        "price": "$3.38",
        "stars": "4.5",
        "ratings": "23 ",
        "img": "i5.walmartimages.com/asr/36d607c6-f018-4929-91af-79e4fcfdc08b.df2a9f04de1a5d482fdb0c668ec5505c.jpeg?odnWidth=612&odnHeight=612&odnBg=ffffff",
        "tags": [
            [
                "All Sparkling Water",
                "/browse/food/all-sparkling-water/976759_976782_1001659_1508098_1398631"
            ],
            [
                "Summer Grilling Beverages",
                "/browse/food/summer-grilling-beverages/976759_1567409_8808777_2541298"
            ],
            [
                "All Waters",
                "/browse/food/all-waters/976759_976782_1001659_2562373"
            ],
            [
                "La Croix",
                "/browse/food/la-croix/976759_976782_1001659_4677433"
            ],
            [
                "Bottled Water",
                "/browse/food/bottled-water/976759_976782_1001659_5912172"
            ],
            [
                "Enhanced Water",
                "/browse/food/enhanced-water/976759_976782_5795119_5961524"
            ],
            [
                "All New Food",
                "/browse/food/all-new-food/976759_4143264_8102846"
            ],
            [
                "All Flavored Water",
                "/browse/food/all-flavored-water/976759_976782_1001659_5544934_8435582"
            ]
        ]
    },
    {
        "title": "(8 Count) Gatorade Frost Thirst Quencher Sports Drink, Arctic Blitz, 20 fl oz",
        "url": "https://www.walmart.com/ip/8-Count-Gatorade-Frost-Thirst-Quencher-Sports-Drink-Arctic-Blitz-20-fl-oz/51778224",
        "price": "$4.98",
        "stars": "4.8",
        "ratings": "41 ",
        "img": "i5.walmartimages.com/asr/c4b2c731-390e-47d4-91b8-d82171600e53_1.d5cc47ebb73369491a159d4d56c5c29a.jpeg?odnWidth=612&odnHeight=612&odnBg=ffffff",
        "tags": [
            [
                "Summer Grilling Beverages",
                "/browse/food/summer-grilling-beverages/976759_1567409_8808777_2541298"
            ],
            [
                "All Sports Drinks",
                "/browse/food/all-sports-drinks/976759_976782_1001682_5168642"
            ],
            [
                "Bottled Water",
                "/browse/food/bottled-water/976759_976782_1001659_5912172"
            ],
            [
                "Protein & Electrolytes",
                "/browse/food/protein-electrolytes/976759_976782_5795119_5913425"
            ],
            [
                "Sports & Energy",
                "/browse/food/sports-energy/976759_976782_5795119_6770310"
            ],
            [
                "Pepsi Beverages",
                "/browse/food/pepsi-beverages/976759_976782_8673018"
            ],
            [
                "Powerade",
                "/browse/food/powerade/976759_976782_1001682_9978042"
            ]
        ]
    },
    {
        "title": "Great Value Organic Arabica Half Caff Medium Ground Coffee, 0.33 oz, 12 count",
        "url": "https://www.walmart.com/ip/Great-Value-Organic-Arabica-Half-Caff-Medium-Ground-Coffee-0-33-oz-12-count/588571124",
        "price": "$3.92",
        "stars": "4.7",
        "ratings": "110 ",
        "img": "i5.walmartimages.com/asr/0d3d10dd-ee8e-4b37-8b0e-913620d2724f_1.aacc9f05cc2fe00f6186f4049da1c6ab.jpeg?odnWidth=612&odnHeight=612&odnBg=ffffff",
        "tags": [
            [
                "Organic Foods",
                "/browse/food/organic-foods/976759_1228024_1228017"
            ],
            [
                "Arabica Coffee",
                "/browse/food/arabica-coffee/976759_1086446_2559085"
            ],
            [
                "Cold Weather Beverages",
                "/browse/food/cold-weather-beverages/976759_1567409_6592518_4126576"
            ],
            [
                "Coffee & Coffee Pods",
                "/browse/food/coffee-coffee-pods/976759_1086446_7238690"
            ],
            [
                "Keurig K-Cups & Coffee Pods",
                "/browse/food/keurig-k-cups-coffee-pods/976759_1086446_8135897"
            ],
            [
                "Gaming Snacks & Drinks",
                "/browse/food/gaming-snacks-drinks/976759_1567409_8254504"
            ],
            [
                "Decaf K Cups",
                "/browse/food/decaf-k-cups/976759_1086446_2901896_9161249"
            ],
            [
                "All Decaf Coffee",
                "/browse/food/all-decaf-coffee/976759_1086446_2901896_9623975"
            ]
        ]
    },
    {
        "title": "Essentia Water; Better Rehydration* 1 Liter Bottles, Case of 6",
        "url": "https://www.walmart.com/ip/Essentia-Water-Better-Rehydration-1-Liter-Bottles-Case-of-6/36327075",
        "price": "$9.98",
        "stars": "4.7",
        "ratings": "12 ",
        "img": "",
        "tags": [
            [
                "All Waters",
                "/browse/food/all-waters/976759_976782_1001659_2562373"
            ],
            [
                "Bottled Water",
                "/browse/food/bottled-water/976759_976782_1001659_5912172"
            ],
            [
                "Essentia Bottled Water",
                "/browse/food/essentia-bottled-water/976759_976782_1001659_7010280"
            ],
            [
                "Home Workout Snacks and Beverages",
                "/browse/food/home-workout-snacks-beverages/976759_1567409_7702434"
            ],
            [
                "Purified Water",
                "/browse/food/purified-water/976759_976782_1001659_7866501"
            ],
            [
                "Beauty Supplements and Beverages",
                "/browse/food/beauty-supplements-beverages/976759_1567409_3170630_8948107"
            ]
        ]
    },
    {
        "title": "Caf\u00e9 Bustelo Espresso Ground Coffee, Dark Roast, 36-Ounce Canister",
        "url": "https://www.walmart.com/ip/Caf-Bustelo-Espresso-Ground-Coffee-Dark-Roast-36-Ounce-Canister/10543895",
        "price": "$12.24",
        "stars": "4.8",
        "ratings": "511 ",
        "img": "i5.walmartimages.com/asr/416e3034-481a-4a13-b63b-6dfa27afadaa_1.78d11aeb4e11c037dbfad455bb990d54.jpeg?odnWidth=612&odnHeight=612&odnBg=ffffff",
        "tags": [
            [
                "Folgers Ground Coffee",
                "/browse/food/folgers-ground-coffee/976759_1086446_3100047_1674140"
            ],
            [
                "Cafe Bustelo Ground Coffee",
                "/browse/food/cafe-bustelo-ground-coffee/976759_1086446_7145434_2974338"
            ],
            [
                "Cold Weather Beverages",
                "/browse/food/cold-weather-beverages/976759_1567409_6592518_4126576"
            ],
            [
                "Espresso",
                "/browse/food/espresso/976759_1086446_4366064"
            ],
            [
                "Cuban Coffee",
                "/browse/food/cuban-coffee/976759_1086446_5303199"
            ],
            [
                "All Cafe Bustelo",
                "/browse/food/all-cafe-bustelo/976759_1086446_7145434_6924474"
            ],
            [
                "Coffee & Coffee Pods",
                "/browse/food/coffee-coffee-pods/976759_1086446_7238690"
            ],
            [
                "All Folgers Coffee",
                "/browse/food/all-folgers-coffee/976759_1086446_3100047_8271556"
            ]
        ]
    },
    {
        "title": "(4 Pack) Capri Sun 100% Juice Apple Ready-to-Drink Soft Drink, 10 - 6 fl oz Pouches",
        "url": "https://www.walmart.com/ip/4-Pack-Capri-Sun-100-Juice-Apple-Ready-to-Drink-Soft-Drink-10-6-fl-oz-Pouches/47237761",
        "price": "$11.92",
        "stars": "4.7",
        "ratings": "425 ",
        "img": "",
        "tags": [
            [
                "Summer Grilling Beverages",
                "/browse/food/summer-grilling-beverages/976759_1567409_8808777_2541298"
            ],
            [
                "Capri Sun",
                "/browse/food/capri-sun/976759_976782_1001321_3691361"
            ],
            [
                "Kid's Breakfast",
                "/browse/food/kids-breakfast/976759_1567409_7966149_6779439"
            ],
            [
                "Juicy Juice",
                "/browse/food/juicy-juice/976759_976782_1001321_6815860"
            ],
            [
                "Kid's Lunches",
                "/browse/food/kids-lunches/976759_1567409_7966149_7561098"
            ],
            [
                "All Juices",
                "/browse/food/all-juices/976759_976782_1001321_8981297"
            ],
            [
                "Apple Juice",
                "/browse/food/apple-juice/976759_976782_1001321_9302436"
            ]
        ]
    },
    {
        "title": "BODYARMOR Sports Drink, Fruit Punch, 12 fl oz, 8 count",
        "url": "https://www.walmart.com/ip/BODYARMOR-Sports-Drink-Fruit-Punch-12-fl-oz-8-count/850562562",
        "price": "$5.98",
        "stars": "4.8",
        "ratings": "98 ",
        "img": "i5.walmartimages.com/asr/4e71caee-9d42-4f61-a98e-611197cb365e.2f3f136c7e2df2febc7c816430241e3f.jpeg?odnWidth=612&odnHeight=612&odnBg=ffffff",
        "tags": [
            [
                "Bodyarmor",
                "/browse/food/bodyarmor/976759_976782_1001682_2184342"
            ],
            [
                "All Waters",
                "/browse/food/all-waters/976759_976782_1001659_2562373"
            ],
            [
                "Bottled Water",
                "/browse/food/bottled-water/976759_976782_1001659_5912172"
            ],
            [
                "Protein & Electrolytes",
                "/browse/food/protein-electrolytes/976759_976782_5795119_5913425"
            ],
            [
                "Sports & Energy",
                "/browse/food/sports-energy/976759_976782_5795119_6770310"
            ],
            [
                "Home Workout Snacks and Beverages",
                "/browse/food/home-workout-snacks-beverages/976759_1567409_7702434"
            ],
            [
                "Gatorade",
                "/browse/food/gatorade/976759_976782_1001682_8181291"
            ],
            [
                "Pepsi Beverages",
                "/browse/food/pepsi-beverages/976759_976782_8673018"
            ]
        ]
    },
    {
        "title": "Sparkling Ice\u00ae Variety Pack, 17 Fl Oz, 12 Count (Grape Raspberry, Strawberry Watermelon, Classic Lemonade, Lemon Lime)",
        "url": "https://www.walmart.com/ip/Sparkling-Ice-Variety-Pack-17-Fl-Oz-12-Count-Grape-Raspberry-Strawberry-Watermelon-Classic-Lemonade-Lemon-Lime/618205718",
        "price": "$9.98",
        "stars": "5.0",
        "ratings": "17 ",
        "img": "i5.walmartimages.com/asr/9e941fe1-d3ef-46f5-ba4e-02d7ccdd2274_1.5bfd400a3df9ec54652dc2fe6e635334.jpeg?odnWidth=612&odnHeight=612&odnBg=ffffff",
        "tags": [
            [
                "All Sparkling Water",
                "/browse/food/all-sparkling-water/976759_976782_1001659_1508098_1398631"
            ],
            [
                "Summer Grilling Beverages",
                "/browse/food/summer-grilling-beverages/976759_1567409_8808777_2541298"
            ],
            [
                "Movie Night Foods and Drinks",
                "/browse/food/movie-night-foods-drinks/976759_976787_4460428"
            ],
            [
                "Gametime Drinks",
                "/browse/food/gametime-drinks/976759_1567409_3282877_4546166"
            ],
            [
                "All Gametime Food",
                "/browse/food/all-gametime-food/976759_1567409_3282877_6093905"
            ],
            [
                "All Soda Pop",
                "/browse/food/all-soda-pop/976759_976782_1001680_6405792"
            ],
            [
                "Lemonade Drinks",
                "/browse/food/lemonade-drinks/976759_976782_8445321"
            ]
        ]
    },
    {
        "title": "(2 Pack) Great Value Cherry Limeade Drink Enhancer, 1.62 fl oz",
        "url": "https://www.walmart.com/ip/2-Pack-Great-Value-Cherry-Limeade-Drink-Enhancer-1-62-fl-oz/367190571",
        "price": "$4.96",
        "stars": "4.7",
        "ratings": "65 ",
        "img": "i5.walmartimages.com/asr/1ac08e55-a579-4889-9434-3c7398616e39_2.f09fca4d974597521100d625d4e3332b.png?odnWidth=612&odnHeight=612&odnBg=ffffff",
        "tags": [
            [
                "Lemonade Mixes",
                "/browse/food/lemonade-mixes/976759_976782_1001683_1523809"
            ],
            [
                "Crystal Light Powdered Drink Mixes",
                "/browse/food/crystal-light-powdered-drink-mixes/976759_976782_1001683_1642912"
            ],
            [
                "MiO",
                "/browse/food/mio/976759_976782_1228026_3661362"
            ],
            [
                "All Water Flavoring",
                "/browse/food/all-water-flavoring/976759_976782_1228026_3989315"
            ],
            [
                "Low Calorie Foods",
                "/browse/food/low-calorie-foods/976759_5004481_6036545"
            ],
            [
                "Lemonade Powder",
                "/browse/food/lemonade-powder/976759_976782_1001683_6409542"
            ],
            [
                "Lemonade Drinks",
                "/browse/food/lemonade-drinks/976759_976782_8445321"
            ]
        ]
    }
]