[
    {
        "title": "Jack Links Bacon Jerky, Hickory Smoked, 2.5oz",
        "url": "https://www.walmart.com/ip/Jack-Links-Bacon-Jerky-Hickory-Smoked-2-5oz/188418682",
        "price": "$3.98",
        "stars": "4.8",
        "ratings": "92 ",
        "img": "i5.walmartimages.com/asr/0095342b-c5ca-4f77-af59-3f166b055357_1.f0c1cac7d6dc394d9d2bdca680c4270a.jpeg?odnWidth=612&odnHeight=612&odnBg=ffffff",
        "tags": [
            [
                "Lunchbox Jerky",
                "/browse/food/lunchbox-jerky/976759_976787_1001405_2350843"
            ],
            [
                "All Beef Jerky",
                "/browse/food/all-beef-jerky/976759_976787_1001405_6440646_2548354"
            ],
            [
                "Meat Sticks",
                "/browse/food/meat-sticks/976759_976787_1001405_2758322"
            ],
            [
                "All Jerky",
                "/browse/food/all-jerky/976759_976787_1001405_2958487"
            ],
            [
                "Beef Sticks",
                "/browse/food/beef-sticks/976759_976787_1001405_7755930"
            ],
            [
                "Gaming Snacks & Drinks",
                "/browse/food/gaming-snacks-drinks/976759_1567409_8254504"
            ],
            [
                "Teriyaki Jerky",
                "/browse/food/teriyaki-jerky/976759_976787_1001405_9903149"
            ]
        ]
    },
    {
        "title": "SOUR PATCH KIDS Strawberry Soft & Chewy Candy, 10 oz",
        "url": "https://www.walmart.com/ip/SOUR-PATCH-KIDS-Strawberry-Soft-Chewy-Candy-10-oz/49509934",
        "price": "$2.34",
        "stars": "4.6",
        "ratings": "134 ",
        "img": "i5.walmartimages.com/asr/5e4c4146-1492-4808-9e1d-7fa1b525626b.6fbbd3d1b8d5d55c30c5cb1a00c451ff.jpeg?odnWidth=612&odnHeight=612&odnBg=ffffff",
        "tags": [
            [
                "Gummy Candy",
                "/browse/food/gummy-candy/976759_1096070_1224975_4246741"
            ],
            [
                "Shop All Candy",
                "/browse/food/shop-all-candy/976759_1096070_1224975_6909059"
            ],
            [
                "Easter Egg Hunt Candy",
                "/browse/food/easter-egg-hunt-candy/976759_1567409_7567150_4780634_7164648"
            ],
            [
                "Halloween Trick or Treat",
                "/browse/food/halloween-trick-treat/976759_1567409_2107086_6041305_8139682"
            ],
            [
                "Sour Candy",
                "/browse/food/sour-candy/976759_1096070_1224975_8650414"
            ],
            [
                "Easter Candy Dish",
                "/browse/food/easter-candy-dish/976759_1567409_7567150_4780634_8837958"
            ],
            [
                "All Halloween Candy",
                "/browse/food/all-halloween-candy/976759_1567409_2107086_6041305_9735259"
            ],
            [
                "Easter Basket Candy",
                "/browse/food/easter-basket-candy/976759_1567409_7567150_4780634_9848063"
            ]
        ]
    },
    {
        "title": "Emerald Nuts Walnuts & Almonds with Dried Cherries, 100 Calorie Packs, 10 Ct, 6.7 Oz",
        "url": "https://www.walmart.com/ip/Emerald-Nuts-Walnuts-Almonds-with-Dried-Cherries-100-Calorie-Packs-10-Ct-6-7-Oz/108063293",
        "price": "$4.74",
        "stars": "4.5",
        "ratings": "73 ",
        "img": "",
        "tags": [
            [
                "Trail Mixes and Healthy Snacks",
                "/browse/food/trail-mixes-healthy-snacks/976759_1071964_976793_6682547_2536517"
            ],
            [
                "All Nuts, Trail Mix,& Seeds",
                "/browse/food/all-nuts-trail-mix-seeds/976759_976787_1001406_2615672"
            ],
            [
                "Nuts",
                "/browse/food/nuts/976759_976787_1001406_3488004"
            ],
            [
                "All Nuts, Dried Fruits and Healthy Snacks",
                "/browse/food/all-nuts-dried-fruits-healthy-snacks/976759_1071964_976793_6682547_7101504"
            ],
            [
                "On-The-Go Snacks",
                "/browse/food/on-the-go-snacks/976759_1567409_3170630_7552474"
            ],
            [
                "Trail Mix",
                "/browse/food/trail-mix/976759_976787_1001406_7771097"
            ]
        ]
    },
    {
        "title": "Newman's Own: Pineapple Medium Salsa, 16 Oz",
        "url": "https://www.walmart.com/ip/Newman-39-s-Own-Pineapple-Medium-Salsa-16-Oz/10535508",
        "price": "$2.44",
        "stars": "4.7",
        "ratings": "55 ",
        "img": "",
        "tags": [
            [
                "Salty Snacks Stock-Up",
                "/browse/food/salty-snacks-stock-up/976759_976787_1001390_6288637_2319411"
            ],
            [
                "All Chilled Hummus, Dips and Salsas",
                "/browse/food/all-chilled-hummus-dips-salsas/976759_1071964_976789_7056897_2830800"
            ],
            [
                "All Fresh Packaged Salads, Dressings and Dips",
                "/browse/food/all-fresh-packaged-salads-dressings-dips/976759_1071964_976793_9538337_3695434"
            ],
            [
                "All Salsas",
                "/browse/food/all-salsas/976759_976787_1001393_7109351_3919898"
            ],
            [
                "Pace Salsa",
                "/browse/food/pace-salsa/976759_976787_1001393_7109351_4353013"
            ],
            [
                "All Dips & Spreads",
                "/browse/food/all-dips-spreads/976759_976787_1001393_7832203"
            ],
            [
                "New Year's Eve Party Spread",
                "/browse/food/new-years-eve-party-spread/976759_1567409_9050139"
            ],
            [
                "Salsa and Dips",
                "/browse/food/salsa-dips/976759_1071964_976793_9538337_9157112"
            ]
        ]
    },
    {
        "title": "Nut & Rice Cracker Snacks",
        "url": "https://www.walmart.com/ip/Nut-Rice-Cracker-Snacks/703968279",
        "price": "$70.52",
        "stars": "4.6",
        "ratings": "79 ",
        "img": "",
        "tags": []
    },
    {
        "title": "Kar's Gluten-Free Sweet 'N Salty Trail Mix, 1.5 Oz., 30 Count",
        "url": "https://www.walmart.com/ip/Kar-s-Gluten-Free-Sweet-N-Salty-Trail-Mix-1-5-Oz-30-Count/256361010",
        "price": "$9.98",
        "stars": "4.8",
        "ratings": "69 ",
        "img": "i5.walmartimages.com/asr/e2d2cdcb-4dad-4d2e-8faa-24eaefdedaa4_1.cc4b5842e6064729c79d3b040c999b0c.jpeg?odnWidth=612&odnHeight=612&odnBg=ffffff",
        "tags": [
            [
                "Trail Mixes and Healthy Snacks",
                "/browse/food/trail-mixes-healthy-snacks/976759_1071964_976793_6682547_2536517"
            ],
            [
                "All Nuts, Trail Mix,& Seeds",
                "/browse/food/all-nuts-trail-mix-seeds/976759_976787_1001406_2615672"
            ],
            [
                "On the Go Snacks",
                "/browse/food/on-the-go-snacks/976759_976787_3253105"
            ],
            [
                "Nuts",
                "/browse/food/nuts/976759_976787_1001406_3488004"
            ],
            [
                "Study Snacks",
                "/browse/food/study-snacks/976759_1567409_3591080_6794842"
            ],
            [
                "All Nuts, Dried Fruits and Healthy Snacks",
                "/browse/food/all-nuts-dried-fruits-healthy-snacks/976759_1071964_976793_6682547_7101504"
            ],
            [
                "Lunchbox Favorites",
                "/browse/food/lunchbox-favorites/976759_976787_7186343"
            ],
            [
                "On-the-go Crackers",
                "/browse/food/on-the-go-crackers/976759_976787_1001392_9056086"
            ]
        ]
    },
    {
        "title": "Canada Dry Bold Ginger Ale, 12 fl oz cans, 12 pack",
        "url": "https://www.walmart.com/ip/Canada-Dry-Bold-Ginger-Ale-12-fl-oz-cans-12-pack/327411331",
        "price": "$3.50",
        "stars": "4.2",
        "ratings": "2043 ",
        "img": "i5.walmartimages.com/asr/090d9df2-6bb0-4e73-8225-6e4001a536f8_1.4615e67b45c4bdfb82458ed951e1a505.jpeg?odnWidth=612&odnHeight=612&odnBg=ffffff",
        "tags": [
            [
                "No Sugar Foods",
                "/browse/food/no-sugar-foods/976759_5004481_1858214"
            ],
            [
                "Summer Grilling Beverages",
                "/browse/food/summer-grilling-beverages/976759_1567409_8808777_2541298"
            ],
            [
                "Cocktail Mixers",
                "/browse/food/cocktail-mixers/976759_976782_3697202"
            ],
            [
                "Movie Night Foods and Drinks",
                "/browse/food/movie-night-foods-drinks/976759_976787_4460428"
            ],
            [
                "Cocktails",
                "/browse/food/cocktails/976759_976782_5955121"
            ],
            [
                "Simple Syrup",
                "/browse/food/simple-syrup/976759_976782_5533811_6090092"
            ],
            [
                "All Soda Pop",
                "/browse/food/all-soda-pop/976759_976782_1001680_6405792"
            ]
        ]
    },
    {
        "title": "GoGo squeeZ Applesauce, Apple Apple, Apple Banana & Apple Strawberry, 20 Ct",
        "url": "https://www.walmart.com/ip/GoGo-squeeZ-Applesauce-Apple-Apple-Apple-Banana-Apple-Strawberry-20-Ct/862857716",
        "price": "$9.98",
        "stars": "4.7",
        "ratings": "24 ",
        "img": "i5.walmartimages.com/asr/053a7d39-cfb8-42d1-bb35-ceee6b6f658c_1.0f8d08328f845e55e91cbffe3fb89501.jpeg?odnWidth=612&odnHeight=612&odnBg=ffffff",
        "tags": [
            [
                "Applesauce",
                "/browse/food/applesauce/976759_976794_976785_1001388"
            ],
            [
                "Fruit Cups & Fruit Sauces",
                "/browse/food/fruit-cups-fruit-sauces/976759_976787_1044133"
            ],
            [
                "All Canned Goods",
                "/browse/food/all-canned-goods/976759_976794_976785_3021174"
            ],
            [
                "On the Go Snacks",
                "/browse/food/on-the-go-snacks/976759_976787_3253105"
            ],
            [
                "Mott's",
                "/browse/food/motts/976759_976782_1001321_6763498"
            ],
            [
                "Meals Restock",
                "/browse/food/meals-restock/976759_1567409_2168938_1811730_6806516"
            ],
            [
                "Dairy Free Foods",
                "/browse/food/dairy-free-foods/976759_5004481_7941405"
            ]
        ]
    },
    {
        "title": "(12 cups) Del Monte Fruit Cup Snacks Diced Peaches in 100% Juice, 4 oz cups",
        "url": "https://www.walmart.com/ip/12-cups-Del-Monte-Fruit-Cup-Snacks-Diced-Peaches-in-100-Juice-4-oz-cups/21849152",
        "price": "$5.98",
        "stars": "4.5",
        "ratings": "212 ",
        "img": "i5.walmartimages.com/asr/bf19ef87-a294-4358-ab74-ab18cf0cbbb3.7f175691bd4e2532f8ab097910adc039.jpeg?odnWidth=612&odnHeight=612&odnBg=ffffff",
        "tags": [
            [
                "Fruit Cups & Fruit Sauces",
                "/browse/food/fruit-cups-fruit-sauces/976759_976787_1044133"
            ],
            [
                "Pie Fillings",
                "/browse/food/pie-fillings/976759_976780_2881195_1044161"
            ],
            [
                "All Canned Goods",
                "/browse/food/all-canned-goods/976759_976794_976785_3021174"
            ],
            [
                "Low Sodium Food Staples",
                "/browse/food/low-sodium-food-staples/976759_1567409_2168938_8870296_4607863"
            ],
            [
                "Dole Fruit Cups",
                "/browse/food/dole-fruit-cups/976759_976794_976785_5006407"
            ],
            [
                "Meals Restock",
                "/browse/food/meals-restock/976759_1567409_2168938_1811730_6806516"
            ],
            [
                "Gluten-Free Food Staples",
                "/browse/food/gluten-free-food-staples/976759_1567409_2168938_8870296_8339296"
            ],
            [
                "Canned Peaches",
                "/browse/food/canned-peaches/976759_976794_976785_8566750"
            ]
        ]
    },
    {
        "title": "(6 Pack) Topo Chico Sparkling Water Lime, 12 Fz",
        "url": "https://www.walmart.com/ip/6-Pack-Topo-Chico-Sparkling-Water-Lime-12-Fz/715931173",
        "price": "$19.30",
        "stars": "5.0",
        "ratings": "5 ",
        "img": "i5.walmartimages.com/asr/cd97652b-ac4b-42ea-b3e8-57107ac93563.56bec2bab079917a1264d8c4faa86c16.jpeg?odnWidth=612&odnHeight=612&odnBg=ffffff",
        "tags": [
            [
                "All Sparkling Water",
                "/browse/food/all-sparkling-water/976759_976782_1001659_1508098_1398631"
            ],
            [
                "La Croix",
                "/browse/food/la-croix/976759_976782_1001659_4677433"
            ],
            [
                "Bottled Water",
                "/browse/food/bottled-water/976759_976782_1001659_5912172"
            ],
            [
                "Enhanced Water",
                "/browse/food/enhanced-water/976759_976782_5795119_5961524"
            ],
            [
                "Perrier",
                "/browse/food/perrier/976759_976782_1001659_9570367"
            ]
        ]
    }
]