[
    {
        "title": "(3 Pack) Ken's Steakhouse Dressing, Buttermilk Ranch, 16 Fl Oz",
        "url": "https://www.walmart.com/ip/3-Pack-Ken-s-Steakhouse-Dressing-Buttermilk-Ranch-16-Fl-Oz/47230417",
        "price": "$7.09",
        "stars": "4.7",
        "ratings": "52 ",
        "img": "i5.walmartimages.com/asr/eee4b58b-8191-4fe5-841f-e99c16d04312_1.a2f23dffef34f45d99b98e66e3e7c082.jpeg?odnWidth=612&odnHeight=612&odnBg=ffffff",
        "tags": [
            [
                "Ranch Dressing",
                "/browse/food/ranch-dressing/976759_976786_5730644_1345093"
            ],
            [
                "All Fresh Packaged Salads, Dressings and Dips",
                "/browse/food/all-fresh-packaged-salads-dressings-dips/976759_1071964_976793_9538337_3695434"
            ],
            [
                "Caesar Dressing",
                "/browse/food/caesar-dressing/976759_976786_5730644_3729388"
            ],
            [
                "Hidden Valley Ranch",
                "/browse/food/hidden-valley-ranch/976759_976786_5730644_3791260"
            ],
            [
                "Paleo Food Essentials",
                "/browse/food/paleo-food-essentials/976759_1567409_2168938_8870296_5023285"
            ],
            [
                "Gluten Free Foods",
                "/browse/food/gluten-free-foods/976759_5004481_5546296"
            ],
            [
                "Keto Food Essentials",
                "/browse/food/keto-food-essentials/976759_1567409_2168938_8870296_8175229"
            ],
            [
                "Gluten-Free Food Staples",
                "/browse/food/gluten-free-food-staples/976759_1567409_2168938_8870296_8339296"
            ]
        ]
    },
    {
        "title": "(4 Pack) BUSH'S Kidney Beans in a Mild Chili Sauce, 16 oz.",
        "url": "https://www.walmart.com/ip/4-Pack-BUSH-S-Kidney-Beans-in-a-Mild-Chili-Sauce-16-oz/530906067",
        "price": "$5.52",
        "stars": "4.6",
        "ratings": "215 ",
        "img": "i5.walmartimages.com/asr/31e343f3-3b3a-4dd6-b843-6665dbb7c466_1.7f4a2f7819633091f2c1129bf6a3a9c9.jpeg?odnWidth=612&odnHeight=612&odnBg=ffffff",
        "tags": [
            [
                "Chili",
                "/browse/food/chili/976759_976794_976785_1001346"
            ],
            [
                "All Fresh Vegetables",
                "/browse/food/all-fresh-vegetables/976759_1071964_976793_8910423_1814126"
            ],
            [
                "Canned Tomatoes",
                "/browse/food/canned-tomatoes/976759_976794_976785_2009430"
            ],
            [
                "Baked Beans",
                "/browse/food/baked-beans/976759_976794_976785_2133370"
            ],
            [
                "Cold Weather Foods",
                "/browse/food/cold-weather-foods/976759_1567409_6592518_4011823"
            ],
            [
                "All Mixed Spices & Seasonings",
                "/browse/food/all-mixed-spices-seasonings/976759_976786_1007682_4019297_4279992"
            ],
            [
                "Canned Beans",
                "/browse/food/canned-beans/976759_976794_976785_5368028"
            ],
            [
                "High Fiber Foods",
                "/browse/food/high-fiber-foods/976759_5004481_9339140"
            ]
        ]
    },
    {
        "title": "Hamburger Helper Cheesy Italian Shells Hamburger Helper 6.1 Oz",
        "url": "https://www.walmart.com/ip/Hamburger-Helper-Cheesy-Italian-Shells-Hamburger-Helper-6-1-Oz/10311290",
        "price": "$1.24",
        "stars": "2.1",
        "ratings": "79 ",
        "img": "i5.walmartimages.com/asr/6ee4a3c2-5d2e-4b07-bc7a-a0483ead9371_1.80d6cb142bf9fd9b0f286d102a1226ba.jpeg?odnWidth=612&odnHeight=612&odnBg=ffffff",
        "tags": [
            [
                "Canned Ready to Eat Meals",
                "/browse/food/canned-ready-to-eat-meals/976759_976794_976785_1001348"
            ],
            [
                "Beef",
                "/browse/food/beef/976759_1071964_976796_1730435_1001441"
            ],
            [
                "Party Trays",
                "/browse/food/party-trays/976759_1071964_976789_1076464"
            ],
            [
                "All Meals and Sides",
                "/browse/food/all-meals-sides/976759_1071964_976789_2133672_1535108"
            ],
            [
                "Macaroni and Cheese",
                "/browse/food/macaroni-cheese/976759_976794_6223225_2271648"
            ],
            [
                "Kid's Lunches",
                "/browse/food/kids-lunches/976759_1567409_7966149_7561098"
            ],
            [
                "General Mills Box Tops Meals",
                "/browse/food/general-mills-box-tops-meals/976759_2606229_8503205"
            ],
            [
                "Easy Kid's Dinners",
                "/browse/food/easy-kids-dinners/976759_1567409_7966149_9873756"
            ]
        ]
    },
    {
        "title": "Hidden Valley Original Ranch Dips Mix, Gluten Free, Keto-Friendly - 4 Packets",
        "url": "https://www.walmart.com/ip/Hidden-Valley-Original-Ranch-Dips-Mix-Gluten-Free-Keto-Friendly-4-Packets/10414056",
        "price": "$4.98",
        "stars": "4.9",
        "ratings": "1754 ",
        "img": "i5.walmartimages.com/asr/53743967-e73f-44af-a9fd-d39a49ae4b41.47b1e44dacfc0d0e617082424e1301ab.jpeg?odnWidth=612&odnHeight=612&odnBg=ffffff",
        "tags": [
            [
                "Condiments",
                "/browse/food/condiments/976759_976786_9696846_1001363"
            ],
            [
                "Shop All Salad Dressings",
                "/browse/food/shop-all-salad-dressings/976759_976786_5730644_1001365"
            ],
            [
                "Ranch Dressing",
                "/browse/food/ranch-dressing/976759_976786_5730644_1345093"
            ],
            [
                "Dry Salad Dressing",
                "/browse/food/dry-salad-dressing/976759_976786_5730644_2955717"
            ],
            [
                "Paleo Food Essentials",
                "/browse/food/paleo-food-essentials/976759_1567409_2168938_8870296_5023285"
            ],
            [
                "Chilled Dips",
                "/browse/food/chilled-dips/976759_1071964_976788_7062976"
            ],
            [
                "Keto Food Essentials",
                "/browse/food/keto-food-essentials/976759_1567409_2168938_8870296_8175229"
            ],
            [
                "Gluten-Free Food Staples",
                "/browse/food/gluten-free-food-staples/976759_1567409_2168938_8870296_8339296"
            ]
        ]
    },
    {
        "title": "(12 Pack) Herdez Peppers - Chilpotle - Case Of 12 - 7 Oz, 7 Oz",
        "url": "https://www.walmart.com/ip/12-Pack-Herdez-Peppers-Chilpotle-Case-Of-12-7-Oz-7-Oz/497086797",
        "price": "$10.54",
        "stars": "4.4",
        "ratings": "109 ",
        "img": "i5.walmartimages.com/asr/af4b7530-0a8e-4737-a602-6e55a019f930_1.c0490205d4ad8d512e4850f3ccca1bf8.jpeg?odnWidth=612&odnHeight=612&odnBg=ffffff",
        "tags": [
            [
                "All Fresh Vegetables",
                "/browse/food/all-fresh-vegetables/976759_1071964_976793_8910423_1814126"
            ],
            [
                "All Chilled Hummus, Dips and Salsas",
                "/browse/food/all-chilled-hummus-dips-salsas/976759_1071964_976789_7056897_2830800"
            ],
            [
                "All Salsas",
                "/browse/food/all-salsas/976759_976787_1001393_7109351_3919898"
            ],
            [
                "All Dips & Spreads",
                "/browse/food/all-dips-spreads/976759_976787_1001393_7832203"
            ],
            [
                "Salsa and Dips",
                "/browse/food/salsa-dips/976759_1071964_976793_9538337_9157112"
            ],
            [
                "Latin American Sauces, Condiments & Cooking Needs",
                "/browse/food/latin-american-sauces-condiments-cooking-needs/976759_5148628_1228025_1228103_9954329"
            ]
        ]
    },
    {
        "title": "(4 pack) Lipton Onion Mushroom Soup and Dip Mix, 1.8 oz",
        "url": "https://www.walmart.com/ip/4-pack-Lipton-Onion-Mushroom-Soup-and-Dip-Mix-1-8-oz/812880953",
        "price": "$6.08",
        "stars": "4.6",
        "ratings": "101 ",
        "img": "i5.walmartimages.com/asr/15732b1e-ee3c-41bc-b644-a556aca11dc2_1.3de7c6309bdd911e9c24e0f42a2628d9.jpeg?odnWidth=612&odnHeight=612&odnBg=ffffff",
        "tags": []
    },
    {
        "title": "Sunbelt Bakery Chewy Granola Bars, Fudge Dipped Coconut, 10 Ct, 10.21 Oz",
        "url": "https://www.walmart.com/ip/Sunbelt-Bakery-Chewy-Granola-Bars-Fudge-Dipped-Coconut-10-Ct-10-21-Oz/21656747",
        "price": "$13.55",
        "stars": "4.6",
        "ratings": "47 ",
        "img": "",
        "tags": [
            [
                "Cereal Bars & Breakfast Bars",
                "/browse/food/cereal-bars-breakfast-bars/976759_976783_1001332"
            ],
            [
                "Shop Nature Valley",
                "/browse/food/shop-nature-valley/976759_976787_1044154_4008994"
            ],
            [
                "Great Value Snack Bars",
                "/browse/food/great-value-snack-bars/976759_976787_1044154_4187132"
            ],
            [
                "Granola Bars",
                "/browse/food/granola-bars/976759_976787_1044154_5006109"
            ],
            [
                "Low Sodium Foods",
                "/browse/food/low-sodium-foods/976759_5004481_6733659"
            ],
            [
                "Nature Valley Granola Bars & Snack Bars",
                "/browse/food/nature-valley-granola-bars-snack-bars/976759_976787_1044154_7928976"
            ],
            [
                "Gaming Snacks & Drinks",
                "/browse/food/gaming-snacks-drinks/976759_1567409_8254504"
            ]
        ]
    },
    {
        "title": "Great Value Dried Figs, Mission, 7 oz",
        "url": "https://www.walmart.com/ip/Great-Value-Dried-Figs-Mission-7-oz/38568525",
        "price": "$1.98",
        "stars": "4.5",
        "ratings": "182 ",
        "img": "i5.walmartimages.com/asr/92998e9e-580d-48eb-a362-8f4ba953bc87_1.87e2bc4196f85783f60228fcf1b04f95.jpeg?odnWidth=612&odnHeight=612&odnBg=ffffff",
        "tags": [
            [
                "Dried Fruits and Vegetables",
                "/browse/food/dried-fruits-vegetables/976759_1071964_976793_6682547_2657263"
            ],
            [
                "Figs",
                "/browse/food/figs/976759_976787_4962467_2356650_2834219"
            ],
            [
                "All Fruit Types",
                "/browse/food/all-fruit-types/976759_976787_4962467_2356650_6330824"
            ],
            [
                "All Nuts, Dried Fruits and Healthy Snacks",
                "/browse/food/all-nuts-dried-fruits-healthy-snacks/976759_1071964_976793_6682547_7101504"
            ],
            [
                "Made in Nature",
                "/browse/food/made-in-nature/976759_976787_4962467_2025492_8389106"
            ],
            [
                "New Dried Fruits",
                "/browse/food/new-dried-fruits/976759_976787_4962467_8466181"
            ],
            [
                "Dried Apricots",
                "/browse/food/dried-apricots/976759_976787_4962467_2356650_8921920"
            ],
            [
                "Organic Dried Fruits",
                "/browse/food/organic-dried-fruits/976759_976787_4962467_9452082"
            ]
        ]
    },
    {
        "title": "Good Seasons Italian All Natural Salad Dressing & Recipe Mix, 4 - 0.7 oz Packets",
        "url": "https://www.walmart.com/ip/Good-Seasons-Italian-All-Natural-Salad-Dressing-Recipe-Mix-4-0-7-oz-Packets/10313210",
        "price": "$4.37",
        "stars": "4.8",
        "ratings": "155 ",
        "img": "i5.walmartimages.com/asr/1abc4a5d-49af-4bc1-af7f-df65bb552b5d.1ee582828c4c90ed640c43c4b1b8ec51.jpeg?odnWidth=612&odnHeight=612&odnBg=ffffff",
        "tags": [
            [
                "Dry Salad Dressing",
                "/browse/food/dry-salad-dressing/976759_976786_5730644_2955717"
            ],
            [
                "Italian Dressing",
                "/browse/food/italian-dressing/976759_976786_5730644_3178690"
            ],
            [
                "All Fresh Packaged Salads, Dressings and Dips",
                "/browse/food/all-fresh-packaged-salads-dressings-dips/976759_1071964_976793_9538337_3695434"
            ],
            [
                "Hidden Valley Ranch",
                "/browse/food/hidden-valley-ranch/976759_976786_5730644_3791260"
            ],
            [
                "Nut Free Foods",
                "/browse/food/nut-free-foods/976759_5004481_5679034"
            ],
            [
                "Kid's Breakfast",
                "/browse/food/kids-breakfast/976759_1567409_7966149_6779439"
            ],
            [
                "Italian Seasoning",
                "/browse/food/italian-seasoning/976759_976786_1007682_4019297_6822917"
            ],
            [
                "Chilled Dips",
                "/browse/food/chilled-dips/976759_1071964_976788_7062976"
            ]
        ]
    },
    {
        "title": "(4 pack) Progresso Traditional Chicken and Sausage Gumbo Soup, 19 oz",
        "url": "https://www.walmart.com/ip/4-pack-Progresso-Traditional-Chicken-and-Sausage-Gumbo-Soup-19-oz/984484612",
        "price": "$6.32",
        "stars": "4.3",
        "ratings": "97 ",
        "img": "i5.walmartimages.com/asr/a7e1390c-9dd9-4948-bc7e-0eb96cf110da_1.140fcc80991529dff5b0fd594222675a.jpeg?odnWidth=612&odnHeight=612&odnBg=ffffff",
        "tags": [
            [
                "Meat & Poultry",
                "/browse/food/meat-poultry/976759_976794_976785_1001347"
            ],
            [
                "Canned Ready to Eat Meals",
                "/browse/food/canned-ready-to-eat-meals/976759_976794_976785_1001348"
            ],
            [
                "Prepared Foods",
                "/browse/food/prepared-foods/976759_1071964_976789_1018822"
            ],
            [
                "All Meals and Sides",
                "/browse/food/all-meals-sides/976759_1071964_976789_2133672_1535108"
            ],
            [
                "Cold Weather Foods",
                "/browse/food/cold-weather-foods/976759_1567409_6592518_4011823"
            ],
            [
                "All Gametime Food",
                "/browse/food/all-gametime-food/976759_1567409_3282877_6093905"
            ],
            [
                "Game Time Meals and Sides",
                "/browse/food/game-time-meals-sides/976759_1567409_3282877_2930489_9821452"
            ],
            [
                "Easy Kid's Dinners",
                "/browse/food/easy-kids-dinners/976759_1567409_7966149_9873756"
            ]
        ]
    }
]