[
    {
        "title": "(4 pack) Campbell's\u00a0Condensed Cream of Chicken with Herbs Soup, 10.5 oz. Can",
        "url": "https://www.walmart.com/ip/4-pack-Campbell-s-Condensed-Cream-of-Chicken-with-Herbs-Soup-10-5-oz-Can/809116631",
        "price": "$5.57",
        "stars": "4.7",
        "ratings": "52 ",
        "img": "",
        "tags": [
            [
                "Boxed Meals",
                "/browse/food/boxed-meals/976759_976794_6223225_1001477"
            ],
            [
                "All Meals and Sides",
                "/browse/food/all-meals-sides/976759_1071964_976789_2133672_1535108"
            ],
            [
                "Cold Weather Foods",
                "/browse/food/cold-weather-foods/976759_1567409_6592518_4011823"
            ],
            [
                "Campbell's Condensed Soup",
                "/browse/campbells-condensed-soup/976759_4080283"
            ],
            [
                "Meals Restock",
                "/browse/food/meals-restock/976759_1567409_2168938_1811730_6806516"
            ],
            [
                "Condensed Soup",
                "/browse/food/condensed-soup/976759_976794_3901881_9352840"
            ],
            [
                "Potato and Stuffing",
                "/browse/food/potato-stuffing/976759_976794_6223225_9497533"
            ],
            [
                "Game Time Meals and Sides",
                "/browse/food/game-time-meals-sides/976759_1567409_3282877_2930489_9821452"
            ]
        ]
    },
    {
        "title": "(3 Pack) Great Value Roasted Red Bell Pepper Slices, 12 oz",
        "url": "https://www.walmart.com/ip/3-Pack-Great-Value-Roasted-Red-Bell-Pepper-Slices-12-oz/203400568",
        "price": "$4.74",
        "stars": "4.5",
        "ratings": "17 ",
        "img": "i5.walmartimages.com/asr/cefe97e7-bb4d-473f-8943-9f3fca7e30e6_2.d24a95c858573fbf26c4d6f43cd3d40d.jpeg?odnWidth=612&odnHeight=612&odnBg=ffffff",
        "tags": [
            [
                "Shop All Olives",
                "/browse/food/shop-all-olives/976759_976786_6379931_1044186"
            ],
            [
                "All Fresh Vegetables",
                "/browse/food/all-fresh-vegetables/976759_1071964_976793_8910423_1814126"
            ],
            [
                "Canned Tomatoes",
                "/browse/food/canned-tomatoes/976759_976794_976785_2009430"
            ],
            [
                "All Chilled Hummus, Dips and Salsas",
                "/browse/food/all-chilled-hummus-dips-salsas/976759_1071964_976789_7056897_2830800"
            ],
            [
                "Black Olives",
                "/browse/food/black-olives/976759_976786_6379931_3057716"
            ],
            [
                "All Salsas",
                "/browse/food/all-salsas/976759_976787_1001393_7109351_3919898"
            ],
            [
                "All Dips & Spreads",
                "/browse/food/all-dips-spreads/976759_976787_1001393_7832203"
            ]
        ]
    },
    {
        "title": "(2 pack) Old El Paso Traditional Refried Beans, 31 oz",
        "url": "https://www.walmart.com/ip/2-pack-Old-El-Paso-Traditional-Refried-Beans-31-oz/376586192",
        "price": "$4.48",
        "stars": "4.0",
        "ratings": "137 ",
        "img": "i5.walmartimages.com/asr/9393df4c-d457-40fb-afe6-a77fe27a4782_1.dc19754d7e11721330d90a47d4b6d2f6.jpeg?odnWidth=612&odnHeight=612&odnBg=ffffff",
        "tags": [
            [
                "Easter Meals",
                "/browse/food/easter-meals/976759_1567409_2168938_2546479_1909999"
            ],
            [
                "Baked Beans",
                "/browse/food/baked-beans/976759_976794_976785_2133370"
            ],
            [
                "Easter Meal",
                "/browse/food/easter-meal/976759_1567409_7567150_3664825"
            ],
            [
                "Cold Weather Foods",
                "/browse/food/cold-weather-foods/976759_1567409_6592518_4011823"
            ],
            [
                "Canned Beans",
                "/browse/food/canned-beans/976759_976794_976785_5368028"
            ],
            [
                "High Fiber Foods",
                "/browse/food/high-fiber-foods/976759_5004481_9339140"
            ],
            [
                "Game Time Meals and Sides",
                "/browse/food/game-time-meals-sides/976759_1567409_3282877_2930489_9821452"
            ],
            [
                "Easy Kid's Dinners",
                "/browse/food/easy-kids-dinners/976759_1567409_7966149_9873756"
            ]
        ]
    },
    {
        "title": "StarKist\u00ae Chunk Light Tuna in Water - 2.6 oz Pouch (8-Pack)",
        "url": "https://www.walmart.com/ip/StarKist-Chunk-Light-Tuna-in-Water-2-6-oz-Pouch-8-Pack/40711461",
        "price": "$8.78",
        "stars": "4.8",
        "ratings": "199 ",
        "img": "i5.walmartimages.com/asr/55df7719-2127-4e90-bb5f-deb542f79447.7e92a3e904393805c25560e4919c8f9d.jpeg?odnWidth=612&odnHeight=612&odnBg=ffffff",
        "tags": [
            [
                "No Sugar Foods",
                "/browse/food/no-sugar-foods/976759_5004481_1858214"
            ],
            [
                "Canned Tuna",
                "/browse/food/canned-tuna/976759_976794_976785_5772565"
            ],
            [
                "Starkist Tuna",
                "/browse/food/starkist-tuna/976759_976794_976785_6368123"
            ],
            [
                "Bumblebee Tuna",
                "/browse/food/bumblebee-tuna/976759_976794_976785_6754896"
            ],
            [
                "Meals Restock",
                "/browse/food/meals-restock/976759_1567409_2168938_1811730_6806516"
            ],
            [
                "Tuna Pouches",
                "/browse/food/tuna-pouches/976759_976794_976785_9162342"
            ],
            [
                "Gluten Free Meals & Side Dishes",
                "/browse/food/gluten-free-meals-side-dishes/976759_5148628_4583057_1250486_9821290"
            ],
            [
                "Easy Kid's Dinners",
                "/browse/food/easy-kids-dinners/976759_1567409_7966149_9873756"
            ]
        ]
    },
    {
        "title": "Bertolli\u00ae Traditional Marinara with Italian Herbs & Fresh Garlic Pasta Sauce, 24 oz.",
        "url": "https://www.walmart.com/ip/Bertolli-Traditional-Marinara-with-Italian-Herbs-Fresh-Garlic-Pasta-Sauce-24-oz/889345211",
        "price": "$2.12",
        "stars": "4.8",
        "ratings": "79 ",
        "img": "",
        "tags": [
            [
                "Pasta & Noodles",
                "/browse/food/pasta-noodles/976759_976794_1007519"
            ],
            [
                "Sauces",
                "/browse/food/sauces/976759_976786_1076366"
            ],
            [
                "All Meals and Sides",
                "/browse/food/all-meals-sides/976759_1071964_976789_2133672_1535108"
            ],
            [
                "Canned Tomatoes",
                "/browse/food/canned-tomatoes/976759_976794_976785_2009430"
            ],
            [
                "Pasta Sauce",
                "/browse/food/pasta-sauce/976759_976794_2775278"
            ],
            [
                "Non GMO Food",
                "/browse/food/non-gmo-food/976759_5004481_8102928"
            ],
            [
                "Gluten Free Meals & Side Dishes",
                "/browse/food/gluten-free-meals-side-dishes/976759_5148628_4583057_1250486_9821290"
            ],
            [
                "Easy Kid's Dinners",
                "/browse/food/easy-kids-dinners/976759_1567409_7966149_9873756"
            ]
        ]
    },
    {
        "title": "(3 Pack) Great Value Great Northern Beans, 32 Oz",
        "url": "https://www.walmart.com/ip/3-Pack-Great-Value-Great-Northern-Beans-32-Oz/478571432",
        "price": "$5.24",
        "stars": "4.7",
        "ratings": "196 ",
        "img": "i5.walmartimages.com/asr/1ff8cd0c-d9cd-4a7e-be29-ae5555799b3e_6.2404636da8a84dc8e16aa931ca086e2f.jpeg?odnWidth=612&odnHeight=612&odnBg=ffffff",
        "tags": [
            [
                "Dried Beans",
                "/browse/food/dried-beans/976759_976794_1001478"
            ],
            [
                "All Fresh Vegetables",
                "/browse/food/all-fresh-vegetables/976759_1071964_976793_8910423_1814126"
            ],
            [
                "Low Sodium Foods",
                "/browse/food/low-sodium-foods/976759_5004481_6733659"
            ],
            [
                "Vegan Foods",
                "/browse/food/vegan-foods/976759_5004481_6794259"
            ],
            [
                "Meals Restock",
                "/browse/food/meals-restock/976759_1567409_2168938_1811730_6806516"
            ],
            [
                "Kosher Foods",
                "/browse/kosher-foods/976759_8925069"
            ],
            [
                "High Fiber Foods",
                "/browse/food/high-fiber-foods/976759_5004481_9339140"
            ]
        ]
    },
    {
        "title": "(3 Pack) Heinz Chili Sauce, 12 oz Bottle",
        "url": "https://www.walmart.com/ip/3-Pack-Heinz-Chili-Sauce-12-oz-Bottle/47230152",
        "price": "$7.07",
        "stars": "4.7",
        "ratings": "129 ",
        "img": "i5.walmartimages.com/asr/e839e0ae-df07-4a39-8d85-3d986fd54c72_1.b040a41ce1b0eb06fdfcc2f1ca056b30.jpeg?odnWidth=612&odnHeight=612&odnBg=ffffff",
        "tags": [
            [
                "Chili",
                "/browse/food/chili/976759_976794_976785_1001346"
            ],
            [
                "Sauces",
                "/browse/food/sauces/976759_976786_1076366"
            ],
            [
                "Canned Tomatoes",
                "/browse/food/canned-tomatoes/976759_976794_976785_2009430"
            ],
            [
                "All Hot Sauces",
                "/browse/food/all-hot-sauces/976759_976786_9696846_5998141_4394977"
            ],
            [
                "Shop All Ketchup",
                "/browse/food/shop-all-ketchup/976759_976786_9696846_8912372_6373470"
            ],
            [
                "Shop All BBQ Sauces",
                "/browse/food/shop-all-bbq-sauces/976759_976786_9696846_9999057_6757439"
            ],
            [
                "Summer Grilling Condiments",
                "/browse/food/summer-grilling-condiments/976759_1567409_8808777_7265121"
            ],
            [
                "Heinz Ketchup",
                "/browse/food/heinz-ketchup/976759_976786_9696846_8912372_9063524"
            ]
        ]
    },
    {
        "title": "(2 Pack) Bear Creek Country Kitchens\u00ae Cheddar Broccoli Soup Mix 11.2 oz.",
        "url": "https://www.walmart.com/ip/2-Pack-Bear-Creek-Country-Kitchens-Cheddar-Broccoli-Soup-Mix-11-2-oz/907439567",
        "price": "$5.74",
        "stars": "4.5",
        "ratings": "148 ",
        "img": "",
        "tags": [
            [
                "Chili",
                "/browse/food/chili/976759_976794_976785_1001346"
            ],
            [
                "Canned Ready to Eat Meals",
                "/browse/food/canned-ready-to-eat-meals/976759_976794_976785_1001348"
            ],
            [
                "All Soup",
                "/browse/food/all-soup/976759_976794_3901881_1001359"
            ],
            [
                "Boxed Meals",
                "/browse/food/boxed-meals/976759_976794_6223225_1001477"
            ],
            [
                "All Meals and Sides",
                "/browse/food/all-meals-sides/976759_1071964_976789_2133672_1535108"
            ],
            [
                "Cold Weather Foods",
                "/browse/food/cold-weather-foods/976759_1567409_6592518_4011823"
            ],
            [
                "Nut Free Foods",
                "/browse/food/nut-free-foods/976759_5004481_5679034"
            ]
        ]
    },
    {
        "title": "DAK Fully Cooked Premium Ham, 16 oz Can",
        "url": "https://www.walmart.com/ip/DAK-Fully-Cooked-Premium-Ham-16-oz-Can/10308362",
        "price": "$3.97",
        "stars": "3.8",
        "ratings": "756 ",
        "img": "",
        "tags": [
            [
                "Canned Fruit",
                "/browse/food/canned-fruit/976759_976794_976785_1001342"
            ],
            [
                "Canned Ready to Eat Meals",
                "/browse/food/canned-ready-to-eat-meals/976759_976794_976785_1001348"
            ],
            [
                "Boxed Meals",
                "/browse/food/boxed-meals/976759_976794_6223225_1001477"
            ],
            [
                "Tuna & Seafood",
                "/browse/food/tuna-seafood/976759_976794_976785_1001781"
            ],
            [
                "All Meals and Sides",
                "/browse/food/all-meals-sides/976759_1071964_976789_2133672_1535108"
            ],
            [
                "Canned Beef",
                "/browse/food/canned-beef/976759_976794_976785_3724561"
            ],
            [
                "Meals Restock",
                "/browse/food/meals-restock/976759_1567409_2168938_1811730_6806516"
            ],
            [
                "Easy Kid's Dinners",
                "/browse/food/easy-kids-dinners/976759_1567409_7966149_9873756"
            ]
        ]
    },
    {
        "title": "(16 Cups) Dole Fruit Bowls Mixed Fruit in Black Cherry Gel, 4.3 oz cups",
        "url": "https://www.walmart.com/ip/16-Cups-Dole-Fruit-Bowls-Mixed-Fruit-in-Black-Cherry-Gel-4-3-oz-cups/403629780",
        "price": "$9.92",
        "stars": "4.7",
        "ratings": "162 ",
        "img": "",
        "tags": [
            [
                "Applesauce",
                "/browse/food/applesauce/976759_976794_976785_1001388"
            ],
            [
                "Fruit Cups & Fruit Sauces",
                "/browse/food/fruit-cups-fruit-sauces/976759_976787_1044133"
            ],
            [
                "Pie Fillings",
                "/browse/food/pie-fillings/976759_976780_2881195_1044161"
            ],
            [
                "Canned Pineapple",
                "/browse/food/canned-pineapple/976759_976794_976785_3637240"
            ],
            [
                "Dole Fruit Cups",
                "/browse/food/dole-fruit-cups/976759_976794_976785_5006407"
            ],
            [
                "Non GMO Food",
                "/browse/food/non-gmo-food/976759_5004481_8102928"
            ],
            [
                "Gluten-Free Food Staples",
                "/browse/food/gluten-free-food-staples/976759_1567409_2168938_8870296_8339296"
            ],
            [
                "Canned Peaches",
                "/browse/food/canned-peaches/976759_976794_976785_8566750"
            ]
        ]
    }
]