[
    {
        "title": "Fun Dip Cherry & RazzApple Candy Variety Pack, 0.43 Oz (48 Count)",
        "url": "https://www.walmart.com/ip/Fun-Dip-Cherry-RazzApple-Candy-Variety-Pack-0-43-Oz-48-Count/416047138",
        "price": "$6.99",
        "stars": "4.2",
        "ratings": "5 ",
        "img": "i5.walmartimages.com/asr/b579d0cf-8252-4395-89b7-bb66da1fa6a0_1.7839cb9c6c8d00deaf9f6f3f9c688acd.jpeg?odnWidth=612&odnHeight=612&odnBg=ffffff",
        "tags": [
            [
                "Children's Party",
                "/browse/food/childrens-party/976759_1096070_1224980_1381998"
            ],
            [
                "Office Candy",
                "/browse/food/office-candy/976759_1096070_1224980_6270829"
            ],
            [
                "Lollipops & Suckers",
                "/browse/food/lollipops-suckers/976759_1096070_1224979_7528469"
            ],
            [
                "Halloween Trick or Treat",
                "/browse/food/halloween-trick-treat/976759_1567409_2107086_6041305_8139682"
            ],
            [
                "Classroom Candy and Treats",
                "/browse/food/classroom-candy-treats/976759_1567409_9457805_8980866"
            ],
            [
                "All Halloween Candy",
                "/browse/food/all-halloween-candy/976759_1567409_2107086_6041305_9735259"
            ]
        ]
    },
    {
        "title": "Taylors Candy Butterscotch Hard Candy 9 oz.",
        "url": "https://www.walmart.com/ip/Taylors-Candy-Butterscotch-Hard-Candy-9-oz/517325898",
        "price": "$2.41",
        "stars": "4.2",
        "ratings": "27 ",
        "img": "i5.walmartimages.com/asr/7be981bb-b1c9-4b30-a62d-2ed28a35353c_1.c497dbe7fcead972aba2012544a925af.jpeg?odnWidth=612&odnHeight=612&odnBg=ffffff",
        "tags": [
            [
                "Children's Party",
                "/browse/food/childrens-party/976759_1096070_1224980_1381998"
            ],
            [
                "Caramels & Taffys",
                "/browse/food/caramels-taffys/976759_1096070_1224975_5726639"
            ],
            [
                "Brach's Candy",
                "/browse/food/brachs-candy/976759_1096070_1224979_5836711"
            ],
            [
                "Office Candy",
                "/browse/food/office-candy/976759_1096070_1224980_6270829"
            ],
            [
                "Shop All Candy",
                "/browse/food/shop-all-candy/976759_1096070_1224975_6909059"
            ],
            [
                "Halloween Trick or Treat",
                "/browse/food/halloween-trick-treat/976759_1567409_2107086_6041305_8139682"
            ],
            [
                "Wholesale Candy",
                "/browse/food/wholesale-candy/976759_1096070_1224980_8149011"
            ]
        ]
    },
    {
        "title": "Hershey's Milk Chocolate Hot Cocoa Mix, 6 ct - Packets, 5.29 oz Box",
        "url": "https://www.walmart.com/ip/Hershey-s-Milk-Chocolate-Hot-Cocoa-Mix-6-ct-Packets-5-29-oz-Box/121492554",
        "price": "$2.93",
        "stars": "4.3",
        "ratings": "28 ",
        "img": "i5.walmartimages.com/asr/4aaf4adc-7be5-417c-8290-df6f5bb52f12.18acc681092f38ad17fd41e0962d45bf.jpeg?odnWidth=612&odnHeight=612&odnBg=ffffff",
        "tags": [
            [
                "Cocoa Powder",
                "/browse/food/cocoa-powder/976759_976782_1044077_3119539"
            ],
            [
                "National Hot Chocolate Day",
                "/browse/food/national-hot-chocolate-day/976759_1567409_4007275"
            ],
            [
                "Nestle",
                "/browse/food/nestle/976759_976782_1044077_6274263"
            ],
            [
                "Chocolate Boxes",
                "/browse/food/chocolate-boxes/976759_1089004_5339481_6286434"
            ],
            [
                "Hot Chocolate",
                "/browse/food/hot-chocolate/976759_976782_1044077_6628647"
            ],
            [
                "New Hot Cocoa",
                "/browse/food/new-hot-cocoa/976759_976782_1044077_6726664"
            ],
            [
                "Cocoa Pods",
                "/browse/food/cocoa-pods/976759_976782_1044077_7215884"
            ],
            [
                "Swiss Miss",
                "/browse/food/swiss-miss/976759_976782_1044077_9371816"
            ]
        ]
    },
    {
        "title": "Hershey's, Popped Snack Mix, 8 Oz.",
        "url": "https://www.walmart.com/ip/Hershey-s-Popped-Snack-Mix-8-Oz/385502856",
        "price": "$3.99",
        "stars": "4.0",
        "ratings": "29 ",
        "img": "i5.walmartimages.com/asr/f9d02fd5-ae82-4eaa-8cdf-c5f8a8a27e11_1.67b1320719d0b140879dd05a105c0402.jpeg?odnWidth=612&odnHeight=612&odnBg=ffffff",
        "tags": [
            [
                "All Cookies",
                "/browse/food/all-cookies/976759_976787_1001391_1592885"
            ],
            [
                "Shop All Cookies",
                "/browse/food/shop-all-cookies/976759_976787_1001391_2392263"
            ],
            [
                "Chex Mix",
                "/browse/food/chex-mix/976759_976787_2452884_2883674"
            ],
            [
                "All Snack Mixes",
                "/browse/food/all-snack-mixes/976759_976787_2452884_4052501"
            ],
            [
                "Hershey's Snacks",
                "/browse/food/hersheys-snacks/976759_1096070_7479237"
            ]
        ]
    },
    {
        "title": "M&M'S MINIS Milk Chocolate Candy Tube, 1.08 oz.",
        "url": "https://www.walmart.com/ip/M-M-S-MINIS-Milk-Chocolate-Candy-Tube-1-08-oz/126150897",
        "price": "$7.46",
        "stars": "4.8",
        "ratings": "1082 ",
        "img": "i5.walmartimages.com/asr/bb9bfa89-0906-4ad2-96e1-5d25b3cca3e7_1.72697dad15d650542aca96d737f8fdee.jpeg?odnWidth=612&odnHeight=612&odnBg=ffffff",
        "tags": [
            [
                "Cold Packed Mars Chocolates",
                "/browse/food/cold-packed-mars-chocolates/976759_1567409_7329770_1559304"
            ],
            [
                "Reese's",
                "/browse/food/reeses/976759_1096070_1224976_2141826"
            ],
            [
                "Shop All Chocolate",
                "/browse/food/shop-all-chocolate/976759_1096070_1224976_2323697"
            ],
            [
                "Halloween Chocolate",
                "/browse/food/halloween-chocolate/976759_1567409_2107086_6041305_2967282"
            ],
            [
                "Marshmallows",
                "/browse/food/marshmallows/976759_976780_2881195_3975443"
            ],
            [
                "M&M's",
                "/browse/food/mms/976759_1096070_1224976_4198966"
            ],
            [
                "Chocolate Boxes",
                "/browse/food/chocolate-boxes/976759_1089004_5339481_6286434"
            ],
            [
                "Wholesale Candy",
                "/browse/food/wholesale-candy/976759_1096070_1224980_8149011"
            ]
        ]
    },
    {
        "title": "Airheads Xtremes Rainbow Berry Sour Belts Candy, 36 Oz., 18 Count",
        "url": "https://www.walmart.com/ip/Airheads-Xtremes-Rainbow-Berry-Sour-Belts-Candy-36-Oz-18-Count/180448085",
        "price": "$11.22",
        "stars": "4.9",
        "ratings": "79 ",
        "img": "i5.walmartimages.com/asr/3c94c0ca-b374-467e-b53b-ef512bd44cf0_2.6c06c815e0fdce9b0ac049163569241e.jpeg?odnWidth=612&odnHeight=612&odnBg=ffffff",
        "tags": [
            [
                "Children's Party",
                "/browse/food/childrens-party/976759_1096070_1224980_1381998"
            ],
            [
                "Caramels & Taffys",
                "/browse/food/caramels-taffys/976759_1096070_1224975_5726639"
            ],
            [
                "Office Candy",
                "/browse/food/office-candy/976759_1096070_1224980_6270829"
            ],
            [
                "Halloween Trick or Treat",
                "/browse/food/halloween-trick-treat/976759_1567409_2107086_6041305_8139682"
            ],
            [
                "Wholesale Candy",
                "/browse/food/wholesale-candy/976759_1096070_1224980_8149011"
            ],
            [
                "Sour Candy",
                "/browse/food/sour-candy/976759_1096070_1224975_8650414"
            ],
            [
                "Classroom Candy and Treats",
                "/browse/food/classroom-candy-treats/976759_1567409_9457805_8980866"
            ]
        ]
    },
    {
        "title": "Reese's Take5, 5 Layer Candy Bars Box, 1.5 Oz., 18 Ct.",
        "url": "https://www.walmart.com/ip/Reese-s-Take5-5-Layer-Candy-Bars-Box-1-5-Oz-18-Ct/554180796",
        "price": "$13.84",
        "stars": "4.4",
        "ratings": "27 ",
        "img": "i5.walmartimages.com/asr/9a746a18-d087-4bab-8d0c-17ff31edba52_2.e6168cb3886e0de2cf496367fa5952fa.png?odnWidth=612&odnHeight=612&odnBg=ffffff",
        "tags": [
            [
                "Hershey's Easter Chocolate Candy and Treats",
                "/browse/food/hersheys-easter-chocolate-candy-treats/976759_1567409_7567150_1407602"
            ],
            [
                "Cold Packed Hershey's Chocolate",
                "/browse/food/cold-packed-hersheys-chocolate/976759_1567409_7329770_1591769"
            ],
            [
                "Halloween Chocolate",
                "/browse/food/halloween-chocolate/976759_1567409_2107086_6041305_2967282"
            ],
            [
                "Chocolate Bars",
                "/browse/food/chocolate-bars/976759_1096070_1224976_3761246"
            ],
            [
                "Hershey's Halloween Candy",
                "/browse/food/hersheys-halloween-candy/976759_1567409_2107086_6041305_5688639"
            ],
            [
                "Hershey's Candy",
                "/browse/food/hersheys-candy/976759_1089004_5339481_6030945"
            ],
            [
                "Milk Chocolate",
                "/browse/food/milk-chocolate/976759_1096070_1224976_9905281"
            ],
            [
                "Shop All Cold Packed Groceries",
                "/browse/food/shop-all-cold-packed-groceries/976759_1567409_7329770_9969026"
            ]
        ]
    },
    {
        "title": "Nerds Guava/Mango Chile & Laffy Taffy Guava/Pineapple Halloween Candy Variety Pack, 40 Oz (90 Count",
        "url": "https://www.walmart.com/ip/Nerds-Guava-Mango-Chile-Laffy-Taffy-Guava-Pineapple-Halloween-Candy-Variety-Pack-40-Oz-90-Count/202548228",
        "price": "$9.94",
        "stars": "4.8",
        "ratings": "4 ",
        "img": "i5.walmartimages.com/asr/e52dd8c0-9118-48d4-924a-9207af23346e.03209304ab9902d0aa7fc07218bc483f.jpeg?odnWidth=612&odnHeight=612&odnBg=ffffff",
        "tags": [
            [
                "Children's Party",
                "/browse/food/childrens-party/976759_1096070_1224980_1381998"
            ],
            [
                "Hard Candy",
                "/browse/food/hard-candy/976759_1096070_1224979_3137292"
            ],
            [
                "Office Candy",
                "/browse/food/office-candy/976759_1096070_1224980_6270829"
            ],
            [
                "Easter Egg Hunt Candy",
                "/browse/food/easter-egg-hunt-candy/976759_1567409_7567150_4780634_7164648"
            ],
            [
                "Halloween Trick or Treat",
                "/browse/food/halloween-trick-treat/976759_1567409_2107086_6041305_8139682"
            ],
            [
                "Brach's Easter Candy",
                "/browse/food/brachs-easter-candy/976759_1567409_7567150_8336680"
            ],
            [
                "All Halloween Candy",
                "/browse/food/all-halloween-candy/976759_1567409_2107086_6041305_9735259"
            ]
        ]
    },
    {
        "title": "Laffy Taffy Sour Apple, Cherry, Strawberry & Banana Assorted Minis Candy Tub, 0.34 Oz (145 Count)",
        "url": "https://www.walmart.com/ip/Laffy-Taffy-Sour-Apple-Cherry-Strawberry-Banana-Assorted-Minis-Candy-Tub-0-34-Oz-145-Count/191517021",
        "price": "$11.97",
        "stars": "4.6",
        "ratings": "109 ",
        "img": "",
        "tags": [
            [
                "Children's Party",
                "/browse/food/childrens-party/976759_1096070_1224980_1381998"
            ],
            [
                "Caramels & Taffys",
                "/browse/food/caramels-taffys/976759_1096070_1224975_5726639"
            ],
            [
                "Office Candy",
                "/browse/food/office-candy/976759_1096070_1224980_6270829"
            ],
            [
                "Shop All Candy",
                "/browse/food/shop-all-candy/976759_1096070_1224975_6909059"
            ],
            [
                "Halloween Trick or Treat",
                "/browse/food/halloween-trick-treat/976759_1567409_2107086_6041305_8139682"
            ],
            [
                "Brach's Easter Candy",
                "/browse/food/brachs-easter-candy/976759_1567409_7567150_8336680"
            ],
            [
                "Classroom Candy and Treats",
                "/browse/food/classroom-candy-treats/976759_1567409_9457805_8980866"
            ]
        ]
    },
    {
        "title": "Trident Watermelon Twist Sugar Free Gum, 12 Packs of 14 Pieces (168 Total Pieces)",
        "url": "https://www.walmart.com/ip/Trident-Watermelon-Twist-Sugar-Free-Gum-12-Packs-of-14-Pieces-168-Total-Pieces/164949818",
        "price": "$7.90",
        "stars": "4.9",
        "ratings": "24 ",
        "img": "i5.walmartimages.com/asr/4037676d-4cc1-4f12-8a00-1bb46585cceb.3580e13ea2c7887f5b852c4183a763a3.jpeg?odnWidth=612&odnHeight=612&odnBg=ffffff",
        "tags": [
            [
                "Shop All Chewing Gum",
                "/browse/food/shop-all-chewing-gum/976759_1096070_1224977_1572366"
            ],
            [
                "Bubble Gum",
                "/browse/food/bubble-gum/976759_1096070_1224977_2039307"
            ],
            [
                "Sugar Free Food",
                "/browse/food/sugar-free-food/976759_1567409_3170630_2147513"
            ],
            [
                "Sugar-Free Snacks",
                "/browse/food/sugar-free-snacks/976759_976787_3455839"
            ],
            [
                "Wrigley Gum",
                "/browse/food/wrigley-gum/976759_1096070_1224977_3533254"
            ],
            [
                "Xylitol Gum",
                "/browse/food/xylitol-gum/976759_1096070_1224977_4012214"
            ],
            [
                "Ice Breakers Chewing Gum",
                "/browse/food/ice-breakers-chewing-gum/976759_1096070_1224977_5365518"
            ],
            [
                "Hershey's Candy",
                "/browse/food/hersheys-candy/976759_1089004_5339481_6030945"
            ]
        ]
    }
]