[
    {
        "title": "Nature Valley Sweet & Salty Nut Granola Bars 15 Count",
        "url": "https://www.walmart.com/ip/Nature-Valley-Sweet-Salty-Nut-Granola-Bars-15-Count/357343333",
        "price": "$5.98",
        "stars": "4.5",
        "ratings": "36 ",
        "img": "i5.walmartimages.com/asr/9556d5f6-9ed3-4bf3-aa23-846cd95cbb07.1025a1344c905065ab16ed2e8f5163df.jpeg?odnWidth=612&odnHeight=612&odnBg=ffffff",
        "tags": [
            [
                "Cereal Bars & Breakfast Bars",
                "/browse/food/cereal-bars-breakfast-bars/976759_976783_1001332"
            ],
            [
                "Return to School - Snacks",
                "/browse/food/return-to-school-snacks/976759_976787_2904638"
            ],
            [
                "Shop Nature Valley",
                "/browse/food/shop-nature-valley/976759_976787_1044154_4008994"
            ],
            [
                "Granola Bars",
                "/browse/food/granola-bars/976759_976787_1044154_5006109"
            ],
            [
                "Kid's Lunches",
                "/browse/food/kids-lunches/976759_1567409_7966149_7561098"
            ],
            [
                "Nature Valley Granola Bars & Snack Bars",
                "/browse/food/nature-valley-granola-bars-snack-bars/976759_976787_1044154_7928976"
            ],
            [
                "New Year New You",
                "/browse/food/new-year-new-you/976759_1567409_3170630_9741688"
            ]
        ]
    },
    {
        "title": "Great Value Cranberry, Cashew & Almond Trail Mix, 29 oz",
        "url": "https://www.walmart.com/ip/Great-Value-Cranberry-Cashew-Almond-Trail-Mix-29-oz/37320041",
        "price": "$8.87",
        "stars": "4.4",
        "ratings": "526 ",
        "img": "i5.walmartimages.com/asr/129f8505-e8b1-4e49-95f4-e7cf5b018239_2.bcd91c323504ccce9f7c5d32f8acff3f.jpeg?odnWidth=612&odnHeight=612&odnBg=ffffff",
        "tags": [
            [
                "Trail Mixes and Healthy Snacks",
                "/browse/food/trail-mixes-healthy-snacks/976759_1071964_976793_6682547_2536517"
            ],
            [
                "All Nuts, Trail Mix,& Seeds",
                "/browse/food/all-nuts-trail-mix-seeds/976759_976787_1001406_2615672"
            ],
            [
                "On the Go Snacks",
                "/browse/food/on-the-go-snacks/976759_976787_3253105"
            ],
            [
                "Nuts",
                "/browse/food/nuts/976759_976787_1001406_3488004"
            ],
            [
                "Planters Cashews",
                "/browse/food/planters-cashews/976759_976787_1001406_8305691_4118325"
            ],
            [
                "All Nuts, Dried Fruits and Healthy Snacks",
                "/browse/food/all-nuts-dried-fruits-healthy-snacks/976759_1071964_976793_6682547_7101504"
            ],
            [
                "Mixed Nuts",
                "/browse/food/mixed-nuts/976759_976787_1001406_9012417"
            ]
        ]
    },
    {
        "title": "Blue Diamond Almonds, Smokehouse 14 oz bag",
        "url": "https://www.walmart.com/ip/Blue-Diamond-Almonds-Smokehouse-14-oz-bag/45996561",
        "price": "$6.98",
        "stars": "4.8",
        "ratings": "73 ",
        "img": "i5.walmartimages.com/asr/bd912bb6-f535-4468-82dd-8b788fab14cc_2.dbbe088cf1a816f2f594ed2e0a353e3e.jpeg?odnWidth=612&odnHeight=612&odnBg=ffffff",
        "tags": [
            [
                "All Nuts, Trail Mix,& Seeds",
                "/browse/food/all-nuts-trail-mix-seeds/976759_976787_1001406_2615672"
            ],
            [
                "Planters Cashews",
                "/browse/food/planters-cashews/976759_976787_1001406_8305691_4118325"
            ],
            [
                "Blue Diamond Almonds",
                "/browse/food/blue-diamond-almonds/976759_976787_1001406_3474924_5177820"
            ],
            [
                "All Almonds",
                "/browse/food/all-almonds/976759_976787_1001406_3474924_6070199"
            ],
            [
                "All Nuts, Dried Fruits and Healthy Snacks",
                "/browse/food/all-nuts-dried-fruits-healthy-snacks/976759_1071964_976793_6682547_7101504"
            ],
            [
                "Roasted Almonds",
                "/browse/food/roasted-almonds/976759_976787_1001406_3474924_8901627"
            ]
        ]
    },
    {
        "title": "Jell-O Berry Blue Instant Gelatin Mix, 3 oz Box",
        "url": "https://www.walmart.com/ip/Jell-O-Berry-Blue-Instant-Gelatin-Mix-3-oz-Box/13812779",
        "price": "$0.98",
        "stars": "4.7",
        "ratings": "750 ",
        "img": "i5.walmartimages.com/asr/c57d15cd-0090-43a9-a7a8-8388c6c0f16d.02195f4094145a51f18584be8f24c643.jpeg?odnWidth=612&odnHeight=612&odnBg=ffffff",
        "tags": [
            [
                "Pudding & Gelatin",
                "/browse/food/pudding-gelatin/976759_976787_1001471"
            ],
            [
                "Valentine's Day Baking",
                "/browse/food/valentines-day-baking/976759_1567409_9457805_1303563"
            ],
            [
                "Sugar-Free Food Essentials",
                "/browse/food/sugar-free-food-essentials/976759_1567409_2168938_8870296_1639022"
            ],
            [
                "All Fresh Fruit",
                "/browse/food/all-fresh-fruit/976759_1071964_976793_9756351_1759962"
            ],
            [
                "Sugar Free Food",
                "/browse/food/sugar-free-food/976759_1567409_3170630_2147513"
            ],
            [
                "Bananas",
                "/browse/food/bananas/976759_1071964_976793_9756351_2787146"
            ],
            [
                "Baking Ingredients",
                "/browse/food/baking-ingredients/976759_4143264_2535686_5948883_5994684"
            ],
            [
                "Easter Baking",
                "/browse/food/easter-baking/976759_1567409_2168938_2546479_6431277"
            ]
        ]
    },
    {
        "title": "Chex Mix Sweet and Salty Honey Nut Snack Mix, 15 oz",
        "url": "https://www.walmart.com/ip/Chex-Mix-Sweet-and-Salty-Honey-Nut-Snack-Mix-15-oz/10813361",
        "price": "$2.98",
        "stars": "4.6",
        "ratings": "164 ",
        "img": "i5.walmartimages.com/asr/0006f761-028b-44ea-ac83-3b53025263f9.4aa759c01dd6c46245e73411421b3e52.jpeg?odnWidth=612&odnHeight=612&odnBg=ffffff",
        "tags": [
            [
                "Pringles & Cheez-It",
                "/browse/pringles-cheez-it/976759_1863726"
            ],
            [
                "All Snack Mixes",
                "/browse/food/all-snack-mixes/976759_976787_2452884_4052501"
            ],
            [
                "Study Snacks",
                "/browse/food/study-snacks/976759_1567409_3591080_6794842"
            ],
            [
                "Trail Mix",
                "/browse/food/trail-mix/976759_976787_1001406_7771097"
            ],
            [
                "Snack Crackers",
                "/browse/food/snack-crackers/976759_976787_1001392_9358664"
            ]
        ]
    },
    {
        "title": "RITZ Reduced Fat Original Crackers, 12.5 oz",
        "url": "https://www.walmart.com/ip/RITZ-Reduced-Fat-Original-Crackers-12-5-oz/25822517",
        "price": "$2.68",
        "stars": "4.9",
        "ratings": "87 ",
        "img": "i5.walmartimages.com/asr/ccd605c7-4026-40a1-a79f-5695763f259a.b08b632e14baef80fcbb4abc9c857846.jpeg?odnWidth=612&odnHeight=612&odnBg=ffffff",
        "tags": [
            [
                "Pringles & Cheez-It",
                "/browse/pringles-cheez-it/976759_1863726"
            ],
            [
                "Sandwich Crackers",
                "/browse/food/sandwich-crackers/976759_976787_1001392_4767196"
            ],
            [
                "Shop Kellogg's",
                "/browse/shop-kelloggs/976759_7786229"
            ],
            [
                "Ritz Cheese Crackers",
                "/browse/food/ritz-cheese-crackers/976759_976787_1001392_8713132_8696191"
            ],
            [
                "All Ritz Crackers",
                "/browse/food/all-ritz-crackers/976759_976787_1001392_8713132_8999626"
            ],
            [
                "On-the-go Crackers",
                "/browse/food/on-the-go-crackers/976759_976787_1001392_9056086"
            ],
            [
                "Snack Crackers",
                "/browse/food/snack-crackers/976759_976787_1001392_9358664"
            ]
        ]
    },
    {
        "title": "Kashi, Chewy Granola Bars, Chocolate Almond Sea Salt, 6 Ct, 7.4 Oz",
        "url": "https://www.walmart.com/ip/Kashi-Chewy-Granola-Bars-Chocolate-Almond-Sea-Salt-6-Ct-7-4-Oz/33571817",
        "price": "$2.98",
        "stars": "4.4",
        "ratings": "117 ",
        "img": "i5.walmartimages.com/asr/8862d4ed-892b-46c6-a2da-18ff21a72e6a.3a302264e283492ce5e5f200178b9652.jpeg?odnWidth=612&odnHeight=612&odnBg=ffffff",
        "tags": [
            [
                "Cereal Bars & Breakfast Bars",
                "/browse/food/cereal-bars-breakfast-bars/976759_976783_1001332"
            ],
            [
                "Plant Based Breakfast Foods",
                "/browse/food/plant-based-breakfast-foods/976759_5148628_4583057_2468673_2574287"
            ],
            [
                "KIND Bars",
                "/browse/food/kind-bars/976759_976787_1044154_4935111"
            ],
            [
                "Granola Bars",
                "/browse/food/granola-bars/976759_976787_1044154_5006109"
            ],
            [
                "Plant Based Snacks",
                "/browse/food/plant-based-snacks/976759_5148628_4583057_2468673_6967777"
            ],
            [
                "Nature Valley Granola Bars & Snack Bars",
                "/browse/food/nature-valley-granola-bars-snack-bars/976759_976787_1044154_7928976"
            ],
            [
                "Shop All Plant Based Foods",
                "/browse/food/shop-all-plant-based-foods/976759_5148628_4583057_2468673_8701847"
            ]
        ]
    },
    {
        "title": "Orville Redenbacher's Butter Popcorn, Mini Bags, 1.5 Oz, 12 Ct",
        "url": "https://www.walmart.com/ip/Orville-Redenbacher-s-Butter-Popcorn-Mini-Bags-1-5-Oz-12-Ct/37911089",
        "price": "$3.62",
        "stars": "4.6",
        "ratings": "37 ",
        "img": "i5.walmartimages.com/asr/4d5632b7-a901-43b8-b8c0-05168f64d004.470e3be9ea80caa69eedd242c0368860.jpeg?odnWidth=612&odnHeight=612&odnBg=ffffff",
        "tags": [
            [
                "Movie Theater Butter Popcorn",
                "/browse/food/movie-theater-butter-popcorn/976759_976787_1001407_2066160"
            ],
            [
                "Orville Redenbacher's Popcorn",
                "/browse/food/orville-redenbachers-popcorn/976759_976787_1001407_2318843"
            ],
            [
                "Gametime Snacks",
                "/browse/food/gametime-snacks/976759_1567409_3282877_2947703"
            ],
            [
                "All Popcorn",
                "/browse/food/all-popcorn/976759_976787_1001407_3516563"
            ],
            [
                "Movie Night Foods and Drinks",
                "/browse/food/movie-night-foods-drinks/976759_976787_4460428"
            ],
            [
                "Popcorn Bags",
                "/browse/food/popcorn-bags/976759_976787_1001407_6926277"
            ],
            [
                "Shop All Plant Based Foods",
                "/browse/food/shop-all-plant-based-foods/976759_5148628_4583057_2468673_8701847"
            ],
            [
                "Summer Grilling Snacks",
                "/browse/food/summer-grilling-snacks/976759_1567409_8808777_8991223"
            ]
        ]
    },
    {
        "title": "Nature's Bakery Whole Wheat Original Fig Bar, 10 Twin Packs, 2 Oz each",
        "url": "https://www.walmart.com/ip/Nature-s-Bakery-Whole-Wheat-Original-Fig-Bar-10-Twin-Packs-2-Oz-each/728051769",
        "price": "$4.46",
        "stars": "4.6",
        "ratings": "105 ",
        "img": "i5.walmartimages.com/asr/c2bbc0b7-8316-4d14-a070-f5a1bbf65c13_2.b2db06518a3bea668b30d4ac335bd736.png?odnWidth=612&odnHeight=612&odnBg=ffffff",
        "tags": [
            [
                "Plant Based Breakfast Foods",
                "/browse/food/plant-based-breakfast-foods/976759_5148628_4583057_2468673_2574287"
            ],
            [
                "Kid's Breakfast",
                "/browse/food/kids-breakfast/976759_1567409_7966149_6779439"
            ],
            [
                "Vegan Foods",
                "/browse/food/vegan-foods/976759_5004481_6794259"
            ],
            [
                "Study Snacks",
                "/browse/food/study-snacks/976759_1567409_3591080_6794842"
            ],
            [
                "Plant Based Snacks",
                "/browse/food/plant-based-snacks/976759_5148628_4583057_2468673_6967777"
            ],
            [
                "Shop All Plant Based Foods",
                "/browse/food/shop-all-plant-based-foods/976759_5148628_4583057_2468673_8701847"
            ],
            [
                "New Year New You",
                "/browse/food/new-year-new-you/976759_1567409_3170630_9741688"
            ]
        ]
    },
    {
        "title": "Combos Cheddar and Pizzeria Baked Snack Variety Pack,12 Ct Box (0.93 Oz. Bags)",
        "url": "https://www.walmart.com/ip/Combos-Cheddar-and-Pizzeria-Baked-Snack-Variety-Pack-12-Ct-Box-0-93-Oz-Bags/21651849",
        "price": "$3.54",
        "stars": "4.8",
        "ratings": "16 ",
        "img": "i5.walmartimages.com/asr/1abaabd2-710d-45c0-b8bd-1e237037f9bc.5337f928ebfe0384d02526eb615f5b83.jpeg?odnWidth=612&odnHeight=612&odnBg=ffffff",
        "tags": [
            [
                "All Grab and Go Sandwiches, Salads and Snack Packs",
                "/browse/food/all-grab-go-sandwiches-salads-snack-packs/976759_1071964_976789_1291950_1584059"
            ],
            [
                "On the Go Snacks",
                "/browse/food/on-the-go-snacks/976759_976787_3253105"
            ],
            [
                "All Pretzels",
                "/browse/food/all-pretzels/976759_976787_1044156_4377769"
            ],
            [
                "Study Snacks",
                "/browse/food/study-snacks/976759_1567409_3591080_6794842"
            ],
            [
                "Lunchbox Favorites",
                "/browse/food/lunchbox-favorites/976759_976787_7186343"
            ],
            [
                "On-the-go Crackers",
                "/browse/food/on-the-go-crackers/976759_976787_1001392_9056086"
            ],
            [
                "Snack Crackers",
                "/browse/food/snack-crackers/976759_976787_1001392_9358664"
            ]
        ]
    }
]