[
    {
        "title": "Healthy Choice Simply Steamers Frozen Dinner Beef & Broccoli 10 Ounce",
        "url": "https://www.walmart.com/ip/Healthy-Choice-Simply-Steamers-Frozen-Dinner-Beef-Broccoli-10-Ounce/192122658",
        "price": "$2.98",
        "stars": "3.9",
        "ratings": "100 ",
        "img": "i5.walmartimages.com/asr/bd6ba4c0-9e09-4ce8-bd0d-bf0c52cd716c_1.a08d26884bbf31236f554820be1a4132.jpeg?odnWidth=612&odnHeight=612&odnBg=ffffff",
        "tags": [
            [
                "All Fresh Fruit",
                "/browse/food/all-fresh-fruit/976759_1071964_976793_9756351_1759962"
            ],
            [
                "Bananas",
                "/browse/food/bananas/976759_1071964_976793_9756351_2787146"
            ],
            [
                "Gluten Free Cereal",
                "/browse/food/gluten-free-cereal/976759_976783_1231208_6180608"
            ],
            [
                "Heatlhy Frozen Meals",
                "/browse/food/heatlhy-frozen-meals/976759_976791_5511284_6940360"
            ],
            [
                "Frozen Pasta",
                "/browse/food/frozen-pasta/976759_976791_7089533"
            ],
            [
                "Frozen Chicken",
                "/browse/food/frozen-chicken/976759_976791_5295075_8609714"
            ],
            [
                "Canned Pasta",
                "/browse/food/canned-pasta/976759_976794_6223225_9403505"
            ]
        ]
    },
    {
        "title": "Delimex Beef Taquitos 23 count Box",
        "url": "https://www.walmart.com/ip/Delimex-Beef-Taquitos-23-count-Box/35103134",
        "price": "$4.98",
        "stars": "4.1",
        "ratings": "23 ",
        "img": "i5.walmartimages.com/asr/3f7c992d-0114-490f-af12-0b8c7464bca7.9e7d7021b46651afc6f75f332b5023d9.jpeg?odnWidth=612&odnHeight=612&odnBg=ffffff",
        "tags": [
            [
                "Frozen Dinners & Meals",
                "/browse/food/frozen-dinners-meals/976759_976791_5511284_1001412"
            ],
            [
                "Frozen Meat",
                "/browse/food/frozen-meat/976759_976791_5295075_1230001"
            ],
            [
                "Reese's",
                "/browse/food/reeses/976759_1096070_1224976_2141826"
            ],
            [
                "Shop All Chocolate",
                "/browse/food/shop-all-chocolate/976759_1096070_1224976_2323697"
            ],
            [
                "ACT II",
                "/browse/food/act-ii/976759_976787_1001407_2886328"
            ],
            [
                "Marshmallows",
                "/browse/food/marshmallows/976759_976780_2881195_3975443"
            ],
            [
                "Monster Energy Drinks",
                "/browse/food/monster-energy-drinks/976759_976782_9357528_4806887"
            ]
        ]
    },
    {
        "title": "Great Value Frozen Sliced Strawberries, 64 oz",
        "url": "https://www.walmart.com/ip/Great-Value-Frozen-Sliced-Strawberries-64-oz/672666564",
        "price": null,
        "stars": "3.8",
        "ratings": "17 ",
        "img": "i5.walmartimages.com/asr/bec1b1a6-7179-4139-8b85-bff6202dda70_4.96ef909a06b019e320228b4a7a4f12f3.jpeg?odnWidth=612&odnHeight=612&odnBg=ffffff",
        "tags": [
            [
                "Berries",
                "/browse/food/berries/976759_1071964_976793_9756351_1643058"
            ],
            [
                "Organic Fruits",
                "/browse/food/organic-fruits/976759_1071964_976793_1913529_1703615"
            ],
            [
                "All Fresh Fruit",
                "/browse/food/all-fresh-fruit/976759_1071964_976793_9756351_1759962"
            ],
            [
                "Bananas",
                "/browse/food/bananas/976759_1071964_976793_9756351_2787146"
            ],
            [
                "All Organic Produce",
                "/browse/food/all-organic-produce/976759_1071964_976793_1913529_5408476"
            ],
            [
                "Low Sodium Foods",
                "/browse/food/low-sodium-foods/976759_5004481_6733659"
            ],
            [
                "All Flours & Meals",
                "/browse/food/all-flours-meals/976759_976780_1044119_9633020"
            ]
        ]
    },
    {
        "title": "Great Value Deep Dish Mini Pizza, Cheese, 22.4 oz, 4 Count",
        "url": "https://www.walmart.com/ip/Great-Value-Deep-Dish-Mini-Pizza-Cheese-22-4-oz-4-Count/47314791",
        "price": "$3.98",
        "stars": "4.8",
        "ratings": "29 ",
        "img": "i5.walmartimages.com/asr/846e9681-09cf-43fa-a21b-f68eabf917c5_1.6706e60ae3496dbb4224bc4e55d6d4b2.jpeg?odnWidth=612&odnHeight=612&odnBg=ffffff",
        "tags": [
            [
                "Shop All Salad Dressings",
                "/browse/food/shop-all-salad-dressings/976759_976786_5730644_1001365"
            ],
            [
                "Frozen Dinners & Meals",
                "/browse/food/frozen-dinners-meals/976759_976791_5511284_1001412"
            ],
            [
                "Pizza Crust",
                "/browse/food/pizza-crust/976759_1071964_976779_1001464"
            ],
            [
                "Frozen Meat Pizzas",
                "/browse/food/frozen-meat-pizzas/976759_976791_5774679_3790397"
            ],
            [
                "Frozen Family Sized Pizza",
                "/browse/food/frozen-family-sized-pizza/976759_976791_5774679_5134044"
            ],
            [
                "Frozen Pasta",
                "/browse/food/frozen-pasta/976759_976791_7089533"
            ],
            [
                "All Bacon, Hot Dogs and Sausages",
                "/browse/food/all-bacon-hot-dogs-sausages/976759_1071964_976789_1434810_8443906"
            ]
        ]
    },
    {
        "title": "Great Value Sausage, Egg & Cheese on a Croissant, 4.4 oz, 4 Count",
        "url": "https://www.walmart.com/ip/Great-Value-Sausage-Egg-Cheese-on-a-Croissant-4-4-oz-4-Count/20971337",
        "price": "$3.28",
        "stars": "4.1",
        "ratings": "82 ",
        "img": "",
        "tags": [
            [
                "Sandwiches",
                "/browse/food/sandwiches/976759_1071964_976789_1001431"
            ],
            [
                "Dessert Breads",
                "/browse/food/dessert-breads/976759_1071964_976779_1001456"
            ],
            [
                "All Fresh Fruit",
                "/browse/food/all-fresh-fruit/976759_1071964_976793_9756351_1759962"
            ],
            [
                "Bananas",
                "/browse/food/bananas/976759_1071964_976793_9756351_2787146"
            ],
            [
                "All Frozen Breakfast",
                "/browse/food/all-frozen-breakfast/976759_976791_1001417_7605033"
            ],
            [
                "Croissants and Breakfast Pastries",
                "/browse/food/croissants-breakfast-pastries/976759_1071964_976779_1044115_8008239"
            ]
        ]
    },
    {
        "title": "Fettuccine Alfredo",
        "url": "https://www.walmart.com/ip/Fettuccine-Alfredo/13398039",
        "price": "$1.00",
        "stars": "4.7",
        "ratings": "26 ",
        "img": "i5.walmartimages.com/asr/53f16aee-9766-4fb3-aa97-08c844fca290.27965e9bc606ad0c29bbe5e44613b59b.jpeg?odnWidth=612&odnHeight=612&odnBg=ffffff",
        "tags": [
            [
                "Frozen Vegetables",
                "/browse/food/frozen-vegetables/976759_976791_1001424"
            ],
            [
                "Boxed Meals",
                "/browse/food/boxed-meals/976759_976794_6223225_1001477"
            ],
            [
                "Frozen Beef",
                "/browse/food/frozen-beef/976759_976791_5295075_1740883"
            ],
            [
                "Weight Management Bars",
                "/browse/food/weight-management-bars/976759_1567409_3170630_6275898"
            ],
            [
                "Frozen Pasta",
                "/browse/food/frozen-pasta/976759_976791_7089533"
            ],
            [
                "Kid's Lunches",
                "/browse/food/kids-lunches/976759_1567409_7966149_7561098"
            ],
            [
                "Frozen Chicken",
                "/browse/food/frozen-chicken/976759_976791_5295075_8609714"
            ],
            [
                "Easy Kid's Dinners",
                "/browse/food/easy-kids-dinners/976759_1567409_7966149_9873756"
            ]
        ]
    },
    {
        "title": "Green Giant\u00ae Veggie Spirals Zucchini 12 oz. Bag",
        "url": "https://www.walmart.com/ip/Green-Giant-Veggie-Spirals-Zucchini-12-oz-Bag/262950480",
        "price": "$3.48",
        "stars": "2.8",
        "ratings": "30 ",
        "img": "i5.walmartimages.com/asr/cda255bc-d8c5-4f64-9418-291a55ab2105.923e95e4ccb94e6927794b69daa0d79b.jpeg?odnWidth=612&odnHeight=612&odnBg=ffffff",
        "tags": [
            [
                "Cereal Bars & Breakfast Bars",
                "/browse/food/cereal-bars-breakfast-bars/976759_976783_1001332"
            ],
            [
                "Tortillas, Pitas & Wraps",
                "/browse/food/tortillas-pitas-wraps/976759_1071964_976779_3034786_1001458"
            ],
            [
                "All Fresh Fruit",
                "/browse/food/all-fresh-fruit/976759_1071964_976793_9756351_1759962"
            ],
            [
                "No Sugar Foods",
                "/browse/food/no-sugar-foods/976759_5004481_1858214"
            ],
            [
                "Bananas",
                "/browse/food/bananas/976759_1071964_976793_9756351_2787146"
            ],
            [
                "Gaming Snacks & Drinks",
                "/browse/food/gaming-snacks-drinks/976759_1567409_8254504"
            ],
            [
                "Summer Grilling Snacks",
                "/browse/food/summer-grilling-snacks/976759_1567409_8808777_8991223"
            ]
        ]
    },
    {
        "title": "Banquet Mega Bowls Buffalo-Style Chicken Mac N Cheese Frozen Dinner 14 Ounce",
        "url": "https://www.walmart.com/ip/Banquet-Mega-Bowls-Buffalo-Style-Chicken-Mac-N-Cheese-Frozen-Dinner-14-Ounce/542272202",
        "price": "$2.18",
        "stars": "3.9",
        "ratings": "169 ",
        "img": "i5.walmartimages.com/asr/1475d973-8fb3-46dd-9428-c960139c109a_1.ec76941c0f7b51e2cd4799285c94a039.jpeg?odnWidth=612&odnHeight=612&odnBg=ffffff",
        "tags": [
            [
                "Canned Ready to Eat Meals",
                "/browse/food/canned-ready-to-eat-meals/976759_976794_976785_1001348"
            ],
            [
                "Frozen Dinners & Meals",
                "/browse/food/frozen-dinners-meals/976759_976791_5511284_1001412"
            ],
            [
                "Boxed Meals",
                "/browse/food/boxed-meals/976759_976794_6223225_1001477"
            ],
            [
                "Frozen Meat",
                "/browse/food/frozen-meat/976759_976791_5295075_1230001"
            ],
            [
                "Frozen Pork",
                "/browse/food/frozen-pork/976759_976791_5295075_6701671"
            ],
            [
                "Heatlhy Frozen Meals",
                "/browse/food/heatlhy-frozen-meals/976759_976791_5511284_6940360"
            ],
            [
                "Frozen Chicken",
                "/browse/food/frozen-chicken/976759_976791_5295075_8609714"
            ],
            [
                "Canned Pasta",
                "/browse/food/canned-pasta/976759_976794_6223225_9403505"
            ]
        ]
    },
    {
        "title": "Great Value Tilapia Skinless & Boneless Fillets Value Bag, 4 lb",
        "url": "https://www.walmart.com/ip/Great-Value-Tilapia-Skinless-Boneless-Fillets-Value-Bag-4-lb/123210797",
        "price": "$11.24",
        "stars": "3.7",
        "ratings": "37 ",
        "img": "i5.walmartimages.com/asr/3fa2cad8-1218-49fe-a0ca-8672caaa8d3a_1.46d1f904f6dd23be61f560bcaa79674b.jpeg?odnWidth=612&odnHeight=612&odnBg=ffffff",
        "tags": [
            [
                "Condiments",
                "/browse/food/condiments/976759_976786_9696846_1001363"
            ],
            [
                "Beef",
                "/browse/food/beef/976759_1071964_976796_1730435_1001441"
            ],
            [
                "All Fresh Fruit",
                "/browse/food/all-fresh-fruit/976759_1071964_976793_9756351_1759962"
            ],
            [
                "Bananas",
                "/browse/food/bananas/976759_1071964_976793_9756351_2787146"
            ],
            [
                "Beef Steaks",
                "/browse/food/beef-steaks/976759_1071964_976796_1730435_3846672"
            ],
            [
                "All Gametime Food",
                "/browse/food/all-gametime-food/976759_1567409_3282877_6093905"
            ],
            [
                "Vegan Foods",
                "/browse/food/vegan-foods/976759_5004481_6794259"
            ],
            [
                "Summer Grilling Condiments",
                "/browse/food/summer-grilling-condiments/976759_1567409_8808777_7265121"
            ]
        ]
    },
    {
        "title": "TOMBSTONE ORIGINAL 5 Cheese Frozen Pizza",
        "url": "https://www.walmart.com/ip/TOMBSTONE-ORIGINAL-5-Cheese-Frozen-Pizza/825517367",
        "price": "$3.97",
        "stars": "2.7",
        "ratings": "18 ",
        "img": "i5.walmartimages.com/asr/f936621f-ef03-43e8-9fbe-f1ca6725e065.76a0d7d7cf4c90d4f761b18d9195c1bf.jpeg?odnWidth=612&odnHeight=612&odnBg=ffffff",
        "tags": [
            [
                "Pizza Crust",
                "/browse/food/pizza-crust/976759_1071964_976779_1001464"
            ],
            [
                "Sparkling Juice",
                "/browse/food/sparkling-juice/976759_976782_1001321_1236913"
            ],
            [
                "Kosher Beverages",
                "/browse/food/kosher-beverages/976759_7715306_3244961"
            ],
            [
                "Frozen Meat Pizzas",
                "/browse/food/frozen-meat-pizzas/976759_976791_5774679_3790397"
            ],
            [
                "Frozen Vegetable Pizzas",
                "/browse/food/frozen-vegetable-pizzas/976759_976791_5774679_4033210"
            ],
            [
                "Frozen Family Sized Pizza",
                "/browse/food/frozen-family-sized-pizza/976759_976791_5774679_5134044"
            ],
            [
                "Kosher Specialty",
                "/browse/food/kosher-specialty/976759_7715306_7551793"
            ],
            [
                "Kosher Foods",
                "/browse/kosher-foods/976759_8925069"
            ]
        ]
    }
]