[
    {
        "title": "(20 Packets) Crystal Light Peach Mango Green Tea Sugar Free, On-The-Go, Caffeinated Powdered Drink Mix",
        "url": "https://www.walmart.com/ip/20-Packets-Crystal-Light-Peach-Mango-Green-Tea-Sugar-Free-On-The-Go-Caffeinated-Powdered-Drink-Mix/751319511",
        "price": "$4.96",
        "stars": "4.6",
        "ratings": "108 ",
        "img": "i5.walmartimages.com/asr/f7dbf68a-6e61-48cf-be43-782799972894.4f20b7be71731e557843e4dfd6e25f7b.jpeg?odnWidth=612&odnHeight=612&odnBg=ffffff",
        "tags": [
            [
                "Lemonade Mixes",
                "/browse/food/lemonade-mixes/976759_976782_1001683_1523809"
            ],
            [
                "Crystal Light Powdered Drink Mixes",
                "/browse/food/crystal-light-powdered-drink-mixes/976759_976782_1001683_1642912"
            ],
            [
                "Natural Water Flavoring",
                "/browse/food/natural-water-flavoring/976759_976782_1228026_1889470"
            ],
            [
                "All Water Flavoring",
                "/browse/food/all-water-flavoring/976759_976782_1228026_3989315"
            ],
            [
                "All Powdered Drink Mix",
                "/browse/food/all-powdered-drink-mix/976759_976782_1001683_6396648"
            ],
            [
                "Lemonade Powder",
                "/browse/food/lemonade-powder/976759_976782_1001683_6409542"
            ],
            [
                "Great Value Powdered Drink Mixes",
                "/browse/food/great-value-powdered-drink-mixes/976759_976782_1001683_8243116"
            ]
        ]
    },
    {
        "title": "(2 pack) Mtn Dew Frost Bite, 16.9 oz Bottles, 6 Count",
        "url": "https://www.walmart.com/ip/2-pack-Mtn-Dew-Frost-Bite-16-9-oz-Bottles-6-Count/744878517",
        "price": "$8.62",
        "stars": "4.1",
        "ratings": "43 ",
        "img": "i5.walmartimages.com/asr/b89039b9-e45b-4204-b82d-1af5d80a0edf_1.fc26c7dfd8fef137908fc7bd68611fd7.jpeg?odnWidth=612&odnHeight=612&odnBg=ffffff",
        "tags": []
    },
    {
        "title": "Bai Flavored Water, S\u00e3o Paulo Strawberry Lemonade, Antioxidant Infused Drinks, 18 Fluid Ounce Bottle",
        "url": "https://www.walmart.com/ip/Bai-Flavored-Water-S-o-Paulo-Strawberry-Lemonade-Antioxidant-Infused-Drinks-18-Fluid-Ounce-Bottle/199645068",
        "price": "$1.98",
        "stars": "4.3",
        "ratings": "106 ",
        "img": "i5.walmartimages.com/asr/9c9e19ac-9af4-4504-8151-2563acb0b59a_1.29e687a2119ccf09c376183fbec1425f.jpeg?odnWidth=612&odnHeight=612&odnBg=ffffff",
        "tags": [
            [
                "All Sparkling Water",
                "/browse/food/all-sparkling-water/976759_976782_1001659_1508098_1398631"
            ],
            [
                "Summer Grilling Beverages",
                "/browse/food/summer-grilling-beverages/976759_1567409_8808777_2541298"
            ],
            [
                "All Waters",
                "/browse/food/all-waters/976759_976782_1001659_2562373"
            ],
            [
                "All Flavored Water",
                "/browse/food/all-flavored-water/976759_976782_1001659_5544934_8435582"
            ],
            [
                "Lemonade Drinks",
                "/browse/food/lemonade-drinks/976759_976782_8445321"
            ],
            [
                "All Juices",
                "/browse/food/all-juices/976759_976782_1001321_8981297"
            ],
            [
                "Plant Based Beverages",
                "/browse/food/plant-based-beverages/976759_5148628_4583057_2468673_9776610"
            ]
        ]
    },
    {
        "title": "Muscle Milk Genuine Protein Shake, 25g Protein, Chocolate, 11 Fl Oz, 4 Count",
        "url": "https://www.walmart.com/ip/Muscle-Milk-Genuine-Protein-Shake-25g-Protein-Chocolate-11-Fl-Oz-4-Count/13308433",
        "price": "$5.77",
        "stars": "4.5",
        "ratings": "139 ",
        "img": "i5.walmartimages.com/asr/fa4217b0-5843-479d-a6c5-6be3682eea39.363e1e80b98d96bb4169e5d66b05c9dc.jpeg?odnWidth=612&odnHeight=612&odnBg=ffffff",
        "tags": [
            [
                "Eat High Protein Diet",
                "/browse/health/eat-high-protein-diet/976760_7207516_3867899_2349917_1339165"
            ],
            [
                "Protein Shakes, Bars & Energy Drinks",
                "/browse/health/protein-shakes-bars-energy-drinks/976760_9035881_9006282_2339462"
            ],
            [
                "Protein Drinks",
                "/browse/health/protein-drinks/976760_1166769_3205404"
            ],
            [
                "Protein On the Go",
                "/browse/health/protein-on-the-go/976760_1166769_5193040"
            ],
            [
                "Fuel Your Body",
                "/browse/health/fuel-your-body/976760_9035881_5814720"
            ],
            [
                "Muscle Milk Protein Shake",
                "/browse/health/muscle-milk-protein-shake/976760_1166769_7593504_6838214"
            ],
            [
                "Add Protein to Build Muscle",
                "/browse/health/add-protein-to-build-muscle/976760_7207516_1424368_5124640_7240818"
            ],
            [
                "All Protein Supplements",
                "/browse/health/all-protein-supplements/976760_1166769_9231506"
            ]
        ]
    },
    {
        "title": "(3 pack) NESQUIK Strawberry Syrup 22 oz. Bottle",
        "url": "https://www.walmart.com/ip/3-pack-NESQUIK-Strawberry-Syrup-22-oz-Bottle/964032187",
        "price": "$5.66",
        "stars": "4.7",
        "ratings": "66 ",
        "img": "i5.walmartimages.com/asr/19602ab6-132f-425f-b621-cafa3244e0b5_1.29adb8c2c89fcba7a7c1977185b9f3e5.jpeg?odnWidth=612&odnHeight=612&odnBg=ffffff",
        "tags": [
            [
                "Syrups & Sweeteners",
                "/browse/food/syrups-sweeteners/976759_976786_1008040"
            ],
            [
                "All Syrups",
                "/browse/food/all-syrups/976759_976780_1092370_6683232"
            ],
            [
                "Hershey's Holiday",
                "/browse/food/hersheys-holiday/976759_1567409_3290896_8656242"
            ],
            [
                "Hershey Baking",
                "/browse/food/hershey-baking/976759_2606229_9723046"
            ]
        ]
    },
    {
        "title": "Maxwell House Medium Roast 100% Colombian Ground Coffee, Caffeinated, 24.5 oz Canister",
        "url": "https://www.walmart.com/ip/Maxwell-House-Medium-Roast-100-Colombian-Ground-Coffee-Caffeinated-24-5-oz-Canister/103524807",
        "price": "$6.28",
        "stars": "4.8",
        "ratings": "433 ",
        "img": "i5.walmartimages.com/asr/e4c5d55e-f6c1-4f38-bbd3-628279608032.9993a6b5374b1b544576bdb7a4fdd1be.jpeg?odnWidth=612&odnHeight=612&odnBg=ffffff",
        "tags": [
            [
                "Folgers Ground Coffee",
                "/browse/food/folgers-ground-coffee/976759_1086446_3100047_1674140"
            ],
            [
                "All Maxwell House Coffee",
                "/browse/food/all-maxwell-house-coffee/976759_1086446_9154767_2506449"
            ],
            [
                "Arabica Coffee",
                "/browse/food/arabica-coffee/976759_1086446_2559085"
            ],
            [
                "Colombian Coffee",
                "/browse/food/colombian-coffee/976759_1086446_3908418"
            ],
            [
                "Cold Weather Beverages",
                "/browse/food/cold-weather-beverages/976759_1567409_6592518_4126576"
            ],
            [
                "Coffee & Coffee Pods",
                "/browse/food/coffee-coffee-pods/976759_1086446_7238690"
            ],
            [
                "All Folgers Coffee",
                "/browse/food/all-folgers-coffee/976759_1086446_3100047_8271556"
            ],
            [
                "Maxwell House Ground Coffee",
                "/browse/food/maxwell-house-ground-coffee/976759_1086446_9154767_8549333"
            ]
        ]
    },
    {
        "title": "AHA Sparkling Water, Orange Grapefruit Flavored Water, Zero Calories, Sodium Free, No Sweeteners, 12 fl oz, 8 Pack",
        "url": "https://www.walmart.com/ip/AHA-Sparkling-Water-Orange-Grapefruit-Flavored-Water-Zero-Calories-Sodium-Free-No-Sweeteners-12-fl-oz-8-Pack/219196815",
        "price": "$3.38",
        "stars": "4.5",
        "ratings": "27 ",
        "img": "i5.walmartimages.com/asr/8174c37f-014f-4c30-b305-d50bfec8de0a.501fc2c673e8b031880c3f95052dd81f.jpeg?odnWidth=612&odnHeight=612&odnBg=ffffff",
        "tags": [
            [
                "All Sparkling Water",
                "/browse/food/all-sparkling-water/976759_976782_1001659_1508098_1398631"
            ],
            [
                "Summer Grilling Beverages",
                "/browse/food/summer-grilling-beverages/976759_1567409_8808777_2541298"
            ],
            [
                "All Waters",
                "/browse/food/all-waters/976759_976782_1001659_2562373"
            ],
            [
                "La Croix",
                "/browse/food/la-croix/976759_976782_1001659_4677433"
            ],
            [
                "Bottled Water",
                "/browse/food/bottled-water/976759_976782_1001659_5912172"
            ],
            [
                "Enhanced Water",
                "/browse/food/enhanced-water/976759_976782_5795119_5961524"
            ],
            [
                "Orange Juice",
                "/browse/food/orange-juice/976759_976782_1001321_6637576"
            ],
            [
                "All New Food",
                "/browse/food/all-new-food/976759_4143264_8102846"
            ]
        ]
    },
    {
        "title": "(2 Pack) Ocean Spray Juice, Cran-Raspberry, 64 Fl Oz, 1 Count",
        "url": "https://www.walmart.com/ip/2-Pack-Ocean-Spray-Juice-Cran-Raspberry-64-Fl-Oz-1-Count/800622262",
        "price": "$5.56",
        "stars": "4.8",
        "ratings": "184 ",
        "img": "i5.walmartimages.com/asr/90d8fd8f-a997-467d-a945-c35927e746f7_1.49d5ada3f7df8b135e2de318a35f67d2.jpeg?odnWidth=612&odnHeight=612&odnBg=ffffff",
        "tags": [
            [
                "Summer Grilling Beverages",
                "/browse/food/summer-grilling-beverages/976759_1567409_8808777_2541298"
            ],
            [
                "Kid's Favorites",
                "/browse/food/kids-favorites/976759_976782_1001321_2838858"
            ],
            [
                "Grape juice welch",
                "/browse/food/grape-juice-welch/976759_976782_1001321_4146139"
            ],
            [
                "Fruit Juice",
                "/browse/food/fruit-juice/976759_976782_1001321_4150966"
            ],
            [
                "Kid's Breakfast",
                "/browse/food/kids-breakfast/976759_1567409_7966149_6779439"
            ],
            [
                "Kid's Lunches",
                "/browse/food/kids-lunches/976759_1567409_7966149_7561098"
            ],
            [
                "All Juices",
                "/browse/food/all-juices/976759_976782_1001321_8981297"
            ]
        ]
    },
    {
        "title": "Great Value Classic Decaf Medium Ground Coffee, 30.5 oz",
        "url": "https://www.walmart.com/ip/Great-Value-Classic-Decaf-Medium-Ground-Coffee-30-5-oz/47930393",
        "price": "$8.42",
        "stars": "4.7",
        "ratings": "342 ",
        "img": "i5.walmartimages.com/asr/082480b7-9a14-4f33-92f0-89bd70478a12_2.fadbdf776579bda820a4efcd04da807d.jpeg?odnWidth=612&odnHeight=612&odnBg=ffffff",
        "tags": [
            [
                "Folgers Ground Coffee",
                "/browse/food/folgers-ground-coffee/976759_1086446_3100047_1674140"
            ],
            [
                "Arabica Coffee",
                "/browse/food/arabica-coffee/976759_1086446_2559085"
            ],
            [
                "Colombian Coffee",
                "/browse/food/colombian-coffee/976759_1086446_3908418"
            ],
            [
                "Cold Weather Beverages",
                "/browse/food/cold-weather-beverages/976759_1567409_6592518_4126576"
            ],
            [
                "Decaf Ground Coffee",
                "/browse/food/decaf-ground-coffee/976759_1086446_2901896_4427059"
            ],
            [
                "Coffee & Coffee Pods",
                "/browse/food/coffee-coffee-pods/976759_1086446_7238690"
            ],
            [
                "All Folgers Coffee",
                "/browse/food/all-folgers-coffee/976759_1086446_3100047_8271556"
            ],
            [
                "All Decaf Coffee",
                "/browse/food/all-decaf-coffee/976759_1086446_2901896_9623975"
            ]
        ]
    },
    {
        "title": "(20 Packets) Crystal Light Citrus Sugar Free, On-The-Go, Caffeinated Powdered Drink Mix",
        "url": "https://www.walmart.com/ip/20-Packets-Crystal-Light-Citrus-Sugar-Free-On-The-Go-Caffeinated-Powdered-Drink-Mix/535390890",
        "price": "$4.96",
        "stars": "4.4",
        "ratings": "92 ",
        "img": "i5.walmartimages.com/asr/88a90775-6340-43ab-b223-27ead3ca3e87.09f7b21fa2433cfa42c608da1b464832.jpeg?odnWidth=612&odnHeight=612&odnBg=ffffff",
        "tags": []
    }
]