[
    {
        "title": "DOVE PROMISES Variety Mix Chocolate Candy 43.07 Ounce 153-Piece Bag",
        "url": "https://www.walmart.com/ip/DOVE-PROMISES-Variety-Mix-Chocolate-Candy-43-07-Ounce-153-Piece-Bag/49962599",
        "price": "$17.82",
        "stars": "4.8",
        "ratings": "178 ",
        "img": "i5.walmartimages.com/asr/6fb7a013-14bb-4ea8-82e1-22025a6fbe31.40d2ccc96745b70a797060971b235a9c.jpeg?odnWidth=612&odnHeight=612&odnBg=ffffff",
        "tags": [
            [
                "Shop All Cold Packed Chocolates",
                "/browse/food/shop-all-cold-packed-chocolates/976759_1567409_7329770_1414143"
            ],
            [
                "Halloween Chocolate",
                "/browse/food/halloween-chocolate/976759_1567409_2107086_6041305_2967282"
            ],
            [
                "Easter Egg Hunt Candy",
                "/browse/food/easter-egg-hunt-candy/976759_1567409_7567150_4780634_7164648"
            ],
            [
                "Easter Candy Dish",
                "/browse/food/easter-candy-dish/976759_1567409_7567150_4780634_8837958"
            ],
            [
                "Dove Chocolate",
                "/browse/food/dove-chocolate/976759_1096070_1224976_9756983"
            ],
            [
                "Easter Basket Candy",
                "/browse/food/easter-basket-candy/976759_1567409_7567150_4780634_9848063"
            ],
            [
                "Milk Chocolate",
                "/browse/food/milk-chocolate/976759_1096070_1224976_9905281"
            ]
        ]
    },
    {
        "title": "Assorted SweeTarts, Laffy Taffy, Nerds, Gobstopper Halloween Candy Variety Pack, 68.9 Oz, 250 Count",
        "url": "https://www.walmart.com/ip/Assorted-SweeTarts-Laffy-Taffy-Nerds-Gobstopper-Halloween-Candy-Variety-Pack-68-9-Oz-250-Count/211299002",
        "price": "$14.74",
        "stars": "4.6",
        "ratings": "12 ",
        "img": "i5.walmartimages.com/asr/bba27c9d-d320-499c-99ae-1e8a84614efe.89e234e3d7cde9c09d5280ce4bcde9b9.jpeg?odnWidth=612&odnHeight=612&odnBg=ffffff",
        "tags": [
            [
                "Children's Party",
                "/browse/food/childrens-party/976759_1096070_1224980_1381998"
            ],
            [
                "Hard Candy",
                "/browse/food/hard-candy/976759_1096070_1224979_3137292"
            ],
            [
                "Office Candy",
                "/browse/food/office-candy/976759_1096070_1224980_6270829"
            ],
            [
                "Easter Egg Hunt Candy",
                "/browse/food/easter-egg-hunt-candy/976759_1567409_7567150_4780634_7164648"
            ],
            [
                "Halloween Trick or Treat",
                "/browse/food/halloween-trick-treat/976759_1567409_2107086_6041305_8139682"
            ],
            [
                "All Halloween Candy",
                "/browse/food/all-halloween-candy/976759_1567409_2107086_6041305_9735259"
            ],
            [
                "Easter Basket Candy",
                "/browse/food/easter-basket-candy/976759_1567409_7567150_4780634_9848063"
            ]
        ]
    },
    {
        "title": "YumEarth, Organic Licorice Strawberry, 5 oz",
        "url": "https://www.walmart.com/ip/YumEarth-Organic-Licorice-Strawberry-5-oz/185684489",
        "price": "$2.92",
        "stars": "4.1",
        "ratings": "34 ",
        "img": "i5.walmartimages.com/asr/1af2c477-0ece-494c-8301-8a030a4abf0e.9839f34839d9c5955d8e22a7c9ccc3ae.jpeg?odnWidth=612&odnHeight=612&odnBg=ffffff",
        "tags": [
            [
                "All Fruit Snacks",
                "/browse/food/all-fruit-snacks/976759_976787_1001395_2676420"
            ],
            [
                "Gluten Free Snacks",
                "/browse/food/gluten-free-snacks/976759_5148628_4583057_1250486_6502251"
            ],
            [
                "Shop All Candy",
                "/browse/food/shop-all-candy/976759_1096070_1224975_6909059"
            ],
            [
                "Organic Fruit Snacks",
                "/browse/food/organic-fruit-snacks/976759_976787_1001395_7813769"
            ],
            [
                "Licorice",
                "/browse/food/licorice/976759_1096070_1224975_9183649"
            ],
            [
                "Top-selling Fruit Snacks",
                "/browse/food/top-selling-fruit-snacks/976759_976787_1001395_9645697"
            ],
            [
                "All Halloween Candy",
                "/browse/food/all-halloween-candy/976759_1567409_2107086_6041305_9735259"
            ]
        ]
    },
    {
        "title": "Albanese Fat-Free Gluten-Free 12 Flavor Mini Gummi Worms, 36 oz",
        "url": "https://www.walmart.com/ip/Albanese-Fat-Free-Gluten-Free-12-Flavor-Mini-Gummi-Worms-36-oz/150776562",
        "price": "$6.88",
        "stars": "5.0",
        "ratings": "22 ",
        "img": "i5.walmartimages.com/asr/a9819c93-fd21-45bc-a3eb-6b64804703ab.c98fb72b1f8386870e5711e5a9675d40.jpeg?odnWidth=612&odnHeight=612&odnBg=ffffff",
        "tags": [
            [
                "Gummy Worms",
                "/browse/food/gummy-worms/976759_1096070_1224975_3723203"
            ],
            [
                "Gummy Candy",
                "/browse/food/gummy-candy/976759_1096070_1224975_4246741"
            ],
            [
                "Gummy Bears",
                "/browse/food/gummy-bears/976759_1096070_1224975_6048777"
            ],
            [
                "Office Candy",
                "/browse/food/office-candy/976759_1096070_1224980_6270829"
            ],
            [
                "Shop All Candy",
                "/browse/food/shop-all-candy/976759_1096070_1224975_6909059"
            ],
            [
                "Wholesale Candy",
                "/browse/food/wholesale-candy/976759_1096070_1224980_8149011"
            ],
            [
                "Sour Candy",
                "/browse/food/sour-candy/976759_1096070_1224975_8650414"
            ]
        ]
    },
    {
        "title": "Sugar Babies Candy Coated Milk Caramels, 6 Oz",
        "url": "https://www.walmart.com/ip/Sugar-Babies-Candy-Coated-Milk-Caramels-6-Oz/10535871",
        "price": "$0.98",
        "stars": "4.4",
        "ratings": "10 ",
        "img": "i5.walmartimages.com/asr/1fb03ace-6c9a-4a4e-90af-cbfc43e091b4.e9a4727a4a03b62107bfcda04c318aee.png?odnWidth=612&odnHeight=612&odnBg=ffffff",
        "tags": [
            [
                "Tootsie Roll",
                "/browse/food/tootsie-roll/976759_1096070_1224975_1346090"
            ],
            [
                "Hard Candy",
                "/browse/food/hard-candy/976759_1096070_1224979_3137292"
            ],
            [
                "Werther's Originals",
                "/browse/food/werthers-originals/976759_1096070_1224975_3575295"
            ],
            [
                "Laffy Taffy",
                "/browse/food/laffy-taffy/976759_1096070_1224975_4080930"
            ],
            [
                "Shop All Candy",
                "/browse/food/shop-all-candy/976759_1096070_1224975_6909059"
            ],
            [
                "Lollipops & Suckers",
                "/browse/food/lollipops-suckers/976759_1096070_1224979_7528469"
            ]
        ]
    },
    {
        "title": "(2 pack) CARNATION Chocolate Malted Milk Mix 13 oz. Cannister",
        "url": "https://www.walmart.com/ip/2-pack-CARNATION-Chocolate-Malted-Milk-Mix-13-oz-Cannister/344297988",
        "price": "$7.62",
        "stars": "4.7",
        "ratings": "141 ",
        "img": "i5.walmartimages.com/asr/03acf790-863d-42d0-a437-b2d6cc17c4cf_1.e72346fa1d09f59188a44a8ed3545a4e.jpeg?odnWidth=612&odnHeight=612&odnBg=ffffff",
        "tags": []
    },
    {
        "title": "Albanese Fat-Free Gluten-Free Assorted Flavors Gummi Worms, 7.5 Oz.",
        "url": "https://www.walmart.com/ip/Albanese-Fat-Free-Gluten-Free-Assorted-Flavors-Gummi-Worms-7-5-Oz/39781745",
        "price": "$6.96",
        "stars": "5.0",
        "ratings": "7 ",
        "img": "i5.walmartimages.com/asr/3d08619b-5bd5-47a4-b834-256f6e7fa79c_1.aafa1278a0190376228564d5b5ae347b.jpeg?odnWidth=612&odnHeight=612&odnBg=ffffff",
        "tags": [
            [
                "Children's Party",
                "/browse/food/childrens-party/976759_1096070_1224980_1381998"
            ],
            [
                "Gummy Worms",
                "/browse/food/gummy-worms/976759_1096070_1224975_3723203"
            ],
            [
                "Gummy Candy",
                "/browse/food/gummy-candy/976759_1096070_1224975_4246741"
            ],
            [
                "Gummy Bears",
                "/browse/food/gummy-bears/976759_1096070_1224975_6048777"
            ],
            [
                "Shop All Candy",
                "/browse/food/shop-all-candy/976759_1096070_1224975_6909059"
            ],
            [
                "Wholesale Candy",
                "/browse/food/wholesale-candy/976759_1096070_1224980_8149011"
            ]
        ]
    },
    {
        "title": "Goetze, Caramel Creams Candy, 40 Oz.",
        "url": "https://www.walmart.com/ip/Goetze-Caramel-Creams-Candy-40-Oz/507347407",
        "price": "$7.68",
        "stars": "4.7",
        "ratings": "69 ",
        "img": "i5.walmartimages.com/asr/d5375d39-2524-4316-8ca3-ae937841d624_1.a55928783c6506ca81d58e897dce293b.jpeg?odnWidth=612&odnHeight=612&odnBg=ffffff",
        "tags": [
            [
                "Hard Candy",
                "/browse/food/hard-candy/976759_1096070_1224979_3137292"
            ],
            [
                "Gummy Candy",
                "/browse/food/gummy-candy/976759_1096070_1224975_4246741"
            ],
            [
                "Office Candy",
                "/browse/food/office-candy/976759_1096070_1224980_6270829"
            ],
            [
                "Shop All Candy",
                "/browse/food/shop-all-candy/976759_1096070_1224975_6909059"
            ],
            [
                "Halloween Trick or Treat",
                "/browse/food/halloween-trick-treat/976759_1567409_2107086_6041305_8139682"
            ],
            [
                "All Halloween Candy",
                "/browse/food/all-halloween-candy/976759_1567409_2107086_6041305_9735259"
            ],
            [
                "Easter Basket Candy",
                "/browse/food/easter-basket-candy/976759_1567409_7567150_4780634_9848063"
            ]
        ]
    },
    {
        "title": "Hershey's, Miniatures Dark Chocolate Lovers Assortment Candy, 32.89 Oz.",
        "url": "https://www.walmart.com/ip/Hershey-s-Miniatures-Dark-Chocolate-Lovers-Assortment-Candy-32-89-Oz/676329966",
        "price": "$9.98",
        "stars": "4.5",
        "ratings": "51 ",
        "img": "i5.walmartimages.com/asr/1a34693c-7663-4fed-9fab-4da9a6e9399f_3.ff4411ab08c045b22c5c868b4ff78be5.png?odnWidth=612&odnHeight=612&odnBg=ffffff",
        "tags": [
            [
                "Hershey's Easter Chocolate Candy and Treats",
                "/browse/food/hersheys-easter-chocolate-candy-treats/976759_1567409_7567150_1407602"
            ],
            [
                "Shop All Cold Packed Chocolates",
                "/browse/food/shop-all-cold-packed-chocolates/976759_1567409_7329770_1414143"
            ],
            [
                "Shop All Chocolate",
                "/browse/food/shop-all-chocolate/976759_1096070_1224976_2323697"
            ],
            [
                "Halloween Chocolate",
                "/browse/food/halloween-chocolate/976759_1567409_2107086_6041305_2967282"
            ],
            [
                "Hershey's Halloween Candy",
                "/browse/food/hersheys-halloween-candy/976759_1567409_2107086_6041305_5688639"
            ],
            [
                "Dark Chocolate",
                "/browse/food/dark-chocolate/976759_1096070_1224976_6696156"
            ],
            [
                "Shop All Cold Packed Groceries",
                "/browse/food/shop-all-cold-packed-groceries/976759_1567409_7329770_9969026"
            ]
        ]
    },
    {
        "title": "Twizzlers, Rainbow Candy Straws, 27.5 Oz",
        "url": "https://www.walmart.com/ip/Twizzlers-Rainbow-Candy-Straws-27-5-Oz/565533341",
        "price": "$5.98",
        "stars": "4.3",
        "ratings": "143 ",
        "img": "i5.walmartimages.com/asr/697a8110-da69-4b96-a98d-9d4231151438_1.3999fdc7ecc63e55b4650316a271952e.jpeg?odnWidth=612&odnHeight=612&odnBg=ffffff",
        "tags": [
            [
                "Children's Party",
                "/browse/food/childrens-party/976759_1096070_1224980_1381998"
            ],
            [
                "Hershey's Halloween Candy",
                "/browse/food/hersheys-halloween-candy/976759_1567409_2107086_6041305_5688639"
            ],
            [
                "Office Candy",
                "/browse/food/office-candy/976759_1096070_1224980_6270829"
            ],
            [
                "Shop All Candy",
                "/browse/food/shop-all-candy/976759_1096070_1224975_6909059"
            ],
            [
                "Halloween Trick or Treat",
                "/browse/food/halloween-trick-treat/976759_1567409_2107086_6041305_8139682"
            ],
            [
                "Hershey's Summer Sweets",
                "/browse/food/hersheys-summer-sweets/976759_1567409_8346319"
            ],
            [
                "Licorice",
                "/browse/food/licorice/976759_1096070_1224975_9183649"
            ]
        ]
    }
]