[
    {
        "title": "Melitta #2 Bamboo Cone Coffee Filters, 80 ct. Box",
        "url": "https://www.walmart.com/ip/Melitta-2-Bamboo-Cone-Coffee-Filters-80-ct-Box/28503218",
        "price": "$5.08",
        "stars": "5.0",
        "ratings": "10 ",
        "img": "",
        "tags": [
            [
                "Ground Coffee",
                "/browse/food/ground-coffee/976759_1086446_1229651"
            ],
            [
                "Bunn Coffee Filters",
                "/browse/food/bunn-coffee-filters/976759_1086446_1229655_1560712"
            ],
            [
                "Folgers Ground Coffee",
                "/browse/food/folgers-ground-coffee/976759_1086446_3100047_1674140"
            ],
            [
                "Coffee & Coffee Pods",
                "/browse/food/coffee-coffee-pods/976759_1086446_7238690"
            ],
            [
                "All Folgers Coffee",
                "/browse/food/all-folgers-coffee/976759_1086446_3100047_8271556"
            ],
            [
                "Melitta Coffee Filters",
                "/browse/food/melitta-coffee-filters/976759_1086446_1229655_8379550"
            ],
            [
                "Reusable Coffee Filters",
                "/browse/food/reusable-coffee-filters/976759_1086446_1229655_9693544"
            ]
        ]
    },
    {
        "title": "New England Coffee Breakfast Blend K-Cup Coffee Pods, Medium Roast, 24 Ct",
        "url": "https://www.walmart.com/ip/New-England-Coffee-Breakfast-Blend-K-Cup-Coffee-Pods-Medium-Roast-24-Ct/675094545",
        "price": "$12.94",
        "stars": "4.4",
        "ratings": "37 ",
        "img": "i5.walmartimages.com/asr/710418c7-7ef7-41ec-ab22-aeb16c0a9021_1.92a6d73a956bc4ea934f4541381aaa94.jpeg?odnWidth=612&odnHeight=612&odnBg=ffffff",
        "tags": [
            [
                "Single-Serve Cups & Pods",
                "/browse/food/single-serve-cups-pods/976759_1086446_1229653"
            ],
            [
                "New England Ground Coffee",
                "/browse/food/new-england-ground-coffee/976759_1086446_8218446_3725679"
            ],
            [
                "Colombian Coffee",
                "/browse/food/colombian-coffee/976759_1086446_3908418"
            ],
            [
                "All New England Coffee",
                "/browse/food/all-new-england-coffee/976759_1086446_8218446_5369288"
            ],
            [
                "All New Coffee",
                "/browse/food/all-new-coffee/976759_1086446_1995978_5827508"
            ],
            [
                "New England Coffee Pods",
                "/browse/food/new-england-coffee-pods/976759_1086446_8218446_6962898"
            ],
            [
                "Keurig K-Cups & Coffee Pods",
                "/browse/food/keurig-k-cups-coffee-pods/976759_1086446_8135897"
            ],
            [
                "Decaf K Cups",
                "/browse/food/decaf-k-cups/976759_1086446_2901896_9161249"
            ]
        ]
    },
    {
        "title": "Chock full o'Nuts\u00ae New York Roast Ground Coffee, Dark Roast, 23 oz. Can",
        "url": "https://www.walmart.com/ip/Chock-full-o-Nuts-New-York-Roast-Ground-Coffee-Dark-Roast-23-oz-Can/46543874",
        "price": "$8.48",
        "stars": "4.7",
        "ratings": "43 ",
        "img": "i5.walmartimages.com/asr/3b0341a4-929b-4463-a980-c2af33ec34dd.453c1e4f1d6f334a04368d6eeec05fea.jpeg?odnWidth=612&odnHeight=612&odnBg=ffffff",
        "tags": [
            [
                "Arabica Coffee",
                "/browse/food/arabica-coffee/976759_1086446_2559085"
            ],
            [
                "Colombian Coffee",
                "/browse/food/colombian-coffee/976759_1086446_3908418"
            ],
            [
                "Cold Weather Beverages",
                "/browse/food/cold-weather-beverages/976759_1567409_6592518_4126576"
            ],
            [
                "All Community Coffee",
                "/browse/food/all-community-coffee/976759_1086446_2425858_4140955"
            ],
            [
                "Community Ground Coffee",
                "/browse/food/community-ground-coffee/976759_1086446_2425858_4529416"
            ],
            [
                "Fueling Beverages",
                "/browse/food/fueling-beverages/976759_4321481_5471594"
            ],
            [
                "Hills Bros Coffee",
                "/browse/food/hills-bros-coffee/976759_1086446_7002469"
            ],
            [
                "Coffee & Coffee Pods",
                "/browse/food/coffee-coffee-pods/976759_1086446_7238690"
            ]
        ]
    },
    {
        "title": "Melitta Medium Roast Ground Coffee, Classic, 11 Oz",
        "url": "https://www.walmart.com/ip/Melitta-Medium-Roast-Ground-Coffee-Classic-11-Oz/21777829",
        "price": "$5.48",
        "stars": "4.8",
        "ratings": "72 ",
        "img": "",
        "tags": [
            [
                "Arabica Coffee",
                "/browse/food/arabica-coffee/976759_1086446_2559085"
            ],
            [
                "Colombian Coffee",
                "/browse/food/colombian-coffee/976759_1086446_3908418"
            ],
            [
                "Decaf Ground Coffee",
                "/browse/food/decaf-ground-coffee/976759_1086446_2901896_4427059"
            ],
            [
                "Caribou Ground Coffee",
                "/browse/food/caribou-ground-coffee/976759_1086446_5204146_5316531"
            ],
            [
                "Nut Free Foods",
                "/browse/food/nut-free-foods/976759_5004481_5679034"
            ],
            [
                "Coffee & Coffee Pods",
                "/browse/food/coffee-coffee-pods/976759_1086446_7238690"
            ],
            [
                "Dairy Free Foods",
                "/browse/food/dairy-free-foods/976759_5004481_7941405"
            ],
            [
                "All Decaf Coffee",
                "/browse/food/all-decaf-coffee/976759_1086446_2901896_9623975"
            ]
        ]
    },
    {
        "title": "Peet's Coffee\u00ae Organic Alma de la Tierra Dark Roast Ground Coffee 10.5 oz. Bag",
        "url": "https://www.walmart.com/ip/Peet-s-Coffee-Organic-Alma-de-la-Tierra-Dark-Roast-Ground-Coffee-10-5-oz-Bag/55426243",
        "price": "$8.82",
        "stars": "4.7",
        "ratings": "19 ",
        "img": "i5.walmartimages.com/asr/1b73bf6e-b778-4911-b82e-b774bca929df.c5950bae4cc1be67abfe2df410afab55.jpeg?odnWidth=612&odnHeight=612&odnBg=ffffff",
        "tags": [
            [
                "Premium Ground Coffee",
                "/browse/food/premium-ground-coffee/976759_5148628_5831001_2847145"
            ],
            [
                "Colombian Coffee",
                "/browse/food/colombian-coffee/976759_1086446_3908418"
            ],
            [
                "Decaf Ground Coffee",
                "/browse/food/decaf-ground-coffee/976759_1086446_2901896_4427059"
            ],
            [
                "New Ground Coffee",
                "/browse/food/new-ground-coffee/976759_1086446_1995978_5077823"
            ],
            [
                "All New Coffee",
                "/browse/food/all-new-coffee/976759_1086446_1995978_5827508"
            ],
            [
                "Peet's Ground Coffee",
                "/browse/food/peets-ground-coffee/976759_1086446_5434583_6077353"
            ],
            [
                "All Peet's Coffee",
                "/browse/food/all-peets-coffee/976759_1086446_5434583_6609721"
            ],
            [
                "Peet's Coffee Pods",
                "/browse/food/peets-coffee-pods/976759_1086446_5434583_9034163"
            ]
        ]
    },
    {
        "title": "Peet's Crema Scura Espresso Capsules 10 ct Box",
        "url": "https://www.walmart.com/ip/Peet-s-Crema-Scura-Espresso-Capsules-10-ct-Box/971596469",
        "price": "$6.89",
        "stars": "4.3",
        "ratings": "18 ",
        "img": "i5.walmartimages.com/asr/832481a9-8855-4e28-8170-f533d5dbfa89.c22293bc668d8f79f690610d1d62c31f.jpeg?odnWidth=612&odnHeight=612&odnBg=ffffff",
        "tags": [
            [
                "Premium Coffee Pods",
                "/browse/food/premium-coffee-pods/976759_5148628_5831001_2630281"
            ],
            [
                "Shop All Premium Coffee",
                "/browse/food/shop-all-premium-coffee/976759_5148628_5831001_4365961"
            ],
            [
                "Espresso",
                "/browse/food/espresso/976759_1086446_4366064"
            ],
            [
                "All Lavazza Coffee",
                "/browse/food/all-lavazza-coffee/976759_1086446_3345140_4367315"
            ],
            [
                "All Peet's Coffee",
                "/browse/food/all-peets-coffee/976759_1086446_5434583_6609721"
            ],
            [
                "Nespresso OriginalLine Pods & Capsules",
                "/browse/food/nespresso-originalline-pods-capsules/976759_1086446_1801480_8334733"
            ],
            [
                "Decaf K Cups",
                "/browse/food/decaf-k-cups/976759_1086446_2901896_9161249"
            ],
            [
                "Lavazza Coffee Pods",
                "/browse/food/lavazza-coffee-pods/976759_1086446_3345140_9368851"
            ]
        ]
    },
    {
        "title": "Community Coffee Signature Blend Dark Roast Instant 7 oz Jar",
        "url": "https://www.walmart.com/ip/Community-Coffee-Signature-Blend-Dark-Roast-Instant-7-oz-Jar/10450812",
        "price": "$5.82",
        "stars": "4.8",
        "ratings": "79 ",
        "img": "i5.walmartimages.com/asr/ac533c16-12f8-4c8b-82b9-fdafececa823.053e3c617da342f198aab1c13b57e51a.png?odnWidth=612&odnHeight=612&odnBg=ffffff",
        "tags": [
            [
                "All Community Coffee",
                "/browse/food/all-community-coffee/976759_1086446_2425858_4140955"
            ],
            [
                "Community Ground Coffee",
                "/browse/food/community-ground-coffee/976759_1086446_2425858_4529416"
            ],
            [
                "Cuban Coffee",
                "/browse/food/cuban-coffee/976759_1086446_5303199"
            ],
            [
                "Coffee With Chicory",
                "/browse/food/coffee-with-chicory/976759_1086446_5471454"
            ],
            [
                "All Instant Coffee",
                "/browse/food/all-instant-coffee/976759_1086446_1229650_6624280"
            ],
            [
                "Nescafe Instant Coffee",
                "/browse/food/nescafe-instant-coffee/976759_1086446_1229650_7429052"
            ],
            [
                "Decaf Instant Coffee",
                "/browse/food/decaf-instant-coffee/976759_1086446_1229650_8351875"
            ],
            [
                "All Decaf Coffee",
                "/browse/food/all-decaf-coffee/976759_1086446_2901896_9623975"
            ]
        ]
    },
    {
        "title": "Juan Valdez Decaf 100% Colombiano Freeze Dried Coffee, 3.35 Ounce Jar",
        "url": "https://www.walmart.com/ip/Juan-Valdez-Decaf-100-Colombiano-Freeze-Dried-Coffee-3-35-Ounce-Jar/660051614",
        "price": "$7.46",
        "stars": "4.6",
        "ratings": "22 ",
        "img": "i5.walmartimages.com/asr/f21d8e26-76e2-4abd-a420-0c91bc708fe0_1.ec6f11f52fdd2e2cecbaa1f0badce102.jpeg?odnWidth=612&odnHeight=612&odnBg=ffffff",
        "tags": [
            [
                "Cafe Bustelo Instant Coffee",
                "/browse/food/cafe-bustelo-instant-coffee/976759_1086446_1229650_1712086"
            ],
            [
                "Premium Ground Coffee",
                "/browse/food/premium-ground-coffee/976759_5148628_5831001_2847145"
            ],
            [
                "Colombian Coffee",
                "/browse/food/colombian-coffee/976759_1086446_3908418"
            ],
            [
                "Cuban Coffee",
                "/browse/food/cuban-coffee/976759_1086446_5303199"
            ],
            [
                "All Cafe Bustelo",
                "/browse/food/all-cafe-bustelo/976759_1086446_7145434_6924474"
            ],
            [
                "Nescafe Instant Coffee",
                "/browse/food/nescafe-instant-coffee/976759_1086446_1229650_7429052"
            ],
            [
                "Decaf Instant Coffee",
                "/browse/food/decaf-instant-coffee/976759_1086446_1229650_8351875"
            ],
            [
                "All Decaf Coffee",
                "/browse/food/all-decaf-coffee/976759_1086446_2901896_9623975"
            ]
        ]
    },
    {
        "title": "Baileys Irish Cream Ground Coffee, 11 oz Bag",
        "url": "https://www.walmart.com/ip/Baileys-Irish-Cream-Ground-Coffee-11-oz-Bag/809516175",
        "price": "$7.97",
        "stars": "4.2",
        "ratings": "18 ",
        "img": "i5.walmartimages.com/asr/e4d6195f-888f-45a9-95b8-bd0799ff1449.13d25b2f540bd1881eebd31fa6138620.jpeg?odnWidth=612&odnHeight=612&odnBg=ffffff",
        "tags": [
            [
                "Arabica Coffee",
                "/browse/food/arabica-coffee/976759_1086446_2559085"
            ],
            [
                "Cold Weather Beverages",
                "/browse/food/cold-weather-beverages/976759_1567409_6592518_4126576"
            ],
            [
                "Starbucks Ground Coffee",
                "/browse/food/starbucks-ground-coffee/976759_1086446_2986178_5925252"
            ],
            [
                "Coffee & Coffee Pods",
                "/browse/food/coffee-coffee-pods/976759_1086446_7238690"
            ],
            [
                "All Starbucks",
                "/browse/food/all-starbucks/976759_1086446_2986178_7830797"
            ],
            [
                "All New Food",
                "/browse/food/all-new-food/976759_4143264_8102846"
            ],
            [
                "Flavored Ground Coffee",
                "/browse/food/flavored-ground-coffee/976759_1086446_8200909"
            ],
            [
                "Mocha Mix",
                "/browse/food/mocha-mix/976759_1086446_8415600"
            ]
        ]
    },
    {
        "title": "Green Mountain Roasters Roasters, Fair Trade Certified Organic, Sumatra Reserve, Ground Coffee, Dark Roast, Bagged 10oz",
        "url": "https://www.walmart.com/ip/Green-Mountain-Roasters-Roasters-Fair-Trade-Certified-Organic-Sumatra-Reserve-Ground-Coffee-Dark-Roast-Bagged-10oz/607711438",
        "price": "$7.48",
        "stars": "4.0",
        "ratings": "10 ",
        "img": "i5.walmartimages.com/asr/b6a9ab07-f447-4d68-8d34-955a25903d26_1.685d1409578198a0465e2dc3fb5fdd60.jpeg?odnWidth=612&odnHeight=612&odnBg=ffffff",
        "tags": [
            [
                "Wine",
                "/browse/food/wine/976759_976782_1001579_1001324"
            ],
            [
                "New Year New You Coffee",
                "/browse/food/new-year-new-you-coffee/976759_1567409_3170630_1935558"
            ],
            [
                "Arabica Coffee",
                "/browse/food/arabica-coffee/976759_1086446_2559085"
            ],
            [
                "Premium Ground Coffee",
                "/browse/food/premium-ground-coffee/976759_5148628_5831001_2847145"
            ],
            [
                "Colombian Coffee",
                "/browse/food/colombian-coffee/976759_1086446_3908418"
            ],
            [
                "Coffee Tea & Cocoa",
                "/browse/food/coffee-tea-cocoa/976759_1567409_3170630_4711982"
            ],
            [
                "All Green Mountain Coffee",
                "/browse/food/all-green-mountain-coffee/976759_1086446_6490624_6014443"
            ],
            [
                "Green Mountain Ground Coffee",
                "/browse/food/green-mountain-ground-coffee/976759_1086446_6490624_9144644"
            ]
        ]
    }
]