[
    {
        "title": "(6 Pack) Dole Pineapple Chunks in Heavy Syrup, 20 oz Can",
        "url": "https://www.walmart.com/ip/6-Pack-Dole-Pineapple-Chunks-in-Heavy-Syrup-20-oz-Can/47228222",
        "price": "$8.48",
        "stars": "4.4",
        "ratings": "72 ",
        "img": "i5.walmartimages.com/asr/d51faf81-1430-4761-8947-6534e681ac9a_1.1a130f59f0f5f1e309d0a2fa7f24ab70.jpeg?odnWidth=612&odnHeight=612&odnBg=ffffff",
        "tags": [
            [
                "Fruit Cups & Fruit Sauces",
                "/browse/food/fruit-cups-fruit-sauces/976759_976787_1044133"
            ],
            [
                "Pie Fillings",
                "/browse/food/pie-fillings/976759_976780_2881195_1044161"
            ],
            [
                "Tropical Fruits",
                "/browse/food/tropical-fruits/976759_1071964_976793_9756351_1815247"
            ],
            [
                "Canned Pineapple",
                "/browse/food/canned-pineapple/976759_976794_976785_3637240"
            ],
            [
                "Citrus",
                "/browse/food/citrus/976759_1071964_976793_9756351_4914029"
            ],
            [
                "Dole Fruit Cups",
                "/browse/food/dole-fruit-cups/976759_976794_976785_5006407"
            ],
            [
                "Dole Pineapple",
                "/browse/food/dole-pineapple/976759_976794_976785_7299548"
            ],
            [
                "Canned Peaches",
                "/browse/food/canned-peaches/976759_976794_976785_8566750"
            ]
        ]
    },
    {
        "title": "Jell-O Berry Blue Instant Gelatin Mix, 3 oz Box",
        "url": "https://www.walmart.com/ip/Jell-O-Berry-Blue-Instant-Gelatin-Mix-3-oz-Box/13812779",
        "price": "$0.80",
        "stars": "4.7",
        "ratings": "750 ",
        "img": "i5.walmartimages.com/asr/c57d15cd-0090-43a9-a7a8-8388c6c0f16d.02195f4094145a51f18584be8f24c643.jpeg?odnWidth=612&odnHeight=612&odnBg=ffffff",
        "tags": [
            [
                "Pudding & Gelatin",
                "/browse/food/pudding-gelatin/976759_976787_1001471"
            ],
            [
                "Valentine's Day Baking",
                "/browse/food/valentines-day-baking/976759_1567409_9457805_1303563"
            ],
            [
                "Sugar-Free Food Essentials",
                "/browse/food/sugar-free-food-essentials/976759_1567409_2168938_8870296_1639022"
            ],
            [
                "All Fresh Fruit",
                "/browse/food/all-fresh-fruit/976759_1071964_976793_9756351_1759962"
            ],
            [
                "Sugar Free Food",
                "/browse/food/sugar-free-food/976759_1567409_3170630_2147513"
            ],
            [
                "Bananas",
                "/browse/food/bananas/976759_1071964_976793_9756351_2787146"
            ],
            [
                "Baking Ingredients",
                "/browse/food/baking-ingredients/976759_4143264_2535686_5948883_5994684"
            ],
            [
                "Easter Baking",
                "/browse/food/easter-baking/976759_1567409_2168938_2546479_6431277"
            ]
        ]
    },
    {
        "title": "(6 Pack) Newman's Own Organics Pasta Sauce Marinara, 23.5 OZ",
        "url": "https://www.walmart.com/ip/6-Pack-Newman-s-Own-Organics-Pasta-Sauce-Marinara-23-5-OZ/47238775",
        "price": "$15.97",
        "stars": "4.0",
        "ratings": "31 ",
        "img": "",
        "tags": [
            [
                "Sauces",
                "/browse/food/sauces/976759_976786_1076366"
            ],
            [
                "Organic Foods",
                "/browse/food/organic-foods/976759_1228024_1228017"
            ],
            [
                "All Meals and Sides",
                "/browse/food/all-meals-sides/976759_1071964_976789_2133672_1535108"
            ],
            [
                "Canned Tomatoes",
                "/browse/food/canned-tomatoes/976759_976794_976785_2009430"
            ],
            [
                "Pasta Sauce",
                "/browse/food/pasta-sauce/976759_976794_2775278"
            ],
            [
                "Organic Food Essentials",
                "/browse/food/organic-food-essentials/976759_1567409_2168938_8870296_3706415"
            ],
            [
                "Gluten Free Meals & Side Dishes",
                "/browse/food/gluten-free-meals-side-dishes/976759_5148628_4583057_1250486_9821290"
            ],
            [
                "Easy Kid's Dinners",
                "/browse/food/easy-kids-dinners/976759_1567409_7966149_9873756"
            ]
        ]
    },
    {
        "title": "(3 Kits) Bumble Bee Snack on the Run Chicken Salad with Crackers, 3.5 oz",
        "url": "https://www.walmart.com/ip/3-Kits-Bumble-Bee-Snack-on-the-Run-Chicken-Salad-with-Crackers-3-5-oz/46914767",
        "price": "$3.64",
        "stars": "4.7",
        "ratings": "75 ",
        "img": "i5.walmartimages.com/asr/58493492-5bbb-430e-a032-6be25d7ef4dc_2.cb088322009eb8ecd9af3fe86dbb45f2.jpeg?odnWidth=612&odnHeight=612&odnBg=ffffff",
        "tags": [
            [
                "Tuna & Seafood",
                "/browse/food/tuna-seafood/976759_976794_976785_1001781"
            ],
            [
                "All Grab and Go Sandwiches, Salads and Snack Packs",
                "/browse/food/all-grab-go-sandwiches-salads-snack-packs/976759_1071964_976789_1291950_1584059"
            ],
            [
                "High Protein Food Staples",
                "/browse/food/high-protein-food-staples/976759_1567409_2168938_8870296_2783192"
            ],
            [
                "Premade Salads",
                "/browse/food/premade-salads/976759_1071964_976789_1291950_5396873"
            ],
            [
                "Canned Tuna",
                "/browse/food/canned-tuna/976759_976794_976785_5772565"
            ],
            [
                "Bumblebee Tuna",
                "/browse/food/bumblebee-tuna/976759_976794_976785_6754896"
            ],
            [
                "Packaged Salads",
                "/browse/food/packaged-salads/976759_1071964_976793_8903029"
            ],
            [
                "Tuna Pouches",
                "/browse/food/tuna-pouches/976759_976794_976785_9162342"
            ]
        ]
    },
    {
        "title": "(4 pack) Progresso Vegetable Classic Vegetarian Vegetable and Barley Soup 19 oz",
        "url": "https://www.walmart.com/ip/4-pack-Progresso-Vegetable-Classic-Vegetarian-Vegetable-and-Barley-Soup-19-oz/508621665",
        "price": "$6.32",
        "stars": "4.6",
        "ratings": "48 ",
        "img": "i5.walmartimages.com/asr/afe4ab90-5fa6-4f55-bdbc-d5aee07e9651_1.7889652cf2304e040514123b1c2ba5ea.jpeg?odnWidth=612&odnHeight=612&odnBg=ffffff",
        "tags": [
            [
                "Prepared Foods",
                "/browse/food/prepared-foods/976759_1071964_976789_1018822"
            ],
            [
                "All Meals and Sides",
                "/browse/food/all-meals-sides/976759_1071964_976789_2133672_1535108"
            ],
            [
                "Organic Food Essentials",
                "/browse/food/organic-food-essentials/976759_1567409_2168938_8870296_3706415"
            ],
            [
                "Cold Weather Foods",
                "/browse/food/cold-weather-foods/976759_1567409_6592518_4011823"
            ],
            [
                "Vegan Food Essentials",
                "/browse/food/vegan-food-essentials/976759_1567409_2168938_8870296_7715877"
            ],
            [
                "Shop All Plant Based Foods",
                "/browse/food/shop-all-plant-based-foods/976759_5148628_4583057_2468673_8701847"
            ],
            [
                "Gluten Free Meals & Side Dishes",
                "/browse/food/gluten-free-meals-side-dishes/976759_5148628_4583057_1250486_9821290"
            ]
        ]
    },
    {
        "title": "King's Hawaiian Sliced Bread, Original Hawaiian Sweet Sliced Loaf, 16 oz",
        "url": "https://www.walmart.com/ip/King-s-Hawaiian-Sliced-Bread-Original-Hawaiian-Sweet-Sliced-Loaf-16-oz/26832231",
        "price": "$15.45",
        "stars": "4.7",
        "ratings": "81 ",
        "img": "i5.walmartimages.com/asr/eb27de9d-1c78-49f2-aca7-15d14a9ac891.549116f6966f14a1c38704d7122512ac.jpeg?odnWidth=612&odnHeight=612&odnBg=ffffff",
        "tags": [
            [
                "Sandwich Breads",
                "/browse/food/sandwich-breads/976759_1071964_976779_3034786_1001454"
            ],
            [
                "Dessert Breads",
                "/browse/food/dessert-breads/976759_1071964_976779_1001456"
            ],
            [
                "Tortillas, Pitas & Wraps",
                "/browse/food/tortillas-pitas-wraps/976759_1071964_976779_3034786_1001458"
            ],
            [
                "Bread Crumbs & Stuffing",
                "/browse/food/bread-crumbs-stuffing/976759_1071964_976779_1007579"
            ],
            [
                "Croutons",
                "/browse/food/croutons/976759_1071964_976779_1044111"
            ],
            [
                "Baguettes, Loaves & Breadsticks",
                "/browse/food/baguettes-loaves-breadsticks/976759_1071964_976779_3034786_2502543"
            ],
            [
                "Kosher Specialty",
                "/browse/food/kosher-specialty/976759_7715306_7551793"
            ],
            [
                "Frozen Bread",
                "/browse/food/frozen-bread/976759_976791_8946035"
            ]
        ]
    },
    {
        "title": "Great Value Instant Nonfat Dry Milk, 64 oz",
        "url": "https://www.walmart.com/ip/Great-Value-Instant-Nonfat-Dry-Milk-64-oz/10415475",
        "price": "$15.98",
        "stars": "4.7",
        "ratings": "509 ",
        "img": "i5.walmartimages.com/asr/865a0e01-51bc-4cd9-8185-a02bcb85dd29_2.ad5eb1f38954da91eb328e436fcbbe4d.jpeg?odnWidth=612&odnHeight=612&odnBg=ffffff",
        "tags": [
            [
                "Organic Milk",
                "/browse/food/organic-milk/976759_976782_8649877_3153553"
            ],
            [
                "Whole Milk",
                "/browse/food/whole-milk/976759_1071964_976788_1001466_5458239_4136330"
            ],
            [
                "Powdered Milk",
                "/browse/food/powdered-milk/976759_976780_2881195_4261054_5833312"
            ],
            [
                "Kid's Breakfast",
                "/browse/food/kids-breakfast/976759_1567409_7966149_6779439"
            ],
            [
                "Flavored Milks",
                "/browse/food/flavored-milks/976759_1071964_976788_1001466_8309071"
            ],
            [
                "Kosher Foods",
                "/browse/kosher-foods/976759_8925069"
            ],
            [
                "Carnation Milk",
                "/browse/food/carnation-milk/976759_976780_2881195_4261054_9188834"
            ]
        ]
    },
    {
        "title": "(4 Pack) Idahoan Steakhouse Loaded Potato Soup Mix, 7.1 oz",
        "url": "https://www.walmart.com/ip/4-Pack-Idahoan-Steakhouse-Loaded-Potato-Soup-Mix-7-1-oz/47234070",
        "price": "$9.99",
        "stars": "4.8",
        "ratings": "55 ",
        "img": "",
        "tags": [
            [
                "Canned Ready to Eat Meals",
                "/browse/food/canned-ready-to-eat-meals/976759_976794_976785_1001348"
            ],
            [
                "Boxed Meals",
                "/browse/food/boxed-meals/976759_976794_6223225_1001477"
            ],
            [
                "Soup Mixes",
                "/browse/food/soup-mixes/976759_976794_3901881_1525502"
            ],
            [
                "All Meals and Sides",
                "/browse/food/all-meals-sides/976759_1071964_976789_2133672_1535108"
            ],
            [
                "Cold Weather Foods",
                "/browse/food/cold-weather-foods/976759_1567409_6592518_4011823"
            ],
            [
                "Nut Free Foods",
                "/browse/food/nut-free-foods/976759_5004481_5679034"
            ],
            [
                "Gluten-Free Food Staples",
                "/browse/food/gluten-free-food-staples/976759_1567409_2168938_8870296_8339296"
            ]
        ]
    },
    {
        "title": "Super Snack Pack Vanilla Pudding Cups, 6 Count",
        "url": "https://www.walmart.com/ip/Super-Snack-Pack-Vanilla-Pudding-Cups-6-Count/35505485",
        "price": "$2.48",
        "stars": "4.3",
        "ratings": "101 ",
        "img": "i5.walmartimages.com/asr/53c0577b-b055-4cc2-b414-86a7dfba9f3f.901ba6cec12473c40303fca692783117.jpeg?odnWidth=612&odnHeight=612&odnBg=ffffff",
        "tags": [
            [
                "Canned Fruit",
                "/browse/food/canned-fruit/976759_976794_976785_1001342"
            ],
            [
                "Applesauce",
                "/browse/food/applesauce/976759_976794_976785_1001388"
            ],
            [
                "Fruit Cups & Fruit Sauces",
                "/browse/food/fruit-cups-fruit-sauces/976759_976787_1044133"
            ],
            [
                "Chilled Puddings",
                "/browse/food/chilled-puddings/976759_1071964_976788_3733198_1314363"
            ],
            [
                "All Grab and Go Sandwiches, Salads and Snack Packs",
                "/browse/food/all-grab-go-sandwiches-salads-snack-packs/976759_1071964_976789_1291950_1584059"
            ],
            [
                "Sugar-Free Food Essentials",
                "/browse/food/sugar-free-food-essentials/976759_1567409_2168938_8870296_1639022"
            ],
            [
                "Dole Fruit Cups",
                "/browse/food/dole-fruit-cups/976759_976794_976785_5006407"
            ],
            [
                "Applesauce pouches",
                "/browse/food/applesauce-pouches/976759_976794_976785_7645159"
            ]
        ]
    },
    {
        "title": "(4 pack) Campbell's\u00a0Condensed\u00a0Healthy Request\u00a0Vegetable Beef Soup, 10.5 oz. Can",
        "url": "https://www.walmart.com/ip/4-pack-Campbell-s-Condensed-Healthy-Request-Vegetable-Beef-Soup-10-5-oz-Can/725026773",
        "price": "$5.57",
        "stars": "4.3",
        "ratings": "41 ",
        "img": "",
        "tags": [
            [
                "Canned Ready to Eat Meals",
                "/browse/food/canned-ready-to-eat-meals/976759_976794_976785_1001348"
            ],
            [
                "All Meals and Sides",
                "/browse/food/all-meals-sides/976759_1071964_976789_2133672_1535108"
            ],
            [
                "Canned Tomatoes",
                "/browse/food/canned-tomatoes/976759_976794_976785_2009430"
            ],
            [
                "Cold Weather Foods",
                "/browse/food/cold-weather-foods/976759_1567409_6592518_4011823"
            ],
            [
                "Campbell's Condensed Soup",
                "/browse/campbells-condensed-soup/976759_4080283"
            ],
            [
                "Meals Restock",
                "/browse/food/meals-restock/976759_1567409_2168938_1811730_6806516"
            ],
            [
                "Condensed Soup",
                "/browse/food/condensed-soup/976759_976794_3901881_9352840"
            ],
            [
                "Canned Pasta",
                "/browse/food/canned-pasta/976759_976794_6223225_9403505"
            ]
        ]
    }
]