[
    {
        "title": "Blue Bunny Premium Vanilla Bean Ice Cream , 48 fl oz",
        "url": "https://www.walmart.com/ip/Blue-Bunny-Premium-Vanilla-Bean-Ice-Cream-48-fl-oz/50616469",
        "price": "$3.97",
        "stars": "4.6",
        "ratings": "54 ",
        "img": "i5.walmartimages.com/asr/38158dda-2455-43fd-8308-ca863d4f7d26.ea358eb946b95325dfeaa0f898f9680d.jpeg?odnWidth=612&odnHeight=612&odnBg=ffffff",
        "tags": [
            [
                "Ice Cream Wafers & Cones",
                "/browse/food/ice-cream-wafers-cones/976759_976791_1001420_1001423_3474018"
            ],
            [
                "Ice Cream Sandwiches",
                "/browse/food/ice-cream-sandwiches/976759_976791_1001420_1001423_6949032"
            ],
            [
                "Vanilla Ice Cream",
                "/browse/food/vanilla-ice-cream/976759_976791_1001420_1001423_7039850"
            ],
            [
                "Sherbert Ice Cream",
                "/browse/food/sherbert-ice-cream/976759_976791_1001420_1001423_8307263"
            ],
            [
                "Butter Pecan Ice Cream",
                "/browse/food/butter-pecan-ice-cream/976759_976791_1001420_1001423_8912384"
            ],
            [
                "Hershey Baking",
                "/browse/food/hershey-baking/976759_2606229_9723046"
            ]
        ]
    },
    {
        "title": "Great Value Vanilla Ice Cream Cups, 3 fl oz, 12 Count",
        "url": "https://www.walmart.com/ip/Great-Value-Vanilla-Ice-Cream-Cups-3-fl-oz-12-Count/10415621",
        "price": "$3.88",
        "stars": "4.7",
        "ratings": "26 ",
        "img": "i5.walmartimages.com/asr/e8b72637-8dbf-490b-afab-4310b8e3774e_1.ad07a6892e98a496de63fcb934558508.jpeg?odnWidth=612&odnHeight=612&odnBg=ffffff",
        "tags": [
            [
                "Strawberry Ice Cream",
                "/browse/food/strawberry-ice-cream/976759_976791_1001420_1001423_2593119"
            ],
            [
                "Ice Cream Wafers & Cones",
                "/browse/food/ice-cream-wafers-cones/976759_976791_1001420_1001423_3474018"
            ],
            [
                "Ice Cream Sandwiches",
                "/browse/food/ice-cream-sandwiches/976759_976791_1001420_1001423_6949032"
            ],
            [
                "Vanilla Ice Cream",
                "/browse/food/vanilla-ice-cream/976759_976791_1001420_1001423_7039850"
            ],
            [
                "Sherbert Ice Cream",
                "/browse/food/sherbert-ice-cream/976759_976791_1001420_1001423_8307263"
            ],
            [
                "Butter Pecan Ice Cream",
                "/browse/food/butter-pecan-ice-cream/976759_976791_1001420_1001423_8912384"
            ]
        ]
    },
    {
        "title": "Green Giant Cauliflower Risotto Medley Riced Veggies, 10 oz",
        "url": "https://www.walmart.com/ip/Green-Giant-Cauliflower-Risotto-Medley-Riced-Veggies-10-oz/839838542",
        "price": "$2.48",
        "stars": "3.6",
        "ratings": "15 ",
        "img": "i5.walmartimages.com/asr/1b9059c8-af9e-4671-8db8-0d97185b3bd0.9a892726b5eae0e27280267bcf3a1a7d.jpeg?odnWidth=612&odnHeight=612&odnBg=ffffff",
        "tags": [
            [
                "Frozen Vegetables",
                "/browse/food/frozen-vegetables/976759_976791_1001424"
            ],
            [
                "Tortillas, Pitas & Wraps",
                "/browse/food/tortillas-pitas-wraps/976759_1071964_976779_3034786_1001458"
            ],
            [
                "Fresh Pre-Cut Vegetables",
                "/browse/food/fresh-pre-cut-vegetables/976759_1071964_976793_8910423_2835097"
            ],
            [
                "Weight Management Bars",
                "/browse/food/weight-management-bars/976759_1567409_3170630_6275898"
            ],
            [
                "On-The-Go New Year New You Foods",
                "/browse/food/on-the-go-new-year-new-you-foods/976759_1567409_3170630_7175981"
            ],
            [
                "On-The-Go Snacks",
                "/browse/food/on-the-go-snacks/976759_1567409_3170630_7552474"
            ],
            [
                "Frozen Chicken",
                "/browse/food/frozen-chicken/976759_976791_5295075_8609714"
            ],
            [
                "Weight Management",
                "/browse/food/weight-management/976759_1567409_3170630_9605404"
            ]
        ]
    },
    {
        "title": "Tyson\u00ae Any'tizers\u00ae Honey BBQ Bone-In Chicken Wings, 22 oz. (Frozen)",
        "url": "https://www.walmart.com/ip/Tyson-Any-tizers-Honey-BBQ-Bone-In-Chicken-Wings-22-oz-Frozen/763855999",
        "price": "$7.60",
        "stars": "2.6",
        "ratings": "9 ",
        "img": "i5.walmartimages.com/asr/debd8d4b-91b3-4b59-93d4-7fb250a04503.80e44d2d83cc4549bf071b22bdcca006.jpeg?odnWidth=612&odnHeight=612&odnBg=ffffff",
        "tags": [
            [
                "Frozen Appetizers",
                "/browse/food/frozen-appetizers/976759_976791_1001411"
            ],
            [
                "Frozen Dinners & Meals",
                "/browse/food/frozen-dinners-meals/976759_976791_5511284_1001412"
            ],
            [
                "Lunch Meats",
                "/browse/food/lunch-meats/976759_1071964_976789_1001428"
            ],
            [
                "Frozen Asian Food",
                "/browse/food/frozen-asian-food/976759_976791_3868980"
            ],
            [
                "Chicken Breasts",
                "/browse/food/chicken-breasts/976759_1071964_976796_1001443_8161643"
            ],
            [
                "Frozen Chicken",
                "/browse/food/frozen-chicken/976759_976791_5295075_8609714"
            ],
            [
                "Deli Counter Sliced Meats",
                "/browse/food/deli-counter-sliced-meats/976759_1071964_976789_9793565_9319208"
            ],
            [
                "All Deli Meats",
                "/browse/food/all-deli-meats/976759_1071964_976789_9793565_9851319"
            ]
        ]
    },
    {
        "title": "Great Value Chocolate Chip Waffles, 24 ct, 29.6 oz",
        "url": "https://www.walmart.com/ip/Great-Value-Chocolate-Chip-Waffles-24-ct-29-6-oz/45727026",
        "price": null,
        "stars": "3.3",
        "ratings": "12 ",
        "img": "",
        "tags": [
            [
                "Frozen Appetizers",
                "/browse/food/frozen-appetizers/976759_976791_1001411"
            ],
            [
                "Frozen Dinners & Meals",
                "/browse/food/frozen-dinners-meals/976759_976791_5511284_1001412"
            ],
            [
                "Frozen Breakfast Pastries",
                "/browse/food/frozen-breakfast-pastries/976759_976791_1001417_2091160"
            ],
            [
                "General Mills Box Tops Frozen",
                "/browse/food/general-mills-box-tops-frozen/976759_2606229_6093697"
            ],
            [
                "All Frozen Breakfast",
                "/browse/food/all-frozen-breakfast/976759_976791_1001417_7605033"
            ],
            [
                "Shop Kellogg's",
                "/browse/shop-kelloggs/976759_7786229"
            ],
            [
                "Summer Grilling Snacks",
                "/browse/food/summer-grilling-snacks/976759_1567409_8808777_8991223"
            ]
        ]
    },
    {
        "title": "Hungry-Man Smokin Backyard Barbeque 15.25 oz. Box",
        "url": "https://www.walmart.com/ip/Hungry-Man-Smokin-Backyard-Barbeque-15-25-oz-Box/24225480",
        "price": "$2.33",
        "stars": "4.1",
        "ratings": "51 ",
        "img": "",
        "tags": [
            [
                "Frozen Appetizers",
                "/browse/food/frozen-appetizers/976759_976791_1001411"
            ],
            [
                "Frozen Meat",
                "/browse/food/frozen-meat/976759_976791_5295075_1230001"
            ],
            [
                "All Grab and Go Sandwiches, Salads and Snack Packs",
                "/browse/food/all-grab-go-sandwiches-salads-snack-packs/976759_1071964_976789_1291950_1584059"
            ],
            [
                "Frozen Beef",
                "/browse/food/frozen-beef/976759_976791_5295075_1740883"
            ],
            [
                "Deli Sandwiches",
                "/browse/food/deli-sandwiches/976759_1071964_976789_1291950_6215019"
            ],
            [
                "Frozen Pork",
                "/browse/food/frozen-pork/976759_976791_5295075_6701671"
            ],
            [
                "Frozen Pasta",
                "/browse/food/frozen-pasta/976759_976791_7089533"
            ],
            [
                "Frozen Chicken",
                "/browse/food/frozen-chicken/976759_976791_5295075_8609714"
            ]
        ]
    },
    {
        "title": "Kellogg's Eggo Nutri-Grain, Frozen Waffles, Blueberry, Easy Breakfast, 10 Ct, 12.3 Oz",
        "url": "https://www.walmart.com/ip/Kellogg-s-Eggo-Nutri-Grain-Frozen-Waffles-Blueberry-Easy-Breakfast-10-Ct-12-3-Oz/10891798",
        "price": "$2.86",
        "stars": "4.8",
        "ratings": "40 ",
        "img": "i5.walmartimages.com/asr/bed62f3a-6801-4391-96da-0824233f5966.bab43b15d5b288ec42ff64fbf857f692.jpeg?odnWidth=612&odnHeight=612&odnBg=ffffff",
        "tags": [
            [
                "All Pancake & Waffle Mixes",
                "/browse/food/all-pancake-waffle-mixes/976759_976780_1001368_8790090_1702520"
            ],
            [
                "National Pancake Day",
                "/browse/food/national-pancake-day/976759_2606229_1841035"
            ],
            [
                "Better For You Food Essentials",
                "/browse/food/better-for-you-food-essentials/976759_1567409_2168938_8870296_3239058"
            ],
            [
                "Dessert Mixes",
                "/browse/food/dessert-mixes/976759_4143264_2535686_5948883_4408557"
            ],
            [
                "All Healthy Essentials",
                "/browse/food/all-healthy-essentials/976759_1567409_2168938_8870296_5484923"
            ],
            [
                "All Frozen Breakfast",
                "/browse/food/all-frozen-breakfast/976759_976791_1001417_7605033"
            ],
            [
                "Non GMO Food",
                "/browse/food/non-gmo-food/976759_5004481_8102928"
            ],
            [
                "Kodiak Cakes",
                "/browse/food/kodiak-cakes/976759_976780_1001368_8790090_9385442"
            ]
        ]
    },
    {
        "title": "Great Value Chopped Green Peppers, 10 oz",
        "url": "https://www.walmart.com/ip/Great-Value-Chopped-Green-Peppers-10-oz/442131085",
        "price": null,
        "stars": "5.0",
        "ratings": "3 ",
        "img": "i5.walmartimages.com/asr/525dc0df-c665-4617-b066-44984c0966fc_1.14552875899c21499847dc875e80a844.jpeg?odnWidth=612&odnHeight=612&odnBg=ffffff",
        "tags": [
            [
                "Frozen Dinners & Meals",
                "/browse/food/frozen-dinners-meals/976759_976791_5511284_1001412"
            ],
            [
                "Frozen Fruit",
                "/browse/food/frozen-fruit/976759_976791_1001413"
            ],
            [
                "All Fresh Fruit",
                "/browse/food/all-fresh-fruit/976759_1071964_976793_9756351_1759962"
            ],
            [
                "Fresh Pre-Cut Vegetables",
                "/browse/food/fresh-pre-cut-vegetables/976759_1071964_976793_8910423_2835097"
            ],
            [
                "Frozen Hash Browns",
                "/browse/food/frozen-hash-browns/976759_976791_1001417_3322742"
            ],
            [
                "All Frozen Potatoes",
                "/browse/food/all-frozen-potatoes/976759_976791_6170090_8493377"
            ],
            [
                "Brussel Sprouts and Cabbage",
                "/browse/food/brussel-sprouts-cabbage/976759_1071964_976793_8910423_8584247"
            ]
        ]
    },
    {
        "title": "John Soules Foods Chicken Fajitas, 16oz (Frozen)",
        "url": "https://www.walmart.com/ip/John-Soules-Foods-Chicken-Fajitas-16oz-Frozen/10312196",
        "price": "$5.18",
        "stars": "4.4",
        "ratings": "85 ",
        "img": "i5.walmartimages.com/asr/3f91b53c-2be1-44da-b7df-4d4ea2affaa7_3.6a23022d1831fd1e5c201df2266a7b62.jpeg?odnWidth=612&odnHeight=612&odnBg=ffffff",
        "tags": [
            [
                "Frozen Dinners & Meals",
                "/browse/food/frozen-dinners-meals/976759_976791_5511284_1001412"
            ],
            [
                "Tortillas, Pitas & Wraps",
                "/browse/food/tortillas-pitas-wraps/976759_1071964_976779_3034786_1001458"
            ],
            [
                "No Sugar Foods",
                "/browse/food/no-sugar-foods/976759_5004481_1858214"
            ],
            [
                "Kids' Favorites",
                "/browse/food/kids-favorites/976759_976783_2440347"
            ],
            [
                "Kids' Cereal",
                "/browse/food/kids-cereal/976759_976783_1231208_5549868"
            ],
            [
                "General Mills Treat Bars",
                "/browse/food/general-mills-treat-bars/976759_2606229_6420550"
            ],
            [
                "Frozen Chicken",
                "/browse/food/frozen-chicken/976759_976791_5295075_8609714"
            ]
        ]
    },
    {
        "title": "Jimmy Dean\u00ae Ham & Cheese Croissant Sandwiches, 8 Count (Frozen)",
        "url": "https://www.walmart.com/ip/Jimmy-Dean-Ham-Cheese-Croissant-Sandwiches-8-Count-Frozen/24217387",
        "price": "$9.68",
        "stars": "4.3",
        "ratings": "44 ",
        "img": "i5.walmartimages.com/asr/d73d0111-2fe9-4126-a2fa-ca3caa67cbe1.cbb889124201d44771ecd904cb65c141.jpeg?odnWidth=612&odnHeight=612&odnBg=ffffff",
        "tags": [
            [
                "Sandwiches",
                "/browse/food/sandwiches/976759_1071964_976789_1001431"
            ],
            [
                "Dessert Breads",
                "/browse/food/dessert-breads/976759_1071964_976779_1001456"
            ],
            [
                "Frozen Sandwiches",
                "/browse/food/frozen-sandwiches/976759_976791_1044113"
            ],
            [
                "Frozen Rolls & Wraps",
                "/browse/food/frozen-rolls-wraps/976759_976791_1044164"
            ],
            [
                "Frozen Breakfast Pastries",
                "/browse/food/frozen-breakfast-pastries/976759_976791_1001417_2091160"
            ],
            [
                "Deli Sandwiches",
                "/browse/food/deli-sandwiches/976759_1071964_976789_1291950_6215019"
            ],
            [
                "Croissants and Breakfast Pastries",
                "/browse/food/croissants-breakfast-pastries/976759_1071964_976779_1044115_8008239"
            ]
        ]
    }
]