[
    {
        "title": "(4 Pack) Cento Peeled Tomatoes, Italian Style, 28 Oz",
        "url": "https://www.walmart.com/ip/4-Pack-Cento-Peeled-Tomatoes-Italian-Style-28-Oz/168713641",
        "price": "$7.41",
        "stars": "3.9",
        "ratings": "46 ",
        "img": "i5.walmartimages.com/asr/14a5b3b1-82c5-445a-84a8-abd0833f4daa_1.f21b1c3062013fa204a0c07dc86b6436.jpeg?odnWidth=612&odnHeight=612&odnBg=ffffff",
        "tags": [
            [
                "Other International Foods",
                "/browse/food/other-international-foods/976759_5148628_1228025_1228105"
            ],
            [
                "All Fresh Vegetables",
                "/browse/food/all-fresh-vegetables/976759_1071964_976793_8910423_1814126"
            ],
            [
                "Tomatoes",
                "/browse/food/tomatoes/976759_1071964_976793_8910423_1819145"
            ],
            [
                "Canned Tomatoes",
                "/browse/food/canned-tomatoes/976759_976794_976785_2009430"
            ],
            [
                "Pasta Sauce",
                "/browse/food/pasta-sauce/976759_976794_2775278"
            ],
            [
                "Vegan Foods",
                "/browse/food/vegan-foods/976759_5004481_6794259"
            ],
            [
                "Meals Restock",
                "/browse/food/meals-restock/976759_1567409_2168938_1811730_6806516"
            ],
            [
                "Easy Kid's Dinners",
                "/browse/food/easy-kids-dinners/976759_1567409_7966149_9873756"
            ]
        ]
    },
    {
        "title": "(4 Pack) Dole Tropical Fruit in 100% Fruit Juice 23.5 oz. Plastic Jar",
        "url": "https://www.walmart.com/ip/4-Pack-Dole-Tropical-Fruit-in-100-Fruit-Juice-23-5-oz-Plastic-Jar/47238701",
        "price": "$9.28",
        "stars": "4.5",
        "ratings": "118 ",
        "img": "i5.walmartimages.com/asr/a70864e2-c85b-4334-b85d-9eb0f0f6e573_1.02f540238842cd634d0d472677b53fb9.jpeg?odnWidth=612&odnHeight=612&odnBg=ffffff",
        "tags": [
            [
                "Fruit Cups & Fruit Sauces",
                "/browse/food/fruit-cups-fruit-sauces/976759_976787_1044133"
            ],
            [
                "Pie Fillings",
                "/browse/food/pie-fillings/976759_976780_2881195_1044161"
            ],
            [
                "All Fresh Fruit",
                "/browse/food/all-fresh-fruit/976759_1071964_976793_9756351_1759962"
            ],
            [
                "Canned Pineapple",
                "/browse/food/canned-pineapple/976759_976794_976785_3637240"
            ],
            [
                "Citrus",
                "/browse/food/citrus/976759_1071964_976793_9756351_4914029"
            ],
            [
                "Dole Fruit Cups",
                "/browse/food/dole-fruit-cups/976759_976794_976785_5006407"
            ],
            [
                "Dole Pineapple",
                "/browse/food/dole-pineapple/976759_976794_976785_7299548"
            ],
            [
                "Canned Peaches",
                "/browse/food/canned-peaches/976759_976794_976785_8566750"
            ]
        ]
    },
    {
        "title": "Goya Goya  Bouillon, 2.82 oz",
        "url": "https://www.walmart.com/ip/Goya-Goya-Bouillon-2-82-oz/30876410",
        "price": "$1.27",
        "stars": "4.4",
        "ratings": "12 ",
        "img": "",
        "tags": [
            [
                "Stocks & Broths",
                "/browse/food/stocks-broths/976759_976794_976785_1001360"
            ],
            [
                "Organic Foods",
                "/browse/food/organic-foods/976759_1228024_1228017"
            ],
            [
                "Canned Tomatoes",
                "/browse/food/canned-tomatoes/976759_976794_976785_2009430"
            ],
            [
                "Knorr",
                "/browse/knorr/976759_2626199"
            ],
            [
                "Pasta Sauce",
                "/browse/food/pasta-sauce/976759_976794_2775278"
            ],
            [
                "Snacks",
                "/browse/food/snacks/976759_5148628_1228025_1228103_4586063"
            ],
            [
                "Canned Beans",
                "/browse/food/canned-beans/976759_976794_976785_5368028"
            ],
            [
                "Broth",
                "/browse/food/broth/976759_976794_3901881_7072946"
            ]
        ]
    },
    {
        "title": "Amy'S - Organic Medium Chili , 14.7 Oz",
        "url": "https://www.walmart.com/ip/Amy-S-Organic-Medium-Chili-14-7-Oz/10789426",
        "price": "$2.88",
        "stars": "4.2",
        "ratings": "17 ",
        "img": "i5.walmartimages.com/asr/9e03ff2e-1295-4bf1-97a6-57737512a58e_1.908f24c9c39c54ca3f9249ff4e4b8837.jpeg?odnWidth=612&odnHeight=612&odnBg=ffffff",
        "tags": [
            [
                "Beans",
                "/browse/food/beans/976759_976794_976785_1001341"
            ],
            [
                "Meat & Poultry",
                "/browse/food/meat-poultry/976759_976794_976785_1001347"
            ],
            [
                "All Pantry Clearance and Deals",
                "/browse/food/all-pantry-clearance-deals/976759_1567409_2168938_3231932_2780184"
            ],
            [
                "Organic Food Essentials",
                "/browse/food/organic-food-essentials/976759_1567409_2168938_8870296_3706415"
            ],
            [
                "Canned Beans",
                "/browse/food/canned-beans/976759_976794_976785_5368028"
            ],
            [
                "Vegan Food Essentials",
                "/browse/food/vegan-food-essentials/976759_1567409_2168938_8870296_7715877"
            ],
            [
                "Dairy Free Foods",
                "/browse/food/dairy-free-foods/976759_5004481_7941405"
            ],
            [
                "Shop All Plant Based Foods",
                "/browse/food/shop-all-plant-based-foods/976759_5148628_4583057_2468673_8701847"
            ]
        ]
    },
    {
        "title": "(4 Pack) Classico Spicy Tomato and Basil Pasta Sauce, 24 oz Jar",
        "url": "https://www.walmart.com/ip/4-Pack-Classico-Spicy-Tomato-and-Basil-Pasta-Sauce-24-oz-Jar/47233433",
        "price": "$7.45",
        "stars": "4.5",
        "ratings": "73 ",
        "img": "i5.walmartimages.com/asr/2d7bfa5f-a0c7-4a70-bed6-1d993a2414e1_1.0c665c31a120677246f4b4b806ecbddd.jpeg?odnWidth=612&odnHeight=612&odnBg=ffffff",
        "tags": [
            [
                "Pasta & Noodles",
                "/browse/food/pasta-noodles/976759_976794_1007519"
            ],
            [
                "Sauces",
                "/browse/food/sauces/976759_976786_1076366"
            ],
            [
                "All Meals and Sides",
                "/browse/food/all-meals-sides/976759_1071964_976789_2133672_1535108"
            ],
            [
                "Canned Tomatoes",
                "/browse/food/canned-tomatoes/976759_976794_976785_2009430"
            ],
            [
                "Pasta Sauce",
                "/browse/food/pasta-sauce/976759_976794_2775278"
            ],
            [
                "Gluten Free Foods",
                "/browse/food/gluten-free-foods/976759_5004481_5546296"
            ],
            [
                "Meals Restock",
                "/browse/food/meals-restock/976759_1567409_2168938_1811730_6806516"
            ],
            [
                "Easy Kid's Dinners",
                "/browse/food/easy-kids-dinners/976759_1567409_7966149_9873756"
            ]
        ]
    },
    {
        "title": "(3 Pack) Francesco Rinaldi Traditional Marinara Sauce, 24 Oz",
        "url": "https://www.walmart.com/ip/3-Pack-Francesco-Rinaldi-Traditional-Marinara-Sauce-24-Oz/47233500",
        "price": "$4.80",
        "stars": "4.4",
        "ratings": "59 ",
        "img": "i5.walmartimages.com/asr/83d60e54-66db-4ee6-a0e7-406b06e24967_1.74065c4b623c3b9aa2285ecf1e1b26f3.jpeg?odnWidth=612&odnHeight=612&odnBg=ffffff",
        "tags": [
            [
                "Pasta & Noodles",
                "/browse/food/pasta-noodles/976759_976794_1007519"
            ],
            [
                "Sauces",
                "/browse/food/sauces/976759_976786_1076366"
            ],
            [
                "All Meals and Sides",
                "/browse/food/all-meals-sides/976759_1071964_976789_2133672_1535108"
            ],
            [
                "Canned Tomatoes",
                "/browse/food/canned-tomatoes/976759_976794_976785_2009430"
            ],
            [
                "Pasta Sauce",
                "/browse/food/pasta-sauce/976759_976794_2775278"
            ],
            [
                "Vegan Foods",
                "/browse/food/vegan-foods/976759_5004481_6794259"
            ],
            [
                "Gluten Free Meals & Side Dishes",
                "/browse/food/gluten-free-meals-side-dishes/976759_5148628_4583057_1250486_9821290"
            ],
            [
                "Easy Kid's Dinners",
                "/browse/food/easy-kids-dinners/976759_1567409_7966149_9873756"
            ]
        ]
    },
    {
        "title": "Chicken Of The Sea Albacore Solid White In Water Tuna, 5 oz Can",
        "url": "https://www.walmart.com/ip/Chicken-Of-The-Sea-Albacore-Solid-White-In-Water-Tuna-5-oz-Can/15240750",
        "price": "$12.24",
        "stars": "3.8",
        "ratings": "11 ",
        "img": "i5.walmartimages.com/asr/70cb2afb-c996-4402-b1ad-4478b56d1fe9_1.ab89766d8c8970c41f284c00a043f5a9.jpeg?odnWidth=612&odnHeight=612&odnBg=ffffff",
        "tags": [
            [
                "Tuna & Seafood",
                "/browse/food/tuna-seafood/976759_976794_976785_1001781"
            ],
            [
                "High Protein Food Staples",
                "/browse/food/high-protein-food-staples/976759_1567409_2168938_8870296_2783192"
            ],
            [
                "All Seafood",
                "/browse/food/all-seafood/976759_1071964_976796_1001442_5871325"
            ],
            [
                "Starkist Tuna",
                "/browse/food/starkist-tuna/976759_976794_976785_6368123"
            ],
            [
                "Bumblebee Tuna",
                "/browse/food/bumblebee-tuna/976759_976794_976785_6754896"
            ],
            [
                "Gluten Free Meals & Side Dishes",
                "/browse/food/gluten-free-meals-side-dishes/976759_5148628_4583057_1250486_9821290"
            ],
            [
                "Easy Kid's Dinners",
                "/browse/food/easy-kids-dinners/976759_1567409_7966149_9873756"
            ]
        ]
    },
    {
        "title": "Juanita'S Foods Hominy Mexican Style, 25 Oz",
        "url": "https://www.walmart.com/ip/Juanita-S-Foods-Hominy-Mexican-Style-25-Oz/10453029",
        "price": "$1.38",
        "stars": "5.0",
        "ratings": "1 ",
        "img": "i5.walmartimages.com/asr/183fa37a-ce1d-42dc-a59d-4a820473c00d.89f2929a319e3a7900d4606807ca8607.jpeg?odnWidth=612&odnHeight=612&odnBg=ffffff",
        "tags": [
            [
                "Canned Grains",
                "/browse/food/canned-grains/976759_976794_976785_1044167"
            ],
            [
                "Other International Foods",
                "/browse/food/other-international-foods/976759_5148628_1228025_1228105"
            ],
            [
                "All Fresh Vegetables",
                "/browse/food/all-fresh-vegetables/976759_1071964_976793_8910423_1814126"
            ],
            [
                "Tomatoes",
                "/browse/food/tomatoes/976759_1071964_976793_8910423_1819145"
            ],
            [
                "Canned Tomatoes",
                "/browse/food/canned-tomatoes/976759_976794_976785_2009430"
            ],
            [
                "Snacks",
                "/browse/food/snacks/976759_5148628_1228025_1228103_4586063"
            ],
            [
                "Asparagus and Artichokes",
                "/browse/food/asparagus-artichokes/976759_1071964_976793_8910423_8929117"
            ],
            [
                "Easy Kid's Dinners",
                "/browse/food/easy-kids-dinners/976759_1567409_7966149_9873756"
            ]
        ]
    },
    {
        "title": "(4 Pack) Taco Bell Crunchy Taco Dinner Kit, 12 count Box",
        "url": "https://www.walmart.com/ip/4-Pack-Taco-Bell-Crunchy-Taco-Dinner-Kit-12-count-Box/47235388",
        "price": "$8.51",
        "stars": "4.4",
        "ratings": "162 ",
        "img": "i5.walmartimages.com/asr/6bba02a2-2885-4e22-8d4d-dd99fa82f1c4_1.dc1a87039943f54ba003fbe495c292dd.jpeg?odnWidth=612&odnHeight=612&odnBg=ffffff",
        "tags": [
            [
                "Taco Seasoning",
                "/browse/food/taco-seasoning/976759_976786_1007682_4019297_2407229"
            ],
            [
                "All Mixed Spices & Seasonings",
                "/browse/food/all-mixed-spices-seasonings/976759_976786_1007682_4019297_4279992"
            ],
            [
                "All Hot Sauces",
                "/browse/food/all-hot-sauces/976759_976786_9696846_5998141_4394977"
            ],
            [
                "Tex-Mex Sauces",
                "/browse/food/tex-mex-sauces/976759_976786_9696846_5998141_5209649"
            ],
            [
                "All Salt, Spices & Seasoning",
                "/browse/food/all-salt-spices-seasoning/976759_976786_8191625"
            ],
            [
                "General Mills Box Tops Meals",
                "/browse/food/general-mills-box-tops-meals/976759_2606229_8503205"
            ],
            [
                "Easy Kid's Dinners",
                "/browse/food/easy-kids-dinners/976759_1567409_7966149_9873756"
            ]
        ]
    },
    {
        "title": "(4 Cups) Del Monte Peach Strawberry Lemonade Bubble Fruit, 4 oz Cups",
        "url": "https://www.walmart.com/ip/4-Cups-Del-Monte-Peach-Strawberry-Lemonade-Bubble-Fruit-4-oz-Cups/699201088",
        "price": "$2.34",
        "stars": "4.2",
        "ratings": "63 ",
        "img": "",
        "tags": [
            [
                "Fruit Cups & Fruit Sauces",
                "/browse/food/fruit-cups-fruit-sauces/976759_976787_1044133"
            ],
            [
                "Pie Fillings",
                "/browse/food/pie-fillings/976759_976780_2881195_1044161"
            ],
            [
                "Canned Pineapple",
                "/browse/food/canned-pineapple/976759_976794_976785_3637240"
            ],
            [
                "Citrus",
                "/browse/food/citrus/976759_1071964_976793_9756351_4914029"
            ],
            [
                "Dole Fruit Cups",
                "/browse/food/dole-fruit-cups/976759_976794_976785_5006407"
            ],
            [
                "Non GMO Food",
                "/browse/food/non-gmo-food/976759_5004481_8102928"
            ],
            [
                "Lemonade Drinks",
                "/browse/food/lemonade-drinks/976759_976782_8445321"
            ],
            [
                "Canned Peaches",
                "/browse/food/canned-peaches/976759_976794_976785_8566750"
            ]
        ]
    }
]