[
    {
        "title": "Planters Dry Roasted Peanuts 16 oz Jar",
        "url": "https://www.walmart.com/ip/Planters-Dry-Roasted-Peanuts-16-oz-Jar/10291453",
        "price": "$3.50",
        "stars": "4.8",
        "ratings": "319 ",
        "img": "i5.walmartimages.com/asr/3570a911-6d22-447d-94e5-7d749ac57195.b308361c583165d9b8bcc8ea03670ba3.jpeg?odnWidth=612&odnHeight=612&odnBg=ffffff",
        "tags": [
            [
                "Planters Peanuts",
                "/browse/food/planters-peanuts/976759_976787_1001406_5010510_1966068"
            ],
            [
                "All Nuts, Trail Mix,& Seeds",
                "/browse/food/all-nuts-trail-mix-seeds/976759_976787_1001406_2615672"
            ],
            [
                "Nuts",
                "/browse/food/nuts/976759_976787_1001406_3488004"
            ],
            [
                "All Peanuts",
                "/browse/food/all-peanuts/976759_976787_1001406_5010510_3640038"
            ],
            [
                "Planters Cashews",
                "/browse/food/planters-cashews/976759_976787_1001406_8305691_4118325"
            ],
            [
                "All Nuts, Dried Fruits and Healthy Snacks",
                "/browse/food/all-nuts-dried-fruits-healthy-snacks/976759_1071964_976793_6682547_7101504"
            ],
            [
                "Mixed Nuts",
                "/browse/food/mixed-nuts/976759_976787_1001406_9012417"
            ]
        ]
    },
    {
        "title": "Blue Diamond Honey Roasted Almonds 6 oz. Canister",
        "url": "https://www.walmart.com/ip/Blue-Diamond-Honey-Roasted-Almonds-6-oz-Canister/30876344",
        "price": "$2.54",
        "stars": "4.7",
        "ratings": "196 ",
        "img": "i5.walmartimages.com/asr/8b57e395-5567-4ce2-9345-14b134e90f53_1.220206db8c8ab2f731edae78dcad6479.jpeg?odnWidth=612&odnHeight=612&odnBg=ffffff",
        "tags": [
            [
                "All Nuts, Trail Mix,& Seeds",
                "/browse/food/all-nuts-trail-mix-seeds/976759_976787_1001406_2615672"
            ],
            [
                "Nuts",
                "/browse/food/nuts/976759_976787_1001406_3488004"
            ],
            [
                "Planters Cashews",
                "/browse/food/planters-cashews/976759_976787_1001406_8305691_4118325"
            ],
            [
                "Blue Diamond Almonds",
                "/browse/food/blue-diamond-almonds/976759_976787_1001406_3474924_5177820"
            ],
            [
                "All Almonds",
                "/browse/food/all-almonds/976759_976787_1001406_3474924_6070199"
            ],
            [
                "All Nuts, Dried Fruits and Healthy Snacks",
                "/browse/food/all-nuts-dried-fruits-healthy-snacks/976759_1071964_976793_6682547_7101504"
            ],
            [
                "Mixed Nuts",
                "/browse/food/mixed-nuts/976759_976787_1001406_9012417"
            ]
        ]
    },
    {
        "title": "Voortman Bakery Sugar Free! Vanilla Wafers, 9 oz",
        "url": "https://www.walmart.com/ip/Voortman-Bakery-Sugar-Free-Vanilla-Wafers-9-oz/10321191",
        "price": "$2.68",
        "stars": "4.7",
        "ratings": "63 ",
        "img": "i5.walmartimages.com/asr/58abaf09-859f-4b7a-9a41-22ba46b0a2bc.01a7ae57c1e586259ac54e1c696f0c2a.jpeg?odnWidth=612&odnHeight=612&odnBg=ffffff",
        "tags": [
            [
                "All Cookies",
                "/browse/food/all-cookies/976759_976787_1001391_1592885"
            ],
            [
                "Sugar Free Food",
                "/browse/food/sugar-free-food/976759_1567409_3170630_2147513"
            ],
            [
                "All Chocolate Chip Cookies",
                "/browse/food/all-chocolate-chip-cookies/976759_976787_1001391_1545456_2687699"
            ],
            [
                "Sugar-Free Snacks",
                "/browse/food/sugar-free-snacks/976759_976787_3455839"
            ],
            [
                "Chocolate Cookies",
                "/browse/food/chocolate-cookies/976759_976787_1001391_4007138"
            ],
            [
                "Sugar-Free Cookies",
                "/browse/food/sugar-free-cookies/976759_976787_1001391_5314659"
            ],
            [
                "All New Food",
                "/browse/food/all-new-food/976759_4143264_8102846"
            ]
        ]
    },
    {
        "title": "Snyder's of Hanover Pretzels, Sourdough Nibblers, 16 Oz",
        "url": "https://www.walmart.com/ip/Snyder-s-of-Hanover-Pretzels-Sourdough-Nibblers-16-Oz/10293724",
        "price": "$2.98",
        "stars": "4.5",
        "ratings": "84 ",
        "img": "",
        "tags": [
            [
                "Utz Pretzels",
                "/browse/food/utz-pretzels/976759_976787_1044156_1782857"
            ],
            [
                "Gametime Snacks",
                "/browse/food/gametime-snacks/976759_1567409_3282877_2947703"
            ],
            [
                "Pretzel Sticks",
                "/browse/food/pretzel-sticks/976759_976787_1044156_4356725"
            ],
            [
                "All Pretzels",
                "/browse/food/all-pretzels/976759_976787_1044156_4377769"
            ],
            [
                "Movie Night Foods and Drinks",
                "/browse/food/movie-night-foods-drinks/976759_976787_4460428"
            ],
            [
                "Pretzel Canisters",
                "/browse/food/pretzel-canisters/976759_976787_1044156_8340438"
            ],
            [
                "Summer Grilling Snacks",
                "/browse/food/summer-grilling-snacks/976759_1567409_8808777_8991223"
            ]
        ]
    },
    {
        "title": "Sun-Maid California Raisins, Golden, 15 oz",
        "url": "https://www.walmart.com/ip/Sun-Maid-California-Raisins-Golden-15-oz/10307652",
        "price": "$3.82",
        "stars": "4.7",
        "ratings": "210 ",
        "img": "i5.walmartimages.com/asr/e8e0926a-ff86-4e37-a8db-ca7d01d9e992.df5cef02e7e8ac3b99766cd3763765ef.jpeg?odnWidth=612&odnHeight=612&odnBg=ffffff",
        "tags": [
            [
                "All Nuts, Trail Mix,& Seeds",
                "/browse/food/all-nuts-trail-mix-seeds/976759_976787_1001406_2615672"
            ],
            [
                "Dried Fruits and Vegetables",
                "/browse/food/dried-fruits-vegetables/976759_1071964_976793_6682547_2657263"
            ],
            [
                "All Fruit Types",
                "/browse/food/all-fruit-types/976759_976787_4962467_2356650_6330824"
            ],
            [
                "All Nuts, Dried Fruits and Healthy Snacks",
                "/browse/food/all-nuts-dried-fruits-healthy-snacks/976759_1071964_976793_6682547_7101504"
            ],
            [
                "Raisins",
                "/browse/food/raisins/976759_976787_4962467_2356650_7702391"
            ],
            [
                "Sun-Maid",
                "/browse/food/sun-maid/976759_976787_4962467_2025492_7808166"
            ],
            [
                "New Dried Fruits",
                "/browse/food/new-dried-fruits/976759_976787_4962467_8466181"
            ]
        ]
    },
    {
        "title": "Fiber One Protein Bar, Caramel Nut Chewy Bars, 12 ct",
        "url": "https://www.walmart.com/ip/Fiber-One-Protein-Bar-Caramel-Nut-Chewy-Bars-12-ct/25847952",
        "price": "$5.68",
        "stars": "4.7",
        "ratings": "210 ",
        "img": "i5.walmartimages.com/asr/815275e3-97a0-4ebe-9dfd-0885e72f3934.a4a6a9a2abdbbe5d428a8b87f8744df5.jpeg?odnWidth=612&odnHeight=612&odnBg=ffffff",
        "tags": [
            [
                "On the Go Snacks",
                "/browse/food/on-the-go-snacks/976759_976787_3253105"
            ],
            [
                "On-The-Go Bars",
                "/browse/food/on-the-go-bars/976759_1567409_3170630_4801990"
            ],
            [
                "Granola Bars",
                "/browse/food/granola-bars/976759_976787_1044154_5006109"
            ],
            [
                "Weight Management Bars",
                "/browse/food/weight-management-bars/976759_1567409_3170630_6275898"
            ],
            [
                "Indulgent Breakfast",
                "/browse/food/indulgent-breakfast/976759_976783_7148587"
            ],
            [
                "Fiber One Breakfast & Snack Bars",
                "/browse/food/fiber-one-breakfast-snack-bars/976759_976783_7968162"
            ],
            [
                "New Year New You",
                "/browse/food/new-year-new-you/976759_1567409_3170630_9741688"
            ]
        ]
    },
    {
        "title": "Great Value Sliced Almonds, 16 oz",
        "url": "https://www.walmart.com/ip/Great-Value-Sliced-Almonds-16-oz/511751498",
        "price": "$6.98",
        "stars": "4.9",
        "ratings": "129 ",
        "img": "i5.walmartimages.com/asr/2c265158-7f8c-4024-a84b-b9c299317d6e_2.5b346ac8c17e56fc9ac381f5f4dd141f.jpeg?odnWidth=612&odnHeight=612&odnBg=ffffff",
        "tags": [
            [
                "Dried Fruits",
                "/browse/food/dried-fruits/976759_976787_4962467_1044135"
            ],
            [
                "Baking Nuts, Coconut & Fruit",
                "/browse/food/baking-nuts-coconut-fruit/976759_976780_2881195_1092368"
            ],
            [
                "Nuts",
                "/browse/food/nuts/976759_976787_1001406_3488004"
            ],
            [
                "All Almonds",
                "/browse/food/all-almonds/976759_976787_1001406_3474924_6070199"
            ],
            [
                "All Fruit Types",
                "/browse/food/all-fruit-types/976759_976787_4962467_2356650_6330824"
            ],
            [
                "All Nuts, Dried Fruits and Healthy Snacks",
                "/browse/food/all-nuts-dried-fruits-healthy-snacks/976759_1071964_976793_6682547_7101504"
            ],
            [
                "Walnuts",
                "/browse/food/walnuts/976759_976787_1001406_7358205"
            ]
        ]
    },
    {
        "title": "Great Value Sweet & Salty Chewy Granola Bars, Almond, 12 Count",
        "url": "https://www.walmart.com/ip/Great-Value-Sweet-Salty-Chewy-Granola-Bars-Almond-12-Count/712559361",
        "price": "$2.84",
        "stars": "4.6",
        "ratings": "190 ",
        "img": "i5.walmartimages.com/asr/f581b3da-a9eb-40e0-826f-f5d06f337a97_6.9d7a450162aab21106ea2bafab1811a8.jpeg?odnWidth=612&odnHeight=612&odnBg=ffffff",
        "tags": [
            [
                "Cereal Bars & Breakfast Bars",
                "/browse/food/cereal-bars-breakfast-bars/976759_976783_1001332"
            ],
            [
                "General Mills Snacks",
                "/browse/food/general-mills-snacks/976759_2606229_2043501"
            ],
            [
                "On the Go Snacks",
                "/browse/food/on-the-go-snacks/976759_976787_3253105"
            ],
            [
                "Shop Nature Valley",
                "/browse/food/shop-nature-valley/976759_976787_1044154_4008994"
            ],
            [
                "Granola Bars",
                "/browse/food/granola-bars/976759_976787_1044154_5006109"
            ],
            [
                "Low Sodium Foods",
                "/browse/food/low-sodium-foods/976759_5004481_6733659"
            ],
            [
                "Kid's Lunches",
                "/browse/food/kids-lunches/976759_1567409_7966149_7561098"
            ],
            [
                "Nature Valley Granola Bars & Snack Bars",
                "/browse/food/nature-valley-granola-bars-snack-bars/976759_976787_1044154_7928976"
            ]
        ]
    },
    {
        "title": "Cheez-It Halloween, Baked Snack Cheese Crackers, Original, Fun Pak, 50 Ct, 19 Oz",
        "url": "https://www.walmart.com/ip/Cheez-It-Halloween-Baked-Snack-Cheese-Crackers-Original-Fun-Pak-50-Ct-19-Oz/792042967",
        "price": "$8.98",
        "stars": "4.8",
        "ratings": "33 ",
        "img": "i5.walmartimages.com/asr/dfd54049-354b-435d-b53c-aaf880d836ec.16083a3dbee8b5243a21456fcf9629d5.jpeg?odnWidth=612&odnHeight=612&odnBg=ffffff",
        "tags": [
            [
                "Children's Party",
                "/browse/food/childrens-party/976759_1096070_1224980_1381998"
            ],
            [
                "Pringles & Cheez-It",
                "/browse/pringles-cheez-it/976759_1863726"
            ],
            [
                "All Cheez-Its",
                "/browse/food/all-cheez-its/976759_976787_1001392_6622891_2652900"
            ],
            [
                "Halloween Trick or Treat",
                "/browse/food/halloween-trick-treat/976759_1567409_2107086_6041305_8139682"
            ],
            [
                "On-the-go Crackers",
                "/browse/food/on-the-go-crackers/976759_976787_1001392_9056086"
            ],
            [
                "All Halloween Candy",
                "/browse/food/all-halloween-candy/976759_1567409_2107086_6041305_9735259"
            ]
        ]
    },
    {
        "title": "Extra Spearmint Sugar Free Gum, Bulk Gum Value Pack, 8 pk",
        "url": "https://www.walmart.com/ip/Extra-Spearmint-Sugar-Free-Gum-Bulk-Gum-Value-Pack-8-pk/48714333",
        "price": "$5.98",
        "stars": "4.8",
        "ratings": "159 ",
        "img": "i5.walmartimages.com/asr/570977cc-a43f-4b33-8990-da4bf29a1791_1.6f34096b306f1be48033816e4070f0c0.jpeg?odnWidth=612&odnHeight=612&odnBg=ffffff",
        "tags": [
            [
                "Shop All Chewing Gum",
                "/browse/food/shop-all-chewing-gum/976759_1096070_1224977_1572366"
            ],
            [
                "Sugar Free Food",
                "/browse/food/sugar-free-food/976759_1567409_3170630_2147513"
            ],
            [
                "Orbit Chewing Gum",
                "/browse/food/orbit-chewing-gum/976759_1096070_1224977_3246659"
            ],
            [
                "Sugar-Free Snacks",
                "/browse/food/sugar-free-snacks/976759_976787_3455839"
            ],
            [
                "Wrigley Gum",
                "/browse/food/wrigley-gum/976759_1096070_1224977_3533254"
            ],
            [
                "Ice Breakers Chewing Gum",
                "/browse/food/ice-breakers-chewing-gum/976759_1096070_1224977_5365518"
            ],
            [
                "Hershey's Candy",
                "/browse/food/hersheys-candy/976759_1089004_5339481_6030945"
            ],
            [
                "Trident Chewing Gum",
                "/browse/food/trident-chewing-gum/976759_1096070_1224977_9974693"
            ]
        ]
    }
]