[
    {
        "title": "(3 Pack) Pompeian White Wine Vinegar, 16 fl oz",
        "url": "https://www.walmart.com/ip/3-Pack-Pompeian-White-Wine-Vinegar-16-fl-oz/47231588",
        "price": "$5.52",
        "stars": "4.7",
        "ratings": "37 ",
        "img": "i5.walmartimages.com/asr/f3154482-2160-4791-9f66-39878aef5415_1.b8bc19b38762c332280f276ee8cbfea4.jpeg?odnWidth=612&odnHeight=612&odnBg=ffffff",
        "tags": [
            [
                "Vinegar",
                "/browse/food/vinegar/976759_976786_1001366"
            ],
            [
                "Oil & Shortening",
                "/browse/food/oil-shortening/976759_976786_1044152"
            ],
            [
                "Rice Vinegar",
                "/browse/food/rice-vinegar/976759_976786_3896160_2090340"
            ],
            [
                "Shop All Vinegar",
                "/browse/food/shop-all-vinegar/976759_976786_3896160_2520364"
            ],
            [
                "Olive Oils",
                "/browse/food/olive-oils/976759_976786_2569148"
            ],
            [
                "Balsamic Vinegar",
                "/browse/food/balsamic-vinegar/976759_976786_3896160_3966324"
            ],
            [
                "Low Calorie Foods",
                "/browse/food/low-calorie-foods/976759_5004481_6036545"
            ],
            [
                "Plant Based Baking Needs",
                "/browse/food/plant-based-baking-needs/976759_5148628_4583057_2468673_6805759"
            ]
        ]
    },
    {
        "title": "Vlasic Ovals Hamburger Dill Pickle Chips, Keto Friendly, 16 FL OZ",
        "url": "https://www.walmart.com/ip/Vlasic-Ovals-Hamburger-Dill-Pickle-Chips-Keto-Friendly-16-FL-OZ/10308924",
        "price": "$1.98",
        "stars": "4.2",
        "ratings": "21 ",
        "img": "i5.walmartimages.com/asr/c98d69fe-1119-4ec0-9663-798aaf6052e5.6eecd0cabbb65f07af5b681ecb8dab9e.jpeg?odnWidth=612&odnHeight=612&odnBg=ffffff",
        "tags": [
            [
                "Easter Condiments & Sauces",
                "/browse/food/easter-condiments-sauces/976759_1567409_2168938_2546479_3724534"
            ],
            [
                "Bread & Butter Pickles",
                "/browse/food/bread-butter-pickles/976759_976786_3273605_4040740"
            ],
            [
                "Game Time Condiments",
                "/browse/food/game-time-condiments/976759_1567409_3282877_2930489_4160797"
            ],
            [
                "Duncan Hines",
                "/browse/food/duncan-hines/976759_976780_1001368_8292847_6209434"
            ],
            [
                "Mt. Olive",
                "/browse/food/mt-olive/976759_976786_3273605_6488583"
            ],
            [
                "Summer Grilling Condiments",
                "/browse/food/summer-grilling-condiments/976759_1567409_8808777_7265121"
            ],
            [
                "Dill Pickles",
                "/browse/food/dill-pickles/976759_976786_3273605_7404523"
            ],
            [
                "Vlasic Pickles",
                "/browse/food/vlasic-pickles/976759_976786_3273605_8455262"
            ]
        ]
    },
    {
        "title": "(2 Pack) Tapatio, Hot Sauce, 32 oz",
        "url": "https://www.walmart.com/ip/2-Pack-Tapatio-Hot-Sauce-32-oz/472297742",
        "price": "$6.58",
        "stars": "4.6",
        "ratings": "58 ",
        "img": "",
        "tags": [
            [
                "Sauces",
                "/browse/food/sauces/976759_976786_1076366"
            ],
            [
                "Game Time Condiments",
                "/browse/food/game-time-condiments/976759_1567409_3282877_2930489_4160797"
            ],
            [
                "Frank's RedHot",
                "/browse/food/franks-redhot/976759_976786_9696846_5998141_4260444"
            ],
            [
                "All Hot Sauces",
                "/browse/food/all-hot-sauces/976759_976786_9696846_5998141_4394977"
            ],
            [
                "Snacks",
                "/browse/food/snacks/976759_5148628_1228025_1228103_4586063"
            ],
            [
                "Tex-Mex Sauces",
                "/browse/food/tex-mex-sauces/976759_976786_9696846_5998141_5209649"
            ],
            [
                "All Gametime Food",
                "/browse/food/all-gametime-food/976759_1567409_3282877_6093905"
            ],
            [
                "Vegan Foods",
                "/browse/food/vegan-foods/976759_5004481_6794259"
            ]
        ]
    },
    {
        "title": "(3 Pack) Smucker's Sugar Free Apricot Preserves, 12.75 oz",
        "url": "https://www.walmart.com/ip/3-Pack-Smucker-s-Sugar-Free-Apricot-Preserves-12-75-oz/47233047",
        "price": "$7.95",
        "stars": "4.5",
        "ratings": "120 ",
        "img": "i5.walmartimages.com/asr/b7f34218-34da-4e7e-9996-bb5d9c06e9d2_1.aa9dd53e1117251b0f34270ba22fe9b0.jpeg?odnWidth=612&odnHeight=612&odnBg=ffffff",
        "tags": [
            [
                "Jam, Jelly & Preserves",
                "/browse/food/jam-jelly-preserves/976759_976786_4439815_1007659"
            ],
            [
                "Sugar-Free Food Essentials",
                "/browse/food/sugar-free-food-essentials/976759_1567409_2168938_8870296_1639022"
            ],
            [
                "Sugar-Free Snacks",
                "/browse/food/sugar-free-snacks/976759_976787_3455839"
            ],
            [
                "Peanut Butter and Jelly",
                "/browse/food/peanut-butter-jelly/976759_1567409_7966149_5050784"
            ],
            [
                "Raspberry Preserves",
                "/browse/food/raspberry-preserves/976759_976786_4439815_3614424_5461568"
            ],
            [
                "All Jams",
                "/browse/food/all-jams/976759_976786_4439815_4206490_5476094"
            ],
            [
                "Smucker's",
                "/browse/food/smuckers/976759_976786_4439815_7181651"
            ],
            [
                "Peach Preserves",
                "/browse/food/peach-preserves/976759_976786_4439815_3614424_7689936"
            ]
        ]
    },
    {
        "title": "Great Value Classic Olive Oil, 51 fl oz",
        "url": "https://www.walmart.com/ip/Great-Value-Classic-Olive-Oil-51-fl-oz/46651266",
        "price": "$9.44",
        "stars": "4.7",
        "ratings": "23 ",
        "img": "i5.walmartimages.com/asr/ef20f376-ffb7-4d02-9698-033a0135d6a9_2.b813ddc4444d6ac503a63756d0baa2fb.jpeg?odnWidth=612&odnHeight=612&odnBg=ffffff",
        "tags": [
            [
                "Oil & Shortening",
                "/browse/food/oil-shortening/976759_976786_1044152"
            ],
            [
                "Organic Foods",
                "/browse/food/organic-foods/976759_1228024_1228017"
            ],
            [
                "Cooking Oils",
                "/browse/food/cooking-oils/976759_976786_4711712_1314508"
            ],
            [
                "Condiments Restock",
                "/browse/food/condiments-restock/976759_1567409_2168938_1811730_3522188"
            ],
            [
                "Organic Food Essentials",
                "/browse/food/organic-food-essentials/976759_1567409_2168938_8870296_3706415"
            ],
            [
                "Vegan Foods",
                "/browse/food/vegan-foods/976759_5004481_6794259"
            ],
            [
                "Keto Food Essentials",
                "/browse/food/keto-food-essentials/976759_1567409_2168938_8870296_8175229"
            ],
            [
                "Kosher Foods",
                "/browse/kosher-foods/976759_8925069"
            ]
        ]
    },
    {
        "title": "Hellmann's Vegan Alternative to Mayonnaise Vegan 24 oz",
        "url": "https://www.walmart.com/ip/Hellmann-s-Vegan-Alternative-to-Mayonnaise-Vegan-24-oz/122731997",
        "price": "$3.77",
        "stars": "3.1",
        "ratings": "441 ",
        "img": "i5.walmartimages.com/asr/9d51c262-7249-496b-bdb9-172c006f7d9d.340ea0681432371e03263b4a4ec67636.jpeg?odnWidth=612&odnHeight=612&odnBg=ffffff",
        "tags": [
            [
                "Specialty Mayonnaise",
                "/browse/food/specialty-mayonnaise/976759_976786_9696846_5399470_2129187"
            ],
            [
                "All Sir Kensington's",
                "/browse/food/all-sir-kensingtons/976759_976786_9696846_8508384_3552490"
            ],
            [
                "Kraft Mayonnaise",
                "/browse/food/kraft-mayonnaise/976759_976786_9696846_5399470_5420015"
            ],
            [
                "Shop All Mayo",
                "/browse/food/shop-all-mayo/976759_976786_9696846_5399470_6720636"
            ],
            [
                "Summer Grilling Condiments",
                "/browse/food/summer-grilling-condiments/976759_1567409_8808777_7265121"
            ],
            [
                "Cream Cheese & Spreads",
                "/browse/food/cream-cheese-spreads/976759_1071964_976788_1001468_7506933"
            ],
            [
                "Sir Kensington's Mayonnaise",
                "/browse/food/sir-kensingtons-mayonnaise/976759_976786_9696846_8508384_9738484"
            ]
        ]
    },
    {
        "title": "(3 Pack) El Yucateco Salsa Picante De Chile Habanero Hot Sauce, 4 fl oz",
        "url": "https://www.walmart.com/ip/3-Pack-El-Yucateco-Salsa-Picante-De-Chile-Habanero-Hot-Sauce-4-fl-oz/649637555",
        "price": "$7.52",
        "stars": "4.8",
        "ratings": "44 ",
        "img": "",
        "tags": [
            [
                "Sauces",
                "/browse/food/sauces/976759_976786_1076366"
            ],
            [
                "All Pantry Clearance and Deals",
                "/browse/food/all-pantry-clearance-deals/976759_1567409_2168938_3231932_2780184"
            ],
            [
                "Tabasco",
                "/browse/food/tabasco/976759_976786_9696846_5998141_3698148"
            ],
            [
                "All Hot Sauces",
                "/browse/food/all-hot-sauces/976759_976786_9696846_5998141_4394977"
            ],
            [
                "Snacks",
                "/browse/food/snacks/976759_5148628_1228025_1228103_4586063"
            ],
            [
                "Tex-Mex Sauces",
                "/browse/food/tex-mex-sauces/976759_976786_9696846_5998141_5209649"
            ],
            [
                "Nut Free Foods",
                "/browse/food/nut-free-foods/976759_5004481_5679034"
            ],
            [
                "Dairy Free Foods",
                "/browse/food/dairy-free-foods/976759_5004481_7941405"
            ]
        ]
    },
    {
        "title": "(3 Pack) Smucker's Simply Fruit Seedless Blackberry Spread, 10-Ounce",
        "url": "https://www.walmart.com/ip/3-Pack-Smucker-s-Simply-Fruit-Seedless-Blackberry-Spread-10-Ounce/47233006",
        "price": "$7.60",
        "stars": "4.6",
        "ratings": "45 ",
        "img": "i5.walmartimages.com/asr/397a8078-e39f-4dc4-95bd-b7b457a207ef_1.04f29691e96d6af98b51090fdb526059.jpeg?odnWidth=612&odnHeight=612&odnBg=ffffff",
        "tags": [
            [
                "Jam, Jelly & Preserves",
                "/browse/food/jam-jelly-preserves/976759_976786_4439815_1007659"
            ],
            [
                "Sugar-Free Food Essentials",
                "/browse/food/sugar-free-food-essentials/976759_1567409_2168938_8870296_1639022"
            ],
            [
                "Sugar Free Food",
                "/browse/food/sugar-free-food/976759_1567409_3170630_2147513"
            ],
            [
                "Sugar-Free Snacks",
                "/browse/food/sugar-free-snacks/976759_976787_3455839"
            ],
            [
                "Peanut Butter and Jelly",
                "/browse/food/peanut-butter-jelly/976759_1567409_7966149_5050784"
            ],
            [
                "All Jams",
                "/browse/food/all-jams/976759_976786_4439815_4206490_5476094"
            ],
            [
                "Smucker's",
                "/browse/food/smuckers/976759_976786_4439815_7181651"
            ],
            [
                "Non GMO Food",
                "/browse/food/non-gmo-food/976759_5004481_8102928"
            ]
        ]
    },
    {
        "title": "Smucker's Concord Grape Jelly, 18-Ounce",
        "url": "https://www.walmart.com/ip/Smucker-s-Concord-Grape-Jelly-18-Ounce/10321567",
        "price": "$2.34",
        "stars": "4.2",
        "ratings": "47 ",
        "img": "i5.walmartimages.com/asr/d1337e48-cb1a-45fc-9f5e-405c81e2f42c.35d0f9766f1c793207a2bf8ad24c5ae4.jpeg?odnWidth=612&odnHeight=612&odnBg=ffffff",
        "tags": [
            [
                "Jam, Jelly & Preserves",
                "/browse/food/jam-jelly-preserves/976759_976786_4439815_1007659"
            ],
            [
                "Grape Jellies",
                "/browse/food/grape-jellies/976759_976786_4439815_5135919_4706083"
            ],
            [
                "Peanut Butter and Jelly",
                "/browse/food/peanut-butter-jelly/976759_1567409_7966149_5050784"
            ],
            [
                "All Jams",
                "/browse/food/all-jams/976759_976786_4439815_4206490_5476094"
            ],
            [
                "Low Sodium Foods",
                "/browse/food/low-sodium-foods/976759_5004481_6733659"
            ],
            [
                "Vegan Foods",
                "/browse/food/vegan-foods/976759_5004481_6794259"
            ],
            [
                "Kid's Lunches",
                "/browse/food/kids-lunches/976759_1567409_7966149_7561098"
            ],
            [
                "All Jellies",
                "/browse/food/all-jellies/976759_976786_4439815_5135919_9683979"
            ]
        ]
    },
    {
        "title": "McCormick Black Peppercorn Grinder, 2.5 oz",
        "url": "https://www.walmart.com/ip/McCormick-Black-Peppercorn-Grinder-2-5-oz/44883256",
        "price": "$2.54",
        "stars": "4.8",
        "ratings": "499 ",
        "img": "i5.walmartimages.com/asr/3190238b-2888-44b2-969e-4d40b3028aa9.861e8dcb60b2b942363417ea803e6548.jpeg?odnWidth=612&odnHeight=612&odnBg=ffffff",
        "tags": [
            [
                "All Pepper & Peppercorns",
                "/browse/food/all-pepper-peppercorns/976759_976786_1007682_5307367_2161042"
            ],
            [
                "All Mixed Spices & Seasonings",
                "/browse/food/all-mixed-spices-seasonings/976759_976786_1007682_4019297_4279992"
            ],
            [
                "All Salts & Salt Substitutes",
                "/browse/food/all-salts-salt-substitutes/976759_976786_1007682_7559954_4427396"
            ],
            [
                "Himalayan Pink Salt",
                "/browse/food/himalayan-pink-salt/976759_976786_1007682_7559954_4978870"
            ],
            [
                "Pepper",
                "/browse/food/pepper/976759_976786_1007682_5307367_6067079"
            ],
            [
                "All Single Herbs & Spices",
                "/browse/food/all-single-herbs-spices/976759_976786_1007682_2008977_6345512"
            ],
            [
                "All Salt, Spices & Seasoning",
                "/browse/food/all-salt-spices-seasoning/976759_976786_8191625"
            ],
            [
                "Sea Salt",
                "/browse/food/sea-salt/976759_976786_1007682_7559954_8336453"
            ]
        ]
    }
]