[
    {
        "title": "Great Value Enriched Parboiled Rice, 10 lb",
        "url": "https://www.walmart.com/ip/Great-Value-Enriched-Parboiled-Rice-10-lb/31712523",
        "price": "$5.98",
        "stars": "4.8",
        "ratings": "109 ",
        "img": "i5.walmartimages.com/asr/4a361362-75d7-4c58-be5d-639761b394f0_1.8154ee395ba4140bc3e7733502d9cde5.jpeg?odnWidth=612&odnHeight=612&odnBg=ffffff",
        "tags": [
            [
                "Beans",
                "/browse/food/beans/976759_976794_976785_1001341"
            ],
            [
                "Dried Beans",
                "/browse/food/dried-beans/976759_976794_1001478"
            ],
            [
                "No Sugar Foods",
                "/browse/food/no-sugar-foods/976759_5004481_1858214"
            ],
            [
                "Gluten Free Foods",
                "/browse/food/gluten-free-foods/976759_5004481_5546296"
            ],
            [
                "Low Sodium Foods",
                "/browse/food/low-sodium-foods/976759_5004481_6733659"
            ],
            [
                "Vegan Foods",
                "/browse/food/vegan-foods/976759_5004481_6794259"
            ],
            [
                "Kosher Foods",
                "/browse/kosher-foods/976759_8925069"
            ],
            [
                "High Fiber Foods",
                "/browse/food/high-fiber-foods/976759_5004481_9339140"
            ]
        ]
    },
    {
        "title": "(2 Pack) Victoria Pasta Sauce Slow Cooked Tomato Basil, 24.0 OZ",
        "url": "https://www.walmart.com/ip/2-Pack-Victoria-Pasta-Sauce-Slow-Cooked-Tomato-Basil-24-0-OZ/996718059",
        "price": "$6.95",
        "stars": "4.2",
        "ratings": "21 ",
        "img": "i5.walmartimages.com/asr/a97894ea-5aea-486a-8100-6bf253a0cbc0_1.60aea93cab7f0f7a744ea8097be49472.jpeg?odnWidth=612&odnHeight=612&odnBg=ffffff",
        "tags": [
            [
                "Sauces",
                "/browse/food/sauces/976759_976786_1076366"
            ],
            [
                "All Meals and Sides",
                "/browse/food/all-meals-sides/976759_1071964_976789_2133672_1535108"
            ],
            [
                "Canned Tomatoes",
                "/browse/food/canned-tomatoes/976759_976794_976785_2009430"
            ],
            [
                "Pasta Sauce",
                "/browse/food/pasta-sauce/976759_976794_2775278"
            ],
            [
                "Keto Food Essentials",
                "/browse/food/keto-food-essentials/976759_1567409_2168938_8870296_8175229"
            ],
            [
                "Gluten-Free Food Staples",
                "/browse/food/gluten-free-food-staples/976759_1567409_2168938_8870296_8339296"
            ],
            [
                "Gluten Free Meals & Side Dishes",
                "/browse/food/gluten-free-meals-side-dishes/976759_5148628_4583057_1250486_9821290"
            ],
            [
                "Easy Kid's Dinners",
                "/browse/food/easy-kids-dinners/976759_1567409_7966149_9873756"
            ]
        ]
    },
    {
        "title": "(3 Pack) PLAIN PASTA SAUCE",
        "url": "https://www.walmart.com/ip/3-Pack-PLAIN-PASTA-SAUCE/47233493",
        "price": "$4.98",
        "stars": "4.5",
        "ratings": "83 ",
        "img": "i5.walmartimages.com/asr/eeaa0581-a55f-4530-9d08-382789a656d7_1.704c95d67f2e7e53a43bf16c9768b323.jpeg?odnWidth=612&odnHeight=612&odnBg=ffffff",
        "tags": [
            [
                "Pasta & Noodles",
                "/browse/food/pasta-noodles/976759_976794_1007519"
            ],
            [
                "Sauces",
                "/browse/food/sauces/976759_976786_1076366"
            ],
            [
                "All Meals and Sides",
                "/browse/food/all-meals-sides/976759_1071964_976789_2133672_1535108"
            ],
            [
                "Canned Tomatoes",
                "/browse/food/canned-tomatoes/976759_976794_976785_2009430"
            ],
            [
                "Pasta Sauce",
                "/browse/food/pasta-sauce/976759_976794_2775278"
            ],
            [
                "Gluten Free Foods",
                "/browse/food/gluten-free-foods/976759_5004481_5546296"
            ],
            [
                "Gluten Free Meals & Side Dishes",
                "/browse/food/gluten-free-meals-side-dishes/976759_5148628_4583057_1250486_9821290"
            ],
            [
                "Easy Kid's Dinners",
                "/browse/food/easy-kids-dinners/976759_1567409_7966149_9873756"
            ]
        ]
    },
    {
        "title": "(4 pack) Great Value Mayocoba Beans, 16 oz",
        "url": "https://www.walmart.com/ip/4-pack-Great-Value-Mayocoba-Beans-16-oz/238185814",
        "price": "$5.57",
        "stars": "4.6",
        "ratings": "19 ",
        "img": "i5.walmartimages.com/asr/1170e79c-2e0e-4ed1-a50a-898d3f3e9275_1.c828544d3ca40705de092ffd657fc424.jpeg?odnWidth=612&odnHeight=612&odnBg=ffffff",
        "tags": []
    },
    {
        "title": "BUSHS Original Baked Beans 117 oz.",
        "url": "https://www.walmart.com/ip/BUSHS-Original-Baked-Beans-117-oz/21560291",
        "price": "$6.98",
        "stars": "4.6",
        "ratings": "219 ",
        "img": "",
        "tags": [
            [
                "Canned Fruit",
                "/browse/food/canned-fruit/976759_976794_976785_1001342"
            ],
            [
                "All Fresh Vegetables",
                "/browse/food/all-fresh-vegetables/976759_1071964_976793_8910423_1814126"
            ],
            [
                "Baked Beans",
                "/browse/food/baked-beans/976759_976794_976785_2133370"
            ],
            [
                "Cold Weather Foods",
                "/browse/food/cold-weather-foods/976759_1567409_6592518_4011823"
            ],
            [
                "Canned Beans",
                "/browse/food/canned-beans/976759_976794_976785_5368028"
            ],
            [
                "Gluten Free Foods",
                "/browse/food/gluten-free-foods/976759_5004481_5546296"
            ],
            [
                "Meals Restock",
                "/browse/food/meals-restock/976759_1567409_2168938_1811730_6806516"
            ],
            [
                "High Fiber Foods",
                "/browse/food/high-fiber-foods/976759_5004481_9339140"
            ]
        ]
    },
    {
        "title": "Daiya Foods - Cheezy Mac - Four Cheese With Herbs -10.6 Oz.",
        "url": "https://www.walmart.com/ip/Daiya-Foods-Cheezy-Mac-Four-Cheese-With-Herbs-10-6-Oz/464604554",
        "price": "$3.97",
        "stars": "3.6",
        "ratings": "14 ",
        "img": "",
        "tags": [
            [
                "Boxed Meals",
                "/browse/food/boxed-meals/976759_976794_6223225_1001477"
            ],
            [
                "Better For You Food Essentials",
                "/browse/food/better-for-you-food-essentials/976759_1567409_2168938_8870296_3239058"
            ],
            [
                "Plant Based Snacks",
                "/browse/food/plant-based-snacks/976759_5148628_4583057_2468673_6967777"
            ],
            [
                "Gluten Free Pasta & Grains",
                "/browse/food/gluten-free-pasta-grains/976759_5148628_4583057_1250486_7390423"
            ],
            [
                "Vegan Food Essentials",
                "/browse/food/vegan-food-essentials/976759_1567409_2168938_8870296_7715877"
            ],
            [
                "Dairy Free Foods",
                "/browse/food/dairy-free-foods/976759_5004481_7941405"
            ],
            [
                "Shop All Plant Based Foods",
                "/browse/food/shop-all-plant-based-foods/976759_5148628_4583057_2468673_8701847"
            ],
            [
                "Easy Kid's Dinners",
                "/browse/food/easy-kids-dinners/976759_1567409_7966149_9873756"
            ]
        ]
    },
    {
        "title": "McCormick Family Pack Chili Seasoning Mix, 7.5 oz",
        "url": "https://www.walmart.com/ip/McCormick-Family-Pack-Chili-Seasoning-Mix-7-5-oz/51222415",
        "price": "$5.34",
        "stars": "4.5",
        "ratings": "13 ",
        "img": "",
        "tags": [
            [
                "Beans",
                "/browse/food/beans/976759_976794_976785_1001341"
            ],
            [
                "All Fresh Vegetables",
                "/browse/food/all-fresh-vegetables/976759_1071964_976793_8910423_1814126"
            ],
            [
                "Baked Beans",
                "/browse/food/baked-beans/976759_976794_976785_2133370"
            ],
            [
                "Taco Seasoning",
                "/browse/food/taco-seasoning/976759_976786_1007682_4019297_2407229"
            ],
            [
                "All Mixed Spices & Seasonings",
                "/browse/food/all-mixed-spices-seasonings/976759_976786_1007682_4019297_4279992"
            ],
            [
                "Canned Beans",
                "/browse/food/canned-beans/976759_976794_976785_5368028"
            ],
            [
                "All Salt, Spices & Seasoning",
                "/browse/food/all-salt-spices-seasoning/976759_976786_8191625"
            ]
        ]
    },
    {
        "title": "Rice Select Royal Blend White Brown And Red, 21 Oz",
        "url": "https://www.walmart.com/ip/Rice-Select-Royal-Blend-White-Brown-And-Red-21-Oz/28924277",
        "price": "$6.48",
        "stars": "4.7",
        "ratings": "46 ",
        "img": "i5.walmartimages.com/asr/3b1e8b5d-23f3-4176-bf45-4f0657f1cbeb.153f6c1c4366f27ff1697b987a249e6e.jpeg?odnWidth=612&odnHeight=612&odnBg=ffffff",
        "tags": [
            [
                "Shop All Gluten Free Foods",
                "/browse/food/shop-all-gluten-free-foods/976759_5148628_4583057_1250486_4415080"
            ],
            [
                "Uncle Ben's",
                "/browse/food/uncle-bens/976759_976794_1001474_4782543"
            ],
            [
                "Nut Free Foods",
                "/browse/food/nut-free-foods/976759_5004481_5679034"
            ],
            [
                "Basmati Rice",
                "/browse/food/basmati-rice/976759_976794_1001474_5697844"
            ],
            [
                "Plant Based Pasta & Grains",
                "/browse/food/plant-based-pasta-grains/976759_5148628_4583057_2468673_7104725"
            ],
            [
                "Gluten Free Pasta & Grains",
                "/browse/food/gluten-free-pasta-grains/976759_5148628_4583057_1250486_7390423"
            ],
            [
                "Dairy Free Foods",
                "/browse/food/dairy-free-foods/976759_5004481_7941405"
            ]
        ]
    },
    {
        "title": "(2 Pack) Chicken of The Sea Wild Skinless Boneless Smoked Salmon, 3 oz Pouch",
        "url": "https://www.walmart.com/ip/2-Pack-Chicken-of-The-Sea-Wild-Skinless-Boneless-Smoked-Salmon-3-oz-Pouch/47227787",
        "price": "$5.94",
        "stars": "4.4",
        "ratings": "51 ",
        "img": "i5.walmartimages.com/asr/bd2e68de-1770-4ef4-918a-24cae11ff947_1.245e0c8f51d03f2bdd2e1691c2e59710.jpeg?odnWidth=612&odnHeight=612&odnBg=ffffff",
        "tags": [
            [
                "High Protein Food Staples",
                "/browse/food/high-protein-food-staples/976759_1567409_2168938_8870296_2783192"
            ],
            [
                "Canned Tuna",
                "/browse/food/canned-tuna/976759_976794_976785_5772565"
            ],
            [
                "All Seafood",
                "/browse/food/all-seafood/976759_1071964_976796_1001442_5871325"
            ],
            [
                "Fresh Fish",
                "/browse/food/fresh-fish/976759_1071964_976796_1001442_5915873"
            ],
            [
                "Bumblebee Tuna",
                "/browse/food/bumblebee-tuna/976759_976794_976785_6754896"
            ],
            [
                "Tuna Pouches",
                "/browse/food/tuna-pouches/976759_976794_976785_9162342"
            ],
            [
                "Gluten Free Meals & Side Dishes",
                "/browse/food/gluten-free-meals-side-dishes/976759_5148628_4583057_1250486_9821290"
            ]
        ]
    },
    {
        "title": "(4 Pack) Amy's Organic Low Fat Black Bean Vegetable Soup, 14.5 oz",
        "url": "https://www.walmart.com/ip/4-Pack-Amy-s-Organic-Low-Fat-Black-Bean-Vegetable-Soup-14-5-oz/47233817",
        "price": "$9.48",
        "stars": "4.2",
        "ratings": "32 ",
        "img": "i5.walmartimages.com/asr/0b0077c8-ca95-4d7a-b2e3-8fd4f46d46e4_1.4bda60c062cd858da5b6e14e64adccbc.jpeg?odnWidth=612&odnHeight=612&odnBg=ffffff",
        "tags": [
            [
                "All Meals and Sides",
                "/browse/food/all-meals-sides/976759_1071964_976789_2133672_1535108"
            ],
            [
                "Organic Food Essentials",
                "/browse/food/organic-food-essentials/976759_1567409_2168938_8870296_3706415"
            ],
            [
                "Cold Weather Foods",
                "/browse/food/cold-weather-foods/976759_1567409_6592518_4011823"
            ],
            [
                "Canned Beans",
                "/browse/food/canned-beans/976759_976794_976785_5368028"
            ],
            [
                "Vegan Food Essentials",
                "/browse/food/vegan-food-essentials/976759_1567409_2168938_8870296_7715877"
            ],
            [
                "Non GMO Food",
                "/browse/food/non-gmo-food/976759_5004481_8102928"
            ],
            [
                "Shop All Plant Based Foods",
                "/browse/food/shop-all-plant-based-foods/976759_5148628_4583057_2468673_8701847"
            ],
            [
                "Gluten Free Meals & Side Dishes",
                "/browse/food/gluten-free-meals-side-dishes/976759_5148628_4583057_1250486_9821290"
            ]
        ]
    }
]