[
    {
        "title": "(2 pack) Morton All-Purpose Iodized Sea Salt, 26 Oz Canister",
        "url": "https://www.walmart.com/ip/2-pack-Morton-All-Purpose-Iodized-Sea-Salt-26-Oz-Canister/396017932",
        "price": "$4.73",
        "stars": "4.9",
        "ratings": "145 ",
        "img": "i5.walmartimages.com/asr/bbe36349-f22f-4c82-86ed-6a6e254b2e05_2.16b8875ed09c0e7cdc189f7a29a48d0d.jpeg?odnWidth=612&odnHeight=612&odnBg=ffffff",
        "tags": [
            [
                "Baking Restock",
                "/browse/food/baking-restock/976759_1567409_2168938_1811730_4237636"
            ],
            [
                "All Salts & Salt Substitutes",
                "/browse/food/all-salts-salt-substitutes/976759_976786_1007682_7559954_4427396"
            ],
            [
                "Nut Free Foods",
                "/browse/food/nut-free-foods/976759_5004481_5679034"
            ],
            [
                "Herbs, Spices & Seasonings",
                "/browse/food/herbs-spices-seasonings/976759_4143264_2535686_3978835_6345282"
            ],
            [
                "Vegan Foods",
                "/browse/food/vegan-foods/976759_5004481_6794259"
            ],
            [
                "Non GMO Food",
                "/browse/food/non-gmo-food/976759_5004481_8102928"
            ],
            [
                "All Salt, Spices & Seasoning",
                "/browse/food/all-salt-spices-seasoning/976759_976786_8191625"
            ],
            [
                "Iodized Salt",
                "/browse/food/iodized-salt/976759_976786_1007682_7559954_9396093"
            ]
        ]
    },
    {
        "title": "LouAna Peanut Oil, 128.0 FL OZ",
        "url": "https://www.walmart.com/ip/LouAna-Peanut-Oil-128-0-FL-OZ/10293013",
        "price": "$12.98",
        "stars": "4.8",
        "ratings": "130 ",
        "img": "i5.walmartimages.com/asr/7087585f-5806-4617-938e-c6f0a547a647_1.fba13c45b1b6a13c102511d74262013e.jpeg?odnWidth=612&odnHeight=612&odnBg=ffffff",
        "tags": [
            [
                "Condiments",
                "/browse/food/condiments/976759_976786_9696846_1001363"
            ],
            [
                "Cooking Oils",
                "/browse/food/cooking-oils/976759_976786_4711712_1314508"
            ],
            [
                "Coconut Oil for Cooking",
                "/browse/food/coconut-oil-for-cooking/976759_976786_2287183"
            ],
            [
                "Olive Oils",
                "/browse/food/olive-oils/976759_976786_2569148"
            ],
            [
                "Condiments Restock",
                "/browse/food/condiments-restock/976759_1567409_2168938_1811730_3522188"
            ],
            [
                "Low Calorie Foods",
                "/browse/food/low-calorie-foods/976759_5004481_6036545"
            ],
            [
                "Non GMO Food",
                "/browse/food/non-gmo-food/976759_5004481_8102928"
            ],
            [
                "Kosher Foods",
                "/browse/kosher-foods/976759_8925069"
            ]
        ]
    },
    {
        "title": "(8 Pack) Krusteaz Meyer Lemon Bars Supreme Mix, 19.35-Ounce Box",
        "url": "https://www.walmart.com/ip/8-Pack-Krusteaz-Meyer-Lemon-Bars-Supreme-Mix-19-35-Ounce-Box/47241204",
        "price": "$16.65",
        "stars": "4.4",
        "ratings": "57 ",
        "img": "",
        "tags": [
            [
                "Muffin Mixes",
                "/browse/food/muffin-mixes/976759_976780_1001368_1831831"
            ],
            [
                "All Baking Mixes",
                "/browse/food/all-baking-mixes/976759_976780_1001368_2594651"
            ],
            [
                "Game Time Baking",
                "/browse/food/game-time-baking/976759_1567409_3282877_2930489_4135213"
            ],
            [
                "Dessert Mixes",
                "/browse/food/dessert-mixes/976759_4143264_2535686_5948883_4408557"
            ],
            [
                "Easter Brunch",
                "/browse/food/easter-brunch/976759_1567409_7567150_6140212"
            ],
            [
                "All Cake Mixes",
                "/browse/food/all-cake-mixes/976759_976780_1001368_8292847_8973498"
            ]
        ]
    },
    {
        "title": "Betty Crocker Rich and Creamy Cream Cheese Frosting",
        "url": "https://www.walmart.com/ip/Betty-Crocker-Rich-and-Creamy-Cream-Cheese-Frosting/203923585",
        "price": "$47.15",
        "stars": "4.3",
        "ratings": "164 ",
        "img": "",
        "tags": []
    },
    {
        "title": "Olivari Grapeseed Oil, for Frying and Sauteing, 51 Oz",
        "url": "https://www.walmart.com/ip/Olivari-Grapeseed-Oil-for-Frying-and-Sauteing-51-Oz/104260463",
        "price": "$7.98",
        "stars": "4.9",
        "ratings": "47 ",
        "img": "i5.walmartimages.com/asr/fe136b53-17fb-4ab4-b4a0-d8bd9fc29490_1.6e9dd6fb809347539e966aef9b683d68.jpeg?odnWidth=612&odnHeight=612&odnBg=ffffff",
        "tags": [
            [
                "Cooking Oils",
                "/browse/food/cooking-oils/976759_976786_4711712_1314508"
            ],
            [
                "Coconut Oil for Cooking",
                "/browse/food/coconut-oil-for-cooking/976759_976786_2287183"
            ],
            [
                "Olive Oils",
                "/browse/food/olive-oils/976759_976786_2569148"
            ],
            [
                "Condiments Restock",
                "/browse/food/condiments-restock/976759_1567409_2168938_1811730_3522188"
            ],
            [
                "Organic Food Essentials",
                "/browse/food/organic-food-essentials/976759_1567409_2168938_8870296_3706415"
            ],
            [
                "Avocado Oils",
                "/browse/food/avocado-oils/976759_976786_7827119"
            ],
            [
                "Shop All Plant Based Foods",
                "/browse/food/shop-all-plant-based-foods/976759_5148628_4583057_2468673_8701847"
            ],
            [
                "Kosher Foods",
                "/browse/kosher-foods/976759_8925069"
            ]
        ]
    },
    {
        "title": "(3 Pack) Great Value All-Purpose Baking Mix, 40 oz",
        "url": "https://www.walmart.com/ip/3-Pack-Great-Value-All-Purpose-Baking-Mix-40-oz/47241414",
        "price": "$7.15",
        "stars": "4.5",
        "ratings": "58 ",
        "img": "i5.walmartimages.com/asr/6d489b0c-cf2c-4cb4-aba9-929016db6f11.c90519e5bc4b1fc8c1047e78cb22748c.jpeg?odnWidth=612&odnHeight=612&odnBg=ffffff",
        "tags": [
            [
                "LED Light Bulbs",
                "/browse/household-essentials/led-light-bulbs/1115193_1228347_1228390"
            ],
            [
                "Scott Toilet Paper",
                "/browse/household-essentials/scott-toilet-paper/1115193_1073264_1149384_3355558"
            ],
            [
                "All Toilet Paper",
                "/browse/household-essentials/all-toilet-paper/1115193_1073264_1149384_3914210"
            ],
            [
                "All Light Bulbs",
                "/browse/household-essentials/all-light-bulbs/1115193_1228347_561674"
            ],
            [
                "Flood Light Bulbs",
                "/browse/household-essentials/flood-light-bulbs/1115193_1228347_6514887"
            ],
            [
                "All Lysol",
                "/browse/household-essentials/all-lysol/1115193_8250903_9423727_8029427"
            ],
            [
                "Standard Light Bulbs",
                "/browse/household-essentials/standard-light-bulbs/1115193_1228347_9410096"
            ]
        ]
    },
    {
        "title": "(2 Pack) Torani Caramel Sauce, 16.5 oz",
        "url": "https://www.walmart.com/ip/2-Pack-Torani-Caramel-Sauce-16-5-oz/743138603",
        "price": "$9.62",
        "stars": "4.9",
        "ratings": "133 ",
        "img": "i5.walmartimages.com/asr/1dfa6ac0-85bf-4fa9-86e1-0c777ed95d4d_1.f2b81a91dcd564cd9a532ac1fdc404b7.jpeg?odnWidth=612&odnHeight=612&odnBg=ffffff",
        "tags": [
            [
                "Syrups & Sweeteners",
                "/browse/food/syrups-sweeteners/976759_976786_1008040"
            ],
            [
                "Sugar-Free Food Essentials",
                "/browse/food/sugar-free-food-essentials/976759_1567409_2168938_8870296_1639022"
            ],
            [
                "Sugar Free Food",
                "/browse/food/sugar-free-food/976759_1567409_3170630_2147513"
            ],
            [
                "Sugar-Free Snacks",
                "/browse/food/sugar-free-snacks/976759_976787_3455839"
            ],
            [
                "Baking Restock",
                "/browse/food/baking-restock/976759_1567409_2168938_1811730_4237636"
            ],
            [
                "Flavored Syrup",
                "/browse/food/flavored-syrup/976759_976780_1092370_6291049"
            ],
            [
                "All Syrups",
                "/browse/food/all-syrups/976759_976780_1092370_6683232"
            ],
            [
                "Hershey Baking",
                "/browse/food/hershey-baking/976759_2606229_9723046"
            ]
        ]
    },
    {
        "title": "(2 Pack) McCormick Pure Almond Extract, 2 FL OZ",
        "url": "https://www.walmart.com/ip/2-Pack-McCormick-Pure-Almond-Extract-2-FL-OZ/759060969",
        "price": "$7.53",
        "stars": "5.0",
        "ratings": "26 ",
        "img": "i5.walmartimages.com/asr/8d0f4b44-c561-4ca5-ac52-750303142169_1.449a01a753220b9fb9af93aee69fd5ce.jpeg?odnWidth=612&odnHeight=612&odnBg=ffffff",
        "tags": [
            [
                "Gluten-Free Foods",
                "/browse/food/gluten-free-foods/976759_1228023_1228016"
            ],
            [
                "Vanilla Extract",
                "/browse/food/vanilla-extract/976759_976780_2881195_2771122_2298577"
            ],
            [
                "All Pantry Clearance and Deals",
                "/browse/food/all-pantry-clearance-deals/976759_1567409_2168938_3231932_2780184"
            ],
            [
                "Almond Extract",
                "/browse/food/almond-extract/976759_976780_2881195_2771122_3062307"
            ],
            [
                "Gluten Free Foods",
                "/browse/food/gluten-free-foods/976759_5004481_5546296"
            ],
            [
                "Peppermint Extract",
                "/browse/food/peppermint-extract/976759_976780_2881195_2771122_6031240"
            ],
            [
                "McCormick Vanilla Extracts",
                "/browse/food/mccormick-vanilla-extracts/976759_976780_2881195_2771122_6767358"
            ],
            [
                "Non GMO Food",
                "/browse/food/non-gmo-food/976759_5004481_8102928"
            ]
        ]
    },
    {
        "title": "Louisiana Fish Fry Chicken Fry Mix, 9 oz",
        "url": "https://www.walmart.com/ip/Louisiana-Fish-Fry-Chicken-Fry-Mix-9-oz/13424486",
        "price": "$15.99",
        "stars": "4.7",
        "ratings": "20 ",
        "img": "",
        "tags": [
            [
                "Other International Foods",
                "/browse/food/other-international-foods/976759_5148628_1228025_1228105"
            ],
            [
                "All Baking Mixes",
                "/browse/food/all-baking-mixes/976759_976780_1001368_2594651"
            ],
            [
                "Game Time Baking",
                "/browse/food/game-time-baking/976759_1567409_3282877_2930489_4135213"
            ],
            [
                "Baking Ingredients",
                "/browse/food/baking-ingredients/976759_4143264_2535686_5948883_5994684"
            ],
            [
                "All Gametime Food",
                "/browse/food/all-gametime-food/976759_1567409_3282877_6093905"
            ],
            [
                "Kosher Specialty",
                "/browse/food/kosher-specialty/976759_7715306_7551793"
            ],
            [
                "Kosher Foods",
                "/browse/kosher-foods/976759_8925069"
            ],
            [
                "Game Time Meals and Sides",
                "/browse/food/game-time-meals-sides/976759_1567409_3282877_2930489_9821452"
            ]
        ]
    },
    {
        "title": "(2 pack) Great Value Complete Original Pancake & Waffle Mix Family Size, 5 lbs",
        "url": "https://www.walmart.com/ip/2-pack-Great-Value-Complete-Original-Pancake-Waffle-Mix-Family-Size-5-lbs/595078241",
        "price": "$7.76",
        "stars": "4.8",
        "ratings": "35 ",
        "img": "i5.walmartimages.com/asr/2afaf41e-bec5-4092-873e-c62a5619b046_3.2ddf53760b59cd03f3e26f28a3928c2a.jpeg?odnWidth=612&odnHeight=612&odnBg=ffffff",
        "tags": [
            [
                "Pancake & Waffle Mix",
                "/browse/food/pancake-waffle-mix/976759_976783_1231206"
            ],
            [
                "National Pancake Day",
                "/browse/food/national-pancake-day/976759_2606229_1841035"
            ],
            [
                "All Baking Mixes",
                "/browse/food/all-baking-mixes/976759_976780_1001368_2594651"
            ],
            [
                "Baking Restock",
                "/browse/food/baking-restock/976759_1567409_2168938_1811730_4237636"
            ],
            [
                "Dessert Mixes",
                "/browse/food/dessert-mixes/976759_4143264_2535686_5948883_4408557"
            ],
            [
                "Pancake Mix",
                "/browse/food/pancake-mix/976759_976780_1001368_8790090_5898352"
            ],
            [
                "Krusteaz",
                "/browse/food/krusteaz/976759_976780_1001368_8790090_5963402"
            ],
            [
                "Easter Brunch",
                "/browse/food/easter-brunch/976759_1567409_7567150_6140212"
            ]
        ]
    }
]