[
    {
        "title": "Dunkin' French Vanilla Flavored Coffee, 12-Ounce (Packaging May Vary)",
        "url": "https://www.walmart.com/ip/Dunkin-French-Vanilla-Flavored-Coffee-12-Ounce-Packaging-May-Vary/10317241",
        "price": "$5.98",
        "stars": "4.7",
        "ratings": "218 ",
        "img": "i5.walmartimages.com/asr/729d2e76-9c1a-4528-a975-078a0285b53b.3b6f32462bcd6c45956bf9c42cf088ca.jpeg?odnWidth=612&odnHeight=612&odnBg=ffffff",
        "tags": [
            [
                "Arabica Coffee",
                "/browse/food/arabica-coffee/976759_1086446_2559085"
            ],
            [
                "Dunkin' Ground Coffee",
                "/browse/food/dunkin-ground-coffee/976759_1086446_7630289_3757029"
            ],
            [
                "Cold Weather Beverages",
                "/browse/food/cold-weather-beverages/976759_1567409_6592518_4126576"
            ],
            [
                "Starbucks Ground Coffee",
                "/browse/food/starbucks-ground-coffee/976759_1086446_2986178_5925252"
            ],
            [
                "Coffee & Coffee Pods",
                "/browse/food/coffee-coffee-pods/976759_1086446_7238690"
            ],
            [
                "All Starbucks",
                "/browse/food/all-starbucks/976759_1086446_2986178_7830797"
            ],
            [
                "Flavored Ground Coffee",
                "/browse/food/flavored-ground-coffee/976759_1086446_8200909"
            ],
            [
                "All Folgers Coffee",
                "/browse/food/all-folgers-coffee/976759_1086446_3100047_8271556"
            ]
        ]
    },
    {
        "title": "International Delight Caramel Macchiato Liquid Coffee Creamer Singles, 24 Ct (Pack of 4)",
        "url": "https://www.walmart.com/ip/International-Delight-Caramel-Macchiato-Liquid-Coffee-Creamer-Singles-24-Ct-Pack-of-4/735085496",
        "price": "$8.96",
        "stars": "4.6",
        "ratings": "106 ",
        "img": "",
        "tags": [
            [
                "All Creamers",
                "/browse/food/all-creamers/976759_1086446_1100007_2319792"
            ],
            [
                "Powder Coffee Creamer",
                "/browse/food/powder-coffee-creamer/976759_1086446_1100007_3600436"
            ],
            [
                "Flavored Coffee Creamer",
                "/browse/food/flavored-coffee-creamer/976759_1086446_1100007_3903859"
            ],
            [
                "International Delight",
                "/browse/food/international-delight/976759_1086446_1100007_4128313"
            ],
            [
                "French Vanilla Creamers",
                "/browse/food/french-vanilla-creamers/976759_1086446_1100007_7552468"
            ],
            [
                "Coffee-Mate",
                "/browse/food/coffee-mate/976759_1086446_1100007_8128797"
            ],
            [
                "Hazelnut Creamers",
                "/browse/food/hazelnut-creamers/976759_1086446_1100007_8460141"
            ],
            [
                "Liquid Coffee Creamers",
                "/browse/food/liquid-coffee-creamers/976759_1086446_1100007_8921650"
            ]
        ]
    },
    {
        "title": "(2 Pack) Kool-Aid Sweetened Grape Powdered Drink Mix, Caffeine Free, 19 oz Jar",
        "url": "https://www.walmart.com/ip/2-Pack-Kool-Aid-Sweetened-Grape-Powdered-Drink-Mix-Caffeine-Free-19-oz-Jar/567426558",
        "price": "$5.16",
        "stars": "4.7",
        "ratings": "236 ",
        "img": "i5.walmartimages.com/asr/2fbf654f-3092-4aec-9954-377f67727d2a_2.6121baf9d3aea65ce21ea4e348727fe2.jpeg?odnWidth=612&odnHeight=612&odnBg=ffffff",
        "tags": [
            [
                "Lemonade Mixes",
                "/browse/food/lemonade-mixes/976759_976782_1001683_1523809"
            ],
            [
                "Country Time Lemonade Mix",
                "/browse/food/country-time-lemonade-mix/976759_976782_1001683_2161163"
            ],
            [
                "Kool-Aid Water Enhancer",
                "/browse/food/kool-aid-water-enhancer/976759_976782_1228026_2916372"
            ],
            [
                "All Water Flavoring",
                "/browse/food/all-water-flavoring/976759_976782_1228026_3989315"
            ],
            [
                "Kool-Aid",
                "/browse/food/kool-aid/976759_976782_4818838"
            ],
            [
                "All Powdered Drink Mix",
                "/browse/food/all-powdered-drink-mix/976759_976782_1001683_6396648"
            ],
            [
                "Lemonade Powder",
                "/browse/food/lemonade-powder/976759_976782_1001683_6409542"
            ],
            [
                "Lemonade Drinks",
                "/browse/food/lemonade-drinks/976759_976782_8445321"
            ]
        ]
    },
    {
        "title": "(3 Boxes) Celestial Seasonings Herbal Tea, Country Peach Passion, 20 Count",
        "url": "https://www.walmart.com/ip/3-Boxes-Celestial-Seasonings-Herbal-Tea-Country-Peach-Passion-20-Count/313758988",
        "price": "$6.38",
        "stars": "4.8",
        "ratings": "125 ",
        "img": "i5.walmartimages.com/asr/90926058-db0f-4961-872e-f4612f690855_2.8ca7c2b6ea19f12b175d31f44feb1ee7.jpeg?odnWidth=612&odnHeight=612&odnBg=ffffff",
        "tags": [
            [
                "Cold Weather Beverages",
                "/browse/food/cold-weather-beverages/976759_1567409_6592518_4126576"
            ],
            [
                "Bigelow Tea",
                "/browse/food/bigelow-tea/976759_976782_1001320_4190523"
            ],
            [
                "Tea Bags",
                "/browse/food/tea-bags/976759_976782_1001320_4408773"
            ],
            [
                "Low Calorie Foods",
                "/browse/food/low-calorie-foods/976759_5004481_6036545"
            ],
            [
                "Sleepytime Tea",
                "/browse/food/sleepytime-tea/976759_976782_1001320_6042884"
            ],
            [
                "Chamomile Tea",
                "/browse/food/chamomile-tea/976759_976782_1001320_8070850"
            ],
            [
                "All Tea",
                "/browse/food/all-tea/976759_976782_1001320_9254040"
            ],
            [
                "Herbal Tea",
                "/browse/food/herbal-tea/976759_976782_1001320_9515255"
            ]
        ]
    },
    {
        "title": "(2 Pack) MiO Sweet Tea Sugar Free, Caffeine Free Liquid Water Enhancer, 1.62 fl oz Bottles",
        "url": "https://www.walmart.com/ip/2-Pack-MiO-Sweet-Tea-Sugar-Free-Caffeine-Free-Liquid-Water-Enhancer-1-62-fl-oz-Bottles/730985966",
        "price": "$5.96",
        "stars": "4.5",
        "ratings": "242 ",
        "img": "i5.walmartimages.com/asr/f34189b3-60e2-443a-b72e-a221ec5511b3.261799a96beab6b49219cde783861812.jpeg?odnWidth=612&odnHeight=612&odnBg=ffffff",
        "tags": [
            [
                "Lemonade Mixes",
                "/browse/food/lemonade-mixes/976759_976782_1001683_1523809"
            ],
            [
                "Crystal Light Powdered Drink Mixes",
                "/browse/food/crystal-light-powdered-drink-mixes/976759_976782_1001683_1642912"
            ],
            [
                "MiO",
                "/browse/food/mio/976759_976782_1228026_3661362"
            ],
            [
                "All Water Flavoring",
                "/browse/food/all-water-flavoring/976759_976782_1228026_3989315"
            ],
            [
                "Mio Water Enhancers",
                "/browse/food/mio-water-enhancers/976759_976782_1001683_5140886"
            ],
            [
                "Lemonade Powder",
                "/browse/food/lemonade-powder/976759_976782_1001683_6409542"
            ],
            [
                "Lemonade Drinks",
                "/browse/food/lemonade-drinks/976759_976782_8445321"
            ]
        ]
    },
    {
        "title": "Celestial Seasonings, Peppermint Herbal Tea, Tea Bags, 20 Ct",
        "url": "https://www.walmart.com/ip/Celestial-Seasonings-Peppermint-Herbal-Tea-Tea-Bags-20-Ct/16915156",
        "price": "$2.37",
        "stars": "4.7",
        "ratings": "102 ",
        "img": "i5.walmartimages.com/asr/f8748dae-28d7-489c-904c-425b2d1ff5c7_2.ac2d8b55c666cd93e590b80b96ad9ed5.jpeg?odnWidth=612&odnHeight=612&odnBg=ffffff",
        "tags": [
            [
                "5-Hour Energy Shots",
                "/browse/food/5-hour-energy-shots/976759_976782_9357528_1525474"
            ],
            [
                "Energy Shots",
                "/browse/food/energy-shots/976759_976782_9357528_3061434"
            ],
            [
                "Tea Pods",
                "/browse/food/tea-pods/976759_976782_1001320_4197195"
            ],
            [
                "Celestial Seasonings Tea",
                "/browse/food/celestial-seasonings-tea/976759_976782_1001320_7431138"
            ],
            [
                "Keurig K-Cups & Coffee Pods",
                "/browse/food/keurig-k-cups-coffee-pods/976759_1086446_8135897"
            ],
            [
                "All Tea",
                "/browse/food/all-tea/976759_976782_1001320_9254040"
            ],
            [
                "Twinings Tea",
                "/browse/food/twinings-tea/976759_976782_1001320_9445399"
            ],
            [
                "Herbal Tea",
                "/browse/food/herbal-tea/976759_976782_1001320_9515255"
            ]
        ]
    },
    {
        "title": "(2 Boxes) Oregon Chai Concentrate, Original, Organic, Non-GMO Verified, 32 Fl Oz",
        "url": "https://www.walmart.com/ip/2-Boxes-Oregon-Chai-Concentrate-Original-Organic-Non-GMO-Verified-32-Fl-Oz/47243114",
        "price": "$6.51",
        "stars": "4.7",
        "ratings": "50 ",
        "img": "i5.walmartimages.com/asr/179278c7-abe6-477f-9700-7323802f5459_1.d1d76045c72ae95c052198090d97cc62.jpeg?odnWidth=612&odnHeight=612&odnBg=ffffff",
        "tags": [
            [
                "Crystal Light Powdered Drink Mixes",
                "/browse/food/crystal-light-powdered-drink-mixes/976759_976782_1001683_1642912"
            ],
            [
                "Iced Tea",
                "/browse/food/iced-tea/976759_976782_1001320_3536093"
            ],
            [
                "Loose Leaf Tea",
                "/browse/food/loose-leaf-tea/976759_976782_1001320_5476285"
            ],
            [
                "Tea Powder",
                "/browse/food/tea-powder/976759_976782_1001320_6270965"
            ],
            [
                "Tea Concentrate",
                "/browse/food/tea-concentrate/976759_976782_1001320_8101659"
            ],
            [
                "Chai Tea",
                "/browse/food/chai-tea/976759_976782_1001320_8658677"
            ],
            [
                "Kosher Foods",
                "/browse/kosher-foods/976759_8925069"
            ],
            [
                "All Tea",
                "/browse/food/all-tea/976759_976782_1001320_9254040"
            ]
        ]
    },
    {
        "title": "(2 pack) Great Value Cappuccino Beverage Mix, French Vanilla, 16 oz",
        "url": "https://www.walmart.com/ip/2-pack-Great-Value-Cappuccino-Beverage-Mix-French-Vanilla-16-oz/421529417",
        "price": "$5.78",
        "stars": "4.6",
        "ratings": "320 ",
        "img": "i5.walmartimages.com/asr/b1e8961e-29d8-4b83-a909-d055ec081318_2.1d933d0a900a01d3142a61416d69e114.jpeg?odnWidth=612&odnHeight=612&odnBg=ffffff",
        "tags": [
            [
                "Cold Weather Beverages",
                "/browse/food/cold-weather-beverages/976759_1567409_6592518_4126576"
            ],
            [
                "Cappuccino Coffee",
                "/browse/food/cappuccino-coffee/976759_1086446_4163341"
            ],
            [
                "Folgers Instant Coffee",
                "/browse/food/folgers-instant-coffee/976759_1086446_1229650_6238247"
            ],
            [
                "All Instant Coffee",
                "/browse/food/all-instant-coffee/976759_1086446_1229650_6624280"
            ],
            [
                "Coffee & Coffee Pods",
                "/browse/food/coffee-coffee-pods/976759_1086446_7238690"
            ],
            [
                "All Folgers Coffee",
                "/browse/food/all-folgers-coffee/976759_1086446_3100047_8271556"
            ],
            [
                "Mocha Mix",
                "/browse/food/mocha-mix/976759_1086446_8415600"
            ],
            [
                "Great Value Instant Coffee",
                "/browse/food/great-value-instant-coffee/976759_1086446_1229650_8607506"
            ]
        ]
    },
    {
        "title": "(1 Bottle) Starbucks Cold Brew Coffee, Signature Black Multi-Serve Concentrate, 32 fl oz",
        "url": "https://www.walmart.com/ip/1-Bottle-Starbucks-Cold-Brew-Coffee-Signature-Black-Multi-Serve-Concentrate-32-fl-oz/892348301",
        "price": "$7.48",
        "stars": "4.5",
        "ratings": "159 ",
        "img": "i5.walmartimages.com/asr/e8a03e5f-c811-438c-8fcc-8a7eaf795171_1.e9f5296c275a9696b8970e36520b1850.jpeg?odnWidth=612&odnHeight=612&odnBg=ffffff",
        "tags": [
            [
                "New Bottled Coffee",
                "/browse/food/new-bottled-coffee/976759_1086446_1995978_2889560"
            ],
            [
                "Cold Brew Ground Coffee",
                "/browse/food/cold-brew-ground-coffee/976759_1086446_5484987"
            ],
            [
                "Iced Coffee & Cold Brew",
                "/browse/food/iced-coffee-cold-brew/976759_1086446_1229654_6840303"
            ],
            [
                "Caffeinated Drinks",
                "/browse/food/caffeinated-drinks/976759_1567409_3591080_6925074"
            ],
            [
                "All Starbucks",
                "/browse/food/all-starbucks/976759_1086446_2986178_7830797"
            ],
            [
                "All New Food",
                "/browse/food/all-new-food/976759_4143264_8102846"
            ],
            [
                "Pepsi Beverages",
                "/browse/food/pepsi-beverages/976759_976782_8673018"
            ],
            [
                "Premium Cold Brew",
                "/browse/food/premium-cold-brew/976759_5148628_5831001_9380594"
            ]
        ]
    },
    {
        "title": "Quest Protein Cookie, Chocolate Chip, 15g Protein, 4 Ct",
        "url": "https://www.walmart.com/ip/Quest-Protein-Cookie-Chocolate-Chip-15g-Protein-4-Ct/554117134",
        "price": "$7.47",
        "stars": "4.0",
        "ratings": "123 ",
        "img": "i5.walmartimages.com/asr/1e488a90-4529-4c44-bebf-ea81c15a1e63.0b2df68ced0ff3102f0c93dbedf86c9a.png?odnWidth=612&odnHeight=612&odnBg=ffffff",
        "tags": [
            [
                "Keto",
                "/browse/health/keto/976760_7501265_1974068"
            ],
            [
                "Quest Assortment Pg",
                "/browse/health/quest-assortment-pg/976760_1166769_3046134_5324300"
            ],
            [
                "Quest Protein Bars",
                "/browse/health/quest-protein-bars/976760_1166769_3046134_5804235"
            ],
            [
                "Working Out on Keto",
                "/browse/health/working-out-keto/976760_7501265_6183061"
            ],
            [
                "Keto Basics",
                "/browse/health/keto-basics/976760_7501265_6637211"
            ],
            [
                "On-the-Go Snacks",
                "/browse/health/on-the-go-snacks/976760_7501265_4603525_7699148"
            ],
            [
                "Protein & Fitness for Active Moms",
                "/browse/health/protein-fitness-for-active-moms/976760_1166769_7924536"
            ],
            [
                "High Protein Foods",
                "/browse/health/high-protein-foods/976760_1166769_9849260"
            ]
        ]
    }
]