[
    {
        "title": "Community Coffee Cafe Special Medium-Dark 32oz Ground Bag",
        "url": "https://www.walmart.com/ip/Community-Coffee-Cafe-Special-Medium-Dark-32oz-Ground-Bag/32984644",
        "price": "$11.98",
        "stars": "4.8",
        "ratings": "177 ",
        "img": "i5.walmartimages.com/asr/d0e0fbcf-1fa2-4869-ae74-cbc84b00f3e3.1de9b63df5f0b4024d38a214133cd107.png?odnWidth=612&odnHeight=612&odnBg=ffffff",
        "tags": [
            [
                "Whole Bean Coffee",
                "/browse/food/whole-bean-coffee/976759_1086446_1229652"
            ],
            [
                "Arabica Coffee",
                "/browse/food/arabica-coffee/976759_1086446_2559085"
            ],
            [
                "All Community Coffee",
                "/browse/food/all-community-coffee/976759_1086446_2425858_4140955"
            ],
            [
                "Decaf Ground Coffee",
                "/browse/food/decaf-ground-coffee/976759_1086446_2901896_4427059"
            ],
            [
                "Community Ground Coffee",
                "/browse/food/community-ground-coffee/976759_1086446_2425858_4529416"
            ],
            [
                "Coffee With Chicory",
                "/browse/food/coffee-with-chicory/976759_1086446_5471454"
            ],
            [
                "Coffee & Coffee Pods",
                "/browse/food/coffee-coffee-pods/976759_1086446_7238690"
            ],
            [
                "All Decaf Coffee",
                "/browse/food/all-decaf-coffee/976759_1086446_2901896_9623975"
            ]
        ]
    },
    {
        "title": "Twinings of London Pure Peppermint Herbal Tea Bags , 20 Ct., 1.41 oz.",
        "url": "https://www.walmart.com/ip/Twinings-of-London-Pure-Peppermint-Herbal-Tea-Bags-20-Ct-1-41-oz/21909782",
        "price": "$3.18",
        "stars": "4.6",
        "ratings": "39 ",
        "img": "i5.walmartimages.com/asr/c1c7b77e-cbce-4c13-832d-ad2a2f8faf24_1.83af3536c35d7e4d814e691d08b7a651.jpeg?odnWidth=612&odnHeight=612&odnBg=ffffff",
        "tags": [
            [
                "Bigelow Tea",
                "/browse/food/bigelow-tea/976759_976782_1001320_4190523"
            ],
            [
                "Tea Bags",
                "/browse/food/tea-bags/976759_976782_1001320_4408773"
            ],
            [
                "Traditional Medicinals Tea",
                "/browse/food/traditional-medicinals-tea/976759_976782_1001320_4667247"
            ],
            [
                "Black Tea",
                "/browse/food/black-tea/976759_976782_1001320_4739102"
            ],
            [
                "Nut Free Foods",
                "/browse/food/nut-free-foods/976759_5004481_5679034"
            ],
            [
                "Celestial Seasonings Tea",
                "/browse/food/celestial-seasonings-tea/976759_976782_1001320_7431138"
            ],
            [
                "Twinings Tea",
                "/browse/food/twinings-tea/976759_976782_1001320_9445399"
            ],
            [
                "Herbal Tea",
                "/browse/food/herbal-tea/976759_976782_1001320_9515255"
            ]
        ]
    },
    {
        "title": "LaCroix Pure Sparkling Water - 2/12pk/12 fl oz Cans, 24 / Pack (Quantity)",
        "url": "https://www.walmart.com/ip/LaCroix-Pure-Sparkling-Water-2-12pk-12-fl-oz-Cans-24-Pack-Quantity/756634711",
        "price": "$11.99",
        "stars": "4.7",
        "ratings": "62 ",
        "img": "i5.walmartimages.com/asr/4be21f0a-3e5a-472a-9273-2aa13c09ef7d.f183145d3118df479bff766698c7c79d.jpeg?odnWidth=612&odnHeight=612&odnBg=ffffff",
        "tags": [
            [
                "All Sparkling Water",
                "/browse/food/all-sparkling-water/976759_976782_1001659_1508098_1398631"
            ],
            [
                "All Waters",
                "/browse/food/all-waters/976759_976782_1001659_2562373"
            ],
            [
                "Gametime Drinks",
                "/browse/food/gametime-drinks/976759_1567409_3282877_4546166"
            ],
            [
                "La Croix",
                "/browse/food/la-croix/976759_976782_1001659_4677433"
            ],
            [
                "Enhanced Water",
                "/browse/food/enhanced-water/976759_976782_5795119_5961524"
            ],
            [
                "All Soda Pop",
                "/browse/food/all-soda-pop/976759_976782_1001680_6405792"
            ],
            [
                "Perrier",
                "/browse/food/perrier/976759_976782_1001659_9570367"
            ]
        ]
    },
    {
        "title": "Liquid I.V. plus Immune Support, Tangerine, 6 ct",
        "url": "https://www.walmart.com/ip/Liquid-I-V-plus-Immune-Support-Tangerine-6-ct/808229531",
        "price": "$9.98",
        "stars": "5.0",
        "ratings": "1 ",
        "img": "i5.walmartimages.com/asr/2224778d-716f-4a3a-b16c-265cc8786331.95e8a101ce25bb8efa7d7d74eaa4629d.jpeg?odnWidth=612&odnHeight=612&odnBg=ffffff",
        "tags": []
    },
    {
        "title": "Red Rose: Original Black Tea, Tea Bags, 100 Ct",
        "url": "https://www.walmart.com/ip/Red-Rose-Original-Black-Tea-Tea-Bags-100-Ct/10304302",
        "price": "$3.48",
        "stars": "4.8",
        "ratings": "208 ",
        "img": "i5.walmartimages.com/asr/4e3d5823-b0ef-4d26-8288-d9824eafe86c_1.c07a7785cfc43e7814bb8a9b6cbe9f46.jpeg?odnWidth=612&odnHeight=612&odnBg=ffffff",
        "tags": [
            [
                "Decaf Tea",
                "/browse/food/decaf-tea/976759_976782_1001320_2256085"
            ],
            [
                "Tea Bags",
                "/browse/food/tea-bags/976759_976782_1001320_4408773"
            ],
            [
                "Black Tea",
                "/browse/food/black-tea/976759_976782_1001320_4739102"
            ],
            [
                "Fueling Beverages",
                "/browse/food/fueling-beverages/976759_4321481_5471594"
            ],
            [
                "Red Rose Tea",
                "/browse/food/red-rose-tea/976759_976782_1001320_7754975"
            ],
            [
                "Green Tea",
                "/browse/food/green-tea/976759_976782_1001320_9256367"
            ],
            [
                "Twinings Tea",
                "/browse/food/twinings-tea/976759_976782_1001320_9445399"
            ]
        ]
    },
    {
        "title": "Fruit Of The Earth Aloe Vera Juice, Wild Bery, 128 Fl Oz, 1 Count",
        "url": "https://www.walmart.com/ip/Fruit-Of-The-Earth-Aloe-Vera-Juice-Wild-Bery-128-Fl-Oz-1-Count/29532608",
        "price": "$6.44",
        "stars": "4.5",
        "ratings": "192 ",
        "img": "",
        "tags": [
            [
                "Stock up on Paper & Plastic",
                "/browse/seasonal/stock-up-paper-plastic/1085632_9267270_6133729_3048735"
            ],
            [
                "Back to College Stock Up",
                "/browse/seasonal/back-to-college-stock-up/1085632_9267270_4435758"
            ],
            [
                "Stock up on Cleaning Supplies",
                "/browse/seasonal/stock-up-cleaning-supplies/1085632_9267270_6133729_6220803"
            ],
            [
                "Stock up on Oral Care",
                "/browse/seasonal/stock-up-oral-care/1085632_9267270_7332448_8262175"
            ],
            [
                "Plant Based Products",
                "/browse/plant-based-products/1085632_8856555"
            ],
            [
                "Stock up on Laundry Room Supplies",
                "/browse/seasonal/stock-up-laundry-room-supplies/1085632_9267270_6133729_9058184"
            ],
            [
                "Stock up on Litter",
                "/browse/seasonal/stock-up-litter/1085632_9267270_4520411_4629792_9059897"
            ]
        ]
    },
    {
        "title": "1850 Trailblazer, Medium-Dark Roast Ground Coffee, 12 oz.",
        "url": "https://www.walmart.com/ip/1850-Trailblazer-Medium-Dark-Roast-Ground-Coffee-12-oz/592360845",
        "price": "$5.83",
        "stars": "4.5",
        "ratings": "3288 ",
        "img": "i5.walmartimages.com/asr/db5a0a9e-ef0c-4e14-9fa4-11a0b75837f9.a62d5c1bd937c5fa0ad76bdd3c925533.jpeg?odnWidth=612&odnHeight=612&odnBg=ffffff",
        "tags": [
            [
                "Whole Bean Coffee",
                "/browse/food/whole-bean-coffee/976759_1086446_1229652"
            ],
            [
                "Folgers Ground Coffee",
                "/browse/food/folgers-ground-coffee/976759_1086446_3100047_1674140"
            ],
            [
                "Arabica Coffee",
                "/browse/food/arabica-coffee/976759_1086446_2559085"
            ],
            [
                "Nut Free Foods",
                "/browse/food/nut-free-foods/976759_5004481_5679034"
            ],
            [
                "Starbucks Ground Coffee",
                "/browse/food/starbucks-ground-coffee/976759_1086446_2986178_5925252"
            ],
            [
                "Coffee & Coffee Pods",
                "/browse/food/coffee-coffee-pods/976759_1086446_7238690"
            ],
            [
                "Dairy Free Foods",
                "/browse/food/dairy-free-foods/976759_5004481_7941405"
            ],
            [
                "All Folgers Coffee",
                "/browse/food/all-folgers-coffee/976759_1086446_3100047_8271556"
            ]
        ]
    },
    {
        "title": "(5 Boxes) Tetley Iced Tea Blend Square Tea Bags 24 ct Box",
        "url": "https://www.walmart.com/ip/5-Boxes-Tetley-Iced-Tea-Blend-Square-Tea-Bags-24-ct-Box/47227396",
        "price": "$7.38",
        "stars": "4.6",
        "ratings": "47 ",
        "img": "i5.walmartimages.com/asr/9a77f3ac-a9db-41be-bfe0-09bce1d64532_1.9995227a058c1d8eff79d050e4ac7ae3.jpeg?odnWidth=612&odnHeight=612&odnBg=ffffff",
        "tags": [
            [
                "Decaf Tea",
                "/browse/food/decaf-tea/976759_976782_1001320_2256085"
            ],
            [
                "Tea Bags",
                "/browse/food/tea-bags/976759_976782_1001320_4408773"
            ],
            [
                "Black Tea",
                "/browse/food/black-tea/976759_976782_1001320_4739102"
            ],
            [
                "Nut Free Foods",
                "/browse/food/nut-free-foods/976759_5004481_5679034"
            ],
            [
                "Low Calorie Foods",
                "/browse/food/low-calorie-foods/976759_5004481_6036545"
            ],
            [
                "All Tea",
                "/browse/food/all-tea/976759_976782_1001320_9254040"
            ]
        ]
    },
    {
        "title": "Purely Inpsired Collagen Protein Powder, Grass Fed & Pasture Raised Collagen Peptides, Unflavored, 23 Servings (1lbs)",
        "url": "https://www.walmart.com/ip/Purely-Inpsired-Collagen-Protein-Powder-Grass-Fed-Pasture-Raised-Collagen-Peptides-Unflavored-23-Servings-1lbs/200253818",
        "price": "$19.97",
        "stars": "3.5",
        "ratings": "443 ",
        "img": "i5.walmartimages.com/asr/066e6713-a034-496d-af32-1e1694eec706_1.cf206410ef9fa5bab520a1665992e63b.png?odnWidth=612&odnHeight=612&odnBg=ffffff",
        "tags": [
            [
                "Skin Supplements",
                "/browse/health/skin-supplements/976760_1005863_4455068_2959474"
            ],
            [
                "Vital Proteins",
                "/browse/health/vital-proteins/976760_1005863_3782256"
            ],
            [
                "Purely Inspired",
                "/browse/health/purely-inspired/976760_1166769_4653704"
            ],
            [
                "All Dietary Supplements",
                "/browse/health/all-dietary-supplements/976760_1005863_4808243"
            ],
            [
                "Hair Supplements",
                "/browse/health/hair-supplements/976760_1005863_4455068_5506467"
            ],
            [
                "Ghee, Oils & Vinegars",
                "/browse/health/ghee-oils-vinegars/976760_7501265_4603525_6668905"
            ],
            [
                "Collagen Supplements",
                "/browse/health/collagen-supplements/976760_1005863_8557843"
            ]
        ]
    },
    {
        "title": "PICKLE JUICE - Extra Strength - Stops Cramps! Size 2.5 oz.",
        "url": "https://www.walmart.com/ip/PICKLE-JUICE-Extra-Strength-Stops-Cramps-Size-2-5-oz/542365126",
        "price": "$1.48",
        "stars": "4.1",
        "ratings": "7 ",
        "img": "",
        "tags": [
            [
                "Shop All Pickles",
                "/browse/food/shop-all-pickles/976759_976786_3273605_1044187"
            ],
            [
                "Summer Grilling Beverages",
                "/browse/food/summer-grilling-beverages/976759_1567409_8808777_2541298"
            ],
            [
                "Cocktail Mixers",
                "/browse/food/cocktail-mixers/976759_976782_3697202"
            ],
            [
                "All Energy Drinks",
                "/browse/food/all-energy-drinks/976759_976782_9357528_4893329"
            ],
            [
                "Cocktails",
                "/browse/food/cocktails/976759_976782_5955121"
            ],
            [
                "Simple Syrup",
                "/browse/food/simple-syrup/976759_976782_5533811_6090092"
            ],
            [
                "All Juices",
                "/browse/food/all-juices/976759_976782_1001321_8981297"
            ]
        ]
    }
]