[
    {
        "title": "(2 Pack) Morton Season-All Seasoned Salt, 16 Oz",
        "url": "https://www.walmart.com/ip/2-Pack-Morton-Season-All-Seasoned-Salt-16-Oz/47226897",
        "price": "$4.96",
        "stars": "4.9",
        "ratings": "67 ",
        "img": "i5.walmartimages.com/asr/46a4e05c-4b00-4b8d-851f-5b6c489c05ce_2.0e41c87b7366e49ef0a19f4f8f89b5bf.png?odnWidth=612&odnHeight=612&odnBg=ffffff",
        "tags": [
            [
                "All Pepper & Peppercorns",
                "/browse/food/all-pepper-peppercorns/976759_976786_1007682_5307367_2161042"
            ],
            [
                "Baking Restock",
                "/browse/food/baking-restock/976759_1567409_2168938_1811730_4237636"
            ],
            [
                "All Mixed Spices & Seasonings",
                "/browse/food/all-mixed-spices-seasonings/976759_976786_1007682_4019297_4279992"
            ],
            [
                "All Salts & Salt Substitutes",
                "/browse/food/all-salts-salt-substitutes/976759_976786_1007682_7559954_4427396"
            ],
            [
                "All Single Herbs & Spices",
                "/browse/food/all-single-herbs-spices/976759_976786_1007682_2008977_6345512"
            ],
            [
                "Vegan Foods",
                "/browse/food/vegan-foods/976759_5004481_6794259"
            ],
            [
                "All Salt, Spices & Seasoning",
                "/browse/food/all-salt-spices-seasoning/976759_976786_8191625"
            ],
            [
                "Garlic Salt",
                "/browse/food/garlic-salt/976759_976786_1007682_4019297_8437998"
            ]
        ]
    },
    {
        "title": "Heinz Mayochup Mayonnaise & Ketchup Sauce Mix, 19.25 oz Bottle",
        "url": "https://www.walmart.com/ip/Heinz-Mayochup-Mayonnaise-Ketchup-Sauce-Mix-19-25-oz-Bottle/352671770",
        "price": "$2.98",
        "stars": "4.3",
        "ratings": "343 ",
        "img": "i5.walmartimages.com/asr/94432b55-67ec-4c2c-8fe1-d5979ad3e974.8a3470cdb50158d812e2964555f9eab6.jpeg?odnWidth=612&odnHeight=612&odnBg=ffffff",
        "tags": [
            [
                "Canned Tomatoes",
                "/browse/food/canned-tomatoes/976759_976794_976785_2009430"
            ],
            [
                "Kraft Mayonnaise",
                "/browse/food/kraft-mayonnaise/976759_976786_9696846_5399470_5420015"
            ],
            [
                "Shop All Ketchup",
                "/browse/food/shop-all-ketchup/976759_976786_9696846_8912372_6373470"
            ],
            [
                "Shop All Mayo",
                "/browse/food/shop-all-mayo/976759_976786_9696846_5399470_6720636"
            ],
            [
                "Miracle Whip",
                "/browse/food/miracle-whip/976759_976786_9696846_5399470_7152770"
            ],
            [
                "Summer Grilling Condiments",
                "/browse/food/summer-grilling-condiments/976759_1567409_8808777_7265121"
            ],
            [
                "Flavored Ketchup",
                "/browse/food/flavored-ketchup/976759_976786_9696846_8912372_8335752"
            ],
            [
                "Heinz Ketchup",
                "/browse/food/heinz-ketchup/976759_976786_9696846_8912372_9063524"
            ]
        ]
    },
    {
        "title": "(3 Pack) Ken's SteakHouse Vinaigrette, Balsamic, 16 Fl Oz",
        "url": "https://www.walmart.com/ip/3-Pack-Ken-s-SteakHouse-Vinaigrette-Balsamic-16-Fl-Oz/47230551",
        "price": "$7.09",
        "stars": "4.7",
        "ratings": "27 ",
        "img": "i5.walmartimages.com/asr/6ed90c37-35a3-4011-a729-71297074e081_1.b908540b0120523c4dc2d3ad095c9d81.jpeg?odnWidth=612&odnHeight=612&odnBg=ffffff",
        "tags": [
            [
                "Gluten-Free Foods",
                "/browse/food/gluten-free-foods/976759_1228023_1228016"
            ],
            [
                "Ranch Dressing",
                "/browse/food/ranch-dressing/976759_976786_5730644_1345093"
            ],
            [
                "Thousand Island Dressing",
                "/browse/food/thousand-island-dressing/976759_976786_5730644_2227127"
            ],
            [
                "All Fresh Packaged Salads, Dressings and Dips",
                "/browse/food/all-fresh-packaged-salads-dressings-dips/976759_1071964_976793_9538337_3695434"
            ],
            [
                "Caesar Dressing",
                "/browse/food/caesar-dressing/976759_976786_5730644_3729388"
            ],
            [
                "Balsamic Vinegar",
                "/browse/food/balsamic-vinegar/976759_976786_3896160_3966324"
            ],
            [
                "Balsamic Dressing",
                "/browse/food/balsamic-dressing/976759_976786_5730644_8476862"
            ],
            [
                "Dressings & Marinades",
                "/browse/food/dressings-marinades/976759_976786_9696846_3225715_9994967"
            ]
        ]
    },
    {
        "title": "(2 pack) Great Value Honey Dijon Mustard, 12 oz",
        "url": "https://www.walmart.com/ip/2-pack-Great-Value-Honey-Dijon-Mustard-12-oz/120846437",
        "price": "$1.78",
        "stars": "4.6",
        "ratings": "55 ",
        "img": "i5.walmartimages.com/asr/65e718e2-a8a1-4b76-a000-e9a2b9549607_1.04fcff8b0969b9cf4057e00423edc86f.jpeg?odnWidth=612&odnHeight=612&odnBg=ffffff",
        "tags": [
            [
                "Shop All Salad Dressings",
                "/browse/food/shop-all-salad-dressings/976759_976786_5730644_1001365"
            ],
            [
                "Yellow Mustards",
                "/browse/food/yellow-mustards/976759_976786_9696846_1868509_1584034"
            ],
            [
                "Specialty Mustards",
                "/browse/food/specialty-mustards/976759_976786_9696846_1868509_1649339"
            ],
            [
                "Organic Food Essentials",
                "/browse/food/organic-food-essentials/976759_1567409_2168938_8870296_3706415"
            ],
            [
                "Spicy/Brown Mustards",
                "/browse/food/spicy-brown-mustards/976759_976786_9696846_1868509_3719097"
            ],
            [
                "Summer Grilling Condiments",
                "/browse/food/summer-grilling-condiments/976759_1567409_8808777_7265121"
            ],
            [
                "Honey Mustards",
                "/browse/food/honey-mustards/976759_976786_9696846_1868509_8038617"
            ],
            [
                "Kosher Foods",
                "/browse/kosher-foods/976759_8925069"
            ]
        ]
    },
    {
        "title": "Kernel Season's Ranch Popcorn Seasoning, 2.7 Oz.",
        "url": "https://www.walmart.com/ip/Kernel-Season-s-Ranch-Popcorn-Seasoning-2-7-Oz/10532868",
        "price": "$1.98",
        "stars": "4.9",
        "ratings": "35 ",
        "img": "i5.walmartimages.com/asr/4a0f1c93-de87-4b39-a761-480c1b06c49b_2.f41833b0ae02b4372800e469a56cd212.png?odnWidth=612&odnHeight=612&odnBg=ffffff",
        "tags": [
            [
                "All Popcorn",
                "/browse/food/all-popcorn/976759_976787_1001407_3516563"
            ],
            [
                "All Mixed Spices & Seasonings",
                "/browse/food/all-mixed-spices-seasonings/976759_976786_1007682_4019297_4279992"
            ],
            [
                "Movie Night Foods and Drinks",
                "/browse/food/movie-night-foods-drinks/976759_976787_4460428"
            ],
            [
                "Herbs, Spices & Seasonings",
                "/browse/food/herbs-spices-seasonings/976759_4143264_2535686_3978835_6345282"
            ],
            [
                "Popcorn Bags",
                "/browse/food/popcorn-bags/976759_976787_1001407_6926277"
            ],
            [
                "All Salt, Spices & Seasoning",
                "/browse/food/all-salt-spices-seasoning/976759_976786_8191625"
            ],
            [
                "Summer Grilling Snacks",
                "/browse/food/summer-grilling-snacks/976759_1567409_8808777_8991223"
            ]
        ]
    },
    {
        "title": "(2 Pack) McCormick Italian Herb Seasoning Grinder, 0.77 oz",
        "url": "https://www.walmart.com/ip/2-Pack-McCormick-Italian-Herb-Seasoning-Grinder-0-77-oz/47229045",
        "price": "$3.92",
        "stars": "4.6",
        "ratings": "50 ",
        "img": "i5.walmartimages.com/asr/b472e4c5-3a40-4300-a692-8c3ac6ad31d0_1.2ffc2f11f6ccb934b75f32f4bc724712.jpeg?odnWidth=612&odnHeight=612&odnBg=ffffff",
        "tags": [
            [
                "Peppercorns",
                "/browse/food/peppercorns/976759_976786_1007682_5307367_1884774"
            ],
            [
                "All Pepper & Peppercorns",
                "/browse/food/all-pepper-peppercorns/976759_976786_1007682_5307367_2161042"
            ],
            [
                "All Mixed Spices & Seasonings",
                "/browse/food/all-mixed-spices-seasonings/976759_976786_1007682_4019297_4279992"
            ],
            [
                "Pepper",
                "/browse/food/pepper/976759_976786_1007682_5307367_6067079"
            ],
            [
                "All Single Herbs & Spices",
                "/browse/food/all-single-herbs-spices/976759_976786_1007682_2008977_6345512"
            ],
            [
                "Italian Seasoning",
                "/browse/food/italian-seasoning/976759_976786_1007682_4019297_6822917"
            ],
            [
                "All Salt, Spices & Seasoning",
                "/browse/food/all-salt-spices-seasoning/976759_976786_8191625"
            ]
        ]
    },
    {
        "title": "Butter Flavor All-Vegetable Shortening",
        "url": "https://www.walmart.com/ip/Butter-Flavor-All-Vegetable-Shortening/10308182",
        "price": "$5.58",
        "stars": "4.7",
        "ratings": "207 ",
        "img": "i5.walmartimages.com/asr/aa29c5c2-3090-4d35-9109-05e280b94ae2.91457340518738fe8abaaae4d29fc9a0.jpeg?odnWidth=612&odnHeight=612&odnBg=ffffff",
        "tags": [
            [
                "Extracts & Flavorings",
                "/browse/food/extracts-flavorings/976759_976780_2881195_2771122_1092369"
            ],
            [
                "Cooking Oils",
                "/browse/food/cooking-oils/976759_976786_4711712_1314508"
            ],
            [
                "No Sugar Foods",
                "/browse/food/no-sugar-foods/976759_5004481_1858214"
            ],
            [
                "Easter Condiments & Sauces",
                "/browse/food/easter-condiments-sauces/976759_1567409_2168938_2546479_3724534"
            ],
            [
                "Baking Restock",
                "/browse/food/baking-restock/976759_1567409_2168938_1811730_4237636"
            ],
            [
                "Gluten Free Foods",
                "/browse/food/gluten-free-foods/976759_5004481_5546296"
            ],
            [
                "Low Sodium Foods",
                "/browse/food/low-sodium-foods/976759_5004481_6733659"
            ],
            [
                "Kosher Foods",
                "/browse/kosher-foods/976759_8925069"
            ]
        ]
    },
    {
        "title": "(2 Pack) S & B Sauce Mix, Medium Hot 3.2 oz",
        "url": "https://www.walmart.com/ip/2-Pack-S-B-Sauce-Mix-Medium-Hot-3-2-oz/552752996",
        "price": "$5.32",
        "stars": "4.9",
        "ratings": "10 ",
        "img": "i5.walmartimages.com/asr/4b5613f0-994d-4ec2-8fea-0f6ab9a26359_2.cefa2c5703ee0af8f0919f66b2c02881.jpeg?odnWidth=612&odnHeight=612&odnBg=ffffff",
        "tags": [
            [
                "Sauces",
                "/browse/food/sauces/976759_976786_1076366"
            ],
            [
                "Yellow Mustards",
                "/browse/food/yellow-mustards/976759_976786_9696846_1868509_1584034"
            ],
            [
                "All Hot Sauces",
                "/browse/food/all-hot-sauces/976759_976786_9696846_5998141_4394977"
            ],
            [
                "Gluten Free Foods",
                "/browse/food/gluten-free-foods/976759_5004481_5546296"
            ],
            [
                "Shop All Ketchup",
                "/browse/food/shop-all-ketchup/976759_976786_9696846_8912372_6373470"
            ],
            [
                "Shop All Mayo",
                "/browse/food/shop-all-mayo/976759_976786_9696846_5399470_6720636"
            ],
            [
                "Shop All BBQ Sauces",
                "/browse/food/shop-all-bbq-sauces/976759_976786_9696846_9999057_6757439"
            ],
            [
                "Summer Grilling Condiments",
                "/browse/food/summer-grilling-condiments/976759_1567409_8808777_7265121"
            ]
        ]
    },
    {
        "title": "(4 Pack) Old El Paso Chicken Taco Seasoning Mix, .85 oz Packet",
        "url": "https://www.walmart.com/ip/4-Pack-Old-El-Paso-Chicken-Taco-Seasoning-Mix-85-oz-Packet/47231996",
        "price": "$4.70",
        "stars": "4.8",
        "ratings": "8 ",
        "img": "i5.walmartimages.com/asr/ef1ba803-8c5a-4121-a402-3eb058faf7ed_1.bf1528f01b14e773966642a9332810c5.jpeg?odnWidth=612&odnHeight=612&odnBg=ffffff",
        "tags": [
            [
                "Chicken Seasoning",
                "/browse/food/chicken-seasoning/976759_976786_1007682_4019297_2775886"
            ],
            [
                "Game Time Condiments",
                "/browse/food/game-time-condiments/976759_1567409_3282877_2930489_4160797"
            ],
            [
                "All Mixed Spices & Seasonings",
                "/browse/food/all-mixed-spices-seasonings/976759_976786_1007682_4019297_4279992"
            ],
            [
                "Snacks",
                "/browse/food/snacks/976759_5148628_1228025_1228103_4586063"
            ],
            [
                "All Gametime Food",
                "/browse/food/all-gametime-food/976759_1567409_3282877_6093905"
            ],
            [
                "All Salt, Spices & Seasoning",
                "/browse/food/all-salt-spices-seasoning/976759_976786_8191625"
            ],
            [
                "General Mills Box Tops Meals",
                "/browse/food/general-mills-box-tops-meals/976759_2606229_8503205"
            ],
            [
                "Game Time Meals and Sides",
                "/browse/food/game-time-meals-sides/976759_1567409_3282877_2930489_9821452"
            ]
        ]
    },
    {
        "title": "Pataks Simmer Sauce Butter Chicken Curry Mild, 15 Oz",
        "url": "https://www.walmart.com/ip/Pataks-Simmer-Sauce-Butter-Chicken-Curry-Mild-15-Oz/10321305",
        "price": "$3.33",
        "stars": "3.1",
        "ratings": "18 ",
        "img": "i5.walmartimages.com/asr/bf293716-3b12-4015-a34f-c793ee900332.b9c8848c7473e1981920154a989db8d3.jpeg?odnWidth=612&odnHeight=612&odnBg=ffffff",
        "tags": [
            [
                "Asian Sauces",
                "/browse/food/asian-sauces/976759_976786_9696846_1547628"
            ],
            [
                "All Fresh Fruit",
                "/browse/food/all-fresh-fruit/976759_1071964_976793_9756351_1759962"
            ],
            [
                "Bananas",
                "/browse/food/bananas/976759_1071964_976793_9756351_2787146"
            ],
            [
                "Asian Sauces, Condiments & Cooking Needs",
                "/browse/food/asian-sauces-condiments-cooking-needs/976759_5148628_1228025_1228102_5967969"
            ],
            [
                "Stir Fry Sauces",
                "/browse/food/stir-fry-sauces/976759_976786_9696846_2015574_6265260"
            ],
            [
                "Shop All Indian Cuisine",
                "/browse/food/shop-all-indian-cuisine/976759_5148628_1228025_7666074_8144475"
            ],
            [
                "Shop All Asian Market",
                "/browse/food/shop-all-asian-market/976759_5148628_1228025_1228102_9127385"
            ],
            [
                "Indian Sauces & Spices",
                "/browse/food/indian-sauces-spices/976759_5148628_1228025_7666074_9842606"
            ]
        ]
    }
]