[
    {
        "title": "Tim Hortons Ground Colombian Roast Coffee 12 Oz Bag",
        "url": "https://www.walmart.com/ip/Tim-Hortons-Ground-Colombian-Roast-Coffee-12-Oz-Bag/837994931",
        "price": "$5.98",
        "stars": "4.6",
        "ratings": "15 ",
        "img": "i5.walmartimages.com/asr/f28f911e-d1f5-445c-b838-eea8b459aa34_1.95bbfeb5247a77ad86c44bc868fd4d67.jpeg?odnWidth=612&odnHeight=612&odnBg=ffffff",
        "tags": [
            [
                "Whole Bean Coffee",
                "/browse/food/whole-bean-coffee/976759_1086446_1229652"
            ],
            [
                "Arabica Coffee",
                "/browse/food/arabica-coffee/976759_1086446_2559085"
            ],
            [
                "Colombian Coffee",
                "/browse/food/colombian-coffee/976759_1086446_3908418"
            ],
            [
                "Decaf Ground Coffee",
                "/browse/food/decaf-ground-coffee/976759_1086446_2901896_4427059"
            ],
            [
                "Tim Hortons Whole Bean Coffee",
                "/browse/food/tim-hortons-whole-bean-coffee/976759_1086446_5550920_5752937"
            ],
            [
                "All Tim Hortons Coffee",
                "/browse/food/all-tim-hortons-coffee/976759_1086446_5550920_7116971"
            ],
            [
                "Tim Hortons Ground Coffee",
                "/browse/food/tim-hortons-ground-coffee/976759_1086446_5550920_9196855"
            ],
            [
                "All Decaf Coffee",
                "/browse/food/all-decaf-coffee/976759_1086446_2901896_9623975"
            ]
        ]
    },
    {
        "title": "Sanka Instant Coffee, Decaffeinated, 8 oz Jar",
        "url": "https://www.walmart.com/ip/Sanka-Instant-Coffee-Decaffeinated-8-oz-Jar/12018474",
        "price": "$10.14",
        "stars": "4.1",
        "ratings": "49 ",
        "img": "i5.walmartimages.com/asr/4c2d34e7-607e-4083-95d2-ea12351038b4.f8e7329ed8fe80a3c93574f7bf695d6c.jpeg?odnWidth=612&odnHeight=612&odnBg=ffffff",
        "tags": [
            [
                "Community Instant Coffee",
                "/browse/food/community-instant-coffee/976759_1086446_1229650_1463369"
            ],
            [
                "Maxwell House Instant Coffee",
                "/browse/food/maxwell-house-instant-coffee/976759_1086446_1229650_1937039"
            ],
            [
                "All Maxwell House Coffee",
                "/browse/food/all-maxwell-house-coffee/976759_1086446_9154767_2506449"
            ],
            [
                "All Community Coffee",
                "/browse/food/all-community-coffee/976759_1086446_2425858_4140955"
            ],
            [
                "All Instant Coffee",
                "/browse/food/all-instant-coffee/976759_1086446_1229650_6624280"
            ],
            [
                "Nescafe Instant Coffee",
                "/browse/food/nescafe-instant-coffee/976759_1086446_1229650_7429052"
            ],
            [
                "Decaf Instant Coffee",
                "/browse/food/decaf-instant-coffee/976759_1086446_1229650_8351875"
            ],
            [
                "All Decaf Coffee",
                "/browse/food/all-decaf-coffee/976759_1086446_2901896_9623975"
            ]
        ]
    },
    {
        "title": "Folgers Classic Roast Ground Coffee, 1.5 oz, 42 count",
        "url": "https://www.walmart.com/ip/Folgers-Classic-Roast-Ground-Coffee-1-5-oz-42-count/26954865",
        "price": "$33.74",
        "stars": "4.7",
        "ratings": "621 ",
        "img": "i5.walmartimages.com/asr/18869a24-b9c1-4e9d-8712-b0335491988d_1.980ce10803f36a0d9ddee5848108e912.jpeg?odnWidth=612&odnHeight=612&odnBg=ffffff",
        "tags": [
            [
                "Folgers Ground Coffee",
                "/browse/food/folgers-ground-coffee/976759_1086446_3100047_1674140"
            ],
            [
                "All Maxwell House Coffee",
                "/browse/food/all-maxwell-house-coffee/976759_1086446_9154767_2506449"
            ],
            [
                "Colombian Coffee",
                "/browse/food/colombian-coffee/976759_1086446_3908418"
            ],
            [
                "Cold Weather Beverages",
                "/browse/food/cold-weather-beverages/976759_1567409_6592518_4126576"
            ],
            [
                "Decaf Ground Coffee",
                "/browse/food/decaf-ground-coffee/976759_1086446_2901896_4427059"
            ],
            [
                "Coffee & Coffee Pods",
                "/browse/food/coffee-coffee-pods/976759_1086446_7238690"
            ],
            [
                "All Folgers Coffee",
                "/browse/food/all-folgers-coffee/976759_1086446_3100047_8271556"
            ],
            [
                "Maxwell House Ground Coffee",
                "/browse/food/maxwell-house-ground-coffee/976759_1086446_9154767_8549333"
            ]
        ]
    },
    {
        "title": "illy Ground Espresso Intenso Dark Roast Coffee, 8.8 Oz",
        "url": "https://www.walmart.com/ip/illy-Ground-Espresso-Intenso-Dark-Roast-Coffee-8-8-Oz/30955251",
        "price": "$12.10",
        "stars": "4.8",
        "ratings": "256 ",
        "img": "i5.walmartimages.com/asr/216417f2-2a80-4aed-81b3-e665057c9c8f_1.337de9ab8c631609d4a33b745231573a.jpeg?odnWidth=612&odnHeight=612&odnBg=ffffff",
        "tags": [
            [
                "illy Coffee Pods",
                "/browse/food/illy-coffee-pods/976759_1086446_7207956_1620765"
            ],
            [
                "Premium Ground Coffee",
                "/browse/food/premium-ground-coffee/976759_5148628_5831001_2847145"
            ],
            [
                "Shop All Premium Coffee",
                "/browse/food/shop-all-premium-coffee/976759_5148628_5831001_4365961"
            ],
            [
                "Espresso",
                "/browse/food/espresso/976759_1086446_4366064"
            ],
            [
                "Premium Foods",
                "/browse/food/premium-foods/976759_4143264_5591050"
            ],
            [
                "Premium Whole Bean Coffee",
                "/browse/food/premium-whole-bean-coffee/976759_5148628_5831001_6904869"
            ],
            [
                "illy Ground Coffee",
                "/browse/food/illy-ground-coffee/976759_1086446_7207956_7172792"
            ],
            [
                "All illy Coffee",
                "/browse/food/all-illy-coffee/976759_1086446_7207956_7650162"
            ]
        ]
    },
    {
        "title": "Eight O'Clock The Original Decaf Ground Coffee, 12 Oz. Bag",
        "url": "https://www.walmart.com/ip/Eight-O-Clock-The-Original-Decaf-Ground-Coffee-12-Oz-Bag/10294449",
        "price": "$5.98",
        "stars": "4.8",
        "ratings": "121 ",
        "img": "i5.walmartimages.com/asr/05db9dad-8e25-476d-9eaa-f207d2d5c99f.0018e65f243b2474c6d7c15d289724c9.jpeg?odnWidth=612&odnHeight=612&odnBg=ffffff",
        "tags": [
            [
                "Whole Bean Coffee",
                "/browse/food/whole-bean-coffee/976759_1086446_1229652"
            ],
            [
                "Eight O'Clock Whole Bean Coffee",
                "/browse/food/eight-oclock-whole-bean-coffee/976759_1086446_1371544_2507754"
            ],
            [
                "Arabica Coffee",
                "/browse/food/arabica-coffee/976759_1086446_2559085"
            ],
            [
                "Decaf Ground Coffee",
                "/browse/food/decaf-ground-coffee/976759_1086446_2901896_4427059"
            ],
            [
                "Decaf Whole Bean Coffee",
                "/browse/food/decaf-whole-bean-coffee/976759_1086446_2901896_6273614"
            ],
            [
                "All Eight O'Clock Coffee",
                "/browse/food/all-eight-oclock-coffee/976759_1086446_1371544_6452168"
            ],
            [
                "Eight O'Clock Ground Coffee",
                "/browse/food/eight-oclock-ground-coffee/976759_1086446_1371544_9455098"
            ],
            [
                "All Decaf Coffee",
                "/browse/food/all-decaf-coffee/976759_1086446_2901896_9623975"
            ]
        ]
    },
    {
        "title": "Starbucks Decaf Ground Coffee \u2014 Pike Place Roast \u2014 100% Arabica \u2014 1 bag (12 oz.)",
        "url": "https://www.walmart.com/ip/Starbucks-Decaf-Ground-Coffee-Pike-Place-Roast-100-Arabica-1-bag-12-oz/38573480",
        "price": "$7.49",
        "stars": "4.5",
        "ratings": "179 ",
        "img": "i5.walmartimages.com/asr/523bd5be-11db-40fa-b9ba-ae7716b10865.1cd011a3ce4de59a89e2610b3acaac9a.jpeg?odnWidth=612&odnHeight=612&odnBg=ffffff",
        "tags": [
            [
                "Whole Bean Coffee",
                "/browse/food/whole-bean-coffee/976759_1086446_1229652"
            ],
            [
                "Cold Weather Beverages",
                "/browse/food/cold-weather-beverages/976759_1567409_6592518_4126576"
            ],
            [
                "Decaf Ground Coffee",
                "/browse/food/decaf-ground-coffee/976759_1086446_2901896_4427059"
            ],
            [
                "Starbucks Ground Coffee",
                "/browse/food/starbucks-ground-coffee/976759_1086446_2986178_5925252"
            ],
            [
                "Coffee & Coffee Pods",
                "/browse/food/coffee-coffee-pods/976759_1086446_7238690"
            ],
            [
                "Starbucks Whole Bean Coffee",
                "/browse/food/starbucks-whole-bean-coffee/976759_1086446_2986178_7654038"
            ],
            [
                "All Starbucks",
                "/browse/food/all-starbucks/976759_1086446_2986178_7830797"
            ],
            [
                "All Decaf Coffee",
                "/browse/food/all-decaf-coffee/976759_1086446_2901896_9623975"
            ]
        ]
    },
    {
        "title": "Ethical Bean Fairtrade Organic Coffee, Mellow Medium Roast, Whole Bean Coffee, 12 oz. Bag",
        "url": "https://www.walmart.com/ip/Ethical-Bean-Fairtrade-Organic-Coffee-Mellow-Medium-Roast-Whole-Bean-Coffee-12-oz-Bag/199231501",
        "price": "$9.96",
        "stars": "4.7",
        "ratings": "123 ",
        "img": "i5.walmartimages.com/asr/111a2fec-e65e-4990-a367-9f6ed0ff1ce6.32751e41b8f7bb152f0b0df358560905.jpeg?odnWidth=612&odnHeight=612&odnBg=ffffff",
        "tags": [
            [
                "Ground Coffee",
                "/browse/food/ground-coffee/976759_1086446_1229651"
            ],
            [
                "Whole Bean Coffee",
                "/browse/food/whole-bean-coffee/976759_1086446_1229652"
            ],
            [
                "Arabica Coffee",
                "/browse/food/arabica-coffee/976759_1086446_2559085"
            ],
            [
                "Espresso",
                "/browse/food/espresso/976759_1086446_4366064"
            ],
            [
                "New Ground Coffee",
                "/browse/food/new-ground-coffee/976759_1086446_1995978_5077823"
            ],
            [
                "Decaf Whole Bean Coffee",
                "/browse/food/decaf-whole-bean-coffee/976759_1086446_2901896_6273614"
            ],
            [
                "New Whole Bean Coffee",
                "/browse/food/new-whole-bean-coffee/976759_1086446_1995978_7158971"
            ],
            [
                "All Decaf Coffee",
                "/browse/food/all-decaf-coffee/976759_1086446_2901896_9623975"
            ]
        ]
    },
    {
        "title": "illy K-Cup Pods Classico Medium Roast Coffee for Keurig Brewers, 10 Ct",
        "url": "https://www.walmart.com/ip/illy-K-Cup-Pods-Classico-Medium-Roast-Coffee-for-Keurig-Brewers-10-Ct/181874198",
        "price": "$8.69",
        "stars": "4.7",
        "ratings": "154 ",
        "img": "i5.walmartimages.com/asr/3764d88b-ddc9-4332-8962-8d8e7fcab064_1.987d0cf2c1b22baf903c55055a0105f2.jpeg?odnWidth=612&odnHeight=612&odnBg=ffffff",
        "tags": [
            [
                "illy Coffee Pods",
                "/browse/food/illy-coffee-pods/976759_1086446_7207956_1620765"
            ],
            [
                "Premium Coffee Pods",
                "/browse/food/premium-coffee-pods/976759_5148628_5831001_2630281"
            ],
            [
                "Premium Ground Coffee",
                "/browse/food/premium-ground-coffee/976759_5148628_5831001_2847145"
            ],
            [
                "Shop All Premium Coffee",
                "/browse/food/shop-all-premium-coffee/976759_5148628_5831001_4365961"
            ],
            [
                "All Lavazza Coffee",
                "/browse/food/all-lavazza-coffee/976759_1086446_3345140_4367315"
            ],
            [
                "Premium Foods",
                "/browse/food/premium-foods/976759_4143264_5591050"
            ],
            [
                "illy Ground Coffee",
                "/browse/food/illy-ground-coffee/976759_1086446_7207956_7172792"
            ],
            [
                "All illy Coffee",
                "/browse/food/all-illy-coffee/976759_1086446_7207956_7650162"
            ]
        ]
    },
    {
        "title": "Starbucks Medium Roast Ground Coffee \u2014 Organic Yukon Blend \u2014 100% Arabica \u2014 1 bag (10 oz.)",
        "url": "https://www.walmart.com/ip/Starbucks-Medium-Roast-Ground-Coffee-Organic-Yukon-Blend-100-Arabica-1-bag-10-oz/643241555",
        "price": "$8.19",
        "stars": "4.9",
        "ratings": "34 ",
        "img": "i5.walmartimages.com/asr/c96be62f-9973-4be2-a50c-265fb5736b91.42ffd88307d5cf7c0992f02b33f9ccb9.jpeg?odnWidth=612&odnHeight=612&odnBg=ffffff",
        "tags": [
            [
                "Whole Bean Coffee",
                "/browse/food/whole-bean-coffee/976759_1086446_1229652"
            ],
            [
                "New Year New You Coffee",
                "/browse/food/new-year-new-you-coffee/976759_1567409_3170630_1935558"
            ],
            [
                "Premium Ground Coffee",
                "/browse/food/premium-ground-coffee/976759_5148628_5831001_2847145"
            ],
            [
                "Coffee Tea & Cocoa",
                "/browse/food/coffee-tea-cocoa/976759_1567409_3170630_4711982"
            ],
            [
                "Starbucks Ground Coffee",
                "/browse/food/starbucks-ground-coffee/976759_1086446_2986178_5925252"
            ],
            [
                "Starbucks Whole Bean Coffee",
                "/browse/food/starbucks-whole-bean-coffee/976759_1086446_2986178_7654038"
            ],
            [
                "All Starbucks",
                "/browse/food/all-starbucks/976759_1086446_2986178_7830797"
            ],
            [
                "New Year New You",
                "/browse/food/new-year-new-you/976759_1567409_3170630_9741688"
            ]
        ]
    },
    {
        "title": "JFG Special Blend Ground Coffee, 30.6 Oz.",
        "url": "https://www.walmart.com/ip/JFG-Special-Blend-Ground-Coffee-30-6-Oz/43177555",
        "price": "$8.28",
        "stars": "4.8",
        "ratings": "45 ",
        "img": "i5.walmartimages.com/asr/cdaeaa1b-0a7e-4bc4-8317-dd94883a278a_1.090902fa8d80f6a56eca1a5c99ea5a60.jpeg?odnWidth=612&odnHeight=612&odnBg=ffffff",
        "tags": [
            [
                "Vinegar",
                "/browse/food/vinegar/976759_976786_1001366"
            ],
            [
                "Shop All Vinegar",
                "/browse/food/shop-all-vinegar/976759_976786_3896160_2520364"
            ],
            [
                "Arabica Coffee",
                "/browse/food/arabica-coffee/976759_1086446_2559085"
            ],
            [
                "Balsamic Vinegar",
                "/browse/food/balsamic-vinegar/976759_976786_3896160_3966324"
            ],
            [
                "Community Ground Coffee",
                "/browse/food/community-ground-coffee/976759_1086446_2425858_4529416"
            ],
            [
                "Coffee & Coffee Pods",
                "/browse/food/coffee-coffee-pods/976759_1086446_7238690"
            ],
            [
                "Home Workout Snacks and Beverages",
                "/browse/food/home-workout-snacks-beverages/976759_1567409_7702434"
            ],
            [
                "Shop All Plant Based Foods",
                "/browse/food/shop-all-plant-based-foods/976759_5148628_4583057_2468673_8701847"
            ]
        ]
    }
]