[
    {
        "title": "Blue Diamond Habanero BBQ Almonds 30 oz. Bag",
        "url": "https://www.walmart.com/ip/Blue-Diamond-Habanero-BBQ-Almonds-30-oz-Bag/503289952",
        "price": "$11.68",
        "stars": "4.8",
        "ratings": "56 ",
        "img": "i5.walmartimages.com/asr/6504ec69-e580-4641-ae35-39e0be8de730_1.8cc24368d7761d00921523ca71a40a74.jpeg?odnWidth=612&odnHeight=612&odnBg=ffffff",
        "tags": [
            [
                "All Nuts, Trail Mix,& Seeds",
                "/browse/food/all-nuts-trail-mix-seeds/976759_976787_1001406_2615672"
            ],
            [
                "On the Go Snacks",
                "/browse/food/on-the-go-snacks/976759_976787_3253105"
            ],
            [
                "Nuts",
                "/browse/food/nuts/976759_976787_1001406_3488004"
            ],
            [
                "Planters Cashews",
                "/browse/food/planters-cashews/976759_976787_1001406_8305691_4118325"
            ],
            [
                "All Almonds",
                "/browse/food/all-almonds/976759_976787_1001406_3474924_6070199"
            ],
            [
                "All Nuts, Dried Fruits and Healthy Snacks",
                "/browse/food/all-nuts-dried-fruits-healthy-snacks/976759_1071964_976793_6682547_7101504"
            ],
            [
                "Roasted Almonds",
                "/browse/food/roasted-almonds/976759_976787_1001406_3474924_8901627"
            ]
        ]
    },
    {
        "title": "Goya Chipolte Peppers In Adobo Sauce, 7.0 Oz",
        "url": "https://www.walmart.com/ip/Goya-Chipolte-Peppers-In-Adobo-Sauce-7-0-Oz/33993744",
        "price": "$1.57",
        "stars": "4.2",
        "ratings": "6 ",
        "img": "",
        "tags": [
            [
                "All Fresh Vegetables",
                "/browse/food/all-fresh-vegetables/976759_1071964_976793_8910423_1814126"
            ],
            [
                "Canned Tomatoes",
                "/browse/food/canned-tomatoes/976759_976794_976785_2009430"
            ],
            [
                "Pasta Sauce",
                "/browse/food/pasta-sauce/976759_976794_2775278"
            ],
            [
                "Canned Chipotle Peppers",
                "/browse/food/canned-chipotle-peppers/976759_976794_976785_3502052"
            ],
            [
                "Canned Vegetables",
                "/browse/food/canned-vegetables/976759_976794_976785_3605629"
            ],
            [
                "Snacks",
                "/browse/food/snacks/976759_5148628_1228025_1228103_4586063"
            ],
            [
                "Canned Green Chilis",
                "/browse/food/canned-green-chilis/976759_976794_976785_5536581"
            ],
            [
                "Bouillon",
                "/browse/food/bouillon/976759_976794_3901881_7614443"
            ]
        ]
    },
    {
        "title": "Pioneer Woman Garden Vegetable Pasta Sauce, 24 oz Jar",
        "url": "https://www.walmart.com/ip/Pioneer-Woman-Garden-Vegetable-Pasta-Sauce-24-oz-Jar/417770101",
        "price": "$2.98",
        "stars": "4.8",
        "ratings": "65 ",
        "img": "i5.walmartimages.com/asr/99a86220-1a78-4494-b85d-16e56d5988f6.064c5a6d40233d0a291d9cceb0d2be6f.jpeg?odnWidth=612&odnHeight=612&odnBg=ffffff",
        "tags": [
            [
                "Sauces",
                "/browse/food/sauces/976759_976786_1076366"
            ],
            [
                "Ranch Dressing",
                "/browse/food/ranch-dressing/976759_976786_5730644_1345093"
            ],
            [
                "All Meals and Sides",
                "/browse/food/all-meals-sides/976759_1071964_976789_2133672_1535108"
            ],
            [
                "Canned Tomatoes",
                "/browse/food/canned-tomatoes/976759_976794_976785_2009430"
            ],
            [
                "Pasta Sauce",
                "/browse/food/pasta-sauce/976759_976794_2775278"
            ],
            [
                "Shop All BBQ Sauces",
                "/browse/food/shop-all-bbq-sauces/976759_976786_9696846_9999057_6757439"
            ],
            [
                "Gluten Free Meals & Side Dishes",
                "/browse/food/gluten-free-meals-side-dishes/976759_5148628_4583057_1250486_9821290"
            ],
            [
                "Easy Kid's Dinners",
                "/browse/food/easy-kids-dinners/976759_1567409_7966149_9873756"
            ]
        ]
    },
    {
        "title": "Premier Protein Shake, Chocolate, 30g Protein, 11 Fl Oz, 12 Ct",
        "url": "https://www.walmart.com/ip/Premier-Protein-Shake-Chocolate-30g-Protein-11-Fl-Oz-12-Ct/506219923",
        "price": "$23.74",
        "stars": "4.5",
        "ratings": "2498 ",
        "img": "i5.walmartimages.com/asr/cc877abc-152b-4ec7-bf84-988665dac62e_1.462fb34dd9178b91bb222b9fd411c010.jpeg?odnWidth=612&odnHeight=612&odnBg=ffffff",
        "tags": [
            [
                "Protein Shakes",
                "/browse/health/protein-shakes/976760_1166769_1282185"
            ],
            [
                "Eat High Protein Diet",
                "/browse/health/eat-high-protein-diet/976760_7207516_3867899_2349917_1339165"
            ],
            [
                "Premier Protein Shakes",
                "/browse/health/premier-protein-shakes/976760_1166769_4270807_2260247"
            ],
            [
                "Protein Shakes, Bars & Energy Drinks",
                "/browse/health/protein-shakes-bars-energy-drinks/976760_9035881_9006282_2339462"
            ],
            [
                "Protein Drinks",
                "/browse/health/protein-drinks/976760_1166769_3205404"
            ],
            [
                "Fuel Your Body",
                "/browse/health/fuel-your-body/976760_9035881_5814720"
            ],
            [
                "Add Protein to Build Muscle",
                "/browse/health/add-protein-to-build-muscle/976760_7207516_1424368_5124640_7240818"
            ],
            [
                "Premier Protein Clears",
                "/browse/health/premier-protein-clears/976760_1166769_4270807_9843987"
            ]
        ]
    },
    {
        "title": "Coffee Cake Swirl Scented Wax Melts, ScentSationals, 5 oz",
        "url": "https://www.walmart.com/ip/Coffee-Cake-Swirl-Scented-Wax-Melts-ScentSationals-5-oz/49301018",
        "price": "$3.47",
        "stars": "4.9",
        "ratings": "21 ",
        "img": "i5.walmartimages.com/asr/8c471a94-e027-40d2-915b-5623f4394484_1.af3a87bac281ee0c09dc1bca7e40e709.jpeg?odnWidth=612&odnHeight=612&odnBg=ffffff",
        "tags": [
            [
                "Better Homes & Gardens Decor",
                "/browse/home/better-homes-gardens-decor/4044_133012_2786769"
            ],
            [
                "Yankee Candle",
                "/browse/home/yankee-candle/4044_133012_2622648_2806582"
            ],
            [
                "Wax Melts",
                "/browse/home/wax-melts/4044_133012_2622648_2926246"
            ],
            [
                "Fall Indoor Decor",
                "/browse/home/fall-indoor-decor/4044_2634414_9573311_3931477"
            ],
            [
                "Shop All Fall Decor",
                "/browse/home/shop-all-fall-decor/4044_2634414_9573311_6851606"
            ],
            [
                "Fall Candles",
                "/browse/home/fall-candles/4044_2634414_9573311_7123210"
            ],
            [
                "Dorm Decor",
                "/browse/home/dorm-decor/4044_1225301_1225229_7471338"
            ],
            [
                "Candles",
                "/browse/home/candles/4044_133012_2622648_8500605"
            ]
        ]
    },
    {
        "title": "(3 Pack) Peter Pan Crunchy Honey Roast Peanut Spread, 28 oz",
        "url": "https://www.walmart.com/ip/3-Pack-Peter-Pan-Crunchy-Honey-Roast-Peanut-Spread-28-oz/857021879",
        "price": "$9.75",
        "stars": "4.8",
        "ratings": "66 ",
        "img": "",
        "tags": [
            [
                "Skippy Peanut Butter",
                "/browse/food/skippy-peanut-butter/976759_976786_1018820_6347787_3102650"
            ],
            [
                "Natural Peanut Butter",
                "/browse/food/natural-peanut-butter/976759_976786_1018820_6347787_3424971"
            ],
            [
                "Peanut Butter and Jelly",
                "/browse/food/peanut-butter-jelly/976759_1567409_7966149_5050784"
            ],
            [
                "All Peanut Butter",
                "/browse/food/all-peanut-butter/976759_976786_1018820_6347787_6749456"
            ],
            [
                "Chunky Peanut Butter",
                "/browse/food/chunky-peanut-butter/976759_976786_1018820_6347787_8931614"
            ],
            [
                "Jif",
                "/browse/food/jif/976759_976786_1018820_8941820"
            ],
            [
                "Creamy Peanut Butter",
                "/browse/food/creamy-peanut-butter/976759_976786_1018820_6347787_9717954"
            ]
        ]
    },
    {
        "title": "Premier Protein Shake, Chocolate, 30g Protein, 11.5 Fl Oz, 12 Ct",
        "url": "https://www.walmart.com/ip/Premier-Protein-Shake-Chocolate-30g-Protein-11-5-Fl-Oz-12-Ct/867227973",
        "price": "$18.79",
        "stars": "4.5",
        "ratings": "2498 ",
        "img": "i5.walmartimages.com/asr/4ffee77c-42b1-4d9c-924c-b3a4c9aa07af_1.886bd25887129a36153f2c67b325eee5.jpeg?odnWidth=612&odnHeight=612&odnBg=ffffff",
        "tags": [
            [
                "Protein Shakes",
                "/browse/health/protein-shakes/976760_1166769_1282185"
            ],
            [
                "Premier Protein Shakes",
                "/browse/health/premier-protein-shakes/976760_1166769_4270807_2260247"
            ],
            [
                "Protein Shakes, Bars & Energy Drinks",
                "/browse/health/protein-shakes-bars-energy-drinks/976760_9035881_9006282_2339462"
            ],
            [
                "Protein Drinks",
                "/browse/health/protein-drinks/976760_1166769_3205404"
            ],
            [
                "Fuel Your Workout",
                "/browse/health/fuel-your-workout/976760_1166769_4659027"
            ],
            [
                "Protein On the Go",
                "/browse/health/protein-on-the-go/976760_1166769_5193040"
            ],
            [
                "Fuel Your Body",
                "/browse/health/fuel-your-body/976760_9035881_5814720"
            ],
            [
                "Premier Protein Clears",
                "/browse/health/premier-protein-clears/976760_1166769_4270807_9843987"
            ]
        ]
    },
    {
        "title": "Califia Farms Unsweetened Better Half Coconut Cream & Almond Milk Dairy Free Creamer, 32 oz",
        "url": "https://www.walmart.com/ip/Califia-Farms-Unsweetened-Better-Half-Coconut-Cream-Almond-Milk-Dairy-Free-Creamer-32-oz/825502314",
        "price": "$4.28",
        "stars": "4.3",
        "ratings": "68 ",
        "img": "i5.walmartimages.com/asr/52c2f160-20c8-40df-b3cf-bcc9b9007b61_2.6acce2749798744ca37798fab6551376.png?odnWidth=612&odnHeight=612&odnBg=ffffff",
        "tags": [
            [
                "Califia",
                "/browse/food/califia/976759_976782_8649877_3107987_1792939"
            ],
            [
                "Non Dairy Creamers",
                "/browse/food/non-dairy-creamers/976759_1086446_1100007_2301544"
            ],
            [
                "Powder Coffee Creamer",
                "/browse/food/powder-coffee-creamer/976759_1086446_1100007_3600436"
            ],
            [
                "New Year New You Creamers",
                "/browse/food/new-year-new-you-creamers/976759_1567409_3170630_6362615"
            ],
            [
                "Healthy Coffee Creamer",
                "/browse/food/healthy-coffee-creamer/976759_1086446_1100007_8721359"
            ],
            [
                "Liquid Coffee Creamers",
                "/browse/food/liquid-coffee-creamers/976759_1086446_1100007_8921650"
            ],
            [
                "Califia Farms Creamers",
                "/browse/food/califia-farms-creamers/976759_1086446_1100007_9155009"
            ],
            [
                "Keto Coffee Creamer",
                "/browse/food/keto-coffee-creamer/976759_1086446_1100007_9274652"
            ]
        ]
    },
    {
        "title": "Horizon Organic 1% Lowfat UHT Strawberry Milk, 8 Oz., 6 Count",
        "url": "https://www.walmart.com/ip/Horizon-Organic-1-Lowfat-UHT-Strawberry-Milk-8-Oz-6-Count/35506195",
        "price": "$6.32",
        "stars": "4.3",
        "ratings": "42 ",
        "img": "i5.walmartimages.com/asr/0b9ca3df-0ddc-41db-9392-b8dea4bd1cbd.939f13b81cb130eabe7804a3400270df.jpeg?odnWidth=612&odnHeight=612&odnBg=ffffff",
        "tags": [
            [
                "Organic Foods",
                "/browse/food/organic-foods/976759_1228024_1228017"
            ],
            [
                "Chocolate Milk",
                "/browse/food/chocolate-milk/976759_976782_8649877_1284521"
            ],
            [
                "Organic Milk",
                "/browse/food/organic-milk/976759_976782_8649877_3153553"
            ],
            [
                "Almond Milk",
                "/browse/food/almond-milk/976759_976782_8649877_3226399"
            ],
            [
                "DHA Milk",
                "/browse/food/dha-milk/976759_1071964_976788_1001466_5458239_4362981"
            ],
            [
                "Plant-Based Milk",
                "/browse/food/plant-based-milk/976759_976782_8649877_4681354"
            ],
            [
                "Horizon Organic",
                "/browse/food/horizon-organic/976759_1071964_976788_1001466_5458239_7902905"
            ],
            [
                "Plant Based Beverages",
                "/browse/food/plant-based-beverages/976759_5148628_4583057_2468673_9776610"
            ]
        ]
    },
    {
        "title": "Schar Sch'Nacks Chocolate Covered Snack Cakes, 12.3 Oz",
        "url": "https://www.walmart.com/ip/Schar-Sch-Nacks-Chocolate-Covered-Snack-Cakes-12-3-Oz/49129607",
        "price": "$5.48",
        "stars": "3.8",
        "ratings": "18 ",
        "img": "i5.walmartimages.com/asr/f42eb2ad-9a87-4e0e-a0e4-17675f83b387.29ca0798fa33811d53499ce6b537afec.jpeg?odnWidth=612&odnHeight=612&odnBg=ffffff",
        "tags": [
            [
                "Cakes & Cupcakes",
                "/browse/food/cakes-cupcakes/976759_1071964_976779_1044106"
            ],
            [
                "All Cookies",
                "/browse/food/all-cookies/976759_976787_1001391_1592885"
            ],
            [
                "Chocolate Cookies",
                "/browse/food/chocolate-cookies/976759_976787_1001391_4007138"
            ],
            [
                "Gluten-Free Cookies",
                "/browse/food/gluten-free-cookies/976759_976787_1001391_4362193"
            ],
            [
                "Gluten Free Snacks, Cookies & Chips",
                "/browse/food/gluten-free-snacks-cookies-chips/976759_1228023_5141486"
            ],
            [
                "Gluten Free Snacks",
                "/browse/food/gluten-free-snacks/976759_5148628_4583057_1250486_6502251"
            ],
            [
                "Plant Based Snacks",
                "/browse/food/plant-based-snacks/976759_5148628_4583057_2468673_6967777"
            ],
            [
                "Gluten Free Crackers",
                "/browse/food/gluten-free-crackers/976759_976787_1001392_8926169"
            ]
        ]
    }
]