[
    {
        "title": "Caf\u00e9 La Llave Espresso, Original Line Compatible, Recyclable Coffee Pods, Intensity 11, 80 ct.",
        "url": "https://www.walmart.com/ip/Caf-La-Llave-Espresso-Original-Line-Compatible-Recyclable-Coffee-Pods-Intensity-11-80-ct/170413577",
        "price": "$30.04",
        "stars": "4.7",
        "ratings": "19 ",
        "img": "i5.walmartimages.com/asr/b8312fd5-0679-4518-8c16-4b1e9120b283.89baaa99e61d485b98a4ba0750051106.jpeg?odnWidth=612&odnHeight=612&odnBg=ffffff",
        "tags": [
            [
                "Dunkin' Ground Coffee",
                "/browse/food/dunkin-ground-coffee/976759_1086446_7630289_3757029"
            ],
            [
                "Cafe Bustelo Single Serve Coffee",
                "/browse/food/cafe-bustelo-single-serve-coffee/976759_1086446_7145434_4163062"
            ],
            [
                "Espresso",
                "/browse/food/espresso/976759_1086446_4366064"
            ],
            [
                "Cuban Coffee",
                "/browse/food/cuban-coffee/976759_1086446_5303199"
            ],
            [
                "All Cafe Bustelo",
                "/browse/food/all-cafe-bustelo/976759_1086446_7145434_6924474"
            ],
            [
                "Nespresso OriginalLine Pods & Capsules",
                "/browse/food/nespresso-originalline-pods-capsules/976759_1086446_1801480_8334733"
            ],
            [
                "Decaf K Cups",
                "/browse/food/decaf-k-cups/976759_1086446_2901896_9161249"
            ],
            [
                "All Decaf Coffee",
                "/browse/food/all-decaf-coffee/976759_1086446_2901896_9623975"
            ]
        ]
    },
    {
        "title": "Folgers Noir Golden Dusk, Medium Dark Roast Ground Coffee, K-Cup Pods for Keurig Brewers, 12-Count",
        "url": "https://www.walmart.com/ip/Folgers-Noir-Golden-Dusk-Medium-Dark-Roast-Ground-Coffee-K-Cup-Pods-for-Keurig-Brewers-12-Count/839938894",
        "price": "$7.10",
        "stars": "4.6",
        "ratings": "12 ",
        "img": "i5.walmartimages.com/asr/db1e8e4f-70d8-4aee-96bb-cf9731e0cc40_1.22208a2f6650af78b057e330f9966cb8.jpeg?odnWidth=612&odnHeight=612&odnBg=ffffff",
        "tags": [
            [
                "Folgers Ground Coffee",
                "/browse/food/folgers-ground-coffee/976759_1086446_3100047_1674140"
            ],
            [
                "Arabica Coffee",
                "/browse/food/arabica-coffee/976759_1086446_2559085"
            ],
            [
                "Folgers Coffee Pods",
                "/browse/food/folgers-coffee-pods/976759_1086446_3100047_2740006"
            ],
            [
                "All Instant Coffee",
                "/browse/food/all-instant-coffee/976759_1086446_1229650_6624280"
            ],
            [
                "Coffee & Coffee Pods",
                "/browse/food/coffee-coffee-pods/976759_1086446_7238690"
            ],
            [
                "Keurig K-Cups & Coffee Pods",
                "/browse/food/keurig-k-cups-coffee-pods/976759_1086446_8135897"
            ],
            [
                "All Folgers Coffee",
                "/browse/food/all-folgers-coffee/976759_1086446_3100047_8271556"
            ]
        ]
    },
    {
        "title": "Supreme by Bustelo Espresso Ground Coffee, 10-Ounce Can",
        "url": "https://www.walmart.com/ip/Supreme-by-Bustelo-Espresso-Ground-Coffee-10-Ounce-Can/10849864",
        "price": "$12.99",
        "stars": "5.0",
        "ratings": "2 ",
        "img": "i5.walmartimages.com/asr/166bf01a-d9d7-4ec0-b175-6c1df7dd588a_1.1306b6c57ae05128654f4269de07ecd0.jpeg?odnWidth=612&odnHeight=612&odnBg=ffffff",
        "tags": [
            [
                "Cafe Bustelo Instant Coffee",
                "/browse/food/cafe-bustelo-instant-coffee/976759_1086446_1229650_1712086"
            ],
            [
                "Arabica Coffee",
                "/browse/food/arabica-coffee/976759_1086446_2559085"
            ],
            [
                "Cafe Bustelo Ground Coffee",
                "/browse/food/cafe-bustelo-ground-coffee/976759_1086446_7145434_2974338"
            ],
            [
                "Espresso",
                "/browse/food/espresso/976759_1086446_4366064"
            ],
            [
                "Decaf Ground Coffee",
                "/browse/food/decaf-ground-coffee/976759_1086446_2901896_4427059"
            ],
            [
                "Cuban Coffee",
                "/browse/food/cuban-coffee/976759_1086446_5303199"
            ],
            [
                "All Cafe Bustelo",
                "/browse/food/all-cafe-bustelo/976759_1086446_7145434_6924474"
            ]
        ]
    },
    {
        "title": "Nespresso Vertuo Coffee Capsules, Melozio - 40 Count",
        "url": "https://www.walmart.com/ip/Nespresso-Vertuo-Coffee-Capsules-Melozio-40-Count/710274069",
        "price": "$44.00",
        "stars": "5.0",
        "ratings": "4 ",
        "img": "i5.walmartimages.com/asr/f3dcb6c3-3eb6-404c-b9be-8ab6effded23.fc3c0468084faddc3d1cb8a4053e83bf.jpeg?odnWidth=612&odnHeight=612&odnBg=ffffff",
        "tags": [
            [
                "Premium Coffee Pods",
                "/browse/food/premium-coffee-pods/976759_5148628_5831001_2630281"
            ],
            [
                "Colombian Coffee",
                "/browse/food/colombian-coffee/976759_1086446_3908418"
            ],
            [
                "Shop All Premium Coffee",
                "/browse/food/shop-all-premium-coffee/976759_5148628_5831001_4365961"
            ],
            [
                "Espresso",
                "/browse/food/espresso/976759_1086446_4366064"
            ],
            [
                "Nespresso VertuoLine Pods & Capsules",
                "/browse/food/nespresso-vertuoline-pods-capsules/976759_1086446_1801480_8021918"
            ],
            [
                "Nespresso OriginalLine Pods & Capsules",
                "/browse/food/nespresso-originalline-pods-capsules/976759_1086446_1801480_8334733"
            ],
            [
                "Decaf K Cups",
                "/browse/food/decaf-k-cups/976759_1086446_2901896_9161249"
            ],
            [
                "Lavazza Coffee Pods",
                "/browse/food/lavazza-coffee-pods/976759_1086446_3345140_9368851"
            ]
        ]
    },
    {
        "title": "(2 Pack) Colcafe Instant Coffee, 6 Ounce Jar",
        "url": "https://www.walmart.com/ip/2-Pack-Colcafe-Instant-Coffee-6-Ounce-Jar/264206522",
        "price": "$15.98",
        "stars": "4.9",
        "ratings": "15 ",
        "img": "",
        "tags": [
            [
                "Cafe Bustelo Instant Coffee",
                "/browse/food/cafe-bustelo-instant-coffee/976759_1086446_1229650_1712086"
            ],
            [
                "Snacks",
                "/browse/food/snacks/976759_5148628_1228025_1228103_4586063"
            ],
            [
                "Cuban Coffee",
                "/browse/food/cuban-coffee/976759_1086446_5303199"
            ],
            [
                "All Instant Coffee",
                "/browse/food/all-instant-coffee/976759_1086446_1229650_6624280"
            ],
            [
                "All Cafe Bustelo",
                "/browse/food/all-cafe-bustelo/976759_1086446_7145434_6924474"
            ],
            [
                "Nescafe Instant Coffee",
                "/browse/food/nescafe-instant-coffee/976759_1086446_1229650_7429052"
            ],
            [
                "Decaf Instant Coffee",
                "/browse/food/decaf-instant-coffee/976759_1086446_1229650_8351875"
            ]
        ]
    },
    {
        "title": "Panera Bread Dark Roast K-Cup Coffee Pods, 24 Count for Keurig Brewers",
        "url": "https://www.walmart.com/ip/Panera-Bread-Dark-Roast-K-Cup-Coffee-Pods-24-Count-for-Keurig-Brewers/662603540",
        "price": "$12.94",
        "stars": "4.6",
        "ratings": "65 ",
        "img": "i5.walmartimages.com/asr/6312d961-c6a8-48c9-a446-2869485c1ba3_1.4b1f9b4e8c82ff8181233a20cc8fa750.jpeg?odnWidth=612&odnHeight=612&odnBg=ffffff",
        "tags": [
            [
                "Arabica Coffee",
                "/browse/food/arabica-coffee/976759_1086446_2559085"
            ],
            [
                "Colombian Coffee",
                "/browse/food/colombian-coffee/976759_1086446_3908418"
            ],
            [
                "Cold Weather Beverages",
                "/browse/food/cold-weather-beverages/976759_1567409_6592518_4126576"
            ],
            [
                "Tim Hortons Coffee Pods",
                "/browse/food/tim-hortons-coffee-pods/976759_1086446_5550920_5155815"
            ],
            [
                "Coffee & Coffee Pods",
                "/browse/food/coffee-coffee-pods/976759_1086446_7238690"
            ],
            [
                "Starbucks Coffee Pods",
                "/browse/food/starbucks-coffee-pods/976759_1086446_2986178_7513516"
            ],
            [
                "All Starbucks",
                "/browse/food/all-starbucks/976759_1086446_2986178_7830797"
            ],
            [
                "Keurig K-Cups & Coffee Pods",
                "/browse/food/keurig-k-cups-coffee-pods/976759_1086446_8135897"
            ]
        ]
    },
    {
        "title": "Maxwell House Cafe Collection House Blend Coffee T-Discs, Caffeinated, 16 ct - 4.45 oz Package",
        "url": "https://www.walmart.com/ip/Maxwell-House-Cafe-Collection-House-Blend-Coffee-T-Discs-Caffeinated-16-ct-4-45-oz-Package/15183433",
        "price": "$41.89",
        "stars": "4.3",
        "ratings": "196 ",
        "img": "i5.walmartimages.com/asr/9707831f-2982-49da-aa7b-72783724c8bb.7b06404369249e34505627df2b4c6e7a.jpeg?odnWidth=612&odnHeight=612&odnBg=ffffff",
        "tags": [
            [
                "Ground Coffee",
                "/browse/food/ground-coffee/976759_1086446_1229651"
            ],
            [
                "All Maxwell House Coffee",
                "/browse/food/all-maxwell-house-coffee/976759_1086446_9154767_2506449"
            ],
            [
                "Arabica Coffee",
                "/browse/food/arabica-coffee/976759_1086446_2559085"
            ],
            [
                "Cappuccino Coffee",
                "/browse/food/cappuccino-coffee/976759_1086446_4163341"
            ],
            [
                "Espresso",
                "/browse/food/espresso/976759_1086446_4366064"
            ],
            [
                "Keurig K-Cups & Coffee Pods",
                "/browse/food/keurig-k-cups-coffee-pods/976759_1086446_8135897"
            ],
            [
                "Maxwell House Coffee Pods",
                "/browse/food/maxwell-house-coffee-pods/976759_1086446_9154767_8284403"
            ],
            [
                "Maxwell House Ground Coffee",
                "/browse/food/maxwell-house-ground-coffee/976759_1086446_9154767_8549333"
            ]
        ]
    },
    {
        "title": "Coffee Mate Vanilla Caramel Liquid Coffee Creamer Singles, Lactose-Free, 0.375 Fl Oz, 200 Ct",
        "url": "https://www.walmart.com/ip/Coffee-Mate-Vanilla-Caramel-Liquid-Coffee-Creamer-Singles-Lactose-Free-0-375-Fl-Oz-200-Ct/42464158",
        "price": "$19.64",
        "stars": "5.0",
        "ratings": "6 ",
        "img": "",
        "tags": [
            [
                "Non Dairy Creamers",
                "/browse/food/non-dairy-creamers/976759_1086446_1100007_2301544"
            ],
            [
                "Powder Coffee Creamer",
                "/browse/food/powder-coffee-creamer/976759_1086446_1100007_3600436"
            ],
            [
                "Flavored Coffee Creamer",
                "/browse/food/flavored-coffee-creamer/976759_1086446_1100007_3903859"
            ],
            [
                "International Delight",
                "/browse/food/international-delight/976759_1086446_1100007_4128313"
            ],
            [
                "French Vanilla Creamers",
                "/browse/food/french-vanilla-creamers/976759_1086446_1100007_7552468"
            ],
            [
                "Coffee-Mate",
                "/browse/food/coffee-mate/976759_1086446_1100007_8128797"
            ],
            [
                "Hazelnut Creamers",
                "/browse/food/hazelnut-creamers/976759_1086446_1100007_8460141"
            ],
            [
                "Liquid Coffee Creamers",
                "/browse/food/liquid-coffee-creamers/976759_1086446_1100007_8921650"
            ]
        ]
    },
    {
        "title": "Community Coffee Pecan Praline Pods for Keurig Kcup brewers Medium-Dark Roast 18ct",
        "url": "https://www.walmart.com/ip/Community-Coffee-Pecan-Praline-Pods-for-Keurig-Kcup-brewers-Medium-Dark-Roast-18ct/46535249",
        "price": "$10.94",
        "stars": "4.8",
        "ratings": "116 ",
        "img": "i5.walmartimages.com/asr/9ff3ca4e-555e-45d7-9fc6-1aed7c5f07eb.167d60ceae3f9065dae12f9ed74e3902.png?odnWidth=612&odnHeight=612&odnBg=ffffff",
        "tags": [
            [
                "Ground Coffee",
                "/browse/food/ground-coffee/976759_1086446_1229651"
            ],
            [
                "Arabica Coffee",
                "/browse/food/arabica-coffee/976759_1086446_2559085"
            ],
            [
                "All Community Coffee",
                "/browse/food/all-community-coffee/976759_1086446_2425858_4140955"
            ],
            [
                "Community Ground Coffee",
                "/browse/food/community-ground-coffee/976759_1086446_2425858_4529416"
            ],
            [
                "Pumpkin Spice & Fall Ground Coffee",
                "/browse/food/pumpkin-spice-fall-ground-coffee/976759_1086446_5366330"
            ],
            [
                "Coffee With Chicory",
                "/browse/food/coffee-with-chicory/976759_1086446_5471454"
            ],
            [
                "Keurig K-Cups & Coffee Pods",
                "/browse/food/keurig-k-cups-coffee-pods/976759_1086446_8135897"
            ],
            [
                "Pumpkin Spice Latte and Seasonal Coffees",
                "/browse/food/pumpkin-spice-latte-seasonal-coffees/976759_1567409_4828574_8417109"
            ]
        ]
    },
    {
        "title": "Melitta basket coffee filters, white (8 to12 cup), 50-count filters",
        "url": "https://www.walmart.com/ip/Melitta-basket-coffee-filters-white-8-to12-cup-50-count-filters/194478366",
        "price": "$5.75",
        "stars": "3.4",
        "ratings": "11 ",
        "img": "i5.walmartimages.com/asr/7088eb2e-ece9-4702-bf22-60cea1ae7916_1.2e0a2077ea9f6e3477168f769a5c60fb.jpeg?odnWidth=612&odnHeight=612&odnBg=ffffff",
        "tags": [
            [
                "Ground Coffee",
                "/browse/food/ground-coffee/976759_1086446_1229651"
            ],
            [
                "Bunn Coffee Filters",
                "/browse/food/bunn-coffee-filters/976759_1086446_1229655_1560712"
            ],
            [
                "Folgers Ground Coffee",
                "/browse/food/folgers-ground-coffee/976759_1086446_3100047_1674140"
            ],
            [
                "Cold Weather Beverages",
                "/browse/food/cold-weather-beverages/976759_1567409_6592518_4126576"
            ],
            [
                "Coffee & Coffee Pods",
                "/browse/food/coffee-coffee-pods/976759_1086446_7238690"
            ],
            [
                "All Folgers Coffee",
                "/browse/food/all-folgers-coffee/976759_1086446_3100047_8271556"
            ],
            [
                "Melitta Coffee Filters",
                "/browse/food/melitta-coffee-filters/976759_1086446_1229655_8379550"
            ],
            [
                "Reusable Coffee Filters",
                "/browse/food/reusable-coffee-filters/976759_1086446_1229655_9693544"
            ]
        ]
    }
]