[
    {
        "title": "Annie's Organic Cheddar Bunnies Snack Crackers, 11.25 oz",
        "url": "https://www.walmart.com/ip/Annie-s-Organic-Cheddar-Bunnies-Snack-Crackers-11-25-oz/168101282",
        "price": "$3.82",
        "stars": "4.8",
        "ratings": "29 ",
        "img": "i5.walmartimages.com/asr/6c4729cb-1db4-4ffe-ac2b-89e6279bf5ef.84dc79057f04d73ed9c8e9da391eba5f.jpeg?odnWidth=612&odnHeight=612&odnBg=ffffff",
        "tags": [
            [
                "Organic Foods",
                "/browse/food/organic-foods/976759_1228024_1228017"
            ],
            [
                "General Mills Box Tops Natural & Organic",
                "/browse/food/general-mills-box-tops-natural-organic/976759_2606229_2412525"
            ],
            [
                "All Fruit Snacks",
                "/browse/food/all-fruit-snacks/976759_976787_1001395_2676420"
            ],
            [
                "All Graham Crackers",
                "/browse/food/all-graham-crackers/976759_976787_1001392_3433128_4692935"
            ],
            [
                "Organic Fruit Snacks",
                "/browse/food/organic-fruit-snacks/976759_976787_1001395_7813769"
            ],
            [
                "On-the-go Crackers",
                "/browse/food/on-the-go-crackers/976759_976787_1001392_9056086"
            ],
            [
                "Top-selling Fruit Snacks",
                "/browse/food/top-selling-fruit-snacks/976759_976787_1001395_9645697"
            ]
        ]
    },
    {
        "title": "Mott's Cinnamon Applesauce, 4 oz cups, 18 count",
        "url": "https://www.walmart.com/ip/Mott-s-Cinnamon-Applesauce-4-oz-cups-18-count/40711132",
        "price": "$5.42",
        "stars": "4.8",
        "ratings": "444 ",
        "img": "i5.walmartimages.com/asr/b471d3b9-beab-4a8e-a2f3-93c3476c8463_1.d202b9a3de38cd7e30f2318b5544b5bf.jpeg?odnWidth=612&odnHeight=612&odnBg=ffffff",
        "tags": [
            [
                "Canned Fruit",
                "/browse/food/canned-fruit/976759_976794_976785_1001342"
            ],
            [
                "Applesauce",
                "/browse/food/applesauce/976759_976794_976785_1001388"
            ],
            [
                "All Canned Goods",
                "/browse/food/all-canned-goods/976759_976794_976785_3021174"
            ],
            [
                "Dole Fruit Cups",
                "/browse/food/dole-fruit-cups/976759_976794_976785_5006407"
            ],
            [
                "Mott's",
                "/browse/food/motts/976759_976782_1001321_6763498"
            ],
            [
                "Meals Restock",
                "/browse/food/meals-restock/976759_1567409_2168938_1811730_6806516"
            ],
            [
                "Applesauce pouches",
                "/browse/food/applesauce-pouches/976759_976794_976785_7645159"
            ]
        ]
    },
    {
        "title": "Keebler Fudge Sticks Original Cookies 8.5 oz tray",
        "url": "https://www.walmart.com/ip/Keebler-Fudge-Sticks-Original-Cookies-8-5-oz-tray/11045787",
        "price": "$2.38",
        "stars": "4.5",
        "ratings": "212 ",
        "img": "i5.walmartimages.com/asr/8039b076-f12c-4315-a8fb-a1bd8098e0e8.b13a5cde0c6ec60b136a55eaddb7893a.jpeg?odnWidth=612&odnHeight=612&odnBg=ffffff",
        "tags": [
            [
                "All Cookies",
                "/browse/food/all-cookies/976759_976787_1001391_1592885"
            ],
            [
                "Keebler Cookies",
                "/browse/food/keebler-cookies/976759_976787_1001391_3596825"
            ],
            [
                "Chocolate Cookies",
                "/browse/food/chocolate-cookies/976759_976787_1001391_4007138"
            ],
            [
                "All Pepperidge Farm Cookies",
                "/browse/food/all-pepperidge-farm-cookies/976759_976787_1001391_2410932_5022397"
            ],
            [
                "Keebler Make a Wish",
                "/browse/food/keebler-make-a-wish/976759_976787_1001392_6288413"
            ],
            [
                "Shop Kellogg's",
                "/browse/shop-kelloggs/976759_7786229"
            ],
            [
                "Summer Grilling Snacks",
                "/browse/food/summer-grilling-snacks/976759_1567409_8808777_8991223"
            ]
        ]
    },
    {
        "title": "CRUNCH 'N MUNCH Buttery Toffee Popcorn with Peanuts, 12 oz.",
        "url": "https://www.walmart.com/ip/CRUNCH-N-MUNCH-Buttery-Toffee-Popcorn-with-Peanuts-12-oz/49409666",
        "price": "$1.88",
        "stars": "4.6",
        "ratings": "171 ",
        "img": "i5.walmartimages.com/asr/eeefdb55-c986-4a86-ad71-4c56e16a2b2c.98f48455a7022df27fc85aa0b7505238.jpeg?odnWidth=612&odnHeight=612&odnBg=ffffff",
        "tags": [
            [
                "Shop All Cookies",
                "/browse/food/shop-all-cookies/976759_976787_1001391_2392263"
            ],
            [
                "All Popcorn",
                "/browse/food/all-popcorn/976759_976787_1001407_3516563"
            ],
            [
                "Movie Night Foods and Drinks",
                "/browse/food/movie-night-foods-drinks/976759_976787_4460428"
            ],
            [
                "Gluten Free Snacks",
                "/browse/food/gluten-free-snacks/976759_5148628_4583057_1250486_6502251"
            ],
            [
                "Caramel Corn",
                "/browse/food/caramel-corn/976759_976787_1001407_8452116"
            ],
            [
                "Shop All Plant Based Foods",
                "/browse/food/shop-all-plant-based-foods/976759_5148628_4583057_2468673_8701847"
            ],
            [
                "Summer Grilling Snacks",
                "/browse/food/summer-grilling-snacks/976759_1567409_8808777_8991223"
            ]
        ]
    },
    {
        "title": "Old Trapper Beef Jerky, Old Fashioned, 10oz",
        "url": "https://www.walmart.com/ip/Old-Trapper-Beef-Jerky-Old-Fashioned-10oz/46460951",
        "price": "$10.98",
        "stars": "4.7",
        "ratings": "206 ",
        "img": "",
        "tags": [
            [
                "All Beef Jerky",
                "/browse/food/all-beef-jerky/976759_976787_1001405_6440646_2548354"
            ],
            [
                "Meat Sticks",
                "/browse/food/meat-sticks/976759_976787_1001405_2758322"
            ],
            [
                "All Jerky",
                "/browse/food/all-jerky/976759_976787_1001405_2958487"
            ],
            [
                "Beef Sticks",
                "/browse/food/beef-sticks/976759_976787_1001405_7755930"
            ],
            [
                "Old Trapper Beef Jerky",
                "/browse/food/old-trapper-beef-jerky/976759_976787_1001405_6440646_7916219"
            ],
            [
                "Gaming Snacks & Drinks",
                "/browse/food/gaming-snacks-drinks/976759_1567409_8254504"
            ],
            [
                "Jack Link's",
                "/browse/food/jack-links/976759_976787_1001405_8395887"
            ]
        ]
    },
    {
        "title": "Lay's Cheddar & Sour Cream Flavored Potato Chips, Party Size, 12.5 oz Bag",
        "url": "https://www.walmart.com/ip/Lay-s-Cheddar-Sour-Cream-Flavored-Potato-Chips-Party-Size-12-5-oz-Bag/739535599",
        "price": "$3.48",
        "stars": "4.1",
        "ratings": "58 ",
        "img": "i5.walmartimages.com/asr/1d8a95f9-db3a-46f1-9ae2-5771aa9e944d_1.34aef47c7b3f13f0a6d8f43116c6782b.jpeg?odnWidth=612&odnHeight=612&odnBg=ffffff",
        "tags": [
            [
                "Salty Snacks Stock-Up",
                "/browse/food/salty-snacks-stock-up/976759_976787_1001390_6288637_2319411"
            ],
            [
                "All Chips",
                "/browse/food/all-chips/976759_976787_1001390_2774520"
            ],
            [
                "Party Snacks",
                "/browse/food/party-snacks/976759_976787_1001390_6288637_2941065"
            ],
            [
                "Movie Night Foods and Drinks",
                "/browse/food/movie-night-foods-drinks/976759_976787_4460428"
            ],
            [
                "All Potato Chips",
                "/browse/food/all-potato-chips/976759_976787_1001390_4402657_6099985"
            ],
            [
                "Gaming Snacks & Drinks",
                "/browse/food/gaming-snacks-drinks/976759_1567409_8254504"
            ],
            [
                "Summer Grilling Snacks",
                "/browse/food/summer-grilling-snacks/976759_1567409_8808777_8991223"
            ]
        ]
    },
    {
        "title": "Nutter Butter Peanut Butter Sandwich Cookies, 12 Packs (4 Cookies Per Pack)",
        "url": "https://www.walmart.com/ip/Nutter-Butter-Peanut-Butter-Sandwich-Cookies-12-Packs-4-Cookies-Per-Pack/10292129",
        "price": "$4.68",
        "stars": "4.8",
        "ratings": "577 ",
        "img": "i5.walmartimages.com/asr/08166b0e-c9ed-450a-85b0-f4004de01651.36a5bd19aff0b03750feadf08d8617b4.jpeg?odnWidth=612&odnHeight=612&odnBg=ffffff",
        "tags": [
            [
                "All Cookies",
                "/browse/food/all-cookies/976759_976787_1001391_1592885"
            ],
            [
                "Chocolate Cookies",
                "/browse/food/chocolate-cookies/976759_976787_1001391_4007138"
            ],
            [
                "Peanut Butter Cookies",
                "/browse/food/peanut-butter-cookies/976759_976787_1001391_6460174"
            ],
            [
                "Lunchbox Favorites",
                "/browse/food/lunchbox-favorites/976759_976787_7186343"
            ],
            [
                "Butter Cookies",
                "/browse/food/butter-cookies/976759_976787_1001391_7803640"
            ],
            [
                "Summer Grilling Snacks",
                "/browse/food/summer-grilling-snacks/976759_1567409_8808777_8991223"
            ],
            [
                "On-the-go Crackers",
                "/browse/food/on-the-go-crackers/976759_976787_1001392_9056086"
            ]
        ]
    },
    {
        "title": "Quaker Chewy Granola Bars, 3 Flavor Variety Pack (36 Pack)",
        "url": "https://www.walmart.com/ip/Quaker-Chewy-Granola-Bars-3-Flavor-Variety-Pack-36-Pack/580204443",
        "price": "$6.97",
        "stars": "4.5",
        "ratings": "920 ",
        "img": "i5.walmartimages.com/asr/cd295913-3e49-4b63-a4a5-ea3b65b19ed3_1.e5e1e697afdb5c0d37b650048d9c7a66.jpeg?odnWidth=612&odnHeight=612&odnBg=ffffff",
        "tags": [
            [
                "Cereal Bars & Breakfast Bars",
                "/browse/food/cereal-bars-breakfast-bars/976759_976783_1001332"
            ],
            [
                "On the Go Snacks",
                "/browse/food/on-the-go-snacks/976759_976787_3253105"
            ],
            [
                "Shop Nature Valley",
                "/browse/food/shop-nature-valley/976759_976787_1044154_4008994"
            ],
            [
                "Granola Bars",
                "/browse/food/granola-bars/976759_976787_1044154_5006109"
            ],
            [
                "Quaker Chewy Granola Bars",
                "/browse/food/quaker-chewy-granola-bars/976759_976787_1044154_6317826"
            ],
            [
                "Kid's Lunches",
                "/browse/food/kids-lunches/976759_1567409_7966149_7561098"
            ],
            [
                "Nature Valley Granola Bars & Snack Bars",
                "/browse/food/nature-valley-granola-bars-snack-bars/976759_976787_1044154_7928976"
            ]
        ]
    },
    {
        "title": "Jell-O Lime Instant Gelatin Mix, 3 oz Box",
        "url": "https://www.walmart.com/ip/Jell-O-Lime-Instant-Gelatin-Mix-3-oz-Box/13812774",
        "price": "$0.80",
        "stars": "4.8",
        "ratings": "45 ",
        "img": "i5.walmartimages.com/asr/720e9da7-363d-41de-9f58-5eebc71e4449.43cd4f9eed66075f1c1be8fbea7ae83e.jpeg?odnWidth=612&odnHeight=612&odnBg=ffffff",
        "tags": [
            [
                "Pudding & Gelatin",
                "/browse/food/pudding-gelatin/976759_976787_1001471"
            ],
            [
                "Valentine's Day Baking",
                "/browse/food/valentines-day-baking/976759_1567409_9457805_1303563"
            ],
            [
                "All Grab and Go Sandwiches, Salads and Snack Packs",
                "/browse/food/all-grab-go-sandwiches-salads-snack-packs/976759_1071964_976789_1291950_1584059"
            ],
            [
                "Sugar-Free Food Essentials",
                "/browse/food/sugar-free-food-essentials/976759_1567409_2168938_8870296_1639022"
            ],
            [
                "All Fresh Fruit",
                "/browse/food/all-fresh-fruit/976759_1071964_976793_9756351_1759962"
            ],
            [
                "Bananas",
                "/browse/food/bananas/976759_1071964_976793_9756351_2787146"
            ],
            [
                "Baking Ingredients",
                "/browse/food/baking-ingredients/976759_4143264_2535686_5948883_5994684"
            ],
            [
                "Easter Baking",
                "/browse/food/easter-baking/976759_1567409_2168938_2546479_6431277"
            ]
        ]
    },
    {
        "title": "Pepperidge Farm Goldfish Pizza Crackers, 6.6 oz. Bag",
        "url": "https://www.walmart.com/ip/Pepperidge-Farm-Goldfish-Pizza-Crackers-6-6-oz-Bag/10450478",
        "price": "$1.78",
        "stars": "4.5",
        "ratings": "14 ",
        "img": "",
        "tags": [
            [
                "All Fresh Fruit",
                "/browse/food/all-fresh-fruit/976759_1071964_976793_9756351_1759962"
            ],
            [
                "No Sugar Foods",
                "/browse/food/no-sugar-foods/976759_5004481_1858214"
            ],
            [
                "Gametime Snacks",
                "/browse/food/gametime-snacks/976759_1567409_3282877_2947703"
            ],
            [
                "Goldfish",
                "/browse/food/goldfish/976759_976787_1001392_5345496"
            ],
            [
                "All Gametime Food",
                "/browse/food/all-gametime-food/976759_1567409_3282877_6093905"
            ],
            [
                "All New Food",
                "/browse/food/all-new-food/976759_4143264_8102846"
            ],
            [
                "On-the-go Crackers",
                "/browse/food/on-the-go-crackers/976759_976787_1001392_9056086"
            ],
            [
                "Snack Crackers",
                "/browse/food/snack-crackers/976759_976787_1001392_9358664"
            ]
        ]
    }
]