[
    {
        "title": "(4 Pack) Skippy Creamy Peanut Butter, 16.3 oz",
        "url": "https://www.walmart.com/ip/4-Pack-Skippy-Creamy-Peanut-Butter-16-3-oz/713181488",
        "price": "$8.08",
        "stars": "4.8",
        "ratings": "2165 ",
        "img": "i5.walmartimages.com/asr/c0d43032-ddcb-4f34-9dfd-049b510d8639_1.6c5f3722be46279383d8e5ee02bdbb75.jpeg?odnWidth=612&odnHeight=612&odnBg=ffffff",
        "tags": [
            [
                "Skippy Peanut Butter",
                "/browse/food/skippy-peanut-butter/976759_976786_1018820_6347787_3102650"
            ],
            [
                "Natural Peanut Butter",
                "/browse/food/natural-peanut-butter/976759_976786_1018820_6347787_3424971"
            ],
            [
                "Peanut Butter and Jelly",
                "/browse/food/peanut-butter-jelly/976759_1567409_7966149_5050784"
            ],
            [
                "All Peanut Butter",
                "/browse/food/all-peanut-butter/976759_976786_1018820_6347787_6749456"
            ],
            [
                "Cream Cheese & Spreads",
                "/browse/food/cream-cheese-spreads/976759_1071964_976788_1001468_7506933"
            ],
            [
                "Jif",
                "/browse/food/jif/976759_976786_1018820_8941820"
            ],
            [
                "Creamy Peanut Butter",
                "/browse/food/creamy-peanut-butter/976759_976786_1018820_6347787_9717954"
            ]
        ]
    },
    {
        "title": "Great Value Organic Smoked Paprika, 1.6 oz",
        "url": "https://www.walmart.com/ip/Great-Value-Organic-Smoked-Paprika-1-6-oz/338634079",
        "price": "$3.97",
        "stars": "4.8",
        "ratings": "69 ",
        "img": "i5.walmartimages.com/asr/41bf5eed-78a4-4b10-9197-d7f8de504a9d_2.79165105b5166db50792e51c07030954.jpeg?odnWidth=612&odnHeight=612&odnBg=ffffff",
        "tags": [
            [
                "All Pepper & Peppercorns",
                "/browse/food/all-pepper-peppercorns/976759_976786_1007682_5307367_2161042"
            ],
            [
                "Organic Food Essentials",
                "/browse/food/organic-food-essentials/976759_1567409_2168938_8870296_3706415"
            ],
            [
                "All Mixed Spices & Seasonings",
                "/browse/food/all-mixed-spices-seasonings/976759_976786_1007682_4019297_4279992"
            ],
            [
                "Pepper",
                "/browse/food/pepper/976759_976786_1007682_5307367_6067079"
            ],
            [
                "All Single Herbs & Spices",
                "/browse/food/all-single-herbs-spices/976759_976786_1007682_2008977_6345512"
            ],
            [
                "Non GMO Food",
                "/browse/food/non-gmo-food/976759_5004481_8102928"
            ],
            [
                "All Salt, Spices & Seasoning",
                "/browse/food/all-salt-spices-seasoning/976759_976786_8191625"
            ]
        ]
    },
    {
        "title": "Kraft Classic Ranch Dressing, 16 fl oz Bottle",
        "url": "https://www.walmart.com/ip/Kraft-Classic-Ranch-Dressing-16-fl-oz-Bottle/10295684",
        "price": "$1.98",
        "stars": "4.3",
        "ratings": "1280 ",
        "img": "i5.walmartimages.com/asr/ec5406cb-559e-4942-a7c8-6a48a29c94d2.d81c1eff21db7b3ff81b5fa1c4a288ad.jpeg?odnWidth=612&odnHeight=612&odnBg=ffffff",
        "tags": [
            [
                "Condiments",
                "/browse/food/condiments/976759_976786_9696846_1001363"
            ],
            [
                "Ranch Dressing",
                "/browse/food/ranch-dressing/976759_976786_5730644_1345093"
            ],
            [
                "All Fresh Packaged Salads, Dressings and Dips",
                "/browse/food/all-fresh-packaged-salads-dressings-dips/976759_1071964_976793_9538337_3695434"
            ],
            [
                "Hidden Valley Ranch",
                "/browse/food/hidden-valley-ranch/976759_976786_5730644_3791260"
            ],
            [
                "Paleo Food Essentials",
                "/browse/food/paleo-food-essentials/976759_1567409_2168938_8870296_5023285"
            ],
            [
                "Summer Grilling Condiments",
                "/browse/food/summer-grilling-condiments/976759_1567409_8808777_7265121"
            ],
            [
                "Keto Food Essentials",
                "/browse/food/keto-food-essentials/976759_1567409_2168938_8870296_8175229"
            ],
            [
                "Gluten-Free Food Staples",
                "/browse/food/gluten-free-food-staples/976759_1567409_2168938_8870296_8339296"
            ]
        ]
    },
    {
        "title": "(2 Pack) Ortega\u00ae Original Medium Taco Sauce 16 oz. Glass Bottle",
        "url": "https://www.walmart.com/ip/2-Pack-Ortega-Original-Medium-Taco-Sauce-16-oz-Glass-Bottle/47243600",
        "price": "$4.96",
        "stars": "4.7",
        "ratings": "80 ",
        "img": "",
        "tags": [
            [
                "Condiments",
                "/browse/food/condiments/976759_976786_9696846_1001363"
            ],
            [
                "Taco Seasoning",
                "/browse/food/taco-seasoning/976759_976786_1007682_4019297_2407229"
            ],
            [
                "Game Time Condiments",
                "/browse/food/game-time-condiments/976759_1567409_3282877_2930489_4160797"
            ],
            [
                "All Mixed Spices & Seasonings",
                "/browse/food/all-mixed-spices-seasonings/976759_976786_1007682_4019297_4279992"
            ],
            [
                "All Hot Sauces",
                "/browse/food/all-hot-sauces/976759_976786_9696846_5998141_4394977"
            ],
            [
                "All Salt, Spices & Seasoning",
                "/browse/food/all-salt-spices-seasoning/976759_976786_8191625"
            ],
            [
                "General Mills Box Tops Meals",
                "/browse/food/general-mills-box-tops-meals/976759_2606229_8503205"
            ]
        ]
    },
    {
        "title": "Great Value Salt, 26 oz, 2 Count",
        "url": "https://www.walmart.com/ip/Great-Value-Salt-26-oz-2-Count/339412897",
        "price": "$3.48",
        "stars": "4.4",
        "ratings": "90 ",
        "img": "i5.walmartimages.com/asr/b67d4a75-3feb-4dde-9087-59f2f516944a.f1f50c522e0a37ae9db5fcf7462e9aa5.jpeg?odnWidth=612&odnHeight=612&odnBg=ffffff",
        "tags": [
            [
                "Gluten-Free Foods",
                "/browse/food/gluten-free-foods/976759_1228023_1228016"
            ],
            [
                "Baking Restock",
                "/browse/food/baking-restock/976759_1567409_2168938_1811730_4237636"
            ],
            [
                "Gluten Free Foods",
                "/browse/food/gluten-free-foods/976759_5004481_5546296"
            ],
            [
                "Pepper",
                "/browse/food/pepper/976759_976786_1007682_5307367_6067079"
            ],
            [
                "Vegan Foods",
                "/browse/food/vegan-foods/976759_5004481_6794259"
            ],
            [
                "All Salt, Spices & Seasoning",
                "/browse/food/all-salt-spices-seasoning/976759_976786_8191625"
            ],
            [
                "Sea Salt",
                "/browse/food/sea-salt/976759_976786_1007682_7559954_8336453"
            ],
            [
                "Iodized Salt",
                "/browse/food/iodized-salt/976759_976786_1007682_7559954_9396093"
            ]
        ]
    },
    {
        "title": "(6 Pack) Great Value Fajita Seasoning Mix, 1.25 oz",
        "url": "https://www.walmart.com/ip/6-Pack-Great-Value-Fajita-Seasoning-Mix-1-25-oz/604581746",
        "price": "$3.33",
        "stars": "4.2",
        "ratings": "19 ",
        "img": "i5.walmartimages.com/asr/d904c66d-1ea6-41ba-9523-c3413ab201aa_2.234ad81d345752bfb548bd0e2dc61959.jpeg?odnWidth=612&odnHeight=612&odnBg=ffffff",
        "tags": [
            [
                "Condiments",
                "/browse/food/condiments/976759_976786_9696846_1001363"
            ],
            [
                "Taco Seasoning",
                "/browse/food/taco-seasoning/976759_976786_1007682_4019297_2407229"
            ],
            [
                "Chicken Seasoning",
                "/browse/food/chicken-seasoning/976759_976786_1007682_4019297_2775886"
            ],
            [
                "Game Time Condiments",
                "/browse/food/game-time-condiments/976759_1567409_3282877_2930489_4160797"
            ],
            [
                "All Mixed Spices & Seasonings",
                "/browse/food/all-mixed-spices-seasonings/976759_976786_1007682_4019297_4279992"
            ],
            [
                "Snacks",
                "/browse/food/snacks/976759_5148628_1228025_1228103_4586063"
            ],
            [
                "All Gametime Food",
                "/browse/food/all-gametime-food/976759_1567409_3282877_6093905"
            ],
            [
                "All Salt, Spices & Seasoning",
                "/browse/food/all-salt-spices-seasoning/976759_976786_8191625"
            ]
        ]
    },
    {
        "title": "(2 Pack) Olive Garden\u0084 Light Italian Dressing 16 FL Oz Plastic Bottle",
        "url": "https://www.walmart.com/ip/2-Pack-Olive-Garden-Light-Italian-Dressing-16-FL-Oz-Plastic-Bottle/397257674",
        "price": "$6.84",
        "stars": "4.8",
        "ratings": "57 ",
        "img": "i5.walmartimages.com/asr/cc59fc71-f6c0-4a42-a1db-94cb2743e596_1.1f4736f554289c4edd75f3c353bd1de3.jpeg?odnWidth=612&odnHeight=612&odnBg=ffffff",
        "tags": [
            [
                "Ranch Dressing",
                "/browse/food/ranch-dressing/976759_976786_5730644_1345093"
            ],
            [
                "Thousand Island Dressing",
                "/browse/food/thousand-island-dressing/976759_976786_5730644_2227127"
            ],
            [
                "Italian Dressing",
                "/browse/food/italian-dressing/976759_976786_5730644_3178690"
            ],
            [
                "All Fresh Packaged Salads, Dressings and Dips",
                "/browse/food/all-fresh-packaged-salads-dressings-dips/976759_1071964_976793_9538337_3695434"
            ],
            [
                "Caesar Dressing",
                "/browse/food/caesar-dressing/976759_976786_5730644_3729388"
            ],
            [
                "Specialty Dressing",
                "/browse/food/specialty-dressing/976759_976786_5730644_4547303"
            ],
            [
                "Shop All Salad Toppings",
                "/browse/food/shop-all-salad-toppings/976759_976786_1745800_6041880"
            ],
            [
                "Dressings & Marinades",
                "/browse/food/dressings-marinades/976759_976786_9696846_3225715_9994967"
            ]
        ]
    },
    {
        "title": "(6 Pack) Mizkan Nakano Rice Vinegar Natural, 12.0 FL OZ",
        "url": "https://www.walmart.com/ip/6-Pack-Mizkan-Nakano-Rice-Vinegar-Natural-12-0-FL-OZ/315842662",
        "price": "$11.98",
        "stars": "4.8",
        "ratings": "54 ",
        "img": "",
        "tags": [
            [
                "Vinegar",
                "/browse/food/vinegar/976759_976786_1001366"
            ],
            [
                "Sauces",
                "/browse/food/sauces/976759_976786_1076366"
            ],
            [
                "Rice Vinegar",
                "/browse/food/rice-vinegar/976759_976786_3896160_2090340"
            ],
            [
                "Shop All Vinegar",
                "/browse/food/shop-all-vinegar/976759_976786_3896160_2520364"
            ],
            [
                "All Pantry Clearance and Deals",
                "/browse/food/all-pantry-clearance-deals/976759_1567409_2168938_3231932_2780184"
            ],
            [
                "Balsamic Vinegar",
                "/browse/food/balsamic-vinegar/976759_976786_3896160_3966324"
            ],
            [
                "Low Calorie Foods",
                "/browse/food/low-calorie-foods/976759_5004481_6036545"
            ],
            [
                "Plant Based Baking Needs",
                "/browse/food/plant-based-baking-needs/976759_5148628_4583057_2468673_6805759"
            ]
        ]
    },
    {
        "title": "(4 Pack) McCormick Mushroom Gravy Mix, 0.75 oz",
        "url": "https://www.walmart.com/ip/4-Pack-McCormick-Mushroom-Gravy-Mix-0-75-oz/47229076",
        "price": "$8.27",
        "stars": "4.2",
        "ratings": "34 ",
        "img": "i5.walmartimages.com/asr/09e740af-ed89-4238-a7ea-c3415c7a81ea_1.00219050bcd635287e4674911f3f8556.jpeg?odnWidth=612&odnHeight=612&odnBg=ffffff",
        "tags": [
            [
                "Boxed Meals",
                "/browse/food/boxed-meals/976759_976794_6223225_1001477"
            ],
            [
                "Soup Mixes",
                "/browse/food/soup-mixes/976759_976794_3901881_1525502"
            ],
            [
                "Brown Gravy",
                "/browse/food/brown-gravy/976759_976786_1526042_2250794"
            ],
            [
                "Chicken Gravy",
                "/browse/food/chicken-gravy/976759_976786_1526042_3367971"
            ],
            [
                "All Mixed Spices & Seasonings",
                "/browse/food/all-mixed-spices-seasonings/976759_976786_1007682_4019297_4279992"
            ],
            [
                "Chilled Dips",
                "/browse/food/chilled-dips/976759_1071964_976788_7062976"
            ],
            [
                "All Gravies",
                "/browse/food/all-gravies/976759_976786_1526042_7441926"
            ],
            [
                "All Salt, Spices & Seasoning",
                "/browse/food/all-salt-spices-seasoning/976759_976786_8191625"
            ]
        ]
    },
    {
        "title": "(3 Pack) Ken's Steak House Dressing Thousand Island, 16.0 Fl Oz",
        "url": "https://www.walmart.com/ip/3-Pack-Ken-s-Steak-House-Dressing-Thousand-Island-16-0-Fl-Oz/47230462",
        "price": "$7.09",
        "stars": "4.6",
        "ratings": "52 ",
        "img": "i5.walmartimages.com/asr/c963f559-093b-4705-be88-0acba9245b06_1.853fb3e742f8ed0596299ff5842d4dae.jpeg?odnWidth=612&odnHeight=612&odnBg=ffffff",
        "tags": [
            [
                "Condiments",
                "/browse/food/condiments/976759_976786_9696846_1001363"
            ],
            [
                "Shop All Salad Dressings",
                "/browse/food/shop-all-salad-dressings/976759_976786_5730644_1001365"
            ],
            [
                "Ranch Dressing",
                "/browse/food/ranch-dressing/976759_976786_5730644_1345093"
            ],
            [
                "All Fresh Packaged Salads, Dressings and Dips",
                "/browse/food/all-fresh-packaged-salads-dressings-dips/976759_1071964_976793_9538337_3695434"
            ],
            [
                "Caesar Dressing",
                "/browse/food/caesar-dressing/976759_976786_5730644_3729388"
            ],
            [
                "Hidden Valley Ranch",
                "/browse/food/hidden-valley-ranch/976759_976786_5730644_3791260"
            ],
            [
                "French Dressing",
                "/browse/food/french-dressing/976759_976786_5730644_9235971"
            ],
            [
                "Dressings & Marinades",
                "/browse/food/dressings-marinades/976759_976786_9696846_3225715_9994967"
            ]
        ]
    }
]