[
    {
        "title": "Pillsbury Sugar Free Chocolate Fudge Frosting 16 oz",
        "url": "https://www.walmart.com/ip/Pillsbury-Sugar-Free-Chocolate-Fudge-Frosting-16-oz/995637695",
        "price": "$2.24",
        "stars": 0,
        "ratings": 0,
        "img": "",
        "tags": [
            [
                "Valentine's Day Baking",
                "/browse/food/valentines-day-baking/976759_1567409_9457805_1303563"
            ],
            [
                "Sugar-Free Food Essentials",
                "/browse/food/sugar-free-food-essentials/976759_1567409_2168938_8870296_1639022"
            ],
            [
                "Sugar-Free Snacks",
                "/browse/food/sugar-free-snacks/976759_976787_3455839"
            ],
            [
                "Game Time Baking",
                "/browse/food/game-time-baking/976759_1567409_3282877_2930489_4135213"
            ],
            [
                "Birthday Cake Mix",
                "/browse/food/birthday-cake-mix/976759_976780_1001368_8292847_4578163"
            ]
        ]
    },
    {
        "title": "(2 Pack) Great Value Organic Herbs De Provence, 0.6 oz",
        "url": "https://www.walmart.com/ip/2-Pack-Great-Value-Organic-Herbs-De-Provence-0-6-oz/805374533",
        "price": "$7.94",
        "stars": "4.9",
        "ratings": "10 ",
        "img": "i5.walmartimages.com/asr/3da4494a-a03d-4275-b135-56d7858ef772_1.6698d5bd57d62e68e9430140ede5bedb.jpeg?odnWidth=612&odnHeight=612&odnBg=ffffff",
        "tags": [
            [
                "All Pepper & Peppercorns",
                "/browse/food/all-pepper-peppercorns/976759_976786_1007682_5307367_2161042"
            ],
            [
                "Organic Food Essentials",
                "/browse/food/organic-food-essentials/976759_1567409_2168938_8870296_3706415"
            ],
            [
                "All Mixed Spices & Seasonings",
                "/browse/food/all-mixed-spices-seasonings/976759_976786_1007682_4019297_4279992"
            ],
            [
                "Pepper",
                "/browse/food/pepper/976759_976786_1007682_5307367_6067079"
            ],
            [
                "All Single Herbs & Spices",
                "/browse/food/all-single-herbs-spices/976759_976786_1007682_2008977_6345512"
            ],
            [
                "All Salt, Spices & Seasoning",
                "/browse/food/all-salt-spices-seasoning/976759_976786_8191625"
            ],
            [
                "Garlic Salt",
                "/browse/food/garlic-salt/976759_976786_1007682_4019297_8437998"
            ]
        ]
    },
    {
        "title": "(3 Pack) Jell-O Island Pineapple Gelatin Mix, 3 oz Box",
        "url": "https://www.walmart.com/ip/3-Pack-Jell-O-Island-Pineapple-Gelatin-Mix-3-oz-Box/441567767",
        "price": "$1.94",
        "stars": "4.7",
        "ratings": "145 ",
        "img": "i5.walmartimages.com/asr/9d8e4ce1-1758-4683-9627-a51d6f0a9409_4.60dd76c243d7501a5b92c7fe4405098c.jpeg?odnWidth=612&odnHeight=612&odnBg=ffffff",
        "tags": [
            [
                "Pie Fillings",
                "/browse/food/pie-fillings/976759_976780_2881195_1044161"
            ],
            [
                "Valentine's Day Baking",
                "/browse/food/valentines-day-baking/976759_1567409_9457805_1303563"
            ],
            [
                "Sugar-Free Food Essentials",
                "/browse/food/sugar-free-food-essentials/976759_1567409_2168938_8870296_1639022"
            ],
            [
                "Sugar Free Food",
                "/browse/food/sugar-free-food/976759_1567409_3170630_2147513"
            ],
            [
                "All Baking Mixes",
                "/browse/food/all-baking-mixes/976759_976780_1001368_2594651"
            ],
            [
                "Chilled Gelatins",
                "/browse/food/chilled-gelatins/976759_1071964_976788_3733198_4921976"
            ],
            [
                "Baking Ingredients",
                "/browse/food/baking-ingredients/976759_4143264_2535686_5948883_5994684"
            ],
            [
                "Easter Baking",
                "/browse/food/easter-baking/976759_1567409_2168938_2546479_6431277"
            ]
        ]
    },
    {
        "title": "SNACK PACK Fanta Orange Juicy Gels Cups, 3.25 oz. Cups 6-Count",
        "url": "https://www.walmart.com/ip/SNACK-PACK-Fanta-Orange-Juicy-Gels-Cups-3-25-oz-Cups-6-Count/487786669",
        "price": "$2.48",
        "stars": "4.6",
        "ratings": "26 ",
        "img": "i5.walmartimages.com/asr/d247e3e0-b83f-42d8-ab68-9b4c0099feb7_1.6ac5c44e8984644d34edb17dfc522b2e.jpeg?odnWidth=612&odnHeight=612&odnBg=ffffff",
        "tags": [
            [
                "Canned Fruit",
                "/browse/food/canned-fruit/976759_976794_976785_1001342"
            ],
            [
                "Applesauce",
                "/browse/food/applesauce/976759_976794_976785_1001388"
            ],
            [
                "Pudding & Gelatin",
                "/browse/food/pudding-gelatin/976759_976787_1001471"
            ],
            [
                "Fruit Cups & Fruit Sauces",
                "/browse/food/fruit-cups-fruit-sauces/976759_976787_1044133"
            ],
            [
                "Chilled Puddings",
                "/browse/food/chilled-puddings/976759_1071964_976788_3733198_1314363"
            ],
            [
                "All Grab and Go Sandwiches, Salads and Snack Packs",
                "/browse/food/all-grab-go-sandwiches-salads-snack-packs/976759_1071964_976789_1291950_1584059"
            ],
            [
                "Chilled Gelatins",
                "/browse/food/chilled-gelatins/976759_1071964_976788_3733198_4921976"
            ],
            [
                "Dole Fruit Cups",
                "/browse/food/dole-fruit-cups/976759_976794_976785_5006407"
            ]
        ]
    },
    {
        "title": "Crisco Pure Canola Oil, 1-Gallon",
        "url": "https://www.walmart.com/ip/Crisco-Pure-Canola-Oil-1-Gallon/10308161",
        "price": "$7.88",
        "stars": "4.8",
        "ratings": "29 ",
        "img": "i5.walmartimages.com/asr/a0c6c9cf-21de-4f61-bec6-e574ef4f6cf7.9f8cfcddbc612630457d753d0bc11571.jpeg?odnWidth=612&odnHeight=612&odnBg=ffffff",
        "tags": [
            [
                "Gluten-Free Foods",
                "/browse/food/gluten-free-foods/976759_1228023_1228016"
            ],
            [
                "Cooking Oils",
                "/browse/food/cooking-oils/976759_976786_4711712_1314508"
            ],
            [
                "Olive Oils",
                "/browse/food/olive-oils/976759_976786_2569148"
            ],
            [
                "Condiments Restock",
                "/browse/food/condiments-restock/976759_1567409_2168938_1811730_3522188"
            ],
            [
                "Easter Condiments & Sauces",
                "/browse/food/easter-condiments-sauces/976759_1567409_2168938_2546479_3724534"
            ],
            [
                "Vegan Foods",
                "/browse/food/vegan-foods/976759_5004481_6794259"
            ],
            [
                "Non GMO Food",
                "/browse/food/non-gmo-food/976759_5004481_8102928"
            ],
            [
                "Kosher Foods",
                "/browse/kosher-foods/976759_8925069"
            ]
        ]
    },
    {
        "title": "Great Value Fall Cranberry Orange Muffin & Quick Bread Mix, 15 oz",
        "url": "https://www.walmart.com/ip/Great-Value-Fall-Cranberry-Orange-Muffin-Quick-Bread-Mix-15-oz/171886454",
        "price": "$1.98",
        "stars": "4.7",
        "ratings": "9 ",
        "img": "i5.walmartimages.com/asr/0b0be524-3c2e-4f8e-ac7f-06573d97b5dd.a0d146fa432d0fdc86fa3514165329b8.jpeg?odnWidth=612&odnHeight=612&odnBg=ffffff",
        "tags": [
            [
                "Muffin Mixes",
                "/browse/food/muffin-mixes/976759_976780_1001368_1831831"
            ],
            [
                "All Baking Mixes",
                "/browse/food/all-baking-mixes/976759_976780_1001368_2594651"
            ],
            [
                "Easter Meal",
                "/browse/food/easter-meal/976759_1567409_7567150_3664825"
            ],
            [
                "Dessert Mixes",
                "/browse/food/dessert-mixes/976759_4143264_2535686_5948883_4408557"
            ],
            [
                "Easter Brunch",
                "/browse/food/easter-brunch/976759_1567409_7567150_6140212"
            ],
            [
                "Easter Baking",
                "/browse/food/easter-baking/976759_1567409_2168938_2546479_6431277"
            ]
        ]
    },
    {
        "title": "(3 Pack) Keebler Ready Crust 9 Inch Reduced Fat Graham Pie Crust 6 Oz",
        "url": "https://www.walmart.com/ip/3-Pack-Keebler-Ready-Crust-9-Inch-Reduced-Fat-Graham-Pie-Crust-6-Oz/406730734",
        "price": "$5.95",
        "stars": "3.9",
        "ratings": "12 ",
        "img": "i5.walmartimages.com/asr/20ef8aca-277a-462e-974c-ef600a095a39_1.cf676cf2daea44c8f861a62eea20b0a4.jpeg?odnWidth=612&odnHeight=612&odnBg=ffffff",
        "tags": [
            [
                "Back to College Stock Up",
                "/browse/seasonal/back-to-college-stock-up/1085632_9267270_4435758"
            ],
            [
                "Stock up on Cleaning Supplies",
                "/browse/seasonal/stock-up-cleaning-supplies/1085632_9267270_6133729_6220803"
            ],
            [
                "Teenage Mutant Ninja Turtles Men's Clothing",
                "/browse/seasonal/teenage-mutant-ninja-turtles-mens-clothing/1085632_1225660_1225691_7273068"
            ],
            [
                "Stock up on Baking Supplies",
                "/browse/seasonal/stock-up-baking-supplies/1085632_9267270_5049823_7741187"
            ],
            [
                "Stock up on Oral Care",
                "/browse/seasonal/stock-up-oral-care/1085632_9267270_7332448_8262175"
            ],
            [
                "Stock up on Laundry Room Supplies",
                "/browse/seasonal/stock-up-laundry-room-supplies/1085632_9267270_6133729_9058184"
            ]
        ]
    },
    {
        "title": "Wilton Sprinkles Unicorn Mix, 2.12 oz.",
        "url": "https://www.walmart.com/ip/Wilton-Sprinkles-Unicorn-Mix-2-12-oz/354673769",
        "price": "$1.83",
        "stars": "4.7",
        "ratings": "22 ",
        "img": "i5.walmartimages.com/asr/33dab024-eaf0-48b4-9a45-9c0dac2eb3a9_1.e0540f1535d867976d564bc76657c41c.jpeg?odnWidth=612&odnHeight=612&odnBg=ffffff",
        "tags": [
            [
                "Wilton Cake Decorating",
                "/browse/party-occasions/wilton-cake-decorating/2637_1104398_1653500"
            ],
            [
                "Rainbow Decorative Baking",
                "/browse/party-occasions/rainbow-decorative-baking/2637_1042319_1895000_2087179_1785101"
            ],
            [
                "Wilton Icing and Decorations",
                "/browse/party-occasions/wilton-icing-decorations/2637_9489599_2275107"
            ],
            [
                "Easter Decorative Edibles",
                "/browse/party-occasions/easter-decorative-edibles/2637_4457853_8138074_3414067"
            ],
            [
                "Valentine's Day Treat Decorating",
                "/browse/party-occasions/valentines-day-treat-decorating/2637_7939259_4294591_5192431"
            ],
            [
                "Basketball Treat Decorating",
                "/browse/party-occasions/basketball-treat-decorating/2637_4165966_7897700"
            ],
            [
                "Icing Decorations",
                "/browse/party-occasions/icing-decorations/2637_1104398_5987282_8063682"
            ],
            [
                "Wilton Decorating Tools",
                "/browse/party-occasions/wilton-decorating-tools/2637_9489599_8161231"
            ]
        ]
    },
    {
        "title": "Krusteaz\u00c2\u00ae Gluten Free Yellow Cake Mix 18 oz. Box",
        "url": "https://www.walmart.com/ip/Krusteaz-Gluten-Free-Yellow-Cake-Mix-18-oz-Box/177598565",
        "price": "$3.84",
        "stars": "4.3",
        "ratings": "19 ",
        "img": "i5.walmartimages.com/asr/9b7738ca-d478-4ebd-9c17-18639aec6b9e.1a7d00b9e5da0273d42f21bf544f745f.jpeg?odnWidth=612&odnHeight=612&odnBg=ffffff",
        "tags": [
            [
                "Valentine's Day Baking",
                "/browse/food/valentines-day-baking/976759_1567409_9457805_1303563"
            ],
            [
                "Chocolate Cake Mix",
                "/browse/food/chocolate-cake-mix/976759_976780_1001368_8292847_1704091"
            ],
            [
                "All Baking Mixes",
                "/browse/food/all-baking-mixes/976759_976780_1001368_2594651"
            ],
            [
                "Dessert Mixes",
                "/browse/food/dessert-mixes/976759_4143264_2535686_5948883_4408557"
            ],
            [
                "Gluten-Free Food Staples",
                "/browse/food/gluten-free-food-staples/976759_1567409_2168938_8870296_8339296"
            ],
            [
                "All Cake Mixes",
                "/browse/food/all-cake-mixes/976759_976780_1001368_8292847_8973498"
            ],
            [
                "Gluten Free Food",
                "/browse/food/gluten-free-food/976759_1567409_3170630_9019700"
            ],
            [
                "Gluten Free Baking & Cooking Needs",
                "/browse/food/gluten-free-baking-cooking-needs/976759_5148628_4583057_1250486_9085120"
            ]
        ]
    },
    {
        "title": "Easy-Bake Super Refill Pack, 3 Types of Mixes (10 Total, 9.5 Oz)",
        "url": "https://www.walmart.com/ip/Easy-Bake-Super-Refill-Pack-3-Types-of-Mixes-10-Total-9-5-Oz/797786866",
        "price": "$39.29",
        "stars": "4.1",
        "ratings": "52 ",
        "img": "i5.walmartimages.com/asr/9af16c57-348c-4d5e-9765-1e687525f6cc_1.27eedd09bf4d42be67c9be86f4f2e5e8.jpeg?odnWidth=612&odnHeight=612&odnBg=ffffff",
        "tags": [
            [
                "Father's Day Electronics",
                "/browse/seasonal/fathers-day-electronics/1085632_1094344_2365074"
            ],
            [
                "Connected Dorm Room",
                "/browse/seasonal/connected-dorm-room/1085632_8174172_6292484_2548864"
            ],
            [
                "Shop All Glass",
                "/browse/seasonal/shop-all-glass/1085632_1071204_4976191"
            ],
            [
                "Mother's Day Electronics Gifts",
                "/browse/seasonal/mothers-day-electronics-gifts/1085632_1093554_5742102"
            ],
            [
                "Audio",
                "/browse/seasonal/audio/1085632_8174172_6292484_5759323"
            ],
            [
                "Tax Free Shop All",
                "/browse/tax-free-shop-all/1085632_6767877"
            ],
            [
                "Electronics Gifts for Grads",
                "/browse/seasonal/electronics-gifts-for-grads/1085632_1105121_7594959"
            ],
            [
                "Back to School Home Audio Visual",
                "/browse/seasonal/back-to-school-home-audio-visual/1085632_1071204_7767149_8665149"
            ]
        ]
    }
]