[
    {
        "title": "Pompeian Robust Extra Virgin Olive Oil - 32 fl oz",
        "url": "https://www.walmart.com/ip/Pompeian-Robust-Extra-Virgin-Olive-Oil-32-fl-oz/10320858",
        "price": "$8.98",
        "stars": "4.8",
        "ratings": "93 ",
        "img": "i5.walmartimages.com/asr/8a8011e0-a4c2-4af2-822e-a5d505eb7183_2.c8210ee8726433d626164236c7d6b6a7.jpeg?odnWidth=612&odnHeight=612&odnBg=ffffff",
        "tags": [
            [
                "Oil & Shortening",
                "/browse/food/oil-shortening/976759_976786_1044152"
            ],
            [
                "Condiments Restock",
                "/browse/food/condiments-restock/976759_1567409_2168938_1811730_3522188"
            ],
            [
                "Organic Food Essentials",
                "/browse/food/organic-food-essentials/976759_1567409_2168938_8870296_3706415"
            ],
            [
                "Cooking & Baking Oils",
                "/browse/food/cooking-baking-oils/976759_4143264_2535686_5948883_4056935"
            ],
            [
                "All Healthy Essentials",
                "/browse/food/all-healthy-essentials/976759_1567409_2168938_8870296_5484923"
            ],
            [
                "Oils & Vinegar",
                "/browse/food/oils-vinegar/976759_4143264_2535686_3978835_6648399"
            ],
            [
                "Keto Food Essentials",
                "/browse/food/keto-food-essentials/976759_1567409_2168938_8870296_8175229"
            ],
            [
                "Kosher Foods",
                "/browse/kosher-foods/976759_8925069"
            ]
        ]
    },
    {
        "title": "(2 Pack) Morton Season-All Seasoned Salt, 16 Oz",
        "url": "https://www.walmart.com/ip/2-Pack-Morton-Season-All-Seasoned-Salt-16-Oz/47226897",
        "price": "$4.96",
        "stars": "4.9",
        "ratings": "67 ",
        "img": "i5.walmartimages.com/asr/46a4e05c-4b00-4b8d-851f-5b6c489c05ce_2.0e41c87b7366e49ef0a19f4f8f89b5bf.png?odnWidth=612&odnHeight=612&odnBg=ffffff",
        "tags": [
            [
                "All Pepper & Peppercorns",
                "/browse/food/all-pepper-peppercorns/976759_976786_1007682_5307367_2161042"
            ],
            [
                "Baking Restock",
                "/browse/food/baking-restock/976759_1567409_2168938_1811730_4237636"
            ],
            [
                "All Mixed Spices & Seasonings",
                "/browse/food/all-mixed-spices-seasonings/976759_976786_1007682_4019297_4279992"
            ],
            [
                "All Salts & Salt Substitutes",
                "/browse/food/all-salts-salt-substitutes/976759_976786_1007682_7559954_4427396"
            ],
            [
                "All Single Herbs & Spices",
                "/browse/food/all-single-herbs-spices/976759_976786_1007682_2008977_6345512"
            ],
            [
                "Vegan Foods",
                "/browse/food/vegan-foods/976759_5004481_6794259"
            ],
            [
                "All Salt, Spices & Seasoning",
                "/browse/food/all-salt-spices-seasoning/976759_976786_8191625"
            ],
            [
                "Garlic Salt",
                "/browse/food/garlic-salt/976759_976786_1007682_4019297_8437998"
            ]
        ]
    },
    {
        "title": "(3 Pack) Betty Crocker Bisquick Cheese Garlic Complete Biscuit Mix, 7.75 oz",
        "url": "https://www.walmart.com/ip/3-Pack-Betty-Crocker-Bisquick-Cheese-Garlic-Complete-Biscuit-Mix-7-75-oz/840205256",
        "price": "$5.64",
        "stars": "4.6",
        "ratings": "83 ",
        "img": "i5.walmartimages.com/asr/af14bffc-dcb4-41de-b071-0aa42a12f9c8_1.6602e2147a6ce465dc41507b28a9dcbc.jpeg?odnWidth=612&odnHeight=612&odnBg=ffffff",
        "tags": []
    },
    {
        "title": "(2 pack) Rumford Premium Aluminum-Free Baking Powder, 8.1 oz",
        "url": "https://www.walmart.com/ip/2-pack-Rumford-Premium-Aluminum-Free-Baking-Powder-8-1-oz/795681041",
        "price": "$4.98",
        "stars": "4.5",
        "ratings": "113 ",
        "img": "i5.walmartimages.com/asr/f8fb56c2-bc30-4ef4-a0e9-88f818f101ca_1.fec3b4a8d9cc07d8ea72d63fe1f93f4e.jpeg?odnWidth=612&odnHeight=612&odnBg=ffffff",
        "tags": [
            [
                "Yeast",
                "/browse/food/yeast/976759_976780_2881195_1044105"
            ],
            [
                "All Baking Soda",
                "/browse/food/all-baking-soda/976759_976780_2881195_3300556_1457985"
            ],
            [
                "Baking Restock",
                "/browse/food/baking-restock/976759_1567409_2168938_1811730_4237636"
            ],
            [
                "Low Sodium Foods",
                "/browse/food/low-sodium-foods/976759_5004481_6733659"
            ],
            [
                "Ingredient Powders & Starches",
                "/browse/food/ingredient-powders-starches/976759_976780_2881195_7138285_8280418"
            ],
            [
                "Gluten Free Baking & Cooking Needs",
                "/browse/food/gluten-free-baking-cooking-needs/976759_5148628_4583057_1250486_9085120"
            ],
            [
                "All Flours & Meals",
                "/browse/food/all-flours-meals/976759_976780_1044119_9633020"
            ]
        ]
    },
    {
        "title": "NIDO Fortificada Dry Milk Powder",
        "url": "https://www.walmart.com/ip/NIDO-Fortificada-Dry-Milk-Powder/14869811",
        "price": "$15.64",
        "stars": "4.8",
        "ratings": "807 ",
        "img": "i5.walmartimages.com/asr/1dab3639-1bc5-4928-9bcc-e850a38661de.02f4619a19e8b2c85e8b59531553b4ff.jpeg?odnWidth=612&odnHeight=612&odnBg=ffffff",
        "tags": [
            [
                "Dried Fruits",
                "/browse/food/dried-fruits/976759_976787_4962467_1044135"
            ],
            [
                "Dried Cranberries",
                "/browse/food/dried-cranberries/976759_976787_4962467_2356650_1816730"
            ],
            [
                "Whole Milk",
                "/browse/food/whole-milk/976759_1071964_976788_1001466_5458239_4136330"
            ],
            [
                "Baking Restock",
                "/browse/food/baking-restock/976759_1567409_2168938_1811730_4237636"
            ],
            [
                "Snacks",
                "/browse/food/snacks/976759_5148628_1228025_1228103_4586063"
            ],
            [
                "Powdered Milk",
                "/browse/food/powdered-milk/976759_976780_2881195_4261054_5833312"
            ],
            [
                "All Fruit Types",
                "/browse/food/all-fruit-types/976759_976787_4962467_2356650_6330824"
            ]
        ]
    },
    {
        "title": "Kernel Season's Ranch Popcorn Seasoning, 2.7 Oz.",
        "url": "https://www.walmart.com/ip/Kernel-Season-s-Ranch-Popcorn-Seasoning-2-7-Oz/10532868",
        "price": "$1.98",
        "stars": "4.9",
        "ratings": "35 ",
        "img": "i5.walmartimages.com/asr/4a0f1c93-de87-4b39-a761-480c1b06c49b_2.f41833b0ae02b4372800e469a56cd212.png?odnWidth=612&odnHeight=612&odnBg=ffffff",
        "tags": [
            [
                "All Popcorn",
                "/browse/food/all-popcorn/976759_976787_1001407_3516563"
            ],
            [
                "All Mixed Spices & Seasonings",
                "/browse/food/all-mixed-spices-seasonings/976759_976786_1007682_4019297_4279992"
            ],
            [
                "Movie Night Foods and Drinks",
                "/browse/food/movie-night-foods-drinks/976759_976787_4460428"
            ],
            [
                "Herbs, Spices & Seasonings",
                "/browse/food/herbs-spices-seasonings/976759_4143264_2535686_3978835_6345282"
            ],
            [
                "Popcorn Bags",
                "/browse/food/popcorn-bags/976759_976787_1001407_6926277"
            ],
            [
                "All Salt, Spices & Seasoning",
                "/browse/food/all-salt-spices-seasoning/976759_976786_8191625"
            ],
            [
                "Summer Grilling Snacks",
                "/browse/food/summer-grilling-snacks/976759_1567409_8808777_8991223"
            ]
        ]
    },
    {
        "title": "(2 Pack) McCormick Italian Herb Seasoning Grinder, 0.77 oz",
        "url": "https://www.walmart.com/ip/2-Pack-McCormick-Italian-Herb-Seasoning-Grinder-0-77-oz/47229045",
        "price": "$3.92",
        "stars": "4.6",
        "ratings": "50 ",
        "img": "i5.walmartimages.com/asr/b472e4c5-3a40-4300-a692-8c3ac6ad31d0_1.2ffc2f11f6ccb934b75f32f4bc724712.jpeg?odnWidth=612&odnHeight=612&odnBg=ffffff",
        "tags": [
            [
                "Peppercorns",
                "/browse/food/peppercorns/976759_976786_1007682_5307367_1884774"
            ],
            [
                "All Pepper & Peppercorns",
                "/browse/food/all-pepper-peppercorns/976759_976786_1007682_5307367_2161042"
            ],
            [
                "All Mixed Spices & Seasonings",
                "/browse/food/all-mixed-spices-seasonings/976759_976786_1007682_4019297_4279992"
            ],
            [
                "Pepper",
                "/browse/food/pepper/976759_976786_1007682_5307367_6067079"
            ],
            [
                "All Single Herbs & Spices",
                "/browse/food/all-single-herbs-spices/976759_976786_1007682_2008977_6345512"
            ],
            [
                "Italian Seasoning",
                "/browse/food/italian-seasoning/976759_976786_1007682_4019297_6822917"
            ],
            [
                "All Salt, Spices & Seasoning",
                "/browse/food/all-salt-spices-seasoning/976759_976786_8191625"
            ]
        ]
    },
    {
        "title": "Butter Flavor All-Vegetable Shortening",
        "url": "https://www.walmart.com/ip/Butter-Flavor-All-Vegetable-Shortening/10308182",
        "price": "$5.58",
        "stars": "4.7",
        "ratings": "207 ",
        "img": "i5.walmartimages.com/asr/aa29c5c2-3090-4d35-9109-05e280b94ae2.91457340518738fe8abaaae4d29fc9a0.jpeg?odnWidth=612&odnHeight=612&odnBg=ffffff",
        "tags": [
            [
                "Extracts & Flavorings",
                "/browse/food/extracts-flavorings/976759_976780_2881195_2771122_1092369"
            ],
            [
                "Cooking Oils",
                "/browse/food/cooking-oils/976759_976786_4711712_1314508"
            ],
            [
                "No Sugar Foods",
                "/browse/food/no-sugar-foods/976759_5004481_1858214"
            ],
            [
                "Easter Condiments & Sauces",
                "/browse/food/easter-condiments-sauces/976759_1567409_2168938_2546479_3724534"
            ],
            [
                "Baking Restock",
                "/browse/food/baking-restock/976759_1567409_2168938_1811730_4237636"
            ],
            [
                "Gluten Free Foods",
                "/browse/food/gluten-free-foods/976759_5004481_5546296"
            ],
            [
                "Low Sodium Foods",
                "/browse/food/low-sodium-foods/976759_5004481_6733659"
            ],
            [
                "Kosher Foods",
                "/browse/kosher-foods/976759_8925069"
            ]
        ]
    },
    {
        "title": "(2 Pack) S & B Sauce Mix, Medium Hot 3.2 oz",
        "url": "https://www.walmart.com/ip/2-Pack-S-B-Sauce-Mix-Medium-Hot-3-2-oz/552752996",
        "price": "$5.32",
        "stars": "4.9",
        "ratings": "10 ",
        "img": "i5.walmartimages.com/asr/4b5613f0-994d-4ec2-8fea-0f6ab9a26359_2.cefa2c5703ee0af8f0919f66b2c02881.jpeg?odnWidth=612&odnHeight=612&odnBg=ffffff",
        "tags": [
            [
                "Sauces",
                "/browse/food/sauces/976759_976786_1076366"
            ],
            [
                "Yellow Mustards",
                "/browse/food/yellow-mustards/976759_976786_9696846_1868509_1584034"
            ],
            [
                "All Hot Sauces",
                "/browse/food/all-hot-sauces/976759_976786_9696846_5998141_4394977"
            ],
            [
                "Gluten Free Foods",
                "/browse/food/gluten-free-foods/976759_5004481_5546296"
            ],
            [
                "Shop All Ketchup",
                "/browse/food/shop-all-ketchup/976759_976786_9696846_8912372_6373470"
            ],
            [
                "Shop All Mayo",
                "/browse/food/shop-all-mayo/976759_976786_9696846_5399470_6720636"
            ],
            [
                "Shop All BBQ Sauces",
                "/browse/food/shop-all-bbq-sauces/976759_976786_9696846_9999057_6757439"
            ],
            [
                "Summer Grilling Condiments",
                "/browse/food/summer-grilling-condiments/976759_1567409_8808777_7265121"
            ]
        ]
    },
    {
        "title": "(4 Pack) Old El Paso Chicken Taco Seasoning Mix, .85 oz Packet",
        "url": "https://www.walmart.com/ip/4-Pack-Old-El-Paso-Chicken-Taco-Seasoning-Mix-85-oz-Packet/47231996",
        "price": "$4.70",
        "stars": "4.8",
        "ratings": "8 ",
        "img": "i5.walmartimages.com/asr/ef1ba803-8c5a-4121-a402-3eb058faf7ed_1.bf1528f01b14e773966642a9332810c5.jpeg?odnWidth=612&odnHeight=612&odnBg=ffffff",
        "tags": [
            [
                "Chicken Seasoning",
                "/browse/food/chicken-seasoning/976759_976786_1007682_4019297_2775886"
            ],
            [
                "Game Time Condiments",
                "/browse/food/game-time-condiments/976759_1567409_3282877_2930489_4160797"
            ],
            [
                "All Mixed Spices & Seasonings",
                "/browse/food/all-mixed-spices-seasonings/976759_976786_1007682_4019297_4279992"
            ],
            [
                "Snacks",
                "/browse/food/snacks/976759_5148628_1228025_1228103_4586063"
            ],
            [
                "All Gametime Food",
                "/browse/food/all-gametime-food/976759_1567409_3282877_6093905"
            ],
            [
                "All Salt, Spices & Seasoning",
                "/browse/food/all-salt-spices-seasoning/976759_976786_8191625"
            ],
            [
                "General Mills Box Tops Meals",
                "/browse/food/general-mills-box-tops-meals/976759_2606229_8503205"
            ],
            [
                "Game Time Meals and Sides",
                "/browse/food/game-time-meals-sides/976759_1567409_3282877_2930489_9821452"
            ]
        ]
    }
]