[
    {
        "title": "(5 Pack) Newman's Own Alfredo Pasta Sauce, 15 oz",
        "url": "https://www.walmart.com/ip/5-Pack-Newman-s-Own-Alfredo-Pasta-Sauce-15-oz/47233440",
        "price": "$10.16",
        "stars": "4.1",
        "ratings": "23 ",
        "img": "i5.walmartimages.com/asr/cb4d6a5e-fb70-4d5f-a106-96486b8c04ff_1.6553ad3372ef57cf3eb440d4e9b15c31.jpeg?odnWidth=612&odnHeight=612&odnBg=ffffff",
        "tags": [
            [
                "Pasta & Noodles",
                "/browse/food/pasta-noodles/976759_976794_1007519"
            ],
            [
                "Sauces",
                "/browse/food/sauces/976759_976786_1076366"
            ],
            [
                "All Meals and Sides",
                "/browse/food/all-meals-sides/976759_1071964_976789_2133672_1535108"
            ],
            [
                "Canned Tomatoes",
                "/browse/food/canned-tomatoes/976759_976794_976785_2009430"
            ],
            [
                "Gluten Free Foods",
                "/browse/food/gluten-free-foods/976759_5004481_5546296"
            ],
            [
                "Low Sodium Foods",
                "/browse/food/low-sodium-foods/976759_5004481_6733659"
            ],
            [
                "Gluten Free Meals & Side Dishes",
                "/browse/food/gluten-free-meals-side-dishes/976759_5148628_4583057_1250486_9821290"
            ],
            [
                "Easy Kid's Dinners",
                "/browse/food/easy-kids-dinners/976759_1567409_7966149_9873756"
            ]
        ]
    },
    {
        "title": "Snyder's of Hanover Pretzel Sticks, Family Size 16 Oz",
        "url": "https://www.walmart.com/ip/Snyder-s-of-Hanover-Pretzel-Sticks-Family-Size-16-Oz/10293728",
        "price": "$2.98",
        "stars": "4.6",
        "ratings": "112 ",
        "img": "",
        "tags": [
            [
                "Gametime Snacks",
                "/browse/food/gametime-snacks/976759_1567409_3282877_2947703"
            ],
            [
                "Pretzel Sticks",
                "/browse/food/pretzel-sticks/976759_976787_1044156_4356725"
            ],
            [
                "All Pretzels",
                "/browse/food/all-pretzels/976759_976787_1044156_4377769"
            ],
            [
                "Movie Night Foods and Drinks",
                "/browse/food/movie-night-foods-drinks/976759_976787_4460428"
            ],
            [
                "All Gametime Food",
                "/browse/food/all-gametime-food/976759_1567409_3282877_6093905"
            ],
            [
                "Plant Based Snacks",
                "/browse/food/plant-based-snacks/976759_5148628_4583057_2468673_6967777"
            ],
            [
                "Summer Grilling Snacks",
                "/browse/food/summer-grilling-snacks/976759_1567409_8808777_8991223"
            ],
            [
                "New Year's Eve Party Spread",
                "/browse/food/new-years-eve-party-spread/976759_1567409_9050139"
            ]
        ]
    },
    {
        "title": "Fiber One Cereal, Original Bran, 19.6 oz",
        "url": "https://www.walmart.com/ip/Fiber-One-Cereal-Original-Bran-19-6-oz/354431956",
        "price": "$3.74",
        "stars": "4.8",
        "ratings": "161 ",
        "img": "i5.walmartimages.com/asr/2b0e2bd7-5318-4420-9e11-84825057c55e.cef4bc1c9eae34f52dc17af392039204.jpeg?odnWidth=612&odnHeight=612&odnBg=ffffff",
        "tags": [
            [
                "Plant Based Breakfast Foods",
                "/browse/food/plant-based-breakfast-foods/976759_5148628_4583057_2468673_2574287"
            ],
            [
                "Energy Boosting Breakfast",
                "/browse/food/energy-boosting-breakfast/976759_976783_4066706"
            ],
            [
                "All Cereal",
                "/browse/food/all-cereal/976759_976783_1231208_4423991"
            ],
            [
                "General Mills Cereal",
                "/browse/food/general-mills-cereal/976759_976783_1231208_4498827"
            ],
            [
                "Kellogg's Cereals",
                "/browse/food/kelloggs-cereals/976759_976783_1231208_5607655"
            ],
            [
                "Kid's Breakfast",
                "/browse/food/kids-breakfast/976759_1567409_7966149_6779439"
            ],
            [
                "Shop Kellogg's",
                "/browse/shop-kelloggs/976759_7786229"
            ],
            [
                "High Fiber Foods",
                "/browse/food/high-fiber-foods/976759_5004481_9339140"
            ]
        ]
    },
    {
        "title": "(24 Cans) V8 +Energy Black Cherry, 8 Fl Oz",
        "url": "https://www.walmart.com/ip/24-Cans-V8-Energy-Black-Cherry-8-Fl-Oz/47227029",
        "price": "$15.92",
        "stars": "4.6",
        "ratings": "23 ",
        "img": "",
        "tags": [
            [
                "5-Hour Energy Shots",
                "/browse/food/5-hour-energy-shots/976759_976782_9357528_1525474"
            ],
            [
                "Energy Shots",
                "/browse/food/energy-shots/976759_976782_9357528_3061434"
            ],
            [
                "Monster Energy Drinks",
                "/browse/food/monster-energy-drinks/976759_976782_9357528_4806887"
            ],
            [
                "All Energy Drinks",
                "/browse/food/all-energy-drinks/976759_976782_9357528_4893329"
            ],
            [
                "Campbell's",
                "/browse/food/campbells/976759_976782_1001321_7461041"
            ],
            [
                "V8 Energy Drinks",
                "/browse/food/v8-energy-drinks/976759_976782_9357528_8894134"
            ],
            [
                "All Juices",
                "/browse/food/all-juices/976759_976782_1001321_8981297"
            ]
        ]
    },
    {
        "title": "Newtons Soft & Fruit Chewy Strawberry Cookies, 10 oz Pack",
        "url": "https://www.walmart.com/ip/Newtons-Soft-Fruit-Chewy-Strawberry-Cookies-10-oz-Pack/119516590",
        "price": "$2.73",
        "stars": "4.5",
        "ratings": "129 ",
        "img": "i5.walmartimages.com/asr/1aec6056-d48d-43d0-886a-bb8c7c344e82.6734ddede0fbe81653403bb9d584ca9b.jpeg?odnWidth=612&odnHeight=612&odnBg=ffffff",
        "tags": [
            [
                "All Cookies",
                "/browse/food/all-cookies/976759_976787_1001391_1592885"
            ],
            [
                "Keebler Cookies",
                "/browse/food/keebler-cookies/976759_976787_1001391_3596825"
            ],
            [
                "Chocolate Cookies",
                "/browse/food/chocolate-cookies/976759_976787_1001391_4007138"
            ],
            [
                "All Pepperidge Farm Cookies",
                "/browse/food/all-pepperidge-farm-cookies/976759_976787_1001391_2410932_5022397"
            ],
            [
                "Butter Cookies",
                "/browse/food/butter-cookies/976759_976787_1001391_7803640"
            ],
            [
                "Summer Grilling Snacks",
                "/browse/food/summer-grilling-snacks/976759_1567409_8808777_8991223"
            ]
        ]
    },
    {
        "title": "Nutella & Go Snack Packs, Chocolate Hazelnut Spread with Pretzel Sticks, 1.9 Ounce, 4 count",
        "url": "https://www.walmart.com/ip/Nutella-Go-Snack-Packs-Chocolate-Hazelnut-Spread-with-Pretzel-Sticks-1-9-Ounce-4-count/917288710",
        "price": "$4.98",
        "stars": "4.8",
        "ratings": "52 ",
        "img": "i5.walmartimages.com/asr/874b19ae-50bc-491f-97ae-875b401845d1.0c2c05246f907461691199e12534d447.jpeg?odnWidth=612&odnHeight=612&odnBg=ffffff",
        "tags": [
            [
                "Pringles & Cheez-It",
                "/browse/pringles-cheez-it/976759_1863726"
            ],
            [
                "Peanut Butter and Jelly",
                "/browse/food/peanut-butter-jelly/976759_1567409_7966149_5050784"
            ],
            [
                "All Potato Chips",
                "/browse/food/all-potato-chips/976759_976787_1001390_4402657_6099985"
            ],
            [
                "Lunchbox Favorites",
                "/browse/food/lunchbox-favorites/976759_976787_7186343"
            ],
            [
                "Snack Boxes & Gifts",
                "/browse/food/snack-boxes-gifts/976759_1089004_9406982"
            ],
            [
                "Nutella",
                "/browse/food/nutella/976759_976786_1018820_9531725"
            ]
        ]
    },
    {
        "title": "(2 Pack) V8 Splash Fruit Medley, 64 oz.",
        "url": "https://www.walmart.com/ip/2-Pack-V8-Splash-Fruit-Medley-64-oz/364288958",
        "price": "$3.96",
        "stars": "4.9",
        "ratings": "121 ",
        "img": "",
        "tags": [
            [
                "Vegetable Juice",
                "/browse/food/vegetable-juice/976759_976782_1001321_1627231"
            ],
            [
                "Summer Grilling Beverages",
                "/browse/food/summer-grilling-beverages/976759_1567409_8808777_2541298"
            ],
            [
                "Fruit Juice",
                "/browse/food/fruit-juice/976759_976782_1001321_4150966"
            ],
            [
                "Kid's Lunches",
                "/browse/food/kids-lunches/976759_1567409_7966149_7561098"
            ],
            [
                "All Juices",
                "/browse/food/all-juices/976759_976782_1001321_8981297"
            ],
            [
                "Pineapple Juice",
                "/browse/food/pineapple-juice/976759_976782_1001321_9811923"
            ]
        ]
    },
    {
        "title": "Post, Honey Comb Breakfast Cereal, Original Recipe, 35.5 Oz Bag",
        "url": "https://www.walmart.com/ip/Post-Honey-Comb-Breakfast-Cereal-Original-Recipe-35-5-Oz-Bag/192175766",
        "price": "$5.98",
        "stars": "4.5",
        "ratings": "237 ",
        "img": "",
        "tags": [
            [
                "Post Cereal",
                "/browse/food/post-cereal/976759_976783_1231208_3470568"
            ],
            [
                "All Cereal",
                "/browse/food/all-cereal/976759_976783_1231208_4423991"
            ],
            [
                "General Mills Cereal",
                "/browse/food/general-mills-cereal/976759_976783_1231208_4498827"
            ],
            [
                "Bag Cereal",
                "/browse/food/bag-cereal/976759_976783_1231208_4666564"
            ],
            [
                "Kids' Cereal",
                "/browse/food/kids-cereal/976759_976783_1231208_5549868"
            ],
            [
                "Kellogg's Cereals",
                "/browse/food/kelloggs-cereals/976759_976783_1231208_5607655"
            ],
            [
                "Kid's Breakfast",
                "/browse/food/kids-breakfast/976759_1567409_7966149_6779439"
            ]
        ]
    },
    {
        "title": "Rao's Homemade Tomato Basil Pasta Sauce 24oz",
        "url": "https://www.walmart.com/ip/Rao-s-Homemade-Tomato-Basil-Pasta-Sauce-24oz/30113248",
        "price": "$6.24",
        "stars": "4.3",
        "ratings": "75 ",
        "img": "i5.walmartimages.com/asr/c24e08d7-0b48-4e75-9761-f8365a32ba33_1.0c8fd882c084481d0f0e6784a6b873cb.jpeg?odnWidth=612&odnHeight=612&odnBg=ffffff",
        "tags": [
            [
                "Pasta & Noodles",
                "/browse/food/pasta-noodles/976759_976794_1007519"
            ],
            [
                "All Meals and Sides",
                "/browse/food/all-meals-sides/976759_1071964_976789_2133672_1535108"
            ],
            [
                "Canned Tomatoes",
                "/browse/food/canned-tomatoes/976759_976794_976785_2009430"
            ],
            [
                "Pasta Sauce",
                "/browse/food/pasta-sauce/976759_976794_2775278"
            ],
            [
                "Vegan Foods",
                "/browse/food/vegan-foods/976759_5004481_6794259"
            ],
            [
                "Non GMO Food",
                "/browse/food/non-gmo-food/976759_5004481_8102928"
            ],
            [
                "Gluten Free Meals & Side Dishes",
                "/browse/food/gluten-free-meals-side-dishes/976759_5148628_4583057_1250486_9821290"
            ],
            [
                "Easy Kid's Dinners",
                "/browse/food/easy-kids-dinners/976759_1567409_7966149_9873756"
            ]
        ]
    },
    {
        "title": "Starbucks Flavored Ground Coffee \u2014 Pumpkin Spice \u2014 100% Arabica \u2014 1 bag (11 oz)",
        "url": "https://www.walmart.com/ip/Starbucks-Flavored-Ground-Coffee-Pumpkin-Spice-100-Arabica-1-bag-11-oz/757928346",
        "price": "$6.98",
        "stars": "3.9",
        "ratings": "79 ",
        "img": "i5.walmartimages.com/asr/ef26adfd-ecc2-44d4-8381-2b49c4695ea6.130ea84875427b22f0eaad807f7d26a2.jpeg?odnWidth=612&odnHeight=612&odnBg=ffffff",
        "tags": [
            [
                "Single-Serve Cups & Pods",
                "/browse/food/single-serve-cups-pods/976759_1086446_1229653"
            ],
            [
                "Pumpkin Spice & Fall Ground Coffee",
                "/browse/food/pumpkin-spice-fall-ground-coffee/976759_1086446_5366330"
            ],
            [
                "Starbucks Ground Coffee",
                "/browse/food/starbucks-ground-coffee/976759_1086446_2986178_5925252"
            ],
            [
                "Starbucks Coffee Pods",
                "/browse/food/starbucks-coffee-pods/976759_1086446_2986178_7513516"
            ],
            [
                "All Starbucks",
                "/browse/food/all-starbucks/976759_1086446_2986178_7830797"
            ],
            [
                "Keurig K-Cups & Coffee Pods",
                "/browse/food/keurig-k-cups-coffee-pods/976759_1086446_8135897"
            ],
            [
                "Flavored Ground Coffee",
                "/browse/food/flavored-ground-coffee/976759_1086446_8200909"
            ],
            [
                "Pumpkin Spice Latte and Seasonal Coffees",
                "/browse/food/pumpkin-spice-latte-seasonal-coffees/976759_1567409_4828574_8417109"
            ]
        ]
    }
]