[
    {
        "title": "Starbucks Blonde Roast K-Cup Coffee Pods \u2014 Cinnamon Dolce for Keurig Brewers \u2014 1 box (22 pods)",
        "url": "https://www.walmart.com/ip/Starbucks-Blonde-Roast-K-Cup-Coffee-Pods-Cinnamon-Dolce-for-Keurig-Brewers-1-box-22-pods/278775183",
        "price": "$14.96",
        "stars": "4.7",
        "ratings": "230 ",
        "img": "i5.walmartimages.com/asr/bdd9057f-0159-41da-8722-2b788f610f5e_1.5e7afdc1ec61c38d287f5a55c992a9ef.jpeg?odnWidth=612&odnHeight=612&odnBg=ffffff",
        "tags": [
            [
                "Green Mountain Coffee Pods",
                "/browse/food/green-mountain-coffee-pods/976759_1086446_6490624_2544553"
            ],
            [
                "Arabica Coffee",
                "/browse/food/arabica-coffee/976759_1086446_2559085"
            ],
            [
                "Cold Weather Beverages",
                "/browse/food/cold-weather-beverages/976759_1567409_6592518_4126576"
            ],
            [
                "Starbucks Ground Coffee",
                "/browse/food/starbucks-ground-coffee/976759_1086446_2986178_5925252"
            ],
            [
                "Coffee & Coffee Pods",
                "/browse/food/coffee-coffee-pods/976759_1086446_7238690"
            ],
            [
                "Starbucks Coffee Pods",
                "/browse/food/starbucks-coffee-pods/976759_1086446_2986178_7513516"
            ],
            [
                "All Starbucks",
                "/browse/food/all-starbucks/976759_1086446_2986178_7830797"
            ],
            [
                "Keurig K-Cups & Coffee Pods",
                "/browse/food/keurig-k-cups-coffee-pods/976759_1086446_8135897"
            ]
        ]
    },
    {
        "title": "Ocean Spray Cranberry Tropical Juice Drink, 64 fl oz",
        "url": "https://www.walmart.com/ip/Ocean-Spray-Cranberry-Tropical-Juice-Drink-64-fl-oz/351669789",
        "price": "$2.78",
        "stars": "4.2",
        "ratings": "68 ",
        "img": "i5.walmartimages.com/asr/ad9e5e9c-a794-441a-bbc1-5428a7ad3eb7_1.bdb993ba6aea0d5d81199f000ee51b75.jpeg?odnWidth=612&odnHeight=612&odnBg=ffffff",
        "tags": [
            [
                "Vegetable Juice",
                "/browse/food/vegetable-juice/976759_976782_1001321_1627231"
            ],
            [
                "Summer Grilling Beverages",
                "/browse/food/summer-grilling-beverages/976759_1567409_8808777_2541298"
            ],
            [
                "Fruit Juice",
                "/browse/food/fruit-juice/976759_976782_1001321_4150966"
            ],
            [
                "Kid's Lunches",
                "/browse/food/kids-lunches/976759_1567409_7966149_7561098"
            ],
            [
                "All Juices",
                "/browse/food/all-juices/976759_976782_1001321_8981297"
            ],
            [
                "Cranberry Juice",
                "/browse/food/cranberry-juice/976759_976782_1001321_9114860"
            ]
        ]
    },
    {
        "title": "SNOW'S BY BUMBLE BEE All Natural Clam Juice, 8 Ounce Bottle, Pure Bottled Clam Juice",
        "url": "https://www.walmart.com/ip/SNOW-S-BY-BUMBLE-BEE-All-Natural-Clam-Juice-8-Ounce-Bottle-Pure-Bottled-Clam-Juice/12167523",
        "price": "$1.84",
        "stars": "4.3",
        "ratings": "12 ",
        "img": "i5.walmartimages.com/asr/ea52288c-e4e5-43e0-a82f-4186c5c68ec6_1.de50c7a78cc786d7f05e33cc0e735dfd.png?odnWidth=612&odnHeight=612&odnBg=ffffff",
        "tags": [
            [
                "Tuna & Seafood",
                "/browse/food/tuna-seafood/976759_976794_976785_1001781"
            ],
            [
                "Stock",
                "/browse/food/stock/976759_976794_3901881_1240098"
            ],
            [
                "No Sugar Foods",
                "/browse/food/no-sugar-foods/976759_5004481_1858214"
            ],
            [
                "All Seafood",
                "/browse/food/all-seafood/976759_1071964_976796_1001442_5871325"
            ],
            [
                "Fresh Fish",
                "/browse/food/fresh-fish/976759_1071964_976796_1001442_5915873"
            ],
            [
                "Low Calorie Foods",
                "/browse/food/low-calorie-foods/976759_5004481_6036545"
            ],
            [
                "Bumblebee Tuna",
                "/browse/food/bumblebee-tuna/976759_976794_976785_6754896"
            ]
        ]
    },
    {
        "title": "Luzianne, Decaffeinated, Black Iced Tea, Tea Bags, 48 ct.",
        "url": "https://www.walmart.com/ip/Luzianne-Decaffeinated-Black-Iced-Tea-Tea-Bags-48-ct/13908448",
        "price": "$6.54",
        "stars": "4.9",
        "ratings": "106 ",
        "img": "",
        "tags": [
            [
                "No Sugar Foods",
                "/browse/food/no-sugar-foods/976759_5004481_1858214"
            ],
            [
                "Decaf Tea",
                "/browse/food/decaf-tea/976759_976782_1001320_2256085"
            ],
            [
                "Iced Tea",
                "/browse/food/iced-tea/976759_976782_1001320_3536093"
            ],
            [
                "Cold Weather Beverages",
                "/browse/food/cold-weather-beverages/976759_1567409_6592518_4126576"
            ],
            [
                "Tea Bags",
                "/browse/food/tea-bags/976759_976782_1001320_4408773"
            ],
            [
                "Black Tea",
                "/browse/food/black-tea/976759_976782_1001320_4739102"
            ],
            [
                "Low Calorie Foods",
                "/browse/food/low-calorie-foods/976759_5004481_6036545"
            ]
        ]
    },
    {
        "title": "Bigelow Tea Premium Tea, Cozy Chamomile, 20 Tea Bags",
        "url": "https://www.walmart.com/ip/Bigelow-Tea-Premium-Tea-Cozy-Chamomile-20-Tea-Bags/10293186",
        "price": "$2.67",
        "stars": "4.7",
        "ratings": "82 ",
        "img": "i5.walmartimages.com/asr/a82c1f11-c02a-44c9-a29e-7333f6150893_1.1a1691cb7bf0cc6697515e30ec26321a.jpeg?odnWidth=612&odnHeight=612&odnBg=ffffff",
        "tags": [
            [
                "Bigelow Tea",
                "/browse/food/bigelow-tea/976759_976782_1001320_4190523"
            ],
            [
                "Tea Bags",
                "/browse/food/tea-bags/976759_976782_1001320_4408773"
            ],
            [
                "Sleepytime Tea",
                "/browse/food/sleepytime-tea/976759_976782_1001320_6042884"
            ],
            [
                "Teas for Sleep and Relaxation",
                "/browse/food/teas-for-sleep-relaxation/976759_1567409_3170630_6268443"
            ],
            [
                "Celestial Seasonings Tea",
                "/browse/food/celestial-seasonings-tea/976759_976782_1001320_7431138"
            ],
            [
                "Chamomile Tea",
                "/browse/food/chamomile-tea/976759_976782_1001320_8070850"
            ],
            [
                "Supplements & Food for Sleep and Relaxation",
                "/browse/food/supplements-food-for-sleep-relaxation/976759_1567409_3170630_9343305"
            ],
            [
                "Herbal Tea",
                "/browse/food/herbal-tea/976759_976782_1001320_9515255"
            ]
        ]
    },
    {
        "title": "(2 Pack) Ocean Spray Juice, Ruby Red Grapefruit, 64 Fl Oz, 1 Count",
        "url": "https://www.walmart.com/ip/2-Pack-Ocean-Spray-Juice-Ruby-Red-Grapefruit-64-Fl-Oz-1-Count/395482234",
        "price": "$5.96",
        "stars": "4.3",
        "ratings": "139 ",
        "img": "i5.walmartimages.com/asr/eb48fae3-0474-4ddf-9a2f-e62e5e598528_1.937e650e61e3116eefd8c035fcbac6a3.jpeg?odnWidth=612&odnHeight=612&odnBg=ffffff",
        "tags": [
            [
                "Canned Fruit",
                "/browse/food/canned-fruit/976759_976794_976785_1001342"
            ],
            [
                "Summer Grilling Beverages",
                "/browse/food/summer-grilling-beverages/976759_1567409_8808777_2541298"
            ],
            [
                "Fruit Juice",
                "/browse/food/fruit-juice/976759_976782_1001321_4150966"
            ],
            [
                "Kid's Lunches",
                "/browse/food/kids-lunches/976759_1567409_7966149_7561098"
            ],
            [
                "All Juices",
                "/browse/food/all-juices/976759_976782_1001321_8981297"
            ],
            [
                "Cranberry Juice",
                "/browse/food/cranberry-juice/976759_976782_1001321_9114860"
            ]
        ]
    },
    {
        "title": "Starbucks Medium Roast Ground Coffee \u2014 House Blend \u2014 100% Arabica \u2014 1 bag (12 oz.)",
        "url": "https://www.walmart.com/ip/Starbucks-Medium-Roast-Ground-Coffee-House-Blend-100-Arabica-1-bag-12-oz/10448717",
        "price": "$6.27",
        "stars": "4.6",
        "ratings": "486 ",
        "img": "i5.walmartimages.com/asr/be354e47-feb6-44ed-818e-93c3a1546193.98e827fedfb5294cd17a1d010f2ed720.jpeg?odnWidth=612&odnHeight=612&odnBg=ffffff",
        "tags": [
            [
                "Whole Bean Coffee",
                "/browse/food/whole-bean-coffee/976759_1086446_1229652"
            ],
            [
                "Colombian Coffee",
                "/browse/food/colombian-coffee/976759_1086446_3908418"
            ],
            [
                "Cold Weather Beverages",
                "/browse/food/cold-weather-beverages/976759_1567409_6592518_4126576"
            ],
            [
                "Starbucks Ground Coffee",
                "/browse/food/starbucks-ground-coffee/976759_1086446_2986178_5925252"
            ],
            [
                "Caffeinated Drinks",
                "/browse/food/caffeinated-drinks/976759_1567409_3591080_6925074"
            ],
            [
                "Coffee & Coffee Pods",
                "/browse/food/coffee-coffee-pods/976759_1086446_7238690"
            ],
            [
                "Starbucks Whole Bean Coffee",
                "/browse/food/starbucks-whole-bean-coffee/976759_1086446_2986178_7654038"
            ],
            [
                "All Starbucks",
                "/browse/food/all-starbucks/976759_1086446_2986178_7830797"
            ]
        ]
    },
    {
        "title": "Gatorade Thirst Quencher Fruit Punch Powder, 51 Oz.",
        "url": "https://www.walmart.com/ip/Gatorade-Thirst-Quencher-Fruit-Punch-Powder-51-Oz/10450689",
        "price": "$8.38",
        "stars": "4.6",
        "ratings": "236 ",
        "img": "i5.walmartimages.com/asr/119d7b2c-45b2-43a5-b6af-2819f7d63a92_1.91425e02744f1ea081b12baa5cd61660.jpeg?odnWidth=612&odnHeight=612&odnBg=ffffff",
        "tags": [
            [
                "Energy Shots",
                "/browse/food/energy-shots/976759_976782_9357528_3061434"
            ],
            [
                "All Sports Drinks",
                "/browse/food/all-sports-drinks/976759_976782_1001682_5168642"
            ],
            [
                "Electrolyte Powders",
                "/browse/food/electrolyte-powders/976759_976782_5795119_5534309"
            ],
            [
                "Protein & Electrolytes",
                "/browse/food/protein-electrolytes/976759_976782_5795119_5913425"
            ],
            [
                "All Powdered Drink Mix",
                "/browse/food/all-powdered-drink-mix/976759_976782_1001683_6396648"
            ],
            [
                "Sports & Energy",
                "/browse/food/sports-energy/976759_976782_5795119_6770310"
            ],
            [
                "Gatorade",
                "/browse/food/gatorade/976759_976782_1001682_8181291"
            ]
        ]
    },
    {
        "title": "Death Wish Single Serve Strong Coffee Pods, 18 Count for Keurig K-Cup Brewers",
        "url": "https://www.walmart.com/ip/Death-Wish-Single-Serve-Strong-Coffee-Pods-18-Count-for-Keurig-K-Cup-Brewers/851867869",
        "price": "$17.97",
        "stars": "4.8",
        "ratings": "116 ",
        "img": "i5.walmartimages.com/asr/2b25ffd8-8dbe-49c3-b9d0-fc033e3dada0_1.1a88fc0cf0d04174d908ff63ec5d9463.jpeg?odnWidth=612&odnHeight=612&odnBg=ffffff",
        "tags": [
            [
                "Premium Coffee Pods",
                "/browse/food/premium-coffee-pods/976759_5148628_5831001_2630281"
            ],
            [
                "Premium Ground Coffee",
                "/browse/food/premium-ground-coffee/976759_5148628_5831001_2847145"
            ],
            [
                "New Single Serve Cups & Pods",
                "/browse/food/new-single-serve-cups-pods/976759_1086446_1995978_4710751"
            ],
            [
                "Strong & High Caffeine Coffee",
                "/browse/food/strong-high-caffeine-coffee/976759_1086446_4754103"
            ],
            [
                "New Ground Coffee",
                "/browse/food/new-ground-coffee/976759_1086446_1995978_5077823"
            ],
            [
                "All New Coffee",
                "/browse/food/all-new-coffee/976759_1086446_1995978_5827508"
            ],
            [
                "Caffeinated Drinks",
                "/browse/food/caffeinated-drinks/976759_1567409_3591080_6925074"
            ],
            [
                "Keurig K-Cups & Coffee Pods",
                "/browse/food/keurig-k-cups-coffee-pods/976759_1086446_8135897"
            ]
        ]
    },
    {
        "title": "Green Mountain Coffee Dark Magic K-Cup Pods, Dark Roast, 24 Count for Keurig Brewers",
        "url": "https://www.walmart.com/ip/Green-Mountain-Coffee-Dark-Magic-K-Cup-Pods-Dark-Roast-24-Count-for-Keurig-Brewers/124797647",
        "price": "$12.94",
        "stars": "4.5",
        "ratings": "1058 ",
        "img": "i5.walmartimages.com/asr/5b79b6e4-e5d8-4daa-a55e-ee79177d9f2b_1.5b0f788f34099638d8e6d754264bf13e.jpeg?odnWidth=612&odnHeight=612&odnBg=ffffff",
        "tags": [
            [
                "Green Mountain Coffee Pods",
                "/browse/food/green-mountain-coffee-pods/976759_1086446_6490624_2544553"
            ],
            [
                "Arabica Coffee",
                "/browse/food/arabica-coffee/976759_1086446_2559085"
            ],
            [
                "Cold Weather Beverages",
                "/browse/food/cold-weather-beverages/976759_1567409_6592518_4126576"
            ],
            [
                "All Green Mountain Coffee",
                "/browse/food/all-green-mountain-coffee/976759_1086446_6490624_6014443"
            ],
            [
                "Caffeinated Drinks",
                "/browse/food/caffeinated-drinks/976759_1567409_3591080_6925074"
            ],
            [
                "Coffee & Coffee Pods",
                "/browse/food/coffee-coffee-pods/976759_1086446_7238690"
            ],
            [
                "Starbucks Coffee Pods",
                "/browse/food/starbucks-coffee-pods/976759_1086446_2986178_7513516"
            ],
            [
                "Keurig K-Cups & Coffee Pods",
                "/browse/food/keurig-k-cups-coffee-pods/976759_1086446_8135897"
            ]
        ]
    }
]