[
    {
        "title": "(6 pack) Libby's Sweet Peas, 15 oz cans",
        "url": "https://www.walmart.com/ip/6-pack-Libby-s-Sweet-Peas-15-oz-cans/182868751",
        "price": "$3.96",
        "stars": "4.4",
        "ratings": "204 ",
        "img": "i5.walmartimages.com/asr/dc6c6afc-4dc5-4f50-b755-f0c2c8d55543_3.890286dbab9eb0e4190014b4dd587df9.png?odnWidth=612&odnHeight=612&odnBg=ffffff",
        "tags": [
            [
                "Beans",
                "/browse/food/beans/976759_976794_976785_1001341"
            ],
            [
                "Canned Fruit",
                "/browse/food/canned-fruit/976759_976794_976785_1001342"
            ],
            [
                "Meat & Poultry",
                "/browse/food/meat-poultry/976759_976794_976785_1001347"
            ],
            [
                "All Fresh Vegetables",
                "/browse/food/all-fresh-vegetables/976759_1071964_976793_8910423_1814126"
            ],
            [
                "Canned Tomatoes",
                "/browse/food/canned-tomatoes/976759_976794_976785_2009430"
            ],
            [
                "All Canned Goods",
                "/browse/food/all-canned-goods/976759_976794_976785_3021174"
            ],
            [
                "Meals Restock",
                "/browse/food/meals-restock/976759_1567409_2168938_1811730_6806516"
            ],
            [
                "Easy Kid's Dinners",
                "/browse/food/easy-kids-dinners/976759_1567409_7966149_9873756"
            ]
        ]
    },
    {
        "title": "(6 pack) Barilla Pasta Thick Spaghetti, 16.0 oz",
        "url": "https://www.walmart.com/ip/6-pack-Barilla-Pasta-Thick-Spaghetti-16-0-oz/686967864",
        "price": "$7.10",
        "stars": "4.7",
        "ratings": "54 ",
        "img": "",
        "tags": [
            [
                "Sauces",
                "/browse/food/sauces/976759_976786_1076366"
            ],
            [
                "All Meals and Sides",
                "/browse/food/all-meals-sides/976759_1071964_976789_2133672_1535108"
            ],
            [
                "Canned Tomatoes",
                "/browse/food/canned-tomatoes/976759_976794_976785_2009430"
            ],
            [
                "Pasta Sauce",
                "/browse/food/pasta-sauce/976759_976794_2775278"
            ],
            [
                "Low Sodium Foods",
                "/browse/food/low-sodium-foods/976759_5004481_6733659"
            ],
            [
                "High Fiber Foods",
                "/browse/food/high-fiber-foods/976759_5004481_9339140"
            ],
            [
                "Gluten Free Meals & Side Dishes",
                "/browse/food/gluten-free-meals-side-dishes/976759_5148628_4583057_1250486_9821290"
            ],
            [
                "Easy Kid's Dinners",
                "/browse/food/easy-kids-dinners/976759_1567409_7966149_9873756"
            ]
        ]
    },
    {
        "title": "Reese Artichoke Hearts, Quartered Marinated, 12 Oz.",
        "url": "https://www.walmart.com/ip/Reese-Artichoke-Hearts-Quartered-Marinated-12-Oz/30948637",
        "price": "$17.99",
        "stars": "5.0",
        "ratings": "9 ",
        "img": "i5.walmartimages.com/asr/73f82959-22a8-430d-afd7-e6f32a3eefed_1.c723674cd7be82c2e6b7cdfeaf2b545b.jpeg?odnWidth=612&odnHeight=612&odnBg=ffffff",
        "tags": [
            [
                "Other International Foods",
                "/browse/food/other-international-foods/976759_5148628_1228025_1228105"
            ],
            [
                "All Fresh Vegetables",
                "/browse/food/all-fresh-vegetables/976759_1071964_976793_8910423_1814126"
            ],
            [
                "Tomatoes",
                "/browse/food/tomatoes/976759_1071964_976793_8910423_1819145"
            ],
            [
                "Canned Tomatoes",
                "/browse/food/canned-tomatoes/976759_976794_976785_2009430"
            ],
            [
                "Fresh Pre-Cut Vegetables",
                "/browse/food/fresh-pre-cut-vegetables/976759_1071964_976793_8910423_2835097"
            ],
            [
                "Meals Restock",
                "/browse/food/meals-restock/976759_1567409_2168938_1811730_6806516"
            ],
            [
                "Asparagus and Artichokes",
                "/browse/food/asparagus-artichokes/976759_1071964_976793_8910423_8929117"
            ],
            [
                "Easy Kid's Dinners",
                "/browse/food/easy-kids-dinners/976759_1567409_7966149_9873756"
            ]
        ]
    },
    {
        "title": "(2 Pack) GoGo Squeez Applesauce On The Go Pouches Apple Strawberry - 12 CT",
        "url": "https://www.walmart.com/ip/2-Pack-GoGo-Squeez-Applesauce-On-The-Go-Pouches-Apple-Strawberry-12-CT/954026666",
        "price": "$11.96",
        "stars": "4.9",
        "ratings": "21 ",
        "img": "",
        "tags": [
            [
                "Applesauce",
                "/browse/food/applesauce/976759_976794_976785_1001388"
            ],
            [
                "Fruit Cups & Fruit Sauces",
                "/browse/food/fruit-cups-fruit-sauces/976759_976787_1044133"
            ],
            [
                "All Canned Goods",
                "/browse/food/all-canned-goods/976759_976794_976785_3021174"
            ],
            [
                "Mott's",
                "/browse/food/motts/976759_976782_1001321_6763498"
            ],
            [
                "Vegan Foods",
                "/browse/food/vegan-foods/976759_5004481_6794259"
            ],
            [
                "Meals Restock",
                "/browse/food/meals-restock/976759_1567409_2168938_1811730_6806516"
            ],
            [
                "Dairy Free Foods",
                "/browse/food/dairy-free-foods/976759_5004481_7941405"
            ]
        ]
    },
    {
        "title": "(2 Pack) Mott's Applesauce, Cinnamon, 48 Oz, 1 Count",
        "url": "https://www.walmart.com/ip/2-Pack-Mott-s-Applesauce-Cinnamon-48-Oz-1-Count/483049867",
        "price": "$5.20",
        "stars": "4.8",
        "ratings": "350 ",
        "img": "i5.walmartimages.com/asr/2329b102-a945-4ab3-be06-1d4128ecb91e_1.9267905ef0b678bf2df5fea30d3a7511.jpeg?odnWidth=612&odnHeight=612&odnBg=ffffff",
        "tags": [
            [
                "Canned Fruit",
                "/browse/food/canned-fruit/976759_976794_976785_1001342"
            ],
            [
                "Applesauce",
                "/browse/food/applesauce/976759_976794_976785_1001388"
            ],
            [
                "Fruit Cups & Fruit Sauces",
                "/browse/food/fruit-cups-fruit-sauces/976759_976787_1044133"
            ],
            [
                "Kid's Favorites",
                "/browse/food/kids-favorites/976759_976782_1001321_2838858"
            ],
            [
                "Dole Fruit Cups",
                "/browse/food/dole-fruit-cups/976759_976794_976785_5006407"
            ],
            [
                "Mott's",
                "/browse/food/motts/976759_976782_1001321_6763498"
            ],
            [
                "Kosher Foods",
                "/browse/kosher-foods/976759_8925069"
            ]
        ]
    },
    {
        "title": "(6 pack) Hormel Compleats Beef Pot Roast, 9 Ounce",
        "url": "https://www.walmart.com/ip/6-pack-Hormel-Compleats-Beef-Pot-Roast-9-Ounce/747948651",
        "price": "$11.88",
        "stars": "4.4",
        "ratings": "317 ",
        "img": "i5.walmartimages.com/asr/fb1a37f8-04f7-4751-8f4c-7a3b9a1e0e69_1.dfcadd3962919c6a76e68c0503e4f831.jpeg?odnWidth=612&odnHeight=612&odnBg=ffffff",
        "tags": [
            [
                "Meat & Poultry",
                "/browse/food/meat-poultry/976759_976794_976785_1001347"
            ],
            [
                "Canned Ready to Eat Meals",
                "/browse/food/canned-ready-to-eat-meals/976759_976794_976785_1001348"
            ],
            [
                "Boxed Meals",
                "/browse/food/boxed-meals/976759_976794_6223225_1001477"
            ],
            [
                "All Meals and Sides",
                "/browse/food/all-meals-sides/976759_1071964_976789_2133672_1535108"
            ],
            [
                "Macaroni and Cheese",
                "/browse/food/macaroni-cheese/976759_976794_6223225_2271648"
            ],
            [
                "Meals Restock",
                "/browse/food/meals-restock/976759_1567409_2168938_1811730_6806516"
            ],
            [
                "Hormel Chili",
                "/browse/food/hormel-chili/976759_976794_976785_7712162"
            ],
            [
                "Easy Kid's Dinners",
                "/browse/food/easy-kids-dinners/976759_1567409_7966149_9873756"
            ]
        ]
    },
    {
        "title": "(4 pack) Progresso Soup Veg Classics Creamy Mushroom Soup Gluten Free 18 oz",
        "url": "https://www.walmart.com/ip/4-pack-Progresso-Soup-Veg-Classics-Creamy-Mushroom-Soup-Gluten-Free-18-oz/317328576",
        "price": "$6.32",
        "stars": "4.4",
        "ratings": "120 ",
        "img": "i5.walmartimages.com/asr/1980d228-7b5e-4cf9-ba4b-3f42629f8375_1.a115ea66276cb44951be84b5e35d68b8.jpeg?odnWidth=612&odnHeight=612&odnBg=ffffff",
        "tags": [
            [
                "Prepared Foods",
                "/browse/food/prepared-foods/976759_1071964_976789_1018822"
            ],
            [
                "All Meals and Sides",
                "/browse/food/all-meals-sides/976759_1071964_976789_2133672_1535108"
            ],
            [
                "Canned Tomatoes",
                "/browse/food/canned-tomatoes/976759_976794_976785_2009430"
            ],
            [
                "Canned Vegetables",
                "/browse/food/canned-vegetables/976759_976794_976785_3605629"
            ],
            [
                "Organic Food Essentials",
                "/browse/food/organic-food-essentials/976759_1567409_2168938_8870296_3706415"
            ],
            [
                "Cold Weather Foods",
                "/browse/food/cold-weather-foods/976759_1567409_6592518_4011823"
            ],
            [
                "Shop All Plant Based Foods",
                "/browse/food/shop-all-plant-based-foods/976759_5148628_4583057_2468673_8701847"
            ],
            [
                "Condensed Soup",
                "/browse/food/condensed-soup/976759_976794_3901881_9352840"
            ]
        ]
    },
    {
        "title": "Triscuit Fire Roasted Tomato & Olive Oil Crackers",
        "url": "https://www.walmart.com/ip/Triscuit-Fire-Roasted-Tomato-Olive-Oil-Crackers/978493099",
        "price": "$9.68",
        "stars": "4.8",
        "ratings": "16 ",
        "img": "",
        "tags": []
    },
    {
        "title": "(6 Pack) Newman's Own Organics Pasta Sauce Marinara, 23.5 OZ",
        "url": "https://www.walmart.com/ip/6-Pack-Newman-s-Own-Organics-Pasta-Sauce-Marinara-23-5-OZ/47238775",
        "price": "$15.97",
        "stars": "4.0",
        "ratings": "31 ",
        "img": "",
        "tags": [
            [
                "Sauces",
                "/browse/food/sauces/976759_976786_1076366"
            ],
            [
                "Organic Foods",
                "/browse/food/organic-foods/976759_1228024_1228017"
            ],
            [
                "All Meals and Sides",
                "/browse/food/all-meals-sides/976759_1071964_976789_2133672_1535108"
            ],
            [
                "Canned Tomatoes",
                "/browse/food/canned-tomatoes/976759_976794_976785_2009430"
            ],
            [
                "Pasta Sauce",
                "/browse/food/pasta-sauce/976759_976794_2775278"
            ],
            [
                "Organic Food Essentials",
                "/browse/food/organic-food-essentials/976759_1567409_2168938_8870296_3706415"
            ],
            [
                "Gluten Free Meals & Side Dishes",
                "/browse/food/gluten-free-meals-side-dishes/976759_5148628_4583057_1250486_9821290"
            ],
            [
                "Easy Kid's Dinners",
                "/browse/food/easy-kids-dinners/976759_1567409_7966149_9873756"
            ]
        ]
    },
    {
        "title": "(8 Pack) Dole Fruit Bowls, Pineapple in Lime Gel, 4.3 Ounce (4 Cups)",
        "url": "https://www.walmart.com/ip/8-Pack-Dole-Fruit-Bowls-Pineapple-in-Lime-Gel-4-3-Ounce-4-Cups/47225933",
        "price": "$17.67",
        "stars": "4.8",
        "ratings": "55 ",
        "img": "i5.walmartimages.com/asr/dc6a5efa-67a3-4dbb-8818-5ac8ece53efe_1.dfa2fa29003d56e1fb693f2b4a9d44ed.jpeg?odnWidth=612&odnHeight=612&odnBg=ffffff",
        "tags": [
            [
                "Applesauce",
                "/browse/food/applesauce/976759_976794_976785_1001388"
            ],
            [
                "Fruit Cups & Fruit Sauces",
                "/browse/food/fruit-cups-fruit-sauces/976759_976787_1044133"
            ],
            [
                "Pie Fillings",
                "/browse/food/pie-fillings/976759_976780_2881195_1044161"
            ],
            [
                "Canned Pineapple",
                "/browse/food/canned-pineapple/976759_976794_976785_3637240"
            ],
            [
                "Dole Fruit Cups",
                "/browse/food/dole-fruit-cups/976759_976794_976785_5006407"
            ],
            [
                "Dole Pineapple",
                "/browse/food/dole-pineapple/976759_976794_976785_7299548"
            ],
            [
                "Non GMO Food",
                "/browse/food/non-gmo-food/976759_5004481_8102928"
            ],
            [
                "Canned Peaches",
                "/browse/food/canned-peaches/976759_976794_976785_8566750"
            ]
        ]
    }
]