[
    {
        "title": "Spectrum Culinary Organic Refined Coconut Oil, 14 Ounce Jar",
        "url": "https://www.walmart.com/ip/Spectrum-Culinary-Organic-Refined-Coconut-Oil-14-Ounce-Jar/10535750",
        "price": "$6.64",
        "stars": "4.5",
        "ratings": "130 ",
        "img": "i5.walmartimages.com/asr/5eb7e193-50f8-4d4a-9bdd-be3aac90ddf1.7a6c3d0ca83ba7c1f6016ab380151542.jpeg?odnWidth=612&odnHeight=612&odnBg=ffffff",
        "tags": [
            [
                "Gluten-Free Foods",
                "/browse/food/gluten-free-foods/976759_1228023_1228016"
            ],
            [
                "Organic Foods",
                "/browse/food/organic-foods/976759_1228024_1228017"
            ],
            [
                "Coconut Oil for Cooking",
                "/browse/food/coconut-oil-for-cooking/976759_976786_2287183"
            ],
            [
                "Organic Food Essentials",
                "/browse/food/organic-food-essentials/976759_1567409_2168938_8870296_3706415"
            ],
            [
                "Cooking & Baking Oils",
                "/browse/food/cooking-baking-oils/976759_4143264_2535686_5948883_4056935"
            ],
            [
                "Vegan Foods",
                "/browse/food/vegan-foods/976759_5004481_6794259"
            ],
            [
                "Shop All Plant Based Foods",
                "/browse/food/shop-all-plant-based-foods/976759_5148628_4583057_2468673_8701847"
            ],
            [
                "Kosher Foods",
                "/browse/kosher-foods/976759_8925069"
            ]
        ]
    },
    {
        "title": "1-2-3 Vegetable Oil, 33.8 fl oz",
        "url": "https://www.walmart.com/ip/1-2-3-Vegetable-Oil-33-8-fl-oz/10418928",
        "price": "$1.88",
        "stars": "4.0",
        "ratings": "5 ",
        "img": "",
        "tags": [
            [
                "Gluten-Free Foods",
                "/browse/food/gluten-free-foods/976759_1228023_1228016"
            ],
            [
                "Cooking Oils",
                "/browse/food/cooking-oils/976759_976786_4711712_1314508"
            ],
            [
                "Olive Oils",
                "/browse/food/olive-oils/976759_976786_2569148"
            ],
            [
                "Condiments Restock",
                "/browse/food/condiments-restock/976759_1567409_2168938_1811730_3522188"
            ],
            [
                "Easter Condiments & Sauces",
                "/browse/food/easter-condiments-sauces/976759_1567409_2168938_2546479_3724534"
            ],
            [
                "Snacks",
                "/browse/food/snacks/976759_5148628_1228025_1228103_4586063"
            ],
            [
                "Vegan Foods",
                "/browse/food/vegan-foods/976759_5004481_6794259"
            ],
            [
                "Kosher Foods",
                "/browse/kosher-foods/976759_8925069"
            ]
        ]
    },
    {
        "title": "Wish-Bone Extra Virgin Olive Oil Blend Garlic Basil Italian Dressing 15 FL OZ",
        "url": "https://www.walmart.com/ip/Wish-Bone-Extra-Virgin-Olive-Oil-Blend-Garlic-Basil-Italian-Dressing-15-FL-OZ/888506077",
        "price": "$1.94",
        "stars": "5.0",
        "ratings": "6 ",
        "img": "i5.walmartimages.com/asr/d65b2d83-f795-4049-a915-9b0f88425aca_1.7878779dcebec8bfa9cb75502cf08055.jpeg?odnWidth=612&odnHeight=612&odnBg=ffffff",
        "tags": [
            [
                "Condiments & Salad Dressing",
                "/browse/food/condiments-salad-dressing/976759_4143264_2535686_3978835_2015786"
            ],
            [
                "Italian Dressing",
                "/browse/food/italian-dressing/976759_976786_5730644_3178690"
            ],
            [
                "All Fresh Packaged Salads, Dressings and Dips",
                "/browse/food/all-fresh-packaged-salads-dressings-dips/976759_1071964_976793_9538337_3695434"
            ],
            [
                "Primal Kitchen Salad Dressing",
                "/browse/food/primal-kitchen-salad-dressing/976759_976786_5730644_4402213"
            ],
            [
                "Specialty Dressing",
                "/browse/food/specialty-dressing/976759_976786_5730644_4547303"
            ],
            [
                "Balsamic Dressing",
                "/browse/food/balsamic-dressing/976759_976786_5730644_8476862"
            ],
            [
                "Tessemaes",
                "/browse/food/tessemaes/976759_976786_5730644_9162851"
            ],
            [
                "Dressings & Marinades",
                "/browse/food/dressings-marinades/976759_976786_9696846_3225715_9994967"
            ]
        ]
    },
    {
        "title": "Heinz HoneyRacha Saucy Sauce 20.2 oz. Bottle",
        "url": "https://www.walmart.com/ip/Heinz-HoneyRacha-Saucy-Sauce-20-2-oz-Bottle/363718661",
        "price": "$2.98",
        "stars": "4.3",
        "ratings": "2897 ",
        "img": "i5.walmartimages.com/asr/815105f7-35f9-4ce4-bba0-a9cdc0c3f3d1.b7ee3a32e1a6f803fb517aba0cdfe8f7.jpeg?odnWidth=612&odnHeight=612&odnBg=ffffff",
        "tags": [
            [
                "Yellow Mustards",
                "/browse/food/yellow-mustards/976759_976786_9696846_1868509_1584034"
            ],
            [
                "Shop All Ketchup",
                "/browse/food/shop-all-ketchup/976759_976786_9696846_8912372_6373470"
            ],
            [
                "Shop All Mayo",
                "/browse/food/shop-all-mayo/976759_976786_9696846_5399470_6720636"
            ],
            [
                "Shop All BBQ Sauces",
                "/browse/food/shop-all-bbq-sauces/976759_976786_9696846_9999057_6757439"
            ],
            [
                "Summer Grilling Condiments",
                "/browse/food/summer-grilling-condiments/976759_1567409_8808777_7265121"
            ],
            [
                "Flavored Ketchup",
                "/browse/food/flavored-ketchup/976759_976786_9696846_8912372_8335752"
            ],
            [
                "Heinz Ketchup",
                "/browse/food/heinz-ketchup/976759_976786_9696846_8912372_9063524"
            ]
        ]
    },
    {
        "title": "Badia Cinnamon, Sticks",
        "url": "https://www.walmart.com/ip/Badia-Cinnamon-Sticks/30914990",
        "price": "$1.64",
        "stars": 0,
        "ratings": 0,
        "img": "",
        "tags": [
            [
                "Oil & Shortening",
                "/browse/food/oil-shortening/976759_976786_1044152"
            ],
            [
                "Bigelow Tea",
                "/browse/food/bigelow-tea/976759_976782_1001320_4190523"
            ],
            [
                "Tea Bags",
                "/browse/food/tea-bags/976759_976782_1001320_4408773"
            ],
            [
                "Chamomile Tea",
                "/browse/food/chamomile-tea/976759_976782_1001320_8070850"
            ],
            [
                "All Tea",
                "/browse/food/all-tea/976759_976782_1001320_9254040"
            ],
            [
                "Supplements & Food for Sleep and Relaxation",
                "/browse/food/supplements-food-for-sleep-relaxation/976759_1567409_3170630_9343305"
            ],
            [
                "Herbal Tea",
                "/browse/food/herbal-tea/976759_976782_1001320_9515255"
            ]
        ]
    },
    {
        "title": "Hidden Valley Original Ranch Dips Mix, Gluten Free - 8 Packets",
        "url": "https://www.walmart.com/ip/Hidden-Valley-Original-Ranch-Dips-Mix-Gluten-Free-8-Packets/541631838",
        "price": "$9.64",
        "stars": "4.9",
        "ratings": "1568 ",
        "img": "i5.walmartimages.com/asr/9fec853d-1ac7-4c86-96dc-07d32eec8f16_1.21b3429059fc7758f0d8d6b9ab8ddcdb.jpeg?odnWidth=612&odnHeight=612&odnBg=ffffff",
        "tags": [
            [
                "Shop All Salad Dressings",
                "/browse/food/shop-all-salad-dressings/976759_976786_5730644_1001365"
            ],
            [
                "Ranch Dressing",
                "/browse/food/ranch-dressing/976759_976786_5730644_1345093"
            ],
            [
                "Dry Salad Dressing",
                "/browse/food/dry-salad-dressing/976759_976786_5730644_2955717"
            ],
            [
                "All Fresh Packaged Salads, Dressings and Dips",
                "/browse/food/all-fresh-packaged-salads-dressings-dips/976759_1071964_976793_9538337_3695434"
            ],
            [
                "Paleo Food Essentials",
                "/browse/food/paleo-food-essentials/976759_1567409_2168938_8870296_5023285"
            ],
            [
                "Chilled Dips",
                "/browse/food/chilled-dips/976759_1071964_976788_7062976"
            ],
            [
                "Keto Food Essentials",
                "/browse/food/keto-food-essentials/976759_1567409_2168938_8870296_8175229"
            ],
            [
                "Gluten-Free Food Staples",
                "/browse/food/gluten-free-food-staples/976759_1567409_2168938_8870296_8339296"
            ]
        ]
    },
    {
        "title": "Honey Stinger Organic Gluten Free Waffle, Salted Caramel, 1oz",
        "url": "https://www.walmart.com/ip/Honey-Stinger-Organic-Gluten-Free-Waffle-Salted-Caramel-1oz/119636492",
        "price": "$1.18",
        "stars": "4.9",
        "ratings": "62 ",
        "img": "i5.walmartimages.com/asr/bdb3aec3-9a47-4d7d-838f-acc572d1d387_1.efa82da57f2f4dd77c8a7d63d206a97c.png?odnWidth=612&odnHeight=612&odnBg=ffffff",
        "tags": [
            [
                "Nuun",
                "/browse/health/nuun/976760_2351592_1770032_1455133"
            ],
            [
                "Protein & Fitness for Active Dads",
                "/browse/health/protein-fitness-for-active-dads/976760_1166769_3000507"
            ],
            [
                "Busy Lifestyle Formats",
                "/browse/health/busy-lifestyle-formats/976760_1166769_4620565"
            ],
            [
                "Honey Stinger",
                "/browse/health/honey-stinger/976760_1166769_5542814"
            ],
            [
                "Winter Flavors",
                "/browse/health/winter-flavors/976760_1166769_4709928_6986726"
            ],
            [
                "Back to School Health Essentials",
                "/browse/back-to-school-health-essentials/976760_7047091"
            ],
            [
                "Beach Body Ready - Active Nutrition",
                "/browse/health/beach-body-ready-active-nutrition/976760_1166769_8429873"
            ],
            [
                "Fall Flavors",
                "/browse/health/fall-flavors/976760_1166769_4709928_9899186"
            ]
        ]
    },
    {
        "title": "Mazola 100% Pure Corn Oil, 2.5 gal",
        "url": "https://www.walmart.com/ip/Mazola-100-Pure-Corn-Oil-2-5-gal/32277575",
        "price": "$18.40",
        "stars": "4.8",
        "ratings": "317 ",
        "img": "i5.walmartimages.com/asr/c45e7920-e482-4a71-a2ff-294b4b4378ae_1.c0e030fc4d50109b9cb2c73e0f0bb5f9.jpeg?odnWidth=612&odnHeight=612&odnBg=ffffff",
        "tags": [
            [
                "Cooking Oils",
                "/browse/food/cooking-oils/976759_976786_4711712_1314508"
            ],
            [
                "Olive Oils",
                "/browse/food/olive-oils/976759_976786_2569148"
            ],
            [
                "Condiments Restock",
                "/browse/food/condiments-restock/976759_1567409_2168938_1811730_3522188"
            ],
            [
                "Easter Condiments & Sauces",
                "/browse/food/easter-condiments-sauces/976759_1567409_2168938_2546479_3724534"
            ],
            [
                "Low Calorie Foods",
                "/browse/food/low-calorie-foods/976759_5004481_6036545"
            ],
            [
                "Vegan Foods",
                "/browse/food/vegan-foods/976759_5004481_6794259"
            ],
            [
                "Meals Restock",
                "/browse/food/meals-restock/976759_1567409_2168938_1811730_6806516"
            ],
            [
                "Kosher Foods",
                "/browse/kosher-foods/976759_8925069"
            ]
        ]
    },
    {
        "title": "Nature Nate's Organic Honey, 100% Pure Raw and Unfiltered Honey, 32 Oz",
        "url": "https://www.walmart.com/ip/Nature-Nate-s-Organic-Honey-100-Pure-Raw-and-Unfiltered-Honey-32-Oz/565592929",
        "price": "$11.50",
        "stars": "4.7",
        "ratings": "165 ",
        "img": "i5.walmartimages.com/asr/80fd9e10-511d-4bd5-ab83-2c7ad9672b6c_1.e64dbc6ce833964fb00fb50f9186d947.jpeg?odnWidth=612&odnHeight=612&odnBg=ffffff",
        "tags": [
            [
                "Condiments",
                "/browse/food/condiments/976759_976786_9696846_1001363"
            ],
            [
                "Jam, Jelly & Preserves",
                "/browse/food/jam-jelly-preserves/976759_976786_4439815_1007659"
            ],
            [
                "Organic Foods",
                "/browse/food/organic-foods/976759_1228024_1228017"
            ],
            [
                "Organic Food Essentials",
                "/browse/food/organic-food-essentials/976759_1567409_2168938_8870296_3706415"
            ],
            [
                "Baking Restock",
                "/browse/food/baking-restock/976759_1567409_2168938_1811730_4237636"
            ],
            [
                "Gluten Free Foods",
                "/browse/food/gluten-free-foods/976759_5004481_5546296"
            ],
            [
                "Low Sodium Foods",
                "/browse/food/low-sodium-foods/976759_5004481_6733659"
            ],
            [
                "Plant Based Baking Needs",
                "/browse/food/plant-based-baking-needs/976759_5148628_4583057_2468673_6805759"
            ]
        ]
    },
    {
        "title": "Sam's Choice 100% Raw Honey, Yellow Sweet Clover, 12 oz",
        "url": "https://www.walmart.com/ip/Sam-s-Choice-100-Raw-Honey-Yellow-Sweet-Clover-12-oz/766434070",
        "price": "$3.58",
        "stars": "4.6",
        "ratings": "19 ",
        "img": "i5.walmartimages.com/asr/0b2a8fa0-47c8-497b-af6b-812f32201a46.b62d31334fc84158a406e226db980f30.jpeg?odnWidth=612&odnHeight=612&odnBg=ffffff",
        "tags": [
            [
                "Jam, Jelly & Preserves",
                "/browse/food/jam-jelly-preserves/976759_976786_4439815_1007659"
            ],
            [
                "Gluten-Free Foods",
                "/browse/food/gluten-free-foods/976759_1228023_1228016"
            ],
            [
                "Organic Food Essentials",
                "/browse/food/organic-food-essentials/976759_1567409_2168938_8870296_3706415"
            ],
            [
                "Baking Restock",
                "/browse/food/baking-restock/976759_1567409_2168938_1811730_4237636"
            ],
            [
                "Gluten Free Foods",
                "/browse/food/gluten-free-foods/976759_5004481_5546296"
            ],
            [
                "Low Sodium Foods",
                "/browse/food/low-sodium-foods/976759_5004481_6733659"
            ],
            [
                "Plant Based Baking Needs",
                "/browse/food/plant-based-baking-needs/976759_5148628_4583057_2468673_6805759"
            ],
            [
                "Kosher Foods",
                "/browse/kosher-foods/976759_8925069"
            ]
        ]
    }
]