[
    {
        "title": "Mini Ice Cream Cone Cookie Cutter",
        "url": "https://www.walmart.com/ip/Mini-Ice-Cream-Cone-Cookie-Cutter/628721890",
        "price": "$15.27",
        "stars": 0,
        "ratings": 0,
        "img": "",
        "tags": []
    },
    {
        "title": "Large Junkeez Big Breed Dog Toys Squeaker Funny Junk Food Snacks Pick Character (Ice Cream Cone)",
        "url": "https://www.walmart.com/ip/Large-Junkeez-Big-Breed-Dog-Toys-Squeaker-Funny-Junk-Food-Snacks-Pick-Character-Ice-Cream-Cone/640184911",
        "price": "$16.89",
        "stars": 0,
        "ratings": 0,
        "img": "",
        "tags": [
            [
                "Multipet Dog Toys",
                "/browse/pets/multipet-dog-toys/5440_202072_2243339_1604283"
            ],
            [
                "Nylabone Dog Treats",
                "/browse/pets/nylabone-dog-treats/5440_202072_6432755_8052432_1971220"
            ],
            [
                "Vibrant Life Dog Toys",
                "/browse/pets/vibrant-life-dog-toys/5440_202072_2243339_2833242"
            ],
            [
                "Hartz Dog Toys",
                "/browse/pets/hartz-dog-toys/5440_202072_2243339_2923327"
            ],
            [
                "Dog Fetch Toys",
                "/browse/pets/dog-fetch-toys/5440_202072_2243339_3236357"
            ],
            [
                "Dog Chew Toy",
                "/browse/pets/dog-chew-toy/5440_202072_2243339_6062640"
            ],
            [
                "Nylabone Dog Supplies",
                "/browse/pets/nylabone-dog-supplies/5440_202072_2243339_8633121"
            ],
            [
                "Dog Plush Toys",
                "/browse/pets/dog-plush-toys/5440_202072_2243339_8633816"
            ]
        ]
    },
    {
        "title": "Ice Fishing Tip Up Ice Fishing Gear Ice Fishing Rod Tip Up Ice Compact Flag",
        "url": "https://www.walmart.com/ip/Ice-Fishing-Tip-Up-Ice-Fishing-Gear-Ice-Fishing-Rod-Tip-Up-Ice-Compact-Flag/173030621",
        "price": "$16.99",
        "stars": 0,
        "ratings": 0,
        "img": "i5.walmartimages.com/asr/e260e531-e757-4483-bb5c-289d9dd5a759.c4dc4b8cae733f47b9b6f4eadb44a0f9.jpeg?odnWidth=612&odnHeight=612&odnBg=ffffff",
        "tags": []
    },
    {
        "title": "Bauducco Chocolate Wafers, 5.82-Ounce Sleeve (3 Pack)",
        "url": "https://www.walmart.com/ip/Bauducco-Chocolate-Wafers-5-82-Ounce-Sleeve-3-Pack/599856936",
        "price": "$17.96",
        "stars": 0,
        "ratings": 0,
        "img": "i5.walmartimages.com/asr/f73f263a-8ebe-4d0d-9291-c429002b4015.13367a3ccfd2d5d835d487e076e51eb7.jpeg?odnWidth=612&odnHeight=612&odnBg=ffffff",
        "tags": []
    },
    {
        "title": "House Foods House Foods Wok me up Tofu + Sauce, 11.5 oz",
        "url": "https://www.walmart.com/ip/House-Foods-House-Foods-Wok-me-up-Tofu-Sauce-11-5-oz/153090477",
        "price": "$17.99",
        "stars": 0,
        "ratings": 0,
        "img": "",
        "tags": [
            [
                "Meat & Poultry",
                "/browse/food/meat-poultry/976759_976794_976785_1001347"
            ],
            [
                "Boxed Meals",
                "/browse/food/boxed-meals/976759_976794_6223225_1001477"
            ],
            [
                "Meat Alternatives",
                "/browse/food/meat-alternatives/976759_1071964_976796_1008060"
            ],
            [
                "Weight Management Bars",
                "/browse/food/weight-management-bars/976759_1567409_3170630_6275898"
            ],
            [
                "All Plant Based Protein and Tofu",
                "/browse/food/all-plant-based-protein-tofu/976759_1071964_976793_6919650_6878390"
            ],
            [
                "Frozen Pasta",
                "/browse/food/frozen-pasta/976759_976791_7089533"
            ],
            [
                "Tofu and Kimchi",
                "/browse/food/tofu-kimchi/976759_1071964_976793_6919650_7849537"
            ],
            [
                "Frozen Chicken",
                "/browse/food/frozen-chicken/976759_976791_5295075_8609714"
            ]
        ]
    },
    {
        "title": "House Foods House Foods Wok me up Tofu + Sauce, 11.5 oz",
        "url": "https://www.walmart.com/ip/House-Foods-House-Foods-Wok-me-up-Tofu-Sauce-11-5-oz/143409682",
        "price": "$17.99",
        "stars": 0,
        "ratings": 0,
        "img": "",
        "tags": [
            [
                "Meat Alternatives",
                "/browse/food/meat-alternatives/976759_1071964_976796_1008060"
            ],
            [
                "All Ice Cream",
                "/browse/food/all-ice-cream/976759_976791_1001420_1001423_4833164"
            ],
            [
                "All Plant Based Protein and Tofu",
                "/browse/food/all-plant-based-protein-tofu/976759_1071964_976793_6919650_6878390"
            ],
            [
                "Ice Cream Sandwiches",
                "/browse/food/ice-cream-sandwiches/976759_976791_1001420_1001423_6949032"
            ],
            [
                "Substitute Eggs",
                "/browse/food/substitute-eggs/976759_1071964_976788_1001469_7582331"
            ],
            [
                "Tofu and Kimchi",
                "/browse/food/tofu-kimchi/976759_1071964_976793_6919650_7849537"
            ]
        ]
    },
    {
        "title": "Rennie Ice Antacid - 24 tablets",
        "url": "https://www.walmart.com/ip/Rennie-Ice-Antacid-24-tablets/918979387",
        "price": "$19.99",
        "stars": 0,
        "ratings": 0,
        "img": "",
        "tags": []
    },
    {
        "title": "Hershey's Sugar Free Chocolate Syrup 3400031525-000",
        "url": "https://www.walmart.com/ip/Hershey-s-Sugar-Free-Chocolate-Syrup-3400031525-000/565464515",
        "price": "$19.99",
        "stars": 0,
        "ratings": 0,
        "img": "i5.walmartimages.com/asr/0f1f19e1-31ff-40a4-abc3-b95b5bfd3eb0.86149b0b2c1b9edfc079a50565bc974f.jpeg?odnWidth=612&odnHeight=612&odnBg=ffffff",
        "tags": []
    },
    {
        "title": "Lets Do...Organic Sugar Cones, 4.6Oz, 12 Ct",
        "url": "https://www.walmart.com/ip/Lets-Do-Organic-Sugar-Cones-4-6Oz-12-Ct/30974002",
        "price": "$19.99",
        "stars": "5.0",
        "ratings": "2 ",
        "img": "i5.walmartimages.com/asr/f07fb8e6-ff3e-4bb0-9cbb-4b4e62f15fbe_1.1616bb1f90b18e403bb9a6d8a4c85b02.jpeg?odnWidth=612&odnHeight=612&odnBg=ffffff",
        "tags": [
            [
                "Ice Cream Wafers & Cones",
                "/browse/food/ice-cream-wafers-cones/976759_976791_1001420_1001423_3474018"
            ],
            [
                "Organic Food Essentials",
                "/browse/food/organic-food-essentials/976759_1567409_2168938_8870296_3706415"
            ],
            [
                "All Ice Cream",
                "/browse/food/all-ice-cream/976759_976791_1001420_1001423_4833164"
            ],
            [
                "Shop Kellogg's",
                "/browse/shop-kelloggs/976759_7786229"
            ],
            [
                "CLIF Bar Energy Bars and Protein Bars",
                "/browse/food/clif-bar-energy-bars-protein-bars/976759_976787_1044154_7838696"
            ],
            [
                "Non GMO Food",
                "/browse/food/non-gmo-food/976759_5004481_8102928"
            ]
        ]
    },
    {
        "title": "Satin Ice Red Fondant, Vanilla, 24 Ounces",
        "url": "https://www.walmart.com/ip/Satin-Ice-Red-Fondant-Vanilla-24-Ounces/663451179",
        "price": "$20.19",
        "stars": 0,
        "ratings": 0,
        "img": "i5.walmartimages.com/asr/0cd4e018-942b-490f-bb2c-9cf227217a60.0ba8983cde21d81a621c8ed2b7b117c6.jpeg?odnWidth=612&odnHeight=612&odnBg=ffffff",
        "tags": []
    }
]