[
    {
        "title": "(2 Pack) Diet Sunkist Orange Soda, 12 Fl Oz Cans, 12 Ct",
        "url": "https://www.walmart.com/ip/2-Pack-Diet-Sunkist-Orange-Soda-12-Fl-Oz-Cans-12-Ct/774199184",
        "price": "$11.98",
        "stars": "4.8",
        "ratings": "33 ",
        "img": "i5.walmartimages.com/asr/db1ccfe1-0190-47c4-9116-229ecdc2e502_1.a2a850a1c111c08627b5480796c9e377.jpeg?odnWidth=612&odnHeight=612&odnBg=ffffff",
        "tags": [
            [
                "No Sugar Foods",
                "/browse/food/no-sugar-foods/976759_5004481_1858214"
            ],
            [
                "Ginger ale",
                "/browse/food/ginger-ale/976759_976782_1001680_2032356"
            ],
            [
                "Summer Grilling Beverages",
                "/browse/food/summer-grilling-beverages/976759_1567409_8808777_2541298"
            ],
            [
                "Movie Night Foods and Drinks",
                "/browse/food/movie-night-foods-drinks/976759_976787_4460428"
            ],
            [
                "Low Calorie Foods",
                "/browse/food/low-calorie-foods/976759_5004481_6036545"
            ],
            [
                "Diet Coke",
                "/browse/food/diet-coke/976759_976782_1001680_6505121_8202110"
            ],
            [
                "Pepsi Beverages",
                "/browse/food/pepsi-beverages/976759_976782_8673018"
            ],
            [
                "All Coca-Cola",
                "/browse/food/all-coca-cola/976759_976782_1001680_6505121_8744944"
            ]
        ]
    },
    {
        "title": "Quaker Chewy Dipps Peanut Butter Granola Bars, 20 Count, 1.05 oz Bars",
        "url": "https://www.walmart.com/ip/Quaker-Chewy-Dipps-Peanut-Butter-Granola-Bars-20-Count-1-05-oz-Bars/34536018",
        "price": "$4.98",
        "stars": "4.6",
        "ratings": "142 ",
        "img": "i5.walmartimages.com/asr/c1be791e-c5da-4512-ab5c-dfdc29577aec_1.f84c8bd69d4c5ae309d8690aaa06fd2c.jpeg?odnWidth=612&odnHeight=612&odnBg=ffffff",
        "tags": [
            [
                "On the Go Snacks",
                "/browse/food/on-the-go-snacks/976759_976787_3253105"
            ],
            [
                "Shop Nature Valley",
                "/browse/food/shop-nature-valley/976759_976787_1044154_4008994"
            ],
            [
                "Great Value Snack Bars",
                "/browse/food/great-value-snack-bars/976759_976787_1044154_4187132"
            ],
            [
                "Granola Bars",
                "/browse/food/granola-bars/976759_976787_1044154_5006109"
            ],
            [
                "Quaker Chewy Granola Bars",
                "/browse/food/quaker-chewy-granola-bars/976759_976787_1044154_6317826"
            ],
            [
                "Nature Valley Granola Bars & Snack Bars",
                "/browse/food/nature-valley-granola-bars-snack-bars/976759_976787_1044154_7928976"
            ],
            [
                "Quaker Breakfast",
                "/browse/food/quaker-breakfast/976759_976783_9424911"
            ]
        ]
    },
    {
        "title": "Chex Mix Traditional Savory Snack Mix, 17.5 oz",
        "url": "https://www.walmart.com/ip/Chex-Mix-Traditional-Savory-Snack-Mix-17-5-oz/31952186",
        "price": "$4.98",
        "stars": "4.7",
        "ratings": "189 ",
        "img": "i5.walmartimages.com/asr/6f1c3104-ca9b-4a97-90e6-b5b7c5f8352a.15c9673573a0a18826d6e62ecd35a0a2.jpeg?odnWidth=612&odnHeight=612&odnBg=ffffff",
        "tags": [
            [
                "Chex Mix",
                "/browse/food/chex-mix/976759_976787_2452884_2883674"
            ],
            [
                "On the Go Snacks",
                "/browse/food/on-the-go-snacks/976759_976787_3253105"
            ],
            [
                "All Snack Mixes",
                "/browse/food/all-snack-mixes/976759_976787_2452884_4052501"
            ],
            [
                "Study Snacks",
                "/browse/food/study-snacks/976759_1567409_3591080_6794842"
            ],
            [
                "Lunchbox Favorites",
                "/browse/food/lunchbox-favorites/976759_976787_7186343"
            ],
            [
                "On-the-go Crackers",
                "/browse/food/on-the-go-crackers/976759_976787_1001392_9056086"
            ],
            [
                "Snack Crackers",
                "/browse/food/snack-crackers/976759_976787_1001392_9358664"
            ]
        ]
    },
    {
        "title": "Nature Valley Breakfast Biscuits, Almond Butter, 13.5 oz",
        "url": "https://www.walmart.com/ip/Nature-Valley-Breakfast-Biscuits-Almond-Butter-13-5-oz/922100861",
        "price": "$4.98",
        "stars": "4.8",
        "ratings": "115 ",
        "img": "i5.walmartimages.com/asr/27cfb15f-ed7f-4dd4-bd15-6da2aa6f8edb.0a29cd7a3245c05302d7fe8e259ff1d4.jpeg?odnWidth=612&odnHeight=612&odnBg=ffffff",
        "tags": [
            [
                "Cereal Bars & Breakfast Bars",
                "/browse/food/cereal-bars-breakfast-bars/976759_976783_1001332"
            ],
            [
                "All Cookies",
                "/browse/food/all-cookies/976759_976787_1001391_1592885"
            ],
            [
                "General Mills Snacks",
                "/browse/food/general-mills-snacks/976759_2606229_2043501"
            ],
            [
                "All Biscuits",
                "/browse/food/all-biscuits/976759_976787_1001391_9704038_2762063"
            ],
            [
                "Shop Nature Valley",
                "/browse/food/shop-nature-valley/976759_976787_1044154_4008994"
            ],
            [
                "Butter Cookies",
                "/browse/food/butter-cookies/976759_976787_1001391_7803640"
            ],
            [
                "Nature Valley Granola Bars & Snack Bars",
                "/browse/food/nature-valley-granola-bars-snack-bars/976759_976787_1044154_7928976"
            ]
        ]
    },
    {
        "title": "Black Forest Juicy Burst Mixed Fruit Medley Fruit Snacks, 0.8 Oz., 28 Count",
        "url": "https://www.walmart.com/ip/Black-Forest-Juicy-Burst-Mixed-Fruit-Medley-Fruit-Snacks-0-8-Oz-28-Count/44883353",
        "price": "$3.98",
        "stars": "4.8",
        "ratings": "15 ",
        "img": "i5.walmartimages.com/asr/f74a4ad9-1c82-4229-95e9-7878614161bd_2.e55acd136ecce6ad2889498af5c35d8b.jpeg?odnWidth=612&odnHeight=612&odnBg=ffffff",
        "tags": [
            [
                "All Fruit Snacks",
                "/browse/food/all-fruit-snacks/976759_976787_1001395_2676420"
            ],
            [
                "On the Go Snacks",
                "/browse/food/on-the-go-snacks/976759_976787_3253105"
            ],
            [
                "Black Forest Candy",
                "/browse/food/black-forest-candy/976759_1096070_1224975_5109070"
            ],
            [
                "New Fruit Snacks",
                "/browse/food/new-fruit-snacks/976759_976787_1001395_6636172"
            ],
            [
                "Bulk Fruit Snacks",
                "/browse/food/bulk-fruit-snacks/976759_976787_1001395_6730562"
            ],
            [
                "Kid's Lunches",
                "/browse/food/kids-lunches/976759_1567409_7966149_7561098"
            ],
            [
                "Welch's Fruit Snacks",
                "/browse/food/welchs-fruit-snacks/976759_976787_1001395_4571833_7832750"
            ],
            [
                "Top-selling Fruit Snacks",
                "/browse/food/top-selling-fruit-snacks/976759_976787_1001395_9645697"
            ]
        ]
    },
    {
        "title": "Life Savers Sugar Free Wint-O-Green Mints Hard Candy Bag, 2.75 Oz",
        "url": "https://www.walmart.com/ip/Life-Savers-Sugar-Free-Wint-O-Green-Mints-Hard-Candy-Bag-2-75-Oz/10295312",
        "price": "$1.48",
        "stars": "4.7",
        "ratings": "200 ",
        "img": "i5.walmartimages.com/asr/d1053276-04b0-4eab-bd32-8282d94821b7_2.4d0da071a89b1669fcc69f1e6db1c9d7.jpeg?odnWidth=612&odnHeight=612&odnBg=ffffff",
        "tags": [
            [
                "Sugar Free Food",
                "/browse/food/sugar-free-food/976759_1567409_3170630_2147513"
            ],
            [
                "Sugar Free Candy",
                "/browse/food/sugar-free-candy/976759_1096070_2597321"
            ],
            [
                "Hard Candy",
                "/browse/food/hard-candy/976759_1096070_1224979_3137292"
            ],
            [
                "Sugar-Free Snacks",
                "/browse/food/sugar-free-snacks/976759_976787_3455839"
            ],
            [
                "Shop All Mints",
                "/browse/food/shop-all-mints/976759_1096070_1224978_4579683"
            ],
            [
                "Brach's Candy",
                "/browse/food/brachs-candy/976759_1096070_1224979_5836711"
            ],
            [
                "Sugar Free Chocolate",
                "/browse/food/sugar-free-chocolate/976759_1096070_1224976_6402972"
            ]
        ]
    },
    {
        "title": "(4 Pack) Jell-O Instant Sugar-Free Fat-Free Vanilla Pudding & Pie Filling, 1 oz Box",
        "url": "https://www.walmart.com/ip/4-Pack-Jell-O-Instant-Sugar-Free-Fat-Free-Vanilla-Pudding-Pie-Filling-1-oz-Box/619022110",
        "price": "$4.52",
        "stars": "4.6",
        "ratings": "349 ",
        "img": "i5.walmartimages.com/asr/772720ce-df08-4784-b787-b99de09a5cae_5.4725cd23a8c825e6242487069e1988ce.jpeg?odnWidth=612&odnHeight=612&odnBg=ffffff",
        "tags": [
            [
                "Pudding & Gelatin",
                "/browse/food/pudding-gelatin/976759_976787_1001471"
            ],
            [
                "Pie Fillings",
                "/browse/food/pie-fillings/976759_976780_2881195_1044161"
            ],
            [
                "Sugar-Free Food Essentials",
                "/browse/food/sugar-free-food-essentials/976759_1567409_2168938_8870296_1639022"
            ],
            [
                "Sugar Free Food",
                "/browse/food/sugar-free-food/976759_1567409_3170630_2147513"
            ],
            [
                "All Baking Mixes",
                "/browse/food/all-baking-mixes/976759_976780_1001368_2594651"
            ],
            [
                "Game Time Baking",
                "/browse/food/game-time-baking/976759_1567409_3282877_2930489_4135213"
            ],
            [
                "Dessert Mixes",
                "/browse/food/dessert-mixes/976759_4143264_2535686_5948883_4408557"
            ],
            [
                "Chilled Gelatins",
                "/browse/food/chilled-gelatins/976759_1071964_976788_3733198_4921976"
            ]
        ]
    },
    {
        "title": "Good Thins Simply Salt Rice Snacks Gluten Free Crackers, 3.5 oz.",
        "url": "https://www.walmart.com/ip/Good-Thins-Simply-Salt-Rice-Snacks-Gluten-Free-Crackers-3-5-oz/49699044",
        "price": "$2.18",
        "stars": "4.4",
        "ratings": "186 ",
        "img": "i5.walmartimages.com/asr/b9df85a2-a022-45c4-8707-f612dc18719c.bb296505bd247e751bd31fa786ae1258.jpeg?odnWidth=612&odnHeight=612&odnBg=ffffff",
        "tags": [
            [
                "Nabisco Crackers",
                "/browse/food/nabisco-crackers/976759_976787_1001392_1898174"
            ],
            [
                "Rice Crackers",
                "/browse/food/rice-crackers/976759_976787_1001392_3160974"
            ],
            [
                "On the Go Snacks",
                "/browse/food/on-the-go-snacks/976759_976787_3253105"
            ],
            [
                "Gluten Free Snacks, Cookies & Chips",
                "/browse/food/gluten-free-snacks-cookies-chips/976759_1228023_5141486"
            ],
            [
                "Gluten Free Foods",
                "/browse/food/gluten-free-foods/976759_5004481_5546296"
            ],
            [
                "Gluten Free Snacks",
                "/browse/food/gluten-free-snacks/976759_5148628_4583057_1250486_6502251"
            ],
            [
                "Gluten Free Food",
                "/browse/food/gluten-free-food/976759_1567409_3170630_9019700"
            ],
            [
                "Snack Crackers",
                "/browse/food/snack-crackers/976759_976787_1001392_9358664"
            ]
        ]
    },
    {
        "title": "Pepperidge Farm Goldfish Baby Cheddar Crackers, 7.2 oz. Bag",
        "url": "https://www.walmart.com/ip/Pepperidge-Farm-Goldfish-Baby-Cheddar-Crackers-7-2-oz-Bag/10450479",
        "price": "$1.88",
        "stars": "4.9",
        "ratings": "50 ",
        "img": "",
        "tags": [
            [
                "No Sugar Foods",
                "/browse/food/no-sugar-foods/976759_5004481_1858214"
            ],
            [
                "Gametime Snacks",
                "/browse/food/gametime-snacks/976759_1567409_3282877_2947703"
            ],
            [
                "All Graham Crackers",
                "/browse/food/all-graham-crackers/976759_976787_1001392_3433128_4692935"
            ],
            [
                "Goldfish",
                "/browse/food/goldfish/976759_976787_1001392_5345496"
            ],
            [
                "All Gametime Food",
                "/browse/food/all-gametime-food/976759_1567409_3282877_6093905"
            ],
            [
                "All New Food",
                "/browse/food/all-new-food/976759_4143264_8102846"
            ],
            [
                "On-the-go Crackers",
                "/browse/food/on-the-go-crackers/976759_976787_1001392_9056086"
            ],
            [
                "Snack Crackers",
                "/browse/food/snack-crackers/976759_976787_1001392_9358664"
            ]
        ]
    },
    {
        "title": "Keebler Fudge Stripes Coconut Dreams Caramel & Coconut Cookies 8.5 oz.",
        "url": "https://www.walmart.com/ip/Keebler-Fudge-Stripes-Coconut-Dreams-Caramel-Coconut-Cookies-8-5-oz/15055962",
        "price": "$2.38",
        "stars": "4.6",
        "ratings": "533 ",
        "img": "i5.walmartimages.com/asr/3c2ecac8-9d16-4cfd-8888-f89f0b9282d7.dc002cc9f403f8484f7ecc9b1de701b1.jpeg?odnWidth=612&odnHeight=612&odnBg=ffffff",
        "tags": [
            [
                "All Cookies",
                "/browse/food/all-cookies/976759_976787_1001391_1592885"
            ],
            [
                "Keebler Cookies",
                "/browse/food/keebler-cookies/976759_976787_1001391_3596825"
            ],
            [
                "Kid's Lunches",
                "/browse/food/kids-lunches/976759_1567409_7966149_7561098"
            ],
            [
                "Shop Kellogg's",
                "/browse/shop-kelloggs/976759_7786229"
            ],
            [
                "Snack Crackers",
                "/browse/food/snack-crackers/976759_976787_1001392_9358664"
            ]
        ]
    }
]