[
    {
        "title": "LouAna Peanut Oil, 128.0 FL OZ",
        "url": "https://www.walmart.com/ip/LouAna-Peanut-Oil-128-0-FL-OZ/10293013",
        "price": "$12.98",
        "stars": "4.8",
        "ratings": "130 ",
        "img": "i5.walmartimages.com/asr/7087585f-5806-4617-938e-c6f0a547a647_1.fba13c45b1b6a13c102511d74262013e.jpeg?odnWidth=612&odnHeight=612&odnBg=ffffff",
        "tags": [
            [
                "Condiments",
                "/browse/food/condiments/976759_976786_9696846_1001363"
            ],
            [
                "Cooking Oils",
                "/browse/food/cooking-oils/976759_976786_4711712_1314508"
            ],
            [
                "Coconut Oil for Cooking",
                "/browse/food/coconut-oil-for-cooking/976759_976786_2287183"
            ],
            [
                "Olive Oils",
                "/browse/food/olive-oils/976759_976786_2569148"
            ],
            [
                "Condiments Restock",
                "/browse/food/condiments-restock/976759_1567409_2168938_1811730_3522188"
            ],
            [
                "Low Calorie Foods",
                "/browse/food/low-calorie-foods/976759_5004481_6036545"
            ],
            [
                "Non GMO Food",
                "/browse/food/non-gmo-food/976759_5004481_8102928"
            ],
            [
                "Kosher Foods",
                "/browse/kosher-foods/976759_8925069"
            ]
        ]
    },
    {
        "title": "(2 Pack) White House Detox Apple Cider Vinegar, 16 Fl OZ",
        "url": "https://www.walmart.com/ip/2-Pack-White-House-Detox-Apple-Cider-Vinegar-16-Fl-OZ/845381119",
        "price": "$4.98",
        "stars": "4.4",
        "ratings": "43 ",
        "img": "i5.walmartimages.com/asr/90c10797-573c-4741-8d4f-fea02b81db20_1.f4555043a654203a86c114dd205edce1.png?odnWidth=612&odnHeight=612&odnBg=ffffff",
        "tags": [
            [
                "Vinegar",
                "/browse/food/vinegar/976759_976786_1001366"
            ],
            [
                "Organic Foods",
                "/browse/food/organic-foods/976759_1228024_1228017"
            ],
            [
                "Shop All Vinegar",
                "/browse/food/shop-all-vinegar/976759_976786_3896160_2520364"
            ],
            [
                "Better For You Food Essentials",
                "/browse/food/better-for-you-food-essentials/976759_1567409_2168938_8870296_3239058"
            ],
            [
                "Organic Food Essentials",
                "/browse/food/organic-food-essentials/976759_1567409_2168938_8870296_3706415"
            ],
            [
                "Paleo Food Essentials",
                "/browse/food/paleo-food-essentials/976759_1567409_2168938_8870296_5023285"
            ],
            [
                "All Healthy Essentials",
                "/browse/food/all-healthy-essentials/976759_1567409_2168938_8870296_5484923"
            ],
            [
                "Plant Based Baking Needs",
                "/browse/food/plant-based-baking-needs/976759_5148628_4583057_2468673_6805759"
            ]
        ]
    },
    {
        "title": "(4 Pack) Hunt's Tomato Sauce No Salt Added, 33.5 oz",
        "url": "https://www.walmart.com/ip/4-Pack-Hunt-s-Tomato-Sauce-No-Salt-Added-33-5-oz/47233605",
        "price": "$7.83",
        "stars": "4.7",
        "ratings": "22 ",
        "img": "i5.walmartimages.com/asr/bbabff1e-844e-4314-aafa-bfaa42fd069a_1.7fb115720414ca39cba16de2f03cf1df.jpeg?odnWidth=612&odnHeight=612&odnBg=ffffff",
        "tags": [
            [
                "Stocks & Broths",
                "/browse/food/stocks-broths/976759_976794_976785_1001360"
            ],
            [
                "All Meals and Sides",
                "/browse/food/all-meals-sides/976759_1071964_976789_2133672_1535108"
            ],
            [
                "Canned Tomatoes",
                "/browse/food/canned-tomatoes/976759_976794_976785_2009430"
            ],
            [
                "Pasta Sauce",
                "/browse/food/pasta-sauce/976759_976794_2775278"
            ],
            [
                "Low Calorie Foods",
                "/browse/food/low-calorie-foods/976759_5004481_6036545"
            ],
            [
                "Broth",
                "/browse/food/broth/976759_976794_3901881_7072946"
            ],
            [
                "Gluten Free Meals & Side Dishes",
                "/browse/food/gluten-free-meals-side-dishes/976759_5148628_4583057_1250486_9821290"
            ],
            [
                "Easy Kid's Dinners",
                "/browse/food/easy-kids-dinners/976759_1567409_7966149_9873756"
            ]
        ]
    },
    {
        "title": "Hidden Valley Ready-to-Eat Dip, Classic Ranch - 10 Ounces",
        "url": "https://www.walmart.com/ip/Hidden-Valley-Ready-to-Eat-Dip-Classic-Ranch-10-Ounces/246752135",
        "price": "$2.97",
        "stars": "4.8",
        "ratings": "1370 ",
        "img": "i5.walmartimages.com/asr/3c64df6d-e6b1-4caf-b982-acf458e9ade5.dc9062138403b8c848a244028999efd7.jpeg?odnWidth=612&odnHeight=612&odnBg=ffffff",
        "tags": [
            [
                "Shop All Salad Dressings",
                "/browse/food/shop-all-salad-dressings/976759_976786_5730644_1001365"
            ],
            [
                "Ranch Dressing",
                "/browse/food/ranch-dressing/976759_976786_5730644_1345093"
            ],
            [
                "All Chilled Hummus, Dips and Salsas",
                "/browse/food/all-chilled-hummus-dips-salsas/976759_1071964_976789_7056897_2830800"
            ],
            [
                "All Fresh Packaged Salads, Dressings and Dips",
                "/browse/food/all-fresh-packaged-salads-dressings-dips/976759_1071964_976793_9538337_3695434"
            ],
            [
                "National Ranch Day",
                "/browse/food/national-ranch-day/976759_976786_6502614"
            ],
            [
                "Summer Grilling Condiments",
                "/browse/food/summer-grilling-condiments/976759_1567409_8808777_7265121"
            ],
            [
                "All Dips & Spreads",
                "/browse/food/all-dips-spreads/976759_976787_1001393_7832203"
            ]
        ]
    },
    {
        "title": "Olivari Grapeseed Oil, for Frying and Sauteing, 51 Oz",
        "url": "https://www.walmart.com/ip/Olivari-Grapeseed-Oil-for-Frying-and-Sauteing-51-Oz/104260463",
        "price": "$7.98",
        "stars": "4.9",
        "ratings": "47 ",
        "img": "i5.walmartimages.com/asr/fe136b53-17fb-4ab4-b4a0-d8bd9fc29490_1.6e9dd6fb809347539e966aef9b683d68.jpeg?odnWidth=612&odnHeight=612&odnBg=ffffff",
        "tags": [
            [
                "Cooking Oils",
                "/browse/food/cooking-oils/976759_976786_4711712_1314508"
            ],
            [
                "Coconut Oil for Cooking",
                "/browse/food/coconut-oil-for-cooking/976759_976786_2287183"
            ],
            [
                "Olive Oils",
                "/browse/food/olive-oils/976759_976786_2569148"
            ],
            [
                "Condiments Restock",
                "/browse/food/condiments-restock/976759_1567409_2168938_1811730_3522188"
            ],
            [
                "Organic Food Essentials",
                "/browse/food/organic-food-essentials/976759_1567409_2168938_8870296_3706415"
            ],
            [
                "Avocado Oils",
                "/browse/food/avocado-oils/976759_976786_7827119"
            ],
            [
                "Shop All Plant Based Foods",
                "/browse/food/shop-all-plant-based-foods/976759_5148628_4583057_2468673_8701847"
            ],
            [
                "Kosher Foods",
                "/browse/kosher-foods/976759_8925069"
            ]
        ]
    },
    {
        "title": "(4 Pack) McCormick Sausage Flavor Country Gravy Mix, 2.64 oz",
        "url": "https://www.walmart.com/ip/4-Pack-McCormick-Sausage-Flavor-Country-Gravy-Mix-2-64-oz/47235891",
        "price": "$3.92",
        "stars": "3.5",
        "ratings": "11 ",
        "img": "i5.walmartimages.com/asr/349f431d-3173-4099-8907-0808424d7080_1.d2c28d0228d5972039ac56c7e4d84dec.jpeg?odnWidth=612&odnHeight=612&odnBg=ffffff",
        "tags": [
            [
                "All Soup",
                "/browse/food/all-soup/976759_976794_3901881_1001359"
            ],
            [
                "Brown Gravy",
                "/browse/food/brown-gravy/976759_976786_1526042_2250794"
            ],
            [
                "Country Gravy",
                "/browse/food/country-gravy/976759_976786_1526042_2771733"
            ],
            [
                "Chicken Gravy",
                "/browse/food/chicken-gravy/976759_976786_1526042_3367971"
            ],
            [
                "Beef Gravy",
                "/browse/food/beef-gravy/976759_976786_1526042_3382468"
            ],
            [
                "Baking Restock",
                "/browse/food/baking-restock/976759_1567409_2168938_1811730_4237636"
            ],
            [
                "Sausage Gravy",
                "/browse/food/sausage-gravy/976759_976786_1526042_5812102"
            ],
            [
                "All Gravies",
                "/browse/food/all-gravies/976759_976786_1526042_7441926"
            ]
        ]
    },
    {
        "title": "Brianna'S Salad Dressing Blush Wine Vinaigrette, 12 Fl Oz",
        "url": "https://www.walmart.com/ip/Brianna-S-Salad-Dressing-Blush-Wine-Vinaigrette-12-Fl-Oz/10447942",
        "price": "$3.12",
        "stars": "5.0",
        "ratings": "30 ",
        "img": "i5.walmartimages.com/asr/5a1b04c2-6b4d-4e9b-ac07-0f3214b978a4.9f49dec63fd455bfd4de40bbb1213c1b.jpeg?odnWidth=612&odnHeight=612&odnBg=ffffff",
        "tags": [
            [
                "Ranch Dressing",
                "/browse/food/ranch-dressing/976759_976786_5730644_1345093"
            ],
            [
                "Condiments & Salad Dressing",
                "/browse/food/condiments-salad-dressing/976759_4143264_2535686_3978835_2015786"
            ],
            [
                "All Pantry Clearance and Deals",
                "/browse/food/all-pantry-clearance-deals/976759_1567409_2168938_3231932_2780184"
            ],
            [
                "All Fresh Packaged Salads, Dressings and Dips",
                "/browse/food/all-fresh-packaged-salads-dressings-dips/976759_1071964_976793_9538337_3695434"
            ],
            [
                "Specialty Dressing",
                "/browse/food/specialty-dressing/976759_976786_5730644_4547303"
            ],
            [
                "Balsamic Dressing",
                "/browse/food/balsamic-dressing/976759_976786_5730644_8476862"
            ],
            [
                "Tessemaes",
                "/browse/food/tessemaes/976759_976786_5730644_9162851"
            ],
            [
                "Dressings & Marinades",
                "/browse/food/dressings-marinades/976759_976786_9696846_3225715_9994967"
            ]
        ]
    },
    {
        "title": "(3 Pack) Smucker's Simply Fruit Seedless Red Raspberry Spreadable Fruit, 10-Ounce Jar",
        "url": "https://www.walmart.com/ip/3-Pack-Smucker-s-Simply-Fruit-Seedless-Red-Raspberry-Spreadable-Fruit-10-Ounce-Jar/47233007",
        "price": "$7.60",
        "stars": "4.6",
        "ratings": "31 ",
        "img": "i5.walmartimages.com/asr/b1c7ee80-dc9f-4c78-aea3-0b609adfa4ff_1.3b775a994bb17a40ec6209e1e76f286d.jpeg?odnWidth=612&odnHeight=612&odnBg=ffffff",
        "tags": [
            [
                "Jam, Jelly & Preserves",
                "/browse/food/jam-jelly-preserves/976759_976786_4439815_1007659"
            ],
            [
                "Sugar-Free Food Essentials",
                "/browse/food/sugar-free-food-essentials/976759_1567409_2168938_8870296_1639022"
            ],
            [
                "Sugar Free Food",
                "/browse/food/sugar-free-food/976759_1567409_3170630_2147513"
            ],
            [
                "Sugar-Free Snacks",
                "/browse/food/sugar-free-snacks/976759_976787_3455839"
            ],
            [
                "Peanut Butter and Jelly",
                "/browse/food/peanut-butter-jelly/976759_1567409_7966149_5050784"
            ],
            [
                "Raspberry Preserves",
                "/browse/food/raspberry-preserves/976759_976786_4439815_3614424_5461568"
            ],
            [
                "All Jams",
                "/browse/food/all-jams/976759_976786_4439815_4206490_5476094"
            ],
            [
                "Smucker's",
                "/browse/food/smuckers/976759_976786_4439815_7181651"
            ]
        ]
    },
    {
        "title": "McCormick Family Pack Brown Gravy Mix, 6.96 oz",
        "url": "https://www.walmart.com/ip/McCormick-Family-Pack-Brown-Gravy-Mix-6-96-oz/51222413",
        "price": "$5.34",
        "stars": "4.9",
        "ratings": "14 ",
        "img": "",
        "tags": [
            [
                "No Sugar Foods",
                "/browse/food/no-sugar-foods/976759_5004481_1858214"
            ],
            [
                "Brown Gravy",
                "/browse/food/brown-gravy/976759_976786_1526042_2250794"
            ],
            [
                "Country Gravy",
                "/browse/food/country-gravy/976759_976786_1526042_2771733"
            ],
            [
                "Chicken Gravy",
                "/browse/food/chicken-gravy/976759_976786_1526042_3367971"
            ],
            [
                "Beef Gravy",
                "/browse/food/beef-gravy/976759_976786_1526042_3382468"
            ],
            [
                "All Mixed Spices & Seasonings",
                "/browse/food/all-mixed-spices-seasonings/976759_976786_1007682_4019297_4279992"
            ],
            [
                "Low Calorie Foods",
                "/browse/food/low-calorie-foods/976759_5004481_6036545"
            ],
            [
                "All Gravies",
                "/browse/food/all-gravies/976759_976786_1526042_7441926"
            ]
        ]
    },
    {
        "title": "Busy Bee, U.S.A. Honey, 12 oz",
        "url": "https://www.walmart.com/ip/Busy-Bee-U-S-A-Honey-12-oz/10292906",
        "price": "$4.18",
        "stars": "4.2",
        "ratings": "26 ",
        "img": "",
        "tags": [
            [
                "Jam, Jelly & Preserves",
                "/browse/food/jam-jelly-preserves/976759_976786_4439815_1007659"
            ],
            [
                "Gluten-Free Foods",
                "/browse/food/gluten-free-foods/976759_1228023_1228016"
            ],
            [
                "Organic Food Essentials",
                "/browse/food/organic-food-essentials/976759_1567409_2168938_8870296_3706415"
            ],
            [
                "Gluten Free Foods",
                "/browse/food/gluten-free-foods/976759_5004481_5546296"
            ],
            [
                "Latin American Beverages",
                "/browse/food/latin-american-beverages/976759_5148628_1228025_1228103_6192172"
            ],
            [
                "Low Sodium Foods",
                "/browse/food/low-sodium-foods/976759_5004481_6733659"
            ],
            [
                "Plant Based Baking Needs",
                "/browse/food/plant-based-baking-needs/976759_5148628_4583057_2468673_6805759"
            ],
            [
                "Kosher Foods",
                "/browse/kosher-foods/976759_8925069"
            ]
        ]
    }
]