[
    {
        "title": "Corn Chex Cereal, Gluten Free, 18 oz",
        "url": "https://www.walmart.com/ip/Corn-Chex-Cereal-Gluten-Free-18-oz/36915387",
        "price": "$3.00",
        "stars": "4.8",
        "ratings": "154 ",
        "img": "i5.walmartimages.com/asr/2be6ebba-20fc-4b2e-ae30-bb6cfda2d887.3e74c740e09ee741ff68dad9f31f45f5.jpeg?odnWidth=612&odnHeight=612&odnBg=ffffff",
        "tags": [
            [
                "Kids' Favorites",
                "/browse/food/kids-favorites/976759_976783_2440347"
            ],
            [
                "All Cereal",
                "/browse/food/all-cereal/976759_976783_1231208_4423991"
            ],
            [
                "Healthy Cereal",
                "/browse/food/healthy-cereal/976759_976783_1231208_4795883"
            ],
            [
                "Gluten Free Foods",
                "/browse/food/gluten-free-foods/976759_5004481_5546296"
            ],
            [
                "Kids' Cereal",
                "/browse/food/kids-cereal/976759_976783_1231208_5549868"
            ],
            [
                "Kellogg's Cereals",
                "/browse/food/kelloggs-cereals/976759_976783_1231208_5607655"
            ],
            [
                "Gluten Free Cereal",
                "/browse/food/gluten-free-cereal/976759_976783_1231208_6180608"
            ],
            [
                "Kid's Breakfast",
                "/browse/food/kids-breakfast/976759_1567409_7966149_6779439"
            ]
        ]
    },
    {
        "title": "(2 Pack) Bertolli\u00ae Tomato & Basil Pasta Sauce, 24 oz.",
        "url": "https://www.walmart.com/ip/2-Pack-Bertolli-Tomato-Basil-Pasta-Sauce-24-oz/355654487",
        "price": "$4.11",
        "stars": "4.5",
        "ratings": "111 ",
        "img": "i5.walmartimages.com/asr/5f095359-97e4-42af-a774-d4f84bccd12c.6f25bfa47cae66c438af8a1b79f415c6.png?odnWidth=612&odnHeight=612&odnBg=ffffff",
        "tags": [
            [
                "Pasta & Noodles",
                "/browse/food/pasta-noodles/976759_976794_1007519"
            ],
            [
                "Sauces",
                "/browse/food/sauces/976759_976786_1076366"
            ],
            [
                "All Meals and Sides",
                "/browse/food/all-meals-sides/976759_1071964_976789_2133672_1535108"
            ],
            [
                "Canned Tomatoes",
                "/browse/food/canned-tomatoes/976759_976794_976785_2009430"
            ],
            [
                "Pasta Sauce",
                "/browse/food/pasta-sauce/976759_976794_2775278"
            ],
            [
                "Vegan Foods",
                "/browse/food/vegan-foods/976759_5004481_6794259"
            ],
            [
                "Gluten Free Meals & Side Dishes",
                "/browse/food/gluten-free-meals-side-dishes/976759_5148628_4583057_1250486_9821290"
            ],
            [
                "Easy Kid's Dinners",
                "/browse/food/easy-kids-dinners/976759_1567409_7966149_9873756"
            ]
        ]
    },
    {
        "title": "(6 Pack) Sam's Choice Italia Potato Gnocchi, 500g",
        "url": "https://www.walmart.com/ip/6-Pack-Sam-s-Choice-Italia-Potato-Gnocchi-500g/47240176",
        "price": "$10.43",
        "stars": "3.6",
        "ratings": "39 ",
        "img": "i5.walmartimages.com/asr/189044fa-30f2-405c-b260-08f98155845b_3.1fb12feb868718c6eacec70df1a96ab4.jpeg?odnWidth=612&odnHeight=612&odnBg=ffffff",
        "tags": [
            [
                "Canned Ready to Eat Meals",
                "/browse/food/canned-ready-to-eat-meals/976759_976794_976785_1001348"
            ],
            [
                "Pasta & Noodles",
                "/browse/food/pasta-noodles/976759_976794_1007519"
            ],
            [
                "Prepared Foods",
                "/browse/food/prepared-foods/976759_1071964_976789_1018822"
            ],
            [
                "All Meals and Sides",
                "/browse/food/all-meals-sides/976759_1071964_976789_2133672_1535108"
            ],
            [
                "Pasta Sauce",
                "/browse/food/pasta-sauce/976759_976794_2775278"
            ],
            [
                "Frozen Pasta",
                "/browse/food/frozen-pasta/976759_976791_7089533"
            ],
            [
                "Kid's Lunches",
                "/browse/food/kids-lunches/976759_1567409_7966149_7561098"
            ],
            [
                "Easy Kid's Dinners",
                "/browse/food/easy-kids-dinners/976759_1567409_7966149_9873756"
            ]
        ]
    },
    {
        "title": "Great Value Classic Roast Medium Ground Coffee Value Size, 48 oz",
        "url": "https://www.walmart.com/ip/Great-Value-Classic-Roast-Medium-Ground-Coffee-Value-Size-48-oz/43177566",
        "price": "$7.92",
        "stars": "4.7",
        "ratings": "941 ",
        "img": "i5.walmartimages.com/asr/3680d8f0-8ba6-4fb7-aee0-02459d4a4993_2.341479eb64c34027f16792e8b08f689f.jpeg?odnWidth=612&odnHeight=612&odnBg=ffffff",
        "tags": [
            [
                "Folgers Ground Coffee",
                "/browse/food/folgers-ground-coffee/976759_1086446_3100047_1674140"
            ],
            [
                "Arabica Coffee",
                "/browse/food/arabica-coffee/976759_1086446_2559085"
            ],
            [
                "Colombian Coffee",
                "/browse/food/colombian-coffee/976759_1086446_3908418"
            ],
            [
                "Cold Weather Beverages",
                "/browse/food/cold-weather-beverages/976759_1567409_6592518_4126576"
            ],
            [
                "Fueling Beverages",
                "/browse/food/fueling-beverages/976759_4321481_5471594"
            ],
            [
                "Caffeinated Drinks",
                "/browse/food/caffeinated-drinks/976759_1567409_3591080_6925074"
            ],
            [
                "Coffee & Coffee Pods",
                "/browse/food/coffee-coffee-pods/976759_1086446_7238690"
            ],
            [
                "Gaming Snacks & Drinks",
                "/browse/food/gaming-snacks-drinks/976759_1567409_8254504"
            ]
        ]
    },
    {
        "title": "Malt-O-Meal Breakfast Cereal, Frosted Mini Spooners, 50.1 Oz Zip Bag",
        "url": "https://www.walmart.com/ip/Malt-O-Meal-Breakfast-Cereal-Frosted-Mini-Spooners-50-1-Oz-Zip-Bag/44662637",
        "price": "$5.83",
        "stars": "4.8",
        "ratings": "169 ",
        "img": "i5.walmartimages.com/asr/f3420e4c-c3d0-4e20-881e-4b7c67f4bd7b_1.ed1725c0bb14d064eb9d9ae5252e94c4.jpeg?odnWidth=612&odnHeight=612&odnBg=ffffff",
        "tags": [
            [
                "Post Cereal",
                "/browse/food/post-cereal/976759_976783_1231208_3470568"
            ],
            [
                "All Cereal",
                "/browse/food/all-cereal/976759_976783_1231208_4423991"
            ],
            [
                "General Mills Cereal",
                "/browse/food/general-mills-cereal/976759_976783_1231208_4498827"
            ],
            [
                "Bag Cereal",
                "/browse/food/bag-cereal/976759_976783_1231208_4666564"
            ],
            [
                "Healthy Cereal",
                "/browse/food/healthy-cereal/976759_976783_1231208_4795883"
            ],
            [
                "Kids' Cereal",
                "/browse/food/kids-cereal/976759_976783_1231208_5549868"
            ],
            [
                "High Fiber Foods",
                "/browse/food/high-fiber-foods/976759_5004481_9339140"
            ]
        ]
    },
    {
        "title": "Kellogg's Corn Flakes, Breakfast Cereal, Original, 24 Oz",
        "url": "https://www.walmart.com/ip/Kellogg-s-Corn-Flakes-Breakfast-Cereal-Original-24-Oz/191554572",
        "price": "$3.64",
        "stars": "4.8",
        "ratings": "373 ",
        "img": "i5.walmartimages.com/asr/526fe233-1657-48d1-8e9b-8676d3e78cef_1.57d04ae1427640edbb514739e538fbb2.jpeg?odnWidth=612&odnHeight=612&odnBg=ffffff",
        "tags": [
            [
                "Kids' Favorites",
                "/browse/food/kids-favorites/976759_976783_2440347"
            ],
            [
                "Kellogg's Cereal",
                "/browse/food/kelloggs-cereal/976759_2606229_4002011"
            ],
            [
                "All Cereal",
                "/browse/food/all-cereal/976759_976783_1231208_4423991"
            ],
            [
                "General Mills Cereal",
                "/browse/food/general-mills-cereal/976759_976783_1231208_4498827"
            ],
            [
                "Kids' Cereal",
                "/browse/food/kids-cereal/976759_976783_1231208_5549868"
            ],
            [
                "Kellogg's Cereals",
                "/browse/food/kelloggs-cereals/976759_976783_1231208_5607655"
            ],
            [
                "Kid's Breakfast",
                "/browse/food/kids-breakfast/976759_1567409_7966149_6779439"
            ],
            [
                "Shop Kellogg's",
                "/browse/shop-kelloggs/976759_7786229"
            ]
        ]
    },
    {
        "title": "Post, Grape Nuts Breakfast Cereal, The Original, 29 Oz",
        "url": "https://www.walmart.com/ip/Post-Grape-Nuts-Breakfast-Cereal-The-Original-29-Oz/35044567",
        "price": "$3.74",
        "stars": "4.8",
        "ratings": "281 ",
        "img": "i5.walmartimages.com/asr/e8a71c25-b50b-4a69-afd8-19b329ce46ca_1.3553819ae434335503ff033e2b88a16b.jpeg?odnWidth=612&odnHeight=612&odnBg=ffffff",
        "tags": [
            [
                "Kids' Favorites",
                "/browse/food/kids-favorites/976759_976783_2440347"
            ],
            [
                "All Cereal",
                "/browse/food/all-cereal/976759_976783_1231208_4423991"
            ],
            [
                "Healthy Cereal",
                "/browse/food/healthy-cereal/976759_976783_1231208_4795883"
            ],
            [
                "Kids' Cereal",
                "/browse/food/kids-cereal/976759_976783_1231208_5549868"
            ],
            [
                "Kellogg's Cereals",
                "/browse/food/kelloggs-cereals/976759_976783_1231208_5607655"
            ],
            [
                "Kid's Breakfast",
                "/browse/food/kids-breakfast/976759_1567409_7966149_6779439"
            ],
            [
                "Shop Kellogg's",
                "/browse/shop-kelloggs/976759_7786229"
            ],
            [
                "High Fiber Foods",
                "/browse/food/high-fiber-foods/976759_5004481_9339140"
            ]
        ]
    },
    {
        "title": "Nerds Gummy Clusters Candy Stand Up Bag, 8oz",
        "url": "https://www.walmart.com/ip/Nerds-Gummy-Clusters-Candy-Stand-Up-Bag-8oz/853921436",
        "price": "$2.48",
        "stars": "4.9",
        "ratings": "35 ",
        "img": "i5.walmartimages.com/asr/e9d886cb-12ca-4bbd-8630-fb8af994bb82.16e5bdf30c026777a8ec50f601fb4333.jpeg?odnWidth=612&odnHeight=612&odnBg=ffffff",
        "tags": [
            [
                "Children's Party",
                "/browse/food/childrens-party/976759_1096070_1224980_1381998"
            ],
            [
                "Hard Candy",
                "/browse/food/hard-candy/976759_1096070_1224979_3137292"
            ],
            [
                "Office Candy",
                "/browse/food/office-candy/976759_1096070_1224980_6270829"
            ],
            [
                "Halloween Trick or Treat",
                "/browse/food/halloween-trick-treat/976759_1567409_2107086_6041305_8139682"
            ],
            [
                "Wholesale Candy",
                "/browse/food/wholesale-candy/976759_1096070_1224980_8149011"
            ]
        ]
    },
    {
        "title": "Pringles, Potato Crisps Chips, Sour Cream and Onion Flavored, Snack Stacks, 12 Ct, 8.8 Oz",
        "url": "https://www.walmart.com/ip/Pringles-Potato-Crisps-Chips-Sour-Cream-and-Onion-Flavored-Snack-Stacks-12-Ct-8-8-Oz/24447061",
        "price": "$4.87",
        "stars": "4.6",
        "ratings": "49 ",
        "img": "i5.walmartimages.com/asr/78b98bbe-9fa7-4aa2-8740-6c66603ffb2f.64dd69435cec8ba1cbdfa4c05a4ed8fd.jpeg?odnWidth=612&odnHeight=612&odnBg=ffffff",
        "tags": [
            [
                "Pringles & Cheez-It",
                "/browse/pringles-cheez-it/976759_1863726"
            ],
            [
                "All Chips",
                "/browse/food/all-chips/976759_976787_1001390_2774520"
            ],
            [
                "Pringles Convenient Pack",
                "/browse/food/pringles-convenient-pack/976759_976787_1001390_6288637_3119101"
            ],
            [
                "All Potato Chips",
                "/browse/food/all-potato-chips/976759_976787_1001390_4402657_6099985"
            ],
            [
                "Study Snacks",
                "/browse/food/study-snacks/976759_1567409_3591080_6794842"
            ],
            [
                "Lunchbox Favorites",
                "/browse/food/lunchbox-favorites/976759_976787_7186343"
            ],
            [
                "Shop Kellogg's",
                "/browse/shop-kelloggs/976759_7786229"
            ],
            [
                "Variety Pack Chips",
                "/browse/food/variety-pack-chips/976759_976787_1001390_9634100"
            ]
        ]
    },
    {
        "title": "M&M'S Peanut Chocolate Candy, 38-Ounce Party Size Bag",
        "url": "https://www.walmart.com/ip/M-M-S-Peanut-Chocolate-Candy-38-Ounce-Party-Size-Bag/785963844",
        "price": "$8.98",
        "stars": "4.8",
        "ratings": "1867 ",
        "img": "i5.walmartimages.com/asr/44d36fad-6887-4f9d-8c39-8a9941f1376b_1.ed9471b51712112a72e568b7cc13182a.jpeg?odnWidth=612&odnHeight=612&odnBg=ffffff",
        "tags": [
            [
                "Shop All Cold Packed Chocolates",
                "/browse/food/shop-all-cold-packed-chocolates/976759_1567409_7329770_1414143"
            ],
            [
                "Shop All Chocolate",
                "/browse/food/shop-all-chocolate/976759_1096070_1224976_2323697"
            ],
            [
                "Halloween Chocolate",
                "/browse/food/halloween-chocolate/976759_1567409_2107086_6041305_2967282"
            ],
            [
                "Mars Wrigley Halloween Candy",
                "/browse/food/mars-wrigley-halloween-candy/976759_1567409_2107086_6041305_5369737"
            ],
            [
                "All Halloween Candy",
                "/browse/food/all-halloween-candy/976759_1567409_2107086_6041305_9735259"
            ],
            [
                "Milk Chocolate",
                "/browse/food/milk-chocolate/976759_1096070_1224976_9905281"
            ],
            [
                "Shop All Cold Packed Groceries",
                "/browse/food/shop-all-cold-packed-groceries/976759_1567409_7329770_9969026"
            ]
        ]
    }
]