[
    {
        "title": "(2 Pack) MiO Orange Vanilla Sugar Free, Caffeine Free Liquid Water Enhancer, 1.62 fl oz Bottles",
        "url": "https://www.walmart.com/ip/2-Pack-MiO-Orange-Vanilla-Sugar-Free-Caffeine-Free-Liquid-Water-Enhancer-1-62-fl-oz-Bottles/563012285",
        "price": "$5.96",
        "stars": "4.6",
        "ratings": "146 ",
        "img": "i5.walmartimages.com/asr/5274f254-909f-49b1-bd7b-e214bdff3e5e.9f11800af37615d3532b50f66409971c.jpeg?odnWidth=612&odnHeight=612&odnBg=ffffff",
        "tags": [
            [
                "Lemonade Mixes",
                "/browse/food/lemonade-mixes/976759_976782_1001683_1523809"
            ],
            [
                "Crystal Light Powdered Drink Mixes",
                "/browse/food/crystal-light-powdered-drink-mixes/976759_976782_1001683_1642912"
            ],
            [
                "MiO",
                "/browse/food/mio/976759_976782_1228026_3661362"
            ],
            [
                "All Water Flavoring",
                "/browse/food/all-water-flavoring/976759_976782_1228026_3989315"
            ],
            [
                "Mio Water Enhancers",
                "/browse/food/mio-water-enhancers/976759_976782_1001683_5140886"
            ],
            [
                "Lemonade Powder",
                "/browse/food/lemonade-powder/976759_976782_1001683_6409542"
            ],
            [
                "Lemonade Drinks",
                "/browse/food/lemonade-drinks/976759_976782_8445321"
            ]
        ]
    },
    {
        "title": "Starbucks VIA Instant Coffee Medium Roast Packets \u2014 Colombia \u2014 1 box (8 packets)",
        "url": "https://www.walmart.com/ip/Starbucks-VIA-Instant-Coffee-Medium-Roast-Packets-Colombia-1-box-8-packets/16676949",
        "price": "$5.34",
        "stars": "4.5",
        "ratings": "286 ",
        "img": "i5.walmartimages.com/asr/bb2354af-56b3-4bb3-9b9f-34b511e6cd6c_1.14b037cb5dacc76c07002f4e250d5a9c.jpeg?odnWidth=612&odnHeight=612&odnBg=ffffff",
        "tags": [
            [
                "Colombian Coffee",
                "/browse/food/colombian-coffee/976759_1086446_3908418"
            ],
            [
                "Cold Weather Beverages",
                "/browse/food/cold-weather-beverages/976759_1567409_6592518_4126576"
            ],
            [
                "Starbucks Ground Coffee",
                "/browse/food/starbucks-ground-coffee/976759_1086446_2986178_5925252"
            ],
            [
                "All Instant Coffee",
                "/browse/food/all-instant-coffee/976759_1086446_1229650_6624280"
            ],
            [
                "Caffeinated Drinks",
                "/browse/food/caffeinated-drinks/976759_1567409_3591080_6925074"
            ],
            [
                "Coffee & Coffee Pods",
                "/browse/food/coffee-coffee-pods/976759_1086446_7238690"
            ],
            [
                "Nescafe Instant Coffee",
                "/browse/food/nescafe-instant-coffee/976759_1086446_1229650_7429052"
            ],
            [
                "All Starbucks",
                "/browse/food/all-starbucks/976759_1086446_2986178_7830797"
            ]
        ]
    },
    {
        "title": "(12 Bottles) Eternal Energy Shot, Grape, 1.93 Fl Oz",
        "url": "https://www.walmart.com/ip/12-Bottles-Eternal-Energy-Shot-Grape-1-93-Fl-Oz/47227021",
        "price": "$8.96",
        "stars": "4.7",
        "ratings": "145 ",
        "img": "i5.walmartimages.com/asr/3fe7df0a-0a5c-40f6-883a-af528a5cfbe0_1.1389cf483a5180462fb03bb9d3c43b5b.jpeg?odnWidth=612&odnHeight=612&odnBg=ffffff",
        "tags": [
            [
                "5-Hour Energy Shots",
                "/browse/food/5-hour-energy-shots/976759_976782_9357528_1525474"
            ],
            [
                "V8 Energy",
                "/browse/food/v8-energy/976759_976782_1001321_1805985"
            ],
            [
                "Energy Shots",
                "/browse/food/energy-shots/976759_976782_9357528_3061434"
            ],
            [
                "Monster Energy Drinks",
                "/browse/food/monster-energy-drinks/976759_976782_9357528_4806887"
            ],
            [
                "Fueling Beverages",
                "/browse/food/fueling-beverages/976759_4321481_5471594"
            ],
            [
                "Sports & Energy",
                "/browse/food/sports-energy/976759_976782_5795119_6770310"
            ],
            [
                "V8 Energy Drinks",
                "/browse/food/v8-energy-drinks/976759_976782_9357528_8894134"
            ],
            [
                "Red Bull Energy Drinks",
                "/browse/food/red-bull-energy-drinks/976759_976782_9357528_9276537"
            ]
        ]
    },
    {
        "title": "CARNATION BREAKFAST ESSENTIALS Strawberry Sensation 10-1.26 oz. Packets",
        "url": "https://www.walmart.com/ip/CARNATION-BREAKFAST-ESSENTIALS-Strawberry-Sensation-10-1-26-oz-Packets/52761537",
        "price": "$4.37",
        "stars": "4.5",
        "ratings": "295 ",
        "img": "i5.walmartimages.com/asr/7a1ccf27-195d-4dc4-adcf-99cc328842b2.e8d96a8f79fe9598b12d7eb4451fe69d.jpeg?odnWidth=612&odnHeight=612&odnBg=ffffff",
        "tags": [
            [
                "On-the-Go Nutrition",
                "/browse/health/on-the-go-nutrition/976760_1005859_1006979"
            ],
            [
                "Beach Body Ready",
                "/browse/health/beach-body-ready/976760_1005859_1306870"
            ],
            [
                "Weight Management On the Go",
                "/browse/health/weight-management-on-the-go/976760_1005859_1354991"
            ],
            [
                "Carnation Breakfast Essentials Powder",
                "/browse/health/carnation-breakfast-essentials-powder/976760_1005859_1492171"
            ],
            [
                "Busy Lifestyle Formats",
                "/browse/health/busy-lifestyle-formats/976760_1166769_4620565"
            ],
            [
                "Meal Replacement Shakes",
                "/browse/health/meal-replacement-shakes/976760_1005859_5791327"
            ],
            [
                "Carnation Breakfast Essentials High Protein",
                "/browse/health/carnation-breakfast-essentials-high-protein/976760_1005859_7471173"
            ],
            [
                "Weight Gainers",
                "/browse/health/weight-gainers/976760_1166769_8418486"
            ]
        ]
    },
    {
        "title": "Starbucks Flavored Ground Coffee \u2014 Vanilla \u2014 No Artificial Flavors \u2014 1 bag (11 oz.)",
        "url": "https://www.walmart.com/ip/Starbucks-Flavored-Ground-Coffee-Vanilla-No-Artificial-Flavors-1-bag-11-oz/15556548",
        "price": "$6.27",
        "stars": "4.7",
        "ratings": "89 ",
        "img": "i5.walmartimages.com/asr/41e71513-3ea5-4b3d-87b9-cfe76f03e745.dc6a635ae9631866ad9e3f36ef81edb0.jpeg?odnWidth=612&odnHeight=612&odnBg=ffffff",
        "tags": [
            [
                "Whole Bean Coffee",
                "/browse/food/whole-bean-coffee/976759_1086446_1229652"
            ],
            [
                "Cold Weather Beverages",
                "/browse/food/cold-weather-beverages/976759_1567409_6592518_4126576"
            ],
            [
                "Starbucks Ground Coffee",
                "/browse/food/starbucks-ground-coffee/976759_1086446_2986178_5925252"
            ],
            [
                "Coffee & Coffee Pods",
                "/browse/food/coffee-coffee-pods/976759_1086446_7238690"
            ],
            [
                "Starbucks Whole Bean Coffee",
                "/browse/food/starbucks-whole-bean-coffee/976759_1086446_2986178_7654038"
            ],
            [
                "All Starbucks",
                "/browse/food/all-starbucks/976759_1086446_2986178_7830797"
            ],
            [
                "Flavored Ground Coffee",
                "/browse/food/flavored-ground-coffee/976759_1086446_8200909"
            ],
            [
                "Mocha Mix",
                "/browse/food/mocha-mix/976759_1086446_8415600"
            ]
        ]
    },
    {
        "title": "Gevalia French Roast Ground Coffee, Caffeinated, 12 oz Bag",
        "url": "https://www.walmart.com/ip/Gevalia-French-Roast-Ground-Coffee-Caffeinated-12-oz-Bag/19477392",
        "price": "$5.98",
        "stars": "4.7",
        "ratings": "165 ",
        "img": "i5.walmartimages.com/asr/7a4ab473-d895-461f-bf64-edb1389d0159.1edcfb761c11d9be1fb3b12ab2230174.jpeg?odnWidth=612&odnHeight=612&odnBg=ffffff",
        "tags": [
            [
                "Arabica Coffee",
                "/browse/food/arabica-coffee/976759_1086446_2559085"
            ],
            [
                "All Gevalia",
                "/browse/food/all-gevalia/976759_1086446_9208550_3568271"
            ],
            [
                "Cold Weather Beverages",
                "/browse/food/cold-weather-beverages/976759_1567409_6592518_4126576"
            ],
            [
                "Espresso",
                "/browse/food/espresso/976759_1086446_4366064"
            ],
            [
                "Starbucks Ground Coffee",
                "/browse/food/starbucks-ground-coffee/976759_1086446_2986178_5925252"
            ],
            [
                "Coffee & Coffee Pods",
                "/browse/food/coffee-coffee-pods/976759_1086446_7238690"
            ],
            [
                "All Starbucks",
                "/browse/food/all-starbucks/976759_1086446_2986178_7830797"
            ],
            [
                "Gevalia Ground Coffee",
                "/browse/food/gevalia-ground-coffee/976759_1086446_9208550_8102010"
            ]
        ]
    },
    {
        "title": "Folgers Classic Roast Coffee K-Cup Pods, Medium Roast Coffee, 60-Count",
        "url": "https://www.walmart.com/ip/Folgers-Classic-Roast-Coffee-K-Cup-Pods-Medium-Roast-Coffee-60-Count/134207077",
        "price": "$26.72",
        "stars": "4.8",
        "ratings": "845 ",
        "img": "i5.walmartimages.com/asr/4204b1f9-94df-49fc-86b8-0268d2f728fb_1.79a55cd3c1cba479bde3b1fc1d0904ea.jpeg?odnWidth=612&odnHeight=612&odnBg=ffffff",
        "tags": [
            [
                "Arabica Coffee",
                "/browse/food/arabica-coffee/976759_1086446_2559085"
            ],
            [
                "Folgers Coffee Pods",
                "/browse/food/folgers-coffee-pods/976759_1086446_3100047_2740006"
            ],
            [
                "Cold Weather Beverages",
                "/browse/food/cold-weather-beverages/976759_1567409_6592518_4126576"
            ],
            [
                "Caffeinated Drinks",
                "/browse/food/caffeinated-drinks/976759_1567409_3591080_6925074"
            ],
            [
                "Coffee & Coffee Pods",
                "/browse/food/coffee-coffee-pods/976759_1086446_7238690"
            ],
            [
                "Keurig K-Cups & Coffee Pods",
                "/browse/food/keurig-k-cups-coffee-pods/976759_1086446_8135897"
            ],
            [
                "All Folgers Coffee",
                "/browse/food/all-folgers-coffee/976759_1086446_3100047_8271556"
            ],
            [
                "Maxwell House Coffee Pods",
                "/browse/food/maxwell-house-coffee-pods/976759_1086446_9154767_8284403"
            ]
        ]
    },
    {
        "title": "(Pack of 4) Yogi Tea, Honey Lavender Stress Relief Tea, Tea Bags, 16 Ct, 1.02 OZ",
        "url": "https://www.walmart.com/ip/Pack-of-4-Yogi-Tea-Honey-Lavender-Stress-Relief-Tea-Tea-Bags-16-Ct-1-02-OZ/239565400",
        "price": "$15.36",
        "stars": "4.7",
        "ratings": "73 ",
        "img": "i5.walmartimages.com/asr/a160ab93-a2ea-4e0d-b34e-d529c3827648_1.d6cf30e02693d01a3ba573095893cb34.jpeg?odnWidth=612&odnHeight=612&odnBg=ffffff",
        "tags": [
            [
                "Tea Bags",
                "/browse/food/tea-bags/976759_976782_1001320_4408773"
            ],
            [
                "Coffee Tea & Cocoa",
                "/browse/food/coffee-tea-cocoa/976759_1567409_3170630_4711982"
            ],
            [
                "Teas for Sleep and Relaxation",
                "/browse/food/teas-for-sleep-relaxation/976759_1567409_3170630_6268443"
            ],
            [
                "New Year New You Tea",
                "/browse/food/new-year-new-you-tea/976759_1567409_3170630_8965564"
            ],
            [
                "Green Tea",
                "/browse/food/green-tea/976759_976782_1001320_9256367"
            ],
            [
                "Supplements & Food for Sleep and Relaxation",
                "/browse/food/supplements-food-for-sleep-relaxation/976759_1567409_3170630_9343305"
            ],
            [
                "Yogi Tea",
                "/browse/food/yogi-tea/976759_976782_1001320_9454938"
            ],
            [
                "Herbal Tea",
                "/browse/food/herbal-tea/976759_976782_1001320_9515255"
            ]
        ]
    },
    {
        "title": "Dunkin' Decaf K-Cup Pods, 8.14-Ounce, 22-Count (Packaging May Vary)",
        "url": "https://www.walmart.com/ip/Dunkin-Decaf-K-Cup-Pods-8-14-Ounce-22-Count-Packaging-May-Vary/945802443",
        "price": "$14.96",
        "stars": "4.6",
        "ratings": "165 ",
        "img": "i5.walmartimages.com/asr/ed23433a-d6dd-4d3e-aa05-3ea69326f21d.01e57307cca64b918f27cf24fe86909d.jpeg?odnWidth=612&odnHeight=612&odnBg=ffffff",
        "tags": [
            [
                "Green Mountain Coffee Pods",
                "/browse/food/green-mountain-coffee-pods/976759_1086446_6490624_2544553"
            ],
            [
                "Arabica Coffee",
                "/browse/food/arabica-coffee/976759_1086446_2559085"
            ],
            [
                "Cold Weather Beverages",
                "/browse/food/cold-weather-beverages/976759_1567409_6592518_4126576"
            ],
            [
                "Coffee & Coffee Pods",
                "/browse/food/coffee-coffee-pods/976759_1086446_7238690"
            ],
            [
                "Keurig K-Cups & Coffee Pods",
                "/browse/food/keurig-k-cups-coffee-pods/976759_1086446_8135897"
            ],
            [
                "Dunkin' Coffee Pods",
                "/browse/food/dunkin-coffee-pods/976759_1086446_7630289_9158188"
            ],
            [
                "Decaf K Cups",
                "/browse/food/decaf-k-cups/976759_1086446_2901896_9161249"
            ],
            [
                "All Decaf Coffee",
                "/browse/food/all-decaf-coffee/976759_1086446_2901896_9623975"
            ]
        ]
    },
    {
        "title": "Dunkin' Donuts Cinnamon Coffee Roll Flavored Ground Coffee, 11-Ounce",
        "url": "https://www.walmart.com/ip/Dunkin-Donuts-Cinnamon-Coffee-Roll-Flavored-Ground-Coffee-11-Ounce/40515319",
        "price": "$6.98",
        "stars": "4.8",
        "ratings": "91 ",
        "img": "i5.walmartimages.com/asr/442cd89f-953b-43cc-9c1a-f8782c3fd31f_1.24a45bc9d5e4d8d5219341d3a59c4fd8.jpeg?odnWidth=612&odnHeight=612&odnBg=ffffff",
        "tags": [
            [
                "Arabica Coffee",
                "/browse/food/arabica-coffee/976759_1086446_2559085"
            ],
            [
                "Dunkin' Ground Coffee",
                "/browse/food/dunkin-ground-coffee/976759_1086446_7630289_3757029"
            ],
            [
                "Cold Weather Beverages",
                "/browse/food/cold-weather-beverages/976759_1567409_6592518_4126576"
            ],
            [
                "Starbucks Ground Coffee",
                "/browse/food/starbucks-ground-coffee/976759_1086446_2986178_5925252"
            ],
            [
                "Coffee & Coffee Pods",
                "/browse/food/coffee-coffee-pods/976759_1086446_7238690"
            ],
            [
                "All Starbucks",
                "/browse/food/all-starbucks/976759_1086446_2986178_7830797"
            ],
            [
                "Flavored Ground Coffee",
                "/browse/food/flavored-ground-coffee/976759_1086446_8200909"
            ],
            [
                "All Folgers Coffee",
                "/browse/food/all-folgers-coffee/976759_1086446_3100047_8271556"
            ]
        ]
    }
]