[
    {
        "title": "Bagel Bites Three Cheese Pizza Snacks 40ct 31.1 oz",
        "url": "https://www.walmart.com/ip/Bagel-Bites-Three-Cheese-Pizza-Snacks-40ct-31-1-oz/10801631",
        "price": "$7.98",
        "stars": "4.6",
        "ratings": "345 ",
        "img": "i5.walmartimages.com/asr/b7dc9f6d-9d0b-4609-9f3a-7483ad42c6dc.250d0e459a53b9aab103525ad0240d7f.jpeg?odnWidth=612&odnHeight=612&odnBg=ffffff",
        "tags": [
            [
                "All Fresh Fruit",
                "/browse/food/all-fresh-fruit/976759_1071964_976793_9756351_1759962"
            ],
            [
                "Bananas",
                "/browse/food/bananas/976759_1071964_976793_9756351_2787146"
            ],
            [
                "All Cereal",
                "/browse/food/all-cereal/976759_976783_1231208_4423991"
            ],
            [
                "Movie Night Foods and Drinks",
                "/browse/food/movie-night-foods-drinks/976759_976787_4460428"
            ],
            [
                "Kellogg's Cereals",
                "/browse/food/kelloggs-cereals/976759_976783_1231208_5607655"
            ],
            [
                "Shop Kellogg's",
                "/browse/shop-kelloggs/976759_7786229"
            ]
        ]
    },
    {
        "title": "Pillsbury Toaster Scrambles Bacon & Sausage Frozen Breakfast 14.4 oz",
        "url": "https://www.walmart.com/ip/Pillsbury-Toaster-Scrambles-Bacon-Sausage-Frozen-Breakfast-14-4-oz/125652634",
        "price": null,
        "stars": "2.6",
        "ratings": "11 ",
        "img": "i5.walmartimages.com/asr/c37c94bf-b514-4f4c-8cf3-5828d1125519_1.3bf56e14f268f62c8c5e07c78c325bbc.jpeg?odnWidth=612&odnHeight=612&odnBg=ffffff",
        "tags": [
            [
                "Sandwiches",
                "/browse/food/sandwiches/976759_1071964_976789_1001431"
            ],
            [
                "Frozen Sandwiches",
                "/browse/food/frozen-sandwiches/976759_976791_1044113"
            ],
            [
                "New and Limited Time Only Pop-Tarts and Toaster Pastries",
                "/browse/food/new-limited-time-only-pop-tarts-toaster-pastries/976759_976783_3031519"
            ],
            [
                "General Mills Box Tops Frozen",
                "/browse/food/general-mills-box-tops-frozen/976759_2606229_6093697"
            ],
            [
                "All Frozen Breakfast",
                "/browse/food/all-frozen-breakfast/976759_976791_1001417_7605033"
            ],
            [
                "Shop Kellogg's",
                "/browse/shop-kelloggs/976759_7786229"
            ],
            [
                "Frozen Bread",
                "/browse/food/frozen-bread/976759_976791_8946035"
            ],
            [
                "Pop-Tarts",
                "/browse/food/pop-tarts/976759_2606229_9334013"
            ]
        ]
    },
    {
        "title": "Bertolli Frozen Skillet Meals Family Size Chicken Florentine & Farfalle, 36 Oz",
        "url": "https://www.walmart.com/ip/Bertolli-Frozen-Skillet-Meals-Family-Size-Chicken-Florentine-Farfalle-36-Oz/313263803",
        "price": "$8.98",
        "stars": "4.7",
        "ratings": "3 ",
        "img": "i5.walmartimages.com/asr/41fcc5ac-9fb5-4922-af4e-5a4bccfac410.ad4bc5c4f5992c791fa2758d0ce84589.jpeg?odnWidth=612&odnHeight=612&odnBg=ffffff",
        "tags": [
            [
                "Canned Ready to Eat Meals",
                "/browse/food/canned-ready-to-eat-meals/976759_976794_976785_1001348"
            ],
            [
                "Frozen Dinners & Meals",
                "/browse/food/frozen-dinners-meals/976759_976791_5511284_1001412"
            ],
            [
                "Boxed Meals",
                "/browse/food/boxed-meals/976759_976794_6223225_1001477"
            ],
            [
                "Frozen Meat",
                "/browse/food/frozen-meat/976759_976791_5295075_1230001"
            ],
            [
                "Frozen Pork",
                "/browse/food/frozen-pork/976759_976791_5295075_6701671"
            ],
            [
                "Heatlhy Frozen Meals",
                "/browse/food/heatlhy-frozen-meals/976759_976791_5511284_6940360"
            ],
            [
                "Frozen Chicken",
                "/browse/food/frozen-chicken/976759_976791_5295075_8609714"
            ],
            [
                "Canned Pasta",
                "/browse/food/canned-pasta/976759_976794_6223225_9403505"
            ]
        ]
    },
    {
        "title": "Gorton's Crunchy Breaded Fish Fillets, 10 count",
        "url": "https://www.walmart.com/ip/Gorton-s-Crunchy-Breaded-Fish-Fillets-10-count/10794641",
        "price": "$4.98",
        "stars": "3.8",
        "ratings": "27 ",
        "img": "i5.walmartimages.com/asr/cf8c078a-9ea2-4e5d-b01a-11d2a7c8b8c5_1.d3e728c4763b0ba85617861ff0e8cefa.jpeg?odnWidth=612&odnHeight=612&odnBg=ffffff",
        "tags": [
            [
                "Frozen Dinners & Meals",
                "/browse/food/frozen-dinners-meals/976759_976791_5511284_1001412"
            ],
            [
                "Frozen Seafood",
                "/browse/food/frozen-seafood/976759_976791_5295075_1001782"
            ],
            [
                "All Fresh Fruit",
                "/browse/food/all-fresh-fruit/976759_1071964_976793_9756351_1759962"
            ],
            [
                "Bananas",
                "/browse/food/bananas/976759_1071964_976793_9756351_2787146"
            ],
            [
                "Chicken Thighs, Drumsticks & Wings",
                "/browse/food/chicken-thighs-drumsticks-wings/976759_1071964_976796_1001443_6133868"
            ],
            [
                "Frozen Chicken",
                "/browse/food/frozen-chicken/976759_976791_5295075_8609714"
            ],
            [
                "Frozen Fish",
                "/browse/food/frozen-fish/976759_976791_5295075_8679710"
            ]
        ]
    },
    {
        "title": "Smart Ones Tasty American Favorites Ham and Cheese Scramble 6.49 oz Box",
        "url": "https://www.walmart.com/ip/Smart-Ones-Tasty-American-Favorites-Ham-and-Cheese-Scramble-6-49-oz-Box/15716510",
        "price": "$1.66",
        "stars": "4.0",
        "ratings": "33 ",
        "img": "i5.walmartimages.com/asr/8a26fe24-281b-4987-8153-90854af69bcd.c787bf8a90850d7bdcf9fa8efcc8f25f.jpeg?odnWidth=612&odnHeight=612&odnBg=ffffff",
        "tags": [
            [
                "Sandwiches",
                "/browse/food/sandwiches/976759_1071964_976789_1001431"
            ],
            [
                "Frozen Sandwiches",
                "/browse/food/frozen-sandwiches/976759_976791_1044113"
            ],
            [
                "Frozen Rolls & Wraps",
                "/browse/food/frozen-rolls-wraps/976759_976791_1044164"
            ],
            [
                "Frozen Meat",
                "/browse/food/frozen-meat/976759_976791_5295075_1230001"
            ],
            [
                "Frozen Beef",
                "/browse/food/frozen-beef/976759_976791_5295075_1740883"
            ],
            [
                "All Fresh Fruit",
                "/browse/food/all-fresh-fruit/976759_1071964_976793_9756351_1759962"
            ],
            [
                "Heatlhy Frozen Meals",
                "/browse/food/heatlhy-frozen-meals/976759_976791_5511284_6940360"
            ],
            [
                "Frozen Chicken",
                "/browse/food/frozen-chicken/976759_976791_5295075_8609714"
            ]
        ]
    },
    {
        "title": "Delimex Beef & Cheddar Rolled Tacos 23 count Box",
        "url": "https://www.walmart.com/ip/Delimex-Beef-Cheddar-Rolled-Tacos-23-count-Box/35103133",
        "price": "$4.98",
        "stars": "4.6",
        "ratings": "9 ",
        "img": "i5.walmartimages.com/asr/b0e4cb7d-624c-4cdc-a3b3-7e254c182b31.233b5af58e6d46f2cc1f234a98cfc1a6.jpeg?odnWidth=612&odnHeight=612&odnBg=ffffff",
        "tags": [
            [
                "Frozen Dinners & Meals",
                "/browse/food/frozen-dinners-meals/976759_976791_5511284_1001412"
            ],
            [
                "All Fresh Fruit",
                "/browse/food/all-fresh-fruit/976759_1071964_976793_9756351_1759962"
            ],
            [
                "Reese's",
                "/browse/food/reeses/976759_1096070_1224976_2141826"
            ],
            [
                "Shop All Chocolate",
                "/browse/food/shop-all-chocolate/976759_1096070_1224976_2323697"
            ],
            [
                "Bananas",
                "/browse/food/bananas/976759_1071964_976793_9756351_2787146"
            ],
            [
                "Marshmallows",
                "/browse/food/marshmallows/976759_976780_2881195_3975443"
            ],
            [
                "Monster Energy Drinks",
                "/browse/food/monster-energy-drinks/976759_976782_9357528_4806887"
            ]
        ]
    },
    {
        "title": "Pictsweet Farms\u00ae Vegetables for Soup 28 oz. Bag",
        "url": "https://www.walmart.com/ip/Pictsweet-Farms-Vegetables-for-Soup-28-oz-Bag/10849721",
        "price": null,
        "stars": "4.5",
        "ratings": "17 ",
        "img": "i5.walmartimages.com/asr/daea3218-2fa0-472f-896a-4b2eaee10ac0.eebec628a952849771484ec893cd9e53.jpeg?odnWidth=612&odnHeight=612&odnBg=ffffff",
        "tags": [
            [
                "Frozen Dinners & Meals",
                "/browse/food/frozen-dinners-meals/976759_976791_5511284_1001412"
            ],
            [
                "Salty Snacks Stock-Up",
                "/browse/food/salty-snacks-stock-up/976759_976787_1001390_6288637_2319411"
            ],
            [
                "Fresh Pre-Cut Vegetables",
                "/browse/food/fresh-pre-cut-vegetables/976759_1071964_976793_8910423_2835097"
            ],
            [
                "Frozen Hash Browns",
                "/browse/food/frozen-hash-browns/976759_976791_1001417_3322742"
            ],
            [
                "Gaming Snacks & Drinks",
                "/browse/food/gaming-snacks-drinks/976759_1567409_8254504"
            ],
            [
                "All Frozen Potatoes",
                "/browse/food/all-frozen-potatoes/976759_976791_6170090_8493377"
            ],
            [
                "Summer Grilling Snacks",
                "/browse/food/summer-grilling-snacks/976759_1567409_8808777_8991223"
            ]
        ]
    },
    {
        "title": "Green Giant\u00ae Veggie Spirals Butternut Squash 12 oz. Bag",
        "url": "https://www.walmart.com/ip/Green-Giant-Veggie-Spirals-Butternut-Squash-12-oz-Bag/505772685",
        "price": "$3.48",
        "stars": "4.0",
        "ratings": "10 ",
        "img": "i5.walmartimages.com/asr/408f2363-a302-4426-a65f-810da364d6ea.aa011314cd187781d514f68e34c4c136.jpeg?odnWidth=612&odnHeight=612&odnBg=ffffff",
        "tags": [
            [
                "Frozen Dinners & Meals",
                "/browse/food/frozen-dinners-meals/976759_976791_5511284_1001412"
            ],
            [
                "Tortillas, Pitas & Wraps",
                "/browse/food/tortillas-pitas-wraps/976759_1071964_976779_3034786_1001458"
            ],
            [
                "Oil & Shortening",
                "/browse/food/oil-shortening/976759_976786_1044152"
            ],
            [
                "No Sugar Foods",
                "/browse/food/no-sugar-foods/976759_5004481_1858214"
            ],
            [
                "Fresh Pre-Cut Vegetables",
                "/browse/food/fresh-pre-cut-vegetables/976759_1071964_976793_8910423_2835097"
            ],
            [
                "Vegan Foods",
                "/browse/food/vegan-foods/976759_5004481_6794259"
            ],
            [
                "Brussel Sprouts and Cabbage",
                "/browse/food/brussel-sprouts-cabbage/976759_1071964_976793_8910423_8584247"
            ],
            [
                "Frozen Chicken",
                "/browse/food/frozen-chicken/976759_976791_5295075_8609714"
            ]
        ]
    },
    {
        "title": "Great Value Beef & Bean Burritos, 8 count, 32 oz",
        "url": "https://www.walmart.com/ip/Great-Value-Beef-Bean-Burritos-8-count-32-oz/295936197",
        "price": "$2.78",
        "stars": "2.3",
        "ratings": "16 ",
        "img": "i5.walmartimages.com/asr/cd912f6f-007a-4baf-96dd-aca1c0637f10_5.df9dbbe0056bfefe3c192fc51f27059f.jpeg?odnWidth=612&odnHeight=612&odnBg=ffffff",
        "tags": [
            [
                "Sandwiches",
                "/browse/food/sandwiches/976759_1071964_976789_1001431"
            ],
            [
                "Boxed Meals",
                "/browse/food/boxed-meals/976759_976794_6223225_1001477"
            ],
            [
                "Frozen Sandwiches",
                "/browse/food/frozen-sandwiches/976759_976791_1044113"
            ],
            [
                "Frozen Meat",
                "/browse/food/frozen-meat/976759_976791_5295075_1230001"
            ],
            [
                "All Fresh Fruit",
                "/browse/food/all-fresh-fruit/976759_1071964_976793_9756351_1759962"
            ],
            [
                "Bananas",
                "/browse/food/bananas/976759_1071964_976793_9756351_2787146"
            ],
            [
                "Frozen Pasta",
                "/browse/food/frozen-pasta/976759_976791_7089533"
            ],
            [
                "Frozen Chicken",
                "/browse/food/frozen-chicken/976759_976791_5295075_8609714"
            ]
        ]
    },
    {
        "title": "BANQUET Frozen Chicken Breast Nuggets Made With 100% Natural* White Meat Chicken, 30 oz.",
        "url": "https://www.walmart.com/ip/BANQUET-Frozen-Chicken-Breast-Nuggets-Made-With-100-Natural-White-Meat-Chicken-30-oz/478044185",
        "price": "$3.98",
        "stars": "2.6",
        "ratings": "29 ",
        "img": "i5.walmartimages.com/asr/fa48762c-6b67-4cf2-8f77-544936110a5b_1.d7a0da6b4d34f31c4200036b18191596.jpeg?odnWidth=612&odnHeight=612&odnBg=ffffff",
        "tags": [
            [
                "Frozen Dinners & Meals",
                "/browse/food/frozen-dinners-meals/976759_976791_5511284_1001412"
            ],
            [
                "Frozen Vegetables",
                "/browse/food/frozen-vegetables/976759_976791_1001424"
            ],
            [
                "All Fresh Fruit",
                "/browse/food/all-fresh-fruit/976759_1071964_976793_9756351_1759962"
            ],
            [
                "Bananas",
                "/browse/food/bananas/976759_1071964_976793_9756351_2787146"
            ],
            [
                "Frozen Kids Meals",
                "/browse/food/frozen-kids-meals/976759_976791_5511284_3486654"
            ],
            [
                "Frozen Fries, Taters, and Wedges",
                "/browse/food/frozen-fries-taters-wedges/976759_976791_6170090_7822044"
            ],
            [
                "All Frozen Potatoes",
                "/browse/food/all-frozen-potatoes/976759_976791_6170090_8493377"
            ],
            [
                "Frozen Chicken",
                "/browse/food/frozen-chicken/976759_976791_5295075_8609714"
            ]
        ]
    }
]