[
    {
        "title": "Snack Pack Sugar-Free Vanilla Pudding Cups 4 Count",
        "url": "https://www.walmart.com/ip/Snack-Pack-Sugar-Free-Vanilla-Pudding-Cups-4-Count/20554601",
        "price": "$0.94",
        "stars": "3.9",
        "ratings": "30 ",
        "img": "i5.walmartimages.com/asr/a0e5f3e4-3747-4281-8970-4190fd63dd2a_1.eb61b3ab02b5cd4413c6eef6ce2bf473.jpeg?odnWidth=612&odnHeight=612&odnBg=ffffff",
        "tags": [
            [
                "Chilled Puddings",
                "/browse/food/chilled-puddings/976759_1071964_976788_3733198_1314363"
            ],
            [
                "Sugar-Free Food Essentials",
                "/browse/food/sugar-free-food-essentials/976759_1567409_2168938_8870296_1639022"
            ],
            [
                "Jerky Deals!",
                "/browse/food/jerky-deals/976759_976787_1001405_2562248"
            ],
            [
                "Slim Jims",
                "/browse/food/slim-jims/976759_976787_1001405_3187156"
            ],
            [
                "Easter Meal",
                "/browse/food/easter-meal/976759_1567409_7567150_3664825"
            ],
            [
                "Baking Ingredients",
                "/browse/food/baking-ingredients/976759_4143264_2535686_5948883_5994684"
            ],
            [
                "Easter Baking",
                "/browse/food/easter-baking/976759_1567409_2168938_2546479_6431277"
            ],
            [
                "Fat Free Food",
                "/browse/food/fat-free-food/976759_1567409_3170630_8672408"
            ]
        ]
    },
    {
        "title": "(5 Pack) Suddenly Salad Creamy Parmesan Pasta Salad Dry Meals 6.2 Oz",
        "url": "https://www.walmart.com/ip/5-Pack-Suddenly-Salad-Creamy-Parmesan-Pasta-Salad-Dry-Meals-6-2-Oz/47235314",
        "price": "$10.62",
        "stars": "4.6",
        "ratings": "42 ",
        "img": "i5.walmartimages.com/asr/3e861537-b696-4614-ae92-985bc0385950_1.1e9f875a78f1e0419a8e43af00151008.jpeg?odnWidth=612&odnHeight=612&odnBg=ffffff",
        "tags": [
            [
                "Boxed Meals",
                "/browse/food/boxed-meals/976759_976794_6223225_1001477"
            ],
            [
                "All Meals and Sides",
                "/browse/food/all-meals-sides/976759_1071964_976789_2133672_1535108"
            ],
            [
                "Macaroni and Cheese",
                "/browse/food/macaroni-cheese/976759_976794_6223225_2271648"
            ],
            [
                "Hidden Valley Ranch",
                "/browse/food/hidden-valley-ranch/976759_976786_5730644_3791260"
            ],
            [
                "Kid's Lunches",
                "/browse/food/kids-lunches/976759_1567409_7966149_7561098"
            ],
            [
                "General Mills Box Tops Meals",
                "/browse/food/general-mills-box-tops-meals/976759_2606229_8503205"
            ],
            [
                "Easy Kid's Dinners",
                "/browse/food/easy-kids-dinners/976759_1567409_7966149_9873756"
            ]
        ]
    },
    {
        "title": "Blue Diamond Bold Habanero BBQ Almonds, 6 oz",
        "url": "https://www.walmart.com/ip/Blue-Diamond-Bold-Habanero-BBQ-Almonds-6-oz/14089346",
        "price": "$10.95",
        "stars": "4.7",
        "ratings": "49 ",
        "img": "i5.walmartimages.com/asr/f772809a-b938-4836-9e2d-a2351de4af5f_1.49a96fb06ed75e593127a8daab274445.jpeg?odnWidth=612&odnHeight=612&odnBg=ffffff",
        "tags": [
            [
                "Oil & Shortening",
                "/browse/food/oil-shortening/976759_976786_1044152"
            ],
            [
                "All Nuts, Trail Mix,& Seeds",
                "/browse/food/all-nuts-trail-mix-seeds/976759_976787_1001406_2615672"
            ],
            [
                "Nuts",
                "/browse/food/nuts/976759_976787_1001406_3488004"
            ],
            [
                "Planters Cashews",
                "/browse/food/planters-cashews/976759_976787_1001406_8305691_4118325"
            ],
            [
                "All Almonds",
                "/browse/food/all-almonds/976759_976787_1001406_3474924_6070199"
            ],
            [
                "All Nuts, Dried Fruits and Healthy Snacks",
                "/browse/food/all-nuts-dried-fruits-healthy-snacks/976759_1071964_976793_6682547_7101504"
            ]
        ]
    },
    {
        "title": "Great Value Roasted & Salted Mixed Nuts, 14.75 oz",
        "url": "https://www.walmart.com/ip/Great-Value-Roasted-Salted-Mixed-Nuts-14-75-oz/482129653",
        "price": "$5.14",
        "stars": "4.4",
        "ratings": "53 ",
        "img": "i5.walmartimages.com/asr/0c00ea65-6919-4b30-944e-954b4e0d8146_2.d312958b0eea9829832fd46247767841.jpeg?odnWidth=612&odnHeight=612&odnBg=ffffff",
        "tags": [
            [
                "Trail Mixes and Healthy Snacks",
                "/browse/food/trail-mixes-healthy-snacks/976759_1071964_976793_6682547_2536517"
            ],
            [
                "All Nuts, Trail Mix,& Seeds",
                "/browse/food/all-nuts-trail-mix-seeds/976759_976787_1001406_2615672"
            ],
            [
                "Planters Cashews",
                "/browse/food/planters-cashews/976759_976787_1001406_8305691_4118325"
            ],
            [
                "All Nuts, Dried Fruits and Healthy Snacks",
                "/browse/food/all-nuts-dried-fruits-healthy-snacks/976759_1071964_976793_6682547_7101504"
            ],
            [
                "Trail Mix",
                "/browse/food/trail-mix/976759_976787_1001406_7771097"
            ],
            [
                "Mixed Nuts",
                "/browse/food/mixed-nuts/976759_976787_1001406_9012417"
            ],
            [
                "Wonderful Pistachios",
                "/browse/food/wonderful-pistachios/976759_976787_1001406_8200836_9747515"
            ]
        ]
    },
    {
        "title": "(3 Pack) PLAIN PASTA SAUCE",
        "url": "https://www.walmart.com/ip/3-Pack-PLAIN-PASTA-SAUCE/47233493",
        "price": "$4.98",
        "stars": "4.5",
        "ratings": "83 ",
        "img": "i5.walmartimages.com/asr/eeaa0581-a55f-4530-9d08-382789a656d7_1.704c95d67f2e7e53a43bf16c9768b323.jpeg?odnWidth=612&odnHeight=612&odnBg=ffffff",
        "tags": [
            [
                "Pasta & Noodles",
                "/browse/food/pasta-noodles/976759_976794_1007519"
            ],
            [
                "Sauces",
                "/browse/food/sauces/976759_976786_1076366"
            ],
            [
                "All Meals and Sides",
                "/browse/food/all-meals-sides/976759_1071964_976789_2133672_1535108"
            ],
            [
                "Canned Tomatoes",
                "/browse/food/canned-tomatoes/976759_976794_976785_2009430"
            ],
            [
                "Pasta Sauce",
                "/browse/food/pasta-sauce/976759_976794_2775278"
            ],
            [
                "Gluten Free Foods",
                "/browse/food/gluten-free-foods/976759_5004481_5546296"
            ],
            [
                "Gluten Free Meals & Side Dishes",
                "/browse/food/gluten-free-meals-side-dishes/976759_5148628_4583057_1250486_9821290"
            ],
            [
                "Easy Kid's Dinners",
                "/browse/food/easy-kids-dinners/976759_1567409_7966149_9873756"
            ]
        ]
    },
    {
        "title": "(4 pack) Great Value Mayocoba Beans, 16 oz",
        "url": "https://www.walmart.com/ip/4-pack-Great-Value-Mayocoba-Beans-16-oz/238185814",
        "price": "$5.57",
        "stars": "4.6",
        "ratings": "19 ",
        "img": "i5.walmartimages.com/asr/1170e79c-2e0e-4ed1-a50a-898d3f3e9275_1.c828544d3ca40705de092ffd657fc424.jpeg?odnWidth=612&odnHeight=612&odnBg=ffffff",
        "tags": []
    },
    {
        "title": "Planters Mixed Nuts, Lightly Salted, 56.0 oz Canister",
        "url": "https://www.walmart.com/ip/Planters-Mixed-Nuts-Lightly-Salted-56-0-oz-Canister/150315049",
        "price": "$16.98",
        "stars": "4.4",
        "ratings": "426 ",
        "img": "i5.walmartimages.com/asr/4147f928-5873-4515-9cd6-3aa813474481.4846ba2dd52fa43102da97945e930b62.jpeg?odnWidth=612&odnHeight=612&odnBg=ffffff",
        "tags": [
            [
                "All Nuts, Trail Mix,& Seeds",
                "/browse/food/all-nuts-trail-mix-seeds/976759_976787_1001406_2615672"
            ],
            [
                "On the Go Snacks",
                "/browse/food/on-the-go-snacks/976759_976787_3253105"
            ],
            [
                "Planters Cashews",
                "/browse/food/planters-cashews/976759_976787_1001406_8305691_4118325"
            ],
            [
                "All Nuts, Dried Fruits and Healthy Snacks",
                "/browse/food/all-nuts-dried-fruits-healthy-snacks/976759_1071964_976793_6682547_7101504"
            ],
            [
                "Trail Mix",
                "/browse/food/trail-mix/976759_976787_1001406_7771097"
            ],
            [
                "Mixed Nuts",
                "/browse/food/mixed-nuts/976759_976787_1001406_9012417"
            ],
            [
                "Wonderful Pistachios",
                "/browse/food/wonderful-pistachios/976759_976787_1001406_8200836_9747515"
            ]
        ]
    },
    {
        "title": "(2 Pack) Chicken of The Sea Wild Skinless Boneless Smoked Salmon, 3 oz Pouch",
        "url": "https://www.walmart.com/ip/2-Pack-Chicken-of-The-Sea-Wild-Skinless-Boneless-Smoked-Salmon-3-oz-Pouch/47227787",
        "price": "$5.94",
        "stars": "4.4",
        "ratings": "51 ",
        "img": "i5.walmartimages.com/asr/bd2e68de-1770-4ef4-918a-24cae11ff947_1.245e0c8f51d03f2bdd2e1691c2e59710.jpeg?odnWidth=612&odnHeight=612&odnBg=ffffff",
        "tags": [
            [
                "High Protein Food Staples",
                "/browse/food/high-protein-food-staples/976759_1567409_2168938_8870296_2783192"
            ],
            [
                "Canned Tuna",
                "/browse/food/canned-tuna/976759_976794_976785_5772565"
            ],
            [
                "All Seafood",
                "/browse/food/all-seafood/976759_1071964_976796_1001442_5871325"
            ],
            [
                "Fresh Fish",
                "/browse/food/fresh-fish/976759_1071964_976796_1001442_5915873"
            ],
            [
                "Bumblebee Tuna",
                "/browse/food/bumblebee-tuna/976759_976794_976785_6754896"
            ],
            [
                "Tuna Pouches",
                "/browse/food/tuna-pouches/976759_976794_976785_9162342"
            ],
            [
                "Gluten Free Meals & Side Dishes",
                "/browse/food/gluten-free-meals-side-dishes/976759_5148628_4583057_1250486_9821290"
            ]
        ]
    },
    {
        "title": "(6 Cans) Del Monte Sweet Peas 15 oz",
        "url": "https://www.walmart.com/ip/6-Cans-Del-Monte-Sweet-Peas-15-oz/508844089",
        "price": "$5.70",
        "stars": "4.5",
        "ratings": "179 ",
        "img": "i5.walmartimages.com/asr/b57df8b4-4d3a-4b8a-8e3e-ec4623ded9ee_1.bac964ef9affd2eb21a396eb35377611.jpeg?odnWidth=612&odnHeight=612&odnBg=ffffff",
        "tags": [
            [
                "Beans",
                "/browse/food/beans/976759_976794_976785_1001341"
            ],
            [
                "Canned Fruit",
                "/browse/food/canned-fruit/976759_976794_976785_1001342"
            ],
            [
                "All Fresh Vegetables",
                "/browse/food/all-fresh-vegetables/976759_1071964_976793_8910423_1814126"
            ],
            [
                "Canned Tomatoes",
                "/browse/food/canned-tomatoes/976759_976794_976785_2009430"
            ],
            [
                "Baked Beans",
                "/browse/food/baked-beans/976759_976794_976785_2133370"
            ],
            [
                "Canned Beans",
                "/browse/food/canned-beans/976759_976794_976785_5368028"
            ],
            [
                "Meals Restock",
                "/browse/food/meals-restock/976759_1567409_2168938_1811730_6806516"
            ],
            [
                "Easy Kid's Dinners",
                "/browse/food/easy-kids-dinners/976759_1567409_7966149_9873756"
            ]
        ]
    },
    {
        "title": "Sch\u00e4r Gluten Free Pizza Crust, 10.6 Oz, 2-Count",
        "url": "https://www.walmart.com/ip/Sch-r-Gluten-Free-Pizza-Crust-10-6-Oz-2-Count/32667718",
        "price": "$6.72",
        "stars": "4.2",
        "ratings": "23 ",
        "img": "i5.walmartimages.com/asr/4e48b8bd-186e-4f64-bf2a-cac772ddd837_1.c33876bdac0aa8202f4d05bded905a84.jpeg?odnWidth=612&odnHeight=612&odnBg=ffffff",
        "tags": [
            [
                "All Frozen Pizza",
                "/browse/food/all-frozen-pizza/976759_976791_5774679_1001416"
            ],
            [
                "Croutons",
                "/browse/food/croutons/976759_1071964_976779_1044111"
            ],
            [
                "Gluten Free Snacks, Cookies & Chips",
                "/browse/food/gluten-free-snacks-cookies-chips/976759_1228023_5141486"
            ],
            [
                "Gluten Free Snacks",
                "/browse/food/gluten-free-snacks/976759_5148628_4583057_1250486_6502251"
            ],
            [
                "Non GMO Food",
                "/browse/food/non-gmo-food/976759_5004481_8102928"
            ],
            [
                "Gluten-Free Food Staples",
                "/browse/food/gluten-free-food-staples/976759_1567409_2168938_8870296_8339296"
            ],
            [
                "Gluten Free Crackers",
                "/browse/food/gluten-free-crackers/976759_976787_1001392_8926169"
            ],
            [
                "Frozen Bread",
                "/browse/food/frozen-bread/976759_976791_8946035"
            ]
        ]
    }
]