[
    {
        "title": "Rapid Fire Ketogenic Original Coffee Creamer with MCTs, Grass Fed Butter, Himalayan Pink Salt, Keto Diet, 8.5 oz., 20 Servings",
        "url": "https://www.walmart.com/ip/Rapid-Fire-Ketogenic-Original-Coffee-Creamer-with-MCTs-Grass-Fed-Butter-Himalayan-Pink-Salt-Keto-Diet-8-5-oz-20-Servings/393954277",
        "price": "$11.88",
        "stars": "3.2",
        "ratings": "76 ",
        "img": "",
        "tags": [
            [
                "Non Dairy Creamers",
                "/browse/food/non-dairy-creamers/976759_1086446_1100007_2301544"
            ],
            [
                "Powder Coffee Creamer",
                "/browse/food/powder-coffee-creamer/976759_1086446_1100007_3600436"
            ],
            [
                "Flavored Coffee Creamer",
                "/browse/food/flavored-coffee-creamer/976759_1086446_1100007_3903859"
            ],
            [
                "Coffee Tea & Cocoa",
                "/browse/food/coffee-tea-cocoa/976759_1567409_3170630_4711982"
            ],
            [
                "New Year New You Creamers",
                "/browse/food/new-year-new-you-creamers/976759_1567409_3170630_6362615"
            ],
            [
                "Healthy Coffee Creamer",
                "/browse/food/healthy-coffee-creamer/976759_1086446_1100007_8721359"
            ],
            [
                "Liquid Coffee Creamers",
                "/browse/food/liquid-coffee-creamers/976759_1086446_1100007_8921650"
            ],
            [
                "Keto Coffee Creamer",
                "/browse/food/keto-coffee-creamer/976759_1086446_1100007_9274652"
            ]
        ]
    },
    {
        "title": "The Original Donut Shop Mocha Latte, Single Serve Coffee K-Cup Pod, Flavored Coffee, 12 Count",
        "url": "https://www.walmart.com/ip/The-Original-Donut-Shop-Mocha-Latte-Single-Serve-Coffee-K-Cup-Pod-Flavored-Coffee-12-Count/552154755",
        "price": "$9.96",
        "stars": "3.3",
        "ratings": "4 ",
        "img": "",
        "tags": [
            [
                "Single-Serve Cups & Pods",
                "/browse/food/single-serve-cups-pods/976759_1086446_1229653"
            ],
            [
                "Arabica Coffee",
                "/browse/food/arabica-coffee/976759_1086446_2559085"
            ],
            [
                "Cappuccino Coffee",
                "/browse/food/cappuccino-coffee/976759_1086446_4163341"
            ],
            [
                "Gevalia Coffee Pods",
                "/browse/food/gevalia-coffee-pods/976759_1086446_9208550_5768686"
            ],
            [
                "All New Coffee",
                "/browse/food/all-new-coffee/976759_1086446_1995978_5827508"
            ],
            [
                "Keurig K-Cups & Coffee Pods",
                "/browse/food/keurig-k-cups-coffee-pods/976759_1086446_8135897"
            ],
            [
                "Mocha Mix",
                "/browse/food/mocha-mix/976759_1086446_8415600"
            ],
            [
                "The Original Donut Shop Coffee Pods",
                "/browse/food/the-original-donut-shop-coffee-pods/976759_1086446_1587610_8996022"
            ]
        ]
    },
    {
        "title": "Caribou Coffee\u00c2\u00ae Caribou Blend Medium Roast Ground Coffee 20 oz. Bag",
        "url": "https://www.walmart.com/ip/Caribou-Coffee-Caribou-Blend-Medium-Roast-Ground-Coffee-20-oz-Bag/39502390",
        "price": "$10.98",
        "stars": "4.7",
        "ratings": "42 ",
        "img": "i5.walmartimages.com/asr/9fa92166-3e77-4efc-82b4-a7c71219a56d.1641834114d3d0278b14e4655e6e753e.jpeg?odnWidth=612&odnHeight=612&odnBg=ffffff",
        "tags": [
            [
                "Whole Bean Coffee",
                "/browse/food/whole-bean-coffee/976759_1086446_1229652"
            ],
            [
                "Arabica Coffee",
                "/browse/food/arabica-coffee/976759_1086446_2559085"
            ],
            [
                "Cold Weather Beverages",
                "/browse/food/cold-weather-beverages/976759_1567409_6592518_4126576"
            ],
            [
                "Caribou Ground Coffee",
                "/browse/food/caribou-ground-coffee/976759_1086446_5204146_5316531"
            ],
            [
                "All Caribou Coffee",
                "/browse/food/all-caribou-coffee/976759_1086446_5204146_5717470"
            ],
            [
                "Starbucks Ground Coffee",
                "/browse/food/starbucks-ground-coffee/976759_1086446_2986178_5925252"
            ],
            [
                "Coffee & Coffee Pods",
                "/browse/food/coffee-coffee-pods/976759_1086446_7238690"
            ],
            [
                "All Starbucks",
                "/browse/food/all-starbucks/976759_1086446_2986178_7830797"
            ]
        ]
    },
    {
        "title": "Caribou Coffee\u00ae Caribou Blend Medium Roast Whole Bean Coffee 12 oz. Stand-Up Bag",
        "url": "https://www.walmart.com/ip/Caribou-Coffee-Caribou-Blend-Medium-Roast-Whole-Bean-Coffee-12-oz-Stand-Up-Bag/23555047",
        "price": "$7.28",
        "stars": "4.6",
        "ratings": "16 ",
        "img": "i5.walmartimages.com/asr/dde388eb-e5d6-43cc-8cf8-6272cc6a450a.20aaf9cefee9a78305fceb5ee5595b71.jpeg?odnWidth=612&odnHeight=612&odnBg=ffffff",
        "tags": [
            [
                "Ground Coffee",
                "/browse/food/ground-coffee/976759_1086446_1229651"
            ],
            [
                "Arabica Coffee",
                "/browse/food/arabica-coffee/976759_1086446_2559085"
            ],
            [
                "Caribou Ground Coffee",
                "/browse/food/caribou-ground-coffee/976759_1086446_5204146_5316531"
            ],
            [
                "All Caribou Coffee",
                "/browse/food/all-caribou-coffee/976759_1086446_5204146_5717470"
            ],
            [
                "Premium Whole Bean Coffee",
                "/browse/food/premium-whole-bean-coffee/976759_5148628_5831001_6904869"
            ],
            [
                "Coffee & Coffee Pods",
                "/browse/food/coffee-coffee-pods/976759_1086446_7238690"
            ],
            [
                "Starbucks Whole Bean Coffee",
                "/browse/food/starbucks-whole-bean-coffee/976759_1086446_2986178_7654038"
            ],
            [
                "Coffee Bean and Tea Leaf Whole Bean Coffee",
                "/browse/food/coffee-bean-tea-leaf-whole-bean-coffee/976759_1086446_5475394_7955143"
            ]
        ]
    },
    {
        "title": "Lipton Sweet Iced Tea K-Cups, Tea Pods, 10 Ct",
        "url": "https://www.walmart.com/ip/Lipton-Sweet-Iced-Tea-K-Cups-Tea-Pods-10-Ct/34298423",
        "price": "$6.41",
        "stars": "4.5",
        "ratings": "172 ",
        "img": "i5.walmartimages.com/asr/899824c0-e521-4281-a552-f344f2175136_1.d72edfd604f68b07fb2590fb189b114c.jpeg?odnWidth=612&odnHeight=612&odnBg=ffffff",
        "tags": [
            [
                "Lipton Green Tea",
                "/browse/food/lipton-green-tea/976759_976782_1001320_7488710_1824016"
            ],
            [
                "Lipton Iced Tea",
                "/browse/food/lipton-iced-tea/976759_976782_1001320_3528845"
            ],
            [
                "Iced Tea",
                "/browse/food/iced-tea/976759_976782_1001320_3536093"
            ],
            [
                "Lipton Tea Bags",
                "/browse/food/lipton-tea-bags/976759_976782_1001320_7488710_3684116"
            ],
            [
                "Tea Pods",
                "/browse/food/tea-pods/976759_976782_1001320_4197195"
            ],
            [
                "Tea Powder",
                "/browse/food/tea-powder/976759_976782_1001320_6270965"
            ],
            [
                "Green Tea",
                "/browse/food/green-tea/976759_976782_1001320_9256367"
            ]
        ]
    },
    {
        "title": "Starbucks Medium Roast Whole Bean Coffee \u2014 Breakfast Blend \u2014 1 bag (20 oz.)",
        "url": "https://www.walmart.com/ip/Starbucks-Medium-Roast-Whole-Bean-Coffee-Breakfast-Blend-1-bag-20-oz/977842622",
        "price": "$11.98",
        "stars": "4.6",
        "ratings": "294 ",
        "img": "i5.walmartimages.com/asr/caa7e6b2-6e8e-4dc4-ac5e-6937e6283b63.3474122ac5c5e00da1b0c75495e972a4.jpeg?odnWidth=612&odnHeight=612&odnBg=ffffff",
        "tags": [
            [
                "Ground Coffee",
                "/browse/food/ground-coffee/976759_1086446_1229651"
            ],
            [
                "Whole Bean Coffee",
                "/browse/food/whole-bean-coffee/976759_1086446_1229652"
            ],
            [
                "Arabica Coffee",
                "/browse/food/arabica-coffee/976759_1086446_2559085"
            ],
            [
                "Cold Weather Beverages",
                "/browse/food/cold-weather-beverages/976759_1567409_6592518_4126576"
            ],
            [
                "Espresso",
                "/browse/food/espresso/976759_1086446_4366064"
            ],
            [
                "Starbucks Ground Coffee",
                "/browse/food/starbucks-ground-coffee/976759_1086446_2986178_5925252"
            ],
            [
                "Coffee & Coffee Pods",
                "/browse/food/coffee-coffee-pods/976759_1086446_7238690"
            ],
            [
                "All Starbucks",
                "/browse/food/all-starbucks/976759_1086446_2986178_7830797"
            ]
        ]
    },
    {
        "title": "Brew Rite Natural 8-12 Cup Coffee Filters, 100 Count",
        "url": "https://www.walmart.com/ip/Brew-Rite-Natural-8-12-Cup-Coffee-Filters-100-Count/107494952",
        "price": "$10.98",
        "stars": "4.6",
        "ratings": "10 ",
        "img": "",
        "tags": [
            [
                "Ground Coffee",
                "/browse/food/ground-coffee/976759_1086446_1229651"
            ],
            [
                "Bunn Coffee Filters",
                "/browse/food/bunn-coffee-filters/976759_1086446_1229655_1560712"
            ],
            [
                "Folgers Ground Coffee",
                "/browse/food/folgers-ground-coffee/976759_1086446_3100047_1674140"
            ],
            [
                "Coffee & Coffee Pods",
                "/browse/food/coffee-coffee-pods/976759_1086446_7238690"
            ],
            [
                "All Folgers Coffee",
                "/browse/food/all-folgers-coffee/976759_1086446_3100047_8271556"
            ],
            [
                "Melitta Coffee Filters",
                "/browse/food/melitta-coffee-filters/976759_1086446_1229655_8379550"
            ],
            [
                "Reusable Coffee Filters",
                "/browse/food/reusable-coffee-filters/976759_1086446_1229655_9693544"
            ]
        ]
    },
    {
        "title": "Starbucks Medium Roast Ground Coffee \u2014 House Blend \u2014 100% Arabica \u2014 1 bag (28 oz.)",
        "url": "https://www.walmart.com/ip/Starbucks-Medium-Roast-Ground-Coffee-House-Blend-100-Arabica-1-bag-28-oz/783205767",
        "price": "$13.98",
        "stars": "4.6",
        "ratings": "424 ",
        "img": "i5.walmartimages.com/asr/496ad671-f019-4ab7-b92f-96d9d9242f01.1984e9168b1333852dbd17f4a7b8ba84.jpeg?odnWidth=612&odnHeight=612&odnBg=ffffff",
        "tags": [
            [
                "Whole Bean Coffee",
                "/browse/food/whole-bean-coffee/976759_1086446_1229652"
            ],
            [
                "Cold Weather Beverages",
                "/browse/food/cold-weather-beverages/976759_1567409_6592518_4126576"
            ],
            [
                "Fueling Beverages",
                "/browse/food/fueling-beverages/976759_4321481_5471594"
            ],
            [
                "Starbucks Ground Coffee",
                "/browse/food/starbucks-ground-coffee/976759_1086446_2986178_5925252"
            ],
            [
                "Caffeinated Drinks",
                "/browse/food/caffeinated-drinks/976759_1567409_3591080_6925074"
            ],
            [
                "Coffee & Coffee Pods",
                "/browse/food/coffee-coffee-pods/976759_1086446_7238690"
            ],
            [
                "Starbucks Whole Bean Coffee",
                "/browse/food/starbucks-whole-bean-coffee/976759_1086446_2986178_7654038"
            ],
            [
                "All Starbucks",
                "/browse/food/all-starbucks/976759_1086446_2986178_7830797"
            ]
        ]
    },
    {
        "title": "Melitta 8-12 Cup White Basket Coffee Filters, 600 ct Bag",
        "url": "https://www.walmart.com/ip/Melitta-8-12-Cup-White-Basket-Coffee-Filters-600-ct-Bag/43818217",
        "price": "$10.46",
        "stars": "4.8",
        "ratings": "82 ",
        "img": "",
        "tags": [
            [
                "Ground Coffee",
                "/browse/food/ground-coffee/976759_1086446_1229651"
            ],
            [
                "Bunn Coffee Filters",
                "/browse/food/bunn-coffee-filters/976759_1086446_1229655_1560712"
            ],
            [
                "Folgers Ground Coffee",
                "/browse/food/folgers-ground-coffee/976759_1086446_3100047_1674140"
            ],
            [
                "Cold Weather Beverages",
                "/browse/food/cold-weather-beverages/976759_1567409_6592518_4126576"
            ],
            [
                "Coffee & Coffee Pods",
                "/browse/food/coffee-coffee-pods/976759_1086446_7238690"
            ],
            [
                "All Folgers Coffee",
                "/browse/food/all-folgers-coffee/976759_1086446_3100047_8271556"
            ],
            [
                "Melitta Coffee Filters",
                "/browse/food/melitta-coffee-filters/976759_1086446_1229655_8379550"
            ],
            [
                "Reusable Coffee Filters",
                "/browse/food/reusable-coffee-filters/976759_1086446_1229655_9693544"
            ]
        ]
    },
    {
        "title": "Celestial Seasonings Black Tea, Sweet Harvest Pumpkin, 20 Count",
        "url": "https://www.walmart.com/ip/Celestial-Seasonings-Black-Tea-Sweet-Harvest-Pumpkin-20-Count/26959252",
        "price": "$3.30",
        "stars": "4.6",
        "ratings": "15 ",
        "img": "i5.walmartimages.com/asr/011dcf64-2f90-4c43-8e8c-1c0ca26b9e29_1.b8344df111ca4dcd4ce47ec9e8f30d82.jpeg?odnWidth=612&odnHeight=612&odnBg=ffffff",
        "tags": [
            [
                "Decaf Tea",
                "/browse/food/decaf-tea/976759_976782_1001320_2256085"
            ],
            [
                "Tea Bags",
                "/browse/food/tea-bags/976759_976782_1001320_4408773"
            ],
            [
                "Black Tea",
                "/browse/food/black-tea/976759_976782_1001320_4739102"
            ],
            [
                "Coffee With Chicory",
                "/browse/food/coffee-with-chicory/976759_1086446_5471454"
            ],
            [
                "Celestial Seasonings Tea",
                "/browse/food/celestial-seasonings-tea/976759_976782_1001320_7431138"
            ],
            [
                "Ginger Tea",
                "/browse/food/ginger-tea/976759_976782_1001320_7801944"
            ],
            [
                "Chai Tea",
                "/browse/food/chai-tea/976759_976782_1001320_8658677"
            ],
            [
                "Herbal Tea",
                "/browse/food/herbal-tea/976759_976782_1001320_9515255"
            ]
        ]
    }
]