[
    {
        "title": "Arm & Hammer Pure Baking Soda, 5 lb",
        "url": "https://www.walmart.com/ip/Arm-Hammer-Pure-Baking-Soda-5-lb/23740730",
        "price": "$13.95",
        "stars": "4.8",
        "ratings": "800 ",
        "img": "i5.walmartimages.com/asr/b5365714-0c02-4cd2-b837-eca88fcb7365_1.6bcf8d57d27ab67a91dabbe52280718b.jpeg?odnWidth=612&odnHeight=612&odnBg=ffffff",
        "tags": [
            [
                "All Cleaning Wipes",
                "/browse/household-essentials/all-cleaning-wipes/1115193_1071966_1356220_1409166"
            ],
            [
                "All Disinfectant Cleaners",
                "/browse/household-essentials/all-disinfectant-cleaners/1115193_1071966_8189517_3510460"
            ],
            [
                "All Disinfectant Wipes",
                "/browse/household-essentials/all-disinfectant-wipes/1115193_1071966_2789494_4275007"
            ],
            [
                "All Arm and Hammer",
                "/browse/household-essentials/all-arm-hammer/1115193_8250903_3460084_4961039"
            ],
            [
                "Lysol All-Purpose Cleaners",
                "/browse/household-essentials/lysol-all-purpose-cleaners/1115193_1071966_8049174_7444544"
            ],
            [
                "Lysol Cleaning Wipes",
                "/browse/household-essentials/lysol-cleaning-wipes/1115193_1071966_8049174_7677242"
            ],
            [
                "All Lysol",
                "/browse/household-essentials/all-lysol/1115193_8250903_9423727_8029427"
            ],
            [
                "Lysol Bathroom Cleaners",
                "/browse/household-essentials/lysol-bathroom-cleaners/1115193_1071966_6616232_8390176"
            ]
        ]
    },
    {
        "title": "Coca-Cola Soda Soft Drink, 7.5 fl oz, 6 Pack",
        "url": "https://www.walmart.com/ip/Coca-Cola-Soda-Soft-Drink-7-5-fl-oz-6-Pack/138702544",
        "price": "$2.76",
        "stars": "4.3",
        "ratings": "29 ",
        "img": "i5.walmartimages.com/asr/da7a8e76-cbc9-49ed-8faf-5feb241f410d.f49998e8527369b4558399ec05cc51cb.jpeg?odnWidth=612&odnHeight=612&odnBg=ffffff",
        "tags": [
            [
                "Summer Grilling Beverages",
                "/browse/food/summer-grilling-beverages/976759_1567409_8808777_2541298"
            ],
            [
                "Movie Night Foods and Drinks",
                "/browse/food/movie-night-foods-drinks/976759_976787_4460428"
            ],
            [
                "All Gametime Food",
                "/browse/food/all-gametime-food/976759_1567409_3282877_6093905"
            ],
            [
                "All Soda Pop",
                "/browse/food/all-soda-pop/976759_976782_1001680_6405792"
            ],
            [
                "Low Sodium Foods",
                "/browse/food/low-sodium-foods/976759_5004481_6733659"
            ],
            [
                "Pepsi",
                "/browse/food/pepsi/976759_976782_1001680_6844348"
            ],
            [
                "Sprite",
                "/browse/food/sprite/976759_976782_1001680_8391816"
            ]
        ]
    },
    {
        "title": "Milk Duds Chocolate & Caramel Candy, 5 Oz.",
        "url": "https://www.walmart.com/ip/Milk-Duds-Chocolate-Caramel-Candy-5-Oz/10452785",
        "price": "$0.98",
        "stars": "4.8",
        "ratings": "211 ",
        "img": "i5.walmartimages.com/asr/ac2bce0a-f578-4b0a-a332-8d77b46d9f85_1.08ebd06be51f322d59a0d0883654d055.png?odnWidth=612&odnHeight=612&odnBg=ffffff",
        "tags": [
            [
                "Tootsie Roll",
                "/browse/food/tootsie-roll/976759_1096070_1224975_1346090"
            ],
            [
                "Children's Party",
                "/browse/food/childrens-party/976759_1096070_1224980_1381998"
            ],
            [
                "Hershey's Halloween Candy",
                "/browse/food/hersheys-halloween-candy/976759_1567409_2107086_6041305_5688639"
            ],
            [
                "Shop All Candy",
                "/browse/food/shop-all-candy/976759_1096070_1224975_6909059"
            ],
            [
                "Licorice",
                "/browse/food/licorice/976759_1096070_1224975_9183649"
            ]
        ]
    },
    {
        "title": "(3 Pack) Rag\u00fa Simply\u2122 Traditional Pasta Sauce, 24 oz.",
        "url": "https://www.walmart.com/ip/3-Pack-Rag-Simply-Traditional-Pasta-Sauce-24-oz/679796736",
        "price": "$4.44",
        "stars": "4.0",
        "ratings": "49 ",
        "img": "i5.walmartimages.com/asr/2ae8ebc3-2787-4511-bc20-f08ff680d898_1.ca08088fd0dbc81765316c091614df7a.jpeg?odnWidth=612&odnHeight=612&odnBg=ffffff",
        "tags": [
            [
                "Pasta & Noodles",
                "/browse/food/pasta-noodles/976759_976794_1007519"
            ],
            [
                "Sauces",
                "/browse/food/sauces/976759_976786_1076366"
            ],
            [
                "All Meals and Sides",
                "/browse/food/all-meals-sides/976759_1071964_976789_2133672_1535108"
            ],
            [
                "Canned Tomatoes",
                "/browse/food/canned-tomatoes/976759_976794_976785_2009430"
            ],
            [
                "Pasta Sauce",
                "/browse/food/pasta-sauce/976759_976794_2775278"
            ],
            [
                "Vegan Foods",
                "/browse/food/vegan-foods/976759_5004481_6794259"
            ],
            [
                "Gluten Free Meals & Side Dishes",
                "/browse/food/gluten-free-meals-side-dishes/976759_5148628_4583057_1250486_9821290"
            ],
            [
                "Easy Kid's Dinners",
                "/browse/food/easy-kids-dinners/976759_1567409_7966149_9873756"
            ]
        ]
    },
    {
        "title": "Slim Jim Original Smoked Snack Sticks Keto Friendly Smoked Meat Stick 0.28 Oz 14 Ct",
        "url": "https://www.walmart.com/ip/Slim-Jim-Original-Smoked-Snack-Sticks-Keto-Friendly-Smoked-Meat-Stick-0-28-Oz-14-Ct/21296147",
        "price": "$2.98",
        "stars": "3.9",
        "ratings": "18 ",
        "img": "i5.walmartimages.com/asr/d8777bad-048e-4cc6-9a47-cad301c6681c_1.0babf3f9ea70bcafeb16429c6b988175.jpeg?odnWidth=612&odnHeight=612&odnBg=ffffff",
        "tags": [
            [
                "Keto Friendly Jerky",
                "/browse/food/keto-friendly-jerky/976759_976787_1001405_1855941"
            ],
            [
                "Lunchbox Jerky",
                "/browse/food/lunchbox-jerky/976759_976787_1001405_2350843"
            ],
            [
                "All Beef Jerky",
                "/browse/food/all-beef-jerky/976759_976787_1001405_6440646_2548354"
            ],
            [
                "All Jerky",
                "/browse/food/all-jerky/976759_976787_1001405_2958487"
            ],
            [
                "Slim Jims",
                "/browse/food/slim-jims/976759_976787_1001405_3187156"
            ],
            [
                "Beef Sticks",
                "/browse/food/beef-sticks/976759_976787_1001405_7755930"
            ],
            [
                "Jack Link's",
                "/browse/food/jack-links/976759_976787_1001405_8395887"
            ]
        ]
    },
    {
        "title": "(4 Pack) Minute Maid 100% Juice, Orange, 10 Fl Oz, 6 Count",
        "url": "https://www.walmart.com/ip/4-Pack-Minute-Maid-100-Juice-Orange-10-Fl-Oz-6-Count/422932945",
        "price": "$13.84",
        "stars": "4.7",
        "ratings": "162 ",
        "img": "i5.walmartimages.com/asr/ce785186-76e0-431e-84d4-7d992d0f3d49_1.efabc5013eb701391aec629b24312c76.jpeg?odnWidth=612&odnHeight=612&odnBg=ffffff",
        "tags": [
            [
                "Summer Grilling Beverages",
                "/browse/food/summer-grilling-beverages/976759_1567409_8808777_2541298"
            ],
            [
                "Kid's Favorites",
                "/browse/food/kids-favorites/976759_976782_1001321_2838858"
            ],
            [
                "Fruit Juice",
                "/browse/food/fruit-juice/976759_976782_1001321_4150966"
            ],
            [
                "Orange Juice",
                "/browse/food/orange-juice/976759_976782_1001321_6637576"
            ],
            [
                "Low Sodium Foods",
                "/browse/food/low-sodium-foods/976759_5004481_6733659"
            ],
            [
                "Vegan Foods",
                "/browse/food/vegan-foods/976759_5004481_6794259"
            ],
            [
                "All Juices",
                "/browse/food/all-juices/976759_976782_1001321_8981297"
            ]
        ]
    },
    {
        "title": "Nestle Toll House Milk Chocolate Morsels",
        "url": "https://www.walmart.com/ip/Nestle-Toll-House-Milk-Chocolate-Morsels/383100793",
        "price": "$61.76",
        "stars": "4.2",
        "ratings": "360 ",
        "img": "",
        "tags": [
            [
                "Cooking Oils",
                "/browse/food/cooking-oils/976759_976786_4711712_1314508"
            ],
            [
                "Baking Restock",
                "/browse/food/baking-restock/976759_1567409_2168938_1811730_4237636"
            ],
            [
                "Chocolate Chips",
                "/browse/food/chocolate-chips/976759_976780_2881195_1092367_4477600"
            ],
            [
                "Hershey's Candy",
                "/browse/food/hersheys-candy/976759_1089004_5339481_6030945"
            ],
            [
                "Hershey's Holiday",
                "/browse/food/hersheys-holiday/976759_1567409_3290896_8656242"
            ],
            [
                "Ghirardelli Chocolate Chips",
                "/browse/food/ghirardelli-chocolate-chips/976759_976780_2881195_1092367_8697704"
            ],
            [
                "Hershey Baking",
                "/browse/food/hershey-baking/976759_2606229_9723046"
            ],
            [
                "Chocolate Baking Bars",
                "/browse/food/chocolate-baking-bars/976759_976780_2881195_1092367_9758359"
            ]
        ]
    },
    {
        "title": "(5 Pack) Kool-Aid Jammers Grape Ready-to-Drink Soft Drink, 10 - 6 fl oz Packets",
        "url": "https://www.walmart.com/ip/5-Pack-Kool-Aid-Jammers-Grape-Ready-to-Drink-Soft-Drink-10-6-fl-oz-Packets/47237763",
        "price": "$9.40",
        "stars": "4.6",
        "ratings": "154 ",
        "img": "",
        "tags": [
            [
                "Summer Grilling Beverages",
                "/browse/food/summer-grilling-beverages/976759_1567409_8808777_2541298"
            ],
            [
                "Capri Sun",
                "/browse/food/capri-sun/976759_976782_1001321_3691361"
            ],
            [
                "Kool-Aid",
                "/browse/food/kool-aid/976759_976782_4818838"
            ],
            [
                "Cherry Juice",
                "/browse/food/cherry-juice/976759_976782_1001321_6544844"
            ],
            [
                "Kid's Breakfast",
                "/browse/food/kids-breakfast/976759_1567409_7966149_6779439"
            ],
            [
                "Kid's Lunches",
                "/browse/food/kids-lunches/976759_1567409_7966149_7561098"
            ],
            [
                "Kool Aid",
                "/browse/food/kool-aid/976759_976782_1001683_7987987"
            ]
        ]
    },
    {
        "title": "SPAM Classic, 1.5 Lb (Pack of 2)",
        "url": "https://www.walmart.com/ip/SPAM-Classic-1-5-Lb-Pack-of-2/159980722",
        "price": "$5.46",
        "stars": "4.8",
        "ratings": "979 ",
        "img": "",
        "tags": [
            [
                "Canned Ready to Eat Meals",
                "/browse/food/canned-ready-to-eat-meals/976759_976794_976785_1001348"
            ],
            [
                "Boxed Meals",
                "/browse/food/boxed-meals/976759_976794_6223225_1001477"
            ],
            [
                "Gluten-Free Foods",
                "/browse/food/gluten-free-foods/976759_1228023_1228016"
            ],
            [
                "All Meals and Sides",
                "/browse/food/all-meals-sides/976759_1071964_976789_2133672_1535108"
            ],
            [
                "All Gametime Food",
                "/browse/food/all-gametime-food/976759_1567409_3282877_6093905"
            ],
            [
                "Meals Restock",
                "/browse/food/meals-restock/976759_1567409_2168938_1811730_6806516"
            ],
            [
                "Summer Grilling Condiments",
                "/browse/food/summer-grilling-condiments/976759_1567409_8808777_7265121"
            ],
            [
                "Easy Kid's Dinners",
                "/browse/food/easy-kids-dinners/976759_1567409_7966149_9873756"
            ]
        ]
    },
    {
        "title": "SkinnyPop Original Popcorn, 6.7 Oz.; Non-GMO, Vegan",
        "url": "https://www.walmart.com/ip/SkinnyPop-Original-Popcorn-6-7-Oz-Non-GMO-Vegan/885009077",
        "price": "$3.83",
        "stars": "4.7",
        "ratings": "122 ",
        "img": "i5.walmartimages.com/asr/fbd3fbd4-499f-484c-acca-c95b2bcff582_3.7d85c765a50aaa63a0f29891717af3ea.png?odnWidth=612&odnHeight=612&odnBg=ffffff",
        "tags": [
            [
                "All Popcorn",
                "/browse/food/all-popcorn/976759_976787_1001407_3516563"
            ],
            [
                "All Cheese Popcorn",
                "/browse/food/all-cheese-popcorn/976759_976787_1001407_4054999_3569167"
            ],
            [
                "Galentine's Day Candy and Snacks",
                "/browse/food/galentines-day-candy-snacks/976759_1567409_9457805_4353770"
            ],
            [
                "National Ranch Day",
                "/browse/food/national-ranch-day/976759_976786_6502614"
            ],
            [
                "Plant Based Snacks",
                "/browse/food/plant-based-snacks/976759_5148628_4583057_2468673_6967777"
            ],
            [
                "SkinnyPop Popcorn",
                "/browse/food/skinnypop-popcorn/976759_976787_1001407_8152766"
            ],
            [
                "New Year's Eve Party Spread",
                "/browse/food/new-years-eve-party-spread/976759_1567409_9050139"
            ],
            [
                "New Year New You",
                "/browse/food/new-year-new-you/976759_1567409_3170630_9741688"
            ]
        ]
    }
]