[
    {
        "title": "Tootsie Roll, Mini Tootsie Pops, 54 Oz",
        "url": "https://www.walmart.com/ip/Tootsie-Roll-Mini-Tootsie-Pops-54-Oz/411470333",
        "price": "$9.98",
        "stars": "4.6",
        "ratings": "78 ",
        "img": "i5.walmartimages.com/asr/5c132107-89e3-4647-9780-ff5b2bf43187_1.8dfd5b8012f79259a63d0663a46478ae.png?odnWidth=612&odnHeight=612&odnBg=ffffff",
        "tags": [
            [
                "Tootsie Roll",
                "/browse/food/tootsie-roll/976759_1096070_1224975_1346090"
            ],
            [
                "Hard Candy",
                "/browse/food/hard-candy/976759_1096070_1224979_3137292"
            ],
            [
                "Office Candy",
                "/browse/food/office-candy/976759_1096070_1224980_6270829"
            ],
            [
                "Shop All Candy",
                "/browse/food/shop-all-candy/976759_1096070_1224975_6909059"
            ],
            [
                "Lollipops & Suckers",
                "/browse/food/lollipops-suckers/976759_1096070_1224979_7528469"
            ],
            [
                "Halloween Trick or Treat",
                "/browse/food/halloween-trick-treat/976759_1567409_2107086_6041305_8139682"
            ],
            [
                "All Halloween Candy",
                "/browse/food/all-halloween-candy/976759_1567409_2107086_6041305_9735259"
            ]
        ]
    },
    {
        "title": "Haribo Frogs Gummi Candies, 8 Oz.",
        "url": "https://www.walmart.com/ip/Haribo-Frogs-Gummi-Candies-8-Oz/373195494",
        "price": "$1.84",
        "stars": "4.2",
        "ratings": "41 ",
        "img": "i5.walmartimages.com/asr/dc3ff229-dab7-415b-b78c-c9f11cec8635_1.4771b846ed59aa797e56c7b59e1bb80b.jpeg?odnWidth=612&odnHeight=612&odnBg=ffffff",
        "tags": [
            [
                "Children's Party",
                "/browse/food/childrens-party/976759_1096070_1224980_1381998"
            ],
            [
                "Gummy Candy",
                "/browse/food/gummy-candy/976759_1096070_1224975_4246741"
            ],
            [
                "Movie Night Foods and Drinks",
                "/browse/food/movie-night-foods-drinks/976759_976787_4460428"
            ],
            [
                "Trolli",
                "/browse/food/trolli/976759_1096070_1224975_4803960"
            ],
            [
                "Office Candy",
                "/browse/food/office-candy/976759_1096070_1224980_6270829"
            ],
            [
                "Shop All Candy",
                "/browse/food/shop-all-candy/976759_1096070_1224975_6909059"
            ],
            [
                "Sour Candy",
                "/browse/food/sour-candy/976759_1096070_1224975_8650414"
            ]
        ]
    },
    {
        "title": "Hershey's, Snack Size Chocolate Assortment Candy, 33.43 Oz.",
        "url": "https://www.walmart.com/ip/Hershey-s-Snack-Size-Chocolate-Assortment-Candy-33-43-Oz/665417764",
        "price": "$9.98",
        "stars": "4.7",
        "ratings": "42 ",
        "img": "i5.walmartimages.com/asr/9c8996b9-c264-40a8-9608-5f56f270efcf_3.e6656cee282a8e83f19bf32e99651a3b.png?odnWidth=612&odnHeight=612&odnBg=ffffff",
        "tags": [
            [
                "Hershey's Easter Chocolate Candy and Treats",
                "/browse/food/hersheys-easter-chocolate-candy-treats/976759_1567409_7567150_1407602"
            ],
            [
                "Shop All Cold Packed Chocolates",
                "/browse/food/shop-all-cold-packed-chocolates/976759_1567409_7329770_1414143"
            ],
            [
                "Shop All Chocolate",
                "/browse/food/shop-all-chocolate/976759_1096070_1224976_2323697"
            ],
            [
                "Halloween Chocolate",
                "/browse/food/halloween-chocolate/976759_1567409_2107086_6041305_2967282"
            ],
            [
                "Hershey's Halloween Candy",
                "/browse/food/hersheys-halloween-candy/976759_1567409_2107086_6041305_5688639"
            ],
            [
                "Easter Basket Candy",
                "/browse/food/easter-basket-candy/976759_1567409_7567150_4780634_9848063"
            ],
            [
                "Shop All Cold Packed Groceries",
                "/browse/food/shop-all-cold-packed-groceries/976759_1567409_7329770_9969026"
            ]
        ]
    },
    {
        "title": "Eclipse Sugar Free Gum, Spearmint",
        "url": "https://www.walmart.com/ip/Eclipse-Sugar-Free-Gum-Spearmint/372396974",
        "price": "$14.18",
        "stars": "5.0",
        "ratings": "2 ",
        "img": "",
        "tags": []
    },
    {
        "title": "Airheads Bites Fruit Flavored Chewy Candy, 9 Oz.",
        "url": "https://www.walmart.com/ip/Airheads-Bites-Fruit-Flavored-Chewy-Candy-9-Oz/54276146",
        "price": "$2.78",
        "stars": "4.4",
        "ratings": "10 ",
        "img": "i5.walmartimages.com/asr/550245de-fde0-4ca3-861e-7d6bc78aac0a_2.fd60da6a5f21c2bd390b2a292304327e.jpeg?odnWidth=612&odnHeight=612&odnBg=ffffff",
        "tags": [
            [
                "Children's Party",
                "/browse/food/childrens-party/976759_1096070_1224980_1381998"
            ],
            [
                "Gummy Candy",
                "/browse/food/gummy-candy/976759_1096070_1224975_4246741"
            ],
            [
                "Caramels & Taffys",
                "/browse/food/caramels-taffys/976759_1096070_1224975_5726639"
            ],
            [
                "Office Candy",
                "/browse/food/office-candy/976759_1096070_1224980_6270829"
            ],
            [
                "Shop All Candy",
                "/browse/food/shop-all-candy/976759_1096070_1224975_6909059"
            ],
            [
                "Halloween Trick or Treat",
                "/browse/food/halloween-trick-treat/976759_1567409_2107086_6041305_8139682"
            ],
            [
                "Sour Candy",
                "/browse/food/sour-candy/976759_1096070_1224975_8650414"
            ]
        ]
    },
    {
        "title": "M&M'S Caramel Chocolate Candy, 34-Oz. Party Size Bag",
        "url": "https://www.walmart.com/ip/M-M-S-Caramel-Chocolate-Candy-34-Oz-Party-Size-Bag/595387821",
        "price": "$8.98",
        "stars": "4.4",
        "ratings": "193 ",
        "img": "i5.walmartimages.com/asr/0094e8b5-9d6e-473a-8a5d-d26854693ad5_1.4b892d4615634574a95de594d3f0266a.jpeg?odnWidth=612&odnHeight=612&odnBg=ffffff",
        "tags": [
            [
                "Shop All Cold Packed Chocolates",
                "/browse/food/shop-all-cold-packed-chocolates/976759_1567409_7329770_1414143"
            ],
            [
                "Cold Packed Mars Chocolates",
                "/browse/food/cold-packed-mars-chocolates/976759_1567409_7329770_1559304"
            ],
            [
                "Shop All Chocolate",
                "/browse/food/shop-all-chocolate/976759_1096070_1224976_2323697"
            ],
            [
                "Halloween Chocolate",
                "/browse/food/halloween-chocolate/976759_1567409_2107086_6041305_2967282"
            ],
            [
                "Mars Super Bowl Candy",
                "/browse/food/mars-super-bowl-candy/976759_1567409_3308135"
            ],
            [
                "Shop All Candy",
                "/browse/food/shop-all-candy/976759_1096070_1224975_6909059"
            ],
            [
                "Milk Chocolate",
                "/browse/food/milk-chocolate/976759_1096070_1224976_9905281"
            ],
            [
                "Shop All Cold Packed Groceries",
                "/browse/food/shop-all-cold-packed-groceries/976759_1567409_7329770_9969026"
            ]
        ]
    },
    {
        "title": "Trident Original Sugar Free Gum, 8 Packs of 14 Pieces (112 Total Pieces)",
        "url": "https://www.walmart.com/ip/Trident-Original-Sugar-Free-Gum-8-Packs-of-14-Pieces-112-Total-Pieces/555477112",
        "price": "$5.98",
        "stars": "4.7",
        "ratings": "12 ",
        "img": "i5.walmartimages.com/asr/968122fa-f08a-49c3-9e37-9129d0c8b796.fc041c5d417980d0107134f286b12567.jpeg?odnWidth=612&odnHeight=612&odnBg=ffffff",
        "tags": [
            [
                "Shop All Chewing Gum",
                "/browse/food/shop-all-chewing-gum/976759_1096070_1224977_1572366"
            ],
            [
                "Bubble Gum",
                "/browse/food/bubble-gum/976759_1096070_1224977_2039307"
            ],
            [
                "Sugar Free Food",
                "/browse/food/sugar-free-food/976759_1567409_3170630_2147513"
            ],
            [
                "Extra Chewing Gum",
                "/browse/food/extra-chewing-gum/976759_1096070_1224977_2566608"
            ],
            [
                "Orbit Chewing Gum",
                "/browse/food/orbit-chewing-gum/976759_1096070_1224977_3246659"
            ],
            [
                "Sugar-Free Snacks",
                "/browse/food/sugar-free-snacks/976759_976787_3455839"
            ],
            [
                "Wrigley Gum",
                "/browse/food/wrigley-gum/976759_1096070_1224977_3533254"
            ],
            [
                "Xylitol Gum",
                "/browse/food/xylitol-gum/976759_1096070_1224977_4012214"
            ]
        ]
    },
    {
        "title": "Nerds Sour Big Chewy Crunchy Candy Bag, 10 Oz",
        "url": "https://www.walmart.com/ip/Nerds-Sour-Big-Chewy-Crunchy-Candy-Bag-10-Oz/940998754",
        "price": "$2.48",
        "stars": "4.5",
        "ratings": "43 ",
        "img": "i5.walmartimages.com/asr/c8c541a5-03d5-42a6-a70f-58f2597fa1e3.596c28b8a2ca2d7d7811faad48d79eac.jpeg?odnWidth=612&odnHeight=612&odnBg=ffffff",
        "tags": [
            [
                "Children's Party",
                "/browse/food/childrens-party/976759_1096070_1224980_1381998"
            ],
            [
                "Office Candy",
                "/browse/food/office-candy/976759_1096070_1224980_6270829"
            ],
            [
                "Shop All Candy",
                "/browse/food/shop-all-candy/976759_1096070_1224975_6909059"
            ],
            [
                "Sour Candy",
                "/browse/food/sour-candy/976759_1096070_1224975_8650414"
            ],
            [
                "Easter Candy Dish",
                "/browse/food/easter-candy-dish/976759_1567409_7567150_4780634_8837958"
            ],
            [
                "Easter Basket Candy",
                "/browse/food/easter-basket-candy/976759_1567409_7567150_4780634_9848063"
            ],
            [
                "Sour Patch Kids",
                "/browse/food/sour-patch-kids/976759_1096070_1224975_9856221"
            ]
        ]
    },
    {
        "title": "Jolly Rancher, Misfits Gummy Candy, 8 Oz.",
        "url": "https://www.walmart.com/ip/Jolly-Rancher-Misfits-Gummy-Candy-8-Oz/946553517",
        "price": "$1.98",
        "stars": "4.5",
        "ratings": "147 ",
        "img": "i5.walmartimages.com/asr/4ace62ae-aef0-411e-a538-6be784cc9b34_1.f6c21b9b487fb69f32739afedefddd9c.jpeg?odnWidth=612&odnHeight=612&odnBg=ffffff",
        "tags": [
            [
                "Hard Candy",
                "/browse/food/hard-candy/976759_1096070_1224979_3137292"
            ],
            [
                "Gummy Candy",
                "/browse/food/gummy-candy/976759_1096070_1224975_4246741"
            ],
            [
                "Jolly Rancher",
                "/browse/food/jolly-rancher/976759_1096070_1224979_4346109"
            ],
            [
                "Shop All Candy",
                "/browse/food/shop-all-candy/976759_1096070_1224975_6909059"
            ],
            [
                "Hershey's Summer Sweets",
                "/browse/food/hersheys-summer-sweets/976759_1567409_8346319"
            ],
            [
                "Sour Candy",
                "/browse/food/sour-candy/976759_1096070_1224975_8650414"
            ]
        ]
    },
    {
        "title": "Skittles and Starburst Original Fun Size Chewy Candy Assorted Bag, 65 ct., 31.9oz",
        "url": "https://www.walmart.com/ip/Skittles-and-Starburst-Original-Fun-Size-Chewy-Candy-Assorted-Bag-65-ct-31-9oz/15125680",
        "price": "$8.98",
        "stars": "4.8",
        "ratings": "168 ",
        "img": "i5.walmartimages.com/asr/8b75d2b7-6853-4d37-a627-7b1ccadec1e1_1.8cc5b714497d0160bc41579cffa8ac68.jpeg?odnWidth=612&odnHeight=612&odnBg=ffffff",
        "tags": [
            [
                "Children's Party",
                "/browse/food/childrens-party/976759_1096070_1224980_1381998"
            ],
            [
                "Mars Super Bowl Candy",
                "/browse/food/mars-super-bowl-candy/976759_1567409_3308135"
            ],
            [
                "Mars Wrigley Halloween Candy",
                "/browse/food/mars-wrigley-halloween-candy/976759_1567409_2107086_6041305_5369737"
            ],
            [
                "Office Candy",
                "/browse/food/office-candy/976759_1096070_1224980_6270829"
            ],
            [
                "Easter Egg Hunt Candy",
                "/browse/food/easter-egg-hunt-candy/976759_1567409_7567150_4780634_7164648"
            ],
            [
                "Halloween Trick or Treat",
                "/browse/food/halloween-trick-treat/976759_1567409_2107086_6041305_8139682"
            ],
            [
                "Easter Basket Candy",
                "/browse/food/easter-basket-candy/976759_1567409_7567150_4780634_9848063"
            ]
        ]
    }
]