[
    {
        "title": "Disney Mickey Mouse Halloween Cookie Kit",
        "url": "https://www.walmart.com/ip/Disney-Mickey-Mouse-Halloween-Cookie-Kit/752685826",
        "price": "$5.98",
        "stars": "3.8",
        "ratings": "6 ",
        "img": "i5.walmartimages.com/asr/95e9b666-ff1e-43f7-a22a-7e1edbcdd5bf.e0791ed1d42d646595f93eade4f3bd79.jpeg?odnWidth=612&odnHeight=612&odnBg=ffffff",
        "tags": [
            [
                "Frosting, Toppings & Decorations",
                "/browse/food/frosting-toppings-decorations/976759_976780_1001368_1044127"
            ],
            [
                "Valentine's Day Baking",
                "/browse/food/valentines-day-baking/976759_1567409_9457805_1303563"
            ],
            [
                "Kids' Favorites",
                "/browse/food/kids-favorites/976759_976783_2440347"
            ],
            [
                "Funfetti",
                "/browse/food/funfetti/976759_976780_1001368_8292847_3476295"
            ],
            [
                "All Cereal",
                "/browse/food/all-cereal/976759_976783_1231208_4423991"
            ],
            [
                "Birthday Cake Mix",
                "/browse/food/birthday-cake-mix/976759_976780_1001368_8292847_4578163"
            ],
            [
                "Sprinkles",
                "/browse/food/sprinkles/976759_976780_2881195_4684853"
            ]
        ]
    },
    {
        "title": "Bertolli Extra Virgin Olive Oil Organic, 25.5 FL OZ",
        "url": "https://www.walmart.com/ip/Bertolli-Extra-Virgin-Olive-Oil-Organic-25-5-FL-OZ/48813508",
        "price": "$7.98",
        "stars": "4.7",
        "ratings": "25 ",
        "img": "i5.walmartimages.com/asr/015f4262-d388-4d4a-9d60-a044ac109ca1.c96e1cff4bd59f25f75ec22615d82c24.jpeg?odnWidth=612&odnHeight=612&odnBg=ffffff",
        "tags": [
            [
                "Organic Foods",
                "/browse/food/organic-foods/976759_1228024_1228017"
            ],
            [
                "Olive Oils",
                "/browse/food/olive-oils/976759_976786_2569148"
            ],
            [
                "Condiments Restock",
                "/browse/food/condiments-restock/976759_1567409_2168938_1811730_3522188"
            ],
            [
                "Organic Food Essentials",
                "/browse/food/organic-food-essentials/976759_1567409_2168938_8870296_3706415"
            ],
            [
                "Cooking & Baking Oils",
                "/browse/food/cooking-baking-oils/976759_4143264_2535686_5948883_4056935"
            ],
            [
                "Oils & Vinegar",
                "/browse/food/oils-vinegar/976759_4143264_2535686_3978835_6648399"
            ],
            [
                "Vegan Foods",
                "/browse/food/vegan-foods/976759_5004481_6794259"
            ],
            [
                "Kosher Foods",
                "/browse/kosher-foods/976759_8925069"
            ]
        ]
    },
    {
        "title": "(2 Pack) Kernel Season's Cheesy Jalapeno Popcorn Seasoning",
        "url": "https://www.walmart.com/ip/2-Pack-Kernel-Season-s-Cheesy-Jalapeno-Popcorn-Seasoning/47229022",
        "price": "$3.84",
        "stars": "3.6",
        "ratings": "43 ",
        "img": "i5.walmartimages.com/asr/5356f21c-4726-4bb7-a5b4-2bf12dbe25cc_1.f726f150d1bec8b76eabdd9a58ed352b.jpeg?odnWidth=612&odnHeight=612&odnBg=ffffff",
        "tags": [
            [
                "Oil & Shortening",
                "/browse/food/oil-shortening/976759_976786_1044152"
            ],
            [
                "All Popcorn",
                "/browse/food/all-popcorn/976759_976787_1001407_3516563"
            ],
            [
                "All Mixed Spices & Seasonings",
                "/browse/food/all-mixed-spices-seasonings/976759_976786_1007682_4019297_4279992"
            ],
            [
                "Herbs, Spices & Seasonings",
                "/browse/food/herbs-spices-seasonings/976759_4143264_2535686_3978835_6345282"
            ],
            [
                "Popcorn Bags",
                "/browse/food/popcorn-bags/976759_976787_1001407_6926277"
            ],
            [
                "All Salt, Spices & Seasoning",
                "/browse/food/all-salt-spices-seasoning/976759_976786_8191625"
            ],
            [
                "Caramel Corn",
                "/browse/food/caramel-corn/976759_976787_1001407_8452116"
            ]
        ]
    },
    {
        "title": "Great Value Neon Gel Food Colors, 2.7 oz, 4 Count",
        "url": "https://www.walmart.com/ip/Great-Value-Neon-Gel-Food-Colors-2-7-oz-4-Count/598890171",
        "price": "$3.58",
        "stars": "3.8",
        "ratings": "4 ",
        "img": "i5.walmartimages.com/asr/203934d6-a462-4b36-8648-775d17af84cd_1.b2ff9064141744a6fc256766097da411.jpeg?odnWidth=612&odnHeight=612&odnBg=ffffff",
        "tags": [
            [
                "Frosting, Toppings & Decorations",
                "/browse/food/frosting-toppings-decorations/976759_976780_1001368_1044127"
            ],
            [
                "Extracts & Flavorings",
                "/browse/food/extracts-flavorings/976759_976780_2881195_2771122_1092369"
            ],
            [
                "Valentine's Day Baking",
                "/browse/food/valentines-day-baking/976759_1567409_9457805_1303563"
            ],
            [
                "Hard Candy",
                "/browse/food/hard-candy/976759_1096070_1224979_3137292"
            ],
            [
                "Easter Meal",
                "/browse/food/easter-meal/976759_1567409_7567150_3664825"
            ],
            [
                "Sprinkles",
                "/browse/food/sprinkles/976759_976780_2881195_4684853"
            ],
            [
                "Baking Ingredients",
                "/browse/food/baking-ingredients/976759_4143264_2535686_5948883_5994684"
            ],
            [
                "Easter Baking",
                "/browse/food/easter-baking/976759_1567409_2168938_2546479_6431277"
            ]
        ]
    },
    {
        "title": "(3 Pack) Jell-O Raspberry Sugar Free Gelatin Mix, 0.6 oz Box",
        "url": "https://www.walmart.com/ip/3-Pack-Jell-O-Raspberry-Sugar-Free-Gelatin-Mix-0-6-oz-Box/246656437",
        "price": "$3.66",
        "stars": "4.7",
        "ratings": "421 ",
        "img": "i5.walmartimages.com/asr/c2d4f321-6ed1-4ec6-8219-7f89a278d328_5.84352dcda0c23d6afbe8add5d878964a.jpeg?odnWidth=612&odnHeight=612&odnBg=ffffff",
        "tags": [
            [
                "Pudding & Gelatin",
                "/browse/food/pudding-gelatin/976759_976787_1001471"
            ],
            [
                "Sugar-Free Food Essentials",
                "/browse/food/sugar-free-food-essentials/976759_1567409_2168938_8870296_1639022"
            ],
            [
                "Sugar Free Food",
                "/browse/food/sugar-free-food/976759_1567409_3170630_2147513"
            ],
            [
                "All Baking Mixes",
                "/browse/food/all-baking-mixes/976759_976780_1001368_2594651"
            ],
            [
                "Sugar-Free Snacks",
                "/browse/food/sugar-free-snacks/976759_976787_3455839"
            ],
            [
                "Game Time Baking",
                "/browse/food/game-time-baking/976759_1567409_3282877_2930489_4135213"
            ],
            [
                "Baking Ingredients",
                "/browse/food/baking-ingredients/976759_4143264_2535686_5948883_5994684"
            ],
            [
                "Fat Free Food",
                "/browse/food/fat-free-food/976759_1567409_3170630_8672408"
            ]
        ]
    },
    {
        "title": "(2 Pack) Great Value Organic Poultry Seasoning, 1.2 oz",
        "url": "https://www.walmart.com/ip/2-Pack-Great-Value-Organic-Poultry-Seasoning-1-2-oz/337003871",
        "price": "$5.93",
        "stars": "4.4",
        "ratings": "10 ",
        "img": "i5.walmartimages.com/asr/16214e7e-bacc-42bd-b377-c18182f14b2f_2.fcede3a6db86a3fb56e074e6db964806.jpeg?odnWidth=612&odnHeight=612&odnBg=ffffff",
        "tags": [
            [
                "Organic Foods",
                "/browse/food/organic-foods/976759_1228024_1228017"
            ],
            [
                "All Pepper & Peppercorns",
                "/browse/food/all-pepper-peppercorns/976759_976786_1007682_5307367_2161042"
            ],
            [
                "Organic Food Essentials",
                "/browse/food/organic-food-essentials/976759_1567409_2168938_8870296_3706415"
            ],
            [
                "Garlic Powder",
                "/browse/food/garlic-powder/976759_976786_1007682_2008977_5689191"
            ],
            [
                "Pepper",
                "/browse/food/pepper/976759_976786_1007682_5307367_6067079"
            ],
            [
                "All Single Herbs & Spices",
                "/browse/food/all-single-herbs-spices/976759_976786_1007682_2008977_6345512"
            ],
            [
                "All Salt, Spices & Seasoning",
                "/browse/food/all-salt-spices-seasoning/976759_976786_8191625"
            ],
            [
                "Garlic Salt",
                "/browse/food/garlic-salt/976759_976786_1007682_4019297_8437998"
            ]
        ]
    },
    {
        "title": "Meyenberg Evaporated Goat Milk- 12 Fl oz.",
        "url": "https://www.walmart.com/ip/Meyenberg-Evaporated-Goat-Milk-12-Fl-oz/12018583",
        "price": "$2.98",
        "stars": "4.5",
        "ratings": "60 ",
        "img": "i5.walmartimages.com/asr/69740224-9e83-448e-84bd-47b83522da58_1.392f69b3e61908ba90251aadae1d77d7.jpeg?odnWidth=612&odnHeight=612&odnBg=ffffff",
        "tags": [
            [
                "Condensed Milk",
                "/browse/food/condensed-milk/976759_976780_2881195_4261054_1438302"
            ],
            [
                "Evaporated Milk",
                "/browse/food/evaporated-milk/976759_976780_2881195_4261054_2867367"
            ],
            [
                "Baking Restock",
                "/browse/food/baking-restock/976759_1567409_2168938_1811730_4237636"
            ],
            [
                "Powdered Milk",
                "/browse/food/powdered-milk/976759_976780_2881195_4261054_5833312"
            ],
            [
                "Baking Ingredients",
                "/browse/food/baking-ingredients/976759_4143264_2535686_5948883_5994684"
            ],
            [
                "Flavored Milks",
                "/browse/food/flavored-milks/976759_1071964_976788_1001466_8309071"
            ],
            [
                "Carnation Milk",
                "/browse/food/carnation-milk/976759_976780_2881195_4261054_9188834"
            ]
        ]
    },
    {
        "title": "Watkins Pure Lemon Extract",
        "url": "https://www.walmart.com/ip/Watkins-Pure-Lemon-Extract/43852217",
        "price": "$2.76",
        "stars": "4.5",
        "ratings": "42 ",
        "img": "i5.walmartimages.com/asr/19020d1d-c6c0-4eab-921d-fd0397b4f988_1.92bfcd58ffc505b4550f2ad9c455bbb7.jpeg?odnWidth=612&odnHeight=612&odnBg=ffffff",
        "tags": [
            [
                "Vanilla Extract",
                "/browse/food/vanilla-extract/976759_976780_2881195_2771122_2298577"
            ],
            [
                "All Pantry Clearance and Deals",
                "/browse/food/all-pantry-clearance-deals/976759_1567409_2168938_3231932_2780184"
            ],
            [
                "Almond Extract",
                "/browse/food/almond-extract/976759_976780_2881195_2771122_3062307"
            ],
            [
                "Snacks",
                "/browse/food/snacks/976759_5148628_1228025_1228103_4586063"
            ],
            [
                "Gluten Free Foods",
                "/browse/food/gluten-free-foods/976759_5004481_5546296"
            ],
            [
                "Peppermint Extract",
                "/browse/food/peppermint-extract/976759_976780_2881195_2771122_6031240"
            ],
            [
                "McCormick Vanilla Extracts",
                "/browse/food/mccormick-vanilla-extracts/976759_976780_2881195_2771122_6767358"
            ],
            [
                "Non GMO Food",
                "/browse/food/non-gmo-food/976759_5004481_8102928"
            ]
        ]
    },
    {
        "title": "Louisiana Cajun Gumbo Base, 5.0 OZ",
        "url": "https://www.walmart.com/ip/Louisiana-Cajun-Gumbo-Base-5-0-OZ/14272807",
        "price": "$8.50",
        "stars": "4.8",
        "ratings": "17 ",
        "img": "",
        "tags": [
            [
                "All Soup",
                "/browse/food/all-soup/976759_976794_3901881_1001359"
            ],
            [
                "Stocks & Broths",
                "/browse/food/stocks-broths/976759_976794_976785_1001360"
            ],
            [
                "Boxed Meals",
                "/browse/food/boxed-meals/976759_976794_6223225_1001477"
            ],
            [
                "Coatings & Batters",
                "/browse/food/coatings-batters/976759_976780_2881195_1044090"
            ],
            [
                "Sauces",
                "/browse/food/sauces/976759_976786_1076366"
            ],
            [
                "All Baking Mixes",
                "/browse/food/all-baking-mixes/976759_976780_1001368_2594651"
            ],
            [
                "Cajun Seasoning",
                "/browse/food/cajun-seasoning/976759_976786_1007682_4019297_8910357"
            ]
        ]
    },
    {
        "title": "(4 Pack) Betty Crocker Rich and Creamy Lemon Frosting, 16 oz",
        "url": "https://www.walmart.com/ip/4-Pack-Betty-Crocker-Rich-and-Creamy-Lemon-Frosting-16-oz/880692163",
        "price": "$6.36",
        "stars": "4.6",
        "ratings": "52 ",
        "img": "i5.walmartimages.com/asr/70b21f13-bd83-4e52-877f-873cf7d1d17f_1.83e1422ef88c97a55bec382ce3e067b9.jpeg?odnWidth=612&odnHeight=612&odnBg=ffffff",
        "tags": [
            [
                "Valentine's Day Baking",
                "/browse/food/valentines-day-baking/976759_1567409_9457805_1303563"
            ],
            [
                "All Baking Mixes",
                "/browse/food/all-baking-mixes/976759_976780_1001368_2594651"
            ],
            [
                "Betty Crocker",
                "/browse/food/betty-crocker/976759_976780_1001368_8292847_4066458"
            ],
            [
                "Game Time Baking",
                "/browse/food/game-time-baking/976759_1567409_3282877_2930489_4135213"
            ],
            [
                "Dessert Mixes",
                "/browse/food/dessert-mixes/976759_4143264_2535686_5948883_4408557"
            ],
            [
                "Duncan Hines",
                "/browse/food/duncan-hines/976759_976780_1001368_8292847_6209434"
            ],
            [
                "All Cake Mixes",
                "/browse/food/all-cake-mixes/976759_976780_1001368_8292847_8973498"
            ]
        ]
    }
]