[
    {
        "title": "(3 Pack) Minute Long Grain White Rice Ready To Serve Family Size Bowl, 16 oz",
        "url": "https://www.walmart.com/ip/3-Pack-Minute-Long-Grain-White-Rice-Ready-To-Serve-Family-Size-Bowl-16-oz/968869607",
        "price": "$8.52",
        "stars": "4.7",
        "ratings": "26 ",
        "img": "",
        "tags": [
            [
                "Boxed Meals",
                "/browse/food/boxed-meals/976759_976794_6223225_1001477"
            ],
            [
                "Gluten-Free Foods",
                "/browse/food/gluten-free-foods/976759_1228023_1228016"
            ],
            [
                "Jasmine Rice",
                "/browse/food/jasmine-rice/976759_976794_1001474_4335459"
            ],
            [
                "Gluten Free Foods",
                "/browse/food/gluten-free-foods/976759_5004481_5546296"
            ],
            [
                "Low Sodium Foods",
                "/browse/food/low-sodium-foods/976759_5004481_6733659"
            ],
            [
                "Vegan Foods",
                "/browse/food/vegan-foods/976759_5004481_6794259"
            ],
            [
                "Gluten-Free Food Staples",
                "/browse/food/gluten-free-food-staples/976759_1567409_2168938_8870296_8339296"
            ],
            [
                "Easy Kid's Dinners",
                "/browse/food/easy-kids-dinners/976759_1567409_7966149_9873756"
            ]
        ]
    },
    {
        "title": "Barilla\u00ae Red Lentil Pasta, Gluten Free Pasta, Rotini 8.8 oz",
        "url": "https://www.walmart.com/ip/Barilla-Red-Lentil-Pasta-Gluten-Free-Pasta-Rotini-8-8-oz/529889874",
        "price": "$2.48",
        "stars": "4.5",
        "ratings": "2 ",
        "img": "i5.walmartimages.com/asr/4972b554-4d3c-47da-97cb-3041ed46fc1c.9153962d0ef2db96842bd0adedfbc296.jpeg?odnWidth=612&odnHeight=612&odnBg=ffffff",
        "tags": [
            [
                "Beans",
                "/browse/food/beans/976759_976794_976785_1001341"
            ],
            [
                "Dried Beans",
                "/browse/food/dried-beans/976759_976794_1001478"
            ],
            [
                "High Protein Food Staples",
                "/browse/food/high-protein-food-staples/976759_1567409_2168938_8870296_2783192"
            ],
            [
                "Better For You Food Essentials",
                "/browse/food/better-for-you-food-essentials/976759_1567409_2168938_8870296_3239058"
            ],
            [
                "All Healthy Essentials",
                "/browse/food/all-healthy-essentials/976759_1567409_2168938_8870296_5484923"
            ],
            [
                "Gluten Free Pasta & Grains",
                "/browse/food/gluten-free-pasta-grains/976759_5148628_4583057_1250486_7390423"
            ],
            [
                "High Fiber Foods",
                "/browse/food/high-fiber-foods/976759_5004481_9339140"
            ],
            [
                "Gluten Free Meals & Side Dishes",
                "/browse/food/gluten-free-meals-side-dishes/976759_5148628_4583057_1250486_9821290"
            ]
        ]
    },
    {
        "title": "(2 Pack) Mrs. Wages Create Tomato Pasta Sauce Mix, 5 Ounce Packet",
        "url": "https://www.walmart.com/ip/2-Pack-Mrs-Wages-Create-Tomato-Pasta-Sauce-Mix-5-Ounce-Packet/47233523",
        "price": "$4.50",
        "stars": "4.5",
        "ratings": "28 ",
        "img": "i5.walmartimages.com/asr/153234a4-e1ca-408b-b659-ac8590fe58e7_1.a5d5c70e56a88348649377e50474edad.jpeg?odnWidth=612&odnHeight=612&odnBg=ffffff",
        "tags": [
            [
                "Shop All Pickles",
                "/browse/food/shop-all-pickles/976759_976786_3273605_1044187"
            ],
            [
                "Sauces",
                "/browse/food/sauces/976759_976786_1076366"
            ],
            [
                "Canned Tomatoes",
                "/browse/food/canned-tomatoes/976759_976794_976785_2009430"
            ],
            [
                "Pasta Sauce",
                "/browse/food/pasta-sauce/976759_976794_2775278"
            ],
            [
                "All Salsas",
                "/browse/food/all-salsas/976759_976787_1001393_7109351_3919898"
            ],
            [
                "All Dips & Spreads",
                "/browse/food/all-dips-spreads/976759_976787_1001393_7832203"
            ]
        ]
    },
    {
        "title": "(2 Pack) Cholula Chili Lime Hot Sauce, 5 fl oz",
        "url": "https://www.walmart.com/ip/2-Pack-Cholula-Chili-Lime-Hot-Sauce-5-fl-oz/512163861",
        "price": "$13.93",
        "stars": "4.5",
        "ratings": "23 ",
        "img": "",
        "tags": [
            [
                "Chili",
                "/browse/food/chili/976759_976794_976785_1001346"
            ],
            [
                "Sauces",
                "/browse/food/sauces/976759_976786_1076366"
            ],
            [
                "Game Time Condiments",
                "/browse/food/game-time-condiments/976759_1567409_3282877_2930489_4160797"
            ],
            [
                "Frank's RedHot",
                "/browse/food/franks-redhot/976759_976786_9696846_5998141_4260444"
            ],
            [
                "All Hot Sauces",
                "/browse/food/all-hot-sauces/976759_976786_9696846_5998141_4394977"
            ],
            [
                "Snacks",
                "/browse/food/snacks/976759_5148628_1228025_1228103_4586063"
            ],
            [
                "Tex-Mex Sauces",
                "/browse/food/tex-mex-sauces/976759_976786_9696846_5998141_5209649"
            ],
            [
                "All Gametime Food",
                "/browse/food/all-gametime-food/976759_1567409_3282877_6093905"
            ]
        ]
    },
    {
        "title": "(2 Pack) Polar Skinless and Boneless Salmon Fillets, 7.05 oz",
        "url": "https://www.walmart.com/ip/2-Pack-Polar-Skinless-and-Boneless-Salmon-Fillets-7-05-oz/216356468",
        "price": "$7.68",
        "stars": "4.2",
        "ratings": "84 ",
        "img": "i5.walmartimages.com/asr/767dfb30-7316-42f9-a6ec-ccadf05572ce_1.9afff520f8b48ed25a07112cbb1cfd4f.jpeg?odnWidth=612&odnHeight=612&odnBg=ffffff",
        "tags": [
            [
                "Tuna & Seafood",
                "/browse/food/tuna-seafood/976759_976794_976785_1001781"
            ],
            [
                "No Sugar Foods",
                "/browse/food/no-sugar-foods/976759_5004481_1858214"
            ],
            [
                "High Protein Food Staples",
                "/browse/food/high-protein-food-staples/976759_1567409_2168938_8870296_2783192"
            ],
            [
                "Canned Tuna",
                "/browse/food/canned-tuna/976759_976794_976785_5772565"
            ],
            [
                "All Seafood",
                "/browse/food/all-seafood/976759_1071964_976796_1001442_5871325"
            ],
            [
                "Bumblebee Tuna",
                "/browse/food/bumblebee-tuna/976759_976794_976785_6754896"
            ],
            [
                "Gluten Free Meals & Side Dishes",
                "/browse/food/gluten-free-meals-side-dishes/976759_5148628_4583057_1250486_9821290"
            ],
            [
                "Easy Kid's Dinners",
                "/browse/food/easy-kids-dinners/976759_1567409_7966149_9873756"
            ]
        ]
    },
    {
        "title": "(3 Pack) Great Value Mustard Greens, 14 oz",
        "url": "https://www.walmart.com/ip/3-Pack-Great-Value-Mustard-Greens-14-oz/567133721",
        "price": "$1.74",
        "stars": "4.4",
        "ratings": "128 ",
        "img": "i5.walmartimages.com/asr/2689661a-eccf-4cda-ba8b-b894a6c23e40_1.1b686b11f3121712e2eeecd78fc5a805.jpeg?odnWidth=612&odnHeight=612&odnBg=ffffff",
        "tags": [
            [
                "Meat & Poultry",
                "/browse/food/meat-poultry/976759_976794_976785_1001347"
            ],
            [
                "Yellow Mustards",
                "/browse/food/yellow-mustards/976759_976786_9696846_1868509_1584034"
            ],
            [
                "Specialty Mustards",
                "/browse/food/specialty-mustards/976759_976786_9696846_1868509_1649339"
            ],
            [
                "All Fresh Vegetables",
                "/browse/food/all-fresh-vegetables/976759_1071964_976793_8910423_1814126"
            ],
            [
                "Canned Tomatoes",
                "/browse/food/canned-tomatoes/976759_976794_976785_2009430"
            ],
            [
                "Canned Vegetables",
                "/browse/food/canned-vegetables/976759_976794_976785_3605629"
            ],
            [
                "Spicy/Brown Mustards",
                "/browse/food/spicy-brown-mustards/976759_976786_9696846_1868509_3719097"
            ],
            [
                "Summer Grilling Condiments",
                "/browse/food/summer-grilling-condiments/976759_1567409_8808777_7265121"
            ]
        ]
    },
    {
        "title": "Bumble Bee Regular Medium Shrimp, 4oz can",
        "url": "https://www.walmart.com/ip/Bumble-Bee-Regular-Medium-Shrimp-4oz-can/39149492",
        "price": "$4.74",
        "stars": "4.0",
        "ratings": "21 ",
        "img": "i5.walmartimages.com/asr/aae9add4-60ee-496e-8cde-9740bebabf8d_1.a9fed9f32fcb4d47392becac61340fde.jpeg?odnWidth=612&odnHeight=612&odnBg=ffffff",
        "tags": [
            [
                "Tuna & Seafood",
                "/browse/food/tuna-seafood/976759_976794_976785_1001781"
            ],
            [
                "High Protein Food Staples",
                "/browse/food/high-protein-food-staples/976759_1567409_2168938_8870296_2783192"
            ],
            [
                "Canned Tuna",
                "/browse/food/canned-tuna/976759_976794_976785_5772565"
            ],
            [
                "All Seafood",
                "/browse/food/all-seafood/976759_1071964_976796_1001442_5871325"
            ],
            [
                "Fresh Fish",
                "/browse/food/fresh-fish/976759_1071964_976796_1001442_5915873"
            ],
            [
                "Tuna Pouches",
                "/browse/food/tuna-pouches/976759_976794_976785_9162342"
            ],
            [
                "Gluten Free Meals & Side Dishes",
                "/browse/food/gluten-free-meals-side-dishes/976759_5148628_4583057_1250486_9821290"
            ]
        ]
    },
    {
        "title": "(4 Pack) Bush's Best Organic Garbanzo Beans, 15 Oz",
        "url": "https://www.walmart.com/ip/4-Pack-Bush-s-Best-Organic-Garbanzo-Beans-15-Oz/726379148",
        "price": "$4.93",
        "stars": "4.3",
        "ratings": "93 ",
        "img": "",
        "tags": [
            [
                "Dried Beans",
                "/browse/food/dried-beans/976759_976794_1001478"
            ],
            [
                "All Fresh Vegetables",
                "/browse/food/all-fresh-vegetables/976759_1071964_976793_8910423_1814126"
            ],
            [
                "Baked Beans",
                "/browse/food/baked-beans/976759_976794_976785_2133370"
            ],
            [
                "Organic Food Essentials",
                "/browse/food/organic-food-essentials/976759_1567409_2168938_8870296_3706415"
            ],
            [
                "Cold Weather Foods",
                "/browse/food/cold-weather-foods/976759_1567409_6592518_4011823"
            ],
            [
                "Canned Beans",
                "/browse/food/canned-beans/976759_976794_976785_5368028"
            ],
            [
                "Canned Chickpeas",
                "/browse/food/canned-chickpeas/976759_976794_976785_5472418"
            ],
            [
                "High Fiber Foods",
                "/browse/food/high-fiber-foods/976759_5004481_9339140"
            ]
        ]
    },
    {
        "title": "(6 Pack) Mezzetta Imported Cocktail Onions, 16 Oz",
        "url": "https://www.walmart.com/ip/6-Pack-Mezzetta-Imported-Cocktail-Onions-16-Oz/47234468",
        "price": "$13.42",
        "stars": "4.7",
        "ratings": "40 ",
        "img": "i5.walmartimages.com/asr/05901208-8eb0-4a56-94df-8c6a3c1cac3a_1.3678d2a6ec9e89be6d58b759bcc7ab38.jpeg?odnWidth=612&odnHeight=612&odnBg=ffffff",
        "tags": [
            [
                "Shop All Olives",
                "/browse/food/shop-all-olives/976759_976786_6379931_1044186"
            ],
            [
                "Shop All Pickles",
                "/browse/food/shop-all-pickles/976759_976786_3273605_1044187"
            ],
            [
                "All Fresh Vegetables",
                "/browse/food/all-fresh-vegetables/976759_1071964_976793_8910423_1814126"
            ],
            [
                "Canned Tomatoes",
                "/browse/food/canned-tomatoes/976759_976794_976785_2009430"
            ],
            [
                "Specialty Pickle Brands",
                "/browse/food/specialty-pickle-brands/976759_976786_3273605_5837026"
            ],
            [
                "Summer Grilling Condiments",
                "/browse/food/summer-grilling-condiments/976759_1567409_8808777_7265121"
            ],
            [
                "Stuffed Olives",
                "/browse/food/stuffed-olives/976759_976786_6379931_7415069"
            ],
            [
                "Easy Kid's Dinners",
                "/browse/food/easy-kids-dinners/976759_1567409_7966149_9873756"
            ]
        ]
    },
    {
        "title": "Sunripe Candied Green Cherries, 8 Oz.",
        "url": "https://www.walmart.com/ip/Sunripe-Candied-Green-Cherries-8-Oz/47375547",
        "price": "$3.12",
        "stars": 0,
        "ratings": 0,
        "img": "i5.walmartimages.com/asr/fc5d8c04-4170-4368-97f8-292bd89b22e6_1.241cda9ae814bd1074cb615a33d8a5f0.jpeg?odnWidth=612&odnHeight=612&odnBg=ffffff",
        "tags": []
    }
]