[
    {
        "title": "(3 Pack) Great Value Non Pareil Sprinkles, Rainbow, 3.15 oz",
        "url": "https://www.walmart.com/ip/3-Pack-Great-Value-Non-Pareil-Sprinkles-Rainbow-3-15-oz/964564242",
        "price": "$4.23",
        "stars": "4.4",
        "ratings": "8 ",
        "img": "i5.walmartimages.com/asr/56cc562f-4dad-4959-9e96-56617d54603b_3.003ae1b9df22273319d9654bc8246dcd.jpeg?odnWidth=612&odnHeight=612&odnBg=ffffff",
        "tags": [
            [
                "Valentine's Day Baking",
                "/browse/food/valentines-day-baking/976759_1567409_9457805_1303563"
            ],
            [
                "All Baking Mixes",
                "/browse/food/all-baking-mixes/976759_976780_1001368_2594651"
            ],
            [
                "Hard Candy",
                "/browse/food/hard-candy/976759_1096070_1224979_3137292"
            ],
            [
                "Sprinkles",
                "/browse/food/sprinkles/976759_976780_2881195_4684853"
            ],
            [
                "Baking Ingredients",
                "/browse/food/baking-ingredients/976759_4143264_2535686_5948883_5994684"
            ],
            [
                "All Cake Mixes",
                "/browse/food/all-cake-mixes/976759_976780_1001368_8292847_8973498"
            ]
        ]
    },
    {
        "title": "\"Slap Ya Mama\" Cajun Seasoning, 16.0 OZ",
        "url": "https://www.walmart.com/ip/Slap-Ya-Mama-Cajun-Seasoning-16-0-OZ/34265122",
        "price": "$4.78",
        "stars": "4.8",
        "ratings": "93 ",
        "img": "i5.walmartimages.com/asr/b523b79a-e040-419c-80e4-69e72f2934a3_1.1eb64e098d4f9dab269a70ebdf50d55f.jpeg?odnWidth=612&odnHeight=612&odnBg=ffffff",
        "tags": [
            [
                "Condiments",
                "/browse/food/condiments/976759_976786_9696846_1001363"
            ],
            [
                "Crab Boil",
                "/browse/food/crab-boil/976759_976786_1007682_4019297_1765400"
            ],
            [
                "Baking Restock",
                "/browse/food/baking-restock/976759_1567409_2168938_1811730_4237636"
            ],
            [
                "All Mixed Spices & Seasonings",
                "/browse/food/all-mixed-spices-seasonings/976759_976786_1007682_4019297_4279992"
            ],
            [
                "All Hot Sauces",
                "/browse/food/all-hot-sauces/976759_976786_9696846_5998141_4394977"
            ],
            [
                "Latin American Beverages",
                "/browse/food/latin-american-beverages/976759_5148628_1228025_1228103_6192172"
            ],
            [
                "All Single Herbs & Spices",
                "/browse/food/all-single-herbs-spices/976759_976786_1007682_2008977_6345512"
            ],
            [
                "All Salt, Spices & Seasoning",
                "/browse/food/all-salt-spices-seasoning/976759_976786_8191625"
            ]
        ]
    },
    {
        "title": "Kodiak Cakes Protein Packed Muffin Mix, Blueberry, 14 Oz",
        "url": "https://www.walmart.com/ip/Kodiak-Cakes-Protein-Packed-Muffin-Mix-Blueberry-14-Oz/886725427",
        "price": "$4.77",
        "stars": "4.2",
        "ratings": "11 ",
        "img": "i5.walmartimages.com/asr/8b1c63aa-2909-48cb-9004-57dd6ec3fe56_1.981c0d7ee66af100a18a128d272bb1bc.png?odnWidth=612&odnHeight=612&odnBg=ffffff",
        "tags": [
            [
                "All Pancake & Waffle Mixes",
                "/browse/food/all-pancake-waffle-mixes/976759_976780_1001368_8790090_1702520"
            ],
            [
                "National Pancake Day",
                "/browse/food/national-pancake-day/976759_2606229_1841035"
            ],
            [
                "All Baking Mixes",
                "/browse/food/all-baking-mixes/976759_976780_1001368_2594651"
            ],
            [
                "High Protein Food Staples",
                "/browse/food/high-protein-food-staples/976759_1567409_2168938_8870296_2783192"
            ],
            [
                "Better For You Food Essentials",
                "/browse/food/better-for-you-food-essentials/976759_1567409_2168938_8870296_3239058"
            ],
            [
                "Dessert Mixes",
                "/browse/food/dessert-mixes/976759_4143264_2535686_5948883_4408557"
            ],
            [
                "All Healthy Essentials",
                "/browse/food/all-healthy-essentials/976759_1567409_2168938_8870296_5484923"
            ],
            [
                "Kodiak Cakes",
                "/browse/food/kodiak-cakes/976759_976780_1001368_8790090_9385442"
            ]
        ]
    },
    {
        "title": "(4 Pack) Jell-O Instant Sugar-Free Lemon Pudding & Pie Filling, 1 oz Box",
        "url": "https://www.walmart.com/ip/4-Pack-Jell-O-Instant-Sugar-Free-Lemon-Pudding-Pie-Filling-1-oz-Box/652143164",
        "price": "$4.25",
        "stars": "4.6",
        "ratings": "111 ",
        "img": "i5.walmartimages.com/asr/6ae2d47d-b536-4649-951c-e24a8052db8d_2.06d4e0599ed8456dac8c3a9eed3d5d6b.jpeg?odnWidth=612&odnHeight=612&odnBg=ffffff",
        "tags": [
            [
                "Pudding & Gelatin",
                "/browse/food/pudding-gelatin/976759_976787_1001471"
            ],
            [
                "Pie Fillings",
                "/browse/food/pie-fillings/976759_976780_2881195_1044161"
            ],
            [
                "Sugar-Free Food Essentials",
                "/browse/food/sugar-free-food-essentials/976759_1567409_2168938_8870296_1639022"
            ],
            [
                "All Baking Mixes",
                "/browse/food/all-baking-mixes/976759_976780_1001368_2594651"
            ],
            [
                "Sugar-Free Snacks",
                "/browse/food/sugar-free-snacks/976759_976787_3455839"
            ],
            [
                "Game Time Baking",
                "/browse/food/game-time-baking/976759_1567409_3282877_2930489_4135213"
            ],
            [
                "Dessert Mixes",
                "/browse/food/dessert-mixes/976759_4143264_2535686_5948883_4408557"
            ],
            [
                "Chilled Gelatins",
                "/browse/food/chilled-gelatins/976759_1071964_976788_3733198_4921976"
            ]
        ]
    },
    {
        "title": "(2 Pack) Weber Chicago Steak Seasoning Rub 5.5 oz.",
        "url": "https://www.walmart.com/ip/2-Pack-Weber-Chicago-Steak-Seasoning-Rub-5-5-oz/47229167",
        "price": "$5.96",
        "stars": "4.5",
        "ratings": "39 ",
        "img": "",
        "tags": [
            [
                "Taco Seasoning",
                "/browse/food/taco-seasoning/976759_976786_1007682_4019297_2407229"
            ],
            [
                "Chicken Seasoning",
                "/browse/food/chicken-seasoning/976759_976786_1007682_4019297_2775886"
            ],
            [
                "All Mixed Spices & Seasonings",
                "/browse/food/all-mixed-spices-seasonings/976759_976786_1007682_4019297_4279992"
            ],
            [
                "All Single Herbs & Spices",
                "/browse/food/all-single-herbs-spices/976759_976786_1007682_2008977_6345512"
            ],
            [
                "Italian Seasoning",
                "/browse/food/italian-seasoning/976759_976786_1007682_4019297_6822917"
            ],
            [
                "All New Food",
                "/browse/food/all-new-food/976759_4143264_8102846"
            ],
            [
                "All Salt, Spices & Seasoning",
                "/browse/food/all-salt-spices-seasoning/976759_976786_8191625"
            ],
            [
                "Garlic Salt",
                "/browse/food/garlic-salt/976759_976786_1007682_4019297_8437998"
            ]
        ]
    },
    {
        "title": "McCormick Coarse Ground Black Pepper, 3.12 oz",
        "url": "https://www.walmart.com/ip/McCormick-Coarse-Ground-Black-Pepper-3-12-oz/44981961",
        "price": "$4.48",
        "stars": "4.8",
        "ratings": "53 ",
        "img": "",
        "tags": [
            [
                "Peppercorns",
                "/browse/food/peppercorns/976759_976786_1007682_5307367_1884774"
            ],
            [
                "All Pepper & Peppercorns",
                "/browse/food/all-pepper-peppercorns/976759_976786_1007682_5307367_2161042"
            ],
            [
                "All Mixed Spices & Seasonings",
                "/browse/food/all-mixed-spices-seasonings/976759_976786_1007682_4019297_4279992"
            ],
            [
                "All Salts & Salt Substitutes",
                "/browse/food/all-salts-salt-substitutes/976759_976786_1007682_7559954_4427396"
            ],
            [
                "All Single Herbs & Spices",
                "/browse/food/all-single-herbs-spices/976759_976786_1007682_2008977_6345512"
            ],
            [
                "Non GMO Food",
                "/browse/food/non-gmo-food/976759_5004481_8102928"
            ],
            [
                "All Salt, Spices & Seasoning",
                "/browse/food/all-salt-spices-seasoning/976759_976786_8191625"
            ],
            [
                "Sea Salt",
                "/browse/food/sea-salt/976759_976786_1007682_7559954_8336453"
            ]
        ]
    },
    {
        "title": "(3 Pack) Kernel Season's 100% Natural Butter Spritzer, 4 oz",
        "url": "https://www.walmart.com/ip/3-Pack-Kernel-Season-s-100-Natural-Butter-Spritzer-4-oz/47232725",
        "price": "$7.95",
        "stars": "4.0",
        "ratings": "48 ",
        "img": "",
        "tags": [
            [
                "Oil & Shortening",
                "/browse/food/oil-shortening/976759_976786_1044152"
            ],
            [
                "Popcorn Seasoning",
                "/browse/food/popcorn-seasoning/976759_976786_1007682_4019297_3084841"
            ],
            [
                "All Popcorn",
                "/browse/food/all-popcorn/976759_976787_1001407_3516563"
            ],
            [
                "Popcorn Kernels",
                "/browse/food/popcorn-kernels/976759_976787_1001407_4228947"
            ],
            [
                "All Mixed Spices & Seasonings",
                "/browse/food/all-mixed-spices-seasonings/976759_976786_1007682_4019297_4279992"
            ],
            [
                "Popcorn Bags",
                "/browse/food/popcorn-bags/976759_976787_1001407_6926277"
            ]
        ]
    },
    {
        "title": "Pompeian Smooth Extra Virgin Olive Oil - 32 fl oz",
        "url": "https://www.walmart.com/ip/Pompeian-Smooth-Extra-Virgin-Olive-Oil-32-fl-oz/49951857",
        "price": "$8.98",
        "stars": "4.8",
        "ratings": "92 ",
        "img": "i5.walmartimages.com/asr/ff6a2d07-1c4f-4a0b-99d3-2fec3ed5d415_2.58f3b691750a3d0b6f53f3fa7d5a306a.jpeg?odnWidth=612&odnHeight=612&odnBg=ffffff",
        "tags": [
            [
                "Oil & Shortening",
                "/browse/food/oil-shortening/976759_976786_1044152"
            ],
            [
                "Condiments Restock",
                "/browse/food/condiments-restock/976759_1567409_2168938_1811730_3522188"
            ],
            [
                "Organic Food Essentials",
                "/browse/food/organic-food-essentials/976759_1567409_2168938_8870296_3706415"
            ],
            [
                "Cooking & Baking Oils",
                "/browse/food/cooking-baking-oils/976759_4143264_2535686_5948883_4056935"
            ],
            [
                "All Healthy Essentials",
                "/browse/food/all-healthy-essentials/976759_1567409_2168938_8870296_5484923"
            ],
            [
                "Oils & Vinegar",
                "/browse/food/oils-vinegar/976759_4143264_2535686_3978835_6648399"
            ],
            [
                "Keto Food Essentials",
                "/browse/food/keto-food-essentials/976759_1567409_2168938_8870296_8175229"
            ],
            [
                "Kosher Foods",
                "/browse/kosher-foods/976759_8925069"
            ]
        ]
    },
    {
        "title": "Lawry's Garlic Pepper, 2.6 oz",
        "url": "https://www.walmart.com/ip/Lawry-s-Garlic-Pepper-2-6-oz/16213278",
        "price": "$3.78",
        "stars": "4.9",
        "ratings": "43 ",
        "img": "i5.walmartimages.com/asr/e21630d4-0315-43d7-a2b4-62769a0dfcc9.98d181c9cdb65b220ade1ce23172c296.jpeg?odnWidth=612&odnHeight=612&odnBg=ffffff",
        "tags": [
            [
                "All Pepper & Peppercorns",
                "/browse/food/all-pepper-peppercorns/976759_976786_1007682_5307367_2161042"
            ],
            [
                "Baking Restock",
                "/browse/food/baking-restock/976759_1567409_2168938_1811730_4237636"
            ],
            [
                "Garlic Powder",
                "/browse/food/garlic-powder/976759_976786_1007682_2008977_5689191"
            ],
            [
                "Pepper",
                "/browse/food/pepper/976759_976786_1007682_5307367_6067079"
            ],
            [
                "All Single Herbs & Spices",
                "/browse/food/all-single-herbs-spices/976759_976786_1007682_2008977_6345512"
            ],
            [
                "All Salt, Spices & Seasoning",
                "/browse/food/all-salt-spices-seasoning/976759_976786_8191625"
            ],
            [
                "Garlic Salt",
                "/browse/food/garlic-salt/976759_976786_1007682_4019297_8437998"
            ],
            [
                "Seasoned Salt",
                "/browse/food/seasoned-salt/976759_976786_1007682_4019297_8631714"
            ]
        ]
    },
    {
        "title": "Reese's, Chocolate & Peanut Butter Shell Topping, 7.25 Oz.",
        "url": "https://www.walmart.com/ip/Reese-s-Chocolate-Peanut-Butter-Shell-Topping-7-25-Oz/10311922",
        "price": "$2.18",
        "stars": "4.1",
        "ratings": "22 ",
        "img": "i5.walmartimages.com/asr/88c5a9a5-abdb-4449-b31a-9b84fd779cc8_2.2e564b8564bc2726029aa24a85b1ec79.png?odnWidth=612&odnHeight=612&odnBg=ffffff",
        "tags": [
            [
                "Frosting, Toppings & Decorations",
                "/browse/food/frosting-toppings-decorations/976759_976780_1001368_1044127"
            ],
            [
                "Large Dessert Cakes",
                "/browse/food/large-dessert-cakes/976759_1071964_976779_2137603_5606856"
            ],
            [
                "All Syrups",
                "/browse/food/all-syrups/976759_976780_1092370_6683232"
            ],
            [
                "Hershey Baking",
                "/browse/food/hershey-baking/976759_2606229_9723046"
            ]
        ]
    }
]