[
    {
        "title": "NERDS Rainbow Candy 5 oz. Box",
        "url": "https://www.walmart.com/ip/NERDS-Rainbow-Candy-5-oz-Box/24360518",
        "price": "$5.32",
        "stars": "4.7",
        "ratings": "30 ",
        "img": "i5.walmartimages.com/asr/dfdd6ad5-f556-486e-828f-9e16feba31b5.aa6a31cf886eebbe7f471637e76a389a.jpeg?odnWidth=612&odnHeight=612&odnBg=ffffff",
        "tags": [
            [
                "Children's Party",
                "/browse/food/childrens-party/976759_1096070_1224980_1381998"
            ],
            [
                "Hard Candy",
                "/browse/food/hard-candy/976759_1096070_1224979_3137292"
            ],
            [
                "Skittles",
                "/browse/food/skittles/976759_1096070_1224975_5069721"
            ],
            [
                "Shop All Candy",
                "/browse/food/shop-all-candy/976759_1096070_1224975_6909059"
            ],
            [
                "Halloween Trick or Treat",
                "/browse/food/halloween-trick-treat/976759_1567409_2107086_6041305_8139682"
            ],
            [
                "All Halloween Candy",
                "/browse/food/all-halloween-candy/976759_1567409_2107086_6041305_9735259"
            ]
        ]
    },
    {
        "title": "Russell Stover Sugar Free Coconut with Stevia, 3 oz. Bag",
        "url": "https://www.walmart.com/ip/Russell-Stover-Sugar-Free-Coconut-with-Stevia-3-oz-Bag/10533782",
        "price": "$1.93",
        "stars": "4.5",
        "ratings": "79 ",
        "img": "",
        "tags": [
            [
                "Sugar Free Food",
                "/browse/food/sugar-free-food/976759_1567409_3170630_2147513"
            ],
            [
                "Sugar Free Candy",
                "/browse/food/sugar-free-candy/976759_1096070_2597321"
            ],
            [
                "Cold Packed Premium Chocolates",
                "/browse/food/cold-packed-premium-chocolates/976759_1567409_7329770_3301660"
            ],
            [
                "Sugar-Free Snacks",
                "/browse/food/sugar-free-snacks/976759_976787_3455839"
            ],
            [
                "Sugar Free Chocolate",
                "/browse/food/sugar-free-chocolate/976759_1096070_1224976_6402972"
            ],
            [
                "Mother's Day Gift Baskets",
                "/browse/food/mothers-day-gift-baskets/976759_1089004_8928454"
            ],
            [
                "Russell Stover Chocolate",
                "/browse/food/russell-stover-chocolate/976759_1096070_1224976_9563946"
            ]
        ]
    },
    {
        "title": "Russell Stover Sugar Free Pecan Delights with Stevia, 3 oz. Bag",
        "url": "https://www.walmart.com/ip/Russell-Stover-Sugar-Free-Pecan-Delights-with-Stevia-3-oz-Bag/10533777",
        "price": "$1.93",
        "stars": "4.5",
        "ratings": "33 ",
        "img": "",
        "tags": [
            [
                "Sugar Free Food",
                "/browse/food/sugar-free-food/976759_1567409_3170630_2147513"
            ],
            [
                "Sugar Free Candy",
                "/browse/food/sugar-free-candy/976759_1096070_2597321"
            ],
            [
                "Cold Packed Premium Chocolates",
                "/browse/food/cold-packed-premium-chocolates/976759_1567409_7329770_3301660"
            ],
            [
                "Sugar-Free Snacks",
                "/browse/food/sugar-free-snacks/976759_976787_3455839"
            ],
            [
                "Chocolate Covered Snacks",
                "/browse/food/chocolate-covered-snacks/976759_1096070_1224976_7726944"
            ],
            [
                "Mother's Day Gift Baskets",
                "/browse/food/mothers-day-gift-baskets/976759_1089004_8928454"
            ],
            [
                "Russell Stover Chocolate",
                "/browse/food/russell-stover-chocolate/976759_1096070_1224976_9563946"
            ]
        ]
    },
    {
        "title": "Werther's Original Chewy Caramel Candies, 5 Oz",
        "url": "https://www.walmart.com/ip/Werther-s-Original-Chewy-Caramel-Candies-5-Oz/44464660",
        "price": "$2.08",
        "stars": "4.6",
        "ratings": "31 ",
        "img": "i5.walmartimages.com/asr/50538972-0513-4e92-a57b-d1193bf4e7da.b11eb3b152b84417d585a8c42267d12c.jpeg?odnWidth=612&odnHeight=612&odnBg=ffffff",
        "tags": [
            [
                "Sugar Free Candy",
                "/browse/food/sugar-free-candy/976759_1096070_2597321"
            ],
            [
                "Hard Candy",
                "/browse/food/hard-candy/976759_1096070_1224979_3137292"
            ],
            [
                "Caramels & Taffys",
                "/browse/food/caramels-taffys/976759_1096070_1224975_5726639"
            ],
            [
                "Office Candy",
                "/browse/food/office-candy/976759_1096070_1224980_6270829"
            ],
            [
                "Shop All Candy",
                "/browse/food/shop-all-candy/976759_1096070_1224975_6909059"
            ],
            [
                "All Halloween Candy",
                "/browse/food/all-halloween-candy/976759_1567409_2107086_6041305_9735259"
            ]
        ]
    },
    {
        "title": "Krabby Patties OPP Bag 6.34 oz",
        "url": "https://www.walmart.com/ip/Krabby-Patties-OPP-Bag-6-34-oz/181993676",
        "price": "$2.28",
        "stars": "4.3",
        "ratings": "14 ",
        "img": "i5.walmartimages.com/asr/f1be9deb-8fbc-4f5d-bd5a-1d0d151171d6.152ef3fc75401b221c17f722054130c9.jpeg?odnWidth=612&odnHeight=612&odnBg=ffffff",
        "tags": [
            [
                "Children's Party",
                "/browse/food/childrens-party/976759_1096070_1224980_1381998"
            ],
            [
                "Gummy Bears",
                "/browse/food/gummy-bears/976759_1096070_1224975_6048777"
            ],
            [
                "Office Candy",
                "/browse/food/office-candy/976759_1096070_1224980_6270829"
            ],
            [
                "Shop All Candy",
                "/browse/food/shop-all-candy/976759_1096070_1224975_6909059"
            ],
            [
                "Halloween Trick or Treat",
                "/browse/food/halloween-trick-treat/976759_1567409_2107086_6041305_8139682"
            ],
            [
                "Sour Candy",
                "/browse/food/sour-candy/976759_1096070_1224975_8650414"
            ]
        ]
    },
    {
        "title": "Ferrara Pan Lemonhead Lemon Candies, 5 Oz.",
        "url": "https://www.walmart.com/ip/Ferrara-Pan-Lemonhead-Lemon-Candies-5-Oz/51258997",
        "price": "$0.98",
        "stars": "4.9",
        "ratings": "16 ",
        "img": "i5.walmartimages.com/asr/788e9630-85e8-4177-8c0b-fd9575e545be_1.232e78f6c523b61f0f67f458602f0f03.jpeg?odnWidth=612&odnHeight=612&odnBg=ffffff",
        "tags": [
            [
                "Tootsie Roll",
                "/browse/food/tootsie-roll/976759_1096070_1224975_1346090"
            ],
            [
                "Hard Candy",
                "/browse/food/hard-candy/976759_1096070_1224979_3137292"
            ],
            [
                "Skittles",
                "/browse/food/skittles/976759_1096070_1224975_5069721"
            ],
            [
                "Office Candy",
                "/browse/food/office-candy/976759_1096070_1224980_6270829"
            ],
            [
                "Nerds",
                "/browse/food/nerds/976759_1096070_1224979_6328972"
            ],
            [
                "Wholesale Candy",
                "/browse/food/wholesale-candy/976759_1096070_1224980_8149011"
            ]
        ]
    },
    {
        "title": "EXTRA Spearmint Sugarfree Gum, Single Pack 15 Pieces",
        "url": "https://www.walmart.com/ip/EXTRA-Spearmint-Sugarfree-Gum-Single-Pack-15-Pieces/20918405",
        "price": "$1.00",
        "stars": "4.8",
        "ratings": "147 ",
        "img": "i5.walmartimages.com/asr/2a0f8f40-9b57-4e88-975e-b3f547b92915.8f80359878ae751d4c68b62f8ae297f0.jpeg?odnWidth=612&odnHeight=612&odnBg=ffffff",
        "tags": [
            [
                "Shop All Chewing Gum",
                "/browse/food/shop-all-chewing-gum/976759_1096070_1224977_1572366"
            ],
            [
                "Extra Chewing Gum",
                "/browse/food/extra-chewing-gum/976759_1096070_1224977_2566608"
            ],
            [
                "Sugar-Free Snacks",
                "/browse/food/sugar-free-snacks/976759_976787_3455839"
            ],
            [
                "Wrigley Gum",
                "/browse/food/wrigley-gum/976759_1096070_1224977_3533254"
            ],
            [
                "Xylitol Gum",
                "/browse/food/xylitol-gum/976759_1096070_1224977_4012214"
            ],
            [
                "Ice Breakers Chewing Gum",
                "/browse/food/ice-breakers-chewing-gum/976759_1096070_1224977_5365518"
            ],
            [
                "Trident Chewing Gum",
                "/browse/food/trident-chewing-gum/976759_1096070_1224977_9974693"
            ]
        ]
    },
    {
        "title": "EXTRA Sweet Watermelon Sugarfree Gum, Single Pack 15 Pieces",
        "url": "https://www.walmart.com/ip/EXTRA-Sweet-Watermelon-Sugarfree-Gum-Single-Pack-15-Pieces/20918402",
        "price": "$1.00",
        "stars": "4.4",
        "ratings": "79 ",
        "img": "i5.walmartimages.com/asr/f7c599ff-07df-42a9-bcb5-0366910a3207.07b8b2922e9f57ca0f5520f8d2abe6cf.jpeg?odnWidth=612&odnHeight=612&odnBg=ffffff",
        "tags": [
            [
                "Shop All Chewing Gum",
                "/browse/food/shop-all-chewing-gum/976759_1096070_1224977_1572366"
            ],
            [
                "Sugar Free Food",
                "/browse/food/sugar-free-food/976759_1567409_3170630_2147513"
            ],
            [
                "All Fruit Snacks",
                "/browse/food/all-fruit-snacks/976759_976787_1001395_2676420"
            ],
            [
                "Sugar-Free Snacks",
                "/browse/food/sugar-free-snacks/976759_976787_3455839"
            ],
            [
                "Wrigley Gum",
                "/browse/food/wrigley-gum/976759_1096070_1224977_3533254"
            ],
            [
                "Snapple",
                "/browse/food/snapple/976759_976782_1001320_3563364_4335046"
            ],
            [
                "Ice Breakers Chewing Gum",
                "/browse/food/ice-breakers-chewing-gum/976759_1096070_1224977_5365518"
            ],
            [
                "Trident Chewing Gum",
                "/browse/food/trident-chewing-gum/976759_1096070_1224977_9974693"
            ]
        ]
    },
    {
        "title": "(6 Pack) Betty Crocker Mug Treats Hot Fudge Brownie",
        "url": "https://www.walmart.com/ip/6-Pack-Betty-Crocker-Mug-Treats-Hot-Fudge-Brownie/905427925",
        "price": "$16.47",
        "stars": "4.3",
        "ratings": "24 ",
        "img": "i5.walmartimages.com/asr/e4eb2886-57fb-47b9-98ce-c40d6ba64767_1.dbe98ca1b349331dde1878245a8af801.jpeg?odnWidth=612&odnHeight=612&odnBg=ffffff",
        "tags": [
            [
                "All Baking Mixes",
                "/browse/food/all-baking-mixes/976759_976780_1001368_2594651"
            ],
            [
                "Brownie Mix",
                "/browse/food/brownie-mix/976759_976780_1001368_6110844_2993955"
            ],
            [
                "Game Time Baking",
                "/browse/food/game-time-baking/976759_1567409_3282877_2930489_4135213"
            ],
            [
                "Dessert Mixes",
                "/browse/food/dessert-mixes/976759_4143264_2535686_5948883_4408557"
            ],
            [
                "Duncan Hines",
                "/browse/food/duncan-hines/976759_976780_1001368_8292847_6209434"
            ],
            [
                "All Cake Mixes",
                "/browse/food/all-cake-mixes/976759_976780_1001368_8292847_8973498"
            ]
        ]
    },
    {
        "title": "Brach's Mellowcreme Caramel Apple Halloween Candy, 13.6 Oz",
        "url": "https://www.walmart.com/ip/Brach-s-Mellowcreme-Caramel-Apple-Halloween-Candy-13-6-Oz/506792297",
        "price": "$1.98",
        "stars": "3.4",
        "ratings": "5 ",
        "img": "i5.walmartimages.com/asr/e1429150-79ae-4689-804f-d2944d1c635e.3b3edcf55d5124ae2364e67533ff89b3.jpeg?odnWidth=612&odnHeight=612&odnBg=ffffff",
        "tags": []
    }
]