[
    {
        "title": "Gold Medal 1060 5,000 Count - Sno-Kone Paper Cup",
        "url": "https://www.walmart.com/ip/Gold-Medal-1060-5-44-000-Count-Sno-Kone-Paper-Cup/47662746",
        "price": "$179.83",
        "stars": 0,
        "ratings": 0,
        "img": "",
        "tags": [
            [
                "Syrups & Sweeteners",
                "/browse/food/syrups-sweeteners/976759_976786_1008040"
            ],
            [
                "All Ice Cream",
                "/browse/food/all-ice-cream/976759_976791_1001420_1001423_4833164"
            ],
            [
                "Flavored Syrup",
                "/browse/food/flavored-syrup/976759_976780_1092370_6291049"
            ],
            [
                "All Syrups",
                "/browse/food/all-syrups/976759_976780_1092370_6683232"
            ],
            [
                "Shop Kellogg's",
                "/browse/shop-kelloggs/976759_7786229"
            ]
        ]
    },
    {
        "title": "Wilbur Chocolate Bittersweet Chunks or Ice Cream Chips- 50 LB. Bulk Boxes (Chocolate Ice Cream Chips)",
        "url": "https://www.walmart.com/ip/Wilbur-Chocolate-Bittersweet-Chunks-or-Ice-Cream-Chips-50-LB-Bulk-Boxes-Chocolate-Ice-Cream-Chips/269964255",
        "price": "$249.95",
        "stars": 0,
        "ratings": 0,
        "img": "",
        "tags": [
            [
                "Ice Cream Wafers & Cones",
                "/browse/food/ice-cream-wafers-cones/976759_976791_1001420_1001423_3474018"
            ],
            [
                "Ice Cream Sandwiches",
                "/browse/food/ice-cream-sandwiches/976759_976791_1001420_1001423_6949032"
            ],
            [
                "Vanilla Ice Cream",
                "/browse/food/vanilla-ice-cream/976759_976791_1001420_1001423_7039850"
            ],
            [
                "Sherbert Ice Cream",
                "/browse/food/sherbert-ice-cream/976759_976791_1001420_1001423_8307263"
            ],
            [
                "Butter Pecan Ice Cream",
                "/browse/food/butter-pecan-ice-cream/976759_976791_1001420_1001423_8912384"
            ],
            [
                "Shop All Cold Packed Groceries",
                "/browse/food/shop-all-cold-packed-groceries/976759_1567409_7329770_9969026"
            ]
        ]
    },
    {
        "title": "Green Bell Pepper, 1 each",
        "url": "https://www.walmart.com/ip/Green-Bell-Pepper-1-each/44390945",
        "price": "$0.76",
        "stars": "4.5",
        "ratings": "81 ",
        "img": "",
        "tags": [
            [
                "No Sugar Foods",
                "/browse/food/no-sugar-foods/976759_5004481_1858214"
            ],
            [
                "All Cereal",
                "/browse/food/all-cereal/976759_976783_1231208_4423991"
            ],
            [
                "Kid's Breakfast",
                "/browse/food/kids-breakfast/976759_1567409_7966149_6779439"
            ],
            [
                "Kid's Lunches",
                "/browse/food/kids-lunches/976759_1567409_7966149_7561098"
            ],
            [
                "Shop Kellogg's",
                "/browse/shop-kelloggs/976759_7786229"
            ],
            [
                "Snack Crackers",
                "/browse/food/snack-crackers/976759_976787_1001392_9358664"
            ]
        ]
    },
    {
        "title": "Great Value Broccoli Florets, 12 oz",
        "url": "https://www.walmart.com/ip/Great-Value-Broccoli-Florets-12-oz/735585383",
        "price": "$1.00",
        "stars": "4.1",
        "ratings": "69 ",
        "img": "i5.walmartimages.com/asr/d7aa23ff-3c32-45dd-9dab-0aeb1106ce45_7.18c8c8364264d5424b097d59d9818689.jpeg?odnWidth=612&odnHeight=612&odnBg=ffffff",
        "tags": [
            [
                "Gluten-Free Foods",
                "/browse/food/gluten-free-foods/976759_1228023_1228016"
            ],
            [
                "General Mills Fight Hunger",
                "/browse/food/general-mills-fight-hunger/976759_2606229_2161613"
            ],
            [
                "All Cereal",
                "/browse/food/all-cereal/976759_976783_1231208_4423991"
            ],
            [
                "General Mills Cereal",
                "/browse/food/general-mills-cereal/976759_976783_1231208_4498827"
            ],
            [
                "Gluten Free Foods",
                "/browse/food/gluten-free-foods/976759_5004481_5546296"
            ],
            [
                "Kid's Breakfast",
                "/browse/food/kids-breakfast/976759_1567409_7966149_6779439"
            ],
            [
                "Cheerios",
                "/browse/food/cheerios/976759_976783_1231208_8624385"
            ]
        ]
    },
    {
        "title": "Fresh Corn on the Cob",
        "url": "https://www.walmart.com/ip/Fresh-Corn-on-the-Cob/44391430",
        "price": "$0.42",
        "stars": "4.4",
        "ratings": "81 ",
        "img": "",
        "tags": [
            [
                "Gluten-Free Foods",
                "/browse/food/gluten-free-foods/976759_1228023_1228016"
            ],
            [
                "All Fresh Fruit",
                "/browse/food/all-fresh-fruit/976759_1071964_976793_9756351_1759962"
            ],
            [
                "Bananas",
                "/browse/food/bananas/976759_1071964_976793_9756351_2787146"
            ],
            [
                "Gluten Free Foods",
                "/browse/food/gluten-free-foods/976759_5004481_5546296"
            ],
            [
                "All Gametime Food",
                "/browse/food/all-gametime-food/976759_1567409_3282877_6093905"
            ],
            [
                "Kid's Breakfast",
                "/browse/food/kids-breakfast/976759_1567409_7966149_6779439"
            ],
            [
                "Summer Grilling Snacks",
                "/browse/food/summer-grilling-snacks/976759_1567409_8808777_8991223"
            ]
        ]
    },
    {
        "title": "Yellow Squash, 1 Each",
        "url": "https://www.walmart.com/ip/Yellow-Squash-1-Each/44391040",
        "price": "$0.83",
        "stars": "4.6",
        "ratings": "22 ",
        "img": "",
        "tags": [
            [
                "Frozen Vegetables",
                "/browse/food/frozen-vegetables/976759_976791_1001424"
            ],
            [
                "All Fresh Fruit",
                "/browse/food/all-fresh-fruit/976759_1071964_976793_9756351_1759962"
            ],
            [
                "Bananas",
                "/browse/food/bananas/976759_1071964_976793_9756351_2787146"
            ],
            [
                "All Cereal",
                "/browse/food/all-cereal/976759_976783_1231208_4423991"
            ],
            [
                "Citrus",
                "/browse/food/citrus/976759_1071964_976793_9756351_4914029"
            ],
            [
                "Organic Vegetables",
                "/browse/food/organic-vegetables/976759_1071964_976793_1913529_5216450"
            ],
            [
                "Shop Kellogg's",
                "/browse/shop-kelloggs/976759_7786229"
            ]
        ]
    },
    {
        "title": "Marketside Fresh Spinach, 10 oz",
        "url": "https://www.walmart.com/ip/Marketside-Fresh-Spinach-10-oz/13893738",
        "price": "$2.38",
        "stars": "3.8",
        "ratings": "125 ",
        "img": "i5.walmartimages.com/asr/62efef42-e5dc-4b42-8bc0-ea95ed9403ab_2.0ea9c53c1c78078f37025b698ad2acce.jpeg?odnWidth=612&odnHeight=612&odnBg=ffffff",
        "tags": [
            [
                "Oil & Shortening",
                "/browse/food/oil-shortening/976759_976786_1044152"
            ],
            [
                "Gluten-Free Foods",
                "/browse/food/gluten-free-foods/976759_1228023_1228016"
            ],
            [
                "Oatmeal",
                "/browse/food/oatmeal/976759_976783_1231210_2935294"
            ],
            [
                "Low Sodium Foods",
                "/browse/food/low-sodium-foods/976759_5004481_6733659"
            ],
            [
                "Kid's Breakfast",
                "/browse/food/kids-breakfast/976759_1567409_7966149_6779439"
            ],
            [
                "Vegan Foods",
                "/browse/food/vegan-foods/976759_5004481_6794259"
            ]
        ]
    },
    {
        "title": "Great Value Whole Kernel Corn, 12 oz",
        "url": "https://www.walmart.com/ip/Great-Value-Whole-Kernel-Corn-12-oz/659879040",
        "price": "$0.84",
        "stars": "4.5",
        "ratings": "26 ",
        "img": "i5.walmartimages.com/asr/b4779317-bc7b-45fe-a72a-09195bb61732_4.71213f198007b88f74a11be0e8da804b.jpeg?odnWidth=612&odnHeight=612&odnBg=ffffff",
        "tags": [
            [
                "Frozen Fruit",
                "/browse/food/frozen-fruit/976759_976791_1001413"
            ],
            [
                "All Fresh Fruit",
                "/browse/food/all-fresh-fruit/976759_1071964_976793_9756351_1759962"
            ],
            [
                "Bananas",
                "/browse/food/bananas/976759_1071964_976793_9756351_2787146"
            ],
            [
                "Fresh Pre-Cut Vegetables",
                "/browse/food/fresh-pre-cut-vegetables/976759_1071964_976793_8910423_2835097"
            ],
            [
                "All Cereal",
                "/browse/food/all-cereal/976759_976783_1231208_4423991"
            ],
            [
                "Kid's Breakfast",
                "/browse/food/kids-breakfast/976759_1567409_7966149_6779439"
            ],
            [
                "Shop Kellogg's",
                "/browse/shop-kelloggs/976759_7786229"
            ]
        ]
    },
    {
        "title": "Great Value Cut Green Beans, 12 oz",
        "url": "https://www.walmart.com/ip/Great-Value-Cut-Green-Beans-12-oz/576704015",
        "price": "$0.77",
        "stars": "4.2",
        "ratings": "20 ",
        "img": "i5.walmartimages.com/asr/e038aad6-290d-4974-90be-44cfd3cb2d57_6.6b00974595f9f92d9049f9a87621da39.jpeg?odnWidth=612&odnHeight=612&odnBg=ffffff",
        "tags": [
            [
                "Tortillas, Pitas & Wraps",
                "/browse/food/tortillas-pitas-wraps/976759_1071964_976779_3034786_1001458"
            ],
            [
                "Gluten-Free Foods",
                "/browse/food/gluten-free-foods/976759_1228023_1228016"
            ],
            [
                "All Fresh Fruit",
                "/browse/food/all-fresh-fruit/976759_1071964_976793_9756351_1759962"
            ],
            [
                "No Sugar Foods",
                "/browse/food/no-sugar-foods/976759_5004481_1858214"
            ],
            [
                "Bananas",
                "/browse/food/bananas/976759_1071964_976793_9756351_2787146"
            ],
            [
                "Fresh Pre-Cut Vegetables",
                "/browse/food/fresh-pre-cut-vegetables/976759_1071964_976793_8910423_2835097"
            ],
            [
                "Grapes",
                "/browse/food/grapes/976759_1071964_976793_9756351_3666751"
            ],
            [
                "Vegan Foods",
                "/browse/food/vegan-foods/976759_5004481_6794259"
            ]
        ]
    },
    {
        "title": "Great Value Sweet Peas, 12 oz",
        "url": "https://www.walmart.com/ip/Great-Value-Sweet-Peas-12-oz/443429457",
        "price": "$0.20",
        "stars": "4.4",
        "ratings": "19 ",
        "img": "i5.walmartimages.com/asr/5c808a27-a556-4bd0-bf33-5aa6358071df_4.7467591f04edc7663cb20a230d585410.jpeg?odnWidth=612&odnHeight=612&odnBg=ffffff",
        "tags": [
            [
                "All Fresh Fruit",
                "/browse/food/all-fresh-fruit/976759_1071964_976793_9756351_1759962"
            ],
            [
                "Kids' Favorites",
                "/browse/food/kids-favorites/976759_976783_2440347"
            ],
            [
                "Bananas",
                "/browse/food/bananas/976759_1071964_976793_9756351_2787146"
            ],
            [
                "Kellogg's Cereal",
                "/browse/food/kelloggs-cereal/976759_2606229_4002011"
            ],
            [
                "All Cereal",
                "/browse/food/all-cereal/976759_976783_1231208_4423991"
            ],
            [
                "Kellogg's Cereals",
                "/browse/food/kelloggs-cereals/976759_976783_1231208_5607655"
            ],
            [
                "Shop Kellogg's",
                "/browse/shop-kelloggs/976759_7786229"
            ]
        ]
    }
]