[
    {
        "title": "Primal Kitchen No Soy Teriyaki Sauce And Marinade, 8.5 Oz",
        "url": "https://www.walmart.com/ip/Primal-Kitchen-No-Soy-Teriyaki-Sauce-And-Marinade-8-5-Oz/416701396",
        "price": "$5.98",
        "stars": "4.8",
        "ratings": "49 ",
        "img": "i5.walmartimages.com/asr/bfb9e947-a2d5-48e7-aafe-acef590e4c14.f42dd3cb48cae47b48f9a65d734371ac.jpeg?odnWidth=612&odnHeight=612&odnBg=ffffff",
        "tags": [
            [
                "Asian Sauces",
                "/browse/food/asian-sauces/976759_976786_9696846_1547628"
            ],
            [
                "Condiments & Salad Dressing",
                "/browse/food/condiments-salad-dressing/976759_4143264_2535686_3978835_2015786"
            ],
            [
                "Primal Kitchen Salad Dressing",
                "/browse/food/primal-kitchen-salad-dressing/976759_976786_5730644_4402213"
            ],
            [
                "Specialty Dressing",
                "/browse/food/specialty-dressing/976759_976786_5730644_4547303"
            ],
            [
                "Teriyaki Sauces",
                "/browse/food/teriyaki-sauces/976759_976786_9696846_2015574_5251905"
            ],
            [
                "Shop All BBQ Sauces",
                "/browse/food/shop-all-bbq-sauces/976759_976786_9696846_9999057_6757439"
            ],
            [
                "Summer Grilling Condiments",
                "/browse/food/summer-grilling-condiments/976759_1567409_8808777_7265121"
            ]
        ]
    },
    {
        "title": "TABASCO Jalapeno Pepper Jelly 10oz",
        "url": "https://www.walmart.com/ip/TABASCO-Jalapeno-Pepper-Jelly-10oz/11979959",
        "price": "$3.98",
        "stars": "4.8",
        "ratings": "15 ",
        "img": "",
        "tags": [
            [
                "Jam, Jelly & Preserves",
                "/browse/food/jam-jelly-preserves/976759_976786_4439815_1007659"
            ],
            [
                "Matcha Tea",
                "/browse/food/matcha-tea/976759_976782_1001320_1848015"
            ],
            [
                "Peanut Butter and Jelly",
                "/browse/food/peanut-butter-jelly/976759_1567409_7966149_5050784"
            ],
            [
                "All Jams",
                "/browse/food/all-jams/976759_976786_4439815_4206490_5476094"
            ],
            [
                "Matcha Powder",
                "/browse/food/matcha-powder/976759_976782_1001320_5532505"
            ],
            [
                "Smucker's",
                "/browse/food/smuckers/976759_976786_4439815_7181651"
            ],
            [
                "Ingredient Powders & Starches",
                "/browse/food/ingredient-powders-starches/976759_976780_2881195_7138285_8280418"
            ],
            [
                "All Jellies",
                "/browse/food/all-jellies/976759_976786_4439815_5135919_9683979"
            ]
        ]
    },
    {
        "title": "SKIPPY Creamy Peanut Butter, 5.0 LB",
        "url": "https://www.walmart.com/ip/SKIPPY-Creamy-Peanut-Butter-5-0-LB/36988923",
        "price": "$9.77",
        "stars": "4.7",
        "ratings": "4108 ",
        "img": "i5.walmartimages.com/asr/81c89455-c4b9-4516-aab5-a29055aa6292.038b44fe716d3c3b8ce91c64510a41f9.jpeg?odnWidth=612&odnHeight=612&odnBg=ffffff",
        "tags": []
    },
    {
        "title": "Stephen's Gourmet Fry Sauce, 17.5 oz",
        "url": "https://www.walmart.com/ip/Stephen-s-Gourmet-Fry-Sauce-17-5-oz/40775800",
        "price": "$12.23",
        "stars": "5.0",
        "ratings": "1 ",
        "img": "",
        "tags": [
            [
                "Condiments",
                "/browse/food/condiments/976759_976786_9696846_1001363"
            ],
            [
                "Gluten-Free Foods",
                "/browse/food/gluten-free-foods/976759_1228023_1228016"
            ],
            [
                "Sauces & Marinades",
                "/browse/food/sauces-marinades/976759_976786_9696846_3225715_2223973"
            ],
            [
                "All Sir Kensington's",
                "/browse/food/all-sir-kensingtons/976759_976786_9696846_8508384_3552490"
            ],
            [
                "All Hot Sauces",
                "/browse/food/all-hot-sauces/976759_976786_9696846_5998141_4394977"
            ],
            [
                "Latin American Beverages",
                "/browse/food/latin-american-beverages/976759_5148628_1228025_1228103_6192172"
            ],
            [
                "Hot Chocolate",
                "/browse/food/hot-chocolate/976759_976782_1044077_6628647"
            ],
            [
                "Shop All BBQ Sauces",
                "/browse/food/shop-all-bbq-sauces/976759_976786_9696846_9999057_6757439"
            ]
        ]
    },
    {
        "title": "Figaro Hickory Liquid Smoke & Barbecue Marinade, 4 fl oz",
        "url": "https://www.walmart.com/ip/Figaro-Hickory-Liquid-Smoke-Barbecue-Marinade-4-fl-oz/10293214",
        "price": "$15.99",
        "stars": "5.0",
        "ratings": "5 ",
        "img": "",
        "tags": [
            [
                "Sauces",
                "/browse/food/sauces/976759_976786_1076366"
            ],
            [
                "Asian Sauces",
                "/browse/food/asian-sauces/976759_976786_9696846_1547628"
            ],
            [
                "All Pantry Clearance and Deals",
                "/browse/food/all-pantry-clearance-deals/976759_1567409_2168938_3231932_2780184"
            ],
            [
                "Teriyaki Sauces",
                "/browse/food/teriyaki-sauces/976759_976786_9696846_2015574_5251905"
            ],
            [
                "Asian Sauces, Condiments & Cooking Needs",
                "/browse/food/asian-sauces-condiments-cooking-needs/976759_5148628_1228025_1228102_5967969"
            ],
            [
                "KCMasterpiece",
                "/browse/food/kcmasterpiece/976759_2606229_7458550"
            ],
            [
                "BBQ Marinades",
                "/browse/food/bbq-marinades/976759_976786_9696846_3225715_8004576"
            ],
            [
                "Shop All Asian Market",
                "/browse/food/shop-all-asian-market/976759_5148628_1228025_1228102_9127385"
            ]
        ]
    },
    {
        "title": "McCormick Gourmet Ancho Chile Pepper, 1.62 oz",
        "url": "https://www.walmart.com/ip/McCormick-Gourmet-Ancho-Chile-Pepper-1-62-oz/914814805",
        "price": "$4.94",
        "stars": "5.0",
        "ratings": "5 ",
        "img": "i5.walmartimages.com/asr/351998f2-0b00-41fc-bd4c-55811205de20_1.8de2dc707d40f25fbd09a058f0ca084a.jpeg?odnWidth=612&odnHeight=612&odnBg=ffffff",
        "tags": [
            [
                "Chili",
                "/browse/food/chili/976759_976794_976785_1001346"
            ],
            [
                "Organic Foods",
                "/browse/food/organic-foods/976759_1228024_1228017"
            ],
            [
                "All Pepper & Peppercorns",
                "/browse/food/all-pepper-peppercorns/976759_976786_1007682_5307367_2161042"
            ],
            [
                "All Mixed Spices & Seasonings",
                "/browse/food/all-mixed-spices-seasonings/976759_976786_1007682_4019297_4279992"
            ],
            [
                "Herb Plants",
                "/browse/food/herb-plants/976759_1071964_976793_3513831_4862612"
            ],
            [
                "Pepper",
                "/browse/food/pepper/976759_976786_1007682_5307367_6067079"
            ],
            [
                "All Salt, Spices & Seasoning",
                "/browse/food/all-salt-spices-seasoning/976759_976786_8191625"
            ],
            [
                "Chili Powder",
                "/browse/food/chili-powder/976759_976786_1007682_2008977_9937359"
            ]
        ]
    },
    {
        "title": "Nature Nate's Texas Honey, 100% Pure Raw and Unfiltered Honey, 32 Oz",
        "url": "https://www.walmart.com/ip/Nature-Nate-s-Texas-Honey-100-Pure-Raw-and-Unfiltered-Honey-32-Oz/52783881",
        "price": "$11.97",
        "stars": "4.8",
        "ratings": "59 ",
        "img": "i5.walmartimages.com/asr/75f91f4c-145d-4060-8ae6-c7f0518cd643_1.e830cc990ba1e7f7dfef0917a0be2323.jpeg?odnWidth=612&odnHeight=612&odnBg=ffffff",
        "tags": [
            [
                "Jam, Jelly & Preserves",
                "/browse/food/jam-jelly-preserves/976759_976786_4439815_1007659"
            ],
            [
                "Gluten-Free Foods",
                "/browse/food/gluten-free-foods/976759_1228023_1228016"
            ],
            [
                "Organic Food Essentials",
                "/browse/food/organic-food-essentials/976759_1567409_2168938_8870296_3706415"
            ],
            [
                "Baking Restock",
                "/browse/food/baking-restock/976759_1567409_2168938_1811730_4237636"
            ],
            [
                "Gluten Free Foods",
                "/browse/food/gluten-free-foods/976759_5004481_5546296"
            ],
            [
                "Low Sodium Foods",
                "/browse/food/low-sodium-foods/976759_5004481_6733659"
            ],
            [
                "Plant Based Baking Needs",
                "/browse/food/plant-based-baking-needs/976759_5148628_4583057_2468673_6805759"
            ],
            [
                "Kosher Foods",
                "/browse/kosher-foods/976759_8925069"
            ]
        ]
    },
    {
        "title": "(2 Pack) Lea & Perrins Reduced Sodium Worcestershire Sauce, 10 fl oz Bottle",
        "url": "https://www.walmart.com/ip/2-Pack-Lea-Perrins-Reduced-Sodium-Worcestershire-Sauce-10-fl-oz-Bottle/247163710",
        "price": "$7.41",
        "stars": "4.8",
        "ratings": "25 ",
        "img": "i5.walmartimages.com/asr/3a17a164-e2e9-4dd7-8c83-bd1943e9b577_1.cbc0bcc0035f3dbc2fc151c47ed50e7f.jpeg?odnWidth=612&odnHeight=612&odnBg=ffffff",
        "tags": [
            [
                "Condiments",
                "/browse/food/condiments/976759_976786_9696846_1001363"
            ],
            [
                "Honey",
                "/browse/food/honey/976759_976786_1007699"
            ],
            [
                "Sauces",
                "/browse/food/sauces/976759_976786_1076366"
            ],
            [
                "Sugar-Free Snacks",
                "/browse/food/sugar-free-snacks/976759_976787_3455839"
            ],
            [
                "Gluten Free Foods",
                "/browse/food/gluten-free-foods/976759_5004481_5546296"
            ],
            [
                "Summer Grilling Condiments",
                "/browse/food/summer-grilling-condiments/976759_1567409_8808777_7265121"
            ],
            [
                "Licorice",
                "/browse/food/licorice/976759_1096070_1224975_9183649"
            ],
            [
                "All Decaf Coffee",
                "/browse/food/all-decaf-coffee/976759_1086446_2901896_9623975"
            ]
        ]
    },
    {
        "title": "Hellmann's Sauce Cilantro Lime 9 oz",
        "url": "https://www.walmart.com/ip/Hellmann-s-Sauce-Cilantro-Lime-9-oz/732697398",
        "price": "$3.47",
        "stars": "4.3",
        "ratings": "56 ",
        "img": "i5.walmartimages.com/asr/48375350-7fe1-44fb-bf0d-a64ba74aee04.a13a8d7e1acb0cdc27803b27f65f76f3.jpeg?odnWidth=612&odnHeight=612&odnBg=ffffff",
        "tags": [
            [
                "Condiments",
                "/browse/food/condiments/976759_976786_9696846_1001363"
            ],
            [
                "Hellmann's Mayonnaise",
                "/browse/food/hellmanns-mayonnaise/976759_976786_9696846_5399470_3686727"
            ],
            [
                "Hidden Valley Ranch",
                "/browse/food/hidden-valley-ranch/976759_976786_5730644_3791260"
            ],
            [
                "Game Time Condiments",
                "/browse/food/game-time-condiments/976759_1567409_3282877_2930489_4160797"
            ],
            [
                "All Gametime Food",
                "/browse/food/all-gametime-food/976759_1567409_3282877_6093905"
            ],
            [
                "Shop All Mayo",
                "/browse/food/shop-all-mayo/976759_976786_9696846_5399470_6720636"
            ],
            [
                "Summer Grilling Condiments",
                "/browse/food/summer-grilling-condiments/976759_1567409_8808777_7265121"
            ]
        ]
    },
    {
        "title": "(4 Pack) Cincinnati Recipe Chili Mix, 2.25 OZ",
        "url": "https://www.walmart.com/ip/4-Pack-Cincinnati-Recipe-Chili-Mix-2-25-OZ/47229017",
        "price": "$6.72",
        "stars": "4.3",
        "ratings": "41 ",
        "img": "",
        "tags": [
            [
                "Meat & Poultry",
                "/browse/food/meat-poultry/976759_976794_976785_1001347"
            ],
            [
                "All Soup",
                "/browse/food/all-soup/976759_976794_3901881_1001359"
            ],
            [
                "Boxed Meals",
                "/browse/food/boxed-meals/976759_976794_6223225_1001477"
            ],
            [
                "All Meals and Sides",
                "/browse/food/all-meals-sides/976759_1071964_976789_2133672_1535108"
            ],
            [
                "Cold Weather Foods",
                "/browse/food/cold-weather-foods/976759_1567409_6592518_4011823"
            ],
            [
                "All Mixed Spices & Seasonings",
                "/browse/food/all-mixed-spices-seasonings/976759_976786_1007682_4019297_4279992"
            ],
            [
                "All Salt, Spices & Seasoning",
                "/browse/food/all-salt-spices-seasoning/976759_976786_8191625"
            ]
        ]
    }
]