[
    {
        "title": "(2 Pack) McCormick\u00ae Smoked Paprika, 1.75 oz",
        "url": "https://www.walmart.com/ip/2-Pack-McCormick-Smoked-Paprika-1-75-oz/115657298",
        "price": "$7.64",
        "stars": "4.2",
        "ratings": "48 ",
        "img": "i5.walmartimages.com/asr/f8deda9d-4c6f-410b-8a1e-011d759c07e2_1.9bb04c53691290f7714583546079639c.jpeg?odnWidth=612&odnHeight=612&odnBg=ffffff",
        "tags": [
            [
                "All Pepper & Peppercorns",
                "/browse/food/all-pepper-peppercorns/976759_976786_1007682_5307367_2161042"
            ],
            [
                "Organic Food Essentials",
                "/browse/food/organic-food-essentials/976759_1567409_2168938_8870296_3706415"
            ],
            [
                "All Mixed Spices & Seasonings",
                "/browse/food/all-mixed-spices-seasonings/976759_976786_1007682_4019297_4279992"
            ],
            [
                "Garlic Powder",
                "/browse/food/garlic-powder/976759_976786_1007682_2008977_5689191"
            ],
            [
                "Pepper",
                "/browse/food/pepper/976759_976786_1007682_5307367_6067079"
            ],
            [
                "Onion Powder",
                "/browse/food/onion-powder/976759_976786_1007682_2008977_6178526"
            ],
            [
                "Non GMO Food",
                "/browse/food/non-gmo-food/976759_5004481_8102928"
            ],
            [
                "All Salt, Spices & Seasoning",
                "/browse/food/all-salt-spices-seasoning/976759_976786_8191625"
            ]
        ]
    },
    {
        "title": "Great Value Medium Picante Sauce, 70 oz",
        "url": "https://www.walmart.com/ip/Great-Value-Medium-Picante-Sauce-70-oz/17056881",
        "price": "$4.66",
        "stars": "4.6",
        "ratings": "133 ",
        "img": "i5.walmartimages.com/asr/7424b4af-0076-41b7-b72f-e5bab2b1a11d_1.de016e903d34b8db33afed0ba75f765b.jpeg?odnWidth=612&odnHeight=612&odnBg=ffffff",
        "tags": [
            [
                "All Chilled Hummus, Dips and Salsas",
                "/browse/food/all-chilled-hummus-dips-salsas/976759_1071964_976789_7056897_2830800"
            ],
            [
                "All Fresh Packaged Salads, Dressings and Dips",
                "/browse/food/all-fresh-packaged-salads-dressings-dips/976759_1071964_976793_9538337_3695434"
            ],
            [
                "All Salsas",
                "/browse/food/all-salsas/976759_976787_1001393_7109351_3919898"
            ],
            [
                "Pace Salsa",
                "/browse/food/pace-salsa/976759_976787_1001393_7109351_4353013"
            ],
            [
                "Low Calorie Foods",
                "/browse/food/low-calorie-foods/976759_5004481_6036545"
            ],
            [
                "All Dips & Spreads",
                "/browse/food/all-dips-spreads/976759_976787_1001393_7832203"
            ]
        ]
    },
    {
        "title": "Pinnacle Foods Log Cabin Table Syrup 22 oz",
        "url": "https://www.walmart.com/ip/Pinnacle-Foods-Log-Cabin-Table-Syrup-22-oz/15611026",
        "price": "$4.98",
        "stars": "4.4",
        "ratings": "51 ",
        "img": "",
        "tags": [
            [
                "All Pancake & Waffle Mixes",
                "/browse/food/all-pancake-waffle-mixes/976759_976780_1001368_8790090_1702520"
            ],
            [
                "National Pancake Day",
                "/browse/food/national-pancake-day/976759_2606229_1841035"
            ],
            [
                "Maple Syrup",
                "/browse/food/maple-syrup/976759_976780_1092370_3411348"
            ],
            [
                "Baking Restock",
                "/browse/food/baking-restock/976759_1567409_2168938_1811730_4237636"
            ],
            [
                "Easter Brunch",
                "/browse/food/easter-brunch/976759_1567409_7567150_6140212"
            ],
            [
                "All Syrups",
                "/browse/food/all-syrups/976759_976780_1092370_6683232"
            ]
        ]
    },
    {
        "title": "(2 Pack) Newman's Own: Balsamic Vinaigrette, 16 Oz",
        "url": "https://www.walmart.com/ip/2-Pack-Newman-s-Own-Balsamic-Vinaigrette-16-Oz/47230520",
        "price": "$5.78",
        "stars": "4.7",
        "ratings": "30 ",
        "img": "i5.walmartimages.com/asr/a481237e-9eae-4b68-9d0e-eb8c6652a5c1_1.01c60fe98d625dc5396ebd86e45b2247.png?odnWidth=612&odnHeight=612&odnBg=ffffff",
        "tags": [
            [
                "Ranch Dressing",
                "/browse/food/ranch-dressing/976759_976786_5730644_1345093"
            ],
            [
                "Italian Dressing",
                "/browse/food/italian-dressing/976759_976786_5730644_3178690"
            ],
            [
                "All Fresh Packaged Salads, Dressings and Dips",
                "/browse/food/all-fresh-packaged-salads-dressings-dips/976759_1071964_976793_9538337_3695434"
            ],
            [
                "Caesar Dressing",
                "/browse/food/caesar-dressing/976759_976786_5730644_3729388"
            ],
            [
                "Balsamic Vinegar",
                "/browse/food/balsamic-vinegar/976759_976786_3896160_3966324"
            ],
            [
                "Specialty Dressing",
                "/browse/food/specialty-dressing/976759_976786_5730644_4547303"
            ],
            [
                "Balsamic Dressing",
                "/browse/food/balsamic-dressing/976759_976786_5730644_8476862"
            ],
            [
                "Dressings & Marinades",
                "/browse/food/dressings-marinades/976759_976786_9696846_3225715_9994967"
            ]
        ]
    },
    {
        "title": "(3 Pack) Smucker's\u00a0Natural Blackberry Fruit Spread, 17.25-Ounce",
        "url": "https://www.walmart.com/ip/3-Pack-Smucker-s-Natural-Blackberry-Fruit-Spread-17-25-Ounce/783917119",
        "price": "$8.92",
        "stars": "4.7",
        "ratings": "43 ",
        "img": "i5.walmartimages.com/asr/573baef3-22da-4c03-a463-04d37bd2dd66_2.d48850559cb9d00d57521878a174617f.jpeg?odnWidth=612&odnHeight=612&odnBg=ffffff",
        "tags": [
            [
                "Jam, Jelly & Preserves",
                "/browse/food/jam-jelly-preserves/976759_976786_4439815_1007659"
            ],
            [
                "Sugar-Free Food Essentials",
                "/browse/food/sugar-free-food-essentials/976759_1567409_2168938_8870296_1639022"
            ],
            [
                "Sugar Free Food",
                "/browse/food/sugar-free-food/976759_1567409_3170630_2147513"
            ],
            [
                "Sugar-Free Snacks",
                "/browse/food/sugar-free-snacks/976759_976787_3455839"
            ],
            [
                "Peanut Butter and Jelly",
                "/browse/food/peanut-butter-jelly/976759_1567409_7966149_5050784"
            ],
            [
                "Raspberry Preserves",
                "/browse/food/raspberry-preserves/976759_976786_4439815_3614424_5461568"
            ],
            [
                "All Jams",
                "/browse/food/all-jams/976759_976786_4439815_4206490_5476094"
            ],
            [
                "Non GMO Food",
                "/browse/food/non-gmo-food/976759_5004481_8102928"
            ]
        ]
    },
    {
        "title": "Frank's RedHot Original Cayenne Pepper Hot Wing Sauce, 5 fl oz,",
        "url": "https://www.walmart.com/ip/Frank-s-RedHot-Original-Cayenne-Pepper-Hot-Wing-Sauce-5-fl-oz/17247773",
        "price": "$7.62",
        "stars": "4.8",
        "ratings": "71 ",
        "img": "i5.walmartimages.com/asr/09a1a704-e5ed-49cf-899a-d67bf6956eda_1.ded3eac44348f3b3d23411198ea394b8.jpeg?odnWidth=612&odnHeight=612&odnBg=ffffff",
        "tags": [
            [
                "Sauces",
                "/browse/food/sauces/976759_976786_1076366"
            ],
            [
                "Wing Sauces",
                "/browse/food/wing-sauces/976759_976786_9696846_9999057_2228411"
            ],
            [
                "Game Time Condiments",
                "/browse/food/game-time-condiments/976759_1567409_3282877_2930489_4160797"
            ],
            [
                "Frank's RedHot",
                "/browse/food/franks-redhot/976759_976786_9696846_5998141_4260444"
            ],
            [
                "All Hot Sauces",
                "/browse/food/all-hot-sauces/976759_976786_9696846_5998141_4394977"
            ],
            [
                "Bulk Sizes",
                "/browse/food/bulk-sizes/976759_976786_9696846_4567256"
            ],
            [
                "Snacks",
                "/browse/food/snacks/976759_5148628_1228025_1228103_4586063"
            ],
            [
                "Tex-Mex Sauces",
                "/browse/food/tex-mex-sauces/976759_976786_9696846_5998141_5209649"
            ]
        ]
    },
    {
        "title": "BetterBody Foods Pure Avocado Oil 33.8oz, 1Liter",
        "url": "https://www.walmart.com/ip/BetterBody-Foods-Pure-Avocado-Oil-33-8oz-1Liter/107198869",
        "price": "$11.94",
        "stars": "4.8",
        "ratings": "80 ",
        "img": "i5.walmartimages.com/asr/82118d08-8c61-4a4a-b6fb-ca098628b178_3.276b0660fb323bc39aaa2663cefc4887.png?odnWidth=612&odnHeight=612&odnBg=ffffff",
        "tags": [
            [
                "Oil & Shortening",
                "/browse/food/oil-shortening/976759_976786_1044152"
            ],
            [
                "Olive Oils",
                "/browse/food/olive-oils/976759_976786_2569148"
            ],
            [
                "Better For You Food Essentials",
                "/browse/food/better-for-you-food-essentials/976759_1567409_2168938_8870296_3239058"
            ],
            [
                "Paleo Food Essentials",
                "/browse/food/paleo-food-essentials/976759_1567409_2168938_8870296_5023285"
            ],
            [
                "All Healthy Essentials",
                "/browse/food/all-healthy-essentials/976759_1567409_2168938_8870296_5484923"
            ],
            [
                "Vegan Food Essentials",
                "/browse/food/vegan-food-essentials/976759_1567409_2168938_8870296_7715877"
            ],
            [
                "Keto Food Essentials",
                "/browse/food/keto-food-essentials/976759_1567409_2168938_8870296_8175229"
            ],
            [
                "Shop All Plant Based Foods",
                "/browse/food/shop-all-plant-based-foods/976759_5148628_4583057_2468673_8701847"
            ]
        ]
    },
    {
        "title": "SKIPPY Creamy Peanut Butter, 64 oz",
        "url": "https://www.walmart.com/ip/SKIPPY-Creamy-Peanut-Butter-64-oz/37447685",
        "price": "$8.67",
        "stars": "4.8",
        "ratings": "2193 ",
        "img": "i5.walmartimages.com/asr/5d26d51c-8906-42cd-be97-668aec6028ed.4e0714467c2d1d4aec6f28225beadfac.jpeg?odnWidth=612&odnHeight=612&odnBg=ffffff",
        "tags": []
    },
    {
        "title": "Terra Delyssa Tunisian Extra Virgin Olive Oil, 34 fl oz",
        "url": "https://www.walmart.com/ip/Terra-Delyssa-Tunisian-Extra-Virgin-Olive-Oil-34-fl-oz/47440602",
        "price": "$7.96",
        "stars": "4.8",
        "ratings": "102 ",
        "img": "i5.walmartimages.com/asr/7c7f75d6-abe2-47c9-97c2-ed033b0f1654.03525379d29d78a762a45844e4f242d0.jpeg?odnWidth=612&odnHeight=612&odnBg=ffffff",
        "tags": [
            [
                "Oil & Shortening",
                "/browse/food/oil-shortening/976759_976786_1044152"
            ],
            [
                "Better For You Food Essentials",
                "/browse/food/better-for-you-food-essentials/976759_1567409_2168938_8870296_3239058"
            ],
            [
                "Condiments Restock",
                "/browse/food/condiments-restock/976759_1567409_2168938_1811730_3522188"
            ],
            [
                "Organic Food Essentials",
                "/browse/food/organic-food-essentials/976759_1567409_2168938_8870296_3706415"
            ],
            [
                "Paleo Food Essentials",
                "/browse/food/paleo-food-essentials/976759_1567409_2168938_8870296_5023285"
            ],
            [
                "All Healthy Essentials",
                "/browse/food/all-healthy-essentials/976759_1567409_2168938_8870296_5484923"
            ],
            [
                "Keto Food Essentials",
                "/browse/food/keto-food-essentials/976759_1567409_2168938_8870296_8175229"
            ],
            [
                "Kosher Foods",
                "/browse/kosher-foods/976759_8925069"
            ]
        ]
    },
    {
        "title": "Local Hive Authentic Clover Raw & Unfiltered Honey, 16 oz",
        "url": "https://www.walmart.com/ip/Local-Hive-Authentic-Clover-Raw-Unfiltered-Honey-16-oz/39439295",
        "price": "$5.98",
        "stars": "4.5",
        "ratings": "55 ",
        "img": "i5.walmartimages.com/asr/1d52c574-022b-4b2e-bb84-2b8c6a63b1ef_1.f6504ebe3e80392f596e9c68ef4d6500.png?odnWidth=612&odnHeight=612&odnBg=ffffff",
        "tags": [
            [
                "Jam, Jelly & Preserves",
                "/browse/food/jam-jelly-preserves/976759_976786_4439815_1007659"
            ],
            [
                "Gluten-Free Foods",
                "/browse/food/gluten-free-foods/976759_1228023_1228016"
            ],
            [
                "Organic Food Essentials",
                "/browse/food/organic-food-essentials/976759_1567409_2168938_8870296_3706415"
            ],
            [
                "Baking Restock",
                "/browse/food/baking-restock/976759_1567409_2168938_1811730_4237636"
            ],
            [
                "Granola Bars",
                "/browse/food/granola-bars/976759_976787_1044154_5006109"
            ],
            [
                "Gluten Free Foods",
                "/browse/food/gluten-free-foods/976759_5004481_5546296"
            ],
            [
                "Low Sodium Foods",
                "/browse/food/low-sodium-foods/976759_5004481_6733659"
            ],
            [
                "Plant Based Baking Needs",
                "/browse/food/plant-based-baking-needs/976759_5148628_4583057_2468673_6805759"
            ]
        ]
    }
]