[
    {
        "title": "Fiber One Chewy Bar, Oats and Chocolate, 15 ct",
        "url": "https://www.walmart.com/ip/Fiber-One-Chewy-Bar-Oats-and-Chocolate-15-ct/25847928",
        "price": "$6.76",
        "stars": "4.7",
        "ratings": "205 ",
        "img": "i5.walmartimages.com/asr/d367878b-9014-47ee-842f-91fe6e80366a.c1f01ff7522bbe7c385c3a4ef499e5e0.jpeg?odnWidth=612&odnHeight=612&odnBg=ffffff",
        "tags": [
            [
                "On the Go Snacks",
                "/browse/food/on-the-go-snacks/976759_976787_3253105"
            ],
            [
                "Shop Nature Valley",
                "/browse/food/shop-nature-valley/976759_976787_1044154_4008994"
            ],
            [
                "Granola Bars",
                "/browse/food/granola-bars/976759_976787_1044154_5006109"
            ],
            [
                "Indulgent Breakfast",
                "/browse/food/indulgent-breakfast/976759_976783_7148587"
            ],
            [
                "Nature Valley Granola Bars & Snack Bars",
                "/browse/food/nature-valley-granola-bars-snack-bars/976759_976787_1044154_7928976"
            ],
            [
                "Fiber One Breakfast & Snack Bars",
                "/browse/food/fiber-one-breakfast-snack-bars/976759_976783_7968162"
            ],
            [
                "New Year New You",
                "/browse/food/new-year-new-you/976759_1567409_3170630_9741688"
            ]
        ]
    },
    {
        "title": "Quaker Rice Crisps, Buttermilk Ranch, 6.06 oz Bag",
        "url": "https://www.walmart.com/ip/Quaker-Rice-Crisps-Buttermilk-Ranch-6-06-oz-Bag/10312606",
        "price": "$2.98",
        "stars": "4.3",
        "ratings": "68 ",
        "img": "i5.walmartimages.com/asr/ec75425b-9339-4200-94b3-1aa243cbcb29_1.ae5c40afc12735e1fdc4330024e21086.jpeg?odnWidth=612&odnHeight=612&odnBg=ffffff",
        "tags": [
            [
                "Gluten-Free Foods",
                "/browse/food/gluten-free-foods/976759_1228023_1228016"
            ],
            [
                "All Rice Cakes",
                "/browse/food/all-rice-cakes/976759_976787_1001397_1260147"
            ],
            [
                "Canned Tomatoes",
                "/browse/food/canned-tomatoes/976759_976794_976785_2009430"
            ],
            [
                "All Popcorn",
                "/browse/food/all-popcorn/976759_976787_1001407_3516563"
            ],
            [
                "Gluten Free Snacks, Cookies & Chips",
                "/browse/food/gluten-free-snacks-cookies-chips/976759_1228023_5141486"
            ],
            [
                "Popcorn Bags",
                "/browse/food/popcorn-bags/976759_976787_1001407_6926277"
            ]
        ]
    },
    {
        "title": "(16 Cups) Dole Fruit Bowls Mixed Fruit in Black Cherry Gel, 4.3 oz cups",
        "url": "https://www.walmart.com/ip/16-Cups-Dole-Fruit-Bowls-Mixed-Fruit-in-Black-Cherry-Gel-4-3-oz-cups/403629780",
        "price": "$9.92",
        "stars": "4.7",
        "ratings": "162 ",
        "img": "",
        "tags": [
            [
                "Applesauce",
                "/browse/food/applesauce/976759_976794_976785_1001388"
            ],
            [
                "Fruit Cups & Fruit Sauces",
                "/browse/food/fruit-cups-fruit-sauces/976759_976787_1044133"
            ],
            [
                "Pie Fillings",
                "/browse/food/pie-fillings/976759_976780_2881195_1044161"
            ],
            [
                "Canned Pineapple",
                "/browse/food/canned-pineapple/976759_976794_976785_3637240"
            ],
            [
                "Dole Fruit Cups",
                "/browse/food/dole-fruit-cups/976759_976794_976785_5006407"
            ],
            [
                "Non GMO Food",
                "/browse/food/non-gmo-food/976759_5004481_8102928"
            ],
            [
                "Gluten-Free Food Staples",
                "/browse/food/gluten-free-food-staples/976759_1567409_2168938_8870296_8339296"
            ],
            [
                "Canned Peaches",
                "/browse/food/canned-peaches/976759_976794_976785_8566750"
            ]
        ]
    },
    {
        "title": "Pepperidge Farm Goldfish Baked with Whole Grain Cheddar Crackers, 30 oz. Carton",
        "url": "https://www.walmart.com/ip/Pepperidge-Farm-Goldfish-Baked-with-Whole-Grain-Cheddar-Crackers-30-oz-Carton/21555742",
        "price": "$6.28",
        "stars": "4.8",
        "ratings": "84 ",
        "img": "",
        "tags": [
            [
                "Pringles & Cheez-It",
                "/browse/pringles-cheez-it/976759_1863726"
            ],
            [
                "Gametime Snacks",
                "/browse/food/gametime-snacks/976759_1567409_3282877_2947703"
            ],
            [
                "Goldfish",
                "/browse/food/goldfish/976759_976787_1001392_5345496"
            ],
            [
                "All Gametime Food",
                "/browse/food/all-gametime-food/976759_1567409_3282877_6093905"
            ],
            [
                "Shop Kellogg's",
                "/browse/shop-kelloggs/976759_7786229"
            ],
            [
                "On-the-go Crackers",
                "/browse/food/on-the-go-crackers/976759_976787_1001392_9056086"
            ],
            [
                "Snack Crackers",
                "/browse/food/snack-crackers/976759_976787_1001392_9358664"
            ]
        ]
    },
    {
        "title": "Snyder's of Hanover Pretzel Rods, 12 Oz",
        "url": "https://www.walmart.com/ip/Snyder-s-of-Hanover-Pretzel-Rods-12-Oz/23591299",
        "price": "$2.98",
        "stars": "4.5",
        "ratings": "59 ",
        "img": "",
        "tags": [
            [
                "Stock up on Paper & Plastic",
                "/browse/seasonal/stock-up-paper-plastic/1085632_9267270_6133729_3048735"
            ],
            [
                "Back to College Stock Up",
                "/browse/seasonal/back-to-college-stock-up/1085632_9267270_4435758"
            ],
            [
                "Stock up on Cleaning Supplies",
                "/browse/seasonal/stock-up-cleaning-supplies/1085632_9267270_6133729_6220803"
            ],
            [
                "Stock up on Oral Care",
                "/browse/seasonal/stock-up-oral-care/1085632_9267270_7332448_8262175"
            ],
            [
                "Plant Based Products",
                "/browse/plant-based-products/1085632_8856555"
            ],
            [
                "Stock up on Laundry Room Supplies",
                "/browse/seasonal/stock-up-laundry-room-supplies/1085632_9267270_6133729_9058184"
            ],
            [
                "Stock up on Litter",
                "/browse/seasonal/stock-up-litter/1085632_9267270_4520411_4629792_9059897"
            ]
        ]
    },
    {
        "title": "Nutter Butter Peanut Butter Wafer Cookies, 10.5 oz",
        "url": "https://www.walmart.com/ip/Nutter-Butter-Peanut-Butter-Wafer-Cookies-10-5-oz/10292718",
        "price": "$3.43",
        "stars": "4.5",
        "ratings": "290 ",
        "img": "i5.walmartimages.com/asr/bdc659da-68dc-450a-9f18-bc3630dbf4cc.0ed78affdd9a1c563a8f2f3a86e7544b.jpeg?odnWidth=612&odnHeight=612&odnBg=ffffff",
        "tags": [
            [
                "All Cookies",
                "/browse/food/all-cookies/976759_976787_1001391_1592885"
            ],
            [
                "Keebler Cookies",
                "/browse/food/keebler-cookies/976759_976787_1001391_3596825"
            ],
            [
                "Chocolate Cookies",
                "/browse/food/chocolate-cookies/976759_976787_1001391_4007138"
            ],
            [
                "All Pepperidge Farm Cookies",
                "/browse/food/all-pepperidge-farm-cookies/976759_976787_1001391_2410932_5022397"
            ],
            [
                "Peanut Butter Cookies",
                "/browse/food/peanut-butter-cookies/976759_976787_1001391_6460174"
            ],
            [
                "Butter Cookies",
                "/browse/food/butter-cookies/976759_976787_1001391_7803640"
            ],
            [
                "Summer Grilling Snacks",
                "/browse/food/summer-grilling-snacks/976759_1567409_8808777_8991223"
            ]
        ]
    },
    {
        "title": "Nilla Wafers Mini Vanilla Wafer Cookies, 12 Snack Packs",
        "url": "https://www.walmart.com/ip/Nilla-Wafers-Mini-Vanilla-Wafer-Cookies-12-Snack-Packs/21082566",
        "price": "$4.68",
        "stars": "4.7",
        "ratings": "187 ",
        "img": "i5.walmartimages.com/asr/6969cdab-eea9-47a3-973c-acc50aacbb81.94a5476ef35594c6af828f5f623e4b5e.jpeg?odnWidth=612&odnHeight=612&odnBg=ffffff",
        "tags": [
            [
                "All Cookies",
                "/browse/food/all-cookies/976759_976787_1001391_1592885"
            ],
            [
                "On the Go Snacks",
                "/browse/food/on-the-go-snacks/976759_976787_3253105"
            ],
            [
                "Study Snacks",
                "/browse/food/study-snacks/976759_1567409_3591080_6794842"
            ],
            [
                "Lunchbox Favorites",
                "/browse/food/lunchbox-favorites/976759_976787_7186343"
            ],
            [
                "Summer Grilling Snacks",
                "/browse/food/summer-grilling-snacks/976759_1567409_8808777_8991223"
            ],
            [
                "On-the-go Crackers",
                "/browse/food/on-the-go-crackers/976759_976787_1001392_9056086"
            ],
            [
                "Snack Crackers",
                "/browse/food/snack-crackers/976759_976787_1001392_9358664"
            ]
        ]
    },
    {
        "title": "Whisps Cheddar Cheese Crisps, 2.12oz",
        "url": "https://www.walmart.com/ip/Whisps-Cheddar-Cheese-Crisps-2-12oz/634996765",
        "price": "$18.99",
        "stars": "4.4",
        "ratings": "18 ",
        "img": "i5.walmartimages.com/asr/7b10ce00-76da-43f3-8977-a694cae15707.4e3c4a36972cbf3d76ce78ae18395ba3.jpeg?odnWidth=612&odnHeight=612&odnBg=ffffff",
        "tags": [
            [
                "All Chips",
                "/browse/food/all-chips/976759_976787_1001390_2774520"
            ],
            [
                "Gluten Free Snacks, Cookies & Chips",
                "/browse/food/gluten-free-snacks-cookies-chips/976759_1228023_5141486"
            ],
            [
                "Weight Management Bars",
                "/browse/food/weight-management-bars/976759_1567409_3170630_6275898"
            ],
            [
                "Gluten Free Snacks",
                "/browse/food/gluten-free-snacks/976759_5148628_4583057_1250486_6502251"
            ],
            [
                "Gluten Free Crackers",
                "/browse/food/gluten-free-crackers/976759_976787_1001392_8926169"
            ],
            [
                "Summer Grilling Snacks",
                "/browse/food/summer-grilling-snacks/976759_1567409_8808777_8991223"
            ],
            [
                "On-the-go Crackers",
                "/browse/food/on-the-go-crackers/976759_976787_1001392_9056086"
            ],
            [
                "Weight Management",
                "/browse/food/weight-management/976759_1567409_3170630_9605404"
            ]
        ]
    },
    {
        "title": "(2 pack) Sprite Zero Sugar Lemon Lime Diet Soda Pop Soft Drinks, 7.5 fl oz, 6 Pack",
        "url": "https://www.walmart.com/ip/2-pack-Sprite-Zero-Sugar-Lemon-Lime-Diet-Soda-Pop-Soft-Drinks-7-5-fl-oz-6-Pack/432053107",
        "price": "$6.62",
        "stars": "4.4",
        "ratings": "64 ",
        "img": "i5.walmartimages.com/asr/d612751a-e1d8-4ba2-8873-9ba19ae6e07a.fa4f140dc77c5795c6e58861bcfc6314.jpeg?odnWidth=612&odnHeight=612&odnBg=ffffff",
        "tags": []
    },
    {
        "title": "Wheat Thins Crackers, Sundried Tomato & Basil, Family Size, 15 oz",
        "url": "https://www.walmart.com/ip/Wheat-Thins-Crackers-Sundried-Tomato-Basil-Family-Size-15-oz/10291998",
        "price": "$3.38",
        "stars": "4.8",
        "ratings": "107 ",
        "img": "i5.walmartimages.com/asr/5b0ba8e3-d8e2-4925-94fb-dd3c0fcf7b85.4232fcc1dd3c6c53f09069167f8efc21.jpeg?odnWidth=612&odnHeight=612&odnBg=ffffff",
        "tags": [
            [
                "Canned Tomatoes",
                "/browse/food/canned-tomatoes/976759_976794_976785_2009430"
            ],
            [
                "Matzo",
                "/browse/food/matzo/976759_7715306_2870141"
            ],
            [
                "Gametime Snacks",
                "/browse/food/gametime-snacks/976759_1567409_3282877_2947703"
            ],
            [
                "Triscuits",
                "/browse/food/triscuits/976759_976787_1001392_4618860"
            ],
            [
                "Wheat Thins",
                "/browse/food/wheat-thins/976759_976787_1001392_4971367"
            ],
            [
                "Shop Kellogg's",
                "/browse/shop-kelloggs/976759_7786229"
            ],
            [
                "Gluten Free Crackers",
                "/browse/food/gluten-free-crackers/976759_976787_1001392_8926169"
            ],
            [
                "Snack Crackers",
                "/browse/food/snack-crackers/976759_976787_1001392_9358664"
            ]
        ]
    }
]