[
    {
        "title": "Drumstick Chocolate, Vanilla, Vanilla Caramel Cones Variety Pack, 8 Count",
        "url": "https://www.walmart.com/ip/Drumstick-Chocolate-Vanilla-Vanilla-Caramel-Cones-Variety-Pack-8-Count/13281698",
        "price": "$6.48",
        "stars": "4.7",
        "ratings": "48 ",
        "img": "i5.walmartimages.com/asr/4240f04c-ca15-4c3d-8a7b-914cb83b4801.99a6891e4c27c087bae6c0a79a806d85.jpeg?odnWidth=612&odnHeight=612&odnBg=ffffff",
        "tags": [
            [
                "Ice Cream Wafers & Cones",
                "/browse/food/ice-cream-wafers-cones/976759_976791_1001420_1001423_3474018"
            ],
            [
                "Ice Cream Sandwiches",
                "/browse/food/ice-cream-sandwiches/976759_976791_1001420_1001423_6949032"
            ],
            [
                "Vanilla Ice Cream",
                "/browse/food/vanilla-ice-cream/976759_976791_1001420_1001423_7039850"
            ],
            [
                "Popsicles",
                "/browse/food/popsicles/976759_976791_1001420_1001423_7413362"
            ],
            [
                "Sherbert Ice Cream",
                "/browse/food/sherbert-ice-cream/976759_976791_1001420_1001423_8307263"
            ],
            [
                "Butter Pecan Ice Cream",
                "/browse/food/butter-pecan-ice-cream/976759_976791_1001420_1001423_8912384"
            ]
        ]
    },
    {
        "title": "Snapps Loaded Potato Sticks, 5 oz",
        "url": "https://www.walmart.com/ip/Snapps-Loaded-Potato-Sticks-5-oz/486302433",
        "price": "$1.00",
        "stars": "4.2",
        "ratings": "9 ",
        "img": "i5.walmartimages.com/asr/aa582cef-369e-484b-bfff-04f0f3ea28d7.bd199c6682df5dc85a392052b75f3bbe.jpeg?odnWidth=612&odnHeight=612&odnBg=ffffff",
        "tags": [
            [
                "Frozen Dinners & Meals",
                "/browse/food/frozen-dinners-meals/976759_976791_5511284_1001412"
            ],
            [
                "Frozen Sandwiches",
                "/browse/food/frozen-sandwiches/976759_976791_1044113"
            ],
            [
                "All Potato Chips",
                "/browse/food/all-potato-chips/976759_976787_1001390_4402657_6099985"
            ],
            [
                "Chicken Thighs, Drumsticks & Wings",
                "/browse/food/chicken-thighs-drumsticks-wings/976759_1071964_976796_1001443_6133868"
            ],
            [
                "Frozen Pasta",
                "/browse/food/frozen-pasta/976759_976791_7089533"
            ],
            [
                "Frozen Chicken",
                "/browse/food/frozen-chicken/976759_976791_5295075_8609714"
            ]
        ]
    },
    {
        "title": "Great Value Fat Free Rainbow Sherbet, 48 fl oz",
        "url": "https://www.walmart.com/ip/Great-Value-Fat-Free-Rainbow-Sherbet-48-fl-oz/195617932",
        "price": "$1.97",
        "stars": "3.3",
        "ratings": "14 ",
        "img": "i5.walmartimages.com/asr/e4130f85-e64d-4ccb-b31c-4e5463d47e67_3.533152dd980d9ae0f00ae1e0761a57e5.jpeg?odnWidth=612&odnHeight=612&odnBg=ffffff",
        "tags": [
            [
                "Ice Cream Wafers & Cones",
                "/browse/food/ice-cream-wafers-cones/976759_976791_1001420_1001423_3474018"
            ],
            [
                "Ice Cream Sandwiches",
                "/browse/food/ice-cream-sandwiches/976759_976791_1001420_1001423_6949032"
            ],
            [
                "Vanilla Ice Cream",
                "/browse/food/vanilla-ice-cream/976759_976791_1001420_1001423_7039850"
            ],
            [
                "Popsicles",
                "/browse/food/popsicles/976759_976791_1001420_1001423_7413362"
            ],
            [
                "Sherbert Ice Cream",
                "/browse/food/sherbert-ice-cream/976759_976791_1001420_1001423_8307263"
            ],
            [
                "Butter Pecan Ice Cream",
                "/browse/food/butter-pecan-ice-cream/976759_976791_1001420_1001423_8912384"
            ]
        ]
    },
    {
        "title": "Tai Pei Vegetable Egg Rolls, 24 oz.",
        "url": "https://www.walmart.com/ip/Tai-Pei-Vegetable-Egg-Rolls-24-oz/14335915",
        "price": "$4.98",
        "stars": "3.1",
        "ratings": "25 ",
        "img": "",
        "tags": [
            [
                "Frozen Vegetables",
                "/browse/food/frozen-vegetables/976759_976791_1001424"
            ],
            [
                "Pasta & Noodles",
                "/browse/food/pasta-noodles/976759_976794_1007519"
            ],
            [
                "Fresh Pre-Cut Vegetables",
                "/browse/food/fresh-pre-cut-vegetables/976759_1071964_976793_8910423_2835097"
            ],
            [
                "Frozen Asian Food",
                "/browse/food/frozen-asian-food/976759_976791_3868980"
            ],
            [
                "Asian Sauces, Condiments & Cooking Needs",
                "/browse/food/asian-sauces-condiments-cooking-needs/976759_5148628_1228025_1228102_5967969"
            ],
            [
                "Frozen Pasta",
                "/browse/food/frozen-pasta/976759_976791_7089533"
            ],
            [
                "Frozen Chicken",
                "/browse/food/frozen-chicken/976759_976791_5295075_8609714"
            ],
            [
                "Shop All Asian Market",
                "/browse/food/shop-all-asian-market/976759_5148628_1228025_1228102_9127385"
            ]
        ]
    },
    {
        "title": "Alexia Crinkle Cut Sweet Potato Fries with Sea Salt and Black Pepper, Non-GMO Ingredients, 20 oz (Frozen)",
        "url": "https://www.walmart.com/ip/Alexia-Crinkle-Cut-Sweet-Potato-Fries-with-Sea-Salt-and-Black-Pepper-Non-GMO-Ingredients-20-oz-Frozen/17056981",
        "price": "$3.48",
        "stars": "4.7",
        "ratings": "512 ",
        "img": "i5.walmartimages.com/asr/81dfc120-d226-4a9e-aecb-f7ec88fcfec7_1.7cd161ecbc14393635fcae39c6b7b993.jpeg?odnWidth=612&odnHeight=612&odnBg=ffffff",
        "tags": [
            [
                "Frozen Dinners & Meals",
                "/browse/food/frozen-dinners-meals/976759_976791_5511284_1001412"
            ],
            [
                "Frozen Vegetables",
                "/browse/food/frozen-vegetables/976759_976791_1001424"
            ],
            [
                "Jerky Deals!",
                "/browse/food/jerky-deals/976759_976787_1001405_2562248"
            ],
            [
                "Frozen Sweet Potatoes",
                "/browse/food/frozen-sweet-potatoes/976759_976791_6170090_2593768"
            ],
            [
                "Healthy Snacks",
                "/browse/food/healthy-snacks/976759_976787_1001390_6288637_4759368"
            ],
            [
                "All Frozen Potatoes",
                "/browse/food/all-frozen-potatoes/976759_976791_6170090_8493377"
            ]
        ]
    },
    {
        "title": "Great Value Supreme Pizza, Deep Dish, Mini, 23 oz, 4 Count",
        "url": "https://www.walmart.com/ip/Great-Value-Supreme-Pizza-Deep-Dish-Mini-23-oz-4-Count/46491741",
        "price": "$3.98",
        "stars": "4.9",
        "ratings": "15 ",
        "img": "i5.walmartimages.com/asr/18793db3-672d-419c-be50-4b73557f27dc_1.da971dfeecaadb9f6c2dfa6ce300fe69.jpeg?odnWidth=612&odnHeight=612&odnBg=ffffff",
        "tags": [
            [
                "Frozen Appetizers",
                "/browse/food/frozen-appetizers/976759_976791_1001411"
            ],
            [
                "Frozen Dinners & Meals",
                "/browse/food/frozen-dinners-meals/976759_976791_5511284_1001412"
            ],
            [
                "Pizza Crust",
                "/browse/food/pizza-crust/976759_1071964_976779_1001464"
            ],
            [
                "All Fresh Fruit",
                "/browse/food/all-fresh-fruit/976759_1071964_976793_9756351_1759962"
            ],
            [
                "Bananas",
                "/browse/food/bananas/976759_1071964_976793_9756351_2787146"
            ],
            [
                "Frozen Meat Pizzas",
                "/browse/food/frozen-meat-pizzas/976759_976791_5774679_3790397"
            ],
            [
                "Frozen Vegetable Pizzas",
                "/browse/food/frozen-vegetable-pizzas/976759_976791_5774679_4033210"
            ],
            [
                "Frozen Family Sized Pizza",
                "/browse/food/frozen-family-sized-pizza/976759_976791_5774679_5134044"
            ]
        ]
    },
    {
        "title": "Ore-Ida Golden TATER TOTS, 5 lb Bag",
        "url": "https://www.walmart.com/ip/Ore-Ida-Golden-TATER-TOTS-5-lb-Bag/10794800",
        "price": "$5.98",
        "stars": "4.8",
        "ratings": "284 ",
        "img": "i5.walmartimages.com/asr/90e1da10-59c0-491c-8620-9f1fdea47f82.beb421f398833e39daaad6a229eb3e9e.jpeg?odnWidth=612&odnHeight=612&odnBg=ffffff",
        "tags": [
            [
                "Reese's",
                "/browse/food/reeses/976759_1096070_1224976_2141826"
            ],
            [
                "Shop All Chocolate",
                "/browse/food/shop-all-chocolate/976759_1096070_1224976_2323697"
            ],
            [
                "Granola Bars",
                "/browse/food/granola-bars/976759_976787_1044154_5006109"
            ],
            [
                "Fiber One Breakfast & Snack Bars",
                "/browse/food/fiber-one-breakfast-snack-bars/976759_976783_7968162"
            ],
            [
                "All Frozen Potatoes",
                "/browse/food/all-frozen-potatoes/976759_976791_6170090_8493377"
            ],
            [
                "New Year New You",
                "/browse/food/new-year-new-you/976759_1567409_3170630_9741688"
            ]
        ]
    },
    {
        "title": "Thin Crust Cheese Pizza (10oz)",
        "url": "https://www.walmart.com/ip/Thin-Crust-Cheese-Pizza-10oz/198329207",
        "price": "$1.00",
        "stars": "3.4",
        "ratings": "7 ",
        "img": "i5.walmartimages.com/asr/e19d46f3-c023-4997-ba9d-1256d2b0d9a9_1.808fcd7344ad7c671b0b90e5ca545494.jpeg?odnWidth=612&odnHeight=612&odnBg=ffffff",
        "tags": [
            [
                "Frozen Dinners & Meals",
                "/browse/food/frozen-dinners-meals/976759_976791_5511284_1001412"
            ],
            [
                "Pizza Crust",
                "/browse/food/pizza-crust/976759_1071964_976779_1001464"
            ],
            [
                "All Fresh Fruit",
                "/browse/food/all-fresh-fruit/976759_1071964_976793_9756351_1759962"
            ],
            [
                "Bananas",
                "/browse/food/bananas/976759_1071964_976793_9756351_2787146"
            ],
            [
                "Frozen Meat Pizzas",
                "/browse/food/frozen-meat-pizzas/976759_976791_5774679_3790397"
            ],
            [
                "Frozen Vegetable Pizzas",
                "/browse/food/frozen-vegetable-pizzas/976759_976791_5774679_4033210"
            ],
            [
                "Frozen Family Sized Pizza",
                "/browse/food/frozen-family-sized-pizza/976759_976791_5774679_5134044"
            ],
            [
                "Frozen Chicken",
                "/browse/food/frozen-chicken/976759_976791_5295075_8609714"
            ]
        ]
    },
    {
        "title": "Tender Year Brand Sliced Beef Liver, 1 lb",
        "url": "https://www.walmart.com/ip/Tender-Year-Brand-Sliced-Beef-Liver-1-lb/10534061",
        "price": "$2.48",
        "stars": "3.8",
        "ratings": "35 ",
        "img": "i5.walmartimages.com/asr/08f2517b-759d-45c9-865f-ce8e69b215e1_2.1296b18cee26f0858026feca98a3f041.jpeg?odnWidth=612&odnHeight=612&odnBg=ffffff",
        "tags": [
            [
                "All Fresh Fruit",
                "/browse/food/all-fresh-fruit/976759_1071964_976793_9756351_1759962"
            ],
            [
                "Bananas",
                "/browse/food/bananas/976759_1071964_976793_9756351_2787146"
            ],
            [
                "Beef Roasts",
                "/browse/food/beef-roasts/976759_1071964_976796_1730435_3148145"
            ],
            [
                "Specialty Beef Cuts & Offal",
                "/browse/food/specialty-beef-cuts-offal/976759_1071964_976796_1730435_3186239"
            ],
            [
                "Beef Steaks",
                "/browse/food/beef-steaks/976759_1071964_976796_1730435_3846672"
            ],
            [
                "Chicken Cuts & Offal",
                "/browse/food/chicken-cuts-offal/976759_1071964_976796_1001443_7240892"
            ],
            [
                "Dinner Sausages",
                "/browse/food/dinner-sausages/976759_1071964_976789_1434810_8302671"
            ]
        ]
    },
    {
        "title": "Great Value Ice Cream Cups, 3.5 Oz., 24 Count",
        "url": "https://www.walmart.com/ip/Great-Value-Ice-Cream-Cups-3-5-Oz-24-Count/967094663",
        "price": "$1.64",
        "stars": "4.8",
        "ratings": "11 ",
        "img": "i5.walmartimages.com/asr/d4f6f274-d8d8-4df9-8549-2be250d6b770_1.45e4b56ca4ce8c1027cc18826b8007cc.jpeg?odnWidth=612&odnHeight=612&odnBg=ffffff",
        "tags": [
            [
                "Valentine's Day Baking",
                "/browse/food/valentines-day-baking/976759_1567409_9457805_1303563"
            ],
            [
                "Strawberry Ice Cream",
                "/browse/food/strawberry-ice-cream/976759_976791_1001420_1001423_2593119"
            ],
            [
                "Hard Candy",
                "/browse/food/hard-candy/976759_1096070_1224979_3137292"
            ],
            [
                "All Ice Cream",
                "/browse/food/all-ice-cream/976759_976791_1001420_1001423_4833164"
            ],
            [
                "Vanilla Ice Cream",
                "/browse/food/vanilla-ice-cream/976759_976791_1001420_1001423_7039850"
            ],
            [
                "Shop Kellogg's",
                "/browse/shop-kelloggs/976759_7786229"
            ],
            [
                "Hershey Baking",
                "/browse/food/hershey-baking/976759_2606229_9723046"
            ]
        ]
    }
]