[
    {
        "title": "(5 Pack) Newman's Own Alfredo Pasta Sauce, 15 oz",
        "url": "https://www.walmart.com/ip/5-Pack-Newman-s-Own-Alfredo-Pasta-Sauce-15-oz/47233440",
        "price": "$10.16",
        "stars": "4.1",
        "ratings": "23 ",
        "img": "i5.walmartimages.com/asr/cb4d6a5e-fb70-4d5f-a106-96486b8c04ff_1.6553ad3372ef57cf3eb440d4e9b15c31.jpeg?odnWidth=612&odnHeight=612&odnBg=ffffff",
        "tags": [
            [
                "Pasta & Noodles",
                "/browse/food/pasta-noodles/976759_976794_1007519"
            ],
            [
                "Sauces",
                "/browse/food/sauces/976759_976786_1076366"
            ],
            [
                "All Meals and Sides",
                "/browse/food/all-meals-sides/976759_1071964_976789_2133672_1535108"
            ],
            [
                "Canned Tomatoes",
                "/browse/food/canned-tomatoes/976759_976794_976785_2009430"
            ],
            [
                "Gluten Free Foods",
                "/browse/food/gluten-free-foods/976759_5004481_5546296"
            ],
            [
                "Low Sodium Foods",
                "/browse/food/low-sodium-foods/976759_5004481_6733659"
            ],
            [
                "Gluten Free Meals & Side Dishes",
                "/browse/food/gluten-free-meals-side-dishes/976759_5148628_4583057_1250486_9821290"
            ],
            [
                "Easy Kid's Dinners",
                "/browse/food/easy-kids-dinners/976759_1567409_7966149_9873756"
            ]
        ]
    },
    {
        "title": "Mahatma Enriched Extra Long Grain White Rice 5 lb Bag",
        "url": "https://www.walmart.com/ip/Mahatma-Enriched-Extra-Long-Grain-White-Rice-5-lb-Bag/15754607",
        "price": "$4.22",
        "stars": "4.6",
        "ratings": "108 ",
        "img": "i5.walmartimages.com/asr/9c643987-36ac-46f1-ba86-c73cafb7731f_1.99880d88b2b7738819fdc12188773de8.jpeg?odnWidth=612&odnHeight=612&odnBg=ffffff",
        "tags": [
            [
                "Beans",
                "/browse/food/beans/976759_976794_976785_1001341"
            ],
            [
                "Dried Beans",
                "/browse/food/dried-beans/976759_976794_1001478"
            ],
            [
                "No Sugar Foods",
                "/browse/food/no-sugar-foods/976759_5004481_1858214"
            ],
            [
                "Gluten Free Foods",
                "/browse/food/gluten-free-foods/976759_5004481_5546296"
            ],
            [
                "Low Sodium Foods",
                "/browse/food/low-sodium-foods/976759_5004481_6733659"
            ],
            [
                "Meals Restock",
                "/browse/food/meals-restock/976759_1567409_2168938_1811730_6806516"
            ],
            [
                "Asian Rice, Grains & Noodles",
                "/browse/food/asian-rice-grains-noodles/976759_5148628_1228025_1228102_7602146"
            ],
            [
                "Kosher Foods",
                "/browse/kosher-foods/976759_8925069"
            ]
        ]
    },
    {
        "title": "Rao's Homemade Tomato Basil Pasta Sauce 24oz",
        "url": "https://www.walmart.com/ip/Rao-s-Homemade-Tomato-Basil-Pasta-Sauce-24oz/30113248",
        "price": "$6.24",
        "stars": "4.3",
        "ratings": "75 ",
        "img": "i5.walmartimages.com/asr/c24e08d7-0b48-4e75-9761-f8365a32ba33_1.0c8fd882c084481d0f0e6784a6b873cb.jpeg?odnWidth=612&odnHeight=612&odnBg=ffffff",
        "tags": [
            [
                "Pasta & Noodles",
                "/browse/food/pasta-noodles/976759_976794_1007519"
            ],
            [
                "All Meals and Sides",
                "/browse/food/all-meals-sides/976759_1071964_976789_2133672_1535108"
            ],
            [
                "Canned Tomatoes",
                "/browse/food/canned-tomatoes/976759_976794_976785_2009430"
            ],
            [
                "Pasta Sauce",
                "/browse/food/pasta-sauce/976759_976794_2775278"
            ],
            [
                "Vegan Foods",
                "/browse/food/vegan-foods/976759_5004481_6794259"
            ],
            [
                "Non GMO Food",
                "/browse/food/non-gmo-food/976759_5004481_8102928"
            ],
            [
                "Gluten Free Meals & Side Dishes",
                "/browse/food/gluten-free-meals-side-dishes/976759_5148628_4583057_1250486_9821290"
            ],
            [
                "Easy Kid's Dinners",
                "/browse/food/easy-kids-dinners/976759_1567409_7966149_9873756"
            ]
        ]
    },
    {
        "title": "GoGo squeeZ Applesauce, Apple Cinnamon, 3.2 Oz, 12 Ct",
        "url": "https://www.walmart.com/ip/GoGo-squeeZ-Applesauce-Apple-Cinnamon-3-2-Oz-12-Ct/21559317",
        "price": "$5.98",
        "stars": "4.8",
        "ratings": "39 ",
        "img": "i5.walmartimages.com/asr/c59e2c00-6309-450e-9148-629d2a407d58.44bf39c725e2d5a1b00943b62bd971b0.jpeg?odnWidth=612&odnHeight=612&odnBg=ffffff",
        "tags": [
            [
                "Fruit Cups & Fruit Sauces",
                "/browse/food/fruit-cups-fruit-sauces/976759_976787_1044133"
            ],
            [
                "All Canned Goods",
                "/browse/food/all-canned-goods/976759_976794_976785_3021174"
            ],
            [
                "Mott's",
                "/browse/food/motts/976759_976782_1001321_6763498"
            ],
            [
                "Vegan Foods",
                "/browse/food/vegan-foods/976759_5004481_6794259"
            ],
            [
                "Meals Restock",
                "/browse/food/meals-restock/976759_1567409_2168938_1811730_6806516"
            ],
            [
                "Applesauce pouches",
                "/browse/food/applesauce-pouches/976759_976794_976785_7645159"
            ],
            [
                "Dairy Free Foods",
                "/browse/food/dairy-free-foods/976759_5004481_7941405"
            ]
        ]
    },
    {
        "title": "Del Monte Diced Mangos in Light Syrup, 15 oz",
        "url": "https://www.walmart.com/ip/Del-Monte-Diced-Mangos-in-Light-Syrup-15-oz/41581067",
        "price": "$1.76",
        "stars": "4.6",
        "ratings": "24 ",
        "img": "",
        "tags": [
            [
                "Frozen Fruit",
                "/browse/food/frozen-fruit/976759_976791_1001413"
            ],
            [
                "Dried Fruits",
                "/browse/food/dried-fruits/976759_976787_4962467_1044135"
            ],
            [
                "All Fresh Fruit",
                "/browse/food/all-fresh-fruit/976759_1071964_976793_9756351_1759962"
            ],
            [
                "Dried Fruits and Vegetables",
                "/browse/food/dried-fruits-vegetables/976759_1071964_976793_6682547_2657263"
            ],
            [
                "Canned Pineapple",
                "/browse/food/canned-pineapple/976759_976794_976785_3637240"
            ],
            [
                "Dried Mango",
                "/browse/food/dried-mango/976759_976787_4962467_2356650_4271416"
            ],
            [
                "Citrus",
                "/browse/food/citrus/976759_1071964_976793_9756351_4914029"
            ],
            [
                "Dole Fruit Cups",
                "/browse/food/dole-fruit-cups/976759_976794_976785_5006407"
            ]
        ]
    },
    {
        "title": "(6 Pack) Knorr Chicken Broccoli Pasta Side Dish 4.2 oz",
        "url": "https://www.walmart.com/ip/6-Pack-Knorr-Chicken-Broccoli-Pasta-Side-Dish-4-2-oz/47238697",
        "price": "$5.55",
        "stars": "4.6",
        "ratings": "132 ",
        "img": "i5.walmartimages.com/asr/6a6b7f39-c3d0-4465-98c4-60e82d624d2b_1.ca33fa38ed017ce47789e7f448dff40a.jpeg?odnWidth=612&odnHeight=612&odnBg=ffffff",
        "tags": [
            [
                "Boxed Meals",
                "/browse/food/boxed-meals/976759_976794_6223225_1001477"
            ],
            [
                "Pasta & Noodles",
                "/browse/food/pasta-noodles/976759_976794_1007519"
            ],
            [
                "All Meals and Sides",
                "/browse/food/all-meals-sides/976759_1071964_976789_2133672_1535108"
            ],
            [
                "Knorr",
                "/browse/knorr/976759_2626199"
            ],
            [
                "Uncle Ben's",
                "/browse/food/uncle-bens/976759_976794_1001474_4782543"
            ],
            [
                "Meals Restock",
                "/browse/food/meals-restock/976759_1567409_2168938_1811730_6806516"
            ],
            [
                "Easy Kid's Dinners",
                "/browse/food/easy-kids-dinners/976759_1567409_7966149_9873756"
            ]
        ]
    },
    {
        "title": "SPAM Classic Single Lunch Meat, 2.5 oz Pouch",
        "url": "https://www.walmart.com/ip/SPAM-Classic-Single-Lunch-Meat-2-5-oz-Pouch/10290944",
        "price": "$1.06",
        "stars": "4.8",
        "ratings": "605 ",
        "img": "",
        "tags": [
            [
                "Tuna & Seafood",
                "/browse/food/tuna-seafood/976759_976794_976785_1001781"
            ],
            [
                "Canned Beef",
                "/browse/food/canned-beef/976759_976794_976785_3724561"
            ],
            [
                "Canned Tuna",
                "/browse/food/canned-tuna/976759_976794_976785_5772565"
            ],
            [
                "Starkist Tuna",
                "/browse/food/starkist-tuna/976759_976794_976785_6368123"
            ],
            [
                "Canned chicken",
                "/browse/food/canned-chicken/976759_976794_976785_6660019"
            ],
            [
                "Packaged Salads",
                "/browse/food/packaged-salads/976759_1071964_976793_8903029"
            ],
            [
                "Tuna Pouches",
                "/browse/food/tuna-pouches/976759_976794_976785_9162342"
            ],
            [
                "Easy Kid's Dinners",
                "/browse/food/easy-kids-dinners/976759_1567409_7966149_9873756"
            ]
        ]
    },
    {
        "title": "(2 Pack) Bear Creek Country Kitchens(R0 Chicken Noodle Soup Mix 9.3 oz.",
        "url": "https://www.walmart.com/ip/2-Pack-Bear-Creek-Country-Kitchens-R0-Chicken-Noodle-Soup-Mix-9-3-oz/296808648",
        "price": "$5.74",
        "stars": "4.4",
        "ratings": "161 ",
        "img": "i5.walmartimages.com/asr/ac6b0163-93b7-45ba-8fb6-a122f5df0b1d_1.b58aaaa970656fcca16ae34001cb005a.jpeg?odnWidth=612&odnHeight=612&odnBg=ffffff",
        "tags": [
            [
                "Chili",
                "/browse/food/chili/976759_976794_976785_1001346"
            ],
            [
                "Canned Ready to Eat Meals",
                "/browse/food/canned-ready-to-eat-meals/976759_976794_976785_1001348"
            ],
            [
                "All Soup",
                "/browse/food/all-soup/976759_976794_3901881_1001359"
            ],
            [
                "Boxed Meals",
                "/browse/food/boxed-meals/976759_976794_6223225_1001477"
            ],
            [
                "All Meals and Sides",
                "/browse/food/all-meals-sides/976759_1071964_976789_2133672_1535108"
            ],
            [
                "Cold Weather Foods",
                "/browse/food/cold-weather-foods/976759_1567409_6592518_4011823"
            ],
            [
                "Nut Free Foods",
                "/browse/food/nut-free-foods/976759_5004481_5679034"
            ]
        ]
    },
    {
        "title": "(4 Pack) Green Giant Sliced Mushrooms, 6 Oz",
        "url": "https://www.walmart.com/ip/4-Pack-Green-Giant-Sliced-Mushrooms-6-Oz/312989764",
        "price": "$7.84",
        "stars": "4.7",
        "ratings": "43 ",
        "img": "i5.walmartimages.com/asr/45c635df-53bc-4ab9-a36b-6fb2ede72a15_1.7ee2c998f902856a11938189c99d568e.jpeg?odnWidth=612&odnHeight=612&odnBg=ffffff",
        "tags": [
            [
                "Shop All Olives",
                "/browse/food/shop-all-olives/976759_976786_6379931_1044186"
            ],
            [
                "All Fresh Vegetables",
                "/browse/food/all-fresh-vegetables/976759_1071964_976793_8910423_1814126"
            ],
            [
                "No Sugar Foods",
                "/browse/food/no-sugar-foods/976759_5004481_1858214"
            ],
            [
                "Canned Tomatoes",
                "/browse/food/canned-tomatoes/976759_976794_976785_2009430"
            ],
            [
                "All Deli Cheeses",
                "/browse/food/all-deli-cheeses/976759_1071964_976789_7489914_2041310"
            ],
            [
                "Fresh Pre-Cut Vegetables",
                "/browse/food/fresh-pre-cut-vegetables/976759_1071964_976793_8910423_2835097"
            ],
            [
                "Black Olives",
                "/browse/food/black-olives/976759_976786_6379931_3057716"
            ],
            [
                "Meals Restock",
                "/browse/food/meals-restock/976759_1567409_2168938_1811730_6806516"
            ]
        ]
    },
    {
        "title": "GoGo squeeZ YogurtZ, Strawberry, 3 Oz, 4 Ct",
        "url": "https://www.walmart.com/ip/GoGo-squeeZ-YogurtZ-Strawberry-3-Oz-4-Ct/182544962",
        "price": "$2.98",
        "stars": "4.8",
        "ratings": "147 ",
        "img": "i5.walmartimages.com/asr/18f1d660-7e82-428f-b60a-70fc4948154e_1.79bf7a1b569af28b17fbe4db89070047.jpeg?odnWidth=612&odnHeight=612&odnBg=ffffff",
        "tags": [
            [
                "Fruit Cups & Fruit Sauces",
                "/browse/food/fruit-cups-fruit-sauces/976759_976787_1044133"
            ],
            [
                "Kid's Favorites",
                "/browse/food/kids-favorites/976759_976782_1001321_2838858"
            ],
            [
                "Gluten Free Foods",
                "/browse/food/gluten-free-foods/976759_5004481_5546296"
            ],
            [
                "Meals Restock",
                "/browse/food/meals-restock/976759_1567409_2168938_1811730_6806516"
            ],
            [
                "Applesauce pouches",
                "/browse/food/applesauce-pouches/976759_976794_976785_7645159"
            ],
            [
                "Dairy Free Foods",
                "/browse/food/dairy-free-foods/976759_5004481_7941405"
            ],
            [
                "On-the-go Crackers",
                "/browse/food/on-the-go-crackers/976759_976787_1001392_9056086"
            ]
        ]
    }
]