[
    {
        "title": "(2 Pack) NESCAFE TASTER'S CHOICE 100% Colombian Medium Roast Instant Coffee 7 oz. Jar",
        "url": "https://www.walmart.com/ip/2-Pack-NESCAFE-TASTER-S-CHOICE-100-Colombian-Medium-Roast-Instant-Coffee-7-oz-Jar/845408889",
        "price": "$17.50",
        "stars": "4.8",
        "ratings": "95 ",
        "img": "i5.walmartimages.com/asr/f693b0cd-ec74-462f-89fc-f45cacb2573e_1.7b85121c4c3ddb8ab0d63e75c1222324.jpeg?odnWidth=612&odnHeight=612&odnBg=ffffff",
        "tags": [
            [
                "Cold Weather Beverages",
                "/browse/food/cold-weather-beverages/976759_1567409_6592518_4126576"
            ],
            [
                "Snacks",
                "/browse/food/snacks/976759_5148628_1228025_1228103_4586063"
            ],
            [
                "All Instant Coffee",
                "/browse/food/all-instant-coffee/976759_1086446_1229650_6624280"
            ],
            [
                "Coffee & Coffee Pods",
                "/browse/food/coffee-coffee-pods/976759_1086446_7238690"
            ],
            [
                "Nescafe Instant Coffee",
                "/browse/food/nescafe-instant-coffee/976759_1086446_1229650_7429052"
            ],
            [
                "Decaf Instant Coffee",
                "/browse/food/decaf-instant-coffee/976759_1086446_1229650_8351875"
            ],
            [
                "All Decaf Coffee",
                "/browse/food/all-decaf-coffee/976759_1086446_2901896_9623975"
            ]
        ]
    },
    {
        "title": "Gloria Jeans Coffee Raspberry Chocolate Lava Flavored K-Cup Pods, Light Roast, 24 Count for Keurig Brewers",
        "url": "https://www.walmart.com/ip/Gloria-Jeans-Coffee-Raspberry-Chocolate-Lava-Flavored-K-Cup-Pods-Light-Roast-24-Count-for-Keurig-Brewers/125228640",
        "price": "$12.94",
        "stars": "4.4",
        "ratings": "409 ",
        "img": "i5.walmartimages.com/asr/0dea1854-f5f7-465a-8fd6-3d71be1a2546_1.7546f7b4508ef2b069b5a997d6f89030.jpeg?odnWidth=612&odnHeight=612&odnBg=ffffff",
        "tags": [
            [
                "Arabica Coffee",
                "/browse/food/arabica-coffee/976759_1086446_2559085"
            ],
            [
                "All Green Mountain Coffee",
                "/browse/food/all-green-mountain-coffee/976759_1086446_6490624_6014443"
            ],
            [
                "Coffee & Coffee Pods",
                "/browse/food/coffee-coffee-pods/976759_1086446_7238690"
            ],
            [
                "Starbucks Coffee Pods",
                "/browse/food/starbucks-coffee-pods/976759_1086446_2986178_7513516"
            ],
            [
                "All Starbucks",
                "/browse/food/all-starbucks/976759_1086446_2986178_7830797"
            ],
            [
                "Keurig K-Cups & Coffee Pods",
                "/browse/food/keurig-k-cups-coffee-pods/976759_1086446_8135897"
            ],
            [
                "Mocha Mix",
                "/browse/food/mocha-mix/976759_1086446_8415600"
            ],
            [
                "Decaf K Cups",
                "/browse/food/decaf-k-cups/976759_1086446_2901896_9161249"
            ]
        ]
    },
    {
        "title": "Community Coffee Signature Blend Dark Roast Ground 12 oz Gable Top",
        "url": "https://www.walmart.com/ip/Community-Coffee-Signature-Blend-Dark-Roast-Ground-12-oz-Gable-Top/15114689",
        "price": "$4.72",
        "stars": "4.8",
        "ratings": "183 ",
        "img": "i5.walmartimages.com/asr/bf01618b-4cd9-4ff9-b6ec-3c8754705a61.856b57cfcd693b96976d012417bec091.png?odnWidth=612&odnHeight=612&odnBg=ffffff",
        "tags": [
            [
                "Whole Bean Coffee",
                "/browse/food/whole-bean-coffee/976759_1086446_1229652"
            ],
            [
                "Arabica Coffee",
                "/browse/food/arabica-coffee/976759_1086446_2559085"
            ],
            [
                "All Community Coffee",
                "/browse/food/all-community-coffee/976759_1086446_2425858_4140955"
            ],
            [
                "Decaf Ground Coffee",
                "/browse/food/decaf-ground-coffee/976759_1086446_2901896_4427059"
            ],
            [
                "Community Ground Coffee",
                "/browse/food/community-ground-coffee/976759_1086446_2425858_4529416"
            ],
            [
                "Coffee With Chicory",
                "/browse/food/coffee-with-chicory/976759_1086446_5471454"
            ],
            [
                "Starbucks Ground Coffee",
                "/browse/food/starbucks-ground-coffee/976759_1086446_2986178_5925252"
            ],
            [
                "Coffee & Coffee Pods",
                "/browse/food/coffee-coffee-pods/976759_1086446_7238690"
            ]
        ]
    },
    {
        "title": "Starbucks Decaf Ground Coffee \u2014 Caff\u00e8 Verona \u2014 100% Arabica \u2014 1 bag (12 oz.)",
        "url": "https://www.walmart.com/ip/Starbucks-Decaf-Ground-Coffee-Caff-Verona-100-Arabica-1-bag-12-oz/14053341",
        "price": "$8.79",
        "stars": "4.8",
        "ratings": "397 ",
        "img": "i5.walmartimages.com/asr/76729724-2b8b-4a88-a43d-c6c392088cff.374b073e9ffc59ec1e8a58f848f5d45b.jpeg?odnWidth=612&odnHeight=612&odnBg=ffffff",
        "tags": [
            [
                "Whole Bean Coffee",
                "/browse/food/whole-bean-coffee/976759_1086446_1229652"
            ],
            [
                "Cold Weather Beverages",
                "/browse/food/cold-weather-beverages/976759_1567409_6592518_4126576"
            ],
            [
                "Decaf Ground Coffee",
                "/browse/food/decaf-ground-coffee/976759_1086446_2901896_4427059"
            ],
            [
                "Starbucks Ground Coffee",
                "/browse/food/starbucks-ground-coffee/976759_1086446_2986178_5925252"
            ],
            [
                "Coffee & Coffee Pods",
                "/browse/food/coffee-coffee-pods/976759_1086446_7238690"
            ],
            [
                "Starbucks Whole Bean Coffee",
                "/browse/food/starbucks-whole-bean-coffee/976759_1086446_2986178_7654038"
            ],
            [
                "All Starbucks",
                "/browse/food/all-starbucks/976759_1086446_2986178_7830797"
            ],
            [
                "All Decaf Coffee",
                "/browse/food/all-decaf-coffee/976759_1086446_2901896_9623975"
            ]
        ]
    },
    {
        "title": "Starbucks Dark Roast K-Cup Coffee Pods with 2X Caffeine \u2014 for Keurig Brewers \u2014 1 box (12 pods)",
        "url": "https://www.walmart.com/ip/Starbucks-Dark-Roast-K-Cup-Coffee-Pods-with-2X-Caffeine-for-Keurig-Brewers-1-box-12-pods/653430891",
        "price": "$10.98",
        "stars": "4.3",
        "ratings": "5008 ",
        "img": "i5.walmartimages.com/asr/242294ac-0c7d-491f-9c6a-a8f3876a82c9.5ef696038b1c24fd043db693f4aa5a0d.jpeg?odnWidth=612&odnHeight=612&odnBg=ffffff",
        "tags": [
            [
                "Single-Serve Cups & Pods",
                "/browse/food/single-serve-cups-pods/976759_1086446_1229653"
            ],
            [
                "Starbucks Iced Coffee and Cold Brew",
                "/browse/food/starbucks-iced-coffee-cold-brew/976759_1086446_1229654_1912073"
            ],
            [
                "All New Coffee",
                "/browse/food/all-new-coffee/976759_1086446_1995978_5827508"
            ],
            [
                "Iced Coffee & Cold Brew",
                "/browse/food/iced-coffee-cold-brew/976759_1086446_1229654_6840303"
            ],
            [
                "Starbucks Coffee Pods",
                "/browse/food/starbucks-coffee-pods/976759_1086446_2986178_7513516"
            ],
            [
                "All Starbucks",
                "/browse/food/all-starbucks/976759_1086446_2986178_7830797"
            ],
            [
                "Keurig K-Cups & Coffee Pods",
                "/browse/food/keurig-k-cups-coffee-pods/976759_1086446_8135897"
            ]
        ]
    },
    {
        "title": "Maxwell House Master Blend Light Roast Ground Coffee, Caffeinated, 26.8 oz",
        "url": "https://www.walmart.com/ip/Maxwell-House-Master-Blend-Light-Roast-Ground-Coffee-Caffeinated-26-8-oz/171698246",
        "price": "$6.28",
        "stars": "4.6",
        "ratings": "326 ",
        "img": "i5.walmartimages.com/asr/81eeafaa-cbcc-4a28-8943-ebb43e5484b0.52dfe5ba7dec280e7a052335a3c9b3cf.jpeg?odnWidth=612&odnHeight=612&odnBg=ffffff",
        "tags": [
            [
                "Folgers Ground Coffee",
                "/browse/food/folgers-ground-coffee/976759_1086446_3100047_1674140"
            ],
            [
                "All Maxwell House Coffee",
                "/browse/food/all-maxwell-house-coffee/976759_1086446_9154767_2506449"
            ],
            [
                "Arabica Coffee",
                "/browse/food/arabica-coffee/976759_1086446_2559085"
            ],
            [
                "Cold Weather Beverages",
                "/browse/food/cold-weather-beverages/976759_1567409_6592518_4126576"
            ],
            [
                "New Ground Coffee",
                "/browse/food/new-ground-coffee/976759_1086446_1995978_5077823"
            ],
            [
                "Coffee & Coffee Pods",
                "/browse/food/coffee-coffee-pods/976759_1086446_7238690"
            ],
            [
                "All Folgers Coffee",
                "/browse/food/all-folgers-coffee/976759_1086446_3100047_8271556"
            ],
            [
                "Maxwell House Ground Coffee",
                "/browse/food/maxwell-house-ground-coffee/976759_1086446_9154767_8549333"
            ]
        ]
    },
    {
        "title": "Green Mountain Coffee Pumpkin Spice Flavored K-Cup Pods, Light Roast, 24 Count for Keurig Brewers",
        "url": "https://www.walmart.com/ip/Green-Mountain-Coffee-Pumpkin-Spice-Flavored-K-Cup-Pods-Light-Roast-24-Count-for-Keurig-Brewers/178835006",
        "price": "$12.94",
        "stars": "4.1",
        "ratings": "1109 ",
        "img": "i5.walmartimages.com/asr/17f6d99e-e38b-42d9-8158-c75d173f8dcb_1.083d046803fa4e834c5ad7cec90e3eb5.jpeg?odnWidth=612&odnHeight=612&odnBg=ffffff",
        "tags": [
            [
                "Green Mountain Coffee Pods",
                "/browse/food/green-mountain-coffee-pods/976759_1086446_6490624_2544553"
            ],
            [
                "Arabica Coffee",
                "/browse/food/arabica-coffee/976759_1086446_2559085"
            ],
            [
                "Pumpkin Spice & Fall Ground Coffee",
                "/browse/food/pumpkin-spice-fall-ground-coffee/976759_1086446_5366330"
            ],
            [
                "All Green Mountain Coffee",
                "/browse/food/all-green-mountain-coffee/976759_1086446_6490624_6014443"
            ],
            [
                "Coffee & Coffee Pods",
                "/browse/food/coffee-coffee-pods/976759_1086446_7238690"
            ],
            [
                "Keurig K-Cups & Coffee Pods",
                "/browse/food/keurig-k-cups-coffee-pods/976759_1086446_8135897"
            ],
            [
                "Pumpkin Spice Latte and Seasonal Coffees",
                "/browse/food/pumpkin-spice-latte-seasonal-coffees/976759_1567409_4828574_8417109"
            ],
            [
                "The Original Donut Shop Coffee Pods",
                "/browse/food/the-original-donut-shop-coffee-pods/976759_1086446_1587610_8996022"
            ]
        ]
    },
    {
        "title": "Starbucks Blonde Roast Whole Bean Coffee \u2014 Veranda Blend \u2014 1 bag (20 oz.)",
        "url": "https://www.walmart.com/ip/Starbucks-Blonde-Roast-Whole-Bean-Coffee-Veranda-Blend-1-bag-20-oz/856900614",
        "price": "$11.98",
        "stars": "4.6",
        "ratings": "662 ",
        "img": "i5.walmartimages.com/asr/0d04add2-78ca-464c-8a9d-c3352ef7988b.64457805f80d756ed69f0cd3016e202d.jpeg?odnWidth=612&odnHeight=612&odnBg=ffffff",
        "tags": [
            [
                "Ground Coffee",
                "/browse/food/ground-coffee/976759_1086446_1229651"
            ],
            [
                "Whole Bean Coffee",
                "/browse/food/whole-bean-coffee/976759_1086446_1229652"
            ],
            [
                "Cold Weather Beverages",
                "/browse/food/cold-weather-beverages/976759_1567409_6592518_4126576"
            ],
            [
                "Starbucks Ground Coffee",
                "/browse/food/starbucks-ground-coffee/976759_1086446_2986178_5925252"
            ],
            [
                "Premium Whole Bean Coffee",
                "/browse/food/premium-whole-bean-coffee/976759_5148628_5831001_6904869"
            ],
            [
                "Coffee & Coffee Pods",
                "/browse/food/coffee-coffee-pods/976759_1086446_7238690"
            ],
            [
                "All Starbucks",
                "/browse/food/all-starbucks/976759_1086446_2986178_7830797"
            ],
            [
                "Coffee Bean and Tea Leaf Whole Bean Coffee",
                "/browse/food/coffee-bean-tea-leaf-whole-bean-coffee/976759_1086446_5475394_7955143"
            ]
        ]
    },
    {
        "title": "Cameron's Coffee Flavored Highlander Grog Ground Coffee, Light Roast, 12 oz",
        "url": "https://www.walmart.com/ip/Cameron-s-Coffee-Flavored-Highlander-Grog-Ground-Coffee-Light-Roast-12-oz/45912869",
        "price": "$16.24",
        "stars": "4.8",
        "ratings": "40 ",
        "img": "i5.walmartimages.com/asr/0e163120-59d1-496c-8c45-22bf0ece796e.74b9fb4de1b47bd7bc1140356b6c32b5.jpeg?odnWidth=612&odnHeight=612&odnBg=ffffff",
        "tags": [
            [
                "Arabica Coffee",
                "/browse/food/arabica-coffee/976759_1086446_2559085"
            ],
            [
                "Starbucks Ground Coffee",
                "/browse/food/starbucks-ground-coffee/976759_1086446_2986178_5925252"
            ],
            [
                "Caffeinated Drinks",
                "/browse/food/caffeinated-drinks/976759_1567409_3591080_6925074"
            ],
            [
                "Coffee & Coffee Pods",
                "/browse/food/coffee-coffee-pods/976759_1086446_7238690"
            ],
            [
                "All Seattle's Best Coffee",
                "/browse/food/all-seattles-best-coffee/976759_1086446_3520530_7693166"
            ],
            [
                "Seattle's Best Ground Coffee",
                "/browse/food/seattles-best-ground-coffee/976759_1086446_3520530_7693223"
            ],
            [
                "All Starbucks",
                "/browse/food/all-starbucks/976759_1086446_2986178_7830797"
            ],
            [
                "Flavored Ground Coffee",
                "/browse/food/flavored-ground-coffee/976759_1086446_8200909"
            ]
        ]
    },
    {
        "title": "Yuban Traditional Medium Roast Ground Coffee, Caffeinated, 42.5 oz Jug",
        "url": "https://www.walmart.com/ip/Yuban-Traditional-Medium-Roast-Ground-Coffee-Caffeinated-42-5-oz-Jug/836237075",
        "price": "$8.76",
        "stars": "4.8",
        "ratings": "238 ",
        "img": "i5.walmartimages.com/asr/d93cedce-644c-4ad5-971b-0ddf02854698.50c7ad7964f27b3848fb7cfa28a2b640.jpeg?odnWidth=612&odnHeight=612&odnBg=ffffff",
        "tags": [
            [
                "Folgers Ground Coffee",
                "/browse/food/folgers-ground-coffee/976759_1086446_3100047_1674140"
            ],
            [
                "Arabica Coffee",
                "/browse/food/arabica-coffee/976759_1086446_2559085"
            ],
            [
                "Colombian Coffee",
                "/browse/food/colombian-coffee/976759_1086446_3908418"
            ],
            [
                "Cold Weather Beverages",
                "/browse/food/cold-weather-beverages/976759_1567409_6592518_4126576"
            ],
            [
                "New Ground Coffee",
                "/browse/food/new-ground-coffee/976759_1086446_1995978_5077823"
            ],
            [
                "All New Coffee",
                "/browse/food/all-new-coffee/976759_1086446_1995978_5827508"
            ],
            [
                "Coffee & Coffee Pods",
                "/browse/food/coffee-coffee-pods/976759_1086446_7238690"
            ],
            [
                "All Folgers Coffee",
                "/browse/food/all-folgers-coffee/976759_1086446_3100047_8271556"
            ]
        ]
    }
]