[
    {
        "title": "(2 Pack) Kernel Season's White Cheddar Popcorn Seasoning",
        "url": "https://www.walmart.com/ip/2-Pack-Kernel-Season-s-White-Cheddar-Popcorn-Seasoning/47226907",
        "price": "$5.88",
        "stars": "4.4",
        "ratings": "81 ",
        "img": "i5.walmartimages.com/asr/82c5c4f3-9860-429c-9154-7d021ea6c37f_1.a79a504c83fccb4cfdf5ebec60a56735.jpeg?odnWidth=612&odnHeight=612&odnBg=ffffff",
        "tags": [
            [
                "Oil & Shortening",
                "/browse/food/oil-shortening/976759_976786_1044152"
            ],
            [
                "All Popcorn",
                "/browse/food/all-popcorn/976759_976787_1001407_3516563"
            ],
            [
                "Popcorn Kernels",
                "/browse/food/popcorn-kernels/976759_976787_1001407_4228947"
            ],
            [
                "All Mixed Spices & Seasonings",
                "/browse/food/all-mixed-spices-seasonings/976759_976786_1007682_4019297_4279992"
            ],
            [
                "Herbs, Spices & Seasonings",
                "/browse/food/herbs-spices-seasonings/976759_4143264_2535686_3978835_6345282"
            ],
            [
                "Popcorn Bags",
                "/browse/food/popcorn-bags/976759_976787_1001407_6926277"
            ],
            [
                "All Salt, Spices & Seasoning",
                "/browse/food/all-salt-spices-seasoning/976759_976786_8191625"
            ]
        ]
    },
    {
        "title": "(2 Pack) Great Value Organic Curry Powder, 1.8 oz",
        "url": "https://www.walmart.com/ip/2-Pack-Great-Value-Organic-Curry-Powder-1-8-oz/894372574",
        "price": "$4.58",
        "stars": "4.4",
        "ratings": "34 ",
        "img": "i5.walmartimages.com/asr/aa608725-6d5e-4d52-9402-7ad5f81ba486_1.7f5cfdb1aedde6c44735e10a160e599c.jpeg?odnWidth=612&odnHeight=612&odnBg=ffffff",
        "tags": [
            [
                "Organic Foods",
                "/browse/food/organic-foods/976759_1228024_1228017"
            ],
            [
                "All Pepper & Peppercorns",
                "/browse/food/all-pepper-peppercorns/976759_976786_1007682_5307367_2161042"
            ],
            [
                "Organic Food Essentials",
                "/browse/food/organic-food-essentials/976759_1567409_2168938_8870296_3706415"
            ],
            [
                "Garlic Powder",
                "/browse/food/garlic-powder/976759_976786_1007682_2008977_5689191"
            ],
            [
                "Pepper",
                "/browse/food/pepper/976759_976786_1007682_5307367_6067079"
            ],
            [
                "All Single Herbs & Spices",
                "/browse/food/all-single-herbs-spices/976759_976786_1007682_2008977_6345512"
            ],
            [
                "All Salt, Spices & Seasoning",
                "/browse/food/all-salt-spices-seasoning/976759_976786_8191625"
            ],
            [
                "Chili Powder",
                "/browse/food/chili-powder/976759_976786_1007682_2008977_9937359"
            ]
        ]
    },
    {
        "title": "Great Value Organic Dijon Mustard, 8 oz",
        "url": "https://www.walmart.com/ip/Great-Value-Organic-Dijon-Mustard-8-oz/544531074",
        "price": "$1.76",
        "stars": "4.7",
        "ratings": "118 ",
        "img": "i5.walmartimages.com/asr/d3979f96-7155-4053-9f68-621df5095a5d_1.8c419665dffdcd0cdbb9010ba4927e74.jpeg?odnWidth=612&odnHeight=612&odnBg=ffffff",
        "tags": [
            [
                "Organic Foods",
                "/browse/food/organic-foods/976759_1228024_1228017"
            ],
            [
                "Yellow Mustards",
                "/browse/food/yellow-mustards/976759_976786_9696846_1868509_1584034"
            ],
            [
                "Specialty Mustards",
                "/browse/food/specialty-mustards/976759_976786_9696846_1868509_1649339"
            ],
            [
                "Organic Food Essentials",
                "/browse/food/organic-food-essentials/976759_1567409_2168938_8870296_3706415"
            ],
            [
                "Spicy/Brown Mustards",
                "/browse/food/spicy-brown-mustards/976759_976786_9696846_1868509_3719097"
            ],
            [
                "Shop All Mayo",
                "/browse/food/shop-all-mayo/976759_976786_9696846_5399470_6720636"
            ],
            [
                "Summer Grilling Condiments",
                "/browse/food/summer-grilling-condiments/976759_1567409_8808777_7265121"
            ],
            [
                "Kosher Foods",
                "/browse/kosher-foods/976759_8925069"
            ]
        ]
    },
    {
        "title": "Chosen Foods 100% Pure Avocado Oil 750ml",
        "url": "https://www.walmart.com/ip/Chosen-Foods-100-Pure-Avocado-Oil-750ml/147046935",
        "price": "$10.98",
        "stars": "4.8",
        "ratings": "196 ",
        "img": "i5.walmartimages.com/asr/ae5c6d6d-b51b-4970-9379-0afd7b8af90d.b255e011263a10e4ab90d72a7fe36018.png?odnWidth=612&odnHeight=612&odnBg=ffffff",
        "tags": [
            [
                "Oil & Shortening",
                "/browse/food/oil-shortening/976759_976786_1044152"
            ],
            [
                "Olive Oils",
                "/browse/food/olive-oils/976759_976786_2569148"
            ],
            [
                "Better For You Food Essentials",
                "/browse/food/better-for-you-food-essentials/976759_1567409_2168938_8870296_3239058"
            ],
            [
                "Organic Food Essentials",
                "/browse/food/organic-food-essentials/976759_1567409_2168938_8870296_3706415"
            ],
            [
                "Paleo Food Essentials",
                "/browse/food/paleo-food-essentials/976759_1567409_2168938_8870296_5023285"
            ],
            [
                "All Healthy Essentials",
                "/browse/food/all-healthy-essentials/976759_1567409_2168938_8870296_5484923"
            ],
            [
                "Keto Food Essentials",
                "/browse/food/keto-food-essentials/976759_1567409_2168938_8870296_8175229"
            ],
            [
                "Shop All Plant Based Foods",
                "/browse/food/shop-all-plant-based-foods/976759_5148628_4583057_2468673_8701847"
            ]
        ]
    },
    {
        "title": "Hidden Valley Original Ranch Salad Dressing To Go Cups - 1.5 Ounces Each - 8 Count",
        "url": "https://www.walmart.com/ip/Hidden-Valley-Original-Ranch-Salad-Dressing-To-Go-Cups-1-5-Ounces-Each-8-Count/26853651",
        "price": "$4.16",
        "stars": "4.9",
        "ratings": "9879 ",
        "img": "",
        "tags": [
            [
                "Shop All Salad Dressings",
                "/browse/food/shop-all-salad-dressings/976759_976786_5730644_1001365"
            ],
            [
                "Ranch Dressing",
                "/browse/food/ranch-dressing/976759_976786_5730644_1345093"
            ],
            [
                "All Fresh Packaged Salads, Dressings and Dips",
                "/browse/food/all-fresh-packaged-salads-dressings-dips/976759_1071964_976793_9538337_3695434"
            ],
            [
                "Hidden Valley Ranch",
                "/browse/food/hidden-valley-ranch/976759_976786_5730644_3791260"
            ],
            [
                "Paleo Food Essentials",
                "/browse/food/paleo-food-essentials/976759_1567409_2168938_8870296_5023285"
            ],
            [
                "Keto Food Essentials",
                "/browse/food/keto-food-essentials/976759_1567409_2168938_8870296_8175229"
            ],
            [
                "Gluten-Free Food Staples",
                "/browse/food/gluten-free-food-staples/976759_1567409_2168938_8870296_8339296"
            ]
        ]
    },
    {
        "title": "(4 Pack) McCormick Enchilada Sauce Mix, 1.5 oz",
        "url": "https://www.walmart.com/ip/4-Pack-McCormick-Enchilada-Sauce-Mix-1-5-oz/47229056",
        "price": "$4.48",
        "stars": "4.3",
        "ratings": "47 ",
        "img": "i5.walmartimages.com/asr/53ffc52e-2a54-41a0-8b9a-f84c1e9ba4d7_1.0e663b06fcc991e9912db40d8b498688.jpeg?odnWidth=612&odnHeight=612&odnBg=ffffff",
        "tags": [
            [
                "Condiments",
                "/browse/food/condiments/976759_976786_9696846_1001363"
            ],
            [
                "Sauces",
                "/browse/food/sauces/976759_976786_1076366"
            ],
            [
                "Taco Seasoning",
                "/browse/food/taco-seasoning/976759_976786_1007682_4019297_2407229"
            ],
            [
                "Game Time Condiments",
                "/browse/food/game-time-condiments/976759_1567409_3282877_2930489_4160797"
            ],
            [
                "All Hot Sauces",
                "/browse/food/all-hot-sauces/976759_976786_9696846_5998141_4394977"
            ],
            [
                "Snacks",
                "/browse/food/snacks/976759_5148628_1228025_1228103_4586063"
            ],
            [
                "Low Calorie Foods",
                "/browse/food/low-calorie-foods/976759_5004481_6036545"
            ],
            [
                "All Salt, Spices & Seasoning",
                "/browse/food/all-salt-spices-seasoning/976759_976786_8191625"
            ]
        ]
    },
    {
        "title": "Great Value Organic Extra Virgin Olive Oil 51 fl oz",
        "url": "https://www.walmart.com/ip/Great-Value-Organic-Extra-Virgin-Olive-Oil-51-fl-oz/119335091",
        "price": "$9.86",
        "stars": "4.6",
        "ratings": "115 ",
        "img": "i5.walmartimages.com/asr/4b25183e-d335-4630-a384-2dc620046884_1.3b34938d50ca12ec46f2eabf686e22a2.jpeg?odnWidth=612&odnHeight=612&odnBg=ffffff",
        "tags": [
            [
                "Oil & Shortening",
                "/browse/food/oil-shortening/976759_976786_1044152"
            ],
            [
                "Organic Foods",
                "/browse/food/organic-foods/976759_1228024_1228017"
            ],
            [
                "Condiments Restock",
                "/browse/food/condiments-restock/976759_1567409_2168938_1811730_3522188"
            ],
            [
                "Organic Food Essentials",
                "/browse/food/organic-food-essentials/976759_1567409_2168938_8870296_3706415"
            ],
            [
                "All Healthy Essentials",
                "/browse/food/all-healthy-essentials/976759_1567409_2168938_8870296_5484923"
            ],
            [
                "Vegan Foods",
                "/browse/food/vegan-foods/976759_5004481_6794259"
            ],
            [
                "Keto Food Essentials",
                "/browse/food/keto-food-essentials/976759_1567409_2168938_8870296_8175229"
            ],
            [
                "Kosher Foods",
                "/browse/kosher-foods/976759_8925069"
            ]
        ]
    },
    {
        "title": "Himalayan Chef Pink Salt 1lb Bag",
        "url": "https://www.walmart.com/ip/Himalayan-Chef-Pink-Salt-1lb-Bag/359695093",
        "price": "$3.98",
        "stars": "5.0",
        "ratings": "14 ",
        "img": "i5.walmartimages.com/asr/1b144651-5494-40ab-86c8-e0acca0b14b5_4.104de81df1b1ddfe7fdb96f0dbe314cc.jpeg?odnWidth=612&odnHeight=612&odnBg=ffffff",
        "tags": [
            [
                "Baking Restock",
                "/browse/food/baking-restock/976759_1567409_2168938_1811730_4237636"
            ],
            [
                "All Salts & Salt Substitutes",
                "/browse/food/all-salts-salt-substitutes/976759_976786_1007682_7559954_4427396"
            ],
            [
                "Vegan Foods",
                "/browse/food/vegan-foods/976759_5004481_6794259"
            ],
            [
                "Kosher Salt",
                "/browse/food/kosher-salt/976759_976786_1007682_7559954_7201279"
            ],
            [
                "Salt Substitutes",
                "/browse/food/salt-substitutes/976759_976786_1007682_7559954_8042244"
            ],
            [
                "Non GMO Food",
                "/browse/food/non-gmo-food/976759_5004481_8102928"
            ],
            [
                "All Salt, Spices & Seasoning",
                "/browse/food/all-salt-spices-seasoning/976759_976786_8191625"
            ],
            [
                "Sea Salt",
                "/browse/food/sea-salt/976759_976786_1007682_7559954_8336453"
            ]
        ]
    },
    {
        "title": "MaraNatha No Sugar or Salt Added Creamy Almond Butter, 12 Ounce Jar",
        "url": "https://www.walmart.com/ip/MaraNatha-No-Sugar-or-Salt-Added-Creamy-Almond-Butter-12-Ounce-Jar/52796493",
        "price": "$6.98",
        "stars": "4.4",
        "ratings": "131 ",
        "img": "i5.walmartimages.com/asr/0ccb4b37-b7c3-45c6-9352-2d2108fb6510_1.505d7138f3f3c7864a5577cb52df1595.jpeg?odnWidth=612&odnHeight=612&odnBg=ffffff",
        "tags": [
            [
                "Justin's Almond Butter",
                "/browse/food/justins-almond-butter/976759_976786_1018820_7052745_1255878"
            ],
            [
                "Natural Peanut Butter",
                "/browse/food/natural-peanut-butter/976759_976786_1018820_6347787_3424971"
            ],
            [
                "Peanut Butter and Jelly",
                "/browse/food/peanut-butter-jelly/976759_1567409_7966149_5050784"
            ],
            [
                "All Peanut Butter",
                "/browse/food/all-peanut-butter/976759_976786_1018820_6347787_6749456"
            ],
            [
                "Gluten-Free Food Staples",
                "/browse/food/gluten-free-food-staples/976759_1567409_2168938_8870296_8339296"
            ],
            [
                "Shop All Plant Based Foods",
                "/browse/food/shop-all-plant-based-foods/976759_5148628_4583057_2468673_8701847"
            ],
            [
                "All Almond Butters",
                "/browse/food/all-almond-butters/976759_976786_1018820_7052745_8848988"
            ],
            [
                "New Year New You",
                "/browse/food/new-year-new-you/976759_1567409_3170630_9741688"
            ]
        ]
    },
    {
        "title": "Great Value Extra Virgin Olive Oil 101 fl Oz",
        "url": "https://www.walmart.com/ip/Great-Value-Extra-Virgin-Olive-Oil-101-fl-Oz/10315963",
        "price": "$15.88",
        "stars": "4.7",
        "ratings": "435 ",
        "img": "i5.walmartimages.com/asr/b31a9274-be15-42ca-9022-6f623c5ea03d_2.d0c0b2991030a31e18ad42de872ee47b.jpeg?odnWidth=612&odnHeight=612&odnBg=ffffff",
        "tags": [
            [
                "Condiments",
                "/browse/food/condiments/976759_976786_9696846_1001363"
            ],
            [
                "Oil & Shortening",
                "/browse/food/oil-shortening/976759_976786_1044152"
            ],
            [
                "Organic Food Essentials",
                "/browse/food/organic-food-essentials/976759_1567409_2168938_8870296_3706415"
            ],
            [
                "Baking Restock",
                "/browse/food/baking-restock/976759_1567409_2168938_1811730_4237636"
            ],
            [
                "All Healthy Essentials",
                "/browse/food/all-healthy-essentials/976759_1567409_2168938_8870296_5484923"
            ],
            [
                "Gluten Free Foods",
                "/browse/food/gluten-free-foods/976759_5004481_5546296"
            ],
            [
                "Keto Food Essentials",
                "/browse/food/keto-food-essentials/976759_1567409_2168938_8870296_8175229"
            ],
            [
                "Kosher Foods",
                "/browse/kosher-foods/976759_8925069"
            ]
        ]
    }
]