[
    {
        "title": "Lindsay Spanish Pimiento Stuffed Manzanilla Olives, 21 oz",
        "url": "https://www.walmart.com/ip/Lindsay-Spanish-Pimiento-Stuffed-Manzanilla-Olives-21-oz/10308836",
        "price": "$4.88",
        "stars": "4.8",
        "ratings": "100 ",
        "img": "i5.walmartimages.com/asr/ece768d5-2d53-4148-b7e3-ff6c79e2141d_1.7562d9d4e87c43bbcb24263615b8aaa2.jpeg?odnWidth=612&odnHeight=612&odnBg=ffffff",
        "tags": [
            [
                "Shop All Pickles",
                "/browse/food/shop-all-pickles/976759_976786_3273605_1044187"
            ],
            [
                "Black Olives",
                "/browse/food/black-olives/976759_976786_6379931_3057716"
            ],
            [
                "Gluten Free Foods",
                "/browse/food/gluten-free-foods/976759_5004481_5546296"
            ],
            [
                "Manzanilla Olives",
                "/browse/food/manzanilla-olives/976759_976786_6379931_6882150"
            ],
            [
                "Summer Grilling Condiments",
                "/browse/food/summer-grilling-condiments/976759_1567409_8808777_7265121"
            ],
            [
                "Stuffed Olives",
                "/browse/food/stuffed-olives/976759_976786_6379931_7415069"
            ],
            [
                "Kosher Foods",
                "/browse/kosher-foods/976759_8925069"
            ],
            [
                "New Year's Eve Party Spread",
                "/browse/food/new-years-eve-party-spread/976759_1567409_9050139"
            ]
        ]
    },
    {
        "title": "(2 Pack) P.F. Chang\u00e2\u0080\u0099s Home Menu Kung Pao Sauce, 14 Ounce",
        "url": "https://www.walmart.com/ip/2-Pack-P-F-Chang-s-Home-Menu-Kung-Pao-Sauce-14-Ounce/476068357",
        "price": "$6.48",
        "stars": "4.5",
        "ratings": "17 ",
        "img": "i5.walmartimages.com/asr/f2e76c5d-ef9d-4c9e-9fce-a6dda67f88d8_1.f7a3e73ea3c71d06cd8299fff8772942.jpeg?odnWidth=612&odnHeight=612&odnBg=ffffff",
        "tags": [
            [
                "Condiments",
                "/browse/food/condiments/976759_976786_9696846_1001363"
            ],
            [
                "Asian Sauces",
                "/browse/food/asian-sauces/976759_976786_9696846_1547628"
            ],
            [
                "All Hot Sauces",
                "/browse/food/all-hot-sauces/976759_976786_9696846_5998141_4394977"
            ],
            [
                "Teriyaki Sauces",
                "/browse/food/teriyaki-sauces/976759_976786_9696846_2015574_5251905"
            ],
            [
                "Asian Sauces, Condiments & Cooking Needs",
                "/browse/food/asian-sauces-condiments-cooking-needs/976759_5148628_1228025_1228102_5967969"
            ],
            [
                "Stir Fry Sauces",
                "/browse/food/stir-fry-sauces/976759_976786_9696846_2015574_6265260"
            ],
            [
                "Shop All BBQ Sauces",
                "/browse/food/shop-all-bbq-sauces/976759_976786_9696846_9999057_6757439"
            ],
            [
                "Shop All Asian Market",
                "/browse/food/shop-all-asian-market/976759_5148628_1228025_1228102_9127385"
            ]
        ]
    },
    {
        "title": "MaraNatha No Stir Crunchy Almond Butter, 12 Ounce Jar",
        "url": "https://www.walmart.com/ip/MaraNatha-No-Stir-Crunchy-Almond-Butter-12-Ounce-Jar/812150376",
        "price": "$6.98",
        "stars": "4.5",
        "ratings": "24 ",
        "img": "i5.walmartimages.com/asr/638c1b70-5ca9-44c2-b146-17aaba3bb5bc_1.d91ae0d6430a7ab82e0a511738fa529b.jpeg?odnWidth=612&odnHeight=612&odnBg=ffffff",
        "tags": [
            [
                "Justin's Almond Butter",
                "/browse/food/justins-almond-butter/976759_976786_1018820_7052745_1255878"
            ],
            [
                "Plant Based Breakfast Foods",
                "/browse/food/plant-based-breakfast-foods/976759_5148628_4583057_2468673_2574287"
            ],
            [
                "Natural Peanut Butter",
                "/browse/food/natural-peanut-butter/976759_976786_1018820_6347787_3424971"
            ],
            [
                "Peanut Butter and Jelly",
                "/browse/food/peanut-butter-jelly/976759_1567409_7966149_5050784"
            ],
            [
                "All Peanut Butter",
                "/browse/food/all-peanut-butter/976759_976786_1018820_6347787_6749456"
            ],
            [
                "Gluten-Free Food Staples",
                "/browse/food/gluten-free-food-staples/976759_1567409_2168938_8870296_8339296"
            ],
            [
                "Shop All Plant Based Foods",
                "/browse/food/shop-all-plant-based-foods/976759_5148628_4583057_2468673_8701847"
            ],
            [
                "All Almond Butters",
                "/browse/food/all-almond-butters/976759_976786_1018820_7052745_8848988"
            ]
        ]
    },
    {
        "title": "Kernel Season's Cheesy Caramel Corn Popcorn Seasoning, 2.85 Oz.",
        "url": "https://www.walmart.com/ip/Kernel-Season-s-Cheesy-Caramel-Corn-Popcorn-Seasoning-2-85-Oz/109915066",
        "price": "$1.98",
        "stars": "3.8",
        "ratings": "35 ",
        "img": "",
        "tags": [
            [
                "Popcorn Seasoning",
                "/browse/food/popcorn-seasoning/976759_976786_1007682_4019297_3084841"
            ],
            [
                "All Popcorn",
                "/browse/food/all-popcorn/976759_976787_1001407_3516563"
            ],
            [
                "All Mixed Spices & Seasonings",
                "/browse/food/all-mixed-spices-seasonings/976759_976786_1007682_4019297_4279992"
            ],
            [
                "Herbs, Spices & Seasonings",
                "/browse/food/herbs-spices-seasonings/976759_4143264_2535686_3978835_6345282"
            ],
            [
                "Popcorn Bags",
                "/browse/food/popcorn-bags/976759_976787_1001407_6926277"
            ],
            [
                "All Salt, Spices & Seasoning",
                "/browse/food/all-salt-spices-seasoning/976759_976786_8191625"
            ],
            [
                "Caramel Corn",
                "/browse/food/caramel-corn/976759_976787_1001407_8452116"
            ]
        ]
    },
    {
        "title": "Great Value Oregano Leaves, 5.5 oz",
        "url": "https://www.walmart.com/ip/Great-Value-Oregano-Leaves-5-5-oz/55428224",
        "price": "$5.48",
        "stars": "4.8",
        "ratings": "44 ",
        "img": "i5.walmartimages.com/asr/5182fa05-9650-4721-94a0-1ce07e40419e_1.08448c24e9fc48089027ed77897e93e0.jpeg?odnWidth=612&odnHeight=612&odnBg=ffffff",
        "tags": [
            [
                "All Pepper & Peppercorns",
                "/browse/food/all-pepper-peppercorns/976759_976786_1007682_5307367_2161042"
            ],
            [
                "Baking Restock",
                "/browse/food/baking-restock/976759_1567409_2168938_1811730_4237636"
            ],
            [
                "All Mixed Spices & Seasonings",
                "/browse/food/all-mixed-spices-seasonings/976759_976786_1007682_4019297_4279992"
            ],
            [
                "Pepper",
                "/browse/food/pepper/976759_976786_1007682_5307367_6067079"
            ],
            [
                "All Single Herbs & Spices",
                "/browse/food/all-single-herbs-spices/976759_976786_1007682_2008977_6345512"
            ],
            [
                "Italian Seasoning",
                "/browse/food/italian-seasoning/976759_976786_1007682_4019297_6822917"
            ],
            [
                "All Salt, Spices & Seasoning",
                "/browse/food/all-salt-spices-seasoning/976759_976786_8191625"
            ]
        ]
    },
    {
        "title": "(2 Pack) Maille mustard",
        "url": "https://www.walmart.com/ip/2-Pack-Maille-mustard/47230012",
        "price": "$5.78",
        "stars": "4.8",
        "ratings": "34 ",
        "img": "",
        "tags": [
            [
                "Honey",
                "/browse/food/honey/976759_976786_1007699"
            ],
            [
                "Shop All Pickles",
                "/browse/food/shop-all-pickles/976759_976786_3273605_1044187"
            ],
            [
                "Yellow Mustards",
                "/browse/food/yellow-mustards/976759_976786_9696846_1868509_1584034"
            ],
            [
                "Specialty Mustards",
                "/browse/food/specialty-mustards/976759_976786_9696846_1868509_1649339"
            ],
            [
                "Maille Mustards",
                "/browse/food/maille-mustards/976759_976786_9696846_1868509_3231322"
            ],
            [
                "Spicy/Brown Mustards",
                "/browse/food/spicy-brown-mustards/976759_976786_9696846_1868509_3719097"
            ],
            [
                "Nut Free Foods",
                "/browse/food/nut-free-foods/976759_5004481_5679034"
            ],
            [
                "Summer Grilling Condiments",
                "/browse/food/summer-grilling-condiments/976759_1567409_8808777_7265121"
            ]
        ]
    },
    {
        "title": "Great Value Organic Sage Rubbed, 0.8 oz",
        "url": "https://www.walmart.com/ip/Great-Value-Organic-Sage-Rubbed-0-8-oz/160991814",
        "price": "$3.97",
        "stars": "5.0",
        "ratings": "11 ",
        "img": "i5.walmartimages.com/asr/2cfac8c5-ff99-4787-ac66-f3b683ddf50f_1.ff51e592a5bf7b3615a81e5d3174e98f.jpeg?odnWidth=612&odnHeight=612&odnBg=ffffff",
        "tags": [
            [
                "Organic Foods",
                "/browse/food/organic-foods/976759_1228024_1228017"
            ],
            [
                "All Pepper & Peppercorns",
                "/browse/food/all-pepper-peppercorns/976759_976786_1007682_5307367_2161042"
            ],
            [
                "Chicken Seasoning",
                "/browse/food/chicken-seasoning/976759_976786_1007682_4019297_2775886"
            ],
            [
                "Organic Food Essentials",
                "/browse/food/organic-food-essentials/976759_1567409_2168938_8870296_3706415"
            ],
            [
                "All Mixed Spices & Seasonings",
                "/browse/food/all-mixed-spices-seasonings/976759_976786_1007682_4019297_4279992"
            ],
            [
                "All Single Herbs & Spices",
                "/browse/food/all-single-herbs-spices/976759_976786_1007682_2008977_6345512"
            ],
            [
                "All Salt, Spices & Seasoning",
                "/browse/food/all-salt-spices-seasoning/976759_976786_8191625"
            ]
        ]
    },
    {
        "title": "SKIPPY Squeeze Creamy Peanut Butter, 6 Oz",
        "url": "https://www.walmart.com/ip/SKIPPY-Squeeze-Creamy-Peanut-Butter-6-Oz/470447299",
        "price": "$2.47",
        "stars": "5.0",
        "ratings": "6 ",
        "img": "i5.walmartimages.com/asr/63c0e0bb-7e2d-4e17-8ae7-bd1be74a1fbf.ccdb45b246db44c6e7b5a6c653a2341c.jpeg?odnWidth=612&odnHeight=612&odnBg=ffffff",
        "tags": [
            [
                "Skippy Peanut Butter",
                "/browse/food/skippy-peanut-butter/976759_976786_1018820_6347787_3102650"
            ],
            [
                "Natural Peanut Butter",
                "/browse/food/natural-peanut-butter/976759_976786_1018820_6347787_3424971"
            ],
            [
                "Peanut Butter and Jelly",
                "/browse/food/peanut-butter-jelly/976759_1567409_7966149_5050784"
            ],
            [
                "All Peanut Butter",
                "/browse/food/all-peanut-butter/976759_976786_1018820_6347787_6749456"
            ],
            [
                "Kid's Lunches",
                "/browse/food/kids-lunches/976759_1567409_7966149_7561098"
            ],
            [
                "Jif",
                "/browse/food/jif/976759_976786_1018820_8941820"
            ],
            [
                "Creamy Peanut Butter",
                "/browse/food/creamy-peanut-butter/976759_976786_1018820_6347787_9717954"
            ]
        ]
    },
    {
        "title": "PBfit Chocolate Peanut Butter Powder, 15 oz",
        "url": "https://www.walmart.com/ip/PBfit-Chocolate-Peanut-Butter-Powder-15-oz/47714459",
        "price": "$6.94",
        "stars": "4.6",
        "ratings": "65 ",
        "img": "i5.walmartimages.com/asr/093477bf-a7fd-42e0-b135-eb1247fb5b54_8.b94ee2742d2b38260f8b86100f49e2fe.png?odnWidth=612&odnHeight=612&odnBg=ffffff",
        "tags": [
            [
                "Diet Foods & Drinks",
                "/browse/health/diet-foods-drinks/976760_1005859_1044200"
            ],
            [
                "Eat High Protein Diet",
                "/browse/health/eat-high-protein-diet/976760_7207516_3867899_2349917_1339165"
            ],
            [
                "Indulgent Flavors Protein & Fitness",
                "/browse/health/indulgent-flavors-protein-fitness/976760_1166769_4709928_4249965"
            ],
            [
                "Fuel Your Workout",
                "/browse/health/fuel-your-workout/976760_1166769_4659027"
            ],
            [
                "Add Protein to Build Muscle",
                "/browse/health/add-protein-to-build-muscle/976760_7207516_1424368_5124640_7240818"
            ],
            [
                "Protein & Fitness for Active Moms",
                "/browse/health/protein-fitness-for-active-moms/976760_1166769_7924536"
            ],
            [
                "Beach Body Ready - Active Nutrition",
                "/browse/health/beach-body-ready-active-nutrition/976760_1166769_8429873"
            ],
            [
                "All Protein Supplements",
                "/browse/health/all-protein-supplements/976760_1166769_9231506"
            ]
        ]
    },
    {
        "title": "Kraft Real Mayo, 1 gal Jug",
        "url": "https://www.walmart.com/ip/Kraft-Real-Mayo-1-gal-Jug/15556025",
        "price": "$9.42",
        "stars": "4.7",
        "ratings": "1917 ",
        "img": "i5.walmartimages.com/asr/395f5cc0-5584-46b9-a41c-7ed5ce2010c2.ca6532c3e067c4bc371624b1b02cc7fc.jpeg?odnWidth=612&odnHeight=612&odnBg=ffffff",
        "tags": [
            [
                "Yellow Mustards",
                "/browse/food/yellow-mustards/976759_976786_9696846_1868509_1584034"
            ],
            [
                "Bulk Sizes",
                "/browse/food/bulk-sizes/976759_976786_9696846_4567256"
            ],
            [
                "Kraft Mayonnaise",
                "/browse/food/kraft-mayonnaise/976759_976786_9696846_5399470_5420015"
            ],
            [
                "Shop All Ketchup",
                "/browse/food/shop-all-ketchup/976759_976786_9696846_8912372_6373470"
            ],
            [
                "Shop All Mayo",
                "/browse/food/shop-all-mayo/976759_976786_9696846_5399470_6720636"
            ],
            [
                "Miracle Whip",
                "/browse/food/miracle-whip/976759_976786_9696846_5399470_7152770"
            ],
            [
                "Summer Grilling Condiments",
                "/browse/food/summer-grilling-condiments/976759_1567409_8808777_7265121"
            ],
            [
                "Heinz Ketchup",
                "/browse/food/heinz-ketchup/976759_976786_9696846_8912372_9063524"
            ]
        ]
    }
]