[{"title": "Tim Hortons Original Ground Coffee Medium Roast 32.8 oz Canister", "tags": "Arabica Coffee Colombian Tim Hortons Pods Whole Bean Caffeinated Drinks All & Ground", "relevancy_score": 1444.7290666666668, "price": "$14.98"}, {"title": "(1 Bottle) Starbucks Cold Brew Coffee, Signature Black Multi-Serve Concentrate, 32 fl oz", "tags": "New Bottled Coffee Cold Brew Ground Iced & Caffeinated Drinks All Starbucks Food Pepsi Beverages Premium", "relevancy_score": 719.3281142857143, "price": "$7.48"}, {"title": "Brew Rite 4 Cup Basket Filters, 200 Count", "tags": "Ground Coffee Bunn Filters Folgers Cold Weather Beverages & Pods All Melitta Reusable", "relevancy_score": 1042.70652749004, "price": "$1.52"}, {"title": "Great Value Donut Shop 100% Arabica Medium Ground Coffee, 0.38 oz, 12 count", "tags": "Gluten-Free Foods Arabica Coffee Cold Weather Beverages Vegan Caffeinated Drinks Brain & Pods Gaming Snacks", "relevancy_score": 1934.7529882352942, "price": "$3.92"}, {"title": "Wandering Bear Cold Brew Coffee, Straight Black, 32 fl oz, 1 pack - Extra Strong, Organic, Smooth, Unsweetened, Shelf-Stable, and Ready to Drink", "tags": "", "relevancy_score": 0.0, "price": "$11.99"}, {"title": "Folgers Classic Roast Ground Coffee, 48-Ounce", "tags": "Folgers Ground Coffee Non Dairy Creamers Flavored Creamer Cold Weather Beverages & Pods Gaming Snacks Drinks All", "relevancy_score": 29111.727998949787, "price": "$9.96"}, {"title": "Great Value Entertainment Collection Pod Variety Pack, 56 count, 23.5 oz", "tags": "Arabica Coffee Cold Weather Beverages Cappuccino & Pods Keurig K-Cups Gaming Snacks Drinks Mocha Mix Decaf K Cups", "relevancy_score": 620.1180097560975, "price": "$15.98"}, {"title": "(15 Bottles) Starbucks Frappuccino Iced Coffee Drink, Mocha, 9.5 fl oz", "tags": "Strong & High Caffeine Coffee Iced Cold Brew Caffeinated Drinks All Starbucks Flavored Milks Pepsi Beverages Dunkin' Donuts", "relevancy_score": 2467.1039884476536, "price": "$19.12"}, {"title": "(2 Pack) NESCAFE CLASICO Dark Roast Instant Coffee 7 oz. Jar", "tags": "Non Dairy Creamers Flavored Coffee Creamer Cold Weather Beverages Snacks Fueling All Instant & Pods Gaming Drinks", "relevancy_score": 1568.9669393258428, "price": "$10.13"}, {"title": "Starbucks Dark Roast Whole Bean Coffee \u2014 Espresso Roast \u2014 1 bag (20 oz.)", "tags": "Ground Coffee Whole Bean Cold Weather Beverages Nut Free Foods Starbucks & Pods All", "relevancy_score": 6398.454264788731, "price": "$11.98"}, {"title": "New England Coffee Blueberry Cobbler, 11 Oz.", "tags": "Arabica Coffee New England Ground All Eight O'Clock Pods & Flavored", "relevancy_score": 800.6539102040816, "price": "$4.12"}, {"title": "Starbucks Flavored Ground Coffee \u2014 Mocha \u2014 No Artificial Flavors \u2014 1 bag (11 oz.)", "tags": "Arabica Coffee Cold Weather Beverages Starbucks Ground & Pods Whole Bean All Flavored Mocha Mix", "relevancy_score": 885.9463646017699, "price": "$6.27"}, {"title": "Folgers Classic Medium Roast Ground Coffee, 30.5-Ounces", "tags": "Folgers Ground Coffee Arabica Cold Weather Beverages Gluten Free Foods Caffeinated Drinks & Pods Gaming Snacks All", "relevancy_score": 5548.4352, "price": "$6.96"}, {"title": "Caf\u00e9 Bustelo Espresso Ground Coffee, Dark Roast, 10-Ounce Can", "tags": "Arabica Coffee Cafe Bustelo Ground Cold Weather Beverages Espresso Cuban Starbucks All & Pods", "relevancy_score": 1479.9535627906976, "price": "$4.33"}, {"title": "Gloria Jean's Coffees Butter Toffee Flavored K-Cup Pods, Medium Roast, 24 Count for Keurig Brewers", "tags": "Green Mountain Coffee Pods Arabica Cold Weather Beverages All & Starbucks Keurig K-Cups", "relevancy_score": 4375.0258452554735, "price": "$12.94"}, {"title": "Gevalia Colombian Coffee K-Cup Pods, Caffeinated, 24 ct - 8.3 oz Box", "tags": "Arabica Coffee All Gevalia Colombian Pods & Starbucks Ground Keurig K-Cups", "relevancy_score": 2612.817046153846, "price": "$14.64"}, {"title": "Great Value 100% Arabica French Dark Roast Ground Coffee, 0.34 oz, 48 count", "tags": "Arabica Coffee Colombian Cold Weather Beverages & Pods Keurig K-Cups Gaming Snacks Drinks Decaf K Cups All", "relevancy_score": 791.0467298969071, "price": "$14.92"}, {"title": "Great Value 100% Arabica Colombian Ground Coffee, 15.9 oz, 48 Count", "tags": "Arabica Coffee Colombian Cold Weather Beverages & Pods Keurig K-Cups Gaming Snacks Drinks Decaf K Cups All", "relevancy_score": 1075.8313429657794, "price": "$14.92"}, {"title": "Gevalia French Roast Ground Coffee, Caffeinated, 12 oz Bag", "tags": "Arabica Coffee All Gevalia Cold Weather Beverages Espresso Starbucks Ground & Pods", "relevancy_score": 779.3503384615385, "price": "$5.98"}, {"title": "Great Value 100% Arabica Colombian Medium Dark Ground Coffee, 24.2 oz", "tags": "Folgers Ground Coffee Arabica Colombian Cold Weather Beverages Starbucks & Pods Gaming Snacks Drinks All", "relevancy_score": 1637.703041221374, "price": "$6.57"}, {"title": "New England Coffee Blueberry Cobbler, 11 Oz.", "tags": "Arabica Coffee New England Ground All Eight O'Clock Pods & Flavored", "relevancy_score": 800.6539102040816, "price": "$4.12"}, {"title": "Starbucks Flavored Ground Coffee \u2014 Mocha \u2014 No Artificial Flavors \u2014 1 bag (11 oz.)", "tags": "Arabica Coffee Cold Weather Beverages Starbucks Ground & Pods Whole Bean All Flavored Mocha Mix", "relevancy_score": 885.9463646017699, "price": "$6.27"}, {"title": "Starbucks Medium Roast Ground Coffee \u2014 Breakfast Blend \u2014 100% Arabica \u2014 1 bag (12 oz.)", "tags": "Whole Bean Coffee Arabica Cold Weather Beverages Starbucks Ground Caffeinated Drinks & Pods All", "relevancy_score": 1752.2174439024388, "price": "$6.27"}, {"title": "Starbucks Decaf Ground Coffee \u2014 House Blend \u2014 100% Arabica \u2014 1 bag (12 oz.)", "tags": "Whole Bean Coffee Cold Weather Beverages Decaf Ground Starbucks & Pods All", "relevancy_score": 615.5129030674847, "price": "$6.27"}, {"title": "Gevalia Signature Blend Coffee K-Cup Pods, 24 count", "tags": "Arabica Coffee All Gevalia Colombian Pods & Starbucks Keurig K-Cups", "relevancy_score": 2509.4079275310833, "price": "$14.64"}, {"title": "Great Value Pumpkin Spice Ground Coffee, 16 oz", "tags": "Arabica Coffee Cappuccino Instant Pumpkin Spice & Fall Ground Starbucks All Flavored Latte and Seasonal Coffees Green Mountain", "relevancy_score": 89.16444081632652, "price": "$6.22"}, {"title": "Dunkin' Decaf Coffee (Packaging May Vary)", "tags": "Arabica Coffee Dunkin' Ground Cold Weather Beverages Decaf Starbucks & Pods All", "relevancy_score": 845.1972325358853, "price": "$5.98"}, {"title": "Great Value 100% Arabica Breakfast Blend Medium Ground Coffee, 0.33 oz, 12 count", "tags": "Arabica Coffee Colombian Cold Weather Beverages Vegan Foods & Pods Keurig K-Cups Gaming Snacks Drinks All Decaf", "relevancy_score": 839.929890909091, "price": "$3.92"}, {"title": "Dunkin' Cold Brew Coffee Packs, Smooth & Rich Ground Coffee, 8.46-Ounce (Packaging May Vary)", "tags": "Arabica Coffee Dunkin' Ground With Chicory Cold Brew Iced & Caffeinated Drinks All Starbucks", "relevancy_score": 2119.277376, "price": "$6.98"}, {"title": "Starbucks VIA Instant Coffee Flavored Packets \u2014 Pumpkin Spice \u2014 1 box (5 packets)", "tags": "Cappuccino Coffee Pumpkin Spice & Fall Ground Starbucks All Instant Flavored Mocha Mix Latte and Seasonal Coffees", "relevancy_score": 1994.910061971831, "price": "$5.51"}, {"title": "New England Coffee Blueberry Cobbler, 11 Oz.", "tags": "Arabica Coffee New England Ground All Eight O'Clock Pods & Flavored", "relevancy_score": 800.6539102040816, "price": "$4.12"}, {"title": "Starbucks Blonde Roast K-Cup Coffee Pods \u2014 Cinnamon Dolce for Keurig Brewers \u2014 1 box (22 pods)", "tags": "Green Mountain Coffee Pods Arabica Cold Weather Beverages Starbucks Ground & All Keurig K-Cups", "relevancy_score": 1085.0253538461538, "price": "$14.96"}, {"title": "Starbucks Medium Roast Ground Coffee \u2014 Pike Place Roast \u2014 100% Arabica \u2014 1 bag (28 oz.)", "tags": "Whole Bean Coffee Cold Weather Beverages Starbucks Ground Caffeinated Drinks & Pods All Gaming Snacks", "relevancy_score": 4388.2115271617495, "price": "$15.98"}, {"title": "(2 Pack) NESCAFE CLASICO Dark Roast Instant Coffee 10.5 oz. Jar", "tags": "Cold Weather Beverages Snacks Fueling All Instant Coffee & Pods Gaming Drinks Decaf", "relevancy_score": 1621.7784326975475, "price": "$15.08"}, {"title": "Starbucks Dark Roast Ground Coffee \u2014 Caff\u00e8 Verona \u2014 100% Arabica \u2014 1 bag (12 oz.)", "tags": "Whole Bean Coffee Cold Weather Beverages Decaf Ground Starbucks & Pods All", "relevancy_score": 3858.389797647059, "price": "$6.27"}, {"title": "1850 Pioneer Blend Coffee, Medium Roast Ground Coffee, 12 oz.", "tags": "Ground Coffee Whole Bean Folgers Pods Nut Free Foods & Dairy All", "relevancy_score": 15316.51150769231, "price": "$5.83"}, {"title": "Cinnabon Classic Cinnamon Roll Flavored K-Cup Coffee Pods, Light Roast, 24 Count for Keurig Brewers", "tags": "Green Mountain Coffee Pods Arabica Cold Weather Beverages All & Starbucks Keurig K-Cups", "relevancy_score": 3397.3762775510204, "price": "$12.94"}, {"title": "McCafe Breakfast Blend K-Cup Coffee Pods, Light Roast, 24 Count For Keurig Brewers", "tags": "Arabica Coffee McCafe Cold Weather Beverages Caffeinated Drinks & Pods Keurig K-Cups Decaf K Cups All", "relevancy_score": 1223.269723943662, "price": "$12.94"}, {"title": "Community Coffee Signature Blend Dark Roast Ground 32 oz Gable Top", "tags": "Whole Bean Coffee Arabica Cold Weather Beverages All Community Ground With Chicory Starbucks & Pods", "relevancy_score": 1964.2329302325584, "price": "$11.98"}, {"title": "Green Mountain Coffee Half-Caff, Keurig K-Cup Pod, Medium Roast, 24ct", "tags": "Green Mountain Coffee Pods Arabica Cold Weather Beverages All & Keurig K-Cups Decaf K Cups", "relevancy_score": 2564.822500166945, "price": "$12.94"}, {"title": "New England Coffee Blueberry Cobbler, 11 Oz.", "tags": "Arabica Coffee New England Ground All Eight O'Clock Pods & Flavored", "relevancy_score": 800.6539102040816, "price": "$4.12"}, {"title": "Starbucks Dark Roast Whole Bean Coffee \u2014 French Roast \u2014 100% Arabica \u2014 1 bag (20 oz.)", "tags": "Ground Coffee Whole Bean Espresso Nut Free Foods Starbucks & Pods All Dairy", "relevancy_score": 4018.1959746606335, "price": "$11.98"}, {"title": "Green Mountain Coffee Hazelnut Decaf, Flavored K-Cup Pods, Light Roast, 24 Count For Keurig Brewers", "tags": "Green Mountain Coffee Pods Arabica Cold Weather Beverages All & Keurig K-Cups Decaf K Cups", "relevancy_score": 1090.8575768953071, "price": "$12.94"}, {"title": "Great Value Organic Arabica Half Caff Medium Ground Coffee, 0.33 oz, 12 count", "tags": "Organic Foods Arabica Coffee Cold Weather Beverages & Pods Keurig K-Cups Gaming Snacks Drinks Decaf K Cups All", "relevancy_score": 520.5753142857143, "price": "$3.92"}, {"title": "Green Mountain Coffee Nantucket Blend K-Cup Pods, Medium Roast, 48 Count for Keurig Brewers", "tags": "Green Mountain Coffee Pods Arabica Cold Weather Beverages All Caffeinated Drinks & Starbucks Keurig K-Cups", "relevancy_score": 4342.816037795276, "price": "$22.83"}, {"title": "Coffee Mate Non-Dairy, Sugar Free Powder Coffee Creamer, Chocolate Creame, 10.2 Oz.", "tags": "Non Dairy Creamers Powder Coffee Creamer Flavored Tea & Cocoa Sugar Free Coffee-Mate Mocha Mix Healthy", "relevancy_score": 1700.9012644501279, "price": "$7.14"}, {"title": "(2 Pack) NESCAFE TASTER'S CHOICE Hazelnut Medium Dark Roast Instant Coffee Beverage 16-0.1 oz. Singles", "tags": "Starbucks Instant Coffee New Colombian All & Pods Decaf", "relevancy_score": 1211.9747484320558, "price": "$6.36"}, {"title": "McCafe Premium Roast Decaf Coffee K-Cup Pods, Decaffeinated, 24 ct - 8.3 oz Box", "tags": "Green Mountain Coffee Pods Arabica McCafe Cold Weather Beverages & Keurig K-Cups Decaf K Cups All", "relevancy_score": 2442.6966602230486, "price": "$12.94"}, {"title": "Seattles Best Coffee Post Alley Blend (Previously Signature Blend No. 5) Dark Roast Ground Coffee 12-Ounce Bag", "tags": "Whole Bean Coffee Arabica Cold Weather Beverages Starbucks Ground & Pods All Seattle's Best", "relevancy_score": 1271.2860734693877, "price": "$4.48"}, {"title": "COFFEE MATE Caramel Latte Powder Coffee Creamer 15 Oz. Canister", "tags": "Non Dairy Creamers All Flavored Coffee Creamer Sugar Free French Vanilla Coffee-Mate Healthy Liquid", "relevancy_score": 721.384487804878, "price": "$10.06"}, {"title": "Seattles Best Coffee Post Alley Blend (Previously Signature Blend No. 5) Dark Roast Ground Coffee 20-Ounce Bag", "tags": "Whole Bean Coffee Arabica Cold Weather Beverages Starbucks Ground & Pods All Seattle's Best", "relevancy_score": 1592.9722504155125, "price": "$7.44"}, {"title": "International Delight French Vanilla Coffee Creamer Singles, 48 Count", "tags": "Non Dairy Creamers Powder Coffee Creamer Flavored International Delight French Vanilla Coffee-Mate Healthy Liquid", "relevancy_score": 309.15742040816326, "price": "$4.58"}, {"title": "New England Coffee French Vanilla, 11 Oz.", "tags": "Arabica Coffee New England Ground Cold Weather Beverages All Starbucks & Pods Seattle's Best Flavored", "relevancy_score": 334.41204705882353, "price": "$4.12"}, {"title": "Starbucks Medium Roast K-Cup Coffee Pods \u2014 Pike Place Roast for Keurig Brewers \u2014 1 box (44 pods)", "tags": "Single-Serve Cups & Pods Arabica Coffee Cold Weather Beverages Caffeinated Drinks Brain Foods All Starbucks Keurig K-Cups", "relevancy_score": 4673.419766507177, "price": "$28.98"}, {"title": "Green Mountain Coffee Caramel Vanilla Cream Flavored K-Cup Pods, Light Roast, 48 Count for Keurig Brewers", "tags": "Green Mountain Coffee Pods Arabica Cold Weather Beverages All & Starbucks Keurig K-Cups", "relevancy_score": 4140.409665979381, "price": "$22.83"}, {"title": "Folgers Caramel Drizzle Flavored Ground Coffee, K-Cup Pods, 24-Count", "tags": "Arabica Coffee Folgers Pods Cold Weather Beverages & Starbucks All Keurig K-Cups", "relevancy_score": 1292.1100387096774, "price": "$12.94"}, {"title": "Peet's Coffee\u00ae Major Dickason's Blend\u00ae Dark Roast Coffee K-Cup\u00ae Pods 24 ct Box", "tags": "Single-Serve Cups & Pods Arabica Coffee Starbucks Keurig K-Cups Peet's Decaf K All", "relevancy_score": 738.2044327868853, "price": "$14.96"}, {"title": "(8 Pack) Great Value Cone Coffee Filters, #2, 1-4 cup, 100 Count", "tags": "Cuisinart Coffee Makers & Espresso Parts and Accessories Maker Replacement Water Filters Dorm Appliances Small kitchen ideas Pour Overs", "relevancy_score": 175.28203636363634, "price": "$14.02"}, {"title": "Starbucks Medium Roast K-Cup Coffee Pods \u2014 Breakfast Blend for Keurig Brewers \u2014 1 box (22 pods)", "tags": "Arabica Coffee Cold Weather Beverages Caffeinated Drinks Brain Foods & Pods Starbucks All Keurig K-Cups", "relevancy_score": 1848.8336668213456, "price": "$14.96"}, {"title": "Starbucks Cold Brew Coffee \u2014 Caramel Dolce Flavored \u2014 Multi-Serve Concentrate \u2014 1 bottle (32 oz.)", "tags": "New Bottled Coffee Starbucks Ground Low Calorie Foods Iced & Cold Brew Caffeinated Drinks All Pepsi Beverages Premium", "relevancy_score": 588.6972, "price": "$7.48"}, {"title": "Starbucks Doubleshot Energy Vanilla, Strong Coffee Drink with 225 mg Caffeine, B vitamins, Guarana, and Ginseng, Rich & Creamy 15 Fl Oz Cans (12-pack)", "tags": "Coffee Shots Strong & High Caffeine Iced Cold Brew Caffeinated Drinks All Starbucks Pepsi Beverages Premium", "relevancy_score": 614.6972, "price": "$25.00"}, {"title": "COFFEE MATE Vanilla Caramel Powder Coffee Creamer 15 oz. Canister (3 Pack)", "tags": "Non Dairy Creamers All Flavored Coffee Creamer Sugar Free French Vanilla Coffee-Mate Healthy Liquid", "relevancy_score": 558.2280216216217, "price": "$9.95"}, {"title": "Community Coffee Breakfast Blend Medium Roast Single Serve 24 ct Box", "tags": "Arabica Coffee Cold Weather Beverages All Community Ground New Single Serve Cups & Pods Keurig K-Cups Decaf", "relevancy_score": 1082.004352, "price": "$12.94"}, {"title": "Twinings of London English Breakfast Tea Keurig K-Cup , 24 Ct.", "tags": "English Breakfast Tea Pods Bags Fueling Beverages Earl Grey Celestial Seasonings Keurig K-Cups & Coffee Twinings", "relevancy_score": 15.413672727272727, "price": "$12.94"}, {"title": "Peet's Coffee\u00ae Decaf House Blend Dark Roast Coffee K-Cup\u00ae Pods 24 ct Box", "tags": "Single-Serve Cups & Pods Arabica Coffee Starbucks All Keurig K-Cups Peet's Decaf K", "relevancy_score": 813.4877203883494, "price": "$14.96"}, {"title": "Maxwell House Original Roast Ground Coffee Filter Packs, Caffeinated, 5.3 oz Box", "tags": "Folgers Ground Coffee All Maxwell House Arabica Instant & Pods", "relevancy_score": 723.792, "price": "$4.12"}, {"title": "1850 Black Gold, Dark Roast Coffee, K-Cup Pods for Keurig Brewers, 24-Count", "tags": "Arabica Coffee Premium Pods Folgers Espresso & Keurig K-Cups All Nespresso OriginalLine Capsules", "relevancy_score": 29964.130439187018, "price": "$12.94"}, {"title": "Eight O'Clock The Original K-cup Coffee Pods 24 Ct.", "tags": "Single-Serve Cups & Pods All Maxwell House Coffee Arabica Cold Weather Beverages Eight O'Clock Keurig K-Cups", "relevancy_score": 385.48640000000006, "price": "$12.94"}, {"title": "International Delight Caramel Macchiato Liquid Coffee Creamer Singles, 24 Ct (Pack of 4)", "tags": "All Creamers Powder Coffee Creamer Flavored International Delight French Vanilla Coffee-Mate Hazelnut Liquid", "relevancy_score": 491.14663529411763, "price": "$8.96"}, {"title": "8-12 Cup Coffee Filters", "tags": "Bunn Coffee Filters Folgers Ground Black Tea All Melitta Twinings Reusable", "relevancy_score": 762.4154604651162, "price": "$1.56"}, {"title": "Teavana Spiced Apple Cider, Herbal Tea With Cinnamon & Cloves, Caffeine Free (1 Pack, 12 Sachets Total)", "tags": "Teavana Tea Bags Ginger Lemon All Herbal New", "relevancy_score": 549.2639584415584, "price": "$5.48"}, {"title": "Dunkin' Original Blend Ground Coffee, Medium Roast, 20-Ounce (Packaging May Vary)", "tags": "Whole Bean Coffee Arabica Dunkin' Ground Cold Weather Beverages Vegan Foods & Pods Gaming Snacks Drinks", "relevancy_score": 690.1613132947977, "price": "$10.48"}, {"title": "Peet's Coffee\u00ae French Roast Dark Roast Coffee K-Cup\u00ae Pods 24 ct Box", "tags": "Single-Serve Cups & Pods Arabica Coffee Starbucks All Keurig K-Cups Peet's Decaf", "relevancy_score": 417.41279999999995, "price": "$14.96"}, {"title": "1850 Pioneer Blend Medium Roast Coffee, K-Cup Pods for Keurig Brewers, 24-Count", "tags": "Folgers Ground Coffee Arabica Pods All Community Nut Free Foods & Keurig K-Cups", "relevancy_score": 180.11290746268656, "price": "$12.94"}, {"title": "Great Value Donut Shop 100% Arabica Medium Ground Coffee, 32 oz", "tags": "Single-Serve Cups & Pods Arabica Coffee Colombian Cold Weather Beverages Starbucks Ground Vegan Foods Gaming Snacks Drinks", "relevancy_score": 253.78129655172415, "price": "$8.76"}, {"title": "New England Coffee Chocolate Cappuccino, 11 Oz.", "tags": "Arabica Coffee New England Ground Cappuccino All Starbucks & Pods Flavored Mocha Mix", "relevancy_score": 260.56305116279066, "price": "$3.83"}, {"title": "Coffee Mate French Vanilla Liquid Coffee Creamer Singles, Lactose-Free, 0.375 Fl Oz, 50 Ct", "tags": "Non Dairy Creamers Powder Coffee Creamer Flavored French Vanilla Coffee-Mate Hazelnut Healthy Liquid", "relevancy_score": 2507.922500166945, "price": "$4.54"}, {"title": "Starbucks Medium Roast K-Cup Coffee Pods with 2X Caffeine \u2014 for Keurig Brewers \u2014 1 box (12 pods)", "tags": "Single-Serve Cups & Pods All New Coffee Starbucks Ground Food Keurig K-Cups", "relevancy_score": 28273.528772623573, "price": "$10.98"}, {"title": "Gevalia Mocha Latte K Cup Espresso Coffee Pods & Latte Froth Packets, 12 ct - 11.93 oz Box", "tags": "Arabica Coffee All Gevalia Cappuccino Espresso Pods & Keurig K-Cups Mocha Mix", "relevancy_score": 23112.023969796708, "price": "$12.84"}, {"title": "Dunkin' Dunkin' Dark Coffee (Packaging May Vary)", "tags": "Arabica Coffee Dunkin' Ground Cold Weather Beverages Starbucks & Pods All Folgers", "relevancy_score": 259.48129655172414, "price": "$5.83"}, {"title": "(2 Pack) NESCAFE TASTER'S CHOICE 100% Colombian Medium Roast Instant Coffee 7 oz. Jar", "tags": "Cold Weather Beverages Snacks All Instant Coffee & Pods Nescafe Decaf", "relevancy_score": 459.458304, "price": "$17.50"}, {"title": "Gloria Jeans Coffee Raspberry Chocolate Lava Flavored K-Cup Pods, Light Roast, 24 Count for Keurig Brewers", "tags": "Arabica Coffee All Green Mountain & Pods Starbucks Keurig K-Cups Mocha Mix Decaf K Cups", "relevancy_score": 1803.8394387243736, "price": "$12.94"}, {"title": "Community Coffee Signature Blend Dark Roast Ground 12 oz Gable Top", "tags": "Whole Bean Coffee Arabica All Community Decaf Ground With Chicory Starbucks & Pods", "relevancy_score": 882.3094985915493, "price": "$4.72"}, {"title": "Starbucks Decaf Ground Coffee \u2014 Caff\u00e8 Verona \u2014 100% Arabica \u2014 1 bag (12 oz.)", "tags": "Whole Bean Coffee Cold Weather Beverages Decaf Ground Starbucks & Pods All", "relevancy_score": 1909.8306997658078, "price": "$8.79"}, {"title": "Starbucks Dark Roast K-Cup Coffee Pods with 2X Caffeine \u2014 for Keurig Brewers \u2014 1 box (12 pods)", "tags": "Single-Serve Cups & Pods Starbucks Iced Coffee and Cold Brew All New Keurig K-Cups", "relevancy_score": 21538.923303533145, "price": "$10.98"}, {"title": "Maxwell House Master Blend Light Roast Ground Coffee, Caffeinated, 26.8 oz", "tags": "Folgers Ground Coffee All Maxwell House Arabica Cold Weather Beverages New & Pods", "relevancy_score": 1503.7669393258427, "price": "$6.28"}, {"title": "Green Mountain Coffee Pumpkin Spice Flavored K-Cup Pods, Light Roast, 24 Count for Keurig Brewers", "tags": "Green Mountain Coffee Pods Arabica Pumpkin Spice & Fall Ground All Keurig K-Cups Latte and Seasonal Coffees The Original Donut Shop", "relevancy_score": 4551.330547497805, "price": "$12.94"}, {"title": "Starbucks Blonde Roast Whole Bean Coffee \u2014 Veranda Blend \u2014 1 bag (20 oz.)", "tags": "Ground Coffee Whole Bean Cold Weather Beverages Starbucks Premium & Pods All and Tea Leaf", "relevancy_score": 3049.553128323699, "price": "$11.98"}, {"title": "Cameron's Coffee Flavored Highlander Grog Ground Coffee, Light Roast, 12 oz", "tags": "Arabica Coffee Starbucks Ground Caffeinated Drinks & Pods All Seattle's Best Flavored", "relevancy_score": 194.60022857142857, "price": "$16.24"}, {"title": "Yuban Traditional Medium Roast Ground Coffee, Caffeinated, 42.5 oz Jug", "tags": "Folgers Ground Coffee Arabica Colombian Cold Weather Beverages New All & Pods", "relevancy_score": 1146.4410268656716, "price": "$8.76"}, {"title": "Rapid Fire Ketogenic Original Coffee Creamer with MCTs, Grass Fed Butter, Himalayan Pink Salt, Keto Diet, 8.5 oz., 20 Servings", "tags": "Non Dairy Creamers Powder Coffee Creamer Flavored Tea & Cocoa New Year You Healthy Liquid Keto", "relevancy_score": 246.46255094339625, "price": "$11.88"}, {"title": "The Original Donut Shop Mocha Latte, Single Serve Coffee K-Cup Pod, Flavored Coffee, 12 Count", "tags": "Single-Serve Cups & Pods Arabica Coffee Cappuccino Gevalia All New Keurig K-Cups Mocha Mix The Original Donut Shop", "relevancy_score": 13.735341176470587, "price": "$9.96"}, {"title": "Caribou Coffee\u00c2\u00ae Caribou Blend Medium Roast Ground Coffee 20 oz. Bag", "tags": "Whole Bean Coffee Arabica Cold Weather Beverages Caribou Ground All Starbucks & Pods", "relevancy_score": 200.05440000000002, "price": "$10.98"}, {"title": "Caribou Coffee\u00ae Caribou Blend Medium Roast Whole Bean Coffee 12 oz. Stand-Up Bag", "tags": "Ground Coffee Arabica Caribou All Premium Whole Bean & Pods Starbucks and Tea Leaf", "relevancy_score": 75.18274782608695, "price": "$7.28"}, {"title": "Lipton Sweet Iced Tea K-Cups, Tea Pods, 10 Ct", "tags": "Lipton Green Tea Iced Bags Pods Powder", "relevancy_score": 777.874598019802, "price": "$6.41"}, {"title": "Starbucks Medium Roast Whole Bean Coffee \u2014 Breakfast Blend \u2014 1 bag (20 oz.)", "tags": "Ground Coffee Whole Bean Arabica Cold Weather Beverages Espresso Starbucks & Pods All", "relevancy_score": 1356.5290666666665, "price": "$11.98"}, {"title": "Brew Rite Natural 8-12 Cup Coffee Filters, 100 Count", "tags": "Ground Coffee Bunn Filters Folgers & Pods All Melitta Reusable", "relevancy_score": 47.1376, "price": "$10.98"}, {"title": "Starbucks Medium Roast Ground Coffee \u2014 House Blend \u2014 100% Arabica \u2014 1 bag (28 oz.)", "tags": "Whole Bean Coffee Cold Weather Beverages Fueling Starbucks Ground Caffeinated Drinks & Pods All", "relevancy_score": 1954.6497127753303, "price": "$13.98"}, {"title": "Melitta 8-12 Cup White Basket Coffee Filters, 600 ct Bag", "tags": "Ground Coffee Bunn Filters Folgers Cold Weather Beverages & Pods All Melitta Reusable", "relevancy_score": 396.9315428571428, "price": "$10.46"}, {"title": "Celestial Seasonings Black Tea, Sweet Harvest Pumpkin, 20 Count", "tags": "Decaf Tea Bags Black Coffee With Chicory Celestial Seasonings Ginger Chai Herbal", "relevancy_score": 70.5168, "price": "$3.30"}, {"title": "Coffee Mate Hazelnut Liquid Coffee Creamer Singles, Lactose-Free, 0.375 Fl Oz, 50 Ct", "tags": "Non Dairy Creamers Powder Coffee Creamer Flavored International Delight French Vanilla Coffee-Mate Hazelnut Liquid", "relevancy_score": 1808.7336668213457, "price": "$6.23"}, {"title": "Dunkin' 100% Colombian Medium Roast Ground Coffee, 27.5 Ounce Canister (Packaging May Vary)", "tags": "Folgers Ground Coffee Arabica Cold Weather Beverages All Community Starbucks & Pods", "relevancy_score": 15.413672727272727, "price": "$12.94"}, {"title": "Starbucks Hot Cocoa K-Cup Coffee Pods \u2014 Hot Cocoa for Keurig Brewers \u2014 1 box (16 pods)", "tags": "Single-Serve Cups & Pods Cocoa Powder Specialty Hot Chocolate Starbucks Coffee All Keurig K-Cups", "relevancy_score": 842.44368, "price": "$10.98"}, {"title": "Green Mountain Coffee Maple Pecan Flavored K-Cup Pods, Light Roast, 24 Count for Keurig Brewers", "tags": "Single-Serve Cups & Pods Green Mountain Coffee Pumpkin Spice Fall Ground All Cocoa Starbucks Keurig K-Cups The Original Donut Shop", "relevancy_score": 1776.1149896805898, "price": "$12.94"}, {"title": "Folgers French Roast Ground Coffee, Medium-Dark Roast, 24.2-Ounce", "tags": "Folgers Ground Coffee Arabica Colombian Cold Weather Beverages All Community & Pods", "relevancy_score": 859.306475471698, "price": "$6.98"}, {"title": "New England Coffee Hazelnut Creme, 22 Oz.", "tags": "Arabica Coffee New England Ground Colombian All Starbucks & Pods Flavored Mocha Mix", "relevancy_score": 162.21740000000003, "price": "$11.38"}, {"title": "Maxwell House Medium Roast 100% Colombian Ground Coffee, 37.7 oz Canister", "tags": "Folgers Ground Coffee All Maxwell House Colombian Cold Weather Beverages New & Pods Gaming Snacks Drinks", "relevancy_score": 83.24588936170213, "price": "$8.48"}, {"title": "Rapid Fire Carmel Macchiato Keto Coffee Pods, 12 ct", "tags": "Single-Serve Cups & Pods New Year You Coffee Non Dairy Creamers Flavored Creamer Tea Cocoa All Healthy Liquid", "relevancy_score": 66.3757023255814, "price": "$11.97"}, {"title": "Tim Hortons Original Blend K-Cup Coffee Pods Medium Roast 24 Count for Keurig Brewers", "tags": "Arabica Coffee Colombian Tim Hortons Pods All Keurig K-Cups & Decaf K Cups Ground", "relevancy_score": 5285.234515449914, "price": "$12.94"}, {"title": "Nestle Carnation Half & Half Creamers, Half and Half Coffee Creamer Singles, 180 Ct", "tags": "Half & Non Dairy Creamers Powder Coffee Creamer Flavored French Vanilla Coffee-Mate Healthy Liquid", "relevancy_score": 518.4217469387755, "price": "$11.10"}, {"title": "Community Coffee Breakfast Blend Medium Roast Single Serve 48 ct Box", "tags": "Arabica Coffee Cold Weather Beverages All Community Ground & Pods Keurig K-Cups Decaf K Cups", "relevancy_score": 1082.004352, "price": "$22.83"}, {"title": "(3 Pack) COFFEE MATE French Vanilla Liquid Coffee Creamer 16 Fl. Oz. Bottle", "tags": "Non Dairy Creamers All Powder Coffee Creamer French Vanilla Coffee-Mate Hazelnut Healthy Liquid", "relevancy_score": 744.4356774869109, "price": "$15.06"}, {"title": "Caffe D'Vita Premium Instant Mocha Cappuccino, 16 oz Canister", "tags": "New Year You Coffee All Gevalia Cappuccino Tea & Cocoa Instant Pods Decaf Mocha Mix", "relevancy_score": 281.39912727272724, "price": "$5.30"}, {"title": "Great Value Organic Guatemala Coffee Single Serve Cups, Medium Roast, 5.08 oz, 12 Count", "tags": "Ground Coffee Single-Serve Cups & Pods Reese's Arabica Marshmallows Cold Weather Beverages Cappuccino", "relevancy_score": 9.2844, "price": "$5.88"}, {"title": "Twinings Lemon Ginger Tea Keurig K-Cups, 24 Count", "tags": "Tea Pods New Single Serve Cups & All Coffee Earl Grey Celestial Seasonings Lemon Ginger Keurig K-Cups Twinings", "relevancy_score": 35.860886486486486, "price": "$12.94"}, {"title": "Tim Hortons Decaf K-Cup Coffee Pods Medium Roast 24 Count for Keurig Brewers", "tags": "Arabica Coffee Colombian Tim Hortons Pods All Keurig K-Cups & Decaf K Cups Ground", "relevancy_score": 486.53919999999994, "price": "$12.94"}, {"title": "Community Coffee Caf\u00e9 Special Half - Caff Med-Dark Roast Ground 12 oz Gable Top", "tags": "Whole Bean Coffee New Year You All Community Decaf Ground Tea & Cocoa With Chicory", "relevancy_score": 406.5529263157895, "price": "$4.76"}, {"title": "New England Coffee Decaffeinated Breakfast 10 Oz.", "tags": "Arabica Coffee New England Ground Colombian Decaf All Seattle's Best", "relevancy_score": 189.77196521739128, "price": "$3.83"}, {"title": "Tim Hortons Original Ground Coffee Medium Roast 24 Oz. Bag", "tags": "Arabica Coffee Colombian Tim Hortons Pods Whole Bean Caffeinated Drinks All Ground Decaf", "relevancy_score": 732.3124972972973, "price": "$10.92"}, {"title": "Don Francisco's Cinnamon Hazelnut Flavored, Ground Coffee Can, 12 oz.", "tags": "Folgers Ground Coffee Arabica Colombian Cold Weather Beverages Starbucks & Pods All Gaming Snacks Drinks", "relevancy_score": 20.535341176470588, "price": "$5.48"}, {"title": "Brew & Save Reusable Coffee Filter for Keurig 1.0 and 2.0 Brewers, Purple", "tags": "Single-Serve Cups & Pods Arabica Coffee Paper Filters Cold Weather Beverages Cappuccino Keurig K-Cups Gaming Snacks Drinks", "relevancy_score": 940.0448, "price": "$5.10"}, {"title": "Tim Hortons Original Blend K-Cup Coffee Pods Medium Roast 72 Count for Keurig Brewers", "tags": "Arabica Coffee Colombian Tim Hortons Pods All Keurig K-Cups & Decaf K Cups Ground", "relevancy_score": 5285.234515449914, "price": "$31.98"}, {"title": "Twinings English Breakfast Decaf K-cups, 24 Ct", "tags": "Decaf Tea English Breakfast Pods Bags Black Earl Grey Keurig K-Cups & Coffee Twinings", "relevancy_score": 0.0, "price": "$12.94"}, {"title": "Tim Hortons Medium Roast Ground Coffee French Vanilla 12 Oz", "tags": "Whole Bean Coffee Arabica Colombian Decaf Ground Tim Hortons Pods All", "relevancy_score": 218.80024615384616, "price": "$5.88"}, {"title": "Green Mountain Coffee Pumpkin Spice, Flavored Keurig K-Cup Pods, Light Roast, 48 Count", "tags": "Holmes Mind Reader Starbucks Hamilton Beach Great Value Brita PUR Cuisinart", "relevancy_score": 4473.428514285714, "price": "$22.83"}, {"title": "Maxwell House Original Medium Roast Decaf Ground Coffee, Decaffeinated, 29.3 oz Can", "tags": "Folgers Ground Coffee All Maxwell House Cold Weather Beverages Decaf & Pods", "relevancy_score": 1160.8466656826567, "price": "$9.33"}, {"title": "(15 Bottles) Starbucks Frappuccino Iced Coffee Drink, 9.5 fl oz", "tags": "Strong & High Caffeine Coffee Iced Cold Brew Caffeinated Drinks All Starbucks Flavored Milks Pepsi Beverages Dunkin' Donuts", "relevancy_score": 939.2542777292578, "price": "$20.78"}, {"title": "Caf\u00e9 Pilon Espresso Ground Coffee, 16-Ounce", "tags": "Arabica Coffee Cafe Bustelo Ground Cold Weather Beverages Espresso Decaf Cuban All & Pods", "relevancy_score": 15.413672727272727, "price": "$17.99"}, {"title": "(12 Bottles) Dunkin' Donuts Iced Coffee Drink, Original, 13.7 fl oz", "tags": "Coffee Shots Starbucks Iced and Cold Brew New Year You & Caffeinated Drinks All Pepsi Beverages Premium", "relevancy_score": 257.3056771084337, "price": "$30.99"}, {"title": "KITU- Mocha Keto Super Coffee with 0g Sugar, 10g Protein, 80 Calories, and MCT Oil, (12-Pack)", "tags": "Coffee Shots New Year You Iced & Cold Brew Kitu Super Enhanced Tea Premium", "relevancy_score": 191.73024, "price": "$2.87"}, {"title": "The Coffee Bean & Tea Leaf Kona Blend Light Roast Whole Bean Coffee 12 oz. Bag", "tags": "Whole Bean Coffee and Tea Leaf Ground Arabica Premium Colombian Shop All Starbucks", "relevancy_score": 79.98274782608696, "price": "$6.48"}, {"title": "Starbucks Medium Roast K-Cup Coffee Pods \u2014 Toffeenut for Keurig Brewers \u2014 1 box (22 pods)", "tags": "Arabica Coffee Cold Weather Beverages Nut Free Foods Starbucks Ground & Pods All Keurig K-Cups", "relevancy_score": 355.3093818181818, "price": "$14.96"}, {"title": "Maxwell House Medium Roast House Blend Ground Coffee, Caffeinated, 24.5 oz Can", "tags": "5-Hour Energy Shots All Maxwell House Coffee Arabica Community Ground & Pods", "relevancy_score": 782.3779270935961, "price": "$6.28"}, {"title": "Keurig My K-Cup Universal Reusable Ground Coffee Filter, Compatible with All Keurig K-Cup Pod Coffee Makers (2.0 and 1.0)", "tags": "Single-Serve Cups & Pods Arabica Coffee Paper Filters Cold Weather Beverages Vegan Foods Keurig K-Cups Gaming Snacks Drinks", "relevancy_score": 2324.853412987013, "price": "$14.99"}, {"title": "Great Value Organic Single Origin Ethiopia Ground Coffee, 12 oz", "tags": "Organic Foods New Year You Coffee Bean and Tea Leaf Ground Arabica Premium Colombian & Cocoa Pods", "relevancy_score": 100.57369411764707, "price": "$5.88"}, {"title": "Tazo Awake English Breakfast Black Tea K-Cup, Tea Pods, 10 Ct", "tags": "English Breakfast Tea Pods Bags Fueling Beverages Tazo Keurig K-Cups & Coffee Herbal Best Food's Mayonnaise", "relevancy_score": 121.71268571428571, "price": "$7.83"}, {"title": "Starbucks Premium Select Collection, Kenya African Blend Medium Roast Coffee, Whole Bean, 9 oz.", "tags": "Ground Coffee Whole Bean Shop All Premium Starbucks & Pods and Tea Leaf", "relevancy_score": 514.1822297872341, "price": "$6.92"}, {"title": "Caribou Coffee Obsidian K-Cup Pods, Dark Roast, 24 Count for Keurig Brewers", "tags": "Green Mountain Coffee Pods Arabica All Caribou & Starbucks Keurig K-Cups", "relevancy_score": 279.0336, "price": "$28.28"}, {"title": "Community Coffee Mardi Gras King Cake Medium Roast Single Serve 24 ct Box", "tags": "Arabica Coffee All Community Ground & Pods Keurig K-Cups Pumpkin Spice Latte and Seasonal Coffees Decaf K Cups", "relevancy_score": 468.95830400000006, "price": "$12.94"}, {"title": "The Coffee Bean & Tea Leaf Mexico Organic Dark Roast Ground Coffee 2 lb. Bag", "tags": "Whole Bean Coffee New Year You and Tea Leaf Ground Arabica Premium & Cocoa Starbucks", "relevancy_score": 52.92083902439025, "price": "$13.98"}, {"title": "Grove Square Caramel Cappucino Coffee Pods, 24 Count for Keurig K-Cup Brewers", "tags": "Arabica Coffee All Gevalia Cappuccino New Hot Cocoa Pods & Keurig K-Cups", "relevancy_score": 115.55545263157896, "price": "$10.99"}, {"title": "Community Coffee Breakfast Blend Medium Roast Whole Bean 12 oz Gable Top", "tags": "Ground Coffee Whole Bean Eight O'Clock Arabica Colombian Community All and Tea Leaf", "relevancy_score": 464.26697142857137, "price": "$5.74"}, {"title": "Celestial Seasonings Cinnamon Express Black Tea Bags, 20 Count Box", "tags": "Bigelow Tea Black Coffee With Chicory Sleepytime Celestial Seasonings Ginger All Herbal", "relevancy_score": 36.15797894736843, "price": "$2.37"}, {"title": "Yaucono Coffee Fresh Pack, 14 oz", "tags": "Whole Bean Coffee Arabica Cold Weather Beverages Espresso Cuban Starbucks Ground & Pods All", "relevancy_score": 81.58274782608696, "price": "$13.50"}, {"title": "Caribou Coffee\u00ae Lakeshore Medium Roast Ground Coffee 12 oz. Stand-Up Bag", "tags": "Whole Bean Coffee Arabica All Community Decaf Ground Caribou & Pods", "relevancy_score": 33.760886486486484, "price": "$7.28"}, {"title": "Community Coffee French Vanilla Medium Roast Ground 12 oz Gable Top", "tags": "Whole Bean Coffee All Community Decaf Ground With Chicory & Pods Flavored", "relevancy_score": 398.1529263157895, "price": "$5.99"}, {"title": "The Coffee Bean & Tea Leaf Costa Rica Medium Whole Bean Coffee 12 oz. Bag", "tags": "Whole Bean Coffee and Tea Leaf Ground Arabica Premium Colombian Shop All Starbucks", "relevancy_score": 65.84785454545454, "price": "$6.48"}, {"title": "Gevalia Medium Roast Columbia Arabica Ground Coffee, Caffeinated, 20 oz Bag", "tags": "Arabica Coffee All Gevalia Colombian Espresso Pods & Ground Keurig K-Cups", "relevancy_score": 70.5168, "price": "$9.96"}, {"title": "Boyer's Mash-Up Colombia + Sumatra Blend Whole Bean Coffee, Medium Roast, 11 Oz", "tags": "Organic Foods Whole Bean Coffee Arabica All Community Shop Premium Starbucks and Tea Leaf", "relevancy_score": 236.88561951219512, "price": "$6.98"}, {"title": "Splenda Sweet Cream Liquid Coffee Creamer, 32 fl oz Bottle", "tags": "Non Dairy Creamers All Powder Coffee Creamer Flavored French Vanilla Coffee-Mate Hazelnut Healthy", "relevancy_score": 507.67532307692306, "price": "$6.49"}, {"title": "French Market Creole Blend Coffee & Chicory K-Cup Pods, 12 Count", "tags": "Ground Coffee Arabica All Community With Chicory Peet's Keurig K-Cups & Pods", "relevancy_score": 398.1529263157895, "price": "$8.78"}, {"title": "K-Cup Coffee Maker, Single Serve Coffee Brewers with Permanent Filter, 6-14OZ Reservoir One-Touch Button Coffee Machines, Red", "tags": "Kitchen Appliances Cuisinart Coffee Makers Keurig Single Serve Dorm Small kitchen ideas Room Essentials Hamilton Beach", "relevancy_score": 135.5428705882353, "price": "$34.99"}, {"title": "TAZO Zen Green Tea K-Cup\u00ae Pods 16 count", "tags": "English Breakfast Tea Pods Bags Fueling Beverages Celestial Seasonings Tazo Keurig K-Cups & Coffee Twinings", "relevancy_score": 46.05009230769231, "price": "$16.98"}, {"title": "Ethical Bean Fairtrade Organic Coffee, Decaf Dark Roast, Ground Coffee, 8 oz. Bag", "tags": "Ground Coffee Whole Bean Arabica Espresso Decaf All New", "relevancy_score": 600.5808968152866, "price": "$7.96"}, {"title": "Cameron's Coffee Decaf Flavored Vanilla Hazelnut Ground Coffee, Light Roast, 10 oz", "tags": "Arabica Coffee All Gevalia Decaf Ground Starbucks & Pods", "relevancy_score": 141.43663728813559, "price": "$8.15"}, {"title": "Caribou Coffee\u00ae Mahogany Dark Roast Ground Coffee 12 oz. Stand-Up Bag", "tags": "Whole Bean Coffee Arabica Premium Ground Caribou All & Pods Folgers Decaf", "relevancy_score": 19.735341176470587, "price": "$7.28"}, {"title": "Folgers House Blend Ground Coffee, Medium Roast Coffee, 24.2 Ounce Canister", "tags": "Folgers Ground Coffee All Maxwell House Arabica Colombian Cold Weather Beverages & Pods Gaming Snacks Drinks", "relevancy_score": 592.4864, "price": "$6.98"}, {"title": "Melitta #2 Natural Brown Cone Coffee Filters, 100 Ct", "tags": "Ground Coffee Colombian Decaf Nut Free Foods Dairy Melitta Filters All Reusable", "relevancy_score": 139.39674482758622, "price": "$7.50"}, {"title": "Medaglia d'Oro Espresso Coffee, 10-Ounce", "tags": "Whole Bean Coffee Cafe Bustelo Ground Espresso Cuban All Instant Powder", "relevancy_score": 160.78354285714286, "price": "$13.44"}, {"title": "Community Coffee Caf\u00e9 Special Half - Caff Med-Dark Roast Ground 32 oz Gable Top", "tags": "Whole Bean Coffee New Year You All Community Decaf Ground Tea & Cocoa With Chicory", "relevancy_score": 661.3329628742515, "price": "$12.58"}, {"title": "Tim Hortons Ground Colombian Roast Coffee 12 Oz Bag", "tags": "Whole Bean Coffee Arabica Colombian Decaf Ground Tim Hortons All", "relevancy_score": 70.5168, "price": "$5.98"}, {"title": "Sanka Instant Coffee, Decaffeinated, 8 oz Jar", "tags": "Community Instant Coffee Maxwell House All Nescafe Decaf", "relevancy_score": 203.7224, "price": "$10.14"}, {"title": "Folgers Classic Roast Ground Coffee, 1.5 oz, 42 count", "tags": "Folgers Ground Coffee All Maxwell House Colombian Cold Weather Beverages Decaf & Pods", "relevancy_score": 2923.040704147466, "price": "$33.74"}, {"title": "illy Ground Espresso Intenso Dark Roast Coffee, 8.8 Oz", "tags": "illy Coffee Pods Premium Ground Shop All Espresso Foods Whole Bean", "relevancy_score": 1232.8730853146853, "price": "$12.10"}, {"title": "Eight O'Clock The Original Decaf Ground Coffee, 12 Oz. Bag", "tags": "Whole Bean Coffee Eight O'Clock Arabica Decaf Ground All", "relevancy_score": 584.4463470198675, "price": "$5.98"}, {"title": "Starbucks Decaf Ground Coffee \u2014 Pike Place Roast \u2014 100% Arabica \u2014 1 bag (12 oz.)", "tags": "Whole Bean Coffee Cold Weather Beverages Decaf Ground Starbucks & Pods All", "relevancy_score": 809.3972325358852, "price": "$7.49"}, {"title": "Ethical Bean Fairtrade Organic Coffee, Mellow Medium Roast, Whole Bean Coffee, 12 oz. Bag", "tags": "Ground Coffee Whole Bean Arabica Espresso New Decaf All", "relevancy_score": 581.7581647058823, "price": "$9.96"}, {"title": "illy K-Cup Pods Classico Medium Roast Coffee for Keurig Brewers, 10 Ct", "tags": "illy Coffee Pods Premium Ground Shop All Lavazza Foods", "relevancy_score": 727.6084869565218, "price": "$8.69"}, {"title": "Starbucks Medium Roast Ground Coffee \u2014 Organic Yukon Blend \u2014 100% Arabica \u2014 1 bag (10 oz.)", "tags": "Whole Bean Coffee New Year You Premium Ground Tea & Cocoa Starbucks All", "relevancy_score": 169.01740000000004, "price": "$8.19"}, {"title": "JFG Special Blend Ground Coffee, 30.6 Oz.", "tags": "Vinegar Shop All Arabica Coffee Balsamic Community Ground & Pods Home Workout Snacks and Beverages Plant Based Foods", "relevancy_score": 218.73024, "price": "$8.28"}, {"title": "Melitta #2 Bamboo Cone Coffee Filters, 80 ct. Box", "tags": "Ground Coffee Bunn Filters Folgers & Pods All Melitta Reusable", "relevancy_score": 51.1376, "price": "$5.08"}, {"title": "New England Coffee Breakfast Blend K-Cup Coffee Pods, Medium Roast, 24 Ct", "tags": "Single-Serve Cups & Pods New England Ground Coffee Colombian All Keurig K-Cups Decaf K", "relevancy_score": 165.31290746268658, "price": "$12.94"}, {"title": "Chock full o'Nuts\u00ae New York Roast Ground Coffee, Dark Roast, 23 oz. Can", "tags": "Arabica Coffee Colombian Cold Weather Beverages All Community Ground Fueling Hills Bros & Pods", "relevancy_score": 204.78037260273973, "price": "$8.48"}, {"title": "Melitta Medium Roast Ground Coffee, Classic, 11 Oz", "tags": "Arabica Coffee Colombian Decaf Ground Caribou Nut Free Foods & Pods Dairy All", "relevancy_score": 348.8120470588235, "price": "$5.48"}, {"title": "Peet's Coffee\u00ae Organic Alma de la Tierra Dark Roast Ground Coffee 10.5 oz. Bag", "tags": "Premium Ground Coffee Colombian Decaf New All Peet's Pods", "relevancy_score": 91.06444081632652, "price": "$8.82"}, {"title": "Peet's Crema Scura Espresso Capsules 10 ct Box", "tags": "Premium Coffee Pods Shop All Espresso Lavazza Peet's Nespresso OriginalLine & Capsules Decaf K Cups", "relevancy_score": 79.1064, "price": "$6.89"}, {"title": "Community Coffee Signature Blend Dark Roast Instant 7 oz Jar", "tags": "All Community Coffee Ground Cuban With Chicory Instant Nescafe Decaf", "relevancy_score": 382.4979963302752, "price": "$5.82"}, {"title": "Juan Valdez Decaf 100% Colombiano Freeze Dried Coffee, 3.35 Ounce Jar", "tags": "Cafe Bustelo Instant Coffee Premium Ground Colombian Cuban All Nescafe Decaf", "relevancy_score": 103.12516923076922, "price": "$7.46"}, {"title": "Baileys Irish Cream Ground Coffee, 11 oz Bag", "tags": "Arabica Coffee Cold Weather Beverages Starbucks Ground & Pods All New Food Flavored Mocha Mix", "relevancy_score": 77.30640000000001, "price": "$7.97"}, {"title": "Green Mountain Roasters Roasters, Fair Trade Certified Organic, Sumatra Reserve, Ground Coffee, Dark Roast, Bagged 10oz", "tags": "Wine New Year You Coffee Arabica Premium Ground Colombian Tea & Cocoa All Green Mountain", "relevancy_score": 41.1376, "price": "$7.48"}, {"title": "Seattles Best Coffee Signature Blend No. 5 Dark Roast Whole Bean Coffee 12-Ounce Bag", "tags": "Ground Coffee Whole Bean Arabica Starbucks All Eight O'Clock Seattle's Best", "relevancy_score": 741.7203893048128, "price": "$5.98"}, {"title": "Community Coffee Breakfast Blend Medium Roast Instant 7 oz Jar", "tags": "All Community Coffee Ground Cuban With Chicory Instant Nescafe Decaf", "relevancy_score": 266.9443764705882, "price": "$6.44"}, {"title": "Community Coffee French Vanilla Medium Roast Single Serve 24 ct Box", "tags": "Ground Coffee All Community Tea & Cocoa Pods Keurig K-Cups Pumpkin Spice Latte and Seasonal Coffees Decaf", "relevancy_score": 100.57369411764707, "price": "$14.23"}, {"title": "Reusable Keurig Coffee Filter, Refillable K Cup Pod - 2 Capsules", "tags": "Single-Serve Cups & Pods Arabica Coffee Paper Filters Cold Weather Beverages Vegan Foods Gaming Snacks Drinks Melitta", "relevancy_score": 170.72769577464788, "price": "$9.45"}, {"title": "Eight O'Clock The Original, K-Cup Coffee Pods, 100 Count", "tags": "Arabica Coffee Colombian Cold Weather Beverages All Eight O'Clock & Pods Keurig K-Cups Decaf K Cups", "relevancy_score": 954.5409714285714, "price": "$47.16"}, {"title": "illy Whole Bean Intenso Dark Roast Coffee, 8.8 Oz", "tags": "Premium Ground Coffee Shop All Espresso Lavazza Foods Whole Bean illy", "relevancy_score": 1597.4804487804877, "price": "$11.64"}, {"title": "Ethical Bean Fairtrade Organic Coffee, Sweet Espresso Medium Dark Roast, Whole Bean Espresso Coffee, 12 oz. Bag", "tags": "Ground Coffee Whole Bean Arabica All Baking Mixes New Decaf", "relevancy_score": 618.0864, "price": "$9.96"}, {"title": "If You Care Basket Coffee Filters, Brown, 100 Ct", "tags": "Ground Coffee Bunn Filters New All Peet's Melitta Reusable", "relevancy_score": 159.1485935483871, "price": "$6.76"}, {"title": "Eight O'Clock Caramel Macchiato Ground Coffee, 11 oz Bag", "tags": "Whole Bean Coffee Eight O'Clock Arabica Community Ground All Flavored Mocha Mix", "relevancy_score": 138.5366372881356, "price": "$4.98"}, {"title": "Cameron's Coffee Premium Breakfast Blend Ground Coffee, Light Roast, 32 oz", "tags": "Coffee Bean and Tea Leaf Ground Arabica Premium Decaf Caribou All Starbucks", "relevancy_score": 30.7584, "price": "$9.98"}, {"title": "Perfect Samplers Decaf Coffee Single Serve Cups Variety Pack Sampler, 40 Ct", "tags": "Arabica Coffee Cappuccino Tea Pods & Keurig K-Cups Mocha Mix Decaf K Cups All", "relevancy_score": 320.57149090909087, "price": "$23.98"}, {"title": "Green Mountain Coffee Roasters, Caramel Vanilla Cream, Ground Flavored Coffee, Light Roast, Bagged 12oz.", "tags": "Arabica Coffee Colombian Decaf Ground Starbucks All Green Mountain Flavored", "relevancy_score": 152.7485935483871, "price": "$7.48"}, {"title": "Peet's Coffee Major Dickason's Blend Dark Roast Whole Bean Coffee, 10.5 oz", "tags": "Ground Coffee Whole Bean All Lavazza New Peet's Premium", "relevancy_score": 336.2377846153846, "price": "$9.24"}, {"title": "Neuriva Plus Brain Performance Strawberry Gummies (50 count), Brain Support With Clinically Proven Naturally Sourced Ingredients (Decaffeinated Coffee Cherry & Phosphatidylserine), B6", "tags": "Memory Support Cognitive Supplements All Dietary Attention Nootropics Brain Health Neuriva", "relevancy_score": 33.760886486486484, "price": "$24.99"}, {"title": "Community Coffee 100% Pure Chicory Med-Dark Roast Ground 12 oz Gable Top", "tags": "All Community Coffee Decaf Ground With Chicory Instant Substitutes", "relevancy_score": 1319.3013473684211, "price": "$6.48"}, {"title": "Grove Square Hazelnut Cappucino Coffee Pods, 24 Count for Keurig K-Cup Brewers", "tags": "Arabica Coffee Cold Weather Beverages Cappuccino New Hot Cocoa Pods & Keurig K-Cups", "relevancy_score": 246.70567710843372, "price": "$10.99"}, {"title": "Coffee-Mate Original creamer packets 50 ct box (2 Pack)", "tags": "Non Dairy Creamers All Powder Coffee Creamer French Vanilla Coffee-Mate Hazelnut Healthy Liquid", "relevancy_score": 1001.629361832061, "price": "$6.65"}, {"title": "Melitta Dark Roast Coffee Pods for Senseo & Hamilton Beach Pod Brewers 18 ct Bag", "tags": "Ground Coffee Arabica Colombian Cold Weather Beverages & Pods Keurig K-Cups Decaf K Cups All", "relevancy_score": 462.5162181818182, "price": "$6.98"}, {"title": "Kauai Coffee Garden Isle Medium Roast, 20 Count K-Cup Compatible Pods", "tags": "Whole Bean Coffee Arabica Colombian Keurig K-Cups & Pods Mocha Mix Decaf K Cups All", "relevancy_score": 88.1064, "price": "$11.98"}, {"title": "Community Coffee Between Roast Ground 16 oz Firm Pack", "tags": "Whole Bean Coffee All Community Decaf Ground With Chicory Nut Free Foods Dairy", "relevancy_score": 753.5044327868853, "price": "$9.34"}, {"title": "Folgers Mocha Chocolate Flavored Cappuccino, 16-Ounce", "tags": "Ground Coffee Folgers Cappuccino Instant All & Pods Mocha Mix", "relevancy_score": 512.0957706293706, "price": "$8.47"}, {"title": "Lavazza Classico Single-Serve Coffee K-Cup\u00ae Pods for Keurig Brewer, Medium Roast, 16 Count", "tags": "Premium Coffee Pods Ground Shop All Lavazza Whole Bean", "relevancy_score": 60.10011428571429, "price": "$11.53"}, {"title": "Melitta\u00ae Classic Decaf Medium Roast Ground Coffee 10.5 oz. Canister", "tags": "Arabica Coffee Premium Ground Colombian All Community Decaf & Pods", "relevancy_score": 119.56836363636364, "price": "$5.97"}, {"title": "Maxwell House Medium Roast Morning Boost Ground Coffee K Cups, Caffeinated, 12 ct - 3.7 oz Box", "tags": "All Maxwell House Coffee Arabica Cold Weather Beverages & Pods Keurig K-Cups Ground Decaf", "relevancy_score": 42.45009230769231, "price": "$7.10"}, {"title": "McCafe French Vanilla Flavored Ground Coffee, Light Roast, 12 oz Bagged", "tags": "Arabica Coffee McCafe Colombian Starbucks Ground & Pods All Flavored Mocha Mix", "relevancy_score": 260.56305116279066, "price": "$10.51"}, {"title": "Victor Allen's Coffee Morning Blend K-Cup Coffee Pods, Light Roast, 100 count", "tags": "Arabica Coffee Colombian Cold Weather Beverages & Pods Keurig K-Cups Victor Allen's Decaf K Cups All", "relevancy_score": 410.04232920353985, "price": "$32.49"}, {"title": "CDM Medium Roast Coffee and Chicory Bag, 13 Oz.", "tags": "All Community Coffee Cappuccino Ground With Chicory Instant Decaf", "relevancy_score": 18.535341176470588, "price": "$4.38"}, {"title": "Java House Decaf Cold Brew Coffee Pods, 6 Count", "tags": "Whole Bean Coffee Arabica Colombian With Chicory Cold Brew Ground Decaf Iced &", "relevancy_score": 119.11268571428572, "price": "$7.66"}, {"title": "Lavazza Gran Selezione Ground Coffee Blend, Dark Roast, 12-Ounce Bag", "tags": "Premium Coffee Pods Ground Shop All Lavazza Whole Bean", "relevancy_score": 58.90011428571428, "price": "$5.99"}, {"title": "Ethical Bean Fairtrade Organic Coffee, Bold Dark Roast, Whole Bean Coffee, 12 oz. Bag", "tags": "Ground Coffee Whole Bean Arabica Espresso New Decaf All", "relevancy_score": 478.77550236220475, "price": "$9.96"}, {"title": "Eight O'Clock 100% Colombian Peaks Medium Whole Bean Coffee, 40 oz", "tags": "Eight O'Clock Whole Bean Coffee Arabica Colombian Shop All Premium Espresso Ground", "relevancy_score": 1540.1603657142857, "price": "$16.98"}, {"title": "Mr Coffee Mr Coffee Coffee Filters, 100 ea", "tags": "Ground Coffee Bunn Filters Dunkin' Cold Weather Beverages & Pods Gaming Snacks Drinks Melitta Reusable", "relevancy_score": 80.9064, "price": "$6.76"}, {"title": "New England Coffee Colombian Supremo K-Cup Coffee Pods, Medium Roast, 24 Ct", "tags": "Single-Serve Cups & Pods Arabica Coffee Colombian All New England Starbucks Keurig K-Cups", "relevancy_score": 139.9485935483871, "price": "$12.94"}, {"title": "Bunn 12 Cup Coffee Filters, 100 Ct", "tags": "Ground Coffee Bunn Filters Folgers Cold Weather Beverages & Pods All Melitta Reusable", "relevancy_score": 116.99674482758618, "price": "$6.98"}, {"title": "French Market St. Charles Blend Single Serve Coffee Pods, 12 Count", "tags": "Ground Coffee Whole Bean Arabica Decaf With Chicory Hills Bros Keurig K-Cups & Pods Flavored", "relevancy_score": 20.535341176470588, "price": "$7.38"}, {"title": "Community Coffee French Roast Dark Roast Single Serve 24 ct Box", "tags": "All Community Coffee Ground New Single Serve Cups & Pods Tea Cocoa Keurig K-Cups Decaf K", "relevancy_score": 149.5485935483871, "price": "$12.94"}, {"title": "Bob\u2019S Red Mill Brown Flaxseeds, 13 Oz", "tags": "Coatings & Batters Yeast All Nuts, Trail Mix,& Seeds Pumpkin Dried Fruits and Healthy Snacks Bob's Red Mill Flour Gluten Free Baking Cooking Needs", "relevancy_score": 37.75797894736842, "price": "$7.18"}, {"title": "Starbucks Hot Cocoa K-Cup Coffee Pods \u2014 Hot Cocoa for Keurig Brewers \u2014 1 box (10 pods)", "tags": "Single-Serve Cups & Pods Cocoa Powder Specialty Hot Chocolate Starbucks Coffee All Keurig K-Cups", "relevancy_score": 558.1077333333333, "price": "$9.94"}, {"title": "Eight O'Clock Hazelnut Whole Bean Coffee, 33 oz Bag", "tags": "Eight O'Clock Whole Bean Coffee Arabica Colombian Fueling Beverages All & Pods Flavored Ground", "relevancy_score": 469.0755023622047, "price": "$12.98"}, {"title": "Kauai Coffee Koloa Estate Hawaiian Ground Coffee, Medium Roast, 10 Ounce Bag", "tags": "Whole Bean Coffee and Tea Leaf Ground Arabica Premium Caribou All Keurig K-Cups & Pods Mocha Mix", "relevancy_score": 94.27369411764707, "price": "$6.98"}, {"title": "Kauai Coffee Koloa Estate Hawaiian Whole Bean Coffee, Medium Roast, 10 oz. Bag", "tags": "Ground Coffee Whole Bean Colombian Shop All Premium Lavazza Starbucks and Tea Leaf", "relevancy_score": 50.720839024390244, "price": "$7.48"}, {"title": "CDM Coffee & Chicory Decaffeinated, 13 Oz.", "tags": "Ground Coffee Premium All Community Decaf With Chicory Instant", "relevancy_score": 23.650057142857143, "price": "$5.78"}, {"title": "The Coffee Bean & Tea Leaf Breakfast Blend Medium Roast Ground Coffee 2 lb. Bag", "tags": "Whole Bean Coffee New Year You and Tea Leaf Ground Arabica Premium Colombian & Cocoa", "relevancy_score": 40.957978947368424, "price": "$12.50"}, {"title": "The Original Donut Shop Chocolate Glazed Donut Flavored K-Cup Coffee Pods, Medium Roast, 24 Count for Keurig Brewers", "tags": "Arabica Coffee Cocoa Pods & Keurig K-Cups Mocha Mix The Original Donut Shop Decaf K Cups", "relevancy_score": 467.96118260869565, "price": "$12.94"}, {"title": "Nespresso Vertuo Espresso Capsules, Altissio - 40 Count", "tags": "Premium Coffee Pods Colombian Shop All Espresso Nespresso VertuoLine & Capsules OriginalLine Decaf K Cups Lavazza", "relevancy_score": 55.12083902439025, "price": "$34.00"}, {"title": "Dunkin' Donuts Ground Coffee, 45 Ounce", "tags": "Arabica Coffee Dunkin' Ground Cold Weather Beverages Decaf Vegan Foods & Pods Gaming Snacks Drinks", "relevancy_score": 50.1376, "price": "$34.99"}, {"title": "GoldTone Reusable #4 Cone Replacment Cuisinart Coffee Filter - Permanent Cuisinart Coffee Filter for Cuisinart Machines and Brewers", "tags": "Bunn Coffee Filters Premium Pods Paper Espresso Nespresso VertuoLine & Capsules OriginalLine Melitta", "relevancy_score": 231.68561951219513, "price": "$6.99"}, {"title": "Nespresso Originalline Espresso Capsules, Arpeggio - 40 Count", "tags": "Premium Coffee Pods Shop All Espresso Lavazza Nespresso VertuoLine & Capsules OriginalLine Decaf K Cups", "relevancy_score": 31.66088648648649, "price": "$28.00"}, {"title": "Caffe D'Vita Premium Instant White Chocolate Cappuccino, 16 oz Canister", "tags": "New Year You Coffee Starbucks Instant Cappuccino Tea & Cocoa All Decaf Mocha Mix Pumpkin Spice Latte and Seasonal Coffees", "relevancy_score": 63.047854545454555, "price": "$6.58"}, {"title": "Lavazza Perfetto Single-Serve Coffee K-Cup\u00ae Pods for Keurig Brewer, Dark Roast, 16 Count", "tags": "Premium Coffee Pods Ground Shop All Espresso Lavazza Nespresso OriginalLine & Capsules", "relevancy_score": 50.720839024390244, "price": "$11.53"}, {"title": "Caf\u00e9 La Llave Espresso, Original Line Compatible, Recyclable Coffee Pods, Intensity 11, 80 ct.", "tags": "Dunkin' Ground Coffee Cafe Bustelo Single Serve Espresso Cuban All Nespresso OriginalLine Pods & Capsules Decaf K Cups", "relevancy_score": 91.06444081632652, "price": "$30.04"}, {"title": "Folgers Noir Golden Dusk, Medium Dark Roast Ground Coffee, K-Cup Pods for Keurig Brewers, 12-Count", "tags": "Folgers Ground Coffee Arabica Pods All Instant & Keurig K-Cups", "relevancy_score": 56.50011428571428, "price": "$7.10"}, {"title": "Supreme by Bustelo Espresso Ground Coffee, 10-Ounce Can", "tags": "Cafe Bustelo Instant Coffee Arabica Ground Espresso Decaf Cuban All", "relevancy_score": 10.2844, "price": "$12.99"}, {"title": "Nespresso Vertuo Coffee Capsules, Melozio - 40 Count", "tags": "Premium Coffee Pods Colombian Shop All Espresso Nespresso VertuoLine & Capsules OriginalLine Decaf K Cups Lavazza", "relevancy_score": 20.535341176470588, "price": "$44.00"}, {"title": "(2 Pack) Colcafe Instant Coffee, 6 Ounce Jar", "tags": "Cafe Bustelo Instant Coffee Snacks Cuban All Nescafe Decaf", "relevancy_score": 75.0168, "price": "$15.98"}, {"title": "Panera Bread Dark Roast K-Cup Coffee Pods, 24 Count for Keurig Brewers", "tags": "Arabica Coffee Colombian Cold Weather Beverages Tim Hortons Pods & Starbucks All Keurig K-Cups", "relevancy_score": 302.11343157894737, "price": "$12.94"}, {"title": "Maxwell House Cafe Collection House Blend Coffee T-Discs, Caffeinated, 16 ct - 4.45 oz Package", "tags": "Ground Coffee All Maxwell House Arabica Cappuccino Espresso Keurig K-Cups & Pods", "relevancy_score": 846.7463646017699, "price": "$41.89"}, {"title": "Coffee Mate Vanilla Caramel Liquid Coffee Creamer Singles, Lactose-Free, 0.375 Fl Oz, 200 Ct", "tags": "Non Dairy Creamers Powder Coffee Creamer Flavored International Delight French Vanilla Coffee-Mate Hazelnut Liquid", "relevancy_score": 30.7584, "price": "$19.64"}, {"title": "Community Coffee Pecan Praline Pods for Keurig Kcup brewers Medium-Dark Roast 18ct", "tags": "Ground Coffee Arabica All Community Pumpkin Spice & Fall With Chicory Keurig K-Cups Pods Latte and Seasonal Coffees", "relevancy_score": 560.4153863013698, "price": "$10.94"}, {"title": "Melitta basket coffee filters, white (8 to12 cup), 50-count filters", "tags": "Ground Coffee Bunn Filters Folgers Cold Weather Beverages & Pods All Melitta Reusable", "relevancy_score": 38.62083902439024, "price": "$5.75"}, {"title": "Peet's Coffee\u00ae Dark Roast Colombia Single Origin Ground Coffee 10.5 oz. Bag", "tags": "Colombian Coffee Decaf Ground New All Peet's Flavored", "relevancy_score": 35.16088648648649, "price": "$9.99"}, {"title": "Kauai Cold Brew Coffee Pods, Vanilla Macadamia Nut, 6 Count", "tags": "Arabica Coffee Colombian With Chicory Cold Brew Ground Iced & Keurig K-Cups Pods Premium", "relevancy_score": 126.91268571428571, "price": "$7.66"}, {"title": "Peet's Coffee Big Bang Medium Roast Whole Bean Coffee, 10.5 oz", "tags": "Ground Coffee Whole Bean New Peet's All & Pods Starbucks", "relevancy_score": 401.1755023622047, "price": "$9.99"}, {"title": "nutpods Unsweetened Hazelnut Liquid Coffee Creamer, 11.2 fl oz Container | Dairy-free, Keto, Non-GMO, Made From Coconut and Almond", "tags": "Non Dairy Creamers Flavored Coffee Creamer New Year You French Vanilla Hazelnut Healthy Liquid Keto", "relevancy_score": 63.016799999999996, "price": "$4.90"}, {"title": "Kauai Cold Brew Coffee Pods, Coconut Caramel Crunch, 6 Count", "tags": "Whole Bean Coffee Arabica Colombian Cold Brew Ground Iced & Keurig K-Cups Pods Mocha Mix", "relevancy_score": 159.95021538461538, "price": "$7.66"}, {"title": "EZ-Cup Filters By Perfect Pod- 2 Pack (100 Filters)", "tags": "Ground Coffee Bunn Filters Folgers & Pods All Melitta Reusable", "relevancy_score": 110.07470188679247, "price": "$11.04"}, {"title": "Coffee Mate Caf\u00e9 Mocha Coffee Creamer Singles, 0.375 Fl Oz, 50 Ct", "tags": "Non Dairy Creamers Powder Coffee Creamer Flavored International Delight French Vanilla Coffee-Mate Mocha Mix Liquid", "relevancy_score": 29.5584, "price": "$6.92"}, {"title": "Starbucks Mocha Triple Shot Energy, Strong Coffee Drink with 225 mg Caffeine, B vitamins, Guarana, and Ginseng 15oz Cans (12-Pack)", "tags": "Coffee Shots Strong & High Caffeine Iced Cold Brew Caffeinated Drinks All Starbucks Pepsi Beverages Premium", "relevancy_score": 49.62083902439025, "price": "$29.00"}, {"title": "Community Coffee Caf\u00e9 Special\u00ae Decaf Med-Dark Roast Instant 7 oz Jar", "tags": "All Community Coffee Cappuccino Ground With Chicory Instant Nescafe Decaf", "relevancy_score": 246.70567710843372, "price": "$6.54"}, {"title": "International Delight Original Coffee Creamer Singles, 48 Count", "tags": "", "relevancy_score": 0.0, "price": "$4.98"}]