[{"title": "Air Wick Essential Mist Starter Kit (Diffuser + Refill), Lavender and Almond Blossom, Essential Oils Diffuser, Air Freshener", "tags": "All Air Freshener Refills Room Fresheners Plug In Wick Ins Essential Mist Oil Diffusers", "relevancy_score": 2183.8767497267763, "price": "$9.97"}, {"title": "10.2 Selfie Ring Light w/ Tripod Stand & Phone Holder 3 Modes 10 Brightness Level 120 LED Bulbs Dimmable Selfie Ringlight for Live Stream Makeup YouTube Video Photography Shooting", "tags": "All String Lights Shoe Storage Boxes LED Strip Shop Desk Lamps Novelty by Color Under Cabinet Lighting Finish", "relevancy_score": 218.83224415584414, "price": "$39.99"}, {"title": "Wall Cross-Be Still & Know-Stick (8.5 x 12 x .75)", "tags": "Teens' Wall Decor Dorm Study Essentials Better Homes & Gardens Farmhouse Clocks Picture Frames Shop All Fall Mirrors", "relevancy_score": 0.0, "price": "$17.98"}, {"title": "Mainstays Solid Olefin High Pile Shag Area Rug, Gray, 7'x10'", "tags": "All Runner Rugs Area Rug Brands in Styles Patterns 5' x 7' Blue Modern Rectangle", "relevancy_score": 3224.846325545571, "price": "$79.87"}, {"title": "Better Homes & Gardens Oversized Velvet Plush Throw Blanket, 50\" x 70\", Turquoise Herringbone", "tags": "Sherpa Throws Bed Blankets Plush Basic Soft Fleece", "relevancy_score": 4093.765719727891, "price": "$15.33"}, {"title": "Mainstays Extra Plush Lightweight Sherpa Throw Blanket, 50\" X 60\", Gray", "tags": "Decorative Throw Pillows Sherpa Throws Shop All Teens' Bedding Plush Blankets Faux Fur Christmas", "relevancy_score": 1616.7589245901638, "price": "$8.88"}, {"title": "Mainstays Plush Queen Bed Blanket in Gray", "tags": "Dorm Bedding Essentials Bed Blankets Plush Shop all Decorative Throws Soft Fleece", "relevancy_score": 7572.238473142858, "price": "$10.46"}, {"title": "Mainstays Room Darkening Solid Woven Curtain Panel Pair", "tags": "Blackout Curtains Best Cooling Sheets & Bedding for Hot Sleepers Kitchen Curtain Rods Dorm Room Essentials Sets Teen", "relevancy_score": 6527.328772333548, "price": "$9.94"}, {"title": "Mainstays 8x10 Format Picture Frame, Set of 6", "tags": "Teens' Wall Decor Galleries Top Trends Dorm Study Essentials Shop All Fall Room", "relevancy_score": 18101.481173352644, "price": "$12.87"}, {"title": "Mainstays Faux Suede Decorative Throw Pillow with Flange, 18\" x 18\", Multiple Colors", "tags": "Fall Pillows Room Darkening Curtains Better Homes & Gardens Decor Indoor Kitchen Decorative Pillow Covers Shop All", "relevancy_score": 2299.4678404536858, "price": "$7.88"}, {"title": "Mainstays 72'' Combo Floor Lamp with Adjustable Reading Lamp, Silver", "tags": "Shop all Floor Lamps by Type All Style for Living Room Material Color", "relevancy_score": 11208.26670166019, "price": "$11.44"}, {"title": "Mainstays Manchester Solid Plush Shag Area Rug, Beige, 7'x10'", "tags": "Area Rugs for All Rooms Rug Shapes Brands in Patterns Weaves Colors Materials Sizes", "relevancy_score": 4635.295532791328, "price": "$90.26"}, {"title": "TSV 16.4ft/5M 300LED RGB Muliticolor Changing Flexible LED Rope Lights TV Backlight Tape Strip Light Kit Waterproof with 44Key IR Remote Control, 8-brightness Level, Memory Function, 12V Power Supply", "tags": "Rope Lights All String Dorm Study Essentials Shop Novelty & Fairy Bedroom Furniture Decor Living Room Lamps", "relevancy_score": 3647.388242610365, "price": "$13.88"}, {"title": "Better Homes & Gardens 5\"W x 6\"H Icosahedron Iron Geometric Tabletop Sculpture, Medium, Gold, 1 Piece", "tags": "Vases Decorative Throw Pillows Small Space Mid Century Living & Dining Room Boxes and Music Globes Knick-Knacks Lanterns Candle Holders", "relevancy_score": 502.5469373134328, "price": "$7.97"}, {"title": "Mainstays Fleece Plush Throw Blanket, 50\" x 60\", Black Plaid, 2-Pack", "tags": "Bed Blankets Basic Shop all Decorative Throws All Fall Decor Plaid", "relevancy_score": 2339.576749726776, "price": "$12.87"}, {"title": "Mainstays Calix Fashion Window Curtain Panel, Set of 2", "tags": "Kids' Curtains Blackout Room Darkening Teens' Decor Sheer Kitchen Curtain Sets Teen", "relevancy_score": 2622.1054048, "price": "$12.94"}, {"title": "Mainstays Long Hair Faux Fur Backrest Pillow, Blush", "tags": "Teens' Bedding Sets Decorative Throw Pillows Shop All Better Homes & Gardens Decor Basic Bed Dorm", "relevancy_score": 1236.678265771812, "price": "$14.88"}, {"title": "Richfield Studios 2\" Cordless Faux Wood Blinds, White", "tags": "Curtains Better Homes & Gardens Decor Sheer Kitchen Valances Dorm Room Essentials Cellular Shades Roller", "relevancy_score": 2106.4359641025644, "price": "$66.49"}, {"title": "Ottomanson Laundry Mat Runner Rug, Brown, 20\"X59\" Oval", "tags": "Accent Rugs Area in All Styles Patterns Kitchen Weaves Runners Rectangle", "relevancy_score": 3618.4504826032544, "price": "$12.41"}, {"title": "Mainstays Elevated Solid 3 Piece Kitchen Curtain Set", "tags": "Blackout Curtains Room Darkening Better Homes & Gardens Decor Sheer Valances Dorm Curtain Sets", "relevancy_score": 1287.2937203883494, "price": "$9.98"}, {"title": "Mainstays Distressed Ikat Room Darkening Window Curtain Panel Pair", "tags": "Blackout Curtains Sheer The Pioneer Woman Decor Kitchen Valances Curtain Sets Teen", "relevancy_score": 679.7814847457627, "price": "$9.94"}, {"title": "Great Value 4-Pack LED Automatic Light-Sensing Night Light, Soft White", "tags": "Decorative Night Lights Shop All The Pioneer Woman Plug-In Bakeware Sets Kids' LED Battery Operated", "relevancy_score": 1986.63176659436, "price": "$5.96"}, {"title": "Sun Zero Arya Room Darkening Grommet Curtain Panel", "tags": "Blackout Curtains Best Cooling Sheets & Bedding for Hot Sleepers Sheer Kitchen Dorm Room Essentials Curtain Sets Teen", "relevancy_score": 1247.115553374233, "price": "$7.50"}, {"title": "Mainstays 5-Light Multi Head Floor Lamp, Silver with Multicolor Shade", "tags": "Black Floor Lamps Shop all by Type All Style for Living Room Material Color", "relevancy_score": 4859.69574355275, "price": "$24.92"}, {"title": "Bali 5/8\" Ball Decorative Cafe Curtain Rod Set", "tags": "Curtain Rods & Hardware Single Curtains Sheer Kitchen Valances Cafe", "relevancy_score": 885.7399575221239, "price": "$10.86"}, {"title": "Mainstays 24x36 Thin Poster and Picture Frame, Black", "tags": "Teens' Wall Decor Galleries Dorm Study Essentials Clocks Picture Frames Room Cemetery Flowers", "relevancy_score": 779.0109581395349, "price": "$9.87"}, {"title": "Mainstays 28-48 in. Adjustable Spring Tension Curtain Rod, 5/8 in. Diameter, Chome", "tags": "Shower Curtain Hooks & Rods Teens' Window Treatments Curtains Kitchen Tension Smart Motorized Magnetic", "relevancy_score": 604.0242510638298, "price": "$4.37"}, {"title": "Mainstays 1\" Bronze Square Single Curtain Rod Set, 30-84\"", "tags": "Curtain Rods & Hardware Room Darkening Curtains Kitchen Double Cafe Tension Magnetic", "relevancy_score": 549.0723220779221, "price": "$9.98"}, {"title": "Mainstays 16x20 Basic Poster and Picture Frame, Black", "tags": "Teens' Wall Decor Galleries Top Trends Dorm Study Essentials Farmhouse Room Shop All", "relevancy_score": 1082.170857337884, "price": "$5.88"}, {"title": "ScentSationals Full-Size Wax Warmer, Bronze Lantern", "tags": "Best Bedroom Products if You Can't Sleep Better Homes & Gardens Decor Yankee Candle Wax Melts Dinnerware Sets Oil Diffusers Shop All Fall Dorm", "relevancy_score": 738.4556893401016, "price": "$15.00"}, {"title": "10.2 Selfie Ring Light w/ Tripod Stand & Phone Holder 3 Modes 10 Brightness Level 120 LED Bulbs Dimmable Selfie Ringlight for Live Stream Makeup YouTube Video Photography Shooting", "tags": "All String Lights Shoe Storage Boxes LED Strip Shop Desk Lamps Novelty by Color Under Cabinet Lighting Finish", "relevancy_score": 218.83224415584414, "price": "$39.99"}, {"title": "Mainstays Unscented Pillar Candles, 3-pack, White (3x6 inches), Burn Time Range 75-90 Hours", "tags": "Votive Candles LED Unscented Fall Indoor Decor Shop All Lanterns and Candle Holders", "relevancy_score": 223.53224415584415, "price": "$11.76"}, {"title": "Lava the Original 14.5\" Pink Wax with Purple Liquid Lava Lamp", "tags": "Kids' Lighting Teens' Lamps & Shop All Salt Lights Lava Plasma Balls Table", "relevancy_score": 623.0420787564767, "price": "$16.00"}, {"title": "Redi Shade 36\" Light Filtering Shade", "tags": "Beach Towels Horizontal Blinds Roman Shades Room Darkening Curtains Kitchen Kids' Roller", "relevancy_score": 325.10665641025645, "price": "$4.47"}, {"title": "Mainstays LED Gooseneck Desk Lamp with Catch-All Base & AC Outlet, Black", "tags": "Shop All Lamps Desk by Style LED Color Finish Modern", "relevancy_score": 543.9201793103448, "price": "$6.88"}, {"title": "Mainstays Flameless LED Tealights, Ivory, Set of 6", "tags": "Pillar Candles Better Homes & Gardens Decor Unscented and New Arrivals Scented Lanterns Candle Holders", "relevancy_score": 40.832114285714276, "price": "$4.88"}, {"title": "Mainstays Unscented Votive Candles with Holders, White, 12-Pack", "tags": "Pillar Candles Votive LED Unscented Taper Shop All Fall Decor", "relevancy_score": 112.27141886792452, "price": "$6.84"}, {"title": "Mainstays Unscented Votive Candles, Ivory, 16-Pack", "tags": "Pillar Candles Votive LED Nourison Rugs Shop All Fall Decor Lanterns and Candle Holders", "relevancy_score": 128.94271578947368, "price": "$3.97"}, {"title": "Linen Polyester Folding Wedding Banquet Chair Cover, Black", "tags": "Folding Tables & Chairs Chair Sashes Wedding Tablecloths Round Armchair Covers Dining", "relevancy_score": 36.10787368421053, "price": "$0.99"}, {"title": "Glade Jar Candle 2 CT, Radiant Berries & Wild Raspberry, 6.8 OZ. Total, Air Freshener, Wax Infused with Essential Oils", "tags": "All Air Freshener Refills Glade Fresheners Plug In Odor Eliminating Candles", "relevancy_score": 269.64226363636357, "price": "$4.98"}, {"title": "Glade Jar Candle 2 CT, Radiant Berries & Wild Raspberry, 6.8 OZ. Total, Air Freshener, Wax Infused with Essential Oils", "tags": "All Air Freshener Refills Glade Fresheners Plug In Odor Eliminating Candles", "relevancy_score": 269.64226363636357, "price": "$4.98"}, {"title": "Glade Jar Candle 2 CT, Hawaiian Breeze, 6.8 OZ. Total, Air Freshener, Wax Infused with Essential Oils", "tags": "All Air Freshener Refills Glade Fresheners Plug In Odor Eliminating Candles Ins", "relevancy_score": 421.84320991735535, "price": "$4.98"}, {"title": "Sharp Alarm Clock with Jumbo Display and Swivel Case in Black SPC033A", "tags": "Kids' Clocks Teens' Wall Decor Dorm Study Essentials Shop All Kitchen Timers", "relevancy_score": 1724.4051030878861, "price": "$12.97"}, {"title": "Better Homes and Gardens Rustic Wood Candle Holder Lantern, Medium", "tags": "Decorative Throw Pillows Pillar Candles LED Unscented Fall Indoor Decor Centerpiece Shop All Lanterns and Candle Holders", "relevancy_score": 579.44992, "price": "$19.88"}, {"title": "HLC.ME 2 Piece Semi Sheer Voile Window Curtain Drapes Grommet Top Panels for Bedroom, Living Room & Kids Room - Set of 2 panels", "tags": "Teens' Window Treatments Blackout Curtains Room Darkening Kitchen Valances Curtain Sets Teen", "relevancy_score": 748.8385874999999, "price": "$14.49"}, {"title": "Mainstays 20x28 Rounded Black Poster Frame", "tags": "Teens' Wall Decor Top Trends Dorm Study Essentials Room Shop All Floor Lamps by Style", "relevancy_score": 482.2139833333333, "price": "$10.88"}, {"title": "MagicTV USB LED Mood Light for TVs, PCs or Home", "tags": "Scan & Save Shop STEM ages 12 and Up Tablets TEST ID Based Robot kits", "relevancy_score": 1505.500660240964, "price": "$4.87"}, {"title": "Febreze Unstopables Wax Melts Air Freshener, Fresh Scent, 8 Ct", "tags": "All Febreze Air Fresheners Trigger Spray Plug In Ins", "relevancy_score": 1770.3999072463766, "price": "$3.97"}, {"title": "Monster Smart App & Voice Controlled Multi-Color USB LED Light Strip \u2013 6.5ft/2m", "tags": "Rope Lights All String Shop Novelty & Fairy Dorm Bedroom Furniture Decor Under Cabinet Lighting Christmas", "relevancy_score": 1642.0043714285714, "price": "$12.88"}, {"title": "Great Value Limited Edition Pumpkin Waffles Scented Candle, 14.5 oz", "tags": "Better Homes & Gardens Decor Yankee Candle Fall Indoor Scented Candles Shop All WoodWick", "relevancy_score": 327.3056121212121, "price": "$4.97"}, {"title": "Glade Jar Candle 2 CT, Radiant Berries & Wild Raspberry, 6.8 OZ. Total, Air Freshener, Wax Infused with Essential Oils", "tags": "All Air Freshener Refills Glade Fresheners Plug In Odor Eliminating Candles", "relevancy_score": 269.64226363636357, "price": "$4.98"}, {"title": "Glade Jar Candle 2 CT, Hawaiian Breeze, 6.8 OZ. Total, Air Freshener, Wax Infused with Essential Oils", "tags": "All Air Freshener Refills Glade Fresheners Plug In Odor Eliminating Candles Ins", "relevancy_score": 421.84320991735535, "price": "$4.98"}, {"title": "Orange Buttercream Cupcake Scented Wax Melts, Better Homes & Gardens, 2.5 oz (5-Pack)", "tags": "Better Homes & Gardens Decor Yankee Candle Wax Melts Oil Diffusers Shop All Fall Candles Dorm WoodWick", "relevancy_score": 463.90168125, "price": "$10.00"}, {"title": "Mainstays Cinnamon Single-Wick Jar Candle, 20 oz. (2 pack)", "tags": "", "relevancy_score": 115.21965423728813, "price": "$9.92"}, {"title": "Warm Spring Sunshine Scented Wax Melts, Better Homes & Gardens, 5 oz", "tags": "Better Homes & Gardens Decor Yankee Candle Wax Melts Scented Candles Shop All Fall Dorm", "relevancy_score": 241.93469268292682, "price": "$3.47"}, {"title": "Molten Orange Scented Wax Melts, ScentSationals, 5 oz", "tags": "Better Homes & Gardens Decor Yankee Candle Wax Melts Oil Diffusers Shop All Fall Candles Dorm WoodWick", "relevancy_score": 223.17477974683544, "price": "$4.57"}, {"title": "Phantoscope Soft Silky Velvet Series Decorative Throw Pillow, 22\" x 22\", Yellow, 1 Pack", "tags": "Fall Pillows Better Homes & Gardens Decor Indoor Christmas Throw Decorative Pillow Covers Shop All Dorm Bedding", "relevancy_score": 81.47215510204082, "price": "$12.23"}, {"title": "Better Homes & Gardens Red Lava Citrus Scented 2-Wick Candle, 18 oz.", "tags": "Coffee Prep Better Homes & Gardens Decor Teens' Room and New Arrivals Pour Overs Scented Candles Velvet Chairs", "relevancy_score": 172.58147462686566, "price": "$11.87"}, {"title": "Kitchen Spice Scented Wax Melts, Yankee Candle, 3 oz (3-Pack)", "tags": "Better Homes & Gardens Decor Yankee Candle Wax Melts Oil Diffusers Shop All Fall Candles WoodWick", "relevancy_score": 15.707341176470587, "price": "$11.79"}, {"title": "Mainstays 3-Pack Flameless LED Pillar Candle, White, Various Sizes", "tags": "Pillar Candles Better Homes & Gardens Decor Unscented and New Arrivals Scented Lanterns Candle Holders", "relevancy_score": 160.6588761904762, "price": "$9.88"}, {"title": "Air Wick Essential Mist Refill, 1ct, Sweet Fruit and Nutmeg, Essential Oil Diffuser, Air Freshener, Aroma Diffuser", "tags": "Wax Warmers Best Bedroom Products if You Can't Sleep Better Homes & Gardens Decor Fragrance Oils Shop All Fall Dorm WoodWick Candles Cheeseboards", "relevancy_score": 165.4909625, "price": "$4.88"}, {"title": "Mainstays Warm Fall Leaves Single-Wick Jar Candle, 20 oz. (2 pack)", "tags": "", "relevancy_score": 133.68184827586205, "price": "$9.92"}, {"title": "Caramel Apple Spice Scented Wax Melts, ScentSationals, 5 oz (Value Size)", "tags": "", "relevancy_score": 560.0556317880794, "price": "$3.47"}, {"title": "Mainstays Flameless LED Votives, Ivory, Set of 12", "tags": "Pillar Candles Votive LED Better Homes & Gardens Decor Unscented Scented Lanterns and Candle Holders", "relevancy_score": 44.0781, "price": "$7.88"}, {"title": "Better Homes & Gardens 2.5 oz Summer Fruit Medley Scented Wax Melts, 1-Pack", "tags": "Best Bedroom Products if You Can't Sleep Better Homes & Gardens Decor Yankee Candle Wax Melts Fragrance Oils Oil Diffusers Shop All Fall Dorm", "relevancy_score": 54.032114285714286, "price": "$2.00"}, {"title": "ScentSationals 2.5 oz Cuddle Up Scented Wax Melts", "tags": "Better Homes & Gardens Decor Yankee Candle Wax Melts Oil Diffusers Shop All Fall Candles Dorm WoodWick", "relevancy_score": 76.43746666666667, "price": "$2.00"}, {"title": "WoodWick Trilogy Autumn Harvest - Medium Hourglass Candle", "tags": "Better Homes & Gardens Decor Yankee Candle Fall Indoor Scented Candles Shop All WoodWick", "relevancy_score": 120.8427157894737, "price": "$14.88"}, {"title": "ScentSationals 2.5 oz Autumn Air Scented Wax Melts, 1-Pack", "tags": "", "relevancy_score": 40.90787368421053, "price": "$2.00"}, {"title": "Mainstays Thankful Oblong Reverse to Stripe Pillow 14x20", "tags": "Fall Pillows Decorative Pillow Inserts Better Homes & Gardens Decor Indoor Christmas Throw Covers Shop All Dorm", "relevancy_score": 81.4999652173913, "price": "$9.97"}, {"title": "ScentSationals 2.5 oz Perfectly Pine Scented Wax Melts", "tags": "Better Homes & Gardens Decor Yankee Candle Wax Melts Oil Diffusers Shop All Fall Candles WoodWick", "relevancy_score": 25.61605714285714, "price": "$7.95"}, {"title": "Unique Loom Solid Shag Contemporary Area Rug or Runner", "tags": "All Runner Rugs Area for Rooms Black in Patterns White Green Shaggy Rectangle", "relevancy_score": 1002.799019047619, "price": "$55.48"}, {"title": "Scentsationals Home Indoor Decorative Twilight Leaves 2.5 oz Fragrant Wax Melt", "tags": "", "relevancy_score": 0.0, "price": "$2.00"}, {"title": "Linen Polyester Dinning Wedding Folding Chair Cover, White", "tags": "Wall Galleries Curtain Rods & Hardware Chair Sashes Wedding Tablecloths Picture Frames Dining Covers Cafe", "relevancy_score": 40.59516923076923, "price": "$1.04"}, {"title": "SHARP Quartz Analog Alarm Clock in Black", "tags": "Kids' Clocks Teens' Wall Decor Top Must Haves For College Dorm Study Essentials Shop All Farmhouse", "relevancy_score": 885.207040625, "price": "$3.88"}, {"title": "Mainstays 28-48\" Adjustable Double Curtain Rod for Windows, 5/8\" Diameter", "tags": "Single Curtain Rods Room Darkening Curtains Kitchen Double Cafe Tension & Magnetic", "relevancy_score": 524.2723220779221, "price": "$14.99"}, {"title": "GE LED Wireless Puck Lights, Battery Operated, Touch Activated, 2-Pack", "tags": "Plug-In Night Lights Motion Sensor Shop All Novelty LED Battery Operated Under Cabinet Lighting", "relevancy_score": 322.9572928571429, "price": "$8.57"}, {"title": "Fairfield Crafter's Choice 4 Pack Decorative Pillow Insert - 16\" x 16\"", "tags": "Pillows Fall Decorative Pillow Inserts Better Homes & Gardens Decor Indoor Christmas Throw Covers Shop All", "relevancy_score": 596.3556317880796, "price": "$16.00"}, {"title": "Mainstays 28-48 in. Lauren Adjustable Petite Cafe Curtain Rod, 1/2 in. Diameter", "tags": "Teens' Window Treatments Curtain Rods & Hardware Single Room Darkening Curtains Better Homes Gardens Decor Kitchen", "relevancy_score": 227.69525, "price": "$7.87"}, {"title": "(#92) Hotel Quality Grommet Top, Microfiber (Cotton Touch) 1 Panel Green Solid Thermal Foam Lined Blackout Heavy Thick Window Curtain Drapes Bronze Grommets 84\" Length", "tags": "Teens' Window Treatments Best Cooling Sheets & Bedding for Hot Sleepers Room Darkening Curtains Sheer Kitchen Curtain Sets Teen", "relevancy_score": 419.3469373134328, "price": "$9.75"}, {"title": "Mainstays Rug Gripper Tape, Creme", "tags": "Wall Art Sets Teens' Rugs Better Homes & Gardens Decor Kitchen Gelpro Mats Dorm Bathroom Anti-Fatigue", "relevancy_score": 153.03224415584415, "price": "$7.98"}, {"title": "Mainstays Bennett Textured Curtain, Brown 84 inch, Set of (2)", "tags": "Teens' Window Treatments Blackout Curtains Best Cooling Sheets & Bedding for Hot Sleepers Room Darkening Sheer Kitchen Curtain Sets Teen", "relevancy_score": 2749.714583486239, "price": "$14.96"}, {"title": "Mainstays 8x10 Matted to 5x7 Holmgren Oval Picture Frame, Black", "tags": "Better Homes & Gardens Decor Scented Candles Oil Diffusers Shop All Fall WoodWick Wall", "relevancy_score": 283.49072967032964, "price": "$5.87"}, {"title": "Mainstays Wide Picture Frame, 11x14 matted to 8x10", "tags": "Teens' Wall Decor Natural Elements-Decor Galleries Better Homes & Gardens Farmhouse Shop All Fall Dorm", "relevancy_score": 191.58744, "price": "$12.96"}, {"title": "No. 918 Quinn Floral Lace Sheer Rod Pocket Curtain Panel", "tags": "Teens' Window Treatments Room Darkening Curtains Better Homes & Gardens Decor Kitchen Dorm Curtain Sets Teen", "relevancy_score": 1221.1647460207612, "price": "$13.61"}, {"title": "Gonesh Incense Stick, Sandalwood", "tags": "Macram\u00e9 Wall Hangings Best Bedroom Products if You Can't Sleep Fragrance Oils Memory Foam Bath Mats Blue Table Lamps Oil Diffusers Dream Catchers One-of-a-kind Rugs", "relevancy_score": 81.72496, "price": "$2.00"}, {"title": "Sun Zero Kylee Rod Pocket Room Darkening Window Valance", "tags": "Kids' Curtains Teens' Room Decor Kitchen Valances Dorm Curtain Sets Teen", "relevancy_score": 799.4750995073891, "price": "$8.69"}, {"title": "Sweet Home Meadowland Artificial Grass Indoor/Outdoor Area Rug", "tags": "Patio Conversation Sets Outdoor Rugs 9' x 12' Shop All Metal Furniture 8' 10' Round Over 5'", "relevancy_score": 614.489651396648, "price": "$19.99"}, {"title": "ScentSationals 2.5 oz Northern Lights Scented Wax Melts", "tags": "Better Homes & Gardens Decor Yankee Candle Wax Melts Oil Diffusers Shop All Fall Candles WoodWick", "relevancy_score": 20.50734117647059, "price": "$2.00"}, {"title": "Unique Loom Davos Shag Contemporary Area Rug or Runner", "tags": "6' x 9' Area Rugs Safavieh 12' Round Square Gray Over Shaggy", "relevancy_score": 397.224827480916, "price": "$35.08"}, {"title": "Solar String Lights Outdoor, 33ft 100 LED Solar Powered Fairy Lights Waterproof Decorative Lighting for Patio Garden Yard Party Wedding (Warm White)", "tags": "Path Lights Solar Landscape Hard-Wired Outdoor String Wall Lighting Deck", "relevancy_score": 310.9468864864865, "price": "$12.99"}, {"title": "Mainstays 28-48 in. Jillian Adjustable Petite Cafe Curtain Rod, 1/2 in. Diameter, Brown Marble", "tags": "Single Curtain Rods Room Darkening Curtains Better Homes & Gardens Decor Kitchen Double Cafe", "relevancy_score": 284.5361021276596, "price": "$7.87"}, {"title": "Fairfield Crafter's Choice Decorative Pillow Insert, 20\" x 20\" - Pack of 4", "tags": "Pillows Fall Decorative Pillow Inserts Better Homes & Gardens Decor Indoor Christmas Throw Covers Shop All", "relevancy_score": 840.902154716981, "price": "$20.94"}, {"title": "Ottomanson Loop Carpet Rubber Backed Entrance Scraper Doormat", "tags": "All Doormats Entryway Welcome Mats Boot Trays Kitchen Rugs Coir Spring Indoor", "relevancy_score": 200.56412972972973, "price": "$10.94"}, {"title": "Better Homes & Gardens Full Size Wax Warmer, Wood Burning Stove", "tags": "All Stoves Electric Stove Accessories Furnace Parts Portable Fireplaces Black Gas Freestanding", "relevancy_score": 138.41965423728814, "price": "$19.88"}, {"title": "Better Homes & Gardens Full Size Wax Warmer, Farmhouse Milk Can", "tags": "Fall Wall Decor Better Homes & Gardens Wax Melts Indoor Christmas Throw Pillows Centerpiece Shop All Knick-Knacks", "relevancy_score": 122.48184827586206, "price": "$15.00"}, {"title": "Mainstays, I Love Us Sentiment Pillow, 14X20, Grey", "tags": "Fall Pillows Better Homes & Gardens Decor and New Arrivals Indoor Decorative Pillow Covers Shop All Dorm Bedding", "relevancy_score": 287.8253655172414, "price": "$9.97"}, {"title": "Better Homes & Gardens Scented Jar Candle, Soft Cashmere Amber, 17 oz. (3 pack)", "tags": "", "relevancy_score": 5.139109677419355, "price": "$17.91"}, {"title": "Lavender - Extra Rich Incense by GONESH", "tags": "Blackout Curtains Best Bedroom Products if You Can't Sleep Better Homes & Gardens Decor Fragrance Oils Memory Foam Bath Mats Oil Diffusers Dream Catchers", "relevancy_score": 99.72496, "price": "$2.00"}, {"title": "LED Light Strip, 16.4ft RGB LED Light Strip 5050 LED Tape Lights, Color Changing LED Rope Lights with Remote for Home", "tags": "Rope Lights All String Teens' Room Decor LED Strip Shop Novelty & Fairy Christmas", "relevancy_score": 178.84018082191778, "price": "$14.99"}, {"title": "Better Homes & Gardens Full Size Wax Warmer, Inspirations", "tags": "Best Bedroom Products if You Can't Sleep Better Homes & Gardens Decor Yankee Candle Wax Melts Fragrance Oils Oil Diffusers Shop All Fall Dorm", "relevancy_score": 394.5432099173554, "price": "$15.00"}, {"title": "Fairfield Crafter's Choice Decorative Pillow Insert, 20\" x 20\" - Pack of 2", "tags": "Father's Day Electronics Connected Dorm Room Shop All Glass Mother's Gifts Audio Tax Free for Grads Back to School Home Visual", "relevancy_score": 435.66907741935484, "price": "$11.94"}, {"title": "Mainstays Dynasty Oblong 3 Button Decorative Throw Pillow, 14\" x 20\", Honey", "tags": "Fall Pillows Teens' Decorative Better Homes & Gardens Decor Indoor Christmas Throw Pillow Covers Shop All Dorm", "relevancy_score": 882.1050197183098, "price": "$11.84"}, {"title": "WoodWick Lavender & Cedar - Medium Hourglass Candle", "tags": "", "relevancy_score": 5.139109677419355, "price": "$16.87"}, {"title": "Mainstays 3-Wick Candle, Cranberry Mandarin, Clear Jar - 14 oz", "tags": "Wax Warmers Better Homes & Gardens Decor Fall Indoor Scented Candles Shop All Dorm", "relevancy_score": 111.96018181818184, "price": "$6.97"}, {"title": "Nathan James Theo 5-Shelf Ladder Bookcase Rustic Dark Walnut Brown Wood Black Metal Frame", "tags": "Dorm Study Furniture Small office ideas Black Bookcases & Bookshelves White Office Wood Wall Shelves", "relevancy_score": 263.8422636363636, "price": "$109.53"}, {"title": "Tranquil Room Darkening Lined Grommet Window Curtain Panel - Single", "tags": "Teens' Window Treatments Blackout Curtains Sheer Kitchen Valances Curtain Sets Teen", "relevancy_score": 808.6813170731706, "price": "$38.52"}, {"title": "Home Dynamix Premium Sakarya Area Rug", "tags": "6' x 9' Area Rugs Safavieh 12' Round Square Over 2' 3' Bedroom", "relevancy_score": 1990.6551992047714, "price": "$29.99"}, {"title": "GE 4-in-1 Power Failure LED Night Light, Light Sensing, Rechargeable, 29679", "tags": "Plug-In Night Lights Motion Sensor Kids' LED Shop All Battery Operated Toilet Bowl", "relevancy_score": 302.1922775510204, "price": "$9.96"}, {"title": "Mainstays 28-48 Cage Adjustable Petite Cafe Curtain Rod, 1/2Diameter, Brushed Nickel", "tags": "Single Curtain Rods Room Darkening Curtains Better Homes & Gardens Decor Sheer Kitchen Cafe", "relevancy_score": 308.9922775510204, "price": "$7.87"}, {"title": "Better homes & Gardens 3 Pack throw pillow \u2013 LOVE", "tags": "Fall Pillows Decorative Pillow Inserts Better Homes & Gardens Decor Indoor Christmas Throw Covers Shop All Dorm", "relevancy_score": 10.269525, "price": "$19.97"}, {"title": "300ml USB Electric Aroma Air diffuser Wood Air Humidifier Essential oil Aromatherapy Cool Mist Maker for Home Office", "tags": "Wax Warmers Best Bedroom Products if You Can't Sleep Better Homes & Gardens Decor Fragrance Oils Shop All Fall Dorm WoodWick Candles Cheeseboards", "relevancy_score": 13.707341176470587, "price": "$14.29"}, {"title": "The Pioneer Woman Flea Market Window Curtain Panel, 40\"W x 54\"L , Set of 2", "tags": "Shop All The Pioneer Woman Room Darkening Curtains Decor Kitchen Valances Dishes Curtain Sets & Table Linens", "relevancy_score": 713.9855910112359, "price": "$17.98"}, {"title": "3-1/2 x 6\" Rectangle Self Stick Felt Pad for Hardwood Beige, 2 Pack", "tags": "All Sealants, Fillers & Adhesives Sealants Furniture Legs Door Hardware Accessories Sliders Edge and Corner Guards Cups", "relevancy_score": 172.58147462686566, "price": "$2.64"}, {"title": "Sun Zero Cooper Textured Thermal-Lined Room Darkening Energy-Efficient Grommet Curtain Panel", "tags": "Teens' Window Treatments Blackout Curtains Best Cooling Sheets & Bedding for Hot Sleepers Room Decor Kitchen Curtain Sets Teen", "relevancy_score": 1389.7608456521739, "price": "$14.99"}, {"title": "My Texas House By Orian Lady Bird Area Rug", "tags": "Area Rugs for All Rooms Rug Shapes Brands in Patterns Weaves Colors Gray Sizes", "relevancy_score": 516.9680788321168, "price": "$62.73"}, {"title": "ScentSationals Edison Anchorage Lantern Full-Size Scented Wax Warmer", "tags": "Better Homes & Gardens Decor Wax Melts Shop All Fall Lanterns and Candle Holders Plastic Chests Trunks Storage Boxes", "relevancy_score": 368.6874260869565, "price": "$19.88"}, {"title": "Collections Etc Diamond-Shape Quilted Stretch Recliner Cover with Storage Pockets, BURGUNDY", "tags": "Couch Covers Slipcovers All Recliners Wing Chair Pet Furniture Armchair Loveseat", "relevancy_score": 2328.795696482412, "price": "$24.98"}, {"title": "Mainstays Bronze Metal Pull Chain Accent Lamp 19\"H", "tags": "Shop All Table Lamps by Style Modern Bedroom Living Room Color Material", "relevancy_score": 777.6719445544554, "price": "$19.94"}, {"title": "Lavish Home 24-Piece LED Tea Light Candle Set", "tags": "Artificial Flowers Pillar Candles Votive LED Better Homes & Gardens Decor Unscented Shop All Recessed Lighting Lanterns and Candle Holders", "relevancy_score": 111.28184827586207, "price": "$24.99"}, {"title": "Mrs. Meyer's Clean Day Scented Soy Candle, Lemon Verbena Scent, 7.2 ounce candle", "tags": "Plant Based Household Essentials Air Wick Fresheners All Plug In Ins Odor Eliminating Candles Mrs. Meyer's", "relevancy_score": 200.79037647058823, "price": "$9.68"}, {"title": "Gonesh\u00ae Extra Rich\u00ae Jasmine Incense Sticks 20 ct", "tags": "", "relevancy_score": 59.8037488372093, "price": "$2.00"}, {"title": "Mossy Oak Break-up Infinity Camouflage Print Curtain Pair, 84 inch, Set of (2)", "tags": "Blackout Curtains Best Cooling Sheets & Bedding for Hot Sleepers Room Darkening Sheer Kitchen Valances Curtain Sets Teen", "relevancy_score": 504.78166618705035, "price": "$13.95"}, {"title": "Better Homes & Gardens 15 mL - 3 Pack 100 % Pure Essential Oil Set: Eucalyptus, Sweet Orange, and Lemon Grass", "tags": "Wax Warmers Best Bedroom Products if You Can't Sleep Better Homes & Gardens Decor Fragrance Oils Shop All Fall Dorm WoodWick Candles Cheeseboards", "relevancy_score": 232.2152148148148, "price": "$9.87"}, {"title": "Febreze Light Odor-Eliminating Air Freshener Candle, Sea Spray, 1 Ct", "tags": "All Febreze Air Fresheners Trigger Spray Odor Eliminating Candles Plug Ins", "relevancy_score": 10.269525, "price": "$4.94"}, {"title": "Garland Rug Medallion Solid Mocha 2'x8' Indoor Runner Rug", "tags": "Accent Rugs Black Area in All Styles Kitchen Runners 2' x 3' Rectangle", "relevancy_score": 868.964213559322, "price": "$23.99"}, {"title": "Mainstays Accent Drum Shade, White", "tags": "Shop All Lampshades Drum Table Lamps by Color Black Chandelier Lamp Bases Material", "relevancy_score": 123.54271578947369, "price": "$9.94"}, {"title": "Ottomanson Ultimate Shaggy Moroccan Trellis Area Rug, Gray, 7'10\"X9'10\"", "tags": "Area Rugs for All Rooms Rug Brands in Weaves Blue Colors Modern Materials Sizes", "relevancy_score": 1301.0896156862746, "price": "$99.99"}, {"title": "2 Pack Basic Home Rod Pocket Sheer Voile Window Curtains - Assorted Colors & Sizes", "tags": "Blackout Curtains Room Darkening Sheer Kitchen Valances Dorm Essentials Curtain Sets Teen", "relevancy_score": 223.53224415584415, "price": "$13.89"}, {"title": "Mainstays 28-48 in. Adjustable Braided Spring Tension Curtain Rod, 1/2 in. Diameter, Brushed Nickel", "tags": "Shower Curtain Hooks & Rods Hardware Single Curtains Kitchen Tension Cafe", "relevancy_score": 236.02130322580646, "price": "$8.82"}, {"title": "Mainstays Sheridan 16-28\" Adjustable Multi-Use Magnetic Drapery Rod, 7/16\" Diameter, White", "tags": "Single Curtain Rods Room Darkening Curtains Sheer Kitchen Cafe Tension & Magnetic", "relevancy_score": 658.9021547169812, "price": "$8.22"}, {"title": "Sunbeam Heated Blanket, Reversible Microplush/Sherpa Throw, Slate", "tags": "", "relevancy_score": 5.139109677419355, "price": "$28.96"}, {"title": "WoodWick Spiced Blackberry - Large Hourglass Candle", "tags": "Better Homes & Gardens Decor Yankee Candle Fall Indoor Scented Candles Shop All WoodWick", "relevancy_score": 24.718733333333333, "price": "$14.88"}, {"title": "RoomMates PAW Patrol Giant Peel and Stick Wall Decals", "tags": "Wallpaper Disney Frozen Wall Decals NFL Decorative Kids and Teens York Wallcoverings Peel Stick Window", "relevancy_score": 920.0162156682028, "price": "$7.99"}, {"title": "Genteele Super Soft Luxurious Sherpa Throw Blanket, 50\" X 60\", Burgundy Red", "tags": "Sherpa Throws Throw Blankets Plush Faux Fur Christmas Soft Plaid", "relevancy_score": 277.20807441860467, "price": "$25.00"}, {"title": "(3 pack) WoodWick Fireside - Petite Candle", "tags": "Better Homes & Gardens Decor Yankee Candle Fall Indoor Scented Candles Shop All WoodWick", "relevancy_score": 28.907873684210525, "price": "$7.98"}, {"title": "No. 918 Nathan Casual Textured Semi-Sheer Grommet Curtain Panel", "tags": "Teens' Window Treatments Blackout Curtains Room Darkening Kitchen Dorm Essentials Curtain Sets Teen", "relevancy_score": 984.2109581395349, "price": "$11.99"}, {"title": "Better Homes & Gardens Gray & Aqua Waves Area Rug, Multiple Sizes", "tags": "3' x 5' Area Rugs 9' 12' in All Weaves Blue Over 2' Modern Rectangle", "relevancy_score": 670.7468852071005, "price": "$79.87"}, {"title": "L.O.L. Surprise! Silky Soft Throw, 40\" x 50\", M.C. Swag, Diva, and Rocker", "tags": "Kids' Towels Girls Bedding Character Shop All Decor Characters Throws", "relevancy_score": 387.1362909090909, "price": "$9.96"}, {"title": "Better Homes & Gardens Curtain Panel, Basket Weave, Aqua Blue, 84\"", "tags": "Teens' Window Treatments Blackout Curtains Best Cooling Sheets & Bedding for Hot Sleepers Room Darkening Sheer Curtain Sets Teen", "relevancy_score": 1400.7093719626168, "price": "$8.44"}, {"title": "Better Homes & Gardens Elephant Wall Accent Scented Wax Warmer", "tags": "Teens' Lamps & Lighting Better Homes Gardens Decor Wax Melts Oil Diffusers Shop All Fall Knick-Knacks Lanterns and Candle Holders Table by Material", "relevancy_score": 314.75729285714283, "price": "$10.00"}, {"title": "Himalayan Salt Lamp - Natural Hand Carved Himalayan Orange Salt Lamp, 5-7 lbs", "tags": "Decorative Night Lights Best Bedroom Products if You Can't Sleep Shop All Salt Lamps Kitchen Wedding Registry Bakeware Sets Novelty Fall Decor Dorm Dining & Hydration", "relevancy_score": 3000.5304421940928, "price": "$12.96"}, {"title": "Proman Products Galaxy Indoor and Outdoor 3 Panel Room Divider, 71\" Tall, Gray", "tags": "Partitions & Panels Natural Elements-Decor Refrigerator Water Valves Samsung Wooden Room Dividers Dinnerware Sets Shop All Bar Stools Counter", "relevancy_score": 57.37212727272727, "price": "$125.99"}, {"title": "Subrtex Stretch Textured Grid Furniture Seat Cushion Slipcover (Armchair, Ivory)", "tags": "Couch Covers Slipcovers Recliner Chair Wing Pet Furniture Dining Loveseat Ottoman", "relevancy_score": 352.6919094339622, "price": "$9.99"}, {"title": "Better Homes & Gardens Spice Grid Area Rug", "tags": "3' x 5' Area Rugs Contemporary Under 2' in All Styles Weaves Modern Rectangle", "relevancy_score": 1967.2177029612753, "price": "$84.87"}, {"title": "Phantoscope Soft Silky Velvet Series Decorative Throw Pillow, 18\u201d x 18\u201d, Turquoise, 2 Pack", "tags": "Decorative Throw Pillows Fall Better Homes & Gardens Decor Indoor Christmas Pillow Covers Shop All Dorm Bedding", "relevancy_score": 535.8556317880796, "price": "$12.99"}, {"title": "Mainstays Museum 11\" x 14\" Matted for 8\" x 10\" Picture Frame, Black", "tags": "Teens' Wall Decor Galleries Better Homes & Gardens Farmhouse Shop All Fall Candles Dorm", "relevancy_score": 299.0213032258065, "price": "$13.79"}, {"title": "Mainstays Plastic 15.5\" Industrial Gear Wall Clock in Aged Bronze", "tags": "Kids' Clocks Teens' Wall Decor Dorm Study Essentials Shop All Better Homes & Gardens Farmhouse Ocean", "relevancy_score": 519.44992, "price": "$11.74"}, {"title": "Better Homes & Gardens French Country Vanilla Jar Candle, 22 oz", "tags": "Father's Day Electronics Connected Dorm Room Shop All Glass Mother's Gifts Audio Stock up on Cleaning Supplies for Grads Clean Living Air Fresheners", "relevancy_score": 421.7605951219512, "price": "$8.97"}, {"title": "Mainstays 24x36 Basic Poster & Picture Frame, Black, Set of 2", "tags": "Teens' Wall Decor Dorm Study Essentials Small Living Room Ideas Storage Shop All Kids' Chairs", "relevancy_score": 3119.3795745379875, "price": "$23.99"}, {"title": "Mainstays Plastic 11.5\" Rustic Red Wall Clock", "tags": "Teens' Wall Decor Dorm Study Essentials Shop All Kids' Better Homes & Gardens Farmhouse Ocean", "relevancy_score": 319.84404705882355, "price": "$8.94"}, {"title": "Mrs. Meyer's Clean Day Scented Soy Candle, Apple Cider Scent, 4.9 oz", "tags": "Mrs. Meyer's Clean Day Cleaners Glade Air Fresheners All Bathroom Plant Based Household Essentials Odor Eliminating Candles Dish Soap", "relevancy_score": 16.918733333333336, "price": "$7.48"}, {"title": "Courtyard Grommet Plaid Window Curtain Single Panel 84\"x53\"", "tags": "Blackout Curtains Room Darkening Sheer Valances Curtain Sets Cellular Shades Teen", "relevancy_score": 160.7522181818182, "price": "$22.99"}, {"title": "Sanctuary Solid Color Church Candles, 12pk", "tags": "Pillar Candles Votive LED Unscented Taper Shop All Fall Decor", "relevancy_score": 272.10561212121206, "price": "$20.97"}, {"title": "Mainstays Decorative Pillow Insert 100% Polyester 16\" x 16\" Set of 2", "tags": "Pillows Euro pillows Decorative Pillow Inserts Shop All Basic Bed Covers Fiber Fill", "relevancy_score": 315.1145111111111, "price": "$9.87"}, {"title": "Mainstays Set of 14 Cafe Curtain Rod Clip Rings, Up to 3/4 in. Diameter, Bronze", "tags": "Teens' Window Treatments Films Single Curtain Rods Rings & Tracks Shower Cafe Tension Magnetic", "relevancy_score": 77.37569411764707, "price": "$3.88"}, {"title": "Lava the Original 14.5\" Colormax Lamp with Northern Lights Decal Base", "tags": "Kids' Lighting Teens' Lamps & Lights Shop All Novelty Plasma Balls Table Rock Himalayan Salt", "relevancy_score": 260.87493333333333, "price": "$22.48"}, {"title": "Mainstays Sunflower Kitchen Mat, 18\" x 30\"", "tags": "Kitchen Curtains All Area Rugs Fruit & Vegetable Shop Art Prints Valances Runners Rug Sets Anti-Fatigue Mats", "relevancy_score": 471.3469373134328, "price": "$5.88"}, {"title": "Ottomanson Siesta 100 Dollar Bill Non-Slip Area Rug or Runner", "tags": "Accent Rugs All Runner Bathroom Rug Sets Shop Kids' Decor Multicolor Area Fruit & Vegetable Kitchen Runners", "relevancy_score": 435.2343, "price": "$12.16"}, {"title": "Better Homes & Gardens Blue Fern & Citrus 18oz Scented 2 wick Candle", "tags": "Better Homes & Gardens Decor Yankee Candle Fall Indoor Scented Candles Shop All Allswell", "relevancy_score": 78.2999652173913, "price": "$11.87"}, {"title": "Way to Celebrate Standing Floral Arrangement Table Top Decoration, 19.25\"", "tags": "", "relevancy_score": 0.0, "price": "$8.84"}, {"title": "WoodWick Frasier Fir - Medium Hourglass Candle", "tags": "Father's Day Electronics Connected Dorm Room Shop All Glass Mother's Gifts Audio Tax Free for Grads Back to School Home Visual", "relevancy_score": 94.77215510204083, "price": "$14.88"}, {"title": "ScentSationals Flutter n Posies Wall Accent Scented Wax Warmer", "tags": "Best Bedroom Products if You Can't Sleep Better Homes & Gardens Decor Wax Melts Oil Diffusers Shop All Fall Dorm Lanterns and Candle Holders Candles", "relevancy_score": 185.0537846153846, "price": "$10.00"}, {"title": "Modern Jewelry Armoire Cheval Mirror - High Gloss White", "tags": "Cheval Mirrors Wardrobes with Drawers Farmhouse Decor Vanity White Dorm Shop All Wall Floor", "relevancy_score": 780.7106697674419, "price": "$84.99"}, {"title": "Better Homes & Gardens Hatch Basketweave Single Window Panel", "tags": "Teens' Window Treatments Blackout Curtains Room Darkening Sheer Kitchen Curtain Sets Teen", "relevancy_score": 116.40218571428572, "price": "$5.38"}, {"title": "WoodWick Vanilla Sea Salt - Large Hourglass Candle", "tags": "Wax Warmers Best Bedroom Products if You Can't Sleep Fall Indoor Decor Oil Diffusers Picture Frames Shop All Candles WoodWick", "relevancy_score": 2767.7030601941747, "price": "$19.68"}, {"title": "Better Homes & Gardens Geo Waves Nylon Print Area Rug, Brown, 7'x10'", "tags": "3' x 5' Area Rugs Contemporary Under 2' Black Dining Room Modern Rectangle", "relevancy_score": 3096.7243593023254, "price": "$14.87"}, {"title": "Safavieh Hudson Amias Geometric Shag Area Rug or Runner", "tags": "Area Rugs for All Rooms Rug Shapes Brands in Patterns Weaves Colors Materials Sizes", "relevancy_score": 1199.0487010752688, "price": "$414.38"}, {"title": "Better Homes & Gardens Decorative Throw Pillow, Chevron, 18\"", "tags": "Decorative Throw Pillows Fall Teens' Better Homes & Gardens Decor MoDRN Accents Indoor Pillow Covers Shop All", "relevancy_score": 166.4902591549296, "price": "$12.87"}, {"title": "Woodwick Wax Melt 3 Oz. - Frasier Fir", "tags": "Better Homes & Gardens Decor Yankee Candle Wax Melts Shop All Fall Candles WoodWick Command Hooks", "relevancy_score": 20.50734117647059, "price": "$4.67"}, {"title": "Huggle Hoodie, Ultra Plush Hooded Blanket Robe, Premium Fleece, Blue, As Seen on TV", "tags": "All As Seen on TV Kitchenware Gotham Steel Griddles Skillets &Fry Pans Outdoor and Tools Lighting & Top Picks Cookware", "relevancy_score": 1169.3647460207612, "price": "$40.95"}, {"title": "Abri Rod Pocket Crushed Sheer Curtain Panels ( Panels & Scarfs Sold Individually )- 50x96 - White", "tags": "Teens' Window Treatments Blackout Curtains Room Darkening Kitchen Valances Curtain Sets Teen", "relevancy_score": 158.69096249999998, "price": "$8.99"}, {"title": "2-Pack Bulbs for Scentsy Plug-In Nightlight Warmer Wax Diffuser, 15W 120V", "tags": "LED Light Bulbs Incandescent Globe Flood Chandelier Colored All Great Value Standard", "relevancy_score": 165.36412972972974, "price": "$5.99"}, {"title": "MeAddHome 20M 200LEDS Fairy LED String Light Outdoor Waterproof AC110V Chirstmas Lights String Garland For Xmas Wedding Christmas Party Holiday Decorations", "tags": "Rope Lights LED Strip Shop All Novelty String & Fairy Dorm Bedroom Furniture Decor Under Cabinet Lighting Christmas", "relevancy_score": 0.0, "price": "$13.10"}, {"title": "Sorbus Floating Shelves Wall Mounted Rustic Wood Storage Set for Picture Frames, Collectibles, Decorative Items, Great for Living Room, Office, Bedroom, Bathroom, Kitchen, etc (2-Pack, Natural)", "tags": "Shelving Storage Natural Elements-Decor Dorm Study Furniture Hooks & Racks Bathroom Shelves Bedroom Wall", "relevancy_score": 100.82447692307692, "price": "$17.99"}, {"title": "Richfield Studios 2.5\" Cordless Faux Wood Blinds, Mahogany", "tags": "Roman Shades Curtains Better Homes & Gardens Decor Sheer Kitchen Cellular Vertical Blinds Roller", "relevancy_score": 363.1362909090909, "price": "$27.49"}, {"title": "Memory Foam Fun Pillow With Cool-To-The-Touch Cover - Cosmic Blue (2 Pack)", "tags": "Pillows Bed Shop All Queen Size Memory Foam Pillow Bundles (2 packs & 4 Packs) King Standard", "relevancy_score": 509.3883142857142, "price": "$49.99"}, {"title": "Better Homes & Gardens Feather Filled Tassled Velvet Oblong Decorative Throw Pillow, 14\" x 20\", Ivory", "tags": "Fall Pillows Teens' Decorative Better Homes & Gardens Decor MoDRN Accents Indoor Pillow Covers Ocean Shop All", "relevancy_score": 223.17477974683544, "price": "$15.87"}, {"title": "Mainstays Welcome Friends & Family Coir Doormat 18\" x 30\"", "tags": "All Doormats Entryway Welcome Mats Personalized Coir Fun & Decorative Spring Indoor", "relevancy_score": 55.959804255319156, "price": "$11.44"}, {"title": "Eclipse Phoenix Jacobean Blackout Panel Pair Window Curtains", "tags": "Kids' Curtains Best Cooling Sheets & Bedding for Hot Sleepers Room Darkening Sheer Kitchen Curtain Sets Teen", "relevancy_score": 433.85408888888884, "price": "$12.97"}, {"title": "Better Homes & Gardens Paws for Love Pillow, 14''x20''", "tags": "Fall Pillows Teens' Decorative Better Homes & Gardens Decor and New Arrivals Indoor Shop All Dorm Bedding", "relevancy_score": 112.27141886792452, "price": "$11.97"}, {"title": "PAW Patrol Kids Bedroom Curtain Panel Set, Set of 2, 63-inch L", "tags": "Toy Boxes & Chests Kids' Wall Decals Stickers Character Bedding Boys Comforter Sets Characters Storage", "relevancy_score": 920.5270063348415, "price": "$17.00"}, {"title": "Better Homes & Gardens 15 mL 3 Pack 100 % Pure Essential Oil Set: Lavender, Lemon, and Sweet Orange", "tags": "Wax Warmers Best Bedroom Products if You Can't Sleep Better Homes & Gardens Decor Fragrance Oils Shop All Fall Dorm WoodWick Candles Cheeseboards", "relevancy_score": 172.58147462686566, "price": "$9.87"}, {"title": "Lush D\u00e9cor Reyna Window Panel, Set of 2", "tags": "Room Darkening Curtains Teens' Decor Sheer Kitchen Curtain Sets Teen", "relevancy_score": 347.19712413793104, "price": "$23.09"}, {"title": "Umbra Twilight Double Black Out Window Curtain Rod \u2013 Wrap Around Adjustable Double Curtain Rod For Blackout Curtains, 28 To 48\u201d, Nickel", "tags": "Teens' Window Treatments Curtain Rods & Hardware Single Curtains Double Kids Cafe", "relevancy_score": 532.4201793103448, "price": "$31.28"}, {"title": "Better Homes & Gardens Feather Filled Woven Dashed Stripe Decorative Throw Pillows, 20\"x20\", Taupe, 2 Pack", "tags": "Fall Pillows Better Homes & Gardens Decor and New Arrivals Indoor Christmas Throw Decorative Pillow Covers Shop All Dorm", "relevancy_score": 76.69996521739131, "price": "$24.88"}, {"title": "Jenin 60x216\" Solid Sheer Scarf", "tags": "Room Darkening Curtains Kitchen Down & Alternative Comforters Valances Curtain Sets Sheet Teen", "relevancy_score": 232.2152148148148, "price": "$6.99"}, {"title": "Better Homes & Gardens, Wood and Metal Lantern White", "tags": "Vases Better Homes & Gardens Storage Pillar Candles LED Water Hyacinth Baskets Bins Fall Centerpiece Lanterns and Candle Holders", "relevancy_score": 79.75980425531914, "price": "$16.92"}, {"title": "Best Choice Products 6ft Tall 6-Panel Diamond Weave Folding Freestanding Room Divider Privacy Screen Accent - Dark Mocha", "tags": "Partitions & Panels Teens' Wall Decor Natural Elements-Decor Room Wooden Dividers Shop All Bar Stools Counter Teen Curtains", "relevancy_score": 377.1874260869566, "price": "$109.99"}, {"title": "K3 Yellow 3-Piece Blackout Rod Pocket Kitchen Window Curtain Set Darkening Tier Panels Treatment with Matching Valance", "tags": "Blackout Curtains Room Darkening Better Homes & Gardens Decor Sheer Kitchen Dorm Curtain Sets", "relevancy_score": 425.63967819548867, "price": "$12.00"}, {"title": "Woods 59744 Flip Switch Timer, Toggle to Programmable", "tags": "Spray Guns Paint Sprayers Dimmers All Wall Plates Apollo Tools Muscle Rack Weller Soldering Irons Core Building Supplies Clearance Shelf", "relevancy_score": 178.46422857142858, "price": "$14.32"}, {"title": "GE UltraBrite Motion-Activated LED Night Light, 40 Lumen, White, 12201", "tags": "Plug-In Night Lights Motion Sensor LED Shop All Picture Frames Battery Operated Toilet Bowl", "relevancy_score": 719.127892063492, "price": "$7.97"}, {"title": "Taupe 1-Piece Adam Solid Blackout Grommet-Top Window Curtain Panel 37\" W X 84\" L", "tags": "Kids' Curtains Best Cooling Sheets & Bedding for Hot Sleepers Room Darkening Sheer Kitchen Curtain Sets Teen", "relevancy_score": 191.21013684210524, "price": "$9.25"}, {"title": "Better Homes and Gardens Quatrefoil Embroidery Pole Top Panel", "tags": "Kids' Curtains Teens' Window Treatments Room Darkening Better Homes & Gardens Decor Sheer Kitchen Curtain Sets Teen", "relevancy_score": 198.46422857142858, "price": "$12.88"}, {"title": "Better Homes & Gardens Texture Faux Fur Pillow, 22 x 22, Grey", "tags": "Decorative Throw Pillows Fall Better Homes & Gardens Decor and New Arrivals Indoor Pillow Covers Shop All Dorm Bedding", "relevancy_score": 111.82447692307692, "price": "$15.87"}, {"title": "Mainstays Floral 3 Piece Window Curtain Set", "tags": "Horizontal Blinds Blackout Curtains Room Darkening Sheer Kitchen Curtain Sets Teen", "relevancy_score": 184.8098705882353, "price": "$7.98"}, {"title": "Better Homes & Gardens 3 Piece 100 ml Diffuser Gift Set, Crackled Mosaic", "tags": "Best Bedroom Products if You Can't Sleep Better Homes & Gardens Decor Fall Indoor Picture Frames Shop All Candles WoodWick", "relevancy_score": 100.82447692307692, "price": "$24.72"}, {"title": "Better Homes&gardens Bhg Jasmine & Ylang Ylang Eo Infused Fra", "tags": "Better Homes & Gardens Decor Yankee Candle Wax Melts Oil Diffusers Shop All Fall Candles WoodWick", "relevancy_score": 25.918733333333336, "price": "$2.00"}, {"title": "Baby Shark Kids Silky Soft Throw, 40 x 50, Shark Party", "tags": "Kids' Towels Blankets & Throws Shop All Bedding Decor Characters Princess", "relevancy_score": 107.42447692307691, "price": "$9.96"}, {"title": "WoodWick\u00ae Trilogy Large Hourglass Candle, Caf\u00e9 Sweets", "tags": "Father's Day Electronics Connected Dorm Room Shop All Glass Mother's Gifts Audio for Grads Back to School Home Visual Clean Living Air Fresheners", "relevancy_score": 343.8314891089109, "price": "$19.68"}, {"title": "Soft, Stretchable, Removable, Machine Washable Seat Covers - Set Of 2, Black", "tags": "Couch Covers Chair Pads & Cushions Pet Furniture Dining Chairs Armchair Loveseat All", "relevancy_score": 2109.2908726027395, "price": "$9.99"}, {"title": "20ft 30 LED Solar String Ball Lights Outdoor Waterproof Warm White Garden Decor", "tags": "Solar String Lights Path Landscape Hard-Wired Outdoor Hanging Wall Lighting", "relevancy_score": 828.3886267206477, "price": "$15.98"}, {"title": "Mainstays LED Swing Arm Architect Desk Lamp, Black", "tags": "Shop All Lamps Desk by Style LED Color Architect Finish Modern", "relevancy_score": 371.1362909090909, "price": "$19.96"}, {"title": "Disney Minnie Mouse Kids Bedding 46\" x 60\" Plush Throw, 1 Each", "tags": "Kids' Blankets & Throws Character Bedding Shop All Decor Teen Girl Characters Princess", "relevancy_score": 232.97477974683545, "price": "$14.88"}, {"title": "Better Homes & Gardens 52\" White 3 Light, 5-Blade Ceiling Fan", "tags": "Ceiling Fans Shop All by Style Indoor Brand Low Profile with Lights Mount Type Flush", "relevancy_score": 173.82206153846153, "price": "$78.94"}, {"title": "RoomMates Mickey and Friends Minnie Bow-Tique Peel-and-Stick Wall Decals", "tags": "Wallpaper Disney Frozen Wall Decals NFL Decorative Kids and Teens York Wallcoverings Peel Stick Window", "relevancy_score": 418.1675150442478, "price": "$7.99"}, {"title": "Better Homes & Gardens Sherpa Backrest Pillow with Mink Back, Gray", "tags": "Poufs & Floor Pillows Decorative Throw Bed Shop All Better Homes Gardens Decor Basic Dorm", "relevancy_score": 87.72496, "price": "$24.88"}, {"title": "Better Homes & Gardens 20\" x 41\" Floral Burst Comfort Kitchen Mat", "tags": "All Doormats Kitchen Rugs Fruit & Vegetable Outdoor Gelpro Mats Runners Indoor Rug Sets", "relevancy_score": 429.00951627906977, "price": "$14.97"}, {"title": "Better Homes and Gardens Metallic Shimmer Grommet Panel Pair", "tags": "Kids' Curtains Teens' Window Treatments Room Darkening Better Homes & Gardens Decor Sheer Kitchen Curtain Sets Teen", "relevancy_score": 252.33469268292683, "price": "$14.98"}, {"title": "SPICED PUMPKIN Mixer Melt or Wax Tart by Courtneys Candles", "tags": "Better Homes & Gardens Decor Yankee Candle Wax Melts Oil Diffusers Shop All Fall Candles WoodWick", "relevancy_score": 15.392036363636363, "price": "$4.95"}, {"title": "GuruNanda Modern Essential Oil Diffuser - 6 Hours of Aromatherapy", "tags": "Wax Warmers Best Bedroom Products if You Can't Sleep Better Homes & Gardens Decor Fragrance Oils Shop All Fall Dorm WoodWick Candles Cheeseboards", "relevancy_score": 50.43211428571428, "price": "$14.88"}, {"title": "360 Lighting Modern Torchiere Up-Light Floor Lamp with Tall Black Thin Profile and White Shade", "tags": "Black Floor Lamps Shop all by Type All Style for Living Room Material Torchiere Color", "relevancy_score": 125.28184827586209, "price": "$24.99"}, {"title": "Mainstays White/Beige Ceramic Table Lamp with Shade 17\"H", "tags": "Shop All Table Lamps by Style Modern Color Ceramic White Material", "relevancy_score": 186.46422857142858, "price": "$24.84"}, {"title": "Impressions Zisa Modern Indoor Area Rug\u00a0or Runner Rugs", "tags": "6' x 9' Area Rugs 3' 5' 12' 4' Contemporary Under 2' Dining Room Bedroom", "relevancy_score": 355.75729285714283, "price": "$35.99"}, {"title": "Turquoize 1-Piece Original Water Repellent Reversible Quilted Sofa Pet Cover Protector, Burgundy", "tags": "Couch Covers Recliner Chair Wing Pet Furniture Armchair Loveseat All Loveseats Small", "relevancy_score": 518.3138074074074, "price": "$29.99"}, {"title": "onn. Selfie Lamp with Smartphone Holder", "tags": "onn. Phone & Cellphone Accessories Complete Tripods Studio Lighting On-Camera Computer", "relevancy_score": 71.93746666666667, "price": "$9.88"}, {"title": "Sun Zero Avery Total 100% Blackout Grommet Curtain Panel", "tags": "Teens' Window Treatments Blackout Curtains Best Cooling Sheets & Bedding for Hot Sleepers Room Darkening Kitchen Dorm Essentials Curtain Sets Teen", "relevancy_score": 185.73744347826087, "price": "$14.87"}, {"title": "Mohawk Dogs Welcome Doorscapes Recycled Rubber Doormat, 18\" x 30\"", "tags": "All Doormats Entryway Welcome Mats Coir Funny Door Fun & Decorative Spring Indoor", "relevancy_score": 157.15221818181817, "price": "$11.87"}, {"title": "Mainstays Glass with Black Base Table Lamp, 18\" H", "tags": "Shop All Table Lamps by Style Modern Color White Material", "relevancy_score": 113.80218571428571, "price": "$24.84"}, {"title": "(#72) 1 Panel Taupe Tan Solid Thermal Foam Lined Blackout Heavy Thick Window Curtain Drapes Bronze Grommets 84\" Length", "tags": "Teens' Window Treatments Best Cooling Sheets & Bedding for Hot Sleepers Room Darkening Curtains Sheer Kitchen Curtain Sets Teen", "relevancy_score": 640.7021547169811, "price": "$9.75"}, {"title": "Eclipse Nottingham Thermal Energy-Efficient Grommet Curtain Panel", "tags": "Teens' Window Treatments Blackout Curtains Best Cooling Sheets & Bedding for Hot Sleepers Sheer Kitchen Dorm Room Essentials Curtain Sets", "relevancy_score": 2124.8597203125, "price": "$11.90"}, {"title": "Bali 1\" Industrial Curtain Rod Set, 36-66\" or 66\"-120\"", "tags": "Teens' Window Treatments Single Curtain Rods Curtains Double Room-Darkening Smart & Motorized Cafe", "relevancy_score": 558.1987396226415, "price": "$16.99"}, {"title": "Emerson SmartSet Clock Radio", "tags": "Kids' Clocks Teens' Wall Decor Dorm Study Essentials Shop All Farmhouse", "relevancy_score": 384.96113529411764, "price": "$19.96"}, {"title": "Better Homes & Gardens 3-Piece Lamp Set, Bronze Finish", "tags": "Modern Table Lamps Shop All Lamp Sets Bedroom Living Room by Color Material", "relevancy_score": 516.4139833333334, "price": "$69.99"}, {"title": "Safe & Healthy UV Light As Seen On TV", "tags": "All As Seen on TV Kitchenware Gotham Steel Griddles Skillets &Fry Pans Outdoor and Tools Lighting & Top Picks Cookware", "relevancy_score": 421.84320991735535, "price": "$17.01"}, {"title": "ScentSationals Edison Wax Warmer, Marcone", "tags": "Wax Warmers Macram\u00e9 Wall Hangings Best Bedroom Products if You Can't Sleep Better Homes & Gardens Decor Melts Oil Diffusers Shop All Fall Kitchen Art", "relevancy_score": 83.15980425531914, "price": "$17.88"}, {"title": "Mainstays 12x18 Trendsetter Poster Frame, Black (Set of 2)", "tags": "Teens' Wall Decor Galleries Top Trends Dorm Study Essentials Better Homes & Gardens Room Shop All", "relevancy_score": 0.0, "price": "$15.29"}, {"title": "Sunbeam Heated Microplush Throw, Black Buffalo Plaid", "tags": "Sherpa Throws Throw Blankets Plush Basic Bed Faux Fur Soft", "relevancy_score": 29.51873333333333, "price": "$28.96"}, {"title": "CHF & You Wines Tier Curtain Complete Window Set", "tags": "Room Darkening Curtains Kitchen Rugs Shop All Art Prints Valances Curtain Sets Rug Anti-Fatigue Mats", "relevancy_score": 412.46059512195126, "price": "$5.99"}, {"title": "Better Homes & Gardens 22 oz French Country Vanilla Single-Wick Candle", "tags": "Better Homes & Gardens Decor Yankee Candle Fall Indoor Scented Candles Shop All WoodWick", "relevancy_score": 29.51873333333333, "price": "$8.97"}, {"title": "Better Homes & Gardens 15 mL 100% Pure Sweet Grapefruit Essential Oil", "tags": "Wax Warmers Best Bedroom Products if You Can't Sleep Better Homes & Gardens Decor Fragrance Oils Shop All Fall Dorm WoodWick Candles Cheeseboards", "relevancy_score": 78.05980425531915, "price": "$4.97"}, {"title": "Mainstays White Ceramic Table Lamp", "tags": "Shop All Table Lamps by Style Modern Color Ceramic White Material", "relevancy_score": 71.25980425531914, "price": "$24.84"}, {"title": "Coolmade 84FT 12 Strands Artificial Flowers Silk Fake Ivy Leaves Hanging Vine Ivy Plants Leaf Garland for Wedding Party Garden Home Wall Decor", "tags": "Artificial Flowers Greenery Panels Wedding Shop All Fall Floral Decor Plants Succulents Trees Cemetery", "relevancy_score": 450.5469373134328, "price": "$14.99"}, {"title": "ScentSationals Enjoy the Little Things Wall Accent Scented Wax Warmer", "tags": "Better Homes & Gardens Decor Yankee Candle Wax Melts Oil Diffusers Shop All Fall Candles Dorm WoodWick", "relevancy_score": 89.46018181818182, "price": "$10.00"}, {"title": "Better Homes & Gardens Garden Blossoms Decorative Throw Pillow, 20\" x 20\", Multicolor", "tags": "Fall Pillows Better Homes & Gardens Decor Indoor Christmas Throw Decorative Pillow Covers Shop All Dorm Bedding", "relevancy_score": 746.2242510638298, "price": "$15.87"}, {"title": "Mainstays White Unscented Tea Light Candles, Clean & Long Burn Time of 3-5 hrs, 200-Count", "tags": "", "relevancy_score": 923.3710945606695, "price": "$17.00"}, {"title": "Mainstays Natural Textured Accent Shade", "tags": "Shop All Lampshades Drum Table Lamps by Color Black Chandelier Lamp Bases Material", "relevancy_score": 112.27141886792452, "price": "$9.94"}, {"title": "Lava the Original 14.5-Inch Colormax Lamp with Rainbow Decal Base", "tags": "Kids' Lighting Shop All Salt Lamps Novelty Lights Lava Plasma Balls Table Rock & Himalayan", "relevancy_score": 248.62130322580643, "price": "$11.87"}, {"title": "Woven Geometric Room Darkening Grommet Curtain Panel", "tags": "Teens' Window Treatments Blackout Curtains Best Cooling Sheets & Bedding for Hot Sleepers Sheer Kitchen Dorm Room Essentials Curtain Sets", "relevancy_score": 129.71965423728815, "price": "$9.87"}, {"title": "Hem White Sage Incense, 120 Stick Box", "tags": "Kids' Pillows Artificial Flowers Best Bedroom Products if You Can't Sleep Shop All Decor Plants and Fragrance Oils Oil Diffusers Cemetery", "relevancy_score": 121.60218571428571, "price": "$7.95"}, {"title": "Your Zone LED Table Lamp, Available in multiple styles", "tags": "Girls Bedding Shop All Kids' Decor Teens' Room Lamps & Lights Comforter Sets Night Table", "relevancy_score": 280.16477499999996, "price": "$12.97"}, {"title": "ITC Donald Trump for President 2020 Yard Signs with H-Frames 18\"x24\" (with American Flags)", "tags": "Metal Wall Art Teens' Decor Better Homes & Gardens Farmhouse Clocks Picture Frames Shop All Fall Mirrors", "relevancy_score": 71.81715, "price": "$15.90"}, {"title": "SHARP Digital Alarm Clock with Dual Alarm", "tags": "Kids' Clocks Teens' Wall Decor Top Must Haves For College Dorm Study Essentials Shop All", "relevancy_score": 664.8782235294117, "price": "$9.88"}, {"title": "Better Homes & Gardens 5/8\" Diameter Oil Rubbed Bronze Add-on Rod, 44 - 120\" Expandable Width", "tags": "Single Curtain Rods Curtains Better Homes & Gardens Decor Kitchen Double Cafe Rod Holders Brackets", "relevancy_score": 238.00807441860468, "price": "$19.88"}, {"title": "Closetmaid 2ft Multi-Purpose Storage Vinyl Coated Wire Shelf Kit, White", "tags": "Shelving Storage Rubbermaid Closet Organizers Bathroom Shelves Systems Garage and Racks Hanging Ironing Boards Wall Small bedroom ideas", "relevancy_score": 119.46018181818182, "price": "$11.44"}, {"title": "Montevilla Core Leaf Ball 5/8\" Curtain Rod Set", "tags": "Single Curtain Rods Curtains Better Homes & Gardens Decor Holdbacks Double Cafe Rod Holders Brackets", "relevancy_score": 172.58147462686566, "price": "$12.99"}, {"title": "Kenney Chelsea 5/8\u201d Standard Decorative Window Double Curtain Rod, 48-86\", Black", "tags": "Curtain Rods & Hardware Single Curtains Kitchen Kids Cafe Rod Holders Brackets", "relevancy_score": 100.82447692307692, "price": "$11.40"}, {"title": "Febreze Home Collection Scented Jar Candle, Peach Cilantro, 12 oz, Single", "tags": "Votive Candles LED Better Homes & Gardens Decor Unscented Ocean Scented Fall", "relevancy_score": 186.46422857142858, "price": "$10.00"}, {"title": "Exclusive Home Chateau Striped Faux Silk Grommet Top Curtain Panel, Set of 2", "tags": "Kids' Curtains Teens' Window Treatments Blackout Sheer Kitchen Curtain Sets Teen", "relevancy_score": 327.2343, "price": "$59.99"}, {"title": "Collections Etc Reversible Quilted Recliner Cover, Spill-Resistant with Ties - Covers Seat Bottom, Seat Back and 2 Seat Arms (RECLINER, CHOCOLATE/TAN)", "tags": "Couch Covers Recliner Chair All Recliners Pet Furniture Armchair Loveseat Loveseats", "relevancy_score": 405.92017931034485, "price": "$19.99"}, {"title": "WoodWick, Medium Hourglass Candles | Warm Woods", "tags": "Wax Warmers Yankee Candle Fall Indoor Decor Scented Candles Shop All Better Homes & Gardens WoodWick", "relevancy_score": 79.89996521739131, "price": "$14.88"}]