[{"title": "Mainstays Memory Foam Futon, Black Suede", "tags": "Small Living Room Ideas Contemporary Futons Gray Memory Foam Dorm Bedroom Furniture Full Mainstays All", "relevancy_score": 1480.0306390977444, "price": "$159.00"}, {"title": "BISSELL 3-in-1 Lightweight Corded Stick Vacuum", "tags": "Best Stick Vacuums Vacuum Cleaners Dorm Floorcare Handheld Bissell Essentials Room", "relevancy_score": 18317.12714297074, "price": "$19.86"}, {"title": "Keurig K-Duo Essentials Coffee Maker, with Single Serve K-Cup Pod and 12 Cup Carafe Brewer, Black", "tags": "Single Serve Coffee Makers Dorm Appliances Small kitchen ideas Room Essentials Espresso Machines Ninja Hamilton Beach", "relevancy_score": 13564.320102339181, "price": "$79.00"}, {"title": "Shark Professional Electronic Steam Corded Pocket Mop SE450", "tags": "Stick Vacuums Shark Steam Cleaners Vacuum Dorm Floorcare Mops Essentials Room", "relevancy_score": 849.7585626911315, "price": "$59.00"}, {"title": "Linenspa Dreamer 12 inch Gel Memory Foam Hybrid Mattress, Queen", "tags": "California King Mattresses Full Twin Queen Shop All by Comfort Level Size", "relevancy_score": 10872.306033333334, "price": "$250.00"}, {"title": "Lucid 10\" Gel Memory Foam Mattress, Firm, Queen", "tags": "Full Mattresses Mattress-in-a-Box King Queen Shop All by Comfort Level Dorm Size", "relevancy_score": 7933.086963245998, "price": "$152.99"}, {"title": "Keurig K-Compact Single-Serve K-Cup Pod Coffee Maker, Imperial Red", "tags": "Kitchen Appliances Single Serve Coffee Makers Keurig Dorm Small kitchen ideas Room Essentials Espresso Machines Dining", "relevancy_score": 27284.337346174427, "price": "$59.00"}, {"title": "Mainstays Classic 6 Drawer Dresser, White Finish", "tags": "Gray Dressers Oak Shop all Espresso Modern 6 Drawer Black", "relevancy_score": 3504.2313915857603, "price": "$140.00"}, {"title": "BISSELL PowerForce Helix Bagless Upright Vacuum", "tags": "Best Vacuum Cleaners Dorm Floorcare Bissell Vacuums Upright Pet Essentials Room", "relevancy_score": 18409.32659789644, "price": "$54.00"}, {"title": "Arctic King 3.2 Cu Ft Two Door Mini Fridge with Freezer, Stainless Steel", "tags": "Galanz Refrigerators All Mini Fridges & Compact Dorm Appliances Freezerless Shop Refrigerator Brands Dining Essentials Garage Fridge Two Door", "relevancy_score": 8216.787848158132, "price": "$149.00"}, {"title": "Shark Professional Electronic Steam Corded Pocket Mop SE450", "tags": "Stick Vacuums Shark Steam Cleaners Vacuum Dorm Floorcare Mops Essentials Room", "relevancy_score": 849.7585626911315, "price": "$59.00"}, {"title": "Shark VACMOP\u2122 Cordless Hard Floor Vacuum Mop with Disposable VACMOP Pad, VM200", "tags": "Vacuum Accessories Steam Cleaners Dorm Floorcare Bissell Vacuums Essentials Shark Mops Upright", "relevancy_score": 1873.0830701754387, "price": "$78.00"}, {"title": "Mainstays Faux Fur Saucer Chair, Multiple Colors", "tags": "Folding Tables & Chairs Kids' Seating Teens' Lounge Top Must Haves For College Bean Bag Dorm Bedroom Furniture Adult Teen All", "relevancy_score": 5577.059728506788, "price": "$38.00"}, {"title": "Mainstays 8x10 Format Picture Frame, Set of 6", "tags": "Teens' Wall Decor Galleries Top Trends Dorm Study Essentials Shop All Fall Room", "relevancy_score": 18101.526774076756, "price": "$12.87"}, {"title": "Eclipse Samara Blackout Energy-Efficient Thermal Curtain Panel", "tags": "Teens' Window Treatments Best Cooling Sheets & Bedding for Hot Sleepers Room Darkening Curtains Kitchen Curtain Rods Dorm Essentials Sets", "relevancy_score": 29038.9395014163, "price": "$9.87"}, {"title": "Better Homes & Gardens 4 Cube Storage Organizer, Multiple Colors", "tags": "Modular Storage Dorm Study Essentials Small Living Room Ideas Cube Bookcases & Bookshelves Space Organization Desks Office Furniture White", "relevancy_score": 7145.777473716759, "price": "$75.00"}, {"title": "Smilemart Mid Back Adjustable Rolling Desk Chair, Black", "tags": "Teens' Desks Study Room Dorm Furniture Essentials Executive Office Chairs Ergonomic White Commercial", "relevancy_score": 2455.9501326963905, "price": "$48.99"}, {"title": "1800 Thread Count 4 Piece Deep Pocket Bedroom Bed Sheet Set Queen - Gray", "tags": "Bed Sheets Twin King White Queen Sheet Sets Full Warm & Cozy", "relevancy_score": 7892.785001869508, "price": "$24.82"}, {"title": "Mainstays 6 Cube Storage Organizer, Black", "tags": "Small Living Room Ideas Dorm Storage Essentials Cube Bookcases & Bookshelves Space Organization Bedroom Furniture Desks Office White", "relevancy_score": 4200.0312682215745, "price": "$29.00"}, {"title": "Swiffer WetJet Multi Surface Mopping Pad Refill, 24 Ct", "tags": "Swiffer Quick Clean - Mopping and Dusting All Disinfectant Wipes Bleach Mops Clorox", "relevancy_score": 7154.684629838406, "price": "$11.97"}, {"title": "Umbra Brim 13 Gallon (50L) Trash Can with Lid", "tags": "13 Gallon Trash Cans Wastebaskets Step Hefty Rubbermaid Teens' Bathroom simplehuman Stainless Steel", "relevancy_score": 1621.0432730923694, "price": "$31.80"}, {"title": "BLACK+DECKER Easy Steam Anti-Drip Compact Steam Iron, Green, IR02V", "tags": "Dorm Bath & Laundry Floorcare Appliances Black+Decker Clothes Irons Professional Rowenta Steamers Room Essentials Travel", "relevancy_score": 4436.729515599343, "price": "$9.97"}, {"title": "George Foreman 4-Serving Removable Plate Electric Grill and Panini Press, Black, GRP1060B", "tags": "Kitchen Appliances Sandwich Makers & Panini Press Best Indoor Grills Small kitchen ideas Shop All Slow Cookers George Foreman Presses", "relevancy_score": 4252.224093086927, "price": "$29.96"}, {"title": "Mainstays Water Repellent 70\" x 72\" Fabric Shower Liner", "tags": "Shower Curtain Hooks & Rods Teens' Curtains Dorm Bath Laundry Liners White Essentials Room Fabric", "relevancy_score": 2234.914851024209, "price": "$7.83"}, {"title": "The Pioneer Woman Fiona Floral Extra-Wide Slot 2-Slice Toaster", "tags": "Shop All The Pioneer Woman Blenders Food Prep Dishes Tools and Gadgets 2 Slice Toasters New Arrivals", "relevancy_score": 2330.6193022547227, "price": "$23.99"}, {"title": "The Pioneer Woman Adeline 16-Ounce Emboss Glass Tumblers, Set of 4", "tags": "Shop All The Pioneer Woman Dish Sets Small kitchen ideas Dinnerware Drinkware Dishes Drinking Glasses New Arrivals", "relevancy_score": 4309.822981366459, "price": "$16.99"}, {"title": "Ultimate Guardian, Lab Tested, 100 Percent Bed Bug Proof Mattress Protector", "tags": "Mattress Pads & Protectors Toppers Waterproof Bed Bug Basic Covers Top Home Allergy Relief Products Zippered", "relevancy_score": 2214.028544229642, "price": "$16.27"}, {"title": "Corelle Classic Winter Frost White 10.25\" Dinner Plate, Set of 6", "tags": "Dinnerware Sets Serving Bowls White Plates Dinner Dorm Dining Essentials & Hydration", "relevancy_score": 3493.7856120651695, "price": "$20.04"}, {"title": "Mainstays Pierremont 20 Piece Polished Stainless Steel Flatware Set", "tags": "Dorm Appliances Small kitchen ideas Dinnerware Sets Cookware Room Essentials Dining Drinking Glasses & Hydration", "relevancy_score": 3665.800040355125, "price": "$9.96"}, {"title": "Beautyrest Latex Pillow with Removable Cover in Multiple Sizes", "tags": "Pillows Bed Shop All Queen Size Basic Pillow Bundles (2 packs & 4 Packs) King Standard", "relevancy_score": 4983.648274410774, "price": "$39.88"}, {"title": "Keurig K-Slim Coffee Maker, Single Serve K-Cup Pod Coffee Brewer, 8 to 12 oz. Brew Sizes, Black", "tags": "Cuisinart Coffee Makers Single Serve Dorm Appliances Small kitchen ideas Room Essentials Espresso Machines Hamilton Beach", "relevancy_score": 2283.735210466439, "price": "$69.99"}, {"title": "Shark Steam Mop, S1000WM", "tags": "Steam Cleaners Shark Best Bissell Dorm Floorcare Hard Floor Mops", "relevancy_score": 1896.0801418439717, "price": "$23.93"}, {"title": "Rest Haven 5 inch Gel Memory Foam Mattress, Twin XL", "tags": "Full Mattresses Mattress-in-a-Box Twin Dorm Room Essentials Shop All by Comfort Level Size", "relevancy_score": 3554.6986874236873, "price": "$82.99"}, {"title": "Rest Haven 14\" Steel Platform Bed Frame, King, Black", "tags": "Twin Bed Frames Platform Shop all Queen King California Full Metal", "relevancy_score": 3007.462892376682, "price": "$89.00"}, {"title": "Sertapedic Won't Go Flat Pillow, Set of 2, Standard/Queen", "tags": "", "relevancy_score": 8988.30088605741, "price": "$28.00"}, {"title": "Big Joe Milano Bean Bag Chair, Multiple Colors - 32\" x 28\" x 25\"", "tags": "Teens' Lounge Seating Bean Bag Chairs Shop All Kids' Furniture Dorm Bedroom Adult & Teen Playroom", "relevancy_score": 7768.291996448504, "price": "$50.00"}, {"title": "Galanz 4.3 cu ft Single Door Mini Fridge with Chiller GL43S5, Stainless", "tags": "Galanz Refrigerators Mini Fridges with Freezers Dorm Appliances Small kitchen ideas Freezerless Shop All Refrigerator Brands Dining Essentials Garage Fridge", "relevancy_score": 1648.1549690641916, "price": "$134.00"}, {"title": "Sterilite 40 Gal. Wheeled Industrial Tote Black Set of 2", "tags": "Shop All Storage Baskets & Bins Dorm Essentials Sterilite Trunks Plastic Chests Totes", "relevancy_score": 3261.277489626556, "price": "$42.98"}, {"title": "Original Bed Bug Blocker Zippered Mattress Cover Protector", "tags": "Waterproof Mattress Protectors Dorm Bedding Essentials Bed Bug Basic Pads & Covers Top Home Allergy Relief Products Zippered", "relevancy_score": 7007.083103183735, "price": "$28.79"}, {"title": "Smilemart Mid Back Adjustable Rolling Desk Chair, Black", "tags": "Teens' Desks Study Room Dorm Furniture Essentials Executive Office Chairs Ergonomic White Commercial", "relevancy_score": 2455.9501326963905, "price": "$48.99"}, {"title": "Keurig K-Slim Coffee Maker, Single Serve K-Cup Pod Coffee Brewer, 8 to 12 oz. Brew Sizes, Black", "tags": "Cuisinart Coffee Makers Single Serve Dorm Appliances Small kitchen ideas Room Essentials Espresso Machines Hamilton Beach", "relevancy_score": 2283.735210466439, "price": "$69.99"}, {"title": "Tal 64 Ounce Double Wall Vacuum Insulated Stainless Steel Ranger Pro Teal Water Bottle", "tags": "Plastic Water Bottles Travel Mugs Flasks TAL Ozark Trail Kids' Thermoses Dorm Dining & Hydration", "relevancy_score": 3361.393453131568, "price": "$19.74"}, {"title": "Mainstays 17 QT Plastic Sweater Storage Box, Clear, 6 Pack", "tags": "Shoe Storage Boxes Plastic Bins & Baskets Dorm Essentials Underbed Sterilite Shop All Kids' Small bedroom ideas", "relevancy_score": 1486.8020663033608, "price": "$24.88"}, {"title": "Sterilite 3 Drawer Cart Black Set of 2", "tags": "Dorm Storage Sterilite Garage Shelves and Racks Room Essentials Plastic Drawers & Carts", "relevancy_score": 5386.2516856987495, "price": "$47.20"}, {"title": "Better Homes & Gardens Thick and Plush Heathered Bath Towel, Taupe Splash/Arctic White", "tags": "Bath Towel Sets Shop All Towels Dorm & Laundry Sheets Bundles Essentials Room Hand", "relevancy_score": 1968.6664806547622, "price": "$7.72"}, {"title": "Sterilite 3 Weave Drawer Unit Espresso", "tags": "Teens' Drawers & Carts Filing Cabinets Dorm Storage Sterilite Garage Shelves and Racks Plastic", "relevancy_score": 4273.021851078635, "price": "$38.97"}, {"title": "Mainstays 100% Cotton Washcloth, Pack of 24, Multiple colors", "tags": "Bath Towels Towel Sets Dorm & Laundry Sheets Bundles Essentials Room Hand", "relevancy_score": 5207.157678983834, "price": "$9.99"}, {"title": "Sterilite 3 Drawer Weave Tower Espresso Case of 2", "tags": "Shop All Storage Baskets & Bins Dorm Essentials Sterilite IRIS Containers Plastic Drawers Carts Boxes", "relevancy_score": 3989.8094153378897, "price": "$29.96"}, {"title": "Tranquility Temperature Balancing Weighted Blanket with Washable Cover, 12 lbs", "tags": "Heavy Blankets Weighted 12lb 15lb Shop all Blanket for Adults 20lb All", "relevancy_score": 4825.84991708126, "price": "$34.95"}, {"title": "Mainstays 48\" Fold-in-Half Table, Rich Black", "tags": "Kitchen & Dining Folding Chairs Plastic Tables Black Shop All White", "relevancy_score": 1134.7027584204416, "price": "$34.88"}, {"title": "Tal 40 Ounce Double Wall Vacuum Insulated Stainless Steel Ranger Pro Water Bottle, Camo", "tags": "Shop All Food Storage Containers Plastic Water Bottles Travel Mugs Flasks TAL Kids' Thermoses Dorm Dining & Hydration", "relevancy_score": 2454.935590573538, "price": "$19.57"}, {"title": "Tal 26 Ounce Black Ranger Water Bottle with Straw, Black", "tags": "Plastic Water Bottles Travel Mugs Flasks Contigo TAL Bubba Thermoses Dorm Dining & Hydration", "relevancy_score": 1530.8115163572063, "price": "$12.74"}, {"title": "Kerr Glass Mason Jar W/ Lid & Band, Regular Mouth, 32 Ounces, 12 Count", "tags": "Mason Jars & Canning Coffee Storage Shop All Food Containers Kitchen Canisters Wedding Registry Glass Meal Prep Dorm Dining Hydration", "relevancy_score": 708.6319444444445, "price": "$72.52"}, {"title": "Mainstays HUGE Pillow 20\" x 28\" in Blue and White Stripe Set of 2", "tags": "Bedding Basics Bed Pillows & Home Aids to Stop Snoring Shop All Dorm Essentials Basic Fiber Fill Pillow Bundles (2 packs 4 Packs)", "relevancy_score": 6970.279090909091, "price": "$12.99"}, {"title": "FoodSaver 11\" x 16' Vacuum Seal Roll, 2 Pack", "tags": "Food Savers & Accessories Vacuum Bags Lunch Boxes Shop All Sealers FoodSaver", "relevancy_score": 1861.6447841726617, "price": "$17.98"}, {"title": "Mainstays Full Length Beveled-Edge Mirror 48\" x 12\"", "tags": "Dorm Bath & Laundry Shop All Novelty Lights Fall Decor Wall Mirrors Room Essentials Over The Door Leaner Mirror Floor", "relevancy_score": 1326.1039972899728, "price": "$17.44"}, {"title": "Bubba 24 Oz Envy Insulated Stainless Steel Tumbler with Straw", "tags": "Plastic Water Bottles Shop All Tumblers Outdoor Melamine Dinnerware Bubba Ozark Trail Drinking Glasses Dorm Dining & Hydration", "relevancy_score": 3018.5596251266466, "price": "$8.99"}, {"title": "Rubbermaid, Press & Lock Easy Find Lids, Food Storage Containers, Teal, 42-Piece Set", "tags": "Shop All Food Storage Containers Rubbermaid Kitchen Wedding Registry Dorm Cookware Sets Meal Prep Dining Essentials & Hydration", "relevancy_score": 1477.5703511374875, "price": "$18.99"}, {"title": "Command Clear Small Wire Hooks, 9 Hooks, 12 Strips Per Pack", "tags": "All Bathroom Fixtures Sandpaper and Abrasives Sealants, Fillers & Adhesives Picture Hangers Coat Hooks 3M Company Towel", "relevancy_score": 1179.936559139785, "price": "$7.88"}, {"title": "Pyrex Simply Store 18-piece Set", "tags": "Food Storage Shop All The Pioneer Woman Baking Dishes Containers Bakeware Sets Glass Meal Prep Dorm Dining & Hydration", "relevancy_score": 2942.6668984870666, "price": "$31.22"}, {"title": "Great Value 4-Pack LED Automatic Light-Sensing Night Light, Soft White", "tags": "Decorative Night Lights Shop All The Pioneer Woman Plug-In Bakeware Sets Kids' LED Battery Operated", "relevancy_score": 1986.6747107736803, "price": "$5.96"}, {"title": "Quickie Stand & Store Lobby Broom & Dustpan", "tags": "Libman Brooms Cleaning Refills Mops Kitchen Cleaners Bowl Brushes & Plungers O-cedar Sponges and Scrubbers All Great Value", "relevancy_score": 2051.622747747748, "price": "$10.99"}, {"title": "Sertapedic Endless Comfort Pillow, Set of 2, King Size", "tags": "", "relevancy_score": 340.61309523809524, "price": "$33.92"}, {"title": "Equate Premium Heavyweight Cleansing Washcloths, 8 Count", "tags": "Bath Towels Towel Sets Dorm & Laundry Sheets Essentials Room Hand Teens' Bathroom", "relevancy_score": 750.9665343915344, "price": "$3.48"}, {"title": "Mainstays Easy-Hang Adjustable 40\" Shower Curtain Tension Rod, 1 Each", "tags": "Curtain Rods & Hardware Dorm Bath Laundry White Shower Curtains Tension Rings Magnetic", "relevancy_score": 416.7969362745098, "price": "$4.96"}, {"title": "Great Value Lobby Broom & Dustpan Kit", "tags": "Libman Brooms Cleaning Refills Mops O-cedar", "relevancy_score": 243.48201754385966, "price": "$9.97"}, {"title": "Clorox PEVA Heavyweight Frosted Shower Curtain Liner, 72\" x 72\"", "tags": "Shower Curtain Sets Dorm Bath & Laundry White Curtains Essentials Room Fabric Extra Long", "relevancy_score": 48.04523809523809, "price": "$9.96"}, {"title": "Mainstays Performance Shiny Chenille Absorbent Memory Foam Bath Mat, 17\u201d x 24\u201d, Mint", "tags": "", "relevancy_score": 278.16737588652484, "price": "$9.98"}, {"title": "Mainstays Salt & Pepper Set, 2-Pieces", "tags": "Counter Organizers Cooking Utensils Dorm Bundles Food Prep Room Essentials Dining Kitchen & Utensil Sets Hydration", "relevancy_score": 566.0147849462365, "price": "$4.42"}, {"title": "Command Refill Strips, White, Large, 6 Strips/Pack", "tags": "Hangers Bathroom Accessories Dorm Bath & Laundry Storage Essentials Desktop Drawer Organizers Room Command Hooks", "relevancy_score": 141.71489071038252, "price": "$2.38"}, {"title": "Clorox Cushioned 17 In. x 36 In. Bathtub Mat, Sky Blue", "tags": "Bathroom Rug Sets Rugs Dorm Bath & Laundry Memory Foam Mats Shower Curtains Fashion Non-Slip", "relevancy_score": 545.3201923076923, "price": "$11.96"}, {"title": "Hefty\u2122 Weighted Blanket", "tags": "", "relevancy_score": 0.0, "price": "$19.95"}, {"title": "Deep Pocket 4 Piece Bed Sheet Set, Available in King Queen Full Twin and California King, Soft Microfiber, Hypoallergenic, Cool & Breathable, Bedding Bed Sheets set by Clara Clark (Queen, Silver Gray)", "tags": "Bed Sheets Twin Microfiber King White Queen Full Warm & Cozy", "relevancy_score": 5381.751598639456, "price": "$31.49"}, {"title": "Mainstays Waffle Textured Fabric Shower Curtain", "tags": "Teens' Shower Curtains & Hooks Curtain Sets Dorm Bath Laundry Liners White Essentials Rings Fabric", "relevancy_score": 1038.8554487179488, "price": "$9.88"}, {"title": "The Pioneer Woman Frontier Speckle 10-Piece Cookware Set, Turquoise", "tags": "The Pioneer Woman Cookware Non Stick sets Sets Pots and Pans New Arrivals &", "relevancy_score": 1241.3210423634334, "price": "$79.00"}, {"title": "Zinus Mia 38\" Black Metal Platform Bed with Headboard, Queen", "tags": "King Beds Modern Queen Platform Twin Metal Full Shop all", "relevancy_score": 5851.0557038199895, "price": "$129.00"}, {"title": "Beautyrest Silver Luxurious Spa Comfort Pillow in Multiple Sizes", "tags": "Pillows Bed Shop All Queen Size Basic Fiber Fill King Standard", "relevancy_score": 3065.7821203953276, "price": "$20.83"}, {"title": "Mainstays 1.5-inch Memory Foam Mattress Topper, Twin/Twin XL", "tags": "Mattress Pads & Protectors Toppers Best Mattresses Bedding for Back Pain Relief Infused Topper Pillow Top Dorm Gel Memory Foam", "relevancy_score": 562.5411458333333, "price": "$24.98"}, {"title": "Unique Loom Salle Garnier Sofia Distressed Vintage Area Rug or Runner", "tags": "Area Rugs for All Rooms Rug Shapes Brands in Patterns Square Weaves Blue", "relevancy_score": 1420.786884469697, "price": "$18.98"}, {"title": "GreenLife 18-Piece Soft Grip Toxin-Free Healthy Ceramic Non-stick Cookware Set, Turquoise", "tags": "The Pioneer Woman Cookware Non Stick Non-Stick Greenlife Induction Dorm Bundles Ceramic Dining & Hydration", "relevancy_score": 1579.0354938271605, "price": "$84.98"}, {"title": "Mainstays 1.25\" 5 Zone Hypoallergenic Mattress Topper, 1 Each, Twin-XL", "tags": "Bedding Basics Mattress Pads & Protectors Toppers Basic Infused Topper Cooling Dorm Mattresses Gel Memory Foam", "relevancy_score": 2071.124851190476, "price": "$9.94"}, {"title": "Mainstays Solid Olefin High Pile Shag Area Rug, Gray, 7'x10'", "tags": "All Runner Rugs Area Rug Brands in Styles Patterns 5' x 7' Blue Modern Rectangle", "relevancy_score": 3224.890489944373, "price": "$79.87"}, {"title": "Your Zone Cabana Stripe Curtain Panel, Set of 2", "tags": "Kids' Curtains Blackout Room Darkening Sheer Kitchen Curtain Sets Teen", "relevancy_score": 1174.3166103603605, "price": "$9.94"}, {"title": "Libman Freedom Spray Mop", "tags": "Swiffer Cleaning Refills Mops Quick Clean - Mopping and Dusting Bona Floor Cleaners O-cedar", "relevancy_score": 837.9746279761904, "price": "$20.57"}, {"title": "Mainstays Fleece Plush Throw Blanket, Set of 2, Available in Multiple Prints", "tags": "Sherpa Throws Throw Blankets Shop All Teens' Bedding Christmas Decorative Fall Decor Plaid", "relevancy_score": 2339.6201730418943, "price": "$12.87"}, {"title": "Mainstays 69\" Charcoal Metal Etagere Shelf Floor Lamp", "tags": "Black Floor Lamps Shop all by Type All Style for Living Room Material Color", "relevancy_score": 2087.309759188847, "price": "$29.94"}, {"title": "BISSELL PowerForce Helix Turbo Bagless Vacuum (new version of 1701), 2190", "tags": "Bissell Pet Vacuums Best Vacuum Cleaners Dorm Floorcare Upright Essentials Room", "relevancy_score": 7303.279186844229, "price": "$69.00"}, {"title": "Aroma 8-Cup Programmable Rice & Grain Cooker, Steamer", "tags": "Garment Steamers Kitchen Appliances Instant Pot Black + Decker Rice Cookers Shop All Slow Dorm Room Essentials", "relevancy_score": 2726.0611236802415, "price": "$29.92"}, {"title": "Mainstays 8\" x 10\" Black Linear Frame, Set of 6", "tags": "Better Homes & Gardens Decor Oil Diffusers Picture Frames Shop All Fall Candles WoodWick Wall Cheeseboards", "relevancy_score": 1470.3059074573225, "price": "$18.99"}, {"title": "Keurig K-Elite, Single Serve K-Cup Pod Coffee Maker, Brushed Slate", "tags": "Single Serve Coffee Makers & Espresso Parts and Accessories Dorm Appliances Small kitchen ideas Room Essentials Ninja Meal Prep Containers", "relevancy_score": 10109.303396358544, "price": "$119.99"}, {"title": "Spa Sensations by Zinus Zoned Fusion Gel Memory Foam 3\" Mattress Topper, Queen", "tags": "Mattress Pads & Protectors Toppers Best Mattresses Bedding for Back Pain Relief Infused Topper Memory Foam Cooling Dorm Top Home Allergy Products", "relevancy_score": 3427.000040355125, "price": "$72.03"}, {"title": "Mainstays 11x14 Wide Float Picture Frame, Black Finish", "tags": "Better Homes & Gardens Decor Scented Candles Picture Frames Shop All Fall WoodWick Wall", "relevancy_score": 315.4637788778878, "price": "$9.87"}, {"title": "Better Homes and Gardens Thick and Plush Bath Towel, Sheared Paisley, Blue Linen", "tags": "Bath Towel Sets Shop All Towels Dorm & Laundry Sheets Bundles Essentials Hand Teens' Bathroom", "relevancy_score": 267.4017857142857, "price": "$9.72"}, {"title": "Mainstays Reversible Ultra Soft Solid Comforter in a Bag, Mint, Full/Queen", "tags": "Serta DHP Hamilton Beach Better Homes & Gardens Farberware Sauder Achim Furinno", "relevancy_score": 389.6114035087719, "price": "$14.97"}, {"title": "Farberware Professional Soft Grips Set of 3 Colanders in Green, Red, and Orange", "tags": "Kitchen Tools & Gadgets Mixing Bowls Cooking Utensils Farberware and All Cutting Boards Food Prep Utensil Sets Measuring", "relevancy_score": 1194.288009592326, "price": "$9.97"}, {"title": "Mid Back Mesh Ergonomic Computer Desk Office Chair, Black", "tags": "Study Room Dorm Furniture Essentials Small office ideas Executive Office Chairs Ergonomic White Commercial", "relevancy_score": 2364.8325129533678, "price": "$54.99"}, {"title": "Authentic Comfort 2-Inch Orthopedic 5-Zone Foam Mattress Topper, Queen", "tags": "Best Mattresses & Bedding for Back Pain Relief Infused Mattress Topper Memory Foam Pillow Top Cooling Toppers Dorm Gel", "relevancy_score": 9979.911653576104, "price": "$44.85"}, {"title": "BISSELL PowerFresh Steam Mop with Discs and Scrubber, 1940W", "tags": "Shark Steam Cleaners Best Bissell Vacuums Mops Dorm Vacuum Essentials Hard Floor", "relevancy_score": 15198.11910441044, "price": "$79.00"}, {"title": "Mainstays 7\" Adjustable Bed Frame, Black Steel, Sizes Twin - Queen", "tags": "Box Springs Queen Full Shop all Twin King Regular Profile", "relevancy_score": 5858.760098923115, "price": "$49.00"}, {"title": "Shark ION Robot\u00ae Vacuum R75, Wi-Fi Connected, Schedule Cleanings, and Voice Control with Google Assistant, Multi-Surface Cleaning, RV750", "tags": "Vacuum Cleaners Dorm Floorcare Roomba by iRobot Shark Vacuums Robot Essentials Steam Mops Upright", "relevancy_score": 4417.431760245241, "price": "$199.00"}, {"title": "Farberware 18-Piece Never Needs Sharpening Knife Block Set", "tags": "Steak Knives Specialty Bread Dorm Bundles All Cutting Boards Food Prep Kitchen & Cooking Utensil Sets Dining Hydration", "relevancy_score": 499.5924392935982, "price": "$19.97"}, {"title": "Household Essentials Open Fabric Storage Cube Bins, Set of 6, Teafog", "tags": "Dorm Storage Decorative Boxes Cube Bins Small Space & Organization Desks Office Furniture Fabric Baskets bedroom ideas", "relevancy_score": 2284.0994224422443, "price": "$35.99"}, {"title": "Mainstays Large Microsuede Saucer Chair, Multiple Colors", "tags": "Folding Tables & Chairs Kids' Seating Teens' Lounge Shop All Small Living Room Ideas Dorm Bedroom Furniture", "relevancy_score": 3439.9006131885803, "price": "$29.00"}, {"title": "Better Homes & Gardens Rustproof Double Easy Glide Shower Hooks, Set of 12, Brushed Nickel", "tags": "Shower Curtain Hooks & Rods Dorm Bath Laundry Liners White Curtains Essentials Room Fabric", "relevancy_score": 410.72880577427827, "price": "$7.96"}, {"title": "Hodedah 7-Drawer Dresser with Side Cabinet equipped with 3-Shelves, Chocolate", "tags": "Teens' Dressers Gray Oak White Shop all Modern Black", "relevancy_score": 947.6020663033605, "price": "$199.00"}, {"title": "Big Joe Megahh 100L Bean Refill, 2pk Bean Bag Refill", "tags": "Kids' Chairs & Seating Big Bean Bag Shop All Furniture Adult Teen Playroom", "relevancy_score": 687.6399267399268, "price": "$36.00"}, {"title": "Walnew Set of 4 Modern Upholstered Dining Chairs with Wood Legs (Gray)", "tags": "Modern Dining Chairs Set of 4 Traditional Tufted Wood All Upholstered 2", "relevancy_score": 1708.071600877193, "price": "$104.99"}, {"title": "Homedics 4\" Wave Support Memory Foam Antimicrobial Mattress Topper, Queen", "tags": "Mattress Pads & Protectors Toppers Best Mattresses Bedding for Back Pain Relief Memory Foam Topper Pillow Top Cooling Dorm Gel", "relevancy_score": 1016.0758610086101, "price": "$79.99"}, {"title": "Mainstays Memory Foam Pillowtop Futon with Cupholders, Black Faux Leather", "tags": "All Sofas Small Living Room Ideas Contemporary Futons Gray Modern & Brown Dorm Bedroom Furniture", "relevancy_score": 3052.8814050518718, "price": "$199.00"}, {"title": "Dirt Devil Power Max Pet Bagless Upright Vacuum Cleaner, UD70167P", "tags": "Vacuum Cleaners Dorm Floorcare Bissell Vacuums Upright Pet Dirt Devil", "relevancy_score": 6676.281330977621, "price": "$65.00"}, {"title": "Lucid Bounder 7\" Innerspring Mattress with Quilted Fabric Cover, Twin", "tags": "Full Mattresses Mattress-in-a-Box King Queen Shop All by Comfort Level Dorm Size", "relevancy_score": 1470.3059074573225, "price": "$89.99"}, {"title": "Urban Shop Mongolian Faux Fur Oversized Moon Chair", "tags": "Kids' Chairs & Seating Teens' Lounge Folding Shop All Black Furniture Upholstered", "relevancy_score": 394.22137681159415, "price": "$55.00"}, {"title": "Rest Haven Waterproof Top of Mattress Protector", "tags": "Waterproof Mattress Protectors Fitted Bed Bug Basic Pads & Covers Top Home Allergy Relief Products Zippered", "relevancy_score": 3261.277489626556, "price": "$19.35"}, {"title": "Somerset Home Series Microfiber Sheet Set, Blue, Twin", "tags": "Twin Sheets Microfiber King White Queen Sheet Sets Full Warm & Cozy", "relevancy_score": 3091.214967105263, "price": "$13.86"}, {"title": "Mainstays 3-Wick Candle, Cranberry Mandarin, Colored Jar - 14 oz", "tags": "Better Homes & Gardens Decor Yankee Candle Fall Indoor Scented Candles Shop All", "relevancy_score": 84.434375, "price": "$6.97"}, {"title": "Mainstays 5-Light Multi Head Floor Lamp, Silver with Multicolor Shade", "tags": "Black Floor Lamps Shop all by Type All Style for Living Room Material Color", "relevancy_score": 4859.740434325218, "price": "$24.92"}, {"title": "Arctic King 2.4 Cu Ft Single Door Mini Fridge, Black", "tags": "Galanz Refrigerators All Mini Fridges & Compact Dorm Appliances Small kitchen ideas Freezerless Shop Refrigerator Brands Dining Essentials Garage Fridge", "relevancy_score": 1147.9074712643678, "price": "$109.00"}, {"title": "Mainstays Basic Bath Collection - 2 Piece Bath Sheet Set, Rich Black", "tags": "Bath Towel Sets Shop All Towels Dorm & Laundry Sheets Turkish Bundles Essentials Hand", "relevancy_score": 987.874074074074, "price": "$12.98"}, {"title": "Better Homes & Gardens Acacia Wood Serving Tray with Gold Handles", "tags": "ClosetMaid DHP The Pioneer Woman Sauder Mainstays Mohawk Safavieh Furinno", "relevancy_score": 429.540811965812, "price": "$19.94"}, {"title": "Empire Home Essentials - sSuper Soft Warm Blanket", "tags": "Throw Blankets Bed Plush Basic Shop all Cotton Warm Comforters & Cozy Sleep Solutions Fleece", "relevancy_score": 791.5947557471264, "price": "$15.99"}, {"title": "Cafe Brew Collection 12 Cup Glass Universal Replacement Coffee Carafe", "tags": "Other Cooking Appliances Kitchen Coffee Prep & Espresso Parts and Accessories Cold Brew Makers Krups", "relevancy_score": 1279.292086834734, "price": "$10.97"}, {"title": "Eufy RoboVac 35C Wi-Fi Connected Robot Vacuum", "tags": "Vacuum Cleaners Dorm Floorcare Ecovacs Robot Vacuums Roomba by iRobot Shark Pet Essentials Steam Mops", "relevancy_score": 394.85959383753504, "price": "$282.21"}, {"title": "Better Homes & Gardens American Made Bath Rug, 3 Piece Bath Set, Charcoal", "tags": "Teens' Bath Mats Bathroom Rugs Dorm & Laundry Bundles Fashion Kids' Non-Slip", "relevancy_score": 2101.6893004115227, "price": "$10.88"}, {"title": "Mainstays Yellow Grey Chevron Bed in a Bag 6-Piece Bedding Comforter Set, Twin", "tags": "Teens' Bedding Sets Grey Comforters Shop All Comforter Queen Blue Dorm", "relevancy_score": 1342.5510124610591, "price": "$34.96"}, {"title": "FoodSaver GameSaver 11\" x 16' Vacuum Seal Rolls, 6 Pack", "tags": "Food Savers & Accessories Lunch Boxes Shop All Bags Rubbermaid Storage Vacuum Sealers FoodSaver", "relevancy_score": 5409.2475282485875, "price": "$83.79"}, {"title": "Command Slate Terrace Hook, Medium, 2 Hooks, 4 Strips/Pack", "tags": "All Bathroom Fixtures Sealants, Fillers & Adhesives Picture Hangers Coat Hooks Robe Towel Shower Caddies", "relevancy_score": 178.77727272727273, "price": "$2.88"}, {"title": "Equity by La Crosse 75903 0.9\" Blue LED Digital Desktop Alarm Clock", "tags": "Teens' Wall Decor Dorm Study Essentials Shop All Kids' Room Living Lamps", "relevancy_score": 930.8609169199594, "price": "$9.88"}, {"title": "Big Joe Dorm Chair, Multiple Colors - 33\" x 32\" x 25\"", "tags": "Teens' Lounge Seating Bean Bag Chairs Shop All Kids' Furniture Dorm Bedroom Adult & Teen Playroom", "relevancy_score": 13288.318348623852, "price": "$53.00"}, {"title": "Mainstays Faux Leather Bucket Accent Chair, Carbon", "tags": "Small living room ideas Club Chairs Tub Fabric Black Accent Brown Gray Blue", "relevancy_score": 1043.4475911458333, "price": "$99.00"}, {"title": "Step N' Sort 16-Gallon 2-Compartment Trash and Recycling Bin - Available in Multiple Colors.", "tags": "13 Gallon Trash Cans Dorm Storage Step Hefty Room Essentials simplehuman Stainless Steel Dining & Hydration", "relevancy_score": 4489.136478720099, "price": "$89.98"}, {"title": "Elephance Twin Size Metal Platform Bed with Bowknot Headboards Easy Assembly", "tags": "Shop All Kids' Beds Furniture Platform Twin for Boys Bedroom Metal Girls", "relevancy_score": 1240.3379153269025, "price": "$79.00"}, {"title": "Corelle Livingware Splendor 12.25\" Serving Platter", "tags": "Dinnerware Plates Sets Serving Bowls Dinner Dorm Dining Essentials & Hydration", "relevancy_score": 339.05083333333334, "price": "$11.86"}, {"title": "Sterilite, Wide 3 Drawer Unit, White", "tags": "Shelving Storage Teens' Drawers & Carts Filing Cabinets Dorm Sterilite Plastic", "relevancy_score": 1232.7011655011654, "price": "$77.11"}, {"title": "Seward Explorer 30\" Trunk with Wheels & Lock, Black", "tags": "Teens' Boxes, Bins & Baskets Seward Trunks All Plastic Chests Wood Crates Storage Boxes", "relevancy_score": 1075.6611850443599, "price": "$69.00"}, {"title": "The Pioneer Woman Cowgirl Lace 4-Piece 14-Ounce Mug Set, Linen", "tags": "Shop All The Pioneer Woman Dish Sets Bowls Kitchen Wedding Registry Dinnerware Dishes Dorm Dining Essentials Plates", "relevancy_score": 1268.9296448087432, "price": "$15.29"}, {"title": "The Pioneer Woman Fiona Floral/Blue Electric Kettle, 1.7-Liter", "tags": "The Pioneer Woman Cookware Shop All Dorm Appliances Dishes Tools and Gadgets Pots Pans New Arrivals &", "relevancy_score": 949.8353333333333, "price": "$31.49"}, {"title": "Luxurious Collection 1000 Thread Count 100% Cotton Sheet Set (Twin, Aqua)", "tags": "Bed Sheets Twin XL King White 100% Cotton Sheet Sets Full California", "relevancy_score": 1429.0354938271605, "price": "$32.99"}, {"title": "Ergonomic Office Chair Mesh Desk Chair Task Computer Chair Adjustable Stool Back Support Modern Executive Rolling Swivel Chair for Women&Men, Black", "tags": "Dorm Study Furniture Essentials Small office ideas Ergonomic Chairs Teens' Desk White Office Commercial", "relevancy_score": 1818.669063421829, "price": "$49.99"}, {"title": "Better Homes & Gardens 16 Piece Square Porcelain Dinnerware Set, White", "tags": "Summer Entertaining-Dinnerware Plates Small kitchen ideas Better Homes & Gardens Dinnerware White Dinner Dorm Dining Essentials Hydration", "relevancy_score": 1628.5239343563512, "price": "$44.86"}, {"title": "1500 Thread Count Egyptian Quality 1-Piece Fitted Sheet, Full Size, Aqua", "tags": "Bed Sheets Twin Microfiber King White Full California Warm & Cozy", "relevancy_score": 459.19693627450977, "price": "$14.99"}, {"title": "Farberware 16-Piece Nonstick Pots and Pans Set/Cookware Set, Copper", "tags": "Farberware Cookware Sets Copper Non Stick Non-Stick Dorm Bundles Tramontina Ceramic Dining & Hydration", "relevancy_score": 694.4591354723708, "price": "$59.00"}, {"title": "Casafield Set of 6 Collapsible Fabric Cube Storage Bins - 11\" Foldable Cloth Baskets for Shelves, Cubby Organizers & More", "tags": "Cube Storage Bins Desktop & Drawer Organizers Fabric Baskets Plastic Drawers Carts Small bedroom ideas", "relevancy_score": 725.3236245954691, "price": "$19.99"}, {"title": "No. 918 Vida Semi-Sheer Rod Pocket Single Curtain Panel", "tags": "Teens' Window Treatments Blackout Curtains Room Darkening Kitchen Valances Curtain Sets Teen", "relevancy_score": 334.27647058823527, "price": "$11.99"}, {"title": "Bubba Flo Duo Refresh Insulated Water Bottle, 24 Oz., Bold Blue", "tags": "Plastic Water Bottles Travel Mugs Contigo Silicone Insulated Bubba Kids' Thermoses", "relevancy_score": 924.0224726775956, "price": "$8.94"}, {"title": "Frigidaire 3.2 Cu Ft Retro Dry Erase Compact Refrigerator, (EFR331-BLACK), Black", "tags": "Retro Mini Fridges with Freezers All & Compact Refrigerators Dorm Appliances Small kitchen ideas Shop Refrigerator Brands Dining Essentials Garage Fridge", "relevancy_score": 1504.0354938271605, "price": "$119.97"}, {"title": "Chef Craft Long Nylon Slotted Select Turner, Red and Black", "tags": "Silicone Spatula Cooking Utensils Mainstays Safe for Nonstick Cookware Spoons Nylon Metal Kitchen & Utensil Sets", "relevancy_score": 311.05083333333334, "price": "$3.20"}, {"title": "Mainstays India Medallion Textured Print Area Rug and Runner Collection, Gray/Blue, 5' x 7'", "tags": "All Runner Rugs Area for Rooms Rug Shapes Brands in Patterns Colors Materials Sizes", "relevancy_score": 2598.538215488215, "price": "$47.88"}, {"title": "Mainstays Poly 12\" x 18\" Cutting Board", "tags": "Plastic Cutting Boards Cooking Utensils Bamboo Dorm Bundles All Food Prep Kitchen & Utensil Sets Mixing Measuring", "relevancy_score": 629.1706827309237, "price": "$9.97"}, {"title": "3 Gallon Mosaic Beverage Dispenser", "tags": "Shelving Storage Kitchen & Dining Shop All The Pioneer Woman Food Warmers Wedding Registry Ice Buckets Dorm Essentials", "relevancy_score": 458.5310283687943, "price": "$19.97"}, {"title": "100X 360 Degree Non Slip Velvet Clothes Suit/Shirt/Pants Hangers Black 17.72 \u00d7 9.29 \u00d7 0.2 inch, Capacity 5 Lb", "tags": "Kids Hangers Pants & Skirts Dorm Storage Metal Velvet Shop All Kids' Plastic Shelf Dividers", "relevancy_score": 1352.8458727655102, "price": "$34.99"}, {"title": "Mainstays 16-Piece Drinkware Glass Set", "tags": "Summer Entertaining-Drinkware Kitchen Wedding Registry Small kitchen ideas Dinnerware Sets Dorm Bundles Drinkware Dining Essentials & Hydration", "relevancy_score": 398.01140350877193, "price": "$18.99"}, {"title": "Hamburg 1.5 Gallon Beverage Dispenser & Stand", "tags": "Food Warmers Coffee Storage Kitchen Wedding Registry Cake Stands Pitchers & Carafes Serving Platters Trays Dorm Dining Essentials", "relevancy_score": 911.8495784695201, "price": "$13.49"}, {"title": "Rubbermaid, Modular Cereal Keeper with Flip-Top, Red, 18 Cup", "tags": "Counter Organizers Food Storage Coffee Shop All Containers Kitchen Canisters Rubbermaid Meal Prep Dorm Dining & Hydration", "relevancy_score": 1264.3282346491226, "price": "$8.10"}, {"title": "Farberware Classic 6-Piece Full Tang Triple Riveted Knife Prep Set with Black Handles", "tags": "Paring Knives Chef's Cutlery Sets Steak Specialty Bread Kitchen Dorm Dining & Hydration", "relevancy_score": 323.169696969697, "price": "$14.97"}, {"title": "Tranquility 12lbs Weighted Blanket", "tags": "Weighted Blankets Basic Bed Blanket Covers 15lb Shop all for Adults 20lb All", "relevancy_score": 680.4068965517242, "price": "$23.45"}, {"title": "Roborock S5 Max Robot Vacuum & Mop Cleaner - White", "tags": "", "relevancy_score": 158.7153645833333, "price": "$549.00"}, {"title": "Hamilton Beach 1.1 Cu. Ft. Red Microwave", "tags": "Top Must Haves For College Kitchen Appliances Small Microwaves Stainless Steel Dorm Room Essentials Shop All Red", "relevancy_score": 5096.257987976464, "price": "$74.84"}, {"title": "Hotel Luxury Bed Sheets - 4 Pieces - Extra Soft - 16\" Deep Pocket Brushed Microfiber Wrinkle Resistant Bedding Sheets King,Navy Blue", "tags": "Bed Sheets Microfiber White Queen Sheet Sets Deep Pocket Full Warm & Cozy", "relevancy_score": 979.94957846952, "price": "$26.99"}, {"title": "Blue Diamond 12-Piece Toxin-Free Ceramic Nonstick Cookware Set, Green", "tags": "Skillets & Frying Pans Non Stick Cookware Non-Stick Greenlife Induction Dorm Bundles Griddles Grill Ceramic", "relevancy_score": 971.3246598639456, "price": "$89.00"}, {"title": "Shark Navigator\u00ae Self-Cleaning Brushroll Pet Upright Vacuum ZU60", "tags": "Best Cordless Vacuums Vacuum Cleaners Shark Dorm Essentials Steam Mops Upright", "relevancy_score": 1579.014254385965, "price": "$179.00"}, {"title": "3 Piece Traditional Soft and Plush Washable Bath Rug Set - Chili Pepper Red, Garland Rugs", "tags": "Bathroom Sets Rug Shower Curtain Curtains Dorm Bundles Fashion Bath Rugs Fabric Teens'", "relevancy_score": 1579.014254385965, "price": "$27.81"}, {"title": "Mainstays Luxe Antique Garden Quilt, King", "tags": "Quilts Quilt Sets Patchwork King Size Microfiber Pillow Shams Twin Queen", "relevancy_score": 793.2979797979798, "price": "$19.99"}, {"title": "Mainstays Premium Twin over Full Bunk Bed, Multiple Colors", "tags": "Teens' Beds Metal Bunk Kids' Bedroom Furniture Full Over Twin Shop All Wood", "relevancy_score": 3453.797706797707, "price": "$199.00"}, {"title": "Better Homes & Gardens White Wash Faceted Faux Wood Table Lamp", "tags": "Shop All Table Lamps by Style Modern Bedroom Color White Material", "relevancy_score": 543.4866666666667, "price": "$24.94"}, {"title": "InterDesign Kent Bathroom Trash Can, Bronze", "tags": "Shop All Trash Cans Wastebaskets Bath Accessories Toothbrush Holders Hefty Dorm Essentials Rubbermaid", "relevancy_score": 339.169696969697, "price": "$10.00"}, {"title": "Mainstays 8-Opening 4x6 Linear Collage Frame, Multiple Colors", "tags": "Wall Galleries Better Homes & Gardens Decor Shop All Photography Dorm Bundles Fall Room Essentials", "relevancy_score": 595.6237827715356, "price": "$11.88"}, {"title": "Tramontina Everyday Non-Stick Red Fry Pan & Griddle Set, 3 Piece", "tags": "Non Stick Cookware Non-Stick Shop All T-fal Dorm Bundles Tramontina Griddles & Grill Pans Ceramic", "relevancy_score": 601.5411458333333, "price": "$19.94"}, {"title": "Mohawk Home Blue Mix Accent Area Rug, 2' 6\" x 3' 9\"", "tags": "Accent Rugs All Runner Teens' Mohawk Area Kitchen Mainstays Ocean Decor 2' x 3'", "relevancy_score": 454.50389784946236, "price": "$19.98"}, {"title": "Topeakmart Height Adjustable Mesh Office Chair Computer Chair with 360\u00b0 Rolling Casters Black", "tags": "Dorm Study Furniture Small office ideas Executive Office Chairs Ergonomic Reception & Waiting Room White Essentials Commercial", "relevancy_score": 718.1585626911315, "price": "$53.99"}, {"title": "Soft Corduroy Striped Velvet Series Decorative Throw Pillow, 18\" x 18\", Beige, 2 Pack", "tags": "Decorative Throw Pillows Fall Better Homes & Gardens Decor Indoor Christmas Pillow Covers Ocean Shop All", "relevancy_score": 694.4591354723708, "price": "$11.99"}, {"title": "Mainstays 3.5 Watt LED Desk Lamp with USB Port, Metal Gooseneck, Silver", "tags": "Dorm Study Essentials Shop All Lamps Desk by Style LED Color Finish Modern", "relevancy_score": 584.3512345679013, "price": "$14.96"}, {"title": "Dhp full-over-full metal bunk bed for kids, metal frame with ladder, multiple colors", "tags": "Shop All Kids' Beds Teens' Bedroom Metal Bunk Furniture Full Over", "relevancy_score": 1568.0477632620743, "price": "$199.00"}, {"title": "Disney Minnie Mouse Pink & White Kid's Bed Sheet Set", "tags": "Kids' Sheets Comforters Bedding Sets Character Shop All Girls Comforter Characters", "relevancy_score": 408.05028248587564, "price": "$19.88"}, {"title": "Pillow Guard\u2122 Allergy Relief Mattress and Pillow Protectors 2-Pack, sold separately", "tags": "Pillows Bed Pillow Protectors Shop All Queen Size Basic Fiber Fill Bundles (2 packs & 4 Packs)", "relevancy_score": 975.8793956043957, "price": "$4.00"}, {"title": "Sterilite 66 Qt. Ultra\u2122 Storage Box Stadium Blue Set of 4", "tags": "Teens' Under-Bed Storage Hefty Containers Dorm Essentials Plastic Underbed Sterilite IRIS Small bedroom ideas", "relevancy_score": 2155.1009514435696, "price": "$93.50"}, {"title": "Mohawk Home Supreme Dual-Surface Felted Rug Pad", "tags": "Safavieh Area Rugs 9' x 12' All Square in Weaves Gray Over Dorm Decor", "relevancy_score": 2542.128947368421, "price": "$39.78"}, {"title": "Presto Pizzazz Plus Rotating Pizza Oven", "tags": "Dishwasher Accessories Shop All Toaster Ovens Small kitchen ideas Countertop Dishwashers Pizza Makers", "relevancy_score": 6220.25965408805, "price": "$54.00"}, {"title": "Urban Shop Corduroy Saucer Chair, Available in Multiple Colors", "tags": "Folding Tables & Chairs Kids' Seating Teens' Lounge Saucer Black Shop All Furniture", "relevancy_score": 204.66723744292236, "price": "$35.00"}, {"title": "Serta Big & Tall Bonded Leather Commercial Office Chair with Memory Foam, Black", "tags": "Teens' Gaming Dorm Study Furniture Executive Office Chairs Ergonomic Small Space Desks & White Commercial", "relevancy_score": 4109.422559709243, "price": "$169.00"}, {"title": "Ingenuity Dream & Grow Bedside Bassinet - Dalton", "tags": "Baby Proofing for Newborns Best Sellers: Infant Activity Gear Sleeping Bassinets Babyproofing For Living Room Fisher Price Toddler Playards Crawling", "relevancy_score": 1074.0090206185566, "price": "$129.99"}, {"title": "Down Alternative Polyester Box Stitch Microfiber Comforter - Full", "tags": "Pink Comforters Red Twin Down Alternative Queen & Warm Cozy Sleep Solutions Black", "relevancy_score": 863.2667043740573, "price": "$29.99"}, {"title": "Empire Home Queen Persian 1800 Collection Fitted Sheet Deep Pocket 16\" Fully Elastic Sheet - All Colors", "tags": "Twin Sheets Microfiber King White Deep Pocket Full California Warm & Cozy", "relevancy_score": 164.37727272727273, "price": "$11.75"}, {"title": "Mainstays 8x10 Float Picture Frame, Set of 6", "tags": "Teens' Wall Decor Natural Elements-Decor Galleries Better Homes & Gardens Farmhouse Picture Frames Shop All Fall", "relevancy_score": 304.05083333333334, "price": "$16.09"}, {"title": "Mainstays Machine Washable Sheridan Fret Accent Rug Set, Caf\u00e9, 3-Piece", "tags": "Contemporary Area Rugs Under 2' x 3' in All Styles Kitchen Polypropylene Mainstays Blue Modern", "relevancy_score": 439.41768585131894, "price": "$42.38"}, {"title": "Fitted Sheet Wrinkle-Free 1500 Thread Count 1-Piece Fitted Sheet, California King Size, Aqua", "tags": "Twin Sheets Microfiber King White Deep Pocket Full California Warm & Cozy", "relevancy_score": 421.79532520325205, "price": "$14.99"}, {"title": "Presto PopLite Hot Air Popcorn Popper", "tags": "Kitchen Appliances Countertop Popcorn Machines Shop All Food Storage Containers Bakeware Sets Nostalgia Makers Fall Decor Meal Prep", "relevancy_score": 7193.87975761218, "price": "$22.90"}, {"title": "DHP Folding Guest Bed with 5 Inch Mattress, Multiple Options Available", "tags": "Small Bedroom Ideas Memory Foam Mattresses Twin Folding Beds Wood Rollaway Shop all", "relevancy_score": 2480.66171679198, "price": "$139.00"}, {"title": "Better Homes & Gardens Luxe Plush Blanket, Full/Queen Soft Silver", "tags": "Throw Blankets Bed Plush Basic Shop all Soft Fleece", "relevancy_score": 2340.915303593556, "price": "$1.00"}, {"title": "Parent's Choice 100% Cotton Fitted Crib Sheets, Gray Chevron 2pk", "tags": "Best Sellers: Baby Sheets Modern Den Nursery Girl Favorites All Geo Neutral Walmart Exclusives", "relevancy_score": 2123.786503811504, "price": "$13.24"}, {"title": "Mainstays Mates Storage Bed with Bookcase Headboard, Twin, Cinnamon Cherry", "tags": "Shop All Kids' Beds Twin for Boys Bedroom Furniture Full all Girls", "relevancy_score": 2591.3559339525286, "price": "$229.00"}, {"title": "Bubba Trailblazer Insulated Stainless Steel Water Bottle with Push Button Lid, 24 oz., Licorice", "tags": "Shop All Food Storage Containers Plastic Water Bottles Tumblers Contigo Ozark Trail Bubba Thermoses", "relevancy_score": 396.7909226190476, "price": "$10.50"}, {"title": "Howard 30 inch Metal Bar Stool, Set of 4 - Gunmetal", "tags": "Metal Bar Stools Armless Black Shop All & Counter Backless Industrial", "relevancy_score": 1213.4946808510638, "price": "$99.99"}, {"title": "Better Homes & Gardens 16-Piece Burns Speckled Dinnerware Set, Black", "tags": "Summer Entertaining-Dinnerware Plates Kitchen Wedding Registry Small kitchen ideas Better Homes & Gardens Dinnerware Dinner Dorm Dining Essentials Hydration", "relevancy_score": 302.224149659864, "price": "$46.86"}, {"title": "Spa Sensations by Zinus 7\" Adjustable Bed Frame for Twin - Queen Sizes", "tags": "Twin Bed Frames Platform Shop all Queen King Full Metal All Mattresses by Comfort Level", "relevancy_score": 5174.747434266327, "price": "$59.00"}, {"title": "Lucid Advanced Power Adjustable Bed Base, Wireless Remote, Dual Massage, Dual USB Port, Multi Position, Memory Position, Underbed Lighting, Six 12\" Legs, Twin XL", "tags": "Pillows & Home Aids to Stop Snoring Best Mattresses Bedding for Back Pain Relief Shop all Bed Frames Queen Box Springs Full Metal", "relevancy_score": 656.7981589147286, "price": "$449.00"}, {"title": "Creative Bath Bark 2.5-Gallon Beverage Dispenser", "tags": "Kitchen & Dining Food Warmers Wedding Registry Ice Buckets Pitchers Carafes Serving Platters Trays Dorm Essentials", "relevancy_score": 953.1947557471266, "price": "$17.98"}, {"title": "Gripper Non Slip 15\"x16\" Faux Leather Tufted Chair Cushions, Set of 2", "tags": "Printer & Machine Stands Vintage Bar Carts Black Wood Gripper Chair Pads Tablecloths Dorm Dining Essentials Industrial", "relevancy_score": 656.8846646942801, "price": "$15.99"}, {"title": "iRobot Roomba e6 (6134) Wi-Fi Connected Robot Vacuum - Wi-Fi Connected, Works with Alexa, Ideal for Pet Hair, Carpets, Hard, Self-Charging Robotic Vacuum", "tags": "Best Vacuum Cleaners Dorm Floorcare Ecovacs Robot Vacuums Roomba by iRobot Pet Essentials Refurbished", "relevancy_score": 1049.6896953405017, "price": "$299.00"}, {"title": "Mainstays Pearson Flatware Set, 45 Piece Stainless Steel", "tags": "Utensils 20-Piece Flatware Sets Kitchen Wedding Registry Dinnerware Dorm Bundles Dining Essentials 45-Piece & Hydration", "relevancy_score": 69.5764184397163, "price": "$29.88"}, {"title": "1500 Thread Count Egyptian Deep Pocket Sheet Set by Sweet Home Collection", "tags": "Twin Sheets King White Queen Deep Pocket Full California Warm & Cozy", "relevancy_score": 1094.0686329588013, "price": "$24.00"}, {"title": "Bare Home Ultra-Soft Premium 1800 Series Goose Down Alternative Comforter Set - Hypoallergenic - All Season - Plush Fiberfill, Twin Extra Long (Twin/Twin XL - Dark Blue)", "tags": "Grey Comforters White Bed-in-a-Bag Sets Down Alternative Comforter & Black", "relevancy_score": 638.0659090909091, "price": "$34.99"}, {"title": "Dirt Devil Versa Clean Corded 2-in-1 Stick Vacuum, SD20010", "tags": "Stick Vacuums Best Vacuum Cleaners Dirt Devil Bissell Upright", "relevancy_score": 843.8135416666667, "price": "$22.70"}, {"title": "Set of 3 Clara Clark Washable Bath Mat Bathroom Rug - Absorbent Memory Foam Washable Bath Rugs - Non-Slip, Thick, Cozy Velvet Feel Microfiber Bathrug - Black - Large 20\"x32\" - Small 17\"x24\" - Contour 24\"x20\"", "tags": "Teens' Bath Mats Bathroom Rugs Dorm & Laundry Memory Foam Bundles Fashion Non-Slip", "relevancy_score": 644.3278864059589, "price": "$37.99"}, {"title": "Rest Haven Down Alternative Waterproof Mattress Pad - Queen", "tags": "Mattress Pads & Protectors Toppers Twin-XL Memory Foam Pillow Top King Basic Twin Queen", "relevancy_score": 694.4937134502925, "price": "$26.99"}, {"title": "Greenco Set of 3 Floating U Shelves, Espresso Finish", "tags": "Shelving Storage Natural Elements-Decor Bathroom Accessories Dorm Study Furniture Shelves Bedroom", "relevancy_score": 259.3554597701149, "price": "$14.44"}, {"title": "Martex Super Soft Fleece Blanket, King Navy", "tags": "Throw Blankets Bed Plush Basic Shop all Cotton Warm Comforters & Cozy Sleep Solutions Fleece", "relevancy_score": 601.28466469428, "price": "$36.52"}, {"title": "Pop Shop University Comforter Set", "tags": "Teens' Bedding Sets Comforters Shop All Bed-in-a-Bag Girls Comforter Dorm", "relevancy_score": 322.624149659864, "price": "$23.00"}, {"title": "T-fal 9.5\" & 11\" Dishwasher Safe Non-Stick Black Fry Pan Set, 2 Count", "tags": "Shop All T-fal Non Stick Cookware Non-Stick Tramontina Ceramic Sets", "relevancy_score": 727.4477355072464, "price": "$24.97"}, {"title": "Dirt Devil Scorpion Plus Corded Handheld Vacuum Cleaner, SD30025B", "tags": "Black+Decker Handheld Vacuums Best Cordless Car Dirt Devil", "relevancy_score": 1174.3166103603605, "price": "$26.99"}, {"title": "Safavieh Deluxe Ultra Solid Rug Pad for Hard Floor", "tags": "Safavieh Area Rugs Black Round Square Blue Over 9' x 12' Dorm Decor Bedroom", "relevancy_score": 1341.5668662674652, "price": "$15.00"}, {"title": "Fitted Sheet ! - Elegant Comfort\u00ae Wrinkle-Free 1500 Thread Count Egyptian Quality 1-Piece Fitted Sheet, Full Size, Red", "tags": "Twin Sheets King White Fitted Deep Pocket Full California Warm & Cozy", "relevancy_score": 1276.5656906906909, "price": "$14.99"}, {"title": "Comfort Classics Solid Microfiber Ultra Soft Wrinkle Free Sheet Set, Blue, Twin", "tags": "Twin Sheets Microfiber King White Queen Sheet Sets Full Warm & Cozy", "relevancy_score": 742.8979797979798, "price": "$19.99"}, {"title": "Better Homes & Gardens Reversible Grey Stripes Shower Curtain", "tags": "Teens' Shower Curtains & Hooks Bathroom Sets Curtain Dorm Bath Laundry Liners White Essentials Fabric", "relevancy_score": 232.72395833333331, "price": "$19.88"}, {"title": "Mainstays Winfield 20 Piece Stainless Steel Flatware Set", "tags": "Drawers & Cabinet Organizers Dinnerware Serving Storage Utensils 20-Piece Flatware Sets Utensil Holders Dorm Dining Essentials 45-Piece Hydration", "relevancy_score": 38.805769230769236, "price": "$9.97"}, {"title": "Safavieh Hudson Amias Geometric Shag Area Rug or Runner", "tags": "Area Rugs for All Rooms Rug Shapes Brands in Patterns Weaves Colors Materials Sizes", "relevancy_score": 1199.0896953405017, "price": "$414.38"}, {"title": "Better Homes & Gardens Decorative Throw Pillow, Chevron, 18\"", "tags": "Decorative Throw Pillows Fall Teens' Better Homes & Gardens Decor MoDRN Accents Indoor Pillow Covers Shop All", "relevancy_score": 166.5167840375587, "price": "$12.87"}, {"title": "Rubbermaid, Brilliance Pantry Organization and Food Storage Container with Airtight Lid, 19.9 Cup", "tags": "Counter Organizers Coffee Storage Shop All Food Containers Kitchen Canisters Rubbermaid Meal Prep Dorm Dining Essentials & Hydration", "relevancy_score": 1059.913605442177, "price": "$17.81"}, {"title": "Garland Rug Traditional Soft & Plush Solid Chili Pepper Red Washable Nylon 24\"x40\" Bathroom Rug", "tags": "Bathroom Rug Sets Rugs Memory Foam Bath Mats Fashion Kids' Non-Slip Teens'", "relevancy_score": 369.7476851851852, "price": "$14.97"}, {"title": "Mr. Coffee 12 Cup Electric Black Coffee Grinder with Multiple Settings", "tags": "French Presses Burr Coffee Grinders Dorm Appliances KitchenAid Krups", "relevancy_score": 2939.9789780521264, "price": "$40.51"}, {"title": "All Season Down Alternative Comforter Set- 2pc Box Stitched Reversible Comforter with One Sham -Quilted Duvet Insert with Corner Tabs - Hypoallergenic, Supersoft, Wrinkle Resistant - Navy Twin Size", "tags": "Grey Comforters Twin Bed-in-a-Bag Sets Down Alternative Queen & Blue", "relevancy_score": 1122.4704601990052, "price": "$29.99"}, {"title": "Ball, Freezer Jars, Plastic, Grey, 8 oz, 3 Count", "tags": "Coffee Storage Shop All Food Containers Kitchen Canisters Rubbermaid Meal Prep Dorm Dining Essentials Mason Jars & Canning Supplies Hydration", "relevancy_score": 30.726388888888888, "price": "$5.97"}, {"title": "Keurig K-Mini Plus Single Serve K-Cup Pod Coffee Maker, Black", "tags": "Kitchen Appliances Single Serve Coffee Makers Dorm Small kitchen ideas Room Essentials Espresso Machines Hamilton Beach", "relevancy_score": 4360.241487935657, "price": "$99.99"}, {"title": "Better Homes & Gardens Gallery 5\" x 7\" Matted for 3.5\" x 5\" Picture Frame, Black, Set of 4", "tags": "Better Homes & Gardens Decor Oil Diffusers Picture Frames Shop All Fall Candles WoodWick Wall", "relevancy_score": 473.3525641025641, "price": "$12.39"}, {"title": "Gibson Home Decha 4-Piece 19 oz Mason Jar Glass Set, Glass", "tags": "Mason Jars & Canning Drinkware Kitchen Wedding Registry Sets Drinking Dorm Dining Essentials Supplies Hydration", "relevancy_score": 440.3123333333333, "price": "$12.99"}, {"title": "Queen Size Bed Sheets Set by Nestl Bedding - Deep Pocket 4 Piece Bed Sheet Set - 1800 Hotel Luxury Soft Double Brushed Microfiber - Wrinkle, Fade, Stain Resistant - Hypoallergenic, Charcoal Gray", "tags": "", "relevancy_score": 24.622619047619047, "price": "$29.99"}, {"title": "Better Homes & Gardens Crushed Velvet Tufted Square Floor Cushion, Burgundy", "tags": "Decorative Throw Pillows Fall Teens' Shop All Kids' Decor Indoor Dorm", "relevancy_score": 199.31678403755868, "price": "$29.99"}, {"title": "Safavieh Madison Judith Geometric Floral Area Rug or Runner", "tags": "Area Rugs for All Rooms Rug Shapes Brands in Patterns Weaves Colors Materials Sizes", "relevancy_score": 829.3110561056105, "price": "$27.80"}, {"title": "Better Homes & Gardens Damask Embroidered Throw Pillow, 20'' x 20'', Teal", "tags": "Decorative Throw Pillows Fall Better Homes & Gardens Decor Indoor Christmas Pillow Covers Shop All Dorm Bedding", "relevancy_score": 203.4167840375587, "price": "$15.87"}, {"title": "SodaStream Fountain Sparkling Water Maker (Grey) with CO2 and BPA free Bottle", "tags": "Specialty Appliance Parts & Accessories Dorm Appliances Coffee Makers Soda Machines Room Essentials SodaStream Bottles KitchenAid", "relevancy_score": 1071.9180976430976, "price": "$49.88"}, {"title": "Lucid Zippered Mattress Encasement Bed Bug and Waterproof Protector", "tags": "Waterproof Mattress Protectors Fitted Dorm Bedding Essentials Bed Bug Basic Pads & Covers Zippered", "relevancy_score": 1126.2090206185567, "price": "$26.99"}, {"title": "Best Choice Products 6ft Tall 6-Panel Diamond Weave Folding Freestanding Room Divider Privacy Screen Accent - Dark Mocha", "tags": "Partitions & Panels Teens' Wall Decor Natural Elements-Decor Room Wooden Dividers Shop All Bar Stools Counter Teen Curtains", "relevancy_score": 377.22137681159427, "price": "$109.99"}, {"title": "Command Large Sawtooth Picture Hangers White 1 Hanger & 2 Strips", "tags": "Shop All Storage Baskets & Bins Toy Dorm Essentials Room Fabric Drawers Carts Command Hooks", "relevancy_score": 368.159593837535, "price": "$2.47"}, {"title": "Lorell 2 Drawers Vertical Steel Lockable Filing Cabinet, Black", "tags": "File & Storage Cabinets Filing Rolling Locking Vertical 3 Drawer Metal 2", "relevancy_score": 1406.79913003663, "price": "$74.56"}, {"title": "Diamond Metal X-Back Bronze 42\" Folding Stool, Tan", "tags": "Kitchen & Dining Metal Bar Stools Armless Black Folding Chairs Shop All Counter Low Back Brown Transitional", "relevancy_score": 924.0224726775956, "price": "$36.00"}, {"title": "Corelle Classic Winter Frost White 12-oz Bowls, Set of 4", "tags": "Plates Dinnerware Sets Serving Bowls White Dinner Dorm Dining Essentials & Hydration", "relevancy_score": 919.1873726346433, "price": "$23.95"}, {"title": "Greenco Set of 3 Floating Wall Shelves, White Finish", "tags": "Shelving Storage Kids' Wall Art Natural Elements-Decor Dorm Study Furniture Essentials Bedroom", "relevancy_score": 167.97727272727272, "price": "$15.99"}, {"title": "Ameriwood Home Landry Microwave Cart, White", "tags": "Shelving Storage White Pantry Cabinets Kitchen Carts Pantries Shop All Microwave Bakers Racks Dorm Room Essentials", "relevancy_score": 1809.7059202059204, "price": "$69.00"}, {"title": "Carson TV Stand, for TVs up to 50\", Multiple Finishes - Black and Cherry", "tags": "Flat Screen TV Stands White Modern Black with Storage Cherry Wood Espresso", "relevancy_score": 9868.502072576017, "price": "$92.00"}, {"title": "Hamilton Beach Belgian Waffle Maker | Model# 26072", "tags": "Summer Entertaining-Kitchen Appliances Cuisinart Waffle Makers Sandwich & Panini Press Dorm Best Indoor Grills", "relevancy_score": 1434.5749022482892, "price": "$24.00"}, {"title": "Sterling and Noble 11\" Vibrant Blue Neon Analog Wall Clock", "tags": "Teens' Wall Decor Dorm Study Essentials Shop All Kids' Fall Indoor Novelty Lights Candles", "relevancy_score": 1011.4535070785072, "price": "$19.97"}]