[{"title": "Your Zone Geo Mountain 2 Piece Quilt Set, Twin/Twin XL, Pink Multi", "tags": "", "relevancy_score": 58.820119047619045, "price": "$29.99"}, {"title": "Your Zone Mermaid Set for Kids, 3 Pieces Includes Storage cube, Throw & Decorative Pillow", "tags": "Kids' Blankets & Throws Girls Bedding Teens' Decorative Pillows Shop All Decor Sets Comforter Mermaid", "relevancy_score": 478.4772965116279, "price": "$14.88"}, {"title": "Dhp junior metal loft bed, twin size, multiple colors", "tags": "Shop All Kids' Beds Teens' Loft Twin Furniture Bedroom", "relevancy_score": 5431.166765776699, "price": "$133.78"}, {"title": "Step2 Lift & Hide 38\"H Kids Plastic Storage Bin and Toy Organizer, Blue", "tags": "Toy Storage Kids' Bins Wood Boxes Organizers Shop All Crates", "relevancy_score": 4516.743698071216, "price": "$99.99"}, {"title": "Your Zone Springbrook 2 Drawer Dresser, Soft White Finish", "tags": "", "relevancy_score": 18.502401960784315, "price": "$89.00"}, {"title": "Your Zone 3D Figural Plush Mermaid Decorative Throw Pillow, 16\"", "tags": "Kids' Pillows Character Bedding Shop All Decor Girls Sets Comforter Ocean Mermaid", "relevancy_score": 613.0544134819534, "price": "$9.96"}, {"title": "Shark Figural Decorative Plush Throw Pillow by Your Zone", "tags": "Kids' Pillows Boys Comforter Sets Teens' Decorative Shop All Decor Bedding Princess Ocean", "relevancy_score": 613.0544134819534, "price": "$9.96"}, {"title": "Your Zone Shark Set for Kids, 3 Pieces Includes Storage Cube, Throw & Decorative Pillow", "tags": "Kids' Blankets & Throws Pillows Teens' Decorative Shop All Decor Boys Bedding Ocean Mermaid", "relevancy_score": 478.4772965116279, "price": "$14.88"}, {"title": "The Kids Room by Stupell Magical Rainbow Golden Unicorn Stretched Canvas Wall Art, 17 x 1.5 x 17", "tags": "Bedroom Art Shop All Wall by Style Room Rainbow Decor Paintings Modern Artist Bathroom", "relevancy_score": 0.0, "price": "$23.97"}, {"title": "Melannco Floating Wall Mount Molding Ledge Shelves, Set Of 4, White", "tags": "Shelving Storage Dorm Study Furniture Essentials Bedroom Room White Bookcases & Bookshelves", "relevancy_score": 768.0661124213837, "price": "$26.39"}, {"title": "Your Zone 3 Piece Dry Erase Activity Table Play Set", "tags": "Kids' Desk with Chair Sets Chairs & Seating Daycare Furniture Shop All Characters Storage White Bookcases Bookshelves Playroom", "relevancy_score": 1430.4012163784823, "price": "$29.88"}, {"title": "Sauder Storybook 4-Drawer Dresser, Soft White", "tags": "Teens' Dressers Kids' Brown White Shop All Furniture Bedroom Girls Boys", "relevancy_score": 3325.117901785714, "price": "$175.00"}, {"title": "Dhp junior metal loft bed, twin size, multiple colors", "tags": "Shop All Kids' Beds Teens' Loft Twin Furniture Bedroom", "relevancy_score": 5431.166765776699, "price": "$133.78"}, {"title": "Step2 Lift & Hide 38\"H Kids Plastic Storage Bin and Toy Organizer, Blue", "tags": "Toy Storage Kids' Bins Wood Boxes Organizers Shop All Crates", "relevancy_score": 4516.743698071216, "price": "$99.99"}, {"title": "Your Zone Cabana Stripe Curtain Panel, Set of 2", "tags": "Kids' Curtains Blackout Room Darkening Sheer Kitchen Curtain Sets Teen", "relevancy_score": 1174.2376041666669, "price": "$9.94"}, {"title": "Your Zone Pop Print Window Curtain Panel, Set of 2", "tags": "Teens' Window Treatments Room Darkening Curtains Decor Sheer Kitchen Curtain Sets Teen", "relevancy_score": 440.01163567493114, "price": "$9.94"}, {"title": "Tranquility Kid's Weighted Blanket, 6Lbs With Washable Cover, Blue", "tags": "Kids' Blankets & Throws Best Bedroom Products if You Can't Sleep Weighted Blanket Covers Shop all for Adults All Kids", "relevancy_score": 623.9212207602341, "price": "$24.97"}, {"title": "Your Zone Gray Flip Chair, Available in Multiple Colors", "tags": "Teens' Lounge Seating Bean Bag Chairs Shop All Kids' Furniture Dorm Bedroom Adult & Teen Upholstered", "relevancy_score": 10828.222434456928, "price": "$90.00"}, {"title": "Fortnite Boogie Bedding Sheet Set, Multiple Sizes", "tags": "Kids' Comforters Character Bedding Shop All Boys Comforter Sets Characters", "relevancy_score": 1074.16404314888, "price": "$19.88"}, {"title": "Ottomanson Ottohome Solid Runner Rug, Black, 20\"X59\"", "tags": "Accent Rugs All Runner Kids' Area Rug Shapes Kitchen Rectangle", "relevancy_score": 751.6298541666667, "price": "$12.37"}, {"title": "Simply Soft 8-Piece Bed in a Bag, King, Ivory", "tags": "Teens' Bedding Sets Comforters White Shop All Comforter Down & Alternative Dorm Room Essentials", "relevancy_score": 725.1745445736434, "price": "$73.12"}, {"title": "L.O.L. Surprise! Sheet Set, Kids Bedding, 3-Piece Twin Size", "tags": "Kids' Sheets Comforters Bedding Sets Character Shop All Girls Comforter Characters", "relevancy_score": 763.0779166666666, "price": "$19.88"}, {"title": "Paw Patrol 40\" x 50\" Kids Silky Soft Throw feat. Chase, Marshall & Rubble", "tags": "Kids' Blankets & Throws Character Bedding Shop All Decor Boys Characters Princess", "relevancy_score": 703.8547043761639, "price": "$9.96"}, {"title": "PAW Patrol Kids Bedroom Curtain Panel Set, Set of 2, 63-inch L", "tags": "Toy Boxes & Chests Kids' Wall Decals Stickers Character Bedding Boys Comforter Sets Characters Storage", "relevancy_score": 920.4907220965309, "price": "$17.00"}, {"title": "PJ Masks Sheet Set, Kids Bedding, 3-Piece Twin Size", "tags": "Kids' Comforters Character Bedding Shop All Boys Comforter Sets Characters Fleece Blankets", "relevancy_score": 223.4279487179487, "price": "$29.95"}, {"title": "Unicorn 3D Figural Plush Decorative Throw Pillow by Your Zone", "tags": "Boys Toddler Bedding Nursery Plush Heads Baby Decor Deals Toddlers' Curtains Lamps & Lighting Soft Toys Wall Girls", "relevancy_score": 613.0544134819534, "price": "$9.96"}, {"title": "RoomMates PAW Patrol Giant Peel and Stick Wall Decals", "tags": "Wallpaper Disney Frozen Wall Decals NFL Decorative Kids and Teens York Wallcoverings Peel Stick Window", "relevancy_score": 919.980036482335, "price": "$7.99"}, {"title": "Mainstays Full/Queen Metal Headboard with Delicate Detailing, Black", "tags": "Queen Headboards King Headboard Shop all Full Metal", "relevancy_score": 9480.209118819777, "price": "$69.00"}, {"title": "VTech Explore and Write Activity Desk Transforms into Easel and Chalkboard", "tags": "Shop Toys by Price Leapfrog Science & Education VTech for Kids 2 to 4 Years LeapFrog Learning Fisher Pretend Play", "relevancy_score": 2846.480901134122, "price": "$42.88"}, {"title": "Delta Children 4-Pocket Hanging Wall Organizer, Navy", "tags": "Nursery Laundry Baskets, Sorters, & Hampers Blush Paradise Storage Solutions Nautical Baby Closet Organizer Classic Boy Toddler Playroom", "relevancy_score": 1391.9305957117595, "price": "$7.99"}, {"title": "Your Zone Rainbow Zebra Comforter Set", "tags": "Kids' Comforters Bedding Sets Teens' Girls Comforter Teen Girl", "relevancy_score": 539.1807465277778, "price": "$24.97"}, {"title": "Jordan Manufacturing Jr. Print Bean Bag, Multiple Patterns", "tags": "Teens' Lounge Seating Decorative Pillows Bean Bag Chairs Adult & Teen Boy Bedding Kids' All Playroom", "relevancy_score": 241.22689257028114, "price": "$46.61"}, {"title": "SHARP Quartz Analog Alarm Clock in Black", "tags": "Kids' Clocks Teens' Wall Decor Top Must Haves For College Dorm Study Essentials Shop All Farmhouse", "relevancy_score": 885.1699772135416, "price": "$3.88"}, {"title": "Smoko Haru Tuna Sushi Ambient Light (Walmart Exclusive)", "tags": "Kids' Lighting Kitchen Wedding Registry Bakeware Sets Lamps & Lights Themes Shop All Fall Decor Dorm", "relevancy_score": 195.6910763888889, "price": "$11.99"}, {"title": "Romantic Star Sky Projector Constellation Starry LED Night Light Baby boy Kids Lamp Moon Rotating Cosmos Toys Gift", "tags": "Outer Space Bedding Kids' Lamps & Lights Night LED Shop All Battery Operated Decor", "relevancy_score": 234.8145928030303, "price": "$13.69"}, {"title": "Sesame Street Fizzy Tub Colors Assorted Bathwater Colors 9 Ct.", "tags": "Kids' Towels Bath Mats Shower Curtains Toothbrush Holders Rugs Batman Bedding Soap & Lotion Dispensers", "relevancy_score": 145.79945512820512, "price": "$0.98"}, {"title": "Great Explorations Wonder Stars Super Kit Glow In The Dark Ceiling Stars 150Piece In 4 Sizes", "tags": "Kids' Wall Decals & Stickers Teens' Outer Space Bedding Lamps Lights Night Shop All Decor", "relevancy_score": 180.22794871794875, "price": "$8.99"}, {"title": "YourZone Metal Loft Bed, Twin Size, Navy", "tags": "Teens' Beds Shop All Loft Twin Kids' Furniture Bedroom with Desks", "relevancy_score": 5228.9698574045005, "price": "$159.00"}, {"title": "Better Homes and Gardens Tristan Twin Floor Bunk Bed, Gray", "tags": "Teens' Beds Kids' Bedroom Furniture Bunk Twin Shop All Wood", "relevancy_score": 846.50354719764, "price": "$249.00"}, {"title": "Mainstays Memory Foam Futon, Black Suede", "tags": "Small Living Room Ideas Contemporary Futons Gray Memory Foam Dorm Bedroom Furniture Full Mainstays All", "relevancy_score": 1479.9493327067669, "price": "$159.00"}, {"title": "Sweet Seats Adorable Teal Unicorn Children's Chair, Standard Size, Machine Washable Removable Cover, 13\"L x 18\"W x 19\"H", "tags": "Shop All Kids' Bedding Decor Sofas Ocean Bean Bag Chairs Throws Upholstered", "relevancy_score": 1223.3447937430785, "price": "$39.95"}, {"title": "Paw Patrol Kids Erasable Activity Table (Green/Yellow)", "tags": "Toy Boxes & Chests Kids' Bedroom Sets Desk with Chair Daycare Furniture Shop All Characters Storage Playroom", "relevancy_score": 1794.6587074209247, "price": "$34.97"}, {"title": "IRIS USA 2-Tier Wood Book Shelf, White", "tags": "Kids Bookcases & Bookshelves Black Cube Storage Small Space Desks Office Furniture White Wood", "relevancy_score": 204.615450913242, "price": "$24.94"}, {"title": "Sofa Sack 3' Passion Suede Bean Bag Chair, Multiple Colors", "tags": "Kids' Chairs & Seating Teens' Lounge Big Bean Bag Shop All Furniture Adult Teen Playroom", "relevancy_score": 196.13916666666668, "price": "$59.99"}, {"title": "Hotel Style Turkish Cotton Bath Towel Collection, Bath Towel, Granite - 1 Piece", "tags": "Bath Towel Sets Shop All Towels Dorm & Laundry Sheets Turkish Bundles Essentials Hand", "relevancy_score": 1296.35037568306, "price": "$10.84"}, {"title": "Nick Jr. PAW Patrol Multi-Bin Toy Organizer by Delta Children", "tags": "Toy Storage Kids' Bins Kids Bookcases & Bookshelves Organizers Characters Shop All", "relevancy_score": 1637.9579471544716, "price": "$59.98"}, {"title": "Greenco Foldable Storage Cubes Non-Woven Fabric, 6 Pack, Beige", "tags": "Dorm Storage Decorative Boxes Cube Bins Kids' Themes Shop All Fabric Baskets & Small bedroom ideas", "relevancy_score": 1075.3738565891474, "price": "$18.37"}, {"title": "All Season Down Alternative Comforter Set- 2pc Box Stitched Reversible Comforter with One Sham -Quilted Duvet Insert with Corner Tabs - Hypoallergenic, Supersoft, Wrinkle Resistant - Navy Twin Size", "tags": "Grey Comforters Twin Bed-in-a-Bag Sets Down Alternative Queen & Blue", "relevancy_score": 1122.392384950249, "price": "$29.99"}, {"title": "Big Joe Megahh 100L Bean Refill, 2pk Bean Bag Refill", "tags": "Kids' Chairs & Seating Big Bean Bag Shop All Furniture Adult Teen Playroom", "relevancy_score": 687.5665018315018, "price": "$36.00"}, {"title": "1800 Series Premium Deep Pocket Bed Sheet Set by Elaine Karen Microfiber Bedding -Includes Flat Sheet-Fitted Sheet- Pillowcases, Size: King, Queen, Full, Twin - FULL NAVY", "tags": "King Sheets White Queen Sheet Sets Deep Pocket Full California Warm & Cozy", "relevancy_score": 1279.2115581232492, "price": "$37.99"}, {"title": "Urban Shop Corduroy Saucer Chair, Available in Multiple Colors", "tags": "Folding Tables & Chairs Kids' Seating Teens' Lounge Saucer Black Shop All Furniture", "relevancy_score": 204.615450913242, "price": "$35.00"}, {"title": "Mainstays Alarm Clock with Keyboard Style Controls", "tags": "Kids' Clocks Teens' Wall Decor Top Must Haves For College Dorm Study Essentials Shop All", "relevancy_score": 604.1298819845857, "price": "$7.88"}, {"title": "IRIS USA 2-Tier Wood Book Shelf, White", "tags": "Kids Bookcases & Bookshelves Black Cube Storage Small Space Desks Office Furniture White Wood", "relevancy_score": 204.615450913242, "price": "$24.94"}, {"title": "UTEX 3 in 1 Pop Up Play Tent with Tunnel, Ball Pit for Kids, Boys, Girls, Babies and Toddlers, Indoor/Outdoor Playhouse", "tags": "Licensed Play Tents Ball Pits Toys for 2 year olds Fisher Price Pretend Tunnels Playhouses & Furniture Princess", "relevancy_score": 111.9410984848485, "price": "$36.00"}, {"title": "Disney Toy Story 4 Twin/Full Comforter Set w/ Woody, Buzz, Forky & Rex", "tags": "Kids' Sheets Comforters Bedding Sets Character Shop All Boys Comforter", "relevancy_score": 306.67788949275365, "price": "$29.96"}, {"title": "Minecraft Icon Adventure Twin/Full Comforter Set", "tags": "Kids' Sheets Comforters Character Bedding Shop All Boys Comforter Sets Characters", "relevancy_score": 272.84694444444443, "price": "$29.96"}, {"title": "Walnew Task Chair Desk Chair Mid Back Armless Vanity Chair Swivel Office Rolling Leather Computer Chairs Ribbed Adjustable Conference Chair (White)", "tags": "Dorm Study Furniture Small office ideas Executive Office Chairs Ergonomic Teens' Desk White Commercial", "relevancy_score": 354.0841898148148, "price": "$59.99"}, {"title": "Disney Toy Story 4 Erasable Activity Table", "tags": "Kids' Desk with Chair Sets Comforters Wall Decals & Stickers Character Bedding Storage Bins Shop All Furniture Characters Playroom", "relevancy_score": 1794.6587074209247, "price": "$34.97"}, {"title": "Well Being Plush Electric Heated Blanket, Multiple Sizes and Colors", "tags": "King Electric Blankets Basic Bed Sunbeam Shop all Warm Comforters & Cozy Sleep Solutions Full Queen", "relevancy_score": 118.98269345238096, "price": "$44.99"}, {"title": "Lush D\u00e9cor Reyna Window Panel, Set of 2", "tags": "Room Darkening Curtains Teens' Decor Sheer Kitchen Curtain Sets Teen", "relevancy_score": 347.1659985632184, "price": "$23.09"}, {"title": "My Little Pony 3-Piece Table and Chair Set", "tags": "Toddler Folding Chairs Table & Chair Sets Minnie Furniture Paw Patrol Mickey Playroom Frozen", "relevancy_score": 329.3631462585034, "price": "$30.53"}, {"title": "JoJo Dream Believe Kids Drapes 63\" Polyester, Set of 2", "tags": "Kids' Sheets Comforters Girls Bedding Character Shop All Comforter Sets Celebrity Posters", "relevancy_score": 138.39901836158194, "price": "$19.99"}, {"title": "UTEX 3 in 1 Pop Up Play Tent with Tunnel, Ball Pit for Kids, Boys, Girls, Babies and Toddlers, Indoor/Outdoor Playhouse", "tags": "Licensed Play Tents Ball Pits Toys for 2 year olds Fisher Price Pretend Tunnels Playhouses & Furniture Princess", "relevancy_score": 111.9410984848485, "price": "$36.00"}, {"title": "Star Wars: The Mandalorian Baby Yoda 'The Child' Silk Touch Throw", "tags": "Kids' Sheets Blankets & Throws Pillows Boys Comforter Sets Shop All Decor Bedding Teen Boy", "relevancy_score": 257.1268925702811, "price": "$9.96"}, {"title": "Teraves Easy-to-assemble Metal Bed Frame Twin Platform Bedroom Replacement with Headboard", "tags": "Shop All Kids' Beds Platform Twin Metal Full all for Girls", "relevancy_score": 47.06760416666667, "price": "$59.98"}, {"title": "Trolls 2 World Tour Sheet Set, Kids Bedding, 3-Piece Twin Size", "tags": "Kids' Sheets Comforters Bedding Sets Character Shop All Girls Comforter Characters", "relevancy_score": 84.84461879432625, "price": "$19.88"}, {"title": "L.O.L. Surprise! Silky Soft Throw, 40\" x 50\", M.C. Swag, Diva, and Rocker", "tags": "Kids' Towels Girls Bedding Character Shop All Decor Characters Throws", "relevancy_score": 387.1057575757576, "price": "$9.96"}, {"title": "Super Mario Kids Bath and Beach Hooded Towel Wrap, 100% Cotton", "tags": "Beach Towels Kids' Shop All Bath Spider-Man Bedding Characters Rugs Bathroom Sets", "relevancy_score": 167.9293181818182, "price": "$10.98"}, {"title": "Smoko Eva Avocado Ambient Light (Walmart Exclusive)", "tags": "Kids' Lighting Shop All The Pioneer Woman Lamps & Lights Themes Dorm Decor Throws Dining Hydration", "relevancy_score": 240.3452678571429, "price": "$10.00"}, {"title": "Mainstays Grommet Room Darkening Transportation Kids Bedroom Single Curtain Panel", "tags": "Room Darkening Curtains Boys Comforter Sets Kids' Themes Transportation Bedding Teen Sports", "relevancy_score": 306.43856570512816, "price": "$10.50"}, {"title": "Your Zone LED Table Lamp, Available in multiple styles", "tags": "Girls Bedding Shop All Kids' Decor Teens' Room Lamps & Lights Comforter Sets Night Table", "relevancy_score": 280.13591145833334, "price": "$12.97"}, {"title": "DHP Victoria Metal Daybed, Twin, White", "tags": "Full Size Daybeds Twin White with Trundle Wooden Shop all Kids'", "relevancy_score": 4012.5342716082187, "price": "$149.00"}, {"title": "Disney Mickey Mouse Fabric Toy Box by Delta Children", "tags": "Toy Boxes & Chests Kids' Wall Decals Stickers Storage Bins Decorative All Trunks Shop Disney", "relevancy_score": 489.3420652173913, "price": "$14.99"}, {"title": "Humble Crew Kids Book Rack with Fabric Sling Sleeves, Multiple Colors", "tags": "Toy Storage Kids' Bins Daycare Furniture Organizers Tables & Chair Sets Shop All Playroom", "relevancy_score": 4127.84087925514, "price": "$62.52"}, {"title": "U Brands Square Frameless Cork Bulletin Board, 14\" x 14\", Brown, 2463U", "tags": "Kids' Wall Decals & Stickers Teens' Decor Shop All Art by Style Cheval Mirrors Drew Barrymore Flower Home Gifting Coasters Princess Artist", "relevancy_score": 61.09105620155039, "price": "$7.88"}, {"title": "Jordan Manufacturing Jr. Bean Bag, Multiple Colors", "tags": "Teens' Lounge Seating Big Bean Bag Chairs Kids' Themes Adult & Teen All Playroom", "relevancy_score": 137.5368849206349, "price": "$35.60"}, {"title": "Fortnite SKULL TROOPER-V Gaming Chair, RESPAWN Reclining Ergonomic Chair (TROOPER-01)", "tags": "Teens' Gaming Ergonomic Chairs Desk Small Space Desks & Office Furniture White Kids' All", "relevancy_score": 711.9741530797102, "price": "$99.98"}, {"title": "Step2 All Around Red Easel for Two, Chalkboard and Dry-Erase Board, Includes 94 Magnetic Pieces", "tags": "Tools & Workshops Costumes Dress Up Housekeeping Toys KidKraft Melissa Doug Drawing Coloring Magna Doodle Math for Kids", "relevancy_score": 570.4491826923077, "price": "$44.99"}, {"title": "Your Zone Butterfly Bed in a Bag Coordinating Bedding Set", "tags": "Kids' Comforters Bedding Sets Teens' Girls Comforter Teen Girl Floral", "relevancy_score": 194.4402380952381, "price": "$39.94"}, {"title": "Your Zone Aurora Glow in the Dark Bed in a Bag Comforter Bedding Set", "tags": "Kids' Comforters Bedding Sets Teens' Shop All Girls Comforter Teen Girl", "relevancy_score": 133.6615804597701, "price": "$49.97"}, {"title": "Step2 Deluxe Art Master Desk Kids Art Table with Storage and Chair", "tags": "Kids Outdoor Furniture KidKraft Toys for 2 to 4 Years Little Tikes Play Craft Kits Drawing & Coloring Step Pretend Playhouses", "relevancy_score": 1774.9617118473893, "price": "$94.99"}, {"title": "Ottomanson Sara's Kitchen Paisley Runner Rug", "tags": "All Runner Rugs Shop Kids' Decor Area Under 2' x 3' Polypropylene Kitchen Runners Rug Sets Anti-Fatigue Mats", "relevancy_score": 245.74526785714286, "price": "$18.19"}, {"title": "Timelink Rubber Fashion Alarm Clock", "tags": "Kids' Clocks Dorm Study Essentials Shop All Decor Small kitchen ideas Novelty Lights Fall Wall", "relevancy_score": 751.8424142156862, "price": "$9.97"}, {"title": "Your Zone Mini Metallic Print Comforter Set with Decorative Pillow Twin/TXL Blush", "tags": "Kids' Comforters Bedding Sets Teens' Girls Shop All Comforter Teen Girl", "relevancy_score": 331.98929166666665, "price": "$29.88"}, {"title": "Den Haven Kids Table and Chairs Play Set Colorful Child Toy Activity Desk for Toddler Sturdy Plastic", "tags": "Kids' Desk with Chair Sets Kids Folding Chairs Daycare Furniture Tables Shop All Characters Playroom", "relevancy_score": 2125.0309540498442, "price": "$53.99"}, {"title": "6 PCS Soft Brushed Microfiber Bed Sheet Set, Fade & Stain Resistant,Fitted Queen Bed Sheet,Dark Grey", "tags": "", "relevancy_score": 86.54461879432624, "price": "$15.99"}, {"title": "Lifetime 30\" Personal Folding Tray Table, White Granite, 28241", "tags": "TV Tray Tables Kitchen & Dining Plastic Folding Small living room ideas Shop All Black White", "relevancy_score": 1067.0517425775981, "price": "$44.40"}, {"title": "Hodedah 5-Shelf Bookcase, Cherry", "tags": "Study Room Black Bookcases & Bookshelves Cube Storage Kids' Bedroom Furniture Small Space Desks Office White Wood", "relevancy_score": 395.26953776041665, "price": "$54.99"}, {"title": "Nick Jr. PAW Patrol Plastic Sleep and Play Toddler Bed by Delta Children", "tags": "Character & Novelty Toddler Beds Classic Shop All Minnie Furniture Wooden Car Princess", "relevancy_score": 896.0984858630952, "price": "$59.98"}, {"title": "Well Being Soft Weighted Blanket (20lbs, 60\"x80\", Queen Size), Gray", "tags": "Heavy Blankets 12lb Weighted Basic Bed Blanket Covers 15lb for Adults 20lb Shop All", "relevancy_score": 738.933041044776, "price": "$44.95"}, {"title": "Your Zone Trucks Bed in a Bag Coordinating Bedding Set", "tags": "Kids' Comforters Bedding Sets Shop All Boys Duvets Transportation Dinosaur", "relevancy_score": 119.44109848484848, "price": "$34.94"}, {"title": "Fortnite Give Me The Loot Blanket", "tags": "Kids' Comforters Character Bedding Shop All Decor Boys all Blankets Characters Throws", "relevancy_score": 274.2309503745318, "price": "$22.88"}, {"title": "Paw Patrol Kids Car Play Game 46\" x 61\" Multicolor Area Rug", "tags": "Toy Boxes & Chests Kids' Rugs Curtains Shop All Decor Characters Storage Classroom", "relevancy_score": 78.28536231884058, "price": "$24.84"}, {"title": "Sherpa Fleece Throw Blanket - Various Animals (Tiger, Grizzly, Deer, Dolphin, Eagle, Lighthouse, Owl, or Wolf)", "tags": "Sherpa Throws Plush Blankets Faux Fur Christmas Fleece Camping & Woodland Decor Plaid", "relevancy_score": 19.702401960784314, "price": "$22.73"}, {"title": "Size 27.6\"x31.5\" Multiple Color Indoor Lazy Lounger Super Soft Adults Kids Beanbag Chair Cover Memory Foam Beanbag Chair Cover Furniture Sofa Tatami (Not Included Filling)", "tags": "Kids' Chairs & Seating Teens' Lounge Big Bean Bag Shop All Furniture Playroom", "relevancy_score": 27.04461879432624, "price": "$25.99"}, {"title": "Step2 Great Creations Art Center Desk with Easel, Chalk, and Whiteboard", "tags": "Tools & Workshops Play Kitchens Costumes Dress Up KidKraft Pretend Toys for Boys Drawing Coloring Step 2 Fisher Price", "relevancy_score": 259.2978591954023, "price": "$99.99"}, {"title": "L.O.L. Surprise! Body Pillow, Kids Bedding, 4-Foot, Diva and Rocker", "tags": "Kids' Blankets & Throws Pillows Character Bedding Shop All Basic Bed Girls Comforter Sets Body Characters", "relevancy_score": 204.615450913242, "price": "$14.88"}, {"title": "PJ Masks Plush Throw, Kids Bedding, 46? x 60?, Catboy, Gekko, and Owlette", "tags": "Kids' Sheets Blankets & Throws Shop All Decor Boys Bedding all Fleece", "relevancy_score": 139.80408602150538, "price": "$14.88"}, {"title": "Your Zone Organza Two-Tier Ruffle Bed Skirt Gold Metallic Printed Polar Pink Twin", "tags": "Kids' Sheets Shop All Bedding Teens' Better Homes & Gardens Girls Sets Comforter Basic Bed Skirts Dust Ruffles", "relevancy_score": 85.25587585034015, "price": "$9.88"}, {"title": "Zenithen Round Chair with High Gloss Silver Frame in Tufted Velvet Fabric, Multiple Colors", "tags": "Kids' Chairs & Seating Teens' Lounge Folding Shop All Accent Plastic Upholstered", "relevancy_score": 403.69384103641454, "price": "$35.00"}, {"title": "Mainstays Kids Paris Bed-in-a-Bag Bedding with Reversible Comforter", "tags": "Kids' Comforters Teens' Bedding Sets Girls Comforter Teen Girl Paris", "relevancy_score": 195.6910763888889, "price": "$44.97"}, {"title": "Mainstays 4\" x 6\" Clear Magnetic Frame, Set of 12", "tags": "Teens' Wall Decor Galleries Dorm Study Essentials Shop All Kids' Photos & Frames", "relevancy_score": 431.6998674242425, "price": "$11.99"}, {"title": "Clara Clark 1800 Series Deep Pocket 4pc Bed Sheet Set Cal King Size, Teal", "tags": "Twin Sheets King White Sheet Sets Deep Pocket Full California Warm & Cozy", "relevancy_score": 1086.2062409420291, "price": "$29.45"}, {"title": "Avengers 'Fighting Team' 5 Piece Twin Bed Set with Bonus Tote", "tags": "", "relevancy_score": 0.0, "price": "$39.97"}, {"title": "Jurassic World Microfiber Sheet Set, Kids Bedding, Gray, 3-Piece TWIN", "tags": "Jurassic World Bedding Character Shop All Kids' Boys Comforter Sets Themes Dinosaur", "relevancy_score": 189.61371376811593, "price": "$19.88"}, {"title": "Your Zone Room Darkening Single Window Curtain Panel, White Pom Pom", "tags": "Kids' Curtains Teens' Window Treatments Room Darkening Decor Sheer Teen", "relevancy_score": 90.95587585034014, "price": "$12.88"}, {"title": "Techni Mobili Swivel, Adjustable Height Mesh Task Chair, Multiple Colors", "tags": "Teens' Desks Study Room Dorm Furniture Ergonomic Chairs Desk White Office Kids' Commercial", "relevancy_score": 854.9660367454068, "price": "$41.60"}, {"title": "RoomMates Peel and Stick Decor Wall Decals Marvel Classics 32 Pieces", "tags": "Wallpaper Disney Frozen Wall Decals Decorative York Wallcoverings All Peel and Stick Window Chalkboard", "relevancy_score": 124.4410984848485, "price": "$11.76"}, {"title": "Your Zone Kids Unicorn Poly Accent Table Lamp, White Finish", "tags": "Teens' Lamps & Lighting Shop All Table by Style Kids' Decor Room Lights Novelty Princess", "relevancy_score": 261.26321078431374, "price": "$29.99"}, {"title": "Xander Twin Bed, Gunmetal", "tags": "Metal Bunk Beds for Boys Twin Kids' Storage Shop All Girls", "relevancy_score": 0.0, "price": "$175.14"}, {"title": "Tadpoles Girls Mermaid Pattern Quilt Set, Iridescent Metallic", "tags": "Kids' Comforters Bedding Sets Teens' Girls Comforter Teen Girl Mermaid", "relevancy_score": 165.46865885416665, "price": "$32.99"}, {"title": "Mainstays Kids Elle Boho Bed-in-a-Bag Complete Bedding Set", "tags": "Kids' Bedding Sets Girls Shop All Bed-in-a-Bag Comforter Comforters Dorm Bundles", "relevancy_score": 237.82794871794874, "price": "$34.98"}, {"title": "Big Joe XXL 7' Fuf Bean Bag Chair, Multiple Colors/Fabrics", "tags": "Kids' Chairs & Seating Teens' Lounge Big Bean Bag Shop All Furniture Adult Teen Playroom", "relevancy_score": 1486.535919277633, "price": "$180.00"}, {"title": "L.O.L. Surprise! Kids Waste Basket, Bathroom or Bedroom, 1.6 Gallon", "tags": "Kids' Bath Mats Shower Curtains Character Bedding Shop All Characters Rugs Storage", "relevancy_score": 124.18269345238096, "price": "$9.88"}, {"title": "Little Tikes Fold 'n Store Picnic Table with Market Umbrella", "tags": "Play Kitchens Plastic Kids Outdoor Furniture Step2 Roller Coaster Kid's Picnic Tables Little Tikes Step 2 Pretend Toys for 8 to 11 Years Playhouses &", "relevancy_score": 1297.4750077160495, "price": "$109.97"}, {"title": "L.O.L. Surprise! Remix Sheet Set, Kids Bedding, 4-Piece Full Size", "tags": "", "relevancy_score": 5.137755376344086, "price": "$29.96"}, {"title": "Flash Furniture Kids' Vinyl Recliner with Cupholder and Headrest, Multiple Colors", "tags": "Home Theater Seating Kids' Chairs & All Recliners Manual Push Back Upholstered", "relevancy_score": 912.7182076149426, "price": "$104.49"}, {"title": "PAW Patrol Kids Microfiber Bed-in-a-Bag Set with Bonus Tote, Twin", "tags": "Kids' Curtains Comforters Bedding Sets Shop All Boys Comforter Characters", "relevancy_score": 166.79945512820512, "price": "$34.98"}, {"title": "X Rocker Play 2.0 Wired Floor Rocking Gaming Chair, Black/Gray", "tags": "Dorm Study Furniture X Rocker Ergonomic Chairs Gaming Chair Rockers Teens' Desk White Office All Kids'", "relevancy_score": 5.137755376344086, "price": "$59.00"}, {"title": "Disney Pixar Cars Fabric Collapsible Toy Box by Delta Children", "tags": "Kids' Storage Bins Decorative Boxes Cube Shop All Fabric Baskets & Disney", "relevancy_score": 62.95876893939395, "price": "$13.59"}, {"title": "Jojo Siwa Sit and Store Storage Bench", "tags": "Toy Storage Kids' Bins JoJo Siwa Personalized Gifts Cube Shop All Fabric Baskets & Teens'", "relevancy_score": 51.06760416666667, "price": "$59.08"}, {"title": "Disney Minnie Mouse Kids Room Table Lamp", "tags": "Kids' Wall Decals & Stickers Art Shop All Decor Teens' Room Lamps Lights Night Characters by Artist", "relevancy_score": 390.38471751412436, "price": "$19.94"}, {"title": "Disney Frozen Nap Mat", "tags": "Cars Toddler Furniture Bedding Sets & Sheets Boys Minnie Preschool Essentials Mickey Frozen Blankets", "relevancy_score": 536.4697135416667, "price": "$18.99"}, {"title": "UBesGoo 4-Drawer Dresser Pure White with Metal Handles Bedside Night Stand Bedroom Best Furniture", "tags": "White Dressers Kids' Modern Bedroom Furniture Shop All & Armoires Girls Boys", "relevancy_score": 74.78269345238095, "price": "$98.99"}, {"title": "Disney Mickey Mouse Toddler Nap Mat", "tags": "Cars Toddler Furniture Bedding Sets & Sheets Boys Shop All Beds Paw Patrol Preschool Essentials Mickey Blankets", "relevancy_score": 313.476351010101, "price": "$17.99"}, {"title": "Little Tikes Table and Chair Set, Multiple Colors", "tags": "Kids' Desk with Chair Sets Kids Folding Chairs Daycare Furniture Shop All Characters Storage Playroom", "relevancy_score": 2639.857958126036, "price": "$44.99"}, {"title": "Heritage Club Rainbow Pastel Faux Fur Comforter Set", "tags": "Teens' Bedding Sets Comforters Girls Bed-in-a-Bag Comforter Teen Girl Dorm", "relevancy_score": 154.0368849206349, "price": "$39.99"}, {"title": "(K54) Silver Gray 2 Panel Silver Grommets Kitchen Tier Window Curtain 3 Layered Thermal Heavy Thick Insulated Blackout Drape Treatment Size 30\" Wide X 54\" Length", "tags": "Teens' Window Treatments Room Darkening Curtains Decor Kitchen Valances Curtain Sets Teen", "relevancy_score": 154.05828980099503, "price": "$13.00"}, {"title": "Disney Frozen 2 Kids Slumber Sleeping Bag, Elsa & Anna", "tags": "Kids' Blankets & Throws Pillows Girls Bedding Shop All Decor Characters Slumber Bags Princess", "relevancy_score": 53.29105620155039, "price": "$9.88"}, {"title": "Delta Children Space Adventures Rocket Ship Wood Toddler Bed", "tags": "Cars Toddler Furniture Character & Novelty Beds Bedding Sets Sheets Classic Boys Shop All Superhero Car", "relevancy_score": 166.21371376811595, "price": "$99.99"}, {"title": "Your Zone Glimmer Throw Reverse to Super Soft Sherpa, Pink Shiny", "tags": "Kids' Comforters Bedding Sets Teens' Character Shop All Girls Comforter Teen Girl", "relevancy_score": 10.266901041666667, "price": "$12.88"}, {"title": "Mainstays Kids Paris Shade Nightlight", "tags": "Decorative Night Lights Shop All Kids' Decor Teens' Room Paris Bedding", "relevancy_score": 79.74461879432623, "price": "$4.04"}, {"title": "Tadpoles Girls Purple Unicorn Quilt Set", "tags": "Kids' Comforters Bedding Sets Girls Shop All Comforter Teen Girl Rainbow", "relevancy_score": 71.92347222222222, "price": "$32.99"}, {"title": "Atlantic Original Gaming Desk with 32\" Monitor Stand, Charging Station and Gaming Storage, Black Carbon Fiber", "tags": "Top Rated Desks Writing Small Space & Office Furniture Black Modern Gaming", "relevancy_score": 951.3275670903954, "price": "$125.95"}, {"title": "Cushie Pillows 7\" x 12\" Microbead Bolster Squishy/Flexible/Extremely Comfortable Roll Pillow - Lime", "tags": "Kids' Pillows Teens' Decorative Shop All Decor Queen Size Ocean Pillow Bundles (2 packs & 4 Packs) King Best for Back Sleepers", "relevancy_score": 339.1057575757576, "price": "$15.95"}, {"title": "Mainstays Resin Kids Woodland Creatures Lotion Pump, 1 Each", "tags": "Kids' Towels Bath Mats Shower Curtains Shop All Toothbrush Holders Themes Rugs Soap & Lotion Dispensers", "relevancy_score": 218.2487394514768, "price": "$9.79"}, {"title": "Better Homes & Gardens Kane Twin Over Twin Bunk Bed, Gray Finish", "tags": "Shop All Kids' Beds Teens' Metal Bunk Bedroom Furniture Twin Wood", "relevancy_score": 15.702401960784313, "price": "$229.00"}, {"title": "Star Wars: The Mandalorian \u2018The Child\u2019 Baby Yoda 62\"x 90\" Plush Blanket", "tags": "Kids' Sheets Blankets & Throws Pillows Boys Comforter Sets Shop All Decor Bedding Teen Boy", "relevancy_score": 131.62282894736842, "price": "$22.88"}, {"title": "Trolls Kids Bedroom Curtain Panel Set, Set of 2, 63-inch L", "tags": "Kids' Lighting Bedding Sets Wall Decals & Stickers Girls Character Lamps Lights Comforter", "relevancy_score": 419.65639492753627, "price": "$24.99"}, {"title": "Trolls World Tour Kids Microfiber Coral Fleece Throw, 46\"x60\"", "tags": "Kids' Sheets Blankets & Throws Bedding Sets Character Shop All Decor Girls Comforter Beach Towels", "relevancy_score": 30.71173611111111, "price": "$14.88"}, {"title": "Kinbor 3Pcs Wicker Rattan Rocker Chair Side Tea Table Set Garden Rocking Lounge Chair w/Removable Cushion", "tags": "Outdoor Rocking Chairs with Cushions Wicker Shop All Wood Black Metal Brown White", "relevancy_score": 144.77021174863387, "price": "$193.99"}, {"title": "Disney Toy Story 4 Throw with Buzz & Woody", "tags": "Kids' Sheets Comforters Blankets & Throws Wall Decals Stickers Shop All Bedding Decor Princess", "relevancy_score": 152.6040860215054, "price": "$14.88"}, {"title": "Ryan's World Kids Silky Soft Throw, 40 x 50, All My Pals", "tags": "Kids' Towels Blankets & Throws Shop All Decor Boys Bedding all Fleece Hooded", "relevancy_score": 76.68536231884059, "price": "$9.96"}, {"title": "Ultra Soft Faux Sheepskin Fur Shag Rug Ivory 2' x 4' Sheepskin", "tags": "Kids' Rugs White Area All Kids & Teen Pink Faux Fur Gray Shaggy Purple", "relevancy_score": 28.911736111111114, "price": "$19.99"}, {"title": "Swanton All-Season 100% Cotton Diamond Bed Blankets by Impressions", "tags": "Throw Blankets Dorm Bedding Essentials Plush Basic Bed Shop all Cotton Soft Fleece", "relevancy_score": 363.1057575757576, "price": "$36.52"}, {"title": "Mainstays Unicorn Nightlight", "tags": "Baby Lighting Toddlers' Curtains Soothers Wall Decor Nightlights & Toy Chests Pillows Toddler Storage", "relevancy_score": 17.702401960784314, "price": "$3.59"}, {"title": "PAW Patrol Die-Cut Table Lamp", "tags": "Toddler Bookshelves Toddlers' Curtains Wall Decor Toy Chests Paw Patrol Furniture Storage Playroom Desks & Chairs", "relevancy_score": 227.66901041666668, "price": "$24.96"}, {"title": "Emerson SmartSet Alarm Clock Radio With AM/FM Radio and White LED Display ER100101", "tags": "Kids' Portable Audio Science & Education NBA Bobbleheads PJ Masks All FOCO Bobble Heads Collectible Novelty Zoomer Math Toys for Kids", "relevancy_score": 268.1631462585034, "price": "$17.99"}, {"title": "Sauder Parklane Contemporary 6-Drawer Dresser, Espresso Finish", "tags": "Teens' Dressers Oak White Shop all Espresso Modern 6 Drawer Black", "relevancy_score": 301.20197607260724, "price": "$250.00"}, {"title": "Nickelodeon Jojo Siwa Mini Saucer Chair", "tags": "Toddler Arm Chairs Folding Minnie Furniture Toddlers' Lamps & Lighting Toy Chests Storage", "relevancy_score": 66.40140625, "price": "$24.99"}, {"title": "Mainstays Upholstered Bed, Queen Bed Frame, Blue Velvet", "tags": "King Beds Modern Queen Platform Wood Upholstered Full Shop all", "relevancy_score": 838.9814376590331, "price": "$100.00"}, {"title": "Better Homes and Gardens Kelsey Twin Metal Loft Bed, White", "tags": "Teens' Beds Shop All Loft Twin Full Kids' Bedroom Furniture with Desks", "relevancy_score": 435.9071647869674, "price": "$169.00"}, {"title": "Belham Living Pebble Faux Leather Decorative Pillow", "tags": "Fall Pillows Teens' Decorative Better Homes & Gardens Decor and New Arrivals Indoor Christmas Throw Pillow Covers Shop All", "relevancy_score": 75.08536231884058, "price": "$8.99"}, {"title": "Baby Shark Kids Skid-Resistant Foam Bath Rug, Polyester, 30\u201d x 20\u201d", "tags": "Kids' Towels Bath Mats Shower Curtains Shop All Characters Bathroom Sets Fabric", "relevancy_score": 51.06760416666667, "price": "$14.88"}, {"title": "Fortnite 'Neon Stripes' 5-Piece Twin Bed Set with Bonus Tote", "tags": "", "relevancy_score": 0.0, "price": "$39.97"}, {"title": "Generic DHP Twin/Twin Bunk Bed, Multiple Colors", "tags": "Teens' Beds Bedroom Metal Bunk Kids' Furniture Twin Shop All", "relevancy_score": 3211.9053232388314, "price": "$171.86"}, {"title": "PAW Patrol Kids Microfiber Coral Fleece Throw, 46\"x60\"", "tags": "Character Bedding Shop All Kids' Decor Boys Characters Fleece Blankets Throws", "relevancy_score": 83.14461879432623, "price": "$14.88"}, {"title": "Better Homes & Gardens Modern Farmhouse Platform 2-Drawer Storage Bed, Twin, Rustic Gray", "tags": "Shop All Kids' Beds Small Bedroom Ideas Twin for Boys Storage bedroom ideas Girls", "relevancy_score": 431.33528892944037, "price": "$209.18"}, {"title": "6Pieces 3000TC Soft Microfiber Bed Sheet Set,Wrinkle & Fade Resistant Collection Bed Sheet Queen", "tags": "Bed Sheets Twin King White Sheet Sets Deep Pocket Full Warm & Cozy", "relevancy_score": 426.4203142076503, "price": "$26.99"}, {"title": "Safavieh Milan Harlow Solid Shag Area Rug or Runner", "tags": "6' x 9' Area Rugs Safavieh 12' White Square Over Bedroom Shaggy", "relevancy_score": 831.7266352596315, "price": "$254.98"}, {"title": "Mainstays Kids Transportation Coordinating Printed Sheet Set", "tags": "Kids' Bedding Sets Boys Comforter Outer Space Transportation Sheet Dinosaur", "relevancy_score": 58.75876893939393, "price": "$13.50"}, {"title": "Mainstays Complete Animal Bed in a Bag Bedding, King", "tags": "Teens' Bedding Sets Comforters Shop All Girls Comforter Dorm", "relevancy_score": 747.5393206075533, "price": "$31.03"}, {"title": "Humble Crew Industrial Desk Chair, White", "tags": "Folding Tables & Chairs Stacking Ergonomic Teens' Desk White Office Furniture Plastic Commercial", "relevancy_score": 11.610059523809523, "price": "$34.99"}, {"title": "Martha Collection 1800 Series Embossed Deep Pocket Sheet Set - Super Soft & Wrinkle Free - Luxurious Bed Sheets Set (Twin Extra Long, White)", "tags": "Kids' Sheets Twin XL King White Sheet Sets Full Warm & Cozy", "relevancy_score": 186.584725877193, "price": "$21.99"}, {"title": "Barton Kids Desk Interactive Adjustable Table and Chair Height Tiltable Desktop Large Storage Drawer, Pink", "tags": "Kids' Chairs & Seating Top Rated Desks Shop All Furniture Tables Chair Sets Desk Playroom", "relevancy_score": 45.98548076923077, "price": "$139.95"}, {"title": "Heritage Club Emelie Ruffle Super Soft Comforter Set, Twin", "tags": "", "relevancy_score": 10.266901041666667, "price": "$44.99"}, {"title": "Disney Frozen 2 Blue Olaf Silk Touch Throw Blanket, 40\" x 50\"", "tags": "Kids' Blankets & Throws Girls Bedding Shop All Sherpa Decor all Princess", "relevancy_score": 50.06760416666667, "price": "$6.89"}, {"title": "Delta Children Disney Mickey Mouse Plastic Toddler Canopy Bed, Blue", "tags": "Toddler Bedding Sets & Sheets Classic Beds Boys Shop All Wooden Paw Patrol Furniture Mickey Princess", "relevancy_score": 240.6145928030303, "price": "$79.99"}, {"title": "Large 3D Minecraft Wall Sticker 3D Vinyl Removable Wall Cling Decals Stickers-Room Decor", "tags": "Kids' Blankets & Throws Bedding Sets Character Boys Comforter Characters Shop All Posters", "relevancy_score": 54.855875850340134, "price": "$10.99"}, {"title": "Delta Children Disney/Pixar Cars Lightning McQueen Plastic Bed, Twin", "tags": "Cars Toddler Furniture Classic Beds Shop All Wooden Toddlers' Lamps & Lighting Superhero Car Mickey", "relevancy_score": 358.1116356749311, "price": "$279.99"}, {"title": "Regal Upholstered Bed with Nail Trim Headboard, King", "tags": "King Beds Modern Panel Queen Platform Wood Upholstered Full", "relevancy_score": 142.7293181818182, "price": "$163.27"}, {"title": "Your Zone Blue Sharks Bed-in-a-Bag Kids Bedding Set with Reversible Comforter", "tags": "Kids' Comforters Bedding Sets Character Shop All Boys Girls Comforter Dinosaur", "relevancy_score": 223.38472587719298, "price": "$34.94"}, {"title": "Delta Children Princess Crown Wooden Activity Easel with Storage - Ideal for Arts & Crafts, Drawing, Homeschooling and More", "tags": "Costumes & Dress Up Housekeeping Toys KidKraft Melissa Doug Drawing Coloring Step 2 Pretend Play Kids Activity Tables Playhouses Furniture", "relevancy_score": 135.4990183615819, "price": "$34.99"}, {"title": "Bean Bag Refill", "tags": "Teens' Lounge Seating Big Bean Bag Chairs Shop All Kids' Furniture Adult & Teen Playroom", "relevancy_score": 116.38269345238096, "price": "$20.00"}, {"title": "Fitted Hospital Bed Sheet, Twin Extra-Long 36\"X80\"X9\" Soft and Comfy 100% Cotton (Twin XL, White) by Crescent", "tags": "Bed Sheets Twin XL White Fitted Jersey 100% Cotton Full", "relevancy_score": 61.558768939393936, "price": "$19.95"}, {"title": "Nickelodeon Paw Patrol Pup 4 Pack Canvas Wall Art", "tags": "Toy Boxes & Chests Kids' Curtains Wall Decals Stickers Paw Patrol Personalized Gifts Shop All Decor Art by Style Storage Artist", "relevancy_score": 121.94109848484848, "price": "$18.00"}, {"title": "Nick Jr. PAW Patrol Deluxe Toy Box by Delta Children", "tags": "Toddler Bookshelves Toddlers' Curtains Lamps & Lighting Toy Chests Paw Patrol Furniture All Nursery Storage Playroom Desks Chairs", "relevancy_score": 232.18878086419753, "price": "$47.59"}, {"title": "Cosy House Collection Luxury Bamboo Bed Sheet Set - Hypoallergenic Bedding Blend from Natural Bamboo Fiber - Resists Wrinkles - 4 Piece - 1 Fitted Sheet, 1 Flat, 1 Pillowcase - Twin", "tags": "", "relevancy_score": 14.488219696969699, "price": "$39.95"}, {"title": "Holiday Time Merry Christmas Wreath Buffalo Plaid Throw Pillows, Set of 2", "tags": "", "relevancy_score": 0.0, "price": "$15.98"}, {"title": "HLC.ME Lattice Print Decorative Blackout Thermal Privacy Room Darkening Grommet Window Drapes Curtain Panels for Bedroom - Set of 2", "tags": "Teens' Window Treatments Best Cooling Sheets & Bedding for Hot Sleepers Room Darkening Curtains Sheer Kitchen Curtain Sets Teen", "relevancy_score": 95.70816666666667, "price": "$24.99"}, {"title": "Mainstays Kids Pink Horsey Bed-in-a-Bag Coordinating Bedding Set", "tags": "Kids' Comforters Teens' Bedding Sets Girls Shop All Comforter Princess Teen Girl", "relevancy_score": 496.8214351851852, "price": "$32.88"}, {"title": "Donco Kids PD-1830TLWG Sweet Dreams Low Loft, White & Grey", "tags": "Shop All Kids' Beds Teens' Loft Full Low Bedroom Furniture with Desks", "relevancy_score": 46.820119047619045, "price": "$542.12"}, {"title": "ELECWISH 62.6\u201dSet of 2 Shelf Floor Lamp with Linen Shade, Wooden Frame Modern Standing Lamp with 3 Shelves Organizer Decor for Home", "tags": "Black Floor Lamps Shop all by Type All Style Material Shelf Color", "relevancy_score": 53.94572154471545, "price": "$86.49"}, {"title": "DHP Canopy Metal Bed, Full Size Frame, Pink", "tags": "Canopy Beds Twin Girls for Boys Kids' Bedroom Furniture Metal", "relevancy_score": 286.3928629032258, "price": "$179.00"}, {"title": "Garland Rug Flowers Bright Pink 5'x7' Novelty Indoor Area Rug", "tags": "Teens' Rugs Contemporary Area Black All Kids & Teen Blue Gray Modern Purple", "relevancy_score": 967.3559086345382, "price": "$32.25"}, {"title": "Walmart Bliss Beach Striped Blue Area Rug", "tags": "6' x 9' Area Rugs Safavieh 12' Square Blue Gray 2' 3' Bedroom", "relevancy_score": 84.40140625, "price": "$44.99"}, {"title": "South Shore Smart Basics Kids' Nightstand, 1 Drawer, Multiple Finishes", "tags": "Teens' Nightstands & Vanities Shop all Modern White All Kids' Black Wood", "relevancy_score": 684.4717601246107, "price": "$52.99"}, {"title": "Linteum Textile (1-Piece 54x90 in, White) Twin Flat Draw Sheets 180 Thread Count", "tags": "Bed Sheets Flat Twin Microfiber White Fitted Soft Warm & Cozy", "relevancy_score": 0.0, "price": "$9.99"}, {"title": "Mainstays Kids Paris Bed-in-a-Bag Coordinating Bedding Set", "tags": "Kids' Bedding Sets Teens' Comforters Girls Comforter Teen Girl Paris", "relevancy_score": 910.8854280821918, "price": "$32.98"}, {"title": "Ornavo Home Foldable Tufted Linen Large Storage Ottoman Bench Foot Rest Stool/Seat - 15\" x 45\" x 15\"", "tags": "Storage Ottomans Faux Leather Tufted Linen & Footstools Rectangular All", "relevancy_score": 189.61371376811593, "price": "$57.99"}, {"title": "Fashion Large Bean Bag Sofa Cover Lounger Chair Sofa Ottoman Seat Living Room Furniture Cover", "tags": "Kids' Chairs & Seating Teens' Lounge Big Bean Bag Shop All Furniture Playroom", "relevancy_score": 3.137755376344086, "price": "$27.89"}, {"title": "Humble Crew Kids Bookshelf 4 Tier Book Organizer, Inspire Collection, Grey/White", "tags": "Toy Storage Kids' Bins Daycare Furniture Organizers Shop All White Bookcases & Bookshelves Playroom", "relevancy_score": 124.18269345238096, "price": "$33.96"}, {"title": "South Shore Summer Breeze 6-Drawer Double Dresser, Multiple Finishes", "tags": "Teens' Dressers Kids' Brown White Shop all 6 Drawer Girls Boys", "relevancy_score": 2082.6483846042747, "price": "$215.00"}, {"title": "Marvel Avengers Marvel Team Twin Bed in a Bag", "tags": "Kids' Sheets Comforters Bedding Sets Shop All Boys Comforter Spider-Man", "relevancy_score": 60.020119047619055, "price": "$57.99"}, {"title": "Queer Eye Farnsworth 5 Drawer Mid-Century Modern Dresser, Walnut", "tags": "Oak Dressers White Shop all Espresso Modern 5 Drawer Black", "relevancy_score": 44.42011904761905, "price": "$230.00"}, {"title": "Minecraft Earth Twin/Full Reversible Cooling Comforter, Green/Yellow", "tags": "Kids' Comforters Blankets & Throws Character Bedding Shop All Boys Comforter Sets Characters", "relevancy_score": 384.9366777286135, "price": "$29.98"}, {"title": "Disney Mickey Mouse Playground Pals Boys Bedroom Curtain Panel, 63-inches in L", "tags": "Kids' Wall Decals & Stickers Art Shop All by Style Lamps Lights Storage Disney Artist", "relevancy_score": 110.02282894736842, "price": "$17.00"}, {"title": "Heritage Club Kids Country Meadows Bed-in-a-Bag Bedding Set", "tags": "Kids' Comforters Girls Bedding Shop All Bed-in-a-Bag Sets Comforter Princess Floral", "relevancy_score": 443.28493589743596, "price": "$39.97"}, {"title": "Unicorn Deluxe Plush Blanket for Kids by Your Zone", "tags": "Girls Bedding Shop All Kids' Decor all Blankets Themes Throws", "relevancy_score": 136.46158045977012, "price": "$13.97"}, {"title": "DreamWorks Trolls Movie Slumber Bag with BONUS Pillow", "tags": "Kids' Lighting Blankets & Throws Pillows Character Bedding Shop All Lamps Lights Characters", "relevancy_score": 205.06225, "price": "$17.97"}, {"title": "Pokemon Microfiber Sheet Set, Kids Bedding, Pikachu, 3-Piece TWIN", "tags": "Kids' Comforters Bedding Sets Character Shop All Boys Comforter Characters Teen Boy", "relevancy_score": 61.09105620155039, "price": "$20.09"}, {"title": "Bare Home Weighted Blanket (60\"x80\", 17lb, Grey) Standard Size Heavy Cotton Blanket for Adults & Kids - Sleep Therapy to Help Reduce Stress, Insomnia & Anxiety", "tags": "Weighted Blankets Kids' 15lb Cotton Blanket for Adults 20lb Shop All Kids", "relevancy_score": 89.70816666666667, "price": "$49.99"}, {"title": "Star Wars Baby Yoda 'The Child' 5 Piece Twin Bed Set with Bonus Tote", "tags": "", "relevancy_score": 0.0, "price": "$39.97"}, {"title": "Trolls World Tour Plastic Sleep and Play Toddler Bed by Delta Children", "tags": "Character & Novelty Toddler Beds Bedding Sets Sheets Classic Minnie Furniture Wooden Girls Frozen Princess", "relevancy_score": 146.2040860215054, "price": "$59.99"}, {"title": "Delta Children DC Comics Batman Batmobile Car Plastic Twin Bed, Black", "tags": "Cars Toddler Furniture Classic Beds Shop All Chairs Wooden Superhero Car", "relevancy_score": 268.3309503745318, "price": "$249.99"}, {"title": "Brushed Microfiber Sheets Set- 3 Piece Bed Linens by Somerset Home (Blue, Twin)", "tags": "Twin XL Sheets Microfiber King White Queen Sheet Sets Full Warm & Cozy", "relevancy_score": 211.78878086419752, "price": "$17.13"}, {"title": "Teraves Premium Metal Bed Frame Platform Bedroom Mattress Foundation Twin Size", "tags": "Shop All Kids' Beds Platform Twin Metal Full all for Girls", "relevancy_score": 39.2990350877193, "price": "$69.99"}, {"title": "South Shore Smart Basics 3-Drawer Dresser, Multiple Finishes", "tags": "Teens' Dressers Bedroom Kids' Brown Transitional White Girls Boys", "relevancy_score": 5738.991481053605, "price": "$109.00"}, {"title": "Super Mario Microfiber Sheet Set, Kids Bedding, Trifecta Fun, 3-Piece TWIN", "tags": "Kids' Sheets Comforters Bedding Sets Shop All Boys Comforter Characters", "relevancy_score": 155.80408602150538, "price": "$27.62"}, {"title": "Chill Sack 5 ft Bean Bag Chair, Multiple Colors/Fabrics", "tags": "Kids' Chairs & Seating Teens' Lounge Big Bean Bag Shop All Furniture Adult Teen Playroom", "relevancy_score": 838.8424142156862, "price": "$168.00"}, {"title": "Heritage Club Ombre Sheer Single Window Panel", "tags": "Teens' Window Treatments Room Darkening Curtains Decor Sheer Curtain Sets Teen", "relevancy_score": 10.266901041666667, "price": "$9.50"}, {"title": "Mickey Mouse 90th Anniversary Striped Bed in a Bag Bedding Set w/ Reversible Comforter", "tags": "Kids' Sheets Comforters Bedding Sets Teens' Girls Shop All Comforter", "relevancy_score": 123.52282894736842, "price": "$79.99"}, {"title": "Disney Toy Story 4 Kids Bed in a Bag Bedding Set w/ Buzz, Woody, Rex, Forky & More", "tags": "Kids' Sheets Comforters Character Bedding Shop All Boys Comforter Sets Sheet", "relevancy_score": 147.8702117486339, "price": "$64.99"}, {"title": "Marvel Spiderman Mini Saucer Chair, Available in Multiple Characters", "tags": "Kids' Chairs & Seating Kids Folding Spider-Man Bedding Characters Tables Chair Sets Bean Bag All Upholstered", "relevancy_score": 332.49384103641455, "price": "$43.47"}, {"title": "Mainstays Distressed Zig Zag Cinder Gray/White 7'6\"x9'6\" Indoor Area Rug", "tags": "All Area Rug Shapes Rugs in Styles 8' x 10' Mainstays Weaves Blue Modern Rectangle", "relevancy_score": 810.0933333333335, "price": "$58.89"}, {"title": "Minions 2 The Rise of Gru Sheet Set, Kids Bedding, 3-Piece Twin Size", "tags": "Kids' Sheets Comforters Bedding Sets Shop All Boys Comforter Sheet", "relevancy_score": 10.266901041666667, "price": "$19.88"}, {"title": "Black Red Gaming Chair - High Back Racing Leather Computer Desk Office Chair Swivel Ergonomic Executive Chair with Footrest Headrest Pillow Lumbar Support", "tags": "Dorm Study Furniture Essentials Shop All Teens' Ergonomic Chairs Gaming Chair Rockers Desk Kids'", "relevancy_score": 29.78548076923077, "price": "$145.99"}, {"title": "Urban Shop LED Color Changing White Moon Lamp", "tags": "Kids' Chairs & Seating Best Bedroom Products if You Can't Sleep Moon Lamps Saucer Nourison Rugs Themes White Folding Adult Teen Bean Bag", "relevancy_score": 109.89796296296296, "price": "$17.99"}, {"title": "(K54) BRIGHT RED 2 Panel Silver Grommets Window Curtain 3 Layered Thermal Heavy Thick Insulated Blackout Drape Treatment Size 30\" Wide X 54\" Length", "tags": "Kids' Curtains Blackout Room Darkening Teens' Decor Valances Curtain Sets Teen", "relevancy_score": 120.99901836158192, "price": "$13.00"}, {"title": "Convenience Concepts American Heritage 5-Shelf Ladder Bookcase, Sea Foam", "tags": "Living Room Dorm Study Furniture Small office ideas Black Bookcases & Bookshelves Leaning Ladder Shelves White Wood Kids' Playroom", "relevancy_score": 716.4031640625001, "price": "$107.66"}, {"title": "Princess Castle Play House, Large Indoor/Outdoor Kids Play Tent for Girls Pink Birthday Gift", "tags": "Ages 0-12 months 12-24 12-18 Month Toys Kids' Teepees & Play Tents Fisher Price Baby Learning Toddler Playroom", "relevancy_score": 346.26953776041665, "price": "$33.99"}, {"title": "Home Sweet Home Extra Soft Deep Pocket Embroidery Luxury 4-Piece Bed Sheet Set (King, Gold)", "tags": "Twin XL Sheets King White Sheet Sets Deep Pocket California Warm & Cozy", "relevancy_score": 102.69796296296298, "price": "$27.99"}, {"title": "Star Wars 46\" x 60\" Kids Bedding Plush Throw, 1 Each", "tags": "Boys Comforter Sets Teens' Decorative Pillows Shop All Kids' Decor Bedding Outer Space Night Lights Teen Boy Throws", "relevancy_score": 59.79105620155039, "price": "$26.14"}, {"title": "Minecraft Aquatic Biome Collector Case", "tags": "All Collectible Figures Action LEGO Minecraft Easter Building Sets Toys for 7 year olds 6 Ages 8 to 11", "relevancy_score": 27.71173611111111, "price": "$19.99"}, {"title": "Delta Children Gateway Table and 2 Chairs Set, Grey & White", "tags": "Kids' Desk with Chair Sets Daycare Furniture Shop All Characters Chairs Vanities Playroom Upholstered", "relevancy_score": 539.1807465277778, "price": "$99.97"}, {"title": "PAW Patrol Ruff Ruff Rescue Comforter, Twin", "tags": "Kids' Curtains Sheets Comforters Character Bedding Shop All Boys Comforter Sets Characters", "relevancy_score": 5.137755376344086, "price": "$28.74"}, {"title": "Everyday Kids Fitted Crib Sheet - Princess Storyland", "tags": "Disney Baby Nursery Best Sellers: Sheets Modern Den Lambs & Ivy Classic Girl All Neutral", "relevancy_score": 25.610059523809525, "price": "$7.99"}, {"title": "Sofa Sack Cover No Filling - Bean Bag Footstools Foot Rest Stool Pouffe Ottoma-Ultra Soft Home Bean Bag Chair - Memory Foam Bean Bag Chair-Furnitout Ottoman Bean Bag Cover", "tags": "Storage Ottomans Footstools & Linen Square No All Round Leather", "relevancy_score": 28.68536231884058, "price": "$12.99"}, {"title": "Melannco 15-inch Decorative White Wood Flower Shelf, 1 Each", "tags": "Shelving Storage Natural Elements-Decor Dorm Study Furniture Bathroom Shelves Bedroom Bookcases & Bookshelves", "relevancy_score": 1.137755376344086, "price": "$23.76"}, {"title": "Harry Potter Pillow Buddy", "tags": "Toy Boxes & Chests Kids' Blankets Throws Pillows All Trunks Shop Storage Fabric Baskets Bins Posters Teen Boy Bedding", "relevancy_score": 45.98548076923077, "price": "$15.96"}, {"title": "Karla Dubois Jacey Kids Floral Patchwork Chair", "tags": "Storage Ottomans Fabric Chairs All Accent Gray Blue Kids' Upholstered", "relevancy_score": 23.610059523809525, "price": "$78.57"}, {"title": "Disney?s Frozen Sheet Set, Kids Bedding, Nordic Frost", "tags": "Kids' Comforters Girls Bedding Character Shop All Sets Comforter Characters Sheet", "relevancy_score": 237.66901041666668, "price": "$21.96"}, {"title": "Pokemon Sheet Set, Kids Bedding, 3-Piece Twin Size", "tags": "", "relevancy_score": 0.0, "price": "$19.96"}, {"title": "Noble House Todd Outdoor Water Resistant Fabric Bean Bag Accent Lounger,Khaki", "tags": "Kids' Chairs & Seating Bean Bag Shop All Furniture Adult Teen Playroom", "relevancy_score": 45.08548076923077, "price": "$80.00"}, {"title": "KidKraft Round Storage Table & 2 Chair Set - Pink & White", "tags": "Kids' Bedroom Sets Desk with Chair White Vanities Daycare Furniture Shop All Characters Playroom", "relevancy_score": 352.6618081761006, "price": "$64.23"}, {"title": "LOL Surprise Pop Up Hamper", "tags": "Girls Bedding Character Shop All Kids' Closet Organizers Characters Storage", "relevancy_score": 122.4615804597701, "price": "$19.99"}, {"title": "Ninja Game Time - The Influencer 2Pc Twin/Full Comforter & Sham Set", "tags": "Kids' Sheets Comforters Character Bedding Shop All Boys Comforter Sets Characters", "relevancy_score": 64.99105620155039, "price": "$29.96"}, {"title": "KidKraft Round Storage Table & 2 Chair Set - Natural & White", "tags": "Kids' Bedroom Sets Desk with Chair White Vanities Daycare Furniture Shop All Characters Playroom", "relevancy_score": 262.9218640350877, "price": "$69.73"}, {"title": "RiverRidge 4-Tier Ladder Shelf - White", "tags": "Small office ideas Bathroom Shelves Black Bookcases & Bookshelves White Office Furniture Leaning Ladder Wood", "relevancy_score": 53.94572154471545, "price": "$77.99"}, {"title": "Dorel Living Twin Size Metal Headboard, Bedroom Furniture, White", "tags": "Teens' Beds Bedroom Queen Headboards Twin Shop all Kids' Furniture", "relevancy_score": 707.3703483606557, "price": "$44.97"}]