[
    {
        "title": "Crimson Peak (DVD)",
        "url": "https://www.walmart.com/ip/Crimson-Peak-DVD/47502511",
        "price": "$7.99",
        "stars": "4.6",
        "ratings": "5 ",
        "img": "",
        "tags": [
            [
                "Action Drama Movies",
                "/browse/movies-tv-shows/action-drama-movies/4096_530598_530698_45092"
            ],
            [
                "All Horror Movies",
                "/browse/movies-tv-shows/all-horror-movies/4096_530598_530709_50716"
            ],
            [
                "Classic Horror Movies",
                "/browse/movies-tv-shows/classic-horror-movies/4096_530598_530709_531534"
            ],
            [
                "Supernatural Horror Movies",
                "/browse/movies-tv-shows/supernatural-horror-movies/4096_530598_530709_531537"
            ],
            [
                "Instawatch Drama Movies",
                "/browse/movies-tv-shows/instawatch-drama-movies/4096_1228693_5351589"
            ],
            [
                "DVD Movies",
                "/browse/movies-tv-shows/dvd-movies/4096_8073310_7001804"
            ],
            [
                "Instawatch Mystery & Suspense Movies",
                "/browse/movies-tv-shows/instawatch-mystery-suspense-movies/4096_1228693_8642119"
            ],
            [
                "All Classics",
                "/browse/movies-tv-shows/all-classics/4096_530598_530702_9070202"
            ]
        ]
    },
    {
        "title": "They Live (Collector's Edition) (DVD)",
        "url": "https://www.walmart.com/ip/They-Live-Collector-s-Edition-DVD/21939909",
        "price": "$11.99",
        "stars": "5.0",
        "ratings": "4 ",
        "img": "",
        "tags": [
            [
                "All 4K Ultra HD Movies",
                "/browse/movies-tv-shows/all-4k-ultra-hd-movies/4096_3315790_1172214"
            ],
            [
                "All Mystery & Suspense",
                "/browse/movies-tv-shows/all-mystery-suspense/4096_530598_530711_3034275"
            ],
            [
                "Classic Horror Movies",
                "/browse/movies-tv-shows/classic-horror-movies/4096_530598_530709_531534"
            ],
            [
                "Supernatural Horror Movies",
                "/browse/movies-tv-shows/supernatural-horror-movies/4096_530598_530709_531537"
            ],
            [
                "All Sci-Fi & Fantasy",
                "/browse/movies-tv-shows/all-sci-fi-fantasy/4096_530598_530715_531581"
            ],
            [
                "Action & Adventure 4K Ultra HD Movies",
                "/browse/movies-tv-shows/action-adventure-4k-ultra-hd-movies/4096_3315790_7246133"
            ],
            [
                "Instawatch Horror Movies",
                "/browse/movies-tv-shows/instawatch-horror-movies/4096_1228693_7281735"
            ],
            [
                "Instawatch Movies",
                "/browse/movies-tv-shows/instawatch-movies/4096_1228693_9986038"
            ]
        ]
    },
    {
        "title": "Scream 3 (DVD)",
        "url": "https://www.walmart.com/ip/Scream-3-DVD/16386576",
        "price": "$6.59",
        "stars": "5.0",
        "ratings": "2 ",
        "img": "",
        "tags": [
            [
                "Other Halloween Accessories",
                "/browse/party-occasions/other-halloween-accessories/2637_615760_1087251_1087065"
            ],
            [
                "Trick-or-Treat Bags",
                "/browse/party-occasions/trick-treat-bags/2637_615760_1087431"
            ],
            [
                "Halloween Masks",
                "/browse/party-occasions/halloween-masks/2637_615760_1087251_1107153"
            ],
            [
                "Halloween Baking & Cooking Supplies",
                "/browse/party-occasions/halloween-baking-cooking-supplies/2637_615760_1073684_1227874"
            ],
            [
                "Witch Costumes",
                "/browse/party-occasions/witch-costumes/2637_615760_1088766_1054059_4184691_1997918"
            ],
            [
                "Scary Costumes",
                "/browse/party-occasions/scary-costumes/2637_615760_1088766_2327096_4882150"
            ],
            [
                "Other Men's Halloween Costumes",
                "/browse/party-occasions/other-mens-halloween-costumes/2637_615760_1088766_1054059_7955173_615799"
            ],
            [
                "Halloween Party Tableware",
                "/browse/party-occasions/halloween-party-tableware/2637_1042319_6339104_8922081"
            ]
        ]
    },
    {
        "title": "The Uninvited (Criterion Collection) (Blu-ray)",
        "url": "https://www.walmart.com/ip/The-Uninvited-Criterion-Collection-Blu-ray/27651442",
        "price": "$27.26",
        "stars": "4.0",
        "ratings": "1 ",
        "img": "",
        "tags": [
            [
                "All 4K Ultra HD Movies",
                "/browse/movies-tv-shows/all-4k-ultra-hd-movies/4096_3315790_1172214"
            ],
            [
                "All Mystery & Suspense",
                "/browse/movies-tv-shows/all-mystery-suspense/4096_530598_530711_3034275"
            ],
            [
                "Supernatural Horror Movies",
                "/browse/movies-tv-shows/supernatural-horror-movies/4096_530598_530709_531537"
            ],
            [
                "All Sci-Fi & Fantasy",
                "/browse/movies-tv-shows/all-sci-fi-fantasy/4096_530598_530715_531581"
            ],
            [
                "New Release Movies",
                "/browse/new-release-movies/4096_6942910"
            ],
            [
                "Action & Adventure 4K Ultra HD Movies",
                "/browse/movies-tv-shows/action-adventure-4k-ultra-hd-movies/4096_3315790_7246133"
            ],
            [
                "Instawatch Horror Movies",
                "/browse/movies-tv-shows/instawatch-horror-movies/4096_1228693_7281735"
            ],
            [
                "Instawatch Movies",
                "/browse/movies-tv-shows/instawatch-movies/4096_1228693_9986038"
            ]
        ]
    },
    {
        "title": "Bride of Chucky (Blu-ray)",
        "url": "https://www.walmart.com/ip/Bride-of-Chucky-Blu-ray/692359872",
        "price": "$19.99",
        "stars": 0,
        "ratings": 0,
        "img": "",
        "tags": [
            [
                "All 4K Ultra HD Movies",
                "/browse/movies-tv-shows/all-4k-ultra-hd-movies/4096_3315790_1172214"
            ],
            [
                "All Mystery & Suspense",
                "/browse/movies-tv-shows/all-mystery-suspense/4096_530598_530711_3034275"
            ],
            [
                "Supernatural Horror Movies",
                "/browse/movies-tv-shows/supernatural-horror-movies/4096_530598_530709_531537"
            ],
            [
                "All Sci-Fi & Fantasy",
                "/browse/movies-tv-shows/all-sci-fi-fantasy/4096_530598_530715_531581"
            ],
            [
                "New Release Movies",
                "/browse/new-release-movies/4096_6942910"
            ],
            [
                "Action & Adventure 4K Ultra HD Movies",
                "/browse/movies-tv-shows/action-adventure-4k-ultra-hd-movies/4096_3315790_7246133"
            ],
            [
                "Instawatch Horror Movies",
                "/browse/movies-tv-shows/instawatch-horror-movies/4096_1228693_7281735"
            ],
            [
                "Instawatch Movies",
                "/browse/movies-tv-shows/instawatch-movies/4096_1228693_9986038"
            ]
        ]
    },
    {
        "title": "Dark Shadows: 50th Anniversary Collector\u2019s Edition (DVD)",
        "url": "https://www.walmart.com/ip/Dark-Shadows-50th-Anniversary-Collector-s-Edition-DVD/51414105",
        "price": "$9.90",
        "stars": "4.8",
        "ratings": "5 ",
        "img": "",
        "tags": [
            [
                "United Kingdom Movies",
                "/browse/movies-tv-shows/united-kingdom-movies/4096_530598_530706_531507"
            ],
            [
                "Educational",
                "/browse/movies-tv-shows/educational/4096_530719_530716_531595"
            ],
            [
                "Classics TV Shows",
                "/browse/movies-tv-shows/classics-tv-shows/4096_530719_531640"
            ],
            [
                "Sci-Fi & Fantasy TV Shows",
                "/browse/movies-tv-shows/sci-fi-fantasy-tv-shows/4096_530719_531650"
            ],
            [
                "All Documentaries",
                "/browse/movies-tv-shows/all-documentaries/4096_530598_530704_6867416"
            ],
            [
                "DVD Movies",
                "/browse/movies-tv-shows/dvd-movies/4096_8073310_7001804"
            ],
            [
                "All Comedy",
                "/browse/movies-tv-shows/all-comedy/4096_530598_530703_8423591"
            ],
            [
                "All Classics",
                "/browse/movies-tv-shows/all-classics/4096_530598_530702_9070202"
            ]
        ]
    },
    {
        "title": "Carrie (DVD)",
        "url": "https://www.walmart.com/ip/Carrie-DVD/33242614",
        "price": "$9.87",
        "stars": "5.0",
        "ratings": "1 ",
        "img": "",
        "tags": [
            [
                "Instawatch Comedy Movies",
                "/browse/movies-tv-shows/instawatch-comedy-movies/4096_1228693_2759224"
            ],
            [
                "All Horror Movies",
                "/browse/movies-tv-shows/all-horror-movies/4096_530598_530709_50716"
            ],
            [
                "Supernatural Horror Movies",
                "/browse/movies-tv-shows/supernatural-horror-movies/4096_530598_530709_531537"
            ],
            [
                "Instawatch Drama Movies",
                "/browse/movies-tv-shows/instawatch-drama-movies/4096_1228693_5351589"
            ],
            [
                "Instawatch Action & Adventure Movies",
                "/browse/movies-tv-shows/instawatch-action-adventure-movies/4096_1228693_6761985"
            ],
            [
                "DVD Movies",
                "/browse/movies-tv-shows/dvd-movies/4096_8073310_7001804"
            ],
            [
                "All Action & Adventure",
                "/browse/movies-tv-shows/all-action-adventure/4096_530598_530698_8354524"
            ],
            [
                "All Comedy",
                "/browse/movies-tv-shows/all-comedy/4096_530598_530703_8423591"
            ]
        ]
    },
    {
        "title": "30 Days of Night (DVD)",
        "url": "https://www.walmart.com/ip/30-Days-of-Night-DVD/8400477",
        "price": "$6.59",
        "stars": "4.7",
        "ratings": "18 ",
        "img": "",
        "tags": [
            [
                "All 4K Ultra HD Movies",
                "/browse/movies-tv-shows/all-4k-ultra-hd-movies/4096_3315790_1172214"
            ],
            [
                "All Mystery & Suspense",
                "/browse/movies-tv-shows/all-mystery-suspense/4096_530598_530711_3034275"
            ],
            [
                "Supernatural Horror Movies",
                "/browse/movies-tv-shows/supernatural-horror-movies/4096_530598_530709_531537"
            ],
            [
                "All Sci-Fi & Fantasy",
                "/browse/movies-tv-shows/all-sci-fi-fantasy/4096_530598_530715_531581"
            ],
            [
                "New Release Movies",
                "/browse/new-release-movies/4096_6942910"
            ],
            [
                "Action & Adventure 4K Ultra HD Movies",
                "/browse/movies-tv-shows/action-adventure-4k-ultra-hd-movies/4096_3315790_7246133"
            ],
            [
                "Instawatch Horror Movies",
                "/browse/movies-tv-shows/instawatch-horror-movies/4096_1228693_7281735"
            ],
            [
                "Instawatch Movies",
                "/browse/movies-tv-shows/instawatch-movies/4096_1228693_9986038"
            ]
        ]
    },
    {
        "title": "From Hell (DVD)",
        "url": "https://www.walmart.com/ip/From-Hell-DVD/2364227",
        "price": "$6.09",
        "stars": "4.8",
        "ratings": "11 ",
        "img": "",
        "tags": [
            [
                "Other Halloween Accessories",
                "/browse/party-occasions/other-halloween-accessories/2637_615760_1087251_1087065"
            ],
            [
                "Trick-or-Treat Bags",
                "/browse/party-occasions/trick-treat-bags/2637_615760_1087431"
            ],
            [
                "Halloween Masks",
                "/browse/party-occasions/halloween-masks/2637_615760_1087251_1107153"
            ],
            [
                "Halloween Baking & Cooking Supplies",
                "/browse/party-occasions/halloween-baking-cooking-supplies/2637_615760_1073684_1227874"
            ],
            [
                "Witch Costumes",
                "/browse/party-occasions/witch-costumes/2637_615760_1088766_1054059_4184691_1997918"
            ],
            [
                "Scary Costumes",
                "/browse/party-occasions/scary-costumes/2637_615760_1088766_2327096_4882150"
            ],
            [
                "Other Men's Halloween Costumes",
                "/browse/party-occasions/other-mens-halloween-costumes/2637_615760_1088766_1054059_7955173_615799"
            ],
            [
                "Halloween Party Tableware",
                "/browse/party-occasions/halloween-party-tableware/2637_1042319_6339104_8922081"
            ]
        ]
    },
    {
        "title": "Silent Hill (DVD)",
        "url": "https://www.walmart.com/ip/Silent-Hill-DVD/5036521",
        "price": "$6.69",
        "stars": "5.0",
        "ratings": "5 ",
        "img": "",
        "tags": [
            [
                "All 4K Ultra HD Movies",
                "/browse/movies-tv-shows/all-4k-ultra-hd-movies/4096_3315790_1172214"
            ],
            [
                "Supernatural Horror Movies",
                "/browse/movies-tv-shows/supernatural-horror-movies/4096_530598_530709_531537"
            ],
            [
                "Boxed Sets & Collections Movies & TV",
                "/browse/boxed-sets-collections-movies-tv/4096_5732611"
            ],
            [
                "DVD Movies",
                "/browse/movies-tv-shows/dvd-movies/4096_8073310_7001804"
            ],
            [
                "Instawatch Horror Movies",
                "/browse/movies-tv-shows/instawatch-horror-movies/4096_1228693_7281735"
            ],
            [
                "Holiday Movies",
                "/browse/holiday-movies/4096_8637693"
            ],
            [
                "Instawatch Movies",
                "/browse/movies-tv-shows/instawatch-movies/4096_1228693_9986038"
            ]
        ]
    }
]