[
    {
        "title": "Dracula Untold (Blu-ray + Digital Copy)",
        "url": "https://www.walmart.com/ip/Dracula-Untold-Blu-ray-Digital-Copy/49072501",
        "price": "$21.16",
        "stars": "5.0",
        "ratings": "2 ",
        "img": "",
        "tags": [
            [
                "All 4K Ultra HD Movies",
                "/browse/movies-tv-shows/all-4k-ultra-hd-movies/4096_3315790_1172214"
            ],
            [
                "Instawatch Sci-Fi & Fantasy Movies",
                "/browse/movies-tv-shows/instawatch-sci-fi-fantasy-movies/4096_1228693_2690275"
            ],
            [
                "All Mystery & Suspense",
                "/browse/movies-tv-shows/all-mystery-suspense/4096_530598_530711_3034275"
            ],
            [
                "All Horror Movies",
                "/browse/movies-tv-shows/all-horror-movies/4096_530598_530709_50716"
            ],
            [
                "All Sci-Fi & Fantasy",
                "/browse/movies-tv-shows/all-sci-fi-fantasy/4096_530598_530715_531581"
            ],
            [
                "Instawatch Drama Movies",
                "/browse/movies-tv-shows/instawatch-drama-movies/4096_1228693_5351589"
            ],
            [
                "Instawatch Action & Adventure Movies",
                "/browse/movies-tv-shows/instawatch-action-adventure-movies/4096_1228693_6761985"
            ],
            [
                "Instawatch Mystery & Suspense Movies",
                "/browse/movies-tv-shows/instawatch-mystery-suspense-movies/4096_1228693_8642119"
            ]
        ]
    },
    {
        "title": "The Purge: Anarchy (Blu-ray + Digital Copy)",
        "url": "https://www.walmart.com/ip/The-Purge-Anarchy-Blu-ray-Digital-Copy/55330487",
        "price": "$6.96",
        "stars": 0,
        "ratings": 0,
        "img": "",
        "tags": [
            [
                "Instawatch Comedy Movies",
                "/browse/movies-tv-shows/instawatch-comedy-movies/4096_1228693_2759224"
            ],
            [
                "All Horror Movies",
                "/browse/movies-tv-shows/all-horror-movies/4096_530598_530709_50716"
            ],
            [
                "Instawatch Drama Movies",
                "/browse/movies-tv-shows/instawatch-drama-movies/4096_1228693_5351589"
            ],
            [
                "Instawatch Action & Adventure Movies",
                "/browse/movies-tv-shows/instawatch-action-adventure-movies/4096_1228693_6761985"
            ],
            [
                "DVD Movies",
                "/browse/movies-tv-shows/dvd-movies/4096_8073310_7001804"
            ],
            [
                "All Action & Adventure",
                "/browse/movies-tv-shows/all-action-adventure/4096_530598_530698_8354524"
            ],
            [
                "All Comedy",
                "/browse/movies-tv-shows/all-comedy/4096_530598_530703_8423591"
            ],
            [
                "Instawatch Kids and Family Movies",
                "/browse/movies-tv-shows/instawatch-kids-family-movies/4096_1228693_9809738"
            ]
        ]
    },
    {
        "title": "Nightmares & Dreamscapes (DVD)",
        "url": "https://www.walmart.com/ip/Nightmares-Dreamscapes-DVD/5139857",
        "price": "$8.53",
        "stars": "5.0",
        "ratings": "4 ",
        "img": "",
        "tags": [
            [
                "All Mystery & Suspense",
                "/browse/movies-tv-shows/all-mystery-suspense/4096_530598_530711_3034275"
            ],
            [
                "All Horror Movies",
                "/browse/movies-tv-shows/all-horror-movies/4096_530598_530709_50716"
            ],
            [
                "Classic Horror Movies",
                "/browse/movies-tv-shows/classic-horror-movies/4096_530598_530709_531534"
            ],
            [
                "Slasher Horror Movies",
                "/browse/movies-tv-shows/slasher-horror-movies/4096_530598_530709_531535"
            ],
            [
                "Supernatural Horror Movies",
                "/browse/movies-tv-shows/supernatural-horror-movies/4096_530598_530709_531537"
            ],
            [
                "Espionage",
                "/browse/movies-tv-shows/espionage/4096_530598_530711_531551"
            ],
            [
                "Instawatch Horror Movies",
                "/browse/movies-tv-shows/instawatch-horror-movies/4096_1228693_7281735"
            ],
            [
                "All Classics",
                "/browse/movies-tv-shows/all-classics/4096_530598_530702_9070202"
            ]
        ]
    },
    {
        "title": "Wrong Turn 1-5 (Blu-ray)",
        "url": "https://www.walmart.com/ip/Wrong-Turn-1-5-Blu-ray/42286720",
        "price": "$26.34",
        "stars": "1.0",
        "ratings": "1 ",
        "img": "",
        "tags": [
            [
                "Instawatch Sci-Fi & Fantasy Movies",
                "/browse/movies-tv-shows/instawatch-sci-fi-fantasy-movies/4096_1228693_2690275"
            ],
            [
                "All Mystery & Suspense",
                "/browse/movies-tv-shows/all-mystery-suspense/4096_530598_530711_3034275"
            ],
            [
                "Slasher Horror Movies",
                "/browse/movies-tv-shows/slasher-horror-movies/4096_530598_530709_531535"
            ],
            [
                "DVD Movies",
                "/browse/movies-tv-shows/dvd-movies/4096_8073310_7001804"
            ],
            [
                "Instawatch Horror Movies",
                "/browse/movies-tv-shows/instawatch-horror-movies/4096_1228693_7281735"
            ],
            [
                "Marvel Movies",
                "/browse/marvel-movies/4096_7331601"
            ],
            [
                "All Action & Adventure",
                "/browse/movies-tv-shows/all-action-adventure/4096_530598_530698_8354524"
            ],
            [
                "Holiday Movies",
                "/browse/holiday-movies/4096_8637693"
            ]
        ]
    },
    {
        "title": "Night of the Creeps (Unrated) (DVD)",
        "url": "https://www.walmart.com/ip/Night-of-the-Creeps-Unrated-DVD/11048478",
        "price": "$9.99",
        "stars": "5.0",
        "ratings": "3 ",
        "img": "",
        "tags": [
            [
                "All 4K Ultra HD Movies",
                "/browse/movies-tv-shows/all-4k-ultra-hd-movies/4096_3315790_1172214"
            ],
            [
                "All Mystery & Suspense",
                "/browse/movies-tv-shows/all-mystery-suspense/4096_530598_530711_3034275"
            ],
            [
                "Classic Horror Movies",
                "/browse/movies-tv-shows/classic-horror-movies/4096_530598_530709_531534"
            ],
            [
                "Slasher Horror Movies",
                "/browse/movies-tv-shows/slasher-horror-movies/4096_530598_530709_531535"
            ],
            [
                "Supernatural Horror Movies",
                "/browse/movies-tv-shows/supernatural-horror-movies/4096_530598_530709_531537"
            ],
            [
                "Action & Adventure 4K Ultra HD Movies",
                "/browse/movies-tv-shows/action-adventure-4k-ultra-hd-movies/4096_3315790_7246133"
            ],
            [
                "Instawatch Horror Movies",
                "/browse/movies-tv-shows/instawatch-horror-movies/4096_1228693_7281735"
            ],
            [
                "Instawatch Movies",
                "/browse/movies-tv-shows/instawatch-movies/4096_1228693_9986038"
            ]
        ]
    },
    {
        "title": "Stir of Echoes (DVD)",
        "url": "https://www.walmart.com/ip/Stir-of-Echoes-DVD/1084074",
        "price": "$9.92",
        "stars": "5.0",
        "ratings": "2 ",
        "img": "",
        "tags": [
            [
                "Other Halloween Accessories",
                "/browse/party-occasions/other-halloween-accessories/2637_615760_1087251_1087065"
            ],
            [
                "Trick-or-Treat Bags",
                "/browse/party-occasions/trick-treat-bags/2637_615760_1087431"
            ],
            [
                "Halloween Masks",
                "/browse/party-occasions/halloween-masks/2637_615760_1087251_1107153"
            ],
            [
                "Halloween Baking & Cooking Supplies",
                "/browse/party-occasions/halloween-baking-cooking-supplies/2637_615760_1073684_1227874"
            ],
            [
                "Witch Costumes",
                "/browse/party-occasions/witch-costumes/2637_615760_1088766_1054059_4184691_1997918"
            ],
            [
                "Scary Costumes",
                "/browse/party-occasions/scary-costumes/2637_615760_1088766_2327096_4882150"
            ],
            [
                "Other Men's Halloween Costumes",
                "/browse/party-occasions/other-mens-halloween-costumes/2637_615760_1088766_1054059_7955173_615799"
            ],
            [
                "Halloween Party Tableware",
                "/browse/party-occasions/halloween-party-tableware/2637_1042319_6339104_8922081"
            ]
        ]
    },
    {
        "title": "Annabelle / Annabelle: Creation (Blu-ray)",
        "url": "https://www.walmart.com/ip/Annabelle-Annabelle-Creation-Blu-ray/275953609",
        "price": "$15.19",
        "stars": "4.7",
        "ratings": "3 ",
        "img": "",
        "tags": [
            [
                "All 4K Ultra HD Movies",
                "/browse/movies-tv-shows/all-4k-ultra-hd-movies/4096_3315790_1172214"
            ],
            [
                "All Mystery & Suspense",
                "/browse/movies-tv-shows/all-mystery-suspense/4096_530598_530711_3034275"
            ],
            [
                "Supernatural Horror Movies",
                "/browse/movies-tv-shows/supernatural-horror-movies/4096_530598_530709_531537"
            ],
            [
                "All Sci-Fi & Fantasy",
                "/browse/movies-tv-shows/all-sci-fi-fantasy/4096_530598_530715_531581"
            ],
            [
                "New Release Movies",
                "/browse/new-release-movies/4096_6942910"
            ],
            [
                "Action & Adventure 4K Ultra HD Movies",
                "/browse/movies-tv-shows/action-adventure-4k-ultra-hd-movies/4096_3315790_7246133"
            ],
            [
                "Instawatch Horror Movies",
                "/browse/movies-tv-shows/instawatch-horror-movies/4096_1228693_7281735"
            ],
            [
                "Instawatch Movies",
                "/browse/movies-tv-shows/instawatch-movies/4096_1228693_9986038"
            ]
        ]
    },
    {
        "title": "Maggie (DVD)",
        "url": "https://www.walmart.com/ip/Maggie-DVD/44617745",
        "price": "$9.13",
        "stars": "3.5",
        "ratings": "4 ",
        "img": "",
        "tags": [
            [
                "Instawatch Comedy Movies",
                "/browse/movies-tv-shows/instawatch-comedy-movies/4096_1228693_2759224"
            ],
            [
                "All Sci-Fi & Fantasy",
                "/browse/movies-tv-shows/all-sci-fi-fantasy/4096_530598_530715_531581"
            ],
            [
                "Instawatch Drama Movies",
                "/browse/movies-tv-shows/instawatch-drama-movies/4096_1228693_5351589"
            ],
            [
                "Instawatch Action & Adventure Movies",
                "/browse/movies-tv-shows/instawatch-action-adventure-movies/4096_1228693_6761985"
            ],
            [
                "DVD Movies",
                "/browse/movies-tv-shows/dvd-movies/4096_8073310_7001804"
            ],
            [
                "All Action & Adventure",
                "/browse/movies-tv-shows/all-action-adventure/4096_530598_530698_8354524"
            ],
            [
                "All Comedy",
                "/browse/movies-tv-shows/all-comedy/4096_530598_530703_8423591"
            ],
            [
                "Instawatch Kids and Family Movies",
                "/browse/movies-tv-shows/instawatch-kids-family-movies/4096_1228693_9809738"
            ]
        ]
    },
    {
        "title": "Stir of Echoes (DVD)",
        "url": "https://www.walmart.com/ip/Stir-of-Echoes-DVD/3129632",
        "price": "$7.96",
        "stars": "5.0",
        "ratings": "8 ",
        "img": "",
        "tags": [
            [
                "Instawatch Comedy Movies",
                "/browse/movies-tv-shows/instawatch-comedy-movies/4096_1228693_2759224"
            ],
            [
                "All Horror Movies",
                "/browse/movies-tv-shows/all-horror-movies/4096_530598_530709_50716"
            ],
            [
                "Instawatch Drama Movies",
                "/browse/movies-tv-shows/instawatch-drama-movies/4096_1228693_5351589"
            ],
            [
                "Instawatch Action & Adventure Movies",
                "/browse/movies-tv-shows/instawatch-action-adventure-movies/4096_1228693_6761985"
            ],
            [
                "DVD Movies",
                "/browse/movies-tv-shows/dvd-movies/4096_8073310_7001804"
            ],
            [
                "All Action & Adventure",
                "/browse/movies-tv-shows/all-action-adventure/4096_530598_530698_8354524"
            ],
            [
                "All Comedy",
                "/browse/movies-tv-shows/all-comedy/4096_530598_530703_8423591"
            ],
            [
                "Instawatch Mystery & Suspense Movies",
                "/browse/movies-tv-shows/instawatch-mystery-suspense-movies/4096_1228693_8642119"
            ]
        ]
    },
    {
        "title": "The Conjuring/The Conjuring 2 (Blu-ray)",
        "url": "https://www.walmart.com/ip/The-Conjuring-The-Conjuring-2-Blu-ray/106920851",
        "price": "$12.79",
        "stars": "5.0",
        "ratings": "2 ",
        "img": "",
        "tags": [
            [
                "All Mystery & Suspense",
                "/browse/movies-tv-shows/all-mystery-suspense/4096_530598_530711_3034275"
            ],
            [
                "Italian Movies",
                "/browse/movies-tv-shows/italian-movies/4096_530598_530706_531503"
            ],
            [
                "Supernatural Horror Movies",
                "/browse/movies-tv-shows/supernatural-horror-movies/4096_530598_530709_531537"
            ],
            [
                "Alien",
                "/browse/movies-tv-shows/alien/4096_530598_530715_531576"
            ],
            [
                "All Sci-Fi & Fantasy",
                "/browse/movies-tv-shows/all-sci-fi-fantasy/4096_530598_530715_531581"
            ],
            [
                "Action & Adventure TV Shows",
                "/browse/movies-tv-shows/action-adventure-tv-shows/4096_530719_531638"
            ],
            [
                "Instawatch Horror Movies",
                "/browse/movies-tv-shows/instawatch-horror-movies/4096_1228693_7281735"
            ],
            [
                "Instawatch Movies",
                "/browse/movies-tv-shows/instawatch-movies/4096_1228693_9986038"
            ]
        ]
    }
]