[
    {
        "title": "McHale's Navy (DVD)",
        "url": "https://www.walmart.com/ip/McHale-s-Navy-DVD/55821188",
        "price": "$7.99",
        "stars": "4.0",
        "ratings": "2 ",
        "img": "",
        "tags": [
            [
                "Anime Action",
                "/browse/movies-tv-shows/anime-action/4096_530719_1010219_1010220"
            ],
            [
                "Anime Drama",
                "/browse/movies-tv-shows/anime-drama/4096_530719_1010219_1010222"
            ],
            [
                "All Animation & Cartoons",
                "/browse/movies-tv-shows/all-animation-cartoons/4096_530719_1010219_1010227"
            ],
            [
                "Walmart Exclusives",
                "/browse/walmart-exclusives/4096_1095777"
            ],
            [
                "Military & War Action Movies",
                "/browse/movies-tv-shows/military-war-action-movies/4096_530598_530698_531373"
            ],
            [
                "Sports Comedy TV Shows",
                "/browse/movies-tv-shows/sports-comedy-tv-shows/4096_530719_530717_531611"
            ],
            [
                "Action & Combat",
                "/browse/movies-tv-shows/action-combat/4096_530598_530720_531674"
            ],
            [
                "All War & Military Movies",
                "/browse/movies-tv-shows/all-war-military-movies/4096_530598_530720_531682"
            ]
        ]
    },
    {
        "title": "The To Do List (Blu-ray)",
        "url": "https://www.walmart.com/ip/The-To-Do-List-Blu-ray/27744291",
        "price": "$12.99",
        "stars": 0,
        "ratings": 0,
        "img": "",
        "tags": [
            [
                "All 4K Ultra HD Movies",
                "/browse/movies-tv-shows/all-4k-ultra-hd-movies/4096_3315790_1172214"
            ],
            [
                "Instawatch Romantic Comedies",
                "/browse/movies-tv-shows/instawatch-romantic-comedies/4096_1228693_1550831"
            ],
            [
                "Instawatch Comedy Movies",
                "/browse/movies-tv-shows/instawatch-comedy-movies/4096_1228693_2759224"
            ],
            [
                "Comic Horror Movies",
                "/browse/movies-tv-shows/comic-horror-movies/4096_530598_530709_531540"
            ],
            [
                "Instawatch Romance Movies",
                "/browse/movies-tv-shows/instawatch-romance-movies/4096_1228693_5409118"
            ],
            [
                "Instawatch Action & Adventure Movies",
                "/browse/movies-tv-shows/instawatch-action-adventure-movies/4096_1228693_6761985"
            ],
            [
                "Instawatch Horror Movies",
                "/browse/movies-tv-shows/instawatch-horror-movies/4096_1228693_7281735"
            ],
            [
                "Instawatch Mystery & Suspense Movies",
                "/browse/movies-tv-shows/instawatch-mystery-suspense-movies/4096_1228693_8642119"
            ]
        ]
    },
    {
        "title": "4 Movie Marathon: Romantic Comedy Collection (DVD)",
        "url": "https://www.walmart.com/ip/4-Movie-Marathon-Romantic-Comedy-Collection-DVD/19590106",
        "price": "$7.99",
        "stars": "3.7",
        "ratings": "3 ",
        "img": "i5.walmartimages.com/asr/5546258f-c55b-45d1-90b4-ae42031cf6de_1.54d606eb005aa2a2f1b0b9d1b9d9d1f7.jpeg?odnWidth=612&odnHeight=612&odnBg=ffffff",
        "tags": [
            [
                "Instawatch Comedy Movies",
                "/browse/movies-tv-shows/instawatch-comedy-movies/4096_1228693_2759224"
            ],
            [
                "Romantic",
                "/browse/movies-tv-shows/romantic/4096_530598_530705_531449"
            ],
            [
                "All Romance",
                "/browse/movies-tv-shows/all-romance/4096_530598_530714_531571"
            ],
            [
                "Romantic Comedy",
                "/browse/movies-tv-shows/romantic-comedy/4096_530598_530703_532436"
            ],
            [
                "DVD Movies",
                "/browse/movies-tv-shows/dvd-movies/4096_8073310_7001804"
            ],
            [
                "All Comedy",
                "/browse/movies-tv-shows/all-comedy/4096_530598_530703_8423591"
            ],
            [
                "Holiday Movies",
                "/browse/holiday-movies/4096_8637693"
            ],
            [
                "Instawatch Movies",
                "/browse/movies-tv-shows/instawatch-movies/4096_1228693_9986038"
            ]
        ]
    },
    {
        "title": "Ride Along (Blu-ray + DVD + Digital Copy)",
        "url": "https://www.walmart.com/ip/Ride-Along-Blu-ray-DVD-Digital-Copy/34928331",
        "price": "$9.99",
        "stars": "4.7",
        "ratings": "9 ",
        "img": "",
        "tags": [
            [
                "Instawatch Comedy Movies",
                "/browse/movies-tv-shows/instawatch-comedy-movies/4096_1228693_2759224"
            ],
            [
                "Action Comedy Movies",
                "/browse/movies-tv-shows/action-comedy-movies/4096_530598_530698_531368"
            ],
            [
                "Dark Comedy",
                "/browse/movies-tv-shows/dark-comedy/4096_530598_530703_531428"
            ],
            [
                "Romantic Comedies",
                "/browse/movies-tv-shows/romantic-comedies/4096_530598_530714_531570"
            ],
            [
                "Romantic Comedy",
                "/browse/movies-tv-shows/romantic-comedy/4096_530598_530703_532436"
            ],
            [
                "Instawatch Drama Movies",
                "/browse/movies-tv-shows/instawatch-drama-movies/4096_1228693_5351589"
            ],
            [
                "Instawatch Action & Adventure Movies",
                "/browse/movies-tv-shows/instawatch-action-adventure-movies/4096_1228693_6761985"
            ],
            [
                "All Comedy",
                "/browse/movies-tv-shows/all-comedy/4096_530598_530703_8423591"
            ]
        ]
    },
    {
        "title": "Nutty Professor 2: The Klumps (DVD)",
        "url": "https://www.walmart.com/ip/Nutty-Professor-2-The-Klumps-DVD/1100156",
        "price": "$7.57",
        "stars": "5.0",
        "ratings": "1 ",
        "img": "",
        "tags": [
            [
                "Instawatch Comedy Movies",
                "/browse/movies-tv-shows/instawatch-comedy-movies/4096_1228693_2759224"
            ],
            [
                "Instawatch Animation Movies",
                "/browse/movies-tv-shows/instawatch-animation-movies/4096_1228693_3169926"
            ],
            [
                "Animated Action Movies",
                "/browse/movies-tv-shows/animated-action-movies/4096_530598_530699_531378"
            ],
            [
                "Slapstick Comedy",
                "/browse/movies-tv-shows/slapstick-comedy/4096_530598_530703_531429"
            ],
            [
                "All Romance",
                "/browse/movies-tv-shows/all-romance/4096_530598_530714_531571"
            ],
            [
                "Romantic Comedy",
                "/browse/movies-tv-shows/romantic-comedy/4096_530598_530703_532436"
            ],
            [
                "All Comedy",
                "/browse/movies-tv-shows/all-comedy/4096_530598_530703_8423591"
            ],
            [
                "All Children & Family Movies",
                "/browse/movies-tv-shows/all-children-family-movies/4096_530598_530701_9062682"
            ]
        ]
    },
    {
        "title": "Adam (DVD)",
        "url": "https://www.walmart.com/ip/Adam-DVD/13447990",
        "price": "$7.49",
        "stars": "4.5",
        "ratings": "2 ",
        "img": "",
        "tags": [
            [
                "Instawatch Comedy Movies",
                "/browse/movies-tv-shows/instawatch-comedy-movies/4096_1228693_2759224"
            ],
            [
                "Romantic Comedy",
                "/browse/movies-tv-shows/romantic-comedy/4096_530598_530703_532436"
            ],
            [
                "Instawatch Drama Movies",
                "/browse/movies-tv-shows/instawatch-drama-movies/4096_1228693_5351589"
            ],
            [
                "All Music & Performance",
                "/browse/movies-tv-shows/all-music-performance/4096_530598_530712_5576968"
            ],
            [
                "DVD Movies",
                "/browse/movies-tv-shows/dvd-movies/4096_8073310_7001804"
            ],
            [
                "All Comedy",
                "/browse/movies-tv-shows/all-comedy/4096_530598_530703_8423591"
            ],
            [
                "Instawatch Movies",
                "/browse/movies-tv-shows/instawatch-movies/4096_1228693_9986038"
            ]
        ]
    },
    {
        "title": "Clambake (DVD)",
        "url": "https://www.walmart.com/ip/Clambake-DVD/1523090",
        "price": "$39.93",
        "stars": "5.0",
        "ratings": "4 ",
        "img": "",
        "tags": [
            [
                "Under $5",
                "/browse/under-5/4096_1102661"
            ],
            [
                "Action Romance",
                "/browse/movies-tv-shows/action-romance/4096_530598_530698_50698"
            ],
            [
                "Slapstick Comedy",
                "/browse/movies-tv-shows/slapstick-comedy/4096_530598_530703_531429"
            ],
            [
                "Performing Arts",
                "/browse/movies-tv-shows/performing-arts/4096_530598_530704_531444"
            ],
            [
                "Concerts & Documentaries",
                "/browse/movies-tv-shows/concerts-documentaries/4096_530598_530712_531557"
            ],
            [
                "Rock & Pop",
                "/browse/movies-tv-shows/rock-pop/4096_530598_530712_531561"
            ],
            [
                "All Romance",
                "/browse/movies-tv-shows/all-romance/4096_530598_530714_531571"
            ],
            [
                "All Music & Performance",
                "/browse/movies-tv-shows/all-music-performance/4096_530598_530712_5576968"
            ]
        ]
    },
    {
        "title": "Black Dynamite (Blu-ray)",
        "url": "https://www.walmart.com/ip/Black-Dynamite-Blu-ray/13316927",
        "price": "$14.95",
        "stars": "5.0",
        "ratings": "2 ",
        "img": "",
        "tags": [
            [
                "Anime Movies & TV Shows",
                "/browse/anime-movies-tv-shows/4096_4605228"
            ],
            [
                "Japanese Movies",
                "/browse/movies-tv-shows/japanese-movies/4096_530598_530706_531504"
            ],
            [
                "Comic Horror Movies",
                "/browse/movies-tv-shows/comic-horror-movies/4096_530598_530709_531540"
            ],
            [
                "Comedy",
                "/browse/movies-tv-shows/comedy/4096_616859_617003"
            ],
            [
                "Mystery & Suspense",
                "/browse/movies-tv-shows/mystery-suspense/4096_616859_617010"
            ],
            [
                "Musical Movies",
                "/browse/movies-tv-shows/musical-movies/4096_616859_617011"
            ],
            [
                "Men In Black Movies",
                "/browse/movies-tv-shows/men-in-black-movies/4096_530598_7840041"
            ],
            [
                "Instawatch Mystery & Suspense Movies",
                "/browse/movies-tv-shows/instawatch-mystery-suspense-movies/4096_1228693_8642119"
            ]
        ]
    },
    {
        "title": "Sex and the City (DVD)",
        "url": "https://www.walmart.com/ip/Sex-and-the-City-DVD/10295867",
        "price": "$6.24",
        "stars": "5.0",
        "ratings": "27 ",
        "img": "",
        "tags": [
            [
                "Instawatch Comedy Movies",
                "/browse/movies-tv-shows/instawatch-comedy-movies/4096_1228693_2759224"
            ],
            [
                "Comedy TV Shows",
                "/browse/movies-tv-shows/comedy-tv-shows/4096_530719_531641"
            ],
            [
                "Romantic Comedy",
                "/browse/movies-tv-shows/romantic-comedy/4096_530598_530703_532436"
            ],
            [
                "All Music & Performance",
                "/browse/movies-tv-shows/all-music-performance/4096_530598_530712_5576968"
            ],
            [
                "DVD Movies",
                "/browse/movies-tv-shows/dvd-movies/4096_8073310_7001804"
            ],
            [
                "All Comedy",
                "/browse/movies-tv-shows/all-comedy/4096_530598_530703_8423591"
            ],
            [
                "Instawatch Movies",
                "/browse/movies-tv-shows/instawatch-movies/4096_1228693_9986038"
            ]
        ]
    },
    {
        "title": "When Calls the Heart: The Greatest Blessing (DVD)",
        "url": "https://www.walmart.com/ip/When-Calls-the-Heart-The-Greatest-Blessing-DVD/518989016",
        "price": "$12.96",
        "stars": 0,
        "ratings": 0,
        "img": "",
        "tags": [
            [
                "Walmart Exclusives",
                "/browse/walmart-exclusives/4096_1095777"
            ],
            [
                "Hallmark Channel",
                "/browse/movies-tv-shows/hallmark-channel/4096_530719_1046279_3102459"
            ],
            [
                "Action Romance",
                "/browse/movies-tv-shows/action-romance/4096_530598_530698_50698"
            ],
            [
                "Romantic",
                "/browse/movies-tv-shows/romantic/4096_530598_530705_531449"
            ],
            [
                "All Music & Performance",
                "/browse/movies-tv-shows/all-music-performance/4096_530598_530712_5576968"
            ],
            [
                "Boxed Sets & Collections Movies & TV",
                "/browse/boxed-sets-collections-movies-tv/4096_5732611"
            ],
            [
                "Marvel Movies",
                "/browse/marvel-movies/4096_7331601"
            ],
            [
                "Holiday Movies",
                "/browse/holiday-movies/4096_8637693"
            ]
        ]
    }
]