[
    {
        "title": "Rio 2 (Blu-ray + DVD + Digital Copy)",
        "url": "https://www.walmart.com/ip/Rio-2-Blu-ray-DVD-Digital-Copy/36216109",
        "price": "$7.99",
        "stars": "4.6",
        "ratings": "10 ",
        "img": "",
        "tags": [
            [
                "Disney Princess Movies",
                "/browse/movies-tv-shows/disney-princess-movies/4096_1106153_1106154"
            ],
            [
                "All Anime & Animation",
                "/browse/movies-tv-shows/all-anime-animation/4096_530598_530699_3849438"
            ],
            [
                "Animation & Cartoons",
                "/browse/movies-tv-shows/animation-cartoons/4096_530598_530701_531395"
            ],
            [
                "Family Drama Movies",
                "/browse/movies-tv-shows/family-drama-movies/4096_530598_530701_531398"
            ],
            [
                "DVD Movies",
                "/browse/movies-tv-shows/dvd-movies/4096_8073310_7001804"
            ],
            [
                "All Children & Family Movies",
                "/browse/movies-tv-shows/all-children-family-movies/4096_530598_530701_9062682"
            ],
            [
                "Instawatch Kids and Family Movies",
                "/browse/movies-tv-shows/instawatch-kids-family-movies/4096_1228693_9809738"
            ]
        ]
    },
    {
        "title": "Anne of Green Gables Trilogy Box Set (DVD)",
        "url": "https://www.walmart.com/ip/Anne-of-Green-Gables-Trilogy-Box-Set-DVD/14300384",
        "price": "$46.08",
        "stars": "4.7",
        "ratings": "10 ",
        "img": "",
        "tags": [
            [
                "Hallmark Channel",
                "/browse/movies-tv-shows/hallmark-channel/4096_530719_1046279_3102459"
            ],
            [
                "Romantic",
                "/browse/movies-tv-shows/romantic/4096_530598_530705_531449"
            ],
            [
                "French Movies",
                "/browse/movies-tv-shows/french-movies/4096_530598_530706_531500"
            ],
            [
                "Spanish Language Movies",
                "/browse/movies-tv-shows/spanish-language-movies/4096_530598_530706_531505"
            ],
            [
                "Drama",
                "/browse/movies-tv-shows/drama/4096_530598_530713_531563"
            ],
            [
                "Action & Adventure",
                "/browse/movies-tv-shows/action-adventure/4096_616859_616999"
            ],
            [
                "DVD Movies",
                "/browse/movies-tv-shows/dvd-movies/4096_8073310_7001804"
            ],
            [
                "All Children & Family Movies",
                "/browse/movies-tv-shows/all-children-family-movies/4096_530598_530701_9062682"
            ]
        ]
    },
    {
        "title": "King Arthur (Director's Cut) (Unrated) (DVD)",
        "url": "https://www.walmart.com/ip/King-Arthur-Director-s-Cut-Unrated-DVD/3517667",
        "price": "$5.67",
        "stars": "4.5",
        "ratings": "19 ",
        "img": "",
        "tags": [
            [
                "Under $5",
                "/browse/under-5/4096_1102661"
            ],
            [
                "All Anime & Animation",
                "/browse/movies-tv-shows/all-anime-animation/4096_530598_530699_3849438"
            ],
            [
                "Action Romance",
                "/browse/movies-tv-shows/action-romance/4096_530598_530698_50698"
            ],
            [
                "Animated Drama Movies",
                "/browse/movies-tv-shows/animated-drama-movies/4096_530598_530699_531380"
            ],
            [
                "Action",
                "/browse/movies-tv-shows/action/4096_530598_530715_531575"
            ],
            [
                "All Sci-Fi & Fantasy",
                "/browse/movies-tv-shows/all-sci-fi-fantasy/4096_530598_530715_531581"
            ],
            [
                "All Action & Adventure",
                "/browse/movies-tv-shows/all-action-adventure/4096_530598_530698_8354524"
            ]
        ]
    },
    {
        "title": "Harry Potter and the Order of Phoenix / Harry Potter and the Half-Blood Prince (DVD)",
        "url": "https://www.walmart.com/ip/Harry-Potter-and-the-Order-of-Phoenix-Harry-Potter-and-the-Half-Blood-Prince-DVD/748077783",
        "price": "$11.94",
        "stars": "5.0",
        "ratings": "3 ",
        "img": "",
        "tags": [
            [
                "Summer Picks",
                "/browse/movies-tv-shows/summer-picks/4096_2889131_1253331"
            ],
            [
                "All Mystery & Suspense",
                "/browse/movies-tv-shows/all-mystery-suspense/4096_530598_530711_3034275"
            ],
            [
                "Family Sci-Fi & Fantasy Movies",
                "/browse/movies-tv-shows/family-sci-fi-fantasy-movies/4096_530598_530701_531399"
            ],
            [
                "All Sci-Fi & Fantasy",
                "/browse/movies-tv-shows/all-sci-fi-fantasy/4096_530598_530715_531581"
            ],
            [
                "Boxed Sets & Collections Movies & TV",
                "/browse/boxed-sets-collections-movies-tv/4096_5732611"
            ],
            [
                "Sci-Fi & Fantasy",
                "/browse/movies-tv-shows/sci-fi-fantasy/4096_616859_617014"
            ],
            [
                "DVD Movies",
                "/browse/movies-tv-shows/dvd-movies/4096_8073310_7001804"
            ],
            [
                "Harry Potter Movies",
                "/browse/harry-potter-movies/4096_9872761"
            ]
        ]
    },
    {
        "title": "Snow White and the Seven Dwarfs (Other)",
        "url": "https://www.walmart.com/ip/Snow-White-and-the-Seven-Dwarfs-Other/55237655",
        "price": "$18.65",
        "stars": "4.8",
        "ratings": "13 ",
        "img": "",
        "tags": [
            [
                "Disney Princess Movies",
                "/browse/movies-tv-shows/disney-princess-movies/4096_1106153_1106154"
            ],
            [
                "All Anime & Animation",
                "/browse/movies-tv-shows/all-anime-animation/4096_530598_530699_3849438"
            ],
            [
                "Action Drama Movies",
                "/browse/movies-tv-shows/action-drama-movies/4096_530598_530698_45092"
            ],
            [
                "Animated Drama Movies",
                "/browse/movies-tv-shows/animated-drama-movies/4096_530598_530699_531380"
            ],
            [
                "Animation & Cartoons",
                "/browse/movies-tv-shows/animation-cartoons/4096_530598_530701_531395"
            ],
            [
                "Family Drama Movies",
                "/browse/movies-tv-shows/family-drama-movies/4096_530598_530701_531398"
            ],
            [
                "Children & Family",
                "/browse/movies-tv-shows/children-family/4096_616859_617001"
            ],
            [
                "All Children & Family Movies",
                "/browse/movies-tv-shows/all-children-family-movies/4096_530598_530701_9062682"
            ]
        ]
    },
    {
        "title": "Miss Peregrine's Home for Peculiar Children (Blu-ray + DVD)",
        "url": "https://www.walmart.com/ip/Miss-Peregrine-s-Home-for-Peculiar-Children-Blu-ray-DVD/55209901",
        "price": "$6.99",
        "stars": "4.6",
        "ratings": "20 ",
        "img": "",
        "tags": [
            [
                "Instawatch Sci-Fi & Fantasy Movies",
                "/browse/movies-tv-shows/instawatch-sci-fi-fantasy-movies/4096_1228693_2690275"
            ],
            [
                "Instawatch Comedy Movies",
                "/browse/movies-tv-shows/instawatch-comedy-movies/4096_1228693_2759224"
            ],
            [
                "Instawatch Animation Movies",
                "/browse/movies-tv-shows/instawatch-animation-movies/4096_1228693_3169926"
            ],
            [
                "All Horror Movies",
                "/browse/movies-tv-shows/all-horror-movies/4096_530598_530709_50716"
            ],
            [
                "Family Drama Movies",
                "/browse/movies-tv-shows/family-drama-movies/4096_530598_530701_531398"
            ],
            [
                "Instawatch Drama Movies",
                "/browse/movies-tv-shows/instawatch-drama-movies/4096_1228693_5351589"
            ],
            [
                "Instawatch Action & Adventure Movies",
                "/browse/movies-tv-shows/instawatch-action-adventure-movies/4096_1228693_6761985"
            ],
            [
                "Instawatch Kids and Family Movies",
                "/browse/movies-tv-shows/instawatch-kids-family-movies/4096_1228693_9809738"
            ]
        ]
    },
    {
        "title": "Rise of the Guardians (Blu-ray + Digital Copy)",
        "url": "https://www.walmart.com/ip/Rise-of-the-Guardians-Blu-ray-Digital-Copy/930765445",
        "price": "$7.27",
        "stars": "5.0",
        "ratings": "3 ",
        "img": "",
        "tags": [
            [
                "All Anime & Animation",
                "/browse/movies-tv-shows/all-anime-animation/4096_530598_530699_3849438"
            ],
            [
                "Animated Drama Movies",
                "/browse/movies-tv-shows/animated-drama-movies/4096_530598_530699_531380"
            ],
            [
                "Animation & Cartoons",
                "/browse/movies-tv-shows/animation-cartoons/4096_530598_530701_531395"
            ],
            [
                "Family Drama Movies",
                "/browse/movies-tv-shows/family-drama-movies/4096_530598_530701_531398"
            ],
            [
                "Disney Pixar Movies",
                "/browse/movies-tv-shows/disney-pixar-movies/4096_1106153_7156393"
            ],
            [
                "Instawatch Kids and Family Movies",
                "/browse/movies-tv-shows/instawatch-kids-family-movies/4096_1228693_9809738"
            ],
            [
                "Instawatch Movies",
                "/browse/movies-tv-shows/instawatch-movies/4096_1228693_9986038"
            ]
        ]
    },
    {
        "title": "The Three Musketeers (DVD)",
        "url": "https://www.walmart.com/ip/The-Three-Musketeers-DVD/1085869",
        "price": "$9.97",
        "stars": "4.9",
        "ratings": "41 ",
        "img": "",
        "tags": [
            [
                "All Anime & Animation",
                "/browse/movies-tv-shows/all-anime-animation/4096_530598_530699_3849438"
            ],
            [
                "Action Romance",
                "/browse/movies-tv-shows/action-romance/4096_530598_530698_50698"
            ],
            [
                "Animated Drama Movies",
                "/browse/movies-tv-shows/animated-drama-movies/4096_530598_530699_531380"
            ],
            [
                "Family Drama Movies",
                "/browse/movies-tv-shows/family-drama-movies/4096_530598_530701_531398"
            ],
            [
                "DVD Movies",
                "/browse/movies-tv-shows/dvd-movies/4096_8073310_7001804"
            ],
            [
                "All Action & Adventure",
                "/browse/movies-tv-shows/all-action-adventure/4096_530598_530698_8354524"
            ],
            [
                "All Children & Family Movies",
                "/browse/movies-tv-shows/all-children-family-movies/4096_530598_530701_9062682"
            ]
        ]
    },
    {
        "title": "Invincible (DVD)",
        "url": "https://www.walmart.com/ip/Invincible-DVD/5287006",
        "price": "$4.99",
        "stars": "4.5",
        "ratings": "13 ",
        "img": "",
        "tags": [
            [
                "All Health & Fitness",
                "/browse/movies-tv-shows/all-health-fitness/4096_530719_530708_1039079"
            ],
            [
                "All Anime & Animation",
                "/browse/movies-tv-shows/all-anime-animation/4096_530598_530699_3849438"
            ],
            [
                "Animated Drama Movies",
                "/browse/movies-tv-shows/animated-drama-movies/4096_530598_530699_531380"
            ],
            [
                "Sports",
                "/browse/movies-tv-shows/sports/4096_530598_530705_531450"
            ],
            [
                "General Sports TV Shows",
                "/browse/movies-tv-shows/general-sports-tv-shows/4096_530719_530717_531605"
            ],
            [
                "Instawatch Drama Movies",
                "/browse/movies-tv-shows/instawatch-drama-movies/4096_1228693_5351589"
            ],
            [
                "Movies About Race",
                "/browse/movies-about-race/4096_6277374"
            ]
        ]
    },
    {
        "title": "Monster House (DVD)",
        "url": "https://www.walmart.com/ip/Monster-House-DVD/54310165",
        "price": "$7.95",
        "stars": 0,
        "ratings": 0,
        "img": "",
        "tags": [
            [
                "All Anime & Animation",
                "/browse/movies-tv-shows/all-anime-animation/4096_530598_530699_3849438"
            ],
            [
                "All Horror Movies",
                "/browse/movies-tv-shows/all-horror-movies/4096_530598_530709_50716"
            ],
            [
                "Animation & Cartoons",
                "/browse/movies-tv-shows/animation-cartoons/4096_530598_530701_531395"
            ],
            [
                "Family Drama Movies",
                "/browse/movies-tv-shows/family-drama-movies/4096_530598_530701_531398"
            ],
            [
                "Romantic Comedies",
                "/browse/movies-tv-shows/romantic-comedies/4096_530598_530714_531570"
            ],
            [
                "Romantic Comedy",
                "/browse/movies-tv-shows/romantic-comedy/4096_530598_530703_532436"
            ],
            [
                "DVD Movies",
                "/browse/movies-tv-shows/dvd-movies/4096_8073310_7001804"
            ],
            [
                "All Comedy",
                "/browse/movies-tv-shows/all-comedy/4096_530598_530703_8423591"
            ]
        ]
    }
]