[
    {
        "title": "The Daniel Craig Collection (DVD)",
        "url": "https://www.walmart.com/ip/The-Daniel-Craig-Collection-DVD/49967011",
        "price": "$12.96",
        "stars": "4.6",
        "ratings": "9 ",
        "img": "",
        "tags": [
            [
                "All 4K Ultra HD Movies",
                "/browse/movies-tv-shows/all-4k-ultra-hd-movies/4096_3315790_1172214"
            ],
            [
                "All Religion & Spirituality",
                "/browse/movies-tv-shows/all-religion-spirituality/4096_530598_530713_2192894"
            ],
            [
                "All Mystery & Suspense",
                "/browse/movies-tv-shows/all-mystery-suspense/4096_530598_530711_3034275"
            ],
            [
                "Action Thriller Movies",
                "/browse/movies-tv-shows/action-thriller-movies/4096_530598_530698_531369"
            ],
            [
                "Instawatch Action & Adventure Movies",
                "/browse/movies-tv-shows/instawatch-action-adventure-movies/4096_1228693_6761985"
            ],
            [
                "Action & Adventure 4K Ultra HD Movies",
                "/browse/movies-tv-shows/action-adventure-4k-ultra-hd-movies/4096_3315790_7246133"
            ],
            [
                "Marvel Movies",
                "/browse/marvel-movies/4096_7331601"
            ],
            [
                "All Action & Adventure",
                "/browse/movies-tv-shows/all-action-adventure/4096_530598_530698_8354524"
            ]
        ]
    },
    {
        "title": "Teenage Mutant Ninja Turtles: Complete Classic Series Collection (DVD)",
        "url": "https://www.walmart.com/ip/Teenage-Mutant-Ninja-Turtles-Complete-Classic-Series-Collection-DVD/357138269",
        "price": "$39.99",
        "stars": "4.4",
        "ratings": "7 ",
        "img": "",
        "tags": [
            [
                "Teenage Mutant Ninja Turtles Books",
                "/browse/seasonal/teenage-mutant-ninja-turtles-books/1085632_1225660_1513232"
            ],
            [
                "Teenage Mutant Ninja Turtles Decor",
                "/browse/seasonal/teenage-mutant-ninja-turtles-decor/1085632_1225660_1225684_4823547"
            ],
            [
                "Teenage Mutant Ninja Turtles Party Supplies",
                "/browse/seasonal/teenage-mutant-ninja-turtles-party-supplies/1085632_1225660_6342302"
            ],
            [
                "Teenage Mutant Ninja Turtles Men's Clothing",
                "/browse/seasonal/teenage-mutant-ninja-turtles-mens-clothing/1085632_1225660_1225691_7273068"
            ],
            [
                "Electronics",
                "/browse/seasonal/electronics/1085632_7330718_7288624"
            ],
            [
                "Teenage Mutant Ninja Turtles Bedding",
                "/browse/seasonal/teenage-mutant-ninja-turtles-bedding/1085632_1225660_1225684_8940670"
            ],
            [
                "Teenage Mutant Ninja Turtles Boys' Clothing",
                "/browse/seasonal/teenage-mutant-ninja-turtles-boys-clothing/1085632_1225660_1225691_9655487"
            ]
        ]
    },
    {
        "title": "Con Air (Blu-ray)",
        "url": "https://www.walmart.com/ip/Con-Air-Blu-ray/8001897",
        "price": "$8.69",
        "stars": "4.4",
        "ratings": "12 ",
        "img": "",
        "tags": [
            [
                "Cordless Yard Trimmers",
                "/c/ep/cordless-yard-trimmers"
            ],
            [
                "Decker Lawn Edgers",
                "/c/kp/decker-lawn-edgers"
            ],
            [
                "Electric Grass Trimmers",
                "/c/kp/electric-grass-trimmers"
            ],
            [
                "Electric Weedeaters",
                "/c/kp/electric-weedeaters"
            ],
            [
                "Green Works Collection",
                "/c/brand/green-works-collection"
            ],
            [
                "Green Works Green Works Collection",
                "/c/brand/green-works-green-works-collection"
            ],
            [
                "Top Rated Products in Trimmers & Edgers",
                "/c/lists/top-rated-trimmers-edgers"
            ],
            [
                "Yard Trimmers",
                "/c/kp/yard-trimmers"
            ]
        ]
    },
    {
        "title": "Turbo: A Power Rangers Movie (DVD)",
        "url": "https://www.walmart.com/ip/Turbo-A-Power-Rangers-Movie-DVD/2568900",
        "price": "$3.99",
        "stars": "4.8",
        "ratings": "25 ",
        "img": "",
        "tags": []
    },
    {
        "title": "Demolition Man (Blu-ray)",
        "url": "https://www.walmart.com/ip/Demolition-Man-Blu-ray/16550142",
        "price": "$7.96",
        "stars": "4.9",
        "ratings": "9 ",
        "img": "",
        "tags": [
            [
                "Instawatch Sci-Fi & Fantasy Movies",
                "/browse/movies-tv-shows/instawatch-sci-fi-fantasy-movies/4096_1228693_2690275"
            ],
            [
                "Action Drama Movies",
                "/browse/movies-tv-shows/action-drama-movies/4096_530598_530698_45092"
            ],
            [
                "Action Thriller Movies",
                "/browse/movies-tv-shows/action-thriller-movies/4096_530598_530698_531369"
            ],
            [
                "Action",
                "/browse/movies-tv-shows/action/4096_530598_530715_531575"
            ],
            [
                "All Sci-Fi & Fantasy",
                "/browse/movies-tv-shows/all-sci-fi-fantasy/4096_530598_530715_531581"
            ],
            [
                "Action & Adventure",
                "/browse/movies-tv-shows/action-adventure/4096_616859_616999"
            ],
            [
                "Instawatch Action & Adventure Movies",
                "/browse/movies-tv-shows/instawatch-action-adventure-movies/4096_1228693_6761985"
            ]
        ]
    },
    {
        "title": "Braveheart (DVD)",
        "url": "https://www.walmart.com/ip/Braveheart-DVD/103946312",
        "price": "$8.99",
        "stars": "5.0",
        "ratings": "1 ",
        "img": "",
        "tags": [
            [
                "All Anime & Animation",
                "/browse/movies-tv-shows/all-anime-animation/4096_530598_530699_3849438"
            ],
            [
                "Military & War Action Movies",
                "/browse/movies-tv-shows/military-war-action-movies/4096_530598_530698_531373"
            ],
            [
                "Military & Political",
                "/browse/movies-tv-shows/military-political/4096_530598_530705_531447"
            ],
            [
                "Action & Combat",
                "/browse/movies-tv-shows/action-combat/4096_530598_530720_531674"
            ],
            [
                "All War & Military Movies",
                "/browse/movies-tv-shows/all-war-military-movies/4096_530598_530720_531682"
            ],
            [
                "Instawatch Action & Adventure Movies",
                "/browse/movies-tv-shows/instawatch-action-adventure-movies/4096_1228693_6761985"
            ],
            [
                "DVD Movies",
                "/browse/movies-tv-shows/dvd-movies/4096_8073310_7001804"
            ],
            [
                "Western",
                "/browse/movies-tv-shows/western/4096_530598_530721_7610094"
            ]
        ]
    },
    {
        "title": "Batman Begins (DVD)",
        "url": "https://www.walmart.com/ip/Batman-Begins-DVD/4183911",
        "price": "$5.00",
        "stars": "4.8",
        "ratings": "27 ",
        "img": "",
        "tags": [
            [
                "Action Drama Movies",
                "/browse/movies-tv-shows/action-drama-movies/4096_530598_530698_45092"
            ],
            [
                "Action Romance",
                "/browse/movies-tv-shows/action-romance/4096_530598_530698_50698"
            ],
            [
                "Action",
                "/browse/movies-tv-shows/action/4096_530598_530715_531575"
            ],
            [
                "Batman Movies",
                "/browse/movies-tv-shows/batman-movies/4096_8324305_6569663"
            ],
            [
                "Instawatch Action & Adventure Movies",
                "/browse/movies-tv-shows/instawatch-action-adventure-movies/4096_1228693_6761985"
            ],
            [
                "DVD Movies",
                "/browse/movies-tv-shows/dvd-movies/4096_8073310_7001804"
            ],
            [
                "Marvel Movies",
                "/browse/marvel-movies/4096_7331601"
            ],
            [
                "All Action & Adventure",
                "/browse/movies-tv-shows/all-action-adventure/4096_530598_530698_8354524"
            ]
        ]
    },
    {
        "title": "Iron Man 2 (DVD)",
        "url": "https://www.walmart.com/ip/Iron-Man-2-DVD/28773450",
        "price": "$9.59",
        "stars": "4.6",
        "ratings": "9 ",
        "img": "",
        "tags": [
            [
                "Action Drama Movies",
                "/browse/movies-tv-shows/action-drama-movies/4096_530598_530698_45092"
            ],
            [
                "Action Romance",
                "/browse/movies-tv-shows/action-romance/4096_530598_530698_50698"
            ],
            [
                "Action",
                "/browse/movies-tv-shows/action/4096_530598_530715_531575"
            ],
            [
                "All Sci-Fi & Fantasy",
                "/browse/movies-tv-shows/all-sci-fi-fantasy/4096_530598_530715_531581"
            ],
            [
                "Action & Adventure",
                "/browse/movies-tv-shows/action-adventure/4096_616859_616999"
            ],
            [
                "Marvel Movies",
                "/browse/marvel-movies/4096_7331601"
            ],
            [
                "All Action & Adventure",
                "/browse/movies-tv-shows/all-action-adventure/4096_530598_530698_8354524"
            ]
        ]
    },
    {
        "title": "Mr. Church (DVD)",
        "url": "https://www.walmart.com/ip/Mr-Church-DVD/54772874",
        "price": "$7.79",
        "stars": "5.0",
        "ratings": "24 ",
        "img": "",
        "tags": [
            [
                "All Religion & Spirituality",
                "/browse/movies-tv-shows/all-religion-spirituality/4096_530598_530713_2192894"
            ],
            [
                "Instawatch Comedy Movies",
                "/browse/movies-tv-shows/instawatch-comedy-movies/4096_1228693_2759224"
            ],
            [
                "All Mystery & Suspense",
                "/browse/movies-tv-shows/all-mystery-suspense/4096_530598_530711_3034275"
            ],
            [
                "Action Drama Movies",
                "/browse/movies-tv-shows/action-drama-movies/4096_530598_530698_45092"
            ],
            [
                "Romantic Comedies",
                "/browse/movies-tv-shows/romantic-comedies/4096_530598_530714_531570"
            ],
            [
                "Instawatch Drama Movies",
                "/browse/movies-tv-shows/instawatch-drama-movies/4096_1228693_5351589"
            ],
            [
                "Movies About Race",
                "/browse/movies-about-race/4096_6277374"
            ],
            [
                "All Comedy",
                "/browse/movies-tv-shows/all-comedy/4096_530598_530703_8423591"
            ]
        ]
    },
    {
        "title": "The Dark Knight (DVD)",
        "url": "https://www.walmart.com/ip/The-Dark-Knight-DVD/10719507",
        "price": "$4.99",
        "stars": "4.7",
        "ratings": "90 ",
        "img": "",
        "tags": [
            [
                "Action Drama Movies",
                "/browse/movies-tv-shows/action-drama-movies/4096_530598_530698_45092"
            ],
            [
                "Action Romance",
                "/browse/movies-tv-shows/action-romance/4096_530598_530698_50698"
            ],
            [
                "Crime",
                "/browse/movies-tv-shows/crime/4096_530598_530705_531446"
            ],
            [
                "Romantic",
                "/browse/movies-tv-shows/romantic/4096_530598_530705_531449"
            ],
            [
                "Action",
                "/browse/movies-tv-shows/action/4096_530598_530715_531575"
            ],
            [
                "Batman Movies",
                "/browse/movies-tv-shows/batman-movies/4096_8324305_6569663"
            ],
            [
                "Marvel Movies",
                "/browse/marvel-movies/4096_7331601"
            ],
            [
                "All Action & Adventure",
                "/browse/movies-tv-shows/all-action-adventure/4096_530598_530698_8354524"
            ]
        ]
    }
]