[
    {
        "title": "Letters to Juliet (DVD)",
        "url": "https://www.walmart.com/ip/Letters-to-Juliet-DVD/14869162",
        "price": "$7.53",
        "stars": "4.9",
        "ratings": "50 ",
        "img": "",
        "tags": [
            [
                "Family Drama Movies",
                "/browse/movies-tv-shows/family-drama-movies/4096_530598_530701_531398"
            ],
            [
                "Romantic",
                "/browse/movies-tv-shows/romantic/4096_530598_530705_531449"
            ],
            [
                "Romantic Comedy",
                "/browse/movies-tv-shows/romantic-comedy/4096_530598_530703_532436"
            ],
            [
                "Instawatch Drama Movies",
                "/browse/movies-tv-shows/instawatch-drama-movies/4096_1228693_5351589"
            ],
            [
                "DVD Movies",
                "/browse/movies-tv-shows/dvd-movies/4096_8073310_7001804"
            ],
            [
                "All Comedy",
                "/browse/movies-tv-shows/all-comedy/4096_530598_530703_8423591"
            ],
            [
                "Instawatch Movies",
                "/browse/movies-tv-shows/instawatch-movies/4096_1228693_9986038"
            ]
        ]
    },
    {
        "title": "Varsity Blues (DVD)",
        "url": "https://www.walmart.com/ip/Varsity-Blues-DVD/55728995",
        "price": "$7.72",
        "stars": "4.4",
        "ratings": "5 ",
        "img": "",
        "tags": [
            [
                "Action Drama Movies",
                "/browse/movies-tv-shows/action-drama-movies/4096_530598_530698_45092"
            ],
            [
                "All Sci-Fi & Fantasy",
                "/browse/movies-tv-shows/all-sci-fi-fantasy/4096_530598_530715_531581"
            ],
            [
                "Romantic Comedy",
                "/browse/movies-tv-shows/romantic-comedy/4096_530598_530703_532436"
            ],
            [
                "DVD Movies",
                "/browse/movies-tv-shows/dvd-movies/4096_8073310_7001804"
            ],
            [
                "All Action & Adventure",
                "/browse/movies-tv-shows/all-action-adventure/4096_530598_530698_8354524"
            ],
            [
                "All Comedy",
                "/browse/movies-tv-shows/all-comedy/4096_530598_530703_8423591"
            ],
            [
                "Instawatch Movies",
                "/browse/movies-tv-shows/instawatch-movies/4096_1228693_9986038"
            ]
        ]
    },
    {
        "title": "Tammy Triple Feature (Tammy and the Bachelor / Tammy Tell Me True / Tammy and the Doctor) (DVD)",
        "url": "https://www.walmart.com/ip/Tammy-Triple-Feature-Tammy-and-the-Bachelor-Tammy-Tell-Me-True-Tammy-and-the-Doctor-DVD/8044507",
        "price": "$9.99",
        "stars": "4.8",
        "ratings": "60 ",
        "img": "",
        "tags": [
            [
                "Anime Action",
                "/browse/movies-tv-shows/anime-action/4096_530719_1010219_1010220"
            ],
            [
                "Anime Drama",
                "/browse/movies-tv-shows/anime-drama/4096_530719_1010219_1010222"
            ],
            [
                "All Animation & Cartoons",
                "/browse/movies-tv-shows/all-animation-cartoons/4096_530719_1010219_1010227"
            ],
            [
                "Classic Comedies",
                "/browse/movies-tv-shows/classic-comedies/4096_530598_530702_531409"
            ],
            [
                "Slapstick Comedy",
                "/browse/movies-tv-shows/slapstick-comedy/4096_530598_530703_531429"
            ],
            [
                "Performing Arts",
                "/browse/movies-tv-shows/performing-arts/4096_530598_530704_531444"
            ],
            [
                "Romantic Comedy",
                "/browse/movies-tv-shows/romantic-comedy/4096_530598_530703_532436"
            ],
            [
                "All Music & Performance",
                "/browse/movies-tv-shows/all-music-performance/4096_530598_530712_5576968"
            ]
        ]
    },
    {
        "title": "Fool's Gold (DVD)",
        "url": "https://www.walmart.com/ip/Fool-s-Gold-DVD/9882772",
        "price": "$8.31",
        "stars": "4.7",
        "ratings": "6 ",
        "img": "",
        "tags": [
            [
                "Summer Picks",
                "/browse/movies-tv-shows/summer-picks/4096_2889131_1253331"
            ],
            [
                "Instawatch Comedy Movies",
                "/browse/movies-tv-shows/instawatch-comedy-movies/4096_1228693_2759224"
            ],
            [
                "Romantic",
                "/browse/movies-tv-shows/romantic/4096_530598_530705_531449"
            ],
            [
                "Romantic Comedy",
                "/browse/movies-tv-shows/romantic-comedy/4096_530598_530703_532436"
            ],
            [
                "Instawatch Action & Adventure Movies",
                "/browse/movies-tv-shows/instawatch-action-adventure-movies/4096_1228693_6761985"
            ],
            [
                "DVD Movies",
                "/browse/movies-tv-shows/dvd-movies/4096_8073310_7001804"
            ],
            [
                "All Comedy",
                "/browse/movies-tv-shows/all-comedy/4096_530598_530703_8423591"
            ]
        ]
    },
    {
        "title": "Shag, The Movie (DVD)",
        "url": "https://www.walmart.com/ip/Shag-The-Movie-DVD/55685293",
        "price": "$15.70",
        "stars": "5.0",
        "ratings": "2 ",
        "img": "",
        "tags": [
            [
                "Instawatch Comedy Movies",
                "/browse/movies-tv-shows/instawatch-comedy-movies/4096_1228693_2759224"
            ],
            [
                "Action Drama Movies",
                "/browse/movies-tv-shows/action-drama-movies/4096_530598_530698_45092"
            ],
            [
                "Family Comedy Movies",
                "/browse/movies-tv-shows/family-comedy-movies/4096_530598_530701_531397"
            ],
            [
                "Romantic Comedy",
                "/browse/movies-tv-shows/romantic-comedy/4096_530598_530703_532436"
            ],
            [
                "Instawatch Drama Movies",
                "/browse/movies-tv-shows/instawatch-drama-movies/4096_1228693_5351589"
            ],
            [
                "DVD Movies",
                "/browse/movies-tv-shows/dvd-movies/4096_8073310_7001804"
            ],
            [
                "All Comedy",
                "/browse/movies-tv-shows/all-comedy/4096_530598_530703_8423591"
            ],
            [
                "Instawatch Movies",
                "/browse/movies-tv-shows/instawatch-movies/4096_1228693_9986038"
            ]
        ]
    },
    {
        "title": "Silver Screen Icons: Cary Grant (DVD)",
        "url": "https://www.walmart.com/ip/Silver-Screen-Icons-Cary-Grant-DVD/55702357",
        "price": "$11.99",
        "stars": "4.5",
        "ratings": "2 ",
        "img": "",
        "tags": [
            [
                "All Mystery & Suspense",
                "/browse/movies-tv-shows/all-mystery-suspense/4096_530598_530711_3034275"
            ],
            [
                "Classic Comedies",
                "/browse/movies-tv-shows/classic-comedies/4096_530598_530702_531409"
            ],
            [
                "Classic Dramas",
                "/browse/movies-tv-shows/classic-dramas/4096_530598_530702_531410"
            ],
            [
                "Rock & Pop",
                "/browse/movies-tv-shows/rock-pop/4096_530598_530712_531561"
            ],
            [
                "Romantic Comedy",
                "/browse/movies-tv-shows/romantic-comedy/4096_530598_530703_532436"
            ],
            [
                "All Music & Performance",
                "/browse/movies-tv-shows/all-music-performance/4096_530598_530712_5576968"
            ],
            [
                "Western",
                "/browse/movies-tv-shows/western/4096_530598_530721_7610094"
            ],
            [
                "All Classics",
                "/browse/movies-tv-shows/all-classics/4096_530598_530702_9070202"
            ]
        ]
    },
    {
        "title": "My Life in Ruins (DVD)",
        "url": "https://www.walmart.com/ip/My-Life-in-Ruins-DVD/12173319",
        "price": "$4.99",
        "stars": "4.6",
        "ratings": "18 ",
        "img": "",
        "tags": [
            [
                "Instawatch Romantic Comedies",
                "/browse/movies-tv-shows/instawatch-romantic-comedies/4096_1228693_1550831"
            ],
            [
                "Instawatch Comedy Movies",
                "/browse/movies-tv-shows/instawatch-comedy-movies/4096_1228693_2759224"
            ],
            [
                "Family Comedy Movies",
                "/browse/movies-tv-shows/family-comedy-movies/4096_530598_530701_531397"
            ],
            [
                "Romantic Comedy",
                "/browse/movies-tv-shows/romantic-comedy/4096_530598_530703_532436"
            ],
            [
                "Instawatch Romance Movies",
                "/browse/movies-tv-shows/instawatch-romance-movies/4096_1228693_5409118"
            ],
            [
                "DVD Movies",
                "/browse/movies-tv-shows/dvd-movies/4096_8073310_7001804"
            ],
            [
                "All Comedy",
                "/browse/movies-tv-shows/all-comedy/4096_530598_530703_8423591"
            ],
            [
                "All Children & Family Movies",
                "/browse/movies-tv-shows/all-children-family-movies/4096_530598_530701_9062682"
            ]
        ]
    },
    {
        "title": "I Feel Pretty (Blu-ray + DVD + Digital Copy)",
        "url": "https://www.walmart.com/ip/I-Feel-Pretty-Blu-ray-DVD-Digital-Copy/364209230",
        "price": "$11.47",
        "stars": "3.0",
        "ratings": "4 ",
        "img": "",
        "tags": [
            [
                "All 4K Ultra HD Movies",
                "/browse/movies-tv-shows/all-4k-ultra-hd-movies/4096_3315790_1172214"
            ],
            [
                "Instawatch Comedy Movies",
                "/browse/movies-tv-shows/instawatch-comedy-movies/4096_1228693_2759224"
            ],
            [
                "All Mystery & Suspense",
                "/browse/movies-tv-shows/all-mystery-suspense/4096_530598_530711_3034275"
            ],
            [
                "All Horror Movies",
                "/browse/movies-tv-shows/all-horror-movies/4096_530598_530709_50716"
            ],
            [
                "French Movies",
                "/browse/movies-tv-shows/french-movies/4096_530598_530706_531500"
            ],
            [
                "Spanish Language Movies",
                "/browse/movies-tv-shows/spanish-language-movies/4096_530598_530706_531505"
            ],
            [
                "Instawatch Drama Movies",
                "/browse/movies-tv-shows/instawatch-drama-movies/4096_1228693_5351589"
            ],
            [
                "Action & Adventure 4K Ultra HD Movies",
                "/browse/movies-tv-shows/action-adventure-4k-ultra-hd-movies/4096_3315790_7246133"
            ]
        ]
    },
    {
        "title": "Sun, Sand & Romance (DVD)",
        "url": "https://www.walmart.com/ip/Sun-Sand-Romance-DVD/345005337",
        "price": "$25.86",
        "stars": "5.0",
        "ratings": "1 ",
        "img": "",
        "tags": [
            [
                "Walmart Exclusives",
                "/browse/walmart-exclusives/4096_1095777"
            ],
            [
                "Hallmark Channel",
                "/browse/movies-tv-shows/hallmark-channel/4096_530719_1046279_3102459"
            ],
            [
                "New DVD Releases",
                "/browse/new-dvd-releases/4096_4262082"
            ],
            [
                "Action Drama Movies",
                "/browse/movies-tv-shows/action-drama-movies/4096_530598_530698_45092"
            ],
            [
                "Romantic",
                "/browse/movies-tv-shows/romantic/4096_530598_530705_531449"
            ],
            [
                "All Romance",
                "/browse/movies-tv-shows/all-romance/4096_530598_530714_531571"
            ],
            [
                "Romantic Comedy",
                "/browse/movies-tv-shows/romantic-comedy/4096_530598_530703_532436"
            ],
            [
                "Holiday Movies",
                "/browse/holiday-movies/4096_8637693"
            ]
        ]
    },
    {
        "title": "Roman Holiday (DVD)",
        "url": "https://www.walmart.com/ip/Roman-Holiday-DVD/55723841",
        "price": "$7.71",
        "stars": "5.0",
        "ratings": "4 ",
        "img": "",
        "tags": [
            [
                "Snoopy Movies & TV Shows",
                "/browse/snoopy-movies-tv-shows/4096_2437373"
            ],
            [
                "All Mystery & Suspense",
                "/browse/movies-tv-shows/all-mystery-suspense/4096_530598_530711_3034275"
            ],
            [
                "Classic Dramas",
                "/browse/movies-tv-shows/classic-dramas/4096_530598_530702_531410"
            ],
            [
                "Romantic",
                "/browse/movies-tv-shows/romantic/4096_530598_530705_531449"
            ],
            [
                "Romantic Comedy",
                "/browse/movies-tv-shows/romantic-comedy/4096_530598_530703_532436"
            ],
            [
                "All Music & Performance",
                "/browse/movies-tv-shows/all-music-performance/4096_530598_530712_5576968"
            ],
            [
                "All Comedy",
                "/browse/movies-tv-shows/all-comedy/4096_530598_530703_8423591"
            ],
            [
                "All Classics",
                "/browse/movies-tv-shows/all-classics/4096_530598_530702_9070202"
            ]
        ]
    }
]