[
    {
        "title": "Aspen Extreme (Widescreen)",
        "url": "https://www.walmart.com/ip/Aspen-Extreme-Widescreen/1985977",
        "price": "$23.33",
        "stars": 0,
        "ratings": 0,
        "img": "",
        "tags": [
            [
                "Hallmark Channel",
                "/browse/movies-tv-shows/hallmark-channel/4096_530719_1046279_3102459"
            ],
            [
                "All Romance",
                "/browse/movies-tv-shows/all-romance/4096_530598_530714_531571"
            ],
            [
                "Instawatch Drama Movies",
                "/browse/movies-tv-shows/instawatch-drama-movies/4096_1228693_5351589"
            ],
            [
                "Instawatch Romance Movies",
                "/browse/movies-tv-shows/instawatch-romance-movies/4096_1228693_5409118"
            ],
            [
                "DVD Movies",
                "/browse/movies-tv-shows/dvd-movies/4096_8073310_7001804"
            ],
            [
                "All Comedy",
                "/browse/movies-tv-shows/all-comedy/4096_530598_530703_8423591"
            ],
            [
                "Holiday Movies",
                "/browse/holiday-movies/4096_8637693"
            ],
            [
                "Instawatch Movies",
                "/browse/movies-tv-shows/instawatch-movies/4096_1228693_9986038"
            ]
        ]
    },
    {
        "title": "Buddy Boy (Special Edition) (Widescreen)",
        "url": "https://www.walmart.com/ip/Buddy-Boy-Special-Edition-Widescreen/14575381",
        "price": "$19.99",
        "stars": "4.0",
        "ratings": "1 ",
        "img": "",
        "tags": [
            [
                "All 4K Ultra HD Movies",
                "/browse/movies-tv-shows/all-4k-ultra-hd-movies/4096_3315790_1172214"
            ],
            [
                "All Mystery & Suspense",
                "/browse/movies-tv-shows/all-mystery-suspense/4096_530598_530711_3034275"
            ],
            [
                "Action Thriller Movies",
                "/browse/movies-tv-shows/action-thriller-movies/4096_530598_530698_531369"
            ],
            [
                "French Movies",
                "/browse/movies-tv-shows/french-movies/4096_530598_530706_531500"
            ],
            [
                "Instawatch Drama Movies",
                "/browse/movies-tv-shows/instawatch-drama-movies/4096_1228693_5351589"
            ],
            [
                "DVD Movies",
                "/browse/movies-tv-shows/dvd-movies/4096_8073310_7001804"
            ],
            [
                "Action & Adventure 4K Ultra HD Movies",
                "/browse/movies-tv-shows/action-adventure-4k-ultra-hd-movies/4096_3315790_7246133"
            ],
            [
                "The Simpsons Movies & TV Shows",
                "/browse/movies-tv-shows/the-simpsons-movies-tv-shows/4096_7168880_9017132_9669710"
            ]
        ]
    },
    {
        "title": "Sands of Iwo Jima (DVD)",
        "url": "https://www.walmart.com/ip/Sands-of-Iwo-Jima-DVD/44553888",
        "price": "$16.59",
        "stars": "4.8",
        "ratings": "4 ",
        "img": "",
        "tags": [
            [
                "Military & War Action Movies",
                "/browse/movies-tv-shows/military-war-action-movies/4096_530598_530698_531373"
            ],
            [
                "Western Action & Adventure Movies",
                "/browse/movies-tv-shows/western-action-adventure-movies/4096_530598_530698_531375"
            ],
            [
                "Romantic",
                "/browse/movies-tv-shows/romantic/4096_530598_530705_531449"
            ],
            [
                "Action & Combat",
                "/browse/movies-tv-shows/action-combat/4096_530598_530720_531674"
            ],
            [
                "All War & Military Movies",
                "/browse/movies-tv-shows/all-war-military-movies/4096_530598_530720_531682"
            ],
            [
                "War & Military",
                "/browse/movies-tv-shows/war-military/4096_616859_617023"
            ],
            [
                "Western",
                "/browse/movies-tv-shows/western/4096_530598_530721_7610094"
            ],
            [
                "All Classics",
                "/browse/movies-tv-shows/all-classics/4096_530598_530702_9070202"
            ]
        ]
    },
    {
        "title": "Eye in the Sky (DVD)",
        "url": "https://www.walmart.com/ip/Eye-in-the-Sky-DVD/50441821",
        "price": "$7.99",
        "stars": "4.0",
        "ratings": "2 ",
        "img": "",
        "tags": [
            [
                "All 4K Ultra HD Movies",
                "/browse/movies-tv-shows/all-4k-ultra-hd-movies/4096_3315790_1172214"
            ],
            [
                "Instawatch Military & War Movies",
                "/browse/movies-tv-shows/instawatch-military-war-movies/4096_1228693_3006321"
            ],
            [
                "Military & War Action Movies",
                "/browse/movies-tv-shows/military-war-action-movies/4096_530598_530698_531373"
            ],
            [
                "Action & Combat",
                "/browse/movies-tv-shows/action-combat/4096_530598_530720_531674"
            ],
            [
                "All War & Military Movies",
                "/browse/movies-tv-shows/all-war-military-movies/4096_530598_530720_531682"
            ],
            [
                "Instawatch Drama Movies",
                "/browse/movies-tv-shows/instawatch-drama-movies/4096_1228693_5351589"
            ],
            [
                "War & Military",
                "/browse/movies-tv-shows/war-military/4096_616859_617023"
            ],
            [
                "Action & Adventure 4K Ultra HD Movies",
                "/browse/movies-tv-shows/action-adventure-4k-ultra-hd-movies/4096_3315790_7246133"
            ]
        ]
    },
    {
        "title": "The Twilight Saga: Breaking Dawn, Part 1 (DVD)",
        "url": "https://www.walmart.com/ip/The-Twilight-Saga-Breaking-Dawn-Part-1-DVD/22700292",
        "price": "$9.86",
        "stars": "4.1",
        "ratings": "10 ",
        "img": "",
        "tags": [
            [
                "Action Drama Movies",
                "/browse/movies-tv-shows/action-drama-movies/4096_530598_530698_45092"
            ],
            [
                "Classic Westerns",
                "/browse/movies-tv-shows/classic-westerns/4096_530598_530702_531414"
            ],
            [
                "Nature & Wildlife",
                "/browse/movies-tv-shows/nature-wildlife/4096_530598_530704_531441"
            ],
            [
                "Instawatch Drama Movies",
                "/browse/movies-tv-shows/instawatch-drama-movies/4096_1228693_5351589"
            ],
            [
                "Instawatch Romance Movies",
                "/browse/movies-tv-shows/instawatch-romance-movies/4096_1228693_5409118"
            ],
            [
                "Boxed Sets & Collections Movies & TV",
                "/browse/boxed-sets-collections-movies-tv/4096_5732611"
            ],
            [
                "DVD Movies",
                "/browse/movies-tv-shows/dvd-movies/4096_8073310_7001804"
            ],
            [
                "Instawatch Movies",
                "/browse/movies-tv-shows/instawatch-movies/4096_1228693_9986038"
            ]
        ]
    },
    {
        "title": "The Ides of March (DVD)",
        "url": "https://www.walmart.com/ip/The-Ides-of-March-DVD/19424070",
        "price": "$5.00",
        "stars": "5.0",
        "ratings": "1 ",
        "img": "",
        "tags": [
            [
                "Hallmark Channel",
                "/browse/movies-tv-shows/hallmark-channel/4096_530719_1046279_3102459"
            ],
            [
                "All Romance",
                "/browse/movies-tv-shows/all-romance/4096_530598_530714_531571"
            ],
            [
                "Instawatch Drama Movies",
                "/browse/movies-tv-shows/instawatch-drama-movies/4096_1228693_5351589"
            ],
            [
                "Instawatch Romance Movies",
                "/browse/movies-tv-shows/instawatch-romance-movies/4096_1228693_5409118"
            ],
            [
                "DVD Movies",
                "/browse/movies-tv-shows/dvd-movies/4096_8073310_7001804"
            ],
            [
                "All Comedy",
                "/browse/movies-tv-shows/all-comedy/4096_530598_530703_8423591"
            ],
            [
                "Holiday Movies",
                "/browse/holiday-movies/4096_8637693"
            ],
            [
                "Instawatch Movies",
                "/browse/movies-tv-shows/instawatch-movies/4096_1228693_9986038"
            ]
        ]
    },
    {
        "title": "The Inheritance (DVD)",
        "url": "https://www.walmart.com/ip/The-Inheritance-DVD/51258851",
        "price": "$11.45",
        "stars": 0,
        "ratings": 0,
        "img": "i5.walmartimages.com/asr/ba4b8b53-1b88-467e-91ea-7209c60797d7_1.7b603337049ce9f40992c64c5e49562b.jpeg?odnWidth=612&odnHeight=612&odnBg=ffffff",
        "tags": [
            [
                "Hallmark Channel",
                "/browse/movies-tv-shows/hallmark-channel/4096_530719_1046279_3102459"
            ],
            [
                "Classics TV Shows",
                "/browse/movies-tv-shows/classics-tv-shows/4096_530719_531640"
            ],
            [
                "Instawatch Drama Movies",
                "/browse/movies-tv-shows/instawatch-drama-movies/4096_1228693_5351589"
            ],
            [
                "Instawatch Romance Movies",
                "/browse/movies-tv-shows/instawatch-romance-movies/4096_1228693_5409118"
            ],
            [
                "DVD Movies",
                "/browse/movies-tv-shows/dvd-movies/4096_8073310_7001804"
            ],
            [
                "All Comedy",
                "/browse/movies-tv-shows/all-comedy/4096_530598_530703_8423591"
            ],
            [
                "Holiday Movies",
                "/browse/holiday-movies/4096_8637693"
            ],
            [
                "Instawatch Movies",
                "/browse/movies-tv-shows/instawatch-movies/4096_1228693_9986038"
            ]
        ]
    },
    {
        "title": "Phantom Of The Opera ( (DVD))",
        "url": "https://www.walmart.com/ip/Phantom-Of-The-Opera-DVD/3620547",
        "price": "$8.99",
        "stars": "4.8",
        "ratings": "44 ",
        "img": "",
        "tags": [
            [
                "Hallmark Channel",
                "/browse/movies-tv-shows/hallmark-channel/4096_530719_1046279_3102459"
            ],
            [
                "Action Drama Movies",
                "/browse/movies-tv-shows/action-drama-movies/4096_530598_530698_45092"
            ],
            [
                "All Romance",
                "/browse/movies-tv-shows/all-romance/4096_530598_530714_531571"
            ],
            [
                "Instawatch Drama Movies",
                "/browse/movies-tv-shows/instawatch-drama-movies/4096_1228693_5351589"
            ],
            [
                "Instawatch Romance Movies",
                "/browse/movies-tv-shows/instawatch-romance-movies/4096_1228693_5409118"
            ],
            [
                "All Music & Performance",
                "/browse/movies-tv-shows/all-music-performance/4096_530598_530712_5576968"
            ],
            [
                "DVD Movies",
                "/browse/movies-tv-shows/dvd-movies/4096_8073310_7001804"
            ],
            [
                "Holiday Movies",
                "/browse/holiday-movies/4096_8637693"
            ]
        ]
    },
    {
        "title": "A Feeling of Home (DVD)",
        "url": "https://www.walmart.com/ip/A-Feeling-of-Home-DVD/235030491",
        "price": "$18.86",
        "stars": 0,
        "ratings": 0,
        "img": "",
        "tags": []
    },
    {
        "title": "Hurricane Season (DVD)",
        "url": "https://www.walmart.com/ip/Hurricane-Season-DVD/13909470",
        "price": "$8.54",
        "stars": "4.5",
        "ratings": "2 ",
        "img": "",
        "tags": [
            [
                "Action Drama Movies",
                "/browse/movies-tv-shows/action-drama-movies/4096_530598_530698_45092"
            ],
            [
                "Family Comedy Movies",
                "/browse/movies-tv-shows/family-comedy-movies/4096_530598_530701_531397"
            ],
            [
                "General Sports TV Shows",
                "/browse/movies-tv-shows/general-sports-tv-shows/4096_530719_530717_531605"
            ],
            [
                "Sports Drama TV Shows",
                "/browse/movies-tv-shows/sports-drama-tv-shows/4096_530719_530717_531613"
            ],
            [
                "Instawatch Drama Movies",
                "/browse/movies-tv-shows/instawatch-drama-movies/4096_1228693_5351589"
            ],
            [
                "Movies About Race",
                "/browse/movies-about-race/4096_6277374"
            ],
            [
                "DVD Movies",
                "/browse/movies-tv-shows/dvd-movies/4096_8073310_7001804"
            ]
        ]
    }
]