[
    {
        "title": "White Chicks (Unrated) (DVD)",
        "url": "https://www.walmart.com/ip/White-Chicks-Unrated-DVD/3522847",
        "price": "$8.49",
        "stars": "4.6",
        "ratings": "14 ",
        "img": "",
        "tags": [
            [
                "Instawatch Comedy Movies",
                "/browse/movies-tv-shows/instawatch-comedy-movies/4096_1228693_2759224"
            ],
            [
                "Family Drama Movies",
                "/browse/movies-tv-shows/family-drama-movies/4096_530598_530701_531398"
            ],
            [
                "Slapstick Comedy",
                "/browse/movies-tv-shows/slapstick-comedy/4096_530598_530703_531429"
            ],
            [
                "Romantic Comedies",
                "/browse/movies-tv-shows/romantic-comedies/4096_530598_530714_531570"
            ],
            [
                "All Sci-Fi & Fantasy",
                "/browse/movies-tv-shows/all-sci-fi-fantasy/4096_530598_530715_531581"
            ],
            [
                "Romantic Comedy",
                "/browse/movies-tv-shows/romantic-comedy/4096_530598_530703_532436"
            ],
            [
                "All Comedy",
                "/browse/movies-tv-shows/all-comedy/4096_530598_530703_8423591"
            ]
        ]
    },
    {
        "title": "4-Movie Laugh Pack: If a Man Answers / That Funny Feeling / Tammy Tell Me True / Tammy and the Doctor (DVD)",
        "url": "https://www.walmart.com/ip/4-Movie-Laugh-Pack-If-a-Man-Answers-That-Funny-Feeling-Tammy-Tell-Me-True-Tammy-and-the-Doctor-DVD/55401760",
        "price": "$11.46",
        "stars": 0,
        "ratings": 0,
        "img": "",
        "tags": [
            [
                "Anime Action",
                "/browse/movies-tv-shows/anime-action/4096_530719_1010219_1010220"
            ],
            [
                "Anime Drama",
                "/browse/movies-tv-shows/anime-drama/4096_530719_1010219_1010222"
            ],
            [
                "All Animation & Cartoons",
                "/browse/movies-tv-shows/all-animation-cartoons/4096_530719_1010219_1010227"
            ],
            [
                "Classic Comedies",
                "/browse/movies-tv-shows/classic-comedies/4096_530598_530702_531409"
            ],
            [
                "Performing Arts",
                "/browse/movies-tv-shows/performing-arts/4096_530598_530704_531444"
            ],
            [
                "Romantic Comedies",
                "/browse/movies-tv-shows/romantic-comedies/4096_530598_530714_531570"
            ],
            [
                "Romantic Comedy",
                "/browse/movies-tv-shows/romantic-comedy/4096_530598_530703_532436"
            ],
            [
                "All Music & Performance",
                "/browse/movies-tv-shows/all-music-performance/4096_530598_530712_5576968"
            ]
        ]
    },
    {
        "title": "Deadpool: The Complete Collection (For Now) (4K Ultra HD)",
        "url": "https://www.walmart.com/ip/Deadpool-The-Complete-Collection-For-Now-4K-Ultra-HD/440979850",
        "price": "$37.34",
        "stars": "3.7",
        "ratings": "3 ",
        "img": "",
        "tags": [
            [
                "All 4K Ultra HD Movies",
                "/browse/movies-tv-shows/all-4k-ultra-hd-movies/4096_3315790_1172214"
            ],
            [
                "Instawatch Comedy Movies",
                "/browse/movies-tv-shows/instawatch-comedy-movies/4096_1228693_2759224"
            ],
            [
                "Action Comedy Movies",
                "/browse/movies-tv-shows/action-comedy-movies/4096_530598_530698_531368"
            ],
            [
                "French Movies",
                "/browse/movies-tv-shows/french-movies/4096_530598_530706_531500"
            ],
            [
                "Spanish Language Movies",
                "/browse/movies-tv-shows/spanish-language-movies/4096_530598_530706_531505"
            ],
            [
                "Instawatch Action & Adventure Movies",
                "/browse/movies-tv-shows/instawatch-action-adventure-movies/4096_1228693_6761985"
            ],
            [
                "Action & Adventure 4K Ultra HD Movies",
                "/browse/movies-tv-shows/action-adventure-4k-ultra-hd-movies/4096_3315790_7246133"
            ],
            [
                "Marvel Movies",
                "/browse/marvel-movies/4096_7331601"
            ]
        ]
    },
    {
        "title": "Better Off Dead (Blu-ray)",
        "url": "https://www.walmart.com/ip/Better-Off-Dead-Blu-ray/16609204",
        "price": "$12.99",
        "stars": "3.9",
        "ratings": "8 ",
        "img": "",
        "tags": [
            [
                "Shop STEM ages 12 and Up",
                "/browse/feature/shop-stem-ages-12-up/14503_6502732_8574738_2904408"
            ],
            [
                "Shop All Smurfs",
                "/browse/feature/shop-all-smurfs/14503_4407719_3954538_2048583_3966025"
            ],
            [
                "Shop All Goonies",
                "/browse/feature/shop-all-goonies/14503_4407719_3954538_5184562_4599522"
            ],
            [
                "Shop All Teenage Mutant Ninja Turtles",
                "/browse/feature/shop-all-teenage-mutant-ninja-turtles/14503_4407719_3954538_4511675_5457064"
            ],
            [
                "Michael Jordan Shop All",
                "/browse/feature/michael-jordan-shop-all/14503_3195517_4958644_4236743_9970238_7418059"
            ],
            [
                "Shop All Gremlins",
                "/browse/feature/shop-all-gremlins/14503_4407719_3954538_5790145_7574966"
            ],
            [
                "Shop All Transformers",
                "/browse/feature/shop-all-transformers/14503_4407719_3954538_4878656_8675692"
            ],
            [
                "Pinky and the Brain Shop All",
                "/browse/feature/pinky-the-brain-shop-all/14503_3195517_1964194_7667282_8858191"
            ]
        ]
    },
    {
        "title": "Blades of Glory (DVD)",
        "url": "https://www.walmart.com/ip/Blades-of-Glory-DVD/847667219",
        "price": "$5.99",
        "stars": "5.0",
        "ratings": "2 ",
        "img": "",
        "tags": [
            [
                "Instawatch Comedy Movies",
                "/browse/movies-tv-shows/instawatch-comedy-movies/4096_1228693_2759224"
            ],
            [
                "Action Comedy Movies",
                "/browse/movies-tv-shows/action-comedy-movies/4096_530598_530698_531368"
            ],
            [
                "Slapstick Comedy",
                "/browse/movies-tv-shows/slapstick-comedy/4096_530598_530703_531429"
            ],
            [
                "Sports Comedy",
                "/browse/movies-tv-shows/sports-comedy/4096_530598_530703_531431"
            ],
            [
                "General Sports TV Shows",
                "/browse/movies-tv-shows/general-sports-tv-shows/4096_530719_530717_531605"
            ],
            [
                "Sports Comedy TV Shows",
                "/browse/movies-tv-shows/sports-comedy-tv-shows/4096_530719_530717_531611"
            ],
            [
                "Figure Skating",
                "/browse/movies-tv-shows/figure-skating/4096_530719_530717_531614"
            ],
            [
                "All Comedy",
                "/browse/movies-tv-shows/all-comedy/4096_530598_530703_8423591"
            ]
        ]
    },
    {
        "title": "Deadpool: The Complete Collection (For Now) (Blu-ray + DVD)",
        "url": "https://www.walmart.com/ip/Deadpool-The-Complete-Collection-For-Now-Blu-ray-DVD/733474779",
        "price": "$30.54",
        "stars": "3.7",
        "ratings": "3 ",
        "img": "",
        "tags": [
            [
                "Instawatch Comedy Movies",
                "/browse/movies-tv-shows/instawatch-comedy-movies/4096_1228693_2759224"
            ],
            [
                "Action Comedy Movies",
                "/browse/movies-tv-shows/action-comedy-movies/4096_530598_530698_531368"
            ],
            [
                "French Movies",
                "/browse/movies-tv-shows/french-movies/4096_530598_530706_531500"
            ],
            [
                "Spanish Language Movies",
                "/browse/movies-tv-shows/spanish-language-movies/4096_530598_530706_531505"
            ],
            [
                "Action",
                "/browse/movies-tv-shows/action/4096_530598_530715_531575"
            ],
            [
                "Instawatch Action & Adventure Movies",
                "/browse/movies-tv-shows/instawatch-action-adventure-movies/4096_1228693_6761985"
            ],
            [
                "Marvel Movies",
                "/browse/marvel-movies/4096_7331601"
            ],
            [
                "All Action & Adventure",
                "/browse/movies-tv-shows/all-action-adventure/4096_530598_530698_8354524"
            ]
        ]
    },
    {
        "title": "What's Up, Doc? (DVD)",
        "url": "https://www.walmart.com/ip/What-s-Up-Doc-DVD/42124129",
        "price": "$9.99",
        "stars": "4.6",
        "ratings": "5 ",
        "img": "",
        "tags": [
            [
                "Action Drama Movies",
                "/browse/movies-tv-shows/action-drama-movies/4096_530598_530698_45092"
            ],
            [
                "Classic Dramas",
                "/browse/movies-tv-shows/classic-dramas/4096_530598_530702_531410"
            ],
            [
                "Slapstick Comedy",
                "/browse/movies-tv-shows/slapstick-comedy/4096_530598_530703_531429"
            ],
            [
                "French Movies",
                "/browse/movies-tv-shows/french-movies/4096_530598_530706_531500"
            ],
            [
                "All Music & Performance",
                "/browse/movies-tv-shows/all-music-performance/4096_530598_530712_5576968"
            ],
            [
                "All Action & Adventure",
                "/browse/movies-tv-shows/all-action-adventure/4096_530598_530698_8354524"
            ],
            [
                "All Comedy",
                "/browse/movies-tv-shows/all-comedy/4096_530598_530703_8423591"
            ]
        ]
    },
    {
        "title": "The Three Stooges: 1934-1959: The Complete DVD Collection (DVD)",
        "url": "https://www.walmart.com/ip/The-Three-Stooges-1934-1959-The-Complete-DVD-Collection-DVD/162054744",
        "price": "$34.80",
        "stars": "4.0",
        "ratings": "6 ",
        "img": "",
        "tags": [
            [
                "All Anime & Animation",
                "/browse/movies-tv-shows/all-anime-animation/4096_530598_530699_3849438"
            ],
            [
                "Classic Comedies",
                "/browse/movies-tv-shows/classic-comedies/4096_530598_530702_531409"
            ],
            [
                "Slapstick Comedy",
                "/browse/movies-tv-shows/slapstick-comedy/4096_530598_530703_531429"
            ],
            [
                "Classics TV Shows",
                "/browse/movies-tv-shows/classics-tv-shows/4096_530719_531640"
            ],
            [
                "Comedy TV Shows",
                "/browse/movies-tv-shows/comedy-tv-shows/4096_530719_531641"
            ],
            [
                "Boxed Sets & Collections Movies & TV",
                "/browse/boxed-sets-collections-movies-tv/4096_5732611"
            ],
            [
                "All Action & Adventure",
                "/browse/movies-tv-shows/all-action-adventure/4096_530598_530698_8354524"
            ],
            [
                "All Classics",
                "/browse/movies-tv-shows/all-classics/4096_530598_530702_9070202"
            ]
        ]
    },
    {
        "title": "Paper Moon (DVD)",
        "url": "https://www.walmart.com/ip/Paper-Moon-DVD/275860308",
        "price": "$5.99",
        "stars": "5.0",
        "ratings": "4 ",
        "img": "",
        "tags": [
            [
                "Instawatch Comedy Movies",
                "/browse/movies-tv-shows/instawatch-comedy-movies/4096_1228693_2759224"
            ],
            [
                "All Mystery & Suspense",
                "/browse/movies-tv-shows/all-mystery-suspense/4096_530598_530711_3034275"
            ],
            [
                "Romantic Comedies",
                "/browse/movies-tv-shows/romantic-comedies/4096_530598_530714_531570"
            ],
            [
                "Romantic Comedy",
                "/browse/movies-tv-shows/romantic-comedy/4096_530598_530703_532436"
            ],
            [
                "Instawatch Drama Movies",
                "/browse/movies-tv-shows/instawatch-drama-movies/4096_1228693_5351589"
            ],
            [
                "DVD Movies",
                "/browse/movies-tv-shows/dvd-movies/4096_8073310_7001804"
            ],
            [
                "Instawatch Movies",
                "/browse/movies-tv-shows/instawatch-movies/4096_1228693_9986038"
            ]
        ]
    },
    {
        "title": "Diary of a Wimpy Kid 1, 2 & 3 (DVD)",
        "url": "https://www.walmart.com/ip/Diary-of-a-Wimpy-Kid-1-2-3-DVD/42029393",
        "price": "$9.99",
        "stars": "4.8",
        "ratings": "12 ",
        "img": "",
        "tags": [
            [
                "All Anime & Animation",
                "/browse/movies-tv-shows/all-anime-animation/4096_530598_530699_3849438"
            ],
            [
                "Animated Drama Movies",
                "/browse/movies-tv-shows/animated-drama-movies/4096_530598_530699_531380"
            ],
            [
                "Animation & Cartoons",
                "/browse/movies-tv-shows/animation-cartoons/4096_530598_530701_531395"
            ],
            [
                "Angry Birds Movies",
                "/browse/angry-birds-movies/4096_6661787"
            ],
            [
                "DVD Movies",
                "/browse/movies-tv-shows/dvd-movies/4096_8073310_7001804"
            ],
            [
                "All Children & Family Movies",
                "/browse/movies-tv-shows/all-children-family-movies/4096_530598_530701_9062682"
            ],
            [
                "Instawatch Kids and Family Movies",
                "/browse/movies-tv-shows/instawatch-kids-family-movies/4096_1228693_9809738"
            ]
        ]
    }
]