[
    {
        "title": "American Guerrilla in the Philippines (DVD)",
        "url": "https://www.walmart.com/ip/American-Guerrilla-in-the-Philippines-DVD/39454805",
        "price": "$19.99",
        "stars": 0,
        "ratings": 0,
        "img": "",
        "tags": [
            [
                "All 4K Ultra HD Movies",
                "/browse/movies-tv-shows/all-4k-ultra-hd-movies/4096_3315790_1172214"
            ],
            [
                "Instawatch Military & War Movies",
                "/browse/movies-tv-shows/instawatch-military-war-movies/4096_1228693_3006321"
            ],
            [
                "Military & War Action Movies",
                "/browse/movies-tv-shows/military-war-action-movies/4096_530598_530698_531373"
            ],
            [
                "Action & Combat",
                "/browse/movies-tv-shows/action-combat/4096_530598_530720_531674"
            ],
            [
                "All War & Military Movies",
                "/browse/movies-tv-shows/all-war-military-movies/4096_530598_530720_531682"
            ],
            [
                "Instawatch Drama Movies",
                "/browse/movies-tv-shows/instawatch-drama-movies/4096_1228693_5351589"
            ],
            [
                "War & Military",
                "/browse/movies-tv-shows/war-military/4096_616859_617023"
            ],
            [
                "Action & Adventure 4K Ultra HD Movies",
                "/browse/movies-tv-shows/action-adventure-4k-ultra-hd-movies/4096_3315790_7246133"
            ]
        ]
    },
    {
        "title": "Nine (DVD)",
        "url": "https://www.walmart.com/ip/Nine-DVD/14044342",
        "price": "$7.50",
        "stars": "5.0",
        "ratings": "2 ",
        "img": "",
        "tags": [
            [
                "Hallmark Channel",
                "/browse/movies-tv-shows/hallmark-channel/4096_530719_1046279_3102459"
            ],
            [
                "All Romance",
                "/browse/movies-tv-shows/all-romance/4096_530598_530714_531571"
            ],
            [
                "Instawatch Drama Movies",
                "/browse/movies-tv-shows/instawatch-drama-movies/4096_1228693_5351589"
            ],
            [
                "Instawatch Romance Movies",
                "/browse/movies-tv-shows/instawatch-romance-movies/4096_1228693_5409118"
            ],
            [
                "DVD Movies",
                "/browse/movies-tv-shows/dvd-movies/4096_8073310_7001804"
            ],
            [
                "All Comedy",
                "/browse/movies-tv-shows/all-comedy/4096_530598_530703_8423591"
            ],
            [
                "Holiday Movies",
                "/browse/holiday-movies/4096_8637693"
            ],
            [
                "Instawatch Movies",
                "/browse/movies-tv-shows/instawatch-movies/4096_1228693_9986038"
            ]
        ]
    },
    {
        "title": "The Ottoman Lieutenant",
        "url": "https://www.walmart.com/ip/The-Ottoman-Lieutenant/55777578",
        "price": "$9.99",
        "stars": 0,
        "ratings": 0,
        "img": "",
        "tags": [
            [
                "All 4K Ultra HD Movies",
                "/browse/movies-tv-shows/all-4k-ultra-hd-movies/4096_3315790_1172214"
            ],
            [
                "Instawatch Military & War Movies",
                "/browse/movies-tv-shows/instawatch-military-war-movies/4096_1228693_3006321"
            ],
            [
                "Military & War Action Movies",
                "/browse/movies-tv-shows/military-war-action-movies/4096_530598_530698_531373"
            ],
            [
                "Action & Combat",
                "/browse/movies-tv-shows/action-combat/4096_530598_530720_531674"
            ],
            [
                "All War & Military Movies",
                "/browse/movies-tv-shows/all-war-military-movies/4096_530598_530720_531682"
            ],
            [
                "Instawatch Drama Movies",
                "/browse/movies-tv-shows/instawatch-drama-movies/4096_1228693_5351589"
            ],
            [
                "War & Military",
                "/browse/movies-tv-shows/war-military/4096_616859_617023"
            ],
            [
                "Action & Adventure 4K Ultra HD Movies",
                "/browse/movies-tv-shows/action-adventure-4k-ultra-hd-movies/4096_3315790_7246133"
            ]
        ]
    },
    {
        "title": "The Devils Violinist (DVD)",
        "url": "https://www.walmart.com/ip/The-Devils-Violinist-DVD/43034525",
        "price": "$28.80",
        "stars": 0,
        "ratings": 0,
        "img": "",
        "tags": [
            [
                "Hallmark Channel",
                "/browse/movies-tv-shows/hallmark-channel/4096_530719_1046279_3102459"
            ],
            [
                "All Romance",
                "/browse/movies-tv-shows/all-romance/4096_530598_530714_531571"
            ],
            [
                "Instawatch Drama Movies",
                "/browse/movies-tv-shows/instawatch-drama-movies/4096_1228693_5351589"
            ],
            [
                "Instawatch Romance Movies",
                "/browse/movies-tv-shows/instawatch-romance-movies/4096_1228693_5409118"
            ],
            [
                "DVD Movies",
                "/browse/movies-tv-shows/dvd-movies/4096_8073310_7001804"
            ],
            [
                "All Comedy",
                "/browse/movies-tv-shows/all-comedy/4096_530598_530703_8423591"
            ],
            [
                "Holiday Movies",
                "/browse/holiday-movies/4096_8637693"
            ],
            [
                "Instawatch Movies",
                "/browse/movies-tv-shows/instawatch-movies/4096_1228693_9986038"
            ]
        ]
    },
    {
        "title": "My Reputation (DVD)",
        "url": "https://www.walmart.com/ip/My-Reputation-DVD/43337328",
        "price": "$14.27",
        "stars": 0,
        "ratings": 0,
        "img": "",
        "tags": [
            [
                "Hallmark Channel",
                "/browse/movies-tv-shows/hallmark-channel/4096_530719_1046279_3102459"
            ],
            [
                "All Romance",
                "/browse/movies-tv-shows/all-romance/4096_530598_530714_531571"
            ],
            [
                "Instawatch Drama Movies",
                "/browse/movies-tv-shows/instawatch-drama-movies/4096_1228693_5351589"
            ],
            [
                "Instawatch Romance Movies",
                "/browse/movies-tv-shows/instawatch-romance-movies/4096_1228693_5409118"
            ],
            [
                "DVD Movies",
                "/browse/movies-tv-shows/dvd-movies/4096_8073310_7001804"
            ],
            [
                "All Comedy",
                "/browse/movies-tv-shows/all-comedy/4096_530598_530703_8423591"
            ],
            [
                "Holiday Movies",
                "/browse/holiday-movies/4096_8637693"
            ],
            [
                "Instawatch Movies",
                "/browse/movies-tv-shows/instawatch-movies/4096_1228693_9986038"
            ]
        ]
    },
    {
        "title": "Snow Angels (DVD)",
        "url": "https://www.walmart.com/ip/Snow-Angels-DVD/10283791",
        "price": "$6.24",
        "stars": 0,
        "ratings": 0,
        "img": "",
        "tags": [
            [
                "Hallmark Channel",
                "/browse/movies-tv-shows/hallmark-channel/4096_530719_1046279_3102459"
            ],
            [
                "All Romance",
                "/browse/movies-tv-shows/all-romance/4096_530598_530714_531571"
            ],
            [
                "Instawatch Drama Movies",
                "/browse/movies-tv-shows/instawatch-drama-movies/4096_1228693_5351589"
            ],
            [
                "Instawatch Romance Movies",
                "/browse/movies-tv-shows/instawatch-romance-movies/4096_1228693_5409118"
            ],
            [
                "DVD Movies",
                "/browse/movies-tv-shows/dvd-movies/4096_8073310_7001804"
            ],
            [
                "All Comedy",
                "/browse/movies-tv-shows/all-comedy/4096_530598_530703_8423591"
            ],
            [
                "Holiday Movies",
                "/browse/holiday-movies/4096_8637693"
            ],
            [
                "Instawatch Movies",
                "/browse/movies-tv-shows/instawatch-movies/4096_1228693_9986038"
            ]
        ]
    },
    {
        "title": "Golden Boy (DVD)",
        "url": "https://www.walmart.com/ip/Golden-Boy-DVD/55686407",
        "price": "$16.49",
        "stars": 0,
        "ratings": 0,
        "img": "",
        "tags": [
            [
                "Hallmark Channel",
                "/browse/movies-tv-shows/hallmark-channel/4096_530719_1046279_3102459"
            ],
            [
                "All Romance",
                "/browse/movies-tv-shows/all-romance/4096_530598_530714_531571"
            ],
            [
                "Instawatch Drama Movies",
                "/browse/movies-tv-shows/instawatch-drama-movies/4096_1228693_5351589"
            ],
            [
                "Instawatch Romance Movies",
                "/browse/movies-tv-shows/instawatch-romance-movies/4096_1228693_5409118"
            ],
            [
                "DVD Movies",
                "/browse/movies-tv-shows/dvd-movies/4096_8073310_7001804"
            ],
            [
                "All Comedy",
                "/browse/movies-tv-shows/all-comedy/4096_530598_530703_8423591"
            ],
            [
                "Holiday Movies",
                "/browse/holiday-movies/4096_8637693"
            ],
            [
                "Instawatch Movies",
                "/browse/movies-tv-shows/instawatch-movies/4096_1228693_9986038"
            ]
        ]
    },
    {
        "title": "Spy Who Loved Me, The (Widescreen, Special Edition)",
        "url": "https://www.walmart.com/ip/Spy-Who-Loved-Me-The-Widescreen-Special-Edition/1104302",
        "price": "$19.85",
        "stars": 0,
        "ratings": 0,
        "img": "",
        "tags": [
            [
                "Hallmark Channel",
                "/browse/movies-tv-shows/hallmark-channel/4096_530719_1046279_3102459"
            ],
            [
                "All Romance",
                "/browse/movies-tv-shows/all-romance/4096_530598_530714_531571"
            ],
            [
                "Instawatch Drama Movies",
                "/browse/movies-tv-shows/instawatch-drama-movies/4096_1228693_5351589"
            ],
            [
                "Instawatch Romance Movies",
                "/browse/movies-tv-shows/instawatch-romance-movies/4096_1228693_5409118"
            ],
            [
                "DVD Movies",
                "/browse/movies-tv-shows/dvd-movies/4096_8073310_7001804"
            ],
            [
                "All Comedy",
                "/browse/movies-tv-shows/all-comedy/4096_530598_530703_8423591"
            ],
            [
                "Holiday Movies",
                "/browse/holiday-movies/4096_8637693"
            ],
            [
                "Instawatch Movies",
                "/browse/movies-tv-shows/instawatch-movies/4096_1228693_9986038"
            ]
        ]
    },
    {
        "title": "Fanny by Gaslight (DVD)",
        "url": "https://www.walmart.com/ip/Fanny-by-Gaslight-DVD/20962736",
        "price": "$10.87",
        "stars": 0,
        "ratings": 0,
        "img": "",
        "tags": [
            [
                "Hallmark Channel",
                "/browse/movies-tv-shows/hallmark-channel/4096_530719_1046279_3102459"
            ],
            [
                "All Romance",
                "/browse/movies-tv-shows/all-romance/4096_530598_530714_531571"
            ],
            [
                "Instawatch Drama Movies",
                "/browse/movies-tv-shows/instawatch-drama-movies/4096_1228693_5351589"
            ],
            [
                "Instawatch Romance Movies",
                "/browse/movies-tv-shows/instawatch-romance-movies/4096_1228693_5409118"
            ],
            [
                "DVD Movies",
                "/browse/movies-tv-shows/dvd-movies/4096_8073310_7001804"
            ],
            [
                "All Comedy",
                "/browse/movies-tv-shows/all-comedy/4096_530598_530703_8423591"
            ],
            [
                "Holiday Movies",
                "/browse/holiday-movies/4096_8637693"
            ],
            [
                "Instawatch Movies",
                "/browse/movies-tv-shows/instawatch-movies/4096_1228693_9986038"
            ]
        ]
    },
    {
        "title": "Eternal Sunshine of the Spotless Mind (Blu-ray)",
        "url": "https://www.walmart.com/ip/Eternal-Sunshine-of-the-Spotless-Mind-Blu-ray/15230210",
        "price": "$13.22",
        "stars": 0,
        "ratings": 0,
        "img": "",
        "tags": [
            [
                "Hallmark Channel",
                "/browse/movies-tv-shows/hallmark-channel/4096_530719_1046279_3102459"
            ],
            [
                "Romantic Comedies",
                "/browse/movies-tv-shows/romantic-comedies/4096_530598_530714_531570"
            ],
            [
                "Romantic Comedy",
                "/browse/movies-tv-shows/romantic-comedy/4096_530598_530703_532436"
            ],
            [
                "Instawatch Drama Movies",
                "/browse/movies-tv-shows/instawatch-drama-movies/4096_1228693_5351589"
            ],
            [
                "Instawatch Romance Movies",
                "/browse/movies-tv-shows/instawatch-romance-movies/4096_1228693_5409118"
            ],
            [
                "DVD Movies",
                "/browse/movies-tv-shows/dvd-movies/4096_8073310_7001804"
            ],
            [
                "Holiday Movies",
                "/browse/holiday-movies/4096_8637693"
            ],
            [
                "Instawatch Movies",
                "/browse/movies-tv-shows/instawatch-movies/4096_1228693_9986038"
            ]
        ]
    }
]