[
    {
        "title": "Space Station 76 (DVD)",
        "url": "https://www.walmart.com/ip/Space-Station-76-DVD/38362549",
        "price": "$9.26",
        "stars": "1.0",
        "ratings": "1 ",
        "img": "",
        "tags": [
            [
                "Instawatch Comedy Movies",
                "/browse/movies-tv-shows/instawatch-comedy-movies/4096_1228693_2759224"
            ],
            [
                "Romantic Comedy",
                "/browse/movies-tv-shows/romantic-comedy/4096_530598_530703_532436"
            ],
            [
                "Instawatch Drama Movies",
                "/browse/movies-tv-shows/instawatch-drama-movies/4096_1228693_5351589"
            ],
            [
                "All Music & Performance",
                "/browse/movies-tv-shows/all-music-performance/4096_530598_530712_5576968"
            ],
            [
                "DVD Movies",
                "/browse/movies-tv-shows/dvd-movies/4096_8073310_7001804"
            ],
            [
                "All Comedy",
                "/browse/movies-tv-shows/all-comedy/4096_530598_530703_8423591"
            ],
            [
                "Instawatch Movies",
                "/browse/movies-tv-shows/instawatch-movies/4096_1228693_9986038"
            ]
        ]
    },
    {
        "title": "The Betty Grable Collection: Volume 1 (DVD)",
        "url": "https://www.walmart.com/ip/The-Betty-Grable-Collection-Volume-1-DVD/5001002",
        "price": "$27.29",
        "stars": 0,
        "ratings": 0,
        "img": "",
        "tags": [
            [
                "Hallmark Channel",
                "/browse/movies-tv-shows/hallmark-channel/4096_530719_1046279_3102459"
            ],
            [
                "Action Romance",
                "/browse/movies-tv-shows/action-romance/4096_530598_530698_50698"
            ],
            [
                "Romantic",
                "/browse/movies-tv-shows/romantic/4096_530598_530705_531449"
            ],
            [
                "Romantic Comedies",
                "/browse/movies-tv-shows/romantic-comedies/4096_530598_530714_531570"
            ],
            [
                "Romantic Comedy",
                "/browse/movies-tv-shows/romantic-comedy/4096_530598_530703_532436"
            ],
            [
                "All Music & Performance",
                "/browse/movies-tv-shows/all-music-performance/4096_530598_530712_5576968"
            ],
            [
                "Holiday Movies",
                "/browse/holiday-movies/4096_8637693"
            ]
        ]
    },
    {
        "title": "So Undercover (DVD)",
        "url": "https://www.walmart.com/ip/So-Undercover-DVD/22795068",
        "price": "$27.05",
        "stars": "3.6",
        "ratings": "5 ",
        "img": "",
        "tags": [
            [
                "Instawatch Comedy Movies",
                "/browse/movies-tv-shows/instawatch-comedy-movies/4096_1228693_2759224"
            ],
            [
                "Romantic Comedy",
                "/browse/movies-tv-shows/romantic-comedy/4096_530598_530703_532436"
            ],
            [
                "Instawatch Drama Movies",
                "/browse/movies-tv-shows/instawatch-drama-movies/4096_1228693_5351589"
            ],
            [
                "All Music & Performance",
                "/browse/movies-tv-shows/all-music-performance/4096_530598_530712_5576968"
            ],
            [
                "DVD Movies",
                "/browse/movies-tv-shows/dvd-movies/4096_8073310_7001804"
            ],
            [
                "All Comedy",
                "/browse/movies-tv-shows/all-comedy/4096_530598_530703_8423591"
            ],
            [
                "Instawatch Movies",
                "/browse/movies-tv-shows/instawatch-movies/4096_1228693_9986038"
            ]
        ]
    },
    {
        "title": "27 Dresses",
        "url": "https://www.walmart.com/ip/27-Dresses/9239739",
        "price": "$7.99",
        "stars": "4.6",
        "ratings": "13 ",
        "img": "",
        "tags": [
            [
                "Instawatch Comedy Movies",
                "/browse/movies-tv-shows/instawatch-comedy-movies/4096_1228693_2759224"
            ],
            [
                "Romantic Comedy",
                "/browse/movies-tv-shows/romantic-comedy/4096_530598_530703_532436"
            ],
            [
                "Instawatch Drama Movies",
                "/browse/movies-tv-shows/instawatch-drama-movies/4096_1228693_5351589"
            ],
            [
                "All Music & Performance",
                "/browse/movies-tv-shows/all-music-performance/4096_530598_530712_5576968"
            ],
            [
                "DVD Movies",
                "/browse/movies-tv-shows/dvd-movies/4096_8073310_7001804"
            ],
            [
                "All Comedy",
                "/browse/movies-tv-shows/all-comedy/4096_530598_530703_8423591"
            ],
            [
                "Instawatch Movies",
                "/browse/movies-tv-shows/instawatch-movies/4096_1228693_9986038"
            ]
        ]
    },
    {
        "title": "Meet Dave (DVD)",
        "url": "https://www.walmart.com/ip/Meet-Dave-DVD/10454399",
        "price": "$10.44",
        "stars": "4.0",
        "ratings": "3 ",
        "img": "",
        "tags": [
            [
                "Instawatch Comedy Movies",
                "/browse/movies-tv-shows/instawatch-comedy-movies/4096_1228693_2759224"
            ],
            [
                "Romantic Comedy",
                "/browse/movies-tv-shows/romantic-comedy/4096_530598_530703_532436"
            ],
            [
                "Instawatch Drama Movies",
                "/browse/movies-tv-shows/instawatch-drama-movies/4096_1228693_5351589"
            ],
            [
                "All Music & Performance",
                "/browse/movies-tv-shows/all-music-performance/4096_530598_530712_5576968"
            ],
            [
                "DVD Movies",
                "/browse/movies-tv-shows/dvd-movies/4096_8073310_7001804"
            ],
            [
                "All Comedy",
                "/browse/movies-tv-shows/all-comedy/4096_530598_530703_8423591"
            ],
            [
                "Instawatch Movies",
                "/browse/movies-tv-shows/instawatch-movies/4096_1228693_9986038"
            ]
        ]
    },
    {
        "title": "Shaquille O'neal All-star Comedy Jam: Live From Sin City (DVD)",
        "url": "https://www.walmart.com/ip/Shaquille-O-neal-All-star-Comedy-Jam-Live-From-Sin-City-DVD/55629246",
        "price": "$17.20",
        "stars": 0,
        "ratings": 0,
        "img": "",
        "tags": [
            [
                "Instawatch Comedy Movies",
                "/browse/movies-tv-shows/instawatch-comedy-movies/4096_1228693_2759224"
            ],
            [
                "Romantic Comedy",
                "/browse/movies-tv-shows/romantic-comedy/4096_530598_530703_532436"
            ],
            [
                "Instawatch Drama Movies",
                "/browse/movies-tv-shows/instawatch-drama-movies/4096_1228693_5351589"
            ],
            [
                "All Music & Performance",
                "/browse/movies-tv-shows/all-music-performance/4096_530598_530712_5576968"
            ],
            [
                "DVD Movies",
                "/browse/movies-tv-shows/dvd-movies/4096_8073310_7001804"
            ],
            [
                "All Comedy",
                "/browse/movies-tv-shows/all-comedy/4096_530598_530703_8423591"
            ],
            [
                "Instawatch Movies",
                "/browse/movies-tv-shows/instawatch-movies/4096_1228693_9986038"
            ]
        ]
    },
    {
        "title": "Three Can Play That Game (DVD)",
        "url": "https://www.walmart.com/ip/Three-Can-Play-That-Game-DVD/55540851",
        "price": "$8.28",
        "stars": 0,
        "ratings": 0,
        "img": "",
        "tags": []
    },
    {
        "title": "Love Is All You Need (Blu-ray)",
        "url": "https://www.walmart.com/ip/Love-Is-All-You-Need-Blu-ray/27126931",
        "price": "$7.49",
        "stars": 0,
        "ratings": 0,
        "img": "",
        "tags": [
            [
                "Instawatch Comedy Movies",
                "/browse/movies-tv-shows/instawatch-comedy-movies/4096_1228693_2759224"
            ],
            [
                "Romantic Comedy",
                "/browse/movies-tv-shows/romantic-comedy/4096_530598_530703_532436"
            ],
            [
                "Instawatch Drama Movies",
                "/browse/movies-tv-shows/instawatch-drama-movies/4096_1228693_5351589"
            ],
            [
                "All Music & Performance",
                "/browse/movies-tv-shows/all-music-performance/4096_530598_530712_5576968"
            ],
            [
                "DVD Movies",
                "/browse/movies-tv-shows/dvd-movies/4096_8073310_7001804"
            ],
            [
                "All Comedy",
                "/browse/movies-tv-shows/all-comedy/4096_530598_530703_8423591"
            ],
            [
                "Instawatch Movies",
                "/browse/movies-tv-shows/instawatch-movies/4096_1228693_9986038"
            ]
        ]
    },
    {
        "title": "Princess O'Rourke (DVD)",
        "url": "https://www.walmart.com/ip/Princess-O-Rourke-DVD/356KWHD9FL42",
        "price": "$11.21",
        "stars": 0,
        "ratings": 0,
        "img": "",
        "tags": []
    },
    {
        "title": "American in Paris [DVD]",
        "url": "https://www.walmart.com/ip/American-in-Paris-DVD/1087094",
        "price": "$28.22",
        "stars": 0,
        "ratings": 0,
        "img": "",
        "tags": [
            [
                "Instawatch Comedy Movies",
                "/browse/movies-tv-shows/instawatch-comedy-movies/4096_1228693_2759224"
            ],
            [
                "Romantic Comedies",
                "/browse/movies-tv-shows/romantic-comedies/4096_530598_530714_531570"
            ],
            [
                "All Romance",
                "/browse/movies-tv-shows/all-romance/4096_530598_530714_531571"
            ],
            [
                "Romantic Comedy",
                "/browse/movies-tv-shows/romantic-comedy/4096_530598_530703_532436"
            ],
            [
                "Instawatch Music & Dance Movies",
                "/browse/movies-tv-shows/instawatch-music-dance-movies/4096_1228693_6629168"
            ],
            [
                "DVD Movies",
                "/browse/movies-tv-shows/dvd-movies/4096_8073310_7001804"
            ],
            [
                "Instawatch Movies",
                "/browse/movies-tv-shows/instawatch-movies/4096_1228693_9986038"
            ]
        ]
    }
]