[
    {
        "title": "Independence Day (20th Anniversary) (4K Ultra HD)",
        "url": "https://www.walmart.com/ip/Independence-Day-20th-Anniversary-4K-Ultra-HD/54652550",
        "price": "$22.71",
        "stars": "4.3",
        "ratings": "3 ",
        "img": "",
        "tags": [
            [
                "All 4K Ultra HD Movies",
                "/browse/movies-tv-shows/all-4k-ultra-hd-movies/4096_3315790_1172214"
            ],
            [
                "Spanish Language Movies",
                "/browse/movies-tv-shows/spanish-language-movies/4096_530598_530706_531505"
            ],
            [
                "Action",
                "/browse/movies-tv-shows/action/4096_530598_530715_531575"
            ],
            [
                "Alien",
                "/browse/movies-tv-shows/alien/4096_530598_530715_531576"
            ],
            [
                "All Sci-Fi & Fantasy",
                "/browse/movies-tv-shows/all-sci-fi-fantasy/4096_530598_530715_531581"
            ],
            [
                "Instawatch Action & Adventure Movies",
                "/browse/movies-tv-shows/instawatch-action-adventure-movies/4096_1228693_6761985"
            ],
            [
                "Action & Adventure 4K Ultra HD Movies",
                "/browse/movies-tv-shows/action-adventure-4k-ultra-hd-movies/4096_3315790_7246133"
            ],
            [
                "Sci-Fi & Fantasy 4K Ultra HD Movies",
                "/browse/movies-tv-shows/sci-fi-fantasy-4k-ultra-hd-movies/4096_3315790_9416119"
            ]
        ]
    },
    {
        "title": "Ready Player One 3D (Blu-ray + Blu-ray)",
        "url": "https://www.walmart.com/ip/Ready-Player-One-3D-Blu-ray-Blu-ray/210506020",
        "price": "$24.86",
        "stars": "4.6",
        "ratings": "16 ",
        "img": "",
        "tags": [
            [
                "Transformers Movies & TV Shows",
                "/browse/transformers-movies-tv-shows/4096_1510593"
            ],
            [
                "Instawatch Sci-Fi & Fantasy Movies",
                "/browse/movies-tv-shows/instawatch-sci-fi-fantasy-movies/4096_1228693_2690275"
            ],
            [
                "Jurassic World Movies",
                "/browse/jurassic-world-movies/4096_5158093"
            ],
            [
                "Action",
                "/browse/movies-tv-shows/action/4096_530598_530715_531575"
            ],
            [
                "All Sci-Fi & Fantasy",
                "/browse/movies-tv-shows/all-sci-fi-fantasy/4096_530598_530715_531581"
            ],
            [
                "Wonder Woman Movies & TV Shows",
                "/browse/wonder-woman-movies-tv-shows/4096_6604915"
            ],
            [
                "Marvel Movies",
                "/browse/marvel-movies/4096_7331601"
            ],
            [
                "Harry Potter Movies",
                "/browse/harry-potter-movies/4096_9872761"
            ]
        ]
    },
    {
        "title": "Rogue One: A Star Wars Story (4K Ultra HD + Blu-ray + Digital Copy)",
        "url": "https://www.walmart.com/ip/Rogue-One-A-Star-Wars-Story-4K-Ultra-HD-Blu-ray-Digital-Copy/276169457",
        "price": "$25.49",
        "stars": "5.0",
        "ratings": "4 ",
        "img": "",
        "tags": [
            [
                "All 4K Ultra HD Movies",
                "/browse/movies-tv-shows/all-4k-ultra-hd-movies/4096_3315790_1172214"
            ],
            [
                "Star Wars Movies",
                "/browse/star-wars-movies/4096_1229475"
            ],
            [
                "Summer Picks",
                "/browse/movies-tv-shows/summer-picks/4096_2889131_1253331"
            ],
            [
                "Action Romance",
                "/browse/movies-tv-shows/action-romance/4096_530598_530698_50698"
            ],
            [
                "Action",
                "/browse/movies-tv-shows/action/4096_530598_530715_531575"
            ],
            [
                "New Release Movies",
                "/browse/new-release-movies/4096_6942910"
            ],
            [
                "All Action & Adventure",
                "/browse/movies-tv-shows/all-action-adventure/4096_530598_530698_8354524"
            ],
            [
                "Sci-Fi & Fantasy 4K Ultra HD Movies",
                "/browse/movies-tv-shows/sci-fi-fantasy-4k-ultra-hd-movies/4096_3315790_9416119"
            ]
        ]
    },
    {
        "title": "Jurassic World: 5-Movie Collection (Blu-ray + Digital Copy)",
        "url": "https://www.walmart.com/ip/Jurassic-World-5-Movie-Collection-Blu-ray-Digital-Copy/847514217",
        "price": "$38.98",
        "stars": "5.0",
        "ratings": "4 ",
        "img": "",
        "tags": [
            [
                "All 4K Ultra HD Movies",
                "/browse/movies-tv-shows/all-4k-ultra-hd-movies/4096_3315790_1172214"
            ],
            [
                "Jurassic Park Movies",
                "/browse/jurassic-park-movies/4096_1229471"
            ],
            [
                "All Horror Movies",
                "/browse/movies-tv-shows/all-horror-movies/4096_530598_530709_50716"
            ],
            [
                "Jurassic World Movies",
                "/browse/jurassic-world-movies/4096_5158093"
            ],
            [
                "Spanish Language Movies",
                "/browse/movies-tv-shows/spanish-language-movies/4096_530598_530706_531505"
            ],
            [
                "Action",
                "/browse/movies-tv-shows/action/4096_530598_530715_531575"
            ],
            [
                "Action & Adventure 4K Ultra HD Movies",
                "/browse/movies-tv-shows/action-adventure-4k-ultra-hd-movies/4096_3315790_7246133"
            ],
            [
                "Harry Potter Movies",
                "/browse/harry-potter-movies/4096_9872761"
            ]
        ]
    },
    {
        "title": "Def-Con 4 / Hell Comes to Frogtown (DVD)",
        "url": "https://www.walmart.com/ip/Def-Con-4-Hell-Comes-to-Frogtown-DVD/17765721",
        "price": "$7.99",
        "stars": 0,
        "ratings": 0,
        "img": "",
        "tags": [
            [
                "All 4K Ultra HD Movies",
                "/browse/movies-tv-shows/all-4k-ultra-hd-movies/4096_3315790_1172214"
            ],
            [
                "Jurassic Park Movies",
                "/browse/jurassic-park-movies/4096_1229471"
            ],
            [
                "Instawatch Sci-Fi & Fantasy Movies",
                "/browse/movies-tv-shows/instawatch-sci-fi-fantasy-movies/4096_1228693_2690275"
            ],
            [
                "All Horror Movies",
                "/browse/movies-tv-shows/all-horror-movies/4096_530598_530709_50716"
            ],
            [
                "Jurassic World Movies",
                "/browse/jurassic-world-movies/4096_5158093"
            ],
            [
                "All Sci-Fi & Fantasy",
                "/browse/movies-tv-shows/all-sci-fi-fantasy/4096_530598_530715_531581"
            ],
            [
                "New Release Movies",
                "/browse/new-release-movies/4096_6942910"
            ],
            [
                "Marvel Movies",
                "/browse/marvel-movies/4096_7331601"
            ]
        ]
    },
    {
        "title": "I Am Legend (Blu-ray)",
        "url": "https://www.walmart.com/ip/I-Am-Legend-Blu-ray/9120638",
        "price": "$6.99",
        "stars": "4.5",
        "ratings": "57 ",
        "img": "",
        "tags": [
            [
                "Action Drama Movies",
                "/browse/movies-tv-shows/action-drama-movies/4096_530598_530698_45092"
            ],
            [
                "Action Romance",
                "/browse/movies-tv-shows/action-romance/4096_530598_530698_50698"
            ],
            [
                "Military & War Action Movies",
                "/browse/movies-tv-shows/military-war-action-movies/4096_530598_530698_531373"
            ],
            [
                "All Sci-Fi & Fantasy",
                "/browse/movies-tv-shows/all-sci-fi-fantasy/4096_530598_530715_531581"
            ],
            [
                "All War & Military Movies",
                "/browse/movies-tv-shows/all-war-military-movies/4096_530598_530720_531682"
            ],
            [
                "DVD Movies",
                "/browse/movies-tv-shows/dvd-movies/4096_8073310_7001804"
            ],
            [
                "All Action & Adventure",
                "/browse/movies-tv-shows/all-action-adventure/4096_530598_530698_8354524"
            ],
            [
                "Sci-Fi & Fantasy 4K Ultra HD Movies",
                "/browse/movies-tv-shows/sci-fi-fantasy-4k-ultra-hd-movies/4096_3315790_9416119"
            ]
        ]
    },
    {
        "title": "This Island Earth (DVD)",
        "url": "https://www.walmart.com/ip/This-Island-Earth-DVD/5001004",
        "price": "$9.99",
        "stars": "4.9",
        "ratings": "8 ",
        "img": "",
        "tags": [
            [
                "All Horror Movies",
                "/browse/movies-tv-shows/all-horror-movies/4096_530598_530709_50716"
            ],
            [
                "Adventure Movies",
                "/browse/movies-tv-shows/adventure-movies/4096_530598_530701_531392"
            ],
            [
                "Classic Dramas",
                "/browse/movies-tv-shows/classic-dramas/4096_530598_530702_531410"
            ],
            [
                "Action",
                "/browse/movies-tv-shows/action/4096_530598_530715_531575"
            ],
            [
                "Classic Sci-Fi",
                "/browse/movies-tv-shows/classic-sci-fi/4096_530598_530715_531578"
            ],
            [
                "Sci-Fi & Fantasy",
                "/browse/movies-tv-shows/sci-fi-fantasy/4096_616859_617014"
            ],
            [
                "All Documentaries",
                "/browse/movies-tv-shows/all-documentaries/4096_530598_530704_6867416"
            ],
            [
                "All Classics",
                "/browse/movies-tv-shows/all-classics/4096_530598_530702_9070202"
            ]
        ]
    },
    {
        "title": "Ghosts of Mars (Blu-ray)",
        "url": "https://www.walmart.com/ip/Ghosts-of-Mars-Blu-ray/910794466",
        "price": "$18.80",
        "stars": "5.0",
        "ratings": "2 ",
        "img": "",
        "tags": [
            [
                "All 4K Ultra HD Movies",
                "/browse/movies-tv-shows/all-4k-ultra-hd-movies/4096_3315790_1172214"
            ],
            [
                "Jurassic Park Movies",
                "/browse/jurassic-park-movies/4096_1229471"
            ],
            [
                "Star Wars Movies",
                "/browse/star-wars-movies/4096_1229475"
            ],
            [
                "Instawatch Sci-Fi & Fantasy Movies",
                "/browse/movies-tv-shows/instawatch-sci-fi-fantasy-movies/4096_1228693_2690275"
            ],
            [
                "Jurassic World Movies",
                "/browse/jurassic-world-movies/4096_5158093"
            ],
            [
                "Action",
                "/browse/movies-tv-shows/action/4096_530598_530715_531575"
            ],
            [
                "All Action & Adventure",
                "/browse/movies-tv-shows/all-action-adventure/4096_530598_530698_8354524"
            ],
            [
                "Instawatch Movies",
                "/browse/movies-tv-shows/instawatch-movies/4096_1228693_9986038"
            ]
        ]
    },
    {
        "title": "Dredd (Blu-ray + Digital Copy)",
        "url": "https://www.walmart.com/ip/Dredd-Blu-ray-Digital-Copy/22029531",
        "price": "$9.45",
        "stars": "4.4",
        "ratings": "27 ",
        "img": "",
        "tags": [
            [
                "Instawatch Sci-Fi & Fantasy Movies",
                "/browse/movies-tv-shows/instawatch-sci-fi-fantasy-movies/4096_1228693_2690275"
            ],
            [
                "Action",
                "/browse/movies-tv-shows/action/4096_530598_530715_531575"
            ],
            [
                "All Sci-Fi & Fantasy",
                "/browse/movies-tv-shows/all-sci-fi-fantasy/4096_530598_530715_531581"
            ],
            [
                "Instawatch Drama Movies",
                "/browse/movies-tv-shows/instawatch-drama-movies/4096_1228693_5351589"
            ],
            [
                "Instawatch Music & Dance Movies",
                "/browse/movies-tv-shows/instawatch-music-dance-movies/4096_1228693_6629168"
            ],
            [
                "Instawatch Action & Adventure Movies",
                "/browse/movies-tv-shows/instawatch-action-adventure-movies/4096_1228693_6761985"
            ],
            [
                "All Action & Adventure",
                "/browse/movies-tv-shows/all-action-adventure/4096_530598_530698_8354524"
            ]
        ]
    },
    {
        "title": "Transformers: The Dark of the Moon (Blu-ray + DVD + Digital Copy)",
        "url": "https://www.walmart.com/ip/Transformers-The-Dark-of-the-Moon-Blu-ray-DVD-Digital-Copy/17038189",
        "price": "$6.99",
        "stars": "4.7",
        "ratings": "61 ",
        "img": "",
        "tags": [
            [
                "Anime for Children",
                "/browse/movies-tv-shows/anime-for-children/4096_530719_1010219_1010226"
            ],
            [
                "Transformers Movies & TV Shows",
                "/browse/transformers-movies-tv-shows/4096_1510593"
            ],
            [
                "Instawatch Sci-Fi & Fantasy Movies",
                "/browse/movies-tv-shows/instawatch-sci-fi-fantasy-movies/4096_1228693_2690275"
            ],
            [
                "All Horror Movies",
                "/browse/movies-tv-shows/all-horror-movies/4096_530598_530709_50716"
            ],
            [
                "Action",
                "/browse/movies-tv-shows/action/4096_530598_530715_531575"
            ],
            [
                "All Sci-Fi & Fantasy",
                "/browse/movies-tv-shows/all-sci-fi-fantasy/4096_530598_530715_531581"
            ],
            [
                "Instawatch Action & Adventure Movies",
                "/browse/movies-tv-shows/instawatch-action-adventure-movies/4096_1228693_6761985"
            ],
            [
                "All Action & Adventure",
                "/browse/movies-tv-shows/all-action-adventure/4096_530598_530698_8354524"
            ]
        ]
    }
]