[
    {
        "title": "Evan Almighty (DVD)",
        "url": "https://www.walmart.com/ip/Evan-Almighty-DVD/6959925",
        "price": "$5.19",
        "stars": "4.9",
        "ratings": "15 ",
        "img": "",
        "tags": [
            [
                "All Anime & Animation",
                "/browse/movies-tv-shows/all-anime-animation/4096_530598_530699_3849438"
            ],
            [
                "Action Drama Movies",
                "/browse/movies-tv-shows/action-drama-movies/4096_530598_530698_45092"
            ],
            [
                "Animated Drama Movies",
                "/browse/movies-tv-shows/animated-drama-movies/4096_530598_530699_531380"
            ],
            [
                "Romantic Comedies",
                "/browse/movies-tv-shows/romantic-comedies/4096_530598_530714_531570"
            ],
            [
                "Romantic Comedy",
                "/browse/movies-tv-shows/romantic-comedy/4096_530598_530703_532436"
            ],
            [
                "DVD Movies",
                "/browse/movies-tv-shows/dvd-movies/4096_8073310_7001804"
            ],
            [
                "All Comedy",
                "/browse/movies-tv-shows/all-comedy/4096_530598_530703_8423591"
            ]
        ]
    },
    {
        "title": "Tangled (Blu-ray + DVD)",
        "url": "https://www.walmart.com/ip/Tangled-Blu-ray-DVD/15729995",
        "price": "$30.46",
        "stars": "4.9",
        "ratings": "114 ",
        "img": "i5.walmartimages.com/asr/f5f81d9f-3b6e-4fcd-aca8-9728ecc23f29_1.e4a92fb5d84a81cb23b4ef848907e938.jpeg?odnWidth=612&odnHeight=612&odnBg=ffffff",
        "tags": [
            [
                "Disney Princess Movies",
                "/browse/movies-tv-shows/disney-princess-movies/4096_1106153_1106154"
            ],
            [
                "All Anime & Animation",
                "/browse/movies-tv-shows/all-anime-animation/4096_530598_530699_3849438"
            ],
            [
                "Animated Drama Movies",
                "/browse/movies-tv-shows/animated-drama-movies/4096_530598_530699_531380"
            ],
            [
                "Animation & Cartoons",
                "/browse/movies-tv-shows/animation-cartoons/4096_530598_530701_531395"
            ],
            [
                "Family Drama Movies",
                "/browse/movies-tv-shows/family-drama-movies/4096_530598_530701_531398"
            ],
            [
                "Children & Family",
                "/browse/movies-tv-shows/children-family/4096_616859_617001"
            ],
            [
                "Disney Pixar Movies",
                "/browse/movies-tv-shows/disney-pixar-movies/4096_1106153_7156393"
            ],
            [
                "All Children & Family Movies",
                "/browse/movies-tv-shows/all-children-family-movies/4096_530598_530701_9062682"
            ]
        ]
    },
    {
        "title": "Cars 2 (DVD)",
        "url": "https://www.walmart.com/ip/Cars-2-DVD/17206142",
        "price": "$18.75",
        "stars": "4.8",
        "ratings": "85 ",
        "img": "",
        "tags": [
            [
                "All Anime & Animation",
                "/browse/movies-tv-shows/all-anime-animation/4096_530598_530699_3849438"
            ],
            [
                "Animated Drama Movies",
                "/browse/movies-tv-shows/animated-drama-movies/4096_530598_530699_531380"
            ],
            [
                "Animation & Cartoons",
                "/browse/movies-tv-shows/animation-cartoons/4096_530598_530701_531395"
            ],
            [
                "Family Classic Movies",
                "/browse/movies-tv-shows/family-classic-movies/4096_530598_530701_531396"
            ],
            [
                "Family Drama Movies",
                "/browse/movies-tv-shows/family-drama-movies/4096_530598_530701_531398"
            ],
            [
                "Disney Pixar Movies",
                "/browse/movies-tv-shows/disney-pixar-movies/4096_1106153_7156393"
            ],
            [
                "Disney Cars Movies",
                "/browse/movies-tv-shows/disney-cars-movies/4096_1106153_9031796"
            ],
            [
                "All Children & Family Movies",
                "/browse/movies-tv-shows/all-children-family-movies/4096_530598_530701_9062682"
            ]
        ]
    },
    {
        "title": "The Jungle Book (Blu-ray + DVD)",
        "url": "https://www.walmart.com/ip/The-Jungle-Book-Blu-ray-DVD/52073658",
        "price": "$13.99",
        "stars": "4.8",
        "ratings": "39 ",
        "img": "",
        "tags": [
            [
                "Disney Princess Movies",
                "/browse/movies-tv-shows/disney-princess-movies/4096_1106153_1106154"
            ],
            [
                "All Anime & Animation",
                "/browse/movies-tv-shows/all-anime-animation/4096_530598_530699_3849438"
            ],
            [
                "Animated Drama Movies",
                "/browse/movies-tv-shows/animated-drama-movies/4096_530598_530699_531380"
            ],
            [
                "Animation & Cartoons",
                "/browse/movies-tv-shows/animation-cartoons/4096_530598_530701_531395"
            ],
            [
                "Family Drama Movies",
                "/browse/movies-tv-shows/family-drama-movies/4096_530598_530701_531398"
            ],
            [
                "Children & Family",
                "/browse/movies-tv-shows/children-family/4096_616859_617001"
            ],
            [
                "Disney Pixar Movies",
                "/browse/movies-tv-shows/disney-pixar-movies/4096_1106153_7156393"
            ],
            [
                "All Children & Family Movies",
                "/browse/movies-tv-shows/all-children-family-movies/4096_530598_530701_9062682"
            ]
        ]
    },
    {
        "title": "Harry Potter and the Prisioner of Azkaban / Harry Potter and the Goblet of Fire (DVD)",
        "url": "https://www.walmart.com/ip/Harry-Potter-and-the-Prisioner-of-Azkaban-Harry-Potter-and-the-Goblet-of-Fire-DVD/294693734",
        "price": "$11.99",
        "stars": "3.7",
        "ratings": "3 ",
        "img": "",
        "tags": [
            [
                "Summer Picks",
                "/browse/movies-tv-shows/summer-picks/4096_2889131_1253331"
            ],
            [
                "All Mystery & Suspense",
                "/browse/movies-tv-shows/all-mystery-suspense/4096_530598_530711_3034275"
            ],
            [
                "Family Sci-Fi & Fantasy Movies",
                "/browse/movies-tv-shows/family-sci-fi-fantasy-movies/4096_530598_530701_531399"
            ],
            [
                "All Sci-Fi & Fantasy",
                "/browse/movies-tv-shows/all-sci-fi-fantasy/4096_530598_530715_531581"
            ],
            [
                "Boxed Sets & Collections Movies & TV",
                "/browse/boxed-sets-collections-movies-tv/4096_5732611"
            ],
            [
                "Sci-Fi & Fantasy",
                "/browse/movies-tv-shows/sci-fi-fantasy/4096_616859_617014"
            ],
            [
                "DVD Movies",
                "/browse/movies-tv-shows/dvd-movies/4096_8073310_7001804"
            ],
            [
                "Harry Potter Movies",
                "/browse/harry-potter-movies/4096_9872761"
            ]
        ]
    },
    {
        "title": "Harry Potter and the Goblet of Fire (Blu-ray)",
        "url": "https://www.walmart.com/ip/Harry-Potter-and-the-Goblet-of-Fire-Blu-ray/55271262",
        "price": "$9.99",
        "stars": "5.0",
        "ratings": "2 ",
        "img": "",
        "tags": [
            [
                "Guardians of the Galaxy Movies & TV Shows",
                "/browse/shop-by-movie/guardians-of-the-galaxy-movies-tv-shows/5920738_2554820_3815842_2734146_1328491"
            ],
            [
                "Shop all Guardians of the Galaxy",
                "/browse/shop-by-movie/shop-all-guardians-of-the-galaxy/5920738_2554820_3815842_2734146_4204896"
            ],
            [
                "Harry Potter Posters & Wall Decor",
                "/browse/shop-by-movie/harry-potter-posters-wall-decor/5920738_1971647_5214900"
            ],
            [
                "Gryfindor",
                "/browse/shop-by-movie/gryfindor/5920738_1971647_7450792_5410439"
            ],
            [
                "Shop all Harry Potter Home & Bedding",
                "/browse/shop-by-movie/shop-all-harry-potter-home-bedding/5920738_1971647_3512321_6972160"
            ],
            [
                "Shop all Fantastic Beasts",
                "/browse/shop-by-movie/shop-all-fantastic-beasts/5920738_1971647_7273781_8566186"
            ],
            [
                "Helga Hufflepuff",
                "/browse/shop-by-movie/helga-hufflepuff/5920738_1971647_7450792_9883043"
            ]
        ]
    },
    {
        "title": "October Sky (DVD)",
        "url": "https://www.walmart.com/ip/October-Sky-DVD/3511592",
        "price": "$6.99",
        "stars": "4.9",
        "ratings": "48 ",
        "img": "",
        "tags": [
            [
                "Summer Picks",
                "/browse/movies-tv-shows/summer-picks/4096_2889131_1253331"
            ],
            [
                "Action Drama Movies",
                "/browse/movies-tv-shows/action-drama-movies/4096_530598_530698_45092"
            ],
            [
                "Performing Arts",
                "/browse/movies-tv-shows/performing-arts/4096_530598_530704_531444"
            ],
            [
                "All Music & Performance",
                "/browse/movies-tv-shows/all-music-performance/4096_530598_530712_5576968"
            ],
            [
                "Movies About Race",
                "/browse/movies-about-race/4096_6277374"
            ],
            [
                "DVD Movies",
                "/browse/movies-tv-shows/dvd-movies/4096_8073310_7001804"
            ],
            [
                "All Children & Family Movies",
                "/browse/movies-tv-shows/all-children-family-movies/4096_530598_530701_9062682"
            ]
        ]
    },
    {
        "title": "Captain America: The First Avenger (DVD)",
        "url": "https://www.walmart.com/ip/Captain-America-The-First-Avenger-DVD/28773452",
        "price": "$14.99",
        "stars": "4.9",
        "ratings": "14 ",
        "img": "",
        "tags": [
            [
                "Action Romance",
                "/browse/movies-tv-shows/action-romance/4096_530598_530698_50698"
            ],
            [
                "Action Thriller Movies",
                "/browse/movies-tv-shows/action-thriller-movies/4096_530598_530698_531369"
            ],
            [
                "Action",
                "/browse/movies-tv-shows/action/4096_530598_530715_531575"
            ],
            [
                "All Sci-Fi & Fantasy",
                "/browse/movies-tv-shows/all-sci-fi-fantasy/4096_530598_530715_531581"
            ],
            [
                "Action & Adventure",
                "/browse/movies-tv-shows/action-adventure/4096_616859_616999"
            ],
            [
                "Marvel Movies",
                "/browse/marvel-movies/4096_7331601"
            ],
            [
                "All Action & Adventure",
                "/browse/movies-tv-shows/all-action-adventure/4096_530598_530698_8354524"
            ]
        ]
    },
    {
        "title": "The Miracle Worker (DVD)",
        "url": "https://www.walmart.com/ip/The-Miracle-Worker-DVD/1150231",
        "price": "$5.99",
        "stars": "4.8",
        "ratings": "12 ",
        "img": "",
        "tags": [
            [
                "All Mystery & Suspense",
                "/browse/movies-tv-shows/all-mystery-suspense/4096_530598_530711_3034275"
            ],
            [
                "Action Thriller Movies",
                "/browse/movies-tv-shows/action-thriller-movies/4096_530598_530698_531369"
            ],
            [
                "Animated Drama Movies",
                "/browse/movies-tv-shows/animated-drama-movies/4096_530598_530699_531380"
            ],
            [
                "Family Drama Movies",
                "/browse/movies-tv-shows/family-drama-movies/4096_530598_530701_531398"
            ],
            [
                "Slapstick Comedy",
                "/browse/movies-tv-shows/slapstick-comedy/4096_530598_530703_531429"
            ],
            [
                "Crime",
                "/browse/movies-tv-shows/crime/4096_530598_530705_531446"
            ],
            [
                "DVD Movies",
                "/browse/movies-tv-shows/dvd-movies/4096_8073310_7001804"
            ],
            [
                "All Children & Family Movies",
                "/browse/movies-tv-shows/all-children-family-movies/4096_530598_530701_9062682"
            ]
        ]
    },
    {
        "title": "Alice in Wonderland (DVD)",
        "url": "https://www.walmart.com/ip/Alice-in-Wonderland-DVD/13400875",
        "price": "$8.99",
        "stars": "4.7",
        "ratings": "111 ",
        "img": "",
        "tags": [
            [
                "Disney Princess Movies",
                "/browse/movies-tv-shows/disney-princess-movies/4096_1106153_1106154"
            ],
            [
                "All Anime & Animation",
                "/browse/movies-tv-shows/all-anime-animation/4096_530598_530699_3849438"
            ],
            [
                "Action Drama Movies",
                "/browse/movies-tv-shows/action-drama-movies/4096_530598_530698_45092"
            ],
            [
                "Animated Drama Movies",
                "/browse/movies-tv-shows/animated-drama-movies/4096_530598_530699_531380"
            ],
            [
                "Animation & Cartoons",
                "/browse/movies-tv-shows/animation-cartoons/4096_530598_530701_531395"
            ],
            [
                "Family Drama Movies",
                "/browse/movies-tv-shows/family-drama-movies/4096_530598_530701_531398"
            ],
            [
                "Family Sci-Fi & Fantasy Movies",
                "/browse/movies-tv-shows/family-sci-fi-fantasy-movies/4096_530598_530701_531399"
            ],
            [
                "All Children & Family Movies",
                "/browse/movies-tv-shows/all-children-family-movies/4096_530598_530701_9062682"
            ]
        ]
    }
]