[
    {
        "title": "The Family Stone (DVD)",
        "url": "https://www.walmart.com/ip/The-Family-Stone-DVD/4834866",
        "price": "$7.99",
        "stars": "4.4",
        "ratings": "25 ",
        "img": "",
        "tags": [
            [
                "Instawatch Comedy Movies",
                "/browse/movies-tv-shows/instawatch-comedy-movies/4096_1228693_2759224"
            ],
            [
                "Romantic Comedies",
                "/browse/movies-tv-shows/romantic-comedies/4096_530598_530714_531570"
            ],
            [
                "Romantic Comedy",
                "/browse/movies-tv-shows/romantic-comedy/4096_530598_530703_532436"
            ],
            [
                "Instawatch Drama Movies",
                "/browse/movies-tv-shows/instawatch-drama-movies/4096_1228693_5351589"
            ],
            [
                "All Action & Adventure",
                "/browse/movies-tv-shows/all-action-adventure/4096_530598_530698_8354524"
            ],
            [
                "All Comedy",
                "/browse/movies-tv-shows/all-comedy/4096_530598_530703_8423591"
            ],
            [
                "Holiday Movies",
                "/browse/holiday-movies/4096_8637693"
            ],
            [
                "Instawatch Movies",
                "/browse/movies-tv-shows/instawatch-movies/4096_1228693_9986038"
            ]
        ]
    },
    {
        "title": "Ice Age: A Mammoth Christmas Special (DVD)",
        "url": "https://www.walmart.com/ip/Ice-Age-A-Mammoth-Christmas-Special-DVD/17656835",
        "price": "$4.99",
        "stars": "4.8",
        "ratings": "58 ",
        "img": "",
        "tags": [
            [
                "All Anime & Animation",
                "/browse/movies-tv-shows/all-anime-animation/4096_530598_530699_3849438"
            ],
            [
                "Animated Drama Movies",
                "/browse/movies-tv-shows/animated-drama-movies/4096_530598_530699_531380"
            ],
            [
                "Animation & Cartoons",
                "/browse/movies-tv-shows/animation-cartoons/4096_530598_530701_531395"
            ],
            [
                "Family Comedy Movies",
                "/browse/movies-tv-shows/family-comedy-movies/4096_530598_530701_531397"
            ],
            [
                "Family Drama Movies",
                "/browse/movies-tv-shows/family-drama-movies/4096_530598_530701_531398"
            ],
            [
                "Holiday Movies",
                "/browse/holiday-movies/4096_8637693"
            ],
            [
                "All Children & Family Movies",
                "/browse/movies-tv-shows/all-children-family-movies/4096_530598_530701_9062682"
            ],
            [
                "Instawatch Kids and Family Movies",
                "/browse/movies-tv-shows/instawatch-kids-family-movies/4096_1228693_9809738"
            ]
        ]
    },
    {
        "title": "Long Shot (Blu-ray + DVD)",
        "url": "https://www.walmart.com/ip/Long-Shot-Blu-ray-DVD/615495966",
        "price": "$8.99",
        "stars": "5.0",
        "ratings": "1 ",
        "img": "",
        "tags": [
            [
                "All 4K Ultra HD Movies",
                "/browse/movies-tv-shows/all-4k-ultra-hd-movies/4096_3315790_1172214"
            ],
            [
                "All Mystery & Suspense",
                "/browse/movies-tv-shows/all-mystery-suspense/4096_530598_530711_3034275"
            ],
            [
                "All Horror Movies",
                "/browse/movies-tv-shows/all-horror-movies/4096_530598_530709_50716"
            ],
            [
                "French Movies",
                "/browse/movies-tv-shows/french-movies/4096_530598_530706_531500"
            ],
            [
                "Spanish Language Movies",
                "/browse/movies-tv-shows/spanish-language-movies/4096_530598_530706_531505"
            ],
            [
                "All Sci-Fi & Fantasy",
                "/browse/movies-tv-shows/all-sci-fi-fantasy/4096_530598_530715_531581"
            ],
            [
                "New Release Movies",
                "/browse/new-release-movies/4096_6942910"
            ],
            [
                "Action & Adventure 4K Ultra HD Movies",
                "/browse/movies-tv-shows/action-adventure-4k-ultra-hd-movies/4096_3315790_7246133"
            ]
        ]
    },
    {
        "title": "Ma and Pa Kettle: Complete Comedy Collection (DVD)",
        "url": "https://www.walmart.com/ip/Ma-Pa-Kettle-Complete-Comedy-Collection-DVD/17127855",
        "price": "$9.99",
        "stars": "4.9",
        "ratings": "61 ",
        "img": "",
        "tags": [
            [
                "Anime Action",
                "/browse/movies-tv-shows/anime-action/4096_530719_1010219_1010220"
            ],
            [
                "NCIS",
                "/browse/movies-tv-shows/ncis/4096_530719_1057424_1057724"
            ],
            [
                "Family Classic Movies",
                "/browse/movies-tv-shows/family-classic-movies/4096_530598_530701_531396"
            ],
            [
                "Classic Dramas",
                "/browse/movies-tv-shows/classic-dramas/4096_530598_530702_531410"
            ],
            [
                "Action & Combat",
                "/browse/movies-tv-shows/action-combat/4096_530598_530720_531674"
            ],
            [
                "Boxed Sets & Collections Movies & TV",
                "/browse/boxed-sets-collections-movies-tv/4096_5732611"
            ],
            [
                "All Comedy",
                "/browse/movies-tv-shows/all-comedy/4096_530598_530703_8423591"
            ],
            [
                "All Classics",
                "/browse/movies-tv-shows/all-classics/4096_530598_530702_9070202"
            ]
        ]
    },
    {
        "title": "Dr. Seuss' The Cat In The Hat (DVD)",
        "url": "https://www.walmart.com/ip/Dr-Seuss-The-Cat-In-The-Hat-DVD/2513222",
        "price": "$3.99",
        "stars": "4.7",
        "ratings": "29 ",
        "img": "",
        "tags": [
            [
                "All Anime & Animation",
                "/browse/movies-tv-shows/all-anime-animation/4096_530598_530699_3849438"
            ],
            [
                "Animated Drama Movies",
                "/browse/movies-tv-shows/animated-drama-movies/4096_530598_530699_531380"
            ],
            [
                "Animation & Cartoons",
                "/browse/movies-tv-shows/animation-cartoons/4096_530598_530701_531395"
            ],
            [
                "Family Comedy Movies",
                "/browse/movies-tv-shows/family-comedy-movies/4096_530598_530701_531397"
            ],
            [
                "Family Drama Movies",
                "/browse/movies-tv-shows/family-drama-movies/4096_530598_530701_531398"
            ],
            [
                "All Children & Family Movies",
                "/browse/movies-tv-shows/all-children-family-movies/4096_530598_530701_9062682"
            ],
            [
                "Instawatch Kids and Family Movies",
                "/browse/movies-tv-shows/instawatch-kids-family-movies/4096_1228693_9809738"
            ]
        ]
    },
    {
        "title": "Crazy Rich Asians (DVD)",
        "url": "https://www.walmart.com/ip/Crazy-Rich-Asians-DVD/278658034",
        "price": "$9.96",
        "stars": "4.3",
        "ratings": "6 ",
        "img": "",
        "tags": [
            [
                "All 4K Ultra HD Movies",
                "/browse/movies-tv-shows/all-4k-ultra-hd-movies/4096_3315790_1172214"
            ],
            [
                "All Mystery & Suspense",
                "/browse/movies-tv-shows/all-mystery-suspense/4096_530598_530711_3034275"
            ],
            [
                "New DVD Releases",
                "/browse/new-dvd-releases/4096_4262082"
            ],
            [
                "Romantic Comedies",
                "/browse/movies-tv-shows/romantic-comedies/4096_530598_530714_531570"
            ],
            [
                "Romantic Comedy",
                "/browse/movies-tv-shows/romantic-comedy/4096_530598_530703_532436"
            ],
            [
                "DVD Movies",
                "/browse/movies-tv-shows/dvd-movies/4096_8073310_7001804"
            ],
            [
                "Instawatch Movies",
                "/browse/movies-tv-shows/instawatch-movies/4096_1228693_9986038"
            ]
        ]
    },
    {
        "title": "My Big Fat Greek Wedding 2 (DVD)",
        "url": "https://www.walmart.com/ip/My-Big-Fat-Greek-Wedding-2-DVD/50819235",
        "price": "$4.99",
        "stars": "4.5",
        "ratings": "22 ",
        "img": "",
        "tags": [
            [
                "Instawatch Romantic Comedies",
                "/browse/movies-tv-shows/instawatch-romantic-comedies/4096_1228693_1550831"
            ],
            [
                "Instawatch Comedy Movies",
                "/browse/movies-tv-shows/instawatch-comedy-movies/4096_1228693_2759224"
            ],
            [
                "Romantic Comedies",
                "/browse/movies-tv-shows/romantic-comedies/4096_530598_530714_531570"
            ],
            [
                "Romantic Comedy",
                "/browse/movies-tv-shows/romantic-comedy/4096_530598_530703_532436"
            ],
            [
                "Instawatch Romance Movies",
                "/browse/movies-tv-shows/instawatch-romance-movies/4096_1228693_5409118"
            ],
            [
                "DVD Movies",
                "/browse/movies-tv-shows/dvd-movies/4096_8073310_7001804"
            ],
            [
                "All Comedy",
                "/browse/movies-tv-shows/all-comedy/4096_530598_530703_8423591"
            ],
            [
                "All Children & Family Movies",
                "/browse/movies-tv-shows/all-children-family-movies/4096_530598_530701_9062682"
            ]
        ]
    },
    {
        "title": "Little Man / White Chicks (DVD)",
        "url": "https://www.walmart.com/ip/Little-Man-White-Chicks-DVD/41288702",
        "price": "$5.99",
        "stars": "5.0",
        "ratings": "8 ",
        "img": "",
        "tags": [
            [
                "Instawatch Comedy Movies",
                "/browse/movies-tv-shows/instawatch-comedy-movies/4096_1228693_2759224"
            ],
            [
                "Family Comedy Movies",
                "/browse/movies-tv-shows/family-comedy-movies/4096_530598_530701_531397"
            ],
            [
                "Romantic Comedies",
                "/browse/movies-tv-shows/romantic-comedies/4096_530598_530714_531570"
            ],
            [
                "Romantic Comedy",
                "/browse/movies-tv-shows/romantic-comedy/4096_530598_530703_532436"
            ],
            [
                "DVD Movies",
                "/browse/movies-tv-shows/dvd-movies/4096_8073310_7001804"
            ],
            [
                "All Comedy",
                "/browse/movies-tv-shows/all-comedy/4096_530598_530703_8423591"
            ],
            [
                "Instawatch Movies",
                "/browse/movies-tv-shows/instawatch-movies/4096_1228693_9986038"
            ]
        ]
    },
    {
        "title": "The Great Outdoors (DVD)",
        "url": "https://www.walmart.com/ip/The-Great-Outdoors-DVD/1102526",
        "price": "$3.99",
        "stars": "4.7",
        "ratings": "19 ",
        "img": "",
        "tags": [
            [
                "Instawatch Comedy Movies",
                "/browse/movies-tv-shows/instawatch-comedy-movies/4096_1228693_2759224"
            ],
            [
                "Family Comedy Movies",
                "/browse/movies-tv-shows/family-comedy-movies/4096_530598_530701_531397"
            ],
            [
                "Romantic Comedies",
                "/browse/movies-tv-shows/romantic-comedies/4096_530598_530714_531570"
            ],
            [
                "Romantic Comedy",
                "/browse/movies-tv-shows/romantic-comedy/4096_530598_530703_532436"
            ],
            [
                "All Comedy",
                "/browse/movies-tv-shows/all-comedy/4096_530598_530703_8423591"
            ],
            [
                "All Children & Family Movies",
                "/browse/movies-tv-shows/all-children-family-movies/4096_530598_530701_9062682"
            ],
            [
                "Instawatch Movies",
                "/browse/movies-tv-shows/instawatch-movies/4096_1228693_9986038"
            ]
        ]
    },
    {
        "title": "The Mask / Son of the Mask (DVD)",
        "url": "https://www.walmart.com/ip/The-Mask-Son-of-the-Mask-DVD/9863255",
        "price": "$4.99",
        "stars": "4.6",
        "ratings": "25 ",
        "img": "",
        "tags": [
            [
                "Family Drama Movies",
                "/browse/movies-tv-shows/family-drama-movies/4096_530598_530701_531398"
            ],
            [
                "Romantic Comedies",
                "/browse/movies-tv-shows/romantic-comedies/4096_530598_530714_531570"
            ],
            [
                "Romantic Comedy",
                "/browse/movies-tv-shows/romantic-comedy/4096_530598_530703_532436"
            ],
            [
                "DVD Movies",
                "/browse/movies-tv-shows/dvd-movies/4096_8073310_7001804"
            ],
            [
                "All Comedy",
                "/browse/movies-tv-shows/all-comedy/4096_530598_530703_8423591"
            ],
            [
                "All Children & Family Movies",
                "/browse/movies-tv-shows/all-children-family-movies/4096_530598_530701_9062682"
            ],
            [
                "Instawatch Movies",
                "/browse/movies-tv-shows/instawatch-movies/4096_1228693_9986038"
            ]
        ]
    }
]