[
    {
        "title": "Balto: 3-Movie Adventure Pack (DVD)",
        "url": "https://www.walmart.com/ip/Balto-3-Movie-Adventure-Pack-DVD/54651169",
        "price": "$9.94",
        "stars": "5.0",
        "ratings": "5 ",
        "img": "",
        "tags": [
            [
                "All Anime & Animation",
                "/browse/movies-tv-shows/all-anime-animation/4096_530598_530699_3849438"
            ],
            [
                "Animated Drama Movies",
                "/browse/movies-tv-shows/animated-drama-movies/4096_530598_530699_531380"
            ],
            [
                "Animation & Cartoons",
                "/browse/movies-tv-shows/animation-cartoons/4096_530598_530701_531395"
            ],
            [
                "Family Comedy Movies",
                "/browse/movies-tv-shows/family-comedy-movies/4096_530598_530701_531397"
            ],
            [
                "Family Drama Movies",
                "/browse/movies-tv-shows/family-drama-movies/4096_530598_530701_531398"
            ],
            [
                "Boxed Sets & Collections Movies & TV",
                "/browse/boxed-sets-collections-movies-tv/4096_5732611"
            ],
            [
                "All Children & Family Movies",
                "/browse/movies-tv-shows/all-children-family-movies/4096_530598_530701_9062682"
            ]
        ]
    },
    {
        "title": "The Golden Compass (DVD)",
        "url": "https://www.walmart.com/ip/The-Golden-Compass-DVD/8825540",
        "price": "$7.09",
        "stars": "4.6",
        "ratings": "10 ",
        "img": "",
        "tags": [
            [
                "All Anime & Animation",
                "/browse/movies-tv-shows/all-anime-animation/4096_530598_530699_3849438"
            ],
            [
                "Action Drama Movies",
                "/browse/movies-tv-shows/action-drama-movies/4096_530598_530698_45092"
            ],
            [
                "Animated Drama Movies",
                "/browse/movies-tv-shows/animated-drama-movies/4096_530598_530699_531380"
            ],
            [
                "Family Drama Movies",
                "/browse/movies-tv-shows/family-drama-movies/4096_530598_530701_531398"
            ],
            [
                "All Action & Adventure",
                "/browse/movies-tv-shows/all-action-adventure/4096_530598_530698_8354524"
            ],
            [
                "All Comedy",
                "/browse/movies-tv-shows/all-comedy/4096_530598_530703_8423591"
            ],
            [
                "Instawatch Movies",
                "/browse/movies-tv-shows/instawatch-movies/4096_1228693_9986038"
            ]
        ]
    },
    {
        "title": "Penelope (DVD)",
        "url": "https://www.walmart.com/ip/Penelope-DVD/10181789",
        "price": "$7.97",
        "stars": "4.8",
        "ratings": "29 ",
        "img": "",
        "tags": [
            [
                "Walmart Exclusives",
                "/browse/walmart-exclusives/4096_1095777"
            ],
            [
                "All Anime & Animation",
                "/browse/movies-tv-shows/all-anime-animation/4096_530598_530699_3849438"
            ],
            [
                "Family Drama Movies",
                "/browse/movies-tv-shows/family-drama-movies/4096_530598_530701_531398"
            ],
            [
                "All Sci-Fi & Fantasy",
                "/browse/movies-tv-shows/all-sci-fi-fantasy/4096_530598_530715_531581"
            ],
            [
                "DVD Movies",
                "/browse/movies-tv-shows/dvd-movies/4096_8073310_7001804"
            ],
            [
                "All Children & Family Movies",
                "/browse/movies-tv-shows/all-children-family-movies/4096_530598_530701_9062682"
            ],
            [
                "Harry Potter Movies",
                "/browse/harry-potter-movies/4096_9872761"
            ]
        ]
    },
    {
        "title": "Scoob! (4K Ultra HD + Blu-ray + Digital Copy)",
        "url": "https://www.walmart.com/ip/Scoob-4K-Ultra-HD-Blu-ray-Digital-Copy/602348854",
        "price": "$27.94",
        "stars": "4.4",
        "ratings": "5 ",
        "img": "",
        "tags": [
            [
                "Scooby Doo Movies",
                "/browse/movies-tv-shows/scooby-doo-movies/4096_530719_1057424_3812254"
            ],
            [
                "All Anime & Animation",
                "/browse/movies-tv-shows/all-anime-animation/4096_530598_530699_3849438"
            ],
            [
                "Animation 4K Ultra HD Movies",
                "/browse/movies-tv-shows/animation-4k-ultra-hd-movies/4096_3315790_4469172"
            ],
            [
                "All Horror Movies",
                "/browse/movies-tv-shows/all-horror-movies/4096_530598_530709_50716"
            ],
            [
                "Angry Birds Movies",
                "/browse/angry-birds-movies/4096_6661787"
            ],
            [
                "New Release Movies",
                "/browse/new-release-movies/4096_6942910"
            ],
            [
                "Action & Adventure 4K Ultra HD Movies",
                "/browse/movies-tv-shows/action-adventure-4k-ultra-hd-movies/4096_3315790_7246133"
            ],
            [
                "All Children & Family Movies",
                "/browse/movies-tv-shows/all-children-family-movies/4096_530598_530701_9062682"
            ]
        ]
    },
    {
        "title": "Valiant (DVD)",
        "url": "https://www.walmart.com/ip/Valiant-DVD/4321215",
        "price": "$4.99",
        "stars": "4.7",
        "ratings": "3 ",
        "img": "",
        "tags": [
            [
                "All Anime & Animation",
                "/browse/movies-tv-shows/all-anime-animation/4096_530598_530699_3849438"
            ],
            [
                "Animated Action Movies",
                "/browse/movies-tv-shows/animated-action-movies/4096_530598_530699_531378"
            ],
            [
                "Animated Drama Movies",
                "/browse/movies-tv-shows/animated-drama-movies/4096_530598_530699_531380"
            ],
            [
                "Animation & Cartoons",
                "/browse/movies-tv-shows/animation-cartoons/4096_530598_530701_531395"
            ],
            [
                "Family Drama Movies",
                "/browse/movies-tv-shows/family-drama-movies/4096_530598_530701_531398"
            ],
            [
                "DVD Movies",
                "/browse/movies-tv-shows/dvd-movies/4096_8073310_7001804"
            ],
            [
                "All Children & Family Movies",
                "/browse/movies-tv-shows/all-children-family-movies/4096_530598_530701_9062682"
            ],
            [
                "Instawatch Kids and Family Movies",
                "/browse/movies-tv-shows/instawatch-kids-family-movies/4096_1228693_9809738"
            ]
        ]
    },
    {
        "title": "Ella Enchanted (DVD)",
        "url": "https://www.walmart.com/ip/Ella-Enchanted-DVD/213784689",
        "price": "$9.27",
        "stars": "5.0",
        "ratings": "1 ",
        "img": "",
        "tags": []
    },
    {
        "title": "Toy Story That Time Forgot (Blu-ray)",
        "url": "https://www.walmart.com/ip/Toy-Story-That-Time-Forgot-Blu-ray/46429716",
        "price": "$8.49",
        "stars": "4.2",
        "ratings": "5 ",
        "img": "",
        "tags": [
            [
                "All Anime & Animation",
                "/browse/movies-tv-shows/all-anime-animation/4096_530598_530699_3849438"
            ],
            [
                "Animated Drama Movies",
                "/browse/movies-tv-shows/animated-drama-movies/4096_530598_530699_531380"
            ],
            [
                "Animation & Cartoons",
                "/browse/movies-tv-shows/animation-cartoons/4096_530598_530701_531395"
            ],
            [
                "Family Drama Movies",
                "/browse/movies-tv-shows/family-drama-movies/4096_530598_530701_531398"
            ],
            [
                "Animation",
                "/browse/movies-tv-shows/animation/4096_616859_617000"
            ],
            [
                "Children & Family",
                "/browse/movies-tv-shows/children-family/4096_616859_617001"
            ],
            [
                "Disney Pixar Movies",
                "/browse/movies-tv-shows/disney-pixar-movies/4096_1106153_7156393"
            ],
            [
                "All Children & Family Movies",
                "/browse/movies-tv-shows/all-children-family-movies/4096_530598_530701_9062682"
            ]
        ]
    },
    {
        "title": "Dr. Seuss' The Cat in the Hat / Dr. Seuss' How the Grinch Stole Christmas (DVD)",
        "url": "https://www.walmart.com/ip/Dr-Seuss-The-Cat-in-the-Hat-Dr-Seuss-How-the-Grinch-Stole-Christmas-DVD/419864583",
        "price": "$12.96",
        "stars": 0,
        "ratings": 0,
        "img": "",
        "tags": [
            [
                "Shop All Batman",
                "/browse/character-shop/shop-all-batman/5939293_1684020_7623847_1523220"
            ],
            [
                "The Grinch Clothing",
                "/browse/character-shop/the-grinch-clothing/5939293_9973064_4677344_2110290"
            ],
            [
                "The Grinch Shop All",
                "/browse/character-shop/the-grinch-shop-all/5939293_9973064_4677344_5443090"
            ],
            [
                "The Grinch Books",
                "/browse/character-shop/the-grinch-books/5939293_9973064_4677344_5682922"
            ],
            [
                "All Charlie Brown",
                "/browse/character-shop/all-charlie-brown/5939293_3537615_6949777"
            ],
            [
                "Shop All Superman",
                "/browse/character-shop/shop-all-superman/5939293_1684020_7192094_7449253"
            ],
            [
                "Superman Movies & TV Shoes",
                "/browse/character-shop/superman-movies-tv-shoes/5939293_1684020_7192094_9080273"
            ],
            [
                "The Grinch Toys",
                "/browse/character-shop/the-grinch-toys/5939293_9973064_4677344_9411802"
            ]
        ]
    },
    {
        "title": "Wallykazam (DVD)",
        "url": "https://www.walmart.com/ip/Wallykazam-DVD/43411106",
        "price": "$5.99",
        "stars": "4.4",
        "ratings": "14 ",
        "img": "",
        "tags": [
            [
                "Anime Comedy",
                "/browse/movies-tv-shows/anime-comedy/4096_530719_1010219_1010221"
            ],
            [
                "Anime for Children",
                "/browse/movies-tv-shows/anime-for-children/4096_530719_1010219_1010226"
            ],
            [
                "All Animation & Cartoons",
                "/browse/movies-tv-shows/all-animation-cartoons/4096_530719_1010219_1010227"
            ],
            [
                "Paw Patrol Movies",
                "/browse/paw-patrol-movies/4096_2901676"
            ],
            [
                "Family Cartoon Movies",
                "/browse/movies-tv-shows/family-cartoon-movies/4096_530598_530701_531385"
            ],
            [
                "Family Drama Movies",
                "/browse/movies-tv-shows/family-drama-movies/4096_530598_530701_531398"
            ],
            [
                "Nickelodeon",
                "/browse/movies-tv-shows/nickelodeon/4096_530719_1046279_531666"
            ],
            [
                "Holiday Movies",
                "/browse/holiday-movies/4096_8637693"
            ]
        ]
    },
    {
        "title": "Jack the Giant Slayer (DVD)",
        "url": "https://www.walmart.com/ip/Jack-the-Giant-Slayer-DVD/24230322",
        "price": "$5.99",
        "stars": "4.2",
        "ratings": "9 ",
        "img": "",
        "tags": [
            [
                "Instawatch Sci-Fi & Fantasy Movies",
                "/browse/movies-tv-shows/instawatch-sci-fi-fantasy-movies/4096_1228693_2690275"
            ],
            [
                "Action Romance",
                "/browse/movies-tv-shows/action-romance/4096_530598_530698_50698"
            ],
            [
                "Adventure Movies",
                "/browse/movies-tv-shows/adventure-movies/4096_530598_530701_531392"
            ],
            [
                "Action",
                "/browse/movies-tv-shows/action/4096_530598_530715_531575"
            ],
            [
                "All Sci-Fi & Fantasy",
                "/browse/movies-tv-shows/all-sci-fi-fantasy/4096_530598_530715_531581"
            ],
            [
                "Instawatch Action & Adventure Movies",
                "/browse/movies-tv-shows/instawatch-action-adventure-movies/4096_1228693_6761985"
            ],
            [
                "All Comedy",
                "/browse/movies-tv-shows/all-comedy/4096_530598_530703_8423591"
            ],
            [
                "Instawatch Kids and Family Movies",
                "/browse/movies-tv-shows/instawatch-kids-family-movies/4096_1228693_9809738"
            ]
        ]
    }
]