[
    {
        "title": "Northpole: Open for Christmas (DVD)",
        "url": "https://www.walmart.com/ip/Northpole-Open-for-Christmas-DVD/54500525",
        "price": "$7.59",
        "stars": "4.6",
        "ratings": "8 ",
        "img": "",
        "tags": [
            [
                "Walmart Exclusives",
                "/browse/walmart-exclusives/4096_1095777"
            ],
            [
                "Hallmark Channel",
                "/browse/movies-tv-shows/hallmark-channel/4096_530719_1046279_3102459"
            ],
            [
                "Action Drama Movies",
                "/browse/movies-tv-shows/action-drama-movies/4096_530598_530698_45092"
            ],
            [
                "Romantic",
                "/browse/movies-tv-shows/romantic/4096_530598_530705_531449"
            ],
            [
                "All Romance",
                "/browse/movies-tv-shows/all-romance/4096_530598_530714_531571"
            ],
            [
                "Western",
                "/browse/movies-tv-shows/western/4096_530598_530721_7610094"
            ],
            [
                "All Comedy",
                "/browse/movies-tv-shows/all-comedy/4096_530598_530703_8423591"
            ],
            [
                "Holiday Movies",
                "/browse/holiday-movies/4096_8637693"
            ]
        ]
    },
    {
        "title": "Alvin and the Chipmunks: Chipwrecked (DVD)",
        "url": "https://www.walmart.com/ip/Alvin-and-the-Chipmunks-Chipwrecked-DVD/19766276",
        "price": "$5.99",
        "stars": "4.9",
        "ratings": "28 ",
        "img": "",
        "tags": [
            [
                "All Anime & Animation",
                "/browse/movies-tv-shows/all-anime-animation/4096_530598_530699_3849438"
            ],
            [
                "Animated Drama Movies",
                "/browse/movies-tv-shows/animated-drama-movies/4096_530598_530699_531380"
            ],
            [
                "Animation & Cartoons",
                "/browse/movies-tv-shows/animation-cartoons/4096_530598_530701_531395"
            ],
            [
                "Family Drama Movies",
                "/browse/movies-tv-shows/family-drama-movies/4096_530598_530701_531398"
            ],
            [
                "All Comedy",
                "/browse/movies-tv-shows/all-comedy/4096_530598_530703_8423591"
            ],
            [
                "All Children & Family Movies",
                "/browse/movies-tv-shows/all-children-family-movies/4096_530598_530701_9062682"
            ],
            [
                "Instawatch Kids and Family Movies",
                "/browse/movies-tv-shows/instawatch-kids-family-movies/4096_1228693_9809738"
            ]
        ]
    },
    {
        "title": "The Black Cauldron (DVD)",
        "url": "https://www.walmart.com/ip/The-Black-Cauldron-DVD/14673959",
        "price": "$9.99",
        "stars": "4.7",
        "ratings": "12 ",
        "img": "",
        "tags": [
            [
                "Other Halloween Accessories",
                "/browse/party-occasions/other-halloween-accessories/2637_615760_1087251_1087065"
            ],
            [
                "Trick-or-Treat Bags",
                "/browse/party-occasions/trick-treat-bags/2637_615760_1087431"
            ],
            [
                "Halloween Masks",
                "/browse/party-occasions/halloween-masks/2637_615760_1087251_1107153"
            ],
            [
                "Halloween Baking & Cooking Supplies",
                "/browse/party-occasions/halloween-baking-cooking-supplies/2637_615760_1073684_1227874"
            ],
            [
                "Witch Costumes",
                "/browse/party-occasions/witch-costumes/2637_615760_1088766_1054059_4184691_1997918"
            ],
            [
                "Scary Costumes",
                "/browse/party-occasions/scary-costumes/2637_615760_1088766_2327096_4882150"
            ],
            [
                "Other Men's Halloween Costumes",
                "/browse/party-occasions/other-mens-halloween-costumes/2637_615760_1088766_1054059_7955173_615799"
            ],
            [
                "Halloween Party Tableware",
                "/browse/party-occasions/halloween-party-tableware/2637_1042319_6339104_8922081"
            ]
        ]
    },
    {
        "title": "Blue's Clues And You! Caring With Blue (DVD)",
        "url": "https://www.walmart.com/ip/Blue-s-Clues-And-You-Caring-With-Blue-DVD/773730170",
        "price": "$9.96",
        "stars": 0,
        "ratings": 0,
        "img": "",
        "tags": []
    },
    {
        "title": "Little House on the Prairie: Legacy Movie Collection (DVD)",
        "url": "https://www.walmart.com/ip/Little-House-on-the-Prairie-Legacy-Movie-Collection-DVD/53801654",
        "price": "$9.99",
        "stars": "4.2",
        "ratings": "11 ",
        "img": "",
        "tags": [
            [
                "Family Drama Movies",
                "/browse/movies-tv-shows/family-drama-movies/4096_530598_530701_531398"
            ],
            [
                "Classics TV Shows",
                "/browse/movies-tv-shows/classics-tv-shows/4096_530719_531640"
            ],
            [
                "Drama TV Shows",
                "/browse/movies-tv-shows/drama-tv-shows/4096_530719_531643"
            ],
            [
                "Instawatch Drama Movies",
                "/browse/movies-tv-shows/instawatch-drama-movies/4096_1228693_5351589"
            ],
            [
                "Boxed Sets & Collections Movies & TV",
                "/browse/boxed-sets-collections-movies-tv/4096_5732611"
            ],
            [
                "Television",
                "/browse/movies-tv-shows/television/4096_616859_617022"
            ],
            [
                "All Children & Family Movies",
                "/browse/movies-tv-shows/all-children-family-movies/4096_530598_530701_9062682"
            ],
            [
                "Instawatch Kids and Family Movies",
                "/browse/movies-tv-shows/instawatch-kids-family-movies/4096_1228693_9809738"
            ]
        ]
    },
    {
        "title": "Tall Tale: The Unbelieveable Adventure (DVD)",
        "url": "https://www.walmart.com/ip/Tall-Tale-The-Unbelieveable-Adventure-DVD/10208727",
        "price": "$9.99",
        "stars": "4.9",
        "ratings": "16 ",
        "img": "",
        "tags": [
            [
                "All Anime & Animation",
                "/browse/movies-tv-shows/all-anime-animation/4096_530598_530699_3849438"
            ],
            [
                "Animated Drama Movies",
                "/browse/movies-tv-shows/animated-drama-movies/4096_530598_530699_531380"
            ],
            [
                "Family Classic Movies",
                "/browse/movies-tv-shows/family-classic-movies/4096_530598_530701_531396"
            ],
            [
                "Family Drama Movies",
                "/browse/movies-tv-shows/family-drama-movies/4096_530598_530701_531398"
            ],
            [
                "DVD Movies",
                "/browse/movies-tv-shows/dvd-movies/4096_8073310_7001804"
            ],
            [
                "Western",
                "/browse/movies-tv-shows/western/4096_530598_530721_7610094"
            ],
            [
                "All Children & Family Movies",
                "/browse/movies-tv-shows/all-children-family-movies/4096_530598_530701_9062682"
            ]
        ]
    },
    {
        "title": "The Many Adventures of Winnie the Pooh (Blu-ray + DVD + Digital Copy)",
        "url": "https://www.walmart.com/ip/The-Many-Adventures-of-Winnie-the-Pooh-Blu-ray-DVD-Digital-Copy/24543396",
        "price": "$13.99",
        "stars": "5.0",
        "ratings": "13 ",
        "img": "",
        "tags": [
            [
                "Disney Princess Movies",
                "/browse/movies-tv-shows/disney-princess-movies/4096_1106153_1106154"
            ],
            [
                "All Anime & Animation",
                "/browse/movies-tv-shows/all-anime-animation/4096_530598_530699_3849438"
            ],
            [
                "Animated Drama Movies",
                "/browse/movies-tv-shows/animated-drama-movies/4096_530598_530699_531380"
            ],
            [
                "Animation & Cartoons",
                "/browse/movies-tv-shows/animation-cartoons/4096_530598_530701_531395"
            ],
            [
                "Family Drama Movies",
                "/browse/movies-tv-shows/family-drama-movies/4096_530598_530701_531398"
            ],
            [
                "Children & Family",
                "/browse/movies-tv-shows/children-family/4096_616859_617001"
            ],
            [
                "Disney Pixar Movies",
                "/browse/movies-tv-shows/disney-pixar-movies/4096_1106153_7156393"
            ],
            [
                "All Children & Family Movies",
                "/browse/movies-tv-shows/all-children-family-movies/4096_530598_530701_9062682"
            ]
        ]
    },
    {
        "title": "The Hunchback of Notre Dame (DVD)",
        "url": "https://www.walmart.com/ip/The-Hunchback-of-Notre-Dame-DVD/1763837",
        "price": "$9.99",
        "stars": "4.8",
        "ratings": "25 ",
        "img": "",
        "tags": [
            [
                "Disney Princess Movies",
                "/browse/movies-tv-shows/disney-princess-movies/4096_1106153_1106154"
            ],
            [
                "All Anime & Animation",
                "/browse/movies-tv-shows/all-anime-animation/4096_530598_530699_3849438"
            ],
            [
                "Animated Drama Movies",
                "/browse/movies-tv-shows/animated-drama-movies/4096_530598_530699_531380"
            ],
            [
                "Animation & Cartoons",
                "/browse/movies-tv-shows/animation-cartoons/4096_530598_530701_531395"
            ],
            [
                "Family Classic Movies",
                "/browse/movies-tv-shows/family-classic-movies/4096_530598_530701_531396"
            ],
            [
                "Family Drama Movies",
                "/browse/movies-tv-shows/family-drama-movies/4096_530598_530701_531398"
            ],
            [
                "Children & Family",
                "/browse/movies-tv-shows/children-family/4096_616859_617001"
            ],
            [
                "All Children & Family Movies",
                "/browse/movies-tv-shows/all-children-family-movies/4096_530598_530701_9062682"
            ]
        ]
    },
    {
        "title": "Mission Celebration (DVD)",
        "url": "https://www.walmart.com/ip/Mission-Celebration-DVD/5005757",
        "price": "$4.93",
        "stars": "4.9",
        "ratings": "18 ",
        "img": "",
        "tags": [
            [
                "Anime Comedy",
                "/browse/movies-tv-shows/anime-comedy/4096_530719_1010219_1010221"
            ],
            [
                "Anime for Children",
                "/browse/movies-tv-shows/anime-for-children/4096_530719_1010219_1010226"
            ],
            [
                "All Animation & Cartoons",
                "/browse/movies-tv-shows/all-animation-cartoons/4096_530719_1010219_1010227"
            ],
            [
                "Animated Drama Movies",
                "/browse/movies-tv-shows/animated-drama-movies/4096_530598_530699_531380"
            ],
            [
                "Adventure Movies",
                "/browse/movies-tv-shows/adventure-movies/4096_530598_530701_531392"
            ],
            [
                "Family Drama Movies",
                "/browse/movies-tv-shows/family-drama-movies/4096_530598_530701_531398"
            ],
            [
                "Educational",
                "/browse/movies-tv-shows/educational/4096_530719_530716_531595"
            ],
            [
                "Nickelodeon",
                "/browse/movies-tv-shows/nickelodeon/4096_530719_1046279_531666"
            ]
        ]
    },
    {
        "title": "Christopher Robin (Blu-ray + DVD + Digital Copy)",
        "url": "https://www.walmart.com/ip/Christopher-Robin-Blu-ray-DVD-Digital-Copy/752333664",
        "price": "$7.96",
        "stars": "5.0",
        "ratings": "7 ",
        "img": "",
        "tags": [
            [
                "Walmart Exclusives",
                "/browse/walmart-exclusives/4096_1095777"
            ],
            [
                "Steelbook Movies & TV Shows",
                "/browse/steelbook-movies-tv-shows/4096_1898233"
            ],
            [
                "Animation & Cartoons",
                "/browse/movies-tv-shows/animation-cartoons/4096_530598_530701_531395"
            ],
            [
                "Family Drama Movies",
                "/browse/movies-tv-shows/family-drama-movies/4096_530598_530701_531398"
            ],
            [
                "Family Sci-Fi & Fantasy Movies",
                "/browse/movies-tv-shows/family-sci-fi-fantasy-movies/4096_530598_530701_531399"
            ],
            [
                "Marvel Movies",
                "/browse/marvel-movies/4096_7331601"
            ],
            [
                "Harry Potter Movies",
                "/browse/harry-potter-movies/4096_9872761"
            ]
        ]
    }
]