[
    {
        "title": "The Journey of Natty Gann (DVD)",
        "url": "https://www.walmart.com/ip/The-Journey-of-Natty-Gann-DVD/1942862",
        "price": "$9.75",
        "stars": "4.9",
        "ratings": "19 ",
        "img": "",
        "tags": [
            [
                "All Anime & Animation",
                "/browse/movies-tv-shows/all-anime-animation/4096_530598_530699_3849438"
            ],
            [
                "Action Drama Movies",
                "/browse/movies-tv-shows/action-drama-movies/4096_530598_530698_45092"
            ],
            [
                "Animated Drama Movies",
                "/browse/movies-tv-shows/animated-drama-movies/4096_530598_530699_531380"
            ],
            [
                "Family Classic Movies",
                "/browse/movies-tv-shows/family-classic-movies/4096_530598_530701_531396"
            ],
            [
                "Family Drama Movies",
                "/browse/movies-tv-shows/family-drama-movies/4096_530598_530701_531398"
            ],
            [
                "DVD Movies",
                "/browse/movies-tv-shows/dvd-movies/4096_8073310_7001804"
            ],
            [
                "Western",
                "/browse/movies-tv-shows/western/4096_530598_530721_7610094"
            ],
            [
                "All Children & Family Movies",
                "/browse/movies-tv-shows/all-children-family-movies/4096_530598_530701_9062682"
            ]
        ]
    },
    {
        "title": "King Arthur (Director's Cut) (Unrated) (Blu-ray)",
        "url": "https://www.walmart.com/ip/King-Arthur-Director-s-Cut-Unrated-Blu-ray/5662685",
        "price": "$11.20",
        "stars": "4.9",
        "ratings": "7 ",
        "img": "",
        "tags": [
            [
                "Action Drama Movies",
                "/browse/movies-tv-shows/action-drama-movies/4096_530598_530698_45092"
            ],
            [
                "Action",
                "/browse/movies-tv-shows/action/4096_530598_530715_531575"
            ],
            [
                "All Sci-Fi & Fantasy",
                "/browse/movies-tv-shows/all-sci-fi-fantasy/4096_530598_530715_531581"
            ],
            [
                "Action & Adventure",
                "/browse/movies-tv-shows/action-adventure/4096_616859_616999"
            ],
            [
                "DVD Movies",
                "/browse/movies-tv-shows/dvd-movies/4096_8073310_7001804"
            ],
            [
                "All Action & Adventure",
                "/browse/movies-tv-shows/all-action-adventure/4096_530598_530698_8354524"
            ]
        ]
    },
    {
        "title": "Peanuts Holiday Collection (Blu-ray + DVD)",
        "url": "https://www.walmart.com/ip/Peanuts-Holiday-Collection-Blu-ray-DVD/372711663",
        "price": "$30.45",
        "stars": 0,
        "ratings": 0,
        "img": "i5.walmartimages.com/asr/a0af2430-a5b0-491c-85b3-266477cc4315.2dd37374cf9307ec9de7ce82e01137e7.jpeg?odnWidth=612&odnHeight=612&odnBg=ffffff",
        "tags": []
    },
    {
        "title": "X-Men: First Class (DVD)",
        "url": "https://www.walmart.com/ip/X-Men-First-Class-DVD/17038199",
        "price": "$9.99",
        "stars": "4.5",
        "ratings": "20 ",
        "img": "",
        "tags": [
            [
                "Action Drama Movies",
                "/browse/movies-tv-shows/action-drama-movies/4096_530598_530698_45092"
            ],
            [
                "Action Romance",
                "/browse/movies-tv-shows/action-romance/4096_530598_530698_50698"
            ],
            [
                "Action",
                "/browse/movies-tv-shows/action/4096_530598_530715_531575"
            ],
            [
                "All Sci-Fi & Fantasy",
                "/browse/movies-tv-shows/all-sci-fi-fantasy/4096_530598_530715_531581"
            ],
            [
                "Instawatch Action & Adventure Movies",
                "/browse/movies-tv-shows/instawatch-action-adventure-movies/4096_1228693_6761985"
            ],
            [
                "Marvel Movies",
                "/browse/marvel-movies/4096_7331601"
            ],
            [
                "All Action & Adventure",
                "/browse/movies-tv-shows/all-action-adventure/4096_530598_530698_8354524"
            ]
        ]
    },
    {
        "title": "That Darn Cat / That Darn Cat (DVD)",
        "url": "https://www.walmart.com/ip/That-Darn-Cat-That-Darn-Cat-DVD/10818859",
        "price": "$13.91",
        "stars": "4.3",
        "ratings": "3 ",
        "img": "",
        "tags": [
            [
                "Anime Drama",
                "/browse/movies-tv-shows/anime-drama/4096_530719_1010219_1010222"
            ],
            [
                "Animated Drama Movies",
                "/browse/movies-tv-shows/animated-drama-movies/4096_530598_530699_531380"
            ],
            [
                "Family Classic Movies",
                "/browse/movies-tv-shows/family-classic-movies/4096_530598_530701_531396"
            ],
            [
                "Family Comedy Movies",
                "/browse/movies-tv-shows/family-comedy-movies/4096_530598_530701_531397"
            ],
            [
                "Family Drama Movies",
                "/browse/movies-tv-shows/family-drama-movies/4096_530598_530701_531398"
            ],
            [
                "DVD Movies",
                "/browse/movies-tv-shows/dvd-movies/4096_8073310_7001804"
            ],
            [
                "All Children & Family Movies",
                "/browse/movies-tv-shows/all-children-family-movies/4096_530598_530701_9062682"
            ],
            [
                "All Classics",
                "/browse/movies-tv-shows/all-classics/4096_530598_530702_9070202"
            ]
        ]
    },
    {
        "title": "Batman: Assault on Arkham (Blu-ray + DVD + Digital Copy)",
        "url": "https://www.walmart.com/ip/Batman-Assault-on-Arkham-Blu-ray-DVD-Digital-Copy/37578239",
        "price": "$12.99",
        "stars": "5.0",
        "ratings": "3 ",
        "img": "",
        "tags": [
            [
                "All 4K Ultra HD Movies",
                "/browse/movies-tv-shows/all-4k-ultra-hd-movies/4096_3315790_1172214"
            ],
            [
                "Instawatch Animation Movies",
                "/browse/movies-tv-shows/instawatch-animation-movies/4096_1228693_3169926"
            ],
            [
                "Animation 4K Ultra HD Movies",
                "/browse/movies-tv-shows/animation-4k-ultra-hd-movies/4096_3315790_4469172"
            ],
            [
                "Animated Action Movies",
                "/browse/movies-tv-shows/animated-action-movies/4096_530598_530699_531378"
            ],
            [
                "Animated Drama Movies",
                "/browse/movies-tv-shows/animated-drama-movies/4096_530598_530699_531380"
            ],
            [
                "Batman Movies",
                "/browse/movies-tv-shows/batman-movies/4096_8324305_6569663"
            ],
            [
                "Wonder Woman Movies & TV Shows",
                "/browse/wonder-woman-movies-tv-shows/4096_6604915"
            ],
            [
                "Instawatch Action & Adventure Movies",
                "/browse/movies-tv-shows/instawatch-action-adventure-movies/4096_1228693_6761985"
            ]
        ]
    },
    {
        "title": "Xiaolin Showdown: The Complete Second Season (DVD)",
        "url": "https://www.walmart.com/ip/Xiaolin-Showdown-The-Complete-Second-Season-DVD/55350861",
        "price": "$23.64",
        "stars": 0,
        "ratings": 0,
        "img": "",
        "tags": [
            [
                "Anime Action",
                "/browse/movies-tv-shows/anime-action/4096_530719_1010219_1010220"
            ],
            [
                "Anime for Children",
                "/browse/movies-tv-shows/anime-for-children/4096_530719_1010219_1010226"
            ],
            [
                "All Animation & Cartoons",
                "/browse/movies-tv-shows/all-animation-cartoons/4096_530719_1010219_1010227"
            ],
            [
                "Paw Patrol Movies",
                "/browse/paw-patrol-movies/4096_2901676"
            ],
            [
                "Instawatch Animation Movies",
                "/browse/movies-tv-shows/instawatch-animation-movies/4096_1228693_3169926"
            ],
            [
                "Scooby Doo Movies",
                "/browse/movies-tv-shows/scooby-doo-movies/4096_530719_1057424_3812254"
            ],
            [
                "All Anime & Animation",
                "/browse/movies-tv-shows/all-anime-animation/4096_530598_530699_3849438"
            ],
            [
                "Animated Drama Movies",
                "/browse/movies-tv-shows/animated-drama-movies/4096_530598_530699_531380"
            ]
        ]
    },
    {
        "title": "Teen Titans: Trouble in Tokyo (DVD)",
        "url": "https://www.walmart.com/ip/Teen-Titans-Trouble-in-Tokyo-DVD/5359034",
        "price": "$14.99",
        "stars": "4.8",
        "ratings": "4 ",
        "img": "",
        "tags": [
            [
                "Anime Action",
                "/browse/movies-tv-shows/anime-action/4096_530719_1010219_1010220"
            ],
            [
                "Anime Comedy",
                "/browse/movies-tv-shows/anime-comedy/4096_530719_1010219_1010221"
            ],
            [
                "All Animation & Cartoons",
                "/browse/movies-tv-shows/all-animation-cartoons/4096_530719_1010219_1010227"
            ],
            [
                "Instawatch Animation Movies",
                "/browse/movies-tv-shows/instawatch-animation-movies/4096_1228693_3169926"
            ],
            [
                "All Anime & Animation",
                "/browse/movies-tv-shows/all-anime-animation/4096_530598_530699_3849438"
            ],
            [
                "Action Drama Movies",
                "/browse/movies-tv-shows/action-drama-movies/4096_530598_530698_45092"
            ],
            [
                "Action & Adventure TV Shows",
                "/browse/movies-tv-shows/action-adventure-tv-shows/4096_530719_531638"
            ],
            [
                "Boxed Sets & Collections Movies & TV",
                "/browse/boxed-sets-collections-movies-tv/4096_5732611"
            ]
        ]
    },
    {
        "title": "Vault Disney Collection: The Black Hole (Other)",
        "url": "https://www.walmart.com/ip/Vault-Disney-Collection-The-Black-Hole-Other/2595022",
        "price": "$4.99",
        "stars": "4.4",
        "ratings": "18 ",
        "img": "",
        "tags": [
            [
                "Instawatch Sci-Fi & Fantasy Movies",
                "/browse/movies-tv-shows/instawatch-sci-fi-fantasy-movies/4096_1228693_2690275"
            ],
            [
                "Action Drama Movies",
                "/browse/movies-tv-shows/action-drama-movies/4096_530598_530698_45092"
            ],
            [
                "Adventure Movies",
                "/browse/movies-tv-shows/adventure-movies/4096_530598_530701_531392"
            ],
            [
                "Family Drama Movies",
                "/browse/movies-tv-shows/family-drama-movies/4096_530598_530701_531398"
            ],
            [
                "Action",
                "/browse/movies-tv-shows/action/4096_530598_530715_531575"
            ],
            [
                "All Sci-Fi & Fantasy",
                "/browse/movies-tv-shows/all-sci-fi-fantasy/4096_530598_530715_531581"
            ],
            [
                "Sci-Fi & Fantasy",
                "/browse/movies-tv-shows/sci-fi-fantasy/4096_616859_617014"
            ],
            [
                "All Children & Family Movies",
                "/browse/movies-tv-shows/all-children-family-movies/4096_530598_530701_9062682"
            ]
        ]
    },
    {
        "title": "Naruto Shippuden Uncut Set 21 (DVD)",
        "url": "https://www.walmart.com/ip/Naruto-Shippuden-Uncut-Set-21-DVD/42098431",
        "price": "$25.22",
        "stars": "4.5",
        "ratings": "2 ",
        "img": "",
        "tags": [
            [
                "Anime Action",
                "/browse/movies-tv-shows/anime-action/4096_530719_1010219_1010220"
            ],
            [
                "All Animation & Cartoons",
                "/browse/movies-tv-shows/all-animation-cartoons/4096_530719_1010219_1010227"
            ],
            [
                "Anime Movies & TV Shows",
                "/browse/anime-movies-tv-shows/4096_4605228"
            ],
            [
                "Animated Action Movies",
                "/browse/movies-tv-shows/animated-action-movies/4096_530598_530699_531378"
            ],
            [
                "Animated Comedy Movies",
                "/browse/movies-tv-shows/animated-comedy-movies/4096_530598_530699_531379"
            ],
            [
                "Japanese Movies",
                "/browse/movies-tv-shows/japanese-movies/4096_530598_530706_531504"
            ],
            [
                "Action & Adventure TV Shows",
                "/browse/movies-tv-shows/action-adventure-tv-shows/4096_530719_531638"
            ],
            [
                "All Foreign Films",
                "/browse/movies-tv-shows/all-foreign-films/4096_530598_530706_8303015"
            ]
        ]
    }
]