[
    {
        "title": "The Hobbit: The Desolation of Smaug (Blu-ray + DVD + Digital Copy)",
        "url": "https://www.walmart.com/ip/The-Hobbit-The-Desolation-of-Smaug-Blu-ray-DVD-Digital-Copy/45975926",
        "price": "$8.96",
        "stars": "3.8",
        "ratings": "5 ",
        "img": "",
        "tags": [
            [
                "Instawatch Sci-Fi & Fantasy Movies",
                "/browse/movies-tv-shows/instawatch-sci-fi-fantasy-movies/4096_1228693_2690275"
            ],
            [
                "Action Drama Movies",
                "/browse/movies-tv-shows/action-drama-movies/4096_530598_530698_45092"
            ],
            [
                "Action Romance",
                "/browse/movies-tv-shows/action-romance/4096_530598_530698_50698"
            ],
            [
                "Classic Action Movies",
                "/browse/movies-tv-shows/classic-action-movies/4096_530598_530698_531367"
            ],
            [
                "Action",
                "/browse/movies-tv-shows/action/4096_530598_530715_531575"
            ],
            [
                "Instawatch Action & Adventure Movies",
                "/browse/movies-tv-shows/instawatch-action-adventure-movies/4096_1228693_6761985"
            ],
            [
                "All Action & Adventure",
                "/browse/movies-tv-shows/all-action-adventure/4096_530598_530698_8354524"
            ],
            [
                "All Classics",
                "/browse/movies-tv-shows/all-classics/4096_530598_530702_9070202"
            ]
        ]
    },
    {
        "title": "Snow White & the Huntsman / The Huntsman: Winter's War: 2- Movie Collection (DVD)",
        "url": "https://www.walmart.com/ip/Snow-White-the-Huntsman-The-Huntsman-Winter-s-War-2-Movie-Collection-DVD/55383615",
        "price": "$9.96",
        "stars": "4.2",
        "ratings": "10 ",
        "img": "",
        "tags": [
            [
                "Instawatch Sci-Fi & Fantasy Movies",
                "/browse/movies-tv-shows/instawatch-sci-fi-fantasy-movies/4096_1228693_2690275"
            ],
            [
                "Action Romance",
                "/browse/movies-tv-shows/action-romance/4096_530598_530698_50698"
            ],
            [
                "All Horror Movies",
                "/browse/movies-tv-shows/all-horror-movies/4096_530598_530709_50716"
            ],
            [
                "Family Sci-Fi & Fantasy Movies",
                "/browse/movies-tv-shows/family-sci-fi-fantasy-movies/4096_530598_530701_531399"
            ],
            [
                "Action",
                "/browse/movies-tv-shows/action/4096_530598_530715_531575"
            ],
            [
                "Instawatch Action & Adventure Movies",
                "/browse/movies-tv-shows/instawatch-action-adventure-movies/4096_1228693_6761985"
            ],
            [
                "All Action & Adventure",
                "/browse/movies-tv-shows/all-action-adventure/4096_530598_530698_8354524"
            ]
        ]
    },
    {
        "title": "The Crow Triple Feature (DVD)",
        "url": "https://www.walmart.com/ip/The-Crow-Triple-Feature-DVD/874283295",
        "price": "$12.96",
        "stars": 0,
        "ratings": 0,
        "img": "",
        "tags": []
    },
    {
        "title": "The Wolf Man: Complete Legacy Collection (DVD)",
        "url": "https://www.walmart.com/ip/The-Wolf-Man-Complete-Legacy-Collection-DVD/46429990",
        "price": "$21.20",
        "stars": "5.0",
        "ratings": "3 ",
        "img": "",
        "tags": [
            [
                "Martial Art Movies",
                "/browse/movies-tv-shows/martial-art-movies/4096_530598_530698_531372"
            ],
            [
                "Animated Drama Movies",
                "/browse/movies-tv-shows/animated-drama-movies/4096_530598_530699_531380"
            ],
            [
                "Family Drama Movies",
                "/browse/movies-tv-shows/family-drama-movies/4096_530598_530701_531398"
            ],
            [
                "Classic Comedies",
                "/browse/movies-tv-shows/classic-comedies/4096_530598_530702_531409"
            ],
            [
                "Classic Horror Movies",
                "/browse/movies-tv-shows/classic-horror-movies/4096_530598_530709_531534"
            ],
            [
                "Classic Sci-Fi",
                "/browse/movies-tv-shows/classic-sci-fi/4096_530598_530715_531578"
            ],
            [
                "DVD Movies",
                "/browse/movies-tv-shows/dvd-movies/4096_8073310_7001804"
            ],
            [
                "All Classics",
                "/browse/movies-tv-shows/all-classics/4096_530598_530702_9070202"
            ]
        ]
    },
    {
        "title": "Road Warrior & Mad Max: Beyond Thunderdome Double Feature (DVD)",
        "url": "https://www.walmart.com/ip/Road-Warrior-Mad-Max-Beyond-Thunderdome-Double-Feature-DVD/5662684",
        "price": "$6.89",
        "stars": "5.0",
        "ratings": "8 ",
        "img": "",
        "tags": [
            [
                "Instawatch Sci-Fi & Fantasy Movies",
                "/browse/movies-tv-shows/instawatch-sci-fi-fantasy-movies/4096_1228693_2690275"
            ],
            [
                "Action Romance",
                "/browse/movies-tv-shows/action-romance/4096_530598_530698_50698"
            ],
            [
                "Action",
                "/browse/movies-tv-shows/action/4096_530598_530715_531575"
            ],
            [
                "Action & Adventure",
                "/browse/movies-tv-shows/action-adventure/4096_616859_616999"
            ],
            [
                "DVD Movies",
                "/browse/movies-tv-shows/dvd-movies/4096_8073310_7001804"
            ],
            [
                "All Action & Adventure",
                "/browse/movies-tv-shows/all-action-adventure/4096_530598_530698_8354524"
            ],
            [
                "Terminator Movies",
                "/browse/terminator-movies/4096_8769103"
            ],
            [
                "Instawatch Movies",
                "/browse/movies-tv-shows/instawatch-movies/4096_1228693_9986038"
            ]
        ]
    },
    {
        "title": "Masters of the Universe: 25th Anniversary (Blu-ray)",
        "url": "https://www.walmart.com/ip/Masters-of-the-Universe-25th-Anniversary-Blu-ray/21082101",
        "price": "$14.99",
        "stars": "4.9",
        "ratings": "10 ",
        "img": "",
        "tags": [
            [
                "Jurassic Park Movies",
                "/browse/jurassic-park-movies/4096_1229471"
            ],
            [
                "Instawatch Sci-Fi & Fantasy Movies",
                "/browse/movies-tv-shows/instawatch-sci-fi-fantasy-movies/4096_1228693_2690275"
            ],
            [
                "Action Drama Movies",
                "/browse/movies-tv-shows/action-drama-movies/4096_530598_530698_45092"
            ],
            [
                "Jurassic World Movies",
                "/browse/jurassic-world-movies/4096_5158093"
            ],
            [
                "All Sci-Fi & Fantasy",
                "/browse/movies-tv-shows/all-sci-fi-fantasy/4096_530598_530715_531581"
            ],
            [
                "All Music & Performance",
                "/browse/movies-tv-shows/all-music-performance/4096_530598_530712_5576968"
            ],
            [
                "Marvel Movies",
                "/browse/marvel-movies/4096_7331601"
            ],
            [
                "All Children & Family Movies",
                "/browse/movies-tv-shows/all-children-family-movies/4096_530598_530701_9062682"
            ]
        ]
    },
    {
        "title": "Bumblebee (DVD)",
        "url": "https://www.walmart.com/ip/Bumblebee-DVD/396814778",
        "price": "$9.96",
        "stars": "4.5",
        "ratings": "30 ",
        "img": "",
        "tags": [
            [
                "Transformers Movies & TV Shows",
                "/browse/transformers-movies-tv-shows/4096_1510593"
            ],
            [
                "Instawatch Sci-Fi & Fantasy Movies",
                "/browse/movies-tv-shows/instawatch-sci-fi-fantasy-movies/4096_1228693_2690275"
            ],
            [
                "New DVD Releases",
                "/browse/new-dvd-releases/4096_4262082"
            ],
            [
                "Action Drama Movies",
                "/browse/movies-tv-shows/action-drama-movies/4096_530598_530698_45092"
            ],
            [
                "Action",
                "/browse/movies-tv-shows/action/4096_530598_530715_531575"
            ],
            [
                "Marvel Movies",
                "/browse/marvel-movies/4096_7331601"
            ],
            [
                "All Action & Adventure",
                "/browse/movies-tv-shows/all-action-adventure/4096_530598_530698_8354524"
            ]
        ]
    },
    {
        "title": "Waterworld (DVD + Digital Copy)",
        "url": "https://www.walmart.com/ip/Waterworld-DVD-Digital-Copy/19585569",
        "price": "$7.99",
        "stars": "4.8",
        "ratings": "14 ",
        "img": "",
        "tags": [
            [
                "All Anime & Animation",
                "/browse/movies-tv-shows/all-anime-animation/4096_530598_530699_3849438"
            ],
            [
                "Action Drama Movies",
                "/browse/movies-tv-shows/action-drama-movies/4096_530598_530698_45092"
            ],
            [
                "Animated Drama Movies",
                "/browse/movies-tv-shows/animated-drama-movies/4096_530598_530699_531380"
            ],
            [
                "Romantic",
                "/browse/movies-tv-shows/romantic/4096_530598_530705_531449"
            ],
            [
                "All Sci-Fi & Fantasy",
                "/browse/movies-tv-shows/all-sci-fi-fantasy/4096_530598_530715_531581"
            ],
            [
                "DVD Movies",
                "/browse/movies-tv-shows/dvd-movies/4096_8073310_7001804"
            ],
            [
                "Western",
                "/browse/movies-tv-shows/western/4096_530598_530721_7610094"
            ],
            [
                "All Action & Adventure",
                "/browse/movies-tv-shows/all-action-adventure/4096_530598_530698_8354524"
            ]
        ]
    },
    {
        "title": "Alita: Battle Angel (Blu-ray + DVD + Digital Copy)",
        "url": "https://www.walmart.com/ip/Alita-Battle-Angel-Blu-ray-DVD-Digital-Copy/833241492",
        "price": "$20.54",
        "stars": "4.9",
        "ratings": "21 ",
        "img": "",
        "tags": [
            [
                "All 4K Ultra HD Movies",
                "/browse/movies-tv-shows/all-4k-ultra-hd-movies/4096_3315790_1172214"
            ],
            [
                "All Horror Movies",
                "/browse/movies-tv-shows/all-horror-movies/4096_530598_530709_50716"
            ],
            [
                "Action Comedy Movies",
                "/browse/movies-tv-shows/action-comedy-movies/4096_530598_530698_531368"
            ],
            [
                "French Movies",
                "/browse/movies-tv-shows/french-movies/4096_530598_530706_531500"
            ],
            [
                "Spanish Language Movies",
                "/browse/movies-tv-shows/spanish-language-movies/4096_530598_530706_531505"
            ],
            [
                "All Sci-Fi & Fantasy",
                "/browse/movies-tv-shows/all-sci-fi-fantasy/4096_530598_530715_531581"
            ],
            [
                "Marvel Movies",
                "/browse/marvel-movies/4096_7331601"
            ],
            [
                "All Action & Adventure",
                "/browse/movies-tv-shows/all-action-adventure/4096_530598_530698_8354524"
            ]
        ]
    },
    {
        "title": "The Ring / The Ring Two Movie Collection (DVD)",
        "url": "https://www.walmart.com/ip/The-Ring-The-Ring-Two-Movie-Collection-DVD/54193545",
        "price": "$8.99",
        "stars": "4.9",
        "ratings": "7 ",
        "img": "",
        "tags": [
            [
                "All Mystery & Suspense",
                "/browse/movies-tv-shows/all-mystery-suspense/4096_530598_530711_3034275"
            ],
            [
                "All Horror Movies",
                "/browse/movies-tv-shows/all-horror-movies/4096_530598_530709_50716"
            ],
            [
                "Slasher Horror Movies",
                "/browse/movies-tv-shows/slasher-horror-movies/4096_530598_530709_531535"
            ],
            [
                "All Sci-Fi & Fantasy",
                "/browse/movies-tv-shows/all-sci-fi-fantasy/4096_530598_530715_531581"
            ],
            [
                "DVD Movies",
                "/browse/movies-tv-shows/dvd-movies/4096_8073310_7001804"
            ],
            [
                "Instawatch Horror Movies",
                "/browse/movies-tv-shows/instawatch-horror-movies/4096_1228693_7281735"
            ],
            [
                "All Children & Family Movies",
                "/browse/movies-tv-shows/all-children-family-movies/4096_530598_530701_9062682"
            ]
        ]
    }
]