[
    {
        "title": "F.I.S.T. (DVD)",
        "url": "https://www.walmart.com/ip/F-I-S-T-DVD/44553895",
        "price": "$11.24",
        "stars": 0,
        "ratings": 0,
        "img": "",
        "tags": [
            [
                "All 4K Ultra HD Movies",
                "/browse/movies-tv-shows/all-4k-ultra-hd-movies/4096_3315790_1172214"
            ],
            [
                "All Mystery & Suspense",
                "/browse/movies-tv-shows/all-mystery-suspense/4096_530598_530711_3034275"
            ],
            [
                "Action Thriller Movies",
                "/browse/movies-tv-shows/action-thriller-movies/4096_530598_530698_531369"
            ],
            [
                "Performing Arts",
                "/browse/movies-tv-shows/performing-arts/4096_530598_530704_531444"
            ],
            [
                "Classics TV Shows",
                "/browse/movies-tv-shows/classics-tv-shows/4096_530719_531640"
            ],
            [
                "All Music & Performance",
                "/browse/movies-tv-shows/all-music-performance/4096_530598_530712_5576968"
            ],
            [
                "DVD Movies",
                "/browse/movies-tv-shows/dvd-movies/4096_8073310_7001804"
            ],
            [
                "The Simpsons Movies & TV Shows",
                "/browse/movies-tv-shows/the-simpsons-movies-tv-shows/4096_7168880_9017132_9669710"
            ]
        ]
    },
    {
        "title": "American Pastoral (Blu-ray) (With INSTAWATCH)",
        "url": "https://www.walmart.com/ip/American-Pastoral-Blu-ray-With-INSTAWATCH/55204323",
        "price": "$19.99",
        "stars": 0,
        "ratings": 0,
        "img": "",
        "tags": [
            [
                "All 4K Ultra HD Movies",
                "/browse/movies-tv-shows/all-4k-ultra-hd-movies/4096_3315790_1172214"
            ],
            [
                "All Mystery & Suspense",
                "/browse/movies-tv-shows/all-mystery-suspense/4096_530598_530711_3034275"
            ],
            [
                "Action Thriller Movies",
                "/browse/movies-tv-shows/action-thriller-movies/4096_530598_530698_531369"
            ],
            [
                "French Movies",
                "/browse/movies-tv-shows/french-movies/4096_530598_530706_531500"
            ],
            [
                "Instawatch Drama Movies",
                "/browse/movies-tv-shows/instawatch-drama-movies/4096_1228693_5351589"
            ],
            [
                "DVD Movies",
                "/browse/movies-tv-shows/dvd-movies/4096_8073310_7001804"
            ],
            [
                "Action & Adventure 4K Ultra HD Movies",
                "/browse/movies-tv-shows/action-adventure-4k-ultra-hd-movies/4096_3315790_7246133"
            ],
            [
                "The Simpsons Movies & TV Shows",
                "/browse/movies-tv-shows/the-simpsons-movies-tv-shows/4096_7168880_9017132_9669710"
            ]
        ]
    },
    {
        "title": "Havana (DVD)",
        "url": "https://www.walmart.com/ip/Havana-DVD/1080179",
        "price": "$15.67",
        "stars": 0,
        "ratings": 0,
        "img": "",
        "tags": [
            [
                "Hallmark Channel",
                "/browse/movies-tv-shows/hallmark-channel/4096_530719_1046279_3102459"
            ],
            [
                "All Romance",
                "/browse/movies-tv-shows/all-romance/4096_530598_530714_531571"
            ],
            [
                "Instawatch Drama Movies",
                "/browse/movies-tv-shows/instawatch-drama-movies/4096_1228693_5351589"
            ],
            [
                "Instawatch Romance Movies",
                "/browse/movies-tv-shows/instawatch-romance-movies/4096_1228693_5409118"
            ],
            [
                "DVD Movies",
                "/browse/movies-tv-shows/dvd-movies/4096_8073310_7001804"
            ],
            [
                "All Comedy",
                "/browse/movies-tv-shows/all-comedy/4096_530598_530703_8423591"
            ],
            [
                "Holiday Movies",
                "/browse/holiday-movies/4096_8637693"
            ],
            [
                "Instawatch Movies",
                "/browse/movies-tv-shows/instawatch-movies/4096_1228693_9986038"
            ]
        ]
    },
    {
        "title": "War & Peace: The Complete Miniseries (DVD)",
        "url": "https://www.walmart.com/ip/War-Peace-The-Complete-Miniseries-DVD/50620305",
        "price": "$19.33",
        "stars": 0,
        "ratings": 0,
        "img": "",
        "tags": [
            [
                "All 4K Ultra HD Movies",
                "/browse/movies-tv-shows/all-4k-ultra-hd-movies/4096_3315790_1172214"
            ],
            [
                "All Mystery & Suspense",
                "/browse/movies-tv-shows/all-mystery-suspense/4096_530598_530711_3034275"
            ],
            [
                "Action Thriller Movies",
                "/browse/movies-tv-shows/action-thriller-movies/4096_530598_530698_531369"
            ],
            [
                "Military & War Action Movies",
                "/browse/movies-tv-shows/military-war-action-movies/4096_530598_530698_531373"
            ],
            [
                "Military & Political",
                "/browse/movies-tv-shows/military-political/4096_530598_530705_531447"
            ],
            [
                "United Kingdom Movies",
                "/browse/movies-tv-shows/united-kingdom-movies/4096_530598_530706_531507"
            ],
            [
                "Action & Combat",
                "/browse/movies-tv-shows/action-combat/4096_530598_530720_531674"
            ],
            [
                "All War & Military Movies",
                "/browse/movies-tv-shows/all-war-military-movies/4096_530598_530720_531682"
            ]
        ]
    },
    {
        "title": "Making the Rules (DVD)",
        "url": "https://www.walmart.com/ip/Making-the-Rules-DVD/34478894",
        "price": "$9.99",
        "stars": 0,
        "ratings": 0,
        "img": "",
        "tags": [
            [
                "Instawatch Comedy Movies",
                "/browse/movies-tv-shows/instawatch-comedy-movies/4096_1228693_2759224"
            ],
            [
                "Crime",
                "/browse/movies-tv-shows/crime/4096_530598_530705_531446"
            ],
            [
                "Instawatch Drama Movies",
                "/browse/movies-tv-shows/instawatch-drama-movies/4096_1228693_5351589"
            ],
            [
                "Instawatch Action & Adventure Movies",
                "/browse/movies-tv-shows/instawatch-action-adventure-movies/4096_1228693_6761985"
            ],
            [
                "DVD Movies",
                "/browse/movies-tv-shows/dvd-movies/4096_8073310_7001804"
            ],
            [
                "All Action & Adventure",
                "/browse/movies-tv-shows/all-action-adventure/4096_530598_530698_8354524"
            ],
            [
                "All Comedy",
                "/browse/movies-tv-shows/all-comedy/4096_530598_530703_8423591"
            ],
            [
                "Instawatch Kids and Family Movies",
                "/browse/movies-tv-shows/instawatch-kids-family-movies/4096_1228693_9809738"
            ]
        ]
    },
    {
        "title": "Casablanca (1942) ( (DVD))",
        "url": "https://www.walmart.com/ip/Casablanca-1942-DVD/13430924",
        "price": "$28.09",
        "stars": "5.0",
        "ratings": "4 ",
        "img": "",
        "tags": [
            [
                "Hallmark Channel",
                "/browse/movies-tv-shows/hallmark-channel/4096_530719_1046279_3102459"
            ],
            [
                "All Romance",
                "/browse/movies-tv-shows/all-romance/4096_530598_530714_531571"
            ],
            [
                "Instawatch Drama Movies",
                "/browse/movies-tv-shows/instawatch-drama-movies/4096_1228693_5351589"
            ],
            [
                "Instawatch Romance Movies",
                "/browse/movies-tv-shows/instawatch-romance-movies/4096_1228693_5409118"
            ],
            [
                "DVD Movies",
                "/browse/movies-tv-shows/dvd-movies/4096_8073310_7001804"
            ],
            [
                "All Comedy",
                "/browse/movies-tv-shows/all-comedy/4096_530598_530703_8423591"
            ],
            [
                "Holiday Movies",
                "/browse/holiday-movies/4096_8637693"
            ],
            [
                "Instawatch Movies",
                "/browse/movies-tv-shows/instawatch-movies/4096_1228693_9986038"
            ]
        ]
    },
    {
        "title": "Wild Orchid (DVD)",
        "url": "https://www.walmart.com/ip/Wild-Orchid-DVD/44553852",
        "price": "$37.68",
        "stars": "5.0",
        "ratings": "1 ",
        "img": "",
        "tags": [
            [
                "Hallmark Channel",
                "/browse/movies-tv-shows/hallmark-channel/4096_530719_1046279_3102459"
            ],
            [
                "Slapstick Comedy",
                "/browse/movies-tv-shows/slapstick-comedy/4096_530598_530703_531429"
            ],
            [
                "Instawatch Drama Movies",
                "/browse/movies-tv-shows/instawatch-drama-movies/4096_1228693_5351589"
            ],
            [
                "Instawatch Romance Movies",
                "/browse/movies-tv-shows/instawatch-romance-movies/4096_1228693_5409118"
            ],
            [
                "DVD Movies",
                "/browse/movies-tv-shows/dvd-movies/4096_8073310_7001804"
            ],
            [
                "All Comedy",
                "/browse/movies-tv-shows/all-comedy/4096_530598_530703_8423591"
            ],
            [
                "Holiday Movies",
                "/browse/holiday-movies/4096_8637693"
            ],
            [
                "Instawatch Movies",
                "/browse/movies-tv-shows/instawatch-movies/4096_1228693_9986038"
            ]
        ]
    },
    {
        "title": "4 Film Favorites: John Travolta (DVD)",
        "url": "https://www.walmart.com/ip/4-Film-Favorites-John-Travolta-DVD/43330973",
        "price": "$26.86",
        "stars": "4.0",
        "ratings": "2 ",
        "img": "",
        "tags": [
            [
                "Hallmark Channel",
                "/browse/movies-tv-shows/hallmark-channel/4096_530719_1046279_3102459"
            ],
            [
                "All Romance",
                "/browse/movies-tv-shows/all-romance/4096_530598_530714_531571"
            ],
            [
                "Instawatch Drama Movies",
                "/browse/movies-tv-shows/instawatch-drama-movies/4096_1228693_5351589"
            ],
            [
                "Instawatch Romance Movies",
                "/browse/movies-tv-shows/instawatch-romance-movies/4096_1228693_5409118"
            ],
            [
                "DVD Movies",
                "/browse/movies-tv-shows/dvd-movies/4096_8073310_7001804"
            ],
            [
                "All Comedy",
                "/browse/movies-tv-shows/all-comedy/4096_530598_530703_8423591"
            ],
            [
                "Holiday Movies",
                "/browse/holiday-movies/4096_8637693"
            ],
            [
                "Instawatch Movies",
                "/browse/movies-tv-shows/instawatch-movies/4096_1228693_9986038"
            ]
        ]
    },
    {
        "title": "Revolutionary Road (DVD)",
        "url": "https://www.walmart.com/ip/Revolutionary-Road-DVD/10984174",
        "price": "$19.99",
        "stars": "4.0",
        "ratings": "2 ",
        "img": "",
        "tags": [
            [
                "Hallmark Channel",
                "/browse/movies-tv-shows/hallmark-channel/4096_530719_1046279_3102459"
            ],
            [
                "All Romance",
                "/browse/movies-tv-shows/all-romance/4096_530598_530714_531571"
            ],
            [
                "Instawatch Drama Movies",
                "/browse/movies-tv-shows/instawatch-drama-movies/4096_1228693_5351589"
            ],
            [
                "Instawatch Romance Movies",
                "/browse/movies-tv-shows/instawatch-romance-movies/4096_1228693_5409118"
            ],
            [
                "DVD Movies",
                "/browse/movies-tv-shows/dvd-movies/4096_8073310_7001804"
            ],
            [
                "All Comedy",
                "/browse/movies-tv-shows/all-comedy/4096_530598_530703_8423591"
            ],
            [
                "Holiday Movies",
                "/browse/holiday-movies/4096_8637693"
            ],
            [
                "Instawatch Movies",
                "/browse/movies-tv-shows/instawatch-movies/4096_1228693_9986038"
            ]
        ]
    },
    {
        "title": "The McConnell Story (DVD)",
        "url": "https://www.walmart.com/ip/The-McConnell-Story-DVD/15049324",
        "price": "$11.99",
        "stars": 0,
        "ratings": 0,
        "img": "",
        "tags": [
            [
                "All 4K Ultra HD Movies",
                "/browse/movies-tv-shows/all-4k-ultra-hd-movies/4096_3315790_1172214"
            ],
            [
                "Instawatch Military & War Movies",
                "/browse/movies-tv-shows/instawatch-military-war-movies/4096_1228693_3006321"
            ],
            [
                "Military & War Action Movies",
                "/browse/movies-tv-shows/military-war-action-movies/4096_530598_530698_531373"
            ],
            [
                "Action & Combat",
                "/browse/movies-tv-shows/action-combat/4096_530598_530720_531674"
            ],
            [
                "All War & Military Movies",
                "/browse/movies-tv-shows/all-war-military-movies/4096_530598_530720_531682"
            ],
            [
                "Instawatch Drama Movies",
                "/browse/movies-tv-shows/instawatch-drama-movies/4096_1228693_5351589"
            ],
            [
                "War & Military",
                "/browse/movies-tv-shows/war-military/4096_616859_617023"
            ],
            [
                "Action & Adventure 4K Ultra HD Movies",
                "/browse/movies-tv-shows/action-adventure-4k-ultra-hd-movies/4096_3315790_7246133"
            ]
        ]
    }
]