[
    {
        "title": "Doc McStuffins: Toy Hospital (DVD)",
        "url": "https://www.walmart.com/ip/Doc-McStuffins-Toy-Hospital-DVD/54165164",
        "price": "$9.15",
        "stars": "4.6",
        "ratings": "10 ",
        "img": "",
        "tags": [
            [
                "Anime Fantasy",
                "/browse/movies-tv-shows/anime-fantasy/4096_530719_1010219_1010223"
            ],
            [
                "Anime for Children",
                "/browse/movies-tv-shows/anime-for-children/4096_530719_1010219_1010226"
            ],
            [
                "All Animation & Cartoons",
                "/browse/movies-tv-shows/all-animation-cartoons/4096_530719_1010219_1010227"
            ],
            [
                "Paw Patrol Movies",
                "/browse/paw-patrol-movies/4096_2901676"
            ],
            [
                "All Anime & Animation",
                "/browse/movies-tv-shows/all-anime-animation/4096_530598_530699_3849438"
            ],
            [
                "Minnie Mouse Movies",
                "/browse/minnie-mouse-movies/4096_4833913"
            ],
            [
                "Family Drama Movies",
                "/browse/movies-tv-shows/family-drama-movies/4096_530598_530701_531398"
            ]
        ]
    },
    {
        "title": "Have Yourself a Goofy Little Christmas (DVD)",
        "url": "https://www.walmart.com/ip/Have-Yourself-a-Goofy-Little-Christmas-DVD/44665461",
        "price": "$9.93",
        "stars": "5.0",
        "ratings": "1 ",
        "img": "",
        "tags": [
            [
                "Anime Comedy",
                "/browse/movies-tv-shows/anime-comedy/4096_530719_1010219_1010221"
            ],
            [
                "Anime for Children",
                "/browse/movies-tv-shows/anime-for-children/4096_530719_1010219_1010226"
            ],
            [
                "Animated Drama Movies",
                "/browse/movies-tv-shows/animated-drama-movies/4096_530598_530699_531380"
            ],
            [
                "Animation & Cartoons",
                "/browse/movies-tv-shows/animation-cartoons/4096_530598_530701_531395"
            ],
            [
                "Family Classic Movies",
                "/browse/movies-tv-shows/family-classic-movies/4096_530598_530701_531396"
            ],
            [
                "Holiday Movies",
                "/browse/holiday-movies/4096_8637693"
            ],
            [
                "All Children & Family Movies",
                "/browse/movies-tv-shows/all-children-family-movies/4096_530598_530701_9062682"
            ]
        ]
    },
    {
        "title": "Disney's Sing Along Songs: Very Merry Christmas (DVD)",
        "url": "https://www.walmart.com/ip/Disney-s-Sing-Along-Songs-Very-Merry-Christmas-DVD/2015108",
        "price": "$13.41",
        "stars": "4.4",
        "ratings": "25 ",
        "img": "",
        "tags": [
            [
                "Schwinn",
                "/browse/shop-by-brand/schwinn/3734780_5678070_2009475"
            ],
            [
                "Cosco",
                "/browse/shop-by-brand/cosco/3734780_8307801_2281254"
            ],
            [
                "Evenflo",
                "/browse/shop-by-brand/evenflo/3734780_8278971_2658945"
            ],
            [
                "Delta Children",
                "/browse/shop-by-brand/delta-children/3734780_8278971_6524578"
            ],
            [
                "Safety 1st",
                "/browse/shop-by-brand/safety-1st/3734780_8278971_6569481"
            ],
            [
                "Barbie",
                "/browse/shop-by-brand/barbie/3734780_9703589_7150095"
            ],
            [
                "HUGGIES",
                "/browse/shop-by-brand/huggies/3734780_8278971_8026794"
            ],
            [
                "Graco",
                "/browse/shop-by-brand/graco/3734780_8278971_8679415"
            ]
        ]
    },
    {
        "title": "Road Rally (DVD)",
        "url": "https://www.walmart.com/ip/Road-Rally-DVD/14673961",
        "price": "$9.99",
        "stars": "4.9",
        "ratings": "8 ",
        "img": "",
        "tags": [
            [
                "Anime Action",
                "/browse/movies-tv-shows/anime-action/4096_530719_1010219_1010220"
            ],
            [
                "Anime Comedy",
                "/browse/movies-tv-shows/anime-comedy/4096_530719_1010219_1010221"
            ],
            [
                "Anime for Children",
                "/browse/movies-tv-shows/anime-for-children/4096_530719_1010219_1010226"
            ],
            [
                "All Animation & Cartoons",
                "/browse/movies-tv-shows/all-animation-cartoons/4096_530719_1010219_1010227"
            ],
            [
                "Paw Patrol Movies",
                "/browse/paw-patrol-movies/4096_2901676"
            ],
            [
                "Minnie Mouse Movies",
                "/browse/minnie-mouse-movies/4096_4833913"
            ],
            [
                "Family Drama Movies",
                "/browse/movies-tv-shows/family-drama-movies/4096_530598_530701_531398"
            ],
            [
                "All Children & Family Movies",
                "/browse/movies-tv-shows/all-children-family-movies/4096_530598_530701_9062682"
            ]
        ]
    },
    {
        "title": "Adventures in Babysitting: 25th Anniversary Edition (Blu-ray)",
        "url": "https://www.walmart.com/ip/Adventures-in-Babysitting-25th-Anniversary-Edition-Blu-ray/20850564",
        "price": "$9.99",
        "stars": "3.0",
        "ratings": "2 ",
        "img": "",
        "tags": [
            [
                "Animated Comedy Movies",
                "/browse/movies-tv-shows/animated-comedy-movies/4096_530598_530699_531379"
            ],
            [
                "Animated Drama Movies",
                "/browse/movies-tv-shows/animated-drama-movies/4096_530598_530699_531380"
            ],
            [
                "Family Comedy Movies",
                "/browse/movies-tv-shows/family-comedy-movies/4096_530598_530701_531397"
            ],
            [
                "Romantic Comedies",
                "/browse/movies-tv-shows/romantic-comedies/4096_530598_530714_531570"
            ],
            [
                "Romantic Comedy",
                "/browse/movies-tv-shows/romantic-comedy/4096_530598_530703_532436"
            ],
            [
                "DVD Movies",
                "/browse/movies-tv-shows/dvd-movies/4096_8073310_7001804"
            ],
            [
                "80's Flashback",
                "/browse/movies-tv-shows/80s-flashback/4096_2889131_7125080"
            ],
            [
                "All Comedy",
                "/browse/movies-tv-shows/all-comedy/4096_530598_530703_8423591"
            ]
        ]
    },
    {
        "title": "Illumination Presents: 10 Minion Mini-Movies (DVD)",
        "url": "https://www.walmart.com/ip/Illumination-Presents-10-Minion-Mini-Movies-DVD/358774908",
        "price": "$7.99",
        "stars": 0,
        "ratings": 0,
        "img": "",
        "tags": [
            [
                "Animated Drama Movies",
                "/browse/movies-tv-shows/animated-drama-movies/4096_530598_530699_531380"
            ],
            [
                "Animation & Cartoons",
                "/browse/movies-tv-shows/animation-cartoons/4096_530598_530701_531395"
            ],
            [
                "Family Comedy Movies",
                "/browse/movies-tv-shows/family-comedy-movies/4096_530598_530701_531397"
            ],
            [
                "Family Drama Movies",
                "/browse/movies-tv-shows/family-drama-movies/4096_530598_530701_531398"
            ],
            [
                "All Children & Family Movies",
                "/browse/movies-tv-shows/all-children-family-movies/4096_530598_530701_9062682"
            ],
            [
                "Instawatch Kids and Family Movies",
                "/browse/movies-tv-shows/instawatch-kids-family-movies/4096_1228693_9809738"
            ],
            [
                "Instawatch Movies",
                "/browse/movies-tv-shows/instawatch-movies/4096_1228693_9986038"
            ]
        ]
    },
    {
        "title": "Scoob! (4K Ultra HD + Blu-ray + Digital Copy)",
        "url": "https://www.walmart.com/ip/Scoob-4K-Ultra-HD-Blu-ray-Digital-Copy/602348854",
        "price": "$27.94",
        "stars": "4.4",
        "ratings": "5 ",
        "img": "",
        "tags": [
            [
                "Scooby Doo Movies",
                "/browse/movies-tv-shows/scooby-doo-movies/4096_530719_1057424_3812254"
            ],
            [
                "All Anime & Animation",
                "/browse/movies-tv-shows/all-anime-animation/4096_530598_530699_3849438"
            ],
            [
                "Animation 4K Ultra HD Movies",
                "/browse/movies-tv-shows/animation-4k-ultra-hd-movies/4096_3315790_4469172"
            ],
            [
                "All Horror Movies",
                "/browse/movies-tv-shows/all-horror-movies/4096_530598_530709_50716"
            ],
            [
                "Angry Birds Movies",
                "/browse/angry-birds-movies/4096_6661787"
            ],
            [
                "New Release Movies",
                "/browse/new-release-movies/4096_6942910"
            ],
            [
                "Action & Adventure 4K Ultra HD Movies",
                "/browse/movies-tv-shows/action-adventure-4k-ultra-hd-movies/4096_3315790_7246133"
            ],
            [
                "All Children & Family Movies",
                "/browse/movies-tv-shows/all-children-family-movies/4096_530598_530701_9062682"
            ]
        ]
    },
    {
        "title": "Valiant (DVD)",
        "url": "https://www.walmart.com/ip/Valiant-DVD/4321215",
        "price": "$4.99",
        "stars": "4.7",
        "ratings": "3 ",
        "img": "",
        "tags": [
            [
                "All Anime & Animation",
                "/browse/movies-tv-shows/all-anime-animation/4096_530598_530699_3849438"
            ],
            [
                "Animated Action Movies",
                "/browse/movies-tv-shows/animated-action-movies/4096_530598_530699_531378"
            ],
            [
                "Animated Drama Movies",
                "/browse/movies-tv-shows/animated-drama-movies/4096_530598_530699_531380"
            ],
            [
                "Animation & Cartoons",
                "/browse/movies-tv-shows/animation-cartoons/4096_530598_530701_531395"
            ],
            [
                "Family Drama Movies",
                "/browse/movies-tv-shows/family-drama-movies/4096_530598_530701_531398"
            ],
            [
                "DVD Movies",
                "/browse/movies-tv-shows/dvd-movies/4096_8073310_7001804"
            ],
            [
                "All Children & Family Movies",
                "/browse/movies-tv-shows/all-children-family-movies/4096_530598_530701_9062682"
            ],
            [
                "Instawatch Kids and Family Movies",
                "/browse/movies-tv-shows/instawatch-kids-family-movies/4096_1228693_9809738"
            ]
        ]
    },
    {
        "title": "Dragon Ball Super: Part Nine (Blu-Ray)",
        "url": "https://www.walmart.com/ip/Dragon-Ball-Super-Part-Nine-Blu-Ray/895294423",
        "price": "$23.06",
        "stars": "5.0",
        "ratings": "1 ",
        "img": "i5.walmartimages.com/asr/7904a458-4b27-4aac-be13-8ff455f276e6_1.4dd6e83c3bdb61603beacd571ad03a2c.jpeg?odnWidth=612&odnHeight=612&odnBg=ffffff",
        "tags": [
            [
                "Anime Movies & TV Shows",
                "/browse/anime-movies-tv-shows/4096_4605228"
            ],
            [
                "All Dragon Ball TV Shows",
                "/browse/movies-tv-shows/all-dragon-ball-tv-shows/4096_530719_1057424_5219354_4828649"
            ],
            [
                "Dragon Ball Z TV Show",
                "/browse/movies-tv-shows/dragon-ball-z-tv-show/4096_530719_1057424_5219354_5260663"
            ],
            [
                "Japanese Movies",
                "/browse/movies-tv-shows/japanese-movies/4096_530598_530706_531504"
            ],
            [
                "Dragon Ball Super TV Show",
                "/browse/movies-tv-shows/dragon-ball-super-tv-show/4096_530719_1057424_5219354_5868428"
            ],
            [
                "All Foreign Films",
                "/browse/movies-tv-shows/all-foreign-films/4096_530598_530706_8303015"
            ],
            [
                "Dragon Ball Movies",
                "/browse/dragon-ball-movies/4096_9989724"
            ]
        ]
    },
    {
        "title": "Toy Story That Time Forgot (Blu-ray)",
        "url": "https://www.walmart.com/ip/Toy-Story-That-Time-Forgot-Blu-ray/46429716",
        "price": "$8.49",
        "stars": "4.2",
        "ratings": "5 ",
        "img": "",
        "tags": [
            [
                "All Anime & Animation",
                "/browse/movies-tv-shows/all-anime-animation/4096_530598_530699_3849438"
            ],
            [
                "Animated Drama Movies",
                "/browse/movies-tv-shows/animated-drama-movies/4096_530598_530699_531380"
            ],
            [
                "Animation & Cartoons",
                "/browse/movies-tv-shows/animation-cartoons/4096_530598_530701_531395"
            ],
            [
                "Family Drama Movies",
                "/browse/movies-tv-shows/family-drama-movies/4096_530598_530701_531398"
            ],
            [
                "Animation",
                "/browse/movies-tv-shows/animation/4096_616859_617000"
            ],
            [
                "Children & Family",
                "/browse/movies-tv-shows/children-family/4096_616859_617001"
            ],
            [
                "Disney Pixar Movies",
                "/browse/movies-tv-shows/disney-pixar-movies/4096_1106153_7156393"
            ],
            [
                "All Children & Family Movies",
                "/browse/movies-tv-shows/all-children-family-movies/4096_530598_530701_9062682"
            ]
        ]
    }
]