[
    {
        "title": "Deja Vu (DVD)",
        "url": "https://www.walmart.com/ip/Deja-Vu-DVD/5650794",
        "price": "$11.97",
        "stars": "4.7",
        "ratings": "26 ",
        "img": "",
        "tags": [
            [
                "All Anime & Animation",
                "/browse/movies-tv-shows/all-anime-animation/4096_530598_530699_3849438"
            ],
            [
                "Action Drama Movies",
                "/browse/movies-tv-shows/action-drama-movies/4096_530598_530698_45092"
            ],
            [
                "Animated Drama Movies",
                "/browse/movies-tv-shows/animated-drama-movies/4096_530598_530699_531380"
            ],
            [
                "Crime",
                "/browse/movies-tv-shows/crime/4096_530598_530705_531446"
            ],
            [
                "Instawatch Drama Movies",
                "/browse/movies-tv-shows/instawatch-drama-movies/4096_1228693_5351589"
            ],
            [
                "Movies About Race",
                "/browse/movies-about-race/4096_6277374"
            ],
            [
                "DVD Movies",
                "/browse/movies-tv-shows/dvd-movies/4096_8073310_7001804"
            ],
            [
                "All Action & Adventure",
                "/browse/movies-tv-shows/all-action-adventure/4096_530598_530698_8354524"
            ]
        ]
    },
    {
        "title": "The Black Cauldron (DVD)",
        "url": "https://www.walmart.com/ip/The-Black-Cauldron-DVD/14673959",
        "price": "$9.99",
        "stars": "4.7",
        "ratings": "12 ",
        "img": "",
        "tags": [
            [
                "Other Halloween Accessories",
                "/browse/party-occasions/other-halloween-accessories/2637_615760_1087251_1087065"
            ],
            [
                "Trick-or-Treat Bags",
                "/browse/party-occasions/trick-treat-bags/2637_615760_1087431"
            ],
            [
                "Halloween Masks",
                "/browse/party-occasions/halloween-masks/2637_615760_1087251_1107153"
            ],
            [
                "Halloween Baking & Cooking Supplies",
                "/browse/party-occasions/halloween-baking-cooking-supplies/2637_615760_1073684_1227874"
            ],
            [
                "Witch Costumes",
                "/browse/party-occasions/witch-costumes/2637_615760_1088766_1054059_4184691_1997918"
            ],
            [
                "Scary Costumes",
                "/browse/party-occasions/scary-costumes/2637_615760_1088766_2327096_4882150"
            ],
            [
                "Other Men's Halloween Costumes",
                "/browse/party-occasions/other-mens-halloween-costumes/2637_615760_1088766_1054059_7955173_615799"
            ],
            [
                "Halloween Party Tableware",
                "/browse/party-occasions/halloween-party-tableware/2637_1042319_6339104_8922081"
            ]
        ]
    },
    {
        "title": "What's New Scooby Doo 3: Halloween Boos & Clues (DVD)",
        "url": "https://www.walmart.com/ip/What-s-New-Scooby-Doo-3-Halloween-Boos-Clues-DVD/3056560",
        "price": "$8.88",
        "stars": "5.0",
        "ratings": "3 ",
        "img": "",
        "tags": [
            [
                "Other Halloween Accessories",
                "/browse/party-occasions/other-halloween-accessories/2637_615760_1087251_1087065"
            ],
            [
                "Trick-or-Treat Bags",
                "/browse/party-occasions/trick-treat-bags/2637_615760_1087431"
            ],
            [
                "Halloween Masks",
                "/browse/party-occasions/halloween-masks/2637_615760_1087251_1107153"
            ],
            [
                "Halloween Baking & Cooking Supplies",
                "/browse/party-occasions/halloween-baking-cooking-supplies/2637_615760_1073684_1227874"
            ],
            [
                "Witch Costumes",
                "/browse/party-occasions/witch-costumes/2637_615760_1088766_1054059_4184691_1997918"
            ],
            [
                "Scary Costumes",
                "/browse/party-occasions/scary-costumes/2637_615760_1088766_2327096_4882150"
            ],
            [
                "Other Men's Halloween Costumes",
                "/browse/party-occasions/other-mens-halloween-costumes/2637_615760_1088766_1054059_7955173_615799"
            ],
            [
                "Halloween Party Tableware",
                "/browse/party-occasions/halloween-party-tableware/2637_1042319_6339104_8922081"
            ]
        ]
    },
    {
        "title": "Tall Tale: The Unbelieveable Adventure (DVD)",
        "url": "https://www.walmart.com/ip/Tall-Tale-The-Unbelieveable-Adventure-DVD/10208727",
        "price": "$9.99",
        "stars": "4.9",
        "ratings": "16 ",
        "img": "",
        "tags": [
            [
                "All Anime & Animation",
                "/browse/movies-tv-shows/all-anime-animation/4096_530598_530699_3849438"
            ],
            [
                "Animated Drama Movies",
                "/browse/movies-tv-shows/animated-drama-movies/4096_530598_530699_531380"
            ],
            [
                "Family Classic Movies",
                "/browse/movies-tv-shows/family-classic-movies/4096_530598_530701_531396"
            ],
            [
                "Family Drama Movies",
                "/browse/movies-tv-shows/family-drama-movies/4096_530598_530701_531398"
            ],
            [
                "DVD Movies",
                "/browse/movies-tv-shows/dvd-movies/4096_8073310_7001804"
            ],
            [
                "Western",
                "/browse/movies-tv-shows/western/4096_530598_530721_7610094"
            ],
            [
                "All Children & Family Movies",
                "/browse/movies-tv-shows/all-children-family-movies/4096_530598_530701_9062682"
            ]
        ]
    },
    {
        "title": "The Many Adventures of Winnie the Pooh (Blu-ray + DVD + Digital Copy)",
        "url": "https://www.walmart.com/ip/The-Many-Adventures-of-Winnie-the-Pooh-Blu-ray-DVD-Digital-Copy/24543396",
        "price": "$13.99",
        "stars": "5.0",
        "ratings": "13 ",
        "img": "",
        "tags": [
            [
                "Disney Princess Movies",
                "/browse/movies-tv-shows/disney-princess-movies/4096_1106153_1106154"
            ],
            [
                "All Anime & Animation",
                "/browse/movies-tv-shows/all-anime-animation/4096_530598_530699_3849438"
            ],
            [
                "Animated Drama Movies",
                "/browse/movies-tv-shows/animated-drama-movies/4096_530598_530699_531380"
            ],
            [
                "Animation & Cartoons",
                "/browse/movies-tv-shows/animation-cartoons/4096_530598_530701_531395"
            ],
            [
                "Family Drama Movies",
                "/browse/movies-tv-shows/family-drama-movies/4096_530598_530701_531398"
            ],
            [
                "Children & Family",
                "/browse/movies-tv-shows/children-family/4096_616859_617001"
            ],
            [
                "Disney Pixar Movies",
                "/browse/movies-tv-shows/disney-pixar-movies/4096_1106153_7156393"
            ],
            [
                "All Children & Family Movies",
                "/browse/movies-tv-shows/all-children-family-movies/4096_530598_530701_9062682"
            ]
        ]
    },
    {
        "title": "Batman Ninja (Blu-ray + DVD + Digital Copy)",
        "url": "https://www.walmart.com/ip/Batman-Ninja-Blu-ray-DVD-Digital-Copy/573605576",
        "price": "$6.96",
        "stars": "3.8",
        "ratings": "5 ",
        "img": "",
        "tags": [
            [
                "All 4K Ultra HD Movies",
                "/browse/movies-tv-shows/all-4k-ultra-hd-movies/4096_3315790_1172214"
            ],
            [
                "Instawatch Animation Movies",
                "/browse/movies-tv-shows/instawatch-animation-movies/4096_1228693_3169926"
            ],
            [
                "All Anime & Animation",
                "/browse/movies-tv-shows/all-anime-animation/4096_530598_530699_3849438"
            ],
            [
                "Animated Action Movies",
                "/browse/movies-tv-shows/animated-action-movies/4096_530598_530699_531378"
            ],
            [
                "Batman Movies",
                "/browse/movies-tv-shows/batman-movies/4096_8324305_6569663"
            ],
            [
                "Instawatch Action & Adventure Movies",
                "/browse/movies-tv-shows/instawatch-action-adventure-movies/4096_1228693_6761985"
            ],
            [
                "Instawatch Mystery & Suspense Movies",
                "/browse/movies-tv-shows/instawatch-mystery-suspense-movies/4096_1228693_8642119"
            ],
            [
                "Instawatch Kids and Family Movies",
                "/browse/movies-tv-shows/instawatch-kids-family-movies/4096_1228693_9809738"
            ]
        ]
    },
    {
        "title": "The Hunchback of Notre Dame (DVD)",
        "url": "https://www.walmart.com/ip/The-Hunchback-of-Notre-Dame-DVD/1763837",
        "price": "$9.99",
        "stars": "4.8",
        "ratings": "25 ",
        "img": "",
        "tags": [
            [
                "Disney Princess Movies",
                "/browse/movies-tv-shows/disney-princess-movies/4096_1106153_1106154"
            ],
            [
                "All Anime & Animation",
                "/browse/movies-tv-shows/all-anime-animation/4096_530598_530699_3849438"
            ],
            [
                "Animated Drama Movies",
                "/browse/movies-tv-shows/animated-drama-movies/4096_530598_530699_531380"
            ],
            [
                "Animation & Cartoons",
                "/browse/movies-tv-shows/animation-cartoons/4096_530598_530701_531395"
            ],
            [
                "Family Classic Movies",
                "/browse/movies-tv-shows/family-classic-movies/4096_530598_530701_531396"
            ],
            [
                "Family Drama Movies",
                "/browse/movies-tv-shows/family-drama-movies/4096_530598_530701_531398"
            ],
            [
                "Children & Family",
                "/browse/movies-tv-shows/children-family/4096_616859_617001"
            ],
            [
                "All Children & Family Movies",
                "/browse/movies-tv-shows/all-children-family-movies/4096_530598_530701_9062682"
            ]
        ]
    },
    {
        "title": "Mission Celebration (DVD)",
        "url": "https://www.walmart.com/ip/Mission-Celebration-DVD/5005757",
        "price": "$4.93",
        "stars": "4.9",
        "ratings": "18 ",
        "img": "",
        "tags": [
            [
                "Anime Comedy",
                "/browse/movies-tv-shows/anime-comedy/4096_530719_1010219_1010221"
            ],
            [
                "Anime for Children",
                "/browse/movies-tv-shows/anime-for-children/4096_530719_1010219_1010226"
            ],
            [
                "All Animation & Cartoons",
                "/browse/movies-tv-shows/all-animation-cartoons/4096_530719_1010219_1010227"
            ],
            [
                "Animated Drama Movies",
                "/browse/movies-tv-shows/animated-drama-movies/4096_530598_530699_531380"
            ],
            [
                "Adventure Movies",
                "/browse/movies-tv-shows/adventure-movies/4096_530598_530701_531392"
            ],
            [
                "Family Drama Movies",
                "/browse/movies-tv-shows/family-drama-movies/4096_530598_530701_531398"
            ],
            [
                "Educational",
                "/browse/movies-tv-shows/educational/4096_530719_530716_531595"
            ],
            [
                "Nickelodeon",
                "/browse/movies-tv-shows/nickelodeon/4096_530719_1046279_531666"
            ]
        ]
    },
    {
        "title": "Peppa Pig: Princess Peppa (DVD)",
        "url": "https://www.walmart.com/ip/Peppa-Pig-Princess-Peppa-DVD/549475616",
        "price": "$7.50",
        "stars": "5.0",
        "ratings": "3 ",
        "img": "i5.walmartimages.com/asr/f01af684-1c18-4ed8-8c05-4cdb034b191c_6.10b1b5df547e2dd1e4fc782fa1623447.jpeg?odnWidth=612&odnHeight=612&odnBg=ffffff",
        "tags": [
            [
                "Anime for Children",
                "/browse/movies-tv-shows/anime-for-children/4096_530719_1010219_1010226"
            ],
            [
                "All Animation & Cartoons",
                "/browse/movies-tv-shows/all-animation-cartoons/4096_530719_1010219_1010227"
            ],
            [
                "Paw Patrol Movies",
                "/browse/paw-patrol-movies/4096_2901676"
            ],
            [
                "All Anime & Animation",
                "/browse/movies-tv-shows/all-anime-animation/4096_530598_530699_3849438"
            ],
            [
                "Family Cartoon Movies",
                "/browse/movies-tv-shows/family-cartoon-movies/4096_530598_530701_531385"
            ],
            [
                "Family Drama Movies",
                "/browse/movies-tv-shows/family-drama-movies/4096_530598_530701_531398"
            ],
            [
                "Nickelodeon",
                "/browse/movies-tv-shows/nickelodeon/4096_530719_1046279_531666"
            ],
            [
                "All Children & Family Movies",
                "/browse/movies-tv-shows/all-children-family-movies/4096_530598_530701_9062682"
            ]
        ]
    },
    {
        "title": "Blank Check (DVD)",
        "url": "https://www.walmart.com/ip/Blank-Check-DVD/2138741",
        "price": "$9.99",
        "stars": "4.5",
        "ratings": "17 ",
        "img": "",
        "tags": [
            [
                "Animated Drama Movies",
                "/browse/movies-tv-shows/animated-drama-movies/4096_530598_530699_531380"
            ],
            [
                "Family Comedy Movies",
                "/browse/movies-tv-shows/family-comedy-movies/4096_530598_530701_531397"
            ],
            [
                "Romantic Comedies",
                "/browse/movies-tv-shows/romantic-comedies/4096_530598_530714_531570"
            ],
            [
                "Romantic Comedy",
                "/browse/movies-tv-shows/romantic-comedy/4096_530598_530703_532436"
            ],
            [
                "DVD Movies",
                "/browse/movies-tv-shows/dvd-movies/4096_8073310_7001804"
            ],
            [
                "All Comedy",
                "/browse/movies-tv-shows/all-comedy/4096_530598_530703_8423591"
            ],
            [
                "All Children & Family Movies",
                "/browse/movies-tv-shows/all-children-family-movies/4096_530598_530701_9062682"
            ]
        ]
    }
]