[
    {
        "title": "Thomas & Friends: Day of the Diesels Movie (DVD)",
        "url": "https://www.walmart.com/ip/Thomas-Friends-Day-of-the-Diesels-Movie-DVD/16878496",
        "price": "$7.99",
        "stars": "4.7",
        "ratings": "15 ",
        "img": "",
        "tags": [
            [
                "Thomas & Friends Movies & TV Shows",
                "/browse/thomas-friends-movies-tv-shows/4096_1056364"
            ],
            [
                "Walmart Exclusives",
                "/browse/walmart-exclusives/4096_1095777"
            ],
            [
                "Instawatch Animation Movies",
                "/browse/movies-tv-shows/instawatch-animation-movies/4096_1228693_3169926"
            ],
            [
                "All Anime & Animation",
                "/browse/movies-tv-shows/all-anime-animation/4096_530598_530699_3849438"
            ],
            [
                "Animated Drama Movies",
                "/browse/movies-tv-shows/animated-drama-movies/4096_530598_530699_531380"
            ],
            [
                "Family Cartoon Movies",
                "/browse/movies-tv-shows/family-cartoon-movies/4096_530598_530701_531385"
            ],
            [
                "United Kingdom Movies",
                "/browse/movies-tv-shows/united-kingdom-movies/4096_530598_530706_531507"
            ],
            [
                "Instawatch Kids and Family Movies",
                "/browse/movies-tv-shows/instawatch-kids-family-movies/4096_1228693_9809738"
            ]
        ]
    },
    {
        "title": "Teenage Mutant Ninja Turtles: Season 3 - Volume 1 (DVD)",
        "url": "https://www.walmart.com/ip/Teenage-Mutant-Ninja-Turtles-Season-3-Volume-1-DVD/42351617",
        "price": "$8.15",
        "stars": "5.0",
        "ratings": "1 ",
        "img": "",
        "tags": [
            [
                "Teenage Mutant Ninja Turtles Books",
                "/browse/seasonal/teenage-mutant-ninja-turtles-books/1085632_1225660_1513232"
            ],
            [
                "Teenage Mutant Ninja Turtles Decor",
                "/browse/seasonal/teenage-mutant-ninja-turtles-decor/1085632_1225660_1225684_4823547"
            ],
            [
                "Teenage Mutant Ninja Turtles Party Supplies",
                "/browse/seasonal/teenage-mutant-ninja-turtles-party-supplies/1085632_1225660_6342302"
            ],
            [
                "Teenage Mutant Ninja Turtles Men's Clothing",
                "/browse/seasonal/teenage-mutant-ninja-turtles-mens-clothing/1085632_1225660_1225691_7273068"
            ],
            [
                "Electronics",
                "/browse/seasonal/electronics/1085632_7330718_7288624"
            ],
            [
                "Teenage Mutant Ninja Turtles Bedding",
                "/browse/seasonal/teenage-mutant-ninja-turtles-bedding/1085632_1225660_1225684_8940670"
            ],
            [
                "Teenage Mutant Ninja Turtles Boys' Clothing",
                "/browse/seasonal/teenage-mutant-ninja-turtles-boys-clothing/1085632_1225660_1225691_9655487"
            ]
        ]
    },
    {
        "title": "Sea Level (DVD)",
        "url": "https://www.walmart.com/ip/Sea-Level-DVD/19582320",
        "price": "$10.81",
        "stars": "3.5",
        "ratings": "4 ",
        "img": "",
        "tags": [
            [
                "Walmart Exclusives",
                "/browse/walmart-exclusives/4096_1095777"
            ],
            [
                "All Anime & Animation",
                "/browse/movies-tv-shows/all-anime-animation/4096_530598_530699_3849438"
            ],
            [
                "Animated Drama Movies",
                "/browse/movies-tv-shows/animated-drama-movies/4096_530598_530699_531380"
            ],
            [
                "Adventure Movies",
                "/browse/movies-tv-shows/adventure-movies/4096_530598_530701_531392"
            ],
            [
                "Family Comedy Movies",
                "/browse/movies-tv-shows/family-comedy-movies/4096_530598_530701_531397"
            ],
            [
                "Family Drama Movies",
                "/browse/movies-tv-shows/family-drama-movies/4096_530598_530701_531398"
            ],
            [
                "All Children & Family Movies",
                "/browse/movies-tv-shows/all-children-family-movies/4096_530598_530701_9062682"
            ],
            [
                "Instawatch Kids and Family Movies",
                "/browse/movies-tv-shows/instawatch-kids-family-movies/4096_1228693_9809738"
            ]
        ]
    },
    {
        "title": "The Princess Diaries 2: Royal Engagement (DVD)",
        "url": "https://www.walmart.com/ip/The-Princess-Diaries-2-Royal-Engagement-DVD/3357197",
        "price": "$7.99",
        "stars": "4.8",
        "ratings": "12 ",
        "img": "",
        "tags": [
            [
                "Disney Princess Movies",
                "/browse/movies-tv-shows/disney-princess-movies/4096_1106153_1106154"
            ],
            [
                "Instawatch Animation Movies",
                "/browse/movies-tv-shows/instawatch-animation-movies/4096_1228693_3169926"
            ],
            [
                "Animated Drama Movies",
                "/browse/movies-tv-shows/animated-drama-movies/4096_530598_530699_531380"
            ],
            [
                "Animation & Cartoons",
                "/browse/movies-tv-shows/animation-cartoons/4096_530598_530701_531395"
            ],
            [
                "Family Drama Movies",
                "/browse/movies-tv-shows/family-drama-movies/4096_530598_530701_531398"
            ],
            [
                "Sci-Fi & Fantasy",
                "/browse/movies-tv-shows/sci-fi-fantasy/4096_616859_617014"
            ],
            [
                "Disney Pixar Movies",
                "/browse/movies-tv-shows/disney-pixar-movies/4096_1106153_7156393"
            ],
            [
                "All Children & Family Movies",
                "/browse/movies-tv-shows/all-children-family-movies/4096_530598_530701_9062682"
            ]
        ]
    },
    {
        "title": "Phineas & Ferb: The Daze of Summer (DVD)",
        "url": "https://www.walmart.com/ip/Phineas-Ferb-The-Daze-of-Summer-DVD/10817144",
        "price": "$7.66",
        "stars": "4.8",
        "ratings": "9 ",
        "img": "",
        "tags": [
            [
                "Anime Action",
                "/browse/movies-tv-shows/anime-action/4096_530719_1010219_1010220"
            ],
            [
                "Anime for Children",
                "/browse/movies-tv-shows/anime-for-children/4096_530719_1010219_1010226"
            ],
            [
                "All Animation & Cartoons",
                "/browse/movies-tv-shows/all-animation-cartoons/4096_530719_1010219_1010227"
            ],
            [
                "Star Wars Movies",
                "/browse/star-wars-movies/4096_1229475"
            ],
            [
                "Minnie Mouse Movies",
                "/browse/minnie-mouse-movies/4096_4833913"
            ],
            [
                "Animated Drama Movies",
                "/browse/movies-tv-shows/animated-drama-movies/4096_530598_530699_531380"
            ],
            [
                "Animation & Cartoons",
                "/browse/movies-tv-shows/animation-cartoons/4096_530598_530701_531395"
            ],
            [
                "Family Classic Movies",
                "/browse/movies-tv-shows/family-classic-movies/4096_530598_530701_531396"
            ]
        ]
    },
    {
        "title": "Peter Rabbit Springtime Collection (DVD)",
        "url": "https://www.walmart.com/ip/Peter-Rabbit-Springtime-Collection-DVD/792005125",
        "price": "$8.99",
        "stars": "5.0",
        "ratings": "1 ",
        "img": "",
        "tags": [
            [
                "Anime for Children",
                "/browse/movies-tv-shows/anime-for-children/4096_530719_1010219_1010226"
            ],
            [
                "All Animation & Cartoons",
                "/browse/movies-tv-shows/all-animation-cartoons/4096_530719_1010219_1010227"
            ],
            [
                "Instawatch Comedy Movies",
                "/browse/movies-tv-shows/instawatch-comedy-movies/4096_1228693_2759224"
            ],
            [
                "Animated Drama Movies",
                "/browse/movies-tv-shows/animated-drama-movies/4096_530598_530699_531380"
            ],
            [
                "Family Comedy Movies",
                "/browse/movies-tv-shows/family-comedy-movies/4096_530598_530701_531397"
            ],
            [
                "Holiday Movies",
                "/browse/holiday-movies/4096_8637693"
            ],
            [
                "Instawatch Kids and Family Movies",
                "/browse/movies-tv-shows/instawatch-kids-family-movies/4096_1228693_9809738"
            ]
        ]
    },
    {
        "title": "Yu-Gi-Oh: Dark Side of Dimensions (DVD)",
        "url": "https://www.walmart.com/ip/Yu-Gi-Oh-Dark-Side-of-Dimensions-DVD/55767190",
        "price": "$11.88",
        "stars": "3.8",
        "ratings": "4 ",
        "img": "",
        "tags": [
            [
                "Anime for Children",
                "/browse/movies-tv-shows/anime-for-children/4096_530719_1010219_1010226"
            ],
            [
                "Instawatch Animation Movies",
                "/browse/movies-tv-shows/instawatch-animation-movies/4096_1228693_3169926"
            ],
            [
                "Anime Movies & TV Shows",
                "/browse/anime-movies-tv-shows/4096_4605228"
            ],
            [
                "Animated Drama Movies",
                "/browse/movies-tv-shows/animated-drama-movies/4096_530598_530699_531380"
            ],
            [
                "Animation & Cartoons",
                "/browse/movies-tv-shows/animation-cartoons/4096_530598_530701_531395"
            ],
            [
                "Family Drama Movies",
                "/browse/movies-tv-shows/family-drama-movies/4096_530598_530701_531398"
            ],
            [
                "Japanese Movies",
                "/browse/movies-tv-shows/japanese-movies/4096_530598_530706_531504"
            ],
            [
                "Instawatch Kids and Family Movies",
                "/browse/movies-tv-shows/instawatch-kids-family-movies/4096_1228693_9809738"
            ]
        ]
    },
    {
        "title": "The Sword in the Stone (DVD + Digital Copy)",
        "url": "https://www.walmart.com/ip/The-Sword-in-the-Stone-DVD-Digital-Copy/24549006",
        "price": "$17.19",
        "stars": "5.0",
        "ratings": "11 ",
        "img": "",
        "tags": [
            [
                "Disney Princess Movies",
                "/browse/movies-tv-shows/disney-princess-movies/4096_1106153_1106154"
            ],
            [
                "All Anime & Animation",
                "/browse/movies-tv-shows/all-anime-animation/4096_530598_530699_3849438"
            ],
            [
                "Action Drama Movies",
                "/browse/movies-tv-shows/action-drama-movies/4096_530598_530698_45092"
            ],
            [
                "Animated Drama Movies",
                "/browse/movies-tv-shows/animated-drama-movies/4096_530598_530699_531380"
            ],
            [
                "Animation & Cartoons",
                "/browse/movies-tv-shows/animation-cartoons/4096_530598_530701_531395"
            ],
            [
                "Family Drama Movies",
                "/browse/movies-tv-shows/family-drama-movies/4096_530598_530701_531398"
            ],
            [
                "Children & Family",
                "/browse/movies-tv-shows/children-family/4096_616859_617001"
            ],
            [
                "All Children & Family Movies",
                "/browse/movies-tv-shows/all-children-family-movies/4096_530598_530701_9062682"
            ]
        ]
    },
    {
        "title": "Little Nemo: Adventures in Slumberland (DVD)",
        "url": "https://www.walmart.com/ip/Little-Nemo-Adventures-in-Slumberland-DVD/50314253",
        "price": "$25.76",
        "stars": "4.5",
        "ratings": "2 ",
        "img": "",
        "tags": [
            [
                "Anime Action",
                "/browse/movies-tv-shows/anime-action/4096_530719_1010219_1010220"
            ],
            [
                "Anime Movies & TV Shows",
                "/browse/anime-movies-tv-shows/4096_4605228"
            ],
            [
                "Animated Drama Movies",
                "/browse/movies-tv-shows/animated-drama-movies/4096_530598_530699_531380"
            ],
            [
                "Adventure Movies",
                "/browse/movies-tv-shows/adventure-movies/4096_530598_530701_531392"
            ],
            [
                "Japanese Movies",
                "/browse/movies-tv-shows/japanese-movies/4096_530598_530706_531504"
            ],
            [
                "DVD Movies",
                "/browse/movies-tv-shows/dvd-movies/4096_8073310_7001804"
            ],
            [
                "All Action & Adventure",
                "/browse/movies-tv-shows/all-action-adventure/4096_530598_530698_8354524"
            ],
            [
                "All Children & Family Movies",
                "/browse/movies-tv-shows/all-children-family-movies/4096_530598_530701_9062682"
            ]
        ]
    },
    {
        "title": "George of the Jungle 1 and 2 (DVD)",
        "url": "https://www.walmart.com/ip/George-of-the-Jungle-1-and-2-DVD/13907598",
        "price": "$9.99",
        "stars": "4.8",
        "ratings": "17 ",
        "img": "",
        "tags": [
            [
                "All Anime & Animation",
                "/browse/movies-tv-shows/all-anime-animation/4096_530598_530699_3849438"
            ],
            [
                "Animated Drama Movies",
                "/browse/movies-tv-shows/animated-drama-movies/4096_530598_530699_531380"
            ],
            [
                "Family Drama Movies",
                "/browse/movies-tv-shows/family-drama-movies/4096_530598_530701_531398"
            ],
            [
                "All Music & Performance",
                "/browse/movies-tv-shows/all-music-performance/4096_530598_530712_5576968"
            ],
            [
                "DVD Movies",
                "/browse/movies-tv-shows/dvd-movies/4096_8073310_7001804"
            ],
            [
                "All Comedy",
                "/browse/movies-tv-shows/all-comedy/4096_530598_530703_8423591"
            ],
            [
                "All Children & Family Movies",
                "/browse/movies-tv-shows/all-children-family-movies/4096_530598_530701_9062682"
            ]
        ]
    }
]