[
    {
        "title": "Black Christmas (DVD)",
        "url": "https://www.walmart.com/ip/Black-Christmas-DVD/978389853",
        "price": "$14.81",
        "stars": 0,
        "ratings": 0,
        "img": "",
        "tags": [
            [
                "All 4K Ultra HD Movies",
                "/browse/movies-tv-shows/all-4k-ultra-hd-movies/4096_3315790_1172214"
            ],
            [
                "Summer Picks",
                "/browse/movies-tv-shows/summer-picks/4096_2889131_1253331"
            ],
            [
                "All Mystery & Suspense",
                "/browse/movies-tv-shows/all-mystery-suspense/4096_530598_530711_3034275"
            ],
            [
                "Family Comedy Movies",
                "/browse/movies-tv-shows/family-comedy-movies/4096_530598_530701_531397"
            ],
            [
                "Romantic",
                "/browse/movies-tv-shows/romantic/4096_530598_530705_531449"
            ],
            [
                "Action & Adventure",
                "/browse/movies-tv-shows/action-adventure/4096_616859_616999"
            ],
            [
                "New Release Movies",
                "/browse/new-release-movies/4096_6942910"
            ],
            [
                "All Action & Adventure",
                "/browse/movies-tv-shows/all-action-adventure/4096_530598_530698_8354524"
            ]
        ]
    },
    {
        "title": "Fear the Walking Dead: The Complete Third Season (DVD)",
        "url": "https://www.walmart.com/ip/Fear-the-Walking-Dead-The-Complete-Third-Season-DVD/877423942",
        "price": "$19.49",
        "stars": "5.0",
        "ratings": "2 ",
        "img": "",
        "tags": [
            [
                "Animated Drama Movies",
                "/browse/movies-tv-shows/animated-drama-movies/4096_530598_530699_531380"
            ],
            [
                "Action",
                "/browse/movies-tv-shows/action/4096_530598_530715_531575"
            ],
            [
                "Sci-Fi & Fantasy TV Shows",
                "/browse/movies-tv-shows/sci-fi-fantasy-tv-shows/4096_530719_531650"
            ],
            [
                "Instawatch Drama Movies",
                "/browse/movies-tv-shows/instawatch-drama-movies/4096_1228693_5351589"
            ],
            [
                "Action & Adventure",
                "/browse/movies-tv-shows/action-adventure/4096_616859_616999"
            ],
            [
                "Horror",
                "/browse/movies-tv-shows/horror/4096_616859_617008"
            ],
            [
                "Instawatch Horror Movies",
                "/browse/movies-tv-shows/instawatch-horror-movies/4096_1228693_7281735"
            ],
            [
                "Marvel Movies",
                "/browse/marvel-movies/4096_7331601"
            ]
        ]
    },
    {
        "title": "Carrie (Blu-ray)",
        "url": "https://www.walmart.com/ip/Carrie-Blu-ray/10569246",
        "price": "$9.99",
        "stars": "4.5",
        "ratings": "4 ",
        "img": "",
        "tags": [
            [
                "All 4K Ultra HD Movies",
                "/browse/movies-tv-shows/all-4k-ultra-hd-movies/4096_3315790_1172214"
            ],
            [
                "All Mystery & Suspense",
                "/browse/movies-tv-shows/all-mystery-suspense/4096_530598_530711_3034275"
            ],
            [
                "Supernatural Horror Movies",
                "/browse/movies-tv-shows/supernatural-horror-movies/4096_530598_530709_531537"
            ],
            [
                "All Sci-Fi & Fantasy",
                "/browse/movies-tv-shows/all-sci-fi-fantasy/4096_530598_530715_531581"
            ],
            [
                "New Release Movies",
                "/browse/new-release-movies/4096_6942910"
            ],
            [
                "Action & Adventure 4K Ultra HD Movies",
                "/browse/movies-tv-shows/action-adventure-4k-ultra-hd-movies/4096_3315790_7246133"
            ],
            [
                "Instawatch Horror Movies",
                "/browse/movies-tv-shows/instawatch-horror-movies/4096_1228693_7281735"
            ],
            [
                "Instawatch Movies",
                "/browse/movies-tv-shows/instawatch-movies/4096_1228693_9986038"
            ]
        ]
    },
    {
        "title": "Shark Attack 3-Pack (DVD)",
        "url": "https://www.walmart.com/ip/Shark-Attack-3-Pack-DVD/436675980",
        "price": "$14.95",
        "stars": "3.0",
        "ratings": "3 ",
        "img": "",
        "tags": [
            [
                "All 4K Ultra HD Movies",
                "/browse/movies-tv-shows/all-4k-ultra-hd-movies/4096_3315790_1172214"
            ],
            [
                "Classic Action Movies",
                "/browse/movies-tv-shows/classic-action-movies/4096_530598_530698_531367"
            ],
            [
                "Action",
                "/browse/movies-tv-shows/action/4096_530598_530715_531575"
            ],
            [
                "Instawatch Action & Adventure Movies",
                "/browse/movies-tv-shows/instawatch-action-adventure-movies/4096_1228693_6761985"
            ],
            [
                "DVD Movies",
                "/browse/movies-tv-shows/dvd-movies/4096_8073310_7001804"
            ],
            [
                "Instawatch Horror Movies",
                "/browse/movies-tv-shows/instawatch-horror-movies/4096_1228693_7281735"
            ],
            [
                "All Classics",
                "/browse/movies-tv-shows/all-classics/4096_530598_530702_9070202"
            ],
            [
                "Instawatch Movies",
                "/browse/movies-tv-shows/instawatch-movies/4096_1228693_9986038"
            ]
        ]
    },
    {
        "title": "Unfriended (DVD)",
        "url": "https://www.walmart.com/ip/Unfriended-DVD/44706227",
        "price": "$9.99",
        "stars": "2.7",
        "ratings": "3 ",
        "img": "",
        "tags": [
            [
                "Instawatch Comedy Movies",
                "/browse/movies-tv-shows/instawatch-comedy-movies/4096_1228693_2759224"
            ],
            [
                "All Mystery & Suspense",
                "/browse/movies-tv-shows/all-mystery-suspense/4096_530598_530711_3034275"
            ],
            [
                "All Horror Movies",
                "/browse/movies-tv-shows/all-horror-movies/4096_530598_530709_50716"
            ],
            [
                "Instawatch Drama Movies",
                "/browse/movies-tv-shows/instawatch-drama-movies/4096_1228693_5351589"
            ],
            [
                "Movies About Race",
                "/browse/movies-about-race/4096_6277374"
            ],
            [
                "Instawatch Action & Adventure Movies",
                "/browse/movies-tv-shows/instawatch-action-adventure-movies/4096_1228693_6761985"
            ],
            [
                "DVD Movies",
                "/browse/movies-tv-shows/dvd-movies/4096_8073310_7001804"
            ],
            [
                "All Comedy",
                "/browse/movies-tv-shows/all-comedy/4096_530598_530703_8423591"
            ]
        ]
    },
    {
        "title": "Pinocchio's Revenge (DVD)",
        "url": "https://www.walmart.com/ip/Pinocchio-s-Revenge-DVD/4120361",
        "price": "$9.95",
        "stars": "4.0",
        "ratings": "1 ",
        "img": "",
        "tags": [
            [
                "All 4K Ultra HD Movies",
                "/browse/movies-tv-shows/all-4k-ultra-hd-movies/4096_3315790_1172214"
            ],
            [
                "All Mystery & Suspense",
                "/browse/movies-tv-shows/all-mystery-suspense/4096_530598_530711_3034275"
            ],
            [
                "Slasher Horror Movies",
                "/browse/movies-tv-shows/slasher-horror-movies/4096_530598_530709_531535"
            ],
            [
                "Supernatural Horror Movies",
                "/browse/movies-tv-shows/supernatural-horror-movies/4096_530598_530709_531537"
            ],
            [
                "New Release Movies",
                "/browse/new-release-movies/4096_6942910"
            ],
            [
                "Action & Adventure 4K Ultra HD Movies",
                "/browse/movies-tv-shows/action-adventure-4k-ultra-hd-movies/4096_3315790_7246133"
            ],
            [
                "Instawatch Horror Movies",
                "/browse/movies-tv-shows/instawatch-horror-movies/4096_1228693_7281735"
            ],
            [
                "Instawatch Movies",
                "/browse/movies-tv-shows/instawatch-movies/4096_1228693_9986038"
            ]
        ]
    },
    {
        "title": "The Blob (Collector's Edition) (Blu-ray)",
        "url": "https://www.walmart.com/ip/The-Blob-Collector-s-Edition-Blu-ray/530035877",
        "price": "$24.96",
        "stars": "5.0",
        "ratings": "2 ",
        "img": "",
        "tags": [
            [
                "All 4K Ultra HD Movies",
                "/browse/movies-tv-shows/all-4k-ultra-hd-movies/4096_3315790_1172214"
            ],
            [
                "All Mystery & Suspense",
                "/browse/movies-tv-shows/all-mystery-suspense/4096_530598_530711_3034275"
            ],
            [
                "Supernatural Horror Movies",
                "/browse/movies-tv-shows/supernatural-horror-movies/4096_530598_530709_531537"
            ],
            [
                "All Sci-Fi & Fantasy",
                "/browse/movies-tv-shows/all-sci-fi-fantasy/4096_530598_530715_531581"
            ],
            [
                "New Release Movies",
                "/browse/new-release-movies/4096_6942910"
            ],
            [
                "Action & Adventure 4K Ultra HD Movies",
                "/browse/movies-tv-shows/action-adventure-4k-ultra-hd-movies/4096_3315790_7246133"
            ],
            [
                "Instawatch Horror Movies",
                "/browse/movies-tv-shows/instawatch-horror-movies/4096_1228693_7281735"
            ],
            [
                "Instawatch Movies",
                "/browse/movies-tv-shows/instawatch-movies/4096_1228693_9986038"
            ]
        ]
    },
    {
        "title": "The Haunting Of Margam Castle (DVD)",
        "url": "https://www.walmart.com/ip/The-Haunting-Of-Margam-Castle-DVD/218937603",
        "price": "$9.96",
        "stars": 0,
        "ratings": 0,
        "img": "",
        "tags": [
            [
                "All 4K Ultra HD Movies",
                "/browse/movies-tv-shows/all-4k-ultra-hd-movies/4096_3315790_1172214"
            ],
            [
                "All Mystery & Suspense",
                "/browse/movies-tv-shows/all-mystery-suspense/4096_530598_530711_3034275"
            ],
            [
                "Supernatural Horror Movies",
                "/browse/movies-tv-shows/supernatural-horror-movies/4096_530598_530709_531537"
            ],
            [
                "All Sci-Fi & Fantasy",
                "/browse/movies-tv-shows/all-sci-fi-fantasy/4096_530598_530715_531581"
            ],
            [
                "New Release Movies",
                "/browse/new-release-movies/4096_6942910"
            ],
            [
                "Action & Adventure 4K Ultra HD Movies",
                "/browse/movies-tv-shows/action-adventure-4k-ultra-hd-movies/4096_3315790_7246133"
            ],
            [
                "Instawatch Horror Movies",
                "/browse/movies-tv-shows/instawatch-horror-movies/4096_1228693_7281735"
            ],
            [
                "Instawatch Movies",
                "/browse/movies-tv-shows/instawatch-movies/4096_1228693_9986038"
            ]
        ]
    },
    {
        "title": "Chucky: Complete 7-Movie Collection (Blu-ray)",
        "url": "https://www.walmart.com/ip/Chucky-Complete-7-Movie-Collection-Blu-ray/560474372",
        "price": "$36.99",
        "stars": "4.0",
        "ratings": "5 ",
        "img": "",
        "tags": [
            [
                "Instawatch Sci-Fi & Fantasy Movies",
                "/browse/movies-tv-shows/instawatch-sci-fi-fantasy-movies/4096_1228693_2690275"
            ],
            [
                "All Mystery & Suspense",
                "/browse/movies-tv-shows/all-mystery-suspense/4096_530598_530711_3034275"
            ],
            [
                "Spanish Language Movies",
                "/browse/movies-tv-shows/spanish-language-movies/4096_530598_530706_531505"
            ],
            [
                "Supernatural Horror Movies",
                "/browse/movies-tv-shows/supernatural-horror-movies/4096_530598_530709_531537"
            ],
            [
                "All Sci-Fi & Fantasy",
                "/browse/movies-tv-shows/all-sci-fi-fantasy/4096_530598_530715_531581"
            ],
            [
                "Horror",
                "/browse/movies-tv-shows/horror/4096_616859_617008"
            ],
            [
                "Instawatch Horror Movies",
                "/browse/movies-tv-shows/instawatch-horror-movies/4096_1228693_7281735"
            ],
            [
                "Instawatch Movies",
                "/browse/movies-tv-shows/instawatch-movies/4096_1228693_9986038"
            ]
        ]
    },
    {
        "title": "Drag Me to Hell (Blu-ray)",
        "url": "https://www.walmart.com/ip/Drag-Me-to-Hell-Blu-ray/21578965",
        "price": "$8.90",
        "stars": 0,
        "ratings": 0,
        "img": "",
        "tags": [
            [
                "All 4K Ultra HD Movies",
                "/browse/movies-tv-shows/all-4k-ultra-hd-movies/4096_3315790_1172214"
            ],
            [
                "All Mystery & Suspense",
                "/browse/movies-tv-shows/all-mystery-suspense/4096_530598_530711_3034275"
            ],
            [
                "Supernatural Horror Movies",
                "/browse/movies-tv-shows/supernatural-horror-movies/4096_530598_530709_531537"
            ],
            [
                "All Sci-Fi & Fantasy",
                "/browse/movies-tv-shows/all-sci-fi-fantasy/4096_530598_530715_531581"
            ],
            [
                "New Release Movies",
                "/browse/new-release-movies/4096_6942910"
            ],
            [
                "Action & Adventure 4K Ultra HD Movies",
                "/browse/movies-tv-shows/action-adventure-4k-ultra-hd-movies/4096_3315790_7246133"
            ],
            [
                "Instawatch Horror Movies",
                "/browse/movies-tv-shows/instawatch-horror-movies/4096_1228693_7281735"
            ],
            [
                "Instawatch Movies",
                "/browse/movies-tv-shows/instawatch-movies/4096_1228693_9986038"
            ]
        ]
    }
]