[
    {
        "title": "Sinbad and the Eye of the Tiger (DVD)",
        "url": "https://www.walmart.com/ip/Sinbad-and-the-Eye-of-the-Tiger-DVD/1092419",
        "price": "$9.97",
        "stars": "4.5",
        "ratings": "2 ",
        "img": "",
        "tags": [
            [
                "All 4K Ultra HD Movies",
                "/browse/movies-tv-shows/all-4k-ultra-hd-movies/4096_3315790_1172214"
            ],
            [
                "Star Wars Movies",
                "/browse/star-wars-movies/4096_1229475"
            ],
            [
                "Instawatch Sci-Fi & Fantasy Movies",
                "/browse/movies-tv-shows/instawatch-sci-fi-fantasy-movies/4096_1228693_2690275"
            ],
            [
                "All Anime & Animation",
                "/browse/movies-tv-shows/all-anime-animation/4096_530598_530699_3849438"
            ],
            [
                "Jurassic World Movies",
                "/browse/jurassic-world-movies/4096_5158093"
            ],
            [
                "Adventure Movies",
                "/browse/movies-tv-shows/adventure-movies/4096_530598_530701_531392"
            ],
            [
                "Family Drama Movies",
                "/browse/movies-tv-shows/family-drama-movies/4096_530598_530701_531398"
            ],
            [
                "Action",
                "/browse/movies-tv-shows/action/4096_530598_530715_531575"
            ]
        ]
    },
    {
        "title": "Maze Runner: Double Feature (Blu-ray)",
        "url": "https://www.walmart.com/ip/Maze-Runner-Double-Feature-Blu-ray/996543295",
        "price": "$19.18",
        "stars": 0,
        "ratings": 0,
        "img": "",
        "tags": [
            [
                "Instawatch Sci-Fi & Fantasy Movies",
                "/browse/movies-tv-shows/instawatch-sci-fi-fantasy-movies/4096_1228693_2690275"
            ],
            [
                "French Movies",
                "/browse/movies-tv-shows/french-movies/4096_530598_530706_531500"
            ],
            [
                "Spanish Language Movies",
                "/browse/movies-tv-shows/spanish-language-movies/4096_530598_530706_531505"
            ],
            [
                "Action",
                "/browse/movies-tv-shows/action/4096_530598_530715_531575"
            ],
            [
                "All Sci-Fi & Fantasy",
                "/browse/movies-tv-shows/all-sci-fi-fantasy/4096_530598_530715_531581"
            ],
            [
                "Instawatch Drama Movies",
                "/browse/movies-tv-shows/instawatch-drama-movies/4096_1228693_5351589"
            ],
            [
                "Instawatch Action & Adventure Movies",
                "/browse/movies-tv-shows/instawatch-action-adventure-movies/4096_1228693_6761985"
            ],
            [
                "All Action & Adventure",
                "/browse/movies-tv-shows/all-action-adventure/4096_530598_530698_8354524"
            ]
        ]
    },
    {
        "title": "The Wolf Man: Complete Legacy Collection (Blu-ray)",
        "url": "https://www.walmart.com/ip/The-Wolf-Man-Complete-Legacy-Collection-Blu-ray/54020238",
        "price": "$26.86",
        "stars": 0,
        "ratings": 0,
        "img": "",
        "tags": [
            [
                "Martial Art Movies",
                "/browse/movies-tv-shows/martial-art-movies/4096_530598_530698_531372"
            ],
            [
                "Animated Drama Movies",
                "/browse/movies-tv-shows/animated-drama-movies/4096_530598_530699_531380"
            ],
            [
                "Family Drama Movies",
                "/browse/movies-tv-shows/family-drama-movies/4096_530598_530701_531398"
            ],
            [
                "Classic Comedies",
                "/browse/movies-tv-shows/classic-comedies/4096_530598_530702_531409"
            ],
            [
                "Classic Horror Movies",
                "/browse/movies-tv-shows/classic-horror-movies/4096_530598_530709_531534"
            ],
            [
                "Classic Sci-Fi",
                "/browse/movies-tv-shows/classic-sci-fi/4096_530598_530715_531578"
            ],
            [
                "DVD Movies",
                "/browse/movies-tv-shows/dvd-movies/4096_8073310_7001804"
            ],
            [
                "All Classics",
                "/browse/movies-tv-shows/all-classics/4096_530598_530702_9070202"
            ]
        ]
    },
    {
        "title": "Star Trek II: The Wrath of Khan (Blu-ray)",
        "url": "https://www.walmart.com/ip/Star-Trek-II-The-Wrath-of-Khan-Blu-ray/11983517",
        "price": "$16.15",
        "stars": "5.0",
        "ratings": "1 ",
        "img": "",
        "tags": [
            [
                "Anime Action",
                "/browse/movies-tv-shows/anime-action/4096_530719_1010219_1010220"
            ],
            [
                "Star Wars Movies",
                "/browse/star-wars-movies/4096_1229475"
            ],
            [
                "Instawatch Sci-Fi & Fantasy Movies",
                "/browse/movies-tv-shows/instawatch-sci-fi-fantasy-movies/4096_1228693_2690275"
            ],
            [
                "Action Drama Movies",
                "/browse/movies-tv-shows/action-drama-movies/4096_530598_530698_45092"
            ],
            [
                "Jurassic World Movies",
                "/browse/jurassic-world-movies/4096_5158093"
            ],
            [
                "Action",
                "/browse/movies-tv-shows/action/4096_530598_530715_531575"
            ],
            [
                "Star Trek",
                "/browse/movies-tv-shows/star-trek/4096_8324305_531585"
            ],
            [
                "Sci-Fi & Fantasy",
                "/browse/movies-tv-shows/sci-fi-fantasy/4096_616859_617014"
            ]
        ]
    },
    {
        "title": "Bleach Box Set 24 (DVD)",
        "url": "https://www.walmart.com/ip/Bleach-Box-Set-24-DVD/43330975",
        "price": "$19.99",
        "stars": 0,
        "ratings": 0,
        "img": "",
        "tags": [
            [
                "Anime Action",
                "/browse/movies-tv-shows/anime-action/4096_530719_1010219_1010220"
            ],
            [
                "All Anime & Animation",
                "/browse/movies-tv-shows/all-anime-animation/4096_530598_530699_3849438"
            ],
            [
                "Anime Movies & TV Shows",
                "/browse/anime-movies-tv-shows/4096_4605228"
            ],
            [
                "Action Romance",
                "/browse/movies-tv-shows/action-romance/4096_530598_530698_50698"
            ],
            [
                "Animated Action Movies",
                "/browse/movies-tv-shows/animated-action-movies/4096_530598_530699_531378"
            ],
            [
                "Japanese Movies",
                "/browse/movies-tv-shows/japanese-movies/4096_530598_530706_531504"
            ],
            [
                "Action",
                "/browse/movies-tv-shows/action/4096_530598_530715_531575"
            ],
            [
                "All Foreign Films",
                "/browse/movies-tv-shows/all-foreign-films/4096_530598_530706_8303015"
            ]
        ]
    },
    {
        "title": "Star Trek X: Nemesis (Blu-ray)",
        "url": "https://www.walmart.com/ip/Star-Trek-X-Nemesis-Blu-ray/23350786",
        "price": "$9.99",
        "stars": "5.0",
        "ratings": "2 ",
        "img": "",
        "tags": [
            [
                "All 4K Ultra HD Movies",
                "/browse/movies-tv-shows/all-4k-ultra-hd-movies/4096_3315790_1172214"
            ],
            [
                "Star Wars Movies",
                "/browse/star-wars-movies/4096_1229475"
            ],
            [
                "Instawatch Sci-Fi & Fantasy Movies",
                "/browse/movies-tv-shows/instawatch-sci-fi-fantasy-movies/4096_1228693_2690275"
            ],
            [
                "Jurassic World Movies",
                "/browse/jurassic-world-movies/4096_5158093"
            ],
            [
                "Action",
                "/browse/movies-tv-shows/action/4096_530598_530715_531575"
            ],
            [
                "Star Trek",
                "/browse/movies-tv-shows/star-trek/4096_8324305_531585"
            ],
            [
                "Sci-Fi & Fantasy",
                "/browse/movies-tv-shows/sci-fi-fantasy/4096_616859_617014"
            ],
            [
                "Instawatch Movies",
                "/browse/movies-tv-shows/instawatch-movies/4096_1228693_9986038"
            ]
        ]
    },
    {
        "title": "Galaxy of Terror (Blu-ray)",
        "url": "https://www.walmart.com/ip/Galaxy-of-Terror-Blu-ray/14304785",
        "price": "$29.64",
        "stars": 0,
        "ratings": 0,
        "img": "",
        "tags": [
            [
                "All 4K Ultra HD Movies",
                "/browse/movies-tv-shows/all-4k-ultra-hd-movies/4096_3315790_1172214"
            ],
            [
                "Jurassic Park Movies",
                "/browse/jurassic-park-movies/4096_1229471"
            ],
            [
                "Star Wars Movies",
                "/browse/star-wars-movies/4096_1229475"
            ],
            [
                "Instawatch Sci-Fi & Fantasy Movies",
                "/browse/movies-tv-shows/instawatch-sci-fi-fantasy-movies/4096_1228693_2690275"
            ],
            [
                "Jurassic World Movies",
                "/browse/jurassic-world-movies/4096_5158093"
            ],
            [
                "Action",
                "/browse/movies-tv-shows/action/4096_530598_530715_531575"
            ],
            [
                "All Action & Adventure",
                "/browse/movies-tv-shows/all-action-adventure/4096_530598_530698_8354524"
            ],
            [
                "Instawatch Movies",
                "/browse/movies-tv-shows/instawatch-movies/4096_1228693_9986038"
            ]
        ]
    },
    {
        "title": "The Duel at Silver Creek (DVD)",
        "url": "https://www.walmart.com/ip/The-Duel-at-Silver-Creek-DVD/14304543",
        "price": "$10.18",
        "stars": "4.7",
        "ratings": "3 ",
        "img": "",
        "tags": [
            [
                "Classic Action Movies",
                "/browse/movies-tv-shows/classic-action-movies/4096_530598_530698_531367"
            ],
            [
                "Western Action & Adventure Movies",
                "/browse/movies-tv-shows/western-action-adventure-movies/4096_530598_530698_531375"
            ],
            [
                "Classic Westerns",
                "/browse/movies-tv-shows/classic-westerns/4096_530598_530702_531414"
            ],
            [
                "Biographies",
                "/browse/movies-tv-shows/biographies/4096_530598_530704_531434"
            ],
            [
                "French Movies",
                "/browse/movies-tv-shows/french-movies/4096_530598_530706_531500"
            ],
            [
                "All Documentaries",
                "/browse/movies-tv-shows/all-documentaries/4096_530598_530704_6867416"
            ],
            [
                "Western",
                "/browse/movies-tv-shows/western/4096_530598_530721_7610094"
            ],
            [
                "All Classics",
                "/browse/movies-tv-shows/all-classics/4096_530598_530702_9070202"
            ]
        ]
    },
    {
        "title": "Ancient Aliens and the New World Order (DVD)",
        "url": "https://www.walmart.com/ip/Ancient-Aliens-and-the-New-World-Order-DVD/46577689",
        "price": "$13.87",
        "stars": "4.0",
        "ratings": "1 ",
        "img": "",
        "tags": [
            [
                "All 4K Ultra HD Movies",
                "/browse/movies-tv-shows/all-4k-ultra-hd-movies/4096_3315790_1172214"
            ],
            [
                "Instawatch Sci-Fi & Fantasy Movies",
                "/browse/movies-tv-shows/instawatch-sci-fi-fantasy-movies/4096_1228693_2690275"
            ],
            [
                "All Horror Movies",
                "/browse/movies-tv-shows/all-horror-movies/4096_530598_530709_50716"
            ],
            [
                "French Movies",
                "/browse/movies-tv-shows/french-movies/4096_530598_530706_531500"
            ],
            [
                "All Sci-Fi & Fantasy",
                "/browse/movies-tv-shows/all-sci-fi-fantasy/4096_530598_530715_531581"
            ],
            [
                "All Documentaries",
                "/browse/movies-tv-shows/all-documentaries/4096_530598_530704_6867416"
            ],
            [
                "Instawatch Horror Movies",
                "/browse/movies-tv-shows/instawatch-horror-movies/4096_1228693_7281735"
            ],
            [
                "Instawatch Movies",
                "/browse/movies-tv-shows/instawatch-movies/4096_1228693_9986038"
            ]
        ]
    },
    {
        "title": "Durango Kids (DVD)",
        "url": "https://www.walmart.com/ip/Durango-Kids-DVD/2310624",
        "price": "$24.98",
        "stars": "4.5",
        "ratings": "2 ",
        "img": "",
        "tags": [
            [
                "Walmart Exclusives",
                "/browse/walmart-exclusives/4096_1095777"
            ],
            [
                "All Anime & Animation",
                "/browse/movies-tv-shows/all-anime-animation/4096_530598_530699_3849438"
            ],
            [
                "Family Drama Movies",
                "/browse/movies-tv-shows/family-drama-movies/4096_530598_530701_531398"
            ],
            [
                "All Sci-Fi & Fantasy",
                "/browse/movies-tv-shows/all-sci-fi-fantasy/4096_530598_530715_531581"
            ],
            [
                "DVD Movies",
                "/browse/movies-tv-shows/dvd-movies/4096_8073310_7001804"
            ],
            [
                "All Children & Family Movies",
                "/browse/movies-tv-shows/all-children-family-movies/4096_530598_530701_9062682"
            ],
            [
                "Harry Potter Movies",
                "/browse/harry-potter-movies/4096_9872761"
            ]
        ]
    }
]