[
    {
        "title": "The Avengers (Marvel) (Blu-ray)",
        "url": "https://www.walmart.com/ip/The-Avengers-Marvel-Blu-ray/843032777",
        "price": "$17.99",
        "stars": "5.0",
        "ratings": "7 ",
        "img": "",
        "tags": [
            [
                "Guardians of the Galaxy Movies & TV Shows",
                "/browse/shop-by-movie/guardians-of-the-galaxy-movies-tv-shows/5920738_2554820_3815842_2734146_1328491"
            ],
            [
                "Iron Man Movies & TV Shows",
                "/browse/shop-by-movie/iron-man-movies-tv-shows/5920738_2554820_3815842_5739491_1354858"
            ],
            [
                "Shop all Iron Man",
                "/browse/shop-by-movie/shop-all-iron-man/5920738_2554820_3815842_5739491_2311507"
            ],
            [
                "Shop all Doctor Strange",
                "/browse/shop-by-movie/shop-all-doctor-strange/5920738_2554820_3815842_3327944_3065396"
            ],
            [
                "Doctor Strange Movies & TV",
                "/browse/shop-by-movie/doctor-strange-movies-tv/5920738_2554820_3815842_3327944_3302214"
            ],
            [
                "Spider-Man Movies & TV Shows",
                "/browse/shop-by-movie/spider-man-movies-tv-shows/5920738_2554820_3815842_4235169_3887840"
            ],
            [
                "Shop all Guardians of the Galaxy",
                "/browse/shop-by-movie/shop-all-guardians-of-the-galaxy/5920738_2554820_3815842_2734146_4204896"
            ],
            [
                "Hulk Movies & TV Shows",
                "/browse/shop-by-movie/hulk-movies-tv-shows/5920738_2554820_3815842_6278001_9465572"
            ]
        ]
    },
    {
        "title": "Death Wish (Blu-ray + DVD)",
        "url": "https://www.walmart.com/ip/Death-Wish-Blu-ray-DVD/782374560",
        "price": "$9.96",
        "stars": "5.0",
        "ratings": "6 ",
        "img": "",
        "tags": [
            [
                "Action Drama Movies",
                "/browse/movies-tv-shows/action-drama-movies/4096_530598_530698_45092"
            ],
            [
                "Action Thriller Movies",
                "/browse/movies-tv-shows/action-thriller-movies/4096_530598_530698_531369"
            ],
            [
                "French Movies",
                "/browse/movies-tv-shows/french-movies/4096_530598_530706_531500"
            ],
            [
                "Spanish Language Movies",
                "/browse/movies-tv-shows/spanish-language-movies/4096_530598_530706_531505"
            ],
            [
                "Supernatural Horror Movies",
                "/browse/movies-tv-shows/supernatural-horror-movies/4096_530598_530709_531537"
            ],
            [
                "Action",
                "/browse/movies-tv-shows/action/4096_530598_530715_531575"
            ],
            [
                "Action & Adventure",
                "/browse/movies-tv-shows/action-adventure/4096_616859_616999"
            ],
            [
                "Instawatch Action & Adventure Movies",
                "/browse/movies-tv-shows/instawatch-action-adventure-movies/4096_1228693_6761985"
            ]
        ]
    },
    {
        "title": "Jack Reacher: Never Go Back (DVD)",
        "url": "https://www.walmart.com/ip/Jack-Reacher-Never-Go-Back-DVD/159823494",
        "price": "$5.00",
        "stars": "4.9",
        "ratings": "7 ",
        "img": "",
        "tags": [
            [
                "Walmart Exclusives",
                "/browse/walmart-exclusives/4096_1095777"
            ],
            [
                "Action Thriller Movies",
                "/browse/movies-tv-shows/action-thriller-movies/4096_530598_530698_531369"
            ],
            [
                "Military & War Action Movies",
                "/browse/movies-tv-shows/military-war-action-movies/4096_530598_530698_531373"
            ],
            [
                "Action",
                "/browse/movies-tv-shows/action/4096_530598_530715_531575"
            ],
            [
                "Instawatch Drama Movies",
                "/browse/movies-tv-shows/instawatch-drama-movies/4096_1228693_5351589"
            ],
            [
                "Instawatch Action & Adventure Movies",
                "/browse/movies-tv-shows/instawatch-action-adventure-movies/4096_1228693_6761985"
            ],
            [
                "DVD Movies",
                "/browse/movies-tv-shows/dvd-movies/4096_8073310_7001804"
            ],
            [
                "Instawatch Movies",
                "/browse/movies-tv-shows/instawatch-movies/4096_1228693_9986038"
            ]
        ]
    },
    {
        "title": "Crouching Tiger, Hidden Dragon (DVD)",
        "url": "https://www.walmart.com/ip/Crouching-Tiger-Hidden-Dragon-DVD/1172589",
        "price": "$8.37",
        "stars": "5.0",
        "ratings": "6 ",
        "img": "",
        "tags": [
            [
                "Action Romance",
                "/browse/movies-tv-shows/action-romance/4096_530598_530698_50698"
            ],
            [
                "Action Comedy Movies",
                "/browse/movies-tv-shows/action-comedy-movies/4096_530598_530698_531368"
            ],
            [
                "Science & Technology",
                "/browse/movies-tv-shows/science-technology/4096_530598_530704_531442"
            ],
            [
                "Chinese Movies",
                "/browse/movies-tv-shows/chinese-movies/4096_530598_530706_531497"
            ],
            [
                "Documentaries",
                "/browse/movies-tv-shows/documentaries/4096_530598_530713_542144"
            ],
            [
                "Action & Adventure 4K Ultra HD Movies",
                "/browse/movies-tv-shows/action-adventure-4k-ultra-hd-movies/4096_3315790_7246133"
            ],
            [
                "Western",
                "/browse/movies-tv-shows/western/4096_530598_530721_7610094"
            ],
            [
                "All Children & Family Movies",
                "/browse/movies-tv-shows/all-children-family-movies/4096_530598_530701_9062682"
            ]
        ]
    },
    {
        "title": "Dante's Peak (Blu-ray)",
        "url": "https://www.walmart.com/ip/Dante-s-Peak-Blu-ray/16539805",
        "price": "$9.99",
        "stars": "4.9",
        "ratings": "8 ",
        "img": "",
        "tags": [
            [
                "Action Drama Movies",
                "/browse/movies-tv-shows/action-drama-movies/4096_530598_530698_45092"
            ],
            [
                "Action",
                "/browse/movies-tv-shows/action/4096_530598_530715_531575"
            ],
            [
                "Instawatch Action & Adventure Movies",
                "/browse/movies-tv-shows/instawatch-action-adventure-movies/4096_1228693_6761985"
            ],
            [
                "DVD Movies",
                "/browse/movies-tv-shows/dvd-movies/4096_8073310_7001804"
            ],
            [
                "Marvel Movies",
                "/browse/marvel-movies/4096_7331601"
            ],
            [
                "All Action & Adventure",
                "/browse/movies-tv-shows/all-action-adventure/4096_530598_530698_8354524"
            ],
            [
                "Instawatch Movies",
                "/browse/movies-tv-shows/instawatch-movies/4096_1228693_9986038"
            ]
        ]
    },
    {
        "title": "Southpaw (DVD)",
        "url": "https://www.walmart.com/ip/Southpaw-DVD/46795796",
        "price": "$7.29",
        "stars": "5.0",
        "ratings": "6 ",
        "img": "",
        "tags": [
            [
                "Steelbook Movies & TV Shows",
                "/browse/steelbook-movies-tv-shows/4096_1898233"
            ],
            [
                "Instawatch Comedy Movies",
                "/browse/movies-tv-shows/instawatch-comedy-movies/4096_1228693_2759224"
            ],
            [
                "Sports",
                "/browse/movies-tv-shows/sports/4096_530598_530705_531450"
            ],
            [
                "Instawatch Drama Movies",
                "/browse/movies-tv-shows/instawatch-drama-movies/4096_1228693_5351589"
            ],
            [
                "Instawatch Action & Adventure Movies",
                "/browse/movies-tv-shows/instawatch-action-adventure-movies/4096_1228693_6761985"
            ],
            [
                "DVD Movies",
                "/browse/movies-tv-shows/dvd-movies/4096_8073310_7001804"
            ],
            [
                "All Action & Adventure",
                "/browse/movies-tv-shows/all-action-adventure/4096_530598_530698_8354524"
            ],
            [
                "All Comedy",
                "/browse/movies-tv-shows/all-comedy/4096_530598_530703_8423591"
            ]
        ]
    },
    {
        "title": "Escape Plan: 3-Film Collection (DVD)",
        "url": "https://www.walmart.com/ip/Escape-Plan-3-Film-Collection-DVD/907627687",
        "price": "$13.99",
        "stars": "3.0",
        "ratings": "2 ",
        "img": "",
        "tags": [
            [
                "All 4K Ultra HD Movies",
                "/browse/movies-tv-shows/all-4k-ultra-hd-movies/4096_3315790_1172214"
            ],
            [
                "All Mystery & Suspense",
                "/browse/movies-tv-shows/all-mystery-suspense/4096_530598_530711_3034275"
            ],
            [
                "All Horror Movies",
                "/browse/movies-tv-shows/all-horror-movies/4096_530598_530709_50716"
            ],
            [
                "Martial Art Movies",
                "/browse/movies-tv-shows/martial-art-movies/4096_530598_530698_531372"
            ],
            [
                "French Movies",
                "/browse/movies-tv-shows/french-movies/4096_530598_530706_531500"
            ],
            [
                "Spanish Language Movies",
                "/browse/movies-tv-shows/spanish-language-movies/4096_530598_530706_531505"
            ],
            [
                "New Release Movies",
                "/browse/new-release-movies/4096_6942910"
            ],
            [
                "Action & Adventure 4K Ultra HD Movies",
                "/browse/movies-tv-shows/action-adventure-4k-ultra-hd-movies/4096_3315790_7246133"
            ]
        ]
    },
    {
        "title": "Doctor Strange (Blu-ray)",
        "url": "https://www.walmart.com/ip/Doctor-Strange-Blu-ray/803265400",
        "price": "$19.99",
        "stars": "3.7",
        "ratings": "3 ",
        "img": "",
        "tags": [
            [
                "Guardians of the Galaxy Movies & TV Shows",
                "/browse/shop-by-movie/guardians-of-the-galaxy-movies-tv-shows/5920738_2554820_3815842_2734146_1328491"
            ],
            [
                "Iron Man Movies & TV Shows",
                "/browse/shop-by-movie/iron-man-movies-tv-shows/5920738_2554820_3815842_5739491_1354858"
            ],
            [
                "Avengers Movies & Shows",
                "/browse/shop-by-movie/avengers-movies-shows/5920738_2554820_1877019_2340011_1460336"
            ],
            [
                "Shop all Thor",
                "/browse/shop-by-movie/shop-all-thor/5920738_2554820_3815842_6933626_2925750"
            ],
            [
                "Shop all Doctor Strange",
                "/browse/shop-by-movie/shop-all-doctor-strange/5920738_2554820_3815842_3327944_3065396"
            ],
            [
                "Spider-Man Movies & TV Shows",
                "/browse/shop-by-movie/spider-man-movies-tv-shows/5920738_2554820_3815842_4235169_3887840"
            ],
            [
                "Shop all Guardians of the Galaxy",
                "/browse/shop-by-movie/shop-all-guardians-of-the-galaxy/5920738_2554820_3815842_2734146_4204896"
            ],
            [
                "Hulk Movies & TV Shows",
                "/browse/shop-by-movie/hulk-movies-tv-shows/5920738_2554820_3815842_6278001_9465572"
            ]
        ]
    },
    {
        "title": "Jason Bourne (DVD)",
        "url": "https://www.walmart.com/ip/Jason-Bourne-DVD/54282407",
        "price": "$7.19",
        "stars": "4.5",
        "ratings": "22 ",
        "img": "",
        "tags": [
            [
                "All Mystery & Suspense",
                "/browse/movies-tv-shows/all-mystery-suspense/4096_530598_530711_3034275"
            ],
            [
                "All Anime & Animation",
                "/browse/movies-tv-shows/all-anime-animation/4096_530598_530699_3849438"
            ],
            [
                "Classic Action Movies",
                "/browse/movies-tv-shows/classic-action-movies/4096_530598_530698_531367"
            ],
            [
                "Animated Drama Movies",
                "/browse/movies-tv-shows/animated-drama-movies/4096_530598_530699_531380"
            ],
            [
                "Sports Documentary",
                "/browse/movies-tv-shows/sports-documentary/4096_530719_530717_531612"
            ],
            [
                "Action & Adventure",
                "/browse/movies-tv-shows/action-adventure/4096_616859_616999"
            ],
            [
                "Children & Family",
                "/browse/movies-tv-shows/children-family/4096_616859_617001"
            ],
            [
                "Instawatch Action & Adventure Movies",
                "/browse/movies-tv-shows/instawatch-action-adventure-movies/4096_1228693_6761985"
            ]
        ]
    },
    {
        "title": "Green Lantern (DVD + Digital Copy)",
        "url": "https://www.walmart.com/ip/Green-Lantern-DVD-Digital-Copy/17281897",
        "price": "$8.13",
        "stars": "4.5",
        "ratings": "39 ",
        "img": "",
        "tags": [
            [
                "Action Drama Movies",
                "/browse/movies-tv-shows/action-drama-movies/4096_530598_530698_45092"
            ],
            [
                "Action Romance",
                "/browse/movies-tv-shows/action-romance/4096_530598_530698_50698"
            ],
            [
                "Action",
                "/browse/movies-tv-shows/action/4096_530598_530715_531575"
            ],
            [
                "All Sci-Fi & Fantasy",
                "/browse/movies-tv-shows/all-sci-fi-fantasy/4096_530598_530715_531581"
            ],
            [
                "Instawatch Action & Adventure Movies",
                "/browse/movies-tv-shows/instawatch-action-adventure-movies/4096_1228693_6761985"
            ],
            [
                "Marvel Movies",
                "/browse/marvel-movies/4096_7331601"
            ],
            [
                "All Action & Adventure",
                "/browse/movies-tv-shows/all-action-adventure/4096_530598_530698_8354524"
            ]
        ]
    }
]