[
    {
        "title": "Safe House (DVD)",
        "url": "https://www.walmart.com/ip/Safe-House-DVD/20655910",
        "price": "$3.99",
        "stars": "4.6",
        "ratings": "18 ",
        "img": "",
        "tags": [
            [
                "Instawatch Military & War Movies",
                "/browse/movies-tv-shows/instawatch-military-war-movies/4096_1228693_3006321"
            ],
            [
                "Action Drama Movies",
                "/browse/movies-tv-shows/action-drama-movies/4096_530598_530698_45092"
            ],
            [
                "All War & Military Movies",
                "/browse/movies-tv-shows/all-war-military-movies/4096_530598_530720_531682"
            ],
            [
                "Instawatch Drama Movies",
                "/browse/movies-tv-shows/instawatch-drama-movies/4096_1228693_5351589"
            ],
            [
                "Instawatch Action & Adventure Movies",
                "/browse/movies-tv-shows/instawatch-action-adventure-movies/4096_1228693_6761985"
            ],
            [
                "DVD Movies",
                "/browse/movies-tv-shows/dvd-movies/4096_8073310_7001804"
            ],
            [
                "All Action & Adventure",
                "/browse/movies-tv-shows/all-action-adventure/4096_530598_530698_8354524"
            ],
            [
                "Instawatch Movies",
                "/browse/movies-tv-shows/instawatch-movies/4096_1228693_9986038"
            ]
        ]
    },
    {
        "title": "Happy Spook-Day, Scooby-Doo! (DVD)",
        "url": "https://www.walmart.com/ip/Happy-Spook-Day-Scooby-Doo-DVD/55765793",
        "price": "$8.83",
        "stars": "4.5",
        "ratings": "2 ",
        "img": "",
        "tags": [
            [
                "All Scooby Doo Toys",
                "/browse/shop-by-movie/all-scooby-doo-toys/5920738_1719362_1562961_1243150"
            ],
            [
                "Scooby Doo Costumes",
                "/browse/shop-by-movie/scooby-doo-costumes/5920738_1719362_1594617"
            ],
            [
                "Shaggy",
                "/browse/shop-by-movie/shaggy/5920738_1719362_6372672_1944938"
            ],
            [
                "Fred",
                "/browse/shop-by-movie/fred/5920738_1719362_6372672_2802882"
            ],
            [
                "Daphne",
                "/browse/shop-by-movie/daphne/5920738_1719362_6372672_4673628"
            ],
            [
                "All Scooby Doo Clothing",
                "/browse/shop-by-movie/all-scooby-doo-clothing/5920738_1719362_6392497_4803239"
            ],
            [
                "All Scooby Doo",
                "/browse/shop-by-movie/all-scooby-doo/5920738_1719362_6111928"
            ],
            [
                "Velma",
                "/browse/shop-by-movie/velma/5920738_1719362_6372672_6121938"
            ]
        ]
    },
    {
        "title": "Miracle (DVD)",
        "url": "https://www.walmart.com/ip/Miracle-DVD/2607111",
        "price": "$4.99",
        "stars": "4.9",
        "ratings": "12 ",
        "img": "",
        "tags": [
            [
                "All Anime & Animation",
                "/browse/movies-tv-shows/all-anime-animation/4096_530598_530699_3849438"
            ],
            [
                "Action Drama Movies",
                "/browse/movies-tv-shows/action-drama-movies/4096_530598_530698_45092"
            ],
            [
                "Animated Drama Movies",
                "/browse/movies-tv-shows/animated-drama-movies/4096_530598_530699_531380"
            ],
            [
                "Sports",
                "/browse/movies-tv-shows/sports/4096_530598_530705_531450"
            ],
            [
                "General Sports TV Shows",
                "/browse/movies-tv-shows/general-sports-tv-shows/4096_530719_530717_531605"
            ],
            [
                "Sports Drama TV Shows",
                "/browse/movies-tv-shows/sports-drama-tv-shows/4096_530719_530717_531613"
            ],
            [
                "Movies About Race",
                "/browse/movies-about-race/4096_6277374"
            ]
        ]
    },
    {
        "title": "The Sixth Sense / The Village / Signs (DVD)",
        "url": "https://www.walmart.com/ip/The-Sixth-Sense-The-Village-Signs-DVD/13907595",
        "price": "$13.99",
        "stars": "4.9",
        "ratings": "9 ",
        "img": "",
        "tags": [
            [
                "All Mystery & Suspense",
                "/browse/movies-tv-shows/all-mystery-suspense/4096_530598_530711_3034275"
            ],
            [
                "All Horror Movies",
                "/browse/movies-tv-shows/all-horror-movies/4096_530598_530709_50716"
            ],
            [
                "Family Classic Movies",
                "/browse/movies-tv-shows/family-classic-movies/4096_530598_530701_531396"
            ],
            [
                "Supernatural Horror Movies",
                "/browse/movies-tv-shows/supernatural-horror-movies/4096_530598_530709_531537"
            ],
            [
                "Action",
                "/browse/movies-tv-shows/action/4096_530598_530715_531575"
            ],
            [
                "All Sci-Fi & Fantasy",
                "/browse/movies-tv-shows/all-sci-fi-fantasy/4096_530598_530715_531581"
            ],
            [
                "DVD Movies",
                "/browse/movies-tv-shows/dvd-movies/4096_8073310_7001804"
            ],
            [
                "All Action & Adventure",
                "/browse/movies-tv-shows/all-action-adventure/4096_530598_530698_8354524"
            ]
        ]
    },
    {
        "title": "The Distinguished Gentleman (DVD)",
        "url": "https://www.walmart.com/ip/The-Distinguished-Gentleman-DVD/1088868",
        "price": "$4.99",
        "stars": "4.5",
        "ratings": "4 ",
        "img": "",
        "tags": [
            [
                "Instawatch Comedy Movies",
                "/browse/movies-tv-shows/instawatch-comedy-movies/4096_1228693_2759224"
            ],
            [
                "Animated Drama Movies",
                "/browse/movies-tv-shows/animated-drama-movies/4096_530598_530699_531380"
            ],
            [
                "Slapstick Comedy",
                "/browse/movies-tv-shows/slapstick-comedy/4096_530598_530703_531429"
            ],
            [
                "Instawatch Drama Movies",
                "/browse/movies-tv-shows/instawatch-drama-movies/4096_1228693_5351589"
            ],
            [
                "Movies About Race",
                "/browse/movies-about-race/4096_6277374"
            ],
            [
                "DVD Movies",
                "/browse/movies-tv-shows/dvd-movies/4096_8073310_7001804"
            ],
            [
                "All Comedy",
                "/browse/movies-tv-shows/all-comedy/4096_530598_530703_8423591"
            ],
            [
                "Instawatch Movies",
                "/browse/movies-tv-shows/instawatch-movies/4096_1228693_9986038"
            ]
        ]
    },
    {
        "title": "The Land Before Time (DVD)",
        "url": "https://www.walmart.com/ip/The-Land-Before-Time-DVD/44674823",
        "price": "$5.00",
        "stars": "5.0",
        "ratings": "1 ",
        "img": "",
        "tags": [
            [
                "All Anime & Animation",
                "/browse/movies-tv-shows/all-anime-animation/4096_530598_530699_3849438"
            ],
            [
                "Animated Drama Movies",
                "/browse/movies-tv-shows/animated-drama-movies/4096_530598_530699_531380"
            ],
            [
                "Family Cartoon Movies",
                "/browse/movies-tv-shows/family-cartoon-movies/4096_530598_530701_531385"
            ],
            [
                "Adventure Movies",
                "/browse/movies-tv-shows/adventure-movies/4096_530598_530701_531392"
            ],
            [
                "Family Comedy Movies",
                "/browse/movies-tv-shows/family-comedy-movies/4096_530598_530701_531397"
            ],
            [
                "Family Drama Movies",
                "/browse/movies-tv-shows/family-drama-movies/4096_530598_530701_531398"
            ],
            [
                "Boxed Sets & Collections Movies & TV",
                "/browse/boxed-sets-collections-movies-tv/4096_5732611"
            ],
            [
                "All Children & Family Movies",
                "/browse/movies-tv-shows/all-children-family-movies/4096_530598_530701_9062682"
            ]
        ]
    },
    {
        "title": "Ruthless People (DVD)",
        "url": "https://www.walmart.com/ip/Ruthless-People-DVD/1850791",
        "price": "$4.99",
        "stars": "4.4",
        "ratings": "13 ",
        "img": "",
        "tags": [
            [
                "Shop STEM ages 12 and Up",
                "/browse/feature/shop-stem-ages-12-up/14503_6502732_8574738_2904408"
            ],
            [
                "Shop All Smurfs",
                "/browse/feature/shop-all-smurfs/14503_4407719_3954538_2048583_3966025"
            ],
            [
                "Shop All Goonies",
                "/browse/feature/shop-all-goonies/14503_4407719_3954538_5184562_4599522"
            ],
            [
                "Shop All Teenage Mutant Ninja Turtles",
                "/browse/feature/shop-all-teenage-mutant-ninja-turtles/14503_4407719_3954538_4511675_5457064"
            ],
            [
                "Michael Jordan Shop All",
                "/browse/feature/michael-jordan-shop-all/14503_3195517_4958644_4236743_9970238_7418059"
            ],
            [
                "Shop All Gremlins",
                "/browse/feature/shop-all-gremlins/14503_4407719_3954538_5790145_7574966"
            ],
            [
                "Shop All Transformers",
                "/browse/feature/shop-all-transformers/14503_4407719_3954538_4878656_8675692"
            ],
            [
                "Pinky and the Brain Shop All",
                "/browse/feature/pinky-the-brain-shop-all/14503_3195517_1964194_7667282_8858191"
            ]
        ]
    },
    {
        "title": "Monster House (Blu-ray + DVD)",
        "url": "https://www.walmart.com/ip/Monster-House-Blu-ray-DVD/48944944",
        "price": "$7.19",
        "stars": "5.0",
        "ratings": "1 ",
        "img": "",
        "tags": [
            [
                "Instawatch Animation Movies",
                "/browse/movies-tv-shows/instawatch-animation-movies/4096_1228693_3169926"
            ],
            [
                "Animation & Cartoons",
                "/browse/movies-tv-shows/animation-cartoons/4096_530598_530701_531395"
            ],
            [
                "Family Comedy Movies",
                "/browse/movies-tv-shows/family-comedy-movies/4096_530598_530701_531397"
            ],
            [
                "Family Drama Movies",
                "/browse/movies-tv-shows/family-drama-movies/4096_530598_530701_531398"
            ],
            [
                "Instawatch Drama Movies",
                "/browse/movies-tv-shows/instawatch-drama-movies/4096_1228693_5351589"
            ],
            [
                "All Children & Family Movies",
                "/browse/movies-tv-shows/all-children-family-movies/4096_530598_530701_9062682"
            ],
            [
                "Instawatch Kids and Family Movies",
                "/browse/movies-tv-shows/instawatch-kids-family-movies/4096_1228693_9809738"
            ]
        ]
    },
    {
        "title": "Over the Garden Wall (DVD)",
        "url": "https://www.walmart.com/ip/Over-the-Garden-Wall-DVD/46088132",
        "price": "$13.14",
        "stars": "5.0",
        "ratings": "4 ",
        "img": "",
        "tags": [
            [
                "Other Halloween Accessories",
                "/browse/party-occasions/other-halloween-accessories/2637_615760_1087251_1087065"
            ],
            [
                "Trick-or-Treat Bags",
                "/browse/party-occasions/trick-treat-bags/2637_615760_1087431"
            ],
            [
                "Halloween Masks",
                "/browse/party-occasions/halloween-masks/2637_615760_1087251_1107153"
            ],
            [
                "Halloween Baking & Cooking Supplies",
                "/browse/party-occasions/halloween-baking-cooking-supplies/2637_615760_1073684_1227874"
            ],
            [
                "Witch Costumes",
                "/browse/party-occasions/witch-costumes/2637_615760_1088766_1054059_4184691_1997918"
            ],
            [
                "Scary Costumes",
                "/browse/party-occasions/scary-costumes/2637_615760_1088766_2327096_4882150"
            ],
            [
                "Other Men's Halloween Costumes",
                "/browse/party-occasions/other-mens-halloween-costumes/2637_615760_1088766_1054059_7955173_615799"
            ],
            [
                "Halloween Party Tableware",
                "/browse/party-occasions/halloween-party-tableware/2637_1042319_6339104_8922081"
            ]
        ]
    },
    {
        "title": "Schoolhouse Rock (Special 30th Anniversary Edition) (DVD)",
        "url": "https://www.walmart.com/ip/Schoolhouse-Rock-Special-30th-Anniversary-Edition-DVD/1763042",
        "price": "$9.99",
        "stars": "4.9",
        "ratings": "84 ",
        "img": "",
        "tags": [
            [
                "Schwinn",
                "/browse/shop-by-brand/schwinn/3734780_5678070_2009475"
            ],
            [
                "Cosco",
                "/browse/shop-by-brand/cosco/3734780_8307801_2281254"
            ],
            [
                "LEGO Movie 2 Building Sets",
                "/browse/shop-by-brand/lego-movie-2-building-sets/3734780_6107448_6869052_2473983"
            ],
            [
                "Evenflo",
                "/browse/shop-by-brand/evenflo/3734780_8278971_2658945"
            ],
            [
                "Delta Children",
                "/browse/shop-by-brand/delta-children/3734780_8278971_6524578"
            ],
            [
                "Safety 1st",
                "/browse/shop-by-brand/safety-1st/3734780_8278971_6569481"
            ],
            [
                "HUGGIES",
                "/browse/shop-by-brand/huggies/3734780_8278971_8026794"
            ],
            [
                "Graco",
                "/browse/shop-by-brand/graco/3734780_8278971_8679415"
            ]
        ]
    }
]