[
    {
        "title": "Striptease (Unrated) (DVD)",
        "url": "https://www.walmart.com/ip/Striptease-Unrated-DVD/53250538",
        "price": "$9.49",
        "stars": "5.0",
        "ratings": "2 ",
        "img": "",
        "tags": [
            [
                "Instawatch Comedy Movies",
                "/browse/movies-tv-shows/instawatch-comedy-movies/4096_1228693_2759224"
            ],
            [
                "All Anime & Animation",
                "/browse/movies-tv-shows/all-anime-animation/4096_530598_530699_3849438"
            ],
            [
                "Action Drama Movies",
                "/browse/movies-tv-shows/action-drama-movies/4096_530598_530698_45092"
            ],
            [
                "Animated Drama Movies",
                "/browse/movies-tv-shows/animated-drama-movies/4096_530598_530699_531380"
            ],
            [
                "Romantic Comedies",
                "/browse/movies-tv-shows/romantic-comedies/4096_530598_530714_531570"
            ],
            [
                "DVD Movies",
                "/browse/movies-tv-shows/dvd-movies/4096_8073310_7001804"
            ],
            [
                "All Action & Adventure",
                "/browse/movies-tv-shows/all-action-adventure/4096_530598_530698_8354524"
            ]
        ]
    },
    {
        "title": "Goosebumps (Blu-ray + DVD)",
        "url": "https://www.walmart.com/ip/Goosebumps-Blu-ray-DVD/47760315",
        "price": "$8.41",
        "stars": "4.6",
        "ratings": "10 ",
        "img": "",
        "tags": [
            [
                "Instawatch Comedy Movies",
                "/browse/movies-tv-shows/instawatch-comedy-movies/4096_1228693_2759224"
            ],
            [
                "Family Comedy Movies",
                "/browse/movies-tv-shows/family-comedy-movies/4096_530598_530701_531397"
            ],
            [
                "Japanese Movies",
                "/browse/movies-tv-shows/japanese-movies/4096_530598_530706_531504"
            ],
            [
                "Mystery & Suspense",
                "/browse/movies-tv-shows/mystery-suspense/4096_616859_617010"
            ],
            [
                "Men In Black Movies",
                "/browse/movies-tv-shows/men-in-black-movies/4096_530598_7840041"
            ],
            [
                "All Comedy",
                "/browse/movies-tv-shows/all-comedy/4096_530598_530703_8423591"
            ],
            [
                "Instawatch Mystery & Suspense Movies",
                "/browse/movies-tv-shows/instawatch-mystery-suspense-movies/4096_1228693_8642119"
            ],
            [
                "Instawatch Kids and Family Movies",
                "/browse/movies-tv-shows/instawatch-kids-family-movies/4096_1228693_9809738"
            ]
        ]
    },
    {
        "title": "The Bad News Bears (DVD)",
        "url": "https://www.walmart.com/ip/The-Bad-News-Bears-DVD/55729003",
        "price": "$5.99",
        "stars": "5.0",
        "ratings": "1 ",
        "img": "",
        "tags": [
            [
                "Summer Picks",
                "/browse/movies-tv-shows/summer-picks/4096_2889131_1253331"
            ],
            [
                "Animated Drama Movies",
                "/browse/movies-tv-shows/animated-drama-movies/4096_530598_530699_531380"
            ],
            [
                "Slapstick Comedy",
                "/browse/movies-tv-shows/slapstick-comedy/4096_530598_530703_531429"
            ],
            [
                "Sports Comedy",
                "/browse/movies-tv-shows/sports-comedy/4096_530598_530703_531431"
            ],
            [
                "Romantic Comedy",
                "/browse/movies-tv-shows/romantic-comedy/4096_530598_530703_532436"
            ],
            [
                "DVD Movies",
                "/browse/movies-tv-shows/dvd-movies/4096_8073310_7001804"
            ],
            [
                "All Comedy",
                "/browse/movies-tv-shows/all-comedy/4096_530598_530703_8423591"
            ]
        ]
    },
    {
        "title": "Fantastic Mr. Fox (DVD)",
        "url": "https://www.walmart.com/ip/Fantastic-Mr-Fox-DVD/13437633",
        "price": "$9.62",
        "stars": "4.5",
        "ratings": "11 ",
        "img": "",
        "tags": [
            [
                "Action Comedy Movies",
                "/browse/movies-tv-shows/action-comedy-movies/4096_530598_530698_531368"
            ],
            [
                "Animated Comedy Movies",
                "/browse/movies-tv-shows/animated-comedy-movies/4096_530598_530699_531379"
            ],
            [
                "Animated Drama Movies",
                "/browse/movies-tv-shows/animated-drama-movies/4096_530598_530699_531380"
            ],
            [
                "Animation",
                "/browse/movies-tv-shows/animation/4096_616859_617000"
            ],
            [
                "DVD Movies",
                "/browse/movies-tv-shows/dvd-movies/4096_8073310_7001804"
            ],
            [
                "All Action & Adventure",
                "/browse/movies-tv-shows/all-action-adventure/4096_530598_530698_8354524"
            ],
            [
                "All Children & Family Movies",
                "/browse/movies-tv-shows/all-children-family-movies/4096_530598_530701_9062682"
            ]
        ]
    },
    {
        "title": "All of Me (DVD)",
        "url": "https://www.walmart.com/ip/All-of-Me-DVD/1080735",
        "price": "$7.99",
        "stars": "4.7",
        "ratings": "15 ",
        "img": "",
        "tags": []
    },
    {
        "title": "The Sandlot (DVD)",
        "url": "https://www.walmart.com/ip/The-Sandlot-DVD/10737019",
        "price": "$11.62",
        "stars": "4.9",
        "ratings": "48 ",
        "img": "",
        "tags": [
            [
                "Summer Picks",
                "/browse/movies-tv-shows/summer-picks/4096_2889131_1253331"
            ],
            [
                "Animated Drama Movies",
                "/browse/movies-tv-shows/animated-drama-movies/4096_530598_530699_531380"
            ],
            [
                "Family Drama Movies",
                "/browse/movies-tv-shows/family-drama-movies/4096_530598_530701_531398"
            ],
            [
                "Sports Comedy",
                "/browse/movies-tv-shows/sports-comedy/4096_530598_530703_531431"
            ],
            [
                "DVD Movies",
                "/browse/movies-tv-shows/dvd-movies/4096_8073310_7001804"
            ],
            [
                "All Comedy",
                "/browse/movies-tv-shows/all-comedy/4096_530598_530703_8423591"
            ],
            [
                "All Children & Family Movies",
                "/browse/movies-tv-shows/all-children-family-movies/4096_530598_530701_9062682"
            ]
        ]
    },
    {
        "title": "Grease (40th Anniversary Edition) (Blu-ray + DVD + Digital Copy)",
        "url": "https://www.walmart.com/ip/Grease-40th-Anniversary-Edition-Blu-ray-DVD-Digital-Copy/568699203",
        "price": "$13.00",
        "stars": "5.0",
        "ratings": "8 ",
        "img": "",
        "tags": [
            [
                "Instawatch Romantic Comedies",
                "/browse/movies-tv-shows/instawatch-romantic-comedies/4096_1228693_1550831"
            ],
            [
                "Instawatch Comedy Movies",
                "/browse/movies-tv-shows/instawatch-comedy-movies/4096_1228693_2759224"
            ],
            [
                "Performing Arts",
                "/browse/movies-tv-shows/performing-arts/4096_530598_530704_531444"
            ],
            [
                "Romantic Comedy",
                "/browse/movies-tv-shows/romantic-comedy/4096_530598_530703_532436"
            ],
            [
                "Instawatch Romance Movies",
                "/browse/movies-tv-shows/instawatch-romance-movies/4096_1228693_5409118"
            ],
            [
                "All Music & Performance",
                "/browse/movies-tv-shows/all-music-performance/4096_530598_530712_5576968"
            ],
            [
                "All Comedy",
                "/browse/movies-tv-shows/all-comedy/4096_530598_530703_8423591"
            ],
            [
                "Instawatch Movies",
                "/browse/movies-tv-shows/instawatch-movies/4096_1228693_9986038"
            ]
        ]
    },
    {
        "title": "Seems Like Old Times (DVD)",
        "url": "https://www.walmart.com/ip/Seems-Like-Old-Times-DVD/1857121",
        "price": "$7.99",
        "stars": "5.0",
        "ratings": "15 ",
        "img": "",
        "tags": [
            [
                "All Mystery & Suspense",
                "/browse/movies-tv-shows/all-mystery-suspense/4096_530598_530711_3034275"
            ],
            [
                "French Movies",
                "/browse/movies-tv-shows/french-movies/4096_530598_530706_531500"
            ],
            [
                "Spanish Language Movies",
                "/browse/movies-tv-shows/spanish-language-movies/4096_530598_530706_531505"
            ],
            [
                "All Sci-Fi & Fantasy",
                "/browse/movies-tv-shows/all-sci-fi-fantasy/4096_530598_530715_531581"
            ],
            [
                "Romantic Comedy",
                "/browse/movies-tv-shows/romantic-comedy/4096_530598_530703_532436"
            ],
            [
                "DVD Movies",
                "/browse/movies-tv-shows/dvd-movies/4096_8073310_7001804"
            ],
            [
                "Men In Black Movies",
                "/browse/movies-tv-shows/men-in-black-movies/4096_530598_7840041"
            ],
            [
                "All Comedy",
                "/browse/movies-tv-shows/all-comedy/4096_530598_530703_8423591"
            ]
        ]
    },
    {
        "title": "Will & Grace: The Revival: Season Three (DVD)",
        "url": "https://www.walmart.com/ip/Will-Grace-The-Revival-Season-Three-DVD/813871975",
        "price": "$28.48",
        "stars": "2.8",
        "ratings": "5 ",
        "img": "",
        "tags": [
            [
                "Summer Picks",
                "/browse/movies-tv-shows/summer-picks/4096_2889131_1253331"
            ],
            [
                "Instawatch Comedy Movies",
                "/browse/movies-tv-shows/instawatch-comedy-movies/4096_1228693_2759224"
            ],
            [
                "Romantic Comedies",
                "/browse/movies-tv-shows/romantic-comedies/4096_530598_530714_531570"
            ],
            [
                "Romantic Comedy",
                "/browse/movies-tv-shows/romantic-comedy/4096_530598_530703_532436"
            ],
            [
                "Instawatch Drama Movies",
                "/browse/movies-tv-shows/instawatch-drama-movies/4096_1228693_5351589"
            ],
            [
                "DVD Movies",
                "/browse/movies-tv-shows/dvd-movies/4096_8073310_7001804"
            ],
            [
                "Instawatch Movies",
                "/browse/movies-tv-shows/instawatch-movies/4096_1228693_9986038"
            ]
        ]
    },
    {
        "title": "Ghostbusters (4K Ultra HD + Blu-ray)",
        "url": "https://www.walmart.com/ip/Ghostbusters-4K-Ultra-HD-Blu-ray/51102165",
        "price": "$19.99",
        "stars": "5.0",
        "ratings": "2 ",
        "img": "",
        "tags": [
            [
                "Instawatch Sci-Fi & Fantasy Movies",
                "/browse/movies-tv-shows/instawatch-sci-fi-fantasy-movies/4096_1228693_2690275"
            ],
            [
                "Instawatch Comedy Movies",
                "/browse/movies-tv-shows/instawatch-comedy-movies/4096_1228693_2759224"
            ],
            [
                "Action",
                "/browse/movies-tv-shows/action/4096_530598_530715_531575"
            ],
            [
                "All Sci-Fi & Fantasy",
                "/browse/movies-tv-shows/all-sci-fi-fantasy/4096_530598_530715_531581"
            ],
            [
                "Instawatch Action & Adventure Movies",
                "/browse/movies-tv-shows/instawatch-action-adventure-movies/4096_1228693_6761985"
            ],
            [
                "Action & Adventure 4K Ultra HD Movies",
                "/browse/movies-tv-shows/action-adventure-4k-ultra-hd-movies/4096_3315790_7246133"
            ],
            [
                "Marvel Movies",
                "/browse/marvel-movies/4096_7331601"
            ],
            [
                "Sci-Fi & Fantasy 4K Ultra HD Movies",
                "/browse/movies-tv-shows/sci-fi-fantasy-4k-ultra-hd-movies/4096_3315790_9416119"
            ]
        ]
    }
]