[
    {
        "title": "Hook (4K Ultra HD + Blu-ray + Digital Copy)",
        "url": "https://www.walmart.com/ip/Hook-4K-Ultra-HD-Blu-ray-Digital-Copy/792152242",
        "price": "$10.99",
        "stars": 0,
        "ratings": 0,
        "img": "",
        "tags": [
            [
                "Action Drama Movies",
                "/browse/movies-tv-shows/action-drama-movies/4096_530598_530698_45092"
            ],
            [
                "Adventure Movies",
                "/browse/movies-tv-shows/adventure-movies/4096_530598_530701_531392"
            ],
            [
                "Historical",
                "/browse/movies-tv-shows/historical/4096_530598_530704_531436"
            ],
            [
                "French Movies",
                "/browse/movies-tv-shows/french-movies/4096_530598_530706_531500"
            ],
            [
                "All Sci-Fi & Fantasy",
                "/browse/movies-tv-shows/all-sci-fi-fantasy/4096_530598_530715_531581"
            ],
            [
                "Children & Family",
                "/browse/movies-tv-shows/children-family/4096_616859_617001"
            ],
            [
                "Instawatch Kids and Family Movies",
                "/browse/movies-tv-shows/instawatch-kids-family-movies/4096_1228693_9809738"
            ],
            [
                "Instawatch Movies",
                "/browse/movies-tv-shows/instawatch-movies/4096_1228693_9986038"
            ]
        ]
    },
    {
        "title": "The Sandlot (DVD)",
        "url": "https://www.walmart.com/ip/The-Sandlot-DVD/10737019",
        "price": "$11.62",
        "stars": "4.9",
        "ratings": "48 ",
        "img": "",
        "tags": [
            [
                "Summer Picks",
                "/browse/movies-tv-shows/summer-picks/4096_2889131_1253331"
            ],
            [
                "Animated Drama Movies",
                "/browse/movies-tv-shows/animated-drama-movies/4096_530598_530699_531380"
            ],
            [
                "Family Drama Movies",
                "/browse/movies-tv-shows/family-drama-movies/4096_530598_530701_531398"
            ],
            [
                "Sports Comedy",
                "/browse/movies-tv-shows/sports-comedy/4096_530598_530703_531431"
            ],
            [
                "DVD Movies",
                "/browse/movies-tv-shows/dvd-movies/4096_8073310_7001804"
            ],
            [
                "All Comedy",
                "/browse/movies-tv-shows/all-comedy/4096_530598_530703_8423591"
            ],
            [
                "All Children & Family Movies",
                "/browse/movies-tv-shows/all-children-family-movies/4096_530598_530701_9062682"
            ]
        ]
    },
    {
        "title": "Shimmer and Shine: Magical Pets of Zahramay Falls (DVD)",
        "url": "https://www.walmart.com/ip/Shimmer-and-Shine-Magical-Pets-of-Zahramay-Falls-DVD/55951099",
        "price": "$5.00",
        "stars": "5.0",
        "ratings": "4 ",
        "img": "",
        "tags": [
            [
                "Anime for Children",
                "/browse/movies-tv-shows/anime-for-children/4096_530719_1010219_1010226"
            ],
            [
                "All Animation & Cartoons",
                "/browse/movies-tv-shows/all-animation-cartoons/4096_530719_1010219_1010227"
            ],
            [
                "Walmart Exclusives",
                "/browse/walmart-exclusives/4096_1095777"
            ],
            [
                "Paw Patrol Movies",
                "/browse/paw-patrol-movies/4096_2901676"
            ],
            [
                "All Anime & Animation",
                "/browse/movies-tv-shows/all-anime-animation/4096_530598_530699_3849438"
            ],
            [
                "Animation & Cartoons",
                "/browse/movies-tv-shows/animation-cartoons/4096_530598_530701_531395"
            ],
            [
                "Nickelodeon",
                "/browse/movies-tv-shows/nickelodeon/4096_530719_1046279_531666"
            ],
            [
                "Holiday Movies",
                "/browse/holiday-movies/4096_8637693"
            ]
        ]
    },
    {
        "title": "Puss in Boots (DVD)",
        "url": "https://www.walmart.com/ip/Puss-in-Boots-DVD/974648874",
        "price": "$5.00",
        "stars": "5.0",
        "ratings": "1 ",
        "img": "",
        "tags": [
            [
                "Disney Princess Movies",
                "/browse/movies-tv-shows/disney-princess-movies/4096_1106153_1106154"
            ],
            [
                "All Anime & Animation",
                "/browse/movies-tv-shows/all-anime-animation/4096_530598_530699_3849438"
            ],
            [
                "Animated Drama Movies",
                "/browse/movies-tv-shows/animated-drama-movies/4096_530598_530699_531380"
            ],
            [
                "Animation & Cartoons",
                "/browse/movies-tv-shows/animation-cartoons/4096_530598_530701_531395"
            ],
            [
                "Family Drama Movies",
                "/browse/movies-tv-shows/family-drama-movies/4096_530598_530701_531398"
            ],
            [
                "DVD Movies",
                "/browse/movies-tv-shows/dvd-movies/4096_8073310_7001804"
            ],
            [
                "Instawatch Kids and Family Movies",
                "/browse/movies-tv-shows/instawatch-kids-family-movies/4096_1228693_9809738"
            ]
        ]
    },
    {
        "title": "Brother Bear (DVD)",
        "url": "https://www.walmart.com/ip/Brother-Bear-DVD/2513234",
        "price": "$9.95",
        "stars": "5.0",
        "ratings": "20 ",
        "img": "",
        "tags": [
            [
                "Disney Princess Movies",
                "/browse/movies-tv-shows/disney-princess-movies/4096_1106153_1106154"
            ],
            [
                "All Anime & Animation",
                "/browse/movies-tv-shows/all-anime-animation/4096_530598_530699_3849438"
            ],
            [
                "Animated Drama Movies",
                "/browse/movies-tv-shows/animated-drama-movies/4096_530598_530699_531380"
            ],
            [
                "Animation & Cartoons",
                "/browse/movies-tv-shows/animation-cartoons/4096_530598_530701_531395"
            ],
            [
                "Family Classic Movies",
                "/browse/movies-tv-shows/family-classic-movies/4096_530598_530701_531396"
            ],
            [
                "Family Drama Movies",
                "/browse/movies-tv-shows/family-drama-movies/4096_530598_530701_531398"
            ],
            [
                "Disney Pixar Movies",
                "/browse/movies-tv-shows/disney-pixar-movies/4096_1106153_7156393"
            ],
            [
                "All Children & Family Movies",
                "/browse/movies-tv-shows/all-children-family-movies/4096_530598_530701_9062682"
            ]
        ]
    },
    {
        "title": "Sleeping Beauty (The Walt Disney Signature Collection) (Blu-ray + DVD)",
        "url": "https://www.walmart.com/ip/Sleeping-Beauty-The-Walt-Disney-Signature-Collection-Blu-ray-DVD/923827701",
        "price": "$19.96",
        "stars": "5.0",
        "ratings": "6 ",
        "img": "",
        "tags": [
            [
                "Schwinn",
                "/browse/shop-by-brand/schwinn/3734780_5678070_2009475"
            ],
            [
                "Cosco",
                "/browse/shop-by-brand/cosco/3734780_8307801_2281254"
            ],
            [
                "Evenflo",
                "/browse/shop-by-brand/evenflo/3734780_8278971_2658945"
            ],
            [
                "Delta Children",
                "/browse/shop-by-brand/delta-children/3734780_8278971_6524578"
            ],
            [
                "Safety 1st",
                "/browse/shop-by-brand/safety-1st/3734780_8278971_6569481"
            ],
            [
                "Barbie",
                "/browse/shop-by-brand/barbie/3734780_9703589_7150095"
            ],
            [
                "HUGGIES",
                "/browse/shop-by-brand/huggies/3734780_8278971_8026794"
            ],
            [
                "Graco",
                "/browse/shop-by-brand/graco/3734780_8278971_8679415"
            ]
        ]
    },
    {
        "title": "Scooby Doo 2: Monsters Unleashed (DVD)",
        "url": "https://www.walmart.com/ip/Scooby-Doo-2-Monsters-Unleashed-DVD/3056609",
        "price": "$5.99",
        "stars": "5.0",
        "ratings": "9 ",
        "img": "",
        "tags": [
            [
                "Other Halloween Accessories",
                "/browse/party-occasions/other-halloween-accessories/2637_615760_1087251_1087065"
            ],
            [
                "Trick-or-Treat Bags",
                "/browse/party-occasions/trick-treat-bags/2637_615760_1087431"
            ],
            [
                "Halloween Masks",
                "/browse/party-occasions/halloween-masks/2637_615760_1087251_1107153"
            ],
            [
                "Halloween Baking & Cooking Supplies",
                "/browse/party-occasions/halloween-baking-cooking-supplies/2637_615760_1073684_1227874"
            ],
            [
                "Witch Costumes",
                "/browse/party-occasions/witch-costumes/2637_615760_1088766_1054059_4184691_1997918"
            ],
            [
                "Scary Costumes",
                "/browse/party-occasions/scary-costumes/2637_615760_1088766_2327096_4882150"
            ],
            [
                "Other Men's Halloween Costumes",
                "/browse/party-occasions/other-mens-halloween-costumes/2637_615760_1088766_1054059_7955173_615799"
            ],
            [
                "Halloween Party Tableware",
                "/browse/party-occasions/halloween-party-tableware/2637_1042319_6339104_8922081"
            ]
        ]
    },
    {
        "title": "The Sandlot (25th Anniversary) (Blu-ray)",
        "url": "https://www.walmart.com/ip/The-Sandlot-25th-Anniversary-Blu-ray/837696045",
        "price": "$9.44",
        "stars": "5.0",
        "ratings": "4 ",
        "img": "",
        "tags": [
            [
                "Summer Picks",
                "/browse/movies-tv-shows/summer-picks/4096_2889131_1253331"
            ],
            [
                "Instawatch Comedy Movies",
                "/browse/movies-tv-shows/instawatch-comedy-movies/4096_1228693_2759224"
            ],
            [
                "Family Comedy Movies",
                "/browse/movies-tv-shows/family-comedy-movies/4096_530598_530701_531397"
            ],
            [
                "Sports Comedy",
                "/browse/movies-tv-shows/sports-comedy/4096_530598_530703_531431"
            ],
            [
                "Instawatch Drama Movies",
                "/browse/movies-tv-shows/instawatch-drama-movies/4096_1228693_5351589"
            ],
            [
                "Instawatch Action & Adventure Movies",
                "/browse/movies-tv-shows/instawatch-action-adventure-movies/4096_1228693_6761985"
            ],
            [
                "All Children & Family Movies",
                "/browse/movies-tv-shows/all-children-family-movies/4096_530598_530701_9062682"
            ],
            [
                "Instawatch Kids and Family Movies",
                "/browse/movies-tv-shows/instawatch-kids-family-movies/4096_1228693_9809738"
            ]
        ]
    },
    {
        "title": "Crazy / Beautiful (DVD)",
        "url": "https://www.walmart.com/ip/Crazy-Beautiful-DVD/1587120",
        "price": "$4.99",
        "stars": "4.9",
        "ratings": "11 ",
        "img": "",
        "tags": [
            [
                "Animated Drama Movies",
                "/browse/movies-tv-shows/animated-drama-movies/4096_530598_530699_531380"
            ],
            [
                "Romantic",
                "/browse/movies-tv-shows/romantic/4096_530598_530705_531449"
            ],
            [
                "Romantic Comedies",
                "/browse/movies-tv-shows/romantic-comedies/4096_530598_530714_531570"
            ],
            [
                "Romantic Comedy",
                "/browse/movies-tv-shows/romantic-comedy/4096_530598_530703_532436"
            ],
            [
                "DVD Movies",
                "/browse/movies-tv-shows/dvd-movies/4096_8073310_7001804"
            ],
            [
                "Marvel Movies",
                "/browse/marvel-movies/4096_7331601"
            ],
            [
                "All Comedy",
                "/browse/movies-tv-shows/all-comedy/4096_530598_530703_8423591"
            ]
        ]
    },
    {
        "title": "Monsters University (DVD)",
        "url": "https://www.walmart.com/ip/Monsters-University-DVD/27651451",
        "price": "$18.79",
        "stars": "4.5",
        "ratings": "41 ",
        "img": "",
        "tags": [
            [
                "Disney Princess Movies",
                "/browse/movies-tv-shows/disney-princess-movies/4096_1106153_1106154"
            ],
            [
                "All Anime & Animation",
                "/browse/movies-tv-shows/all-anime-animation/4096_530598_530699_3849438"
            ],
            [
                "Animation & Cartoons",
                "/browse/movies-tv-shows/animation-cartoons/4096_530598_530701_531395"
            ],
            [
                "Family Drama Movies",
                "/browse/movies-tv-shows/family-drama-movies/4096_530598_530701_531398"
            ],
            [
                "Disney Pixar Movies",
                "/browse/movies-tv-shows/disney-pixar-movies/4096_1106153_7156393"
            ],
            [
                "All Children & Family Movies",
                "/browse/movies-tv-shows/all-children-family-movies/4096_530598_530701_9062682"
            ],
            [
                "Instawatch Kids and Family Movies",
                "/browse/movies-tv-shows/instawatch-kids-family-movies/4096_1228693_9809738"
            ]
        ]
    }
]