[
    {
        "title": "The Thing (1982) (DVD)",
        "url": "https://www.walmart.com/ip/The-Thing-1982-DVD/5280937",
        "price": "$11.91",
        "stars": "4.9",
        "ratings": "24 ",
        "img": "",
        "tags": [
            [
                "Shop STEM ages 12 and Up",
                "/browse/feature/shop-stem-ages-12-up/14503_6502732_8574738_2904408"
            ],
            [
                "Shop All Smurfs",
                "/browse/feature/shop-all-smurfs/14503_4407719_3954538_2048583_3966025"
            ],
            [
                "Shop All Goonies",
                "/browse/feature/shop-all-goonies/14503_4407719_3954538_5184562_4599522"
            ],
            [
                "Shop All Teenage Mutant Ninja Turtles",
                "/browse/feature/shop-all-teenage-mutant-ninja-turtles/14503_4407719_3954538_4511675_5457064"
            ],
            [
                "Michael Jordan Shop All",
                "/browse/feature/michael-jordan-shop-all/14503_3195517_4958644_4236743_9970238_7418059"
            ],
            [
                "Shop All Gremlins",
                "/browse/feature/shop-all-gremlins/14503_4407719_3954538_5790145_7574966"
            ],
            [
                "Shop All Transformers",
                "/browse/feature/shop-all-transformers/14503_4407719_3954538_4878656_8675692"
            ],
            [
                "Pinky and the Brain Shop All",
                "/browse/feature/pinky-the-brain-shop-all/14503_3195517_1964194_7667282_8858191"
            ]
        ]
    },
    {
        "title": "Back to the Future: 30th Anniversary Trilogy (DVD)",
        "url": "https://www.walmart.com/ip/Back-to-the-Future-30th-Anniversary-Trilogy-DVD/46107290",
        "price": "$17.96",
        "stars": "4.7",
        "ratings": "27 ",
        "img": "",
        "tags": [
            [
                "Shop STEM ages 12 and Up",
                "/browse/feature/shop-stem-ages-12-up/14503_6502732_8574738_2904408"
            ],
            [
                "Shop All Smurfs",
                "/browse/feature/shop-all-smurfs/14503_4407719_3954538_2048583_3966025"
            ],
            [
                "Shop All Goonies",
                "/browse/feature/shop-all-goonies/14503_4407719_3954538_5184562_4599522"
            ],
            [
                "Shop All Teenage Mutant Ninja Turtles",
                "/browse/feature/shop-all-teenage-mutant-ninja-turtles/14503_4407719_3954538_4511675_5457064"
            ],
            [
                "Michael Jordan Shop All",
                "/browse/feature/michael-jordan-shop-all/14503_3195517_4958644_4236743_9970238_7418059"
            ],
            [
                "Shop All Gremlins",
                "/browse/feature/shop-all-gremlins/14503_4407719_3954538_5790145_7574966"
            ],
            [
                "Shop All Transformers",
                "/browse/feature/shop-all-transformers/14503_4407719_3954538_4878656_8675692"
            ],
            [
                "Pinky and the Brain Shop All",
                "/browse/feature/pinky-the-brain-shop-all/14503_3195517_1964194_7667282_8858191"
            ]
        ]
    },
    {
        "title": "If I Stay (DVD)",
        "url": "https://www.walmart.com/ip/If-I-Stay-DVD/38587548",
        "price": "$5.99",
        "stars": "4.3",
        "ratings": "12 ",
        "img": "",
        "tags": [
            [
                "Instawatch Comedy Movies",
                "/browse/movies-tv-shows/instawatch-comedy-movies/4096_1228693_2759224"
            ],
            [
                "Action Drama Movies",
                "/browse/movies-tv-shows/action-drama-movies/4096_530598_530698_45092"
            ],
            [
                "Romantic",
                "/browse/movies-tv-shows/romantic/4096_530598_530705_531449"
            ],
            [
                "Instawatch Drama Movies",
                "/browse/movies-tv-shows/instawatch-drama-movies/4096_1228693_5351589"
            ],
            [
                "Instawatch Romance Movies",
                "/browse/movies-tv-shows/instawatch-romance-movies/4096_1228693_5409118"
            ],
            [
                "Instawatch Music & Dance Movies",
                "/browse/movies-tv-shows/instawatch-music-dance-movies/4096_1228693_6629168"
            ],
            [
                "Instawatch Kids and Family Movies",
                "/browse/movies-tv-shows/instawatch-kids-family-movies/4096_1228693_9809738"
            ],
            [
                "Instawatch Movies",
                "/browse/movies-tv-shows/instawatch-movies/4096_1228693_9986038"
            ]
        ]
    },
    {
        "title": "Angel Has Fallen (4K Ultra HD + Blu-ray)",
        "url": "https://www.walmart.com/ip/Angel-Has-Fallen-4K-Ultra-HD-Blu-ray/168235277",
        "price": "$14.99",
        "stars": "4.0",
        "ratings": "1 ",
        "img": "",
        "tags": [
            [
                "All Mystery & Suspense",
                "/browse/movies-tv-shows/all-mystery-suspense/4096_530598_530711_3034275"
            ],
            [
                "All Horror Movies",
                "/browse/movies-tv-shows/all-horror-movies/4096_530598_530709_50716"
            ],
            [
                "French Movies",
                "/browse/movies-tv-shows/french-movies/4096_530598_530706_531500"
            ],
            [
                "Spanish Language Movies",
                "/browse/movies-tv-shows/spanish-language-movies/4096_530598_530706_531505"
            ],
            [
                "All Sci-Fi & Fantasy",
                "/browse/movies-tv-shows/all-sci-fi-fantasy/4096_530598_530715_531581"
            ],
            [
                "New Release Movies",
                "/browse/new-release-movies/4096_6942910"
            ],
            [
                "Action & Adventure 4K Ultra HD Movies",
                "/browse/movies-tv-shows/action-adventure-4k-ultra-hd-movies/4096_3315790_7246133"
            ],
            [
                "All Action & Adventure",
                "/browse/movies-tv-shows/all-action-adventure/4096_530598_530698_8354524"
            ]
        ]
    },
    {
        "title": "Guardians of the Galaxy (Blu-ray)",
        "url": "https://www.walmart.com/ip/Guardians-of-the-Galaxy-Blu-ray/189673221",
        "price": "$17.99",
        "stars": "4.8",
        "ratings": "11 ",
        "img": "",
        "tags": [
            [
                "Action Drama Movies",
                "/browse/movies-tv-shows/action-drama-movies/4096_530598_530698_45092"
            ],
            [
                "Action",
                "/browse/movies-tv-shows/action/4096_530598_530715_531575"
            ],
            [
                "Action & Adventure",
                "/browse/movies-tv-shows/action-adventure/4096_616859_616999"
            ],
            [
                "Action & Adventure 4K Ultra HD Movies",
                "/browse/movies-tv-shows/action-adventure-4k-ultra-hd-movies/4096_3315790_7246133"
            ],
            [
                "Marvel Movies",
                "/browse/marvel-movies/4096_7331601"
            ],
            [
                "All Action & Adventure",
                "/browse/movies-tv-shows/all-action-adventure/4096_530598_530698_8354524"
            ],
            [
                "Sci-Fi & Fantasy 4K Ultra HD Movies",
                "/browse/movies-tv-shows/sci-fi-fantasy-4k-ultra-hd-movies/4096_3315790_9416119"
            ]
        ]
    },
    {
        "title": "Invasion of the Body Snatchers (DVD)",
        "url": "https://www.walmart.com/ip/Invasion-of-the-Body-Snatchers-DVD/1094501",
        "price": "$10.31",
        "stars": "5.0",
        "ratings": "4 ",
        "img": "",
        "tags": [
            [
                "All 4K Ultra HD Movies",
                "/browse/movies-tv-shows/all-4k-ultra-hd-movies/4096_3315790_1172214"
            ],
            [
                "Star Wars Movies",
                "/browse/star-wars-movies/4096_1229475"
            ],
            [
                "All Horror Movies",
                "/browse/movies-tv-shows/all-horror-movies/4096_530598_530709_50716"
            ],
            [
                "Jurassic World Movies",
                "/browse/jurassic-world-movies/4096_5158093"
            ],
            [
                "Romantic",
                "/browse/movies-tv-shows/romantic/4096_530598_530705_531449"
            ],
            [
                "Action",
                "/browse/movies-tv-shows/action/4096_530598_530715_531575"
            ],
            [
                "Classic Sci-Fi",
                "/browse/movies-tv-shows/classic-sci-fi/4096_530598_530715_531578"
            ],
            [
                "All Classics",
                "/browse/movies-tv-shows/all-classics/4096_530598_530702_9070202"
            ]
        ]
    },
    {
        "title": "A.I.: Artificial Intelligence (DVD)",
        "url": "https://www.walmart.com/ip/A-I-Artificial-Intelligence-DVD/1705588",
        "price": "$7.99",
        "stars": "4.5",
        "ratings": "10 ",
        "img": "",
        "tags": [
            [
                "All 4K Ultra HD Movies",
                "/browse/movies-tv-shows/all-4k-ultra-hd-movies/4096_3315790_1172214"
            ],
            [
                "Jurassic Park Movies",
                "/browse/jurassic-park-movies/4096_1229471"
            ],
            [
                "Star Wars Movies",
                "/browse/star-wars-movies/4096_1229475"
            ],
            [
                "Instawatch Sci-Fi & Fantasy Movies",
                "/browse/movies-tv-shows/instawatch-sci-fi-fantasy-movies/4096_1228693_2690275"
            ],
            [
                "Jurassic World Movies",
                "/browse/jurassic-world-movies/4096_5158093"
            ],
            [
                "Action",
                "/browse/movies-tv-shows/action/4096_530598_530715_531575"
            ],
            [
                "All Action & Adventure",
                "/browse/movies-tv-shows/all-action-adventure/4096_530598_530698_8354524"
            ],
            [
                "Instawatch Movies",
                "/browse/movies-tv-shows/instawatch-movies/4096_1228693_9986038"
            ]
        ]
    },
    {
        "title": "The Maze Runner (4K Ultra HD)",
        "url": "https://www.walmart.com/ip/The-Maze-Runner-4K-Ultra-HD/49550120",
        "price": "$17.99",
        "stars": 0,
        "ratings": 0,
        "img": "",
        "tags": [
            [
                "Instawatch Sci-Fi & Fantasy Movies",
                "/browse/movies-tv-shows/instawatch-sci-fi-fantasy-movies/4096_1228693_2690275"
            ],
            [
                "French Movies",
                "/browse/movies-tv-shows/french-movies/4096_530598_530706_531500"
            ],
            [
                "Spanish Language Movies",
                "/browse/movies-tv-shows/spanish-language-movies/4096_530598_530706_531505"
            ],
            [
                "Action",
                "/browse/movies-tv-shows/action/4096_530598_530715_531575"
            ],
            [
                "All Sci-Fi & Fantasy",
                "/browse/movies-tv-shows/all-sci-fi-fantasy/4096_530598_530715_531581"
            ],
            [
                "Instawatch Action & Adventure Movies",
                "/browse/movies-tv-shows/instawatch-action-adventure-movies/4096_1228693_6761985"
            ],
            [
                "Action & Adventure 4K Ultra HD Movies",
                "/browse/movies-tv-shows/action-adventure-4k-ultra-hd-movies/4096_3315790_7246133"
            ],
            [
                "Sci-Fi & Fantasy 4K Ultra HD Movies",
                "/browse/movies-tv-shows/sci-fi-fantasy-4k-ultra-hd-movies/4096_3315790_9416119"
            ]
        ]
    },
    {
        "title": "After Earth (DVD)",
        "url": "https://www.walmart.com/ip/After-Earth-DVD/56L9AC84WS6W",
        "price": "$5.93",
        "stars": 0,
        "ratings": 0,
        "img": "",
        "tags": []
    },
    {
        "title": "Starman (DVD)",
        "url": "https://www.walmart.com/ip/Starman-DVD/1099116",
        "price": "$7.97",
        "stars": "4.6",
        "ratings": "14 ",
        "img": "",
        "tags": [
            [
                "All Mystery & Suspense",
                "/browse/movies-tv-shows/all-mystery-suspense/4096_530598_530711_3034275"
            ],
            [
                "All Anime & Animation",
                "/browse/movies-tv-shows/all-anime-animation/4096_530598_530699_3849438"
            ],
            [
                "Action Thriller Movies",
                "/browse/movies-tv-shows/action-thriller-movies/4096_530598_530698_531369"
            ],
            [
                "Action",
                "/browse/movies-tv-shows/action/4096_530598_530715_531575"
            ],
            [
                "Alien",
                "/browse/movies-tv-shows/alien/4096_530598_530715_531576"
            ],
            [
                "Action & Adventure",
                "/browse/movies-tv-shows/action-adventure/4096_616859_616999"
            ],
            [
                "Terminator Movies",
                "/browse/terminator-movies/4096_8769103"
            ],
            [
                "Instawatch Kids and Family Movies",
                "/browse/movies-tv-shows/instawatch-kids-family-movies/4096_1228693_9809738"
            ]
        ]
    }
]