[
    {
        "title": "The Evening Star (DVD)",
        "url": "https://www.walmart.com/ip/The-Evening-Star-DVD/566446861",
        "price": "$15.61",
        "stars": 0,
        "ratings": 0,
        "img": "",
        "tags": [
            [
                "Summer Picks",
                "/browse/movies-tv-shows/summer-picks/4096_2889131_1253331"
            ],
            [
                "Instawatch Comedy Movies",
                "/browse/movies-tv-shows/instawatch-comedy-movies/4096_1228693_2759224"
            ],
            [
                "Romantic Comedies",
                "/browse/movies-tv-shows/romantic-comedies/4096_530598_530714_531570"
            ],
            [
                "Romantic Comedy",
                "/browse/movies-tv-shows/romantic-comedy/4096_530598_530703_532436"
            ],
            [
                "Instawatch Drama Movies",
                "/browse/movies-tv-shows/instawatch-drama-movies/4096_1228693_5351589"
            ],
            [
                "DVD Movies",
                "/browse/movies-tv-shows/dvd-movies/4096_8073310_7001804"
            ],
            [
                "Instawatch Movies",
                "/browse/movies-tv-shows/instawatch-movies/4096_1228693_9986038"
            ]
        ]
    },
    {
        "title": "Jexi (Blu-ray + Digital Copy)",
        "url": "https://www.walmart.com/ip/Jexi-Blu-ray-Digital-Copy/458131254",
        "price": "$8.77",
        "stars": "3.7",
        "ratings": "3 ",
        "img": "",
        "tags": [
            [
                "All 4K Ultra HD Movies",
                "/browse/movies-tv-shows/all-4k-ultra-hd-movies/4096_3315790_1172214"
            ],
            [
                "Summer Picks",
                "/browse/movies-tv-shows/summer-picks/4096_2889131_1253331"
            ],
            [
                "All Mystery & Suspense",
                "/browse/movies-tv-shows/all-mystery-suspense/4096_530598_530711_3034275"
            ],
            [
                "All Horror Movies",
                "/browse/movies-tv-shows/all-horror-movies/4096_530598_530709_50716"
            ],
            [
                "French Movies",
                "/browse/movies-tv-shows/french-movies/4096_530598_530706_531500"
            ],
            [
                "Spanish Language Movies",
                "/browse/movies-tv-shows/spanish-language-movies/4096_530598_530706_531505"
            ],
            [
                "New Release Movies",
                "/browse/new-release-movies/4096_6942910"
            ],
            [
                "Action & Adventure 4K Ultra HD Movies",
                "/browse/movies-tv-shows/action-adventure-4k-ultra-hd-movies/4096_3315790_7246133"
            ]
        ]
    },
    {
        "title": "The Great Race (DVD)",
        "url": "https://www.walmart.com/ip/The-Great-Race-DVD/1985792",
        "price": "$11.74",
        "stars": "4.8",
        "ratings": "20 ",
        "img": "",
        "tags": [
            [
                "All 4K Ultra HD Movies",
                "/browse/movies-tv-shows/all-4k-ultra-hd-movies/4096_3315790_1172214"
            ],
            [
                "Classic Comedies",
                "/browse/movies-tv-shows/classic-comedies/4096_530598_530702_531409"
            ],
            [
                "Spanish Language Movies",
                "/browse/movies-tv-shows/spanish-language-movies/4096_530598_530706_531505"
            ],
            [
                "DVD Movies",
                "/browse/movies-tv-shows/dvd-movies/4096_8073310_7001804"
            ],
            [
                "Action & Adventure 4K Ultra HD Movies",
                "/browse/movies-tv-shows/action-adventure-4k-ultra-hd-movies/4096_3315790_7246133"
            ],
            [
                "Marvel Movies",
                "/browse/marvel-movies/4096_7331601"
            ],
            [
                "Western",
                "/browse/movies-tv-shows/western/4096_530598_530721_7610094"
            ],
            [
                "All Classics",
                "/browse/movies-tv-shows/all-classics/4096_530598_530702_9070202"
            ]
        ]
    },
    {
        "title": "The Perfect Holiday (DVD)",
        "url": "https://www.walmart.com/ip/The-Perfect-Holiday-DVD/10598614",
        "price": "$7.00",
        "stars": "5.0",
        "ratings": "7 ",
        "img": "",
        "tags": [
            [
                "Instawatch Comedy Movies",
                "/browse/movies-tv-shows/instawatch-comedy-movies/4096_1228693_2759224"
            ],
            [
                "Action Comedy Movies",
                "/browse/movies-tv-shows/action-comedy-movies/4096_530598_530698_531368"
            ],
            [
                "Romantic Comedy",
                "/browse/movies-tv-shows/romantic-comedy/4096_530598_530703_532436"
            ],
            [
                "Instawatch Drama Movies",
                "/browse/movies-tv-shows/instawatch-drama-movies/4096_1228693_5351589"
            ],
            [
                "Comedy",
                "/browse/movies-tv-shows/comedy/4096_616859_617003"
            ],
            [
                "All Comedy",
                "/browse/movies-tv-shows/all-comedy/4096_530598_530703_8423591"
            ],
            [
                "Holiday Movies",
                "/browse/holiday-movies/4096_8637693"
            ],
            [
                "Instawatch Movies",
                "/browse/movies-tv-shows/instawatch-movies/4096_1228693_9986038"
            ]
        ]
    },
    {
        "title": "Hitch / Fun With Dick and Jane / Guess Who (DVD)",
        "url": "https://www.walmart.com/ip/Hitch-Fun-With-Dick-and-Jane-Guess-Who-DVD/45723415",
        "price": "$7.99",
        "stars": "4.5",
        "ratings": "2 ",
        "img": "",
        "tags": [
            [
                "Summer Picks",
                "/browse/movies-tv-shows/summer-picks/4096_2889131_1253331"
            ],
            [
                "Instawatch Comedy Movies",
                "/browse/movies-tv-shows/instawatch-comedy-movies/4096_1228693_2759224"
            ],
            [
                "Slapstick Comedy",
                "/browse/movies-tv-shows/slapstick-comedy/4096_530598_530703_531429"
            ],
            [
                "Romantic Comedies",
                "/browse/movies-tv-shows/romantic-comedies/4096_530598_530714_531570"
            ],
            [
                "Romantic Comedy",
                "/browse/movies-tv-shows/romantic-comedy/4096_530598_530703_532436"
            ],
            [
                "Instawatch Drama Movies",
                "/browse/movies-tv-shows/instawatch-drama-movies/4096_1228693_5351589"
            ],
            [
                "DVD Movies",
                "/browse/movies-tv-shows/dvd-movies/4096_8073310_7001804"
            ],
            [
                "All Comedy",
                "/browse/movies-tv-shows/all-comedy/4096_530598_530703_8423591"
            ]
        ]
    },
    {
        "title": "Ferris Bueller's Day Off (Blu-ray)",
        "url": "https://www.walmart.com/ip/Ferris-Bueller-s-Day-Off-Blu-ray/126701354",
        "price": "$7.99",
        "stars": 0,
        "ratings": 0,
        "img": "",
        "tags": [
            [
                "Instawatch Comedy Movies",
                "/browse/movies-tv-shows/instawatch-comedy-movies/4096_1228693_2759224"
            ],
            [
                "Action Drama Movies",
                "/browse/movies-tv-shows/action-drama-movies/4096_530598_530698_45092"
            ],
            [
                "Family Comedy Movies",
                "/browse/movies-tv-shows/family-comedy-movies/4096_530598_530701_531397"
            ],
            [
                "Romantic Comedies",
                "/browse/movies-tv-shows/romantic-comedies/4096_530598_530714_531570"
            ],
            [
                "Romantic Comedy",
                "/browse/movies-tv-shows/romantic-comedy/4096_530598_530703_532436"
            ],
            [
                "Instawatch Drama Movies",
                "/browse/movies-tv-shows/instawatch-drama-movies/4096_1228693_5351589"
            ],
            [
                "All Comedy",
                "/browse/movies-tv-shows/all-comedy/4096_530598_530703_8423591"
            ],
            [
                "Instawatch Movies",
                "/browse/movies-tv-shows/instawatch-movies/4096_1228693_9986038"
            ]
        ]
    },
    {
        "title": "4-movie Laugh Pack: Smokey and the Bandit / Smokey and the Bandit II / Bandit Goes Country / Bandit, Bandit (DVD)",
        "url": "https://www.walmart.com/ip/4-movie-Laugh-Pack-Smokey-and-the-Bandit-Smokey-and-the-Bandit-II-Bandit-Goes-Country-Bandit-Bandit-DVD/54245993",
        "price": "$9.99",
        "stars": "3.5",
        "ratings": "2 ",
        "img": "",
        "tags": [
            [
                "Walmart Exclusives",
                "/browse/walmart-exclusives/4096_1095777"
            ],
            [
                "Summer Picks",
                "/browse/movies-tv-shows/summer-picks/4096_2889131_1253331"
            ],
            [
                "Instawatch Comedy Movies",
                "/browse/movies-tv-shows/instawatch-comedy-movies/4096_1228693_2759224"
            ],
            [
                "Action Comedy Movies",
                "/browse/movies-tv-shows/action-comedy-movies/4096_530598_530698_531368"
            ],
            [
                "All Action & Adventure",
                "/browse/movies-tv-shows/all-action-adventure/4096_530598_530698_8354524"
            ],
            [
                "All Comedy",
                "/browse/movies-tv-shows/all-comedy/4096_530598_530703_8423591"
            ],
            [
                "Instawatch Kids and Family Movies",
                "/browse/movies-tv-shows/instawatch-kids-family-movies/4096_1228693_9809738"
            ],
            [
                "Instawatch Movies",
                "/browse/movies-tv-shows/instawatch-movies/4096_1228693_9986038"
            ]
        ]
    },
    {
        "title": "It's a Mad, Mad, Mad, Mad World (DVD)",
        "url": "https://www.walmart.com/ip/It-s-a-Mad-Mad-Mad-Mad-World-DVD/2459805",
        "price": "$9.37",
        "stars": "4.8",
        "ratings": "31 ",
        "img": "",
        "tags": [
            [
                "Instawatch Comedy Movies",
                "/browse/movies-tv-shows/instawatch-comedy-movies/4096_1228693_2759224"
            ],
            [
                "Dark Comedy",
                "/browse/movies-tv-shows/dark-comedy/4096_530598_530703_531428"
            ],
            [
                "French Movies",
                "/browse/movies-tv-shows/french-movies/4096_530598_530706_531500"
            ],
            [
                "Romantic Comedies",
                "/browse/movies-tv-shows/romantic-comedies/4096_530598_530714_531570"
            ],
            [
                "Romantic Comedy",
                "/browse/movies-tv-shows/romantic-comedy/4096_530598_530703_532436"
            ],
            [
                "Instawatch Drama Movies",
                "/browse/movies-tv-shows/instawatch-drama-movies/4096_1228693_5351589"
            ],
            [
                "All Comedy",
                "/browse/movies-tv-shows/all-comedy/4096_530598_530703_8423591"
            ]
        ]
    },
    {
        "title": "Gentlemen Prefer Blondes (Blu-ray)",
        "url": "https://www.walmart.com/ip/Gentlemen-Prefer-Blondes-Blu-ray/21002425",
        "price": "$10.52",
        "stars": "5.0",
        "ratings": "1 ",
        "img": "",
        "tags": [
            [
                "Instawatch Comedy Movies",
                "/browse/movies-tv-shows/instawatch-comedy-movies/4096_1228693_2759224"
            ],
            [
                "Performing Arts",
                "/browse/movies-tv-shows/performing-arts/4096_530598_530704_531444"
            ],
            [
                "Ballet & Dance",
                "/browse/movies-tv-shows/ballet-dance/4096_530598_530712_531554"
            ],
            [
                "Romantic Comedies",
                "/browse/movies-tv-shows/romantic-comedies/4096_530598_530714_531570"
            ],
            [
                "Romantic Comedy",
                "/browse/movies-tv-shows/romantic-comedy/4096_530598_530703_532436"
            ],
            [
                "All Music & Performance",
                "/browse/movies-tv-shows/all-music-performance/4096_530598_530712_5576968"
            ],
            [
                "DVD Movies",
                "/browse/movies-tv-shows/dvd-movies/4096_8073310_7001804"
            ],
            [
                "Instawatch Movies",
                "/browse/movies-tv-shows/instawatch-movies/4096_1228693_9986038"
            ]
        ]
    },
    {
        "title": "Half Baked (DVD)",
        "url": "https://www.walmart.com/ip/Half-Baked-DVD/3533865",
        "price": "$7.99",
        "stars": "4.3",
        "ratings": "13 ",
        "img": "",
        "tags": [
            [
                "Action Comedy Movies",
                "/browse/movies-tv-shows/action-comedy-movies/4096_530598_530698_531368"
            ],
            [
                "Slapstick Comedy",
                "/browse/movies-tv-shows/slapstick-comedy/4096_530598_530703_531429"
            ],
            [
                "Romantic Comedies",
                "/browse/movies-tv-shows/romantic-comedies/4096_530598_530714_531570"
            ],
            [
                "All Sci-Fi & Fantasy",
                "/browse/movies-tv-shows/all-sci-fi-fantasy/4096_530598_530715_531581"
            ],
            [
                "Romantic Comedy",
                "/browse/movies-tv-shows/romantic-comedy/4096_530598_530703_532436"
            ],
            [
                "Movies About Race",
                "/browse/movies-about-race/4096_6277374"
            ],
            [
                "All Foreign Films",
                "/browse/movies-tv-shows/all-foreign-films/4096_530598_530706_8303015"
            ],
            [
                "All Comedy",
                "/browse/movies-tv-shows/all-comedy/4096_530598_530703_8423591"
            ]
        ]
    }
]