[
    {
        "title": "Adventures in Babysitting (DVD)",
        "url": "https://www.walmart.com/ip/Adventures-in-Babysitting-DVD/1103301",
        "price": "$4.99",
        "stars": "4.9",
        "ratings": "46 ",
        "img": "",
        "tags": [
            [
                "Action Drama Movies",
                "/browse/movies-tv-shows/action-drama-movies/4096_530598_530698_45092"
            ],
            [
                "Animated Drama Movies",
                "/browse/movies-tv-shows/animated-drama-movies/4096_530598_530699_531380"
            ],
            [
                "Family Comedy Movies",
                "/browse/movies-tv-shows/family-comedy-movies/4096_530598_530701_531397"
            ],
            [
                "Family Drama Movies",
                "/browse/movies-tv-shows/family-drama-movies/4096_530598_530701_531398"
            ],
            [
                "Romantic Comedies",
                "/browse/movies-tv-shows/romantic-comedies/4096_530598_530714_531570"
            ],
            [
                "Romantic Comedy",
                "/browse/movies-tv-shows/romantic-comedy/4096_530598_530703_532436"
            ],
            [
                "DVD Movies",
                "/browse/movies-tv-shows/dvd-movies/4096_8073310_7001804"
            ],
            [
                "All Comedy",
                "/browse/movies-tv-shows/all-comedy/4096_530598_530703_8423591"
            ]
        ]
    },
    {
        "title": "Runaway Bride (DVD)",
        "url": "https://www.walmart.com/ip/Runaway-Bride-DVD/559986146",
        "price": "$5.10",
        "stars": "5.0",
        "ratings": "5 ",
        "img": "",
        "tags": [
            [
                "Instawatch Comedy Movies",
                "/browse/movies-tv-shows/instawatch-comedy-movies/4096_1228693_2759224"
            ],
            [
                "Romantic Comedies",
                "/browse/movies-tv-shows/romantic-comedies/4096_530598_530714_531570"
            ],
            [
                "Romantic Comedy",
                "/browse/movies-tv-shows/romantic-comedy/4096_530598_530703_532436"
            ],
            [
                "Instawatch Drama Movies",
                "/browse/movies-tv-shows/instawatch-drama-movies/4096_1228693_5351589"
            ],
            [
                "Comedy",
                "/browse/movies-tv-shows/comedy/4096_616859_617003"
            ],
            [
                "DVD Movies",
                "/browse/movies-tv-shows/dvd-movies/4096_8073310_7001804"
            ],
            [
                "All Comedy",
                "/browse/movies-tv-shows/all-comedy/4096_530598_530703_8423591"
            ]
        ]
    },
    {
        "title": "Sweet Home Alabama (Blu-ray)",
        "url": "https://www.walmart.com/ip/Sweet-Home-Alabama-Blu-ray/21553546",
        "price": "$9.99",
        "stars": "4.7",
        "ratings": "12 ",
        "img": "",
        "tags": [
            [
                "Blu-ray Special Buys",
                "/browse/movies-tv-shows/blu-ray-special-buys/4096_616859_1043341"
            ],
            [
                "Military & War Action Movies",
                "/browse/movies-tv-shows/military-war-action-movies/4096_530598_530698_531373"
            ],
            [
                "Romantic Comedies",
                "/browse/movies-tv-shows/romantic-comedies/4096_530598_530714_531570"
            ],
            [
                "All Romance",
                "/browse/movies-tv-shows/all-romance/4096_530598_530714_531571"
            ],
            [
                "All War & Military Movies",
                "/browse/movies-tv-shows/all-war-military-movies/4096_530598_530720_531682"
            ],
            [
                "Romantic Comedy",
                "/browse/movies-tv-shows/romantic-comedy/4096_530598_530703_532436"
            ],
            [
                "DVD Movies",
                "/browse/movies-tv-shows/dvd-movies/4096_8073310_7001804"
            ],
            [
                "All Comedy",
                "/browse/movies-tv-shows/all-comedy/4096_530598_530703_8423591"
            ]
        ]
    },
    {
        "title": "Gremlins (DVD)",
        "url": "https://www.walmart.com/ip/Gremlins-DVD/12555249",
        "price": "$4.99",
        "stars": "4.6",
        "ratings": "28 ",
        "img": "",
        "tags": [
            [
                "Other Halloween Accessories",
                "/browse/party-occasions/other-halloween-accessories/2637_615760_1087251_1087065"
            ],
            [
                "Trick-or-Treat Bags",
                "/browse/party-occasions/trick-treat-bags/2637_615760_1087431"
            ],
            [
                "Halloween Masks",
                "/browse/party-occasions/halloween-masks/2637_615760_1087251_1107153"
            ],
            [
                "Halloween Baking & Cooking Supplies",
                "/browse/party-occasions/halloween-baking-cooking-supplies/2637_615760_1073684_1227874"
            ],
            [
                "Witch Costumes",
                "/browse/party-occasions/witch-costumes/2637_615760_1088766_1054059_4184691_1997918"
            ],
            [
                "Scary Costumes",
                "/browse/party-occasions/scary-costumes/2637_615760_1088766_2327096_4882150"
            ],
            [
                "Other Men's Halloween Costumes",
                "/browse/party-occasions/other-mens-halloween-costumes/2637_615760_1088766_1054059_7955173_615799"
            ],
            [
                "Halloween Party Tableware",
                "/browse/party-occasions/halloween-party-tableware/2637_1042319_6339104_8922081"
            ]
        ]
    },
    {
        "title": "The Mighty Ducks (DVD)",
        "url": "https://www.walmart.com/ip/The-Mighty-Ducks-DVD/1104839",
        "price": "$4.99",
        "stars": "4.8",
        "ratings": "6 ",
        "img": "",
        "tags": [
            [
                "Anime for Children",
                "/browse/movies-tv-shows/anime-for-children/4096_530719_1010219_1010226"
            ],
            [
                "Paw Patrol Movies",
                "/browse/paw-patrol-movies/4096_2901676"
            ],
            [
                "All Anime & Animation",
                "/browse/movies-tv-shows/all-anime-animation/4096_530598_530699_3849438"
            ],
            [
                "Family Drama Movies",
                "/browse/movies-tv-shows/family-drama-movies/4096_530598_530701_531398"
            ],
            [
                "Action & Adventure TV Shows",
                "/browse/movies-tv-shows/action-adventure-tv-shows/4096_530719_531638"
            ],
            [
                "DVD Movies",
                "/browse/movies-tv-shows/dvd-movies/4096_8073310_7001804"
            ],
            [
                "All Action & Adventure",
                "/browse/movies-tv-shows/all-action-adventure/4096_530598_530698_8354524"
            ]
        ]
    },
    {
        "title": "Maverick (DVD)",
        "url": "https://www.walmart.com/ip/Maverick-DVD/19720919",
        "price": "$9.99",
        "stars": "4.7",
        "ratings": "21 ",
        "img": "",
        "tags": [
            [
                "Animated Drama Movies",
                "/browse/movies-tv-shows/animated-drama-movies/4096_530598_530699_531380"
            ],
            [
                "Romantic",
                "/browse/movies-tv-shows/romantic/4096_530598_530705_531449"
            ],
            [
                "Romantic Comedies",
                "/browse/movies-tv-shows/romantic-comedies/4096_530598_530714_531570"
            ],
            [
                "War & Politics",
                "/browse/movies-tv-shows/war-politics/4096_530719_531651"
            ],
            [
                "Romantic Comedy",
                "/browse/movies-tv-shows/romantic-comedy/4096_530598_530703_532436"
            ],
            [
                "Western",
                "/browse/movies-tv-shows/western/4096_530598_530721_7610094"
            ],
            [
                "All Comedy",
                "/browse/movies-tv-shows/all-comedy/4096_530598_530703_8423591"
            ]
        ]
    },
    {
        "title": "Bringing Down the House (DVD)",
        "url": "https://www.walmart.com/ip/Bringing-Down-the-House-DVD/2276509",
        "price": "$4.99",
        "stars": "4.9",
        "ratings": "16 ",
        "img": "",
        "tags": [
            [
                "Animated Drama Movies",
                "/browse/movies-tv-shows/animated-drama-movies/4096_530598_530699_531380"
            ],
            [
                "Family Comedy Movies",
                "/browse/movies-tv-shows/family-comedy-movies/4096_530598_530701_531397"
            ],
            [
                "Family Drama Movies",
                "/browse/movies-tv-shows/family-drama-movies/4096_530598_530701_531398"
            ],
            [
                "Slapstick Comedy",
                "/browse/movies-tv-shows/slapstick-comedy/4096_530598_530703_531429"
            ],
            [
                "Romantic Comedies",
                "/browse/movies-tv-shows/romantic-comedies/4096_530598_530714_531570"
            ],
            [
                "Romantic Comedy",
                "/browse/movies-tv-shows/romantic-comedy/4096_530598_530703_532436"
            ],
            [
                "DVD Movies",
                "/browse/movies-tv-shows/dvd-movies/4096_8073310_7001804"
            ],
            [
                "All Comedy",
                "/browse/movies-tv-shows/all-comedy/4096_530598_530703_8423591"
            ]
        ]
    },
    {
        "title": "This Is Where I Leave You (DVD)",
        "url": "https://www.walmart.com/ip/This-Is-Where-I-Leave-You-DVD/46406349",
        "price": "$5.99",
        "stars": "4.7",
        "ratings": "16 ",
        "img": "",
        "tags": [
            [
                "Instawatch Comedy Movies",
                "/browse/movies-tv-shows/instawatch-comedy-movies/4096_1228693_2759224"
            ],
            [
                "Action Drama Movies",
                "/browse/movies-tv-shows/action-drama-movies/4096_530598_530698_45092"
            ],
            [
                "Romantic Comedies",
                "/browse/movies-tv-shows/romantic-comedies/4096_530598_530714_531570"
            ],
            [
                "Romantic Comedy",
                "/browse/movies-tv-shows/romantic-comedy/4096_530598_530703_532436"
            ],
            [
                "Instawatch Drama Movies",
                "/browse/movies-tv-shows/instawatch-drama-movies/4096_1228693_5351589"
            ],
            [
                "Instawatch Action & Adventure Movies",
                "/browse/movies-tv-shows/instawatch-action-adventure-movies/4096_1228693_6761985"
            ],
            [
                "DVD Movies",
                "/browse/movies-tv-shows/dvd-movies/4096_8073310_7001804"
            ],
            [
                "All Comedy",
                "/browse/movies-tv-shows/all-comedy/4096_530598_530703_8423591"
            ]
        ]
    },
    {
        "title": "Ghostbusters (DVD)",
        "url": "https://www.walmart.com/ip/Ghostbusters-DVD/4657478",
        "price": "$5.49",
        "stars": "4.6",
        "ratings": "14 ",
        "img": "",
        "tags": [
            [
                "Instawatch Comedy Movies",
                "/browse/movies-tv-shows/instawatch-comedy-movies/4096_1228693_2759224"
            ],
            [
                "Romantic Comedies",
                "/browse/movies-tv-shows/romantic-comedies/4096_530598_530714_531570"
            ],
            [
                "All Sci-Fi & Fantasy",
                "/browse/movies-tv-shows/all-sci-fi-fantasy/4096_530598_530715_531581"
            ],
            [
                "Romantic Comedy",
                "/browse/movies-tv-shows/romantic-comedy/4096_530598_530703_532436"
            ],
            [
                "DVD Movies",
                "/browse/movies-tv-shows/dvd-movies/4096_8073310_7001804"
            ],
            [
                "All Comedy",
                "/browse/movies-tv-shows/all-comedy/4096_530598_530703_8423591"
            ],
            [
                "All Children & Family Movies",
                "/browse/movies-tv-shows/all-children-family-movies/4096_530598_530701_9062682"
            ]
        ]
    },
    {
        "title": "Under the Tuscan Sun (DVD)",
        "url": "https://www.walmart.com/ip/Under-the-Tuscan-Sun-DVD/2484108",
        "price": "$4.99",
        "stars": "4.9",
        "ratings": "23 ",
        "img": "",
        "tags": [
            [
                "Instawatch Comedy Movies",
                "/browse/movies-tv-shows/instawatch-comedy-movies/4096_1228693_2759224"
            ],
            [
                "Action Drama Movies",
                "/browse/movies-tv-shows/action-drama-movies/4096_530598_530698_45092"
            ],
            [
                "Animated Drama Movies",
                "/browse/movies-tv-shows/animated-drama-movies/4096_530598_530699_531380"
            ],
            [
                "Romantic",
                "/browse/movies-tv-shows/romantic/4096_530598_530705_531449"
            ],
            [
                "Romantic Comedies",
                "/browse/movies-tv-shows/romantic-comedies/4096_530598_530714_531570"
            ],
            [
                "Romantic Comedy",
                "/browse/movies-tv-shows/romantic-comedy/4096_530598_530703_532436"
            ],
            [
                "DVD Movies",
                "/browse/movies-tv-shows/dvd-movies/4096_8073310_7001804"
            ],
            [
                "All Comedy",
                "/browse/movies-tv-shows/all-comedy/4096_530598_530703_8423591"
            ]
        ]
    }
]