[
    {
        "title": "Flushed Away (DVD)",
        "url": "https://www.walmart.com/ip/Flushed-Away-DVD/251344359",
        "price": "$6.07",
        "stars": "5.0",
        "ratings": "2 ",
        "img": "",
        "tags": [
            [
                "All Anime & Animation",
                "/browse/movies-tv-shows/all-anime-animation/4096_530598_530699_3849438"
            ],
            [
                "Animated Drama Movies",
                "/browse/movies-tv-shows/animated-drama-movies/4096_530598_530699_531380"
            ],
            [
                "Adventure Movies",
                "/browse/movies-tv-shows/adventure-movies/4096_530598_530701_531392"
            ],
            [
                "Animation & Cartoons",
                "/browse/movies-tv-shows/animation-cartoons/4096_530598_530701_531395"
            ],
            [
                "Family Comedy Movies",
                "/browse/movies-tv-shows/family-comedy-movies/4096_530598_530701_531397"
            ],
            [
                "Family Drama Movies",
                "/browse/movies-tv-shows/family-drama-movies/4096_530598_530701_531398"
            ],
            [
                "Instawatch Kids and Family Movies",
                "/browse/movies-tv-shows/instawatch-kids-family-movies/4096_1228693_9809738"
            ]
        ]
    },
    {
        "title": "Alice Through the Looking Glass (Blu-ray + DVD)",
        "url": "https://www.walmart.com/ip/Alice-Through-the-Looking-Glass-Blu-ray-DVD/54245989",
        "price": "$8.49",
        "stars": "4.9",
        "ratings": "14 ",
        "img": "",
        "tags": [
            [
                "Disney Princess Movies",
                "/browse/movies-tv-shows/disney-princess-movies/4096_1106153_1106154"
            ],
            [
                "All Anime & Animation",
                "/browse/movies-tv-shows/all-anime-animation/4096_530598_530699_3849438"
            ],
            [
                "Action Drama Movies",
                "/browse/movies-tv-shows/action-drama-movies/4096_530598_530698_45092"
            ],
            [
                "Animated Drama Movies",
                "/browse/movies-tv-shows/animated-drama-movies/4096_530598_530699_531380"
            ],
            [
                "Animation & Cartoons",
                "/browse/movies-tv-shows/animation-cartoons/4096_530598_530701_531395"
            ],
            [
                "Family Drama Movies",
                "/browse/movies-tv-shows/family-drama-movies/4096_530598_530701_531398"
            ],
            [
                "Children & Family",
                "/browse/movies-tv-shows/children-family/4096_616859_617001"
            ],
            [
                "All Children & Family Movies",
                "/browse/movies-tv-shows/all-children-family-movies/4096_530598_530701_9062682"
            ]
        ]
    },
    {
        "title": "Gone in 60 Seconds (Blu-ray)",
        "url": "https://www.walmart.com/ip/Gone-in-60-Seconds-Blu-ray/5355058",
        "price": "$5.99",
        "stars": "4.8",
        "ratings": "24 ",
        "img": "",
        "tags": [
            [
                "Schwinn",
                "/browse/shop-by-brand/schwinn/3734780_5678070_2009475"
            ],
            [
                "Cosco",
                "/browse/shop-by-brand/cosco/3734780_8307801_2281254"
            ],
            [
                "Evenflo",
                "/browse/shop-by-brand/evenflo/3734780_8278971_2658945"
            ],
            [
                "Delta Children",
                "/browse/shop-by-brand/delta-children/3734780_8278971_6524578"
            ],
            [
                "Safety 1st",
                "/browse/shop-by-brand/safety-1st/3734780_8278971_6569481"
            ],
            [
                "Barbie",
                "/browse/shop-by-brand/barbie/3734780_9703589_7150095"
            ],
            [
                "HUGGIES",
                "/browse/shop-by-brand/huggies/3734780_8278971_8026794"
            ],
            [
                "Graco",
                "/browse/shop-by-brand/graco/3734780_8278971_8679415"
            ]
        ]
    },
    {
        "title": "Raise Your Voice (DVD)",
        "url": "https://www.walmart.com/ip/Raise-Your-Voice-DVD/3458243",
        "price": "$9.98",
        "stars": "4.0",
        "ratings": "10 ",
        "img": "",
        "tags": [
            [
                "Family Drama Movies",
                "/browse/movies-tv-shows/family-drama-movies/4096_530598_530701_531398"
            ],
            [
                "Romantic Comedies",
                "/browse/movies-tv-shows/romantic-comedies/4096_530598_530714_531570"
            ],
            [
                "Romantic Comedy",
                "/browse/movies-tv-shows/romantic-comedy/4096_530598_530703_532436"
            ],
            [
                "All Music & Performance",
                "/browse/movies-tv-shows/all-music-performance/4096_530598_530712_5576968"
            ],
            [
                "DVD Movies",
                "/browse/movies-tv-shows/dvd-movies/4096_8073310_7001804"
            ],
            [
                "All Comedy",
                "/browse/movies-tv-shows/all-comedy/4096_530598_530703_8423591"
            ],
            [
                "All Children & Family Movies",
                "/browse/movies-tv-shows/all-children-family-movies/4096_530598_530701_9062682"
            ]
        ]
    },
    {
        "title": "Red Shoes And The Seven Dwarfs (DVD)",
        "url": "https://www.walmart.com/ip/Red-Shoes-And-The-Seven-Dwarfs-DVD/457180430",
        "price": "$12.96",
        "stars": "5.0",
        "ratings": "1 ",
        "img": "",
        "tags": []
    },
    {
        "title": "Mickey's Once Upon a Christmas / Mickey's Twice (Blu-ray + DVD)",
        "url": "https://www.walmart.com/ip/Mickey-s-Once-Upon-a-Christmas-Mickey-s-Twice-Blu-ray-DVD/38456667",
        "price": "$13.42",
        "stars": "4.1",
        "ratings": "8 ",
        "img": "",
        "tags": [
            [
                "Anime Comedy",
                "/browse/movies-tv-shows/anime-comedy/4096_530719_1010219_1010221"
            ],
            [
                "Anime for Children",
                "/browse/movies-tv-shows/anime-for-children/4096_530719_1010219_1010226"
            ],
            [
                "All Animation & Cartoons",
                "/browse/movies-tv-shows/all-animation-cartoons/4096_530719_1010219_1010227"
            ],
            [
                "Minnie Mouse Movies",
                "/browse/minnie-mouse-movies/4096_4833913"
            ],
            [
                "Family Classic Movies",
                "/browse/movies-tv-shows/family-classic-movies/4096_530598_530701_531396"
            ],
            [
                "Family Drama Movies",
                "/browse/movies-tv-shows/family-drama-movies/4096_530598_530701_531398"
            ],
            [
                "Holiday Movies",
                "/browse/holiday-movies/4096_8637693"
            ],
            [
                "All Children & Family Movies",
                "/browse/movies-tv-shows/all-children-family-movies/4096_530598_530701_9062682"
            ]
        ]
    },
    {
        "title": "Harry Potter and the Order of the Phoenix (DVD)",
        "url": "https://www.walmart.com/ip/Harry-Potter-and-the-Order-of-the-Phoenix-DVD/55271259",
        "price": "$8.99",
        "stars": "5.0",
        "ratings": "6 ",
        "img": "",
        "tags": [
            [
                "Adventure Movies",
                "/browse/movies-tv-shows/adventure-movies/4096_530598_530701_531392"
            ],
            [
                "Action",
                "/browse/movies-tv-shows/action/4096_530598_530715_531575"
            ],
            [
                "All Sci-Fi & Fantasy",
                "/browse/movies-tv-shows/all-sci-fi-fantasy/4096_530598_530715_531581"
            ],
            [
                "Boxed Sets & Collections Movies & TV",
                "/browse/boxed-sets-collections-movies-tv/4096_5732611"
            ],
            [
                "Sci-Fi & Fantasy",
                "/browse/movies-tv-shows/sci-fi-fantasy/4096_616859_617014"
            ],
            [
                "DVD Movies",
                "/browse/movies-tv-shows/dvd-movies/4096_8073310_7001804"
            ],
            [
                "All Children & Family Movies",
                "/browse/movies-tv-shows/all-children-family-movies/4096_530598_530701_9062682"
            ],
            [
                "Harry Potter Movies",
                "/browse/harry-potter-movies/4096_9872761"
            ]
        ]
    },
    {
        "title": "The Waterboy (DVD)",
        "url": "https://www.walmart.com/ip/The-Waterboy-DVD/1075799",
        "price": "$9.99",
        "stars": "4.7",
        "ratings": "25 ",
        "img": "",
        "tags": [
            [
                "Instawatch Comedy Movies",
                "/browse/movies-tv-shows/instawatch-comedy-movies/4096_1228693_2759224"
            ],
            [
                "Family Drama Movies",
                "/browse/movies-tv-shows/family-drama-movies/4096_530598_530701_531398"
            ],
            [
                "Slapstick Comedy",
                "/browse/movies-tv-shows/slapstick-comedy/4096_530598_530703_531429"
            ],
            [
                "Romantic Comedies",
                "/browse/movies-tv-shows/romantic-comedies/4096_530598_530714_531570"
            ],
            [
                "Romantic Comedy",
                "/browse/movies-tv-shows/romantic-comedy/4096_530598_530703_532436"
            ],
            [
                "DVD Movies",
                "/browse/movies-tv-shows/dvd-movies/4096_8073310_7001804"
            ],
            [
                "All Comedy",
                "/browse/movies-tv-shows/all-comedy/4096_530598_530703_8423591"
            ],
            [
                "All Children & Family Movies",
                "/browse/movies-tv-shows/all-children-family-movies/4096_530598_530701_9062682"
            ]
        ]
    },
    {
        "title": "The Adventures of Sharkboy and Lavagirl (DVD)",
        "url": "https://www.walmart.com/ip/The-Adventures-of-Sharkboy-and-Lavagirl-DVD/184960964",
        "price": "$9.21",
        "stars": 0,
        "ratings": 0,
        "img": "",
        "tags": []
    },
    {
        "title": "Real Steel (Blu-ray + DVD)",
        "url": "https://www.walmart.com/ip/Real-Steel-Blu-ray-DVD/17732495",
        "price": "$6.53",
        "stars": "4.7",
        "ratings": "26 ",
        "img": "",
        "tags": [
            [
                "Action",
                "/browse/movies-tv-shows/action/4096_530598_530715_531575"
            ],
            [
                "All Sci-Fi & Fantasy",
                "/browse/movies-tv-shows/all-sci-fi-fantasy/4096_530598_530715_531581"
            ],
            [
                "Movies About Race",
                "/browse/movies-about-race/4096_6277374"
            ],
            [
                "Instawatch Action & Adventure Movies",
                "/browse/movies-tv-shows/instawatch-action-adventure-movies/4096_1228693_6761985"
            ],
            [
                "DVD Movies",
                "/browse/movies-tv-shows/dvd-movies/4096_8073310_7001804"
            ],
            [
                "All Action & Adventure",
                "/browse/movies-tv-shows/all-action-adventure/4096_530598_530698_8354524"
            ],
            [
                "Instawatch Movies",
                "/browse/movies-tv-shows/instawatch-movies/4096_1228693_9986038"
            ]
        ]
    }
]