[{"title": "Spalding NBA Super Tack Pro Indoor/ Outdoor Basketball", "tags": "Indoor Basketballs Youth Kids NCAA Outdoor NBA Womens Spalding", "relevancy_score": 634.2636406779661, "price": "$14.96"}, {"title": "Funko POP! NBA: Bulls - Michael Jordan", "tags": "Toys & Games Fan Shop North Carolina Tar Heels Accessories Chicago Bulls Mens NCAA LeBron James Jerseys Gear T-Shirts", "relevancy_score": 111.53055849056602, "price": "$11.99"}, {"title": "NFL Dallas Cowboys Bed In Bag Set", "tags": "Bath Fan Shop Bedding Dallas Cowboys & Kitchen Throw Blankets NFL Accessories Team", "relevancy_score": 299.3556782608695, "price": "$59.99"}, {"title": "NFL Pittsburgh Steelers Bed In Bag Set", "tags": "Bath Fan Shop Bedding Throw Blankets NFL Accessories Pittsburgh Steelers Team & Kitchen", "relevancy_score": 240.85207804878047, "price": "$47.99"}, {"title": "Fan Favorite MLB New York Yankees Basic Cap / Hat", "tags": "MLB Hats New York Yankees Womens Shop All Mens Summer Styles Mets T-Shirts Fan Americana", "relevancy_score": 89.17695, "price": "$10.42"}, {"title": "NFL Las Vegas Raiders Bed In Bag Set", "tags": "Bath Fan Shop Bedding Las Vegas Raiders Mens & Kitchen NFL T-Shirts Team Kids", "relevancy_score": 43.59895609756097, "price": "$79.98"}, {"title": "Fan Favorite Boston Red Sox '47 Basic Adjustable Hat - Navy - OSFA", "tags": "MLB Hats Boston Red Sox Womens T-Shirts Shop All Summer Styles Fan Father's Day", "relevancy_score": 121.15786666666666, "price": "$10.42"}, {"title": "Philadelphia Eagles Bed In Bag Set", "tags": "Bath Fan Shop Bedding NFL Accessories Philadelphia Eagles & Kitchen Team New York Giants Blankets", "relevancy_score": 50.19895609756097, "price": "$79.99"}, {"title": "NFL New York Giants Bed In Bag Set", "tags": "Bath Fan Shop Bedding NBA New York Giants & Kitchen MLB Back to School Team Home Blankets", "relevancy_score": 63.82892727272727, "price": "$59.99"}, {"title": "NFL Seattle Seahawks Bed in a Bag Complete Bedding Set", "tags": "Bedding Fan Shop Throw Blankets Seattle Seahawks Team NFL Accessories Bath & Kitchen Dallas Cowboys", "relevancy_score": 55.306156521739126, "price": "$66.46"}, {"title": "Freeze Space Jam Tune Squad Logo Lola Bunny #10 White Basketball Jersey (Adult Small)", "tags": "Tom Brady Jerseys & Gear MLB NFL New England Patriots Notre Dame Fighting Irish Kids Mens", "relevancy_score": 0.0, "price": "$24.95"}, {"title": "Space Jam Tune Squad Logo Bugs Bunny #1 White Basketball Jersey (Adult Small)", "tags": "Tom Brady Jerseys & Gear MLB Fan Shop NFL New England Patriots Kids Notre Dame Fighting Irish Mens", "relevancy_score": 0.0, "price": "$24.95"}, {"title": "Youth Red Kansas City Chiefs Lined T-Shirt", "tags": "Little Boys Back to School Graphic Tees And T-Shirts & Tank Tops (4-7) Summer Shop Big", "relevancy_score": 0.0, "price": "$12.88"}, {"title": "Josh Allen Buffalo Bills NFL Pro Line by Fanatics Branded Player Authentic Stack Name & Number T-Shirt - Royal", "tags": "NFL T-shirts Sweatshirts New England Patriots Hats Buffalo Bills T-Shirts Team Shop Fan Americana Womens", "relevancy_score": 15.236836363636364, "price": "$25.59"}, {"title": "Alabama Crimson Tide Colosseum Adult Logo Face Covering 2-Pack", "tags": "Oklahoma Sooners Los Angeles Lakers NCAA Accessories Sports Fan Shop Face Coverings Americana Team IMG Tier 1 Teams Alabama Crimson Tide", "relevancy_score": 8.162825, "price": "$15.99"}, {"title": "Los Angeles Dodgers Basic Team Color Adjustable Hat - Royal - OSFA", "tags": "MLB Hats Los Angeles Dodgers Womens Summer Styles Mens Shop All T-Shirts Fan", "relevancy_score": 15.236836363636364, "price": "$10.42"}, {"title": "NBA Los Angeles Lakers 25\" x 50\" Applique Bath Towel, 1 Each", "tags": "Bath Fan Shop New Orleans Saints & Kitchen Los Angeles Lakers Home MLB Back to School Dodgers Accessories Team", "relevancy_score": 9.162825, "price": "$16.23"}, {"title": "FOCO - NFL 10 Inch Varsity Bear, Dallas Cowboys", "tags": "Bags Fan Shop Golf Towels Pittsburgh Steelers Team Dallas Cowboys Accessories Kids Bedding & Blankets", "relevancy_score": 20.30649411764706, "price": "$12.97"}, {"title": "NCAA Ohio State Hand Towel, 1 Each", "tags": "Bath Fan Shop Ohio State Buckeyes Penn Nittany Lions & Kitchen LSU Tigers Mens Florida Seminoles", "relevancy_score": 25.372171428571427, "price": "$7.88"}, {"title": "Men's Fanatics Branded Ronald Acuna Jr. Navy Atlanta Braves Name & Number T-Shirt", "tags": "New Orleans Pelicans Team Shop Atlanta Falcons T-Shirts Braves T-shirts All Mens NBA", "relevancy_score": 5.0840387096774196, "price": "$14.88"}, {"title": "Spalding Varsity 28.5\" Basketball", "tags": "Basketball Accessories Indoor Basketballs Youth Kids NCAA Outdoor NBA Spalding", "relevancy_score": 167.98401250000003, "price": "$16.99"}, {"title": "Spalding NBA Mini 22\" Basketball - Blue/Green", "tags": "Indoor Basketballs Youth Kids NCAA Outdoor NBA Womens Spalding", "relevancy_score": 97.04208, "price": "$12.99"}, {"title": "Spalding NBA Pro Tack 29.5\" Basketball", "tags": "Indoor Basketballs Youth Kids NCAA Outdoor NBA Womens Spalding", "relevancy_score": 231.9158835443038, "price": "$18.46"}, {"title": "WWE Masters of the WWE Universe Grayskull Mania Bundle with Terror Claws Triple H and John Cena Figures", "tags": "All Action Figure Playsets WWE Wrestling Ring Elite Figures Mega Construx Ghostbusters Toys Role Play TV & Movie", "relevancy_score": 89.17695, "price": "$46.00"}, {"title": "Bic Multi-Purpose Lighter, 2 Count", "tags": "Camping Stoves Fire Starters Green Bay Packers Hats NFL Accessories All Fan Shop", "relevancy_score": 528.4548056338028, "price": "$14.99"}, {"title": "MacGregor\u00ae Indoor/ Outdoor Official Size (29.5\") Rubber Basketball", "tags": "Basketball Accessories Indoor Basketballs Youth Kids NCAA Outdoor NBA Spalding", "relevancy_score": 675.6365396226415, "price": "$9.86"}, {"title": "Pokemon Trading Card Game Spring Collectors Chest Tin", "tags": "Pokemon Collector's Tin Detective Pikachu Toys All Trading Cards TCG Games Booster Box Trainer Theme Decks", "relevancy_score": 45.6012, "price": "$24.95"}, {"title": "Pokemon Sword & Shield 3- Darkness Ablaze Elite Trainer Box- 8 Booster Packs, 65 Cards, 45 Energy Cards, 6 Counter Dice,", "tags": "", "relevancy_score": 31.748463157894736, "price": "$45.49"}, {"title": "Bostitch Inpower Spring Powered 20 Desktop Stapler, Reduced Effort", "tags": "File Folders Money Handling & Recordkeeping Essentials for Tax Professionals Punches Desk Tape Dispensers Clips, Clamps Rings Brochure Holders Pens Refills", "relevancy_score": 318.63896470588236, "price": "$11.42"}, {"title": "Clara Clark Premier 1800 Collection Deluxe Microfiber 3-Line Bed Sheet Set, Full Size, Royal Blue", "tags": "Twin XL Sheets White Queen Deep Pocket Full California King Warm & Cozy", "relevancy_score": 190.5197, "price": "$28.45"}, {"title": "Elf on the Shelf Boy Light", "tags": "Tools & Workshops Elf on the Shelf Stuff Animals for Boys Toys age 2-4 girls Christmas Stuffed Toddler Boy Toy Workbenches boys", "relevancy_score": 521.8586545454546, "price": "$36.99"}, {"title": "Roblox Boys Panel & Circle Warriors Graphic T-Shirts 2-Pack, Sizes 4-18", "tags": "", "relevancy_score": 22.372171428571427, "price": "$17.98"}, {"title": "WWE Smackdown Live / Royal Rumble Superstar Ring", "tags": "All Action Figure Playsets WWE Wrestling Ring Elite Figures Ghostbusters Toys TV & Movie Role Play Battle Pack Tough Talkers", "relevancy_score": 23.372171428571427, "price": "$18.61"}, {"title": "Roblox Boys Box Letter Logo & Floating Characters Graphic T-Shirt 2-Pack, Sizes 4-18", "tags": "", "relevancy_score": 9.162825, "price": "$17.98"}, {"title": "WWE Superstar Raw 14-Inch Ring with Authentic Ropes", "tags": "All Action Figure Playsets WWE Wrestling Ring Trending Role Play Elite Figures TV & Movie Battle Pack Tough Talkers", "relevancy_score": 39.74846315789474, "price": "$31.31"}, {"title": "Ultimate Warrior Collection: Braveheart / Gladiator / Hercules: Triple Pack (DVD)", "tags": "Instawatch Sci-Fi & Fantasy Movies Comedy Action Drama Adventure DVD All", "relevancy_score": 21.372171428571427, "price": "$9.58"}, {"title": "(12 Pack) Rawlings Bucket of 12U Official League ROLB2 Youth Practice Baseballs", "tags": "Baseball Training Equipment Softball Babe Ruth Jerseys & Gear Nets, Screens, and Rebounders Rawlings Baseballs Buckets Batting Tees Little League", "relevancy_score": 260.1857176470588, "price": "$48.94"}, {"title": "Batman 3-Piece Mask Set", "tags": "", "relevancy_score": 56.77695000000001, "price": "$3.97"}, {"title": "NFL Minnesota Vikings Bed In Bag Set", "tags": "Bedding Fan Shop Throw Blankets Minnesota Vikings Kids Green Bay Packers & Accessories MLB Home Team", "relevancy_score": 35.49287567567568, "price": "$59.99"}, {"title": "Tony Stewart All American Racing", "tags": "", "relevancy_score": 5.0840387096774196, "price": "$33.88"}, {"title": "Wwe Rey Mysterio Boys Costume deluxe", "tags": "WWE Costumes Grand Heritage Hulk Costume Hot Deals for Halloween Other Men's Plus Size Party Decorations", "relevancy_score": 0.0, "price": "$39.99"}, {"title": "Minecraft Boys Pocket Creeper & Time To Mine Graphic T-Shirts 2-Pack, Sizes 4-18", "tags": "", "relevancy_score": 8.162825, "price": "$17.98"}, {"title": "WWE Lacey Evans Elite Collection Action Figure", "tags": "All Action Figure Playsets WWE Wrestling Ring Elite Figures Ghostbusters Toys TV & Movie Battle Pack Zombies", "relevancy_score": 15.236836363636364, "price": "$25.95"}, {"title": "Playstation Controller Buttons Men's and Big Men's Graphic T-shirt", "tags": "", "relevancy_score": 5.0840387096774196, "price": "$11.87"}, {"title": "WWE Shinsuke Nakamura Action Figure", "tags": "All Action Figure Playsets WWE Wrestling Ring Elite Figures Ghostbusters Toys TV & Movie Battle Pack Zombies", "relevancy_score": 14.336836363636365, "price": "$9.99"}, {"title": "Halloween WWE Finn Balor Deluxe Child Costume", "tags": "WWE Costumes Top Boy's Halloween Hot Deals for Other Men's Newborn Baby Spiderman Costume Plus Size TV & Movies", "relevancy_score": 5.0840387096774196, "price": "$46.98"}, {"title": "WWE Battle Pack Kevin Owens & Ali Action Figure Set", "tags": "All Action Figure Playsets WWE Wrestling Ring Elite Figures Ghostbusters Toys TV & Movie Battle Pack Zombies", "relevancy_score": 0.0, "price": "$15.88"}, {"title": "WWE Top Picks Seth Rollins Elite Collection Action Figure", "tags": "", "relevancy_score": 5.0840387096774196, "price": "$19.95"}, {"title": "Untamed Ultimate Dragon ? Goldrush (Shiny Gold Accents) ? By WowWee", "tags": "Electronic Toys Robots & Pets Fingerlings RC and Vehicle Boost April '20 Baby Shark Dragon Private Brand Top Items", "relevancy_score": 10.162825, "price": "$14.84"}, {"title": "Folding Stool \u2013 Heavy Duty 24-Inch Collapsible Padded Round Stool with 300 Pound Limit for Dorm, Rec or Gameroom by Trademark Home (Pink)", "tags": "Armless Bar Stools Shop All Folding Chairs Black & Counter Brown Metal Transitional", "relevancy_score": 65.77695, "price": "$23.95"}, {"title": "Dallas Cowboys The Northwest Company 50'' x 60'' Split Wide Fleece Throw Blanket - No Size", "tags": "Bath Fan Shop Bedding Dallas Cowboys & Kitchen Throw Blankets Team NFL", "relevancy_score": 10.162825, "price": "$14.99"}, {"title": "WWE Paige Action Figure", "tags": "All Action Figure Playsets WWE Wrestling Ring Toys for Babies 0 to 12 Months Elite Figures TV & Movie Battle Pack Kids Years Up Zombies", "relevancy_score": 0.0, "price": "$9.84"}, {"title": "Men's Majestic Navy Houston Astros Box Cutter Long Sleeve T-Shirt", "tags": "Shop All Houston Astros MLB Hats Womens T-Shirts Kids Jose Altuve Jerseys & Gear Alex Bregman", "relevancy_score": 10.162825, "price": "$8.99"}, {"title": "Funko POP UFC: Daniel Cormier", "tags": "UFC Accessories Randy Orton Shop All all items Undertaker Ronda Rousey", "relevancy_score": 8.162825, "price": "$4.99"}, {"title": "Men's Black Pittsburgh Steelers Mass Cuffed Knit Hat - OSFA", "tags": "Carolina Panthers Hats Atlanta Falcons Cincinnati Bengals Pittsburgh Steelers New England Patriots Denver Broncos NFL Philadelphia Eagles", "relevancy_score": 29.192875675675673, "price": "$10.42"}, {"title": "Green Bay Packers The Northwest Company 50'' x 60'' Split Wide Fleece Throw Blanket - No Size", "tags": "Bedding Fan Shop Las Vegas Raiders Bath & Kitchen Green Bay Packers Accessories Throw Blankets Team", "relevancy_score": 0.0, "price": "$11.99"}, {"title": "Texas Longhorns Pigment Dye Adjustable Hat - Texas Orange - OSFA", "tags": "Mens Big & Tall Graphic Tees T-Shirts Tank Tops Men's Hats Caps Savings Accessories Womens Toddler Boys (2T-5T) New", "relevancy_score": 0.0, "price": "$9.47"}, {"title": "Friends Central Perk 4-Piece Face Mask Set", "tags": "", "relevancy_score": 10.162825, "price": "$13.94"}, {"title": "WWE Big E Elite Collection Action Figure", "tags": "All Action Figure Playsets WWE Wrestling Ring Elite Figures Ghostbusters Toys TV & Movie Battle Pack Zombies", "relevancy_score": 0.0, "price": "$15.88"}, {"title": "Men's NFL Pro Line by Fanatics Branded  Russell Wilson  College Navy Seattle Seahawks Player Jersey", "tags": "Tom Brady Jerseys & Gear Pittsburgh Steelers Fan Shop New England Patriots Cleveland Browns Team York Giants Mens", "relevancy_score": 0.0, "price": "$44.99"}, {"title": "Buffalo Bills NFL Pro Line by Fanatics Branded Dither Arc Element T-Shirt - Heathered Gray", "tags": "NFL T-shirts Sweatshirts New England Patriots Hats Buffalo Bills T-Shirts Team Shop Fan Americana Womens", "relevancy_score": 0.0, "price": "$14.88"}, {"title": "WWE Ronda Rousey Action Figure", "tags": "", "relevancy_score": 1.0840387096774193, "price": "$9.99"}, {"title": "WWE Kofi Kingston Elite Collection Action Figure", "tags": "All Action Figure Playsets WWE Wrestling Ring Elite Figures Ghostbusters Toys TV & Movie Battle Pack Zombies", "relevancy_score": 0.0, "price": "$15.88"}, {"title": "Men's Fanatics Branded Red Kansas City Chiefs Engage Elevate T-Shirt", "tags": "Kansas City Chiefs Kids NFL T-shirts Sweatshirts Patrick Mahomes Jerseys & Gear Womens Team Shop T-Shirts", "relevancy_score": 0.0, "price": "$14.88"}, {"title": "WWE Roman Reigns Elite Collection Action Figure", "tags": "All Action Figure Playsets WWE Wrestling Ring Elite Figures Ghostbusters Toys TV & Movie Battle Pack Zombies", "relevancy_score": 0.0, "price": "$15.88"}, {"title": "MLB Night Light Detroit Tigers, 1.0 CT", "tags": "Detroit Tigers Hats T-Shirts Bedding & Blankets Shop All On-Field Collection Kansas City Royals Accessories Mens Kids", "relevancy_score": 0.0, "price": "$1.99"}, {"title": "Chicago Bears For Bare Feet Pinstripe Quarter-Length Socks - Navy", "tags": "", "relevancy_score": 0.0, "price": "$6.88"}, {"title": "WWE John Cena Action Figure", "tags": "Fingerlings WWE Wrestling Ring Playsets Elite Figures TV & Movie All Action Barbie Signature Dolls Collector", "relevancy_score": 0.0, "price": "$9.84"}, {"title": "WWE Drake Maverick Elite Collection Action Figure", "tags": "All Action Figure Playsets WWE Wrestling Ring Elite Figures Ghostbusters Toys TV & Movie Battle Pack Zombies", "relevancy_score": 0.0, "price": "$15.88"}, {"title": "Ultra Pro Square Baseball Holder", "tags": "Basketballs Footballs Hockey Sticks NBA Accessories NCAA Spalding Alabama Crimson Tide Kids", "relevancy_score": 0.0, "price": "$4.70"}, {"title": "WWE Mandy Rose Elite Collection Action Figure", "tags": "WWE Dolls Wrestling Ring Playsets Elite Figures Ghostbusters Toys TV & Movie Battle Pack Zombies", "relevancy_score": 6.162825, "price": "$15.88"}, {"title": "Five Nights at Freddy's Boys Character & Digital Game Over Graphic T-Shirt 2-Pack, Sizes 4-18", "tags": "", "relevancy_score": 14.336836363636365, "price": "$17.98"}, {"title": "Forever Collectibles Big Logo Stripe 6-Pack Cooler, Los Angeles Rams", "tags": "Tennis Bags Atlanta Falcons Outdoor Los Angeles Rams Team Shop Clothing Bath & Kitchen New York Giants England Patriots Kids", "relevancy_score": 5.0840387096774196, "price": "$7.99"}, {"title": "Spalding NBA Mini 22\" Basketball - Red/Orange", "tags": "Indoor Basketballs Youth Kids NCAA Outdoor NBA Womens Spalding", "relevancy_score": 80.84230638297873, "price": "$11.80"}, {"title": "Women's 5th & Ocean by New Era Purple Los Angeles Lakers Basketball V-Neck T-Shirt", "tags": "NBA Hardwood Classics Kids Los Angeles Lakers Womens LeBron James Jerseys & Gear Team Shop T-Shirts", "relevancy_score": 6.162825, "price": "$19.88"}, {"title": "Official Game Play Headband of Ninja", "tags": "G2 Esports Fan Shop all We Are Nations items New York Excelsior Hangzhou Spark Ninjas in Pyjamas Jerseys Los Angeles Gladiators All Overwatch League Merchandise", "relevancy_score": 270.1463428571429, "price": "$15.00"}, {"title": "Fathead Kobe Bryant: Away - Life-Size Officially Licensed NBA Removable Wall Decal", "tags": "Wallpaper Disney Frozen Wall Decals NFL Decorative Kids and Teens York Wallcoverings Peel Stick Window", "relevancy_score": 13.136836363636363, "price": "$63.99"}, {"title": "Dallas Cowboys Fanatics Branded Adult Official Logo Face Covering 3-Pack", "tags": "Dallas Cowboys Pajamas, Sweatpants & Loungewear NFL Accessories Team Shop Fan Americana IMG Tier 1 Teams Kids", "relevancy_score": 15.236836363636364, "price": "$15.99"}, {"title": "Otis - WWE Elite 76", "tags": "All Action Figures WWE Wrestling Ring Playsets Elite Ghostbusters Toys Only at Walmart TV & Movie Battle Pack", "relevancy_score": 0.0, "price": "$34.99"}, {"title": "San Francisco 49ers NFL Pro Line by Fanatics Branded Women's Super Bowl LIV Bound Gridiron V-Neck T-Shirt - Heather", "tags": "San Francisco 49ers T-Shirts NFL T-shirts Hats Jimmy Garoppolo Jerseys & Gear Mens Womens Team Shop Sweatshirts", "relevancy_score": 0.0, "price": "$12.99"}, {"title": "MLB Matching Card Game", "tags": "Blackjack Equipment Playing Cards Lacrosse Sets Poker Chips Card Shufflers MLB Home Goals Dice", "relevancy_score": 0.0, "price": "$12.99"}, {"title": "Spongebob Squarepants Boys Team Grid Graphic T-Shirt, Sizes 4-18", "tags": "", "relevancy_score": 33.392875675675675, "price": "$11.67"}, {"title": "NCAA Georgia Bulldogs Affiliation Twin Xl Comforter Set, 1 Each", "tags": "Bedding Fan Shop Alabama Crimson Tide & Blankets Throw Georgia Bulldogs Kids Bath Kitchen NCAA", "relevancy_score": 5.0840387096774196, "price": "$34.88"}, {"title": "WWE Elite Collection Samoa Joe Action Figure with Accessories", "tags": "All Action Figure Playsets WWE Wrestling Ring Elite Figures Ghostbusters Toys TV & Movie Battle Pack Zombies", "relevancy_score": 0.0, "price": "$19.99"}, {"title": "Set of 3 Blue Break Away Table for WWE Wrestling Action Figures", "tags": "All Action Figure Playsets WWE Dolls Wrestling Ring Elite Figures Building Sets for Boys TV & Movie Role Play", "relevancy_score": 10.162825, "price": "$15.99"}, {"title": "NFL Seattle Seahawks Full Sheet Set, 1 Each", "tags": "Bedding Fan Shop Baby Throw Blankets Seattle Seahawks Team NFL Accessories Bath & Kitchen", "relevancy_score": 14.336836363636365, "price": "$32.88"}, {"title": "Tachikara Rubber Recreational Basketball", "tags": "Indoor Basketballs Youth Kids NCAA Outdoor NBA Womens Spalding", "relevancy_score": 160.53869253731344, "price": "$16.27"}, {"title": "WWE: Royal Rumble 2020 (DVD)", "tags": "John Cena Shop All Becky Lynch Fan Jeff Hardy Finn Balor DVDs Christian", "relevancy_score": 5.0840387096774196, "price": "$12.96"}, {"title": "WWE Jumbo Ring 20x20 Play Set for 12-Inch Action Figures", "tags": "All Action Figure Playsets WWE Wrestling Ring Elite Figures Ghostbusters Toys TV & Movie Role Play Battle Pack Tough Talkers", "relevancy_score": 0.0, "price": "$27.52"}, {"title": "WWE Finn Balor Action Figure", "tags": "All Action Figure Playsets WWE Wrestling Ring Elite Figures Ghostbusters Toys TV & Movie Battle Pack Zombies", "relevancy_score": 0.0, "price": "$9.84"}, {"title": "Men's Majestic Brown Cleveland Browns Greatness T-Shirt", "tags": "NFL T-shirts Baker Mayfield Jerseys & Gear Cleveland Browns T-Shirts Team Shop Womens Kids Mens", "relevancy_score": 10.162825, "price": "$14.96"}, {"title": "WWE Bret Hart Men's Costume", "tags": "WWE Costumes Men's Top TV & Movies 90s Angry Birds Spiderman Costume Plus Size Halloween All Boys", "relevancy_score": 0.0, "price": "$19.98"}, {"title": "WWE Shinsuke Nakamura Survivor Series Elite Action Figure", "tags": "All Action Figure Playsets WWE Wrestling Ring Elite Figures Ghostbusters Toys TV & Movie Battle Pack Zombies", "relevancy_score": 17.50649411764706, "price": "$14.99"}, {"title": "New Orleans Saints For Bare Feet Cubical Remix Crew Socks", "tags": "", "relevancy_score": 0.0, "price": "$6.88"}, {"title": "Women's Russell Athletic Heathered Royal Florida Gators Half-Sleeve V-Neck Tunic", "tags": "Little Girls Back to School Outfit Sets Premium Womens One-piece Swimsuits Big Activewear Tops WonderWink Scrubs 42F Bras 40F 38F Lee Men's", "relevancy_score": 3.0840387096774196, "price": "$14.96"}, {"title": "Men's Fan Favorite Navy Seattle Seahawks Mass Basic Adjustable Hat - OSFA", "tags": "Seattle Seahawks Kids Mens Team Shop NFL Accessories Hats Fan", "relevancy_score": 5.0840387096774196, "price": "$10.42"}, {"title": "Baltimore Ravens The Northwest Company 50'' x 60'' Split Wide Fleece Throw Blanket - No Size", "tags": "", "relevancy_score": 2.0840387096774196, "price": "$14.99"}, {"title": "Little Earth - NFL Sheer Infinity Scarf, Pittsburgh Steelers", "tags": "Accessories Fan Shop Toys & Games New England Patriots Pittsburgh Steelers Team Atlanta Falcons Kids NFL", "relevancy_score": 10.136836363636363, "price": "$12.95"}, {"title": "SpongeBob SquarePants Pop 'N' Race", "tags": "Toy Boxes & Chests Personalized Pencil Cases Back To School Kid's Backpacks Toys Games Shop All Kids' Storage Fabric Baskets Bins SpongeBob SquarePants Clothing", "relevancy_score": 16.30649411764706, "price": "$9.99"}, {"title": "Las Vegas Raiders Fanatics Branded Adult Camo Face Covering 2-Pack", "tags": "", "relevancy_score": 17.50649411764706, "price": "$13.99"}, {"title": "WWE Smackdown Tag Team Championship Title Belt", "tags": "Costumes & Dress Up WWE Wrestling Ring Playsets Trending Role Play Elite Figures All Action TV Movie", "relevancy_score": 217.2158835443038, "price": "$18.84"}, {"title": "UFC 2, Electronic Arts, PlayStation 4, 014633368772", "tags": "", "relevancy_score": 44.6513, "price": "$9.87"}, {"title": "Men's Scarlet Ohio State Buckeyes Circle Long Sleeve T-Shirt", "tags": "Mens T-Shirts & Tank Tops Big Tall Men's Basic Active (Rule) Tees Savings Tanks Girls Top Brands Backpacks", "relevancy_score": 15.236836363636364, "price": "$18.88"}, {"title": "Ezekiel Elliott Dallas Cowboys Camo Name & Number T-Shirt - Black", "tags": "MLS Youth Inter Miami T-Shirts Ezekiel Elliott Jerseys & Gear NASCAR Dallas Cowboys Team Shop Accessories Chase Fan", "relevancy_score": 0.0, "price": "$31.99"}, {"title": "Champion Men's Long Mesh Shorts with Pockets, up to Size 4XL", "tags": "Sporty Champion Mens Shorts Savings Activewear Active Americana Shop Big & Tall Men's", "relevancy_score": 2256.958013559322, "price": "$13.90"}, {"title": "WWE Top Picks Elite Collection Finn Balor 6-Inch Action Figure", "tags": "Father's Day Electronics Connected Dorm Room Shop All Glass Mother's Gifts Audio Tax Free for Grads Back to School Home Visual", "relevancy_score": 14.336836363636365, "price": "$14.99"}, {"title": "Trademark Global Ohio State University Logo 30\" Padded Bar Stool, Black", "tags": "Modern/Contemporary Bar Stools Metal Armless Adjustable Backless Transitional Counter Traditional", "relevancy_score": 27.4342, "price": "$64.79"}, {"title": "Women's Fanatics Branded Black Vegas Golden Knights Team Lockup Pullover Hoodie", "tags": "Vegas Golden Knights T-Shirts James Neal Jerseys & Gear Kids NHL Sweatshirts Mens", "relevancy_score": 10.162825, "price": "$24.88"}, {"title": "Shock Doctor 220 Core Compression Short with Cup Pocket, Adult XXL, WHITE", "tags": "Sports Equipment Fan Shop Athletic Performance Shapewear MMA Shorts Baseball Protective Gear Pants Kids Apparel and Fishing Carts Cups", "relevancy_score": 126.00955714285713, "price": "$21.99"}, {"title": "10-Piece Hardcore Accessories Playset - Ringside Exclusive for WWE Toy Wrestling Action Figures", "tags": "All Action Figure Playsets WWE Wrestling Ring Elite Figures Ghostbusters Toys TV & Movie Role Play Battle Pack Zombies", "relevancy_score": 42.9012, "price": "$23.99"}, {"title": "Rey Mysterio - WWE Elite 67", "tags": "All Action Figure Playsets WWE Wrestling Ring Elite Figures Ghostbusters Toys TV & Movie Battle Pack Zombies", "relevancy_score": 0.0, "price": "$19.99"}, {"title": "Game Night Roulette Drinking Game", "tags": "Cocktail & Liquor Glasses Personalized Bar Glassware China Cabinets Beer Wine Saucepans Barware Martini", "relevancy_score": 32.69287567567567, "price": "$19.94"}, {"title": "Kansas City Chiefs NFL Pro Line by Fanatics Branded Iconic Collection On Side Stripe Long Sleeve T-Shirt - Red", "tags": "Kansas City Chiefs Kids NFL T-shirts Sweatshirts Patrick Mahomes Jerseys & Gear Womens Team Shop T-Shirts", "relevancy_score": 0.0, "price": "$29.99"}, {"title": "MLB 2016 Topps Baseball Cards Series 1 Trading Card Blaster Box", "tags": "Roberto Clemente Jerseys & Gear Mickey Mantle Babe Ruth Wayne Gretzky Shop All New York Yankees Nolan Ryan Jaromir Jagr Tony Gwynn", "relevancy_score": 10.162825, "price": "$34.99"}, {"title": "FanMats NFL Heavy Duty Utility Mat, Pittsburgh Steelers - SPORTS LICENSING SOLUTIONS", "tags": "New England Patriots Auto Accessories San Francisco 49ers Fan Shop Car Floor Mats Dallas Cowboys Pittsburgh Steelers Team Green Bay Packers Chicago Bears York Giants", "relevancy_score": 18.30649411764706, "price": "$14.00"}, {"title": "Kansas Jayhawks Russell Athletic Youth Oversized Graphic Crew Neck T-Shirt - Royal", "tags": "", "relevancy_score": 0.0, "price": "$8.88"}, {"title": "Set of 5 Championship Belts For WWE Wrestling Action Figures", "tags": "All Action Figure Playsets WWE Wrestling Ring Trending Role Play Elite Figures TV & Movie Battle Pack", "relevancy_score": 10.162825, "price": "$15.99"}, {"title": "Happy Feet Mens and Womens Sneaker Slippers", "tags": "Womens Slippers Mens George Shoes Slip-on Toddler Dearfoams Kids", "relevancy_score": 23.372171428571427, "price": "$27.99"}, {"title": "Men's Fanatics Branded Yadier Molina Red St. Louis Cardinals Name & Number T-Shirt", "tags": "St. Louis Cardinals T-Shirts Shop All St Blues Mens Sweatshirts NHL MLB and Outerwear", "relevancy_score": 15.236836363636364, "price": "$14.88"}, {"title": "WWE John Cena Elite Collection Action Figure", "tags": "All Action Figure Playsets WWE Wrestling Ring Elite Figures Ghostbusters Toys TV & Movie Battle Pack Zombies", "relevancy_score": 5.0840387096774196, "price": "$29.99"}, {"title": "Kansas City Chiefs NFL Pro Line by Fanatics Branded Women's Iconic Collection Script Assist Long Sleeve V-Neck T-Shirt -", "tags": "Kansas City Chiefs Mens Sports Fan Shop Womens Apparel & Gear NFL T-shirts Patrick Mahomes Jerseys Team Sweatshirts T-Shirts", "relevancy_score": 0.0, "price": "$23.99"}, {"title": "Men's Fanatics Branded Cody Bellinger Royal Los Angeles Dodgers Name & Number T-Shirt", "tags": "Los Angeles Dodgers Womens MLB Back to School Women's Summer Styles Plus Sized and Big & Tall Shop All T-Shirts", "relevancy_score": 9.162825, "price": "$14.88"}, {"title": "Las Vegas Raiders Fanatics Branded Team Lockup Logo T-Shirt - Black", "tags": "Atlanta Falcons Hats Las Vegas Raiders NFL T-shirts New England Patriots Denver Broncos T-Shirts Team Shop Mens", "relevancy_score": 0.0, "price": "$27.99"}, {"title": "St. Louis Cardinals 16oz. Overtime Pint Glass", "tags": "St. Louis Cardinals Womens St Blues Mens Sweatshirts MLB and Outerwear Bath & Kitchen", "relevancy_score": 0.0, "price": "$5.97"}, {"title": "WWE Basic Ricochet", "tags": "WWE Title Belts Jeff Hardy Fan Shop Rey Mysterio All Stone Cold Steve Austin AJ Styles Toys", "relevancy_score": 14.336836363636365, "price": "$9.84"}, {"title": "Men's Fanatics Branded Heathered Gray Seattle Seahawks Dither Arc Element T-Shirt", "tags": "", "relevancy_score": 0.0, "price": "$14.88"}, {"title": "San Diego Padres 2020 Team Card Set", "tags": "Panini Yugioh Cards All Trading Baseball Football Collectible WWE", "relevancy_score": 0.0, "price": "$6.99"}, {"title": "Men's For Bare Feet Kentucky Wildcats Ticket Heathered Crew Socks", "tags": "Kentucky Wildcats Kids T-Shirts Bath & Kitchen Hats Outdoor Walmart NCAA Collection Sweatshirts", "relevancy_score": 5.0840387096774196, "price": "$6.88"}, {"title": "Men's Majestic Purple Minnesota Vikings Greatness T-Shirt", "tags": "Minnesota Vikings T-Shirts Fan Shop NFL T-shirts Father's Day Team Sweatshirts Sports Mens Apparel & Gear", "relevancy_score": 10.162825, "price": "$14.96"}, {"title": "Los Angeles Dodgers Stripe Crew Socks - Royal", "tags": "Bedding Fan Shop Kitchen & Dining Throw Blankets Los Angeles Dodgers Bath MLB Home All T-Shirts", "relevancy_score": 0.0, "price": "$7.99"}, {"title": "Toddler Russell Athletic Red Georgia Bulldogs Block Letter T-Shirt", "tags": "Toddler Boys Back to School T-Shirts & Tank Tops Graphic Tees And Baby Girls (2T-5T) Spring Trends", "relevancy_score": 0.0, "price": "$8.88"}, {"title": "UFC 2, Electronic Arts, Xbox One, 014633734010", "tags": "", "relevancy_score": 6.162825, "price": "$10.50"}, {"title": "Green Bay Packers Fanatics Branded Adult Official Logo Face Covering 3-Pack", "tags": "Shop All Milwaukee Brewers New York Yankees Green Bay Packers Kids Fan Americana Bucks Team Minnesota Vikings", "relevancy_score": 4.0840387096774196, "price": "$15.99"}, {"title": "NCAA Kentucky Wildcats \"Affiliation\" Twin or Xl Comforter Set", "tags": "Bedding Fan Shop Kentucky Wildcats Kids Throw Blankets Georgia Bulldogs & Bath Kitchen NCAA", "relevancy_score": 6.162825, "price": "$34.88"}, {"title": "Women's Majestic Royal Los Angeles Dodgers Plus Size Switch Hitter T-Shirt", "tags": "Los Angeles Dodgers Kids MLB Back to School Women's Mens Nike Gear Shop All T-Shirts", "relevancy_score": 0.0, "price": "$12.99"}, {"title": "San Francisco 49ers Fanatics Branded Adult Camo Face Covering 2-Pack", "tags": "", "relevancy_score": 20.372171428571427, "price": "$13.99"}, {"title": "Brown Breakable Table for WWE Wrestling Action Figures", "tags": "All Action Figure Playsets WWE Wrestling Ring Elite Figures Ghostbusters Toys TV & Movie Role Play Battle Pack Tough Talkers", "relevancy_score": 4.0840387096774196, "price": "$4.00"}, {"title": "NCAA University of Georgia Hand Towel, 1 Each", "tags": "Bath Fan Shop Pets Ohio State Buckeyes Georgia Bulldogs Bedding & Blankets Kitchen Mens NCAA", "relevancy_score": 22.372171428571427, "price": "$7.88"}, {"title": "Women's Russell Athletic Navy North Carolina Tar Heels Arch V-Neck T-Shirt", "tags": "NCAA T-Shirts North Carolina Tar Heels Mens Womens Kids Pajamas, Sweatpants & Loungewear Walmart Collection", "relevancy_score": 0.0, "price": "$9.96"}, {"title": "NCAA Georgia Bulldogs Car Seat Cover", "tags": "Fan Shop Car Floor Mats Throw Blankets Georgia Bulldogs Auto Accessories NFL Bedding MLB Home Seat Covers NCAA", "relevancy_score": 0.0, "price": "$22.96"}, {"title": "Men's Russell Athletic Gray Clemson Tigers Lined T-Shirt", "tags": "Mens T-Shirts & Tank Tops Big Tall Tommy Hilfiger Women Premium Womens Activewear Russell Athletic 32F Bras Savings Tanks", "relevancy_score": 0.0, "price": "$10.88"}, {"title": "Dallas Cowboys - Helmet", "tags": "Ezekiel Elliott Jerseys & Gear Dallas Cowboys Bath Kitchen Dak Prescott NFL Accessories Outdoor Team Shop Bedding Blankets", "relevancy_score": 5.0840387096774196, "price": "$13.33"}, {"title": "Los Angeles Chargers NFL Pro Line by Fanatics Branded Women's Hometown Collection LA Football V-Neck T-Shirt - Powder", "tags": "Sports Fan Shop Womens Apparel & Gear Illinois Fighting Illini Pajamas, Sweatpants Loungewear Los Angeles Chargers Team NFL Rams Sweatshirts", "relevancy_score": 0.0, "price": "$19.99"}, {"title": "Tampa Bay Buccaneers NFL Pro Line by Fanatics Branded Midnight Mascot T-Shirt - Black", "tags": "Tampa Bay Buccaneers Team Shop Kids Philadelphia Eagles T-Shirts NFL T-shirts Tom Brady Jerseys & Gear Mens Fan Americana", "relevancy_score": 0.0, "price": "$24.99"}, {"title": "SKLZ Hit-A-Way Swing Trainer For Batting Power, Pacing, Timing, and Confidence", "tags": "Soccer Accessories Baseballs Training Equipment Softball Pitching Machines Baseball Nets, Screens, and Rebounders Batting Tees", "relevancy_score": 334.00109189189186, "price": "$29.95"}, {"title": "Alabama Crimson Tide Colosseum Arch & Logo Pullover Hoodie - Crimson", "tags": "Men's Basic Sweatshirts Mens Big & Tall Loungewear 44A Bras Juniors Jeggings Jackets Hoodies Active Fleece Pullover Premium Jeans", "relevancy_score": 5.0840387096774196, "price": "$27.99"}, {"title": "MLB Slammin' Sluggers Baseball Game", "tags": "Multi Game Tables Baseball Gloves Bats Mitts Pants Shop All Chicago Cubs Rawlings Apparel", "relevancy_score": 24.372171428571427, "price": "$29.99"}, {"title": "Men's Majestic Gray Los Angeles Dodgers A Flying Leap Raglan T-Shirt", "tags": "Los Angeles Dodgers Kids Womens MLB Back to School Hats Summer Styles Shop All T-Shirts", "relevancy_score": 0.0, "price": "$10.99"}, {"title": "Women's Majestic Royal Los Angeles Dodgers Plus Size Sparkling Fun Button T-Shirt", "tags": "Los Angeles Dodgers Kids MLB Back to School Women's Summer Styles Mens Shop All T-Shirts", "relevancy_score": 0.0, "price": "$16.99"}, {"title": "Florida State Seminoles The Northwest Company 60'' x 80'' Faculty Oversized Micro Raschel Throw Blanket - Garnet - OSFA", "tags": "Bedding Fan Shop Alabama Crimson Tide & Blankets NCAA Accessories Throw Florida State Seminoles Kids Bath Kitchen", "relevancy_score": 0.0, "price": "$24.88"}, {"title": "Women's 5th & Ocean by New Era Black Arizona Diamondbacks V-Neck Team T-Shirt", "tags": "Paul Goldschmidt Jerseys & Gear Arizona Diamondbacks Mens MLB Women's T-Shirts Hats Kids Shop All", "relevancy_score": 0.0, "price": "$14.96"}, {"title": "Ichiro Suzuki Seattle Mariners Majestic Official Name & Number T-Shirt - Aqua", "tags": "Seattle Mariners Hats Shop All On-Field Collection Jerseys Womens Vintage T-Shirts Kids", "relevancy_score": 0.0, "price": "$16.99"}, {"title": "Los Angeles Chargers Team Basic Santa Hat", "tags": "", "relevancy_score": 0.0, "price": "$16.99"}, {"title": "Funko POP! MLB: Wil Myers (New Jersey)", "tags": "Noah Syndergaard Jerseys & Gear Shop All New York Mets Boston Red Sox Kids Sports Fan Apparel and Babe Ruth Mookie Betts San Diego Padres T-Shirts", "relevancy_score": 0.0, "price": "$12.12"}, {"title": "Vegas Golden Knights Fanatics Branded 2018 Western Conference Champions Shorthanded Roster T-Shirt - Black", "tags": "Vegas Golden Knights T-Shirts James Neal Jerseys & Gear Hats NHL Playoffs Sweatshirts", "relevancy_score": 0.0, "price": "$9.99"}, {"title": "Marshawn Lynch Seattle Seahawks Unsigned NFC Wild Card Run Photograph", "tags": "Tennessee Titans Collectibles Green Bay Packers Kansas City Chiefs New England Patriots Arizona Cardinals San Francisco 49ers Miami Dolphins Cleveland Browns", "relevancy_score": 0.0, "price": "$9.99"}, {"title": "Women's Russell Athletic Gray/Royal Kentucky Wildcats Frore Cuffed Knit Hat With Pom - OSFA", "tags": "Kentucky Wildcats Kids Mens Pajamas, Sweatpants & Loungewear T-Shirts NCAA Sweatshirts Hoodies Accessories", "relevancy_score": 0.0, "price": "$5.99"}, {"title": "Men's Majestic Purple Baltimore Ravens Greatness T-Shirt", "tags": "T-Shirts Fan Shop NFL T-shirts Accessories Baltimore Ravens Father's Day Team Sports Mens Apparel & Gear", "relevancy_score": 10.162825, "price": "$14.96"}, {"title": "Women's Russell Athletic Heathered Red Texas Tech Red Raiders Half-Sleeve V-Neck Tunic", "tags": "Womens Plus Blouses & Shirts T-Shirts Tops Woman Within Savings Workwear Suits Women's Size Basic (Rule) Tees Tanks", "relevancy_score": 0.0, "price": "$14.96"}, {"title": "Chic Home Sabina 3 Piece Reversible Comforter Set", "tags": "Teens' Bedding Sets Grey Comforters White Dorm Essentials Bed-in-a-Bag Down & Alternative Blue", "relevancy_score": 5.162825, "price": "$43.97"}, {"title": "FanMats NFL Kansas City Chiefs 2-Piece Embroidered Car Mats", "tags": "Kansas City Chiefs Accessories ORCA Coolers Outdoor Bear Proof Fan Shop Car Floor Mats Bath & Kitchen Team License Plate Frames", "relevancy_score": 14.336836363636365, "price": "$19.99"}, {"title": "Youth Black Las Vegas Raiders Team Sleeve Hit Long Sleeve T-Shirt", "tags": "Miami Dolphins Kids Las Vegas Raiders Pajamas, Sweatpants & Loungewear NFL Womens Outdoor T-Shirts Team Shop", "relevancy_score": 0.0, "price": "$14.88"}, {"title": "Dallas Cowboys NFL Pro Line by Fanatics Branded Victory Arch Long Sleeve T-Shirt - Navy", "tags": "T-Shirts Fan Shop NFL T-shirts Dallas Cowboys Team Father's Day Sports Mens Apparel & Gear Kids", "relevancy_score": 5.0840387096774196, "price": "$31.99"}, {"title": "Pittsburgh Steelers Coleman 16-Can 24-Hour Soft-Sided Cooler", "tags": "Atlanta Falcons Outdoor Los Angeles Chargers Kids Pittsburgh Steelers Team Shop Coleman Coolers", "relevancy_score": 9.162825, "price": "$22.49"}, {"title": "MLB Tampa Bay RAYS TEE Short Sleeve Boys Team Name and LOGO 100% Cotton Team Color 4-18", "tags": "", "relevancy_score": 0.0, "price": "$12.88"}, {"title": "WWE Top Picks John Cena 6-Inch Action Figure with Life-Like Detail", "tags": "Father's Day Electronics Connected Dorm Room Shop All Glass Mother's Gifts Audio Tax Free for Grads Back to School Home Visual", "relevancy_score": 14.336836363636365, "price": "$9.97"}, {"title": "2018 Panini Prizm #146 Robert Lewandowski Poland Soccer Card", "tags": "New York Yankees T-Shirts Shop All Accessories Kids Mens Bath & Kitchen MLB Home NFL", "relevancy_score": 0.0, "price": "$999.99"}, {"title": "Las Vegas Raiders Fanatics Branded Standard Arc T-Shirt - Black", "tags": "Atlanta Falcons Hats Las Vegas Raiders NFL T-shirts New England Patriots Denver Broncos Philadelphia Eagles T-Shirts Team Shop", "relevancy_score": 0.0, "price": "$14.88"}, {"title": "WWE Jeff Hardy Survivor Series Elite Action Figure", "tags": "All Action Figure Playsets WWE Wrestling Ring Elite Figures Ghostbusters Toys TV & Movie Battle Pack Zombies", "relevancy_score": 10.162825, "price": "$24.99"}, {"title": "Kyle Busch Standard 2020 M&M's Diecast Car 1:64", "tags": "Diecast Cars Shop All Sports Memorabilia NASCAR T-Shirts Denny Hamlin Fan Hats", "relevancy_score": 5.0840387096774196, "price": "$9.99"}, {"title": "Pittsburgh Steelers NFL Pro Line by Fanatics Branded Timeless Collection Antique Stack Long Sleeve Tri-Blend Raglan", "tags": "Pittsburgh Steelers T-Shirts NFL T-shirts Jerseys Hats New England Patriots Mens Team Shop Cleveland Browns", "relevancy_score": 0.0, "price": "$27.99"}, {"title": "MasterPieces - Dallas Cowboys Checkers Game", "tags": "Toys & Games Fan Shop Dallas Cowboys Bath Kitchen Sports Kids Apparel and Gear NFL Accessories Team Bedding Blankets", "relevancy_score": 10.162825, "price": "$17.99"}, {"title": "WWE Ring Skirt (TLC) - Ringside Exclusive WWE Wrestling Ring Accessory (Ring not included)", "tags": "All Action Figure Playsets WWE Wrestling Ring Elite Figures Ghostbusters Toys TV & Movie Role Play Battle Pack Tough Talkers", "relevancy_score": 5.0840387096774196, "price": "$8.99"}, {"title": "Cleveland Browns Fanatics Branded Women's Scoreboard Shimmer Long Sleeve V-Neck T-Shirt - Brown", "tags": "Detroit Red Wings Cleveland Browns T-Shirts Team Shop Hats NFL Womens Chicago Bears Green Bay Packers NHL", "relevancy_score": 0.0, "price": "$19.88"}, {"title": "Boston Celtics Logo Three-Way Fidget Spinner", "tags": "Golden State Warriors Hats Boston Celtics Kids Mens T-Shirts Home NBA", "relevancy_score": 0.0, "price": "$3.99"}, {"title": "Green Bay Packers Fanatics Branded Adult Cloth Face Covering", "tags": "Shop All Milwaukee Brewers Denver Broncos Team Green Bay Packers Kids Dallas Cowboys Fan Americana IMG Tier 1 Teams Bucks", "relevancy_score": 14.306494117647059, "price": "$11.99"}, {"title": "Men's Fanatics Branded Purple Minnesota Vikings Super Sweep Pullover Hoodie", "tags": "Minnesota Vikings T-Shirts NBA Kids NFL Sweatshirts Los Angeles Lakers Team Shop", "relevancy_score": 9.162825, "price": "$34.96"}, {"title": "WWE Lana Action Figure", "tags": "John Cena Shop All WWE Title Belts Becky Lynch Fan AJ Styles Toys", "relevancy_score": 0.0, "price": "$9.84"}, {"title": "NFL Oakland Raiders Black Mass Basic Adjustable Cap/Hat by Fan Favorite", "tags": "Las Vegas Raiders Mens Hats NFL Accessories Team Shop Kids Fan", "relevancy_score": 18.30649411764706, "price": "$10.42"}, {"title": "Men's Russell Athletic Navy Sam Houston State Bearkats Core Print T-Shirt", "tags": "", "relevancy_score": 0.0, "price": "$9.47"}, {"title": "Dallas Cowboys Women's Molina V-Neck T-Shirt - Heathered Navy", "tags": "T-Shirts Fan Shop Sports Womens Apparel & Gear NFL T-shirts Dallas Cowboys Team Mens", "relevancy_score": 10.162825, "price": "$19.96"}, {"title": "Men's Majestic Royal/Heathered Gray Los Angeles Dodgers Within Reach Tank Top", "tags": "MLB Summer Styles Home Los Angeles Dodgers Bedding & Blankets Fan Shop Father's Day All Sports Mens Apparel Gear T-Shirts", "relevancy_score": 1.0840387096774193, "price": "$6.99"}, {"title": "Dallas Cowboys Woodley Flex Hat - Heathered Navy", "tags": "NFL Accessories Hats Dallas Cowboys Team Shop Fan Americana Kids Mens", "relevancy_score": 9.162825, "price": "$14.97"}, {"title": "Tampa Bay Buccaneers NFL Pro Line by Fanatics Branded Iconic Collection Fade Out T-Shirt - Red", "tags": "Jewelry Fan Shop Tampa Bay Buccaneers Team Kids NFL T-shirts Americana T-Shirts Pajamas, Sweatpants & Loungewear Accessories", "relevancy_score": 5.0840387096774196, "price": "$19.99"}, {"title": "Set of 3 Plastic Toy Breakable Bench for WWE Wrestling Action Figures", "tags": "All Action Figure Playsets WWE Wrestling Ring Elite Figures Ghostbusters Toys TV & Movie Role Play Battle Pack", "relevancy_score": 5.0840387096774196, "price": "$12.00"}, {"title": "Minnesota Vikings NFL Pro Line by Fanatics Branded Engage Slogan T-Shirt - Black", "tags": "Atlanta Falcons Hats Minnesota Vikings T-Shirts NFL Jerseys New England Patriots Kids Philadelphia Eagles Team Shop Sweatshirts", "relevancy_score": 0.0, "price": "$14.88"}, {"title": "Carolina Panthers Majestic Hot Phrase Pullover Hoodie - Black", "tags": "Atlanta Falcons Hats Carolina Panthers Team Shop NFL Sweatshirts Pittsburgh Steelers New England Patriots Philadelphia Eagles & Outerwear Fan", "relevancy_score": 0.0, "price": "$14.99"}, {"title": "Patrick Mahomes Kansas City Chiefs Nike Women's Name & Number T-Shirt - Red", "tags": "Kansas City Chiefs Mens Sports Fan Shop Womens Apparel & Gear NFL T-shirts Patrick Mahomes Jerseys Team Sweatshirts T-Shirts", "relevancy_score": 0.0, "price": "$34.99"}, {"title": "Buffalo Bills FOCO Adult Face Covering 3-Pack", "tags": "", "relevancy_score": 4.0840387096774196, "price": "$19.99"}, {"title": "Kansas City Chiefs Fanatics Branded Standard Arc T-Shirt - Red", "tags": "", "relevancy_score": 0.0, "price": "$14.88"}, {"title": "Chicago Bears For Bare Feet Quad Stripe Crew Socks", "tags": "", "relevancy_score": 0.0, "price": "$6.88"}, {"title": "NFL Dallas Cowboys Full Sheet Set, 1 Each", "tags": "Bath Fan Shop Bedding Dallas Cowboys & Kitchen Throw Blankets NFL Accessories Team", "relevancy_score": 1.0840387096774193, "price": "$32.88"}, {"title": "WWE: WrestleMania 35 (DVD)", "tags": "Anime Comedy All Health & Fitness WWE Movies TV Shows Scooby Doo Adventure German Children Family New Release", "relevancy_score": 40.54846315789474, "price": "$11.76"}, {"title": "2 Pack of Camera Lens Cup Coffee Mugs", "tags": "Clocks Fan Shop Water Bottles & Hydration Baltimore Orioles T-Shirts All St. Louis Cardinals New York Yankees Sweatshirts MLB Home Mens", "relevancy_score": 5.0840387096774196, "price": "$14.95"}, {"title": "NCAA Ohio State Full Sheet Set", "tags": "Bedding Fan Shop Alabama Crimson Tide & Blankets Ohio State Buckeyes NCAA Accessories Throw Mens", "relevancy_score": 9.162825, "price": "$32.88"}, {"title": "Toddler Russell Athletic Black Georgia Bulldogs Rookie T-Shirt", "tags": "Georgia Bulldogs Womens NCAA Kids Bedding & Blankets T-Shirts Accessories Mens Walmart Collection", "relevancy_score": 0.0, "price": "$8.88"}, {"title": "Team Gnome, San Francisco 49ers", "tags": "Cincinnati Bengals Accessories Green Bay Packers New Orleans Saints York Giants Detroit Lions Denver Broncos Seattle Seahawks Chicago Bears", "relevancy_score": 16.30649411764706, "price": "$16.99"}, {"title": "Seattle Seahawks 22'' x 34'' Russell Wilson Poster", "tags": "Bedding Fan Shop Seattle Seahawks & Blankets Team San Francisco 49ers Accessories Denver Broncos NFL Chicago Bears Mens", "relevancy_score": 0.0, "price": "$7.99"}, {"title": "Denver Broncos FOCO Adult Face Covering 3-Pack", "tags": "", "relevancy_score": 5.0840387096774196, "price": "$19.99"}, {"title": "LA Clippers Ethika for Fanatics Youth DNA Boxer Briefs - Black", "tags": "", "relevancy_score": 5.0840387096774196, "price": "$15.19"}, {"title": "Green Bay Packers NFL Pro Line True Colors Long Sleeve T-Shirt - Ash", "tags": "Oklahoma Sooners Pittsburgh Panthers Mens T-Shirts Green Bay Packers Team Shop", "relevancy_score": 0.0, "price": "$29.99"}, {"title": "Girls Infant Aqua/Orange/White Miami Dolphins Three-Piece Bodysuit Set", "tags": "Detroit Lions Kids New Orleans Saints Denver Broncos Team Shop Miami Dolphins T-Shirts Dallas Cowboys", "relevancy_score": 5.0840387096774196, "price": "$19.97"}, {"title": "Scooby-Doo and WWE: Curse of the Speed Demon (DVD)", "tags": "Anime Action for Children All Animation & Cartoons WWE Movies TV Shows Scooby Doo Animated Drama Family Cartoon Wrestling", "relevancy_score": 10.162825, "price": "$11.00"}, {"title": "Women's White Tennessee Volunteers Faux Stitch V-Neck T-Shirt", "tags": "Tennessee Volunteers T-Shirts Sweatshirts Mens Kids Pajamas, Sweatpants & Loungewear Clemson Tigers Alabama Crimson Tide Womens", "relevancy_score": 0.0, "price": "$7.99"}, {"title": "Forearm Forklift L74995D Orange Forearm Forklift Lifting & Moving Straps", "tags": "All Ladders Utility Carts Dollies Fall Protection Hand Trucks Platform Pro Series Milwaukee Tools", "relevancy_score": 154.3840125, "price": "$20.89"}, {"title": "Franklin Sports NHL Mini Hockey Set", "tags": "Chicago Blackhawks Dallas Stars Boston Bruins Hockey Sets All Ice Kids Columbus Blue Jackets", "relevancy_score": 10.162825, "price": "$26.49"}, {"title": "Men's For Bare Feet New England Patriots Ticket Heathered Crew Socks", "tags": "NFL T-shirts Tom Brady Jerseys & Gear New England Patriots Hats Team Shop T-Shirts Sweatshirts Mens", "relevancy_score": 5.0840387096774196, "price": "$6.88"}, {"title": "Men's Fanatics Branded Heathered Gray Denver Broncos Dither Arc Element T-Shirt", "tags": "", "relevancy_score": 0.0, "price": "$14.88"}, {"title": "Men's Fanatics Branded Gold Los Angeles Lakers Clamp Down Long Sleeve T-Shirt", "tags": "NBA Kids Los Angeles Lakers Mens LeBron James Jerseys & Gear Team Shop T-Shirts", "relevancy_score": 15.236836363636364, "price": "$18.88"}, {"title": "Crock-Pot 6 Quart NFL Colts Cook & Carry Slow Cooker", "tags": "Clocks Fan Shop Baltimore Orioles T-Shirts All St. Louis Cardinals Indianapolis Colts Bath & Kitchen Denver Broncos New York Yankees Houston Texans MLB Home", "relevancy_score": 34.79287567567568, "price": "$46.99"}, {"title": "San Francisco 49ers NFL Electric Football Game", "tags": "Shop Toys by Price Classic Games Family Little Live Pets Electronic All Board Simon Game", "relevancy_score": 0.0, "price": "$69.95"}, {"title": "Georgia Bulldogs Sled Ornament", "tags": "Bags Fan Shop Shoes NCAA Accessories Georgia Bulldogs Kids Bath & Kitchen Mens Pajamas, Sweatpants Loungewear", "relevancy_score": 0.0, "price": "$6.39"}, {"title": "WWE: Smackdown 20th Anniversary (DVD)", "tags": "Anime Action Comedy All Health & Fitness WWE Movies TV Shows Scooby Doo Family Cartoon Adventure New Release", "relevancy_score": 39.74846315789474, "price": "$9.39"}, {"title": "Men's WWE Lashley All Mighty Graphic T-Shirt", "tags": "Men's Trending Tees Character Shop Disney Movies & TV Graphic Our Favorite Brands", "relevancy_score": 47.6513, "price": "$10.87"}, {"title": "Florida Gators Pressbox Women's Gator Head Edith Long Sleeve T-Shirt - White", "tags": "Florida Gators NCAA Mens T-Shirts Womens Kids Walmart Collection", "relevancy_score": 0.0, "price": "$44.99"}, {"title": "Table Top Stackers NFL LA Chargers", "tags": "Tailgating Fan Shop Dallas Cowboys Outdoor Los Angeles Chargers Team Las Vegas Raiders Pittsburgh Steelers New England Patriots Kids Philadelphia Eagles", "relevancy_score": 0.0, "price": "$19.99"}, {"title": "Clemson Tigers Comfort Colors Campus Icon T-Shirt - Orange", "tags": "Clemson Tigers Kids Golf Shirts NCAA T-Shirts Mens Womens Tennessee Volunteers Walmart Collection", "relevancy_score": 0.0, "price": "$23.99"}, {"title": "Denver Broncos The Locker 12oz. Can Holder - Silver/Orange", "tags": "Bath Fan Shop Minnesota Vikings & Kitchen Las Vegas Raiders Denver Broncos Team Indianapolis Colts Baltimore Ravens Seattle Seahawks Outdoor", "relevancy_score": 0.0, "price": "$18.39"}, {"title": "Seattle Seahawks - End Zone", "tags": "Green Bay Packers Accessories New Orleans Saints England Patriots Seattle Seahawks Team Shop San Francisco 49ers Denver Broncos Miami Dolphins Chicago Bears", "relevancy_score": 5.0840387096774196, "price": "$9.99"}, {"title": "San Diego Padres Fanatics Branded Adult All Over Logo Face Covering", "tags": "San Diego Padres Kids Vintage Sports Fan Shop Face Coverings Womens MLB Women's Mens T-Shirts Hats", "relevancy_score": 0.0, "price": "$8.99"}, {"title": "NHL Chicago Blackhawks Shower Curtain Ring Set, 1 Each", "tags": "Bath Fan Shop Chicago Blackhawks Penn State Nittany Lions & Kitchen Carolina Panthers Team Dallas Cowboys Los Angeles Lakers", "relevancy_score": 5.0840387096774196, "price": "$12.88"}, {"title": "Green Bay Packers Breakaway Lanyard - Green", "tags": "Accessories Fan Shop Golf Club Covers New England Patriots Hats NFL Dallas Cowboys Team Headcovers", "relevancy_score": 0.0, "price": "$6.39"}, {"title": "Alabama Crimson Tide RTR Long Sleeve T-Shirt - Crimson", "tags": "Alabama Crimson Tide NCAA Mens T-Shirts Womens Walmart Collection Kids", "relevancy_score": 0.0, "price": "$19.99"}, {"title": "New Orleans Saints The Northwest Company 50'' x 60'' Split Wide Fleece Throw Blanket - No Size", "tags": "", "relevancy_score": 0.0, "price": "$14.99"}, {"title": "Women's Russell Athletic Heathered Crimson Alabama Crimson Tide Yoke Tunic Long Sleeve T-Shirt", "tags": "Alabama Crimson Tide NCAA Kids Mens Womens Michigan Wolverines T-Shirts Walmart Collection", "relevancy_score": 0.0, "price": "$22.88"}, {"title": "Houston Astros Fanatics Branded Women's Diva Jersey V-Neck T-Shirt - Navy", "tags": "Shop All Houston Astros NFL T-shirts T-Shirts Texans Womens MLB Plus Sized and Big & Tall Team", "relevancy_score": 0.0, "price": "$22.88"}, {"title": "Green Bay Packers For Bare Feet Women's 2-Pack Sleep Soft Socks", "tags": "", "relevancy_score": 0.0, "price": "$16.49"}, {"title": "Philadelphia Eagles NFL Pro Line by Fanatics Branded 2017 NFC Champions Hometown Blitz T-Shirt - Black", "tags": "T-Shirts Fan Shop Philadelphia Eagles NFL T-shirts Team Father's Day Sports Mens Apparel & Gear Kids", "relevancy_score": 10.162825, "price": "$11.99"}, {"title": "Men's Majestic Navy Minnesota Twins Big & Tall Statement Logo T-Shirt", "tags": "Minnesota Twins T-Shirts Shop All Kids Fan Americana Hats MLB Plus Sized and Big & Tall Vintage Womens", "relevancy_score": 0.0, "price": "$12.99"}, {"title": "Seattle Seahawks Majestic Women's Warp Notch Neck T-Shirt - College Navy/Green", "tags": "", "relevancy_score": 0.0, "price": "$24.99"}, {"title": "Nebraska Cornhuskers New Era Throwback 39THIRTY Flex Hat - Scarlet", "tags": "", "relevancy_score": 0.0, "price": "$22.39"}, {"title": "Portland Trail Blazers Youth Primary Logo Fleece Pullover Hoodie - Black", "tags": "Little Boys Activewear Tops Big Back to School Hoodies And Sweatshirts Sweaters &", "relevancy_score": 0.0, "price": "$31.49"}, {"title": "Oklahoma State Cowboys Colosseum Toddler Back To School Fleece Hoodie And Pant Set - Heathered Gray/Orange", "tags": "Big Boys Back to School Casual Outfit Sets Toddler Baby Cold Weather Character Clothing (2T-5T) Spring Trends Little", "relevancy_score": 0.0, "price": "$31.99"}, {"title": "Ohio State Buckeyes Embossed Door Mat", "tags": "All Doormats Entryway Welcome Mats Personalized Boot Trays Coir Spring Indoor", "relevancy_score": 0.0, "price": "$15.99"}, {"title": "Patrick Mahomes Kansas City Chiefs Youth Mainliner Name & Number Long Sleeve T-Shirt - Red", "tags": "Philadelphia 76ers T-Shirts Kansas City Chiefs Mens Kids Patrick Mahomes Jerseys & Gear Womens Toronto Raptors Team Shop", "relevancy_score": 5.0840387096774196, "price": "$22.39"}, {"title": "New Orleans Saints Administration Flannel Pants - Black", "tags": "", "relevancy_score": 0.0, "price": "$19.88"}, {"title": "Dallas Cowboys 2-pc Vinyl Car Mats 17\"x27\"", "tags": "Steering Wheel Covers Front Seat Utility Mats Cargo and Liners All Car Floor Sports Themed Carpet Truck", "relevancy_score": 49.09895609756098, "price": "$33.33"}, {"title": "WWE Wrekkin Kofi Kingston Action Figure", "tags": "WWE Wrestling Ring Playsets Elite Figures Ghostbusters Toys All Action Role Play Only at Walmart TV & Movie", "relevancy_score": 0.0, "price": "$12.99"}, {"title": "Louisville Cardinals Colosseum Adult Face Covering 2-Pack", "tags": "Louisville Cardinals Home Mens Sports Fan Shop Face Coverings T-Shirts Outdoor IMG Tier 1 Teams Accessories Bath & Kitchen", "relevancy_score": 5.0840387096774196, "price": "$15.99"}, {"title": "Boston Red Sox FOCO Adult Cloth Face Covering 3-Pack", "tags": "", "relevancy_score": 0.0, "price": "$24.99"}, {"title": "Carolina Panthers Hands High Warrior Hooded Full-Zip Jacket - Blue/Black", "tags": "Carolina Panthers Hats Atlanta Falcons Team Shop Green Bay Packers Pittsburgh Steelers T-Shirts New England Patriots Philadelphia Eagles", "relevancy_score": 0.0, "price": "$67.99"}, {"title": "Peyton Manning Indianapolis Colts Mitchell & Ness Youth 1998 Legacy Retired Player Jersey - Royal", "tags": "Tom Brady Jerseys & Gear Pittsburgh Steelers Fan Shop New England Patriots Cleveland Browns Team York Giants Mens", "relevancy_score": 0.0, "price": "$79.99"}, {"title": "Georgia Bulldogs ISlide Varsity Starter Jacket Slide Sandals - Black", "tags": "Shoes Fan Shop Louisville Cardinals Alabama Crimson Tide Pajamas, Sweatpants & Loungewear Florida State Seminoles Accessories Kids", "relevancy_score": 0.0, "price": "$44.99"}, {"title": "Los Angeles Lakers Fanatics Branded Hoops For Troops T-Shirt - Navy", "tags": "Los Angeles Lakers NBA Womens Mens LeBron James Jerseys & Gear Team Shop T-Shirts", "relevancy_score": 0.0, "price": "$24.99"}, {"title": "New Orleans Saints Majestic Threads Women's NFL 100th Season Platinum Hilo 3/4-Sleeve Hoodie T-Shirt - White", "tags": "New Orleans Saints Kids Accessories Outdoor T-Shirts Team Shop Mens NFL Womens Bedding & Blankets", "relevancy_score": 0.0, "price": "$43.99"}, {"title": "Women's Majestic Royal Chicago Cubs Fresh & Exciting V-Neck Pullover Hoodie", "tags": "Chicago Cubs T-shirts Shop All Mens Jerseys Vintage Javier Baez & Gear MLB Sweatshirts and Outerwear", "relevancy_score": 0.0, "price": "$21.99"}, {"title": "Seattle Seahawks NFL Pro Line Faith Family T-Shirt - Navy", "tags": "Seattle Seahawks Jerseys Kids NFL Sweatshirts Team Shop Hats T-Shirts", "relevancy_score": 0.0, "price": "$19.99"}, {"title": "Tampa Bay Buccaneers WEAR By Erin Andrews Women's Pullover Hoodie - White", "tags": "Tampa Bay Buccaneers Team Shop Arizona Cardinals Womens NFL Mens T-Shirts Chicago Cubs Sweatshirts Braun Strowman Fan", "relevancy_score": 0.0, "price": "$51.99"}, {"title": "Men's Black Chicago Bears Black Wave Knit Beanie - OSFA", "tags": "Chicago Bears Hats NFL Sweatshirts New England Patriots Khalil Mack Jerseys & Gear T-Shirts Team Shop", "relevancy_score": 0.0, "price": "$15.24"}, {"title": "Alabama Crimson Tide WinCraft \"A\" Logo Lanyard with Detachable Buckle", "tags": "Alabama Crimson Tide Iowa State Cyclones Accessories Bath & Kitchen Pajamas, Sweatpants Loungewear Clemson Tigers IMG Tier 1 Teams Kids", "relevancy_score": 5.0840387096774196, "price": "$6.39"}]