[{"title": "Spalding NBA Ball Return- Orange", "tags": "Basketballs Basketball Equipment Training Accessories Hoops & Goals Chains NBA Spalding", "relevancy_score": 450.6213086092716, "price": "$13.35"}, {"title": "Majik Ka-Pong Foldable Multiplayer Party Game, 22 Cups and 15 Balls", "tags": "Multi Game Tables All Lawn Games Table Tennis Paddles Tailgate Cornhole Ping Pong Balls Ring & Washer Toss", "relevancy_score": 176.83724705882352, "price": "$8.92"}, {"title": "Bounce Pro 7-Foot My First Trampoline Hexagon (Ages 3-10) for Kids, Blue/Green", "tags": "Indoor Kids Trampolines Enclosed 10 Foot for Baby Toddler Outdoor", "relevancy_score": 3121.994330290456, "price": "$229.98"}, {"title": "Skywalker Trampolines 12' Trampoline, with Safety Enclosure, Blue", "tags": "Skywalker Trampolines Enclosed 10 Foot 14 12 Trampoline Ladders Outdoor", "relevancy_score": 3697.3143058823525, "price": "$299.00"}, {"title": "Barrington 90\" Ball and Claw Leg Pool Table, Cue Rack, Dartboard, Green", "tags": "Multi Game Tables Pool Table Covers All Tennis Skee-Ball Cue Racks Billiards Air Hockey Foosball", "relevancy_score": 519.786756626506, "price": "$850.00"}, {"title": "Wood Croquet Set", "tags": "All Lawn Games Bocce Ball Sets Tailgate Cornhole Badminton Nets Ring & Washer Toss Horseshoes", "relevancy_score": 50.47808780487805, "price": "$32.52"}, {"title": "Barrington 56\" Furniture Foosball Soccer Table, Accessories Included, Black/Brown", "tags": "Multi Game Tables Shuffleboard Dartboards Dartboard Cabinets All Table Tennis Foosball Accessories Air Hockey", "relevancy_score": 154.16055652173912, "price": "$199.00"}, {"title": "Spikeball 3 Ball Set. Includes playing net, 3 balls, drawstring bag and rule book", "tags": "All Lawn Games Bocce Ball Sets Tailgate Ladder Cornhole Disc Sports Dice", "relevancy_score": 317.4180948453609, "price": "$59.99"}, {"title": "Barrington 10-Player Poker Table, No Assembly Required", "tags": "Multi Game Tables Blackjack Equipment Playing Cards Poker Chips Sets Air Hockey Foosball All and Casino", "relevancy_score": 335.5939846153846, "price": "$224.00"}, {"title": "MD Sports Official Size 15mm 4 Piece Indoor Table Tennis, Accessories Included, Blue/White", "tags": "Multi Game Tables Table Tennis Paddles Maintenance & Care Ping Pong Balls Pool Air Hockey Foosball", "relevancy_score": 2230.268054545454, "price": "$168.00"}, {"title": "Skywalker Trampolines 15' Trampoline, with Enclosure, Bright Blue", "tags": "Trampolines with Basketball Hoops Enclosed 10 Foot for Kids 14 12 Trampoline Ladders Outdoor", "relevancy_score": 4976.049240528634, "price": "$399.00"}, {"title": "Disc Golf Goal Target Basket Practice Frisbee Game Cross Chain Outdoor", "tags": "All Lawn Games Disc Golf Discs Bocce Ball Sets Accessories Badminton Nets Ring & Washer Toss Sports", "relevancy_score": 130.55994482758618, "price": "$59.99"}, {"title": "Roller Derby Girls Adjustable Quad Roller Skates", "tags": "Sports & Duffel Bags Golf Balls Bike Pads Skate Wheels Skateboard Parts Helmets Inline Skates", "relevancy_score": 175.91324179104478, "price": "$29.97"}, {"title": "Size 8-11 Adjustable Inline Skates for Adults, Black", "tags": "Hockey Accessories Bike Pads Skate Wheels Skateboard Parts Helmets Roller Skates", "relevancy_score": 130.6096, "price": "$48.45"}, {"title": "Kryptonics 36\" Longboard Complete Skateboard (36\" x 9\")", "tags": "Push-Up Bars Mini Skateboards Bodyboards Electric Skateboard Parts Calisthenics Helmets", "relevancy_score": 72.88205283018867, "price": "$47.89"}, {"title": "Retrospec Quip Skateboard 22.5\" Classic Plastic Mini Cruiser Complete Skate Board w/ Abec 7 bearings", "tags": "Huffy Cruiser Bikes Bodyboards Electric Skateboards Skateboard Parts Longboards Helmets", "relevancy_score": 191.3474082191781, "price": "$24.98"}, {"title": "RazorX Electric Skateboard Cruiser W/ Wireless Remote- up to 10mph", "tags": "All Kids' Bikes Mini Skateboards Bodyboards Skateboard Parts Longboards Roller Skates BMX", "relevancy_score": 65.91862127659574, "price": "$149.00"}, {"title": "Portable Tetherball Outdoor Game Set for Kids and Adults by Hey! Play!", "tags": "Sports Equipment Fan Shop Volleyball Training All Lawn Games Cornhole Ring & Washer Toss NBA Basketballs Disc Spalding", "relevancy_score": 17.628894117647057, "price": "$104.99"}, {"title": "Penn Table Tennis Accessory Set - 4 Paddles, 6 Balls and Storage Pocket", "tags": "Multi Game Tables Tennis Court Equipment Table Maintenance & Care Ping Pong Balls All Billiards Nets", "relevancy_score": 438.39778604651167, "price": "$14.46"}, {"title": "Triumph Outdoor Tournament Moisture Resistant Patriotic Bean Bag Toss Game Set", "tags": "All Lawn Games Bocce Tailgating Fan Shop Tailgate Ladder Ball Ring & Washer Toss NCAA Cornhole Bags", "relevancy_score": 226.37387906976744, "price": "$54.99"}, {"title": "Skywalker Trampolines 15' Trampoline, with Enclosure, Bright Blue", "tags": "Trampolines with Basketball Hoops Enclosed 10 Foot for Kids 14 12 Trampoline Ladders Outdoor", "relevancy_score": 4976.049240528634, "price": "$399.00"}, {"title": "Only At Walmart: Ready Set Discover Boggle First Words Matching Game", "tags": "", "relevancy_score": 0.0, "price": "$7.97"}, {"title": "ZENSTYLE 2-Player 8-in-1 Indoor Arcade Basketball Game Dual LED Scoreboard Folding Electronic Basketball Game w/ 4 Balls Inflation Pump - Kids Home Pro Basketball Hoop Stand System", "tags": "Electronic Games Family All Board Toys for Kids 2 to 4 Years Kid Connection Toy Sports Equipment Basketball", "relevancy_score": 182.50520563380283, "price": "$87.99"}, {"title": "Roller Derby Roller Star 600 Women's Quad Skate", "tags": "Sports & Duffel Bags Huffy Cruiser Bikes Golf Balls Bike Pads Skate Wheels Helmets Inline Skates", "relevancy_score": 425.17760000000004, "price": "$42.99"}, {"title": "Roller Derby FireStar Youth Girl's Roller Skate", "tags": "Volleyball Knee Pads All Kids' Bikes Bike Helmets BMX Huffy Kid's Inline Skates Skateboard", "relevancy_score": 430.44173223140496, "price": "$29.88"}, {"title": "Roller Derby EZ-Roll Boys Beginner Roller Skates (11J-2)", "tags": "Mini Skateboards Cornhole Bike Pads Canopy Accessories Helmets Bells & Horns Inline Skates", "relevancy_score": 164.8132417910448, "price": "$24.97"}, {"title": "ZENY Portable Aluminum Framed Bean Bag Cornhole Toss Game Set Board 3FT 2FT W/ 8 Bean Bags& Carrying Case| Original Black, Classic Red& Blue to Choose", "tags": "All Lawn Games Bocce Tailgating Fan Shop Tailgate Ladder Ball Ring & Washer Toss NFL Cornhole Bags", "relevancy_score": 292.26959999999997, "price": "$62.99"}, {"title": "Roller Derby EZ-Roll Girls Beginner Roller Skates (11J-2)", "tags": "Golf Balls Bike Pads Skate Wheels Helmets Bicycles with Training Kids' BMX Bikes Inline Skates Skateboard", "relevancy_score": 240.82791325301204, "price": "$24.97"}, {"title": "Barrington 42\" Furniture Foosball Soccer Coffee Table, Brown", "tags": "Multi Game Tables Shuffleboard Dartboards Dartboard Cabinets Pool Foosball Accessories Air Hockey", "relevancy_score": 234.5436, "price": "$249.00"}, {"title": "Spot it! Card Game", "tags": "Electronic Games Classic Family All Board Party Toys for Kids 5 to 7 Years Adult", "relevancy_score": 529.2754028169014, "price": "$9.97"}, {"title": "Skywalker Trampolines 15' Trampoline, with Enclosure, Bright Blue", "tags": "Trampolines with Basketball Hoops Enclosed 10 Foot for Kids 14 12 Trampoline Ladders Outdoor", "relevancy_score": 4976.049240528634, "price": "$399.00"}, {"title": "Only At Walmart: Ready Set Discover Boggle First Words Matching Game", "tags": "", "relevancy_score": 0.0, "price": "$7.97"}, {"title": "Maui and Sons Mini Sharkman Scooter and Skateboard Combo Set", "tags": "Razor Ride Ons Kids Scooter Pro Kick Scooters PAW Patrol Toys Huffy", "relevancy_score": 79.45824, "price": "$24.88"}, {"title": "Roller Derby Star Adjustable Hightop Skates for Kids", "tags": "Sports & Duffel Bags Golf Balls Bike Pads Skate Wheels Skateboard Parts Helmets Inline Skates", "relevancy_score": 48.9114, "price": "$39.93"}, {"title": "Narwhal Diablo Electronic Dartboard Set with Cricket Scoring, Includes 6 Darts", "tags": "Multi Game Tables Dart Supplies All Lawn Games Dartboard Cabinets Points Darts Billiards Foosball", "relevancy_score": 269.54914098360655, "price": "$40.99"}, {"title": "Kryptonics 28\" Complete Cruiser Skateboard (28\" x 8\")", "tags": "Electric Bikes Bodyboards Skateboards Bike Pads Skateboard Parts Longboards Helmets", "relevancy_score": 91.28205283018868, "price": "$24.97"}, {"title": "Hoyle 6 in 1 Fun Pack", "tags": "Shop Toys by Price Classic Games Family All Board Party for Kids 5 to 7 Years Adult", "relevancy_score": 50.47808780487805, "price": "$5.97"}, {"title": "55'' Portable Folding Billiards Table Game Pool Table for Kids Adults With Cues, Ball, Rack, Brush, Chalk", "tags": "Multi Game Tables Pool & Billiard Balls Table Tennis Felt All Air Hockey Foosball", "relevancy_score": 347.604, "price": "$119.99"}, {"title": "Vilano Adjustable Inline Skates for Boys or Girls, Lighted", "tags": "Hockey Accessories Bike Pads Skate Wheels Skateboard Parts Helmets Roller Skates", "relevancy_score": 120.52686315789475, "price": "$32.95"}, {"title": "Pro-Penn 3-Star Table Tennis Balls, 40mm, Orange, 6 Count", "tags": "Multi Game Tables All Lawn Games Table Tennis Paddles Ping Pong Balls Ring & Washer Toss Beer Nets", "relevancy_score": 185.36055652173914, "price": "$2.96"}, {"title": "Skywalker Trampolines 15' Trampoline, with Enclosure, Bright Blue", "tags": "Trampolines with Basketball Hoops Enclosed 10 Foot for Kids 14 12 Trampoline Ladders Outdoor", "relevancy_score": 4976.049240528634, "price": "$399.00"}, {"title": "Only At Walmart: Ready Set Discover Boggle First Words Matching Game", "tags": "", "relevancy_score": 0.0, "price": "$7.97"}, {"title": "Roller Derby Tracer Boy's Adjustable Inline Skates", "tags": "Hockey Accessories Bike Pads Skate Wheels Skateboard Parts Helmets Roller Skates", "relevancy_score": 39.967494736842106, "price": "$36.77"}, {"title": "Tachikara SSTB Sof-T Tetherball", "tags": "Sports Equipment Fan Shop All Lawn Games Bocce Ball Sets Ladder Cornhole Ring & Washer Toss Disc", "relevancy_score": 190.0832, "price": "$13.61"}, {"title": "12 Chain Portable Metal Disc Golf Basket Disc Golf Target Practice Basket for Disc Golf, Red", "tags": "All Lawn Games Disc Golf Discs Bocce Ball Sets Accessories Badminton Nets Ring & Washer Toss Sports", "relevancy_score": 39.967494736842106, "price": "$59.99"}, {"title": "40\" Trampoline Ladder - 3 Wide Steps - Universal Trampoline Ladder for Kids/Toddler/Adults", "tags": "Indoor Kids Trampolines Skywalker Enclosed Small for Baby Toddler Outdoor", "relevancy_score": 79.51862127659574, "price": "$34.99"}, {"title": "GB Pacific New Era Pinball Game", "tags": "Gumball Machines Classic Games Family Little Live Pets All Board Simon Game Adventure Force Blasters", "relevancy_score": 58.55996363636363, "price": "$28.99"}, {"title": "ZENSTYLE 500 Poker Chip Set 11.5 Gram Dice Style Clay Casino Poker Chips w/Aluminum Case Cards Dices Blind Button for Texas Holdem Blackjack Gambling", "tags": "Card Games Classic Family All Board Toys for Kids 2 to 4 Years 5 7 Adult", "relevancy_score": 22.5208, "price": "$40.99"}, {"title": "Retrospec Alameda Skateboard Complete with Abec-7 Bearings & Canadian Maple Deck", "tags": "Electric Bikes Mini Skateboards Bodyboards Skateboard Parts Bike Helmets Longboards", "relevancy_score": 93.45824, "price": "$40.00"}, {"title": "Best Choice Products 40in Air Hockey Arcade Table for Game Room, Living Room w/ Electric Fan Motor, 2 Sticks, 2 Pucks", "tags": "Multi Game Tables Arcade Basketball Table Hockey Pool Pinball Machines All Billiards Foosball", "relevancy_score": 227.2785, "price": "$54.99"}, {"title": "Only At Walmart: Ready Set Discover Boggle First Words Matching Game", "tags": "", "relevancy_score": 0.0, "price": "$7.97"}, {"title": "Addmotor 18 pcs (6 sets) Steel Needle Tip Darts With National Flag Flight Flights (National Flag)", "tags": "Dartboards Dart Supplies Electric Bikes Dartboard Cabinets Points Lawn Darts Cases & Wallets Shafts", "relevancy_score": 91.45824, "price": "$11.99"}, {"title": "Toysmith Nightzone Orbit (Colors May Vary)", "tags": "Jump Ropes Bocce Ball Sets Tailgate Games Cornhole Tetherballs Ring & Washer Toss Disc Sports", "relevancy_score": 62.75996363636364, "price": "$13.19"}, {"title": "Topumt Portable & Foldable Safe Kids Trampoline - 36 Inch Durable", "tags": "Rebounders Mini Trampolines Small Indoor for Kids Baby Exercise & Workout Toddler", "relevancy_score": 25.5208, "price": "$50.77"}, {"title": "Velcro Paddle Catch Ball Set 2-Pack (Color May Vary) - Toss and Catch Sports Game Set", "tags": "Bocce Tailgate Games Ladder Ball Cornhole Badminton Nets Ring & Washer Toss Horseshoes Disc Sports", "relevancy_score": 31.48970810810811, "price": "$16.98"}, {"title": "Narwhal 15.5in Magnetic Dartboard; Includes Six Magnetic Darts", "tags": "Multi Game Tables Dart Supplies Arcade Basketball Dartboard Cabinets Darts Pool Air Hockey", "relevancy_score": 100.54236923076922, "price": "$9.96"}, {"title": "Imperial Go Fish Card Game", "tags": "Shop Toys by Price Classic Games Family All Board for Kids 8 to 11 Years 5 7 Adult", "relevancy_score": 109.34236923076924, "price": "$2.99"}, {"title": "50 Counts KEVENZ 40mm Beer Ping-Pong Multipul Color Balls, Plastic Table Tennis Ball", "tags": "Multi Game Tables All Lawn Games Table Tennis Paddles Ping Pong Balls Ring & Washer Toss Beer Foosball Accessories", "relevancy_score": 87.6011294117647, "price": "$6.99"}, {"title": "QUANFENG QF Kids Skateboard Helmet CPSC ASTM Certified Bike Skate Multi-Sport Helmet (S/Black)", "tags": "Kids' Bikes & Riding Knee Pads All Scooters for Boys Trolls Toys Skateboard Accessories Razor Sport Helmets PAW Patrol Frozen Kids", "relevancy_score": 20.428894117647058, "price": "$16.98"}, {"title": "UNO Masters of the Universe Card Game for Players 7 Years Old & Up", "tags": "", "relevancy_score": 61.0416, "price": "$5.99"}, {"title": "Skywalker Trampolines 15' Trampoline, with Enclosure, Bright Blue", "tags": "Trampolines with Basketball Hoops Enclosed 10 Foot for Kids 14 12 Trampoline Ladders Outdoor", "relevancy_score": 4976.049240528634, "price": "$399.00"}, {"title": "Only At Walmart: Ready Set Discover Boggle First Words Matching Game", "tags": "", "relevancy_score": 0.0, "price": "$7.97"}, {"title": "LA Linen Natural Burlap Potato Sack", "tags": "Volleyball Nets Sets Tailgate Games Cornhole Tetherballs Ring & Washer Toss Bags Disc Sports", "relevancy_score": 6.22785, "price": "$6.99"}, {"title": "Funko Games: Something Wild Card Game - The Nightmare Before Christmas", "tags": "Classic Games Family All Board Party Toys for Kids 5 to 7 Years Adult Funko Pop", "relevancy_score": 15.331418181818181, "price": "$7.99"}, {"title": "6PCS Professional Badminton Ball Yellow Feather Nylon Shuttlecocks Birdies Indoo", "tags": "Sports Equipment Fan Shop Volleyball Sets All Lawn Games Badminton Racquets Nets Ring & Washer Toss Disc", "relevancy_score": 7.22785, "price": "$6.89"}, {"title": "Spot It: Frozen 2 Card Game", "tags": "Classic Games Family Disney Frozen Plush Toys & Puzzles All Board Monopoly", "relevancy_score": 5.1176, "price": "$10.97"}, {"title": "UNO Junior Card Game for 2-4 Players Ages 3Y+", "tags": "Shop Toys by Price All Disney Classic Games Family Frozen & Puzzles Ryan's World Adult", "relevancy_score": 10.22785, "price": "$4.99"}, {"title": "Kovot 12 Piece Halloween Witch Hat Ring Toss Inflatable Game Set", "tags": "All Lawn Games Bocce Tailgate Ladder Ball Cornhole Beer Pong Disc Sports Dice", "relevancy_score": 0.0, "price": "$19.99"}, {"title": "creative new Waite Rider Tarot Deck 78 Cards Set With Bag English Future Telling Sealed Poker Card", "tags": "Shop Notebooks by Brand 5-Subject Spiral School Supplies Color Composition Books Office Bulk Buys 1-Subject Copy & Multipurpose Paper All", "relevancy_score": 5.1176, "price": "$14.99"}, {"title": "Peanuts Halloween Bean Bag Toss Game - Party Favors - 7 Pieces", "tags": "All Lawn Games Tailgating Fan Shop Tailgate Ring & Washer Toss NCAA NFL Cornhole Bags Disc Sports", "relevancy_score": 5.1176, "price": "$19.99"}, {"title": "Eliiti Kids Quad Roller Skates for Girls Boys Adjustable Size 10J to 6", "tags": "Sports & Duffel Bags Golf Balls Bike Pads Skate Wheels Skateboard Parts Helmets Inline Skates", "relevancy_score": 25.5208, "price": "$44.55"}, {"title": "Adjustable Inline Skates with Illuminating Wheels For Kids Boys Girls Ladies", "tags": "Hockey Accessories Bike Pads Skate Wheels Skateboard Parts Helmets Roller Skates", "relevancy_score": 7.22785, "price": "$36.98"}, {"title": "Playing Cards, Poker Size Standard Index, 12 Decks of Cards (6 Blue and 6 Red)", "tags": "Card Games Classic Family All Board Toys for Kids 12 Years & Up 5 to 7 Adult", "relevancy_score": 10.22785, "price": "$15.49"}, {"title": "Quarantine King - Fast & Fun Card Game, 2-6 players, perfect addition to game night", "tags": "Classic Games Family All Board Party Toys for Kids 12 Years & Up 5 to 7 Adult", "relevancy_score": 20.428894117647058, "price": "$19.99"}, {"title": "Champion Sports Badminton Racket, Red, 1 (Quantity)", "tags": "Racquetball Racquets All Lawn Games Shuttlecocks Badminton Nets Ring & Washer Toss Disc Sports Sets", "relevancy_score": 13.23141818181818, "price": "$11.96"}, {"title": "Kritne Shuttlecocks, 12Pcs/Lot White Feather Badminton Balls Shuttlecocks Outdoor Sports Training Accessory, Badminton Balls", "tags": "Sports Equipment Fan Shop Volleyball Sets All Lawn Games Badminton Racquets Nets Ring & Washer Toss Disc", "relevancy_score": 0.0, "price": "$12.89"}, {"title": "KARMAS PRODUCT Portable Badminton Net Set Storage Box Base with 2 Battledores 2 Shuttlecocks Large 10x5 Feet Net for Ball Games Outdoor Team Sports", "tags": "Volleyball Sets All Lawn Games Bocce Shuttlecocks Badminton Racquets Ring & Washer Toss Disc Sports", "relevancy_score": 10.22785, "price": "$45.99"}, {"title": "Arcade Classics - Galaga Retro Mini Arcade Game", "tags": "Electronic Toys Science & Education Bop It All Board Games Learning Software Minions for Kids 8 to 11 Years", "relevancy_score": 119.15709090909091, "price": "$19.87"}, {"title": "PlayWheels Disney Princess Kids Roller Skates, Junior Size 6-12 with Knee Pads", "tags": "Kids' Bike Helmets & Jaw Pads Bikes Riding Knee All Trolls Toys Kids Scooter Skateboard Accessories PAW Patrol Huffy Ride Ons Frozen", "relevancy_score": 67.2152, "price": "$18.99"}, {"title": "Croquet Set Fun Vintage Lawn Recreation Game by Hey! Play!", "tags": "All Lawn Games Bocce Ball Sets Tailgate Badminton Nets Ring & Washer Toss Horseshoes", "relevancy_score": 241.78849655172414, "price": "$44.29"}, {"title": "Best Choice Products 4-in-1 Multi Arcade Competition Game Table Set w/Pool Billiards, Air Hockey, Foosball, Table Tennis", "tags": "Multi Game Tables Arcade Basketball Table Tennis Paddles All Billiards Air Hockey Foosball", "relevancy_score": 271.28211063829787, "price": "$79.99"}, {"title": "Triumph Recreational Outdoor Bocce Ball Set Includes 8 Bocce Balls, Jack, and Sports Carry Bag", "tags": "All Lawn Games Boxing Gloves Bocce Ball Sets Walking Sticks Trekking Poles Ring & Washer Toss Towables Tubes Boomerangs", "relevancy_score": 29.4076, "price": "$25.62"}, {"title": "Large Bean Bag Gamer Beanbag Adult Outdoor Gaming Garden Big Arm Chair Cover Seatr Durable Furniture, Brown", "tags": "Kids' Chairs & Seating Teens' Lounge Big Bean Bag Shop All Furniture Adult Teen Playroom", "relevancy_score": 93.49435789473684, "price": "$29.99"}, {"title": "15 Pack Steel Tip Darts 18 Grams with Aluminum Shafts and Brass Barrels", "tags": "Dartboards Dart Supplies Dartboard Cabinets Points Lawn Darts Cases & Wallets Shafts Backboards", "relevancy_score": 46.9114, "price": "$22.90"}, {"title": "EastPoint Sports Derbyshire Bristle Dartboard; 18 Inch by 1.5 Inch Natural Sisal Fiber Dartboard with 6 Deluxe Steel Tip Darts", "tags": "Multi Game Tables Dartboards Dart Supplies Darts All Billiards Air Hockey Foosball Backboards", "relevancy_score": 209.02523636363637, "price": "$89.99"}, {"title": "6PCS KEVENZ LED Shuttlecock Badminton Set Dark Night Glow Birdies Lighting", "tags": "Sports Equipment Fan Shop Volleyball Sets All Lawn Games Badminton Racquets Nets Ring & Washer Toss Disc", "relevancy_score": 0.0, "price": "$13.99"}, {"title": "Super Trampoline Replacement Safety Pad Fits for 7.5' Round Frames", "tags": "Trampoline Mats Enclosures Covers Skywalker Trampolines Nets Springs Upper Bounce Ladders", "relevancy_score": 152.2816, "price": "$62.43"}, {"title": "Eliiti Adjustable Kids Inline Skates for Girls Boys Size 13J to 9", "tags": "Hockey Accessories Bike Pads Skate Wheels Skateboard Parts Helmets Roller Skates", "relevancy_score": 34.98970810810811, "price": "$66.12"}, {"title": "Black and Grey Championship Cornhole Bean Bags, Set of 8", "tags": "All Lawn Games Missouri Tigers Outdoor Tailgate MLB Cornhole Texas A&M Aggies Mens Kids Columbus Blue Jackets", "relevancy_score": 56.7152, "price": "$18.37"}, {"title": "JOOLA All-in-One Hit Set Official Size Table Tennis Bundle with Carrying Case, 4ct Paddles, 8ct Ping Pong Balls", "tags": "Tennis Court Equipment All Lawn Games Hats & Visors Table Tables Paddles Maintenance Care Ping Pong Balls Nets", "relevancy_score": 84.16709999999999, "price": "$24.99"}, {"title": "Airzone 60\" Folding Pool Table with Accessories, Green Cloth", "tags": "Multi Game Tables Arcade Basketball All Table Tennis Cue Racks Billiards Air Hockey Foosball", "relevancy_score": 158.0832, "price": "$239.97"}, {"title": "5pc. XL Series Folding Card Table and Triple Braced Fabric Padded Chair Set, Commercial Quality, Black", "tags": "Multi Game Tables Camping Poker Quad Chairs Ozark Trail Camp Kitchen Furniture All Cards and Casino", "relevancy_score": 0.0, "price": "$249.95"}, {"title": "Viper League Pro Regulation Bristle Steel Tip Dartboard Set with Staple-Free Bullseye, Galvanized Metal Spider Wire; High-Grade Sisal with Rotating Number Ring, Includes Chalk Scoreboard and Darts", "tags": "Dart Supplies Referee & Scorekeeping Dartboard Cabinets Darts Lawn Cases Wallets Foosball Tables Backboards", "relevancy_score": 44.9114, "price": "$32.99"}, {"title": "Skywalker Trampolines 10' Trampoline, with Enclosure and Wind Stakes, Blue", "tags": "Skywalker Trampolines Enclosed Small Indoor Baby Toddler 12 Foot Outdoor", "relevancy_score": 1024.7200435797665, "price": "$199.99"}, {"title": "NexGEN PRO Classic Style Poker Chips, 6000 Series", "tags": "Classic Games Family All Board Toys for Kids 2 to 4 Years Fashion Dolls Barbie 5 7", "relevancy_score": 4.1176, "price": "$14.89"}, {"title": "Hardwood Classic Scalloped Edge Folding Card table - Fruitwood finish", "tags": "Kitchen & Dining Folding Tables Wood Chairs Shop All Metal White", "relevancy_score": 171.936725, "price": "$86.25"}, {"title": "Bicycle 6 Pack Kids Playing Card Games Go Fish Crazy 8 Old Maid Slapjack 3 Sets of 2", "tags": "Shop Toys by Price Classic Games Family All Board Math for Kids 12 Years & Up 5 to 7", "relevancy_score": 17.628894117647057, "price": "$9.99"}, {"title": "Razor Ripster Brights Mini Ripstik Red/Blue- Two Wheeled Skateboard", "tags": "Razor Ride Ons Roller Skates Kids Scooter Skateboard Accessories All Pedal & Push Kick Scooters", "relevancy_score": 50.47808780487805, "price": "$84.99"}, {"title": "LA Linen Burlap Potato Sack Race Bags 23 x 40 (Pack of 6)", "tags": "Track & Field Equipment Basketball Training Boxing Gloves Accessories Tailgate Games Cornhole Ring Washer Toss Horseshoes", "relevancy_score": 33.589708108108105, "price": "$18.99"}, {"title": "Brybelly 2-deck Automatic Card Shuffler", "tags": "Kids' Portable Audio Family Games Robotic Toys Party Robot Physics for Kids Adult", "relevancy_score": 127.81324179104477, "price": "$19.99"}, {"title": "Aerobie Superdisc, Single Unit, Colors May Vary", "tags": "Footballs All Lawn Games Kids' Tricycles Disc Golf Discs Quik Shade Canopies Stadium Chairs Adult Boomerangs", "relevancy_score": 29.389708108108103, "price": "$9.99"}, {"title": "JumpKing Spring Pulling Tool", "tags": "Trampolines with Basketball Hoops Trampoline Stakes Skywalker Springs SkyBound Anchors Upper Bounce Ladders", "relevancy_score": 17.628894117647057, "price": "$7.42"}, {"title": "Roller Derby Stryde Boy's Adjustable Inline Skates", "tags": "Hockey Accessories Bike Pads Skate Wheels Skateboard Parts Helmets Roller Skates", "relevancy_score": 94.51360000000001, "price": "$39.23"}, {"title": "EastPoint Sports Deluxe Power Pucks - 3 Pack", "tags": "Multi Game Tables Illinois Fighting Illini Roulette Accessories Yoga Mat Bags Foosball All Billiards Flag Football Flags", "relevancy_score": 10.22785, "price": "$5.84"}, {"title": "Franklin Sports Replacement Racquet Set", "tags": "Mizuno Wilson Little Tikes School Specialty Joola Spalding SKLZ Rawlings", "relevancy_score": 55.458239999999996, "price": "$19.49"}, {"title": "Star Wars Arcade Machine w/ Riser, 3 Games in 1, Arcade1UP, 696055227679", "tags": "", "relevancy_score": 20.428894117647058, "price": "$399.99"}, {"title": "12 Glow In The Dark Beer Ping Pong Table Tennis Balls Washable Drinking", "tags": "Multi Game Tables Table Tennis Pool Covers Paddles Maintenance & Care Ping Pong Balls All Billiards Nets", "relevancy_score": 0.0, "price": "$9.99"}, {"title": "7ft 8ft 9ft Worsted Billiard Pool Table Cloth Billiard Felt with Cushion Rail for Snooker Table, Billiard Table (Red,Blue,Green)", "tags": "Multi Game Tables Northwestern Wildcats Pool Table Covers All Tennis Billiards Pockets Cues", "relevancy_score": 5.1176, "price": "$35.99"}, {"title": "GoSports Premium Wooden Ring Toss Game with Carrying Case, Indoor Outdoor Fun for all Ages", "tags": "All Lawn Games Bocce Ball Sets Tailgate Cornhole Horseshoes Disc Sports Dice", "relevancy_score": 88.8136, "price": "$25.91"}, {"title": "Hover Soccer Ball Electric Suspension Soccer LED Suspension air Cushion Soccer with 2 Goals Indoor Outdoor Sports Toys for Kids", "tags": "Toys for 2 year old boys 3 Little Tikes Outdoor Play Toy Balls Soccer Sport All Sports Equipment Basketball", "relevancy_score": 1.1176, "price": "$19.99"}, {"title": "MEGAWHEELS 78 The Modern Witch Tarot Deck Cards", "tags": "", "relevancy_score": 0.0, "price": "$13.61"}, {"title": "Fantasy Dragon Billiard Pool Cue with Case", "tags": "Pool Table Covers Cue Chalk Tips Billiard Bridges & Heads Stick Cases Racks Ball Cues", "relevancy_score": 195.68736, "price": "$28.29"}, {"title": "Ms Pacman Arcade Machine with Riser, Arcade1Up", "tags": "", "relevancy_score": 38.64129230769231, "price": "$399.97"}, {"title": "Premium Weather Resistant Duckcloth Cornhole Bags - Set of 8 Bean Bags for Corn Hole Game - Regulation Size & Weight", "tags": "Classic Games Family All Board Toys for Kids 2 to 4 Years Fashion Dolls Barbie 5 7", "relevancy_score": 94.51360000000001, "price": "$19.99"}, {"title": "Aerobie Orbiter Boomerang - Colors may vary", "tags": "Pets Fan Shop All Lawn Games Hunting Dog Gear Bocce Shuttlecocks Ball Sets Ring & Washer Toss Disc Sports", "relevancy_score": 30.789708108108105, "price": "$18.90"}, {"title": "Playwheels Trolls Kids Rollerskate Junior with Knee Pads and Helmet, Size 6-12", "tags": "Kids' Bike Helmets & Jaw Pads BIkes for Girls All Disney Toys Trolls Dolls Skateboard Accessories PAW Patrol Huffy Ride Ons Frozen Kids Bikes Riding", "relevancy_score": 39.967494736842106, "price": "$29.99"}, {"title": "Mizerak 57\" House Cue (2-Piece) with 12mm Ferrule with Leather Tip, Hardwood Construction and High Gloss Finish", "tags": "Pool & Billiard Balls Table Covers Cue Chalk Tips Bridges Heads Racks Ball Cues", "relevancy_score": 15.331418181818181, "price": "$32.50"}, {"title": "Barking Kittens: This is The Third Expansion of Exploding Kittens Card Game - Family-Friendly Party Games - Card Games for Adults, Teens & Kids", "tags": "", "relevancy_score": 5.1176, "price": "$11.24"}, {"title": "Fiber Glass Rods To Replace Top Ring Of Net Enclosure For 8' Frame", "tags": "Trampoline Pads Enclosures Stakes Skywalker Trampolines Nets Springs Ladders", "relevancy_score": 4.22785, "price": "$39.99"}, {"title": "Portable 3'x2' PVC Framed Cornhole Game Set with 8 Bean Bags and 2 Cornhole Boards Outdoor Beach Party Games,Travel Carrying Case Included", "tags": "Pogo Sticks, Hoppers & Hoops Family Games Sportspower Swing Sets All Board Toys for Kids 12 Years Up 2 year olds 5 to 7 3", "relevancy_score": 35.967494736842106, "price": "$28.99"}, {"title": "Zupapa 15 14 12 10FT Kids Trampolines 425LBS Weight Capacity with Enclosure net Include All Accessories Outdoor Backyard Trampoline", "tags": "Trampolines with Basketball Hoops Skywalker Enclosed Small 10 Foot 14 12 Outdoor", "relevancy_score": 68.35996363636364, "price": "$429.99"}, {"title": "Guess Who? Card Game for 2 Players, Kids Ages 5 and Up", "tags": "Shop Toys by Price Science & Education Classic Games Family All Board for Kids 5 to 7 Years Adult", "relevancy_score": 0.0, "price": "$4.99"}, {"title": "12Pcs Nylon Feather Shuttlecocks Training Plastic Badminton with Great Stability and Durability for Indoor Outdoor Sports", "tags": "Sports Equipment Fan Shop Volleyball Sets All Lawn Games Badminton Racquets Nets Ring & Washer Toss Disc", "relevancy_score": 16.807600000000004, "price": "$6.99"}, {"title": "Roller Derby CRUZE XR HIGHTOP MENS ROLLER SKATE", "tags": "Sports & Duffel Bags Golf Balls Bike Pads Skate Wheels Skateboard Parts Helmets Inline Skates", "relevancy_score": 43.87808780487805, "price": "$112.86"}, {"title": "Razor Jetts Heel Wheels - for Ages 6+ and Riders up to 176 lbs", "tags": "Sports & Duffel Bags Golf Balls Bike Pads Skate Wheels Skateboard Parts Helmets Inline Skates", "relevancy_score": 295.1027724137931, "price": "$29.97"}, {"title": "Skywalker Trampolines 12' Round Jump Mat with 72 V-Rings", "tags": "Trampoline Pads Enclosures Skywalker Trampolines Bounce Pro Nets Springs SkyBound Upper", "relevancy_score": 22.807600000000004, "price": "$77.75"}, {"title": "Nite Ize Flashlight Light Up Flying Disc", "tags": "All Lawn Games Bocce Ball Sets Ladder Tetherballs Ring & Washer Toss Camping Lights Lanterns Horseshoes", "relevancy_score": 1328.0881882352942, "price": "$22.89"}, {"title": "Generic 20 PCS 7\" Trampoline Springs Heavy-Duty Galvanized Steel Replacement Set Kit", "tags": "Trampoline Pads Mats Enclosures Skywalker Trampolines SkyBound Upper Bounce", "relevancy_score": 13.23141818181818, "price": "$19.99"}, {"title": "Electronic Claw Toy Grabber Machine With LED Lights", "tags": "Multi Game Tables Dartboards All Lawn Games Arcade Basketball Skee-Ball Pinball Machines Foosball", "relevancy_score": 24.6076, "price": "$44.00"}, {"title": "Trash Pandas", "tags": "Family Games Other Unicorn Toys All Board Party Only at Walmart & Puzzles and Adult", "relevancy_score": 28.807600000000004, "price": "$9.64"}, {"title": "Roller Derby Stinger 5.2 Adjustable Girl's Inline Skates", "tags": "Hockey Accessories All Kids' Bikes Bike Pads Helmets Roller Skates BMX Skateboard", "relevancy_score": 50.9114, "price": "$44.58"}, {"title": "Pre-packaged 15 Ft Enclosure Netting for 6 pole enclosure", "tags": "Trampoline Pads Mats Covers Skywalker Trampolines Nets Springs Upper Bounce Ladders", "relevancy_score": 28.807600000000004, "price": "$72.83"}, {"title": "30.6\"Skateboard Long-board Wood Skateboard Complete Deck for Boys and Girls,Max Load 220lb", "tags": "Electric Bikes Mini Skateboards Bodyboards Bike Pads Skateboard Parts Longboards Helmets", "relevancy_score": 16.428894117647058, "price": "$38.99"}, {"title": "Trademark Games Professional Style Tungsten Dart Set", "tags": "Dartboards Dart Supplies Referee & Scorekeeping Dartboard Cabinets Lawn Darts Cases Wallets Shafts Flights", "relevancy_score": 60.90215813953488, "price": "$21.53"}, {"title": "Little Tikes 3-In-1 Triple Splash T-Ball Set with 3 Balls", "tags": "Toy Golf VTech Toys Pretend Play for Boys Little Tikes Outdoor Baseball Sport All Sports Equipment", "relevancy_score": 243.17387906976742, "price": "$29.88"}, {"title": "Gymax Kids Youth Jumping Round Trampoline Exercise W/ Safety Pad", "tags": "Indoor Kids Trampolines Enclosed Bounce Pro for Baby Toddler Outdoor", "relevancy_score": 40.9114, "price": "$106.99"}, {"title": "Hedstrom - Halex Velocity 1.0 Table Tennis Paddle", "tags": "Tennis Court Equipment All Lawn Games Table Tables Maintenance & Care Ping Pong Balls Foosball Accessories Nets", "relevancy_score": 0.0, "price": "$6.00"}, {"title": "Skywalker Trampolines 12' Round Spring Pad, Blue", "tags": "Trampoline Mats Enclosures Covers Skywalker Trampolines Nets Springs Upper Bounce Ladders", "relevancy_score": 13.628894117647057, "price": "$66.03"}, {"title": "Sterling Sports Deluxe Tetherball Set", "tags": "Sports Equipment Fan Shop Volleyball Training All Lawn Games Cornhole Badminton Nets Ring & Washer Toss Horseshoes Disc", "relevancy_score": 142.63724705882353, "price": "$42.30"}, {"title": "2 Decks Bicycle Rider Back 808 Standard Poker Playing Cards Red & Blue", "tags": "Card Games Classic Family All Board Dragon Toys for Kids 5 to 7 Years Adult", "relevancy_score": 25.5208, "price": "$8.49"}, {"title": "MD Sports 48 Inch 12 in 1 Combo Manual Scoring System Multi Game Room Table", "tags": "Shuffleboard Tables Dartboards Dartboard Cabinets Pool Air Hockey Foosball Towables Tubes", "relevancy_score": 25.807600000000004, "price": "$139.99"}, {"title": "Magic 8 Ball", "tags": "Poker Tables Arcade Basketball Pool Card All Billiards Air Hockey Foosball", "relevancy_score": 27.6076, "price": "$13.90"}, {"title": "Pickleball-X Quikset Pickleball Starter Set - Official Net of the US Open", "tags": "Tennis Court Equipment Footballs Pickleball Nets Badminton Sets Paddles Balls", "relevancy_score": 29.567494736842107, "price": "$45.89"}, {"title": "2 Pack LED Cornhole Lights for Cornhole Game, Cornhole Board Ring Light for Bean Bags Toss Game Set - White", "tags": "Classic Games Family All Board Toys for Kids 2 to 4 Years Fashion Dolls Barbie 5 7", "relevancy_score": 10.23141818181818, "price": "$16.95"}, {"title": "Cal 7 7.5\" Complete Popsicle Skateboard (Checkerboard)", "tags": "Electric Bikes Mini Skateboards Bodyboards Bike Pads Skateboard Parts Longboards Helmets", "relevancy_score": 0.0, "price": "$49.99"}, {"title": "ZENSTYLE Portable Aluminum Cornhole Toss Game Set 3\u2019 x 2\u2019Size Boards with 8 Bean Bags & Carrying Case", "tags": "Classic Games Family Sportspower Swing Sets All Board Toys for Kids 2 to 4 Years 12 & Up 5 7", "relevancy_score": 19.628894117647057, "price": "$61.99"}, {"title": "Brybelly Triangle Shaped Hands-Free Playing Card Holder", "tags": "Shop Toys by Price Classic Games Family Frozen & Puzzles Math for Kids 12 Years Up 5 to 7", "relevancy_score": 55.0416, "price": "$9.99"}, {"title": "40\" Table Top Pool Table", "tags": "Multi Game Tables Pool Table Felt New Orleans Saints Team Shop Buffalo Bills Arizona Cardinals San Francisco 49ers Detroit Lions", "relevancy_score": 9.22785, "price": "$59.98"}, {"title": "Play Platoon Premium Weather Resistant Duckcloth Cornhole Bags - Set of 8 Bean Bags for Corn Hole Game - Regulation Size & Weight - Hunter Green & Navy Blue", "tags": "Classic Games Family All Board Toys for Kids 2 to 4 Years Fashion Dolls Barbie 5 7", "relevancy_score": 5.1176, "price": "$19.99"}, {"title": "Ktaxon 55\" Round Kids Mini Trampoline Combo, with Safety Enclosure Net Pad, for Rebound Jumping Outdoor Playground Exercise", "tags": "Indoor Kids Trampolines Enclosed Small Bounce Pro for Baby Toddler", "relevancy_score": 0.0, "price": "$96.98"}, {"title": "Skywalker Trampolines 3-Rung Ladder Accessory Kit", "tags": "Trampolines with Basketball Hoops Trampoline Covers Stakes Games Anchors Upper Bounce Ladders", "relevancy_score": 754.9223081339713, "price": "$67.98"}, {"title": "Nerf Dude Perfect HoverKup Toy Pong Game", "tags": "Footballs All Lawn Games Boxing Gloves Bocce Tailgate Cornhole Beer Pong Disc Sports", "relevancy_score": 29.9114, "price": "$15.81"}, {"title": "MD Sports Advanced Badminton Set, Lawn Game, Red/Black", "tags": "Volleyball Nets Sets All Lawn Games Shuttlecocks Badminton Racquets Ring & Washer Toss Disc Sports", "relevancy_score": 110.8926, "price": "$47.97"}, {"title": "KEVENZ 50-Pack 3-Star Plus 40mm Orange Table Tennis Balls, Advanced Training Ping Pong Balls", "tags": "Tennis Balls All Lawn Games Table Tables Paddles Maintenance & Care Ping Pong Training Aids Ring Washer Toss", "relevancy_score": 55.70215813953489, "price": "$10.00"}, {"title": "Anime 30.5-Inch Longboard Cruiser Skateboard", "tags": "Electric Bikes Mini Skateboards Bodyboards Skateboard Parts Pool Cues Helmets", "relevancy_score": 0.0, "price": "$66.46"}, {"title": "Black Premium Billiards Pool Table Protective Cover Suitable for Tables up to 8 Feet Long, Waterproof and Dustproof Nylon Polyester", "tags": "NHL Home Boston Bruins Vancouver Canucks All Table Tennis Los Angeles Chargers Team Shop New York Rangers Billiards Minnesota Vikings", "relevancy_score": 2.1176, "price": "$19.99"}, {"title": "Indoor Fitness Trampoline For Adult Folding 40 Inch Small Trampolines with Adjustable Handrail and Safety Pad, Exercise Trampoline Rebounder for Kids Adults", "tags": "Indoor Kids Trampolines Mini Small Baby Exercise & Workout Toddler Upper Bounce", "relevancy_score": 20.428894117647058, "price": "$94.99"}, {"title": "North Gear 7ft Kids Trampoline with Safety Enclosure Net", "tags": "Indoor Kids Trampolines Small for Baby Toddler JumpKing Outdoor", "relevancy_score": 5.1176, "price": "$179.99"}, {"title": "Triumph Fire ?n Ice LED Light-Up 54\" Air Hockey Table Includes 2 LED Hockey Pushers and LED Puck", "tags": "Multi Game Tables Arcade Basketball Table Hockey Pool Skee-Ball All Billiards Foosball", "relevancy_score": 46.6416, "price": "$142.20"}, {"title": "Felson Billiard Supplies Marbled Pool Ball Set", "tags": "Pool & Billiard Balls Table Covers Cue Chalk Tips Tables Racks Ball Cues", "relevancy_score": 5.1176, "price": "$42.59"}, {"title": "Magic Unicorn Musical Party Game, for Kids Ages 3 and up", "tags": "Shop STEM ages 12 and Up All Unicorn Toys Womens Clothing Electronic Pets Arts & Crafts Levi Strauss, Jeans, Jackets Books", "relevancy_score": 5.1176, "price": "$9.99"}, {"title": "ZEDWELL Hook And Ring Toss Game, 100% Bamboo Party Game For Indoor or Outdoor Family Fun", "tags": "", "relevancy_score": 0.0, "price": "$6.79"}, {"title": "Zupapa 45-Inch Rebounder for Adults and Kids, Mini Silent Fitness Trampoline for Indoor Outdoor Garden Workout Cardio Training, Max Load 330 lbs", "tags": "Indoor Kids Trampolines Mini Small for Baby Exercise & Workout Toddler", "relevancy_score": 9.22785, "price": "$89.99"}, {"title": "ESPN 54\" Arcade Foosball Soccer Table, Easy Assembly Players, Black/White", "tags": "Multi Game Tables Shuffleboard Arcade Basketball Dartboard Cabinets Pool Foosball Accessories Air Hockey", "relevancy_score": 73.2680347826087, "price": "$189.00"}, {"title": "Skywalker Trampolines 14' Round Jump Mat with 84 V-Rings", "tags": "Trampoline Pads Enclosures Skywalker Trampolines Bounce Pro Nets Springs SkyBound Upper", "relevancy_score": 16.428894117647058, "price": "$95.99"}, {"title": "Costway 47'' Pool Table Billiard Table Toys Game Set w 2 Cue Triangle Rack Ball and Chalk", "tags": "Multi Game Tables Arcade Basketball Pool & Billiard Balls All Table Tennis Air Hockey Foosball", "relevancy_score": 172.21324179104477, "price": "$109.99"}, {"title": "Champion Sports, CSIVTB, Heavy-duty White Tether Ball, 1, Yellow", "tags": "Dodgeball Sports Equipment Fan Shop All Lawn Games Cornhole Badminton Nets Ring & Washer Toss Horseshoes Disc", "relevancy_score": 31.778087804878044, "price": "$14.34"}, {"title": "Kids' Classics Crazy Eights Card Game", "tags": "Shop Toys by Price Classic Games Family All Board Party for Kids 5 to 7 Years Adult", "relevancy_score": 17.628894117647057, "price": "$7.13"}, {"title": "Roller Derby Roller Star 350 Girl's Quad Skate", "tags": "Sports & Duffel Bags Golf Balls Bike Pads Skate Wheels Skateboard Parts Helmets Inline Skates", "relevancy_score": 340.9733647058824, "price": "$60.18"}, {"title": "BouncePro Replacement 14' Trampoline Enclosure LOWER FRAME TUBE with Foam", "tags": "Trampoline Pads Mats Skywalker Trampolines Nets Upper Bounce Ladders", "relevancy_score": 12.331418181818181, "price": "$40.99"}, {"title": "Hookey Ring Toss Game Set by Hey! Play!", "tags": "All Lawn Games Bocce Tailgate Cornhole Beer Pong Horseshoes Disc Sports Dice", "relevancy_score": 25.807600000000004, "price": "$20.89"}, {"title": "Automatic Card Shuffler", "tags": "Shop Toys by Price Classic Games Family All Board Party for Kids 5 to 7 Years Adult", "relevancy_score": 42.868034782608696, "price": "$16.48"}, {"title": "Stamina 38-Inch InTone Plus Rebounder", "tags": "Indoor Kids Trampolines Mini Small Baby Exercise & Workout Toddler Upper Bounce", "relevancy_score": 200.00654736842102, "price": "$49.00"}, {"title": "Funko Games: Something Wild Card Game - Mickey & Friends", "tags": "Family Games The Nightmare Before Christmas All Board Party Halloween Funko Pop Adult", "relevancy_score": 5.1176, "price": "$7.97"}, {"title": "Skater-Aid, Adjustable Roller Skating Trainer - Blue", "tags": "Sports & Duffel Bags Golf Balls Bike Pads Skate Wheels Skateboard Parts Helmets Inline Skates", "relevancy_score": 15.628894117647057, "price": "$129.98"}, {"title": "Melissa & Doug Pretty Petals Sprinkler", "tags": "Kiddie Pools All Swimming Lawn Water Slides Melissa & Doug Toys Gardening Pool Games and", "relevancy_score": 213.72523636363636, "price": "$16.65"}, {"title": "Krown Pintail Longboard Purple Flame 9\" x 43\"", "tags": "Electric Bikes Mini Skateboards Bodyboards Skateboard Parts Pool Cues Helmets", "relevancy_score": 2.1176, "price": "$72.95"}, {"title": "Viper Black Mariah Steel Tip Darts 22 Grams", "tags": "Dartboards Dart Supplies Dartboard Cabinets Points Lawn Darts Cases & Wallets Shafts Flights", "relevancy_score": 58.55996363636363, "price": "$12.65"}, {"title": "Carmelli Enforcer 66' Air Hockey table", "tags": "Multi Game Tables Arcade Basketball Pool All Table Tennis Skee-Ball Billiards Foosball", "relevancy_score": 16.428894117647058, "price": "$179.99"}, {"title": "Large Beer Pong Outdoor Game Set with 12 Buckets, 2 Balls, Tote Bag by Hey! Play!", "tags": "Multi Game Tables Bocce Tailgate Games Cornhole Ring & Washer Toss Beer Pong Disc Sports Dice", "relevancy_score": 21.5208, "price": "$36.74"}, {"title": "Gymax 10 FT Trampoline Combo Bounce Jump Safety Enclosure Net W/Spring Pad Ladder", "tags": "Trampolines with Basketball Hoops Small Indoor 10 Foot for Kids 14 12 Outdoor", "relevancy_score": 2.22785, "price": "$249.99"}, {"title": "Large Bean Bag Gamer Beanbag Adult Outdoor Gaming Garden Big Arm Chair", "tags": "Kids' Chairs & Seating Teens' Lounge Big Bean Bag Shop All Furniture Playroom", "relevancy_score": 2.22785, "price": "$31.99"}, {"title": "Funsparks - Deluxe Ring Toss Game", "tags": "All Lawn Games Bocce Ball Sets Tailgate Ladder Cornhole Horseshoes Disc Sports", "relevancy_score": 15.628894117647057, "price": "$24.99"}, {"title": "Classic Sport Newcastle Foosball Table, Brown Wood Finish, 54 in., Official Competition-Sized Soccer Table", "tags": "Multi Game Tables Arcade Basketball Pool Driver Headcovers Foosball Accessories All Billiards Air Hockey", "relevancy_score": 560.7134150289016, "price": "$202.40"}, {"title": "SkyBound 15-Foot Blue Trampoline Pad (fits up to 8-Inch springs)", "tags": "Trampoline Mats Enclosures Covers Skywalker Trampolines Nets Springs SkyBound Upper Bounce", "relevancy_score": 50.9114, "price": "$76.99"}, {"title": "14 FT Trampoline Combo Bounce Jump Safety Enclosure Net W/Basketball Hoop Ladder", "tags": "", "relevancy_score": 0.0, "price": "$429.95"}, {"title": "Low Vision Large Dice - Black with white dots", "tags": "Card Games Classic Family All Board Toys for Kids 2 to 4 Years Math Children's Paint and Supplies", "relevancy_score": 10.22785, "price": "$3.59"}, {"title": "4 Classic Childrens Card Games Crazy 8s Go Fish Monster Match Old Maid Kids Gift", "tags": "Shop Toys by Price Classic Games Family All Board Collectible Cards for Kids 5 to 7 Years Adult", "relevancy_score": 25.5208, "price": "$13.07"}, {"title": "Clevr 7ft Kids Trampoline with Safety Enclosure Net & Spring Pad, Mini Indoor/Outdoor Round Bounce Jumper 84\", Built-in Zipper Heavy Duty Steel Frame,Green/Blue , Great Gift for Kids", "tags": "Indoor Kids Trampolines Enclosed Bounce Pro for Baby Toddler Outdoor", "relevancy_score": 4.1176, "price": "$219.99"}, {"title": "Runner Sports Complete Full Size Maple Checkerboard Deck Skateboard - Red", "tags": "Electric Bikes Mini Skateboards Bodyboards Bike Pads Skateboard Parts Longboards Helmets", "relevancy_score": 0.0, "price": "$49.99"}, {"title": "Chicago Boys' Classic Quad Roller Skates Black Junior Rink Skates, Size J10", "tags": "Sports & Duffel Bags Hockey Accessories Golf Balls Bike Pads Skate Wheels Skateboard Parts Helmets Inline Skates", "relevancy_score": 74.86803478260869, "price": "$44.99"}, {"title": "Automatic Deck Card Shuffler for Poker, Blackjack by Trademark Innovations", "tags": "Card Games Classic Family All Board Toys for Kids 2 to 4 Years Fashion Dolls 5 7", "relevancy_score": 17.567494736842107, "price": "$13.35"}, {"title": "Playcraft Black Canyon 7' Pool Table with Dining Top", "tags": "Multi Game Tables Table Tennis Vegas Golden Knights Pool Felt All Billiards Air Hockey Foosball", "relevancy_score": 0.0, "price": "$1495.00"}, {"title": "Epic Skates Limited Edition Love Skate Bag", "tags": "Sports & Duffel Bags Hockey Accessories Golf Balls Bike Pads Skate Wheels Skateboard Parts Helmets Inline Skates", "relevancy_score": 9.22785, "price": "$24.46"}, {"title": "Children Kids Trampoline Safe Portable Toddler Trampoline WSY", "tags": "Indoor Kids Trampolines Skywalker Rebounders for Baby Toddler Little Tikes", "relevancy_score": 124.82279999999999, "price": "$71.38"}, {"title": "Driveway Games All Weather Corntoss Bean Bags, Orange", "tags": "Family Games Toys for Kids 2 to 4 Years year olds 5 7 3 Babies 12 24 months", "relevancy_score": 14.431418181818183, "price": "$25.00"}, {"title": "Stiga 2-Star Performance-Quality White Table Tennis Balls (144 pack)", "tags": "Multi Game Tables All Lawn Games Table Tennis Paddles Maintenance & Care Ping Pong Balls Billiards Nets", "relevancy_score": 1.1176, "price": "$31.36"}, {"title": "Franklin Sports 40mm 1 Star Table Glow In The Dark Tennis Balls - 6 Pack", "tags": "Multi Game Tables All Lawn Games Table Tennis Paddles Maintenance & Care Ping Pong Balls Beer Billiards", "relevancy_score": 10.23141818181818, "price": "$7.99"}, {"title": "Holiday Time 12PCS/Set Fun Game Intelligence Educational Toys Stacking Plastic Hoopla Ring Toss Cast Throw Circle Set Toy", "tags": "Track & Field Equipment Basketball Training All Lawn Games Accessories Tailgate Cornhole Horseshoes Bags", "relevancy_score": 0.0, "price": "$10.19"}, {"title": "Lenexa Sherbet Adjustable Inline Skates Kids Rollerblades Girls - Roller Blades for Youth, Kid, Girl, Boys - Comfortable fit - Safety Non-Slip Wheels (Blue/Pink)?", "tags": "Hockey Accessories Bike Pads Skate Wheels Skateboard Parts Helmets Roller Skates", "relevancy_score": 45.84129230769231, "price": "$39.00"}, {"title": "GoSports Giant Wooden Playing Dice Set for Jumbo Size Fun, Includes 6 Dice and Canvas Carrying Bag", "tags": "All Lawn Games Bocce Tailgate Ladder Ball Cornhole Disc Sports Dice Cards and Casino", "relevancy_score": 49.37808780487806, "price": "$29.99"}, {"title": "Punisher Skateboards Warrior 31.5\" ABEC-7 Complete Skateboard", "tags": "Hockey Accessories Mini Skateboards Bodyboards Electric Skateboard Parts Longboards Pads Helmets", "relevancy_score": 31.48970810810811, "price": "$49.99"}, {"title": "MEGAWHEELS Tarot Cards Oracle Of The Shapeshifters Educational Toys Board Games Party Supplies For Adult Children", "tags": "", "relevancy_score": 0.0, "price": "$12.29"}, {"title": "Discraft 175g Ultra-Star Sportdisc-Orange", "tags": "All Lawn Games Disc Golf Discs Shuttlecocks Badminton Racquets Tailgate Ladder Ball Nets Pickleball Sets", "relevancy_score": 13.23141818181818, "price": "$22.83"}, {"title": "Sport Squad Air Hockey Replacement Pucks, 2\", 3ct", "tags": "Multi Game Tables Shuffleboard Arcade Basketball Table Hockey Pool All Billiards Foosball", "relevancy_score": 0.0, "price": "$7.78"}, {"title": "MD Sports 48\" Air Powered Hockey Table, LED Electronic Scorer, Black/Green", "tags": "Father's Day Electronics Connected Dorm Room Shop All Glass Mother's Gifts Audio Tax Free for Grads Back to School Home Visual", "relevancy_score": 994.4344421052632, "price": "$99.99"}, {"title": "Shuffleboard Powder Wax", "tags": "Multi Game Tables Shuffleboard Hockey Training Aids Pucks All Billiards Air Foosball", "relevancy_score": 8.431418181818183, "price": "$16.99"}, {"title": "ATIVAFIT 36-Inch Folding Trampoline Mini Rebounder\u00a0,Suitable for Indoor and Outdoor use, for Two Kids with safty Padded Cover", "tags": "Classic Games Family All Board Toys for Kids 2 to 4 Years Fashion Dolls Barbie 5 7", "relevancy_score": 5.1176, "price": "$69.99"}, {"title": "PLASTIC DISC ASSORTED COLORS", "tags": "All Lawn Games Disc Golf Discs Tailgate Cornhole Ring & Washer Toss NCAA NFL Beer Pong", "relevancy_score": 0.0, "price": "$11.04"}, {"title": "Stamina Oval Fitness Trampoline", "tags": "Indoor Kids Trampolines Mini Small for Baby Exercise & Workout Toddler", "relevancy_score": 95.45824, "price": "$59.00"}, {"title": "Disney Matching Game (Other)", "tags": "Shop Toys by Price All Disney Classic Games Family Frozen & Puzzles Board Adult", "relevancy_score": 25.5208, "price": "$8.49"}, {"title": "2 Decks Bicycle Rider Back Standard Pinochle Playing Cards Red and Blue", "tags": "Card Games Classic Family All Board Toys for Kids 2 to 4 Years Dragon 5 7", "relevancy_score": 0.0, "price": "$9.49"}, {"title": "Innova Discs - Star Teebird3 Disc Golf Fairway Driver", "tags": "All Lawn Games Yoga Mat Bags Golf Putters Disc Baskets Accessories Ring & Washer Toss Flag Football Flags Sports", "relevancy_score": 0.0, "price": "$17.95"}, {"title": "Upper Bounce Trampoline Pole Cap Enclosure Net Hook (Set of 12)", "tags": "Trampoline Pads Mats Skywalker Trampolines Nets Springs Upper Bounce", "relevancy_score": 10.22785, "price": "$19.99"}, {"title": "HOMCOM 35\" 4-Player Mahjong Game Portable Folding Table for Poker Dominoes Card with Cup and Coin Holders", "tags": "Poker Tables Quad Camping Chairs Pool Card All Billiards Air Hockey Foosball Cards and Casino", "relevancy_score": 68.35996363636364, "price": "$67.99"}, {"title": "Viper Tufflex II 2BA Black 500Ct Soft Dart Tips", "tags": "Dartboards Dart Supplies Dartboard Cabinets Darts Cases & Wallets Shafts Brad Keselowski Fan Shop", "relevancy_score": 18.5208, "price": "$11.67"}, {"title": "ORCC 12FT 15FT Trampoline with Enclosure Ladder Wind Stakes And Rain Cover Spring Tool", "tags": "Trampolines with Basketball Hoops Skywalker Enclosed 10 Foot 14 12 Trampoline Ladders Outdoor", "relevancy_score": 331.08377475728156, "price": "$529.99"}, {"title": "Epic Purple Princess Quad Roller Skates", "tags": "Sports & Duffel Bags Golf Balls Bike Pads Skate Wheels Skateboard Parts Helmets Inline Skates", "relevancy_score": 24.6076, "price": "$69.99"}, {"title": "St. Pierre Official Horseshoe Set", "tags": "Bocce Ball Sets Tailgate Games Cornhole Ring & Washer Toss Horseshoes Disc Sports Dry Boxes", "relevancy_score": 169.96301538461537, "price": "$50.84"}, {"title": "Mini Round Trampoline Replacement Safety Pad in Red (38 in. safety Pad)", "tags": "Trampoline Enclosures Rebounders Mini Trampolines Indoor Nets Baby Exercise & Workout Upper Bounce", "relevancy_score": 27.6076, "price": "$9.99"}, {"title": "Regal Games Casino Standard Index Poker Size Playing Cards 12 Decks 6 Red and 6 Blue", "tags": "Classic Games Family All Board Toys for Kids 2 to 4 Years Fashion Dolls Barbie 5 7", "relevancy_score": 0.0, "price": "$12.74"}, {"title": "Sportspower 2pk Adult's Inflatable Bubble Soccer", "tags": "Volleyball Nets Boxing Gloves Bocce Tailgate Games Tetherballs Ring & Washer Toss Horseshoes Cornhole Bags", "relevancy_score": 77.48205283018866, "price": "$90.99"}, {"title": "Brybelly Vivid Silver Aluminum Drop-In Cup Holder", "tags": "Multi Game Tables Boat Bimini Tops Blackjack Equipment Poker Chips Sets Card All Cards and Casino", "relevancy_score": 0.0, "price": "$7.10"}, {"title": "Skywalker Trampolines 12' Enclosure Net", "tags": "Trampoline Pads Mats Covers Skywalker Trampolines Nets Springs Upper Bounce Ladders", "relevancy_score": 58.30215813953489, "price": "$61.50"}, {"title": "Franklin Sports Football Target Toss", "tags": "Multi Game Tables Football Field Equipment All Lawn Games Arcade Basketball Kicking & Throwing Nets, Tees, and Holders Tailgate Ring Washer Toss", "relevancy_score": 37.9114, "price": "$29.99"}, {"title": "Mainstreet Classics 20 Inch Sinister Table Top Billiard Game Set", "tags": "Multi Game Tables Arcade Basketball Table Tennis Paddles Pool All Air Hockey Foosball", "relevancy_score": 77.81862127659575, "price": "$29.15"}, {"title": "Tailgating Pros Cornhole Bags - 4 Regulation Size Corn Hole Bags - 23+ Colors Options", "tags": "All Lawn Games Georgia Bulldogs Womens Tailgate Cornhole Dallas Cowboys Outdoor New England Patriots Minnesota Twins", "relevancy_score": 78.76709999999999, "price": "$51.00"}, {"title": "Zeny 24\" Color Prize Wheel Fortune w Folding Tripod Floor Stand Carnival Spinnig Game", "tags": "Electronic Games Radio Flyer Ride Ons All Wagons Party Bingo Sets Fidget Spinners", "relevancy_score": 4.1176, "price": "$48.99"}, {"title": "Tachikara 8.5\" Rubber Playground Ball", "tags": "Toys for 5 year olds 7 Playground Balls 6 Poke Ball All Toy Sports Equipment Kids 12 Years & Up", "relevancy_score": 23.5208, "price": "$9.37"}, {"title": "OH! My Gif Season 1 Working Out Doughby DONUTstop Figurine [Includes A.R. GIFbit Card] [No Packaging]", "tags": "Shop Toys by Price Classic Games Family All Board Party for Kids 5 to 7 Years Adult", "relevancy_score": 0.0, "price": "$5.99"}, {"title": "Innova Discs - Star TL Disc Golf Driver", "tags": "All Lawn Games Yoga Mat Bags Golf Putters Disc Baskets Accessories Ring & Washer Toss Flag Football Flags Sports", "relevancy_score": 5.1176, "price": "$17.95"}, {"title": "Nodor SupaBull2 Bristle Dartboard Equipped with Easy-Turn Steel Numbers for Beginning or Recreational Players", "tags": "Shuffleboard Tables Dart Supplies Dartboard Cabinets Darts Ring & Washer Toss Air Hockey Foosball Backboards", "relevancy_score": 5.1176, "price": "$44.99"}, {"title": "Krown Rookie Checker Skateboard Black/Blue 7.75\" SkateboardsWalmartplete Outdoor", "tags": "Electric Bikes Mini Skateboards Bodyboards Bike Pads Skateboard Parts Longboards Helmets", "relevancy_score": 0.0, "price": "$59.99"}, {"title": "Skateboard Longboard Truck Replacement Bushings Soft 88a 4-Pack (for 2 trucks)", "tags": "Mini Skateboards Bodyboards Electric Skate Ramps Wheels Longboards Inline Skates", "relevancy_score": 0.0, "price": "$4.95"}, {"title": "Plastic Toss Rings", "tags": "Track & Field Equipment Basketball Training All Lawn Games Accessories Tailgate Cornhole Ping Pong Balls Table Tennis", "relevancy_score": 9.22785, "price": "$6.63"}, {"title": "1 DECK OF UNICORN PURPLE BICYCLE STANDARD POKER PLAYING CARDS", "tags": "Shop STEM ages 12 and Up All Unicorn Toys 2-4 Electronic Pets Arts & Crafts Levi Strauss, Jeans, Jackets Clothing Books", "relevancy_score": 5.1176, "price": "$6.29"}, {"title": "Playcraft Sport Bank Shot 40\" Pool Table with Blue Cloth", "tags": "Multi Game Tables Pool & Billiard Balls Table Covers Cue Chalk Tips Racks Cues", "relevancy_score": 17.5208, "price": "$67.95"}, {"title": "Practice Ping Pong Balls Pack of 144 ct Table Tennis Bee Ball Game", "tags": "Multi Game Tables All Lawn Games Table Tennis Paddles Maintenance & Care Ping Pong Balls Ring Washer Toss Beer", "relevancy_score": 1.1176, "price": "$12.98"}, {"title": "Wham-O Pro Classic U-Flex Frisbee Disc", "tags": "Sports & Duffel Bags All Lawn Games Basketball Accessories Disc Golf Discs Baskets Ring Washer Toss Boomerangs", "relevancy_score": 10.428894117647058, "price": "$8.99"}, {"title": "UNO Artist 2", "tags": "Shop Toys by Price Classic Games Family All Board Party for Kids 5 to 7 Years Adult", "relevancy_score": 5.1176, "price": "$14.99"}, {"title": "Barrington 54\" Furniture Style Foosball Soccer Table, Black/Brown", "tags": "Multi Game Tables Shuffleboard Dartboards Dartboard Cabinets Pool All Table Tennis Air Hockey", "relevancy_score": 140.5096, "price": "$169.32"}, {"title": "Lot of 4 - 58\" 1 Piece Pool Cue Stick Made of Hardwood Maple House - Billiard", "tags": "Shuffleboard Tables Cue Chalk Billiard Bridges & Heads Skee-Ball Racks Air Hockey Foosball Pool Cues", "relevancy_score": 47.9114, "price": "$72.45"}, {"title": "Here To Slay", "tags": "", "relevancy_score": 0.0, "price": "$20.00"}, {"title": "Midway Monsters Super Jumbo Playing Cards 8.25\" x 11.75\" XL Giant Cards", "tags": "Card Games Classic Family All Board Toys for Kids 2 to 4 Years Party 5 7", "relevancy_score": 4.1176, "price": "$29.00"}, {"title": "Barrington Chatham Bristle Dartboard and Cabinet Set, Brown", "tags": "Shuffleboard Tables Dartboards Dart Supplies Darts Air Hockey Foosball Towables Tubes", "relevancy_score": 23.5208, "price": "$109.99"}, {"title": "Training Ping Pong Balls, Best Bulk Pack of 144 Plastic White Table Tennis Beer Pong Balls, Perfect for Christmas Tree Ornaments, Crafting, Decorations and Much More!", "tags": "Multi Game Tables All Lawn Games Table Tennis Paddles Maintenance & Care Ping Pong Balls Ring Washer Toss Billiards", "relevancy_score": 10.23141818181818, "price": "$9.50"}, {"title": "Pictionary Card Game", "tags": "Shop Toys by Price Classic Games Family All Board Party for Kids 5 to 7 Years Adult", "relevancy_score": 0.0, "price": "$14.27"}, {"title": "Po-Ke-No 2", "tags": "Classic Games Family All Board Party Bingo Sets Toys for Kids 8 to 11 Years Adult", "relevancy_score": 79.3136, "price": "$11.49"}, {"title": "Replacement Rear Tail Light Compatible with Xiaomi Mijia M365 Electric Scooter Skateboard Safety Warning Replacement Parts", "tags": "Boys Costumes Boats & Submarines Pro Scooter Kick Scooters 12-24 Months All Electric Knitting Weaving Kits RC", "relevancy_score": 10.22785, "price": "$8.05"}, {"title": "2Pcs Cornhole Lights, Colors Change or Blue Light, Corn Hole LED Lights, LED Board Lights with Battery Boxes Control, Ultra Bright LED Night Light for Family Backyard Bean Bag Toss Cornhole Game", "tags": "All Lawn Games Tailgating Fan Shop Tailgate Ring & Washer Toss NCAA NFL Cornhole Bags Disc Sports", "relevancy_score": 0.0, "price": "$18.97"}]