[{"title": "WD-40 Bike All Conditions Lube Aerosol 2.5oz", "tags": "Bike Tire and Wheel Tools Cleaners & Degreasers Performance Anti-Chafing Products Bags Carriers Lubes Grease Pumps", "relevancy_score": 296.77093333333335, "price": "$4.96"}, {"title": "Dynacraft 16\" Barbie Girls' Bike", "tags": "Kids' Tricycles Huffy BMX Bikes Bike Pads Helmets Mountain Bicycles with Training Wheels Kid's", "relevancy_score": 1402.4128958677688, "price": "$84.00"}, {"title": "Huffy 24\" Nel Lusso Girls' Cruiser Bike, Mint Green", "tags": "All Kids' Bikes Mountain Women's Cruiser Bicycles with Training Wheels BMX Mongoose Huffy Kid's", "relevancy_score": 3259.00150310559, "price": "$148.00"}, {"title": "Huffy 26\" Cranbrook Women's City Cruiser Bike, Dark Red", "tags": "Schwinn Cruiser Bikes Mountain Hybrid Women's Kids' Huffy Kid's", "relevancy_score": 283.73392941176473, "price": "$89.00"}, {"title": "Genesis 26\" Whirlwind Women's Mountain Bike, Gray", "tags": "Huffy Cruiser Bikes Women's Hybrid Commuter Schwinn Mountain Mongoose", "relevancy_score": 440.0782873239437, "price": "$148.00"}, {"title": "Madd Gear 20\" Freestyle BMX Boy's Bike, Green", "tags": "All Kids' Bikes Mountain Huffy BMX Mongoose Bicycles with Training Wheels Kid's", "relevancy_score": 508.791418404908, "price": "$98.00"}, {"title": "Huffy 20\" Cranbrook Girls' Cruiser Bike with Basket, White", "tags": "All Kids' Bikes Huffy Cruiser BMX Bike Helmets Bicycles with Training Wheels", "relevancy_score": 829.1947243243243, "price": "$98.00"}, {"title": "Allen Sports Deluxe 2-Bicycle Trunk Mounted Bike Rack Carrier, 102DN", "tags": "Huffy Cruiser Bikes Mountain Commuter Schwinn Hybrid Bike Bags & Carriers Women's Mongoose", "relevancy_score": 1834.2768215246638, "price": "$39.93"}, {"title": "BCA 20\" Crossfire 6-Speed Boy's Mountain Bike, Blue/Green", "tags": "All Kids' Bikes Mountain Huffy BMX Bicycles with Training Wheels Mongoose Kid's", "relevancy_score": 699.1844183486239, "price": "$98.00"}, {"title": "20\" Boys' Kent Ambush BMX Bike", "tags": "Mountain Bikes Huffy BMX Bike Helmets Kids' Bicycles with Training Wheels Mongoose Kid's", "relevancy_score": 1717.678069642857, "price": "$88.00"}, {"title": "Dynacraft 16\" Barbie Girls' Bike", "tags": "Kids' Tricycles Huffy BMX Bikes Bike Pads Helmets Mountain Bicycles with Training Wheels Kid's", "relevancy_score": 1402.4128958677688, "price": "$84.00"}, {"title": "Slime Self-Sealing Smart Replacement Bike/Bicycle Inner Tube, Schrader 26\"x1.75-2.125\" - 30045", "tags": "Bike Tire and Wheel Tools Wheels Brakes All Components Handlebars Tires Pumps", "relevancy_score": 1295.2949739130436, "price": "$6.96"}, {"title": "Zefal Smart Bike Pump - Super Compact, Schrader and Presta Compatible", "tags": "Air Mattress Accessories Basketball Bike Water Bottle Cages Tire Tubes Lights Bags & Carriers Locks All Components", "relevancy_score": 716.4823891891892, "price": "$12.96"}, {"title": "Razor Flashrider 360 Sparking Trike Red- Ages 6+", "tags": "All Kids' Bikes Balance Schwinn Tricycles Boys Girls Bicycles with Training Wheels Adult BMX", "relevancy_score": 1502.3128958677687, "price": "$88.00"}, {"title": "Nickelodeon's PAW Patrol: Skye Sidewalk Bike, 12 inch wheels, ages 2 to 4, pink", "tags": "All Kids' Bikes Balance Tricycles Huffy BMX Bike Pads Helmets Bicycles with Training Wheels Kid's", "relevancy_score": 501.43954705882356, "price": "$74.00"}, {"title": "Yamaha 12\" Moto BMX Boys Bike, Blue", "tags": "Kids' Balance Bikes Tricycles Huffy BMX Bike Helmets Bicycles with Training Wheels Kid's", "relevancy_score": 1948.50347505071, "price": "$84.00"}, {"title": "Slime Self-Sealing Smart Replacement Bike/Bicycle Inner Tube, Presta 26\"x1.75-2.125\" - 30084", "tags": "Bike Tire and Wheel Tools Mountain Bikes Performance Repair Wheels All Components Handlebars Tires Pumps", "relevancy_score": 84.60372075471697, "price": "$5.00"}, {"title": "Radio Flyer, Glide & Go Balance Bike, 11\" Wheels, Red", "tags": "All Kids' Bikes Tricycles Beverage Coolers Coleman Bike Helmets Bicycles with Training Wheels BMX Huffy Kid's", "relevancy_score": 914.4095052631578, "price": "$39.97"}, {"title": "Bell Floornado 350 High Volume Floor Pump", "tags": "Soccer Accessories Training Equipment Basketball Bike Water Bottle Cages Lights Huffy BMX Bikes Locks Kid's", "relevancy_score": 298.95743846153846, "price": "$6.99"}, {"title": "Allen Sports Deluxe 4-Bicycle Hitch Mounted Bike Rack Carrier, 542RR", "tags": "Deer Stands Summit Treestands Bike Baskets Bags & Carriers Cruiser Bikes Kentucky Wildcats Outdoor Travel Golf", "relevancy_score": 218.73702337662337, "price": "$99.00"}, {"title": "CLIF Bar Coffee Collection Breakfast Bars, Vanilla Almond Latte, 9g Protein Bar, 6 Ct, 2.4 oz", "tags": "Energy Boosting Breakfast On-The-Go Bars Granola Weight Management Brain Foods Home Workout Snacks and Beverages CLIF Bar Protein Non GMO Food", "relevancy_score": 200.47137297297297, "price": "$5.78"}, {"title": "Schwinn Stretch to Attach Bicycle Bell, kids or adults, commuting", "tags": "Bike Water Bottle Cages Baskets Lights Helmets Bags & Carriers Bottles All Components Mirrors", "relevancy_score": 51.0391, "price": "$4.96"}, {"title": "5-hour ENERGY Shot, Extra Strength, Blue Raspberry, 1.93 oz, 15 count", "tags": "5-Hour Energy Shots Monster Drinks Fueling Beverages Sports & Lemonade Red Bull", "relevancy_score": 10.259775, "price": "$28.98"}, {"title": "5-hour ENERGY Shot, Extra Strength, Peach Mango, 1.93 oz, 15 count", "tags": "Energy Shots Monster Drinks All Fueling Beverages Sports & Lemonade Red Bull", "relevancy_score": 79.8457043478261, "price": "$28.98"}, {"title": "Radio Flyer, Big Flyer Sport, Chopper Tricycle, 16\" Front Wheel, Red", "tags": "Tricycles Radio Flyer Ride Ons Toys for 5 year olds 7 6 Kids 2 to 4 Years All Pedal & Push", "relevancy_score": 2183.72927431694, "price": "$49.94"}, {"title": "Dynacraft 18\" Boys' Surge BMX Bike, Black/Blue", "tags": "Kids' Bike Helmets & Jaw Pads All Scooters Tricycles BIkes for Girls Disney Toys Razor Sport PAW Patrol Barbie", "relevancy_score": 1014.5351432432432, "price": "$78.00"}, {"title": "Genesis 27.5\" Villotti Men's Bike, Green", "tags": "Huffy Mountain Bikes Commuter Schwinn Hybrid Kids' Women's Cruiser Mongoose", "relevancy_score": 342.39065641025644, "price": "$174.00"}, {"title": "Pure Protein Bars, Chocolate Deluxe, 21g Protein, 1.76 Oz, 12 Ct", "tags": "On-the-Go Nutrition Diet Foods & Drinks Protein Shakes, Bars Energy Fitness for Active Dads Indulgent Flavors On the Go Back to School Health Essentials Pure", "relevancy_score": 152.54523870967742, "price": "$13.37"}, {"title": "Slime Prevent and Repair Tire Sealant 1 Gallon - 10163", "tags": "Maintenance Chemicals Slime Tire Tools & Accessories Adhesives Sealants Repair on Advance Auto Parts Shop Changing Gasket Makers, Removers and Sealers Patching Kits", "relevancy_score": 489.18442797202795, "price": "$19.88"}, {"title": "CLIF Builders Protein Bars, Gluten Free, 20g Protein, Chocolate Peanut Butter Flavor, 6 Ct, 2.4 oz", "tags": "Eat High Protein Diet Shakes, Bars & Energy Drinks Indulgent Flavors Fitness Fuel Your Workout On the Go Body Add to Build Muscle Beach Ready - Active Nutrition", "relevancy_score": 355.64307857142853, "price": "$7.12"}, {"title": "5-hour ENERGY Shot, Extra Strength, Blue Raspberry, 1.93 oz, 15 count", "tags": "5-Hour Energy Shots Monster Drinks Fueling Beverages Sports & Lemonade Red Bull", "relevancy_score": 10.259775, "price": "$28.98"}, {"title": "5-hour ENERGY Shot, Extra Strength, Peach Mango, 1.93 oz, 15 count", "tags": "Energy Shots Monster Drinks All Fueling Beverages Sports & Lemonade Red Bull", "relevancy_score": 79.8457043478261, "price": "$28.98"}, {"title": "Schwinn Pathway Adult Bicycle Helmet, ages 14+, white", "tags": "Bike Water Bottle Cages Mountain Bikes Lights Bags & Carriers Locks Bottles Pumps Skateboard Helmets", "relevancy_score": 264.92315862068966, "price": "$19.96"}, {"title": "Huffy 20-inch Oxide Boys Mountain Bike for Kids , Lime / Blue", "tags": "All Kids' Bikes Huffy BMX Mountain Fat Tire Mongoose Kid's", "relevancy_score": 60.64570434782609, "price": "$148.00"}, {"title": "CLIF Bar Minis Energy Bars, Crunchy Peanut Butter, 5g Protein Bar, 20 Ct, 0.99 oz", "tags": "Attractants and Scent Eliminators Bike Supplements Mississippi State Bulldogs T-Shirts Swimming Paddles Filtration Bottles & Accessories Texas Tech Red Raiders Bath Kitchen Dice", "relevancy_score": 87.95864999999999, "price": "$11.28"}, {"title": "CLIF Bar Energy Bars, Crunchy Peanut Butter, 11g Protein Bar, 18 Ct, 2.4 oz", "tags": "Energy Boosting Breakfast On-The-Go Bars Granola Weight Management Indulgent Home Workout Snacks and Beverages Non GMO Food New Year You", "relevancy_score": 155.7452387096774, "price": "$16.34"}, {"title": "Nature Valley Chewy Protein Granola Bar, 21.3 oz", "tags": "Cereal Bars & Breakfast General Mills Snacks Fight Hunger Shop Nature Valley Granola Indulgent Snack", "relevancy_score": 266.68943529411763, "price": "$8.24"}, {"title": "5-hour ENERGY Shot, Extra Strength, Grape, 1.93 oz, 15 count", "tags": "5-Hour Energy Shots Monster Drinks Fueling Beverages Sports & Lemonade Red Bull", "relevancy_score": 14.477854545454546, "price": "$28.98"}, {"title": "LUNA Protein Snack Bars, Gluten Free, Chocolate Chip Cookie Dough Flavor, 6 Ct, 1.59 oz", "tags": "On-the-Go Nutrition Diet Foods & Drinks Protein Granola Bars Quest Assortment Pg Winter Flavors Body Fortress Fall", "relevancy_score": 85.66256, "price": "$5.78"}, {"title": "ONE Almond Bliss Protein Bar, 2.12 Oz., 4 Count", "tags": "Attractants and Scent Eliminators Bike Supplements Mississippi State Bulldogs T-Shirts Swimming Paddles Filtration Bottles & Accessories Texas Tech Red Raiders Bath Kitchen Dice", "relevancy_score": 74.88546666666667, "price": "$7.47"}, {"title": "5-hour ENERGY Shot, Regular Strength, Pomegranate, 1.93 oz, 10 count", "tags": "V8 Energy Monster Drinks All Fueling Beverages Sports & Lemonade Red Bull", "relevancy_score": 555.2964551724137, "price": "$18.98"}, {"title": "5-hour ENERGY Shot, Extra Strength, Grape, 1.93 oz, 10 count", "tags": "V8 Energy Monster Drinks All Fueling Beverages Sports & Lemonade Red Bull", "relevancy_score": 271.5064930232558, "price": "$20.98"}, {"title": "CLIF Bar Energy Bars, Blueberry Crisp, 9g Protein Bar, 12 Ct, 2.4 oz", "tags": "Fruity Breakfast Energy Boosting On-The-Go Bars Weight Management Indulgent Home Workout Snacks and Beverages CLIF Bar Protein Non GMO Food", "relevancy_score": 247.03576585365855, "price": "$11.28"}, {"title": "Powercrunch Original Protein Bar, 13g Protein, Key Lime Pie, 7 Oz, 5 Ct", "tags": "On-the-Go Nutrition Diet Foods & Drinks Protein Shakes, Bars Energy On the Go Winter Flavors All Supplements Fall", "relevancy_score": 57.44570434782609, "price": "$5.92"}, {"title": "Pure Protein Bars, Dark Chocolate Coconut, 19g Protein, 1.76 Oz, 12 Ct", "tags": "Protein Shakes, Bars & Energy Drinks Indulgent Flavors Fitness Fuel Your Workout On the Go Body Back to School Health Essentials Pure Beach Ready - Active Nutrition", "relevancy_score": 260.30649302325577, "price": "$10.11"}, {"title": "CLIF Bar Energy Bars, Peanut Butter Banana with Dark Chocolate, 10g Protein Bar, 12 Ct, 2.4 oz (Packaging May Vary)", "tags": "Fruity Breakfast Energy Boosting On-The-Go Bars Granola Weight Management Indulgent Home Workout Snacks and Beverages Non GMO Food", "relevancy_score": 119.38927272727273, "price": "$11.28"}, {"title": "Quest Protein Bar Hero Chocolate Caramel Pecan 10PK", "tags": "Indulgent Flavors Protein & Fitness New Trending Keto On the Go Quest Assortment Pg Bars for Active Moms High Fat Foods", "relevancy_score": 463.96678095238093, "price": "$14.98"}, {"title": "Quest Protein Bar Hero Vanilla Caramel 10PK", "tags": "Indulgent Flavors Protein & Fitness New Trending Keto On the Go Quest Assortment Pg Bars for Active Moms High Fat Foods", "relevancy_score": 440.24264390243906, "price": "$16.13"}, {"title": "CLIF Bar Energy Bars, Peanut Toffee Buzz, 10g Protein Bar, 6 Ct, 2.4 oz", "tags": "Attractants and Scent Eliminators Bike Supplements Mississippi State Bulldogs T-Shirts Swimming Paddles Filtration Bottles & Accessories Texas Tech Red Raiders Bath Kitchen Dice", "relevancy_score": 10.259775, "price": "$15.39"}, {"title": "Nutrisystem NutriCrush Double Chocolate Caramel Lunch Bars, 1.8 Oz, 5 Count", "tags": "Beach Body Ready Weight Management On the Go New and Trending Nutrisystem Kits Food Diet Foods Meal Replacement Bars Snacks", "relevancy_score": 12267.713134212352, "price": "$6.98"}, {"title": "CLIF Whey Protein Snack Bars, Peanut Butter & Chocolate, 8 Ct, 1.98 oz (Packaging and Formula May Vary)", "tags": "Energy Boosting Breakfast On-The-Go Bars Granola Weight Management Indulgent CLIF Bar and Protein Non GMO Food", "relevancy_score": 63.65658604651163, "price": "$12.48"}, {"title": "ZonePerfect Protein Bars, Chocolate Mint, 14g of Protein, Nutrition Bars With Vitamins & Minerals, Great Taste Guaranteed, 12 Bars", "tags": "Eat High Protein Diet Shakes, Bars & Energy Drinks ZonePerfect On the Go Fuel Your Body Add to Build Muscle Beach Ready - Active Nutrition All Supplements", "relevancy_score": 334.5721217391304, "price": "$11.21"}, {"title": "Pedialyte Electrolyte Solution Advanced Care Plus, Kiwi Berry Mist, 1 liter, 4 count", "tags": "Pedialyte Pediasure Pediatric Electrolyte PediaSure Preschool Essentials Natural & Organic Baby Drinks and Formula Cold Flu Take Care of Yourself", "relevancy_score": 56.387542857142854, "price": "$21.92"}, {"title": "LUNA BAR Snack Bars, Gluten Free, Chocolate Cupcake Flavor, 15 Ct, 1.69 oz", "tags": "Diet Foods & Drinks Protein Fitness for Active Dads Indulgent Flavors Fuel Your Workout Keto Bars Body Fortress Beach Ready - Nutrition", "relevancy_score": 129.32975714285715, "price": "$14.45"}, {"title": "Chocolate Peanut Butter Hero Quest Nutrition Protein Bar, High Protein, Low Carb, Gluten free, 10-count", "tags": "Indulgent Flavors Protein & Fitness New Trending Keto On the Go Quest Assortment Pg Bars for Active Moms High Fat Foods", "relevancy_score": 517.7327555555555, "price": "$14.23"}, {"title": "Allen Adaptor Bar Rack Accessory for Non-Conventional Bicycle Frames - 900B", "tags": "Bike Water Bottle Cages Fenders Storage Racks Baskets Lights Bags & Carriers Bottles Pumps", "relevancy_score": 213.67137297297296, "price": "$17.96"}, {"title": "Nature Valley Protein XL Bar, Salted Caramel Dark Choc", "tags": "Cereal Bars & Breakfast General Mills Snacks On the Go On-The-Go Granola Indulgent Nature Valley Snack Non GMO Food", "relevancy_score": 93.66256, "price": "$5.68"}, {"title": "Goodyear 20\" x 1.75-2.125 Heavy Duty Bike Tube, Tire Levers included", "tags": "Bike Tire and Wheel Tools Mountain Bikes Wheels All Components Handlebars Tires Pumps", "relevancy_score": 91.55865, "price": "$6.96"}, {"title": "Equate Beauty Face and Neck Advanced Firming & Anti-Wrinkle Day Cream, 1.7 oz", "tags": "", "relevancy_score": 143.0782, "price": "$7.87"}, {"title": "Nature Valley Protein Salted Caramel Nut Chewy Bar 15 Ct", "tags": "Cereal Bars & Breakfast General Mills Fight Hunger Shop Nature Valley Granola Indulgent Snack New Year You", "relevancy_score": 303.6298893617021, "price": "$8.24"}, {"title": "QUANFENG QF Kids Bike Helmet Adjustable Lightweight Child Helmet Multi Sport (Black+Pink)", "tags": "All Kids' Bikes Boys Girls Bike Pads Bicycles with Training Wheels BMX Huffy Kid's Skateboard Helmets", "relevancy_score": 150.912268852459, "price": "$13.98"}, {"title": "CLIF Kid Zbar Protein Granola Bars, Gluten Free, Chocolate Mint, 5 Ct, 1.27 oz", "tags": "Attractants and Scent Eliminators Bike Supplements Mississippi State Bulldogs T-Shirts Swimming Paddles Filtration Bottles & Accessories Texas Tech Red Raiders Bath Kitchen Dice", "relevancy_score": 121.88927272727273, "price": "$3.98"}, {"title": "CLIF Bar Sweet & Salty Energy Bars, Chocolate Chunk with Sea Salt, 9g Protein Bar, 12 Ct, 2.4 oz (Packaging May Vary)", "tags": "Clif Bar Coffee Collection Energy Boosting Breakfast On-The-Go Bars Granola Weight Management Indulgent Home Workout Snacks and Beverages Non GMO Food", "relevancy_score": 1680.8595142857143, "price": "$11.28"}, {"title": "CLIF Bar Energy Bars, Nuts & Seeds, 10g Protein Bar, 12 Ct, 2.4 oz", "tags": "Clif Bar Coffee Collection Energy Boosting Breakfast On-The-Go Bars Granola Weight Management Indulgent Home Workout Snacks and Beverages Non GMO Food", "relevancy_score": 247.59775000000002, "price": "$11.28"}, {"title": "gomacro Kids Vegan Snack Bar, Oatmeal Chocolate Chip Cookie, 7 Ct, 6.3 Oz, Gluten-Free, Organic, Non-GMO", "tags": "Diet Foods & Drinks Beach Body Ready Weight Management On the Go Restock Meal Replacements Busy Lifestyle Formats Gain Supplements Gainers", "relevancy_score": 0.0, "price": "$5.94"}, {"title": "5-hour ENERGY Shot, Regular Strength, Berry, 1.93 oz", "tags": "V8 Energy Monster Drinks All Fueling Beverages Celsius Sports & Red Bull", "relevancy_score": 47.0391, "price": "$8.19"}, {"title": "CLIF Bar Sweet & Salty Energy Bars, Peanut Butter & Honey with Sea Salt, 10g Protein Bar, 12 Ct, 2.4 oz (Packaging May Vary)", "tags": "Fruity Breakfast Energy Boosting On-The-Go Bars Granola Weight Management Indulgent Home Workout Snacks and Beverages Non GMO Food", "relevancy_score": 280.05536629213486, "price": "$11.28"}, {"title": "Larabar, Gluten Free, Vegan, Strawberry Chocolate Chip Bars, 5 Count", "tags": "General Mills Snacks Fruity Breakfast Energy Boosting Granola Bars Plant Based Home Workout and Beverages Dairy Free Foods Shop All", "relevancy_score": 19.68898823529412, "price": "$4.98"}, {"title": "Thinkkids Protein Bars - Peanut Butter Cup, 5/1 Oz", "tags": "Attractants and Scent Eliminators Bike Supplements Mississippi State Bulldogs T-Shirts Swimming Paddles Filtration Bottles & Accessories Texas Tech Red Raiders Bath Kitchen Dice", "relevancy_score": 1066.278652873563, "price": "$3.96"}, {"title": "Balance\u00c2\u00ae Bar Cookie Dough, 1.76 ounce bars, 6 count", "tags": "Shakes On the Go Snacks On-The-Go Bars Granola Weight Management Indulgent Breakfast CLIF Bar Energy and Protein", "relevancy_score": 87.11166530612245, "price": "$3.74"}, {"title": "Bell Air Guard Mountain Bike Tire, 20\" x 1.75-2.125\", Black", "tags": "Bike Tire Tubes Saddles Kickstands Pedals Brakes Handlebars Tires Chains", "relevancy_score": 42.35916923076923, "price": "$6.99"}, {"title": "Zefal All Sports High Volume Pump (Bike Pump & Sport Ball Pump Needle)", "tags": "Soccer Accessories Training Equipment Basketball Bike Water Bottle Cages Lights Bags & Carriers Locks Bottles", "relevancy_score": 173.49384, "price": "$14.96"}, {"title": "Premier Protein Protein Bar, Chocolate Brownie, 20g Protein, 2.08 0z, 10 Ct", "tags": "Premier Protein Bars Shakes Shakes, & Energy Drinks On the Go Fuel Your Body All Supplements Clears", "relevancy_score": 200.49384000000003, "price": "$13.03"}, {"title": "Huffy Oxide 24-inch Boys Mountain Bike for Men, Blue", "tags": "All Kids' Bikes Huffy Cruiser Mountain Women's Fat Tire Mongoose Hybrid", "relevancy_score": 92.01145882352941, "price": "$168.00"}, {"title": "Slime Self-Sealing Smart Replacement Bike/Bicycle Inner Tube, Schrader 29\"x1.85-2.20\" - 30070", "tags": "Bike Water Bottle Cages Tire and Wheel Tools Mountain Bikes All Components Tires Tool Kits Pumps", "relevancy_score": 274.88403265306124, "price": "$6.96"}, {"title": "50 Strong Squirt Water Bottle with One-Way Valve - 28 oz.", "tags": "Gatorade Water Bottles & Hydration Bike Bottle Cages All Exercise and Fitness Accessories Stainless Steel Contigo Drinkware Camping", "relevancy_score": 44.0391, "price": "$4.96"}, {"title": "Huffy 20\" Radium Metaloid BMX-Style Boys Bike, Blue", "tags": "All Kids' Bikes Huffy BMX Mountain Mongoose Bicycles with Training Wheels Kid's", "relevancy_score": 319.89968813559324, "price": "$89.00"}, {"title": "Marvel Spider-Man Bike Helmet, Child", "tags": "Kids' Bikes & Riding Knee Pads All Scooters for Boys Kids Scooter Skateboard Accessories Razor Sport Helmets Kick PAW Patrol Toys", "relevancy_score": 536.0720595744681, "price": "$24.97"}, {"title": "Eight Ball Galaxy Pads 3pk 8+", "tags": "Volleyball Knee Pads Specialty Gear Bike Gloves Sport Braces Helmets Inline Skates Sports Skateboard", "relevancy_score": 251.75408674698798, "price": "$19.96"}, {"title": "Bell Peak Green Pixels Boys Youth Bike Helmet, Black", "tags": "Kids' Bikes & Riding Knee Pads BIkes for Girls Boys Skateboard Accessories Razor Sport Helmets PAW Patrol Toys Elbow Frozen Kids", "relevancy_score": 338.90948, "price": "$19.96"}, {"title": "Goodyear 26\" x 1.9\"-2.3\" Heavy Duty Bike Tube, 2 Pack with levers", "tags": "Realtree Bikes & Bike Accessories Tire and Wheel Tools Baskets Men's Hunting Tops Helmets All Components Tires", "relevancy_score": 84.80337872340426, "price": "$9.96"}, {"title": "CLIF Kid Zbar Protein Granola Bars, Gluten Free, Peanut Butter Chocolate, 5 Ct, 1.27 oz", "tags": "Organic Foods Energy Boosting Breakfast On-The-Go Bars Granola Weight Management Home Workout Snacks and Beverages CLIF Bar Protein Non GMO Food", "relevancy_score": 84.80337872340426, "price": "$3.51"}, {"title": "LittleMissMatched Magic Sequin Youth 8+ Bike Helmet, Purple", "tags": "Kids' Bikes & Riding Knee Pads BIkes for Girls All Trolls Toys Skateboard Accessories Razor Sport Helmets PAW Patrol Elbow Frozen Kids", "relevancy_score": 310.0298893617021, "price": "$24.97"}, {"title": "Bell Disney's Frozen 2 Waterhorse Bike Helmet, Toddler 3+ (48-52 cm)", "tags": "Kids' Bikes & Riding Knee Pads BIkes for Girls All Disney Toys Trolls Skateboard Accessories Razor Sport Helmets PAW Patrol Frozen Kids", "relevancy_score": 114.50372075471698, "price": "$8.58"}, {"title": "Slime Self-Sealing Smart Replacement Bike/Bicycle Inner Tube, Schrader 26\"x1 3/8 - 30044", "tags": "Bike Tire and Wheel Tools Mountain Bikes Brakes Weight Lifting Gloves All Components Tires Cards Casino", "relevancy_score": 211.53944545454547, "price": "$6.96"}, {"title": "Goodyear 18\" x 1.75\"-2.125\" Heavy Duty Bike Tube, Black", "tags": "Bike Tire and Wheel Tools Mountain Bikes Wheels All Components Handlebars Tires Pumps", "relevancy_score": 79.8457043478261, "price": "$6.96"}, {"title": "Zefal Adult Black Bike Helmet (Universal Adjustment, 24 Vents, Ages 14+)", "tags": "Bike Gloves Water Bottle Cages Lights Bags & Carriers Locks Bottles Pumps Skateboard Helmets", "relevancy_score": 322.42182574257424, "price": "$24.97"}, {"title": "Raskullz Star Kitty Purple Bike Helmet, Child 5+ (50-54cm)", "tags": "Kids' Bikes & Riding Knee Pads BIkes for Girls All Trolls Toys Kids Scooter Skateboard Accessories Razor Sport Helmets PAW Patrol Frozen", "relevancy_score": 141.24297627118642, "price": "$19.96"}, {"title": "Nuun Energy Mango Orange Electrolyte & Caffeine Supplement, 1.9 oz.", "tags": "Supplements Nuun Sundown Naturals Vitamins and Hydralyte Tablets Pedialyte Powder Energy & Endurance All", "relevancy_score": 0.0, "price": "$5.98"}, {"title": "Orgain Protein Snack Bar Chocolate Chip Cookie Dough, 4 Ct", "tags": "On-the-Go Nutrition Protein Shakes Plant Blend Bars Natural Alternatives & Fitness for Active Moms", "relevancy_score": 0.0, "price": "$5.96"}, {"title": "Bell AirBlaster Bicycle Foot Pump", "tags": "Air Mattress Accessories Basketball Bike Water Bottle Cages Tire and Wheel Tools Lights Locks Bottles Tool Kits", "relevancy_score": 69.95864999999999, "price": "$6.99"}, {"title": "Slime Self-Sealing Smart Replacement Bike/Bicycle Inner Tube, Presta 700x28-35mm - 30086", "tags": "Bike Tire and Wheel Tools Mountain Bikes Performance Repair Wheels All Components Tires Pumps", "relevancy_score": 62.88546666666666, "price": "$5.00"}, {"title": "Kryptonite 8mm Chain Bicycle Lock", "tags": "Bike Water Bottle Cages Performance Cleaners & Degreasers Lights Helmets Bags Carriers Bottles Lubes Grease Pumps", "relevancy_score": 261.90948, "price": "$16.96"}, {"title": "Bell Axle Bike Helmet, Black/Green, Adult 14+ (54-61cm)", "tags": "Bike Water Bottle Cages Hats Lights Pads Locks Bottles Pumps Skateboard Helmets", "relevancy_score": 123.46882105263158, "price": "$8.04"}, {"title": "Genesis 24\" Mauler Boy's Mountain Bike, Blue", "tags": "Kids' Bike Helmets & Jaw Pads All Scooters Tricycles BIkes for Girls Disney Toys Electric Transportation Ride Ons Boys PAW Patrol", "relevancy_score": 149.86712727272726, "price": "$174.00"}, {"title": "Bell Sports Shell Rear Child Carrier Bicycle Seat, Graphite", "tags": "Huffy Cruiser Bikes Electric Bike Saddles Trailers Helmets Kids' Mountain All Components", "relevancy_score": 187.50649302325579, "price": "$49.00"}, {"title": "Slime Tube Sealant 8 oz - 10003, Great for bicycles, dirt bikes, wheelbarrows and riding mowers", "tags": "Bike Tire Tubes Tools Lubricants & Greases Water Bottles All Components Multi-tools Tool Kits Pumps", "relevancy_score": 230.55408674698793, "price": "$6.96"}, {"title": "Master Lock 8127TRI Keyed Cable Lock, 6 ft. Long, Assorted Colors, 3 Pack Keyed-Alike", "tags": "Bike Water Bottle Cages Deer Stands Lights Helmets Bags & Carriers Bottles Pumps", "relevancy_score": 260.77093333333335, "price": "$10.99"}, {"title": "Quest Protein Bar, Chocolate Sprinkled Doughnut, 20g Protein, 12Ct", "tags": "Indulgent Flavors Protein & Fitness On the Go Quest Assortment Pg Working Out on Keto Bars for Active Moms Fall", "relevancy_score": 646.9356369942196, "price": "$20.23"}, {"title": "Huffy Kyro 20\" BMX-Style Boys Bike for Kids, Red / Black Crackle", "tags": "All Kids' Bikes Huffy BMX Mountain Mongoose Bicycles with Training Wheels Kid's", "relevancy_score": 55.92249090909091, "price": "$88.00"}, {"title": "50 Strong Premium Insulated Water Bottle 24 oz", "tags": "Water Bottles & Hydration Bike Bottle Cages Hiking Gear All Exercise and Fitness Accessories Stainless Steel Contigo Drinkware Camping", "relevancy_score": 32.0391, "price": "$8.96"}, {"title": "Just My Size Women's Plus Size Stretch Jersey Bike Short", "tags": "Womens Plus Savings Shorts Activewear & Skorts Skirts Women's", "relevancy_score": 3546.0070682634737, "price": "$9.96"}, {"title": "SUNSIOM Boys Girls Kids Safety Helmet & Knee & Elbow Pad Set For Cycling Skate Bike Use", "tags": "Kids' Bike Helmets & Jaw Pads All Scooters Kids Scooter Skateboard Accessories Razor Sport Kick PAW Patrol Toys Knee Elbow", "relevancy_score": 325.17205957446805, "price": "$16.89"}, {"title": "Go Brightz LED Bicycle Accessory Frame Light, Blue", "tags": "Bike Water Bottle Cages GPS Trackers Covers Bags & Carriers Locks Bells Horns Bottles Mirrors", "relevancy_score": 116.88927272727271, "price": "$9.96"}, {"title": "Powercrunch Original Protein Bar, 12g Protein, Red Velvet, 7 Oz, 5 Ct", "tags": "On-the-Go Nutrition Protein Shakes, Bars & Energy Drinks Fitness for Active Dads On the Go Fuel Your Body Winter Flavors All Supplements Fall", "relevancy_score": 42.35916923076923, "price": "$9.30"}, {"title": "Raskullz Bolt LED Green Bike Helmet, Child 5+ (50-54cm)", "tags": "Kids' Bikes & Riding Knee Pads for Boys All Trolls Toys Skateboard Accessories Ryan's World Razor Sport Helmets PAW Patrol Kids Costumes Dress-Up", "relevancy_score": 306.49688484848485, "price": "$29.97"}, {"title": "(12 Count) 5-hour ENERGY\u00c3\u0083\u00c2\u0082\u00c3\u0082\u00c2\u00ae Shot, Extra Strength, Peach Mango, 1.93 oz", "tags": "5-Hour Energy Shots V8 Monster Drinks Fueling Beverages Sports & Red Bull", "relevancy_score": 44.15916923076923, "price": "$26.48"}, {"title": "5-hour ENERGY Shot, Extra Strength, Strawberry Watermelon, 1.93 oz, 12 count", "tags": "V8 Energy Monster Drinks All Fueling Beverages Sports & Lemonade Red Bull", "relevancy_score": 35.786345945945946, "price": "$27.99"}, {"title": "Schwinn Breeze Child Bicycle Helmet, ages 3 to 7, purple, pink, bicycling", "tags": "All Kids' Bikes Huffy BMX Bike Pads Bells & Horns Bicycles with Training Wheels Kid's Skateboard Helmets", "relevancy_score": 149.0782, "price": "$19.96"}, {"title": "Disney Minnie Mouse Elbow & Knee Pad Set with Bike Bell Value Pack", "tags": "Kids' Bike Helmets & Jaw Pads BIkes for Girls All Disney Toys Trolls Skateboard Accessories PAW Patrol Razor Knee Elbow Frozen Kids Bikes Riding", "relevancy_score": 30.692733333333333, "price": "$6.99"}, {"title": "CORE Refrigerated Plant-Based Energy Bar, Peanut Butter Chocolate", "tags": "Attractants and Scent Eliminators Bike Supplements Mississippi State Bulldogs T-Shirts Swimming Paddles Filtration Bottles & Accessories Texas Tech Red Raiders Bath Kitchen Dice", "relevancy_score": 5.134077419354838, "price": "$17.99"}, {"title": "Radio Flyer, Deluxe Steer & Stroll Trike, Parent Push Handle, Red", "tags": "All Kids' Bikes Balance Schwinn Tricycles Lifetime Basketball Hoops Outdoor Portable Girls Bike Helmets", "relevancy_score": 390.1173, "price": "$69.00"}, {"title": "Zefal Comfort Bike Shorts (Unisex, Black, L-XL, 32-36\")", "tags": "Bike Gloves Water Bottle Cages Jerseys Lights Performance Cycling Clothing Helmets Bags & Carriers Bottles", "relevancy_score": 209.27137297297298, "price": "$19.96"}, {"title": "Orgain Organic Plant Based Protein Bar, Peanut Butter Chocolate Chunk, 10g Protein, 12 Ct", "tags": "Animal Halloween Makeup Face Primer NYX Professional Prime & Set All Eye Shadow Palettes", "relevancy_score": 633.6097413173652, "price": "$13.49"}, {"title": "Kent 20\" Thruster Chaos Boys BMX Bike, Neon Green", "tags": "All Kids' Bikes Huffy Cruiser BMX Mountain Mongoose Bicycles with Training Wheels Kid's", "relevancy_score": 920.1858641509434, "price": "$88.00"}, {"title": "Schwinn Breeze Child Bicycle Helmet, ages 5 - 8, blue / orange", "tags": "Kids' Bikes & Riding Knee Pads for Boys Skateboard Accessories Ryan's World Toys Razor Sport Helmets PAW Patrol Frozen Kids All Costumes Dress-Up", "relevancy_score": 89.01166530612244, "price": "$19.96"}, {"title": "LUNA BAR Snack Bars, Gluten Free, White Chocolate Macadamia Flavor, 15 Ct, 1.69 oz", "tags": "Diet Foods & Drinks Protein Shakes, Bars Energy Indulgent Flavors Fitness Fuel Your Workout On the Go Body Fortress Beach Ready - Active Nutrition", "relevancy_score": 176.19532537313432, "price": "$14.45"}, {"title": "Krash! Skull Maze Blue LED Bike Helmet, Youth 8+ (54-58cm)", "tags": "Kids' Bikes & Riding Knee Pads for Boys All Trolls Toys Skateboard Accessories Razor Sport Helmets PAW Patrol Frozen Kids Costumes Dress-Up", "relevancy_score": 109.55847692307694, "price": "$29.97"}, {"title": "Bell PJ Masks Elbow & Knee Pad Set with Bike Bell Value Pack", "tags": "Kids' Bike Helmets & Jaw Pads All Scooters Bikes for Boys Skateboard Accessories Ryan's World Toys Razor Sport PAW Patrol Knee Elbow", "relevancy_score": 14.488988235294118, "price": "$14.96"}, {"title": "Bell Disney Frozen Bike Bell, Turquoise", "tags": "All Kids' Bikes Bike Baskets Huffy BMX Pads Helmets Bicycles with Training Wheels Kid's", "relevancy_score": 75.66256, "price": "$9.99"}, {"title": "Slime Bicycle SKABS Tube Patches + Levers - 20483", "tags": "Performance Bike Multi Tools Tire Tubes Repair All Components Multi-tools Tool Kits Pumps", "relevancy_score": 126.74297627118644, "price": "$3.96"}, {"title": "LOL Surprise Active Gear Padset", "tags": "All Kids' Bikes Bike Helmets Bells & Horns Bicycles with Training Wheels Roller Skates BMX Inline Skateboard", "relevancy_score": 143.27137297297298, "price": "$9.96"}, {"title": "Bell Marvel Black Panther 3D Hero Multi-Sport Bike Helmet, Child 5+ (50-54cm)", "tags": "Kids' Bikes & Riding Knee Pads for Boys Kids Scooter Skateboard Accessories Razor Sport Helmets Kick Scooters PAW Patrol Toys All Costumes Dress-Up", "relevancy_score": 67.12249090909091, "price": "$24.97"}, {"title": "Schwinn Kids Spree Bicycle Seat", "tags": "Bike Tire Tubes Lights Pedals Small Parts All Components Seatposts Handlebars Tires", "relevancy_score": 94.71166530612246, "price": "$12.96"}, {"title": "Powercrunch Original Protein Bar, 13g Protein, Chocolate Mint, 16.8 Oz, 12 Ct", "tags": "Eat High Protein Diet Shakes, Bars & Energy Drinks Fitness for Active Dads On the Go Fuel Your Body Winter Flavors All Supplements Fall", "relevancy_score": 171.46712727272728, "price": "$24.00"}, {"title": "50STRONG Bottle Cage for Bike, Black", "tags": "Bike Baskets Lights All Exercise and Fitness Accessories Covers Bags & Carriers Locks Water Bottles Pumps", "relevancy_score": 61.00337872340425, "price": "$4.96"}, {"title": "think! High Protein Bars, Brownie Crunch, 2.1 oz Bar, 10 Count", "tags": "On-the-Go Nutrition Protein Shakes, Bars & Energy Drinks Indulgent Flavors Fitness Busy Lifestyle Formats On the Go Quest Assortment Pg Fuel Your Body", "relevancy_score": 343.35743846153844, "price": "$21.58"}, {"title": "CLIF Bar Energy Bars, Apricot, 9g Protein Bar, 12 Ct, 2.4 oz", "tags": "Clif Bar Coffee Collection Energy Boosting Breakfast On-The-Go Bars Granola Weight Management Indulgent Home Workout Snacks and Beverages Non GMO Food", "relevancy_score": 149.3452387096774, "price": "$11.28"}, {"title": "Marvel Avengers 16\" Boys' EZ Build Bike, by Huffy", "tags": "Kids' Bike Helmets & Jaw Pads Tricycles BIkes for Girls All Disney Toys 6V Powered Ride Ons PAW Patrol Frozen Kids Bikes Riding Costumes Dress-Up", "relevancy_score": 373.658864, "price": "$84.00"}, {"title": "Bell Manifold Adult Multisport Bike Helmet, Black", "tags": "Bike Water Bottle Cages Realtree Bikes & Accessories Men's Hunting Tops Lights Pads Locks Pumps Skateboard Helmets", "relevancy_score": 78.95864999999999, "price": "$24.97"}, {"title": "Radio Flyer, Scoot About, Ride-on for Kids, Steel, Red", "tags": "All Kids' Bikes Balance Schwinn Tricycles Boys Girls Bicycles with Training Wheels Adult BMX", "relevancy_score": 520.2657428571429, "price": "$39.93"}, {"title": "Baby Shark Trike for kids by Dynacraft", "tags": "All Kids' Bikes Balance Tricycles Girls Bicycles with Training Wheels Adult BMX Huffy Kid's", "relevancy_score": 40.559169230769236, "price": "$44.00"}, {"title": "Ktaxon Comfort Wide Big Bum Bike Bicycle Gel Cruiser Extra Sporty Soft Pad Saddle Seat", "tags": "Bike Water Bottle Cages Child Seats Lights Bags & Carriers Forks Locks All Components Seatposts", "relevancy_score": 118.06882105263158, "price": "$19.98"}, {"title": "Topumt Unisex Windproof Bicycle Helmet Adult Mountain Bike Cycle Safety Cap", "tags": "Bike Water Bottle Cages Lights Pads Locks Bottles Tool Kits Pumps Skateboard Helmets", "relevancy_score": 40.075031578947375, "price": "$19.99"}, {"title": "Schwinn Shine Girl's Sidewalk Bike, 18-inch mag wheels, ages 5 \u2013 7, Purple", "tags": "Schwinn Cruiser Bikes Huffy BMX Hybrid Bike Helmets Bicycles with Training Wheels Kids' Kid's", "relevancy_score": 238.40105217391303, "price": "$109.00"}, {"title": "ZonePerfect Macros Protein bars, Birthday Cake, 5 count", "tags": "Attractants and Scent Eliminators Bike Supplements Mississippi State Bulldogs T-Shirts Swimming Paddles Filtration Bottles & Accessories Texas Tech Red Raiders Bath Kitchen Dice", "relevancy_score": 2632.070569895678, "price": "$19.49"}, {"title": "Kiddieland Disney Mickey Mouse Clubhouse Deluxe Push N' Ride Trike", "tags": "All Kids' Bikes Balance Tricycles Girls Bicycles with Training Wheels BMX Huffy Kid's Folding Wagons", "relevancy_score": 63.65658604651163, "price": "$79.97"}, {"title": "WD-40 BIKE Cleaner & Degreaser, 10 Oz", "tags": "Performance Bike Cleaners & Degreasers Repair Tools GPS Trackers Lubricants Greases Bags Carriers Multi-tools Lubes Grease", "relevancy_score": 280.05536629213486, "price": "$6.96"}, {"title": "New Fashion Motorcycle Half-Finger Gloves, M-XL", "tags": "ATV Gloves Kids' Motorcycle Mens' Troy Lee Designs Milwaukee Leather Dirt Bike & Motocross Parts Cruiser Fulmer", "relevancy_score": 242.3169925925926, "price": "$6.99"}, {"title": "Razor Multi-Sport Youth Helmet, Cherry Red", "tags": "Realtree Bikes & Bike Accessories Tire Tubes Baskets Men's Hunting Tops Pads All Components Skateboard Helmets", "relevancy_score": 79.8457043478261, "price": "$19.96"}, {"title": "Disney Minnie Mouse Deluxe Trike Ride-On with Lights and Sounds", "tags": "All Kids' Bikes Balance Tricycles Girls Huffy BMX Bicycles with Training Wheels Kid's", "relevancy_score": 44.15916923076923, "price": "$79.97"}, {"title": "Bell Sports Binder 450 Replacement Bicycle V-Brake Pads, Black", "tags": "Mountain Bikes Bike Shifters Pedals All Components Handlebars Performance Brakes & Chains Shimano", "relevancy_score": 96.21145882352941, "price": "$7.47"}, {"title": "Schwinn Classic Child Bike Helmet, ages 5 to 8, red / multicolor", "tags": "Kids' Bikes & Riding Knee Pads for Boys Skateboard Accessories Ryan's World Toys Razor Sport Helmets PAW Patrol Frozen Kids All Costumes Dress-Up", "relevancy_score": 168.79532537313432, "price": "$19.96"}, {"title": "Ozark Trail 6' Security Cable Lock", "tags": "Camillus Energizer Wenzel Coleman Igloo Intex Best Choice Products Tasco", "relevancy_score": 26.49273333333333, "price": "$2.99"}, {"title": "GEARONIC TM Cycling half Finger Mountain Bicycle Men Women Gel Pad Anti-slip Breathable Outdoor Sports Shock-absorbing Riding Biking Cycle Gloves - Gray XL", "tags": "Weight Training Accessories Bike Shorts Jerseys Performance Cycling Clothing Helmets Lifting Gloves Muscle Rollers Belts", "relevancy_score": 59.75658604651163, "price": "$7.95"}, {"title": "CLIF Builders Protein Bars, Gluten Free, 20g Protein, Vanilla Almond Flavor, 12 Ct, 2.4 oz", "tags": "Eat High Protein Diet Shakes, Bars & Energy Drinks Indulgent Flavors Fitness Fuel Your Workout On the Go Body Add to Build Muscle Beach Ready - Active Nutrition", "relevancy_score": 667.0931446808511, "price": "$18.49"}, {"title": "Bell Disney Frozen 2 3D Snowflakes Multisport Helmet, Child 5+ (50-52 cm)", "tags": "Kids' Bikes & Riding Knee Pads BIkes for Girls All Disney Toys Trolls Razor Sport Helmets PAW Patrol Huffy Ride Ons Frozen Kids", "relevancy_score": 430.942643902439, "price": "$24.97"}, {"title": "Universal Water Resistant Bicycle Cycle Bike Cover Outdoor Rain Dust Protector", "tags": "Kids' Tricycles Bike Storage Racks Repair Stands Lights Bags & Carriers Locks Bells Horns Water Bottles", "relevancy_score": 47.0782, "price": "$7.94"}, {"title": "Allen Sports Easy Load Deluxe 2-Bike Hitch Rack for 1 1/4\" and 2\" Hitch, XR200", "tags": "Electric Bikes Bike Fenders Baskets Golf Club Covers Accessories Driver Headcovers Car Racks", "relevancy_score": 23.886345945945944, "price": "$99.97"}, {"title": "Radio Flyer, All-Terrain 4-in-1 Stroll 'n Trike, Air Tires, Red", "tags": "Kids' Tricycles Beverage Coolers Chest Igloo Coleman Marine Adult New England Patriots Outdoor", "relevancy_score": 314.58006037735845, "price": "$99.00"}, {"title": "Wideskall\u00ae Dual Silicone Bike Bicycle LED Front Headlight & Rear Taillight Flashlight Set", "tags": "Bike Water Bottle Cages Baskets Bags & Carriers Locks Bells Horns Bottles Mirrors Pumps", "relevancy_score": 152.73806153846155, "price": "$7.37"}, {"title": "Ultima Replenisher Electrolyte Hydration Mix, Raspberry, 30 Serving Canister - Sugar-Free, 0 Calories, 0 Carbs - Gluten-Free, Keto, Non-GMO, Vegan -Magnesium, Potassium, Calcium, Sodium", "tags": "Inversion Tables Bike Supplements Massage Table Warmers Hiking Hydration Backpacks Stainless Steel Water Bottles Heat & Therapy Takeya Drinkware", "relevancy_score": 152.54523870967742, "price": "$17.94"}, {"title": "Goodyear 16\" x 1.75-2.125 Heavy Duty Bike Tube", "tags": "Bike Tire and Wheel Tools Mountain Bikes Wheels All Components Handlebars Tires Pumps", "relevancy_score": 74.88546666666667, "price": "$6.96"}, {"title": "Avid BB5 MTB Cable Disc Brake Black, CPS, Rotor/Bracket Sold Separately", "tags": "Electric Bikes Mountain Bike Shifters Derailleurs All Components Handlebars Performance Brakes & Shimano", "relevancy_score": 0.0, "price": "$32.95"}, {"title": "Bike Rack Wall Hooks, Wall Mount Flip-Up Bike Storage by Stalwart, Bicycle Holder - Bike Accessories for Garage or House", "tags": "All Kids' Bikes Balance Bike Water Bottle Cages Fenders Repair Stands Covers Tent Guylines Bags & Carriers", "relevancy_score": 30.886345945945944, "price": "$14.13"}, {"title": "Bell Memory Foam Bicycle Seat Pad", "tags": "Bike Water Bottle Cages Lights Covers Bags & Carriers Locks Bottles All Components Pumps", "relevancy_score": 25.986345945945946, "price": "$6.99"}, {"title": "LOL Surprise Signature Series Protective Knee Pads & Elbow Pads for Kids Bike with Bonus Bell, for Ages 5 to 8", "tags": "Volleyball Knee Pads All Kids' Bikes Balance Bike Gloves Helmets Bells & Horns Sports Braces Skateboard", "relevancy_score": 214.11571578947368, "price": "$14.96"}, {"title": "Hyper 12\" Speedbike Boys Bike", "tags": "Kids' Balance Bikes Tricycles Huffy BMX Bike Helmets Bicycles with Training Wheels Cruiser Kid's", "relevancy_score": 162.24926956521736, "price": "$98.00"}, {"title": "Bell Paw Patrol 3D Skye Hero Bike Helmet, Toddler 3+ (48-52cm)", "tags": "Kids' Bikes & Riding Knee Pads BIkes for Girls Boys All Trolls Toys Skateboard Accessories Razor Sport Helmets PAW Patrol Frozen Kids", "relevancy_score": 112.20372075471697, "price": "$24.97"}, {"title": "Slime Bike Tire Flat Protector Tube Liner - 20274", "tags": "Bike Tire Tubes Wheels Tools All Components Multi-tools Tires Tool Kits Pumps", "relevancy_score": 76.30337872340426, "price": "$11.90"}, {"title": "TSV Bike Stem Riser, MTB Handlebar Riser Stem Extender, Bicycle Fork Stem Extender, High Strength Aluminum Alloy, Adjustable Head Up Adapter Easy Installation, for Mountain Bike, Road Bike, MTB", "tags": "Bike Cranksets Balance Trainers Shifters Tools All Components Seatposts Training Wheels Handlebars", "relevancy_score": 1.1340774193548389, "price": "$11.97"}, {"title": "20000LM Bike Front Lights Set Bicycle Headlights w/120dB Loud Horn IPX5 Water-Resistant 4000mAh USB Rechargeable for Night Riding", "tags": "Headlamps Bike Water Bottle Cages GPS Trackers Bags & Carriers Locks Bottles Mirrors Pumps", "relevancy_score": 5.134077419354838, "price": "$23.99"}, {"title": "Raskullz Bamboo Plush Pink Helmet, Toddler 3+ (48-52cm)", "tags": "All Kids' Bikes Huffy BMX Bike Pads Bells & Horns Bicycles with Training Wheels Kid's Skateboard Helmets", "relevancy_score": 31.58634594594595, "price": "$19.96"}, {"title": "(Buy 2 and Save 20%) G Fuel Elite Energy and Endurance Powder Tub, Snow Cone, 40 Servings", "tags": "Protein Shakes, Bars & Energy Drinks Muscle Building Supplements Amino Acids Fuel Your Workout Celsius Powder G Powders Pre", "relevancy_score": 257.9394454545455, "price": "$29.99"}, {"title": "Hyper E-Ride Electric Bike, 26\" Womens Cruiser, 36 Volt Battery", "tags": "Huffy Cruiser Bikes Folding Electric and Hybrid Mountain Commuter", "relevancy_score": 29.49273333333333, "price": "$598.00"}, {"title": "Gatorade Whey Protein Recover Bar, Mint Chocolate Crunch, 20g Protein, 12 Ct", "tags": "Protein Shakes, Bars & Energy Drinks Mainstream Products for Fitness Gatorade Indulgent Flavors Fuel Your Workout On the Go Met-Rx Body", "relevancy_score": 55.18754285714286, "price": "$18.00"}, {"title": "Xspec 7 Speed Folding Compact Mountain Bike, Black, 26\"", "tags": "All Kids' Bikes Electric Mountain Commuter and Folding Hybrid", "relevancy_score": 62.88546666666666, "price": "$299.99"}, {"title": "Zefal Ultimate Seat Bike Bag (Universal Mounting, No Tools Necessary, Supersized Storage)", "tags": "Bike Water Bottle Cages Baskets Lights Covers Helmets Locks Bottles Pumps", "relevancy_score": 96.10372075471697, "price": "$14.96"}, {"title": "Bell Disney Princess Pink Lanterns Bike Helmet, Toddler 3+ (48-52 cm)", "tags": "Kids' Bikes & Riding Knee Pads BIkes for Girls All Disney Toys Trolls Razor Sport Helmets Kick Scooters PAW Patrol Frozen Kids", "relevancy_score": 288.84385263157895, "price": "$19.96"}, {"title": "Bell Shadow Bike Helmet, Blue, Toddler 3+ (48cm-52cm)", "tags": "Kids' Bikes & Riding Knee Pads Tricycles Radio Flyer Ride Ons for Boys Skateboard Accessories Razor Sport Helmets PAW Patrol Toys", "relevancy_score": 250.55536629213483, "price": "$17.08"}, {"title": "Led Bicycle Bike Wheel Light Auto Open & Close Wheel Spoke Light String", "tags": "Bike Water Bottle Cages Baskets GPS Trackers Bags & Carriers Locks Bottles Mirrors Pumps", "relevancy_score": 10.488988235294118, "price": "$9.90"}, {"title": "Pure Protein Bars, Red Velvet Cake, 21g Protein, 1.76 Oz, 6Ct", "tags": "On-the-Go Nutrition Diet Foods & Drinks Protein Shakes, Bars Energy Indulgent Flavors Fitness On the Go Fuel Your Body Back to School Health Essentials Pure", "relevancy_score": 150.37508571428572, "price": "$14.37"}, {"title": "Bike Shop 25 Piece Quick Fix Bicycle Inner Tube Repair Kit", "tags": "Bike Tire Tubes Performance Repair Tools Covers All Components Multi-tools Tool Kits Pumps", "relevancy_score": 25.67503157894737, "price": "$6.96"}, {"title": "Schwinn Prospect Youth Helmet, ages 8+, multi color / hurricane design", "tags": "Kids' Bikes & Riding Knee Pads BIkes for Girls All Trolls Toys Skateboard Accessories Razor Sport Helmets PAW Patrol Elbow Frozen Kids", "relevancy_score": 44.15916923076923, "price": "$24.97"}, {"title": "Kryptonite Lockdown 5mm Chain Combo Bicycle Lock - Blue", "tags": "Bike Water Bottle Cages Lights Igloo Coolers Helmets Bags & Carriers Bottles Rolling Pumps", "relevancy_score": 150.6771619047619, "price": "$14.96"}, {"title": "Yvolution My Buddy Wheels Dino Unicorn Horse Balance Bike with Plush Toy | Training Bicycle for Toddlers Age 2 Years +", "tags": "All Kids' Bikes Balance Tricycles Huffy BMX Bicycles with Training Wheels Cruiser Kid's", "relevancy_score": 9.259775, "price": "$54.97"}, {"title": "Zefal Gel Comfort Bike Gloves (L-XL)", "tags": "Bike Water Bottle Cages Saddles Lights Helmets Bags & Carriers Locks Weight Lifting Gloves Bottles", "relevancy_score": 120.7688210526316, "price": "$14.96"}, {"title": "Bike Tire Lights Waterproof Bike Wheel Lights LED Bicycle Spoke Light Colorful with Switch and Different Patterns, White and Black", "tags": "Bike Water Bottle Cages Covers Locks Bells & Horns Bottles Mirrors Tool Kits Pumps", "relevancy_score": 0.0, "price": "$7.99"}, {"title": "Kryptonite Lockdown Padlock & 12mm Cable Bicycle Lock", "tags": "Bike Water Bottle Cages Deer Stands Lights Helmets Bags & Carriers Bottles Tool Kits Pumps", "relevancy_score": 161.3953253731343, "price": "$17.96"}, {"title": "Lumintrail Shock-Absorbing Riding Full Finger Cycling Gloves Breathable Sport for Men and Women", "tags": "Weight Training Accessories Golf Gloves Bike Shorts Jerseys Pads Performance Cycling Clothing Lifting Fishing", "relevancy_score": 87.11166530612245, "price": "$14.99"}, {"title": "Lumintrail Lightweight Aluminum Alloy Bicycle Bike Water Bottle Cage Holder - 4 Color Available", "tags": "Bike Baskets Lights Covers Bags & Carriers Locks Water Bottles Mirrors Pumps", "relevancy_score": 45.059169230769236, "price": "$6.99"}, {"title": "TureClos Men's Women's Helmet Mountain Bike Helmet Comfort Safety Cycle Bicycle Helmet", "tags": "Bike Water Bottle Cages Hats Lights Locks Bottles Tool Kits Pumps Skateboard Helmets", "relevancy_score": 38.75916923076924, "price": "$14.98"}, {"title": "Raskullz Hard Hat Helmet, Toddler 3+ (48-52cm)", "tags": "Kids' Bikes & Riding Knee Pads All Trolls Toys Skateboard Accessories Ryan's World Razor Sport Helmets PAW Patrol Frozen Kids Costumes Dress-Up", "relevancy_score": 15.377854545454545, "price": "$19.99"}, {"title": "Pyramid Bicycle Rear Safety Mirror Chrome & Red Reflector w/ Handlebar Mount", "tags": "Bike Water Bottle Cages Baskets Lights GPS Trackers Bags & Carriers Locks Bells Horns Bottles", "relevancy_score": 187.27137297297298, "price": "$7.95"}, {"title": "Detour SMART Bar, Blueberry, 10g Protein, 9 Ct", "tags": "Orgain Bars Protein Shakes, & Energy Drinks On the Go Fuel Your Body Plant Natural Alternatives Fitness for Active Moms", "relevancy_score": 14.477854545454546, "price": "$13.89"}, {"title": "EEEKit 2-pack 360\u00b0 Rotatable Flexible Handlebar Rearview Mirror for Bike MTB Bicycle Cycling Mirror Accessories(1Pair)", "tags": "Bike Water Bottle Cages Baskets Lights GPS Trackers Covers Bags & Carriers Bells Horns Bottles", "relevancy_score": 16.892733333333336, "price": "$8.97"}, {"title": "Slime Hand Floor Pump - 2060-A Great for Bike Tires, Inflatables and so much more. A must-have product for every garage!", "tags": "Soccer Accessories Air Mattress Basketball Bike Water Bottle Cages Tire and Wheel Tools Lights Locks Bottles", "relevancy_score": 36.059169230769236, "price": "$9.97"}, {"title": "Realtree Multi-Sport Child's Helmet, Ages 5 & up, Black", "tags": "All Kids' Bikes Balance Bike Tire Tubes Baskets Pads Components BMX Skateboard Helmets", "relevancy_score": 32.87503157894737, "price": "$19.96"}, {"title": "Bell Richter Subterfuge Boys Bike Helmet, Youth 8+ (54-58cm)", "tags": "All Kids' Bikes Realtree & Bike Accessories Men's Hunting Tops Pads Mountain BMX Skateboard Helmets", "relevancy_score": 40.075031578947375, "price": "$26.31"}, {"title": "Dynacraft 20\" Girls Outcast Bike", "tags": "All Kids' Bikes Huffy BMX Bike Helmets Women's Mountain Bicycles with Training Wheels Cruiser Kid's", "relevancy_score": 142.66712727272727, "price": "$98.00"}, {"title": "UBesGoo 10\" Manual Air Pump with Needle, for Bicycle Basketball Football Soccer Ball", "tags": "Soccer Accessories Track & Field Equipment Air Mattress Basketball Balls Training Pumps", "relevancy_score": 31.275031578947367, "price": "$7.99"}, {"title": "Ryans World Red Titan Bike Helmet, Triple Horn (Ages 5+)", "tags": "Kids' Bikes & Riding Knee Pads for Boys Kid Influencer Toys Ryan's World Razor Sport Helmets PAW Patrol", "relevancy_score": 178.7001746478873, "price": "$19.96"}, {"title": "Adjustable Bike Repair Stand Bicycle Workstand with Multiple Quick Release Telescopic Arm for Home Bicycle", "tags": "", "relevancy_score": 5.134077419354838, "price": "$49.99"}, {"title": "Sport Workout Mask for Training Running Biking Fitness Cardio Endurance Exercise", "tags": "", "relevancy_score": 15.486345945945947, "price": "$11.99"}, {"title": "Retrospec Lenox Hitch Mount Bike Rack; 4 Bicycle Carrier", "tags": "Truck Shop Deals Page Roof Racks Tyger Auto Brand RV Replacement Parts Ball Mounts Swagman SportRack", "relevancy_score": 43.18754285714286, "price": "$79.99"}, {"title": "ChafeZone 1.5 oz, Anti Chafe Cream, Unisex, Athletics", "tags": "Kids' Balance Bikes Camping Blankets Boys Performance Bike Cleaners & Degreasers Girls Lubricants Greases Lubes Grease Surfboards", "relevancy_score": 47.987542857142856, "price": "$9.96"}, {"title": "Bell Dashboard 300 Wireless Cycle Computer", "tags": "Bike Water Bottle Cages Speedometers Lights Covers Bags & Carriers Bells Horns Bottles Pumps", "relevancy_score": 51.011665306122445, "price": "$14.96"}, {"title": "WORKSMAN 6911v Bicycle Seat 13 In. Extra Wide", "tags": "Bike Water Bottle Cages Child Seats Bags & Carriers Forks All Components Adult Tricycles Seatposts Mirrors", "relevancy_score": 391.8330486486487, "price": "$39.80"}, {"title": "think! High Protein Bars, Berries & Cr\u00e8me, 2.1 oz Bar, 10 Count", "tags": "On-the-Go Nutrition Protein Shakes, Bars & Energy Drinks ZonePerfect Busy Lifestyle Formats On the Go Fuel Your Body Plant", "relevancy_score": 20.48898823529412, "price": "$13.84"}, {"title": "New Bike Bicycle Cycle Extra Comfort Gel Pad Cushion Cover for Saddle Seat Comfy", "tags": "Bike Water Bottle Cages Child Seats Lights Bags & Carriers Forks Locks All Components Handlebars", "relevancy_score": 9.259775, "price": "$8.99"}, {"title": "NOGIS 2 Pack Bike Bell, Bicycle Bell with Nice Loud Tone Road Bike Mountain Bike Horn Cycling Accessories for Kids Adults", "tags": "Folding Bikes Bike Water Bottle Cages Electric Saddles Lights Helmets All Components Mirrors", "relevancy_score": 9.377854545454545, "price": "$6.89"}, {"title": "Adams AD969 Optimum Pigment Dyed-Cap", "tags": "Bags & Backpacks Hats Caps Gifts $15 Under Mens Savings Accessories Womens Girls", "relevancy_score": 50.0391, "price": "$10.27"}, {"title": "G Fuel Elite Energy and Endurance Powder Tub, Blue Ice, 40 Servings", "tags": "Muscle Building Supplements Amino Acids Rehydration and Electrolyte Fuel Your Workout Performance Formulas G Powders Pre", "relevancy_score": 257.9394454545455, "price": "$29.99"}, {"title": "Shift 26 Lumen Light Set by Schwinn, bicycle headlight and taillight, steady and flashing modes", "tags": "Joovy Hot Wheels Kid's Bikes Hover 1 LOL Surprise Outdoors Marcy All Huffy Disney", "relevancy_score": 0.0, "price": "$14.96"}, {"title": "Wonder Wheels 20\" BMX S-Type Frame Boy's Bicycle Coaster Brake One Piece Crank Chrome Rims Black Tire Kid's Bike - Black", "tags": "All Kids' Bikes Huffy BMX Mountain Bicycles with Training Wheels Cruiser Kid's", "relevancy_score": 10.259775, "price": "$79.99"}, {"title": "Spade by Pro-Tec Lightweight Certified Multi-Sport Helmet", "tags": "Skis, Snowboards & Accessories All Kids' Bikes Realtree Bike Men's Hunting Tops Pads BMX Skateboard Helmets", "relevancy_score": 19.68898823529412, "price": "$24.97"}, {"title": "Purple Bike Bell - I Love My Bike Bell - Loud Aluminum Bike Horn Ring Mini Bike Accessories for Adults Men Women Kids Girls Boys Bikes", "tags": "Bike Water Bottle Cages Baskets Lights Helmets Bags & Carriers Bottles All Components Handlebars", "relevancy_score": 12.488988235294118, "price": "$8.86"}, {"title": "Soozier Adjustable Indoor Fitness Cycling Parabolic Roller Bike Trainer - Black", "tags": "Exercise Bikes Weight Training Accessories Machine Fish Fillet Knives Pull-Up Bars Indoor Cycling Garmin Calisthenics", "relevancy_score": 28.892733333333336, "price": "$62.99"}, {"title": "LUNA BAR Snack Bars, Gluten Free, Sea Salt Caramel Flavor, 15 Ct, 1.69 oz", "tags": "Fruity Breakfast Energy Boosting Granola Bars Indulgent CLIF Bar and Protein Non GMO Food Gluten Free", "relevancy_score": 166.73806153846155, "price": "$14.45"}, {"title": "Vee Tire Fat Tire Light 20x4.0 Inner Tube Fat Bike 40mm Schrader Valve 20x4 Tube", "tags": "Bike Tire and Wheel Tools Mountain Bikes Wheels All Components Handlebars Tires Pumps", "relevancy_score": 0.0, "price": "$17.88"}, {"title": "Schwinn Stretch to Attach Bicycle Bell, kids or adults, commuting", "tags": "Joovy Hot Wheels Kid's Bikes LOL Surprise Outdoors Unique Bargains All Huffy Disney Gold's Gym", "relevancy_score": 203.47802025316454, "price": "$4.96"}, {"title": "LOOCHO Mountain Bike 21 Speed 26 inch Shining SYS Double Disc Brake Suspension Fork Rear Suspension Anti-Slip Bikes", "tags": "Huffy Mountain Bikes Commuter Schwinn Hybrid Women's Electric Cruiser Mongoose", "relevancy_score": 0.0, "price": "$237.99"}, {"title": "Zefal Deluxe Aluminum Bike Light Set (Multiple Modes, Adjustable)", "tags": "Bike Water Bottle Cages Hiking Hydration Backpacks Covers Helmets Bags & Carriers Locks Bottles Pumps", "relevancy_score": 85.66256, "price": "$24.97"}, {"title": "Vega Protein Snack Bar Chocolate Peanut Butter - Gluten Free - Chocolate Peanut Butter / 12 ea", "tags": "Plant Protein Blend Natural Products for Fitness Vega Bars Organic Powder", "relevancy_score": 567.32512, "price": "$21.49"}, {"title": "Tile Sticker (2020) Bluetooth Item Tracker - 1 Pack - Black - Laptop / TV Remote / Skateboard / Bicycle Finder - Anything Locator - Non-Retail Packaging", "tags": "Compasses Bike Water Bottle Cages Speedometers Lights Odometers Covers Bags & Carriers Garmin Cycling", "relevancy_score": 25.892733333333336, "price": "$19.99"}, {"title": "Detour SMART Bar, Apple Cinnamon, 10g Protein, 9 Ct", "tags": "Orgain Bars Protein Shakes, & Energy Drinks Indulgent Flavors Fitness On the Go Fuel Your Body Plant for Active Moms", "relevancy_score": 20.48898823529412, "price": "$13.49"}, {"title": "Fit Crunch Bars Fit Crunch Bar Chocolate Chip Cookie Dough - Gluten Free", "tags": "Cereal Bars & Breakfast Shop Nature Valley On-The-Go KIND New Year You Foods Home Workout Snacks and Beverages Granola Snack", "relevancy_score": 32.87503157894737, "price": "$19.99"}, {"title": "DripDrop ORS Electrolyte Powder, Orange, 10g, 8ct", "tags": "", "relevancy_score": 15.377854545454545, "price": "$9.08"}, {"title": "Xspec 20\" 7 Speed City Folding Compact Bike Bicycle Urban Commuter Shimano, White", "tags": "Electric Bikes Mountain Commuter and Folding Cruiser Fat Tire Mongoose Hybrid Unicycles", "relevancy_score": 104.0782, "price": "$249.99"}, {"title": "Onguard Bike Lock 12mm Combo Cable Bike Lock (Resettable, 6ft. x 0.47in.)", "tags": "Bike Water Bottle Cages Lights Hiking Hydration Backpacks Helmets Bags & Carriers Bottles All Components Pumps", "relevancy_score": 81.40337872340426, "price": "$12.96"}, {"title": "10\" Genesis Transit MINI BMX Bike, Red", "tags": "All Kids' Bikes Skate Ramps Huffy BMX Mongoose Bicycles with Training Wheels Kid's", "relevancy_score": 113.71226885245903, "price": "$99.00"}, {"title": "MINI-FACTORY Bike Bell for Kid Girls, Cute Pink Girly Unicorn Children's Bike Accessory Safe Cycling Ring Horn for Bicycle Handlebar", "tags": "Unicorn Comforters Bedding Sets All Toys Pool Floats Kids Clothing Wall Decor Dolls", "relevancy_score": 31.58634594594595, "price": "$8.95"}, {"title": "MTB Cycle Soft Bike Handlebar Grips Hand Grip Road Mountain Bicycle Scooter", "tags": "", "relevancy_score": 0.0, "price": "$7.39"}, {"title": "WD-40 Specialist White Lithium Grease 10oz", "tags": "Brake & Engine Cleaners Greases Maintenance Chemicals Super Tech Motor Oil and Lubricants Fuel Transfer Pumps Gear De-Greasers", "relevancy_score": 195.23702337662337, "price": "$16.37"}, {"title": "Bell Flat Defense Road Bike Tire, 26\" x 1-3/8\", Black", "tags": "Bike Tire and Wheel Tools Tubes Mountain Bikes Wheels Brakes Mongoose Handlebars Tires", "relevancy_score": 92.01145882352941, "price": "$24.97"}, {"title": "FITCRUNCH Protein Bars | World?s Only 6-Layer Baked Bar | Chocolate Chip Cookie Dough", "tags": "Protein Shakes, Bars & Energy Drinks Indulgent Flavors Fitness On the Go Met-Rx Fuel Your Body MusclePharm Beach Ready - Active Nutrition United States", "relevancy_score": 25.59377142857143, "price": "$28.99"}, {"title": "Bell U-Lock Bicycle Lock", "tags": "Bike Water Bottle Cages Saddles Lights Helmets Bags & Carriers Bottles All Components Pumps", "relevancy_score": 162.37508571428572, "price": "$14.96"}, {"title": "Huffy Electronic Bike Bell, Black", "tags": "Bike Water Bottle Cages Baskets Lights GPS Trackers Covers Bags & Carriers Locks Mirrors", "relevancy_score": 160.66712727272727, "price": "$9.96"}, {"title": "Bell Key Cable Bike Lock with Light Up Key", "tags": "Bike Water Bottle Cages Lights Helmets Bags & Carriers Game Camera Accessories Bottles Tool Kits Pumps", "relevancy_score": 4.134077419354838, "price": "$14.96"}, {"title": "Fisher Price lightweight Balance Bike, for Ages 2+", "tags": "All Kids' Bikes Balance Tricycles Bike Pads Helmets Bicycles with Training Wheels BMX Boards", "relevancy_score": 147.81226885245903, "price": "$29.92"}, {"title": "Wireless Waterproof Digital LCD Cycle Bicycle Bike Computer Odometer Speedometer Cycling", "tags": "", "relevancy_score": 2.134077419354839, "price": "$15.97"}, {"title": "Bell Air Guard Hybrid Reflective Bike Tire, 700c x 32-45, Black", "tags": "Bike Tire and Wheel Tools Tubes Wheels Stadium Chairs All Components Trainers Garmin Cycling Handlebars", "relevancy_score": 18.48898823529412, "price": "$24.97"}, {"title": "Allen Sports 1-Child Bicycle Trailer and Stroller, model AS1", "tags": "Huffy Cruiser Bikes Electric Bike Saddles Baskets Trailers Bags & Carriers All Components", "relevancy_score": 14.477854545454546, "price": "$139.00"}, {"title": "Women Bike Underwear 3D Gel Padded Bicycle Briefs MTB Cycling Biking Underwear Shorts", "tags": "Panties Mens Savings Activewear Womens Plus Briefs Leggings, Pants & Capris", "relevancy_score": 3.3778545454545457, "price": "$13.96"}, {"title": "Mongoose Capture Adult Bicycle Helmet with camera mount, ages 14+, black", "tags": "Bike Gloves Water Bottle Cages Lights Bags & Carriers Locks Bottles Pumps Skateboard Helmets", "relevancy_score": 128.86882105263157, "price": "$29.97"}, {"title": "Chamois Butt'r Original Anti-Chafe Cream, 8 ounce tube", "tags": "Kids' Balance Bikes Camping Blankets Boys Performance Bike Cleaners & Degreasers Girls Lubricants Greases Lubes Grease Surfboards", "relevancy_score": 48.0391, "price": "$17.99"}, {"title": "WALFRONT Road Mount Bike Seat Bike Saddle - Oversized Comfort Bike Seat for Men and Women - Universal Replacement Bicycle Saddle - Double Steel Spring Thickened Wide Bum Shock Absorber", "tags": "Bike Water Bottle Cages Child Seats Lights Bags & Carriers Forks Locks All Components Handlebars", "relevancy_score": 57.587542857142864, "price": "$24.98"}, {"title": "TheMogan Junior's Everyday Seamless Bike Shorts Intimately Under Short Leggings", "tags": "Basketball Clothes Bike Shoes Jerseys Cycling Tights Bikram Yoga Activewear Performance Clothing Washington Huskies Pajamas, Sweatpants & Loungewear", "relevancy_score": 53.885466666666666, "price": "$7.99"}, {"title": "Oatmega White Chocolate Lemon Protein Bar, 12 Ct, 1.76oz each, 14g Protein, Grass-Fed Whey, Omega 3", "tags": "On the Go Snacks Shop Nature Valley Great Value Snack Bars Granola & Non GMO Food New Year You", "relevancy_score": 111.88927272727274, "price": "$11.20"}, {"title": "Bell PJ Masks Bike Safety Horn Blue", "tags": "Thomas & Friends Shop All all PJ Masks Home Bedding Doc McStuffins Power Rangers Puppy Dog Pals Decor", "relevancy_score": 5.134077419354838, "price": "$6.19"}, {"title": "14\" Thomas Boys' Bike by Dynacraft", "tags": "All Kids' Bikes Tricycles Decathlon Kids Huffy BMX Bike Helmets Bicycles with Training Wheels Cruiser Kid's", "relevancy_score": 159.73806153846155, "price": "$121.74"}, {"title": "Foldable Bicycle Bike Handlebar Basket Front Rear Metal Wire Storage Carrier Height Adjustable,Black", "tags": "Huffy Cruiser Bikes Bike Water Bottle Cages Fenders Lights Covers Bags & Carriers Bells Horns", "relevancy_score": 5.134077419354838, "price": "$20.99"}, {"title": "Calico Critters Apple and Jake's Ride 'n Play", "tags": "All Kids' Bikes Balance Schwinn Tricycles Boys Girls Bicycles with Training Wheels Adult BMX", "relevancy_score": 24.59377142857143, "price": "$19.99"}, {"title": "Ecotric 26\" 36V 500W Fat Tire Electric Bicycle 26X4\" Removable Battery 7-Speed", "tags": "BIkes for Girls Adult Electric Scooters Jetson Ride Ons Kid's Hoverboard Scooter All Hoverboards Boys", "relevancy_score": 114.50372075471698, "price": "$889.98"}, {"title": "Dimensions Kids Bike Helmet with Bluetooth Speakers, Great Fun for Ages 8 to 14", "tags": "All Kids' Bikes Balance Realtree & Bike Accessories Men's Hunting Tops Decathlon Helmets Pads Skateboard", "relevancy_score": 153.97716190476189, "price": "$24.97"}, {"title": "Bicycle Cover Outdoor Waterproof Anti-Dust Bicycle Wheel Cover Foldable Bike Storage Bag with Anti-Theft Lock Holes Bike Cover for Mountain & Road Bike", "tags": "Kids' Tricycles Bike Water Bottle Cages Storage Racks Repair Stands Lights Bags & Carriers Locks All Components", "relevancy_score": 26.49273333333333, "price": "$16.35"}, {"title": "NextGen 10\" Kids Bike, Blue", "tags": "All Kids' Bikes Balance Atlanta Braves Pajamas, Sweatpants & Loungewear Huffy BMX Bicycles with Training Wheels Cruiser Kid's", "relevancy_score": 0.0, "price": "$69.00"}, {"title": "Bell Tote 400 Wicker Bike Basket", "tags": "Huffy Cruiser Bikes Bike Water Bottle Cages Baskets Commuter Helmets Locks Bells & Horns", "relevancy_score": 214.65408674698796, "price": "$24.97"}, {"title": "Goplus 12'' Balance Bike Classic Kids No-Pedal Learn To Ride Pre Bike w/ Adjustable Seat", "tags": "All Kids' Bikes Balance Huffy BMX Bicycles with Training Wheels Kid's Bike Handlebars Boards", "relevancy_score": 267.2719714285715, "price": "$49.99"}, {"title": "think! High Protein Bars, Lemon Delight, 2.1 oz Bar, 10 Count", "tags": "Protein Shakes, Bars & Energy Drinks Indulgent Flavors Fitness Busy Lifestyle Formats On the Go Quest Assortment Pg Fuel Your Body Plant", "relevancy_score": 96.21145882352941, "price": "$25.88"}]