[{"title": "Brita Standard Water Filter Replacement, 4 Count", "tags": "All Water Filter Pitchers Brita Filters Next Day Air Purifiers Allergen Replacement", "relevancy_score": 9639.259663461538, "price": "$19.82"}, {"title": "Brita Standard Water Filter Replacements, BPA Free, 1 Count", "tags": "All Water Filter Pitchers Brita Filters Allergen Air HEPA Replacement", "relevancy_score": 7872.045908450705, "price": "$6.58"}, {"title": "HotHands 10 Hour Hand Warmer | 10 Pair Pack", "tags": "Tarps Emergency Blankets Mossy Oak Women's Hats Gambrels All Camping Accessories Men's Gloves & Handwear Father's Day - Tents Survival Kits", "relevancy_score": 1467.9349552238807, "price": "$5.72"}, {"title": "Bestway Airbed with Built-In Pump, 1 Each", "tags": "Coleman Camping Furniture Air Mattresses Family Tents Emergency Preparedness Queen Beautyrest Twin Intex", "relevancy_score": 9017.462413602942, "price": "$24.94"}, {"title": "Ozark Trail Small Cast Iron Griddle (Reversible)", "tags": "Camping Stoves Grills Camp Cooking Accessories Dinnerware Coleman Kitchen Ozark Trail", "relevancy_score": 963.2308636363636, "price": "$9.92"}, {"title": "20 Pack Adult Rain Ponchos with Hood Disposable Bulk, Emergency Waterproof Thick Durable Poncho for Women Men, Perfect for Theme Parks, Hiking, Camping, Sporting Events", "tags": "Emergency Blankets Full Air Mattresses Mens Outdoor Jackets & Outerwear Hats Queen Twin All Camping Furniture Intex", "relevancy_score": 9.270125, "price": "$22.99"}, {"title": "Igloo 5-Gallon Heavy-Duty Beverage Cooler", "tags": "Popcorn Poppers Chafing Dishes Cambro Steam Tables & Pans Commercial Deep Fryers Hot Beverage Dispensers Agricultural Structures Hardware Cold and Frozen", "relevancy_score": 1304.6912358803986, "price": "$21.88"}, {"title": "Intex 18\" Dura-beam Standard Raised Pillow Rest Air Mattress - Queen", "tags": "Full Air Mattresses Coleman Camping Furniture King Emergency Preparedness Beautyrest Twin All Intex", "relevancy_score": 2156.9155350318474, "price": "$38.78"}, {"title": "Coleman Portable Propane Gas Classic Stove with 2 Burners", "tags": "Camping Cookware Camp Cooking Accessories Dinnerware Coleman Kitchen Fuels Emergency Preparedness Propane Stoves Stove", "relevancy_score": 2456.596504347826, "price": "$43.88"}, {"title": "American Maid 5 gal Water Bottle", "tags": "All Water Filtration Coolers 5 Gallon Dispensers Hot and Cold Jugs", "relevancy_score": 3417.354046632124, "price": "$9.88"}, {"title": "Duracell 1.5V Coppertop Alkaline D Batteries 4 Pack", "tags": "9V Batteries AA C All AAA Rayovac Rechargeable Duracell Optimum", "relevancy_score": 2344.0862545454547, "price": "$7.98"}, {"title": "Duracell Coppertop Alkaline 9V Batteries, 2 Pack", "tags": "AA Batteries C All D AAA Rayovac Rechargeable Duracell Optimum", "relevancy_score": 1801.4325803571428, "price": "$7.98"}, {"title": "Thermos Vacuum Insulated Stainless Steel 12 Ounce Funtainer with Straw - Paw Patrol", "tags": "Lunch Boxes Plastic Water Bottles Shop All Travel Mugs Contigo Kids' Kids Thermoses", "relevancy_score": 777.6801188118812, "price": "$12.88"}, {"title": "(2 Pack) Equate 70% Isopropyl Alcohol, 32 Oz", "tags": "Anthem BCBS OTC Empire FSA and HSA Shop All Blue KC MA HealthKeepers Amerigroup Healthy Benefits Plus Allwell", "relevancy_score": 49281.109406759904, "price": "$3.92"}, {"title": "AMMEX Nitrile Latex Free Medical Disposable Gloves, Large, Indigo, 1000/Case", "tags": "Industrial Disposable Gloves Nitrile Safety Exam Medical Lab Healthcare Essentials Commercial", "relevancy_score": 567.4576, "price": "$19.21"}, {"title": "AMMEX X3 Nitrile Latex Free Industrial Disposable Gloves, Small, Blue, 1000/Case", "tags": "Nitrile Safety Gloves Infection Prevention Disposable Exam Medical Healthcare Essentials All Industrial", "relevancy_score": 520.9277931034483, "price": "$18.14"}, {"title": "Athletic Works Men's and Big Men's Dazzle Shorts, up to Size 5XL", "tags": "Mens Savings Activewear Active Shorts Off-Duty Fruit Of The Loom Men's Shop All of the Flat-front", "relevancy_score": 4940.004447869446, "price": "$6.88"}, {"title": "Hanes Men's and Big Men's Ecosmart Fleece Pullover Hoodie Sweatshirt, up to Size 5XL", "tags": "Men's Basic Sweatshirts Mens Big & Tall Loungewear Hoodies Hanes Jackets Active Fleece Savings Pullover", "relevancy_score": 14827.88385348632, "price": "$15.30"}, {"title": "Equate Flexible Antibacterial Fabric Bandages, 100 Ct", "tags": "Anthem BCBS OTC Empire FSA/HSA Eligible Other First Aid BC HealthKeepers Amerigroup Healthy Benefits Plus HWP", "relevancy_score": 4162.583177730193, "price": "$4.97"}, {"title": "Russell Men's Core Performance Active Shorts, up to Size 5XL", "tags": "Mens Big & Tall Shorts Savings Activewear Clothing Active Russell Athletic Men's", "relevancy_score": 3176.9343589001446, "price": "$5.00"}, {"title": "Duracell Hearing Aid Batteries with Easy-Fit Tab, Size 312, 24 Pack", "tags": "", "relevancy_score": 1924.0204651162792, "price": "$8.83"}, {"title": "Curad Clinical Advances Super Absorbent Wound Pads, 10 count", "tags": "FSA/HSA Eligible Gauze and Pads Curad Band-Aid Reduce Swelling Protect the Wound &", "relevancy_score": 89.97964705882353, "price": "$4.96"}, {"title": "Outdoor Products Traverse 25 ltr Backpack, Blue, Unisex, Organizer", "tags": "Outdoor Products Backpacks All Hiking Travel & Duffel Bags Ozark Trail Gear Hydration Waterproof Daypacks", "relevancy_score": 827.1016172248803, "price": "$9.88"}, {"title": "Camco Adirondack Portable Outdoor Folding Side Table, Perfect for The Beach, Camping, Picnics, Cookouts and More, Weatherproof and Rust Resistant - Mocha (51882)", "tags": "Folding Tables & Chairs Plastic White End Shop All Traditional", "relevancy_score": 550.7768275862069, "price": "$12.85"}, {"title": "Augason Farms Deluxe Emergency 30-Day Food Supply (1 Person), 200 Servings, 37,080 Calories, Net Weight 20 lbs. 7.55 oz.", "tags": "Dried Fruits All Eggs Powdered Milk Meals Restock Home Workout Snacks and Beverages High Fiber Foods", "relevancy_score": 138.42437288135594, "price": "$77.98"}, {"title": "PUR GENUINE Faster Pitcher Water Replacement Filter, PPF900Z1, 1 Pack | Newest Version", "tags": "All Water Filtration Under Sink Filters Filter Pitchers Faucet Countertop Brita Replacement", "relevancy_score": 2947.1324385964913, "price": "$6.97"}, {"title": "Dealmed Gauze Pads, Sterile 1's, 4\" x 4\", 12 Ply, 100/Bx", "tags": "LACare Anthem Maine Health OTC BCBS 1 Amerigroup PHMOTC BlueMCOTC CPCT HWP", "relevancy_score": 205.54078048780485, "price": "$9.91"}, {"title": "Contigo Kids Water Bottle with Redesigned AUTOSPOUT Straw, 14 oz., Dinos", "tags": "Simple Modern Water Bottles Plastic Shop All Kids Tableware Tumblers Contigo Silicone", "relevancy_score": 339.0254, "price": "$10.84"}, {"title": "Crosman 12-Gram CO2 Powerlet Cartridges For Use With Air Rifles And Air Pistols (40-Count)", "tags": "Gun Accessories Ammunition BB Parts Ammo Pellet Paintball Tanks Crosman Favorites", "relevancy_score": 675.559294117647, "price": "$39.99"}, {"title": "Igloo 9 Qt Laguna Cooler", "tags": "Soft Sided Coolers All Chest Ozark Trail Coleman Cooler Bag Camping Rolling", "relevancy_score": 163.32723076923077, "price": "$9.97"}, {"title": "Duracell 1.5V Coppertop Alkaline AAA Batteries, 8 Pack", "tags": "9V Batteries AA C All D Rayovac Rechargeable Duracell Optimum", "relevancy_score": 2659.112870967742, "price": "$7.47"}, {"title": "Duracell 1.5V Coppertop Alkaline D Batteries, 8 Pack", "tags": "9V Batteries AA C All AAA Rayovac Rechargeable Duracell Optimum", "relevancy_score": 2546.6040840336136, "price": "$13.98"}, {"title": "Equate Triple Antibiotic Pain + Scar Ointment for Minor Cuts, Scrapes and Burns,1 oz", "tags": "Anthem BCBS OTC Empire Healthy Blue BC HealthKeepers Amerigroup Benefits Plus HWP", "relevancy_score": 896.5217222222221, "price": "$3.98"}, {"title": "Champion Men's Powerblend Graphic Crew", "tags": "Mens Sweatshirts & Hoodies Active Fleece Champion Womens Tops Streetwear Jackets Pullover T-Shirts", "relevancy_score": 1352.8129779179812, "price": "$24.00"}, {"title": "Equate Rolled Gauze, Value Pack, 5 Count", "tags": "Anthem BCBS OTC UCare Empire Maine Health Blue KC MA HealthKeepers Amerigroup Healthy Benefits Plus", "relevancy_score": 812.0801188118812, "price": "$4.82"}, {"title": "[200 Pack] Large Vinyl Disposable Gloves - Non Latex Rubber, Powder Free, Food Grade Safe Supplies, Hand Glove Dispenser Pack", "tags": "Patient Care Surgical Face Masks First Aid Must Haves Tools & Supplies Latex Disposable Gloves Dust and Pollen Nitrile Vinyl", "relevancy_score": 721.7638274111675, "price": "$29.95"}, {"title": "Band-Aid Brand Tough Strips Adhesive Bandage, All One Size, 60 ct", "tags": "UCare LACare Anthem Maine Health OTC Blue KC MA Vitamins & Supplements Restock Amerigroup Healthy Benefits Plus HWP", "relevancy_score": 1177.557786516854, "price": "$6.97"}, {"title": "Brita Space Saver Water Filter Pitcher, 6 Cup - Red", "tags": "All Water Filtration Faucet Filters Countertop Brita Replacement Pitchers ZeroWater", "relevancy_score": 6102.63043220339, "price": "$18.97"}, {"title": "Ozark Trail 10' x 10' Canopy Replacement Cover for Straight Leg Canopies, Blue", "tags": "Camping Tables Canopy Sidewalls Tents Accessories Ozark Trail Canopies All Furniture", "relevancy_score": 893.4970607287448, "price": "$39.95"}, {"title": "PUR Basic Pitcher Water Filter 7 Cup, PPT700W, Blue/White", "tags": "All Water Filter Pitchers Replacement Filters Brita PUR ZeroWater Air", "relevancy_score": 1262.6372522255192, "price": "$14.97"}, {"title": "Duracell 1.5V Coppertop Alkaline AA Batteries 4 Pack", "tags": "9V Batteries C All D AAA Rayovac Rechargeable Duracell Optimum", "relevancy_score": 2098.4657549407116, "price": "$4.34"}, {"title": "Duracell Optimum AA Batteries, Resealable Package of Double A Batteries, 12 Pack", "tags": "9V Batteries C All D AAA Rayovac Duracell Optimum", "relevancy_score": 2620.1324385964913, "price": "$10.48"}, {"title": "Brita Longlast Water Filter Replacement, Reduces Lead - 2 Count", "tags": "Holmes Brita PUR ZeroWater Fram", "relevancy_score": 4106.120146111547, "price": "$24.49"}, {"title": "Igloo 28 Qt Laguna Cooler - Red", "tags": "All Coolers Chest Ozark Trail Igloo Coleman Cooler Bag Boat Camping", "relevancy_score": 304.4852989690722, "price": "$17.47"}, {"title": "NeilMed NeilCleanse Wound Wash, 6 oz", "tags": "Saline Wound Wash Antibiotics & Antiseptics First Aid Tools Supplies Simply PHMOTC Healthy Benefits Plus FSA/HSA Eligible HWP", "relevancy_score": 507.4576, "price": "$4.22"}, {"title": "Energizer MAX C Batteries, Alkaline C Cell Batteries (8 Pack)", "tags": "9V Batteries AA Coin & Button Cell All D AAA Rayovac Rechargeable", "relevancy_score": 1079.0115275590551, "price": "$13.98"}, {"title": "Thermos 10 Oz Vacuum Insulated Stainless Steel Food Jar", "tags": "Shop All Food Storage Containers Lunch Boxes Kitchen Canisters & Bags Kids Tableware Travel Mugs Meal Prep Thermoses", "relevancy_score": 1095.874896551724, "price": "$12.87"}, {"title": "(4 Pack) Equate Flexible Antibacterial Fabric Bandages", "tags": "FSA/HSA Eligible Equate First Aid Adhesive Bandages Medca Tools & Supplies Protect the Wound and Gauze", "relevancy_score": 469.7686176470589, "price": "$7.48"}, {"title": "Coghlan's Single Cast Iron Camp Cooker", "tags": "Camping Stoves Grills Camp Cooking Accessories Dinnerware Coleman Kitchen Ozark Trail Untensils All", "relevancy_score": 190.6381038961039, "price": "$14.99"}, {"title": "Rayovac High Energy Alkaline, 9V Batteries, 2 Count", "tags": "AA Batteries Coin & Button Cell C All D AAA Rayovac Rechargeable", "relevancy_score": 327.31230303030304, "price": "$5.97"}, {"title": "Duracell Optimum AA Batteries, Resealable Package of Double A Batteries, 12 Pack", "tags": "9V Batteries C All D AAA Rayovac Duracell Optimum", "relevancy_score": 2620.1324385964913, "price": "$10.48"}, {"title": "Duracell Optimum 1.5V Alkaline AAA Batteries, Convenient, Resealable Package, 12 Pack", "tags": "AA Batteries All Cottonelle Rayovac Rechargeable Toilet Paper Duracell Optimum", "relevancy_score": 2620.1324385964913, "price": "$10.48"}, {"title": "ACDelco Super Alkaline AAA Batteries, 24-Count", "tags": "Stock up on Paper & Plastic Back to College Up All Household Clean Living Cleaning Supplies Oral Care Laundry Room American Jobs 2020", "relevancy_score": 812.0801188118812, "price": "$7.45"}, {"title": "Rayovac High Energy Alkaline, AA Batteries, 10 Count", "tags": "9V Batteries C All D AAA Rayovac Rechargeable Duracell Optimum", "relevancy_score": 1503.250481375358, "price": "$5.17"}, {"title": "Duracell Coppertop Alkaline AAA Batteries 4 Pack", "tags": "9V Batteries AA C All D Rayovac Rechargeable Duracell Optimum", "relevancy_score": 1431.5638232044198, "price": "$4.34"}, {"title": "Rayovac High Energy Alkaline D Batteries, 8 Count", "tags": "9V Batteries AA Coin & Button Cell C All AAA Rayovac Rechargeable", "relevancy_score": 541.0089014084507, "price": "$10.82"}, {"title": "Ozark Trail Insulated Stainless Steel 12-Ounce Slim Can Drink Sleeve, Black", "tags": "Water Bottles & Hydration All Coolers Ozark Trail Camping Accessories Camp Kitchen Stainless Steel Drinkware", "relevancy_score": 301.23823762376236, "price": "$7.74"}, {"title": "Band-Aid Brand Cushion Care Gauze Pads, Large, 4 in x 4 in, 25 ct", "tags": "Gauze & Antiseptics FSA/HSA Eligible and Pads Johnson Band-Aid Reduce Swelling Protect the Wound", "relevancy_score": 375.49879245283023, "price": "$6.97"}, {"title": "Rayovac Rechargeable AA Batteries, Double A Battery 4 Count", "tags": "9V Batteries C All D AAA Rayovac Rechargeable Duracell Optimum", "relevancy_score": 927.7817500000001, "price": "$7.95"}, {"title": "Rayovac 824-36PPJ Pack Of 36 Pro Pack AAA Alkaline Batteries Reclosable", "tags": "9V Batteries AA Coin & Button Cell C AAA Rayovac Rechargeable Duracell Optimum", "relevancy_score": 80.82075, "price": "$16.94"}, {"title": "Duracell Optimum AA Batteries, Resealable Package of Double A Batteries, 6 Pack", "tags": "9V Batteries C All D AAA Rayovac Rechargeable Duracell Optimum", "relevancy_score": 2620.1324385964913, "price": "$7.47"}, {"title": "Johnson & Johnson First Aid To Go Portable Mini Travel Kit, 12 pieces", "tags": "FSA/HSA Eligible First Aid Kits Only Johnson & Equate Adventure Medical Tools Supplies Be Smart Get Prepared Amerigroup OTC", "relevancy_score": 250.2965882352941, "price": "$2.33"}, {"title": "Diamond Greenlight Long Reach Matches, Large Strike On Box Matches 75 Ct, for Lighting Candles, Grills, Fireplaces and Firepits", "tags": "Accessories Fan Shop Camping Stoves Cookware Coleman Camp Kitchen Untensils Emergency Preparedness All", "relevancy_score": 107.42853846153845, "price": "$2.93"}, {"title": "Plano ProLatch Stowaway Large Clear Organizer Tackle Box, Large, Clear", "tags": "Stock up on Paper & Plastic Back to College Up Cleaning Supplies Oral Care Plant Based Products Laundry Room Litter", "relevancy_score": 155.2960625, "price": "$3.84"}, {"title": "HotHands 8 Hour Adhesive Toe Warmer", "tags": "Emergency Blankets Camping Fire Starters Mossy Oak Women's Hats Game Management Gambrels Men's Accessories All Gloves & Handwear", "relevancy_score": 669.5935730337079, "price": "$5.72"}, {"title": "Energizer MAX AA Batteries, Alkaline Double A Batteries (4 Pack)", "tags": "9V Batteries C All D AAA Rayovac Duracell Optimum", "relevancy_score": 3140.1284776119405, "price": "$3.98"}, {"title": "Energizer MAX AAA Batteries, Alkaline Triple A Batteries (4 Pack)", "tags": "9V Batteries AA C All D Rayovac Rechargeable Duracell Optimum", "relevancy_score": 2498.1814434137295, "price": "$4.12"}, {"title": "Energizer Alkaline A23 Battery, 12 V A23 Cell (1 Pack)", "tags": "As Seen on TV Health & Beauty Ozark Trail Hyper Tough Bushnell Equate Tools Intex EEEkit", "relevancy_score": 35.197384615384614, "price": "$4.25"}, {"title": "HotHands Superwarmers, 10-Pack", "tags": "Water Bottles & Hydration Emergency Blankets Mossy Oak Women's Hats Stainless Steel Preparedness Men's Gloves Handwear Survival Kits", "relevancy_score": 168.88677611940298, "price": "$15.87"}, {"title": "HotHands 10 Hour Hand Warmer", "tags": "Emergency Blankets Camping Fire Starters Mossy Oak Women's Hats Fishing Line Braided Football Hand Warmers & Towels All Accessories Men's Gloves Handwear", "relevancy_score": 58.5066511627907, "price": "$0.98"}, {"title": "Igloo 38 Qt Hard Ice Chest Cooler with Wheels - Blue", "tags": "All Coolers Chest Igloo Coleman Boat Camping Marine Rolling", "relevancy_score": 1079.3399925650558, "price": "$23.47"}, {"title": "First Aid Only First Aid Kit, Fabric Pouch, 260 Pc", "tags": "FSA/HSA Eligible First Aid Kits Only Equate Benadryl Anthem Maine Health OTC Must Haves Tools & Supplies Amerigroup", "relevancy_score": 843.689512195122, "price": "$13.44"}, {"title": "Pit Boss 700FB Wood Fired Pellet Grill with Flame Broiler, 700 Sq. In. Cooking Space", "tags": "Smokers Pit Boss Grills and Shop All Charcoal Top Grill Brands Pellet", "relevancy_score": 3910.1776124721605, "price": "$335.00"}, {"title": "Thermacell Mr300 Portable Mosquito Repellent Device, Olive Green", "tags": "All Pest Control Insect Sprays & Foggers Traps As Seen on TV Outdoor and Tools Bug Zappers Swatters", "relevancy_score": 5977.922338201383, "price": "$19.97"}, {"title": "Shop-Vac Large Cartridge Filter 90304 Type U", "tags": "Fire Safes All Home & Lock Boxes Shop-Vac Storm Prep Shop Porter-Cable Ridgid Power Tools Clearance HART Wet/Dry Vacuums", "relevancy_score": 445.0763548387097, "price": "$10.47"}, {"title": "Energizer 123 Lithium Batteries, 3V 123A Photo Batteries (2 Count)", "tags": "As Seen on TV Health & Beauty Ozark Trail Hyper Tough Bushnell Equate Tools Intex EEEkit", "relevancy_score": 593.0166583850931, "price": "$8.00"}, {"title": "Ozark Trail Classic Folding Camp Chairs, with Mesh Cup Holder,Set of 4", "tags": "Oversized Camping Chairs All Coolers Family Tents Ozark Trail Furniture Coleman", "relevancy_score": 3813.583622198506, "price": "$36.95"}, {"title": "Radio Flyer, 3-in-1 EZ Fold Wagon, Padded Seat with Seat Belts, Red", "tags": "Radio Flyer Ride Ons All Wagons Toys for Kids 2 to 4 Years Canopy 12 & Up Plastic", "relevancy_score": 1931.4332249443205, "price": "$68.00"}, {"title": "300 PCS Gloves(L Size-Blue)", "tags": "", "relevancy_score": 961.4194418604651, "price": "$18.99"}, {"title": "Rayovac High Energy Alkaline, 30 AA & 24 AAA Batteries, 54 Count", "tags": "9V Batteries AA C All D Rayovac Rechargeable Duracell Optimum", "relevancy_score": 1299.8898, "price": "$18.90"}, {"title": "Neosporin + Pain Relief Neo To Go! First Aid Antiseptic/Pain Relieving Spray,.26 Oz", "tags": "Antibiotics Johnson & Wound Cleansing Antiseptics Kid's First Aid Tools Supplies FSA/HSA Eligible Bandages and Gauze", "relevancy_score": 2500.0862545454547, "price": "$0.50"}, {"title": "Powder-Free Vinyl Disposable Gloves", "tags": "Patient Care Surgical Face Masks Microflex Latex Disposable Gloves Dust and Pollen Nitrile Vinyl", "relevancy_score": 375.2678536585366, "price": "$11.99"}, {"title": "Pine Mountain Creosote Buster Firelog Single Pack", "tags": "Fuel Fireplace Doors Logs Tool Sets Gas Fire Screens Shower Caddies", "relevancy_score": 81.02853846153846, "price": "$13.78"}, {"title": "Repel Insect Repellent Mosquito Wipes 30% DEET, 20-ct", "tags": "All Cleaning Wipes Clorox Pest Control Disinfectant Insect Sprays & Foggers Rayovac All-Purpose Cleaners", "relevancy_score": 209.61594736842105, "price": "$3.94"}, {"title": "Coleman 5-Gallon Water Carrier,Blue", "tags": "Camping Cookware Instant Tents All Coolers Water Storage Pop Up Ozark Trail 10 Person Father's Day -", "relevancy_score": 1411.9515428571428, "price": "$16.65"}, {"title": "Ozark Trail Spiral Rod Holder", "tags": "Fish Fillet Knives Fishing Hooks Weights Bobbers Line Pliers Rod Racks Nets", "relevancy_score": 182.8958028169014, "price": "$2.46"}, {"title": "HotHands Toe Warmers, 1-pair", "tags": "Full Air Mattresses Mossy Oak Women's Hats Queen All Camping Accessories Twin Men's Gloves & Handwear Furniture Intex", "relevancy_score": 29.517675675675672, "price": "$1.97"}, {"title": "Intex Quick Fill Battery 6c Pump, 4.4'' x 5.9'' x 5.1'', Black, 5.5A, 25W, 0.31PSI, 148CFM", "tags": "Ozark Trail Energizer Coleman Igloo Intex Achim", "relevancy_score": 903.8589285714286, "price": "$10.74"}, {"title": "Intex 20\" Queen Dura-Beam Extra Raised Guest Airbed Mattress with Internal Pump", "tags": "", "relevancy_score": 663.6016666666667, "price": "$59.98"}, {"title": "Great Value Pitcher Cartridge, Replacement Water Filter", "tags": "All Water Filter Pitchers Brita Filters Whole House Replacement PUR ZeroWater", "relevancy_score": 609.8637543859649, "price": "$4.94"}, {"title": "SABRE Dual Capacitor Stun Gun & LED Flashlight", "tags": "All Fire Safety Flashlights Intercoms Extinguishers Mounts & Brackets Blankets Home Alarm Systems Storm Prep Security", "relevancy_score": 226.34078048780486, "price": "$17.93"}, {"title": "Energizer Recharge Pro Charger for NiMH Rechargeable AA and AAA Batteries", "tags": "Stock up on Paper & Plastic Back to College Up All Household Clean Living Cleaning Supplies Oral Care Laundry Room American Jobs 2020", "relevancy_score": 1213.6794744027304, "price": "$18.97"}, {"title": "Enviro-Log 4 Pack/5 lb. Firelog Case", "tags": "Additional Fireplace Accessories Furnace Parts Fuel Grates Tool Sets Gas Logs Fire Screens", "relevancy_score": 204.7381038961039, "price": "$11.90"}, {"title": "Ozark Trail 10F Degree Synthetic Mummy Sleeping Bag, Outdoor Sleeping Bag", "tags": "0 Degree Sleeping Bags All Cold Weather TETON Sports Coleman Mummy Wenzel Slumberjack", "relevancy_score": 134.26390476190477, "price": "$36.88"}, {"title": "Energizer MAX C Batteries, Alkaline C Cell Batteries (12 Pack)", "tags": "9V Batteries AA Coin & Button Cell All D AAA Rayovac Rechargeable", "relevancy_score": 920.5353031674208, "price": "$18.00"}, {"title": "BlenderBottle 24oz Classic V2, Blue", "tags": "Aqua Fitness Water Bottles & Hydration Missouri Tigers Ole Miss Rebels All Exercise and Accessories Contigo Shaker Drinkware", "relevancy_score": 51.0805, "price": "$7.48"}, {"title": "Pine Mountain StarterLogg Firestarter, Easy Starters for Indoor & Outdoor, 24 Pack Firestarter Wood Fire Log for Fireplace, Campfire, Wood Stove, Fire Pit", "tags": "All Fire Safety Additional Fireplace Accessories Stove Furnace Parts Fuel Gas Logs Electric Inserts", "relevancy_score": 45.15956097560976, "price": "$9.94"}, {"title": "Innovative Haus Nitrile Gloves,Powder Free,Latex Free Gloves,Disposable Gloves,Gloves Disposable,Non Sterile,Food Gloves,Textured,Indigo Color,Box of 100 X-Large NGXL", "tags": "", "relevancy_score": 124.20664285714287, "price": "$25.99"}, {"title": "Wildgame Innovations Sports & Outdoors Quick Set Game Feeder, 30 Gal", "tags": "Attractants and Scent Eliminators Gravity Feeders Mossy Oak Game Management Deer Hunting Scents Feed for Blinds", "relevancy_score": 566.0095824175824, "price": "$78.00"}, {"title": "Energizer 2016 Batteries, Lithium Coin Cell 3V Batteries (2 Pack)", "tags": "Air Conditioning Chemicals and Refrigerants Automotive Heating Flashlights & Batteries on Advance Auto Parts Shop Car RV Exterior Accessories Battery", "relevancy_score": 109.97558490566038, "price": "$4.37"}, {"title": "Duracell 1.2V Rechargeable NiMH AA Batteries 4 Pack", "tags": "9V Batteries C All D AAA Rayovac Rechargeable Duracell Optimum", "relevancy_score": 453.3246153846154, "price": "$11.55"}, {"title": "Stanley Heritage Stainless Steel Vacuum 1.1qt Bottle", "tags": "Shop All Food Storage Containers Kitchen Canisters Water Bottles Coffee & Espresso Parts and Accessories Stanley Kids' Wine Stoppers Thermoses", "relevancy_score": 379.14327272727274, "price": "$17.82"}, {"title": "Bone Collector BC-300 Bag Field Point Archery Target", "tags": "Gun Targets Accessories Broadheads Crossbow Bolts Crossbows Scent Eliminators Arrows Crosman Favorites", "relevancy_score": 325.0254, "price": "$24.82"}, {"title": "Ozark Trail Compact Folding Cot,Low Profile Cot", "tags": "Sleeping Pads & Mats Stansport Camping Furniture Coleman Emergency Preparedness Tent Cots All", "relevancy_score": 355.7643214285714, "price": "$39.82"}, {"title": "HotHands Camo Warmers Value Pack, 8 Pair", "tags": "Full Air Mattresses Queen All Camping Accessories Lights & Lanterns Twin Furniture Intex", "relevancy_score": 10.270125, "price": "$1.50"}, {"title": "Zebco Omniflex Monofilament Fishing Line, 6-Pound Tested", "tags": "Great Lakes Lake Fishing Pacific River Line Southeast Ocean Northeast Mountain West", "relevancy_score": 83.67964705882352, "price": "$1.97"}, {"title": "Energizer MAX 9V Batteries, Alkaline 9 Volt Batteries (8 Pack)", "tags": "Stock up on Paper & Plastic Back to College Up All Household Clean Living Cleaning Supplies Oral Care Laundry Room American Jobs 2020", "relevancy_score": 1228.8589285714286, "price": "$19.98"}, {"title": "Shamrock Examination Latex Powder-free Textured Gloves", "tags": "Patient Care Ansell Equate First Aid Tools & Supplies Microflex Latex Disposable Gloves Nitrile Vinyl", "relevancy_score": 28.909894736842105, "price": "$11.99"}, {"title": "Keurig\u00ae 6-Pack Water Filter Refill Cartridges, 6 count, For use with Keurig 2.0 and 1.0/Classic K-Cup Pod Coffee Makers", "tags": "Furnace & AC Filters Next Day Air Purifiers Allergen HEPA All Replacement Water", "relevancy_score": 1667.78434375, "price": "$14.49"}, {"title": "Rayovac Fusion Premium Alkaline, AAA Batteries, 6 Count", "tags": "9V Batteries AA C All D Rayovac Rechargeable Duracell Optimum", "relevancy_score": 177.21523529411763, "price": "$5.47"}, {"title": "Coleman 150-Quart Hard Ice Chest Cooler, Blue Nights", "tags": "All Coolers Chest Igloo Coleman Boat Camping Marine Rolling", "relevancy_score": 265.3426382978723, "price": "$69.00"}, {"title": "Duracell hearing aid batteries size 312 (80 pack)", "tags": "Stock up on Paper & Plastic TVs Back to College Up Cleaning Supplies School TV's for Kids Oral Care Laundry Room", "relevancy_score": 1203.8589285714286, "price": "$23.37"}, {"title": "Reliance Hassock Portable Toilet", "tags": "Camping Showers Coleman Accessories Portable Toilets Family Tents Shower All Ozark Trail Shelters", "relevancy_score": 1343.750481375358, "price": "$35.62"}, {"title": "SABRE RED Police Grade Pepper Spray Keychain Personal Security for Men, Women & Seniors", "tags": "All Fire Safety Flashlights Intercoms Extinguishers Mounts & Brackets Blankets Home Alarm Systems Storm Prep Security", "relevancy_score": 223.5381038961039, "price": "$10.23"}, {"title": "Ozark Trail 12 Can Insulated Soft Side Thermocooler, Blue", "tags": "Soft Sided Coolers All Chest Ozark Trail Igloo Coleman Cooler Bag Camping", "relevancy_score": 381.24150000000003, "price": "$10.84"}, {"title": "SPYPOINT LINK-WMV Cellular Trail Camera 8 MP", "tags": "Moultrie Game Cameras Mossy Oak Infrared Trail Browning Management Camping Solar Panels Camera Accessories Cellular", "relevancy_score": 32.0805, "price": "$89.00"}, {"title": "Hoosier Hill Farm Heavy Cream Powder, 1 lb plastic jar", "tags": "Full Air Mattresses Mountain House Queen All Camping Lights & Lanterns Twin Food Furniture Intex", "relevancy_score": 222.02125925925924, "price": "$13.74"}, {"title": "Rayovac Specialty CR2450 Lithium Coin Cell Batteries, 2 Count", "tags": "9V Batteries AA Coin & Button Cell C D AAA Rayovac Rechargeable", "relevancy_score": 33.71767567567567, "price": "$2.38"}, {"title": "Ozark Trail 100 Lumen LED Headlamp", "tags": "Ozark Trail Camping Accessories LED Lanterns Emergency Preparedness Canopies All Lights & Flashlights", "relevancy_score": 27.720333333333333, "price": "$6.97"}, {"title": "Arctic Zone 16-Can Zipperless Cooler", "tags": "Soft Sided Coolers All Chest Ozark Trail Igloo Coleman Cooler Bag Camping", "relevancy_score": 491.80242553191493, "price": "$14.94"}, {"title": "Saniderm Tattoo Aftercare Bandage | 10.2 in x 2 yd Roll | Clear Adhesive Antibacterial Wrap", "tags": "FSA/HSA Eligible Nexcare Tegaderm Medca First Aid Tools & Supplies Protect the Wound Bandages and Gauze", "relevancy_score": 20.508470588235294, "price": "$19.95"}, {"title": "Truly Ouchless! Silicone Bandages, Flex Fabric Bandages, XL, 8 Count", "tags": "FSA/HSA Eligible Curad Band-Aid Adhesive Bandages Medca Protect the Wound and Gauze", "relevancy_score": 195.19580281690142, "price": "$4.50"}, {"title": "Energizer 123 Batteries, 3V CR 123A Lithium Photo Batteries (4 Pack)", "tags": "As Seen on TV Health & Beauty Ozark Trail KT Tape Hyper Tough Bushnell Equate Tools EEEkit", "relevancy_score": 383.85389189189186, "price": "$16.96"}, {"title": "Coleman Ultimate Comfort Folding Sling Chair, Gray", "tags": "Oversized Camping Chairs Coleman Furniture Ozark Trail Weather Ultralight Rocking All Directors", "relevancy_score": 675.6395789473685, "price": "$34.44"}, {"title": "Ozark Trail Propane Fold-Up 2-Burner Camp Stove", "tags": "Camping Cookware Camp Cooking Accessories Dinnerware Coleman Kitchen Ozark Trail Emergency Preparedness Propane Stoves", "relevancy_score": 552.9313902439025, "price": "$29.83"}, {"title": "Duracell 3V Lithium Coin Battery 2032 2 Pack Long-Lasting Batteries", "tags": "AA Batteries Large Trash Bags Tough Job & Outdoor C All D AAA Rayovac", "relevancy_score": 204.12116666666665, "price": "$4.82"}, {"title": "Brita Longlast Water Filter Replacement, Reduces Lead - 1 Count", "tags": "Holmes Keurig Brita PUR ZeroWater", "relevancy_score": 3841.0164995931655, "price": "$16.00"}, {"title": "Contigo Couture Snapseal Stainless Steel Travel Mug 16 Oz, Gunmetal", "tags": "Plastic Water Bottles Shop All Tumblers Flasks Contigo Simple Modern Drinking Glasses Dorm Dining & Hydration", "relevancy_score": 128.0864827586207, "price": "$9.98"}, {"title": "Ozark Trail 10' x 10' Simple Push Slant Leg Canopy (100 Sq. ft.)", "tags": "Canopy Sidewalls Quik Shade Canopies Tents Accessories All Camping Furniture 12x12", "relevancy_score": 116.40664285714287, "price": "$69.00"}, {"title": "Ozark Trail Double Wall Vacuum Sealed Stainless Steel Water Bottle, 64 oz", "tags": "Shop All Food Storage Containers Drinkware Accessories Tumblers Travel Mugs TAL Water Bottles Ozark Trail Thermoses", "relevancy_score": 1204.4764329896907, "price": "$14.86"}, {"title": "Aveeno Repairing CICA Hand Mask, Oat & Shea Butter, 1 Pair of Gloves", "tags": "Men's Body Lotions Gold Bond & Creams Stock up on Lotion Moisturizers Aveeno Discover! Staff-Favorite Neutrogena Care", "relevancy_score": 1552.7825759162306, "price": "$2.96"}, {"title": "Seal-a-Meal Vacuum Food Sealer by FoodSaver", "tags": "Vacuum Bags Lunch Boxes Shop All & Sealers FoodSaver", "relevancy_score": 1732.0413506493508, "price": "$44.94"}, {"title": "Ozark Trail LED Flashlight, 400 Lumens", "tags": "Specialty Gear Ozark Trail Camping Accessories Streamlight Flashlights Tactical Emergency Preparedness All Lights & Lanterns LED", "relevancy_score": 135.55745454545456, "price": "$13.62"}, {"title": "Rayovac UltraPro Alkaline, AA Batteries, 24 Count", "tags": "9V Batteries Coin & Button Cell C All D AAA Rayovac Rechargeable", "relevancy_score": 165.4960625, "price": "$9.72"}, {"title": "Daisy Precision Max BB's 0.177 Caliber BB Zinc Plated Steel, 2400ct.", "tags": "Gun Targets Accessories BB Guns Parts Ammo Pellet Ammunition Crosman Favorites CO2 Cartridges", "relevancy_score": 504.7891942446043, "price": "$6.67"}, {"title": "Ozark Trail 200 Lumen LED Multi-Color Headlamp", "tags": "Ozark Trail Camping Accessories Canopy Tents Emergency Preparedness Canopies All Lights & Lanterns LED Flashlights", "relevancy_score": 9.270125, "price": "$9.97"}, {"title": "Coleman 1-Gallon Jug", "tags": "Plastic Water Bottles Shop All Glass Ozark Trail Coleman Thermoses", "relevancy_score": 1047.8271145038168, "price": "$12.10"}, {"title": "As Seen On TV Veggetti Spiral Vegetable Cutter", "tags": "Chopping & Slicing Food Peelers Processors Mandolines Slicers Cool Kitchen Gadgets Choppers", "relevancy_score": 385.4504297520661, "price": "$9.97"}, {"title": "Chuckit! Ultra Ball Durable Dog Toys, Medium, 2-Pack", "tags": "Multipet Dog Toys Fetch Petmate Supplies Pets Spring Essentials Chew Toy Pet Chuck It", "relevancy_score": 232.22125925925926, "price": "$5.12"}, {"title": "Super Charged\u00ae Scent Killer\u00ae Odorless Formula\u2122 Clothing Spray 2 ct Bottles", "tags": "Athletic Performance Shapewear Game Feeders Deer Calls Bounty Hunter Metal Detectors Attractants Scent Eliminators Hunting Scents", "relevancy_score": 56.15956097560976, "price": "$10.88"}, {"title": "Crosman Metal Spinning Target, Use with .177 And .22 Caliber Lead Pellets, CSLT", "tags": "Gun Accessories Ammunition BB Parts Ammo Pellet Targets Archery Crosman Favorites", "relevancy_score": 487.46332450331124, "price": "$10.54"}, {"title": "Coleman Oversized Quad Folding Camp Chair with Cooler Pouch, Red", "tags": "Oversized Camping Chairs Coleman Furniture Quad Ozark Trail Weather Ultralight All Directors", "relevancy_score": 2713.512533117932, "price": "$34.99"}, {"title": "LR41 Button Cell Battery, 10 Pack", "tags": "AA Batteries Large Trash Bags Tough Job & Outdoor C All D AAA Rayovac", "relevancy_score": 165.81523529411766, "price": "$7.95"}, {"title": "ChromaCast Defense Disposable Clear Nylon Work Bench Gloves, Latex Free, Large", "tags": "", "relevancy_score": 0.0, "price": "$11.98"}, {"title": "Ozark Trail Weather Resistant Medium-Duty Tarp, 16' x 30'", "tags": "Coleman Camping Accessories Ozark Trail Tent Stakes Canopy Tents Father's Day - Canopies", "relevancy_score": 565.9854838709678, "price": "$35.73"}, {"title": "HotHands 8 Hour Adhesive Toe Warmer | 40 Pair Display", "tags": "Water Bottles & Hydration Mossy Oak Women's Hats Ozark Trail Camping Accessories Camp Kitchen Stainless Steel Emergency Preparedness Men's Gloves Handwear", "relevancy_score": 311.18529896907216, "price": "$26.84"}, {"title": "Duracell Hearing Aid Batteries with Easy-Fit Tab, Size 10, 24 Pack", "tags": "", "relevancy_score": 79.02074999999999, "price": "$14.97"}, {"title": "Ozark Trail 4-piece Cast Iron Skillet Set with Handles and Griddle", "tags": "Camping Cookware Camp Cooking Accessories Dinnerware Coleman Kitchen Ozark Trail All Lights & Lanterns", "relevancy_score": 313.51230303030303, "price": "$20.00"}, {"title": "Contigo SnapSeal Byron Vacuum-Insulated Stainless Steel Travel Mug, 16 oz, Gunmetal", "tags": "Plastic Water Bottles Shop All Kids Tableware Tumblers Contigo Kids' Drinking Glasses Dorm Dining & Hydration", "relevancy_score": 2621.037035663338, "price": "$8.99"}, {"title": "Bubba Trailblazer Stainless Steel Water Bottle with Straw | Insulated Water Bottle with Straw Spout, 40 oz, Very Berry Blue", "tags": "Shop All Food Storage Containers Plastic Water Bottles Travel Mugs Flasks Contigo Bubba Kids' Thermoses", "relevancy_score": 696.6173260869565, "price": "$14.98"}, {"title": "Coleman Portable Stadium Seat Padded Cushion with Backrest", "tags": "Stansport Camping Furniture Penn State Nittany Lions Outdoor Quad Chairs Stadium GCI Field Equipment & Accessories Ozark Trail All", "relevancy_score": 531.5216296296296, "price": "$10.69"}, {"title": "Contigo Ashland Chill 20 Oz Autospout Straw Stainless Steel Water Bottle, Sangria", "tags": "Plastic Water Bottles Travel Mugs Contigo Bubba Kids' with Straws Thermoses Dorm Dining & Hydration", "relevancy_score": 1317.9193291925467, "price": "$26.27"}, {"title": "Allen Company Kryptos Carbon Arrow, 31\"L x 0.25\"W x 0.05lbs, Black", "tags": "Recurve Bows Broadheads Crossbow Bolts Easton Archery Targets Crosman Favorites Quivers Mossy Oak", "relevancy_score": 37.89738461538462, "price": "$3.97"}, {"title": "Masterbuilt 30 inch Propane Smoker with Two Doors in Black", "tags": "Smokers Vertical Electric Shop All by Fuel Type Propane Style Masterbuilt", "relevancy_score": 169.28073417721518, "price": "$149.00"}, {"title": "FoodSaver FM5200 Series 2-in-1 Vacuum Sealing System for Food Preservation", "tags": "Lunch Boxes Shop All & Bags Rubbermaid Food Storage Vacuum Sealers FoodSaver", "relevancy_score": 5535.0212540792545, "price": "$189.00"}, {"title": "Radio Flyer, 3-in-1 Tailgater Wagon with Canopy, Folding Wagon, Red", "tags": "All Wagons Pedal & Push Ride Ons Little Tikes Trikes Ride-ons Canopy Toys for Kids 12 Years Up Radio Flyer Plastic", "relevancy_score": 1130.850509090909, "price": "$129.00"}, {"title": "Clear Vinyl Gloves Powder Free Latex Free Disposable Gloves, Medium 100/Box", "tags": "Patient Care Flu Shop Ansell Microflex Latex Disposable Gloves Nitrile Vinyl", "relevancy_score": 432.8152867132867, "price": "$18.89"}, {"title": "Contigo Autospout 24 Ounce Ashland Smoke Water Bottle, Smoke", "tags": "Removal Tools All Water Filter Pitchers WEN Products Replacement Filters Dispensers", "relevancy_score": 2892.1578734177215, "price": "$11.96"}, {"title": "Food Service Glove, Polyethylene, Box of 1000", "tags": "Patient Care Flu Shop Benadryl All Equate Items Latex Disposable Gloves Nitrile Vinyl", "relevancy_score": 419.3543880597015, "price": "$14.42"}, {"title": "Bubba Trailblazer Insulated Stainless Steel Water Bottle with Push Button Lid, 40 Oz., Mixed Berry", "tags": "Shop All Food Storage Containers Plastic Water Bottles Travel Mugs Flasks Contigo Bubba Kids' Thermoses", "relevancy_score": 396.7643214285714, "price": "$10.50"}, {"title": "Bubba Hero Stainless Steel 18 Ounce Double Wall Vacuum Insulated Rose Gold Travel Mug", "tags": "Plastic Water Bottles Shop All Tumblers Outdoor Melamine Dinnerware Bubba Thermoses Drinking Glasses Dorm Dining & Hydration", "relevancy_score": 503.48548387096776, "price": "$10.74"}, {"title": "Ozark Trail Heavy-Duty Tarp, Silver/Brown", "tags": "Tarps Coleman Camping Accessories Tent Stakes Canopy Ozark Trail Tents Father's Day - Canopies", "relevancy_score": 1103.8589285714286, "price": "$6.97"}, {"title": "Sigman 8 ft. x 10 ft. Blue Tarp", "tags": "All Flashlights Sandbags & Flood Guards Surface Protectors Fans Ropes Bungee Cords Heavy Duty Tarps Floor", "relevancy_score": 90.9758775510204, "price": "$10.99"}, {"title": "Thermacell Patio Shield Mosquito Repeller, Glacial Blue; Spray-Free", "tags": "Quilted Northern Toilet Paper All Pest Control Insect Sprays & Foggers Traps As Seen on TV Outdoor and Tools Bug Zappers Swatters", "relevancy_score": 1679.8197622377625, "price": "$27.99"}, {"title": "Coleman Alpine 50 Degree Adult Camping Sleeping Bag", "tags": "Sleeping Pads & Mats Ozark Trail Bags Boys' All Cold Weather Mummy Kids' Girls'", "relevancy_score": 40.59738461538462, "price": "$24.94"}, {"title": "Energizer Industrial Alkaline C Batteries, 12 Count", "tags": "9V Batteries AA All D AAA Rayovac Rechargeable Duracell Optimum", "relevancy_score": 196.04583561643835, "price": "$15.99"}, {"title": "ZeroWater\u00ae 4-Pack Replacement Water Filters for all ZeroWater\u00ae Models", "tags": "All Water Filter Pitchers Allergen Air Filters ZeroWater Replacement", "relevancy_score": 4433.991425981872, "price": "$49.88"}, {"title": "Coleman 4 Person 8\" x 7\" Skydome Camping Tent, Evergreen", "tags": "Children's Stay Hydrated Anthem BC OTC Basic Bedding Cool Travel Healthy Benefits Plus Health & Wellness Private Brands", "relevancy_score": 243.61432558139532, "price": "$83.66"}, {"title": "Ozark Trail Oversized Cozy Camp Chair", "tags": "Camping Tables Oversized Chairs Coleman Furniture Quad Ozark Trail Ultralight Rocking All", "relevancy_score": 1066.015515625, "price": "$39.95"}, {"title": "Northside Kids Icicle Waterproof Insulated Winter Snow Boot Toddler Little Kid Big Kid", "tags": "Boys Winter & Snow Boots Big Girls Clothes Little Toddler Cold Weather", "relevancy_score": 59.940666666666665, "price": "$25.57"}, {"title": "Evolved Harvest Throw & Gro No-Till Forage Food Plot Seed", "tags": "Attractants and Scent Eliminators Gravity Feeders Deer Calls Hunting Scents Feed for", "relevancy_score": 123.92437288135595, "price": "$9.97"}, {"title": "Realtree 100cc Camo Gas Powered Ride-On Mini Bike", "tags": "All Kids' Bikes Tricycles Boys Mossy Oak Toys Girls", "relevancy_score": 134.26390476190477, "price": "$379.00"}, {"title": "Tasco 10MP Camoflauge Trail Camera Low Glow Mossy Oak Bottomland, 119272CW", "tags": "3M Bodum Ozark Trail Crosman Winchester Bushnell Thermacell EEEkit", "relevancy_score": 165.85969230769228, "price": "$38.88"}, {"title": "Ozark Trail 10 Person 3-Room Cabin Tent with 2 Side Entrances", "tags": "8 Person Tents Instant Pop Up 12 Emergency Preparedness Coleman Ozark Trail Cabin", "relevancy_score": 1073.047054945055, "price": "$170.00"}, {"title": "Flambeau Outdoors Storm Front 2 Wood Duck Decoys - 6PK", "tags": "Optics Goose Decoys Big Game Browning Trail Cameras Turkey Flag Football Flags Predator Duck Calls", "relevancy_score": 114.46454545454546, "price": "$29.88"}, {"title": "Ozark Trail Compact Backpacking Chair, Black", "tags": "Camping Tables Oversized Chairs Coleman Furniture Quad Ozark Trail Camp Kitchen Stools Ultralight All", "relevancy_score": 303.08714285714285, "price": "$19.64"}, {"title": "18-in-1 Snowflake Multi-Tool,Keychain Stainless Steel snowboarding screwdriver Multi-Tool,Bottle opener, Cool gadgets, Portable Daily Tool for Outdoor Travel Camping Adventure Great Gift", "tags": "", "relevancy_score": 10.270125, "price": "$7.99"}, {"title": "FoodSaver Quart Size Liquid Block Vacuum Heat-seal Bags, 12 Count", "tags": "Vacuum Accessories Bags Lunch Boxes Shop All & Sealers", "relevancy_score": 2278.8697431906617, "price": "$9.88"}, {"title": "Energizer Rechargeable D Batteries, 2 Count", "tags": "9V Batteries All Disinfectant Cleaners AA C AAA Rayovac Rechargeable", "relevancy_score": 760.4801188118813, "price": "$9.13"}, {"title": "Okeechobee Fats Small Soft-Sided Tackle Bag with 2 Medium Utility Lure Box Storage Containers, Blue", "tags": "Mountain West River Fishing Great Lakes Lake Tackle Boxes Southeast Hooks Plano", "relevancy_score": 516.9755766423358, "price": "$10.96"}, {"title": "Resin Folding Chair with Molded Seat and Back, Black, 4-Pack", "tags": "Kitchen & Dining Folding Chairs Shop All Stacking Black White Metal Plastic", "relevancy_score": 240.9989387755102, "price": "$82.92"}, {"title": "McKesson Powder-Free Non-Sterile Medium Vinyl Exam 50ct Gloves Single Box", "tags": "", "relevancy_score": 0.0, "price": "$10.99"}, {"title": "The Pioneer Woman Luster Blue 15-Ounce Pearlized Tumbler, Set of 4", "tags": "Shop All The Pioneer Woman Tumblers Dishes Tools and Gadgets Dorm Dining Essentials Drinking Glasses New Arrivals & Hydration", "relevancy_score": 821.486411764706, "price": "$14.88"}, {"title": "Brita Ultramax Water Dispenser with Longlast Filter, 18 Cup - Black", "tags": "", "relevancy_score": 8628.752477211796, "price": "$44.00"}, {"title": "Ozark Trail 3/8\" x 25' Braided Utility Line", "tags": "Boat Bumpers Fishing Line Braided Dock Lines Climbing Paracord & Webbing Anchors Camping Straps Cords Fenders", "relevancy_score": 28.920333333333335, "price": "$2.74"}, {"title": "Energizer Vision HD+ 100 Lumen LED Headlamp, Includes Batteries", "tags": "All Lanterns Battery Ozark Trail Camping Accessories LED Emergency Preparedness Lights & Flashlights", "relevancy_score": 105.22853846153846, "price": "$9.86"}, {"title": "Ozark Trail Kids Camping Airbed with Travel Bag", "tags": "Coleman Camping Furniture Air Mattresses Family Tents Emergency Preparedness Queen Twin Ozark Trail Intex", "relevancy_score": 708.8801188118812, "price": "$24.96"}, {"title": "100 Latex White Gloves Powder Free Examination Gloves - Size XS", "tags": "", "relevancy_score": 20.508470588235294, "price": "$17.99"}, {"title": "PowerPro Braided Fishing Line, Ppr Ssv2 50Lb 300Yd Onyx, [31500500300X]", "tags": "Mountain West River Fishing Great Lakes Lake Pacific Line Southeast Inshore Northeast Ocean", "relevancy_score": 650.4173260869566, "price": "$36.17"}, {"title": "Ambitex Non-Sterile Powder-Free General Purpose Latex Glove  Medium, BX/100", "tags": "Boardwalk Infection Prevention Disposable Exam Gloves Medical Safety Healthcare Essentials Dust & Particle Masks", "relevancy_score": 67.44066666666667, "price": "$21.94"}, {"title": "Rosewill 5 Tray Height Adjustable Food, Fruit, Meat Dehydrator", "tags": "Deep Fryers Shop All Air Rice Cookers Aroma", "relevancy_score": 75.42075, "price": "$44.99"}, {"title": "Hunter Women's Original Short Rain Boot", "tags": "Womens Chelsea Boots Premium Timberland Booties Comfort & Hunter Mens Rain Boot", "relevancy_score": 140.161, "price": "$95.22"}, {"title": "Industrial Revolution, Inc. Stormproof Match Kit, Orange", "tags": "Camp Cooking Accessories Emergency Blankets Camping Fire Starters Knives & Tools Water Filters Preparedness First Aid Kits Survival", "relevancy_score": 25.617428571428572, "price": "$5.47"}, {"title": "Grip-It 30oz Tumbler Cup Handle for Yeti, Rtic, Ozark Trail and others", "tags": "Water Bottles & Hydration Hiking Gear Ozark Trail Camping Accessories Camp Kitchen Stainless Steel RTIC Coolers Drinkware", "relevancy_score": 511.8800519480519, "price": "$4.99"}, {"title": "Duracell Hearing Aid Batteries with Easy-Fit Tab, Size 312, 8 Ct", "tags": "", "relevancy_score": 1564.36382320442, "price": "$7.96"}, {"title": "Midland, MROER210, ER210 E+Ready Compact Emergency Crank Weather Radio, 1", "tags": "Weather Radios Hand Crank Flashlights Battery Lanterns First Aid Kits All Camping Accessories Lights & LED Survival", "relevancy_score": 463.47557664233574, "price": "$39.92"}, {"title": "Energizer Hearing Aid Batteries, EZ Turn & Lock Size 312 (16 Pack)", "tags": "", "relevancy_score": 99.46454545454546, "price": "$11.97"}, {"title": "COAST Polysteel 650 Heavy-Duty 710 Lumen Waterproof LED Flashlight with Twist Focus", "tags": "Rechargeable Flashlights Ozark Trail Camping Accessories Streamlight Tactical Emergency Preparedness All Lights & Lanterns LED", "relevancy_score": 26.71767567567568, "price": "$24.97"}, {"title": "Coleman Straight Leg Instant Canopy, 10 x 10, Tan & Black", "tags": "Canopy Sidewalls Tents Coleman Canopies Accessories Ozark Trail 12x12", "relevancy_score": 1448.767737704918, "price": "$102.00"}, {"title": "Coleman Evanston 6-Person Dome Tent with Screen Room", "tags": "6 Person Tents Instant Pop Up Family Camping Coleman Ozark Trail Cabin Father's Day -", "relevancy_score": 259.3316551724138, "price": "$119.99"}, {"title": "FoodSaver FM2100 Vacuum Sealing System for Food Preservation", "tags": "Vacuum Bags Lunch Boxes Shop All & Sealers FoodSaver", "relevancy_score": 2366.893322751323, "price": "$124.00"}, {"title": "Ozark Trail 10-Person Dark Rest Instant Cabin Tent", "tags": "Instant Tents Pop Up Family Camping 12 Person Emergency Preparedness Queen Air Mattresses Coleman Cabin", "relevancy_score": 637.8056464088398, "price": "$199.00"}, {"title": "Ozark Trail Braided Poly Stringer, 6\u2019", "tags": "Mountain West River Fishing Great Lakes Lake Hooks Weights Bobbers Line Northeast", "relevancy_score": 52.85956097560976, "price": "$1.48"}, {"title": "2 Duracell A23 23A, A23BP, GP23, MN21, 21/23 12V Alkaline Battery", "tags": "9V Batteries AA Coin & Button Cell C D AAA Rayovac Rechargeable", "relevancy_score": 97.7288, "price": "$5.60"}, {"title": "Frogg Togg Women's All Purpose Waterproof Rain Suit - Size Small, Cherry", "tags": "Ozark Trail Wenzel Pit Boss O\u2019Neill Winchester Mueller Sports Medicine Coleman", "relevancy_score": 137.56390476190475, "price": "$49.98"}, {"title": "Coleman Mosquito Mesh Head Net with Brim, Green", "tags": "All Lanterns Camping Storage Coleman Mosquito Nets Ozark Trail Accessories Emergency Preparedness First Aid Kits", "relevancy_score": 366.5324587155963, "price": "$3.33"}, {"title": "ACDelco 9V Batteries, Super Alkaline 9-Volt Battery, 12-Count", "tags": "Stock up on Paper & Plastic Back to College Up All Household Clean Living Cleaning Supplies Oral Care Laundry Room American Jobs 2020", "relevancy_score": 247.52125925925924, "price": "$15.92"}, {"title": "Intex Quick-Fill AC Electric 120V, 6.1'' x 10.4'' x 5.6'', Black, 1.75A, 210W, 0.85PSI,38.9 CFM", "tags": "Energizer Coleman Intex Achim Airhead", "relevancy_score": 332.0254, "price": "$24.94"}, {"title": "11110-26 Disposable Nitrile Gloves, Latex & Powder Free, Blue, One Size, 10-Ct. - Quantity 1", "tags": "Patient Care First Aid Only Flu Shop Microflex Latex Disposable Gloves Nitrile Vinyl", "relevancy_score": 6.392909090909091, "price": "$4.21"}, {"title": "First Aid Only Outdoor First Aid Kit, Fabric Case, 204 Pc", "tags": "FSA/HSA Eligible First Aid Kits Only Johnson & Equate Adventure Medical Tools Supplies Be Smart Get Prepared Physicianscare", "relevancy_score": 296.8813333333333, "price": "$19.05"}, {"title": "Slumberjack Shadow Mountain 20F-30F Hooded Sleeping Bag with Removable Liner, Indigo", "tags": "Ozark Trail Sleeping Bags 0 Degree All TETON Sports Coleman Mummy Wenzel Slumberjack", "relevancy_score": 70.44066666666667, "price": "$35.00"}, {"title": "Ozark Trail 100 Lumen Deluxe LED Tent Light for Camping, Battery-Powered", "tags": "All Lanterns Battery Ozark Trail Camping Accessories LED Emergency Preparedness Lights & Flashlights", "relevancy_score": 357.3102242990654, "price": "$10.88"}, {"title": "BlenderBottle 22oz ProStak Charcoal", "tags": "Aqua Fitness Water Bottles & Hydration Missouri Tigers Ole Miss Rebels All Exercise and Accessories Contigo Shaker Drinkware", "relevancy_score": 1.1394193548387097, "price": "$8.88"}, {"title": "CROSMAN COPPERHEAD BBS .177 COPPER-COATED STEEL 2500 CARTON", "tags": "Garden Chemicals & Treatments Weed Fungus Control Outdoor Lighting Parts Accessories Sprayers Fertilizer Shop All Porch Swings Snow Plows", "relevancy_score": 157.786776119403, "price": "$5.99"}, {"title": "Outdoor Products Replacement Bite Valve for Hydration Reservoirs Average", "tags": "Lawn Edging Pressure Washer Accessories Hose Connectors Nozzles Shop All Garden Hoses Reels", "relevancy_score": 37.89738461538462, "price": "$2.60"}, {"title": "Outdoor Party Tent with 4 Side Walls, 10' x 10' White Patio Gazebo Tent for Outside, 2020 Upgraded Sunshade Shelter Gazebo Canopy, Waterproof Outdoor Gazebo Tent for Backyard Wedding, I7412", "tags": "Canopy Sidewalls 10x10 Canopies Beach Tents Sun Shelters 10x20 Camping", "relevancy_score": 522.6832807881774, "price": "$63.99"}, {"title": "Maxell 377 SR626SW 1.55 Volt Silver Oxide Watch Batteries Factory Hologram (4 Batteries)", "tags": "AA Batteries Large Trash Bags Tough Job & Outdoor C All D AAA Rayovac", "relevancy_score": 51.0805, "price": "$4.50"}, {"title": "Stearns Antimicrobial Nylon Youth Vest", "tags": "Aqua Fitness Bilge Pumps Adult Life Jackets Coleman Camping Accessories Tandem Kayaks Child Youth Baby", "relevancy_score": 75.10330434782608, "price": "$19.97"}, {"title": "Ugly Stik GX2 Spinning Fishing Spinning Combo", "tags": "Southeast River Fishing Pacific Lake Midwest Northeast", "relevancy_score": 1251.3254862385322, "price": "$39.96"}, {"title": "4 Pack Duracell A23 21/23 Batteries 12V 23A, A23BP, GP23, MN21, 23GA, 23AE", "tags": "9V Batteries AA Coin & Button Cell C D AAA Rayovac Rechargeable", "relevancy_score": 35.81767567567567, "price": "$7.03"}, {"title": "Dealmed Conforming Stretch Gauze Bandage Rolls, 4\", 12/Bx", "tags": "Gauze & Antiseptics FSA/HSA Eligible and Pads Equate First Aid Bandages Tools Supplies Protect the Wound", "relevancy_score": 12.392909090909091, "price": "$2.96"}, {"title": "Ozark Trail 1/2 Gallon Double-wall Vacuum-sealed Stainless Steel Water Jug", "tags": "Water Bottles & Hydration Beverage Coolers All Ozark Trail Camping Accessories Camp Kitchen Stainless Steel Drinkware", "relevancy_score": 214.7598313253012, "price": "$18.74"}, {"title": "Mother Earth Products Dehydrated Vegetable Soup Blend, jar", "tags": "All Soup Dried Beans Fruits Emergency Food Freeze Fruit Fresh Vegetables Cold Weather Foods Brussel Sprouts and Cabbage", "relevancy_score": 119.46454545454546, "price": "$12.95"}, {"title": "iPets PET619S-1 100% Waterproof & Rechargeable Dog Shock Collar 1000 ft Remote Dog Training Collar with Beep Vibrating Electric Shock Collar for Dogs 10-100lbs", "tags": "Premier Pet Dog Bark Collars Control All & Leashes Petrainer PetSpy HotSpot Pets AGPtek Training", "relevancy_score": 195.81594736842106, "price": "$39.99"}, {"title": "Russell Boys Mid-weight Performance Super Soft Baselayer Thermal Set", "tags": "Mens Thermal Underwear & Long Johns Big Boys Snow Clothes Girls John Little Back to School Activewear Outfit Sets", "relevancy_score": 69.97518181818182, "price": "$14.98"}, {"title": "Ozark Trail Assorted Bungee Cords, 24 Count", "tags": "Tarps Camping Knives & Tools Ozark Trail Camp Kitchen All Accessories Lights Lanterns Straps Cords Father's Day - Tents", "relevancy_score": 35.81767567567567, "price": "$10.82"}, {"title": "Backyard Tent for Parties, URHOMEPRO 2020 Newest Wedding Party Tent, Waterproof Patio Gazebo with 8 Removable Sidewalls, Canopy Tent for Camping Outside Party BBQ, 10x30ft, White, W557", "tags": "10x10 Canopies Beach Tents Family Camping Sun Shelters 10x20 Canopy", "relevancy_score": 420.5547810650888, "price": "$47.98"}, {"title": "GTL Rechargeable Battery 18650 3.7V 12000mAh High-Capacity Power Supply Flashlight Li-ion Battery", "tags": "9V Batteries AA Coin & Button Cell C D AAA Rayovac Rechargeable", "relevancy_score": 103.82723076923077, "price": "$5.84"}, {"title": "AMMEX LX3 Latex Powder Free Industrial Disposable Gloves, Large, Ivory, 1000/Case", "tags": "Patient Care Flu Shop Microflex Latex Disposable Gloves Nitrile Vinyl Amerigroup OTC", "relevancy_score": 15.392909090909091, "price": "$17.07"}, {"title": "Microflex Safegrip SG-375 Latex Gloves - Disposable, Extended Cuff, Exam-Grade, Blue Gloves Size Large", "tags": "Nitrile Safety Gloves Disposable Exam Medical Lab Healthcare Essentials Commercial Dust & Particle Masks", "relevancy_score": 90.9758775510204, "price": "$21.90"}, {"title": "100 Shield\u2122 Vinal Blue Disposable Powder Free Gloves (Non Latex Vinyl Exam) Small", "tags": "Patient Care Flu Shop Ansell First Aid Tools & Supplies Microflex Nitrile Disposable Gloves Vinyl", "relevancy_score": 66.72088888888891, "price": "$18.50"}, {"title": "Shop-Vac 2.5 Gallon 2.5 Peak HP Wet/Dry Vacuum", "tags": "Shop-Vac Storm Prep Shop All Porter-Cable Black+Decker Clearance Tools HART Wet/Dry Vacuums Ridgid 20V Line", "relevancy_score": 39.0805, "price": "$49.98"}, {"title": "Scent Killer Gold Spray 24/24 Combo", "tags": "Athletic Performance Shapewear Game Feeders Deer Calls Bounty Hunter Metal Detectors Attractants Scent Eliminators Hunting Scents", "relevancy_score": 14.492909090909093, "price": "$14.99"}, {"title": "Augason Farms 72-Hour 4-Person Emergency Food Storage Kit 14 lbs 7 oz", "tags": "All Flashlights Sandbags & Flood Guards Personal Safety Paint Trays and Buckets Fans Shop Smoke Air Purifiers Floor", "relevancy_score": 381.18463157894735, "price": "$64.89"}, {"title": "Pulsar 12,000W Dual Fuel Portable Generator in Space Gray with Electric Start, G12KBN", "tags": "Portable Generators Standby Generator Accessories Champion Power Equipment Westinghouse Inverter Sportsman Dual Fuel", "relevancy_score": 43.0805, "price": "$899.99"}, {"title": "Outdoor Products 1 Liter Cyclone Water Bottle, Dress Blue 33 fl oz", "tags": "Plastic Water Bottles Nalgene Travel Mugs Contigo TAL Silicone Kids' Thermoses", "relevancy_score": 246.5598313253012, "price": "$5.97"}, {"title": "4 Emergency Rescue Space Thermal Mylar Blankets 84\" X 52\"", "tags": "Referee & Scorekeeping Emergency Blankets Camping Fire Starters Water Filters First Aid Kits All Accessories LED Flashlights Survival", "relevancy_score": 109.97558490566038, "price": "$5.99"}, {"title": "CreativeWare Circus 24-Ounce Multi-Colored Plastic Tumbler Set, Set of 8 Cups", "tags": "Summer Entertaining-Drinkware Drinkware Shop All Tumblers Outdoor Melamine Dinnerware Sets Dorm Dining Essentials Drinking Glasses", "relevancy_score": 606.3455928143713, "price": "$16.69"}, {"title": "Zerowater 20-Cup Ready-Pour Dispenser with Free Water Quality Meter ZD-20RP-N", "tags": "All Water Filtration Under Sink Filters ZeroWater Reverse Osmosis Systems Replacement Brita Pitchers", "relevancy_score": 553.7166583850932, "price": "$29.00"}, {"title": "Best Choice Products Folding Zero Gravity Recliner Lounge Chair w/ Canopy Shade and Cup Holder Tray - Beige", "tags": "Shop All Metal Patio Furniture Zero Gravity Chairs Outdoor Folding Chair Two Pack Lawn Single with Drink Tray Canopy", "relevancy_score": 4472.695255131965, "price": "$59.99"}, {"title": "Ozark Trail 1/3 Ounce Red Crawfish Crank Bait Lure", "tags": "Camillus Energizer Wenzel Coleman Igloo Intex Best Choice Products Tasco", "relevancy_score": 90.9758775510204, "price": "$1.97"}, {"title": "Beautyrest Silver Extraordinaire Air Mattress with Pump Twin Size", "tags": "Bed Sheets Microfiber Dorm Bundles Bedroom Furniture Specialty Mattresses Room Essentials Warm & Cozy", "relevancy_score": 1395.9789841269842, "price": "$79.00"}, {"title": "Enviro-Log 6 Pack/3 lb. Firelog Case", "tags": "Furnace Parts Fuel Fireplace Grates Logs Tool Sets Gas Fire Screens", "relevancy_score": 150.61523529411764, "price": "$21.20"}, {"title": "Powder-Free Nitrile Exam Gloves Blue Medical Grade, Latex Rubber Free, Disposable Large 3.5 Mil Box of 100", "tags": "Industrial Disposable Gloves Nitrile Safety Exam Medical Lab Healthcare Essentials Commercial", "relevancy_score": 50.43485714285714, "price": "$24.95"}, {"title": "Duracell AAA Bulk Pack 48 Piece", "tags": "9V Batteries AA Coin & Button Cell C D AAA Rayovac Rechargeable", "relevancy_score": 14.492909090909093, "price": "$19.99"}, {"title": "Wildgame Innovations Supercharged Corn Boost Deer Attractant, Game Feed, 4 lb", "tags": "Attractants and Scent Eliminators Gravity Feeders Deer Calls Hunting Scents Feed for Turkey", "relevancy_score": 68.57518181818182, "price": "$5.92"}, {"title": "Everest Classic Pattern Backpack, Dark Tropic, One Size", "tags": "Mens Backpacks Womens Young Men's Eastsport Savings Bags Juniors", "relevancy_score": 21.617428571428572, "price": "$11.99"}, {"title": "100 Disposable Gloves 3.5 Mil Vinal\u2122 Food Glove (Non Latex Vinyl Exam) XL", "tags": "Patient Care Equate First Aid Tools & Supplies Must Haves Microflex Latex Disposable Gloves Nitrile Vinyl", "relevancy_score": 354.24150000000003, "price": "$14.89"}, {"title": "Rayovac Recharge Plus NiMh, AA Batteries, 4 Count", "tags": "9V Batteries Coin & Button Cell C All D AAA Rayovac Rechargeable", "relevancy_score": 331.5631650485437, "price": "$21.48"}, {"title": "10 Packs (60 Batteries) iCellTech Size 312 Hearing Aid Batteries! 60 Batteries", "tags": "", "relevancy_score": 340.58714285714285, "price": "$13.25"}]