[{"title": "Btwin by DECATHLON - Unicorn 500 - 14'' - Pink - Kids Bike", "tags": "All Kids' Bikes Tricycles Schwinn Cruiser Huffy BMX Bicycles with Training Wheels Kid's", "relevancy_score": 54.69981029810299, "price": "$199.00"}, {"title": "Btwin by DECATHLON - Kids Bike 500 Robot - 16\" - Orange - Kids", "tags": "All Kids' Bikes Decathlon Kids Huffy BMX Hybrid Bicycles with Training Wheels Kid's", "relevancy_score": 114.12493827160495, "price": "$229.00"}, {"title": "Btwin by DECATHLON - Mountain Bike ST100 - 24\" - White - Kids", "tags": "All Kids' Bikes Decathlon Kids Mountain Women's BMX Mongoose", "relevancy_score": 81.02751633986928, "price": "$299.00"}, {"title": "Rockrider by DECATHLON - Mountain Bike ST 100 - XL - 27.5\" - Black", "tags": "Mountain Bikes Women's Hybrid Commuter Kids' Mongoose Decathlon", "relevancy_score": 204.2043567251462, "price": "$399.00"}, {"title": "Forclaz by DECATHLON - Trek 100 Hooded Padded Hiking Jacket", "tags": "Mens Outdoor Jackets & Outerwear Sweatshirts Hoodies Decathlon Hiking Shirts Pants Gear Men's Red Ledge Clothing Fleece", "relevancy_score": 663.9758380414313, "price": "$49.99"}, {"title": "Olaian by DECATHLON - Short Boardshorts Hendaia", "tags": "", "relevancy_score": 0.0, "price": "$7.99"}, {"title": "Quechua by DECATHLON - Camping Tent 2 Second Fresh & Black - 2 Person - Pop Up - White", "tags": "4 Person Tents Family Camping Decathlon Coleman 3 Ozark Trail Cabin 2", "relevancy_score": 508.3423015873015, "price": "$129.00"}, {"title": "Riverside by DECATHLON - Hybrid Bike Riverside 100 - L -700c - Black", "tags": "Mountain Bikes Women's Hybrid Commuter Schwinn Mongoose Road Decathlon", "relevancy_score": 124.10521367521368, "price": "$349.00"}, {"title": "Domyos by DECATHLON - Weight Training Cast Iron Standard Weight Plate - 20 kg / 44 lbs", "tags": "Maintain Good Form Exercise & Fitness Vary Your Workouts Flush Out Lactic Acid Gain Strength Spine and Back Routine Pixnor", "relevancy_score": 5.096164874551971, "price": "$59.99"}, {"title": "Btwin by DECATHLON - Mountain Bike ST 520 - M - 27.5\" - Dark Gray", "tags": "Mountain Bikes Women's Hybrid Decathlon Commuter Kids' Mongoose", "relevancy_score": 39.38794871794872, "price": "$499.00"}, {"title": "Rockrider by DECATHLON - Mountain Bike ST 100 - M - 27.5\" - White", "tags": "Electric Bikes Decathlon Kids Mountain Kids' Women's Road Hybrid", "relevancy_score": 78.51791666666666, "price": "$399.00"}, {"title": "Domyos by DECATHLON - 53lb Kettlebell", "tags": "Dumbbells Weight Sets Adjustable Kettlebells Kettlebell Training Weights Exercise Workout", "relevancy_score": 24.425873015873016, "price": "$119.00"}, {"title": "Quechua by DECATHLON - Camping Tent Arpenaz 2 - 2 Person - Green", "tags": "Instant Tents 4 Person Family Camping Decathlon Coleman 3 Ozark Trail 2", "relevancy_score": 749.5248185941043, "price": "$69.99"}, {"title": "Nyamba by DECATHLON - Tone Dumbbells Twin-Pack 2.2 lbs", "tags": "Weight Sets Training Weights Adjustable Dumbbell Dumbbells Exercise Racks Workout", "relevancy_score": 305.64951388888886, "price": "$19.99"}, {"title": "Quechua by DECATHLON - Air Seconds Fresh & Black 4.2 Inflatable Camping Tent | 4 Person 2 Bedroom", "tags": "Family Camping Tents 12 Person Decathlon Coleman 3 Ozark Trail Cabin 2", "relevancy_score": 185.70349206349206, "price": "$599.00"}, {"title": "Quechua by DECATHLON - Men's MH100 Waterproof Hiking Shoes", "tags": "Mens Athletic Shoes Boots Minnie Mouse Kids Leggings Men's Outfits Savings Running & Sneakers Hiking", "relevancy_score": 197.8490436005626, "price": "$59.99"}, {"title": "Quechua by DECATHLON - Women's MH100 Waterproof Hiking Shoes", "tags": "Womens Boots Winter & Snow Hiking Waterproof Work Shoes Boys Bearpaw Merrell Mid-calf", "relevancy_score": 168.86591503267977, "price": "$59.99"}, {"title": "Quechua by DECATHLON - Air Seconds Fresh & Black 6.3 Inflatable Camping Tent | 6 Person 3 Bedroom", "tags": "6 Person Tents Instant Family Camping Decathlon Coleman Ozark Trail Cabin Father's Day -", "relevancy_score": 59.4937037037037, "price": "$899.00"}, {"title": "Domyos by DECATHLON - Rubber Weight Disc 28 mm - 5.5 lbs", "tags": "Dumbbells Weight Bars Sets Barbells Training Weights Olympic Exercise Workout", "relevancy_score": 102.02751633986928, "price": "$24.99"}, {"title": "Quechua by DECATHLON - Camping Tent - 2 Second - 2 Person - Pop Up - Blue", "tags": "Backpacking Tents Instant 4 Person Family Camping Coleman 3 Ozark Trail 2", "relevancy_score": 113.8550505050505, "price": "$99.99"}, {"title": "Quechua by DECATHLON - Hiking Backpack NH500 20 L", "tags": "Outdoor Products Backpacks All Hiking Ozark Trail Gear Camping Accessories Decathlon Hydration Daypacks", "relevancy_score": 1717.2635117599352, "price": "$29.99"}, {"title": "Quechua by DECATHLON - Women's MH500 Waterproof Hiking Boots", "tags": "Womens Athletic Shoes Slippers Casual Sandals Hiking Boots Savings Women's", "relevancy_score": 89.31791666666668, "price": "$89.99"}, {"title": "Domyos by DECATHLON - Club 5mm Yoga Mat", "tags": "Gymnastics Exercise Mats Yoga Mat Bags Field Equipment & Accessories Towels Bikram Gym Flooring Pilates", "relevancy_score": 352.2931623931624, "price": "$34.99"}, {"title": "Domyos by DECATHLON - 2.8lb 28mm Rubber Disc Weight", "tags": "Weight Bars Sets Barbells Training Weights Olympic Barbell Collars Exercise Workout", "relevancy_score": 39.027602339181286, "price": "$19.99"}, {"title": "Quechua by DECATHLON - Women's Nature Hiking Boots NH500", "tags": "Mens Boots Womens Hiking Shoes Savings Men's All Women's Sandals", "relevancy_score": 31.363993993993997, "price": "$59.99"}, {"title": "Quechua by DECATHLON - Women's MH100 Hiking Pants", "tags": "Mens Jeans Pants Savings Cargo Slim Womens Casual Loungewear", "relevancy_score": 104.79368972746332, "price": "$19.99"}, {"title": "Triban by DECATHLON - Men's RC100 Short Sleeved Road Cycling Jersey", "tags": "", "relevancy_score": 83.91791666666667, "price": "$24.99"}, {"title": "Quechua by DECATHLON - Men's Country Walking Mid Waterproof Boots NH500", "tags": "Mens Boots Womens Hiking Men's All Work Shoes Savings Streetwear", "relevancy_score": 33.427602339181284, "price": "$69.99"}, {"title": "Triban by DECATHLON - Women's Short-Sleeved Cycling Jersey 500", "tags": "Bike Shorts Decathlon Hiking Pants Cycling Tights Softball Apparel Jerseys Performance Clothing", "relevancy_score": 65.4937037037037, "price": "$24.99"}, {"title": "Forclaz by DECATHLON - Trek 100 Down Hiking Jacket - 2XL - Grey - Woman", "tags": "Mens Outdoor Jackets & Outerwear Sweatshirts Hoodies Decathlon Hiking Shirts Pants Gear Men's Red Ledge Clothing Fleece", "relevancy_score": 99.19244444444445, "price": "$39.99"}, {"title": "Forclaz by DECATHLON - Trek 500 Ventilated Hiking Cap", "tags": "All Hiking Backpacks Backpacking Packs Mens Outdoor Jackets & Outerwear Ozark Trail Camping Accessories Hydration Pants Daypacks", "relevancy_score": 178.02148669796554, "price": "$9.99"}, {"title": "Quechua by DECATHLON - Mountain Hiking Backpack 20 L MH100", "tags": "TETON Sports Backpacks Outdoor Products All Hiking Ozark Trail Gear Decathlon Hydration Daypacks", "relevancy_score": 91.19244444444445, "price": "$29.99"}, {"title": "Quechua by DECATHLON - ARPENAZ 20\u00b0 COTTON Sleeping bag", "tags": "", "relevancy_score": 0.0, "price": "$49.99"}, {"title": "Quechua by DECATHLON - Men's MH100 Short-Sleeved Hiking T-Shirt", "tags": "Decathlon Hiking Jackets Pants Gear Mens Outdoor Shirts Fleece", "relevancy_score": 913.4037552742617, "price": "$6.99"}, {"title": "Forclaz by DECATHLON -Men's Trek 500 Hiking Pants", "tags": "Women's White Sierra Clothing Decathlon Hiking Jackets Womens Outdoor Pants Gear Bike Jerseys Fleece Mens Shorts & Outerwear", "relevancy_score": 231.37699588477366, "price": "$49.99"}, {"title": "Forclaz by DECATHLON - Hiking Pole MH500 Quick Precise Adjustment - Green", "tags": "Fishing Hats Walking Sticks Hiking Gear Trekking Poles Performance Cycling Clothing Outdoor Frogg Toggs Waders Realtree & Masks", "relevancy_score": 48.85174603174603, "price": "$19.99"}, {"title": "Wedze by DECATHLON - Children's Ski Gloves 500", "tags": "", "relevancy_score": 0.0, "price": "$24.99"}, {"title": "Quechua by DECATHLON - Men's Hiking Fleece Jacket MH100", "tags": "", "relevancy_score": 0.0, "price": "$9.99"}, {"title": "Forclaz by DECATHLON - Trek 100 Padded Hiking Jacket - 3XL - Black - Men", "tags": "Mens Outdoor Jackets & Outerwear Sweatshirts Hoodies Decathlon Hiking Shirts Pants Gear Men's Red Ledge Clothing Fleece", "relevancy_score": 265.14118863049094, "price": "$39.99"}, {"title": "Forclaz by DECATHLON - Trek 500 Convertible Hiking Pants - 40 (L31) - Blue - Woman", "tags": "Womens Pants Plus Workwear Dickies Women's Work Casual Wear-to-Work Savings & Leggings Activewear Capris", "relevancy_score": 23.425873015873016, "price": "$59.99"}, {"title": "Triban by DECATHLON - Men's Essential Short-Sleeved Road Cycling Jersey", "tags": "", "relevancy_score": 0.0, "price": "$9.99"}, {"title": "Quechua by DECATHLON - Sleeping Bag Liner Polyester", "tags": "", "relevancy_score": 39.38794871794872, "price": "$9.99"}, {"title": "Elops by DECATHLON - Bike Bell 100", "tags": "Bike Water Bottle Cages Baskets Lights Pads Helmets Bags & Carriers All Components Mirrors", "relevancy_score": 1312.5482118055554, "price": "$4.99"}, {"title": "Domyos by DECATHLON - FTS 100 Cardio Workout T-Shirt", "tags": "Mens T-Shirts & Tank Tops Savings Activewear Active Shorts New Big Tall Men's", "relevancy_score": 338.9419926538108, "price": "$7.99"}, {"title": "Quechua by DECATHLON - Kids' Hiking Fleece Jacket MH100", "tags": "Kid's White Sierra Clothing Mens Outdoor Jackets & Outerwear Regatta Red Ledge Kids Snowsports Hiking Gear Girls Womens", "relevancy_score": 85.71791666666668, "price": "$7.99"}, {"title": "Forclaz by DECATHLON - Mountain Backpacking Cap Trek 100", "tags": "Outdoor Kid's Accessories Bike Hats Neck Warmers Moosejaw Performance Cycling Clothing Decathlon Hiking Mens Snowsports Womens", "relevancy_score": 1586.7469924374636, "price": "$3.99"}, {"title": "Quechua by DECATHLON - Shelter Base Arpenaz M", "tags": "", "relevancy_score": 0.0, "price": "$149.00"}, {"title": "Forclaz by DECATHLON - Men's Trek 500 Hiking Shorts", "tags": "", "relevancy_score": 0.0, "price": "$39.99"}, {"title": "Quechua by DECATHLON - Air Seconds 4.1 Inflatable Camping Tent | 4 Person 1 Bedroom", "tags": "4 Person Tents Family Camping Decathlon Coleman 3 Ozark Trail Cabin 2", "relevancy_score": 313.73740041928716, "price": "$399.00"}, {"title": "Quechua by DECATHLON - Air Seconds Fresh & Black 5.2 Inflatable Camping Tent | 5 Person 2 Bedroom", "tags": "6 Person Tents Family Camping Decathlon Coleman 3 Ozark Trail Cabin Father's Day -", "relevancy_score": 48.85174603174603, "price": "$799.00"}, {"title": "Wedze by DECATHLON - Kids' Ski Base Layer Top 2Warm", "tags": "", "relevancy_score": 0.0, "price": "$16.99"}, {"title": "Wedze by DECATHLON - Children's Ski Gloves 100", "tags": "", "relevancy_score": 0.0, "price": "$19.99"}, {"title": "Wedze by DECATHLON - Children's Ski Socks 100", "tags": "", "relevancy_score": 0.0, "price": "$9.99"}, {"title": "Forclaz by DECATHLON - COMPACT BUMBAG KKI TRAVEL 2L", "tags": "Fanny Packs Mens Backpacks Holiday Gift in Bags & Accessories Juniors Savings Americana Shop Briefcases", "relevancy_score": 28.696851851851854, "price": "$9.99"}, {"title": "Wedze by DECATHLON - Children's Skiing Socks 100", "tags": "", "relevancy_score": 0.0, "price": "$9.99"}, {"title": "Quechua by DECATHLON - Women's Hiking Fleece Jacket MH100", "tags": "Men's Basic Sweatshirts Mens Big & Tall Loungewear Hoodies Sweaters Jackets Active Savings Pullover", "relevancy_score": 434.27132275132277, "price": "$12.99"}, {"title": "Quechua by DECATHLON - Men's Nature Hiking Shorts NH100", "tags": "", "relevancy_score": 1410.7255873015872, "price": "$9.99"}, {"title": "Wedze by DECATHLON - Kids' Ski Base Layer Top 2Warm", "tags": "", "relevancy_score": 0.0, "price": "$14.99"}, {"title": "Wedze by DECATHLON - Adult Fisherman Ski Hat", "tags": "", "relevancy_score": 0.0, "price": "$9.99"}, {"title": "Quechua by DECATHLON - Women's Hiking Pullover NH100", "tags": "", "relevancy_score": 0.0, "price": "$9.99"}, {"title": "Olaian by DECATHLON - Surfing Short Boardshorts 500", "tags": "", "relevancy_score": 0.0, "price": "$19.99"}, {"title": "Domyos by DECATHLON - Women's Organic Cotton Yoga Leggings", "tags": "Women's Activewear Sports Bras Athletic Works Clothing Womens Shorts & Skorts Savings Plus", "relevancy_score": 76.71791666666668, "price": "$19.99"}, {"title": "Domyos by DECATHLON - FTS 500 Cardio Workout T-Shirt", "tags": "Mens T-Shirts & Tank Tops Savings Activewear Active Shorts New Big Tall Men's", "relevancy_score": 148.73863799283154, "price": "$19.99"}, {"title": "Olaian by DECATHLON - Surfing Short Boardshorts 500", "tags": "", "relevancy_score": 0.0, "price": "$24.99"}, {"title": "Domyos by DECATHLON - Women's Cardio Workout Leggings 100", "tags": "Women's Activewear Sports Bras Athletic Works Clothing Womens Shorts & Skorts Savings Plus", "relevancy_score": 62.493703703703694, "price": "$19.99"}, {"title": "Forclaz by DECATHLON - Men's Backpacking Shorts Travel500", "tags": "", "relevancy_score": 0.0, "price": "$34.99"}, {"title": "Quechua by DECATHLON - Women's Country Walking Shorts NH500 Fresh", "tags": "Womens Plus Savings Shorts Activewear & Skorts Juniors Women's", "relevancy_score": 0.0, "price": "$19.99"}, {"title": "Quechua by DECATHLON - Camping Sleeping Bag 59\u00b0 Arpenaz", "tags": "", "relevancy_score": 102.4612393162393, "price": "$19.99"}, {"title": "Quechua by DECATHLON - Women's MH120 Fleece Hiking Jacket", "tags": "Mens Outdoor Jackets & Outerwear Sweatshirts Hoodies Decathlon Hiking Shirts Pants Gear Men's Red Ledge Clothing Fleece", "relevancy_score": 314.86852607709744, "price": "$19.99"}, {"title": "Wedze by DECATHLON - Children's Ski Pants 100", "tags": "", "relevancy_score": 0.0, "price": "$29.99"}, {"title": "Wedze by DECATHLON - Children's Ski Pants 100", "tags": "", "relevancy_score": 0.0, "price": "$29.99"}, {"title": "Forclaz by DECATHLON - Backpacking Light Sleeping Bag 59\u00b0 Trek 500", "tags": "", "relevancy_score": 115.7840873015873, "price": "$49.99"}, {"title": "Wedze by DECATHLON - Children's Skiing Pants PNF 500", "tags": "", "relevancy_score": 0.0, "price": "$49.99"}, {"title": "Quechua by DECATHLON - Women's Hiking Sweatshirt NH500", "tags": "", "relevancy_score": 0.0, "price": "$34.99"}, {"title": "Forclaz by DECATHLON - Trek 100 Padded Hiking Vest - 2XL - Black - Woman", "tags": "Womens Plus Coats & Jackets Savings Sofia Jeans by Vergara Shop All Casual Sweaters", "relevancy_score": 46.74527777777778, "price": "$34.99"}, {"title": "Quechua by DECATHLON - Women's Nature Hiking Pants NH500", "tags": "", "relevancy_score": 0.0, "price": "$34.99"}, {"title": "Forclaz by DECATHLON - Women's Travel 500 Reinforced Multi-Pocket Leggings", "tags": "Womens Pants Plus Workwear Dickies Women's Work Casual Wear-to-Work Savings & Leggings Activewear Capris", "relevancy_score": 15.2710101010101, "price": "$39.99"}, {"title": "Forclaz by DECATHLON - Trek 100 Padded Hiking Jacket - M - Black - Men", "tags": "Mens Outdoor Jackets & Outerwear Sweatshirts Hoodies Decathlon Hiking Shirts Pants Gear Men's Red Ledge Clothing Fleece", "relevancy_score": 265.14118863049094, "price": "$39.99"}, {"title": "Forclaz by DECATHLON - Men's Travel 500 Adjustable Hiking Shirt", "tags": "", "relevancy_score": 0.0, "price": "$39.99"}, {"title": "Forclaz by DECATHLON - Trek 100 Padded Hiking Jacket - 2XL - Black - Men", "tags": "Mens Outdoor Jackets & Outerwear Sweatshirts Hoodies Decathlon Hiking Shirts Pants Gear Men's Red Ledge Clothing Fleece", "relevancy_score": 265.14118863049094, "price": "$39.99"}, {"title": "Quechua by DECATHLON - Men\u2019s Snow Hiking Pants X-Warm Stretch SH500", "tags": "", "relevancy_score": 0.0, "price": "$69.99"}, {"title": "Quechua by DECATHLON - Hiking Backpack MH500 - 30 L - Black Pink", "tags": "TETON Sports Backpacks Outdoor Products All Hiking Travel & Duffel Bags Ozark Trail Gear Hydration Daypacks", "relevancy_score": 9.186319444444445, "price": "$79.99"}, {"title": "Quechua by DECATHLON - Hiking Backpack MH500 - 30 L  - Kaki", "tags": "TETON Sports Backpacks Outdoor Products All Hiking Travel & Duffel Bags Ozark Trail Gear Hydration Daypacks", "relevancy_score": 28.563993993993993, "price": "$79.99"}, {"title": "Triban by DECATHLON - Men's Cycling EN1150 Visible Winter Jacket RC500", "tags": "", "relevancy_score": 0.0, "price": "$89.99"}, {"title": "Forclaz by DECATHLON - Feather Trek 900 50\u00b0 Hiking Sleeping Bag", "tags": "", "relevancy_score": 0.0, "price": "$99.99"}, {"title": "Forclaz by DECATHLON - Women's Trek 100 Easyfit 60 L Hiking Backpack", "tags": "TETON Sports Backpacks Outdoor Products All Hiking Ozark Trail Gear Hydration Lithic Daypacks", "relevancy_score": 5.096164874551971, "price": "$99.99"}, {"title": "Quechua by DECATHLON - Hiking Backpack MH500 - 40 L - Grey", "tags": "TETON Sports Backpacks Outdoor Products All Hiking Travel & Duffel Bags Ozark Trail Gear Hydration Daypacks", "relevancy_score": 4.096164874551971, "price": "$99.99"}, {"title": "Forclaz by DECATHLON - Women's Trek 100 Flexible Leather Hiking Boots", "tags": "Womens Athletic Shoes Slippers Casual Sandals Savings All Flats Women's", "relevancy_score": 0.0, "price": "$119.00"}, {"title": "Forclaz by DECATHLON - Men's Trek 100 Flexible Leather Hiking Boots", "tags": "Mens Slippers Brahma Men's Boots All Work Shoes Savings Hiking", "relevancy_score": 31.745277777777776, "price": "$119.00"}, {"title": "Forclaz by DECATHLON - Men's Trek 100 Easyfit 70 L Hiking Backpack", "tags": "", "relevancy_score": 0.0, "price": "$119.00"}]