[{"title": "Resident Evil: The Complete Collection (DVD)", "tags": "All Sci-Fi & Fantasy Boxed Sets Collections Movies TV Horror Instawatch Action Adventure DVD", "relevancy_score": 89.47806153846153, "price": "$15.96"}, {"title": "Underworld: Ultimate Collection (DVD)", "tags": "All Sci-Fi & Fantasy Boxed Sets Collections Movies TV Instawatch Action Adventure DVD Horror", "relevancy_score": 44.8734, "price": "$17.96"}, {"title": "Insidious: 4-Movie Collection (DVD)", "tags": "All 4K Ultra HD Movies Instawatch Comedy Horror Supernatural Drama Action & Adventure Kids and Family", "relevancy_score": 40.73549473684211, "price": "$19.63"}, {"title": "Stephen King: Movies & TV Collection (DVD)", "tags": "All Mystery & Suspense Classic Horror Movies Slasher Supernatural Sci-Fi Fantasy TV Shows DVD Instawatch Classics", "relevancy_score": 85.07806153846153, "price": "$15.19"}, {"title": "Stephen King: 6-Film Collection (DVD)", "tags": "All Mystery & Suspense Classic Horror Movies Slasher Supernatural Espionage Sci-Fi Fantasy TV Shows Instawatch Classics", "relevancy_score": 52.63730731707317, "price": "$12.96"}, {"title": "Grindhouse (Planet Terror / Death Proof) (Special Edition) (Blu-ray)", "tags": "Star Wars Movies Military & War Action Political Combat All Mystery Suspense Television Adventure", "relevancy_score": 21.499085714285716, "price": "$9.99"}, {"title": "The Relic (DVD)", "tags": "All Mystery & Suspense Action Drama Movies Classic Horror Slasher Supernatural Instawatch Adventure", "relevancy_score": 25.499085714285716, "price": "$4.99"}, {"title": "Halloween (DVD)", "tags": "All Mystery & Suspense Slasher Horror Movies Supernatural DVD Instawatch Comedy Holiday", "relevancy_score": 252.09967407407407, "price": "$4.99"}, {"title": "The Conjuring/The Conjuring 2 (DVD)", "tags": "All Mystery & Suspense New DVD Releases Supernatural Horror Movies Instawatch Action Adventure Holiday", "relevancy_score": 31.460951351351355, "price": "$8.96"}, {"title": "Blade / Blade II / Blade: Trinity (Blu-ray)", "tags": "Dexter Action All Sci-Fi & Fantasy Adventure Instawatch Movies Horror Marvel", "relevancy_score": 35.93549473684211, "price": "$10.00"}, {"title": "Resident Evil: The Complete Collection (DVD)", "tags": "All Sci-Fi & Fantasy Boxed Sets Collections Movies TV Horror Instawatch Action Adventure DVD", "relevancy_score": 89.47806153846153, "price": "$15.96"}, {"title": "Underworld: Ultimate Collection (DVD)", "tags": "All Sci-Fi & Fantasy Boxed Sets Collections Movies TV Instawatch Action Adventure DVD Horror", "relevancy_score": 44.8734, "price": "$17.96"}, {"title": "The Bye Bye Man (DVD)", "tags": "All Mystery & Suspense Slasher Horror Movies Supernatural DVD Instawatch Holiday", "relevancy_score": 12.3176, "price": "$3.74"}, {"title": "What Lies Beneath (DVD)", "tags": "All Mystery & Suspense Action Drama Movies Animated Supernatural Horror Romantic Comedies Comedy DVD", "relevancy_score": 35.66095135135135, "price": "$7.53"}, {"title": "3 From Hell (Blu-ray + DVD)", "tags": "All 4K Ultra HD Movies Anime & Animation Cartoons Family Comedy Slasher Horror Action Adventure Children Instawatch", "relevancy_score": 62.156204651162795, "price": "$7.50"}, {"title": "5 Film Collection: Harrowing Horror (DVD)", "tags": "All Mystery & Suspense Classic Horror Movies Slasher Supernatural DVD Instawatch Classics", "relevancy_score": 15.3176, "price": "$9.90"}, {"title": "It Chapter Two (Blu-ray + DVD + Digital Copy)", "tags": "All 4K Ultra HD Movies Summer Picks Anime & Animation My Hero Academia TV Shows Spanish Language New Release Comedy Children Family", "relevancy_score": 106.4385411764706, "price": "$15.96"}, {"title": "Ma (Blu-ray + DVD)", "tags": "Disney Princess Movies All 4K Ultra HD Mystery & Suspense Adventure French Spanish Language Action Children Family", "relevancy_score": 27.96095135135135, "price": "$10.00"}, {"title": "Doctor Sleep (DVD + Digital Copy)", "tags": "All 4K Ultra HD Movies Summer Picks Mystery & Suspense New DVD Releases Horror Sci-Fi Fantasy Action Adventure Comedy", "relevancy_score": 90.6546612244898, "price": "$9.96"}, {"title": "Underwater (DVD)", "tags": "Summer Picks All Mystery & Suspense Military War Action Movies Political Combat New Release Adventure", "relevancy_score": 55.656204651162795, "price": "$14.96"}, {"title": "Insidious: Chapter 2 (DVD)", "tags": "Walmart Exclusives Instawatch Comedy Movies All Horror Supernatural Drama Action & Adventure DVD", "relevancy_score": 43.10621538461539, "price": "$5.99"}, {"title": "Annabelle Trilogy (DVD)", "tags": "All Mystery & Suspense New DVD Releases Spanish Language Movies Supernatural Horror Release Instawatch", "relevancy_score": 9.21835, "price": "$19.90"}, {"title": "Christine (DVD)", "tags": "All 4K Ultra HD Movies Classic Horror Supernatural Action & Adventure TV Shows Mysteries Sci-Fi Fantasy DVD Classics", "relevancy_score": 169.88116923076922, "price": "$9.89"}, {"title": "The Lost Boys / Lost Boys: The Tribe / Lost Boys: The Thirst (Blu-ray)", "tags": "Instawatch Sci-Fi & Fantasy Movies Classic Horror Comic Action Adventure DVD All Comedy", "relevancy_score": 52.63730731707317, "price": "$12.88"}, {"title": "Phantasm 5 Movie DVD Collection", "tags": "Instawatch Sci-Fi & Fantasy Movies All Mystery Suspense Italian Classic Horror Slasher Supernatural DVD", "relevancy_score": 36.73549473684211, "price": "$18.99"}, {"title": "Friend Request (DVD)", "tags": "All Mystery & Suspense Action Drama Movies Romance Horror Crime About Race Instawatch Adventure", "relevancy_score": 10.21835, "price": "$3.74"}, {"title": "A Quiet Place (DVD)", "tags": "All Mystery & Suspense Horror Movies Military Political Slasher Supernatural War About Race Instawatch", "relevancy_score": 57.1116, "price": "$5.38"}, {"title": "The Curse of La Llorona (DVD)", "tags": "All Mystery & Suspense Animation 4K Ultra HD Movies French Spanish Language Supernatural Horror Batman Instawatch", "relevancy_score": 8.21835, "price": "$10.11"}, {"title": "Ma (DVD)", "tags": "All Mystery & Suspense Classic Comedies Spanish Language Movies Supernatural Horror About Race Instawatch Comedy Classics", "relevancy_score": 58.598171428571426, "price": "$9.87"}, {"title": "Child's Play (DVD)", "tags": "All Mystery & Suspense Spanish Language Movies Slasher Horror Supernatural About Race New Release DVD Holiday", "relevancy_score": 39.93549473684211, "price": "$9.96"}, {"title": "Insidious: Chapter 2 (DVD)", "tags": "Walmart Exclusives Instawatch Comedy Movies All Horror Supernatural Drama Action & Adventure DVD", "relevancy_score": 43.10621538461539, "price": "$5.99"}, {"title": "The Cabin in the Woods (DVD + Digital Copy)", "tags": "All 4K Ultra HD Movies Horror Slasher Supernatural Comic DVD Instawatch Holiday", "relevancy_score": 98.27806153846154, "price": "$7.99"}, {"title": "Get Out (DVD)", "tags": "All Mystery & Suspense Action Drama Movies Horror Supernatural Combat New Release Instawatch", "relevancy_score": 43.10621538461539, "price": "$6.99"}, {"title": "Dee Snider's Strangeland (DVD)", "tags": "All Mystery & Suspense Action Drama Movies Horror Romantic Classic Slasher Supernatural DVD", "relevancy_score": 69.7116, "price": "$6.69"}, {"title": "Universal Classic Monsters Collection (DVD)", "tags": "Jurassic Park Movies Fast & Furious World Classic Comedies Horror Sci-Fi DVD All Classics", "relevancy_score": 10.21835, "price": "$39.09"}, {"title": "Halloween (4K Ultra HD + Blu-ray)", "tags": "All 4K Ultra HD Movies French Spanish Language Slasher Horror DVD Action & Adventure Holiday Sci-Fi Fantasy", "relevancy_score": 17.611011764705882, "price": "$14.99"}, {"title": "Children of the Corn (DVD)", "tags": "All Mystery & Suspense Classic Thrillers Horror Movies Supernatural DVD Instawatch Holiday Classics", "relevancy_score": 25.499085714285716, "price": "$7.99"}, {"title": "Friday the 13th: Parts 5-8 Collection (DVD)", "tags": "All Mystery & Suspense Action Romance Slasher Horror Movies Supernatural Boxed Sets Collections TV DVD Holiday Instawatch", "relevancy_score": 11.417600000000002, "price": "$7.99"}, {"title": "Poltergeist II / Poltergeist III (DVD)", "tags": "All Mystery & Suspense Classic Action Movies Horror Slasher Supernatural Sci-Fi Fantasy DVD Classics", "relevancy_score": 24.499085714285716, "price": "$9.99"}, {"title": "Sweeney Todd: The Demon Barber of Fleet Street (DVD)", "tags": "All Horror Movies Family Drama Sci-Fi & Fantasy Mystery Suspense DVD Comedy", "relevancy_score": 10.21835, "price": "$4.99"}, {"title": "Zombieland: Double Tap (Blu-ray + DVD + Digital Copy)", "tags": "All 4K Ultra HD Movies Summer Picks New DVD Releases Comic Horror Sci-Fi & Fantasy Release Instawatch Action Adventure", "relevancy_score": 121.22202857142857, "price": "$24.07"}, {"title": "The Wolfman (Unrated) (DVD)", "tags": "Other Halloween Accessories Trick-or-Treat Bags Masks Baking & Cooking Supplies Witch Costumes Scary Men's Party Tableware", "relevancy_score": 109.55271111111111, "price": "$20.67"}, {"title": "30 Days of Night (Blu-ray)", "tags": "Other Halloween Accessories Trick-or-Treat Bags Masks Baking & Cooking Supplies Witch Costumes Scary Men's Party Tableware", "relevancy_score": 27.96095135135135, "price": "$5.33"}, {"title": "Interview With the Vampire: The Vampire Chronicles (Blu-ray)", "tags": "Other Halloween Accessories Trick-or-Treat Bags Masks Baking & Cooking Supplies Witch Costumes Scary Men's Party Tableware", "relevancy_score": 54.837307317073176, "price": "$9.99"}, {"title": "Firestarter (DVD)", "tags": "Shop STEM ages 12 and Up All Smurfs Goonies Teenage Mutant Ninja Turtles Michael Jordan Gremlins Transformers Pinky the Brain", "relevancy_score": 15.3176, "price": "$7.99"}, {"title": "Ghost Ship (DVD)", "tags": "Other Halloween Accessories Trick-or-Treat Bags Masks Baking & Cooking Supplies Witch Costumes Scary Men's Party Tableware", "relevancy_score": 40.406215384615386, "price": "$9.99"}, {"title": "Halloween II (DVD)", "tags": "Other Halloween Accessories Trick-or-Treat Bags Masks Baking & Cooking Supplies Witch Costumes Scary Men's Party Tableware", "relevancy_score": 81.1636425531915, "price": "$5.00"}, {"title": "Halloween (DVD)", "tags": "Other Halloween Accessories Trick-or-Treat Bags Masks Baking & Cooking Supplies Witch Costumes Scary Men's Party Tableware", "relevancy_score": 38.60621538461539, "price": "$5.99"}, {"title": "The Texas Chainsaw Massacre (DVD)", "tags": "Other Halloween Accessories Trick-or-Treat Bags Masks Baking & Cooking Supplies Witch Costumes Scary Men's Party Tableware", "relevancy_score": 47.8734, "price": "$5.99"}, {"title": "Annabelle (DVD)", "tags": "Other Halloween Accessories Trick-or-Treat Bags Masks Baking & Cooking Supplies Witch Costumes Scary Men's Party Tableware", "relevancy_score": 24.499085714285716, "price": "$3.99"}, {"title": "Tales From The Hood 3 (DVD)", "tags": "", "relevancy_score": 0.0, "price": "$9.96"}, {"title": "Shivers (Vestron Video Collector's Series) (Blu-ray)", "tags": "", "relevancy_score": 0.0, "price": "$12.65"}, {"title": "Rob Zombie Trilogy (Blu-ray)", "tags": "All 4K Ultra HD Movies Mystery & Suspense Supernatural Horror Sci-Fi Fantasy New Release Action Adventure Instawatch", "relevancy_score": 5.112696774193548, "price": "$12.96"}, {"title": "They Live (Collector's Edition) (Blu-ray)", "tags": "All 4K Ultra HD Movies Mystery & Suspense Action Thriller Sci-Fi Fantasy Adventure DVD", "relevancy_score": 24.499085714285716, "price": "$14.99"}, {"title": "The Meg (Blu-ray)", "tags": "All 4K Ultra HD Movies Mystery & Suspense Supernatural Horror Sci-Fi Fantasy New Release Action Adventure Instawatch", "relevancy_score": 23.76095135135135, "price": "$8.96"}, {"title": "What We Do in the Shadows (DVD)", "tags": "All 4K Ultra HD Movies Mystery & Suspense Family Drama Supernatural Horror New Release Action Adventure Instawatch", "relevancy_score": 35.66095135135135, "price": "$10.38"}, {"title": "Constantine (DVD)", "tags": "Summer Picks All Anime & Animation Horror Movies Sci-Fi Fantasy Batman DVD Instawatch Comedy", "relevancy_score": 86.8546612244898, "price": "$5.99"}, {"title": "The Mummy (DVD)", "tags": "Instawatch Sci-Fi & Fantasy Movies Action All War Military Adventure DVD", "relevancy_score": 38.60621538461539, "price": "$5.00"}, {"title": "Hellraiser 6-Movie Collection (DVD)", "tags": "", "relevancy_score": 13.2176, "price": "$12.96"}, {"title": "Candyman (Collector's Edition) (Blu-ray)", "tags": "All 4K Ultra HD Movies Mystery & Suspense Biographies Classic Horror Action Sci-Fi Fantasy Adventure Classics", "relevancy_score": 10.21835, "price": "$15.71"}, {"title": "Jennifer's Body (DVD) (Walmart Exclusive)", "tags": "Walmart Exclusives All 4K Ultra HD Movies Mystery & Suspense Supernatural Horror Comic DVD Instawatch", "relevancy_score": 0.0, "price": "$5.00"}, {"title": "From Dusk Till Dawn (Blu-ray)", "tags": "", "relevancy_score": 0.0, "price": "$16.67"}, {"title": "Halloween 4: The Return Of Michael Myers (DVD)", "tags": "", "relevancy_score": 0.0, "price": "$7.59"}, {"title": "A Nightmare on Elm Street / a Nightmare on Elm Street 2: Freddy\u2019s Revenge (DVD)", "tags": "All 4K Ultra HD Movies Mystery & Suspense Slasher Horror DVD Action Adventure Instawatch Holiday", "relevancy_score": 5.112696774193548, "price": "$8.40"}, {"title": "Jeepers Creepers & Jeepers Creepers 2 Double Feature Widescreen (Blu-ray)", "tags": "All 4K Ultra HD Movies Mystery & Suspense Supernatural Horror Sci-Fi Fantasy New Release Action Adventure Instawatch", "relevancy_score": 5.112696774193548, "price": "$12.95"}, {"title": "Haunting Hour: Don't Think About It (DVD)", "tags": "Instawatch Comedy Movies Family Sci-Fi & Fantasy Dark TV Shows All Kids and", "relevancy_score": 15.3176, "price": "$8.49"}, {"title": "Texas Chainsaw (Blu-ray + Blu-ray + Digital Copy)", "tags": "All Mystery & Suspense Horror Movies Slasher Supernatural Instawatch Drama Action Adventure DVD", "relevancy_score": 5.112696774193548, "price": "$16.93"}, {"title": "The Purge: Anarchy (DVD)", "tags": "Instawatch Comedy Movies All Horror Sci-Fi & Fantasy Drama Action Adventure DVD", "relevancy_score": 0.0, "price": "$5.00"}, {"title": "The Purge / The Purge: Anarchy (DVD)", "tags": "All 4K Ultra HD Movies Mystery & Suspense Supernatural Horror Sci-Fi Fantasy Instawatch Drama Action Adventure", "relevancy_score": 14.417600000000002, "price": "$21.13"}, {"title": "J.K. Rowling\u2019s Wizarding World: 9-Film Collection (Blu-ray)", "tags": "Summer Picks All Mystery & Suspense Family Sci-Fi Fantasy Movies Boxed Sets Collections TV Children Harry Potter", "relevancy_score": 15.3176, "price": "$64.68"}, {"title": "The Blair Witch Project (Blu-ray)", "tags": "Other Halloween Accessories Trick-or-Treat Bags Masks Baking & Cooking Supplies Witch Costumes Scary Men's Party Tableware", "relevancy_score": 0.0, "price": "$12.22"}, {"title": "Bram Stokers Dracula / Mary Shelleys Frankenstein (Blu-ray)", "tags": "Instawatch Comedy Movies Military & War Action Romance All Horror Drama", "relevancy_score": 4.112696774193548, "price": "$9.99"}, {"title": "An American Werewolf in London (Blu-ray)", "tags": "All 4K Ultra HD Movies Steelbook & TV Shows Mystery Suspense Supernatural Horror Sci-Fi Fantasy Action Adventure Instawatch", "relevancy_score": 5.112696774193548, "price": "$9.99"}, {"title": "Insidious: Chapter 3 (DVD)", "tags": "Walmart Exclusives All Horror Movies Family Drama Supernatural Comedy TV Shows Instawatch Romance DVD", "relevancy_score": 25.78226666666667, "price": "$7.99"}, {"title": "Gremlins (4K Ultra HD + Blu-ray)", "tags": "All 4K Ultra HD Movies Military & War Action Political Sci-Fi Fantasy Combat Adventure Marvel", "relevancy_score": 5.112696774193548, "price": "$24.16"}, {"title": "The Island of Dr. Moreau (Unrated Director's Cut) (Unrated) (DVD)", "tags": "All 4K Ultra HD Movies Action Romance Alien Star Trek Mysteries TV Shows Sci-Fi & Fantasy Adventure", "relevancy_score": 0.0, "price": "$14.99"}, {"title": "Stephen King's Silver Bullet (Collector's Edition) (Blu-ray)", "tags": "All 4K Ultra HD Movies Mystery & Suspense Action Sci-Fi Fantasy Adventure Instawatch Horror", "relevancy_score": 5.112696774193548, "price": "$24.96"}, {"title": "The Uninvited (Criterion Collection) (DVD)", "tags": "All 4K Ultra HD Movies Mystery & Suspense Action Drama Classic Thrillers Supernatural Horror DVD Adventure Classics", "relevancy_score": 40.73549473684211, "price": "$14.49"}, {"title": "Child's Play (Blu-ray)", "tags": "Walmart Exclusives Spanish Language Movies Slasher Horror Comic DVD Holiday All Classics", "relevancy_score": 5.112696774193548, "price": "$10.28"}, {"title": "The Purge: Election Year (DVD)", "tags": "All 4K Ultra HD Movies Mystery & Suspense Sci-Fi Fantasy Instawatch Drama DVD Action Adventure Horror", "relevancy_score": 20.411011764705883, "price": "$5.00"}, {"title": "Crimson Peak (DVD)", "tags": "Action Drama Movies All Horror Classic Supernatural Instawatch DVD Mystery & Suspense Classics", "relevancy_score": 23.499085714285716, "price": "$7.99"}, {"title": "They Live (Collector's Edition) (DVD)", "tags": "All 4K Ultra HD Movies Mystery & Suspense Classic Horror Supernatural Sci-Fi Fantasy Action Adventure Instawatch", "relevancy_score": 20.411011764705883, "price": "$11.99"}, {"title": "Scream 3 (DVD)", "tags": "Other Halloween Accessories Trick-or-Treat Bags Masks Baking & Cooking Supplies Witch Costumes Scary Men's Party Tableware", "relevancy_score": 10.21835, "price": "$6.59"}, {"title": "The Uninvited (Criterion Collection) (Blu-ray)", "tags": "All 4K Ultra HD Movies Mystery & Suspense Supernatural Horror Sci-Fi Fantasy New Release Action Adventure Instawatch", "relevancy_score": 4.112696774193548, "price": "$27.26"}, {"title": "Bride of Chucky (Blu-ray)", "tags": "All 4K Ultra HD Movies Mystery & Suspense Supernatural Horror Sci-Fi Fantasy New Release Action Adventure Instawatch", "relevancy_score": 0.0, "price": "$19.99"}, {"title": "Dark Shadows: 50th Anniversary Collector\u2019s Edition (DVD)", "tags": "United Kingdom Movies Educational Classics TV Shows Sci-Fi & Fantasy All Documentaries DVD Comedy", "relevancy_score": 24.499085714285716, "price": "$9.90"}, {"title": "Carrie (DVD)", "tags": "Instawatch Comedy Movies All Horror Supernatural Drama Action & Adventure DVD", "relevancy_score": 5.112696774193548, "price": "$9.87"}, {"title": "30 Days of Night (DVD)", "tags": "All 4K Ultra HD Movies Mystery & Suspense Supernatural Horror Sci-Fi Fantasy New Release Action Adventure Instawatch", "relevancy_score": 85.91010000000001, "price": "$6.59"}, {"title": "From Hell (DVD)", "tags": "Other Halloween Accessories Trick-or-Treat Bags Masks Baking & Cooking Supplies Witch Costumes Scary Men's Party Tableware", "relevancy_score": 53.73730731707317, "price": "$6.09"}, {"title": "Silent Hill (DVD)", "tags": "All 4K Ultra HD Movies Supernatural Horror Boxed Sets & Collections TV DVD Instawatch Holiday", "relevancy_score": 25.499085714285716, "price": "$6.69"}, {"title": "Hellsing: The Complete Collection (Blu-ray)", "tags": "Anime Horror All 4K Ultra HD Movies Mystery & Suspense TV Shows Japanese Boxed Sets Collections Action Adventure Instawatch", "relevancy_score": 0.0, "price": "$39.99"}, {"title": "Lake Placid: Legacy (DVD)", "tags": "Jurassic Park Movies All Mystery & Suspense World Slasher Horror Action Sci-Fi Fantasy DVD Adventure", "relevancy_score": 21.499085714285716, "price": "$7.99"}, {"title": "R.L. Stine's Monsterville: Cabinet of Souls (DVD)", "tags": "", "relevancy_score": 15.3176, "price": "$8.49"}, {"title": "Conjuring Universe (6-Film Collection) (Blu-ray)", "tags": "Instawatch Comedy Movies All Mystery & Suspense Family Classic Supernatural Horror DVD", "relevancy_score": 9.21835, "price": "$54.99"}, {"title": "Annihilation (4K Ultra HD + Blu-ray)", "tags": "All 4K Ultra HD Movies Mystery & Suspense French Spanish Language Sci-Fi Fantasy New Release Action Adventure", "relevancy_score": 0.0, "price": "$14.96"}, {"title": "The Evil Dead (4K Ultra HD + Blu-ray + Digital Copy)", "tags": "All 4K Ultra HD Movies Mystery & Suspense Crime French Spanish Language New Release Action Adventure Comedy", "relevancy_score": 11.417600000000002, "price": "$14.96"}, {"title": "True Blood: The Complete Series (DVD)", "tags": "Buffy the Vampire Slayer Movies & TV Shows Action Adventure Comedy Drama Sci-Fi Fantasy Boxed Sets Collections Seinfeld Television", "relevancy_score": 54.837307317073176, "price": "$154.49"}, {"title": "Highway to Hell (Blu-ray)", "tags": "All Horror Movies Japanese Star Trek Action & Adventure TV Shows Mysteries Sci-Fi Fantasy 4K Ultra HD Instawatch", "relevancy_score": 5.112696774193548, "price": "$19.99"}, {"title": "Split (Blu-ray)", "tags": "All 4K Ultra HD Movies Mystery & Suspense Sci-Fi Fantasy DVD Action Adventure Instawatch Horror", "relevancy_score": 1.1126967741935483, "price": "$5.99"}, {"title": "The Texas Chainsaw Massacre: The Beginning (Blu-ray)", "tags": "All 4K Ultra HD Movies Mystery & Suspense Slasher Horror Supernatural Action Adventure Instawatch", "relevancy_score": 10.21835, "price": "$18.55"}, {"title": "Blumhouse\u2019s Truth or Dare (Unrated) (Blu-ray + DVD + Digital Copy)", "tags": "All 4K Ultra HD Movies Mystery & Suspense Horror Action Thriller Spanish Language Instawatch Drama Adventure", "relevancy_score": 27.582266666666666, "price": "$11.52"}, {"title": "Tales From the Crypt Presents: Bordello of Blood (Blu-ray)", "tags": "All 4K Ultra HD Movies Mystery & Suspense Supernatural Horror Boxed Sets Collections TV DVD Action Adventure Instawatch", "relevancy_score": 0.0, "price": "$22.99"}, {"title": "Haunting Of Winchester House (DVD)", "tags": "All 4K Ultra HD Movies Mystery & Suspense Supernatural Horror Sci-Fi Fantasy New Release Action Adventure Instawatch", "relevancy_score": 4.112696774193548, "price": "$12.75"}, {"title": "Us (Blu-ray + DVD + Digital Copy)", "tags": "All 4K Ultra HD Movies Mystery & Suspense French Spanish Language Sci-Fi Fantasy About Race Action Adventure Marvel", "relevancy_score": 58.25620465116279, "price": "$10.00"}, {"title": "The Monster Squad (DVD)", "tags": "Barbie Movies Animated Action Fantasy Sci-Fi & Family Comedy Classic Thrillers Japanese Horror", "relevancy_score": 39.93549473684211, "price": "$28.20"}, {"title": "One Missed Call Trilogy (Blu-ray)", "tags": "All 4K Ultra HD Movies Mystery & Suspense Classic Horror Supernatural Action Adventure Instawatch Classics", "relevancy_score": 5.112696774193548, "price": "$34.99"}, {"title": "Wrong Turn DVD 3 Pack (DVD)", "tags": "All Mystery & Suspense Classic Thrillers Slasher Horror Movies Supernatural DVD Instawatch Classics", "relevancy_score": 23.499085714285716, "price": "$13.99"}, {"title": "Escape Room (DVD + Digital Copy)", "tags": "Summer Picks All Mystery & Suspense Horror Movies French Spanish Language Sci-Fi Fantasy Documentaries Comedy", "relevancy_score": 25.499085714285716, "price": "$9.96"}, {"title": "Scary Stories to Tell in the Dark (4K Ultra HD + Blu-ray)", "tags": "All 4K Ultra HD Movies Mystery & Suspense French Spanish Language Sci-Fi Fantasy New Release Action Adventure Marvel", "relevancy_score": 20.411011764705883, "price": "$14.90"}, {"title": "Prom Night (Unrated) (DVD)", "tags": "All 4K Ultra HD Movies Mystery & Suspense Slasher Horror DVD Action Adventure Holiday Children Family", "relevancy_score": 34.10621538461539, "price": "$5.99"}, {"title": "4-MOVIE HORROR UNLEASHED COLLECTION (DVD/2DISCS/WS/2.35/1.85) (DVD)", "tags": "All Mystery & Suspense Horror Movies Military Political Slasher Supernatural Classic Sci-Fi DVD Classics", "relevancy_score": 25.499085714285716, "price": "$15.93"}, {"title": "The Rocky Horror Picture Show: Let's Do the Time Warp Again (DVD)", "tags": "Slapstick Comedy All Romance Music & Performance Instawatch Dance Movies DVD Children Family Kids and", "relevancy_score": 45.806215384615385, "price": "$9.99"}, {"title": "Puppet Master: The Littlest Reich (4K Ultra HD)", "tags": "All 4K Ultra HD Movies Mystery & Suspense Action Thriller French Spanish Language Sci-Fi Fantasy New Release Adventure", "relevancy_score": 1.1126967741935483, "price": "$7.96"}, {"title": "IT: Chapter Two (DVD)", "tags": "Summer Picks All Mystery & Suspense New DVD Releases Classic Thrillers Sci-Fi Fantasy Release Movies Children Family Classics", "relevancy_score": 23.382266666666663, "price": "$12.96"}, {"title": "Snatchers (DVD)", "tags": "All 4K Ultra HD Movies Mystery & Suspense Supernatural Horror New Release DVD Action Adventure Instawatch", "relevancy_score": 5.112696774193548, "price": "$12.96"}, {"title": "30 Days of Night / The Covenant / Bram Stokers Dracula / Fright Night / JohnCarpenters Vampires (DVD)", "tags": "All Mystery & Suspense Horror Movies Classic Alien Instawatch Drama Action Adventure DVD Holiday", "relevancy_score": 4.2176, "price": "$14.99"}, {"title": "Victor Frankenstein (Blu-ray)", "tags": "Action Romance All Horror Movies Crime Supernatural Instawatch Drama & Adventure", "relevancy_score": 5.112696774193548, "price": "$9.76"}, {"title": "American Horror Story - Coven: The Complete Third Season (DVD)", "tags": "All Horror Movies French German Spanish Language Classic Boxed Sets & Collections TV Television Holiday", "relevancy_score": 20.411011764705883, "price": "$13.99"}, {"title": "The Mortal Instruments: City of Bones (DVD)", "tags": "Instawatch Sci-Fi & Fantasy Movies Comedy Action Romance All Horror Comic Adventure", "relevancy_score": 71.61516521739131, "price": "$5.99"}, {"title": "Mimic: 3-Movie Collection (DVD)", "tags": "", "relevancy_score": 0.0, "price": "$7.96"}, {"title": "The Devil's Advocate (DVD)", "tags": "All Mystery & Suspense Sports Action Adventure Children Family Instawatch Movies Horror Kids and", "relevancy_score": 10.21835, "price": "$9.99"}, {"title": "The Blair Witch Project (DVD)", "tags": "Other Halloween Accessories Trick-or-Treat Bags Masks Baking & Cooking Supplies Witch Costumes Scary Men's Party Tableware", "relevancy_score": 40.53730731707317, "price": "$10.93"}, {"title": "Feast 3 Pack (DVD)", "tags": "All Mystery & Suspense Horror Movies Classic Supernatural DVD Instawatch Holiday Classics", "relevancy_score": 35.66095135135135, "price": "$9.99"}, {"title": "Slaughter High (Vestron Video Collector's Series) (Blu-ray)", "tags": "All 4K Ultra HD Movies Mystery & Suspense Slasher Horror Supernatural New Release Action Adventure Instawatch", "relevancy_score": 0.0, "price": "$18.99"}, {"title": "Annabelle 4 Film Collection (DVD)", "tags": "All Mystery & Suspense Classic Horror Movies Slasher Supernatural Sci-Fi Fantasy DVD Instawatch", "relevancy_score": 15.3176, "price": "$29.80"}, {"title": "The Haunting in Connecticut (DVD)", "tags": "All 4K Ultra HD Movies Mystery & Suspense Classic Thrillers Supernatural Horror DVD Instawatch Classics", "relevancy_score": 51.537307317073164, "price": "$6.59"}, {"title": "Universal Horror Collection: Volume 6 (Blu-ray)", "tags": "All Horror Movies Classic Thrillers Slasher Supernatural Sci-Fi & Fantasy Boxed Sets Collections TV Classics", "relevancy_score": 0.0, "price": "$52.96"}, {"title": "After Dark Horrorfest 4: 8 Films to Die For (DVD)", "tags": "All 4K Ultra HD Movies Mystery & Suspense Slasher Horror Supernatural New Release Action Adventure Instawatch", "relevancy_score": 15.3176, "price": "$59.99"}, {"title": "The Legend of the 7 Golden Vampires (Blu-ray)", "tags": "All 4K Ultra HD Movies Mystery & Suspense Supernatural Horror Sci-Fi Fantasy New Release Action Adventure Instawatch", "relevancy_score": 0.0, "price": "$24.96"}, {"title": "Frankenstein: The True Story (Blu-ray)", "tags": "All Mystery & Suspense Horror Movies Classic Thrillers Slasher Supernatural Espionage Sci-Fi Classics", "relevancy_score": 0.0, "price": "$22.96"}, {"title": "Dracula Untold (Blu-ray + Digital Copy)", "tags": "All 4K Ultra HD Movies Instawatch Sci-Fi & Fantasy Mystery Suspense Horror Drama Action Adventure", "relevancy_score": 10.21835, "price": "$21.16"}, {"title": "The Purge: Anarchy (Blu-ray + Digital Copy)", "tags": "Instawatch Comedy Movies All Horror Drama Action & Adventure DVD Kids and Family", "relevancy_score": 0.0, "price": "$6.96"}, {"title": "Nightmares & Dreamscapes (DVD)", "tags": "All Mystery & Suspense Horror Movies Classic Slasher Supernatural Espionage Instawatch Classics", "relevancy_score": 20.411011764705883, "price": "$8.53"}, {"title": "Wrong Turn 1-5 (Blu-ray)", "tags": "Instawatch Sci-Fi & Fantasy Movies All Mystery Suspense Slasher Horror DVD Marvel Action Adventure Holiday", "relevancy_score": 1.1126967741935483, "price": "$26.34"}, {"title": "Night of the Creeps (Unrated) (DVD)", "tags": "All 4K Ultra HD Movies Mystery & Suspense Classic Horror Slasher Supernatural Action Adventure Instawatch", "relevancy_score": 15.3176, "price": "$9.99"}, {"title": "Stir of Echoes (DVD)", "tags": "Other Halloween Accessories Trick-or-Treat Bags Masks Baking & Cooking Supplies Witch Costumes Scary Men's Party Tableware", "relevancy_score": 10.21835, "price": "$9.92"}, {"title": "Annabelle / Annabelle: Creation (Blu-ray)", "tags": "All 4K Ultra HD Movies Mystery & Suspense Supernatural Horror Sci-Fi Fantasy New Release Action Adventure Instawatch", "relevancy_score": 14.417600000000002, "price": "$15.19"}, {"title": "Maggie (DVD)", "tags": "Instawatch Comedy Movies All Sci-Fi & Fantasy Drama Action Adventure DVD Kids and Family", "relevancy_score": 14.411011764705883, "price": "$9.13"}, {"title": "Stir of Echoes (DVD)", "tags": "Instawatch Comedy Movies All Horror Drama Action & Adventure DVD Mystery Suspense", "relevancy_score": 40.73549473684211, "price": "$7.96"}, {"title": "The Conjuring/The Conjuring 2 (Blu-ray)", "tags": "All Mystery & Suspense Italian Movies Supernatural Horror Alien Sci-Fi Fantasy Action Adventure TV Shows Instawatch", "relevancy_score": 10.21835, "price": "$12.79"}, {"title": "Black Christmas (DVD)", "tags": "All 4K Ultra HD Movies Summer Picks Mystery & Suspense Family Comedy Romantic Action Adventure New Release", "relevancy_score": 0.0, "price": "$14.81"}, {"title": "Fear the Walking Dead: The Complete Third Season (DVD)", "tags": "Animated Drama Movies Action Sci-Fi & Fantasy TV Shows Instawatch Adventure Horror Marvel", "relevancy_score": 10.21835, "price": "$19.49"}, {"title": "Carrie (Blu-ray)", "tags": "All 4K Ultra HD Movies Mystery & Suspense Supernatural Horror Sci-Fi Fantasy New Release Action Adventure Instawatch", "relevancy_score": 18.411011764705883, "price": "$9.99"}, {"title": "Shark Attack 3-Pack (DVD)", "tags": "All 4K Ultra HD Movies Classic Action Instawatch & Adventure DVD Horror Classics", "relevancy_score": 9.3176, "price": "$14.95"}, {"title": "Unfriended (DVD)", "tags": "Instawatch Comedy Movies All Mystery & Suspense Horror Drama About Race Action Adventure DVD", "relevancy_score": 8.417600000000002, "price": "$9.99"}, {"title": "Pinocchio's Revenge (DVD)", "tags": "All 4K Ultra HD Movies Mystery & Suspense Slasher Horror Supernatural New Release Action Adventure Instawatch", "relevancy_score": 4.112696774193548, "price": "$9.95"}, {"title": "The Blob (Collector's Edition) (Blu-ray)", "tags": "All 4K Ultra HD Movies Mystery & Suspense Supernatural Horror Sci-Fi Fantasy New Release Action Adventure Instawatch", "relevancy_score": 10.21835, "price": "$24.96"}, {"title": "The Haunting Of Margam Castle (DVD)", "tags": "All 4K Ultra HD Movies Mystery & Suspense Supernatural Horror Sci-Fi Fantasy New Release Action Adventure Instawatch", "relevancy_score": 0.0, "price": "$9.96"}, {"title": "Chucky: Complete 7-Movie Collection (Blu-ray)", "tags": "Instawatch Sci-Fi & Fantasy Movies All Mystery Suspense Spanish Language Supernatural Horror", "relevancy_score": 20.499085714285716, "price": "$36.99"}, {"title": "Drag Me to Hell (Blu-ray)", "tags": "All 4K Ultra HD Movies Mystery & Suspense Supernatural Horror Sci-Fi Fantasy New Release Action Adventure Instawatch", "relevancy_score": 0.0, "price": "$8.90"}, {"title": "Waxwork / Waxwork II: Lost in Time (Vestron Video Collector's Series) (Blu-ray)", "tags": "All Mystery & Suspense Horror Movies Classic Thrillers Slasher Supernatural Espionage Sci-Fi Classics", "relevancy_score": 0.0, "price": "$19.99"}, {"title": "The First Purge (Blu-ray + DVD + Digital Copy)", "tags": "All 4K Ultra HD Movies Instawatch Sci-Fi & Fantasy Action Drama New Release DVD", "relevancy_score": 21.582266666666666, "price": "$12.69"}, {"title": "The Meg/Deep Blue Sea/Deep Blue Sea 2 (DVD)", "tags": "Pyle Car Stereos Single Din Bluetooth InstallerNet Satellite Radio Double Pioneer Blaupunkt", "relevancy_score": 20.411011764705883, "price": "$9.96"}, {"title": "Bram Stoker's Dracula (25th Anniversary) (4K Ultra HD + Blu-ray)", "tags": "All 4K Ultra HD Movies Action Thriller Alien Sci-Fi & Fantasy Adventure", "relevancy_score": 5.112696774193548, "price": "$17.99"}, {"title": "Ringu Collection (Blu-ray)", "tags": "All 4K Ultra HD Movies Mystery & Suspense Supernatural Horror Sci-Fi Fantasy New Release Action Adventure Instawatch", "relevancy_score": 0.0, "price": "$64.49"}, {"title": "Leprechaun: The Complete Movie Collection (Blu-ray)", "tags": "Instawatch Sci-Fi & Fantasy Movies All Horror French Supernatural Action Adventure", "relevancy_score": 31.460951351351355, "price": "$14.96"}, {"title": "The Twilight Zone: Classic Christmas Episodes (DVD)", "tags": "Classics TV Shows Mysteries Sci-Fi & Fantasy Boxed Sets Collections Movies All Action Adventure Comedy Instawatch", "relevancy_score": 1.1126967741935483, "price": "$8.22"}, {"title": "Texas Chainsaw", "tags": "All Mystery & Suspense Horror Movies Spanish Language Slasher Instawatch Drama DVD Holiday", "relevancy_score": 14.417600000000002, "price": "$10.18"}, {"title": "Christine (35th Anniversary) (4K Ultra HD + Blu-ray + Digital Copy)", "tags": "All 4K Ultra HD Movies Mystery & Suspense Action Comedy Sci-Fi Fantasy Instawatch Adventure New Release Marvel", "relevancy_score": 10.21835, "price": "$15.29"}, {"title": "The Prodigy (Blu-ray)", "tags": "All 4K Ultra HD Movies Mystery & Suspense French Spanish Language Sci-Fi Fantasy New Release Action Adventure Instawatch", "relevancy_score": 10.21835, "price": "$15.80"}, {"title": "Queen of the Damned (Blu-ray)", "tags": "All 4K Ultra HD Movies Mystery & Suspense Action Drama Classic Dramas Music Performance Adventure Classics", "relevancy_score": 33.56095135135135, "price": "$14.99"}, {"title": "It Comes at Night (DVD)", "tags": "Instawatch Comedy Movies All Mystery & Suspense Horror Drama Action Adventure DVD", "relevancy_score": 4.21835, "price": "$3.74"}, {"title": "4 Movie Marathon: Cult Horror Collection (DVD)", "tags": "Instawatch Sci-Fi & Fantasy Movies Dark Comedy Classic Horror Slasher Supernatural Alien All Classics", "relevancy_score": 3.1126967741935485, "price": "$12.49"}, {"title": "Killer Double Feature: Bad Dreams / Visiting Hours (Blu-ray)", "tags": "All 4K Ultra HD Movies Mystery & Suspense Slasher Horror Supernatural New Release Action Adventure Instawatch", "relevancy_score": 0.0, "price": "$17.99"}, {"title": "3 From Hell (4K Ultra HD + Blu-ray)", "tags": "All 4K Ultra HD Movies Mystery & Suspense French Spanish Language New Release Action Adventure Marvel", "relevancy_score": 24.582266666666666, "price": "$10.99"}, {"title": "Dawn of the Dead (Blu-ray)", "tags": "Military & War Action Movies Classic Westerns Nature Wildlife Italian Combat All Batman Instawatch Mystery Suspense", "relevancy_score": 0.0, "price": "$19.96"}, {"title": "Hellraiser (Blu-ray)", "tags": "All 4K Ultra HD Movies Mystery & Suspense Supernatural Horror Sci-Fi Fantasy New Release Action Adventure Instawatch", "relevancy_score": 0.0, "price": "$15.47"}, {"title": "The Dinner (DVD)", "tags": "Instawatch Comedy Movies All Sci-Fi & Fantasy Drama Action Adventure DVD Kids and Family", "relevancy_score": 0.0, "price": "$16.24"}, {"title": "Deliver Us From Evil (DVD)", "tags": "Instawatch Comedy Movies All Mystery & Suspense Horror Supernatural Drama Action Adventure", "relevancy_score": 19.611011764705882, "price": "$7.99"}, {"title": "The Amityville Horror (Blu-ray)", "tags": "All 4K Ultra HD Movies Mystery & Suspense Supernatural Horror Sci-Fi Fantasy New Release Action Adventure Instawatch", "relevancy_score": 5.112696774193548, "price": "$24.68"}, {"title": "Wrong Turn 6: Last Resort (Blu-ray)", "tags": "All 4K Ultra HD Movies Mystery & Suspense Slasher Horror Supernatural New Release Action Adventure Instawatch", "relevancy_score": 1.1126967741935483, "price": "$13.00"}, {"title": "Dracula (DVD)", "tags": "All 4K Ultra HD Movies Mystery & Suspense Supernatural Horror Sci-Fi Fantasy New Release Action Adventure Instawatch", "relevancy_score": 0.0, "price": "$8.84"}, {"title": "The Evil Dead 1 & 2 Double Feature (DVD)", "tags": "All 4K Ultra HD Movies Mystery & Suspense Horror Classic Thrillers Supernatural Instawatch Classics", "relevancy_score": 15.3176, "price": "$13.59"}, {"title": "Tourist Trap (DVD)", "tags": "All 4K Ultra HD Movies Mystery & Suspense Supernatural Horror Sci-Fi Fantasy New Release Action Adventure Instawatch", "relevancy_score": 14.417600000000002, "price": "$10.74"}, {"title": "The Hills Have Eyes (Unrated) (Blu-ray)", "tags": "Other Halloween Accessories Trick-or-Treat Bags Masks Baking & Cooking Supplies Witch Costumes Scary Men's Party Tableware", "relevancy_score": 10.21835, "price": "$10.39"}, {"title": "Friday the 13th (DVD)", "tags": "Other Halloween Accessories Trick-or-Treat Bags Masks Baking & Cooking Supplies Witch Costumes Scary Men's Party Tableware", "relevancy_score": 95.81609056603773, "price": "$8.43"}, {"title": "Warlock (DVD)", "tags": "All 4K Ultra HD Movies Mystery & Suspense Classic Horror Supernatural New Release Action Adventure Instawatch", "relevancy_score": 40.73549473684211, "price": "$9.13"}, {"title": "28 Days Later... / 28 Weeks Later (Blu-ray)", "tags": "Crime French Movies Spanish Language Action All Sci-Fi & Fantasy Instawatch Adventure Horror", "relevancy_score": 13.2176, "price": "$14.56"}, {"title": "Child's Play (Blu-ray)", "tags": "All 4K Ultra HD Movies Mystery & Suspense French Spanish Language Sci-Fi Fantasy New Release Action Adventure Marvel", "relevancy_score": 40.73549473684211, "price": "$12.96"}, {"title": "The Haunting of Hill House (Blu-ray)", "tags": "All 4K Ultra HD Movies Mystery & Suspense Supernatural Horror Sci-Fi Fantasy New Release Action Adventure Instawatch", "relevancy_score": 5.112696774193548, "price": "$27.99"}, {"title": "Bad Moon (Blu-ray)", "tags": "All 4K Ultra HD Movies Mystery & Suspense Supernatural Horror Sci-Fi Fantasy New Release Action Adventure Instawatch", "relevancy_score": 5.112696774193548, "price": "$30.45"}, {"title": "Psycho Cop Returns (Blu-ray + DVD)", "tags": "All 4K Ultra HD Movies Mystery & Suspense Supernatural Horror Sci-Fi Fantasy New Release Action Adventure Instawatch", "relevancy_score": 0.0, "price": "$24.65"}, {"title": "Xtro (Blu-ray)", "tags": "All 4K Ultra HD Movies Mystery & Suspense Supernatural Horror Sci-Fi Fantasy New Release Action Adventure Instawatch", "relevancy_score": 0.0, "price": "$19.93"}, {"title": "The Houses October Built / The Houses October Built 2 (DVD)", "tags": "All 4K Ultra HD Movies Mystery & Suspense Supernatural Horror Sci-Fi Fantasy New Release Action Adventure Instawatch", "relevancy_score": 6.21835, "price": "$11.82"}, {"title": "Midsommar (DVD)", "tags": "All 4K Ultra HD Movies Mystery & Suspense Spanish Language About Race Action Adventure Instawatch Horror", "relevancy_score": 6.21835, "price": "$9.96"}, {"title": "Hellraiser Judgment (DVD)", "tags": "Instawatch Comedy Movies All Horror Comic Drama Action & Adventure DVD Holiday", "relevancy_score": 0.0, "price": "$14.76"}, {"title": "Saw: 8-Film Collection (DVD)", "tags": "", "relevancy_score": 5.112696774193548, "price": "$9.96"}, {"title": "Friday the 13th, Part 2 (DVD)", "tags": "All 4K Ultra HD Movies Mystery & Suspense Boxed Sets Collections TV DVD Action Adventure Instawatch Horror Holiday", "relevancy_score": 5.112696774193548, "price": "$16.82"}, {"title": "Zombie (4K Ultra HD + Blu-ray)", "tags": "All 4K Ultra HD Movies Mystery & Suspense Supernatural Horror Sci-Fi Fantasy New Release Action Adventure Instawatch", "relevancy_score": 0.0, "price": "$33.15"}, {"title": "Teen Wolf (Collector's Edition) (Blu-ray)", "tags": "Shop STEM ages 12 and Up All Smurfs Goonies Teenage Mutant Ninja Turtles Michael Jordan Gremlins Transformers Pinky the Brain", "relevancy_score": 5.112696774193548, "price": "$16.99"}, {"title": "Ready or Not (Blu-ray)", "tags": "All 4K Ultra HD Movies Summer Picks Mystery & Suspense New DVD Releases French Spanish Language Release Comedy", "relevancy_score": 13.2176, "price": "$20.72"}, {"title": "Ginger Snaps 2: Unleashed (DVD)", "tags": "All 4K Ultra HD Movies Mystery & Suspense Supernatural Horror DVD Action Adventure Comedy Instawatch", "relevancy_score": 19.611011764705882, "price": "$10.24"}, {"title": "Henry: Portrait of a Serial Killer (30th Anniversary) (Blu-ray)", "tags": "Shop STEM ages 12 and Up All Smurfs Goonies Teenage Mutant Ninja Turtles Michael Jordan Gremlins Transformers Pinky the Brain", "relevancy_score": 0.0, "price": "$24.24"}, {"title": "Let It Snow (DVD)", "tags": "All 4K Ultra HD Movies Mystery & Suspense Supernatural Horror Sci-Fi Fantasy New Release Action Adventure Instawatch", "relevancy_score": 5.112696774193548, "price": "$14.76"}, {"title": "Pride and Prejudice and Zombies (DVD)", "tags": "Instawatch Sci-Fi & Fantasy Movies Comedy Action Drama All Horror Romantic Comic Adventure", "relevancy_score": 34.960951351351355, "price": "$7.99"}, {"title": "Dawn of the Dead (DVD)", "tags": "Nature & Wildlife Classic Horror Movies Slasher Supernatural Comic DVD Instawatch Mystery Suspense", "relevancy_score": 54.99817142857143, "price": "$9.93"}, {"title": "Anacondas-Hunt for the Blood Orchid (DVD)", "tags": "Martial Art Movies Family Comedy Drama Slapstick Science & Technology Slasher Horror Action Adventure All", "relevancy_score": 12.3176, "price": "$7.99"}, {"title": "Psycho (DVD)", "tags": "All Mystery & Suspense Horror Movies Classic Thrillers Slasher Supernatural Sci-Fi Instawatch Classics", "relevancy_score": 0.0, "price": "$14.99"}, {"title": "Snow Beast (DVD)", "tags": "All Mystery & Suspense Classic Action Movies Dramas Crime Romantic Comedies Comedy Classics", "relevancy_score": 5.112696774193548, "price": "$13.25"}, {"title": "Crimson Peak (Blu-ray)", "tags": "All 4K Ultra HD Movies Mystery & Suspense Supernatural Horror Sci-Fi Fantasy New Release Action Adventure Instawatch", "relevancy_score": 0.0, "price": "$27.99"}, {"title": "4 Film Favorites: Blade Collection (DVD)", "tags": "All 4K Ultra HD Movies Music Performing Arts Country & Western Documentaries Instawatch Horror Marvel Action Adventure", "relevancy_score": 5.112696774193548, "price": "$15.98"}, {"title": "The Forest (DVD)", "tags": "Instawatch Comedy Movies All Mystery & Suspense Horror Supernatural Drama Action Adventure DVD", "relevancy_score": 24.582266666666666, "price": "$7.99"}, {"title": "The Cloverfield Paradox (Blu-ray)", "tags": "All 4K Ultra HD Movies Mystery & Suspense Supernatural Horror Sci-Fi Fantasy New Release Action Adventure Instawatch", "relevancy_score": 0.0, "price": "$8.99"}, {"title": "The Hunted (DVD)", "tags": "Martial Art Movies Family Comedy Drama Science & Technology Slasher Horror Supernatural Action Adventure All", "relevancy_score": 0.0, "price": "$9.99"}, {"title": "Urban Chills: 10 Horror Movies", "tags": "All Horror Movies Dark Comedy Classic Supernatural Alien DVD Instawatch Classics", "relevancy_score": 0.0, "price": "$12.23"}, {"title": "The Walking Dead: The Complete Fourth Season (Blu-ray)", "tags": "All 4K Ultra HD Movies Mystery & Suspense Supernatural Horror Sci-Fi Fantasy TV Shows Television Action Adventure Instawatch", "relevancy_score": 5.112696774193548, "price": "$37.05"}, {"title": "The Hills Have Eyes, Part 2 (Blu-ray)", "tags": "All 4K Ultra HD Movies Mystery & Suspense Supernatural Horror Sci-Fi Fantasy New Release Action Adventure Instawatch", "relevancy_score": 0.0, "price": "$14.69"}, {"title": "The Hills Have Eyes (Blu-ray)", "tags": "All 4K Ultra HD Movies Mystery & Suspense Supernatural Horror Sci-Fi Fantasy New Release Action Adventure Instawatch", "relevancy_score": 5.112696774193548, "price": "$23.52"}, {"title": "Afterdark Horrorfest: 8 Movie Pack (DVD)", "tags": "All Horror Movies Classic Supernatural Sci-Fi DVD Instawatch Classics", "relevancy_score": 15.611011764705882, "price": "$6.69"}, {"title": "The Dead Don't Die (DVD)", "tags": "All Mystery & Suspense Animated Action Movies Spanish Language Comic Horror Men In Black Terminator Children Family", "relevancy_score": 11.417600000000002, "price": "$17.95"}, {"title": "Friday the 13th, Part V: A New Beginning (DVD)", "tags": "All 4K Ultra HD Movies Mystery & Suspense Slasher Horror Supernatural DVD Instawatch Holiday", "relevancy_score": 10.21835, "price": "$7.72"}, {"title": "Opera (Blu-ray)", "tags": "All 4K Ultra HD Movies Mystery & Suspense Italian Supernatural Horror New Release Action Adventure Instawatch", "relevancy_score": 0.0, "price": "$17.42"}, {"title": "The Walking Dead: The Complete Fourth Season (DVD)", "tags": "Walmart Exclusives Steelbook Movies & TV Shows Family Sci-Fi Fantasy About Race Instawatch Horror Holiday Harry Potter", "relevancy_score": 48.8734, "price": "$17.26"}, {"title": "Maniac Cop 2 (Blu-ray + DVD)", "tags": "All 4K Ultra HD Movies Mystery & Suspense Supernatural Horror New Release Action Adventure Instawatch", "relevancy_score": 5.112696774193548, "price": "$36.44"}, {"title": "Man Thing (2005) (DVD)", "tags": "All 4K Ultra HD Movies Mystery & Suspense Supernatural Horror Sci-Fi Fantasy New Release Action Adventure Instawatch", "relevancy_score": 5.112696774193548, "price": "$10.24"}, {"title": "The Gallows (Blu-ray + DVD)", "tags": "Instawatch Comedy Movies Supernatural Horror Drama Action & Adventure DVD All Mystery Suspense", "relevancy_score": 0.0, "price": "$8.99"}, {"title": "Bone-Chliing Horror: 10-Movie Collection (DVD)", "tags": "Classic Horror Movies Slasher Supernatural Alien DVD Instawatch All Classics", "relevancy_score": 1.1126967741935483, "price": "$14.89"}, {"title": "The Texas Chain Saw Massacre (Blu-ray)", "tags": "All 4K Ultra HD Movies Mystery & Suspense Slasher Horror Supernatural New Release Action Adventure Instawatch", "relevancy_score": 5.112696774193548, "price": "$24.59"}, {"title": "When a Stranger Calls (Retro VHS Packaging) (Blu-ray)", "tags": "All 4K Ultra HD Movies Mystery & Suspense Supernatural Horror New Release Action Adventure Instawatch", "relevancy_score": 5.112696774193548, "price": "$8.99"}, {"title": "Hatchet (DVD)", "tags": "Other Halloween Accessories Trick-or-Treat Bags Masks Baking & Cooking Supplies Witch Costumes Scary Men's Party Tableware", "relevancy_score": 28.706215384615387, "price": "$7.99"}, {"title": "Edge of the Axe (Blu-ray)", "tags": "All 4K Ultra HD Movies Mystery & Suspense Supernatural Horror Sci-Fi Fantasy New Release Action Adventure Instawatch", "relevancy_score": 5.112696774193548, "price": "$27.99"}, {"title": "Underworld: Rise of the Lycans (Blu-ray)", "tags": "All 4K Ultra HD Movies Mystery & Suspense Supernatural Horror Action Adventure Sci-Fi Fantasy Instawatch", "relevancy_score": 26.382266666666663, "price": "$13.48"}, {"title": "The Beast With Five Fingers (DVD)", "tags": "All Mystery & Suspense Horror Movies Classic Thrillers Slasher Supernatural Espionage Sci-Fi Classics", "relevancy_score": 5.112696774193548, "price": "$14.99"}, {"title": "The Dentist 2 (DVD)", "tags": "All 4K Ultra HD Movies Mystery & Suspense Supernatural Horror Sci-Fi Fantasy New Release Action Adventure Instawatch", "relevancy_score": 0.0, "price": "$13.21"}, {"title": "ABCs of Death 2 (Blu-ray)", "tags": "All 4K Ultra HD Movies Mystery & Suspense Supernatural Horror Sci-Fi Fantasy New Release Action Adventure Instawatch", "relevancy_score": 5.112696774193548, "price": "$16.98"}, {"title": "Demon Wind (Blu-ray + DVD)", "tags": "All 4K Ultra HD Movies Mystery & Suspense Supernatural Horror Sci-Fi Fantasy New Release Action Adventure Instawatch", "relevancy_score": 0.0, "price": "$19.99"}, {"title": "The Grudge (Unrated) (Blu-ray)", "tags": "All 4K Ultra HD Movies Summer Picks Mystery & Suspense Instawatch Action Adventure New Release", "relevancy_score": 5.112696774193548, "price": "$29.40"}, {"title": "The Hatred (Blu-ray)", "tags": "All 4K Ultra HD Movies Mystery & Suspense Supernatural Horror Sci-Fi Fantasy New Release Action Adventure Instawatch", "relevancy_score": 0.0, "price": "$17.75"}, {"title": "The Nude Vampire (Blu-ray)", "tags": "All 4K Ultra HD Movies Mystery & Suspense French Supernatural Horror New Release Action Adventure Instawatch", "relevancy_score": 0.0, "price": "$25.94"}, {"title": "Just Desserts: The Making of Creepshow (Blu-ray)", "tags": "All 4K Ultra HD Movies Mystery & Suspense Supernatural Horror Sci-Fi Fantasy New Release Action Adventure Instawatch", "relevancy_score": 0.0, "price": "$14.99"}, {"title": "Henry: Portrait of a Serial Killer (30th Anniversary) (Blu-ray)", "tags": "Shop STEM ages 12 and Up All Smurfs Goonies Teenage Mutant Ninja Turtles Michael Jordan Gremlins Transformers Pinky the Brain", "relevancy_score": 0.0, "price": "$24.24"}, {"title": "Trilogy of Terror II (Blu-ray)", "tags": "All 4K Ultra HD Movies Mystery & Suspense Supernatural Horror Sci-Fi Fantasy New Release Action Adventure Instawatch", "relevancy_score": 5.112696774193548, "price": "$18.99"}, {"title": "Halloween (Blu-ray)", "tags": "Other Halloween Accessories Trick-or-Treat Bags Masks Baking & Cooking Supplies Witch Costumes Scary Men's Party Tableware", "relevancy_score": 85.91010000000001, "price": "$13.22"}, {"title": "Idle Hands (Blu-ray)", "tags": "All 4K Ultra HD Movies Mystery & Suspense Supernatural Horror Sci-Fi Fantasy New Release Action Adventure Instawatch", "relevancy_score": 0.0, "price": "$10.99"}, {"title": "Night of the Demons 2 (DVD)", "tags": "All 4K Ultra HD Movies Mystery & Suspense Slasher Horror Supernatural New Release Action Adventure Instawatch", "relevancy_score": 3.1126967741935485, "price": "$10.24"}, {"title": "Ultraseven: Complete Series (Blu-ray)", "tags": "All 4K Ultra HD Movies Steelbook & TV Shows Mystery Suspense Japanese Supernatural Horror Sci-Fi Fantasy Action Adventure Instawatch", "relevancy_score": 0.0, "price": "$22.99"}, {"title": "Dead Silence (Unrated) (Unrated) (DVD)", "tags": "All Mystery & Suspense Action Drama Movies Supernatural Horror DVD Instawatch Holiday", "relevancy_score": 39.8734, "price": "$12.96"}, {"title": "It: Chapter Two (4K Ultra HD + Blu-ray + Digital Copy)", "tags": "All 4K Ultra HD Movies Mystery & Suspense French Spanish Language Sci-Fi Fantasy New Release Action Adventure Harry Potter", "relevancy_score": 5.112696774193548, "price": "$19.27"}, {"title": "John Carpenter's Vampires (Collector's Edition) (Blu-ray)", "tags": "All 4K Ultra HD Movies Mystery & Suspense Supernatural Horror Sci-Fi Fantasy New Release Action Adventure Instawatch", "relevancy_score": 0.0, "price": "$21.99"}, {"title": "The Amityville Haunting (DVD)", "tags": "Classic Horror Movies Supernatural Romantic Comedies Sci-Fi Comedy Instawatch All Classics", "relevancy_score": 0.0, "price": "$10.92"}, {"title": "The Hitcher (DVD)", "tags": "Action Drama Movies Animated Spanish Language Classic Horror Slasher Supernatural DVD All Classics", "relevancy_score": 25.499085714285716, "price": "$9.95"}, {"title": "Zombieland (Blu-ray)", "tags": "All 4K Ultra HD Movies Instawatch Comedy Horror Comic Drama Action & Adventure New Release", "relevancy_score": 133.28656551724137, "price": "$9.99"}, {"title": "Hannibal: Season 3 (Blu-ray)", "tags": "All 4K Ultra HD Movies Mystery & Suspense Supernatural Horror Drama TV Shows Television Action Adventure Instawatch", "relevancy_score": 5.112696774193548, "price": "$18.19"}, {"title": "The Devil's Rejects (DVD)", "tags": "All 4K Ultra HD Movies Mystery & Suspense Supernatural Horror Sci-Fi Fantasy New Release Action Adventure Instawatch", "relevancy_score": 9.21835, "price": "$7.99"}, {"title": "The Descent (Unrated) (Blu-ray)", "tags": "", "relevancy_score": 0.0, "price": "$9.96"}, {"title": "Ouija / Ouija: Origin of Evil: 2-Movie Collection (DVD)", "tags": "All 4K Ultra HD Movies Mystery & Suspense Slasher Horror Supernatural New Release Action Adventure Instawatch", "relevancy_score": 10.21835, "price": "$9.96"}, {"title": "Pumpkinhead: Collector's Edition (Blu-ray)", "tags": "All 4K Ultra HD Movies Mystery & Suspense Supernatural Horror Sci-Fi Fantasy New Release Action Adventure Instawatch", "relevancy_score": 5.112696774193548, "price": "$37.51"}, {"title": "Silent Night (DVD)", "tags": "All 4K Ultra HD Movies Mystery & Suspense Slasher Horror Supernatural New Release Action Adventure Instawatch", "relevancy_score": 3.1126967741935485, "price": "$6.69"}, {"title": "The Prophecy Collection (Blu-ray)", "tags": "", "relevancy_score": 0.0, "price": "$17.99"}, {"title": "The Last House on the Left (Unrated) (Blu-ray)", "tags": "All 4K Ultra HD Movies Mystery & Suspense Supernatural Horror Sci-Fi Fantasy New Release Action Adventure Instawatch", "relevancy_score": 0.0, "price": "$18.33"}]