[{"title": "The Ghost and Mr. Chicken (DVD)", "tags": "Action Drama Movies Animated Family Classic Comedies & Combat All Comedy Classics", "relevancy_score": 208.34776666666667, "price": "$6.75"}, {"title": "Rush Hour 1-3 Collection (DVD)", "tags": "Instawatch Comedy Movies Romantic Comedies DVD All Action & Adventure", "relevancy_score": 102.59842352941176, "price": "$6.99"}, {"title": "Jumanji: Welcome to the Jungle (DVD)", "tags": "Summer Picks Instawatch Comedy Movies All Sci-Fi & Fantasy New Release Children Family", "relevancy_score": 393.30806017699115, "price": "$7.59"}, {"title": "Sweet Home Alabama (DVD)", "tags": "All Anime & Animation Action Drama Movies Animated Family Romantic Comedies Comedy DVD", "relevancy_score": 348.68301176470584, "price": "$6.25"}, {"title": "Night at the Museum: 3-Movie Collection (DVD)", "tags": "All Anime & Animation Cartoons Family Comedy Movies Drama Action Adventure Children", "relevancy_score": 86.23785000000001, "price": "$15.57"}, {"title": "Hocus Pocus (25th Anniversary Edition) (Blu-ray + Digital Copy)", "tags": "History & Criticism Film Books Dragons, Unicorns Mythical Creatures Kids' Wizards Witches Fantasy Teen Young Adult Glass Glassware Antiques Collectibles All Halloween for Kids Harry Potter Art Animation", "relevancy_score": 126.82781428571428, "price": "$8.99"}, {"title": "Dennis the Menace (Special Edition) (DVD)", "tags": "Walmart Exclusives Family Comedy Movies Drama Romantic DVD All Children &", "relevancy_score": 223.12056000000004, "price": "$5.99"}, {"title": "Happy Gilmore / Billy Madison (DVD)", "tags": "Summer Picks Instawatch Comedy Movies Slapstick Romantic Comedies All", "relevancy_score": 80.83785, "price": "$5.00"}, {"title": "Dolittle (Blu-ray + DVD + Digital Copy)", "tags": "All 4K Ultra HD Movies Horror French Spanish Language New Release Comedy Children & Family Instawatch Kids and", "relevancy_score": 272.91173333333336, "price": "$12.99"}, {"title": "Horrible Bosses Collection (DVD)", "tags": "Instawatch Comedy Movies Romantic Drama Action & Adventure DVD All", "relevancy_score": 38.807907692307694, "price": "$4.99"}, {"title": "The Ghost and Mr. Chicken (DVD)", "tags": "Action Drama Movies Animated Family Classic Comedies & Combat All Comedy Classics", "relevancy_score": 208.34776666666667, "price": "$6.75"}, {"title": "Scooby-Doo / Scooby-Doo 2: Monsters Unleashed (DVD)", "tags": "Scooby Doo Movies All Anime & Animation Animated Drama Family Romantic Comedies Comedy", "relevancy_score": 180.0119582089552, "price": "$6.85"}, {"title": "Death Becomes Her (DVD)", "tags": "Instawatch Comedy Movies Action Drama All Horror Romantic Comedies", "relevancy_score": 272.3260941176471, "price": "$5.59"}, {"title": "NANNY MCPHEE-2 MOVIE FAMILY FUN PACK (DVD) (DVD)", "tags": "Instawatch Comedy Movies Family Drama All Sci-Fi & Fantasy DVD Children Kids and", "relevancy_score": 257.18894939759036, "price": "$3.99"}, {"title": "The Bucket List (DVD)", "tags": "Action Drama Movies Romantic Comedy Instawatch DVD All & Adventure", "relevancy_score": 257.18894939759036, "price": "$3.99"}, {"title": "Uncle Drew (DVD)", "tags": "Instawatch Comedy Movies All Mystery & Suspense Family Romantic Comedies DVD Action Adventure", "relevancy_score": 70.45586666666667, "price": "$3.74"}, {"title": "A League of Their Own (DVD)", "tags": "Summer Picks Family Drama Movies Romantic Comedies Comedy All Children &", "relevancy_score": 199.32213521126758, "price": "$5.50"}, {"title": "The Big Lebowski (DVD)", "tags": "All 4K Ultra HD Movies Instawatch Comedy Classic Comedies Dark Crime DVD Classics", "relevancy_score": 81.47977021276596, "price": "$4.99"}, {"title": "Beetlejuice (Blu-ray)", "tags": "All Horror Movies Family Sci-Fi & Fantasy Supernatural Romantic Comedies Comedy DVD Children", "relevancy_score": 79.91916521739131, "price": "$8.96"}, {"title": "Friday 1-3 Collection (DVD)", "tags": "Instawatch Comedy Movies All Horror Slapstick Romantic Comedies About Race", "relevancy_score": 175.18232727272726, "price": "$6.99"}, {"title": "The Ghost and Mr. Chicken (DVD)", "tags": "Action Drama Movies Animated Family Classic Comedies & Combat All Comedy Classics", "relevancy_score": 208.34776666666667, "price": "$6.75"}, {"title": "Scooby-Doo / Scooby-Doo 2: Monsters Unleashed (DVD)", "tags": "Scooby Doo Movies All Anime & Animation Animated Drama Family Romantic Comedies Comedy", "relevancy_score": 180.0119582089552, "price": "$6.85"}, {"title": "The Witches Of Eastwick (DVD)", "tags": "Summer Picks All Horror Movies Comic Romantic Comedy DVD Children & Family", "relevancy_score": 139.18232727272726, "price": "$9.96"}, {"title": "The Hot Chick (DVD)", "tags": "Summer Picks Instawatch Comedy Movies Romantic Comedies All Sci-Fi & Fantasy DVD", "relevancy_score": 117.14115555555554, "price": "$4.99"}, {"title": "Girls Trip (DVD)", "tags": "Instawatch Comedy Movies All Mystery & Suspense Romantic Romance DVD", "relevancy_score": 155.85424516129032, "price": "$5.99"}, {"title": "Jack (DVD)", "tags": "All Anime & Animation Animated Drama Movies Family Slapstick Comedy Romantic Comedies DVD Children", "relevancy_score": 114.74115555555557, "price": "$4.99"}, {"title": "For Richer or Poorer (DVD)", "tags": "Instawatch Comedy Movies Animated Drama Family Romantic Comedies All", "relevancy_score": 180.0119582089552, "price": "$7.99"}, {"title": "Grown Ups (2010) / Grown Ups 2 (DVD)", "tags": "Instawatch Comedy Movies Romantic Comedies Drama DVD All", "relevancy_score": 151.01959999999997, "price": "$6.00"}, {"title": "Pitch Perfect Trilogy (DVD)", "tags": "Instawatch Comedy Movies Performing Arts Romantic All Music & Performance Dance Kids and Family", "relevancy_score": 63.720437209302325, "price": "$12.51"}, {"title": "Weekend at Bernie's (DVD)", "tags": "Action Drama Movies Animated Slapstick Comedy Romantic Comedies All Children & Family", "relevancy_score": 40.11949473684211, "price": "$5.99"}, {"title": "The Family Stone (DVD)", "tags": "Instawatch Comedy Movies Romantic Comedies Drama All Action & Adventure Holiday", "relevancy_score": 111.98527272727274, "price": "$7.99"}, {"title": "Ice Age: A Mammoth Christmas Special (DVD)", "tags": "All Anime & Animation Animated Drama Movies Cartoons Family Comedy Holiday Children Instawatch Kids and", "relevancy_score": 281.2786454545454, "price": "$4.99"}, {"title": "Long Shot (Blu-ray + DVD)", "tags": "All 4K Ultra HD Movies Mystery & Suspense Horror French Spanish Language Sci-Fi Fantasy New Release Action Adventure", "relevancy_score": 5.1408903225806455, "price": "$8.99"}, {"title": "Ma and Pa Kettle: Complete Comedy Collection (DVD)", "tags": "Anime Action NCIS Family Classic Movies Dramas & Combat Boxed Sets Collections TV All Comedy Classics", "relevancy_score": 301.8277318681319, "price": "$9.99"}, {"title": "Dr. Seuss' The Cat In The Hat (DVD)", "tags": "All Anime & Animation Animated Drama Movies Cartoons Family Comedy Children Instawatch Kids and", "relevancy_score": 138.44678644067798, "price": "$3.99"}, {"title": "Crazy Rich Asians (DVD)", "tags": "All 4K Ultra HD Movies Mystery & Suspense New DVD Releases Romantic Comedies Comedy Instawatch", "relevancy_score": 26.52793333333333, "price": "$9.96"}, {"title": "My Big Fat Greek Wedding 2 (DVD)", "tags": "Instawatch Romantic Comedies Comedy Movies Romance DVD All Children & Family", "relevancy_score": 100.84783076923077, "price": "$4.99"}, {"title": "Little Man / White Chicks (DVD)", "tags": "Instawatch Comedy Movies Family Romantic Comedies DVD All", "relevancy_score": 40.919494736842104, "price": "$5.99"}, {"title": "The Great Outdoors (DVD)", "tags": "Instawatch Comedy Movies Family Romantic Comedies All Children &", "relevancy_score": 90.99355918367347, "price": "$3.99"}, {"title": "The Mask / Son of the Mask (DVD)", "tags": "Family Drama Movies Romantic Comedies Comedy DVD All Children & Instawatch", "relevancy_score": 116.98527272727272, "price": "$4.99"}, {"title": "Playing With Fire (Blu-ray + DVD)", "tags": "All 4K Ultra HD Movies Mystery & Suspense New DVD Releases Horror Spanish Language Release Action Adventure Comedy", "relevancy_score": 121.62781428571428, "price": "$12.99"}, {"title": "The Secret Life of Pets 2 (Blu-ray + DVD)", "tags": "All The Secret Life of Pets Toy Story Aladdin Characters Movies & Books Minions Trolls Angry Birds", "relevancy_score": 68.5896909090909, "price": "$20.00"}, {"title": "Seinfeld: The Complete Series Box Set (DVD)", "tags": "The Office Action & Adventure TV Shows Comedy Mysteries Sci-Fi Fantasy Seinfeld Movies All Fresh Prince of Bel-Air", "relevancy_score": 74.67977021276594, "price": "$69.99"}, {"title": "Beverly Hills Cop: 3-Movie Collection (Blu-ray)", "tags": "All 4K Ultra HD Movies Instawatch Comedy Horror French Drama New Release Action & Adventure", "relevancy_score": 12.397054545454544, "price": "$15.99"}, {"title": "Pitch Perfect Trilogy (Blu-ray)", "tags": "All 4K Ultra HD Movies Instawatch Comedy Horror Sci-Fi & Fantasy Music Dance Action Adventure Kids and Family", "relevancy_score": 18.513835294117648, "price": "$14.99"}, {"title": "Once Upon a Time In...Hollywood (DVD)", "tags": "All 4K Ultra HD Movies Summer Picks Mystery & Suspense Horror French Spanish Language Sci-Fi Fantasy New Release", "relevancy_score": 52.84788571428571, "price": "$12.99"}, {"title": "Bewitched: The Complete Series (DVD)", "tags": "Family Comedy Movies Classic Comedies Action & Adventure TV Shows Classics Mysteries Sci-Fi Fantasy All", "relevancy_score": 100.84783076923077, "price": "$48.67"}, {"title": "Beverly Hills Cop: 3-Movie Collection (DVD)", "tags": "Instawatch Comedy Movies Romantic Comedies Drama Action & Adventure DVD All", "relevancy_score": 97.74704, "price": "$12.48"}, {"title": "Drop Dead Fred (25th Anniversary Edition) (Blu-ray)", "tags": "", "relevancy_score": 107.54115555555556, "price": "$13.15"}, {"title": "Super Mario Bros. (DVD)", "tags": "Super Mario Home Decor Overwatch Shop All Sonic all & Bedding Clothing Minecraft", "relevancy_score": 301.98835789473685, "price": "$3.99"}, {"title": "Adventures in Babysitting (DVD)", "tags": "Action Drama Movies Animated Family Comedy Romantic Comedies DVD All", "relevancy_score": 228.04354736842106, "price": "$4.99"}, {"title": "Runaway Bride (DVD)", "tags": "Instawatch Comedy Movies Romantic Comedies Drama DVD All", "relevancy_score": 25.623942857142858, "price": "$5.10"}, {"title": "Sweet Home Alabama (Blu-ray)", "tags": "Blu-ray Special Buys Military & War Action Movies Romantic Comedies All Romance Comedy DVD", "relevancy_score": 57.64788571428572, "price": "$9.99"}, {"title": "Gremlins (DVD)", "tags": "Other Halloween Accessories Trick-or-Treat Bags Masks Baking & Cooking Supplies Witch Costumes Scary Men's Party Tableware", "relevancy_score": 130.9084965517241, "price": "$4.99"}, {"title": "The Mighty Ducks (DVD)", "tags": "Anime for Children Paw Patrol Movies All & Animation Family Drama Action Adventure TV Shows DVD", "relevancy_score": 29.52793333333333, "price": "$4.99"}, {"title": "Maverick (DVD)", "tags": "Animated Drama Movies Romantic Comedies War & Politics Comedy Western All", "relevancy_score": 100.49842352941177, "price": "$9.99"}, {"title": "Bringing Down the House (DVD)", "tags": "Animated Drama Movies Family Comedy Slapstick Romantic Comedies DVD All", "relevancy_score": 79.91916521739131, "price": "$4.99"}, {"title": "This Is Where I Leave You (DVD)", "tags": "Instawatch Comedy Movies Action Drama Romantic Comedies & Adventure DVD All", "relevancy_score": 76.7191652173913, "price": "$5.99"}, {"title": "Ghostbusters (DVD)", "tags": "Instawatch Comedy Movies Romantic Comedies All Sci-Fi & Fantasy DVD Children Family", "relevancy_score": 65.7896909090909, "price": "$5.49"}, {"title": "Under the Tuscan Sun (DVD)", "tags": "Instawatch Comedy Movies Action Drama Animated Romantic Comedies DVD All", "relevancy_score": 114.59537358490566, "price": "$4.99"}, {"title": "Harry and the Hendersons (DVD)", "tags": "Action Comedy Movies Family Drama Romantic Comedies All Sci-Fi & Fantasy Children Instawatch", "relevancy_score": 5.1408903225806455, "price": "$13.70"}, {"title": "Tyler Perry's Meet the Browns (DVD)", "tags": "Instawatch Comedy Movies Romantic Comedies Drama All Music & Performance Holiday", "relevancy_score": 112.34115555555555, "price": "$6.88"}, {"title": "Walk Like a Man (DVD)", "tags": "Summer Picks Instawatch Comedy Movies Romantic Comedies Drama DVD", "relevancy_score": 15.713835294117647, "price": "$15.56"}, {"title": "RED 2 (Blu-ray + DVD)", "tags": "Dexter Instawatch Comedy Movies All Mystery & Suspense Action French Spanish Language Adventure", "relevancy_score": 107.54115555555556, "price": "$8.42"}, {"title": "Say Anything... (DVD)", "tags": "All Health & Fitness Instawatch Comedy Movies Action Romance Romantic Comedies Sports TV Shows DVD", "relevancy_score": 25.623942857142858, "price": "$4.99"}, {"title": "The Hangover Part III (DVD)", "tags": "Instawatch Comedy Movies Action Thriller Dark Romantic Comedies All Sci-Fi & Fantasy", "relevancy_score": 19.713835294117647, "price": "$3.99"}, {"title": "Scary Movie Triple Feature (DVD)", "tags": "", "relevancy_score": 5.1408903225806455, "price": "$10.25"}, {"title": "Murder by Death (DVD)", "tags": "All Mystery & Suspense Family Classic Movies Drama Action Adventure Comedy Instawatch", "relevancy_score": 58.84788571428571, "price": "$9.99"}, {"title": "Mr. Mom (DVD)", "tags": "Shop STEM ages 12 and Up All Smurfs Goonies Teenage Mutant Ninja Turtles Michael Jordan Gremlins Transformers Pinky the Brain", "relevancy_score": 44.0919, "price": "$3.74"}, {"title": "The Fighting Temptations (DVD)", "tags": "All Horror Movies Slapstick Comedy Performing Arts Music & Performance DVD Holiday", "relevancy_score": 16.513835294117648, "price": "$4.99"}, {"title": "Something Borrowed (DVD)", "tags": "Instawatch Comedy Movies Slapstick Romantic Comedies All Romance", "relevancy_score": 96.29842352941176, "price": "$5.99"}, {"title": "Valley Girl (DVD)", "tags": "All Health & Fitness Action Drama Movies Romantic Sports Comedy TV Shows Music Performance DVD", "relevancy_score": 61.247885714285715, "price": "$5.99"}, {"title": "The Cowboy Way (DVD)", "tags": "Summer Picks Romantic Sports Comedy DVD Movies Western All Action & Adventure", "relevancy_score": 86.23785000000001, "price": "$9.99"}, {"title": "Pee-wee's Big Adventure (DVD)", "tags": "Action Comedy Movies Family Drama Sci-Fi & Fantasy Romantic Comedies Children All", "relevancy_score": 124.48527272727274, "price": "$5.99"}, {"title": "Night School (DVD)", "tags": "Instawatch Comedy Movies All Mystery & Suspense Action Romantic Comedies About Race", "relevancy_score": 45.0919, "price": "$13.53"}, {"title": "Trading Christmas (DVD)", "tags": "Walmart Exclusives Hallmark Channel Action Drama Movies Romantic All Romance Comedy Holiday Children & Family", "relevancy_score": 94.79355918367348, "price": "$5.99"}, {"title": "Camp Rock (DVD)", "tags": "Disney Princess Movies All Anime & Animation Family Comedy Drama Music Performance DVD Children", "relevancy_score": 199.32213521126758, "price": "$4.25"}, {"title": "To Wong Foo, Thanks for Everything! Julie Newmar (DVD)", "tags": "Instawatch Comedy Movies Sports Romantic Comedies All Music & Performance", "relevancy_score": 242.72975, "price": "$6.89"}, {"title": "The Intern (DVD)", "tags": "Instawatch Comedy Movies Action Drama Romantic Comedies All", "relevancy_score": 163.35178461538462, "price": "$5.99"}, {"title": "Joe Dirt (DVD)", "tags": "Instawatch Comedy Movies Dark Slapstick Sports TV Shows Action & Adventure DVD All", "relevancy_score": 33.726302702702704, "price": "$6.99"}, {"title": "The Blues Brothers (Unrated) (Blu-ray)", "tags": "Shop STEM ages 12 and Up All Smurfs Goonies Teenage Mutant Ninja Turtles Michael Jordan Gremlins Transformers Pinky the Brain", "relevancy_score": 6.272975, "price": "$5.57"}, {"title": "Cheech & Chong's Up in Smoke (40th Anniversary) (Blu-ray + DVD + Digital Copy)", "tags": "All 4K Ultra HD Movies Horror Family Drama Classic Comedies Slapstick Comedy Spanish Language Romantic Children &", "relevancy_score": 5.1408903225806455, "price": "$12.55"}, {"title": "Little Darlings (DVD)", "tags": "All Health & Fitness Action Thriller Movies German Romantic Comedies Sports Comedy TV Shows DVD Adventure", "relevancy_score": 8.497054545454546, "price": "$11.89"}, {"title": "The Mighty Ducks DVD Box Set (DVD)", "tags": "Anime for Children Paw Patrol Movies All & Animation Animated Drama Family Action Adventure TV Shows DVD", "relevancy_score": 214.24354736842105, "price": "$17.99"}, {"title": "Hope Floats (DVD)", "tags": "Summer Picks Instawatch Comedy Movies Action Drama Romantic DVD All", "relevancy_score": 160.7823272727273, "price": "$9.43"}, {"title": "Camp Rock 2: The Final Jam (DVD)", "tags": "Disney Princess Movies All Anime & Animation Family Comedy Drama Music Performance DVD Children", "relevancy_score": 50.0919, "price": "$5.99"}, {"title": "Ghostbusters 1 & 2 (DVD)", "tags": "Instawatch Comedy Movies All Anime & Animation Animated Drama Family Sci-Fi Fantasy DVD", "relevancy_score": 242.44997037037038, "price": "$13.95"}, {"title": "The Hangover Trilogy (DVD)", "tags": "Instawatch Comedy Movies Action Dark Romantic Comedies All Sci-Fi & Fantasy DVD", "relevancy_score": 29.719494736842105, "price": "$9.96"}, {"title": "The Second Best Exotic Marigold Hotel (DVD)", "tags": "Action Drama Movies Animated Family Romantic All & Adventure Comedy Instawatch", "relevancy_score": 30.9263027027027, "price": "$7.99"}, {"title": "Mermaids (DVD)", "tags": "Action Drama Movies Family Romantic Comedies All Romance Comedy DVD", "relevancy_score": 48.0919, "price": "$8.15"}, {"title": "Bird on a Wire (DVD)", "tags": "Action Thriller Movies Animated Drama Crime Romantic Comedy DVD Western All & Adventure", "relevancy_score": 0.0, "price": "$9.99"}, {"title": "Bad Moms (DVD)", "tags": "Instawatch Comedy Movies Slapstick Romantic Comedies Drama DVD All Holiday", "relevancy_score": 95.74704, "price": "$5.10"}, {"title": "The Truman Show", "tags": "Action Drama Movies Romantic French All Sci-Fi & Fantasy Comedy DVD", "relevancy_score": 15.397054545454544, "price": "$4.99"}, {"title": "The Wedding Singer (DVD)", "tags": "Summer Picks Instawatch Comedy Movies Slapstick Romantic Comedies All", "relevancy_score": 149.1838, "price": "$7.44"}, {"title": "Shag, The Movie (DVD)", "tags": "Instawatch Comedy Movies Action Drama Family Romantic DVD All", "relevancy_score": 10.272975, "price": "$15.70"}, {"title": "SOUL MEN/JANKY PROMOTERS/WHOS YOUR CADDY COMEDY TRIPLE FEATURE (DVD)(3DISCS (DVD)", "tags": "Instawatch Comedy Movies Slapstick Crime Romantic Comedies About Race All", "relevancy_score": 30.9263027027027, "price": "$7.50"}, {"title": "Office Space (20th Anniversary) (DVD)", "tags": "Dark Comedy Slapstick Comic Horror Movies Romantic Comedies Children & Family Instawatch All", "relevancy_score": 61.120437209302324, "price": "$4.99"}, {"title": "My Name Is Earl: Season 4 (DVD)", "tags": "Animated Drama Movies Family Comedy TV Shows Fox All Action & Adventure Instawatch", "relevancy_score": 30.727933333333333, "price": "$12.84"}, {"title": "Once Upon a Time In...Hollywood (Blu-ray + DVD)", "tags": "All 4K Ultra HD Movies Summer Picks Mystery & Suspense New DVD Releases Horror Spanish Language Action Adventure Comedy", "relevancy_score": 78.3191652173913, "price": "$15.94"}, {"title": "Bones: The Complete Twelfth Season (The Final Chapter) (DVD)", "tags": "Action & Adventure TV Shows Comedy Drama Mysteries Fox Boxed Sets Collections Movies All", "relevancy_score": 56.17179512195122, "price": "$15.12"}, {"title": "The World's End / Hot Fuzz / Shaun of the Dead (Blu-ray)", "tags": "Instawatch Sci-Fi & Fantasy Movies Comedy Comic Horror Action All Drama", "relevancy_score": 14.497054545454546, "price": "$15.07"}, {"title": "Rock of Ages (DVD)", "tags": "Action Romance Romantic Comedies Comedy Instawatch Drama Movies DVD All", "relevancy_score": 128.10849655172413, "price": "$3.99"}, {"title": "Open Season (DVD)", "tags": "All Animation & Cartoons Anime Animated Drama Movies Family Children Instawatch Kids and", "relevancy_score": 20.513835294117648, "price": "$4.23"}, {"title": "Calamity Jane (DVD)", "tags": "Performing Arts Rock & Pop Romantic Comedies All Romance Comedy Music Performance DVD Movies Men In Black", "relevancy_score": 91.63785, "price": "$12.69"}, {"title": "Tyler Perry Collection: Diary of a Mad - The Play (DVD)", "tags": "Instawatch Comedy Movies Romantic Comedies Drama All Music & Performance Dance Kids and Family", "relevancy_score": 176.31195820895522, "price": "$6.59"}, {"title": "Smokey and the Bandit Pursuit Pack (DVD)", "tags": "Walmart Exclusives Summer Picks Instawatch Comedy Movies Romantic Comedies DVD All Action & Adventure", "relevancy_score": 134.1838, "price": "$9.99"}, {"title": "Bill & Ted's Excellent Adventure (DVD)", "tags": "Instawatch Comedy Movies Dark Romantic All Documentaries DVD Western", "relevancy_score": 40.919494736842104, "price": "$7.99"}, {"title": "The Long, Long Trailer (DVD)", "tags": "Family Comedy Movies Classic Comedies Classics TV Shows Documentaries DVD All", "relevancy_score": 317.9167958762887, "price": "$9.99"}, {"title": "Jojo Rabbit (DVD)", "tags": "Summer Picks All Mystery & Suspense Action Drama Movies Classic Dramas Spanish Language Combat New Release Adventure", "relevancy_score": 46.00790769230769, "price": "$20.06"}, {"title": "A Christmas Story (Blu-ray)", "tags": "Family Comedy Movies Romantic Comedies Children & DVD Holiday All Instawatch Kids and", "relevancy_score": 88.03784999999999, "price": "$12.30"}, {"title": "White Chicks (Unrated) (DVD)", "tags": "Instawatch Comedy Movies Family Drama Slapstick Romantic Comedies All Sci-Fi & Fantasy", "relevancy_score": 65.7896909090909, "price": "$8.49"}, {"title": "4-Movie Laugh Pack: If a Man Answers / That Funny Feeling / Tammy Tell Me True / Tammy and the Doctor (DVD)", "tags": "Anime Action Drama All Animation & Cartoons Classic Comedies Performing Arts Romantic Comedy Music Performance", "relevancy_score": 0.0, "price": "$11.46"}, {"title": "Deadpool: The Complete Collection (For Now) (4K Ultra HD)", "tags": "All 4K Ultra HD Movies Instawatch Comedy Action French Spanish Language & Adventure Marvel", "relevancy_score": 11.497054545454546, "price": "$37.34"}, {"title": "Better Off Dead (Blu-ray)", "tags": "Shop STEM ages 12 and Up All Smurfs Goonies Teenage Mutant Ninja Turtles Michael Jordan Gremlins Transformers Pinky the Brain", "relevancy_score": 32.11949473684211, "price": "$12.99"}, {"title": "Blades of Glory (DVD)", "tags": "Instawatch Comedy Movies Action Slapstick Sports General TV Shows Figure Skating All", "relevancy_score": 10.272975, "price": "$5.99"}, {"title": "Deadpool: The Complete Collection (For Now) (Blu-ray + DVD)", "tags": "Instawatch Comedy Movies Action French Spanish Language & Adventure Marvel All", "relevancy_score": 11.497054545454546, "price": "$30.54"}, {"title": "What's Up, Doc? (DVD)", "tags": "Action Drama Movies Classic Dramas Slapstick Comedy French All Music & Performance Adventure", "relevancy_score": 23.623942857142858, "price": "$9.99"}, {"title": "The Three Stooges: 1934-1959: The Complete DVD Collection (DVD)", "tags": "All Anime & Animation Classic Comedies Slapstick Comedy Classics TV Shows Boxed Sets Collections Movies Action Adventure", "relevancy_score": 24.727933333333333, "price": "$34.80"}, {"title": "Paper Moon (DVD)", "tags": "Instawatch Comedy Movies All Mystery & Suspense Romantic Comedies Drama DVD", "relevancy_score": 20.513835294117648, "price": "$5.99"}, {"title": "Diary of a Wimpy Kid 1, 2 & 3 (DVD)", "tags": "All Anime & Animation Animated Drama Movies Cartoons Angry Birds DVD Children Family Instawatch Kids and", "relevancy_score": 58.84788571428571, "price": "$9.99"}, {"title": "10 Things I Hate About You (DVD)", "tags": "All Anime & Animation Action Drama Movies Animated Family Romantic Comedies Comedy DVD", "relevancy_score": 175.18232727272726, "price": "$9.43"}, {"title": "Who's The Boss?: The Complete First Season (DVD)", "tags": "Animated Action Movies Comedy TV Shows Miniseries Sci-Fi & Fantasy CBS Boxed Sets Collections Full House", "relevancy_score": 35.826302702702705, "price": "$25.47"}, {"title": "Last Holiday (Blu-ray)", "tags": "Summer Picks Instawatch Comedy Movies Romantic Comedies Drama DVD", "relevancy_score": 25.623942857142858, "price": "$7.50"}, {"title": "The Shakiest Gun in the West (DVD)", "tags": "Martial Art Movies Western Action & Adventure Animated Drama Family Classic Comedy Comedies All Classics", "relevancy_score": 40.919494736842104, "price": "$7.99"}, {"title": "Miss Congeniality / Miss Congeniality 2: Armed and Fabulous (DVD)", "tags": "Action Drama Movies Animated Romantic Comedies Comedy DVD All Instawatch", "relevancy_score": 96.29842352941176, "price": "$5.98"}, {"title": "Mean Girls 2 (DVD)", "tags": "Instawatch Comedy Movies Family Drama Slapstick Romantic Comedies DVD", "relevancy_score": 9.272975, "price": "$4.99"}, {"title": "Booksmart (DVD)", "tags": "New DVD Releases Spanish Language Movies United Kingdom Release Marvel Men In Black All Action & Adventure Children Family", "relevancy_score": 15.397054545454544, "price": "$7.50"}, {"title": "Joyful Noise (DVD)", "tags": "Instawatch Comedy Movies Family Drama All Music & Performance DVD Holiday", "relevancy_score": 150.78779047619048, "price": "$5.99"}, {"title": "Super Troopers 2 (Blu-ray + DVD)", "tags": "Instawatch Sci-Fi & Fantasy Movies All Mystery Suspense Action Comedy Spanish Language Romantic Comedies Animation Adventure 4K Ultra HD", "relevancy_score": 10.272975, "price": "$9.96"}, {"title": "Mamma Mia!: Here We Go Again (Blu-ray + DVD + Digital Copy)", "tags": "French Movies Spanish Language Romantic Comedies Comedy All Music & Performance About Race New Release DVD", "relevancy_score": 50.67179512195122, "price": "$9.99"}, {"title": "Striptease (Unrated) (DVD)", "tags": "Instawatch Comedy Movies All Anime & Animation Action Drama Animated Romantic Comedies DVD Adventure", "relevancy_score": 10.272975, "price": "$9.49"}, {"title": "Goosebumps (Blu-ray + DVD)", "tags": "Instawatch Comedy Movies Family Japanese Mystery & Suspense Men In Black All Kids and", "relevancy_score": 47.0919, "price": "$8.41"}, {"title": "The Bad News Bears (DVD)", "tags": "Summer Picks Animated Drama Movies Slapstick Comedy Sports Romantic DVD All", "relevancy_score": 5.1408903225806455, "price": "$5.99"}, {"title": "Fantastic Mr. Fox (DVD)", "tags": "Action Comedy Movies Animated Drama Animation DVD All & Adventure Children Family", "relevancy_score": 50.67179512195122, "price": "$9.62"}, {"title": "All of Me (DVD)", "tags": "", "relevancy_score": 71.95586666666667, "price": "$7.99"}, {"title": "The Sandlot (DVD)", "tags": "Summer Picks Animated Drama Movies Family Sports Comedy DVD All Children &", "relevancy_score": 237.88775384615386, "price": "$11.62"}, {"title": "Grease (40th Anniversary Edition) (Blu-ray + DVD + Digital Copy)", "tags": "Instawatch Romantic Comedies Comedy Movies Performing Arts Romance All Music & Performance", "relevancy_score": 40.919494736842104, "price": "$13.00"}, {"title": "Seems Like Old Times (DVD)", "tags": "All Mystery & Suspense French Movies Spanish Language Sci-Fi Fantasy Romantic Comedy DVD Men In Black", "relevancy_score": 76.45586666666667, "price": "$7.99"}, {"title": "Will & Grace: The Revival: Season Three (DVD)", "tags": "Summer Picks Instawatch Comedy Movies Romantic Comedies Drama DVD", "relevancy_score": 14.623942857142858, "price": "$28.48"}, {"title": "Ghostbusters (4K Ultra HD + Blu-ray)", "tags": "Instawatch Sci-Fi & Fantasy Movies Comedy Action All Adventure 4K Ultra HD Marvel", "relevancy_score": 10.272975, "price": "$19.99"}, {"title": "Grumpy Old Men / Grumpier Old Men (DVD)", "tags": "Slapstick Comedy Romantic DVD Movies Western All Classics Instawatch", "relevancy_score": 190.49577142857143, "price": "$10.34"}, {"title": "Cannonball Run II (DVD)", "tags": "Anime Comedy for Children Summer Picks Action Movies Slapstick Romantic DVD All", "relevancy_score": 9.272975, "price": "$13.13"}, {"title": "Airborne (DVD)", "tags": "All Health & Fitness Action Comedy Movies Crime Comic Horror Romantic Comedies Sports TV Shows", "relevancy_score": 32.919494736842104, "price": "$14.39"}, {"title": "The Replacements (Blu-ray)", "tags": "Instawatch Comedy Movies Sports Classic Horror Romantic Comedies Science & Technology TV Shows About Race All Classics", "relevancy_score": 25.623942857142858, "price": "$9.00"}, {"title": "We're the Millers (DVD)", "tags": "Walmart Exclusives Instawatch Comedy Movies Dark Romantic Comedies DVD All", "relevancy_score": 44.07179512195122, "price": "$8.46"}, {"title": "Lightning Jack (DVD)", "tags": "Animated Drama Movies Family Romantic Comedies Comedy All Action & Adventure Instawatch", "relevancy_score": 10.272975, "price": "$8.73"}, {"title": "A Charlie Brown Thanksgiving (Blu-ray)", "tags": "Instawatch Comedy Movies All Anime & Animation Animated Drama Action Charlie Brown TV Shows Holiday Children Family", "relevancy_score": 20.513835294117648, "price": "$14.99"}, {"title": "Fast Times at Ridgemont High (Blu-ray)", "tags": "Instawatch Comedy Movies Action Drama Romantic Comedies All Sci-Fi & Fantasy Adventure", "relevancy_score": 5.1408903225806455, "price": "$8.93"}, {"title": "Cheaper by the Dozen 2 (DVD)", "tags": "Instawatch Comedy Movies Family Drama Romantic DVD All Children &", "relevancy_score": 43.307907692307694, "price": "$4.99"}, {"title": "Fast Times at Ridgemont High / Dazed and Confused (Blu-ray)", "tags": "Shop STEM ages 12 and Up All Smurfs Goonies Teenage Mutant Ninja Turtles Michael Jordan Gremlins Transformers Pinky the Brain", "relevancy_score": 5.1408903225806455, "price": "$14.99"}, {"title": "All for Love (DVD)", "tags": "Hallmark Channel New DVD Releases Action Drama Movies Romantic Comedies All Romance Comedy Holiday", "relevancy_score": 10.272975, "price": "$13.01"}, {"title": "Christmas Lodge (DVD)", "tags": "Walmart Exclusives Hallmark Channel Family Comedy Movies Drama Romantic All Romance Holiday", "relevancy_score": 128.96886315789473, "price": "$25.78"}, {"title": "The Canterville Ghost (DVD)", "tags": "Action Drama Movies Classic Comedies Romantic Comic Horror Comedy All Classics", "relevancy_score": 20.513835294117648, "price": "$9.59"}, {"title": "Don Knotts Comedy Collection: 5 Classic Movies (DVD)", "tags": "Family Classic Movies Comedy Drama Comedies Western All Children & Classics", "relevancy_score": 26.52793333333333, "price": "$11.99"}, {"title": "Tropic Thunder (DVD)", "tags": "Walmart Exclusives Instawatch Comedy Movies Romantic All Music & Performance DVD", "relevancy_score": 10.272975, "price": "$5.00"}, {"title": "The Adventures Of Elmo In Grouchland (DVD)", "tags": "Under $5 All Anime & Animation Animated Drama Movies Cartoons Family Educational Children", "relevancy_score": 209.62055999999998, "price": "$7.47"}, {"title": "The Flintstones (DVD)", "tags": "Anime Comedy for Children All Animation & Cartoons Animated Movies Drama Family", "relevancy_score": 45.10790769230769, "price": "$7.99"}, {"title": "Don Knotts: 4-Movie Collection (DVD)", "tags": "Animated Drama Movies Family Classic Comedies DVD All Comedy Children & Classics", "relevancy_score": 124.48527272727274, "price": "$9.99"}, {"title": "Notting Hill (DVD)", "tags": "Instawatch Romantic Comedies Comedy Movies Romance DVD All", "relevancy_score": 65.02043720930233, "price": "$7.19"}, {"title": "She's All That (DVD)", "tags": "", "relevancy_score": 0.0, "price": "$10.70"}, {"title": "It's A Very Merry Christmas Movie (DVD)", "tags": "All Anime & Animation Action Comedy Movies Animated Drama Family Classic Charlie Brown TV Shows Holiday Classics", "relevancy_score": 26.52793333333333, "price": "$6.88"}, {"title": "4 Film Favorites: Police Academy 1-4 (DVD)", "tags": "", "relevancy_score": 0.0, "price": "$7.50"}, {"title": "Peter Rabbit (DVD + Digital Copy)", "tags": "Instawatch Comedy Movies All Anime & Animation Cartoons Family Drama Children Kids and", "relevancy_score": 65.02043720930233, "price": "$7.50"}, {"title": "Marley & Me / Marley & Me: The Puppy Years (DVD)", "tags": "Family Comedy Movies Drama Romantic Comedies All Children & Instawatch", "relevancy_score": 5.1408903225806455, "price": "$7.99"}, {"title": "Big Momma's: 3-Film Collection (DVD)", "tags": "Instawatch Comedy Movies Family Slapstick Romantic Comedies All Children &", "relevancy_score": 17.713835294117647, "price": "$6.69"}, {"title": "The DUFF (DVD)", "tags": "Instawatch Comedy Movies Action Drama Slapstick Romantic Comedies All", "relevancy_score": 43.307907692307694, "price": "$7.99"}, {"title": "Snow Day (DVD)", "tags": "Family Comedy Movies Drama Romantic Comedies DVD Holiday All Children &", "relevancy_score": 8.272975, "price": "$5.46"}, {"title": "The Single Moms Club (DVD)", "tags": "Instawatch Comedy Movies All Mystery & Suspense Romantic Comedies Drama Music Performance Holiday", "relevancy_score": 109.99537358490566, "price": "$10.18"}, {"title": "Spaceballs (DVD)", "tags": "Shop STEM ages 12 and Up All Smurfs Goonies Teenage Mutant Ninja Turtles Michael Jordan Gremlins Transformers Pinky the Brain", "relevancy_score": 46.00790769230769, "price": "$9.08"}, {"title": "Ghostbusters / Groundhog Day / Stripes (DVD)", "tags": "Instawatch Comedy Movies Slapstick All Sci-Fi & Fantasy Drama Action Adventure DVD Kids and Family", "relevancy_score": 17.713835294117647, "price": "$14.12"}, {"title": "The Lost Boys (DVD)", "tags": "All Horror Movies Comic Romantic Comedies Comedy Action & Adventure Instawatch", "relevancy_score": 16.513835294117648, "price": "$12.74"}, {"title": "Beverly Hills Cop: 3-Movie Collection (DVD)", "tags": "Instawatch Comedy Movies French Romantic Comedies Drama Boxed Sets & Collections TV DVD", "relevancy_score": 13.297054545454543, "price": "$8.73"}, {"title": "Arthur / Arthur 2: On the Rocks (DVD)", "tags": "All Anime & Animation Animated Drama Movies Family Instawatch Horror Action Adventure Comedy", "relevancy_score": 66.32043720930233, "price": "$8.89"}, {"title": "You've Got Mail / Must Love Dogs (DVD)", "tags": "Instawatch Comedy Movies Romantic All Romance DVD", "relevancy_score": 15.397054545454544, "price": "$8.96"}, {"title": "The Hollywood Knights (DVD)", "tags": "Summer Picks Instawatch Comedy Movies Action Thriller Crime All & Adventure", "relevancy_score": 53.97179512195122, "price": "$7.99"}, {"title": "3 Ninjas (DVD)", "tags": "All Anime & Animation Family Comedy Movies Drama Romantic DVD Children", "relevancy_score": 102.59842352941176, "price": "$4.99"}, {"title": "She's All That / Boys and Girls (DVD)", "tags": "", "relevancy_score": 0.0, "price": "$14.17"}, {"title": "Scouts Guide to the Zombie Apocalypse (Blu-ray)", "tags": "Instawatch Comedy Movies Animation All Horror Comic Action & Adventure Kids and Family", "relevancy_score": 14.497054545454546, "price": "$8.00"}, {"title": "Hope Springs (DVD)", "tags": "Instawatch Comedy Movies All Sci-Fi & Fantasy Drama Action Adventure DVD Kids and Family", "relevancy_score": 31.626302702702706, "price": "$7.19"}, {"title": "4 Film Favorites: Clint Eastwood Comedy (DVD)", "tags": "Instawatch Comedy Movies Action Thriller Classic Dramas Western All & Adventure Classics", "relevancy_score": 78.3191652173913, "price": "$7.69"}, {"title": "Coyote Ugly (Blu-ray)", "tags": "", "relevancy_score": 48.0919, "price": "$9.99"}, {"title": "The Peanut Butter Falcon (Blu-ray)", "tags": "All 4K Ultra HD Movies Summer Picks Mystery & Suspense Horror French Spanish Language New Release Action Adventure", "relevancy_score": 33.726302702702704, "price": "$10.79"}, {"title": "R.L. Stine's Monsterville: Cabinet of Souls (DVD)", "tags": "", "relevancy_score": 15.397054545454544, "price": "$8.49"}, {"title": "Too Cool for School: The John Hughes Collection (DVD)", "tags": "Instawatch Comedy Movies Family Romantic Comedies DVD All Action & Adventure", "relevancy_score": 10.272975, "price": "$5.00"}, {"title": "Scooby Doo's Greatest Mysteries (DVD)", "tags": "Anime Action Comedy for Children All Animation & Cartoons Scooby Doo Movies Animated Drama Family Cartoon", "relevancy_score": 17.713835294117647, "price": "$5.99"}, {"title": "Jackass 7 Movie Collection (DVD)", "tags": "Instawatch Comedy Movies Romantic Comedies Reality Shows TV MTV Boxed Sets & Collections DVD All", "relevancy_score": 12.397054545454544, "price": "$10.00"}, {"title": "Private Benjamin (DVD)", "tags": "Shop STEM ages 12 and Up All Smurfs Goonies Teenage Mutant Ninja Turtles Michael Jordan Gremlins Transformers Pinky the Brain", "relevancy_score": 52.87179512195122, "price": "$7.69"}, {"title": "Highway to Hell (Blu-ray)", "tags": "All Horror Movies Japanese Star Trek Action & Adventure TV Shows Mysteries Sci-Fi Fantasy 4K Ultra HD Instawatch", "relevancy_score": 5.1408903225806455, "price": "$19.99"}, {"title": "Hot Shots / Hot Shots Part Deux (DVD)", "tags": "Family Drama Movies Slapstick Comedy Romantic Comedies All Action & Adventure Instawatch", "relevancy_score": 10.272975, "price": "$7.99"}, {"title": "Airplane! / Airplane II: The Sequel: 2-Movie Collection (DVD)", "tags": "Shop STEM ages 12 and Up All Smurfs Goonies Teenage Mutant Ninja Turtles Michael Jordan Gremlins Transformers Pinky the Brain", "relevancy_score": 40.11949473684211, "price": "$7.50"}, {"title": "The Evening Star (DVD)", "tags": "Summer Picks Instawatch Comedy Movies Romantic Comedies Drama DVD", "relevancy_score": 0.0, "price": "$15.61"}, {"title": "Jexi (Blu-ray + Digital Copy)", "tags": "All 4K Ultra HD Movies Summer Picks Mystery & Suspense Horror French Spanish Language New Release Action Adventure", "relevancy_score": 11.497054545454546, "price": "$8.77"}, {"title": "The Great Race (DVD)", "tags": "All 4K Ultra HD Movies Classic Comedies Spanish Language DVD Action & Adventure Marvel Western Classics", "relevancy_score": 97.74704, "price": "$11.74"}, {"title": "The Perfect Holiday (DVD)", "tags": "Instawatch Comedy Movies Action Romantic Drama All Holiday", "relevancy_score": 35.826302702702705, "price": "$7.00"}, {"title": "Hitch / Fun With Dick and Jane / Guess Who (DVD)", "tags": "Summer Picks Instawatch Comedy Movies Slapstick Romantic Comedies Drama DVD All", "relevancy_score": 9.272975, "price": "$7.99"}, {"title": "Ferris Bueller's Day Off (Blu-ray)", "tags": "Instawatch Comedy Movies Action Drama Family Romantic Comedies All", "relevancy_score": 0.0, "price": "$7.99"}, {"title": "4-movie Laugh Pack: Smokey and the Bandit / Smokey and the Bandit II / Bandit Goes Country / Bandit, Bandit (DVD)", "tags": "Walmart Exclusives Summer Picks Instawatch Comedy Movies Action All & Adventure Kids and Family", "relevancy_score": 7.272975, "price": "$9.99"}, {"title": "It's a Mad, Mad, Mad, Mad World (DVD)", "tags": "Instawatch Comedy Movies Dark French Romantic Comedies Drama All", "relevancy_score": 151.01959999999997, "price": "$9.37"}, {"title": "Gentlemen Prefer Blondes (Blu-ray)", "tags": "Instawatch Comedy Movies Performing Arts Ballet & Dance Romantic Comedies All Music Performance DVD", "relevancy_score": 5.1408903225806455, "price": "$10.52"}, {"title": "Half Baked (DVD)", "tags": "Action Comedy Movies Slapstick Romantic Comedies All Sci-Fi & Fantasy About Race Foreign Films", "relevancy_score": 57.220437209302325, "price": "$7.99"}, {"title": "The Stepford Wives (DVD)", "tags": "Summer Picks Instawatch Comedy Movies Romantic Comedies Drama DVD", "relevancy_score": 19.713835294117647, "price": "$5.96"}, {"title": "The Secret Life of Walter Mitty (Blu-ray + DVD + Digital Copy)", "tags": "Summer Picks Instawatch Comedy Movies Romantic Comedies Drama DVD", "relevancy_score": 20.513835294117648, "price": "$8.49"}, {"title": "Love the Coopers (DVD)", "tags": "Instawatch Comedy Movies Romantic Comedies Drama Action & Adventure DVD All", "relevancy_score": 50.720437209302325, "price": "$7.99"}, {"title": "The Watch (DVD)", "tags": "Instawatch Comedy Movies Family Drama Romantic Comedies All Action & Adventure", "relevancy_score": 18.513835294117648, "price": "$7.99"}, {"title": "The Wedding Ringer (DVD)", "tags": "Instawatch Comedy Movies Romantic Comedies Drama Action & Adventure DVD All", "relevancy_score": 25.623942857142858, "price": "$7.99"}, {"title": "Benny & Joon (DVD)", "tags": "All Anime & Animation Action Thriller Movies Animated Drama Family Adventure Comedy Instawatch", "relevancy_score": 40.60790769230769, "price": "$8.93"}, {"title": "The Intern (Blu-ray + DVD)", "tags": "Summer Picks Instawatch Comedy Movies Dark Performing Arts All Music & Performance About Race Mystery Suspense", "relevancy_score": 0.0, "price": "$6.95"}, {"title": "The Dream Team (DVD)", "tags": "Animated Drama Movies Family Romantic Comedies Comedy All Action & Adventure Instawatch", "relevancy_score": 15.397054545454544, "price": "$9.99"}, {"title": "Kangaroo Jack (DVD)", "tags": "All Religion & Spirituality Adventure Movies Family Comedy Romantic Instawatch Drama DVD Western Action", "relevancy_score": 10.272975, "price": "$8.46"}, {"title": "Bubble Boy (DVD)", "tags": "Animated Drama Movies Family Slapstick Comedy Romantic Comedies DVD All Children &", "relevancy_score": 41.0919, "price": "$4.99"}, {"title": "The King of Staten Island (Blu-ray + DVD + Digital Copy)", "tags": "Summer Picks Instawatch Comedy Movies Romantic Comedies Drama DVD", "relevancy_score": 5.1408903225806455, "price": "$21.99"}, {"title": "Naruto Shippuden Uncut Set 29 (DVD)", "tags": "Anime Action All Animation & Cartoons Movies TV Shows Animated Drama Japanese Adventure Foreign Films", "relevancy_score": 4.1408903225806455, "price": "$29.99"}, {"title": "First Daughter (DVD)", "tags": "Action Drama Movies Family Romantic Comedies Comedy All Holiday", "relevancy_score": 68.95586666666667, "price": "$5.09"}, {"title": "The Secret Life of Walter Mitty (DVD)", "tags": "Instawatch Comedy Movies Action Drama Animated Romantic Comedies All Mystery & Suspense", "relevancy_score": 39.3194947368421, "price": "$6.61"}, {"title": "Clint Eastwood Triple Feature: The Outlaw Josey Wales / Pale Rider / Bronco Billy (DVD)", "tags": "All Mystery & Suspense Action Thriller Movies Classic Dramas Western Adventure Comedy Classics", "relevancy_score": 5.1408903225806455, "price": "$9.96"}, {"title": "Robin Hood: Men in Tights (Blu-ray)", "tags": "Dark Comedy Comic Horror Movies Action & Adventure DVD All Children Family Instawatch", "relevancy_score": 20.513835294117648, "price": "$10.93"}, {"title": "The Haves and the Have Nots (DVD)", "tags": "Instawatch Comedy Movies Romantic Comedies Drama All Music & Performance Dance Holiday", "relevancy_score": 190.49577142857143, "price": "$7.99"}, {"title": "White Men Can't Jump (DVD)", "tags": "Action Drama Movies Animated Slapstick Comedy Sports Crime About Race All Foreign Films", "relevancy_score": 7.297054545454545, "price": "$5.72"}, {"title": "1941 (DVD)", "tags": "Instawatch Comedy Movies Classic Dramas Action & Combat Documentary Adventure All", "relevancy_score": 18.513835294117648, "price": "$5.68"}, {"title": "Four Christmases (DVD)", "tags": "Instawatch Comedy Movies Family Drama All Holiday Children &", "relevancy_score": 529.9762530612245, "price": "$8.99"}, {"title": "Rat Race (DVD)", "tags": "Summer Picks Action Drama Movies Animated French Romantic Comedies Comedy DVD", "relevancy_score": 28.927933333333335, "price": "$5.69"}, {"title": "Paul (DVD)", "tags": "Summer Picks Instawatch Sci-Fi & Fantasy Movies Comedy Comic Horror Alien All DVD", "relevancy_score": 152.65424516129033, "price": "$7.99"}, {"title": "Wonder Park (DVD)", "tags": "All Anime & Animation Animated Drama Movies Adventure Cartoons New Release Children Family Instawatch Kids and", "relevancy_score": 11.497054545454546, "price": "$13.15"}, {"title": "The Secret of My Success (Blu-ray)", "tags": "", "relevancy_score": 0.0, "price": "$25.41"}, {"title": "When Things Were Rotten (DVD)", "tags": "All Anime & Animation Animated Drama Movies Family Romantic Comedy Action Adventure Instawatch", "relevancy_score": 0.0, "price": "$25.54"}, {"title": "The Rum Diary (DVD)", "tags": "Hallmark Channel All Romance Instawatch Drama Movies DVD Comedy Holiday", "relevancy_score": 0.0, "price": "$6.99"}, {"title": "Fools Rush in (1997) / Made of Honor / The Wedding Planner (DVD)", "tags": "Walmart Exclusives Summer Picks Instawatch Comedy Movies Romantic Comedies DVD NBA TV Shows", "relevancy_score": 14.497054545454546, "price": "$8.00"}, {"title": "Love & Other Drugs (DVD)", "tags": "Animated Drama Movies Family Romantic Comedies Comedy All Action & Adventure Instawatch", "relevancy_score": 23.623942857142858, "price": "$7.99"}, {"title": "Easy A (DVD)", "tags": "Instawatch Comedy Movies Slapstick Romantic Comedies Drama Romance All", "relevancy_score": 94.79355918367348, "price": "$5.92"}, {"title": "Kiki's Delivery Service (DVD)", "tags": "All Anime & Animation Movies TV Shows Animated Drama Fantasy Cartoons Family Sci-Fi Japanese Foreign Films", "relevancy_score": 44.0919, "price": "$24.33"}, {"title": "Fighting With My Family (DVD)", "tags": "How I Met Your Mother New DVD Releases French Movies Spanish Language About Race Release Marvel Men In Black", "relevancy_score": 20.513835294117648, "price": "$10.97"}, {"title": "We're the Millers (Blu-ray)", "tags": "Walmart Exclusives Instawatch Comedy Movies Action Romantic DVD All", "relevancy_score": 10.272975, "price": "$12.24"}, {"title": "Friday After Next (DVD)", "tags": "Slapstick Comedy Crime Action & Adventure Movies About Race All Instawatch", "relevancy_score": 22.623942857142858, "price": "$5.99"}, {"title": "Storks (DVD)", "tags": "All Anime & Animation Animated Drama Movies Cartoons Family Comedy Children Instawatch Kids and", "relevancy_score": 107.44783076923076, "price": "$4.80"}, {"title": "Eddie Murphy Raw (DVD)", "tags": "Instawatch Comedy Movies Slapstick Performing Arts Drama All Music & Performance About Race", "relevancy_score": 8.497054545454546, "price": "$5.00"}, {"title": "He's Just Not That Into You (DVD)", "tags": "Under $5 Instawatch Comedy Movies Animated Drama Romantic Comedies Romance All", "relevancy_score": 79.03784999999999, "price": "$5.99"}, {"title": "G.I. Blues (DVD)", "tags": "Under $5 Action Romance Slapstick Comedy Performing Arts Rock & Pop All Music Performance Documentaries", "relevancy_score": 10.272975, "price": "$8.99"}, {"title": "Big Stan (DVD)", "tags": "Instawatch Comedy Movies Romantic Drama All Music & Performance DVD", "relevancy_score": 24.623942857142858, "price": "$11.99"}, {"title": "The Heat (Blu-ray)", "tags": "Summer Picks Instawatch Comedy Movies Drama Action & Adventure DVD All Kids and Family", "relevancy_score": 0.0, "price": "$26.46"}, {"title": "Holiday Engagement (DVD)", "tags": "Walmart Exclusives Hallmark Channel Action Drama Movies Romantic All Romance Comedy Holiday Children & Family", "relevancy_score": 15.713835294117647, "price": "$5.69"}, {"title": "Team America: World Police (Unrated) (DVD)", "tags": "Summer Picks Instawatch Comedy Movies Romantic Comedies Drama DVD", "relevancy_score": 5.1408903225806455, "price": "$5.56"}, {"title": "4-Movie Laugh Pack: The Egg and I / Ma and Pa Kettle / Ma and Pa Kettle Go to Town / Ma and Pa Kettle Back on the Farm (DVD)", "tags": "Instawatch Comedy Movies All Mystery & Suspense Family Classic Comedies Drama Boxed Sets Collections TV Classics", "relevancy_score": 0.0, "price": "$9.99"}, {"title": "Bachelor Mother (DVD)", "tags": "Instawatch Comedy Movies Classic Dramas Performing Arts Romantic All Music & Performance DVD Classics", "relevancy_score": 15.397054545454544, "price": "$15.71"}, {"title": "A Charlie Brown Thanksgiving (DVD)", "tags": "Anime Action Comedy Drama Snoopy Movies & TV Shows Animated Adventure Holiday", "relevancy_score": 56.17179512195122, "price": "$18.15"}, {"title": "Stop or My Mom Will Shoot (DVD)", "tags": "Animated Drama Movies Family Romantic Comedies Comedy All Action & Adventure Instawatch", "relevancy_score": 25.927933333333335, "price": "$7.99"}, {"title": "Click (DVD)", "tags": "Walmart Exclusives Summer Picks Instawatch Comedy Movies Romantic Comedies DVD All", "relevancy_score": 23.623942857142858, "price": "$9.38"}, {"title": "Jexi (DVD)", "tags": "Instawatch Comedy Movies Romantic Comedies Drama New Release DVD", "relevancy_score": 10.272975, "price": "$7.87"}, {"title": "Hot Stuff (DVD)", "tags": "All Mystery & Suspense Family Drama Movies Romantic Comedies Comedy Action Adventure Instawatch", "relevancy_score": 10.272975, "price": "$10.37"}, {"title": "Test Pilot (DVD)", "tags": "Summer Picks Instawatch Comedy Movies Romantic Comedies Drama DVD", "relevancy_score": 0.0, "price": "$17.99"}, {"title": "Howard the Duck (Blu-ray)", "tags": "Instawatch Sci-Fi & Fantasy Movies Comedy Romantic Comedies Action All Adventure Mystery Suspense Kids and Family", "relevancy_score": 16.513835294117648, "price": "$8.81"}]