[{"title": "The Godfather: 3-Movie Collection (DVD)", "tags": "Box Sets Blu-ray Special Buys Action Thriller Movies Romantic Comedies DVD All & Adventure Comedy Instawatch", "relevancy_score": 163.2095430107527, "price": "$9.99"}, {"title": "5 Film Collection: Nicholas Sparks (DVD)", "tags": "Instawatch Comedy Movies Romantic Comedies Drama Romance DVD All", "relevancy_score": 19.53904174573055, "price": "$9.99"}, {"title": "Titanic (DVD)", "tags": "Summer Picks Action Drama Movies Romantic Comedies Comedy DVD All & Adventure", "relevancy_score": 204.2291129032258, "price": "$12.75"}, {"title": "8 Seconds (DVD)", "tags": "Summer Picks Romantic Sports Comedies Comedy DVD Movies All Children & Family", "relevancy_score": 289.9212365591398, "price": "$5.99"}, {"title": "Twilight Forever: The Complete Saga (Blu-ray)", "tags": "Action Drama Movies Romantic Spanish Language Instawatch Romance Boxed Sets & Collections TV DVD", "relevancy_score": 250.2526209677419, "price": "$44.34"}, {"title": "Gone With the Wind (DVD)", "tags": "Classic Dramas Romantic Comedies Comedy All Music & Performance DVD Movies Classics", "relevancy_score": 563.8937211981568, "price": "$8.46"}, {"title": "Titanic (Blu-ray + DVD + Digital Copy)", "tags": "Action Drama Movies Romantic All Sci-Fi & Fantasy Instawatch Adventure DVD Comedy", "relevancy_score": 117.46508913412563, "price": "$12.99"}, {"title": "Fifty Shades Collection (Blu-ray)", "tags": "Instawatch Comedy Movies All Horror Romantic Drama Romance Action & Adventure DVD", "relevancy_score": 163.57192082111436, "price": "$29.24"}, {"title": "Sons of Liberty (DVD)", "tags": "Instawatch Military & War Movies Action Political Documentaries TV Shows Politics All Drama", "relevancy_score": 34.84521578029643, "price": "$7.99"}, {"title": "Sommersby (DVD)", "tags": "Hallmark Channel All Romance Instawatch Drama Movies DVD Comedy Holiday", "relevancy_score": 4.092963059313216, "price": "$7.99"}, {"title": "The Legend of Billie Jean (DVD)", "tags": "All Health & Fitness Romantic Comedies Sports Comedy TV Shows Instawatch Drama Movies Music Performance DVD", "relevancy_score": 20.33904174573055, "price": "$6.99"}, {"title": "Steel Magnolias (DVD)", "tags": "Shop STEM ages 12 and Up All Smurfs Goonies Teenage Mutant Ninja Turtles Michael Jordan Gremlins Transformers Pinky the Brain", "relevancy_score": 330.29055952776855, "price": "$4.99"}, {"title": "The Untouchables (DVD)", "tags": "Shop STEM ages 12 and Up All Smurfs Goonies Teenage Mutant Ninja Turtles Michael Jordan Gremlins Transformers Pinky the Brain", "relevancy_score": 15.261986803519061, "price": "$10.31"}, {"title": "Rocky 4-Film Collection (DVD)", "tags": "Shop STEM ages 12 and Up All Smurfs Goonies Teenage Mutant Ninja Turtles Michael Jordan Gremlins Transformers Pinky the Brain", "relevancy_score": 133.44092741935484, "price": "$14.99"}, {"title": "Hacksaw Ridge (DVD)", "tags": "Instawatch Military & War Movies Action Drama Political Combat DVD", "relevancy_score": 135.79124026696329, "price": "$4.93"}, {"title": "The Big Lebowski (DVD)", "tags": "All 4K Ultra HD Movies Instawatch Comedy Classic Comedies Dark Crime DVD Classics", "relevancy_score": 80.94237302676734, "price": "$4.99"}, {"title": "Saving Private Ryan (4K Ultra HD + Blu-ray + Digital Copy)", "tags": "All 4K Ultra HD Movies Instawatch Military & War Action Political Drama Adventure", "relevancy_score": 25.411693548387095, "price": "$21.88"}, {"title": "Forrest Gump (DVD)", "tags": "Action Drama Movies Family Romantic Comedies Comedy DVD All Children &", "relevancy_score": 101.98664611005692, "price": "$8.88"}, {"title": "Fury (Blu-ray)", "tags": "Instawatch Military & War Movies Action Political Combat All Drama Adventure 4K Ultra HD", "relevancy_score": 34.84521578029643, "price": "$8.99"}, {"title": "Moneyball (DVD)", "tags": "Action Drama Movies Sports Romantic Comedy Instawatch & Adventure DVD All", "relevancy_score": 74.6023842917251, "price": "$5.00"}, {"title": "NCIS Los Angeles: The Seventh Season (DVD)", "tags": "NCIS The Big Bang Theory All Mystery & Suspense Beverly Hills 90210 Movies TV Shows Action Adventure Comedy Drama Mysteries", "relevancy_score": 55.773180566483084, "price": "$16.44"}, {"title": "Woodlawn (DVD)", "tags": "All Religion & Spirituality Instawatch Military War Movies Action Drama Animated Romantic Sports", "relevancy_score": 161.48740894901144, "price": "$8.39"}, {"title": "Legally Blonde 1 & 2 (DVD)", "tags": "Action Comedy Movies Family Romantic Comedies All Music & Performance DVD", "relevancy_score": 34.84521578029643, "price": "$8.96"}, {"title": "The Monuments Men (Blu-ray + DVD)", "tags": "Instawatch Military & War Movies Action Thriller Political All Drama Men In Black", "relevancy_score": 34.84521578029643, "price": "$8.24"}, {"title": "Saving Private Ryan (Blu-ray)", "tags": "All 4K Ultra HD Movies Instawatch Military & War Action Combat Drama", "relevancy_score": 84.34237302676735, "price": "$14.99"}, {"title": "Anything for Love (DVD)", "tags": "Walmart Exclusives Hallmark Channel Action Drama Movies Romantic Comedies All Romance Comedy Western Holiday", "relevancy_score": 15.261986803519061, "price": "$9.99"}, {"title": "Patriots Day (Blu-ray)", "tags": "Instawatch Military & War Movies All Mystery Suspense Action Crime Drama Adventure", "relevancy_score": 20.33904174573055, "price": "$13.00"}, {"title": "When the Game Stands Tall, DVD,", "tags": "All Religion & Spirituality Instawatch Comedy Movies Action Drama Sports Romantic Comedies About Race", "relevancy_score": 48.72046370967742, "price": "$7.96"}, {"title": "Patriots Day (DVD)", "tags": "All Mystery & Suspense Action Drama Movies Military War Crime Instawatch Adventure", "relevancy_score": 42.72046370967742, "price": "$6.88"}, {"title": "All Summer Long (DVD)", "tags": "Hallmark Channel All Romance Instawatch Drama Movies DVD Comedy Holiday", "relevancy_score": 0.0, "price": "$13.48"}, {"title": "Picture a Perfect Christmas (DVD)", "tags": "Hallmark Channel All Romance Instawatch Drama Movies DVD Comedy Holiday", "relevancy_score": 0.0, "price": "$14.98"}, {"title": "Love Unleashed (DVD)", "tags": "Hallmark Channel New DVD Releases Romantic Comedies All Romance Comedy Instawatch Movies Release Holiday", "relevancy_score": 0.0, "price": "$12.28"}, {"title": "Holiday For Heroes (DVD)", "tags": "", "relevancy_score": 0.0, "price": "$12.96"}, {"title": "Flight (DVD)", "tags": "All Mystery & Suspense Action Drama Movies Animated Crime Romantic Instawatch Adventure Comedy", "relevancy_score": 20.33904174573055, "price": "$5.99"}, {"title": "Forever Young (DVD)", "tags": "Western Action & Adventure Movies Animated Drama Romantic Comedy Instawatch DVD All", "relevancy_score": 25.411693548387095, "price": "$9.99"}, {"title": "A Godwink Christmas: Meant for Love (DVD)", "tags": "", "relevancy_score": 0.0, "price": "$11.37"}, {"title": "Dunkirk (Blu-ray + DVD)", "tags": "All 4K Ultra HD Movies Instawatch Military & War Action Combat Drama Adventure", "relevancy_score": 23.411693548387095, "price": "$12.30"}, {"title": "When a Man Loves a Woman (DVD)", "tags": "Animated Drama Movies Dark Comedy Slapstick Romantic Comedies DVD All", "relevancy_score": 69.51695381231673, "price": "$7.56"}, {"title": "This Property Is Condemned (1966) (Widescreen)", "tags": "Hallmark Channel Classic Dramas Instawatch Drama Movies Romance DVD Holiday All Classics", "relevancy_score": 15.261986803519061, "price": "$19.88"}, {"title": "Bed of Roses (DVD)", "tags": "All Mystery & Suspense Slapstick Comedy Romantic Comedies Romance DVD Movies", "relevancy_score": 25.411693548387095, "price": "$5.98"}, {"title": "Love in the Sun (DVD)", "tags": "Hallmark Channel New DVD Releases Romantic Comedies Comedy Instawatch Drama Movies Romance Release Holiday", "relevancy_score": 0.0, "price": "$14.98"}, {"title": "Jane Eyre (DVD)", "tags": "Spanish Language Movies United Kingdom Drama TV Shows All Music & Performance DVD Action Adventure Comedy Holiday", "relevancy_score": 20.33904174573055, "price": "$8.35"}, {"title": "Waterworld (Blu-ray)", "tags": "All 4K Ultra HD Movies Western Action & Adventure Sci-Fi Fantasy Instawatch Romance Holiday", "relevancy_score": 28.68030913978495, "price": "$9.99"}, {"title": "U-571 (DVD)", "tags": "Action Drama Movies Classic Military & War Combat Documentary All DVD", "relevancy_score": 44.76504342431762, "price": "$7.49"}, {"title": "Sleepers (DVD)", "tags": "All 4K Ultra HD Movies Mystery & Suspense Action Thriller French Instawatch Drama DVD Adventure The Simpsons TV Shows", "relevancy_score": 14.280309139784945, "price": "$9.99"}, {"title": "An Officer and a Gentleman (Blu-ray)", "tags": "Blu-ray Special Buys Summer Picks Military & War Action Movies All DVD Comedy", "relevancy_score": 5.092963059313216, "price": "$11.58"}, {"title": "South Pacific (Blu-ray + DVD + Digital Copy)", "tags": "Give the gift of Blu-ray Classic Dramas Action & Combat All War Military Movies Music Performance Instawatch Dance Kids and Family", "relevancy_score": 10.180115927419354, "price": "$14.99"}, {"title": "Australia (DVD)", "tags": "Instawatch Sci-Fi & Fantasy Movies Action Comedy All Romance Music Performance Adventure DVD", "relevancy_score": 1339.928319222401, "price": "$5.28"}, {"title": "Brothers (DVD)", "tags": "Instawatch Military & War Movies Action Crime Political All Drama Adventure", "relevancy_score": 35.006706281833615, "price": "$7.99"}, {"title": "Scruples (DVD)", "tags": "Hallmark Channel Instawatch Drama Movies Romance Boxed Sets & Collections TV DVD All Action Adventure Holiday", "relevancy_score": 35.545215780296424, "price": "$16.96"}, {"title": "My One & Only (DVD)", "tags": "", "relevancy_score": 0.0, "price": "$9.90"}, {"title": "Hard Times (DVD)", "tags": "Animated Drama Movies Sports Action General TV Shows Marvel All & Adventure", "relevancy_score": 9.180115927419354, "price": "$9.99"}, {"title": "New York Minute (DVD)", "tags": "Action Comedy Movies Family Drama Biographies Military & Political French German Spanish Language DVD", "relevancy_score": 0.0, "price": "$13.21"}, {"title": "Cantante (DVD)", "tags": "Animated Drama Movies Romantic Rock & Pop Action All Music Performance Marvel Adventure", "relevancy_score": 59.3712584396099, "price": "$6.99"}, {"title": "Click (DVD)", "tags": "Walmart Exclusives Summer Picks Instawatch Comedy Movies Romantic Comedies DVD All", "relevancy_score": 23.411693548387095, "price": "$9.38"}, {"title": "New Jersey Drive (DVD)", "tags": "All 4K Ultra HD Movies Anime & Animation Action Drama Comedy Animated Miniseries TV Shows DVD", "relevancy_score": 11.361986803519063, "price": "$9.99"}, {"title": "Resistance (Blu-ray)", "tags": "All 4K Ultra HD Movies Instawatch Military & War Action Combat Drama Adventure", "relevancy_score": 10.180115927419354, "price": "$14.90"}, {"title": "BAT 21 (DVD)", "tags": "", "relevancy_score": 0.0, "price": "$9.99"}, {"title": "The Sopranos: Season Six, Part II (Blu-ray)", "tags": "Crime Mobster Drama TV Shows HBO Television", "relevancy_score": 5.092963059313216, "price": "$27.32"}, {"title": "Selma, Lord, Selma (DVD)", "tags": "nuLOOM Schwinn Cosco Evenflo ProActive Sports Delta Children Safety 1st Graco", "relevancy_score": 30.480309139784946, "price": "$5.99"}, {"title": "...and justice for all. (DVD)", "tags": "All 4K Ultra HD Movies Mystery & Suspense Action Thriller DVD Adventure Comedy The Simpsons TV Shows", "relevancy_score": 0.0, "price": "$10.35"}, {"title": "Hell in the Pacific (DVD)", "tags": "All 4K Ultra HD Movies Instawatch Military & War Action Combat Drama Adventure", "relevancy_score": 0.0, "price": "$14.50"}, {"title": "Suspect (Full Frame)", "tags": "All 4K Ultra HD Movies Mystery & Suspense Action Thriller French Instawatch Drama DVD Adventure The Simpsons TV Shows", "relevancy_score": 19.53904174573055, "price": "$26.93"}, {"title": "Her (DVD)", "tags": "Hallmark Channel All Romance Instawatch Drama Movies DVD Comedy Holiday", "relevancy_score": 0.0, "price": "$8.01"}, {"title": "Evening (DVD)", "tags": "Hallmark Channel All Romance Instawatch Drama Movies DVD Comedy Holiday", "relevancy_score": 7.1801159274193544, "price": "$10.44"}, {"title": "The Zookeeper's Wife (Blu-ray + DVD + Digital HD)", "tags": "Instawatch Military & War Movies Action Family Cartoon Political Japanese Supernatural Horror All", "relevancy_score": 10.180115927419354, "price": "$8.49"}, {"title": "Perfect Sense (DVD)", "tags": "Hallmark Channel All Romance Instawatch Drama Movies DVD Comedy Holiday", "relevancy_score": 1.0929630593132154, "price": "$7.26"}, {"title": "Battle Ground (DVD)", "tags": "All 4K Ultra HD Movies Instawatch Military & War Action Combat Drama Adventure", "relevancy_score": 0.0, "price": "$19.99"}, {"title": "Mystic River (Widescreen Edition)", "tags": "", "relevancy_score": 9.180115927419354, "price": "$7.99"}, {"title": "WWII: Yanks Strike Back (DVD)", "tags": "All 4K Ultra HD Movies Instawatch Military & War Action Combat Drama Adventure", "relevancy_score": 0.0, "price": "$7.43"}, {"title": "12 Rounds 2: Reloaded (DVD)", "tags": "Action Thriller Movies Military & War General Sports TV Shows Drama Combat All Instawatch Adventure", "relevancy_score": 35.80670628183362, "price": "$8.19"}, {"title": "In My Dreams (DVD)", "tags": "Walmart Exclusives Hallmark Channel Action Drama Movies All Romance New Release Western Comedy Holiday", "relevancy_score": 10.180115927419354, "price": "$9.79"}, {"title": "Darkest Hour (Blu-ray + DVD)", "tags": "All 4K Ultra HD Movies Instawatch Military & War Action Political Combat Drama Adventure", "relevancy_score": 90.4174539170507, "price": "$7.95"}, {"title": "All Quiet on the Western Front (DVD)", "tags": "Action Drama Movies Classic Military & War Combat Documentary All Documentaries Classics", "relevancy_score": 10.180115927419354, "price": "$11.00"}, {"title": "The Remains of the Day (DVD)", "tags": "Hallmark Channel All Romance Instawatch Drama Movies DVD Comedy Holiday", "relevancy_score": 23.411693548387095, "price": "$13.24"}, {"title": "The Legend of Billie Jean (DVD)", "tags": "All Health & Fitness 4K Ultra HD Movies Mystery Suspense Action Thriller Family Comedy Romantic Comedies Sports TV Shows", "relevancy_score": 69.51695381231673, "price": "$12.98"}, {"title": "Coming Home (DVD)", "tags": "Hallmark Channel All Romance Instawatch Drama Movies DVD Comedy Holiday", "relevancy_score": 0.0, "price": "$13.29"}, {"title": "The Next Voice You Hear... (DVD)", "tags": "All 4K Ultra HD Movies Mystery & Suspense Action Thriller French Instawatch Drama DVD Adventure The Simpsons TV Shows", "relevancy_score": 5.092963059313216, "price": "$11.99"}, {"title": "The Spectacular Now", "tags": "Instawatch Comedy Movies Action Drama Romantic Romance Music & Dance DVD All", "relevancy_score": 15.261986803519061, "price": "$6.96"}, {"title": "The Scarlet and the Black (DVD)", "tags": "Action Thriller Movies Japanese Country & Western Rock Pop Combat All Documentaries Men In Black Foreign Films", "relevancy_score": 5.092963059313216, "price": "$9.99"}, {"title": "Endless Love (DVD)", "tags": "Hallmark Channel Rock & Pop Instawatch Drama Movies Romance DVD All Comedy Holiday", "relevancy_score": 10.180115927419354, "price": "$7.99"}, {"title": "The Hundred-Foot Journey (DVD)", "tags": "Animated Drama Movies Romantic Action & Adventure TV Shows Classics Instawatch Boxed Sets Collections DVD All Comedy", "relevancy_score": 81.00238429172511, "price": "$6.73"}, {"title": "Fire With Fire (DVD)", "tags": "Hallmark Channel All Romance Instawatch Drama Movies DVD Comedy Holiday", "relevancy_score": 9.180115927419354, "price": "$17.95"}, {"title": "AMERICAN GIRL:GRACE STIRS UP SUCCESS", "tags": "Instawatch Comedy Movies All Romance Drama Action & Adventure DVD", "relevancy_score": 6.1801159274193544, "price": "$7.49"}, {"title": "Blue Is the Warmest Color (Criterion Collection) (DVD)", "tags": "Hallmark Channel French Movies Instawatch Drama Romance DVD All Comedy Holiday", "relevancy_score": 10.180115927419354, "price": "$15.35"}, {"title": "Lone Survivor, DVD,", "tags": "Instawatch Military & War Movies Action Political Combat All Drama Adventure Western", "relevancy_score": 95.15274193548387, "price": "$6.28"}, {"title": "The Mighty Macs (DVD)", "tags": "Instawatch Military & War Movies Action Family Drama Political All", "relevancy_score": 25.411693548387095, "price": "$9.99"}, {"title": "Mrs. Miniver (Blu-ray)", "tags": "Hallmark Channel All Romance Instawatch Drama Movies DVD Comedy Holiday", "relevancy_score": 0.0, "price": "$19.54"}, {"title": "Legend (Blu-ray)", "tags": "Instawatch Comedy Movies Action Drama Thriller Crime & Adventure All Mystery Suspense", "relevancy_score": 15.261986803519061, "price": "$14.99"}, {"title": "Law & Order: The Fifteenth Year (DVD)", "tags": "All 4K Ultra HD Movies Mystery & Suspense Action Thriller Drama TV Shows Instawatch DVD Adventure The Simpsons", "relevancy_score": 4.092963059313216, "price": "$29.19"}, {"title": "For Greater Glory", "tags": "All 4K Ultra HD Movies Instawatch Military & War Action Combat Drama Foreign Films", "relevancy_score": 75.96061827956989, "price": "$12.68"}, {"title": "Beauty and the Beast (Blu-ray)", "tags": "Disney Princess Movies Summer Picks All Anime & Animation Family Drama Romance Sci-Fi Fantasy Music Performance", "relevancy_score": 17.53904174573055, "price": "$21.54"}, {"title": "At First Sight (DVD)", "tags": "Hallmark Channel All Romance Instawatch Drama Movies DVD Comedy Holiday", "relevancy_score": 0.0, "price": "$13.31"}, {"title": "The Untouchables: Season 1, Volume 1 (DVD)", "tags": "All 4K Ultra HD Movies Mystery & Suspense Action Thriller Mobster Instawatch Drama DVD Adventure The Simpsons TV Shows", "relevancy_score": 6.1801159274193544, "price": "$9.22"}, {"title": "Prince Of The City (DVD)", "tags": "All 4K Ultra HD Movies Mystery & Suspense Action Thriller French Instawatch Drama DVD Adventure The Simpsons TV Shows", "relevancy_score": 0.0, "price": "$13.99"}, {"title": "Nightwatch (DVD)", "tags": "All 4K Ultra HD Movies Mystery & Suspense Action Thriller French Instawatch Drama DVD Adventure The Simpsons TV Shows", "relevancy_score": 5.092963059313216, "price": "$20.84"}, {"title": "Rounders", "tags": "All 4K Ultra HD Movies Mystery & Suspense Action Thriller French Instawatch Drama DVD Adventure The Simpsons TV Shows", "relevancy_score": 0.0, "price": "$9.98"}, {"title": "Secretary (Blu-ray)", "tags": "All Mystery & Suspense Hallmark Channel Instawatch Drama Movies Romance DVD Comedy Holiday", "relevancy_score": 5.092963059313216, "price": "$7.99"}, {"title": "Breakthrough (DVD)", "tags": "All Religion & Spirituality Action Drama Movies Military War Family French Spanish Language Combat", "relevancy_score": 0.0, "price": "$11.99"}, {"title": "Love Finds You in Charm (DVD)", "tags": "Action Drama Movies Family Instawatch Romance DVD All Comedy Holiday", "relevancy_score": 20.33904174573055, "price": "$15.91"}, {"title": "Sleepers (Blu-ray)", "tags": "All 4K Ultra HD Movies Mystery & Suspense Classic Action Thriller Romantic Adventure Classics", "relevancy_score": 10.180115927419354, "price": "$13.25"}, {"title": "Recount (Widescreen)", "tags": "All 4K Ultra HD Movies Instawatch Military & War Action Combat Drama Adventure", "relevancy_score": 5.092963059313216, "price": "$6.24"}, {"title": "Love, Take Two (DVD)", "tags": "Hallmark Channel All Romance Instawatch Drama Movies DVD Comedy Holiday", "relevancy_score": 10.180115927419354, "price": "$14.98"}, {"title": "The Longest Ride (Blu-ray)", "tags": "Action Drama Movies Family Romantic All Romance Instawatch DVD & Adventure", "relevancy_score": 8.180115927419354, "price": "$6.50"}, {"title": "Priceless (DVD)", "tags": "All Religion & Spirituality Action Drama Movies Military War Political Sports Instawatch", "relevancy_score": 25.411693548387095, "price": "$8.99"}, {"title": "Wuthering Heights (Masterpiece) (DVD)", "tags": "Hallmark Channel United Kingdom Movies Instawatch Drama Romance DVD All Comedy Holiday", "relevancy_score": 24.411693548387095, "price": "$15.77"}, {"title": "When Calls the Heart (DVD)", "tags": "Walmart Exclusives Instawatch Sci-Fi & Fantasy Movies Action Romance Family Drama All Boxed Sets Collections TV Marvel Holiday", "relevancy_score": 36.60670628183362, "price": "$9.99"}, {"title": "Three Billboards Outside Ebbing, Missouri (4K Ultra HD + Blu-ray)", "tags": "All Mystery & Suspense Horror Movies Action Comedy Crime French Adventure 4K Ultra HD Instawatch", "relevancy_score": 5.092963059313216, "price": "$20.19"}, {"title": "Michael Clayton (DVD)", "tags": "All 4K Ultra HD Movies Mystery & Suspense Action Thriller French Instawatch Drama DVD Adventure The Simpsons TV Shows", "relevancy_score": 10.180115927419354, "price": "$12.97"}, {"title": "The Art of Getting By (DVD)", "tags": "Hallmark Channel All Romance Instawatch Drama Movies DVD Comedy Holiday", "relevancy_score": 0.0, "price": "$14.99"}, {"title": "Mary Higgins Clark", "tags": "All Mystery & Suspense Anime Movies TV Shows Crime French Japanese Sci-Fi Fantasy Men In Black Holiday", "relevancy_score": 18.33904174573055, "price": "$12.96"}, {"title": "Keith (DVD)", "tags": "Hallmark Channel All Romance Instawatch Drama Movies DVD Comedy Holiday", "relevancy_score": 49.72046370967742, "price": "$11.99"}, {"title": "Winter's Tale (DVD)", "tags": "Hallmark Channel All Romance Instawatch Drama Movies DVD Comedy Holiday", "relevancy_score": 19.53904174573055, "price": "$8.81"}, {"title": "Hamburger Hill (Blu-ray)", "tags": "All 4K Ultra HD Movies Mystery & Suspense Military War Action Political Combat Instawatch Drama", "relevancy_score": 15.261986803519061, "price": "$12.83"}, {"title": "Live by Night (DVD)", "tags": "All 4K Ultra HD Movies Mystery & Suspense Action Thriller Instawatch Drama DVD Adventure The Simpsons TV Shows", "relevancy_score": 5.092963059313216, "price": "$7.94"}, {"title": "Jungle Fever (DVD)", "tags": "Instawatch Comedy Movies Action Drama Animated Slapstick About Race All", "relevancy_score": 35.545215780296424, "price": "$9.99"}, {"title": "I Know My First Name Is Steven (DVD)", "tags": "All Mystery & Suspense Romantic Supernatural Horror Movies Alien Drama TV Shows Sci-Fi Fantasy Boxed Sets Collections DVD", "relevancy_score": 24.411693548387095, "price": "$12.49"}, {"title": "Battle Cry / Battleground (DVD)", "tags": "Instawatch Military & War Movies Classic Action Combat All Documentaries DVD Classics", "relevancy_score": 20.33904174573055, "price": "$11.41"}, {"title": "Aspen Extreme (Widescreen)", "tags": "Hallmark Channel All Romance Instawatch Drama Movies DVD Comedy Holiday", "relevancy_score": 0.0, "price": "$23.33"}, {"title": "Buddy Boy (Special Edition) (Widescreen)", "tags": "All 4K Ultra HD Movies Mystery & Suspense Action Thriller French Instawatch Drama DVD Adventure The Simpsons TV Shows", "relevancy_score": 4.092963059313216, "price": "$19.99"}, {"title": "Sands of Iwo Jima (DVD)", "tags": "Military & War Action Movies Western Adventure Romantic Combat All Classics", "relevancy_score": 19.53904174573055, "price": "$16.59"}, {"title": "Eye in the Sky (DVD)", "tags": "All 4K Ultra HD Movies Instawatch Military & War Action Combat Drama Adventure", "relevancy_score": 8.180115927419354, "price": "$7.99"}, {"title": "The Twilight Saga: Breaking Dawn, Part 1 (DVD)", "tags": "Action Drama Movies Classic Westerns Nature & Wildlife Instawatch Romance Boxed Sets Collections TV DVD", "relevancy_score": 41.72046370967742, "price": "$9.86"}, {"title": "The Ides of March (DVD)", "tags": "Hallmark Channel All Romance Instawatch Drama Movies DVD Comedy Holiday", "relevancy_score": 5.092963059313216, "price": "$5.00"}, {"title": "The Inheritance (DVD)", "tags": "Hallmark Channel Classics TV Shows Instawatch Drama Movies Romance DVD All Comedy Holiday", "relevancy_score": 0.0, "price": "$11.45"}, {"title": "Phantom Of The Opera ( (DVD))", "tags": "Hallmark Channel Action Drama Movies All Romance Instawatch Music & Performance DVD Holiday", "relevancy_score": 212.91353530950303, "price": "$8.99"}, {"title": "A Feeling of Home (DVD)", "tags": "", "relevancy_score": 0.0, "price": "$18.86"}, {"title": "Hurricane Season (DVD)", "tags": "Action Drama Movies Family Comedy General Sports TV Shows Instawatch About Race DVD", "relevancy_score": 9.180115927419354, "price": "$8.54"}, {"title": "American Guerrilla in the Philippines (DVD)", "tags": "All 4K Ultra HD Movies Instawatch Military & War Action Combat Drama Adventure", "relevancy_score": 0.0, "price": "$19.99"}, {"title": "Nine (DVD)", "tags": "Hallmark Channel All Romance Instawatch Drama Movies DVD Comedy Holiday", "relevancy_score": 10.180115927419354, "price": "$7.50"}, {"title": "The Ottoman Lieutenant", "tags": "All 4K Ultra HD Movies Instawatch Military & War Action Combat Drama Adventure", "relevancy_score": 0.0, "price": "$9.99"}, {"title": "The Devils Violinist (DVD)", "tags": "Hallmark Channel All Romance Instawatch Drama Movies DVD Comedy Holiday", "relevancy_score": 0.0, "price": "$28.80"}, {"title": "My Reputation (DVD)", "tags": "Hallmark Channel All Romance Instawatch Drama Movies DVD Comedy Holiday", "relevancy_score": 0.0, "price": "$14.27"}, {"title": "Snow Angels (DVD)", "tags": "Hallmark Channel All Romance Instawatch Drama Movies DVD Comedy Holiday", "relevancy_score": 0.0, "price": "$6.24"}, {"title": "Golden Boy (DVD)", "tags": "Hallmark Channel All Romance Instawatch Drama Movies DVD Comedy Holiday", "relevancy_score": 0.0, "price": "$16.49"}, {"title": "Spy Who Loved Me, The (Widescreen, Special Edition)", "tags": "Hallmark Channel All Romance Instawatch Drama Movies DVD Comedy Holiday", "relevancy_score": 0.0, "price": "$19.85"}, {"title": "Fanny by Gaslight (DVD)", "tags": "Hallmark Channel All Romance Instawatch Drama Movies DVD Comedy Holiday", "relevancy_score": 0.0, "price": "$10.87"}, {"title": "Eternal Sunshine of the Spotless Mind (Blu-ray)", "tags": "Hallmark Channel Romantic Comedies Comedy Instawatch Drama Movies Romance DVD Holiday", "relevancy_score": 0.0, "price": "$13.22"}, {"title": "Jungle Bride (DVD)", "tags": "All 4K Ultra HD Movies Mystery & Suspense Action Thriller French Instawatch Drama DVD Adventure The Simpsons TV Shows", "relevancy_score": 0.0, "price": "$7.48"}, {"title": "Hateship Loveship (DVD)", "tags": "Hallmark Channel All Romance Instawatch Drama Movies DVD Comedy Holiday", "relevancy_score": 0.0, "price": "$8.74"}, {"title": "Billy Lynn's Long Halftime Walk (DVD)", "tags": "Instawatch Military & War Movies All Mystery Suspense Action Political Combat Adventure", "relevancy_score": 1.0929630593132154, "price": "$9.60"}, {"title": "Jesse Stone: Stone Cold (DVD)", "tags": "All 4K Ultra HD Movies Mystery & Suspense Horror Action Thriller Mysteries TV Shows Instawatch Adventure DVD The Simpsons", "relevancy_score": 123.80993401759532, "price": "$8.56"}, {"title": "Jarhead 2: Field of Fire (Unrated) (Blu-ray + DVD + Digital Copy)", "tags": "Instawatch Military & War Movies Action Drama Performing Arts Political Concerts Documentaries All Adventure", "relevancy_score": 10.180115927419354, "price": "$13.69"}, {"title": "Foxcatcher (Blu-ray)", "tags": "Instawatch Comedy Movies Sports Drama Action & Adventure DVD All Kids and Family", "relevancy_score": 4.092963059313216, "price": "$7.80"}, {"title": "Master of the Game (DVD)", "tags": "Hallmark Channel Instawatch Drama Movies Romance Boxed Sets & Collections TV DVD All Action Adventure Holiday", "relevancy_score": 25.411693548387095, "price": "$20.95"}, {"title": "Hot Fuzz (DVD)", "tags": "Walmart Exclusives Instawatch Comedy Movies Romantic Comedies Drama Romance All Holiday", "relevancy_score": 32.74521578029642, "price": "$12.72"}, {"title": "Heat (DVD)", "tags": "Instawatch Comedy Movies Action Thriller Crime Drama & Adventure DVD All", "relevancy_score": 0.0, "price": "$7.99"}, {"title": "Dangerous Liaisons (DVD)", "tags": "All Anime & Animation Action Drama Movies Animated Instawatch Romance DVD Holiday", "relevancy_score": 0.0, "price": "$14.01"}, {"title": "Be My Valentine / All's Fair in Love and Advertising / Nearlyweds / Meddling Mom (DVD)", "tags": "Walmart Exclusives Hallmark Channel Action Drama Movies Romantic Comedies All Romance Comedy Holiday", "relevancy_score": 5.092963059313216, "price": "$29.33"}, {"title": "Dunkirk (4K Ultra HD + Blu-ray + Digital Copy)", "tags": "All 4K Ultra HD Movies Military & Political Spanish Language Action Combat War Instawatch Adventure", "relevancy_score": 0.0, "price": "$24.99"}, {"title": "Holocaust (DVD)", "tags": "Instawatch Military & War Movies Action Combat Documentary All Boxed Sets Collections TV DVD Adventure", "relevancy_score": 40.60670628183362, "price": "$15.98"}, {"title": "Dauntless: The Battle of Midway (DVD)", "tags": "All 4K Ultra HD Movies Instawatch Military & War Mystery Suspense Horror Action Combat New Release", "relevancy_score": 10.16198680351906, "price": "$9.99"}, {"title": "Beyond the Lights (DVD)", "tags": "Performing Arts Romantic Comedies All Romance Comedy Instawatch Movies Music & Performance Mystery Suspense", "relevancy_score": 44.72046370967742, "price": "$16.46"}, {"title": "The Long, Hot Summer", "tags": "Hallmark Channel All Romance Instawatch Drama Movies DVD Comedy Holiday", "relevancy_score": 20.33904174573055, "price": "$37.51"}, {"title": "Brothers (Blu-ray)", "tags": "All 4K Ultra HD Movies Instawatch Military & War Mystery Suspense Action Thriller Political Drama", "relevancy_score": 11.361986803519063, "price": "$12.99"}, {"title": "A Walk in the Spring Rain (DVD)", "tags": "Hallmark Channel All Romance Instawatch Drama Movies DVD Comedy Holiday", "relevancy_score": 0.0, "price": "$19.99"}, {"title": "Once Upon a Time in America (Two-Disc Special Edition)", "tags": "All 4K Ultra HD Movies Mystery & Suspense Action Thriller French Instawatch Drama DVD Adventure The Simpsons TV Shows", "relevancy_score": 15.261986803519061, "price": "$29.41"}, {"title": "WAR CLASSICS - VOL. 1: 8 FEATURE FILMS", "tags": "Military & War Action Movies Classic Westerns Political Combat Documentary All Western Classics", "relevancy_score": 0.0, "price": "$6.50"}, {"title": "Light Sleeper (DVD)", "tags": "All 4K Ultra HD Movies Mystery & Suspense Action Thriller French Instawatch Drama DVD Adventure The Simpsons TV Shows", "relevancy_score": 0.0, "price": "$7.99"}, {"title": "Foxcatcher (DVD)", "tags": "Instawatch Comedy Movies Sports Drama Action & Adventure DVD All Kids and Family", "relevancy_score": 5.092963059313216, "price": "$9.99"}, {"title": "Dear John (Blu-ray)", "tags": "Hallmark Channel All Romance Instawatch Drama Movies DVD Comedy Holiday", "relevancy_score": 5.092963059313216, "price": "$12.89"}, {"title": "Stone Cold / Jesse Stone: Death in Paradise / Jesse Stone: Night Passage (DVD)", "tags": "All 4K Ultra HD Movies Mystery & Suspense Horror Action Thriller Mysteries TV Shows Instawatch Adventure DVD Western", "relevancy_score": 10.180115927419354, "price": "$9.79"}, {"title": "Janet King Series 1: The Enemy Within (DVD)", "tags": "All 4K Ultra HD Movies Mystery & Suspense Action Thriller French Instawatch Drama DVD Adventure The Simpsons TV Shows", "relevancy_score": 0.0, "price": "$34.91"}, {"title": "The Kill Point (DVD)", "tags": "All 4K Ultra HD Movies Mystery & Suspense Action Thriller French Instawatch Drama DVD Adventure The Simpsons TV Shows", "relevancy_score": 8.180115927419354, "price": "$10.24"}, {"title": "Babygirl (DVD)", "tags": "Hallmark Channel All Romance Instawatch Drama Movies DVD Comedy Holiday", "relevancy_score": 0.0, "price": "$9.99"}, {"title": "Tell Me You Love Me: The Complete First Season (DVD)", "tags": "Hallmark Channel HBO Instawatch Drama Movies Romance DVD All Comedy Holiday", "relevancy_score": 0.0, "price": "$6.99"}, {"title": "Carlito's Way (DVD)", "tags": "", "relevancy_score": 0.0, "price": "$7.87"}, {"title": "A Better Life (DVD)", "tags": "Instawatch Sci-Fi & Fantasy Movies Hallmark Channel Spanish Language Drama Romance DVD Holiday", "relevancy_score": 30.480309139784946, "price": "$7.48"}, {"title": "Attack on Leningrad (Blu-ray)", "tags": "All 4K Ultra HD Movies Instawatch Military & War Action Combat Drama Adventure", "relevancy_score": 1.0929630593132154, "price": "$6.24"}, {"title": "Edge of America (DVD)", "tags": "Action Drama Movies Animated General Sports TV Shows Instawatch DVD", "relevancy_score": 5.092963059313216, "price": "$9.99"}, {"title": "The Resistance Fighter (DVD)", "tags": "All Mystery & Suspense Horror Movies Action Thriller Romantic French Spanish Language New Release Adventure", "relevancy_score": 0.0, "price": "$9.96"}, {"title": "Miracle at St. Anna (DVD)", "tags": "All 4K Ultra HD Movies Mystery & Suspense Action Thriller French Instawatch Drama DVD Adventure The Simpsons TV Shows", "relevancy_score": 27.480309139784946, "price": "$6.70"}, {"title": "Phantom Thread (DVD)", "tags": "All 4K Ultra HD Movies Mystery & Suspense Action Thriller French Instawatch Drama DVD Adventure The Simpsons TV Shows", "relevancy_score": 5.092963059313216, "price": "$10.44"}, {"title": "Assault on Precinct 13 (DVD)", "tags": "All Anime & Animation Action Thriller Movies Animated Drama Crime Marvel Adventure", "relevancy_score": 10.180115927419354, "price": "$6.73"}, {"title": "Southpaw (Blu-ray + DVD + Digital HD + Steelbook)", "tags": "Steelbook Movies & TV Shows Instawatch Comedy All Mystery Suspense Sports Romantic Comedies Drama", "relevancy_score": 0.0, "price": "$35.27"}, {"title": "Widows (4K Ultra HD + DVD + Digital Copy)", "tags": "All 4K Ultra HD Movies Mystery & Suspense Horror French Spanish Language New Release Action Adventure Marvel", "relevancy_score": 0.0, "price": "$17.96"}, {"title": "Tulip Fever (Blu-ray)", "tags": "Instawatch Comedy Movies Military & War Action Romantic Classic Sci-Fi Drama Romance Mystery Suspense", "relevancy_score": 0.0, "price": "$22.85"}, {"title": "The Killing Of A Sacred Deer (Blu-ray)", "tags": "Action Romance Thriller Movies Crime Japanese Instawatch Drama & Adventure Mystery Suspense Kids and Family", "relevancy_score": 0.0, "price": "$17.92"}, {"title": "Ryan's Daughter (DVD)", "tags": "Hallmark Channel All Romance Instawatch Drama Movies DVD Comedy Holiday", "relevancy_score": 2.0929630593132154, "price": "$19.99"}, {"title": "Canal Street (DVD)", "tags": "All 4K Ultra HD Movies Mystery & Suspense Action Thriller French Instawatch Drama DVD Adventure The Simpsons TV Shows", "relevancy_score": 20.33904174573055, "price": "$12.28"}, {"title": "Tyler Perry's Temptation: Confessions of a Marriage Counselor (Blu-ray)", "tags": "Instawatch Comedy Movies All Mystery & Suspense Crime Romantic Comedies Drama", "relevancy_score": 25.411693548387095, "price": "$18.63"}, {"title": "Far From the Madding Crowd (Blu-ray)", "tags": "Hallmark Channel Drama TV Shows Instawatch Movies Romance DVD All Comedy Holiday", "relevancy_score": 10.180115927419354, "price": "$14.67"}, {"title": "Taken (Blu-ray + Digital Copy)", "tags": "Instawatch Sci-Fi & Fantasy Movies All Mystery Suspense Romantic Action Drama Adventure Music Dance", "relevancy_score": 109.35061625076081, "price": "$8.49"}, {"title": "Exiled: A Law & Order Movie (DVD)", "tags": "All 4K Ultra HD Movies Mystery & Suspense Action Thriller Instawatch Drama Boxed Sets Collections TV DVD Adventure The Simpsons Shows", "relevancy_score": 0.0, "price": "$15.99"}, {"title": "Slumdog Millionaire (Blu-ray)", "tags": "Hallmark Channel All Romance Instawatch Drama Movies DVD Comedy Holiday", "relevancy_score": 0.0, "price": "$9.90"}, {"title": "A Gathering of Eagles (DVD)", "tags": "Hallmark Channel All Romance Instawatch Drama Movies DVD Comedy Holiday", "relevancy_score": 0.0, "price": "$19.98"}, {"title": "Amor, Dolor Y Viceversa (DVD)", "tags": "Instawatch Comedy Movies Military & War Action All Drama Adventure Kids and Family", "relevancy_score": 0.0, "price": "$9.99"}, {"title": "Emperor (Blu-ray)", "tags": "Instawatch Comedy Movies Military & War Action Political All Drama Adventure", "relevancy_score": 0.0, "price": "$14.49"}, {"title": "F.I.S.T. (DVD)", "tags": "All 4K Ultra HD Movies Mystery & Suspense Action Thriller Performing Arts Classics TV Shows Music Performance DVD The Simpsons", "relevancy_score": 0.0, "price": "$11.24"}, {"title": "American Pastoral (Blu-ray) (With INSTAWATCH)", "tags": "All 4K Ultra HD Movies Mystery & Suspense Action Thriller French Instawatch Drama DVD Adventure The Simpsons TV Shows", "relevancy_score": 0.0, "price": "$19.99"}, {"title": "Havana (DVD)", "tags": "Hallmark Channel All Romance Instawatch Drama Movies DVD Comedy Holiday", "relevancy_score": 0.0, "price": "$15.67"}, {"title": "War & Peace: The Complete Miniseries (DVD)", "tags": "All 4K Ultra HD Movies Mystery & Suspense Action Thriller Military War Political United Kingdom Combat", "relevancy_score": 0.0, "price": "$19.33"}, {"title": "Making the Rules (DVD)", "tags": "Instawatch Comedy Movies Crime Drama Action & Adventure DVD All Kids and Family", "relevancy_score": 0.0, "price": "$9.99"}, {"title": "Casablanca (1942) ( (DVD))", "tags": "Hallmark Channel All Romance Instawatch Drama Movies DVD Comedy Holiday", "relevancy_score": 20.33904174573055, "price": "$28.09"}, {"title": "Wild Orchid (DVD)", "tags": "Hallmark Channel Slapstick Comedy Instawatch Drama Movies Romance DVD All Holiday", "relevancy_score": 5.092963059313216, "price": "$37.68"}, {"title": "4 Film Favorites: John Travolta (DVD)", "tags": "Hallmark Channel All Romance Instawatch Drama Movies DVD Comedy Holiday", "relevancy_score": 8.180115927419354, "price": "$26.86"}, {"title": "Revolutionary Road (DVD)", "tags": "Hallmark Channel All Romance Instawatch Drama Movies DVD Comedy Holiday", "relevancy_score": 8.180115927419354, "price": "$19.99"}, {"title": "The McConnell Story (DVD)", "tags": "All 4K Ultra HD Movies Instawatch Military & War Action Combat Drama Adventure", "relevancy_score": 0.0, "price": "$11.99"}, {"title": "O.S.S. (DVD)", "tags": "All 4K Ultra HD Movies Instawatch Military & War Action Combat Drama Adventure", "relevancy_score": 0.0, "price": "$19.99"}, {"title": "Jamesy Boy (Blu-ray)", "tags": "All 4K Ultra HD Movies Mystery & Suspense Action Thriller French Instawatch Drama DVD Adventure The Simpsons TV Shows", "relevancy_score": 0.0, "price": "$22.99"}, {"title": "The Children's Hour (DVD)", "tags": "Hallmark Channel All Romance Instawatch Drama Movies DVD Comedy Holiday", "relevancy_score": 5.092963059313216, "price": "$29.37"}, {"title": "Lost and Delirious (DVD)", "tags": "Hallmark Channel All Romance Instawatch Drama Movies DVD Comedy Holiday", "relevancy_score": 0.0, "price": "$13.16"}, {"title": "The Pawnbroker (DVD)", "tags": "All 4K Ultra HD Movies Instawatch Military & War Action Combat Drama Adventure", "relevancy_score": 10.180115927419354, "price": "$14.22"}, {"title": "Dive Bomber (DVD)", "tags": "All 4K Ultra HD Movies Instawatch Military & War Action Combat Drama Adventure", "relevancy_score": 0.0, "price": "$11.99"}, {"title": "The Manchurian Candidate (DVD)", "tags": "", "relevancy_score": 0.0, "price": "$9.99"}, {"title": "Dr. Gillespie: Movie Collection (DVD)", "tags": "All 4K Ultra HD Movies Mystery & Suspense Action Thriller French Instawatch Drama DVD Adventure The Simpsons TV Shows", "relevancy_score": 0.0, "price": "$24.65"}, {"title": "Badlands (Criterion Collection) (DVD)", "tags": "All 4K Ultra HD Movies Mystery & Suspense Action Thriller French Instawatch Drama DVD Adventure The Simpsons TV Shows", "relevancy_score": 0.0, "price": "$19.50"}, {"title": "A Promise (DVD)", "tags": "Hallmark Channel All Romance Instawatch Drama Movies DVD Comedy Holiday", "relevancy_score": 0.0, "price": "$19.84"}, {"title": "Soul Showcase Triple Feature (DVD)", "tags": "All 4K Ultra HD Movies Mystery & Suspense Action Comedy Thriller Romantic Comedies DVD The Simpsons TV Shows", "relevancy_score": 4.092963059313216, "price": "$11.11"}, {"title": "Civil Love (DVD)", "tags": "Action Drama Movies Romance All Instawatch DVD Holiday", "relevancy_score": 13.16198680351906, "price": "$11.99"}, {"title": "Narcos: Season One (DVD)", "tags": "All 4K Ultra HD Movies Mystery & Suspense Action Thriller French DVD Adventure Foreign Films The Simpsons TV Shows", "relevancy_score": 11.361986803519063, "price": "$8.95"}, {"title": "Lawless (Blu-ray + DVD + Digital Copy)", "tags": "All 4K Ultra HD Movies Mystery & Suspense Action Thriller Instawatch Adventure DVD The Simpsons TV Shows", "relevancy_score": 27.480309139784946, "price": "$23.46"}, {"title": "S.O.S. Titanic", "tags": "", "relevancy_score": 0.0, "price": "$22.99"}, {"title": "Caught (DVD)", "tags": "Hallmark Channel All Romance Instawatch Drama Movies DVD Comedy Holiday", "relevancy_score": 0.0, "price": "$21.88"}, {"title": "Confessions of a Nazi Spy (DVD)", "tags": "All 4K Ultra HD Movies Instawatch Military & War Action Combat Drama Adventure", "relevancy_score": 0.0, "price": "$13.59"}, {"title": "Glitterbox: Derek Jarman X 4 (DVD)", "tags": "Hallmark Channel All Romance Instawatch Drama Movies DVD Comedy Holiday", "relevancy_score": 0.0, "price": "$49.99"}, {"title": "The Liberation of L.B. Jones (DVD)", "tags": "Hallmark Channel All Romance Instawatch Drama Movies DVD Comedy Holiday", "relevancy_score": 5.092963059313216, "price": "$19.58"}, {"title": "Queen Margot (Blu-ray)", "tags": "All 4K Ultra HD Movies Mystery & Suspense Action Thriller French Instawatch Drama DVD Adventure The Simpsons TV Shows", "relevancy_score": 0.0, "price": "$45.24"}, {"title": "Mr. Holmes (DVD)", "tags": "Stand-Up Mobster General Sports TV Shows Documentary Drama War & Politics Television Instawatch Mystery Suspense Movies", "relevancy_score": 16.33904174573055, "price": "$13.99"}, {"title": "Satisfaction: Season One (DVD)", "tags": "Hallmark Channel Drama TV Shows Instawatch Movies Romance DVD All Comedy Holiday", "relevancy_score": 0.0, "price": "$7.99"}, {"title": "War And Peace 1972 (Full Frame)", "tags": "All 4K Ultra HD Movies Instawatch Military & War Action Crime United Kingdom Combat Drama", "relevancy_score": 0.0, "price": "$19.89"}, {"title": "This Gun For Hire (DVD)", "tags": "", "relevancy_score": 5.092963059313216, "price": "$13.31"}, {"title": "The Navy Comes Through (DVD)", "tags": "All 4K Ultra HD Movies Instawatch Military & War Action Combat Drama Adventure", "relevancy_score": 0.0, "price": "$17.99"}, {"title": "The Inheritance (DVD)", "tags": "Hallmark Channel All Romance Instawatch Drama Movies DVD Comedy Holiday", "relevancy_score": 33.406706281833614, "price": "$16.48"}, {"title": "Like Crazy (Blu-ray)", "tags": "Hallmark Channel All Romance Instawatch Drama Movies DVD Comedy Holiday", "relevancy_score": 0.0, "price": "$39.09"}, {"title": "Starting Over [DVD]", "tags": "Instawatch Comedy Movies Action Romantic Comedies TV Shows DVD All", "relevancy_score": 0.0, "price": "$12.78"}, {"title": "A Midnight Clear (Blu-ray)", "tags": "All 4K Ultra HD Movies Instawatch Military & War Action Combat Drama Adventure", "relevancy_score": 0.0, "price": "$19.99"}, {"title": "The Godfather, Part II (The Coppola Restoration) (DVD)", "tags": "Box Sets Blu-ray Special Buys All 4K Ultra HD Movies Mystery & Suspense Action Thriller DVD Adventure The Simpsons TV Shows", "relevancy_score": 19.53904174573055, "price": "$12.33"}, {"title": "Life & Death of Peter Sellers", "tags": "Hallmark Channel All Romance Instawatch Drama Movies DVD Comedy Holiday", "relevancy_score": 6.1801159274193544, "price": "$5.00"}, {"title": "The Woodlanders", "tags": "Hallmark Channel All Romance Instawatch Drama Movies DVD Comedy Holiday", "relevancy_score": 0.0, "price": "$17.99"}, {"title": "Before Midnight (DVD)", "tags": "Instawatch Comedy Movies Drama Romance Action & Adventure DVD All Kids and Family", "relevancy_score": 0.0, "price": "$12.19"}, {"title": "Sharky's Machine", "tags": "All Anime & Animation Animated Drama Movies Family Romantic Comedy Action Adventure Instawatch", "relevancy_score": 3.0929630593132154, "price": "$47.68"}, {"title": "Merry Christmas, Mr. Lawrence (Criterion Collection) (Blu-ray)", "tags": "All 4K Ultra HD Movies Instawatch Military & War Action Combat Drama Adventure", "relevancy_score": 0.0, "price": "$27.99"}, {"title": "Persona (Criterion Collection) (Blu-ray + DVD)", "tags": "All 4K Ultra HD Movies Mystery & Suspense Action Thriller French Instawatch Drama DVD Adventure The Simpsons TV Shows", "relevancy_score": 0.0, "price": "$54.87"}, {"title": "See You in the Morning (DVD)", "tags": "Hallmark Channel All Romance Instawatch Drama Movies DVD Comedy Holiday", "relevancy_score": 0.0, "price": "$11.99"}, {"title": "Lila & Eve (DVD)", "tags": "All 4K Ultra HD Movies Mystery & Suspense Action Thriller French Instawatch Drama DVD Adventure The Simpsons TV Shows", "relevancy_score": 10.180115927419354, "price": "$22.12"}, {"title": "Before Midnight (Blu-ray)", "tags": "Hallmark Channel All Romance Instawatch Drama Movies DVD Comedy Holiday", "relevancy_score": 0.0, "price": "$17.11"}, {"title": "Kentucky (DVD)", "tags": "Hallmark Channel All Romance Instawatch Drama Movies DVD Comedy Holiday", "relevancy_score": 0.0, "price": "$19.98"}, {"title": "No Country For Old Men (Blu-ray) (Widescreen)", "tags": "All 4K Ultra HD Movies Mystery & Suspense Action Thriller French Instawatch Drama DVD Adventure The Simpsons TV Shows", "relevancy_score": 25.411693548387095, "price": "$26.69"}, {"title": "Mother and Child (DVD)", "tags": "Hallmark Channel All Romance Instawatch Drama Movies DVD Comedy Holiday", "relevancy_score": 5.092963059313216, "price": "$8.95"}, {"title": "Face Off / Snake Eyes (Blu-ray)", "tags": "All 4K Ultra HD Movies Mystery & Suspense Action Thriller Instawatch Drama DVD 80's Flashback Adventure The Simpsons TV Shows", "relevancy_score": 0.0, "price": "$20.21"}, {"title": "Lady of the Night (DVD)", "tags": "Hallmark Channel All Romance Instawatch Drama Movies DVD Comedy Holiday", "relevancy_score": 0.0, "price": "$11.99"}, {"title": "A Good Man Is Hard to Find", "tags": "All Mystery & Suspense Hallmark Channel Drama TV Shows Instawatch Movies Romance DVD Comedy Holiday", "relevancy_score": 19.411693548387095, "price": "$21.11"}, {"title": "When Calls the Heart: Forever in My Heart (DVD)", "tags": "Walmart Exclusives Action Romance All Instawatch Drama Movies Boxed Sets & Collections TV Marvel Holiday", "relevancy_score": 5.092963059313216, "price": "$9.99"}, {"title": "Grace of Monaco (DVD)", "tags": "Hallmark Channel Crime Instawatch Drama Movies Romance DVD All Comedy Holiday", "relevancy_score": 0.0, "price": "$13.27"}, {"title": "Shame (Blu-ray + DVD)", "tags": "Instawatch Comedy Movies Drama Romance Action & Adventure DVD All Kids and Family", "relevancy_score": 19.53904174573055, "price": "$42.30"}, {"title": "Homer and Eddie (DVD)", "tags": "All 4K Ultra HD Movies Mystery & Suspense Action Thriller French Instawatch Drama DVD Adventure The Simpsons TV Shows", "relevancy_score": 0.0, "price": "$10.24"}, {"title": "Love For Rent (Widescreen)", "tags": "All Anime & Animation Action Romance Animated Drama Movies Marvel Adventure", "relevancy_score": 1.0929630593132154, "price": "$5.03"}]