[
    {
        "title": "Janet Jackson - The Velvet Rope - Vinyl",
        "url": "https://www.walmart.com/ip/Janet-Jackson-The-Velvet-Rope-Vinyl/278243369",
        "price": "$22.07",
        "stars": "5.0",
        "ratings": "1 ",
        "img": "",
        "tags": [
            [
                "Madonna",
                "/browse/music/madonna/4104_7075720_5360800_1806691"
            ],
            [
                "Janet Jackson",
                "/browse/music/janet-jackson/4104_7075720_5360800_4985455"
            ],
            [
                "Electronica",
                "/browse/music/electronica/4104_4110_5037"
            ],
            [
                "Mariah Carey",
                "/browse/music/mariah-carey/4104_7075720_5360800_6034775"
            ],
            [
                "Pop Music: Vinyl Records",
                "/browse/music/pop-music-vinyl-records/4104_1205481_6204731"
            ],
            [
                "Mariah Carey Music on CD or Vinyl",
                "/browse/music/mariah-carey-music-cd-vinyl/4104_6651806_6687546"
            ],
            [
                "R&B and Soul: Vinyl Records",
                "/browse/music/rb-soul-vinyl-records/4104_4116_7409068"
            ],
            [
                "Janet Jackson Music on CD or Vinyl",
                "/browse/music/janet-jackson-music-cd-vinyl/4104_6651806_7497328"
            ]
        ]
    },
    {
        "title": "Pearl Jam - Essential Pearl Jam - CD",
        "url": "https://www.walmart.com/ip/Pearl-Jam-Essential-Pearl-Jam-CD/29557906",
        "price": "$15.17",
        "stars": "5.0",
        "ratings": "2 ",
        "img": "",
        "tags": [
            [
                "All Rock Music",
                "/browse/music/all-rock-music/4104_4118_1458080"
            ],
            [
                "Rock Music: Vinyl Records",
                "/browse/music/rock-music-vinyl-records/4104_4118_2844615"
            ],
            [
                "General Vinyl Records",
                "/browse/music/general-vinyl-records/4104_1205481_3400726"
            ],
            [
                "All Vinyl Records",
                "/browse/music/all-vinyl-records/4104_1205481_3434427"
            ],
            [
                "Classic Rock Music on CD or Vinyl",
                "/browse/music/classic-rock-music-cd-vinyl/4104_4118_5093"
            ],
            [
                "Pop Rock Music on CD or Vinyl",
                "/browse/music/pop-rock-music-cd-vinyl/4104_4115_5096"
            ],
            [
                "Nirvana",
                "/browse/music/nirvana/4104_7075720_5360800_9699407"
            ]
        ]
    },
    {
        "title": "Madonna - Ray Of Light - Vinyl",
        "url": "https://www.walmart.com/ip/Madonna-Ray-Of-Light-Vinyl/34451723",
        "price": "$43.71",
        "stars": 0,
        "ratings": 0,
        "img": "",
        "tags": [
            [
                "Madonna",
                "/browse/music/madonna/4104_7075720_5360800_1806691"
            ],
            [
                "Janet Jackson",
                "/browse/music/janet-jackson/4104_7075720_5360800_4985455"
            ],
            [
                "Electronica",
                "/browse/music/electronica/4104_4110_5037"
            ],
            [
                "Mariah Carey",
                "/browse/music/mariah-carey/4104_7075720_5360800_6034775"
            ],
            [
                "Pop Music: Vinyl Records",
                "/browse/music/pop-music-vinyl-records/4104_1205481_6204731"
            ],
            [
                "Mariah Carey Music on CD or Vinyl",
                "/browse/music/mariah-carey-music-cd-vinyl/4104_6651806_6687546"
            ],
            [
                "R&B and Soul: Vinyl Records",
                "/browse/music/rb-soul-vinyl-records/4104_4116_7409068"
            ],
            [
                "Janet Jackson Music on CD or Vinyl",
                "/browse/music/janet-jackson-music-cd-vinyl/4104_6651806_7497328"
            ]
        ]
    },
    {
        "title": "Backstreet Boys - Greatest Hits: Chapter One - CD",
        "url": "https://www.walmart.com/ip/Backstreet-Boys-Greatest-Hits-Chapter-One-CD/28569580",
        "price": "$11.23",
        "stars": 0,
        "ratings": 0,
        "img": "",
        "tags": [
            [
                "Rock Music: Vinyl Records",
                "/browse/music/rock-music-vinyl-records/4104_4118_2844615"
            ],
            [
                "General Vinyl Records",
                "/browse/music/general-vinyl-records/4104_1205481_3400726"
            ],
            [
                "All Vinyl Records",
                "/browse/music/all-vinyl-records/4104_1205481_3434427"
            ],
            [
                "Opera & Vocal Music on CD or Vinyl",
                "/browse/music/opera-vocal-music-cd-vinyl/4104_4108_5025"
            ],
            [
                "NSYNC",
                "/browse/music/nsync/4104_7075720_5360800_5663291"
            ],
            [
                "Backstreet Boys",
                "/browse/music/backstreet-boys/4104_7075720_5360800_6092253"
            ],
            [
                "All Pop Music",
                "/browse/music/all-pop-music/4104_4115_6683137"
            ],
            [
                "New Kids On The Block",
                "/browse/music/new-kids-on-the-block/4104_7075720_5360800_9819634"
            ]
        ]
    },
    {
        "title": "TLC - Ooooooohhh On The Tlc Tip - Vinyl",
        "url": "https://www.walmart.com/ip/TLC-Ooooooohhh-On-The-Tlc-Tip-Vinyl/359968707",
        "price": "$17.39",
        "stars": 0,
        "ratings": 0,
        "img": "",
        "tags": [
            [
                "All Rock Music",
                "/browse/music/all-rock-music/4104_4118_1458080"
            ],
            [
                "Rock Music: Vinyl Records",
                "/browse/music/rock-music-vinyl-records/4104_4118_2844615"
            ],
            [
                "All Vinyl Records",
                "/browse/music/all-vinyl-records/4104_1205481_3434427"
            ],
            [
                "All R&B / Soul Music",
                "/browse/music/all-rb-soul-music/4104_4116_4920828"
            ],
            [
                "TLC",
                "/browse/music/tlc/4104_7075720_5360800_5495266"
            ],
            [
                "Pop Music: Vinyl Records",
                "/browse/music/pop-music-vinyl-records/4104_1205481_6204731"
            ],
            [
                "R&B and Soul: Vinyl Records",
                "/browse/music/rb-soul-vinyl-records/4104_4116_7409068"
            ]
        ]
    },
    {
        "title": "Kid Rock - Cocky - CD",
        "url": "https://www.walmart.com/ip/Kid-Rock-Cocky-CD/3462625",
        "price": "$18.35",
        "stars": "5.0",
        "ratings": "1 ",
        "img": "",
        "tags": [
            [
                "Christmas Music",
                "/browse/music/christmas-music/4104_4120_178005"
            ],
            [
                "Rock Music: Vinyl Records",
                "/browse/music/rock-music-vinyl-records/4104_4118_2844615"
            ],
            [
                "General Vinyl Records",
                "/browse/music/general-vinyl-records/4104_1205481_3400726"
            ],
            [
                "All Vinyl Records",
                "/browse/music/all-vinyl-records/4104_1205481_3434427"
            ],
            [
                "All Blues Music on CD or Vinyl",
                "/browse/music/all-blues-music-cd-vinyl/4104_4105_4763269"
            ],
            [
                "Classic Rock Music on CD or Vinyl",
                "/browse/music/classic-rock-music-cd-vinyl/4104_4118_5093"
            ],
            [
                "Pop Music: Vinyl Records",
                "/browse/music/pop-music-vinyl-records/4104_1205481_6204731"
            ]
        ]
    },
    {
        "title": "Celine Dion - Falling Into You - Vinyl",
        "url": "https://www.walmart.com/ip/Celine-Dion-Falling-Into-You-Vinyl/658718837",
        "price": "$22.99",
        "stars": "5.0",
        "ratings": "1 ",
        "img": "",
        "tags": [
            [
                "Music Videos",
                "/browse/music/music-videos/4104_538232_101914"
            ],
            [
                "All World & Reggae Music",
                "/browse/music/all-world-reggae-music/4104_4124_4296438"
            ],
            [
                "Pop Rock Music on CD or Vinyl",
                "/browse/music/pop-rock-music-cd-vinyl/4104_4115_5096"
            ],
            [
                "Celine Dion",
                "/browse/music/celine-dion/4104_7075720_5360800_6077838"
            ],
            [
                "Pop Music: Vinyl Records",
                "/browse/music/pop-music-vinyl-records/4104_1205481_6204731"
            ],
            [
                "All Pop Music",
                "/browse/music/all-pop-music/4104_4115_6683137"
            ],
            [
                "Frank Sinatra Music on CD or Vinyl",
                "/browse/music/frank-sinatra-music-cd-vinyl/4104_6651806_6690357"
            ],
            [
                "Live Concerts",
                "/browse/music/live-concerts/4104_538232_96870"
            ]
        ]
    },
    {
        "title": "No Doubt - Rock Steady - Vinyl",
        "url": "https://www.walmart.com/ip/No-Doubt-Rock-Steady-Vinyl/34452439",
        "price": "$24.67",
        "stars": "5.0",
        "ratings": "1 ",
        "img": "",
        "tags": [
            [
                "All Vinyl Records",
                "/browse/music/all-vinyl-records/4104_1205481_3434427"
            ],
            [
                "All World & Reggae Music",
                "/browse/music/all-world-reggae-music/4104_4124_4296438"
            ],
            [
                "Funk Music: CDs & Vinyl Records",
                "/browse/music/funk-music-cds-vinyl-records/4104_4116_5085"
            ],
            [
                "Taylor Swift Music on CD or Vinyl",
                "/browse/music/taylor-swift-music-cd-vinyl/4104_6651806_5178559"
            ],
            [
                "Pop Music: Vinyl Records",
                "/browse/music/pop-music-vinyl-records/4104_1205481_6204731"
            ],
            [
                "All Pop Music",
                "/browse/music/all-pop-music/4104_4115_6683137"
            ],
            [
                "R&B and Soul: Vinyl Records",
                "/browse/music/rb-soul-vinyl-records/4104_4116_7409068"
            ],
            [
                "No Doubt",
                "/browse/music/no-doubt/4104_7075720_5360800_9955983"
            ]
        ]
    },
    {
        "title": "Pearl Jam - Backspacer - Vinyl",
        "url": "https://www.walmart.com/ip/Pearl-Jam-Backspacer-Vinyl/34452655",
        "price": "$17.70",
        "stars": 0,
        "ratings": 0,
        "img": "",
        "tags": [
            [
                "All Rock Music",
                "/browse/music/all-rock-music/4104_4118_1458080"
            ],
            [
                "Rock Music: Vinyl Records",
                "/browse/music/rock-music-vinyl-records/4104_4118_2844615"
            ],
            [
                "General Vinyl Records",
                "/browse/music/general-vinyl-records/4104_1205481_3400726"
            ],
            [
                "All Vinyl Records",
                "/browse/music/all-vinyl-records/4104_1205481_3434427"
            ],
            [
                "Heavy Metal Music on CD or Vinyl",
                "/browse/music/heavy-metal-music-cd-vinyl/4104_4118_5094"
            ],
            [
                "Pearl Jam",
                "/browse/music/pearl-jam/4104_7075720_5360800_7419679"
            ],
            [
                "Queen Music on CD or Vinyl",
                "/browse/music/queen-music-cd-vinyl/4104_6651806_9502498"
            ]
        ]
    },
    {
        "title": "Nirvana - Live And Loud - Vinyl",
        "url": "https://www.walmart.com/ip/Nirvana-Live-And-Loud-Vinyl/418537068",
        "price": "$23.49",
        "stars": 0,
        "ratings": 0,
        "img": "",
        "tags": [
            [
                "All Rock Music",
                "/browse/music/all-rock-music/4104_4118_1458080"
            ],
            [
                "General Vinyl Records",
                "/browse/music/general-vinyl-records/4104_1205481_3400726"
            ],
            [
                "All Vinyl Records",
                "/browse/music/all-vinyl-records/4104_1205481_3434427"
            ],
            [
                "Punk Rock Music on CD or Vinyl",
                "/browse/music/punk-rock-music-cd-vinyl/4104_4118_5097"
            ],
            [
                "Pop Music: Vinyl Records",
                "/browse/music/pop-music-vinyl-records/4104_1205481_6204731"
            ],
            [
                "All Pop Music",
                "/browse/music/all-pop-music/4104_4115_6683137"
            ],
            [
                "Nirvana",
                "/browse/music/nirvana/4104_7075720_5360800_9699407"
            ]
        ]
    }
]