[
    {
        "title": "Taylor Swift - Folklore - CD",
        "url": "https://www.walmart.com/ip/Taylor-Swift-Folklore-CD/696640440",
        "price": "$11.88",
        "stars": "4.7",
        "ratings": "3 ",
        "img": "",
        "tags": []
    },
    {
        "title": "Guaraldi - Peanuts Greatest Hits - Vinyl",
        "url": "https://www.walmart.com/ip/Guaraldi-Peanuts-Greatest-Hits-Vinyl/838981064",
        "price": "$27.65",
        "stars": 0,
        "ratings": 0,
        "img": "",
        "tags": [
            [
                "Chamber Music on CD or Vinyl",
                "/browse/music/chamber-music-cd-vinyl/4104_4108_5023"
            ],
            [
                "Opera & Vocal Music on CD or Vinyl",
                "/browse/music/opera-vocal-music-cd-vinyl/4104_4108_5025"
            ],
            [
                "Sacred / Religious Music on CD or Vinyl",
                "/browse/music/sacred-religious-music-cd-vinyl/4104_4107_5026"
            ],
            [
                "Traditional Country Music on CD or Vinyl",
                "/browse/music/traditional-country-music-cd-vinyl/4104_4109_5030"
            ],
            [
                "Electronica",
                "/browse/music/electronica/4104_4110_5037"
            ],
            [
                "All Pop Music",
                "/browse/music/all-pop-music/4104_4115_6683137"
            ],
            [
                "All New Age Music",
                "/browse/music/all-new-age-music/4104_4114_6883888"
            ],
            [
                "Preorders & New Releases",
                "/browse/music/preorders-new-releases/4104_1205481_8281974"
            ]
        ]
    },
    {
        "title": "Taylor Swift - folklore - CD - (Explicit)",
        "url": "https://www.walmart.com/ip/Taylor-Swift-folklore-CD-Explicit/368574071",
        "price": "$14.57",
        "stars": "5.0",
        "ratings": "16 ",
        "img": "i5.walmartimages.com/asr/abd2eabf-b204-44cb-8c30-1280d0cc293c.b60d9aeeeea1508e6739714824a81d6f.jpeg?odnWidth=612&odnHeight=612&odnBg=ffffff",
        "tags": []
    },
    {
        "title": "Katy Perry - Smile (Walmart Exclusive) - Vinyl",
        "url": "https://www.walmart.com/ip/Katy-Perry-Smile-Walmart-Exclusive-Vinyl/829264354",
        "price": "$25.98",
        "stars": "5.0",
        "ratings": "7 ",
        "img": "",
        "tags": [
            [
                "Only at Walmart",
                "/browse/only-at-walmart/4104_1228141"
            ],
            [
                "Walmart Exclusive Vinyl",
                "/browse/music/walmart-exclusive-vinyl/4104_1205481_2564313"
            ],
            [
                "All Vinyl Records",
                "/browse/music/all-vinyl-records/4104_1205481_3434427"
            ],
            [
                "Janet Jackson",
                "/browse/music/janet-jackson/4104_7075720_5360800_4985455"
            ],
            [
                "Opera & Vocal Music on CD or Vinyl",
                "/browse/music/opera-vocal-music-cd-vinyl/4104_4108_5025"
            ],
            [
                "R&B and Soul: Vinyl Records",
                "/browse/music/rb-soul-vinyl-records/4104_4116_7409068"
            ],
            [
                "Janet Jackson Music on CD or Vinyl",
                "/browse/music/janet-jackson-music-cd-vinyl/4104_6651806_7497328"
            ],
            [
                "Katy Perry Music on CD or Vinyl",
                "/browse/music/katy-perry-music-cd-vinyl/4104_6651806_7821686"
            ]
        ]
    },
    {
        "title": "Katy Perry - Smile - CD",
        "url": "https://www.walmart.com/ip/Katy-Perry-Smile-CD/290329008",
        "price": "$13.91",
        "stars": "5.0",
        "ratings": "1 ",
        "img": "",
        "tags": [
            [
                "Only at Walmart",
                "/browse/only-at-walmart/4104_1228141"
            ],
            [
                "Walmart Exclusive Vinyl",
                "/browse/music/walmart-exclusive-vinyl/4104_1205481_2564313"
            ],
            [
                "General Vinyl Records",
                "/browse/music/general-vinyl-records/4104_1205481_3400726"
            ],
            [
                "All Vinyl Records",
                "/browse/music/all-vinyl-records/4104_1205481_3434427"
            ],
            [
                "Celine Dion",
                "/browse/music/celine-dion/4104_7075720_5360800_6077838"
            ],
            [
                "Katy Perry Music on CD or Vinyl",
                "/browse/music/katy-perry-music-cd-vinyl/4104_6651806_7821686"
            ],
            [
                "Preorders & New Releases",
                "/browse/music/preorders-new-releases/4104_1205481_8281974"
            ]
        ]
    },
    {
        "title": "Katy Perry - Smile - Vinyl",
        "url": "https://www.walmart.com/ip/Katy-Perry-Smile-Vinyl/498605302",
        "price": "$21.99",
        "stars": 0,
        "ratings": 0,
        "img": "",
        "tags": [
            [
                "Madonna",
                "/browse/music/madonna/4104_7075720_5360800_1806691"
            ],
            [
                "Janet Jackson",
                "/browse/music/janet-jackson/4104_7075720_5360800_4985455"
            ],
            [
                "Electronica",
                "/browse/music/electronica/4104_4110_5037"
            ],
            [
                "Pop Music: Vinyl Records",
                "/browse/music/pop-music-vinyl-records/4104_1205481_6204731"
            ],
            [
                "R&B and Soul: Vinyl Records",
                "/browse/music/rb-soul-vinyl-records/4104_4116_7409068"
            ],
            [
                "Janet Jackson Music on CD or Vinyl",
                "/browse/music/janet-jackson-music-cd-vinyl/4104_6651806_7497328"
            ],
            [
                "Katy Perry Music on CD or Vinyl",
                "/browse/music/katy-perry-music-cd-vinyl/4104_6651806_7821686"
            ],
            [
                "Preorders & New Releases",
                "/browse/music/preorders-new-releases/4104_1205481_8281974"
            ]
        ]
    },
    {
        "title": "John Williams - John Williams In Vienna [CD/Blu-Ray] - CD",
        "url": "https://www.walmart.com/ip/John-Williams-John-Williams-In-Vienna-CD-Blu-Ray-CD/387274332",
        "price": "$35.98",
        "stars": 0,
        "ratings": 0,
        "img": "",
        "tags": [
            [
                "Chamber Music on CD or Vinyl",
                "/browse/music/chamber-music-cd-vinyl/4104_4108_5023"
            ],
            [
                "Opera & Vocal Music on CD or Vinyl",
                "/browse/music/opera-vocal-music-cd-vinyl/4104_4108_5025"
            ],
            [
                "Sacred / Religious Music on CD or Vinyl",
                "/browse/music/sacred-religious-music-cd-vinyl/4104_4107_5026"
            ],
            [
                "Traditional Country Music on CD or Vinyl",
                "/browse/music/traditional-country-music-cd-vinyl/4104_4109_5030"
            ],
            [
                "Electronica",
                "/browse/music/electronica/4104_4110_5037"
            ],
            [
                "All Pop Music",
                "/browse/music/all-pop-music/4104_4115_6683137"
            ],
            [
                "All New Age Music",
                "/browse/music/all-new-age-music/4104_4114_6883888"
            ],
            [
                "Preorders & New Releases",
                "/browse/music/preorders-new-releases/4104_1205481_8281974"
            ]
        ]
    },
    {
        "title": "Quinn Xcii - A Letter To My Younger Self - Vinyl",
        "url": "https://www.walmart.com/ip/Quinn-Xcii-A-Letter-To-My-Younger-Self-Vinyl/386791141",
        "price": "$23.08",
        "stars": 0,
        "ratings": 0,
        "img": "",
        "tags": [
            [
                "Only at Walmart",
                "/browse/only-at-walmart/4104_1228141"
            ],
            [
                "All Rock Music",
                "/browse/music/all-rock-music/4104_4118_1458080"
            ],
            [
                "Walmart Exclusive Vinyl",
                "/browse/music/walmart-exclusive-vinyl/4104_1205481_2564313"
            ],
            [
                "General Vinyl Records",
                "/browse/music/general-vinyl-records/4104_1205481_3400726"
            ],
            [
                "All Vinyl Records",
                "/browse/music/all-vinyl-records/4104_1205481_3434427"
            ],
            [
                "All Country Music",
                "/browse/music/all-country-music/4104_4109_4674600"
            ],
            [
                "Country Music: Vinyl Records",
                "/browse/music/country-music-vinyl-records/4104_1205481_4846487"
            ]
        ]
    },
    {
        "title": "Max - Coulour Vision (Opaque yellow) - Vinyl",
        "url": "https://www.walmart.com/ip/Max-Coulour-Vision-Opaque-yellow-Vinyl/182205762",
        "price": "$23.99",
        "stars": 0,
        "ratings": 0,
        "img": "",
        "tags": []
    },
    {
        "title": "Ellie Goulding - Brightest Blue - CD",
        "url": "https://www.walmart.com/ip/Ellie-Goulding-Brightest-Blue-CD/168636034",
        "price": "$19.99",
        "stars": 0,
        "ratings": 0,
        "img": "",
        "tags": [
            [
                "Only at Walmart",
                "/browse/only-at-walmart/4104_1228141"
            ],
            [
                "General Vinyl Records",
                "/browse/music/general-vinyl-records/4104_1205481_3400726"
            ],
            [
                "All Vinyl Records",
                "/browse/music/all-vinyl-records/4104_1205481_3434427"
            ],
            [
                "Shawn Mendes Music on CD or Vinyl",
                "/browse/music/shawn-mendes-music-cd-vinyl/4104_6651806_4581407"
            ],
            [
                "Pop Rock Music on CD or Vinyl",
                "/browse/music/pop-rock-music-cd-vinyl/4104_4115_5096"
            ],
            [
                "Celine Dion",
                "/browse/music/celine-dion/4104_7075720_5360800_6077838"
            ],
            [
                "Frank Sinatra Music on CD or Vinyl",
                "/browse/music/frank-sinatra-music-cd-vinyl/4104_6651806_6690357"
            ],
            [
                "Preorders & New Releases",
                "/browse/music/preorders-new-releases/4104_1205481_8281974"
            ]
        ]
    }
]