[
    {
        "title": "Tokyo Ghoul (original Motion Picture Soundtrack)",
        "url": "https://www.walmart.com/ip/Tokyo-Ghoul-original-Motion-Picture-Soundtrack/293375999",
        "price": "$11.24",
        "stars": 0,
        "ratings": 0,
        "img": "",
        "tags": [
            [
                "Only at Walmart",
                "/browse/only-at-walmart/4104_1228141"
            ],
            [
                "All Rock Music",
                "/browse/music/all-rock-music/4104_4118_1458080"
            ],
            [
                "Walmart Exclusive Vinyl",
                "/browse/music/walmart-exclusive-vinyl/4104_1205481_2564313"
            ],
            [
                "General Vinyl Records",
                "/browse/music/general-vinyl-records/4104_1205481_3400726"
            ],
            [
                "All Vinyl Records",
                "/browse/music/all-vinyl-records/4104_1205481_3434427"
            ],
            [
                "All Children's Music",
                "/browse/music/all-childrens-music/4104_4106_5007"
            ],
            [
                "Film Soundtracks",
                "/browse/music/film-soundtracks/4104_4119_5100"
            ],
            [
                "Soundtracks: Vinyl Records",
                "/browse/music/soundtracks-vinyl-records/4104_1205481_9901623"
            ]
        ]
    },
    {
        "title": "Beethoven's Wig: Sing-Along Syms / Sing-Along",
        "url": "https://www.walmart.com/ip/Beethoven-s-Wig-Sing-Along-Syms-Sing-Along/3440788",
        "price": "$11.27",
        "stars": 0,
        "ratings": 0,
        "img": "",
        "tags": [
            [
                "Christmas Music",
                "/browse/music/christmas-music/4104_4120_178005"
            ],
            [
                "All Soundtracks",
                "/browse/music/all-soundtracks/4104_4119_3300580"
            ],
            [
                "Children's Religious  Music on CD or Vinyl",
                "/browse/music/childrens-religious-music-cd-vinyl/4104_4106_5010"
            ],
            [
                "Children's Sing-a-Long Music on CD or Vinyl",
                "/browse/music/childrens-sing-a-long-music-cd-vinyl/4104_4106_5012"
            ],
            [
                "Sacred / Religious Music on CD or Vinyl",
                "/browse/music/sacred-religious-music-cd-vinyl/4104_4107_5026"
            ],
            [
                "Pop Rock Music on CD or Vinyl",
                "/browse/music/pop-rock-music-cd-vinyl/4104_4115_5096"
            ],
            [
                "Film Soundtracks",
                "/browse/music/film-soundtracks/4104_4119_5100"
            ],
            [
                "All Karaoke Music",
                "/browse/music/all-karaoke-music/4104_136735_5133239"
            ]
        ]
    },
    {
        "title": "Icky Sticky",
        "url": "https://www.walmart.com/ip/Icky-Sticky/188576826",
        "price": "$11.27",
        "stars": 0,
        "ratings": 0,
        "img": "",
        "tags": [
            [
                "Christmas Music",
                "/browse/music/christmas-music/4104_4120_178005"
            ],
            [
                "All Soundtracks",
                "/browse/music/all-soundtracks/4104_4119_3300580"
            ],
            [
                "Children's Religious  Music on CD or Vinyl",
                "/browse/music/childrens-religious-music-cd-vinyl/4104_4106_5010"
            ],
            [
                "Children's Sing-a-Long Music on CD or Vinyl",
                "/browse/music/childrens-sing-a-long-music-cd-vinyl/4104_4106_5012"
            ],
            [
                "Sacred / Religious Music on CD or Vinyl",
                "/browse/music/sacred-religious-music-cd-vinyl/4104_4107_5026"
            ],
            [
                "Pop Rock Music on CD or Vinyl",
                "/browse/music/pop-rock-music-cd-vinyl/4104_4115_5096"
            ],
            [
                "Film Soundtracks",
                "/browse/music/film-soundtracks/4104_4119_5100"
            ],
            [
                "All Karaoke Music",
                "/browse/music/all-karaoke-music/4104_136735_5133239"
            ]
        ]
    },
    {
        "title": "Boyz In The Sink",
        "url": "https://www.walmart.com/ip/Boyz-In-The-Sink/28873385",
        "price": "$11.27",
        "stars": 0,
        "ratings": 0,
        "img": "",
        "tags": [
            [
                "Christmas Music",
                "/browse/music/christmas-music/4104_4120_178005"
            ],
            [
                "All Soundtracks",
                "/browse/music/all-soundtracks/4104_4119_3300580"
            ],
            [
                "Children's Religious  Music on CD or Vinyl",
                "/browse/music/childrens-religious-music-cd-vinyl/4104_4106_5010"
            ],
            [
                "Children's Sing-a-Long Music on CD or Vinyl",
                "/browse/music/childrens-sing-a-long-music-cd-vinyl/4104_4106_5012"
            ],
            [
                "Sacred / Religious Music on CD or Vinyl",
                "/browse/music/sacred-religious-music-cd-vinyl/4104_4107_5026"
            ],
            [
                "Pop Rock Music on CD or Vinyl",
                "/browse/music/pop-rock-music-cd-vinyl/4104_4115_5096"
            ],
            [
                "Film Soundtracks",
                "/browse/music/film-soundtracks/4104_4119_5100"
            ],
            [
                "All Karaoke Music",
                "/browse/music/all-karaoke-music/4104_136735_5133239"
            ]
        ]
    },
    {
        "title": "Das Blaue Album (CD)",
        "url": "https://www.walmart.com/ip/Das-Blaue-Album-CD/169034779",
        "price": "$11.32",
        "stars": 0,
        "ratings": 0,
        "img": "",
        "tags": [
            [
                "Christmas Music",
                "/browse/music/christmas-music/4104_4120_178005"
            ],
            [
                "All Soundtracks",
                "/browse/music/all-soundtracks/4104_4119_3300580"
            ],
            [
                "Children's Religious  Music on CD or Vinyl",
                "/browse/music/childrens-religious-music-cd-vinyl/4104_4106_5010"
            ],
            [
                "Children's Sing-a-Long Music on CD or Vinyl",
                "/browse/music/childrens-sing-a-long-music-cd-vinyl/4104_4106_5012"
            ],
            [
                "Sacred / Religious Music on CD or Vinyl",
                "/browse/music/sacred-religious-music-cd-vinyl/4104_4107_5026"
            ],
            [
                "Pop Rock Music on CD or Vinyl",
                "/browse/music/pop-rock-music-cd-vinyl/4104_4115_5096"
            ],
            [
                "Film Soundtracks",
                "/browse/music/film-soundtracks/4104_4119_5100"
            ],
            [
                "All Karaoke Music",
                "/browse/music/all-karaoke-music/4104_136735_5133239"
            ]
        ]
    },
    {
        "title": "Classic Fairy Tales Re-Told",
        "url": "https://www.walmart.com/ip/Classic-Fairy-Tales-Re-Told/35163694",
        "price": "$11.42",
        "stars": 0,
        "ratings": 0,
        "img": "",
        "tags": [
            [
                "Christmas Music",
                "/browse/music/christmas-music/4104_4120_178005"
            ],
            [
                "All Soundtracks",
                "/browse/music/all-soundtracks/4104_4119_3300580"
            ],
            [
                "Children's Religious  Music on CD or Vinyl",
                "/browse/music/childrens-religious-music-cd-vinyl/4104_4106_5010"
            ],
            [
                "Children's Sing-a-Long Music on CD or Vinyl",
                "/browse/music/childrens-sing-a-long-music-cd-vinyl/4104_4106_5012"
            ],
            [
                "Sacred / Religious Music on CD or Vinyl",
                "/browse/music/sacred-religious-music-cd-vinyl/4104_4107_5026"
            ],
            [
                "Pop Rock Music on CD or Vinyl",
                "/browse/music/pop-rock-music-cd-vinyl/4104_4115_5096"
            ],
            [
                "Film Soundtracks",
                "/browse/music/film-soundtracks/4104_4119_5100"
            ],
            [
                "All Karaoke Music",
                "/browse/music/all-karaoke-music/4104_136735_5133239"
            ]
        ]
    },
    {
        "title": "Kidz Bop: 33 (Walmart Exclusive)",
        "url": "https://www.walmart.com/ip/Kidz-Bop-33-Walmart-Exclusive/54902520",
        "price": "$11.49",
        "stars": "4.9",
        "ratings": "7 ",
        "img": "",
        "tags": [
            [
                "Christmas Music",
                "/browse/music/christmas-music/4104_4120_178005"
            ],
            [
                "All Soundtracks",
                "/browse/music/all-soundtracks/4104_4119_3300580"
            ],
            [
                "Children's Religious  Music on CD or Vinyl",
                "/browse/music/childrens-religious-music-cd-vinyl/4104_4106_5010"
            ],
            [
                "Children's Sing-a-Long Music on CD or Vinyl",
                "/browse/music/childrens-sing-a-long-music-cd-vinyl/4104_4106_5012"
            ],
            [
                "Sacred / Religious Music on CD or Vinyl",
                "/browse/music/sacred-religious-music-cd-vinyl/4104_4107_5026"
            ],
            [
                "Pop Rock Music on CD or Vinyl",
                "/browse/music/pop-rock-music-cd-vinyl/4104_4115_5096"
            ],
            [
                "Film Soundtracks",
                "/browse/music/film-soundtracks/4104_4119_5100"
            ],
            [
                "All Karaoke Music",
                "/browse/music/all-karaoke-music/4104_136735_5133239"
            ]
        ]
    },
    {
        "title": "20 Grandes Clasicos Infantiles / Various (CD)",
        "url": "https://www.walmart.com/ip/20-Grandes-Clasicos-Infantiles-Various-CD/538977485",
        "price": "$11.51",
        "stars": 0,
        "ratings": 0,
        "img": "",
        "tags": [
            [
                "Christmas Music",
                "/browse/music/christmas-music/4104_4120_178005"
            ],
            [
                "All Soundtracks",
                "/browse/music/all-soundtracks/4104_4119_3300580"
            ],
            [
                "Children's Religious  Music on CD or Vinyl",
                "/browse/music/childrens-religious-music-cd-vinyl/4104_4106_5010"
            ],
            [
                "Children's Sing-a-Long Music on CD or Vinyl",
                "/browse/music/childrens-sing-a-long-music-cd-vinyl/4104_4106_5012"
            ],
            [
                "Sacred / Religious Music on CD or Vinyl",
                "/browse/music/sacred-religious-music-cd-vinyl/4104_4107_5026"
            ],
            [
                "Pop Rock Music on CD or Vinyl",
                "/browse/music/pop-rock-music-cd-vinyl/4104_4115_5096"
            ],
            [
                "Film Soundtracks",
                "/browse/music/film-soundtracks/4104_4119_5100"
            ],
            [
                "All Karaoke Music",
                "/browse/music/all-karaoke-music/4104_136735_5133239"
            ]
        ]
    },
    {
        "title": "Escape in Time: Popular British Televison Themes (CD)",
        "url": "https://www.walmart.com/ip/Escape-in-Time-Popular-British-Televison-Themes-CD/100461778",
        "price": "$11.51",
        "stars": 0,
        "ratings": 0,
        "img": "",
        "tags": [
            [
                "Only at Walmart",
                "/browse/only-at-walmart/4104_1228141"
            ],
            [
                "All Rock Music",
                "/browse/music/all-rock-music/4104_4118_1458080"
            ],
            [
                "Walmart Exclusive Vinyl",
                "/browse/music/walmart-exclusive-vinyl/4104_1205481_2564313"
            ],
            [
                "General Vinyl Records",
                "/browse/music/general-vinyl-records/4104_1205481_3400726"
            ],
            [
                "All Vinyl Records",
                "/browse/music/all-vinyl-records/4104_1205481_3434427"
            ],
            [
                "All Children's Music",
                "/browse/music/all-childrens-music/4104_4106_5007"
            ],
            [
                "Film Soundtracks",
                "/browse/music/film-soundtracks/4104_4119_5100"
            ],
            [
                "Soundtracks: Vinyl Records",
                "/browse/music/soundtracks-vinyl-records/4104_1205481_9901623"
            ]
        ]
    },
    {
        "title": "Wiggles: Twinkle Twinkle Little Star-Lullabies Per (CD)",
        "url": "https://www.walmart.com/ip/Wiggles-Twinkle-Twinkle-Little-Star-Lullabies-Per-CD/145016820",
        "price": "$11.52",
        "stars": 0,
        "ratings": 0,
        "img": "",
        "tags": [
            [
                "Christmas Music",
                "/browse/music/christmas-music/4104_4120_178005"
            ],
            [
                "All Soundtracks",
                "/browse/music/all-soundtracks/4104_4119_3300580"
            ],
            [
                "Children's Religious  Music on CD or Vinyl",
                "/browse/music/childrens-religious-music-cd-vinyl/4104_4106_5010"
            ],
            [
                "Children's Sing-a-Long Music on CD or Vinyl",
                "/browse/music/childrens-sing-a-long-music-cd-vinyl/4104_4106_5012"
            ],
            [
                "Sacred / Religious Music on CD or Vinyl",
                "/browse/music/sacred-religious-music-cd-vinyl/4104_4107_5026"
            ],
            [
                "Pop Rock Music on CD or Vinyl",
                "/browse/music/pop-rock-music-cd-vinyl/4104_4115_5096"
            ],
            [
                "Film Soundtracks",
                "/browse/music/film-soundtracks/4104_4119_5100"
            ],
            [
                "All Karaoke Music",
                "/browse/music/all-karaoke-music/4104_136735_5133239"
            ]
        ]
    }
]