[
    {
        "title": "The Legend Of Mexican Music",
        "url": "https://www.walmart.com/ip/The-Legend-Of-Mexican-Music/29194528",
        "price": "$9.36",
        "stars": 0,
        "ratings": 0,
        "img": "",
        "tags": [
            [
                "Latin Music: Vinyl Records",
                "/browse/music/latin-music-vinyl-records/4104_1205481_1630455"
            ],
            [
                "Banda Music on CD or Vinyl",
                "/browse/music/banda-music-cd-vinyl/4104_4113_5057"
            ],
            [
                "Latin Pop Music on CD or Vinyl",
                "/browse/music/latin-pop-music-cd-vinyl/4104_4113_5060"
            ],
            [
                "Reggaeton / Urbano Music on CD or Vinyl",
                "/browse/music/reggaeton-urbano-music-cd-vinyl/4104_4113_5061"
            ],
            [
                "Merengue Music on CD or Vinyl",
                "/browse/music/merengue-music-cd-vinyl/4104_4113_5064"
            ],
            [
                "Ranchero Music on CD or Vinyl",
                "/browse/music/ranchero-music-cd-vinyl/4104_4113_5067"
            ],
            [
                "Salsa Music on CD or Vinyl",
                "/browse/music/salsa-music-cd-vinyl/4104_4113_5068"
            ],
            [
                "All Karaoke Music",
                "/browse/music/all-karaoke-music/4104_136735_5133239"
            ]
        ]
    },
    {
        "title": "BTS - Danger (Japanese Version B) - CD",
        "url": "https://www.walmart.com/ip/BTS-Danger-Japanese-Version-B-CD/131809395",
        "price": "$20.06",
        "stars": 0,
        "ratings": 0,
        "img": "",
        "tags": [
            [
                "Music Videos",
                "/browse/music/music-videos/4104_538232_101914"
            ],
            [
                "K-pop Music",
                "/browse/k-pop-music/4104_2703582"
            ],
            [
                "Bob Marley Music on CD or Vinyl",
                "/browse/music/bob-marley-music-cd-vinyl/4104_6651806_4558614"
            ],
            [
                "All Country Music",
                "/browse/music/all-country-music/4104_4109_4674600"
            ],
            [
                "Contemporary Country Music on CD or Vinyl",
                "/browse/music/contemporary-country-music-cd-vinyl/4104_4109_5028"
            ],
            [
                "Reggae",
                "/browse/music/reggae/4104_4124_5122"
            ],
            [
                "All Pop Music",
                "/browse/music/all-pop-music/4104_4115_6683137"
            ],
            [
                "All Folk Music on CD or Vinyl",
                "/browse/music/all-folk-music-cd-vinyl/4104_4111_7795356"
            ]
        ]
    },
    {
        "title": "Ingenue",
        "url": "https://www.walmart.com/ip/Ingenue/846540",
        "price": "$12.93",
        "stars": 0,
        "ratings": 0,
        "img": "",
        "tags": [
            [
                "Rock Music: Vinyl Records",
                "/browse/music/rock-music-vinyl-records/4104_4118_2844615"
            ],
            [
                "General Vinyl Records",
                "/browse/music/general-vinyl-records/4104_1205481_3400726"
            ],
            [
                "All Vinyl Records",
                "/browse/music/all-vinyl-records/4104_1205481_3434427"
            ],
            [
                "Classic Rock Music on CD or Vinyl",
                "/browse/music/classic-rock-music-cd-vinyl/4104_4118_5093"
            ],
            [
                "Pop Music: Vinyl Records",
                "/browse/music/pop-music-vinyl-records/4104_1205481_6204731"
            ],
            [
                "All Pop Music",
                "/browse/music/all-pop-music/4104_4115_6683137"
            ],
            [
                "Queen Music on CD or Vinyl",
                "/browse/music/queen-music-cd-vinyl/4104_6651806_9502498"
            ]
        ]
    },
    {
        "title": "Native Visions: A Native American Music Journey (CD)",
        "url": "https://www.walmart.com/ip/Native-Visions-A-Native-American-Music-Journey-CD/55887483",
        "price": "$10.89",
        "stars": 0,
        "ratings": 0,
        "img": "",
        "tags": [
            [
                "All World & Reggae Music",
                "/browse/music/all-world-reggae-music/4104_4124_4296438"
            ],
            [
                "All Children's Music",
                "/browse/music/all-childrens-music/4104_4106_5007"
            ],
            [
                "Classical Composers on CD or Vinyl",
                "/browse/music/classical-composers-cd-vinyl/4104_4108_5024"
            ],
            [
                "Electronica",
                "/browse/music/electronica/4104_4110_5037"
            ],
            [
                "New Age Instrumental Music on CD or Vinyl",
                "/browse/music/new-age-instrumental-music-cd-vinyl/4104_4114_5072"
            ],
            [
                "Meditation Music on CD or Vinyl",
                "/browse/music/meditation-music-cd-vinyl/4104_4114_5073"
            ],
            [
                "New Age Vocal Music on CD or Vinyl",
                "/browse/music/new-age-vocal-music-cd-vinyl/4104_4114_5075"
            ],
            [
                "Easy Listening Music on CD or Vinyl",
                "/browse/music/easy-listening-music-cd-vinyl/4104_4115_5079"
            ]
        ]
    },
    {
        "title": "Heilung - Ofnir - Vinyl",
        "url": "https://www.walmart.com/ip/Heilung-Ofnir-Vinyl/505080558",
        "price": "$30.31",
        "stars": 0,
        "ratings": 0,
        "img": "",
        "tags": [
            [
                "All Rock Music",
                "/browse/music/all-rock-music/4104_4118_1458080"
            ],
            [
                "Rock Music: Vinyl Records",
                "/browse/music/rock-music-vinyl-records/4104_4118_2844615"
            ],
            [
                "All Rap & Hiphop: CDs & Vinyl Records",
                "/browse/music/all-rap-hiphop-cds-vinyl-records/4104_4117_3341000"
            ],
            [
                "All Vinyl Records",
                "/browse/music/all-vinyl-records/4104_1205481_3434427"
            ],
            [
                "All World & Reggae Music",
                "/browse/music/all-world-reggae-music/4104_4124_4296438"
            ],
            [
                "Pop Music: Vinyl Records",
                "/browse/music/pop-music-vinyl-records/4104_1205481_6204731"
            ],
            [
                "Rap Hip-Hop: Vinyl Records",
                "/browse/music/rap-hip-hop-vinyl-records/4104_4117_7766072"
            ]
        ]
    },
    {
        "title": "Bridge Over Troubled Water (CD)",
        "url": "https://www.walmart.com/ip/Bridge-Over-Troubled-Water-CD/133072540",
        "price": "$11.99",
        "stars": 0,
        "ratings": 0,
        "img": "",
        "tags": [
            [
                "Music Videos",
                "/browse/music/music-videos/4104_538232_101914"
            ],
            [
                "K-pop Music",
                "/browse/k-pop-music/4104_2703582"
            ],
            [
                "Bob Marley Music on CD or Vinyl",
                "/browse/music/bob-marley-music-cd-vinyl/4104_6651806_4558614"
            ],
            [
                "All Country Music",
                "/browse/music/all-country-music/4104_4109_4674600"
            ],
            [
                "Contemporary Country Music on CD or Vinyl",
                "/browse/music/contemporary-country-music-cd-vinyl/4104_4109_5028"
            ],
            [
                "Reggae",
                "/browse/music/reggae/4104_4124_5122"
            ],
            [
                "All Pop Music",
                "/browse/music/all-pop-music/4104_4115_6683137"
            ],
            [
                "All Folk Music on CD or Vinyl",
                "/browse/music/all-folk-music-cd-vinyl/4104_4111_7795356"
            ]
        ]
    },
    {
        "title": "Oster Project - Oster San No Best [CD]",
        "url": "https://www.walmart.com/ip/Oster-Project-Oster-San-No-Best-CD/35668054",
        "price": "$34.19",
        "stars": "5.0",
        "ratings": "1 ",
        "img": "",
        "tags": [
            [
                "Music Videos",
                "/browse/music/music-videos/4104_538232_101914"
            ],
            [
                "K-pop Music",
                "/browse/k-pop-music/4104_2703582"
            ],
            [
                "Bob Marley Music on CD or Vinyl",
                "/browse/music/bob-marley-music-cd-vinyl/4104_6651806_4558614"
            ],
            [
                "All Country Music",
                "/browse/music/all-country-music/4104_4109_4674600"
            ],
            [
                "Contemporary Country Music on CD or Vinyl",
                "/browse/music/contemporary-country-music-cd-vinyl/4104_4109_5028"
            ],
            [
                "Reggae",
                "/browse/music/reggae/4104_4124_5122"
            ],
            [
                "All Pop Music",
                "/browse/music/all-pop-music/4104_4115_6683137"
            ],
            [
                "All Folk Music on CD or Vinyl",
                "/browse/music/all-folk-music-cd-vinyl/4104_4111_7795356"
            ]
        ]
    },
    {
        "title": "Hugh Mundell - Africa Must Be Free By 1983 - Vinyl",
        "url": "https://www.walmart.com/ip/Hugh-Mundell-Africa-Must-Be-Free-By-1983-Vinyl/883875400",
        "price": "$18.56",
        "stars": 0,
        "ratings": 0,
        "img": "",
        "tags": [
            [
                "Rock Music: Vinyl Records",
                "/browse/music/rock-music-vinyl-records/4104_4118_2844615"
            ],
            [
                "General Vinyl Records",
                "/browse/music/general-vinyl-records/4104_1205481_3400726"
            ],
            [
                "All Vinyl Records",
                "/browse/music/all-vinyl-records/4104_1205481_3434427"
            ],
            [
                "All World & Reggae Music",
                "/browse/music/all-world-reggae-music/4104_4124_4296438"
            ],
            [
                "Bob Marley Music on CD or Vinyl",
                "/browse/music/bob-marley-music-cd-vinyl/4104_6651806_4558614"
            ],
            [
                "All R&B / Soul Music",
                "/browse/music/all-rb-soul-music/4104_4116_4920828"
            ],
            [
                "R&B and Soul: Vinyl Records",
                "/browse/music/rb-soul-vinyl-records/4104_4116_7409068"
            ]
        ]
    },
    {
        "title": "Original Dub Classics / Various (Vinyl)",
        "url": "https://www.walmart.com/ip/Original-Dub-Classics-Various-Vinyl/55906887",
        "price": "$33.29",
        "stars": 0,
        "ratings": 0,
        "img": "",
        "tags": [
            [
                "All Rock Music",
                "/browse/music/all-rock-music/4104_4118_1458080"
            ],
            [
                "Rock Music: Vinyl Records",
                "/browse/music/rock-music-vinyl-records/4104_4118_2844615"
            ],
            [
                "General Vinyl Records",
                "/browse/music/general-vinyl-records/4104_1205481_3400726"
            ],
            [
                "All Vinyl Records",
                "/browse/music/all-vinyl-records/4104_1205481_3434427"
            ],
            [
                "Classic Rock Music on CD or Vinyl",
                "/browse/music/classic-rock-music-cd-vinyl/4104_4118_5093"
            ],
            [
                "Pop Music: Vinyl Records",
                "/browse/music/pop-music-vinyl-records/4104_1205481_6204731"
            ],
            [
                "All Pop Music",
                "/browse/music/all-pop-music/4104_4115_6683137"
            ]
        ]
    },
    {
        "title": "Lifa (CD)",
        "url": "https://www.walmart.com/ip/Lifa-CD/880436930",
        "price": "$14.72",
        "stars": "5.0",
        "ratings": "1 ",
        "img": "",
        "tags": [
            [
                "Music Videos",
                "/browse/music/music-videos/4104_538232_101914"
            ],
            [
                "K-pop Music",
                "/browse/k-pop-music/4104_2703582"
            ],
            [
                "Bob Marley Music on CD or Vinyl",
                "/browse/music/bob-marley-music-cd-vinyl/4104_6651806_4558614"
            ],
            [
                "All Country Music",
                "/browse/music/all-country-music/4104_4109_4674600"
            ],
            [
                "Contemporary Country Music on CD or Vinyl",
                "/browse/music/contemporary-country-music-cd-vinyl/4104_4109_5028"
            ],
            [
                "Reggae",
                "/browse/music/reggae/4104_4124_5122"
            ],
            [
                "All Pop Music",
                "/browse/music/all-pop-music/4104_4115_6683137"
            ],
            [
                "All Folk Music on CD or Vinyl",
                "/browse/music/all-folk-music-cd-vinyl/4104_4111_7795356"
            ]
        ]
    }
]