[
    {
        "title": "The Video Hits: Chapter One (DVD)",
        "url": "https://www.walmart.com/ip/The-Video-Hits-Chapter-One-DVD/1881956",
        "price": "$9.99",
        "stars": 0,
        "ratings": 0,
        "img": "",
        "tags": [
            [
                "Rock Music: Vinyl Records",
                "/browse/music/rock-music-vinyl-records/4104_4118_2844615"
            ],
            [
                "Britney Spears Music on CD or Vinyl",
                "/browse/music/britney-spears-music-cd-vinyl/4104_6651806_4080735"
            ],
            [
                "Opera & Vocal Music on CD or Vinyl",
                "/browse/music/opera-vocal-music-cd-vinyl/4104_4108_5025"
            ],
            [
                "Dance Pop",
                "/browse/music/dance-pop/4104_4110_5034"
            ],
            [
                "Pop Rock Music on CD or Vinyl",
                "/browse/music/pop-rock-music-cd-vinyl/4104_4115_5096"
            ],
            [
                "NSYNC",
                "/browse/music/nsync/4104_7075720_5360800_5663291"
            ],
            [
                "All Pop Music",
                "/browse/music/all-pop-music/4104_4115_6683137"
            ],
            [
                "New Kids On The Block",
                "/browse/music/new-kids-on-the-block/4104_7075720_5360800_9819634"
            ]
        ]
    },
    {
        "title": "Pearl Jam - Vitalogy - CD",
        "url": "https://www.walmart.com/ip/Pearl-Jam-Vitalogy-CD/354443901",
        "price": "$9.49",
        "stars": 0,
        "ratings": 0,
        "img": "",
        "tags": [
            [
                "Rock Music: Vinyl Records",
                "/browse/music/rock-music-vinyl-records/4104_4118_2844615"
            ],
            [
                "General Vinyl Records",
                "/browse/music/general-vinyl-records/4104_1205481_3400726"
            ],
            [
                "All Vinyl Records",
                "/browse/music/all-vinyl-records/4104_1205481_3434427"
            ],
            [
                "Classic Rock Music on CD or Vinyl",
                "/browse/music/classic-rock-music-cd-vinyl/4104_4118_5093"
            ],
            [
                "Pop Music: Vinyl Records",
                "/browse/music/pop-music-vinyl-records/4104_1205481_6204731"
            ],
            [
                "All Pop Music",
                "/browse/music/all-pop-music/4104_4115_6683137"
            ],
            [
                "Pearl Jam",
                "/browse/music/pearl-jam/4104_7075720_5360800_7419679"
            ]
        ]
    },
    {
        "title": "Mariah Carey - Butterfly - CD",
        "url": "https://www.walmart.com/ip/Mariah-Carey-Butterfly-CD/29464972",
        "price": "$8.07",
        "stars": "5.0",
        "ratings": "1 ",
        "img": "",
        "tags": [
            [
                "Christmas Music",
                "/browse/music/christmas-music/4104_4120_178005"
            ],
            [
                "All Country Music",
                "/browse/music/all-country-music/4104_4109_4674600"
            ],
            [
                "Opera & Vocal Music on CD or Vinyl",
                "/browse/music/opera-vocal-music-cd-vinyl/4104_4108_5025"
            ],
            [
                "Pop Rock Music on CD or Vinyl",
                "/browse/music/pop-rock-music-cd-vinyl/4104_4115_5096"
            ],
            [
                "Taylor Swift Music on CD or Vinyl",
                "/browse/music/taylor-swift-music-cd-vinyl/4104_6651806_5178559"
            ],
            [
                "Mariah Carey",
                "/browse/music/mariah-carey/4104_7075720_5360800_6034775"
            ],
            [
                "Celine Dion",
                "/browse/music/celine-dion/4104_7075720_5360800_6077838"
            ],
            [
                "Mariah Carey Music on CD or Vinyl",
                "/browse/music/mariah-carey-music-cd-vinyl/4104_6651806_6687546"
            ]
        ]
    },
    {
        "title": "Very Best of (CD)",
        "url": "https://www.walmart.com/ip/Very-Best-of-CD/28572527",
        "price": "$11.99",
        "stars": 0,
        "ratings": 0,
        "img": "",
        "tags": [
            [
                "Rock Music: Vinyl Records",
                "/browse/music/rock-music-vinyl-records/4104_4118_2844615"
            ],
            [
                "General Vinyl Records",
                "/browse/music/general-vinyl-records/4104_1205481_3400726"
            ],
            [
                "All Vinyl Records",
                "/browse/music/all-vinyl-records/4104_1205481_3434427"
            ],
            [
                "Pop Rock Music on CD or Vinyl",
                "/browse/music/pop-rock-music-cd-vinyl/4104_4115_5096"
            ],
            [
                "Backstreet Boys",
                "/browse/music/backstreet-boys/4104_7075720_5360800_6092253"
            ],
            [
                "Pop Music: Vinyl Records",
                "/browse/music/pop-music-vinyl-records/4104_1205481_6204731"
            ],
            [
                "All Pop Music",
                "/browse/music/all-pop-music/4104_4115_6683137"
            ]
        ]
    },
    {
        "title": "Bleach [Deluxe] [Expanded Version] (CD)",
        "url": "https://www.walmart.com/ip/Bleach-Deluxe-Expanded-Version-CD/12718614",
        "price": "$14.70",
        "stars": 0,
        "ratings": 0,
        "img": "",
        "tags": [
            [
                "All Rock Music",
                "/browse/music/all-rock-music/4104_4118_1458080"
            ],
            [
                "Rock Music: Vinyl Records",
                "/browse/music/rock-music-vinyl-records/4104_4118_2844615"
            ],
            [
                "General Vinyl Records",
                "/browse/music/general-vinyl-records/4104_1205481_3400726"
            ],
            [
                "All Vinyl Records",
                "/browse/music/all-vinyl-records/4104_1205481_3434427"
            ],
            [
                "Punk Rock Music on CD or Vinyl",
                "/browse/music/punk-rock-music-cd-vinyl/4104_4118_5097"
            ],
            [
                "Pop Music: Vinyl Records",
                "/browse/music/pop-music-vinyl-records/4104_1205481_6204731"
            ],
            [
                "Nirvana",
                "/browse/music/nirvana/4104_7075720_5360800_9699407"
            ]
        ]
    },
    {
        "title": "Backstreet Boys - Backstreet's Back - CD",
        "url": "https://www.walmart.com/ip/Backstreet-Boys-Backstreet-s-Back-CD/28570935",
        "price": "$16.01",
        "stars": 0,
        "ratings": 0,
        "img": "",
        "tags": [
            [
                "All Rock Music",
                "/browse/music/all-rock-music/4104_4118_1458080"
            ],
            [
                "Rock Music: Vinyl Records",
                "/browse/music/rock-music-vinyl-records/4104_4118_2844615"
            ],
            [
                "General Vinyl Records",
                "/browse/music/general-vinyl-records/4104_1205481_3400726"
            ],
            [
                "All Vinyl Records",
                "/browse/music/all-vinyl-records/4104_1205481_3434427"
            ],
            [
                "Taylor Swift Music on CD or Vinyl",
                "/browse/music/taylor-swift-music-cd-vinyl/4104_6651806_5178559"
            ],
            [
                "Backstreet Boys",
                "/browse/music/backstreet-boys/4104_7075720_5360800_6092253"
            ],
            [
                "Pop Music: Vinyl Records",
                "/browse/music/pop-music-vinyl-records/4104_1205481_6204731"
            ],
            [
                "All Pop Music",
                "/browse/music/all-pop-music/4104_4115_6683137"
            ]
        ]
    },
    {
        "title": "Unbreakable (CD)",
        "url": "https://www.walmart.com/ip/Unbreakable-CD/7893767",
        "price": "$13.44",
        "stars": "5.0",
        "ratings": "7 ",
        "img": "",
        "tags": [
            [
                "Rock Music: Vinyl Records",
                "/browse/music/rock-music-vinyl-records/4104_4118_2844615"
            ],
            [
                "General Vinyl Records",
                "/browse/music/general-vinyl-records/4104_1205481_3400726"
            ],
            [
                "All Vinyl Records",
                "/browse/music/all-vinyl-records/4104_1205481_3434427"
            ],
            [
                "Pop Rock Music on CD or Vinyl",
                "/browse/music/pop-rock-music-cd-vinyl/4104_4115_5096"
            ],
            [
                "Backstreet Boys",
                "/browse/music/backstreet-boys/4104_7075720_5360800_6092253"
            ],
            [
                "Pop Music: Vinyl Records",
                "/browse/music/pop-music-vinyl-records/4104_1205481_6204731"
            ],
            [
                "All Pop Music",
                "/browse/music/all-pop-music/4104_4115_6683137"
            ]
        ]
    },
    {
        "title": "Tragic Kingdom (CD)",
        "url": "https://www.walmart.com/ip/Tragic-Kingdom-CD/855917",
        "price": "$15.50",
        "stars": "5.0",
        "ratings": "1 ",
        "img": "",
        "tags": [
            [
                "Rock Music: Vinyl Records",
                "/browse/music/rock-music-vinyl-records/4104_4118_2844615"
            ],
            [
                "General Vinyl Records",
                "/browse/music/general-vinyl-records/4104_1205481_3400726"
            ],
            [
                "All Vinyl Records",
                "/browse/music/all-vinyl-records/4104_1205481_3434427"
            ],
            [
                "All World & Reggae Music",
                "/browse/music/all-world-reggae-music/4104_4124_4296438"
            ],
            [
                "Funk Music: CDs & Vinyl Records",
                "/browse/music/funk-music-cds-vinyl-records/4104_4116_5085"
            ],
            [
                "Pop Music: Vinyl Records",
                "/browse/music/pop-music-vinyl-records/4104_1205481_6204731"
            ],
            [
                "R&B and Soul: Vinyl Records",
                "/browse/music/rb-soul-vinyl-records/4104_4116_7409068"
            ],
            [
                "No Doubt",
                "/browse/music/no-doubt/4104_7075720_5360800_9955983"
            ]
        ]
    },
    {
        "title": "Never Gone (CD)",
        "url": "https://www.walmart.com/ip/Never-Gone-CD/28572373",
        "price": "$7.41",
        "stars": "5.0",
        "ratings": "1 ",
        "img": "",
        "tags": [
            [
                "Rock Music: Vinyl Records",
                "/browse/music/rock-music-vinyl-records/4104_4118_2844615"
            ],
            [
                "Britney Spears Music on CD or Vinyl",
                "/browse/music/britney-spears-music-cd-vinyl/4104_6651806_4080735"
            ],
            [
                "Opera & Vocal Music on CD or Vinyl",
                "/browse/music/opera-vocal-music-cd-vinyl/4104_4108_5025"
            ],
            [
                "Dance Pop",
                "/browse/music/dance-pop/4104_4110_5034"
            ],
            [
                "Pop Rock Music on CD or Vinyl",
                "/browse/music/pop-rock-music-cd-vinyl/4104_4115_5096"
            ],
            [
                "NSYNC",
                "/browse/music/nsync/4104_7075720_5360800_5663291"
            ],
            [
                "All Pop Music",
                "/browse/music/all-pop-music/4104_4115_6683137"
            ],
            [
                "New Kids On The Block",
                "/browse/music/new-kids-on-the-block/4104_7075720_5360800_9819634"
            ]
        ]
    },
    {
        "title": "Playlist: Very Best of",
        "url": "https://www.walmart.com/ip/Playlist-Very-Best-of/49550148",
        "price": "$7.38",
        "stars": "5.0",
        "ratings": "1 ",
        "img": "",
        "tags": [
            [
                "Whitney Houston Music on CD or Vinyl",
                "/browse/music/whitney-houston-music-cd-vinyl/4104_6651806_2797549"
            ],
            [
                "Whitney Houston",
                "/browse/music/whitney-houston/4104_7075720_5360800_3872747"
            ],
            [
                "Janet Jackson",
                "/browse/music/janet-jackson/4104_7075720_5360800_4985455"
            ],
            [
                "Contemporary R&B / Soul Music: CDs & Vinyl",
                "/browse/music/contemporary-rb-soul-music-cds-vinyl/4104_4116_5084"
            ],
            [
                "Pop Rock Music on CD or Vinyl",
                "/browse/music/pop-rock-music-cd-vinyl/4104_4115_5096"
            ],
            [
                "Mariah Carey",
                "/browse/music/mariah-carey/4104_7075720_5360800_6034775"
            ],
            [
                "Celine Dion",
                "/browse/music/celine-dion/4104_7075720_5360800_6077838"
            ],
            [
                "Mariah Carey Music on CD or Vinyl",
                "/browse/music/mariah-carey-music-cd-vinyl/4104_6651806_6687546"
            ]
        ]
    }
]