[
    {
        "title": "Mariah Carey (CD)",
        "url": "https://www.walmart.com/ip/Mariah-Carey-CD/155886133",
        "price": "$9.19",
        "stars": 0,
        "ratings": 0,
        "img": "",
        "tags": [
            [
                "Madonna",
                "/browse/music/madonna/4104_7075720_5360800_1806691"
            ],
            [
                "Janet Jackson",
                "/browse/music/janet-jackson/4104_7075720_5360800_4985455"
            ],
            [
                "Opera & Vocal Music on CD or Vinyl",
                "/browse/music/opera-vocal-music-cd-vinyl/4104_4108_5025"
            ],
            [
                "Electronica",
                "/browse/music/electronica/4104_4110_5037"
            ],
            [
                "Pop Music: Vinyl Records",
                "/browse/music/pop-music-vinyl-records/4104_1205481_6204731"
            ],
            [
                "Mariah Carey Music on CD or Vinyl",
                "/browse/music/mariah-carey-music-cd-vinyl/4104_6651806_6687546"
            ],
            [
                "R&B and Soul: Vinyl Records",
                "/browse/music/rb-soul-vinyl-records/4104_4116_7409068"
            ],
            [
                "Janet Jackson Music on CD or Vinyl",
                "/browse/music/janet-jackson-music-cd-vinyl/4104_6651806_7497328"
            ]
        ]
    },
    {
        "title": "God's Son",
        "url": "https://www.walmart.com/ip/God-s-Son/55870092",
        "price": "$11.23",
        "stars": 0,
        "ratings": 0,
        "img": "",
        "tags": [
            [
                "All Rap & Hiphop: CDs & Vinyl Records",
                "/browse/music/all-rap-hiphop-cds-vinyl-records/4104_4117_3341000"
            ],
            [
                "General Vinyl Records",
                "/browse/music/general-vinyl-records/4104_1205481_3400726"
            ],
            [
                "All Vinyl Records",
                "/browse/music/all-vinyl-records/4104_1205481_3434427"
            ],
            [
                "All R&B / Soul Music",
                "/browse/music/all-rb-soul-music/4104_4116_4920828"
            ],
            [
                "Mainstream Rap & Hip-Hop: CDs & Vinyl Records",
                "/browse/music/mainstream-rap-hip-hop-cds-vinyl-records/4104_4117_5088"
            ],
            [
                "R&B and Soul: Vinyl Records",
                "/browse/music/rb-soul-vinyl-records/4104_4116_7409068"
            ],
            [
                "Rap Hip-Hop: Vinyl Records",
                "/browse/music/rap-hip-hop-vinyl-records/4104_4117_7766072"
            ]
        ]
    },
    {
        "title": "20 (CD)",
        "url": "https://www.walmart.com/ip/20-CD/657704044",
        "price": "$8.08",
        "stars": 0,
        "ratings": 0,
        "img": "",
        "tags": [
            [
                "General Vinyl Records",
                "/browse/music/general-vinyl-records/4104_1205481_3400726"
            ],
            [
                "All Vinyl Records",
                "/browse/music/all-vinyl-records/4104_1205481_3434427"
            ],
            [
                "All R&B / Soul Music",
                "/browse/music/all-rb-soul-music/4104_4116_4920828"
            ],
            [
                "Mainstream Rap & Hip-Hop: CDs & Vinyl Records",
                "/browse/music/mainstream-rap-hip-hop-cds-vinyl-records/4104_4117_5088"
            ],
            [
                "Pop Music: Vinyl Records",
                "/browse/music/pop-music-vinyl-records/4104_1205481_6204731"
            ],
            [
                "All Pop Music",
                "/browse/music/all-pop-music/4104_4115_6683137"
            ],
            [
                "R&B and Soul: Vinyl Records",
                "/browse/music/rb-soul-vinyl-records/4104_4116_7409068"
            ]
        ]
    },
    {
        "title": "One Wish: The Holiday Album",
        "url": "https://www.walmart.com/ip/One-Wish-The-Holiday-Album/455613565",
        "price": "$12.93",
        "stars": 0,
        "ratings": 0,
        "img": "",
        "tags": [
            [
                "All Rock Music",
                "/browse/music/all-rock-music/4104_4118_1458080"
            ],
            [
                "Rock Music: Vinyl Records",
                "/browse/music/rock-music-vinyl-records/4104_4118_2844615"
            ],
            [
                "Christmas Music: Vinyl Records",
                "/browse/music/christmas-music-vinyl-records/4104_1205481_3263819"
            ],
            [
                "General Vinyl Records",
                "/browse/music/general-vinyl-records/4104_1205481_3400726"
            ],
            [
                "All Vinyl Records",
                "/browse/music/all-vinyl-records/4104_1205481_3434427"
            ],
            [
                "Classic Rock Music on CD or Vinyl",
                "/browse/music/classic-rock-music-cd-vinyl/4104_4118_5093"
            ],
            [
                "Pop Music: Vinyl Records",
                "/browse/music/pop-music-vinyl-records/4104_1205481_6204731"
            ]
        ]
    },
    {
        "title": "Playlist: Very Best of",
        "url": "https://www.walmart.com/ip/Playlist-Very-Best-of/49550143",
        "price": "$7.31",
        "stars": 0,
        "ratings": 0,
        "img": "",
        "tags": [
            [
                "Rock Music: Vinyl Records",
                "/browse/music/rock-music-vinyl-records/4104_4118_2844615"
            ],
            [
                "General Vinyl Records",
                "/browse/music/general-vinyl-records/4104_1205481_3400726"
            ],
            [
                "All Vinyl Records",
                "/browse/music/all-vinyl-records/4104_1205481_3434427"
            ],
            [
                "Contemporary R&B / Soul Music: CDs & Vinyl",
                "/browse/music/contemporary-rb-soul-music-cds-vinyl/4104_4116_5084"
            ],
            [
                "Pop Music: Vinyl Records",
                "/browse/music/pop-music-vinyl-records/4104_1205481_6204731"
            ],
            [
                "Toni Braxton",
                "/browse/music/toni-braxton/4104_7075720_5360800_6339716"
            ],
            [
                "R&B and Soul: Vinyl Records",
                "/browse/music/rb-soul-vinyl-records/4104_4116_7409068"
            ]
        ]
    },
    {
        "title": "Southern Gospel Hits of the 90s Volume 1 Daywind Christian Karaoke Style NEW CD+G 6 Songs",
        "url": "https://www.walmart.com/ip/Southern-Gospel-Hits-of-the-90s-Volume-1-Daywind-Christian-Karaoke-Style-NEW-CD-G-6-Songs/561459883",
        "price": "$16.10",
        "stars": 0,
        "ratings": 0,
        "img": "i5.walmartimages.com/asr/bdff7b3a-4941-4207-8d79-277870a34669_1.ba3e3a25287ff12905cbffef9294b14d.jpeg?odnWidth=612&odnHeight=612&odnBg=ffffff",
        "tags": [
            [
                "All Rock Music",
                "/browse/music/all-rock-music/4104_4118_1458080"
            ],
            [
                "All Country Music",
                "/browse/music/all-country-music/4104_4109_4674600"
            ],
            [
                "All R&B / Soul Music",
                "/browse/music/all-rb-soul-music/4104_4116_4920828"
            ],
            [
                "Contemporary Country Music on CD or Vinyl",
                "/browse/music/contemporary-country-music-cd-vinyl/4104_4109_5028"
            ],
            [
                "Adult Contemporary Music on CD or Vinyl",
                "/browse/music/adult-contemporary-music-cd-vinyl/4104_4115_5076"
            ],
            [
                "New Wave Music on CD or Vinyl",
                "/browse/music/new-wave-music-cd-vinyl/4104_4115_5081"
            ],
            [
                "Pop Rock Music on CD or Vinyl",
                "/browse/music/pop-rock-music-cd-vinyl/4104_4115_5096"
            ],
            [
                "All Karaoke Music",
                "/browse/music/all-karaoke-music/4104_136735_5133239"
            ]
        ]
    },
    {
        "title": "Design Of A Decade 1986-1996 (Includes Bonus Tracks) (CD)",
        "url": "https://www.walmart.com/ip/Design-Of-A-Decade-1986-1996-Includes-Bonus-Tracks-CD/672175351",
        "price": "$12.21",
        "stars": 0,
        "ratings": 0,
        "img": "",
        "tags": [
            [
                "General Vinyl Records",
                "/browse/music/general-vinyl-records/4104_1205481_3400726"
            ],
            [
                "All Vinyl Records",
                "/browse/music/all-vinyl-records/4104_1205481_3434427"
            ],
            [
                "Janet Jackson",
                "/browse/music/janet-jackson/4104_7075720_5360800_4985455"
            ],
            [
                "Contemporary R&B / Soul Music: CDs & Vinyl",
                "/browse/music/contemporary-rb-soul-music-cds-vinyl/4104_4116_5084"
            ],
            [
                "Pop Music: Vinyl Records",
                "/browse/music/pop-music-vinyl-records/4104_1205481_6204731"
            ],
            [
                "R&B and Soul: Vinyl Records",
                "/browse/music/rb-soul-vinyl-records/4104_4116_7409068"
            ],
            [
                "Janet Jackson Music on CD or Vinyl",
                "/browse/music/janet-jackson-music-cd-vinyl/4104_6651806_7497328"
            ]
        ]
    },
    {
        "title": "Backstreet Boys",
        "url": "https://www.walmart.com/ip/Backstreet-Boys/928621",
        "price": "$7.25",
        "stars": 0,
        "ratings": 0,
        "img": "",
        "tags": [
            [
                "All Rock Music",
                "/browse/music/all-rock-music/4104_4118_1458080"
            ],
            [
                "Rock Music: Vinyl Records",
                "/browse/music/rock-music-vinyl-records/4104_4118_2844615"
            ],
            [
                "General Vinyl Records",
                "/browse/music/general-vinyl-records/4104_1205481_3400726"
            ],
            [
                "All Vinyl Records",
                "/browse/music/all-vinyl-records/4104_1205481_3434427"
            ],
            [
                "Taylor Swift Music on CD or Vinyl",
                "/browse/music/taylor-swift-music-cd-vinyl/4104_6651806_5178559"
            ],
            [
                "Backstreet Boys",
                "/browse/music/backstreet-boys/4104_7075720_5360800_6092253"
            ],
            [
                "Pop Music: Vinyl Records",
                "/browse/music/pop-music-vinyl-records/4104_1205481_6204731"
            ],
            [
                "All Pop Music",
                "/browse/music/all-pop-music/4104_4115_6683137"
            ]
        ]
    },
    {
        "title": "Bawitdaba - Kid Rock",
        "url": "https://www.walmart.com/ip/Bawitdaba-Kid-Rock/220501056",
        "price": "$16.77",
        "stars": 0,
        "ratings": 0,
        "img": "i5.walmartimages.com/asr/a6257e14-96c8-4980-9d4e-6394027bd374_1.d72b5fc476846e52bd36f35f836fdb1e.jpeg?odnWidth=612&odnHeight=612&odnBg=ffffff",
        "tags": [
            [
                "Rock Music: Vinyl Records",
                "/browse/music/rock-music-vinyl-records/4104_4118_2844615"
            ],
            [
                "General Vinyl Records",
                "/browse/music/general-vinyl-records/4104_1205481_3400726"
            ],
            [
                "All Vinyl Records",
                "/browse/music/all-vinyl-records/4104_1205481_3434427"
            ],
            [
                "Classic Rock Music on CD or Vinyl",
                "/browse/music/classic-rock-music-cd-vinyl/4104_4118_5093"
            ],
            [
                "Pop Music: Vinyl Records",
                "/browse/music/pop-music-vinyl-records/4104_1205481_6204731"
            ],
            [
                "All Pop Music",
                "/browse/music/all-pop-music/4104_4115_6683137"
            ],
            [
                "Queen Music on CD or Vinyl",
                "/browse/music/queen-music-cd-vinyl/4104_6651806_9502498"
            ]
        ]
    },
    {
        "title": "'90s Soul Number Ones [ecopac]",
        "url": "https://www.walmart.com/ip/90s-Soul-Number-Ones-ecopac/5692162",
        "price": "$20.62",
        "stars": 0,
        "ratings": 0,
        "img": "",
        "tags": [
            [
                "Prince Music: CDs & Vinyl Records",
                "/browse/music/prince-music-cds-vinyl-records/4104_4116_1259034"
            ],
            [
                "Prince Music on CD or Vinyl",
                "/browse/music/prince-music-cd-vinyl/4104_6651806_1994345"
            ],
            [
                "General Vinyl Records",
                "/browse/music/general-vinyl-records/4104_1205481_3400726"
            ],
            [
                "All Vinyl Records",
                "/browse/music/all-vinyl-records/4104_1205481_3434427"
            ],
            [
                "All R&B / Soul Music",
                "/browse/music/all-rb-soul-music/4104_4116_4920828"
            ],
            [
                "Pop Music: Vinyl Records",
                "/browse/music/pop-music-vinyl-records/4104_1205481_6204731"
            ],
            [
                "R&B and Soul: Vinyl Records",
                "/browse/music/rb-soul-vinyl-records/4104_4116_7409068"
            ]
        ]
    }
]