[
    {
        "title": "Pinkalicious: The Musical (CD)",
        "url": "https://www.walmart.com/ip/Pinkalicious-The-Musical-CD/186994164",
        "price": "$19.83",
        "stars": 0,
        "ratings": 0,
        "img": "",
        "tags": [
            [
                "Only at Walmart",
                "/browse/only-at-walmart/4104_1228141"
            ],
            [
                "All Rock Music",
                "/browse/music/all-rock-music/4104_4118_1458080"
            ],
            [
                "Walmart Exclusive Vinyl",
                "/browse/music/walmart-exclusive-vinyl/4104_1205481_2564313"
            ],
            [
                "General Vinyl Records",
                "/browse/music/general-vinyl-records/4104_1205481_3400726"
            ],
            [
                "All Vinyl Records",
                "/browse/music/all-vinyl-records/4104_1205481_3434427"
            ],
            [
                "All Children's Music",
                "/browse/music/all-childrens-music/4104_4106_5007"
            ],
            [
                "Film Soundtracks",
                "/browse/music/film-soundtracks/4104_4119_5100"
            ],
            [
                "Soundtracks: Vinyl Records",
                "/browse/music/soundtracks-vinyl-records/4104_1205481_9901623"
            ]
        ]
    },
    {
        "title": "Pirates Bubbles & Llamas",
        "url": "https://www.walmart.com/ip/Pirates-Bubbles-Llamas/28263405",
        "price": "$14.60",
        "stars": 0,
        "ratings": 0,
        "img": "",
        "tags": [
            [
                "Christmas Music",
                "/browse/music/christmas-music/4104_4120_178005"
            ],
            [
                "All Soundtracks",
                "/browse/music/all-soundtracks/4104_4119_3300580"
            ],
            [
                "Children's Religious  Music on CD or Vinyl",
                "/browse/music/childrens-religious-music-cd-vinyl/4104_4106_5010"
            ],
            [
                "Children's Sing-a-Long Music on CD or Vinyl",
                "/browse/music/childrens-sing-a-long-music-cd-vinyl/4104_4106_5012"
            ],
            [
                "Sacred / Religious Music on CD or Vinyl",
                "/browse/music/sacred-religious-music-cd-vinyl/4104_4107_5026"
            ],
            [
                "Pop Rock Music on CD or Vinyl",
                "/browse/music/pop-rock-music-cd-vinyl/4104_4115_5096"
            ],
            [
                "Film Soundtracks",
                "/browse/music/film-soundtracks/4104_4119_5100"
            ],
            [
                "All Karaoke Music",
                "/browse/music/all-karaoke-music/4104_136735_5133239"
            ]
        ]
    },
    {
        "title": "Various Artists - Most Amazing Truck, Train and Plane Songs - CD",
        "url": "https://www.walmart.com/ip/Various-Artists-Most-Amazing-Truck-Train-and-Plane-Songs-CD/113008027",
        "price": "$8.29",
        "stars": 0,
        "ratings": 0,
        "img": "",
        "tags": [
            [
                "Christmas Music",
                "/browse/music/christmas-music/4104_4120_178005"
            ],
            [
                "All Soundtracks",
                "/browse/music/all-soundtracks/4104_4119_3300580"
            ],
            [
                "Children's Religious  Music on CD or Vinyl",
                "/browse/music/childrens-religious-music-cd-vinyl/4104_4106_5010"
            ],
            [
                "Children's Sing-a-Long Music on CD or Vinyl",
                "/browse/music/childrens-sing-a-long-music-cd-vinyl/4104_4106_5012"
            ],
            [
                "Sacred / Religious Music on CD or Vinyl",
                "/browse/music/sacred-religious-music-cd-vinyl/4104_4107_5026"
            ],
            [
                "Pop Rock Music on CD or Vinyl",
                "/browse/music/pop-rock-music-cd-vinyl/4104_4115_5096"
            ],
            [
                "Film Soundtracks",
                "/browse/music/film-soundtracks/4104_4119_5100"
            ],
            [
                "All Karaoke Music",
                "/browse/music/all-karaoke-music/4104_136735_5133239"
            ]
        ]
    },
    {
        "title": "SPIDER-JAZZ / O.S.T. - Spider-Jazz Soundtrack - Vinyl",
        "url": "https://www.walmart.com/ip/SPIDER-JAZZ-O-S-T-Spider-Jazz-Soundtrack-Vinyl/828725873",
        "price": "$23.53",
        "stars": 0,
        "ratings": 0,
        "img": "",
        "tags": [
            [
                "Only at Walmart",
                "/browse/only-at-walmart/4104_1228141"
            ],
            [
                "All Rock Music",
                "/browse/music/all-rock-music/4104_4118_1458080"
            ],
            [
                "Walmart Exclusive Vinyl",
                "/browse/music/walmart-exclusive-vinyl/4104_1205481_2564313"
            ],
            [
                "General Vinyl Records",
                "/browse/music/general-vinyl-records/4104_1205481_3400726"
            ],
            [
                "All Vinyl Records",
                "/browse/music/all-vinyl-records/4104_1205481_3434427"
            ],
            [
                "All Children's Music",
                "/browse/music/all-childrens-music/4104_4106_5007"
            ],
            [
                "Film Soundtracks",
                "/browse/music/film-soundtracks/4104_4119_5100"
            ],
            [
                "Soundtracks: Vinyl Records",
                "/browse/music/soundtracks-vinyl-records/4104_1205481_9901623"
            ]
        ]
    },
    {
        "title": "25 Favorite Lullaby Songs",
        "url": "https://www.walmart.com/ip/25-Favorite-Lullaby-Songs/12510528",
        "price": "$19.02",
        "stars": 0,
        "ratings": 0,
        "img": "",
        "tags": [
            [
                "Christmas Music",
                "/browse/music/christmas-music/4104_4120_178005"
            ],
            [
                "All Soundtracks",
                "/browse/music/all-soundtracks/4104_4119_3300580"
            ],
            [
                "Children's Religious  Music on CD or Vinyl",
                "/browse/music/childrens-religious-music-cd-vinyl/4104_4106_5010"
            ],
            [
                "Children's Sing-a-Long Music on CD or Vinyl",
                "/browse/music/childrens-sing-a-long-music-cd-vinyl/4104_4106_5012"
            ],
            [
                "Sacred / Religious Music on CD or Vinyl",
                "/browse/music/sacred-religious-music-cd-vinyl/4104_4107_5026"
            ],
            [
                "Pop Rock Music on CD or Vinyl",
                "/browse/music/pop-rock-music-cd-vinyl/4104_4115_5096"
            ],
            [
                "All Karaoke Music",
                "/browse/music/all-karaoke-music/4104_136735_5133239"
            ],
            [
                "Children's Music + Lullabies on CD or Vinyl",
                "/browse/music/childrens-music-lullabies-cd-vinyl/4104_4106_61908"
            ]
        ]
    },
    {
        "title": "Welcome to Fred Penner's Place (CD)",
        "url": "https://www.walmart.com/ip/Welcome-to-Fred-Penner-s-Place-CD/28851980",
        "price": "$9.93",
        "stars": 0,
        "ratings": 0,
        "img": "",
        "tags": [
            [
                "Christmas Music",
                "/browse/music/christmas-music/4104_4120_178005"
            ],
            [
                "All Soundtracks",
                "/browse/music/all-soundtracks/4104_4119_3300580"
            ],
            [
                "Children's Religious  Music on CD or Vinyl",
                "/browse/music/childrens-religious-music-cd-vinyl/4104_4106_5010"
            ],
            [
                "Children's Sing-a-Long Music on CD or Vinyl",
                "/browse/music/childrens-sing-a-long-music-cd-vinyl/4104_4106_5012"
            ],
            [
                "Sacred / Religious Music on CD or Vinyl",
                "/browse/music/sacred-religious-music-cd-vinyl/4104_4107_5026"
            ],
            [
                "Pop Rock Music on CD or Vinyl",
                "/browse/music/pop-rock-music-cd-vinyl/4104_4115_5096"
            ],
            [
                "Film Soundtracks",
                "/browse/music/film-soundtracks/4104_4119_5100"
            ],
            [
                "All Karaoke Music",
                "/browse/music/all-karaoke-music/4104_136735_5133239"
            ]
        ]
    },
    {
        "title": "Children's Favorites / Various (CD)",
        "url": "https://www.walmart.com/ip/Children-s-Favorites-Various-CD/851694",
        "price": "$8.89",
        "stars": 0,
        "ratings": 0,
        "img": "",
        "tags": [
            [
                "Christmas Music",
                "/browse/music/christmas-music/4104_4120_178005"
            ],
            [
                "All Soundtracks",
                "/browse/music/all-soundtracks/4104_4119_3300580"
            ],
            [
                "Children's Religious  Music on CD or Vinyl",
                "/browse/music/childrens-religious-music-cd-vinyl/4104_4106_5010"
            ],
            [
                "Children's Sing-a-Long Music on CD or Vinyl",
                "/browse/music/childrens-sing-a-long-music-cd-vinyl/4104_4106_5012"
            ],
            [
                "Sacred / Religious Music on CD or Vinyl",
                "/browse/music/sacred-religious-music-cd-vinyl/4104_4107_5026"
            ],
            [
                "Pop Rock Music on CD or Vinyl",
                "/browse/music/pop-rock-music-cd-vinyl/4104_4115_5096"
            ],
            [
                "Film Soundtracks",
                "/browse/music/film-soundtracks/4104_4119_5100"
            ],
            [
                "All Karaoke Music",
                "/browse/music/all-karaoke-music/4104_136735_5133239"
            ]
        ]
    },
    {
        "title": "Lullaby Renditions Of Led Zeppelin",
        "url": "https://www.walmart.com/ip/Lullaby-Renditions-Of-Led-Zeppelin/55864474",
        "price": "$13.99",
        "stars": 0,
        "ratings": 0,
        "img": "",
        "tags": [
            [
                "Christmas Music",
                "/browse/music/christmas-music/4104_4120_178005"
            ],
            [
                "All Soundtracks",
                "/browse/music/all-soundtracks/4104_4119_3300580"
            ],
            [
                "Children's Religious  Music on CD or Vinyl",
                "/browse/music/childrens-religious-music-cd-vinyl/4104_4106_5010"
            ],
            [
                "Children's Sing-a-Long Music on CD or Vinyl",
                "/browse/music/childrens-sing-a-long-music-cd-vinyl/4104_4106_5012"
            ],
            [
                "Sacred / Religious Music on CD or Vinyl",
                "/browse/music/sacred-religious-music-cd-vinyl/4104_4107_5026"
            ],
            [
                "Pop Rock Music on CD or Vinyl",
                "/browse/music/pop-rock-music-cd-vinyl/4104_4115_5096"
            ],
            [
                "Film Soundtracks",
                "/browse/music/film-soundtracks/4104_4119_5100"
            ],
            [
                "All Karaoke Music",
                "/browse/music/all-karaoke-music/4104_136735_5133239"
            ]
        ]
    },
    {
        "title": "Dan Zanes - Rocket Ship Beach - Vinyl",
        "url": "https://www.walmart.com/ip/Dan-Zanes-Rocket-Ship-Beach-Vinyl/34442143",
        "price": "$16.98",
        "stars": 0,
        "ratings": 0,
        "img": "",
        "tags": [
            [
                "Christmas Music",
                "/browse/music/christmas-music/4104_4120_178005"
            ],
            [
                "All Soundtracks",
                "/browse/music/all-soundtracks/4104_4119_3300580"
            ],
            [
                "Children's Religious  Music on CD or Vinyl",
                "/browse/music/childrens-religious-music-cd-vinyl/4104_4106_5010"
            ],
            [
                "Children's Sing-a-Long Music on CD or Vinyl",
                "/browse/music/childrens-sing-a-long-music-cd-vinyl/4104_4106_5012"
            ],
            [
                "Sacred / Religious Music on CD or Vinyl",
                "/browse/music/sacred-religious-music-cd-vinyl/4104_4107_5026"
            ],
            [
                "Pop Rock Music on CD or Vinyl",
                "/browse/music/pop-rock-music-cd-vinyl/4104_4115_5096"
            ],
            [
                "Film Soundtracks",
                "/browse/music/film-soundtracks/4104_4119_5100"
            ],
            [
                "All Karaoke Music",
                "/browse/music/all-karaoke-music/4104_136735_5133239"
            ]
        ]
    },
    {
        "title": "Nursery Rhymes & Stories 2",
        "url": "https://www.walmart.com/ip/Nursery-Rhymes-Stories-2/34599368",
        "price": "$13.45",
        "stars": 0,
        "ratings": 0,
        "img": "",
        "tags": [
            [
                "Christmas Music",
                "/browse/music/christmas-music/4104_4120_178005"
            ],
            [
                "All Soundtracks",
                "/browse/music/all-soundtracks/4104_4119_3300580"
            ],
            [
                "Children's Religious  Music on CD or Vinyl",
                "/browse/music/childrens-religious-music-cd-vinyl/4104_4106_5010"
            ],
            [
                "Children's Sing-a-Long Music on CD or Vinyl",
                "/browse/music/childrens-sing-a-long-music-cd-vinyl/4104_4106_5012"
            ],
            [
                "Sacred / Religious Music on CD or Vinyl",
                "/browse/music/sacred-religious-music-cd-vinyl/4104_4107_5026"
            ],
            [
                "Pop Rock Music on CD or Vinyl",
                "/browse/music/pop-rock-music-cd-vinyl/4104_4115_5096"
            ],
            [
                "Film Soundtracks",
                "/browse/music/film-soundtracks/4104_4119_5100"
            ],
            [
                "All Karaoke Music",
                "/browse/music/all-karaoke-music/4104_136735_5133239"
            ]
        ]
    }
]