[
    {
        "title": "Chiu Roy - Remember [CD]",
        "url": "https://www.walmart.com/ip/Chiu-Roy-Remember-CD/35304396",
        "price": "$37.99",
        "stars": 0,
        "ratings": 0,
        "img": "",
        "tags": [
            [
                "Music Videos",
                "/browse/music/music-videos/4104_538232_101914"
            ],
            [
                "K-pop Music",
                "/browse/k-pop-music/4104_2703582"
            ],
            [
                "Bob Marley Music on CD or Vinyl",
                "/browse/music/bob-marley-music-cd-vinyl/4104_6651806_4558614"
            ],
            [
                "All Country Music",
                "/browse/music/all-country-music/4104_4109_4674600"
            ],
            [
                "Contemporary Country Music on CD or Vinyl",
                "/browse/music/contemporary-country-music-cd-vinyl/4104_4109_5028"
            ],
            [
                "Reggae",
                "/browse/music/reggae/4104_4124_5122"
            ],
            [
                "All Pop Music",
                "/browse/music/all-pop-music/4104_4115_6683137"
            ],
            [
                "All Folk Music on CD or Vinyl",
                "/browse/music/all-folk-music-cd-vinyl/4104_4111_7795356"
            ]
        ]
    },
    {
        "title": "Dubbing with the Observer (Vinyl)",
        "url": "https://www.walmart.com/ip/Dubbing-with-the-Observer-Vinyl/34438530",
        "price": "$28.15",
        "stars": 0,
        "ratings": 0,
        "img": "",
        "tags": [
            [
                "Rock Music: Vinyl Records",
                "/browse/music/rock-music-vinyl-records/4104_4118_2844615"
            ],
            [
                "General Vinyl Records",
                "/browse/music/general-vinyl-records/4104_1205481_3400726"
            ],
            [
                "All Vinyl Records",
                "/browse/music/all-vinyl-records/4104_1205481_3434427"
            ],
            [
                "All World & Reggae Music",
                "/browse/music/all-world-reggae-music/4104_4124_4296438"
            ],
            [
                "Bob Marley Music on CD or Vinyl",
                "/browse/music/bob-marley-music-cd-vinyl/4104_6651806_4558614"
            ],
            [
                "All R&B / Soul Music",
                "/browse/music/all-rb-soul-music/4104_4116_4920828"
            ],
            [
                "R&B and Soul: Vinyl Records",
                "/browse/music/rb-soul-vinyl-records/4104_4116_7409068"
            ]
        ]
    },
    {
        "title": "Tiziano Ferro - Il Mestiere Della Vita Urban Vs Acoustic - Vinyl",
        "url": "https://www.walmart.com/ip/Tiziano-Ferro-Il-Mestiere-Della-Vita-Urban-Vs-Acoustic-Vinyl/621787273",
        "price": "$23.44",
        "stars": 0,
        "ratings": 0,
        "img": "",
        "tags": [
            [
                "All Rock Music",
                "/browse/music/all-rock-music/4104_4118_1458080"
            ],
            [
                "Rock Music: Vinyl Records",
                "/browse/music/rock-music-vinyl-records/4104_4118_2844615"
            ],
            [
                "All Rap & Hiphop: CDs & Vinyl Records",
                "/browse/music/all-rap-hiphop-cds-vinyl-records/4104_4117_3341000"
            ],
            [
                "All Vinyl Records",
                "/browse/music/all-vinyl-records/4104_1205481_3434427"
            ],
            [
                "Pop Music: Vinyl Records",
                "/browse/music/pop-music-vinyl-records/4104_1205481_6204731"
            ],
            [
                "All Pop Music",
                "/browse/music/all-pop-music/4104_4115_6683137"
            ],
            [
                "Rap Hip-Hop: Vinyl Records",
                "/browse/music/rap-hip-hop-vinyl-records/4104_4117_7766072"
            ]
        ]
    },
    {
        "title": "Clandestino / Bloody Border (Vinyl) (Limited Edition)",
        "url": "https://www.walmart.com/ip/Clandestino-Bloody-Border-Vinyl-Limited-Edition/811448064",
        "price": "$36.06",
        "stars": 0,
        "ratings": 0,
        "img": "",
        "tags": [
            [
                "All Rock Music",
                "/browse/music/all-rock-music/4104_4118_1458080"
            ],
            [
                "Rock Music: Vinyl Records",
                "/browse/music/rock-music-vinyl-records/4104_4118_2844615"
            ],
            [
                "All Rap & Hiphop: CDs & Vinyl Records",
                "/browse/music/all-rap-hiphop-cds-vinyl-records/4104_4117_3341000"
            ],
            [
                "All Vinyl Records",
                "/browse/music/all-vinyl-records/4104_1205481_3434427"
            ],
            [
                "All World & Reggae Music",
                "/browse/music/all-world-reggae-music/4104_4124_4296438"
            ],
            [
                "Pop Music: Vinyl Records",
                "/browse/music/pop-music-vinyl-records/4104_1205481_6204731"
            ],
            [
                "Rap Hip-Hop: Vinyl Records",
                "/browse/music/rap-hip-hop-vinyl-records/4104_4117_7766072"
            ]
        ]
    },
    {
        "title": "Jazz & Standard Complete Collection 1955-66 (CD)",
        "url": "https://www.walmart.com/ip/Jazz-Standard-Complete-Collection-1955-66-CD/198857208",
        "price": "$35.72",
        "stars": 0,
        "ratings": 0,
        "img": "",
        "tags": [
            [
                "Music Videos",
                "/browse/music/music-videos/4104_538232_101914"
            ],
            [
                "K-pop Music",
                "/browse/k-pop-music/4104_2703582"
            ],
            [
                "Bob Marley Music on CD or Vinyl",
                "/browse/music/bob-marley-music-cd-vinyl/4104_6651806_4558614"
            ],
            [
                "All Country Music",
                "/browse/music/all-country-music/4104_4109_4674600"
            ],
            [
                "Contemporary Country Music on CD or Vinyl",
                "/browse/music/contemporary-country-music-cd-vinyl/4104_4109_5028"
            ],
            [
                "Reggae",
                "/browse/music/reggae/4104_4124_5122"
            ],
            [
                "All Pop Music",
                "/browse/music/all-pop-music/4104_4115_6683137"
            ],
            [
                "All Folk Music on CD or Vinyl",
                "/browse/music/all-folk-music-cd-vinyl/4104_4111_7795356"
            ]
        ]
    },
    {
        "title": "Celtic Moods / Various (CD)",
        "url": "https://www.walmart.com/ip/Celtic-Moods-Various-CD/899422589",
        "price": "$8.50",
        "stars": 0,
        "ratings": 0,
        "img": "",
        "tags": [
            [
                "Music Videos",
                "/browse/music/music-videos/4104_538232_101914"
            ],
            [
                "Christmas Music",
                "/browse/music/christmas-music/4104_4120_178005"
            ],
            [
                "All World & Reggae Music",
                "/browse/music/all-world-reggae-music/4104_4124_4296438"
            ],
            [
                "Contemporary Folk Music on CD or Vinyl",
                "/browse/music/contemporary-folk-music-cd-vinyl/4104_4111_5044"
            ],
            [
                "All Folk Music on CD or Vinyl",
                "/browse/music/all-folk-music-cd-vinyl/4104_4111_7795356"
            ]
        ]
    },
    {
        "title": "Live in Anguilla (CD)",
        "url": "https://www.walmart.com/ip/Live-in-Anguilla-CD/7850042",
        "price": "$15.41",
        "stars": 0,
        "ratings": 0,
        "img": "",
        "tags": [
            [
                "All Rock Music",
                "/browse/music/all-rock-music/4104_4118_1458080"
            ],
            [
                "K-pop Music",
                "/browse/k-pop-music/4104_2703582"
            ],
            [
                "Rock Music: Vinyl Records",
                "/browse/music/rock-music-vinyl-records/4104_4118_2844615"
            ],
            [
                "All Vinyl Records",
                "/browse/music/all-vinyl-records/4104_1205481_3434427"
            ],
            [
                "All World & Reggae Music",
                "/browse/music/all-world-reggae-music/4104_4124_4296438"
            ],
            [
                "All Karaoke Music",
                "/browse/music/all-karaoke-music/4104_136735_5133239"
            ],
            [
                "David Bowie Music on CD or Vinyl",
                "/browse/music/david-bowie-music-cd-vinyl/4104_6651806_5383275"
            ],
            [
                "All Pop Music",
                "/browse/music/all-pop-music/4104_4115_6683137"
            ]
        ]
    },
    {
        "title": "Orchestre Poly-Rythmo De Cotonou - Orchestre Poly-Rythmo De Cotonou: Vol. 3-the Skeletal Essences of Voodoo Funk [Vinyl]",
        "url": "https://www.walmart.com/ip/Orchestre-Poly-Rythmo-De-Cotonou-Orchestre-Poly-Rythmo-De-Cotonou-Vol-3-the-Skeletal-Essences-of-Voodoo-Funk-Vinyl/34542441",
        "price": "$33.65",
        "stars": 0,
        "ratings": 0,
        "img": "",
        "tags": [
            [
                "All Rock Music",
                "/browse/music/all-rock-music/4104_4118_1458080"
            ],
            [
                "Rock Music: Vinyl Records",
                "/browse/music/rock-music-vinyl-records/4104_4118_2844615"
            ],
            [
                "All Rap & Hiphop: CDs & Vinyl Records",
                "/browse/music/all-rap-hiphop-cds-vinyl-records/4104_4117_3341000"
            ],
            [
                "All Vinyl Records",
                "/browse/music/all-vinyl-records/4104_1205481_3434427"
            ],
            [
                "Pop Music: Vinyl Records",
                "/browse/music/pop-music-vinyl-records/4104_1205481_6204731"
            ],
            [
                "All Pop Music",
                "/browse/music/all-pop-music/4104_4115_6683137"
            ],
            [
                "Rap Hip-Hop: Vinyl Records",
                "/browse/music/rap-hip-hop-vinyl-records/4104_4117_7766072"
            ]
        ]
    },
    {
        "title": "Hirie - Dreamer - Vinyl",
        "url": "https://www.walmart.com/ip/Hirie-Dreamer-Vinyl/554203642",
        "price": "$19.98",
        "stars": 0,
        "ratings": 0,
        "img": "",
        "tags": [
            [
                "Rock Music: Vinyl Records",
                "/browse/music/rock-music-vinyl-records/4104_4118_2844615"
            ],
            [
                "General Vinyl Records",
                "/browse/music/general-vinyl-records/4104_1205481_3400726"
            ],
            [
                "All Vinyl Records",
                "/browse/music/all-vinyl-records/4104_1205481_3434427"
            ],
            [
                "All World & Reggae Music",
                "/browse/music/all-world-reggae-music/4104_4124_4296438"
            ],
            [
                "Bob Marley Music on CD or Vinyl",
                "/browse/music/bob-marley-music-cd-vinyl/4104_6651806_4558614"
            ],
            [
                "All R&B / Soul Music",
                "/browse/music/all-rb-soul-music/4104_4116_4920828"
            ],
            [
                "R&B and Soul: Vinyl Records",
                "/browse/music/rb-soul-vinyl-records/4104_4116_7409068"
            ]
        ]
    },
    {
        "title": "Na Mele Henoheno",
        "url": "https://www.walmart.com/ip/Na-Mele-Henoheno/1149143",
        "price": "$14.31",
        "stars": 0,
        "ratings": 0,
        "img": "",
        "tags": [
            [
                "Music Videos",
                "/browse/music/music-videos/4104_538232_101914"
            ],
            [
                "K-pop Music",
                "/browse/k-pop-music/4104_2703582"
            ],
            [
                "Bob Marley Music on CD or Vinyl",
                "/browse/music/bob-marley-music-cd-vinyl/4104_6651806_4558614"
            ],
            [
                "All Country Music",
                "/browse/music/all-country-music/4104_4109_4674600"
            ],
            [
                "Contemporary Country Music on CD or Vinyl",
                "/browse/music/contemporary-country-music-cd-vinyl/4104_4109_5028"
            ],
            [
                "Reggae",
                "/browse/music/reggae/4104_4124_5122"
            ],
            [
                "All Pop Music",
                "/browse/music/all-pop-music/4104_4115_6683137"
            ],
            [
                "All Folk Music on CD or Vinyl",
                "/browse/music/all-folk-music-cd-vinyl/4104_4111_7795356"
            ]
        ]
    }
]