[
    {
        "title": "Harder They Come / Various - Vinyl",
        "url": "https://www.walmart.com/ip/Harder-They-Come-Various-Vinyl/558683459",
        "price": "$18.13",
        "stars": 0,
        "ratings": 0,
        "img": "",
        "tags": [
            [
                "Rock Music: Vinyl Records",
                "/browse/music/rock-music-vinyl-records/4104_4118_2844615"
            ],
            [
                "General Vinyl Records",
                "/browse/music/general-vinyl-records/4104_1205481_3400726"
            ],
            [
                "All Vinyl Records",
                "/browse/music/all-vinyl-records/4104_1205481_3434427"
            ],
            [
                "All World & Reggae Music",
                "/browse/music/all-world-reggae-music/4104_4124_4296438"
            ],
            [
                "Bob Marley Music on CD or Vinyl",
                "/browse/music/bob-marley-music-cd-vinyl/4104_6651806_4558614"
            ],
            [
                "All R&B / Soul Music",
                "/browse/music/all-rb-soul-music/4104_4116_4920828"
            ],
            [
                "R&B and Soul: Vinyl Records",
                "/browse/music/rb-soul-vinyl-records/4104_4116_7409068"
            ]
        ]
    },
    {
        "title": "The Very Best Of Eddy Grant: The Road To Reparation (CD)",
        "url": "https://www.walmart.com/ip/The-Very-Best-Of-Eddy-Grant-The-Road-To-Reparation-CD/29497924",
        "price": "$11.71",
        "stars": 0,
        "ratings": 0,
        "img": "",
        "tags": [
            [
                "Rock Music: Vinyl Records",
                "/browse/music/rock-music-vinyl-records/4104_4118_2844615"
            ],
            [
                "General Vinyl Records",
                "/browse/music/general-vinyl-records/4104_1205481_3400726"
            ],
            [
                "All Vinyl Records",
                "/browse/music/all-vinyl-records/4104_1205481_3434427"
            ],
            [
                "All World & Reggae Music",
                "/browse/music/all-world-reggae-music/4104_4124_4296438"
            ],
            [
                "Bob Marley Music on CD or Vinyl",
                "/browse/music/bob-marley-music-cd-vinyl/4104_6651806_4558614"
            ],
            [
                "All R&B / Soul Music",
                "/browse/music/all-rb-soul-music/4104_4116_4920828"
            ],
            [
                "R&B and Soul: Vinyl Records",
                "/browse/music/rb-soul-vinyl-records/4104_4116_7409068"
            ]
        ]
    },
    {
        "title": "Best Philippine Centennial Songs",
        "url": "https://www.walmart.com/ip/Best-Philippine-Centennial-Songs/105799940",
        "price": "$43.00",
        "stars": 0,
        "ratings": 0,
        "img": "",
        "tags": [
            [
                "Music Videos",
                "/browse/music/music-videos/4104_538232_101914"
            ],
            [
                "K-pop Music",
                "/browse/k-pop-music/4104_2703582"
            ],
            [
                "Bob Marley Music on CD or Vinyl",
                "/browse/music/bob-marley-music-cd-vinyl/4104_6651806_4558614"
            ],
            [
                "All Country Music",
                "/browse/music/all-country-music/4104_4109_4674600"
            ],
            [
                "Contemporary Country Music on CD or Vinyl",
                "/browse/music/contemporary-country-music-cd-vinyl/4104_4109_5028"
            ],
            [
                "Reggae",
                "/browse/music/reggae/4104_4124_5122"
            ],
            [
                "All Pop Music",
                "/browse/music/all-pop-music/4104_4115_6683137"
            ],
            [
                "All Folk Music on CD or Vinyl",
                "/browse/music/all-folk-music-cd-vinyl/4104_4111_7795356"
            ]
        ]
    },
    {
        "title": "Decade (CD)",
        "url": "https://www.walmart.com/ip/Decade-CD/193740696",
        "price": "$25.41",
        "stars": 0,
        "ratings": 0,
        "img": "",
        "tags": [
            [
                "Music Videos",
                "/browse/music/music-videos/4104_538232_101914"
            ],
            [
                "K-pop Music",
                "/browse/k-pop-music/4104_2703582"
            ],
            [
                "All Country Music",
                "/browse/music/all-country-music/4104_4109_4674600"
            ],
            [
                "Contemporary Country Music on CD or Vinyl",
                "/browse/music/contemporary-country-music-cd-vinyl/4104_4109_5028"
            ],
            [
                "Celtic",
                "/browse/music/celtic/4104_4124_5120"
            ],
            [
                "Reggae",
                "/browse/music/reggae/4104_4124_5122"
            ],
            [
                "All Pop Music",
                "/browse/music/all-pop-music/4104_4115_6683137"
            ],
            [
                "All Folk Music on CD or Vinyl",
                "/browse/music/all-folk-music-cd-vinyl/4104_4111_7795356"
            ]
        ]
    },
    {
        "title": "Bob Marley - Natty Dread - Vinyl",
        "url": "https://www.walmart.com/ip/Bob-Marley-Natty-Dread-Vinyl/54514788",
        "price": "$22.45",
        "stars": 0,
        "ratings": 0,
        "img": "",
        "tags": [
            [
                "Rock Music: Vinyl Records",
                "/browse/music/rock-music-vinyl-records/4104_4118_2844615"
            ],
            [
                "General Vinyl Records",
                "/browse/music/general-vinyl-records/4104_1205481_3400726"
            ],
            [
                "All Vinyl Records",
                "/browse/music/all-vinyl-records/4104_1205481_3434427"
            ],
            [
                "All World & Reggae Music",
                "/browse/music/all-world-reggae-music/4104_4124_4296438"
            ],
            [
                "Bob Marley Music on CD or Vinyl",
                "/browse/music/bob-marley-music-cd-vinyl/4104_6651806_4558614"
            ],
            [
                "All R&B / Soul Music",
                "/browse/music/all-rb-soul-music/4104_4116_4920828"
            ],
            [
                "R&B and Soul: Vinyl Records",
                "/browse/music/rb-soul-vinyl-records/4104_4116_7409068"
            ]
        ]
    },
    {
        "title": "So Far...the Best Of Sinead O'connor (CD)",
        "url": "https://www.walmart.com/ip/So-Far-the-Best-Of-Sinead-O-connor-CD/29215918",
        "price": "$16.01",
        "stars": 0,
        "ratings": 0,
        "img": "",
        "tags": [
            [
                "Music Videos",
                "/browse/music/music-videos/4104_538232_101914"
            ],
            [
                "K-pop Music",
                "/browse/k-pop-music/4104_2703582"
            ],
            [
                "Bob Marley Music on CD or Vinyl",
                "/browse/music/bob-marley-music-cd-vinyl/4104_6651806_4558614"
            ],
            [
                "All Country Music",
                "/browse/music/all-country-music/4104_4109_4674600"
            ],
            [
                "Contemporary Country Music on CD or Vinyl",
                "/browse/music/contemporary-country-music-cd-vinyl/4104_4109_5028"
            ],
            [
                "Reggae",
                "/browse/music/reggae/4104_4124_5122"
            ],
            [
                "All Pop Music",
                "/browse/music/all-pop-music/4104_4115_6683137"
            ],
            [
                "All Folk Music on CD or Vinyl",
                "/browse/music/all-folk-music-cd-vinyl/4104_4111_7795356"
            ]
        ]
    },
    {
        "title": "Emerald: Musical Gems (CD)",
        "url": "https://www.walmart.com/ip/Emerald-Musical-Gems-CD/34608046",
        "price": "$12.86",
        "stars": "4.8",
        "ratings": "4 ",
        "img": "",
        "tags": [
            [
                "Music Videos",
                "/browse/music/music-videos/4104_538232_101914"
            ],
            [
                "Christmas Music",
                "/browse/music/christmas-music/4104_4120_178005"
            ],
            [
                "All World & Reggae Music",
                "/browse/music/all-world-reggae-music/4104_4124_4296438"
            ],
            [
                "Contemporary Folk Music on CD or Vinyl",
                "/browse/music/contemporary-folk-music-cd-vinyl/4104_4111_5044"
            ],
            [
                "All Folk Music on CD or Vinyl",
                "/browse/music/all-folk-music-cd-vinyl/4104_4111_7795356"
            ]
        ]
    },
    {
        "title": "Re: Blackpink (CD)",
        "url": "https://www.walmart.com/ip/Re-Blackpink-CD/623373912",
        "price": "$29.63",
        "stars": 0,
        "ratings": 0,
        "img": "",
        "tags": [
            [
                "Music Videos",
                "/browse/music/music-videos/4104_538232_101914"
            ],
            [
                "New Release Music",
                "/browse/new-release-music/4104_2632808"
            ],
            [
                "K-pop Music",
                "/browse/k-pop-music/4104_2703582"
            ],
            [
                "All Country Music",
                "/browse/music/all-country-music/4104_4109_4674600"
            ],
            [
                "Contemporary Country Music on CD or Vinyl",
                "/browse/music/contemporary-country-music-cd-vinyl/4104_4109_5028"
            ],
            [
                "Reggae",
                "/browse/music/reggae/4104_4124_5122"
            ],
            [
                "All Pop Music",
                "/browse/music/all-pop-music/4104_4115_6683137"
            ],
            [
                "All Folk Music on CD or Vinyl",
                "/browse/music/all-folk-music-cd-vinyl/4104_4111_7795356"
            ]
        ]
    },
    {
        "title": "Nashville: Season 5 Volume 3 Soundtrack (CD)",
        "url": "https://www.walmart.com/ip/Nashville-Season-5-Volume-3-Soundtrack-CD/56061811",
        "price": "$12.43",
        "stars": 0,
        "ratings": 0,
        "img": "",
        "tags": [
            [
                "Only at Walmart",
                "/browse/only-at-walmart/4104_1228141"
            ],
            [
                "All Rock Music",
                "/browse/music/all-rock-music/4104_4118_1458080"
            ],
            [
                "Walmart Exclusive Vinyl",
                "/browse/music/walmart-exclusive-vinyl/4104_1205481_2564313"
            ],
            [
                "General Vinyl Records",
                "/browse/music/general-vinyl-records/4104_1205481_3400726"
            ],
            [
                "All Vinyl Records",
                "/browse/music/all-vinyl-records/4104_1205481_3434427"
            ],
            [
                "All Children's Music",
                "/browse/music/all-childrens-music/4104_4106_5007"
            ],
            [
                "Film Soundtracks",
                "/browse/music/film-soundtracks/4104_4119_5100"
            ],
            [
                "Soundtracks: Vinyl Records",
                "/browse/music/soundtracks-vinyl-records/4104_1205481_9901623"
            ]
        ]
    },
    {
        "title": "Fela Kuti - He Miss Road - Vinyl",
        "url": "https://www.walmart.com/ip/Fela-Kuti-He-Miss-Road-Vinyl/37873483",
        "price": "$19.99",
        "stars": 0,
        "ratings": 0,
        "img": "",
        "tags": [
            [
                "All Rock Music",
                "/browse/music/all-rock-music/4104_4118_1458080"
            ],
            [
                "Rock Music: Vinyl Records",
                "/browse/music/rock-music-vinyl-records/4104_4118_2844615"
            ],
            [
                "All Rap & Hiphop: CDs & Vinyl Records",
                "/browse/music/all-rap-hiphop-cds-vinyl-records/4104_4117_3341000"
            ],
            [
                "All Vinyl Records",
                "/browse/music/all-vinyl-records/4104_1205481_3434427"
            ],
            [
                "Pop Music: Vinyl Records",
                "/browse/music/pop-music-vinyl-records/4104_1205481_6204731"
            ],
            [
                "All Pop Music",
                "/browse/music/all-pop-music/4104_4115_6683137"
            ],
            [
                "Rap Hip-Hop: Vinyl Records",
                "/browse/music/rap-hip-hop-vinyl-records/4104_4117_7766072"
            ]
        ]
    }
]