[
    {
        "title": "Forever 90s",
        "url": "https://www.walmart.com/ip/Forever-90s/3765708",
        "price": "$16.79",
        "stars": "5.0",
        "ratings": "1 ",
        "img": "",
        "tags": [
            [
                "All Rock Music",
                "/browse/music/all-rock-music/4104_4118_1458080"
            ],
            [
                "All Vinyl Records",
                "/browse/music/all-vinyl-records/4104_1205481_3434427"
            ],
            [
                "Opera & Vocal Music on CD or Vinyl",
                "/browse/music/opera-vocal-music-cd-vinyl/4104_4108_5025"
            ],
            [
                "Adult Contemporary Music on CD or Vinyl",
                "/browse/music/adult-contemporary-music-cd-vinyl/4104_4115_5076"
            ],
            [
                "Taylor Swift Music on CD or Vinyl",
                "/browse/music/taylor-swift-music-cd-vinyl/4104_6651806_5178559"
            ],
            [
                "Pop Music: Vinyl Records",
                "/browse/music/pop-music-vinyl-records/4104_1205481_6204731"
            ],
            [
                "All Pop Music",
                "/browse/music/all-pop-music/4104_4115_6683137"
            ],
            [
                "All 90s Music",
                "/browse/music/all-90s-music/4104_7075720_8051418"
            ]
        ]
    },
    {
        "title": "Control: The Remixes (CD)",
        "url": "https://www.walmart.com/ip/Control-The-Remixes-CD/811219556",
        "price": "$14.62",
        "stars": 0,
        "ratings": 0,
        "img": "",
        "tags": [
            [
                "General Vinyl Records",
                "/browse/music/general-vinyl-records/4104_1205481_3400726"
            ],
            [
                "All Vinyl Records",
                "/browse/music/all-vinyl-records/4104_1205481_3434427"
            ],
            [
                "Janet Jackson",
                "/browse/music/janet-jackson/4104_7075720_5360800_4985455"
            ],
            [
                "Contemporary R&B / Soul Music: CDs & Vinyl",
                "/browse/music/contemporary-rb-soul-music-cds-vinyl/4104_4116_5084"
            ],
            [
                "Pop Music: Vinyl Records",
                "/browse/music/pop-music-vinyl-records/4104_1205481_6204731"
            ],
            [
                "R&B and Soul: Vinyl Records",
                "/browse/music/rb-soul-vinyl-records/4104_4116_7409068"
            ],
            [
                "Janet Jackson Music on CD or Vinyl",
                "/browse/music/janet-jackson-music-cd-vinyl/4104_6651806_7497328"
            ]
        ]
    },
    {
        "title": "Live on Ten Legs (CD)",
        "url": "https://www.walmart.com/ip/Live-on-Ten-Legs-CD/29597724",
        "price": "$9.66",
        "stars": 0,
        "ratings": 0,
        "img": "",
        "tags": [
            [
                "All Rock Music",
                "/browse/music/all-rock-music/4104_4118_1458080"
            ],
            [
                "Rock Music: Vinyl Records",
                "/browse/music/rock-music-vinyl-records/4104_4118_2844615"
            ],
            [
                "General Vinyl Records",
                "/browse/music/general-vinyl-records/4104_1205481_3400726"
            ],
            [
                "All Vinyl Records",
                "/browse/music/all-vinyl-records/4104_1205481_3434427"
            ],
            [
                "Classic Rock Music on CD or Vinyl",
                "/browse/music/classic-rock-music-cd-vinyl/4104_4118_5093"
            ],
            [
                "Pop Music: Vinyl Records",
                "/browse/music/pop-music-vinyl-records/4104_1205481_6204731"
            ],
            [
                "All Pop Music",
                "/browse/music/all-pop-music/4104_4115_6683137"
            ]
        ]
    },
    {
        "title": "Unbreakable",
        "url": "https://www.walmart.com/ip/Unbreakable/46258951",
        "price": "$28.23",
        "stars": 0,
        "ratings": 0,
        "img": "",
        "tags": [
            [
                "Madonna",
                "/browse/music/madonna/4104_7075720_5360800_1806691"
            ],
            [
                "All R&B / Soul Music",
                "/browse/music/all-rb-soul-music/4104_4116_4920828"
            ],
            [
                "Electronica",
                "/browse/music/electronica/4104_4110_5037"
            ],
            [
                "Pop Rock Music on CD or Vinyl",
                "/browse/music/pop-rock-music-cd-vinyl/4104_4115_5096"
            ],
            [
                "Pop Music: Vinyl Records",
                "/browse/music/pop-music-vinyl-records/4104_1205481_6204731"
            ],
            [
                "Mariah Carey Music on CD or Vinyl",
                "/browse/music/mariah-carey-music-cd-vinyl/4104_6651806_6687546"
            ],
            [
                "R&B and Soul: Vinyl Records",
                "/browse/music/rb-soul-vinyl-records/4104_4116_7409068"
            ],
            [
                "Janet Jackson Music on CD or Vinyl",
                "/browse/music/janet-jackson-music-cd-vinyl/4104_6651806_7497328"
            ]
        ]
    },
    {
        "title": "Daydream",
        "url": "https://www.walmart.com/ip/Daydream/151815329",
        "price": "$10.29",
        "stars": 0,
        "ratings": 0,
        "img": "",
        "tags": [
            [
                "Madonna",
                "/browse/music/madonna/4104_7075720_5360800_1806691"
            ],
            [
                "Janet Jackson",
                "/browse/music/janet-jackson/4104_7075720_5360800_4985455"
            ],
            [
                "Opera & Vocal Music on CD or Vinyl",
                "/browse/music/opera-vocal-music-cd-vinyl/4104_4108_5025"
            ],
            [
                "Electronica",
                "/browse/music/electronica/4104_4110_5037"
            ],
            [
                "Pop Music: Vinyl Records",
                "/browse/music/pop-music-vinyl-records/4104_1205481_6204731"
            ],
            [
                "Mariah Carey Music on CD or Vinyl",
                "/browse/music/mariah-carey-music-cd-vinyl/4104_6651806_6687546"
            ],
            [
                "R&B and Soul: Vinyl Records",
                "/browse/music/rb-soul-vinyl-records/4104_4116_7409068"
            ],
            [
                "Janet Jackson Music on CD or Vinyl",
                "/browse/music/janet-jackson-music-cd-vinyl/4104_6651806_7497328"
            ]
        ]
    },
    {
        "title": "Pearl Jam - Given To Fly / Pilate & Leatherman - Vinyl (7-Inch)",
        "url": "https://www.walmart.com/ip/Pearl-Jam-Given-To-Fly-Pilate-Leatherman-Vinyl-7-Inch/55192699",
        "price": "$9.20",
        "stars": 0,
        "ratings": 0,
        "img": "",
        "tags": [
            [
                "All Rock Music",
                "/browse/music/all-rock-music/4104_4118_1458080"
            ],
            [
                "General Vinyl Records",
                "/browse/music/general-vinyl-records/4104_1205481_3400726"
            ],
            [
                "All Vinyl Records",
                "/browse/music/all-vinyl-records/4104_1205481_3434427"
            ],
            [
                "Classic Rock Music on CD or Vinyl",
                "/browse/music/classic-rock-music-cd-vinyl/4104_4118_5093"
            ],
            [
                "Pop Music: Vinyl Records",
                "/browse/music/pop-music-vinyl-records/4104_1205481_6204731"
            ],
            [
                "All Pop Music",
                "/browse/music/all-pop-music/4104_4115_6683137"
            ],
            [
                "Pearl Jam",
                "/browse/music/pearl-jam/4104_7075720_5360800_7419679"
            ]
        ]
    },
    {
        "title": "Strictly 4 My Niggaz (explicit)",
        "url": "https://www.walmart.com/ip/Strictly-4-My-Niggaz-explicit/55692034",
        "price": "$10.33",
        "stars": "5.0",
        "ratings": "1 ",
        "img": "",
        "tags": [
            [
                "All Rap & Hiphop: CDs & Vinyl Records",
                "/browse/music/all-rap-hiphop-cds-vinyl-records/4104_4117_3341000"
            ],
            [
                "General Vinyl Records",
                "/browse/music/general-vinyl-records/4104_1205481_3400726"
            ],
            [
                "All Vinyl Records",
                "/browse/music/all-vinyl-records/4104_1205481_3434427"
            ],
            [
                "All R&B / Soul Music",
                "/browse/music/all-rb-soul-music/4104_4116_4920828"
            ],
            [
                "Mainstream Rap & Hip-Hop: CDs & Vinyl Records",
                "/browse/music/mainstream-rap-hip-hop-cds-vinyl-records/4104_4117_5088"
            ],
            [
                "The Notorious BIG",
                "/browse/music/the-notorious-big/4104_7075720_5360800_6948017"
            ],
            [
                "R&B and Soul: Vinyl Records",
                "/browse/music/rb-soul-vinyl-records/4104_4116_7409068"
            ],
            [
                "Rap Hip-Hop: Vinyl Records",
                "/browse/music/rap-hip-hop-vinyl-records/4104_4117_7766072"
            ]
        ]
    },
    {
        "title": "Nirvana - Incesticide [CD]",
        "url": "https://www.walmart.com/ip/Nirvana-Incesticide-CD/29597508",
        "price": "$23.66",
        "stars": 0,
        "ratings": 0,
        "img": "",
        "tags": [
            [
                "All Rock Music",
                "/browse/music/all-rock-music/4104_4118_1458080"
            ],
            [
                "Rock Music: Vinyl Records",
                "/browse/music/rock-music-vinyl-records/4104_4118_2844615"
            ],
            [
                "General Vinyl Records",
                "/browse/music/general-vinyl-records/4104_1205481_3400726"
            ],
            [
                "All Vinyl Records",
                "/browse/music/all-vinyl-records/4104_1205481_3434427"
            ],
            [
                "Punk Rock Music on CD or Vinyl",
                "/browse/music/punk-rock-music-cd-vinyl/4104_4118_5097"
            ],
            [
                "Pop Music: Vinyl Records",
                "/browse/music/pop-music-vinyl-records/4104_1205481_6204731"
            ],
            [
                "All Pop Music",
                "/browse/music/all-pop-music/4104_4115_6683137"
            ]
        ]
    },
    {
        "title": "New Day Has Come",
        "url": "https://www.walmart.com/ip/New-Day-Has-Come/55867405",
        "price": "$13.49",
        "stars": 0,
        "ratings": 0,
        "img": "",
        "tags": [
            [
                "Only at Walmart",
                "/browse/only-at-walmart/4104_1228141"
            ],
            [
                "Walmart Exclusive Vinyl",
                "/browse/music/walmart-exclusive-vinyl/4104_1205481_2564313"
            ],
            [
                "General Vinyl Records",
                "/browse/music/general-vinyl-records/4104_1205481_3400726"
            ],
            [
                "All Vinyl Records",
                "/browse/music/all-vinyl-records/4104_1205481_3434427"
            ],
            [
                "Shawn Mendes Music on CD or Vinyl",
                "/browse/music/shawn-mendes-music-cd-vinyl/4104_6651806_4581407"
            ],
            [
                "Pop Rock Music on CD or Vinyl",
                "/browse/music/pop-rock-music-cd-vinyl/4104_4115_5096"
            ],
            [
                "Celine Dion",
                "/browse/music/celine-dion/4104_7075720_5360800_6077838"
            ],
            [
                "Frank Sinatra Music on CD or Vinyl",
                "/browse/music/frank-sinatra-music-cd-vinyl/4104_6651806_6690357"
            ]
        ]
    },
    {
        "title": "One Heart (CD)",
        "url": "https://www.walmart.com/ip/One-Heart-CD/877651515",
        "price": "$10.76",
        "stars": 0,
        "ratings": 0,
        "img": "",
        "tags": [
            [
                "Rock Music: Vinyl Records",
                "/browse/music/rock-music-vinyl-records/4104_4118_2844615"
            ],
            [
                "General Vinyl Records",
                "/browse/music/general-vinyl-records/4104_1205481_3400726"
            ],
            [
                "All Vinyl Records",
                "/browse/music/all-vinyl-records/4104_1205481_3434427"
            ],
            [
                "Classic Rock Music on CD or Vinyl",
                "/browse/music/classic-rock-music-cd-vinyl/4104_4118_5093"
            ],
            [
                "Pop Music: Vinyl Records",
                "/browse/music/pop-music-vinyl-records/4104_1205481_6204731"
            ],
            [
                "All Pop Music",
                "/browse/music/all-pop-music/4104_4115_6683137"
            ],
            [
                "Queen Music on CD or Vinyl",
                "/browse/music/queen-music-cd-vinyl/4104_6651806_9502498"
            ]
        ]
    }
]