[
    {
        "title": "YOU'RE BEAUTIFUL, VOL. 2 [886972221526]",
        "url": "https://www.walmart.com/ip/YOU-RE-BEAUTIFUL-VOL-2-886972221526/980089275",
        "price": "$6.47",
        "stars": 0,
        "ratings": 0,
        "img": "",
        "tags": [
            [
                "Christmas Music",
                "/browse/music/christmas-music/4104_4120_178005"
            ],
            [
                "Blake Shelton Music on CD or Vinyl",
                "/browse/music/blake-shelton-music-cd-vinyl/4104_6651806_2771668"
            ],
            [
                "All Country Music",
                "/browse/music/all-country-music/4104_4109_4674600"
            ],
            [
                "Opera & Vocal Music on CD or Vinyl",
                "/browse/music/opera-vocal-music-cd-vinyl/4104_4108_5025"
            ],
            [
                "Contemporary Country Music on CD or Vinyl",
                "/browse/music/contemporary-country-music-cd-vinyl/4104_4109_5028"
            ],
            [
                "Electronica",
                "/browse/music/electronica/4104_4110_5037"
            ],
            [
                "Pop Rock Music on CD or Vinyl",
                "/browse/music/pop-rock-music-cd-vinyl/4104_4115_5096"
            ],
            [
                "Taylor Swift Music on CD or Vinyl",
                "/browse/music/taylor-swift-music-cd-vinyl/4104_6651806_5178559"
            ]
        ]
    },
    {
        "title": "STRANGE HIP HOP",
        "url": "https://www.walmart.com/ip/STRANGE-HIP-HOP/152897364",
        "price": "$10.67",
        "stars": 0,
        "ratings": 0,
        "img": "",
        "tags": [
            [
                "Kanye West Music on CD or Vinyl",
                "/browse/music/kanye-west-music-cd-vinyl/4104_6651806_1676193"
            ],
            [
                "All Rap & Hiphop: CDs & Vinyl Records",
                "/browse/music/all-rap-hiphop-cds-vinyl-records/4104_4117_3341000"
            ],
            [
                "General Vinyl Records",
                "/browse/music/general-vinyl-records/4104_1205481_3400726"
            ],
            [
                "All Vinyl Records",
                "/browse/music/all-vinyl-records/4104_1205481_3434427"
            ],
            [
                "Mainstream Rap & Hip-Hop: CDs & Vinyl Records",
                "/browse/music/mainstream-rap-hip-hop-cds-vinyl-records/4104_4117_5088"
            ],
            [
                "All Pop Music",
                "/browse/music/all-pop-music/4104_4115_6683137"
            ],
            [
                "Rap Hip-Hop: Vinyl Records",
                "/browse/music/rap-hip-hop-vinyl-records/4104_4117_7766072"
            ]
        ]
    },
    {
        "title": "HOLLYWOOD ROCK FESTIVAL 1993",
        "url": "https://www.walmart.com/ip/HOLLYWOOD-ROCK-FESTIVAL-1993/168137902",
        "price": "$34.00",
        "stars": 0,
        "ratings": 0,
        "img": "",
        "tags": [
            [
                "All Rock Music",
                "/browse/music/all-rock-music/4104_4118_1458080"
            ],
            [
                "Rock Music: Vinyl Records",
                "/browse/music/rock-music-vinyl-records/4104_4118_2844615"
            ],
            [
                "General Vinyl Records",
                "/browse/music/general-vinyl-records/4104_1205481_3400726"
            ],
            [
                "All Vinyl Records",
                "/browse/music/all-vinyl-records/4104_1205481_3434427"
            ],
            [
                "Punk Rock Music on CD or Vinyl",
                "/browse/music/punk-rock-music-cd-vinyl/4104_4118_5097"
            ],
            [
                "Pop Music: Vinyl Records",
                "/browse/music/pop-music-vinyl-records/4104_1205481_6204731"
            ],
            [
                "All Pop Music",
                "/browse/music/all-pop-music/4104_4115_6683137"
            ]
        ]
    },
    {
        "title": "#1 Country Hits of the '90s",
        "url": "https://www.walmart.com/ip/1-Country-Hits-of-the-90s/390476850",
        "price": "$47.00",
        "stars": 0,
        "ratings": 0,
        "img": "",
        "tags": [
            [
                "All Rock Music",
                "/browse/music/all-rock-music/4104_4118_1458080"
            ],
            [
                "All Country Music",
                "/browse/music/all-country-music/4104_4109_4674600"
            ],
            [
                "All R&B / Soul Music",
                "/browse/music/all-rb-soul-music/4104_4116_4920828"
            ],
            [
                "Contemporary Country Music on CD or Vinyl",
                "/browse/music/contemporary-country-music-cd-vinyl/4104_4109_5028"
            ],
            [
                "Adult Contemporary Music on CD or Vinyl",
                "/browse/music/adult-contemporary-music-cd-vinyl/4104_4115_5076"
            ],
            [
                "New Wave Music on CD or Vinyl",
                "/browse/music/new-wave-music-cd-vinyl/4104_4115_5081"
            ],
            [
                "Pop Rock Music on CD or Vinyl",
                "/browse/music/pop-rock-music-cd-vinyl/4104_4115_5096"
            ],
            [
                "All Karaoke Music",
                "/browse/music/all-karaoke-music/4104_136735_5133239"
            ]
        ]
    },
    {
        "title": "Hal Leonard 90s Rock Party (Medley) ShowTrax CD Arranged by Kirby Shaw",
        "url": "https://www.walmart.com/ip/Hal-Leonard-90s-Rock-Party-Medley-ShowTrax-CD-Arranged-by-Kirby-Shaw/897338165",
        "price": "$54.99",
        "stars": 0,
        "ratings": 0,
        "img": "i5.walmartimages.com/asr/2b8792e0-14ce-4784-93af-5528ad400c51_1.bb0151f0c98464d6a12bd7bdd472fc5d.jpeg?odnWidth=612&odnHeight=612&odnBg=ffffff",
        "tags": [
            [
                "All Rock Music",
                "/browse/music/all-rock-music/4104_4118_1458080"
            ],
            [
                "All Country Music",
                "/browse/music/all-country-music/4104_4109_4674600"
            ],
            [
                "All R&B / Soul Music",
                "/browse/music/all-rb-soul-music/4104_4116_4920828"
            ],
            [
                "Contemporary Country Music on CD or Vinyl",
                "/browse/music/contemporary-country-music-cd-vinyl/4104_4109_5028"
            ],
            [
                "Adult Contemporary Music on CD or Vinyl",
                "/browse/music/adult-contemporary-music-cd-vinyl/4104_4115_5076"
            ],
            [
                "New Wave Music on CD or Vinyl",
                "/browse/music/new-wave-music-cd-vinyl/4104_4115_5081"
            ],
            [
                "Pop Rock Music on CD or Vinyl",
                "/browse/music/pop-rock-music-cd-vinyl/4104_4115_5096"
            ],
            [
                "All Karaoke Music",
                "/browse/music/all-karaoke-music/4104_136735_5133239"
            ]
        ]
    },
    {
        "title": "2B90SK QD SHEAVE A/B SECTION 2 GROOVE FACTORY NEW!",
        "url": "https://www.walmart.com/ip/2B90SK-QD-SHEAVE-A-B-SECTION-2-GROOVE-FACTORY-NEW/623842928",
        "price": "$102.00",
        "stars": 0,
        "ratings": 0,
        "img": "",
        "tags": [
            [
                "All Rock Music",
                "/browse/music/all-rock-music/4104_4118_1458080"
            ],
            [
                "All Country Music",
                "/browse/music/all-country-music/4104_4109_4674600"
            ],
            [
                "All R&B / Soul Music",
                "/browse/music/all-rb-soul-music/4104_4116_4920828"
            ],
            [
                "Contemporary Country Music on CD or Vinyl",
                "/browse/music/contemporary-country-music-cd-vinyl/4104_4109_5028"
            ],
            [
                "Adult Contemporary Music on CD or Vinyl",
                "/browse/music/adult-contemporary-music-cd-vinyl/4104_4115_5076"
            ],
            [
                "New Wave Music on CD or Vinyl",
                "/browse/music/new-wave-music-cd-vinyl/4104_4115_5081"
            ],
            [
                "Pop Rock Music on CD or Vinyl",
                "/browse/music/pop-rock-music-cd-vinyl/4104_4115_5096"
            ],
            [
                "All Karaoke Music",
                "/browse/music/all-karaoke-music/4104_136735_5133239"
            ]
        ]
    },
    {
        "title": "NEW POWER TRIM & TILT HYDRAULIC SYSTEM FITS JOHNSON 1998 J90E 99-01 J90P 98-00 J90S",
        "url": "https://www.walmart.com/ip/NEW-POWER-TRIM-TILT-HYDRAULIC-SYSTEM-FITS-JOHNSON-1998-J90E-99-01-J90P-98-00-J90S/181070888",
        "price": "$1088.00",
        "stars": 0,
        "ratings": 0,
        "img": "i5.walmartimages.com/asr/b04f107f-ffe6-40e0-81f8-46e0ee1cec7a_1.7d7b52a5999683c81a9fdd9a1df8b4b6.jpeg?odnWidth=612&odnHeight=612&odnBg=ffffff",
        "tags": [
            [
                "All Rock Music",
                "/browse/music/all-rock-music/4104_4118_1458080"
            ],
            [
                "All Country Music",
                "/browse/music/all-country-music/4104_4109_4674600"
            ],
            [
                "All R&B / Soul Music",
                "/browse/music/all-rb-soul-music/4104_4116_4920828"
            ],
            [
                "Contemporary Country Music on CD or Vinyl",
                "/browse/music/contemporary-country-music-cd-vinyl/4104_4109_5028"
            ],
            [
                "Adult Contemporary Music on CD or Vinyl",
                "/browse/music/adult-contemporary-music-cd-vinyl/4104_4115_5076"
            ],
            [
                "New Wave Music on CD or Vinyl",
                "/browse/music/new-wave-music-cd-vinyl/4104_4115_5081"
            ],
            [
                "Pop Rock Music on CD or Vinyl",
                "/browse/music/pop-rock-music-cd-vinyl/4104_4115_5096"
            ],
            [
                "All Karaoke Music",
                "/browse/music/all-karaoke-music/4104_136735_5133239"
            ]
        ]
    },
    {
        "title": "Kid Rock - Devil Without A Cause (clean) - CD",
        "url": "https://www.walmart.com/ip/Kid-Rock-Devil-Without-A-Cause-clean-CD/862040",
        "price": "$10.26",
        "stars": "5.0",
        "ratings": "3 ",
        "img": "",
        "tags": [
            [
                "Rock Music: Vinyl Records",
                "/browse/music/rock-music-vinyl-records/4104_4118_2844615"
            ],
            [
                "General Vinyl Records",
                "/browse/music/general-vinyl-records/4104_1205481_3400726"
            ],
            [
                "All Vinyl Records",
                "/browse/music/all-vinyl-records/4104_1205481_3434427"
            ],
            [
                "All Blues Music on CD or Vinyl",
                "/browse/music/all-blues-music-cd-vinyl/4104_4105_4763269"
            ],
            [
                "Classic Rock Music on CD or Vinyl",
                "/browse/music/classic-rock-music-cd-vinyl/4104_4118_5093"
            ],
            [
                "Pop Music: Vinyl Records",
                "/browse/music/pop-music-vinyl-records/4104_1205481_6204731"
            ],
            [
                "All Pop Music",
                "/browse/music/all-pop-music/4104_4115_6683137"
            ]
        ]
    },
    {
        "title": "Backstreet Boys - Playlist: Very Best of - CD",
        "url": "https://www.walmart.com/ip/Backstreet-Boys-Playlist-Very-Best-of-CD/49550167",
        "price": "$5.00",
        "stars": "5.0",
        "ratings": "1 ",
        "img": "",
        "tags": [
            [
                "Britney Spears Music on CD or Vinyl",
                "/browse/music/britney-spears-music-cd-vinyl/4104_6651806_4080735"
            ],
            [
                "Opera & Vocal Music on CD or Vinyl",
                "/browse/music/opera-vocal-music-cd-vinyl/4104_4108_5025"
            ],
            [
                "Dance Pop",
                "/browse/music/dance-pop/4104_4110_5034"
            ],
            [
                "Dance Pop Music on CD or Vinyl",
                "/browse/music/dance-pop-music-cd-vinyl/4104_4115_5077"
            ],
            [
                "Pop Rock Music on CD or Vinyl",
                "/browse/music/pop-rock-music-cd-vinyl/4104_4115_5096"
            ],
            [
                "NSYNC",
                "/browse/music/nsync/4104_7075720_5360800_5663291"
            ],
            [
                "All Dance / DJ Music",
                "/browse/music/all-dance-dj-music/4104_4110_8454336"
            ],
            [
                "New Kids On The Block",
                "/browse/music/new-kids-on-the-block/4104_7075720_5360800_9819634"
            ]
        ]
    },
    {
        "title": "Boyz II Men - Christmas Collection: 20th Century Masters - CD",
        "url": "https://www.walmart.com/ip/Boyz-II-Men-Christmas-Collection-20th-Century-Masters-CD/2385406",
        "price": "$8.12",
        "stars": 0,
        "ratings": 0,
        "img": "",
        "tags": [
            [
                "All Rock Music",
                "/browse/music/all-rock-music/4104_4118_1458080"
            ],
            [
                "Rock Music: Vinyl Records",
                "/browse/music/rock-music-vinyl-records/4104_4118_2844615"
            ],
            [
                "Christmas Music: Vinyl Records",
                "/browse/music/christmas-music-vinyl-records/4104_1205481_3263819"
            ],
            [
                "General Vinyl Records",
                "/browse/music/general-vinyl-records/4104_1205481_3400726"
            ],
            [
                "All Vinyl Records",
                "/browse/music/all-vinyl-records/4104_1205481_3434427"
            ],
            [
                "All R&B / Soul Music",
                "/browse/music/all-rb-soul-music/4104_4116_4920828"
            ],
            [
                "Classic Rock Music on CD or Vinyl",
                "/browse/music/classic-rock-music-cd-vinyl/4104_4118_5093"
            ],
            [
                "Boyz II Men",
                "/browse/music/boyz-ii-men/4104_7075720_5360800_5783342"
            ]
        ]
    }
]