[
    {
        "title": "Details Coming Soon - In Sound From Way Out - Vinyl",
        "url": "https://www.walmart.com/ip/Details-Coming-Soon-In-Sound-From-Way-Out-Vinyl/636266619",
        "price": "$22.12",
        "stars": 0,
        "ratings": 0,
        "img": "",
        "tags": [
            [
                "Rock Music: Vinyl Records",
                "/browse/music/rock-music-vinyl-records/4104_4118_2844615"
            ],
            [
                "All Rap & Hiphop: CDs & Vinyl Records",
                "/browse/music/all-rap-hiphop-cds-vinyl-records/4104_4117_3341000"
            ],
            [
                "General Vinyl Records",
                "/browse/music/general-vinyl-records/4104_1205481_3400726"
            ],
            [
                "All Vinyl Records",
                "/browse/music/all-vinyl-records/4104_1205481_3434427"
            ],
            [
                "Mainstream Rap & Hip-Hop: CDs & Vinyl Records",
                "/browse/music/mainstream-rap-hip-hop-cds-vinyl-records/4104_4117_5088"
            ],
            [
                "Pop Music: Vinyl Records",
                "/browse/music/pop-music-vinyl-records/4104_1205481_6204731"
            ],
            [
                "Rap Hip-Hop: Vinyl Records",
                "/browse/music/rap-hip-hop-vinyl-records/4104_4117_7766072"
            ]
        ]
    },
    {
        "title": "Whitney (Blu-ray + Digital Copy)",
        "url": "https://www.walmart.com/ip/Whitney-Blu-ray-Digital-Copy/420404389",
        "price": "$30.57",
        "stars": 0,
        "ratings": 0,
        "img": "i5.walmartimages.com/asr/000b73a4-b923-460f-b762-800c78083dde_1.d647439a16c104816fdc8f1c880a7cd1.jpeg?odnWidth=612&odnHeight=612&odnBg=ffffff",
        "tags": [
            [
                "Only at Walmart",
                "/browse/only-at-walmart/4104_1228141"
            ],
            [
                "Christmas Music",
                "/browse/music/christmas-music/4104_4120_178005"
            ],
            [
                "Walmart Exclusive Vinyl",
                "/browse/music/walmart-exclusive-vinyl/4104_1205481_2564313"
            ],
            [
                "Whitney Houston",
                "/browse/music/whitney-houston/4104_7075720_5360800_3872747"
            ],
            [
                "Opera & Vocal Music on CD or Vinyl",
                "/browse/music/opera-vocal-music-cd-vinyl/4104_4108_5025"
            ],
            [
                "Pop Rock Music on CD or Vinyl",
                "/browse/music/pop-rock-music-cd-vinyl/4104_4115_5096"
            ],
            [
                "All Pop Music",
                "/browse/music/all-pop-music/4104_4115_6683137"
            ],
            [
                "Preorders & New Releases",
                "/browse/music/preorders-new-releases/4104_1205481_8281974"
            ]
        ]
    },
    {
        "title": "Mariah Carey - The Rarities - CD",
        "url": "https://www.walmart.com/ip/Mariah-Carey-The-Rarities-CD/272966909",
        "price": "$15.97",
        "stars": "5.0",
        "ratings": "2 ",
        "img": "",
        "tags": []
    },
    {
        "title": "Pearl Jam - Gigaton - Vinyl",
        "url": "https://www.walmart.com/ip/Pearl-Jam-Gigaton-Vinyl/129394715",
        "price": "$29.12",
        "stars": "5.0",
        "ratings": "3 ",
        "img": "",
        "tags": [
            [
                "Only at Walmart",
                "/browse/only-at-walmart/4104_1228141"
            ],
            [
                "All Rock Music",
                "/browse/music/all-rock-music/4104_4118_1458080"
            ],
            [
                "Walmart Exclusive Vinyl",
                "/browse/music/walmart-exclusive-vinyl/4104_1205481_2564313"
            ],
            [
                "All Rap & Hiphop: CDs & Vinyl Records",
                "/browse/music/all-rap-hiphop-cds-vinyl-records/4104_4117_3341000"
            ],
            [
                "General Vinyl Records",
                "/browse/music/general-vinyl-records/4104_1205481_3400726"
            ],
            [
                "All Vinyl Records",
                "/browse/music/all-vinyl-records/4104_1205481_3434427"
            ],
            [
                "Pearl Jam",
                "/browse/music/pearl-jam/4104_7075720_5360800_7419679"
            ]
        ]
    },
    {
        "title": "Mariah Carey - The Emancipation Of Mimi - Vinyl",
        "url": "https://www.walmart.com/ip/Mariah-Carey-The-Emancipation-Of-Mimi-Vinyl/799442420",
        "price": "$23.49",
        "stars": 0,
        "ratings": 0,
        "img": "",
        "tags": []
    },
    {
        "title": "Mariah Carey - Mariah Carey - Vinyl",
        "url": "https://www.walmart.com/ip/Mariah-Carey-Mariah-Carey-Vinyl/835225192",
        "price": "$22.98",
        "stars": "5.0",
        "ratings": "1 ",
        "img": "",
        "tags": []
    },
    {
        "title": "Green Day - Father Of All - CD",
        "url": "https://www.walmart.com/ip/Green-Day-Father-Of-All-CD/504993866",
        "price": "$16.69",
        "stars": 0,
        "ratings": 0,
        "img": "",
        "tags": [
            [
                "Rock Music: Vinyl Records",
                "/browse/music/rock-music-vinyl-records/4104_4118_2844615"
            ],
            [
                "Green Day",
                "/browse/music/green-day/4104_7075720_5360800_3258934"
            ],
            [
                "All Vinyl Records",
                "/browse/music/all-vinyl-records/4104_1205481_3434427"
            ],
            [
                "Contemporary Country Music on CD or Vinyl",
                "/browse/music/contemporary-country-music-cd-vinyl/4104_4109_5028"
            ],
            [
                "Heavy Metal Music on CD or Vinyl",
                "/browse/music/heavy-metal-music-cd-vinyl/4104_4118_5094"
            ],
            [
                "Pop Rock Music on CD or Vinyl",
                "/browse/music/pop-rock-music-cd-vinyl/4104_4115_5096"
            ],
            [
                "Punk Rock Music on CD or Vinyl",
                "/browse/music/punk-rock-music-cd-vinyl/4104_4118_5097"
            ],
            [
                "Taylor Swift Music on CD or Vinyl",
                "/browse/music/taylor-swift-music-cd-vinyl/4104_6651806_5178559"
            ]
        ]
    },
    {
        "title": "Beastie Boys - Solid Gold Hits - Vinyl",
        "url": "https://www.walmart.com/ip/Beastie-Boys-Solid-Gold-Hits-Vinyl/34470567",
        "price": "$20.99",
        "stars": 0,
        "ratings": 0,
        "img": "",
        "tags": [
            [
                "All Rock Music",
                "/browse/music/all-rock-music/4104_4118_1458080"
            ],
            [
                "Beastie Boys",
                "/browse/music/beastie-boys/4104_7075720_5360800_2807772"
            ],
            [
                "Rock Music: Vinyl Records",
                "/browse/music/rock-music-vinyl-records/4104_4118_2844615"
            ],
            [
                "All Rap & Hiphop: CDs & Vinyl Records",
                "/browse/music/all-rap-hiphop-cds-vinyl-records/4104_4117_3341000"
            ],
            [
                "General Vinyl Records",
                "/browse/music/general-vinyl-records/4104_1205481_3400726"
            ],
            [
                "All Vinyl Records",
                "/browse/music/all-vinyl-records/4104_1205481_3434427"
            ],
            [
                "Mainstream Rap & Hip-Hop: CDs & Vinyl Records",
                "/browse/music/mainstream-rap-hip-hop-cds-vinyl-records/4104_4117_5088"
            ]
        ]
    },
    {
        "title": "Nirvana - MTV Unplugged In New York - Vinyl",
        "url": "https://www.walmart.com/ip/Nirvana-MTV-Unplugged-In-New-York-Vinyl/948263447",
        "price": "$21.66",
        "stars": "5.0",
        "ratings": "2 ",
        "img": "",
        "tags": [
            [
                "All Rock Music",
                "/browse/music/all-rock-music/4104_4118_1458080"
            ],
            [
                "Christmas Music",
                "/browse/music/christmas-music/4104_4120_178005"
            ],
            [
                "General Vinyl Records",
                "/browse/music/general-vinyl-records/4104_1205481_3400726"
            ],
            [
                "All Vinyl Records",
                "/browse/music/all-vinyl-records/4104_1205481_3434427"
            ],
            [
                "Pop Music: Vinyl Records",
                "/browse/music/pop-music-vinyl-records/4104_1205481_6204731"
            ],
            [
                "All Pop Music",
                "/browse/music/all-pop-music/4104_4115_6683137"
            ],
            [
                "Nirvana",
                "/browse/music/nirvana/4104_7075720_5360800_9699407"
            ]
        ]
    },
    {
        "title": "Mariah Carey - Emotions - Vinyl",
        "url": "https://www.walmart.com/ip/Mariah-Carey-Emotions-Vinyl/271898699",
        "price": "$21.08",
        "stars": 0,
        "ratings": 0,
        "img": "",
        "tags": []
    }
]