[
    {
        "title": "Herb Alpert - Herb Alpert Is... - CD",
        "url": "https://www.walmart.com/ip/Herb-Alpert-Herb-Alpert-Is-CD/499886827",
        "price": "$76.08",
        "stars": 0,
        "ratings": 0,
        "img": "",
        "tags": []
    },
    {
        "title": "Paul Hardcastle - Hardcastle 9 - CD",
        "url": "https://www.walmart.com/ip/Paul-Hardcastle-Hardcastle-9-CD/254325812",
        "price": "$16.66",
        "stars": 0,
        "ratings": 0,
        "img": "",
        "tags": [
            [
                "All Soundtracks",
                "/browse/music/all-soundtracks/4104_4119_3300580"
            ],
            [
                "General Vinyl Records",
                "/browse/music/general-vinyl-records/4104_1205481_3400726"
            ],
            [
                "All Vinyl Records",
                "/browse/music/all-vinyl-records/4104_1205481_3434427"
            ],
            [
                "Jazz Music: Vinyl Records",
                "/browse/music/jazz-music-vinyl-records/4104_1205481_3708052"
            ],
            [
                "Contemporary Jazz Music on CD or Vinyl",
                "/browse/music/contemporary-jazz-music-cd-vinyl/4104_4112_5050"
            ],
            [
                "Easy Listening Music on CD or Vinyl",
                "/browse/music/easy-listening-music-cd-vinyl/4104_4115_5079"
            ],
            [
                "All Karaoke Music",
                "/browse/music/all-karaoke-music/4104_136735_5133239"
            ]
        ]
    },
    {
        "title": "Immanuel Wilkins - Omega - CD",
        "url": "https://www.walmart.com/ip/Immanuel-Wilkins-Omega-CD/956254983",
        "price": "$11.99",
        "stars": "5.0",
        "ratings": "1 ",
        "img": "",
        "tags": [
            [
                "All Soundtracks",
                "/browse/music/all-soundtracks/4104_4119_3300580"
            ],
            [
                "General Vinyl Records",
                "/browse/music/general-vinyl-records/4104_1205481_3400726"
            ],
            [
                "All Vinyl Records",
                "/browse/music/all-vinyl-records/4104_1205481_3434427"
            ],
            [
                "Jazz Music: Vinyl Records",
                "/browse/music/jazz-music-vinyl-records/4104_1205481_3708052"
            ],
            [
                "Contemporary Jazz Music on CD or Vinyl",
                "/browse/music/contemporary-jazz-music-cd-vinyl/4104_4112_5050"
            ],
            [
                "Easy Listening Music on CD or Vinyl",
                "/browse/music/easy-listening-music-cd-vinyl/4104_4115_5079"
            ],
            [
                "All Karaoke Music",
                "/browse/music/all-karaoke-music/4104_136735_5133239"
            ]
        ]
    },
    {
        "title": "Chick Corea - Plays - CD",
        "url": "https://www.walmart.com/ip/Chick-Corea-Plays-CD/644593534",
        "price": "$19.98",
        "stars": 0,
        "ratings": 0,
        "img": "",
        "tags": [
            [
                "All Soundtracks",
                "/browse/music/all-soundtracks/4104_4119_3300580"
            ],
            [
                "General Vinyl Records",
                "/browse/music/general-vinyl-records/4104_1205481_3400726"
            ],
            [
                "All Vinyl Records",
                "/browse/music/all-vinyl-records/4104_1205481_3434427"
            ],
            [
                "Jazz Music: Vinyl Records",
                "/browse/music/jazz-music-vinyl-records/4104_1205481_3708052"
            ],
            [
                "Contemporary Jazz Music on CD or Vinyl",
                "/browse/music/contemporary-jazz-music-cd-vinyl/4104_4112_5050"
            ],
            [
                "Easy Listening Music on CD or Vinyl",
                "/browse/music/easy-listening-music-cd-vinyl/4104_4115_5079"
            ],
            [
                "All Karaoke Music",
                "/browse/music/all-karaoke-music/4104_136735_5133239"
            ]
        ]
    },
    {
        "title": "Diana Krall - This Dream Of You - Vinyl",
        "url": "https://www.walmart.com/ip/Diana-Krall-This-Dream-Of-You-Vinyl/984782462",
        "price": "$29.98",
        "stars": 0,
        "ratings": 0,
        "img": "",
        "tags": []
    },
    {
        "title": "Diana Krall - This Dream Of You - CD",
        "url": "https://www.walmart.com/ip/Diana-Krall-This-Dream-Of-You-CD/659597369",
        "price": "$13.95",
        "stars": 0,
        "ratings": 0,
        "img": "",
        "tags": []
    },
    {
        "title": "All Rise - CD",
        "url": "https://www.walmart.com/ip/All-Rise-CD/965172531",
        "price": "$19.33",
        "stars": "5.0",
        "ratings": "1 ",
        "img": "",
        "tags": [
            [
                "All Soundtracks",
                "/browse/music/all-soundtracks/4104_4119_3300580"
            ],
            [
                "General Vinyl Records",
                "/browse/music/general-vinyl-records/4104_1205481_3400726"
            ],
            [
                "All Vinyl Records",
                "/browse/music/all-vinyl-records/4104_1205481_3434427"
            ],
            [
                "Jazz Music: Vinyl Records",
                "/browse/music/jazz-music-vinyl-records/4104_1205481_3708052"
            ],
            [
                "Contemporary Jazz Music on CD or Vinyl",
                "/browse/music/contemporary-jazz-music-cd-vinyl/4104_4112_5050"
            ],
            [
                "Easy Listening Music on CD or Vinyl",
                "/browse/music/easy-listening-music-cd-vinyl/4104_4115_5079"
            ],
            [
                "All Karaoke Music",
                "/browse/music/all-karaoke-music/4104_136735_5133239"
            ]
        ]
    },
    {
        "title": "Vince Guaraldi - Peanuts Portraits - Vinyl",
        "url": "https://www.walmart.com/ip/Vince-Guaraldi-Peanuts-Portraits-Vinyl/420198826",
        "price": "$19.97",
        "stars": 0,
        "ratings": 0,
        "img": "",
        "tags": [
            [
                "Only at Walmart",
                "/browse/only-at-walmart/4104_1228141"
            ],
            [
                "All Rock Music",
                "/browse/music/all-rock-music/4104_4118_1458080"
            ],
            [
                "Walmart Exclusive Vinyl",
                "/browse/music/walmart-exclusive-vinyl/4104_1205481_2564313"
            ],
            [
                "General Vinyl Records",
                "/browse/music/general-vinyl-records/4104_1205481_3400726"
            ],
            [
                "All Vinyl Records",
                "/browse/music/all-vinyl-records/4104_1205481_3434427"
            ],
            [
                "All Country Music",
                "/browse/music/all-country-music/4104_4109_4674600"
            ],
            [
                "Country Music: Vinyl Records",
                "/browse/music/country-music-vinyl-records/4104_1205481_4846487"
            ]
        ]
    },
    {
        "title": "Michael Olatuja - Lagos Pepper Soup - Vinyl",
        "url": "https://www.walmart.com/ip/Michael-Olatuja-Lagos-Pepper-Soup-Vinyl/738561097",
        "price": "$38.98",
        "stars": 0,
        "ratings": 0,
        "img": "",
        "tags": []
    },
    {
        "title": "Herbie Hancock - My Point Of View - Vinyl",
        "url": "https://www.walmart.com/ip/Herbie-Hancock-My-Point-Of-View-Vinyl/370814774",
        "price": "$34.98",
        "stars": "5.0",
        "ratings": "1 ",
        "img": "",
        "tags": []
    }
]