[
    {
        "title": "Aesop's Fables & Fairy Tale / Various",
        "url": "https://www.walmart.com/ip/Aesop-s-Fables-Fairy-Tale-Various/189683069",
        "price": "$12.07",
        "stars": 0,
        "ratings": 0,
        "img": "",
        "tags": [
            [
                "Christmas Music",
                "/browse/music/christmas-music/4104_4120_178005"
            ],
            [
                "All Soundtracks",
                "/browse/music/all-soundtracks/4104_4119_3300580"
            ],
            [
                "Children's Religious  Music on CD or Vinyl",
                "/browse/music/childrens-religious-music-cd-vinyl/4104_4106_5010"
            ],
            [
                "Children's Sing-a-Long Music on CD or Vinyl",
                "/browse/music/childrens-sing-a-long-music-cd-vinyl/4104_4106_5012"
            ],
            [
                "Sacred / Religious Music on CD or Vinyl",
                "/browse/music/sacred-religious-music-cd-vinyl/4104_4107_5026"
            ],
            [
                "Pop Rock Music on CD or Vinyl",
                "/browse/music/pop-rock-music-cd-vinyl/4104_4115_5096"
            ],
            [
                "Film Soundtracks",
                "/browse/music/film-soundtracks/4104_4119_5100"
            ],
            [
                "All Karaoke Music",
                "/browse/music/all-karaoke-music/4104_136735_5133239"
            ]
        ]
    },
    {
        "title": "Forest Green",
        "url": "https://www.walmart.com/ip/Forest-Green/165716380",
        "price": "$12.08",
        "stars": 0,
        "ratings": 0,
        "img": "",
        "tags": [
            [
                "Christmas Music",
                "/browse/music/christmas-music/4104_4120_178005"
            ],
            [
                "All Soundtracks",
                "/browse/music/all-soundtracks/4104_4119_3300580"
            ],
            [
                "Children's Religious  Music on CD or Vinyl",
                "/browse/music/childrens-religious-music-cd-vinyl/4104_4106_5010"
            ],
            [
                "Children's Sing-a-Long Music on CD or Vinyl",
                "/browse/music/childrens-sing-a-long-music-cd-vinyl/4104_4106_5012"
            ],
            [
                "Sacred / Religious Music on CD or Vinyl",
                "/browse/music/sacred-religious-music-cd-vinyl/4104_4107_5026"
            ],
            [
                "Pop Rock Music on CD or Vinyl",
                "/browse/music/pop-rock-music-cd-vinyl/4104_4115_5096"
            ],
            [
                "Film Soundtracks",
                "/browse/music/film-soundtracks/4104_4119_5100"
            ],
            [
                "All Karaoke Music",
                "/browse/music/all-karaoke-music/4104_136735_5133239"
            ]
        ]
    },
    {
        "title": "Let's Pretend",
        "url": "https://www.walmart.com/ip/Let-s-Pretend/980693532",
        "price": "$12.10",
        "stars": 0,
        "ratings": 0,
        "img": "",
        "tags": [
            [
                "Christmas Music",
                "/browse/music/christmas-music/4104_4120_178005"
            ],
            [
                "All Soundtracks",
                "/browse/music/all-soundtracks/4104_4119_3300580"
            ],
            [
                "Children's Religious  Music on CD or Vinyl",
                "/browse/music/childrens-religious-music-cd-vinyl/4104_4106_5010"
            ],
            [
                "Children's Sing-a-Long Music on CD or Vinyl",
                "/browse/music/childrens-sing-a-long-music-cd-vinyl/4104_4106_5012"
            ],
            [
                "Sacred / Religious Music on CD or Vinyl",
                "/browse/music/sacred-religious-music-cd-vinyl/4104_4107_5026"
            ],
            [
                "Pop Rock Music on CD or Vinyl",
                "/browse/music/pop-rock-music-cd-vinyl/4104_4115_5096"
            ],
            [
                "Film Soundtracks",
                "/browse/music/film-soundtracks/4104_4119_5100"
            ],
            [
                "All Karaoke Music",
                "/browse/music/all-karaoke-music/4104_136735_5133239"
            ]
        ]
    },
    {
        "title": "Vol. 4-Pumuckl Macht Ferien/Der Gei (CD)",
        "url": "https://www.walmart.com/ip/Vol-4-Pumuckl-Macht-Ferien-Der-Gei-CD/826052829",
        "price": "$12.10",
        "stars": 0,
        "ratings": 0,
        "img": "",
        "tags": [
            [
                "Christmas Music",
                "/browse/music/christmas-music/4104_4120_178005"
            ],
            [
                "All Soundtracks",
                "/browse/music/all-soundtracks/4104_4119_3300580"
            ],
            [
                "Children's Religious  Music on CD or Vinyl",
                "/browse/music/childrens-religious-music-cd-vinyl/4104_4106_5010"
            ],
            [
                "Children's Sing-a-Long Music on CD or Vinyl",
                "/browse/music/childrens-sing-a-long-music-cd-vinyl/4104_4106_5012"
            ],
            [
                "Sacred / Religious Music on CD or Vinyl",
                "/browse/music/sacred-religious-music-cd-vinyl/4104_4107_5026"
            ],
            [
                "Pop Rock Music on CD or Vinyl",
                "/browse/music/pop-rock-music-cd-vinyl/4104_4115_5096"
            ],
            [
                "Film Soundtracks",
                "/browse/music/film-soundtracks/4104_4119_5100"
            ],
            [
                "All Karaoke Music",
                "/browse/music/all-karaoke-music/4104_136735_5133239"
            ]
        ]
    },
    {
        "title": "Vol. 14-Pumuckl Und Das Goldene Her (CD)",
        "url": "https://www.walmart.com/ip/Vol-14-Pumuckl-Und-Das-Goldene-Her-CD/383404876",
        "price": "$12.10",
        "stars": 0,
        "ratings": 0,
        "img": "",
        "tags": [
            [
                "Christmas Music",
                "/browse/music/christmas-music/4104_4120_178005"
            ],
            [
                "All Soundtracks",
                "/browse/music/all-soundtracks/4104_4119_3300580"
            ],
            [
                "Children's Religious  Music on CD or Vinyl",
                "/browse/music/childrens-religious-music-cd-vinyl/4104_4106_5010"
            ],
            [
                "Children's Sing-a-Long Music on CD or Vinyl",
                "/browse/music/childrens-sing-a-long-music-cd-vinyl/4104_4106_5012"
            ],
            [
                "Sacred / Religious Music on CD or Vinyl",
                "/browse/music/sacred-religious-music-cd-vinyl/4104_4107_5026"
            ],
            [
                "Pop Rock Music on CD or Vinyl",
                "/browse/music/pop-rock-music-cd-vinyl/4104_4115_5096"
            ],
            [
                "Film Soundtracks",
                "/browse/music/film-soundtracks/4104_4119_5100"
            ],
            [
                "All Karaoke Music",
                "/browse/music/all-karaoke-music/4104_136735_5133239"
            ]
        ]
    },
    {
        "title": "To Be Like Jesus",
        "url": "https://www.walmart.com/ip/To-Be-Like-Jesus/28852211",
        "price": "$12.10",
        "stars": 0,
        "ratings": 0,
        "img": "",
        "tags": [
            [
                "Christmas Music",
                "/browse/music/christmas-music/4104_4120_178005"
            ],
            [
                "All Soundtracks",
                "/browse/music/all-soundtracks/4104_4119_3300580"
            ],
            [
                "Children's Religious  Music on CD or Vinyl",
                "/browse/music/childrens-religious-music-cd-vinyl/4104_4106_5010"
            ],
            [
                "Children's Sing-a-Long Music on CD or Vinyl",
                "/browse/music/childrens-sing-a-long-music-cd-vinyl/4104_4106_5012"
            ],
            [
                "Sacred / Religious Music on CD or Vinyl",
                "/browse/music/sacred-religious-music-cd-vinyl/4104_4107_5026"
            ],
            [
                "Pop Rock Music on CD or Vinyl",
                "/browse/music/pop-rock-music-cd-vinyl/4104_4115_5096"
            ],
            [
                "Film Soundtracks",
                "/browse/music/film-soundtracks/4104_4119_5100"
            ],
            [
                "All Karaoke Music",
                "/browse/music/all-karaoke-music/4104_136735_5133239"
            ]
        ]
    },
    {
        "title": "Vol. 19-Ein Foehniger Tag/Die Bank V (CD)",
        "url": "https://www.walmart.com/ip/Vol-19-Ein-Foehniger-Tag-Die-Bank-V-CD/193323172",
        "price": "$12.10",
        "stars": 0,
        "ratings": 0,
        "img": "",
        "tags": [
            [
                "Christmas Music",
                "/browse/music/christmas-music/4104_4120_178005"
            ],
            [
                "All Soundtracks",
                "/browse/music/all-soundtracks/4104_4119_3300580"
            ],
            [
                "Children's Religious  Music on CD or Vinyl",
                "/browse/music/childrens-religious-music-cd-vinyl/4104_4106_5010"
            ],
            [
                "Children's Sing-a-Long Music on CD or Vinyl",
                "/browse/music/childrens-sing-a-long-music-cd-vinyl/4104_4106_5012"
            ],
            [
                "Sacred / Religious Music on CD or Vinyl",
                "/browse/music/sacred-religious-music-cd-vinyl/4104_4107_5026"
            ],
            [
                "Pop Rock Music on CD or Vinyl",
                "/browse/music/pop-rock-music-cd-vinyl/4104_4115_5096"
            ],
            [
                "Film Soundtracks",
                "/browse/music/film-soundtracks/4104_4119_5100"
            ],
            [
                "All Karaoke Music",
                "/browse/music/all-karaoke-music/4104_136735_5133239"
            ]
        ]
    },
    {
        "title": "Songs From Enchanted Tales Vol.2",
        "url": "https://www.walmart.com/ip/Songs-From-Enchanted-Tales-Vol-2/929331",
        "price": "$12.12",
        "stars": 0,
        "ratings": 0,
        "img": "",
        "tags": [
            [
                "Christmas Music",
                "/browse/music/christmas-music/4104_4120_178005"
            ],
            [
                "All Soundtracks",
                "/browse/music/all-soundtracks/4104_4119_3300580"
            ],
            [
                "Children's Religious  Music on CD or Vinyl",
                "/browse/music/childrens-religious-music-cd-vinyl/4104_4106_5010"
            ],
            [
                "Children's Sing-a-Long Music on CD or Vinyl",
                "/browse/music/childrens-sing-a-long-music-cd-vinyl/4104_4106_5012"
            ],
            [
                "Sacred / Religious Music on CD or Vinyl",
                "/browse/music/sacred-religious-music-cd-vinyl/4104_4107_5026"
            ],
            [
                "Pop Rock Music on CD or Vinyl",
                "/browse/music/pop-rock-music-cd-vinyl/4104_4115_5096"
            ],
            [
                "Film Soundtracks",
                "/browse/music/film-soundtracks/4104_4119_5100"
            ],
            [
                "All Karaoke Music",
                "/browse/music/all-karaoke-music/4104_136735_5133239"
            ]
        ]
    },
    {
        "title": "Gustavs Lieer Welt (CD)",
        "url": "https://www.walmart.com/ip/Gustavs-Lieer-Welt-CD/936379434",
        "price": "$12.14",
        "stars": 0,
        "ratings": 0,
        "img": "",
        "tags": [
            [
                "Christmas Music",
                "/browse/music/christmas-music/4104_4120_178005"
            ],
            [
                "All Soundtracks",
                "/browse/music/all-soundtracks/4104_4119_3300580"
            ],
            [
                "Children's Religious  Music on CD or Vinyl",
                "/browse/music/childrens-religious-music-cd-vinyl/4104_4106_5010"
            ],
            [
                "Children's Sing-a-Long Music on CD or Vinyl",
                "/browse/music/childrens-sing-a-long-music-cd-vinyl/4104_4106_5012"
            ],
            [
                "Sacred / Religious Music on CD or Vinyl",
                "/browse/music/sacred-religious-music-cd-vinyl/4104_4107_5026"
            ],
            [
                "Pop Rock Music on CD or Vinyl",
                "/browse/music/pop-rock-music-cd-vinyl/4104_4115_5096"
            ],
            [
                "Film Soundtracks",
                "/browse/music/film-soundtracks/4104_4119_5100"
            ],
            [
                "All Karaoke Music",
                "/browse/music/all-karaoke-music/4104_136735_5133239"
            ]
        ]
    },
    {
        "title": "Follow the Leader",
        "url": "https://www.walmart.com/ip/Follow-the-Leader/28852100",
        "price": "$12.14",
        "stars": 0,
        "ratings": 0,
        "img": "",
        "tags": [
            [
                "Christmas Music",
                "/browse/music/christmas-music/4104_4120_178005"
            ],
            [
                "All Soundtracks",
                "/browse/music/all-soundtracks/4104_4119_3300580"
            ],
            [
                "Children's Religious  Music on CD or Vinyl",
                "/browse/music/childrens-religious-music-cd-vinyl/4104_4106_5010"
            ],
            [
                "Children's Sing-a-Long Music on CD or Vinyl",
                "/browse/music/childrens-sing-a-long-music-cd-vinyl/4104_4106_5012"
            ],
            [
                "Sacred / Religious Music on CD or Vinyl",
                "/browse/music/sacred-religious-music-cd-vinyl/4104_4107_5026"
            ],
            [
                "Pop Rock Music on CD or Vinyl",
                "/browse/music/pop-rock-music-cd-vinyl/4104_4115_5096"
            ],
            [
                "Film Soundtracks",
                "/browse/music/film-soundtracks/4104_4119_5100"
            ],
            [
                "All Karaoke Music",
                "/browse/music/all-karaoke-music/4104_136735_5133239"
            ]
        ]
    }
]