[
    {
        "title": "Roddy Ricch - Please Excuse Me For Being Antisocial - CD",
        "url": "https://www.walmart.com/ip/Roddy-Ricch-Please-Excuse-Me-For-Being-Antisocial-CD/673033368",
        "price": "$13.98",
        "stars": "5.0",
        "ratings": "3 ",
        "img": "",
        "tags": [
            [
                "General Vinyl Records",
                "/browse/music/general-vinyl-records/4104_1205481_3400726"
            ],
            [
                "All Vinyl Records",
                "/browse/music/all-vinyl-records/4104_1205481_3434427"
            ],
            [
                "All R&B / Soul Music",
                "/browse/music/all-rb-soul-music/4104_4116_4920828"
            ],
            [
                "Contemporary R&B / Soul Music: CDs & Vinyl",
                "/browse/music/contemporary-rb-soul-music-cds-vinyl/4104_4116_5084"
            ],
            [
                "Drake Music on CD or Vinyl",
                "/browse/music/drake-music-cd-vinyl/4104_6651806_6994959"
            ],
            [
                "R&B and Soul: Vinyl Records",
                "/browse/music/rb-soul-vinyl-records/4104_4116_7409068"
            ],
            [
                "Rap Hip-Hop: Vinyl Records",
                "/browse/music/rap-hip-hop-vinyl-records/4104_4117_7766072"
            ]
        ]
    },
    {
        "title": "Post Malone - Hollywood's Bleeding [Explicit Content] - CD",
        "url": "https://www.walmart.com/ip/Post-Malone-Hollywood-s-Bleeding-Explicit-Content-CD/404945083",
        "price": "$14.45",
        "stars": "4.6",
        "ratings": "15 ",
        "img": "",
        "tags": [
            [
                "All Rock Music",
                "/browse/music/all-rock-music/4104_4118_1458080"
            ],
            [
                "General Vinyl Records",
                "/browse/music/general-vinyl-records/4104_1205481_3400726"
            ],
            [
                "All Vinyl Records",
                "/browse/music/all-vinyl-records/4104_1205481_3434427"
            ],
            [
                "Eminem Music on CD or Vinyl",
                "/browse/music/eminem-music-cd-vinyl/4104_6651806_3684762"
            ],
            [
                "All R&B / Soul Music",
                "/browse/music/all-rb-soul-music/4104_4116_4920828"
            ],
            [
                "Pop Rock Music on CD or Vinyl",
                "/browse/music/pop-rock-music-cd-vinyl/4104_4115_5096"
            ],
            [
                "Rap Hip-Hop: Vinyl Records",
                "/browse/music/rap-hip-hop-vinyl-records/4104_4117_7766072"
            ]
        ]
    },
    {
        "title": "Drake - Take Care - Vinyl",
        "url": "https://www.walmart.com/ip/Drake-Take-Care-Vinyl/34440374",
        "price": "$43.70",
        "stars": "5.0",
        "ratings": "3 ",
        "img": "",
        "tags": [
            [
                "All Rap & Hiphop: CDs & Vinyl Records",
                "/browse/music/all-rap-hiphop-cds-vinyl-records/4104_4117_3341000"
            ],
            [
                "General Vinyl Records",
                "/browse/music/general-vinyl-records/4104_1205481_3400726"
            ],
            [
                "All Vinyl Records",
                "/browse/music/all-vinyl-records/4104_1205481_3434427"
            ],
            [
                "All R&B / Soul Music",
                "/browse/music/all-rb-soul-music/4104_4116_4920828"
            ],
            [
                "Pop Music: Vinyl Records",
                "/browse/music/pop-music-vinyl-records/4104_1205481_6204731"
            ],
            [
                "Drake Music on CD or Vinyl",
                "/browse/music/drake-music-cd-vinyl/4104_6651806_6994959"
            ],
            [
                "R&B and Soul: Vinyl Records",
                "/browse/music/rb-soul-vinyl-records/4104_4116_7409068"
            ]
        ]
    },
    {
        "title": "Kendrick Lamar - Good Kid, M.A.A.D City - Vinyl",
        "url": "https://www.walmart.com/ip/Kendrick-Lamar-Good-Kid-M-A-A-D-City-Vinyl/34435736",
        "price": "$17.90",
        "stars": "4.6",
        "ratings": "5 ",
        "img": "",
        "tags": [
            [
                "All 4K Ultra HD Movies",
                "/browse/movies-tv-shows/all-4k-ultra-hd-movies/4096_3315790_1172214"
            ],
            [
                "Children & Family",
                "/browse/movies-tv-shows/children-family/4096_616859_617001"
            ],
            [
                "New Release Movies",
                "/browse/new-release-movies/4096_6942910"
            ],
            [
                "DVD Movies",
                "/browse/movies-tv-shows/dvd-movies/4096_8073310_7001804"
            ],
            [
                "All Action & Adventure",
                "/browse/movies-tv-shows/all-action-adventure/4096_530598_530698_8354524"
            ],
            [
                "All Comedy",
                "/browse/movies-tv-shows/all-comedy/4096_530598_530703_8423591"
            ],
            [
                "All Children & Family Movies",
                "/browse/movies-tv-shows/all-children-family-movies/4096_530598_530701_9062682"
            ]
        ]
    },
    {
        "title": "Post Malone - Beerbongs & Bentleys - CD",
        "url": "https://www.walmart.com/ip/Post-Malone-Beerbongs-Bentleys-CD/869452596",
        "price": "$14.45",
        "stars": "4.5",
        "ratings": "14 ",
        "img": "",
        "tags": [
            [
                "General Vinyl Records",
                "/browse/music/general-vinyl-records/4104_1205481_3400726"
            ],
            [
                "All Vinyl Records",
                "/browse/music/all-vinyl-records/4104_1205481_3434427"
            ],
            [
                "Eminem Music on CD or Vinyl",
                "/browse/music/eminem-music-cd-vinyl/4104_6651806_3684762"
            ],
            [
                "All Country Music",
                "/browse/music/all-country-music/4104_4109_4674600"
            ],
            [
                "All Pop Music",
                "/browse/music/all-pop-music/4104_4115_6683137"
            ],
            [
                "Drake Music on CD or Vinyl",
                "/browse/music/drake-music-cd-vinyl/4104_6651806_6994959"
            ],
            [
                "Rap Hip-Hop: Vinyl Records",
                "/browse/music/rap-hip-hop-vinyl-records/4104_4117_7766072"
            ]
        ]
    },
    {
        "title": "Tyler, the Creator - Igor - Vinyl",
        "url": "https://www.walmart.com/ip/Tyler-the-Creator-Igor-Vinyl/788129283",
        "price": "$22.00",
        "stars": "3.8",
        "ratings": "12 ",
        "img": "",
        "tags": [
            [
                "All Rock Music",
                "/browse/music/all-rock-music/4104_4118_1458080"
            ],
            [
                "Rock Music: Vinyl Records",
                "/browse/music/rock-music-vinyl-records/4104_4118_2844615"
            ],
            [
                "All Rap & Hiphop: CDs & Vinyl Records",
                "/browse/music/all-rap-hiphop-cds-vinyl-records/4104_4117_3341000"
            ],
            [
                "General Vinyl Records",
                "/browse/music/general-vinyl-records/4104_1205481_3400726"
            ],
            [
                "All Vinyl Records",
                "/browse/music/all-vinyl-records/4104_1205481_3434427"
            ],
            [
                "Pop Music: Vinyl Records",
                "/browse/music/pop-music-vinyl-records/4104_1205481_6204731"
            ],
            [
                "R&B and Soul: Vinyl Records",
                "/browse/music/rb-soul-vinyl-records/4104_4116_7409068"
            ]
        ]
    },
    {
        "title": "Post Malone - Stoney - Vinyl (explicit)",
        "url": "https://www.walmart.com/ip/Post-Malone-Stoney-Vinyl-explicit/719090396",
        "price": "$32.49",
        "stars": "4.0",
        "ratings": "5 ",
        "img": "",
        "tags": [
            [
                "All Rock Music",
                "/browse/music/all-rock-music/4104_4118_1458080"
            ],
            [
                "Rock Music: Vinyl Records",
                "/browse/music/rock-music-vinyl-records/4104_4118_2844615"
            ],
            [
                "All Rap & Hiphop: CDs & Vinyl Records",
                "/browse/music/all-rap-hiphop-cds-vinyl-records/4104_4117_3341000"
            ],
            [
                "General Vinyl Records",
                "/browse/music/general-vinyl-records/4104_1205481_3400726"
            ],
            [
                "All Vinyl Records",
                "/browse/music/all-vinyl-records/4104_1205481_3434427"
            ],
            [
                "Pop Music: Vinyl Records",
                "/browse/music/pop-music-vinyl-records/4104_1205481_6204731"
            ],
            [
                "R&B and Soul: Vinyl Records",
                "/browse/music/rb-soul-vinyl-records/4104_4116_7409068"
            ]
        ]
    },
    {
        "title": "J. Cole - 2014 Forest Hills Drive - Vinyl",
        "url": "https://www.walmart.com/ip/J-Cole-2014-Forest-Hills-Drive-Vinyl/44751468",
        "price": "$23.38",
        "stars": "4.8",
        "ratings": "4 ",
        "img": "i5.walmartimages.com/asr/582acf42-640a-4f1d-ba2e-aaf899ceafc7_1.7b6f9085286e1c81096f0447ece13394.jpeg?odnWidth=612&odnHeight=612&odnBg=ffffff",
        "tags": [
            [
                "All 4K Ultra HD Movies",
                "/browse/movies-tv-shows/all-4k-ultra-hd-movies/4096_3315790_1172214"
            ],
            [
                "Family Drama Movies",
                "/browse/movies-tv-shows/family-drama-movies/4096_530598_530701_531398"
            ],
            [
                "New Release Movies",
                "/browse/new-release-movies/4096_6942910"
            ],
            [
                "DVD Movies",
                "/browse/movies-tv-shows/dvd-movies/4096_8073310_7001804"
            ],
            [
                "All Action & Adventure",
                "/browse/movies-tv-shows/all-action-adventure/4096_530598_530698_8354524"
            ],
            [
                "All Comedy",
                "/browse/movies-tv-shows/all-comedy/4096_530598_530703_8423591"
            ],
            [
                "All Children & Family Movies",
                "/browse/movies-tv-shows/all-children-family-movies/4096_530598_530701_9062682"
            ]
        ]
    },
    {
        "title": "Drake - Scorpion (2 CD) (Explicit)",
        "url": "https://www.walmart.com/ip/Drake-Scorpion-2-CD-Explicit/780300010",
        "price": "$15.02",
        "stars": "4.8",
        "ratings": "4 ",
        "img": "i5.walmartimages.com/asr/e239201b-b6f2-4c4d-8c0c-a9443582ccb3_3.b969eab5f05a30ce21f73626c52315cf.jpeg?odnWidth=612&odnHeight=612&odnBg=ffffff",
        "tags": [
            [
                "General Vinyl Records",
                "/browse/music/general-vinyl-records/4104_1205481_3400726"
            ],
            [
                "All Vinyl Records",
                "/browse/music/all-vinyl-records/4104_1205481_3434427"
            ],
            [
                "Lil Wayne Music on CD or Vinyl",
                "/browse/music/lil-wayne-music-cd-vinyl/4104_6651806_3907002"
            ],
            [
                "All R&B / Soul Music",
                "/browse/music/all-rb-soul-music/4104_4116_4920828"
            ],
            [
                "Mainstream Rap & Hip-Hop: CDs & Vinyl Records",
                "/browse/music/mainstream-rap-hip-hop-cds-vinyl-records/4104_4117_5088"
            ],
            [
                "Drake Music on CD or Vinyl",
                "/browse/music/drake-music-cd-vinyl/4104_6651806_6994959"
            ],
            [
                "Rap Hip-Hop: Vinyl Records",
                "/browse/music/rap-hip-hop-vinyl-records/4104_4117_7766072"
            ]
        ]
    },
    {
        "title": "Scott Travis - Birds In The Trap Sing Mcknight - Vinyl",
        "url": "https://www.walmart.com/ip/Scott-Travis-Birds-In-The-Trap-Sing-Mcknight-Vinyl/55900445",
        "price": "$29.56",
        "stars": "5.0",
        "ratings": "2 ",
        "img": "",
        "tags": [
            [
                "All Rap & Hiphop: CDs & Vinyl Records",
                "/browse/music/all-rap-hiphop-cds-vinyl-records/4104_4117_3341000"
            ],
            [
                "General Vinyl Records",
                "/browse/music/general-vinyl-records/4104_1205481_3400726"
            ],
            [
                "All Vinyl Records",
                "/browse/music/all-vinyl-records/4104_1205481_3434427"
            ],
            [
                "All R&B / Soul Music",
                "/browse/music/all-rb-soul-music/4104_4116_4920828"
            ],
            [
                "Pop Music: Vinyl Records",
                "/browse/music/pop-music-vinyl-records/4104_1205481_6204731"
            ],
            [
                "Drake Music on CD or Vinyl",
                "/browse/music/drake-music-cd-vinyl/4104_6651806_6994959"
            ],
            [
                "R&B and Soul: Vinyl Records",
                "/browse/music/rb-soul-vinyl-records/4104_4116_7409068"
            ]
        ]
    }
]