[
    {
        "title": "La Musica De Ernesto Lecuona",
        "url": "https://www.walmart.com/ip/La-Musica-De-Ernesto-Lecuona/32062633",
        "price": "$33.98",
        "stars": 0,
        "ratings": 0,
        "img": "",
        "tags": [
            [
                "Music Videos",
                "/browse/music/music-videos/4104_538232_101914"
            ],
            [
                "K-pop Music",
                "/browse/k-pop-music/4104_2703582"
            ],
            [
                "Bob Marley Music on CD or Vinyl",
                "/browse/music/bob-marley-music-cd-vinyl/4104_6651806_4558614"
            ],
            [
                "All Country Music",
                "/browse/music/all-country-music/4104_4109_4674600"
            ],
            [
                "Contemporary Country Music on CD or Vinyl",
                "/browse/music/contemporary-country-music-cd-vinyl/4104_4109_5028"
            ],
            [
                "Reggae",
                "/browse/music/reggae/4104_4124_5122"
            ],
            [
                "All Pop Music",
                "/browse/music/all-pop-music/4104_4115_6683137"
            ],
            [
                "All Folk Music on CD or Vinyl",
                "/browse/music/all-folk-music-cd-vinyl/4104_4111_7795356"
            ]
        ]
    },
    {
        "title": "Now (CD)",
        "url": "https://www.walmart.com/ip/Now-CD/29597794",
        "price": "$16.21",
        "stars": 0,
        "ratings": 0,
        "img": "",
        "tags": [
            [
                "Music Videos",
                "/browse/music/music-videos/4104_538232_101914"
            ],
            [
                "K-pop Music",
                "/browse/k-pop-music/4104_2703582"
            ],
            [
                "Bob Marley Music on CD or Vinyl",
                "/browse/music/bob-marley-music-cd-vinyl/4104_6651806_4558614"
            ],
            [
                "All Country Music",
                "/browse/music/all-country-music/4104_4109_4674600"
            ],
            [
                "Contemporary Country Music on CD or Vinyl",
                "/browse/music/contemporary-country-music-cd-vinyl/4104_4109_5028"
            ],
            [
                "Reggae",
                "/browse/music/reggae/4104_4124_5122"
            ],
            [
                "All Pop Music",
                "/browse/music/all-pop-music/4104_4115_6683137"
            ],
            [
                "All Folk Music on CD or Vinyl",
                "/browse/music/all-folk-music-cd-vinyl/4104_4111_7795356"
            ]
        ]
    },
    {
        "title": "Ranil Y Su Conjunto Tropical - Vinyl",
        "url": "https://www.walmart.com/ip/Ranil-Y-Su-Conjunto-Tropical-Vinyl/882130660",
        "price": "$29.99",
        "stars": 0,
        "ratings": 0,
        "img": "",
        "tags": [
            [
                "All Rock Music",
                "/browse/music/all-rock-music/4104_4118_1458080"
            ],
            [
                "Rock Music: Vinyl Records",
                "/browse/music/rock-music-vinyl-records/4104_4118_2844615"
            ],
            [
                "All Rap & Hiphop: CDs & Vinyl Records",
                "/browse/music/all-rap-hiphop-cds-vinyl-records/4104_4117_3341000"
            ],
            [
                "All Vinyl Records",
                "/browse/music/all-vinyl-records/4104_1205481_3434427"
            ],
            [
                "Pop Music: Vinyl Records",
                "/browse/music/pop-music-vinyl-records/4104_1205481_6204731"
            ],
            [
                "All Pop Music",
                "/browse/music/all-pop-music/4104_4115_6683137"
            ],
            [
                "Rap Hip-Hop: Vinyl Records",
                "/browse/music/rap-hip-hop-vinyl-records/4104_4117_7766072"
            ]
        ]
    },
    {
        "title": "Peace of Mind (CD)",
        "url": "https://www.walmart.com/ip/Peace-of-Mind-CD/146690748",
        "price": "$43.00",
        "stars": 0,
        "ratings": 0,
        "img": "",
        "tags": [
            [
                "Rock Music: Vinyl Records",
                "/browse/music/rock-music-vinyl-records/4104_4118_2844615"
            ],
            [
                "General Vinyl Records",
                "/browse/music/general-vinyl-records/4104_1205481_3400726"
            ],
            [
                "All Vinyl Records",
                "/browse/music/all-vinyl-records/4104_1205481_3434427"
            ],
            [
                "All World & Reggae Music",
                "/browse/music/all-world-reggae-music/4104_4124_4296438"
            ],
            [
                "Bob Marley Music on CD or Vinyl",
                "/browse/music/bob-marley-music-cd-vinyl/4104_6651806_4558614"
            ],
            [
                "All R&B / Soul Music",
                "/browse/music/all-rb-soul-music/4104_4116_4920828"
            ],
            [
                "R&B and Soul: Vinyl Records",
                "/browse/music/rb-soul-vinyl-records/4104_4116_7409068"
            ]
        ]
    },
    {
        "title": "For You (CD) (Remaster)",
        "url": "https://www.walmart.com/ip/For-You-CD-Remaster/128497415",
        "price": "$29.53",
        "stars": 0,
        "ratings": 0,
        "img": "",
        "tags": [
            [
                "Music Videos",
                "/browse/music/music-videos/4104_538232_101914"
            ],
            [
                "K-pop Music",
                "/browse/k-pop-music/4104_2703582"
            ],
            [
                "Bob Marley Music on CD or Vinyl",
                "/browse/music/bob-marley-music-cd-vinyl/4104_6651806_4558614"
            ],
            [
                "All Country Music",
                "/browse/music/all-country-music/4104_4109_4674600"
            ],
            [
                "Contemporary Country Music on CD or Vinyl",
                "/browse/music/contemporary-country-music-cd-vinyl/4104_4109_5028"
            ],
            [
                "Reggae",
                "/browse/music/reggae/4104_4124_5122"
            ],
            [
                "All Pop Music",
                "/browse/music/all-pop-music/4104_4115_6683137"
            ],
            [
                "All Folk Music on CD or Vinyl",
                "/browse/music/all-folk-music-cd-vinyl/4104_4111_7795356"
            ]
        ]
    },
    {
        "title": "More Gregory Isaacs",
        "url": "https://www.walmart.com/ip/More-Gregory-Isaacs/129612588",
        "price": "$37.00",
        "stars": 0,
        "ratings": 0,
        "img": "",
        "tags": [
            [
                "Rock Music: Vinyl Records",
                "/browse/music/rock-music-vinyl-records/4104_4118_2844615"
            ],
            [
                "General Vinyl Records",
                "/browse/music/general-vinyl-records/4104_1205481_3400726"
            ],
            [
                "All Vinyl Records",
                "/browse/music/all-vinyl-records/4104_1205481_3434427"
            ],
            [
                "All World & Reggae Music",
                "/browse/music/all-world-reggae-music/4104_4124_4296438"
            ],
            [
                "Bob Marley Music on CD or Vinyl",
                "/browse/music/bob-marley-music-cd-vinyl/4104_6651806_4558614"
            ],
            [
                "All R&B / Soul Music",
                "/browse/music/all-rb-soul-music/4104_4116_4920828"
            ],
            [
                "R&B and Soul: Vinyl Records",
                "/browse/music/rb-soul-vinyl-records/4104_4116_7409068"
            ]
        ]
    },
    {
        "title": "MTV Unplugged",
        "url": "https://www.walmart.com/ip/MTV-Unplugged/127644887",
        "price": "$21.62",
        "stars": 0,
        "ratings": 0,
        "img": "",
        "tags": [
            [
                "Rock Music: Vinyl Records",
                "/browse/music/rock-music-vinyl-records/4104_4118_2844615"
            ],
            [
                "General Vinyl Records",
                "/browse/music/general-vinyl-records/4104_1205481_3400726"
            ],
            [
                "All Vinyl Records",
                "/browse/music/all-vinyl-records/4104_1205481_3434427"
            ],
            [
                "All World & Reggae Music",
                "/browse/music/all-world-reggae-music/4104_4124_4296438"
            ],
            [
                "Bob Marley Music on CD or Vinyl",
                "/browse/music/bob-marley-music-cd-vinyl/4104_6651806_4558614"
            ],
            [
                "All R&B / Soul Music",
                "/browse/music/all-rb-soul-music/4104_4116_4920828"
            ],
            [
                "R&B and Soul: Vinyl Records",
                "/browse/music/rb-soul-vinyl-records/4104_4116_7409068"
            ]
        ]
    },
    {
        "title": "S.T 01 Now (CD)",
        "url": "https://www.walmart.com/ip/S-T-01-Now-CD/34601235",
        "price": "$16.64",
        "stars": "5.0",
        "ratings": "1 ",
        "img": "",
        "tags": [
            [
                "Music Videos",
                "/browse/music/music-videos/4104_538232_101914"
            ],
            [
                "K-pop Music",
                "/browse/k-pop-music/4104_2703582"
            ],
            [
                "Bob Marley Music on CD or Vinyl",
                "/browse/music/bob-marley-music-cd-vinyl/4104_6651806_4558614"
            ],
            [
                "All Country Music",
                "/browse/music/all-country-music/4104_4109_4674600"
            ],
            [
                "Contemporary Country Music on CD or Vinyl",
                "/browse/music/contemporary-country-music-cd-vinyl/4104_4109_5028"
            ],
            [
                "Reggae",
                "/browse/music/reggae/4104_4124_5122"
            ],
            [
                "All Pop Music",
                "/browse/music/all-pop-music/4104_4115_6683137"
            ],
            [
                "All Folk Music on CD or Vinyl",
                "/browse/music/all-folk-music-cd-vinyl/4104_4111_7795356"
            ]
        ]
    },
    {
        "title": "Blue Hawaii",
        "url": "https://www.walmart.com/ip/Blue-Hawaii/35110315",
        "price": "$12.46",
        "stars": 0,
        "ratings": 0,
        "img": "",
        "tags": [
            [
                "Music Videos",
                "/browse/music/music-videos/4104_538232_101914"
            ],
            [
                "K-pop Music",
                "/browse/k-pop-music/4104_2703582"
            ],
            [
                "Bob Marley Music on CD or Vinyl",
                "/browse/music/bob-marley-music-cd-vinyl/4104_6651806_4558614"
            ],
            [
                "All Country Music",
                "/browse/music/all-country-music/4104_4109_4674600"
            ],
            [
                "Contemporary Country Music on CD or Vinyl",
                "/browse/music/contemporary-country-music-cd-vinyl/4104_4109_5028"
            ],
            [
                "Reggae",
                "/browse/music/reggae/4104_4124_5122"
            ],
            [
                "All Pop Music",
                "/browse/music/all-pop-music/4104_4115_6683137"
            ],
            [
                "All Folk Music on CD or Vinyl",
                "/browse/music/all-folk-music-cd-vinyl/4104_4111_7795356"
            ]
        ]
    },
    {
        "title": "Celtic Woman, Vol. 3: The Irish",
        "url": "https://www.walmart.com/ip/Celtic-Woman-Vol-3-The-Irish/55866420",
        "price": "$21.15",
        "stars": 0,
        "ratings": 0,
        "img": "",
        "tags": [
            [
                "Music Videos",
                "/browse/music/music-videos/4104_538232_101914"
            ],
            [
                "Christmas Music",
                "/browse/music/christmas-music/4104_4120_178005"
            ],
            [
                "All World & Reggae Music",
                "/browse/music/all-world-reggae-music/4104_4124_4296438"
            ],
            [
                "Contemporary Folk Music on CD or Vinyl",
                "/browse/music/contemporary-folk-music-cd-vinyl/4104_4111_5044"
            ],
            [
                "All Folk Music on CD or Vinyl",
                "/browse/music/all-folk-music-cd-vinyl/4104_4111_7795356"
            ]
        ]
    }
]