[
    {
        "title": "You're Growing",
        "url": "https://www.walmart.com/ip/You-re-Growing/524687304",
        "price": "$14.98",
        "stars": 0,
        "ratings": 0,
        "img": "",
        "tags": []
    },
    {
        "title": "101 Dalmations And Friends",
        "url": "https://www.walmart.com/ip/101-Dalmations-And-Friends/9203622",
        "price": "$3.19",
        "stars": "4.0",
        "ratings": "2 ",
        "img": "",
        "tags": [
            [
                "Christmas Music",
                "/browse/music/christmas-music/4104_4120_178005"
            ],
            [
                "All Soundtracks",
                "/browse/music/all-soundtracks/4104_4119_3300580"
            ],
            [
                "Children's Religious  Music on CD or Vinyl",
                "/browse/music/childrens-religious-music-cd-vinyl/4104_4106_5010"
            ],
            [
                "Children's Sing-a-Long Music on CD or Vinyl",
                "/browse/music/childrens-sing-a-long-music-cd-vinyl/4104_4106_5012"
            ],
            [
                "Sacred / Religious Music on CD or Vinyl",
                "/browse/music/sacred-religious-music-cd-vinyl/4104_4107_5026"
            ],
            [
                "Pop Rock Music on CD or Vinyl",
                "/browse/music/pop-rock-music-cd-vinyl/4104_4115_5096"
            ],
            [
                "Film Soundtracks",
                "/browse/music/film-soundtracks/4104_4119_5100"
            ],
            [
                "All Karaoke Music",
                "/browse/music/all-karaoke-music/4104_136735_5133239"
            ]
        ]
    },
    {
        "title": "Music Of The Venture Bros, Vol. 2",
        "url": "https://www.walmart.com/ip/Music-Of-The-Venture-Bros-Vol-2/115361775",
        "price": "$16.59",
        "stars": 0,
        "ratings": 0,
        "img": "",
        "tags": [
            [
                "Only at Walmart",
                "/browse/only-at-walmart/4104_1228141"
            ],
            [
                "All Rock Music",
                "/browse/music/all-rock-music/4104_4118_1458080"
            ],
            [
                "Walmart Exclusive Vinyl",
                "/browse/music/walmart-exclusive-vinyl/4104_1205481_2564313"
            ],
            [
                "General Vinyl Records",
                "/browse/music/general-vinyl-records/4104_1205481_3400726"
            ],
            [
                "All Vinyl Records",
                "/browse/music/all-vinyl-records/4104_1205481_3434427"
            ],
            [
                "All Children's Music",
                "/browse/music/all-childrens-music/4104_4106_5007"
            ],
            [
                "Film Soundtracks",
                "/browse/music/film-soundtracks/4104_4119_5100"
            ],
            [
                "Soundtracks: Vinyl Records",
                "/browse/music/soundtracks-vinyl-records/4104_1205481_9901623"
            ]
        ]
    },
    {
        "title": "Cha Cha Cha (Spanish Learning)",
        "url": "https://www.walmart.com/ip/Cha-Cha-Cha-Spanish-Learning/35267322",
        "price": "$33.00",
        "stars": 0,
        "ratings": 0,
        "img": "",
        "tags": [
            [
                "Christmas Music",
                "/browse/music/christmas-music/4104_4120_178005"
            ],
            [
                "All Soundtracks",
                "/browse/music/all-soundtracks/4104_4119_3300580"
            ],
            [
                "Children's Religious  Music on CD or Vinyl",
                "/browse/music/childrens-religious-music-cd-vinyl/4104_4106_5010"
            ],
            [
                "Children's Sing-a-Long Music on CD or Vinyl",
                "/browse/music/childrens-sing-a-long-music-cd-vinyl/4104_4106_5012"
            ],
            [
                "Sacred / Religious Music on CD or Vinyl",
                "/browse/music/sacred-religious-music-cd-vinyl/4104_4107_5026"
            ],
            [
                "Pop Rock Music on CD or Vinyl",
                "/browse/music/pop-rock-music-cd-vinyl/4104_4115_5096"
            ],
            [
                "Film Soundtracks",
                "/browse/music/film-soundtracks/4104_4119_5100"
            ],
            [
                "All Karaoke Music",
                "/browse/music/all-karaoke-music/4104_136735_5133239"
            ]
        ]
    },
    {
        "title": "Toddlers Sing Rock 'N' Roll (CD)",
        "url": "https://www.walmart.com/ip/Toddlers-Sing-Rock-N-Roll-CD/1680581",
        "price": "$8.66",
        "stars": 0,
        "ratings": 0,
        "img": "",
        "tags": [
            [
                "Christmas Music",
                "/browse/music/christmas-music/4104_4120_178005"
            ],
            [
                "All Soundtracks",
                "/browse/music/all-soundtracks/4104_4119_3300580"
            ],
            [
                "Children's Religious  Music on CD or Vinyl",
                "/browse/music/childrens-religious-music-cd-vinyl/4104_4106_5010"
            ],
            [
                "Children's Sing-a-Long Music on CD or Vinyl",
                "/browse/music/childrens-sing-a-long-music-cd-vinyl/4104_4106_5012"
            ],
            [
                "Sacred / Religious Music on CD or Vinyl",
                "/browse/music/sacred-religious-music-cd-vinyl/4104_4107_5026"
            ],
            [
                "Pop Rock Music on CD or Vinyl",
                "/browse/music/pop-rock-music-cd-vinyl/4104_4115_5096"
            ],
            [
                "Film Soundtracks",
                "/browse/music/film-soundtracks/4104_4119_5100"
            ],
            [
                "All Karaoke Music",
                "/browse/music/all-karaoke-music/4104_136735_5133239"
            ]
        ]
    },
    {
        "title": "Classic TV Themes of the '50s & '60s: Danger Men, Mavericks, Thrillers and Twilight Zones Soundtrack",
        "url": "https://www.walmart.com/ip/Classic-TV-Themes-of-the-50s-60s-Danger-Men-Mavericks-Thrillers-and-Twilight-Zones-Soundtrack/495963824",
        "price": "$11.62",
        "stars": 0,
        "ratings": 0,
        "img": "",
        "tags": [
            [
                "Only at Walmart",
                "/browse/only-at-walmart/4104_1228141"
            ],
            [
                "All Rock Music",
                "/browse/music/all-rock-music/4104_4118_1458080"
            ],
            [
                "Walmart Exclusive Vinyl",
                "/browse/music/walmart-exclusive-vinyl/4104_1205481_2564313"
            ],
            [
                "General Vinyl Records",
                "/browse/music/general-vinyl-records/4104_1205481_3400726"
            ],
            [
                "All Vinyl Records",
                "/browse/music/all-vinyl-records/4104_1205481_3434427"
            ],
            [
                "All Children's Music",
                "/browse/music/all-childrens-music/4104_4106_5007"
            ],
            [
                "Film Soundtracks",
                "/browse/music/film-soundtracks/4104_4119_5100"
            ],
            [
                "Soundtracks: Vinyl Records",
                "/browse/music/soundtracks-vinyl-records/4104_1205481_9901623"
            ]
        ]
    },
    {
        "title": "Dr. Jean Sings Silly Songs",
        "url": "https://www.walmart.com/ip/Dr-Jean-Sings-Silly-Songs/25305995",
        "price": "$21.83",
        "stars": 0,
        "ratings": 0,
        "img": "",
        "tags": [
            [
                "Christmas Music",
                "/browse/music/christmas-music/4104_4120_178005"
            ],
            [
                "All Soundtracks",
                "/browse/music/all-soundtracks/4104_4119_3300580"
            ],
            [
                "Children's Religious  Music on CD or Vinyl",
                "/browse/music/childrens-religious-music-cd-vinyl/4104_4106_5010"
            ],
            [
                "Children's Sing-a-Long Music on CD or Vinyl",
                "/browse/music/childrens-sing-a-long-music-cd-vinyl/4104_4106_5012"
            ],
            [
                "Sacred / Religious Music on CD or Vinyl",
                "/browse/music/sacred-religious-music-cd-vinyl/4104_4107_5026"
            ],
            [
                "Pop Rock Music on CD or Vinyl",
                "/browse/music/pop-rock-music-cd-vinyl/4104_4115_5096"
            ],
            [
                "Film Soundtracks",
                "/browse/music/film-soundtracks/4104_4119_5100"
            ],
            [
                "All Karaoke Music",
                "/browse/music/all-karaoke-music/4104_136735_5133239"
            ]
        ]
    },
    {
        "title": "Lullaby Renditions of Willie Nelson",
        "url": "https://www.walmart.com/ip/Lullaby-Renditions-of-Willie-Nelson/28852453",
        "price": "$16.71",
        "stars": 0,
        "ratings": 0,
        "img": "",
        "tags": [
            [
                "Christmas Music",
                "/browse/music/christmas-music/4104_4120_178005"
            ],
            [
                "All Soundtracks",
                "/browse/music/all-soundtracks/4104_4119_3300580"
            ],
            [
                "Children's Religious  Music on CD or Vinyl",
                "/browse/music/childrens-religious-music-cd-vinyl/4104_4106_5010"
            ],
            [
                "Children's Sing-a-Long Music on CD or Vinyl",
                "/browse/music/childrens-sing-a-long-music-cd-vinyl/4104_4106_5012"
            ],
            [
                "Sacred / Religious Music on CD or Vinyl",
                "/browse/music/sacred-religious-music-cd-vinyl/4104_4107_5026"
            ],
            [
                "Pop Rock Music on CD or Vinyl",
                "/browse/music/pop-rock-music-cd-vinyl/4104_4115_5096"
            ],
            [
                "Film Soundtracks",
                "/browse/music/film-soundtracks/4104_4119_5100"
            ],
            [
                "All Karaoke Music",
                "/browse/music/all-karaoke-music/4104_136735_5133239"
            ]
        ]
    },
    {
        "title": "VARIOUS ARTISTS - APRENDIENDO LAS FIGURAS CON MUSICA",
        "url": "https://www.walmart.com/ip/VARIOUS-ARTISTS-APRENDIENDO-LAS-FIGURAS-CON-MUSICA/5172800",
        "price": "$5.17",
        "stars": 0,
        "ratings": 0,
        "img": "",
        "tags": []
    },
    {
        "title": "Lullaby Renditions Of No Doubt",
        "url": "https://www.walmart.com/ip/Lullaby-Renditions-Of-No-Doubt/35297918",
        "price": "$17.29",
        "stars": 0,
        "ratings": 0,
        "img": "",
        "tags": [
            [
                "Christmas Music",
                "/browse/music/christmas-music/4104_4120_178005"
            ],
            [
                "All Soundtracks",
                "/browse/music/all-soundtracks/4104_4119_3300580"
            ],
            [
                "Children's Religious  Music on CD or Vinyl",
                "/browse/music/childrens-religious-music-cd-vinyl/4104_4106_5010"
            ],
            [
                "Children's Sing-a-Long Music on CD or Vinyl",
                "/browse/music/childrens-sing-a-long-music-cd-vinyl/4104_4106_5012"
            ],
            [
                "Sacred / Religious Music on CD or Vinyl",
                "/browse/music/sacred-religious-music-cd-vinyl/4104_4107_5026"
            ],
            [
                "Pop Rock Music on CD or Vinyl",
                "/browse/music/pop-rock-music-cd-vinyl/4104_4115_5096"
            ],
            [
                "Film Soundtracks",
                "/browse/music/film-soundtracks/4104_4119_5100"
            ],
            [
                "All Karaoke Music",
                "/browse/music/all-karaoke-music/4104_136735_5133239"
            ]
        ]
    }
]