[
    {
        "title": "Sweet Dreams",
        "url": "https://www.walmart.com/ip/Sweet-Dreams/125525700",
        "price": "$10.59",
        "stars": 0,
        "ratings": 0,
        "img": "",
        "tags": [
            [
                "Christmas Music",
                "/browse/music/christmas-music/4104_4120_178005"
            ],
            [
                "All Soundtracks",
                "/browse/music/all-soundtracks/4104_4119_3300580"
            ],
            [
                "Children's Religious  Music on CD or Vinyl",
                "/browse/music/childrens-religious-music-cd-vinyl/4104_4106_5010"
            ],
            [
                "Children's Sing-a-Long Music on CD or Vinyl",
                "/browse/music/childrens-sing-a-long-music-cd-vinyl/4104_4106_5012"
            ],
            [
                "Sacred / Religious Music on CD or Vinyl",
                "/browse/music/sacred-religious-music-cd-vinyl/4104_4107_5026"
            ],
            [
                "Pop Rock Music on CD or Vinyl",
                "/browse/music/pop-rock-music-cd-vinyl/4104_4115_5096"
            ],
            [
                "Film Soundtracks",
                "/browse/music/film-soundtracks/4104_4119_5100"
            ],
            [
                "All Karaoke Music",
                "/browse/music/all-karaoke-music/4104_136735_5133239"
            ]
        ]
    },
    {
        "title": "Sleeping Beauty And Friends",
        "url": "https://www.walmart.com/ip/Sleeping-Beauty-And-Friends/10670837",
        "price": "$10.60",
        "stars": "5.0",
        "ratings": "1 ",
        "img": "",
        "tags": [
            [
                "Christmas Music",
                "/browse/music/christmas-music/4104_4120_178005"
            ],
            [
                "All Soundtracks",
                "/browse/music/all-soundtracks/4104_4119_3300580"
            ],
            [
                "Children's Religious  Music on CD or Vinyl",
                "/browse/music/childrens-religious-music-cd-vinyl/4104_4106_5010"
            ],
            [
                "Children's Sing-a-Long Music on CD or Vinyl",
                "/browse/music/childrens-sing-a-long-music-cd-vinyl/4104_4106_5012"
            ],
            [
                "Sacred / Religious Music on CD or Vinyl",
                "/browse/music/sacred-religious-music-cd-vinyl/4104_4107_5026"
            ],
            [
                "Pop Rock Music on CD or Vinyl",
                "/browse/music/pop-rock-music-cd-vinyl/4104_4115_5096"
            ],
            [
                "Film Soundtracks",
                "/browse/music/film-soundtracks/4104_4119_5100"
            ],
            [
                "All Karaoke Music",
                "/browse/music/all-karaoke-music/4104_136735_5133239"
            ]
        ]
    },
    {
        "title": "Magic Machine",
        "url": "https://www.walmart.com/ip/Magic-Machine/194526049",
        "price": "$10.62",
        "stars": 0,
        "ratings": 0,
        "img": "",
        "tags": [
            [
                "Christmas Music",
                "/browse/music/christmas-music/4104_4120_178005"
            ],
            [
                "All Soundtracks",
                "/browse/music/all-soundtracks/4104_4119_3300580"
            ],
            [
                "Children's Religious  Music on CD or Vinyl",
                "/browse/music/childrens-religious-music-cd-vinyl/4104_4106_5010"
            ],
            [
                "Children's Sing-a-Long Music on CD or Vinyl",
                "/browse/music/childrens-sing-a-long-music-cd-vinyl/4104_4106_5012"
            ],
            [
                "Sacred / Religious Music on CD or Vinyl",
                "/browse/music/sacred-religious-music-cd-vinyl/4104_4107_5026"
            ],
            [
                "Pop Rock Music on CD or Vinyl",
                "/browse/music/pop-rock-music-cd-vinyl/4104_4115_5096"
            ],
            [
                "Film Soundtracks",
                "/browse/music/film-soundtracks/4104_4119_5100"
            ],
            [
                "All Karaoke Music",
                "/browse/music/all-karaoke-music/4104_136735_5133239"
            ]
        ]
    },
    {
        "title": "SPACE CHILD",
        "url": "https://www.walmart.com/ip/SPACE-CHILD/28852312",
        "price": "$10.63",
        "stars": 0,
        "ratings": 0,
        "img": "",
        "tags": [
            [
                "Christmas Music",
                "/browse/music/christmas-music/4104_4120_178005"
            ],
            [
                "All Soundtracks",
                "/browse/music/all-soundtracks/4104_4119_3300580"
            ],
            [
                "Children's Religious  Music on CD or Vinyl",
                "/browse/music/childrens-religious-music-cd-vinyl/4104_4106_5010"
            ],
            [
                "Children's Sing-a-Long Music on CD or Vinyl",
                "/browse/music/childrens-sing-a-long-music-cd-vinyl/4104_4106_5012"
            ],
            [
                "Sacred / Religious Music on CD or Vinyl",
                "/browse/music/sacred-religious-music-cd-vinyl/4104_4107_5026"
            ],
            [
                "Pop Rock Music on CD or Vinyl",
                "/browse/music/pop-rock-music-cd-vinyl/4104_4115_5096"
            ],
            [
                "Film Soundtracks",
                "/browse/music/film-soundtracks/4104_4119_5100"
            ],
            [
                "All Karaoke Music",
                "/browse/music/all-karaoke-music/4104_136735_5133239"
            ]
        ]
    },
    {
        "title": "Chocolate Milk",
        "url": "https://www.walmart.com/ip/Chocolate-Milk/154712491",
        "price": "$10.64",
        "stars": 0,
        "ratings": 0,
        "img": "",
        "tags": [
            [
                "Christmas Music",
                "/browse/music/christmas-music/4104_4120_178005"
            ],
            [
                "All Soundtracks",
                "/browse/music/all-soundtracks/4104_4119_3300580"
            ],
            [
                "Children's Religious  Music on CD or Vinyl",
                "/browse/music/childrens-religious-music-cd-vinyl/4104_4106_5010"
            ],
            [
                "Children's Sing-a-Long Music on CD or Vinyl",
                "/browse/music/childrens-sing-a-long-music-cd-vinyl/4104_4106_5012"
            ],
            [
                "Sacred / Religious Music on CD or Vinyl",
                "/browse/music/sacred-religious-music-cd-vinyl/4104_4107_5026"
            ],
            [
                "Pop Rock Music on CD or Vinyl",
                "/browse/music/pop-rock-music-cd-vinyl/4104_4115_5096"
            ],
            [
                "Film Soundtracks",
                "/browse/music/film-soundtracks/4104_4119_5100"
            ],
            [
                "All Karaoke Music",
                "/browse/music/all-karaoke-music/4104_136735_5133239"
            ]
        ]
    },
    {
        "title": "Celebration Of Stars: Children's Music By Grammy Celebrated Artists",
        "url": "https://www.walmart.com/ip/Celebration-Of-Stars-Children-s-Music-By-Grammy-Celebrated-Artists/55982639",
        "price": "$10.64",
        "stars": 0,
        "ratings": 0,
        "img": "",
        "tags": [
            [
                "Christmas Music",
                "/browse/music/christmas-music/4104_4120_178005"
            ],
            [
                "All Soundtracks",
                "/browse/music/all-soundtracks/4104_4119_3300580"
            ],
            [
                "Children's Religious  Music on CD or Vinyl",
                "/browse/music/childrens-religious-music-cd-vinyl/4104_4106_5010"
            ],
            [
                "Children's Sing-a-Long Music on CD or Vinyl",
                "/browse/music/childrens-sing-a-long-music-cd-vinyl/4104_4106_5012"
            ],
            [
                "Sacred / Religious Music on CD or Vinyl",
                "/browse/music/sacred-religious-music-cd-vinyl/4104_4107_5026"
            ],
            [
                "Pop Rock Music on CD or Vinyl",
                "/browse/music/pop-rock-music-cd-vinyl/4104_4115_5096"
            ],
            [
                "Film Soundtracks",
                "/browse/music/film-soundtracks/4104_4119_5100"
            ],
            [
                "All Karaoke Music",
                "/browse/music/all-karaoke-music/4104_136735_5133239"
            ]
        ]
    },
    {
        "title": "Look Both Ways",
        "url": "https://www.walmart.com/ip/Look-Both-Ways/34599206",
        "price": "$10.66",
        "stars": 0,
        "ratings": 0,
        "img": "",
        "tags": [
            [
                "Christmas Music",
                "/browse/music/christmas-music/4104_4120_178005"
            ],
            [
                "All Soundtracks",
                "/browse/music/all-soundtracks/4104_4119_3300580"
            ],
            [
                "Children's Religious  Music on CD or Vinyl",
                "/browse/music/childrens-religious-music-cd-vinyl/4104_4106_5010"
            ],
            [
                "Children's Sing-a-Long Music on CD or Vinyl",
                "/browse/music/childrens-sing-a-long-music-cd-vinyl/4104_4106_5012"
            ],
            [
                "Sacred / Religious Music on CD or Vinyl",
                "/browse/music/sacred-religious-music-cd-vinyl/4104_4107_5026"
            ],
            [
                "Pop Rock Music on CD or Vinyl",
                "/browse/music/pop-rock-music-cd-vinyl/4104_4115_5096"
            ],
            [
                "Film Soundtracks",
                "/browse/music/film-soundtracks/4104_4119_5100"
            ],
            [
                "All Karaoke Music",
                "/browse/music/all-karaoke-music/4104_136735_5133239"
            ]
        ]
    },
    {
        "title": "Dradle 'Round the Tree",
        "url": "https://www.walmart.com/ip/Dradle-Round-the-Tree/189049046",
        "price": "$10.66",
        "stars": 0,
        "ratings": 0,
        "img": "",
        "tags": [
            [
                "Christmas Music",
                "/browse/music/christmas-music/4104_4120_178005"
            ],
            [
                "All Soundtracks",
                "/browse/music/all-soundtracks/4104_4119_3300580"
            ],
            [
                "Children's Religious  Music on CD or Vinyl",
                "/browse/music/childrens-religious-music-cd-vinyl/4104_4106_5010"
            ],
            [
                "Children's Sing-a-Long Music on CD or Vinyl",
                "/browse/music/childrens-sing-a-long-music-cd-vinyl/4104_4106_5012"
            ],
            [
                "Sacred / Religious Music on CD or Vinyl",
                "/browse/music/sacred-religious-music-cd-vinyl/4104_4107_5026"
            ],
            [
                "Pop Rock Music on CD or Vinyl",
                "/browse/music/pop-rock-music-cd-vinyl/4104_4115_5096"
            ],
            [
                "Film Soundtracks",
                "/browse/music/film-soundtracks/4104_4119_5100"
            ],
            [
                "All Karaoke Music",
                "/browse/music/all-karaoke-music/4104_136735_5133239"
            ]
        ]
    },
    {
        "title": "Hollywood Actors with Studio Orchestra - William Tell",
        "url": "https://www.walmart.com/ip/Hollywood-Actors-with-Studio-Orchestra-William-Tell/181754390",
        "price": "$10.66",
        "stars": 0,
        "ratings": 0,
        "img": "i5.walmartimages.com/asr/d658ccba-6783-4e98-8329-ba6f5c41f748_1.25894d7ea85bdda910a7558d0bc85ae1.jpeg?odnWidth=612&odnHeight=612&odnBg=ffffff",
        "tags": [
            [
                "Christmas Music",
                "/browse/music/christmas-music/4104_4120_178005"
            ],
            [
                "All Soundtracks",
                "/browse/music/all-soundtracks/4104_4119_3300580"
            ],
            [
                "Children's Religious  Music on CD or Vinyl",
                "/browse/music/childrens-religious-music-cd-vinyl/4104_4106_5010"
            ],
            [
                "Children's Sing-a-Long Music on CD or Vinyl",
                "/browse/music/childrens-sing-a-long-music-cd-vinyl/4104_4106_5012"
            ],
            [
                "Sacred / Religious Music on CD or Vinyl",
                "/browse/music/sacred-religious-music-cd-vinyl/4104_4107_5026"
            ],
            [
                "Pop Rock Music on CD or Vinyl",
                "/browse/music/pop-rock-music-cd-vinyl/4104_4115_5096"
            ],
            [
                "Film Soundtracks",
                "/browse/music/film-soundtracks/4104_4119_5100"
            ],
            [
                "All Karaoke Music",
                "/browse/music/all-karaoke-music/4104_136735_5133239"
            ]
        ]
    },
    {
        "title": "Hollywood Actors with Studio Orchestra - Sleeping Beauty",
        "url": "https://www.walmart.com/ip/Hollywood-Actors-with-Studio-Orchestra-Sleeping-Beauty/128532370",
        "price": "$10.66",
        "stars": 0,
        "ratings": 0,
        "img": "i5.walmartimages.com/asr/43c6a75e-6f75-446d-934b-7fe23ec40a3e_1.9623547331ca9f64a655f16590271416.jpeg?odnWidth=612&odnHeight=612&odnBg=ffffff",
        "tags": [
            [
                "Christmas Music",
                "/browse/music/christmas-music/4104_4120_178005"
            ],
            [
                "All Soundtracks",
                "/browse/music/all-soundtracks/4104_4119_3300580"
            ],
            [
                "Children's Religious  Music on CD or Vinyl",
                "/browse/music/childrens-religious-music-cd-vinyl/4104_4106_5010"
            ],
            [
                "Children's Sing-a-Long Music on CD or Vinyl",
                "/browse/music/childrens-sing-a-long-music-cd-vinyl/4104_4106_5012"
            ],
            [
                "Sacred / Religious Music on CD or Vinyl",
                "/browse/music/sacred-religious-music-cd-vinyl/4104_4107_5026"
            ],
            [
                "Pop Rock Music on CD or Vinyl",
                "/browse/music/pop-rock-music-cd-vinyl/4104_4115_5096"
            ],
            [
                "Film Soundtracks",
                "/browse/music/film-soundtracks/4104_4119_5100"
            ],
            [
                "All Karaoke Music",
                "/browse/music/all-karaoke-music/4104_136735_5133239"
            ]
        ]
    }
]