[
    {
        "title": "Red Hot Chili Peppers - Greatest Hits - CD",
        "url": "https://www.walmart.com/ip/Red-Hot-Chili-Peppers-Greatest-Hits-CD/2449573",
        "price": "$11.97",
        "stars": "5.0",
        "ratings": "5 ",
        "img": "",
        "tags": [
            [
                "All Rock Music",
                "/browse/music/all-rock-music/4104_4118_1458080"
            ],
            [
                "Red Hot Chili Peppers",
                "/browse/music/red-hot-chili-peppers/4104_7075720_5360800_2335133"
            ],
            [
                "Led Zeppelin Music on CD or Vinyl",
                "/browse/music/led-zeppelin-music-cd-vinyl/4104_6651806_2373083"
            ],
            [
                "Rock Music: Vinyl Records",
                "/browse/music/rock-music-vinyl-records/4104_4118_2844615"
            ],
            [
                "Heavy Metal Music on CD or Vinyl",
                "/browse/music/heavy-metal-music-cd-vinyl/4104_4118_5094"
            ],
            [
                "Pop Music: Vinyl Records",
                "/browse/music/pop-music-vinyl-records/4104_1205481_6204731"
            ],
            [
                "All Pop Music",
                "/browse/music/all-pop-music/4104_4115_6683137"
            ]
        ]
    },
    {
        "title": "Backstreet Boys - DNA - CD",
        "url": "https://www.walmart.com/ip/Backstreet-Boys-DNA-CD/810923097",
        "price": "$8.99",
        "stars": "5.0",
        "ratings": "9 ",
        "img": "",
        "tags": [
            [
                "Rock Music: Vinyl Records",
                "/browse/music/rock-music-vinyl-records/4104_4118_2844615"
            ],
            [
                "Imagine Dragons Music on CD or Vinyl",
                "/browse/music/imagine-dragons-music-cd-vinyl/4104_6651806_4905390"
            ],
            [
                "Opera & Vocal Music on CD or Vinyl",
                "/browse/music/opera-vocal-music-cd-vinyl/4104_4108_5025"
            ],
            [
                "Pop Rock Music on CD or Vinyl",
                "/browse/music/pop-rock-music-cd-vinyl/4104_4115_5096"
            ],
            [
                "NSYNC",
                "/browse/music/nsync/4104_7075720_5360800_5663291"
            ],
            [
                "Backstreet Boys",
                "/browse/music/backstreet-boys/4104_7075720_5360800_6092253"
            ],
            [
                "All Pop Music",
                "/browse/music/all-pop-music/4104_4115_6683137"
            ],
            [
                "New Kids On The Block",
                "/browse/music/new-kids-on-the-block/4104_7075720_5360800_9819634"
            ]
        ]
    },
    {
        "title": "Celine Dion - Courage - CD",
        "url": "https://www.walmart.com/ip/Celine-Dion-Courage-CD/770872984",
        "price": "$13.75",
        "stars": 0,
        "ratings": 0,
        "img": "",
        "tags": [
            [
                "Music Videos",
                "/browse/music/music-videos/4104_538232_101914"
            ],
            [
                "Christmas Music",
                "/browse/music/christmas-music/4104_4120_178005"
            ],
            [
                "All Soundtracks",
                "/browse/music/all-soundtracks/4104_4119_3300580"
            ],
            [
                "All World & Reggae Music",
                "/browse/music/all-world-reggae-music/4104_4124_4296438"
            ],
            [
                "Pop Rock Music on CD or Vinyl",
                "/browse/music/pop-rock-music-cd-vinyl/4104_4115_5096"
            ],
            [
                "Celine Dion",
                "/browse/music/celine-dion/4104_7075720_5360800_6077838"
            ],
            [
                "All Pop Music",
                "/browse/music/all-pop-music/4104_4115_6683137"
            ],
            [
                "Live Concerts",
                "/browse/music/live-concerts/4104_538232_96870"
            ]
        ]
    },
    {
        "title": "Nirvana - Incesticide [20th Anniversary 45rpm Edition] - Vinyl",
        "url": "https://www.walmart.com/ip/Nirvana-Incesticide-20th-Anniversary-45rpm-Edition-Vinyl/55763337",
        "price": "$47.49",
        "stars": "5.0",
        "ratings": "1 ",
        "img": "",
        "tags": [
            [
                "All Rock Music",
                "/browse/music/all-rock-music/4104_4118_1458080"
            ],
            [
                "Rock Music: Vinyl Records",
                "/browse/music/rock-music-vinyl-records/4104_4118_2844615"
            ],
            [
                "General Vinyl Records",
                "/browse/music/general-vinyl-records/4104_1205481_3400726"
            ],
            [
                "All Vinyl Records",
                "/browse/music/all-vinyl-records/4104_1205481_3434427"
            ],
            [
                "Punk Rock Music on CD or Vinyl",
                "/browse/music/punk-rock-music-cd-vinyl/4104_4118_5097"
            ],
            [
                "Pop Music: Vinyl Records",
                "/browse/music/pop-music-vinyl-records/4104_1205481_6204731"
            ],
            [
                "Nirvana",
                "/browse/music/nirvana/4104_7075720_5360800_9699407"
            ]
        ]
    },
    {
        "title": "2Pac Greatest Hits (Explicit) (CD)",
        "url": "https://www.walmart.com/ip/2Pac-Greatest-Hits-Explicit-CD/26853740",
        "price": "$14.86",
        "stars": "4.7",
        "ratings": "6 ",
        "img": "",
        "tags": [
            [
                "All Rap & Hiphop: CDs & Vinyl Records",
                "/browse/music/all-rap-hiphop-cds-vinyl-records/4104_4117_3341000"
            ],
            [
                "2pac",
                "/browse/music/2pac/4104_7075720_5360800_3800917"
            ],
            [
                "50 Cent Music on CD or Vinyl",
                "/browse/music/50-cent-music-cd-vinyl/4104_6651806_4588178"
            ],
            [
                "All R&B / Soul Music",
                "/browse/music/all-rb-soul-music/4104_4116_4920828"
            ],
            [
                "Mainstream Rap & Hip-Hop: CDs & Vinyl Records",
                "/browse/music/mainstream-rap-hip-hop-cds-vinyl-records/4104_4117_5088"
            ],
            [
                "The Notorious BIG",
                "/browse/music/the-notorious-big/4104_7075720_5360800_6948017"
            ],
            [
                "R&B and Soul: Vinyl Records",
                "/browse/music/rb-soul-vinyl-records/4104_4116_7409068"
            ],
            [
                "Snoop Dogg Music on CD or Vinyl",
                "/browse/music/snoop-dogg-music-cd-vinyl/4104_6651806_7955575"
            ]
        ]
    },
    {
        "title": "Beastie Boys - Licensed To Illl (Walmart Exclusive) - Vinyl",
        "url": "https://www.walmart.com/ip/Beastie-Boys-Licensed-To-Illl-Walmart-Exclusive-Vinyl/779984592",
        "price": "$24.97",
        "stars": 0,
        "ratings": 0,
        "img": "i5.walmartimages.com/asr/47988046-7f48-4c25-be3b-ed1576c26adc.39d24de0862e5687c8702a139199c8cd.jpeg?odnWidth=612&odnHeight=612&odnBg=ffffff",
        "tags": []
    },
    {
        "title": "Mariah Carey - Merry Christmas - CD",
        "url": "https://www.walmart.com/ip/Mariah-Carey-Merry-Christmas-CD/842917",
        "price": "$9.98",
        "stars": "5.0",
        "ratings": "15 ",
        "img": "",
        "tags": [
            [
                "Whitney Houston Music on CD or Vinyl",
                "/browse/music/whitney-houston-music-cd-vinyl/4104_6651806_2797549"
            ],
            [
                "Whitney Houston",
                "/browse/music/whitney-houston/4104_7075720_5360800_3872747"
            ],
            [
                "Opera & Vocal Music on CD or Vinyl",
                "/browse/music/opera-vocal-music-cd-vinyl/4104_4108_5025"
            ],
            [
                "Funk Music: CDs & Vinyl Records",
                "/browse/music/funk-music-cds-vinyl-records/4104_4116_5085"
            ],
            [
                "Pop Rock Music on CD or Vinyl",
                "/browse/music/pop-rock-music-cd-vinyl/4104_4115_5096"
            ],
            [
                "Mariah Carey",
                "/browse/music/mariah-carey/4104_7075720_5360800_6034775"
            ],
            [
                "Celine Dion",
                "/browse/music/celine-dion/4104_7075720_5360800_6077838"
            ],
            [
                "Mariah Carey Music on CD or Vinyl",
                "/browse/music/mariah-carey-music-cd-vinyl/4104_6651806_6687546"
            ]
        ]
    },
    {
        "title": "New Kids on the Block - Hangin' Tough (30th Anniversary Edition) - Vinyl",
        "url": "https://www.walmart.com/ip/New-Kids-on-the-Block-Hangin-Tough-30th-Anniversary-Edition-Vinyl/526829156",
        "price": "$32.98",
        "stars": "5.0",
        "ratings": "1 ",
        "img": "",
        "tags": [
            [
                "Madonna",
                "/browse/music/madonna/4104_7075720_5360800_1806691"
            ],
            [
                "Rock Music: Vinyl Records",
                "/browse/music/rock-music-vinyl-records/4104_4118_2844615"
            ],
            [
                "Dance Pop",
                "/browse/music/dance-pop/4104_4110_5034"
            ],
            [
                "Dance Pop Music on CD or Vinyl",
                "/browse/music/dance-pop-music-cd-vinyl/4104_4115_5077"
            ],
            [
                "Pop Rock Music on CD or Vinyl",
                "/browse/music/pop-rock-music-cd-vinyl/4104_4115_5096"
            ],
            [
                "Pop Music: Vinyl Records",
                "/browse/music/pop-music-vinyl-records/4104_1205481_6204731"
            ],
            [
                "All Dance / DJ Music",
                "/browse/music/all-dance-dj-music/4104_4110_8454336"
            ],
            [
                "New Kids On The Block",
                "/browse/music/new-kids-on-the-block/4104_7075720_5360800_9819634"
            ]
        ]
    },
    {
        "title": "Red Hot Chili Peppers - Californication - Vinyl Picture Disc(explicit)",
        "url": "https://www.walmart.com/ip/Red-Hot-Chili-Peppers-Californication-Vinyl-Picture-Disc-explicit/644575182",
        "price": "$30.61",
        "stars": "5.0",
        "ratings": "1 ",
        "img": "",
        "tags": [
            [
                "Only at Walmart",
                "/browse/only-at-walmart/4104_1228141"
            ],
            [
                "All Rock Music",
                "/browse/music/all-rock-music/4104_4118_1458080"
            ],
            [
                "Red Hot Chili Peppers",
                "/browse/music/red-hot-chili-peppers/4104_7075720_5360800_2335133"
            ],
            [
                "General Vinyl Records",
                "/browse/music/general-vinyl-records/4104_1205481_3400726"
            ],
            [
                "All Vinyl Records",
                "/browse/music/all-vinyl-records/4104_1205481_3434427"
            ],
            [
                "Classic Rock Music on CD or Vinyl",
                "/browse/music/classic-rock-music-cd-vinyl/4104_4118_5093"
            ],
            [
                "Pop Music: Vinyl Records",
                "/browse/music/pop-music-vinyl-records/4104_1205481_6204731"
            ],
            [
                "All Pop Music",
                "/browse/music/all-pop-music/4104_4115_6683137"
            ]
        ]
    },
    {
        "title": "2Pac - Greatest Hits (clean) - CD",
        "url": "https://www.walmart.com/ip/2Pac-Greatest-Hits-clean-CD/838522",
        "price": "$13.39",
        "stars": "5.0",
        "ratings": "5 ",
        "img": "",
        "tags": [
            [
                "General Vinyl Records",
                "/browse/music/general-vinyl-records/4104_1205481_3400726"
            ],
            [
                "2pac",
                "/browse/music/2pac/4104_7075720_5360800_3800917"
            ],
            [
                "All R&B / Soul Music",
                "/browse/music/all-rb-soul-music/4104_4116_4920828"
            ],
            [
                "Funk Music: CDs & Vinyl Records",
                "/browse/music/funk-music-cds-vinyl-records/4104_4116_5085"
            ],
            [
                "The Notorious BIG",
                "/browse/music/the-notorious-big/4104_7075720_5360800_6948017"
            ],
            [
                "R&B and Soul: Vinyl Records",
                "/browse/music/rb-soul-vinyl-records/4104_4116_7409068"
            ],
            [
                "Rap Hip-Hop: Vinyl Records",
                "/browse/music/rap-hip-hop-vinyl-records/4104_4117_7766072"
            ],
            [
                "Ice Cube Music on CD or Vinyl",
                "/browse/music/ice-cube-music-cd-vinyl/4104_6651806_8719070"
            ]
        ]
    }
]