[
    {
        "title": "Los Reyes Del Rap (explicit) (Digi-Pak)",
        "url": "https://www.walmart.com/ip/Los-Reyes-Del-Rap-explicit-Digi-Pak/44198116",
        "price": "$13.98",
        "stars": 0,
        "ratings": 0,
        "img": "",
        "tags": [
            [
                "All Rap & Hiphop: CDs & Vinyl Records",
                "/browse/music/all-rap-hiphop-cds-vinyl-records/4104_4117_3341000"
            ],
            [
                "All World & Reggae Music",
                "/browse/music/all-world-reggae-music/4104_4124_4296438"
            ],
            [
                "Pitbull Music on CD or Vinyl",
                "/browse/music/pitbull-music-cd-vinyl/4104_6651806_4549914"
            ],
            [
                "Latin Pop Music on CD or Vinyl",
                "/browse/music/latin-pop-music-cd-vinyl/4104_4113_5060"
            ],
            [
                "Reggae",
                "/browse/music/reggae/4104_4124_5122"
            ],
            [
                "All Latin Music on CD or Vinyl",
                "/browse/music/all-latin-music-cd-vinyl/4104_4113_6435041"
            ]
        ]
    },
    {
        "title": "The Lost Songs Of World War II (CD)",
        "url": "https://www.walmart.com/ip/The-Lost-Songs-Of-World-War-II-CD/900773224",
        "price": "$13.41",
        "stars": 0,
        "ratings": 0,
        "img": "",
        "tags": [
            [
                "All R&B / Soul Music",
                "/browse/music/all-rb-soul-music/4104_4116_4920828"
            ],
            [
                "Contemporary Christian Music on CD or Vinyl",
                "/browse/music/contemporary-christian-music-cd-vinyl/4104_4107_5018"
            ],
            [
                "Praise & Worship Music on CD or Vinyl",
                "/browse/music/praise-worship-music-cd-vinyl/4104_4107_5020"
            ],
            [
                "Easy Listening Music on CD or Vinyl",
                "/browse/music/easy-listening-music-cd-vinyl/4104_4115_5079"
            ],
            [
                "Contemporary R&B / Soul Music: CDs & Vinyl",
                "/browse/music/contemporary-rb-soul-music-cds-vinyl/4104_4116_5084"
            ],
            [
                "Funk Music: CDs & Vinyl Records",
                "/browse/music/funk-music-cds-vinyl-records/4104_4116_5085"
            ],
            [
                "Heavy Metal Music on CD or Vinyl",
                "/browse/music/heavy-metal-music-cd-vinyl/4104_4118_5094"
            ],
            [
                "All Folk Music on CD or Vinyl",
                "/browse/music/all-folk-music-cd-vinyl/4104_4111_7795356"
            ]
        ]
    },
    {
        "title": "India: North Indian Folk Music",
        "url": "https://www.walmart.com/ip/India-North-Indian-Folk-Music/193479328",
        "price": "$14.94",
        "stars": 0,
        "ratings": 0,
        "img": "",
        "tags": [
            [
                "Music Videos",
                "/browse/music/music-videos/4104_538232_101914"
            ],
            [
                "K-pop Music",
                "/browse/k-pop-music/4104_2703582"
            ],
            [
                "Bob Marley Music on CD or Vinyl",
                "/browse/music/bob-marley-music-cd-vinyl/4104_6651806_4558614"
            ],
            [
                "All Country Music",
                "/browse/music/all-country-music/4104_4109_4674600"
            ],
            [
                "Contemporary Country Music on CD or Vinyl",
                "/browse/music/contemporary-country-music-cd-vinyl/4104_4109_5028"
            ],
            [
                "Reggae",
                "/browse/music/reggae/4104_4124_5122"
            ],
            [
                "All Pop Music",
                "/browse/music/all-pop-music/4104_4115_6683137"
            ],
            [
                "All Folk Music on CD or Vinyl",
                "/browse/music/all-folk-music-cd-vinyl/4104_4111_7795356"
            ]
        ]
    },
    {
        "title": "Blast from the Bayou",
        "url": "https://www.walmart.com/ip/Blast-from-the-Bayou/1068914",
        "price": "$20.31",
        "stars": 0,
        "ratings": 0,
        "img": "",
        "tags": []
    },
    {
        "title": "Il Meglio Di Iva Zanicchi (CD)",
        "url": "https://www.walmart.com/ip/Il-Meglio-Di-Iva-Zanicchi-CD/531943276",
        "price": "$14.80",
        "stars": 0,
        "ratings": 0,
        "img": "",
        "tags": [
            [
                "Music Videos",
                "/browse/music/music-videos/4104_538232_101914"
            ],
            [
                "K-pop Music",
                "/browse/k-pop-music/4104_2703582"
            ],
            [
                "Bob Marley Music on CD or Vinyl",
                "/browse/music/bob-marley-music-cd-vinyl/4104_6651806_4558614"
            ],
            [
                "All Country Music",
                "/browse/music/all-country-music/4104_4109_4674600"
            ],
            [
                "Contemporary Country Music on CD or Vinyl",
                "/browse/music/contemporary-country-music-cd-vinyl/4104_4109_5028"
            ],
            [
                "Reggae",
                "/browse/music/reggae/4104_4124_5122"
            ],
            [
                "All Pop Music",
                "/browse/music/all-pop-music/4104_4115_6683137"
            ],
            [
                "All Folk Music on CD or Vinyl",
                "/browse/music/all-folk-music-cd-vinyl/4104_4111_7795356"
            ]
        ]
    },
    {
        "title": "Capernaum",
        "url": "https://www.walmart.com/ip/Capernaum/3458292",
        "price": "$17.66",
        "stars": 0,
        "ratings": 0,
        "img": "",
        "tags": [
            [
                "Music Videos",
                "/browse/music/music-videos/4104_538232_101914"
            ],
            [
                "Christmas Music",
                "/browse/music/christmas-music/4104_4120_178005"
            ],
            [
                "All World & Reggae Music",
                "/browse/music/all-world-reggae-music/4104_4124_4296438"
            ],
            [
                "Contemporary Folk Music on CD or Vinyl",
                "/browse/music/contemporary-folk-music-cd-vinyl/4104_4111_5044"
            ],
            [
                "All Folk Music on CD or Vinyl",
                "/browse/music/all-folk-music-cd-vinyl/4104_4111_7795356"
            ]
        ]
    },
    {
        "title": "Finally (CD)",
        "url": "https://www.walmart.com/ip/Finally-CD/802268352",
        "price": "$43.07",
        "stars": 0,
        "ratings": 0,
        "img": "",
        "tags": [
            [
                "Music Videos",
                "/browse/music/music-videos/4104_538232_101914"
            ],
            [
                "K-pop Music",
                "/browse/k-pop-music/4104_2703582"
            ],
            [
                "Bob Marley Music on CD or Vinyl",
                "/browse/music/bob-marley-music-cd-vinyl/4104_6651806_4558614"
            ],
            [
                "All Country Music",
                "/browse/music/all-country-music/4104_4109_4674600"
            ],
            [
                "Contemporary Country Music on CD or Vinyl",
                "/browse/music/contemporary-country-music-cd-vinyl/4104_4109_5028"
            ],
            [
                "Reggae",
                "/browse/music/reggae/4104_4124_5122"
            ],
            [
                "All Pop Music",
                "/browse/music/all-pop-music/4104_4115_6683137"
            ],
            [
                "All Folk Music on CD or Vinyl",
                "/browse/music/all-folk-music-cd-vinyl/4104_4111_7795356"
            ]
        ]
    },
    {
        "title": "Yiddish Songs & Klezmer Music",
        "url": "https://www.walmart.com/ip/Yiddish-Songs-Klezmer-Music/35169411",
        "price": "$14.75",
        "stars": 0,
        "ratings": 0,
        "img": "",
        "tags": [
            [
                "Music Videos",
                "/browse/music/music-videos/4104_538232_101914"
            ],
            [
                "K-pop Music",
                "/browse/k-pop-music/4104_2703582"
            ],
            [
                "Bob Marley Music on CD or Vinyl",
                "/browse/music/bob-marley-music-cd-vinyl/4104_6651806_4558614"
            ],
            [
                "All Country Music",
                "/browse/music/all-country-music/4104_4109_4674600"
            ],
            [
                "Contemporary Country Music on CD or Vinyl",
                "/browse/music/contemporary-country-music-cd-vinyl/4104_4109_5028"
            ],
            [
                "Reggae",
                "/browse/music/reggae/4104_4124_5122"
            ],
            [
                "All Pop Music",
                "/browse/music/all-pop-music/4104_4115_6683137"
            ],
            [
                "All Folk Music on CD or Vinyl",
                "/browse/music/all-folk-music-cd-vinyl/4104_4111_7795356"
            ]
        ]
    },
    {
        "title": "Kimi No Na Ha (CD)",
        "url": "https://www.walmart.com/ip/Kimi-No-Na-Ha-CD/137888530",
        "price": "$17.81",
        "stars": "1.0",
        "ratings": "1 ",
        "img": "",
        "tags": [
            [
                "Music Videos",
                "/browse/music/music-videos/4104_538232_101914"
            ],
            [
                "K-pop Music",
                "/browse/k-pop-music/4104_2703582"
            ],
            [
                "Bob Marley Music on CD or Vinyl",
                "/browse/music/bob-marley-music-cd-vinyl/4104_6651806_4558614"
            ],
            [
                "All Country Music",
                "/browse/music/all-country-music/4104_4109_4674600"
            ],
            [
                "Contemporary Country Music on CD or Vinyl",
                "/browse/music/contemporary-country-music-cd-vinyl/4104_4109_5028"
            ],
            [
                "Reggae",
                "/browse/music/reggae/4104_4124_5122"
            ],
            [
                "All Pop Music",
                "/browse/music/all-pop-music/4104_4115_6683137"
            ],
            [
                "All Folk Music on CD or Vinyl",
                "/browse/music/all-folk-music-cd-vinyl/4104_4111_7795356"
            ]
        ]
    },
    {
        "title": "Symphony: Live in Vienna (CD)",
        "url": "https://www.walmart.com/ip/Symphony-Live-in-Vienna-CD/10926259",
        "price": "$17.41",
        "stars": "5.0",
        "ratings": "2 ",
        "img": "",
        "tags": [
            [
                "Music Videos",
                "/browse/music/music-videos/4104_538232_101914"
            ],
            [
                "K-pop Music",
                "/browse/k-pop-music/4104_2703582"
            ],
            [
                "Bob Marley Music on CD or Vinyl",
                "/browse/music/bob-marley-music-cd-vinyl/4104_6651806_4558614"
            ],
            [
                "All Country Music",
                "/browse/music/all-country-music/4104_4109_4674600"
            ],
            [
                "Contemporary Country Music on CD or Vinyl",
                "/browse/music/contemporary-country-music-cd-vinyl/4104_4109_5028"
            ],
            [
                "Reggae",
                "/browse/music/reggae/4104_4124_5122"
            ],
            [
                "All Pop Music",
                "/browse/music/all-pop-music/4104_4115_6683137"
            ],
            [
                "All Folk Music on CD or Vinyl",
                "/browse/music/all-folk-music-cd-vinyl/4104_4111_7795356"
            ]
        ]
    }
]