[{"title": "Rush Hour 1-3 Collection (DVD)", "tags": "Instawatch Comedy Movies Romantic Comedies DVD All Action & Adventure", "relevancy_score": 102.1912705882353, "price": "$6.99"}, {"title": "Made of Honor / Maid in Manhattan / My Best Friend's Wedding / Wedding (DVD)", "tags": "Instawatch Comedy Movies Romantic All Romance DVD", "relevancy_score": 5.1089935483870965, "price": "$12.99"}, {"title": "All of My Heart Collection: All of My Heart/Inn Love/The Wedding (DVD)", "tags": "Walmart Exclusives Hallmark Channel Action Drama Movies Romantic Comedies Comedy Western Holiday", "relevancy_score": 71.62626666666667, "price": "$7.50"}, {"title": "Tyler Perry's Madea's Neighbors From Hell (DVD)", "tags": "Instawatch Comedy Movies Romantic Comedies Drama All Music & Performance DVD Holiday", "relevancy_score": 190.55113802816902, "price": "$14.98"}, {"title": "Don't Tell Mom the Babysitter's Dead (DVD)", "tags": "Animated Drama Movies Family Romantic Comedy DVD All Children & Instawatch", "relevancy_score": 317.2338103092784, "price": "$3.99"}, {"title": "Father of the Bride / Father of the Bride: Part II (DVD)", "tags": "Animated Drama Movies Family Comedy Romantic DVD All Children &", "relevancy_score": 285.4398786516854, "price": "$8.49"}, {"title": "The Proposal (DVD)", "tags": "Instawatch Comedy Movies Action Drama Romantic DVD All", "relevancy_score": 527.0748833333333, "price": "$7.96"}, {"title": "27 Dresses (DVD)", "tags": "Instawatch Comedy Movies Family Drama Romantic DVD All", "relevancy_score": 73.1752347826087, "price": "$4.99"}, {"title": "The Bucket List (DVD)", "tags": "Action Drama Movies Romantic Comedy Instawatch DVD All & Adventure", "relevancy_score": 256.5575469879518, "price": "$3.99"}, {"title": "Beetlejuice (20th Anniversary Deluxe Edition) (DVD)", "tags": "Animated Drama Movies Family Romantic Comedies Comedy DVD All Children & Instawatch", "relevancy_score": 362.4134285714286, "price": "$7.96"}, {"title": "Letters to Juliet (DVD)", "tags": "Family Drama Movies Romantic Comedy Instawatch DVD All", "relevancy_score": 247.11175000000003, "price": "$7.53"}, {"title": "Varsity Blues (DVD)", "tags": "Action Drama Movies All Sci-Fi & Fantasy Romantic Comedy DVD Adventure Instawatch", "relevancy_score": 22.482685714285715, "price": "$7.72"}, {"title": "Tammy Triple Feature (Tammy and the Bachelor / Tammy Tell Me True / Tammy and the Doctor) (DVD)", "tags": "Anime Action Drama All Animation & Cartoons Classic Comedies Slapstick Comedy Performing Arts Romantic Music Performance", "relevancy_score": 290.25253333333336, "price": "$9.99"}, {"title": "Fool's Gold (DVD)", "tags": "Summer Picks Instawatch Comedy Movies Romantic Action & Adventure DVD All", "relevancy_score": 28.763133333333336, "price": "$8.31"}, {"title": "Shag, The Movie (DVD)", "tags": "Instawatch Comedy Movies Action Drama Family Romantic DVD All", "relevancy_score": 10.211175, "price": "$15.70"}, {"title": "Silver Screen Icons: Cary Grant (DVD)", "tags": "All Mystery & Suspense Classic Comedies Dramas Rock Pop Romantic Comedy Music Performance Western Classics", "relevancy_score": 9.211175, "price": "$11.99"}, {"title": "My Life in Ruins (DVD)", "tags": "Instawatch Romantic Comedies Comedy Movies Family Romance DVD All Children &", "relevancy_score": 84.06705, "price": "$4.99"}, {"title": "I Feel Pretty (Blu-ray + DVD + Digital Copy)", "tags": "All 4K Ultra HD Movies Instawatch Comedy Mystery & Suspense Horror French Spanish Language Drama Action Adventure", "relevancy_score": 12.397505882352942, "price": "$11.47"}, {"title": "Sun, Sand & Romance (DVD)", "tags": "Walmart Exclusives Hallmark Channel New DVD Releases Action Drama Movies Romantic All Romance Comedy Holiday", "relevancy_score": 5.1089935483870965, "price": "$25.86"}, {"title": "Roman Holiday (DVD)", "tags": "Snoopy Movies & TV Shows All Mystery Suspense Classic Dramas Romantic Comedy Music Performance Classics", "relevancy_score": 20.39750588235294, "price": "$7.71"}, {"title": "Curly Sue (DVD)", "tags": "Family Comedy Movies Drama Supernatural Horror Romantic DVD All Children &", "relevancy_score": 44.87972307692308, "price": "$14.99"}, {"title": "Love Actually (Blu-ray + Digital Copy)", "tags": "Instawatch Romantic Comedies Comedy Movies Action Romance All Holiday", "relevancy_score": 5.1089935483870965, "price": "$7.50"}, {"title": "Power: The Complete Fifth Season (DVD)", "tags": "Supernatural Transformers Movies & TV Shows All Mystery Suspense Action Adventure Drama Sci-Fi Fantasy Comedy Television", "relevancy_score": 15.307163636363637, "price": "$15.01"}, {"title": "Ride Along (DVD)", "tags": "Instawatch Comedy Movies Action Romantic Comedies Drama DVD All", "relevancy_score": 58.47507272727272, "price": "$4.99"}, {"title": "American Pie 4-Movie Collection (Unrated) (Unrated) (Blu-ray)", "tags": "Instawatch Comedy Movies Slapstick Romantic Boxed Sets & Collections TV Action Adventure All", "relevancy_score": 20.39750588235294, "price": "$12.99"}, {"title": "A Christmas Melody (DVD)", "tags": "Walmart Exclusives Hallmark Channel Action Drama Movies Romantic All Romance Comedy Holiday Children & Family", "relevancy_score": 104.2912705882353, "price": "$9.88"}, {"title": "Cannonball Run II (DVD)", "tags": "Anime Comedy for Children Summer Picks Action Movies Slapstick Romantic DVD All", "relevancy_score": 9.211175, "price": "$13.13"}, {"title": "Father Goose (DVD)", "tags": "Action Drama Movies Family Comedy Classic Comedies Dramas Romantic All Music & Performance Western Classics", "relevancy_score": 74.62626666666667, "price": "$11.55"}, {"title": "We're the Millers (DVD)", "tags": "Walmart Exclusives Instawatch Comedy Movies Dark Romantic Comedies DVD All", "relevancy_score": 43.80650731707317, "price": "$8.46"}, {"title": "The Longest Yard (DVD)", "tags": "Summer Picks Instawatch Comedy Movies Slapstick Romantic DVD All", "relevancy_score": 37.51132631578947, "price": "$4.99"}, {"title": "The Truman Show", "tags": "Action Drama Movies Romantic French All Sci-Fi & Fantasy Comedy DVD", "relevancy_score": 15.307163636363637, "price": "$4.99"}, {"title": "Get Hard (Unrated) (Blu-ray + DVD)", "tags": "Instawatch Sci-Fi & Fantasy Movies Comedy Animated Dark Romantic Comedies Sports TV Shows All", "relevancy_score": 15.307163636363637, "price": "$7.46"}, {"title": "The Music Man (DVD)", "tags": "Animated Drama Movies Classic Dramas All Romance Instawatch Music & Dance DVD Kids and Family", "relevancy_score": 25.482685714285715, "price": "$9.99"}, {"title": "We're the Millers (Blu-ray)", "tags": "Walmart Exclusives Instawatch Comedy Movies Action Romantic DVD All", "relevancy_score": 10.211175, "price": "$12.24"}, {"title": "Hairspray (DVD + CD)", "tags": "Finding Nemo Movies All Anime & Animation Animated Drama Romance Disney Pixar Comedy Harry Potter", "relevancy_score": 123.10048421052632, "price": "$9.99"}, {"title": "Kangaroo Jack (DVD)", "tags": "All Religion & Spirituality Adventure Movies Family Comedy Romantic Instawatch Drama DVD Western Action", "relevancy_score": 10.211175, "price": "$8.46"}, {"title": "Multiplicity (DVD)", "tags": "Slapstick Comedy Crime French Movies Romantic Instawatch Drama DVD All", "relevancy_score": 123.76872857142857, "price": "$9.99"}, {"title": "My Big Fat Greek Wedding 2 (Blu-ray + DVD + Digital Copy)", "tags": "Instawatch Romantic Comedies Comedy Movies Family Romance All Children &", "relevancy_score": 52.565371428571424, "price": "$7.94"}, {"title": "Joe Dirt (DVD)", "tags": "Instawatch Comedy Movies Dark Slapstick Sports TV Shows Action & Adventure DVD All", "relevancy_score": 33.53923243243243, "price": "$6.99"}, {"title": "Ghostbusters 1 & 2 (DVD)", "tags": "Instawatch Comedy Movies Animated Romantic Comedies All Sci-Fi & Fantasy Action Adventure Kids and Family", "relevancy_score": 0.0, "price": "$14.99"}, {"title": "From Friend to Fianc\u00e9 (DVD)", "tags": "PlayStation 4 (PS4) Games Xbox One Sports Racing Nintendo Switch Fighting Action & Adventure Shooters", "relevancy_score": 10.211175, "price": "$14.98"}, {"title": "Meet the Parents: The Whole Focker Collection (Blu-ray)", "tags": "Instawatch Comedy Movies Slapstick Romantic All Music & Performance DVD", "relevancy_score": 5.1089935483870965, "price": "$24.67"}, {"title": "50 First Dates / Just Go With It (Blu-ray)", "tags": "Walmart Exclusives Summer Picks Instawatch Comedy Movies Romantic DVD All", "relevancy_score": 5.1089935483870965, "price": "$7.88"}, {"title": "A Ring by Spring (DVD)", "tags": "Walmart Exclusives Hallmark Channel Action Drama Movies Romantic All Romance Comedy Western Holiday", "relevancy_score": 13.207163636363635, "price": "$13.99"}, {"title": "Killers (DVD)", "tags": "Instawatch Comedy Movies Action Romance Romantic Drama & Adventure All", "relevancy_score": 95.8912705882353, "price": "$6.15"}, {"title": "Bird on a Wire (DVD)", "tags": "Action Thriller Movies Animated Drama Crime Romantic Comedy DVD Western All & Adventure", "relevancy_score": 58.565371428571424, "price": "$9.99"}, {"title": "The Spongebob Movie: Sponge Out of Water (DVD)", "tags": "All Animation & Cartoons Instawatch Movies Family Comedy Drama Romantic Spongebob TV Shows Kids and", "relevancy_score": 25.482685714285715, "price": "$5.00"}, {"title": "One Crazy Summer (DVD)", "tags": "Shop STEM ages 12 and Up All Smurfs Goonies Teenage Mutant Ninja Turtles Michael Jordan Gremlins Transformers Pinky the Brain", "relevancy_score": 14.407163636363638, "price": "$11.91"}, {"title": "Keeping Up With the Joneses (Blu-ray + DVD)", "tags": "Instawatch Romantic Comedies Comedy Movies Romance All Holiday", "relevancy_score": 0.0, "price": "$8.33"}, {"title": "Tyler Perry's Madea Goes to Jail (Blu-ray)", "tags": "Instawatch Comedy Movies Romantic Comedies Romance All Music & Performance Dance Holiday", "relevancy_score": 19.59750588235294, "price": "$9.99"}, {"title": "Just Go With It (Blu-ray)", "tags": "Summer Picks Instawatch Comedy Movies Romantic All Romance Music & Performance", "relevancy_score": 5.1089935483870965, "price": "$9.99"}, {"title": "Tickle Me (DVD)", "tags": "Under $5 Action Romance Martial Art Movies Slapstick Comedy Performing Arts Concerts & Documentaries Rock Pop All Music Performance", "relevancy_score": 0.0, "price": "$9.99"}, {"title": "Eternal Sunshine of the Spotless Mind (DVD + Digital Copy)", "tags": "Instawatch Comedy Movies Romantic All Romance Sci-Fi & Fantasy DVD Kids and Family", "relevancy_score": 34.93923243243243, "price": "$7.99"}, {"title": "Just in Time for Christmas (DVD)", "tags": "", "relevancy_score": 0.0, "price": "$9.99"}, {"title": "Terms of Endearment (DVD)", "tags": "Shop STEM ages 12 and Up All Smurfs Goonies Teenage Mutant Ninja Turtles Michael Jordan Gremlins Transformers Pinky the Brain", "relevancy_score": 10.211175, "price": "$7.50"}, {"title": "The Campaign (DVD)", "tags": "Instawatch Comedy Movies Action Slapstick Romantic Comedies General Sports TV Shows All", "relevancy_score": 20.39750588235294, "price": "$5.99"}, {"title": "DVD-Ultimate Double Feature (Ultimate Gift/Life)", "tags": "Hallmark Channel Action Romance Romantic Comedies Comedy All Music & Performance Holiday Movies", "relevancy_score": 12.307163636363637, "price": "$14.50"}, {"title": "Bachelor Mother (DVD)", "tags": "Instawatch Comedy Movies Classic Dramas Performing Arts Romantic All Music & Performance DVD Classics", "relevancy_score": 15.307163636363637, "price": "$15.71"}, {"title": "A Golden Christmas: Triple Feature (DVD)", "tags": "Walmart Exclusives Paw Patrol Movies Hallmark Channel Family Comedy Drama Romantic Charlie Brown & TV Shows Holiday", "relevancy_score": 39.91132631578947, "price": "$19.45"}, {"title": "Midnight Masquerade (DVD)", "tags": "Walmart Exclusives Hallmark Channel Action Drama Movies Romantic All Romance Comedy Western Holiday", "relevancy_score": 5.1089935483870965, "price": "$13.23"}, {"title": "Abbott and Costello Meet Captain Kidd (DVD)", "tags": "Instawatch Comedy Movies Classic Comedies Romantic DVD All Classics", "relevancy_score": 15.307163636363637, "price": "$9.45"}, {"title": "Anchorman 2: The Legend Continues (DVD)", "tags": "Instawatch Comedy Movies Romantic Drama All Music & Performance DVD", "relevancy_score": 7.211175, "price": "$7.49"}, {"title": "Fun Size (DVD)", "tags": "Instawatch Comedy Movies Romantic Drama All Music & Performance DVD", "relevancy_score": 5.1089935483870965, "price": "$9.99"}, {"title": "Teen Wolf / Halloween (DVD)", "tags": "Shop STEM ages 12 and Up All Smurfs Goonies Teenage Mutant Ninja Turtles Michael Jordan Gremlins Transformers Pinky the Brain", "relevancy_score": 10.211175, "price": "$9.99"}, {"title": "The Incredible Burt Wonderstone (DVD)", "tags": "Star Wars Movies Summer Picks Animation & Cartoons Romantic All Sci-Fi Fantasy About Race Holiday Harry Potter", "relevancy_score": 0.0, "price": "$11.00"}, {"title": "I'm Gonna Git You Sucka (Blu-ray)", "tags": "Instawatch Comedy Movies Romantic Drama All Music & Performance DVD", "relevancy_score": 0.0, "price": "$19.89"}, {"title": "Tyler Perry's Meet the Browns (DVD + Digital Copy)", "tags": "Instawatch Comedy Movies All Mystery & Suspense Romantic Drama Music Performance DVD", "relevancy_score": 13.207163636363635, "price": "$7.50"}, {"title": "Mallrats (DVD)", "tags": "Instawatch Comedy Movies Slapstick TV Shows Romantic DVD All", "relevancy_score": 0.0, "price": "$7.99"}, {"title": "Roxanne (DVD)", "tags": "Shop STEM ages 12 and Up All Smurfs Goonies Teenage Mutant Ninja Turtles Michael Jordan Gremlins Transformers Pinky the Brain", "relevancy_score": 24.482685714285715, "price": "$6.49"}, {"title": "Mr. Deeds (DVD, 2002, Full Screen Special Edition) NEW", "tags": "Instawatch Comedy Movies All Anime & Animation Cartoons Family Drama Children Kids and", "relevancy_score": 0.0, "price": "$8.98"}, {"title": "Weird Science (Blu-ray + Digital Copy)", "tags": "Shop STEM ages 12 and Up All Smurfs Goonies Teenage Mutant Ninja Turtles Michael Jordan Gremlins Transformers Pinky the Brain", "relevancy_score": 24.563133333333333, "price": "$8.00"}, {"title": "12 Men of Christmas (DVD)", "tags": "Walmart Exclusives Romantic All Romance Sci-Fi & Fantasy Western Comedy Holiday Movies Children Family", "relevancy_score": 52.606507317073174, "price": "$18.77"}, {"title": "The Man Who Came to Dinner (DVD)", "tags": "Instawatch Comedy Movies Romantic Drama All Music & Performance DVD", "relevancy_score": 4.1089935483870965, "price": "$14.99"}, {"title": "Gwyneth Paltrow 4 Film Collection (DVD)", "tags": "Action Romance Classic Dramas Romantic French Movies All Comedy Holiday", "relevancy_score": 4.1089935483870965, "price": "$12.99"}, {"title": "Midnight Run (DVD)", "tags": "Action Comedy Movies Military & War Classic Dramas Political German Combat All Romantic", "relevancy_score": 77.9752347826087, "price": "$5.41"}, {"title": "Joe Versus the Volcano (Blu-ray)", "tags": "Instawatch Comedy Movies French Romantic All Music & Performance DVD", "relevancy_score": 5.1089935483870965, "price": "$17.99"}, {"title": "Let's Do It Again", "tags": "Instawatch Comedy Movies Slapstick Performing Arts Romantic DVD All", "relevancy_score": 5.1089935483870965, "price": "$28.00"}, {"title": "Harum Scarum / Speedway / Trouble With Girls (DVD)", "tags": "Under $5 Action Romance Slapstick Comedy Biographies Rock & Pop Romantic Comedies All Music Performance", "relevancy_score": 17.59750588235294, "price": "$19.99"}, {"title": "Kevin Smith Collection (Blu-ray)", "tags": "", "relevancy_score": 0.0, "price": "$16.49"}, {"title": "Madea\u2019s Family Reunion (DVD)", "tags": "Instawatch Comedy Movies Romantic Comedies Drama All Music & Performance DVD Holiday", "relevancy_score": 174.6429818181818, "price": "$7.99"}, {"title": "Laws of Attraction ( (DVD))", "tags": "Instawatch Comedy Movies Slapstick All Romance Romantic DVD", "relevancy_score": 43.97972307692307, "price": "$7.31"}, {"title": "This is 40 (DVD)", "tags": "Instawatch Comedy Movies Action Drama Romantic Comedies Romance DVD All", "relevancy_score": 35.91132631578947, "price": "$7.99"}, {"title": "Strictly Business (DVD)", "tags": "Instawatch Comedy Movies Action Drama Slapstick Romantic About Race All", "relevancy_score": 5.1089935483870965, "price": "$14.99"}, {"title": "Bell, Book and Candle (DVD)", "tags": "All Mystery & Suspense Action Drama Movies Family Comedy Classic Comedies Romantic Music Performance Instawatch Dance Kids and", "relevancy_score": 56.165371428571426, "price": "$13.27"}, {"title": "THE COMPLETE CINDERELLA COLLECTION Blu-ray", "tags": "Movies, Music & Books Disney Frozen Movies See All Snow White The Incredibles Belle Cinderella Ariel", "relevancy_score": 5.1089935483870965, "price": "$19.71"}, {"title": "A Cinderella Story: If The Shoe Fits (DVD)", "tags": "Animated Drama Movies Family Comedy Classic Comedies Romantic All Romance", "relevancy_score": 35.91132631578947, "price": "$9.90"}, {"title": "Prizzi's Honor (DVD)", "tags": "Instawatch Comedy Movies Romantic Drama All Music & Performance DVD", "relevancy_score": 5.1089935483870965, "price": "$13.99"}, {"title": "Sleeping Beauties (DVD)", "tags": "Hallmark Channel Action Romance Romantic Comedies Comedy All Music & Performance Holiday Movies", "relevancy_score": 0.0, "price": "$10.49"}, {"title": "I Heart Huckabees (Widescreen, Full Frame)", "tags": "Instawatch Comedy Movies Romantic Drama All Music & Performance DVD", "relevancy_score": 5.1089935483870965, "price": "$6.98"}, {"title": "Yu-Gi-Oh: Collection Volume 1 (DVD)", "tags": "Hallmark Channel All Romance Instawatch Drama Movies DVD Comedy Holiday", "relevancy_score": 0.0, "price": "$10.28"}, {"title": "50 First Dates / Big Daddy (DVD)", "tags": "Walmart Exclusives Summer Picks Instawatch Comedy Movies Romantic About Race DVD All", "relevancy_score": 10.211175, "price": "$6.88"}, {"title": "The Love Boat: Season One, Volume One (DVD)", "tags": "Classic Comedies Supernatural Horror Movies Action & Adventure TV Shows Classics Comedy Sci-Fi Fantasy Romantic Boxed Sets Collections", "relevancy_score": 54.80650731707318, "price": "$9.99"}, {"title": "Brokeback Mountain (Blu-ray + DVD + Digital Copy)", "tags": "Blu-ray Special Buys All Anime & Animation Romantic Romance Instawatch Drama Movies Batman Action Adventure", "relevancy_score": 15.482685714285715, "price": "$8.99"}, {"title": "Rugrats In Paris: The Movie (DVD)", "tags": "All Animation & Cartoons Anime Action Comedy Movies Family Drama Romantic Rugrats TV Shows", "relevancy_score": 25.482685714285715, "price": "$5.37"}, {"title": "Airplane II: The Sequel (DVD)", "tags": "Shop STEM ages 12 and Up All Smurfs Goonies Teenage Mutant Ninja Turtles Michael Jordan Gremlins Transformers Pinky the Brain", "relevancy_score": 0.0, "price": "$7.71"}, {"title": "Doris Day: The Essential Universal Collection (DVD)", "tags": "All Mystery & Suspense Classic Comedies Dramas Romance Romantic Comedy Music Performance Western Classics", "relevancy_score": 33.51132631578947, "price": "$14.96"}, {"title": "Meet the Parents (2000) (DVD)", "tags": "Summer Picks Animated Drama Movies Family Slapstick Comedy Romantic DVD All", "relevancy_score": 15.307163636363637, "price": "$7.41"}, {"title": "Snatched (Blu-ray + DVD)", "tags": "Instawatch Comedy Movies Romantic Comedies Drama Action & Adventure DVD All", "relevancy_score": 4.1089935483870965, "price": "$10.00"}, {"title": "We're The Millers (DVD + UltraViolet) (Walmart Exclusive) (Widescreen)", "tags": "Instawatch Comedy Movies Romantic Drama All Music & Performance DVD", "relevancy_score": 45.77972307692308, "price": "$19.96"}, {"title": "Kindergarten Cop / Kindergarten Cop 2: 2-Movie Collection (DVD)", "tags": "Instawatch Comedy Movies Classic Action Slapstick Drama DVD 80's Flashback All", "relevancy_score": 0.0, "price": "$9.99"}, {"title": "Cooley High (DVD)", "tags": "Instawatch Comedy Movies Romantic Drama All Music & Performance DVD", "relevancy_score": 5.1089935483870965, "price": "$17.95"}, {"title": "The Wedding Planner (DVD)", "tags": "Instawatch Comedy Movies Family Drama Romantic DVD All Children &", "relevancy_score": 50.8447, "price": "$5.99"}, {"title": "Guess Who (DVD)", "tags": "Action Drama Movies Animated Slapstick Comedy Romantic About Race DVD All", "relevancy_score": 35.63923243243243, "price": "$6.65"}, {"title": "The Man Who Knew Too Little (Blu-ray)", "tags": "Instawatch Comedy Movies Romantic Drama All Music & Performance DVD", "relevancy_score": 14.407163636363638, "price": "$10.99"}, {"title": "Jingle All the Way 2 (DVD)", "tags": "Instawatch Comedy Movies Family Romantic DVD All Holiday Children & Kids and", "relevancy_score": 19.59750588235294, "price": "$9.65"}, {"title": "The Last Word (DVD)", "tags": "Instawatch Comedy Movies All Mystery & Suspense Sports Classic Horror Romantic Classics", "relevancy_score": 0.0, "price": "$9.99"}, {"title": "I'm Gonna Git You Sucka (DVD)", "tags": "Instawatch Comedy Movies Action Romantic All Music & Performance DVD", "relevancy_score": 15.307163636363637, "price": "$7.99"}, {"title": "Goodbye, Mr. Chips (DVD)", "tags": "Instawatch Comedy Movies French Romantic Comedies Music & Dance DVD", "relevancy_score": 31.439232432432437, "price": "$14.59"}, {"title": "Bronco Billy (DVD)", "tags": "Instawatch Comedy Movies Action Romantic DVD Western All", "relevancy_score": 9.211175, "price": "$9.99"}, {"title": "Up the Academy (DVD)", "tags": "Instawatch Comedy Movies Romantic Drama All Music & Performance DVD", "relevancy_score": 0.0, "price": "$14.99"}, {"title": "Eleven Men and a Girl (DVD)", "tags": "Instawatch Comedy Movies Romantic Drama All Music & Performance DVD", "relevancy_score": 0.0, "price": "$11.99"}, {"title": "Road To Bali (DVD)", "tags": "Instawatch Comedy Movies Romantic Drama All Music & Performance DVD", "relevancy_score": 5.1089935483870965, "price": "$9.84"}, {"title": "Brigitte Bardot 5-Film Collection (DVD)", "tags": "Instawatch Comedy Movies Romantic Drama All Music & Performance DVD", "relevancy_score": 0.0, "price": "$15.99"}, {"title": "Tyler Perry's Madea's Big Happy Family (Blu-ray + Digital Copy)", "tags": "Instawatch Comedy Movies Romantic Comedies Romance All Music & Performance Holiday", "relevancy_score": 19.59750588235294, "price": "$14.24"}, {"title": "Hitch (Blu-ray)", "tags": "Blu-ray Special Buys Instawatch Sci-Fi & Fantasy Movies Slapstick Comedy Action Romantic Adventure Terminator", "relevancy_score": 10.211175, "price": "$6.99"}, {"title": "My Best Friend's Girl (Unrated) (DVD)", "tags": "Under $5 Instawatch Comedy Movies Romantic All Music & Performance DVD", "relevancy_score": 24.482685714285715, "price": "$7.31"}, {"title": "Crossing Delancey (DVD)", "tags": "Instawatch Comedy Movies Romantic Drama All Music & Performance DVD", "relevancy_score": 5.1089935483870965, "price": "$14.89"}, {"title": "Wedding Crashers (DVD)", "tags": "Instawatch Comedy Movies Dark Slapstick All Sci-Fi & Fantasy Romantic DVD", "relevancy_score": 5.1089935483870965, "price": "$5.99"}, {"title": "Mamma Mia! (10th Anniversary Edition) (Blu-ray + Digital Copy)", "tags": "Instawatch Sci-Fi & Fantasy Movies Comedy Animation All Horror Action Romantic Music Performance", "relevancy_score": 35.63923243243243, "price": "$10.94"}, {"title": "Loverboy & Lucky Seven (DVD)", "tags": "All Health & Fitness Instawatch Comedy Movies Sports TV Shows Romantic DVD", "relevancy_score": 10.211175, "price": "$7.99"}, {"title": "Team America: World Police (Uncensored/Unrated Special Collector's Edition) (Widescreen)", "tags": "Instawatch Comedy Movies Romantic Drama All Music & Performance DVD", "relevancy_score": 26.36313333333333, "price": "$32.39"}, {"title": "Before Sunset (DVD)", "tags": "Instawatch Comedy Movies Romantic Comedies All Romance TV Shows DVD", "relevancy_score": 6.211175, "price": "$6.99"}, {"title": "Grease (DVD)", "tags": "Instawatch Romantic Comedies Comedy Movies Romance All Music & Performance DVD", "relevancy_score": 71.5752347826087, "price": "$18.02"}, {"title": "Neighbors (DVD)", "tags": "Instawatch Comedy Movies Romantic Drama All Music & Performance DVD", "relevancy_score": 5.1089935483870965, "price": "$16.16"}, {"title": "Return to Fantasy Island (DVD)", "tags": "Instawatch Comedy Movies Classics TV Shows Sci-Fi & Fantasy Romantic DVD All", "relevancy_score": 0.0, "price": "$9.00"}, {"title": "Live a Little, Love a Little (DVD)", "tags": "Under $5 Action Romance Martial Art Movies Slapstick Comedy Performing Arts Concerts & Documentaries Romantic Comedies All Music Performance", "relevancy_score": 0.0, "price": "$7.99"}, {"title": "She's Out of My League (Blu-ray)", "tags": "Instawatch Comedy Movies Romantic Drama All Music & Performance DVD", "relevancy_score": 5.1089935483870965, "price": "$11.19"}, {"title": "The Golden Age of Musicals (17 Classic Films) (DVD)", "tags": "Classic Comedies Dramas Rock & Pop All Romance Romantic Comedy Music Performance DVD Movies Classics", "relevancy_score": 5.1089935483870965, "price": "$13.25"}, {"title": "Hitch (DVD)", "tags": "Summer Picks Instawatch Comedy Movies Slapstick Romantic DVD All Action & Adventure", "relevancy_score": 25.763133333333336, "price": "$5.99"}, {"title": "Private School (aka Private School...For Girls) (DVD)", "tags": "All Health & Fitness Family Drama Movies Sports Comedy TV Shows Romantic Instawatch Action Adventure Western Children", "relevancy_score": 15.307163636363637, "price": "$9.99"}, {"title": "Dana Carvey: Squatting Monkeys Tell No Lies (DVD)", "tags": "Instawatch Comedy Movies Romantic Drama All Music & Performance DVD", "relevancy_score": 5.1089935483870965, "price": "$5.99"}, {"title": "At Middleton (Blu-ray)", "tags": "Instawatch Comedy Movies Romantic Drama All Music & Performance DVD", "relevancy_score": 0.0, "price": "$12.69"}, {"title": "Prince of Bel Air [DVD]", "tags": "Instawatch Comedy Movies Romantic Drama All Music & Performance DVD", "relevancy_score": 0.0, "price": "$6.24"}, {"title": "Suburban Commando (DVD, 2002) Hulk Hogan & Christopher Lloyd RARE", "tags": "Anime Action All Animation & Cartoons Instawatch Comedy Movies Romantic DVD Marvel", "relevancy_score": 5.1089935483870965, "price": "$25.27"}, {"title": "LIFE IS BEAUTIFUL (WS)", "tags": "", "relevancy_score": 0.0, "price": "$11.85"}, {"title": "The Commitments (DVD)", "tags": "Instawatch Comedy Movies Romantic Drama All Music & Performance DVD", "relevancy_score": 5.1089935483870965, "price": "$11.82"}, {"title": "I Feel Pretty (DVD)", "tags": "Instawatch Comedy Movies Action Drama Romantic DVD Men In Black All", "relevancy_score": 13.207163636363635, "price": "$9.99"}, {"title": "Fraternity Vacation / Reform School Girls (DVD)", "tags": "Instawatch Comedy Movies Romantic Drama All Music & Performance DVD", "relevancy_score": 15.307163636363637, "price": "$11.91"}, {"title": "Fear and Loathing in Las Vegas (Criterion Collection) (Blu-ray)", "tags": "Instawatch Comedy Movies United Kingdom Romantic All Music & Performance DVD", "relevancy_score": 5.1089935483870965, "price": "$20.99"}, {"title": "All American Bikini Car Wash (DVD)", "tags": "Instawatch Comedy Movies Romantic Drama All Music & Performance DVD", "relevancy_score": 0.0, "price": "$17.50"}, {"title": "McHale's Navy (DVD)", "tags": "Anime Action Drama All Animation & Cartoons Walmart Exclusives Military War Movies Sports Comedy TV Shows Combat", "relevancy_score": 8.211175, "price": "$7.99"}, {"title": "The To Do List (Blu-ray)", "tags": "All 4K Ultra HD Movies Instawatch Romantic Comedies Comedy Comic Horror Romance Action & Adventure Mystery Suspense", "relevancy_score": 0.0, "price": "$12.99"}, {"title": "4 Movie Marathon: Romantic Comedy Collection (DVD)", "tags": "Instawatch Comedy Movies Romantic All Romance DVD Holiday", "relevancy_score": 11.407163636363638, "price": "$7.99"}, {"title": "Ride Along (Blu-ray + DVD + Digital Copy)", "tags": "Instawatch Comedy Movies Action Dark Romantic Comedies Drama & Adventure All", "relevancy_score": 43.07972307692308, "price": "$9.99"}, {"title": "Nutty Professor 2: The Klumps (DVD)", "tags": "Instawatch Comedy Movies Animation Animated Action Slapstick All Romance Romantic Children & Family", "relevancy_score": 5.1089935483870965, "price": "$7.57"}, {"title": "Adam (DVD)", "tags": "Instawatch Comedy Movies Romantic Drama All Music & Performance DVD", "relevancy_score": 9.211175, "price": "$7.49"}, {"title": "Clambake (DVD)", "tags": "Under $5 Action Romance Slapstick Comedy Performing Arts Concerts & Documentaries Rock Pop All Music Performance", "relevancy_score": 20.39750588235294, "price": "$39.93"}, {"title": "Black Dynamite (Blu-ray)", "tags": "Anime Movies & TV Shows Japanese Comic Horror Comedy Mystery Suspense Musical Men In Black Instawatch", "relevancy_score": 10.211175, "price": "$14.95"}, {"title": "Sex and the City (DVD)", "tags": "Instawatch Comedy Movies TV Shows Romantic All Music & Performance DVD", "relevancy_score": 136.6004842105263, "price": "$6.24"}, {"title": "When Calls the Heart: The Greatest Blessing (DVD)", "tags": "Walmart Exclusives Hallmark Channel Action Romance Romantic All Music & Performance Boxed Sets Collections Movies TV Marvel Holiday", "relevancy_score": 0.0, "price": "$12.96"}, {"title": "Dinner for One (DVD)", "tags": "Instawatch Comedy Movies Romantic Drama All Music & Performance DVD", "relevancy_score": 0.0, "price": "$9.87"}, {"title": "The Big Sick (DVD)", "tags": "Instawatch Comedy Movies Romantic Drama All Music & Performance DVD", "relevancy_score": 0.0, "price": "$14.52"}, {"title": "Caddyshack (DVD)", "tags": "Shop STEM ages 12 and Up All Smurfs Goonies Teenage Mutant Ninja Turtles Michael Jordan Gremlins Transformers Pinky the Brain", "relevancy_score": 5.1089935483870965, "price": "$6.36"}, {"title": "Bean (DVD)", "tags": "Anime for Children Instawatch Comedy Movies Family Stand-Up TV Shows Romantic DVD All", "relevancy_score": 0.0, "price": "$9.39"}, {"title": "4-Movie Laugh Pack (DVD)", "tags": "Walmart Exclusives Instawatch Comedy Movies Romantic Comedies All Romance Drama", "relevancy_score": 2.108993548387097, "price": "$7.99"}, {"title": "Fool's Gold (Blu-ray)", "tags": "Instawatch Comedy Movies Romantic Drama All Music & Performance DVD", "relevancy_score": 25.482685714285715, "price": "$14.98"}, {"title": "Crazy From the Heart (DVD)", "tags": "Instawatch Comedy Movies Romantic Drama All Music & Performance DVD", "relevancy_score": 10.211175, "price": "$12.11"}, {"title": "New in Town (Blu-ray)", "tags": "Instawatch Comedy Movies Romantic All Music & Performance DVD Mystery Suspense", "relevancy_score": 31.439232432432437, "price": "$10.64"}, {"title": "Brewster's Millions (Collector's Edition) (Blu-ray)", "tags": "Instawatch Comedy Movies All Horror Romantic Comedies Sci-Fi & Fantasy DVD", "relevancy_score": 0.0, "price": "$9.96"}, {"title": "The Bucket List (Blu-ray)", "tags": "Instawatch Comedy Movies Romantic Drama All Music & Performance DVD", "relevancy_score": 35.63923243243243, "price": "$9.99"}, {"title": "Road Trip Trilogy Unrated (DVD)", "tags": "Instawatch Comedy Movies Action Slapstick Romantic Romance Boxed Sets & Collections TV DVD All", "relevancy_score": 9.211175, "price": "$14.74"}, {"title": "Be My Valentine / All's Fair in Love and Advertising / Nearlyweds / Meddling Mom (DVD)", "tags": "Walmart Exclusives Hallmark Channel Action Drama Movies Romantic Comedies All Romance Comedy Holiday", "relevancy_score": 5.1089935483870965, "price": "$29.33"}, {"title": "Papa's Delicate Condition (DVD)", "tags": "Instawatch Comedy Movies Romantic Drama All Music & Performance DVD", "relevancy_score": 0.0, "price": "$9.99"}, {"title": "Beyond the Lights (DVD)", "tags": "Performing Arts Romantic Comedies All Romance Comedy Instawatch Movies Music & Performance Mystery Suspense", "relevancy_score": 44.8447, "price": "$16.46"}, {"title": "Fanboys (Blu-ray)", "tags": "Instawatch Comedy Movies Romantic Drama All Music & Performance DVD", "relevancy_score": 4.1089935483870965, "price": "$12.95"}, {"title": "Disorganized Crime (Blu-ray)", "tags": "Instawatch Comedy Movies Romantic Drama All Music & Performance DVD", "relevancy_score": 5.1089935483870965, "price": "$5.87"}, {"title": "Heaven Is Waiting (DVD)", "tags": "Instawatch Comedy Movies Romantic Drama All Music & Performance DVD", "relevancy_score": 3.211175, "price": "$12.99"}, {"title": "Miss Congeniality 2: Armed and Fabulous (DVD)", "tags": "Instawatch Comedy Movies Action Romantic All Music & Performance DVD", "relevancy_score": 14.407163636363638, "price": "$7.94"}, {"title": "Easy Living (DVD)", "tags": "Instawatch Comedy Movies Romantic Drama All Music & Performance DVD", "relevancy_score": 5.1089935483870965, "price": "$13.65"}, {"title": "Good Luck Chuck (DVD)", "tags": "Instawatch Comedy Movies Animated Drama Romantic All Music & Performance DVD", "relevancy_score": 29.36313333333333, "price": "$14.05"}, {"title": "Mamma Mia! (10th Anniversary Edition) (4K Ultra HD + Blu-ray + Digital Copy)", "tags": "All 4K Ultra HD Movies Instawatch Comedy Horror Romantic Music & Performance DVD", "relevancy_score": 0.0, "price": "$16.99"}, {"title": "National Lampoon's European Vacation (DVD)", "tags": "Instawatch Comedy Movies Slapstick Romantic DVD All Holiday", "relevancy_score": 10.211175, "price": "$7.99"}, {"title": "So I Married an Axe Murderer (Blu-ray)", "tags": "Instawatch Comedy Movies Animation TV Shows Romantic Boxed Sets & Collections Action Adventure Holiday", "relevancy_score": 14.407163636363638, "price": "$13.00"}, {"title": "West Side Story (Blu-ray)", "tags": "Classic Dramas Romantic Comedies Comedy Instawatch Music & Dance Movies DVD All Classics", "relevancy_score": 4.1089935483870965, "price": "$18.99"}, {"title": "4 Film Favorites: Drew Barrymore (DVD)", "tags": "Summer Picks Romantic French Movies All Romance Comedy Music & Performance Instawatch", "relevancy_score": 4.1089935483870965, "price": "$10.00"}, {"title": "Next Day Air (DVD)", "tags": "Instawatch Comedy Movies Action Drama Slapstick Romantic DVD All", "relevancy_score": 9.211175, "price": "$9.92"}, {"title": "Night at the Museum / Night at the Museum: Battle of the Smithsonian (Blu-ray)", "tags": "Action Comedy Movies Family Romantic Children & DVD All Adventure", "relevancy_score": 5.1089935483870965, "price": "$11.99"}, {"title": "Love Actually (Blu-ray)", "tags": "Instawatch Romantic Comedies Comedy Movies Romance DVD All", "relevancy_score": 35.63923243243243, "price": "$7.20"}, {"title": "National Security (Blu-ray)", "tags": "Instawatch Comedy Movies Slapstick Romantic All Music & Performance DVD", "relevancy_score": 15.307163636363637, "price": "$13.29"}, {"title": "Punchline (DVD)", "tags": "Instawatch Comedy Movies Romantic Drama All Music & Performance DVD", "relevancy_score": 0.0, "price": "$6.99"}, {"title": "Easy to Love (DVD)", "tags": "Instawatch Comedy Movies Romantic Drama All Music & Performance DVD", "relevancy_score": 0.0, "price": "$17.99"}, {"title": "Action Point (Blu-ray + DVD + Digital Copy)", "tags": "All 4K Ultra HD Movies Instawatch Comedy Mystery & Suspense Action Thriller Romantic Comedies New Release", "relevancy_score": 0.0, "price": "$12.21"}, {"title": "My Life As Zucchini (Blu-ray + DVD + Digital HD)", "tags": "All 4K Ultra HD Movies Instawatch Comedy Animated Crime Classic Sci-Fi Romance Animation Mystery & Suspense", "relevancy_score": 5.1089935483870965, "price": "$29.39"}, {"title": "Jumanji Buddy (DVD + Digital Copy)", "tags": "Summer Picks Instawatch Comedy Movies Adventure Action & New Release All Children Family", "relevancy_score": 50.8447, "price": "$30.46"}, {"title": "Seeking a Friend for the End of the World (Blu-ray + DVD + Digital Copy)", "tags": "Instawatch Comedy Movies Action Thriller Drama & Adventure DVD All Kids and Family", "relevancy_score": 0.0, "price": "$13.80"}, {"title": "Rapture-Palooza (Blu-ray)", "tags": "Instawatch Sci-Fi & Fantasy Movies Comedy Action All Drama Adventure DVD", "relevancy_score": 0.0, "price": "$22.28"}, {"title": "Anchorman: The Legend of Ron Burgundy (Unrated) (Blu-ray)", "tags": "Instawatch Comedy Movies Dark Weight Training Romantic Comedies All Music & Performance Men In Black", "relevancy_score": 0.0, "price": "$8.99"}, {"title": "Kindergarten Cop (DVD)", "tags": "Instawatch Comedy Movies Family Romantic Comedies Drama All", "relevancy_score": 158.54389677419357, "price": "$8.18"}, {"title": "Mike and Dave Need Wedding Dates (4K Ultra HD + Blu-ray)", "tags": "Instawatch Comedy Movies Romantic Comedies Action & Adventure Men In Black", "relevancy_score": 5.1089935483870965, "price": "$17.99"}, {"title": "Bulletproof (Blu-ray)", "tags": "Instawatch Comedy Movies Animation Romantic Comedies Television Batman Mystery & Suspense Kids and Family", "relevancy_score": 0.0, "price": "$18.28"}, {"title": "Moonrise Kingdom (Criterion Collection) (Blu-ray)", "tags": "Instawatch Comedy Movies Romantic Drama All Music & Performance DVD", "relevancy_score": 0.0, "price": "$25.83"}, {"title": "Meet the Parents (Blu-ray)", "tags": "Instawatch Comedy Movies Romantic Drama All Music & Performance DVD", "relevancy_score": 0.0, "price": "$24.63"}, {"title": "Rapture-Palooza (DVD)", "tags": "Instawatch Comedy Movies All Sci-Fi & Fantasy Drama Action Adventure DVD Kids and Family", "relevancy_score": 5.1089935483870965, "price": "$9.99"}, {"title": "Larger Than Life (DVD)", "tags": "Instawatch Comedy Movies Family Romantic All Music & Performance DVD", "relevancy_score": 0.0, "price": "$17.99"}, {"title": "Big Girls Don't Cry...They Get Even (DVD)", "tags": "Instawatch Comedy Movies Romantic Drama All Music & Performance DVD", "relevancy_score": 9.211175, "price": "$10.89"}, {"title": "The Interview / This Is The End (DVD)", "tags": "Walmart Exclusives Summer Picks Instawatch Comedy Movies Dark Action & Adventure DVD All", "relevancy_score": 14.407163636363638, "price": "$7.00"}, {"title": "Central Intelligence (DVD)", "tags": "Instawatch Comedy Movies Romantic Drama DVD All Foreign Films Action & Adventure", "relevancy_score": 61.27507272727272, "price": "$12.94"}, {"title": "Baggage Claim (Blu-ray)", "tags": "Steelbook Movies & TV Shows Instawatch Animation Dark Comedy Drama Romance Sci-Fi Fantasy Music Dance Mystery Suspense", "relevancy_score": 3.108993548387097, "price": "$18.68"}, {"title": "One for the Money (Blu-ray + Digital Copy)", "tags": "Instawatch Comedy Movies Romantic Comedies Drama Action & Adventure DVD All", "relevancy_score": 15.307163636363637, "price": "$19.16"}, {"title": "A Love Song for Bobby Long", "tags": "Hallmark Channel Action Romance Romantic Comedies Comedy All Music & Performance Holiday Movies", "relevancy_score": 31.439232432432437, "price": "$17.95"}, {"title": "Mystery Science Theater 3000: The Movie (DVD)", "tags": "Instawatch Comedy Movies Romantic Drama All Music & Performance DVD", "relevancy_score": 44.87972307692308, "price": "$13.99"}, {"title": "Major League: Back to the Minors (DVD)", "tags": "Instawatch Comedy Movies Romantic Drama All Music & Performance DVD", "relevancy_score": 0.0, "price": "$7.99"}, {"title": "Heart Condition (DVD)", "tags": "Instawatch Comedy Movies Romantic Drama All Music & Performance DVD", "relevancy_score": 0.0, "price": "$14.99"}, {"title": "The Donna Reed Show: Season 2 (DVD)", "tags": "Instawatch Comedy Movies Classics TV Shows Romantic All Music & Performance DVD", "relevancy_score": 4.1089935483870965, "price": "$31.46"}, {"title": "Blind Date (Blu-ray)", "tags": "Instawatch Comedy Movies Romantic Drama All Music & Performance DVD", "relevancy_score": 5.1089935483870965, "price": "$12.99"}, {"title": "3-Movie Laugh Pack: Forgetting Sarah Marshall / Get Him to the Greek / Role Models (DVD)", "tags": "Instawatch Comedy Movies Slapstick Romantic Drama DVD All", "relevancy_score": 0.0, "price": "$10.84"}, {"title": "Ladies Versus Butlers! (DVD)", "tags": "Anime Action Movies & TV Shows All Dragon Ball Animated Super Show Foreign Films", "relevancy_score": 1.1089935483870967, "price": "$19.19"}, {"title": "Fred: The Movie (DVD)", "tags": "Instawatch Comedy Movies Family Supernatural Horror Romantic DVD All Holiday", "relevancy_score": 39.91132631578947, "price": "$7.99"}, {"title": "The 7th Voyage of Sinbad (DVD)", "tags": "Instawatch Comedy Movies Romantic Drama All Music & Performance DVD", "relevancy_score": 0.0, "price": "$14.02"}, {"title": "Batman - The Movie", "tags": "All 4K Ultra HD Movies Instawatch Comedy French Spanish Language Batman Action & Adventure Marvel", "relevancy_score": 6.211175, "price": "$35.22"}, {"title": "The Man In The Gray Flannel Suit (Widescreen)", "tags": "Instawatch Sci-Fi & Fantasy Movies Action Drama All Adventure Marvel", "relevancy_score": 10.211175, "price": "$19.99"}, {"title": "Prime (DVD)", "tags": "Instawatch Comedy Movies Romantic Drama All Music & Performance DVD", "relevancy_score": 14.407163636363638, "price": "$8.71"}, {"title": "Five Fingers Of Death DVD", "tags": "Action Romance Comedy Movies Thriller Martial Art IMAX Travel & Leisure All Foreign Films Children Family", "relevancy_score": 0.0, "price": "$25.95"}, {"title": "City Lights (Criterion Collection) (DVD)", "tags": "Instawatch Comedy Movies Romantic Drama All Music & Performance DVD", "relevancy_score": 5.1089935483870965, "price": "$21.84"}, {"title": "Sex And The City: The Complete Second Season (DVD)", "tags": "All Anime & Animation Animated Drama Movies Family Romantic Comedy Action Adventure Instawatch", "relevancy_score": 0.0, "price": "$22.14"}, {"title": "Libeled Lady (DVD)", "tags": "Instawatch Comedy Movies Romantic Drama All Music & Performance DVD", "relevancy_score": 0.0, "price": "$14.99"}, {"title": "Little Women - DVD", "tags": "", "relevancy_score": 5.1089935483870965, "price": "$19.99"}, {"title": "National Lampoon's Senior Trip (DVD)", "tags": "Instawatch Comedy Movies Romantic Drama All Music & Performance DVD", "relevancy_score": 5.1089935483870965, "price": "$9.99"}, {"title": "Hurricane Bianca (DVD)", "tags": "Instawatch Comedy Movies Romantic Drama All Music & Performance DVD", "relevancy_score": 0.0, "price": "$22.65"}, {"title": "Bachelorette (DVD)", "tags": "Instawatch Comedy Movies Romantic Drama All Music & Performance DVD", "relevancy_score": 4.211175, "price": "$8.98"}, {"title": "Bending the Rules (DVD)", "tags": "Instawatch Comedy Movies Romantic Drama All Music & Performance DVD", "relevancy_score": 5.1089935483870965, "price": "$11.91"}, {"title": "The Man With Two Brains (DVD)", "tags": "Shop STEM ages 12 and Up All Smurfs Goonies Teenage Mutant Ninja Turtles Michael Jordan Gremlins Transformers Pinky the Brain", "relevancy_score": 0.0, "price": "$11.99"}, {"title": "National Lampoon's Vacation (Blu-ray)", "tags": "Instawatch Comedy Movies Romantic Drama All Music & Performance DVD", "relevancy_score": 10.207163636363635, "price": "$14.99"}, {"title": "Water For Elephants (Blu-ray) (Widescreen)", "tags": "Instawatch Comedy Movies All Romance Drama Action & Adventure DVD", "relevancy_score": 30.563133333333333, "price": "$21.75"}, {"title": "Heidi (English Version) (DVD)", "tags": "Instawatch Comedy Movies Action Drama Spanish Language Romantic DVD All", "relevancy_score": 9.211175, "price": "$28.46"}, {"title": "Pocket Money (DVD)", "tags": "Instawatch Comedy Movies Romantic Drama All Music & Performance DVD", "relevancy_score": 0.0, "price": "$14.99"}, {"title": "Anchorman: The Legend Of Ron Burgundy (Blu-ray + Digital HD + T-Shirt + Movie Money + Ice Cream) (Walmart Exclusive)", "tags": "Star Wars Movies Summer Picks Animation & Cartoons Romantic All Sci-Fi Fantasy About Race Holiday Harry Potter", "relevancy_score": 59.521497674418605, "price": "$14.56"}, {"title": "All-Stars (DVD)", "tags": "Instawatch Comedy Movies Romantic Drama All Music & Performance DVD", "relevancy_score": 0.0, "price": "$19.95"}, {"title": "Jekyll and Hyde...Together Again (Blu-ray)", "tags": "Instawatch Comedy Movies Romantic Drama All Music & Performance DVD", "relevancy_score": 0.0, "price": "$19.99"}, {"title": "Kiss Me Kate", "tags": "Instawatch Comedy Movies Action Romantic Comedies TV Shows DVD All", "relevancy_score": 0.0, "price": "$31.24"}, {"title": "Bad Words (Blu-ray)", "tags": "Instawatch Comedy Movies Animation Drama All Music & Performance Batman Dance Action Adventure Kids and Family", "relevancy_score": 10.211175, "price": "$13.58"}, {"title": "Loving Sex - Erotic Sex Positions", "tags": "", "relevancy_score": 0.0, "price": "$14.99"}, {"title": "Stepping Up: A Call To Courageous Manhood Video Series W/3 Dvds", "tags": "", "relevancy_score": 0.0, "price": "$66.11"}, {"title": "La Boda de Valentina (Valentina's Wedding) (DVD)", "tags": "Instawatch Comedy Movies Romantic Drama All Music & Performance DVD", "relevancy_score": 0.0, "price": "$13.99"}, {"title": "Candy (Blu-ray)", "tags": "Instawatch Comedy Movies Romantic Drama All Music & Performance DVD", "relevancy_score": 0.0, "price": "$21.56"}, {"title": "Gunless", "tags": "Instawatch Comedy Movies Romantic Drama All Music & Performance DVD", "relevancy_score": 8.211175, "price": "$11.99"}, {"title": "Stranger Among Us", "tags": "Fast & Furious Movies Hallmark Channel Action Romance Romantic Comedies Comedy All Music Performance Holiday", "relevancy_score": 0.0, "price": "$18.81"}, {"title": "Definitely, Maybe / Because I Said So / Love Actually / Notting Hill (Anamorphic Widescreen)", "tags": "Instawatch Romantic Comedies Comedy Movies All Romance DVD", "relevancy_score": 19.59750588235294, "price": "$24.73"}, {"title": "Fletch (DVD)", "tags": "Instawatch Comedy Movies Romantic Drama All Music & Performance DVD", "relevancy_score": 0.0, "price": "$7.99"}, {"title": "Pineapple Express (Unrated) (DVD)", "tags": "Instawatch Comedy Movies Romantic Drama All Music & Performance DVD", "relevancy_score": 25.482685714285715, "price": "$9.99"}, {"title": "Space Station 76 (DVD)", "tags": "Instawatch Comedy Movies Romantic Drama All Music & Performance DVD", "relevancy_score": 1.1089935483870967, "price": "$9.26"}, {"title": "The Betty Grable Collection: Volume 1 (DVD)", "tags": "Hallmark Channel Action Romance Romantic Comedies Comedy All Music & Performance Holiday Movies", "relevancy_score": 0.0, "price": "$27.29"}, {"title": "So Undercover (DVD)", "tags": "Instawatch Comedy Movies Romantic Drama All Music & Performance DVD", "relevancy_score": 18.482685714285715, "price": "$27.05"}, {"title": "27 Dresses", "tags": "Instawatch Comedy Movies Romantic Drama All Music & Performance DVD", "relevancy_score": 60.8214976744186, "price": "$7.99"}, {"title": "Meet Dave (DVD)", "tags": "Instawatch Comedy Movies Romantic Drama All Music & Performance DVD", "relevancy_score": 12.307163636363637, "price": "$10.44"}, {"title": "Shaquille O'neal All-star Comedy Jam: Live From Sin City (DVD)", "tags": "Instawatch Comedy Movies Romantic Drama All Music & Performance DVD", "relevancy_score": 0.0, "price": "$17.20"}, {"title": "Three Can Play That Game (DVD)", "tags": "", "relevancy_score": 0.0, "price": "$8.28"}, {"title": "Love Is All You Need (Blu-ray)", "tags": "Instawatch Comedy Movies Romantic Drama All Music & Performance DVD", "relevancy_score": 0.0, "price": "$7.49"}, {"title": "Princess O'Rourke (DVD)", "tags": "", "relevancy_score": 0.0, "price": "$11.21"}, {"title": "American in Paris [DVD]", "tags": "Instawatch Comedy Movies Romantic Comedies All Romance Music & Dance DVD", "relevancy_score": 0.0, "price": "$28.22"}]