[{"title": "4 Film Favorites: The Matrix Collection (DVD)", "tags": "Action & Adventure Sci-Fi Fantasy Instawatch Movies DVD All Comedy", "relevancy_score": 284.5475806451613, "price": "$8.04"}, {"title": "The Hobbit Trilogy / The Lord of the Rings Trilogy: 6-Film Theatrical Versions (DVD)", "tags": "Instawatch Sci-Fi & Fantasy Movies Action Romance All Adventure DVD", "relevancy_score": 157.10167050691243, "price": "$25.89"}, {"title": "Harry Potter: The Complete 8-Film Collection (DVD)", "tags": "Action Drama Movies Family Sci-Fi & Fantasy All DVD Adventure Children Instawatch", "relevancy_score": 1074.3936055609051, "price": "$39.99"}, {"title": "The Divergent Series: 3-Film Collection (Blu-ray)", "tags": "Instawatch Sci-Fi & Fantasy Movies Comedy All Horror Action Drama Adventure", "relevancy_score": 66.92917251051892, "price": "$14.10"}, {"title": "Star Wars: Episode IX: The Rise of Skywalker (Blu-ray + Digital Copy)", "tags": "Walmart Exclusives All 4K Ultra HD Movies Star Wars Action Sci-Fi & Fantasy Adventure New Release", "relevancy_score": 1707.5236018014243, "price": "$24.37"}, {"title": "Jurassic World: Fallen Kingdom (DVD)", "tags": "Jurassic Park Movies World All Sci-Fi & Fantasy Action Adventure DVD Marvel", "relevancy_score": 284.5475806451613, "price": "$7.96"}, {"title": "Star Wars: Episode IX: The Rise of Skywalker (DVD)", "tags": "All 4K Ultra HD Movies Star Wars Family Comedy Action Sci-Fi & Fantasy Adventure New Release", "relevancy_score": 699.1662788018433, "price": "$14.24"}, {"title": "Fantastic Beasts: The Crimes of Grindelwald (DVD)", "tags": "Harry Potter Blu-ray Movies Walmart Exclusives Adventure All Sci-Fi & Fantasy Marvel Action", "relevancy_score": 144.5420081967213, "price": "$9.99"}, {"title": "Enchanted (Blu-ray + DVD)", "tags": "Disney Princess Movies All Anime & Animation Animated Drama Family Sci-Fi Fantasy Children", "relevancy_score": 109.41673387096775, "price": "$9.99"}, {"title": "Fantastic Beasts and Where to Find Them (DVD)", "tags": "Harry Potter Blu-ray Movies Walmart Exclusives Adventure All Sci-Fi & Fantasy DVD Action Children Family", "relevancy_score": 112.05833079732196, "price": "$7.08"}, {"title": "Coneheads (DVD)", "tags": "Family Comedy Movies Romantic Comedies All Sci-Fi & Fantasy DVD Children", "relevancy_score": 81.32917251051893, "price": "$7.72"}, {"title": "Ghost Rider / Ghost Rider Spirit of Vengeance (Blu-ray)", "tags": "Instawatch Sci-Fi & Fantasy Movies Comedy Action Drama Romance Adventure Marvel", "relevancy_score": 7.238835685483871, "price": "$9.99"}, {"title": "The Last Starfighter (Blu-ray)", "tags": "Instawatch Sci-Fi & Fantasy Movies Comedy Action Romance All Adventure Kids and Family", "relevancy_score": 73.32917251051893, "price": "$5.99"}, {"title": "Labyrinth (DVD)", "tags": "Action Romance Adventure Movies Family Sci-Fi & Fantasy All Children DVD 4K Ultra HD", "relevancy_score": 227.71293505942276, "price": "$10.51"}, {"title": "The Count of Monte Cristo (DVD)", "tags": "Under $5 All Mystery & Suspense Action Romance DVD Movies Adventure Comedy", "relevancy_score": 396.3977894585253, "price": "$7.99"}, {"title": "Battleship (DVD)", "tags": "Instawatch Military & War Movies Action All Sci-Fi Fantasy Drama Adventure", "relevancy_score": 176.93547201138517, "price": "$5.91"}, {"title": "Mars Attacks! (DVD)", "tags": "Slapstick Comedy Romantic Comedies All Sci-Fi & Fantasy Music Performance DVD Movies", "relevancy_score": 125.04479977753061, "price": "$9.99"}, {"title": "Ready Player One (Blu-ray + DVD + Digital Copy + VUDU Digital Copy)", "tags": "Instawatch Comedy Movies Action All Sci-Fi & Fantasy Adventure Marvel Kids and Family", "relevancy_score": 62.25529819954989, "price": "$11.65"}, {"title": "Men in Black: International (DVD)", "tags": "All 4K Ultra HD Movies New DVD Releases Sci-Fi & Fantasy Release Marvel Action Adventure Children Family", "relevancy_score": 164.08438416422288, "price": "$9.96"}, {"title": "The Hangover Trilogy (DVD)", "tags": "Instawatch Comedy Movies Action Dark Romantic Comedies All Sci-Fi & Fantasy DVD", "relevancy_score": 29.604499151103568, "price": "$9.96"}, {"title": "Jurassic World: 5-Movie Collection (Blu-ray + Digital Copy)", "tags": "All 4K Ultra HD Movies Jurassic Park Horror World Action Instawatch & Adventure", "relevancy_score": 20.449573055028463, "price": "$35.99"}, {"title": "Venom (Blu-ray + DVD + Digital Copy)", "tags": "All 4K Ultra HD Movies Action Drama Spanish Language Sci-Fi & Fantasy Instawatch Adventure Marvel", "relevancy_score": 289.26157834101383, "price": "$14.96"}, {"title": "Predator: 4-Movie Collection (Blu-ray + Digital Copy)", "tags": "All 4K Ultra HD Movies Horror Spanish Language Alien Sci-Fi & Fantasy Action Adventure Instawatch", "relevancy_score": 43.95534274193548, "price": "$21.24"}, {"title": "The Hobbit: The Motion Picture Trilogy (Extended Edition) (Blu-ray)", "tags": "Instawatch Sci-Fi & Fantasy Movies Action Drama Romance All Adventure", "relevancy_score": 123.97420794930876, "price": "$59.98"}, {"title": "Rambo: Last Blood (DVD)", "tags": "Summer Picks Action Drama Movies All Horror Thriller Spanish Language Sci-Fi & Fantasy New Release Adventure", "relevancy_score": 144.5420081967213, "price": "$10.00"}, {"title": "Jurassic World: 5-Movie Collection (DVD)", "tags": "Jurassic Park Movies Transformers & TV Shows All Mystery Suspense World Action Thriller DVD Adventure", "relevancy_score": 57.05529819954989, "price": "$23.30"}, {"title": "Interstellar (4K Ultra HD + Blu-ray)", "tags": "All 4K Ultra HD Movies Action Sci-Fi & Fantasy Instawatch Adventure Marvel", "relevancy_score": 25.545910138248846, "price": "$14.99"}, {"title": "Zombies 2 (DVD)", "tags": "Scooby Doo Movies All Horror Family Comedy Romantic Comedies Music & Performance DVD Children", "relevancy_score": 91.43301411290322, "price": "$18.81"}, {"title": "Spider-Man: Far From Home / Spider-Man: Homecoming (Blu-ray)", "tags": "Iron Man Movies & TV Shows Avengers Godzilla Shop all Spider-Man Hulk Spider-man: Far From Home", "relevancy_score": 30.636895161290322, "price": "$23.35"}, {"title": "Dune (Blu-ray)", "tags": "Instawatch Sci-Fi & Fantasy Movies German Action Drama Adventure Horror", "relevancy_score": 71.77379032258065, "price": "$9.99"}, {"title": "Star Wars: Episode IV: A New Hope (4K Ultra HD + Blu-ray + Digital Copy)", "tags": "Star Wars All 4K Ultra HD Movies Summer Picks Spanish Language Action Sci-Fi & Fantasy", "relevancy_score": 15.347397360703813, "price": "$29.29"}, {"title": "Labyrinth (30th Anniversary) (DVD)", "tags": "Adventure Movies Family Sci-Fi & Fantasy All Music Performance Children DVD Action 4K Ultra HD", "relevancy_score": 86.03301411290323, "price": "$11.75"}, {"title": "Harry Potter and the Half-Blood Prince (DVD)", "tags": "Summer Picks Adventure Movies All Sci-Fi & Fantasy Boxed Sets Collections TV DVD Children Family Harry Potter", "relevancy_score": 36.80449915110356, "price": "$12.97"}, {"title": "Star Trek: The Original Motion Picture Collection (Blu-ray)", "tags": "Instawatch Sci-Fi & Fantasy Movies Action Star Trek Adventure TV Shows Mysteries Classics", "relevancy_score": 64.85529819954989, "price": "$19.99"}, {"title": "Transformers: The Last Knight (DVD)", "tags": "Walmart Exclusives Transformers Movies & TV Shows Instawatch Sci-Fi Fantasy All Horror Action Science Technology Adventure", "relevancy_score": 25.545910138248846, "price": "$4.67"}, {"title": "When Harry Met Sally... (DVD)", "tags": "Action Drama Movies Family Comedy Romantic Comedies DVD All", "relevancy_score": 67.01589076246334, "price": "$5.99"}, {"title": "Harry Potter and the Order of the Phoenix (DVD)", "tags": "Adventure Movies Action All Sci-Fi & Fantasy Boxed Sets Collections TV DVD Children Family Harry Potter", "relevancy_score": 30.636895161290322, "price": "$8.99"}, {"title": "Iron Man (DVD)", "tags": "Action Drama Movies Romance Thriller All Sci-Fi & Fantasy Adventure Marvel", "relevancy_score": 56.29182027649769, "price": "$6.99"}, {"title": "The Little Vampire (DVD)", "tags": "Other Halloween Accessories Trick-or-Treat Bags Masks Baking & Cooking Supplies Witch Costumes Scary Men's Party Tableware", "relevancy_score": 100.27350569259963, "price": "$15.14"}, {"title": "Short Circuit (DVD)", "tags": "Family Comedy Movies Romantic Comedies All Sci-Fi & Fantasy DVD Children", "relevancy_score": 65.61589076246334, "price": "$19.91"}, {"title": "Cowboys & Aliens (DVD)", "tags": "Instawatch Sci-Fi & Fantasy Movies Comedy Animation Action Alien All Drama Adventure", "relevancy_score": 167.68438416422288, "price": "$7.34"}, {"title": "Maze Runner: The Death Cure (DVD)", "tags": "Instawatch Sci-Fi & Fantasy Movies Action Thriller French Spanish Language All Adventure", "relevancy_score": 35.722962074978206, "price": "$9.99"}, {"title": "The Mummy (DVD)", "tags": "Instawatch Sci-Fi & Fantasy Movies Action All War Military Adventure DVD", "relevancy_score": 38.68185483870968, "price": "$5.00"}, {"title": "Alien: Covenant (Blu-ray + DVD)", "tags": "Under $5 All Horror Movies French Alien Sci-Fi & Fantasy Instawatch 4K Ultra HD", "relevancy_score": 44.95534274193548, "price": "$12.45"}, {"title": "Independence Day: 2-Movie Collection (DVD)", "tags": "Action Drama Movies All Horror Alien Instawatch & Adventure DVD", "relevancy_score": 25.545910138248846, "price": "$13.48"}, {"title": "Star Trek Beyond (Blu-ray + DVD)", "tags": "Walmart Exclusives Instawatch Sci-Fi & Fantasy Movies All Anime Animation Action Star Trek Boxed Sets Collections TV Batman", "relevancy_score": 15.347397360703813, "price": "$9.94"}, {"title": "Close Encounters of the Third Kind (DVD)", "tags": "Instawatch Sci-Fi & Fantasy Movies Family Sports Alien All DVD Children", "relevancy_score": 40.004499151103566, "price": "$9.98"}, {"title": "Signs (DVD)", "tags": "Other Halloween Accessories Trick-or-Treat Bags Masks Baking & Cooking Supplies Witch Costumes Scary Men's Party Tableware", "relevancy_score": 118.77420794930876, "price": "$3.99"}, {"title": "Salem's Lot (Blu-ray)", "tags": "All Mystery & Suspense Horror Movies Classic Thrillers Slasher Supernatural Instawatch Classics", "relevancy_score": 30.636895161290322, "price": "$9.99"}, {"title": "Krampus (DVD)", "tags": "All 4K Ultra HD Movies Supernatural Horror Comic DVD Holiday Instawatch Mystery & Suspense", "relevancy_score": 24.636895161290322, "price": "$6.99"}, {"title": "Enemy Mine (DVD)", "tags": "All Mystery & Suspense Action Drama Movies Romance Family Classic French DVD Adventure", "relevancy_score": 58.69182027649769, "price": "$7.99"}, {"title": "Sleepy Hollow: The Complete Third Season (DVD)", "tags": "Star Wars Movies All Horror Jurassic World Action & Adventure TV Shows Sci-Fi Fantasy Television Instawatch", "relevancy_score": 53.82524586939417, "price": "$9.99"}, {"title": "Lifeforce (Blu-ray + DVD)", "tags": "Jurassic Park Movies Steelbook & TV Shows Instawatch Sci-Fi Fantasy All Horror World Action Adventure Marvel", "relevancy_score": 18.449573055028463, "price": "$30.78"}, {"title": "Dune (DVD)", "tags": "Star Wars Movies Instawatch Sci-Fi & Fantasy German Spanish Language Action Adventure Horror All Documentaries", "relevancy_score": 47.95534274193548, "price": "$7.97"}, {"title": "Frequency (DVD)", "tags": "Jurassic Park Movies Instawatch Sci-Fi & Fantasy Action Drama World All Adventure Marvel", "relevancy_score": 252.02330841856806, "price": "$9.99"}, {"title": "Gods of Egypt (Blu-ray)", "tags": "Instawatch Sci-Fi & Fantasy Movies Action Drama Romance All Adventure", "relevancy_score": 36.004499151103566, "price": "$8.90"}, {"title": "The Return of Godzilla (DVD)", "tags": "Action Romance Family Sci-Fi & Fantasy Movies Japanese All TV Shows Foreign Films Instawatch", "relevancy_score": 10.23883568548387, "price": "$7.49"}, {"title": "American Made (DVD)", "tags": "All 4K Ultra HD Movies Mystery & Suspense Action Romance Horror About Race Instawatch Adventure Holiday", "relevancy_score": 24.545910138248846, "price": "$5.99"}, {"title": "The Bad News Bears (DVD)", "tags": "Summer Picks Animated Drama Movies Slapstick Comedy Sports Romantic DVD All", "relevancy_score": 5.123270031217482, "price": "$5.99"}, {"title": "Tremors (DVD)", "tags": "Animated Drama Movies Romantic Classic Horror Supernatural Comic Instawatch Boxed Sets & Collections TV", "relevancy_score": 6.238835685483871, "price": "$6.58"}, {"title": "The Happening (DVD)", "tags": "Other Halloween Accessories Trick-or-Treat Bags Masks Baking & Cooking Supplies Witch Costumes Scary Men's Party Tableware", "relevancy_score": 57.32917251051894, "price": "$5.42"}, {"title": "9 (Blu-ray)", "tags": "All Anime & Animation Action Thriller Movies Sci-Fi Fantasy Instawatch Drama Adventure Mystery Suspense Kids and Family", "relevancy_score": 45.88185483870968, "price": "$6.96"}, {"title": "I Robot (Blu-ray)", "tags": "All 4K Ultra HD Movies Mystery & Suspense Family Sci-Fi Fantasy Action Adventure", "relevancy_score": 53.82524586939417, "price": "$8.49"}, {"title": "Goosebumps: Attack of the Jack-O-Lanterns (DVD)", "tags": "Anime Comedy Fantasy Instawatch Movies Family All Children & Kids and", "relevancy_score": 5.123270031217482, "price": "$7.45"}, {"title": "Megaforce (DVD)", "tags": "Jurassic Park Movies Instawatch Sci-Fi & Fantasy Action Drama World All Adventure Marvel", "relevancy_score": 0.0, "price": "$14.99"}, {"title": "The Thing (Blu-ray)", "tags": "Shop STEM ages 12 and Up All Smurfs Goonies Teenage Mutant Ninja Turtles Michael Jordan Gremlins Transformers Pinky the Brain", "relevancy_score": 5.123270031217482, "price": "$10.55"}, {"title": "Godzilla: Pacific Rim (DVD)", "tags": "All 4K Ultra HD Movies Star Wars Horror Jurassic World Action Instawatch & Adventure", "relevancy_score": 0.0, "price": "$6.56"}, {"title": "Dawn of the Planet of the Apes (DVD)", "tags": "Star Wars Movies Instawatch Sci-Fi & Fantasy Spanish Language Action Adventure All Kids and Family", "relevancy_score": 40.004499151103566, "price": "$7.99"}, {"title": "The Hobbit: The Desolation of Smaug (Blu-ray + DVD + Digital Copy)", "tags": "Instawatch Sci-Fi & Fantasy Movies Action Drama Romance Classic Adventure All Classics", "relevancy_score": 19.545910138248846, "price": "$8.96"}, {"title": "Snow White & the Huntsman / The Huntsman: Winter's War: 2- Movie Collection (DVD)", "tags": "Instawatch Sci-Fi & Fantasy Movies Action Romance All Horror Family Adventure", "relevancy_score": 42.95534274193548, "price": "$9.96"}, {"title": "The Crow Triple Feature (DVD)", "tags": "", "relevancy_score": 0.0, "price": "$12.96"}, {"title": "The Wolf Man: Complete Legacy Collection (DVD)", "tags": "Martial Art Movies Animated Drama Family Classic Comedies Horror Sci-Fi DVD All Classics", "relevancy_score": 15.347397360703813, "price": "$21.20"}, {"title": "Road Warrior & Mad Max: Beyond Thunderdome Double Feature (DVD)", "tags": "Instawatch Sci-Fi & Fantasy Movies Action Romance Adventure DVD All Terminator", "relevancy_score": 40.80449915110356, "price": "$6.89"}, {"title": "Masters of the Universe: 25th Anniversary (Blu-ray)", "tags": "Jurassic Park Movies Instawatch Sci-Fi & Fantasy Action Drama World All Music Performance Marvel Children Family", "relevancy_score": 49.95534274193548, "price": "$14.99"}, {"title": "Bumblebee (DVD)", "tags": "Transformers Movies & TV Shows Instawatch Sci-Fi Fantasy New DVD Releases Action Drama Marvel All Adventure", "relevancy_score": 136.91068548387096, "price": "$9.96"}, {"title": "Waterworld (DVD + Digital Copy)", "tags": "All Anime & Animation Action Drama Movies Animated Romantic Sci-Fi Fantasy DVD Western Adventure", "relevancy_score": 68.41589076246335, "price": "$7.99"}, {"title": "Alita: Battle Angel (Blu-ray + DVD + Digital Copy)", "tags": "All 4K Ultra HD Movies Horror Action Comedy French Spanish Language Sci-Fi & Fantasy Marvel Adventure", "relevancy_score": 104.47350569259963, "price": "$20.54"}, {"title": "The Ring / The Ring Two Movie Collection (DVD)", "tags": "All Mystery & Suspense Horror Movies Slasher Sci-Fi Fantasy DVD Instawatch Children Family", "relevancy_score": 35.02296207497821, "price": "$8.99"}, {"title": "The Thing (1982) (DVD)", "tags": "Shop STEM ages 12 and Up All Smurfs Goonies Teenage Mutant Ninja Turtles Michael Jordan Gremlins Transformers Pinky the Brain", "relevancy_score": 119.2983870967742, "price": "$11.91"}, {"title": "Back to the Future: 30th Anniversary Trilogy (DVD)", "tags": "Shop STEM ages 12 and Up All Smurfs Goonies Teenage Mutant Ninja Turtles Michael Jordan Gremlins Transformers Pinky the Brain", "relevancy_score": 128.71012308998303, "price": "$17.96"}, {"title": "If I Stay (DVD)", "tags": "Instawatch Comedy Movies Action Drama Romantic Romance Music & Dance Kids and Family", "relevancy_score": 52.69182027649769, "price": "$5.99"}, {"title": "Angel Has Fallen (4K Ultra HD + Blu-ray)", "tags": "All Mystery & Suspense Horror Movies French Spanish Language Sci-Fi Fantasy New Release Action Adventure 4K Ultra HD", "relevancy_score": 4.123270031217482, "price": "$14.99"}, {"title": "Guardians of the Galaxy (Blu-ray)", "tags": "Action Drama Movies & Adventure 4K Ultra HD Marvel All Sci-Fi Fantasy", "relevancy_score": 53.82524586939417, "price": "$17.99"}, {"title": "Invasion of the Body Snatchers (DVD)", "tags": "All 4K Ultra HD Movies Star Wars Horror Jurassic World Romantic Action Classic Sci-Fi Classics", "relevancy_score": 20.449573055028463, "price": "$10.31"}, {"title": "A.I.: Artificial Intelligence (DVD)", "tags": "All 4K Ultra HD Movies Jurassic Park Star Wars Instawatch Sci-Fi & Fantasy World Action Adventure", "relevancy_score": 45.95534274193548, "price": "$7.99"}, {"title": "The Maze Runner (4K Ultra HD)", "tags": "Instawatch Sci-Fi & Fantasy Movies French Spanish Language Action All Adventure 4K Ultra HD", "relevancy_score": 0.0, "price": "$17.99"}, {"title": "After Earth (DVD)", "tags": "", "relevancy_score": 0.0, "price": "$5.93"}, {"title": "Starman (DVD)", "tags": "All Mystery & Suspense Anime Animation Action Thriller Movies Alien Adventure Terminator Instawatch Kids and Family", "relevancy_score": 65.61589076246334, "price": "$7.97"}, {"title": "Roughnecks: The Hydora Campaign (DVD)", "tags": "Anime Fantasy All Animation & Cartoons Scooby Doo Movies TV Shows Dragon Ball Z Show Action Adventure", "relevancy_score": 2.1232700312174817, "price": "$9.99"}, {"title": "Constantine: The Complete Series (DVD)", "tags": "All Animation & Cartoons Anime Movies TV Shows Drama Mysteries Sci-Fi Fantasy Boxed Sets Collections Action Adventure", "relevancy_score": 18.449573055028463, "price": "$23.92"}, {"title": "Total Recall (Blu-ray + DVD)", "tags": "Instawatch Sci-Fi & Fantasy Movies Supernatural Horror Action All Children Family Adventure Terminator", "relevancy_score": 49.42524586939418, "price": "$9.99"}, {"title": "Close Encounters of the Third Kind (40th Anniversary Edition) (Blu-ray)", "tags": "Instawatch Sci-Fi & Fantasy Movies Beverly Hills 90210 TV Shows Action Romance Romantic Alien Mysteries The X-Files", "relevancy_score": 15.347397360703813, "price": "$11.99"}, {"title": "The Dark Knight Trilogy (DVD)", "tags": "Anime Fantasy Steelbook Movies & TV Shows Action Romance Dark Comedy Romantic Batman All Adventure", "relevancy_score": 485.9721774193548, "price": "$22.95"}, {"title": "Twister / Poseidon / The Perfect Storm (Blu-ray)", "tags": "Only at Walmart - First Time on Blu-ray Action Drama Movies All Horror & Adventure Instawatch DVD Marvel", "relevancy_score": 19.649573055028462, "price": "$14.80"}, {"title": "London Has Fallen (Blu-ray + DVD)", "tags": "Instawatch Military & War Movies Action Drama Romance Thriller Adventure All", "relevancy_score": 112.09838709677419, "price": "$17.65"}, {"title": "The Hunger Games: Complete 4-Film Collection (Blu-ray)", "tags": "Instawatch Sci-Fi & Fantasy Movies Action All Adventure 4K Ultra HD", "relevancy_score": 92.68175608953258, "price": "$30.19"}, {"title": "AVP Double Feature: Alien vs. Predator / Aliens vs. Predator: Requiem (Blu-ray)", "tags": "Under $5 All Horror Movies French Spanish Language Sci-Fi & Fantasy Instawatch", "relevancy_score": 24.545910138248846, "price": "$11.97"}, {"title": "Journey to the Center of Earth (DVD)", "tags": "Adventure Movies Family Comedy Drama All Sci-Fi & Fantasy Children DVD Action", "relevancy_score": 253.3036568409344, "price": "$4.99"}, {"title": "Independence Day: 2-Movie Collection (Blu-ray)", "tags": "United Kingdom Movies Country & Western Action Alien Instawatch Adventure All Sci-Fi Fantasy 4K Ultra HD", "relevancy_score": 21.545910138248846, "price": "$28.67"}, {"title": "Total Recall (Blu-ray)", "tags": "Instawatch Sci-Fi & Fantasy Movies Comedy Action Thriller All Romance Adventure Terminator", "relevancy_score": 10.23883568548387, "price": "$9.99"}, {"title": "After Earth (Blu-ray + DVD)", "tags": "Instawatch Sci-Fi & Fantasy Movies Sports Action All Drama Adventure Horror Kids and Family", "relevancy_score": 43.925245869394175, "price": "$8.21"}, {"title": "The Running Man (DVD)", "tags": "Shop STEM ages 12 and Up All Smurfs Goonies Teenage Mutant Ninja Turtles Michael Jordan Gremlins Transformers Pinky the Brain", "relevancy_score": 13.247397360703811, "price": "$13.57"}, {"title": "Mad Max: Fury Road (4K Ultra HD)", "tags": "Steelbook Movies & TV Shows Instawatch Sci-Fi Fantasy Action All Adventure 4K Ultra HD", "relevancy_score": 9.23883568548387, "price": "$24.99"}, {"title": "The Chronicles of Riddick (Blu-ray)", "tags": "All 4K Ultra HD Movies Star Wars Instawatch Sci-Fi & Fantasy Jurassic World Action Boxed Sets Collections TV Adventure", "relevancy_score": 25.545910138248846, "price": "$9.97"}, {"title": "Sci-Fi: Triple Feature (Blu-ray)", "tags": "All 4K Ultra HD Movies Star Wars Horror Jurassic World Western Action & Adventure Sci-Fi Fantasy", "relevancy_score": 10.23883568548387, "price": "$24.99"}, {"title": "Ancient Aliens (10th Anniversary Edition) (DVD)", "tags": "French Movies Alien All Sci-Fi & Fantasy Educational Mysteries TV Shows Instawatch Horror", "relevancy_score": 32.925245869394175, "price": "$49.96"}, {"title": "The Scorpion King 3: Battle For Redemption (Blu-ray + DVD) (Anamorphic Widescreen)", "tags": "Instawatch Sci-Fi & Fantasy Movies Comedy Drama Action Adventure DVD All Kids and Family", "relevancy_score": 24.545910138248846, "price": "$7.99"}, {"title": "The Mummy Ultimate Trilogy (4K Ultra HD + Blu-ray)", "tags": "Instawatch Sci-Fi & Fantasy Movies All Horror Action Thriller Adventure 4K Ultra HD", "relevancy_score": 5.123270031217482, "price": "$34.99"}, {"title": "Tron: Legacy (Blu-ray + DVD)", "tags": "Instawatch Sci-Fi & Fantasy Movies Action Drama Animated Family All Children Adventure", "relevancy_score": 109.75833079732197, "price": "$7.80"}, {"title": "Aliens (DVD)", "tags": "All Horror Movies Action Sci-Fi & Fantasy DVD Instawatch Terminator Kids and Family", "relevancy_score": 19.649573055028462, "price": "$9.99"}, {"title": "Willy Wonka and the Chocolate Factory 40th Anniversary Edition (DVD) (Walmart Exclusive)", "tags": "Walmart Exclusives All Anime & Animation Animated Drama Movies Family Music Performance DVD Children", "relevancy_score": 15.347397360703813, "price": "$8.46"}, {"title": "Predator 2 (DVD)", "tags": "All 4K Ultra HD Movies Mystery & Suspense Romantic French Spanish Language Alien Sci-Fi Fantasy Action Adventure", "relevancy_score": 5.123270031217482, "price": "$7.99"}, {"title": "Air (Blu-ray)", "tags": "All 4K Ultra HD Movies Jurassic Park Star Wars Instawatch Sci-Fi & Fantasy World Action Adventure", "relevancy_score": 5.123270031217482, "price": "$6.98"}, {"title": "Pacific Rim Uprising (Blu-ray + Blu-ray + Digital Copy)", "tags": "All 4K Ultra HD Movies Transformers & TV Shows Sci-Fi Fantasy War Military Action Adventure Instawatch Marvel", "relevancy_score": 5.123270031217482, "price": "$20.01"}, {"title": "RoboCop (Blu-ray + DVD)", "tags": "Instawatch Sci-Fi & Fantasy Movies Comedy Action All Drama Adventure Terminator", "relevancy_score": 6.238835685483871, "price": "$7.99"}, {"title": "Tremors (Blu-ray)", "tags": "All 4K Ultra HD Movies Instawatch Comedy Action Spanish Language Classic Horror Boxed Sets & Collections TV Adventure", "relevancy_score": 10.23883568548387, "price": "$9.99"}, {"title": "I Robot (DVD)", "tags": "Action Drama Movies Romance All Sci-Fi & Fantasy Instawatch Adventure DVD Comedy", "relevancy_score": 29.43689516129032, "price": "$27.51"}, {"title": "Chappie (4K Ultra HD + Blu-ray)", "tags": "All Mystery & Suspense Horror Movies French Spanish Language Sci-Fi Fantasy New Release Action Adventure 4K Ultra HD Marvel", "relevancy_score": 0.0, "price": "$19.99"}, {"title": "The Hunger Games: Mockingjay, Part 2 (Blu-ray + DVD)", "tags": "Instawatch Sci-Fi & Fantasy Movies Action Romance All Adventure", "relevancy_score": 167.68438416422288, "price": "$9.99"}, {"title": "Divergent (DVD)", "tags": "Instawatch Sci-Fi & Fantasy Movies Action Romance All Adventure DVD", "relevancy_score": 204.3509445426425, "price": "$4.99"}, {"title": "Mr Nobody (DVD)", "tags": "All 4K Ultra HD Movies Jurassic Park Star Wars Instawatch Sci-Fi & Fantasy World Action Adventure", "relevancy_score": 0.0, "price": "$11.81"}, {"title": "Melancholia (DVD)", "tags": "All 4K Ultra HD Movies Jurassic Park Star Wars Instawatch Sci-Fi & Fantasy World Action Adventure", "relevancy_score": 9.23883568548387, "price": "$9.99"}, {"title": "Extraterrestrial (DVD)", "tags": "Jurassic Park Movies Instawatch Sci-Fi & Fantasy Action Drama World Alien All Adventure Marvel", "relevancy_score": 5.123270031217482, "price": "$6.88"}, {"title": "Priest (Unrated) (Blu-ray)", "tags": "Jurassic Park Movies Instawatch Sci-Fi & Fantasy Action Drama World All Adventure Marvel", "relevancy_score": 26.43689516129032, "price": "$13.24"}, {"title": "Yor, The Hunter From the Future (35th Anniversary Edition) (Blu-ray)", "tags": "All 4K Ultra HD Movies Jurassic Park Star Wars Instawatch Sci-Fi & Fantasy World Action Adventure", "relevancy_score": 0.0, "price": "$7.80"}, {"title": "Terminus (DVD)", "tags": "Jurassic Park Movies Instawatch Sci-Fi & Fantasy Action Drama World All Adventure Marvel", "relevancy_score": 0.0, "price": "$13.39"}, {"title": "Futuristic Sci-Fi 3-Movie Collection (DVD)", "tags": "", "relevancy_score": 0.0, "price": "$5.00"}, {"title": "The Martian (Extended Edition) (Blu-ray)", "tags": "All 4K Ultra HD Movies Instawatch Sci-Fi & Fantasy Action Drama Marvel Adventure", "relevancy_score": 10.23883568548387, "price": "$15.58"}, {"title": "The Happening (Blu-ray)", "tags": "Walmart Exclusives Instawatch Sci-Fi & Fantasy Movies Comedy Action Drama Adventure Horror Mystery Suspense", "relevancy_score": 5.123270031217482, "price": "$13.93"}, {"title": "Gunsmoke: The Second Season, Volume 1 (DVD)", "tags": "Jurassic Park Movies World Classic Westerns Action & Adventure TV Shows Classics War Politics New Release Western", "relevancy_score": 47.95534274193548, "price": "$11.99"}, {"title": "Mary and The Witch's Flower (Blu-ray + DVD + Digital)", "tags": "All 4K Ultra HD Movies Instawatch Sci-Fi & Fantasy Animation Anime TV Shows Animated Japanese Action Adventure", "relevancy_score": 9.23883568548387, "price": "$18.09"}, {"title": "Queen of the Damned (Blu-ray)", "tags": "All 4K Ultra HD Movies Mystery & Suspense Action Drama Classic Dramas Music Performance Adventure Classics", "relevancy_score": 33.622962074978204, "price": "$14.99"}, {"title": "Back to the Future Part III (DVD)", "tags": "Back to the Future Movies Action Comedy Classic Comedies All Sci-Fi & Fantasy NBA TV Shows Instawatch", "relevancy_score": 20.449573055028463, "price": "$9.99"}, {"title": "Midnight Special (DVD)", "tags": "Jurassic Park Movies Instawatch Sci-Fi & Fantasy Action Drama World All Adventure Marvel", "relevancy_score": 5.123270031217482, "price": "$8.36"}, {"title": "The 5th Wave (4K Ultra HD + Blu-ray)", "tags": "Instawatch Sci-Fi & Fantasy Movies All Horror Action Adventure 4K Ultra HD", "relevancy_score": 0.0, "price": "$19.53"}, {"title": "The Beast From 20,000 Fathoms (DVD)", "tags": "All 4K Ultra HD Movies Star Wars Instawatch Sci-Fi & Fantasy Jurassic World Action Classic Classics", "relevancy_score": 5.123270031217482, "price": "$14.99"}, {"title": "Total Recall (DVD)", "tags": "Walmart Exclusives Instawatch Sci-Fi & Fantasy Movies Action Thriller Adventure DVD All Terminator", "relevancy_score": 22.545910138248846, "price": "$9.98"}, {"title": "Star Trek: Into Darkness (4K Ultra HD)", "tags": "Transformers Movies & TV Shows Instawatch Sci-Fi Fantasy Action All Star Trek Adventure 4K Ultra HD", "relevancy_score": 11.447397360703814, "price": "$17.99"}, {"title": "Independence Day (20th Anniversary) (4K Ultra HD)", "tags": "All 4K Ultra HD Movies Spanish Language Action Alien Sci-Fi & Fantasy Instawatch Adventure", "relevancy_score": 13.247397360703811, "price": "$22.71"}, {"title": "Ready Player One 3D (Blu-ray + Blu-ray)", "tags": "Transformers Movies & TV Shows Instawatch Sci-Fi Fantasy Jurassic World Action All Wonder Woman Marvel Harry Potter", "relevancy_score": 74.92917251051892, "price": "$24.86"}, {"title": "Rogue One: A Star Wars Story (4K Ultra HD + Blu-ray + Digital Copy)", "tags": "All 4K Ultra HD Movies Star Wars Summer Picks Action Romance New Release & Adventure Sci-Fi Fantasy", "relevancy_score": 20.449573055028463, "price": "$25.49"}, {"title": "Jurassic World: 5-Movie Collection (Blu-ray + Digital Copy)", "tags": "All 4K Ultra HD Movies Jurassic Park Horror World Spanish Language Action & Adventure Harry Potter", "relevancy_score": 20.449573055028463, "price": "$38.98"}, {"title": "Def-Con 4 / Hell Comes to Frogtown (DVD)", "tags": "All 4K Ultra HD Movies Jurassic Park Instawatch Sci-Fi & Fantasy Horror World New Release Marvel", "relevancy_score": 0.0, "price": "$7.99"}, {"title": "I Am Legend (Blu-ray)", "tags": "Action Drama Movies Romance Military & War All Sci-Fi Fantasy DVD Adventure 4K Ultra HD", "relevancy_score": 259.00365684093435, "price": "$6.99"}, {"title": "This Island Earth (DVD)", "tags": "All Horror Movies Adventure Classic Dramas Action Sci-Fi & Fantasy Documentaries Classics", "relevancy_score": 40.004499151103566, "price": "$9.99"}, {"title": "Ghosts of Mars (Blu-ray)", "tags": "All 4K Ultra HD Movies Jurassic Park Star Wars Instawatch Sci-Fi & Fantasy World Action Adventure", "relevancy_score": 10.23883568548387, "price": "$18.80"}, {"title": "Dredd (Blu-ray + Digital Copy)", "tags": "Instawatch Sci-Fi & Fantasy Movies Action All Drama Music Dance Adventure", "relevancy_score": 120.61012308998303, "price": "$9.45"}, {"title": "Transformers: The Dark of the Moon (Blu-ray + DVD + Digital Copy)", "tags": "Anime for Children Transformers Movies & TV Shows Instawatch Sci-Fi Fantasy All Horror Action Adventure", "relevancy_score": 289.26157834101383, "price": "$6.99"}, {"title": "Science Fiction Classics: 6-Film Collection (DVD)", "tags": "Classic Comedies Dramas Horror Movies Alien Sci-Fi All & Fantasy Documentaries Classics", "relevancy_score": 5.123270031217482, "price": "$20.40"}, {"title": "Prometheus (Blu-ray 3D + Blu-ray + DVD + Digital Copy) (Widescreen)", "tags": "Under $5 Star Wars Movies All Mystery & Suspense Jurassic World Action Alien Sci-Fi Fantasy Instawatch", "relevancy_score": 19.649573055028462, "price": "$12.99"}, {"title": "Brainstorm (DVD)", "tags": "All 4K Ultra HD Movies Jurassic Park Star Wars Instawatch Sci-Fi & Fantasy World Action Marvel", "relevancy_score": 0.0, "price": "$14.99"}, {"title": "The Lord of the Rings: The Fellowship of the Ring", "tags": "Under $5 Action Romance Adventure Movies Family Sci-Fi & Fantasy All", "relevancy_score": 50.525245869394176, "price": "$7.49"}, {"title": "Star Wars: Episode VIII: The Last Jedi (DVD)", "tags": "Star Wars Movies Animated Action Drama All Sci-Fi & Fantasy Marvel", "relevancy_score": 359.7068477019697, "price": "$18.75"}, {"title": "Aliens (DVD)", "tags": "Instawatch Comedy Movies All Horror Alien Sci-Fi & Fantasy Drama Action Adventure Kids and Family", "relevancy_score": 0.0, "price": "$12.11"}, {"title": "Splice (DVD)", "tags": "All 4K Ultra HD Movies Jurassic Park Star Wars Instawatch Sci-Fi & Fantasy World Action Adventure", "relevancy_score": 33.622962074978204, "price": "$7.00"}, {"title": "Snow Beast (DVD)", "tags": "All Mystery & Suspense Classic Action Movies Dramas Crime Romantic Comedies Comedy Classics", "relevancy_score": 5.123270031217482, "price": "$13.25"}, {"title": "Meet Joe Black (Blu-ray)", "tags": "Anime Movies & TV Shows Crime Japanese Comic Horror Comedy Mystery Suspense Musical Men In Black", "relevancy_score": 28.836895161290325, "price": "$9.99"}, {"title": "The Thing From Another World (DVD)", "tags": "Star Wars Movies All Horror Jurassic World Classic Action Sci-Fi & Fantasy Classics", "relevancy_score": 94.58175608953259, "price": "$9.99"}, {"title": "A Little Princess (DVD)", "tags": "All 4K Ultra HD Movies Jurassic Park Star Wars Instawatch Sci-Fi & Fantasy World Action Adventure", "relevancy_score": 9.23883568548387, "price": "$7.99"}, {"title": "Transformers: 5-Movie Collection (Blu-ray)", "tags": "Transformers Movies & TV Shows Instawatch Sci-Fi Fantasy All Horror Action Adventure Marvel", "relevancy_score": 48.32524586939417, "price": "$44.90"}, {"title": "12 Monkeys (DVD)", "tags": "All Horror Movies Boxed Sets & Collections TV DVD Action Adventure Instawatch Mystery Suspense", "relevancy_score": 18.449573055028463, "price": "$8.98"}, {"title": "The Cell (DVD)", "tags": "", "relevancy_score": 40.48185483870968, "price": "$8.15"}, {"title": "The Thing (DVD)", "tags": "Shop STEM ages 12 and Up All Smurfs Goonies Teenage Mutant Ninja Turtles Michael Jordan Gremlins Transformers Pinky the Brain", "relevancy_score": 50.525245869394176, "price": "$9.49"}, {"title": "Freejack (Blu-ray)", "tags": "All 4K Ultra HD Movies Jurassic Park Star Wars Instawatch Sci-Fi & Fantasy World Action Adventure", "relevancy_score": 0.0, "price": "$22.99"}, {"title": "Planet of the Apes (Blu-ray)", "tags": "Jurassic Park Movies Instawatch Sci-Fi & Fantasy World Spanish Language All Action Adventure", "relevancy_score": 5.123270031217482, "price": "$14.18"}, {"title": "The First Purge (DVD)", "tags": "All Mystery & Suspense Supernatural Horror Movies Sci-Fi Fantasy Instawatch Drama About Race", "relevancy_score": 23.43689516129032, "price": "$8.84"}, {"title": "The War of the Worlds (Criterion Collection) (DVD)", "tags": "All 4K Ultra HD Movies Star Wars Instawatch Sci-Fi & Fantasy Action Drama Romance Jurassic World", "relevancy_score": 0.0, "price": "$24.93"}, {"title": "Drive Angry (DVD)", "tags": "Action Drama Movies Romance Thriller Animated All Sci-Fi & Fantasy Adventure Instawatch Mystery Suspense", "relevancy_score": 47.89182027649769, "price": "$7.95"}, {"title": "Megafault (DVD)", "tags": "Jurassic Park Movies Instawatch Sci-Fi & Fantasy Action Drama World All Adventure Marvel", "relevancy_score": 3.1232700312174817, "price": "$13.99"}, {"title": "Forbidden World (Blu-ray)", "tags": "Jurassic Park Movies Instawatch Sci-Fi & Fantasy Action Drama World All Adventure Marvel", "relevancy_score": 0.0, "price": "$40.12"}, {"title": "Circle of Iron (Blu-ray)", "tags": "Jurassic Park Movies Instawatch Sci-Fi & Fantasy Action Drama World All Adventure Marvel", "relevancy_score": 0.0, "price": "$17.13"}, {"title": "Ancient Aliens: Season 6 Volume 1 (DVD)", "tags": "All 4K Ultra HD Movies Instawatch Sci-Fi & Fantasy Horror Science Technology French TV Shows", "relevancy_score": 15.347397360703813, "price": "$9.99"}, {"title": "Hercules Unchained (DVD)", "tags": "Jurassic Park Movies Instawatch Sci-Fi & Fantasy Action Drama World Classic All Marvel Classics", "relevancy_score": 3.1232700312174817, "price": "$7.48"}, {"title": "Ancient Alien America (DVD)", "tags": "All 4K Ultra HD Movies Instawatch Sci-Fi & Fantasy Anime Animation Horror French", "relevancy_score": 0.0, "price": "$12.76"}, {"title": "Farscape: Season 1 - Collection 3 (DVD, 2004, 2-Disc Set, Starburst Edition) NEW", "tags": "All 4K Ultra HD Movies Instawatch Sci-Fi & Fantasy Anime Animation Horror French", "relevancy_score": 0.0, "price": "$18.48"}, {"title": "VeggieTales: Moe And The Big Exit", "tags": "All Anime & Animation Animated Drama Movies Family Action DVD Marvel Adventure", "relevancy_score": 18.449573055028463, "price": "$17.47"}, {"title": "Teenagers From Outer Space (DVD)", "tags": "", "relevancy_score": 0.0, "price": "$5.89"}, {"title": "Land of the Lost (DVD)", "tags": "Animated Drama Movies Family Comedy Romantic Comedies DVD All", "relevancy_score": 71.08219800960877, "price": "$8.69"}, {"title": "4-Movie Marathon: Epic Exploits Collection (DVD)", "tags": "Action Romance Thriller Movies Classic Sci-Fi & Adventure Instawatch DVD All", "relevancy_score": 42.28185483870968, "price": "$11.00"}, {"title": "Jurassic World: 5-Movie Collection (4K Ultra HD + Blu-ray)", "tags": "All 4K Ultra HD Movies Jurassic Park Horror World French Spanish Language Action & Adventure", "relevancy_score": 2.1232700312174817, "price": "$73.49"}, {"title": "The Postman (Blu-ray)", "tags": "Star Wars Movies All Anime & Animation Jurassic World Western Action Adventure Romantic", "relevancy_score": 25.836895161290325, "price": "$14.99"}, {"title": "Screamers (Blu-ray)", "tags": "Summer Picks Instawatch Comedy Movies Adventure French Spanish Language New Release All Action & Mystery Suspense", "relevancy_score": 0.0, "price": "$23.96"}, {"title": "The Hobbit: An Unexpected Journey (DVD)", "tags": "Instawatch Sci-Fi & Fantasy Movies Action Drama Romance Classic Adventure DVD All Classics", "relevancy_score": 74.92917251051892, "price": "$4.99"}, {"title": "Upside Down (DVD)", "tags": "All 4K Ultra HD Movies Jurassic Park Star Wars Instawatch Sci-Fi & Fantasy World Action", "relevancy_score": 6.238835685483871, "price": "$14.55"}, {"title": "Star Wars: Episode III: Revenge of the Sith (DVD)", "tags": "Star Wars Movies Summer Picks Steelbook & TV Shows Action Classic Sci-Fi Fantasy All Foreign Films", "relevancy_score": 11.447397360703814, "price": "$16.99"}, {"title": "Arrival (DVD)", "tags": "Walmart Exclusives Steelbook Movies & TV Shows All Mystery Suspense Action Thriller Sci-Fi Fantasy Science Technology Instawatch 4K Ultra HD", "relevancy_score": 25.545910138248846, "price": "$5.99"}, {"title": "Alien Nation (Blu-ray)", "tags": "All Anime & Animation Horror Movies Animated Drama Family Comedy French Sci-Fi Fantasy Mysteries TV Shows Instawatch", "relevancy_score": 5.123270031217482, "price": "$14.07"}, {"title": "Rambo (DVD)", "tags": "Instawatch Military & War Movies Action Drama Thriller Combat All Adventure 4K Ultra HD", "relevancy_score": 27.636895161290322, "price": "$7.99"}, {"title": "Ad Astra (Blu-ray)", "tags": "All 4K Ultra HD Movies New DVD Releases Horror French Spanish Language Sci-Fi & Fantasy Release Instawatch Mystery Suspense", "relevancy_score": 26.43689516129032, "price": "$14.99"}, {"title": "Godzilla (Blu-ray + DVD)", "tags": "All Horror Movies Japanese Action Sci-Fi & Fantasy Instawatch Adventure Marvel 4K Ultra HD", "relevancy_score": 37.60449915110356, "price": "$12.96"}, {"title": "Ghost Rider Spirit of Vengeance (DVD)", "tags": "Instawatch Sci-Fi & Fantasy Movies Action Drama Romance Adventure Marvel All", "relevancy_score": 73.43301411290322, "price": "$7.89"}, {"title": "Alien vs Predator (DVD)", "tags": "All Horror Movies Animated Drama French Spanish Language Alien Sci-Fi & Fantasy Mysteries TV Shows Instawatch", "relevancy_score": 5.123270031217482, "price": "$9.48"}, {"title": "Lost Girl: Season Three (DVD)", "tags": "Jurassic Park Movies Instawatch Sci-Fi & Fantasy Action Drama World All TV Shows Adventure Marvel", "relevancy_score": 0.0, "price": "$45.88"}, {"title": "Storm Of The Century (DVD)", "tags": "All 4K Ultra HD Movies Star Wars Instawatch Sci-Fi & Fantasy Horror Jurassic World Action Marvel", "relevancy_score": 3.1232700312174817, "price": "$7.50"}, {"title": "Aliens (Blu-ray)", "tags": "Instawatch Sci-Fi & Fantasy Movies All Horror Action Alien Terminator", "relevancy_score": 5.123270031217482, "price": "$17.44"}, {"title": "A Clockwork Orange / 2001: A Space Odyssey (DVD)", "tags": "All 4K Ultra HD Movies Classic Sci-Fi & Fantasy Classics", "relevancy_score": 9.23883568548387, "price": "$15.80"}, {"title": "Sunshine (2007) (Blu-ray)", "tags": "All 4K Ultra HD Movies Jurassic Park Star Wars Instawatch Sci-Fi & Fantasy World Action Adventure", "relevancy_score": 25.545910138248846, "price": "$9.90"}, {"title": "The Shape of Water (4K Ultra HD + Blu-ray)", "tags": "Instawatch Sci-Fi & Fantasy Movies Military Political French Spanish Language Action All Adventure 4K Ultra HD", "relevancy_score": 0.0, "price": "$35.19"}, {"title": "Godzilla vs. Mechagodzilla II / Godzilla vs. Spacegodzilla (Blu-ray)", "tags": "", "relevancy_score": 0.0, "price": "$9.73"}, {"title": "The Divergent Series: Allegiant (4K Ultra HD)", "tags": "Instawatch Sci-Fi & Fantasy Movies All Horror Action Adventure 4K Ultra HD", "relevancy_score": 0.0, "price": "$24.99"}, {"title": "Zathura: A Space Adventure (Blu-ray)", "tags": "Walmart Exclusives Star Wars Movies Adventure Family Sci-Fi & Fantasy Action DVD All Children Instawatch Kids and", "relevancy_score": 10.23883568548387, "price": "$15.59"}, {"title": "Mac and Me (Collector's Edition) (Blu-ray)", "tags": "All 4K Ultra HD Movies Jurassic Park Star Wars Instawatch Sci-Fi & Fantasy World Action Adventure", "relevancy_score": 5.123270031217482, "price": "$16.99"}, {"title": "Attack of the Killer Tomatoes (Blu-ray + DVD)", "tags": "All 4K Ultra HD Movies Mystery & Suspense Supernatural Horror Sci-Fi Fantasy New Release Action Adventure Instawatch", "relevancy_score": 5.123270031217482, "price": "$19.49"}, {"title": "Star Trek I: The Motion Picture / Star Trek II: The Wrath of Khan (DVD)", "tags": "All 4K Ultra HD Movies Star Wars Instawatch Sci-Fi & Fantasy Jurassic World Action Trek Boxed Sets Collections TV", "relevancy_score": 10.23883568548387, "price": "$14.25"}, {"title": "Men in Black (Blu-ray)", "tags": "Instawatch Sci-Fi & Fantasy Movies Anime TV Shows Japanese Action All Comedy Mystery Suspense Musical", "relevancy_score": 10.23883568548387, "price": "$14.02"}, {"title": "Alien Resurrection (Blu-ray)", "tags": "All Horror Movies French Spanish Language Sci-Fi & Fantasy Terminator 4K Ultra HD Instawatch", "relevancy_score": 10.23883568548387, "price": "$7.99"}, {"title": "Legendary (DVD)", "tags": "Instawatch Comedy Movies All Sci-Fi & Fantasy Drama Action Adventure DVD Kids and Family", "relevancy_score": 0.0, "price": "$20.40"}, {"title": "Transformers: Revenge of the Fallen (Blu-ray)", "tags": "Transformers Movies & TV Shows Instawatch Sci-Fi Fantasy All Horror Action Adventure Mystery Suspense", "relevancy_score": 0.0, "price": "$9.15"}, {"title": "Jupiter Ascending (Blu-ray + DVD)", "tags": "Instawatch Sci-Fi & Fantasy Movies All Horror Adventure Action Drama", "relevancy_score": 24.545910138248846, "price": "$7.49"}, {"title": "Hot to Trot (DVD)", "tags": "", "relevancy_score": 5.123270031217482, "price": "$11.99"}, {"title": "Fire in the Sky (DVD)", "tags": "All 4K Ultra HD Movies Jurassic Park Star Wars Instawatch Sci-Fi & Fantasy World Action Alien", "relevancy_score": 19.649573055028462, "price": "$13.99"}, {"title": "Star Wars: Episode VII: The Force Awakens (4K Ultra HD + Blu-ray + Digital Copy)", "tags": "Walmart Exclusives All 4K Ultra HD Movies Star Wars Summer Picks Action New Release & Adventure Sci-Fi Fantasy", "relevancy_score": 4.123270031217482, "price": "$25.99"}, {"title": "Flash Gordon (DVD)", "tags": "Jurassic Park Movies Instawatch Sci-Fi & Fantasy Action Drama World All Adventure Marvel", "relevancy_score": 37.60449915110356, "price": "$9.97"}, {"title": "armageddon", "tags": "Concert Snare Drums Beginner Drum Sets Bongos All 3-Piece Steel Tambourines Percussion Instruments Musical Classroom", "relevancy_score": 0.0, "price": "$18.29"}, {"title": "Alien (4K Ultra HD + DVD)", "tags": "All 4K Ultra HD Movies Horror French Spanish Language Sci-Fi & Fantasy Action Adventure Instawatch", "relevancy_score": 14.447397360703814, "price": "$20.87"}, {"title": "Ultraviolet (Unrated) (DVD)", "tags": "Instawatch Sci-Fi & Fantasy Movies Comedy Action Drama Adventure DVD All", "relevancy_score": 44.081854838709674, "price": "$6.98"}, {"title": "The Deadly Mantis (DVD)", "tags": "Jurassic Park Movies Instawatch Sci-Fi & Fantasy Action Drama World Classic All Marvel Classics", "relevancy_score": 0.0, "price": "$14.78"}, {"title": "Jurassic Park III (DVD)", "tags": "Jurassic Park Movies Instawatch Sci-Fi & Fantasy Action Drama World All Adventure DVD", "relevancy_score": 40.004499151103566, "price": "$11.03"}, {"title": "Men in Black 3 (DVD)", "tags": "Anime for Children Instawatch Sci-Fi & Fantasy Movies Comedy TV Shows Japanese Action All Men In Black", "relevancy_score": 95.52854838709678, "price": "$5.50"}, {"title": "In Harms Way - 8 Movie Collection", "tags": "Action Romance Western & Adventure Movies All Classic Sci-Fi Instawatch", "relevancy_score": 0.0, "price": "$9.88"}, {"title": "The Mothman Prophecies (DVD)", "tags": "All Mystery & Suspense Romantic Sci-Fi Fantasy Marvel Movies Action Adventure", "relevancy_score": 31.52296207497821, "price": "$8.95"}, {"title": "RoboCop (DVD)", "tags": "Star Wars Movies Instawatch Sci-Fi & Fantasy Jurassic World Action Adventure All Terminator", "relevancy_score": 14.447397360703814, "price": "$5.99"}, {"title": "The Green Slime (DVD)", "tags": "All 4K Ultra HD Movies Jurassic Park Star Wars Instawatch Sci-Fi & Fantasy World Action Adventure", "relevancy_score": 0.0, "price": "$11.99"}, {"title": "The Best of Lucy & Friends (DVD)", "tags": "Family Classic Movies Dramas Slapstick Comedy Classics TV Shows All Music & Performance", "relevancy_score": 23.545910138248846, "price": "$7.98"}, {"title": "Night of the Blood Beast (DVD)", "tags": "All 4K Ultra HD Movies Jurassic Park Star Wars Instawatch Sci-Fi & Fantasy World Action Adventure", "relevancy_score": 0.0, "price": "$7.48"}, {"title": "Enchanted (DVD)", "tags": "Disney Princess Movies All Anime & Animation Action Drama Animated Family Sci-Fi Fantasy Children", "relevancy_score": 285.73326839434577, "price": "$6.99"}, {"title": "Sci-Fi Invasion: 50 Movie Set (DVD)", "tags": "All Horror Movies Classic Action Comedies Dramas Sci-Fi & Fantasy Classics", "relevancy_score": 20.43689516129032, "price": "$17.99"}, {"title": "Time After Time (DVD)", "tags": "Action Comedy Movies Martial Art Animated Drama Adventure Romantic About Race DVD All", "relevancy_score": 58.69182027649769, "price": "$9.99"}, {"title": "Harry Potter And The Order Of Phoenix Fullscreen (DVD)", "tags": "Summer Picks Adventure Movies Family Sci-Fi & Fantasy All Boxed Sets Collections TV DVD Children Harry Potter", "relevancy_score": 734.6148041474654, "price": "$7.98"}, {"title": "Power Rangers (4K Ultra HD + Blu-ray)", "tags": "Action Comedy Movies Thriller & Adventure Wonder Woman TV Shows Instawatch 4K Ultra HD Marvel", "relevancy_score": 5.123270031217482, "price": "$29.40"}, {"title": "Star Trek VIII: First Contact (DVD)", "tags": "All 4K Ultra HD Movies Jurassic Park Star Wars Instawatch Sci-Fi & Fantasy World Action Trek", "relevancy_score": 20.449573055028463, "price": "$8.74"}, {"title": "On a Clear Day You Can See Forever (DVD)", "tags": "Instawatch Comedy Movies French Romantic Comedies Music & Dance DVD", "relevancy_score": 0.0, "price": "$15.61"}, {"title": "Damnation Alley (Blu-ray)", "tags": "All 4K Ultra HD Movies Jurassic Park Star Wars Instawatch Sci-Fi & Fantasy World Action Adventure", "relevancy_score": 9.23883568548387, "price": "$37.21"}, {"title": "Bermuda Tentacles (DVD)", "tags": "All Anime & Animation Animated Drama Movies Family Romantic Comedy Action Adventure Instawatch", "relevancy_score": 0.0, "price": "$19.90"}, {"title": "Hanging by a Thread (DVD)", "tags": "All Anime & Animation Animated Drama Movies Family Action DVD Marvel Adventure", "relevancy_score": 0.0, "price": "$14.99"}, {"title": "Pitch Black (Widescreen, Special Edition)", "tags": "All 4K Ultra HD Movies Jurassic Park Star Wars Instawatch Sci-Fi & Fantasy World Action Adventure", "relevancy_score": 0.0, "price": "$8.98"}, {"title": "Surrogates (Blu-ray)", "tags": "", "relevancy_score": 21.545910138248846, "price": "$13.98"}, {"title": "Warner Home Video Harry Potter & The Deathly Hallows-p2 [br/dvd/dc/3 Disc/combo]", "tags": "Summer Picks Instawatch Sci-Fi & Fantasy Movies Family All Boxed Sets Collections TV Children Kids and Harry Potter", "relevancy_score": 283.1615783410138, "price": "$8.49"}, {"title": "Sinbad and the Eye of the Tiger (DVD)", "tags": "All 4K Ultra HD Movies Star Wars Instawatch Sci-Fi & Fantasy Anime Animation Jurassic World Adventure Family Drama Action", "relevancy_score": 9.23883568548387, "price": "$9.97"}, {"title": "Maze Runner: Double Feature (Blu-ray)", "tags": "Instawatch Sci-Fi & Fantasy Movies French Spanish Language Action All Drama Adventure", "relevancy_score": 0.0, "price": "$19.18"}, {"title": "The Wolf Man: Complete Legacy Collection (Blu-ray)", "tags": "Martial Art Movies Animated Drama Family Classic Comedies Horror Sci-Fi DVD All Classics", "relevancy_score": 0.0, "price": "$26.86"}, {"title": "Star Trek II: The Wrath of Khan (Blu-ray)", "tags": "Anime Action Star Wars Movies Instawatch Sci-Fi & Fantasy Drama Jurassic World Trek", "relevancy_score": 5.123270031217482, "price": "$16.15"}, {"title": "Bleach Box Set 24 (DVD)", "tags": "Anime Action All & Animation Movies TV Shows Romance Animated Japanese Foreign Films", "relevancy_score": 0.0, "price": "$19.99"}, {"title": "Star Trek X: Nemesis (Blu-ray)", "tags": "All 4K Ultra HD Movies Star Wars Instawatch Sci-Fi & Fantasy Jurassic World Action Trek", "relevancy_score": 10.23883568548387, "price": "$9.99"}, {"title": "Galaxy of Terror (Blu-ray)", "tags": "All 4K Ultra HD Movies Jurassic Park Star Wars Instawatch Sci-Fi & Fantasy World Action Adventure", "relevancy_score": 0.0, "price": "$29.64"}, {"title": "The Duel at Silver Creek (DVD)", "tags": "Classic Action Movies Western & Adventure Westerns Biographies French All Documentaries Classics", "relevancy_score": 14.447397360703814, "price": "$10.18"}, {"title": "Ancient Aliens and the New World Order (DVD)", "tags": "All 4K Ultra HD Movies Instawatch Sci-Fi & Fantasy Horror French Documentaries", "relevancy_score": 4.123270031217482, "price": "$13.87"}, {"title": "Durango Kids (DVD)", "tags": "Walmart Exclusives All Anime & Animation Family Drama Movies Sci-Fi Fantasy DVD Children Harry Potter", "relevancy_score": 9.23883568548387, "price": "$24.98"}]