[{"title": "The Ghost and Mr. Chicken (DVD)", "tags": "Action Drama Movies Animated Family Classic Comedies & Combat All Comedy Classics", "relevancy_score": 208.41090277777778, "price": "$6.75"}, {"title": "Scooby-Doo / Scooby-Doo 2: Monsters Unleashed (DVD)", "tags": "Scooby Doo Movies All Anime & Animation Animated Drama Family Romantic Comedies Comedy", "relevancy_score": 180.07172885572137, "price": "$6.85"}, {"title": "Tooth Fairy (DVD)", "tags": "All Anime & Animation Animated Drama Movies Family Comedy Children Instawatch Kids and", "relevancy_score": 105.2936217948718, "price": "$4.99"}, {"title": "Norm of the North (DVD)", "tags": "All Anime & Animation Cartoons Family Comedy Movies Drama Instawatch DVD Children Kids and", "relevancy_score": 55.95315891472868, "price": "$3.74"}, {"title": "Monster Trucks (DVD)", "tags": "All Health & Fitness Animated Drama Movies Adventure Family Instawatch Action Children Kids and", "relevancy_score": 39.34228070175438, "price": "$5.00"}, {"title": "Dr. Seuss\u2019 Horton Hears a Who! (DVD)", "tags": "All Anime & Animation Animated Drama Movies Family Classic Comedy Children Instawatch Kids and", "relevancy_score": 46.03288461538462, "price": "$4.99"}, {"title": "Animal Friends 8-Movie Collection (DVD)", "tags": "All Anime & Animation Animated Drama Movies Family Comedy DVD Children", "relevancy_score": 126.32013157894735, "price": "$5.99"}, {"title": "Curious George: The Complete First Season: 30 Adventures (DVD)", "tags": "Anime for Children Under $5 Summer Picks All & Animation Animated Comedy Movies Drama Cartoons Family", "relevancy_score": 15.406893939393939, "price": "$5.00"}, {"title": "The Nut Job 2: Nutty by Nature (DVD)", "tags": "Instawatch Animation Movies All Anime & Animated Drama Cartoons Children Family Kids and", "relevancy_score": 35.84677927927928, "price": "$3.74"}, {"title": "The Nightmare Before Christmas (DVD)", "tags": "Disney Princess Movies All Anime & Animation Animated Drama Cartoons Family DVD Comedy Children", "relevancy_score": 208.41090277777778, "price": "$6.50"}, {"title": "The Ghost and Mr. Chicken (DVD)", "tags": "Action Drama Movies Animated Family Classic Comedies & Combat All Comedy Classics", "relevancy_score": 208.41090277777778, "price": "$6.75"}, {"title": "Scooby-Doo / Scooby-Doo 2: Monsters Unleashed (DVD)", "tags": "Scooby Doo Movies All Anime & Animation Animated Drama Family Romantic Comedies Comedy", "relevancy_score": 180.07172885572137, "price": "$6.85"}, {"title": "Paw Patrol: Mighty Pups - Super Paws (DVD)", "tags": "Anime Action for Children All Animation & Cartoons Spanish Language Movies Adventure TV Shows Family", "relevancy_score": 48.11895833333333, "price": "$7.99"}, {"title": "Fat Albert (2004) (DVD)", "tags": "Animated Drama Movies Family Slapstick Comedy Romantic Comedies DVD All Children &", "relevancy_score": 133.76074712643677, "price": "$4.99"}, {"title": "Black Panther (DVD)", "tags": "Action Drama Movies Thriller All Sci-Fi & Fantasy Adventure Marvel Men In Black", "relevancy_score": 843.8208333333333, "price": "$16.99"}, {"title": "Toy Story 4 (Blu-ray + DVD)", "tags": "Disney Princess Movies All Anime & Animation Adventure Cartoons Family Drama Pixar Action Children", "relevancy_score": 267.47732142857143, "price": "$17.70"}, {"title": "Little House on the Prairie: Complete Collection (DVD)", "tags": "Classics TV Shows Drama Instawatch Movies Boxed Sets & Collections Television All Children Family Kids and", "relevancy_score": 241.10568027210886, "price": "$58.37"}, {"title": "Toy Story 4 (DVD)", "tags": "Disney Princess Movies All Anime & Animation Animated Drama Family Pixar Children Instawatch Kids and", "relevancy_score": 223.55435897435896, "price": "$14.90"}, {"title": "Moana (DVD)", "tags": "Disney Princess Movies All Anime & Animation Moana Animated Drama Cartoons Pixar Children Family", "relevancy_score": 497.8662468671679, "price": "$18.75"}, {"title": "Frozen (Blu-ray + DVD + Digital Copy)", "tags": "Disney Princess Movies All Anime & Animation Cartoons Family Drama Children Pixar Frozen", "relevancy_score": 1924.163565891473, "price": "$21.47"}, {"title": "The Ghost and Mr. Chicken (DVD)", "tags": "Action Drama Movies Animated Family Classic Comedies & Combat All Comedy Classics", "relevancy_score": 208.41090277777778, "price": "$6.75"}, {"title": "Scooby-Doo / Scooby-Doo 2: Monsters Unleashed (DVD)", "tags": "Scooby Doo Movies All Anime & Animation Animated Drama Family Romantic Comedies Comedy", "relevancy_score": 180.07172885572137, "price": "$6.85"}, {"title": "The Parent Trap (DVD)", "tags": "All Anime & Animation Animated Drama Movies Family Romantic Comedies Comedy DVD Children", "relevancy_score": 277.31449612403105, "price": "$7.96"}, {"title": "Secretariat (DVD)", "tags": "All Anime & Animation Action Drama Movies Animated DVD Adventure Comedy Children Family", "relevancy_score": 537.6098261390888, "price": "$7.99"}, {"title": "The Princess and the Frog (DVD)", "tags": "Disney Princess Movies All Anime & Animation Animated Drama Cartoons Family Children Pixar", "relevancy_score": 618.0259915611814, "price": "$10.44"}, {"title": "Sweet Home Alabama (DVD)", "tags": "All Anime & Animation Action Drama Movies Animated Family Romantic Comedies Comedy DVD", "relevancy_score": 348.7594117647059, "price": "$6.25"}, {"title": "Teen Witch (DVD)", "tags": "Animated Drama Movies Family Romantic Comedies Comedy DVD All Children &", "relevancy_score": 134.42013157894738, "price": "$4.99"}, {"title": "Sister Act / Sister Act 2: Back in the Habit (DVD)", "tags": "Animated Drama Movies Family Comedy Romantic Comedies DVD All Children &", "relevancy_score": 513.0737810945274, "price": "$5.99"}, {"title": "WALL-E (DVD)", "tags": "Disney Princess Movies All Anime & Animation Animated Drama Cartoons Family Pixar Children", "relevancy_score": 882.2454342723005, "price": "$11.88"}, {"title": "Pirates of the Caribbean: Dead Men Tell No Tales (DVD)", "tags": "All Anime & Animation Action Drama Movies Animated Adventure Family DVD Children", "relevancy_score": 129.02013157894737, "price": "$5.99"}, {"title": "The Ghost and Mr. Chicken (DVD)", "tags": "Action Drama Movies Animated Family Classic Comedies & Combat All Comedy Classics", "relevancy_score": 208.41090277777778, "price": "$6.75"}, {"title": "Little Shop of Horrors (DVD)", "tags": "Romantic Comedies Comedy All Music & Performance Instawatch Dance Movies DVD Children Family", "relevancy_score": 151.0746038251366, "price": "$9.75"}, {"title": "Turner & Hooch (DVD)", "tags": "Summer Picks Animated Drama Movies Family Romantic Comedies Comedy DVD All Children &", "relevancy_score": 311.73201612903233, "price": "$4.99"}, {"title": "McFarland, USA (DVD)", "tags": "All Anime & Animation Animated Drama Movies Family Sports Instawatch DVD Comedy", "relevancy_score": 112.38925925925925, "price": "$4.25"}, {"title": "The Last Song (DVD)", "tags": "Animated Drama Movies Romantic Comedies Instawatch Romance DVD All Comedy Children & Family", "relevancy_score": 299.1320161290323, "price": "$4.23"}, {"title": "Bicentennial Man (DVD)", "tags": "All Anime & Animation Animated Drama Movies Family Romantic Comedy DVD Children", "relevancy_score": 339.13308333333333, "price": "$4.99"}, {"title": "Herbie: Fully Loaded (DVD)", "tags": "All Anime & Animation Family Comedy Movies Drama Romantic DVD Children", "relevancy_score": 124.27806547619048, "price": "$4.99"}, {"title": "Christmas with the Kranks (DVD)", "tags": "Instawatch Comedy Movies Family Drama Romantic Comedies DVD All Holiday", "relevancy_score": 106.84299019607843, "price": "$6.88"}, {"title": "Pirates of the Caribbean: Dead Men Tell No Tales (Blu-ray + DVD)", "tags": "All Anime & Animation Animated Drama Movies Adventure Family French Italian Action", "relevancy_score": 129.02013157894737, "price": "$8.98"}, {"title": "Fantastic Beasts and Where to Find Them (Blu-ray + DVD)", "tags": "Harry Potter Blu-ray Movies Walmart Exclusives Adventure Family Sci-Fi & Fantasy All Action Children", "relevancy_score": 61.15315891472868, "price": "$7.99"}, {"title": "The Goonies (Blu-ray)", "tags": "Shop STEM ages 12 and Up All Smurfs Goonies Teenage Mutant Ninja Turtles Michael Jordan Gremlins Transformers Pinky the Brain", "relevancy_score": 19.63940476190476, "price": "$6.96"}, {"title": "Spies in Disguise (DVD)", "tags": "New DVD Releases French Movies Spanish Language Action & Adventure Release All Comedy Children Family", "relevancy_score": 136.56074712643678, "price": "$20.07"}, {"title": "Secondhand Lions (DVD)", "tags": "Action Drama Movies Romantic Comedies Comedy DVD Western All Children & Family", "relevancy_score": 920.668254147813, "price": "$5.99"}, {"title": "Onward (DVD)", "tags": "Summer Picks All Anime & Animation Animated Drama Movies Family New Release Disney Pixar Action Adventure", "relevancy_score": 74.99194444444444, "price": "$14.96"}, {"title": "101 Dalmatians (The Walt Disney Signature Collection) (Blu-ray + DVD)", "tags": "Disney Princess Movies All Anime & Animation Animated Drama Cartoons Family Classic Children", "relevancy_score": 24.63940476190476, "price": "$18.58"}, {"title": "High School Musical: 3-Movie Collection (DVD)", "tags": "Disney Princess Movies All Anime & Animation Animated Drama Family Comedy DVD Children", "relevancy_score": 40.942280701754385, "price": "$11.94"}, {"title": "Sonic the Hedgehog (Blu-ray + DVD + Digital Copy)", "tags": "All 4K Ultra HD Movies Summer Picks Sonic & TV Shows Horror Action Adventure New Release Children Family", "relevancy_score": 281.349981060606, "price": "$11.99"}, {"title": "Harry Potter and the Deathly Hallows, Part 1 and 2 (DVD)", "tags": "Summer Picks All Mystery & Suspense Family Sci-Fi Fantasy Movies Boxed Sets Collections TV DVD Harry Potter", "relevancy_score": 40.942280701754385, "price": "$11.99"}, {"title": "Hocus Pocus (4K Ultra HD + Blu-ray + Digital Copy)", "tags": "All 4K Ultra HD Movies Instawatch Comedy Animation & Cartoons Family Drama Children Kids and", "relevancy_score": 0.0, "price": "$17.16"}, {"title": "Elf (DVD)", "tags": "Animation & Cartoons Family Drama Movies DVD All Comedy Holiday Children Instawatch Kids and", "relevancy_score": 266.8961274509804, "price": "$6.99"}, {"title": "The Goonies (Blu-ray)", "tags": "Shop STEM ages 12 and Up All Smurfs Goonies Teenage Mutant Ninja Turtles Michael Jordan Gremlins Transformers Pinky the Brain", "relevancy_score": 19.63940476190476, "price": "$6.96"}, {"title": "How to Train Your Dragon: 3-Movie Collection (DVD)", "tags": "How to Train Your Dragon 3 Books Movies Mead Home Decor & Posters American Greetings Clothing Toys", "relevancy_score": 92.93552721088436, "price": "$19.99"}, {"title": "Sky High (DVD)", "tags": "All Anime & Animation Action Drama Movies Animated Cartoons Family DVD Comedy Children", "relevancy_score": 68.62412878787879, "price": "$4.99"}, {"title": "Hidalgo (DVD)", "tags": "Military & War Action Movies Family Classic All DVD Western Adventure Classics", "relevancy_score": 56.47880952380952, "price": "$4.99"}, {"title": "Chicken Little (DVD)", "tags": "All Anime & Animation Cartoons Family Drama Movies DVD Disney Pixar Children Instawatch Kids and", "relevancy_score": 133.76074712643677, "price": "$3.99"}, {"title": "Blaze and the Monster Machines: Blaze of Glory (DVD)", "tags": "Anime Action Comedy for Children All Animation & Cartoons Paw Patrol Movies Family Drama Nickelodeon Holiday", "relevancy_score": 65.82412878787878, "price": "$4.00"}, {"title": "Can't Buy Me Love (DVD)", "tags": "Shop STEM ages 12 and Up All Smurfs Goonies Teenage Mutant Ninja Turtles Michael Jordan Gremlins Transformers Pinky the Brain", "relevancy_score": 105.4423427672956, "price": "$4.99"}, {"title": "Spooky Buddies (DVD)", "tags": "Other Halloween Accessories Trick-or-Treat Bags Masks Baking & Cooking Supplies Witch Costumes Scary Men's Party Tableware", "relevancy_score": 114.6423427672956, "price": "$6.99"}, {"title": "Cocktail (DVD)", "tags": "Shop STEM ages 12 and Up All Smurfs Goonies Teenage Mutant Ninja Turtles Michael Jordan Gremlins Transformers Pinky the Brain", "relevancy_score": 89.79033333333334, "price": "$4.99"}, {"title": "Despicable Me (DVD)", "tags": "Minions - Clothing Disney Frozen Movies See All Party & Costumes Home Shop all Belle", "relevancy_score": 1007.1140132496513, "price": "$5.50"}, {"title": "The Santa Clause (DVD)", "tags": "All Anime & Animation Animated Drama Movies Family Comedy DVD Holiday Children", "relevancy_score": 139.3607471264368, "price": "$9.99"}, {"title": "The Chronicles of Narnia: The Voyage of the Dawn Treader (DVD)", "tags": "All Anime & Animation Action Drama Movies Animated Family United Kingdom Children Instawatch Kids and", "relevancy_score": 348.7594117647059, "price": "$7.99"}, {"title": "Bubble Guppies: On the Job! (DVD)", "tags": "Anime Comedy for Children All Animation & Cartoons Paw Patrol Movies Animated Drama Nickelodeon Family", "relevancy_score": 94.83552721088436, "price": "$5.00"}, {"title": "Guardians of the Galaxy: Volume 2 (Blu-ray + DVD)", "tags": "Action Drama Movies All Sci-Fi & Fantasy Instawatch Adventure Marvel 4K Ultra HD", "relevancy_score": 267.47732142857143, "price": "$16.22"}, {"title": "Finding Dory (DVD)", "tags": "Finding Nemo Movies All Anime & Animation Animated Drama Cartoons Family Disney Pixar Children", "relevancy_score": 365.12092679127727, "price": "$18.75"}, {"title": "Sing (Blu-ray + DVD)", "tags": "All Anime & Animation Cartoons Family Drama Movies Music Performance Instawatch Dance Children Kids and", "relevancy_score": 165.57778645833332, "price": "$12.29"}, {"title": "Hotel Transylvania / Hotel Transylvania 2 (DVD)", "tags": "All Anime & Animation Animated Drama Movies Cartoons Family Instawatch Children Kids and", "relevancy_score": 49.60083333333334, "price": "$9.81"}, {"title": "The Preacher's Wife (DVD)", "tags": "All Anime & Animation Action Drama Movies Family Romantic Comedies Comedy DVD", "relevancy_score": 136.56074712643678, "price": "$5.05"}, {"title": "Hercules (DVD)", "tags": "Disney Princess Movies All Anime & Animation Animated Drama Cartoons Family Classic Children", "relevancy_score": 74.99194444444444, "price": "$9.99"}, {"title": "Dora and the Lost City of Gold (Blu-ray + DVD)", "tags": "All 4K Ultra HD Movies Mystery & Suspense Dora The Explorer TV Shows Horror New Release Action Adventure Children Family", "relevancy_score": 63.75315891472868, "price": "$17.96"}, {"title": "Hotel Transylvania 3: Summer Vacation (Blu-ray + DVD + Digital Copy)", "tags": "Instawatch Animation Movies All Anime & Horror Animated Drama Cartoons Family Kids and", "relevancy_score": 146.23791666666668, "price": "$15.55"}, {"title": "A Very Merry Mix-Up (DVD)", "tags": "Walmart Exclusives Hallmark Channel Action Drama Movies Romantic All Romance Comedy Holiday Children & Family", "relevancy_score": 126.87806547619047, "price": "$4.99"}, {"title": "The Pagemaster (DVD)", "tags": "All Anime & Animation Animated Drama Movies Family DVD Action Adventure Comedy Children", "relevancy_score": 98.44299019607843, "price": "$4.99"}, {"title": "The Emoji Movie (DVD)", "tags": "All Anime & Animation Animated Drama Movies Cartoons Family Comedy Children Instawatch Kids and", "relevancy_score": 98.44299019607843, "price": "$5.99"}, {"title": "A Flintstone Christmas Collection (DVD)", "tags": "Anime Action Comedy for Children All Animation & Cartoons Animated Movies Drama Family Sci-Fi Fantasy Holiday", "relevancy_score": 46.03288461538462, "price": "$9.59"}, {"title": "Planes (DVD + Digital Copy)", "tags": "Disney Princess Movies All Anime & Animation Adventure Cartoons Family Drama Pixar Children", "relevancy_score": 257.25806224899594, "price": "$7.92"}, {"title": "Home (DVD)", "tags": "All Anime & Animation Animated Drama Movies Cartoons Family Comedy Disney Pixar Instawatch Kids and", "relevancy_score": 61.27880952380952, "price": "$7.99"}, {"title": "The Jungle Book (DVD)", "tags": "Disney Princess Movies All Anime & Animation Animated Drama Cartoons Family Children DVD", "relevancy_score": 107.49362179487179, "price": "$8.50"}, {"title": "Captain America: Civil War (DVD)", "tags": "Action Romance Thriller Movies All Sci-Fi & Fantasy Adventure Marvel", "relevancy_score": 310.2473758865248, "price": "$19.96"}, {"title": "Strange Magic (DVD)", "tags": "All Anime & Animation Animated Drama Movies Cartoons Children Family DVD Instawatch Kids and", "relevancy_score": 213.3364497716895, "price": "$9.99"}, {"title": "A Christmas Melody (DVD)", "tags": "Walmart Exclusives Hallmark Channel Action Drama Movies Romantic All Romance Comedy Holiday Children & Family", "relevancy_score": 104.74299019607844, "price": "$9.88"}, {"title": "The Lego Ninjago Movie (Blu-ray + DVD + Digital Copy)", "tags": "Instawatch Animation Movies Animated Drama & Cartoons Batman The Lego Movie Kids and Family", "relevancy_score": 70.0241287878788, "price": "$8.72"}, {"title": "Peppa Pig: Muddy Puddles/Sun, Sea And Snow (DVD)", "tags": "Anime for Children All Animation & Cartoons Paw Patrol Movies Animated Drama Family Cartoon New Release", "relevancy_score": 17.72656862745098, "price": "$23.50"}, {"title": "The Boss Baby (DVD)", "tags": "Instawatch Animation Movies All Anime & Animated Drama Cartoons Family Disney Pixar Kids and", "relevancy_score": 84.91891843971632, "price": "$9.42"}, {"title": "Charming Christmas (DVD)", "tags": "Walmart Exclusives Hallmark Channel Romantic Comedies All Romance Comedy Holiday Movies", "relevancy_score": 24.63940476190476, "price": "$9.99"}, {"title": "Phenomenon (DVD)", "tags": "All Anime & Animation Action Drama Movies Romantic Comedies Comedy DVD", "relevancy_score": 126.87806547619047, "price": "$4.99"}, {"title": "Step Up (DVD)", "tags": "Animated Drama Movies Instawatch All Music & Performance Dance DVD Comedy Kids and Family", "relevancy_score": 98.44299019607843, "price": "$4.99"}, {"title": "The Flintstones: 2 Movies & 5 Specials (DVD)", "tags": "Scooby Doo Movies All Anime & Animation Animated Drama Cartoons Family Boxed Sets Collections TV DVD", "relevancy_score": 5.144381720430108, "price": "$9.96"}, {"title": "Doctor Strange (DVD)", "tags": "Action Drama Movies Romance Classic All Sci-Fi & Fantasy Adventure Marvel", "relevancy_score": 131.72013157894736, "price": "$14.99"}, {"title": "Ladybugs (DVD)", "tags": "All Anime & Animation Animated Drama Movies Family Romantic Comedies Comedy DVD", "relevancy_score": 13.306893939393937, "price": "$5.63"}, {"title": "The Star (DVD)", "tags": "All Anime & Animation Animated Drama Movies Cartoons Family Instawatch Children Kids and", "relevancy_score": 147.97460382513663, "price": "$7.99"}, {"title": "Dolly Parton's Coat of Many Colors (DVD)", "tags": "Anime Drama All Religion & Spirituality Romantic Romance Instawatch Movies Documentaries Comedy Holiday", "relevancy_score": 439.44747198879554, "price": "$8.96"}, {"title": "The Emperor's New Groove / Kronk's New Groove (Blu-ray + DVD)", "tags": "Disney Princess Movies All Anime & Animation Animated Drama Cartoons Family Classic Children", "relevancy_score": 65.82412878787878, "price": "$14.93"}, {"title": "Thor: The Dark World (DVD)", "tags": "Action Drama Movies Romance Thriller All Sci-Fi & Fantasy Adventure Marvel", "relevancy_score": 172.67172885572137, "price": "$14.99"}, {"title": "Harry Potter and the Half-Blood Prince (DVD)", "tags": "Summer Picks Adventure Movies All Sci-Fi & Fantasy Boxed Sets Collections TV DVD Children Family Harry Potter", "relevancy_score": 36.942280701754385, "price": "$12.97"}, {"title": "Curious George: Halloween Double Feature (A Halloween Boo Fest/SpookyFun) (DVD)", "tags": "Anime for Children Thomas & Friends Movies TV Shows Under $5 Dora The Explorer All Animation Family Drama Spanish Language", "relevancy_score": 5.144381720430108, "price": "$8.99"}, {"title": "Hannah Montana: The Movie (DVD)", "tags": "Basketballs Footballs Hockey Sticks NBA Accessories NCAA Spalding Alabama Crimson Tide Kids", "relevancy_score": 336.8463778877888, "price": "$5.99"}, {"title": "Secondhand Lions (Blu-ray)", "tags": "Summer Picks Animated Drama Movies Family All Action & Adventure Comedy Children Instawatch", "relevancy_score": 129.4780654761905, "price": "$12.24"}, {"title": "SpongeBob SquarePants First 100 Episodes (DVD)", "tags": "All Animation & Cartoons Walmart Exclusives Anime Family Comedy Movies Drama Spongebob TV Shows", "relevancy_score": 0.0, "price": "$23.89"}, {"title": "Garfield: The Movie (DVD)", "tags": "Hey Arnold! Shop All Cabbage Patch Kids Smurfs 80s Clothing Gremlins Alvin and the Chipmunks Mickey Mouse Womens Dexter's Laboratory", "relevancy_score": 28.84677927927928, "price": "$4.99"}, {"title": "Northpole: Open for Christmas (DVD)", "tags": "Walmart Exclusives Hallmark Channel Action Drama Movies Romantic All Romance Western Comedy Holiday", "relevancy_score": 37.74228070175438, "price": "$7.59"}, {"title": "Alvin and the Chipmunks: Chipwrecked (DVD)", "tags": "All Anime & Animation Animated Drama Movies Cartoons Family Comedy Children Instawatch Kids and", "relevancy_score": 139.3607471264368, "price": "$5.99"}, {"title": "The Black Cauldron (DVD)", "tags": "Other Halloween Accessories Trick-or-Treat Bags Masks Baking & Cooking Supplies Witch Costumes Scary Men's Party Tableware", "relevancy_score": 57.67880952380953, "price": "$9.99"}, {"title": "Blue's Clues And You! Caring With Blue (DVD)", "tags": "", "relevancy_score": 0.0, "price": "$9.96"}, {"title": "Little House on the Prairie: Legacy Movie Collection (DVD)", "tags": "Family Drama Movies Classics TV Shows Instawatch Boxed Sets & Collections Television All Children Kids and", "relevancy_score": 47.40083333333334, "price": "$9.99"}, {"title": "Tall Tale: The Unbelieveable Adventure (DVD)", "tags": "All Anime & Animation Animated Drama Movies Family Classic DVD Western Children", "relevancy_score": 79.9568115942029, "price": "$9.99"}, {"title": "The Many Adventures of Winnie the Pooh (Blu-ray + DVD + Digital Copy)", "tags": "Disney Princess Movies All Anime & Animation Animated Drama Cartoons Family Children Pixar", "relevancy_score": 66.35315891472868, "price": "$13.99"}, {"title": "The Hunchback of Notre Dame (DVD)", "tags": "Disney Princess Movies All Anime & Animation Animated Drama Cartoons Family Classic Children", "relevancy_score": 122.0344696969697, "price": "$9.99"}, {"title": "Mission Celebration (DVD)", "tags": "Anime Comedy for Children All Animation & Cartoons Animated Drama Movies Adventure Family Educational Nickelodeon", "relevancy_score": 89.8784375, "price": "$4.93"}, {"title": "Christopher Robin (Blu-ray + DVD + Digital Copy)", "tags": "Walmart Exclusives Steelbook Movies & TV Shows Animation Cartoons Family Drama Sci-Fi Fantasy Marvel Harry Potter", "relevancy_score": 35.84677927927928, "price": "$7.96"}, {"title": "The Search for Santa Paws (Blu-ray + DVD)", "tags": "", "relevancy_score": 65.82412878787878, "price": "$14.99"}, {"title": "Cinderella (2015) (Blu-ray + DVD + Digital HD)", "tags": "Disney Princess Movies All Anime & Animation Animated Drama Cartoons Family Children", "relevancy_score": 124.27806547619048, "price": "$11.88"}, {"title": "Dumbo (DVD)", "tags": "Disney Princess Movies All Anime & Animation Animated Drama Cartoons Family Children DVD", "relevancy_score": 242.51811728395063, "price": "$8.49"}, {"title": "The Little Rascals 2 Movie Family Fun Pack (DVD)", "tags": "Family Drama Movies Classic Comedies Romantic Comedy DVD All Children &", "relevancy_score": 30.74597222222222, "price": "$7.99"}, {"title": "Rango (DVD)", "tags": "Scooby Doo Movies All Anime & Animation Animated Drama Family DVD Children Instawatch Kids and", "relevancy_score": 42.432884615384616, "price": "$3.99"}, {"title": "National Treasure 2: Book of Secrets (DVD)", "tags": "All Anime & Animation Animated Drama Movies Family Action Adventure DVD Comedy", "relevancy_score": 548.7561415525115, "price": "$9.99"}, {"title": "Disney Frozen II (Walmart Exclusive) (4K Ultra HD + Blu-ray + Digital Copy)", "tags": "Disney Princess Movies All 4K Ultra HD Summer Picks Anime & Animation Cartoons Frozen Children Family", "relevancy_score": 79.63552721088435, "price": "$21.73"}, {"title": "4 Kid Favorites: Mary-Kate & Ashley Travel the World (DVD)", "tags": "Family Comedy Movies Drama Crime French Spanish Language DVD All Children &", "relevancy_score": 40.63288461538462, "price": "$11.87"}, {"title": "Alice in Wonderland (DVD)", "tags": "Disney Princess Movies All Anime & Animation Animated Drama Cartoons Family Children Pixar", "relevancy_score": 198.55761904761906, "price": "$9.76"}, {"title": "Stick It (DVD)", "tags": "Action Drama Movies Family Performing Arts All Sci-Fi & Fantasy Romantic Comedy DVD", "relevancy_score": 84.91891843971632, "price": "$4.99"}, {"title": "Doctor Dolittle (DVD)", "tags": "Family Comedy Movies Classic Dramas All Music & Performance New Release Children Classics Instawatch Kids and", "relevancy_score": 74.99194444444444, "price": "$6.99"}, {"title": "Mystery, Alaska (DVD)", "tags": "All Mystery & Suspense Action Drama Movies Animated Family Instawatch DVD Adventure Comedy", "relevancy_score": 67.22412878787878, "price": "$4.29"}, {"title": "Looney Tunes: Golden Collection: Volume One (DVD)", "tags": "Anime Action Comedy Drama for Children All Animation & Cartoons Family Cartoon Movies Adventure TV Shows", "relevancy_score": 5.144381720430108, "price": "$14.96"}, {"title": "Jingle All the Way (DVD)", "tags": "All Anime & Animation Animated Drama Movies Family DVD Comedy Holiday Children", "relevancy_score": 170.4100641025641, "price": "$5.32"}, {"title": "Ugly Dolls (Blu-ray + DVD)", "tags": "Pikachu All Ugly Dolls Hellboy Movies The Secret Life of Pets Pokemon Detective Items Angry Birds X-Men & TV Shows", "relevancy_score": 96.2423427672956, "price": "$9.99"}, {"title": "Paw Patrol (DVD)", "tags": "Anime Action for Children All Animation & Cartoons Paw Patrol Movies Spanish Language Adventure TV Shows Family", "relevancy_score": 208.41090277777778, "price": "$8.39"}, {"title": "The Big Green (DVD)", "tags": "All Anime & Animation Animated Drama Movies Family Romantic Comedies Comedy DVD Children", "relevancy_score": 35.146779279279286, "price": "$9.99"}, {"title": "Red Shoes And The Seven Dwarfs (Blu-ray + Digital Copy)", "tags": "", "relevancy_score": 0.0, "price": "$12.86"}, {"title": "Fly Away Home (DVD)", "tags": "All Anime & Animation Action Drama Movies Animated Adventure Family Comedy DVD Children", "relevancy_score": 81.51891843971632, "price": "$8.49"}, {"title": "Muppet Babies: Time to Play! (DVD)", "tags": "Anime Comedy for Children All Animation & Cartoons Paw Patrol Movies Minnie Mouse Animated Drama Family", "relevancy_score": 45.13288461538462, "price": "$5.99"}, {"title": "Flushed Away (DVD)", "tags": "All Anime & Animation Animated Drama Movies Adventure Cartoons Family Comedy Instawatch Kids and", "relevancy_score": 10.279739583333333, "price": "$6.07"}, {"title": "Alice Through the Looking Glass (Blu-ray + DVD)", "tags": "Disney Princess Movies All Anime & Animation Action Drama Animated Cartoons Family Children", "relevancy_score": 70.0241287878788, "price": "$8.49"}, {"title": "Gone in 60 Seconds (Blu-ray)", "tags": "Schwinn Cosco Evenflo Delta Children Safety 1st Barbie HUGGIES Graco", "relevancy_score": 117.18925925925925, "price": "$5.99"}, {"title": "Raise Your Voice (DVD)", "tags": "Family Drama Movies Romantic Comedies Comedy All Music & Performance DVD Children", "relevancy_score": 41.11895833333333, "price": "$9.98"}, {"title": "Red Shoes And The Seven Dwarfs (DVD)", "tags": "", "relevancy_score": 5.144381720430108, "price": "$12.96"}, {"title": "Mickey's Once Upon a Christmas / Mickey's Twice (Blu-ray + DVD)", "tags": "Anime Comedy for Children All Animation & Cartoons Minnie Mouse Movies Family Classic Drama Holiday", "relevancy_score": 33.74228070175438, "price": "$13.42"}, {"title": "Harry Potter and the Order of the Phoenix (DVD)", "tags": "Adventure Movies Action All Sci-Fi & Fantasy Boxed Sets Collections TV DVD Children Family Harry Potter", "relevancy_score": 30.74597222222222, "price": "$8.99"}, {"title": "The Waterboy (DVD)", "tags": "Instawatch Comedy Movies Family Drama Slapstick Romantic Comedies DVD All Children &", "relevancy_score": 119.5344696969697, "price": "$9.99"}, {"title": "The Adventures of Sharkboy and Lavagirl (DVD)", "tags": "", "relevancy_score": 0.0, "price": "$9.21"}, {"title": "Real Steel (Blu-ray + DVD)", "tags": "Action All Sci-Fi & Fantasy Movies About Race Instawatch Adventure DVD", "relevancy_score": 124.27806547619048, "price": "$6.53"}, {"title": "Rio 2 (Blu-ray + DVD + Digital Copy)", "tags": "Disney Princess Movies All Anime & Animation Cartoons Family Drama DVD Children Instawatch Kids and", "relevancy_score": 47.11895833333333, "price": "$7.99"}, {"title": "Anne of Green Gables Trilogy Box Set (DVD)", "tags": "Hallmark Channel Romantic French Movies Spanish Language Drama Action & Adventure DVD All Children Family", "relevancy_score": 48.11895833333333, "price": "$46.08"}, {"title": "King Arthur (Director's Cut) (Unrated) (DVD)", "tags": "Under $5 All Anime & Animation Action Romance Animated Drama Movies Sci-Fi Fantasy Adventure", "relevancy_score": 87.23552721088436, "price": "$5.67"}, {"title": "Harry Potter and the Order of Phoenix / Harry Potter and the Half-Blood Prince (DVD)", "tags": "Summer Picks All Mystery & Suspense Family Sci-Fi Fantasy Movies Boxed Sets Collections TV DVD Harry Potter", "relevancy_score": 15.406893939393939, "price": "$11.94"}, {"title": "Snow White and the Seven Dwarfs (Other)", "tags": "Disney Princess Movies All Anime & Animation Action Drama Animated Cartoons Family Children", "relevancy_score": 63.75315891472868, "price": "$18.65"}, {"title": "Miss Peregrine's Home for Peculiar Children (Blu-ray + DVD)", "tags": "Instawatch Sci-Fi & Fantasy Movies Comedy Animation All Horror Family Drama Action Adventure Kids and", "relevancy_score": 93.79033333333334, "price": "$6.99"}, {"title": "Rise of the Guardians (Blu-ray + Digital Copy)", "tags": "All Anime & Animation Animated Drama Movies Cartoons Family Disney Pixar Instawatch Kids and", "relevancy_score": 15.406893939393939, "price": "$7.27"}, {"title": "The Three Musketeers (DVD)", "tags": "All Anime & Animation Action Romance Animated Drama Movies Family DVD Adventure Children", "relevancy_score": 203.48463615023473, "price": "$9.97"}, {"title": "Invincible (DVD)", "tags": "All Health & Fitness Anime Animation Animated Drama Movies Sports General TV Shows Instawatch About Race", "relevancy_score": 59.85315891472868, "price": "$4.99"}, {"title": "Monster House (DVD)", "tags": "All Anime & Animation Horror Movies Cartoons Family Drama Romantic Comedies Comedy DVD", "relevancy_score": 0.0, "price": "$7.95"}, {"title": "Hook (4K Ultra HD + Blu-ray + Digital Copy)", "tags": "Action Drama Movies Adventure Historical French All Sci-Fi & Fantasy Children Family Instawatch Kids and", "relevancy_score": 0.0, "price": "$10.99"}, {"title": "The Sandlot (DVD)", "tags": "Summer Picks Animated Drama Movies Family Sports Comedy DVD All Children &", "relevancy_score": 237.954358974359, "price": "$11.62"}, {"title": "Shimmer and Shine: Magical Pets of Zahramay Falls (DVD)", "tags": "Anime for Children All Animation & Cartoons Walmart Exclusives Paw Patrol Movies Nickelodeon Holiday", "relevancy_score": 20.52656862745098, "price": "$5.00"}, {"title": "Puss in Boots (DVD)", "tags": "Disney Princess Movies All Anime & Animation Animated Drama Cartoons Family DVD Instawatch Kids and", "relevancy_score": 5.144381720430108, "price": "$5.00"}, {"title": "Brother Bear (DVD)", "tags": "Disney Princess Movies All Anime & Animation Animated Drama Cartoons Family Classic Pixar Children", "relevancy_score": 101.79033333333334, "price": "$9.95"}, {"title": "Sleeping Beauty (The Walt Disney Signature Collection) (Blu-ray + DVD)", "tags": "Schwinn Cosco Evenflo Delta Children Safety 1st Barbie HUGGIES Graco", "relevancy_score": 30.74597222222222, "price": "$19.96"}, {"title": "Scooby Doo 2: Monsters Unleashed (DVD)", "tags": "Other Halloween Accessories Trick-or-Treat Bags Masks Baking & Cooking Supplies Witch Costumes Scary Men's Party Tableware", "relevancy_score": 46.03288461538462, "price": "$5.99"}, {"title": "The Sandlot (25th Anniversary) (Blu-ray)", "tags": "Summer Picks Instawatch Comedy Movies Family Sports Drama Action & Adventure All Children Kids and", "relevancy_score": 20.52656862745098, "price": "$9.44"}, {"title": "Crazy / Beautiful (DVD)", "tags": "Animated Drama Movies Romantic Comedies Comedy DVD Marvel All", "relevancy_score": 55.10083333333334, "price": "$4.99"}, {"title": "Monsters University (DVD)", "tags": "Disney Princess Movies All Anime & Animation Cartoons Family Drama Pixar Children Instawatch Kids and", "relevancy_score": 187.08463615023473, "price": "$18.79"}, {"title": "Evan Almighty (DVD)", "tags": "All Anime & Animation Action Drama Movies Animated Romantic Comedies Comedy DVD", "relevancy_score": 74.99194444444444, "price": "$5.19"}, {"title": "Tangled (Blu-ray + DVD)", "tags": "Disney Princess Movies All Anime & Animation Animated Drama Cartoons Family Children Pixar", "relevancy_score": 562.1433680555556, "price": "$30.46"}, {"title": "Cars 2 (DVD)", "tags": "All Anime & Animation Animated Drama Movies Cartoons Family Classic Disney Pixar Cars Children", "relevancy_score": 411.3082246376812, "price": "$18.75"}, {"title": "The Jungle Book (Blu-ray + DVD)", "tags": "Disney Princess Movies All Anime & Animation Animated Drama Cartoons Family Children Pixar", "relevancy_score": 189.7298188405797, "price": "$13.99"}, {"title": "Harry Potter and the Prisioner of Azkaban / Harry Potter and the Goblet of Fire (DVD)", "tags": "Summer Picks All Mystery & Suspense Family Sci-Fi Fantasy Movies Boxed Sets Collections TV DVD Harry Potter", "relevancy_score": 11.50689393939394, "price": "$11.99"}, {"title": "Harry Potter and the Goblet of Fire (Blu-ray)", "tags": "Guardians of the Galaxy Movies & TV Shows Shop all Harry Potter Posters Wall Decor Gryfindor Home Bedding Fantastic Beasts Helga Hufflepuff", "relevancy_score": 10.279739583333333, "price": "$9.99"}, {"title": "October Sky (DVD)", "tags": "Summer Picks Action Drama Movies Performing Arts All Music & Performance About Race DVD Children Family", "relevancy_score": 237.954358974359, "price": "$6.99"}, {"title": "Captain America: The First Avenger (DVD)", "tags": "Action Romance Thriller Movies All Sci-Fi & Fantasy Adventure Marvel", "relevancy_score": 70.0241287878788, "price": "$14.99"}, {"title": "The Miracle Worker (DVD)", "tags": "All Mystery & Suspense Action Thriller Movies Animated Drama Family Slapstick Comedy Crime DVD Children", "relevancy_score": 58.878809523809515, "price": "$5.99"}, {"title": "Alice in Wonderland (DVD)", "tags": "Disney Princess Movies All Anime & Animation Action Drama Animated Cartoons Family Sci-Fi Fantasy Children", "relevancy_score": 525.2235283687944, "price": "$8.99"}, {"title": "Schoolhouse Rock: The Election Collection (DVD)", "tags": "", "relevancy_score": 0.0, "price": "$20.58"}, {"title": "The Muppet Christmas Carol (DVD)", "tags": "All Anime & Animation Animated Drama Movies Family Classic Comedy Instawatch Romance Holiday Children", "relevancy_score": 454.5929704301075, "price": "$13.99"}, {"title": "Sesame Street: Elmo's World - All Day With Elmo (DVD)", "tags": "Under $5 All Anime & Animation Action Comedy Movies Family Cartoon Drama Rock Pop Educational", "relevancy_score": 15.72656862745098, "price": "$7.99"}, {"title": "Bridge of Spies (DVD)", "tags": "Action Thriller Movies Military & War Animated Drama Political French Combat All Instawatch", "relevancy_score": 65.82412878787878, "price": "$9.75"}, {"title": "Barbie Princess: Charm School (DVD)", "tags": "Instawatch Animation Movies Animated Action Drama Adventure & Cartoons Family Children Holiday", "relevancy_score": 71.99194444444444, "price": "$5.96"}, {"title": "The Pirate Fairy (Blu-ray + DVD + Digital HD)", "tags": "Disney Princess Movies All Anime & Animation Animated Drama Family Children Pixar", "relevancy_score": 60.078809523809525, "price": "$11.82"}, {"title": "Lego Jurassic World: The Indominus Escape (DVD)", "tags": "Jurassic Park Movies Star Wars All Anime & Animation Animated Drama Fantasy Sci-Fi Children Family Instawatch Kids and", "relevancy_score": 0.0, "price": "$4.99"}, {"title": "Are We Done Yet? (DVD)", "tags": "Family Drama Movies Slapstick Comedy Romantic Comedies Action & Adventure DVD All Children", "relevancy_score": 86.27843750000001, "price": "$7.99"}, {"title": "Sinbad: Legend of the Seven Seas (DVD)", "tags": "All Anime & Animation Animated Action Movies Drama Cartoons Alien DVD Adventure Comedy", "relevancy_score": 14.50689393939394, "price": "$3.74"}, {"title": "Tron (Blu-ray + DVD)", "tags": "Action Drama Movies Animated Family All Sci-Fi & Fantasy Children Instawatch Adventure", "relevancy_score": 40.63288461538462, "price": "$11.60"}, {"title": "Meet the Robinsons (DVD)", "tags": "Disney Princess Movies All Anime & Animation Cartoons Family Drama Pixar Children Instawatch Kids and", "relevancy_score": 303.84737588652484, "price": "$9.03"}, {"title": "Peter Rabbit (DVD + Digital Copy)", "tags": "Instawatch Comedy Movies All Anime & Animation Cartoons Family Drama Children Kids and", "relevancy_score": 65.05315891472868, "price": "$7.50"}, {"title": "Mary Poppins (50th Anniversary) (Blu-ray + DVD + Digital Copy)", "tags": "Disney Princess Movies All Anime & Animation Animated Drama Cartoons Family Children DVD", "relevancy_score": 155.91010752688172, "price": "$12.43"}, {"title": "Marley & Me / Marley & Me: The Puppy Years (DVD)", "tags": "Family Comedy Movies Drama Romantic Comedies All Children & Instawatch", "relevancy_score": 5.144381720430108, "price": "$7.99"}, {"title": "Spooky Buddies (DVD + Blu-ray)", "tags": "Other Halloween Accessories Trick-or-Treat Bags Masks Baking & Cooking Supplies Witch Costumes Scary Men's Party Tableware", "relevancy_score": 5.144381720430108, "price": "$8.49"}, {"title": "Calendar Girls (DVD)", "tags": "Action Drama Movies Family Romantic Comedies Comedy DVD All Children &", "relevancy_score": 70.3568115942029, "price": "$5.34"}, {"title": "The Karate Kid (DVD)", "tags": "Back to the Future Movies Martial Art Adventure Family Drama Instawatch Action & All Children Kids and", "relevancy_score": 280.2671254681648, "price": "$5.10"}, {"title": "Captain Underpants: The First Epic Movie (DVD + Digital HD)", "tags": "Instawatch Animation Movies All Anime & Animated Drama Cartoons Family Children Kids and", "relevancy_score": 20.52656862745098, "price": "$12.99"}, {"title": "My Little Pony: Equestria Girls (DVD)", "tags": "Anime Action Fantasy Animated Movies Comedy Family Drama Instawatch My Little Pony Kids and", "relevancy_score": 48.11895833333333, "price": "$19.99"}, {"title": "Planes Fire & Rescue (Blu-ray + DVD + Digital Copy)", "tags": "Disney Princess Movies All Anime & Animation Animated Drama Adventure Family Pixar Cars Children", "relevancy_score": 65.82412878787878, "price": "$11.91"}, {"title": "Kurt Russell: 4-Movie Collection (DVD)", "tags": "All Anime & Animation Animated Drama Movies Family Classic Comedies DVD Comedy Children", "relevancy_score": 55.10083333333334, "price": "$8.99"}, {"title": "Saving Mr. Banks (DVD)", "tags": "All Anime & Animation Animated Drama Movies Family Classic Romantic Comedies Comedy Disney Pixar", "relevancy_score": 65.82412878787878, "price": "$7.65"}, {"title": "Prep and Landing: Naughty vs. Nice (Blu-ray + DVD)", "tags": "Disney Princess Movies All Anime & Animation Animated Drama Cartoons Family Children Holiday Instawatch Kids and", "relevancy_score": 107.7423427672956, "price": "$14.64"}, {"title": "The Baby-Sitters Club (DVD)", "tags": "Disney Princess Movies All Anime & Animation Animated Drama Cartoons Family DVD Instawatch Kids and", "relevancy_score": 10.279739583333333, "price": "$19.10"}, {"title": "The Smurfs", "tags": "All Anime & Animation Animated Drama Movies Cartoons Family Comedy Children Instawatch Kids and", "relevancy_score": 232.3181172839506, "price": "$5.29"}, {"title": "Christmas Lodge DVD", "tags": "Summer Picks Instawatch Comedy Movies Romantic Comedies Drama DVD", "relevancy_score": 0.0, "price": "$14.99"}, {"title": "The Angry Birds Movie / The Angry Birds Movie 2 (DVD + Digital Copy)", "tags": "All 4K Ultra HD Movies Instawatch Comedy Animation & Cartoons Family Angry Birds Children Kids and", "relevancy_score": 35.146779279279286, "price": "$14.99"}, {"title": "Cars 2 (Blu-ray + DVD + Digital Copy)", "tags": "Animation & Cartoons Family Classic Movies Drama Disney Pixar Cars All Children", "relevancy_score": 10.279739583333333, "price": "$17.99"}, {"title": "Harry Potter and the Chamber of Secrets (Blu-ray)", "tags": "Scooby Shaggy Spider-Man Movies & TV Shows Gryfindor Shop all Harry Potter Home Bedding Fantastic Beasts Helga Hufflepuff", "relevancy_score": 15.406893939393939, "price": "$9.99"}, {"title": "Three Men And A Little Lady (DVD)", "tags": "Action Drama Movies Animated Family Comedy Sports Romantic Comedies DVD All", "relevancy_score": 36.942280701754385, "price": "$4.99"}, {"title": "Tom And Huck (DVD)", "tags": "All Anime & Animation Animated Drama Movies Family Romantic Comedies Comedy DVD Children", "relevancy_score": 84.91891843971632, "price": "$4.99"}, {"title": "Around the World in 80 Days (DVD)", "tags": "All Anime & Animation Martial Art Movies Animated Drama Family Cartoon DVD Western Comedy", "relevancy_score": 33.74677927927928, "price": "$5.81"}, {"title": "Elf on the Shelf\u00ae Presents An Elf's Story? (DVD)", "tags": "Animated Drama Movies Animation & Cartoons Family Comedy Charlie Brown TV Shows All Holiday Children", "relevancy_score": 98.44299019607843, "price": "$19.99"}, {"title": "Odd Squad: The Movie (DVD)", "tags": "Barbie Movies Animated Action Sci-Fi & Fantasy Classic Thrillers Horror Comic All Comedy Children Family", "relevancy_score": 5.144381720430108, "price": "$4.99"}, {"title": "Peter Rabbit (Blu-ray + DVD + Digital Copy)", "tags": "Instawatch Comedy Movies All Anime & Animation Cartoons Family Drama Children Kids and", "relevancy_score": 74.99194444444444, "price": "$12.99"}, {"title": "Diary of a Wimpy Kid: Dog Days (DVD)", "tags": "Animated Comedy Movies Drama Animation & Cartoons Family All Music Performance Disney Pixar Children Instawatch Kids and", "relevancy_score": 62.45315891472868, "price": "$7.99"}, {"title": "Backyardigans: Big Backyard Adventure (DVD)", "tags": "Anime Action for Children All Animation & Cartoons Dora The Explorer TV Shows Movies French Nickelodeon", "relevancy_score": 40.942280701754385, "price": "$9.99"}, {"title": "Finding Nemo (Blu-ray + DVD + Digital Copy)", "tags": "Finding Nemo Movies All Anime & Animation Animated Drama Cartoons Family Disney Pixar Children", "relevancy_score": 5.144381720430108, "price": "$19.96"}, {"title": "Pinocchio (Blu-ray + DVD)", "tags": "Disney Princess Movies All Anime & Animation Animated Drama Cartoons Family Children Pixar", "relevancy_score": 89.8784375, "price": "$24.99"}, {"title": "Despicable Me 2-Movie Collection (Blu-ray + DVD)", "tags": "Instawatch Animation Movies All Anime & Animated Drama Cartoons Family Comedy DVD Children Kids and", "relevancy_score": 15.406893939393939, "price": "$18.49"}, {"title": "Bubble Boy (DVD)", "tags": "Animated Drama Movies Family Slapstick Comedy Romantic Comedies DVD All Children &", "relevancy_score": 41.11895833333333, "price": "$4.99"}, {"title": "Barbie in a Mermaid Tale 2 (DVD)", "tags": "Barbie Movies Animated Action Drama Fantasy Adventure Family Children & Holiday", "relevancy_score": 11.50689393939394, "price": "$7.99"}, {"title": "Goosebumps (Blu-ray + DVD)", "tags": "Walmart Exclusives Instawatch Comedy Movies Adventure Family Drama All Children & Kids and", "relevancy_score": 25.63940476190476, "price": "$26.08"}, {"title": "When a Man Loves a Woman (DVD)", "tags": "Animated Drama Movies Dark Comedy Slapstick Romantic Comedies DVD All", "relevancy_score": 70.0241287878788, "price": "$7.56"}, {"title": "Crimson Tide (Blu-ray)", "tags": "All Anime & Animation Action Drama Movies Animated Adventure War Military", "relevancy_score": 5.144381720430108, "price": "$9.99"}, {"title": "Mister Rogers' Neighborhood: It's a Beautiful Day Collection (DVD)", "tags": "All 4K Ultra HD Movies Summer Picks New DVD Releases Classic Dramas Instawatch Drama Documentaries Release Kids and Family", "relevancy_score": 0.0, "price": "$11.51"}, {"title": "Surf Ninjas (DVD)", "tags": "All Anime & Animation Animated Drama Movies Family Comedy Romantic Comedies", "relevancy_score": 20.52656862745098, "price": "$9.99"}, {"title": "Letters to God (DVD)", "tags": "All Religion & Spirituality Action Drama Movies Romantic Sports Instawatch Adventure", "relevancy_score": 290.9838888888889, "price": "$9.68"}, {"title": "Percy Jackson: Sea of Monsters (DVD)", "tags": "Adventure Movies Action Children & Family Sci-Fi Fantasy Instawatch All", "relevancy_score": 73.5568115942029, "price": "$9.89"}, {"title": "Beloved (DVD)", "tags": "All Anime & Animation Action Drama Movies Military War Animated Political Combat DVD", "relevancy_score": 38.83288461538462, "price": "$5.27"}, {"title": "Peanuts: 4-Movie Collection (DVD)", "tags": "Anime Action Comedy Drama Snoopy Movies & TV Shows Animated Charlie Brown Holiday Instawatch Kids and Family", "relevancy_score": 29.54597222222222, "price": "$9.99"}, {"title": "Monster High 4-Movie Collection (DVD)", "tags": "Anime Action Fantasy All Animation & Cartoons Thomas Friends Movies TV Shows 4K Ultra HD French German Adventure", "relevancy_score": 35.84677927927928, "price": "$11.99"}, {"title": "Paw Patrol: Pups Save the Bunnies (DVD)", "tags": "Anime Action for Children All Animation & Cartoons Paw Patrol Movies Spanish Language Adventure TV Shows Holiday", "relevancy_score": 33.74677927927928, "price": "$9.00"}, {"title": "Catching Faith (DVD)", "tags": "Instawatch Military & War Movies Action Drama Political Sports All", "relevancy_score": 25.63940476190476, "price": "$6.94"}, {"title": "Iron Man 3 (Blu-ray)", "tags": "Action Drama Movies Thriller All Sci-Fi & Fantasy Adventure Instawatch Marvel", "relevancy_score": 62.991944444444435, "price": "$34.74"}, {"title": "American Girl: 4-Movie Collection (DVD)", "tags": "Animated Comedy Movies Drama Family All Romance Instawatch Children &", "relevancy_score": 20.52656862745098, "price": "$13.01"}, {"title": "Rio 2 (Blu-ray)", "tags": "Instawatch Animation Movies All Anime & Cartoons Family Drama Angry Birds DVD Children Kids and", "relevancy_score": 22.63940476190476, "price": "$8.49"}, {"title": "Need for Speed (Blu-ray + Digital Copy)", "tags": "All 4K Ultra HD Movies Instawatch Comedy Action Thriller DVD Marvel & Adventure", "relevancy_score": 71.99194444444444, "price": "$14.89"}, {"title": "Zootopia (Blu-ray)", "tags": "Disney Princess Movies All Anime & Animation Animated Drama Cartoons Family Pixar Children Instawatch Kids and", "relevancy_score": 295.8002838827839, "price": "$21.24"}, {"title": "The Essential Bugs Bunny (Anniversary Collection) (DVD)", "tags": "Anime Action Comedy All Animation & Cartoons Family Drama Movies Adventure TV Shows Friends", "relevancy_score": 0.0, "price": "$9.96"}, {"title": "Balto: 3-Movie Adventure Pack (DVD)", "tags": "All Anime & Animation Animated Drama Movies Cartoons Family Comedy Boxed Sets Collections TV Children", "relevancy_score": 25.63940476190476, "price": "$9.94"}, {"title": "The Golden Compass (DVD)", "tags": "All Anime & Animation Action Drama Movies Animated Family Adventure Comedy Instawatch", "relevancy_score": 47.11895833333333, "price": "$7.09"}, {"title": "Penelope (DVD)", "tags": "Walmart Exclusives All Anime & Animation Family Drama Movies Sci-Fi Fantasy DVD Children Harry Potter", "relevancy_score": 141.3999858757062, "price": "$7.97"}, {"title": "Scoob! (4K Ultra HD + Blu-ray + Digital Copy)", "tags": "Scooby Doo Movies All Anime & Animation 4K Ultra HD Horror Angry Birds New Release Action Adventure Children Family", "relevancy_score": 22.63940476190476, "price": "$27.94"}, {"title": "Valiant (DVD)", "tags": "All Anime & Animation Animated Action Movies Drama Cartoons Family DVD Children Instawatch Kids and", "relevancy_score": 14.50689393939394, "price": "$4.99"}, {"title": "Ella Enchanted (DVD)", "tags": "", "relevancy_score": 5.144381720430108, "price": "$9.27"}, {"title": "Toy Story That Time Forgot (Blu-ray)", "tags": "All Anime & Animation Animated Drama Movies Cartoons Family Children Disney Pixar", "relevancy_score": 21.63940476190476, "price": "$8.49"}, {"title": "Dr. Seuss' The Cat in the Hat / Dr. Seuss' How the Grinch Stole Christmas (DVD)", "tags": "Shop All Batman The Grinch Clothing Books Charlie Brown Superman Movies & TV Shoes Toys", "relevancy_score": 0.0, "price": "$12.96"}, {"title": "Wallykazam (DVD)", "tags": "Anime Comedy for Children All Animation & Cartoons Paw Patrol Movies Family Cartoon Drama Nickelodeon Holiday", "relevancy_score": 63.024128787878794, "price": "$5.99"}, {"title": "Jack the Giant Slayer (DVD)", "tags": "Instawatch Sci-Fi & Fantasy Movies Action Romance Adventure All Comedy Kids and Family", "relevancy_score": 38.83288461538462, "price": "$5.99"}]