[{"title": "Sharper Image Instant Camera Kit (Compatible with Fujifilm Instax Mini Film) \u2013 Black", "tags": "Instant Film Cameras Point & Shoot Camera Bags Cases Polaroid All Fujifilm", "relevancy_score": 58.49327272727272, "price": "$25.00"}, {"title": "Jetstream Blizzard Foldable Wi-Fi 4K Camera Drone with Remote Control", "tags": "Drones with Cameras Foldable Beginner All RC Intermediate Shop Advanced", "relevancy_score": 164.0616, "price": "$59.00"}, {"title": "KODAK PIXPRO AZ401 Bridge Digital Camera - 16MP 40X Optical Zoom HD720p video (Red)", "tags": "Digital SLR Cameras Waterproof Nikon Canon Kodak All", "relevancy_score": 376.6549743589743, "price": "$149.00"}, {"title": "Fujifilm Instax Mini Twin Film Pack (20 Photos)", "tags": "Instant Film Cameras Point & Shoot Camera Bags Cases All Other Accessories Fujifilm Instax Polaroid", "relevancy_score": 3612.9068270676694, "price": "$13.38"}, {"title": "onn. 128GB microSDXC Card with Adapter", "tags": "GoPro Cameras & Accessories Memory Card Readers All RCA Tablets Camcorders onn. Camera SD Cards", "relevancy_score": 1138.2780833333334, "price": "$17.94"}, {"title": "PhotoShare Friends and Family Smart Frame 8\" with HD 1080P LED Touchscreen and 8GB Internal Memory", "tags": "Portable Audio Vtech Netgear Surge Protectors & UPS Radios All Camcorders Smart Doorbells Corded Cordless Combo", "relevancy_score": 614.4260591715977, "price": "$109.99"}, {"title": "GoPro HERO8 Black Live Streaming Action Camera", "tags": "GoPro Cameras & Accessories Waterproof All Camcorders HERO7 Other Camcorder", "relevancy_score": 5.110838709677419, "price": "$299.00"}, {"title": "Canon EOS 5D Mark IV DSLR Camera (Body Only)", "tags": "Mirrorless Cameras Nikon Canon Olympus Panasonic All Lenovo 2-in-1 Laptops", "relevancy_score": 0.0, "price": "$2404.95"}, {"title": "KODAK PIXPRO AZ528 Astro Zoom BSI-CMOS Bridge Digital Camera - 16MP 52X 1080p Wi-Fi (Midnight Blue)", "tags": "Digital SLR Cameras Nikon Canon Sony Kodak All", "relevancy_score": 240.69407228915662, "price": "$199.00"}, {"title": "Fujifilm Instax Mini 7S Instant Camera (with 10-pack film) - Pastel Pink", "tags": "Instant Film Cameras Point & Shoot Fujifilm Camera Bags Cases All Polaroid", "relevancy_score": 348.9726355140187, "price": "$59.00"}, {"title": "Logitech 1080p Pro Stream Webcam for HD Video Streaming and Recording at 30FPS", "tags": "All Computer Monitors LED Camcorders Webcams Sceptre 27 Inch Monitor", "relevancy_score": 354.4989090909091, "price": "$108.40"}, {"title": "SanDisk 32GB Class 4 SD Card", "tags": "Point & Shoot Cameras Kodak Camera Bags Cases All Micro SD Cards onn. Accessories USB Flash Drives", "relevancy_score": 886.1716756756756, "price": "$9.99"}, {"title": "Fujifilm Instax Mini Rainbow Instant Film Pack", "tags": "Instant Film Cameras Fujifilm Camera Bags & Cases All Other Accessories Instax", "relevancy_score": 515.7201666666666, "price": "$7.98"}, {"title": "Merkury Innovations Smart Wifi Camera, 1080p, 2-Way Communication", "tags": "Surveillance Cameras Wireless Smart Pet Monitors Equipment Security Google Home Compatible Kits & Motion Detectors that work with Assistant", "relevancy_score": 695.8180100502512, "price": "$27.88"}, {"title": "Universal Phone  lens kit, Fisheye + Wide Angle + Macro  Lens Kit Clip On for iPhone & Android", "tags": "iPhone Camera Lenses All Phone Dashboard Car Holders Cell Parts Windshield Telephoto", "relevancy_score": 173.377797752809, "price": "$4.97"}, {"title": "Logitech C270 HD WEBCAM All the essentials for HD 720p video calling", "tags": "Surveillance Cameras Nintendo Equipment Indoor Security Smart Webcams", "relevancy_score": 1904.0128831168834, "price": "$27.47"}, {"title": "GoPro HERO7 Silver 4K30 Action Camera", "tags": "GoPro Cameras & Accessories Sports Action Camcorders Waterproof All HERO7 Other Camcorder", "relevancy_score": 51.493272727272725, "price": "$199.00"}, {"title": "Fujifilm Instax Mini 9 Camera Pink + 15 PC Accessory Kit for Fujifilm instax mini 9 Instant Camera Includes: 40 Fuji Instax Films + Case + Album + Colored lenses + Assorted color/Style frames + MORE", "tags": "Instant Film Cameras Point & Shoot Fujifilm Camera Bags Cases All Polaroid", "relevancy_score": 342.8448461538461, "price": "$99.95"}, {"title": "Fujifilm Instax Mini Instant Film, 50 Sheets", "tags": "Instant Film Cameras Mirrorless Fujifilm Camera Bags & Cases All Other Accessories Instax", "relevancy_score": 204.443027027027, "price": "$32.99"}, {"title": "Acuvar 6.5\" Flexible Tripod with Universal Mount for All iPhones, Samsung phones and Many Other Smartphones with Bluetooth Remote Shutter", "tags": "Selfie Sticks Cell Phone Camera Attachments All Lenses Basic Cases Car Holders iPhone 11 Telephoto", "relevancy_score": 1157.6691672597865, "price": "$8.99"}, {"title": "HeimVision HM245 8CH 1080P Security Camera System, 5MP-Lite HD-TVI DVR 4Pcs 1920TVL Outdoor/Indoor Weatherproof CCTV Surveillance Camera with Night Vision, Motion Alert, Face Detection, Remote Access", "tags": "Surveillance Cameras Outdoor Security Wireless Indoor Smart Home Kits & Motion Detectors that work with Google Assistant", "relevancy_score": 118.59528571428571, "price": "$139.99"}, {"title": "Google Nest Cam Outdoor Security Camera, 2-Pack", "tags": "Outdoor Security Cameras All Google Surveillance Equipment Nest Cam Smart Home Compatible Kits & Motion Detectors that work with Assistant", "relevancy_score": 10597.188974452556, "price": "$298.00"}, {"title": "Arlo VMA5600-10000S Ultra & Pro 3 Solar Panel Charger", "tags": "Surveillance Cameras Outdoor Security Arlo Pro 2 Equipment Indoor Smart Ultra", "relevancy_score": 13.604235294117647, "price": "$57.59"}, {"title": "Bower 8\" Selfie Ring Studio Light", "tags": "Cooling Pads & Lights Camera Flashes onn. Phone Cellphone Accessories Complete Tripods On-Camera Lighting", "relevancy_score": 376.6549743589743, "price": "$29.88"}, {"title": "Nixplay Smart Digital Photo Frame 10.1 Inch - Share Moments via E-Mail or App", "tags": "Point & Shoot Cameras Waterproof Camera Flashes Netgear All Camcorders USB Flash Drives 10 Inch Android Tablets", "relevancy_score": 29.372666666666664, "price": "$149.99"}, {"title": "Ktaxon 10x6.5ft Adjustable Background Support Stand Photo Studio Backdrop Crossbar Set", "tags": "All Cameras Other Camera Accessories Camcorders Studio Lighting On-Camera Light Stands & Booms", "relevancy_score": 211.2634074074074, "price": "$21.99"}, {"title": "EBL 4-Pack 18650 Battery 3000mAh 3.7v Lithium-ion Rechargeable Batteries", "tags": "9V Batteries AA C All D AAA Rayovac Duracell Optimum", "relevancy_score": 531.6622745098039, "price": "$11.99"}, {"title": "Nemo 2.4GHz 4.5-Channel Camera R/C Spy Drone, Red", "tags": "HD Drones Foldable Beginner RC Intermediate Stunt Drone Shop All Advanced", "relevancy_score": 220.88155555555554, "price": "$12.99"}, {"title": "Zmodo Wireless Security Camera System (4 pack) Smart Full HD Outdoor WiFi IP Cameras with Night Vision (Renewed)", "tags": "Surveillance Cameras Outdoor Security Wireless Indoor Smart Home Kits & Motion Detectors that work with Google Assistant", "relevancy_score": 26.550054054054055, "price": "$95.99"}, {"title": "VanTop Moment 3 4K WiFi Action Camera, 16MP Sony Sensor, Gopro Compatible Case,Remote Control, Ultra Wide View Angle, 2 Batteries and 21 GoPro Compatible Accessories Kits", "tags": "GoPro Cameras & Accessories Sports Action Camcorders Mirrorless Sony All", "relevancy_score": 109.62757894736842, "price": "$39.99"}, {"title": "Holy Stone HS720 Drone with 4K UHD Camera for Adults GPS Drone with 26 Mins Flight Time Includes Carrying Bag", "tags": "Foldable Drones Beginner All with Cameras DJI RC Intermediate Shop Advanced", "relevancy_score": 100.11482352941177, "price": "$269.99"}, {"title": "Logitech C920s HD Pro Webcam, Black", "tags": "Streaming Devices Asus 2-in-2 Laptops Nintendo Webcam Privacy Covers Webcams Touchscreen", "relevancy_score": 42.859, "price": "$124.98"}, {"title": "10.2\" LED Selfie Ring Light with Tripod Stand & Phone Holder Remote Control - Dimmable Desk Makeup Ring Light with 3 Light Modes & 10 Brightness Level for Photography/Shooting/Live Streaming", "tags": "All String Lights LED Strip Shop Novelty Desk Lamps by Color Night Under Cabinet Lighting Finish", "relevancy_score": 166.79980952380953, "price": "$25.99"}, {"title": "10.2\" LED Selfie Ring Light W/ Extendable Tripod Stand & Cell Phone Holder, 10 Brightness Level, 3 Light Modes for Live Streaming & YouTube Video, Photography, Shooting, Dimmable Makeup Ringlight", "tags": "All String Lights LED Strip Shop Novelty Desk Lamps by Color Night Under Cabinet Lighting Finish", "relevancy_score": 104.7271111111111, "price": "$36.99"}, {"title": "1080P HD Mini IP WIFI Camera Magnetic Camcorder Wireless Home Security Car DVR Support Night Vision Video Recording Motion Detection, APP Remote Control, 150\u00b0 Super Wide Angle", "tags": "Camera Charging and Accessories Surveillance Cameras Wireless Smart Pet Monitors Indoor Security Baby", "relevancy_score": 41.64533333333333, "price": "$19.99"}, {"title": "Canon 2319C002 PIXMA TS202 Inkjet Printer", "tags": "Printer Ink Laser Printers HP and Toner Photo All-in-One Canon", "relevancy_score": 281.5979512195122, "price": "$74.99"}, {"title": "USB Webcam with Microphone, Fapreit Webcam 1080P Full HD Web Cameras for Computers Desktop PC Webcam, Plug and Play, Auto-Focus Web Camera for Video Calling, Conferencing, Recording, Gaming(W7)", "tags": "Hubs & USB Gadgets Wireless Network Adapters Cameras All Camcorders Webcam Privacy Covers Webcams", "relevancy_score": 366.58409917355374, "price": "$23.82"}, {"title": "Juslike Mini Camera, HD 1080P Night Vision and Motion Detective, Indoor Security Camera for Home, Car, Drone, Office and Outdoor", "tags": "Garage Door Openers Doorbells Motion Detectors Security Lighting Monitors & Displays Home Alarm Systems All Hardware", "relevancy_score": 38.642808510638304, "price": "$15.99"}, {"title": "Canon PowerShot G7 X Mark II Digital Camera (Black) with Essential Accessory Bundle - Includes: SanDisk Ultra 64GB SDXC Memory Card, 1x Replacement Battery, 57\" Tripod, Carrying Case & More", "tags": "Digital SLR Cameras Canon Autel Robotics Drones HD All with Shop", "relevancy_score": 16.404235294117647, "price": "$679.00"}, {"title": "Logitech HD Webcam C270 - Web camera - color - 1280 x 720 - audio - USB 2.0", "tags": "Wireless Cameras All Camcorders Laptop Stands Webcam Privacy Covers Webcams Motorola", "relevancy_score": 419.7243464566929, "price": "$41.89"}, {"title": "onn. 50-inch Tripod", "tags": "GoPro Cameras & Accessories Sports Action Camcorders Camera Bags Cases onn. Phone Cellphone Complete Tripods", "relevancy_score": 104.04616393442623, "price": "$18.87"}, {"title": "HeimVision HMD2 Wireless Rechargeable Battery-Powered Security Camera, 1080P Video with 2-Way Audio, Night Vision, Waterproof Home Indoor/Outdoor WiFi Cameras with Cloud Service", "tags": "Garage Door Openers Doorbells Motion Detectors Security Lighting Monitors & Displays Home Alarm Systems All Hardware", "relevancy_score": 140.8888813559322, "price": "$74.99"}, {"title": "10.2\" LED Selfie Ring Light with Tripod Stand & Phone Holder Remote Control - Dimmable Desk Makeup Ring Light with 3 Light Modes & 10 Brightness Level for Photography/Shooting/Live Streaming", "tags": "All String Lights LED Strip Shop Novelty Desk Lamps by Color Night Under Cabinet Lighting Finish", "relevancy_score": 166.79980952380953, "price": "$25.99"}, {"title": "10.2\" 120Pcs LED Selfie Ring Light 10 Brightness Level 3 Light Modes w/ Mini & Extendable Tripod Stand & Phone Holder Dimmable Ringlight for Camera Smartphone YouTube Photography Video Shooting Makeup", "tags": "All String Lights LED Strip Shop Novelty Desk Lamps by Color Night Under Cabinet Lighting Finish", "relevancy_score": 58.58171428571428, "price": "$36.99"}, {"title": "Logitech C920x Pro Hd Webcam", "tags": "Samsung Tablets for Kids All Camcorders PC Gaming Mouse & Pads Wired Webcams Razer", "relevancy_score": 14.404235294117647, "price": "$103.90"}, {"title": "Logitech C920x Pro HD Webcam", "tags": "Inkjet Printers Brother All-in-One Linksys Routers Webcams", "relevancy_score": 11.412363636363638, "price": "$106.95"}, {"title": "10 Inch LED Ring Light with Tripod Stand 3200K-5500K Dimmable Table Camera Light Lamp 3 Light Modes & 10 Brightness Level for YouTube Video Photo Studio Live Stream Portrait Makeup Photography", "tags": "Rope Lights All String LED Strip Shop Desk Lamps Novelty by Color Under Cabinet Lighting Finish", "relevancy_score": 118.718, "price": "$18.99"}, {"title": "LINKPAL LED Ring Light Kit, 10\" Outer Dimmable LED Ring Light with 60\" Tripod Stand, Mini Led Camera Ringlight w/3-Light Color & 9 Brightness Level for YouTube, Self-Portrait Shooting, Streaming", "tags": "All String Lights LED Strip Shop Desk Lamps Novelty by Color Night Under Cabinet Lighting Finish", "relevancy_score": 40.58171428571428, "price": "$29.98"}, {"title": "Blink XT2 - 2-Camera System - home security system - wireless - 802.11n - black", "tags": "Surveillance Cameras IFTTT Compatible Outdoor Security Wireless Arlo Equipment Smart", "relevancy_score": 41.859, "price": "$199.99"}, {"title": "Professional Camera Tripod Stand Mount + Phone Holder for Cell Phone iPhone XS Samsung S9 S8 Universal", "tags": "Selfie Sticks Cell Phone Camera Attachments Basic Cases All Car Holders Lights", "relevancy_score": 32.23879069767442, "price": "$13.99"}, {"title": "Wireless Camera 1080P Mini Wireless WiFi Smart Home Security Surveillance Camera with Night Vision, Motion Detector, Remote Control, Support IOS Android Windows PC", "tags": "Garage Door Openers Doorbells Security Lighting All Hardware Chamberlain Opener Parts Home", "relevancy_score": 1.1108387096774193, "price": "$16.76"}, {"title": "Outdoor Security Camera, 1080P IP Bullet Waterproof Wireless Surveillance Camera, WiFi Home Security Camera with Two-way Audio, Night Vision", "tags": "", "relevancy_score": 15.312363636363637, "price": "$39.99"}, {"title": "10.2\" 120Pcs LED Selfie Ring Light 10 Brightness Level 3 Light Modes w/ Mini & Extendable Tripod Stand & Phone Holder Dimmable Ringlight for Camera Smartphone YouTube Photography Video Shooting Makeup", "tags": "All String Lights LED Strip Shop Novelty Desk Lamps by Color Night Under Cabinet Lighting Finish", "relevancy_score": 58.58171428571428, "price": "$36.99"}, {"title": "Sky Rider Thunderbird 2 Quadcoptor Drone with Wi-Fi Camera, DRW330, Black", "tags": "", "relevancy_score": 1067.0877567567568, "price": "$29.99"}, {"title": "onn. Selfie Lamp with Smartphone Holder", "tags": "onn. Phone & Cellphone Accessories Complete Tripods Studio Lighting On-Camera Computer", "relevancy_score": 71.64533333333334, "price": "$9.88"}, {"title": "onn. Flexible Tripod, 11.5 in", "tags": "GoPro Cameras & Accessories Sports Action Camcorders Other Camera onn. Phone Cellphone Complete Tripods", "relevancy_score": 87.2536923076923, "price": "$18.87"}, {"title": "DC500 Full Color Mini Digital Camera for Children Kids Baby Cute Camcorder Video Child Cam Recorder Digital Camcorders Blue and Pink", "tags": "Instant Film Cameras Point & Shoot Waterproof Vtech All Camcorders Fujifilm Instax Photo Studio Backgrounds", "relevancy_score": 66.32711111111112, "price": "$11.48"}, {"title": "128GB Card Memory Card High Speed Class 10 TF Card With Adapter For Phone/Camera", "tags": "Hubs & USB Gadgets Point Shoot Cameras Memory Card Readers Other Camera Accessories Micro SD Cards onn. Flash Drives", "relevancy_score": 30.859, "price": "$9.79"}, {"title": "Efavormart 8ft x10ft Adjustable Crossbar Kit Wedding Photography Backdrop Stand + 2 FREE Backdrops", "tags": "Other Camera Accessories Complete Tripods Studio Lighting On-Camera Photo Backgrounds", "relevancy_score": 22.49085714285714, "price": "$39.99"}, {"title": "Fujifilm - instax SQUARE Twin Film (20 Sheets) - Black Frame", "tags": "Instant Film Cameras Fujifilm Camera Bags & Cases Accessories Instax Polaroid", "relevancy_score": 20.49085714285714, "price": "$21.95"}, {"title": "Weddingstar 5507-55 Enchanted Hearts Ivory And Gold Single Use Camera", "tags": "Instant Film Cameras Digital SLR Point & Shoot Waterproof Nikon Fujifilm Other Camera Accessories", "relevancy_score": 0.0, "price": "$8.99"}, {"title": "Wireless Wifi Mini Camera IP Home Security HD 1080P DVR Night Vision Remotes  1080P Mini WIFI Camera Spy Wireless WiFi IP Hidden Network Monitor", "tags": "", "relevancy_score": 4.212363636363637, "price": "$21.99"}, {"title": "USB 2.0 50.0M HD Webcam Camera Cam with Microphone MIC for Computer PC Laptop Black", "tags": "Surveillance Cameras Wireless All Camcorders Equipment Webcam Privacy Covers Webcams", "relevancy_score": 11.412363636363638, "price": "$10.99"}, {"title": "SanDisk 8GB SDHC Flash Memory Card - C4, SD Card - SDSDB-008G-A35", "tags": "Memory Card Readers Canon Cameras Micro SD Cards SanDisk Hard Drives onn. Camera Accessories USB Flash Sony", "relevancy_score": 23.49085714285714, "price": "$7.95"}, {"title": "Portable Photo Studio LED Light Box Photography Shooting Tent", "tags": "", "relevancy_score": 5.21475, "price": "$39.77"}, {"title": "Mytrix H703 AutoFocus Full HD 1080P PC USB Webcam with Privacy Protector, Dual Noise Canceling Microphone for Conferencing and video calling, Plug and Play, Compatible for Windows, MAC, Skype, Zoom", "tags": "Surveillance Cameras Wireless All Camcorders Equipment Webcam Privacy Covers Webcams", "relevancy_score": 0.0, "price": "$39.99"}, {"title": "LS Photography 4 PCS Photography Backdrop Support Spring Clamp for Background Muslin, Canvas, Paper, Chromakey Screen, Heavy Duty Clip, Photo Studio WMT1081", "tags": "Point & Shoot Cameras All Other Camera Accessories Camcorders Studio Lighting Light Stands Booms", "relevancy_score": 15.312363636363637, "price": "$5.30"}, {"title": "128GB High Speed Micro SD/ TF Card Cellphone/ Digital Camera Memory Cards", "tags": "Memory Card Readers Nintendo Other Camera Accessories onn. USB Flash Drives SD Cards Sony", "relevancy_score": 26.372666666666664, "price": "$11.99"}, {"title": "SanDisk - Flash memory card - SDHC UHS-I Memory Card - 32 MB", "tags": "Point & Shoot Cameras Memory Card Readers All Other Camera Accessories Micro SD Cards onn. USB Flash Drives", "relevancy_score": 5.110838709677419, "price": "$9.75"}, {"title": "GearFend Lightweight Mini 5.5\" Tripod with Extendable Legs for Logitech Webcam C920 C922, and Small Cameras, Plus Microfiber Cloth", "tags": "Surveillance Cameras All Camcorders Complete Tripods Webcam Privacy Covers Webcams", "relevancy_score": 92.53232653061225, "price": "$5.99"}, {"title": "D-Link HD Wi-Fi Indoor Security Camera (DCS-8010LH-WM)", "tags": "Surveillance Cameras IFTTT Compatible Outdoor Security Wireless Equipment Smart Google Home & Motion Detectors that work with Assistant", "relevancy_score": 195.5616, "price": "$59.00"}, {"title": "Maxell\u00ae Ur90 Cassette Tapes (5 Pack)", "tags": "Portable Audio Blank Cassettes Camcorder Video Tapes All MP3 Players Voice Recorders Boomboxes Radios onn.", "relevancy_score": 109.59109433962266, "price": "$10.22"}, {"title": "LED Selfie Ring Light, Portable Selfie Ring Light, Selfie Light with Stand, Flexible Cell Phone Holder, 3 Light Mode, 11 Brighteness Levers, Power Metal Pedestal Clip", "tags": "All String Lights LED Strip Shop Desk Lamps Novelty by Color Night Under Cabinet Lighting Finish", "relevancy_score": 29.372666666666664, "price": "$19.99"}, {"title": "Webcam with Dual Microphone for Desktop, TSV 1080P HD Web Cameras USB Streaming Computer Camerafor Laptop - Plug and Play Web Camera Fits for Zoom/Skype/Video Calling Recording/Gaming/Conferencing", "tags": "Surveillance Cameras Wireless All Camcorders Equipment Webcam Privacy Covers Webcams", "relevancy_score": 14.412363636363638, "price": "$19.97"}, {"title": "EBL 2-Pack 3000mAh 3.7V Rechargeable Batteries + Battery Charger for Li-ion 18500 14500 18650 Battery", "tags": "Camera Charging and Accessories iPad Cases, Sleeves & Bags Skins Screen Protectors Stands Docking Station All Tablet Samsung Galaxy Tab Keyboards Other Camcorder", "relevancy_score": 27.572666666666667, "price": "$12.99"}, {"title": "SHARPER IMAGE Instant Dock Printer, 4\" x 6\" Print, 4Pass Tech, Black", "tags": "Instant Film Cameras Inkjet Printers Photo HP Other Camera Accessories Fujifilm Polaroid &", "relevancy_score": 30.981714285714286, "price": "$49.00"}, {"title": "Camcorder Digital Video YouTube Vlogging Camera Recorder Full HD 1080P 2.7 Inch 270 Degree Rotation LCD 16X Digital Zoom Camcorder with A Batteries(Black)", "tags": "Sports & Action Camcorders Point Shoot Cameras Waterproof Kodak Traditional Camcorder Microphones Digital Photo Frames All", "relevancy_score": 58.79528571428572, "price": "$30.99"}, {"title": "Fuji Instax Mini Film - Blue Marble", "tags": "Instant Film Cameras Camera Bags & Cases Accessories All Other Fujifilm Instax", "relevancy_score": 25.49085714285714, "price": "$7.98"}, {"title": "Brielle Home Printed Elastic Fitted Table Cover", "tags": "", "relevancy_score": 0.0, "price": "$14.39"}, {"title": "Homegear Portable Pull Up Green Screen Video Photography Background 5ft x 6ft", "tags": "Other Camera Accessories Complete Tripods Studio Lighting On-Camera Light Stands & Booms", "relevancy_score": 49.859, "price": "$139.99"}, {"title": "HD 1080P Webcam, Built-in Noise-Cancelling Microphone Stream Webcam with 110\u00b0 Wide Angle Lens for Video Conferencing, Online Work, Home Office, YouTube, Recording and Streaming, Plug and Play", "tags": "Surveillance Cameras Wireless All Camcorders Laptop Stands Webcam Privacy Covers Webcams", "relevancy_score": 47.78171428571428, "price": "$18.97"}, {"title": "Fujifilm Instax Mini 7S Instant Camera (with 10-pack film) - White", "tags": "Point & Shoot Cameras Fujifilm Camera Bags Cases All Instax Polaroid Film", "relevancy_score": 1682.1750379746834, "price": "$59.00"}, {"title": "Wireless IP Camera HD 1080P WiFi 5X ZOOM CCTV Outdoor Home Security IR Webcam US", "tags": "Garage Door Openers Doorbells Motion Detectors Security Lighting Monitors & Displays Home Alarm Systems All Hardware", "relevancy_score": 5.110838709677419, "price": "$28.89"}, {"title": "ULTRA MAX 400 35mm Color Film Roll", "tags": "Instant Film Cameras Camera Bags & Cases Polaroid All Other Accessories Fujifilm Instax", "relevancy_score": 5.110838709677419, "price": "$9.58"}, {"title": "Lightning to SD Card Camera Reader, Certified Tail Camera Card Reader for Hunting for Apple iPhone / iPad (UPGRADED VERSION) - White", "tags": "Hubs & USB Gadgets Apple Accessories Wireless Network Adapters Premium Computer onn. Camera All Cables Connectors Cable", "relevancy_score": 77.3744, "price": "$14.99"}, {"title": "Arlo Pro 2 1080P HD Security Camera System VMS4230P - 2 Wire-Free Rechargeable Battery Cameras with Two-Way Audio, Indoor/Outdoor, Night Vision, Motion Detection, Activity Zones, 3-Second Look Back", "tags": "Surveillance Cameras IFTTT Compatible Arlo Pro 2 Indoor Security Smart & Motion Detectors that work with Google Assistant", "relevancy_score": 140.39980952380952, "price": "$329.99"}, {"title": "HD IP Camera Wireless Home Security Camera 360\u00b0 WI-FI Cloud Camera Two Way Audio Night Vision CCTV Camera", "tags": "Doorbells Motion Detectors Security Lighting Monitors & Displays Home Alarm Systems All Door Hardware Garage Opener Parts", "relevancy_score": 107.39980952380954, "price": "$28.99"}, {"title": "Andoer 4K 1080P 48MP WiFi Digital Video Camera Camcorder Recorder with 0.39X Wide Angle Macro Lens External Microphone Novatek 96660 Chip 3inch Capacitive Touchscreen IR Infrared Night Sight", "tags": "Sports & Action Camcorders Point Shoot Cameras Waterproof Sony Kodak Traditional Camcorder Microphones All", "relevancy_score": 38.59292307692308, "price": "$139.89"}, {"title": "Fujifilm Instax Mini 9 Camera Ice Blue + Accessories kit for Fujifilm Instax Mini 9 Camera Includes; Instant camera + Fuji Instax Film (20 PK) + Sky Camera Case + Frames + Selfie lens + Album And More", "tags": "Instant Film Cameras Point & Shoot Fujifilm Camera Bags Cases All Polaroid", "relevancy_score": 138.14616393442623, "price": "$97.99"}, {"title": "2020 New Limited Edition Aerial Drone Professional HD4069P 4K 90\u00b0 Adjustable Camera Folding Drone Wireless Wifi 360 Degree Roll FPV Selfie RC Drone Quadcopters RTF", "tags": "", "relevancy_score": 13.772666666666668, "price": "$39.99"}, {"title": "1080P Outdoor PTZ WiFi Security Camera, Wireless Surveillance CCTV IP Camera,Dual Antenna,IP66 Waterproof,100ft Night Vision", "tags": "Surveillance Cameras Outdoor Security Wireless Indoor Smart Home Kits & Motion Detectors that work with Google Assistant", "relevancy_score": 1.1108387096774193, "price": "$46.99"}, {"title": "6 Piecec Full Cup/Demi Wired Gentle Pushup Push Up Bra B/C (36B)", "tags": "28DDD Bras 32A 32C 34B 32B 28E 36A 34DD", "relevancy_score": 12.404235294117647, "price": "$20.95"}, {"title": "SanDisk Nintendo Switch - Flash memory card - 256 GB - Video Class V30 / UHS-I U3 - microSDXC UHS-I - for Nintendo Switch", "tags": "Docking Stations & Locks Memory Card Readers Nintendo Canon Lenses onn. Camera Accessories USB Flash Drives SD Cards", "relevancy_score": 55.921853658536584, "price": "$65.98"}, {"title": "Logitech HD Webcam C525, Portable HD 720p Video Calling with Autofocus", "tags": "Vtech All Camcorders Galaxy Tab A Microsoft Software Webcam Privacy Covers Webcams", "relevancy_score": 195.27968421052634, "price": "$64.95"}, {"title": "VTech KidiZoom Twist - Purple", "tags": "Electronic Toys Bilingual VTech Pretend Play for Boys 12+ Years Tablets with Parental Control All Kids", "relevancy_score": 0.0, "price": "$44.99"}, {"title": "Canary All-in-One Home Security Device - Black", "tags": "Surveillance Cameras Equipment Indoor Security Smart Home Alarms and Sensors Wink Compatible Devices Google & Motion Detectors that work with Assistant", "relevancy_score": 527.3578421052632, "price": "$64.90"}, {"title": "Aluratek 14\" Digital Photo Frame with Automatic Slideshow and 4GB Built-in Memory (1600 x 900 Resolution, 16:9 Aspect Ratio)", "tags": "Point & Shoot Cameras Waterproof Camera Flashes Netgear All Camcorders USB Flash Drives 10 Inch Android Tablets", "relevancy_score": 205.26463636363636, "price": "$121.39"}, {"title": "GTF 1pcs 3.7V 26650 8800mAh Li-ion Rechargeable Battery For LED Flashlight Torch", "tags": "Batteries & A/C Adapters Camera Charging and Accessories GoPro Cameras Sports Action Camcorders Camcorder Other", "relevancy_score": 1.1108387096774193, "price": "$8.89"}, {"title": "Fuji Instax 7s Chevron Groovy Case - Green", "tags": "Instant Film Cameras Point & Shoot Fujifilm All Other Camera Accessories Instax Polaroid", "relevancy_score": 43.99292307692307, "price": "$2.60"}, {"title": "Tapix Anti-cat Network Cat Scat Mat with Spikes Digging Stopper - Cat Deterrent Mat for Indoor and Outdoor 8 feet x 12 inches with 6 Staples", "tags": "Surveillance Cameras Outdoor Security Wireless Indoor Smart & Motion Detectors that work with Google Assistant Arlo", "relevancy_score": 62.645333333333326, "price": "$18.99"}, {"title": "SanDisk 32GB MicroSDHC Class 4 Card SDSDQ-032G-A11M", "tags": "Memory Card Readers Nintendo Other Camera Accessories onn. USB Flash Drives SD Cards Sony", "relevancy_score": 50.859, "price": "$8.99"}, {"title": "Canon EOS 4000D 18MP Digital SLR Camera 18-55mm Lens Premium Kit", "tags": "Point & Shoot Cameras Nikon Canon Sony Kodak All", "relevancy_score": 24.49085714285714, "price": "$348.99"}, {"title": "\"Sony Cyber-shot DSC-W800 Digital Camera Battery Lithium-Ion (3.7v, 1300mAh) - Replacement Battery  for Sony NP-BN1 Battery\"", "tags": "Point & Shoot Cameras GoPro Accessories Camcorder Batteries All Arlo Security Other Nikon", "relevancy_score": 5.110838709677419, "price": "$9.95"}, {"title": "2M/6.6ft Charging Power Cable Fits for Arlo Pro, Arlo Pro 2, Arlo GO, Arlo Light Weatherproof Indoor/Outdoor Flat Cable Micro USB Cable Charging/Power Cord without Plug, 1 Pack (White)", "tags": "", "relevancy_score": 0.0, "price": "$6.99"}, {"title": "Logitech HD Webcam B525", "tags": "All Camcorders Laptop Stands PC Headsets Webcam Privacy Covers Webcams Motorola", "relevancy_score": 78.68849999999999, "price": "$59.99"}, {"title": "Canon Powershot SX530 HS 16.0 MP Digital Camera with 50x Zoom, Wi-Fi & 1080p Full HD Video + NB-6L Battery & AC/DC Charger + 10pc Bundle 32GB Deluxe Accessory Kit w/ HeroFiber\u00ae Gentle Cleaning Cloth", "tags": "Digital SLR Cameras Nikon Canon Sony Kodak All", "relevancy_score": 441.2550909090909, "price": "$284.00"}, {"title": "LS Photography Photography Photo Video Polyester Green Screen Background 6 ft x 9 ft Non Glossy, WMT1318", "tags": "Point & Shoot Cameras All Other Camera Accessories Camcorders Studio Lighting Light Stands Booms", "relevancy_score": 20.404235294117647, "price": "$15.80"}, {"title": "4 in 1 Digital Reader Adapter, TF/SD Lighting Card Reader, USB OTG Adapter Cable Compatible with iPhone xs/x/8/7Plus/7s/6/5/iPad Pro/Mini/Air,No App Required Plug and Play", "tags": "Hubs & USB Gadgets Wireless Network Adapters GoPro Other Camera Accessories Micro SD Cards onn.", "relevancy_score": 0.0, "price": "$20.14"}, {"title": "Smart Wireless WiFi Doorbell IR Video Camera Intercom Record Home Security Bell(Black)", "tags": "Surveillance Cameras Outdoor Security Wireless Equipment Smart Doorbells Alarms & Motion Detectors that work with Google Assistant", "relevancy_score": 91.64208695652172, "price": "$37.89"}, {"title": "onn. Action Camera Accessory Kit, 16 Pieces", "tags": "GoPro Cameras & Accessories Sports Action Camcorders Camera Bags Cases All onn. Other Camcorder", "relevancy_score": 65.49327272727272, "price": "$19.97"}, {"title": "Syma X5SW-V3 Wifi FPV Explorers 2.4Ghz 4CH RC Quadcopter Drone with HD Camera", "tags": "HD Drones Foldable Beginner DJI RC Intermediate Shop All Advanced", "relevancy_score": 5.110838709677419, "price": "$39.98"}, {"title": "DJI Mavic Mini -Foldable Drone With Remote Controller", "tags": "Foldable Drones Beginner All with Cameras DJI RC Intermediate Shop Advanced", "relevancy_score": 76.04280851063831, "price": "$399.00"}, {"title": "SanDisk 128GB Extreme microSDXC Card", "tags": "Camera Charging and Accessories GoPro Micro SD Cards 2K Games onn.", "relevancy_score": 73.19513043478261, "price": "$29.95"}, {"title": "35-In-1 Action Camera Accessory Kit Compatible with GoPro Hero 8 7 6 5 4 3 2, Accessories Kit for Xiaomi Yi 4K/WiMiUS/Lightdow/DBPOWER, Black Silver", "tags": "GoPro Cameras & Accessories Sports Action Camcorders Waterproof All HERO7", "relevancy_score": 39.923368421052636, "price": "$15.99"}, {"title": "SanDisk 16GB MicroSDHC Class 4 Mobile Memory Card", "tags": "Point & Shoot Cameras Waterproof Polaroid All onn. Camera Accessories USB Flash Drives SD Cards Sony", "relevancy_score": 142.718, "price": "$7.51"}, {"title": "DJI Mavic Air 2 - Foldable Drone with Remote Controller", "tags": "Autel Robotics Drones Foldable Beginner All with Cameras DJI Intermediate Shop Advanced", "relevancy_score": 9.21475, "price": "$799.00"}, {"title": "256GB Micro SD Card Memory Card High Speed Class 10 TF Card With Adapter For Phone/Camera", "tags": "Memory Card Readers Nintendo Other Camera Accessories onn. USB Flash Drives SD Cards Sony", "relevancy_score": 5.110838709677419, "price": "$11.99"}, {"title": "GoPro Dual Battery Charger + Battery (HERO8 Black / HERO7 Black)", "tags": "GoPro Cameras & Accessories Sports Action Camcorders Other Camera All Camcorder", "relevancy_score": 0.0, "price": "$45.20"}, {"title": "Zimtown T-Shape Backdrop Stand 2.95ft/90cm Wide 6.5ft Tall, Background Support Stand System with Carry Bag and 4 Clamps for Background, Photo and Video Studio", "tags": "Other Camera Accessories Complete Tripods Studio Lighting On-Camera Photo Backgrounds", "relevancy_score": 5.110838709677419, "price": "$21.99"}, {"title": "Trademark Security Camera Decoy with Blinking LED and Adjustable Mount", "tags": "Surveillance Cameras Outdoor Security Wireless Indoor Smart Home Kits & Motion Detectors that work with Google Assistant", "relevancy_score": 209.07968421052632, "price": "$11.35"}, {"title": "Holy Stone HS110D FPV RC Drone with Camera and Video 1080P 120\u00b0 Wide-Angle WiFi Quadcopter for kids and beginners Altitude Hold Headless Mode 3D Flips 2 Batteries", "tags": "Drones with Cameras HD Foldable Beginner RC Intermediate Shop All Advanced", "relevancy_score": 56.18171428571428, "price": "$59.99"}, {"title": "Transcend Premium - Flash memory card (microSDHC to SD adapter included) - 8 GB - UHS Class 1 / Class10 - 300x - microSDHC UHS-I", "tags": "Memory Card Readers Nintendo Other Camera Accessories onn. USB Flash Drives SD Cards Sony", "relevancy_score": 20.404235294117647, "price": "$9.88"}, {"title": "YI Home Security Camera 1080p HD with Wi-Fi Baby and Pet Monitor, Night Vision, Two Way Audio, Cloud Storage Optional (4-Pack) Bundle", "tags": "Surveillance Cameras Outdoor Security Wireless Smart Pet Monitors Equipment Home Kits & Motion Detectors that work with Google Assistant", "relevancy_score": 9.312363636363637, "price": "$88.99"}, {"title": "GoPro HERO7 HERO 7 Silver Action Camera Mega Pro ALL YOU NEED Accessory Bundle with 64GB Micro SD, Head and Chest Strap, Dog Harness, Medium Case + MUCH MORE", "tags": "Sports & Action Camcorders Waterproof Cameras GoPro Sony Accessories All HERO7", "relevancy_score": 10.21475, "price": "$269.00"}, {"title": "2 Pack 32GB Micro SD Card plus Adapter. Amplim 100MB/s MicroSDXC Card V10 A1 U3 Class 10 MicroSD Memory Card for GoPro, Cell Phones, Samsung Galaxy, LG, Sony Xperia, DJI, Drones, Cameras, Nintendo", "tags": "Memory Card Readers Other Camera Accessories onn. USB Flash Drives SD Cards Sony Motorola", "relevancy_score": 58.58171428571428, "price": "$19.92"}, {"title": "Black Decker 90571729 01 Charger", "tags": "Camera Charging and Accessories GoPro Cameras & Sports Action Camcorders Camcorder Batteries Bags Cases Other", "relevancy_score": 135.0888813559322, "price": "$16.99"}, {"title": "Mi Home Security Camera 360\u00b0 1080P", "tags": "Surveillance Cameras Smart Light Bulbs Wireless Pet Monitors Xiaomi Compatible Equipment Security Google Home", "relevancy_score": 56.93879069767442, "price": "$39.99"}, {"title": "Fujifilm Instax Mini Monochrome Instant Film", "tags": "Instant Film Cameras Fujifilm Camera Bags & Cases All Other Accessories Instax", "relevancy_score": 15.312363636363637, "price": "$7.98"}, {"title": "Fujifilm Instax Mini 11 Lilac  Charcoal Grey Camera with Fuji Instant Film Twin Pack (20 Pictures) + Case with strap  Album, Stickers, and More Accessories Bundle", "tags": "", "relevancy_score": 0.0, "price": "$89.99"}, {"title": "GoPro HERO5 Black Camera", "tags": "GoPro Cameras & Accessories Sports Action Camcorders Waterproof Olympus All HERO7", "relevancy_score": 288.35094736842103, "price": "$192.69"}, {"title": "Ring Light Kit: 18\" 48cm Outer 55W 5500K Dimmable LED Ring Light, Light Stand, Carrying Bag for Camera, Smartphone, YouTube, Self-Portrait Shooting", "tags": "All String Lights LED Strip Shop Desk Lamps Novelty by Color Night Under Cabinet Lighting Finish", "relevancy_score": 0.0, "price": "$85.99"}, {"title": "FLOUREON Security Camera System, True HD 1080P 8CH 5MP-Lite Surveillance System with Human Detection, Motion Alert, 6-in-1 Video DVR Recorder, 4X 1080P Weatherproof Cameras for Indoor Outdoor", "tags": "Surveillance Cameras Outdoor Security Wireless Indoor Smart Home Kits Digital Video Recorders", "relevancy_score": 21.49085714285714, "price": "$139.99"}, {"title": "480P/720P/1080P High Definition USB Webcam USB2.0 Drive-Free Desktop Computer Camera with Noise Cancelling Microphone 1.5-meter Cable for PC Laptop Webinar Video Conferencing", "tags": "All Karaoke Machines Adult Dynamic Microphones Podcasting Bundles Machine Accessories Condenser Wireless", "relevancy_score": 5.110838709677419, "price": "$11.99"}, {"title": "HD 1080P Wireless Mini Nanny Camera Infrared Night Vision Camera Car DV Video Recorder", "tags": "Garage Door Openers Doorbells Motion Detectors Security Lighting Monitors & Displays Home Alarm Systems All Hardware", "relevancy_score": 10.212363636363635, "price": "$10.98"}, {"title": "Fujifilm 10 Exposures Instax Mini Comic Film", "tags": "Instant Film Cameras Camera Bags & Cases All Other Accessories Fujifilm Instax Filters", "relevancy_score": 1.1108387096774193, "price": "$12.99"}, {"title": "Mini Camera SQ11 High-Definition Camera, Night Vision Camera,Can View Remotely(Connect Cell Phone, Computer),Mini Video Recorder, Home Security Surveillance", "tags": "Surveillance Cameras Wireless Smart Pet Monitors Indoor Security Baby Digital Video Recorders", "relevancy_score": 6.21475, "price": "$8.97"}, {"title": "Efavormart 10ft x 10ft Heavy Duty Pipe and Drape Kit Backdrop Support with Weighted Metal Steel Base", "tags": "Other Camera Accessories Complete Tripods Studio Lighting On-Camera Photo Backgrounds", "relevancy_score": 33.52336842105263, "price": "$145.99"}, {"title": "Canon EOS Rebel SL3 DSLR Camera with 18-55mm IS STM Lens (Black) with Beginner Accessory Bundle \u2013 Includes: SanDisk Ultra 64GB SDXC Memory Card, Replacement Battery, Slave Flash, 57\u201d Tripod & MORE", "tags": "", "relevancy_score": 5.110838709677419, "price": "$649.00"}, {"title": "GearFend USB High Speed Mini Memory Card Reader for CF xD SD MS SDHC + Microfiber Cloth", "tags": "Batteries & A/C Adapters Other Camera Accessories Complete Tripods onn. SD Cards Sony", "relevancy_score": 135.0888813559322, "price": "$6.99"}, {"title": "64GB microSDXC Canvas Select 80R CL10 UHS-I Card + SD Adapter", "tags": "Processors (CPU) Memory Card Readers Curved Monitors Electronic Arts Premium Gaming Computers onn. Camera Accessories SD Cards 35 Inch Computer", "relevancy_score": 321.91540594059404, "price": "$12.77"}, {"title": "Nikon AF-S DX NIKKOR 18-200mm f/3.5-5.6G ED VR II Zoom Lens", "tags": "Camera Lenses Digital SLR Cameras Nikon Flashes All Other Accessories", "relevancy_score": 2087.0225838509314, "price": "$449.00"}, {"title": "6V 1A Battery Charger Adapter AC/DC Powered For Kids ATV Quad Car Motorcycles Ride On Cars SUV Toy", "tags": "Batteries & A/C Adapters Camera Charging and Accessories GoPro Cameras Sports Action Camcorders Camcorder Other", "relevancy_score": 4.21475, "price": "$11.81"}, {"title": "BalsaCircle Black 8 ft x 10 ft Photo Backdrop Stand Kit - Studio Background - Wedding Party Photo Booth Studio Decorations", "tags": "Other Camera Accessories Complete Tripods Studio Lighting On-Camera Photo Backgrounds", "relevancy_score": 70.94280851063829, "price": "$44.99"}, {"title": "LED Ring Light 10\" with Tripod Stand & Phone Holder for YouTube Video,Makeup and Selfie, [2020 Upgraded] Dimmable 3 Light Modes 10 Brightness Level Ring Light with USB Powered Compatible for iPhone", "tags": "", "relevancy_score": 0.0, "price": "$18.54"}, {"title": "Lexar 128GB High-Performance UHS-I microSDXC Memory Card with SD Adapter", "tags": "Memory Card Readers Nintendo Other Camera Accessories onn. USB Flash Drives SD Cards Sony", "relevancy_score": 5.110838709677419, "price": "$17.99"}, {"title": "1080P 12MP Digital Waterproof Trail Camera Infrared Night Vision Cam or Wildlife Monitoring and Farm", "tags": "", "relevancy_score": 0.0, "price": "$33.99"}, {"title": "10\" LED Ring Light with Stand for Youtube Tiktok Makeup Video Live Phone Selfie", "tags": "All String Lights Shop Lamps LED Strip Desk Novelty by Color Under Cabinet Lighting Finish", "relevancy_score": 60.21482352941176, "price": "$23.99"}, {"title": "SanDisk Extreme Pro - Flash memory card - 64 GB - Video Class V30 / UHS-I U3 / Class10 - SDXC UHS-I", "tags": "Smart Switches Micro SD Cards GoPro HERO7 Samsung SmartThings Compatible Devices Lenovo Touchscreen Laptops Netbooks Door Locks 2-in-1", "relevancy_score": 5.110838709677419, "price": "$26.99"}, {"title": "5\" inch Flexible Tripod + Universal Tripod Mount For All Smartphones with eCostConnection Microfiber Cloth", "tags": "Selfie Sticks Cell Phone Camera Attachments All Lenses Basic Cases Car Holders Telephoto Lights", "relevancy_score": 43.99292307692307, "price": "$4.99"}, {"title": "Selfie Portable LED Ring Light Flash For Apple iPhone Sumsung HTC Phone Light", "tags": "Cooling Pads & Lights onn. Phone Cellphone Accessories Complete Tripods Camera Studio Lighting On-Camera", "relevancy_score": 29.52336842105263, "price": "$6.88"}, {"title": "Type C Charger by Insten Universal 2.1A Type-C Travel Wall AC Charger Built-in USB-C Cable for Nintendo Switch Samsung Galaxy S9 S9+ S8 Plus Note 8 with Extra Smart USB Charging Port for iPhone X 8+", "tags": "Batteries & A/C Adapters Camera Charging and Accessories GoPro Cameras Sports Action Camcorders Camcorder Nintendo", "relevancy_score": 0.0, "price": "$8.99"}, {"title": "Generic Battery W-7 - Netgear AirCard 790S / 790SP / 810S 2930mAh in Non-Retail Package - USA Seller", "tags": "Camera Charging and Accessories GoPro Cameras & Sports Action Camcorders Camcorder Batteries Bags Cases Other", "relevancy_score": 0.0, "price": "$10.50"}, {"title": "Bower FUC72 Digital High-Definition 72mm UV Filter", "tags": "Instant Film Cameras Camera Lenses Bags & Cases Other Accessories Fujifilm Instax Polaroid", "relevancy_score": 0.0, "price": "$5.99"}, {"title": "GVM 800D-RGB Video Light,2-video Lights LED Camera Lights Kit With App Control", "tags": "Camcorder Stabilizers Camera Flashes Other Accessories Complete Tripods Studio Lighting", "relevancy_score": 0.0, "price": "$239.99"}, {"title": "Kingston 32GB microSDHC Class 10 UHS-I 45MB/s Read Card with SD Adapter", "tags": "Hard Drive Accessories Premium Solid State Drives onn. Camera USB Flash SD Cards", "relevancy_score": 29.372666666666664, "price": "$8.49"}, {"title": "2020 H265+ Long Range 8 Channel HD 1080P WiFi Wireless Waterproof CCTV Video NVR Camera Home Security System (CAM-WIFI-8CH-2MP-12)", "tags": "Doorbells Motion Detectors Security Lighting Monitors & Displays Home Alarm Systems Indoor Extension Cords All Door Hardware", "relevancy_score": 33.55005405405405, "price": "$348.00"}, {"title": "Vivitar Versa Cam", "tags": "Sports & Action Camcorders Waterproof Cameras Surveillance Wireless All Equipment Indoor Security Smart", "relevancy_score": 34.69327272727273, "price": "$37.96"}, {"title": "EZVIZ LC1C \u2013 Smart Flood Light Camera and Alarm System, LED 2,000 Lumens, Full HD 1080p, PIR Motion Detection, Built-in 100db Siren, Two-Way Audio, Starlight Night Vision, H.265 Video Compression", "tags": "Surveillance Cameras IFTTT Compatible Outdoor Security Wireless Indoor Smart Home Kits", "relevancy_score": 93.81482352941177, "price": "$124.98"}, {"title": "Pioneer Extension Posts Asst 6 Sets/Pk", "tags": "Photo Albums Craft Tape Scrapbook Paper Art Sketchbooks and Pinnacle Adhesives & Glues Scrapbooking Embellishments Kits", "relevancy_score": 24.49085714285714, "price": "$2.65"}, {"title": "Extendable 36-100cm Camera Tripod Stand Mount Projector Phone Holder 360\u00b0 Rotation with bluetooth Remote Control", "tags": "Selfie Sticks Cell Phone Camera Attachments All Lenses Basic Cases Car Holders Telephoto Lights", "relevancy_score": 3.3123636363636364, "price": "$17.95"}, {"title": "GoPro HERO3 Silver Edition Action Sport Wi-Fi Camera Camcorder With 35-In-1 Action Camera Accessory Kit", "tags": "", "relevancy_score": 0.0, "price": "$109.99"}, {"title": "Mini Camera 1080P Full HD Charger Motion Detection Loop Record USB Wall Charger Plug,Black", "tags": "Surveillance Cameras Earbuds and In-ear Headphones GoPro Accessories Camcorder Batteries Equipment Other", "relevancy_score": 5.110838709677419, "price": "$18.11"}, {"title": "Canon EOS 4000D / Rebel T100 DSLR Camera with 18-55mm III Lens and Essential Accessory Bundle - Includes SanDisk Ultra 64GB SDXC Memory Card & 3PC Multi-Coated Filter Set & MORE", "tags": "Point & Shoot Cameras Mirrorless Nikon Canon Kodak All", "relevancy_score": 21.49085714285714, "price": "$449.99"}, {"title": "Combo: 24 pcs Tenergy Premium AA 2500mAh NiMH Rechargeable Batteries + 6 AA Size Holders", "tags": "GoPro Cameras & Accessories Camcorder Batteries Indoor Security Arlo Other Nikon", "relevancy_score": 24.49085714285714, "price": "$37.99"}, {"title": "New Webcam Auto Focusing Web Camera Cam w/ Microphone For PC Laptop Desktop (480p)", "tags": "All Portable Speakers Wireless Cameras Camcorders Laptop Stands Webcam Privacy Covers Webcams", "relevancy_score": 189.37892682926832, "price": "$13.99"}, {"title": "Polaroid - 8in Digital Photo Frame with Decorative Candlenut Distressed Wood Frame", "tags": "Point & Shoot Cameras Waterproof Camera Flashes Netgear All Camcorders USB Flash Drives 10 Inch Android Tablets", "relevancy_score": 28.650054054054053, "price": "$57.99"}, {"title": "LS Photography10 x 9.4 feet Frame Length Adjustable Photo Video Backdrop Muslin Stands, Background Support System Kit With Accessories, Spring Clamp, Sand Bag, Carry Bag, WMT1009", "tags": "Other Camera Accessories Complete Tripods Studio Lighting On-Camera Photo Backgrounds", "relevancy_score": 0.0, "price": "$41.90"}, {"title": "ZMART WiFi IP Camera for Home Security - 1080P Indoor Home Camera Baby Monitor, Wireless Surveillance WiFi IP Camera with Night Vision,2-Way Audio, Motion Detection,Pan/Tilt/Zoom for Baby/Elder/Pet", "tags": "Doorbells Door Security Motion Detectors Lighting Monitors & Displays Home Alarm Systems All Hardware", "relevancy_score": 5.110838709677419, "price": "$37.65"}, {"title": "Kasonic Small Multi-functional MHL Hdmi Hdtv Connection Kit As USB OTG SD TF Card Reader for Samsung Galaxy S3 S4 Note2 3", "tags": "Digital TV Converters Hubs & USB Gadgets Speaker Cables Connectors Wireless Network Adapters HDMI onn. Video Accessories Computer", "relevancy_score": 5.110838709677419, "price": "$9.99"}, {"title": "Neewer 20x28 inches/50x70 centimeters Square Photography Light Tent Photo Cube Softbox for Neewer Godox 300DI 250DI 300SDI 250SDI 180W Studio Light(Softbox Only, Strobe Light and Stand Not Included)", "tags": "Cooling Pads & Lights Camera Flashes Other Accessories On-Camera Lighting Light Stands Booms Photo Studio Backgrounds", "relevancy_score": 0.0, "price": "$38.99"}, {"title": "3x5ft Studio Photo Video Photography Backdrops Retro Black & Gray Printed Vinyl Fabric Party Decorations Background Screen Props", "tags": "All Cameras Other Camera Accessories Camcorders Studio Lighting On-Camera Light Stands & Booms", "relevancy_score": 8.404235294117647, "price": "$11.99"}, {"title": "480P Web Camera USB Laptop Webcam with Microphone Clip-On Web Cameras Webcams For Computer PC Desktop", "tags": "Surveillance Cameras Computer Speakers All Camcorders Laptop Stands Webcam Privacy Covers Webcams", "relevancy_score": 13.490857142857143, "price": "$11.99"}, {"title": "Fujifilm Instax Mini 11 Instant Camera (Lilac Purple) | 2 Twin Pack Film | Frames | Case | Album | Stickers - Complete Kit", "tags": "Instant Film Cameras Point & Shoot Camera Bags Cases All Other Accessories Fujifilm Polaroid", "relevancy_score": 25.49085714285714, "price": "$109.95"}, {"title": "CAC Smart Card Reader, EEEkit DOD Military USB Common Access Card Adapter for Military/ID Card/IC Bank Chip Card Reader, USB Smart Card Writer Compatible with Windows XP/Vista/8/10, Mac OS 10.6-10.14", "tags": "Graphics Cards Hubs & USB Gadgets Wireless Network Adapters Micro SD onn. Camera Accessories Wired Keyboards", "relevancy_score": 32.859, "price": "$9.97"}, {"title": "LNKOO Digital Camera for Kids,13MP 1080P Rechargeable Children's Toy Camera with 16G TF Card 2 Inch Video Recorder,Great Christmas Present Gift for 3-12 Year Old Boys Girls-Pink", "tags": "Cameras & Camcorders for Kids Electronic Toys Learning Playsets Bilingual Leapfrog VTech Pretend Play Boys 12+ Years", "relevancy_score": 2.21475, "price": "$19.89"}, {"title": "Logitech HD C310 Portable Webcam, 5MP, Black", "tags": "Wireless Cameras All Camcorders Webcam Privacy Covers Webcams 1TB External Hard Drives Motorola", "relevancy_score": 138.14616393442623, "price": "$54.99"}, {"title": "Fujifilm INSTAX Mini Instant Film (White) For Fujifilm Mini 8 & Mini 9 Cameras w/ Microfiber Cloth by Quality Photo (80 Film Sheets)", "tags": "Instant Film Cameras Fujifilm Camera Bags & Cases All Other Accessories Instax", "relevancy_score": 26.372666666666664, "price": "$27.99"}, {"title": "Arlo Wire-Free Security System with 1 HD Camera (VMS3130W100NAS)", "tags": "Surveillance Cameras IFTTT Compatible Outdoor Security Arlo Indoor Smart & Motion Detectors that work with Google Assistant", "relevancy_score": 253.16224999999997, "price": "$83.51"}, {"title": "CAC Smart Card Reader - DOD Military USB Common Access Card Adapter - Military/ID Card/IC Bank Chip Card Reader, USB Smart Card Writer - Compatible with Windows XP/Vista/8/10, Mac OS 10.6-10.14", "tags": "Graphics Cards Hubs & USB Gadgets Wireless Network Adapters Other Camera Accessories Micro SD onn.", "relevancy_score": 20.404235294117647, "price": "$9.97"}, {"title": "2020 H265+ 8 Channel Long Range Wifi NVR 4pcs 1080p HD Wireless Outdoor Security IP Camera Video Home Surveillance System 1TB Hard Drive (CAM-WIFI-4CH-2MP-1)", "tags": "Surveillance Cameras Outdoor Security Wireless Equipment Smart Home Kits Digital Video Recorders & Motion Detectors that work with Google Assistant", "relevancy_score": 24.572666666666667, "price": "$248.00"}, {"title": "Nikon AF Nikkor 50mm f/1.8D Standard Lens", "tags": "Digital SLR Cameras Waterproof Nikon Camera Flashes Lenses All", "relevancy_score": 1121.6513731343284, "price": "$114.07"}, {"title": "NK 5-in-1 Reflector Photography 24-Inch 60cm Photo Studio Portable Collapsible Round Light Reflectors/Diffuser Accessories Kit with Carrying Case for Outdoor Camera Vedio Lighting", "tags": "Cooling Pads & Lights Other Camera Accessories Complete Tripods On-Camera Lighting Light Stands Booms Photo Studio Backgrounds", "relevancy_score": 5.110838709677419, "price": "$11.97"}, {"title": "Moultrie 16G SD Memory Card", "tags": "Spypoint Cameras Mossy Oak Game Infrared Trail Browning Management Camera Accessories Feed for Deer Cellular", "relevancy_score": 6.312363636363637, "price": "$20.54"}, {"title": "Refurbished Protocol 6182-7RCHA WAL Director Foldable Drone with Live Streaming Camera", "tags": "HD Drones Foldable Beginner RC Intermediate Protocol Shop All Advanced", "relevancy_score": 14.404235294117647, "price": "$35.00"}, {"title": "S66 RC Drone with Camera 4K Drone Dual Camera Optical Flow Positioning  WiFi FPV Drone Headless Mode Altitude Hold Gesture Photo Video Track Flight 3D Filp RC Qudcopter Portable Bag", "tags": "Foldable Drones Beginner All with Cameras DJI RC Intermediate Shop Advanced", "relevancy_score": 0.0, "price": "$30.99"}, {"title": "SanDisk SDSDB-016G-B35", "tags": "Hard Drive Accessories Premium Solid State Drives Micro SD Cards onn. Camera USB Flash Sony", "relevancy_score": 41.859, "price": "$10.88"}, {"title": "Kadell 1080P HD Mini IP WIFI Magnetic Camera Camcorder Wireless Home Security Car DVR Support Night Vision Video Recording", "tags": "Garage Door Openers Motion Detectors Security Lighting All Hardware Chamberlain Opener Parts Home", "relevancy_score": 14.490857142857143, "price": "$45.97"}, {"title": "WinSpin 10 Ft Adjustable Background Banner Stand Backdrop Exhibitor Expanding Display", "tags": "Projector Screens RCA Other Camera Accessories Complete Tripods Studio Lighting Light Stands & Booms", "relevancy_score": 10.21475, "price": "$65.90"}, {"title": "onn. Camera Case for DSLR", "tags": "GoPro Accessories Camcorder Bags & Cases Camera onn. Other", "relevancy_score": 53.78171428571429, "price": "$12.88"}, {"title": "HeimVision CA01 Security Camera, Only Compatible with HeimVision HM241/HM243 8CH Security Camera System, Bullet Surveillance Cameras", "tags": "Surveillance Cameras Wireless Smart Pet Monitors Indoor Security RC Drones Intermediate", "relevancy_score": 0.0, "price": "$39.99"}, {"title": "Phone Tripod,Candywe Cell Phone Tripod Flexible Tripod with Bluetooth Remote Shutter,Mini Tripod for iPhone Android Phone Camera GoPro,Smartphone Tripod Mount Stand with Carry Pouch-1PACK", "tags": "Selfie Sticks Cell Phone Camera Attachments All Lenses Basic Cases Car Holders Telephoto Lights", "relevancy_score": 112.718, "price": "$12.34"}, {"title": "TSV USB 3.0 5Gbps Micro SD SDXC TF T-Flash 2in1 Memory Card Mini Reader Adapter, USB 3.0 SD Card Reader for SDXC, SDHC, SD, Micro SDXC, Micro SD, Micro SDHC Card and UHS-I Cards", "tags": "Hubs & USB Gadgets Wireless Network Adapters GoPro Other Camera Accessories Micro SD Cards onn.", "relevancy_score": 35.923368421052636, "price": "$7.47"}, {"title": "SanDisk microSDXC Card for Nintendo Switch - 128GB", "tags": "Lenovo Desktop Computers All Tablets Dell Touchscreen Laptops onn. Camera Accessories SD Cards 2-in-1 Acer Gaming", "relevancy_score": 45.859, "price": "$29.84"}, {"title": "Canon Rebel T7 DSLR Camera with 18-55mm DC III Lens and 64GB Ultra Speed Memory Card, Case, Cleaning Kit, Flash, and more Fully Loaded Bundle", "tags": "Instant Film Cameras Digital SLR Point & Shoot Nikon Canon Fujifilm Instax", "relevancy_score": 0.0, "price": "$419.99"}, {"title": "Fujifilm Instax Mini 9 Camera Flamingo Pink + Bundle Includes; Instant camera + Fuji Instax Film (20 PK) + Flamingo Pink Camera Case + Frames + Selfie lens + Album And More", "tags": "Instant Film Cameras Camera Lenses Fujifilm Bags & Cases All Polaroid", "relevancy_score": 25.49085714285714, "price": "$94.99"}, {"title": "ADESSO(R) 720P USB WEBCAM W/ M", "tags": "All Portable Speakers Surveillance Cameras Wireless Camcorders Webcam Privacy Covers Webcams", "relevancy_score": 16.49085714285714, "price": "$16.99"}, {"title": "VanTop 4K Action Camera 20MP Moment 4 Underwater Waterproof Camera with EIS, Touch Screen, Remote, 170\u00b0 Wide Angle WiFi Sports Cam with 2 Batteries and GoPro Accessories Kit", "tags": "GoPro Cameras & Accessories Sports Action Camcorders Mirrorless Sony All HERO7", "relevancy_score": 249.72329411764707, "price": "$79.99"}, {"title": "Kids Digital Video Camera Action Sports Camera 1080P 12MP Waterproof 30M Built-in Lithium Battery Christmas Gift New Year Present for Children Boys Girls", "tags": "Sports & Action Camcorders Point Shoot Cameras Waterproof Digital Photo Frames Camera Bags Cases Polaroid All", "relevancy_score": 7.21475, "price": "$25.99"}, {"title": "Canon SX540", "tags": "Digital SLR Cameras Point & Shoot Nikon Canon Sony Kodak", "relevancy_score": 304.8254117647059, "price": "$279.00"}, {"title": "2020 NEW Handheld Camera Video Stabilizer Set Camera Bracket Holder Triple Shoe Mount With Video Light Mic for Cameras and Phone", "tags": "Olympus Cameras GoPro Accessories Drones with Camcorder Stabilizers Drone All Camcorders", "relevancy_score": 3.1108387096774193, "price": "$44.18"}, {"title": "Amcrest IPM-723B Outdoor 960P 1.3 Megapixel (1280TVL) WiFi Wireless IP Security Bullet Camera - IP67 Weatherproof, 1.3MP (1280 x 960) (Black)", "tags": "Surveillance Cameras Outdoor Security Wireless Indoor Smart Home Kits & Motion Detectors that work with Google Assistant", "relevancy_score": 15.312363636363637, "price": "$45.99"}, {"title": "DJI Osmo Mobile 3 Smartphone Gimbal Combo Kit", "tags": "Drones with Cameras HD Foldable Drone Accessories All DJI Shop Advanced", "relevancy_score": 92.53232653061225, "price": "$105.00"}, {"title": "2020 New Limited Edition Aerial Drone Professional HD 4K/720P/1080P/4069P 4K 90\u00b0 Adjustable Camera Folding Drone Wireless Wifi 360 Degree Roll FPV Selfie RC Drone Quadcopters RTF with Real Time Video", "tags": "", "relevancy_score": 8.412363636363638, "price": "$43.99"}, {"title": "3 Port HDMI Intelligent Auto Switch Switcher - Support Full HD 3D 1080p 4K - PS3 Xbox 360/One HDTV DVD Blu-Ray", "tags": "Instant Film Cameras Digital SLR Point & Shoot Nikon Kodak Fujifilm Instax", "relevancy_score": 0.0, "price": "$7.50"}, {"title": "Nikon D5600 Digital SLR Camera + 18-55mm VR + 70-300mm + Extra Battery +  64GB", "tags": "Camera Lenses Point & Shoot Cameras Waterproof Nikon Canon Flashes All", "relevancy_score": 27.572666666666667, "price": "$792.99"}, {"title": "LS Photography 5 x 10 Ft. Green Fabricated None Gloss Backdrop Background Screen for Photo Video Studio, WMT1046", "tags": "Point & Shoot Cameras All Other Camera Accessories Camcorders Studio Lighting Light Stands Booms", "relevancy_score": 0.0, "price": "$14.48"}, {"title": "PNY 128GB PRO Elite Class 10 U3 microSD Flash Memory Card", "tags": "7 Inch Tablets Hard Drives & Storage onn. Camera Accessories USB Flash Lenovo Touchscreen Laptops SD Cards Refurbished iPad Mini 2-in-1", "relevancy_score": 133.25875862068966, "price": "$21.99"}, {"title": "Google Nest Cam Indoor Security Cameras (3-Pack) - Black", "tags": "Surveillance Cameras All Google Indoor Security Nest Cam Smart Compatible Devices Home Kits & Motion Detectors that work with Assistant", "relevancy_score": 6765.362893617023, "price": "$348.00"}, {"title": "Canon EOS M100 Mirrorless Camera with EF-M 15-45mm f/3.5-6.3 IS STM Lens Black and 32GB Complete Accessory Kit", "tags": "Digital SLR Cameras Sports & Action Camcorders Canon Sony Fujifilm Panasonic All CD Changers Turntables", "relevancy_score": 5.110838709677419, "price": "$396.99"}, {"title": "Mini Photo Studio Light Box,Photo Shooting Tent kit,Portable Folding Photography Light Tent kit with 20pcs LED Light + 6 Kinds Color Backgrounds for Small Size Products", "tags": "Cooling Pads & Lights Other Camera Accessories Complete Tripods On-Camera Lighting Light Stands Booms Photo Studio Backgrounds", "relevancy_score": 5.110838709677419, "price": "$17.99"}, {"title": "VanTop Junior K5 Kids Camera, 1080P HD Mini Video Camera for Children w/ 32GB Memory Card, 8MP Selfie Len, 2inch IPS Screen, Card Reader, Carrying Bag, Cartoon Sticker, Lanyard, Pink", "tags": "Electronic Toys Bilingual VTech Pretend Play for Boys 12+ Years Tablets with Parental Control All Kids", "relevancy_score": 58.58171428571428, "price": "$28.99"}, {"title": "Wii U Gamepad Charger Power Charging Adapter Power Supply Cord AC Adapter And Cable For Wii U Gamepad", "tags": "Camera Charging and Accessories GoPro Cameras & Sports Action Camcorders Camcorder Batteries Nintendo Other", "relevancy_score": 119.25875862068966, "price": "$13.29"}, {"title": "LNKOO Digital Camera for Kids, 1080P FHD Kids Digital Video Camera with 2 Inch IPS Screen and 16GB SD Card Toddler Video Recorder for 3-12 Years Boys Girls Christmas Birthday Gift", "tags": "Electronic Toys Bilingual VTech Pretend Play for Boys 12+ Years Tablets with Parental Control All Kids", "relevancy_score": 8.404235294117647, "price": "$19.89"}, {"title": "Sandisk 32gb CLASS 10 micro SDHC Flash Memory Card", "tags": "Memory Card Readers Nintendo Other Camera Accessories onn. USB Flash Drives SD Cards Sony", "relevancy_score": 5.110838709677419, "price": "$8.59"}, {"title": "Insten USB 3.0 Super High Speed All-in-1 Multi Memory Card Reader for Compact Flash / Micro Drive / SD / SDHC / Micro SD / MS / MS Pro / MS Pro Duo / XD Card (USB 3.0 Cable included)", "tags": "Access Points, Hubs & Switches USB Gadgets Wireless Network Adapters Other Camera Accessories Micro SD Cards onn.", "relevancy_score": 77.33232653061225, "price": "$16.79"}, {"title": "Holy Stone HS110G GPS Drone with 1080P Camera for Adults and Beginners 2 Batteries double the Flight Time", "tags": "HD Drones Foldable Beginner RC Intermediate Protocol Shop All Advanced", "relevancy_score": 25.77266666666667, "price": "$129.99"}, {"title": "\"Synergy Digital Camera Battery, Works with Kodak PIXPRO FZ53 Digital Camera, (Li-Ion, 3.7V, 800 mAh) Ultra Hi-Capacity, Compatible with Olympus LI-40B Battery\"", "tags": "GoPro Cameras & Accessories Camcorder Batteries Indoor Security Arlo Other Nikon", "relevancy_score": 1.1108387096774193, "price": "$8.95"}, {"title": "Wireless Mini WIFI IP Camera Home Outdoor Security Camera Night Vision HD 1080P", "tags": "Surveillance Cameras Outdoor Security Wireless Smart Pet Monitors Indoor Home Kits", "relevancy_score": 1.1108387096774193, "price": "$16.38"}, {"title": "Jot & Mark Recipe Cards Floral Double Sided 4x6 inch, 50 Count (Pink Peonies)", "tags": "Shop Notebooks by Brand School Supplies Color Office Bulk Buys Cardstock Copy & Multipurpose Paper Index Cards Sheet Protectors All Spiral", "relevancy_score": 133.92757894736843, "price": "$9.99"}, {"title": "\"GE 36407 Cordless Phone Battery Ni-MH 1X2AAA/D, 2.4 Volt, 750 mAh - Ultra Hi-Capacity - Replacement for Rechargeable Battery\"", "tags": "Camera Charging and Accessories GoPro Cameras & Sports Action Camcorders Camcorder Batteries Other onn. Telephone", "relevancy_score": 5.110838709677419, "price": "$5.95"}, {"title": "Finex Waterproof SLR DSLR Camera Bags Case Backpack Rucksack For Canon Nikon Sony", "tags": "Instant Film Cameras GoPro Accessories Camcorder Bags & Cases All Fujifilm Instax onn. Camera", "relevancy_score": 0.0, "price": "$21.88"}, {"title": "512GB High Speed Class 10 TF Flash Memory Card With Adapter For Action Cameras Phones Tablets", "tags": "Hubs & USB Gadgets Point Shoot Cameras Memory Card Readers Other Camera Accessories Micro SD Cards onn. Flash Drives", "relevancy_score": 12.490857142857143, "price": "$13.99"}, {"title": "GreenDecor Polyster 7x5ft Christmas Background Snowflake Backdrops Christmas Wood Wall Backdrop Children Christmas Photography Props", "tags": "Point & Shoot Cameras All Other Camera Accessories Camcorders Studio Lighting Light Stands Booms", "relevancy_score": 0.0, "price": "$22.99"}, {"title": "Bower 12\u201d LED Selfie Ring Studio Light", "tags": "", "relevancy_score": 133.92757894736843, "price": "$36.88"}, {"title": "DJI Osmo Intelligent Battery Dual Charger by Wasabi Power", "tags": "Camera Charging and Accessories GoPro Cameras & Sports Action Camcorders Camcorder Batteries Bags Cases Other", "relevancy_score": 0.0, "price": "$19.99"}, {"title": "HQRP Battery for GARMIN Nuvi 30 30LM, Nuvi 40 40LM, Nuvi 42 42LM, Nuvi 44 44LM, Nuvi 50 50LM, Nuvi 52 52LM, Nuvi 54 54LM, Nuvi 56 56LM 56LMT 361-00056-01 KH07BH26D03H3 GPS Navigator + HQRP Coaster", "tags": "Camera Charging and Accessories GoPro Cameras & Sports Action Camcorders Camcorder Batteries Bags Cases Other", "relevancy_score": 0.0, "price": "$6.91"}, {"title": "Octopus Type Flexible Leg Mini Tripod Stand Holder for Digital Camera DV SLR DSLR (Small Size)", "tags": "GoPro Accessories Camera Bags & Cases Web Cameras Other onn. Webcams", "relevancy_score": 9.604235294117647, "price": "$7.89"}, {"title": "Universal Clip 12X Zoom Mobile Phone Telescope Lens Telephoto External Smartphone Camera Lens for iPhone, Samsung, Huawei", "tags": "Selfie Sticks iPhone 6S Parts Camera Lenses All Phone Tripods 6 Telephoto", "relevancy_score": 0.0, "price": "$9.59"}, {"title": "Fujifilm Instax Mini Instant Film Rainbow & Staind Glass & Candy Pop & SHINY STAR Film -10 Sheets X 4 Assort Value Set", "tags": "Instant Film Cameras Camera Bags & Cases All Other Accessories Fujifilm Instax Filters", "relevancy_score": 29.372666666666664, "price": "$34.95"}, {"title": "Instahibit Retractable Green Screen Backdrop Chromakey Wall Ceiling Mountable Pull Down Background Live Stream", "tags": "", "relevancy_score": 0.0, "price": "$114.90"}, {"title": "Mini Wireless Camera 720p Video Audio Recorder Small DV DVR Security Secret Nanny Car Sports Micro", "tags": "Surveillance Cameras Wireless Smart Pet Monitors All Camcorders Equipment Baby Security Digital Video Recorders", "relevancy_score": 7.212363636363635, "price": "$8.99"}, {"title": "Sky Rider Thunderbird Quadcopter Drone with Wi-Fi Camera, DRW389, Black", "tags": "HD Drones Foldable Beginner RC Intermediate Stunt Drone Shop All Advanced", "relevancy_score": 1067.0877567567568, "price": "$39.99"}, {"title": "Aluratek 10\" Digital Photo Frame with 4GB Built-In Memory with Matting (1024 x 600 resolution, 16:9 Aspect Ratio)", "tags": "Point & Shoot Cameras Waterproof Camera Flashes Netgear All Camcorders USB Flash Drives 10 Inch Android Tablets", "relevancy_score": 34.95005405405406, "price": "$64.34"}, {"title": "Nikon COOLPIX P900 Digital Camera", "tags": "Camera Lenses Digital SLR Cameras Point & Shoot Waterproof Canon Nikon All", "relevancy_score": 0.0, "price": "$654.95"}, {"title": "BM Premium 2 NB6L, NB-6LH Batteries & Dual Charger for Canon PowerShot SX170 IS, SX260 HS, SX280 HS, SX500 IS, SX510 HS, SX520 HS, SX530 HS, SX540 HS, SX600 HS, SX610 HS, SX700 HS, SX710 HS, ELPH 500", "tags": "GoPro Cameras & Accessories Camcorder Batteries Indoor Security Arlo Other Nikon", "relevancy_score": 0.0, "price": "$19.99"}, {"title": "Wireless Solutions Travel Charger for Sanyo 4900/5300/8100 (Black)", "tags": "Camera Charging and Accessories GoPro Cameras & Sports Action Camcorders Camcorder Batteries Bags Cases Other", "relevancy_score": 0.0, "price": "$7.99"}, {"title": "Home Security Camera 1080/720P HD Wifi IP Camera, TSV Indoor Home Wireless Surveillance Camera with Two-Way Audio, Remote Access, Motion Detect, Micro Card Storage(NOT INCLUDED)", "tags": "Garage Door Openers Doorbells Motion Detectors Security Lighting Monitors & Displays Home Alarm Systems All Hardware", "relevancy_score": 21.49085714285714, "price": "$25.47"}, {"title": "New 3.6V 1200mAh Battery Pack For Sony PSP 2000 Slim", "tags": "Batteries & A/C Adapters Camera Charging and Accessories GoPro Cameras Camcorder Laptop Bags, Cases Sleeves Sony", "relevancy_score": 47.859, "price": "$9.99"}, {"title": "Vivitar\u00ae Vxx14 Selfie Cam", "tags": "Waterproof Cameras Canon Kodak Polaroid All Camcorders onn. Camera Accessories", "relevancy_score": 118.26463636363637, "price": "$36.66"}, {"title": "Replacement For Uniden BT1021 Cordless Phone Battery (700mAh, 2.4V, Ni-MH) - 2 Pack", "tags": "Camera Charging and Accessories GoPro Cameras & Sports Action Camcorders Camcorder Batteries Cordless Phones onn. Telephone", "relevancy_score": 11.412363636363638, "price": "$8.95"}, {"title": "HQRP Replacement AC Adapter / Charger compatible with Sony HandyCam DCR-SR46, DCR-SR46E, DCR-SR5, DCR-SR55, DCR-SX63 Camcorder with USA Cord & Euro Plug Adapter", "tags": "Camera Charging and Accessories GoPro Cameras & Sports Action Camcorders Camcorder Batteries Bags Cases Other", "relevancy_score": 0.0, "price": "$6.95"}, {"title": "Loocam 1080P 8CH HD-TVI H.265+ Video Security Camera System 2TB DVR Surveillance Camera Kit and 4PCS 2.0 MP(1920x1080P) Indoor/Outdoor IR Weatherproof Camera 150FT Night Vision with IR Cut", "tags": "Surveillance Cameras DVR & DVD Recorders IFTTT Compatible Outdoor Security Wireless Equipment Smart Home Kits", "relevancy_score": 24.572666666666667, "price": "$203.99"}, {"title": "GreenDecor Polyester Fabric 7x5ft Cartoon Style Halloween Photo Background Pumpkin Face Backdrops for Photographer Photography Backdrops", "tags": "Point & Shoot Cameras All Other Camera Accessories Camcorders Studio Lighting Light Stands Booms", "relevancy_score": 0.0, "price": "$22.99"}, {"title": "Agfa 5\" Flexible Tabletop Tripod BLUE", "tags": "GoPro Accessories Tripod Heads Stands onn. Camera Studio Lighting", "relevancy_score": 0.0, "price": "$4.99"}, {"title": "Acuvar 62' Inch Monopod with Integrated Safety Strap and 4 Section Extending Pole for All Digital Cameras, DSLR, Mirrorless, Compact Cameras and Camcorders", "tags": "Digital TV Converters Earbuds and In-ear Headphones GoPro Accessories Other Camera Complete Tripods onn.", "relevancy_score": 20.404235294117647, "price": "$11.99"}, {"title": "Deluxe Camera/Video Padded Backpack for SLR / DSLR Cameras with eCostConnection Microfiber Cloth", "tags": "Point & Shoot Cameras GoPro Accessories Camcorder Bags Cases Complete Tripods onn. Camera Straps Harness Nikon", "relevancy_score": 326.6947878787879, "price": "$18.99"}, {"title": "Brand New 3' Antenna Tripod", "tags": "GoPro Accessories Camcorder Stabilizers Tripod Heads Stands Monopods Complete Tripods onn. Camera Gimbals and", "relevancy_score": 0.0, "price": "$38.52"}, {"title": "Nikon 35mm f/1.8G AF-S DX", "tags": "Digital SLR Cameras Nikon Canon Lenses All Other Camera Accessories Filters", "relevancy_score": 10.21475, "price": "$181.97"}, {"title": "Vivitar 50 in. TriOS", "tags": "GoPro Cameras & Accessories Sports Action Camcorders Tripod Cases 360 Heads onn. Camera", "relevancy_score": 103.718, "price": "$14.99"}, {"title": "GoPro MAX 360 Degree 5.6K Action Camera", "tags": "GoPro Cameras & Accessories Waterproof Mirrorless Sony All Camcorders HERO7", "relevancy_score": 5.110838709677419, "price": "$488.07"}]