[{"title": "EverStart Portable 120 Watts Slim Inverter with Digital Display, 2 USB Ports and 1 AC Port", "tags": "Automotive Electrical Adapters & Converters on Advance Auto Parts Shop Stanley Jump Starters Battery Chargers Car Power Sources EverStart", "relevancy_score": 758.8134857142857, "price": "$9.87"}, {"title": "Monster Bluetooth FM Transmitter with 3.4A USB Charging", "tags": "Portable Audio Speaker Cables & Connectors Blackweb Receivers Amplifiers TV onn. Video Accessories Computer", "relevancy_score": 467.1307053435114, "price": "$12.88"}, {"title": "Magnetic Car Phone Holder | Universal Car Dash Mount for iPhone, Samsung or Any Smartphone -  Full 360 Motion", "tags": "Vent Phone Car Holders Tripods Scosche Cup All iOttie Magnetic Windshield", "relevancy_score": 9.20515, "price": "$10.99"}, {"title": "Dual Electronics TBX10A 10 inch Shallow High Performance Powered Enclosed Subwoofer with Built-In Amplifier & 300 Watts of Peak Power", "tags": "InstallerNet Car Speakers 10\" Subwoofer 8\" Enclosures & Sound Deadening Pyle Subwoofers Kicker 12\"", "relevancy_score": 303.43350344827587, "price": "$79.87"}, {"title": "RCA 9\" Mobile Dual Screen DVD Player (DRC79982)", "tags": "Wireless Backup Cameras Bluetooth Car Stereos XO Vision Overhead DVD Players Headrest Double Din All with Monitors", "relevancy_score": 2719.0669580304802, "price": "$98.90"}, {"title": "Dual Electronics XVM279BT 7-inch LED Backlit Multimedia Touch Screen Double DIN Car Stereo Receiver with Siri/Google Voice Assist & Bluetooth", "tags": "Android Auto Compatible Stereos Apple CarPlay Single Din Car InstallerNet Power Acoustik Double All Dual", "relevancy_score": 793.89774375, "price": "$59.87"}, {"title": "Furrion Vision S 7'' FOS07TASF RV Observation Camera System - Wireless - 7\" Screen - w/ Rear Camera, Windshield Mount and Doorway/Rear Camera Mount", "tags": "Wireless Backup Cameras RV Leveling and Stabilization Fresh Water InstallerNet Replacement Parts with Monitors Exterior Accessories", "relevancy_score": 268.812052173913, "price": "$660.66"}, {"title": "Dual Electronics XDM17BT High Resolution LCD Single DIN Car Stereo Receiver with Built-In Bluetooth, USB, MP3 Player & Siri/Google Assist Button", "tags": "Pyle Car Stereos Bluetooth InstallerNet XO Vision All Pioneer Marine Stereo Bundles", "relevancy_score": 1519.0416371638141, "price": "$18.94"}, {"title": "Pioneer MVH-S21BT Digital Media Receiver, Single DIN, In-Dash", "tags": "Kenwood Car Stereos Single Din Bluetooth Double All Pioneer JVC Blaupunkt", "relevancy_score": 168.48152195121952, "price": "$54.97"}, {"title": "Dual Electronics XDVD269BT 6.2-inch LED Backlit LCD Multimedia Touch Screen Double DIN Car Stereo Receiver with Siri/Google Voice Assist, Bluetooth, CD/DVD Player & USB/microSD ports", "tags": "Single Din Car Stereos Bluetooth Backup Cameras InstallerNet All Dual Blaupunkt Stereo Bundles", "relevancy_score": 740.0427928571428, "price": "$69.87"}, {"title": "Magnetic Car Phone Holder | Universal Car Dash Mount for iPhone, Samsung or Any Smartphone -  Full 360 Motion", "tags": "Vent Phone Car Holders Tripods Scosche Cup All iOttie Magnetic Windshield", "relevancy_score": 9.20515, "price": "$10.99"}, {"title": "onn. Car Window or Dash Phone Mount", "tags": "Air Conditioning Chemicals and Refrigerants Car Power Adapters Dash Kits Mounts All Auto Accessories RV Exterior iPod MP3 Rear View Mirrors", "relevancy_score": 258.6505379310345, "price": "$5.88"}, {"title": "onn. Car Vent Phone Mount", "tags": "Scosche Phone Car Holders Dashboard Cup All iOttie Magnetic Windshield Wireless Charging Holder", "relevancy_score": 86.52443773584906, "price": "$5.88"}, {"title": "Dual XDVD156BT 7\" Single-Din In-Dash DVD Receiver With Bluetooth & Motorized Touchscreen", "tags": "Single Din Car Stereos Bluetooth DVD Players and Screens InstallerNet Power Acoustik Double All Dual", "relevancy_score": 2.105883870967742, "price": "$209.86"}, {"title": "Belkin 24W Dual-Port USB-A Car Charger + 5ft. Lightning to USB-A Cable, Silver", "tags": "Anker Phone Accessories Belkin Chargers All Batteries Battery Packs and Power Cables Adapter Lightning Cable", "relevancy_score": 19.586164705882354, "price": "$17.97"}, {"title": "Bell+Howell Clever Grip Pro, Magnetic Portable Phone Mount, As Seen on TV", "tags": "Chia Pets Politics As Seen on TV Tools Characters Home Shop all Clothes & Apparel Bedroom", "relevancy_score": 121.98460689655171, "price": "$9.88"}, {"title": "GM SUV / Truck 1995-2002 DDIN Radio Installation Kit", "tags": "Automotive Electrical Car Audio Accessories Single Din Stereos Double All Auto Wiring Harnesses Antennas & Antenna Adapters", "relevancy_score": 21.468914285714284, "price": "$15.00"}, {"title": "Car Charger FREEDOMTECH Dual Port USB 3.1A Adaptive Fast Charging Car Charger Adapter For iPhone 7 6s 6 SE 5s Plus Samsung Galaxy S7 S6 Edge Plus Note 5 4 J5 J3 J1 A9 / LG K7 V10 G4 G3 G2 G Stylo ZTE", "tags": "Anker Phone Accessories Belkin Car Chargers All Wall Power Adapters Samsung", "relevancy_score": 98.02443773584906, "price": "$5.99"}, {"title": "Original Samsung Dual Port USB Adaptive Quick Charge Car Charger Rapid Charge OEM Car Charger For Apple iPhone X iPhone 8 Plus Samsung Galaxy S8 S9+ Plus Note 9 Note 8 LG G7 Google Pixel 2 XL", "tags": "Samsung Phone Chargers All Cables Micro USB Cable and Adapters Wall Power Car", "relevancy_score": 68.59413333333333, "price": "$6.99"}, {"title": "24 Volt Transformer, C-Wire Power Adapter for Ecobee Nest Honeywell Emerson Sensi, Ring Doorbell Pro, Nest Hello, Skybell, Smart WiFi Thermostat and Doorbell Transformer, 25 ft Cable", "tags": "Camera Skins Nest Smart Doorbells that work with Google Assistant Security Cameras Home Compatible Surveillance & Motion Detectors", "relevancy_score": 59.492353488372096, "price": "$16.93"}, {"title": "Autobrain OBD Real-Time GPS Tracker, 3 Months Data Service Included", "tags": "App-Based Accessories All Garmin Products GPS Trackers Handheld Units - Wearables Only at Walmart Electronics", "relevancy_score": 389.4618, "price": "$39.47"}, {"title": "landairsea silvercloud mini 54 real-time gps tracker - gps tracking device", "tags": "Auto GPS Units Point & Shoot Cameras IPS Monitors Handheld Optoma Projectors Accessories Mesh Networking Traditional Routers for Heavy Internet Use", "relevancy_score": 63.392353488372095, "price": "$29.95"}, {"title": "Sony XS-R1646 6.5\" 4 way speakers", "tags": "6\" x 9\" Car Speakers Component 6.5\" Kicker Kenwood Coaxial Pioneer", "relevancy_score": 199.40354285714287, "price": "$34.99"}, {"title": "KICKER 43DSC69304 6x9-Inch (160x230mm) 3-Way Speakers, 4-Ohm", "tags": "6\" x 9\" Car Speakers Component 6.5\" Tweeters Kicker Coaxial Pioneer", "relevancy_score": 54.29235348837209, "price": "$79.90"}, {"title": "i12 TWS Inpods Macaron Wireless Earbuds with Charing Case, TOUCH Control Bluetooth 5.0 for iPhone and Android --YELLOW", "tags": "Car Audio Accessories Bluetooth Stereos DVD Players and Screens Overhead Headrest All Honda Parts Auto", "relevancy_score": 957.7910627218936, "price": "$13.98"}, {"title": "Dual Electronics XDM290BT High Resolution LCD Single DIN Car Stereo with Built-In Bluetooth, CD Player, USB, MP3/WMA Player & Siri/Google Assist Button", "tags": "Bluetooth Car Stereos InstallerNet Double Din All Pioneer Marine Dual Stereo Bundles", "relevancy_score": 330.0685818181818, "price": "$44.87"}, {"title": "Pioneer TS-800M, 6\" x 8\" 4-way coaxial speakers, 350W max power", "tags": "6\" x 9\" Car Speakers 6.5\" Kenwood Coaxial Pioneer Pyle 5\" 7\"", "relevancy_score": 50.137828571428564, "price": "$47.12"}, {"title": "XO Vision XOD1752BT 6.2\" Touch Screen In-Dash DVD Receiver", "tags": "Bluetooth Car Stereos DVD Players and Screens InstallerNet XO Vision Power Acoustik Double Din All Blaupunkt", "relevancy_score": 431.80793424657537, "price": "$69.87"}, {"title": "Blaupunkt BALTIMORE650BD Baltimore 7\" Touch Screen Receiver with Pair of 6.5\" Speaker Car Stereo Package", "tags": "6.5\" Car Speakers Single Din Stereos Bluetooth Double All Blaupunkt Stereo Bundles", "relevancy_score": 293.40742970297026, "price": "$49.98"}, {"title": "COBRA ESR-755 12-Band 360 Degree Radar/Laser Police Detector", "tags": "Ozark Trail Lifetime Kenwood Noco SiriusXM Stanley EverStart Blaupunkt", "relevancy_score": 188.23591898734176, "price": "$59.95"}, {"title": "Autobrain OBD Real-Time GPS Tracker, 3 Months Data Service Included", "tags": "App-Based Accessories All Garmin Products GPS Trackers Handheld Units - Wearables Only at Walmart Electronics", "relevancy_score": 389.4618, "price": "$39.47"}, {"title": "landairsea silvercloud mini 54 real-time gps tracker - gps tracking device", "tags": "Auto GPS Units Point & Shoot Cameras IPS Monitors Handheld Optoma Projectors Accessories Mesh Networking Traditional Routers for Heavy Internet Use", "relevancy_score": 63.392353488372095, "price": "$29.95"}, {"title": "Boss 611UAB Boss Audio 611UAB Single-DIN MECH-LESS Receiver, Bluetooth - In-dash - MP3, WMA - AM, FM - 12, 18 x AM, FM Preset - SD - Bluetooth - USB - Auxiliary Input", "tags": "Pyle Car Stereos Bluetooth InstallerNet XO Vision All Marine Dual Blaupunkt", "relevancy_score": 142.41266865671642, "price": "$29.99"}, {"title": "Auto Drive RV Power Adapter Cord 50Amp Male 30Amp Female,Durable Material,Weatherproof, Blue", "tags": "Automotive Electrical RV Fresh Water Extension Cords Lighting and Lamps Replacement Parts Exterior Accessories Adapters Surge Protectors", "relevancy_score": 10.20515, "price": "$17.88"}, {"title": "Spytec GL300 GPS Tracker for Vehicle, Car, Truck, RV, Equipment, Mini Hidden Tracking Device for Kids and Seniors, Use with Smartphone and Track Target's Real-Time Location on 4G LTE Network", "tags": "Auto GPS Units 4K Ultra HDTVs Garmin Trackers Voice Recorders All TVs Handheld Traditional Routers for Heavy Internet Use", "relevancy_score": 86.492, "price": "$39.95"}, {"title": "Pioneer CD-VM1 External Microphone for Bluetooth-Enabled Receivers", "tags": "All Rock Music K-pop Music: Vinyl Records World & Reggae Karaoke David Bowie on CD or Pop", "relevancy_score": 0.0, "price": "$14.95"}, {"title": "Garmin Drive 50LM 5\" GPS Navigator (Refurbished)", "tags": "All Tablet Accessories Garmin Products GPS Trackers Handheld Units - Wearables Only at Walmart Electronics", "relevancy_score": 142.2552695652174, "price": "$56.49"}, {"title": "Garmin DriveSmart 55 with traffic EX GPS (Latest Model)", "tags": "All Tablet Accessories Garmin Products GPS Trackers Handheld Units - Wearables Only at Walmart Electronics", "relevancy_score": 45.98064390243902, "price": "$158.99"}, {"title": "PopSockets Multisurface Mount for PopSockets Grip, Multi-Surface Mount", "tags": "Interior Car Accessories Motorcycle Handle Controls Power Adapters Replacement Auto Parts Video Mounting Equipment & ATV Phone and Cup Holders All", "relevancy_score": 131.26744615384615, "price": "$9.97"}, {"title": "Mpow Bluetooth Headphones, IPX7 Waterproof In-ear Earbuds, Wireless Sports Earphones for Gym Running Cycling Workout (Red Outside & Black Inside)", "tags": "Fitness Headphones Earbuds and In-ear Wireless Bluetooth Skullcandy JVC Sports Waterproof True", "relevancy_score": 565.1470967741935, "price": "$22.99"}, {"title": "landairsea silvercloud mini 54 real-time gps tracker - gps tracking device", "tags": "Auto GPS Units Point & Shoot Cameras IPS Monitors Handheld Optoma Projectors Accessories Mesh Networking Traditional Routers for Heavy Internet Use", "relevancy_score": 63.392353488372095, "price": "$29.95"}, {"title": "Monster Bluetooth FM Transmitter with USB Charging Adapter and Built-in Mic", "tags": "Portable Audio Headphone Cases onn. Headphones Blackweb Receivers & Amplifiers TV Video Accessories Computer", "relevancy_score": 175.71266865671643, "price": "$14.88"}, {"title": "Thought energy 12v Dual USB Car Charger 2 Port. 6A USB Car Adapter for All iPhones, Samsung Galaxy, Phones, Tablets and USB Compatible Devices. Blue LED Night Light. Quick Car Charger (Black) (6A)", "tags": "Automotive Electrical Car Audio Accessories RV Extension Cords Replacement Parts All Auto Exterior Adapters and Surge Protectors", "relevancy_score": 35.62099459459459, "price": "$9.99"}, {"title": "Insten Cup Holder Cell Phone Car Mount Holder with Long Adjustable Arm and 360 Degree Rotatable Cradle with Release Button for iPhone 11 / 11 Pro / 11 Pro Max X XS Max XR Samsung S10 S10e Plus, Black", "tags": "Vent Phone Car Holders Scosche Dashboard All iOttie Magnetic Windshield Mpow", "relevancy_score": 203.73737674418604, "price": "$9.99"}, {"title": "AC Adapter for Omron Healthcare Upper Arm Blood Pressure Monitor 5, 7,10 Series - Power Supply Charge Cord Replacement for HEM-ADPTW5 (Output DC 6V 1A) - UL Listed", "tags": "Battery Accessories Automotive Electrical RV Extension Cords Replacement Parts All Auto Exterior Adapters and Surge Protectors", "relevancy_score": 218.1867157894737, "price": "$8.29"}, {"title": "Car Cup Holder Phone Mount with Longer Gooseneck Neck & 360\u00b0 Rotatable Cradle for Samsung Galaxy Note 8, Note 9,S10, S10 Plus, S10e Cup Mount, Black", "tags": "Vent Phone Car Holders Scosche Dashboard All iOttie Magnetic Windshield Mpow", "relevancy_score": 208.79599036144577, "price": "$9.98"}, {"title": "360\u00b0 Universal Car Windshield Mount Stand Holder for iPhone Moblie Phone GPS PDA", "tags": "Vent Phone Car Holders Scosche Dashboard Cup All iOttie Magnetic Mpow", "relevancy_score": 228.36339999999998, "price": "$11.98"}, {"title": "Uniden PRO510XL 40-Channel Compact CB Radio and Tram 703-HC Center Load CB Antenna Kit", "tags": "Automotive Electrical Marine Bulk Buys All Car Decoration Radar Detectors Auto Accessories Antennas & Antenna Adapters Radio", "relevancy_score": 0.0, "price": "$55.56"}, {"title": "Universal Air Vent Smartphone Mount for Cars", "tags": "Scosche Phone Car Holders Dashboard Cup All Belkin Accessories iOttie Magnetic Windshield", "relevancy_score": 195.55169729729732, "price": "$7.88"}, {"title": "Samsung Galaxy S8, S8+, S9, S9+, S10, Note 8, Note 9 Adaptive Fast Charger USB-C Type-C Cable Kit Fast Charging USB Wall Charger & Car Charger [1 Car Charger + 1 Wall Charger + 2x 4FT Type-C Cable]", "tags": "Samsung Phone Chargers Micro USB Cable Cables and Adapters All Car Accessories", "relevancy_score": 122.56810491803277, "price": "$12.99"}, {"title": "BrickHouse Security Spark Nano 7 4G LTE Micro GPS Tracker for Covert Monitoring of Teen Drivers, Kids, Elderly, Employees, Assets", "tags": "Auto GPS Units Surveillance Cameras IFTTT Compatible Equipment Handheld Accessories Google Home Smart Alarms", "relevancy_score": 0.0, "price": "$9.95"}, {"title": "Universal Magnetic Air Vent Smartphone Mount for Cars", "tags": "Scosche Phone Car Holders Dashboard Cup All iOttie Magnetic Windshield Mpow", "relevancy_score": 658.7641263157894, "price": "$7.88"}, {"title": "Wireless Car Charger Automatic Clamping Smart Sensor Car Air Vent Phone Wireless Charger Holder 10 W", "tags": "Scosche Phone Car Holders Dashboard All iOttie Magnetic Windshield Wireless Charging Holder", "relevancy_score": 20.691031578947367, "price": "$11.99"}, {"title": "Scosche Magic Mount Universal Magnetic Phone/GPS Suction Cup Mount", "tags": "", "relevancy_score": 91.12443773584906, "price": "$11.99"}, {"title": "Belkin 30W USB-C + USB-A Car Charger + 5ft. USB-C to USB-C Cable, Black", "tags": "Anker Phone Accessories Belkin Chargers All Batteries Battery Packs and Power Cables Adapter Lightning Cable", "relevancy_score": 48.8206, "price": "$24.94"}, {"title": "Bussmann Series 5 Count ATM / Mini 20 Amp Automotive Fuse Pack", "tags": "Car Audio Accessories Temperature Switches/ Control Modules Power Adapters All Auto Code Readers and Scan Tools Fuses, Switches Relays Exterior Decorative Lighting", "relevancy_score": 20.386164705882354, "price": "$3.97"}, {"title": "Insten 12V 3-Way Car Charger Cigarette Lighter Socket Splitter Adapter Black", "tags": "Automotive Electrical Car Power Adapters Fog/Driving Lights Lighting and Lamps All LED Interior Converters Fog & Driving", "relevancy_score": 159.46944, "price": "$5.99"}, {"title": "TSV Portable Wireless Audio Transmitter Bluetooth 5.0 Music Audio Adapter for PC, Headphone, Speaker and 3.5mm Home Car Stereo Equipment, USB Powered HiFi Bluetooth Transmitter Low Latency", "tags": "Car Audio Accessories Dash Kits Speakers All Auto Speaker Adapters Headphones RV Backup Camera Systems", "relevancy_score": 5.3984, "price": "$9.97"}, {"title": "Yellow Jacket 997362 5-Outlet Yellow Power Adapter", "tags": "All Extension Cords Outlets Plug and Connectors Indoor Outdoor Indoor/Outdoor Electronic Testers Wall Outlet Adaptors", "relevancy_score": 72.5872510638298, "price": "$12.42"}, {"title": "Wireless Bluetooth Car FM Transmitters, Music Player Hands Free Car Kit with QC3.0 Charging and 7-Color Backlit, 4 Play Modes", "tags": "Portable Audio Networking Cables & Accessories Access Points, Hubs Switches Wireless Range Extenders Repeaters SIRIUS XM Satellite Radio Receivers Amplifiers onn.", "relevancy_score": 50.380643902439026, "price": "$16.88"}, {"title": "TSV Lazy Cell Phone Holder, Universal Phone Holder to Wear Around Neck, Flexible Lazy Bracket Free Rotating with Long Arms, Smart Mobile Phone Tablet Mount Stand fit for 4.7 to 10 in Devices", "tags": "", "relevancy_score": 6.20515, "price": "$8.97"}, {"title": "Bluetooth 5.0 Transmitter and Receiver, EEEkit Low Latency Wireless Audio Adapter for 3.5mm Stereo, Bluetooth Transmitter for TV, Aux Bluetooth for Car/Home Stereo System", "tags": "Portable Audio Networking Cables & Accessories Access Points, Hubs Switches Wireless Range Extenders Repeaters SIRIUS XM Satellite Radio Receivers Amplifiers onn.", "relevancy_score": 26.347066666666663, "price": "$11.97"}, {"title": "Alumium Magnetic Mount Phone Holder Car Dashboad GPS Bracket Stand For Phone", "tags": "Vent Phone Car Holders Scosche Dashboard Cup All Windshield Wireless Charging Holder", "relevancy_score": 11.398400000000002, "price": "$6.98"}, {"title": "Scosche FMT5 Battery Powered FM Transmitter with 20 Presets", "tags": "Portable Audio Networking Cables & Accessories Access Points, Hubs Switches Wireless Range Extenders Repeaters SIRIUS XM Satellite Radio Receivers Amplifiers onn.", "relevancy_score": 19.891031578947366, "price": "$13.84"}, {"title": "TSV Wireless Bluetooth 5.0 Headphones Foldable Earphones Stereo Headset Mic with 3.5mm AUX Audio Cable, Telescopic Rechargeable Stereo Headset w/ USB Cable Support up to 32G TF Card (Black/Red/Blue)", "tags": "Earbuds and In-ear Headphones Over-Ear On-Ear Wireless Bluetooth All PC Microphones Electronics Tax Time Headsets Noise Cancelling", "relevancy_score": 5.105883870967742, "price": "$17.97"}, {"title": "LG P715 Cell Phone Car Adapter Replacement USB Car Charger DC Power Adapter - White", "tags": "All Phone Cables Apple Chargers iPhone Adapter and onn. Power Adapters Wall Car", "relevancy_score": 15.2984, "price": "$4.95"}, {"title": "onn. USB-C Car Charger", "tags": "Cables & Connectors Earbuds and In-ear Headphones onn. Phone Cellphone Accessories All Computer Only at Walmart Electronics", "relevancy_score": 88.67276734693877, "price": "$7.88"}, {"title": "Universal 360\u2103 Car Rearview Mirror Mount Stand Holder Cradle For Cell Phone GPS", "tags": "", "relevancy_score": 5.105883870967742, "price": "$9.98"}, {"title": "EEEkit 2020 Model Mini GPS Tracker for Vehicles, Global Portable Real Time GPS Tracking Device for Seniors, Kids, Cars, Vehicle, Bicycles, Tracking, Travel", "tags": "Auto GPS Units IFTTT Compatible All Garmin Products Trackers Handheld Google Home Only at Walmart Electronics", "relevancy_score": 0.0, "price": "$10.77"}, {"title": "Cell Phone Holder Gooseneck Mount - Flexible Arm 360 Mount Clip Bracket Clamp Stand Used For Bed, Desktop for iPhone X/8/7/6/6s Samsung S8/S7", "tags": "", "relevancy_score": 0.0, "price": "$7.98"}, {"title": "Bluetooth FM Transmitter for Car, Wireless FM Radio Transmitter Car Radio Adapter Car Charger with Dual USB Charging Ports,Hands Free Calling for All Smartphones", "tags": "Portable Audio Networking Cables & Accessories Access Points, Hubs Switches Wireless Range Extenders Repeaters SIRIUS XM Satellite Radio Receivers Amplifiers onn.", "relevancy_score": 58.444399999999995, "price": "$16.88"}, {"title": "Garmin Drive 51 LM GPS Navigator (010-01678-0B) \u0432\u0402\u201c USA with Driver Alerts w/ Accessories Bundle Includes, Dual 12V Car Charger for GPS, Screen Protectors, Protect & Stow Case Mini + More", "tags": "Auto GPS Units IFTTT Compatible All Garmin Products Trackers Handheld Google Home Only at Walmart Electronics", "relevancy_score": 251.56339999999997, "price": "$143.00"}, {"title": "Fitness Tracker Activity Tracker Sports Watch Smart Bracelet Pedometer Fitness Watch with Heart Rate Monitor/GPS/Step Counter/Sleep Monitor Smart Wristband for Women Men and Kids", "tags": "Heart Rate Monitors Garmin Fitness Trackers Accessories Smart Watch Fitbit Ace Watches All Fitbits", "relevancy_score": 72.72443773584905, "price": "$9.39"}, {"title": "Bussmann Series 16 Gauge Add-a-Circuit for ATM/Mini Auto Blade Fuses", "tags": "Lighting Accessories Car Audio Light Bar Wiring Harnesses Temperature Switches/ Control Modules InstallerNet Fog/Driving Lights Fuses, Switches and Relays Fog & Driving", "relevancy_score": 1.1058838709677419, "price": "$6.97"}, {"title": "LANZAR HTG137 - 2000 Watt Mono Block Amplifier 2 Ohm Stable, Heritage Series Amp", "tags": "Monoblock Amplifiers 2 Channel Car Subwoofers 4 Amplifier Wiring Pyle 12\" Subwoofer", "relevancy_score": 35.89103157894737, "price": "$67.99"}, {"title": "Dual Electronics WCP365BT Marine Stereo LCD Single DIN with Built-In Bluetooth, USB Port, Two 6.5 inch Dual Cone Marine Speakers & Long Range Marine Antenna", "tags": "Pyle Car Stereos Single Din Bluetooth All Speakers Marine Stereo Bundles", "relevancy_score": 156.5904, "price": "$48.00"}, {"title": "Pioneer TS-A3000LS4 - 12\" Shallow-Mount Subwoofer with 1,500 Watts Max. Power", "tags": "5.25\" Car Speakers Subwoofers InstallerNet Pioneer 10\" Subwoofer Stereos 8\" 12\"", "relevancy_score": 5.105883870967742, "price": "$165.00"}, {"title": "Studio by Belkin Dual Car Charger + Lightning to USB Cable for iPhone, Black 5ft", "tags": "Belkin Phone Chargers All Batteries Battery Packs and Power Cables Adapter Lightning Cable Car", "relevancy_score": 66.0309, "price": "$19.97"}, {"title": "SXDPIP1 SiriusXM Radio 5 Volt Car Power Adapter PowerConnect - PLEASE CHECK DESCRIPTION BELOW FOR COMPATIBILITY", "tags": "Portable Audio Visual Accessories Docking Stations & Locks Sports Action Camcorders SIRIUS XM Satellite Radio Receivers Amplifiers FM Transmitters Wireless Bluetooth Speakers", "relevancy_score": 40.69103157894737, "price": "$14.59"}, {"title": "Insten 2PCS Universal 2-Port USB Car Charger 2A Adapter for Apple iPhone XS X 8 7 6s Plus 5S SE 11 / 11 Pro / 11 Pro Max Samsung Galaxy S9 S8 S7 S6 Moto E4 Plus G5 G4 Play ZTE Majesty Pro", "tags": "Anker Phone Accessories Cup Car Holders Belkin Chargers Batteries Battery Packs and Power Wall Adapters Samsung", "relevancy_score": 39.45747692307692, "price": "$7.79"}, {"title": "QPower 10 Inch Single Slim Truck Shallow Sealed Subwoofer Box Sub Enclosure", "tags": "Car Audio Accessories Subwoofers InstallerNet 8\" Subwoofer Enclosures & Sound Deadening Pyle Kicker 12\"", "relevancy_score": 16.386164705882354, "price": "$26.99"}, {"title": "Car Bluetooth Headset, Wireless Earpiece Bluetooth for iPhone and Android, In-Ear Bluetooth Earbuds Hands Free Earphones w/ Mic, Noise Cancelling for Driving/Business/Office, I6179", "tags": "Car Audio Accessories Bluetooth Stereos DVD Players and Screens Overhead Headrest All Honda Parts Auto", "relevancy_score": 117.26744615384615, "price": "$19.99"}, {"title": "Whistler WS1010 Handheld Analog Scanner", "tags": "Computer Cleaners Cash Registers Projectors & Presentation Equipment Walkie Talkies 2-Way Radios Internet Phone Products (VoIP) Video Presenters Label Makers All Phones", "relevancy_score": 142.41266865671642, "price": "$89.99"}, {"title": "RAM MOUNT X-GRIP UNIVERSAL TABLET HOLDER W/ 1\" BALL", "tags": "Docking Stations & Locks Hard Drive Accessories iPad Cases, Sleeves Bags Stands Station All Tablet Studio Lighting Cases", "relevancy_score": 0.0, "price": "$37.99"}, {"title": "Car Mount for Garmin Nuvi GPS Suction Cup Mount Holder Windshield Windscreen", "tags": "Vent Phone Car Holders Scosche Dashboard Cup All Magnetic Mpow", "relevancy_score": 186.8334684931507, "price": "$9.97"}, {"title": "Cobra 0180009-1 RAD 480i Radar/Laser Detector With Bluetooth", "tags": "Portable Audio Visual Accessories MP3 Accessory Kit Radios TV Antennas onn. Only at Walmart Electronics Motorola", "relevancy_score": 218.01993846153846, "price": "$149.95"}, {"title": "Scosche Magic Mount Magnetic Dash/Window Mount for Mobile Devices", "tags": "", "relevancy_score": 178.23346849315067, "price": "$14.26"}, {"title": "Hopkins 4-Wire Flat Non-Shrouded Extension, 12\"", "tags": "Lighting Accessories Car Audio Temperature Switches/ Control Modules Tow Lights Reese Hitches Interior Trailer & Towing on Advance Auto Parts Shop Curt Brand", "relevancy_score": 15.2984, "price": "$4.13"}, {"title": "LANZAR HTG157 3000W Mono MOSFET Car Audio Power Amplifier + 8 GA Amp Kit Intall", "tags": "2 Channel Amplifiers Car Audio Accessories 4 InstallerNet Dual Pioneer Amplifier Wiring", "relevancy_score": 4.105883870967742, "price": "$86.99"}, {"title": "For Alcatel Authority / One Touch Ultra 960C (Cricket) Premium Combo Pack - Wall Charger + Car Charger + Micro USB Cable", "tags": "Shop all Wireless Chargers Charging Pad Anker Phone Accessories Wall Power Adapters", "relevancy_score": 0.0, "price": "$7.95"}, {"title": "Scosche Hd5254sd 5.25 Inch 4-Way Car Stereo Speakers (Pair)", "tags": "5.25\" Car Speakers 6.5\" Kicker InstallerNet Coaxial Pioneer Pyle Marine", "relevancy_score": 55.644400000000005, "price": "$24.47"}, {"title": "Uniden\u00ae Dfr1 Long-range Laser/radar Detector", "tags": "Gauges & Monitoring Marine Bulk Buys Speedometers CB Radios Scanners All Auto Accessories Dash Cams Performance ECU Tuning Car Radio Antennas", "relevancy_score": 17.586164705882354, "price": "$44.87"}, {"title": "Cobra 29 LTD CB Radio, 40 channel, 4 Watt, Ant. Cal.", "tags": "Marine Bulk Buys Radar Detectors All Auto Accessories Dash Cams Power Converters Antennas & Antenna Adapters Car Radio", "relevancy_score": 293.61205217391307, "price": "$119.95"}, {"title": "Insten Aux Car Cassette Adapter Universal Audio 3.5mm For Apple iPhone 6S 6 SE 5S 5 5C 4S Samsung Galaxy S9 S8 S7 S6 S10e Plus S5 HTC M9 M8 M7 Desire 530 626 LG G4 G3 G5 G6 K7 G Stylo 2 3 Aristo K20", "tags": "Jeep Light Bars Car Audio Accessories Single Din Stereos LED All Mounts iPod and MP3 Radio Antennas", "relevancy_score": 257.8263611650485, "price": "$6.19"}, {"title": "Car Mount, 360 Degree Universal Windshield Dashboard Long Arm Car Phone Holder for iPhone XS/XR/X/8/7/6S/6 Plus, Samsung Galaxy S10/S10E/S10 Plus/S9 Plus, LG G7/G6/V40, and All 4-6 inch Smartphones", "tags": "Vent Phone Car Holders Scosche Cup All iOttie Magnetic Windshield Mpow", "relevancy_score": 129.87565714285714, "price": "$10.97"}, {"title": "Ford Mustang 1994-2000 DDIN Radio Installation Kit", "tags": "Car Sun Shades Bluetooth Stereos Dash Kits All Auto Window Tint Visors Licensed", "relevancy_score": 1.1058838709677419, "price": "$43.94"}, {"title": "4.3\" HD 1080P Car DVR Dual Lens Camera Vehicle Rearview Mirror Dash Cam Recorder", "tags": "Auto Safety Accessories Backup Cameras with Mirror Monitors Wireless Car DVD Players and Screens Radar Detectors Rear View Mirrors", "relevancy_score": 57.0309, "price": "$29.97"}, {"title": "Dual Dash Cam Front and Rear VanTop H610 2.5K Full HD 10 inch Screen DVR Mirror Dash Camera for Cars Vehicle, Waterproof Camera,Enhanced Night Vision with Sony Starvis Sensor, Parking Assistance", "tags": "Wireless Backup Cameras Car DVD Players and Screens InstallerNet with Monitors Dash Cams RV Camera Systems Rear View Mirrors", "relevancy_score": 47.8206, "price": "$99.99"}, {"title": "2018 New 12V Car Stereo FM Radio MP3 Audio Player Support Bluetooth Phone with USB/SD MMC Port Car Electronics In-Dash 1 DIN", "tags": "Pyle Car Stereos Single Din InstallerNet XO Vision Double All Dual Blaupunkt", "relevancy_score": 76.18870769230769, "price": "$24.50"}, {"title": "Car Wireless Dash Camera VanTop H609 1080P Mirror Dual Dash Cam, 10\" IPS Full Touch Screen, Infrared Night Vision, Motion Detection, G-Sensor", "tags": "Wireless Backup Cameras Car DVD Players and Screens InstallerNet with Monitors Dash Cams RV Camera Systems Rear View Mirrors", "relevancy_score": 24.468914285714284, "price": "$79.99"}, {"title": "Anker PowerDrive C2 27W USB-C Car Charger Combo with USB- A- C 6ft cable", "tags": "Belkin Phone Car Accessories Chargers All Batteries Battery Packs and Power Anker Banks Cables", "relevancy_score": 4.20515, "price": "$24.97"}, {"title": "2 Din Car Stereo Radio 7\" HD Touch Screen Car Multimedia Player Bluetooth FM Radio TF USB Mirror Link For Android Iphone with 8 LED Camera", "tags": "Android Auto Compatible Stereos Apple CarPlay Single Din Car InstallerNet Double All Dual Blaupunkt", "relevancy_score": 65.87276734693877, "price": "$95.99"}, {"title": "TSV 360\u00ba Car Suction Cup Magnetic Windshield Dashboard Mount Holder For Cell Phones", "tags": "Vent Phone Car Holders Scosche Cup All iOttie Magnetic Windshield Mpow", "relevancy_score": 23.347066666666663, "price": "$7.47"}, {"title": "Car Charger for Samsung Galaxy A10e - Luxmo 10W/2.1A High Power Fast Charging Type-C Car Charger with Extra USB Port, Built-in Smart IC Chip and Atom Wipe - (8 Foot Stretchable Cable) - Black", "tags": "Shockproof Phone Cases Galaxy A20 with Stand Glitter Marble Fashion Rugged Holster", "relevancy_score": 25.468914285714284, "price": "$12.99"}, {"title": "Everso Quick Charger Dual USB Car Charger 3-Way Cigarette Lighter Socket Splitter Adapter", "tags": "Lighting Accessories Car Audio Temperature Switches/ Control Modules Power Adapters Code Readers and Scan Tools Trailer & Towing on Advance Auto Parts Shop Exterior Decorative", "relevancy_score": 0.0, "price": "$15.99"}, {"title": "Nextbase 222 Dash Camera", "tags": "Auto Safety Accessories Garmin - Dash Cams & Navigation Wireless Backup Cameras Car DVD Players and Screens Power Adapters Radar Detectors Armor All", "relevancy_score": 16.386164705882354, "price": "$59.69"}, {"title": "PYLE PLRMR27BTB - Bluetooth Marine Receiver Stereo - 12v Single DIN Style Boat in Dash Radio Receiver System with Digital LCD, RCA, MP3, USB, SD, AM FM Radio - Remote Control, Wiring Harness (Black)", "tags": "Single Din Car Stereos Bluetooth Satellite Radio All Pyle Speakers Marine Stereo Bundles", "relevancy_score": 21.468914285714284, "price": "$39.99"}, {"title": "Pyle 8\" 1600W DVC 4-Ohm Car Audio Subwoofer Speaker Set, 2pk | PLPW8D", "tags": "Component Speakers Car Subwoofers InstallerNet 10\" Subwoofer Pyle Kicker 12\"", "relevancy_score": 29.491031578947368, "price": "$36.99"}, {"title": "DC 5.5x2.1mm Car Charger 12V 12-Volt 24V 24-Volt Cigarette Lighter Power Supply Adapter Charger Cable for Car Truck Bus Van Boat", "tags": "Lighting Accessories Car Audio Temperature Switches/ Control Modules Power Adapters Radar Detectors Code Readers and Scan Tools Exterior Decorative", "relevancy_score": 5.105883870967742, "price": "$4.47"}, {"title": "Smart Key Finder, EEEkit Mini Wireless Locator Anti-Lost Bluetooth Tracker for Key/Phone/Wallets/Purse/Luggage and Bags with APP Control, GPS Smart Tracking Finder Auto Car Pets Kids Tracker", "tags": "Auto GPS Units IFTTT Compatible All Garmin Products Trackers Handheld Google Home Only at Walmart Electronics", "relevancy_score": 4.1984, "price": "$7.47"}, {"title": "Crunch 4 Channel 1000 Watt Amp A/B Class Car Stereo Amplifier | PX-1000.4", "tags": "Monoblock Amplifiers 2 Channel Marine 4 Dual Car Pioneer Amplifier Wiring", "relevancy_score": 16.468914285714284, "price": "$60.00"}, {"title": "Scosche GM2000SW - 03+ GM CL2 Interface", "tags": "Automotive Electrical Car Audio Accessories Single Din Stereos Dash Kits All Auto Wiring Harnesses Antennas & Antenna Adapters", "relevancy_score": 98.1887076923077, "price": "$39.97"}, {"title": "Humminbird Helix 7 Chirp Mega SI GPS G3 Nav+ Fishfinder 410950-1NAV", "tags": "Ice Fishing Flashers Garmin Fish Finder Lowrance Units Transducers Marine GPS Electronics Accessories Covers", "relevancy_score": 22.468914285714284, "price": "$757.51"}, {"title": "4\" Dual Lens Car DVR Camera Dash Cam Dashboard Camera Video Rear Recorder G-Sensor HD 1080P", "tags": "Auto Safety Accessories Garmin - Dash Cams & Navigation Car DVD Players and Screens Backup Cameras RV Patio Furniture Radar Detectors Pilot Automotive Inc. Rear View Mirrors", "relevancy_score": 27.920994594594596, "price": "$33.99"}, {"title": "60W Car Inverter Cigarette Lighter Adapter Converter Power 110-240V To DC 12V 5A", "tags": "Automotive Electrical Adapters & Converters on Advance Auto Parts Shop Coolers Car Power Mounts Tire Inflators All Accessories", "relevancy_score": 20.347066666666663, "price": "$12.95"}, {"title": "Agoz Phone Holder Adjustable Stand Clip Clamp Flexible Mount on Table Bed Office Kitchen for Samsung Galaxy S7 Edge S7 Active, Note 5 4, A6, S6 Edge, J7 V, J7 Sky Pro, Perx Prime Star, J3 Orbit Emerge", "tags": "", "relevancy_score": 5.105883870967742, "price": "$14.98"}, {"title": "NOCO GC019 12-Foot 12V Adapter Plug Socket Extension Cable", "tags": "Car Battery Chargers Power Adapters Sources All Auto Accessories Schumacher Jump Starters & Converters Inverters", "relevancy_score": 54.78064390243903, "price": "$10.51"}, {"title": "Car Charger Fast Charge with Micro USB / Type-C Cable for Android Samsung", "tags": "Lighting Accessories Car Audio Temperature Switches/ Control Modules Power Adapters Code Readers and Scan Tools Trailer & Towing on Advance Auto Parts Shop Exterior Decorative", "relevancy_score": 0.0, "price": "$7.97"}, {"title": "Car Mount \u2013 Air Vent Car Holder \u2013 Car Phone Mount for iPhone 11/11 Pro XS X 8 7 6 5 plus and any Android Cell Phone \u2013 Phone Holder for Car \u2013 Universal Vent Mount for Men and Women \u2013 Air Vent Holder", "tags": "Scosche Phone Car Holders Dashboard Cup All Magnetic Windshield Wireless Charging Holder", "relevancy_score": 28.691031578947367, "price": "$5.99"}, {"title": "Jeep Cherokee Master Power Window Switch 1997-2001 (1997 1998 1999 2000 2001)", "tags": "Lighting Accessories Car Audio Temperature Switches/ Control Modules Power Adapters Code Readers and Scan Tools Trailer & Towing on Advance Auto Parts Shop Exterior Decorative", "relevancy_score": 5.105883870967742, "price": "$19.00"}, {"title": "WALFRONT 12V 24V 8 Gang Car Boat LED Rocker Switch Control Panel Dual USB Voltmeter Cigarette Lighter, 8 Gang LED Switch Panel, Car Switches Panel", "tags": "Lighting Accessories Car Audio Temperature Switches/ Control Modules Power Adapters Code Readers and Scan Tools Trailer & Towing on Advance Auto Parts Shop Exterior Decorative", "relevancy_score": 0.0, "price": "$52.98"}, {"title": "Metra 72-6515 - Vehicle Specific Speaker Wiring Harness For Select Chrysler, Dodge Vehicles", "tags": "Automotive Electrical Steering Wheel Interfaces Car Speaker & Subwoofer Wiring Single Din Stereos Dash Kits Double Antennas Antenna Adapters", "relevancy_score": 0.0, "price": "$8.50"}, {"title": "MB Quart FSB216 Formula Series 6.5\" Component Speaker System", "tags": "6\" x 9\" Car Speakers Component 5.25\" 6.5\" Tweeters Coaxial Pyle", "relevancy_score": 0.0, "price": "$46.60"}, {"title": "INSTALL CENTRIC ICGM8BN GM 1992-12 Double DIN Complete Car Stereo Installation Kit", "tags": "Automotive Electrical Steering Wheel Interfaces Car Audio Accessories Bluetooth Stereos Dash Kits Double Din All", "relevancy_score": 16.468914285714284, "price": "$18.54"}, {"title": "Scosche Universal Bluetooth Hands-Free Car Kit with FM Transmitter", "tags": "", "relevancy_score": 92.65884444444443, "price": "$29.88"}, {"title": "Side Mirror Puddle Light LED Lamp Compatible with Ford F150 Explorer Edge Expedition Flex Fusion Taurus X, 6000K White, 2-Pieces", "tags": "Lighting Accessories Car Audio Temperature Switches/ Control Modules Power Adapters Code Readers and Scan Tools Trailer & Towing on Advance Auto Parts Shop Exterior Decorative", "relevancy_score": 54.93782857142857, "price": "$12.89"}, {"title": "Pyle\u00ae Power Series Dual-voice-coil 4ohm Subwoofer (12, 1,600 Watts)", "tags": "15\" Car Subwoofer Subwoofers Pioneer 10\" 8\" Pyle Kicker 12\"", "relevancy_score": 121.6412, "price": "$40.94"}, {"title": "MaxC Wireless Car Charger Mount, Automatic Clamping 10W/7.5W Qi Fast Charging 5W Car Mount Holder Dashboard Compatible with iPhone Xs/Xs Max/XR/X/8/8 Plus,Galaxy S10/S10+/S9/S9+/S8/S8+/Note 9/Note", "tags": "Vent Phone Car Holders Cup All iOttie Magnetic Windshield Mpow", "relevancy_score": 50.8206, "price": "$25.99"}, {"title": "Directv H25 Power Supply Replacement", "tags": "Automotive Electrical Car Audio Accessories RV Extension Cords Replacement Parts All Auto Exterior Adapters and Surge Protectors", "relevancy_score": 10.20515, "price": "$6.75"}, {"title": "Metra 72-6514 Speaker Harnesses For Chrysler/Dodge", "tags": "6\" x 9\" Car Speakers Speaker & Subwoofer Wiring Audio Accessories Temperature Switches/ Control Modules InstallerNet Coaxial Adapters", "relevancy_score": 26.347066666666663, "price": "$8.50"}, {"title": "Power Acoustik OD15000D 5000W Max Class D Monoblock Amplifier", "tags": "", "relevancy_score": 0.0, "price": "$119.99"}, {"title": "Universal Durable Black Silicone Gel Car Dashboard Phone GPS Mount Holder Anti-slip Sticky Pad Mat For Smart Mobile Cell Phone", "tags": "Vent Phone Car Holders Scosche Cup All Magnetic Windshield Mpow", "relevancy_score": 0.0, "price": "$8.46"}, {"title": "Aduro Lounger Universal Multi-Purpose/ Neck Phone Mount Pink", "tags": "Connected Dorm Room Tax Free Apparel Tech & School Supplies Mother's Day Electronics Gifts Audio Shop All for Grads Last Minute", "relevancy_score": 67.09413333333333, "price": "$8.99"}, {"title": "Power Acoustik VA1-10000D Vertigo Series 10,000-Watt Max Monoblock Class D Amp", "tags": "Marine Amplifiers Car Subwoofers 4 Channel InstallerNet Pioneer Equalizers and Crossovers", "relevancy_score": 5.105883870967742, "price": "$179.95"}, {"title": "C. Crane SoftSpeaker-2 Pillow Speaker with Volume Control", "tags": "6\" x 9\" Car Speakers 6.5\" Tweeters CB Radios & Scanners InstallerNet Coaxial Pioneer Pyle", "relevancy_score": 30.547066666666666, "price": "$24.99"}, {"title": "Agoz FAST Charge Dual Port Car Charger Adapter For LG LG K40, K30, K20 V, K20 Plus, K10, Rebel, Aristo 3 / 2, Zone 4, X Power 2, Fiesta 2, X Charge, X Venture, V10, G4, K8 + MICRO USB Cable", "tags": "All Phone Cables Micro USB Cable Scosche Car Holders Chargers Wall Power Adapters Samsung Accessories", "relevancy_score": 16.386164705882354, "price": "$7.98"}, {"title": "Pyle PLATV65BT.5 - Waterproof Marine Bluetooth Amplified Speakers, Built-in Multi-Color LED Lights, 6.5'' Speakers, 800 Watt (For Marine Watercraft, Off-Road Vehicles, ATV, UTV, Golf Cart)", "tags": "Component Speakers 6.5\" Car Pyle ATV Sound Systems Amplifiers Marine", "relevancy_score": 3.105883870967742, "price": "$125.52"}, {"title": "Telescopic FM Radio Antenna 4 Sections Chromium-plating Copper Antenna 360\u00b0 Rotatable", "tags": "Marine Bulk Buys Antenna Toppers All Car Decoration CB Radios & Scanners Auto Accessories Stereos Antennas Adapters", "relevancy_score": 24.468914285714284, "price": "$4.99"}, {"title": "STANLEY 120-Watt Power Inverter (PCA120)", "tags": "Automotive Electrical Adapters & Converters on Advance Auto Parts Shop Stanley Jump Starters Battery Chargers Car Power Sources", "relevancy_score": 82.78725106382979, "price": "$20.65"}, {"title": "Pyle\u00ae Blue Label Speakers (6.5\", 3 Way)", "tags": "Component Speakers 6.5\" Car Tweeters Coaxial Pioneer Pyle Subwoofers", "relevancy_score": 54.93782857142857, "price": "$24.16"}, {"title": "Power Acoustik Single Din Audio Head Unit, 2 Speakers and 2 Tweeters Bundle", "tags": "Car Tweeters Single Din Stereos Bluetooth XO Vision Speakers All Blaupunkt Stereo Bundles", "relevancy_score": 0.0, "price": "$39.99"}, {"title": "Universal Car Steering Wheel Clip Mount Holder For Mobile Phone GPS Cradle Stand", "tags": "", "relevancy_score": 9.2984, "price": "$6.98"}, {"title": "Q Power 12-Inch Sealed Slim Shallow Truck Subwooofer Box Enclosure | TW12-SINGLE", "tags": "Car Audio Accessories 15\" Subwoofer Subwoofers InstallerNet Speakers 10\" Enclosures & Sound Deadening Kicker", "relevancy_score": 4.20515, "price": "$25.99"}, {"title": "43KM654LCW KICKER 6.5\" Marine Coaxial Speakers with 3/4\" Tweeters, LED Grillles, Pair, 4-Ohm", "tags": "Boat Bimini Tops Bilge Pumps Igloo Coolers Marine Radios Electronics Accessories", "relevancy_score": 0.0, "price": "$129.49"}, {"title": "BOSS Audio CH4620 200 Watt (Per Pair), 4 x 6 Inch, Full Range, 2 Way Car Speakers (Sold in Pairs)", "tags": "6\" x 9\" Car Speakers Component 6.5\" Kicker InstallerNet Coaxial Pyle", "relevancy_score": 169.1516972972973, "price": "$26.99"}, {"title": "Anker R53760Z11 ROAV Bolt 2-Port USB Car Charger with Google Assistant - Black", "tags": "iPhone Batteries Battery Packs and Power Belkin Phone Car Accessories Chargers All Anker Banks Cables", "relevancy_score": 34.057476923076926, "price": "$31.95"}, {"title": "360 Degree Laser Detection Radar Detectors for Cars, Voice Alert and Car Speed Alarm System with LED Display, City/Highway Mode Radar Detector", "tags": "Gauges & Monitoring Marine Bulk Buys Speedometers CB Radios Scanners Dash Cams Performance ECU Tuning Power Converters Car Radio Antennas", "relevancy_score": 0.0, "price": "$18.99"}, {"title": "Anker 24W 4.8A Dual USB Car Charger PowerDrive 2 for iPhone 6/6s/6 Plus, Note 5, iPad Air 2, Galaxy S7/S6/S6 Edge/Edge+, Note 5 and More", "tags": "Lighting Accessories Car Audio Temperature Switches/ Control Modules Power Adapters Code Readers and Scan Tools Trailer & Towing on Advance Auto Parts Shop Exterior Decorative", "relevancy_score": 102.15157647058824, "price": "$11.99"}, {"title": "2-Port Dual USB 3.1A Car Charger Adapter for iPhone 6 6S Plus SE 7 7+ XS X 8 8+ iPad Mini Air Pro / Samsung Galaxy S9 S8 S10 S10e Tab S7 S6 S5 Note 8 5 LG Stylo 4 Moto Z3 Smartphone Android, by Borz", "tags": "Shop all Wireless Chargers Vent Phone Car Holders Dashboard All Samsung Accessories Windshield Charging Holder", "relevancy_score": 15.2984, "price": "$4.99"}, {"title": "Whistler XP3000i Power Inverter: 3000 Watt Continuous / 6000 Watt Peak Power", "tags": "Battery Accessories Automotive Electrical Adapters & Converters on Advance Auto Parts Shop Car Power RV Replacement and Surge Protectors", "relevancy_score": 29.347066666666663, "price": "$286.48"}, {"title": "DieHard\u00ae Standard Power Booster Cable", "tags": "Jumper Cables Stanley Jump Starters & Battery Chargers Power Sources Replacement Auto Parts Schumacher Emergency Roadside Kits EverStart", "relevancy_score": 10.20515, "price": "$16.11"}, {"title": "Blaupunkt AMP1504 Car Full-Range Amplifier 1500W 4-Channel Black Color", "tags": "Monoblock Amplifiers 2 Channel Marine 4 InstallerNet Dual Car Amplifier Wiring", "relevancy_score": 50.137828571428564, "price": "$65.92"}, {"title": "Nite Ize STCK-11-R8 Steelie Car Mount Kit", "tags": "Gun Holsters Headlamps Camping Storage Bike Lights LED Lanterns Tactical Flashlights Straps & Cords", "relevancy_score": 544.4511692307692, "price": "$29.99"}, {"title": "Uniden DC115 Dash Camera", "tags": "Auto Safety Accessories Garmin - Dash Cams & Navigation Wireless Backup Cameras Car DVD Players and Screens Radar Detectors Pilot Automotive Inc. Rear View Mirrors", "relevancy_score": 82.6412, "price": "$32.95"}, {"title": "Unisar TV Listener J3 Infrared Wireless Headphones", "tags": "Over-Ear and On-Ear Headphones Wireless Bluetooth Sony Sennheiser JVC RCA Refurbished Noise Cancelling", "relevancy_score": 2353.938224304539, "price": "$48.95"}, {"title": "Boss Audio Systems AVA-AR1600.4 ARMOR 4-Channel 1600-Watt Mosfet Amplifier", "tags": "Monoblock Amplifiers 2 Channel Marine 4 Dual Car Boss Amplifier Wiring", "relevancy_score": 10.20515, "price": "$79.99"}, {"title": "QPower QSBASS12 Single 12\" Vented Slot Ported Subwoofer Sub Enclosure Box", "tags": "Car Audio Accessories 15\" Subwoofer Subwoofers Speakers 10\" Enclosures & Sound Deadening Pyle 12\"", "relevancy_score": 89.43090000000001, "price": "$37.99"}, {"title": "BrickHouse Security 4G LTE TrackPort OBD-II Plug and Play Car GPS Tracker with Real-Time Tracking of Vehicles, Cars, Trucks, Teens, Elderly, Kids. No Battery Required.", "tags": "Auto GPS Units Surveillance Cameras Wireless Smart Pet Monitors Equipment Handheld Accessories", "relevancy_score": 25.74706666666667, "price": "$29.95"}, {"title": "AUTO-VOX TD-2 Digital Wireless Backup Camera Kit, Rear view Camera kit with 4.3'' TFT Monitor. Waterproof IP 68 Digital Camera with good Night Vision Display Guide Lines For Car/SUV/Van", "tags": "Backup Cameras with Mirror Monitors Wireless Car DVD Players and Screens InstallerNet Dash Cams RV Camera Systems Rear View Mirrors", "relevancy_score": 0.0, "price": "$95.99"}, {"title": "Fits Toyota Matrix 2003-2004 Double DIN Stereo Harness Radio Install Dash Kit", "tags": "Automotive Electrical Car Speaker & Subwoofer Wiring Audio Accessories Single Din Stereos Dash Kits All Auto Antennas Antenna Adapters", "relevancy_score": 0.0, "price": "$27.99"}, {"title": "Innovera Telephone Shoulder Rest, Gel Padded, Black", "tags": "Dry Erase Markers Glue Sticks Shop School Supplies by Color Pencil Erasers & Pen Office Bulk Buys All Phones Pocket Folders Kids Scissors", "relevancy_score": 21.491031578947368, "price": "$8.87"}, {"title": "Planet Audio 12 Inch 1800W Car Audio Power Single Subwoofer DVC 4 Ohm | AC12D", "tags": "15\" Car Subwoofer Subwoofers Pioneer 10\" 8\" Pyle Kicker 12\"", "relevancy_score": 75.02443773584906, "price": "$48.58"}, {"title": "Garmin BC 40 Wireless Backup Camera", "tags": "Garmin Auto - Dash Cams & Navigation Backup Cameras with Mirror Monitors InstallerNet RV Camera Systems Rear View Mirrors", "relevancy_score": 10.20515, "price": "$139.95"}, {"title": "Battery Disconnect Switch, 12V Battery Isolator Switch with Copper Contacts, 2 Post 125 Amps Cut Shut off Switch for Car Auto Truck RV Marine Boat ATV", "tags": "Lighting Accessories Car Audio Temperature Switches/ Control Modules Power Adapters Code Readers and Scan Tools Trailer & Towing on Advance Auto Parts Shop Exterior Decorative", "relevancy_score": 5.105883870967742, "price": "$16.69"}, {"title": "TSV 2 Socket Cigarette Lighter Splitter Dual LED USB Car Charger Adapter, Voltage Monitor, Independent On/Off Switch for Cigar Socket", "tags": "Battery Accessories Car Power Adapters Fog/Driving Lights Lighting and Lamps Sources All Converters Fog & Driving", "relevancy_score": 25.468914285714284, "price": "$17.97"}, {"title": "4\" Dual Lens Car DVR Camera Dash Cam Dashboard Camera Video Rear Recorder G-Sensor Night Vision HD 1080P", "tags": "Auto Safety Accessories Garmin - Dash Cams & Navigation Backup Cameras with Mirror Monitors Car DVD Players and Screens Radar Detectors Pilot Automotive Inc. Rear View Mirrors", "relevancy_score": 9.468914285714286, "price": "$34.49"}, {"title": "360\u00b0 Rotation Car Windshield Windscreen Suction Cup Mount Holder with Bracket Cradle for Garmin GPS Nuvi 57LM 58LM GPS Sat Nav", "tags": "Vent Phone Car Holders Dashboard Cup All iOttie Magnetic Mpow", "relevancy_score": 5.105883870967742, "price": "$12.98"}, {"title": "ExpertPower 7.2v 2000mAh NiMh High Capacity Two_way Radio Battery for Kenwood KNB_25 KNB_26 TK_2140 TK_3140 TK_2148 TK_3148 T", "tags": "Pyle Car Stereos Single Din Bluetooth InstallerNet Satellite Radio Double Pioneer Blaupunkt", "relevancy_score": 0.0, "price": "$40.00"}, {"title": "Belkin MIXIT iPhone 12W Home Car Charger 4' Cable Lightning Cable Bundle - Gold", "tags": "All Phone Cables Belkin Car Accessories Chargers Batteries Battery Packs and Power Adapter Lightning Cable", "relevancy_score": 17.468914285714284, "price": "$14.99"}, {"title": "Pioneer DEH-S1200UB Single-DIN In-Dash CD Player with USB Port", "tags": "Kenwood Car Stereos 5.25\" Speakers Single Din Bluetooth All Pioneer JVC", "relevancy_score": 0.0, "price": "$84.99"}, {"title": "Whistler WS1025 Analog Desktop Radio Scanner & WS1010 Analog Handheld Radio Scanner 1010", "tags": "Automotive Electrical Marine Bulk Buys All Car Decoration Radar Detectors Auto Accessories Antennas & Antenna Adapters Radio", "relevancy_score": 18.386164705882354, "price": "$189.99"}, {"title": "FM Antenna for Stereo Receiver Indoor, EEEkit FM Radio Antenna 75 Ohm/300Ohm Type Coaxial Cable Wire Antenna for Yamaha Onkyo Denon etc Table Top Home Stereo Receiver Radio Receiver Antenna", "tags": "Antenna Signal Amplifiers HDMI Splitters RCA TV Antennas CD/DVD Drives Coaxial Cables Cobra Electronics onn. & Video Accessories", "relevancy_score": 5.105883870967742, "price": "$8.97"}, {"title": "OEM Fast USB C Car Charger, Compatible for Samsung Galaxy S20/S20 Plus/S20 Ultra/S10+/S10e/S9/S8 Active/Note 10/Note 9/8/A20/A50/A70, Dual USB Adaptive Fast Car Charger with Type C Cable", "tags": "Samsung Phone Chargers Micro USB Cable Cables and Adapters All Wall Power Car", "relevancy_score": 3.105883870967742, "price": "$14.95"}, {"title": "Weather- Universal Cup Cup Holder Car Mount for Cell Phone Adjustable -Tech", "tags": "Vent Phone Car Holders Scosche Dashboard All Magnetic Windshield Mpow", "relevancy_score": 13.1984, "price": "$15.77"}, {"title": "Verizon Coiled Car Charger with Micro-USB Connector and Extra USB Port - Black", "tags": "Shop all Wireless Chargers Charging Pad Anker Phone Accessories Wall Power Adapters", "relevancy_score": 15.2984, "price": "$6.11"}, {"title": "Cup Holder Phone Mount Universal Adjustable Gooseneck Cup Holder Cradle Car Mount for Cell Phone iPhone Xs/XS Max/X/8/7 Plus/Galaxy", "tags": "Vent Phone Car Holders Scosche Dashboard All Magnetic Windshield Mpow", "relevancy_score": 18.386164705882354, "price": "$13.99"}, {"title": "Pyle PLMRLEWB47BB 4 Inch 300 Watt Bluetooth Marine Tower Speaker System, Pair", "tags": "6.5\" Car Speakers Motorcycle Pyle ATV Sound Systems Amplifiers Marine", "relevancy_score": 5.105883870967742, "price": "$89.99"}, {"title": "$10 SIM Card for GSM GPS Tracker Pet Senior Kid Child Car Vehicle Smart Watches Tracking Device - USA Canada & Mexico Roaming", "tags": "Auto GPS Units IFTTT Compatible All Garmin Products Trackers Voice Recorders Handheld Only at Walmart Electronics", "relevancy_score": 21.468914285714284, "price": "$13.99"}, {"title": "Double DIN In-Dash Car Stereo Receiver w/ 6.5\" LCD Screen", "tags": "Android Auto Compatible Stereos Apple CarPlay Bluetooth Car Power Acoustik Double Din All Pioneer Blaupunkt", "relevancy_score": 0.0, "price": "$189.95"}, {"title": "Power Acoustik BAMF 152 3,800W BAMF Series 15\" Dual 2-1/2 Subwoofer", "tags": "Monoblock Amplifiers 15\" Car Subwoofer Subwoofers InstallerNet 10\" 8\" Pyle 12\"", "relevancy_score": 45.75747692307692, "price": "$147.99"}, {"title": "Scosche NN032 - 82-UP Nissan Car Stereo Connector", "tags": "Steering Wheel Interfaces Temperature Switches/ Control Modules Dash Kits Car Speakers All Auto Accessories Wiring Harnesses Antennas & Antenna Adapters", "relevancy_score": 26.347066666666663, "price": "$10.97"}, {"title": "Scosche Kpa8ccsd 680-watt 8-gauge Car Amplifier Installation Kit", "tags": "Automotive Electrical Car Speaker & Subwoofer Wiring Audio Accessories Temperature Switches/ Control Modules InstallerNet Speakers Amplifier", "relevancy_score": 10.20515, "price": "$24.98"}, {"title": "Pyramid PB715X 1000W 2 Channel Car Audio Amplifier Power Amp MOSFET 2 Ohm", "tags": "Monoblock Amplifiers 2 Channel Marine Car Subwoofers 4 Amplifier Wiring Equalizers and Crossovers", "relevancy_score": 54.29235348837209, "price": "$69.99"}, {"title": "Car Rear View Camera, TSV 5inch Wireless Backup Camera HD Rear View Reversing Camera Car Cam with 9LEDs, IP67 Waterproof", "tags": "Backup Cameras with Mirror Monitors Car DVD Players and Screens InstallerNet Dash Cams RV Camera Systems Rear View Mirrors", "relevancy_score": 10.20515, "price": "$42.97"}, {"title": "3 Pin Electrical Connectors Waterproof Car Part Way Sealed Electrical Wire Auto Connector Plug Set", "tags": "Lighting Accessories Car Audio Temperature Switches/ Control Modules Power Adapters Code Readers and Scan Tools Trailer & Towing on Advance Auto Parts Shop Exterior Decorative", "relevancy_score": 0.0, "price": "$6.83"}, {"title": "Bravo View IH-03A MKII - Kid-Friendly Automotive IR Wireless Headphones (Single Source)", "tags": "Automotive Electrical Temperature Switches/ Control Modules Car DVD Players and Screens Overhead Headrest All Auto Accessories Enclosures & Sound Deadening Headphones", "relevancy_score": 31.35747692307692, "price": "$19.99"}, {"title": "Power Acoustik PTID-8920B - DVD receiver - display - 7\" - in-dash unit - Single-DIN - 50 Watts x 4", "tags": "Pyle Car Stereos Single Din Bluetooth DVD Players and Screens XO Vision Power Acoustik Double All", "relevancy_score": 188.23591898734176, "price": "$125.95"}, {"title": "Insten 2 Port USB Car Charger Adapter 2A for iPhone 11 / 11 Pro / 11 Pro Max 7 Plus 8 X XR XS Max 6s 6 Samsung Galaxy Note 8 S9 S8 S10 Plus S10e Edge S7 S6 J7 J3 LG V30 G6 Stylo 3 K7 K8v K20 ZMAX Pro", "tags": "Shop all Wireless Chargers Charging Pad onn. Phone and Power Adapters Belkin Batteries Battery Packs Wall Car", "relevancy_score": 16.468914285714284, "price": "$5.69"}, {"title": "BESTEK MRI4011IU Black-Red 400W Power Inverter DC 12V to AC 110V Car Adapter with 5A 4 USB Charging Ports", "tags": "Automotive Electrical Adapters & Converters on Advance Auto Parts Shop Car Audio Accessories Temperature Switches/ Control Modules Power RV and Surge Protectors", "relevancy_score": 26.347066666666663, "price": "$39.99"}, {"title": "Original Samsung Note 9 Adaptive Fast Wall Charger with Type-C Cable Compatible with other Samsung Galaxy S9, Galaxy S9 Plus, Galaxy S8 (Wall + Car Charger + 2 x Type-C Cables)", "tags": "Samsung Phone Chargers All Cables Anker Accessories and Adapters", "relevancy_score": 0.0, "price": "$19.99"}, {"title": "Universal Shark Fin Shape Car Roof AM FM Radio Signal Aerial Antenna Gray", "tags": "Lawn Mower Starter and Alternators Antenna Toppers All Car Decoration Replacement Auto Parts Antennas & Adapters Radio Carbon Fiber", "relevancy_score": 0.0, "price": "$9.99"}, {"title": "Garmin DriveSmart 65 Premium Navigator w/ Bundle with Deco Gear Universal Weighted GPS Dash-Mount and Deco Gear Hard EVA Case", "tags": "Auto GPS Units IFTTT Compatible All Garmin Products Trackers Handheld Google Home Only at Walmart Electronics", "relevancy_score": 0.0, "price": "$219.00"}, {"title": "willkey Quick Charger Dual USB Car Charger 3-Way Cigarette Lighter Socket Splitter Adapter", "tags": "", "relevancy_score": 0.0, "price": "$15.99"}, {"title": "PYLE PLMRKT48BK - Marine Head Unit Receiver Speaker Kit - in-Dash LCD Digital Stereo Built-in Bluetooth & Microphone w/AM FM Radio System 6.5\u2019\u2019 Waterproof Speakers (4) MP3/SD Readers & Remote Control", "tags": "Car Speaker & Subwoofer Wiring 5.25\" Speakers Pyle Stereos Single Din All Marine Stereo Bundles", "relevancy_score": 5.105883870967742, "price": "$77.49"}, {"title": "HART 20-Volt Power Source/Inverter (Battery Not Included)", "tags": "Car Polishers Adapters & Converters on Advance Auto Parts Shop Power Tools Automotive Hand Boat Tire Inflators Polish", "relevancy_score": 109.45884444444444, "price": "$59.00"}, {"title": "JBL GT7-96 6\" x 9\" 3-Way 210-Watt Peak Power Car Audio Loud Speakers (Pair)", "tags": "Component Speakers 6.5\" Car Kicker Kenwood InstallerNet Coaxial Pioneer", "relevancy_score": 28.74706666666667, "price": "$51.41"}, {"title": "Axxess LC-GMRC-LAN-01 GM 29-Bit Lan Data Interface", "tags": "Automotive Electrical Car Audio Accessories Temperature Switches/ Control Modules Single Din Stereos All Auto Wiring Harnesses Antennas & Antenna Adapters", "relevancy_score": 0.0, "price": "$36.99"}, {"title": "SiriusXM SXPL1H1 Onyx Plus Satellite Radio with Home Kit with Free 3 Months Satellite and Streaming Service", "tags": "Portable Audio Sports & Action Camcorders Mirrorless Cameras Sony All MP3 Players SIRIUS XM Satellite Radio Receivers Amplifiers Home Theater Systems", "relevancy_score": 47.737828571428565, "price": "$49.99"}, {"title": "JBL CLUB6500C 6.5\" 360W Club Series 2-Way Component Car Speaker", "tags": "6\" x 9\" Car Speakers 6.5\" Tweeters Kenwood InstallerNet Coaxial Pioneer", "relevancy_score": 14.398400000000002, "price": "$73.00"}, {"title": "Uniden CMX760 40-Channel Off-Road Compact CB Radio", "tags": "Automotive Electrical Marine Bulk Buys All Car Decoration Radar Detectors Auto Accessories Antennas & Antenna Adapters Radio", "relevancy_score": 20.468914285714284, "price": "$99.99"}, {"title": "Whistler TRX-2 - Digital Radio Scanner", "tags": "Marine Bulk Buys All Car Decoration Radar Detectors Eldorado Tires Auto Accessories Antennas & Antenna Adapters Radio", "relevancy_score": 24.547066666666666, "price": "$479.99"}, {"title": "Cup Holder Phone Mount for Car Universal 360\u00b0 Adjustable Car Mount for iPhone 11 Pro Max/11Pro/11/Xs/Xs Max/Xr/8/7/6S/6 Plus/iPod Touch/Note 10+/Note 10/S10+/S10", "tags": "iPad Cases, Sleeves & Bags Samsung Galaxy Tab Accessories Stands Tablet Car Mounts Studio Lighting Cables, Adapters, Chargers Cases", "relevancy_score": 34.057476923076926, "price": "$12.98"}, {"title": "Pyle PLG64 6.5\" 300 Watt Car Mid Bass/Midrange Subwoofer Sub Power Speaker", "tags": "All Portable Speakers Wireless Home Computer Receivers & Amplifiers Smart Bluetooth Sony JBL", "relevancy_score": 146.1552695652174, "price": "$17.99"}, {"title": "Cobra CPI490 400W Compact Power Inverter - Mfr. Refurbished", "tags": "Battery Accessories Adapters & Converters on Advance Auto Parts Shop Stanley Jump Starters Chargers Car Power RV Electrical Sources", "relevancy_score": 0.0, "price": "$24.99"}, {"title": "Car Charger USB Car Cigarette Lighter Adapter Chargers Wireless In-Car Bluetooth FM Transmitter MP3 Radio Adapter Car Kit USB Charger", "tags": "Lighting Accessories Car Audio Temperature Switches/ Control Modules Power Adapters All Auto Code Readers and Scan Tools Exterior Decorative", "relevancy_score": 6.20515, "price": "$10.97"}, {"title": "DODGE 1994 - 2001 RAM 1500 CAR RADIO STEREO CD PLAYER DASH INSTALL MOUNTING KIT HARNESS", "tags": "Car Audio Accessories Single Din Stereos Bluetooth XO Vision Dash Kits All Auto Wiring Harnesses", "relevancy_score": 13.1984, "price": "$36.99"}, {"title": "AboveTEK Suction Cup Cell Phone Holder, Large Sticky Pad Tablet Mount on Kitchen Desk Office Window Bathroom Mirror Car Windshield, Swivel Smartphone Tablet Stand 4-11\" iPhone 5 6 7 iPad Mini Air Pro", "tags": "Docking Stations & Locks Hard Drive Accessories iPad Cases, Sleeves Bags Stands Station All Tablet Studio Lighting Cases", "relevancy_score": 0.0, "price": "$35.00"}, {"title": "PYLE PLT85BTCM - Car Stereo Receiver System & Backup Camera Kit Touch-Screen Headunit Radio CD/DVD Player | Bluetooth Wireless Streaming | Hands-Free Talking | USB/MP3/AUX/AM/FM Radio | Single DIN", "tags": "Pyle Car Stereos Single Din Bluetooth InstallerNet XO Vision Power Acoustik Double All", "relevancy_score": 22.74706666666667, "price": "$146.99"}, {"title": "Planet Audio Torque 4000W Monoblock Class D Amplifier with Remote, TR4000.1D", "tags": "Monoblock Amplifiers 2 Channel Car Subwoofers 4 Pioneer Equalizers and Crossovers 12\" Subwoofer", "relevancy_score": 5.105883870967742, "price": "$167.33"}, {"title": "Autodrive 6 Inch LED Spot Mini Bar Light With Bracket", "tags": "Jeep Wrangler Light Bars Truck LED Lights Car Audio Accessories Fog/Driving All Auto Exterior Decorative Lighting", "relevancy_score": 50.380643902439026, "price": "$17.05"}, {"title": "Bluetooth 5.1 FM Transmitter for Car, Wireless Bluetooth Radio Transmitter Adapter Car Kit, Mp3 Bluetooth Player Plug-in Card FM Bluetooth Car Charger Bluetooth Player", "tags": "", "relevancy_score": 0.0, "price": "$10.99"}, {"title": "Outdoor 3.5mm External Antenna Signal Enhanced Booster Mobile Phone 5DBI Antenna", "tags": "", "relevancy_score": 0.0, "price": "$9.71"}, {"title": "2 In 1 Bluetooth 4.2 Receiver and Transmitter Bluetooth Wireless Adapter Audio With 3.5MM AUX Audio For Home TV MP3 PC;2 In 1 Bluetooth 4.2 Receiver and Transmitter Bluetooth Wireless Adapter", "tags": "", "relevancy_score": 0.0, "price": "$13.00"}, {"title": "Mini GPS Real Time Car Locator Tracker GSM/GPRS Tracking Device", "tags": "Auto GPS Units IFTTT Compatible All Garmin Products Trackers Handheld Google Home Only at Walmart Electronics", "relevancy_score": 0.0, "price": "$19.40"}, {"title": "Mini Magnetic GPS Tracker,Real Time Car Locator Tracker", "tags": "", "relevancy_score": 0.0, "price": "$19.87"}, {"title": "VicTsing Bluetooth FM Transmitter, Wireless In-Car Radio Adapter Hands-free Car Kit with TF Slot, U-Disk Port, AUX Input and USB Car Charger", "tags": "Portable Audio Networking Cables & Accessories Access Points, Hubs Switches Wireless Range Extenders Repeaters SIRIUS XM Satellite Radio Receivers Amplifiers onn.", "relevancy_score": 0.0, "price": "$29.99"}, {"title": "12V AM FM Signal Antenna Booster Signal amplifier With Noise Factor >2 For Truck", "tags": "Handcuffs Eyewear Retainers Thermometer Covers/Cases Monitor Physiological Response Cardio Output Bondage Ropes Brands", "relevancy_score": 8.20515, "price": "$10.49"}, {"title": "Scosche DT1 - DIN Radio Removal Tool", "tags": "Upholstery & Trim Tools Bearing Pullers Separators Single Din Car Stereos DVD Players and Screens Dash Kits All Auto Accessories Wiring Harnesses", "relevancy_score": 149.81266865671643, "price": "$5.77"}, {"title": "For Amazon Kindle Paperwhite Premium Combo Pack - Wall Charger + Car Charger + Micro USB Cable", "tags": "Samsung Phone Chargers All Cables Micro USB Cable Anker Accessories and Adapters", "relevancy_score": 9.20515, "price": "$7.95"}, {"title": "Universal Car Radio Antenna Hidden Windshield Adhesive Mount AM FM Radio Antenna for Vehicle Track SUV Stereo Audio Receiver CD Media Player Amplifier", "tags": "", "relevancy_score": 0.0, "price": "$8.69"}, {"title": "American International HYNK1137 2006-2008 for Hyundai Sonata Double Din Mounting Kit", "tags": "Automotive Electrical Car Audio Accessories Single Din Stereos Double All Auto Wiring Harnesses", "relevancy_score": 0.0, "price": "$13.50"}, {"title": "Anti-lost Bluetooth Smart Tracker Pet Child Wallet Key Locator GPS Finder Alarm", "tags": "Auto GPS Units IFTTT Compatible All Garmin Products Trackers Handheld Google Home Only at Walmart Electronics", "relevancy_score": 38.69235348837209, "price": "$13.85"}, {"title": "Vonets VAP11G-300 Wireless Portable WiFi Repeater/Bridge/AP Modes, Pocket Design 300mbps Multi-Functional AP Signal Booster, Plug & Play High Power WiFi Hotspot Extender Amplifier, USB Powered", "tags": "", "relevancy_score": 0.0, "price": "$10.99"}, {"title": "JVC Mobile CS-J6820 J Series Coaxial Speakers (6\" x 8\", 2 Way, 250 Watts)", "tags": "6\" x 9\" Car Speakers 5.25\" 6.5\" InstallerNet Pioneer Pyle 5\" 7\"", "relevancy_score": 0.0, "price": "$33.00"}, {"title": "Pyle PLMRMP3B 1200W 4-Channel Waterproof Micro Marine Amplifier Amp Stereo", "tags": "Monoblock Amplifiers 2 Channel 4 InstallerNet Pyle Car Speakers Amplifier Wiring ATV", "relevancy_score": 6.20515, "price": "$45.99"}, {"title": "Auto Drive Dual USB Car Charger, Black", "tags": "Car Audio Accessories Temperature Switches/ Control Modules Power Adapters All Stereos Mounts Code Readers and Scan Tools Exterior Decorative Lighting", "relevancy_score": 12.2984, "price": "$6.88"}, {"title": "TSV  4pcs 36 LED Multi-color Car Interior Lights Under Dash Lighting Waterproof Kit with Multi-Mode Change and Wireless Remote Control, Car Charger Included,DC 12V", "tags": "Interior Car Accessories Lighting Truck LED Lights and Lamps Light Strips Exterior Decorative", "relevancy_score": 2.20515, "price": "$13.97"}, {"title": "Workman RV1 CB Radio Antenna Single Groove Mirror Mount w/SO239 Stud", "tags": "Automotive Electrical Marine Bulk Buys All Car Decoration Radar Detectors Auto Accessories Antennas & Antenna Adapters Radio", "relevancy_score": 0.0, "price": "$8.99"}, {"title": "Minions Bt Speaker", "tags": "", "relevancy_score": 0.0, "price": "$19.82"}, {"title": "SCOSCHE GM3000SW Select 2004-Up GM LAN Stereo Replacement with Chime", "tags": "Automotive Electrical Steering Wheel Interfaces Bluetooth Car Stereos Dash Kits All Wiring Harnesses Antennas & Antenna Adapters", "relevancy_score": 29.480643902439027, "price": "$50.43"}, {"title": "Ford Expedition Lincoln Navigator 2003-2006 Harness", "tags": "Automotive Electrical Steering Wheel Interfaces Car Speaker & Subwoofer Wiring Single Din Stereos Dash Kits Double Antennas Antenna Adapters", "relevancy_score": 0.0, "price": "$19.99"}, {"title": "Chrysler 300 2005-2007 DIN/DDIN Radio Installation Kit", "tags": "Car Audio Accessories Single Din Stereos Double All Auto Wiring Harnesses Antennas & Antenna Adapters", "relevancy_score": 0.0, "price": "$36.95"}, {"title": "Soundstream TWT.5 1\" 100-Watt PEI Dome Tweeter", "tags": "Component Speakers 5.25\" Car Tweeters Kenwood Pioneer Pyle 5\" x 7\"", "relevancy_score": 9.20515, "price": "$11.99"}, {"title": "Pyle\u00ae Blue Label Speakers (4, 2 Way)", "tags": "Component Speakers 5.25\" Car 6.5\" Kenwood Coaxial Pioneer Pyle", "relevancy_score": 82.97276734693878, "price": "$23.79"}, {"title": "EEEkit Indoor FM Antenna 75 Ohm F Type Male Plug Connector Coax Coaxial Cable Wire for Table Top Home Stereo Radio Receiver Antenna Yamaha Sony boses Audio Sound System", "tags": "Outdoor Antennas Antenna Signal Amplifiers HDMI Splitters TV CD/DVD Drives Coaxial Cables Cobra Electronics onn. & Video Accessories", "relevancy_score": 15.2984, "price": "$12.47"}, {"title": "Car Phone Mount, Rotary Car Windshield Dashboard Suction Cup Magnetic Mount Holder For Cell Phones, Compatible with iPhone 11 pro,11 pro max,X,XS,XR,8,7,6 Plus,Galaxy S7,8,9,10, GPS and More", "tags": "Vent Phone Car Holders Scosche Cup All iOttie Magnetic Windshield Mpow", "relevancy_score": 79.85482105263158, "price": "$8.47"}, {"title": "Tile RE-20002 Pro 2020 Item Tracker (2-Pack) - Black/White", "tags": "Auto GPS Units All Tablet Accessories IFTTT Compatible RCA Garmin Trackers Handheld Google Home", "relevancy_score": 5.105883870967742, "price": "$57.99"}, {"title": "2002-2008 Dodge Ram Wire Harness for Radio Installation", "tags": "Windshield Covers Steering Wheel Interfaces Car Speaker & Subwoofer Wiring Audio Accessories Single Din Stereos Dash Kits Harnesses", "relevancy_score": 1.1058838709677419, "price": "$5.99"}, {"title": "Scosche Ventmount Universal Vent Smartphone/GPS Mount for the Car \u2013 2 Pack, Iuh3-2pkbpo", "tags": "Scosche Phone Car Holders Dashboard Cup All Magnetic Windshield Wireless Charging Holder", "relevancy_score": 0.0, "price": "$19.99"}, {"title": "Car Phone Mount Windshield , Long Arm Clamp TSV Universal Dashboard with Double Clip Strong Suction Cup Cell Phone Holder for iPhone 11 8 8 Plus X 7 7 Plus 6 6 Plus Galaxy S6 S7 S8 Google Huawei", "tags": "Vent Phone Car Holders Scosche Cup All iOttie Magnetic Windshield Mpow", "relevancy_score": 54.2444, "price": "$7.97"}, {"title": "RV Designer A115 Clear Glide Tape #9 - 72\"", "tags": "Car Audio Accessories Temperature Switches/ Control Modules Power Adapters RV Replacement Parts Code Readers and Scan Tools Exterior Decorative Lighting TVs Mounting Brackets", "relevancy_score": 0.0, "price": "$14.48"}, {"title": "Wilson 1000 Magnet Mount CB Radio Antenna 880-900800B With 62.5\" Whip New!!", "tags": "Portable Audio Antenna Signal Amplifiers HDMI Splitters Radios TV Antennas CD/DVD Drives Cobra Electronics onn. & Video Accessories", "relevancy_score": 45.75747692307692, "price": "$95.99"}, {"title": "SCOSCHE AXT12 - Antenna extension Cable - 12\"", "tags": "All Extension Cords Outlets Outdoor Indoor/Outdoor Wall Outlet Adaptors Duplex Plates Cord Reels Core Building Supplies Clearance Shelf", "relevancy_score": 39.89103157894737, "price": "$2.97"}, {"title": "Superior Electric RVA1503 30 Amp Male to 50 Amp Female Dogbone Adapter RV Electrical Converter Cord Cable", "tags": "RV Fresh Water Extension Cords Car Power Adapters Lighting and Lamps Sewer Hoses Replacement Parts Electrical Surge Protectors", "relevancy_score": 10.20515, "price": "$20.03"}, {"title": "dodge 2007 - 2013 avenger car cd stereo receiver dash install mounting kit wire harness and radio antenna adapter", "tags": "Steering Wheel Interfaces Car Audio Accessories Single Din Stereos Bluetooth Dash Kits Double Wiring Harnesses", "relevancy_score": 8.20515, "price": "$35.47"}, {"title": "Hopkins 90 Degree 5th Wheel Wiring Kit, Ford/GM", "tags": "RV Air Conditioner Covers Fifth Wheel Hitches Car Audio Accessories Temperature Switches/ Control Modules Extension Cords Interior Lights Brake Controllers Trailer & Towing on Advance Auto Parts Shop", "relevancy_score": 24.468914285714284, "price": "$42.61"}, {"title": "Progressive Dynamics PD9140AV Inteli-Power 9100 Series Converter/Charger - 40 Amp", "tags": "Automotive Electrical RV Batteries Car Battery Chargers Fresh Water Power Sources Exterior Accessories Converters Inverters", "relevancy_score": 35.62099459459459, "price": "$173.86"}, {"title": "Anker 24W 2-Port Car Charger", "tags": "Car Audio Accessories Temperature Switches/ Control Modules Power Adapters Mounts All Auto Code Readers and Scan Tools Exterior Decorative Lighting", "relevancy_score": 50.8206, "price": "$15.94"}, {"title": "Motorola Sonic Rider Bluetooth Car Kit Speakerphone", "tags": "Marine Bulk Buys Car Speaker & Subwoofer Wiring Audio Accessories Power Adapters CB Radios Scanners Dash Kits iPod and MP3", "relevancy_score": 31.8206, "price": "$29.99"}, {"title": "Fits Toyota Camry 2007-2011 Single DIN Stereo Harness Radio Install Dash Kit", "tags": "Automotive Electrical Steering Wheel Interfaces Car Speaker & Subwoofer Wiring Single Din Stereos Dash Kits Double Antennas Antenna Adapters", "relevancy_score": 0.0, "price": "$35.99"}]