[{"title": "Dial, DIA06060, Basics HypoAllergenic Foam Soap Refill, 1 Each, Green, 33.8 fl oz (1000 mL)", "tags": "New in Hand Soaps Mrs Meyers Soap Method Sanitizing Wipes Stock up on Wash Discover! Staff-Favorite Body Care Sanitizers", "relevancy_score": 165.00155492957745, "price": "$20.60"}, {"title": "Dial Antibacterial Liquid Hand Soap Refill, Gold, 52 Ounce", "tags": "New in Hand Soaps Softsoap Soap Method Sanitizing Wipes Stock up on Wash Discover! Staff-Favorite Body Care Sanitizers", "relevancy_score": 2370.436961797753, "price": "$3.97"}, {"title": "(2 pack) Equate Clear Hand Soap Refill, 56 Oz", "tags": "New in Hand Soaps Softsoap Soap Method Sanitizing Wipes Stock up on Wash All Toothpaste Sanitizers", "relevancy_score": 3562.069683582089, "price": "$7.68"}, {"title": "Softsoap Liquid Hand Soap Refill, Refreshing Citrus - 50 fluid ounces", "tags": "Hand Soaps Stock up on Body Wash Dove Personal Care Men's Softsoap Soap Women's", "relevancy_score": 4074.178750802139, "price": "$3.97"}, {"title": "(3 Pack) Dial Antibacterial Liquid Hand Soap with Moisturizer, Aloe, 7.5 Ounce", "tags": "New in Hand Soaps Softsoap Soap Method Sanitizing Wipes Stock up on Wash Discover! Staff-Favorite Body Care Sanitizers", "relevancy_score": 63.00326956521739, "price": "$5.92"}, {"title": "A La Maison - Liquid Hand Soap - Rosemary Mint - 33.8 Fl Oz.", "tags": "New in Hand Soaps Mrs Meyers Soap Method Bar Sanitizing Wipes Stock up on Wash Sanitizers", "relevancy_score": 0.0, "price": "$18.34"}, {"title": "Dial Antibacterial Liquid Hand Soap, Spring Water, 7.5 Ounce", "tags": "Stock up on Body Wash Softsoap Hand Soap Method Soaps Sanitizing Wipes Sanitizers", "relevancy_score": 71.0032695652174, "price": "$7.84"}, {"title": "Jergens xtra Moisturizing Hand Wash Refill, Classic Cherry Almond 16 oz", "tags": "Body Wash & Shower Gel Softsoap Hand Soap Method Soaps Bar Sanitizing Wipes Stock up on Sanitizers", "relevancy_score": 577.38752, "price": "$8.60"}, {"title": "(2 pack) Softsoap Liquid Hand Soap Refill, Milk & Golden Honey, 50 Oz", "tags": "Hand Soaps All Incontinence New in Softsoap Soap Method Sanitizers", "relevancy_score": 3517.267520822622, "price": "$7.94"}, {"title": "Dial Liquid Hand Soap, Coconut Water & Mango, 7.5 Ounce", "tags": "Men's Bath & Body New in Hand Soaps Mrs Meyers Soap Softsoap Method Sanitizing Wipes Stock up on Wash Sanitizers", "relevancy_score": 379.2779789473684, "price": "$0.98"}, {"title": "Dial, DIA06060, Basics HypoAllergenic Foam Soap Refill, 1 Each, Green, 33.8 fl oz (1000 mL)", "tags": "New in Hand Soaps Mrs Meyers Soap Method Sanitizing Wipes Stock up on Wash Discover! Staff-Favorite Body Care Sanitizers", "relevancy_score": 165.00155492957745, "price": "$20.60"}, {"title": "(Pack of 3) Dr. Jacobs Naturals Pure Castile Foaming Hand Soap, Lavender, 8 Oz", "tags": "Avalon Organics Body Care New in Hand Soaps Mrs Meyers Soap Method EO Everyone Stock up on Wash Discover! Staff-Favorite", "relevancy_score": 11.24777142857143, "price": "$5.38"}, {"title": "Mrs. Meyer's Clean Day Liquid Hand Soap Bottle, Lemon Verbena Scent, 12.5 fl oz", "tags": "New in Hand Soaps Mrs Meyers Soap Method Bar Sanitizing Wipes Stock up on Wash Discover! Staff-Favorite Body Care Sanitizers", "relevancy_score": 1059.3458782608695, "price": "$11.21"}, {"title": "Dove White Beauty Bar, 3.17 oz, 1 Bar", "tags": "Hand Soaps Stock up on Body Wash Dove Personal Care Bars Bar Soap + Men", "relevancy_score": 8870.607257589983, "price": "$1.27"}, {"title": "Dial Antibacterial Liquid Hand Soap, White Tea, 7.5 Ounce", "tags": "Stock up on Body Wash Men's Bath & Softsoap Hand Soap Method Soaps Sanitizing Wipes Sanitizers", "relevancy_score": 72.69376, "price": "$8.99"}, {"title": "(3 pack) Mrs. Meyer's Liquid Hand Soap, Lavender, 12.5 Oz", "tags": "UCare Equate Body Care Flu Shop Anthem Maine Health OTC Blue KC MA Liquid Wart Removers Amerigroup Allwell", "relevancy_score": 1026.7365596958175, "price": "$11.64"}, {"title": "Dove Foaming Hand Wash Variety Pack, 3 pk.", "tags": "Body Wash & Shower Gel New in Hand Soaps Mrs Meyers Soap Dove Scrubs Method Women's Stock up on Discover! Staff-Favorite Care", "relevancy_score": 22.76513684210526, "price": "$21.99"}, {"title": "Live Clean Coconut Milk Liquid Hand Soap, 17 oz. Bottle", "tags": "Hand Soaps Avalon Organics Body Care New in Mrs Meyers Soap Discover! Staff-Favorite Moisturizers Softsoap Method Stock up on Wash", "relevancy_score": 216.6757670886076, "price": "$11.83"}, {"title": "Jergens Extra Moisturizing Hand Wash, 7.5 Fl Oz", "tags": "Avalon Organics Body Care Mrs Meyers Hand Soap Lotions & Creams Jergens Bar Stock up on Wash Discover! Staff-Favorite", "relevancy_score": 692.340433898305, "price": "$8.22"}, {"title": "Dr. Bronner's Citrus Orange Pure-Castile Liquid Soap - 32 oz", "tags": "Hand Soaps Stock up on Body Wash New in Clean Living Dr. Bronner's Care Women's Discover! Staff-Favorite Gift Ideas for Bar", "relevancy_score": 404.4779789473684, "price": "$15.99"}, {"title": "Dial Complete Foaming Hand Wash, Variety Pack of 4 Flavors", "tags": "Stock up on Body Wash Men's Bath & New in Hand Soaps Mrs Meyers Soap Method", "relevancy_score": 50.895542857142864, "price": "$24.99"}, {"title": "GOJO\u00ae NATURAL* ORANGE\u2122 Pumice Hand Cleaner (0955-04)", "tags": "Georgia Pacific Professional Commercial Soap & Lotion Dispensers Facial Tissue Healthcare Essentials Eco-Friendly Paper Towels Disposable Microfiber Cloths Sanitary Product Receptacles", "relevancy_score": 362.06982857142856, "price": "$25.89"}, {"title": "($39 Value) Aesop Resurrection Aromatique Hand Soap, 16.9 Oz", "tags": "Premium Hand Soaps & Sanitizers Facial Treatments Serums Self Care Pampering Toners Deodorants Antiperspirants Fragrance Gift Sets Lotions Foot Creams", "relevancy_score": 44.4336, "price": "$36.99"}, {"title": "($39 Value) Aesop Reverence Aromatique Hand Soap, 16.9 Oz", "tags": "Spring Break Beauty Premium Body Treatments Lotions Hand Soaps & Sanitizers Philosophy Self Care Pampering Deodorants Antiperspirants Foot Creams", "relevancy_score": 45.4336, "price": "$36.99"}, {"title": "Dial Professional DIA 00162 Antimicrobial Foaming Hand Wash, 1000ml Refill, 6/carton", "tags": "New in Hand Soaps Method Sanitizing Wipes Stock up on Wash Discover! Staff-Favorite Body Care Sanitizers", "relevancy_score": 0.0, "price": "$66.81"}, {"title": "ArtNaturals Hand Sanitizing Wipes - Portable Hand Sanitizer Wipes - Unscented, Keep Hands Hygienic (4 Pack x 50PCS)", "tags": "New in Hand Soaps Softsoap Soap Method Sanitizing Wipes Stock up on Wash Discover! Staff-Favorite Body Care Sanitizers", "relevancy_score": 428.12469921259844, "price": "$19.99"}, {"title": "Germ-Away Antibacterial Hand Wipes Mini 5ct Pack in Hexagon Jar, 50pk", "tags": "New in Hand Soaps Softsoap Soap Method Sanitizing Wipes Stock up on Wash Discover! Staff-Favorite Body Care Sanitizers", "relevancy_score": 82.22733617021277, "price": "$39.99"}, {"title": "Dial Complete Foaming Antibacterial Hand Wash in Assorted Scents , 4 pk./7.5 oz.", "tags": "Stock up on Body Wash Mrs Meyers Hand Soap Softsoap Method Soaps Bar", "relevancy_score": 70.97252244897959, "price": "$24.99"}, {"title": "Georgia-Pacific Pacific Blue Ultra\u2122 Gentle Foam Hand Soap Refill, 43714, Fragrance-Free, Dye-Free, 1200 mL per Refill, 4 Refills per Case", "tags": "Georgia Pacific Professional Commercial Toilet Paper Soap & Lotion Dispensers Facial Tissue Healthcare Essentials Eco-Friendly Towels", "relevancy_score": 6.1084, "price": "$50.97"}, {"title": "Germ-Away Antibacterial Hand Wipes Bucket Lemon Scent 400ct, 1pk", "tags": "All Incontinence New in Hand Soaps Method Adult Hygiene Sanitizing Wipes Stock up on Wash Sanitizers", "relevancy_score": 55.695542857142854, "price": "$35.99"}, {"title": "Dial Professional DIA 00162 Antimicrobial Foaming Hand Wash, 1000ml Refill, 6/carton", "tags": "New in Hand Soaps Method Sanitizing Wipes Stock up on Wash Discover! Staff-Favorite Body Care Sanitizers", "relevancy_score": 0.0, "price": "$66.81"}, {"title": "Wipex 70% Isopropyl Alcohol Wipes Bucket 1000ct, 2pk Case", "tags": "", "relevancy_score": 0.0, "price": "$169.99"}, {"title": "Method Gel Hand Soap, Pink Grapefruit, 12 Ounce", "tags": "New in Hand Soaps Mrs Meyers Soap Softsoap Method Body Care Stock up on Wash Discover! Staff-Favorite", "relevancy_score": 141.6951741935484, "price": "$10.19"}, {"title": "Zep, ZPE99124, Original Orange Industrial Hand Cleaner, 1 Each, Orange,Opaque, 1 gal (3.8 L)", "tags": "Motor Oil Change Specials Maintenance Chemicals Trusted Brands Sensors Replacement Auto Parts Cleaners and De-Greasers All Oil, Fuels, Fuel Additives", "relevancy_score": 10.1084, "price": "$13.59"}, {"title": "Dial Professional, DIA06028CT, Basics HypoAllergenic Liquid Hand Soap, 12 / Carton", "tags": "New in Hand Soaps Method Sanitizing Wipes Stock up on Wash Discover! Staff-Favorite Body Care Sanitizers", "relevancy_score": 0.0, "price": "$35.92"}, {"title": "ACQUAINT Foam Hand Soap, 1250mL Refill, Fruity 6162-04", "tags": "New in Hand Soaps Mrs Meyers Soap Method Sanitizing Wipes Stock up on Wash Sanitizers", "relevancy_score": 3.055948387096774, "price": "$15.72"}, {"title": "South of France - Foaming Hand Wash Almond Gourmande - 8 fl. oz.", "tags": "New in Hand Soaps Mrs Meyers Soap Method Sanitizing Wipes Stock up on Wash Sanitizers", "relevancy_score": 5.055948387096774, "price": "$8.66"}, {"title": "Natural Way Organics 3 Pack Foaming Soap Dispenser Bottles - Perfect for Liquid Soap & Castile Foaming Hand Soap on Kitchen and Bathroom Sinks - Easy Press Pump for Adults & Kids 250ml (8.5 oz)", "tags": "", "relevancy_score": 5.055948387096774, "price": "$13.99"}, {"title": "Softsoap Liquid Hand Soap, Lavender and Chamomile, 11.25 Oz, 2 Pack", "tags": "New in Hand Soaps Softsoap Soap Method Sanitizing Wipes Stock up on Wash Discover! Staff-Favorite Body Care Sanitizers", "relevancy_score": 10.1084, "price": "$15.28"}, {"title": "G&Y Antibacterial Hand Wipes 90 Sheet 3 Pack ( 270 WIPES TOTAL )", "tags": "New in Hand Soaps Softsoap Soap Method Sanitizing Wipes Stock up on Wash Discover! Staff-Favorite Body Care Sanitizers", "relevancy_score": 48.4336, "price": "$27.99"}, {"title": "GOJO Original Formula Heavy Duty Hand Cleaner, 14 Ounce Canister (1109-12)", "tags": "Avalon Organics Body Care SheaMoisture Bar Soap EO Everyone Hand Sanitizing Wipes Stock up on Wash Discover! Staff-Favorite", "relevancy_score": 35.32812972972973, "price": "$2.79"}, {"title": "Dial Liquid Soap - 7.5 Fl Oz [221.8 Ml] - Push Pump Dispenser - Antimicrobial, Anti-bacterial - 1 Each (DPR84014)", "tags": "Body Wash & Shower Gel Stock up on Method Hand Soaps Sanitizing Wipes Sanitizers", "relevancy_score": 8.1084, "price": "$9.35"}, {"title": "Goop Multi-Purpose Hand Cleaner, 14 oz", "tags": "Hand Soaps & Sanitizers Sunscreens Body Suncare College Care Essentials Stock up on Skin Self Tanners Valentines Day care", "relevancy_score": 152.78141639344264, "price": "$12.18"}, {"title": "Colgate Palmolive Softsoap  Hand Soap, 1 ea", "tags": "New in Hand Soaps Softsoap Soap Method Sanitizing Wipes Stock up on Wash Sanitizers", "relevancy_score": 351.6292349514563, "price": "$22.39"}, {"title": "Gojo\u00ae, GOJ191102CT, LTX-12 Clear Mild Foam Handwash Refill, 2 / Carton, Clear, 40.6 fl oz (1200 mL)", "tags": "Feminine Washes New in Hand Soaps Douches Method Sanitizing Wipes Stock up on Wash Sanitizers Summer's Eve", "relevancy_score": 0.0, "price": "$50.34"}, {"title": "Phisoderm Deep Clean Cream Cleanser Normal to Dry Skin 6 fl Oz", "tags": "All Men's Beard Care Clean Living Body Wash Dr. Bronner's Aftershaves Discover! Staff-Favorite Hair", "relevancy_score": 245.49986341463415, "price": "$7.21"}, {"title": "4 Packs  Spa Antibacterial Soap Refill Bottles 32 Fl oz Each", "tags": "", "relevancy_score": 5.055948387096774, "price": "$30.99"}, {"title": "PURPOSE Cleansing Bar 6 oz (Pack of 6)", "tags": "Hand Soaps Men's Body Lotions Bath & Creams Bar Soap Cold Weather Skincare", "relevancy_score": 69.15185454545455, "price": "$26.17"}, {"title": "6 Pack - Jergens Extra Moisturizing Hand Wash, Cherry-Almond 7.50 oz", "tags": "Body Wash & Shower Gel Lotions Creams Stock up on Lotion Moisturizers Jergens Bar Soap Cold Weather Skincare", "relevancy_score": 612.4092, "price": "$16.73"}, {"title": "EARTH FRIENDLY PRODUCTS Liquid Hand Soap,1 gal.,Lavender PL9665/04", "tags": "New in Hand Soaps Method Sanitizing Wipes Stock up on Wash Discover! Staff-Favorite Body Care Sanitizers", "relevancy_score": 19.40404705882353, "price": "$20.96"}, {"title": "Mrs. Meyer's Clean Day - Liquid Hand Soap - Lemon Verbena - 12.5 oz", "tags": "New in Hand Soaps Mrs Meyers Soap Method Sanitizing Wipes Stock up on Wash Sanitizers", "relevancy_score": 0.0, "price": "$7.09"}, {"title": "ESSENZA Premium Hand Soap 33.8 oz Refill - Citrus Basil", "tags": "", "relevancy_score": 527.7679774647887, "price": "$20.42"}, {"title": "Zep, ZPE84923, Shell Shock Soy-based Hand Cleaner, 1 Each, Brown,Opaque, 1 gal (3.8 L)", "tags": "", "relevancy_score": 5.055948387096774, "price": "$24.88"}, {"title": "Dial Antibacterial Liquid Hand Soap, White Tea, 7.5 Ounce (Pack of 2)", "tags": "", "relevancy_score": 0.0, "price": "$15.50"}, {"title": "Dial Complete Antibacterial Foaming Hand Wash - Fresh pear - 7.5 oz", "tags": "New in Hand Soaps Method Sanitizing Wipes Stock up on Wash Discover! Staff-Favorite Body Care Sanitizers", "relevancy_score": 0.0, "price": "$18.99"}, {"title": "Mrs. Meyer's Hand Soap, Basil, 12.5 Fluid Ounce (Pack of 3)", "tags": "Bathroom Cleaners Surface Care & Protection All-Purpose Toilet Bowl Plant Based Household Essentials Mrs. Meyer's Clean Day Sprays All Seventh Generation Dish Soap", "relevancy_score": 17.40404705882353, "price": "$24.99"}, {"title": "Dial Antibacterial Liquid Hand Soap, Aloe, 7.5 Fluid Ounces, Pack of 2", "tags": "", "relevancy_score": 4.055948387096774, "price": "$14.99"}, {"title": "Gojo\u00ae, GOJ921212, 800 ml Bag Refill Antibacterial Lotion Soap, 1 Each, White, 27.1 fl oz (800 mL)", "tags": "New in Hand Soaps Softsoap Soap Method Sanitizing Wipes Stock up on Wash Discover! Staff-Favorite Body Care Sanitizers", "relevancy_score": 5.055948387096774, "price": "$16.43"}, {"title": "Alaffia Foaming Shea Hand Soap, Lavender, 18 Oz", "tags": "New in Hand Soaps Mrs Meyers Soap Method EO Everyone Body Care Sanitizing Wipes Stock up on Wash Sanitizers", "relevancy_score": 39.10024615384615, "price": "$9.99"}, {"title": "Softsoap Liquid Hand Soap, Lavender and Chamomile, 11.25 Oz, 2 Pack", "tags": "New in Hand Soaps Softsoap Soap Method Sanitizing Wipes Stock up on Wash Discover! Staff-Favorite Body Care Sanitizers", "relevancy_score": 10.1084, "price": "$15.28"}, {"title": "La Tasse Hand Soap Collection 4Pk Gardenia Beach Coconut Sweet Orange 21.5oz", "tags": "", "relevancy_score": 0.0, "price": "$42.99"}, {"title": "Aesop Resurrection Rinse-Free Hand Wash, 1.69 Fl Oz", "tags": "Hair Oil L'occitane Oribe Premium Body Washes & Shower Gels Self Care Pampering Deodorants Antiperspirants Value Sizes Sets Hand Lotions Foot Creams", "relevancy_score": 0.0, "price": "$9.92"}, {"title": "Kiss My Face - Bar Soap Olive & Chamomile - 8 oz.", "tags": "Hand Soaps Stock up on Body Wash Tom's of Maine & Bar Soap Women's New in Gift Ideas for", "relevancy_score": 0.0, "price": "$7.42"}, {"title": "Seventh Generation - Liquid Hand Soap - Mandarin Orange and Grapefruit - 12 fl oz.", "tags": "New in Hand Soaps Softsoap Soap Method Sanitizing Wipes Stock up on Wash Discover! Staff-Favorite Body Care Sanitizers", "relevancy_score": 0.0, "price": "$6.98"}, {"title": "Dial Antibacterial Liquid Hand Soap, Spring Water, 7.5 Ounce (Pack of 2)", "tags": "", "relevancy_score": 0.0, "price": "$15.50"}, {"title": "JACK MFG 211585 13.5 oz Mag Hand Cleaner", "tags": "New in Hand Soaps Softsoap Soap Method Sanitizing Wipes Stock up on Wash Discover! Staff-Favorite Body Care Sanitizers", "relevancy_score": 10.057672727272726, "price": "$4.99"}, {"title": "Jergens Extra Moisturizing Hand Wash 7.50 oz (Pack of 3)", "tags": "New in Hand Soaps Softsoap Soap Method Sanitizing Wipes Stock up on Wash Discover! Staff-Favorite Body Care Sanitizers", "relevancy_score": 0.0, "price": "$11.21"}, {"title": "Clearly Natural Bar Soap, Vitamin E, 12 Oz", "tags": "Hand Soaps Stock up on Body Wash Dove Personal Care Men's Bar Soap Women's", "relevancy_score": 13.057672727272726, "price": "$11.27"}, {"title": "Kirk s  Odor Neutralizing Hand Wash  Lemon   Eucalyptus  12 fl oz  355 ml", "tags": "Body Wash & Shower Gel New in Hand Soaps Method Sanitizing Wipes Stock up on Sanitizers", "relevancy_score": 0.0, "price": "$6.49"}, {"title": "Pure Green, LLC PureGreen24 - All Purpose Natural Environmental Cleaner - Eco Friendly - 4 fl oz", "tags": "New in Hand Soaps Softsoap Soap Method Sanitizing Wipes Stock up on Wash Discover! Staff-Favorite Body Care Sanitizers", "relevancy_score": 0.0, "price": "$10.99"}, {"title": "Softsoap Liquid Hand Soap, Coconut And Warm Ginger, 11.25 Oz, 2 Pack", "tags": "New in Hand Soaps Softsoap Soap Method Sanitizing Wipes Stock up on Wash Discover! Staff-Favorite Body Care Sanitizers", "relevancy_score": 0.0, "price": "$15.04"}, {"title": "Dial Gold Antimicrobial Liquid Hand \u00a0Soap, 4 Gallon Bottles", "tags": "Stock up on Lotion & Moisturizers Tom's of Maine Body Care Discover! Staff-Favorite Method Hand Soaps Sanitizing Wipes Wash Sanitizers", "relevancy_score": 0.0, "price": "$109.95"}, {"title": "Cucina Lime Zest and Cypress 6.7 oz Hand Soap", "tags": "", "relevancy_score": 0.0, "price": "$13.95"}, {"title": "Hand Soap, Spearmint plus Lemongrass, 12.75 oz, Available in six fresh scents By Everyone", "tags": "", "relevancy_score": 0.0, "price": "$21.17"}, {"title": "Kiehl's Liquid Hand Soaps - Coriander 6.8oz (200ml)", "tags": "Sunscreens Body Suncare College Care Essentials Stock up on Skin Self Tanners Valentines Day care Mother's Bath &", "relevancy_score": 0.0, "price": "$16.56"}, {"title": "Cucina Coriander and Olive Tree 6.7 oz Hand Soap", "tags": "", "relevancy_score": 0.0, "price": "$14.95"}, {"title": "Dial 06046 Basics Liquid Hand Soap, Rosemary & Mint, 1000ml Refill, 8/carton", "tags": "Body Wash & Shower Gel Stock up on Mrs Meyers Hand Soap Softsoap EO Everyone Care", "relevancy_score": 14.089066666666666, "price": "$53.18"}, {"title": "Gojo\u00ae, GOJ881603, ADX-12 Botanical Foam Soap Refill, 1 Each, Green, 42.3 fl oz (1250 mL)", "tags": "New in Hand Soaps Mrs Meyers Soap Softsoap Banana Boat Method Stock up on Wash Discover! Staff-Favorite Body Care", "relevancy_score": 16.20404705882353, "price": "$19.80"}, {"title": "Softsoap Liquid Hand Soap, Lavender and Chamomile, 11.25 Oz, 3 Pack", "tags": "New in Hand Soaps Softsoap Soap Method Sanitizing Wipes Stock up on Wash Discover! Staff-Favorite Body Care Sanitizers", "relevancy_score": 0.0, "price": "$18.36"}, {"title": "South of France - Hand Wash Lavender Fields - 8 fl. oz.", "tags": "New in Hand Soaps Softsoap Soap Method Sanitizing Wipes Stock up on Wash Discover! Staff-Favorite Body Care Sanitizers", "relevancy_score": 34.628129729729736, "price": "$8.94"}, {"title": "Michel Design Works Foaming Shea Butter Hand Soap 17.8 Oz. - Summer Days", "tags": "New in Hand Soaps Mrs Meyers Soap Method Sanitizing Wipes Stock up on Wash Sanitizers", "relevancy_score": 0.0, "price": "$17.49"}, {"title": "ZUCBHC48 48 oz Cherry Bomb Heavy Duty Hand Cleaner, Clear", "tags": "", "relevancy_score": 0.0, "price": "$13.08"}, {"title": "Roots & Fruits Apple Cider Vinegar and Honey Soap 5 oz Bar(S)", "tags": "Body Wash & Shower Gel Clean Living New in Bar Soap Soaps Hand Sanitizing Wipes Gift Ideas for Sanitizers", "relevancy_score": 40.365136842105265, "price": "$7.63"}, {"title": "Dr. Natural Activated Charcoal Liquid Soap, Lavender, 32oz. with Pump", "tags": "New in Hand Soaps Softsoap Soap Method Sanitizing Wipes Stock up on Wash Discover! Staff-Favorite Body Care Sanitizers", "relevancy_score": 0.0, "price": "$10.99"}, {"title": "Rubbermaid 1600 mL Unscented Lotion Hand Soap, FG402364", "tags": "New in Hand Soaps Softsoap Soap Method Sanitizing Wipes Stock up on Wash Discover! Staff-Favorite Body Care Sanitizers", "relevancy_score": 0.0, "price": "$76.00"}, {"title": "Gojo 4.5 lb. Lemon Pumice Hand Soap, 915", "tags": "Georgia Pacific Professional Commercial Soap & Lotion Dispensers Facial Tissue Healthcare Essentials Eco-Friendly Paper Towels Disposable Microfiber Cloths Sanitary Product Receptacles", "relevancy_score": 0.0, "price": "$18.77"}, {"title": "South of France Hand Wash - Climbing Wild Rose - 8 oz Liquid Hand Soap", "tags": "Avalon Organics Body Care Mrs Meyers Hand Soap Method Soaps Sanitizing Wipes Stock up on Wash Discover! Staff-Favorite Sanitizers", "relevancy_score": 15.157672727272727, "price": "$9.27"}, {"title": "Molton Brown London Hand Wash - Gingerlily 10oz (300ml)", "tags": "Premium Highlighter L'occitane Oribe Body Washes & Shower Gels Self Care Pampering Deodorants Antiperspirants Value Sizes Sets Hand Lotions Foot Creams", "relevancy_score": 0.0, "price": "$23.99"}, {"title": "Compagnie de Provence Savon de Marseille Extra Pure Liquid Soap Made in France", "tags": "Premium Body Treatments Lotions L'occitane Bath Bombs, Salts & Bubble Hand Soaps Sanitizers Philosophy Self Care Pampering Value Sizes Sets", "relevancy_score": 0.0, "price": "$32.99"}, {"title": "Natural Way Organics 3 Pack Foaming Soap Dispenser Bottles - Perfect for Liquid Soap & Castile Foaming Hand Soap on Kitchen and Bathroom Sinks - Easy Press Pump for Adults & Kids 250ml (8.5 oz)", "tags": "", "relevancy_score": 0.0, "price": "$13.99"}, {"title": "Panrosa Frech Lavender Liquid Hand Soap Santa Monica 16.9 fl oz / 500 ml", "tags": "", "relevancy_score": 0.0, "price": "$11.11"}, {"title": "South Of France Hand Soap - Foaming - Orange Blossom Honey - 8 oz - 1 each", "tags": "New in Hand Soaps Softsoap Soap Method Sanitizing Wipes Stock up on Wash Discover! Staff-Favorite Body Care Sanitizers", "relevancy_score": 0.0, "price": "$5.99"}, {"title": "Grisi Neutral Soap, 3.5 oz (Pack of 2)", "tags": "Hand Soaps Stock up on Body Wash Dove Personal Care Men's & Scrubs Bar Soap Women's", "relevancy_score": 0.0, "price": "$6.73"}, {"title": "Safeguard 02699 Liquid Antibacterial Hand Soap Refills, 2 Gallons", "tags": "New in Hand Soaps Softsoap Soap Method Sanitizing Wipes Stock up on Wash Sanitizers", "relevancy_score": 0.0, "price": "$69.27"}, {"title": "Gojo\u00ae, GOJ871104, ADX 700 ml Refill Clear/Mild Foam Handwash, 4 / Carton, Clear, 23.7 fl oz (700 mL)", "tags": "New in Hand Soaps Softsoap Soap Method Sanitizing Wipes Stock up on Wash Discover! Staff-Favorite Body Care Sanitizers", "relevancy_score": 0.0, "price": "$46.90"}, {"title": "Irish Spring Icy Blast, Refreshing Bar Soap, 3.7 Ounce, 3 Bar Pack", "tags": "Hand Soaps Stock up on Body Wash Men's Bath & Bar Soap Personal Care Irish Spring", "relevancy_score": 1096.3402507462686, "price": "$8.80"}, {"title": "molton brown hand wash, mulberry and thyme, 10 oz.", "tags": "", "relevancy_score": 0.0, "price": "$30.00"}, {"title": "Holiday Favorites Gentle Foaming Hand Soap (3 Scents, Cinnamon Pine Cone, Winter Candy Apple, Vanilla Snowflake) 8.75 fl.oz each Christmas Decor", "tags": "New in Hand Soaps Softsoap Soap Method Sanitizing Wipes Stock up on Wash Discover! Staff-Favorite Body Care Sanitizers", "relevancy_score": 0.0, "price": "$35.00"}, {"title": "Smelly Lemon Limeade Foam Hand Soap", "tags": "", "relevancy_score": 0.0, "price": "$10.99"}, {"title": "Lucky Super Soft Liquid Hand Soap, Tropical Garden, 13.5 oz", "tags": "", "relevancy_score": 0.0, "price": "$11.59"}, {"title": "PROVON Antimicrobial Lotion Soap, Floral Balsam, 1000mL Refll, 8/Carton", "tags": "Deodorants & Antiperspirants Body Lotions Creams Jergens Sunscreen Eucerin Cold Weather Skincare Butters", "relevancy_score": 5.055948387096774, "price": "$25.36"}, {"title": "Lime Hand and Body Wash by Malin + Goetz for Unisex - 8.5 oz Body Wash", "tags": "Hair Oil L'occitane Oribe Premium Body Washes & Shower Gels Self Care Pampering Deodorants Antiperspirants Value Sizes Sets Hand Lotions Foot Creams", "relevancy_score": 0.0, "price": "$24.00"}, {"title": "Best Accessory Group (2 Piece) Crisp Apple Hand Soap Lotion Set Each With Mason Jar Soap Dispenser Bathroom Kitchen", "tags": "New in Hand Soaps Body Care Sets & Kits Method Sanitizing Wipes Stock up on Wash Discover! Staff-Favorite Sanitizers", "relevancy_score": 8.20404705882353, "price": "$14.99"}, {"title": "HighFive Pink Lotion Hand Soap, 1 Gallon", "tags": "Stock up on Body Wash New in Hand Soaps Mrs Meyers Soap Softsoap Method EO Everyone Care", "relevancy_score": 6.1084, "price": "$17.95"}, {"title": "Thymes Frasier Fir Hand Wash, 15 Oz", "tags": "Premium Body Treatments Lotions L'occitane Bath Bombs, Salts & Bubble Philosophy Self Care Pampering Wellness Value Sizes Sets", "relevancy_score": 0.0, "price": "$32.00"}, {"title": "Gojo Original Formula Hand Cleaners, Cartridge", "tags": "Georgia Pacific Professional Commercial Soap & Lotion Dispensers Facial Tissue Healthcare Essentials Eco-Friendly Paper Towels Disposable Microfiber Cloths Sanitary Product Receptacles", "relevancy_score": 24.603269565217392, "price": "$25.72"}, {"title": "Gel Hand Soap Sweet Water - 12 fl oz", "tags": "", "relevancy_score": 0.0, "price": "$11.99"}, {"title": "DIAL Liquid Hand Soap,800mL,Unscented,PK12 DIA 97501", "tags": "All-Purpose Cleaners All Cleaning Wipes Toilet Bowl Disinfectant Lysol Bathroom", "relevancy_score": 5.055948387096774, "price": "$71.92"}, {"title": "2PK-Dial Antimicrobial Foaming Hand Wash, Light Citrus, 7.5oz Pump Bottle (06001)", "tags": "New in Hand Soaps Softsoap Soap Method Sanitizing Wipes Stock up on Wash Discover! Staff-Favorite Body Care Sanitizers", "relevancy_score": 0.0, "price": "$24.67"}, {"title": "Rubbermaid Commercial Autofoam Hand Soap Refill, Lotion Soap with Moisturizer, 1100mL, 4/Carton", "tags": "Georgia Pacific Professional Commercial Soap & Lotion Dispensers Healthcare Essentials Eco-Friendly Paper Towels Janitorial Housekeeping Carts Disposable Microfiber Cloths Hand Sanitizers", "relevancy_score": 6.1084, "price": "$59.99"}, {"title": "BORAXO Powder Hand Cleaner,12 oz.,Floral,PK12 10918", "tags": "Hand Soaps Stock up on Body Wash Dove Personal Care Men's & Scrubs Women's", "relevancy_score": 10.1084, "price": "$42.50"}, {"title": "Thymes Neroli Sol Hand Wash, 8.5 Oz", "tags": "Premium Body Treatments Lotions L'occitane Bath Bombs, Salts & Bubble Hand Soaps Sanitizers Philosophy Self Care Pampering Value Sizes Sets", "relevancy_score": 0.0, "price": "$15.00"}, {"title": "GOJO GOJO Hand Cleaner, Fresh,1/2 gal., 0972-04", "tags": "Interior Car Accessories Air Fresheners Paint Guns and Auto Sandpaper Abrasives & Fragrances on Advance Parts Shop Locking Devices Tools Chemical Guys", "relevancy_score": 10.1084, "price": "$38.75"}, {"title": "Gojo NXT Lotion Soap w/Moisturizer Refill Light Floral Liquid 1000mL Box 8/Carton 211708CT", "tags": "New in Hand Soaps Softsoap Soap Method Sanitizing Wipes Stock up on Wash Discover! Staff-Favorite Body Care Sanitizers", "relevancy_score": 0.0, "price": "$69.63"}, {"title": "Grisi Hnos., SA de CV, Maja Plum Blossom Luxury Perfumed Soap, 3.5 oz - (Pack of 1)", "tags": "Body Powder Stock up on Wash Dove Personal Care Hand Lotions & Creams Bars Men +", "relevancy_score": 2.055948387096774, "price": "$7.28"}, {"title": "bath & body works kitchen lemon gentle foaming hand soap", "tags": "Avalon Organics Body Care New in Hand Soaps Mrs Meyers Soap Method Sanitizing Wipes Stock up on Wash Discover! Staff-Favorite", "relevancy_score": 5.055948387096774, "price": "$22.24"}, {"title": "Well Life Liquid Hand Soap in Our Signature Lemon Apricot - 3 pk of 8oz Pump Bottles", "tags": "", "relevancy_score": 0.0, "price": "$21.95"}, {"title": "Zep Heavy-Duty TKO Hand Cleaner 128 oz. R54824 (Case of 4) Pump Included - The GO-to Cleaner for Pros That Actually Works!", "tags": "Georgia Pacific Professional Commercial Soap & Lotion Dispensers Facial Tissue Healthcare Essentials Eco-Friendly Paper Towels Disposable Microfiber Cloths Sanitary Product Receptacles", "relevancy_score": 0.0, "price": "$85.01"}, {"title": "Foaming Hand Wash, Lavender - Chamomile, 8 fl oz (237 ml)", "tags": "Hand Soaps Avalon Organics Body Care Lotions & Creams Plant Based Personal Method Stock up on Wash New in Scrubs Fall Skin Essentials", "relevancy_score": 20.20404705882353, "price": "$12.15"}, {"title": "Dial Liquid Antimicrobial Soap- EA", "tags": "New in Hand Soaps Softsoap Soap Method Sanitizing Wipes Stock up on Wash Discover! Staff-Favorite Body Care Sanitizers", "relevancy_score": 0.0, "price": "$18.99"}, {"title": "Almond Pearl Luxury Hand Soap - 4 gallon case", "tags": "New in Hand Soaps Softsoap Soap Method Sanitizing Wipes Stock up on Wash Discover! Staff-Favorite Body Care Sanitizers", "relevancy_score": 0.0, "price": "$79.00"}, {"title": "PROVON Foaming Handwash w/Moisturizers Cranberry Scent 2000 mL Refill 2/Carton 528502", "tags": "New in Hand Soaps Softsoap Soap Method Sanitizing Wipes Stock up on Wash Discover! Staff-Favorite Body Care Sanitizers", "relevancy_score": 5.055948387096774, "price": "$68.20"}, {"title": "Mr. Bubble Foaming Hand Soap 8 oz (Pack of 4)", "tags": "New in Hand Soaps Softsoap Soap Method Sanitizing Wipes Stock up on Wash Discover! Staff-Favorite Body Care Sanitizers", "relevancy_score": 0.0, "price": "$18.17"}, {"title": "Clearly Natural Glycerin Bar Soap - Lemongrass Basil - 4 oz - 1279603", "tags": "Body Wash & Shower Gel New in Hand Soaps Method Bar Soap Sanitizing Wipes Stock up on Sanitizers", "relevancy_score": 147.1214, "price": "$5.84"}, {"title": "Beessential Foaming Hand Soap Variety Pack (Pack of 3)", "tags": "New in Hand Soaps Mrs Meyers Soap Method EO Everyone Body Care Sanitizing Wipes Stock up on Wash Discover! Staff-Favorite", "relevancy_score": 45.400246153846155, "price": "$36.99"}, {"title": "D-Lead 4222ES-008 8 oz Pleasant Fragrance Liquid Hand Soap", "tags": "New in Hand Soaps Lotions & Creams Discover! Staff-Favorite Body Moisturizers Method Sanitizing Wipes Stock up on Wash Care Sanitizers", "relevancy_score": 18.20404705882353, "price": "$4.22"}, {"title": "Dove Aloe Vera & Eucalyptus Foaming Liquid Hand Wash 6.8 oz", "tags": "", "relevancy_score": 11.257672727272729, "price": "$14.99"}, {"title": "Antimicrobial Liquid Soap w Added Skin Conditioners For Mildness - 1 Gallon Gold", "tags": "New in Hand Soaps Softsoap Soap Method Sanitizing Wipes Stock up on Wash Discover! Staff-Favorite Body Care Sanitizers", "relevancy_score": 0.0, "price": "$50.95"}, {"title": "Jason Pure Natural Hand Soap Calming Lavender - 16 fl oz", "tags": "Avalon Organics Body Care Clean Living Wash BIC Disposable Razors Alba Botanica Women's Shaving Cream Discover! Staff-Favorite", "relevancy_score": 54.3653268292683, "price": "$14.62"}, {"title": "Cuticura Medicated Antibacterial Soap Original Formula 5.25 oz (Pack of 6)", "tags": "Body Wash & Shower Gel Stock up on Method Hand Soaps Bar Soap Sanitizing Wipes Sanitizers", "relevancy_score": 5.055948387096774, "price": "$21.78"}, {"title": "Zep Acclaim Liquid Antibacterial Hand Soap 1 Gallon 314924 (Pack of 4)", "tags": "", "relevancy_score": 0.0, "price": "$79.99"}, {"title": "FMX-12 Refill Cranberry Luxury Foam Handwash", "tags": "", "relevancy_score": 0.0, "price": "$71.64"}, {"title": "Gentle Foaming Hand Soap Holiday Bundle - Frosted Cranberry, Winter Citrus Wreath and Coconut Mint Drop, 3 Pack, 8.75 oz each", "tags": "New in Hand Soaps Mrs Meyers Soap Method Sanitizing Wipes Stock up on Wash Sanitizers", "relevancy_score": 5.055948387096774, "price": "$29.95"}, {"title": "Prevail Adult Soft Washcloths 12 x 8 , BG/48 PK/8", "tags": "All Cleaning Wipes Disinfectant Sprays Lysol All-Purpose Cleaners Flushable Bathroom", "relevancy_score": 612.4092, "price": "$27.51"}, {"title": "pHisoderm Deep Cleaning Cream Cleanser For Normal To Dry Skin 6 oz (Pack of 3)", "tags": "New in Hand Soaps Softsoap Soap Method Sanitizing Wipes Stock up on Wash Discover! Staff-Favorite Body Care Sanitizers", "relevancy_score": 15.157672727272727, "price": "$18.97"}, {"title": "Panier Des Sens Liquid Marseille Soap, Relaxing Lavender, 16.9 Oz", "tags": "New in Hand Soaps Mrs Meyers Soap Method EO Everyone Body Care Sanitizing Wipes Stock up on Wash Sanitizers", "relevancy_score": 0.0, "price": "$24.49"}, {"title": "Lucky Super Soft Mermaid Liquid Soap, White Pearls, 13.5 Oz", "tags": "New in Hand Soaps Softsoap Soap Method Sanitizing Wipes Stock up on Wash Discover! Staff-Favorite Body Care Sanitizers", "relevancy_score": 6.1084, "price": "$13.72"}, {"title": "Hand Soap, Variety Pack, 11.25 fl. oz., 4-count", "tags": "", "relevancy_score": 0.0, "price": "$24.99"}, {"title": "Rubbermaid Foam Free 'N Clean Soap Refill, Clear, 4 / Carton (Quantity)", "tags": "Cosco ClosetMaid Suncast The Pioneer Woman Better Homes & Gardens Umbra Farberware Mainstays", "relevancy_score": 0.0, "price": "$73.36"}, {"title": "Zep Applaud Antibacterial Lotion Hand Soap 1 Gallon 338521 (Case of 4)", "tags": "", "relevancy_score": 0.0, "price": "$87.99"}, {"title": "goj912812ct - gojo 800 srs disp refill pink/klean skin cleanser", "tags": "New in Hand Soaps Softsoap Soap Method Sanitizing Wipes Stock up on Wash Discover! Staff-Favorite Body Care Sanitizers", "relevancy_score": 0.0, "price": "$20.61"}, {"title": "5 Pair Baby Girls boys Anti-slip Cotton Lace Socks Set, Mesh Breathable Thin Cotton Girls Socks", "tags": "New in Hand Soaps Softsoap Soap Method Sanitizing Wipes Stock up on Wash Discover! Staff-Favorite Body Care Sanitizers", "relevancy_score": 0.0, "price": "$10.38"}, {"title": "Gojo Natural Orange Smooth Hand Cleaners, Citrus, Squeeze Bottle, 14 oz", "tags": "Georgia Pacific Professional Commercial Soap & Lotion Dispensers Facial Tissue Healthcare Essentials Eco-Friendly Paper Towels Disposable Microfiber Cloths Sanitary Product Receptacles", "relevancy_score": 0.0, "price": "$3.86"}, {"title": "Rubbermaid Commercial, RCPFG4013111, Enriched Lotion Hand Soap Refill, 4 / Carton, White", "tags": "Georgia Pacific Professional Commercial Soap & Lotion Dispensers Facial Tissue Healthcare Essentials Eco-Friendly Paper Towels Disposable Microfiber Cloths Sanitary Product Receptacles", "relevancy_score": 10.1084, "price": "$27.79"}, {"title": "Jason Natural Products Satin Soap Lavender w/Pump 16 Ounce, Pack of 2", "tags": "New in Hand Soaps Softsoap Soap Method Sanitizing Wipes Stock up on Wash Discover! Staff-Favorite Body Care Sanitizers", "relevancy_score": 0.0, "price": "$37.96"}, {"title": "GoJo 0955 1 Gallon with Pump Dispenser  GOJO\u00ae NATURAL* ORANGE\u2122 Pumice Hand Cleaner", "tags": "New in Hand Soaps Softsoap Soap Method Sanitizing Wipes Stock up on Wash Discover! Staff-Favorite Body Care Sanitizers", "relevancy_score": 5.055948387096774, "price": "$23.66"}, {"title": "Compagnie de Provence Savon de Marseille Extra Pure Liquid Soap Made in France", "tags": "Premium Body Treatments Lotions L'occitane Bath Bombs, Salts & Bubble Hand Soaps Sanitizers Philosophy Self Care Pampering Value Sizes Sets", "relevancy_score": 0.0, "price": "$33.00"}, {"title": "California Baby Wash Up! Squeaky Clean (formerly Antibacterial)", "tags": "New in Hand Soaps Method Sanitizing Wipes Stock up on Wash Discover! Staff-Favorite Body Care Sanitizers", "relevancy_score": 0.0, "price": "$12.98"}, {"title": "Cavilon Rinse Free Body Wash 3380 8 oz Case of 12, Floral Scent", "tags": "", "relevancy_score": 0.0, "price": "$74.03"}, {"title": "Dial Antimicrobial Foaming Hand Wash, Original, 1.25L, Cassette Refill, 3/Carton (05067)", "tags": "", "relevancy_score": 0.0, "price": "$64.68"}, {"title": "Dove Beauty Cream Caring Hand Wash, 250 Ml/8.45 Ounce", "tags": "", "relevancy_score": 1.0559483870967743, "price": "$26.24"}, {"title": "Endure 50 Liquid Soap Sweet Scent 750 mL Dispenser Refill Bottle, 12 Pack", "tags": "", "relevancy_score": 0.0, "price": "$174.11"}, {"title": "Amco 8402 Rub Away Bar", "tags": "New in Hand Soaps Softsoap Soap Method Sanitizing Wipes Stock up on Wash Discover! Staff-Favorite Body Care Sanitizers", "relevancy_score": 0.0, "price": "$11.47"}, {"title": "Liquid Softsoap Hand Soap Decor Variety Pack (13 oz., 4 pk.)", "tags": "", "relevancy_score": 0.0, "price": "$32.99"}, {"title": "TEA TREE THERAPY Antiseptic Tea Tree Liquid Soap 8 OZ", "tags": "New in Hand Soaps Softsoap Soap Method Sanitizing Wipes Stock up on Wash Discover! Staff-Favorite Body Care Sanitizers", "relevancy_score": 0.0, "price": "$11.62"}, {"title": "Deep Steep Argan Oil Liquid Hand Wash, Mango Papaya, 17.6 Oz", "tags": "New in Hand Soaps Softsoap Soap Method Sanitizing Wipes Stock up on Wash Discover! Staff-Favorite Body Care Sanitizers", "relevancy_score": 0.0, "price": "$17.55"}, {"title": "2pcs/lot Youpin nFresh Paper Soap Portable Gentle Hand Travel Soap Paper Washing", "tags": "", "relevancy_score": 0.0, "price": "$11.49"}, {"title": "Hibiclens Antimicrobial Skin Liquid Soap, 4 Fluid Ounce", "tags": "Body Wash & Shower Gel New in Hand Soaps Method Bar Soap Sanitizing Wipes Stock up on Sanitizers", "relevancy_score": 1.0559483870967743, "price": "$10.46"}, {"title": "Black Cherry Merlot Hand Soap by Bath and Body Works for Unisex - 8.75 oz Soap", "tags": "Stock up on Body Wash Dove Personal Care Bars + Men Bar Soap", "relevancy_score": 1.0559483870967743, "price": "$10.05"}, {"title": "Beessential Foaming Hand Soap Variety Pack (Pack of 3), Pack of 3 includes one of each: Grapefruit & Lemongrass, Lavender & Bergamot, and Peppermint & Aloe By Beetanicals", "tags": "New in Hand Soaps Softsoap Soap Method Sanitizing Wipes Stock up on Wash Discover! Staff-Favorite Body Care Sanitizers", "relevancy_score": 0.0, "price": "$60.06"}, {"title": "Softsoap Liquid Hand Soap, Aquarium Series - 7.5 fluid ounces (6 Pack)", "tags": "", "relevancy_score": 5.055948387096774, "price": "$32.50"}, {"title": "CVS Beauty360  Liquid Hand Soap Refill, Paraben Free, Clean Scent, with Easy Grip Handle, 56 Ounces (Pack of 2)", "tags": "", "relevancy_score": 0.0, "price": "$29.99"}, {"title": "Jergens Extra Moisturizing Liquid Hand Wash, Soap Refill, Bonus Size, 21.3 Ounce (Pack of 3)", "tags": "", "relevancy_score": 8.1084, "price": "$15.76"}, {"title": "Provon Antimicrobial Soap Foaming, 1200 mL Dispenser Refill Bottle, Unscented, Case of 2", "tags": "New in Hand Soaps Softsoap Soap Method Sanitizing Wipes Stock up on Wash Discover! Staff-Favorite Body Care Sanitizers", "relevancy_score": 0.0, "price": "$60.30"}, {"title": "Skin-Prep Protective Wipes [420400] 50 Each - (Pack of 6)", "tags": "", "relevancy_score": 20.20404705882353, "price": "$93.29"}, {"title": "Softsoap Liquid Hand Soap Refill Aquarium Series (2 PK - 64 OZ)", "tags": "", "relevancy_score": 0.0, "price": "$26.99"}, {"title": "DEB AGB2LT 2000mL Foam Hand Soap Cartridge, PK 4", "tags": "New in Hand Soaps Softsoap Soap Method Sanitizing Wipes Stock up on Wash Discover! Staff-Favorite Body Care Sanitizers", "relevancy_score": 0.0, "price": "$115.18"}, {"title": "CX and CXI Luxury Foam Hand Wash, Cranberry Liquid, 1500mL Refill", "tags": "Georgia Pacific Professional Commercial Soap & Lotion Dispensers Facial Tissue Healthcare Essentials Eco-Friendly Paper Towels Disposable Microfiber Cloths Sanitary Product Receptacles", "relevancy_score": 10.1084, "price": "$41.55"}, {"title": "Go-Jo Industries 507202 Purell Healthcare Healthy Soap Foam Refill 2 Pack", "tags": "", "relevancy_score": 4.055948387096774, "price": "$41.12"}, {"title": "Farmstead Apothecary Foaming Hand Soap, Raspberry Almond, 8.4 Oz", "tags": "Hair Oil L'occitane Oribe Premium Body Washes & Shower Gels Self Care Pampering Deodorants Antiperspirants Value Sizes Sets Hand Lotions Foot Creams", "relevancy_score": 7.1084, "price": "$9.99"}, {"title": "Pure & Natural Body & Facial Soap, .75 oz, Fresh Scent, White 1000/Carton", "tags": "New in Hand Soaps Softsoap Soap Method Sanitizing Wipes Stock up on Wash Discover! Staff-Favorite Body Care Sanitizers", "relevancy_score": 0.0, "price": "$88.46"}, {"title": "Michel Design Works Foaming Shea Butter Hand Soap 17.8 Oz. - Sweet Pumpkin", "tags": "", "relevancy_score": 0.0, "price": "$17.55"}, {"title": "CVS Beauty 360 Liquid Hand Soap Refill, Citrus Fresh, 56 Fl Ounce (Pack of 2)", "tags": "", "relevancy_score": 0.0, "price": "$28.99"}, {"title": "PACIFIC BLUE ULTRA SOAP/SANITIZER DISPENSER 1200 ML REFILL, 5.6\" X 4.4\" X 11.5\", BLACK", "tags": "New in Hand Soaps Softsoap Soap Method Sanitizing Wipes Stock up on Wash Discover! Staff-Favorite Body Care Sanitizers", "relevancy_score": 0.0, "price": "$33.20"}, {"title": "Dial Gold Hand Soap with Moisturizer 1 Gallon Refill", "tags": "", "relevancy_score": 0.0, "price": "$58.00"}, {"title": "Dial Basics HypoAllergenic Foam Hand Soap", "tags": "Body Wash & Shower Gel Stock up on New in Hand Soaps Method Sanitizing Wipes", "relevancy_score": 0.0, "price": "$29.28"}, {"title": "Method Products Method Hand Wash, 12 oz", "tags": "Avalon Organics Body Care New in Hand Soaps Mrs Meyers Soap Method Stock up on Wash Discover! Staff-Favorite", "relevancy_score": 0.0, "price": "$18.70"}, {"title": "Softsoap Liquid Hand Soap, Coconut and Warm Ginger - 11.25 fluid ounce (6 Pack)", "tags": "", "relevancy_score": 0.0, "price": "$59.99"}, {"title": "2 Cases of 12 Pink Pearlized Liquid Lotion Hand Wash Soap 800-ml Dispenser Refill Pouch Bags (24 count)", "tags": "Oxybenzone-Free Sunscreen Kids & Baby Banana Boat Tanning Lotions Oils Stock up on Hand Wash Equate", "relevancy_score": 0.0, "price": "$124.99"}, {"title": "Zep Heavy-Duty Hand Cleaner, 48 Oz", "tags": "Georgia Pacific Professional Commercial Soap & Lotion Dispensers Facial Tissue Healthcare Essentials Eco-Friendly Paper Towels Disposable Microfiber Cloths Sanitary Product Receptacles", "relevancy_score": 15.40404705882353, "price": "$18.88"}, {"title": "Molton Brown Delicious Rhubarb & Rose Fine Liquid Hand Wash 10oz", "tags": "", "relevancy_score": 0.0, "price": "$28.60"}, {"title": "Amber Care One Antibacterial Liquid Hand Soap Refill, 56 Ounces (Pack of 2)", "tags": "", "relevancy_score": 0.0, "price": "$31.99"}, {"title": "Sure Clean Mechanics Hand Soap - 5 gallon pail", "tags": "New in Hand Soaps Softsoap Soap Method Sanitizing Wipes Stock up on Wash Discover! Staff-Favorite Body Care Sanitizers", "relevancy_score": 0.0, "price": "$99.00"}, {"title": "4 Pack - A La Maison de Provence Liquid Hand & Body So ap, Cherry Blossom 16.9 oz", "tags": "New in Hand Soaps Method Bar Soap Sanitizing Wipes Stock up on Wash Discover! Staff-Favorite Body Care Sanitizers", "relevancy_score": 0.0, "price": "$21.24"}, {"title": "250ml Foaming Soap Pump Shampoo Dispenser Lotion Liquid Foam Bottle Container", "tags": "New in Hand Soaps Mrs Meyers Soap Method Sanitizing Wipes Stock up on Wash Sanitizers", "relevancy_score": 0.0, "price": "$10.49"}, {"title": "1PK-Dial Basics Foaming Hand Soap Refill, 1000 mL, Honeysuckle", "tags": "", "relevancy_score": 0.0, "price": "$30.15"}, {"title": "Gojo 521202 Purell Education Fragrance Free Foam Soap", "tags": "", "relevancy_score": 1.0559483870967743, "price": "$55.72"}, {"title": "Deep Steep Argan Oil Liquid Hand Wash, Lavender Chamomile, 17.6 Oz", "tags": "Hand Soaps Avalon Organics Body Care New in Mrs Meyers Soap Discover! Staff-Favorite Moisturizers Method Stock up on Wash Fall Skin Essentials", "relevancy_score": 5.055948387096774, "price": "$13.08"}, {"title": "Rubbermaid Commercial, RCPFG4013131, Green Certified Lotion Soap Refill, 4 / Carton, White", "tags": "Oxybenzone-Free Sunscreen Kids & Baby Bare Republic Coppertone Stock up on Sun Care Mineral Reef-Safe Discover! Staff-Favorite Body", "relevancy_score": 0.0, "price": "$30.03"}, {"title": "Bath and Body Works Gentle Foaming Hand Soap w/Essential Oils- 8.75 fl oz  Pumpkin Apple - Apples Pumpkin & Clove", "tags": "", "relevancy_score": 5.055948387096774, "price": "$13.99"}, {"title": "Sure Clean Mechanics Hand Soap - 4 gallon case", "tags": "New in Hand Soaps Softsoap Soap Method Sanitizing Wipes Stock up on Wash Discover! Staff-Favorite Body Care Sanitizers", "relevancy_score": 0.0, "price": "$89.00"}, {"title": "Earth Friendly Hand Soap - Ecos - Lemongrass - Case Of 6 - 8 Fl Oz", "tags": "New in Hand Soaps Method EO Everyone Body Care Sanitizing Wipes Stock up on Wash Sanitizers", "relevancy_score": 0.0, "price": "$28.23"}, {"title": "iLH Mini Travel Washing Hand Bath Travel Scented Slide Sheets Foaming Box Paper Soap", "tags": "New in Hand Soaps Mrs Meyers Soap Method Sanitizing Wipes Stock up on Wash Sanitizers", "relevancy_score": 5.055948387096774, "price": "$14.29"}, {"title": "Rubbermaid Commercial, RCP402364, One Shot Dispenser Lotion Soap Refill, 4 / Carton", "tags": "Kids & Baby Sunscreen Banana Boat Self-Tanners Bronzers Hand Sanitizing Wipes Tanning Lotions Oils Equate", "relevancy_score": 0.0, "price": "$89.50"}, {"title": "Compagnie de Provence Savon de Marseille Liquid Soap - Glass Bottle", "tags": "New in Hand Soaps Softsoap Soap Method Sanitizing Wipes Stock up on Wash Discover! Staff-Favorite Body Care Sanitizers", "relevancy_score": 0.0, "price": "$28.00"}, {"title": "Island Pearl rich lotionized hand soap - 2 gallon case", "tags": "New in Hand Soaps Softsoap Soap Method Sanitizing Wipes Stock up on Wash Discover! Staff-Favorite Body Care Sanitizers", "relevancy_score": 0.0, "price": "$55.00"}, {"title": "Provon, GOJ872104, ADX-7 Clear & Mild Foam Handwash, 1 Each, Clear, 23.7 fl oz (700 mL)", "tags": "New in Hand Soaps Softsoap Soap Method Sanitizing Wipes Stock up on Wash Discover! Staff-Favorite Body Care Sanitizers", "relevancy_score": 0.0, "price": "$39.37"}, {"title": "Love and Naturals 3 Pack - Wall Mounted Automatic Touchless Gel Sanitizer Hand Soap Dispenser | Modern Auto-Sensor 350ML Gel Sanitizer Hand Soap Dispenser | Essential for Hospitals, Schools, Offices", "tags": "", "relevancy_score": 0.0, "price": "$225.00"}, {"title": "Emerald Lotion Soap, Lavender, Green, 1 L Refill, 8/Carton", "tags": "New in Hand Soaps Softsoap Soap Method Sanitizing Wipes Stock up on Wash Discover! Staff-Favorite Body Care Sanitizers", "relevancy_score": 0.0, "price": "$47.63"}, {"title": "Compagnie de Provence Savon de Marseille Extra Pure Liquid Soap 16.9 Fl Oz Glass Pump Bottle and 33.8 fl oz Plastic Bottle Refill", "tags": "", "relevancy_score": 0.0, "price": "$54.00"}, {"title": "Molton Brown Orange & Bergamot Hand Wash, 10 Fl Oz", "tags": "Premium Body Lotions L'occitane Oribe Washes & Shower Gels Self Care Pampering Deodorants Antiperspirants Value Sizes Sets Hand Foot Creams", "relevancy_score": 0.0, "price": "$45.07"}, {"title": "Gojo ADX-12 Foam Hand & Showerwash Refill, Citrus Ginger, 3 Refills (GOJ881303)", "tags": "New in Hand Soaps Softsoap Soap Method Sanitizing Wipes Stock up on Wash Discover! Staff-Favorite Body Care Sanitizers", "relevancy_score": 0.0, "price": "$56.99"}, {"title": "Antimicrobial Soap McKesson Lotion 8 oz. Bottle Herbal Scent", "tags": "New in Hand Soaps Softsoap Soap Method Sanitizing Wipes Stock up on Wash Discover! Staff-Favorite Body Care Sanitizers", "relevancy_score": 0.0, "price": "$17.50"}, {"title": "Michel Design Works Foaming Shea Butter Hand Soap 17.8 Oz. - Bunny Toile", "tags": "New in Hand Soaps Mrs Meyers Soap Method Sanitizing Wipes Stock up on Wash Sanitizers", "relevancy_score": 0.0, "price": "$17.49"}, {"title": "Sea Minerals & Blue Iris Liquid Hand Soap", "tags": "", "relevancy_score": 0.0, "price": "$21.98"}, {"title": "Castile Soap Towelettes Box of 100", "tags": "All Incontinence New in Hand Soaps Method Adult Hygiene Teeth Whitening Sanitizing Wipes Stock up on Wash Sanitizers", "relevancy_score": 5.055948387096774, "price": "$7.89"}, {"title": "L'epi de Provence Liquid Hand Soap 17.8 Oz. - White Musk", "tags": "", "relevancy_score": 0.0, "price": "$23.95"}, {"title": "Earth Friendly Products Ecos  Hand Soap, 8 oz", "tags": "New in Hand Soaps Method Sanitizing Wipes Stock up on Wash Discover! Staff-Favorite Body Care Sanitizers", "relevancy_score": 0.0, "price": "$27.33"}, {"title": "ATERRA Liquid Hand Soap,1000mL,Fresh Cotton,PK2 12067-34", "tags": "New in Hand Soaps Softsoap Soap Method Sanitizing Wipes Stock up on Wash Discover! Staff-Favorite Body Care Sanitizers", "relevancy_score": 0.0, "price": "$17.10"}, {"title": "Moyo Natural Labs Oval Lotion bottle 8 oz Soap Dispensers with Beautiful Silver Tone Pump Soap Dispenser BPA Free Made in USA(Pack of 2, Blue)", "tags": "", "relevancy_score": 0.0, "price": "$11.99"}, {"title": "Comfort Bath Wipe Soft Pack Aloe Scented, 8 Pack", "tags": "", "relevancy_score": 0.0, "price": "$33.49"}, {"title": "Castelbel Porto Milk & Honey Luxury Liquid Hand Soap Wash 17.0 Oz", "tags": "", "relevancy_score": 0.0, "price": "$23.99"}, {"title": "Gojo, GOJ211708CT, Space Saver Deluxe Lotion Soap Refill, 8 / Carton", "tags": "New in Hand Soaps Softsoap Soap Method Sanitizing Wipes Stock up on Wash Discover! Staff-Favorite Body Care Sanitizers", "relevancy_score": 0.0, "price": "$78.37"}, {"title": "Goldleaf Gardenia Hand Wash-240ml/8.25oz", "tags": "Hair Oil L'occitane Oribe Premium Body Washes & Shower Gels Self Care Pampering Deodorants Antiperspirants Value Sizes Sets Hand Lotions Foot Creams", "relevancy_score": 0.0, "price": "$27.38"}, {"title": "Island Pearl rich lotionized hand soap - 4 gallon case", "tags": "New in Hand Soaps Softsoap Soap Method Sanitizing Wipes Stock up on Wash Discover! Staff-Favorite Body Care Sanitizers", "relevancy_score": 0.0, "price": "$89.00"}, {"title": "Hand Wash", "tags": "Hair Oil L'occitane Oribe Premium Body Washes & Shower Gels Self Care Pampering Deodorants Antiperspirants Value Sizes Sets Hand Lotions Foot Creams", "relevancy_score": 0.0, "price": "$27.99"}, {"title": "Antibacterial Hand Soap from Safeguard Professional, Bulk Liquid Hand Soap Refill, 1 Gal. (Case of 2)", "tags": "", "relevancy_score": 0.0, "price": "$63.00"}, {"title": "Dial TMT Hand Soap with Borax, 5 Lb", "tags": "Men's Bath & Body New in Hand Soaps Method Sanitizing Wipes Stock up on Wash Discover! Staff-Favorite Care Sanitizers", "relevancy_score": 5.055948387096774, "price": "$17.77"}, {"title": "CRC SL1219 1 gal. Liquid Hand Cleaner Cartridge, PK 1", "tags": "UCare LACare Anthem Maine Health OTC Blue KC MA Amerigroup 1 Over-the-Counter Medicines Healthy Benefits Plus HWP", "relevancy_score": 0.0, "price": "$28.84"}, {"title": "WORX ALL-NATURAL HAND CLEANER Powder Hand Cleaner,1 lb.Light Juniper 11-1104", "tags": "New in Hand Soaps Softsoap Soap Method Sanitizing Wipes Stock up on Wash Discover! Staff-Favorite Body Care Sanitizers", "relevancy_score": 5.055948387096774, "price": "$23.82"}, {"title": "J.R. Watkins No-Rinse Foaming Hand Cleanser ? Hand Soap in Pump Dispenser ? Bathroom & Kitchen Foam Cleaner ? All Natural, Alcohol Free, Unscented, 1.6 fl. Oz, 6 Pack", "tags": "", "relevancy_score": 0.0, "price": "$39.99"}, {"title": "Bubble Shack Hand Soap, 12oz Hawaiian Waters Ocean Bliss", "tags": "New in Hand Soaps Softsoap Soap Method Sanitizing Wipes Stock up on Wash Discover! Staff-Favorite Body Care Sanitizers", "relevancy_score": 1.0559483870967743, "price": "$21.98"}, {"title": "Cuticura Medicated Antibacterial Soap Original Formula 5.25 oz (Pack of 3)", "tags": "New in Hand Soaps Method Bar Soap Sanitizing Wipes Stock up on Wash Discover! Staff-Favorite Body Care Sanitizers", "relevancy_score": 0.0, "price": "$14.67"}, {"title": "GOJO\u00ae Gel Pumice Hand Soap Cleaner, Cherry Scent, 67.6 Oz, Case Of 4 Refills", "tags": "New in Hand Soaps Softsoap Soap Method Sanitizing Wipes Stock up on Wash Discover! Staff-Favorite Body Care Sanitizers", "relevancy_score": 0.0, "price": "$139.19"}, {"title": "DEB KCL250ML Hand Soap,Fougere,250mL Size,Beige,PK12 G1857381", "tags": "New in Hand Soaps Softsoap Soap Method Sanitizing Wipes Stock up on Wash Discover! Staff-Favorite Body Care Sanitizers", "relevancy_score": 0.0, "price": "$63.76"}, {"title": "5 Pound Powdered Hand Soap, Application - Hand By Boraxo", "tags": "New in Hand Soaps Softsoap Soap Method Sanitizing Wipes Stock up on Wash Discover! Staff-Favorite Body Care Sanitizers", "relevancy_score": 0.0, "price": "$22.76"}, {"title": "SOUTH OF FRANCE Lemon Verbena Hand Wash 8 OZ", "tags": "New in Hand Soaps Softsoap Soap Method Sanitizing Wipes Stock up on Wash Discover! Staff-Favorite Body Care Sanitizers", "relevancy_score": 0.0, "price": "$5.99"}, {"title": "Scottish Fine Soaps Au Lait Cream Hand Wash 750 ml", "tags": "", "relevancy_score": 3.055948387096774, "price": "$31.99"}, {"title": "Michel Design Works Foaming Shea Butter Hand Soap 17.8 Oz. - Christmas Snow", "tags": "", "relevancy_score": 0.0, "price": "$17.49"}, {"title": "barr-co reserve liquid hand soap 16oz", "tags": "Hair Oil L'occitane Oribe Premium Body Washes & Shower Gels Self Care Pampering Deodorants Antiperspirants Value Sizes Sets Hand Lotions Foot Creams", "relevancy_score": 0.0, "price": "$49.42"}, {"title": "6PK CUPRAN 2000ML SOFTBOTTLE REFILL 6PK", "tags": "Automotive Paint, Paint Tools & Accessories Tools, Prep, Masking, Chemicals Body and Interior Repair Auto Removers Strippers Strippers, Reducers, Solvents, Fillers Other Filler All", "relevancy_score": 0.0, "price": "$41.69"}, {"title": "A La Maison - French Liquid Soap - Lavender Aloe - 16.9 fl oz", "tags": "New in Hand Soaps Mrs Meyers Soap Method Bar Sanitizing Wipes Stock up on Wash Sanitizers", "relevancy_score": 0.0, "price": "$19.00"}, {"title": "3 Bath & Beauty  Antibacterial Liquid Hand Soap Lemon or Lavender or Apple Scent 16.9 Fl oz Each", "tags": "", "relevancy_score": 0.0, "price": "$17.99"}, {"title": "Felce Azzurra Intimate Hygiene Delicate Liquid Soap (classic) 200ml 6.8oz", "tags": "New in Hand Soaps Softsoap Soap Method Sanitizing Wipes Stock up on Wash Discover! Staff-Favorite Body Care Sanitizers", "relevancy_score": 0.0, "price": "$12.00"}, {"title": "Tea Tree Mint Liquid  Hand Soap 16 fl oz", "tags": "", "relevancy_score": 0.0, "price": "$15.95"}, {"title": "Glo-Germ 588646 8 oz Products Gel", "tags": "New in Hand Soaps Softsoap Soap Method Sanitizing Wipes Stock up on Wash Discover! Staff-Favorite Body Care Sanitizers", "relevancy_score": 0.0, "price": "$20.30"}, {"title": "Panier Des Sens Rose Liquid Marseille Soap and Hand Cream Set", "tags": "New in Hand Soaps Lotions & Creams Method Sanitizing Wipes Stock up on Wash Discover! Staff-Favorite Body Care Sanitizers", "relevancy_score": 0.0, "price": "$39.95"}, {"title": "Foaming Hand Wash Cherry Blossom 8.5 OZ", "tags": "New in Hand Soaps Softsoap Soap Method Sanitizing Wipes Stock up on Wash Discover! Staff-Favorite Body Care Sanitizers", "relevancy_score": 0.0, "price": "$14.25"}, {"title": "California Baby Wash Up!, Squeaky Clean", "tags": "Baby Care & Grooming Lotions Body Washes Shampoos Oils Johnson's", "relevancy_score": 0.0, "price": "$29.98"}, {"title": "Liquid African Black Soap \u2013 Citrus Mint", "tags": "New in Hand Soaps Softsoap Soap Method Sanitizing Wipes Stock up on Wash Discover! Staff-Favorite Body Care Sanitizers", "relevancy_score": 5.055948387096774, "price": "$15.00"}, {"title": "Rinse-Free Perineal Wash, McKesson, Liquid 8 oz. Pump Bottle Fresh Scent, 53-28013-8 - EACH", "tags": "New in Hand Soaps Method Adult Hygiene Sanitizing Wipes Stock up on Wash Discover! Staff-Favorite Body Care Sanitizers", "relevancy_score": 0.0, "price": "$7.74"}, {"title": "African Formula Carrot Soap, 3 Oz", "tags": "", "relevancy_score": 0.0, "price": "$5.99"}, {"title": "Palmer's Skin Success Anti-Dark Spot Complexion Bar, 3.50 oz (Pack of 6)", "tags": "New in Hand Soaps Method Bar Soap Sanitizing Wipes Stock up on Wash Discover! Staff-Favorite Body Care Sanitizers", "relevancy_score": 0.0, "price": "$20.78"}, {"title": "Rubbermaid Commercial, RCP750389, One Shot Foam Free 'N Clean Soap, 4 / Carton, Multicolor, 54.1 fl oz (1600 mL)", "tags": "Cosco ClosetMaid Suncast The Pioneer Woman Better Homes & Gardens Umbra Farberware Mainstays", "relevancy_score": 0.0, "price": "$63.78"}, {"title": "Smelly Powdered Foam Hand Soap", "tags": "", "relevancy_score": 0.0, "price": "$10.99"}, {"title": "Kamill Liquid Hand Soap Fresh 10.14 fl oz (300ml) Dispenser", "tags": "New in Hand Soaps Softsoap Soap Method Sanitizing Wipes Stock up on Wash Discover! Staff-Favorite Body Care Sanitizers", "relevancy_score": 0.0, "price": "$13.99"}, {"title": "Permatex 476710132 01013 14 oz Hand Cleaner", "tags": "All Feminine Care Yeast Infection Treatments Washes Douches Method Hand Soaps Sanitizing Wipes Sanitizers Summer's Eve", "relevancy_score": 0.0, "price": "$12.15"}, {"title": "Dial Liquid Hand Soap, Cucumber & Mint, 7.5 Ounce, 6 Pack", "tags": "", "relevancy_score": 0.0, "price": "$34.99"}, {"title": "Michel Design Works Foaming Shea Butter Hand Soap 17.8 Oz. - Peppermint", "tags": "", "relevancy_score": 0.0, "price": "$17.49"}, {"title": "Jurlique Restoring Hand Wash Lemon, Geranium & Clary Sage 10.1 oz", "tags": "Hair Oil L'occitane Oribe Premium Body Washes & Shower Gels Self Care Pampering Deodorants Antiperspirants Value Sizes Sets Hand Lotions Foot Creams", "relevancy_score": 0.0, "price": "$46.24"}]