[{"title": "Tom's of Maine Rapid Relief Sensitive Fluoride-Free Natural Toothpaste, Fresh Mint, 4.0 oz", "tags": "Kids Oral Care Tom's of Maine Body Sensitive Toothpaste All Whitening Hello Sensodyne", "relevancy_score": 878.5969921397381, "price": "$11.00"}, {"title": "Tom's of Maine Wicked Fresh! Anticavity Natural Toothpaste, Cool Peppermint, 4.7oz", "tags": "Kids Oral Care Tom's of Maine Body Charcoal Teeth Whitening All Toothpaste Hello", "relevancy_score": 145.78002580645162, "price": "$4.88"}, {"title": "Colgate Cavity Protection Toothpaste with Fluoride, Great Regular Flavor, 6 Oz, 3 Ct", "tags": "Stock up on Allergy Back to College Up Vitamins & Supplements Cleaning Supplies Incontinence Pain Relief Eye Care American Jobs 2020", "relevancy_score": 5262.658753002611, "price": "$3.96"}, {"title": "4 Pack - Aim Multi-Benefit Cavity Protection Gel Toothpaste, Ultra Mint 5.50 oz", "tags": "Kids Oral Care Stock up on Deodorant & Antiperspirant Colgate All Dry Mouth Mouthwash Toothpaste", "relevancy_score": 29.35247567567567, "price": "$11.12"}, {"title": "Parodontax Complete Protection Gingivitis Toothpaste for Bleeding Gums, Pure Fresh Mint - 3.4 Ounces", "tags": "Crest All Toothpaste Gum Health Dry Mouth Mouthwash Whitening Sensodyne", "relevancy_score": 881.3630535211267, "price": "$5.92"}, {"title": "Hello Activated Charcoal Fluoride Whitening Toothpaste, With Fresh Mint and Coconut Oil, Vegan & SLS Free, 4oz", "tags": "Toms Toothpaste Crest All Clean Living Oral Care 3D White Whitening Hello", "relevancy_score": 1079.4568909090908, "price": "$4.82"}, {"title": "Colgate Max Fresh Toothpaste with Mini Breath Strips, Cool Mint - 6.0 Ounce (3 Pack)", "tags": "Deodorants & Antiperspirants Dove Personal Care Crest All Toothpaste Colgate", "relevancy_score": 1443.1352727272726, "price": "$5.92"}, {"title": "Crest Toothpaste, Whitening Baking Soda and Peroxide, 5.7 oz, 3 Pack", "tags": "Stock up on Allergy Back to College Up Vitamins & Supplements Cleaning Supplies Incontinence Pain Relief Eye Care American Jobs 2020", "relevancy_score": 3723.3202732919253, "price": "$3.94"}, {"title": "Jason Power Smile Whitening Toothpaste, Powerful Peppermint 6 oz", "tags": "Toms Toothpaste Tom's of Maine All Mouthwash Charcoal Teeth Whitening Hello", "relevancy_score": 726.686495652174, "price": "$6.67"}, {"title": "Equate Maximum Strength Sensitive Extra Whitening Toothpaste with Fluoride, 4 oz", "tags": "", "relevancy_score": 1904.0248519480522, "price": "$3.47"}, {"title": "Tom's Antiplaque & Whitening Fluoride-Free Peppermint Toothpaste, 5.5oz, 2 Pack", "tags": "Stock up on Allergy All Bath & Body Clean Living Deodorants Antiperspirants Back to College Up Vitamins Supplements Incontinence American Jobs 2020", "relevancy_score": 1004.1230222222223, "price": "$7.96"}, {"title": "Tom's of Maine Simply White Natural Toothpaste, Clean Mint, 4.7 oz", "tags": "Kids Oral Care Tom's of Maine Body Charcoal Teeth Whitening All Toothpaste Hello", "relevancy_score": 2040.4389338742396, "price": "$5.42"}, {"title": "Colgate Optic White Advanced Teeth Whitening Toothpaste, Sparkling White, 3.2 Oz, 2 Ct", "tags": "Crest All Toothpaste 3D White Colgate Total Optic Whitening", "relevancy_score": 1121.6627402985075, "price": "$8.58"}, {"title": "Crest Plus Scope Outlast Complete Whitening Toothpaste, 5.4 oz 3 Pack", "tags": "Crest Mouthwash All Toothpaste Whitening Strips Teeth", "relevancy_score": 1798.392700990099, "price": "$6.52"}, {"title": "CloSYS Fluoride Toothpaste, 3.4 Ounce, Gentle Mint, Whitening, Sulfate Free, Travel Size, TSA Compliant (1C-34-24F)", "tags": "Toms Toothpaste All Dry Mouth Mouthwash Tom's of Maine Whitening Hello Sensodyne", "relevancy_score": 133.26493793103447, "price": "$6.83"}, {"title": "My Magic Mud Activated Charcoal Toothpaste, All Natural Whitening Toothpaste, Detoxifying Oral Care, Peppermint, 4 oz.", "tags": "Toms Toothpaste All Crest Clean Living Oral Care 3D White Teeth Whitening Hello", "relevancy_score": 5004.26207409891, "price": "$7.97"}, {"title": "Aquafresh Kids Pump Cavity Protection Bubble Mint Fluoride Toothpaste for Cavity Protection, 4.6 ounce", "tags": "Anthem BCBS OTC 1 Children's Equate Oral Care Whiten Smile Toothbrushes Healthy Benefits Plus HWP", "relevancy_score": 490.2880352941176, "price": "$2.88"}, {"title": "Rembrandt Deeply White + Peroxide Whitening Toothpaste, Peppermint Flavor, 3.5-Ounce (2 Pack)", "tags": "Stock up on Allergy Father's Day Beard Care Gifts Back to College Up Vitamins & Supplements Cleaning Supplies Incontinence Pain Relief American Jobs 2020", "relevancy_score": 449.60445467625897, "price": "$12.07"}, {"title": "Crest 3D White Therapy Fluoride Toothpaste, Charcoal, Mint, 4.1 oz", "tags": "All Crest Toothpaste 3D White Teeth Whitening Charcoal Hello", "relevancy_score": 872.3763616438356, "price": "$6.97"}, {"title": "Orajel Paw Patrol Fluoride-Free Training Toothpaste, Fruity Fun Flavor, One 1.5oz Tube: Orajel #1 Pediatrician Recommended Brand for Kids Non-Fluoride Toothpaste", "tags": "Colgate Kids Electric Toothbrushes Baby Oral Care All Toothpaste Manual Men's Personal", "relevancy_score": 590.2812903225806, "price": "$2.88"}, {"title": "Tom's of Maine Simply White Natural Toothpaste, Clean Mint, 4.7 oz", "tags": "Kids Oral Care Tom's of Maine Body Charcoal Teeth Whitening All Toothpaste Hello", "relevancy_score": 2040.4389338742396, "price": "$5.42"}, {"title": "Colgate Optic White Advanced Teeth Whitening Toothpaste, Icy Fresh, 3.2 Oz, 2 Ct", "tags": "Stock up on Allergy Paper & Plastic Back to College Up Vitamins Supplements Cleaning Supplies Incontinence Pain Relief American Jobs 2020", "relevancy_score": 943.5158962343096, "price": "$8.58"}, {"title": "Colgate Optic White Advanced Teeth Whitening Toothpaste, Sparkling White, 3.2 Oz, 3 Ct", "tags": "Stock up on Allergy Back to College Up Vitamins & Supplements Cleaning Supplies Incontinence Pain Relief Eye Care American Jobs 2020", "relevancy_score": 1069.9462163424125, "price": "$10.58"}, {"title": "Crest Pro Health Advanced Deep Clean Toothpaste, Mint, 5.1 oz, 3 Pack", "tags": "Stock up on Allergy Back to College Up Vitamins & Supplements Cleaning Supplies Incontinence Pain Relief Eye Care American Jobs 2020", "relevancy_score": 430.2937256198347, "price": "$9.97"}, {"title": "Colgate Sparkling White Cinnamint 6 oz. Toothpaste, 3 Pack", "tags": "Stock up on Allergy Back to College Up Vitamins & Supplements Cleaning Supplies Incontinence Pain Relief Eye Care American Jobs 2020", "relevancy_score": 499.4990608695652, "price": "$3.96"}, {"title": "Sensodyne Complete Protection Sensitive Toothpaste, Extra Fresh - 3.4 Ounces", "tags": "Crest All Toothpaste Colgate Pro Health Sensitive Sensodyne", "relevancy_score": 1815.6047811320752, "price": "$5.72"}, {"title": "JASON Healthy Mouth Tartar Control Fluoride-Free Toothpaste, 4.2 Ounce Tube", "tags": "Toms Toothpaste All Dry Mouth Mouthwash Tom's of Maine Whitening Hello", "relevancy_score": 213.68743157894735, "price": "$7.08"}, {"title": "Crest Cavity Protection Toothpaste, Regular, 0.85 oz", "tags": "Kids Oral Care All Crest Toothpaste Colgate Pro Health 3D White Whitening", "relevancy_score": 1054.6641754646841, "price": "$0.97"}, {"title": "Sensodyne Repair and Protect Teeth Whitening Sensitive Toothpaste - 3.4 Ounces", "tags": "Crest All Toothpaste Colgate Sensitive Mouthwash Sensodyne", "relevancy_score": 2055.235911111111, "price": "$5.72"}, {"title": "(4 pack) Arm & Hammer Advance White Extreme Whitening Baking Soda and Peroxide Toothpaste, 6 Oz", "tags": "Laundry Detergents All Moisture Absorbers In Wash Scent Booster Fabric Softener Best High Efficiency Liquid Detergent Arm and Hammer", "relevancy_score": 376.033189380531, "price": "$10.88"}, {"title": "Tom's of Maine Simply White Natural Toothpaste, Clean Mint, 4.7 oz", "tags": "Kids Oral Care Tom's of Maine Body Charcoal Teeth Whitening All Toothpaste Hello", "relevancy_score": 2040.4389338742396, "price": "$5.42"}, {"title": "Colgate Total Advanced Whitening Toothpaste with Fluoride, Multi Benefits with Sensitivity Relief, 5.1 Oz, 2 Ct", "tags": "Stock up on Allergy Back to College Up Vitamins & Supplements Cleaning Supplies Incontinence Pain Relief Eye Care American Jobs 2020", "relevancy_score": 2057.694835714286, "price": "$6.96"}, {"title": "(4 pack) Crest Pro-Health Sensitive & Enamel Shield Toothpaste, 4.6 oz", "tags": "All Crest Toothpaste Colgate Pro Health Sensitive Whitening Sensodyne", "relevancy_score": 329.35686896551726, "price": "$16.12"}, {"title": "Sensodyne Complete Protection Fluoride Toothpaste for Sensitive Teeth, 3.4 ounces", "tags": "Crest All Toothpaste Colgate Sensitive Charcoal Teeth Whitening Sensodyne", "relevancy_score": 1864.4059267605635, "price": "$5.72"}, {"title": "Sensodyne Pronamel Multi-Action Enamel Toothpaste for Sensitive Teeth, Cleansing Mint - 4 Ounces", "tags": "Crest All Toothpaste Gum Health Pro Sensitive Dry Mouth Mouthwash Whitening Sensodyne", "relevancy_score": 1822.1006848920865, "price": "$5.72"}, {"title": "Sensodyne Pronamel Intensive Enamel Repair Toothpaste for Sensitive Teeth, Extra Fresh - 3.4 Ounces", "tags": "Crest All Toothpaste Dry Mouth Mouthwash Whitening Cold Weather Skincare Sensodyne", "relevancy_score": 924.5827459459458, "price": "$5.72"}, {"title": "Sensodyne Sensitivity & Gum Mint Toothpaste, , Gingivitis, Cavity Prevention and Sensitive Teeth Treatment 3.4 Ounces", "tags": "Crest All Toothpaste Colgate Pro Health Whitening Sensodyne", "relevancy_score": 1452.737161445783, "price": "$5.92"}, {"title": "Sensodyne Pronamel Gentle Whitening Enamel Toothpaste for Sensitive Teeth, Alpine Breeze - 4 Ounces", "tags": "Crest All Toothpaste Gum Health Colgate Sensitive Whitening Sensodyne", "relevancy_score": 1958.4168179372198, "price": "$5.72"}, {"title": "Sensodyne Complete Protection Sensitive Toothpaste, Extra Fresh - 3.4 Ounces (Pack of 2)", "tags": "Stock up on Allergy Paper & Plastic Back to College Up Vitamins Supplements Cleaning Supplies Incontinence Pain Relief American Jobs 2020", "relevancy_score": 999.4212628099175, "price": "$10.24"}, {"title": "Sensodyne Repair and Protect Teeth Whitening Sensitive Toothpaste - 3.4 Ounces (Pack of 2)", "tags": "Stock up on Allergy Paper & Plastic Back to College Up Vitamins Supplements Cleaning Supplies Incontinence Pain Relief American Jobs 2020", "relevancy_score": 1331.9371614457832, "price": "$10.24"}, {"title": "Tom's of Maine Simply White Natural Toothpaste, Clean Mint, 4.7 oz", "tags": "Kids Oral Care Tom's of Maine Body Charcoal Teeth Whitening All Toothpaste Hello", "relevancy_score": 2040.4389338742396, "price": "$5.42"}, {"title": "Colgate 2-in-1 Kids Toothpaste & Anticavity Mouthwash, Watermelon Burst, 4.6 ounces", "tags": "Kids Toothbrushes Colgate Electric Baby Oral Care All Toothpaste ACT Mouthwash Manual", "relevancy_score": 281.32419130434783, "price": "$3.66"}, {"title": "Sensodyne Tartar Control plus Whitening Fluoride Toothpaste for Sensitive Teeth, 4 ounces", "tags": "Crest All Toothpaste Teeth Whitening Sensitive Charcoal Sensodyne", "relevancy_score": 1366.125475, "price": "$6.26"}, {"title": "Crest Kid's Cavity Protection Toothpaste (children and toddlers 2+), Sparkle Fun Flavor, 4.6 ounces, Pack of 2", "tags": "Crest All Toothpaste Colgate Baby Oral Care Manual Toothbrushes", "relevancy_score": 1578.1765263157895, "price": "$9.88"}, {"title": "4 Pack - Close-Up Fluoride Toothpaste, Freshening Red Gel 4 oz", "tags": "Toms Toothpaste Crest All Colgate Clean Living Oral Care Tom's of Maine Hello", "relevancy_score": 42.19587692307692, "price": "$11.53"}, {"title": "Sensodyne Extra Whitening Sensitive Teeth Whitening Toothpaste - 0.8 Ounces", "tags": "Crest All Toothpaste Colgate 3D White Optic Whitening Sensodyne", "relevancy_score": 1107.0656, "price": "$1.47"}, {"title": "(2 pack) Sensodyne Sensitivity Toothpaste, Extra Whitening for Sensitive Teeth, 4 ounce", "tags": "All Teeth Whitening Sensitive Toothpaste Colgate Charcoal Sensodyne", "relevancy_score": 628.4255228915662, "price": "$9.99"}, {"title": "Colgate Cavity Protection Toothpaste with Fluoride, Great Regular Flavor - 1.0 Ounce", "tags": "Kids Oral Care Crest All Toothpaste Colgate Optic White Whitening Sensodyne", "relevancy_score": 16.40574117647059, "price": "$0.97"}, {"title": "Biotene Gentle Formula Gentle Mint Toothpaste 4.3 Oz Box", "tags": "Oral Pain Relief All Accessories Breath Freshener Dry Mouth Mouthwash Sensodyne Toothpaste", "relevancy_score": 804.969810989011, "price": "$6.33"}, {"title": "Crest Gum and Sensitivity Sensitive Toothpaste, Whitening, 4.1 oz", "tags": "All Crest Toothpaste Gum Health Pro Sensitive Whitening Sensodyne", "relevancy_score": 373.7995889908257, "price": "$6.97"}, {"title": "Colgate Zero Vegan Fluoride Toothpaste, Natural Flavor, Peppermint Gel, 4.6 Oz, 1 Ct", "tags": "Toms Toothpaste All Crest Colgate Total Optic White Whitening Hello", "relevancy_score": 909.1365928286851, "price": "$4.96"}, {"title": "CloSYS Fluoride Free Toothpaste, 3.4 Ounce, Travel Size, Gentle Mint, TSA Compliant, Sulfate Free", "tags": "Toms Toothpaste Clean Living Oral Care All Dry Mouth Mouthwash Tom's of Maine Whitening Hello", "relevancy_score": 65.49734545454545, "price": "$6.83"}, {"title": "Crest 3D Whitening Therapy Charcoal Toothpaste, Tea Tree Oil, 4.1 oz", "tags": "All Crest Toothpaste Gum Health Pro 3D White Charcoal Teeth Whitening Hello", "relevancy_score": 298.43628387096777, "price": "$6.97"}, {"title": "Crest Gum and Breath Purify Toothpaste, Deep Clean, 4.1 oz", "tags": "Crest Mouthwash All Toothpaste Gum Health Pro 3D White Sensitive", "relevancy_score": 311.0362838709678, "price": "$6.97"}, {"title": "Crest Training Toothpaste, Fluoride Free, Mild Strawberry Gel, 1.6 oz", "tags": "Kids Oral Care Colgate Baby Oral-B All Toothpaste Manual Toothbrushes Hello", "relevancy_score": 303.1481191489362, "price": "$2.97"}, {"title": "Crest 3D White, Charcoal Whitening Toothpaste, 4.1 oz, Pack of 3", "tags": "Stock up on Allergy Back to College Up Vitamins & Supplements Cleaning Supplies Incontinence Pain Relief Eye Care American Jobs 2020", "relevancy_score": 462.652923076923, "price": "$10.49"}, {"title": "Hello Turmeric Brightening Booster Fluoride Free Toothpaste, Vegan & SLS Free, 4oz", "tags": "Kids Oral Care Toms Toothpaste Clean Living Baby Tom's of Maine Charcoal Teeth Whitening All", "relevancy_score": 448.83412283464565, "price": "$6.96"}, {"title": "Crest Pro Health Pro Active Defense Toothpaste, 4.0 oz", "tags": "Crest Mouthwash All Toothpaste Gum Health Colgate Pro 3D White", "relevancy_score": 357.65395384615385, "price": "$4.97"}, {"title": "2 Pack - Orajel Toddler Training Toothpaste, Fruity Fun, 1.50 oz", "tags": "Kids Oral Care Colgate Electric Toothbrushes Baby All Toothpaste Manual Men's Personal", "relevancy_score": 434.5866, "price": "$8.70"}, {"title": "Crest Pro Health Gum Detoxify Charcoal Fluoride Toothpaste for Anticavity and Antigingivitis, Soft Mint, 4.1 oz", "tags": "", "relevancy_score": 222.92233846153843, "price": "$6.97"}, {"title": "2 Pack Arm & Hammer Complete Care Toothpaste Fresh Mint 6oz Each", "tags": "Laundry Detergents All Moisture Absorbers In Wash Scent Booster Fabric Softener Best High Efficiency Liquid Detergent Arm and Hammer", "relevancy_score": 5.111251612903226, "price": "$12.53"}, {"title": "Essential Oxygen - BR Organic Toothpaste Fresh Mint - 4 oz.", "tags": "Kids Oral Care Crest All Toothpaste Colgate Whitening Sensodyne", "relevancy_score": 0.0, "price": "$7.59"}, {"title": "Colgate Enamel Health Sensitivity Relief Anticavity Toothpaste Fresh Mint Gel - 6 OZ", "tags": "Colgate Total Toothpaste Sensitive All Dry Mouth Mouthwash Sensodyne", "relevancy_score": 0.0, "price": "$11.94"}, {"title": "Arm And Hammer Sensitive Teeth And Gum Toothpaste 4.5 oz 3 Pack", "tags": "Laundry Detergents All Moisture Absorbers In Wash Scent Booster Fabric Softener Best High Efficiency Liquid Detergent Arm and Hammer", "relevancy_score": 5.111251612903226, "price": "$21.37"}, {"title": "5 Pack Arm & Hammer Complete Care Toothpaste Fresh Mint 6oz Each", "tags": "Laundry Detergents All Moisture Absorbers In Wash Scent Booster Fabric Softener Best High Efficiency Liquid Detergent Arm and Hammer", "relevancy_score": 5.111251612903226, "price": "$24.80"}, {"title": "Arm And Hammer Sensitive Teeth And Gum Toothpaste 4.5 oz 2 Pack", "tags": "Laundry Detergents All Moisture Absorbers In Wash Scent Booster Fabric Softener Best High Efficiency Liquid Detergent Arm and Hammer", "relevancy_score": 0.0, "price": "$13.16"}, {"title": "4 Pack - Baby Orajel Tooth And Gum Cleanser Fruit Flavor 0.7oz Each", "tags": "Kids Oral Care Toothbrushes Colgate B Manual All Toothpaste", "relevancy_score": 1831.9970627737225, "price": "$15.43"}, {"title": "Organix South Toothpaste Vegan Mint (Carton) 4.23oz", "tags": "Dr. Bronner's Body Care Clean Living Oral All Dry Mouth Mouthwash Tom's of Maine Charcoal Teeth Whitening Toothpaste", "relevancy_score": 126.40122857142858, "price": "$8.58"}, {"title": "Colgate Anticavity Fluoride Toothpaste Sparkling White Cinnamint with Cinnamon & Natural Mint Flavor Gel - Gluten Free", "tags": "Kids Oral Care Crest All Toothpaste Colgate Total Optic White Whitening", "relevancy_score": 10.21555, "price": "$7.99"}, {"title": "Tom's of Maine Luminous White Toothpaste, Clean Mint, 0.75 Oz", "tags": "Toms Toothpaste All Crest Colgate Tom's of Maine Sensodyne Men's Personal Care", "relevancy_score": 817.1489739130434, "price": "$17.75"}, {"title": "Tom's of Maine Whole Care Natural Toothpaste, Wintermint 4 oz", "tags": "Kids Oral Care All Crest Toothpaste Tom's of Maine Charcoal Teeth Whitening", "relevancy_score": 27.952475675675675, "price": "$8.04"}, {"title": "Pepsodent Complete Care Toothpaste Original Flavor 6 oz (Pack of 3)", "tags": "Kids Oral Care Toms Toothpaste Crest All Colgate Whitening Sensodyne", "relevancy_score": 20.40574117647059, "price": "$9.97"}, {"title": "6 Pack - Close-Up Fluoride Toothpaste, Freshening Red Gel 4 oz", "tags": "Kids Oral Care Crest All Toothpaste Colgate Whitening Sensodyne", "relevancy_score": 20.40574117647059, "price": "$14.09"}, {"title": "Crest\u00ae Gum Detoxify? Deep Clean Fluoride Toothpaste 4-4.1 oz. Boxes", "tags": "Crest Mouthwash All Toothpaste Gum Health Pro 3D White Whitening", "relevancy_score": 1866.2109517241377, "price": "$27.79"}, {"title": "Aquafresh Maximum Strength Sensitive + Gentle Whitening Toothpaste, Smooth Mint 5.6 oz", "tags": "Crest All Toothpaste Colgate Pro Health Sensitive Whitening", "relevancy_score": 44.8622, "price": "$7.40"}, {"title": "Tom's Of Maine Propolis & Myrrh Toothpaste Fluoride-Free Cinnamint, 5.5 OZ", "tags": "Toms Toothpaste Clean Living Oral Care Tom's of Maine Charcoal Teeth Whitening All Hello", "relevancy_score": 92.53728979591837, "price": "$10.19"}, {"title": "Dr. Bronner's Cinnamon Toothpaste, 5 oz", "tags": "Kids Oral Care Toms Toothpaste Clean Living Body Wash Tom's of Maine Discover! Staff-Favorite All Gift Ideas for Bar Soaps", "relevancy_score": 129.29517288135594, "price": "$24.90"}, {"title": "Crest 3D White Brilliance Advanced Whitening Technology Plus Advanced Stain Protection Toothpaste, Vibrant Peppermint, 0.85 oz", "tags": "Crest Mouthwash All Toothpaste Gum Health 3D White Whitening", "relevancy_score": 15.926063157894736, "price": "$4.37"}, {"title": "Tom's of Maine Toddler Toothpaste and Toothbrush, Mild Fruit 1ct", "tags": "Kids Oral Care Toothbrushes Baby Colgate Tom's of Maine All Manual Toothpaste", "relevancy_score": 29.374799999999997, "price": "$9.77"}, {"title": "(4 pack) Crest Pro-Health Whitening Gel Toothpaste, 4.6 oz", "tags": "Crest Mouthwash All Toothpaste Pro Health 3D White Dry Mouth Whitening", "relevancy_score": 0.0, "price": "$9.79"}, {"title": "4 Pack Biotene Fresh Mint Original Gentle Formula Fluoride Toothpaste, 4.3 Ounces Each", "tags": "Crest All Toothpaste Colgate Dry Mouth Mouthwash Sensodyne", "relevancy_score": 0.0, "price": "$32.89"}, {"title": "Tom's of Maine Toddler Fluoride Free Training Toothpaste, Mild Fruit 1.75 oz (Pack of 2)", "tags": "Toms Toothpaste Clean Living Oral Care Baby Tom's of Maine All Manual Toothbrushes Hello", "relevancy_score": 47.8622, "price": "$13.35"}, {"title": "Crest Pro-Health Sensitivity Complete Protection Toothpaste, 6.0 oz", "tags": "Toms Toothpaste Crest Mouthwash All Gum Health Pro 3D White Sensitive", "relevancy_score": 227.53912911392402, "price": "$9.63"}, {"title": "Crest Complete Whitening + Scope Outlast Mint Toothpaste 7.3 oz 5-Pack", "tags": "All Crest Toothpaste Colgate Pro Health 3D White Whitening Sensodyne", "relevancy_score": 350.2539538461539, "price": "$19.34"}, {"title": "Orajel Paw Patrol Anticavity Fluoride Toothpaste 4.20 oz (Pack of 3)", "tags": "Paw Patrol Outdoor Bedding Skye Ultimate Rescue Furniture Marshall Chase Mighty Pups", "relevancy_score": 962.9989565217392, "price": "$14.47"}, {"title": "6 Pack - Close-Up Toothpaste Gel Freshening Red 6 oz", "tags": "Kids Oral Care Crest All Toothpaste Colgate Pro Health Whitening Sensodyne", "relevancy_score": 16.40574117647059, "price": "$17.32"}, {"title": "Ark Naturals Brushless Toothpaste for Dogs Dental Health, Mini", "tags": "Nature Gnaws Dog Treats Toothbrushes Stress & Anxiety Dental Care Toothpaste Omega Paw Pet Supplies Collars", "relevancy_score": 637.6329428571428, "price": "$10.70"}, {"title": "Elgydium Whitening Toothpaste 75ml", "tags": "Kids Oral Care Crest All Toothpaste Colgate Whitening Sensodyne", "relevancy_score": 5.111251612903226, "price": "$10.99"}, {"title": "Colgate Triple Action Toothpaste 8 oz (Pack of 4)", "tags": "Kids Oral Care All Crest Toothpaste Colgate Total Whitening Irish Spring Bar Soap", "relevancy_score": 10.21555, "price": "$18.88"}, {"title": "Tom's of Maine Charcoal Fluoride Free Toothpaste, 4.7oz", "tags": "Kids Oral Care Tom's of Maine Body Charcoal Teeth Whitening All Toothpaste Hello", "relevancy_score": 1314.4139650485436, "price": "$12.54"}, {"title": "Product Of Colgate, Sparkling White Tooth Paste , Count 1 - Tooth Paste / Grab Varieties & Flavors", "tags": "Kids Oral Care Crest All Toothpaste Pro Health Colgate Total Optic White", "relevancy_score": 0.0, "price": "$1.23"}, {"title": "Crest Complete Whitening + Scope Minty Fresh Striped Toothpaste, 6.2 oz TWIN", "tags": "Kids Oral Care Toms Toothpaste Crest Mouthwash All Pro Health Tom's of Maine Whitening", "relevancy_score": 14406.016068585888, "price": "$4.82"}, {"title": "BreathRx Whitening Toothpaste, 4-Ounce Tubes (Pack of 2)", "tags": "All Oral Accessories Breath Freshener Dry Mouth Mouthwash Toothpaste Whitening", "relevancy_score": 20.40574117647059, "price": "$10.99"}, {"title": "SmartMouth Premium Zinc Ion Toothpaste, Mild Mint 6 oz", "tags": "Oral Pain Relief Kids Care Toms Toothpaste Travel Size Toiletries & Kits All Breath Freshener Dry Mouth Mouthwash", "relevancy_score": 43.8622, "price": "$9.77"}, {"title": "Jack N' Jill Natural Toothpaste Organic, Strawberry, 50g (1.76 oz)", "tags": "Kids Oral Care Toms Toothpaste Clean Living Baby Tom's of Maine Charcoal Teeth Whitening Hello", "relevancy_score": 20.40574117647059, "price": "$7.64"}, {"title": "Orajel Paw Patrol Anticavity Fluoride Toothpaste 4.20 Oz", "tags": "Paw Patrol Outdoor Bedding Skye Ultimate Rescue Furniture Marshall Chase Mighty Pups", "relevancy_score": 10.21555, "price": "$7.92"}, {"title": "TheraNeem Neem Toothpaste, Mint | Supports Healthy Teeth and Gums and a Fresh Mouth | No Fluoride | Travel Size, 0.7oz", "tags": "Crest All Toothpaste Dry Mouth Mouthwash Whitening Hello Sensodyne", "relevancy_score": 5.21555, "price": "$4.82"}, {"title": "Gel-Kam Fluoride Preventive Treatment Gel Mint Flavor 4.30 oz", "tags": "Minerals Anthem BCBS OTC 1 Amerigroup FSA/HSA Eligible Dental Care PHMOTC CPCT HWP All Mineral Supplements", "relevancy_score": 43.09587692307693, "price": "$14.99"}, {"title": "Rembrandt Intense Stain Whitening Toothpaste with Fluoride Mint, 3.52 oz", "tags": "Crest All Toothpaste Teeth Whitening Colgate Charcoal Sensodyne", "relevancy_score": 560.7769558441559, "price": "$10.68"}, {"title": "The Sensodyne Repair & Protect Toothpaste for Sensitve Teeth (3.4 oz., 5 pk.)", "tags": "Kids Oral Care Crest All Toothpaste Colgate Sensitive Whitening Sensodyne", "relevancy_score": 10.21555, "price": "$26.34"}, {"title": "4 Pack - Hello Kids Fluoride Toothpaste, Blue Raspberry 4.2 oz", "tags": "Kids Oral Care Toms Toothpaste Clean Living Baby Tom's of Maine Charcoal Teeth Whitening All", "relevancy_score": 5.111251612903226, "price": "$22.27"}, {"title": "Crest Cavity Protection Toothpaste Regular 8.20 oz (Pack of 3)", "tags": "Crest Mouthwash All Toothpaste Whitening Strips Teeth", "relevancy_score": 0.0, "price": "$15.32"}, {"title": "The Colgate Optic White Advanced Teeth Whitening Toothpaste, Sparkling White (4.2 oz., 5 pk.)", "tags": "Kids Oral Care Crest All Toothpaste Colgate Optic White Whitening Sensodyne", "relevancy_score": 0.0, "price": "$21.81"}, {"title": "PetzLife VetzLife Oral Care Gel, 4.5 oz", "tags": "Kids Oral Care Crest All Toothpaste Colgate Whitening Sensodyne", "relevancy_score": 5.111251612903226, "price": "$19.35"}, {"title": "Himalaya Botanique Fluoride-Free Toothpaste, Neem And Pomegranate, 5.29 Oz", "tags": "Kids Oral Care Toms Toothpaste Dr. Bronner's Body Clean Living Tom's of Maine Whitening Hello Sensodyne", "relevancy_score": 168.43217500000003, "price": "$9.26"}, {"title": "Kiss My Face Fluoride Free Sensitive Toothpaste 4.5 Oz", "tags": "Kids Oral Care Toms Toothpaste Clean Living Tom's of Maine All Whitening Hello Men's Personal", "relevancy_score": 54.985371428571426, "price": "$8.08"}, {"title": "NUK Grins & Giggles 12+m Toddler Toothbrush Set", "tags": "Kids Oral Care Toms Toothpaste Toothbrushes Colgate Baby All Manual", "relevancy_score": 81.14743829787234, "price": "$9.99"}, {"title": "2 Pack - Sensodyne Fresh Impact Toothpaste 4 oz Each", "tags": "Kids Oral Care Crest All Toothpaste Colgate Sensitive Whitening Sensodyne", "relevancy_score": 517.92018028169, "price": "$18.57"}, {"title": "Aim Toothpaste Gel Whitening Mint 6 oz (Pack of 6)", "tags": "Kids Oral Care Crest All Toothpaste Colgate Total Whitening Sensodyne", "relevancy_score": 5.111251612903226, "price": "$13.24"}, {"title": "Colgate 2-in-1 Whitening Toothpaste Gel and Mouthwash, Icy Blast - 4.6 Ounce", "tags": "Crest All Toothpaste Baby Oral Care Colgate Optic White Whitening Men's Personal", "relevancy_score": 22.492685714285713, "price": "$7.93"}, {"title": "Crest 3D White Whitening Therapy Charcoal Deep Clean Fluoride Toothpaste, Invigorating Mint, 4.1 ounce, Pack of 4", "tags": "Crest Mouthwash All Toothpaste 3D White Charcoal Teeth Whitening", "relevancy_score": 18.492685714285713, "price": "$22.98"}, {"title": "Kid's Spry Original Tooth Gel with Xylitol, 2 oz", "tags": "Toms Toothpaste Colgate Clean Living Oral Care Baby All Tom's of Maine Hello", "relevancy_score": 40.726063157894735, "price": "$10.53"}, {"title": "Aquafresh Kids Toothpaste, Bubble Mint 4.60 oz", "tags": "Kids Oral Care Crest All Toothpaste Colgate Electric Toothbrushes Baby Men's Personal", "relevancy_score": 29.374799999999997, "price": "$27.51"}, {"title": "Elmex Sensitive Toothpaste [Health and Beauty]", "tags": "Kids Oral Care Crest All Toothpaste Colgate Whitening Sensodyne", "relevancy_score": 0.0, "price": "$13.99"}, {"title": "3 Pack - Plus White Whitening + Protection Toothpaste, Xtra Whitening Power Cool & Crisp Mint 3.50 oz", "tags": "Crest All Toothpaste Colgate Teeth Whitening Sensodyne", "relevancy_score": 34.95247567567568, "price": "$17.40"}, {"title": "Colgate Gel-Kam Fluoride Preventative Fruit & Berry Flavor Treatment Gel, 4.3 Oz.", "tags": "Listerine Colgate Total Toothpaste All Dry Mouth Mouthwash Sensodyne", "relevancy_score": 84.54743829787235, "price": "$14.99"}, {"title": "2 Pack - Parodontax Daily Fluoride Toothpaste, Clean Mint 3.4 oz", "tags": "Kids Oral Care Crest All Toothpaste Colgate Sensitive Whitening Sensodyne", "relevancy_score": 5.111251612903226, "price": "$18.50"}, {"title": "Orajel Paw Patrol Anticavity Fluoride Toothpaste 4.20 Oz (Pack of 3)", "tags": "Paw Patrol Outdoor Bedding Skye Ultimate Rescue Furniture Marshall Chase Mighty Pups", "relevancy_score": 962.9989565217392, "price": "$16.19"}, {"title": "Dr. Gingiva Gum Bleeding Treatment, Excellent Results for Gingivitis and Periodontitis, Perfect for Gum Disease, Herbal Toothpaste with Fluoride, 4.25oz 1 Count", "tags": "Crest All Toothpaste Gum Health Pro Dry Mouth Mouthwash Whitening", "relevancy_score": 25.492685714285713, "price": "$8.99"}, {"title": "Tom's of Maine Toothpaste - Toddler Training - Natural - Fluoride Free - Mild Fruit - 1.75 oz - Case of 6", "tags": "Toms Toothpaste Clean Living Oral Care Baby Tom's of Maine All Manual Toothbrushes Hello Men's Personal", "relevancy_score": 169.12727058823532, "price": "$19.99"}, {"title": "USA Version Yunnan Baiyao Toothpaste 3.5oz Mint Flavor", "tags": "Kids Oral Care Crest All Toothpaste Colgate Whitening Sensodyne", "relevancy_score": 4.111251612903226, "price": "$10.99"}, {"title": "Listerine Essential Care Toothpaste Gel 4.20 oz (Pack of 4)", "tags": "All Oral Accessories Breath Freshener Dry Mouth Mouthwash Listerine Toothpaste", "relevancy_score": 467.9467534883721, "price": "$24.14"}, {"title": "American Biotech Labs  Silver Biotics  Tooth Gel  Glacial Mint  4 oz  114 g", "tags": "Body Scrubs & Exfoliators Men's Bath Colgate All Dry Mouth Mouthwash Toothpaste", "relevancy_score": 29.35247567567567, "price": "$13.71"}, {"title": "Product Of Crest Complete Whitening + Scope Mint Outlast Toothpaste  5 pk. 7.3 oz.", "tags": "Kids Oral Care Crest All Toothpaste Colgate Whitening Sensodyne", "relevancy_score": 0.0, "price": "$17.70"}, {"title": "2 Pack - Crest Tartar Protection Toothpaste Whitening Cool Mint Paste 5.7 oz", "tags": "Crest Mouthwash All Toothpaste Pro Health Whitening Strips Teeth", "relevancy_score": 33.52606315789473, "price": "$12.53"}, {"title": "6 Pack - Crest Complete Whitening+ Toothpaste Cinnamon 6 oz", "tags": "Crest Mouthwash All Toothpaste Whitening Strips Teeth", "relevancy_score": 400.93318938053096, "price": "$28.32"}, {"title": "Natural Intensive Stain Remover Whitening Baking Soda Toothpaste Press Type (Blueberry)", "tags": "Kids Oral Care Crest All Toothpaste Colgate Whitening Sensodyne", "relevancy_score": 0.0, "price": "$10.99"}, {"title": "Jason Powersmile Toothpaste Vanilla Mint 6 oz Paste", "tags": "Kids Oral Care Toms Toothpaste Tom's of Maine Charcoal Teeth Whitening All Hello", "relevancy_score": 86.83728979591837, "price": "$9.14"}, {"title": "Squigle Tooth Builder Sensitive Toothpaste Fluoride Free 4 Oz - 2 Pack", "tags": "Kids Oral Care Crest All Toothpaste Clean Living Baby Colgate Hello Sensodyne", "relevancy_score": 5.111251612903226, "price": "$17.99"}, {"title": "Xlear Spry Xylitol and Aloe Toothpaste - Peppermint 5 oz Paste", "tags": "Clean Living Oral Care Baby All Dry Mouth Mouthwash Toothpaste Whitening Hello", "relevancy_score": 259.8457302325581, "price": "$8.63"}, {"title": "Colgate Optic White Renewal Teeth Whitening Toothpaste, High Impact White - 3 Ounce (3 Pack)", "tags": "Kids Oral Care Crest All Toothpaste Colgate Total Optic White Whitening", "relevancy_score": 0.0, "price": "$25.18"}, {"title": "AquaFresh Cool Mint Toothpaste Cavity Protection 5.6 Oz Each", "tags": "Kids Oral Care Crest All Toothpaste Colgate Baby Sensodyne Men's Personal", "relevancy_score": 0.0, "price": "$7.67"}, {"title": "Ultra Brite Advanced Whitening Toothpaste, Clean Mint - 6 ounce", "tags": "Kids Oral Care Crest All Toothpaste Colgate 3D White Optic Whitening", "relevancy_score": 5.111251612903226, "price": "$14.04"}, {"title": "Colgate Sensitive Prevent and Repair With Witening Sensitive Toothpaste, 6 oz", "tags": "Colgate Sensitive Toothpaste All Dry Mouth Mouthwash Sensodyne", "relevancy_score": 5.111251612903226, "price": "$11.54"}, {"title": "NOW Solutions, Xyliwhite\u2122 Toothpaste Gel, Platinum Mint, Cleanses and Whitens, Fresh Taste, 6.4-Ounce", "tags": "Kids Oral Care Toms Toothpaste All Teeth Whitening Dry Mouth Mouthwash Tom's of Maine Hello", "relevancy_score": 165.032175, "price": "$7.82"}, {"title": "Crest 3D White Ultra Whitening Toothpaste, Vivid Mint, (5.3 Ounce, 5 Pack)", "tags": "Crest Mouthwash All Toothpaste 3D White Dry Mouth Whitening", "relevancy_score": 449.8766805970149, "price": "$39.26"}, {"title": "Sensodyne Toothpaste Full Protection 4 oz", "tags": "Kids Oral Care Crest All Toothpaste Colgate Whitening Sensodyne", "relevancy_score": 0.0, "price": "$147.70"}, {"title": "Parodontax Teeth Whitening Toothpaste for Bleeding Gums - 3.4 Ounces (Pack of 3)", "tags": "All Waterpik Men's Incontinence Sensitive Toothpaste Panasonic Electric Shavers Depend Whitening Sensodyne for Men", "relevancy_score": 283.9481191489362, "price": "$22.99"}, {"title": "Colgate Toothpaste Regular AntiCavity Protection, 2.5 Oz", "tags": "Kids Oral Care Crest All Toothpaste Colgate Whitening Sensodyne", "relevancy_score": 4.111251612903226, "price": "$5.23"}, {"title": "Teeth Whitening Bundle - Bamboo Charcoal Toothpaste + Activated Coconut Charcoal Powder + 3 Wheat Straw Toothbrushes", "tags": "Toms Toothpaste Crest All Whitening Strips Teeth Hello Sensodyne", "relevancy_score": 15.313527272727272, "price": "$15.99"}, {"title": "Colgate 2-in-1 Whitening Toothpaste & Mouthwash - 4.6 oz (4 packs)", "tags": "Kids Oral Care Crest All Toothpaste Colgate Whitening Sensodyne", "relevancy_score": 10.21555, "price": "$19.95"}, {"title": "Oral-B Kid's Star Wars Electric Toothbrush and Crest Sparkle Fun Toothpaste", "tags": "Star Wars Health & Beauty Episodes 4-6 The Mandalorian Light Side Vehicles 1-3 Dark 7-9", "relevancy_score": 10.21555, "price": "$32.98"}, {"title": "Himalaya Botanique Complete Care Whitening Peppermint Toothpaste 5.29 oz", "tags": "Kids Oral Care Toms Toothpaste All Crest Colgate Clean Living Sensodyne", "relevancy_score": 0.0, "price": "$9.26"}, {"title": "Xlear Spry Xylitol and Aloe Toothpaste Fluoride Free - Cinnamon 5 oz Paste", "tags": "UCare Anthem Maine Health OTC Children's Toothpaste & Floss Blue KC MA Amerigroup 1 Oral Care PHMOTC HWP", "relevancy_score": 115.03364210526317, "price": "$8.95"}, {"title": "Baby Orajel Tooth & Gum Cleanser Mixed Fruit 0.70 oz", "tags": "Kids Oral Care Toothbrushes Colgate All Toothpaste Manual", "relevancy_score": 1846.3988869565217, "price": "$6.19"}, {"title": "Nature's Answer PerioBrite Toothpaste Cool Mint - 4 oz", "tags": "Crest All Toothpaste Dry Mouth Mouthwash Colgate Whitening Sensodyne", "relevancy_score": 16.40574117647059, "price": "$9.06"}, {"title": "6 Pack - Sensodyne Pronamel Strong & Bright Toothpaste, Extra Fresh 3 oz", "tags": "Kids Oral Care Crest All Toothpaste Colgate Whitening Sensodyne", "relevancy_score": 1406.139952238806, "price": "$45.63"}, {"title": "Crest Complete Extra Whitening w/ Scope Toothpaste 5 pack 8.2oz New In Box!!", "tags": "All Crest Toothpaste Colgate Pro Health 3D White Total Whitening", "relevancy_score": 8.21555, "price": "$24.99"}, {"title": "Hyperbiotics Activated Charcoal Probiotic Toothpaste - Supports Oral Health w/ Xylitol & Lactobacillus Paracasei - Spearmint Flavor - 4 Oz", "tags": "Clean Living Oral Care All Whitening Strips Teeth Manual Toothbrushes Toothpaste Hello", "relevancy_score": 0.0, "price": "$16.95"}, {"title": "Auromere Ayurvedic Herbal Toothpaste - Classic 4.16 oz Paste", "tags": "Kids Oral Care Crest All Toothpaste Colgate Whitening Sensodyne", "relevancy_score": 12.313527272727272, "price": "$8.91"}, {"title": "ME Medichoice Toothpaste with Fluoride 0.6oz, 5/PK", "tags": "Kids Oral Care Crest All Toothpaste Colgate Whitening Sensodyne", "relevancy_score": 15.313527272727272, "price": "$14.99"}, {"title": "Plus White Toothpaste Xtra Whitening Cool Mint Gel 3.5oz (6 Pack)", "tags": "Crest All Toothpaste Colgate Teeth Whitening Sensodyne", "relevancy_score": 4.111251612903226, "price": "$30.94"}, {"title": "Tom's of Maine - Natural Luminous White Toothpaste with Fluoride Spearmint - 4 oz.", "tags": "Kids Oral Care Tom's of Maine Charcoal Teeth Whitening All Toothpaste Hello Men's Personal", "relevancy_score": 4.111251612903226, "price": "$7.36"}, {"title": "KABOER Toothpaste Squeezer, Creative Manual Roller Toothpaste Holder for Toilets, Apartments, Squeeze Toothpaste, Facial Cleansers, Creams", "tags": "Kids Oral Care Crest All Toothpaste Colgate Whitening Sensodyne", "relevancy_score": 4.111251612903226, "price": "$9.93"}, {"title": "Toms of Maine Natural Toothpaste Rapid Relief Sensitive Fluoride Free Fresh Mint, 4 Oz, 2 Pack", "tags": "Kids Oral Care Sensitive Toothpaste Tom's of Maine Charcoal Teeth Whitening All Men's Personal", "relevancy_score": 0.0, "price": "$14.39"}, {"title": "Lumineux Oral Essentials  Medically Developed Toothpaste  Whitening  3 75 oz  99 2 g", "tags": "Crest All Toothpaste Teeth Whitening Dry Mouth Mouthwash Sensodyne", "relevancy_score": 5.111251612903226, "price": "$11.61"}, {"title": "2 Pack - Close-Up Toothpaste Freshening Gel, Ultra Cinnamon 8 oz", "tags": "Kids Oral Care Crest All Toothpaste Colgate Whitening Sensodyne", "relevancy_score": 10.21555, "price": "$12.06"}, {"title": "Crest Whitening Plus Scope Toothpaste Minty Fresh Striped 2.70 oz", "tags": "Crest Mouthwash All Toothpaste Whitening Strips Teeth", "relevancy_score": 1089.8752837545128, "price": "$6.00"}, {"title": "Crest Complete Multi-Benefit Fluoride Toothpaste, Whitening + Scope, Minty Fresh 0.85 oz (Pack of 3)", "tags": "Crest Mouthwash All Toothpaste Pro Health Whitening Strips Teeth", "relevancy_score": 768.5416235294118, "price": "$7.21"}, {"title": "NOW Foods - XyliWhite Toothpaste Gel Fluoride-Free Refreshmint - 6.4 oz.", "tags": "Deodorants & Antiperspirants Stock up on Body Wash Men's Bath Old Spice Dove Men + Care All Toothpaste Whitening", "relevancy_score": 510.29906086956527, "price": "$7.58"}, {"title": "Colgate Triple Action Toothpaste 8 oz (Pack of 3)", "tags": "Kids Oral Care Crest Colgate Total Toothpaste Sensitive All Optic White Whitening", "relevancy_score": 448.83412283464565, "price": "$16.05"}, {"title": "Kiss My Face Toothpaste - Whitening - Anticavity Fluoride - Gel - 4.5 oz", "tags": "Toms Toothpaste Crest All Colgate Sensitive Sensodyne", "relevancy_score": 20.40574117647059, "price": "$8.78"}, {"title": "2 Pack - ARM & HAMMER Sensitive Teeth & Gums Toothpaste 4.5 oz", "tags": "Laundry Detergents All Moisture Absorbers In Wash Scent Booster Fabric Softener Best High Efficiency Liquid Detergent Arm and Hammer", "relevancy_score": 0.0, "price": "$13.85"}, {"title": "Crest Cavity Protection Toothpaste Gel Cool Mint 8.20 oz (Pack of 3)", "tags": "Kids Oral Care Crest Mouthwash All Toothpaste Pro Health Whitening Strips Teeth", "relevancy_score": 10.21555, "price": "$15.32"}, {"title": "Now XyliWhite Fluoride Free Toothpaste, Neem & Tea Tree, 6.4 Oz", "tags": "Kids Oral Care Toms Toothpaste Clean Living Tom's of Maine Charcoal Teeth Whitening All Hello", "relevancy_score": 10.21555, "price": "$8.25"}, {"title": "Xlear Spry Xylitol and Aloe Toothpaste Fluoride Free - Spearmint 5 oz Paste", "tags": "Netipots Children's Allergy FSA/HSA Eligible Inhalers and Irrigators Sinus Medicine Nasal Care Cough, Cold, & Flu Congestion", "relevancy_score": 29.374799999999997, "price": "$8.95"}, {"title": "4 Pack Arm & Hammer Complete Care Toothpaste Fresh Mint 6oz Each", "tags": "Laundry Detergents All Moisture Absorbers In Wash Scent Booster Fabric Softener Best High Efficiency Liquid Detergent Arm and Hammer", "relevancy_score": 0.0, "price": "$21.54"}, {"title": "Jason Natural Products Soothing Toothpaste - Coconut Chamomile - 4.2 oz", "tags": "Toms Toothpaste Clean Living Body Wash Tom's of Maine All Mouthwash Charcoal Teeth Whitening Hello", "relevancy_score": 24.5748, "price": "$7.98"}, {"title": "Crest 3D White Arctic Fresh Fluoride Anticavity Toothpaste  - 4.1 oz", "tags": "Kids Oral Care Crest Mouthwash All Toothpaste Whitening Strips 3D White", "relevancy_score": 145.7244, "price": "$11.58"}, {"title": "3 Tubes of Opalescence Whitening toothpaste 4.7oz", "tags": "Crest All Toothpaste Colgate Teeth Whitening Sensodyne", "relevancy_score": 5.111251612903226, "price": "$29.95"}, {"title": "Crest Fresh and White Fluoride Anticavity Toothpaste Peppermint Gleem - 5.7 oz", "tags": "Crest Mouthwash All Toothpaste Whitening Strips Teeth", "relevancy_score": 0.0, "price": "$9.49"}, {"title": "New 806301  Colgate 2.5Oz Cavity Protection Reg (24-Pack) Oral Care Cheap Wholesale Discount Bulk Health And Beauty Oral Care Dove", "tags": "Kids Oral Care Crest All Toothpaste Colgate Total Optic White Whitening", "relevancy_score": 0.0, "price": "$44.82"}, {"title": "Crest 1823124 4.1 oz 3D White Whitening Therapy Charcoal Deep Clean Toothpaste Invigorating Mint", "tags": "Neutrogena Body Wash All Crest Toothpaste Gum Health 3D White Colgate Total Sensitive Charcoal Teeth Whitening Sensodyne", "relevancy_score": 270.15955862068967, "price": "$20.25"}, {"title": "GUM Technique Sensitive Care Toothbrushes Ultrasoft/Regular 2 Each (Pack of 3)", "tags": "Kids Oral Care Crest All Toothpaste Colgate Whitening Sensodyne", "relevancy_score": 0.0, "price": "$13.74"}, {"title": "Colgate Total Toothpaste Clean Mint 0.75 oz (Pack of 3)", "tags": "Kids Oral Care Crest All Toothpaste Colgate Total Optic White Whitening", "relevancy_score": 0.0, "price": "$5.67"}, {"title": "Crest Pro-Health Clinical Deep Clean Mint Oral Rinse 32 oz (Pack of 3)", "tags": "Crest Mouthwash All Toothpaste Pro Health Whitening Strips Dry Mouth", "relevancy_score": 134.432175, "price": "$31.72"}, {"title": "Toothpaste McKesson Mint Flavor 2.75 oz. Tube Pack of 12", "tags": "Kids Oral Care Crest All Toothpaste Colgate Whitening Sensodyne", "relevancy_score": 5.111251612903226, "price": "$10.57"}, {"title": "Aquafresh Triple Action Extra Fresh Whitening Tube Toothpaste, Fresh Mint - 5.6 Oz, 2 Pack", "tags": "Kids Oral Care Crest All Toothpaste Colgate Whitening Sensodyne", "relevancy_score": 0.0, "price": "$10.72"}, {"title": "Spread Heads Toothpaste Caps - Toothpaste Pete Dog Cap", "tags": "Kids Oral Care Crest All Toothpaste Colgate Whitening Sensodyne", "relevancy_score": 0.0, "price": "$14.99"}, {"title": "Gel-Kam Fluoride Preventive Treatment Gel, Mint Flavor - 4.3 Oz", "tags": "Kids Oral Care Crest All Toothpaste Colgate Whitening Sensodyne", "relevancy_score": 0.0, "price": "$23.50"}, {"title": "Colgate Cavity Protection Regular Fluoride Toothpaste, 6 oz(3 PACK)", "tags": "Kids Oral Care Crest All Toothpaste Colgate Total Optic White Whitening", "relevancy_score": 0.0, "price": "$19.99"}, {"title": "6 Pack Sensodyne Pronamel Gentle Whitening Travel Size Toothpaste 0.8 ounce each", "tags": "Kids Oral Care Crest All Toothpaste Colgate Sensitive Whitening Sensodyne", "relevancy_score": 5.111251612903226, "price": "$12.28"}, {"title": "Smart Mouth Whitening Toothpaste with Fluoride Clean Mint 6 oz (Pack of 1)", "tags": "Kids Oral Care Crest All Toothpaste Dry Mouth Mouthwash Colgate Sensodyne", "relevancy_score": 10.21555, "price": "$11.29"}, {"title": "2 Pack Sensodyne Travel Size Toothpaste, Extra Whitening, 0.8 Oz Each", "tags": "Kids Oral Care Crest All Toothpaste Colgate Whitening Sensodyne", "relevancy_score": 0.0, "price": "$7.21"}, {"title": "Crest Tartar Protection Toothpaste Whitening Cool Mint Paste 8.20 oz (Pack of 4)", "tags": "Crest Mouthwash All Toothpaste Whitening Strips Teeth", "relevancy_score": 5.111251612903226, "price": "$19.24"}, {"title": "colgate total toothpaste, deep clean - 5.1 ounce (4 pack)", "tags": "Kids Oral Care Crest All Toothpaste Colgate Total Optic White Whitening", "relevancy_score": 1347.9597944134077, "price": "$24.92"}, {"title": "Tom's of Maine Charcoal Anticavity Toothpaste, 4.7oz", "tags": "Kids Oral Care Tom's of Maine Body Charcoal Teeth Whitening All Toothpaste Hello", "relevancy_score": 593.1725647058823, "price": "$10.27"}, {"title": "Opalescence Whitening Toothpaste Cool Mint with Fluoride 1oz", "tags": "Crest All Toothpaste Colgate Teeth Whitening Sensodyne", "relevancy_score": 6.21555, "price": "$7.14"}, {"title": "Crest Complete Multi-Benefit Fluoride Toothpaste, Extra Whitening, Tartar Protection, Mint (Pack of 6)", "tags": "Crest Mouthwash All Toothpaste Whitening Strips Teeth", "relevancy_score": 0.0, "price": "$28.25"}, {"title": "Viva Doria Fluoride Free Natural Mineralizing Toothpaste - Cinnamon (3 oz glass jar)", "tags": "Xlear UCare Children's Toothpaste & Floss Blue KC MA OTC HWPCard Whiten Smile Oral Care BlueMCOTC", "relevancy_score": 11.413527272727274, "price": "$6.99"}, {"title": "NOW Foods - NOW Solutions XyliWhite Kids Toothpaste Gel Bubblegum Splash - 3 oz.", "tags": "Diet Foods & Drinks Weight Management On the Go Xlear Children's Toothpaste Floss Whiten Smile Gain Supplements Oral Care Gainers", "relevancy_score": 10.21555, "price": "$5.08"}, {"title": "Desert Essence Toothpaste - Neem - Cinnamint - 6.25 oz - 1 each", "tags": "Deodorants & Antiperspirants Stock up on Body Wash Men's Bath Old Spice Dove Men + Care All Toothpaste Whitening", "relevancy_score": 14.405741176470588, "price": "$9.01"}, {"title": "Redmond Earth Paste Natural Toothpaste, Lemon Twist, 4 Oz", "tags": "Kids Oral Care Dr. Bronner's Body Clean Living Baby Tom's of Maine Charcoal Teeth Whitening Toothpaste Hello", "relevancy_score": 25.492685714285713, "price": "$11.46"}, {"title": "Dry Mouth Relief Mints and Premium Toothpaste for 24 Hour Bad Breath Prevention", "tags": "Kids Oral Care Crest All Toothpaste Dry Mouth Mouthwash Colgate Sensodyne", "relevancy_score": 4.111251612903226, "price": "$19.96"}, {"title": "3 Pack - Sensodyne Pronamel Strong & Bright Toothpaste, Extra Fresh 3 oz", "tags": "Kids Oral Care Crest All Toothpaste Colgate Whitening Sensodyne", "relevancy_score": 1406.139952238806, "price": "$26.21"}, {"title": "Tom's of Maine Rapid Relief Sensitive Natural Toothpaste, Fresh Mint, 2 Pack", "tags": "Stock up on Allergy Clean Living Deodorants & Antiperspirants Back to College Up Vitamins Supplements Cleaning Supplies Incontinence Pain Relief American Jobs 2020", "relevancy_score": 296.41416, "price": "$20.84"}, {"title": "2 Pack - Crest Gum Detoxify + Whitening 2 Step Toothpaste 1 ea", "tags": "Crest Mouthwash All Toothpaste Gum Health Whitening Strips Teeth Sensitive", "relevancy_score": 0.0, "price": "$36.09"}, {"title": "4 Pack - Crest Gum Detoxify + Whitening 2 Step Toothpaste 1 ea", "tags": "Crest Mouthwash All Toothpaste Whitening Strips Teeth", "relevancy_score": 0.0, "price": "$64.63"}, {"title": "Smart Mouth Whitening Toothpaste with Fluoride Clean Mint 6 oz (Pack of 2)", "tags": "Kids Oral Care Crest All Toothpaste Dry Mouth Mouthwash Colgate Sensodyne", "relevancy_score": 0.0, "price": "$20.97"}, {"title": "Pepsodent Complete Care Toothpaste, Original Flavor, 5.5 oz, 2 Pack", "tags": "Kids Oral Care Crest All Toothpaste Colgate Whitening Sensodyne", "relevancy_score": 0.0, "price": "$7.42"}, {"title": "4 Pack - ARM & HAMMER Sensitive Teeth & Gums Toothpaste 4.5 oz", "tags": "Laundry Detergents All Moisture Absorbers In Wash Scent Booster Fabric Softener Best High Efficiency Liquid Detergent Arm and Hammer", "relevancy_score": 0.0, "price": "$21.53"}, {"title": "ARM & HAMMER Dental Care Fluoride Toothpaste, Advance Cleaning, Maximum Strength, Fresh Mint 6.30 oz (Pack of 4)", "tags": "Laundry Detergents All Moisture Absorbers In Wash Scent Booster Fabric Softener Best High Efficiency Liquid Detergent Arm and Hammer", "relevancy_score": 5.111251612903226, "price": "$20.32"}, {"title": "Aim Multi-Benefit Whitening Fresh Mint Gel Toothpaste with Baking Soda, 5.5 oz", "tags": "Kids Oral Care Crest All Toothpaste Colgate Whitening Sensodyne", "relevancy_score": 0.0, "price": "$5.54"}, {"title": "Colgate 2-in-1 Whitening Toothpaste Gel and Mouthwash, Icy Blast - 4.6 ounce", "tags": "Crest All Toothpaste Colgate Total Optic White Whitening Men's Personal Care", "relevancy_score": 5.111251612903226, "price": "$9.07"}, {"title": "Freshmint Toothpaste, Mint Flavor 4.3 oz Tube, 1 ea", "tags": "Kids Oral Care Crest All Toothpaste Colgate Total Whitening Sensodyne", "relevancy_score": 10.21555, "price": "$5.86"}, {"title": "Vademecum Whitening Toothpaste - 75ml", "tags": "Kids Oral Care Crest All Toothpaste Colgate Whitening Sensodyne", "relevancy_score": 0.0, "price": "$12.45"}, {"title": "Closys Fluoride Toothpaste, Mild Mint, 7 Ounce", "tags": "Crest Pro Health Toothpaste All Dry Mouth Mouthwash Colgate Optic White Whitening Sensodyne", "relevancy_score": 168.40456119402984, "price": "$18.09"}, {"title": "Colgate Anticavity Tartar Protection Whitening Fluoride Toothpaste, Crisp Mint, 6.4 Oz", "tags": "", "relevancy_score": 0.0, "price": "$6.39"}, {"title": "Tom's of Maine Prebiotic Anticavity Toothpaste, Peppermint, 4.0oz", "tags": "Kids Oral Care Tom's of Maine Charcoal Teeth Whitening All Toothpaste Hello Men's Personal", "relevancy_score": 212.73148493150686, "price": "$12.82"}, {"title": "Crest Baking Soda & Peroxide Toothpaste Whitening, Fresh Mint 8.20 oz (Pack of 4)", "tags": "Crest Mouthwash All Toothpaste Whitening Strips Teeth", "relevancy_score": 197.97074285714285, "price": "$19.24"}, {"title": "NEW Bamboo Charcoal Tooth White Powders Plaque Tartar Removal Coffee Stains Teeth Whitening Scaling Powder Oral Hygiene", "tags": "", "relevancy_score": 0.0, "price": "$6.99"}, {"title": "Dr. Gingiva Gum Bleeding Treatment, Excellent Results for Gingivitis and Periodontitis, Perfect for Gum Disease, Herbal Toothpaste with Fluoride, 4.25oz 4 Count", "tags": "Kids Oral Care Crest All Toothpaste Colgate Whitening Sensodyne", "relevancy_score": 0.0, "price": "$23.96"}, {"title": "Rembrandt Whitening Toothpaste Intense Stain 3 oz (Pack of 6)", "tags": "Crest All Toothpaste Gum Health Colgate 3D White Whitening Sensodyne", "relevancy_score": 497.7097714285714, "price": "$48.20"}, {"title": "Hello Kid's Toothpaste, Watermelon, 4.2oz Tube (Pack of 2)", "tags": "", "relevancy_score": 0.0, "price": "$18.18"}, {"title": "GUM Paroex Toothpaste Gel 75ml", "tags": "Crest All Toothpaste Colgate Dry Mouth Mouthwash Sensodyne", "relevancy_score": 0.0, "price": "$13.99"}, {"title": "Neutrlab Wrap Sheen, 5 Oz{{name}", "tags": "", "relevancy_score": 0.0, "price": "$18.00"}, {"title": "Multi-Purpose Tube Squeezer - Toothpaste Saver, Pack of 2, Blue, This set if for two (2) squeeze clips By Southern Homewares", "tags": "Kids Oral Care Crest All Toothpaste Colgate Whitening Sensodyne", "relevancy_score": 0.0, "price": "$14.17"}, {"title": "Jason:Power Smile Antiplaque & Strengthening Powerful Peppermint 3 oz", "tags": "All Feminine Care Yeast Infection Treatments Washes Douches Toothpaste Whitening Hello Summer's Eve", "relevancy_score": 237.1555, "price": "$7.09"}, {"title": "Colgate Baking Soda and Peroxide Whitening Bubbles Fluoride Toothpaste, Brisk Mint, 8 Oz", "tags": "", "relevancy_score": 0.0, "price": "$7.19"}, {"title": "Cocodent - All Natural Coconut Oil Toothpaste with Baking Soda & Spearmint Oil - 2 oz.", "tags": "", "relevancy_score": 0.0, "price": "$10.50"}, {"title": "Crest Tartar Protection Toothpaste Whitening Cool Mint Paste 6.40 oz (Pack of 6)", "tags": "Crest Mouthwash All Toothpaste Whitening Strips Teeth", "relevancy_score": 0.0, "price": "$22.47"}, {"title": "Pepsodent Complete Care Whitening Toothpaste, Smooth Mint, 5.5 Oz", "tags": "Kids Oral Care Crest All Toothpaste Colgate Whitening Sensodyne", "relevancy_score": 0.0, "price": "$5.47"}, {"title": "Desert Essence Pink Himalayan Salt Toothpaste, Creamy Mint, 6.25 oz (176 g)", "tags": "Toners Tea Tree Shampoo Face Scrubs For Sensitive Skin Wash Combination Oily Oil & Shine Control Dull Redness", "relevancy_score": 0.0, "price": "$10.74"}, {"title": "Colgate Optic White Advanced Teeth Whitening Toothpaste, Sparkling White - 4.5 Ounce (2 Pack)", "tags": "Kids Oral Care Crest All Toothpaste Colgate Total Optic White Whitening", "relevancy_score": 5.111251612903226, "price": "$20.68"}, {"title": "ULTRA BRITE T/P TART B/P WHITE 6 OZ (Pack of 3)", "tags": "Crest All Toothpaste Colgate Dry Mouth Mouthwash Sensodyne", "relevancy_score": 34.95247567567568, "price": "$10.90"}, {"title": "Radius Organic Toothpaste for Kids - Dragon Fruit 3 oz Gel", "tags": "Kids Oral Care Toms Toothpaste Clean Living Baby All Colgate Tom's of Maine Whitening Hello", "relevancy_score": 15.313527272727272, "price": "$9.61"}, {"title": "Colgate Kids Powered Toothbrush, Toothpaste Pack - Trolls", "tags": "Kids Toothbrushes Colgate Electric Oral-B All Toothpaste", "relevancy_score": 30.5748, "price": "$16.99"}, {"title": "Orajel Toddler Training Toothpaste Fruit Splash 1.50 oz (Pack of 3)", "tags": "Colgate Baby Oral Care Toothbrushes All Toothpaste Manual Hello", "relevancy_score": 66.89734545454546, "price": "$13.91"}, {"title": "2 Pack - Aquafresh Extra Fresh Whitening Tube Toothpaste, 5.6 oz", "tags": "Kids Oral Care Crest All Toothpaste Colgate Whitening Sensodyne", "relevancy_score": 5.111251612903226, "price": "$11.65"}, {"title": "Sensodyne Precision Medium Toothbrush", "tags": "", "relevancy_score": 0.0, "price": "$12.44"}, {"title": "Colgate Baking Soda and Peroxide Whitening Toothpaste, 6 oz", "tags": "Kids Oral Care Crest All Toothpaste Colgate Total Optic White Whitening", "relevancy_score": 0.0, "price": "$5.20"}, {"title": "6 Pack - Sensodyne Fresh Impact Toothpaste 4 oz Each", "tags": "Kids Oral Care Crest All Toothpaste Colgate Sensitive Whitening Sensodyne", "relevancy_score": 513.3150127659574, "price": "$47.74"}, {"title": "Biotene Fresh Mint Original Gentle Formula Fluoride Toothpaste, 4.3 Ounces", "tags": "Oral Pain Relief All Accessories Crest Toothpaste Breath Freshener Dry Mouth Mouthwash", "relevancy_score": 0.0, "price": "$10.90"}, {"title": "Crosstex VET 'Oral Health Tooth Gel' Chlorhexidene Toothpaste Recommended By Veterinarian Dentists", "tags": "Kids Oral Care Crest All Toothpaste Colgate Whitening Sensodyne", "relevancy_score": 0.0, "price": "$33.39"}, {"title": "2 Pack Parodontax Complete Protection Toothpaste For Bleeding Gums, 3.4 oz", "tags": "Kids Oral Care Crest All Toothpaste Colgate Whitening Sensodyne", "relevancy_score": 5.111251612903226, "price": "$17.82"}, {"title": "Kiss My Face Gentle Toothpaste with Fluoride for Kids - 4 oz - Berry Smart", "tags": "Toms Toothpaste Clean Living Oral Care Kids Electric Toothbrushes Baby Tom's of Maine All Hello Men's Personal", "relevancy_score": 0.0, "price": "$8.24"}, {"title": "6 Pack Orajel Toddler My Little Pony Training Toothpaste Pinky Fruity 1.5oz Ea", "tags": "All Unicorn Bedding Toys Kids Clothing Mickey Mouse Arts & Crafts Backpacks Dolls", "relevancy_score": 15.313527272727272, "price": "$21.22"}, {"title": "Orajel Toddler My Little Pony Training Toothpaste Pinky Fruity 1.5oz Each", "tags": "All Unicorn Bedding Toys Kids Clothing Mickey Mouse Arts & Crafts Backpacks Dolls", "relevancy_score": 15.313527272727272, "price": "$7.27"}, {"title": "Aquafresh Cavity Protection Fluoride Toothpaste, Cool Mint 5.6 oz", "tags": "Kids Oral Care All Dental Floss Baby Colgate Toothbrushes Manual Whitening Toothpaste Men's Personal", "relevancy_score": 1.1112516129032257, "price": "$5.62"}, {"title": "Crest Fresh & White Toothpaste Peppermint Gleem - 2.4oz", "tags": "", "relevancy_score": 0.0, "price": "$7.24"}, {"title": "Tom's of Maine Whole Care with Fluoride Natural Toothpaste, Wintermint 4.7 oz (Pack of 2)", "tags": "Kids Oral Care Tom's of Maine Body Charcoal Teeth Whitening All Toothpaste Hello", "relevancy_score": 12.405741176470588, "price": "$15.77"}, {"title": "Teeth Whitening Toothpaste Intensive Stain Removal Fight Bleeding Gums Blueberry", "tags": "Kids Oral Care Crest All Toothpaste Colgate Whitening Sensodyne", "relevancy_score": 0.0, "price": "$14.49"}, {"title": "Weleda Natural Dental Care Salt Toothpaste, 2.5 Oz", "tags": "Premium Beauty Tools & Tech Anti-Aging Devices Face Cleansers Self Care Pampering Foreo Cleansing", "relevancy_score": 0.0, "price": "$9.79"}, {"title": "The Natural Dentist All In One Toothpaste, Peppermint Twist, 5 Ounce Tube, Toothpaste for Daily Use, Reduces Plaque, Whitens Teeth, Helps Prevent Gingivitis and Cavities, No SLS", "tags": "Crest All Toothpaste Colgate Dry Mouth Mouthwash Sensodyne", "relevancy_score": 0.0, "price": "$10.13"}, {"title": "Tom's of Maine Whole Care Fluoride Gel, Spearmint, 4.7 Ounce, 2 Count", "tags": "Kids Oral Care Tom's of Maine Body Charcoal Teeth Whitening All Toothpaste Hello", "relevancy_score": 39.126063157894734, "price": "$17.83"}, {"title": "3 Pack Sensodyne Pronamel Intensive Enamel Repair Toothpaste, Clean Mint, 3.4 Oz", "tags": "Kids Oral Care Crest All Toothpaste Colgate Whitening Sensodyne", "relevancy_score": 0.0, "price": "$25.18"}, {"title": "Oraje PAW Patrol Fluoride Free Toothpaste - 1.5 Oz(Pack of 2)", "tags": "Paw Patrol Outdoor Bedding Skye Ultimate Rescue Furniture Marshall Chase Mighty Pups", "relevancy_score": 0.0, "price": "$10.64"}, {"title": "Colgate Baking Soda and Peroxide Whitening Toothpaste - 4 oz", "tags": "Kids Oral Care Crest All Toothpaste Colgate Total Optic White Whitening", "relevancy_score": 5.111251612903226, "price": "$5.26"}, {"title": "Close Up Cinnamon Red Gel Anticavity Fluoride Toothpaste - 6 Oz, 2 Pack", "tags": "Kids Oral Care Crest All Toothpaste Colgate Whitening Sensodyne", "relevancy_score": 0.0, "price": "$9.26"}, {"title": "2 Pack - Colgate Cavity Protection Toothpaste Great Regular Flavor 1 oz", "tags": "Kids Oral Care Crest All Toothpaste Colgate Total Sensitive", "relevancy_score": 0.0, "price": "$5.95"}]