[{"title": "Dial Body Wash, Silk & Magnolia, 32 Ounce", "tags": "Hand Soaps Stock up on Body Wash Men's Bath & Women's Personal Care", "relevancy_score": 440.0447140495868, "price": "$6.47"}, {"title": "Dial Body Wash, Lavender & Jasmine, 32 fl oz", "tags": "Stock up on Body Wash Men's Bath & Clean Living Women's Personal Care", "relevancy_score": 834.0768039408866, "price": "$5.49"}, {"title": "Dr Teal's Glow & Radiance Body Wash with Vitamin C and Citrus Essential Oils, 24 fl.oz.", "tags": "Body Scrubs & Exfoliators Stock up on Wash Bubble Baths Soaks All Bath Bombs, Bubbles New in Lotions Creams Women's", "relevancy_score": 204.96531891891888, "price": "$4.87"}, {"title": "Olay Ultra Moisture Body Wash with Coconut Oil, 30 fl oz", "tags": "Stock up on Body Wash New in Men's Bath & Clean Living Dove Scrubs Women's", "relevancy_score": 3594.951387405542, "price": "$7.97"}, {"title": "Dr Teal's Coconut Oil Body Wash, 24 fl oz", "tags": "Body Scrubs & Exfoliators Stock up on Wash Bubble Baths Soaks All Bath Bombs, Bubbles Clean Living Women's", "relevancy_score": 492.1484895522388, "price": "$4.87"}, {"title": "Olay Fresh Outlast Body Wash, White Strawberry & Mint, 30 fl oz", "tags": "Stock up on Body Wash New in Men's Bath & Bar Soap Women's Olay Bars", "relevancy_score": 298682.812450811, "price": "$7.97"}, {"title": "Dial Body Wash, Spring Water, 32 Ounce", "tags": "Stock up on Body Wash Dove Personal Care Men's Bath & Women's", "relevancy_score": 900.7391466666666, "price": "$6.47"}, {"title": "St. Ives Soothing Body Wash with Pump Oatmeal & Shea Butter 32 oz", "tags": "Stock up on Body Wash New in Clean Living Men's SheaMoisture Care Women's", "relevancy_score": 371.13774545454544, "price": "$4.97"}, {"title": "Dr Teal's Ultra Moisturizing Relax & Relief Body Wash with Eucalyptus Spearmint, 24 oz.", "tags": "Stock up on Body Wash Bubble Baths & Soaks All Bath Bombs, Bubbles New in Clean Living Women's", "relevancy_score": 1280.6771297297296, "price": "$4.87"}, {"title": "Aveeno Daily Moisturizing Soothing Oat Body Wash, Twin Pack, 18 fl. oz", "tags": "Stock up on Body Wash Clean Living Aveeno Lotions & Creams Women's Care", "relevancy_score": 1916.9182169336386, "price": "$10.97"}, {"title": "Dial for Men Body Hair + Body Wash, Ultimate Clean, 32 Ounce", "tags": "Stock up on Body Wash Men's Bath & Old Spice Deodorants Dove Men + Care Personal", "relevancy_score": 525.0964425531915, "price": "$6.47"}, {"title": "Dial for Men Hair + Body Wash, Hydro Fresh, 32 Ounce", "tags": "Stock up on Body Wash Men's Bath & Old Spice Deodorants 2-in-1 Hair and Care Personal", "relevancy_score": 445.0705935483871, "price": "$6.47"}, {"title": "Dr. Bronner's Lavender Pure-Castile Liquid Soap - 32 oz", "tags": "Hand Soaps Clean Living Body Wash Dr. Bronner's Care Plant Based Personal New in Women's Discover! Staff-Favorite Gift Ideas for Bar", "relevancy_score": 1045.3903838056679, "price": "$15.99"}, {"title": "Harry's Men's Body Wash: Fig Scent with Fruits and Spices, 16oz", "tags": "New in Body Wash Men's Bath & Clean Living Harry's Shampoo and Conditioner", "relevancy_score": 259.32667586206895, "price": "$6.98"}, {"title": "Olay Moisture Ribbons Plus Shea + Peony Blossom Body Wash, 18 fl oz", "tags": "Stock up on Body Wash Dove Personal Care New in Men's Bath & Scrubs Women's", "relevancy_score": 766.8295746031745, "price": "$5.97"}, {"title": "Ivory Body Wash for Women, Paraben Free, Original Scent, 30 oz", "tags": "Stock up on Body Wash New in Men's Bath & Clean Living Women's", "relevancy_score": 962.2817580246914, "price": "$3.97"}, {"title": "Olay Fresh Outlast Women's Body Wash, Orchid & Black Currant, 22 fl oz", "tags": "Stock up on Body Wash Olay Lotions & Creams New in Men's Bath Dove Scrubs Women's", "relevancy_score": 4755.890065706051, "price": "$5.97"}, {"title": "Aveeno Stress Relief Body Wash with Lavender & Chamomile, 33 fl. oz", "tags": "Stock up on Body Wash Clean Living Lotion & Moisturizers Aveeno Lotions Creams Women's Care", "relevancy_score": 407.3986068965517, "price": "$9.97"}, {"title": "Ivory Body Wash for Women, Paraben Free, Water Lily Scent, 30 oz", "tags": "Stock up on Body Wash New in Men's Bath & Clean Living Women's", "relevancy_score": 665.9439714285714, "price": "$3.97"}, {"title": "Olay Exfoliating Body Wash with Sea Salts, 22 fl oz", "tags": "Stock up on Body Wash Dove Personal Care New in Men's Bath & Scrubs Women's", "relevancy_score": 1705.9908199999998, "price": "$5.97"}, {"title": "Dial for Men Body Hair + Body Wash, Ultimate Clean, 32 Ounce", "tags": "Stock up on Body Wash Men's Bath & Old Spice Deodorants Dove Men + Care Personal", "relevancy_score": 525.0964425531915, "price": "$6.47"}, {"title": "Dial for Men Hair + Body Wash, Hydro Fresh, 32 Ounce", "tags": "Stock up on Body Wash Men's Bath & Old Spice Deodorants 2-in-1 Hair and Care Personal", "relevancy_score": 445.0705935483871, "price": "$6.47"}, {"title": "Ivory Body Wash for Women, Paraben Free, Aloe Scent, 30 oz", "tags": "Stock up on Body Wash New in Men's Bath & Clean Living Women's", "relevancy_score": 781.240275, "price": "$3.97"}, {"title": "Dove Beauty Bar Summer Care 3.75 oz 6 Bars", "tags": "Body Wash & Shower Gel Stock up on Dove Personal Care Bars Scrubs + Men Bar Soap", "relevancy_score": 1637.4850564885496, "price": "$6.88"}, {"title": "Olay Moisture Ribbons Plus Shea + Manuka Honey Body Wash, 18 oz", "tags": "Stock up on Body Wash New in Men's Bath & Clean Living Dove Scrubs Women's", "relevancy_score": 1011.7751, "price": "$5.97"}, {"title": "Old Spice Swagger Body Wash for Men with Scent of Confidence, 30 fl oz", "tags": "Stock up on Body Wash New in Men's Bath & Old Spice Deodorants Hair Care Personal", "relevancy_score": 1337.1257153153153, "price": "$7.47"}, {"title": "Irish Spring Moisture Blast, Moisturizing Bar Soap, 3.7 Ounce, 12 Bar Pack", "tags": "Deodorants & Antiperspirants Stock up on Body Wash Dove Personal Care Men's Bath Irish Spring Bar Soap", "relevancy_score": 2269.4616031250002, "price": "$5.67"}, {"title": "Caress Exfoliating Body Wash with Pump Tahitian Pomegranate & Coconut Milk 25.4 oz", "tags": "Stock up on Body Wash Dove Personal Care New in Men's Bath & Women's", "relevancy_score": 1098.922263117871, "price": "$4.97"}, {"title": "Equate Beauty Sensitive Skin Body Wash, Value Size, 34 fl oz", "tags": "Stock up on Body Wash Equate Lotions & Creams Clean Living Aveeno Women's Care", "relevancy_score": 795.6980571428572, "price": "$4.87"}, {"title": "Vagisil Daily Intimate Wash, 12 fl oz (3 Pack)", "tags": "Stock up on Paper & Plastic Back to College Up Cleaning Supplies Incontinence Oral Care Laundry Room American Jobs 2020", "relevancy_score": 28741.196012160817, "price": "$14.91"}, {"title": "Dial for Men Body Hair + Body Wash, Ultimate Clean, 32 Ounce", "tags": "Stock up on Body Wash Men's Bath & Old Spice Deodorants Dove Men + Care Personal", "relevancy_score": 525.0964425531915, "price": "$6.47"}, {"title": "Dial for Men Hair + Body Wash, Hydro Fresh, 32 Ounce", "tags": "Stock up on Body Wash Men's Bath & Old Spice Deodorants 2-in-1 Hair and Care Personal", "relevancy_score": 445.0705935483871, "price": "$6.47"}, {"title": "Olay Ultra Moisture Shea Butter In-Shower Body Lotion, 15.2 fl oz", "tags": "Body Wash & Shower Gel Stock up on Olay Lotions Creams Men's Bath Women's Cold Weather Skincare Fall Skin Care Essentials Nivea", "relevancy_score": 4108.168149152542, "price": "$5.97"}, {"title": "Johnson's Baby Soothing Vapor Bath to Relax Babies, 13.6 fl. oz", "tags": "Baby Skin Care & Grooming Lotions Body Washes Oils Shampoos Johnson's", "relevancy_score": 5451.5055421362495, "price": "$4.92"}, {"title": "(2 pack) Dial Body Wash, Miracle Oil Marula, 21 Ounce", "tags": "Stock up on Body Wash Men's Bath & Bar Soap Women's Personal Care", "relevancy_score": 367.89334339622644, "price": "$7.64"}, {"title": "Ivory Body Wash for Women, Paraben Free, Lavender Scent, 30 oz", "tags": "Stock up on Body Wash New in Men's Bath & Clean Living Women's", "relevancy_score": 887.3206752293578, "price": "$3.97"}, {"title": "Dove Body Wash Peony and Rose Oil 22 oz", "tags": "Stock up on Body Wash Dove Personal Care Clean Living Men's & Scrubs Men Women's +", "relevancy_score": 3388.148885933504, "price": "$5.94"}, {"title": "Dove Purely Pampering Body Wash Coconut Butter and Cocoa Butter 34 oz", "tags": "Stock up on Body Wash Dove Personal Care & Scrubs Men Women's +", "relevancy_score": 859.1038716981132, "price": "$8.94"}, {"title": "Old Spice High Endurance Conditioning Hair + Body Wash for Men, 24 fl oz", "tags": "Men's Bath & Body Wash Old Spice Deodorants Shampoo and Conditioner Hair Care 2-in-1 Personal", "relevancy_score": 1030.7245445783133, "price": "$5.47"}, {"title": "Old Spice Body Wash for Men, Moisturize With Shea Butter Body Wash Scent Inspired by Nature, 27 oz", "tags": "Stock up on Body Wash New in Men's Bath & Women's Old Spice Deodorants Personal Care", "relevancy_score": 978.9795570247933, "price": "$7.47"}, {"title": "Dial for Men Hair + Body Wash, Hydro Fresh, 32 Ounce", "tags": "Stock up on Body Wash Men's Bath & Old Spice Deodorants 2-in-1 Hair and Care Personal", "relevancy_score": 445.0705935483871, "price": "$6.47"}, {"title": "AXE Body Wash Excite 32 oz", "tags": "Stock up on Body Wash Men's Bath & Old Spice Personal Care Axe", "relevancy_score": 572.1572344370861, "price": "$6.97"}, {"title": "Renpure Charcoal Body wash, 24 oz", "tags": "Stock up on Body Wash New in Clean Living Men's Women's Sheamoisture", "relevancy_score": 361.9159555555555, "price": "$4.98"}, {"title": "Old Spice Wild Bearglove Scent Body Wash for Men, 30 fl oz", "tags": "Stock up on Body Wash New in Men's Bath & Old Spice Deodorants Hair Care Personal", "relevancy_score": 836.300978199052, "price": "$7.47"}, {"title": "Olay Rinse-Off Body Conditioner with Shea Butter, 8 fl oz", "tags": "Body Scrubs & Exfoliators Olay Lotions Creams New in Wash Men's Bath Women's Nivea", "relevancy_score": 1232.0786020202017, "price": "$5.97"}, {"title": "Dove Beauty Bar Coconut Milk 3.75 oz 6 Bars", "tags": "Body Wash & Shower Gel Stock up on Dove Personal Care Bars Scrubs Men +", "relevancy_score": 2807.303598697068, "price": "$6.88"}, {"title": "Cetaphil\u00ae Gentle Cleansing Bars 3-4.5 oz. Pack", "tags": "Cetaphil Cleansers Face Wash For Combination Skin Body Acne Dermatologist Recommended Skincare All Sensitive", "relevancy_score": 948.4540883116883, "price": "$8.88"}, {"title": "Lever 2000 Bar Soap Original 4 oz 12 Bars", "tags": "Body Wash & Shower Gel Stock up on Dove Personal Care SheaMoisture Sheamoisture Scrub", "relevancy_score": 5165.738038938053, "price": "$6.94"}, {"title": "(6 pack) Suave Men Body Wash Sport 28 oz", "tags": "Stock up on Body Wash Men's Bath & Shampoo and Conditioner 2-in-1 Hair Care Personal", "relevancy_score": 1084.8259773584905, "price": "$16.70"}, {"title": "Olay Age Defying Body Wash for Women with Vitamin E, 22 fl oz", "tags": "Stock up on Body Wash Olay Lotions & Creams New in Men's Bath Dove Scrubs Women's", "relevancy_score": 2208.355017234469, "price": "$5.97"}, {"title": "AXE Phoenix Body Wash 32 oz", "tags": "Stock up on Body Wash Men's Bath & Old Spice Personal Care Axe", "relevancy_score": 603.4793548387097, "price": "$6.97"}, {"title": "Dove Men+Care Body Soap and Face Bar Deep Clean 3.75 oz 6 Bars", "tags": "Men's Bath & Body Dove Bars Men Care Wash + Bar Soap 2-in-1 Hair and Personal", "relevancy_score": 1756.5994802919706, "price": "$6.88"}, {"title": "Dove Go Fresh Pomegranate and Hibiscus Tea Body Wash, 22 oz", "tags": "Stock up on Body Wash Dove Personal Care Clean Living & Scrubs Men Women's +", "relevancy_score": 4581.9854836653385, "price": "$5.94"}, {"title": "Method Body Wash, Pure Peace, 18 Ounce", "tags": "Native New in Body Wash Clean Living Men's Plant Based Personal Care Women's Method", "relevancy_score": 304.4800494845361, "price": "$6.98"}, {"title": "(2 pack) Suave Kids Fresh Spider-Sense 3 in 1 Shampoo Conditioner Body Wash, 28 oz", "tags": "Kids Oral Care Stock up on Body Wash SheaMoisture Women's Sheamoisture 2-in-1 Hair and Scrub", "relevancy_score": 95.72576, "price": "$9.66"}, {"title": "Dove Deep Moisture Body Wash, 12 oz", "tags": "Dove Personal Care Clean Living Body Wash Men's Bars & Scrubs Men Women's +", "relevancy_score": 21887.48677900128, "price": "$3.97"}, {"title": "Dial Kids Body + Hair Wash, Watery Melon, 24 Ounce", "tags": "Kids Oral Care Stock up on Body Wash Men's Bath & Women's 2-in-1 Hair and Personal", "relevancy_score": 92.8729306122449, "price": "$4.53"}, {"title": "Irish Spring Moisture Blast Moisturizing Body Wash- 18 fluid ounce", "tags": "Stock up on Body Wash Men's Bath & Irish Spring Old Spice Personal Care", "relevancy_score": 2143.0529212121214, "price": "$3.97"}, {"title": "Dove Instant Foaming Body Wash Sensitive Skin 13.5 oz 4 Count", "tags": "Stock up on Body Wash Dove Personal Care Men's Bars & Scrubs Men Women's +", "relevancy_score": 2479.0912413793103, "price": "$5.94"}, {"title": "(2 pack) Lever 2000 Original Bar Soap, 4 oz, 8 Bar", "tags": "Body Wash & Shower Gel Stock up on Men's Bath Dove Bars Personal Care Irish Spring Bar Soap", "relevancy_score": 5113.037265315852, "price": "$7.70"}, {"title": "St. Ives Acne Control Apricot Face Scrub 6 oz", "tags": "Stock up on Body Wash Dove Personal Care Men's Bath & Scrubs Women's", "relevancy_score": 10973.56425199535, "price": "$4.44"}, {"title": "Paw Patrol Rasbery Rescue Bubble Bath, 24 oz", "tags": "Bubble Baths & Soaks All Bath Bombs, Bubbles Bombs Women's Body Wash Men's Shampoo and Conditioner 2-in-1 Hair Care Sheamoisture Scrub", "relevancy_score": 61.43813333333333, "price": "$2.98"}, {"title": "Johnson's Gentle Baby Body Moisture Wash, 16.9 fl. oz", "tags": "Baby Skin Care & Grooming Lotions Body Washes Oils Shampoos Johnson's", "relevancy_score": 1232.3872316831682, "price": "$3.92"}, {"title": "Old Spice Red Zone Swagger Body Wash, Scent of Confidence, 3 fl oz", "tags": "New in Body Wash Men's Bath & Old Spice Deodorants Shampoo and Conditioner Hair Care Personal", "relevancy_score": 679.6639879396985, "price": "$1.47"}, {"title": "Hello Bello Baby Shampoo & Wash, Lavender, 9.8 fl oz", "tags": "Baby Care Lotions Diaper Time All Hello Bello Clean Living Products Favorites Oils &", "relevancy_score": 868.5206752293577, "price": "$5.98"}, {"title": "Caress Beauty Bar Soap Daily Silk 3.15 oz 3 Bars", "tags": "Stock up on Body Wash Dove Personal Care Bars Bar Soap Women's Olay", "relevancy_score": 1227.4771297297295, "price": "$2.67"}, {"title": "SheaMoisture Bar Soap African Black Soap, 5 oz", "tags": "Body Scrubs & Exfoliators Clean Living Wash Shea Moisture Bar Soap SheaMoisture Care Women's New in Soaps Sheamoisture Scrub", "relevancy_score": 786.6799294117648, "price": "$4.18"}, {"title": "Baby Magic Calming Baby Bath, Lavender & Chamomile, 30 oz, Tear-Free, Free of Parabens, Phthalates, Sulfates and Dyes", "tags": "Baby Skin Care & Grooming Lotions Body Washes Magic Oils Johnson's", "relevancy_score": 501.5626941176471, "price": "$4.68"}, {"title": "Dove Purely Pampering Sweet Cream & Peony Body Wash Pump, 34 oz", "tags": "Stock up on Body Wash Dove Personal Care & Scrubs Men Women's +", "relevancy_score": 1035.786106122449, "price": "$8.94"}, {"title": "(Pack of 2) Irish Spring Icy Blast, Refreshing Bar Soap, 3.7 Ounce, 8 Bar", "tags": "Stock up on Body Wash Men's Bath & Irish Spring Bar Soap Personal Care", "relevancy_score": 1639.5719873015873, "price": "$7.94"}, {"title": "Purpose Gentle Cleansing Bar, 6 oz", "tags": "Hand Soaps Body Wash & Shower Gel Men's Lotions Cetaphil Care CeraVe Facial", "relevancy_score": 317.92265806451616, "price": "$2.53"}, {"title": "Suave Kids 3 in 1 Shampoo, Conditioner and Body Wash Wacky Melon, 18 oz (Pack of 2)", "tags": "Kids Oral Care Stock up on Body Wash Hair Sets Women's 2-in-1 and Men's Personal", "relevancy_score": 570.4847076923077, "price": "$6.04"}, {"title": "Old Spice Swagger Antiperspirant and Deodorant + Body Wash + Body Spray, Gift Pack", "tags": "Men's Bath & Body Wash Travel Size Toiletries Kits Care Sets Old Spice Deodorants Personal Axe", "relevancy_score": 2716.131586440678, "price": "$9.88"}, {"title": "Sea Breeze Original Facial Cleanser, 10 fl oz", "tags": "Stock up on Body Wash Dove Personal Care Men's Bath & Scrubs Women's", "relevancy_score": 757.2222502673796, "price": "$3.97"}, {"title": "Method Men, Sea + Surf Body Wash, 18 Ounce", "tags": "New in Body Wash Men's Bath & Hand Soaps Method Care Old Spice Deodorants", "relevancy_score": 564.6628736842105, "price": "$6.98"}, {"title": "PAW Patrol 3-in-1 Shampoo, Conditioner, & Body Wash, 14 Oz.", "tags": "Kids Oral Care Bubble Baths & Soaks All Bath Bombs, Bubbles Toothbrushes Electric 2-in-1 Hair and Body", "relevancy_score": 43.0786, "price": "$2.98"}, {"title": "Old Spice Body Wash for Men Exfoliate with Charcoal Scent 16 oz", "tags": "Stock up on Body Wash New in Men's Bath & Old Spice Deodorants Hair Care Personal", "relevancy_score": 905.3416920353982, "price": "$5.47"}, {"title": "AXE Regimen Gift Set for Men Dark Temptation 3 pc", "tags": "Men's Bath & Body Wash Travel Size Toiletries Kits Care Sets Old Spice Deodorants Personal Axe", "relevancy_score": 488.1263694656488, "price": "$9.97"}, {"title": "SheaMoisture Hydration Bar Soap 100% Virgin Coconut Oil, 8 oz", "tags": "Dove Personal Care Clean Living Body Wash Shea Moisture Bar Soap SheaMoisture Women's Sheamoisture 2-in-1 Hair and Scrub", "relevancy_score": 676.8071213114755, "price": "$4.97"}, {"title": "Aveeno Baby Daily Care Set with Natural Oat Extract, 2 Items", "tags": "", "relevancy_score": 516.9696408759124, "price": "$13.92"}, {"title": "Selsun Blue 3 in One Body Wash / Shampoo / Conditioner (11 Oz)", "tags": "New in Body Wash Clean Living Men's Plant Based Personal Care Aveeno Hempz 2-in-1 Hair and", "relevancy_score": 408.2358, "price": "$6.98"}, {"title": "Aveeno Positively Nourishing Calming Lavender Body Wash, 16 fl. oz", "tags": "Stock up on Body Wash Clean Living Lotion & Moisturizers Aveeno Lotions Creams Women's Care", "relevancy_score": 838.8799294117647, "price": "$5.33"}, {"title": "Ivory Sensitive Skin Moisturizing Body Wash Hint of Lavender, 17.9 fl oz", "tags": "Stock up on Body Wash New in Men's Bath & Clean Living Women's", "relevancy_score": 2414.4807682310466, "price": "$4.97"}, {"title": "Softsoap Moisturizing Body Wash Pump, Pomegranate and Mango, 32 Ounce", "tags": "Hand Soaps Stock up on Body Wash New in Men's Softsoap Soap Old Spice", "relevancy_score": 1903.8222284424378, "price": "$5.88"}, {"title": "Bodycology Coconut Hibiscus 2 in 1 Moisturizing Body Wash and Bubble Bath, 16 fl oz", "tags": "Stock up on Body Wash Bubble Baths & Soaks All Bath Bombs, Bubbles Bombs Lotion Moisturizers Women's", "relevancy_score": 86.56052765957446, "price": "$3.97"}, {"title": "Johnson's Skin Nourish Baby Wash With Shea & Cocoa Butter, 16.9 fl. oz", "tags": "Baby Skin Care & Grooming Lotions Body Washes Oils Shampoos Johnson's", "relevancy_score": 5495.404151277683, "price": "$3.92"}, {"title": "Olay Moisture Outlast Ultra Moisture Shea Butter Beauty Bar 3.75 oz, 6 count", "tags": "Body Wash & Shower Gel Stock up on Dove Personal Care Bars Women's Olay", "relevancy_score": 1006.5924967741935, "price": "$6.59"}, {"title": "(Pack of 2) Dr. Bronner's Citrus Orange Bar Soap", "tags": "Hand Soaps Clean Living Body Wash Dr. Bronner's Care Tom's of Maine & Bar Women's New in Discover! Staff-Favorite Gift Ideas for", "relevancy_score": 105.22532307692308, "price": "$7.94"}, {"title": "Dove Body Wash Mousse with Rose Oil 10.3 oz", "tags": "Dove Personal Care New in Body Wash Men's & Scrubs Men Women's + 2-in-1 Hair and", "relevancy_score": 575.50545, "price": "$5.94"}, {"title": "Bodycology Cherry Blossom 2 in 1 Moisturizing Body Wash and Bubble Bath 16 oz / 473 Ml", "tags": "Stock up on Body Wash Bubble Baths & Soaks All Bath Bombs, Bubbles New in Bombs Women's", "relevancy_score": 152.6267870967742, "price": "$3.97"}, {"title": "Old Spice North Star with Teakwood Body Wash, 16.9 Fl. oz.", "tags": "Stock up on Body Wash New in Men's Bath & Women's Old Spice Deodorants Personal Care", "relevancy_score": 520.3898857142857, "price": "$6.97"}, {"title": "Softsoap Luminous Oils Value Size Macadamia Oil & Peony Body Wash, 32 fl oz", "tags": "Hand Soaps Stock up on Body Wash New in Softsoap Soap Women's", "relevancy_score": 2231.8575904761906, "price": "$5.88"}, {"title": "(Pack of 2) Dr. Bronner's Baby-Unscented Bar Soap", "tags": "Body Wash & Shower Gel Clean Living Dr. Bronner's Care Plant Based Personal New in Bar Soaps Discover! Staff-Favorite Gift Ideas for", "relevancy_score": 132.62063728813558, "price": "$7.94"}, {"title": "Olay Purifying Birch Water and Lavendar Scent Foaming Whip Body Wash, 10.3 oz", "tags": "Stock up on Body Wash Olay Lotions & Creams New in Men's Bath Dove Scrubs Women's", "relevancy_score": 357.3047551401869, "price": "$5.97"}, {"title": "Ivory Sensitive Skin Moisturizing Body Wash Hint of Chamomile, 17.9 fl oz", "tags": "New in Body Wash Men's Bath & Clean Living Women's Old Spice", "relevancy_score": 2428.0724710280374, "price": "$4.97"}, {"title": "Dove Exfoliating Body Polish Crushed Almond and Mango Butter 10.5 oz", "tags": "Dove Personal Care New in Body Wash & Scrubs Bath Bombs Women's Tree Hut Scrub Treehut", "relevancy_score": 421.7621073170732, "price": "$5.94"}, {"title": "Native Natural Body Wash, Cucumber and Mint, Sulfate Free, 11.5 oz", "tags": "Native New in Body Wash Clean Living Men's SheaMoisture Care Women's Sheamoisture", "relevancy_score": 85.2729306122449, "price": "$7.97"}, {"title": "Method Men, Juniper + Sage Body Wash, 18 Ounce", "tags": "Native New in Body Wash Clean Living Men's Every Man Jack Old Spice & Deodorants", "relevancy_score": 593.0104745341615, "price": "$6.98"}, {"title": "Suave Kids Silly Apple 3 in 1 Shampoo, Conditioner, Body Wash, 18 oz, Twin", "tags": "Kids Oral Care Stock up on Body Wash Men's Hair Sets Women's 2-in-1 and Personal", "relevancy_score": 473.31876923076925, "price": "$5.49"}, {"title": "Safeguard Deodorant Bar Soap, Beige 4 oz, 8 count", "tags": "", "relevancy_score": 646.7251804878048, "price": "$12.12"}, {"title": "Olay Body Wash Conditioner with Coconut Oil, 8 fl oz", "tags": "Body Scrubs & Exfoliators Olay Lotions Creams New in Wash Men's Women's Old Spice Deodorants", "relevancy_score": 466.8412270676692, "price": "$5.97"}, {"title": "Old Spice Red Zone Icon Scent Body Wash for Men, 21 fl oz", "tags": "Stock up on Body Wash New in Men's Bath & Old Spice Deodorants Personal Care Axe", "relevancy_score": 581.6574877192982, "price": "$5.47"}, {"title": "Old Spice Red Sky with Blood Orange Body Wash, 16.9 Fl. oz.", "tags": "Stock up on Body Wash New in Men's Bath & Old Spice Deodorants Hair Care Personal", "relevancy_score": 515.6832345323742, "price": "$6.97"}, {"title": "Aveeno Daily Moisturizing Yogurt Body Wash for Dry Skin, 18 fl. oz", "tags": "Stock up on Body Wash Clean Living Lotion & Moisturizers Aveeno Lotions Creams Women's Care", "relevancy_score": 3002.720639520958, "price": "$7.67"}, {"title": "Avalon Organics Nourishing Lavender Bath & Shower Gel, 32 oz.", "tags": "Avalon Organics Body Care Clean Living Wash New in SheaMoisture Alba Botanica Sheamoisture Discover! Staff-Favorite", "relevancy_score": 171.5533090909091, "price": "$7.51"}, {"title": "Grandma's Pure & Natural Lye Soap Bars, 6 Oz.", "tags": "Stock up on Body Wash Clean Living Tom's of Maine & Bar Soaps Soap Bilt Care New in Gift Ideas for", "relevancy_score": 101.72576, "price": "$6.99"}, {"title": "AXE Sport Blast 2 in 1 Body Wash and Shampoo for Men, 16 oz", "tags": "Stock up on Body Wash Dove Personal Care Men's SheaMoisture Sheamoisture 2-in-1 Hair and Axe Scrub", "relevancy_score": 679.7831457627118, "price": "$3.99"}, {"title": "IVORY SOAP PERSONAL BAR 3X3.1 OZ", "tags": "Body Wash & Shower Gel Stock up on Dove Personal Care Men's Bath Bars Irish Spring Bar Soap", "relevancy_score": 443.3187692307693, "price": "$16.47"}, {"title": "EvridWear Exfoliating Dual Texture Bath Gloves for Shower, Spa, Massage and Body Scrubs, Dead Skin Cell Remover, Gloves with hanging loop (1 Pair Heavy)", "tags": "Body Scrubs & Exfoliators Wash Shower Gel Men's Bath Clean Living New in Spa Tree Hut Scrub Treehut", "relevancy_score": 150.7599238095238, "price": "$8.99"}, {"title": "Dial for Men Hair + Body Wash, Hydro Fresh, 20 Ounce (Pack of 4)", "tags": "Stock up on Body Wash Men's Bath & Old Spice Deodorants 2-in-1 Hair and Care Personal", "relevancy_score": 76.70066086956523, "price": "$13.29"}, {"title": "Hello Bello Baby Gift Set, Includes Shampoo & Wash, Bubble Bath, Baby Lotion, and Wipes", "tags": "Baby Care Lotions All Hello Bello Gifts Clean Living Products Favorites Gift Sets for", "relevancy_score": 79.76052765957445, "price": "$14.98"}, {"title": "Neutrogena Rainbath Shower and Bath Gel, Pear and Green Tea, 16 fl. oz", "tags": "Loofahs, Bath Sponges & Accessories Neutrogena Body Wash Stock up on SheaMoisture Care Sheamoisture Oils Lotions Creams", "relevancy_score": 689.966238150289, "price": "$10.99"}, {"title": "Mrs. Meyer's Clean Day Body Wash, RainWater Scent, 16 ounce bottle", "tags": "New in Body Wash Clean Living Plant Based Personal Care SheaMoisture Bar Soap Women's Sheamoisture", "relevancy_score": 7313.634454354539, "price": "$7.78"}, {"title": "Cetaphil Baby Wash and Shampoo 13.5 oz", "tags": "Baby Skin Care & Grooming Lotions Body Washes Favorites Oils Cetaphil Shampoos", "relevancy_score": 16.507576470588234, "price": "$10.42"}, {"title": "Grisi Soap - Concha Nacar 3.5 Oz", "tags": "Hand Soaps Body Scrubs & Exfoliators Stock up on Wash Clean Living Lotions Creams Cetaphil Care Bar Soap Women's", "relevancy_score": 18.507576470588234, "price": "$3.58"}, {"title": "(2 Pack) Disney Frozen 3-in-1 Body Wash Shampoo Conditioner Frosted Berry Scent, 20.0 FL OZ", "tags": "Kids Oral Care Bubble Baths & Soaks All Bath Bombs, Bubbles Men's Body Wash Women's Electric Toothbrushes 2-in-1 Hair and", "relevancy_score": 67.10066086956522, "price": "$6.34"}, {"title": "Palmer's Skin Success Medicated Complexion Soap Bar 3.5 oz.", "tags": "Body Scrubs & Exfoliators Palmer's Lotions Creams Shea Moisture Bar Soap SheaMoisture Care New in Soaps Oils", "relevancy_score": 847.9540883116883, "price": "$7.44"}, {"title": "Native Lavender & Rose Body Wash 11.5oz", "tags": "Native New in Body Wash Clean Living Men's Plant Based Personal Care Women's Sheamoisture", "relevancy_score": 78.30066086956522, "price": "$6.97"}, {"title": "Neutrogena Rainbath Replenishing Shower/Bath Gel, Ocean Mist, 16 oz", "tags": "Loofahs, Bath Sponges & Accessories Neutrogena Body Wash Stock up on Clean Living Care Women's Oils Lotions Creams", "relevancy_score": 1094.029635955056, "price": "$9.97"}, {"title": "Mrs. Meyer's Clean Day Body Wash, Lavender, 16 fl oz", "tags": "New in Body Wash Clean Living Mrs Meyers Hand Soap Plant Based Personal Care Poise Bar Women's", "relevancy_score": 129.40311428571428, "price": "$6.12"}, {"title": "Tone Bath Bar Soap, Cocoa Butter, 4.25 Ounce, 2 Bars", "tags": "Stock up on Body Wash Dove Personal Care Men's & Scrubs Bar Soap Women's", "relevancy_score": 467.9263694656488, "price": "$22.74"}, {"title": "Dial Antibacterial Body Wash, Spring Water (35 fl. oz., 2 pk.)", "tags": "Stock up on Body Wash Men's Bath & Clean Living Discover! Staff-Favorite Care Personal", "relevancy_score": 21.708294736842106, "price": "$26.99"}, {"title": "Dial Body Wash, Gold, 16 Ounce", "tags": "Stock up on Body Wash Men's Bath & Bar Soap Discover! Staff-Favorite Care Personal", "relevancy_score": 536.6739324675324, "price": "$9.20"}, {"title": "CeraVe Baby Wash and Shampoo, 8 oz", "tags": "Baby Lotions Body Washes Diaper Time Premium Care Favorites Oils & Thinkbaby Shampoos", "relevancy_score": 57.63268571428572, "price": "$9.99"}, {"title": "Suave Kids 3-in-1 Shampoo, Conditioner, Body Wash Purely Fun, 28 oz, 4 Count", "tags": "", "relevancy_score": 5.139174193548387, "price": "$19.92"}, {"title": "The Grandpa Soap Company, Thylox Acne Soap, 3.25 oz", "tags": "Body Scrubs & Exfoliators Wash Shower Gel Men's Women's New in Bar Soaps Old Spice Cremo Gift Ideas for", "relevancy_score": 331.5577786407767, "price": "$5.35"}, {"title": "Mrs. Meyer's Clean Day Body Wash, Basil Scent, 16 ounce bottle", "tags": "New in Body Wash Clean Living Plant Based Personal Care SheaMoisture Women's Hempz Sheamoisture", "relevancy_score": 3151.7445417322833, "price": "$6.12"}, {"title": "Grisi Soap - Avena Oat 3.5 Oz", "tags": "Hand Soaps Body Wash & Shower Gel Shea Moisture Bar Soap SheaMoisture Care Bilt New in Discover! Staff-Favorite", "relevancy_score": 5.139174193548387, "price": "$1.00"}, {"title": "Aveeno Daily Moisturizing Yogurt Body Wash with Apricot, 12 fl. oz", "tags": "Stock up on Body Wash Clean Living Lotion & Moisturizers Aveeno Lotions Creams Women's Care", "relevancy_score": 2216.850791038696, "price": "$6.31"}, {"title": "Coast\u00c2\u00ae Classic Scent Refreshing Deodorant Soap 8-4 oz. Bars", "tags": "Stock up on Body Wash Men's Bath & Bar Soap New in Soaps Personal Care Irish Spring", "relevancy_score": 988.1839409836066, "price": "$12.50"}, {"title": "(2 Pack) Disney Princess 3-in-1 Shampoo, Conditioner & Body Wash, Berry Bouquet, 20 Oz", "tags": "Kids Oral Care Clean Living Body Wash Men's New in Dove Men Electric Toothbrushes 2-in-1 Hair and", "relevancy_score": 35.81623783783784, "price": "$7.06"}, {"title": "Alba Botanica Hawaiian Detox Body Wash, 32 Ounce Bottle", "tags": "New in Body Wash Clean Living SheaMoisture Care Women's Alba Botanica Sheamoisture", "relevancy_score": 266.87626666666665, "price": "$8.79"}, {"title": "Kirk's Gentle Castile Soap, Original Fresh Scent, 3 Bars, 4 oz", "tags": "Body Wash & Shower Gel Clean Living Dr. Bronner's Care Tom's of Maine Bar Soaps Shea Moisture Soap New in Discover! Staff-Favorite Gift Ideas for", "relevancy_score": 2039.1348492440607, "price": "$10.41"}, {"title": "Olay Charcoal Detoxifying Body Scrub for Women, 0.35 oz", "tags": "Body Scrubs & Exfoliators New in Wash Banana Boat Women's Old Spice Tree Hut Scrub Treehut", "relevancy_score": 178.5653189189189, "price": "$7.97"}, {"title": "SheaMoisture 100% Virgin Coconut Oil Foam Body Wash 11 oz", "tags": "New in Body Wash Clean Living Plant Based Personal Care SheaMoisture Women's Hempz Sheamoisture", "relevancy_score": 25.616342857142858, "price": "$8.74"}, {"title": "AVEENO Baby Wash and Shampoo 8 oz", "tags": "Baby Skin Care & Grooming Aveeno Body Washes Johnson Registry Collection Favorites Shampoos", "relevancy_score": 1618.5746834645668, "price": "$7.94"}, {"title": "6-Pack Dove Body Wash Shower Gel", "tags": "", "relevancy_score": 4.139174193548387, "price": "$24.00"}, {"title": "Ivory Soap, Original 4 oz Bars 10 ea (Pack of 2)", "tags": "Stock up on Body Wash Dove Personal Care Bars Plant Based Bar Soap Irish Spring", "relevancy_score": 51.0786, "price": "$18.76"}, {"title": "(3 pack) Aveeno Daily Moisturizing Body Wash with Soothing Oat, 18 fl. oz", "tags": "Stock up on Body Wash Clean Living Lotions & Creams Lotion Moisturizers Aveeno Care", "relevancy_score": 0.0, "price": "$19.60"}, {"title": "Basis Vitamin Bar 4 oz.", "tags": "Hand Soaps Native Stock up on Body Wash New in Clean Living Bar Gift Ideas for", "relevancy_score": 179.9825791044776, "price": "$5.60"}, {"title": "Draizee Heel Shoe Spa Gift Set \u2013 Rose Scented Bath Essentials Gift Basket With Shower Gel, Bubble Bath, Body Butter, Body Lotion And Soft EVA Bath Puff \u2013 Luxurious Home Relaxation Gifts For Women", "tags": "Body Scrubs & Exfoliators Bubble Baths Soaks All Bath Bombs, Bubbles New in Wash Hand Lotions Creams Dove Care Sets Kits Women's", "relevancy_score": 13.29221818181818, "price": "$21.95"}, {"title": "Tom's of Maine Prebiotic Moisturizing Natural Body Wash, Gentle Lavender, 16 oz.", "tags": "Clean Living Body Wash New in Tom's of Maine & Bar Soaps SheaMoisture Care Sheamoisture Gift Ideas for", "relevancy_score": 439.3267361344538, "price": "$7.99"}, {"title": "(2 Pack) Despicable Me 3-in-1 Body Wash Shampoo & Conditioner Banana Scented, 14.0 FL OZ", "tags": "Kids Oral Care Bubble Baths & Soaks All Bath Bombs, Bubbles Men's Body Wash Women's Shampoo and Conditioner 2-in-1 Hair", "relevancy_score": 103.07228679245283, "price": "$6.08"}, {"title": "The Honest Company Shampoo and Body Wash 17 Fl. oz, 2-pack", "tags": "Stock up on Body Wash Dove Personal Care Men's Bath & Scrubs Women's", "relevancy_score": 5.139174193548387, "price": "$26.99"}, {"title": "Folliculit Solution Medicated Body Wash for body acne, folliculitis, ingrown hairs, scars, butt acne, chest, back, thighs folliculitis - antibacterial & antifungal body wash - 6.0 OZ", "tags": "Neutrogena Body Wash Stock up on Men's Lotions Clean Living Care Women's Facial", "relevancy_score": 10.26965, "price": "$34.99"}, {"title": "Philosophy Pure Grace Shampoo, Bath & Shower Gel, 16 Oz", "tags": "Premium Body Treatments Lotions Sprays Clarins Philosophy Self Care & Pampering Value Sizes Sets Beauty Kits", "relevancy_score": 88.0179, "price": "$19.99"}, {"title": "The Honest Company Shampoo + BW - Lavender Dream", "tags": "Stock up on Body Wash Bubble Baths & Soaks All Bath Bombs, Bubbles Clean Living Aveeno Lotions Creams Women's Care", "relevancy_score": 35.11623783783784, "price": "$9.95"}, {"title": "Kirk's Natural Original Coco Castile Bar Soap, Fragrance Free, 4 Oz, 3 Ct", "tags": "Clean Living Body Wash Tom's of Maine & Bar Soaps Shea Moisture Soap SheaMoisture Care New in Gift Ideas for", "relevancy_score": 214.21134736842106, "price": "$9.25"}, {"title": "Pine Tar Soap by Grandpas - 3.25 Ounce Bar", "tags": "Body Scrubs & Exfoliators Clean Living Wash Tom's of Maine Bar Soaps Shea Moisture Soap SheaMoisture Care New in Gift Ideas for", "relevancy_score": 421.2789440000001, "price": "$6.49"}, {"title": "Cetaphil\u00ae PRO Dry Skin Soothing Wash 10 fl. oz. Bottle", "tags": "Body Lotions & Creams Cetaphil Stock up on Lotion Moisturizers Care Men's Facial Fall Skin Essentials", "relevancy_score": 10.26965, "price": "$17.00"}, {"title": "Aveeno Positively Nourishing Body Wash, Fig & Shea Butter, 16 fl. oz", "tags": "Avalon Organics Body Care Stock up on Wash Clean Living Aveeno Lotions & Creams Alba Botanica", "relevancy_score": 281.9075304347826, "price": "$8.61"}, {"title": "Caress Soap Bar Daily Silk 4oz 4bar", "tags": "Body Wash & Shower Gel Stock up on Dove Personal Care Bars Women's Men +", "relevancy_score": 1029.6028110671937, "price": "$14.42"}, {"title": "($18 Value) Philosophy Senorita Margarita Shampoo Shower Gel & Bubble Bath, 16 Oz", "tags": "Premium Body Treatments Lotions Travel Size Beauty Philosophy Self Care & Pampering Wellness Value Sizes Sets Kits", "relevancy_score": 138.4206372881356, "price": "$14.98"}, {"title": "Spa-Da Aromatherapy Diamond & Stars Shower Steamers - Eucalyptus Menthol 6 pack", "tags": "Stock up on Body Wash Dove Personal Care Men's Bath & Scrubs Women's", "relevancy_score": 0.0, "price": "$9.99"}, {"title": "Dove Men+Care Foaming Body Wash Clean Comfort 13.5 oz", "tags": "Dove Personal Care Men's Body Wash & Scrubs Men + Bar Soap Women's 2-in-1 Hair and", "relevancy_score": 1147.6771297297296, "price": "$14.74"}, {"title": "Neutrogena Rainbath Refreshing Shower and Bath Gel, Original, 8.5 oz", "tags": "Loofahs, Bath Sponges & Accessories Neutrogena Body Wash Stock up on Clean Living New in Care Oils Lotions Creams", "relevancy_score": 2960.417993323217, "price": "$11.58"}, {"title": "Japanese Cherry Blossom by Bath and Body Works for Women - 10 oz Shower Gel", "tags": "Stock up on Body Wash Men's Lotions Dove Personal Care & Scrubs Sets Kits Women's", "relevancy_score": 10.26965, "price": "$13.62"}, {"title": "Zest Bar Soap Aqua With Vitamin E, 4 Ounce Bars, 20 Pack", "tags": "Stock up on Body Wash Dove Personal Care Men's Bath & Scrubs Women's", "relevancy_score": 13.29221818181818, "price": "$27.00"}, {"title": "Irish Spring Original Deodorant Soap, 3.75 Oz", "tags": "Stock up on Body Wash Men's Bath & Crest Pro Health Toothpaste Bar Soap Personal Care Irish Spring", "relevancy_score": 2072.833636442516, "price": "$14.50"}, {"title": "Dove Fragrance-Free Body Wash for Dry Skin 15.8 oz", "tags": "Dove Deodorant & Antiperspirant Personal Care Men's Body Wash Bars Scrubs Men Women's +", "relevancy_score": 942.1612717948718, "price": "$13.72"}, {"title": "Kevin Murphy Repair Me Wash & Repair Me Rinse Duo 8.4 oz", "tags": "Spring Break Beauty Premium Hair & Scalp Treatments Kevin Murphy Shampoo Conditioner Sets Color Shampoos Nioxin", "relevancy_score": 0.0, "price": "$79.99"}, {"title": "JOHNSON'S Cotton Touch Newborn Baby Wash & Shampoo, Made with Real Cotton 1.70 oz", "tags": "Baby Skin Care & Grooming Lotions Body Washes Oils Shampoos Johnson's", "relevancy_score": 5141.299144434551, "price": "$4.72"}, {"title": "4 Pack - Black & White Skin Soap Bar 3.5 oz", "tags": "Body Scrubs & Exfoliators Men's Lotions Clean Living Wash Shea Moisture Bar Soap SheaMoisture Care New in Soaps", "relevancy_score": 45.50435348837209, "price": "$5.08"}, {"title": "Bar Soap + Travel Case", "tags": "Body Scrubs & Exfoliators Stock up on Wash Dove Personal Care Men's Travel Size Toiletries Kits Women's", "relevancy_score": 48.0786, "price": "$4.77"}, {"title": "Udderly Smooth Body Cream 12 oz (Pack of 3)", "tags": "Stock up on Body Wash Dove Personal Care Hand Lotions & Creams Lotion Moisturizers Women's", "relevancy_score": 53.95752195121951, "price": "$19.95"}, {"title": "Dove Body Wash Shower Gel Flavor:Assorted Size:Pack of 3", "tags": "Stock up on Body Wash Dove Personal Care New in Clean Living & Scrubs Women's", "relevancy_score": 7.292218181818181, "price": "$21.99"}, {"title": "Remedy No-Rinse Body Wash  with Oliviamine Foaming 9 oz. Pump Bottle Scented 1 Count", "tags": "Stock up on Body Wash Men's Lotions Dove Personal Care Lotion & Moisturizers Aveeno Women's", "relevancy_score": 10.26965, "price": "$12.00"}, {"title": "Neutrogena Rainbath Refreshing Shower & Bath Gel 8.50 oz (Pack of 2)", "tags": "Loofahs, Bath Sponges & Accessories Neutrogena Body Wash Stock up on Care 2-in-1 Hair and Oils Lotions Creams Fall Skin Essentials", "relevancy_score": 2687.7990389351085, "price": "$19.17"}, {"title": "Dial Body Wash, Spring Water, 21 Ounce (Pack of 4)", "tags": "Stock up on Body Wash Men's Bath & Irish Spring Discover! Staff-Favorite Care Personal", "relevancy_score": 40.59563076923077, "price": "$15.92"}, {"title": "Body Fantasies Twilight Mist Women 3 Pcs Set", "tags": "Men's Bath & Body Hand Lotions Creams New in Spa Travel Size Toiletries Kits Care Sets Personal Axe Wash", "relevancy_score": 36.108294736842105, "price": "$20.16"}, {"title": "Impreva Bath Bath Wipe Soft Pack Aloe, Unscented, 7988 - One Pack of 8", "tags": "Loofahs, Bath Sponges & Accessories All Incontinence Stock up on Body Wash Adult Hygiene Wipes Women's Assurance", "relevancy_score": 0.0, "price": "$8.33"}, {"title": "AXE Body Wash for Men Phoenix (28 oz., 2 ct.)", "tags": "Stock up on Body Wash Men's Bath & Old Spice Shampoo and Conditioner Personal Care Axe", "relevancy_score": 1477.5303287833826, "price": "$17.15"}, {"title": "2 Pack - Baby Dove Tip to Toe Wash, Sensitive Moisture 13 oz", "tags": "Dove Personal Care Men's Body Wash & Scrubs Men Women's + 2-in-1 Hair and", "relevancy_score": 774.4472247422681, "price": "$16.60"}, {"title": "Dr Teal's Soften & Nourish with Milk & Honey Foaming Bath, 34 fl oz", "tags": "Body Wash & Shower Gel Bubble Baths Soaks All Bath Bombs, Bubbles Bombs Tree Hut Scrub Treehut 2-in-1 Hair and Care", "relevancy_score": 353.45777864077667, "price": "$12.09"}, {"title": "Suave Men Body Wash, Refreshing 12 oz", "tags": "Stock up on Body Wash Men's Bath & Old Spice Shampoo and Conditioner 2-in-1 Hair Care Personal", "relevancy_score": 24.616342857142858, "price": "$5.18"}, {"title": "The Right To Shower Strength Body Wash Red Ginger and Currant, 16 oz", "tags": "Hand Soaps Clean Living Body Wash Dr. Bronner's Care Aveeno Women's Old Spice Discover! Staff-Favorite", "relevancy_score": 20.507576470588234, "price": "$11.99"}, {"title": "Everyone 3-in-1 Soap Mint and Coconut 32 Oz.", "tags": "New in Clean Living Body Wash Discover! Staff-Favorite Moisturizers Kids Alba Botanica Care EO Everyone Stock up on Hand Scrubs Sheamoisture Scrub", "relevancy_score": 74.93813333333333, "price": "$22.65"}, {"title": "Heritage, Organic Castor Oil, Cold Pressed, For Skin, 16oz", "tags": "Essential Oils and Diffusers Prenatal Aromatherapy Beauty Calm Your Mind Accessories FSA/HSA Eligible", "relevancy_score": 143.1572, "price": "$16.16"}, {"title": "McKesson Brand Rinse-Free Perineal Wash McKesson Liquid 1 gal. Jug Fresh Scent Each of 1", "tags": "Stock up on Body Wash Dove Personal Care Men's Bath & Scrubs Women's", "relevancy_score": 5.139174193548387, "price": "$15.68"}, {"title": "Zest Ocean Breeze with Sea Minerals Invigorating Body Wash, 18 fl oz", "tags": "Stock up on Body Wash New in Clean Living Men's Dove Men Care Aveeno +", "relevancy_score": 218.81134736842108, "price": "$9.74"}, {"title": "Softsoap Earth Blends Body Wash, Coconut & Fig, 16.9 Ounce", "tags": "Stock up on Body Wash New in Men's Women's Old Spice Tree Hut & Scrub", "relevancy_score": 2412.0950237288134, "price": "$5.04"}, {"title": "Ambi Cocoa Butter Cleansing Bar Soap, 3.5 oz", "tags": "Body Scrubs & Exfoliators Wash Shower Gel Dove Personal Care Clean Living Bars Shea Moisture Bar Soap SheaMoisture", "relevancy_score": 28.89563076923077, "price": "$5.76"}, {"title": "Dial Body Wash Mountain Fresh, 16.0 FL OZ", "tags": "Stock up on Body Wash Men's Bath & Irish Spring Discover! Staff-Favorite Care Personal", "relevancy_score": 58.83268571428571, "price": "$9.80"}, {"title": "6-Pack: Assorted Adidas Body Wash, Shower Gel for Men", "tags": "Stock up on Body Wash Men's Bath & Every Man Jack 2-in-1 Hair and Care Personal Axe", "relevancy_score": 10.26965, "price": "$24.88"}, {"title": "Irish Spring Original, Deodorant Bar Soap, 3.2 Ounce, 2 Bar Pack", "tags": "Stock up on Body Wash Men's Bath & Irish Spring Bar Soap Personal Care", "relevancy_score": 1182.0886368421054, "price": "$4.84"}, {"title": "Olay Fresh Outlast Body Wash (23.6 fl. oz., 3 pk.)", "tags": "Stock up on Body Wash Dove Personal Care Men's Bath & Scrubs Women's", "relevancy_score": 10.26965, "price": "$21.90"}, {"title": "Bvlgari Au The Blanc Lot of 6 each 1.76 Oz, Bars of Soap Total of 10.56 Oz", "tags": "Premium Body Treatments Lotions L'occitane Bath Bombs, Salts & Bubble Shampoo Philosophy Self Care Pampering Value Sizes Sets", "relevancy_score": 24.616342857142858, "price": "$24.47"}, {"title": "St. Ives Radiant Skin Body Wash Pink Lemon and Mandarin Orange 24 oz", "tags": "Stock up on Body Wash New in Clean Living Lotions & Creams Women's Fall Skin Care Essentials", "relevancy_score": 8831.64799055926, "price": "$9.99"}, {"title": "Philosophy Lemon Custard Shampoo, Shower Gel & Bubble Bath, 16 Fl Oz", "tags": "Premium Body Lotions Travel Size Beauty Billy Jealousy Philosophy Self Care & Pampering Wellness Value Sizes Sets Kits", "relevancy_score": 30.719066666666667, "price": "$16.99"}, {"title": "Yes To Cucumber Soothing Body Wash Cucumber Scent 16.9 Fl Oz", "tags": "Stock up on Body Wash Dove Personal Care Clean Living Men's & Scrubs Women's", "relevancy_score": 266.87626666666665, "price": "$13.40"}, {"title": "Aveeno Positively Nourishing Purifying Daily Body Wash, 16 fl. oz", "tags": "Stock up on Body Wash Clean Living Travel Size Toiletries & Kits New in Aveeno Lotions Creams Care", "relevancy_score": 334.20700606060603, "price": "$8.61"}, {"title": "Basis Sensitive Skin Bar 4 oz (Pack of 2)", "tags": "Stock up on Body Wash Dove Personal Care Men's & Scrubs Bar Soap Women's", "relevancy_score": 5.139174193548387, "price": "$9.47"}, {"title": "Suave Naturals Body Wash Ocean Breeze 12 oz (Pack of 3)", "tags": "Stock up on Body Wash Men's Bath & Women's Cold Weather Skincare Personal Care", "relevancy_score": 15.392218181818182, "price": "$15.19"}, {"title": "Suave Essentials Creamy Tropical Coconut Body Wash, 15 oz", "tags": "Stock up on Body Wash Dove Personal Care Clean Living SheaMoisture Women's Sheamoisture 2-in-1 Hair and Scrub", "relevancy_score": 481.74848955223877, "price": "$8.79"}, {"title": "(2 pack) Native Cucumber & Mint Body Wash 11.5oz", "tags": "Native New in Body Wash Clean Living Men's SheaMoisture Care Bar Soaps Sheamoisture", "relevancy_score": 85.2729306122449, "price": "$15.46"}, {"title": "2 Pack - AXE Body Wash Anarchy 16 oz", "tags": "Stock up on Body Wash Men's Bath & Old Spice Deodorants 2-in-1 Hair and Care Personal Axe", "relevancy_score": 322.5936653061225, "price": "$12.98"}, {"title": "2 Pack - Ivory Body Wash, Original, 21 oz", "tags": "Stock up on Body Wash New in Men's Bath & Clean Living Bar Soap Women's", "relevancy_score": 164.35330909090908, "price": "$13.57"}, {"title": "GRANDPA'S SOAP - PINE TAR, 4.25 OZ by Grandpa's", "tags": "Stock up on Body Wash Clean Living Tom's of Maine & Bar Soaps Shea Moisture Soap SheaMoisture Care New in Gift Ideas for", "relevancy_score": 117.1175111111111, "price": "$7.91"}, {"title": "Old Spice Body and Face Daily Cleanser for Men, 5 fl oz", "tags": "Stock up on Body Wash New in Men's Women's Facial Care Old Spice & Deodorants", "relevancy_score": 266.00937674418606, "price": "$7.97"}, {"title": "Scent-A-Way Max Deodorizing Bar Soap", "tags": "Hand Soaps Body Wash & Shower Gel Stock up on Dove Personal Care Bars Travel Size Toiletries Kits New in Bar", "relevancy_score": 20.507576470588234, "price": "$6.47"}, {"title": "Every Man Jack Body Bar, Citrus, 7 oz", "tags": "Body Wash & Shower Gel Clean Living Men's Plant Based Personal Care New in Women's Every Man Jack Hempz", "relevancy_score": 5.139174193548387, "price": "$6.20"}, {"title": "Bedside-Care EasiCleanse Bath No Rinse All Body Self Foaming Washcloth-Pack of 30", "tags": "Stock up on Body Wash Dove Personal Care Men's Bath & Scrubs Women's", "relevancy_score": 10.26965, "price": "$16.66"}, {"title": "NIVEA Refreshing Fresh Aloe and Lilly Body Wash with Nourishing Serum, 20 fl. oz.", "tags": "New in Body Wash Men's Gillette Razors Lotions & Creams Aveeno Cold Weather Skincare Nivea", "relevancy_score": 1399.8185834862386, "price": "$9.44"}, {"title": "Defense Soap 2-Pack 4 oz. Soap Body Bar", "tags": "Stock up on Body Wash Tom's of Maine & Bar Soaps Shea Moisture Soap SheaMoisture Care New in Gift Ideas for", "relevancy_score": 251.85497831325304, "price": "$12.99"}, {"title": "Ogx Coconut Miracle Oil Body Wash Sulfate Free 19.5 Oz.", "tags": "Body Scrubs & Exfoliators Stock up on Wash Lotions Creams Tree Hut Scrub Cold Weather Skincare 2-in-1 Hair and Care New in", "relevancy_score": 0.0, "price": "$9.32"}, {"title": "Triswim Chlorine Removal Body Wash: 9oz", "tags": "Stock up on Body Wash Dove Personal Care Men's Waxes & Depilatory Cream Cetaphil Women's Shampoo and Conditioner", "relevancy_score": 45.0786, "price": "$10.05"}, {"title": "Olay Ultra Moisture Body Wash (23.6 fl. oz., 3 pk.)", "tags": "Stock up on Body Wash Olay Lotions & Creams New in Men's Bath Lotion Moisturizers Women's", "relevancy_score": 10.26965, "price": "$26.99"}, {"title": "Thomasville GelLux Gel Memory Foam Body Sleep Wedge", "tags": "Stock up on Body Wash Dove Personal Care Men's Bath & Scrubs Women's", "relevancy_score": 150.99256393442622, "price": "$67.99"}, {"title": "Hempz Sweet Pineapple & Honey Melon Creamy Herbal Body Wash - 8.5 oz.", "tags": "Discover! Staff-Favorite Body Moisturizers Travel Size Lotion Hempz Wash Women's Shaving Cream Care Oils Men's Fall Skin Essentials", "relevancy_score": 10.26965, "price": "$11.07"}, {"title": "Sunflower Black Soap, Egyptian Musk, 5 Oz", "tags": "Clinique for men Premium Body Lotions L'occitane Oil & Blemish Control Face Cleansers Philosophy Self Care Pampering", "relevancy_score": 0.0, "price": "$9.97"}, {"title": "6 Pack - Suave Essentials Body Wash, Creamy Tropical Coconut 12 oz", "tags": "Stock up on Body Wash Men's Bath & Clean Living Women's Personal Care", "relevancy_score": 20.616342857142858, "price": "$20.12"}, {"title": "Bath and Body Set - 8 Pcs Bath Spa Gift Sets with Lavender and Honey Scent, Includes Bubble Bath, Shower Gel, Soap, Body Lotion, Bath Salt and More, Perfect Gift Basket for Pampering and Relaxation", "tags": "Neutrogena Body Wash Avalon Organics Care Stock up on New in Clean Living Sets & Kits Alba Botanica", "relevancy_score": 40.9082947368421, "price": "$22.99"}, {"title": "Earth Mama Morning Wellness Castile Body Wash & Hand Soap (5.3 Fl. Oz.)", "tags": "Body Wash & Shower Gel Clean Living Men's New in Dove Men Care Aveeno Stretch Mark Treatments +", "relevancy_score": 5.139174193548387, "price": "$6.94"}, {"title": "Frozen Frosted Berry Body Wash", "tags": "Stock up on Body Wash Dove Personal Care Men's & Scrubs Women's 2-in-1 Hair and", "relevancy_score": 11.492218181818183, "price": "$5.75"}, {"title": "Dial for Men Hair & Body Wash, Ultimate Clean, 16 Oz", "tags": "Stock up on Body Wash Men's Bath & Old Spice Deodorants 2-in-1 Hair and Care Personal", "relevancy_score": 300.50753043478255, "price": "$6.99"}, {"title": "AXE Dark Temptation Body Wash for Men 16 oz", "tags": "Men's Bath & Body Wash Old Spice Deodorants Dove Men + Care Personal Axe", "relevancy_score": 516.9696408759124, "price": "$6.92"}, {"title": "Elizabeth Arden Green Tea Perfume Gift Set for Women, 3 Pc", "tags": "Summer Fragrance Best Women's Perfume Fresh Beauty and Skincare Gifts for Mom Premium Fragrances Curve Gift Sets", "relevancy_score": 32.9082947368421, "price": "$23.43"}, {"title": "Aveeno Daily Moisturizing Body Wash (33 fl. oz., 2 pk.)", "tags": "Stock up on Body Wash Clean Living Lotions & Creams Lotion Moisturizers Aveeno Care", "relevancy_score": 1583.1538651810586, "price": "$29.99"}, {"title": "Gojo\u00ae, Antibacterial Foam Handwash, Refill, Plum, 1200mL Refill, 2/Carton", "tags": "Hand Soaps Panty Liners Stock up on Body Wash Dove Personal Care Men's Carefree Women's", "relevancy_score": 5.139174193548387, "price": "$59.65"}, {"title": "Dr Teal's 6-Piece Soothe and Sleep Bath Gift Set with Lavender", "tags": "Father's Day Electronics Connected Dorm Room Shop All Glass Mother's Gifts Audio Tax Free for Grads Back to School Home Visual", "relevancy_score": 23.616342857142858, "price": "$22.49"}, {"title": "Neutrogena Rainbath Replenishing Shower Gel, Ocean Mist (40 fl. oz.)", "tags": "Loofahs, Bath Sponges & Accessories Neutrogena Body Wash Stock up on Dove Personal Care Men's Women's", "relevancy_score": 569.8398594594595, "price": "$34.99"}, {"title": "Ultra Glow Cleansing Bar 3.50 oz (Pack of 2)", "tags": "Stock up on Body Wash Dove Personal Care Men's Bath & Scrubs Women's", "relevancy_score": 0.0, "price": "$9.91"}, {"title": "CHEAP & CHIC LIGHT CLOUDS by Moschino Eau De Parfum Mini .05 Oz & Body Lotion .8 Oz & Bath And Shower Gel .8 Oz Women", "tags": "Stock up on Body Wash Dove Personal Care Men's Bath & Scrubs Women's", "relevancy_score": 0.0, "price": "$8.78"}, {"title": "Bvlgari White Tea au the blanc lot of 6 ea 1.76oz bars of Soap Total of 10.56oz", "tags": "Premium Body Treatments Lotions L'occitane Bath Bombs, Salts & Bubble Philosophy Self Care Pampering Wellness Value Sizes Sets", "relevancy_score": 0.0, "price": "$24.47"}, {"title": "Aveeno Baby Daily Bathtime Solutions Gift Set to Nourish Skin for Baby and Mom, 4 items", "tags": "Stock up on Body Wash Dove Personal Care Men's & Scrubs Sets Kits Women's Aveeno", "relevancy_score": 0.0, "price": "$28.22"}, {"title": "Gianna Rose Fruit-Shaped Soap in Leaf Dish, Lemon", "tags": "Premium Body Treatments Lotions L'occitane Bath Bombs, Salts & Bubble Philosophy Self Care Pampering Wellness Value Sizes Sets", "relevancy_score": 0.0, "price": "$15.92"}, {"title": "Zest Bath Bar, Creamy Cocoa Butter & Shea, 4 Oz, 3 Ct", "tags": "Stock up on Body Wash Dove Bars Plant Based Personal Care Bar Soap Olay Irish Spring", "relevancy_score": 15.392218181818182, "price": "$10.66"}, {"title": "Kirk's 3-in-1 Head to Toe Nourishing Body Cleanser, Juniper Lime, 32 fl oz", "tags": "Clean Living Body Wash Dr. Bronner's Care Plant Based Personal New in SheaMoisture Women's Sheamoisture", "relevancy_score": 31.616237837837843, "price": "$10.63"}, {"title": "Yardley London Naturally Moisturizing Bath Bar, Lemon Verbena, 4.25 Oz", "tags": "Stock up on Body Wash Tom's of Maine & Bar Soaps Soap Bilt Care New in Gift Ideas for", "relevancy_score": 50.657521951219515, "price": "$3.58"}, {"title": "Everyone 3-in-1 Soap for Kids Tropical Coconut Twist 32 oz", "tags": "New in Body Wash Clean Living Discover! Staff-Favorite Moisturizers Kids EO Everyone Care Bilt Sheamoisture", "relevancy_score": 114.57228679245283, "price": "$23.99"}, {"title": "AVEENO Active Naturals Positively Nourishing Antioxidant Infused Body Wash White Peach + Ginger 16 oz (Pack of 2)", "tags": "Stock up on Body Wash Dove Personal Care Clean Living Men's Aveeno Women's", "relevancy_score": 121.60311428571428, "price": "$18.04"}, {"title": "No-Rinse Body Bath, 1 Gallon - Leaves Skin Clean, Refreshed and Odor-Free", "tags": "Stock up on Body Wash Dove Personal Care Men's Bath & Scrubs Women's", "relevancy_score": 5.139174193548387, "price": "$33.33"}, {"title": "Olay Ultra Moisture Shea Butter Body Wash, 2x16 oz (Twin Pack)", "tags": "Stock up on Body Wash Olay Lotions & Creams Dove Personal Care Men's Bath Scrubs Women's", "relevancy_score": 411625.31307973684, "price": "$19.22"}, {"title": "Alba Botanica Very Emollient Honey Mango Bath & Shower Gel, 32 oz.", "tags": "Avalon Organics Body Care Stock up on Wash Clean Living Lotion & Moisturizers Alba Botanica Mineral Sunscreen Discover! Staff-Favorite", "relevancy_score": 261.2916705882353, "price": "$18.95"}, {"title": "(2 Pack) Adidas, Fragrance, Male, Personal Care, 3-in-1 Body Wash, Active Start, 16 Fluid Ounce", "tags": "Stock up on Body Wash Dove Personal Care Men's & Scrubs Women's 2-in-1 Hair and", "relevancy_score": 0.0, "price": "$21.49"}, {"title": "Philosophy Amazing Grace Shower Gel, Shampoo & Bubble Bath, 32 Oz", "tags": "Premium Body Treatments Lotions L'occitane Sprays Philosophy Self Care & Pampering Value Sizes Sets Beauty Kits", "relevancy_score": 10.26965, "price": "$49.35"}, {"title": "Herbal Essence Body Wash, Tea-lightfully 15.8 oz", "tags": "Stock up on Body Wash Dove Personal Care Men's Bath & Scrubs Women's", "relevancy_score": 0.0, "price": "$13.99"}, {"title": "IVY-DRY Bar Soap, 0.7 oz bars, 3 ea", "tags": "Body Scrubs & Exfoliators Lotions Creams Dove Bars Tom's of Maine Wash Bar Soaps Soap New in Gift Ideas for", "relevancy_score": 27.719066666666667, "price": "$10.56"}, {"title": "Dove Go Fresh Body Wash, Cool Moisture, Cucumber & Green Tea 12 oz", "tags": "Stock up on Body Wash Dove Personal Care Men's & Scrubs Men Women's + 2-in-1 Hair and", "relevancy_score": 3660.7542118811884, "price": "$9.99"}, {"title": "Irish Spring Deep Action Scrub, Exfoliating Bar Soap, 3.7 Ounce, 8 Bar Pack", "tags": "Stock up on Body Wash Men's Bath & Irish Spring Bar Soap Personal Care", "relevancy_score": 116.87228679245283, "price": "$17.69"}, {"title": "Dial Infinite Fresh Lasting Body Wash for Men 16 oz", "tags": "Stock up on Body Wash Men's Bath & Dove Men Care + Personal", "relevancy_score": 0.0, "price": "$7.79"}, {"title": "Old Spice Hydro Wash Body Wash, Hardest Working, Steel Courage, 16 oz", "tags": "Stock up on Body Wash New in Men's Bath & Old Spice Deodorants Hair Care Personal", "relevancy_score": 926.2636255319148, "price": "$11.15"}, {"title": "Dr. bronner's organic pure castile liquid soap tea tree 8 fl oz", "tags": "Hand Soaps Stock up on Body Wash New in Clean Living Dr. Bronner's Care Women's Discover! Staff-Favorite Gift Ideas for Bar", "relevancy_score": 5.139174193548387, "price": "$12.99"}, {"title": "Hempz Sugarcane & Papaya Herbal Foaming Body Wash 8.5 oz", "tags": "Stock up on Body Wash Discover! Staff-Favorite Moisturizers Women's Hempz Care Oils Fall Skin Essentials", "relevancy_score": 0.0, "price": "$9.97"}, {"title": "Mustela Baby No-Rinse Cleansing Micellar Water with Natural Avocado Perseose, 25.35 fl oz", "tags": "Baby Lotions Body Washes Diaper Time Shampoos & Clean Living Care Products Premium Mustela Oils", "relevancy_score": 223.41134736842105, "price": "$24.20"}, {"title": "Johnson & Johnson Foot Soap, 4 Ounce", "tags": "Body Scrubs & Exfoliators Stock up on Wash Bubble Baths Soaks All Bath Bombs, Bubbles Care Sets Kits Women's String Floss", "relevancy_score": 182.35330909090908, "price": "$9.75"}, {"title": "Antifungal Tea Tree Oil Body Wash, Helps Athletes Foot, Ringworm, Toenail Fung..", "tags": "Hand Soaps Stock up on Body Wash Dove Personal Care New in Clean Living Men's Women's", "relevancy_score": 0.0, "price": "$20.99"}, {"title": "JASON Relaxing Chamomile Body Wash, 30 Ounce Bottle", "tags": "Hand Soaps Stock up on Body Wash Clean Living Men's Discover! Staff-Favorite Moisturizers Care Oils", "relevancy_score": 71.37276363636363, "price": "$15.58"}, {"title": "Medline ReadyBath Luxe Antibacterial Body Bathing Cloth, Scented, 8 ea", "tags": "Loofahs, Bath Sponges & Accessories All Incontinence Feminine Washes Stock up on Body Wash Adult Hygiene Wipes Women's", "relevancy_score": 5.139174193548387, "price": "$9.02"}, {"title": "Body Fantasies Japanese Cherry Blossom Women 3 Pcs Set", "tags": "Stock up on Body Wash Dove Personal Care Men's & Scrubs Sets Kits Women's", "relevancy_score": 20.507576470588234, "price": "$19.53"}]