[{"title": "Schick Hydro 5 Sense Energize Men's Razor Blade Refills, 4 Ct", "tags": "Razors Schick Men's and Razor Blades All Shaving Women's", "relevancy_score": 586.6228687898089, "price": "$12.90"}, {"title": "Schick Intuition Pure Nourishment Women's Razor, 1 Handle + 2 Refills", "tags": "Razors Schick All Women's Razor Blades Gillette Venus Shaving Men's", "relevancy_score": 933.3455657587548, "price": "$9.32"}, {"title": "Harry's Razor Blades for Men: 4 Pack of Men's Razor Blade Refills", "tags": "Razors Razor Blades Men's and All Shaving", "relevancy_score": 2221.323391204589, "price": "$8.97"}, {"title": "Van Der Hagen Premium Beard Care, Stainless Steel Double Edge Razor Blades, 5 Blades", "tags": "Razors BIC Disposable Men's and Razor Blades All Shaving Women's", "relevancy_score": 169.82962253521126, "price": "$2.88"}, {"title": "Gillette Mach3 Mens Razor Blades Refill Cartridges, 12 ct", "tags": "Razor Blades Men's Razors and All Shaving Personal Care", "relevancy_score": 2247.6217328185326, "price": "$24.97"}, {"title": "Harry's Razor Blades for Men: 8 Pack of Men's Razor Blade Refills", "tags": "Razors Razor Blades Men's and All Shaving Personal Care", "relevancy_score": 2203.322067052023, "price": "$15.97"}, {"title": "As Seen On Tv Ft Flawless Nu Razor", "tags": "Braun Finishing Touch Flawless The Pioneer Woman Nair Philips Norelco Conair As Seen on TV Home Shop all", "relevancy_score": 895.4719769784174, "price": "$39.88"}, {"title": "Gillette Venus ComfortGlide Womens Disposable Razors, White Tea, 2 ct", "tags": "Razors Gillette Schick All Women's Razor Blades Venus Shaving", "relevancy_score": 2425.950504347826, "price": "$6.97"}, {"title": "Harry's Men's Razor: Surf Blue (Exclusive) Handle and 2 Razor Blade Refills", "tags": "Razors Razor Blades Men's and All Shaving", "relevancy_score": 2058.2183181102364, "price": "$9.97"}, {"title": "Gillette ProGlide Shield Men's Razor Blades, 8 Blade Refills", "tags": "Father's Day Beard Care Gifts Stock up on Paper & Plastic Shavers and Trimmers Back to College Up Beauty Clean Living Shop Cleaning Supplies Oral American Jobs 2020", "relevancy_score": 1769.178156521739, "price": "$26.25"}, {"title": "Schick Hydro Silk 5 Sensitive Care Women's Disposable Razors, 3 Ct", "tags": "Father's Day Beard Care Gifts Stock up on Paper & Plastic Shavers and Trimmers Back to College Up Beauty Clean Living Shop Cleaning Supplies Oral American Jobs 2020", "relevancy_score": 26600.27940530849, "price": "$9.97"}, {"title": "Schick Hydro 5 Sense Hydrate Men's Razor Blade Refills, 4 Ct", "tags": "Father's Day Beard Care Gifts Stock up on Paper & Plastic Shavers and Trimmers Back to College Up Beauty Clean Living Shop Cleaning Supplies Oral American Jobs 2020", "relevancy_score": 1019.2372079681274, "price": "$11.88"}, {"title": "Schick Xtreme3 Sensitive Men's Disposable Razors, 8 Ct", "tags": "Razors Schick Men's and Razor Blades All Shaving Personal Care", "relevancy_score": 397.0069894736842, "price": "$9.97"}, {"title": "Gillette Sensor2 Pivoting Head Mens Disposable Razors, 12 ct", "tags": "Razor Blades Men's BIC Disposable Razors and All Shaving", "relevancy_score": 771.1733408450705, "price": "$7.97"}, {"title": "Schick Hydro Sense Hydrate Men's Razor, 1 Razor Handle and 2 Refills", "tags": "Razors Gillette Schick Men's and Razor Blades All Shaving", "relevancy_score": 85.7232, "price": "$8.97"}, {"title": "Schick Hydro Silk TrimStyle Razor + Bikini Trimmer, Plus 1 Refill", "tags": "Father's Day Beard Care Gifts Stock up on Paper & Plastic Shavers and Trimmers Back to College Up Beauty Clean Living Shop Cleaning Supplies Oral American Jobs 2020", "relevancy_score": 50268.58735505501, "price": "$13.97"}, {"title": "Gillette Fusion5 Mens Razor Handle and 2 Blade Refills", "tags": "Razor Blades Men's Razors and All Shaving Personal Care", "relevancy_score": 3872.8942382022474, "price": "$9.97"}, {"title": "Gillette Mach3 Mens Razor Handle and 2 Blade Refills", "tags": "Razor Blades Men's Razors and All Shaving Personal Care", "relevancy_score": 738.5222736842105, "price": "$7.97"}, {"title": "Gillette ProGlide Mens Razor Handle and 2 Blade Refills", "tags": "Razor Blades Men's Razors and All Shaving Personal Care", "relevancy_score": 22795.977174724172, "price": "$12.97"}, {"title": "BIC Flex 5 Men's 5 Blade, Disposable Razors, 2-count", "tags": "Razors Gillette BIC Disposable Men's and Razor Blades All Shaving", "relevancy_score": 587.643936196319, "price": "$5.97"}, {"title": "Schick Hydro 5 Sense Sensitive Men's Razor Blade Refills, 12 Ct", "tags": "Father's Day Beard Care Gifts Stock up on Paper & Plastic Shavers and Trimmers Back to College Up Beauty Clean Living Shop Cleaning Supplies Oral American Jobs 2020", "relevancy_score": 784.9296248704663, "price": "$26.88"}, {"title": "Gillette Fusion5 Mens Razor Blades Refill Cartridges, 12 ct", "tags": "Father's Day Beard Care Gifts Stock up on Paper & Plastic Shavers and Trimmers Back to College Up Beauty Clean Living Shop Cleaning Supplies Oral American Jobs 2020", "relevancy_score": 15806.969831281762, "price": "$33.97"}, {"title": "Gillette Venus Extra Smooth Sensitive Womens Razor Blade Refills, 6 ct", "tags": "Razors Razor Blades Women's Gillette All Venus", "relevancy_score": 793.7503683168317, "price": "$26.47"}, {"title": "Gillette5 Razor Handle and 2 Blade Refill Cartridges for Men", "tags": "Razor Blades Men's Razors and All Shaving Personal Care", "relevancy_score": 1307.7144, "price": "$7.73"}, {"title": "Gillette Sensor3 Sensitive Mens Disposable Razors, 8 ct", "tags": "Razor Blades Men's Razors and All Shaving Personal Care", "relevancy_score": 1591.2605890339426, "price": "$9.97"}, {"title": "Schick Quattro YOU Exotic Violet Bloom Women's Disposable Razors, 4 Ct", "tags": "Father's Day Beard Care Gifts Stock up on Paper & Plastic Shavers and Trimmers Back to College Up Beauty Clean Living Shop Cleaning Supplies Oral American Jobs 2020", "relevancy_score": 288.049347368421, "price": "$6.41"}, {"title": "Gillette Venus Simply3 Women's Disposable Razors, 4 Count", "tags": "Razors Schick BIC Disposable All Women's Razor Blades Gillette Venus Shaving", "relevancy_score": 2317.0405425129093, "price": "$5.83"}, {"title": "Gillette Sensor2 Plus Pivoting Head Mens Disposable Razors, 15 ct", "tags": "Razor Blades Men's Razors and All Shaving Personal Care", "relevancy_score": 561.222868789809, "price": "$12.94"}, {"title": "BIC Comfort 3 Hybrid Men's 3-Blade Disposable Razor, 1 Handle 12 Cartridges", "tags": "Razors Gillette BIC Disposable Men's and Razor Blades All Shaving", "relevancy_score": 475.35337142857145, "price": "$9.97"}, {"title": "Schick Hydro Silk 5 Sensitive Care Women's Razor, 1 Razor Handle + 2 Refills", "tags": "Razors Men's Razor Blades Schick All Women's Gillette Venus Shaving", "relevancy_score": 48988.18715055093, "price": "$8.97"}, {"title": "Gillette Sensor2 Men's Disposable Razor 12 Count", "tags": "Razors Gillette Men's and Razor Blades All Shaving Personal Care", "relevancy_score": 330.17832727272724, "price": "$6.99"}, {"title": "Gillette ProGlide Mens Razor Blades Refill Cartridges, 12 ct", "tags": "Father's Day Beard Care Gifts Stock up on Paper & Plastic Shavers and Trimmers Back to College Up Beauty Clean Living Shop Cleaning Supplies Oral American Jobs 2020", "relevancy_score": 28371.18070008068, "price": "$39.66"}, {"title": "Schick Intuition f.a.b. Women's Razor Blade Refills, 3 Ct", "tags": "Razors Men's Razor Blades Schick All Women's Gillette Venus Shaving", "relevancy_score": 3758.4092133971294, "price": "$8.97"}, {"title": "Schick Hydro Silk Perfect Finish Women's Razor & Trimmer, 1 ct", "tags": "Razors Epilators & Shavers Schick All Women's Razor Blades Shaving", "relevancy_score": 1060.156120754717, "price": "$19.32"}, {"title": "Philips Norelco OneBlade replacement blade 2 pack", "tags": "Razors Beard Trimmers Philips Norelco & Groomers Men's and Razor Blades Care All Tool Shaving", "relevancy_score": 1258.4986455445544, "price": "$24.95"}, {"title": "About Face Fuzz-Free Folding Facial Razors, 3 Ea", "tags": "Razor Blades Women's Schick Razors Trimmers & Groomers All Hair Clippers Shaving", "relevancy_score": 894.9940571428572, "price": "$8.29"}, {"title": "Gillette Mach3 Men's Razor Blades, 8 Blade Refills", "tags": "Razors Razor Blades Gillette Men's All Shaving Personal Care", "relevancy_score": 1956.405630379747, "price": "$14.50"}, {"title": "Philips Norelco Multigroom 7000, MG7750/49, 23 attachments for Beard, Head, Body, and Face - Oil-free grooming", "tags": "Father's Day Electronics Connected Dorm Room Shavers and Trimmers Shop All Glass Mother's Gifts Audio for Grads Back to School Home Visual", "relevancy_score": 970.1284408163265, "price": "$44.95"}, {"title": "Gillette SkinGuard Mens Razor Blades Refill Cartridges, 12 ct", "tags": "Razors Razor Blades Gillette Men's All Shaving", "relevancy_score": 6208.330039738941, "price": "$33.97"}, {"title": "Braun Series 7 70 S Foil and Cutter Replacement Head", "tags": "Electric Shavers Braun Trimmers & Groomers Men's Razors and Razor Blades All Epilators Shaving Shave Replacement Heads", "relevancy_score": 1024.4874739726026, "price": "$34.94"}, {"title": "Schick Hydro Silk Perfect Finish Women's Razor & Trimmer, 1 ct", "tags": "Razors Epilators & Shavers Schick All Women's Razor Blades Shaving", "relevancy_score": 1060.156120754717, "price": "$19.32"}, {"title": "Bee Bald 5 Piece Kit Includes SHAVE, CLEAN, SCRUB, HEAL & SMOOTH", "tags": "Shaving Cream Women's Razor Blades Aftershaves Men's Facial Care All Razors", "relevancy_score": 570.7797479452056, "price": "$34.99"}, {"title": "Gillette Fusion Pack of 4 Refill Razor Blade Cartridges", "tags": "Razors Gillette Men's and Razor Blades All Shaving Personal Care", "relevancy_score": 82.1232, "price": "$15.49"}, {"title": "2 Pack - BIC Sensitive Shaver Disposable Razor 12 ea", "tags": "Razors BIC Disposable Men's and Razor Blades All Women's Shaving", "relevancy_score": 250.3254857142857, "price": "$11.67"}, {"title": "Gillette Mach3 Disposable Razors for Men, 3-Bladed, 6 Count", "tags": "Razor Blades Men's Razors and All Shaving Personal Care", "relevancy_score": 675.7041836065574, "price": "$12.97"}, {"title": "Pack of 32 Gillette Mach3 Mach 3 Refill Razor Blade Cartridges, 4 x 8 Packs", "tags": "Razors Razor Blades Gillette Men's All Shaving Personal Care", "relevancy_score": 55.55301818181818, "price": "$46.98"}, {"title": "Gillette Venus ComfortGlide Olay Coconut Razor Blades Refill, 2 ct", "tags": "Razors Gillette Schick All Women's Razor Blades Venus Shaving", "relevancy_score": 787.4390781725888, "price": "$12.97"}, {"title": "Gillette\u00ae Sensor2\u00ae Plus Disposable Razors 52 ct Box", "tags": "Razor Blades Men's Razors and All Women's Shaving", "relevancy_score": 1132.1754277580071, "price": "$39.99"}, {"title": "Gillette Trac II Plus Refill Razor Blade Cartridges, Bulk Packaging, 10 Count", "tags": "Razor Blades Men's Razors and All Shaving Personal Care", "relevancy_score": 74.64180869565217, "price": "$12.99"}, {"title": "Braun Series 5 51 B Foil and Cutter Replacement Head", "tags": "Electric Shavers Braun Trimmers & Groomers Men's Razors and Razor Blades All Epilators Shave Replacement Heads", "relevancy_score": 99.73119999999999, "price": "$29.94"}, {"title": "Bee Bald 5 Piece Kit Includes SHAVE, CLEAN, SCRUB, HEAL & SMOOTH", "tags": "Shaving Cream Women's Razor Blades Aftershaves Men's Facial Care All Razors", "relevancy_score": 570.7797479452056, "price": "$34.99"}, {"title": "DORCO ST-300 Double Edge Razor Blades (100 Blades)", "tags": "Razors Gillette BIC Disposable Men's and Razor Blades All Shaving", "relevancy_score": 148.4976, "price": "$10.95"}, {"title": "Schick Xtreme 3 Disposable Razors (20 ct.)", "tags": "Razors Schick Men's and Razor Blades All Shaving Personal Care", "relevancy_score": 333.3142588235294, "price": "$24.97"}, {"title": "Gillette Sensor 2 Pus Razors 10 Each", "tags": "Razor Blades Men's Razors and All Shaving Personal Care", "relevancy_score": 354.8205793103448, "price": "$13.19"}, {"title": "Gillette Mach3 Turbo Refill Blade Cartridges, 24 Count", "tags": "Razor Blades Men's Razors and All Shaving Personal Care", "relevancy_score": 1391.640650424929, "price": "$31.99"}, {"title": "100 Ct FEATHER HI-STAINLESS DOUBLE EDGE DE RAZOR BLADES NEW HAIR REMOVE MADE IN JAPAN", "tags": "Razors Gillette BIC Disposable Men's and Razor Blades All Grooming", "relevancy_score": 69.55301818181819, "price": "$31.77"}, {"title": "3 Packs of 8 Gillette Mach3 Mach 3 Razor Blades Refill Cartridges", "tags": "Razors Razor Blades Gillette Men's All Shaving Personal Care", "relevancy_score": 5.09661935483871, "price": "$34.98"}, {"title": "BIC Simply Soleil Click Womens Disposable Razor, 2 Handles, 12 Cartridges", "tags": "Razors Men's Razor Blades BIC Disposable All Women's Shaving", "relevancy_score": 311.7142588235294, "price": "$11.35"}, {"title": "Gillette Sensor Excel Refill Blades, 20 Count", "tags": "Father's Day Beard Care Gifts Stock up on Paper & Plastic Shavers and Trimmers Back to College Up Beauty Clean Living Shop Cleaning Supplies Oral American Jobs 2020", "relevancy_score": 49.20359024390245, "price": "$34.58"}, {"title": "Schick Hydro 3 Men's Refill Razor Blade Cartridge - Lot of 10 - Bulk", "tags": "Razors Schick Men's and Razor Blades All Treehut Body Scrub Shaving", "relevancy_score": 31.03056842105263, "price": "$12.99"}, {"title": "Schick Intuition Hello Kitty Sensitive Razor & 4 Refills", "tags": "Razors Schick BIC Disposable All Women's Razor Blades Gillette Venus Shaving", "relevancy_score": 31.366659459459463, "price": "$19.99"}, {"title": "Wilkinson Sword Men's Double Edge Refill Razor Blades - 5 Count", "tags": "Razors Schick BIC Disposable Men's and Razor Blades All Women's Shaving Cream", "relevancy_score": 77.84180869565218, "price": "$2.97"}, {"title": "XFIT About Face Stainless Steel Double Edge Razor Blades, 5 Ct", "tags": "Razors Gillette BIC Disposable Men's and Razor Blades All Shaving", "relevancy_score": 876.5867636363636, "price": "$2.00"}, {"title": "Gillette Venus Extra Smooth 5 Blade Cartridge Refill, 4 Count (2 packs of 2)", "tags": "Razors Gillette Schick All Women's Razor Blades Venus Shaving", "relevancy_score": 5.09661935483871, "price": "$14.99"}, {"title": "20set/box Tinkle eyebrow razor set", "tags": "Makeup Brush Sets College Mirrors All Brushes e.l.f. Applicators Cottons Pads &", "relevancy_score": 5.09661935483871, "price": "$34.99"}, {"title": "Schick Quattro Titanium Men's Razor Blade Refills, 8 Ct", "tags": "Razors Gillette Schick Men's and Razor Blades All Shaving", "relevancy_score": 471.0487539568345, "price": "$14.99"}, {"title": "BIC Comfort 3\u00ae Advance\u00ae Disposable Razor, Assorted, 4 Packages, Counter Display", "tags": "Razors BIC Disposable Men's and Razor Blades All Women's Shaving", "relevancy_score": 551.8472975609756, "price": "$5.91"}, {"title": "6 Pack Bikini Razors Ideal For a Brazillian Shave", "tags": "Schick Razors Trimmers & Groomers All Women's Razor Blades Gillette Venus Hair Clippers Shaving", "relevancy_score": 0.0, "price": "$7.99"}, {"title": "Gillette Silver Blue Double Edge Razor Blades, 5-pak", "tags": "Razor Blades Men's BIC Disposable Razors and All Shaving", "relevancy_score": 33.0912, "price": "$6.20"}, {"title": "Bic Single Blade Shavers, Sensitive 12 ea (Pack of 2)", "tags": "Razor Blades Men's BIC Disposable Razors and All Shaving Cream", "relevancy_score": 23.427885714285715, "price": "$10.92"}, {"title": "Single Edge Industrial Razor Blades, Safety Straight Edge Razors, Box & Carton Cutter Replacement Blades, Glass & Paint Scraper Razor Blades (Box of 100) - Fits ALL Standard Tools -%100 Made in USA", "tags": "Razor Blades Women's Men's Razors and All Gillette Venus Shaving", "relevancy_score": 0.0, "price": "$11.29"}, {"title": "Schick ST3 Slim Triple Sensitive Women's Disposable Razors, 8 Ct", "tags": "Razors Schick BIC Disposable All Women's Razor Blades Shaving Men's", "relevancy_score": 89.2672, "price": "$14.99"}, {"title": "10pcs Womens Disposable Twin Blade Hair Removal Razors Trimmer Shaver New Pink !", "tags": "Razors Gillette BIC Disposable All Women's Razor Blades Shaving Men's", "relevancy_score": 30.666659459459456, "price": "$6.98"}, {"title": "Panasonic WES9032P Replacement Foil and Blade Set for select Panasonic Men's ARC5 5-Blade Electric Shavers", "tags": "Razors Razor Blades Women's Men's and All Shaving", "relevancy_score": 44.7488, "price": "$66.99"}, {"title": "Mach3 Refill Cartridge Blades for Mach 3, 10 Ct.", "tags": "Razor Blades Men's Razors and All Shaving Personal Care", "relevancy_score": 34.8912, "price": "$18.99"}, {"title": "Gillette Mach3 Refill Razor Blade Cartridges, 16 Count (8ctX2)", "tags": "Razor Blades Men's Razors and All Shaving Personal Care", "relevancy_score": 44.80359024390244, "price": "$25.49"}, {"title": "Womens Disposable Twin Blade Razors 10 Count Hair Removal Shaving Smooth Trimmer", "tags": "Razors Men's Razor Blades BIC Disposable All Women's Shaving", "relevancy_score": 28.6992, "price": "$7.98"}, {"title": "Pure Badgers Hair Removal Beard Shaving Brush For Mens Shave Tools Cosmetic Tool", "tags": "Deodorants & Antiperspirants Stock up on Body Wash Men's Bath Old Spice Razors and Razor Blades Dove Men + Care 2-in-1 Hair", "relevancy_score": 5.09661935483871, "price": "$6.59"}, {"title": "Venus Extra Smooth Platinum Razor, Handle + 9 Blade Refills + Razor Case", "tags": "Razors Gillette Schick All Women's Razor Blades Venus Shaving", "relevancy_score": 133.04595862068965, "price": "$35.00"}, {"title": "BIC Flex 4 Men's 4 Blade Disposable Razors 4ct (3+1)", "tags": "Razors Women's Razor Blades BIC Disposable Men's and All", "relevancy_score": 37.43056842105263, "price": "$10.99"}, {"title": "100 Astra Superior Premium Platinum Double Edge Safety Razor Blades", "tags": "Razors Gillette BIC Disposable Men's and Razor Blades All Shaving", "relevancy_score": 0.0, "price": "$11.90"}, {"title": "Gillette Fusion 5 Power Cartridges 8 ea", "tags": "Razors Razor Blades Gillette Men's All Shaving Personal Care", "relevancy_score": 14425.467423802163, "price": "$25.80"}, {"title": "BIC\u00ae Flex2\u2122 Hybrid Disposable Razor, Blue, 10 Pack", "tags": "Razors BIC Disposable Men's and Razor Blades All Women's Shaving", "relevancy_score": 366.6856864864865, "price": "$9.48"}, {"title": "Schick Silk Touch-up Multipurpose Exfoliating Face Razor and Eyebrow Shaper with Precision Cover, 9 ct", "tags": "U by Kotex Panty Liners Schick Razors All Waterpik Panasonic Electric Shavers Women's Wahl Trimmers & Groomers Clippers", "relevancy_score": 15.27229090909091, "price": "$22.94"}, {"title": "Schick Hydro 5 Blades Silk Women Disposables Razors - Lot of 10 - Bulk Packaging", "tags": "Razors Schick BIC Disposable All Women's Razor Blades Gillette Venus Shaving", "relevancy_score": 10.352376470588235, "price": "$18.99"}, {"title": "Wilkinson Sword by Schick Hydro 5 Power Select Razor with Refill Blade", "tags": "Razor Blades Women's Men's Razors and All Shaving", "relevancy_score": 0.0, "price": "$38.99"}, {"title": "Merkur 34C Heavy Duty Classic 2-Piece Double Edge Mens Safety Razor", "tags": "Premium Face Moisturizers Billy Jealousy Cologne & Grooming Proraso Lounge Tools Beard Care", "relevancy_score": 43.7488, "price": "$39.75"}, {"title": "Dorco Tinkle Women's Shaver 3 razors (Pack of 3)", "tags": "Razors Razor Blades Women's Schick All Gillette Venus Shaving", "relevancy_score": 5.09661935483871, "price": "$8.16"}, {"title": "Gillette Mach3 Men's Razor Blades - 5 Refills", "tags": "Razors Razor Blades All Electric Shave Replacement Heads Men's Shaving Personal Care Women's", "relevancy_score": 1159.8885242320819, "price": "$18.50"}, {"title": "American Safety Razor Personna GEM Single Edge Super Stainless Steel Blades, 10 ea", "tags": "Razors BIC Disposable Men's and Razor Blades All Shaving Irish Spring Bar Soap", "relevancy_score": 179.2540656716418, "price": "$7.74"}, {"title": "Replacement Shaver Razor Head For Philips Norelco RQ11 1150X 1160X", "tags": "Razors Electric Shave Replacement Heads Shavers All Philips Norelco Remington Men's Shaving", "relevancy_score": 34.455771428571424, "price": "$16.36"}, {"title": "Gillette Sensor5 Men's Disposable Razors, Pack of 2 + 1 Free Bonus Razor", "tags": "Razor Blades Men's Schick Razors and All Shaving", "relevancy_score": 415.8705548387097, "price": "$7.79"}, {"title": "Double Edge Safety Razor + Gillette Silver Blues Double Edge Blades, 5 ct. (Pack of 2)", "tags": "Razor Blades Men's BIC Disposable Razors and All Women's", "relevancy_score": 12.27229090909091, "price": "$12.21"}, {"title": "Schick Intuition Hello Kitty Sensitive Razor & 4 Refills", "tags": "Father's Day Electronics Connected Dorm Room Shop All Glass Mother's Gifts Audio for Grads Stock up on Shave Back to School Home Visual", "relevancy_score": 89.43331764705883, "price": "$19.99"}, {"title": "Beard Grooming Kit Gift for Him - for Mustache & Beard Growth - Soften Soothe & Moisturize Skin & Hair - Castor Jojoba Almond & More Essential Oils - Premium Nature", "tags": "All Men's Beard Care Travel Size Toiletries & Kits Aftershaves Plant Based Personal Oil 2-in-1 Hair and Body Wash", "relevancy_score": 15.27229090909091, "price": "$12.45"}, {"title": "2pcs Vintage Brown Soft Badger Hair Shaving Brushes for Men Wet Shaving", "tags": "Nourison ClosetMaid Superior The Pioneer Woman Better Homes & Gardens Mainstays Autodrive Car Seat Covers EEEkit", "relevancy_score": 28.6992, "price": "$11.99"}, {"title": "Gillette Fusion Pack of 4 Refill Razor Blade Cartridges, With Continental Photo Cloth!", "tags": "Razor Blades Men's Razors and All Shaving Personal Care", "relevancy_score": 0.0, "price": "$15.49"}, {"title": "Philips Norelco Replacement Heads, HQ9/52", "tags": "Electric Shavers Epilators & Men's Razors and Razor Blades All Philips Norelco Shaving Braun Shave Replacement Heads", "relevancy_score": 2726.0778945169714, "price": "$40.90"}, {"title": "Bic Flex 5 Five Blade Disposable Razors 4 Count (3+1 Bonus) (Pack of 2)", "tags": "Razors Men's Razor Blades BIC Disposable and All Women's", "relevancy_score": 15.27229090909091, "price": "$15.99"}, {"title": "Schick Quattro for Women Disposable Razors Raspberry Rain - 3 ea", "tags": "Razors Schick BIC Disposable All Electric Shavers Women's Razor Blades Shaving", "relevancy_score": 378.2705548387097, "price": "$7.44"}, {"title": "Astra Superior Platinum Double Edge Safety Razor Refill Blades", "tags": "Razor Blades Gillette Razors Men's BIC Disposable and All Shaving", "relevancy_score": 10.1872, "price": "$10.99"}, {"title": "Gillette Venus Swirl Refill Blade Catridges, 4 Count", "tags": "Razors Gillette Schick All Women's Razor Blades Venus Shaving", "relevancy_score": 5.09661935483871, "price": "$15.49"}, {"title": "Gillette Venus Extra Smooth Womens Razor Handle, 1 Blade Refill", "tags": "Razors Gillette Schick All Women's Razor Blades Venus Shaving", "relevancy_score": 4621.308298646034, "price": "$7.99"}, {"title": "Energizer Schick ST Slim Twin Razors, 5 ea", "tags": "Razors Women's Razor Blades Gillette Schick All Electric Shavers", "relevancy_score": 111.73119999999999, "price": "$8.50"}, {"title": "Replacement Heads For Philips Norelco RQ11 Compatible With 1180X / RQ1160 Models", "tags": "Razors Electric Shavers Epilators & Men's and Razor Blades All Philips Norelco Braun Shave Replacement Heads", "relevancy_score": 23.299199999999995, "price": "$40.95"}, {"title": "Gillette Sensor Razor Blade Refills, 30 Cartridges", "tags": "Razors Razor Blades Gillette Men's and All Shaving", "relevancy_score": 29.299199999999995, "price": "$33.88"}, {"title": "Schick Quattro for Women Sensitive Hypo Allergenic Aloe Razor with 2 Refill Blades", "tags": "Razors Schick All Electric Shavers Women's Razor Blades Gillette Venus Shaving", "relevancy_score": 19.427885714285715, "price": "$7.99"}, {"title": "Derby Extra Standard Double Edge Safety Razor Blades, 100 Count + Derby Premium Double Edge Safety Razor Blades with Swedish Steel, 100 Count", "tags": "Razors Razor Blades Women's All Gillette Venus Shaving Men's", "relevancy_score": 0.0, "price": "$15.99"}, {"title": "All Metal Heavyweight Chrome ATRA Compatible Twin Blade Razor & 10 Personna Pivot Plus Blades", "tags": "Razors Gillette Men's and Razor Blades All Women's Shaving", "relevancy_score": 30.666659459459456, "price": "$24.99"}, {"title": "Gillette Mach3 Men's Razor Handle with 6 Blade Refills", "tags": "", "relevancy_score": 619.8875389830508, "price": "$24.74"}, {"title": "Shaver Replacement Head Shaver Foil Compatible with Philips Norelco Bodygroom BG2024 \u2013 2040", "tags": "", "relevancy_score": 0.0, "price": "$9.20"}, {"title": "BaBylissPro Corded Trimmer with Outlining T- Blade", "tags": "Babylisspro Men's Trimmers & Groomers Cologne Grooming Baxter of California Premium Hair Tech Tools Devices Face Care Shave Beard", "relevancy_score": 15.27229090909091, "price": "$43.56"}, {"title": "WAHL Salon Barber 5 Star Shaver Shaper Replacement Head Foil CL-7031-200", "tags": "Electric Shavers Epilators & Men's Razors and Razor Blades All Philips Norelco Shaving Braun Shave Replacement Heads", "relevancy_score": 15.27229090909091, "price": "$18.49"}, {"title": "Gillette Mach3 Refill Cartridges, 8 Count", "tags": "Razors Razor Blades Gillette Men's All Shaving Personal Care", "relevancy_score": 624.090391011236, "price": "$13.99"}, {"title": "Gillette Fusion5 Men's Razor Blades, 2 Blade Refills", "tags": "Razors Razor Blades Gillette Men's All Shaving", "relevancy_score": 11130.358509105758, "price": "$13.50"}, {"title": "Personna Twin Pivot Plus Refill Blade Cartridges w/ Lubricating Strip for Atra & Trac II Razors 10 ct.", "tags": "Razor Blades Gillette Razors Men's and Women's All Shaving", "relevancy_score": 0.0, "price": "$7.49"}, {"title": "Schick Hydro Silk Starter Kit: 1 Razor with 7 Refill Blade Cartridges and 1 Shower Hanger", "tags": "Razors Razor Blades Women's Men's All Shaving", "relevancy_score": 27.86665945945946, "price": "$26.99"}, {"title": "Gillette Sensor 3 Refill Blade Cartridges, 8 Count (Pack of 4)", "tags": "Women's Razor Blades Men's Razors and All Gillette Venus", "relevancy_score": 0.0, "price": "$47.99"}, {"title": "Gillette ProGlide Shield Chill Men's Razor Blade Refills, 8 Ct", "tags": "Razors Razor Blades Gillette Men's All Shaving Personal Care", "relevancy_score": 2930.9575950995404, "price": "$39.99"}, {"title": "SALON BARBER STRAIGHT CUT THROAT WET SHAVING RAZOR RASOIR NAVAJA SHAVETTE BLADES", "tags": "Razors Razor Blades Gillette Men's and All Shaving", "relevancy_score": 0.0, "price": "$7.99"}, {"title": "100 Shark Super Stainless Straight Edge Barber Razor Blades for Professional Barber Razors", "tags": "Razors Razor Blades Gillette Men's and All Shaving", "relevancy_score": 0.0, "price": "$6.90"}, {"title": "Personna Twin Pivot Plus Refill Blade Cartridges w/ Lubricating Strip for Atra & Trac II Razors 10 ct. (Pack of 2) + 3 Count Eyebrow Trimmer", "tags": "Razors Razor Blades Gillette Men's All Shaving", "relevancy_score": 0.0, "price": "$10.93"}, {"title": "Mach3 Turbo Refill Cartridge Blades for Mach 3, 10 Ct. + Beyond BodiHeat Patch, 1 Ct", "tags": "Men's Razor Blades Razors and All Gillette Venus Shaving Personal Care", "relevancy_score": 1387.3399272727272, "price": "$23.24"}, {"title": "Feather Flamingo Facial Touch-up Razor 3pcs (RFLS-P)", "tags": "Razors Schick All Women's Razor Blades Hair Clippers Men's Shaving", "relevancy_score": 5.09661935483871, "price": "$6.80"}, {"title": "DRYGLIDE Blade Cartridges 6-PAK", "tags": "Zirh Cologne & Grooming Premium Body Hair Removal Proraso Face Care Tools Lab Series Beard", "relevancy_score": 153.42215081967214, "price": "$13.95"}, {"title": "Bic Simply Soleil Click Women's Disposable Razors with 6 Refill Cartridges 1 ea", "tags": "Razors Schick BIC Disposable All Women's Razor Blades Gillette Venus Shaving", "relevancy_score": 1.0966193548387098, "price": "$11.32"}, {"title": "Schick Silk Touch-Up Multipurpose Exfoliating Dermaplaning Tool Eyebrow Razor and Facial Razor with Precision Cover, 3 x 2 = 6 Count", "tags": "U by Kotex Panty Liners Schick Razors Panasonic Electric Shavers Women's All Hair Clippers Depend for Men Wahl Trimmers & Groomers Shaving", "relevancy_score": 8.1872, "price": "$15.24"}, {"title": "Tinkle Eyebrow Razor Pack of 6", "tags": "Razors Schick BIC Disposable All Women's Razor Blades Gillette Venus Shaving", "relevancy_score": 23.299199999999995, "price": "$6.23"}, {"title": "RAZOR BLADES SINGLE EDGE", "tags": "Razors Gillette BIC Disposable Men's and Razor Blades All Shaving", "relevancy_score": 6.1872, "price": "$6.54"}, {"title": "New Brand Foldable Shaver Head for Philips RQ10 RQ11 RQ32 Norelco SensoTouch 3D Bulk", "tags": "Razors Electric Shavers Epilators & Men's and Razor Blades All Philips Norelco Braun Shave Replacement Heads Women's Shaving", "relevancy_score": 49.95301818181818, "price": "$8.98"}, {"title": "BEVEL BLADES", "tags": "Aramis Zirh Cologne & Grooming Proraso Premium Face Care Tools Lab Series Beard", "relevancy_score": 0.0, "price": "$9.95"}, {"title": "3x Replacement Shaver Head Blades Cutters For  Norelco HQ9 Electric Razor", "tags": "Razors Electric Shave Replacement Heads Shavers All Panasonic Philips Norelco Men's Shaving", "relevancy_score": 31.44180869565217, "price": "$15.83"}, {"title": "P & G Daisy Razor, 5 ea", "tags": "Razors Gillette BIC Disposable Men's and Razor Blades All Women's Shaving", "relevancy_score": 4.09661935483871, "price": "$8.23"}, {"title": "Gillette 7 O'Clock PII Trac II Razor  + LA Cross Blemish Remover 74851", "tags": "Razor Blades Men's Razors and All Gillette Venus Shaving", "relevancy_score": 0.0, "price": "$7.49"}, {"title": "Razor 2X (5-blade Cartridges) - Bright Orange Harry's", "tags": "Razors Razor Blades Men's and All Shaving", "relevancy_score": 14.37229090909091, "price": "$19.99"}, {"title": "Bic Twin Select Disposable Shavers for Men Sensitive Skin 10 Count (Pack of 2)", "tags": "Razors Razor Blades Gillette BIC Disposable Men's and All", "relevancy_score": 2.0966193548387095, "price": "$11.24"}, {"title": "Beard Grooming Kit For Men; Premium Men's Set For That Special Man With Premium Wooden Comb, Bearded Brush, Oil, Balm, Scissors, Storage/Travel Bag, and Wooden Gift Box", "tags": "Razors All Men's Beard Care Travel Size Toiletries & Kits Plant Based Personal 2-in-1 Hair and Body Wash", "relevancy_score": 6.1872, "price": "$22.95"}, {"title": "Foldable Eyebrow Razor for Women, Multipurpose Dermaplane Razors, Eyebrow Trimmer, Dermaplaning Tool, Precision Face Shavers - Facial Hair Removal for Women and Men 3 Pack", "tags": "Razors Razor Blades Gillette All Women's Venus Shaving", "relevancy_score": 5.09661935483871, "price": "$5.99"}, {"title": "Double Edge Safety Razor Stainless Steel Manual Shaving Razor Long Handle Traditional Razor", "tags": "Razors Razor Blades Gillette Men's and All Grooming", "relevancy_score": 10.1872, "price": "$10.69"}, {"title": "Gillette Blue 3 (Sensor, Sensor 3 and Sensor Excel Compatible) Razor Handle with 4 Refill Blade Cartridges", "tags": "Razor Blades Men's Razors and All Gillette Venus Shaving", "relevancy_score": 5.09661935483871, "price": "$19.99"}, {"title": "Bic Twin Select Silky Touch Shavers 10 Each (Pack of 3)", "tags": "Razors Razor Blades Women's BIC Disposable All Shaving", "relevancy_score": 0.0, "price": "$12.90"}, {"title": "Schick Xtreme3 Sensitive Disposable Razors for Women with Aloe and Jojoba, 4 Count (Pack of 4)", "tags": "Razors Razor Blades Schick All Women's Gillette Venus Shaving", "relevancy_score": 0.0, "price": "$15.99"}, {"title": "BIC Soleil Bella Sun-Twist Scented Women's 4 Blade Disposable Razor, 3-Count", "tags": "Razors Schick BIC Disposable All Women's Razor Blades Gillette Venus Shaving", "relevancy_score": 821.3632, "price": "$6.95"}, {"title": "Merkur 23 Long Handled Mens Safety Razor", "tags": "Zirh Premium Face Moisturizers Cologne & Grooming Proraso Care Tools Beard", "relevancy_score": 25.427885714285715, "price": "$29.95"}, {"title": "Micro Touch One Classic Safety Razor - As Seen on TV", "tags": "Braun Finishing Touch Flawless The Pioneer Woman Nair Philips Norelco Conair As Seen on TV Home Shop all", "relevancy_score": 354.8205793103448, "price": "$18.99"}, {"title": "Gillette\u00ae Fusion5\u2122 ProGlide\u00ae Razor with Power Handle 8 pc Carded Pack", "tags": "Razor Blades Men's Razors and All Shaving Personal Care", "relevancy_score": 1294.2117425867507, "price": "$26.99"}, {"title": "3 Pack - Gillette Custom Plus 3 Razors Sensitive 4 Each", "tags": "Women's Razor Blades Men's Razors and All Gillette Venus", "relevancy_score": 1032.2548363636365, "price": "$22.60"}, {"title": "Bic Sensitive Single Blade Razor Disposables, 24 Count", "tags": "Shaving Cream Razor Blades Men's Razors and All", "relevancy_score": 0.0, "price": "$10.99"}, {"title": "Gillette Contour Plus (same as Atra Plus) Refill Blade Cartridges, 10 Count + Gillette Vector Razor", "tags": "Razors Razor Blades Gillette Men's All Shaving", "relevancy_score": 1.0966193548387098, "price": "$16.99"}, {"title": "Gillette GoodNews! Pivot Plus Disposable Razors - 12 ct - 2 pk", "tags": "Razor Blades Men's Razors and All Shaving Personal Care", "relevancy_score": 49.20359024390245, "price": "$21.70"}, {"title": "Eyebrow Razor,6 in 1 Eyebrow Kit,Multipurpose Exfoliating  Tool Face Razors for Women, Including Facial Trimmer Shaver,Eyebrow Brush,Scissors,Tweezers,Storage Bag", "tags": "Razors Razor Blades Women's All Gillette Venus Shaving Men's", "relevancy_score": 0.0, "price": "$8.99"}, {"title": "GLiving Facial Hair Remover Replacement Heads, 18K Rose Gold-Plated Blade Head Cover for Women's Painless Facial Hair Remover  5 Count,(Rose Gold)", "tags": "Razors Electric Shave Replacement Heads Razor Blades Epilators & Shavers All Braun Women's Shaving", "relevancy_score": 0.0, "price": "$11.79"}, {"title": "20 Feather Hi-stainless Platinum Coated Double Edge Razor Blades", "tags": "Razors Razor Blades Women's All Gillette Venus Shaving Men's", "relevancy_score": 0.0, "price": "$11.60"}, {"title": "Gillette Sensor Blade Refill Cartridges, 10 Ct + Makeup Blender", "tags": "Razor Blades Men's Razors and All Gillette Venus Shaving", "relevancy_score": 5.09661935483871, "price": "$13.94"}, {"title": "Philips Norelco SH50/52 Replacement Head (2 pack) for Series 5000, PowerTouch (PT8__, PT7__) & AquaTouch (AT8__, AT7__) Electric Shavers + Double Ended Shaver Brush + HeroFiber\u00ae Gentle Cleaning Cloth", "tags": "Razors Electric Shave Replacement Heads All Gillette Men's Razor Blades Shaving", "relevancy_score": 0.0, "price": "$77.95"}, {"title": "Gillette SkinGuard Sensitive Razor for Men Refill Razor Blade Cartridges, 4 Count", "tags": "Razor Blades Men's Razors and All Shaving Personal Care", "relevancy_score": 0.0, "price": "$119.99"}, {"title": "Silk Touch-Up Multipurpose Exfoliating Dermaplaning Tool, Eyebrow Razor, and Facial Razor with Precision Cover, 3 Count, Touch-ups are quick and easy with.., By Schick", "tags": "Epilators & Shavers Schick Razors All Women's Razor Blades Hair Clippers Shaving", "relevancy_score": 5.09661935483871, "price": "$9.17"}, {"title": "2 Pack - Schick Xtreme 3 Senstive Skin Disposable Razors for Men, 4 ea", "tags": "Razors Schick Men's and Razor Blades All Shaving Personal Care", "relevancy_score": 0.0, "price": "$13.12"}, {"title": "Dorco ST301 Platinum Extra Double Edge Razor Blades 100 Ct", "tags": "Razors Gillette BIC Disposable Men's and Razor Blades All Shaving", "relevancy_score": 18.352376470588236, "price": "$8.99"}, {"title": "Classic Samurai Stainless Steel Professional Barber Straight Edge Razor with 100 Derby Single Edge Razor Blades (Brown)", "tags": "Razors Razor Blades Gillette Men's and All Shaving", "relevancy_score": 44.7912, "price": "$13.45"}, {"title": "Twin Blade Razor Disposable - Box of 50 - Model 16-rz50 McKesson", "tags": "Razor Blades Women's Men's Razors and All Gillette Venus", "relevancy_score": 0.0, "price": "$14.99"}, {"title": "300 Derby Professional Single Edge Razor Blades with Classic Samurai Barber Straight Edge Razor", "tags": "Razors Razor Blades Gillette Men's and All Shaving", "relevancy_score": 59.40552558139535, "price": "$18.45"}, {"title": "Eyebrow Razor for Face, Neck and Eyebrows, Stainless Steel, by Shave Classic, 3 Count + Yes to Coconuts Moisturizing Single Use Mask", "tags": "Epilators & Shavers Trimmers Groomers All Razors Nose Hair Trimmer Women's Razor Blades Clippers Shaving", "relevancy_score": 5.09661935483871, "price": "$6.99"}, {"title": "Shaving Kit for Men's Shaving Brush Holder Stand Soap Bowl Mug Hair Beard Brush", "tags": "Deodorants & Antiperspirants Stock up on Body Wash Men's Bath Old Spice Razors and Razor Blades Dove Men + Care 2-in-1 Hair", "relevancy_score": 2.0966193548387095, "price": "$13.52"}, {"title": "Outtop Men Shaving Bear Brush Best Badger Hair Shave Wood Handle Razor Barber Tool", "tags": "Deodorants & Antiperspirants Stock up on Body Wash Men's Bath Old Spice Razors and Razor Blades Dove Men + Care 2-in-1 Hair", "relevancy_score": 0.0, "price": "$7.86"}, {"title": "Shaving Brush Stand & Bowl Set Metal Shaving Brush Holder Soap Bowl Mug for Men Beard Removal Tools", "tags": "Deodorants & Antiperspirants Stock up on Body Wash Men's Bath Old Spice Razors and Razor Blades Dove Men + Care 2-in-1 Hair", "relevancy_score": 0.0, "price": "$13.64"}, {"title": "BIC Chrome Platinum Double Edge Safety Razor Blades, 100 Count + Schick Slim Twin ST for Dry Skin", "tags": "Razors Razor Blades Gillette BIC Disposable Men's and All", "relevancy_score": 0.0, "price": "$15.24"}, {"title": "Gillette Sensor2 Plus Men's Disposable Razors, 10 Count", "tags": "Razor Blades Men's Razors and All Women's Shaving Cream", "relevancy_score": 350.80001415929206, "price": "$13.19"}, {"title": "Flamingo Women's Razor Set (Mint & Gold)", "tags": "Razors Men's Razor Blades Joy All Women's Shaving", "relevancy_score": 12.352376470588235, "price": "$18.45"}, {"title": "Eyebrow Razor for Women 3 Pack, Hair Removal Facial Razor with Precision Cover for Exfoliating Dermaplaning Tool, Facial Hair Trimmer and Eyebrow Shaper Facial Razor for Women and Men", "tags": "Razors Razor Blades Gillette All Women's Venus Shaving", "relevancy_score": 0.0, "price": "$5.99"}, {"title": "Nanoskin RZ-009 Single Edge Razor Blade, (Pack of 100)", "tags": "Razors Razor Blades Gillette Men's and All Shaving", "relevancy_score": 0.0, "price": "$7.58"}, {"title": "Barbasol Ultra 3 Premium Razors Disposable, 4 Ea", "tags": "Razors Razor Blades Gillette Men's and All Shaving", "relevancy_score": 0.0, "price": "$10.48"}, {"title": "GeweYeeli 12pcs Sharp Stainless Steel 6 Layers Men Beard Shaver Shaving Blades 1pc White Razor Holder", "tags": "Razor Blades Gillette Razors Schick BIC Disposable Men's and All", "relevancy_score": 1.0966193548387098, "price": "$9.39"}, {"title": "Gillette Venus ComfortGlide Women Razor 2 Blade Refills Vanilla Creme", "tags": "Razors Gillette Schick All Women's Razor Blades Venus Shaving", "relevancy_score": 548.5121032258064, "price": "$15.39"}, {"title": "Bic Metal Bar Disposable Razor, 25 Count", "tags": "Razors Razor Blades BIC Disposable All Women's Gillette Venus Shaving", "relevancy_score": 0.0, "price": "$12.99"}, {"title": "Schick Quattro for Women Razor Refill, Ultra Smooth, 8 Ct", "tags": "Razor Blades Women's Men's Schick Razors All Shaving", "relevancy_score": 48.7488, "price": "$19.99"}, {"title": "Philips Norelco Replacement Shaver Head HQ56", "tags": "Razors Electric Shavers Men's and Razor Blades All Philips Norelco Shaving Braun Shave Replacement Heads Women's", "relevancy_score": 987.026937704918, "price": "$37.95"}, {"title": "Gillette Sensor Blade Refill Cartridges 20-Count + Eyebrow Ruler", "tags": "As Seen on TV Health & Beauty Suave Covergirl Head Shoulders Dove Equate Philips Norelco Pantene", "relevancy_score": 20.352376470588236, "price": "$25.85"}, {"title": "3 Pack - Gillette Fusion ProGlide Power Razor with 1 Blade Refill 1 ea", "tags": "Razor Blades Men's Razors and All Shaving Personal Care", "relevancy_score": 600.8538987951808, "price": "$52.75"}, {"title": "Nylea Razors for Women 6 Blades, Ladies Razor for Sensitive Skin, Premium Shaving Razor Set with with Vitamin E and Aloe Vera Lubricating Strip 3 Blade Refills", "tags": "", "relevancy_score": 0.0, "price": "$7.99"}, {"title": "Trac II Chrome Handle", "tags": "Razor Blades Men's Razors and All Gillette Venus Shaving", "relevancy_score": 20.86665945945946, "price": "$13.99"}, {"title": "Gillette Fusion ProShield Men's Flexball Razor with One Blade Refill, 2 Pack", "tags": "Razor Blades Men's Razors and All Shaving Personal Care", "relevancy_score": 0.0, "price": "$19.99"}, {"title": "Harrys Mens Razor Set with 6 Total Razor Blades (Sky Blue)", "tags": "Razors Razor Blades Men's and All Shaving", "relevancy_score": 7.1872, "price": "$29.99"}, {"title": "Willstar 1 Pcs Men Two Head Blade Back Hair Shaver Trimmer Body Leg Razor Long Handle Removal Razors", "tags": "Gillette Razors Men's and Razor Blades Trimmers & Groomers All Hair Clippers Shaving", "relevancy_score": 0.0, "price": "$11.16"}, {"title": "Schick Injector Blades with durable chromium 7 blades per pack - Pack of 4", "tags": "Razors Razor Blades Men's Schick All Shaving", "relevancy_score": 18.352376470588236, "price": "$21.21"}, {"title": "Compatible Razor Handle + Gillette Sensor Refill Razor Blade Cartridges, 10 Ct (Pack of 2)", "tags": "Razor Blades Men's Razors and All Shaving Personal Care", "relevancy_score": 11.37229090909091, "price": "$31.63"}, {"title": "Caveman Beard Oil, Balm, Soap and Comb Kit for Men - Leave in Conditioner Scent: Drunken Caveman (Bay Rum)", "tags": "All Men's Beard Care Travel Size Toiletries & Kits Aftershaves Plant Based Personal Balm Oil Wash", "relevancy_score": 23.7488, "price": "$15.95"}, {"title": "1Pc Man\u2019s Shaving Razor Stand Holder Aluminum Alloy Safety Razor Base Shaving Razor Accessory", "tags": "Razors Razor Blades Gillette Men's and All Shaving", "relevancy_score": 0.0, "price": "$7.49"}, {"title": "3 in 1 Men's Shaving Set Shaving Brush + Shaving Stand + Soap Bowl for Badger Hair Cleaning Male Shaving Kit", "tags": "", "relevancy_score": 0.0, "price": "$16.59"}, {"title": "Schick Intuition Island Berry 2 Razor Handles and 12 Cartridges (Acai Berry Extract)", "tags": "Razors Razor Blades Women's Men's All Shaving", "relevancy_score": 4.09661935483871, "price": "$32.29"}, {"title": "100 BLADES + Fac\u00f3n Professional Wooden Straight Edge Barber Razor - Salon Quality Cut Throat Shavette", "tags": "Razors Razor Blades Women's All Gillette Venus Shaving Men's", "relevancy_score": 0.0, "price": "$14.95"}, {"title": "Gillette Venus Razor Handle Includes 1 Cartridges, with Aloe Glide Strip", "tags": "Razors Razor Blades Gillette All Women's Venus Shaving", "relevancy_score": 0.0, "price": "$6.99"}, {"title": "Shaving Kit for Men's Shaving Brush Holder Stand Soap Bowl Mug Hair Beard Brush", "tags": "Razors Razor Blades Women's All Gillette Venus Shaving Men's", "relevancy_score": 0.0, "price": "$12.79"}, {"title": "MERKUR Classic 2-Piece Double Edge Saftey Razor 34C", "tags": "Premium Face Moisturizers Cologne & Grooming Proraso Care Tools Lab Series Beard", "relevancy_score": 0.0, "price": "$40.99"}, {"title": "Gillette Sensor Blade Refill Cartridges, 10 Ct", "tags": "Razors Razor Blades Gillette Men's All Shaving", "relevancy_score": 0.0, "price": "$13.58"}, {"title": "Gillette Venus Extra Smooth 5 Blade Cartridge Refill, 6 Count (3 packs of 2)", "tags": "Razor Blades Women's Schick Razors All Gillette Venus Shaving", "relevancy_score": 0.0, "price": "$20.99"}, {"title": "16 Mens Gillette Mach3 Refill Razor Blade Cartridges for Mach 3 (4 Packs Of 4)", "tags": "Razors Gillette Men's Razor Blades All Shaving Personal Care", "relevancy_score": 0.0, "price": "$28.59"}, {"title": "Remington SPR-XR14 HyperFlex Rotary Shaver (2-Pack) w/ Turbo Speed & Cordless", "tags": "", "relevancy_score": 5.09661935483871, "price": "$45.98"}, {"title": "Gillette Pack Of 2 Mach3 Razor Handle with 1 Cartridge, Fits Mach3 and Turbo Blades - (2 Razor Pack)", "tags": "Razors Gillette Men's and Razor Blades All Shaving Personal Care", "relevancy_score": 0.0, "price": "$9.98"}, {"title": "Gillette Sensor3 Razor Handle + Sensor Excel Refill Blades, 20 Count  + LA Cross Blemish Remover 74851", "tags": "Razor Blades Men's Razors and All Gillette Venus Shaving", "relevancy_score": 1.0966193548387098, "price": "$35.99"}, {"title": "Bic Comfort 3 Advance Shaver, Disposable 4 ea (Pack of 3)", "tags": "Shaving Cream Aftershaves BIC Disposable Razors All Women's Cremo Men's Personal Care", "relevancy_score": 0.0, "price": "$16.72"}, {"title": "Bump Fighter Refill Razor w/ 2 Cartridges + Bump Fighter Refill Cartridge Blades - 5 ea. (Pack of 2) + Beyond BodiHeat Patch, 1 Ct", "tags": "Razors Razor Blades Gillette Men's and All Shaving", "relevancy_score": 0.0, "price": "$19.99"}, {"title": "Color Random Women Manual Leg Hair Razor Remover Girl Stainless Steel Blade Shaver Set 4 Refill 1 Storage Box", "tags": "Razors Razor Blades Gillette All Women's Venus Shaving", "relevancy_score": 0.0, "price": "$6.19"}, {"title": "Centrix Rotorazor Replacement with Blades, 2.24 Ounce", "tags": "Spring Break Beauty Premium Body Treatments Davines Billy Jealousy Self Care & Pampering Grooming Tools Lab Series Shave", "relevancy_score": 0.0, "price": "$14.05"}, {"title": "Braun 9000CP/70s Pulsonic And Series 7 Shavers Replacement Cassette For Models 790cc,790cc-3 And 790cc-4", "tags": "Electric Shave Replacement Heads Shavers Braun Men's Razors and Razor Blades All Philips Norelco Remington", "relevancy_score": 0.0, "price": "$44.95"}, {"title": "Harrys Mens Razor Set with 6 Razor Blades (Navy Blue)", "tags": "Razors Razor Blades Men's and All Shaving", "relevancy_score": 5.09661935483871, "price": "$33.99"}, {"title": "Stainless Steel Double Edge Safety Razor with Stainless Steel 20pcs Traditional Men's Double-edge Shaving Razor Set", "tags": "Razors Razor Blades Gillette Men's and All Shaving", "relevancy_score": 0.0, "price": "$13.41"}, {"title": "BIC Chrome Platinum Double Edge Safety Razor Blades, 40 Count", "tags": "Razors Razor Blades Gillette BIC Disposable Men's and All", "relevancy_score": 0.0, "price": "$7.92"}, {"title": "Wilkinson Sword Classic Double Edge Blades, 5 ea", "tags": "Razors Gillette Schick Men's and Razor Blades All Women's Shaving Cream", "relevancy_score": 43.8912, "price": "$2.97"}, {"title": "Forte PRO 4 Head Replacement Blade by Skull Shaver", "tags": "Razor Blades Electric Shavers Gillette Razors Men's All", "relevancy_score": 0.0, "price": "$34.99"}, {"title": "6 Pack - Gillette Sensor2 Plus Disposable Razors 10 ct", "tags": "Razor Blades Men's Razors and All Gillette Venus Shaving", "relevancy_score": 0.0, "price": "$58.20"}, {"title": "Classic Samurai CS-102 Stainless Steel Professional Barber Straight Edge Razor with 100 Derby Premium Razor Blades", "tags": "Razors Razor Blades Gillette Men's and All Shaving", "relevancy_score": 16.352376470588236, "price": "$14.99"}, {"title": "BIC\u00ae Flex 3\u2122 Disposable Razor, Blue, 8 Pack", "tags": "Razors Gillette BIC Disposable Men's and Razor Blades All Shaving", "relevancy_score": 549.7921395973154, "price": "$22.00"}, {"title": "Schick Xtreme3 Disposable Bulk Packaging - Wholesale, Bulk, Loose, Packaging, Women Sensitive, Pink, 50 Count + Makeup Blender Stick, 12 Pcs", "tags": "Razors Razor Blades Schick All Women's Gillette Venus Shaving", "relevancy_score": 0.0, "price": "$39.99"}, {"title": "Personna - Tri-Flexxx Triple Blade Cartridges for Men - 8 Cartridge(s)", "tags": "Razors Razor Blades Gillette Men's All Shaving", "relevancy_score": 15.27229090909091, "price": "$9.61"}, {"title": "Gillette CustomPlus 3 Sensitive Disposable Razors - 4 ct", "tags": "Razor Blades Men's Razors and All Shaving Personal Care", "relevancy_score": 1069.071976978417, "price": "$17.16"}, {"title": "Braun 8000CP/51S Replacement Foil & Cutter for 8595 Shaver Model", "tags": "Razors Razor Blades Gillette Men's All Braun Electric Shave Replacement Heads", "relevancy_score": 0.0, "price": "$47.25"}, {"title": "HAND MADE 100% PURE BADGER HAIR SHAVING BRUSH FOR MEN'S SHAVING", "tags": "Deodorants & Antiperspirants Razors Stock up on Body Wash Men's Bath Old Spice All Dove Men + Care", "relevancy_score": 0.0, "price": "$12.99"}, {"title": "P & G Gillette Mach3 Sensitive Cartridges, 8 ea", "tags": "Razors Razor Blades Gillette Men's All Shaving", "relevancy_score": 29.266659459459454, "price": "$22.99"}, {"title": "Gillette Sensor3 Razor Handle + Sensor Excel Refill Blades, 40 Count  + LA Cross Blemish Remover 74851", "tags": "Razor Blades Men's Razors and All Gillette Venus Shaving", "relevancy_score": 1.0966193548387098, "price": "$59.99"}, {"title": "Gillette Sensor2 Men's Disposable Razor 12 Count Pack of 3", "tags": "Women's Razor Blades Men's Razors and All Gillette Venus", "relevancy_score": 0.0, "price": "$21.99"}, {"title": "Schick Hydro Sense Hydrate Razors for Men With Skin Guards and Shock Absorbent Technology, 1 Razor Handle and 5 Razor Blades Refills Razor & 5 Refills", "tags": "Razors Schick BIC Disposable Men's and Razor Blades All Shaving", "relevancy_score": 0.0, "price": "$33.31"}, {"title": "Schick Xtreme3 Disposable Bulk Packaging - Wholesale, Bulk, Loose, Packaging, Women Sensitive, Pink, 10 Count + Facial Hair Remover Spring", "tags": "Razors Epilators & Shavers Schick All Women's Razor Blades Shaving", "relevancy_score": 0.0, "price": "$10.99"}, {"title": "Wilkinson Sword CLASSIC Double Edge Razor Blades (4 packs of 5 = 20 Blades)", "tags": "Razors Razor Blades Gillette Schick Men's and All", "relevancy_score": 43.8912, "price": "$8.09"}, {"title": "Schick Intuition f.a.b. Women's Razor, 1 Razor Handle and 1 Refill", "tags": "Razors Schick All Women's Razor Blades Gillette Venus Shaving Men's", "relevancy_score": 1142.7099428571428, "price": "$8.78"}, {"title": "Shaving Kit for Men's Shaving Brush Holder Stand Soap Bowl Mug Hair Beard Brush", "tags": "Deodorants & Antiperspirants Stock up on Body Wash Men's Bath Old Spice Razors and Razor Blades Dove Men + Care 2-in-1 Hair", "relevancy_score": 0.0, "price": "$13.52"}, {"title": "Dilwe Shaving Brush for Men Beard Mustache Trimming Brush Nylon Hair Barber Salon Shaven Tool, Professional Shaving Tool, Barber Shaving Brush", "tags": "Shaving Cream Razors Bar Soap All The Art of Men's", "relevancy_score": 32.766659459459454, "price": "$9.79"}, {"title": "Replacement Shaver Head Razor Head Blade Cutter for Philips FoilT710 PT715 PT720 PT721 PT722 PT724", "tags": "Electric Shave Replacement Heads Shavers All Philips Norelco Men's Shaving Braun Women's", "relevancy_score": 20.352376470588236, "price": "$16.32"}, {"title": "Schick Xtreme3 Disposable Bulk Packaging - Wholesale, Bulk, Loose, Packaging, Refresh Scented, Light Blue, 50 Count", "tags": "Women's Razor Blades Schick Razors Men's and All Shaving", "relevancy_score": 0.0, "price": "$36.99"}, {"title": "Yosoo Genuine Leather Strop Strap Barber Straight Razor Folding Knife Shave Sharpener Sharpening Belt, Razor Belt, Shaving Strop", "tags": "Razors Razor Blades Gillette Men's and All Shaving", "relevancy_score": 13.172290909090908, "price": "$13.65"}, {"title": "Derby Extra Standard Double Edge Safety Razor Blades, 25 Count", "tags": "Razor Blades Men's BIC Disposable Razors and Women's All Shaving", "relevancy_score": 4.09661935483871, "price": "$5.99"}, {"title": "2 Pack - Bic Lady Shavers 12 ea", "tags": "Razors Razor Blades BIC Disposable All Women's Gillette Venus Shaving", "relevancy_score": 0.0, "price": "$10.24"}, {"title": "Gorgeous Shave Set", "tags": "Razors Razor Blades Women's All Gillette Venus Shaving Men's", "relevancy_score": 0.0, "price": "$85.10"}, {"title": "Parker Safety Razor 100% Silvertip Badger Bristle Shaving Brush (Chrome Handle) and Free Shaving Brush Stand", "tags": "Razors Razor Blades Women's All Gillette Venus Shaving Men's", "relevancy_score": 5.09661935483871, "price": "$61.99"}, {"title": "Bump Fighter Mens Disposable Razors - 4 ct. (Pack of 3)", "tags": "Razors Gold Bond Body Lotions & Creams Schick BIC Disposable Men's and Razor Blades Harry's Nivea", "relevancy_score": 0.0, "price": "$14.99"}, {"title": "Van Der Hagen Badger Shave Brush", "tags": "", "relevancy_score": 0.0, "price": "$26.61"}, {"title": "Bump Fighter Refill Razor w/ 2 Cartridges + Bump Fighter Refill Cartridge Blades - 5 ea. (Pack of 6) + Schick Slim Twin ST for Dry Skin", "tags": "Razors Razor Blades Gillette Men's and All Shaving", "relevancy_score": 0.0, "price": "$36.24"}, {"title": "Braun 32B Replacement Cassette For 3070CC Shaver Model (2 Pack)", "tags": "Razors Razor Blades Gillette Men's All Shaving", "relevancy_score": 0.0, "price": "$62.95"}, {"title": "Gillette Trac II Plus Refill Razor Blades 10 ct. + Makeup Blender Stick, 12 Pcs", "tags": "Women's Razor Blades Men's Razors and All Gillette Venus", "relevancy_score": 0.0, "price": "$28.99"}, {"title": "Schick Hydro 5 Metal Razor Improved Handle Black - Bulk Packaging - Lot of 3", "tags": "Razors Gillette Schick Men's and Razor Blades All Shaving", "relevancy_score": 0.0, "price": "$12.95"}, {"title": "BIC Chrome Platinum Double Edge Safety Razor Blades, 5 Count", "tags": "Razors Gillette BIC Disposable Men's and Razor Blades All Shaving", "relevancy_score": 10.1872, "price": "$4.14"}, {"title": "100 Personna Double Edge Stainless Steel Blades", "tags": "Razors Razor Blades Gillette Men's and All Shaving", "relevancy_score": 0.0, "price": "$16.99"}, {"title": "Derby Professional Single Edge Razor Blades 100 ea", "tags": "Razors Razor Blades Gillette Men's and All Shaving", "relevancy_score": 4.09661935483871, "price": "$6.05"}, {"title": "4 Pack - Bic Twin Select Silky Touch Shavers 10 Each", "tags": "Razors Razor Blades BIC Disposable All Women's Gillette Venus Shaving", "relevancy_score": 0.0, "price": "$18.52"}, {"title": "BAKBLADE 2.0 ELITE W/ BAKBRUSH RETAIL", "tags": "Electric Shave Replacement Heads Shavers All Men's Razors and Razor Blades Trimmers & Groomers Hair Clippers", "relevancy_score": 4.09661935483871, "price": "$44.95"}, {"title": "Professional Shaving Brush Holder Set Brush Holder Stainless Steel Soap Bowl Set", "tags": "Deodorants & Antiperspirants Stock up on Body Wash Men's Bath Old Spice Razors and Razor Blades Dove Men + Care 2-in-1 Hair", "relevancy_score": 0.0, "price": "$14.90"}, {"title": "Schick Hydro 5 Metal Razor Improved Handle Black - Bulk Packaging - Lot of 2", "tags": "Razors Schick BIC Disposable Men's and Razor Blades All Shaving", "relevancy_score": 0.0, "price": "$9.95"}, {"title": "Braun 21B Replacement Shaver Head for 340 / 350cc / 3040s / 320 / 380 / 390cc Models (2 Pk)", "tags": "Electric Shave Replacement Heads Shavers Braun Men's Razors and Razor Blades All Philips Norelco Remington", "relevancy_score": 0.0, "price": "$54.95"}, {"title": "Gillette Mach3 Turbo Refill Blade Cartridges, 10 Count", "tags": "Razor Blades Men's Razors and All Shaving Personal Care", "relevancy_score": 1383.0392, "price": "$23.99"}, {"title": "Dorco Tinkle Eyebrow Razor Trimmer Shaver-3pcs (Pack of 2)", "tags": "Razor Blades Women's Schick Razors Trimmers & Groomers All Hair Clippers Shaving", "relevancy_score": 4.09661935483871, "price": "$9.98"}]