[{"title": "Right Guard Sport Antiperspirant Deodorant Aerosol, Fresh, 6 Ounce", "tags": "Dove Deodorant & Antiperspirant Personal Care Men's Bath Body Stock up on Grooming", "relevancy_score": 368.3516495575222, "price": "$4.47"}, {"title": "Right Guard Sport Antiperspirant Deodorant Aerosol Spray, Powder Dry, 6 Ounce", "tags": "Dove Deodorant & Antiperspirant Men's Bath Body Stock up on Old Spice Wash Deodorants Men + Care Personal", "relevancy_score": 502.87786382978726, "price": "$4.47"}, {"title": "Degree Men Antiperspirant Deodorant Stick Cool Rush 2.7 oz Count", "tags": "Dove Deodorant & Antiperspirant Personal Care Men's Bath Body Stock up on All Toothpaste", "relevancy_score": 2360.843728982725, "price": "$4.47"}, {"title": "(4 count) Mitchum Women Advanced Control Shower Fresh Anti-Perspirant & Deodorant Gel Twin Pack, 3.4 oz, 2 twin packs", "tags": "Deodorants & Antiperspirants Dove Deodorant Antiperspirant Personal Care Stock up on Clinical Strength Men's", "relevancy_score": 826.1628780487805, "price": "$9.18"}, {"title": "Degree Women Dry Protection Antiperspirant Deodorant, Shower Clean, 2.6 oz, Twin Pack", "tags": "", "relevancy_score": 1342.4897906542055, "price": "$4.47"}, {"title": "Arm & Hammer Essentials Deodorant with Natural Deodorizers, Wide Stick, Fresh 2.5 oz.", "tags": "Body Fantasies Gym Ready Beauty Fresh Spray Best Sellers Wash", "relevancy_score": 1448.3166023255812, "price": "$2.68"}, {"title": "ARM & HAMMER ULTRA MAX Solid AntiPerspirant Deodorant, Fresh Twin Pack, (two 2.6 oz. sticks)", "tags": "Dove Deodorant & Antiperspirant Personal Care Men's Bath Body All Toothpaste Whitening", "relevancy_score": 896.7056909090909, "price": "$5.00"}, {"title": "Arrid XX Extra Extra Dry Aerosol Antiperspirant Deodorant, Morning Clean, 6 oz.", "tags": "Dove Deodorant & Antiperspirant Men's Bath Body Stock up on Old Spice Wash Deodorants Men + Care Personal", "relevancy_score": 407.38111034482756, "price": "$3.42"}, {"title": "Schmidt's Deodorant Stick For Odor Protection Charcoal + Magnesium Aluminum Free Deodorant 2.65 oz", "tags": "Native Dove Deodorant & Antiperspirant Personal Care Men's Bath Body Stock up on Tom's of Maine Every Man Jack", "relevancy_score": 3882.7526841201716, "price": "$6.97"}, {"title": "ARM & HAMMER ULTRA MAX Solid AntiPerspirant Deodorant, Unscented, 2.6 oz.", "tags": "Dove Deodorant & Antiperspirant Personal Care Men's Bath Body Tom's of Maine Clinical Strength Antiperspirants", "relevancy_score": 349.58777196261684, "price": "$2.43"}, {"title": "Right Guard Sport Antiperspirant Deodorant Aerosol, Fresh, 6 Ounce", "tags": "Dove Deodorant & Antiperspirant Personal Care Men's Bath Body Stock up on Grooming", "relevancy_score": 368.3516495575222, "price": "$4.47"}, {"title": "Right Guard Sport Antiperspirant Deodorant Aerosol Spray, Powder Dry, 6 Ounce", "tags": "Dove Deodorant & Antiperspirant Men's Bath Body Stock up on Old Spice Wash Deodorants Men + Care Personal", "relevancy_score": 502.87786382978726, "price": "$4.47"}, {"title": "Degree Women MotionSense Antiperspirant Deodorant Sheer Powder 2.6 oz", "tags": "Body Powder Dove Deodorant & Antiperspirant Personal Care Men's Bath Stock up on Clinical Strength Antiperspirants", "relevancy_score": 1259.374217475728, "price": "$4.27"}, {"title": "Secret Invisible Solid Antiperspirant Deodorant Clean Lavender, 2.6 oz, 2 Pack", "tags": "All Feminine Care Dove Deodorant & Antiperspirant Personal Men's Bath Body Clinical Strength Antiperspirants Old Spice Wash Deodorants", "relevancy_score": 836.280733649289, "price": "$4.97"}, {"title": "Secret Clinical Strength Antiperspirant Deodorant Invisible Solid Completely Clean 2.6 oz", "tags": "Dermatologist Recommended Rosacea Products Anti Aging Treatments Gym Ready Beauty Fresh Body Spray Face Moisturizers Dry Skin Floral", "relevancy_score": 10507.23634822335, "price": "$11.97"}, {"title": "Schmidt's Lavender + Sage Natural Deodorant Stick, 2.65 oz", "tags": "Native Dove Deodorant & Antiperspirant Personal Care Men's Bath Body Stock up on Tom's of Maine Men +", "relevancy_score": 3086.9223130890055, "price": "$6.97"}, {"title": "Secret Clinical Strength Antiperspirant Deodorant Invisible Solid Stress Response 1.6 oz", "tags": "Dermatologist Recommended Rosacea Products Anti Aging Treatments Gym Ready Beauty Hylauronic Acid Face Moisturizers Dry Skin Retinol Serums", "relevancy_score": 2074.5501943925233, "price": "$7.92"}, {"title": "Schmidt's Aluminum Free Natural Deodorant Bergamot + Lime, 2.65 oz", "tags": "Native Dove Deodorant & Antiperspirant Personal Care Men's Bath Body Stock up on Tom's of Maine SheaMoisture", "relevancy_score": 3788.352535767992, "price": "$6.97"}, {"title": "Arrid XX Extra Extra Dry Ultra Clear Aerosol Antiperspirant Deodorant, Ultra Fresh ,Twin Pack (two 6oz. cans)", "tags": "Men's Bath & Body Stock up on Deodorant Antiperspirant Tom's of Maine Care Old Spice Wash Deodorants Dove Men + Personal", "relevancy_score": 661.3467306358381, "price": "$6.47"}, {"title": "Old Spice Red Swagger Antiperspirant and Deodorant for Men 2.6 oz (Pack of 2)", "tags": "Stock up on Body Wash Men's Bath & Old Spice Deodorants Shampoo and Conditioner Hair Care Personal", "relevancy_score": 2493.7794305418715, "price": "$8.97"}, {"title": "Right Guard Sport Antiperspirant Deodorant Aerosol, Fresh, 6 Ounce", "tags": "Dove Deodorant & Antiperspirant Personal Care Men's Bath Body Stock up on Grooming", "relevancy_score": 368.3516495575222, "price": "$4.47"}, {"title": "Right Guard Sport Antiperspirant Deodorant Aerosol Spray, Powder Dry, 6 Ounce", "tags": "Dove Deodorant & Antiperspirant Men's Bath Body Stock up on Old Spice Wash Deodorants Men + Care Personal", "relevancy_score": 502.87786382978726, "price": "$4.47"}, {"title": "(2 pack) Summer's Eve Ultra Feminine Deodorant Spray, 2 oz", "tags": "All Feminine Care Yeast Infection Treatments Washes Douches Vagisil Wipes Deodorant Sprays & Powders Summer's Eve", "relevancy_score": 816.7566916256158, "price": "$5.78"}, {"title": "Dove Womens Antiperspirant Deodorant For Sweat Block Caring Coconut 48-Hour Deodorant Protection 2.6 oz 2 count", "tags": "Clean Living Deodorants & Antiperspirants Stock up on Paper Plastic Back to College Up Cleaning Supplies Oral Care Laundry Room Litter", "relevancy_score": 4624.263727936822, "price": "$8.53"}, {"title": "Dove Advanced Care Antiperspirant Deodorant Restore 2.6 oz", "tags": "Clean Living Deodorants & Antiperspirants Stock up on Paper Plastic Back to College Up Cleaning Supplies Oral Care Laundry Room Litter", "relevancy_score": 779.130676923077, "price": "$4.88"}, {"title": "Old Spice Red Swagger Scent Deodorant for Men, 3oz, 2 Pack", "tags": "Deodorants & Antiperspirants Stock up on Body Wash Men's Old Spice Hair Care Personal", "relevancy_score": 795.0135623318386, "price": "$8.97"}, {"title": "Secret Invisible Solid Antiperspirant Deodorant Spring Breeze, 2.6 oz, 2 Pack", "tags": "All Feminine Care Dove Deodorant & Antiperspirant Personal Men's Bath Body Old Spice Wash Deodorants", "relevancy_score": 652.1380280701753, "price": "$4.97"}, {"title": "Old Spice Wild Wolfthorn Scent Deodorant for Men, 3.8 oz", "tags": "Stock up on Body Wash Men's Bath & Old Spice Deodorants Shampoo and Conditioner Hair Care Personal", "relevancy_score": 966.7632426229508, "price": "$5.97"}, {"title": "Old Spice Red Zone Swagger Scent Clear Gel Antiperspirant and Deodorant for Men, 3.8 oz", "tags": "Deodorants & Antiperspirants Stock up on Body Wash Men's Old Spice Hair Care Personal", "relevancy_score": 2515.2811517915306, "price": "$4.97"}, {"title": "Old Spice Deodorant for Men Wilderness With Lavender 3 oz", "tags": "Deodorants & Antiperspirants Body Wash Shower Gel New in Men's Old Spice Hair Care Personal", "relevancy_score": 3055.108986440678, "price": "$4.97"}, {"title": "Right Guard Sport Antiperspirant Deodorant Aerosol, Fresh, 6 Ounce", "tags": "Dove Deodorant & Antiperspirant Personal Care Men's Bath Body Stock up on Grooming", "relevancy_score": 368.3516495575222, "price": "$4.47"}, {"title": "Right Guard Sport Antiperspirant Deodorant Aerosol Spray, Powder Dry, 6 Ounce", "tags": "Dove Deodorant & Antiperspirant Men's Bath Body Stock up on Old Spice Wash Deodorants Men + Care Personal", "relevancy_score": 502.87786382978726, "price": "$4.47"}, {"title": "Degree Women Antiperspirant Deodorant Dry Spray Sheer Powder 3.8 oz", "tags": "Dove Deodorant & Antiperspirant Personal Care Men's Bath Body Stock up on Men +", "relevancy_score": 2083.0291658536585, "price": "$4.97"}, {"title": "Degree Men UltraClear Black+White Antiperspirant Deodorant, 2.7 oz, Twin Pack", "tags": "Clean Living Deodorants & Antiperspirants Stock up on Paper Plastic Back to College Up Cleaning Supplies Oral Care Laundry Room Litter", "relevancy_score": 1134.6422843205576, "price": "$6.96"}, {"title": "Dove Lavender Fresh Dry Spray Antiperspirant Deodorant, 3.8 oz", "tags": "Deodorants & Antiperspirants Dove Personal Care Men's Bath Body Stock up on Deodorant Antiperspirant Women's Wash Men +", "relevancy_score": 544.6494666666667, "price": "$5.94"}, {"title": "Old Spice Fresher Denali Scent Invisible Solid Antiperspirant and Deodorant for Men, 2.6 oz", "tags": "Deodorants & Antiperspirants New in Body Wash Men's Stock up on Deodorant Antiperspirant Old Spice Dove Men + Care Personal", "relevancy_score": 2168.538893933464, "price": "$4.97"}, {"title": "Old Spice Antiperspirant Deodorant for Men, Bearglove, 2.6 oz", "tags": "Body Wash & Shower Gel Stock up on Men's Bath Old Spice Deodorants Hair Care Personal", "relevancy_score": 799.4566916256157, "price": "$4.97"}, {"title": "Lady Speed Stick Invisible Dry Antiperspirant Deodorant, Powder Fresh, 1.4oz", "tags": "All Conditioner Shampoo College Shampoos and Conditioners Bed Head Curls", "relevancy_score": 79.75199148936169, "price": "$0.98"}, {"title": "Dove Men+Care Men+Care Clean Comfort Antiperspirant Stick, 2.7 oz, Twin Pack", "tags": "Dove Deodorant & Antiperspirant Personal Care Men's Bath Body Stock up on Men Wash + 2-in-1 Hair and", "relevancy_score": 1925.5091282275712, "price": "$8.78"}, {"title": "Secret Outlast Clear Gel Antiperspirant Deodorant for Women Completely Clean, 2.6 oz, 2 Pack", "tags": "Deodorants & Antiperspirants Dove Deodorant Antiperspirant Personal Care Stock up on Clinical Strength Old Spice Body Wash Men's", "relevancy_score": 73112.8832422264, "price": "$8.97"}, {"title": "Right Guard Sport Antiperspirant Deodorant Aerosol, Fresh, 6 Ounce", "tags": "Dove Deodorant & Antiperspirant Personal Care Men's Bath Body Stock up on Grooming", "relevancy_score": 368.3516495575222, "price": "$4.47"}, {"title": "Right Guard Sport Antiperspirant Deodorant Aerosol Spray, Powder Dry, 6 Ounce", "tags": "Dove Deodorant & Antiperspirant Men's Bath Body Stock up on Old Spice Wash Deodorants Men + Care Personal", "relevancy_score": 502.87786382978726, "price": "$4.47"}, {"title": "Suave Dry Spray Antiperspirant Deodorant Coconut Kiss 3.8 OZ", "tags": "Nexxus Shea Moisture Facial Care Body Sprays Gym Ready Beauty Tresemme Styling Products SheaMoisture Hair Axe", "relevancy_score": 6763.8104479400745, "price": "$3.97"}, {"title": "Dove Advanced Care Invisible Stick Antiperspirant Deodorant Clear Finish, 2.6 oz", "tags": "Deodorants & Antiperspirants Dove Deodorant Antiperspirant Personal Care Men's Bath Body Clinical Strength SheaMoisture Men + Sheamoisture Scrub", "relevancy_score": 1891.7163351812364, "price": "$4.88"}, {"title": "Secret Invisible Solid Antiperspirant Deodorant Vanilla 2.6 oz", "tags": "Dove Deodorant & Antiperspirant Personal Care Men's Bath Body Clinical Strength Antiperspirants Old Spice Wash Deodorants", "relevancy_score": 2510.980809787928, "price": "$4.97"}, {"title": "Old Spice Wild Collection Bearglove Scent Deodorant for Men, 3 oz, Pack of 3", "tags": "Body Wash & Shower Gel Stock up on Men's Bath Old Spice Deodorants Hair Care Personal", "relevancy_score": 989.3840125984253, "price": "$4.97"}, {"title": "Degree Black and White UltraClear Antiperspirant Deodorant, 2.6 oz, 2 Pack", "tags": "Clean Living Dish Care Back to College Stock Up All Household up on Cleaning Supplies Oral Laundry Room", "relevancy_score": 454.45270322580643, "price": "$6.96"}, {"title": "Secret Women's Aerosol Powder Fresh Antiperspirant & Deodorant 6 oz", "tags": "Dove Deodorant & Antiperspirant Personal Care Men's Bath Body Stock up on Feminine Sprays Powders", "relevancy_score": 1052.3013551330798, "price": "$3.97"}, {"title": "Degree Women UltraClear Antiperspirant Deodorant Dry Spray Black+White Pure Clean 3.8 oz", "tags": "Dove Deodorant & Antiperspirant Personal Care Men's Bath Body Stock up on Men +", "relevancy_score": 9006.628794219654, "price": "$4.97"}, {"title": "AXE Aluminum-Free Formula Aluminum-Free Formula Deodorant Stick Apollo 3 oz", "tags": "Deodorants & Antiperspirants Men's Body Wash Stock up on Deodorant Antiperspirant Old Spice Dove Men + Care Personal Axe", "relevancy_score": 529.9151265306123, "price": "$3.88"}, {"title": "Right Guard Sport Antiperspirant Deodorant Aerosol, Fresh, 6 Ounce", "tags": "Dove Deodorant & Antiperspirant Personal Care Men's Bath Body Stock up on Grooming", "relevancy_score": 368.3516495575222, "price": "$4.47"}, {"title": "Right Guard Sport Antiperspirant Deodorant Aerosol Spray, Powder Dry, 6 Ounce", "tags": "Dove Deodorant & Antiperspirant Men's Bath Body Stock up on Old Spice Wash Deodorants Men + Care Personal", "relevancy_score": 502.87786382978726, "price": "$4.47"}, {"title": "Suave Powder Antiperspirant Deodorant, 1.4 oz", "tags": "Stock up on Paper & Plastic Back to College Up Cleaning Supplies Oral Care Plant Based Products Laundry Room Litter", "relevancy_score": 2309.868478756477, "price": "$0.88"}, {"title": "Dove Men+Care Extra Fresh Dry Spray Antiperspirant Deodorant, 3.8 oz", "tags": "Dove Deodorant & Antiperspirant Personal Care Men's Bath Body Stock up on Men Wash + 2-in-1 Hair and", "relevancy_score": 19745.76165714286, "price": "$5.93"}, {"title": "Old Spice High Endurance Fresh Scent Invisible Solid Antiperspirant and Deodorant for Men, 3.0 oz", "tags": "Deodorants & Antiperspirants Men's Bath Body Listerine Old Spice Wash Mouthwash All Personal Care", "relevancy_score": 585.0503820895522, "price": "$2.92"}, {"title": "Degree Women Black and White Pure Rain UltraClear Antiperspirant Deodorant, 2.6 oz", "tags": "Dove Deodorant & Antiperspirant Personal Care Men's Bath Body Lotions Creams Stock up on SheaMoisture Men +", "relevancy_score": 130.9475619047619, "price": "$4.27"}, {"title": "Secret Clinical Strength Antiperspirant Deodorant Clear Gel Completely Clean 2.6 oz", "tags": "Native Dove Deodorant & Antiperspirant Personal Care Men's Bath Body Stock up on Clinical Strength Antiperspirants", "relevancy_score": 1566.3705910447761, "price": "$11.97"}, {"title": "Degree Men UltraClear Antiperspirant Deodorant Stick Black+White 2.7 oz", "tags": "Clean Living Deodorants & Antiperspirants Stock up on Paper Plastic Body Lotions Creams Back to College Up Cleaning Supplies Oral Care Laundry Room", "relevancy_score": 763.8807336492891, "price": "$4.27"}, {"title": "Axe Phoenix Body Spray Daily Fragrance Twin Pack, 4 Oz, 2 Count", "tags": "Dove Personal Care Men's Bath & Body Wash Clinical Strength Antiperspirants Old Spice Deodorants Axe", "relevancy_score": 1443.9230171428571, "price": "$7.96"}, {"title": "AXE Dark Temptation Antiperspirant Deodorant Stick for Men, 2.7 oz", "tags": "Clean Living Deodorants & Antiperspirants Stock up on Paper Plastic Father's Day Body Care Back to College Up Cleaning Supplies Oral Laundry Room", "relevancy_score": 795.6659262135922, "price": "$3.88"}, {"title": "Degree Men Extreme Blast 48 Hour Protection Antiperspirant Deodorant Stick, 2.7 oz", "tags": "Clean Living Deodorants & Antiperspirants Stock up on Paper Plastic Back to College Up Cleaning Supplies Oral Care Laundry Room Litter", "relevancy_score": 976.6476607594938, "price": "$2.47"}, {"title": "Dove Dry Spray Invisible Antiperspirant Deodorant, Sheer Fresh, 3.8 oz", "tags": "Deodorants & Antiperspirants Dove Personal Care Men's Bath Body Stock up on Deodorant Antiperspirant Clinical Strength Men +", "relevancy_score": 1425.126142776204, "price": "$24.39"}, {"title": "FDS Intimate + Body Dry Feminine Deodorant Spray, Baby Powder, 3 pack", "tags": "All Feminine Care Washes Vaginal Moisturizers Douches Vagisil Wipes Deodorant Sprays & Powders Summer's Eve", "relevancy_score": 95.71632, "price": "$7.48"}, {"title": "Mariah Carey Signature Vanilla Fantasy Body Spray for Women, 8 Oz", "tags": "Body Spray for Women Best Women's Perfume Fantasies & Hair Mists Fragrance Restock Sprays Warm Musky Value Sizes Sets", "relevancy_score": 760.316852356021, "price": "$5.98"}, {"title": "Speed Stick Deodorant, Regular, 3 Oz", "tags": "Dove Deodorant & Antiperspirant Personal Care Men's Bath Body Stock up on Old Spice Wash Deodorants", "relevancy_score": 252.3209951219512, "price": "$179.25"}, {"title": "Summer's Eve Simply Sheer Floral Freshing Spray, 2 Oz", "tags": "All Feminine Care Yeast Infection Treatments Washes Douches Vagisil Wipes Deodorant Sprays & Powders Summer's Eve", "relevancy_score": 155.8146064516129, "price": "$2.98"}, {"title": "Ariana Grande Cloud Body Mist, 8 Oz", "tags": "Body & Hair Mists Perfume for Women Ariana Grande Sprays All Fragrances Fragrance", "relevancy_score": 403.62696528925625, "price": "$9.88"}, {"title": "Summer's Eve Cleansing Wash, Blissful Escape, 15 fl oz", "tags": "All Feminine Care Washes Douches Vagisil Wipes Deodorant Sprays & Powders Summer's Eve", "relevancy_score": 1111.1879718750001, "price": "$4.24"}, {"title": "(2 pack) Summer's Eve Baby Powder Deodorant Spray 2 Oz Aerosol Can", "tags": "All Feminine Care Washes Dove Deodorant & Antiperspirant Douches Vagisil Wipes Sprays Powders Summer's Eve", "relevancy_score": 752.398735483871, "price": "$5.96"}, {"title": "FDS Intimate + Body Dry Feminine Deodorant Spray, Shower Fresh, 3 pack", "tags": "Deodorants & Antiperspirants Feminine Washes Vaginal Moisturizers Douches Vagisil Wipes Deodorant Sprays Powders Summer's Eve", "relevancy_score": 79.71632, "price": "$7.48"}, {"title": "Gillette Clear Gel Mens Antiperspirant Deodorant, Wild Rain, 3.8 oz, 2 Pack", "tags": "Men's Bath & Body Stock up on Deodorant Antiperspirant Clinical Strength Antiperspirants Old Spice Wash Deodorants Dove Men + Care Personal", "relevancy_score": 21075.665294947496, "price": "$8.97"}, {"title": "Tom's of Maine Natural Deodorant for Men, Mountain Spring, 2.8oz", "tags": "Children's Hair Care All Bath & Body Clean Living Father's Day Beard Gifts Lotions Creams Plant Based Products American Jobs 2020", "relevancy_score": 444.2091287671232, "price": "$5.97"}, {"title": "Gillette Clear Gel Arctic Ice Anti-Perspirant Deodorant 3.8 oz 2 Pack", "tags": "Men's Bath & Body Wash Clinical Strength Antiperspirants Old Spice Deodorants Dove Men + Care Personal Axe", "relevancy_score": 160.64756190476191, "price": "$8.97"}, {"title": "Body Fantasies Signature Japanese Cherry Blossom Body Spray for Women, 8 Oz", "tags": "Body Spray for Women Best Women's Perfume Fantasies & Hair Mists Fragrance Restock Sprays Floral", "relevancy_score": 518.5842929577464, "price": "$5.98"}, {"title": "Secret Dry Spray Antiperspirant Deodorant Water Lily Invisible Spray 3.8 oz", "tags": "Dove Deodorant & Antiperspirant Personal Care Men's Bath Body Stock up on Clinical Strength Antiperspirants Old Spice Wash Deodorants Feminine Sprays Powders", "relevancy_score": 5341.184941447368, "price": "$5.97"}, {"title": "Dove Even Tone Antiperspirant Deodorant for Uneven Skin Tone Calming Breeze Restores Natural Underarm Skin Tone 2.6 OZ", "tags": "All Bath & Body Clean Living Deodorants Antiperspirants Father's Day Care Back to College Stock Up up on Cleaning Supplies Oral Laundry Room", "relevancy_score": 453.30061538461536, "price": "$4.88"}, {"title": "Calgon Hawaiian Ginger Unisex Body Spray, 8 Oz", "tags": "Body Spray for Women & Hair Mists Fragrance Restock Sprays Calgon Warm Musky Perfume Value Sizes Sets", "relevancy_score": 478.0081740458016, "price": "$4.97"}, {"title": "AXE Regimen Gift Set for Men Black 3 pc", "tags": "Dove Personal Care Men's Body Wash Travel Size Toiletries & Kits Sets SheaMoisture Sheamoisture Axe Scrub", "relevancy_score": 396.74147857142856, "price": "$9.97"}, {"title": "Secret Outlast Clear Gel Antiperspirant Deodorant for Women Unscented 2.6 oz", "tags": "Dove Deodorant & Antiperspirant Personal Care Men's Bath Body Stock up on Clinical Strength Antiperspirants Old Spice Wash Deodorants", "relevancy_score": 94393.58494385151, "price": "$4.99"}, {"title": "(2 Pack) Parfums De Coeur Designer Imposters Rock It! Body Spray for Women 2.5 oz", "tags": "Body Spray for Women & Hair Mists Fragrance Restock Sprays Fresh Fruity Bestsellers", "relevancy_score": 339.00356, "price": "$5.78"}, {"title": "Dove Men+Care Stain Defense Fresh Antiperspirant Deodorant Stick, 2.7 oz", "tags": "Stock up on Paper & Plastic Back to College Up Cleaning Supplies Oral Care Plant Based Products Laundry Room Litter", "relevancy_score": 546.2210432432432, "price": "$4.88"}, {"title": "Old Spice Antiperspirant & Deodorant Hardest Working Sweat Defense Steel Courage 2.6 oz", "tags": "Stock up on Body Wash Men's Bath & Old Spice Deodorants Dove Men + Care Hair Personal", "relevancy_score": 1856.2175006369428, "price": "$4.97"}, {"title": "Paris Hilton Body Spray for Women, 8 Oz", "tags": "Gold Bond Body Lotions & Creams Stock up on Lotion Moisturizers Jergens Vaseline Cold Weather Skincare Fall Skin Care Essentials Nivea", "relevancy_score": 322.51630495049505, "price": "$7.98"}, {"title": "Old Spice Antiperspirant Deodorant for Men, Timber, 2.6 oz, 2 Pack", "tags": "Men's Bath & Body Wash Clinical Strength Antiperspirants Old Spice Deodorants Dove Men + Care Hair Personal", "relevancy_score": 1579.159037113402, "price": "$8.97"}, {"title": "Old Spice Red Collection Deodorant Twin Pack, Aqua Reef, 6 oz", "tags": "Deodorants & Antiperspirants Men's Body Wash Discover! Staff-Favorite Moisturizers Old Spice Care Personal Fall Skin Essentials", "relevancy_score": 491.8962074074074, "price": "$8.97"}, {"title": "AXE Antiperspirant Deodorant Stick for Men Anarchy For Him 2.7 oz, Twin Pack", "tags": "Clean Living Deodorants & Antiperspirants Stock up on Paper Plastic Back to College Up Cleaning Supplies Oral Care Laundry Room Litter", "relevancy_score": 746.130676923077, "price": "$7.37"}, {"title": "Body Fantasies Signature Twilight Mist Body Spray for Women, 8 Oz", "tags": "Body Spray for Women Best Women's Perfume Fantasies & Hair Mists Fragrance Restock Sprays Floral", "relevancy_score": 280.14446292134835, "price": "$5.98"}, {"title": "Sure AERO Deod Reg. - 6Oz", "tags": "Stock up on Skin Care Fragrance Restock Body Sprays Fresh Spray Bod Man and Hand Lotions Winter Lip", "relevancy_score": 186.4518857142857, "price": "$3.45"}, {"title": "Dove 0% Aluminum Pomegranate and Lemon Verbena Deodorant 2.6 oz", "tags": "Deodorants & Antiperspirants Dove Personal Care Men's Bath Body Stock up on Deodorant Antiperspirant Tom's of Maine Clinical Strength Men +", "relevancy_score": 987.8244086956522, "price": "$5.97"}, {"title": "AXE Light Scents Wild Bamboo Deodorant Body Spray for Men 4 oz", "tags": "Fragrance Restock Body Sprays Earthy & Woodsy Spray Warm Musky Fresh Best Men's Cologne", "relevancy_score": 10156.234490288714, "price": "$4.33"}, {"title": "Secret Spring Breeze Invisible Solid Antiperspirant Deodorant 2.6 oz", "tags": "Stock up on Skin Care Body New Gym Ready Beauty Fresh Spray Bod Man Winter Lip and Hand Olay Wash", "relevancy_score": 951.8086876404494, "price": "$3.27"}, {"title": "Old Spice High Endurance Deodorant for Men, Aluminum Free, Original Scent, 3.0 oz", "tags": "Deodorants & Antiperspirants Stock up on Body Wash Men's Deodorant Antiperspirant Old Spice Personal Care", "relevancy_score": 989.5099597633136, "price": "$3.64"}, {"title": "Degree Men Advanced Protection Everest Antiperspirant Deodorant, 2.7 oz, 2-Pack", "tags": "Clean Living Deodorants & Antiperspirants Stock up on Paper Plastic Back to College Up Cleaning Supplies Oral Care Laundry Room Litter", "relevancy_score": 119.1454, "price": "$6.96"}, {"title": "Degree Stay Fresh On-The-Go Deodorant Wipes White Flowers and Lychee 25ct", "tags": "Feminine Washes Dove Deodorant & Antiperspirant Personal Care Men's Bath Body Clinical Strength Antiperspirants Wipes Men + Summer's Eve", "relevancy_score": 1350.307692857143, "price": "$4.97"}, {"title": "Dove Men+Care Elements Minerals + Sage Antiperspirant Deodorant Stick, 2.7 oz", "tags": "Clean Living Deodorants & Antiperspirants Stock up on Paper Plastic Back to College Up Cleaning Supplies Oral Care Plant Based Products Laundry Room", "relevancy_score": 1015.7759039999999, "price": "$4.88"}, {"title": "Ban Sweet Simplicity Invisible Solid Deodorant 2.6 oz", "tags": "Stock up on Skin Care Fragrance Restock Body Gym Ready Beauty Warm & Musky Spray Fresh Bod Man and Hand Lotions", "relevancy_score": 186.97778591549294, "price": "$2.27"}, {"title": "Old Spice Antiperspirant and Deodorant Invisible Spray for Men, Dragonblast, 3.75 oz", "tags": "Deodorants & Antiperspirants New in Body Wash Men's Discover! Staff-Favorite Moisturizers Old Spice Dove Men + Care Personal", "relevancy_score": 69.5519914893617, "price": "$4.97"}, {"title": "Degree Advanced Protection Antiperspirant Deodorant Spray Power, 3.8 oz", "tags": "Dove Deodorant & Antiperspirant Personal Care Men's Bath Body Stock up on Clinical Strength Antiperspirants", "relevancy_score": 1303.6198374639769, "price": "$5.94"}, {"title": "Dove Advanced Care Antiperspirant Deodorant Sensitive 2.6 oz", "tags": "Dove Deodorant & Antiperspirant Personal Care Men's Bath Body Stock up on Clinical Strength Antiperspirants Men +", "relevancy_score": 5252.780873441502, "price": "$5.37"}, {"title": "Suave Dry Spray Antiperspirant Deodorant Powder Fresh 3.8 OZ", "tags": "Nexxus Shea Moisture Facial Care Body Sprays Gym Ready Beauty Mindful Hair SheaMoisture Axe Spray", "relevancy_score": 9864.737935934292, "price": "$3.97"}, {"title": "Native Natural Deodorant, Charcoal, Aluminum Free, 2.65 oz", "tags": "Deodorants & Antiperspirants New in Body Wash Clean Living Men's Tom's of Maine Care Bar Soaps", "relevancy_score": 137.5475619047619, "price": "$11.97"}, {"title": "Body Fantasies Signature Cotton Candy Body Spray for Women, 8 Oz", "tags": "Body Spray for Women Fantasies & Hair Mists Fragrance Restock Sprays Perfume Value Sizes Sets Fruity", "relevancy_score": 546.2210432432432, "price": "$6.59"}, {"title": "(2 twin packs) Old Spice High Endurance Pure Sport Deodorant for Men 3 oz", "tags": "Deodorants & Antiperspirants Stock up on Body Wash Men's Deodorant Antiperspirant Old Spice Personal Care", "relevancy_score": 5.138412903225807, "price": "$9.54"}, {"title": "Kenneth Cole White Body Spray for Women, 8 Oz", "tags": "Premium Body Sprays Elizabeth Arden Perfumes Juicy Couture Perfume Beauty Value Sizes & Kits Gucci", "relevancy_score": 147.8805704918033, "price": "$7.98"}, {"title": "Dove Men+Care Stain Defense Fresh Dry Spray Antiperspirant Deodorant, 3.8 oz", "tags": "Dove Deodorant & Antiperspirant Personal Care Men's Bath Body Stock up on Men Wash + 2-in-1 Hair and", "relevancy_score": 638.3245857142857, "price": "$5.99"}, {"title": "AXE Dry Collection Antiperspirant Deodorant Non-Stop Hustle 2.7 oz", "tags": "Clean Living Deodorants & Antiperspirants Stock up on Paper Plastic Father's Day Body Care Back to College Up Cleaning Supplies Oral Laundry Room", "relevancy_score": 15.390072727272727, "price": "$3.88"}, {"title": "Dr Teal's Coconut Deodorant, 2.65 oz.", "tags": "Native Dove Deodorant & Antiperspirant Bubble Baths Soaks Personal Care All Bath Bombs, Bubbles Tom's of Maine Body Men +", "relevancy_score": 219.89162608695653, "price": "$4.72"}, {"title": "Degree Men Advanced Protection Antiperspirant Deodorant Adventure 2.7 oz", "tags": "Clean Living Deodorants & Antiperspirants Stock up on Paper Plastic Back to College Up Cleaning Supplies Oral Care Laundry Room Litter", "relevancy_score": 1272.8782230769232, "price": "$4.27"}, {"title": "Dove Dry Spray Go Fresh Antiperspirant Deodorant Apple & White Tea 3.8oz", "tags": "Deodorants & Antiperspirants Dove Personal Care Men's Bath Body Stock up on Deodorant Antiperspirant Clinical Strength Men +", "relevancy_score": 571.0812150943397, "price": "$5.96"}, {"title": "AXE Antiperspirant Deodorant Stick for Men Kilo 2.7 oz", "tags": "Clean Living Deodorants & Antiperspirants Stock up on Paper Plastic Father's Day Body Care Back to College Up Cleaning Supplies Oral Laundry Room", "relevancy_score": 275.69162608695655, "price": "$3.88"}, {"title": "Dove Advanced Care Antiperspirant Deodorant for Sweat Protection Clear Minerals 48 hour sweat and odor protection 2.6 OZ", "tags": "Clean Living Deodorants & Antiperspirants Stock up on Paper Plastic Back to College Up Cleaning Supplies Oral Care Laundry Room Litter", "relevancy_score": 840.8836113207547, "price": "$4.88"}, {"title": "Gold Bond No Mess Body Powder Spray (7 Oz, Classic Scent)", "tags": "Deodorants & Antiperspirants Men's Bath Body Stock up on Deodorant Antiperspirant Gold Bond Lotions Creams Clinical Strength Every Man Jack Personal Care", "relevancy_score": 223.161382278481, "price": "$6.97"}, {"title": "Ivory Gentle Aluminum Free Deodorant Hint of Oatmeal, 2.4 oz", "tags": "Premium Body Care Sprays Gym Ready Beauty Best Sellers Wash Axe Olay Lotion Spray", "relevancy_score": 2119.022625, "price": "$4.97"}, {"title": "Degree Advanced Protection Antiperspirant Deodorant Spray Confidence, 3.8 oz", "tags": "Men's Bath & Body Stock up on Deodorant Antiperspirant Discover! Staff-Favorite Moisturizers Clinical Strength Antiperspirants Method Care Old Spice Wash Deodorants Personal", "relevancy_score": 1298.2019057401812, "price": "$5.94"}, {"title": "Dry Idea Antiperspirant Deodorant Gel, Powder Fresh, 3 Ounce", "tags": "Men's Bath & Body Stock up on Deodorant Antiperspirant Tom's of Maine Care Old Spice Wash Deodorants Personal", "relevancy_score": 228.24049230769234, "price": "$4.42"}, {"title": "Old Spice Deodorant for Men Deep Sea with Ocean Elements Scent Inspired by Nature 3 oz", "tags": "Deodorants & Antiperspirants Men's Body Wash Tom's of Maine Care Every Man Jack Old Spice Personal", "relevancy_score": 1024.5994870229008, "price": "$4.97"}, {"title": "(2 pack) Bodycology Coconut Hibiscus Body Mist for Women 8 oz", "tags": "Body Spray for Women Fresh Perfume Fantasies & Hair Mists Fragrance Restock Bodycology Sprays", "relevancy_score": 242.40161481481482, "price": "$7.70"}, {"title": "Kenneth Cole Black Body Spray for Women, 8 Oz", "tags": "Premium Colognes Body Sprays Cologne K-Beauty Deodorants & Antiperspirants Beauty Value Sizes Kits", "relevancy_score": 123.90903728813561, "price": "$7.98"}, {"title": "Ban Powder Fresh Roll-On Deodorant 3.5 oz Twin Pack", "tags": "Dove Deodorant & Antiperspirant Personal Care Men's Bath Body Stock up on Clinical Strength Antiperspirants Old Spice Wash Deodorants", "relevancy_score": 914.5476607594937, "price": "$8.58"}, {"title": "Dove Go Fresh Antiperspirant Deodorant Apple & White Tea 2.6oz", "tags": "Deodorants & Antiperspirants Dove Personal Care Men's Bath Body Stock up on Deodorant Antiperspirant Clinical Strength Men +", "relevancy_score": 576.8439315789474, "price": "$4.91"}, {"title": "Old Spice Deodorant for Men, Tropics with Citrus Zest Scent, 3 oz", "tags": "Deodorants & Antiperspirants New in Body Wash Men's Discover! Staff-Favorite Moisturizers Every Man Jack Old Spice Personal Care", "relevancy_score": 1029.0013551330799, "price": "$4.97"}, {"title": "(2 Pack) A Little Sexy Gentle Deodorant Body Spray 2.5 Oz.", "tags": "Body Spray for Women & Hair Mists Fragrance Restock Sprays Fresh Fruity Bestsellers Floral", "relevancy_score": 178.4518857142857, "price": "$5.96"}, {"title": "Old Spice Antiperspirant Deodorant for Men, Sea Spray, 2.6 oz", "tags": "Deodorants & Antiperspirants Olay Body Lotions Creams New in Wash Men's Discover! Staff-Favorite Moisturizers Old Spice Personal Care", "relevancy_score": 567.43264, "price": "$6.97"}, {"title": "Schmidt's Deodorant Sage + Vetiver Sensitive, 2.65 oz", "tags": "Native Dove Deodorant & Antiperspirant Men's Bath Body Stock up on Tom's of Maine Care Clinical Strength Antiperspirants Men +", "relevancy_score": 1564.863258015267, "price": "$7.97"}, {"title": "Secret Invisible Solid Anti-Perspirant with Essential Oils Lavender + Eucalyptus 1.6 oz", "tags": "Gym Ready Beauty Allure Best of Winners 2018 Body Lotions Shampoos Olay Lotion All Wash Treatments", "relevancy_score": 825.0083384615384, "price": "$7.97"}, {"title": "Old Spice Wild Collection Yetifrost Scent Deodorant for Men, 3.0 oz", "tags": "Deodorants & Antiperspirants New in Body Wash Men's Travel Size Toiletries Kits Old Spice Stretch Mark Treatments Personal Care", "relevancy_score": 694.4024363636364, "price": "$4.97"}, {"title": "Old Spice Red Zone After Hours Scent Men's Antiperspirant & Deodorant 2.6 oz", "tags": "Deodorants & Antiperspirants New in Body Wash Men's Clinical Strength Old Spice Hair Care Personal", "relevancy_score": 29.51513333333333, "price": "$4.97"}, {"title": "Seventh Generation Aluminum-free Deodorant Activated Charcoal 2.65 OZ", "tags": "Oxybenzone-Free Sunscreen Kids & Baby New in Body Wash Clean Living Tom's of Maine Care Banana Boat Reef-Safe", "relevancy_score": 2861.813738101788, "price": "$4.97"}, {"title": "Crystal Mineral Deodorant Roll-On - Pomegranate 2.25 fl oz Liquid", "tags": "Dove Deodorant & Antiperspirant Hand Lotions Creams Stock up on Plant Based Personal Care Tom's of Maine Body New in Scrubs Fall Skin Essentials", "relevancy_score": 308.97728979591835, "price": "$3.15"}, {"title": "Secret Freshies Invisible Solid Antiperspirant Deodorant Waterlily 0.5 oz", "tags": "Untinted Lip Balm Gym Ready Beauty Bod Man Valentines Day Makeup & Conditioner Allure Best of Winners 2018 Eos", "relevancy_score": 7312.2129741233375, "price": "$4.97"}, {"title": "($27 Value) Donna Karan Cashmere Mist Deodorant, 1.7 Oz", "tags": "Aramis Premium Body Lotions Washes & Shower Gels Rollerball Travel Size Elizabeth Arden Philosophy Self Care Pampering Deodorants", "relevancy_score": 195.70296666666667, "price": "$40.42"}, {"title": "Old Spice Red Zone Icon Scent Men's Antiperspirant & Deodorant 2.6 oz", "tags": "Deodorants & Antiperspirants New in Body Wash Men's Discover! Staff-Favorite Moisturizers Clinical Strength Old Spice Personal Care", "relevancy_score": 10.268175, "price": "$4.97"}, {"title": "Body Fantasies Signature Romance & Dreams Unisex Body Spray, 8 Oz", "tags": "Best Women's Perfume Body Fantasies & Hair Mists Fragrance Restock Sprays Fresh Spray Axe", "relevancy_score": 107.66204528301887, "price": "$5.98"}, {"title": "Secret Clinical Strength Antiperspirant Deodorant Invisible Solid Completely Clean 1.6 oz", "tags": "Dermatologist Recommended Rosacea Products Anti Aging Treatments Body Sprays Fresh Spray Face Moisturizers Dry Skin John Cena Cologne", "relevancy_score": 71649.48290911544, "price": "$6.99"}, {"title": "Dove Dry Spray Antiperspirant Deodorant Soothing Chamomile 3.8 oz", "tags": "Deodorants & Antiperspirants Dove Personal Care Men's Bath Body Stock up on Deodorant Antiperspirant SheaMoisture Men +", "relevancy_score": 830.9003229357799, "price": "$5.94"}, {"title": "Degree Men On-The-Go Deodorant Wipes Cool Rush 25ct", "tags": "Deodorants & Antiperspirants Dove Deodorant Antiperspirant Personal Care Men's Body Wash SheaMoisture Old Spice Men +", "relevancy_score": 2393.2661507853404, "price": "$4.97"}, {"title": "Old Spice Red Collection Icon Originality & Sage Deodorant, 3.0 oz", "tags": "Deodorants & Antiperspirants New in Body Wash Stock up on Deodorant Antiperspirant Banana Boat Old Spice Dove Men + Care Men's Personal", "relevancy_score": 24.612971428571427, "price": "$4.97"}, {"title": "Calvin Klein Beauty ETERNITY Body Spray for Men 5.4 oz", "tags": "Premium Colognes Montblanc Body Sprays Calvin Klein Cologne & Grooming Deodorants Antiperspirants Beauty Value Sizes Kits", "relevancy_score": 47.351190243902444, "price": "$12.97"}, {"title": "Dr Teal's Charcoal Deodorant, 2.65 oz.", "tags": "Body Wash & Shower Gel Dove Deodorant Antiperspirant Bubble Baths Soaks Personal Care All Bath Bombs, Bubbles Tom's of Maine Men +", "relevancy_score": 174.4518857142857, "price": "$5.19"}, {"title": "Axe Gold Fresh Body Spray for Men, 4 OZ", "tags": "Fragrance Restock Body Sprays Earthy & Woodsy Spray Fresh Best Men's Cologne Dove Conditioner Axe", "relevancy_score": 361.8989111111111, "price": "$4.34"}, {"title": "Axe Anarchy Body Spray for Women, 4 Oz", "tags": "Dove Personal Care Clean Living Body Wash SheaMoisture Women's Sheamoisture 2-in-1 Hair and Axe Scrub", "relevancy_score": 1038.7957076923076, "price": "$6.99"}, {"title": "Elizabeth Arden Sunflowers Body Spray for Women, 8 Oz", "tags": "Spring Break Beauty Zirh Premium Body Sprays Rollerball & Travel Size Elizabeth Arden Deodorants Antiperspirants Value Sizes Kits", "relevancy_score": 209.59706315789472, "price": "$13.16"}, {"title": "Arm And Hammer Essentials Natural Protection Aluminum-Free Deodorant, Fresh, 2.5 oz", "tags": "Hand Creams & Lotions Stock up on Skin Care Body Gym Ready Beauty Fresh Spray Bod Man and Best Sellers", "relevancy_score": 1511.4381315068492, "price": "$6.63"}, {"title": "Secret Antiperspirant Deodorant with Essential Oils Rose Charcoal 2.6 oz", "tags": "Color-Treated Hair Oil Free Moisturizers Premium Body Care Gym Ready Beauty Face for Oily Skin Allure Best of Winners 2018 Physicians Formula Floral Spray", "relevancy_score": 2344.861753736655, "price": "$11.97"}, {"title": "BOD Man Dark Ice Body Spray for Men, 8 Oz", "tags": "Body Spray for Women Fantasies & Hair Mists Fragrance Restock Sprays Fresh Bod Man", "relevancy_score": 63.69721860465116, "price": "$6.98"}, {"title": "FDS Intimate + Body On-The-Go Dry Feminine Deodorant Spray, Lavender Blossom, 0.5oz", "tags": "All Feminine Care Washes Vaginal Moisturizers Douches Vagisil Deodorant Sprays & Powders Summer's Eve", "relevancy_score": 22.612971428571427, "price": "$4.98"}, {"title": "Dove Clinical Protection ClearTone Skin Renew Antiperspirant 1.7 oz", "tags": "Dove Deodorant & Antiperspirant Personal Care Body Bars Wash Scrubs Clinical Strength Antiperspirants SheaMoisture Women's Sheamoisture Scrub", "relevancy_score": 3812.940772027972, "price": "$9.34"}, {"title": "Love Beauty and Planet Murumuru Butter and Rose Deodorant, 2.95 oz", "tags": "Dove Deodorant & Antiperspirant Personal Care Clean Living Body Wash Plant Based Discover! Staff-Favorite Moisturizers Love Beauty Planet Women's", "relevancy_score": 619.2503820895522, "price": "$6.94"}, {"title": "Davidoff Cool Water Deodorant Perfume for Women 3.3 oz", "tags": "Summer Fragrance Best Women's Perfume Fall Fragrances Fresh Restock Holiday", "relevancy_score": 132.3805704918033, "price": "$13.29"}, {"title": "Crystal Mineral Deodorant Roll-On, Lavender & White Tea, 2.25 fl oz", "tags": "Body Spray for Women Best Women's Perfume & Hair Mists Fragrance Restock Sprays Gym Ready Beauty Bod Man Fruity", "relevancy_score": 311.00356, "price": "$5.46"}, {"title": "Mitchum Clear Gel Anti-Perspirant & Deodorant, Unscented for Men, 2.25 Oz", "tags": "Men's Bath & Body Stock up on Deodorant Antiperspirant Tom's of Maine Care Clinical Strength Antiperspirants Old Spice Wash Deodorants Personal", "relevancy_score": 117.74756190476191, "price": "$5.72"}, {"title": "Axe Lil Yachty Body Spray for Men, 4 Oz", "tags": "Fragrance Restock Body Sprays Earthy & Woodsy Spray Best Men's Cologne Dove Conditioner Tresemme Axe", "relevancy_score": 450.5301731343283, "price": "$4.11"}, {"title": "Brut 24 Hour Protection Deodorant Spray Classic Scent, 10.0 Oz", "tags": "Deodorants & Antiperspirants Men's Body Wash Stock up on Deodorant Antiperspirant Aftershaves Old Spice Dove Men + Care Personal", "relevancy_score": 255.77639999999997, "price": "$7.82"}, {"title": "Love Beauty and Planet Coconut Milk & White Jasmine Deodorant 2.95 oz", "tags": "Oxybenzone-Free Sunscreen Kids & Baby Love Beauty Planet Body Wash Banana Boat Stock up on Sun Care Reef-Safe Sale", "relevancy_score": 717.4340448979591, "price": "$7.00"}, {"title": "2 Pack - Suave 24 Hour Protection Anti-Perspirant Deodorant Invisible Solid Powder 1.40 oz", "tags": "Dove Deodorant & Antiperspirant Personal Care Men's Bath Body Stock up on Clinical Strength Antiperspirants All Toothpaste", "relevancy_score": 46.82594285714285, "price": "$6.30"}, {"title": "($15 Value) Elizabeth Arden Red Door Deodorant Cream Stick for Women, 1.5 Oz", "tags": "Giorgio Armani Premium Perfume Body Lotions Sprays Biotherm Elizabeth Arden Self Care & Pampering Deodorants", "relevancy_score": 76.69245217391304, "price": "$8.40"}, {"title": "Dove Dry Spray Antiperspirant Deodorant Clear Tone Skin Renew 3.8 oz", "tags": "Dove Deodorant & Antiperspirant Personal Care Men's Bath Body Bars Wash Scrubs Stock up on Clinical Strength Antiperspirants Men +", "relevancy_score": 1605.957318134715, "price": "$5.99"}, {"title": "Tom's Of Maine Long Lasting Deodorant Soothing Calendula, 2.25 OZ", "tags": "Dove Deodorant & Antiperspirant Toms Toothpaste Personal Care Stock up on Tom's of Maine Body Wash Bar Soaps Men +", "relevancy_score": 148.47948749999998, "price": "$5.49"}, {"title": "(2 Pack) Dove Invisible Dry Spray Antiperspirant Deodorant, Sheer Fresh, 3.8 Oz", "tags": "Dove Deodorant & Antiperspirant Personal Care Men's Bath Body Stock up on Clinical Strength Antiperspirants Men +", "relevancy_score": 1231.4742174757282, "price": "$11.40"}, {"title": "Old Spice Ultra Smooth Deodorant, Fresh Start, 3 oz.", "tags": "Deodorants & Antiperspirants New in Body Wash Men's Discover! Staff-Favorite Moisturizers Old Spice Care Personal", "relevancy_score": 2358.748381920904, "price": "$4.97"}, {"title": "Every Man Jack Dry Spray Deodorant, Cedarwood, 3.5 Oz", "tags": "Dove Deodorant & Antiperspirant Men's Bath Body Wash Stock up on Clinical Strength Antiperspirants Every Man Jack Facial Care Personal", "relevancy_score": 39.0727, "price": "$7.69"}, {"title": "Tom's of Maine Men's Antiperspirant, Mountain Spring, 2.25oz", "tags": "Children's Hair Care All Bath & Body Clean Living Father's Day Beard Gifts Lotions Creams Plant Based Products American Jobs 2020", "relevancy_score": 680.3510068965518, "price": "$6.45"}, {"title": "Lafe's Natural and Organic Deodorant Stick Fresh - 2.5 oz", "tags": "Makeup Travel Size Face Get the Look - 5 Minute L'Oreal BB Cream Gym Ready Beauty in a Flash Best Sellers Foundation &", "relevancy_score": 3.3900727272727273, "price": "$4.84"}, {"title": "Dove Clinical Protection Anti-Perspirant Deodorant Solid, Revive 1.70 oz", "tags": "Deodorants & Antiperspirants Dove Personal Care Men's Bath Body Stock up on Deodorant Antiperspirant Clinical Strength Men +", "relevancy_score": 714.6060978723405, "price": "$7.90"}, {"title": "3 Pack Dove Go Fresh Pear & Aloe Antiperspirant Deodorant Spray, 150ml each", "tags": "Deodorants & Antiperspirants Stock up on Body Wash Dove Personal Care Clean Living Bars Scrubs Deodorant Antiperspirant", "relevancy_score": 20.5048, "price": "$10.98"}, {"title": "Axe Excite Body Spray for Men, 4 Oz", "tags": "Body Spray for Women Fantasies & Hair Mists Fragrance Restock Sprays Fresh Axe", "relevancy_score": 343.4530692307692, "price": "$5.78"}, {"title": "Secret Invisible Solid Anti-Perspirant Spray with Essential Oils Coconut Oil + Marin 1.6 oz", "tags": "Oil Free Moisturizers Gym Ready Beauty Face for Oily Skin Facial Mists Floral Body Spray Olay Lotion All Wash", "relevancy_score": 791.27489569378, "price": "$7.97"}, {"title": "Secret Clinical Strength Antiperspirant DeodorantSoft Solid Clean Lavender 2.6 oz", "tags": "Dermatologist Recommended Rosacea Products Anti Aging Treatments Body Sprays Fresh Spray Face Moisturizers Dry Skin Floral", "relevancy_score": 6964.007375502268, "price": "$11.47"}, {"title": "Almay Roll-On Deodorant, Fragrance-Free, 1.7 Oz", "tags": "Feminine Washes Dove Deodorant & Antiperspirant Personal Care Men's Bath Body Tom's of Maine", "relevancy_score": 102.5668, "price": "$3.89"}, {"title": "Schmidt's Natural Sensitive Deodorant Stick Coconut Pineapple 2.65 OZ", "tags": "Body Spray for Women Nexxus & Hair Mists Shea Moisture Facial Care Fragrance Restock Sprays Gym Ready Beauty", "relevancy_score": 1023.8391368421053, "price": "$7.26"}, {"title": "Schmidt's Cedarwood + Juniper Natural Deodorant Stick, 2.65 oz", "tags": "Dove Deodorant & Antiperspirant Personal Care Men's Body Wash Stock up on Tom's of Maine SheaMoisture Every Man Jack Men +", "relevancy_score": 547.5153542168674, "price": "$6.98"}, {"title": "Axe Fresco Body Spray for Men, 4 Oz", "tags": "Body Spray for Women & Hair Mists Fragrance Restock Sprays Fresh Best Men's Cologne Axe", "relevancy_score": 109.90702222222222, "price": "$4.33"}, {"title": "Curve Black for Men Deodorant Body Spray, 6.0 fl oz", "tags": "Body Spray for Women Curve Men's Fragrances & Hair Mists Fragrance Restock Sprays Fresh Cologne", "relevancy_score": 3.1384129032258063, "price": "$8.98"}, {"title": "Secret Invisible Solid Antiperspirant Deodorant Berry 2.6 oz", "tags": "Fragrance Restock Body Sprays Gym Ready Beauty Fresh Spray Bod Man Old Spice Cologne Floral", "relevancy_score": 2158.3483819209036, "price": "$5.49"}, {"title": "Speed Stick Deodorant, Regular Scent for Men, 2 Oz (1) (1)", "tags": "Deodorants & Antiperspirants Men's Body Wash Stock up on Deodorant Antiperspirant Old Spice Dove Men + Care Personal", "relevancy_score": 0.0, "price": "$1.59"}, {"title": "Secret Invisible Solid Antiperspirant Deodorant Citrus 2.6 oz", "tags": "Body Spray for Women & Hair Mists Fragrance Restock Sprays Gym Ready Beauty Bod Man Bestsellers Floral", "relevancy_score": 881.2186933333334, "price": "$5.49"}, {"title": "2 Pack - Almay Anti-Perspirant & Deodorant Fragrance Free Clear Gel 2.25 oz", "tags": "Feminine Washes Dove Deodorant & Antiperspirant Personal Care Men's Bath Body Tom's of Maine Clinical Strength Antiperspirants", "relevancy_score": 25.612971428571427, "price": "$9.65"}, {"title": "Ban Simply Clean Roll-On Deodorant 3.5 oz", "tags": "Dove Deodorant & Antiperspirant Tom's of Maine Body Care Clinical Strength Antiperspirants Every Man Jack EO Everyone Men +", "relevancy_score": 657.1835252747253, "price": "$5.82"}, {"title": "Victoria's Secret Pure Seduction Fragrance Mist for Women, 8.4 Oz", "tags": "Premium Body Lotions Sprays Perfumes Juicy Couture Perfume Beauty Value Sizes & Kits Gucci Hand Foot Creams", "relevancy_score": 58.49721860465117, "price": "$12.98"}, {"title": "Secret Clinical Strength Antiperspirant and Deodorant for Women Clear Gel, Clean Lavender 1.6 oz", "tags": "Deodorants & Antiperspirants Dove Deodorant Antiperspirant Men's Body Wash Clinical Strength Old Spice Men + Care Personal", "relevancy_score": 3552.150424863686, "price": "$10.99"}, {"title": "BRUT Anti-Perspirant Deodorant Stick Classic Scent 2 oz", "tags": "Deodorants & Antiperspirants Stock up on Body Wash Dove Deodorant Antiperspirant Men's Aftershaves Old Spice Men + Care Personal", "relevancy_score": 7.290072727272727, "price": "$3.95"}, {"title": "6 Pack - Mitchum Advanced Gel Anti-Perspirant & Deodorant, Mountain Air 3.4 oz", "tags": "Dove Deodorant & Antiperspirant Men's Bath Body Stock up on Clinical Strength Antiperspirants Old Spice Wash Deodorants Personal Care", "relevancy_score": 84.85199148936171, "price": "$20.17"}, {"title": "FDS Baby Powder Feminine Deodorant Spray, 2 oz", "tags": "All Feminine Care Washes Vaginal Moisturizers Douches Vagisil Wipes Deodorant Sprays & Powders Summer's Eve", "relevancy_score": 116.95036363636362, "price": "$6.11"}, {"title": "Old Spice Deodorant for Men Deep Sea Scent, 3 oz (Pack of 3)", "tags": "Deodorants & Antiperspirants Oxybenzone-Free Sunscreen Kids Baby Banana Boat Reef-Safe Old Spice Body Wash Men's Personal Care", "relevancy_score": 20.5048, "price": "$14.32"}, {"title": "(4 count) Degree Women Sheer Powder Dry Protection Antiperspirant Deodorant, 2.6 oz, 2 Twin Packs", "tags": "Deodorants & Antiperspirants Dove Deodorant Antiperspirant Personal Care Stock up on Clinical Strength Men's", "relevancy_score": 782.1566916256157, "price": "$8.58"}, {"title": "Rihanna Nude Body Spray for Women, 8 Oz", "tags": "Body Spray for Women Best Women's Perfume & Hair Mists Fragrance Restock Sprays Value Sizes Sets Bestsellers Floral", "relevancy_score": 174.70296666666667, "price": "$14.99"}, {"title": "Summer's Eve Feminine Deodorant Freshening Spray, Sheer Floral, 2 FL OZ, 3 Pack", "tags": "All Feminine Care Yeast Infection Treatments Washes Douches Vagisil Wipes Deodorant Sprays & Powders Summer's Eve", "relevancy_score": 56.42594285714285, "price": "$16.08"}, {"title": "Old Spice High Endurance Fresh Scent Deodorant for Men, 3.0 oz", "tags": "Deodorants & Antiperspirants Stock up on Deodorant Antiperspirant Travel Size Toiletries Kits Old Spice Body Wash Listerine Mouthwash Men's Personal Care", "relevancy_score": 884.2808509554139, "price": "$5.89"}, {"title": "6 Pack - Old Spice High Endurance Anti-Perspirant & Deodorant, Original 3 oz", "tags": "Deodorants & Antiperspirants Men's Body Wash Stock up on Deodorant Antiperspirant Aftershaves Old Spice Dove Men + Care Personal", "relevancy_score": 16.5048, "price": "$26.63"}, {"title": "3 Pack - Soft & Dri Aerosol Antiperspirant Deodorant, Soft Scent 6 oz", "tags": "Dove Deodorant & Antiperspirant Personal Care Men's Bath Body Clinical Strength Antiperspirants Old Spice Wash Deodorants Men +", "relevancy_score": 111.81533846153846, "price": "$21.21"}, {"title": "Tom's of Maine Natural Strength Deodorant, Fresh Coconut, 2.1oz", "tags": "All Bath & Body Clean Living Father's Day Beard Care Gifts Lotions Creams Stock up on Oral Plant Based Products American Jobs 2020", "relevancy_score": 782.1566916256157, "price": "$6.00"}, {"title": "2 Pack - Speed Stick by Mennen Deodorant, Regular 3 oz", "tags": "Deodorants & Antiperspirants Men's Body Wash Stock up on Deodorant Antiperspirant Old Spice Dove Men + Care Personal", "relevancy_score": 19.7048, "price": "$9.24"}, {"title": "Secret Freshies Invisible Solid Antiperspirant Deodorant Luxe Lavender 0.5 oz", "tags": "Untinted Lip Balm Gym Ready Beauty Valentines Day Makeup & Conditioner Allure Best of Winners 2018 Mother's Eos", "relevancy_score": 7307.712927041743, "price": "$5.47"}, {"title": "Fresh So Dry Fresh Balls, 3.4 fl oz 2 Pack", "tags": "", "relevancy_score": 21.612971428571427, "price": "$19.95"}, {"title": "3 Pack - FDS Feminine Deodorant Spray, Extra Strength 2 oz", "tags": "All Feminine Care Yeast Infection Treatments Washes Vaginal Moisturizers Douches Vagisil Deodorant Sprays & Powders Summer's Eve", "relevancy_score": 20.5048, "price": "$14.64"}, {"title": "3 Pack - Sure Anti-Perspirant & Deodorant Original Solid, Regular Scent 2.70 oz", "tags": "Dove Deodorant & Antiperspirant Personal Care Men's Bath Body Clinical Strength Antiperspirants Old Spice Wash Deodorants Men +", "relevancy_score": 1.1384129032258063, "price": "$11.59"}, {"title": "6 Pack - Dove Men+Care Antiperspirant Deodorant, Sensitive Shield 2.7 oz", "tags": "Deodorants & Antiperspirants Dove Personal Care Men's Bath Body Stock up on Deodorant Antiperspirant Clinical Strength Men +", "relevancy_score": 936.5588826446282, "price": "$21.71"}, {"title": "2 Pack - Suave Clinical Protection Anti-Perspirant Deodorant Powder Fresh 1.70 oz", "tags": "Deodorants & Antiperspirants Dove Deodorant Antiperspirant Personal Care Men's Bath Body SheaMoisture Men + Sheamoisture Scrub", "relevancy_score": 14.490072727272729, "price": "$15.00"}, {"title": "Summer's Eve Feminine Deodorant Spray, Tropical Rain 2 oz", "tags": "All Feminine Care Washes Dove Deodorant & Antiperspirant Douches Vagisil Wipes Sprays Powders Summer's Eve", "relevancy_score": 51.0727, "price": "$5.91"}, {"title": "4 Pack - ARM & HAMMER ULTRAMAX Anti-Perspirant Deodorant Invisible Solid Unscented 2.60 oz", "tags": "Dove Deodorant & Antiperspirant Personal Care Men's Bath Body Clinical Strength Antiperspirants Old Spice Wash Deodorants Men +", "relevancy_score": 147.44756190476193, "price": "$15.35"}, {"title": "3 Pack Dove Men + Care Elements Mineral Sandalwood Deodorant Spray 150ml", "tags": "Deodorants & Antiperspirants Dove Personal Care Men's Bath Body Stock up on Deodorant Antiperspirant Every Man Jack Men +", "relevancy_score": 12.390072727272727, "price": "$11.44"}, {"title": "Sure Anti-Perspirant Deodorant Invisible Solid Unscented 2.60 oz", "tags": "Dove Deodorant & Antiperspirant Personal Care Men's Bath Body Tom's of Maine Clinical Strength Antiperspirants", "relevancy_score": 13.290072727272726, "price": "$5.23"}, {"title": "Tussy Deodorant Cream, Original - 1.7 Oz", "tags": "", "relevancy_score": 49.0727, "price": "$5.99"}, {"title": "2 Pack - Suave 24 Hour Protection Invisible Solid Anti-Perspirant Deodorant, Tropical Paradise 2.60 oz", "tags": "Dove Deodorant & Antiperspirant Personal Care Men's Bath Body Stock up on Clinical Strength Antiperspirants", "relevancy_score": 24.612971428571427, "price": "$8.19"}, {"title": "6 Pack - ARM & HAMMER ULTRAMAX Anti-Perspirant Deodorant Solid Unscented 2.60 oz", "tags": "Dove Deodorant & Antiperspirant Personal Care Men's Bath Body Clinical Strength Antiperspirants Old Spice Wash Deodorants Men +", "relevancy_score": 173.3978, "price": "$19.40"}, {"title": "Schmidt's Deodorant Rose + Black Pepper, 2.65 oz", "tags": "Native Dove Deodorant & Antiperspirant Personal Care Men's Bath Body Stock up on Tom's of Maine Clinical Strength Antiperspirants", "relevancy_score": 1741.9879200000003, "price": "$7.89"}, {"title": "Ralph Lauren Polo Sport Deodorant Stick for Men, 2.6 Oz", "tags": "Aramis Premium Colognes Biotherm Cologne & Grooming Deodorants Antiperspirants Ralph Lauren Polo", "relevancy_score": 5.138412903225807, "price": "$26.95"}, {"title": "Schmidt's Ylang Ylang + Calendula Natural Deodorant 2.65 Oz - 6 Pack", "tags": "Dove Deodorant & Antiperspirant Personal Care Men's Bath Body Clinical Strength Antiperspirants Old Spice Wash Deodorants Men +", "relevancy_score": 10.268175, "price": "$12.74"}, {"title": "Crystal Travel Deodorant Stick, Unscented, 1.5 oz", "tags": "", "relevancy_score": 281.89162608695653, "price": "$5.49"}, {"title": "Axe Daily Fragrance Anarchy for Her 4 oz (Pack of 2)", "tags": "Dove Deodorant & Antiperspirant Personal Care Men's Bath Body Clinical Strength Antiperspirants Old Spice Wash Deodorants Men + Axe", "relevancy_score": 232.2016148148148, "price": "$12.15"}, {"title": "Monistat Care, Stay Fresh Gel, Odor Control", "tags": "All Feminine Care Yeast Infection Treatments Washes Vaginal Moisturizers Douches Rephresh Deodorant Sprays & Powders Monistat", "relevancy_score": 64.4519914893617, "price": "$11.00"}, {"title": "3 Pack - Mitchum Advanced Gel Anti-Perspirant & Deodorant, Mountain Air 2.25 oz", "tags": "Dove Deodorant & Antiperspirant Personal Care Men's Bath Body Stock up on Old Spice Wash Deodorants", "relevancy_score": 15.390072727272727, "price": "$10.72"}, {"title": "Axe Phoenix Body Spray for Men, 4 Oz", "tags": "Body Spray for Women Unisex Fragrance Restock Sprays Earthy & Woodsy Best Men's Cologne Axe", "relevancy_score": 1746.3886309859156, "price": "$8.05"}, {"title": "4 Pack - Suave 24 Hour Protection Anti-Perspirant Deodorant Spray, Powder 4 oz", "tags": "Dove Deodorant & Antiperspirant Personal Care Men's Bath Body Clinical Strength Antiperspirants Old Spice Wash Deodorants Men +", "relevancy_score": 10.268175, "price": "$14.47"}, {"title": "Bath and Body Works Kaleidoscope 8 oz. Fine Fragrance Mist", "tags": "Best Women's Perfume Body Fantasies & Hair Mists Fragrance Restock Sprays Calgon Value Sizes Sets Spray", "relevancy_score": 0.0, "price": "$17.97"}, {"title": "3 Pack Mitchum Women Shower Fresh Gel Anti-Perspirant & Deodorant 2.25 Oz Each", "tags": "Deodorants & Antiperspirants Stock up on Deodorant Antiperspirant Clinical Strength Old Spice Body Wash Dove Men + Care Men's Personal", "relevancy_score": 23.612971428571427, "price": "$11.86"}, {"title": "6 Pack - Suave 24 Hour Protection Anti-Perspirant Deodorant Spray, Powder 4 oz", "tags": "Dove Deodorant & Antiperspirant Personal Care Men's Bath Body Clinical Strength Antiperspirants Old Spice Wash Deodorants Men +", "relevancy_score": 28.915133333333337, "price": "$17.94"}, {"title": "Gillette Clear Gel Men\u2019s Deodorant, Cool Wave (3.8 oz., 5 pk.)", "tags": "Deodorants & Antiperspirants Dove Deodorant Antiperspirant Men's Body Wash Stock up on Old Spice Men + Care Personal", "relevancy_score": 0.0, "price": "$34.99"}, {"title": "Secret Fresh Antiperspirant Deodorant Clear Gel, Berry, 2.6 oz", "tags": "Body Fantasies Fragrance Restock Sprays Gym Ready Beauty Warm & Musky Spray Fresh Bod Man Floral", "relevancy_score": 6531.601963561076, "price": "$5.49"}, {"title": "2 Pack - Secret Invisible Solid Deodorant Luxe Lavender 2.6 oz", "tags": "", "relevancy_score": 799.7286864628821, "price": "$14.64"}, {"title": "Tom's of Maine Natural Strength Deodorant, Fresh Powder, 2.1oz, 3 Pack", "tags": "Dove Deodorant & Antiperspirant Toms Toothpaste Stock up on Tom's of Maine Body Care Men + Men's Grooming", "relevancy_score": 23.51513333333333, "price": "$16.66"}, {"title": "3 Pack - AXE Antiperspirant Deodorant Stick for Men Apollo 2.7 oz", "tags": "Deodorants & Antiperspirants Men's Body Wash Stock up on Deodorant Antiperspirant Shampoo and Conditioner Personal Care Axe", "relevancy_score": 822.0948555555557, "price": "$14.13"}, {"title": "2 Pack - Norforms Tropical Splash Deodorant Suppositories 12 ea", "tags": "All Feminine Care Yeast Infection Treatments Washes Men's Bath & Body Douches Vagisil Deodorant Sprays Powders Summer's Eve", "relevancy_score": 5.138412903225807, "price": "$11.99"}, {"title": "Degree Men On-The-Go Deodorant Wipes Overtime 25ct", "tags": "Deodorants & Antiperspirants Dove Deodorant Antiperspirant Personal Care Tom's of Maine Body Old Spice Wash Men + Men's", "relevancy_score": 2029.022625, "price": "$5.47"}, {"title": "(4 count) Degree Black and White UltraClear Antiperspirant Deodorant, 2.6 oz, 2 Twin Packs", "tags": "Dove Deodorant & Antiperspirant Personal Care Men's Bath Body Stock up on Clinical Strength Antiperspirants", "relevancy_score": 0.0, "price": "$13.36"}, {"title": "Davidoff Cool Water Body Spray Deodorant For Men, 2.5 Oz", "tags": "Value Sizes & Sets Fragrance Restock Perfume Best Men's Cologne Sellers Holiday Fresh", "relevancy_score": 157.7695462686567, "price": "$12.50"}, {"title": "4 Pack - Speed Stick Original Antiperspirant & Deodorant, Irish Spring 2.70 oz", "tags": "", "relevancy_score": 25.612971428571427, "price": "$13.49"}, {"title": "3 Pack - BRUT Deodorant Stick Original Fragrance 2.50 oz", "tags": "Dove Deodorant & Antiperspirant Personal Care Men's Bath Body Aftershaves Clinical Strength Antiperspirants Old Spice Wash Deodorants Men +", "relevancy_score": 10.268175, "price": "$11.18"}, {"title": "Almay Anti-Perspirant & Deodorant, Sensitive Skin, Roll-On, Fragrance Free 1.7 oz", "tags": "Feminine Washes Dove Deodorant & Antiperspirant Personal Care Men's Bath Body Tom's of Maine Men +", "relevancy_score": 24.715133333333334, "price": "$3.89"}, {"title": "Gillette Clinical Endurance Tough Protection Clear Gel Anti-Perspirant Deodorant, Cool Wave, 1.6 Oz", "tags": "Deodorants & Antiperspirants Dove Deodorant Antiperspirant Personal Care Stock up on Clinical Strength Old Spice Body Wash Men + Men's", "relevancy_score": 20937.065127084163, "price": "$11.24"}, {"title": "4 Pack - Right Guard Sport 3D Odor Defense, Anti-Perspirant Deodorant Clear Gel, Fresh 3 oz", "tags": "Dove Deodorant & Antiperspirant Personal Care Men's Bath Body Stock up on Old Spice Wash Deodorants", "relevancy_score": 434.48514375, "price": "$14.37"}, {"title": "2 Pack - Lady Speed Stick Antiperspirant Deodorant Invisible Dry Powder Fresh 1.40 oz", "tags": "", "relevancy_score": 44.05119024390244, "price": "$7.45"}, {"title": "Nubian Heritage Deodorant - All Natural - 24 Hour - African Black Soap - 2.25 oz - 1 each", "tags": "Children's Hair Care All Bath & Body Clean Living Father's Day Beard Gifts Lotions Creams Plant Based Products American Jobs 2020", "relevancy_score": 182.57448, "price": "$10.37"}, {"title": "3 Pack - Almay Sensitive Skin Clear Gel Antiperspirant & Deodorant, Powder Fresh 2.25 oz", "tags": "", "relevancy_score": 14.490072727272729, "price": "$12.95"}, {"title": "6 Pack - Dove Anti-Perspirant Deodorant, Sensitive Skin 2.60 oz", "tags": "Stock up on Body Wash Dove Personal Care Bars & Scrubs Clinical Strength Antiperspirants Bar Soap Women's", "relevancy_score": 30.715133333333334, "price": "$19.24"}, {"title": "Mitchum Advanced Invisible Roll-On Deodorant For Men Unscented 3.4 Oz", "tags": "Deodorants & Antiperspirants Dove Deodorant Antiperspirant Men's Body Wash Clinical Strength Old Spice Men + Care Personal", "relevancy_score": 10.268175, "price": "$8.29"}, {"title": "Speed Stick Musk Deodorant By Mennen, 24Hr Freshness - 3 Oz, 2 Pack", "tags": "Deodorants & Antiperspirants Stock up on Body Wash Dove Deodorant Antiperspirant Men's Old Spice Men + Care Personal", "relevancy_score": 0.0, "price": "$8.83"}, {"title": "4 Pack - ARRID XX Anti-Perspirant Deodorant Spray Regular 4 oz", "tags": "Dove Deodorant & Antiperspirant Personal Care Men's Bath Body Clinical Strength Antiperspirants Old Spice Wash Deodorants Men +", "relevancy_score": 64.99721860465117, "price": "$18.42"}, {"title": "2 Pack - ARRID XX Anti-Perspirant Deodorant Solid Unscented 2.6 oz", "tags": "", "relevancy_score": 177.9252347826087, "price": "$9.99"}, {"title": "Arrid Extra Extra Dry Regular 2.5 Oz. Roll-on Antiperspirant Deodorant", "tags": "", "relevancy_score": 233.0404923076923, "price": "$7.20"}, {"title": "Sure Anti-Perspirant & Deodorant Aerosol, Unscented 6 oz (Pack of 6)", "tags": "Dove Deodorant & Antiperspirant Personal Care Men's Bath Body Clinical Strength Antiperspirants Old Spice Wash Deodorants Men +", "relevancy_score": 5.138412903225807, "price": "$28.42"}, {"title": "Snooki For Women By 8.0 oz Body Spray Nicole Polizzi", "tags": "Body Spray for Women Best Women's Perfume & Hair Mists Fragrance Restock Sprays Bestsellers", "relevancy_score": 29.51513333333333, "price": "$8.09"}, {"title": "2 Pack - Old Spice Re-Fresh Body Spray, Swagger 3.75 oz", "tags": "Fragrance Restock Body Sprays Warm & Musky Spray Best Men's Cologne Old Spice Spicy", "relevancy_score": 10.268175, "price": "$16.46"}, {"title": "Tom's of Maine Men's Antiperspirant, Mountain Spring, 2.8 Ounce", "tags": "Deodorants & Antiperspirants Dove Deodorant Antiperspirant Men's Body Wash Tom's of Maine Care Old Spice Men + Personal", "relevancy_score": 661.5336, "price": "$6.16"}, {"title": "Almay Anti-Perspirant & Deodorant Fragrance Free Clear Gel 2.25 oz (Pack of 3)", "tags": "Feminine Washes Dove Deodorant & Antiperspirant Personal Care Men's Bath Body Tom's of Maine Old Spice Wash Deodorants", "relevancy_score": 29.51513333333333, "price": "$12.95"}, {"title": "Gap Dream Fragrance Spray Body Mist 8 FL Oz", "tags": "", "relevancy_score": 0.0, "price": "$24.10"}, {"title": "Keep it Kind Fresh Kidz Girls \"Purple\" Natural Roll On Deodorant 1.86 Fl Oz", "tags": "", "relevancy_score": 23.51513333333333, "price": "$10.99"}, {"title": "Arm and Hammer Essentials Deodorant, Fresh, 1 Oz, 2 Pack", "tags": "", "relevancy_score": 0.0, "price": "$6.03"}, {"title": "Tom's of Maine Natural Strength Deodorant, Fresh Sage, 2.1oz", "tags": "Children's Hair Care All Bath & Body Clean Living Father's Day Beard Gifts Lotions Creams Plant Based Products American Jobs 2020", "relevancy_score": 228.24049230769234, "price": "$6.57"}, {"title": "Gillette Clinical Soft Solid Sport Triumph Antiperspirant and Deodorant, 1.7 oz", "tags": "Dove Deodorant & Antiperspirant Personal Care Men's Bath Body Clinical Strength Antiperspirants Old Spice Wash Deodorants Men +", "relevancy_score": 588.7912130434781, "price": "$11.59"}]