[{"title": "Shark Navigator\u00ae Swivel Pro Upright Vacuum NV60", "tags": "Best Vacuum Cleaners Dorm Floorcare Shark Vacuums Bissell Pet Essentials Steam Mops", "relevancy_score": 1654.0285185185187, "price": "$124.00"}, {"title": "Shark Navigator\u00ae Lift-Away\u00ae Upright Vacuum NV351", "tags": "Best Vacuum Cleaners Dorm Floorcare Shark Vacuums Bissell Pet Essentials Steam Mops", "relevancy_score": 11146.298715403032, "price": "$134.00"}, {"title": "Hamilton Beach 1.1 Cu. Ft. 1000W Stainless Steel Microwave", "tags": "Magic Chef Microwaves Small Stainless Steel Dorm Appliances Frigidaire Room Essentials Shop All Red", "relevancy_score": 5565.84993137558, "price": "$69.88"}, {"title": "BISSELL PowerFresh Steam Mop with Discs and Scrubber, 1940W", "tags": "Shark Steam Cleaners Best Bissell Vacuums Mops Dorm Vacuum Essentials Hard Floor", "relevancy_score": 15198.111638883887, "price": "$79.00"}, {"title": "BISSELL PowerForce Helix Bagless Upright Vacuum", "tags": "Best Vacuum Cleaners Dorm Floorcare Bissell Vacuums Upright Pet Essentials Room", "relevancy_score": 18409.319119417476, "price": "$54.00"}, {"title": "Arctic King 3.2 Cu Ft Two Door Mini Fridge with Freezer, Stainless Steel", "tags": "Galanz Refrigerators All Mini Fridges & Compact Dorm Appliances Freezerless Shop Refrigerator Brands Dining Essentials Garage Fridge Two Door", "relevancy_score": 8216.780436657682, "price": "$149.00"}, {"title": "Emeril Lagasse Power AirFryer 360 Plus", "tags": "Instant Pot Pressure Cookers Shop All Toaster Ovens all Pots Cuisinart Air Fryers", "relevancy_score": 2037.9913089463219, "price": "$129.00"}, {"title": "BISSELL 3-in-1 Lightweight Corded Stick Vacuum", "tags": "Best Stick Vacuums Vacuum Cleaners Dorm Floorcare Handheld Bissell Essentials Room", "relevancy_score": 18317.11966354962, "price": "$19.86"}, {"title": "Mainstays 0.7 Cu. Ft. 700W Red Microwave with 10 Power Levels", "tags": "Magic Chef Microwaves Small Dorm Appliances kitchen ideas Hamilton Beach Room Essentials Dining Red", "relevancy_score": 5620.05310239521, "price": "$49.88"}, {"title": "Hamilton Beach 1.1 Cu. Ft. Black Digital Microwave Oven", "tags": "Kitchen Appliances Small Microwaves Stainless Steel Dorm kitchen ideas Frigidaire Shop All Red", "relevancy_score": 2112.5054541353384, "price": "$69.88"}, {"title": "Hoover Power Scrub Carpet Cleaner w/ SpinScrub Technology, FH50135", "tags": "Bissell Pet Vacuums Hoover Carpet Cleaners Dorm Vacuum Essentials on Promo Steam", "relevancy_score": 2483.6261459552497, "price": "$128.00"}, {"title": "Hoover Power Scrub Deluxe Carpet Cleaner, FH50150", "tags": "Bissell Pet Vacuums Hoover Carpet Cleaners Dorm Vacuum Essentials Steam", "relevancy_score": 7451.876722814983, "price": "$149.00"}, {"title": "Oster 8\" Nonstick Belgian Waffle Maker with Temperature Control, Silver", "tags": "Cuisinart Waffle Makers Skillets & Frying Pans Bakeware Sets Small kitchen ideas Best Mini Dorm Dining Hydration", "relevancy_score": 2773.3571442136495, "price": "$17.88"}, {"title": "Hamilton Beach 6-Speed Hand Mixer with Snap-On Case, Black, Model 62683", "tags": "Utensils Shop All Hand Mixers 20-Piece Flatware Sets & Attachments Dorm Appliances Small kitchen ideas Dining Essentials Hydration", "relevancy_score": 4157.816791786448, "price": "$14.96"}, {"title": "George Foreman 4-Serving Removable Plate Electric Grill and Panini Press, Black, GRP1060B", "tags": "Kitchen Appliances Sandwich Makers & Panini Press Best Indoor Grills Small kitchen ideas Shop All Slow Cookers George Foreman Presses", "relevancy_score": 4252.216791786448, "price": "$29.96"}, {"title": "Aroma 6 Cup Non-Stick Pot Style White Rice Cooker, 3 Piece", "tags": "Kitchen Appliances Skillets & Frying Pans Black + Decker Rice Cookers Small kitchen ideas Shop All Slow Dorm Dining Hydration", "relevancy_score": 2903.761360232221, "price": "$16.96"}, {"title": "BLACK+DECKER Easy Assembly 8-Cup Food Processor, Black, FP4200B", "tags": "Chopping & Slicing Cuisinart Food Processors Hamilton Beach Mini Choppers KitchenAid Electric Dorm Dining Hydration", "relevancy_score": 2371.321004225352, "price": "$25.92"}, {"title": "The Pioneer Woman Fiona Floral Extra-Wide Slot 2-Slice Toaster", "tags": "Shop All The Pioneer Woman Blenders Food Prep Dishes Tools and Gadgets 2 Slice Toasters New Arrivals", "relevancy_score": 2330.612182084095, "price": "$23.99"}, {"title": "FoodSaver 8\" x 20' Vacuum Seal Rolls, 2 Pack", "tags": "Food Savers & Accessories Vacuum Bags Lunch Boxes Shop All FoodSaver Sealers", "relevancy_score": 6873.061461190965, "price": "$16.98"}, {"title": "Ninja Nutrient Extraction Single Serve Blender with Auto IQ Technology", "tags": "Shop All Blenders Magic Bullet Countertop Ninja Personal NutriBullet Immersion", "relevancy_score": 1446.8634884273, "price": "$69.00"}, {"title": "Shark Rechargeable Floor and Carpet Sweeper", "tags": "Sweepers Shark Bissell Best Stick Vacuums Dorm Floorcare Vacuum Essentials Steam Mops", "relevancy_score": 4897.241574895397, "price": "$34.88"}, {"title": "KRUPS Fast Touch Electric Coffee and Spice Grinder With Stainless Steel Blades F2034251", "tags": "Coffee Prep Burr Grinders Dorm Appliances Makers KitchenAid Krups Herb Tools", "relevancy_score": 1385.571369767442, "price": "$15.44"}, {"title": "Crock-Pot Trio Cook and Serve Slow Cooker and Food Warmer, Stainless Steel", "tags": "Shop All The Pioneer Woman Food Warmers Hamilton Beach Slow Cookers Small kitchen ideas Big Game Dorm Dining Essentials", "relevancy_score": 490.9910647058823, "price": "$24.99"}, {"title": "Mr. Coffee Caf Steam Automatic Espresso and Cappuccino Machine, 20 oz, Silver", "tags": "Single Serve Coffee Makers Refurbished & Espresso Dorm Appliances Stovetop De'Longhi Machines Room Essentials", "relevancy_score": 456.5694165413534, "price": "$39.92"}, {"title": "Farberware Programmable Digital Pressure Cooker, 6 Quart", "tags": "The Pioneer Woman Cookware Instant Pot Pressure Cookers & Canners Shop all All Rice Pots and Pans", "relevancy_score": 3145.171508791209, "price": "$49.88"}, {"title": "Farberware 1.9QT Air Fryer, Grey", "tags": "GoWISE Air Fryers Instant Pot Ninja Food Dehydrators Deep Shop All all Steamers", "relevancy_score": 1222.7256403908796, "price": "$29.88"}, {"title": "George Foreman 2-Serving Copper Color Classic Plate Grill, Electric Indoor Grill and Panini Press, Black/Copper, GR320FBC", "tags": "Kitchen Appliances Smokeless Indoor Grills Sandwich Makers & Panini Press Small kitchen ideas Dorm Bundles George Foreman Presses", "relevancy_score": 905.7953787234044, "price": "$14.96"}, {"title": "Keurig K-Classic Single Serve K-Cup Pod Coffee Maker, Rhubarb", "tags": "Electric Kettles Single Serve Coffee Makers Keurig Dorm Appliances Small kitchen ideas Room Essentials Hamilton Beach", "relevancy_score": 5804.956148803481, "price": "$79.00"}, {"title": "Peerless Laundry Lint Trap, 2-Count", "tags": "Sink Accessories Rolling File Cabinets Shop All Washer & Dryer Parts Chocolate Fountains Combination Beverage and Wine Coolers Firm Mattresses Metal Indoor Nativity Scenes", "relevancy_score": 258.06757272727276, "price": "$1.37"}, {"title": "Aroma 8-Cup Programmable Rice & Grain Cooker, Steamer", "tags": "Garment Steamers Kitchen Appliances Instant Pot Black + Decker Rice Cookers Shop All Slow Dorm Room Essentials", "relevancy_score": 2726.0539312217197, "price": "$29.92"}, {"title": "Ion Vac Handheld Vacuum Cleaner (Green)", "tags": "Black+Decker Handheld Vacuums Best Cordless Vacuum Cleaners Dorm Floorcare Car", "relevancy_score": 1981.407738547486, "price": "$24.99"}, {"title": "Orville Redenbachers Yellow Popcorn Kernels 45 Oz. Jar", "tags": "Movie Theater Butter Popcorn Orville Redenbacher's Seasoning All Night Foods and Drinks Gluten Free Snacks, Cookies & Chips Bags Shop Plant Based", "relevancy_score": 2101.6822320987653, "price": "$4.98"}, {"title": "KitchenAid 2 Speed Empire Red Hand Blender - Closeout", "tags": "Shop All Blenders KitchenAid Mixer Attachments Mixers & Stand Immersion Kitchenaid", "relevancy_score": 7632.371838112523, "price": "$49.99"}, {"title": "ionVac Robot Vacuum, Powerful (2000Pa Suction) Wi-Fi Connected, Hardwood to Medium Pile Carpet Floor Cleaning, Self-Charging \u201cSmart\u201d Vacuum Controlled Via Mobile App or Voice Activated Commands", "tags": "", "relevancy_score": 532.4506344827586, "price": "$99.00"}, {"title": "Bissell Multi-Surface Floor Cleaning Formula, 32 oz, 1789", "tags": "Steam Cleaners Best Bissell Vacuums Mops Dorm Vacuum Essentials Hard Floor Carpet Cleaner Solutions", "relevancy_score": 3503.3788316205532, "price": "$9.87"}, {"title": "Mainstays 5-Speed Corded Hand Mixer, Black", "tags": "Shop All Mixers & Attachments Stand KitchenAid Hand Immersion Blenders Kitchenaid", "relevancy_score": 513.8568, "price": "$9.88"}, {"title": "Egg Pod - Microwave Egg Cooker that Perfectly Cooks Eggs and Detaches the Shell! As Seen on TV", "tags": "Scott Toilet Paper All As Seen on TV Kitchenware Gotham Steel Top Picks Cookware", "relevancy_score": 1266.7646343195265, "price": "$14.88"}, {"title": "Hamilton Beach The Scoop Single-Serve Coffee Maker, Single Serve Brewer, 14 oz., Stainless Steel, 47550", "tags": "Kitchen Appliances Cuisinart Coffee Makers Single Serve Keurig Dorm Small kitchen ideas Room Essentials", "relevancy_score": 659.2216156424581, "price": "$33.96"}, {"title": "Oster 18 Quart Silver Roaster with High Dome & Self-Basting Lid", "tags": "Dorm Storage Essentials Big Game Sterilite Shop All Slow Cookers Plastic Drawers & Carts Turkey Roasters", "relevancy_score": 898.2023798319327, "price": "$29.92"}, {"title": "Shop-Vac Large Cartridge Filter 90304 Type U", "tags": "Fire Safes All Home & Lock Boxes Shop-Vac Storm Prep Shop Porter-Cable Ridgid Power Tools Clearance HART Wet/Dry Vacuums", "relevancy_score": 445.0981870967742, "price": "$10.47"}, {"title": "Hoover Pet Stain & Odor Carpet Cleaner Solution, 128Oz, AH30931", "tags": "Carpet Cleaners Hoover Vacuums Bissell Pet Vacuum Parts Steam Cleaner Solutions", "relevancy_score": 365.03094953271034, "price": "$19.97"}, {"title": "Hoover Pet Stain & Odor with Stainguard Carpet Cleaner Solution, 64Oz, AH30921", "tags": "Carpet Cleaners Hoover Vacuums Bissell Pet Vacuum Parts Steam Cleaner Solutions", "relevancy_score": 1385.732453846154, "price": "$15.94"}, {"title": "Mainstays 4 Slice Black Toaster Oven with Dishwasher-Safe Rack & Pan, 3 Piece", "tags": "Hamilton Beach Toaster Ovens Small kitchen ideas Big Game Shop All Air Fryers 2 Slice Toasters", "relevancy_score": 988.5468463320462, "price": "$19.88"}, {"title": "Dyson V8 Animal+ Cordless Vacuum | Purple | Refurbished", "tags": "Stick Vacuums Dyson Handheld Best Cordless", "relevancy_score": 536.7032415584415, "price": "$279.99"}, {"title": "Cascade ActionPacs Dishwasher Detergent, Fresh Scent, 85 Ct", "tags": "Laundry Detergents Dishwasher Detergent Tide All Toilet Paper Best", "relevancy_score": 26630.828852127124, "price": "$13.97"}, {"title": "Finish Gelpacs 84ct, Fast Action, Deep Clean, Orange Scent, Dishwasher Detergent Tablets", "tags": "Laundry Detergents Cascade Dishwasher All Toilet Paper Lysol Dish Soap Great Value Additives", "relevancy_score": 1310.3351184713374, "price": "$11.48"}, {"title": "Great Value Dishwasher Rinse Agent, 16 fl oz", "tags": "Dishwasher Detergent Cascade Detergents All Toilet Paper Seventh Generation Lysol Dish Soap Additives", "relevancy_score": 776.4915878787879, "price": "$4.97"}, {"title": "Crock-Pot 6 Qt 8-in-1 Multi-Use Express Crock Programmable Pressure Cooker, Slow Cooker, Saut\u00e9, and Steamer, Black Stainless Steel", "tags": "Instant Pot Crock-Pot Express Pressure Cookers Hamilton Beach Slow & Canners Shop All all Pots", "relevancy_score": 3308.583675800256, "price": "$38.71"}, {"title": "Lemi Shine Dishwasher Detergent Booster, Natural Fresh Lemon Scent, 24oz", "tags": "Dishwasher Detergent Dawn Dish Soap Best Stain Remover Cascade Detergents Booster", "relevancy_score": 5859.744249795918, "price": "$8.28"}, {"title": "Shark Cordless Pet Perfect Handheld Vacuum - Blue and Charcoal", "tags": "Black+Decker Handheld Vacuums Best Cordless Shark Car Pet", "relevancy_score": 2039.914343478261, "price": "$39.00"}, {"title": "Hoover Pet Stain & Odor with Stainguard Carpet Cleaner Solution, 64Oz, AH30921", "tags": "Carpet Cleaners Hoover Vacuums Bissell Pet Vacuum Parts Steam Cleaner Solutions", "relevancy_score": 1385.732453846154, "price": "$15.94"}, {"title": "Hoover Revive & Renew Carpet Cleaner Solution, 128Oz, AH30930", "tags": "Carpet Cleaners Hoover Vacuums Pet Vacuum Parts on Promo Steam Cleaner Solutions", "relevancy_score": 204.98696216216214, "price": "$18.94"}, {"title": "Hamilton Beach Hand Mixer Stainless Steel, 300 Watts, Model 62649", "tags": "Shop All Hand Mixers & Attachments Dorm Appliances KitchenAid Immersion Blenders Kitchenaid Cuisinart", "relevancy_score": 389.6058526315789, "price": "$25.84"}, {"title": "Cascade Platinum Dishwasher Rinse Aid, 8.45 Fluid Ounces", "tags": "Dishwasher Detergent & Garbage Disposal Cleaners Booster Plant Based Household Essentials All Seventh Generation Great Value Dish Additives", "relevancy_score": 1930.0658131004366, "price": "$4.24"}, {"title": "Coghlan's Chrome-Plated Steel Extendable Telescoping Roasting Fork", "tags": "Camping Stoves Cookware Camp Cooking Accessories Dinnerware Fire Starters Coleman Kitchen Ozark Trail All", "relevancy_score": 366.55333211009173, "price": "$3.77"}, {"title": "Seventh Generation Dishwasher Detergent Packs Fragrance Free, 45 count", "tags": "Cascade Dishwasher Detergents All Disinfectant Wipes Plant Based Household Essentials Seventh Generation Dish Soap Great Value Additives Laundry Care", "relevancy_score": 2204.1045283018866, "price": "$13.19"}, {"title": "Resolve Ultra Pet Stain & Odor Remover, 32oz, Discourages Resoiling", "tags": "Steam Cleaners Carpet Vacuum Bags Rug Doctor Pet Vacuums Shark Filters Cleaner Solutions", "relevancy_score": 246.57822168674699, "price": "$7.97"}, {"title": "Swiffer Sweeper Dry Pad Refill, Lavender Scent, 52 Ct", "tags": "All Cleaning Wipes Swiffer Quick Clean - Mopping and Dusting Disinfectant Mops Lysol", "relevancy_score": 1112.4691616236162, "price": "$11.97"}, {"title": "Finish Quantum 12ct with Activblu Technology, Dishwasher Detergent Tabs, Ultimate Clean and Shine", "tags": "Surface Care & Protection Laundry Detergents Cascade Dishwasher Plant Based Household Essentials All Seventh Generation Dish Soap Great Value Additives", "relevancy_score": 41749.73615412926, "price": "$3.77"}, {"title": "Lemi Shine Dishwasher Pods, Natural Lemon Scent, 60ct", "tags": "Cascade Dishwasher Detergents Detergent Booster Plant Based Household Essentials All Seventh Generation Dish Soap Great Value Additives", "relevancy_score": 11481.299107326733, "price": "$14.99"}, {"title": "CLR Fresh & Clean Garbage Disposal Cleaner Foaming Pods, 5ct, Fresh Scent", "tags": "Drain & Septic Care Bathroom Cleaners All-Purpose Dishwasher Detergent Toilet Bowl Kitchen Dish Additives", "relevancy_score": 250.6842382022472, "price": "$5.99"}, {"title": "Shark VACMOP\u2122 Multi-Surface Cleaner Refill 2L bottle", "tags": "Steam Cleaners Shark Dorm Floorcare Vacuums Mops Vacuum Essentials Hard Floor", "relevancy_score": 398.8255931034482, "price": "$9.98"}, {"title": "Melitta #4 White Cone Coffee Filters, 100 Ct", "tags": "Ground Coffee Bunn Filters Folgers Cold Weather Beverages & Pods All Melitta Reusable", "relevancy_score": 543.9506344827586, "price": "$4.73"}, {"title": "Melitta 8-12 Cup White Basket Coffee Filters, 600 ct Bag", "tags": "Ground Coffee Bunn Filters Folgers Cold Weather Beverages & Pods All Melitta Reusable", "relevancy_score": 396.7854071428571, "price": "$10.46"}, {"title": "Lemi Shine Dishwasher Cleaner With Natural Citric Extracts, 4ct", "tags": "All Cleaning Wipes Dishwasher & Garbage Disposal Cleaners Cascade Detergents Seventh Generation Dish Additives Washer Cleaner", "relevancy_score": 8153.779901575231, "price": "$7.21"}, {"title": "Swiffer Sweeper Heavy Duty Wet Pad Refills, Gain Original, 10 Ct", "tags": "Surface Care & Protection Swiffer Quick Clean - Mopping and Dusting All Disinfectant Wipes Mops Great Value Dusters", "relevancy_score": 503.6920894736841, "price": "$4.47"}, {"title": "\"Brew Rite #2 Cone Coffee Filters, 100 Count\"", "tags": "Ground Coffee Bunn Filters All Fresh Fruit Dunkin' Cold Weather Beverages & Pods Melitta Reusable", "relevancy_score": 247.53939259259258, "price": "$2.94"}, {"title": "Brew Rite 8-12 Cup Basket Style Coffee Filters, 100 Ct", "tags": "Bunn Coffee Filters Folgers Ground Colombian Cold Weather Beverages Fueling & Pods All Melitta", "relevancy_score": 117.13368888888888, "price": "$1.00"}, {"title": "Brew Rite Natural 8-12 Cup Coffee Filters, 100 Count", "tags": "Ground Coffee Bunn Filters Folgers & Pods All Melitta Reusable", "relevancy_score": 47.0877, "price": "$10.98"}, {"title": "Melitta #4 Bamboo Cone Coffee Filters, 80 ct. Box", "tags": "Decaf Ground Coffee All Seattle's Best Nespresso OriginalLine Pods & Capsules Melitta Filters Reusable", "relevancy_score": 79.91332173913044, "price": "$3.21"}, {"title": "Hamilton Beach 7 Quart Stay or Go Programmable Slow Cooker with Party Dipper #33478", "tags": "Instant Pot Crock-Pot Dorm Appliances Small kitchen ideas Big Game Bundles Shop All Slow Cookers all", "relevancy_score": 1145.9726901098902, "price": "$52.99"}, {"title": "BISSELL Proheat Advanced Full-Size Carpet Cleaner Carpet Washer, 1846", "tags": "Bissell Pet Vacuums Hoover Dorm Floorcare Vacuum Essentials on Promo Steam Carpet Cleaners", "relevancy_score": 4029.0156819875774, "price": "$138.00"}, {"title": "Bodum Bean 12 Cup Cold Brew Black Iced Coffee Maker", "tags": "Coffee Prep French Presses Small kitchen ideas Pour Overs Makers Beer Glasses Dorm Bath Essentials Dining & Hydration", "relevancy_score": 354.14224444444443, "price": "$12.88"}, {"title": "Brew & Save Reusable Coffee Filter for Keurig 1.0 and 2.0 Brewers, Purple", "tags": "Single-Serve Cups & Pods Arabica Coffee Paper Filters Cold Weather Beverages Cappuccino Keurig K-Cups Gaming Snacks Drinks", "relevancy_score": 939.8673777777777, "price": "$5.10"}, {"title": "Hamilton Beach FlexBrew 2-Way Coffee Maker, Single Serve and Full Coffee Pot, Compatible with Single Serve Pods or Ground Coffee, Programmable, Model 49954", "tags": "Cuisinart Coffee Makers Single Serve Keurig Dorm Appliances Small kitchen ideas Room Essentials Espresso Machines", "relevancy_score": 2181.2181368983956, "price": "$99.00"}, {"title": "Frigidaire 3.2 Cu Ft Retro Dry Erase Compact Refrigerator, (EFR331-BLACK), Black", "tags": "Retro Mini Fridges with Freezers All & Compact Refrigerators Dorm Appliances Small kitchen ideas Shop Refrigerator Brands Dining Essentials Garage Fridge", "relevancy_score": 1504.0285185185185, "price": "$119.97"}, {"title": "KitchenAid Blade Onyx Black Coffee Grinder", "tags": "Coffee Prep Burr Grinders Dorm Appliances Krups KitchenAid Kitchenaid Mixers", "relevancy_score": 1045.291208450704, "price": "$29.99"}, {"title": "Hoover Pet Plus Carpet Cleaner Solution, 32Oz, AH30325NF", "tags": "All Dog Grooming Nature's Miracle Pet Stain & Odor Remover Pets Spring Essentials Cat Out! Supplies", "relevancy_score": 398.00585263157893, "price": "$10.99"}, {"title": "Hamilton Beach 7 Quart Stay or Go Programmable Slow Cooker with Party Dipper, Stainless Steel | Model# 33477", "tags": "Kitchen Appliances Crock-Pot Express Dorm Small kitchen ideas Big Game Shop All Slow Cookers Room Essentials", "relevancy_score": 790.8779958762885, "price": "$49.99"}, {"title": "Tineco A10 Spartan Cordless Vacuum", "tags": "Best Cordless Vacuums Stick Handheld Vacuum Cleaners Shark Steam Mops", "relevancy_score": 746.1814461538462, "price": "$159.99"}, {"title": "BLACK+DECKER Cordless Lithium Hand Vacuum (Slate Blue), HLVA315J62", "tags": "Black+Decker Handheld Vacuums Best Cordless Dustbusters Car", "relevancy_score": 1337.799929032258, "price": "$39.88"}, {"title": "Dirt Devil Power Max Rewind Pet Bagless Upright Vacuum, UD70187", "tags": "Vacuum Cleaners Dorm Floorcare Bissell Vacuums Upright Pet Essentials Dirt Devil", "relevancy_score": 2868.175834852547, "price": "$79.00"}, {"title": "BLACK+DECKER 12-Cup Coffeemaker, Programmable, Exclusive Vortex Technology, Black/Stainless Steel , CM1331BS", "tags": "Cuisinart Coffee Makers Single Serve Keurig Dorm Appliances Small kitchen ideas Room Essentials Hamilton Beach Mr.", "relevancy_score": 1147.9007172413794, "price": "$34.96"}, {"title": "Emeril Lagasse Pressure AirFryer Plus 6QT", "tags": "Instant Pot Ninja Foodi Pressure Cookers & Canners Shop All Air Fryers all Fryer Pots", "relevancy_score": 993.8389411764707, "price": "$58.67"}, {"title": "Shark Washable Microfiber Cleaning Pad, 1.0 CT", "tags": "Steam Cleaners Shark Best Dorm Floorcare Bissell Vacuums Mops Vacuum Essentials", "relevancy_score": 170.15914782608695, "price": "$9.96"}, {"title": "Greenco Stackable Refrigerator and Freezer Wide Storage Bin With Handles, 14.8\" x 8.3\"x 3.75\", Clear", "tags": "Shop All Refrigerator Storage Food Containers Plastic Bins & Baskets Kitchen Drawer Organizers Meal Prep", "relevancy_score": 149.34273846153846, "price": "$8.11"}, {"title": "Hamilton Beach 45 Cup Coffee Urn Model 40515R", "tags": "Coffee Percolators Electric Kettles & Espresso Parts and Accessories Airpots Makers Water Boilers Beverage Dispensers", "relevancy_score": 93.74032, "price": "$49.99"}, {"title": "Range Kleen Full-size Oven Liner", "tags": "Baking Mats Burner Covers Specialty Appliance Parts & Accessories Drip Pans Trim Rings Oven Racks Toaster Ovens Counter Drying", "relevancy_score": 417.26309999999995, "price": "$8.88"}, {"title": "Hefty SHRINK PAK 2 XL Vacuum Storage Bags", "tags": "Food Savers & Accessories Teens' Closet Storage Under Bed Baskets and Bins Clothes Protectors Shop All Hefty Vacuum Bags Portable Closets", "relevancy_score": 182.9124338028169, "price": "$10.88"}, {"title": "The Pioneer Woman Frontier Rose 7-Quart Programmable Slow Cooker", "tags": "Shop All The Pioneer Woman Crock-Pot Hamilton Beach Slow Cookers Food Prep Dishes Tools and Gadgets", "relevancy_score": 541.0087096774193, "price": "$44.99"}, {"title": "Hoover CleanPlus 2X Concentrated Carpet Cleaner Solution and Deodorizer, 64Oz, AH30330NF", "tags": "Carpet Cleaners Hoover Vacuums Pet Vacuum Parts on Promo Steam Cleaner Solutions", "relevancy_score": 762.6814461538461, "price": "$18.99"}, {"title": "BISSELL SpotClean ProHeat Pet Portable Carpet Cleaner, 2513W", "tags": "Carpet Cleaners Vacuum Bissell Vacuums Portable Dorm Essentials Spot Steam", "relevancy_score": 2821.151830487805, "price": "$119.00"}, {"title": "Hamilton Beach Black Countertop Oven with Convection & Rotisserie, Model# 31101D", "tags": "Instant Pot Convection Toaster Ovens Shop All Small kitchen ideas Big Game Black + Decker Cuisinart", "relevancy_score": 1522.0027360000001, "price": "$69.00"}, {"title": "Cuisinart Deluxe Can Opener, Black", "tags": "Shop All Toasters Black+Decker Stick Vacuums Can Openers Cuisinart Manual 2 Slice", "relevancy_score": 4041.5039788526437, "price": "$19.95"}, {"title": "Presto 05411 GranPappy Electric Deep Fryer", "tags": "Electric Skillets Pressure Cookers & Canners Fryer Parts Accessories Griddles Shop All Rice Pots", "relevancy_score": 2001.563934065934, "price": "$39.99"}, {"title": "Seal-a-Meal Vacuum Food Sealer by FoodSaver", "tags": "Vacuum Bags Lunch Boxes Shop All & Sealers FoodSaver", "relevancy_score": 1732.0682805194806, "price": "$44.94"}, {"title": "As Seen On TV Veggetti Spiral Vegetable Cutter", "tags": "Chopping & Slicing Food Peelers Processors Mandolines Slicers Cool Kitchen Gadgets Choppers", "relevancy_score": 385.47208925619833, "price": "$9.97"}, {"title": "Frigidaire 3.2 Cu. Ft. Single Door Retro Compact Refrigerator EFR372, Red", "tags": "Mini Fridges with Freezers One Door All & Compact Refrigerators Dorm Appliances Frigidaire Freezerless Shop Refrigerator Brands Dining Essentials", "relevancy_score": 360.2158086956522, "price": "$179.00"}, {"title": "Aroma 20 Cup Dishwasher Safe Rice Cooker & Steamer, 4 Piece", "tags": "Kitchen Appliances Yankee Candle Black + Decker Rice Cookers Fall Indoor Decor Small kitchen ideas Shop All Candles", "relevancy_score": 786.8601936651582, "price": "$24.94"}, {"title": "Farberware Hands-Free Battery-Operated Black Can Opener in Red", "tags": "KitchenAid Utensils & Gadgets Black+Decker Stick Vacuums Farberware Tools and Can Openers Bar Bottle Manual", "relevancy_score": 1127.4789367521369, "price": "$19.97"}, {"title": "Presto PopLite Hot Air Popcorn Popper", "tags": "Kitchen Appliances Countertop Popcorn Machines Shop All Food Storage Containers Bakeware Sets Nostalgia Makers Fall Decor Meal Prep", "relevancy_score": 7193.872360096154, "price": "$22.90"}, {"title": "Nostalgia LPF150 Lighted Party Fountain", "tags": "Food Warmers Cotton Candy Machines Kitchen Wedding Registry More Specialty Appliances Beverage Dispensers Frozen Drink Makers", "relevancy_score": 368.1539596638655, "price": "$35.10"}, {"title": "Febreze Spring & Renewal Scent BISSELL Style 1214 Vacuum Filter, 1 Pack, 12143", "tags": "Bissell Pet Vacuums Vacuum Cleaners Dorm Floorcare Upright Essentials", "relevancy_score": 394.73521025641026, "price": "$11.98"}, {"title": "Presto 07030 Cool-Touch Electric Griddle", "tags": "Specialty Cookware Best Indoor Grills Dorm Storage Electric Skillets Griddles & Grill Pans Pots Panini Presses", "relevancy_score": 694.8006620689655, "price": "$26.94"}, {"title": "Mr. Coffee Automatic Silver Burr Mill Grinder with 18 Custom Grinds", "tags": "Burr Coffee Grinders Dorm Appliances KitchenAid Krups Espresso Machines", "relevancy_score": 2398.7481229813666, "price": "$39.99"}, {"title": "Instant Pot Official 8-Piece Cook/Bake Set: 2 Pans, 2 Wire Racks, 2 Red Silicone Lids, 1 Removable Divider, and Removable Base", "tags": "Instant Pot Pressure Cookers Non-Stick Cookware & Canners Steamer Baskets Shop All Slow all", "relevancy_score": 185.9556831168831, "price": "$24.99"}, {"title": "Oster DiamondForce 12-Inch x 16-Inch Nonstick Electric\u00a0Skillet with Hinged Lid", "tags": "Hamilton Beach Ninja Farberware BLACK+DECKER WoodWick Copper Chef Zwilling Cuisinart", "relevancy_score": 435.6981870967742, "price": "$39.92"}, {"title": "Range Kleen Range Accessories 6 in. 3-Small and 8 in. 2-Large Drip Bowl Plated (5-Pack) 12565X", "tags": "Baking Mats Horizontal Blinds Burner Covers Specialty Appliance Parts & Accessories Heating Elements Burners Shop All Oven Range", "relevancy_score": 704.5745098445595, "price": "$12.88"}, {"title": "RCA 0.7 Cu. Ft. Microwave Oven, Black", "tags": "Kitchen Appliances Magic Chef Microwaves Small Stainless Steel Dorm Hamilton Beach Sharp Red", "relevancy_score": 2231.0336219633946, "price": "$54.99"}, {"title": "Dirt Devil Power Max XL Bagless Upright Vacuum Cleaner", "tags": "Bissell Pet Vacuums Vacuum Cleaners Dorm Floorcare Upright Essentials", "relevancy_score": 2833.1695166666664, "price": "$69.00"}, {"title": "Ninja\u00ae Professional Plus Blender DUO\u00ae with Auto-iQ\u00ae BN750", "tags": "", "relevancy_score": 257.7393925925926, "price": "$99.00"}, {"title": "Range Kleen Chrome Drip Pans, 2 Count", "tags": "Baking Mats Burner Covers Specialty Appliance Parts & Accessories Heating Elements Oven Racks Burners Shop All Range", "relevancy_score": 132.411062295082, "price": "$6.36"}, {"title": "Farberware Soft Grips Can Opener in Black with Red Accents", "tags": "KitchenAid Utensils & Gadgets Cooking Electric Can Openers Farberware Tools and Food Prep Manual Kitchen Utensil Sets", "relevancy_score": 194.6774153846154, "price": "$9.97"}, {"title": "Dirt Devil Versa Clean Corded 2-in-1 Stick Vacuum, SD20010", "tags": "Stick Vacuums Best Vacuum Cleaners Dirt Devil Bissell Upright", "relevancy_score": 843.80695, "price": "$22.70"}, {"title": "Finish Max in 1 Concentrated Gel, Dishwasher Detergent, Lemon Degreaser, 26oz", "tags": "Dishwasher & Garbage Disposal Cleaners Cascade Detergents Love Home and Planet Plant Based Household Essentials All Seventh Generation Dish Soap Great Value Additives", "relevancy_score": 130.90038620689654, "price": "$9.99"}, {"title": "Dirt Devil Scorpion Plus Corded Handheld Vacuum Cleaner, SD30025B", "tags": "Black+Decker Handheld Vacuums Best Cordless Car Dirt Devil", "relevancy_score": 1174.3098405405406, "price": "$26.99"}, {"title": "Presto 6-Quart Stainless Steel Pressure Cooker 01362", "tags": "Specialty Cookware Shop All T-fal Induction Pressure Cookers & Canners Stainless Steel Pots", "relevancy_score": 2424.6113064220185, "price": "$49.90"}, {"title": "K-Cup Coffee Maker, Single Serve Coffee Brewers with Permanent Filter, 6-14OZ Reservoir One-Touch Button Coffee Machines, Red", "tags": "Kitchen Appliances Cuisinart Coffee Makers Keurig Single Serve Dorm Small kitchen ideas Room Essentials Hamilton Beach", "relevancy_score": 135.4313294117647, "price": "$34.99"}, {"title": "Hoover Revive & Renew Carpet Cleaner Solution, 64Oz, AH30926", "tags": "Carpet Cleaners Hoover Vacuums Pet Vacuum Parts on Promo Steam Cleaner Solutions", "relevancy_score": 100.49150588235294, "price": "$14.94"}, {"title": "Pack of 8 Oreck XL Type CC Vacuum Cleaner Bags CCPK8DW", "tags": "Steam Cleaners Vacuum Filters Bags Hoover Parts Kenmore Accessories Shark Carpet Cleaner Solutions", "relevancy_score": 58.843085714285706, "price": "$16.89"}, {"title": "(2 Pack) Arm & Hammer Pet Fresh Carpet Odor Eliminator, 42.6 oz", "tags": "Vacuum Cleaners Dorm Floorcare Bissell Vacuums Upright Pet Essentials Room", "relevancy_score": 25.621542857142856, "price": "$3.76"}, {"title": "Finish Quantum, 58 ct, Dishwasher Detergent Tabs, Ultimate Clean and Shine", "tags": "Surface Care & Protection Cascade Dishwasher Detergents All Bathroom Air Fresheners Plant Based Household Essentials Odor Eliminating Candles Mrs. Meyer's Dish Additives", "relevancy_score": 41749.73615412926, "price": "$19.08"}, {"title": "Shark VACMOP\u2122 Hardwood Cleaner Refill 2L bottle", "tags": "Steam Cleaners Shark Best Dorm Floorcare Vacuums Mops Hard Floor", "relevancy_score": 295.71647032967036, "price": "$9.98"}, {"title": "Nostalgia ICESHVR2RED Electric Snow Cone Maker, Red", "tags": "Cotton Candy Machines Shop All Popcorn Nostalgia Makers Ice Cream More Specialty Appliances Frozen Drink", "relevancy_score": 885.8761672727272, "price": "$28.24"}, {"title": "Shark\u00ae Rocket\u00ae Pet Corded Stick Vacuum with Self-Cleaning Brushroll, ZS350", "tags": "Stick Vacuums Best Vacuum Cleaners Dorm Floorcare Shark Steam Mops Pet", "relevancy_score": 1218.3242509803922, "price": "$159.00"}, {"title": "Hamilton Beach 7 Quart Countertop Programmable Slow Cooker | Model# 33473", "tags": "Instant Pot Crock-Pot Express Pressure Cookers Big Game The Pioneer Woman Crock Pots Shop All Slow New Arrivals", "relevancy_score": 954.2202146341465, "price": "$28.20"}, {"title": "Bissell Pet Spotlifter for Upholstery and Carpet, 12 oz., 93521", "tags": "Carpet Cleaners Bissell Pet Vacuums Portable Steam Cleaner Solutions", "relevancy_score": 320.43237575757576, "price": "$16.41"}, {"title": "Woolite InstaClean with Oxy Pet Stain Destroyers, 18 oz", "tags": "All-Purpose Cleaners Pet Carpet Cleaning Refills Floor Cleaner Sprays Resolve Furniture Care", "relevancy_score": 417.28093114754097, "price": "$5.42"}, {"title": "Keurig K-Mini Plus Single Serve K-Cup Pod Coffee Maker, Black", "tags": "Kitchen Appliances Single Serve Coffee Makers Dorm Small kitchen ideas Room Essentials Espresso Machines Hamilton Beach", "relevancy_score": 4360.234156568365, "price": "$99.99"}, {"title": "SodaStream Fountain Sparkling Water Maker (Grey) with CO2 and BPA free Bottle", "tags": "Specialty Appliance Parts & Accessories Dorm Appliances Coffee Makers Soda Machines Room Essentials SodaStream Bottles KitchenAid", "relevancy_score": 1071.9113252525253, "price": "$49.88"}, {"title": "George Foreman 15+ Serving Indoor/Outdoor Electric Grill, Gun Metal, GFO240GM", "tags": "Smokeless Indoor Grills Best Small kitchen ideas George Foreman Electric Griddles Dorm Dining Essentials Hot Dog Warmers Panini Presses", "relevancy_score": 6301.65750192995, "price": "$74.99"}, {"title": "Frigidaire Retro 3.2 Cu Ft Two Door Mini Fridge with Freezer, Red", "tags": "Mini Fridges with Freezers All & Compact Refrigerators Dorm Appliances Frigidaire Small kitchen ideas Shop Refrigerator Brands Dining Essentials Garage Fridge", "relevancy_score": 1171.945445962733, "price": "$169.99"}, {"title": "Crock-Pot The Original Slow Cooker, 5-Quart, Stainless Steel (SCR500-SP)", "tags": "Crock-Pot Express Pressure Cookers Hamilton Beach Slow Small kitchen ideas Big Game Toaster & Ovens Parts Accessories Shop All Pots", "relevancy_score": 791.2140975609756, "price": "$27.52"}, {"title": "Armor All 12V Wet/Dry Bagless Car Vacuum, AA12V1 0902", "tags": "Black+Decker Handheld Vacuums Best Cordless Dorm Floorcare Dustbusters Car", "relevancy_score": 173.31522352941175, "price": "$22.88"}, {"title": "BLACK+DECKER 12-Cup* Replacement Carafe, Glass, GC3000B-T", "tags": "Other Cooking Appliances Kitchen Coffee Prep Makers Decanters & Carafes Bar Serveware Storage Krups", "relevancy_score": 1318.8036617021276, "price": "$11.96"}, {"title": "Kenmore BC4026 Bagged Canister Vacuum, Blue", "tags": "Best Cordless Vacuums Vacuum Cleaners Dorm Floorcare Bissell Canister Kenmore Canisters Accessories", "relevancy_score": 478.6049739130435, "price": "$279.99"}, {"title": "Chefman 1.7 Liter Electric Glass Tea Kettle with One Touch Easy Operation", "tags": "Sandwich Makers & Panini Press Food Warmers Dorm Appliances Small kitchen ideas Egg Cookers Immersion Blenders Indoor Grills", "relevancy_score": 79.77369361702127, "price": "$24.99"}, {"title": "Resolve Ultra for Pet Messes, 3X Concentrated Machine Formula, 48oz", "tags": "Bathroom Cleaners All-Purpose Pet Carpet Upholstery and Leather Care Toilet Bowl Floor Cleaner Sprays All Great Value", "relevancy_score": 27.725133333333332, "price": "$19.97"}, {"title": "Deflecto\u00ae 4\" Worm Drive Clamps, 2 Pk", "tags": "Decorative Night Lights Dryer Lint Screens LED Shop All Replacement Vents Range Hood Filters Dishwasher Hoses", "relevancy_score": 74.95026666666666, "price": "$2.47"}, {"title": "FoodSaver FM2000 Vacuum Sealer Starter System with Bags", "tags": "Food Savers & Accessories Lunch Boxes Shop All Bags Rubbermaid Storage Dorm Dining Essentials FoodSaver Vacuum Sealers", "relevancy_score": 3362.0970614840985, "price": "$89.00"}, {"title": "Brentwood SM-1153 5-Speed + Turbo Stand Mixer, Black", "tags": "Shop All Hand Mixers KitchenAid Mixer Attachments & Stand Kitchenaid Hamilton Beach", "relevancy_score": 244.53237575757575, "price": "$31.99"}, {"title": "BLACK+DECKER 32oz Citrus Juicer with Self-reversing Cone, White, CJ650W", "tags": "Summer Entertaining-Kitchen Appliances Kitchen Lemon Squeezer Orange Juicers Personal Blenders Hamilton Beach Fruit & Vegetable Tools Jack Lalanne", "relevancy_score": 1110.8778869565217, "price": "$19.96"}, {"title": "RCA 4.5 Cu Ft Single Door Mini Fridge RFR464, Black", "tags": "Galanz Refrigerators Mini Fridges with Freezers Dorm Appliances Small kitchen ideas Freezerless Shop All Refrigerator Brands Garage Fridge Two Door", "relevancy_score": 696.5949005025126, "price": "$159.00"}, {"title": "Instant Pot Official Silicone Steamer Basket in Green", "tags": "Specialty Cookware Instant Pot Pressure Cookers & Canners Steamer Baskets Egg Tools Stainless Steel Shop all", "relevancy_score": 138.43852881355934, "price": "$10.26"}, {"title": "Gourmia Whole Fruit Extraction Juicer with Self Clean", "tags": "Summer Entertaining-Kitchen Appliances Omega Juicers Lemon Squeezer Orange Hamilton Beach Fruit & Vegetable Tools Jack Lalanne", "relevancy_score": 185.75914782608697, "price": "$64.92"}, {"title": "Melitta #2 Bamboo Cone Coffee Filters, 80 ct. Box", "tags": "Ground Coffee Bunn Filters Folgers & Pods All Melitta Reusable", "relevancy_score": 51.0877, "price": "$5.08"}, {"title": "Medelco Glass 12 Cup Traditional Style Universal Replacement Coffee Carafe", "tags": "Other Cooking Appliances Kitchen Coffee Prep Baking Dishes & Espresso Parts and Accessories Krups Saucepans Martini Glasses", "relevancy_score": 242.34731612903224, "price": "$8.38"}, {"title": "Hoover Linx Rechargeable Stick Vacuum Cleaner, BH50010", "tags": "Hoover Vacuums Best Cordless Stick Shark Dorm Vacuum Essentials on Promo", "relevancy_score": 10894.297524897958, "price": "$139.99"}, {"title": "Alpine 469-Red Triple Brush Floor And Carpet Sweeper", "tags": "Stick Vacuums Steam Cleaners Shark Sweepers Bissell Dorm Vacuum Essentials Hard Floor Mops Best", "relevancy_score": 390.22559310344826, "price": "$19.95"}, {"title": "FoodSaver Cordless Handheld Food Vacuum Sealer", "tags": "Food Savers & Accessories Vacuum Bags Lunch Boxes Shop All Sealers", "relevancy_score": 971.3389411764706, "price": "$24.98"}, {"title": "RCA 1.6 cu ft Portable Washer RPW160, White", "tags": "Portable Washing Machines Shop All Washer & Dryer Parts Magic Chef Washers Compact Full-Size Dryers Dishwashers", "relevancy_score": 683.1296729281768, "price": "$257.49"}, {"title": "Nostalgia CFF970 3-Tier Stainless Steel Chocolate Fondue Fountain, 1.5-Pound Capacity", "tags": "Fondue Pots Cotton Candy Machines Grill Skewers More Specialty Appliances Shop All Fall Decor Tools & Sets", "relevancy_score": 1451.833223357664, "price": "$27.99"}, {"title": "BISSELL EasySweep Compact Manual Carpet Sweeper, 2484", "tags": "Stick Vacuums Sweepers Best Vacuum Cleaners Dorm Floorcare Bissell Essentials", "relevancy_score": 452.79807007299274, "price": "$19.99"}, {"title": "Presto DualDaddy\u00ae electric deep fryer 05450", "tags": "Pressure Cookers & Canners Fryer Parts Accessories Electric Griddles Shop All Rice Pots Indoor Grills", "relevancy_score": 1301.1324538461536, "price": "$39.90"}, {"title": "Febreze Hoover Style Y Z Premium Allergen Filtration Vacuum Bags, 3-Pack, 2511", "tags": "Vacuum Accessories Filters Bags Hoover Vacuums Pet Steam Carpet Cleaners Cleaner Solutions", "relevancy_score": 10.271925, "price": "$7.88"}, {"title": "The Pioneer Woman Instant Pot DUO60 6-Quart Frontier Rose 7-In-1 Multi-Use Programmable Pressure Cooker, Slow Cooker, Rice Cooker, Saut\u00e9, Steamer, Yogurt Maker, and Warmer", "tags": "The Pioneer Woman Cookware Instant Pot Shop All Pressure Cookers all Pots & Pans", "relevancy_score": 6598.359715561759, "price": "$89.00"}, {"title": "Range Kleen 2-Pack Porcelain Drip Pan Set, Black", "tags": "Baking Mats Burner Covers Specialty Appliance Parts & Accessories Drip Pans Trim Rings Heating Elements Burners Replacement Knobs", "relevancy_score": 71.83155000000001, "price": "$10.88"}, {"title": "Paxcess Steam Mop, Powerful Floor Steamer, Tile Cleaner and Hard Wood Floor Cleaner", "tags": "Shark Steam Cleaners Best Bissell Dorm Floorcare Mops Vacuum Essentials Hard Floor", "relevancy_score": 244.7320608695652, "price": "$59.99"}, {"title": "Rug Doctor Pet Deep Cleaner; Non-Toxic Concentrated Carpet Cleaning Solution with Fresh Daybreak Scent; Powerful Pro-Enzymic Formula Eliminates Pet Odors and Stains and Prevents Remarking; 48 OZ.", "tags": "Bathroom Cleaners Pet Carpet Upholstery and Leather Care Toilet Bowl Quick Shine Floor Resolve Cleaner All Great Value", "relevancy_score": 19.71185882352941, "price": "$23.49"}, {"title": "Car Vacuum Cleaner,High Power Wet & Dry Handheld Auto Vacuum Cleaner with 3 different attachments", "tags": "Black+Decker Handheld Vacuums Best Cordless Dorm Floorcare Dustbusters", "relevancy_score": 61.111062295081965, "price": "$19.35"}, {"title": "Bissell Pet Oxy Boost Carpet Cleaning Formula Enhancer, 16 oz., 1613", "tags": "All-Purpose Cleaners Upholstery and Leather Care Cleaning Refills Floor Cleaner Sprays Resolve Carpet Furniture All Great Value", "relevancy_score": 826.2140975609756, "price": "$5.97"}, {"title": "Hamilton Beach Top Mount 8 Cup Food Processor | Model #70740", "tags": "Chopping & Slicing Cuisinart Food Processors Hamilton Beach Mini Choppers KitchenAid Electric", "relevancy_score": 1651.021193939394, "price": "$39.99"}, {"title": "Hamilton Beach Iron And Steamer | Model# 14525", "tags": "Dorm Bath & Laundry Appliances Conair Clothes Irons Professional Garment Steamers Black+Decker Rowenta Travel", "relevancy_score": 487.268881081081, "price": "$19.44"}, {"title": "Universal Cloth Dryer Exhaust Filter for Panda/Magic Chef/Avant", "tags": "Magic Chef Dryers All Washing Machines Dryer Lint Screens Washers Replacement Vents Compact", "relevancy_score": 214.2333789473684, "price": "$8.95"}, {"title": "Shark\u00ae Rotator\u00ae Lift-Away\u00ae DuoClean\u00ae Pro with Self-Cleaning Brushroll Upright Vacuum", "tags": "Best Vacuum Cleaners Cordless Vacuums Dorm Floorcare Shark Essentials Steam Mops Upright", "relevancy_score": 1121.9007172413794, "price": "$239.00"}, {"title": "Black & Decker Extra Lift 4-Slice Black Toaster", "tags": "4 Slice Toasters Black + Decker Hamilton Beach Dorm Appliances Cuisinart Oster KitchenAid 2", "relevancy_score": 919.7136641975309, "price": "$32.99"}, {"title": "Shark\u00ae Rotator\u00ae Powered Lift-Away\u00ae Speed with Self-Cleaning Brushroll Upright Vacuum", "tags": "Refurbished Vacuums Canister Vacuum Cleaners Dorm Floorcare Shark Cordless Essentials Steam Mops", "relevancy_score": 294.3320608695652, "price": "$199.00"}, {"title": "Homeries Fridge Organizer Storage Bins (Pack of 4) \u2013 Stackable Freezer & Refrigerator Organizer Container for Kitchen, Pantry, Drawer, Cabinets, Countertops \u2013 BPA Free \u2013 Multipurpose & Space Saving", "tags": "Drawers & Cabinet Organizers Shop All Refrigerator Storage Samsung Shelves Frigidaire Accessories Whirlpool", "relevancy_score": 21.725133333333332, "price": "$24.99"}, {"title": "Presto 16-inch Ceramic Electric Skillet with glass cover 06856", "tags": "Specialty Cookware Microwave Parts Pressure Cookers & Canners Fryer Accessories Electric Griddles Pots Indoor Grills", "relevancy_score": 520.4184857142857, "price": "$44.99"}, {"title": "(24) Premium Replacement Charcoal Water Filter Disks for All Mr. Coffee Machines, Replaces Filter Disc, 24 Pack", "tags": "Teens' Lamps & Lighting Samsung Filtered Water Bottles Refrigerator Filters Coffee Espresso Parts and Accessories Frigidaire Brita", "relevancy_score": 584.2864026490066, "price": "$13.99"}, {"title": "Eufy RoboVac 15T Robot Vacuum", "tags": "Vacuum Cleaners Dorm Floorcare Ecovacs Robot Vacuums Roomba by iRobot Shark Pet Essentials Steam Mops", "relevancy_score": 292.7473161290322, "price": "$199.99"}, {"title": "Dyson V6 Motorhead Cordless Vacuum | Refurbished", "tags": "Refurbished Vacuums Dyson Handheld Best Cordless Stick", "relevancy_score": 57.51332173913043, "price": "$179.99"}, {"title": "Rosewill Electric Food Steamer 9.5 Quart, Vegetable Steamer and Rice Cooker with BPA Free 3 Tier Stackable Baskets and Egg Holders RHST-15001", "tags": "Induction Cookware Soup & Stockpots Steamer Baskets Tramontina Stainless Steel Shop All Rice Cookers Aroma", "relevancy_score": 126.26090526315788, "price": "$24.99"}, {"title": "Scotch-Brite Surface Preparation Pad, 20\" Diameter, Maroon, 10/Carton", "tags": "Boardwalk AcuRite All Agriculture Telescopes Eco-Friendly Paper Towels Commercial Vacuum & Floor Cleaning Machines", "relevancy_score": 0.0, "price": "$16.98"}, {"title": "Nesco FD-28JX Jerky Xpress Food Dehydrator", "tags": "Specialty Cookware Summer Entertaining-Kitchen Appliances Shop All Electric Meat Tools Rice Cookers Aroma Slicers", "relevancy_score": 250.31522352941175, "price": "$39.99"}, {"title": "Seventh Generation Dishwasher Detergent Gel, Lemon, 70 fl oz", "tags": "Clean Living Household Cleaners All Stock up on Cleaning Supplies Laundry Care Plant Based Products Room Hand Soaps", "relevancy_score": 1104.3038000000001, "price": "$9.93"}, {"title": "Bissell 3-in-1 Stick Vac Dirt Container Filter 203-7423 - Pack of 3", "tags": "Stick Vacuums Vacuum Filters Best Cleaners Bissell Dorm Essentials Shark Dirt Devil", "relevancy_score": 428.50870967741935, "price": "$9.10"}, {"title": "Full-Automatic Laundry Wash Machine Washer/Spinner W/Drain Pump", "tags": "Magic Chef Dryers All Washing Machines Washer Dryer Combos Compact Full-Size", "relevancy_score": 695.9674282722513, "price": "$199.99"}, {"title": "Camco 22990 RhinoFLEX 25ft Clean Out Hose - Ideal For Flushing Black Water, Grey Water or Tote Tanks 5/8\" Internal Diameter", "tags": "RV Leveling and Stabilization Fresh Water Holding Tank Chemicals Sewer Hoses Replacement Parts Cleaners Exterior Accessories Adapters Surge Protectors", "relevancy_score": 58.51535813953489, "price": "$14.99"}, {"title": "Proctor Silex Single Serve Coffee Maker | Model# 49961", "tags": "Kitchen Appliances Single Serve Coffee Makers Keurig Dorm Small kitchen ideas Room Essentials Hamilton Beach Mr.", "relevancy_score": 1660.084424489796, "price": "$29.96"}, {"title": "BLACK+DECKER FreshPrep 3-Cup Electric Food Chopper, Black, HC300B", "tags": "Chopping & Slicing Black+Decker Stick Vacuums Small kitchen ideas Mini Food Processors Choppers KitchenAid", "relevancy_score": 602.0500392638037, "price": "$25.00"}, {"title": "Ktaxon 2800W Electric Meat Grinder Kitchen Food Mincer Sausage Maker", "tags": "Sausage Stuffers KitchenAid Mixer Attachments Shop All Electric Meat Tools More Food Prep and Processors Specialty Appliances Grinders Kitchenaid Mixers", "relevancy_score": 48.984345454545455, "price": "$36.99"}, {"title": "Hamilton Beach SoftScrape 6 Speed Hand Mixer with Case Model 62637", "tags": "Shop All Mixers & Attachments Dorm Appliances Hamilton Beach Hand KitchenAid Salton Kitchenaid Cuisinart", "relevancy_score": 241.278221686747, "price": "$29.99"}, {"title": "Farberware Professional 2 Steel Head Black Plastic Handle Can Opener", "tags": "KitchenAid Utensils & Gadgets Cooking Electric Can Openers Farberware Tools and Food Prep Kitchen Utensil Sets", "relevancy_score": 370.56198181818183, "price": "$9.98"}, {"title": "Nostalgia Strawberry Ice Cream Mix, 8 oz.", "tags": "Summer Entertaining-Kitchen Appliances Popsicle Molds Milkshake Makers Cuisinart Ice Cream Cool Kitchen Gadgets KitchenAid Frozen Drink", "relevancy_score": 47.0877, "price": "$2.98"}, {"title": "Portable Compact Washing Machine 1.34 Cu.ft Spin Washer Drain Pump 8 Water Level", "tags": "Portable Washing Machines Magic Chef Dryers Washers Compact Full-Size All", "relevancy_score": 454.13108124999997, "price": "$249.99"}, {"title": "Elite Cuisine EHB-2425X Hand Blender with Detachable Wand", "tags": "Summer Entertaining-Kitchen Appliances Braun Blenders Cuisinart Refurbished and Juicers All Kitchen Hamilton Beach Immersion", "relevancy_score": 35.12312432432433, "price": "$12.99"}, {"title": "Dirt Devil Power Swerve 16V Cordless Stick Vacuum, BD22050", "tags": "Best Cordless Vacuums Stick Pet Dorm Vacuum Essentials Shark Steam Mops Dirt Devil Upright", "relevancy_score": 2330.9273000000003, "price": "$85.00"}, {"title": "BLACK+DECKER Helix Performance Premium 5-Speed Hand Mixer, Black, MX600B", "tags": "Shop All Mixers & Attachments Hamilton Beach Hand KitchenAid Immersion Blenders Kitchenaid Cuisinart", "relevancy_score": 1438.384159550562, "price": "$29.92"}, {"title": "[Upgraded] Car Vacuum Cleaner, ANKO High Power DC12-Volt Wet&Dry Handheld Auto Vacuum Cleaner with 16.4FT(5M) Power Cord, 2 Filters, 3 different attachments and One Carrying Bag. (BLACK-1 PACK)", "tags": "Black+Decker Handheld Vacuums Best Cordless Vacuum Cleaners Dustbusters", "relevancy_score": 420.6980700729927, "price": "$23.99"}, {"title": "1 Pack 9083 Kenmore 469083 Replacement Refrigerator Water Filter 9020 9030 9953", "tags": "", "relevancy_score": 20.511858823529412, "price": "$25.86"}, {"title": "Frigidaire 1.6 Cu. ft. Single Door Compact Refrigerator EFR115, Red", "tags": "Retro Mini Fridges One Door Beauty & Skincare All Compact Refrigerators Dorm Appliances Freezerless Shop Refrigerator Brands Portable", "relevancy_score": 764.1949005025126, "price": "$104.00"}, {"title": "iRobot Authentic Replacement Parts- Braava Jet Hard Floor Cleaning Solution, Compatible with all Braava Robot Mops", "tags": "Vacuum Accessories Robotic Vacuums Steam Cleaners Dorm Floorcare Cordless Essentials Robot", "relevancy_score": 54.31332173913043, "price": "$7.99"}, {"title": "Brentwood TS-245 Non-Stick Panini Press and Sandwich Maker, White", "tags": "Summer Entertaining-Kitchen Appliances Kitchen Best Indoor Grills Small kitchen ideas Sandwich Makers George Foreman Panini Presses", "relevancy_score": 122.50038620689655, "price": "$13.96"}, {"title": "Automatic Vacuum Sealer Machine Vacuum Sealing System for Food Preservation Plus 15 Vacuum Sealer Bags", "tags": "Lunch Boxes Shop All & Bags Rubbermaid Food Storage Vacuum Sealers FoodSaver", "relevancy_score": 40.58434545454545, "price": "$29.99"}, {"title": "BLACK+DECKER VF110 Dustbuster Replacement Filter", "tags": "Black+Decker Handheld Vacuums Best Cordless Dustbusters Shark Vacuum Filters", "relevancy_score": 178.77316363636365, "price": "$8.97"}, {"title": "Keurig K-Select Single Serve, K-Cup Pod Coffee Maker, Matte White", "tags": "Cuisinart Coffee Makers Single Serve Dorm Floorcare Appliances Small kitchen ideas Vacuum Essentials Room", "relevancy_score": 4796.439336293766, "price": "$129.99"}, {"title": "Sterno 70153 Foldable Frame Buffet Chafer Set, 8-Quart", "tags": "Food Carriers Countertop Warmers and Display Cases Steam Tables & Pans Commercial Deep Fryers All Industrial Ovens Serving Utensils Cold Frozen Beverage Dispensers", "relevancy_score": 266.03307906976744, "price": "$39.97"}, {"title": "NuWave 37223 6 qt. Brio Gourmet Accessory Kit ADD BACK", "tags": "Baking Mats GoWISE Air Fryers Instant Pot Fryer Toaster Ovens Parts & Accessories Shop All Power", "relevancy_score": 27.725133333333332, "price": "$25.97"}, {"title": "Hamilton Beach Artisan Dough & Bread Maker | Model# 29887", "tags": "Teens' Gaming Shop All Ice Makers Bread Maker Accessories & Loaf Pans Portable Chairs", "relevancy_score": 297.80519175257734, "price": "$89.99"}, {"title": "Instant Pot VIVA Black Stainless 6-Quart 9-in-1 Multi-Use Programmable Pressure Cooker, Slow Cooker, Rice Cooker, Yogurt Maker, Cake Maker, Egg Cooker, Saut\u00e9, with Sous Vide and Sterilizer", "tags": "Father's Day Electronics Healthy Meal Prep Connected Dorm Room Shop All Glass Mother's Gifts Audio for Grads Back to School Home Visual", "relevancy_score": 297.36224680851063, "price": "$99.99"}, {"title": "Mainstays Roaster Oven", "tags": "Induction Cookware Chicken Roasters Big Game Shop All Slow Cookers Ceramic Roasting Pans Turkey", "relevancy_score": 448.0443833333333, "price": "$24.94"}, {"title": "King Kooker #24WC 24\" Portable Propane Outdoor Cooker with 18\" Steel Wok", "tags": "Gas Grills All Flood & Security Lights Plancha Shop Top Grill Brands Flat Outdoor Griddles by Style Portable Blackstone", "relevancy_score": 182.61048, "price": "$71.52"}, {"title": "Stansport Enamel 8 Cup Coffee Pot With Percolator And 4 12 Ounce Mugs", "tags": "Camping Stoves Camp Cooking Accessories Dinnerware Coleman Kitchen Ozark Trail Untensils All", "relevancy_score": 277.7051917525773, "price": "$27.99"}, {"title": "Ktaxon Electric Washing Machine,13.4Lbs Twin Tub?Wash 7.9LBS+Spin 5.5LBS? Capacity Portable Compact Mini Washer?White & Blue", "tags": "Portable Washing Machines Drying Racks Washer Dryer Combos Compact Full-Size Dryers All", "relevancy_score": 295.45333211009176, "price": "$100.99"}, {"title": "EZ-Cup Disposable Paper Coffee Filters with Patented Lid Design for Keurig Reusable K-Cup Coffee Pod, 200-Count", "tags": "Ground Coffee Bunn Filters Folgers & Pods All Melitta Reusable", "relevancy_score": 199.31243380281688, "price": "$19.96"}, {"title": "Hoover WindTunnel 2 Whole House Rewind Bagless Upright Vacuum", "tags": "Bissell Pet Vacuums Hoover Vacuum Cleaners Dorm Floorcare Upright", "relevancy_score": 2763.5608087336245, "price": "$119.99"}, {"title": "InterDesign Linus Refrigerator and Freezer Storage Organizer Bins for Kitchen, Clear", "tags": "Counter Organizers Shop All Refrigerator Storage Food Containers Plastic Bins & Baskets Kitchen Drawer Meal Prep", "relevancy_score": 39.31595789473684, "price": "$12.29"}, {"title": "Range Kleen Chrome Drip Bowl, 2 Piece", "tags": "Baking Mats Burner Covers Specialty Appliance Parts & Accessories Drip Pans Trim Rings Heating Elements Burners Replacement Knobs", "relevancy_score": 131.6609052631579, "price": "$6.94"}, {"title": "Finish Quantum, 20ct, Dishwasher Detergent Tabs, Ultimate Clean & Shine", "tags": "Cascade Dishwasher Detergents Air Wick Fresheners All Automatic Sprayers Dish Additives Car", "relevancy_score": 41749.73615412926, "price": "$11.21"}, {"title": "Hamilton Beach Panini Press Gourmet Sandwich Maker | Model# 25460Z", "tags": "Kitchen Appliances Best Indoor Grills Small kitchen ideas Sandwich Makers George Foreman Electric Griddles Panini Presses", "relevancy_score": 1430.4746501440923, "price": "$29.99"}, {"title": "Bella 8-In-1 Grill Station Box", "tags": "Portable Gas Grills Flat Top Shop All by Feature Style Fuel Type Blackstone Griddles Propane", "relevancy_score": 1051.9348948616603, "price": "$70.00"}, {"title": "Great Northern Popcorn Premium 8 Ounce Popcorn Portion Packs, Case of 40", "tags": "Oil & Shortening Movie Theater Butter Popcorn Orville Redenbacher's Seasoning All Kernels Mixed Spices Seasonings Shop Plant Based Foods", "relevancy_score": 126.97763636363636, "price": "$39.99"}, {"title": "Nifty 35 Capacity Coffee Pod Carousel, Black", "tags": "Drawers & Cabinet Organizers Coffee Storage Single Serve Makers Keurig Espresso Parts and Accessories Dorm Appliances", "relevancy_score": 1915.0400285714288, "price": "$25.11"}, {"title": "Brentwood Tall Electric Can Opener with Knife Sharpener and Bottle Opener in White", "tags": "Shop All Toasters Black+Decker Stick Vacuums Electric Can Openers Manual 2 Slice The Pioneer Woman New Arrivals", "relevancy_score": 77.42001428571427, "price": "$21.59"}, {"title": "Serve-Rite 10-Piece Buffet Party Server", "tags": "", "relevancy_score": 1282.7270207792208, "price": "$10.97"}, {"title": "Shark Lightweight Professional Electronic Iron", "tags": "Dorm Appliances Conair Clothes Irons Professional & Garment Steamers Black+Decker Rowenta Shark Steam Mops Travel", "relevancy_score": 1240.2746501440922, "price": "$39.50"}, {"title": "Shark GS300 Professional Fabric Garment Clothes Steamer (Certified Refurbished)", "tags": "Dorm Bath & Laundry Appliances Steamfast Garment Steamers Professional Clothes Irons Conair Rowenta Travel", "relevancy_score": 104.1754, "price": "$29.89"}, {"title": "Elite Gourmet MST-250XS 1.5-Qt. Mini Slow Cooker, Stainless Steel", "tags": "Kitchen Appliances Food Warmers Crock-Pot Hamilton Beach Slow Cookers Small kitchen ideas Big Game The Pioneer Woman Crock Pots", "relevancy_score": 379.16421818181817, "price": "$13.99"}, {"title": "Mr Coffee Mr Coffee Coffee Filters, 100 ea", "tags": "Ground Coffee Bunn Filters Dunkin' Cold Weather Beverages & Pods Gaming Snacks Drinks Melitta Reusable", "relevancy_score": 80.83155000000001, "price": "$6.76"}, {"title": "KUPPET Compact Twin Tub Portable Mini Washing Machine 26lbs Capacity, Washer(18lbs)&Spiner(8lbs)/Built-in Drain Pump/Semi-Automatic (White&Blue)", "tags": "Portable Washing Machines Magic Chef Dryers All Washers Washer Dryer Combos Compact", "relevancy_score": 73.51332173913043, "price": "$155.99"}, {"title": "Dyson V7 Animal Cordless Vacuum | Iron | Refurbished", "tags": "Stick Vacuums Dyson Handheld Best Cordless Refurbished", "relevancy_score": 119.02001428571428, "price": "$299.99"}, {"title": "Cuisinart Elemental 8 Cup Food Processor, Silver (FP-8SV)", "tags": "Hamilton Beach Food Processors Mini Refurbished Choppers KitchenAid Electric", "relevancy_score": 4079.8083065502183, "price": "$99.95"}, {"title": "Medelco 12 Cup Basket Universal Permanent Coffee Filter", "tags": "Ground Coffee Bunn Filters Paper Cold Weather Beverages & Pods Gaming Snacks Drinks All Folgers Melitta", "relevancy_score": 829.362854054054, "price": "$7.95"}, {"title": "GoWISE USA 5.8-Quarts 8-in-1 Air Fryer XL with 6-PC Accessory Set + 50 Recipes for your Air Fryer Book (Black)", "tags": "Instant Pot Ninja Air Fryers Small kitchen ideas Philips Deep Shop All all Cuisinart", "relevancy_score": 1813.0486611111112, "price": "$119.37"}, {"title": "Melitta #4 Natural Brown Cone Coffee Filters, 300 ct (3 Packs of 100)", "tags": "Coffee Prep Small kitchen ideas Airpots Pour Overs Makers Maker Cleaning Products Decanters & Carafes", "relevancy_score": 16.511858823529412, "price": "$13.89"}, {"title": "Cuisinart Coffee Makers 14 Cup Programmable Coffeemaker", "tags": "Grind & Brew Coffee Makers Single Serve Dorm Appliances Hamilton Beach Cuisinart Refurbished Mr.", "relevancy_score": 19453.12014617191, "price": "$99.95"}, {"title": "Farberware FMO16AHTBKC 1.6 Cu. Ft. Microwave Oven, Brushed Stainless Steel, Green LED", "tags": "Kitchen Appliances Magic Chef Microwaves Small Dorm Frigidaire Hamilton Beach Shop All Sharp", "relevancy_score": 297.36224680851063, "price": "$99.99"}, {"title": "Nostalgia OFP501COKE Coca-Cola 12-Cup Hot Air Popcorn Maker", "tags": "Countertop Popcorn Machines Snow Cone Cotton Candy Shop All Air Poppers Frozen Drink Makers Hot Dog Warmers", "relevancy_score": 507.5141076923077, "price": "$38.10"}, {"title": "Febreze with Spring & Renewal Scent Kirby Generation Vacuum Bag, 3-Pack, 17043", "tags": "Steam Cleaners Vacuum Filters Bags Shark Mops Hoover Parts Kenmore Accessories Carpet Cleaner Solutions", "relevancy_score": 29.715957894736842, "price": "$10.98"}, {"title": "Koolatron KTCF195 6.9 Cubic Foot (195 Liters) Large Chest Freezer with Adjustable Thermostat", "tags": "Arctic King Freezers Mini Fridges with One Door Deep Shop All Upright Metal File Cabinets", "relevancy_score": 243.10771428571428, "price": "$325.84"}, {"title": "Nostalgia HCK800 Hard & Sugar-Free Candy Cotton Candy Party Kit, 60 Candies, Flossing Sugar, 24 Paper Cones", "tags": "Snow Cone Machines Shop All Popcorn Nostalgia Makers More Specialty Appliances Kits and Kernels Chocolate Fountains Frozen Drink", "relevancy_score": 213.39694285714285, "price": "$14.99"}, {"title": "Crisper Drawer 240337103 PS429854", "tags": "Shop All Refrigerator Storage Samsung Shelves Drip Pans & Trim Rings Frigidaire Accessories Whirlpool", "relevancy_score": 71.38434545454545, "price": "$57.37"}, {"title": "KitchenAid Fruit/Vegetable Strainer Set (FVFGA)", "tags": "KitchenAid Stand Mixers Mixer Attachments Shop All & Blenders Kitchenaid", "relevancy_score": 212.71925, "price": "$99.99"}, {"title": "Cosori Premium 5.8-Quart Air Fryer with Bonus Skewer Rack Set (Black)", "tags": "GoWISE Air Fryers Instant Pot Ninja Foodi NuWave Philips Shop all Power", "relevancy_score": 55.24308571428571, "price": "$116.09"}, {"title": "Oreck Genuine XL Buster B-Canister Vacuum Cleaner BAGS-PKBB12DW", "tags": "Steam Cleaners Vacuum Filters Bags Shark Mops Hoover Parts Kenmore Accessories Carpet Cleaner Solutions", "relevancy_score": 19.71185882352941, "price": "$10.89"}, {"title": "Instant Pot Silicone Cover", "tags": "Instant Pot Pressure Cookers Accessories & Canners Steamer Baskets Stainless Steel Cookware Shop all Lids Handles", "relevancy_score": 249.23307906976748, "price": "$9.95"}, {"title": "Washable Cleaning Steam Mop Pads Replacement for Shark Vacuum Cleaner S1000 S1000A S1000C S1000WM S1001C (Pack of 6)", "tags": "Steam Cleaners Shark Best Vacuums Mops Dorm Vacuum Essentials Upright", "relevancy_score": 74.95026666666666, "price": "$17.97"}, {"title": "Kid-Friendly Snow Cone Machine Package with Syrup and Accessories | Hawaiian Shaved Ice", "tags": "Cotton Candy Machines Shop All Popcorn Nostalgia Makers More Specialty Appliances Air Poppers Frozen Drink", "relevancy_score": 46.004030769230766, "price": "$48.99"}, {"title": "Dryer Heating Element 279838 & Fuse 279816 3392519", "tags": "Dryer Lint Screens Specialty Appliance Parts & Accessories Replacement Vents Compact Washing Machines Knobs Shop All Oven Range Dishwasher Hoses Igniters", "relevancy_score": 5.1403483870967746, "price": "$19.35"}, {"title": "Instant Pot Official Springform Pan - Gray", "tags": "Instant Pot Baking Dishes Pressure Cookers Cake & Bundt Pans Canners Steamer Baskets Egg Tools Shop all", "relevancy_score": 89.08704489795917, "price": "$8.29"}, {"title": "Oster Pro 500 Blender", "tags": "Summer Entertaining-Kitchen Appliances Shop All Blenders Black + Decker Countertop Ninja Hamilton Beach Glass Blender Parts & Accessories", "relevancy_score": 65.78434545454544, "price": "$44.92"}, {"title": "Commercial Swing-a-way Easy Crank Can Opener Heavy Duty - Ergonomic Design", "tags": "KitchenAid Utensils & Gadgets Black+Decker Stick Vacuums Electric Can Openers Farberware Tools and Chef'n Kitchen Cuisinart", "relevancy_score": 131.6609052631579, "price": "$15.99"}, {"title": "Babycakes Multi-Treat Maker", "tags": "Summer Entertaining-Kitchen Appliances Filing Cabinets Coffee Storage Cake Pop Makers Mini Donut Best Waffle", "relevancy_score": 245.79694285714285, "price": "$45.26"}, {"title": "Stock Your Home (50 Pack) Disposable Aluminum Foil Square Stove Burner Covers", "tags": "Baking Mats Specialty Appliance Parts & Accessories Splatter Screens Drip Pans Trim Rings Backguards Burners Shop All Oven Range", "relevancy_score": 55.067287804878056, "price": "$10.99"}, {"title": "Elite Gourmet ESB-301BF Single Cast Electric Burner Hot Plate, Black", "tags": "Other Cooking Appliances Electric Cooktops Portable Induction Skillets Burners Salton Indoor Grills", "relevancy_score": 139.84557419354837, "price": "$16.99"}, {"title": "Valterra A10-2606 3-Volt FridgeCool Fan", "tags": "RV Leveling and Stabilization Engine Parts Plug in Auto Heaters Patio Furniture Air Conditioners Exterior Accessories Steps Ladders Jack Stands", "relevancy_score": 81.48704489795918, "price": "$18.79"}, {"title": "BISSELL Style 7 Vacuum Bags for Bagged Vacuums, 3 pk, 32120", "tags": "Top Must Haves For College Vacuum Bags Cleaners Bissell Vacuums Upright Canister Kenmore Accessories", "relevancy_score": 266.81522352941175, "price": "$7.80"}, {"title": "Brentwood SM-1200B 15oz Classic Milkshake Maker, Turquoise", "tags": "Summer Entertaining-Kitchen Appliances Shop All Mixers & Attachments Ice Cream Makers Stand Juicers Frozen Drink", "relevancy_score": 72.24072307692309, "price": "$24.28"}, {"title": "KitchenAid 3-Piece Pasta Roller & Cutter Mixer Attachment Set (KSMPRA)", "tags": "KitchenAid Stand Mixers Mixer Attachments Shop All & Kitchenaid", "relevancy_score": 1884.0472558139536, "price": "$198.95"}]