[{"title": "Mainstays Ceramic Nonstick 12 Piece Cookware Set, Teal Ombre", "tags": "The Pioneer Woman Cookware Non Stick Non-Stick Greenlife Induction Dorm Bundles Ceramic Dining & Hydration", "relevancy_score": 1714.0911788617886, "price": "$39.97"}, {"title": "KRUPS Fast Touch Electric Coffee and Spice Grinder With Stainless Steel Blades F2034251", "tags": "Coffee Prep Burr Grinders Dorm Appliances Makers KitchenAid Krups Herb Tools", "relevancy_score": 1385.629210271318, "price": "$15.44"}, {"title": "Umbra Brim 13 Gallon (50L) Trash Can with Lid", "tags": "13 Gallon Trash Cans Wastebaskets Step Hefty Rubbermaid Teens' Bathroom simplehuman Stainless Steel", "relevancy_score": 1621.0950702811244, "price": "$31.80"}, {"title": "Our Name Is Mud Wonder Woman Strong Woman 16 oz Mug #6003581", "tags": "Shower Gifts Shop All The Pioneer Woman Bridal Personalized Cutting Boards Dishes for the Couple Mother's Day Jewelry Engagement", "relevancy_score": 0.0, "price": "$17.99"}, {"title": "Mainstays 1.8-Liter Whistle Tea Kettle, Stainless Steel", "tags": "Electric Kettles Dorm Appliances Tea Cup & Saucer Sets Small kitchen ideas Room Essentials Beverage Dispensers", "relevancy_score": 1411.9754838022163, "price": "$7.72"}, {"title": "Mainstays Motion Sensor Trash Can, 13.2 Gallon, Stainless Steel", "tags": "13 Gallon Trash Cans Dorm Storage Step Cookware Sets Knife Block Set Room Essentials Stainless Steel Dining & Hydration", "relevancy_score": 9204.34893267652, "price": "$39.98"}, {"title": "Mainstays 21-Piece Kitchen Utensils Set", "tags": "Flatware Sets Non Stick Cookware Cooking Utensils Non-Stick Safe for Nonstick Dorm Dining Essentials & Hydration", "relevancy_score": 1817.6083352578908, "price": "$9.97"}, {"title": "Mainstays Stainless Steel 18 Piece Cookware Set, with Kitchen Tools and Mixing Bowls", "tags": "Non Stick Cookware Non-Stick Dorm Bundles Tramontina Ceramic Stainless Steel Dining Essentials & Hydration", "relevancy_score": 2160.887022584334, "price": "$39.97"}, {"title": "Mainstays Pierremont 20 Piece Polished Stainless Steel Flatware Set", "tags": "Dorm Appliances Small kitchen ideas Dinnerware Sets Cookware Room Essentials Dining Drinking Glasses & Hydration", "relevancy_score": 3665.853845843422, "price": "$9.96"}, {"title": "Mainstays Nonstick Cookie Sheet Set, 3 Pieces", "tags": "Baking Dishes Kitchen Wedding Registry Bakeware Sets Cake & Bundt Pans Small kitchen ideas Food Prep Mixing Measuring Dorm Dining Hydration", "relevancy_score": 484.9475608272506, "price": "$7.98"}, {"title": "KRUPS Fast Touch Electric Coffee and Spice Grinder With Stainless Steel Blades F2034251", "tags": "Coffee Prep Burr Grinders Dorm Appliances Makers KitchenAid Krups Herb Tools", "relevancy_score": 1385.629210271318, "price": "$15.44"}, {"title": "Umbra Brim 13 Gallon (50L) Trash Can with Lid", "tags": "13 Gallon Trash Cans Wastebaskets Step Hefty Rubbermaid Teens' Bathroom simplehuman Stainless Steel", "relevancy_score": 1621.0950702811244, "price": "$31.80"}, {"title": "Mainstays Fully Assembled 24\" Natural Wood Bar Stool", "tags": "Armless Bar Stools Shop All & Counter Brown Backless Transitional Wood", "relevancy_score": 1813.1076273148149, "price": "$23.55"}, {"title": "Mainstays 64 Quart Latching Clear Storage Container with Black Lid, Set of 2", "tags": "Shop All Storage Baskets & Bins Plastic Dorm Essentials Sterilite IRIS Containers Kids' Boxes", "relevancy_score": 760.558597359736, "price": "$24.91"}, {"title": "The Pioneer Woman Mazie 2-Piece Rectangle Baker Set", "tags": "Shop All The Pioneer Woman Dish Sets Baking Dishes Bakeware Pie & Tart Pans Food Prep Tools and Gadgets", "relevancy_score": 290.9427777777778, "price": "$19.72"}, {"title": "Mainstays 4 Door Storage Cabinet, Dark Chocolate", "tags": "Accent Chests Shelving Storage File & Cabinets Shop All Armoires Wardrobes all Pantries White Bookcases Bookshelves", "relevancy_score": 7252.356465141612, "price": "$109.00"}, {"title": "Gibson Home Kitchen In A Box 83-Piece Combo Set, Black", "tags": "Drawers & Cabinet Organizers Non Stick Cookware Non-Stick Dorm Appliances Bundles Room Essentials T-fal Sets Dining Hydration", "relevancy_score": 4830.3123012820515, "price": "$65.78"}, {"title": "Rubbermaid, Press & Lock Easy Find Lids, Food Storage Containers, Teal, 42-Piece Set", "tags": "Shop All Food Storage Containers Rubbermaid Kitchen Wedding Registry Dorm Cookware Sets Meal Prep Dining Essentials & Hydration", "relevancy_score": 1477.6212141444114, "price": "$18.99"}, {"title": "Mainstays, 18 Pack, 100% Cotton Waffle Dishcloths, Blue and Blue Stripe", "tags": "Shop All T-fal Kitchen Linen Sets Bath Towels Oven Mitts & Pot Holders Dish Tea Flour Sack Teens' Bathroom Cloths", "relevancy_score": 191.14902582159624, "price": "$9.34"}, {"title": "Kerr Glass Mason Jar W/ Lid & Band, Regular Mouth, 32 Ounces, 12 Count", "tags": "Mason Jars & Canning Coffee Storage Shop All Food Containers Kitchen Canisters Wedding Registry Glass Meal Prep Dorm Dining Hydration", "relevancy_score": 708.6784722222222, "price": "$72.52"}, {"title": "Blackstone Commercial Grade 5-Piece Griddle Cooking Toolkit", "tags": "Gas Grills Shop All Grill Tools & Accessories Outdoor Griddles Flat Top Cookware and Supplies Cooking Tool Sets Blackstone", "relevancy_score": 1919.3054836829835, "price": "$19.97"}, {"title": "Rubbermaid Brilliance Food Storage Containers, 18-Piece Set", "tags": "Shop All Food Storage Containers Kitchen Canisters Rubbermaid Wedding Registry Bakeware Sets Glass Meal Prep Dorm Dining & Hydration", "relevancy_score": 2447.3684802102657, "price": "$22.99"}, {"title": "Imusa 3Pc Colombian Cast Aluminum Caldero or Dutch Oven Set with Lid", "tags": "Non Stick Cookware Non-Stick Shop All Dutch Ovens Soup & Stockpots Sets Stainless Steel Pots", "relevancy_score": 1927.7428039617487, "price": "$23.78"}, {"title": "Instant Pot Gem 6 Qt 8-in-1 Programmable Multicooker with Advanced Microprocessor Technology", "tags": "Instant Pot Crock-Pot Pressure Cookers Accessories & Canners Shop All Slow all", "relevancy_score": 667.3097783687944, "price": "$49.00"}, {"title": "Corelle Classic Country Cottage 16-Piece Dinnerware Set", "tags": "The Pioneer Woman Dish Sets Plates Small kitchen ideas Serving Bowls Dishes Dinner Dorm Dining Essentials & Hydration", "relevancy_score": 2227.250896288933, "price": "$31.97"}, {"title": "Cosco (2-Pack) 6 Foot Centerfold Folding Table, White", "tags": "Folding Tables & Chairs Kitchen Dining Shop All Black White", "relevancy_score": 721.3022043010752, "price": "$92.00"}, {"title": "FoodSaver Vacuum Heat-seal Rolls Combo Pack, Multiple Sizes, 5 count", "tags": "Vacuum Bags Lunch Boxes Shop All & Sealers FoodSaver", "relevancy_score": 5826.707630061678, "price": "$38.96"}, {"title": "Rubbermaid Brilliance Food Storage Containers, 10-Piece Set", "tags": "Shop All Food Storage Containers Rubbermaid Kitchen Wedding Registry Dorm Bundles Glass Meal Prep Dining Essentials & Hydration", "relevancy_score": 2287.4781149732617, "price": "$19.90"}, {"title": "Mainstays 48\" Fold-in-Half Table, Rich Black", "tags": "Kitchen & Dining Folding Chairs Plastic Tables Black Shop All White", "relevancy_score": 1134.752755516841, "price": "$34.88"}, {"title": "Hamilton Beach Stainless Steel Can Opener", "tags": "Shop All Toasters Electric Can Openers Dorm Appliances Room Essentials Manual Dining & Hydration", "relevancy_score": 2519.689336445954, "price": "$19.96"}, {"title": "Blackstone Griddle Seasoning and Cast Iron Conditioner", "tags": "Shop All Grill Tools & Accessories Outdoor Griddles Flat Top Grills Cookware and Supplies Cooking Blackstone Covers Tool Sets", "relevancy_score": 504.86146882494, "price": "$9.97"}, {"title": "BalsaCircle 108\" Round Polyester Tablecloth Table Cover Linens for Wedding Party Events Home Kitchen Dining", "tags": "Party Tableware Round Plastic Tablecloths Fortnite Decorations Fall Bridal Shower Valentine's Tablecovers Christmas Anniversary Balloons &", "relevancy_score": 159.87685897435898, "price": "$6.87"}, {"title": "Ozark Trail Double Wall Vacuum Sealed Stainless Steel Tumbler, 30 oz", "tags": "Shop All Food Storage Containers Water Bottles Tumblers Ozark Trail Thermoses Drinking Glasses Dorm Dining & Hydration", "relevancy_score": 15956.175491140966, "price": "$8.74"}, {"title": "Contigo Byron Snapseal 20 Oz Vacuum-insulated Stainless Steel Travel Mug, Grayed Jade", "tags": "Water Bottles & Hydration Ozark Trail Camping Accessories Camp Kitchen Stainless Steel All Drinkware Thermos", "relevancy_score": 4957.107199784598, "price": "$10.22"}, {"title": "Expert Grill Pocket Digital Instant Read Meat Grilling Thermometer", "tags": "Specialty Cookware Cooking Utensils Farberware Tools and Gadgets Griddles & Grill Pans Cool Kitchen KitchenAid Food Tongs", "relevancy_score": 322.98800925925923, "price": "$9.88"}, {"title": "Rubbermaid Classic 1 Gallon Beverage Pitcher with 3 Position Lid", "tags": "Shop All Food Storage Containers Rubbermaid Drinkware Sets Pitchers & Carafes Beverage Dispensers Dorm Dining Essentials Drinking Glasses Hydration", "relevancy_score": 712.120842059337, "price": "$3.92"}, {"title": "Nutri Chopper with Fresh-keeping Storage Container - Vegetable Slicer that Chops, Cubes and Wedges, Multi-purpose Food Chopper with Stainless Steel Blades, As Seen On TV", "tags": "The Pioneer Woman Hamilton Beach Ninja Gotham Steel As Seen on TV Kitchen Mainstays Clothes & Apparel Bedroom", "relevancy_score": 791.96920781893, "price": "$19.96"}, {"title": "BLACK+DECKER 9-Inch Electric Carving Knife, White, EK500W", "tags": "Shop All The Pioneer Woman Food Storage Containers Specialty Knives Knife Block Set Fall Decor Meal Prep Dorm Dining & Hydration", "relevancy_score": 993.8948529411766, "price": "$14.97"}, {"title": "Ozark Trail 12\" Cast Iron Skillet with Handle and Lips", "tags": "Camping Stoves Camp Cooking Accessories Dinnerware Coleman Kitchen Ozark Trail Untensils All", "relevancy_score": 688.4419585448392, "price": "$9.88"}, {"title": "Oster Electric Can Opener with Power Pierce Cutting Blade for Precise Edges, Black", "tags": "Shop All Toasters Black+Decker Stick Vacuums Electric Can Openers Farberware Tools and Gadgets Dorm Room Essentials Manual", "relevancy_score": 226.39922764227643, "price": "$14.92"}, {"title": "Tal 26 Ounce Black Ranger Water Bottle with Straw, Black", "tags": "Plastic Water Bottles Travel Mugs Flasks Contigo TAL Bubba Thermoses Dorm Dining & Hydration", "relevancy_score": 1530.8629067197173, "price": "$12.74"}, {"title": "BalsaCircle 120\" Round Polyester Tablecloth Linens for Wedding Party Events Kitchen Dining", "tags": "Party Tableware Round Plastic Tablecloths Fortnite Decorations Football Bridal Shower Valentine's Tablecovers Christmas Wedding", "relevancy_score": 181.89496376811593, "price": "$8.59"}, {"title": "Tal 40 Ounce Double Wall Vacuum Insulated Stainless Steel Ranger Pro Water Bottle, Camo", "tags": "Shop All Food Storage Containers Plastic Water Bottles Travel Mugs Flasks TAL Kids' Thermoses Dorm Dining & Hydration", "relevancy_score": 2454.988570414537, "price": "$19.57"}, {"title": "T-fal Easy Care 20-Piece Nonstick Cookware Set, Thermospot, Grey, B087SKDW", "tags": "", "relevancy_score": 1903.12119100295, "price": "$69.98"}, {"title": "Pyrex Simply Store 18-piece Set", "tags": "Food Storage Shop All The Pioneer Woman Baking Dishes Containers Bakeware Sets Glass Meal Prep Dorm Dining & Hydration", "relevancy_score": 2942.7202794045875, "price": "$31.22"}, {"title": "Sterilite 3-Drawer Organizer, White", "tags": "Shelving Storage Shop All Baskets & Bins Dorm Essentials Sterilite IRIS Containers Plastic Drawers Carts", "relevancy_score": 1057.302873230373, "price": "$20.52"}, {"title": "Wilton Decorating Bags, 16-Inch Disposable Piping Bags, 12-Count", "tags": "Wilton Icing and Decorations Decorating Tips Easter Decorative Edibles Treat Containers & Displays Valentine's Day Tools Display Basketball Bags", "relevancy_score": 110.0155817610063, "price": "$4.46"}, {"title": "Crock-Pot 6 Qt 8-in-1 Multi-Use Express Crock Programmable Pressure Cooker, Slow Cooker, Saut\u00e9, and Steamer, Black Stainless Steel", "tags": "Instant Pot Crock-Pot Express Pressure Cookers Hamilton Beach Slow & Canners Shop All all Pots", "relevancy_score": 3308.644608408024, "price": "$38.71"}, {"title": "Wilton Bake It Better Non-Stick Oblong Cake Pan with Lid and Handle, 9 x 13 in.", "tags": "Wilton Cake Decorating Themed Decorative Baking Tips Treat Containers & Displays Christmas Making Basketball Tools", "relevancy_score": 624.6115909090909, "price": "$9.97"}, {"title": "Great Value 300 sq ft Slide Cutter Clear Premium Plastic Wrap", "tags": "", "relevancy_score": 1316.0442644320299, "price": "$2.98"}, {"title": "Corelle 28 Ounce Winter Frost White Bowl", "tags": "Dinnerware Cereal Bowls Plates Soup Better Homes & Gardens Dorm Dining Essentials Hydration", "relevancy_score": 228.29436147186146, "price": "$4.92"}, {"title": "Pioneer Woman 20pc Food Storage Set", "tags": "", "relevancy_score": 56.867532051282055, "price": "$15.97"}, {"title": "GoodCook Stainless Steel Apple Wedger & Slicer", "tags": "Chopping & Slicing Farberware Tools and Gadgets Food Peelers Mandolines Slicers Prep Cool Kitchen Fruit Vegetable", "relevancy_score": 120.8909210526316, "price": "$3.97"}, {"title": "Great Value Soak-Proof Foam Hinged Lid Containers, 12 Count", "tags": "Disposable Utensils Foam Bowls Plates Cups All Great Value Tabletop Forks", "relevancy_score": 110.0155817610063, "price": "$2.17"}, {"title": "\"Brew Rite #2 Cone Coffee Filters, 100 Count\"", "tags": "Ground Coffee Bunn Filters All Fresh Fruit Dunkin' Cold Weather Beverages & Pods Melitta Reusable", "relevancy_score": 247.5792901234568, "price": "$2.94"}, {"title": "Expert Grill 8.5\" Lightweight Stainless Steel Mini-locking BBQ Tongs", "tags": "Food Thermometers Cooking Utensils Grill Skewers Mainstays Flatware Serving Tongs Bar Tools Roasting Pans", "relevancy_score": 327.09925840978593, "price": "$0.98"}, {"title": "Mainstays Mini Loaf Pans, 5 Count", "tags": "Instant Pot Baking Dishes Accessories Bakeware Sets Cake & Bundt Pans Decorative Storage Boxes Cupcake Muffin Nordic Ware", "relevancy_score": 56.461190476190474, "price": "$0.98"}, {"title": "Brew Rite 8-12 Cup Basket Style Coffee Filters, 100 Ct", "tags": "Bunn Coffee Filters Folgers Ground Colombian Cold Weather Beverages Fueling & Pods All Melitta", "relevancy_score": 117.16185185185184, "price": "$1.00"}, {"title": "Wilton 5-Inch Bamboo Lollipop Sticks, 20-Count", "tags": "Cookie Cutters & Presses Grill Skewers Donut Makers Cake Pop Stands Decorating Tools", "relevancy_score": 35.83511261261261, "price": "$2.97"}, {"title": "GoodCook 3 Piece Wooden Spoon Set", "tags": "Cooking Utensils Wood Spatula Mainstays & Bamboo Sets Food Prep Safe for Nonstick Cookware Spoons Dorm Dining Hydration", "relevancy_score": 120.0432650273224, "price": "$2.27"}, {"title": "Corelle Classic Winter Frost White 18-oz Soup Bowl, Set of 6", "tags": "Plates Dinnerware Sets Serving Bowls White Dinner Dorm Dining Essentials & Hydration", "relevancy_score": 1272.97275, "price": "$17.62"}, {"title": "Farberware 18-Piece Never Needs Sharpening Knife Block Set", "tags": "Steak Knives Specialty Bread Dorm Bundles All Cutting Boards Food Prep Kitchen & Cooking Utensil Sets Dining Hydration", "relevancy_score": 499.6371799116997, "price": "$19.97"}, {"title": "Mainstays Large Microsuede Saucer Chair, Multiple Colors", "tags": "Folding Tables & Chairs Kids' Seating Teens' Lounge Shop All Small Living Room Ideas Dorm Bedroom Furniture", "relevancy_score": 3439.9544260152793, "price": "$29.00"}, {"title": "Tramontina Everyday 8\", 10\" and 12\" Non-Stick Red Frying Pans, 3 Piece", "tags": "Shop All T-fal Non Stick Cookware Non-Stick Sets Tramontina Ceramic", "relevancy_score": 732.724453125, "price": "$19.94"}, {"title": "EasyLiner Smooth Top 12 In. x 10 Ft. Shelf Liner, Gray Granite", "tags": "Counter Organizers Shelving Storage Drawers & Cabinet Teens' Laundry Organization Dorm Decor Room Essentials Wall Shelves", "relevancy_score": 965.2600871687587, "price": "$5.62"}, {"title": "Walnew Set of 4 Modern Upholstered Dining Chairs with Wood Legs (Gray)", "tags": "Modern Dining Chairs Set of 4 Traditional Tufted Wood All Upholstered 2", "relevancy_score": 1708.1237609649122, "price": "$104.99"}, {"title": "Anchor Hocking Clear Presence Dinnerware Set, 12 Piece", "tags": "Plates Small kitchen ideas Cookware Sets Better Homes & Gardens Dinnerware Dinner Dorm Dining Essentials Coffee Mugs Hydration", "relevancy_score": 185.99436147186145, "price": "$10.84"}, {"title": "Ozark Trail 36-Ounce Double Wall Vacuum Sealed Stainless Steel Water Bottle", "tags": "Shop All Food Storage Containers Tumblers Travel Mugs Flasks TAL Water Bottles Ozark Trail Thermoses", "relevancy_score": 932.2646853388659, "price": "$9.74"}, {"title": "Wilton Bake It Better Giant 13\" x 20\" Cookie Sheet", "tags": "Wilton Cake Decorating Icing and Decorations Themed Decorative Baking Tips Cupcake Liners Basketball Treat Tools", "relevancy_score": 493.96146882494, "price": "$9.88"}, {"title": "Contigo 24 Oz Autoseal Chill Stainless Steel Water Bottle, Scuba", "tags": "Plastic Water Bottles Travel Mugs Contigo Bubba Kids' Coleman Thermoses Dorm Dining & Hydration", "relevancy_score": 1051.9907476943347, "price": "$11.97"}, {"title": "Rubbermaid Flex and Seal Cereal Keeper Food Storage Container, 1.5 Gallon/5.68 Liter", "tags": "Counter Organizers Food Storage Coffee Shop All Containers Kitchen Canisters Rubbermaid Meal Prep Dorm Dining & Hydration", "relevancy_score": 786.3895204402515, "price": "$6.98"}, {"title": "Rubbermaid, Brilliance Pantry Organization and Food Storage Containers with Airtight Lids, 20-Piece Set", "tags": "Counter Organizers Coffee Storage Shop All Food Containers Rubbermaid Kitchen Wedding Registry Glass Meal Prep Dorm Dining & Hydration", "relevancy_score": 1608.4927467637542, "price": "$45.15"}, {"title": "39E966 Paper Towel Dispenser Key", "tags": "Dinnerware & Serving Storage Sink Accessories Shop All The Pioneer Woman Coffee Kitchen Canisters Paper Towel Holders Utensil Dish Racks", "relevancy_score": 51.103541666666665, "price": "$0.18"}, {"title": "DII Terry Kitchen Potholder Set, Set of 3, 7\"x7\", 100% Cotton, Multiple Colors", "tags": "Shop All T-fal Kitchen Linen Sets Towel Value Oven Gloves Silicone Mitts & Pot Holders Towels Dish The Pioneer Woman Table Linens Cloths", "relevancy_score": 564.7429495614034, "price": "$6.99"}, {"title": "Mainstays 34\" Resin Plastic Top Fold-in-Half Table, Rich Black", "tags": "Kitchen & Dining Plastic Folding Tables Small Living Room Ideas Shop All Black White Dorm Essentials", "relevancy_score": 1169.2742165005536, "price": "$39.96"}, {"title": "Expert Grill 13.2inch x 9.2inch Steel Barbeque Grill Tray Topper", "tags": "Grill Grates & Racks Mats Shop All Parts Lump Charcoal Briquettes Cookware and Supplies Outdoor Cooking Tools Accessories Tool Sets Smoker", "relevancy_score": 178.90012557077623, "price": "$1.93"}, {"title": "goodcook Bamboo 4\" Skewer, 300 Count", "tags": "Fondue Pots Drinkware Accessories Decorating Tools More Specialty Appliances Grill Chocolate Fountains", "relevancy_score": 90.76185185185186, "price": "$1.92"}, {"title": "Better Homes & Gardens Acacia Wood Serving Tray with Gold Handles", "tags": "ClosetMaid DHP The Pioneer Woman Sauder Mainstays Mohawk Safavieh Furinno", "relevancy_score": 429.5823290598291, "price": "$19.94"}, {"title": "Farberware Programmable Digital Pressure Cooker, 6 Quart", "tags": "The Pioneer Woman Cookware Instant Pot Pressure Cookers & Canners Shop all All Rice Pots and Pans", "relevancy_score": 3145.232264194139, "price": "$49.88"}, {"title": "The Pioneer Woman Melody 7.8-Inch Onion Keeper", "tags": "Shop All The Pioneer Woman Dish Sets Food Storage Containers Kitchen Canisters Dishes Tools and Gadgets Dorm Dining Essentials New Arrivals", "relevancy_score": 619.2916511387164, "price": "$16.88"}, {"title": "Instant Pot Ace 60 Cooking Blender", "tags": "Summer Entertaining-Kitchen Appliances Instant Pot Shop All Blenders Dorm Countertop Ninja Glass", "relevancy_score": 3375.4514823914824, "price": "$69.99"}, {"title": "The Pioneer Woman Farmhouse Lace 4-Piece 17-Ounce Mug Set, Off White", "tags": "Shop All The Pioneer Woman Plates Bowls Kitchen Wedding Registry Dishes Dorm Dining Essentials & Hydration", "relevancy_score": 1014.373656462585, "price": "$14.48"}, {"title": "BlenderBottle 24oz Classic V2, Blue", "tags": "Aqua Fitness Water Bottles & Hydration Missouri Tigers Ole Miss Rebels All Exercise and Accessories Contigo Shaker Drinkware", "relevancy_score": 51.103541666666665, "price": "$7.48"}, {"title": "T-fal Easy Care 8\" Nonstick Frypan, Black", "tags": "Shop All T-fal Non Stick Cookware Non-Stick Tramontina Ceramic Saucepans", "relevancy_score": 746.3097783687944, "price": "$9.97"}, {"title": "The Pioneer Woman Timeless Beauty 5-Quart Dutch Oven, Turquoise", "tags": "The Pioneer Woman Cookware Cast Iron Dutch Ovens Shop All Pots and Pans &", "relevancy_score": 600.470695329087, "price": "$39.76"}, {"title": "Tramontina PrimaWare 3 Quart Non-Stick Steel Gray Covered Sauce Pan", "tags": "Skillets & Frying Pans Non Stick Cookware Non-Stick Shop All T-fal Tramontina Stainless Steel Pots", "relevancy_score": 430.85476666666665, "price": "$12.76"}, {"title": "Mainstays 12-Piece Square Clear Glass Dinnerware Set", "tags": "Summer Entertaining-Dinnerware Dinnerware Plates Kitchen Wedding Registry Small kitchen ideas Better Homes & Gardens Dorm Dining Essentials Hydration", "relevancy_score": 2255.3802002355715, "price": "$25.86"}, {"title": "The Pioneer Woman 16\" x 17\" Dazzling Dahlias Quilted Chair Pad", "tags": "Shop All The Pioneer Woman Kitchen Curtains Placemats Gripper Chair Pads Dishes & Table Linens Dorm Dining Essentials New Arrivals", "relevancy_score": 492.22592039801, "price": "$10.71"}, {"title": "Gotham Steel 12 Piece Nonstick Cookware Set", "tags": "All As Seen on TV Kitchenware Gotham Steel Griddles Skillets &Fry Pans Outdoor and Tools Lighting & Top Picks Cookware", "relevancy_score": 1091.755948673587, "price": "$79.88"}, {"title": "Rubbermaid, Dish Drainer, Antimicrobial, Small, Chrome", "tags": "Drawers & Cabinet Organizers Dinnerware Serving Storage Sink Accessories Dish Racks Over Kitchen Towels Utensil Holders Counter Drying Mats", "relevancy_score": 922.4442644320297, "price": "$11.82"}, {"title": "Mainstays 31\" Round High Top Folding Table, Walnut", "tags": "Kitchen & Dining Plastic Folding Tables Shop All Chairs Pub Sets Black White", "relevancy_score": 817.9744323671497, "price": "$35.00"}, {"title": "BalsaCircle 90\" x 132\" Rectangular Polyester Tablecloth for Party Wedding Reception Catering Dining Home Table Linens", "tags": "Party Tableware Rectangular Plastic Tablecloths Bridal Shower Valentine's Tablecovers Christmas Character New Years Themed", "relevancy_score": 147.16967514124295, "price": "$8.61"}, {"title": "Contigo Couture Stainless Steel Travel Mug 20 Oz, Camouflage", "tags": "Plastic Water Bottles Shop All Tumblers Contigo Simple Modern Kids' Drinking Glasses Dorm Dining & Hydration", "relevancy_score": 144.8432650273224, "price": "$10.74"}, {"title": "Tramontina PrimaWare 5 Quart Non-Stick Covered Jumbo Cooker", "tags": "Shop All T-fal Non Stick Cookware Non-Stick Induction Tramontina Ceramic", "relevancy_score": 627.1574523809523, "price": "$18.76"}, {"title": "Taylor Digital Folding Probe Thermometer with Backlight", "tags": "Farberware Tools and Gadgets Analog Thermometers Cool Kitchen Grill KitchenAid Food Scales Shop All Refrigerator", "relevancy_score": 197.75885416666668, "price": "$12.97"}, {"title": "Mainstays 20 Quart Stock Pot", "tags": "Non Stick Cookware Induction Steamer Baskets Tramontina Stainless Steel T-fal Multipots Pots", "relevancy_score": 601.5865104166667, "price": "$24.98"}, {"title": "Anchor Hocking Central Park Glass Set, 16 Count", "tags": "Summer Entertaining-Drinkware Kitchen Wedding Registry Small kitchen ideas Dinnerware Sets Dorm Dining Essentials Drinking Glasses & Hydration", "relevancy_score": 516.4945486111111, "price": "$23.99"}, {"title": "BlenderBottle 20oz Classic Shaker Cup FC Black", "tags": "Water Bottles & Hydration Missouri Tigers Ole Miss Rebels All Exercise and Fitness Accessories Contigo Shaker Drinkware South Carolina Gamecocks", "relevancy_score": 477.2184899749373, "price": "$7.05"}, {"title": "Arctic Zone Lunch Box Combo with Accessories and Microban\u00ae Protected Easy Clean Lining, Camo", "tags": "Shop All Food Storage Containers Lunch Boxes & Bags Kids Tableware Rubbermaid Meal Prep", "relevancy_score": 155.34502604166667, "price": "$9.96"}, {"title": "Corelle Livingware Splendor 12.25\" Serving Platter", "tags": "Dinnerware Plates Sets Serving Bowls Dinner Dorm Dining Essentials & Hydration", "relevancy_score": 339.0899166666667, "price": "$11.86"}, {"title": "Joie Egg Ring", "tags": "Specialty Cookware Cast Iron Chopping & Slicing Microwave Cooking Gadgets Mandolines Slicers Cool Kitchen Egg Cookers Poachers", "relevancy_score": 137.61218253968252, "price": "$3.27"}, {"title": "Creativeware Creative Bath Twist 24-Ounce Assorted Plastic Tumblers, Set of 10 Cups", "tags": "Summer Entertaining-Drinkware Drinkware Shop All Tumblers Outdoor Melamine Dinnerware Sets Dorm Dining Essentials Drinking Glasses", "relevancy_score": 1448.8523497267759, "price": "$14.99"}, {"title": "Boraam Augusta 29\" Swivel Bar Stool, Cappuccino", "tags": "Red Bar Stools Swivel Full Back Brown Wood Counter Traditional", "relevancy_score": 9613.751672565675, "price": "$105.25"}, {"title": "Rubbermaid Small Sink Protector, Black", "tags": "Counter Organizers Drawers & Cabinet Dinnerware Serving Storage Joseph KitchenAid Utensil Holders Drying Mats Dish Racks", "relevancy_score": 457.0545652173913, "price": "$6.32"}, {"title": "Farberware Luna Porcelain Enamel 2.5 Quart White Tea Kettle", "tags": "Shop All The Pioneer Woman Electric Kettles Tea Cup & Saucer Sets Cutting Boards Food Prep KitchenAid Beverage Dispensers", "relevancy_score": 691.7171929824561, "price": "$19.48"}, {"title": "Bodum Bean 12 Cup Cold Brew Black Iced Coffee Maker", "tags": "Coffee Prep French Presses Small kitchen ideas Pour Overs Makers Beer Glasses Dorm Bath Essentials Dining & Hydration", "relevancy_score": 354.1880092592593, "price": "$12.88"}, {"title": "The Pioneer Woman Heritage Floral 24-Ounce Double Wall Vacuum Insulated Stainless Steel Tumbler", "tags": "Shop All The Pioneer Woman Water Bottles Tumblers Outdoor Melamine Dinnerware Dishes Kitchen & Table Linens Drinking Glasses New Arrivals", "relevancy_score": 962.7907476943346, "price": "$12.84"}, {"title": "Brew & Save Reusable Coffee Filter for Keurig 1.0 and 2.0 Brewers, Purple", "tags": "Single-Serve Cups & Pods Arabica Coffee Paper Filters Cold Weather Beverages Cappuccino Keurig K-Cups Gaming Snacks Drinks", "relevancy_score": 939.9237037037037, "price": "$5.10"}, {"title": "Rubbermaid, Easy Find Lids, Food Storage Container, Large, 2.5 Gal, Red", "tags": "Food Storage Shop All Containers Kitchen Canisters Rubbermaid Dorm Meal Prep Dining Essentials & Hydration", "relevancy_score": 593.2066971544716, "price": "$12.98"}, {"title": "Tasty 9.5\" Diamond Reinforced Non-Stick Frying Pan - Copper", "tags": "Non Stick Cookware Non-Stick Induction Tasty Tramontina Ceramic Copper Pans & Skillets", "relevancy_score": 571.1967283950618, "price": "$11.20"}, {"title": "Rubbermaid, Step On Wastebasket, 13 gal, Plastic, Black", "tags": "Shop All Trash Cans 13 Gallon Step Hefty Rubbermaid Teens' Bathroom Stainless Steel", "relevancy_score": 2398.5984907709008, "price": "$19.98"}, {"title": "Cuisinart Heavy-Weight Pre-Seasoned Cast Iron Grill Press", "tags": "Outdoor Griddle Tools & Accessories Griddles Shop All Grill Parts Cookware and Supplies Presses Cooking Tool Sets Blackstone", "relevancy_score": 354.1880092592593, "price": "$9.97"}, {"title": "Mainstays Stainless Steel Trigger Cookie Scoop", "tags": "Shop All The Pioneer Woman KitchenAid Utensils & Gadgets Cooling Racks Farberware Tools and Decorating", "relevancy_score": 96.00772727272728, "price": "$5.81"}, {"title": "Mainstays 16-Piece Drinkware Glass Set", "tags": "Summer Entertaining-Drinkware Kitchen Wedding Registry Small kitchen ideas Dinnerware Sets Dorm Bundles Drinkware Dining Essentials & Hydration", "relevancy_score": 398.0525438596491, "price": "$18.99"}, {"title": "Hamburg 1.5 Gallon Beverage Dispenser & Stand", "tags": "Food Warmers Coffee Storage Kitchen Wedding Registry Cake Stands Pitchers & Carafes Serving Platters Trays Dorm Dining Essentials", "relevancy_score": 911.8988942931259, "price": "$13.49"}, {"title": "Rubbermaid, Modular Cereal Keeper with Flip-Top, Red, 18 Cup", "tags": "Counter Organizers Food Storage Coffee Shop All Containers Kitchen Canisters Rubbermaid Meal Prep Dorm Dining & Hydration", "relevancy_score": 1264.378558114035, "price": "$8.10"}, {"title": "Farberware Classic 6-Piece Full Tang Triple Riveted Knife Prep Set with Black Handles", "tags": "Paring Knives Chef's Cutlery Sets Steak Specialty Bread Kitchen Dorm Dining & Hydration", "relevancy_score": 323.210303030303, "price": "$14.97"}, {"title": "Instant Pot Duo 7-in-1 Electric Pressure Cooker 6Qt, Disney Mickey Mouse \u2013 Red", "tags": "", "relevancy_score": 45.11865384615385, "price": "$79.99"}, {"title": "Farberware 11-inch Silicone Tip Locking Tongs, Black and Stainless Steel", "tags": "KitchenAid Utensils & Gadgets Cooking Farberware Tools and Food Prep Flatware Serving Safe for Nonstick Cookware Kitchen Utensil Sets", "relevancy_score": 272.9427777777778, "price": "$7.97"}, {"title": "The Pioneer Woman Frontier Speckle 24-Piece Cookware Combo Set, Turquoise", "tags": "The Pioneer Woman Cookware Shop All Non Stick sets Sets Pots and Pans &", "relevancy_score": 2805.6069287949917, "price": "$129.99"}, {"title": "The Pioneer Woman Melody 4-Piece Pasta Bowl Set", "tags": "Shop All The Pioneer Woman Dish Sets Plates Bowls Dinnerware Serving Dishes", "relevancy_score": 1464.2104319105692, "price": "$25.25"}, {"title": "Expert Grill Stainless Steel Multi-use Shears with Plastic Handle", "tags": "Grill Thermometers Shop All Parts Cookware and Supplies Wood Chips Charcoal Outdoor Cooking Tools & Accessories Starters Tool Sets", "relevancy_score": 72.99661347517731, "price": "$0.98"}, {"title": "Pyrex Simply Storage 1 Cup Storage Dish Value Pack, 4 Count", "tags": "Food Savers & Accessories Mason Jars Canning Storage Baking Dishes Shop All Containers Bakeware Sets Glass Meal Prep", "relevancy_score": 765.124453125, "price": "$10.20"}, {"title": "Mainstays Safe Cut Black Can Opener", "tags": "Kitchen Tools & Gadgets KitchenAid Utensils Cooking Electric Can Openers Farberware and Food Prep", "relevancy_score": 540.6916511387162, "price": "$8.97"}, {"title": "The Pioneer Woman Flea Market Floral Spoon Rest and Salt & Pepper Shaker Set, Turquoise", "tags": "Counter Organizers Shop All The Pioneer Woman Dish Sets Food Prep Dishes Tools and Gadgets Kitchen & Table Linens New Arrivals", "relevancy_score": 1485.237959280303, "price": "$13.79"}, {"title": "Blue Diamond Ceramic Non-Stick Skillet, 10\"", "tags": "Non Stick Cookware Non-Stick Greenlife Induction Sets Griddles & Grill Pans Shop All Fall Decor Ceramic", "relevancy_score": 3810.2662057728126, "price": "$19.99"}, {"title": "Wilton Icing Color, Christmas Red, 1oz", "tags": "Fourth of July Decorative Baking Wilton Icing and Decorations Decorating Tips Easter Edibles Valentine's Day Treat Colors & Sprays Basketball Tools", "relevancy_score": 5.14239247311828, "price": "$1.75"}, {"title": "Lodge Pre-Seasoned Cast Iron Reversible Grill/Griddle, LDP3", "tags": "Specialty Cookware Summer Entertaining-Cookware, Bakeware & Tools Cast Iron Induction Lodge Griddles Skillets Electric", "relevancy_score": 1271.1977358490567, "price": "$29.90"}, {"title": "Farberware 12-inch x 15-inch Glass Cutting Board, Black", "tags": "Kitchen Tools & Gadgets Plastic Cutting Boards Cooking Utensils Bamboo Glass Dorm Bundles Food Prep Safe for Nonstick Cookware", "relevancy_score": 158.74502604166665, "price": "$6.03"}, {"title": "Efavormart Pack of 5 Premium 17\" x 17\" Washable Polyester Napkins Great for Wedding Party Restaurant Dinner Parties", "tags": "Fabric Tablecloths Wedding Napkin Rings Charger Plates Placemats Table Runners Dorm Dining Essentials", "relevancy_score": 232.75885416666665, "price": "$2.04"}, {"title": "Punch Ladle", "tags": "Mixing Bowls Cooking Utensils Kitchen Wedding Registry Mainstays Beverage Dispensers Bar Tools Dorm Dining Essentials Utensil Rollback", "relevancy_score": 63.73451550387597, "price": "$0.98"}, {"title": "Sticky Toffee, 6 Pack, Cotton Terry Kitchen Towel and Dishcloth Set, Yellow", "tags": "Shop All The Pioneer Woman T-fal Kitchen Linen Sets Towel Value Oven Mitts & Pot Holders Towels Dish Table Linens Tea Flour Sack", "relevancy_score": 200.40012557077623, "price": "$14.88"}, {"title": "Round Glass Canister", "tags": "Apothecary Jars Coffee Storage Shop All Food Containers Kitchen Canisters Rubbermaid Coat Racks Glass Meal Prep", "relevancy_score": 180.03767412935323, "price": "$5.71"}, {"title": "Farberware Professionals Red, Green & Orange or Purple, Aqua, & Red Strainer Set of 3", "tags": "Kitchen Tools & Gadgets Tea Accessories KitchenAid Utensils Measuring Cups Spoons Funnels Funnel Sets Farberware and Food Prep", "relevancy_score": 231.59922764227645, "price": "$7.97"}, {"title": "Select by Calphalon Hard-Anodized Nonstick 10-Inch Fry Pan with Cover", "tags": "Non Stick Cookware Non-Stick Calphalon Shop All T-fal Tramontina Ceramic", "relevancy_score": 589.1429495614035, "price": "$29.97"}, {"title": "Goodcook Ice Pop Maker Sipper", "tags": "Tasty Tools & Gadgets Ice Cube Trays Cream Makers Cool Kitchen Fruit Vegetable Frozen Drink Pineapple Corers", "relevancy_score": 166.29496376811596, "price": "$4.97"}, {"title": "Contigo Couture Snapseal Stainless Steel Travel Mug 16 Oz, Gunmetal", "tags": "Plastic Water Bottles Shop All Tumblers Flasks Contigo Simple Modern Drinking Glasses Dorm Dining & Hydration", "relevancy_score": 128.13097701149425, "price": "$9.98"}, {"title": "Libbey Clear Boston Drinkware Set, 16 Piece", "tags": "Drinkware Kitchen Wedding Registry Dinnerware Sets Dorm Dining Essentials Outdoor Melamine Drinking Glasses & Hydration", "relevancy_score": 1130.9326212121211, "price": "$17.98"}, {"title": "Mainstays Stainless Steel 3 Quart Sauce Pan with Straining Lid", "tags": "Non Stick Cookware Non-Stick Induction Soup & Stockpots Tramontina Stainless Steel T-fal Pots", "relevancy_score": 725.2982364341085, "price": "$12.97"}, {"title": "Lightahead Lightahead Stainless Steel 13pcs Kitchen Knife Set with Rubber Wood Block - Chef knife, Bread knife, Carving knife, Utility knife, Paring knife & 6 pcs Steak knife, Scissors", "tags": "Paring Knives Cutlery Sets Specialty Bread Dorm Bundles Knife Block Set Kitchen Dining & Hydration", "relevancy_score": 507.53133333333335, "price": "$14.99"}, {"title": "Tramontina Everyday Non-Stick Red Fry Pan & Griddle Set, 3 Piece", "tags": "Non Stick Cookware Non-Stick Shop All T-fal Dorm Bundles Tramontina Griddles & Grill Pans Ceramic", "relevancy_score": 601.5865104166667, "price": "$19.94"}, {"title": "Instant Pot DUO80 8-Quart 7-in-1 Multi-Use Programmable Pressure Cooker, Slow Cooker, Rice Cooker, Saut\u00e9, Steamer, Yogurt Maker and Warmer", "tags": "Instant Pot Non Stick Cookware Pressure Cookers Non-Stick Accessories & Canners Shop all Pots", "relevancy_score": 1794.4855686517783, "price": "$99.00"}, {"title": "Aunt Martha's Poly Cotton White Twill Apron, 28\" x 35\"", "tags": "Living Room Better Homes & Gardens Storage Cubes Kitchen Linen Sets Dorm Table Runners Small Space Desks Office Furniture White Drew Barrymore Flower Home Dining", "relevancy_score": 241.31868473895582, "price": "$5.46"}, {"title": "Corelle Classic True Blue 16-Piece Dinnerware Set", "tags": "The Pioneer Woman Dish Sets Plates Kitchen Wedding Registry Small kitchen ideas Serving Bowls Dishes Dinner Dorm Dining Essentials", "relevancy_score": 1338.7924309978769, "price": "$39.99"}, {"title": "Farberware 6-Quart Cookware Aluminum Pressure Cooker", "tags": "Shop All T-fal Pressure Cookers Induction Cookware & Canners Stainless Steel Pots", "relevancy_score": 573.4944655797102, "price": "$19.99"}, {"title": "The Pioneer Woman Dazzling Dahlias 2 Quart Tea Kettle, Teal", "tags": "The Pioneer Woman Cookware Shop All Tea Cup & Saucer Sets Dishes Tools and Gadgets Pots Pans New Arrivals", "relevancy_score": 1228.020044642857, "price": "$24.84"}, {"title": "Imusa 32Qt Aluminum Steamer or Stockpot with Glass Lid and Removable Rack", "tags": "Shop All Dutch Ovens Induction Cookware Soup & Stockpots Steamer Baskets Tramontina Stainless Steel Multipots Pots", "relevancy_score": 627.1574523809523, "price": "$22.38"}, {"title": "Blackstone Egg Ring Bundle, 8 Pack - 4 Square, 4 Circle", "tags": "Shop All Grill Tools & Accessories Outdoor Griddles Flat Top Grills Cookware and Supplies Cooking Blackstone Covers Tool Sets", "relevancy_score": 190.52238095238096, "price": "$19.97"}, {"title": "Evri EZ-Open Corkscrew", "tags": "Wine Racks Shop All Glasses Electric Bottle Openers Bar Serveware & Storage Beer Tools Stoppers", "relevancy_score": 55.47138888888889, "price": "$3.94"}, {"title": "Boveda 62% RH 2-Way Humidity Control | Size 8 Protects Up to 1 Oz | 10-Count", "tags": "", "relevancy_score": 81.53536231884058, "price": "$14.25"}, {"title": "The Pioneer Woman Breezy Blossoms Nonslip Cutting Board Set, 2-Pieces", "tags": "Celebrity Chef Cooking Utensils Shop All The Pioneer Woman Food Prep Dishes Tools and Gadgets Kitchen & Table Linens New Arrivals", "relevancy_score": 366.03754065040647, "price": "$18.97"}, {"title": "Gibson Home Everyday Round 12-Piece Dinnerware Set", "tags": "Summer Entertaining-Dinnerware Dinnerware Flatware Sets Plates Small kitchen ideas Better Homes & Gardens Dorm Dining Essentials Hydration", "relevancy_score": 552.5429495614035, "price": "$16.99"}, {"title": "(5 Pack) Wilton Sanding Sugar, Pink, 2.5oz", "tags": "Wilton Cake Decorating Icing and Decorations Gender Reveal Baking Easter Decorative Edibles Llama Treat Pink Mother's Day", "relevancy_score": 20.519313725490196, "price": "$4.57"}, {"title": "Mainstays Chiara 16-Piece Gray Dinnerware Set", "tags": "", "relevancy_score": 257.59922764227645, "price": "$25.88"}, {"title": "Pyrex Deep 9\" x 13\" Bakeware Dish with Sage Lid", "tags": "Beach Towels Shop All The Pioneer Woman Bakeware Sets Cast Iron Dutch Ovens Pie Dishes & Tart Pans Glass Storage Containers Kids' New Arrivals", "relevancy_score": 987.8506560283688, "price": "$14.97"}, {"title": "The Pioneer Sweet Rose Kitchen Towel and Mini Mitt, Set of 6", "tags": "Celebrity Chef Cooking Utensils Shop All The Pioneer Woman Dish Sets Food Prep Dishes Tools and Gadgets Kitchen Towels & New Arrivals", "relevancy_score": 71.40450757575758, "price": "$19.99"}, {"title": "The Pioneer Woman Flea Market Pie Plate & Baking Dish Set", "tags": "Shop All The Pioneer Woman Baking Dishes Bakeware Sets Pie & Tart Pans Food Prep Tools and Gadgets New Arrivals", "relevancy_score": 760.4208420593369, "price": "$21.72"}, {"title": "Granite Stone 10-Piece Nonstick Pots and Pans Cookware Set, Ultimate Durability And Nonstick with Mineral & Diamond Triple Coated", "tags": "All As Seen on TV Kitchenware Gotham Steel Griddles Skillets &Fry Pans Outdoor and Tools Lighting & Top Picks Cookware", "relevancy_score": 1178.4590979381444, "price": "$89.00"}, {"title": "As Seen On TV RoboTwist Single Touch Electric Jar Opener - Works on Jars of all Sizes", "tags": "As Seen on TV Personal Care and Health All Kitchenware Gotham Steel Griddles Skillets &Fry Pans Top Picks Cookware Brooms", "relevancy_score": 1095.9771204620463, "price": "$19.99"}, {"title": "Tasty Carbon Steel 14\" Non-Stick Blue Wok with Helper Handle", "tags": "Cast Iron Cookware Woks Tasty Tools & Gadgets Non Stick Non-Stick", "relevancy_score": 887.8865770252324, "price": "$19.88"}, {"title": "KitchenAid Heat Resistant Nylon Slotted Turner, Black", "tags": "Silicone Spatula KitchenAid Utensils & Gadgets Cooking Safe for Nonstick Cookware Nylon Metal Kitchen Utensil Sets", "relevancy_score": 214.19436147186147, "price": "$6.97"}, {"title": "The Pioneer Woman Adeline Cookie Jar, Turquoise", "tags": "Counter Organizers Shop All The Pioneer Woman Cookie Jars Food Storage Containers Dishes Glass Meal Prep Dorm Dining Essentials", "relevancy_score": 1620.8879967159278, "price": "$16.89"}, {"title": "T-fal One Egg Wonder Aluminum Non-Stick Frying Pan", "tags": "Shop All T-fal Non Stick Cookware Non-Stick Induction Tramontina Ceramic", "relevancy_score": 555.6259226190476, "price": "$5.47"}, {"title": "The Pioneer Woman Luster Green 12.5-Ounce Pearlized Goblet, Set of 4", "tags": "Shop All The Pioneer Woman Dish Sets Bowls Drinkware Pitchers & Carafes Dishes Dorm Dining Essentials New Arrivals", "relevancy_score": 843.7681910569106, "price": "$14.88"}, {"title": "Ozark Trail 4-piece Cast Iron Skillet Set with Handles and Griddle", "tags": "Camping Cookware Camp Cooking Accessories Dinnerware Coleman Kitchen Ozark Trail All Lights & Lanterns", "relevancy_score": 313.57654040404043, "price": "$20.00"}, {"title": "Contigo SnapSeal Byron Vacuum-Insulated Stainless Steel Travel Mug, 16 oz, Gunmetal", "tags": "Plastic Water Bottles Shop All Kids Tableware Tumblers Contigo Kids' Drinking Glasses Dorm Dining & Hydration", "relevancy_score": 2621.125257964812, "price": "$8.99"}, {"title": "Bubba Trailblazer Stainless Steel Water Bottle with Straw | Insulated Water Bottle with Straw Spout, 40 oz, Very Berry Blue", "tags": "Shop All Food Storage Containers Plastic Water Bottles Travel Mugs Flasks Contigo Bubba Kids' Thermoses", "relevancy_score": 696.6944655797101, "price": "$14.98"}, {"title": "(4 Pack) Wilton Heart Grippy Plastic Cookie Cutter", "tags": "Wilton Cake Decorating Cookie Cutters Making Themed Decorative Baking Seasonal Pans Tools", "relevancy_score": 10.275885416666666, "price": "$5.92"}, {"title": "Modern Iron Metal industrial Indoor/Outdoor Dining Chairs, Set of 4, Black", "tags": "Black Dining Chairs Industrial Modern Metal All White Set of 2", "relevancy_score": 320.4765404040404, "price": "$100.00"}, {"title": "Farberware Professional Black Stainless Steel Can Opener", "tags": "KitchenAid Utensils & Gadgets Electric Can Openers Farberware Tools and Food Peelers Prep Mixing Measuring", "relevancy_score": 105.26753205128206, "price": "$8.78"}, {"title": "Instant, Omni, 9-In-1 Toaster Oven With Air Fry, Dehydrate, Toast, Roast, Bake, Broil, And Reheat Features", "tags": "Shop All Toaster Ovens Air Fryer Big Game Convection Cuisinart Fryers", "relevancy_score": 493.6945486111111, "price": "$124.00"}, {"title": "The Pioneer Woman Flea Market Scalloped 7-Ounce Ramekins, Set of 6", "tags": "Shop All The Pioneer Woman Dish Sets Bowls Food Prep Serving Dishes Tools and Gadgets New Arrivals", "relevancy_score": 1064.6865770252323, "price": "$13.98"}, {"title": "The Pioneer Woman Rose Shadow 4-Piece 18-Ounce Latte Mug Set", "tags": "Shop All The Pioneer Woman Dish Sets Plates Bowls Dinnerware Dishes Dorm Dining Essentials", "relevancy_score": 967.3506560283688, "price": "$17.88"}, {"title": "Expert Grill BBQ Grill Brush with Steel Bristles & Plastic Handle", "tags": "Food Thermometers 13 Gallon Trash Cans 20-Piece Flatware Sets Dishwasher Baskets & Racks Roasting Pans Stainless Steel 45-Piece", "relevancy_score": 52.86119047619047, "price": "$0.98"}, {"title": "GoodCook Round Pizza Baking Stone Metal Rack, 2 Piece", "tags": "Shop All T-fal Pastry Tools Calphalon Bakeware Toaster Ovens Sets Pizza Cutters Nordic Ware", "relevancy_score": 107.87827956989247, "price": "$9.97"}, {"title": "Rubbermaid Brilliance Food Storage Container, Small, 1.3 Cup, 2-Pack", "tags": "Coffee Storage Shop All Food Containers Rubbermaid Kitchen Wedding Registry Dorm Bundles Meal Prep Dining Essentials & Hydration", "relevancy_score": 18.519313725490196, "price": "$12.93"}, {"title": "Way to Celebrate Prismatic Dots 54\" x 84\" Plastic Party Tablecloth", "tags": "Shop All The Pioneer Woman Fabric Tablecloths Wedding Round Outdoor Vinyl Kitchen & Table Linens Dorm Dining Essentials", "relevancy_score": 41.103541666666665, "price": "$2.97"}, {"title": "Sweet Creations Round Cake Pop Press Mold", "tags": "Ice Cream Scoops Cookie Cutters & Presses Cake Bundt Pans Donut Makers Pop Decorating Tools Cupcake Muffin", "relevancy_score": 10.275885416666666, "price": "$2.97"}, {"title": "Contigo Ashland Chill 20 Oz Autospout Straw Stainless Steel Water Bottle, Sangria", "tags": "Plastic Water Bottles Travel Mugs Contigo Bubba Kids' with Straws Thermoses Dorm Dining & Hydration", "relevancy_score": 1318.0029089026916, "price": "$26.27"}, {"title": "Bunn Commercial Coffee Filters, 12-Cup Size, 1,000-Pack", "tags": "Ground Coffee Bunn Filters Folgers Cold Weather Beverages & Pods All Melitta Reusable", "relevancy_score": 899.3358915574963, "price": "$13.30"}, {"title": "Great Value Fresh Seal Double Zipper Gallon Freezer Bags Super Mega Pack, 80 count", "tags": "Ziploc Bags Hefty All Toilet Paper Food Lysol Great Value", "relevancy_score": 1352.8964221871715, "price": "$3.82"}, {"title": "Contigo SnapSeal Insulated Stainless Steel Travel Mug with Grip, 24 oz., Blue Corn", "tags": "Plastic Water Bottles Shop All Tumblers Contigo with Straws Thermoses Drinking Glasses Dorm Dining & Hydration", "relevancy_score": 30.735694444444444, "price": "$14.84"}, {"title": "Folding Stool, Heavy Duty 18-Inch Collapsible Stool with 300lb Capacity by Trademark Home", "tags": "Kitchen & Dining Folding Chairs Shop All Stools Black Bar Counter Metal Transitional", "relevancy_score": 1029.1106495564006, "price": "$14.65"}, {"title": "Mainstays 7 Piece Nonstick Dishwasher Safe Cookware Set, Black", "tags": "Non Stick Cookware Non-Stick Induction Dorm Bundles Ceramic T-fal Sets Dining & Hydration", "relevancy_score": 388.74622311827954, "price": "$14.94"}, {"title": "Instant Pot Official Mesh Steamer Baskets - Set of 2, Small and Large", "tags": "Instant Pot Pressure Cookers Cake & Bundt Pans Canners Steamer Baskets Egg Tools Stainless Steel Cookware Shop all", "relevancy_score": 355.6529761904762, "price": "$18.68"}, {"title": "Gibson Everyday Contempo Hues 15-Ounce Mug Set with Rack, Set of 6", "tags": "Dinnerware & Serving Storage Kitchen Wedding Registry Sets Espresso Cups Dorm Dining Essentials Coffee Mugs Drinking Glasses Hydration", "relevancy_score": 1427.8552913279132, "price": "$15.62"}, {"title": "The Pioneer Woman Heritage Floral Fabric Tablecloth, 70\" Round, Available in Multiple Sizes", "tags": "Shop All The Pioneer Woman Fabric Tablecloths Round Vinyl Placemats Dishes Kitchen & Table Linens Dorm Dining Essentials", "relevancy_score": 468.6876162790698, "price": "$13.96"}, {"title": "Ozark Trail Non-Stick Carbon Steel 9.5\" Frying Pan with Collapsible Handle", "tags": "Camping Stoves Camp Cooking Accessories Dinnerware Coleman Kitchen Ozark Trail Untensils All", "relevancy_score": 322.98800925925923, "price": "$6.83"}, {"title": "10 Strawberry Street Simply White Coupe 16-Piece Dinnerware Set", "tags": "Dinnerware Plates Small kitchen ideas Better Homes & Gardens White Dinner Dorm Dining Essentials Hydration", "relevancy_score": 1521.96840948651, "price": "$36.20"}, {"title": "BalsaCircle Cushions for Chiavari Chairs - Wedding Party Event Furniture Reception Dinner Catering Ceremony Decorations, Navy Blue", "tags": "Favors Tiaras Birthday Crowns Queen Wedding Thank You Cards Bridal Shower Party Wear & Accessories", "relevancy_score": 503.74294956140346, "price": "$6.99"}, {"title": "Mainstays Stainless Steel 4 Quart Steamer Pot with Steamer Insert and Lid", "tags": "Induction Cookware Soup & Stockpots Steamer Baskets Tramontina Stainless Steel Multipots Pots Food Steamers", "relevancy_score": 366.03754065040647, "price": "$14.97"}, {"title": "Gibson Home Canton 16-Piece Glass Set", "tags": "Summer Entertaining-Drinkware Drinkware Kitchen Wedding Registry Dinnerware Sets Melamine Dorm Dining Essentials Drinking Glasses & Hydration", "relevancy_score": 204.79436147186146, "price": "$19.99"}, {"title": "Better Homes & Gardens Porcelain Large Square Serve Bowl, White", "tags": "Summer Entertaining-Dinnerware Plates Kitchen Wedding Registry Dinnerware Sets Serving Bowls Platters & Trays White", "relevancy_score": 398.0525438596491, "price": "$9.87"}, {"title": "Wilton Paw-Shaped Cookie Cutter", "tags": "Pastry Tools Cake & Bundt Pans Decorating Cupcake Muffin Nordic Ware Whisks Blenders", "relevancy_score": 16.519313725490196, "price": "$0.98"}, {"title": "Coleman Brew Insulated Stainless Steel Tumbler, 20oz", "tags": "Shop All Water Bottles Tumblers Flasks Simple Modern Coleman Ozark Trail Drinking Glasses Dorm Dining & Hydration", "relevancy_score": 122.53097701149424, "price": "$15.00"}, {"title": "FloTool Multi-Purpose Funnel", "tags": "Mason Jars & Canning Measuring Tools Ice Cream Scoops Cups Spoons Flasks Body Pillow Covers Pillows Supplies", "relevancy_score": 78.0966134751773, "price": "$4.21"}, {"title": "The Pioneer Woman Patchwork Fabric Tablecloth, 60\"W x 84\"L, Available in Multiple Sizes", "tags": "Shop All The Pioneer Woman Fabric Tablecloths Round Outdoor Vinyl Dishes Kitchen & Table Linens Dorm Dining Essentials", "relevancy_score": 507.43324074074076, "price": "$14.96"}, {"title": "Coghlan's 12 Size Yellow Polypropylene Egg Holder for Safely Transporting and Storing Eggs", "tags": "Spice Racks Coffee Percolators Shop All Food Storage Containers Rubbermaid Grill Skewers Vinyl Tablecloths Tools Meal Prep", "relevancy_score": 87.76566666666666, "price": "$1.88"}, {"title": "Tramontina PrimaWare Non-Stick Steel Gray Saut Pan Set, 2 Piece", "tags": "Non Stick Cookware Non-Stick Induction Shop All T-fal Tramontina Ceramic Saucepans", "relevancy_score": 269.5747644927536, "price": "$14.88"}, {"title": "Melitta #2 Natural Brown Cone Coffee Filters, 100 Ct", "tags": "Ground Coffee Colombian Decaf Nut Free Foods Dairy Melitta Filters All Reusable", "relevancy_score": 139.33097701149427, "price": "$7.50"}, {"title": "Mr. Coffee 12 Cup Electric Black Coffee Grinder with Multiple Settings", "tags": "French Presses Burr Coffee Grinders Dorm Appliances KitchenAid Krups", "relevancy_score": 2940.0325137174214, "price": "$40.51"}, {"title": "The Pioneer Woman Vintage Floral Honey Jar with Lid and Wood Dipper", "tags": "Counter Organizers Shop All The Pioneer Woman Kitchen Canisters Food Prep Dishes Tools and Gadgets Dorm Dining Essentials New Arrivals", "relevancy_score": 521.8545652173913, "price": "$12.73"}, {"title": "Way To Celebrate 2.1 Gallon Crystal Ball Glass Dispenser", "tags": "Shop All The Pioneer Woman Kitchen Wedding Registry Beverage Tubs Tea Cup & Saucer Sets Coffee Urns Kettles Dorm Dining Essentials Personalized", "relevancy_score": 33.73511261261261, "price": "$19.97"}, {"title": "Set of 6 stainless Steel Mixing Bowls", "tags": "Measuring Tools Food Strainers & Colanders Cups Spoons Cooking Utensils Prep Safe for Nonstick Cookware Kitchen Utensil Sets Mixing", "relevancy_score": 439.8714501312336, "price": "$19.99"}, {"title": "Efavormart Clear Vinyl Tablecloth Protector Eco-Friendly Cover for Picnic Banquet Kitchen Dining Catering Wedding Birthday Party", "tags": "Shop All The Pioneer Woman Fabric Tablecloths Wedding Round Outdoor Vinyl Kitchen & Table Linens Dorm Dining Essentials", "relevancy_score": 114.50643939393939, "price": "$5.99"}, {"title": "The Pioneer Woman Melody 12.75-Inch Large Pasta Serving Bowl", "tags": "Shop All The Pioneer Woman Dish Sets Serving Bowls Dishes Platters & Trays Dorm Dining Essentials New Arrivals", "relevancy_score": 439.40135154061625, "price": "$17.65"}, {"title": "Wilton Graveyard Icing Decorations Kit", "tags": "Halloween Baking & Cooking Supplies Thanksgiving Dessert Treat Decorating Wilton Icing and Decorations Candy Buffet Valentine's Day Black White Decorative", "relevancy_score": 7.275885416666667, "price": "$4.98"}, {"title": "Taylor Candy and Deep Fry Thermometer with Adjustable Pan Clip", "tags": "Home Brewing Farberware Tools and Gadgets Analog Thermometers Fryer Parts & Accessories Grill KitchenAid Shop All Refrigerator", "relevancy_score": 126.24326502732241, "price": "$12.97"}, {"title": "Frosted Glass Semi-Transparent Finish Spray", "tags": "Window Films Shop All Food Storage Containers Travel Mugs Glass Film Meal Prep Shelf Liners Bar & Wine Accessories", "relevancy_score": 85.31161564625852, "price": "$3.96"}, {"title": "The Pioneer Woman Blooming Bouquet 2-Quart Tea Kettle", "tags": "Shop All The Pioneer Woman Baking Dishes Pie & Tart Pans Cutting Boards Food Prep Serving Bowls Kitchen Organizers Mixing Measuring", "relevancy_score": 237.75885416666668, "price": "$24.84"}, {"title": "Wilton Support Rods and Caps, 14 pc", "tags": "Pastry Tools Cooking Utensils Cookie Cutters & Presses Cake Bundt Pans Stands Decorating Whisks Blenders", "relevancy_score": 192.46674019607843, "price": "$12.43"}, {"title": "Pyrex 3-quart Glass Baking Dish", "tags": "Shop All Food Storage Containers Kitchen Wedding Registry Bakeware Sets Cake & Bundt Pans Baking Cookie Sheets Glass Meal Prep Dorm Dining Hydration", "relevancy_score": 144.26967514124297, "price": "$7.97"}, {"title": "Blackstone Cast Iron Griddle Press with Non-Slip Handle, Medium", "tags": "Outdoor Griddle Tools & Accessories Griddles Shop All Flat Top Grills Grill Cookware and Supplies Presses Cooking Tool Sets Blackstone", "relevancy_score": 160.71218253968254, "price": "$14.97"}, {"title": "Blackstone Signature Series Stainless Steel Hamburger Spatula", "tags": "Shop All Grill Tools & Accessories Outdoor Griddles Flat Top Grills Cookware and Supplies Cooking Blackstone Covers Tool Sets", "relevancy_score": 182.52238095238096, "price": "$14.97"}, {"title": "Efavormart 54\" Seamless Polyester Square Tablecloth for Kitchen Dining Catering Wedding Birthday Party Decorations Events", "tags": "Linen Tablecloths Fabric Wedding Round Outdoor Vinyl Table Runners Dorm Dining Essentials", "relevancy_score": 107.00643939393939, "price": "$3.79"}, {"title": "Ball, Freezer Jars, Plastic, Grey, 8 oz, 3 Count", "tags": "Coffee Storage Shop All Food Containers Kitchen Canisters Rubbermaid Meal Prep Dorm Dining Essentials Mason Jars & Canning Supplies Hydration", "relevancy_score": 30.735694444444444, "price": "$5.97"}, {"title": "Copper Chef 2.5 Quart Sauce Pan", "tags": "Copper Cookware Non Stick Non-Stick Induction Tramontina Ceramic Stainless Steel Pots", "relevancy_score": 483.5795963541667, "price": "$19.88"}, {"title": "Gibson Home Decha 4-Piece 19 oz Mason Jar Glass Set, Glass", "tags": "Mason Jars & Canning Drinkware Kitchen Wedding Registry Sets Drinking Dorm Dining Essentials Supplies Hydration", "relevancy_score": 440.3547666666666, "price": "$12.99"}, {"title": "Blackstone Signature Extra Large Basting Cover for Steaming & Melting", "tags": "Shop All Grill Tools & Accessories Outdoor Griddles Flat Top Grills Cookware and Supplies Cooking Blackstone Covers Tool Sets", "relevancy_score": 236.79922764227643, "price": "$39.97"}, {"title": "Q-Tees - Hemmed Hand Towel - Color - White - Size - One Size", "tags": "Bath Towels Teens' Towel Sets Shop All Dorm & Laundry Sheets Bundles Bathroom", "relevancy_score": 61.60450757575757, "price": "$5.07"}, {"title": "The Pioneer Woman Flea Market Floral 6.4\" Butter Dish", "tags": "Salt & Pepper Shakers/Mills The Pioneer Woman Dish Sets Bowls Dishes Tools and Gadgets Kitchen Table Linens Butter New Arrivals", "relevancy_score": 2313.365247493734, "price": "$9.50"}, {"title": "4 Pack Black Outdoor Stack Chair with Flex Comfort Material - Patio Stack Chair", "tags": "Folding Tables & Chairs Black Dining Shop All Set of 4 Accent 2", "relevancy_score": 68.9713888888889, "price": "$174.99"}, {"title": "Better Homes & Gardens 16-Piece Modern Farmhouse Mix & Match Dinnerware Set", "tags": "Summer Entertaining-Dinnerware Apothecary Jars Better Homes & Gardens Dinnerware The Pioneer Woman Dishes Dorm Dining Essentials Coffee Mugs Salad Plates Bathroom Decor Sets", "relevancy_score": 218.22463963963966, "price": "$44.96"}, {"title": "Blackstone Tool Holder Combo with Griddle Tool Rack and Magnetic Hooks", "tags": "Shop All Grill Tools & Accessories Outdoor Griddles Flat Top Grills Cookware and Supplies Cooking Blackstone Covers Tool Sets", "relevancy_score": 152.67827956989248, "price": "$19.97"}, {"title": "iTouchless 13 Gallon Touchless Sensor Kitchen Trash Can, Stainless Steel, Odor Filter System", "tags": "Shop All Trash Cans 13 Gallon Dorm Storage Step Hefty Rubbermaid simplehuman Dining & Hydration", "relevancy_score": 2015.6365461215933, "price": "$69.99"}, {"title": "Corelle Square Pure White 16-Piece Dinnerware Set", "tags": "Dinnerware Plates Small kitchen ideas Serving Bowls Dinner Dorm Dining Essentials & Hydration", "relevancy_score": 1729.0871913580245, "price": "$79.99"}, {"title": "Glencairn Crystal Whiskey Glass, Set of 6", "tags": "Shop All Wine Glasses Whiskey Bar Serveware & Storage Beer Decanters Sets Drinking", "relevancy_score": 112.31558176100629, "price": "$29.97"}, {"title": "Libbey 8 Piece Province Glasses Set", "tags": "Summer Entertaining-Drinkware Drinkware Kitchen Wedding Registry Dinnerware Sets Beer & Wine Glasses Drinking Dorm Dining Hydration", "relevancy_score": 309.7284870550162, "price": "$13.98"}, {"title": "Set of 2 Ice Cube Trays with Lids by Chef Buddy", "tags": "Kitchen Tools & Gadgets Rubbermaid Food Storage Popsicle Molds Ice Cube Trays Joseph Cream Makers Scales Meal Prep Containers", "relevancy_score": 103.44943452380951, "price": "$8.62"}, {"title": "Wilton Cookie Treat Sticks, 20-Count", "tags": "Pastry Tools Grill Skewers Cake & Bundt Pans Donut Makers Pop Stands Decorating Whisks Blenders", "relevancy_score": 56.18428861788618, "price": "$7.74"}, {"title": "Ozark Trail 25.5 oz Wine Bottle and 2 Piece 14 oz Wine Glass Set", "tags": "Wine Glass Sets Shop All Water Bottles Tumblers Travel Mugs Stemless Glasses Ozark Trail Beer &", "relevancy_score": 341.17654040404045, "price": "$14.88"}, {"title": "Wilton Icing Smoother Tool", "tags": "Wilton Icing and Decorations Decorating Tips Bakeware Treat Containers & Displays Valentine's Day Basketball Tools", "relevancy_score": 856.3650245098039, "price": "$4.00"}, {"title": "Mainstays 7-Piece Clear Glass Pitcher and Drinkware Tumbler Set", "tags": "Summer Entertaining-Drinkware Kitchen Wedding Registry Dinnerware Sets Bar Serveware & Storage Pitchers Carafes Dorm Dining Essentials Drinking Glasses Hydration", "relevancy_score": 281.97476449275365, "price": "$15.98"}, {"title": "Flash Furniture Aluminum and Rattan Commercial Indoor-Outdoor Restaurant Stack Chair Multiple Colors", "tags": "Shop All Metal Patio Furniture Plastic Lawn Chairs Outdoor Folding Wicker Bistro Sets", "relevancy_score": 200.62463963963964, "price": "$32.85"}, {"title": "2pcs X-Large Bar Stools Adjustable Modern PU Leather Swivel Stool Chair with Backrest Black", "tags": "Metal Bar Stools Armless Adjustable Black Swivel Full Back Shop All & Counter White", "relevancy_score": 292.87654040404044, "price": "$94.99"}, {"title": "The Pioneer Woman 4 Piece Insulated Lunch Kit, Floral Ogee", "tags": "Shop All The Pioneer Woman Lunch Boxes & Bags Kids Tableware Dorm Bundles New Arrivals", "relevancy_score": 541.7133163265305, "price": "$24.88"}, {"title": "T-fal Comfort 12\" Nonstick Frypan, Black", "tags": "Skillets & Frying Pans Shop All T-fal Non Stick Cookware Non-Stick Ceramic Sets", "relevancy_score": 151.9450260416667, "price": "$19.87"}, {"title": "Expandable Drawer Divider and Organizer - Set of 2 Adjustable Household Separators for Kitchen, Dresser, Bedroom, Bathroom and More by Lavish Home", "tags": "Counter Organizers Dinnerware & Serving Storage Under Bed Baskets and Bins Desktop Drawer Kitchen Fabric Utensil Holders Shelf Liners", "relevancy_score": 87.84943452380952, "price": "$12.29"}, {"title": "Wilton Polyester Decorating Bag, 10-Inch", "tags": "Pastry Tools Cooking Utensils Cookie Cutters & Presses Cake Bundt Pans Decorating Cupcake Muffin Whisks Blenders", "relevancy_score": 20.519313725490196, "price": "$4.97"}, {"title": "Libbey 8pc Vintage Frost Glasses", "tags": "Summer Entertaining-Drinkware Drinkware Outdoor Melamine Dinnerware Shop All Dorm Dining Essentials Drinking Glasses & Hydration", "relevancy_score": 227.75885416666668, "price": "$12.00"}]