[{"title": "Lite Brite Ultimate Classic With 6 Templates And 200 Colored Pegs", "tags": "Lite Brite Family Games Hair, Nail & Spa Toys All Board Drawing Coloring for Kids 5 to 7 Years Children's Paint and Supplies", "relevancy_score": 1357.978925443787, "price": "$12.82"}, {"title": "Lite Brite Ultimate Classic & Refill Pack Online Only Value Bundle with 14 Templates & 300 Pegs", "tags": "Learning Playsets Craft Kits Drawing & Coloring Magna Doodle Toys for Kids 8 to 11 Years Etch-A-Sketch 5 7 Children's Paint and Supplies", "relevancy_score": 120.39895593220338, "price": "$24.97"}, {"title": "Transformers: Vintage G1 Optimus Prime Collectible Figure", "tags": "Transformers Soundwave Action Figures Bumblebee Toys G1 Optimus Prime Studio Series Cyberverse Adventure", "relevancy_score": 185.16144415584415, "price": "$44.97"}, {"title": "Easy-Bake Ultimate Oven Baking Star Edition (Online & Store Pick-Up)", "tags": "Top Rated Toys by Kids Shop Price Cooking & Baking Hair, Nail Spa Cool Maker DIY Food Craft Kits Fisher Pretend Play", "relevancy_score": 2527.1046110935026, "price": "$39.97"}, {"title": "Playskool Friends Mr. Potato Head Classic Toy for Ages 2 and up", "tags": "Shop Toys by Price All Action Figures Slinkys for Kids 2 to 4 Years Fisher-Price Little People Disney Fisher Preschool Imaginext Toy Story", "relevancy_score": 571.1437192052981, "price": "$5.00"}, {"title": "Pound Puppies Newborns - Wave 1 - White with Brown Spots", "tags": "All Stuffed Animals & Plush 2 to 4 Years 8 11 for Girls 0-12 Months Puppy Surprise 5 7 Boys", "relevancy_score": 261.1604571428571, "price": "$12.99"}, {"title": "Fun 2 Bake Electric Play Oven with Pan and Accessories, Blue", "tags": "Shop Toys by Price Easy-Bake Oven Hair, Nail & Spa Cool Maker DIY Food Craft Kits Fisher Pretend Play Kids Kitchen Appliances", "relevancy_score": 170.20996363636363, "price": "$19.84"}, {"title": "Little People Christmas Story Nativity 12-Figure Set", "tags": "Diecast and Mini Vehicles All Preschool Action Figures & Playsets Shop Cars Toys Fisher-Price Little People Play Imaginext Batman DC Super Friends for 1 year old Fisher Price", "relevancy_score": 752.2496655737706, "price": "$25.00"}, {"title": "Roller Derby Girls Adjustable Quad Roller Skates", "tags": "Sports & Duffel Bags Golf Balls Bike Pads Skate Wheels Skateboard Parts Helmets Inline Skates", "relevancy_score": 175.58410746268657, "price": "$29.97"}, {"title": "Only At Walmart: Ghostbusters Kenner Classics Ghostpopper Retro Blaster Action Toy with 6 Foam Pops Projectiles", "tags": "", "relevancy_score": 0.0, "price": "$19.87"}, {"title": "NEW 2020 Care Bears - 14\" Plush - Cheer Bear - Soft Huggable Material!", "tags": "All Action Figures 8 to 11 Years Valentine's Day Stuffed Animals Care Bears Toys Christmas Fashion Dolls 5 7", "relevancy_score": 266.56045714285716, "price": "$12.88"}, {"title": "NEW 2020 Care Bears - 5\" Interactive Figure - Grumpy Bear - Your Touch Unlocks 50+ Reactions & Surprises!", "tags": "All Action Figures 8 to 11 Years Dolls & Dollhouses Care Bears Toys for 1 year old Fashion Funko Pop 5 7", "relevancy_score": 153.4497967213115, "price": "$14.88"}, {"title": "Roller Derby EZ-Roll Girls Beginner Roller Skates (11J-2)", "tags": "Golf Balls Bike Pads Skate Wheels Helmets Bicycles with Training Kids' BMX Bikes Inline Skates Skateboard", "relevancy_score": 240.44733493975903, "price": "$24.97"}, {"title": "Only At Walmart: Easy Bake Refill 3-Pack: Pizza, Cake, and Whoopie Pie Mix (New & Improved - Now with 10 Oz!)", "tags": "Shop Toys by Price Cooking & Baking Hair, Nail Spa Pretend Play for Boys DIY Food Craft Kits Fisher", "relevancy_score": 129.0989559322034, "price": "$17.88"}, {"title": "Only At Walmart: Transformers Vintage G1 Astrotrain Action Figure", "tags": "Transformers Megatron Action Figures Bumblebee Toys G1 Optimus Prime Studio Series Cyberverse Adventure", "relevancy_score": 153.3974095238095, "price": "$30.73"}, {"title": "Cabbage Patch Cuties Woodland Friends Collection Theo Chipmunk Baby Doll", "tags": "Baby Dolls My Sweet Love & Dollhouses JC Toys Alive Reborn for Kids 5 to 7 Years", "relevancy_score": 706.3496655737705, "price": "$9.97"}, {"title": "Easy-Bake Ultimate Oven Whoopie Pie Refill Pack, Ages 8 and up", "tags": "Father's Day Electronics Connected Dorm Room Shop All Glass Mother's Gifts Audio Tax Free for Grads Back to School Home Visual", "relevancy_score": 231.5857860465116, "price": "$6.97"}, {"title": "Only At Walmart: Transformers War for Cybertron Series Ultra Magnus Spoiler Pack", "tags": "Transformers Megatron Action Figures Soundwave Bumblebee Toys Optimus Prime Studio Series Cyberverse Adventure", "relevancy_score": 107.12341132075471, "price": "$37.94"}, {"title": "Chicago Men's Classic Quad Roller Skates Black Classic Rink Skate, Sizes 1-13", "tags": "Sports & Duffel Bags Hockey Accessories Golf Balls Bike Pads Skate Wheels Skateboard Parts Helmets Inline Skates", "relevancy_score": 350.83997168141593, "price": "$52.23"}, {"title": "Easy-Bake Ultimate Oven Cheese Pizza Refill Pack, for Ages 8 and up", "tags": "Shop Toys by Price Cooking & Baking Hair, Nail Spa Cool Maker DIY Food Craft Kits Fisher Pretend Play Pre-Made Slime", "relevancy_score": 161.74262857142858, "price": "$6.97"}, {"title": "NEW 2020 Care Bears - 5\" Interactive Figure - Grumpy Bear - Your Touch Unlocks 50+ Reactions & Surprises!", "tags": "All Action Figures 8 to 11 Years Dolls & Dollhouses Care Bears Toys for 1 year old Fashion Funko Pop 5 7", "relevancy_score": 153.4497967213115, "price": "$14.88"}, {"title": "Playskool Heroes Rescue Bots Academy Rescue Power Hot Shot", "tags": "", "relevancy_score": 2.0983741935483873, "price": "$32.48"}, {"title": "Only At Walmart: Transformers R.E.D. [Robot Enhanced Design] Beast Wars Cheetor", "tags": "", "relevancy_score": 0.0, "price": "$19.87"}, {"title": "Roller Derby FireStar Youth Boy's Roller Skate", "tags": "Sports & Duffel Bags Volleyball Knee Pads Hockey Accessories Golf Balls Bike Skate Wheels Inline Skates", "relevancy_score": 199.59633972602737, "price": "$25.38"}, {"title": "Transformers War for Cybertron Series-Inspired Decepticon Mirage", "tags": "Transformers Megatron Action Figures Soundwave Bumblebee Toys Optimus Prime Studio Series Cyberverse Adventure", "relevancy_score": 36.703753846153845, "price": "$39.99"}, {"title": "Little People Launch & Loop Raceway Vehicle Playset", "tags": "", "relevancy_score": 111.29021538461538, "price": "$44.29"}, {"title": "Disney/Pixar Toy Story 4 Mr. Potato Head: Andy's Playroom Potato Pack", "tags": "Shop Toys by Price All Action Figures Preschool & Playsets Gifts for 4 year old boy Kids 2 to Years Disney Fisher Imaginext Toy Story", "relevancy_score": 49.7624, "price": "$30.04"}, {"title": "Roller Derby Star Adjustable Hightop Skates for Kids", "tags": "Sports & Duffel Bags Golf Balls Bike Pads Skate Wheels Skateboard Parts Helmets Inline Skates", "relevancy_score": 48.7624, "price": "$39.93"}, {"title": "Little People Friendly School Interactive Playset with Music & Sounds", "tags": "Ages 0-12 months Baby Toys Push, Pull, and Walker Fisher Price Electronic Toddler Playsets Vtech", "relevancy_score": 246.7201185185185, "price": "$27.86"}, {"title": "Easy-Bake Ultimate Oven Red Velvet & Strawberry Cakes Refill Pack", "tags": "Shop Toys by Price Cooking & Baking Hair, Nail Spa Cool Maker DIY Food Craft Kits Fisher Pretend Play", "relevancy_score": 168.90418823529413, "price": "$6.97"}, {"title": "NEW 2020 Care Bears - 5\" Interactive Figure - Grumpy Bear - Your Touch Unlocks 50+ Reactions & Surprises!", "tags": "All Action Figures 8 to 11 Years Dolls & Dollhouses Care Bears Toys for 1 year old Fashion Funko Pop 5 7", "relevancy_score": 153.4497967213115, "price": "$14.88"}, {"title": "Playskool Heroes Rescue Bots Academy Rescue Power Hot Shot", "tags": "", "relevancy_score": 2.0983741935483873, "price": "$32.48"}, {"title": "Playskool Heroes Transformers Rescue Bots Griffin Rock Rescue Team", "tags": "All Action Figure Playsets Learning Transformers Bumblebee Figures Toys Playskool Optimus Prime", "relevancy_score": 317.13472, "price": "$44.96"}, {"title": "Transformers Studio Series Deluxe Class Movie 1 Bumblebee Figure", "tags": "Transformers Megatron Action Figures Soundwave Bumblebee Toys Optimus Prime Studio Series Cyberverse Adventure", "relevancy_score": 27.87695135135135, "price": "$27.12"}, {"title": "My Little Pony Toy Oh My Giggles Pinkie Pie, Ages 3 and Up", "tags": "Robots & Electronic Pets Toys for age 2-4 girls Gifts 4 year old girl 2 3 My Little Pony Stuffed Animals", "relevancy_score": 111.38618181818184, "price": "$14.46"}, {"title": "Roller Derby Boys EZ Roll Adjustable Beginner Skates", "tags": "Sports & Duffel Bags Golf Balls Bike Pads Skate Wheels Skateboard Parts Helmets Inline Skates", "relevancy_score": 19.558776470588235, "price": "$24.97"}, {"title": "Transformers Generations Siege Deluxe Action Figure | Hound", "tags": "All Collectible Figures Transformers Megatron Action Bumblebee Toys Optimus Prime Studio Series Cyberverse Adventure Shockwave", "relevancy_score": 70.80304680851063, "price": "$19.99"}, {"title": "Funko POP! Movies: Ghostbusters - Dr. Peter Venkman (Marshmallow) - Walmart Exclusive", "tags": "", "relevancy_score": 5.098374193548387, "price": "$8.78"}, {"title": "Playskool Sesame Street Cookie Monster's On the Go Numbers", "tags": "Learning Playsets Leapfrog Science & Education VTech Toys Fisher-Price Books LeapFrog Math for Kids", "relevancy_score": 98.88618181818183, "price": "$19.99"}, {"title": "Transformers Studio Series 60 Voyager Class Constructicon Scrapper", "tags": "Transformers Megatron Action Figures Soundwave Bumblebee Toys Optimus Prime Studio Series Cyberverse Adventure", "relevancy_score": 36.64202105263158, "price": "$35.96"}, {"title": "NEW 2020 Care Bears - 5\" Interactive Figure - Grumpy Bear - Your Touch Unlocks 50+ Reactions & Surprises!", "tags": "All Action Figures 8 to 11 Years Dolls & Dollhouses Care Bears Toys for 1 year old Fashion Funko Pop 5 7", "relevancy_score": 153.4497967213115, "price": "$14.88"}, {"title": "Playskool Heroes Rescue Bots Academy Rescue Power Hot Shot", "tags": "", "relevancy_score": 2.0983741935483873, "price": "$32.48"}, {"title": "Ghostbusters Plasma Series Winston Zeddemore Action Figure", "tags": "Star Wars Action Figures Shop All Playmobil Diamond Select Toys Ghostbusters G.I. Joe Building Play Sets The Black Series", "relevancy_score": 7.1906, "price": "$19.99"}, {"title": "MADD GEAR Madd Rollers - Light-Up Heel Skates - Suits Ages 6+ - Max Rider Weight 110lbs - 3 Year Manufacturers Warranty - Worlds #1 Pro Scooter Brand - Built to Last! Madd Gear Est. 2002", "tags": "Kids' Tricycles Golf Balls Bike Pads Skate Wheels Adult Disc Sports Inline Skates Skateboards", "relevancy_score": 419.86765128205127, "price": "$15.00"}, {"title": "My Little Pony Toy Princess Celestia Sparkling 6-inch Figure for Kids", "tags": "Collectible Dolls Toys for age 2-4 girls Gifts 4 year old girl 2 3 Toddler Girl My Little Pony Stuffed Animals", "relevancy_score": 21.435657142857142, "price": "$18.60"}, {"title": "Transformers Studio Series Deluxe Bumblebee Movie Cliffjumper", "tags": "Transformers Megatron Action Figures Soundwave Bumblebee Toys Optimus Prime Studio Series Cyberverse Adventure", "relevancy_score": 5.098374193548387, "price": "$18.84"}, {"title": "Transformers War for Cybertron Deluxe WFC-E35 Decepticon Fasttrack Modulator", "tags": "Transformers Megatron Action Figures Soundwave Bumblebee Toys Optimus Prime Studio Series Cyberverse Adventure", "relevancy_score": 0.0, "price": "$18.84"}, {"title": "Ghostbusters Plasma Series Ray Stantz Action Figure", "tags": "Star Wars Action Figures Diamond Select Toys Ghostbusters Shop All G.I. Joe WWE Building Play Sets The Black Series", "relevancy_score": 10.177236363636363, "price": "$19.87"}, {"title": "Disney/Pixar Toy Story 4 Mr. Potato Head Woody's Tater Roundup Figure", "tags": "Shop Toys by Price All Action Figures Gifts for 4 year old boy Kids 2 to Years Playskool Disney Fisher Preschool Imaginext Toy Story", "relevancy_score": 99.95571764705883, "price": "$9.99"}, {"title": "Disney/Pixar Toy Story 4 Classic Mrs. Potato Head Figure", "tags": "Shop Toys by Price All Action Figures Slinkys Gifts for 4 year old boy Kids 2 to Years Disney Fisher Preschool Imaginext Toy Story", "relevancy_score": 83.9436, "price": "$9.99"}, {"title": "Playskool Heroes Rescue Bots Academy Rescue Power Hot Shot", "tags": "", "relevancy_score": 2.0983741935483873, "price": "$32.48"}, {"title": "Funko POP! Movies: Back to the Future - Doc 2015", "tags": "Funko Pop Movies Walmart Exclusive Back to the Future Animation Icons The Office Stan Lee TV", "relevancy_score": 10.177236363636363, "price": "$11.38"}, {"title": "Mr. Potato Head Tots Multi-Pack Bundle, Pack of 6 Tots", "tags": "Shop Toys by Price All Action Figures for 2 year old boys Gifts 4 boy 3 Kids to Years olds", "relevancy_score": 19.558776470588235, "price": "$11.06"}, {"title": "Mr. Potato Head Marvel Agents of S.P.U.D. Pack", "tags": "Mr. Potato Head Toys for 2 year old boys Gifts 4 boy 3 Playskool Marvel", "relevancy_score": 10.1906, "price": "$24.99"}, {"title": "Funko POP! Movies: Back to the Future - Marty in Puffy Vest", "tags": "Bobble Heads Funko Pop Movies Walmart Exclusive Back to the Future Animation Toys The Office TV", "relevancy_score": 0.0, "price": "$11.89"}, {"title": "Playskool Friends Mr. Potato Head Pirate Spud Set for Ages 2 and up", "tags": "Shop Toys by Price All Action Figures for 2 year old boys Gifts 4 boy 3 Kids to Years Playskool", "relevancy_score": 35.576951351351354, "price": "$14.96"}, {"title": "Transformers Rescue Bots Academy Heatwave the Fire-Bot Converting Toy", "tags": "Learning Playsets Transformers Bumblebee Action Figures Toys All Preschool & Playskool Optimus Prime Cyberverse Adventure", "relevancy_score": 77.86073043478261, "price": "$9.99"}, {"title": "Playskool Transformers Rescue Bots Academy Grimlock Converting Robot", "tags": "Transformers Bumblebee Action Figures Toys All Preschool & Playsets Playskool Optimus Prime Studio Series Cyberverse Adventure", "relevancy_score": 15.277236363636364, "price": "$24.95"}, {"title": "Funko POP! Heroes: Wonder Woman 1984 - WW w/ Lasso (MT)", "tags": "Wonder Woman Funko Pop DC Shop All Toys Animation Avengers Endgame for Kids 12 Years & Up TV Batman", "relevancy_score": 35.576951351351354, "price": "$8.78"}, {"title": "Transformers Studio Series 04 Deluxe Class Movie 1 Autobot Ratchet", "tags": "All Collectible Figures Transformers Megatron Action Bumblebee Toys Optimus Prime Studio Series Cyberverse Adventure", "relevancy_score": 34.00375384615385, "price": "$59.99"}, {"title": "Funko POP! Animation: Masters of the Universe - Sorceress", "tags": "Bobble Heads Walmart Exclusive Funko Pop Animation All Pedal & Push Ride Ons Christmas Toys for Kids 12 Years Up Prince TV", "relevancy_score": 8.1906, "price": "$8.78"}, {"title": "Transformers Bumblebee Cyberverse Adventures Warrior Class Bumblebee", "tags": "Transformers Megatron Action Figures Toys Playskool Optimus Prime Studio Series Bumblebee Cyberverse Adventure", "relevancy_score": 5.558776470588236, "price": "$13.47"}, {"title": "Funko POP! Heroes: Wonder Woman 1984 - Diana in White Dress", "tags": "Funko Pop Movies Wonder Woman Back to the Future Shop All Toys Animation Avengers Endgame for Kids 12 Years & Up TV", "relevancy_score": 10.1906, "price": "$8.73"}, {"title": "Gi Joe Nano 6 Pack", "tags": "", "relevancy_score": 73.01653333333333, "price": "$9.84"}, {"title": "Funko POP! Animation: Dragon Ball Z S8- Majin Vegeta", "tags": "", "relevancy_score": 0.0, "price": "$8.78"}, {"title": "My Little Pony Pinkie Pie Fancy Hair Plush, Ages 3+", "tags": "", "relevancy_score": 65.92197209302326, "price": "$10.00"}, {"title": "Little People Friends & Pets Figure Pack 7 Toys", "tags": "", "relevancy_score": 5.098374193548387, "price": "$19.99"}, {"title": "Easy-Bake Refill Super Pack", "tags": "Shop Toys by Price Easy-Bake Oven Jojo Siwa Dolls & Dollhouses DIY Food Fashion Fisher Pretend Play My Life As Playsets", "relevancy_score": 199.81327567567567, "price": "$39.90"}, {"title": "Funko POP! Animation: Masters of the Universe - Mosquitor", "tags": "Bobble Heads Star Wars Action Figures Funko Pop Animation X-Men Avengers Endgame Toys for Kids 12 Years & Up Prince TV", "relevancy_score": 5.098374193548387, "price": "$8.78"}, {"title": "Playskool Heroes Transformers Rescue Bots Academy Medix the Doc-Bot", "tags": "Transformers Bumblebee Action Figures Toys All Preschool & Playsets Playskool Optimus Prime Toddler Boy Cyberverse Adventure", "relevancy_score": 9.1906, "price": "$9.99"}, {"title": "Transformers Generations War for Cybertron Voyager WFC-E38 Megatron", "tags": "Transformers Megatron Action Figures Soundwave Bumblebee Toys Optimus Prime Studio Series Cyberverse Adventure", "relevancy_score": 6.1906, "price": "$29.94"}, {"title": "Funko POP! Town: Back to the Future - Doc w/ Clock Tower", "tags": "Funko Pop Movies Walmart Exclusive Back to the Future Animation Toys The Office TV Games", "relevancy_score": 0.0, "price": "$24.88"}, {"title": "My Little Pony Equestria Girls Squad Rainbow Dash and Sunset Shimmer", "tags": "My Little Pony Dolls DC Super Hero Girls Playsets Gifts for 4 year old girl Toys 2 girls 3 Fashion", "relevancy_score": 24.435657142857142, "price": "$31.66"}, {"title": "Playwheels Trolls Kids Rollerskate Junior with Knee Pads and Helmet, Size 6-12", "tags": "Kids' Bike Helmets & Jaw Pads BIkes for Girls All Disney Toys Trolls Dolls Skateboard Accessories PAW Patrol Huffy Ride Ons Frozen Kids Bikes Riding", "relevancy_score": 39.84202105263158, "price": "$29.99"}, {"title": "Transformers Generations War for Cybertron Micromaster WFC-E4 Military Patrol", "tags": "Trending Role Play Transformers Action Figures Toys PJ Masks Studio Series Career Dress-Up Sets All Kids Costumes &", "relevancy_score": 3.0983741935483873, "price": "$9.99"}, {"title": "My Little Pony Equestria Girls Applejack Classic Style Doll", "tags": "", "relevancy_score": 0.0, "price": "$8.04"}, {"title": "Little People Disney Pixar Toy Story RV with Buzz & Jessie Figures", "tags": "Ages 0-12 months Baby Toys Push, Pull, and Walker Fisher Price Electronic Toddler Playsets Vtech", "relevancy_score": 246.90600000000003, "price": "$28.95"}, {"title": "Funko POP! Heroes: Wonder Woman 1984 - WW Flying (MT)", "tags": "Funko Pop Movies Wonder Woman DC Shop All Toys Animation Dolls TV Batman", "relevancy_score": 19.435657142857142, "price": "$8.78"}, {"title": "Funko POP! Animation: Masters of the Universe - Sy Klone", "tags": "Bobble Heads Funko Pop Animation All Pedal & Push Ride Ons Avengers Endgame Toys for Kids 12 Years Up Prince Marvel Action Figures TV", "relevancy_score": 0.0, "price": "$8.78"}, {"title": "Zoom Roller Skates by Crazy Skates - Classic Rink Style Speed Skates (Black)", "tags": "Sports & Duffel Bags Golf Balls Bike Pads Skate Wheels Skateboard Parts Helmets Inline Skates", "relevancy_score": 10.1906, "price": "$89.99"}, {"title": "My Little Pony Friendship Is Magic Collection Ice Cream Stand", "tags": "Collectible Dolls My Little Pony Playsets Gifts for 4 year old girl Reborn Toys 2 girls 3", "relevancy_score": 3.0983741935483873, "price": "$4.59"}, {"title": "Little People Disney Pixar Toy Story Woody, Bo Peep, Ducky, & Bunny", "tags": "Ages 0-12 months 12-24 12-18 Month Toys Baby Fisher Price Electronic and Toddler Playsets", "relevancy_score": 241.99152405063293, "price": "$11.99"}, {"title": "FUNKO POP! KEYCHAIN: Ghostbusters - Slimer (Toys)", "tags": "Funko Pop Movies Shop All Playmobil Building Toys Ages 5 to 7 Ghostbusters 8 11 Play Sets Stranger Things", "relevancy_score": 0.0, "price": "$7.93"}, {"title": "Transformers Cyberverse Action Attackers: 1-Step Changer Prowl", "tags": "Transformers Megatron Action Figures Bumblebee Toys Optimus Prime Studio Series Cyberverse Adventure Playskool Shockwave", "relevancy_score": 30.508266666666668, "price": "$9.99"}, {"title": "Transformers Toys Cyberverse Spark Armor Jetfire Action Figure", "tags": "All Collectible Figures Transformers Megatron Action Bumblebee Toys Optimus Prime Studio Series Cyberverse Adventure Shockwave", "relevancy_score": 6.1906, "price": "$14.99"}, {"title": "Transformers Studio Series 53 Voyager Class Constructicon Mixmaster", "tags": "Transformers Megatron Action Figures Soundwave Bumblebee Toys Studio Series Cyberverse Adventure Shockwave", "relevancy_score": 26.476951351351353, "price": "$26.86"}, {"title": "Funko POP! Animation: Masters of the Universe - Tung Lasher", "tags": "Bobble Heads Funko Pop Movies Animation All Pedal & Push Ride Ons Avengers Endgame Toys for Kids 12 Years Up Prince TV", "relevancy_score": 0.0, "price": "$8.59"}, {"title": "Transformers Studio Series 67 Voyager Movie 2 Constructicon Skipjack", "tags": "Transformers Megatron Action Figures Soundwave Bumblebee Toys Optimus Prime Studio Series Cyberverse Adventure", "relevancy_score": 0.0, "price": "$38.99"}, {"title": "Transformers Cyberverse Ultimate Class Optimus Prime Action Figure", "tags": "Transformers Megatron Action Figures Bumblebee Toys Optimus Prime Studio Series Cyberverse Adventure Playskool Shockwave", "relevancy_score": 11.377236363636365, "price": "$29.99"}, {"title": "Playskool Friends Mrs. Potato Head Beach Spudette, Ages 2+", "tags": "Shop Toys by Price All Action Figures Gifts for 4 year old boy 3 boys olds 2", "relevancy_score": 42.10375384615384, "price": "$14.96"}, {"title": "Disney Frozen Elsa & Friends By Little People, Figure 4-Pack", "tags": "Ages 0-12 months 12-24 Baby and Toddler Music Toys 12-18 Month Fisher Price Electronic Playsets", "relevancy_score": 104.15571764705884, "price": "$15.39"}, {"title": "Funko POP! TV: Stranger Things - Robin", "tags": "Mike Steve Eleven Jim Hopper Dustin Max Joyce Lucas", "relevancy_score": 5.098374193548387, "price": "$14.99"}, {"title": "Funko Games POP! Funkoverse: Back To The Future - 100 2-Pack", "tags": "Diamond Select Toys Walmart Exclusive Funko Pop Back to the Future DC Funkoverse Jada Games", "relevancy_score": 15.277236363636364, "price": "$19.99"}, {"title": "Funko POP! Television: Stranger Things - Battle Eleven", "tags": "Mike Steve Eleven Jim Hopper Will Dustin Max Lucas", "relevancy_score": 16.358776470588236, "price": "$12.75"}, {"title": "Skater-Aid, Adjustable Roller Skating Trainer - Blue", "tags": "Sports & Duffel Bags Golf Balls Bike Pads Skate Wheels Skateboard Parts Helmets Inline Skates", "relevancy_score": 15.558776470588235, "price": "$129.98"}, {"title": "Transformers Generations War for Cybertron Deluxe Brunt Weaponizer", "tags": "Transformers Megatron Action Figures Bumblebee Toys Optimus Prime Studio Series Cyberverse Adventure Shockwave", "relevancy_score": 21.435657142857142, "price": "$27.99"}, {"title": "My Little Pony Fluttershy Potion Pony, Comb and 4 Surprise Accessories", "tags": "Trolls Dolls All Toys for age 2-4 girls Gifts 4 year old girl 2 3 Toddler Girl", "relevancy_score": 0.0, "price": "$4.99"}, {"title": "Riedell Quad Roller Skates - Dart Ombre- Fade Color", "tags": "Sports & Duffel Bags Golf Balls Bike Pads Skate Wheels Skateboard Parts Helmets Inline Skates", "relevancy_score": 15.277236363636364, "price": "$149.00"}, {"title": "G.I. Joe Classified Series Gung Ho 6-Inch Action Figure", "tags": "All Collectible Figures Star Wars Action Shop G.I. Joe Toys Kotobukiya Marvel Legends The Black Series", "relevancy_score": 5.435657142857143, "price": "$39.00"}, {"title": "Transformers Cyberverse Scout Class Windblade", "tags": "Transformers Megatron Action Figures Bumblebee Toys Optimus Prime Studio Series Cyberverse Adventure Playskool", "relevancy_score": 11.377236363636365, "price": "$7.99"}, {"title": "Transformers Authentic Decepticon Starscream", "tags": "All Collectible Figures Transformers Megatron Action Bumblebee Toys Optimus Prime Studio Series Cyberverse Adventure", "relevancy_score": 0.0, "price": "$19.98"}, {"title": "Marvel Legends Series Weapon X 6-inch Collectible Action Figure Toy", "tags": "All Collectible Figures Transformers Toys Avengers Action Deadpool Studio Series Marvel Legends Spider-Man", "relevancy_score": 24.435657142857142, "price": "$18.84"}, {"title": "Transformers Toys Cyberverse Spark Armor Prowl Action Figure", "tags": "Transformers Megatron Action Figures Botbots Trending Role Play Bumblebee Toys Optimus Prime Studio Series Cyberverse Adventure", "relevancy_score": 6.1906, "price": "$14.90"}, {"title": "Transformers: Autobots Unite Legion 2-Pack Optimus Prime & Ravenspar", "tags": "Transformers Megatron Action Figures Bumblebee Toys Optimus Prime Studio Series Cyberverse Adventure Playskool", "relevancy_score": 20.358776470588236, "price": "$10.90"}, {"title": "Transformers Rescue Bots Academy Whirl the Flight-Bot Converting Toy", "tags": "Transformers Bumblebee Action Figures Toys All Preschool & Playsets Playskool Optimus Prime Toddler Boy Cyberverse Adventure", "relevancy_score": 0.0, "price": "$7.88"}, {"title": "Funko POP! TV Stranger Things: Eleven in Mall Outfit, Vinyl Figure", "tags": "Mike Steve Eleven Jim Hopper Will Dustin Max Lucas", "relevancy_score": 19.558776470588235, "price": "$8.78"}, {"title": "MLP TRIXIE LULAMOON", "tags": "My Little Pony Dolls Toys for age 2-4 girls Gifts 4 year old girl 2 3 Toddler Girl Stuffed Animals", "relevancy_score": 25.70826666666667, "price": "$9.98"}, {"title": "Playskool Heroes Transformers Rescue Bots Academy Hot Shot", "tags": "All Action Figure Playsets Transformers Bumblebee Figures Toys Preschool & Playskool Optimus Prime Toddler Boy", "relevancy_score": 0.0, "price": "$14.99"}, {"title": "Funko POP! Animation: Dragon Ball Z S8 - Super Saiyan Gohan", "tags": "", "relevancy_score": 0.0, "price": "$8.78"}, {"title": "Transformers: Bumblebee -- Energon Igniters Speed Series Bumblebee", "tags": "Transformers Bumblebee Action Figures Toys Playskool Optimus Prime Studio Series Cyberverse Adventure", "relevancy_score": 13.558776470588235, "price": "$16.20"}, {"title": "Funko POP! Animation: DBZ S7 - King Cold - Walmart Exclusive", "tags": "Bobble Heads Funko Collectibles Pop Animation Dragon Ball Anime All Toys Games", "relevancy_score": 139.5248, "price": "$24.20"}, {"title": "Funko Pop! Animation Dragon Ball Super Whis Vinyl Figure (In Stock)", "tags": "Bobble Heads Funko Pop Movies Walmart Exclusive DC Christmas Harry Potter TV Games", "relevancy_score": 0.0, "price": "$12.99"}, {"title": "Funko 6583 POP Movie Star Wars EP7 Princess Leia", "tags": "Collectible Dolls Star Wars Action Figures Toys for Babies 0 to 12 Months Lego Train Sets Shop All Funko Wobbler The Black Series Prince Pop", "relevancy_score": 35.576951351351354, "price": "$10.95"}, {"title": "Mr. Potato Head Chips Toy: Original, for Kids Ages 3+", "tags": "Shop Toys by Price for 2 year old boys Gifts 4 boy 3 Kids to Years Playskool Disney Action Figures", "relevancy_score": 5.098374193548387, "price": "$11.99"}, {"title": "Fisher-Price Little People Welcome to School Gift Set", "tags": "All Vehicles Preschool Action Figures & Playsets Play Fisher-Price Toys for 1 year old by Price", "relevancy_score": 15.277236363636364, "price": "$79.99"}, {"title": "Transformers Generations War for Cybertron Deluxe WFC-S49 Crosshairs", "tags": "Father's Day Electronics Connected Dorm Room Shop All Glass Mother's Gifts Audio Tax Free for Grads Back to School Home Visual", "relevancy_score": 15.558776470588235, "price": "$31.64"}, {"title": "Playskool Heroes Transformers Rescue Bots Arctic Rescue Boulder", "tags": "Transformers Bumblebee Action Figures Toys All Preschool & Playsets Playskool Optimus Prime Studio Series Cyberverse Adventure", "relevancy_score": 117.54454736842105, "price": "$31.98"}, {"title": "Transformers Cyberverse Warrior Class Optimus Prime Battle Base Trailer", "tags": "Transformers Megatron Action Figures Bumblebee Toys G1 Optimus Prime Studio Series Cyberverse Adventure Playskool", "relevancy_score": 9.1906, "price": "$65.98"}, {"title": "Funko Dragon Ball Z Super Saiyan 3 Gotenks Pop Vinyl Figure AAA Anime Exclusive", "tags": "Bobble Heads Funko Pop Animation Dragon Toys X-Men Ball Anime All", "relevancy_score": 5.098374193548387, "price": "$23.99"}, {"title": "Kid Buu Funko POP - Dragon Ball Z - S6", "tags": "Bobble Heads Walmart Exclusive Funko Pop Animation Dragon Toys Ball Anime All", "relevancy_score": 0.0, "price": "$12.99"}, {"title": "Ghostbusters 8\" Phunny Plush: \"No Ghost\" Logo", "tags": "Shop All Playmobil Building Toys Ages 5 to 7 for year olds 6 8 11 Play Sets Pre-Made Slime", "relevancy_score": 0.0, "price": "$14.35"}, {"title": "FUNKO POP! ANIMATION: DRAGONBALL Z - GOKU & NIMBUS", "tags": "Bobble Heads Collectible Dolls Funko Pop Animation Dragon Toys Ball Anime All", "relevancy_score": 43.90375384615384, "price": "$12.95"}, {"title": "Cabbage Patch Kids Cuties Bluebell Dragonfly 9 Inch Soft Body Baby Doll - Garden Party Collection", "tags": "Collectible Dolls My Sweet Love & Dollhouses JC Toys Baby Dragon for Kids 5 to 7 Years Cabbage Patch", "relevancy_score": 9.1906, "price": "$16.95"}, {"title": "PLAYMOBIL Ghostbusters Venkman and Terror Dogs", "tags": "Playmobil Horses Building Toys Ages 5 to 7 Ghostbusters Police and Fire 8 11 All Play Sets Pre-Made Slime Shop Houses", "relevancy_score": 29.308266666666665, "price": "$26.98"}, {"title": "Funko Pop! Dragon Ball Z - Chiaotzu & Tien", "tags": "Bobble Heads Funko Pop Animation Dragon Toys Ball Anime NBA All", "relevancy_score": 7.1906, "price": "$11.83"}, {"title": "Dragon Ball Super POP! Animation Super Saiyan Hercule Exclusive Vinyl Figure Glow-in-the-Dark", "tags": "Walmart Exclusive Funko Pop Animation Dragon Toys Ball Anime NBA All", "relevancy_score": 1.098374193548387, "price": "$17.85"}, {"title": "Transformers Rescue Bots Academy Heatwave the Fire-Bot Converting Toy", "tags": "Transformers Bumblebee Action Figures Toys All Preschool & Playsets Playskool Optimus Prime Studio Series Cyberverse Adventure", "relevancy_score": 68.17032727272728, "price": "$7.88"}, {"title": "Funko POP! Movies: Back to the Future - Doc w/ Helmet", "tags": "Funko Pop Movies Walmart Exclusive Wonder Woman Back to the Future Animation Icons The Office TV", "relevancy_score": 5.098374193548387, "price": "$13.44"}, {"title": "Playskool Mr. Potato Head Spudtrooper", "tags": "All Preschool Action Figures & Playsets Toys for 2 year old boys Gifts 4 boy 3 Playskool Marvel Deadpool", "relevancy_score": 10.1906, "price": "$14.99"}, {"title": "Disney Princess Parade Belle & Chip Float by Little People", "tags": "Ages 0-12 months 12-24 Baby Toys Toys, Book & Keepsakes Fisher Price Electronic and Toddler Playsets", "relevancy_score": 5.098374193548387, "price": "$21.49"}, {"title": "Cabbage Patch Kids Drink N' Wet Newborn Doll", "tags": "Baby Doll Accessories My Sweet Love Clothing and Fashion Dolls & Dollhouses JC Toys Alive Cabbage Patch Kids", "relevancy_score": 33.47695135135135, "price": "$34.00"}, {"title": "Rollerblade Bladerunner Phoenix Boys Adjustable Fitness Inline Skate, Size 5-8", "tags": "", "relevancy_score": 0.0, "price": "$57.19"}, {"title": "Bladerunner Womens Advantage W Pro XT, Black, 10", "tags": "Sports & Duffel Bags Golf Balls Bike Pads Skate Wheels Skateboard Parts Helmets Inline Skates", "relevancy_score": 10.177236363636363, "price": "$94.79"}, {"title": "Transformers Studio Series Deluxe Class Offroad Bumblebee Figure", "tags": "Transformers Megatron Action Figures Soundwave Bumblebee Toys Optimus Prime Studio Series Cyberverse Adventure", "relevancy_score": 19.435657142857142, "price": "$18.84"}, {"title": "My Little Pony Cherry Berry Doll", "tags": "My Little Pony Dolls Toys for age 2-4 girls Gifts 4 year old girl 2 3 Toddler Girl Stuffed Animals", "relevancy_score": 20.358776470588236, "price": "$9.99"}, {"title": "World's Smallest Care Bears Series 2 Plush Figure - Style will Vary", "tags": "Learning Playsets Funko Pop Animation Gifts for 4 year old girl Care Bears Toys 2 girls 3", "relevancy_score": 0.0, "price": "$9.99"}, {"title": "Funko POP! Animation: Dragon Ball Super S4 - Hercule", "tags": "Funko Pop Animation Dragon Toys My Hero Academia Ball Anime All", "relevancy_score": 0.0, "price": "$9.41"}, {"title": "Funko POP! Animation: DBZ S6 - Kid Buu", "tags": "Bobble Heads Toys for Babies 0 to 12 Months Funko Pop Animation Dragon Ball Anime All", "relevancy_score": 30.508266666666668, "price": "$11.99"}, {"title": "Popples, Lulu 8 Inch Plush", "tags": "Electronic Toys Robots & Pets Robotic Popples Fisher-Price Little People Disney Action Figures Dragon Robot", "relevancy_score": 5.098374193548387, "price": "$21.99"}, {"title": "PLAYMOBIL The Real Ghostbusters Zeddemore with Aqua Scooter", "tags": "Playmobil Horses Building Toys Ages 5 to 7 Ghostbusters Police and Fire Pirate 8 11 All Play Sets Houses", "relevancy_score": 14.377236363636365, "price": "$15.12"}, {"title": "Funko POP! Movies: GB - Slimer w/Hot Dogs (Translucent) - Walmart Exclusive", "tags": "Bobble Heads Funko Pop Movies Collectibles Ghostbusters Toys Avengers Endgame Halloween Pre-Made Slime Shop", "relevancy_score": 82.88249795918368, "price": "$17.98"}, {"title": "Chicago Girls' Adjustable Quad Skates, Sizes J10-4", "tags": "Sports & Duffel Bags Golf Balls Bike Pads Skate Wheels Skateboard Parts Helmets Inline Skates", "relevancy_score": 116.38618181818181, "price": "$39.99"}, {"title": "My Little Pony Friendship is Magic Pinkie Pie 10\" Soft Plush", "tags": "My Little Pony Dolls Only at Walmart Toys Gifts for 4 year old girl 2 girls 3 Stuffed Animals 12-24 Months", "relevancy_score": 5.098374193548387, "price": "$28.68"}, {"title": "Playskool Mr. Potato Head Mash Mobiles Potato Train", "tags": "Shop Toys by Price All Action Figures for 2 year old boys Gifts 4 boy 3 Kids to Years Playskool", "relevancy_score": 10.1906, "price": "$19.99"}, {"title": "Care Bears 24\" Pillow Plush Stuffed Animal, Cheer Bear (Pink)", "tags": "All Stuffed Animals & Plush for Girls Valentine's Day Care Bears Toys Christmas 1 year old Boys", "relevancy_score": 44.803753846153846, "price": "$38.00"}, {"title": "Cabbage Patch Kids Collectible Cuties Woodland Friends 3 Pack", "tags": "", "relevancy_score": 0.0, "price": "$49.80"}, {"title": "FUNKO POP! TELEVISION: STRANGER THINGS - DUSTIN W/ COMPASS", "tags": "Bobble Heads Toys for Babies 0 to 12 Months Stranger Things Collectibles Ghostbusters All Funko Pop TV", "relevancy_score": 15.277236363636364, "price": "$12.64"}, {"title": "My Little Pony Princess Twilight Sparkle Glitter Design Pony Figure", "tags": "Collectible Dolls Toys for age 2-4 girls Gifts 4 year old girl 2 3 Toddler Girl My Little Pony Stuffed Animals", "relevancy_score": 77.60304680851064, "price": "$13.56"}, {"title": "Funko POP! TV: Stranger Things S3 W2 - Billy", "tags": "Mike Steve Billy Eleven Dustin Max Joyce Lucas", "relevancy_score": 4.098374193548387, "price": "$11.97"}, {"title": "Jam Pop Adjustable Roller Skates by Crazy Skates", "tags": "Sports & Duffel Bags Golf Balls Bike Pads Skate Wheels Skateboard Parts Helmets Inline Skates", "relevancy_score": 5.098374193548387, "price": "$64.99"}, {"title": "Transformers War for Cybertron: Siege Micromaster WFC-S5 Autobot Battle Patrol", "tags": "Transformers Soundwave Action Figures Bumblebee Toys Optimus Prime Studio Series Gifts for 9 year old girls Cyberverse Adventure", "relevancy_score": 12.277236363636364, "price": "$9.99"}, {"title": "My Little Pony Equestria Girls Minis Lessons and Laughs Class Set", "tags": "Dollhouses & Play Sets My Little Pony Dolls Playsets Gifts for 4 year old girl Toys 2 girls 3 Fashion", "relevancy_score": 0.0, "price": "$24.88"}, {"title": "My Little Pony Equestria Girls Minis School Pep Rally, Pinkie Pie", "tags": "Collectible Dolls My Little Pony DC Super Hero Girls Playsets Gifts for 4 year old girl Toys 2 girls 3", "relevancy_score": 0.0, "price": "$16.22"}, {"title": "My Little Pony Cutie Mark Magic Glamour Glow Rarity Figure", "tags": "Calico Critters My Little Pony Dolls & Dollhouses Toys for age 2-4 girls LOL Surprise Fashion Toddler Girl Hatchimals", "relevancy_score": 5.098374193548387, "price": "$32.00"}, {"title": "My Little Pony: The Movie Princess Luna Large Soft Plush", "tags": "TY Stuffed Animals My Little Pony Dolls Gifts for 4 year old girl Toys 2 girls 3 12-24 Months", "relevancy_score": 5.098374193548387, "price": "$20.00"}, {"title": "My Little Pony Friendship is Magic Mini Mayor Mare Figure", "tags": "My Little Pony Dolls Playsets Toys for age 2-4 girls Gifts 4 year old girl 2 3 Toddler Girl", "relevancy_score": 0.0, "price": "$2.99"}, {"title": "My Little Pony the Movie Pirate Ponies", "tags": "My Little Pony Dolls TV & Movie Playsets Gifts for 4 year old girl Play-Doh Licensed Sets Toys 2 girls 3 Stuffed Animals", "relevancy_score": 65.51653333333333, "price": "$29.11"}, {"title": "My Little Pony Friendship is Magic Collection Mrs. Dazzle Cake Pack", "tags": "Cooking & Baking Toys My Little Pony Dolls TV Movie Playsets Gifts for 4 year old girl 2 girls 3", "relevancy_score": 0.0, "price": "$7.99"}, {"title": "Transformers: Bumblebee -- Energon Igniters Power Plus Series Bumblebee", "tags": "Transformers Bumblebee Action Figures Toys Playskool Optimus Prime Studio Series Cyberverse Adventure", "relevancy_score": 77.60304680851064, "price": "$16.99"}, {"title": "Transformers Masks, 8pk", "tags": "Rectangular Plastic Tablecloths Animal Costumes Transformers Party Tableware Favors & Wear Top Boy's Halloween Character Newborn Baby TV Movies", "relevancy_score": 4.098374193548387, "price": "$9.99"}, {"title": "My Little Pony - 35th Anniversary Collector Ponies - Sunbeam", "tags": "Collectible Dolls Other Unicorn Toys for age 2-4 girls Gifts 4 year old girl 2 3 Toddler Girl", "relevancy_score": 5.098374193548387, "price": "$20.00"}, {"title": "My Little Pony Mane Pony Applejack Classic Figure, Ages 3 and Up", "tags": "My Little Pony Dolls TV & Movie Playsets Toys for age 2-4 girls Gifts 4 year old girl 2 3 Toddler Girl", "relevancy_score": 5.098374193548387, "price": "$4.59"}, {"title": "Moxi Panther Laces", "tags": "Sports & Duffel Bags Golf Balls Bike Pads Skate Wheels Skateboard Parts Helmets Inline Skates", "relevancy_score": 0.0, "price": "$17.80"}, {"title": "Transformers: Bumblebee -- Energon Igniters Speed Series Barricade", "tags": "Transformers Megatron Action Figures Bumblebee Toys Optimus Prime Studio Series Cyberverse Adventure Playskool", "relevancy_score": 25.435657142857142, "price": "$5.99"}, {"title": "Rollerblade Advantage Pro XT Adult Men's Inline Skates Size 13, Black/Red", "tags": "", "relevancy_score": 0.0, "price": "$159.98"}, {"title": "PLAYMOBIL Ghostbusters Spengler and Ghost", "tags": "Playmobil Horses Building Toys Ages 5 to 7 Ghostbusters Police and Fire 8 11 All Play Sets Pre-Made Slime Shop Houses", "relevancy_score": 15.277236363636364, "price": "$18.98"}, {"title": "Metals Ghostbusters 4\" DC Figure, Venkman", "tags": "PJ Masks and Paw Patrol All Preschool Action Figures & Playsets Avengers Ghostbusters Toys Role Play Spider-Man Marvel", "relevancy_score": 1.098374193548387, "price": "$14.99"}, {"title": "TY Beanie Buddy - My Little Pony - APPLEJACK (11 inch)", "tags": "Kids Instruments Stuff Animals for Boys Gifts 4 year old girl Toys 2 girls 3 My Little Pony Stuffed 12-24 Months", "relevancy_score": 0.0, "price": "$20.95"}, {"title": "Hifashion Adjustable Inline Skates for Women Kids with LED Wheels Beginner, Size 12J-8", "tags": "Hockey Accessories Bike Pads Skate Wheels Skateboard Parts Helmets Roller Skates", "relevancy_score": 1.098374193548387, "price": "$45.99"}, {"title": "Transformers: Bumblebee Studio Series 40 Deluxe Class, Shatter Figure", "tags": "Transformers Megatron Action Figures Bumblebee Toys Optimus Prime Studio Series Cyberverse Adventure Playskool", "relevancy_score": 35.803753846153846, "price": "$39.99"}, {"title": "Funko POP! TV: Stranger Things S3 W2 - Mike", "tags": "Mike Steve Eleven Jim Hopper Will Dustin Max Lucas", "relevancy_score": 15.277236363636364, "price": "$10.07"}, {"title": "Moxi Twinkle Toe Caps", "tags": "Sports & Duffel Bags Golf Balls Bike Pads Skate Wheels Skateboard Parts Helmets Inline Skates", "relevancy_score": 0.0, "price": "$25.80"}, {"title": "Transformers Cyberverse 1-Step Changer Starscream", "tags": "Transformers Megatron Action Figures Bumblebee Toys Optimus Prime Studio Series Cyberverse Adventure Shockwave", "relevancy_score": 0.0, "price": "$26.98"}, {"title": "My Little Pony Friendship is Magic Spike the Dragon Cuddly Plush", "tags": "Kids Instruments Toys for 6 year old girls Stuff Animals Boys 7 My Little Pony Dolls age 5-7 Stuffed 5", "relevancy_score": 10.1906, "price": "$26.85"}, {"title": "Pop Dragon Ball Z Super Saiyan 2 Vegeta Vinyl Figure (Other)", "tags": "Bobble Heads Funko Pop Animation Dragon Toys Ball Anime NBA All", "relevancy_score": 10.1906, "price": "$14.96"}, {"title": "Ghostbusters Slimer 16 Inch HugMe Vibrating Plush", "tags": "Shop All Playmobil Building Toys Ages 5 to 7 WWE Action Figures Play Sets Stranger Things Funko Pop Ghostbusters", "relevancy_score": 0.0, "price": "$29.57"}, {"title": "Transformers Toys Cyberverse Action Attackers Ultra Class Bumblebee Action Figure", "tags": "The Incredibles Toys Father's Day Electronics Connected Dorm Room Shop All Glass Mother's Gifts Audio for Grads", "relevancy_score": 57.060730434782606, "price": "$48.99"}, {"title": "Epic Galaxy Elite Pink Speed Roller Skates Package", "tags": "Sports & Duffel Bags Golf Balls Bike Pads Skate Wheels Skateboard Parts Helmets Inline Skates", "relevancy_score": 0.0, "price": "$48.82"}, {"title": "FUNKO POP! STAR WARS: PRINCESS LEIA", "tags": "Bobble Heads Star Wars Action Figures Toys for 5 year olds 7 6 Shop All Funko Wobbler Prince Pop", "relevancy_score": 53.67131428571429, "price": "$14.95"}, {"title": "My Little Pony - Rarity 8\"", "tags": "My Little Pony Dolls Gifts for 4 year old girl Toys 2 girls 3 Unicorn Stuffed Animals 12-24 Months", "relevancy_score": 15.277236363636364, "price": "$7.99"}, {"title": "Ghostbusters 12\" Angry Stay Puft Talking Plush", "tags": "Funko Pop Movies Shop All Playmobil Building Toys Ages 5 to 7 8 11 Play Sets Ghostbusters Pre-Made Slime", "relevancy_score": 5.098374193548387, "price": "$23.99"}, {"title": "Stranger Things POP Vinyl Figure: Will", "tags": "Bobble Heads Toys for Babies 0 to 12 Months 7 year olds Ghostbusters Stranger Things All Funko Pop TV", "relevancy_score": 4.098374193548387, "price": "$25.95"}, {"title": "Epic Nitro Turbo Purple Quad Speed Skates", "tags": "Sports & Duffel Bags Golf Balls Bike Pads Skate Wheels Skateboard Parts Helmets Complete Sets Inline Skates", "relevancy_score": 22.435657142857142, "price": "$56.51"}, {"title": "Riedell Dart Pixel Roller Skate Set", "tags": "Sports & Duffel Bags Golf Balls Bike Pads Skate Wheels Skateboard Parts Helmets Inline Skates", "relevancy_score": 0.0, "price": "$149.99"}, {"title": "Vintage Quad Roller Skates Tee Women's -Image by Shutterstock", "tags": "Sports & Duffel Bags Golf Balls Bike Pads Skate Wheels Skateboard Parts Helmets Inline Skates", "relevancy_score": 0.0, "price": "$12.99"}, {"title": "Cabbage Patch Kids 9\" Butterfly Cutie", "tags": "Baby Dolls My Sweet Love Dollhouses & Dragon Toys for age 2-4 girls Cabbage Patch Kids", "relevancy_score": 10.1906, "price": "$17.99"}, {"title": "Transformers: Vintage G1 Cassette 2-Pack Decepticons Frenzy and Laserbeak", "tags": "Transformers Soundwave Action Figures Bumblebee Toys G1 Optimus Prime Studio Series Cyberverse Adventure", "relevancy_score": 39.40375384615384, "price": "$51.73"}, {"title": "Transformers Generations War for Cybertron Micromaster WFC-E40 Decepticon Battle Squad", "tags": "", "relevancy_score": 0.0, "price": "$15.99"}, {"title": "Transformers: Bumblebee -- Energon Igniters Power Series Autobot Hot Rod", "tags": "Transformers Megatron Action Figures Bumblebee Toys Optimus Prime Studio Series Cyberverse Adventure Playskool", "relevancy_score": 19.558776470588235, "price": "$17.43"}, {"title": "Funko 5 Star: Ghostbusters - Winston Zeddemore", "tags": "Funko Pop Movies Shop All Playmobil Building Toys Ages 5 to 7 Ghostbusters Play Sets Pre-Made Slime Star", "relevancy_score": 14.377236363636365, "price": "$14.98"}, {"title": "Dragon Ball Super Funko POP! Animation Super Saiyan Future Trunks Vinyl Figure", "tags": "Bobble Heads Funko Pop Animation Dragon Toys Ball Anime NBA All", "relevancy_score": 0.0, "price": "$33.62"}, {"title": "Transformers Generations Titans Return Autobot Perceptor and Convex", "tags": "Transformers Action Figures Toys for 11 year old girls Studio Series 10 olds girl Gifts 7", "relevancy_score": 0.0, "price": "$98.99"}, {"title": "Ghostbusters Select Series 2 Dana Action Figure", "tags": "Gifts for 8 year old girls Diamond Select Toys Ghostbusters 9 olds 10 girl 11", "relevancy_score": 0.0, "price": "$25.02"}, {"title": "Transformers Generations Titans Return Titan Master Fracas and Scourge", "tags": "Gifts for 8 year old girls Transformers Bumblebee Action Figures Toys Studio Series 11 olds girl 7 10", "relevancy_score": 28.57695135135135, "price": "$37.05"}, {"title": "Transformers-hasbro Tra Mv3 Dlx Starscream", "tags": "Transformers Megatron Action Figures Bumblebee Toys G1 Optimus Prime Studio Series Cyberverse Adventure", "relevancy_score": 9.1906, "price": "$66.98"}, {"title": "Pop Dragon Ball Super Future Trunks Vinyl Figure (Other)", "tags": "Bobble Heads Collectible Dolls Funko Pop Animation Dragon Toys Ball Anime All", "relevancy_score": 0.0, "price": "$11.99"}, {"title": "Ghostbusters 5\" Stay Puft Marshmallow Man Plush", "tags": "Shop All Playmobil Diamond Select Toys Building Ages 5 to 7 0-12 Months 8 11 Play Sets Ghostbusters Funko Pop", "relevancy_score": 0.0, "price": "$12.99"}, {"title": "GI Joe Pursuit of Cobra Rock Viper 3.75\" Action Figure", "tags": "Kiddie Pools Bobble Heads All Swimming Shop G.I. Joe Toys Avengers Endgame Funko Pop Disney Stranger Things", "relevancy_score": 0.0, "price": "$59.99"}, {"title": "Transformers Action Attackers Bumblebee Action Figure", "tags": "", "relevancy_score": 0.0, "price": "$14.99"}, {"title": "FUNKO PLAYMOBIL: BACK TO THE FUTURE - DOC", "tags": "Shop All Playmobil Walmart Exclusive Funko Pop Back to the Future Building Toys Ages 5 7 8 11 Play Sets", "relevancy_score": 0.0, "price": "$22.97"}, {"title": "Funko POP! Television: Stranger Things - Hopper w/Flashlight", "tags": "Bobble Heads Toys for Babies 0 to 12 Months Ghostbusters Stranger Things All Funko Pop 5 Star TV", "relevancy_score": 9.1906, "price": "$8.78"}, {"title": "Monchhichi Mother Care with Baby Pink7.87 tall By Schylling", "tags": "", "relevancy_score": 0.0, "price": "$35.59"}, {"title": "Back to the Future Funko POP! Movies Dr. Emmet Brown Vinyl Figure [Time Travel]", "tags": "Bobble Heads Collectible Dolls Funko Pop Movies Walmart Exclusive Back to the Future Rocks Queen TV", "relevancy_score": 0.0, "price": "$30.33"}, {"title": "GI Joe Cobra 3-3/4\" Action Figure Waist Band Replacement O-rings - Premium", "tags": "Action Figure Vehicles All Collectible Figures Shop Wonder Woman Toys Kotobukiya Dolls G.I. Joe Star Wars The Black Series for age 2-4 boys", "relevancy_score": 0.0, "price": "$15.25"}, {"title": "Playskool Heroes Transformers Rescue Bots Fireplug", "tags": "Transformers Megatron Action Figures Bumblebee Toys All Preschool & Playsets Playskool Optimus Prime Cyberverse Adventure", "relevancy_score": 12.277236363636364, "price": "$4.99"}, {"title": "Razor Jetts Purple- Easy Open Packaging", "tags": "", "relevancy_score": 198.6766769230769, "price": "$29.97"}, {"title": "Epic Pink Zebra Premium Skate Bag", "tags": "Sports & Duffel Bags Golf Balls Bike Pads Skate Wheels Skateboard Parts Helmets Inline Skates", "relevancy_score": 3.0983741935483873, "price": "$25.11"}, {"title": "IllumiPeg Fairy Tale refill templates for Lite Brite Magic Screen Retro Style (12 sheets, 6x8)", "tags": "Teens' Lamps & Lighting Shop All Kids' Decor Lights Night Novelty Drew Barrymore Flower Home Gifting Princess", "relevancy_score": 0.0, "price": "$8.99"}, {"title": "Transformers: Bumblebee -- Titan Changers Bumblebee", "tags": "Transformers Bumblebee Action Figures Toys Playskool Optimus Prime Studio Series Cyberverse Adventure", "relevancy_score": 22.27695135135135, "price": "$24.50"}, {"title": "Fisher Price Little People Big Helper Family Figures - Dad, Mom and Baby (Hispanic)", "tags": "Dollhouses & Play Sets All Action Figures Vehicles Preschool Playsets Fisher-Price Toys by Price", "relevancy_score": 0.0, "price": "$19.99"}, {"title": "FUNKO PINT SIZE HEROES - Masters of the Universe (One random Masters of the Universe Pint Size Hero per purchase)", "tags": "Toys for Babies 0 to 12 Months Walmart Exclusive Funko Pop Mega Construx WWE All Action Figures Building Play Sets Prince", "relevancy_score": 2.0983741935483873, "price": "$10.99"}, {"title": "Transformers BotBots Series 4 Movie Moguls 8-Pack \u2013 Mystery Figures!", "tags": "Gumball Machines Transformers Bumblebee Action Figures Toys Optimus Prime Studio Series Angry Birds Cyberverse Adventure", "relevancy_score": 0.0, "price": "$19.99"}, {"title": "FUNKO DORBZ: GHOSTBUSTERS - STAY PUFT MAN", "tags": "Funko Dorbz Ghostbusters Pop Movies Walmart Exclusive Toys Shop All Christmas Games", "relevancy_score": 0.0, "price": "$24.81"}, {"title": "funko pop heroes: star sapphire wonder woman exclusive", "tags": "Bobble Heads Funko Pop Movies Walmart Exclusive DC Christmas Harry Potter TV Games", "relevancy_score": 0.0, "price": "$59.99"}, {"title": "Funko Pop! Anime Dragonball Z Super Saiyan Goku Vinyl Figure Toy #14", "tags": "Bobble Heads Collectible Dolls Funko Pop Animation Dragon Toys Ball Anime All", "relevancy_score": 0.0, "price": "$13.99"}, {"title": "Star Wars Star Case 1 Display for Star Wars, Vintage, GI Joe Quantity of 10", "tags": "Star Wars Action Figures Transformers Toys Shop All G.I. Joe Studio Series Marvel Legends The Black", "relevancy_score": 0.0, "price": "$35.99"}, {"title": "MLP SOFT PLUSH PINKIE PIE", "tags": "", "relevancy_score": 0.0, "price": "$20.45"}, {"title": "Nycc 2014 Funko Pop Exclusive Metallic Saphire Wonder Woman", "tags": "Ride Ons for Girls Wonder Woman Funko Pop Shop All Toys Gifts 4 year old girl 2 girls 3 Toddler Girl", "relevancy_score": 0.0, "price": "$52.99"}, {"title": "Funko Wonder Woman (Gauntlets) (Chrome 3-Pack)", "tags": "Bobble Heads Funko Pop Movies Walmart Exclusive DC Christmas Harry Potter TV Games", "relevancy_score": 0.0, "price": "$34.99"}, {"title": "Transformers Universe Clocker vs. Hardtop - Value Pack", "tags": "Gifts for 9 year old boys 8 Toys 10 11 age 8-11", "relevancy_score": 23.435657142857142, "price": "$50.15"}, {"title": "Playskool Heroes Transformers Rescue Bots Optimus Prime", "tags": "Transformers Bumblebee Action Figures Toys All Preschool & Playsets Playskool Optimus Prime Cyberverse Adventure", "relevancy_score": 15.277236363636364, "price": "$32.35"}, {"title": "Transformers Bumble Bee, Flame Toys Furai Model", "tags": "All Collectible Figures Transformers Bumblebee Action Toys G1 Optimus Prime Studio Series Cyberverse Adventure Shockwave", "relevancy_score": 0.0, "price": "$45.58"}, {"title": "Soundwave Titan Guardians Transformer Vinyl Action Figure 6\"", "tags": "All Collectible Figures Transformers Megatron Action Toys Optimus Prime Studio Series Bumblebee Cyberverse Adventure Shockwave", "relevancy_score": 0.0, "price": "$14.95"}, {"title": "Mr. Potato Head Tater Tub Set Parts and Pieces Container Toddler Toy", "tags": "Shop Toys by Price All Action Figures for 2 year old boys Gifts 4 boy 3 Kids to Years Playskool", "relevancy_score": 32.77695135135135, "price": "$28.04"}, {"title": "Epic Blush Quad Roller Skates", "tags": "Sports & Duffel Bags Golf Balls Bike Pads Skate Wheels Skateboard Parts Helmets Inline Skates", "relevancy_score": 15.277236363636364, "price": "$67.64"}, {"title": "My Little Pony Friendship is Magic Princess Twilight Sparkle Soft", "tags": "Kids Instruments Stuff Animals for Boys My Little Pony Dolls Gifts 4 year old girl Toys 2 girls 3 Stuffed", "relevancy_score": 8.1906, "price": "$18.99"}, {"title": "Transformers Siege War for Cybertron Deluxe Class Sideswipe", "tags": "Transformers Megatron Action Figures Bumblebee Toys Optimus Prime Studio Series Cyberverse Adventure Shockwave", "relevancy_score": 23.435657142857142, "price": "$24.59"}, {"title": "Transformers: Bumblebee -- Energon Igniters Power Series Optimus Prime", "tags": "Transformers Megatron Action Figures Toys Playskool Optimus Prime Studio Series Bumblebee Cyberverse Adventure", "relevancy_score": 6.1906, "price": "$24.88"}, {"title": "Care Bears \"Cheer Bear\" Soother Bear Plush with Music & Lights", "tags": "Stuffed Animals for Girls Warmies Microwavable & Scented Plush Valentine's Day Care Bears Toys Christmas Funko Pop Boys", "relevancy_score": 25.70826666666667, "price": "$29.99"}, {"title": "Transformers: The Last Knight 1-Step Turbo Changer Bumblebee", "tags": "Transformers Megatron Action Figures Toys Playskool Optimus Prime Studio Series Bumblebee Cyberverse Adventure", "relevancy_score": 12.358776470588236, "price": "$14.87"}, {"title": "TRANSFORMERS RBT EPIC SERIES OPTIMUS PRIME", "tags": "Transformers Megatron Action Figures Bumblebee Toys Playskool Optimus Prime Studio Series Cyberverse Adventure", "relevancy_score": 0.0, "price": "$31.00"}, {"title": "fisher-price little people animal friends farm", "tags": "All Vehicles Playsets Play by Vehicle Type Green Toys Toy Tractors Price", "relevancy_score": 0.0, "price": "$63.52"}, {"title": "My Little Pony Mlp Snips Snails Pinkie Pie", "tags": "LOL Surprise O.M.G Calico Critters My Little Pony Dolls & Dollhouses Fashion Hatchimals Pets", "relevancy_score": 0.0, "price": "$18.99"}, {"title": "Funko POP! Rocks - Def Leppard Vinyl Figures - SET OF 5 (Joe, Phil, Vivian & 2 Ricks)", "tags": "Star Wars Action Figures Funko Pop Movies Collectibles Animation Rocks Icons Rick and Morty Stuffed Animals Plush", "relevancy_score": 0.0, "price": "$56.98"}, {"title": "Transformers BotBots Backpack Bunch 5-Pack Figures (Styles May Vary)", "tags": "Gumball Machines Transformers Bumblebee Action Figures Toys Playskool Studio Series Cyberverse Adventure", "relevancy_score": 0.0, "price": "$19.28"}, {"title": "Transformers Cybertron Deluxe Red Alert & Dirt Boss Action Figure", "tags": "Transformers Megatron Action Figures Bumblebee Toys Playskool Optimus Prime Studio Series Cyberverse Adventure", "relevancy_score": 0.0, "price": "$94.00"}, {"title": "Marvel Iron Man Mr Potato Head Invincible Iron Man Figure", "tags": "Mr. Potato Head Toys for 2 year old boys Gifts 4 boy 3 Playskool Deadpool Action Figures", "relevancy_score": 5.098374193548387, "price": "$24.89"}, {"title": "Transformers Bumblebee Cyberverse Adventures Sharkticons Attack Play Set", "tags": "Transformers Megatron Action Figures Bumblebee Toys Optimus Prime Studio Series Cyberverse Adventure Playskool Shockwave", "relevancy_score": 5.098374193548387, "price": "$30.95"}, {"title": "Funko Fabrikations Teenage Mutant Ninja Turtles Raphael Soft Sculpture Plush", "tags": "Bobble Heads Funko Pop Movies Teenage Mutant Ninja Turtles Action Figures Walmart Exclusive Turtle Christmas Toys Games", "relevancy_score": 0.0, "price": "$18.99"}, {"title": "Transformers Cyberverse Action Attackers: Scout Class Shadow Striker", "tags": "Transformers Megatron Action Figures Bumblebee Toys Optimus Prime Studio Series Cyberverse Adventure Playskool", "relevancy_score": 3.0983741935483873, "price": "$21.45"}, {"title": "My Little Pony the Movie Glitter and Glow Princess Celestia", "tags": "Collectible Dolls Baby Playsets Gifts for 4 year old girl Toys 2 girls 3 My Little Pony Stuffed Animals", "relevancy_score": 0.0, "price": "$16.97"}, {"title": "My Little Pony: The Movie Pinkie Pie Swimming Seapony", "tags": "Collectible Dolls My Little Pony Gifts for 4 year old girl Play-Doh Licensed Sets Toys 2 girls 3 Stuffed Animals", "relevancy_score": 299.75405217391307, "price": "$21.98"}, {"title": "TRANSFORMERS CYBERVERSE SCOUT GRIMLOCK", "tags": "Transformers Megatron Action Figures Bumblebee Toys Optimus Prime Studio Series Cyberverse Adventure Playskool Shockwave", "relevancy_score": 5.098374193548387, "price": "$20.88"}, {"title": "Fisher-Price Little People Farmer Mia Figure", "tags": "Learning Playsets Toys for 6 year old girls 7 age 5-7 boys Gifts 5", "relevancy_score": 0.0, "price": "$14.88"}, {"title": "Epic Skates Epic Neon Pink Nitro Quad Speed Roller Skates", "tags": "Sports & Duffel Bags Golf Balls Bike Pads Skate Wheels Skateboard Parts Helmets Inline Skates", "relevancy_score": 0.0, "price": "$81.99"}, {"title": "Transformers Studio Series 30 Deluxe Class Dark of the Moon Crankcase", "tags": "Transformers Megatron Action Figures Soundwave Bumblebee Toys Optimus Prime Studio Series Cyberverse Adventure", "relevancy_score": 6.1906, "price": "$19.99"}, {"title": "Ghostbusters 6\" Slimer Plush", "tags": "Shop All Car Tracks Playmobil Building Toys Ages 5 to 7 8 11 Play Sets Ghostbusters Funko Pop Pre-Made Slime", "relevancy_score": 0.0, "price": "$14.87"}, {"title": "Ty My little Pony Princess Celestia, Cadance, and luna Set", "tags": "Collectible Dolls TY Stuffed Animals TV & Movie Playsets Gifts for 4 year old girl Toys 2 girls 3 My Little Pony", "relevancy_score": 0.0, "price": "$49.99"}, {"title": "Funko POP! Rocks - Def Leppard - Joe Elliott", "tags": "Learning Accessories Star Wars Action Figures Astronomy Toys for Kids Funko Pop Animation Rocks Aurora Plush Toy Tools", "relevancy_score": 20.358776470588236, "price": "$8.78"}, {"title": "Transformers Titans Return Bumblebee Action Figure", "tags": "All Collectible Figures Transformers Bumblebee Action Toys Playskool Optimus Prime Studio Series Cyberverse Adventure", "relevancy_score": 5.098374193548387, "price": "$16.46"}]