[{"title": "Hedbanz, Quick Question Family Guessing Game for Kids and Adults (Edition May Vary)", "tags": "Card Games Classic Family All Board Party Toys for Kids 5 to 7 Years Adult", "relevancy_score": 1338.5770191082802, "price": "$11.96"}, {"title": "Double Six Dominoes in Tin, Tile Game for Kids and Adults Aged 8 and up", "tags": "Shop Toys by Price Card Games Family All Board Monopoly for Kids 8 to 11 Years 5 7", "relevancy_score": 411.08660869565216, "price": "$5.88"}, {"title": "Educational Insights The Sneaky, Snacky Squirrel Game", "tags": "Learning Accessories Playsets Classic Games Family All Board Math Toys for Kids Adult", "relevancy_score": 722.5914098360656, "price": "$16.12"}, {"title": "Hungry Hungry Hippos Family Classic Game, Board and Accessories", "tags": "Shop Toys by Price Family Games Hungry Hippos All Board for Kids 2 to 4 Years 5 7 Adult", "relevancy_score": 2636.4722926829268, "price": "$29.87"}, {"title": "Classic Guess Who? - Original Guessing Game, Ages 6 and up", "tags": "Shop Toys by Price Card Games Science & Education Family All Board for Kids 8 to 11 Years 5 7", "relevancy_score": 2152.123927565392, "price": "$9.97"}, {"title": "48-Piece Jumbo Floor Puzzles for Kids Age 3-6, Noah's Ark Animal Giant Jigsaw Puzzle, Large 2 x 3 Feet", "tags": "Melissa and Doug Puzzles Frozen Games & Wood 300 Piece Jigsaws Toys Ravensburger Only at Walmart Kids", "relevancy_score": 15.379636363636363, "price": "$13.99"}, {"title": "48-Piece Jumbo Floor Puzzles for Kids Age 3-6, Garden Bugs & Insects Giant Jigsaw Puzzle, Large 2 x 3 Feet", "tags": "Melissa and Doug Puzzles 500 Piece Jigsaws 1000 750 300 & Toys Kids", "relevancy_score": 0.0, "price": "$12.99"}, {"title": "Goliath Games Gator Golf Game (ages 3+)", "tags": "Top Rated Toys by Kids Electronic Games Classic Family All Board Dragon for 5 to 7 Years", "relevancy_score": 282.35726315789475, "price": "$14.91"}, {"title": "Classic Don't Break the Ice Family Game, Ages 3 and up", "tags": "Shop Toys by Price Electronic Games Family All Board Only at Walmart & Puzzles for Kids 5 to 7 Years Adult", "relevancy_score": 190.38628571428572, "price": "$10.66"}, {"title": "The Floor is Lava", "tags": "Electronic Games Classic All Board Only at Walmart & Puzzles Toys for Kids 8 to 11 Years 5 7 Adult", "relevancy_score": 148.4185, "price": "$12.74"}, {"title": "Double Six Dominoes in Tin, Tile Game for Kids and Adults Aged 8 and up", "tags": "Shop Toys by Price Card Games Family All Board Monopoly for Kids 8 to 11 Years 5 7", "relevancy_score": 411.08660869565216, "price": "$5.88"}, {"title": "Family 10 Game Set with Chess, Checkers, Mancala, and More", "tags": "Shop Toys by Price Card Games Family All Board Party for Kids 12 Years & Up Adult", "relevancy_score": 66.21926530612244, "price": "$13.44"}, {"title": "Spot it! Card Game", "tags": "Electronic Games Classic Family All Board Party Toys for Kids 5 to 7 Years Adult", "relevancy_score": 529.6937464788732, "price": "$9.97"}, {"title": "Stinky Pig Game", "tags": "Electronic Games Card Classic All Board Party Toys for Kids 5 to 7 Years Adult", "relevancy_score": 221.0481951219512, "price": "$6.72"}, {"title": "Speak Out Game Mouthpiece Challenge For Friends, Families, and Kids", "tags": "Card Games Classic All Board Party Toys for Kids 8 to 11 Years 5 7 Adult", "relevancy_score": 51.044, "price": "$10.56"}, {"title": "Buffalo Games - Darrell Bush - Camping Reflections - 1000 Piece Jigsaw Puzzle", "tags": "Springbok Puzzles 500 Piece Jigsaws Thomas Kinkade 1000 750 300 Kids Ceaco Shelf", "relevancy_score": 82.566, "price": "$16.99"}, {"title": "Dragon Snacks Family Game for Ages 4+", "tags": "Top Rated Toys by Kids Classic Games Family All Board Dragon for 8 to 11 Years 5 7", "relevancy_score": 868.845152542373, "price": "$16.95"}, {"title": "Don't Wake Daddy Preschool Game for Kids Ages 3+ - Walmart Exclusive", "tags": "Shop Toys by Price Classic Games Family All Board Only at Walmart & Puzzles for Kids 5 to 7 Years Adult", "relevancy_score": 237.22933333333333, "price": "$17.77"}, {"title": "Buffalo Games - Kim Norlien - Freedom's Promise - 1000 Piece Jigsaw Puzzle", "tags": "Springbok Puzzles 500 Piece Jigsaws Thomas Kinkade 1000 750 300 Kids Ceaco Shelf", "relevancy_score": 79.85252173913044, "price": "$10.88"}, {"title": "Totally Gross! The Game of Science Learning Game", "tags": "Card Games Classic Family All Board Party Toys for Kids 5 to 7 Years Adult", "relevancy_score": 171.4778181818182, "price": "$6.41"}, {"title": "Double Six Dominoes in Tin, Tile Game for Kids and Adults Aged 8 and up", "tags": "Shop Toys by Price Card Games Family All Board Monopoly for Kids 8 to 11 Years 5 7", "relevancy_score": 411.08660869565216, "price": "$5.88"}, {"title": "Family 10 Game Set with Chess, Checkers, Mancala, and More", "tags": "Shop Toys by Price Card Games Family All Board Party for Kids 12 Years & Up Adult", "relevancy_score": 66.21926530612244, "price": "$13.44"}, {"title": "Pinkfong Baby Shark Chunky Wood Sound Puzzle - Plays Baby Shark Song", "tags": "Melissa and Doug Puzzles Wood Baby Shark Toys Stuffed Animals for Girls & Kids Boys", "relevancy_score": 380.34911475409837, "price": "$10.29"}, {"title": "Classic Boggle Word Search Game For Kids Ages 8 and Up", "tags": "Shop Toys by Price Card Games Family All Board for Kids 8 to 11 Years 5 7 Adult", "relevancy_score": 360.6596893203884, "price": "$9.58"}, {"title": "UNO ATTACK! Rapid Fire Card Game for 2-10 Players Ages 7Y+", "tags": "Shop Toys by Price Card Games Classic Family All Board Monopoly for Kids 5 to 7 Years", "relevancy_score": 1627.6488981723237, "price": "$15.97"}, {"title": "Taboo Board Game, Guessing Game For Ages 13+, 4 or More Players", "tags": "Shop Toys by Price Card Games Family All Board Party for Kids 8 to 11 Years Adult", "relevancy_score": 270.636, "price": "$14.92"}, {"title": "Pressman\u00ae Wooden Mancala Game", "tags": "Shop Toys by Price Card Games Family All Board for Kids 8 to 11 Years 5 7 Adult", "relevancy_score": 262.3683595505618, "price": "$8.73"}, {"title": "Banana Blast", "tags": "Shop Toys by Price Electronic Games Classic Family All Board Dragon for Kids 5 to 7 Years", "relevancy_score": 1055.310275092937, "price": "$14.91"}, {"title": "Cards Against Humanity: The Main Game, NSFW Adult Party Game", "tags": "Shop Toys by Price Card Games Classic Family All Board for Kids 5 to 7 Years Adult", "relevancy_score": 915.6065454545454, "price": "$25.00"}, {"title": "SEQUENCE Game", "tags": "Shop Toys by Price Card Games Family All Board Party for Kids 5 to 7 Years Adult", "relevancy_score": 959.1192000000001, "price": "$17.97"}, {"title": "Hedbanz - Guessing Game for Kids and Adults", "tags": "Shop Toys by Price Card Games Classic All Board Party for Kids 5 to 7 Years Adult", "relevancy_score": 73.45252173913043, "price": "$11.96"}, {"title": "Chess & Checkers Set with 9\u201d Glass Board", "tags": "Shop Toys by Price Card Games Family All Board for Kids 12 Years & Up 8 to 11 5 7", "relevancy_score": 75.366, "price": "$7.83"}, {"title": "5 Surprise Mini Brands NEW Mystery Capsule Collectible Toy (3 Pack) by ZURU Series 1", "tags": "Shop Toys by Price Collectible Novelty for Kids 2 to 4 Years age 2-4 girls 12 & Up Toddler Girl 8 11", "relevancy_score": 67.05252173913043, "price": "$26.99"}, {"title": "Catan: 5-6 Player Extension Strategy Board Game", "tags": "Classic Games All Board Party Only at Walmart & Puzzles Monopoly Toys for Kids 12 Years Up Adult", "relevancy_score": 204.036, "price": "$24.97"}, {"title": "Pac-Man Connect-N-Play 12 Games", "tags": "Classic Games Family Little Live Pets Electronic All Board Simon Game LEGO Disney", "relevancy_score": 440.09374647887324, "price": "$19.77"}, {"title": "Melissa & Doug Farm Wooden Peg Puzzle (8 pcs)", "tags": "Learning Playsets TEGU Wood Puzzles Jigsaw All Wooden Blocks Melissa & Doug Toys Math for Kids", "relevancy_score": 121.856, "price": "$7.96"}, {"title": "Tile Lock Scrabble", "tags": "Shop Toys by Price Family Games All Board Only at Walmart & Puzzles Monopoly for Kids 8 to 11 Years 5 7", "relevancy_score": 395.19725, "price": "$18.99"}, {"title": "Smashers Smash Ball Collectibles Series 3 Dino by ZURU (8 Pack)", "tags": "Kid Influencer Toys Only at Walmart Ryan's World Dinosaur Jurassic for Kids 8 to 11 Years 5 7 Mini Brands", "relevancy_score": 92.01952941176471, "price": "$9.97"}, {"title": "Five Crowns", "tags": "Shop Toys by Price Card Games Classic All Board Party for Kids 12 Years & Up Adult", "relevancy_score": 1410.0807949526816, "price": "$12.97"}, {"title": "Lucky Fortune Blind Collectible Bracelets - 4-pack Take-out Box - Series 1 - By WowWee", "tags": "LOL Surprise Dolls Series 2 Poopsie Slime Toys for Kids 12 Years & Up 8 to 11 Unicorn 5 7 Pre-Made Shop", "relevancy_score": 164.2778181818182, "price": "$8.73"}, {"title": "Monopoly House Divided Board Game: Elections, White House Themed Game", "tags": "Electronic Games Classic All Board Party Only at Walmart & Puzzles Monopoly Adult", "relevancy_score": 195.95983561643834, "price": "$18.99"}, {"title": "Only At Walmart: Hungry Hungry Hippos Unicorn Edition Board Game", "tags": "Shop STEM ages 12 and Up All Unicorn Toys Womens Clothing Electronic Pets Arts & Crafts Levi Strauss, Jeans, Jackets Books", "relevancy_score": 101.6704, "price": "$19.92"}, {"title": "5 Surprise Mini Brands Mystery Capsule Real Miniature Brands Collectible Toy by ZURU", "tags": "", "relevancy_score": 21.59657142857143, "price": "$15.88"}, {"title": "2020 Topps Heritage MLB Baseball Trading Cards WM Hanger Box- Featuring Rookie's Yordan Alvarez, Gavin Lux, Aristides Aquino | Find Autographs & Memorabilia Cards | 35 Cards", "tags": "Topps Panini All Trading Cards Football Card Binders & Sleeves Collectible Hockey Basketball", "relevancy_score": 24.879157894736842, "price": "$10.98"}, {"title": "Bluey - Shadowlands Board Game - For 2 to 4 players", "tags": "All Action Figure Playsets Stuffed Animals & Plush Figures Preschool for Girls Drawing Coloring Toys Kids 5 to 7 Years Boys", "relevancy_score": 57.16251162790697, "price": "$14.99"}, {"title": "Trolls World Tour Plastic Party Tablecloth, 84 x 54in", "tags": "Birthday Centerpieces Character Party Kits Decoration Themed Decorations Trolls Wear and Toys Hanging 1st", "relevancy_score": 35.79005405405405, "price": "$2.77"}, {"title": "Mash'ems Baby Shark - Squishy Surprise Characters - Collect All 6 - Series 1", "tags": "", "relevancy_score": 50.620390243902435, "price": "$2.88"}, {"title": "200ct Box of Card Saver 1 - Semi Rigid Graded Card Toploader Holders - New", "tags": "Pokemon Collector's Tin All Trading Cards Card Binders & Holders Hockey Basketball", "relevancy_score": 58.793142857142854, "price": "$49.99"}, {"title": "Melissa & doug cute as a bug bowling set kids indoor outdoor game (8 pcs)", "tags": "Ages 12-24 months Baby and Toddler Music Toys 12-18 Month Push, Pull, Walker 9-12 Shape Sorters Stacking Play Time", "relevancy_score": 138.35261016949153, "price": "$6.23"}, {"title": "Buffalo Games - Cats Collection - Kitten Kitchen Capers - 750 Piece Jigsaw Puzzle", "tags": "500 Piece Jigsaws 1000 300 Jigsaw Puzzles Kids Ceaco Shelf 2000", "relevancy_score": 5.134709677419354, "price": "$9.97"}, {"title": "Monopoly Speed Board Game, Play Monopoly in Under 10 Minutes", "tags": "Electronic Games Classic All Board Party Only at Walmart & Puzzles Monopoly Toys for Kids 8 to 11 Years", "relevancy_score": 100.71222641509434, "price": "$9.99"}, {"title": "Monopoly: Star Wars The Child, Board Game for Ages 8+", "tags": "Star Wars Action Figures Classic Games Family Toys All Board The Mandalorian Monopoly", "relevancy_score": 97.6704, "price": "$14.99"}, {"title": "UNO Disney Frozen II Card Game", "tags": "Frozen Dolls & Dollhouses Classic Games Family Puzzles All Board Toys", "relevancy_score": 140.088, "price": "$5.44"}, {"title": "2020 Panini Prizm Baseball Multi Pack", "tags": "", "relevancy_score": 5.479636363636363, "price": "$19.99"}, {"title": "Rockin\u2019 Rollers Carrom Board Game with Coins and Strikers- 26\u201d Square", "tags": "Electronic Games Classic Family All Board Toys for Kids 2 to 4 Years Fashion Dolls 5 7", "relevancy_score": 56.393142857142855, "price": "$34.17"}, {"title": "Collins Key Fake Food Mystery Challenge Wheel", "tags": "", "relevancy_score": 138.2185, "price": "$29.77"}, {"title": "Beyblade Burst Rise Hypersphere Vortex Climb Battle Set", "tags": "Beyblade & Bakugan Burst Dragon Toys Beyblades Metal Fusion All Launchers Turbo", "relevancy_score": 177.1336470588235, "price": "$49.67"}, {"title": "Buffalo - Cats - Curiosity Shop - 750 Piece Jigsaw Puzzle", "tags": "Springbok Puzzles 500 Piece Jigsaws Thomas Kinkade 1000 300 Jigsaw Kids Ceaco Shelf", "relevancy_score": 30.695999999999998, "price": "$9.97"}, {"title": "Buffalo Games - Aimee Stewart - Beachcomber's Bounty - 1000 Piece Jigsaw Puzzle", "tags": "Springbok Puzzles 500 Piece Jigsaws Thomas Kinkade 750 300 Jigsaw Kids Ceaco Shelf", "relevancy_score": 69.92872727272729, "price": "$9.97"}, {"title": "Ryan's World Mystery Squishy", "tags": "Ryan's World Plush All Preschool Action Figures & Playsets Kid Influencer Toys Vehicles and Squishies Squeeze", "relevancy_score": 289.451838150289, "price": "$3.88"}, {"title": "Operation Game: Star Wars The Mandalorian Edition Game", "tags": "Playground Balls Star Wars Toys All Board Games Toy The Mandalorian Equipment for 2 year olds", "relevancy_score": 124.13885714285715, "price": "$14.99"}, {"title": "Only At Walmart: Ready Set Discover Game of States Board Game for Kids Ages 3 and Up", "tags": "", "relevancy_score": 0.0, "price": "$7.97"}, {"title": "Pie Face Game, Ages 5 and up", "tags": "Classic Games Family All Board Toys for Kids 2 to 4 Years Fashion Dolls 8 11 5 7", "relevancy_score": 24.59657142857143, "price": "$19.99"}, {"title": "Buffalo Games - Charles Wysocki - Old California - 300 Piece Jigsaw Puzzle", "tags": "", "relevancy_score": 10.261, "price": "$8.97"}, {"title": "Buffalo Games Charles Wysocki Max in the Adirondaks 1000 piece c Puzzle", "tags": "Springbok Puzzles 500 Piece Jigsaws 750 300 Jigsaw Kids Ceaco Shelf", "relevancy_score": 19.691294117647058, "price": "$9.97"}, {"title": "Pokemon XY Evolutions Trading Card Game Booster Pack", "tags": "Pokemon Collector's Tin Detective Pikachu Toys All Trading Cards TCG Games Trainer Box Theme Decks", "relevancy_score": 40.079157894736845, "price": "$13.99"}, {"title": "Buffalo Games - Entertainment - Star Wars The Mandalorian - Sipping My Soup - Walmart EXCLUSIVE - 500 Piece Jigsaw Puzzle", "tags": "Ride Ons for Girls Frozen Dolls & Dollhouses 6V Powered All Toys Disney Princess age 2-4 girls Toddler Girl", "relevancy_score": 0.0, "price": "$9.97"}, {"title": "Brybelly 12 Blue Decks of Pinochle Playing Cards", "tags": "Card Games Classic Family All Board Toys for Kids 12 Years & Up 5 to 7 Adult", "relevancy_score": 20.491294117647058, "price": "$16.26"}, {"title": "Buffalo Games - Cities in Color - Raining in Paris - 750 Pieces", "tags": "500 Piece Jigsaws 1000 300 Jigsaw Puzzles Party Games Kids Adult", "relevancy_score": 7.261, "price": "$9.97"}, {"title": "Buffalo Games Charles Wysocki All Burned Out 300 Piece Jigsaw Puzzle", "tags": "Springbok Puzzles 500 Piece Jigsaws 1000 750 Jigsaw Kids Ceaco Shelf", "relevancy_score": 15.379636363636363, "price": "$8.97"}, {"title": "Relative Insanity Card Game", "tags": "Classic Games Family All Board Party Toys for Kids 12 Years & Up 5 to 7 Adult", "relevancy_score": 40.56369230769231, "price": "$4.99"}, {"title": "Guesstures Game, for Ages 8 and up, for 4 or More Players", "tags": "Electronic Games Card Classic All Board Party Toys for Kids 8 to 11 Years Adult", "relevancy_score": 529.6937464788732, "price": "$14.92"}, {"title": "Bakugan Starter Pack 3-Pack, Dragonoid Ultra, Armored Alliance Collectible Action Figures", "tags": "All Action Figure Playsets Beyblade & Bakugan Trading Cards Paw Patrol Dragon Toys Hatchimals Batman Figures", "relevancy_score": 299.871, "price": "$19.87"}, {"title": "Only At Walmart: Sorry! Pets Behaving Badly Board Game", "tags": "Moana Toys Classic Games Family All Board Monopoly SpongeBob Funko Pop", "relevancy_score": 87.966, "price": "$19.92"}, {"title": "2020 Panini Score NFL Football Trading Cards Blaster Box- Special Tom Brady Tribute Set |12 Cards Per Pack, 11 Packs Per Box", "tags": "Topps All Trading Cards Baseball Football Card Binders & Sleeves Collectible Hockey Basketball", "relevancy_score": 58.72872727272726, "price": "$45.60"}, {"title": "Pokemon TCG: Toxtricity V Box- 1 Foil Card | 4 booster Packs |Oversize Foil of Toxtricity V", "tags": "Pokemon Collector's Tin All Trading Cards TCG Games Mega Trainer Box Theme Decks", "relevancy_score": 31.590054054054058, "price": "$19.99"}, {"title": "Buffalo Games - Aimee Stewart - Kitschy Cute - 1000 Piece Jigsaw Puzzle", "tags": "Shop Toys by Price 500 Piece Jigsaws 750 300 Jigsaw Puzzles Kids Ceaco Shelf 2000", "relevancy_score": 36.963692307692305, "price": "$10.97"}, {"title": "Buffalo Games - Aimee Stewart - Yard Sale - 1000 Piece Jigsaw Puzzle", "tags": "500 Piece Jigsaws Thomas Kinkade Puzzles 750 300 Jigsaw Ravensburger Kids Ceaco Shelf", "relevancy_score": 15.379636363636363, "price": "$10.97"}, {"title": "Buffalo Games - Country Life - Classic Summer Night - 1000 Piece Jigsaw Puzzle", "tags": "", "relevancy_score": 5.134709677419354, "price": "$15.00"}, {"title": "UNO Card Game Super Mario Theme for 2-10 Players Ages 7Y+", "tags": "Super Mario Home Decor Overwatch Shop All Sonic all & Bedding Clothing Minecraft", "relevancy_score": 44.1636923076923, "price": "$5.44"}, {"title": "Buffalo Games - Signature Collection - Antique Map - 1000 Piece Jigsaw Puzzle", "tags": "Springbok Puzzles 500 Piece Jigsaws Thomas Kinkade 750 300 Jigsaw Kids Ceaco Shelf", "relevancy_score": 29.495999999999995, "price": "$10.97"}, {"title": "8 PK PUZZLE BUNDLE", "tags": "Melissa and Doug Puzzles 500 Piece Jigsaws Wood 300 & Toys Only at Walmart Games Kids Ceaco Shelf", "relevancy_score": 162.01850000000002, "price": "$11.99"}, {"title": "Mr. Mouth Feed The Frog Classic Family Game, Fly Flicking Fun Game For Kids, Ages 5+", "tags": "Electronic Games Classic Family Hungry Hippos All Board Toys for Kids 5 to 7 Years Adult", "relevancy_score": 153.4778181818182, "price": "$17.95"}, {"title": "Yahtzee Score Cards, for Kids Ages 8 and Up, for 2+ Players", "tags": "Card Games Classic Family All Board Only at Walmart & Puzzles Toys for Kids 8 to 11 Years 5 7", "relevancy_score": 313.07099999999997, "price": "$3.97"}, {"title": "Abraham Hunter - Bayou Haven - 1000 piece Jigsaw Puzzle", "tags": "Springbok Puzzles 500 Piece Jigsaws 300 Jigsaw Ravensburger Kids Ceaco Shelf", "relevancy_score": 25.59657142857143, "price": "$9.97"}, {"title": "Classic Mouse Trap Family Board Game, for Ages 6 and up", "tags": "Shop Toys by Price Family Games All Board Monopoly for Kids 8 to 11 Years 5 7 Adult", "relevancy_score": 700.7368163265306, "price": "$31.00"}, {"title": "Buffalo Games - Art of Play - Dog Days of Summer - 750 Piece Jigsaw Puzzle", "tags": "Shop Toys by Price 500 Piece Jigsaws Thomas Kinkade Puzzles 1000 300 Jigsaw Kids Ceaco Shelf", "relevancy_score": 36.963692307692305, "price": "$9.97"}, {"title": "Chutes and Ladders Classic Family Board Game, Ages 3 and up", "tags": "Shop Toys by Price Card Games Classic Family All Board for Kids 8 to 11 Years 5 7", "relevancy_score": 1385.3042492581603, "price": "$12.56"}, {"title": "Buffalo Games - Look Closer - Sweet Treats - 500 Piece Jigsaw Puzzle", "tags": "Classic Games Family 1000 Piece Jigsaws All Board Toys for Kids 2 to 4 Years Jigsaw Puzzles", "relevancy_score": 10.261, "price": "$8.97"}, {"title": "Buffalo Games Charles Wysocki Peach of a Day 1000 Piece Jigsaw Puzzle", "tags": "Shop Toys by Price 500 Piece Jigsaws 750 3D Puzzles 300 Jigsaw Kids Ceaco Shelf", "relevancy_score": 28.879157894736842, "price": "$10.97"}, {"title": "Professional 300-Piece Poker Set in Aluminum Carry Case", "tags": "Shop Toys by Price Classic Games Family All Board Party for Kids 5 to 7 Years Adult", "relevancy_score": 76.65252173913044, "price": "$24.97"}, {"title": "Abraham Hunter 1000 piece Jigsaw Puzzle - Horse Valley Farm", "tags": "Springbok Puzzles 500 Piece Jigsaws Thomas Kinkade 750 Jigsaw Kids Ceaco Shelf", "relevancy_score": 29.495999999999995, "price": "$21.45"}, {"title": "Bakugan Starter Pack 3-Pack, Trox Ultra, Armored Alliance Collectible Action Figures", "tags": "All Action Figure Playsets Beyblade & Bakugan Trading Cards Paw Patrol Dragon Toys Hatchimals Batman Figures", "relevancy_score": 299.871, "price": "$19.87"}, {"title": "Mexican Train Dominoes Game in Aluminum Carry Case", "tags": "Shop Toys by Price Family Games All Board for Kids 8 to 11 Years 5 7 Baby Adult", "relevancy_score": 68.65252173913044, "price": "$24.74"}, {"title": "Disney/Pixar Toy Story 4 Classic Mr. Potato Head Figure", "tags": "Shop Toys by Price All Action Figures Slinkys Gifts for 4 year old boy Kids 2 to Years Disney Fisher Preschool Imaginext Toy Story", "relevancy_score": 105.31222641509434, "price": "$9.99"}, {"title": "Buffalo Games - Majestic Castles Puzzle Assortment - 750 Piece (Styles May Vary)", "tags": "Springbok Puzzles 500 Piece Jigsaws Thomas Kinkade 1000 750 300 Kids Ceaco Shelf", "relevancy_score": 61.06251162790697, "price": "$9.97"}, {"title": "LEGO Hidden Side Augmented Reality (AR) Ghost Train Express 70424 (697 Pieces)", "tags": "LEGO Easter Building Sets Lego Train Hidden Side for Boys Ages 12+ Toys 8 to 11", "relevancy_score": 62.92872727272728, "price": "$63.97"}, {"title": "Ultra Pro Pokemon Poke Ball, 2\", 3-Ring Binder", "tags": "Pokemon Collector's Tin Detective Pikachu Toys All Trading Cards TCG Games Card Binders & Sleeves Holders Booster Box", "relevancy_score": 91.96676923076922, "price": "$13.99"}, {"title": "Trouble: DreamWorks Trolls World Tour Edition, 2-4 Players", "tags": "Classic Games Family Trolls Dolls All Toys Board Monopoly", "relevancy_score": 92.81926530612245, "price": "$13.99"}, {"title": "Only At Walmart: The Game of Life: A Day at the Dog Park Board Game Walmart Exclusive", "tags": "Card Games Classic Family All Board Monopoly Toys for Kids 8 to 11 Years Funko Pop", "relevancy_score": 96.21952941176471, "price": "$19.92"}, {"title": "Parcheesi: Royal Edition", "tags": "Shop Toys by Price Family Games All Board Monopoly for Kids 12 Years & Up 8 to 11 5 7", "relevancy_score": 661.0258203592815, "price": "$19.99"}, {"title": "Horrified: Universal Monsters Strategy Board Game, 1-5 Players, Ages 10+", "tags": "Card Games All Board Party Only at Walmart & Puzzles Monopoly Toys for Kids 12 Years Up Adult", "relevancy_score": 25.59657142857143, "price": "$26.24"}, {"title": "Beyblade Burst Rise Hypersphere Beystadium Game, Ages 8 and Up", "tags": "Beyblade & Bakugan Burst Dragon Toys Beyblades Stadiums Metal Fusion Launchers Turbo", "relevancy_score": 200.48302702702702, "price": "$8.47"}, {"title": "15\" Vintage Candy Gumball Machine & Bank with Stand by Great Northern Popcorn", "tags": "Counter Organizers Twin Loft Beds Shop All Food Storage Containers Wood Bed Frames Popcorn Machines California King XL", "relevancy_score": 138.52222950819672, "price": "$59.00"}, {"title": "Buffalo Games - Vivid Collection - Fairy Forest - 1000 Piece Jigsaw Puzzle", "tags": "", "relevancy_score": 0.0, "price": "$10.97"}, {"title": "Ryan\u2019s Mystery Playdate Ultra Mystery Box, Ages 3+", "tags": "All Preschool Action Figures & Playsets Ryan's World Kid Influencer Toys Only at Walmart Vehicles and Gag Gifts", "relevancy_score": 305.22890322580645, "price": "$29.20"}, {"title": "Smashers Dino Ice Age Mini Surprise Egg by ZURU", "tags": "", "relevancy_score": 84.8104680851064, "price": "$9.97"}, {"title": "Double 6 Ivory Domino Set Pro Size", "tags": "Card Games Classic Family All Board Toys for Kids 5 to 7 Years Baby Adult", "relevancy_score": 39.044, "price": "$12.89"}, {"title": "Pokemon Trading Card Game Spring Collectors Chest Tin", "tags": "Pokemon Collector's Tin Detective Pikachu Toys All Trading Cards TCG Games Booster Box Trainer Theme Decks", "relevancy_score": 45.963692307692305, "price": "$24.95"}, {"title": "Pokemon Sword & Shield 3- Darkness Ablaze Elite Trainer Box- 8 Booster Packs, 65 Cards, 45 Energy Cards, 6 Counter Dice,", "tags": "", "relevancy_score": 32.07915789473684, "price": "$45.49"}, {"title": "Buffalo Games - Art of Play Collection - Follow Your Heart - 750 Piece Jigsaw Puzzle", "tags": "500 Piece Jigsaws Thomas Kinkade Puzzles 1000 300 Jigsaw Kids Ceaco Shelf Unicorn Games and", "relevancy_score": 30.89005405405405, "price": "$9.97"}, {"title": "Monopoly: Marvel Avengers Edition Board Game for Ages 8 and Up", "tags": "Card Games All Disney Toys Classic Family Board Monopoly Black Panther", "relevancy_score": 261.8845714285714, "price": "$29.03"}, {"title": "Solid Wood Folding Mancala Strategy Game", "tags": "Shop Toys by Price Card Games Family All Board for Kids 8 to 11 Years 5 7 Adult", "relevancy_score": 69.92872727272729, "price": "$9.97"}, {"title": "Taco Cat Goat Cheese Pizza Card Game Party Game Dolphin Hat", "tags": "Card Games Classic Family Other Unicorn Toys All Board for Kids 12 Years & Up Adult", "relevancy_score": 101.6704, "price": "$14.94"}, {"title": "Buffalo Games - Charles Wysocki - Sugar and Spice - 300 Piece Jigsaw Puzzle", "tags": "Springbok Puzzles 500 Piece Jigsaws 1000 750 Jigsaw Kids Ceaco Shelf", "relevancy_score": 11.479636363636365, "price": "$8.97"}, {"title": "Hoyle Clear Waterproof Playing Cards", "tags": "Shop Toys by Price Classic Games Family All Board Party for Kids 5 to 7 Years Adult", "relevancy_score": 69.92872727272729, "price": "$5.97"}, {"title": "100-Piece Poker Chip Set for ages 10 and up", "tags": "Shop Toys by Price Card Games Family All Board Play Money for Kids 5 to 7 Years Adult", "relevancy_score": 66.26251162790697, "price": "$9.88"}, {"title": "Pictopia: World of Disney Edition Family Trivia Board Game for Kids & Adults Age 7 & Up - Perfect Gift for Any Disney Fan!", "tags": "Card Games Classic Family All Board Party Monopoly Adult", "relevancy_score": 95.6704, "price": "$19.97"}, {"title": "Buffalo Games - Cats - Please, Please Leave The Lid Off - 750 Piece Jigsaw Puzzle", "tags": "Shop Toys by Price 500 Piece Jigsaws Thomas Kinkade Puzzles 1000 Jigsaw Kids Ceaco Shelf", "relevancy_score": 30.695999999999998, "price": "$9.97"}, {"title": "Abraham Hunter - Woodland Church - 1000 piece Jigsaw Puzzle", "tags": "500 Piece Jigsaws Thomas Kinkade Puzzles 750 300 Jigsaw Ravensburger Kids Ceaco Shelf", "relevancy_score": 30.89005405405405, "price": "$18.99"}, {"title": "Classic Clue Junior Board Game for Kids Ages 5 and up", "tags": "Princess Jasmine Dolls Classic Games Family All Board Marvel Role Play Monopoly Toys for Kids 8 to 11 Years", "relevancy_score": 27.695999999999998, "price": "$14.88"}, {"title": "Yes4All Wooden Balance Board Wobble Exercise Balance Trainer, Black", "tags": "Exercise Balls Savings on Fitness Accessories Fishing Backpacks Balance Trainers Office BOSU Foam Rollers Boards", "relevancy_score": 71.85252173913044, "price": "$19.59"}, {"title": "Take 'N' Play Anywhere - Matching", "tags": "Learning Playsets Card Games Melissa and Doug Puzzles Classic All Board Only at Walmart & Kids", "relevancy_score": 105.05599999999998, "price": "$7.99"}, {"title": "Pressman Toy Wild Kratts Race Around the World Game", "tags": "Toys for 1 year old girls Classic Games All Board WWE & Puzzles Math Kids Ben 10 Adult", "relevancy_score": 35.1636923076923, "price": "$11.24"}, {"title": "The Original Spider Prank Box-Hilarious Wooden Box Toy Prank, Funny Money Gift Box Surprise Toy, and Christmas Gag Gift Prank for Boys, Girls, Adults", "tags": "", "relevancy_score": 15.691294117647058, "price": "$6.97"}, {"title": "MasterPieces - Hidden Image Glow - A Watchful Eye - 550 Piece Jigsaw Puzzle", "tags": "Springbok Puzzles Melissa and Doug 500 Piece Jigsaws 1000 750 300 Kids Ceaco Shelf", "relevancy_score": 35.09005405405406, "price": "$8.97"}, {"title": "Classic Chess Checkers and Tic-Tac-Toe Set with Othello Demo", "tags": "Card Games Classic Family All Board Party Monopoly Toys for Kids 12 Years & Up", "relevancy_score": 18.491294117647058, "price": "$9.97"}, {"title": "Clue Board Game; Includes Activity Sheet For Kids Ages 8 and Up", "tags": "Classic Games Family All Board Toys for Kids 2 to 4 Years Fashion Dolls 8 11 5 7", "relevancy_score": 5.134709677419354, "price": "$7.88"}, {"title": "GB Pacific New Era Pinball Game", "tags": "Gumball Machines Classic Games Family Little Live Pets All Board Simon Game Adventure Force Blasters", "relevancy_score": 58.72872727272726, "price": "$28.99"}, {"title": "The Very Hungry Caterpillar Spin & Seek ABC Game", "tags": "Card Games Classic Family All Board Bingo Sets Math Toys for Kids 5 to 7 Years", "relevancy_score": 35.1636923076923, "price": "$9.97"}, {"title": "Galison - Michael Storrings - New York City Subway - 500 Piece Jigsaw Puzzle", "tags": "500 Piece Jigsaws Thomas Kinkade Puzzles 1000 750 300 Kids Ceaco Shelf", "relevancy_score": 15.379636363636363, "price": "$13.63"}, {"title": "Beyblade Burst Rise Hypersphere Glyph Dragon D5 Starter Pack Game", "tags": "Beyblade & Bakugan Burst Dragon Toys Beyblades Stadiums Metal Fusion Launchers Turbo", "relevancy_score": 22.896, "price": "$9.84"}, {"title": "SUPER MARIO Checkers Mario Vs Bowser For 2 Players Ages 6 and up", "tags": "Super Mario Home Decor Overwatch Shop All Sonic all & Bedding Clothing Minecraft", "relevancy_score": 0.0, "price": "$9.97"}, {"title": "Hover Shot Floating Target Game", "tags": "All Board Games Nerf Elite and Blaster Targets Toys for 4 year olds Kids 8 to 11 Years 3", "relevancy_score": 45.120390243902435, "price": "$24.99"}, {"title": "Relative Insanity: See What I Mean?! Party Game", "tags": "Card Games Classic Family All Board Toys for Kids 12 Years & Up Unicorn and Puzzles Adult", "relevancy_score": 5.134709677419354, "price": "$14.99"}, {"title": "50 Pokemon Card Pack Lot - Featuring Rares, Foils and 1 Legendary EX or GX Ultra Rare! No Duplication!", "tags": "Pokemon Collector's Tin Detective Pikachu Toys All Trading Cards TCG Games Booster Box Mega Theme Decks", "relevancy_score": 59.166, "price": "$13.95"}, {"title": "48-Piece Jumbo Floor Puzzles for Kids Age 3-6, Noah's Ark Animal Giant Jigsaw Puzzle, Large 2 x 3 Feet", "tags": "Melissa and Doug Puzzles Frozen Games & Wood 300 Piece Jigsaws Toys Ravensburger Only at Walmart Kids", "relevancy_score": 15.379636363636363, "price": "$13.99"}, {"title": "Bakugan, Baku-Storage Case with Trox Collectible Action Figure and Trading Card, Green", "tags": "All Action Figure Playsets Figures Beyblade Burst Trading Cards Dragon Toys Beyblades Bakugan", "relevancy_score": 5.134709677419354, "price": "$15.99"}, {"title": "Buzzed - Adult Party Game by What Do You Meme?", "tags": "Card Games Family Other Unicorn Toys All Board for Kids 12 Years & Up and Puzzles Adult", "relevancy_score": 20.491294117647058, "price": "$19.99"}, {"title": "UNO UNOcorns Matching Card Game for 2-10 Players Ages 7Y+", "tags": "Card Games Costumes & Dress Up Classic Other Unicorn Toys All Minions and Puzzles for Kids 5 to 7 Years", "relevancy_score": 25.59657142857143, "price": "$5.44"}, {"title": "My Life As Arcade Play Set for 18\" Dolls with 100 Games Installed", "tags": "Doll Clothes & Accessories Dollhouses Play Sets Furniture Clothing and Fashion Playsets My Life As Dolls", "relevancy_score": 109.9781052631579, "price": "$39.97"}, {"title": "2020 Topps Chrome MLB Baseball Trading Cards Blaster Box- 28 Cards + 1 Bonus pack", "tags": "Panini Yugioh Cards All Trading Baseball Football Collectible WWE", "relevancy_score": 16.896, "price": "$59.90"}, {"title": "Melissa & Doug World Map Jumbo Jigsaw Floor Puzzle (33 pieces, 2 x 3 feet)", "tags": "500 Piece Jigsaws Wood Puzzles Astronomy Toys for Kids Jigsaw Melissa & Doug Ravensburger Only at Walmart Games", "relevancy_score": 63.66251162790697, "price": "$9.99"}, {"title": "Upwords, Fun and Challenging Family Word Game with Stackable Letter Tiles, for Ages 8 and up", "tags": "Card Games Classic Family All Board Party Only at Walmart & Puzzles Adult", "relevancy_score": 417.13199999999995, "price": "$13.12"}, {"title": "Only At Walmart: Monopoly: Jeff Foxworthy Edition Board Game", "tags": "500 Piece Jigsaws 750 All Board Games Jigsaw Puzzles Monopoly Thomas & Friends TrackMaster Sets", "relevancy_score": 134.2781052631579, "price": "$19.82"}, {"title": "Hoyle 6 Pack Kids Playing Cards Games Go Fish Crazy 8s Old Maid Slapjack Bicycle", "tags": "Shop Toys by Price Classic Games Family All Board Party for Kids 5 to 7 Years Adult", "relevancy_score": 63.66251162790697, "price": "$10.99"}, {"title": "Buffalo Games - Reflections - Sunset at the Mill - 750 Piece Jigsaw Puzzle", "tags": "500 Piece Jigsaws 1000 300 Jigsaw Puzzles KISS Funko Pop Rocks Crayola Dough, Clay & Slime Aurora Plush", "relevancy_score": 5.134709677419354, "price": "$9.97"}, {"title": "Cards Against Humanity Green Box", "tags": "Card Games Classic Family Other Unicorn Toys All Board for Kids 12 Years & Up Adult", "relevancy_score": 89.01926530612243, "price": "$20.00"}, {"title": "POKEMON GALAR PALS MINI TIN", "tags": "Detective Pikachu Toys All Trading Cards Pokemon TCG Games Booster Box Trainer Theme Decks", "relevancy_score": 8.261, "price": "$10.40"}, {"title": "ZURU 5 Surprise Dino Strike Glow In The Dark (3 Pack) by ZURU", "tags": "Glow-in-the-Dark Slime Collectible Novelty Toys for age 2-4 girls Toddler Boy Girl boys Pre-Made Shop", "relevancy_score": 100.41952941176471, "price": "$17.91"}, {"title": "Learning Resources, Sight Words Swat! A Sight Words Game, 1", "tags": "Learning Playsets Science & Education Classic Games Family All Board Bingo Sets Math Toys for Kids", "relevancy_score": 87.966, "price": "$14.99"}, {"title": "Beyblade Burst Rise Hypersphere Judgment Joker J5 Starter Pack Game", "tags": "Beyblade & Bakugan Burst Dragon Toys Beyblades Stadiums Metal Fusion Launchers Turbo", "relevancy_score": 18.491294117647058, "price": "$9.99"}, {"title": "Ravensburger - Frozen II - Frosty Adventures - Two 24 Piece Kids Jigsaw Puzzles", "tags": "Melissa and Doug Puzzles Frozen Games & Wood All Toys 300 Piece Jigsaws Ravensburger Kids", "relevancy_score": 35.1636923076923, "price": "$12.99"}, {"title": "CATAN JR. Strategy Board Game", "tags": "Card Games Classic All Board Party Toys for Kids 12 Years & Up 8 to 11 Baby", "relevancy_score": 58.793142857142854, "price": "$20.24"}, {"title": "Perplexus Epic, 3D Puzzle Maze Game with 125 Obstacles (Edition May Vary)", "tags": "Electronic Games 3D Puzzles All Board Kids Ubisoft Six Collection Figures Adult Trolls", "relevancy_score": 42.363692307692304, "price": "$24.99"}, {"title": "Buffalo Games - Old Glory - Backyard BBQ - 500 piece jigsaw puzzle", "tags": "Springbok Puzzles 1000 Piece Jigsaws 750 300 Jigsaw Kids Ceaco Shelf", "relevancy_score": 9.261, "price": "$8.97"}, {"title": "Buffalo Games - Vivid Collection - Eggcellent - 300 Piece Jigsaw Puzzle", "tags": "500 Piece Jigsaws 1000 750 3D Puzzles Jigsaw Ravensburger Kids Ceaco Shelf", "relevancy_score": 8.261, "price": "$8.97"}, {"title": "Lang - Magical Evening - 500 Piece Jigsaw Puzzle", "tags": "Springbok Puzzles Thomas Kinkade 1000 Piece Jigsaws 750 300 Jigsaw Kids Ceaco Shelf", "relevancy_score": 84.61222641509434, "price": "$11.69"}, {"title": "Ramen Fury Card Game", "tags": "Card Games Classic Family All Board Party Only at Walmart & Puzzles Adult", "relevancy_score": 27.695999999999998, "price": "$5.39"}, {"title": "Ryan's World Build-a-Ryan Mystery Toolbox", "tags": "", "relevancy_score": 66.26251162790697, "price": "$59.99"}, {"title": "Solid Wood Cribbage Folding Board with Playing Cards", "tags": "Card Games Family All Board Party Only at Walmart & Puzzles Toys for Kids 8 to 11 Years Adult", "relevancy_score": 25.679157894736843, "price": "$9.05"}, {"title": "Bandai Original Digimon Digivice Virtual Pet Monster - Yellow", "tags": "Robots & Electronic Pets 500 Piece Jigsaws 1000 300 Kids Puzzles Tamagotchi", "relevancy_score": 0.0, "price": "$17.30"}, {"title": "Melissa & Doug Amazing Animals Wooden Jigsaw Puzzles in a Box - 3 puzzles, 12 pcs each", "tags": "Wood Puzzles Jigsaw Melissa & Doug Toys for 4 year olds Math Kids 2 3", "relevancy_score": 65.72872727272727, "price": "$9.97"}, {"title": "Trouble Disney Frozen Olaf's Ice Adventure Game for Kids Ages 5 and Up", "tags": "Frozen Dolls & Dollhouses Classic Games Family Puzzles All Board Toys", "relevancy_score": 62.25252173913043, "price": "$14.54"}, {"title": "Play Begins Pop Tac Toe Pirate Adventures, Popper Board Game, for Families and Kids Ages 3 and up", "tags": "Classic Games Family All Board Toys for Kids 2 to 4 Years Fashion Dolls Barbie 5 7", "relevancy_score": 5.134709677419354, "price": "$9.97"}, {"title": "Fisher-Price Laugh & Learn Farm Animal Puzzle with 7 Different Songs", "tags": "Ages 0-12 months 12-24 12-18 Month Toys 9-12 Fisher Price Baby Electronic Shape Sorters and Stacking Toddler", "relevancy_score": 195.1114929577465, "price": "$9.97"}, {"title": "Buffalo Games - Photography - Dream Village - 1000 Piece Jigsaw Puzzle", "tags": "Shop Toys by Price Springbok Puzzles 500 Piece Jigsaws 750 Jigsaw Kids Ceaco Shelf", "relevancy_score": 0.0, "price": "$9.97"}, {"title": "Yu-Gi-Oh! Toon Chaos Blister- for Store Pickup Only", "tags": "Topps Card Games Family Pokemon Collector's Tin All Trading Cards TCG Toys for Kids 8 to 11 Years", "relevancy_score": 5.134709677419354, "price": "$29.99"}, {"title": "Buffalo Games - Adorable Animals - Puppy Playground - 300 Large Piece Jigsaw Puzzle", "tags": "500 Piece Jigsaws Thomas Kinkade Puzzles 1000 750 3D Jigsaw Kids Ceaco Shelf", "relevancy_score": 13.279636363636362, "price": "$12.99"}, {"title": "Bakugan Deka, Trox, Armored Alliance Jumbo Collectible Transforming Figure, for Ages 6 and up", "tags": "All Trading Cards Paw Patrol Dragon Toys Hatchimals Batman Action Figures Bakugan", "relevancy_score": 5.134709677419354, "price": "$14.97"}, {"title": "Buffalo Games - Amazing Nature - Running With The Pack - 500 Piece Jigsaw Puzzle", "tags": "", "relevancy_score": 0.0, "price": "$8.97"}, {"title": "Melissa & Doug Wooden Jigsaw Puzzles in a Box - Pets", "tags": "Wooden Toys Wood Puzzles Jigsaw Melissa & Doug Ravensburger Only at Walmart Games Math for Kids", "relevancy_score": 131.57810526315788, "price": "$8.99"}, {"title": "Game Card: Go Fish Alphabet Game Cards: Game Cards (Other)", "tags": "Children's Books Top 100 General Learning Concept Kids' Card Games Study Aids & Workbooks for Kids Summer Reading Game Counting Numbers", "relevancy_score": 65.892, "price": "$2.99"}, {"title": "Buffalo Games Josephine Wall Soul of a Unicorn 1000 Piece Jigsaw Puzzle", "tags": "Shop STEM ages 12 and Up All Unicorn Toys 2-4 Electronic Pets Arts & Crafts Levi Strauss, Jeans, Jackets Clothing Books", "relevancy_score": 10.261, "price": "$10.97"}, {"title": "Name 5", "tags": "Card Games Classic Family All Board Only at Walmart & Puzzles Toys for Kids 12 Years Up Adult", "relevancy_score": 71.85252173913044, "price": "$14.96"}, {"title": "Candy Land Disney Princess Edition Game", "tags": "Disney Frozen See All Snow White Toys Ariel Rapunzel - Tangled Last Minute Gifts Belle", "relevancy_score": 32.07915789473684, "price": "$35.08"}, {"title": "POKEMON SAS3 DARKNESS ABLAZE BONUS PACK", "tags": "", "relevancy_score": 0.0, "price": "$5.99"}, {"title": "Traditions Snakes And Ladders Board Game 1 Set", "tags": "Classic Games Family All Board Toys for Kids 2 to 4 Years Party Fashion Dolls 5 7", "relevancy_score": 10.491294117647058, "price": "$4.48"}, {"title": "Beyblade Burst Supergrip Launcher", "tags": "Beyblade & Bakugan Burst Beyblades Toys for Kids 12 Years Up Stadiums Metal Fusion All Turbo", "relevancy_score": 104.42222950819672, "price": "$4.99"}, {"title": "Only At Walmart: Ready Set Discover Boggle First Words Matching Game", "tags": "", "relevancy_score": 0.0, "price": "$7.97"}, {"title": "Classic Twister", "tags": "Shop Toys by Price Family Games All Board Party for Kids 8 to 11 Years 5 7 Adult", "relevancy_score": 272.2021176470588, "price": "$16.81"}, {"title": "Lucky Fortune - Lucky Collector Case - By WowWee", "tags": "Top Rated Toys by Kids Collectible Dolls Poopsie Slime Surprise Pikmi Pops Surprise! for 12 Years & Up 8 to 11 Pre-Made Shop Squishies Squeeze", "relevancy_score": 19.691294117647058, "price": "$14.39"}, {"title": "Pokemon TCG: Detective Pikachu Case File + 3 Booster Pack + A Promo Card + A Metallic Coin", "tags": "Pikachu Pokemon Detective Toys Arts & Crafts Charizard Eevee All Items Greninja", "relevancy_score": 73.392, "price": "$8.65"}, {"title": "Mega Bloks First Builders Count & Bounce Giraffe with Big Building Blocks, Building Toys for Toddlers (30 Pieces)", "tags": "Building Toys Ages 2 to 4 Other Blocks for 1 year old Mega Bloks First Builders Vehicles LEGO DUPLO Sets", "relevancy_score": 25.59657142857143, "price": "$12.94"}, {"title": "Yu-Gi-Oh! Legendary Duelists Season 1 Box", "tags": "Topps Card Games Family All Trading Cards Binders & Sleeves Toys for Kids 8 to 11 Years", "relevancy_score": 5.134709677419354, "price": "$17.98"}, {"title": "Barrel of Monkeys Neon Pop Monkey Chain Game - Walmart Exclusive", "tags": "Wooden Toys Shop by Price Family Games All Board Only at Walmart & Puzzles Perfection for Kids 5 to 7 Years", "relevancy_score": 83.11046808510638, "price": "$9.02"}, {"title": "Abraham Hunter 1000 piece jigsaw puzzle - The Ark and Friends", "tags": "Springbok Puzzles 500 Piece Jigsaws Thomas Kinkade 750 Jigsaw Kids Ceaco Shelf", "relevancy_score": 9.261, "price": "$9.97"}, {"title": "SEQUENCE Dice Game", "tags": "Card Games Family All Board Party Math Toys for Kids 5 to 7 Years Adult", "relevancy_score": 51.044, "price": "$8.99"}, {"title": "Buffalo Games - Terry Redlin - Morning Surprise - 1000 Piece Jigsaw Puzzle", "tags": "Springbok Puzzles 500 Piece Jigsaws Thomas Kinkade 750 300 Jigsaw Kids Ceaco Shelf", "relevancy_score": 13.279636363636362, "price": "$9.97"}, {"title": "2020 Topps Archives MLB Baseball Trading Cards Blaster Box- 7 Packs | 56 Cards Total | Classic 1955, 1974 and 2002 Designs", "tags": "", "relevancy_score": 28.896, "price": "$29.99"}, {"title": "Melissa & Doug Busy Barn Shaped Jumbo Jigsaw Floor Puzzle (32 pcs, 2 x 3 feet)", "tags": "Learning Playsets Wood Puzzles Jigsaw Melissa & Doug Dollhouses Toys Ravensburger Only at Walmart Games Kids", "relevancy_score": 74.892, "price": "$9.99"}, {"title": "Magic: The Gathering Double Masters Draft Booster Pack | 15 Magic Cards | 2 Rares | 2 Foils", "tags": "Topps Pokemon Collector's Tin TCG Games Booster Box All Trading Cards", "relevancy_score": 5.134709677419354, "price": "$12.95"}, {"title": "Classic Games Collection Mega-Screen Solitaire", "tags": "Electronic Toys Card Games Science & Education Family Piggy Banks Money Jars All Board", "relevancy_score": 762.1428936170213, "price": "$29.99"}, {"title": "Pokemon Mystery Power Cube Trading Cards", "tags": "Pokemon Collector's Tin All Trading Cards TCG Games Booster Box Mega Trainer", "relevancy_score": 45.178105263157896, "price": "$49.99"}, {"title": "Abraham Hunter 1000 piece Jigsaw Puzze - Bear Camp", "tags": "500 Piece Jigsaws Thomas Kinkade Puzzles 750 300 Jigsaw Ravensburger Kids Ceaco Shelf", "relevancy_score": 23.495999999999995, "price": "$9.97"}, {"title": "Bop It! Electronic Game Star Wars Chewie Edition for Ages 8 and up", "tags": "Electronic Games Bop It Star Wars Stuffed Animals Frozen & Puzzles All Board Only at Walmart Minions Toys", "relevancy_score": 35.27915789473684, "price": "$12.41"}, {"title": "Chess (Family Classics)", "tags": "Classic Games Family All Board Monopoly Toys for Kids 12 Years & Up 8 to 11 5 7", "relevancy_score": 61.06251162790697, "price": "$8.99"}, {"title": "Tumblin' Monkeys Skill Kids Game for 2-4 Players Ages 5Y+", "tags": "Classic Games Family All Board 0-12 Months Only at Walmart & Puzzles Toys for Kids 5 to 7 Years Adult", "relevancy_score": 171.4778181818182, "price": "$15.79"}, {"title": "Melissa & Doug Under the Sea Ocean Animals Wooden Jigsaw Puzzle With Storage Tray (24 pcs)", "tags": "Wooden Toys Wood Puzzles Jigsaw Melissa & Doug Ravensburger Only at Walmart Games Math for Kids", "relevancy_score": 87.966, "price": "$7.99"}, {"title": "I SPY Eagle Eye Game", "tags": "Shop Toys by Price Card Games Family All Board Math for Kids 5 to 7 Years Adult", "relevancy_score": 48.044, "price": "$14.97"}, {"title": "Grandpa Beck\u2019s Cover Your Assets Card Game | Fun Family-Friendly Set-Collecting Game | Enjoyed by Kids, Teens, and Adults | From the Creators of Skull King | Ideal for 2-8 Players Ages 7+", "tags": "Card Games Classic All Board Party Monopoly Toys for Kids 5 to 7 Years Adult", "relevancy_score": 0.0, "price": "$14.99"}, {"title": "Classic Mini Game Console Childhood Game Consoles Built-in 620 Game Dual Control 8-Bit Console Handheld Game Player Console for Family\u00a0", "tags": "", "relevancy_score": 44.652521739130435, "price": "$34.98"}, {"title": "I SPY Preschool Game", "tags": "Learning Playsets Card Games Classic Family All Board Math Toys for Kids STEM Building", "relevancy_score": 28.790054054054053, "price": "$15.00"}, {"title": "Bakugan Ultra, Trox with Transforming Baku-Gear, Armored Alliance 3-inch Tall Collectible Action Figure", "tags": "All Action Figure Playsets Beyblade & Bakugan Trading Cards Paw Patrol Dragon Toys Hatchimals Batman Figures", "relevancy_score": 10.261, "price": "$12.93"}, {"title": "Beyblade Burst Rise Hypersphere Dual Pack, Rock Dragon D5 and Ogre O5", "tags": "Beyblade & Bakugan Burst Dragon Toys Beyblades Stadiums Metal Fusion Launchers Turbo", "relevancy_score": 14.596571428571428, "price": "$11.84"}, {"title": "Ravensburger JAWS Board Game for Age 12 and Up - A Game of Strategy and Suspense", "tags": "Family Games All Board Party Funkoverse Only at Walmart & Puzzles Toys for Kids 12 Years Up Adult", "relevancy_score": 12.379636363636363, "price": "$21.43"}, {"title": "Eurographics Smart Puzzle Glue Sheets", "tags": "500 Piece Jigsaws Wood Puzzles 1000 Ravensburger Toys for Kids 12 Years & Up 2000", "relevancy_score": 16.491294117647058, "price": "$10.90"}, {"title": "2019 Panini Prestige NFL Football Blaster Box- Featuring 2019 Rookies in Team Jerseys |1 autograph or memorabilia, 8 Rookies & 5 inserts per box", "tags": "Topps Panini All Trading Cards Baseball Card Binders & Sleeves Collectible Hockey Basketball", "relevancy_score": 22.896, "price": "$59.95"}, {"title": "Coup", "tags": "Card Games Classic All Board Party Only at Walmart & Puzzles Toys for Kids 12 Years Up Adult", "relevancy_score": 61.19314285714286, "price": "$11.24"}, {"title": "hoyle 100% plastic playing cards, standard index - 1 red deck", "tags": "Card Games Classic Family All Board Toys for Kids 8 to 11 Years 5 7 Adult", "relevancy_score": 35.79005405405405, "price": "$2.69"}, {"title": "Buffalo Games - Hautman Brothers - America's Heartland - 1000 Piece Jigsaw Puzzle", "tags": "Shop Toys by Price Springbok Puzzles 500 Piece Jigsaws 750 300 Jigsaw Kids Ceaco Shelf", "relevancy_score": 55.02039024390244, "price": "$31.99"}, {"title": "Classic Bug-Building Cootie Family Game, Ages 3 and up", "tags": "Card Games Classic Family All Board Toys for Kids 2 to 4 Years 5 7 Adult", "relevancy_score": 225.26660240963858, "price": "$19.73"}, {"title": "Yugioh Dark Side of Dimensions Movie Pack Deck- three Secret Rare packs, 3 of 6 Ultra Rares | Dark Magician or Blue-Eyes White Dragon", "tags": "Magic The Gathering Trading Cards Topps Card Games Family All Marvel Role Play Binders & Sleeves Pokemon Holders", "relevancy_score": 17.59657142857143, "price": "$18.86"}, {"title": "50 Random Pokemon Card Pack Lot - Featuring 1 Break Rare, Foils, Rares, and Holos No Duplication", "tags": "Pokemon Collector's Tin Detective Pikachu Toys All Trading Cards TCG Games Booster Box Mega Theme Decks", "relevancy_score": 102.816, "price": "$14.95"}, {"title": "Playing Cards, Poker Size Standard Index, 12 Decks of Cards (6 Blue and 6 Red)", "tags": "Card Games Classic Family All Board Toys for Kids 12 Years & Up 5 to 7 Adult", "relevancy_score": 10.261, "price": "$15.49"}, {"title": "Prank Exploding Pen Practical Joke Magic Trick Office Gag Gift", "tags": "Poopsie Slime Surprise Kid Influencer Toys Ryan's World for Kids 12 Years & Up Pre-Made Shop Squishies Squeeze", "relevancy_score": 0.0, "price": "$3.94"}, {"title": "Beyblade Burst Rise Hypersphere Ace Dragon D5 Starter Pack Game", "tags": "Beyblade & Bakugan Burst Dragon Toys Beyblades Stadiums Metal Fusion Launchers Turbo", "relevancy_score": 4.134709677419354, "price": "$9.84"}, {"title": "POKEMON SUN AND MOON 1 INCINEROAR-GX CHALLENGE BOX", "tags": "Pokemon Collector's Tin All Trading Cards TCG Booster Box Theme Decks", "relevancy_score": 15.379636363636363, "price": "$17.27"}, {"title": "Melissa & Doug Dinosaur Wooden Chunky Puzzle (7 pcs)", "tags": "Learning Playsets Wooden Toys Wood Puzzles Jigsaw Melissa & Doug Dinosaur Math for Kids", "relevancy_score": 170.2486153846154, "price": "$9.99"}, {"title": "Detective Pikachu Pokemon Trading Cards- Charizard-Gx Case File + 6 Booster Pack + A Foil Promo Card + A Foil Oversize Card", "tags": "Pikachu Pokemon Detective Toys Arts & Crafts Charizard Eevee All Items Greninja", "relevancy_score": 143.088, "price": "$29.15"}, {"title": "Bakugan Ultra, Dragonoid with Transforming Baku-Gear, Armored Alliance 3-inch Tall Collectible Action Figure", "tags": "All Action Figure Playsets Beyblade & Bakugan Trading Cards Dragon Toys Hatchimals Batman Figures", "relevancy_score": 14.479636363636365, "price": "$12.93"}, {"title": "Speak and Spell - The Original Spelling Computer", "tags": "Learning Playsets Electronic Games Leapfrog Science & Education VTech Toys Books LeapFrog Math for Kids", "relevancy_score": 354.016, "price": "$39.95"}, {"title": "Catan: Seafarers Expansion", "tags": "Card Games All Board Party Only at Walmart & Puzzles Toys for Kids 12 Years Up Baby Adult", "relevancy_score": 71.32872727272728, "price": "$45.47"}, {"title": "Lang - Holiday Door - 500 Piece Jigsaw Puzzle", "tags": "Springbok Puzzles 1000 Piece Jigsaws 750 300 Jigsaw Kids Ceaco Shelf Adult Games", "relevancy_score": 31.590054054054058, "price": "$12.98"}, {"title": "Smashers Dino Ice Age Ice Rex Playset by Zuru", "tags": "Robots & Electronic Pets Shop Toys by Price Ryan's World for Kids 8 to 11 Years 5 7 Mini Brands", "relevancy_score": 69.92872727272729, "price": "$24.99"}, {"title": "2020 Panini Contenders Draft NFL Football Blaster Box- 6 Cards per Pack | 7 Packs per Box", "tags": "Topps Panini All Trading Cards Baseball Collectible Hockey Basketball", "relevancy_score": 22.896, "price": "$69.99"}, {"title": "PlayMonster Spoons Classic Game - 3 to 6 Players, Ages 7 & Up", "tags": "Shop Toys by Price Card Games Family All Board Party for Kids 5 to 7 Years Adult", "relevancy_score": 15.379636363636363, "price": "$8.09"}, {"title": "Buffalo Games Star Wars #1 Comic Variant Cover 1000 Piece Jigsaw Puzzle", "tags": "500 Piece Jigsaws 1000 750 Jigsaw Puzzles The Mandalorian Toys Ceaco Shelf 2000", "relevancy_score": 10.596571428571428, "price": "$9.97"}, {"title": "Monopoly Junior Game, Quick & Simple Gameplay, for Ages 5 and Up", "tags": "Shop Toys by Price Classic Games Frozen & Puzzles All Board Monopoly for Kids 8 to 11 Years 5 7", "relevancy_score": 2499.948218181818, "price": "$14.16"}, {"title": "Wacky Tracks Finger Fidget Stress Reliever - Snap and Click ADHD, Sensory toy, SPD, ADD Stress Relief, Party Favor 4 Pack by Big Mo's Toys", "tags": "Fidget Chains Toy Balls Spinners Toys for Kids 12 Years & Up Other Cubes Squishies Squeeze", "relevancy_score": 19.691294117647058, "price": "$8.99"}, {"title": "Jigsaw Puzzles 500 Pieces \"Hot-Air Balloons At The Sunset\" Gold Edition  by Wuundentoy", "tags": "Springbok Puzzles Thomas Kinkade 1000 Piece Jigsaws 750 300 Jigsaw Kids Ceaco Shelf", "relevancy_score": 50.891999999999996, "price": "$12.99"}, {"title": "Save Penguin Don't Break The Ice Penguin Trap Party Supplies Funny Toys Game for Kids Adults Parent-Child Interactive Board Game Family Party Supplies", "tags": "Classic Games Family Hungry Hippos All Board Perfection Toys for Kids 5 to 7 Years Adult", "relevancy_score": 9.261, "price": "$12.70"}, {"title": "LeapFrog RockIt Twist Penelope Penguin and Animals Animals Animals Games", "tags": "Leapfrog Science & Education VTech Toys LeapBuilders Other Building Blocks Learning Books LeapFrog", "relevancy_score": 73.392, "price": "$5.15"}, {"title": "Risk Game Junior Edition, Strategy Game, For Kids Ages 5 and Up", "tags": "Card Games Classic Family All Board Party Monopoly Toys for Kids 12 Years & Up", "relevancy_score": 143.088, "price": "$12.49"}, {"title": "UNO Hello Kitty & Friends", "tags": "Shop Toys by Price Electronic Games Card All Disney Classic Minions for Kids 5 to 7 Years", "relevancy_score": 4.134709677419354, "price": "$11.99"}, {"title": "Trend Numbers Bingo Game", "tags": "Learning Playsets Card Games Classic Family All Board Bingo Sets Toys for Kids 5 to 7 Years", "relevancy_score": 55.02039024390244, "price": "$9.99"}, {"title": "Double Fifteen Color Dot Dominoes Game in a Tin", "tags": "Classic Games Family All Board Toys for Kids 2 to 4 Years Play Dough Fashion Dolls 5 7", "relevancy_score": 251.0845714285714, "price": "$19.92"}, {"title": "Black Card Revoked - First Edition", "tags": "Card Games Classic Family Other Unicorn Toys All Board for Kids 12 Years & Up Adult", "relevancy_score": 63.66251162790697, "price": "$15.97"}, {"title": "The Blockbuster Game: A Movie Party Game for the Whole Family", "tags": "Card Games Classic Family All Board Only at Walmart & Puzzles Toys for Kids 12 Years Up Adult", "relevancy_score": 102.51952941176471, "price": "$14.00"}, {"title": "Buffalo Games Flights of Fantasy Dragon's Garden 1000 Piece Jigsaw Puzzle", "tags": "500 Piece Jigsaws 750 300 Jigsaw Puzzles Ravensburger Kids Ceaco Shelf Unicorn Games and", "relevancy_score": 0.0, "price": "$10.97"}, {"title": "Monopoly The Mega Edition", "tags": "Electronic Games Classic Frozen & Puzzles All Board Only at Walmart Monopoly Toys for Kids 12 Years Up", "relevancy_score": 117.05599999999998, "price": "$30.78"}, {"title": "Monopoly For Sore Losers, Collect Sore Loser Coins", "tags": "", "relevancy_score": 0.0, "price": "$19.99"}, {"title": "Ravensburger Disney Villainous: Evil Comes Prepared Strategy Board Game for Age 10 & Up - Stand-Alone & Expansion to the 2019 TOTY Game of the Year Award Winner - 2020 TOTY Game of the Year Finalist", "tags": "Card Games Family All Board Party Funkoverse Toys for Kids 12 Years & Up Adult", "relevancy_score": 11.479636363636365, "price": "$18.74"}, {"title": "KABOER Infinity Cube Unlimited Folding Stress Fidget Toys For Autism Anxiety Relief Kids Adult", "tags": "Fidget Chains Shop All Wonder Woman Toys Spinners for Kids 12 Years & Up Other Toddler Girl 8 to 11 Squishies Squeeze", "relevancy_score": 37.67915789473684, "price": "$11.76"}, {"title": "Melissa & Doug Magnetic Wooden Bug-Catching Puzzle Game (10 pcs)", "tags": "Wood Puzzles Jigsaw Melissa & Doug Toys for 4 year olds Math Kids 2 3", "relevancy_score": 105.16676923076923, "price": "$8.79"}, {"title": "Imagination Generation Professor Poplar's Fifty Nifty United States USA Map Wooden Jigsaw Puzzle", "tags": "Melissa and Doug Puzzles Wood 1000 Piece Jigsaws 300 & Toys Ravensburger Kids Ceaco Shelf", "relevancy_score": 28.896, "price": "$24.96"}, {"title": "Funko POP! Vinyl: Hasbro - Mr. Potato Head", "tags": "", "relevancy_score": 0.0, "price": "$11.82"}, {"title": "Disney Colorbrain, The Ultimate Board Game for Families who love Disney", "tags": "Card Games Classic Family All Board Party Monopoly Adult", "relevancy_score": 58.46251162790698, "price": "$11.99"}, {"title": "Bakugan, Hydorous, 2-inch Tall Armored Alliance Collectible Action Figure and Trading Card", "tags": "All Action Figure Playsets Figures Beyblade & Bakugan Trading Cards Dragon Toys Toy Balls", "relevancy_score": 5.134709677419354, "price": "$18.95"}, {"title": "Pokemon Victini Mythical Pin Collection Box Set", "tags": "All Trading Cards Pokemon TCG Games Booster Box Mega Trainer Theme Decks", "relevancy_score": 13.279636363636362, "price": "$45.95"}]