[{"title": "Nerf N-strike Elite Infinus with Speed-Load Tech, 30 Nerf Darts", "tags": "Nerf Zombie Strike Rival Only at Walmart Toys Fortnite Blasters for Kids 12 Years & Up Modulus 8 to 11 and Blaster Dart Refills", "relevancy_score": 1182.0936842105264, "price": "$39.31"}, {"title": "Nerf N-Strike Elite BattleCamo Series Stryfe - Walmart Exclusive", "tags": "Nerf Zombie Strike Rival Only at Walmart Toys Fortnite Blasters for Kids 12 Years & Up Modulus 8 to 11 and Blaster Dart Refills", "relevancy_score": 221.21302325581397, "price": "$44.00"}, {"title": "Huffy 16\" Rock It Boys Bike, Red", "tags": "Kids' Bike Helmets & Jaw Pads Tricycles BIkes for Girls All Disney Toys Razor Sport PAW Patrol Frozen Kids Bikes Riding Radio Flyer", "relevancy_score": 1642.0114285714285, "price": "$58.00"}, {"title": "Yamaha 16\" Moto BMX Boys Bike, Blue", "tags": "Kids' Tricycles Huffy BMX Bikes Bike Helmets Mountain Bicycles with Training Wheels Kid's", "relevancy_score": 1154.6936842105263, "price": "$98.00"}, {"title": "Madd Gear 20\" Freestyle BMX Boy's Bike, Green", "tags": "All Kids' Bikes Mountain Huffy BMX Mongoose Bicycles with Training Wheels Kid's", "relevancy_score": 508.9249079754601, "price": "$98.00"}, {"title": "Razor MX350 24V Dirt Rocket Electric Ride on Motocross Bike- Black", "tags": "24V Powered Ride Ons Razor All 12V Dirt Bikes & ATVs Electric Transportation Ride-Ons", "relevancy_score": 3629.0715463917522, "price": "$259.00"}, {"title": "Best Choice Products 6V Kids Ride On Car Truck w/ Parent Control, 3 Speeds, LED Headlights, MP3 Player, Horn - Pink", "tags": "6V Powered Ride Ons All 12V Toys for age 2-4 girls Boys Toddler Girl Huffy", "relevancy_score": 2428.1162264150944, "price": "$114.99"}, {"title": "5 Surprise Mini Brands NEW Mystery Capsule Collectible Toy (3 Pack) by ZURU", "tags": "Shop Toys by Price Collectible Novelty for Kids 2 to 4 Years age 2-4 girls 12 & Up Toddler Girl 8 11", "relevancy_score": 1422.5753191489362, "price": "$20.97"}, {"title": "VTech Explore and Write Activity Desk Transforms into Easel and Chalkboard", "tags": "Shop Toys by Price Leapfrog Science & Education VTech for Kids 2 to 4 Years LeapFrog Learning Fisher Pretend Play", "relevancy_score": 2846.5282840236687, "price": "$42.88"}, {"title": "Minecraft Build-A-Mini Blind Pack Figure (Styles May Vary)", "tags": "Roblox Toys Minecraft Legos Books Fortnite Action Figures Plush Home Decor Five Nights at Freddy's Accessories & Jewelry Bedding", "relevancy_score": 121.02338983050846, "price": "$3.44"}, {"title": "Nerf Fortnite R-HT, Reaper Harvesting Tool, Foam, Walmart Exclusive", "tags": "Father's Day Electronics Connected Dorm Room Shop All Glass Mother's Gifts Audio Tax Free for Grads Back to School Home Visual", "relevancy_score": 218.83688311688312, "price": "$17.17"}, {"title": "Nerf Rival Apollo XV-700 Blaster (Camo Series), Includes 7 Rounds", "tags": "Only at Walmart Toys Nerf Fortnite Blasters Elite Adventure Force for Kids 12 Years & Up Modulus 8 to 11 and Blaster Dart Refills", "relevancy_score": 190.63688311688313, "price": "$30.00"}, {"title": "Star Wars Darth Vader Electronic Red Lightsaber Toy for Ages 6 and Up", "tags": "All Action Figures Star Wars Disney Toys Trending Role Play Preschool & Playsets The Black Series", "relevancy_score": 381.18315789473684, "price": "$16.82"}, {"title": "Rubie's Marvel Black Panther Child Halloween Costume", "tags": "All Halloween Costumes Frozen Girl's Women's Cosplay Elsa Boys", "relevancy_score": 35.30947368421052, "price": "$15.00"}, {"title": "VTech, Pull and Sing Puppy, Baby Learning Toy, Floor Play Toy", "tags": "Ages 0-12 months 12-24 Baby and Toddler Music Toys 12-18 Month Push, Pull, Walker 9-12 Fisher Price", "relevancy_score": 688.9959776536313, "price": "$18.62"}, {"title": "VTech Musical Rhymes Book Classic Nursery Rhymes for Babies", "tags": "Ages 0-12 months 12-24 12-18 Month Toys Baby Fisher Price Learning Electronic Toddler", "relevancy_score": 507.36, "price": "$14.95"}, {"title": "Fisher-Price Rock-a-Stack Classic with 5 Colorful Rings", "tags": "Ages 0-12 months 12-24 3-6 Month Toys 12-18 Fisher Price Baby Learning Electronic Toddler", "relevancy_score": 859.108679245283, "price": "$5.00"}, {"title": "Laser X Laser Tag Double Set", "tags": "Nerf Zombie Strike and Blaster Vests Only at Walmart Toys Elite Targets for Kids 12 Years & Up 8 to 11 Razor Scooters", "relevancy_score": 782.0057819905213, "price": "$48.98"}, {"title": "Magic 8 Ball Fortune-Telling Novelty Toy by Mattel", "tags": "Electronic Games Classic Family All Board Toys for Kids 12 Years & Up 8 to 11 5 7", "relevancy_score": 359.9123076923077, "price": "$8.40"}, {"title": "Nerf N-Strike Elite Splitstrike Blaster with Darts - Walmart Exclusive", "tags": "Nerf Zombie Strike Rival Elite Toys for Kids 12 Years & Up Modulus 8 to 11 and Blaster Dart Refills", "relevancy_score": 247.13951219512197, "price": "$15.00"}, {"title": "Nerf Fortnite AR-L Elite Dart Blaster, Motorized 10-Dart Blasting", "tags": "Nerf Zombie Strike Rival Video Game Role Play All Action Fortnite Blasters Elite and Blaster Dart Refills", "relevancy_score": 585.0118032786885, "price": "$39.88"}, {"title": "Nerf N-strike Elite Infinus with Speed-Load Tech, 30 Nerf Darts", "tags": "Nerf Zombie Strike Rival Only at Walmart Toys Fortnite Blasters for Kids 12 Years & Up Modulus 8 to 11 and Blaster Dart Refills", "relevancy_score": 1182.0936842105264, "price": "$39.31"}, {"title": "Only At Walmart: Star Wars The Vintage Collection Carbonized Collection Remnant Stormtrooper Toy, 3.75-inch-Scale The Mandalorian Figure, Kids Ages 4 and Up", "tags": "6V Powered Ride Ons All 12V Dragon Toys Toddler Boy for Boys Star Wars The Black Series", "relevancy_score": 0.0, "price": "$24.99"}, {"title": "Only At Walmart: Star Wars The Vintage Collection Carbonized Collection Imperial Death Trooper Toy, 3.75-inch-Scale The Mandalorian Figure, Ages 4 and Up", "tags": "6V Powered Ride Ons All 12V Dragon Toys Toddler Boy for Boys Star Wars The Black Series", "relevancy_score": 0.0, "price": "$17.99"}, {"title": "Hover-1 All-Star Hoverboard & Go-Kart Attachment Combo, Black with LED Multi-Color Wheel Board Lights, 6.5\" Board Tires, Hand-Operated Real-Wheel Drive, Adjustable Seat and Frame, up to 220lbs., 7 mph", "tags": "All Hoverboards Only at Walmart Toys Nerf Elite Electric Transportation for Kids 8 to 11 Years LEGO Classic", "relevancy_score": 1056.979842519685, "price": "$198.00"}, {"title": "PAW Patrol, Mighty Pups Super PAWs Lookout Tower Playset with Lights and Sounds, for Ages 3 and Up", "tags": "All Action Figure Playsets PJ Masks and Paw Patrol Toys Preschool Vehicles & PAW Car Tracks", "relevancy_score": 1447.1579888268157, "price": "$48.40"}, {"title": "PlayZoom Smartwatch for Kids with Games, Camera, and Sound - Red and Pink Hearts Print Strap", "tags": "All Watches Boys AmazingForLess Girls Mens Smart Womens Kids Character", "relevancy_score": 1623.9876923076922, "price": "$29.99"}, {"title": "LEGO Super Mario Adventures with Mario Starter Course 71360 Building Kit, Collectible, Creative Gift Toy for Kids (231 Pieces)", "tags": "LEGO Easter Building Sets Walmart Exclusive Lego for Boys Ages 12+ 8 to 11 Jurassic World Toys", "relevancy_score": 308.4557894736842, "price": "$59.95"}, {"title": "Disney Minnie Mouse Happy Helpers Scooter with Sidecar Ride-On Toy by Kid Trax", "tags": "Ride Ons for Girls 6V Powered All Minnie Mouse Toys Ride-Ons Dirt Bikes & ATVs Toddler Girl", "relevancy_score": 783.7565217391304, "price": "$79.00"}, {"title": "Kent 18\" Abyss Boy's Freestyle BMX Bike, Charcoal Gray", "tags": "Huffy BMX Bikes Bike Helmets Kids' Mountain Cruiser Bicycles with Training Wheels Kid's", "relevancy_score": 1622.5287640449437, "price": "$88.00"}, {"title": "Nerf N-Strike Elite Dart Refill (100-Pack)", "tags": "Nerf Zombie Strike Rival Fortnite Blasters Elite Toys for Kids 12 Years & Up 8 to 11 and Blaster Dart Refills", "relevancy_score": 267.37714285714287, "price": "$14.88"}, {"title": "Nerf Fortnite BASR-L Blaster, Includes 12 Official Nerf Darts", "tags": "Nerf and Blaster Vests Only at Walmart Toys Elite Adventure Force Blasters for Kids 12 Years & Up Modulus 8 to 11 Dart Refills", "relevancy_score": 177.94173913043477, "price": "$32.88"}, {"title": "Rubie's Marvel Spiderman Core Child Halloween Costume", "tags": "All Halloween Costumes Girl's Top Boy's Frozen Elsa Spiderman Costume Boys", "relevancy_score": 58.50604651162791, "price": "$15.00"}, {"title": "Only At Walmart: Star Wars The Black Series Snowtrooper (Holiday Edition) and Porg, Holiday-Themed Collectible Figures", "tags": "6V Powered Ride Ons All 12V Dragon Toys Toddler Boy for Boys Star Wars The Black Series", "relevancy_score": 5.139354838709678, "price": "$24.99"}, {"title": "Star Wars The Child Animatronic Edition \u201cAKA Baby Yoda\u201d with Over 25 Sound and Motion Combinations, The Mandalorian Toy for Kids Ages 4 and Up", "tags": "All Star Wars Clothing Baby Collectibles Yoda The Mandalorian Child Mens Light Side", "relevancy_score": 232.22, "price": "$59.00"}, {"title": "Jada Toys GirlMazing Remote Control Big Foot Jeep", "tags": "RC Toys by Price Monster Trucks Vehicle Type Cars and Vehicles & SUVs Brand", "relevancy_score": 813.3143925233645, "price": "$24.99"}, {"title": "Huffy 20-Inch Rock It Boys Bike , Royal Blue Gloss", "tags": "All Kids' Bikes Huffy BMX Bike Helmets Mountain Bicycles with Training Wheels Kid's", "relevancy_score": 2918.9409944751383, "price": "$58.00"}, {"title": "Marvel Spider-Man Super Web Slinger, for Kids Ages 5 and Up", "tags": "All Action Figures Trending Role Play Avengers Marvel Black Panther Toys Spider-Man", "relevancy_score": 1075.5046153846154, "price": "$18.84"}, {"title": "Little People World of Animals See 'N Say with 2-Pages", "tags": "Ages 0-12 months 12-24 Baby and Toddler Music Toys Toys, Book & Keepsakes Fisher Price 6-9 Month", "relevancy_score": 1853.5261224489795, "price": "$14.84"}, {"title": "Marvel Spider-Man 16-inch Boys' Bike for Kids by Huffy", "tags": "Kids' Bike Helmets & Jaw Pads All Scooters BIkes for Girls Disney Toys Kick Ride Ons Boys PAW Patrol Huffy", "relevancy_score": 917.2637768240344, "price": "$84.00"}, {"title": "Nerf Rival Apollo XV-700 Blaster (Camo Series), Includes 7 Rounds", "tags": "Only at Walmart Toys Nerf Fortnite Blasters Elite Adventure Force for Kids 12 Years & Up Modulus 8 to 11 and Blaster Dart Refills", "relevancy_score": 190.63688311688313, "price": "$30.00"}, {"title": "Nerf N-Strike Elite Splitstrike Blaster with Darts - Walmart Exclusive", "tags": "Nerf Zombie Strike Rival Elite Toys for Kids 12 Years & Up Modulus 8 to 11 and Blaster Dart Refills", "relevancy_score": 247.13951219512197, "price": "$15.00"}, {"title": "Fisher-Price Laugh & Learn Sweet Manners Tea Set with Lights & Sounds", "tags": "Learning Playsets Leapfrog Science & Education VTech Toys Pretend Play for Boys Kids Tea Sets Fisher Price", "relevancy_score": 574.6502013422818, "price": "$14.96"}, {"title": "Rubie's Deluxe Light Up Iron Spiderman Child Halloween Costume", "tags": "All Halloween Costumes Superhero Boy's Top Spiderman Men's Costume Other Boys", "relevancy_score": 77.22000000000001, "price": "$24.97"}, {"title": "PAW Patrol, Chase\u2019s Patrol Cruiser Vehicle with Collectible Figure, for Kids Aged 3 and Up", "tags": "Paw Patrol Toys All Preschool Vehicles & Playsets Play Stuffed Animals PAW by Price", "relevancy_score": 348.64941176470586, "price": "$9.84"}, {"title": "Rubie's Marvel Venominzed Spiderman Child Halloween Costume", "tags": "All Halloween Costumes Frozen Girl's Women's Cosplay Elsa Boys", "relevancy_score": 24.72, "price": "$15.00"}, {"title": "PAW Patrol, Skye\u2019s Helicopter Vehicle with Collectible Figure, for Kids Aged 3 and Up", "tags": "Paw Patrol Toys PAW All Preschool Vehicles & Playsets Play by Price", "relevancy_score": 251.8585542168675, "price": "$9.84"}, {"title": "LeapFrog Blues Clues and You! Play and Learn Thinking Chair", "tags": "", "relevancy_score": 417.2577049180328, "price": "$49.44"}, {"title": "VTech PJ Masks Super Catboy Learning Watch, PJ Masks Watch, Kids Watch", "tags": "Electronic Toys PJ Masks and Paw Patrol Science & Education VTech All Preschool Vehicles Playsets", "relevancy_score": 707.6378947368421, "price": "$9.89"}, {"title": "Leapfrog My Pal Violet", "tags": "Electronic Toys Leapfrog 2 to 4 Years 8 11 Stuffed Animals for Girls LeapFrog Learning 12-24 Months Boys", "relevancy_score": 3421.95234152652, "price": "$19.88"}, {"title": "Nerf Fortnite BASR-L Blaster, Includes 12 Official Nerf Darts", "tags": "Nerf and Blaster Vests Only at Walmart Toys Elite Adventure Force Blasters for Kids 12 Years & Up Modulus 8 to 11 Dart Refills", "relevancy_score": 177.94173913043477, "price": "$32.88"}, {"title": "Only At Walmart: Nerf Fortnite DG Dart Blaster, 15 Official Darts", "tags": "Shop Toys by Price All Water Blasters Nerf Elite for Kids 12 Years & Up 8 to 11 and Blaster Dart Refills Super Soakers", "relevancy_score": 105.22769230769231, "price": "$29.97"}, {"title": "Funko POP! Marvel: Avengers Game - Hulk (Skeleton) - Walmart Exclusive", "tags": "Star Wars Action Figures Funko Pop Movies Collectibles Walmart Exclusive Animation Avengers Endgame Marvel Games", "relevancy_score": 98.62769230769231, "price": "$4.99"}, {"title": "Award Winning Fisher-Price Linkimals Lights & Colors Llama, Musical Stacking Toy", "tags": "Ages 0-12 months 12-24 Fisher Price Linkimals 12-18 Month Toys Baby Toys, Book & Keepsakes Electronic Toddler", "relevancy_score": 2184.4628571428566, "price": "$11.99"}, {"title": "5 Surprise Mini Brands NEW Mystery Capsule Collectible Toy (3 Pack) by ZURU Series 1", "tags": "Shop Toys by Price Collectible Novelty for Kids 2 to 4 Years age 2-4 girls 12 & Up Toddler Girl 8 11", "relevancy_score": 67.10260869565217, "price": "$26.99"}, {"title": "Melissa & Doug Mickey Mouse & Friends Nesting & Stacking Blocks Baby Toy", "tags": "Learning Playsets Science & Education Melissa and Doug Puzzles VTech Toys Fisher-Price Math for Kids Mickey Mouse Stuffed Animals", "relevancy_score": 413.78086956521736, "price": "$8.43"}, {"title": "Star Wars Lightsaber Academy Red Lightsaber, Light-up Extendable Blade", "tags": "All Action Figures Star Wars Disney Toys Trending Role Play Marvel The Black Series", "relevancy_score": 390.24, "price": "$11.99"}, {"title": "LEGO Marvel Avengers Thanos Mech 76141 Action Building Toy with Thanos Minifigure (152 Pieces)", "tags": "LEGO Easter Building Sets for Boys Ages 12+ Avengers Toys 8 to 11 Super Heroes", "relevancy_score": 112.32, "price": "$8.99"}, {"title": "Little People Choo-Choo Zoo Train with Conductor and 2-Animals", "tags": "Ages 0-12 months 12-24 12-18 Month Toys Baby Fisher Price Electronic and Toddler Playsets", "relevancy_score": 562.7502013422819, "price": "$9.84"}, {"title": "Hot Wheels Track Builder Triple Loop Kit", "tags": "Hot Wheels City Diecast and Mini Vehicles Play by Brand All Cars Toys for Kids 8 to 11 Years Track Sets Car Tracks", "relevancy_score": 165.94465753424657, "price": "$29.97"}, {"title": "Only At Walmart: Nerf Fortnite DG Dart Blaster, 15 Official Darts", "tags": "Shop Toys by Price All Water Blasters Nerf Elite for Kids 12 Years & Up 8 to 11 and Blaster Dart Refills Super Soakers", "relevancy_score": 105.22769230769231, "price": "$29.97"}, {"title": "VTech Helping Heroes Fire Station Playset With Two Firefighters", "tags": "Kids Instruments Learning Playsets Shop Toys by Price All Car Tracks Leapfrog Science & Education Fisher-Price LeapFrog", "relevancy_score": 94.22769230769231, "price": "$29.82"}, {"title": "Fisher-Price Laugh & Learn Play & Go Keys Musical Infant Toy", "tags": "Ages 0-12 months 12-24 Fisher Price Linkimals 12-18 Month Toys Baby Electronic Shape Sorters and Stacking Toddler", "relevancy_score": 123.54631578947368, "price": "$9.97"}, {"title": "The Animal, Interactive Unboxing Toy Truck with Retractable Claws and Lights and Sounds, for Kids Aged 4 and up", "tags": "", "relevancy_score": 112.27471698113207, "price": "$34.88"}, {"title": "5 Surprise Mini Brands Mystery Capsule Real Miniature Brands Collectible Toy by ZURU", "tags": "", "relevancy_score": 21.617142857142856, "price": "$15.88"}, {"title": "Marvel Avengers Gamma Grip Hulk Fists Role Play Toy", "tags": "All Action Figures Disney Toys Trending Role Play Avengers Black Panther Spider-Man Marvel", "relevancy_score": 7.27, "price": "$19.99"}, {"title": "Playskool Friends Sesame Street Elmo?s On the Go Letters", "tags": "Melissa and Doug Baby Toys 12-18 Month & Gift Sets Sesame Street Character Gifts Shape Sorters Stacking Fisher Price Toddler", "relevancy_score": 163.32615384615386, "price": "$12.99"}, {"title": "Funko POP! Movies: Ghostbusters - Dr. Peter Venkman (Marshmallow) - Walmart Exclusive", "tags": "", "relevancy_score": 5.139354838709678, "price": "$8.78"}, {"title": "PAW Patrol, True Metal Off-Road Gift Pack of 6 Collectible Die-Cast Vehicles, 1:55 Scale", "tags": "", "relevancy_score": 10.27, "price": "$19.97"}, {"title": "Adventure Force RC Infrared Remote Control Lunging Lizard", "tags": "Robots & Electronic Pets RC Toys by Price and Vehicle Boost April '20 Type All Adventure Force Vehicles Private Brand Top Items", "relevancy_score": 174.69464788732395, "price": "$14.97"}, {"title": "Disney Deluxe Minnie Mouse Plane Activity Ride-On with Lights and Sounds", "tags": "Push Cars Ride Ons for Girls Frozen 6V Powered All Minnie Mouse Toys Ride-Ons Foot to Floor", "relevancy_score": 417.23999999999995, "price": "$34.84"}, {"title": "Fisher-Price Laugh & Learn Count & Rumble Piggy Bank", "tags": "Ages 0-12 months 12-24 12-18 Month Toys Push, Pull, and Walker Fisher Price Baby Electronic Shape Sorters Stacking Toddler", "relevancy_score": 190.46857142857144, "price": "$14.95"}, {"title": "12\" Marvel Spider-Man Bike for Boys' by Huffy", "tags": "Kids' Bike Helmets & Jaw Pads All Scooters BIkes for Girls Disney Toys 6V Powered Ride Ons Boys PAW Patrol Huffy", "relevancy_score": 449.4995275590551, "price": "$74.00"}, {"title": "Hot Wheels Mega Hauler Vehicle with 6 Expandable Levels", "tags": "Shop All Car Tracks Diecast and Mini Vehicles Play by Brand Hot Wheels Cars Price", "relevancy_score": 299.71090909090907, "price": "$14.97"}, {"title": "Spark. Create. Imagine. Wooden Animal Blocks with Shape Sorting Lid, 150 Pieces", "tags": "Science & Education All Wooden Blocks Melissa Doug Toys Magnetic for 4 year olds 2 3", "relevancy_score": 545.8137062937062, "price": "$13.88"}, {"title": "World of Nintendo Mario Kart Mini RC Racer", "tags": "Father's Day Electronics Connected Dorm Room Shop All Glass Mother's Gifts Audio Tax Free for Grads Back to School Home Visual", "relevancy_score": 388.6748387096774, "price": "$39.00"}, {"title": "Paw Patrol, Lights and Sounds Air Patroller Plane", "tags": "PJ Masks and Paw Patrol Toys All Preschool Vehicles & Playsets Play PAW by Price", "relevancy_score": 934.9414285714286, "price": "$36.99"}, {"title": "Nick Jr. Paw Patrol 6V Plush Ride ons for Toddlers - Chase/Marshall/Skye", "tags": "Ride Ons for Girls PJ Masks and Paw Patrol 6V Powered Plush ons All PAW Toys Huffy", "relevancy_score": 1404.0186046511628, "price": "$69.00"}, {"title": "Nintendo Switch Console, Animal Crossing: New Horizons Edition", "tags": "Accessories for Nintendo, PC, Xbox and PlayStation Systems 4 (PS4) Consoles Super Mario Video Games Nintendo Switch Action & Adventure Lite", "relevancy_score": 463.6443243243243, "price": "$299.00"}, {"title": "VTech, Count and Chomp Dino, Dinosaur Learning Toy for 1 Year Olds", "tags": "Ages 0-12 months 12-24 Baby and Toddler Music Toys 12-18 Month Fisher Price Vtech", "relevancy_score": 541.6383673469387, "price": "$19.82"}, {"title": "LeapFrog, Dinos Delightful Day Book, Interactive Book for 1 Year Olds", "tags": "Learning Playsets Bilingual Toys Leapfrog Science & Education VTech for Kids 2 to 4 Years Fisher-Price LeapFrog", "relevancy_score": 218.592, "price": "$16.26"}, {"title": "LeapFrog Pick Up and Count Vacuum With 10 Colorful Play Pieces", "tags": "Science & Education Housekeeping Toys VTech Pretend Play for Boys Blue's Clues LeapFrog Learning Math Kids", "relevancy_score": 109.62769230769231, "price": "$27.88"}, {"title": "Best Choice Products 22in 16-Piece Kids Giant Transport Carrier Truck w/ Dinosaurs, Helicopter, Cars - Multicolor", "tags": "Trucks Toy All Vehicles Play by Brand Vehicle Type Car Toys Price", "relevancy_score": 288.1113043478261, "price": "$24.99"}, {"title": "Little People Launch & Loop Raceway Vehicle Playset", "tags": "", "relevancy_score": 111.8276923076923, "price": "$44.29"}, {"title": "LEGO Star Wars: Return of the Jedi Death Star Final Duel 75291 Building Toy for Hours of Creative Fun (775 Pieces)", "tags": "", "relevancy_score": 60.034285714285716, "price": "$89.00"}, {"title": "Fisher-Price Laugh & Learn Silly Sounds Light-Up Piano Infant Toy", "tags": "Kids Instruments Learning Playsets Science & Education VTech Toys LeapFrog Musical Fisher Price Pretend Play for Babies 12 to 24 months", "relevancy_score": 237.32, "price": "$11.99"}, {"title": "Jetson Rave Extreme-terrain Hoverboard with cosmic Light-up wheels", "tags": "Bluetooth Hoverboards Jetson Ride Ons Kid's Hoverboard Electric Transportation Adult Scooter for Boys Girls", "relevancy_score": 1288.7175155279506, "price": "$178.00"}, {"title": "Adventure Force Double Fire Dart Blaster", "tags": "Nerf Zombie Strike Only at Walmart Toys Fortnite Blasters Elite Adventure Force Modulus Private Brand Summer Savings", "relevancy_score": 249.9557894736842, "price": "$9.97"}, {"title": "Nerf N-Strike Elite Trilogy DS-15 Blaster, 15 Darts, Walmart Exclusive", "tags": "Nerf Rival Only at Walmart Toys Fortnite Blasters Elite and Blaster Targets for Kids 12 Years & Up Modulus", "relevancy_score": 772.3115492957746, "price": "$25.88"}, {"title": "Fisher-Price Laugh & Learn My Smart Purse", "tags": "Learning Playsets Leapfrog Science & Education Housekeeping Toys VTech Pretend Play for Boys LeapFrog Fisher Price", "relevancy_score": 179.98567164179104, "price": "$19.88"}, {"title": "Toyvelt Take Apart Toy Racing Car Kit For Kids W Electric Toy Drill, Lights and Sounds - Build Your Own Car Toy For Boys & Girls age 3, 4, 5, 6 yrs - 12 years old Best Gift For Kids", "tags": "Trains & Train Sets Trucks Construction Vehicles Toy Excavators Play by Vehicle Type Car Toys Price", "relevancy_score": 47.3590243902439, "price": "$17.97"}, {"title": "Treasure X Sunken Gold Treasure Ship Playset", "tags": "Top Rated Toys by Kids All Action Figures Treasure X Preschool & Playsets Only at Walmart Dragon Fisher Price for 5 to 7 Years", "relevancy_score": 114.72000000000001, "price": "$34.99"}, {"title": "WWE Decade Of Domination Elite Collection Randy Orton 6-in/15.24-cm Action Figure", "tags": "WWE Wrestling Ring Playsets Elite Figures Ghostbusters Toys Only at Walmart TV & Movie Battle Pack Zombies", "relevancy_score": 10.27, "price": "$19.99"}, {"title": "Contixo 7\" Kids Tablet Android 8.1 with WiFi Camera 16GB Learning Tablet for Toddlers Children Kids Place Parental Control Pre-installed 20+ Education Apps w/Kid-Proof Protective Case (Blue)", "tags": "7 Inch Tablets Vtech Electronics Tax Time Android for Kids All 10", "relevancy_score": 400.29974683544305, "price": "$59.99"}, {"title": "Funko POP! Star Wars: The Mandalorian - The Child w/cup", "tags": "Imaginext The Lion King Toys Shop All How To Train Your Dragon Barbie to 3 Peppa Pig Fisher Price Disney", "relevancy_score": 43.08, "price": "$8.78"}, {"title": "Disney Princess Parade 5 Pack by Little People", "tags": "Princess Ariel Dolls All Preschool Action Figures & Playsets Rapunzel Fisher-Price Little People Disney Play Vehicles by Price", "relevancy_score": 209.36864864864867, "price": "$39.99"}, {"title": "Kid Connection Dinosaur Mega Play Set, 28 Pieces", "tags": "", "relevancy_score": 89.07510204081632, "price": "$14.97"}, {"title": "Blue\u2019s Clues & You! Take-Along Friends Set, Ages 3+", "tags": "All Stuffed Animals & Plush Leapfrog Science Education 8 to 11 Years for Girls LeapFrog Learning Toys 5 7 Boys", "relevancy_score": 213.76864864864865, "price": "$24.88"}, {"title": "WWE The Rock Action Figure", "tags": "All Action Figure Playsets WWE Wrestling Ring Elite Figures Ghostbusters Toys TV & Movie Battle Pack Zombies", "relevancy_score": 14.492727272727274, "price": "$25.95"}, {"title": "LeapFrog LeapPad Academy Green Kids Tablet with LeapFrog Academy", "tags": "Science & Education VTech Toys Learning Books Software LeapFrog Tablets with Parental Control All for Kids", "relevancy_score": 360.07309734513274, "price": "$107.99"}, {"title": "PAW Patrol, Dino Rescue Marshall\u2019s Deluxe Rev Up Vehicle with Mystery Dinosaur Figure", "tags": "Paw Patrol Toys PAW All Preschool Vehicles & Playsets Play Dinosaur", "relevancy_score": 295.6958241758242, "price": "$12.97"}, {"title": "Huffy Kyro 20\" BMX-Style Boys' Bike for Kids, Blue / Black Crackle", "tags": "All Kids' Bikes Huffy BMX Bike Helmets Mountain Bicycles with Training Wheels Kid's", "relevancy_score": 21.617142857142856, "price": "$88.00"}, {"title": "LeapFrog Blues Clues and You! Skidoo Into ABCs Book for Kids, Blue", "tags": "All Stuffed Animals & Plush Science Education 8 to 11 Years for Girls Blue's Clues Toys LeapFrog Learning 5 7 Boys", "relevancy_score": 329.3975510204081, "price": "$21.99"}, {"title": "Jurassic World Camp Cretaceous Isla Nublar Feeding Frenzy Indominus Rex With Lights And Sounds", "tags": "All Action Figures Imaginext Jurassic World Walmart Exclusive Lego Sets LEGO Dinosaur Toys for age 2-4 boys", "relevancy_score": 98.37882352941176, "price": "$23.89"}, {"title": "Star Wars The Black Series Boba Fett Premium Electronic Helmet", "tags": "Star Wars Action Figures Trending Role Play All Toys Marvel Legends The Black Series for age 2-4 boys", "relevancy_score": 71.94, "price": "$139.99"}, {"title": "LEGO Harry Potter Hogwarts Express 75955 Toy Model Train Building Set", "tags": "LEGO Easter Building Sets Lego Train Ages 12+ Toys 8 to 11 City Harry Potter", "relevancy_score": 548.6323287671233, "price": "$63.99"}, {"title": "Pokemon Assorted Lot of 50 Single Cards [Any Series]", "tags": "Pokemon Collector's Tin All Trading Cards TCG Games Booster Box", "relevancy_score": 467.78086956521736, "price": "$7.80"}, {"title": "LeapFrog LeapStart Math in Action and Toys Save the Day Learning Book", "tags": "Learning Playsets Science & Education Astronomy Toys for Kids Books Software LeapFrog PAW Patrol 5 to 7 Years", "relevancy_score": 83.16255319148935, "price": "$14.99"}, {"title": "Godzilla vs Kong 11\" Giant Godzilla (XL) Figure", "tags": "All Collectible Figures Vinimate Vinyl Action Godzilla Toys NECA for Kids 2 to 4 Years 12 & Up Costumes Dress-Up", "relevancy_score": 199.29464788732392, "price": "$19.99"}, {"title": "Jetson Plasma UL Certified Hoverboard w/ LED light up deck and wheels, Active Balance Technology, All Terrain Wheels, Black", "tags": "All Hoverboards Bluetooth Jetson Ride Ons Kid's Hoverboard Electric Transportation Adult Scooter for Girls", "relevancy_score": 209.43688311688314, "price": "$148.00"}, {"title": "Rescue Heroes Transforming Fire Truck with Lights & Sounds", "tags": "Rescue Vehicles Toy Fire Trucks All Preschool & Playsets Play by Vehicle Type Fisher Price Toys", "relevancy_score": 1035.84, "price": "$29.83"}, {"title": "Best Choice Products 142-Piece Kids Big Robot Dinosaur Figure Racetrack Toy Play Set w/ Battery Operated Car", "tags": "Shop All Car Tracks Robotic Toys Dinosaur for 4 year olds Jurassic World 2 3", "relevancy_score": 505.02000000000004, "price": "$19.99"}, {"title": "LEGO Star Wars: The Rise of Skywalker Resistance A-Wing Starfighter 75248 Advanced Collectible Starship Model Set (269 Pieces)", "tags": "LEGO Easter Building Sets Star Wars for Boys Toys Ages 12+ 8 to 11", "relevancy_score": 280.16382022471913, "price": "$24.47"}, {"title": "PAW Patrol, Dino Rescue Skye\u2019s Deluxe Rev Up Vehicle with Mystery Dinosaur Figure", "tags": "Paw Patrol Toys PAW All Preschool Vehicles & Playsets Play Dinosaur", "relevancy_score": 295.6958241758242, "price": "$12.97"}, {"title": "Kid Connection Preschool RC Vehicles, 2 Count", "tags": "", "relevancy_score": 88.02, "price": "$9.97"}, {"title": "Novie, Interactive Smart Robot with Over 75 Actions and Learns 12 Tricks (Red), for Kids Aged 4 and Up", "tags": "Electronic Toys Robots & Pets RC by Price Vehicle Type Cars and Vehicles Robot Brand", "relevancy_score": 522.6443243243243, "price": "$9.99"}, {"title": "Disney Baby Musical Crawling Pals Plush, Minnie, Ages 0+", "tags": "All Stuffed Animals & Plush 2 to 4 Years Minnie Mouse Toys 8 11 for Girls Mickey Boys", "relevancy_score": 277.3958241758242, "price": "$19.88"}, {"title": "Hover-1 Blue Matrix UL Certified Electric Hoverboard w/ 6.5in Wheels, LED Sensor Lights, LED Wheel Well Lights, Bluetooth Speaker; Ideal for Boys and Girls 8+ and Less Than 180 lbs", "tags": "Hover-1 Ride Ons Bluetooth Hoverboards Electric Transportation Adult Scooter Toys for Kids 12 Years & Up 8 to 11 Boys Girls", "relevancy_score": 1188.8137304075233, "price": "$148.00"}, {"title": "Treasure X Sunken Gold Bottle Smash - Action Figure & Treasure Inside", "tags": "All Action Figure Playsets Top Rated Toys by Kids Figures Bubbles Matchbox Cars & Trucks Dragon for 5 to 7 Years Minnie Mouse Dolls Dollhouses", "relevancy_score": 78.30260869565217, "price": "$9.84"}, {"title": "LEGO Super Mario Whomp\u2019s Lava Trouble Expansion Set 71364 Creative Building Toy for Kids (133 Pieces)", "tags": "", "relevancy_score": 83.37510204081633, "price": "$19.99"}, {"title": "LeapFrog Blues Clues and You! Skidoo Into ABCs Book for Kids, Magenta", "tags": "Science & Education 2 to 4 Years 8 11 Stuffed Animals for Girls Blue's Clues Toys LeapFrog Learning 5 7 Boys", "relevancy_score": 291.96382022471914, "price": "$21.99"}, {"title": "Funko POP! Games: Apex Legends - Lifeline Tied Dye - Walmart Exclusive", "tags": "Bobble Heads Star Wars Action Figures Funko Pop Movies Collectibles Only at Walmart Toys Animation TV Games", "relevancy_score": 114.72000000000001, "price": "$4.99"}, {"title": "PAW Patrol, Chase Remote Control Police Cruiser with 2-Way Steering, for Kids Aged 3 and Up", "tags": "PJ Masks and Paw Patrol Toys All Preschool Vehicles & Playsets RC Trucks SUVs PAW Cars", "relevancy_score": 79.57510204081632, "price": "$17.49"}, {"title": "VTech, Stroll and Discover Activity Walker, Walker for Babies, Baby Toy, Pink", "tags": "Baby Walkers Push, Pull, and Walker Toys Toys, Book & Keepsakes Fisher Price Boy Girl Toddler Vtech", "relevancy_score": 641.9249079754601, "price": "$35.00"}, {"title": "Hoverboard Bluetooth Two-Wheel Self Balancing Electric Scooter 6.5\" UL 2272 Certified with Bluetooth Speaker and LED Light Chrome Turquoise", "tags": "All Hoverboards Bluetooth Foot to Floor Ride Ons Adult Electric Scooter Toys for Kids 12 Years & Up 8 11 Girls", "relevancy_score": 421.0323287671233, "price": "$95.00"}, {"title": "Hollywood Rides 1:24 Scale Marvel Spiderman Die Cast Vehicle with Figure by Jada Toys", "tags": "Avengers Action Figures Marvel Role Play Vehicles by Brand Jada Toys Collectible Spider-Man Diecast and Cars", "relevancy_score": 325.024, "price": "$19.97"}, {"title": "VTech, Pop-a-Balls Drop and Pop Ball Pit, Learning Toy, Ball Toys", "tags": "Kids Instruments Leapfrog Science & Education VTech Toys Ball Pits Fisher-Price LeapFrog Learning Fisher Price Pretend Play", "relevancy_score": 513.8323287671233, "price": "$45.00"}, {"title": "Godzilla vs. Kong 6\" Basic Godzilla Heat Ray Figure", "tags": "All Action Figure Playsets Collectible Figures Godzilla Toys NECA for Kids 2 to 4 Years 12 & Up age 2-4 boys", "relevancy_score": 136.4855172413793, "price": "$9.84"}, {"title": "Jurassic World: Velociraptor Child Halloween Costume", "tags": "Sexy Halloween Costumes Animal Boy's Humor & Inflatable Baby Toddler Top All Boys TV Movies", "relevancy_score": 40.10947368421053, "price": "$46.98"}, {"title": "LEGO Star Wars: A New Hope Death Star Cannon 75246 Building Kit", "tags": "LEGO Easter Building Sets Star Wars for Boys Toys Ages 12+ 8 to 11", "relevancy_score": 100.8276923076923, "price": "$13.85"}, {"title": "Playskool Heroes Transformers Rescue Bots Academy Academy Rescue Team", "tags": "Transformers Bumblebee Action Figures Toys All Preschool & Playsets Playskool Optimus Prime Cyberverse Adventure", "relevancy_score": 107.4276923076923, "price": "$27.03"}, {"title": "Nerf Rival Mercury XIX-500 Edge Series Blaster, Target, 5 Rounds, Walmart Exclusive", "tags": "Nerf Zombie Strike Only at Walmart Toys Elite and Blaster Targets Adventure Force Blasters for Kids 12 Years & Up Modulus Dart Refills", "relevancy_score": 126.82338983050846, "price": "$24.88"}, {"title": "LEGO Marvel Avengers Venom Crawler 76163 Spider-Man vs Venom Mech Playset (413 Pieces)", "tags": "LEGO Easter Building Sets for Boys Ages 12+ Avengers Toys 8 to 11 Super Heroes", "relevancy_score": 104.67882352941177, "price": "$29.84"}, {"title": "Carrera Racing System Battery Operated 1:43 Scale Mario Kart 14-ft. Slot Car Race Track Set w/ Jump Ramp featuring Mario versus Luigi", "tags": "Super Mario Home Decor Overwatch Shop All Sonic all & Bedding Clothing Minecraft", "relevancy_score": 103.62338983050847, "price": "$48.25"}, {"title": "Kid Connection 9\" Plush Poodle Walking Pet, Pink", "tags": "Electronic Toys All Stuffed Animals & Plush for 5 year olds 7 old girls age 5-7 Kid Connection to Years", "relevancy_score": 105.11999999999999, "price": "$14.97"}, {"title": "Hot Wheels 50-Car Pack Of 1:64 Scale Vehicles For Kids & Collectors (Styles May Vary)", "tags": "Shop All Car Tracks Play Vehicles by Brand Hot Wheels Cars Toys Track Sets", "relevancy_score": 1411.5342857142857, "price": "$45.99"}, {"title": "Disney Minnie Girls' 6-Volt Battery-Powered Electric Ride-On by Huffy", "tags": "Ride Ons for Girls All Disney Toys 6V Powered Minnie Mouse Ride-Ons age 2-4 girls Toddler Girl Huffy", "relevancy_score": 537.8439520958084, "price": "$149.00"}, {"title": "Nerf Fortnite HC-E Mega Dart Blaster, Ages 8 and Up", "tags": "Nerf Zombie Strike and Blaster Vests Rival Video Game Role Play Only at Walmart Toys Elite Adventure Force Blasters Dart Refills", "relevancy_score": 232.93688311688314, "price": "$13.29"}, {"title": "LEGO Jurassic World Triceratops Rampage 75937 ATV Motorcycle Model Dinosaur Figure Building Toy (447 Pieces)", "tags": "LEGO Easter Building Sets Walmart Exclusive Lego Ages 12+ Toys 8 to 11 Jurassic World", "relevancy_score": 71.37454545454545, "price": "$41.97"}, {"title": "Matchbox 9-Pack Vehicles, Collection Of 1:64 Scale Cars For Kids 3 Years Old & Up (Styles May Vary)", "tags": "Matchbox Cars & Trucks Play Vehicles by Brand All Hot Wheels Car Toys Tracks Price", "relevancy_score": 299.97, "price": "$9.47"}, {"title": "LEGO Marvel Avengers Iron Man Armory 76167 Superhero Building Toy Featuring the Hall of Armor (258 Pieces)", "tags": "", "relevancy_score": 5.139354838709678, "price": "$29.99"}, {"title": "Power Rangers Beast Morphers Beast-X Megazord, Ages 4 and Up", "tags": "All Action Figures Playskool Power Rangers Lightning Collection Trending Role Play Preschool & Playsets", "relevancy_score": 174.0417391304348, "price": "$24.84"}, {"title": "Mega Constux Halo Micro Action Figure Assortment construction set with micro action figure, Building Toys for Kids", "tags": "Pokemon Building Sets Engineering Toys for Boys Dragon All Play Wonder Woman Dolls Halo Action Figures", "relevancy_score": 62.81999999999999, "price": "$2.97"}, {"title": "Transformers Generations War for Cybertron Deluxe WFC-E17 Arcee", "tags": "Transformers Megatron Action Figures Bumblebee Toys Optimus Prime Studio Series Cyberverse Adventure Shockwave", "relevancy_score": 33.71729729729729, "price": "$37.99"}, {"title": "PJ Masks Mini Plush Asst, 3 Pack Bundle- includes Catboy, Owlette & Gekko, Ages 2+", "tags": "All Action Figure Playsets Preschool Figures & Vehicles PJ Masks TV Movie Toys Plush", "relevancy_score": 250.6638202247191, "price": "$14.99"}, {"title": "LEGO Minecraft The End Battle 21151 Ender Dragon Building Kit", "tags": "LEGO Minecraft Easter Building Sets Ninjago Ages 12+ Dragon Toys 8 to 11", "relevancy_score": 256.57714285714286, "price": "$17.97"}, {"title": "Little Tikes Activity Garden Playhouse", "tags": "Activity Centers Ages 0-12 months Baby Toys Fisher Price Electronic Little Tikes and Toddler", "relevancy_score": 1247.12245398773, "price": "$67.95"}, {"title": "VTech Little SmartPhone, Teaches Numbers and Colors, Great Toy for Baby", "tags": "Ages 0-12 months 12-24 Baby and Toddler Music Toys 12-18 Month Toys, Book & Keepsakes Fisher Price Electronic", "relevancy_score": 504.78762589928056, "price": "$9.97"}, {"title": "SHARPER IMAGE Two-Player Toy Laser Tag Gun Blaster & Vest Armor Set for Kids, Safe for Children and Adults, Indoor & Outdoor Battle Games, Combine Multiple Sets for Multiplayer Free-for-All!", "tags": "Toys for 5 year olds Nerf and Blaster Vests 6 Only at Walmart Targets Kids 12 Years & Up 8 to 11", "relevancy_score": 408.0216949152542, "price": "$24.95"}, {"title": "Contixo 7\" Kids Tablet V8-3 Android with WiFi Camera 16GB Learning Tablet for Toddlers Children Kids Place Parental Control Pre installed 20+ Education Apps w/Kid-Proof Protective Case (Green)", "tags": "Sports & Action Camcorders 7 Inch Tablets Electronics Tax Time Android for Kids All 10", "relevancy_score": 440.207323943662, "price": "$59.99"}, {"title": "Kid Connection Deluxe Doctor Play Set, 27 Pieces", "tags": "Costumes & Dress Up Veterinarian Kits Pretend Play Toys for Boys Kid Connection Fisher Price", "relevancy_score": 170.14173913043476, "price": "$14.97"}, {"title": "Astroshot Gemini 2 Ball Popper Guns with 24 Soft Foam Balls and Standing Shooting Target Multiplayer Shooting Games for Kids", "tags": "Laser Tag Nerf Zombie Strike and Blaster Vests Rival Only at Walmart Toys Math for Kids 3 year olds Dart Refills", "relevancy_score": 64.44, "price": "$39.99"}, {"title": "LEGO Marvel Avengers Iron Man Hall of Armor 76125 Building Kit - Tony Stark Action Figure", "tags": "LEGO Easter Building Sets for Boys Ages 12+ Avengers Toys 8 to 11 Super Heroes", "relevancy_score": 483.32307692307694, "price": "$47.99"}, {"title": "12 Volt Minnie Mouse Mercedes GLS-320 Battery Powered Ride-On", "tags": "Ride Ons for Girls All Disney Toys 6V Powered Housekeeping Toddler Girl", "relevancy_score": 236.88, "price": "$249.00"}, {"title": "Hover-1 Liberty UL Certified Electric Hoverboard w/ 6.5in Wheels; Lithium-ion 10 Cell Battery; Ideal for Boys and Girls 8+ and Less Than 160 lbs, Refurbished Black", "tags": "Schwinn Yamaha All LOL Surprise Best Choice Products Nerf Huffy Bissell Xtremepowerus", "relevancy_score": 21.617142857142856, "price": "$69.00"}, {"title": "Adventure Force Shark Attack Playset", "tags": "Shop All Car Tracks Adventure Force Vehicles Matchbox Cars & Trucks Play by Brand Playsets Boats Submarines RC Private Top Items Action Figures", "relevancy_score": 313.5109090909091, "price": "$24.97"}, {"title": "6 Volt Spiderman Quad with Light Up Eyes!", "tags": "Ride Ons for Girls 6V Powered ATVs Plush ons All Dirt Bikes & Huffy", "relevancy_score": 51.63428571428572, "price": "$59.87"}, {"title": "John Deere Animal Sounds Hayride Preschool Matching & Musical Tractor Toy, 6 Pieces", "tags": "Farm Vehicles All John Deere Toys Play by Brand Fisher-Price Little People Vehicle Type Toy Tractors Price", "relevancy_score": 341.4494117647059, "price": "$19.96"}, {"title": "Marvel Avengers: Endgame Electronic Fist Roleplay Toy", "tags": "All Action Figures Disney Toys Avengers Role Play Marvel for Kids 8 to 11 Years 5 7", "relevancy_score": 271.29582417582424, "price": "$16.99"}, {"title": "Pokemon My Partner Eevee", "tags": "", "relevancy_score": 10.292727272727271, "price": "$19.87"}, {"title": "Nerf Rival Saturn XX-1000 Edge Series Targeting Set, 10 Rounds, 90 FPS", "tags": "Nerf Rival Only at Walmart Toys Fortnite Blasters AF Top Items Adventure Force for Kids 12 Years & Up 8 to 11 Private Brand Summer Savings", "relevancy_score": 223.41473684210524, "price": "$39.88"}, {"title": "LEGO Marvel Avengers Captain America: Outriders Attack 76123", "tags": "LEGO Easter Building Sets for Boys Ages 12+ Avengers Toys 8 to 11 Super Heroes", "relevancy_score": 238.01302325581398, "price": "$15.99"}, {"title": "LeapFrog Learn and Groove Shakin' Colors Maracas, Bilingual Music Toy", "tags": "Kids Instruments Leapfrog Science & Education VTech Toys Fisher-Price LeapFrog Learning Musical", "relevancy_score": 439.33092436974795, "price": "$13.49"}, {"title": "Melissa & Doug Mickey Shape Sorting Cube, Great Gift for Girls and Boys - Best for 2, 3, 4 Year Olds and Up", "tags": "Melissa and Doug Baby Toys 12-18 Month Toys, Book & Keepsakes 9-12 Shape Sorters Stacking Play Time Disney Books", "relevancy_score": 63.7060465116279, "price": "$7.99"}, {"title": "Fisher-Price\u00ae Little People\u00ae Noah's Ark", "tags": "Ages 0-12 months 12-24 Baby and Toddler Music Toys 12-18 Month Toys, Book & Keepsakes Fisher Price Electronic", "relevancy_score": 19.708235294117646, "price": "$29.99"}, {"title": "Educational Insights The Sneaky, Snacky Squirrel Game", "tags": "Learning Accessories Playsets Classic Games Family All Board Math Toys for Kids Adult", "relevancy_score": 722.7118032786885, "price": "$16.12"}, {"title": "Fisher-Price Laugh & Learn Magic Color Mixing Bowl, Musical Baby Toy", "tags": "Ages 12-24 months 12-18 Month Toys 9-12 Fisher Price Baby Learning Electronic Shape Sorters and Stacking Toddler", "relevancy_score": 100.8276923076923, "price": "$15.94"}, {"title": "Minnie\u2019s Happy Helpers Phone, Ages 3+", "tags": "Costumes & Dress Up All Minnie Mouse Toys Toy Cash Register Pretend Play for Boys Fisher Price Kids 5 to 7 Years", "relevancy_score": 182.89464788732394, "price": "$14.94"}, {"title": "Mega Bloks John Deere Large Dump Truck with Big Building Blocks, Building Toys for Toddlers (25 Pieces)", "tags": "Toy Trucks John Deere Toys Play Vehicles by Brand Vehicle Type for 1 year old Mega Bloks First Builders", "relevancy_score": 506.2740145985402, "price": "$24.88"}, {"title": "Paw Patrol Inflatable Playland Ball Pit with 20 Balls", "tags": "Ages 0-12 months 12-24 12-18 Month Toys Kids' Teepees & Play Tents Fisher Price Baby Learning Electronic Toddler", "relevancy_score": 819.6540611353712, "price": "$24.97"}, {"title": "iTouch Playzoom Kids Smart Watch Black", "tags": "All Watches Boys AmazingForLess Girls Mens Smart Womens Kids Character", "relevancy_score": 1495.568780487805, "price": "$29.99"}, {"title": "Hasbro Marvel Legends Series 6-inch Marvel's Kang Action Figure Toy", "tags": "", "relevancy_score": 0.0, "price": "$19.87"}, {"title": "Pokemon TCG: 2020 Ultra Prism 3 Pack Booster set- 3 Sun & Moon 5 Ultra Prism Booster Packs included", "tags": "Pokemon Collector's Tin All Trading Cards TCG Booster Box Theme Decks", "relevancy_score": 12.508235294117647, "price": "$14.28"}, {"title": "Disney/Pixar Toy Story 4 Mr. Potato Head: Andy's Playroom Potato Pack", "tags": "Shop Toys by Price All Action Figures Preschool & Playsets Gifts for 4 year old boy Kids 2 to Years Disney Fisher Imaginext Toy Story", "relevancy_score": 50.08, "price": "$30.04"}, {"title": "LEGO Star Wars AT-ST Raider 75254 Collectible Building Model", "tags": "LEGO Easter Building Sets Star Wars for Boys Toys Ages 12+ 8 to 11", "relevancy_score": 401.57309734513274, "price": "$39.99"}, {"title": "LEGO Super Mario Desert Pokey Expansion Set 71363 Collectible Building Toy for Kids (180 Pieces)", "tags": "", "relevancy_score": 68.94, "price": "$19.95"}, {"title": "Mow & Go Lawn Mower Toy, 6-Volt Ride-On Toy by Kid Trax, ages 18 - 30 months, orange", "tags": "Ride Ons for Girls All Disney Toys ATVs Powered Pedal & Push Dirt Bikes Tractor Boys", "relevancy_score": 180.25846153846157, "price": "$59.87"}, {"title": "Bright Starts Lights & Sounds FunPad Musical Toy - Introduce Shapes, Colors, Numbers, Ages 3 months +", "tags": "Ages 0-12 months 12-24 Baby and Toddler Music Toys Einstein 12-18 Month Fisher Price Electronic 6-9", "relevancy_score": 1195.9248780487806, "price": "$7.99"}, {"title": "Power Rangers Beast Morphers Beast-X Electronic Saber, Sword Toy", "tags": "Playskool Power Rangers Lightning Collection Action Figures Boys Costumes Role Play All Kids & Dress-Up", "relevancy_score": 155.82967741935482, "price": "$26.84"}, {"title": "Jetson Magma UL Certified Hoverboard w/ LED light up deck and wheels, Extreme Terrain Wheels, Black", "tags": "All Hoverboards Bluetooth Jetson Ride Ons Kid's Hoverboard Electric Transportation Adult Scooter for Girls", "relevancy_score": 213.37949367088606, "price": "$128.00"}, {"title": "Dragon Snacks Family Game for Ages 4+", "tags": "Top Rated Toys by Kids Classic Games Family All Board Dragon for 8 to 11 Years 5 7", "relevancy_score": 868.9708474576272, "price": "$16.95"}, {"title": "Fisher-Price Laugh & Learn Zoo Animal Puzzle with 7 Different Songs", "tags": "Ages 0-12 months 12-24 12-18 Month Toys 9-12 Fisher Price Baby Electronic Shape Sorters and Stacking Toddler", "relevancy_score": 195.19464788732395, "price": "$9.97"}, {"title": "Nerf Fortnite SMG-E Blaster - 6-Dart Clip, 6 Official Nerf Elite Darts", "tags": "Nerf Zombie Strike Rival Only at Walmart Toys Elite for Kids 12 Years & Up Modulus 8 to 11 and Blaster Dart Refills", "relevancy_score": 194.46857142857144, "price": "$23.57"}, {"title": "Fisher-Price Enchanted Friends Learning Table, Interactive with Music", "tags": "Kids Instruments Learning Playsets Bilingual Toys Science & Education VTech for 2 to 4 Years Fisher Price Pretend Play Babies 12 24 months", "relevancy_score": 167.95636363636362, "price": "$29.82"}, {"title": "Funko POP! Disney: The Nightmare Before Christmas - Jack (scary face)", "tags": "Vinimate Vinyl Figures The Nightmare Before Christmas Funko Collectibles DC Pop Disney Halloween Holiday Advent Calendar", "relevancy_score": 20.508235294117647, "price": "$8.78"}, {"title": "Imaginext DC Super Friends Streets of Gotham City Tower Playset & Batman Figure", "tags": "All Action Figure Playsets Figures Preschool Vehicles & TV Movie Imaginext Batman DC Super Friends Fisher Price Toys", "relevancy_score": 133.6855172413793, "price": "$19.99"}, {"title": "PJ Masks Mini Vehicle 3-Pack", "tags": "All Action Figure Playsets Diecast and Mini Vehicles Preschool Figures & PJ Masks TV Movie Toys", "relevancy_score": 194.46857142857144, "price": "$15.97"}, {"title": "LeapFrog LeapStart Preschool Success System and Book Bundle", "tags": "Learning Playsets Science & Education Toys for Kids 2 to 4 Years Books Software Blue's Clues LeapFrog 5 7", "relevancy_score": 5.139354838709678, "price": "$39.99"}, {"title": "Nerf Zombie Strike SlingFire Blaster, Includes 6 Darts", "tags": "Nerf Mega Rival Only at Walmart Toys Fortnite Blasters Elite for Kids 12 Years & Up Modulus and Blaster Dart Refills", "relevancy_score": 79.57510204081632, "price": "$34.99"}, {"title": "Kent 18\" Rampage Boy's Bike, Gold/Black", "tags": "Kids' Bike Helmets & Jaw Pads All Scooters BIkes for Girls Razor Ride Ons Kids Electric Scooter", "relevancy_score": 162.46857142857144, "price": "$88.00"}, {"title": "Kid Connection Shark Exploration Play Set, 31 Pieces", "tags": "", "relevancy_score": 103.02769230769229, "price": "$14.97"}, {"title": "PJ Masks Save the Day HQ", "tags": "All Action Figure Playsets PJ Masks and Paw Patrol Preschool Figures & Vehicles TV Movie Toys", "relevancy_score": 425.6455639097744, "price": "$69.99"}, {"title": "Godzilla vs. Kong 6\" Basic Kong with Battle-Axe Figure", "tags": "All Action Figures Godzilla Toys for Kids 2 to 4 Years 12 & Up age 2-4 boys", "relevancy_score": 102.57882352941176, "price": "$9.84"}, {"title": "Fisher-Price Stack & Roll Cups", "tags": "Kids Instruments Learning Playsets Science & Education VTech Toys Melissa Doug Math for Fisher Price Pretend Play Babies 12 to 24 months", "relevancy_score": 250.6638202247191, "price": "$7.88"}, {"title": "LeapFrog, Mr. Pencil's ABC Backpack, Preschool Learning Toy, Phonics Toy", "tags": "Bilingual Toys Leapfrog Science & Education VTech for Kids 2 to 4 Years Learning Books LeapFrog Math", "relevancy_score": 256.57714285714286, "price": "$29.99"}, {"title": "VTech, KidiZoom Smartwatch DX2, Smart Watch for Kids, Learning Watch", "tags": "", "relevancy_score": 480.3670588235294, "price": "$59.00"}, {"title": "Captain America 12\" Shield Accessory - Avengers Assemble", "tags": "Captain America Toys Shop all Avengers Costumes Iron Man Hulk Thor", "relevancy_score": 11.492727272727274, "price": "$17.66"}, {"title": "Hover-1 Helix Refurbished UL Certified Electric Hoverboard w/ 6.5in in LED Wheels, LED Sensor Lights, Bluetooth Speaker; Lithium-ion 10 Cell battery; Boys and Girls 8+ and Less than 160 lbs - Black", "tags": "Schwinn Yamaha All LOL Surprise Best Choice Products Nerf Huffy Bissell Xtremepowerus", "relevancy_score": 19.708235294117646, "price": "$79.99"}, {"title": "Ryan's World Super Surprise Safe", "tags": "Kid Influencer Toys Collectible Novelty Only at Walmart for Kids 2 to 4 Years Ryan's World Catalog L.O.L. Surprise! 5 7", "relevancy_score": 1772.8910247349822, "price": "$39.82"}, {"title": "Only At Walmart: G.I. Joe Retro Cobra H.I.S.S. Vehicle, Figure", "tags": "All Collectible Figures Quantum Mechanix Transformers Action Toys Shop G.I. Joe Studio Series", "relevancy_score": 58.50604651162791, "price": "$24.99"}, {"title": "Fortnite 7\" Llama Loot Plush", "tags": "2 to 4 Years 8 11 Stuffed Animals for Girls Video Game Role Play All Action Fortnite Funko Pop 5 7 Boys", "relevancy_score": 200.59200000000004, "price": "$9.99"}, {"title": "Hasbro Marvel Legends Series 6-inch Collectible Marvel's Falcon Action Figure Toy", "tags": "", "relevancy_score": 0.0, "price": "$19.87"}, {"title": "VTech Touch and Teach Word Book Featuring More Than 100 Words", "tags": "Learning Playsets Leapfrog Science & Education VTech Toys Fisher-Price for 4 year olds LeapFrog 2", "relevancy_score": 605.099746835443, "price": "$21.60"}, {"title": "VTech Magic Star Learning Table, English and Spanish Learning Toy", "tags": "Activity Centers Ages 0-12 months 12-24 12-18 Month Toys Push, Pull, and Walker Fisher Price Baby Electronic Toddler", "relevancy_score": 721.2232258064515, "price": "$36.99"}, {"title": "Best Choice Products Kids Classic Electric Railway Train Car Track Play Set Toy w/ Music, Lights", "tags": "Electric Train Sets Thomas the Toys Wooden for Kids 12 Years & Up Model Christmas Bachmann", "relevancy_score": 546.1194594594594, "price": "$19.99"}, {"title": "Playskool Heroes Transformers Rescue Bots Academy Bumblebee", "tags": "Transformers Action Figures Toys All Preschool & Playsets Playskool Optimus Prime Studio Series Bumblebee Cyberverse Adventure", "relevancy_score": 70.30260869565217, "price": "$9.99"}, {"title": "Mens Spiderman Second Skin Halloween Costume", "tags": "Men's Top Costumes TV & Movies Boy's Halloween Spiderman Costume Other Superhero All Boys", "relevancy_score": 46.806046511627905, "price": "$35.97"}, {"title": "Pokemon XY Evolutions Trading Card Game Booster Pack", "tags": "Pokemon Collector's Tin Detective Pikachu Toys All Trading Cards TCG Games Trainer Box Theme Decks", "relevancy_score": 40.10947368421053, "price": "$13.99"}, {"title": "LEGO Star Wars: Attack of the Clones Yoda 75255 Collectible Model and Building Toy (1,771 Pieces)", "tags": "LEGO Easter Building Sets Star Wars for Boys Toys Ages 12+ 8 to 11", "relevancy_score": 463.9075, "price": "$86.61"}, {"title": "Funko POP! Games: Mortal Kombat - Raiden", "tags": "Bobble Heads Funko Pop Movies Walmart Exclusive Animation Game of Thrones Rocks TV Games", "relevancy_score": 83.16255319148935, "price": "$4.99"}, {"title": "Disney Frozen 2 Fire Spirit's Snowy Snack, Salamander Toy with Lights", "tags": "All Disney Toys Frozen Dolls & Dollhouses 2 to 4 Years Plush Fashion 5 7", "relevancy_score": 200.34465753424655, "price": "$12.88"}, {"title": "NKOK Sonic Team Racing Radio Controlled Sonic The Hedgehog w/ Turbo Boost", "tags": "RC Toys by Price Vehicle Type All Vehicles Cars and & SUVs Trucks Brand", "relevancy_score": 81.47510204081632, "price": "$32.98"}, {"title": "John Deere Monster Treads Lights & Sounds 8 Inch Tractor with Wagon", "tags": "All Vehicles John Deere Toys Play by Brand Vehicle Type Toy Tractors Price", "relevancy_score": 286.77000000000004, "price": "$19.97"}, {"title": "Melissa and Doug Wooden Latches Board", "tags": "Ages 12-24 months Baby and Toddler Music Toys Melissa Doug 12-18 Month 9-12 Proofing Shape Sorters Stacking Play Time", "relevancy_score": 774.4519587628866, "price": "$18.89"}, {"title": "Fortnite Micro Battle Bus Nerf MicroShots Dart-Firing Blaster, 2 Darts", "tags": "Nerf Rival Video Game Role Play All Action Only at Walmart Toys Elite for Kids 12 Years & Up 8 to 11 and Blaster Dart Refills", "relevancy_score": 55.23428571428571, "price": "$8.88"}, {"title": "Wowwee Usa Prank In A Box Asst", "tags": "", "relevancy_score": 33.0590243902439, "price": "$5.00"}, {"title": "Genesis 18\" Glitch Boy's BMX Bike, Blue/Green", "tags": "Kids' Bike Helmets & Jaw Pads BIkes for Girls All Disney Toys Skateboard Accessories Razor Sport Tablets with Parental Control Kids", "relevancy_score": 332.53092436974794, "price": "$88.00"}, {"title": "Pinkfong Baby Shark Official - Baby Shark Dancing DJ - WowWee", "tags": "", "relevancy_score": 64.37454545454545, "price": "$39.82"}, {"title": "Little People Babies Love & Care Gift Set", "tags": "Ages 0-12 months 12-24 Baby and Toddler Music Toys Fisher Price Electronic Playsets", "relevancy_score": 99.728, "price": "$19.97"}, {"title": "LEGO Jurassic World Baryonyx Face-Off: The Treasure Hunt 75935 Dinosaur Truck Toy", "tags": "LEGO Easter Building Sets Walmart Exclusive Lego for Boys Ages 12+ Toys 8 to 11 Jurassic World", "relevancy_score": 144.2233898305085, "price": "$47.99"}, {"title": "PAW Patrol, Dino Rescue Rubble\u2019s Deluxe Rev Up Vehicle with Mystery Dinosaur Figure", "tags": "", "relevancy_score": 0.0, "price": "$14.97"}, {"title": "Ryan\u2019s World Giant Boss Mode Combo Panda, 2-sided playset, 6-pieces, Ages 3 +", "tags": "All Preschool Action Figures & Playsets Ryan's World Kid Influencer Toys Only at Walmart Vehicles and Toddler Boy", "relevancy_score": 125.28551724137932, "price": "$49.44"}, {"title": "LEGO Super Mario Piranha Plant Power Slide Expansion Set 71365 Action Building Toy for Kids (217 Pieces)", "tags": "", "relevancy_score": 33.70947368421052, "price": "$29.95"}, {"title": "PAW Patrol, Dino Rescue Chase, Stuffed Animal Plush Toy, 8 inch", "tags": "Paw Patrol Toys PAW All Preschool Vehicles & Playsets Easter Stuffed Animals", "relevancy_score": 67.17454545454545, "price": "$9.84"}, {"title": "Adventure force crossbow with darts and clips, battery operated", "tags": "Nerf Zombie Strike Only at Walmart Toys Elite Adventure Force Blasters for Kids 12 Years & Up Modulus Private Brand Summer Savings", "relevancy_score": 217.29529411764705, "price": "$19.97"}, {"title": "DISCOVERY KIDS DIY Toy Model Engine Kit, Mechanic Four Cycle Internal Combustion Assembly Construction, Comes W/Valves, Cylinders, Hardware & Much More, Encourages STEM Creativity/Critical Thinking", "tags": "Action Figure Vehicles Fast & Furious Toys Rockets Stomp Rocket Jada Diecast and Collectible Cars Gundam Revell Model Kits", "relevancy_score": 62.406046511627906, "price": "$19.97"}, {"title": "Funko POP! Movies: Edward Scissorhands - Edward w/ Kirigami - Walmart Exclusive", "tags": "Michael Jordan Funko Pop Movies All Disney Toys Collectibles X-Men Fallout NBA Games", "relevancy_score": 5.139354838709678, "price": "$26.38"}, {"title": "Nickelodeon Paw Patrol Bath Finger Puppets, Chase & Friends", "tags": "Paw Patrol Toys PAW All Preschool Vehicles & Playsets Play by Price", "relevancy_score": 71.37454545454545, "price": "$4.98"}, {"title": "Jurassic World Dino Rivals Attack Pack Velociraptor Delta Dinosaur", "tags": "Imaginext Jurassic World Matchbox Cars & Trucks Dinosaur Toys Halo Action Figures Fisher Price Preschool LEGO", "relevancy_score": 29.519999999999996, "price": "$18.99"}, {"title": "PEPPA PIG PLAY N GO CAMPERVAN MEDIUM PLAYSET", "tags": "Dollhouses & Play Sets Playsets All Vehicles Doll Car Toys Peppa Pig Dolls Clothes and Accessories by Price", "relevancy_score": 147.8954098360656, "price": "$14.84"}, {"title": "PJ Masks PJ Seeker, Ages 3+", "tags": "PJ Masks and Paw Patrol All Preschool Action Figures & Playsets Vehicles Toys Play by Price", "relevancy_score": 898.3866666666667, "price": "$59.00"}, {"title": "Hot Wheels Monster Trucks Epic Loop Challenge Play Set Includes Monster Truck And 1:64 Scale Hot Wheels Car Ages 3 And Older", "tags": "Shop All Car Tracks Monster Trucks Jam Hot Wheels Cars Track Sets", "relevancy_score": 116.88551724137929, "price": "$16.29"}, {"title": "Jumbo Blocks Beginner Set 24 pc Box", "tags": "Science & Education Building Sets for Boys Toys Kids 2 to 4 Years Melissa Doug 1 year old Toddler Boy Mega Bloks First Builders Girls", "relevancy_score": 200.34465753424655, "price": "$42.99"}, {"title": "Marvel Captain Marvel Baby Girls Costume Short Sleeve Dress Superhero 6-9 Months", "tags": "Girls Plus Summer Shop Casual Dresses Character Clothing Captain Marvel Kids America Nickelodeon Baby Big Short Sleeve", "relevancy_score": 5.139354838709678, "price": "$21.99"}, {"title": "Disney Mickey Roadster Racer 6-Volt Battery-Powered Ride On by Huffy", "tags": "Ride Ons for Girls 6V Powered All Only at Walmart Toys 12V Boys Huffy", "relevancy_score": 236.88, "price": "$119.00"}, {"title": "UNO Card Game Super Mario Theme for 2-10 Players Ages 7Y+", "tags": "Super Mario Home Decor Overwatch Shop All Sonic all & Bedding Clothing Minecraft", "relevancy_score": 44.19692307692307, "price": "$5.44"}, {"title": "Little People Help a Friend Pick Up Truck", "tags": "Ages 0-12 months 12-24 Baby and Toddler Music Toys Fisher Price Electronic Playsets", "relevancy_score": 134.3463157894737, "price": "$4.88"}, {"title": "Transformers Generations War for Cybertron Deluxe WFC-E37 Runamuck", "tags": "Transformers Megatron Action Figures Soundwave Bumblebee Toys Optimus Prime Studio Series Cyberverse Adventure", "relevancy_score": 0.0, "price": "$18.84"}, {"title": "Infrared Laser Tag Guns and Vests - Laser Battle Mega Pack Set of 4 - Infrared 0.9mW", "tags": "Nerf and Blaster Vests Toys for 7 year olds 6 Only at Walmart Elite Targets Kids 12 Years & Up 8 to 11", "relevancy_score": 47.08, "price": "$99.99"}, {"title": "Kid Connection Baby Room Play Set, 22 Pieces Included", "tags": "Baby Dolls My Sweet Love & Dollhouses Kid Connection Toys Playsets Alive Clothes and Accessories", "relevancy_score": 161.48567164179104, "price": "$14.97"}, {"title": "Kid Connection Deluxe Truck Play Set, 11 Pieces", "tags": "Kid Connection All Preschool Vehicles & Playsets Toys for 3 year old boys Play by Brand age 2-4 4", "relevancy_score": 109.97471698113209, "price": "$19.97"}, {"title": "Rescue Heroes Carlos KitBash 6-Inch Figure with Accessories", "tags": "Diecast and Mini Vehicles All Preschool & Playsets Shop Cars Toys Only at Walmart Play Imaginext Batman DC Super Friends Fisher Price", "relevancy_score": 154.06285714285713, "price": "$4.99"}, {"title": "FullyLoaded Tactical Vest for kids for Nerf Guns N -Strike Elite, Nerf Fornite. Nerf Accessories Kit for boys & girls - Darts, Safety Eye Glasses, Bandolier, Vest, Reload Clip.", "tags": "Laser Tag Nerf Rival Fortnite Blasters Elite and Blaster Targets Toys for Kids 12 Years & Up Modulus Dart Refills", "relevancy_score": 105.37471698113208, "price": "$21.99"}, {"title": "Fisher-Price Lil' Snoopy", "tags": "Kids Instruments Learning Playsets Science & Education VTech Toys Gifts for 4 year old girl 2 girls 3", "relevancy_score": 187.32000000000002, "price": "$11.99"}, {"title": "LeapFrog LeapStory Scout Daytime and Bedtime Story Reading Projector", "tags": "Learning Playsets Bilingual Toys Science & Education VTech LeapBuilders Books LeapFrog Stuffed Animals for Boys", "relevancy_score": 102.57882352941176, "price": "$29.49"}, {"title": "Power Rangers Beast Morphers 12-Inch Beast-X Red Ranger Action Figure", "tags": "All Action Figures Playskool Power Rangers Lightning Collection Trending Role Play Preschool & Playsets", "relevancy_score": 20.508235294117647, "price": "$9.99"}, {"title": "Tonka - Mighty Force - Lights and Sounds - Garbage Truck", "tags": "Trucks Toy Play Vehicles by Brand All Garbage Vehicle Type Cars & SUVs", "relevancy_score": 209.61473684210526, "price": "$8.81"}, {"title": "Best Choice Products Kids Electronic RC Intelligent Walking Dancing Futuristic Robot STEM Toy w/ Music, Lights - White", "tags": "Robots & Electronic Pets RC Toys by Price Robotic Vehicle Type Cars and Vehicles Robot Brand", "relevancy_score": 155.592, "price": "$24.99"}, {"title": "Set of 5 Wrestling Props For WWE Wrestling Action Figures", "tags": "All Action Figure Playsets WWE Wrestling Ring Elite Figures TV & Movie Role Play Battle Pack Tough Talkers", "relevancy_score": 77.22000000000001, "price": "$19.99"}, {"title": "LEGO Creator 3in1 Fire Dragon 31102 Building Kit for Kids -234 Pieces", "tags": "LEGO Easter Building Sets Ninjago Ages 12+ Toys 8 to 11 City Creator", "relevancy_score": 71.94, "price": "$19.59"}]