[{"title": "The Beadery Wonder Loom Kit, Gift for Kids, Includes 600 Rubber Bands", "tags": "Costumes & Dress Up Hair, Nail Spa Toys Cool Maker Quilting Sewing Kits for Kids 5 to 7 Years Knitting Weaving Children's Paint and Supplies All Jewelry Making", "relevancy_score": 1276.4665699944228, "price": "$10.89"}, {"title": "Cool Maker, GO GLAM Nail Stamper Salon for Manicures and Pedicures with 5 Patterns and Nail Dryer", "tags": "", "relevancy_score": 105.10846153846154, "price": "$19.82"}, {"title": "Kinetic Sand, Sandisfying Set with 2lbs of Sand and 10 Tools, for Kids Aged 3 and up", "tags": "All Sandboxes & Water Tables Play-Doh Craft Kits Sand Toys Kinetic Kit Bulk Play", "relevancy_score": 506.05390842733914, "price": "$19.97"}, {"title": "Create Basics 10 Color Tie Dye Kit, Rainbow Colors", "tags": "Heat Press Machines Craft Kits for Teens Airbrush Paints Dyes Kids Fabric Paint Acrylic", "relevancy_score": 285.7144903581267, "price": "$12.97"}, {"title": "Cra-Z-Art 3-in-1 Smartest Artist Easel, Wood with Chalkboard and Dry Erase Board", "tags": "KidKraft Toys for Kids 2 to 4 Years Melissa & Doug Craft Kits Drawing Coloring Math Playhouses Furniture Children's Paint and Supplies", "relevancy_score": 299.29530017152655, "price": "$29.99"}, {"title": "Crayola Creative Fun Double Easel", "tags": "Learning Playsets Costumes & Dress Up VTech Toys for Kids 2 to 4 Years Melissa Doug Drawing Coloring Math Playhouses Furniture", "relevancy_score": 341.2504812834225, "price": "$39.97"}, {"title": "Crayola Colossal Creativity Tub, Art and Craft Supplies, Art Set Gift, 90 Pieces", "tags": "Washable Markers Craft Kits for Kids Shop by Brand Art Sketchbooks and Paper Pencils Children's Coloring Books Colored Easels", "relevancy_score": 1023.4477143908724, "price": "$19.97"}, {"title": "YOU*niverse 3D Crystal Growing Unicorn, D.I.Y. Crystal Sculpture, 6+", "tags": "Sewing Kits DIY Bath & Spa Craft for Teens Kids Painting Crafts Jewelry Making All Beading and Art Sets Scrapbooking", "relevancy_score": 117.68503496503494, "price": "$9.99"}, {"title": "The Beadery Wonder Loom Kit, Gift for Kids, Includes 600 Rubber Bands", "tags": "Costumes & Dress Up Hair, Nail Spa Toys Cool Maker Quilting Sewing Kits for Kids 5 to 7 Years Knitting Weaving Children's Paint and Supplies All Jewelry Making", "relevancy_score": 1276.4665699944228, "price": "$10.89"}, {"title": "Creativity for Kids Grow n\u2019 Glow Terrarium Kit \u2013 STEAM Activity \u2013 Kids Terrarium Kit", "tags": "Geology Toys for Kids Hair, Nail & Spa Biology 8 to 11 Years 5 7 Chemistry Children's Paint and Supplies All Jewelry Making Kits", "relevancy_score": 406.17550239234447, "price": "$12.99"}, {"title": "Cra-Z-Art Super Washable Kids Paint, 20 Pack", "tags": "Craft Kits Drawing & Coloring Play Dough Art Supplies Toys for Kids 8 to 11 Years Glue Slime 5 7 All Jewelry Making", "relevancy_score": 24.850143540669855, "price": "$8.47"}, {"title": "The Beadery Wonder Loom Kit, Gift for Kids, Includes 600 Rubber Bands", "tags": "Costumes & Dress Up Hair, Nail Spa Toys Cool Maker Quilting Sewing Kits for Kids 5 to 7 Years Knitting Weaving Children's Paint and Supplies All Jewelry Making", "relevancy_score": 1276.4665699944228, "price": "$10.89"}, {"title": "Kinetic Sand Sandcastle Set with 1lb of Kinetic Sand and Tools and Molds (Color May Vary)", "tags": "All Sandboxes & Water Tables Play-Doh Sets Sand Toys Kinetic Kit Bulk Play", "relevancy_score": 574.425125076266, "price": "$12.72"}, {"title": "Kinetic Sand the Original Moldable Sensory Play Sand, Pink, 2 Pounds", "tags": "All Sandboxes & Water Tables Toys for 4 year olds 2 Kinetic Sand Kit Bulk 3 Play", "relevancy_score": 537.2666317854807, "price": "$9.97"}, {"title": "Fun 2 Bake Electric Play Oven with Pan and Accessories, Blue", "tags": "Shop Toys by Price Easy-Bake Oven Hair, Nail & Spa Cool Maker DIY Food Craft Kits Fisher Pretend Play Kids Kitchen Appliances", "relevancy_score": 170.8615289256198, "price": "$19.84"}, {"title": "JoJo Siwa Glitter Nails - Glitter Manicure Kit with Custom Decals", "tags": "Jojo Siwa Toys Housekeeping Hair, Nail & Spa Cool Maker Nickelodeon Slime DIY Kits Pre-Made Shop All Kids Jewelry Making", "relevancy_score": 214.57859802847753, "price": "$9.97"}, {"title": "Made by Me Easy-to-Knot Quilt Making Kit, Colorful D.I.Y. Quilt, 6+", "tags": "Hair, Nail & Spa Toys Cool Maker Quilting Sewing Kits for Kids 8 to 11 Years 5 7 Knitting Weaving Children's Paint and Supplies All Jewelry Making", "relevancy_score": 470.5968939393939, "price": "$9.97"}, {"title": "Elmers Brand Mega Slime Kit: Make Glow in the Dark, Color, and Clear Slimes", "tags": "Glitter Slime Nickelodeon Glow-in-the-Dark Clear SlimyGloop Craft Kits Glue for Pre-Made Shop", "relevancy_score": 279.9355425219942, "price": "$22.00"}, {"title": "Play-Doh Start Set with 4 Cans of Dough, 9 Tools & Carrying Case", "tags": "Play-Doh Kitchen Creations Sets Craft Kits Licensed Toys for Kids 5 to 7 Years Compound Play Sand", "relevancy_score": 573.6515230224321, "price": "$9.40"}, {"title": "Trolls Necklace Activity Set", "tags": "Hasbro Trolls Dolls Hair, Nail & Spa Toys All Arts Crafts Craft Kits for Kids 5 to 7 Years Jewelry Making", "relevancy_score": 204.9229090909091, "price": "$9.97"}, {"title": "Play-Doh Stamp 'N Shape Tool Kit Set with 10 Cans of Dough & 30+ Tools", "tags": "Play-Doh Kitchen Creations Sets Craft Kits Licensed Toys for Kids 5 to 7 Years Compound Play Sand", "relevancy_score": 435.02863636363634, "price": "$14.96"}, {"title": "Just My Style D.I.Y. Scrunchie Maker, 12ct, Gift for Kids, Ages 6+", "tags": "Hair, Nail & Spa Toys Cool Maker SlimyGloop Slime DIY Kits Quilting Sewing for Kids 8 to 11 Years 5 7 All Jewelry Making", "relevancy_score": 20.4730303030303, "price": "$13.97"}, {"title": "The Beadery Wonder Loom Kit, Gift for Kids, Includes 600 Rubber Bands", "tags": "Costumes & Dress Up Hair, Nail Spa Toys Cool Maker Quilting Sewing Kits for Kids 5 to 7 Years Knitting Weaving Children's Paint and Supplies All Jewelry Making", "relevancy_score": 1276.4665699944228, "price": "$10.89"}, {"title": "Kinetic Sand the Original Moldable Sensory Play Sand, Pink, 2 Pounds", "tags": "All Sandboxes & Water Tables Toys for 4 year olds 2 Kinetic Sand Kit Bulk 3 Play", "relevancy_score": 537.2666317854807, "price": "$9.97"}, {"title": "Kinetic Sand, 3lbs Beach Sand for Ages 3 and Up (Packaging My Vary)", "tags": "All Sandboxes & Water Tables Play-Doh National Geographic Toys Sand Kinetic Kit Bulk Play", "relevancy_score": 910.5949286587852, "price": "$9.67"}, {"title": "Crayola Crayon Melter Kit with Crayons, Gift for Kids, Ages 8-11", "tags": "Hair, Nail & Spa Toys Cool Maker DIY Slime Kits Drawing Coloring for Kids 8 to 11 Years 5 7 Pre-Made Shop Children's Paint and Supplies", "relevancy_score": 330.57550239234445, "price": "$19.75"}, {"title": "Creativity Street Sidewalk Chalk, 4\" x 1\" Diameter. Jumbo Stick, 12 Assorted Colors, 52 Pieces/Each Case", "tags": "Kid Art Easels & Stations Bubbles PlayDay Clearance Craft Kits Toys for 4 year olds 2 3 Children's Paint and Supplies", "relevancy_score": 232.1213833992095, "price": "$12.88"}, {"title": "Sewing Kit XL Spools of Thread, All You Need for PU Case, Perfect for Home Travel and Emergency, Easy to Use for Everyone", "tags": "Bobbins Singer Sewing Storage Thread Baskets Elastic & Bobbin Winders Pins Pincushions", "relevancy_score": 444.1408080808081, "price": "$15.99"}, {"title": "Crayola Modeling Clay, Bulk Clay, Assorted Colors, 2Lbs", "tags": "Play-Doh Sets Craft Kits Drawing & Coloring Crayola Dough, Clay Slime Toys for Kids 5 to 7 Years Compound Children's Paint and Supplies", "relevancy_score": 67.3460606060606, "price": "$7.76"}, {"title": "Crayola Washable Watercolor Set, 16-Colors", "tags": "Washable Markers Art Brushes All Paper Tempera Paints Shop by Brand Sketchbooks and Watercolor Paint", "relevancy_score": 383.6467813267813, "price": "$3.46"}, {"title": "Made by Me Rock Art Painting Kit", "tags": "Sewing Kits DIY Bath & Spa Craft for Teens Kids Jewelry Making All Beading and Art Sets Scrapbooking", "relevancy_score": 98.08422287390029, "price": "$9.97"}, {"title": "Play-Doh Stamp N Top Pizza Oven Toy with 5 Non-Toxic Play-Doh Colors", "tags": "Play-Doh Kitchen Creations Toys for Kids 2 to 4 Years Sets Play Dough Licensed 5 7 Compound Sand", "relevancy_score": 286.8615289256199, "price": "$17.65"}, {"title": "Strathmore 200 Series Sketch Pad, 50 Lbs, Acid-Free, 5.5\" x 8.5\", 100 Sheets", "tags": "Mixed Media Paper Sketchbooks All Art and Pencils Sets Colored Sketching", "relevancy_score": 402.48474308300393, "price": "$13.95"}, {"title": "The Beadery Wonder Loom Kit, Gift for Kids, Includes 600 Rubber Bands", "tags": "Costumes & Dress Up Hair, Nail Spa Toys Cool Maker Quilting Sewing Kits for Kids 5 to 7 Years Knitting Weaving Children's Paint and Supplies All Jewelry Making", "relevancy_score": 1276.4665699944228, "price": "$10.89"}, {"title": "Jell-O Play Slime Making Kit, Monster Slime, 14.8 oz Mix", "tags": "Pink Slime Glitter Nickelodeon Compound Kings SlimyGloop Crunchy Unicorn Pre-Made Shop", "relevancy_score": 77.38486902927582, "price": "$4.97"}, {"title": "Kinetic Sand, Castle Containers 10-Color Pack for Kids Aged 3 and up", "tags": "All Sandboxes & Water Tables Craft Kits Kinetic Sand Kit Toys for Kids 8 to 11 Years Bulk 5 7 Play", "relevancy_score": 87.91431818181817, "price": "$19.99"}, {"title": "Play-Doh Wheels Gravel Yard Construction with Pavement Buildin' Compound, 3 Cans (8 oz)", "tags": "Play-Doh Kitchen Creations Toys for Kids 2 to 4 Years Sets Play Dough Licensed 5 7 Compound Sand", "relevancy_score": 146.0842228739003, "price": "$14.96"}, {"title": "Crayola Colored Pencil Set, 24-Colors", "tags": "Washable Markers Prismacolor Colored Pencils Watercolor Shop by Brand Drawing Blenders Art Sets Sketching", "relevancy_score": 674.9498553719008, "price": "$2.97"}, {"title": "Crayola Twistables Colored Pencil Set, 12-Colors", "tags": "Kid Art Easels & Stations Craft Kits Play Dough Magna Doodle Etch-A-Sketch Glue for Slime Toys Kids 5 to 7 Years Children's Paint and Supplies", "relevancy_score": 218.64416267942585, "price": "$4.14"}, {"title": "Marvy Uchida Bistro Chalk Marker, Broad Tip, Neon Colors, 4 pc set, 028617481302", "tags": "Washable Markers Chalk Window Paints Fabric Acrylic Paint Crayons Pens &", "relevancy_score": 31.250143540669853, "price": "$9.97"}, {"title": "Art1st Sketch Pad, 60 lbs. Heavyweight Drawing Paper. 9 x 12, 50 Sheets", "tags": "Mixed Media Paper Sketchbooks All Art and Watercolor Pencils Drawing Blenders Sets", "relevancy_score": 178.75560606060606, "price": "$2.97"}, {"title": "Play-Doh Wheels Crane and Forklift, Cement Buildin' Compound + 2 Colors (6 oz)", "tags": "Play-Doh Kitchen Creations Sets Play Dough Licensed PAW Patrol Toys for Kids 5 to 7 Years Compound Sand", "relevancy_score": 146.01909090909092, "price": "$7.88"}, {"title": "Crayola Washable Marker Set, 12-Colors, Broad", "tags": "Washable Markers Construction Paper Sewing Scissors & Shears Classpacks and Bulk Crayons Art Sketchbooks Pencils Colored", "relevancy_score": 178.30753246753247, "price": "$4.98"}, {"title": "Play-Doh 8-Pack Rainbow Non-Toxic Compound with 8 Colors (16 oz)", "tags": "Poopsie Slime Surprise Play-Doh Kitchen Creations Toys for Kids 2 to 4 Years Sets Play Dough Licensed 5 7 Compound", "relevancy_score": 15.675080213903742, "price": "$4.94"}, {"title": "The Beadery Wonder Loom Kit, Gift for Kids, Includes 600 Rubber Bands", "tags": "Costumes & Dress Up Hair, Nail Spa Toys Cool Maker Quilting Sewing Kits for Kids 5 to 7 Years Knitting Weaving Children's Paint and Supplies All Jewelry Making", "relevancy_score": 1276.4665699944228, "price": "$10.89"}, {"title": "Play-Doh Modeling Compound 4 4-Oz Cans of Dough (Sweet Colors) (16 oz)", "tags": "Play-Doh Kitchen Creations Toys for Kids 2 to 4 Years Sets Licensed Crayola Dough, Clay & Slime 5 7 Compound", "relevancy_score": 20.47508021390374, "price": "$2.46"}, {"title": "Elmer's Liquid Glitter Glue, Washable, Blue, 6 oz", "tags": "Activators for Slime Glitter Glow-in-the-Dark Clear DIY Kits Crunchy Glue Pre-Made Shop", "relevancy_score": 19.67508021390374, "price": "$3.18"}, {"title": "Crayola Modeling Clay Bucket, Modeling Clay For Kids, 15 Oz., White", "tags": "Clear Slime Cloud DIY Kits Drawing & Coloring Crunchy Glue for Crayola Dough, Clay Pre-Made Shop", "relevancy_score": 51.68487603305785, "price": "$5.00"}, {"title": "Daler-Rowney Simply Tracing Pad, 9\" x 12\", 28 lb, 40 Sheet, 1 Each", "tags": "Kid Art Easels & Stations Craft Kits Play Dough Magna Doodle Etch-A-Sketch Glue for Slime Toys Kids 5 to 7 Years Children's Paint and Supplies", "relevancy_score": 100.3627807486631, "price": "$2.18"}, {"title": "Crayola Washable Kids' Paint Set, 10-Colors", "tags": "Crayola Finger Paint Colored Pencils Markers Classpack and Painting Tools Crayons Brushes Tempera Teens & Adult", "relevancy_score": 1083.563101604278, "price": "$4.97"}, {"title": "Play-Doh 8 Color Rainbow Pack (16oz)", "tags": "Play-Doh Kitchen Creations Toys for Kids 2 to 4 Years Sets Play Dough Licensed 5 7 Compound Children's Paint and Supplies", "relevancy_score": 97.61527272727272, "price": "$4.94"}, {"title": "Disney Minnie Mouse Erasable Activity Table Playset & 2 Chairs", "tags": "Kids' Bedroom Sets Desk with Chair Chairs & Seating Shop All Furniture Characters Storage Disney Playroom", "relevancy_score": 1794.4434240212343, "price": "$34.97"}, {"title": "Just My Style Light-Up Diary, Gift for Kids, Ages 6+", "tags": "All Planners Paper & Printable Media Shop Notebooks by Brand Composition Books Bullet Journals 1-Subject Spiral Premium", "relevancy_score": 417.0286363636363, "price": "$9.97"}, {"title": "Slime Extra Strong Bicycle Tube, 27.5\" x 2.0-2.40\" Schrader - 30088", "tags": "Poopsie Slime Surprise Glitter Nickelodeon Compound Kings DIY Kits Craft Crunchy Unicorn", "relevancy_score": 114.33553719008265, "price": "$6.96"}, {"title": "Etch A Sketch, Classic Red Drawing Toy with Magic Screen, for Ages 3 and Up", "tags": "Father's Day Electronics Connected Dorm Room Shop All Glass Mother's Gifts Audio Tax Free for Grads Back to School Home Visual", "relevancy_score": 349.4059813084112, "price": "$12.88"}, {"title": "The Beadery Wonder Loom Kit, Gift for Kids, Includes 600 Rubber Bands", "tags": "Costumes & Dress Up Hair, Nail Spa Toys Cool Maker Quilting Sewing Kits for Kids 5 to 7 Years Knitting Weaving Children's Paint and Supplies All Jewelry Making", "relevancy_score": 1276.4665699944228, "price": "$10.89"}, {"title": "Cool Maker, Hollywood Hair Extension Maker with 12 Customizable Extensions and Accessories, for Kids Aged 8 and up", "tags": "Doll Clothes & Accessories All Sandboxes Water Tables Hair, Nail Spa Toys Cool Maker Sand Kinetic Kit Play", "relevancy_score": 86.11431818181819, "price": "$24.97"}, {"title": "Kinetic Sand, Bake Shoppe Playset with 1lb of Kinetic Sand and 16 Tools and Molds, for Ages 3 and up", "tags": "All Sandboxes & Water Tables Play-Doh Craft Kits Sand Toys Kinetic Kit Bulk Play", "relevancy_score": 124.33553719008266, "price": "$8.84"}, {"title": "Strathmore Sketch Paper Pad, 400 Series, 9in x 12, 50 Sheets", "tags": "Mixed Media Paper Sketchbooks All Art and Watercolor Pencils Sets Sketching", "relevancy_score": 81.40458498023715, "price": "$5.69"}, {"title": "Only At Walmart: Easy Bake Refill 3-Pack: Pizza, Pretzel, and Whoopie Pie Mix (New & Improved - Now with 10 Oz!)", "tags": "Electronic Toys Shop by Price Cooking & Baking Hair, Nail Spa VTech Cool Maker 12+ Years Fisher Pretend Play", "relevancy_score": 140.01909090909092, "price": "$17.88"}, {"title": "Elmer's Glow-in-the-dark Liquid Glue, Washable, Natural, 9 oz", "tags": "Glue Sticks Shop School Supplies by Color Pencil Erasers & Pen Office Bulk Buys Specialty in Painting Kids Scissors", "relevancy_score": 102.46278074866309, "price": "$7.19"}, {"title": "Go Create 3/16 in. x 12 in. Round Wood Dowels, 16 Pieces", "tags": "Craft Foam Hot Glue Gun Sticks Pipe Cleaners Guns Wood Adhesives & Glues Floral Dowel", "relevancy_score": 141.5521907600596, "price": "$1.27"}, {"title": "Crayola Scribble Scrubbie Safari Tub Play Set", "tags": "Crayola Art Sets Colored Pencils Toddler Gifts Craft Kits Markers Crayons Coloring Books for Babies", "relevancy_score": 923.7416840536512, "price": "$14.77"}, {"title": "VTech PJ Masks Time to Be a Hero Learning Tablet, Great Gift For Kids", "tags": "Learning Playsets Leapfrog PJ Masks and Paw Patrol Science & Education VTech Toys LeapFrog Math for Kids", "relevancy_score": 175.00264462809915, "price": "$19.97"}, {"title": "Crayola 96 Count Construction Paper Great for Crafting Projects - 2 Pack", "tags": "Crayola Kids Pacon Markers Washable Crayons Elmer's Glue Teens & Adult Bulk Construction Paper", "relevancy_score": 147.3152380952381, "price": "$33.99"}, {"title": "Elmer's Color Changing Liquid Glue, Great for Making Slime, Washable, Pink to Purple, 5 Ounces", "tags": "Glue Sticks Shop School Supplies by Color Pencil Erasers & Pen Office Bulk Buys Specialty in Painting Kids Scissors", "relevancy_score": 170.17440559440558, "price": "$4.92"}, {"title": "The Beadery Wonder Loom Kit, Gift for Kids, Includes 600 Rubber Bands", "tags": "Costumes & Dress Up Hair, Nail Spa Toys Cool Maker Quilting Sewing Kits for Kids 5 to 7 Years Knitting Weaving Children's Paint and Supplies All Jewelry Making", "relevancy_score": 1276.4665699944228, "price": "$10.89"}, {"title": "Kinetic Sand, Construction Site Folding Sandbox Playset with Vehicle and 2lbs Kinetic Sand, for Kids Aged 3 and up", "tags": "All Sandboxes & Water Tables Play Dough Sand Toys Building Sets Kinetic Kit Bulk", "relevancy_score": 18.47508021390374, "price": "$24.99"}, {"title": "Wilton Decorating Icing Coupler Set, 4-Count", "tags": "Hair, Nail & Spa Toys Cool Maker DIY Slime Kits Drawing Coloring for Kids 5 to 7 Years Pre-Made Shop Children's Paint and Supplies All Jewelry Making", "relevancy_score": 134.2128229665072, "price": "$2.00"}, {"title": "Crayola 12 Count Pre-Sharpened Silly Scents Colored Pencils Beginner Boys and Girls Ages 3+", "tags": "Crayola Colored Pencils Erasable Markers Washable Crayons Twistable Classic Teens & Adult", "relevancy_score": 28.873030303030305, "price": "$8.86"}, {"title": "Sharpie\u00ae Oil-Based Paint Marker, Fine Point, White", "tags": "Paint Sealers All Art Sakura Pens Acrylic Paints Markers & Mediums Mod Podge", "relevancy_score": 29.68341463414634, "price": "$2.98"}, {"title": "Elmer's Craft Bond Quick Dry Glue, 4 oz.", "tags": "Activators for Slime Glitter Clear DIY Kits Craft Drawing & Coloring Pre-Made Shop Children's Paint and Supplies", "relevancy_score": 25.963980343980342, "price": "$2.74"}, {"title": "Slime Valve Adapter Presta To Schrader (Standard)", "tags": "Bike Tire Tubes Lights Tools Water Bottles All Components Road Bikes Tool Kits Pumps", "relevancy_score": 119.33553719008265, "price": "$1.96"}, {"title": "Elmer's Washable School Glue", "tags": "Crayons Glue Sticks Shop School Supplies by Color Pencil Erasers & Pen Office Bulk Buys Wooden and #2 Pencils Pocket Folders Kids Scissors", "relevancy_score": 5.130263929618768, "price": "$1.19"}, {"title": "(4 Pack) Elmer's School Glue Gel, 4 oz", "tags": "Activators for Slime Glitter Nickelodeon Glow-in-the-Dark Clear DIY Kits Drawing & Coloring Pre-Made Shop", "relevancy_score": 15.367107438016529, "price": "$7.41"}, {"title": "Crayola Giant Coloring Pages Uni Creatures", "tags": "Crayola Art Sets Coloring Books Character books Markers Adult Crayons Children's Teens &", "relevancy_score": 0.0, "price": "$11.99"}, {"title": "Apple Barrel 21467EX Acrylic Craft Paint, Matte Finish, Tuscan Red, 2 fl oz", "tags": "Art Brushes Stencils & Templates Tempera Paints Mixing Palettes Trays All Paint Acrylic Mediums Glitter", "relevancy_score": 31.563980343980347, "price": "$0.50"}, {"title": "The Beadery Wonder Loom Kit, Gift for Kids, Includes 600 Rubber Bands", "tags": "Costumes & Dress Up Hair, Nail Spa Toys Cool Maker Quilting Sewing Kits for Kids 5 to 7 Years Knitting Weaving Children's Paint and Supplies All Jewelry Making", "relevancy_score": 1276.4665699944228, "price": "$10.89"}, {"title": "Tulip\u00ae 5 Color One-Step Tie-Dye Kit Rainbow, Bright Colors, DIY Tie-Dye", "tags": "Hair, Nail & Spa Toys Cool Maker DIY Slime Kits Drawing Coloring for Kids 5 to 7 Years Pre-Made Shop Children's Paint and Supplies All Jewelry Making", "relevancy_score": 88.96582560296845, "price": "$18.97"}, {"title": "Kinetic Sand, Pave & Play Construction Set with Vehicle and 8oz Black Kinetic Sand, for Kids Aged 3 and up", "tags": "Shop All Car Tracks Sandboxes & Water Tables Play-Doh Kitchen Creations Play Dough Sand Toys Kinetic Bulk", "relevancy_score": 3.130263929618768, "price": "$7.42"}, {"title": "FolkArt 50557E Paintbrush Set, Basecoating Brush Set, 2 Piece", "tags": "DC Funko Pop Craft Kits Drawing & Coloring Toys for Kids 8 to 11 Years Superman Glue Slime 5 7 All Jewelry Making", "relevancy_score": 22.576883116883117, "price": "$4.97"}, {"title": "Just My Style D.I.Y. Ultimate Jewelry Center, Arts & Crafts, 6+", "tags": "Hair, Nail & Spa Toys Cool Maker SlimyGloop Slime DIY Kits for Kids 8 to 11 Years 5 7 Children's Paint and Supplies All Jewelry Making", "relevancy_score": 98.35241852487137, "price": "$14.97"}, {"title": "LeapStart 2 Pack: Shapes and Colors, Around Town With PAW Patrol Books", "tags": "Learning Playsets Science & Education Astronomy Toys for Kids Books Software LeapFrog PAW Patrol 5 to 7 Years", "relevancy_score": 121.83553719008265, "price": "$14.49"}, {"title": "Melissa & Doug Finger Paint Paper Pad", "tags": "Kid Art Easels & Stations Melissa Doug Toys Craft Kits Play Dough Magna Doodle Food Children's Paint and Supplies", "relevancy_score": 66.22084566596195, "price": "$4.99"}, {"title": "Premo! Sculpey Modeling Clay, 2 oz., 18K Gold", "tags": "Play-Doh Kitchen Creations Sets Craft Kits Drawing & Coloring Licensed Crayola Dough, Clay Slime Compound", "relevancy_score": 105.25241852487136, "price": "$5.45"}, {"title": "Melissa & Doug Created by Me! Paint & Decorate Your Own Wooden Magnets Craft Kit For Kids 3 Pack \u2013 Butterflies, Hearts, Flowers (4 Each Set)", "tags": "Sewing Kits Craft for Teens Kids Jewelry Making Scratchboards & Tools All Beading and Art Sets", "relevancy_score": 39.25014354066985, "price": "$14.99"}, {"title": "Crayola Play 'N Fold 2-in-1 Art Studio Easel Desk With Stool & Storage", "tags": "Costumes & Dress Up Toys for Kids 2 to 4 Years Little Tikes Outdoor Play Melissa Doug Sport All Toy Sports Equipment Craft Kits Drawing Coloring", "relevancy_score": 2595.838271827183, "price": "$44.99"}, {"title": "Wilton Twist Quick Decorating Coupler, 4-Pieces", "tags": "Wilton Icing and Decorations Decorating Tips Valentine's Day Treat Tools & Display Kits Sets Basketball Black White Decorative Baking Bags", "relevancy_score": 142.8842228739003, "price": "$2.47"}, {"title": "The Beadery Wonder Loom Kit, Gift for Kids, Includes 600 Rubber Bands", "tags": "Costumes & Dress Up Hair, Nail Spa Toys Cool Maker Quilting Sewing Kits for Kids 5 to 7 Years Knitting Weaving Children's Paint and Supplies All Jewelry Making", "relevancy_score": 1276.4665699944228, "price": "$10.89"}, {"title": "Cra-Z-Art 5-in-1 Portable Wooden Tabletop Easel with Chalkboard and Dry Erase Board", "tags": "Spark Create Imagine Toys Melissa & Doug Craft Kits Drawing Coloring Play Dough Math for Kids 5 to 7 Years Children's Paint and Supplies", "relevancy_score": 29.650143540669855, "price": "$19.93"}, {"title": "Crayola Color Wonder PJ Masks Coloring Kit, Ages 3+", "tags": "Crayola Art Sets Toddler Craft Kits Coloring Books Character books Markers for Babies Children's", "relevancy_score": 47.95376623376623, "price": "$9.36"}, {"title": "Colorbok Mixed Media Designer Paper, 12in x 12in, 50 Sheets, 25 unique designs", "tags": "Photo Albums Craft Tape Scrapbook Paper All Art Decorative Sketchbooks and Watercolor Scrapbooking Kits", "relevancy_score": 19.67508021390374, "price": "$5.88"}, {"title": "Rainbow High Fashion Studio \u2013 Exclusive Doll with Rainbow of Fashions (clothes and accessories) and 2 Sparkly Wigs to Create 300+ Looks", "tags": "", "relevancy_score": 5.130263929618768, "price": "$48.49"}, {"title": "ZURU Oosh Cotton Candy Scented, Squishy & Stretchy Slime", "tags": "Toys for 1 year old girls Pink Slime Num Noms Toddler Girl Unicorn Pre-Made Shop Fluffy", "relevancy_score": 136.4842228739003, "price": "$3.47"}, {"title": "Kinetic Sand, Sandbox Playset with 1lb of Blue Kinetic Sand and 3 Molds, for Ages 3 and up", "tags": "All Sandboxes & Water Tables Craft Kits Sand Toys Kinetic Kit Bulk Play", "relevancy_score": 102.46278074866309, "price": "$12.72"}, {"title": "Crayola My Big Coloring Book (Paperback)", "tags": "Kid Art Easels & Stations Craft Kits Play Dough Magna Doodle Learning Books Etch-A-Sketch Glue for Slime Children's Paint and Supplies", "relevancy_score": 35.76398034398034, "price": "$8.14"}, {"title": "Ja-ru Flarp Mega Flarp Noise Putty Assorted", "tags": "Shop Toys by Price Compound Kings Slime DIY Kits Play Dough for 4 year olds 2 3 Pre-Made", "relevancy_score": 68.48487603305786, "price": "$4.00"}, {"title": "Crayola Washable Window Marker Set, 8-Colors", "tags": "Washable Markers Chalk Window Paints Art Pencils Drawing Blenders Paint Crayons Pens &", "relevancy_score": 122.34946708463949, "price": "$5.40"}, {"title": "Crayola My First Washable Paintbrush Pens for Toddlers", "tags": "Crayola Art Sets Finger Paint Toddler Craft Kits Coloring Books Crayons Brushes Tempera", "relevancy_score": 35.00954545454545, "price": "$7.06"}, {"title": "The Beadery Wonder Loom Kit, Gift for Kids, Includes 600 Rubber Bands", "tags": "Costumes & Dress Up Hair, Nail Spa Toys Cool Maker Quilting Sewing Kits for Kids 5 to 7 Years Knitting Weaving Children's Paint and Supplies All Jewelry Making", "relevancy_score": 1276.4665699944228, "price": "$10.89"}, {"title": "Compound Kings Yo Bucket Mix & Mash Pink Slime Bucket with Fun Styro Bead Elements (2lb)", "tags": "Glitter Slime Nickelodeon Compound Kings DIY Kits Crunchy Unicorn Pre-Made Shop Fluffy", "relevancy_score": 326.8504812834225, "price": "$12.88"}, {"title": "Zimtown Art Easel Stand, 20\"-63\" Adjustable Painting Floor Display Easel, with Carry Bag", "tags": "Learning Accessories Playsets Costumes & Dress Up KidKraft Drawing Coloring Play Dough Toys for Kids 12 Years Children's Paint and Supplies", "relevancy_score": 59.720845665961946, "price": "$18.99"}, {"title": "Construction Paper, Bright White, 12 inches x 18 inches, 50 sheets, heavyweight construction paper, crafts, art, kids art, painting, coloring, drawing paper, art project, all purpose (Item # 12CPWH)", "tags": "Washable Markers All Art Paper Tempera Paints Shop by Brand Sketchbooks and Pencils Paint Drawing", "relevancy_score": 1.1302639296187682, "price": "$2.34"}, {"title": "TOYIFY 6Pcs Hand Puppet Making Kit for Kids Art Craft Felt Sock Puppet Creative DIY Make Your Own Puppets Pompoms Wiggle Googly Eyes Storytelling Role Play Party Supplies for Girls Boys", "tags": "Classic Games Family All Board Toys for Kids 2 to 4 Years Fashion Dolls Barbie 5 7", "relevancy_score": 0.0, "price": "$35.72"}, {"title": "Ravel Tales DIY Collectible Plush Toy \u2013 Stuffed Animal Pet for Girls | Fun Surprise Crafts and Activities | Unravel Yarn to Find Collectible Plush and Craft Activities", "tags": "2 to 4 Years 8 11 Stuffed Animals for Girls 0-12 Months 12-24 Toys Kids 5 7 Boys", "relevancy_score": 166.30753246753247, "price": "$9.97"}, {"title": "Toyk Aqua Magic Mat - Kids Painting Writing Doodle Board Toy - Color Doodle Drawing Mat Bring Pens Educational Toys for Age 3 4 5 6 7 8 9 10 11 12 Year Old Girls Boys Age Toddler Gift Mult", "tags": "Costumes & Dress Up Housekeeping Toys Pretend Play for Boys Craft Kits Food Princess Tents", "relevancy_score": 22.576883116883117, "price": "$35.09"}, {"title": "Elmer's Metallic Liquid Glue, Great for Making Slime, Washable, Pink, 5 Ounces", "tags": "Elmer's Color-Changing Glues Colored Glue Glow-in-the-Dark Glitter Slime Kits Magical Liquid Activators Washable School", "relevancy_score": 5.130263929618768, "price": "$3.97"}, {"title": "smART Sketcher Projector, Gift for Kids, Ages 5+", "tags": "Electronic Toys Hair, Nail & Spa Biology for Kids Cool Maker Drawing Coloring 5 to 7 Years STEM Building All Jewelry Making Kits", "relevancy_score": 95.39474747474746, "price": "$49.55"}, {"title": "Nick Jr. PAW Patrol Deluxe Kids Art Table, Easel, Desk, Stool & Toy Organizer by Delta Children", "tags": "PJ Masks and Paw Patrol Play Kitchens Toys Step 2 Pretend Step2 PAW Playhouses & Furniture", "relevancy_score": 112.61282296650717, "price": "$54.99"}, {"title": "Colorbok 8.5\" x 11\" Neutral Basics Cardstock, 50 Count", "tags": "Kid Art Easels & Stations Spark Create Imagine Toys for 1 year old girls Craft Kits Play Dough Magna Doodle Glue Slime Children's Paint and Supplies", "relevancy_score": 57.40458498023715, "price": "$5.00"}, {"title": "The Beadery Wonder Loom Kit, Gift for Kids, Includes 600 Rubber Bands", "tags": "Costumes & Dress Up Hair, Nail Spa Toys Cool Maker Quilting Sewing Kits for Kids 5 to 7 Years Knitting Weaving Children's Paint and Supplies All Jewelry Making", "relevancy_score": 1276.4665699944228, "price": "$10.89"}, {"title": "Cra-Z-Art Nickelodeon JoJo Siwa Slime to Party Set", "tags": "Jojo Siwa Toys Hair, Nail & Spa Glitter Slime Cool Maker Nickelodeon DIY Kits Craft Pre-Made Shop", "relevancy_score": 41.00954545454545, "price": "$19.97"}, {"title": "Crayola BIN747291 3 Count Crayola Globbles", "tags": "Crayola Art Sets Toddler Gifts Kids Coloring Books Markers for Babies Children's", "relevancy_score": 24.850143540669855, "price": "$11.39"}, {"title": "DIY Slime Kit Supplies Kids \u2013 Ready Slimes Making Kits Craft for Girls Boys Children \u2013Set Includes Big Box, Glow Powder, Fluffy Slim, Clear Slime, Glitter, Egg Putty Fruit Slices, Fish", "tags": "Glitter Slime Nickelodeon Glow-in-the-Dark Clear SlimyGloop Craft Kits Crunchy Pre-Made Shop", "relevancy_score": 49.00954545454545, "price": "$24.99"}, {"title": "FloraCraft Slime Ballz 2 Cups White", "tags": "Photo Albums Other Clay Craft Kits for Kids Vase Fillers Feathers All Beading and Jewelry Making Trims & Embellishments White Beads", "relevancy_score": 5.130263929618768, "price": "$6.91"}, {"title": "Crayola Colored Drawing Chalk Sticks, 144 Count", "tags": "School Specialty Crayola Crayons Drawing Chalk Dixon Ticonderoga Outdoor Activities Teens & Adult Sidewalk", "relevancy_score": 117.6152380952381, "price": "$17.91"}, {"title": "Perler Fuse Beads Fun Fusion Multi-Mix, 22,000 Beads, 30 Colors", "tags": "Hair, Nail & Spa Toys Cool Maker Craft Kits Quilting Sewing for Kids 8 to 11 Years 5 7 Children's Paint and Supplies All Jewelry Making", "relevancy_score": 257.3607982261641, "price": "$19.99"}, {"title": "Sculpey III, 2 oz., Ballerina", "tags": "Play-Doh Kitchen Creations Sets Craft Kits Licensed Crayola Dough, Clay & Slime Toys for Kids 5 to 7 Years Compound", "relevancy_score": 49.48341463414634, "price": "$5.25"}, {"title": "Perler Fused Bead Bucket Kit-Emoji", "tags": "All Trolls Toys Craft Kits Quilting & Sewing for Kids 8 to 11 Years 5 7 Knitting Weaving Children's Paint and Supplies Jewelry Making", "relevancy_score": 6.252386363636363, "price": "$9.84"}, {"title": "Plaid 40645E Unpainted Wood Surface, Cigar Box, 1 Piece, 8.53\" x 8.13\" x 1.75\"", "tags": "Wood Burning & Engraving Supplies Craft Kits for Adults Art Pallets Canvas Panels Boards Jewelry Making Tools Wooden Letters Numbers", "relevancy_score": 50.35376623376623, "price": "$4.47"}, {"title": "YOU*niverse Galactic Gel Candles Kit", "tags": "Soap Making Kits Craft for Teens Kids Painting Crafts Jewelry All Beading and Scrapbooking Candle Tools", "relevancy_score": 48.88487603305785, "price": "$13.97"}, {"title": "The Beadery Wonder Loom Kit, Gift for Kids, Includes 600 Rubber Bands", "tags": "Costumes & Dress Up Hair, Nail Spa Toys Cool Maker Quilting Sewing Kits for Kids 5 to 7 Years Knitting Weaving Children's Paint and Supplies All Jewelry Making", "relevancy_score": 1276.4665699944228, "price": "$10.89"}, {"title": "Magic Pad, Illuminating Screen for Drawing, Sketching and Creating - As Seen on TV", "tags": "Lite Brite Drawing & Coloring Magna Doodle Etch-A-Sketch Magic Tracks Children's Paint and Supplies Tricks All Kids Jewelry Making Kits", "relevancy_score": 182.52386363636364, "price": "$14.12"}, {"title": "Nature Saver, NAT22302, Construction Paper, 50 / Pack, Black", "tags": "Washable Markers All Art Paper Tempera Paints Shop by Brand Sketchbooks and Pencils Paint Drawing", "relevancy_score": 25.576883116883117, "price": "$3.33"}, {"title": "Canson XL Sketch Pad, 9\" x 12\", 100 Sheets/Pad", "tags": "Mixed Media Paper Sketchbooks All Art and Watercolor Pencils Drawing Blenders Sketching", "relevancy_score": 40.850143540669855, "price": "$14.42"}, {"title": "Color Gel Pen Set 100-Count for Adult Coloring Scrapbooking Doodling Comic Animation by Artist Grade", "tags": "Hair, Nail & Spa Toys Cool Maker DIY Slime Kits Drawing Coloring for Kids 5 to 7 Years Pre-Made Shop Children's Paint and Supplies All Jewelry Making", "relevancy_score": 200.17865504358653, "price": "$24.97"}, {"title": "Cool Maker, Pottery Studio, Clay Pottery Wheel Craft Kit for Kids Aged 6 and up (Edition May Vary)", "tags": "Cooking & Baking Toys Costumes Dress Up Hair, Nail Spa Cool Maker Quilting Sewing Kits Art Supplies for Kids 5 to 7 Years All Jewelry Making", "relevancy_score": 439.9341112618725, "price": "$29.99"}, {"title": "Crayola Animal Coloring Book, Well Dressed Pets, 40 Pages", "tags": "Crayola Art Sets Craft Kits Coloring Books Character books Adult Classic Colored Pencils Children's Teens &", "relevancy_score": 18.47508021390374, "price": "$6.97"}, {"title": "YOU*niverse Crystal Growing Jewelry Kit", "tags": "Hair, Nail & Spa Toys Cool Maker DIY Slime Kits Quilting Sewing for Kids 8 to 11 Years 5 7 Children's Paint and Supplies All Jewelry Making", "relevancy_score": 42.91431818181818, "price": "$11.99"}, {"title": "Tara Toy Disney Princess Necklace Activity Set", "tags": "Princess Ariel Dolls All Disney Toys Cool Maker Rapunzel Frozen Arts & Craft Kits Kids Jewelry Making", "relevancy_score": 10.252386363636363, "price": "$14.99"}, {"title": "Strathmore Sketch Paper Pad, 200 Series, 9in x 12in, Tape-Bound", "tags": "Sketchbooks All Art Paper and Watercolor Pencils Drawing Blenders Sets Sketching", "relevancy_score": 5.130263929618768, "price": "$5.49"}, {"title": "Alex Toys Spa Hair Chalk Salon Craft Kit, 1 Each", "tags": "Costumes & Dress Up Jojo Siwa Toys Cool Maker Craft Kits for Kids 8 to 11 Years 5 7 Pre-Made Slime Shop All Jewelry Making", "relevancy_score": 166.30753246753247, "price": "$17.49"}, {"title": "The Beadery Wonder Loom Kit, Gift for Kids, Includes 600 Rubber Bands", "tags": "Costumes & Dress Up Hair, Nail Spa Toys Cool Maker Quilting Sewing Kits for Kids 5 to 7 Years Knitting Weaving Children's Paint and Supplies All Jewelry Making", "relevancy_score": 1276.4665699944228, "price": "$10.89"}, {"title": "Matesy Toys for 1 2 3 4 Year Old Girls Gifts, Kids Magnetic Drawing Board for Girls Birthday Gifts for 1 2 3 4 Year Old Girls Gifts Age 1-4, Doodle Board Drawing Pad for Toddler Girls Toys", "tags": "", "relevancy_score": 1.1302639296187682, "price": "$28.09"}, {"title": "The Big Fun Preschool Workbook: Build Skills and Confidence Through Puzzles and Early Learning Activities! (Paperback)", "tags": "Kid Art Easels & Stations Craft Kits Play Dough Magna Doodle Learning Books Etch-A-Sketch Glue for Slime Children's Paint and Supplies", "relevancy_score": 84.76061895551258, "price": "$8.29"}, {"title": "DISCOVERY #MINDBLOWN 2-In-1 Reversible Planetarium Space Projector \u2013 360-Degree Rotation \u2013 Moving Stars Mode and Stationary Viewfinder Mode", "tags": "Learning Playsets Leapfrog VTech Toys for Kids 2 to 4 Years Fisher-Price LeapFrog Math Fisher Price Pretend Play", "relevancy_score": 48.383414634146334, "price": "$19.97"}, {"title": "Crayola Glitter Dots Sparkle Station Craft Kit, Gift for Kids Ages 6+", "tags": "Hair, Nail & Spa Toys Frozen Arts Craft Kits Drawing Coloring for Kids 8 to 11 Years 5 7 Pre-Made Slime Shop Children's Paint and Supplies All Jewelry Making", "relevancy_score": 85.61282296650718, "price": "$13.80"}, {"title": "Crayola Multi-Cultural Colored Pencils, 12-Pencil Set", "tags": "Washable Markers Prismacolor Colored Pencils Construction Paper Faber-Castell Watercolor Classpacks and Bulk Crayons Shop by Brand", "relevancy_score": 21.576883116883117, "price": "$7.29"}, {"title": "Play-Doh Mysteries Disney Frozen 2 Snow Globe Playset, 5 Cans (6 oz)", "tags": "Frozen Dolls & Dollhouses Play-Doh Kitchen Creations All Toys Sets Play Dough Compound", "relevancy_score": 358.0733216783217, "price": "$14.99"}, {"title": "Cra-Z-Art Be Inspired Rainbow Water Bead Lava Lamp", "tags": "Cooking & Baking Toys Costumes Dress Up Hair, Nail Spa Be Inspired Craft Kits Quilting Sewing Art Supplies for Kids 8 to 11 Years 5 7", "relevancy_score": 13.267107438016527, "price": "$14.97"}, {"title": "Shut Up & Colour This Shit : A Swear Word Adult Colouring Book", "tags": "Plants & Animals Art Books Prayer Spiritual Mindfulness Meditation Papercrafts Crafts Hobbies Drawing General Language Arts Disciplines Coloring", "relevancy_score": 78.91431818181817, "price": "$6.99"}, {"title": "Pacon Multi-Cultural Construction Paper, 9\" x 12\"", "tags": "Washable Markers All Art Paper Tempera Paints Shop by Brand Sketchbooks and Pencils Water colors Colored", "relevancy_score": 5.130263929618768, "price": "$2.32"}, {"title": "SunWorks, PAC6517, Construction Paper, 50 / Pack, Assorted", "tags": "Washable Markers All Art Paper Tempera Paints Shop by Brand Sketchbooks and Paint Drawing Pom Poms", "relevancy_score": 31.563980343980347, "price": "$9.19"}, {"title": "The Beadery Wonder Loom Kit, Gift for Kids, Includes 600 Rubber Bands", "tags": "Costumes & Dress Up Hair, Nail Spa Toys Cool Maker Quilting Sewing Kits for Kids 5 to 7 Years Knitting Weaving Children's Paint and Supplies All Jewelry Making", "relevancy_score": 1276.4665699944228, "price": "$10.89"}, {"title": "(2 pack 8pcs) Slime 20132 Custom Series Black Anodized Valve Caps - 20132", "tags": "Maintenance Chemicals Adhesives & Sealants Tire Repair on Advance Auto Parts Shop Changing Tools Inflators Decorative Automotive Valve Stems and Caps Patching Kits", "relevancy_score": 17.67508021390374, "price": "$2.67"}, {"title": "Horizon Group Just My Style Bath Bomb Maker, 1 Each", "tags": "Jojo Siwa Toys Hair, Nail & Spa Cool Maker Be Inspired Craft Kits DIY Slime for Kids 8 to 11 Years Pre-Made Shop All Jewelry Making", "relevancy_score": 53.846060606060604, "price": "$10.00"}, {"title": "Crayola 8 Count Write Start Extra Thick Colored Pencils", "tags": "Crayola Colored Pencils Erasable Markers Washable Crayons Classic Dixon Ticonderoga Teens & Adult", "relevancy_score": 42.33188811188811, "price": "$3.99"}, {"title": "Sandtastik Play Sand, 25 Pound, Sparkling White", "tags": "All Sandboxes & Water Tables Plastic Sand Toys Wooden Kinetic Play", "relevancy_score": 173.25663101604277, "price": "$27.95"}, {"title": "Melissa & Doug Decorate-Your-Own Wooden Jewelry Box Craft Kit", "tags": "Hair, Nail & Spa Toys Cool Maker Melissa Doug Drawing Coloring for Kids 8 to 11 Years 5 7 Children's Paint and Supplies All Jewelry Making Kits", "relevancy_score": 41.78341463414634, "price": "$9.99"}, {"title": "Cra-Z-Art Nickelodeon Slime Kit, Crunchy Slime", "tags": "Glitter Slime Nickelodeon Clear SlimyGloop Craft Kits Crunchy Unicorn Pre-Made Shop", "relevancy_score": 29.46398034398034, "price": "$4.94"}, {"title": "FunzBo Arts and Crafts Supplies for Kids - Craft Art Supply Kit for Toddlers Age 4 5 6 7 8 9 - All in One D.I.Y. Crafting Collage Arts Set for Kids Large", "tags": "Family Games Toys for Kids 2 to 4 Years Craft Kits Drawing & Coloring 8 11 5 7 Children's Paint and Supplies", "relevancy_score": 1.1302639296187682, "price": "$24.09"}, {"title": "Colorbok 12\" Glitter Glacier Paper Pad, 10 Piece", "tags": "Kid Art Easels & Stations Craft Kits Play Dough Magna Doodle Etch-A-Sketch Glue for Slime Toys Kids 5 to 7 Years Children's Paint and Supplies", "relevancy_score": 25.650143540669855, "price": "$5.00"}, {"title": "Melissa & Doug Colors and Shapes Coloring and Sticker Activity Pad", "tags": "Pogo Sticks, Hoppers & Hoops Kid Art Easels Stations All Frozen Toys Melissa Doug Craft Kits Magna Doodle for Kids 12 Years Up Children's Paint and Supplies", "relevancy_score": 20.47508021390374, "price": "$4.99"}, {"title": "Crayola Color Wonder Scented Light Up Stamper with Scented Inks, Ages 3+", "tags": "Play-Doh Kitchen Creations Sets Frozen Arts & Craft Kits Drawing Coloring Play Dough Toys for Kids 5 to 7 Years Children's Paint and Supplies", "relevancy_score": 194.30753246753247, "price": "$14.88"}, {"title": "The Beadery Wonder Loom Kit, Gift for Kids, Includes 600 Rubber Bands", "tags": "Costumes & Dress Up Hair, Nail Spa Toys Cool Maker Quilting Sewing Kits for Kids 5 to 7 Years Knitting Weaving Children's Paint and Supplies All Jewelry Making", "relevancy_score": 1276.4665699944228, "price": "$10.89"}, {"title": "Strathmore Kids Drawing Paper Pad, 9in x 12in", "tags": "Construction Paper Newsprint All Art Sketchbooks and Watercolor Drawing Blenders Sets Children's Coloring Books", "relevancy_score": 22.576883116883117, "price": "$9.30"}, {"title": "Play-Doh Fun Tub with 5 Cans of Dough & 20+ Tools (MultiColor)", "tags": "Play-Doh Kitchen Creations Toys for Kids 2 to 4 Years Sets Licensed 5 7 Compound Play Sand", "relevancy_score": 69.88487603305786, "price": "$14.99"}, {"title": "Play-Doh Slime HydroGlitz Slime 6CT of Gold, Silver and Bronze (48 oz of slime)", "tags": "Glitter Slime Play-Doh Kitchen Creations Cloud Sets Play Dough Compound Fluffy", "relevancy_score": 87.06582560296846, "price": "$5.00"}, {"title": "Elmer's Craft Bond Fabric Glue, 4 oz.", "tags": "Activators for Slime Glitter VTech Toys Playground Balls Bubbles Puddle Jumpers DIY Kits Pre-Made Shop", "relevancy_score": 62.88487603305786, "price": "$7.81"}, {"title": "Crayola Round Natural Camel Hair Polished Wood Handle Watercolor Paint Brush, Size 7, Black", "tags": "All Art Paper Tempera Paints Sketchbooks and Watercolor Mixing Palettes & Trays Water colors Paint Drawing", "relevancy_score": 43.004584980237155, "price": "$2.09"}, {"title": "Magnetic Drawing Board Kids Magna Doodle Erasable Writing Sketch Board Pad", "tags": "Learning Playsets Fisher-Price Doodle Pro Toys for Kids 2 to 4 Years Craft Kits Magna Etch-A-Sketch Fisher Price Preschool", "relevancy_score": 39.25014354066985, "price": "$19.99"}, {"title": "Fisher-Price Storybots Slide Writer, Magnetic Drawing Board", "tags": "", "relevancy_score": 97.61527272727272, "price": "$19.97"}, {"title": "Daler-Rowney Simply Hardbound Sketchbook, 5.5\" x 8.5\" Soft White Pages, 65 lb, 80 Sheet", "tags": "Kid Art Easels & Stations Craft Kits Play Dough Magna Doodle Etch-A-Sketch Glue for Slime Toys Kids 5 to 7 Years Children's Paint and Supplies", "relevancy_score": 91.61527272727272, "price": "$4.97"}, {"title": "Puptacular Rescues! (Paw Patrol) (Paperback)", "tags": "Kid Art Easels & Stations Craft Kits Play Dough Magna Doodle Learning Software Etch-A-Sketch Glue for Slime Children's Paint and Supplies", "relevancy_score": 3.130263929618768, "price": "$5.49"}, {"title": "Poopsie Slime Surprise Drop 4 Fast Food with Two D.I.Y. Slimes", "tags": "Glitter Slime Compound Kings Num Noms DIY Kits So Crunchy Unicorn Pre-Made Shop", "relevancy_score": 3.130263929618768, "price": "$9.88"}, {"title": "The Beadery Wonder Loom Kit, Gift for Kids, Includes 600 Rubber Bands", "tags": "Costumes & Dress Up Hair, Nail Spa Toys Cool Maker Quilting Sewing Kits for Kids 5 to 7 Years Knitting Weaving Children's Paint and Supplies All Jewelry Making", "relevancy_score": 1276.4665699944228, "price": "$10.89"}, {"title": "Deluxe Art Set", "tags": "Hair, Nail & Spa Toys Magformers DIY Slime Kits Play Dough for Kids 5 to 7 Years Pre-Made Shop Children's Paint and Supplies All Jewelry Making", "relevancy_score": 10.252386363636363, "price": "$16.45"}, {"title": "Crayola Washable Kids' Paint Set, 10-Colors, Neon", "tags": "Art Brushes Finger Paints All Paper Tempera Sketchbooks and Craft Paint Sets", "relevancy_score": 152.4842228739003, "price": "$14.99"}, {"title": "Construction Paper, Gray, 9 inches x 12 inches, 50 sheets, heavyweight construction paper, crafts, art, kids art, painting, coloring, drawing paper, art project, all purpose (Item # 9CPGY)", "tags": "Classic Games Family All Board Toys for Kids 2 to 4 Years Fashion Dolls Barbie 5 7", "relevancy_score": 0.0, "price": "$1.18"}, {"title": "Daler-Rowney Simply Hardbound Sketchbook, 4\" x 6\" Soft White Pages, 45 lb, 110 Sheet", "tags": "Kid Art Easels & Stations Craft Kits Play Dough Magna Doodle Toys for Kids 12 Years Up Etch-A-Sketch Glue Slime Children's Paint and Supplies", "relevancy_score": 39.00954545454545, "price": "$3.47"}, {"title": "Melissa & Doug My First Paint with Water Coloring Book, Vehicles, 24 Painting Pages", "tags": "Trains & Train Sets Melissa and Doug Puzzles Thomas the Toys Craft Kits Friends TrackMaster Children's Paint Supplies", "relevancy_score": 58.75376623376623, "price": "$4.99"}, {"title": "Crayola Modeling Clay Set", "tags": "Play-Doh Sets Drawing & Coloring Glue for Slime Crayola Dough, Clay Pre-Made Shop Compound Children's Paint and Supplies", "relevancy_score": 25.873030303030305, "price": "$3.99"}, {"title": "Ktaxon All-in-One Multifunction Double Sided Creative Magnetic White/Black Boards Wooden Kid's Art Education Easel with Accessories", "tags": "Costumes & Dress Up Housekeeping Toys KidKraft Melissa Doug Drawing Coloring Math for Kids Playhouses Furniture Children's Paint and Supplies", "relevancy_score": 29.4730303030303, "price": "$39.99"}, {"title": "Num Noms Series 2 & 3 Mystery Pack", "tags": "Cooking & Baking Toys Num Noms for age 2-4 girls Gifts 4 year old girl 2 3 Toddler Girl", "relevancy_score": 19.67508021390374, "price": "$4.75"}, {"title": "Creativity for Kids Make Your Own Unicorn Purse", "tags": "All Disney Toys Hair, Nail & Spa Cool Maker Quilting Sewing Kits for Kids 8 to 11 Years 5 7 Children's Paint and Supplies Jewelry Making", "relevancy_score": 146.01909090909092, "price": "$13.59"}, {"title": "Slime Containers with Water-tight Lids (8 oz, 12 Pack) - Clear Plastic Food Storage Jars with Individual Labels- Great for your slime kit - BPA Free", "tags": "", "relevancy_score": 24.576883116883117, "price": "$14.99"}, {"title": "The Beadery Wonder Loom Kit, Gift for Kids, Includes 600 Rubber Bands", "tags": "Costumes & Dress Up Hair, Nail Spa Toys Cool Maker Quilting Sewing Kits for Kids 5 to 7 Years Knitting Weaving Children's Paint and Supplies All Jewelry Making", "relevancy_score": 1276.4665699944228, "price": "$10.89"}, {"title": "Play-Doh Scents 3-Pack of Scented Dough: Cookie, Cupcake, & Popcorn", "tags": "Play-Doh Kitchen Creations Sets Slime Play Dough Licensed Toys for Kids 5 to 7 Years Compound Sand", "relevancy_score": 80.71431818181819, "price": "$3.96"}, {"title": "Barbie National Geographic Photojournalist Doll with Accessories", "tags": "Barbie Careers National Geographic Toys Sisters, Friends, & Pets Fashion Dolls All Fashionistas Doll Playsets", "relevancy_score": 66.22084566596195, "price": "$12.74"}, {"title": "Strathmore 200 Series Mixed Media Side Wire Artist Notebook, 75 lb., 9\" x 12\", 60 Sheets", "tags": "Mixed Media Paper Sketchbooks All Art and Watercolor Drawing Blenders Canvas Vellum", "relevancy_score": 10.252386363636363, "price": "$7.00"}, {"title": "Frozen II Wooden Activity Easel with Storage by Delta Children", "tags": "Kid Art Easels & Stations Housekeeping Toys Play Vanities Slides All Frozen Drawing Coloring Playhouses Furniture", "relevancy_score": 84.76061895551258, "price": "$39.99"}, {"title": "Creative Haven Coloring Books: Country Scenes Coloring Book (Paperback)", "tags": "Kid Art Easels & Stations Craft Kits Play Dough Magna Doodle Etch-A-Sketch Glue for Slime Toys Kids 5 to 7 Years Children's Paint and Supplies", "relevancy_score": 118.87487012987013, "price": "$5.99"}, {"title": "ALEX Toys Craft Loop N Loom Refill Loops", "tags": "Costumes & Dress Up Hair, Nail Spa Toys Be Inspired Craft Kits Melissa Doug Quilting Sewing for Kids 8 to 11 Years Knitting Weaving All Jewelry Making", "relevancy_score": 46.720845665961946, "price": "$13.95"}, {"title": "Delta Children Rainbow Dreams Wooden Activity Easel with Storage - Ideal for Arts & Crafts, Drawing, Homeschooling and More", "tags": "Costumes & Dress Up Housekeeping Toys Pretend Play for Boys Melissa Doug Craft Kits Drawing Coloring Playhouses Furniture", "relevancy_score": 199.75560606060606, "price": "$39.99"}, {"title": "Sargent Art Jumbo Sidewalk Chalk, Bold Tip, Assorted Colors, Pack of 30", "tags": "Kid Art Easels & Stations Melissa Doug Toys Craft Kits Play Dough Magna Doodle Etch-A-Sketch Glue for Slime Children's Paint and Supplies", "relevancy_score": 42.33188811188811, "price": "$14.02"}, {"title": "Creative Haven Coloring Books: Creative Haven Fanciful Sea Life Coloring Book (Paperback)", "tags": "Kid Art Easels & Stations Craft Kits Play Dough Magna Doodle Etch-A-Sketch Glue for Slime Toys Kids 5 to 7 Years Children's Paint and Supplies", "relevancy_score": 47.28341463414634, "price": "$5.79"}, {"title": "Toysmith Paint A Bird Base (House) Craft Kit", "tags": "DIY Bath & Spa Kits Craft for Teens Adults Kids Art Sets Acrylic Paints Scrapbooking", "relevancy_score": 5.130263929618768, "price": "$14.99"}, {"title": "The Beadery Wonder Loom Kit, Gift for Kids, Includes 600 Rubber Bands", "tags": "Costumes & Dress Up Hair, Nail Spa Toys Cool Maker Quilting Sewing Kits for Kids 5 to 7 Years Knitting Weaving Children's Paint and Supplies All Jewelry Making", "relevancy_score": 1276.4665699944228, "price": "$10.89"}, {"title": "Frozen 2 Necklace Activity Set", "tags": "All Disney Toys Frozen Dolls & Dollhouses Hair, Nail Spa Games Puzzles Arts Craft Kits Kids Jewelry Making", "relevancy_score": 76.60458498023715, "price": "$13.93"}, {"title": "Play-Doh Poop Troop Set with 12 Cans Play-Doh, Ages 3 and up", "tags": "Family Games Play-Doh Kitchen Creations Sets Craft Kits Play Dough Licensed Toys for Kids 5 to 7 Years Compound", "relevancy_score": 139.6842228739003, "price": "$8.04"}, {"title": "Mega Construx Breakout Beasts 2-in-1 Fusion Beast Construction Set with 2 Buildable Figures, Slime for Kids", "tags": "Pokemon Building Sets for Boys Collectible Novelty Other Blocks All Play Halo Action Figures Pre-Made Slime Shop", "relevancy_score": 5.130263929618768, "price": "$16.27"}, {"title": "Household Essentials Clothespins Birch 96pc", "tags": "Hair, Nail & Spa Toys Cool Maker DIY Slime Kits Drawing Coloring for Kids 5 to 7 Years Pre-Made Shop Children's Paint and Supplies All Jewelry Making", "relevancy_score": 12.367107438016529, "price": "$8.06"}, {"title": "Joyful Designs Adult Coloring Book (31 Stress-Relieving Designs) (Paperback)", "tags": "Kid Art Easels & Stations Craft Kits Play Dough Magna Doodle Etch-A-Sketch Glue for Slime Toys Kids 5 to 7 Years Children's Paint and Supplies", "relevancy_score": 78.91431818181817, "price": "$6.46"}, {"title": "Melissa & Doug Fashion Design Art Activity Kit", "tags": "Cool Maker Frozen Arts & Craft Kits Melissa Doug Toys Drawing Coloring Art Supplies for Kids 5 to 7 Years Children's Paint and All Jewelry Making", "relevancy_score": 78.20458498023714, "price": "$12.99"}, {"title": "Creative Haven Coloring Books: Creative Haven Magnificent Mermaids Coloring Book (Paperback)", "tags": "Kid Art Easels & Stations Craft Kits Play Dough Magna Doodle Etch-A-Sketch Glue for Slime Toys Kids 5 to 7 Years Children's Paint and Supplies", "relevancy_score": 7.252386363636363, "price": "$4.89"}, {"title": "Play-Doh Putty Cosmonium Galaxy Putty for Kids, 3.2-Ounce", "tags": "Pink Slime Play-Doh Glitter Cloud Pre-Made Shop Compound Fluffy", "relevancy_score": 88.96582560296845, "price": "$9.99"}, {"title": "Crayola Non-Washable Classpack Markers, Fine Point, 10 Colors, Pack of 200", "tags": "Sewing Scissors & Shears Classpacks and Bulk Crayons Shop Markers by Brand Art Sketchbooks Paper Pencils All Paint Construction Colored", "relevancy_score": 20.47508021390374, "price": "$40.56"}, {"title": "Grafix Shrink Film 8.5\"X11\" 50/Pkg-White", "tags": "Kid Art Easels & Stations Craft Kits Play Dough Magna Doodle Etch-A-Sketch Glue for Slime Toys Kids 5 to 7 Years Children's Paint and Supplies", "relevancy_score": 5.130263929618768, "price": "$23.63"}, {"title": "The Beadery Wonder Loom Kit, Gift for Kids, Includes 600 Rubber Bands", "tags": "Costumes & Dress Up Hair, Nail Spa Toys Cool Maker Quilting Sewing Kits for Kids 5 to 7 Years Knitting Weaving Children's Paint and Supplies All Jewelry Making", "relevancy_score": 1276.4665699944228, "price": "$10.89"}, {"title": "Aqua Magic Doodle Mat, 40 x 32 inch Large Water Writing Drawing Doodle Mat with 29 Accessories, Educational Toys Gifts for Girls Boys Kids Toddlers", "tags": "Kid Art Easels & Stations Craft Kits Play Dough Magna Doodle Etch-A-Sketch Glue for Slime Toys Kids 5 to 7 Years Children's Paint and Supplies", "relevancy_score": 4.130263929618768, "price": "$25.79"}, {"title": "Play-Doh Builder Ice Cream Stand Kit, Ages 5 and up", "tags": "Play-Doh Sets So Slime DIY Kinetic Sand Kit PAW Patrol Toys Compound Play", "relevancy_score": 94.0627807486631, "price": "$9.97"}, {"title": "National Geographic Glow-in-the-Dark Crystal Kit", "tags": "", "relevancy_score": 36.05014354066986, "price": "$9.92"}, {"title": "L.O.L. Surprise! Glitter Glam Bag", "tags": "Collectible Dolls SlimyGloop Slime LOL Surprise Eye Spy Drawing & Coloring Pets Children's Paint and Supplies All Kids Jewelry Making Kits", "relevancy_score": 18.47508021390374, "price": "$8.99"}, {"title": "Zimtown 13\" x 10\" Portable Folding Wooden Table Top Drawing Easel Board with Artist Drawer Box for Storage, Display Painting, Perfect for Children", "tags": "Learning Accessories Playsets Melissa & Doug Toys Drawing Coloring Play Dough Math for Kids 12 Years Up Children's Paint and Supplies", "relevancy_score": 40.05014354066986, "price": "$18.98"}, {"title": "Melissa & Doug My First Sidewalk Chalk Set With Holders - 4 Chalk Sticks and 4 Holders", "tags": "Hair, Nail & Spa Toys Melissa Doug DIY Slime Kits Drawing Coloring for Kids 5 to 7 Years Pre-Made Shop Children's Paint and Supplies All Jewelry Making", "relevancy_score": 53.883414634146334, "price": "$4.99"}, {"title": "Easy-Bake Refill Super Pack", "tags": "Shop Toys by Price Easy-Bake Oven Jojo Siwa Dolls & Dollhouses DIY Food Fashion Fisher Pretend Play My Life As Playsets", "relevancy_score": 200.4010810810811, "price": "$39.90"}, {"title": "Cra-Z-Art Softee Dough Rainbow Pizza Modeling Compound Activity Set", "tags": "", "relevancy_score": 5.130263929618768, "price": "$5.00"}, {"title": "Play-Doh Animal Crew Sherrie Shearin' Sheep, Includes 4 Cans (MultiColor)", "tags": "Play-Doh Kitchen Creations Sets Slime Play Dough Licensed PAW Patrol Toys Compound Sand", "relevancy_score": 126.67487012987013, "price": "$14.99"}, {"title": "EECOO Wooden Kid's Art Easel with Accessories, All-in-One Wooden Kid's Art Easel with Accessories", "tags": "Costumes & Dress Up Housekeeping Toys KidKraft Melissa Doug Drawing Coloring Math for Kids Playhouses Furniture Children's Paint and Supplies", "relevancy_score": 4.130263929618768, "price": "$50.42"}, {"title": "The Beadery Wonder Loom Kit, Gift for Kids, Includes 600 Rubber Bands", "tags": "Costumes & Dress Up Hair, Nail Spa Toys Cool Maker Quilting Sewing Kits for Kids 5 to 7 Years Knitting Weaving Children's Paint and Supplies All Jewelry Making", "relevancy_score": 1276.4665699944228, "price": "$10.89"}, {"title": "Sax 60 lb Drawing Paper, White, Ream of 500 Sheets", "tags": "Mixed Media Paper Construction Newsprint All Art Sketchbooks and Watercolor Drawing Blenders Sets", "relevancy_score": 73.40458498023715, "price": "$18.49"}, {"title": "LOFEE Magna Doodle Etch a Sketch Present for 1 2 3 4 Year Old Girl,Magnetic Drawing Board Gift for 2 3 4 Year Old Girl Toy Age 1 2 3 Birthday Gift for 2 3 4 Year Old Girls Small Toys for T", "tags": "Science & Education Housekeeping Toys Pretend Play for Boys Craft Kits Magna Doodle Etch-A-Sketch Princess Tents", "relevancy_score": 9.252386363636363, "price": "$19.58"}, {"title": "Paint Your Own Porcelain Vases - Creative Activities - 3 Pieces", "tags": "Hair, Nail & Spa Toys Cool Maker Melissa Doug Quilting Sewing Kits for Kids 8 to 11 Years 5 7 Children's Paint and Supplies All Jewelry Making", "relevancy_score": 45.00954545454545, "price": "$19.99"}, {"title": "Crayola Washable Kids' Paint Set, 6-Colors", "tags": "Crayola Art Sets Finger Paint Watercolor Markers Classpack and Painting Tools Crayons Brushes Tempera", "relevancy_score": 158.54528409090906, "price": "$9.84"}, {"title": "POOF 48pcs Sidewalk Chalk", "tags": "Kid Art Easels & Stations Craft Kits Play Dough Magna Doodle Etch-A-Sketch Glue for Slime Toys Kids 5 to 7 Years Children's Paint and Supplies", "relevancy_score": 39.25014354066985, "price": "$11.99"}, {"title": "Crayola Art Chalk Set, 24-Colors", "tags": "Kid Art Easels & Stations Craft Kits Play Dough Magna Doodle Etch-A-Sketch Glue for Slime Toys Kids 5 to 7 Years Children's Paint and Supplies", "relevancy_score": 66.16582560296845, "price": "$8.29"}, {"title": "The King's Book of Numerology: The King's Book of Numerology 5 (Paperback)", "tags": "Family Games All Board 0-12 Months Party Toys for Kids 12 Years & Up Stuffed Animals Boys Adult", "relevancy_score": 0.0, "price": "$30.00"}, {"title": "Elmer's Crunchy Slime Kit: Supplies Include Metallic & Clear Liquid Glue, Crunchy Magical Liquid Activator, 4 Count", "tags": "Glitter Slime Nickelodeon Glow-in-the-Dark Clear DIY Kits Crunchy Glue for Pre-Made Shop", "relevancy_score": 17.576883116883117, "price": "$12.47"}, {"title": "Breyer Classics Unicorn Paint Kit Paint Craft Kit (1:12 Scale)", "tags": "Sewing Kits Craft for Teens Adults Kids Art & Water colors Sets Scrapbooking", "relevancy_score": 3.130263929618768, "price": "$12.88"}, {"title": "Gymax 8'' Heavy Duty Kids Ride-on Sand Dumper Front Tipping w 4 Wheels Sand Toy Gift", "tags": "All Sandboxes & Water Tables Toys for 2 year old boys Gifts 4 boy 3 Toddler Boy Climbers Play Sand", "relevancy_score": 0.0, "price": "$37.99"}, {"title": "The Beadery Wonder Loom Kit, Gift for Kids, Includes 600 Rubber Bands", "tags": "Costumes & Dress Up Hair, Nail Spa Toys Cool Maker Quilting Sewing Kits for Kids 5 to 7 Years Knitting Weaving Children's Paint and Supplies All Jewelry Making", "relevancy_score": 1276.4665699944228, "price": "$10.89"}, {"title": "Melissa & Doug Lacing Beads in a Box", "tags": "Wooden Toys Melissa and Doug Puzzles Wood All Blocks & Math for Kids", "relevancy_score": 102.46278074866309, "price": "$12.99"}, {"title": "4M Magnetic Tile Art Multi-Colored", "tags": "Science & Education Geology Toys for Kids Biology Technology Quilting Sewing Kits 5 to 7 Years Physics Children's Paint and Supplies", "relevancy_score": 121.47487012987013, "price": "$10.99"}, {"title": "Oracal 651 Glossy Permanent Vinyl 12 Inch x 6 Feet - Metallic Silver Grey", "tags": "Iron-On Die Cutting Tools & Accessories Craft Tape Oracal Vinyl Adhesives Glues Cricut Adhesive", "relevancy_score": 0.0, "price": "$7.49"}, {"title": "ARTEZA Coloring Book, Mandala Illustrations, 72 Sheets", "tags": "Kid Art Easels & Stations Craft Kits Play Dough Magna Doodle Etch-A-Sketch Glue for Slime Toys Kids 5 to 7 Years Children's Paint and Supplies", "relevancy_score": 61.153766233766234, "price": "$8.99"}, {"title": "Crayola Mandala Coloring Book, Mindful Meditations, 40 Premium Coloring Pages, Gift, Multicolor", "tags": "Kid Art Easels & Stations Craft Kits Play Dough Magna Doodle Etch-A-Sketch Glue for Slime Toys Kids 5 to 7 Years Children's Paint and Supplies", "relevancy_score": 29.4730303030303, "price": "$14.41"}, {"title": "Elmer's Cosmic Liquid Glue, Makes Slime That Shimmers, Red and Orange Colors, 5 oz.", "tags": "Activators for Slime Pink Glitter Glow-in-the-Dark Clear DIY Kits Drawing & Coloring Pre-Made Shop", "relevancy_score": 4.130263929618768, "price": "$5.56"}, {"title": "SET/LOT OF 3000 Pcs DIY LOOM RUBBER BANDS 600 pc 5 Bags Clips rainbow Colors GLOW IN DARK GLITTER METALLIC TIE DYE PLAIN NEON COLOR", "tags": "Costumes & Dress Up Cool Maker Be Inspired Craft Kits Quilting Sewing Art Supplies Knitting Weaving All Kids Jewelry Making", "relevancy_score": 72.11282296650718, "price": "$10.99"}, {"title": "ZIPIT Monster Pencil Case Special Edition, Rainbow", "tags": "Pencil Grips Boxes Shop School Supplies by Color Erasers & Pen Office Bulk Buys Wooden and #2 Pencils Pocket Folders Kids Scissors", "relevancy_score": 213.60108108108108, "price": "$8.03"}, {"title": "Therapy Play Sand - Beach - 25 lb. Box", "tags": "All Sandboxes & Water Tables Plastic Sandbox Sand Kinetic Bulk Play", "relevancy_score": 10.252386363636363, "price": "$37.95"}, {"title": "Elmer's Squeeze N Brush, 1 Each", "tags": "Play-Doh Craft Kits Drawing & Coloring Play Dough Toys for Kids 8 to 11 Years Glue Slime 5 7 All Jewelry Making", "relevancy_score": 0.0, "price": "$15.19"}, {"title": "The Beadery Wonder Loom Kit, Gift for Kids, Includes 600 Rubber Bands", "tags": "Costumes & Dress Up Hair, Nail Spa Toys Cool Maker Quilting Sewing Kits for Kids 5 to 7 Years Knitting Weaving Children's Paint and Supplies All Jewelry Making", "relevancy_score": 1276.4665699944228, "price": "$10.89"}, {"title": "Jillibean Soup 16\" x 20\" Mix Media Panel, 1 Each", "tags": "Wood Burning & Engraving Supplies Matting Mounting Board Frame Sections Parts Pallets Canvas Panels Boards Craft Art Easels Stretched", "relevancy_score": 21.576883116883117, "price": "$16.54"}, {"title": "Rainbow Loom Jelly Mix Confetti Rubber Bands Refill Pack [600 ct]", "tags": "", "relevancy_score": 0.0, "price": "$6.99"}, {"title": "Perler 11000 Bead Jar-Multi", "tags": "Pool Pump Motors Craft Kits Quilting & Sewing Crunchy Slime Toys for Kids 8 to 11 Years 5 7 Children's Paint and Supplies All Jewelry Making", "relevancy_score": 50.00954545454545, "price": "$12.97"}, {"title": "Elmer's Carpenter's Wood Glue MAX, 8 fl oz", "tags": "Picture Hangers Caulk & Sealants All Hooks Glues and Epoxy Flex Seal Duct Tape Core Building Supplies Clearance Shelf", "relevancy_score": 56.35376623376623, "price": "$8.53"}, {"title": "IllumiPeg Holiday refill templates for Lite Brite Ultimate Classic (10 sheets, 7x8)", "tags": "Learning Playsets Lite Brite Hair, Nail & Spa Toys Drawing Coloring Math for Kids Art Supplies Etch-A-Sketch All Jewelry Making Kits", "relevancy_score": 20.47508021390374, "price": "$8.99"}, {"title": "Disney Frozen 2 Queen Iduna's Knitted Shawl, DIY Crochet Kit for Kids, Includes Acrylic Yarn and Magical Frozen 2 Embellishments", "tags": "Frozen Dolls Games & Puzzles All Toys Arts Craft Kits Quilting Sewing Art Supplies Knitting Weaving Kids Jewelry Making", "relevancy_score": 5.130263929618768, "price": "$12.50"}, {"title": "Squoosh-O's Rainbow Crunch Stress Ball Kit, 1 Each", "tags": "Glitter Slime Compound Kings SlimyGloop Craft Kits Unicorn Pre-Made Shop Children's Paint and Supplies All Kids Jewelry Making", "relevancy_score": 16.86398034398034, "price": "$14.99"}, {"title": "Play-Doh Disney Pixar Toy Story Buzz Lightyear Set with 5 Cans (6 oz)", "tags": "Toy Story Games & Puzzles Building Sets All Characters Buzz Lightyear Plush Lego Action Figures", "relevancy_score": 49.00954545454545, "price": "$14.99"}, {"title": "Melissa & Doug On the Go Water Wow! Connect the Dots Farm Activity Pad (The Original Reusable Coloring Book, Refillable Water Pen, Great Gift for Girls & Boys - Best for 3, 4, 5, 6, and 7 Year Olds)", "tags": "Housekeeping Toys Hair, Nail & Spa Melissa Doug DIY Slime Kits Drawing Coloring Learning Books Children's Paint and Supplies All Kids Jewelry Making", "relevancy_score": 54.98341463414634, "price": "$4.99"}, {"title": "Art With Edge Spongebob Squarepants Adult Coloring Book", "tags": "Crayola Art Sets Toddler Craft Kits Coloring Books Character books Adult Children's Teens &", "relevancy_score": 17.67508021390374, "price": "$12.55"}, {"title": "The Beadery Wonder Loom Kit, Gift for Kids, Includes 600 Rubber Bands", "tags": "Costumes & Dress Up Hair, Nail Spa Toys Cool Maker Quilting Sewing Kits for Kids 5 to 7 Years Knitting Weaving Children's Paint and Supplies All Jewelry Making", "relevancy_score": 1276.4665699944228, "price": "$10.89"}, {"title": "Poopsie Slime Surprise!", "tags": "Top Rated Toys by Kids Collectible Dolls Glitter Slime Num Noms LOL Surprise DIY Kits Unicorn Pre-Made Shop", "relevancy_score": 5.130263929618768, "price": "$14.99"}, {"title": "Play-Doh Pre-School Fundamentals Box Set with 10 Cans & 50+ Tools", "tags": "Play-Doh Kitchen Creations Toys for Kids 2 to 4 Years Sets Play Dough Math Licensed 5 7 Compound", "relevancy_score": 57.55376623376624, "price": "$24.99"}, {"title": "Poopsie Slime Surprise Unicorn: Dazzle Darling or Whoopsie Doodle", "tags": "Top Rated Toys by Kids Collectible Dolls LOL Surprise O.M.G Glitter Slime Unicorn Pre-Made Shop", "relevancy_score": 240.80200371057515, "price": "$69.98"}, {"title": "So Slime! Premade Tie-Dye Slime Kit Washing Machine Kit", "tags": "", "relevancy_score": 0.0, "price": "$24.99"}, {"title": "So Slime DIY 3-Pack of Color-Changing Slime Shakers", "tags": "Pink Slime Glitter Nickelodeon Glow-in-the-Dark Compound Kings DIY Kits So Unicorn", "relevancy_score": 5.130263929618768, "price": "$9.99"}, {"title": "Crayola Original Silly Putty 1 ea (Pack of 3)", "tags": "Crayola Art Sets Colored Pencils Craft Kits Markers Washable Classic Crayons Teens & Adult", "relevancy_score": 0.0, "price": "$6.33"}, {"title": "Sharpie Clear View Highlighters, Chisel Tip, Fluorescent Yellow, 3 Pack", "tags": "Shop Pens by Pen Point Style Mechanical Pencils Dry Erase Markers Glue Sticks School Supplies Color Ballpoint Pocket Folders Filler Paper", "relevancy_score": 8.252386363636363, "price": "$10.04"}, {"title": "Classic Etch A Sketch", "tags": "Electronic Games Fisher-Price Doodle Pro PJ Masks Toys for Kids 2 to 4 Years Craft Kits Magna Etch-A-Sketch", "relevancy_score": 30.673030303030302, "price": "$19.95"}, {"title": "Compound Kings Avalanche Crunchy Slime 4-Pack, (3.7lbs)", "tags": "Father's Day Electronics Connected Dorm Room Shop All Glass Mother's Gifts Audio Tax Free for Grads Back to School Home Visual", "relevancy_score": 95.39474747474746, "price": "$19.99"}, {"title": "Crayola BIN45864 Crayola Color & Sticker Frozen 2", "tags": "Crayola Art Sets Coloring Books Character books Markers Washable Crayons Children's Teens & Adult", "relevancy_score": 5.130263929618768, "price": "$4.77"}, {"title": "The Beadery Wonder Loom Kit, Gift for Kids, Includes 600 Rubber Bands", "tags": "Costumes & Dress Up Hair, Nail Spa Toys Cool Maker Quilting Sewing Kits for Kids 5 to 7 Years Knitting Weaving Children's Paint and Supplies All Jewelry Making", "relevancy_score": 1276.4665699944228, "price": "$10.89"}, {"title": "Assorted Arts and Crafts Supplies for Kids Girls Ages 4 5 6 7 8 9 Pipe Cleaners,Pom poms Craft Art Sets,All in One D.I.Y.Crafting Collage Arts Pack,Crafts Set for School Projects DIY Activities", "tags": "", "relevancy_score": 0.0, "price": "$20.35"}, {"title": "SlimyGloop Make Your Own Galaxy Slime Kit, 1 Each", "tags": "Pink Slime Glitter Nickelodeon SlimyGloop Craft Kits Crunchy Unicorn Pre-Made Shop", "relevancy_score": 101.25219076005962, "price": "$9.87"}, {"title": "Crayola Watercolor Pencil Set, 24-Colors", "tags": "Crayola Colored Pencils Arteza Erasable Prismacolor Markers Signature Classic Teens & Adult", "relevancy_score": 35.76398034398034, "price": "$11.91"}, {"title": "Mini Happy Birthday Coloring Sets - 12 Count", "tags": "Kid Art Easels & Stations Craft Kits Play Dough Magna Doodle Etch-A-Sketch Glue for Slime Toys Kids 5 to 7 Years Children's Paint and Supplies", "relevancy_score": 0.0, "price": "$10.49"}, {"title": "Spirograph Deluxe Retro Kit-", "tags": "Kid Art Easels & Stations Learning Playsets Lite Brite Craft Kits Magna Doodle Etch-A-Sketch Toys for Kids 5 to 7 Years Children's Paint and Supplies", "relevancy_score": 30.86398034398034, "price": "$19.98"}, {"title": "Appash Paint by Numbers DIY Acrylic Oil Painting Kits for Adults Beginners 16x20 Inch [Snow Mountain]", "tags": "Craft Kits for Teens Adults Kids Painting Crafts Art & All Paint Sets Acrylic Paints", "relevancy_score": 16.47508021390374, "price": "$12.99"}, {"title": "Glow Pad", "tags": "Learning Playsets Lite Brite Drawing & Coloring Magna Doodle Etch-A-Sketch Toys for Kids 5 to 7 Years Children's Paint and Supplies All Jewelry Making Kits", "relevancy_score": 28.050143540669854, "price": "$14.99"}, {"title": "Plaid 97870E Unpainted Wood Surface, 4-Way Memory Frame, 1 Piece", "tags": "Hair, Nail & Spa Toys Cool Maker DIY Slime Kits Drawing Coloring for Kids 5 to 7 Years Pre-Made Shop Children's Paint and Supplies All Jewelry Making", "relevancy_score": 0.0, "price": "$6.97"}, {"title": "Perler Bead Tweezers, 2 Pieces", "tags": "Hair, Nail & Spa Toys DIY Slime Kits Perler Beads for Kids 8 to 11 Years 5 7 Pre-Made Shop Children's Paint and Supplies All Jewelry Making", "relevancy_score": 10.252386363636363, "price": "$7.03"}, {"title": "Crayola Round Natural Camel Hair Polished Wood Handle Watercolor Paint Brush, Size 2, Black", "tags": "All Art Paper Tempera Paints Sketchbooks and Watercolor Craft Paint Acrylic Stretched Canvas", "relevancy_score": 0.0, "price": "$1.42"}, {"title": "The Beadery Wonder Loom Kit, Gift for Kids, Includes 600 Rubber Bands", "tags": "Costumes & Dress Up Hair, Nail Spa Toys Cool Maker Quilting Sewing Kits for Kids 5 to 7 Years Knitting Weaving Children's Paint and Supplies All Jewelry Making", "relevancy_score": 1276.4665699944228, "price": "$10.89"}, {"title": "NKOK Ghostbusters RC Ecto-1 w/ Glowing Slimer", "tags": "Shop All Playmobil Building Toys Ages 5 to 7 for year olds 6 Ghostbusters 8 11 Play Sets", "relevancy_score": 34.00954545454545, "price": "$60.94"}, {"title": "So Slime DIY - Premade Slime Mix'in Kit - Mix-in Figures, Beads, and More!", "tags": "Pink Slime Glitter Nickelodeon Compound Kings SlimyGloop So DIY Crunchy Pre-Made Shop", "relevancy_score": 5.130263929618768, "price": "$14.99"}, {"title": "Jack Richeson Rough Newsprint Paper Pas 100 Sheets 18X24", "tags": "Mixed Media Paper All Art Sketchbooks and Watercolor Charcoal Pencils Sketching Palette Drawing", "relevancy_score": 5.130263929618768, "price": "$10.64"}, {"title": "Creativity Street\u00ae Plastic Handle Colossal Paint Brush Assorted, Flat, 30/canister", "tags": "Melissa & Doug Toys Craft Kits Drawing Coloring Play Dough for Kids 8 to 11 Years Glue Slime 5 7 All Jewelry Making", "relevancy_score": 10.252386363636363, "price": "$19.99"}, {"title": "Elmer's Slime Activator Variety Pack | Magical Liquid Glue Slime Activator, 5 Count", "tags": "Activators for Slime Glitter Glow-in-the-Dark Clear DIY Kits Craft Crunchy Pre-Made Shop", "relevancy_score": 60.08487603305785, "price": "$16.82"}, {"title": "Play-Doh: Kid's Play-Date Party Crate with over 40 Accessories", "tags": "Play-Doh Kitchen Creations Toys for Kids 2 to 4 Years Sets Math Licensed 5 7 Compound", "relevancy_score": 15.367107438016529, "price": "$19.99"}, {"title": "Elmer's China + Glass Cement, 1 oz.", "tags": "Activators for Slime Glitter Glow-in-the-Dark Clear DIY Kits Drawing & Coloring Crunchy Pre-Made Shop", "relevancy_score": 1.1302639296187682, "price": "$5.66"}, {"title": "Elmer's Glue-All Multi-Purpose Liquid Glue, Extra Strong, 7.625 Ounces, 1 Count", "tags": "Activators for Slime Glitter Glow-in-the-Dark Clear DIY Kits Drawing & Coloring Crunchy Pre-Made Shop", "relevancy_score": 0.0, "price": "$13.93"}, {"title": "Holiday Coloring and Activity Books Bundle (2 Coloring Books; Mickey and Friends Happy Holiday Tidings and Peanuts Home for The Holiday) Activities, Crayons, Stickers", "tags": "Kid Art Easels & Stations Craft Kits Play Dough Magna Doodle Etch-A-Sketch Glue for Slime Toys Kids 5 to 7 Years Children's Paint and Supplies", "relevancy_score": 0.0, "price": "$12.95"}, {"title": "American Girl Alphabet Jewelry Kit", "tags": "Frozen Dolls & Dollhouses Trolls Hair, Nail Spa Toys All Arts Craft Kits Art Supplies Kids Jewelry Making", "relevancy_score": 0.0, "price": "$34.99"}]