[
    {
        "title": "100 Most Popular Songs for Fingerpicking Guitar: Solo Guitar Arrangements in Standard Notation and Tab (Paperback)",
        "url": "https://www.walmart.com/ip/100-Most-Popular-Songs-for-Fingerpicking-Guitar-Solo-Guitar-Arrangements-in-Standard-Notation-and-Tab-Paperback-9781540027542/642110461",
        "price": "$25.06",
        "stars": 0,
        "ratings": 0,
        "img": "",
        "tags": [
            [
                "Piano-Vocal-Guitar Printed Music Books",
                "/browse/books/piano-vocal-guitar-printed-music-books/3920_582321_1318217_8863128_2244569"
            ],
            [
                "General Music Instruction & Study Books",
                "/browse/books/general-music-instruction-study-books/3920_582321_1318217_3249849_2472952"
            ],
            [
                "General Music Books",
                "/browse/books/general-music-books/3920_582321_1318217_4267978_3724995"
            ],
            [
                "Music Techniques Books",
                "/browse/books/music-techniques-books/3920_582321_1318217_3249849_4318220"
            ],
            [
                "Rock Music Books",
                "/browse/books/rock-music-books/3920_582321_1318217_4267978_6186495"
            ],
            [
                "Guitar & Fretted Instrument Printed Music Books",
                "/browse/books/guitar-fretted-instrument-printed-music-books/3920_582321_1318217_8863128_6217329"
            ],
            [
                "Music Exercises Books",
                "/browse/books/music-exercises-books/3920_582321_1318217_3249849_7778962"
            ],
            [
                "General Printed Music / Sheet Music",
                "/browse/books/general-printed-music-sheet-music/3920_582321_1318217_8863128_9432690"
            ]
        ]
    },
    {
        "title": "Mark Gonzales (Hardcover)",
        "url": "https://www.walmart.com/ip/Mark-Gonzales-Hardcover-9780847868704/897623187",
        "price": "$42.63",
        "stars": 0,
        "ratings": 0,
        "img": "",
        "tags": [
            [
                "Nature & the Natural World Teen & Young Adult Books",
                "/browse/books/nature-the-natural-world-teen-young-adult-books/3920_1068785_1940690"
            ],
            [
                "Jewelry Antiques & Collectibles Books",
                "/browse/books/jewelry-antiques-collectibles-books/3920_582361_1025960_2301605"
            ],
            [
                "General Anthropology Books",
                "/browse/books/general-anthropology-books/3920_2761424_8176770_9998889_2863743"
            ],
            [
                "Aboriginal & Indigenous People & Places Teen & Young Adult Books",
                "/browse/books/aboriginal-indigenous-people-places-teen-young-adult-books/3920_1068785_7696041_4548222"
            ],
            [
                "Sports Photography Books",
                "/browse/books/sports-photography-books/3920_582321_5674104_4153737_5523740"
            ],
            [
                "Roller & In-Line Skating Books",
                "/browse/books/roller-in-line-skating-books/3920_8924365_5541986"
            ],
            [
                "Urban & Land Use Planning Books",
                "/browse/books/urban-land-use-planning-books/3920_582321_4942684_7061929"
            ],
            [
                "Sports Biographies & Memoirs",
                "/browse/books/sports-biographies-memoirs/3920_5196470_8411416"
            ]
        ]
    },
    {
        "title": "The Adventures Of A.R.I: My Robot Friend (DVD)",
        "url": "https://www.walmart.com/ip/The-Adventures-Of-A-R-I-My-Robot-Friend-DVD-0031398315780/629851168",
        "price": "$3.74",
        "stars": "5.0",
        "ratings": "2 ",
        "img": "",
        "tags": [
            [
                "History & Criticism Film Books",
                "/browse/books/history-criticism-film-books/3920_582321_6572320_5808584_1932437"
            ],
            [
                "Dragons, Unicorns & Mythical Creatures Kids' Books",
                "/browse/books/dragons-unicorns-mythical-creatures-kids-books/3920_582053_584177_2122790"
            ],
            [
                "Film & Video Art Books",
                "/browse/books/film-video-art-books/3920_582321_6907922_5014923"
            ],
            [
                "Science Fiction & Fantasy Film Books",
                "/browse/books/science-fiction-fantasy-film-books/3920_582321_6572320_5808584_5445179"
            ],
            [
                "Science Fiction, Fantasy & Magic Kids' Books",
                "/browse/books/science-fiction-fantasy-magic-kids-books/3920_582053_586182"
            ],
            [
                "Harry Potter",
                "/browse/books/harry-potter/3920_582053_7559307"
            ],
            [
                "TV History & Criticism Books",
                "/browse/books/tv-history-criticism-books/3920_582321_6572320_6482205_9807057"
            ],
            [
                "Animation Books",
                "/browse/books/animation-books/3920_582321_6572320_9972228"
            ]
        ]
    },
    {
        "title": "Dirty John (DVD)",
        "url": "https://www.walmart.com/ip/Dirty-John-DVD/330384206",
        "price": "$11.76",
        "stars": "5.0",
        "ratings": "1 ",
        "img": "",
        "tags": [
            [
                "General Canadian History Books",
                "/browse/books/general-canadian-history-books/3920_582331_4272206_1405698"
            ],
            [
                "TV Reference Books",
                "/browse/books/tv-reference-books/3920_582321_6572320_6482205_3620703"
            ],
            [
                "Curiosities & Wonders Books",
                "/browse/books/curiosities-wonders-books/3920_3943378_5263191"
            ],
            [
                "TV Science Fiction, Fantasy & Horror Books",
                "/browse/books/tv-science-fiction-fantasy-horror-books/3920_582321_6572320_6482205_6036317"
            ],
            [
                "General Biographies & Memoirs",
                "/browse/books/general-biographies-memoirs/3920_5196470_6094313"
            ],
            [
                "Cozy Mystery Books",
                "/browse/books/cozy-mystery-books/3920_582105_9435716_586706_3971473_6761658"
            ],
            [
                "General Film Books",
                "/browse/books/general-film-books/3920_582321_6572320_5808584_9766285"
            ],
            [
                "TV History & Criticism Books",
                "/browse/books/tv-history-criticism-books/3920_582321_6572320_6482205_9807057"
            ]
        ]
    },
    {
        "title": "Disney Princess Cross-Stitch: 22 Easy-To-Follow Patterns Featuring Ariel, Belle, Jasmine, Mulan, and More! (Paperback)",
        "url": "https://www.walmart.com/ip/Disney-Princess-Cross-Stitch-22-Easy-To-Follow-Patterns-Featuring-Ariel-Belle-Jasmine-Mulan-and-More-Paperback/342732152",
        "price": "$12.66",
        "stars": "5.0",
        "ratings": "1 ",
        "img": "",
        "tags": [
            [
                "Cross-Stitch Books",
                "/browse/books/cross-stitch-books/3920_582361_2256620_1367270"
            ],
            [
                "History & Criticism Film Books",
                "/browse/books/history-criticism-film-books/3920_582321_6572320_5808584_1932437"
            ],
            [
                "Children's TV Books",
                "/browse/books/childrens-tv-books/3920_582321_6572320_6482205_2071293"
            ],
            [
                "Pencil Drawing Books",
                "/browse/books/pencil-drawing-books/3920_582321_6907922_9561236_2232958"
            ],
            [
                "Comedy Film Books",
                "/browse/books/comedy-film-books/3920_582321_6572320_5808584_3502940"
            ],
            [
                "Artists, Architects & Photographers Biographies & Memoirs",
                "/browse/books/artists-architects-photographers-biographies-memoirs/3920_5196470_8238806"
            ],
            [
                "General Crafts & Hobbies Books",
                "/browse/books/general-crafts-hobbies-books/3920_582361_9762077"
            ],
            [
                "Animation Books",
                "/browse/books/animation-books/3920_582321_6572320_9972228"
            ]
        ]
    },
    {
        "title": "John Thompson's Easiest Piano Course - Part 1 - Book Only: Part 1 - Book Only (Paperback)",
        "url": "https://www.walmart.com/ip/John-Thompson-s-Easiest-Piano-Course-Part-1-Book-Only-Part-1-Book-Only-Paperback/4358768",
        "price": "$8.64",
        "stars": "5.0",
        "ratings": "3 ",
        "img": "",
        "tags": [
            [
                "Piano & Keyboard Books",
                "/browse/books/piano-keyboard-books/3920_582321_1318217_1527994_3613505"
            ],
            [
                "Musicals, Film & TV Printed Music Books",
                "/browse/books/musicals-film-tv-printed-music-books/3920_582321_1318217_8863128_4260390"
            ],
            [
                "Strings Books",
                "/browse/books/strings-books/3920_582321_1318217_1527994_4828820"
            ],
            [
                "Guitar Books",
                "/browse/books/guitar-books/3920_582321_1318217_1527994_6410274"
            ],
            [
                "Music Appreciation Books",
                "/browse/books/music-appreciation-books/3920_582321_1318217_3249849_7028751"
            ],
            [
                "Children's Music Books",
                "/browse/books/childrens-music-books/3920_582321_1318217_4267978_8420615"
            ],
            [
                "Piano & Keyboard Repertoire Printed Music Books",
                "/browse/books/piano-keyboard-repertoire-printed-music-books/3920_582321_1318217_8863128_9367802"
            ],
            [
                "General Printed Music / Sheet Music",
                "/browse/books/general-printed-music-sheet-music/3920_582321_1318217_8863128_9432690"
            ]
        ]
    },
    {
        "title": "Origami Paper 100 Sheets Kimono Patterns 6\" (15 CM): High-Quality Double-Sided Origami Sheets Printed with 12 Different Patterns (Instructions for 6 Projects Included) (Other)",
        "url": "https://www.walmart.com/ip/Origami-Paper-100-Sheets-Kimono-Patterns-6-15-CM-High-Quality-Double-Sided-Printed-12-Different-Instructions-6-Projects-Included-Other-9780804852357/855531702",
        "price": "$10.13",
        "stars": 0,
        "ratings": 0,
        "img": "",
        "tags": [
            [
                "Puzzle Books",
                "/browse/books/puzzle-books/3920_582361_9999446_2894227"
            ],
            [
                "Mother's Day Crafts & Hobbies Books",
                "/browse/books/mothers-day-crafts-hobbies-books/3920_7458265_3551722"
            ],
            [
                "Pre-Columbian Era Latin American History Books",
                "/browse/books/pre-columbian-era-latin-american-history-books/3920_582331_2264290_4323278"
            ],
            [
                "Activity Books",
                "/browse/books/activity-books/3920_582361_9999446_5431217"
            ],
            [
                "Saga Novels",
                "/browse/books/saga-novels/3920_582105_9435716_584305"
            ],
            [
                "General Games & Activity Books",
                "/browse/books/general-games-activity-books/3920_582361_9999446_6935387"
            ],
            [
                "Crafts for Children Books",
                "/browse/books/crafts-for-children-books/3920_582361_7334565"
            ],
            [
                "Origami Crafts & Hobbies Books",
                "/browse/books/origami-crafts-hobbies-books/3920_582361_9574357"
            ]
        ]
    },
    {
        "title": "Animals Color by Numbers for Adults: Adults Coloring Book Stress Relieving Designs Patterns (Paperback)",
        "url": "https://www.walmart.com/ip/Animals-Color-by-Numbers-for-Adults-Adults-Coloring-Book-Stress-Relieving-Designs-Patterns-Paperback-9798603667676/410142278",
        "price": "$11.49",
        "stars": "5.0",
        "ratings": "1 ",
        "img": "",
        "tags": [
            [
                "Watercolor Painting Books",
                "/browse/books/watercolor-painting-books/3920_582321_6907922_9561236_2236238"
            ],
            [
                "General Art Books",
                "/browse/books/general-art-books/3920_582321_6907922_2804335"
            ],
            [
                "Silver, Gold & Other Metals Antiques & Collectibles Books",
                "/browse/books/silver-gold-other-metals-antiques-collectibles-books/3920_582361_1025960_3385247"
            ],
            [
                "Religious Art Books",
                "/browse/books/religious-art-books/3920_582321_6907922_9682242_5982485"
            ],
            [
                "Literary Collections - Canadian",
                "/browse/books/literary-collections-canadian/3920_582105_1393947_6059976"
            ],
            [
                "Folk & Outsider Art Books",
                "/browse/books/folk-outsider-art-books/3920_582321_6907922_7290665"
            ],
            [
                "Native American Art Books",
                "/browse/books/native-american-art-books/3920_582321_6907922_8180270"
            ],
            [
                "Middle Eastern Art Books",
                "/browse/books/middle-eastern-art-books/3920_582321_6907922_9310918"
            ]
        ]
    },
    {
        "title": "The Lost Art of Handwriting : Rediscover the Beauty and Power of Penmanship",
        "url": "https://www.walmart.com/ip/The-Lost-Art-of-Handwriting-Rediscover-the-Beauty-and-Power-of-Penmanship-9781507209363/827308757",
        "price": "$6.25",
        "stars": "5.0",
        "ratings": "1 ",
        "img": "",
        "tags": [
            [
                "Quilts & Quilting Crafts & Hobbies Books",
                "/browse/books/quilts-quilting-crafts-hobbies-books/3920_582361_1623523"
            ],
            [
                "Event Planning Reference Books",
                "/browse/books/event-planning-reference-books/3920_3943378_1932665"
            ],
            [
                "Mixed Media Art Books",
                "/browse/books/mixed-media-art-books/3920_582321_6907922_2399787"
            ],
            [
                "Apocalyptic & Post-Apocalyptic Science Fiction Books",
                "/browse/books/apocalyptic-post-apocalyptic-science-fiction-books/3920_582105_9435716_586163_1469104_4072597"
            ],
            [
                "Death, Grief & Bereavement",
                "/browse/books/death-grief-bereavement/3920_5642757_6055772_4617200"
            ],
            [
                "Farm Animals Kids' Books",
                "/browse/books/farm-animals-kids-books/3920_582053_584177_585926"
            ],
            [
                "Biography & Memoir Comic Books & Graphic Novels",
                "/browse/books/biography-memoir-comic-books-graphic-novels/3920_1095293_2620970_6318779"
            ],
            [
                "Literary Collections - Diaries & Journals",
                "/browse/books/literary-collections-diaries-journals/3920_582105_1393947_7412999"
            ]
        ]
    },
    {
        "title": "How to Draw & Paint: Drawing: Landscapes with William F. Powell : Learn to Draw Outdoor Scenes Step by Step (Paperback)",
        "url": "https://www.walmart.com/ip/How-to-Draw-Paint-Drawing-Landscapes-with-William-F-Powell-Learn-to-Draw-Outdoor-Scenes-Step-by-Step-Paperback-9781633228405/215641151",
        "price": "$10.95",
        "stars": 0,
        "ratings": 0,
        "img": "",
        "tags": [
            [
                "Pen & Ink Drawing Books",
                "/browse/books/pen-ink-drawing-books/3920_582321_6907922_9561236_1652990"
            ],
            [
                "Life Drawing Books",
                "/browse/books/life-drawing-books/3920_582321_6907922_9561236_3363750"
            ],
            [
                "Cartooning Books",
                "/browse/books/cartooning-books/3920_582321_6907922_9561236_5124655"
            ],
            [
                "Landscapes & Seascapes Art Books",
                "/browse/books/landscapes-seascapes-art-books/3920_582321_6907922_9682242_6204099"
            ],
            [
                "Drawing Kids' Books",
                "/browse/books/drawing-kids-books/3920_582053_582564_6698366"
            ],
            [
                "Drawing Books",
                "/browse/books/drawing-books/3920_582321_6907922_9561236_8554153"
            ],
            [
                "Illustration Books",
                "/browse/books/illustration-books/3920_582321_9365291_2572982_9110114"
            ]
        ]
    }
]