[
    {
        "title": "Latch: A Handbook for Breastfeeding with Confidence at Every Stage (Paperback)",
        "url": "https://www.walmart.com/ip/Latch-A-Handbook-for-Breastfeeding-with-Confidence-at-Every-Stage-Paperback-9781623159306/592742659",
        "price": "$13.35",
        "stars": 0,
        "ratings": 0,
        "img": "",
        "tags": [
            [
                "Entrepreneurship Books",
                "/browse/books/entrepreneurship-books/3920_582349_5818477"
            ],
            [
                "Workplace Culture Books",
                "/browse/books/workplace-culture-books/3920_582349_5833787"
            ],
            [
                "Motherhood",
                "/browse/books/motherhood/3920_5642757_6055772_1473135_6649534"
            ],
            [
                "Business Ethics Books",
                "/browse/books/business-ethics-books/3920_582349_7727203"
            ],
            [
                "Negotiation Books",
                "/browse/books/negotiation-books/3920_582349_8109214"
            ],
            [
                "Maternity, Perinatal & Women's Health Nursing Books",
                "/browse/books/maternity-perinatal-womens-health-nursing-books/3920_3203859_7271537_8909643"
            ],
            [
                "Management Books",
                "/browse/books/management-books/3920_582349_9536008"
            ],
            [
                "Negocios e Inversiones",
                "/browse/books/negocios-e-inversiones/3920_226139_999539"
            ]
        ]
    },
    {
        "title": "Brief: Make a Bigger Impact by Saying Less (Hardcover)",
        "url": "https://www.walmart.com/ip/Brief-Make-a-Bigger-Impact-by-Saying-Less-Hardcover-9781118704967/27426357",
        "price": "$18.58",
        "stars": 0,
        "ratings": 0,
        "img": "",
        "tags": [
            [
                "Data Warehousing Books",
                "/browse/books/data-warehousing-books/3920_9724405_9561079_1837730"
            ],
            [
                "Business Writing Books",
                "/browse/books/business-writing-books/3920_582349_2080387"
            ],
            [
                "Conflict Resolution & Mediation in Business Books",
                "/browse/books/conflict-resolution-mediation-in-business-books/3920_582349_6586657"
            ],
            [
                "Leadership in Business Books",
                "/browse/books/leadership-in-business-books/3920_582349_7056456"
            ],
            [
                "Communication & Social Skills Self-Help Books",
                "/browse/books/communication-social-skills-self-help-books/3920_5642757_7069650"
            ],
            [
                "Business & Money Skills Books",
                "/browse/books/business-money-skills-books/3920_582349_7758621"
            ],
            [
                "Negotiation Books",
                "/browse/books/negotiation-books/3920_582349_8109214"
            ],
            [
                "Harvard Business Review",
                "/browse/books/harvard-business-review/3920_582349_8933101"
            ]
        ]
    },
    {
        "title": "Heart and Hustle: Use Your Passion. Build Your Brand. Achieve Your Dreams. (Hardcover)",
        "url": "https://www.walmart.com/ip/Heart-and-Hustle-Use-Your-Passion-Build-Your-Brand-Achieve-Your-Dreams-Hardcover-9780008263102/917437911",
        "price": "$20.05",
        "stars": 0,
        "ratings": 0,
        "img": "",
        "tags": [
            [
                "Adult Non-Fiction Top 100",
                "/browse/books/adult-non-fiction-top-100/3920_1057224_3049267"
            ],
            [
                "General Self-Help Books",
                "/browse/books/general-self-help-books/3920_5642757_4404259"
            ],
            [
                "Motivational & Inspirational Self-Help Books",
                "/browse/books/motivational-inspirational-self-help-books/3920_5642757_5080634"
            ],
            [
                "Leadership in Business Books",
                "/browse/books/leadership-in-business-books/3920_582349_7056456"
            ],
            [
                "Motivational Business & Money Books",
                "/browse/books/motivational-business-money-books/3920_582349_7534693"
            ],
            [
                "Personal Success in Business & Money Books",
                "/browse/books/personal-success-in-business-money-books/3920_582349_9116217"
            ],
            [
                "Happiness",
                "/browse/books/happiness/3920_5642757_9479316_9355247"
            ],
            [
                "Women's Issues",
                "/browse/books/womens-issues/3920_1987289_582374_8324310_9563912"
            ]
        ]
    },
    {
        "title": "HR Transformation: Building Human Resources from the Outside in (Hardcover)",
        "url": "https://www.walmart.com/ip/HR-Transformation-Building-Human-Resources-from-the-Outside-in-Hardcover-9780071638708/10997800",
        "price": "$24.66",
        "stars": 0,
        "ratings": 0,
        "img": "",
        "tags": [
            [
                "Industrial & Organizational Psychology Books",
                "/browse/books/industrial-organizational-psychology-books/3920_2761424_3385531_1752017"
            ],
            [
                "Organizational Behavior Books",
                "/browse/books/organizational-behavior-books/3920_582349_1905322"
            ],
            [
                "Professional Study Guide Books",
                "/browse/books/professional-study-guide-books/3920_6060018_3028811"
            ],
            [
                "Workplace Culture Books",
                "/browse/books/workplace-culture-books/3920_582349_5833787"
            ],
            [
                "General Certification Guide Books",
                "/browse/books/general-certification-guide-books/3920_9724405_3392466_5906659"
            ],
            [
                "Labor & Employment Law Books",
                "/browse/books/labor-employment-law-books/3920_1952589_6366221"
            ],
            [
                "Motivational Business & Money Books",
                "/browse/books/motivational-business-money-books/3920_582349_7534693"
            ],
            [
                "Management Books",
                "/browse/books/management-books/3920_582349_9536008"
            ]
        ]
    },
    {
        "title": "Small Business Marketing Made (Stupidly) Easy: Search Engine Optimization in 2019 Made (Stupidly) Easy (Series #8) (Paperback)",
        "url": "https://www.walmart.com/ip/Small-Business-Marketing-Made-Stupidly-Easy-Search-Engine-Optimization-in-2019-Made-Stupidly-Easy-Series-8-Paperback-9781970119176/915995932",
        "price": "$12.42",
        "stars": 0,
        "ratings": 0,
        "img": "i5.walmartimages.com/asr/2ce9b3c0-b938-400c-8614-6e2c42b29644_1.59d693b3ecee1971945988ed05e58513.jpeg?odnWidth=612&odnHeight=612&odnBg=ffffff",
        "tags": [
            [
                "Business Writing Books",
                "/browse/books/business-writing-books/3920_582349_2080387"
            ],
            [
                "Time Management Books",
                "/browse/books/time-management-books/3920_582349_2141047"
            ],
            [
                "Business & Money Reference Books",
                "/browse/books/business-money-reference-books/3920_582349_2649852"
            ],
            [
                "Small Business Books",
                "/browse/books/small-business-books/3920_582349_2876621"
            ],
            [
                "New Business Enterprises Books",
                "/browse/books/new-business-enterprises-books/3920_582349_3312612"
            ],
            [
                "Meetings & Presentations in Business Books",
                "/browse/books/meetings-presentations-in-business-books/3920_582349_5610699_4813902"
            ],
            [
                "Web Design Books",
                "/browse/books/web-design-books/3920_9724405_8850324_9169165"
            ],
            [
                "Advertising & Promotion Books",
                "/browse/books/advertising-promotion-books/3920_582349_9790899"
            ]
        ]
    },
    {
        "title": "Trading Online for a Living: Day trading Playbook : Intermediate Guide to the Best Intraday Strategies & Setups for profiting on Stocks, Options, Forex and Cryptocurrencies. Build Up a remarkable Passive Income within weeks! (Series #4) (Paperback)",
        "url": "https://www.walmart.com/ip/Trading-Online-Living-Day-trading-Playbook-Intermediate-Guide-Best-Intraday-Strategies-Setups-profiting-Stocks-Options-Forex-Cryptocurrencies-Build-U-9781951595050/551664037",
        "price": "$13.33",
        "stars": 0,
        "ratings": 0,
        "img": "",
        "tags": [
            [
                "Personal Finance Investing Books",
                "/browse/books/personal-finance-investing-books/3920_582349_9861072_3148548"
            ],
            [
                "Money & Monetary Policy Books",
                "/browse/books/money-monetary-policy-books/3920_582349_3384380"
            ],
            [
                "Options in Investments & Securities Books",
                "/browse/books/options-in-investments-securities-books/3920_582349_4859694_3738996"
            ],
            [
                "General Commodities in Investments & Securities Books",
                "/browse/books/general-commodities-in-investments-securities-books/3920_582349_4859694_7336641_4902189"
            ],
            [
                "Financial Risk Management Books",
                "/browse/books/financial-risk-management-books/3920_582349_6748238_6602787"
            ],
            [
                "Stocks Investments & Securities Books",
                "/browse/books/stocks-investments-securities-books/3920_582349_4859694_7426539"
            ],
            [
                "Electronic Commerce Books",
                "/browse/books/electronic-commerce-books/3920_9724405_8426182"
            ],
            [
                "General Investments & Securities Books",
                "/browse/books/general-investments-securities-books/3920_582349_4859694_9475023"
            ]
        ]
    },
    {
        "title": "The Solomon Secret : 7 Principles of Financial Success from King Solomon, History's Wealthiest Man",
        "url": "https://www.walmart.com/ip/The-Solomon-Secret-7-Principles-of-Financial-Success-from-King-Solomon-History-s-Wealthiest-Man-9781585428182/13983323",
        "price": "$11.85",
        "stars": 0,
        "ratings": 0,
        "img": "",
        "tags": [
            [
                "Financial Accounting Books",
                "/browse/books/financial-accounting-books/3920_582349_2851526_1488823"
            ],
            [
                "Adult Non-Fiction Top 100",
                "/browse/books/adult-non-fiction-top-100/3920_1057224_3049267"
            ],
            [
                "Personal Finance Investing Books",
                "/browse/books/personal-finance-investing-books/3920_582349_9861072_3148548"
            ],
            [
                "Estates & Trusts Law Books",
                "/browse/books/estates-trusts-law-books/3920_1952589_4246203"
            ],
            [
                "Wealth Management Finance Books",
                "/browse/books/wealth-management-finance-books/3920_582349_6748238_5567436"
            ],
            [
                "Personal Finance Money Management Books",
                "/browse/books/personal-finance-money-management-books/3920_582349_9861072_6759272"
            ],
            [
                "Personal Success in Business & Money Books",
                "/browse/books/personal-success-in-business-money-books/3920_582349_9116217"
            ],
            [
                "Negocios e Inversiones",
                "/browse/books/negocios-e-inversiones/3920_226139_999539"
            ]
        ]
    },
    {
        "title": "Business Adventures: Twelve Classic Tales from the World of Wall Street (Paperback)",
        "url": "https://www.walmart.com/ip/Business-Adventures-Twelve-Classic-Tales-from-the-World-of-Wall-Street-Paperback-9781497644892/38408397",
        "price": "$15.88",
        "stars": "2.0",
        "ratings": "1 ",
        "img": "",
        "tags": [
            [
                "Personal Finance Investing Books",
                "/browse/books/personal-finance-investing-books/3920_582349_9861072_3148548"
            ],
            [
                "General Finance Books",
                "/browse/books/general-finance-books/3920_582349_6748238_3692249"
            ],
            [
                "Economic Theory Books",
                "/browse/books/economic-theory-books/3920_582349_6503572_4182458"
            ],
            [
                "Business Development Books",
                "/browse/books/business-development-books/3920_582349_7428141_6202905"
            ],
            [
                "College Back to School Books",
                "/browse/books/college-back-to-school-books/3920_8955258_7993255"
            ],
            [
                "Transportation Industry Books",
                "/browse/books/transportation-industry-books/3920_582349_5438892_9368613"
            ],
            [
                "General Investments & Securities Books",
                "/browse/books/general-investments-securities-books/3920_582349_4859694_9475023"
            ],
            [
                "Management Books",
                "/browse/books/management-books/3920_582349_9536008"
            ]
        ]
    },
    {
        "title": "Financial Planner Budget Book: Monthly Bill Organizer : monthly payments book - Weekly Expense Tracker Bill Organizer Notebook for Business or Personal Finance Planning Workbook (Series #94) (Paperback)",
        "url": "https://www.walmart.com/ip/Financial-Planner-Budget-Book-Monthly-Bill-Organizer-monthly-payments-book-Weekly-Expense-Tracker-Notebook-Business-Personal-Finance-Planning-Workboo-9781087219097/780693955",
        "price": "$11.49",
        "stars": "2.0",
        "ratings": "2 ",
        "img": "",
        "tags": [
            [
                "Personal Finance Budgeting Books",
                "/browse/books/personal-finance-budgeting-books/3920_582349_9861072_4333037"
            ],
            [
                "Property Insurance Books",
                "/browse/books/property-insurance-books/3920_582349_2281176_4930644"
            ],
            [
                "Public Law Books",
                "/browse/books/public-law-books/3920_1952589_5462190"
            ],
            [
                "Inflation Books",
                "/browse/books/inflation-books/3920_582349_6877178"
            ],
            [
                "Office Automation Books",
                "/browse/books/office-automation-books/3920_582349_7192900"
            ],
            [
                "Accounting Standards Books",
                "/browse/books/accounting-standards-books/3920_582349_2851526_7466757"
            ],
            [
                "Budgeting Books",
                "/browse/books/budgeting-books/3920_582349_8969900"
            ],
            [
                "Banks & Banking Books",
                "/browse/books/banks-banking-books/3920_582349_9783809"
            ]
        ]
    },
    {
        "title": "Beach Stationery - 8.5 x 11 - 60 Beach Letterhead Sheets - Chair & Unbrella Paper for Printers or Writing",
        "url": "https://www.walmart.com/ip/Beach-Stationery-8-5-x-11-60-Beach-Letterhead-Sheets-Chair-Unbrella-Paper-for-Printers-or-Writing/628795883",
        "price": "$10.99",
        "stars": 0,
        "ratings": 0,
        "img": "i5.walmartimages.com/asr/f1747971-604b-43b0-a542-b6eb74e830e2_1.b49dba1b62fa7e6454b7d75c687d2bfc.jpeg?odnWidth=612&odnHeight=612&odnBg=ffffff",
        "tags": [
            [
                "Event Planning Reference Books",
                "/browse/books/event-planning-reference-books/3920_3943378_1932665"
            ],
            [
                "Death, Grief & Bereavement Self-Help Books",
                "/browse/books/death-grief-bereavement-self-help-books/3920_5642757_2529234"
            ],
            [
                "Scrapbooking Crafts & Hobbies Books",
                "/browse/books/scrapbooking-crafts-hobbies-books/3920_582361_3875757"
            ],
            [
                "Death, Grief & Bereavement",
                "/browse/books/death-grief-bereavement/3920_5642757_6055772_4617200"
            ],
            [
                "Online Safety & Privacy Books",
                "/browse/books/online-safety-privacy-books/3920_9724405_4153184_5011545"
            ],
            [
                "Journaling Self-Help Books",
                "/browse/books/journaling-self-help-books/3920_5642757_5948378"
            ],
            [
                "Literary Collections - Diaries & Journals",
                "/browse/books/literary-collections-diaries-journals/3920_582105_1393947_7412999"
            ],
            [
                "Advertising & Promotion Books",
                "/browse/books/advertising-promotion-books/3920_582349_9790899"
            ]
        ]
    }
]