[
    {
        "title": "After the Affair: Healing the Pain and Rebuilding Trust When a Partner Has Been Unfaithful (Paperback)",
        "url": "https://www.walmart.com/ip/After-the-Affair-Healing-the-Pain-and-Rebuilding-Trust-When-a-Partner-Has-Been-Unfaithful-Paperback-9780062122704/20467636",
        "price": "$6.75",
        "stars": "4.0",
        "ratings": "3 ",
        "img": "",
        "tags": [
            [
                "Tarot Cards & Books",
                "/browse/books/tarot-cards-books/3920_1987289_1946456"
            ],
            [
                "Success",
                "/browse/books/success/3920_5642757_9479316_4052595"
            ],
            [
                "Couples & Family Psychotherapy Books",
                "/browse/books/couples-family-psychotherapy-books/3920_2761424_3385531_2318869_5061609"
            ],
            [
                "Motivational & Inspirational Self-Help Books",
                "/browse/books/motivational-inspirational-self-help-books/3920_5642757_5080634"
            ],
            [
                "Reference Cookbooks",
                "/browse/books/reference-cookbooks/3920_3036003_5722611"
            ],
            [
                "Marriage & Long-Term Relationships",
                "/browse/books/marriage-long-term-relationships/3920_5642757_6055772_6969997"
            ],
            [
                "Angels & Spirit Guides",
                "/browse/books/angels-spirit-guides/3920_1987289_5383544_8555100"
            ],
            [
                "Happiness",
                "/browse/books/happiness/3920_5642757_9479316_9355247"
            ]
        ]
    },
    {
        "title": "Practice Planners: The Complete Anxiety Treatment and Homework Planner (Paperback)",
        "url": "https://www.walmart.com/ip/Practice-Planners-The-Complete-Anxiety-Treatment-and-Homework-Planner-Paperback-9780471645481/2573533",
        "price": "$39.96",
        "stars": 0,
        "ratings": 0,
        "img": "",
        "tags": [
            [
                "Football Books",
                "/browse/books/football-books/3920_8924365_3429158"
            ],
            [
                "Compulsive Behavior Psychopathology Books",
                "/browse/books/compulsive-behavior-psychopathology-books/3920_2761424_3385531_6536134_3593637"
            ],
            [
                "General Substance Abuse & Addictions Self-Help Books",
                "/browse/books/general-substance-abuse-addictions-self-help-books/3920_5642757_5797218_5380092"
            ],
            [
                "Addiction Psychopathology Books",
                "/browse/books/addiction-psychopathology-books/3920_2761424_3385531_6536134_6661491"
            ],
            [
                "Practice Management in Psychology Books",
                "/browse/books/practice-management-in-psychology-books/3920_2761424_3385531_7129205"
            ],
            [
                "Neuropsychology Books",
                "/browse/books/neuropsychology-books/3920_2761424_3385531_7903498"
            ],
            [
                "General Psychiatry Books",
                "/browse/books/general-psychiatry-books/3920_3203859_1473160_8923366"
            ],
            [
                "Child & Adolescent Psychotherapy Books",
                "/browse/books/child-adolescent-psychotherapy-books/3920_2761424_3385531_2318869_9492204"
            ]
        ]
    },
    {
        "title": "Soul Full of Coal Dust : A Fight for Breath and Justice in Appalachia (Hardcover)",
        "url": "https://www.walmart.com/ip/Soul-Full-of-Coal-Dust-A-Fight-for-Breath-and-Justice-in-Appalachia-9780316299473/609783404",
        "price": "$27.00",
        "stars": 0,
        "ratings": 0,
        "img": "",
        "tags": [
            [
                "Energy Industry Books",
                "/browse/books/energy-industry-books/3920_582349_5438892_1983569"
            ],
            [
                "Infrastructure Books",
                "/browse/books/infrastructure-books/3920_582349_2737937"
            ],
            [
                "Fisheries & Aquaculture Technology & Engineering Books",
                "/browse/books/fisheries-aquaculture-technology-engineering-books/3920_9842685_8901905_4597378"
            ],
            [
                "Energy Policy Books",
                "/browse/books/energy-policy-books/3920_5764957_4155418_5993903"
            ],
            [
                "Colonial United States History Books",
                "/browse/books/colonial-united-states-history-books/3920_582331_583318_6359814"
            ],
            [
                "Imperialism Political Books",
                "/browse/books/imperialism-political-books/3920_5764957_6590008"
            ],
            [
                "Fossil Fuels Power Resources Books",
                "/browse/books/fossil-fuels-power-resources-books/3920_9842685_8901905_7845454_7293694"
            ],
            [
                "Mining Technology & Engineering Books",
                "/browse/books/mining-technology-engineering-books/3920_9842685_8901905_9991846"
            ]
        ]
    },
    {
        "title": "The Complete Illustrated Kama Sutra (Hardcover)",
        "url": "https://www.walmart.com/ip/Complete-Illustrated-Kama-Sutra-Hardcover-9780892811380/2277604",
        "price": "$22.32",
        "stars": 0,
        "ratings": 0,
        "img": "i5.walmartimages.com/asr/f8990f81-4b07-407e-a424-37cffc2fd9b2_1.346e416882b06dada456e7b910305a15.jpeg?odnWidth=612&odnHeight=612&odnBg=ffffff",
        "tags": [
            [
                "Paul's Letters",
                "/browse/books/pauls-letters/3920_1987289_582374_2718157_2998326"
            ],
            [
                "New Testament",
                "/browse/books/new-testament/3920_1987289_582374_2411646_3495144"
            ],
            [
                "Social Issues",
                "/browse/books/social-issues/3920_1987289_582374_8324310_7114936"
            ],
            [
                "Human Sexuality Psychology Books",
                "/browse/books/human-sexuality-psychology-books/3920_2761424_3385531_7397811"
            ],
            [
                "Sexual Instruction Self-Help Books",
                "/browse/books/sexual-instruction-self-help-books/3920_5642757_7838853"
            ],
            [
                "Love & Romance",
                "/browse/books/love-romance/3920_5642757_6055772_7847489"
            ],
            [
                "Clergy",
                "/browse/books/clergy/3920_1987289_582055_9144782"
            ],
            [
                "Love & Marriage",
                "/browse/books/love-marriage/3920_1987289_582374_8324310_9552786"
            ]
        ]
    },
    {
        "title": "Men, Women, and Worthiness : The Experience of Shame and the Power of Being Enough",
        "url": "https://www.walmart.com/ip/Men-Women-and-Worthiness-The-Experience-of-Shame-and-the-Power-of-Being-Enough-9781604078510/21276951",
        "price": "$15.32",
        "stars": 0,
        "ratings": 0,
        "img": "",
        "tags": [
            [
                "Intermediate Reading Kids' Books",
                "/browse/books/intermediate-reading-kids-books/3920_582053_1106635_2589848"
            ],
            [
                "Adult Non-Fiction Top 100",
                "/browse/books/adult-non-fiction-top-100/3920_1057224_3049267"
            ],
            [
                "Women in Business Books",
                "/browse/books/women-in-business-books/3920_582349_3438979"
            ],
            [
                "New King James Version",
                "/browse/books/new-king-james-version/3920_1987289_582374_9735184_5031088"
            ],
            [
                "General Animal Books",
                "/browse/books/general-animal-books/3920_8529612_4668181_9504516_6088800"
            ],
            [
                "Zoology Life Science Books",
                "/browse/books/zoology-life-science-books/3920_8529612_1841429_1678456_6890011"
            ],
            [
                "Leadership in Business Books",
                "/browse/books/leadership-in-business-books/3920_582349_7056456"
            ]
        ]
    },
    {
        "title": "On Killing : The Psychological Cost of Learning to Kill in War and Society",
        "url": "https://www.walmart.com/ip/On-Killing-The-Psychological-Cost-of-Learning-to-Kill-in-War-and-Society-9780316040938/10763141",
        "price": "$7.75",
        "stars": "4.0",
        "ratings": "13 ",
        "img": "",
        "tags": [
            [
                "Organizational Behavior Books",
                "/browse/books/organizational-behavior-books/3920_582349_1905322"
            ],
            [
                "Cognitive Psychology & Cognition Books",
                "/browse/books/cognitive-psychology-cognition-books/3920_2761424_3385531_2424973"
            ],
            [
                "General Psychotherapy Books",
                "/browse/books/general-psychotherapy-books/3920_2761424_3385531_2318869_3008400"
            ],
            [
                "Counseling Psychotherapy Books",
                "/browse/books/counseling-psychotherapy-books/3920_2761424_3385531_2318869_4223555"
            ],
            [
                "Social Philosophy Books",
                "/browse/books/social-philosophy-books/3920_7051956_5464314"
            ],
            [
                "Political Philosophy Books",
                "/browse/books/political-philosophy-books/3920_7051956_6993798"
            ],
            [
                "General Developmental Psychology Books",
                "/browse/books/general-developmental-psychology-books/3920_2761424_3385531_4783777_9278852"
            ],
            [
                "Lifespan Development Psychology Books",
                "/browse/books/lifespan-development-psychology-books/3920_2761424_3385531_4783777_9923339"
            ]
        ]
    },
    {
        "title": "The Turnaway Study : Ten Years, a Thousand Women, and the Consequences of Having\u2014or Being Denied\u2014an Abortion",
        "url": "https://www.walmart.com/ip/The-Turnaway-Study-Ten-Years-a-Thousand-Women-and-the-Consequences-of-Having-or-Being-Denied-an-Abortion-9781982141561/809969913",
        "price": "$20.53",
        "stars": 0,
        "ratings": 0,
        "img": "",
        "tags": [
            [
                "Education & Training in Psychology Books",
                "/browse/books/education-training-in-psychology-books/3920_2761424_3385531_2755536"
            ],
            [
                "Social Classes & Economic Disparity Books",
                "/browse/books/social-classes-economic-disparity-books/3920_2761424_8176770_3910022"
            ],
            [
                "Social Policy Books",
                "/browse/books/social-policy-books/3920_5764957_4155418_4301834"
            ],
            [
                "Children's Studies Books",
                "/browse/books/childrens-studies-books/3920_2761424_8176770_4902268"
            ],
            [
                "Couples & Family Psychotherapy Books",
                "/browse/books/couples-family-psychotherapy-books/3920_2761424_3385531_2318869_5061609"
            ],
            [
                "Marriage & Long-Term Relationships",
                "/browse/books/marriage-long-term-relationships/3920_5642757_6055772_6969997"
            ],
            [
                "Communication & Social Skills Self-Help Books",
                "/browse/books/communication-social-skills-self-help-books/3920_5642757_7069650"
            ],
            [
                "Love & Marriage",
                "/browse/books/love-marriage/3920_1987289_582374_8324310_9552786"
            ]
        ]
    },
    {
        "title": "DSM-5 Insanely Simplified: Unlocking the Spectrums within DSM-5 and ICD-10 (Paperback)",
        "url": "https://www.walmart.com/ip/DSM-5-Insanely-Simplified-Unlocking-the-Spectrums-within-DSM-5-and-ICD-10-Paperback-9781630512071/53287887",
        "price": "$19.95",
        "stars": 0,
        "ratings": 0,
        "img": "",
        "tags": [
            [
                "Compulsive Behavior Psychopathology Books",
                "/browse/books/compulsive-behavior-psychopathology-books/3920_2761424_3385531_6536134_3593637"
            ],
            [
                "Counseling Psychotherapy Books",
                "/browse/books/counseling-psychotherapy-books/3920_2761424_3385531_2318869_4223555"
            ],
            [
                "Neuroscience Books",
                "/browse/books/neuroscience-books/3920_3203859_4569824"
            ],
            [
                "Radiology, Radiotherapy & Nuclear Medicine Books",
                "/browse/books/radiology-radiotherapy-nuclear-medicine-books/3920_3203859_5160612"
            ],
            [
                "Social Science Research Books",
                "/browse/books/social-science-research-books/3920_2761424_8176770_5676289"
            ],
            [
                "Neurology Books",
                "/browse/books/neurology-books/3920_3203859_7904119"
            ],
            [
                "General Psychopathology Books",
                "/browse/books/general-psychopathology-books/3920_2761424_3385531_6536134_8908432"
            ],
            [
                "General Psychiatry Books",
                "/browse/books/general-psychiatry-books/3920_3203859_1473160_8923366"
            ]
        ]
    },
    {
        "title": "The Violence Inside Us : A Brief History of an Ongoing American Tragedy",
        "url": "https://www.walmart.com/ip/The-Violence-Inside-Us-A-Brief-History-of-an-Ongoing-American-Tragedy-9781984854575/871147830",
        "price": "$21.47",
        "stars": 0,
        "ratings": 0,
        "img": "",
        "tags": [
            [
                "Drugs Substance Abuse & Addictions Self-Help Books",
                "/browse/books/drugs-substance-abuse-addictions-self-help-books/3920_5642757_5797218_1510996"
            ],
            [
                "Safety",
                "/browse/books/safety/3920_582054_2357123"
            ],
            [
                "Disease & Health Issues Books",
                "/browse/books/disease-health-issues-books/3920_2761424_8176770_2414166"
            ],
            [
                "Social Classes & Economic Disparity Books",
                "/browse/books/social-classes-economic-disparity-books/3920_2761424_8176770_3910022"
            ],
            [
                "Civil Rights Political Books",
                "/browse/books/civil-rights-political-books/3920_5764957_4003633"
            ],
            [
                "Eastern European History Books",
                "/browse/books/eastern-european-history-books/3920_582331_583303_4563827"
            ],
            [
                "Violence & Harassment Education Books",
                "/browse/books/violence-harassment-education-books/3920_4284269_7366589"
            ],
            [
                "School Safety Books",
                "/browse/books/school-safety-books/3920_4284269_7244022_8682738"
            ]
        ]
    },
    {
        "title": "Getting Past Your Past: Take Control of Your Life with Self-Help Techniques from Emdr Therapy (Paperback)",
        "url": "https://www.walmart.com/ip/Getting-Past-Your-Past-Take-Control-of-Your-Life-with-Self-Help-Techniques-from-Emdr-Therapy-Paperback/21085359",
        "price": "$14.51",
        "stars": "3.0",
        "ratings": "2 ",
        "img": "i5.walmartimages.com/asr/1e2755b7-ae13-4750-9305-c3803599235a_1.136e36c715a99c7650dc4479f7a3f720.jpeg?odnWidth=612&odnHeight=612&odnBg=ffffff",
        "tags": [
            [
                "Adult Non-Fiction Top 100",
                "/browse/books/adult-non-fiction-top-100/3920_1057224_3049267"
            ],
            [
                "Mental Health Psychology Books",
                "/browse/books/mental-health-psychology-books/3920_2761424_3385531_3232391"
            ],
            [
                "Decision-Making & Problem Solving Books",
                "/browse/books/decision-making-problem-solving-books/3920_582349_3407088"
            ],
            [
                "Cognitive Neuroscience & Cognitive Neuropsychology Books",
                "/browse/books/cognitive-neuroscience-cognitive-neuropsychology-books/3920_2761424_3385531_4849246"
            ],
            [
                "General Economics Books",
                "/browse/books/general-economics-books/3920_582349_6503572_6352002"
            ],
            [
                "Love & Romance",
                "/browse/books/love-romance/3920_5642757_6055772_7847489"
            ],
            [
                "Happiness",
                "/browse/books/happiness/3920_5642757_9479316_9355247"
            ]
        ]
    }
]