[
    {
        "title": "Comfort & Joy : A Novel",
        "url": "https://www.walmart.com/ip/Comfort-Joy-A-Novel-9780345483799/4720733",
        "price": "$7.99",
        "stars": "4.0",
        "ratings": "21 ",
        "img": "i5.walmartimages.com/asr/411e1444-d9df-449d-a2cd-115e20cd5e6c_1.669b4fd929369d4f82dc773641e4a407.jpeg?odnWidth=612&odnHeight=612&odnBg=ffffff",
        "tags": [
            [
                "Time Travel Romance Books",
                "/browse/books/time-travel-romance-books/3920_582105_582052_1364486"
            ],
            [
                "Women's History Month Fiction",
                "/browse/books/womens-history-month-fiction/3920_4883891_2070999"
            ],
            [
                "Family Life Novels",
                "/browse/books/family-life-novels/3920_582105_9435716_2533058"
            ],
            [
                "Historical Romance Books",
                "/browse/books/historical-romance-books/3920_582105_582052_582614"
            ],
            [
                "Historical Fiction Novels",
                "/browse/books/historical-fiction-novels/3920_582105_9435716_584298"
            ],
            [
                "Mother's Day Literature & Fiction Books",
                "/browse/books/mothers-day-literature-fiction-books/3920_7458265_8021836"
            ],
            [
                "Adult Fiction Top 100",
                "/browse/books/adult-fiction-top-100/3920_1057224_9885630"
            ]
        ]
    },
    {
        "title": "The Tattooist of Auschwitz (Hardcover)",
        "url": "https://www.walmart.com/ip/The-Tattooist-of-Auschwitz-Hardcover-9780062870674/371284511",
        "price": "$19.09",
        "stars": "4.0",
        "ratings": "46 ",
        "img": "",
        "tags": [
            [
                "Jewish Novels",
                "/browse/books/jewish-novels/3920_582105_9435716_1417408"
            ],
            [
                "Women's History Month Fiction",
                "/browse/books/womens-history-month-fiction/3920_4883891_2070999"
            ],
            [
                "Literary Novels",
                "/browse/books/literary-novels/3920_582105_9435716_584303"
            ],
            [
                "Beach Reads",
                "/browse/books/beach-reads/3920_6726310_6241069"
            ],
            [
                "Cultural Heritage Novels",
                "/browse/books/cultural-heritage-novels/3920_582105_9435716_7003457"
            ],
            [
                "Adult Fiction Top 100",
                "/browse/books/adult-fiction-top-100/3920_1057224_9885630"
            ]
        ]
    },
    {
        "title": "Virgil Flowers Novel: Bloody Genius (Series #12) (Paperback)",
        "url": "https://www.walmart.com/ip/Virgil-Flowers-Novel-Bloody-Genius-Series-12-Paperback-9780525536635/949280169",
        "price": "$8.49",
        "stars": "5.0",
        "ratings": "1 ",
        "img": "",
        "tags": [
            [
                "General Thriller & Suspense Books",
                "/browse/books/general-thriller-suspense-books/3920_582105_9435716_586706_586718_1367237"
            ],
            [
                "Psychological Thriller Books",
                "/browse/books/psychological-thriller-books/3920_582105_9435716_586706_586718_2227731"
            ],
            [
                "Crime Thriller Books",
                "/browse/books/crime-thriller-books/3920_582105_9435716_586706_586718_2676129"
            ],
            [
                "General Mystery & Detective Books",
                "/browse/books/general-mystery-detective-books/3920_582105_9435716_586706_3971473_586710"
            ],
            [
                "Police Procedural Books",
                "/browse/books/police-procedural-books/3920_582105_9435716_586706_3971473_586714"
            ],
            [
                "Suspense Books",
                "/browse/books/suspense-books/3920_582105_9435716_586706_586718_7642795"
            ],
            [
                "Adult Fiction Top 100",
                "/browse/books/adult-fiction-top-100/3920_1057224_9885630"
            ]
        ]
    },
    {
        "title": "Bombshell",
        "url": "https://www.walmart.com/ip/Bombshell-9780593083253/147545476",
        "price": "$13.99",
        "stars": "5.0",
        "ratings": "1 ",
        "img": "",
        "tags": [
            [
                "General Thriller & Suspense Books",
                "/browse/books/general-thriller-suspense-books/3920_582105_9435716_586706_586718_1367237"
            ],
            [
                "Midwest State & Local United States History Books",
                "/browse/books/midwest-state-local-united-states-history-books/3920_582331_583318_8751259_2590618"
            ],
            [
                "Short Story Books",
                "/browse/books/short-story-books/3920_582105_9435716_584307"
            ],
            [
                "Western Novels",
                "/browse/books/western-novels/3920_582105_9435716_584309"
            ],
            [
                "African American Novels",
                "/browse/books/african-american-novels/3920_582105_9435716_586793"
            ],
            [
                "Hockey Books",
                "/browse/books/hockey-books/3920_8924365_6474089"
            ],
            [
                "Harry Potter",
                "/browse/books/harry-potter/3920_582053_7559307"
            ],
            [
                "MLB Books",
                "/browse/books/mlb-books/3920_8924365_8749248"
            ]
        ]
    },
    {
        "title": "Amish of Birch Creek Novel: A Reluctant Bride (Paperback)",
        "url": "https://www.walmart.com/ip/Amish-of-Birch-Creek-Novel-A-Reluctant-Bride-Paperback-9780310353638/387688068",
        "price": "$7.18",
        "stars": "4.0",
        "ratings": "4 ",
        "img": "",
        "tags": [
            [
                "Harlequin Thriller",
                "/browse/books/harlequin-thriller/3920_582105_582052_8816794_1435600"
            ],
            [
                "Romance",
                "/browse/books/romance/3920_1987289_582374_5422910_2168201"
            ],
            [
                "Religious",
                "/browse/books/religious/3920_1987289_582374_5422910_4535371"
            ],
            [
                "Small Town & Rural Novels",
                "/browse/books/small-town-rural-novels/3920_582105_9435716_4820292"
            ],
            [
                "Suspense Romance Books",
                "/browse/books/suspense-romance-books/3920_582105_582052_586193"
            ],
            [
                "Suspense",
                "/browse/books/suspense/3920_1987289_582374_5422910_8985415"
            ],
            [
                "Clean & Wholesome Romance Books",
                "/browse/books/clean-wholesome-romance-books/3920_582105_582052_9145847"
            ]
        ]
    },
    {
        "title": "The Babysitter",
        "url": "https://www.walmart.com/ip/The-Babysitter-9781420150759/487884476",
        "price": "$4.98",
        "stars": "4.0",
        "ratings": "1 ",
        "img": "",
        "tags": [
            [
                "General Thriller & Suspense Books",
                "/browse/books/general-thriller-suspense-books/3920_582105_9435716_586706_586718_1367237"
            ],
            [
                "Psychological Thriller Books",
                "/browse/books/psychological-thriller-books/3920_582105_9435716_586706_586718_2227731"
            ],
            [
                "Crime Thriller Books",
                "/browse/books/crime-thriller-books/3920_582105_9435716_586706_586718_2676129"
            ],
            [
                "Horror Novels",
                "/browse/books/horror-novels/3920_582105_9435716_584301"
            ],
            [
                "Beach Reads",
                "/browse/books/beach-reads/3920_6726310_6241069"
            ],
            [
                "Adult Fiction Top 100",
                "/browse/books/adult-fiction-top-100/3920_1057224_9885630"
            ]
        ]
    },
    {
        "title": "The Lord of the Rings : 50th Anniversary Edition",
        "url": "https://www.walmart.com/ip/The-Lord-of-the-Rings-50th-Anniversary-Edition-9780395517659/3061953",
        "price": "$58.56",
        "stars": "4.9",
        "ratings": "19 ",
        "img": "",
        "tags": [
            [
                "Action & Adventure Fantasy Books",
                "/browse/books/action-adventure-fantasy-books/3920_582105_9435716_586163_586162_1603498"
            ],
            [
                "Comic-Con Books",
                "/browse/comic-con-books/3920_2196908"
            ],
            [
                "The Witcher Books",
                "/browse/books/the-witcher-books/3920_582105_9435716_586163_4145993"
            ],
            [
                "Classic Novels",
                "/browse/books/classic-novels/3920_582105_9435716_584294"
            ],
            [
                "General Fantasy Books",
                "/browse/books/general-fantasy-books/3920_582105_9435716_586163_586162_586689"
            ],
            [
                "General Fantasy Teen & Young Adult Books",
                "/browse/books/general-fantasy-teen-young-adult-books/3920_1068785_2702343_5743566_8079018"
            ],
            [
                "Adult Fiction Top 100",
                "/browse/books/adult-fiction-top-100/3920_1057224_9885630"
            ]
        ]
    },
    {
        "title": "Cemetery Road (Paperback)",
        "url": "https://www.walmart.com/ip/Cemetery-Road-Paperback-9780062824677/840010797",
        "price": "$9.99",
        "stars": 0,
        "ratings": 0,
        "img": "",
        "tags": [
            [
                "Crime Thriller Books",
                "/browse/books/crime-thriller-books/3920_582105_9435716_586706_586718_2676129"
            ],
            [
                "Legal Novels",
                "/browse/books/legal-novels/3920_582105_9435716_3943212"
            ],
            [
                "Beach Reads",
                "/browse/books/beach-reads/3920_6726310_6241069"
            ],
            [
                "Suspense Books",
                "/browse/books/suspense-books/3920_582105_9435716_586706_586718_7642795"
            ],
            [
                "Crime Mystery & Detective Books",
                "/browse/books/crime-mystery-detective-books/3920_582105_9435716_586706_3971473_9725060"
            ],
            [
                "Adult Fiction Top 100",
                "/browse/books/adult-fiction-top-100/3920_1057224_9885630"
            ]
        ]
    },
    {
        "title": "Elevation (Paperback)",
        "url": "https://www.walmart.com/ip/Elevation-Paperback-9781982102326/539371602",
        "price": "$9.26",
        "stars": "4.2",
        "ratings": "34 ",
        "img": "i5.walmartimages.com/asr/5b80f174-30ec-4f41-8c62-c6ce3bb9d513_1.81e5b593ce5ba0aee326a0d4e8300093.jpeg?odnWidth=612&odnHeight=612&odnBg=ffffff",
        "tags": [
            [
                "Media Tie-In Novels",
                "/browse/books/media-tie-in-novels/3920_582105_9435716_584212"
            ],
            [
                "Anthologies",
                "/browse/books/anthologies/3920_582105_9435716_584293"
            ],
            [
                "Horror Novels",
                "/browse/books/horror-novels/3920_582105_9435716_584301"
            ],
            [
                "Supernatural Thriller Books",
                "/browse/books/supernatural-thriller-books/3920_582105_9435716_586706_586718_6097731"
            ],
            [
                "Design, Drafting, Drawing & Presentation Books",
                "/browse/books/design-drafting-drawing-presentation-books/3920_582321_4942684_6326111"
            ],
            [
                "Expeditions & Discoveries History Books",
                "/browse/books/expeditions-discoveries-history-books/3920_582331_6624088"
            ],
            [
                "Adult Fiction Top 100",
                "/browse/books/adult-fiction-top-100/3920_1057224_9885630"
            ]
        ]
    },
    {
        "title": "Krewe of Hunters, 16: The Forgotten (Paperback)",
        "url": "https://www.walmart.com/ip/Krewe-of-Hunters-16-The-Forgotten-Paperback-9780778317890/44780932",
        "price": "$5.98",
        "stars": "3.0",
        "ratings": "2 ",
        "img": "",
        "tags": [
            [
                "Psychological Novels",
                "/browse/books/psychological-novels/3920_582105_9435716_3215013"
            ],
            [
                "Fantasy Romance Books",
                "/browse/books/fantasy-romance-books/3920_582105_582052_582612"
            ],
            [
                "General Romance Books",
                "/browse/books/general-romance-books/3920_582105_582052_582613"
            ],
            [
                "Suspense Romance Books",
                "/browse/books/suspense-romance-books/3920_582105_582052_586193"
            ],
            [
                "Visionary & Metaphysical Novels",
                "/browse/books/visionary-metaphysical-novels/3920_582105_9435716_587193"
            ],
            [
                "Supernatural Thriller Books",
                "/browse/books/supernatural-thriller-books/3920_582105_9435716_586706_586718_6097731"
            ],
            [
                "Ghost Novels",
                "/browse/books/ghost-novels/3920_582105_9435716_7250305"
            ]
        ]
    }
]