[
    {
        "title": "The Summer House",
        "url": "https://www.walmart.com/ip/The-Summer-House-9780316539555/785202890",
        "price": "$19.44",
        "stars": "4.6",
        "ratings": "8 ",
        "img": "",
        "tags": [
            [
                "Legal Thriller Books",
                "/browse/books/legal-thriller-books/3920_582105_9435716_586706_586718_2139314"
            ],
            [
                "Crime Thriller Books",
                "/browse/books/crime-thriller-books/3920_582105_9435716_586706_586718_2676129"
            ],
            [
                "Contemporary Romance Books",
                "/browse/books/contemporary-romance-books/3920_582105_582052_582611"
            ],
            [
                "Contemporary Women Novels",
                "/browse/books/contemporary-women-novels/3920_582105_9435716_632159"
            ],
            [
                "Suspense Books",
                "/browse/books/suspense-books/3920_582105_9435716_586706_586718_7642795"
            ],
            [
                "Adult Fiction Top 100",
                "/browse/books/adult-fiction-top-100/3920_1057224_9885630"
            ]
        ]
    },
    {
        "title": "In the Time of the Butterflies - Paperback",
        "url": "https://www.walmart.com/ip/In-the-Time-of-the-Butterflies-Paperback-9781565129764/12424545",
        "price": "$14.42",
        "stars": "4.2",
        "ratings": "39 ",
        "img": "",
        "tags": [
            [
                "Women's History Month Fiction",
                "/browse/books/womens-history-month-fiction/3920_4883891_2070999"
            ],
            [
                "Classic Novels",
                "/browse/books/classic-novels/3920_582105_9435716_584294"
            ],
            [
                "General Fiction Books",
                "/browse/books/general-fiction-books/3920_582105_9435716_584297"
            ],
            [
                "Historical Fiction Novels",
                "/browse/books/historical-fiction-novels/3920_582105_9435716_584298"
            ],
            [
                "Beach Reads",
                "/browse/books/beach-reads/3920_6726310_6241069"
            ],
            [
                "Contemporary Women Novels",
                "/browse/books/contemporary-women-novels/3920_582105_9435716_632159"
            ],
            [
                "Adult Fiction Top 100",
                "/browse/books/adult-fiction-top-100/3920_1057224_9885630"
            ]
        ]
    },
    {
        "title": "The Christmas Table (Hardcover)",
        "url": "https://www.walmart.com/ip/The-Christmas-Table-Hardcover-9781250164674/438291737",
        "price": "$15.02",
        "stars": 0,
        "ratings": 0,
        "img": "",
        "tags": [
            [
                "Harlequin Western",
                "/browse/books/harlequin-western/3920_582105_582052_8816794_2560306"
            ],
            [
                "Hallmark Books",
                "/browse/books/hallmark-books/3920_582105_582052_3562988"
            ],
            [
                "Romance Collections & Anthologies",
                "/browse/books/romance-collections-anthologies/3920_582105_582052_582610"
            ],
            [
                "Contemporary Romance Books",
                "/browse/books/contemporary-romance-books/3920_582105_582052_582611"
            ],
            [
                "Romantic Comedy Books",
                "/browse/books/romantic-comedy-books/3920_582105_582052_586191"
            ],
            [
                "Classic & Allegory",
                "/browse/books/classic-allegory/3920_1987289_582374_5422910_7483419"
            ],
            [
                "Holiday Romance Books",
                "/browse/books/holiday-romance-books/3920_582105_582052_8855511"
            ],
            [
                "Clean & Wholesome Romance Books",
                "/browse/books/clean-wholesome-romance-books/3920_582105_582052_9145847"
            ]
        ]
    },
    {
        "title": "Remembering Tomorrow: Dune (Paperback)",
        "url": "https://www.walmart.com/ip/Remembering-Tomorrow-Dune-Paperback-9780441172719/444418",
        "price": "$9.95",
        "stars": "4.3",
        "ratings": "220 ",
        "img": "",
        "tags": [
            [
                "Banned Science Fiction & Fantasy Books",
                "/browse/books/banned-science-fiction-fantasy-books/3920_7957549_5716639"
            ],
            [
                "Literary Novels",
                "/browse/books/literary-novels/3920_582105_9435716_584303"
            ],
            [
                "General Science Fiction Books",
                "/browse/books/general-science-fiction-books/3920_582105_9435716_586163_1469104_586696"
            ],
            [
                "Space Opera Books",
                "/browse/books/space-opera-books/3920_582105_9435716_586163_1469104_586702"
            ],
            [
                "College Back to School Books",
                "/browse/books/college-back-to-school-books/3920_8955258_7993255"
            ],
            [
                "Adult Fiction Top 100",
                "/browse/books/adult-fiction-top-100/3920_1057224_9885630"
            ],
            [
                "Banned Literary Classic Books",
                "/browse/books/banned-literary-classic-books/3920_7957549_9906601"
            ]
        ]
    },
    {
        "title": "This Tender Land (Hardcover)",
        "url": "https://www.walmart.com/ip/This-Tender-Land-Hardcover-9781432869342/271454457",
        "price": "$37.06",
        "stars": 0,
        "ratings": 0,
        "img": "i5.walmartimages.com/asr/bab9be29-a8c5-46df-9a05-f2d0c6675f1f_5.6897ac3d6affd88de1cd0626d5e39d3b.jpeg?odnWidth=612&odnHeight=612&odnBg=ffffff",
        "tags": [
            [
                "General Thriller & Suspense Books",
                "/browse/books/general-thriller-suspense-books/3920_582105_9435716_586706_586718_1367237"
            ],
            [
                "Literary Novels",
                "/browse/books/literary-novels/3920_582105_9435716_584303"
            ],
            [
                "Short Story Books",
                "/browse/books/short-story-books/3920_582105_9435716_584307"
            ],
            [
                "Western Novels",
                "/browse/books/western-novels/3920_582105_9435716_584309"
            ],
            [
                "African American Novels",
                "/browse/books/african-american-novels/3920_582105_9435716_586793"
            ],
            [
                "Hockey Books",
                "/browse/books/hockey-books/3920_8924365_6474089"
            ],
            [
                "Harry Potter",
                "/browse/books/harry-potter/3920_582053_7559307"
            ],
            [
                "MLB Books",
                "/browse/books/mlb-books/3920_8924365_8749248"
            ]
        ]
    },
    {
        "title": "Noel Collection: Noel Street (Hardcover)",
        "url": "https://www.walmart.com/ip/Noel-Collection-Noel-Street-Hardcover-9781982129583/923643557",
        "price": "$7.99",
        "stars": 0,
        "ratings": 0,
        "img": "i5.walmartimages.com/asr/b655ad29-7a49-47d5-8b4f-cdaf5e7a8980_1.78dfdcb8e27719536867b49b9c249252.jpeg?odnWidth=612&odnHeight=612&odnBg=ffffff",
        "tags": [
            [
                "Harlequin Western",
                "/browse/books/harlequin-western/3920_582105_582052_8816794_2560306"
            ],
            [
                "Hallmark Books",
                "/browse/books/hallmark-books/3920_582105_582052_3562988"
            ],
            [
                "Romance Collections & Anthologies",
                "/browse/books/romance-collections-anthologies/3920_582105_582052_582610"
            ],
            [
                "Contemporary Romance Books",
                "/browse/books/contemporary-romance-books/3920_582105_582052_582611"
            ],
            [
                "Romantic Comedy Books",
                "/browse/books/romantic-comedy-books/3920_582105_582052_586191"
            ],
            [
                "Classic & Allegory",
                "/browse/books/classic-allegory/3920_1987289_582374_5422910_7483419"
            ],
            [
                "Holiday Romance Books",
                "/browse/books/holiday-romance-books/3920_582105_582052_8855511"
            ],
            [
                "Clean & Wholesome Romance Books",
                "/browse/books/clean-wholesome-romance-books/3920_582105_582052_9145847"
            ]
        ]
    },
    {
        "title": "Flint : A Novel",
        "url": "https://www.walmart.com/ip/Flint-A-Novel-9780553252316/405607",
        "price": "$7.01",
        "stars": "4.4",
        "ratings": "5 ",
        "img": "i5.walmartimages.com/asr/a0b0e5a3-5006-42af-9a37-a8cf7ad467ac_1.ff5434f0f12aed66b102b3822a5174b2.jpeg?odnWidth=612&odnHeight=612&odnBg=ffffff",
        "tags": [
            [
                "NHL Books",
                "/browse/books/nhl-books/3920_8924365_2371661"
            ],
            [
                "Midwest State & Local United States History Books",
                "/browse/books/midwest-state-local-united-states-history-books/3920_582331_583318_8751259_2590618"
            ],
            [
                "Action & Adventure Novels",
                "/browse/books/action-adventure-novels/3920_582105_9435716_583290"
            ],
            [
                "Short Story Books",
                "/browse/books/short-story-books/3920_582105_9435716_584307"
            ],
            [
                "Hockey Books",
                "/browse/books/hockey-books/3920_8924365_6474089"
            ],
            [
                "History of Automotive Transportation Books",
                "/browse/books/history-of-automotive-transportation-books/3920_9842685_1557508_3930373_7023974"
            ],
            [
                "Action & Adventure Romance Books",
                "/browse/books/action-adventure-romance-books/3920_582105_582052_8143897"
            ],
            [
                "MLB Books",
                "/browse/books/mlb-books/3920_8924365_8749248"
            ]
        ]
    },
    {
        "title": "The Woman in the Woods : A Thriller",
        "url": "https://www.walmart.com/ip/The-Woman-in-the-Woods-A-Thriller-9781501171932/889517410",
        "price": "$4.99",
        "stars": 0,
        "ratings": 0,
        "img": "",
        "tags": [
            [
                "Crime Thriller Books",
                "/browse/books/crime-thriller-books/3920_582105_9435716_586706_586718_2676129"
            ],
            [
                "Psychological Novels",
                "/browse/books/psychological-novels/3920_582105_9435716_3215013"
            ],
            [
                "Action & Adventure Novels",
                "/browse/books/action-adventure-novels/3920_582105_9435716_583290"
            ],
            [
                "Police Procedural Books",
                "/browse/books/police-procedural-books/3920_582105_9435716_586706_3971473_586714"
            ],
            [
                "Beach Reads",
                "/browse/books/beach-reads/3920_6726310_6241069"
            ],
            [
                "Suspense Books",
                "/browse/books/suspense-books/3920_582105_9435716_586706_586718_7642795"
            ],
            [
                "Crime Mystery & Detective Books",
                "/browse/books/crime-mystery-detective-books/3920_582105_9435716_586706_3971473_9725060"
            ]
        ]
    },
    {
        "title": "Frozen Coloring Book : Jumbo Coloring Book for Kids Ages 3-7, Frozen Coloring Book (Unofficial) (Paperback)",
        "url": "https://www.walmart.com/ip/Frozen-Coloring-Book-Jumbo-Coloring-Book-for-Kids-Ages-3-7-Frozen-Coloring-Book-Unofficial-Paperback-9781709641367/224060095",
        "price": "$12.68",
        "stars": "5.0",
        "ratings": "1 ",
        "img": "",
        "tags": [
            [
                "Kids' Activity Books",
                "/browse/books/kids-activity-books/3920_582053_1099163"
            ],
            [
                "Book",
                "/browse/books/book/3920_582321_9365291_2752272"
            ],
            [
                "Book Printing & Binding Crafts & Hobbies Books",
                "/browse/books/book-printing-binding-crafts-hobbies-books/3920_582361_4766228"
            ],
            [
                "Girls & Women Kids' Books",
                "/browse/books/girls-women-kids-books/3920_582053_585984"
            ],
            [
                "Paw Patrol Books",
                "/browse/books/paw-patrol-books/3920_582053_8467779_6004147"
            ],
            [
                "Crafts for Children Books",
                "/browse/books/crafts-for-children-books/3920_582361_7334565"
            ],
            [
                "Frozen Books",
                "/browse/books/frozen-books/3920_582053_2163722_9775777"
            ]
        ]
    },
    {
        "title": "The Rise of Magicks : Chronicles of the One, Book 3",
        "url": "https://www.walmart.com/ip/The-Rise-of-Magicks-Chronicles-of-the-One-Book-3-9781250123039/645120317",
        "price": "$14.49",
        "stars": "5.0",
        "ratings": "11 ",
        "img": "i5.walmartimages.com/asr/f2406fa6-eafd-415a-9fb1-a325caf8b92b_1.8162f36185cab38906c9b3cebfcdd180.jpeg?odnWidth=612&odnHeight=612&odnBg=ffffff",
        "tags": [
            [
                "Paranormal Fantasy Books",
                "/browse/books/paranormal-fantasy-books/3920_582105_9435716_586163_586162_2021157"
            ],
            [
                "Apocalyptic & Post-Apocalyptic Science Fiction Books",
                "/browse/books/apocalyptic-post-apocalyptic-science-fiction-books/3920_582105_9435716_586163_1469104_4072597"
            ],
            [
                "Romance Collections & Anthologies",
                "/browse/books/romance-collections-anthologies/3920_582105_582052_582610"
            ],
            [
                "Contemporary Romance Books",
                "/browse/books/contemporary-romance-books/3920_582105_582052_582611"
            ],
            [
                "Paranormal Romance Books",
                "/browse/books/paranormal-romance-books/3920_582105_582052_582615"
            ],
            [
                "Harlequin Contemporary Romance",
                "/browse/books/harlequin-contemporary-romance/3920_582105_582052_8816794_6054474"
            ],
            [
                "Supernatural Thriller Books",
                "/browse/books/supernatural-thriller-books/3920_582105_9435716_586706_586718_6097731"
            ],
            [
                "Adult Fiction Top 100",
                "/browse/books/adult-fiction-top-100/3920_1057224_9885630"
            ]
        ]
    }
]