[
    {
        "title": "Painted Pony Creek, 1: Country Strong (Paperback)",
        "url": "https://www.walmart.com/ip/Painted-Pony-Creek-1-Country-Strong-Paperback-9781335474599/435025729",
        "price": "$7.94",
        "stars": 0,
        "ratings": 0,
        "img": "",
        "tags": [
            [
                "Harlequin Western",
                "/browse/books/harlequin-western/3920_582105_582052_8816794_2560306"
            ],
            [
                "Small Town & Rural Novels",
                "/browse/books/small-town-rural-novels/3920_582105_9435716_4820292"
            ],
            [
                "Western Novels",
                "/browse/books/western-novels/3920_582105_9435716_584309"
            ],
            [
                "African American Romance Books",
                "/browse/books/african-american-romance-books/3920_582105_582052_586147"
            ],
            [
                "Western Romance Books",
                "/browse/books/western-romance-books/3920_582105_582052_586194"
            ],
            [
                "Harlequin Contemporary Romance",
                "/browse/books/harlequin-contemporary-romance/3920_582105_582052_8816794_6054474"
            ],
            [
                "Clean & Wholesome Romance Books",
                "/browse/books/clean-wholesome-romance-books/3920_582105_582052_9145847"
            ]
        ]
    },
    {
        "title": "Carl Weber's Kingpins: Harlem (Paperback)",
        "url": "https://www.walmart.com/ip/Carl-Weber-s-Kingpins-Harlem-Paperback-9781645560715/283879569",
        "price": "$5.98",
        "stars": 0,
        "ratings": 0,
        "img": "",
        "tags": [
            [
                "Contemporary Romance Books",
                "/browse/books/contemporary-romance-books/3920_582105_582052_582611"
            ],
            [
                "Action & Adventure Novels",
                "/browse/books/action-adventure-novels/3920_582105_9435716_583290"
            ],
            [
                "Literary Novels",
                "/browse/books/literary-novels/3920_582105_9435716_584303"
            ],
            [
                "African American Romance Books",
                "/browse/books/african-american-romance-books/3920_582105_582052_586147"
            ],
            [
                "Harlequin Contemporary Romance",
                "/browse/books/harlequin-contemporary-romance/3920_582105_582052_8816794_6054474"
            ],
            [
                "Beach Reads",
                "/browse/books/beach-reads/3920_6726310_6241069"
            ],
            [
                "Urban Novels",
                "/browse/books/urban-novels/3920_582105_9435716_9877673"
            ],
            [
                "Adult Fiction Top 100",
                "/browse/books/adult-fiction-top-100/3920_1057224_9885630"
            ]
        ]
    },
    {
        "title": "Sugar Cookie Murder",
        "url": "https://www.walmart.com/ip/Sugar-Cookie-Murder-9780758288363/21048732",
        "price": "$7.99",
        "stars": "2.9",
        "ratings": "18 ",
        "img": "i5.walmartimages.com/asr/e2c74e25-4a01-48a5-ae48-ca78e78ebe9d_1.bfdc5a9a9ea248a88882d5da4210c7b1.jpeg?odnWidth=612&odnHeight=612&odnBg=ffffff",
        "tags": [
            [
                "General American Poetry Books",
                "/browse/books/general-american-poetry-books/3920_582105_9408377_5501336_3029471"
            ],
            [
                "Hallmark Books",
                "/browse/books/hallmark-books/3920_582105_582052_3562988"
            ],
            [
                "General Mystery & Detective Books",
                "/browse/books/general-mystery-detective-books/3920_582105_9435716_586706_3971473_586710"
            ],
            [
                "Historical Mystery Books",
                "/browse/books/historical-mystery-books/3920_582105_9435716_586706_3971473_586712"
            ],
            [
                "Traditional Mystery & Detective Books",
                "/browse/books/traditional-mystery-detective-books/3920_582105_9435716_586706_3971473_586719"
            ],
            [
                "Books with Women Sleuths",
                "/browse/books/books-with-women-sleuths/3920_582105_9435716_586706_3971473_586720"
            ],
            [
                "Guides & Reviews",
                "/browse/books/guides-reviews/3920_582321_6572320_6482205_6757338"
            ],
            [
                "Private Investigator Books",
                "/browse/books/private-investigator-books/3920_582105_9435716_586706_3971473_8061189"
            ]
        ]
    },
    {
        "title": "Brave New World and Brave New World Revisited (Paperback)",
        "url": "https://www.walmart.com/ip/Brave-New-World-and-Brave-New-World-Revisited-Paperback-9780060776091/3390471",
        "price": "$7.75",
        "stars": "3.5",
        "ratings": "11 ",
        "img": "",
        "tags": [
            [
                "Kids' Activity Books",
                "/browse/books/kids-activity-books/3920_582053_1099163"
            ],
            [
                "Genetic Engineering Science Fiction Books",
                "/browse/books/genetic-engineering-science-fiction-books/3920_582105_9435716_586163_1469104_2638618"
            ],
            [
                "Fantasy Comic Books for Kids",
                "/browse/books/fantasy-comic-books-for-kids/3920_582053_7035585_2665859"
            ],
            [
                "Birdwatching Guide Books",
                "/browse/books/birdwatching-guide-books/3920_8529612_4668181_5520589"
            ],
            [
                "General Fiction Books",
                "/browse/books/general-fiction-books/3920_582105_9435716_584297"
            ],
            [
                "Science Fiction Collections & Anthologies",
                "/browse/books/science-fiction-collections-anthologies/3920_582105_9435716_586163_1469104_586695"
            ],
            [
                "German History Books",
                "/browse/books/german-history-books/3920_582331_583303_6638837"
            ],
            [
                "King James Version",
                "/browse/books/king-james-version/3920_1987289_582374_9735184_8736310"
            ]
        ]
    },
    {
        "title": "Before We Were Yours : A Novel",
        "url": "https://www.walmart.com/ip/Before-We-Were-Yours-A-Novel-9780425284704/227470103",
        "price": "$17.00",
        "stars": "4.9",
        "ratings": "9 ",
        "img": "i5.walmartimages.com/asr/282ca422-4ebb-47e9-9470-c4137c07e9fd_1.3a19149f12066447d2657b092a943ecf.jpeg?odnWidth=612&odnHeight=612&odnBg=ffffff",
        "tags": [
            [
                "Women's History Month Fiction",
                "/browse/books/womens-history-month-fiction/3920_4883891_2070999"
            ],
            [
                "Historical Romance Books",
                "/browse/books/historical-romance-books/3920_582105_582052_582614"
            ],
            [
                "Literary Novels",
                "/browse/books/literary-novels/3920_582105_9435716_584303"
            ],
            [
                "African American Novels",
                "/browse/books/african-american-novels/3920_582105_9435716_586793"
            ],
            [
                "Beach Reads",
                "/browse/books/beach-reads/3920_6726310_6241069"
            ],
            [
                "Contemporary Women Novels",
                "/browse/books/contemporary-women-novels/3920_582105_9435716_632159"
            ],
            [
                "Adult Fiction Top 100",
                "/browse/books/adult-fiction-top-100/3920_1057224_9885630"
            ]
        ]
    },
    {
        "title": "One Dark Night: An Absolutely Gripping Crime Thriller with Unputdownable Mystery and Suspense (Paperback)",
        "url": "https://www.walmart.com/ip/One-Dark-Night-An-Absolutely-Gripping-Crime-Thriller-with-Unputdownable-Mystery-and-Suspense-Paperback-9781786817051/303493940",
        "price": "$13.88",
        "stars": "4.0",
        "ratings": "4 ",
        "img": "i5.walmartimages.com/asr/47948d36-2d6b-4d9e-83fc-7b838e010596_1.17ca8408e791e70bb0e11bb5915d7dbf.jpeg?odnWidth=612&odnHeight=612&odnBg=ffffff",
        "tags": [
            [
                "Psychological Thriller Books",
                "/browse/books/psychological-thriller-books/3920_582105_9435716_586706_586718_2227731"
            ],
            [
                "Psychological Novels",
                "/browse/books/psychological-novels/3920_582105_9435716_3215013"
            ],
            [
                "General Mystery & Detective Books",
                "/browse/books/general-mystery-detective-books/3920_582105_9435716_586706_3971473_586710"
            ],
            [
                "Police Procedural Books",
                "/browse/books/police-procedural-books/3920_582105_9435716_586706_3971473_586714"
            ],
            [
                "Suspense Books",
                "/browse/books/suspense-books/3920_582105_9435716_586706_586718_7642795"
            ],
            [
                "Private Investigator Books",
                "/browse/books/private-investigator-books/3920_582105_9435716_586706_3971473_8061189"
            ],
            [
                "Crime Mystery & Detective Books",
                "/browse/books/crime-mystery-detective-books/3920_582105_9435716_586706_3971473_9725060"
            ]
        ]
    },
    {
        "title": "The Rose That Grew from Concrete (Paperback)",
        "url": "https://www.walmart.com/ip/The-Rose-That-Grew-from-Concrete-Paperback-9780671028459/2184956",
        "price": "$6.75",
        "stars": "4.8",
        "ratings": "5 ",
        "img": "",
        "tags": [
            [
                "Orchestral Strings",
                "/browse/musical-instruments/orchestral-strings/7796869_3983498_3933845_1097967"
            ],
            [
                "All Woodwind Instruments",
                "/browse/musical-instruments/all-woodwind-instruments/7796869_3983498_9087652_1141074"
            ],
            [
                "Basic Violins",
                "/browse/musical-instruments/basic-violins/7796869_3983498_3933845_7826142_1336625"
            ],
            [
                "All Musical Instrument Accessories",
                "/browse/musical-instruments/all-musical-instrument-accessories/7796869_6171829_3297174"
            ],
            [
                "Guitar Pickups",
                "/browse/musical-instruments/guitar-pickups/7796869_6171829_6548527_4923424"
            ],
            [
                "Pianos",
                "/browse/musical-instruments/pianos/7796869_7773339_5652647"
            ],
            [
                "Shop Piano Keyboards by Size",
                "/browse/musical-instruments/shop-piano-keyboards-by-size/7796869_1128453_3376388_6600975"
            ]
        ]
    },
    {
        "title": "The Gift of Family",
        "url": "https://www.walmart.com/ip/The-Gift-of-Family-9781496730619/729943998",
        "price": "$17.98",
        "stars": 0,
        "ratings": 0,
        "img": "",
        "tags": [
            [
                "Harlequin Western",
                "/browse/books/harlequin-western/3920_582105_582052_8816794_2560306"
            ],
            [
                "Hallmark Books",
                "/browse/books/hallmark-books/3920_582105_582052_3562988"
            ],
            [
                "Romance Collections & Anthologies",
                "/browse/books/romance-collections-anthologies/3920_582105_582052_582610"
            ],
            [
                "Contemporary Romance Books",
                "/browse/books/contemporary-romance-books/3920_582105_582052_582611"
            ],
            [
                "Romantic Comedy Books",
                "/browse/books/romantic-comedy-books/3920_582105_582052_586191"
            ],
            [
                "Classic & Allegory",
                "/browse/books/classic-allegory/3920_1987289_582374_5422910_7483419"
            ],
            [
                "Holiday Romance Books",
                "/browse/books/holiday-romance-books/3920_582105_582052_8855511"
            ],
            [
                "Clean & Wholesome Romance Books",
                "/browse/books/clean-wholesome-romance-books/3920_582105_582052_9145847"
            ]
        ]
    },
    {
        "title": "Court of Thorns and Roses: A Court of Mist and Fury (Series #2) (Hardcover)",
        "url": "https://www.walmart.com/ip/Court-of-Thorns-and-Roses-A-Court-of-Mist-and-Fury-Series-2-Hardcover-9781635575576/361643011",
        "price": "$21.01",
        "stars": 0,
        "ratings": 0,
        "img": "",
        "tags": [
            [
                "Action & Adventure Fantasy Books",
                "/browse/books/action-adventure-fantasy-books/3920_582105_9435716_586163_586162_1603498"
            ],
            [
                "Dark Fantasy Books",
                "/browse/books/dark-fantasy-books/3920_582105_9435716_586163_586162_2556875"
            ],
            [
                "General Romance Teen & Young Adult Books",
                "/browse/books/general-romance-teen-young-adult-books/3920_1068785_7770710_2997766"
            ],
            [
                "Fantasy Romance Books",
                "/browse/books/fantasy-romance-books/3920_582105_582052_582612"
            ],
            [
                "Science Fiction, Fantasy & Magic Kids' Books",
                "/browse/books/science-fiction-fantasy-magic-kids-books/3920_582053_586182"
            ],
            [
                "Young Adult Books Top 100",
                "/browse/books/young-adult-books-top-100/3920_1057224_6231299"
            ],
            [
                "General Fantasy Teen & Young Adult Books",
                "/browse/books/general-fantasy-teen-young-adult-books/3920_1068785_2702343_5743566_8079018"
            ]
        ]
    },
    {
        "title": "Inn Boonsboro Trilogy: The Last Boyfriend (Series #02) (Paperback)",
        "url": "https://www.walmart.com/ip/Inn-Boonsboro-Trilogy-The-Last-Boyfriend-Series-02-Paperback-9780515151480/26791317",
        "price": "$5.98",
        "stars": "4.0",
        "ratings": "29 ",
        "img": "",
        "tags": [
            [
                "Harlequin Thriller",
                "/browse/books/harlequin-thriller/3920_582105_582052_8816794_1435600"
            ],
            [
                "Small Town & Rural Novels",
                "/browse/books/small-town-rural-novels/3920_582105_9435716_4820292"
            ],
            [
                "Romance Collections & Anthologies",
                "/browse/books/romance-collections-anthologies/3920_582105_582052_582610"
            ],
            [
                "Suspense Romance Books",
                "/browse/books/suspense-romance-books/3920_582105_582052_586193"
            ],
            [
                "Harlequin Contemporary Romance",
                "/browse/books/harlequin-contemporary-romance/3920_582105_582052_8816794_6054474"
            ],
            [
                "Beach Reads",
                "/browse/books/beach-reads/3920_6726310_6241069"
            ],
            [
                "Contemporary Women Novels",
                "/browse/books/contemporary-women-novels/3920_582105_9435716_632159"
            ]
        ]
    }
]