[
    {
        "title": "Handbook for the Recently Deceased Journal: Handbook For The Recently Deceased (Series #2) (Paperback)",
        "url": "https://www.walmart.com/ip/Handbook-for-the-Recently-Deceased-Journal-Handbook-For-The-Recently-Deceased-Series-2-Paperback-9781696567572/492859950",
        "price": "$6.99",
        "stars": "2.3",
        "ratings": "3 ",
        "img": "i5.walmartimages.com/asr/bc13935f-3f5f-406c-ab72-59e96928524a_1.78a55924c257c9f2963488650d1b946a.jpeg?odnWidth=612&odnHeight=612&odnBg=ffffff",
        "tags": [
            [
                "Plants & Animals Art Books",
                "/browse/books/plants-animals-art-books/3920_582321_6907922_9682242_1331853"
            ],
            [
                "Comedy Film Books",
                "/browse/books/comedy-film-books/3920_582321_6572320_5808584_3502940"
            ],
            [
                "Care & Restoration Antiques & Collectibles Books",
                "/browse/books/care-restoration-antiques-collectibles-books/3920_582361_1025960_3995842"
            ],
            [
                "Mindfulness & Meditation",
                "/browse/books/mindfulness-meditation/3920_1987289_5383544_6429422"
            ],
            [
                "Drawing Books",
                "/browse/books/drawing-books/3920_582321_6907922_9561236_8554153"
            ],
            [
                "Illustration Books",
                "/browse/books/illustration-books/3920_582321_9365291_2572982_9110114"
            ],
            [
                "Coloring Books",
                "/browse/books/coloring-books/3920_582321_6907922_9561236_9744706"
            ],
            [
                "General Crafts & Hobbies Books",
                "/browse/books/general-crafts-hobbies-books/3920_582361_9762077"
            ]
        ]
    },
    {
        "title": "Alfred's Basic Piano Library: Alfred's Basic Piano Library Lesson Book, Bk 1b (Paperback)",
        "url": "https://www.walmart.com/ip/Alfred-s-Basic-Piano-Library-Alfred-s-Basic-Piano-Library-Lesson-Book-Bk-1b-Paperback-9780882847894/3196134",
        "price": "$8.99",
        "stars": "5.0",
        "ratings": "1 ",
        "img": "",
        "tags": [
            [
                "Orchestral Strings",
                "/browse/musical-instruments/orchestral-strings/7796869_3983498_3933845_1097967"
            ],
            [
                "All Woodwind Instruments",
                "/browse/musical-instruments/all-woodwind-instruments/7796869_3983498_9087652_1141074"
            ],
            [
                "Basic Violins",
                "/browse/musical-instruments/basic-violins/7796869_3983498_3933845_7826142_1336625"
            ],
            [
                "All Musical Instrument Accessories",
                "/browse/musical-instruments/all-musical-instrument-accessories/7796869_6171829_3297174"
            ],
            [
                "Guitar Pickups",
                "/browse/musical-instruments/guitar-pickups/7796869_6171829_6548527_4923424"
            ],
            [
                "Pianos",
                "/browse/musical-instruments/pianos/7796869_7773339_5652647"
            ],
            [
                "Shop Piano Keyboards by Size",
                "/browse/musical-instruments/shop-piano-keyboards-by-size/7796869_1128453_3376388_6600975"
            ]
        ]
    },
    {
        "title": "Essential Elements for Band - Book 2 with Eei: F Horn (Paperback)",
        "url": "https://www.walmart.com/ip/Essential-Elements-for-Band-Book-2-with-Eei-F-Horn-Paperback-9780634012952/30171308",
        "price": "$10.38",
        "stars": 0,
        "ratings": 0,
        "img": "",
        "tags": [
            [
                "Orchestral Strings",
                "/browse/musical-instruments/orchestral-strings/7796869_3983498_3933845_1097967"
            ],
            [
                "All Woodwind Instruments",
                "/browse/musical-instruments/all-woodwind-instruments/7796869_3983498_9087652_1141074"
            ],
            [
                "Basic Violins",
                "/browse/musical-instruments/basic-violins/7796869_3983498_3933845_7826142_1336625"
            ],
            [
                "All Musical Instrument Accessories",
                "/browse/musical-instruments/all-musical-instrument-accessories/7796869_6171829_3297174"
            ],
            [
                "Guitar Pickups",
                "/browse/musical-instruments/guitar-pickups/7796869_6171829_6548527_4923424"
            ],
            [
                "Pianos",
                "/browse/musical-instruments/pianos/7796869_7773339_5652647"
            ],
            [
                "Shop Piano Keyboards by Size",
                "/browse/musical-instruments/shop-piano-keyboards-by-size/7796869_1128453_3376388_6600975"
            ]
        ]
    },
    {
        "title": "The Walking Dead: The Official Cookbook and Survival Guide",
        "url": "https://www.walmart.com/ip/The-Walking-Dead-The-Official-Cookbook-and-Survival-Guide/55784253",
        "price": "$22.06",
        "stars": "4.5",
        "ratings": "2 ",
        "img": "i5.walmartimages.com/asr/7a3416fd-ef3a-47cb-b13e-60984105c4fa_1.202759c978c49ecd51946031c0700705.jpeg?odnWidth=612&odnHeight=612&odnBg=ffffff",
        "tags": [
            [
                "The Walking Dead Toys",
                "/browse/shop-by-tv-show/the-walking-dead-toys/5984018_1849186_2644928"
            ],
            [
                "My Hero Academia Books & Comics",
                "/browse/shop-by-tv-show/my-hero-academia-books-comics/5984018_4401302_3088842"
            ],
            [
                "The Walking Dead TV Show",
                "/browse/shop-by-tv-show/the-walking-dead-tv-show/5984018_1849186_4686876"
            ],
            [
                "Game of Thrones Hoodies",
                "/browse/shop-by-tv-show/game-of-thrones-hoodies/5984018_3137262_1466076_4833290"
            ],
            [
                "Jon Snow",
                "/browse/shop-by-tv-show/jon-snow/5984018_3137262_9554887_7322623"
            ],
            [
                "Stranger Things Shop All",
                "/browse/shop-by-tv-show/stranger-things-shop-all/5984018_2835529_7500086"
            ],
            [
                "The Walking Dead Books & Comics",
                "/browse/shop-by-tv-show/the-walking-dead-books-comics/5984018_1849186_7770472"
            ],
            [
                "The Walking Dead Clothing",
                "/browse/shop-by-tv-show/the-walking-dead-clothing/5984018_1849186_8126899"
            ]
        ]
    },
    {
        "title": "Level 2b - Lesson Book: Piano Adventures (Paperback)",
        "url": "https://www.walmart.com/ip/Level-2b-Lesson-Book-Piano-Adventures-Paperback-9781616770846/13903834",
        "price": "$7.99",
        "stars": "5.0",
        "ratings": "2 ",
        "img": "",
        "tags": [
            [
                "Orchestral Strings",
                "/browse/musical-instruments/orchestral-strings/7796869_3983498_3933845_1097967"
            ],
            [
                "All Woodwind Instruments",
                "/browse/musical-instruments/all-woodwind-instruments/7796869_3983498_9087652_1141074"
            ],
            [
                "Basic Violins",
                "/browse/musical-instruments/basic-violins/7796869_3983498_3933845_7826142_1336625"
            ],
            [
                "All Musical Instrument Accessories",
                "/browse/musical-instruments/all-musical-instrument-accessories/7796869_6171829_3297174"
            ],
            [
                "Guitar Pickups",
                "/browse/musical-instruments/guitar-pickups/7796869_6171829_6548527_4923424"
            ],
            [
                "Pianos",
                "/browse/musical-instruments/pianos/7796869_7773339_5652647"
            ],
            [
                "Shop Piano Keyboards by Size",
                "/browse/musical-instruments/shop-piano-keyboards-by-size/7796869_1128453_3376388_6600975"
            ]
        ]
    },
    {
        "title": "Origami Paper 500 Sheets Kaleidoscope Patterns 6\" (15 CM): Tuttle Origami Paper: High-Quality Double-Sided Origami Sheets Printed with 12 Different Designs (Instructions for 6 Projects Included) (Othe",
        "url": "https://www.walmart.com/ip/Origami-Paper-500-Sheets-Kaleidoscope-Patterns-6-15-CM-Tuttle-Paper-High-Quality-Double-Sided-Printed-12-Different-Designs-Instructions-6-Projects-In/55746557",
        "price": "$12.95",
        "stars": "4.5",
        "ratings": "2 ",
        "img": "",
        "tags": [
            [
                "Classic Games",
                "/browse/toys/classic-games/4171_4191_2084995"
            ],
            [
                "Family Games",
                "/browse/toys/family-games/4171_4191_2335373_2204878"
            ],
            [
                "All Board Games",
                "/browse/toys/all-board-games/4171_4191_133123_4497274"
            ],
            [
                "Toys for Kids 2 to 4 Years",
                "/browse/toys/toys-for-kids-2-to-4-years/4171_3318550_7016108_4703344"
            ],
            [
                "Drawing & Coloring",
                "/browse/toys/drawing-coloring/4171_645779_613041"
            ],
            [
                "Fashion Dolls",
                "/browse/toys/fashion-dolls/4171_4187_8051423_7344622"
            ],
            [
                "Toys for Kids 5 to 7 Years",
                "/browse/toys/toys-for-kids-5-to-7-years/4171_3318550_617941_8920388"
            ]
        ]
    },
    {
        "title": "Vincent van Gogh Planner 2021 : Starry Night Planner Organizer - Calendar Year January - December 2021 (12 Months) - Large Artistic Monthly Weekly Daily Agenda Scheduler - For Meetings, Appointments, Goals, School or Work (Paperback)",
        "url": "https://www.walmart.com/ip/Vincent-van-Gogh-Planner-2021-Starry-Night-Organizer-Calendar-Year-January-December-12-Months-Large-Artistic-Monthly-Weekly-Daily-Agenda-Scheduler-Fo-9781952772795/254376570",
        "price": "$15.76",
        "stars": 0,
        "ratings": 0,
        "img": "",
        "tags": [
            [
                "Watercolor Painting Books",
                "/browse/books/watercolor-painting-books/3920_582321_6907922_9561236_2236238"
            ],
            [
                "Celebrity & Popular Culture",
                "/browse/books/celebrity-popular-culture/3920_4310685_3734822"
            ],
            [
                "Individual Artists Art Books",
                "/browse/books/individual-artists-art-books/3920_582321_6907922_5158962"
            ],
            [
                "Religious Art Books",
                "/browse/books/religious-art-books/3920_582321_6907922_9682242_5982485"
            ],
            [
                "General American Art Books",
                "/browse/books/general-american-art-books/3920_582321_6907922_2291955_6406520"
            ],
            [
                "Folk & Outsider Art Books",
                "/browse/books/folk-outsider-art-books/3920_582321_6907922_7290665"
            ],
            [
                "Painting Books",
                "/browse/books/painting-books/3920_582321_6907922_9561236_8457553"
            ],
            [
                "Guided Journals",
                "/browse/books/guided-journals/3920_582361_9999446_8488843"
            ]
        ]
    },
    {
        "title": "Stan Lee's Master Class : Lessons in Drawing, World-Building, Storytelling, Manga, and Digital Comics from the Legendary Co-creator of Spider-Man, The Avengers, and The Incredible Hulk",
        "url": "https://www.walmart.com/ip/Stan-Lee-s-Master-Class-Lessons-Drawing-World-Building-Storytelling-Manga-Digital-Comics-Legendary-Co-creator-Spider-Man-The-Avengers-Incredible-Hulk-9780823098439/957762409",
        "price": "$19.54",
        "stars": 0,
        "ratings": 0,
        "img": "",
        "tags": [
            [
                "Shop all Iron Man",
                "/browse/shop-by-movie/shop-all-iron-man/5920738_2554820_3815842_5739491_2311507"
            ],
            [
                "Darth Vader",
                "/browse/shop-by-movie/darth-vader/5920738_1229472_7208084_3698582"
            ],
            [
                "Captain America Books & Comics",
                "/browse/shop-by-movie/captain-america-books-comics/5920738_2554820_3815842_5518272_3930498"
            ],
            [
                "Iron Man Books & Comics",
                "/browse/shop-by-movie/iron-man-books-comics/5920738_2554820_3815842_5739491_4077612"
            ],
            [
                "Shop All X-Men",
                "/browse/shop-by-movie/shop-all-x-men/5920738_5754057_4815536"
            ],
            [
                "X-Men Books & Comics",
                "/browse/shop-by-movie/x-men-books-comics/5920738_5754057_6380436"
            ],
            [
                "Shop all Hulk",
                "/browse/shop-by-movie/shop-all-hulk/5920738_2554820_3815842_6278001_6742753"
            ],
            [
                "Thor Books & Comics",
                "/browse/shop-by-movie/thor-books-comics/5920738_2554820_3815842_6933626_9986863"
            ]
        ]
    },
    {
        "title": "Thomas Kinkade Gardens of Grace 2019 Wall Calendar",
        "url": "https://www.walmart.com/ip/Thomas-Kinkade-Gardens-of-Grace-2019-Wall-Calendar/323099988",
        "price": "$26.94",
        "stars": "5.0",
        "ratings": "1 ",
        "img": "",
        "tags": [
            [
                "All Planners",
                "/browse/office-supplies/all-planners/1229749_8412191_3635432_1044269"
            ],
            [
                "Monthly Planners",
                "/browse/office-supplies/monthly-planners/1229749_8412191_3635432_1739702"
            ],
            [
                "Classroom Decoration",
                "/browse/office-supplies/classroom-decoration/1229749_1086045_3462603_2126198"
            ],
            [
                "Whiteboards",
                "/browse/office-supplies/whiteboards/1229749_1565348_4161504"
            ],
            [
                "Teaching Aids",
                "/browse/office-supplies/teaching-aids/1229749_1086045_3462603_5447411"
            ],
            [
                "Desk Calendars",
                "/browse/office-supplies/desk-calendars/1229749_8412191_2274527_6089507"
            ],
            [
                "Dry Erase Calendar Boards",
                "/browse/office-supplies/dry-erase-calendar-boards/1229749_1565348_6953414"
            ],
            [
                "Wall Calendars",
                "/browse/office-supplies/wall-calendars/1229749_8412191_2274527_7175233"
            ]
        ]
    },
    {
        "title": "The Science of Interstellar (Paperback)",
        "url": "https://www.walmart.com/ip/The-Science-of-Interstellar-Paperback-9780393351378/40570225",
        "price": "$19.29",
        "stars": "4.7",
        "ratings": "3 ",
        "img": "i5.walmartimages.com/asr/4228cf8d-16ad-4216-896c-31fbac71db2c_1.29ea0f5e96fa2986a1d1110d94ab7983.jpeg?odnWidth=612&odnHeight=612&odnBg=ffffff",
        "tags": [
            [
                "Relativity Physics Books",
                "/browse/books/relativity-physics-books/3920_8529612_1841429_4851636_2606914"
            ],
            [
                "Adult Non-Fiction Top 100",
                "/browse/books/adult-non-fiction-top-100/3920_1057224_3049267"
            ],
            [
                "Cosmology Science Books",
                "/browse/books/cosmology-science-books/3920_8529612_1841429_3761380"
            ],
            [
                "Security in Politics Books",
                "/browse/books/security-in-politics-books/3920_5764957_5404186"
            ],
            [
                "General Science Books",
                "/browse/books/general-science-books/3920_8529612_1841429_6822946"
            ],
            [
                "Physics Science & Nature Teen & Young Adult Books",
                "/browse/books/physics-science-nature-teen-young-adult-books/3920_1068785_4668792_8593434"
            ],
            [
                "Science & Technology Policy Books",
                "/browse/books/science-technology-policy-books/3920_5764957_4155418_8805790"
            ],
            [
                "Astronomy Books",
                "/browse/books/astronomy-books/3920_8529612_1841429_9521002"
            ]
        ]
    }
]