[
    {
        "title": "Entrepreneur? Workbook, Bring Your Vision to Life: A 25 Day Journey for Christian Entrepreneurs (Paperback)",
        "url": "https://www.walmart.com/ip/Entrepreneur-Workbook-Bring-Your-Vision-to-Life-A-25-Day-Journey-for-Christian-Entrepreneurs-Paperback-9780983276821/53391090",
        "price": "$14.49",
        "stars": 0,
        "ratings": 0,
        "img": "",
        "tags": []
    },
    {
        "title": "Minimalist : How To Prepare & Control Your Minimalist Budget In 30 Days Or Less & Get More Money Out Of Life Now (Paperback)",
        "url": "https://www.walmart.com/ip/Minimalist-How-To-Prepare-Control-Your-Minimalist-Budget-In-30-Days-Or-Less-Get-More-Money-Out-Of-Life-Now-Paperback-9781320571012/900134460",
        "price": "$11.94",
        "stars": 0,
        "ratings": 0,
        "img": "",
        "tags": [
            [
                "General Personal Finance Books",
                "/browse/books/general-personal-finance-books/3920_582349_9861072_4713108"
            ],
            [
                "Personal Finance Retirement Planning Books",
                "/browse/books/personal-finance-retirement-planning-books/3920_582349_9861072_6419377"
            ],
            [
                "Personal Finance Money Management Books",
                "/browse/books/personal-finance-money-management-books/3920_582349_9861072_6759272"
            ],
            [
                "Inflation Books",
                "/browse/books/inflation-books/3920_582349_6877178"
            ],
            [
                "General Games & Activity Books",
                "/browse/books/general-games-activity-books/3920_582361_9999446_6935387"
            ],
            [
                "Office Automation Books",
                "/browse/books/office-automation-books/3920_582349_7192900"
            ],
            [
                "Budgeting Books",
                "/browse/books/budgeting-books/3920_582349_8969900"
            ],
            [
                "Banks & Banking Books",
                "/browse/books/banks-banking-books/3920_582349_9783809"
            ]
        ]
    },
    {
        "title": "How to Pay Zero Taxes: How to Pay Zero Taxes : Your Guide to Every Tax Break the IRS Allows (Edition 37) (Paperback)",
        "url": "https://www.walmart.com/ip/How-to-Pay-Zero-Taxes-How-to-Pay-Zero-Taxes-Your-Guide-to-Every-Tax-Break-the-IRS-Allows-Edition-37-Paperback-9781260461701/999091650",
        "price": "$18.71",
        "stars": 0,
        "ratings": 0,
        "img": "",
        "tags": [
            [
                "General Educational Books",
                "/browse/books/general-educational-books/3920_4284269_2841214"
            ],
            [
                "General Corporate Finance Books",
                "/browse/books/general-corporate-finance-books/3920_582349_3714548_4652380"
            ],
            [
                "Read Across America",
                "/browse/books/read-across-america/3920_582053_5445825"
            ],
            [
                "Taxation Law Books",
                "/browse/books/taxation-law-books/3920_1952589_6587437"
            ],
            [
                "General Real Estate Books",
                "/browse/books/general-real-estate-books/3920_582349_5738019_6595536"
            ],
            [
                "Personal Finance Taxation Books",
                "/browse/books/personal-finance-taxation-books/3920_582349_9861072_7208757"
            ],
            [
                "Economic Policy Books",
                "/browse/books/economic-policy-books/3920_5764957_4155418_9746073"
            ],
            [
                "Dr. Seuss",
                "/browse/books/dr-seuss/3920_582053_9858324"
            ]
        ]
    },
    {
        "title": "Whale Done! : The Power of Positive Relationships",
        "url": "https://www.walmart.com/ip/Whale-Done-The-Power-of-Positive-Relationships-9780743235389/1715556",
        "price": "$8.75",
        "stars": "3.0",
        "ratings": "2 ",
        "img": "",
        "tags": [
            [
                "Corporate & Business History Books",
                "/browse/books/corporate-business-history-books/3920_582349_2306820"
            ],
            [
                "Body Art & Tattooing Art Books",
                "/browse/books/body-art-tattooing-art-books/3920_582321_6907922_2358664"
            ],
            [
                "Organizational Development Books",
                "/browse/books/organizational-development-books/3920_582349_3077388"
            ],
            [
                "Leadership in Business Books",
                "/browse/books/leadership-in-business-books/3920_582349_7056456"
            ],
            [
                "Motivational Business & Money Books",
                "/browse/books/motivational-business-money-books/3920_582349_7534693"
            ],
            [
                "Harvard Business Review",
                "/browse/books/harvard-business-review/3920_582349_8933101"
            ],
            [
                "Animal Rights Books",
                "/browse/books/animal-rights-books/3920_8529612_4668181_9056375"
            ],
            [
                "Personal Success in Business & Money Books",
                "/browse/books/personal-success-in-business-money-books/3920_582349_9116217"
            ]
        ]
    },
    {
        "title": "The E Myth Revisited (Paperback)",
        "url": "https://www.walmart.com/ip/The-E-Myth-Revisited-Paperback-9780887307287/231706",
        "price": "$14.13",
        "stars": "4.1",
        "ratings": "14 ",
        "img": "",
        "tags": [
            [
                "Project Management Books",
                "/browse/walmart-for-business/project-management-books/6735581_8499989_1633591_1336074"
            ],
            [
                "Office Software",
                "/browse/walmart-for-business/office-software/6735581_8499989_1794508"
            ],
            [
                "Motivational & Personal Success Books",
                "/browse/walmart-for-business/motivational-personal-success-books/6735581_8499989_1633591_4891565"
            ],
            [
                "Management & Leadership Books",
                "/browse/walmart-for-business/management-leadership-books/6735581_8499989_1633591_6711821"
            ],
            [
                "Labels",
                "/browse/walmart-for-business/labels/6735581_6919605_3637763_6994621"
            ],
            [
                "Business Biographies & Memoirs",
                "/browse/walmart-for-business/business-biographies-memoirs/6735581_8499989_1633591_9300207"
            ],
            [
                "Marketing Books",
                "/browse/walmart-for-business/marketing-books/6735581_8499989_1633591_9847330"
            ],
            [
                "Investments & Securities Books",
                "/browse/walmart-for-business/investments-securities-books/6735581_8499989_1633591_9986455"
            ]
        ]
    },
    {
        "title": "The 21 Irrefutable Laws of Leadership Workbook (Paperback)",
        "url": "https://www.walmart.com/ip/The-21-Irrefutable-Laws-of-Leadership-Workbook-Paperback-9781418526153/5853376",
        "price": "$16.41",
        "stars": "5.0",
        "ratings": "4 ",
        "img": "",
        "tags": [
            [
                "Project Management Books",
                "/browse/walmart-for-business/project-management-books/6735581_8499989_1633591_1336074"
            ],
            [
                "File Folders",
                "/browse/walmart-for-business/file-folders/6735581_7802075_6070034_2547701"
            ],
            [
                "Motivational & Personal Success Books",
                "/browse/walmart-for-business/motivational-personal-success-books/6735581_8499989_1633591_4891565"
            ],
            [
                "Accounting & Finance Books",
                "/browse/walmart-for-business/accounting-finance-books/6735581_8499989_1633591_8157353"
            ],
            [
                "Cleaning Pads & Sponges",
                "/browse/walmart-for-business/cleaning-pads-sponges/6735581_4455635_5686252_8675008"
            ],
            [
                "Business Biographies & Memoirs",
                "/browse/walmart-for-business/business-biographies-memoirs/6735581_8499989_1633591_9300207"
            ],
            [
                "Marketing Books",
                "/browse/walmart-for-business/marketing-books/6735581_8499989_1633591_9847330"
            ],
            [
                "Investments & Securities Books",
                "/browse/walmart-for-business/investments-securities-books/6735581_8499989_1633591_9986455"
            ]
        ]
    },
    {
        "title": "How to Make Money in Stocks: A Winning System in Good Times and Bad, Fourth Edition (Paperback)",
        "url": "https://www.walmart.com/ip/How-to-Make-Money-in-Stocks-A-Winning-System-in-Good-Times-and-Bad-Fourth-Edition-Paperback/10241517",
        "price": "$17.58",
        "stars": "4.0",
        "ratings": "2 ",
        "img": "",
        "tags": [
            [
                "Project Management Books",
                "/browse/walmart-for-business/project-management-books/6735581_8499989_1633591_1336074"
            ],
            [
                "Office Software",
                "/browse/walmart-for-business/office-software/6735581_8499989_1794508"
            ],
            [
                "Motivational & Personal Success Books",
                "/browse/walmart-for-business/motivational-personal-success-books/6735581_8499989_1633591_4891565"
            ],
            [
                "Management & Leadership Books",
                "/browse/walmart-for-business/management-leadership-books/6735581_8499989_1633591_6711821"
            ],
            [
                "Labels",
                "/browse/walmart-for-business/labels/6735581_6919605_3637763_6994621"
            ],
            [
                "Business Biographies & Memoirs",
                "/browse/walmart-for-business/business-biographies-memoirs/6735581_8499989_1633591_9300207"
            ],
            [
                "Marketing Books",
                "/browse/walmart-for-business/marketing-books/6735581_8499989_1633591_9847330"
            ],
            [
                "Investments & Securities Books",
                "/browse/walmart-for-business/investments-securities-books/6735581_8499989_1633591_9986455"
            ]
        ]
    },
    {
        "title": "The Flipping Blueprint : The Complete Plan for Flipping Houses and Creating Your Real Estate-Investing Business",
        "url": "https://www.walmart.com/ip/The-Flipping-Blueprint-The-Complete-Plan-for-Flipping-Houses-and-Creating-Your-Real-Estate-Investing-Business-9781483590547/55623397",
        "price": "$16.24",
        "stars": 0,
        "ratings": 0,
        "img": "",
        "tags": []
    },
    {
        "title": "Thick Face, Black Heart : The Warrior Philosophy for Conquering the Challenges of Business and Life",
        "url": "https://www.walmart.com/ip/Thick-Face-Black-Heart-The-Warrior-Philosophy-for-Conquering-the-Challenges-of-Business-and-Life-9780446670203/443130",
        "price": "$16.68",
        "stars": "5.0",
        "ratings": "1 ",
        "img": "",
        "tags": [
            [
                "Project Management Books",
                "/browse/walmart-for-business/project-management-books/6735581_8499989_1633591_1336074"
            ],
            [
                "File Folders",
                "/browse/walmart-for-business/file-folders/6735581_7802075_6070034_2547701"
            ],
            [
                "Motivational & Personal Success Books",
                "/browse/walmart-for-business/motivational-personal-success-books/6735581_8499989_1633591_4891565"
            ],
            [
                "Accounting & Finance Books",
                "/browse/walmart-for-business/accounting-finance-books/6735581_8499989_1633591_8157353"
            ],
            [
                "Cleaning Pads & Sponges",
                "/browse/walmart-for-business/cleaning-pads-sponges/6735581_4455635_5686252_8675008"
            ],
            [
                "Business Biographies & Memoirs",
                "/browse/walmart-for-business/business-biographies-memoirs/6735581_8499989_1633591_9300207"
            ],
            [
                "Marketing Books",
                "/browse/walmart-for-business/marketing-books/6735581_8499989_1633591_9847330"
            ],
            [
                "Investments & Securities Books",
                "/browse/walmart-for-business/investments-securities-books/6735581_8499989_1633591_9986455"
            ]
        ]
    },
    {
        "title": "People Styles at Work...and Beyond : Making Bad Relationships Good and Good Relationships Better (Edition 2) (Paperback)",
        "url": "https://www.walmart.com/ip/People-Styles-at-Work-and-Beyond-Making-Bad-Relationships-Good-and-Good-Relationships-Better-Edition-2-Paperback-9780814413425/10870864",
        "price": "$22.22",
        "stars": 0,
        "ratings": 0,
        "img": "",
        "tags": [
            [
                "Project Management Books",
                "/browse/walmart-for-business/project-management-books/6735581_8499989_1633591_1336074"
            ],
            [
                "Office Software",
                "/browse/walmart-for-business/office-software/6735581_8499989_1794508"
            ],
            [
                "Motivational & Personal Success Books",
                "/browse/walmart-for-business/motivational-personal-success-books/6735581_8499989_1633591_4891565"
            ],
            [
                "Management & Leadership Books",
                "/browse/walmart-for-business/management-leadership-books/6735581_8499989_1633591_6711821"
            ],
            [
                "Labels",
                "/browse/walmart-for-business/labels/6735581_6919605_3637763_6994621"
            ],
            [
                "Business Biographies & Memoirs",
                "/browse/walmart-for-business/business-biographies-memoirs/6735581_8499989_1633591_9300207"
            ],
            [
                "Marketing Books",
                "/browse/walmart-for-business/marketing-books/6735581_8499989_1633591_9847330"
            ],
            [
                "Investments & Securities Books",
                "/browse/walmart-for-business/investments-securities-books/6735581_8499989_1633591_9986455"
            ]
        ]
    }
]