[
    {
        "title": "Broken Glass",
        "url": "https://www.walmart.com/ip/Broken-Glass-9781476792378/54977801",
        "price": "$9.59",
        "stars": "4.0",
        "ratings": "1 ",
        "img": "i5.walmartimages.com/asr/383aa115-95a9-4935-bf8f-c424138d7dac_1.4964d04ef7339bb3a8b444cfffac3eed.jpeg?odnWidth=612&odnHeight=612&odnBg=ffffff",
        "tags": [
            [
                "Crime Thriller Books",
                "/browse/books/crime-thriller-books/3920_582105_9435716_586706_586718_2676129"
            ],
            [
                "Psychological Novels",
                "/browse/books/psychological-novels/3920_582105_9435716_3215013"
            ],
            [
                "Saga Novels",
                "/browse/books/saga-novels/3920_582105_9435716_584305"
            ],
            [
                "Beach Reads",
                "/browse/books/beach-reads/3920_6726310_6241069"
            ],
            [
                "Suspense Books",
                "/browse/books/suspense-books/3920_582105_9435716_586706_586718_7642795"
            ],
            [
                "Adult Fiction Top 100",
                "/browse/books/adult-fiction-top-100/3920_1057224_9885630"
            ]
        ]
    },
    {
        "title": "Dinosaur Rescue! (Jurassic World: Fallen Kingdom) (Paperback)",
        "url": "https://www.walmart.com/ip/Dinosaur-Rescue-Jurassic-World-Fallen-Kingdom-Paperback-9780525580782/303316686",
        "price": "$4.99",
        "stars": 0,
        "ratings": 0,
        "img": "",
        "tags": [
            [
                "General Thriller & Suspense Books",
                "/browse/books/general-thriller-suspense-books/3920_582105_9435716_586706_586718_1367237"
            ],
            [
                "Women's History Month Fiction",
                "/browse/books/womens-history-month-fiction/3920_4883891_2070999"
            ],
            [
                "Comic-Con Books",
                "/browse/comic-con-books/3920_2196908"
            ],
            [
                "Dinosaurs & Prehistoric Creatures Kids' Books",
                "/browse/books/dinosaurs-prehistoric-creatures-kids-books/3920_582053_584177_585916"
            ],
            [
                "Toys, Dolls & Puppet Kids' Books",
                "/browse/books/toys-dolls-puppet-kids-books/3920_582053_6012294"
            ],
            [
                "Media Tie-In Teen & Young Adult Books",
                "/browse/books/media-tie-in-teen-young-adult-books/3920_1068785_9523887"
            ],
            [
                "Jurassic World Books",
                "/browse/books/jurassic-world-books/3920_582105_9435716_586163_9850164"
            ]
        ]
    },
    {
        "title": "The Sun Dog",
        "url": "https://www.walmart.com/ip/The-Sun-Dog-9781982115425/126365883",
        "price": "$8.47",
        "stars": "4.5",
        "ratings": "4 ",
        "img": "i5.walmartimages.com/asr/54a12d7b-0a2f-4935-b8b5-44ea622bfd90_1.3c067e68200bd444669550d11ed68310.jpeg?odnWidth=612&odnHeight=612&odnBg=ffffff",
        "tags": [
            [
                "Literary Biographies & Memoirs",
                "/browse/books/literary-biographies-memoirs/3920_5196470_4214962"
            ],
            [
                "Dystopian Novels",
                "/browse/books/dystopian-novels/3920_582105_9435716_5654683"
            ],
            [
                "Media Tie-In Novels",
                "/browse/books/media-tie-in-novels/3920_582105_9435716_584212"
            ],
            [
                "Supernatural Thriller Books",
                "/browse/books/supernatural-thriller-books/3920_582105_9435716_586706_586718_6097731"
            ],
            [
                "Suspense Books",
                "/browse/books/suspense-books/3920_582105_9435716_586706_586718_7642795"
            ],
            [
                "Adult Fiction Top 100",
                "/browse/books/adult-fiction-top-100/3920_1057224_9885630"
            ]
        ]
    },
    {
        "title": "Savage Son : A Thriller",
        "url": "https://www.walmart.com/ip/Savage-Son-A-Thriller-9781982123703/713624228",
        "price": "$13.79",
        "stars": "5.0",
        "ratings": "1 ",
        "img": "",
        "tags": [
            [
                "General Thriller & Suspense Books",
                "/browse/books/general-thriller-suspense-books/3920_582105_9435716_586706_586718_1367237"
            ],
            [
                "Angelology & Demonology",
                "/browse/books/angelology-demonology/3920_1987289_582374_9438566_2657764"
            ],
            [
                "Espionage Thriller Books",
                "/browse/books/espionage-thriller-books/3920_582105_9435716_586706_586718_4078017"
            ],
            [
                "Executive Branch Political Books",
                "/browse/books/executive-branch-political-books/3920_5764957_5236963_8104898"
            ],
            [
                "Military Thriller Books",
                "/browse/books/military-thriller-books/3920_582105_9435716_586706_586718_8202728"
            ],
            [
                "Political Novels",
                "/browse/books/political-novels/3920_582105_9435716_8350459"
            ],
            [
                "Adult Fiction Top 100",
                "/browse/books/adult-fiction-top-100/3920_1057224_9885630"
            ]
        ]
    },
    {
        "title": "Vendetta in Death : An Eve Dallas Novel (In Death, Book 49)",
        "url": "https://www.walmart.com/ip/Vendetta-in-Death-An-Eve-Dallas-Novel-In-Death-Book-49-9781250207197/953326621",
        "price": "$8.99",
        "stars": "5.0",
        "ratings": "4 ",
        "img": "",
        "tags": [
            [
                "Crime Thriller Books",
                "/browse/books/crime-thriller-books/3920_582105_9435716_586706_586718_2676129"
            ],
            [
                "Romance Collections & Anthologies",
                "/browse/books/romance-collections-anthologies/3920_582105_582052_582610"
            ],
            [
                "Suspense Romance Books",
                "/browse/books/suspense-romance-books/3920_582105_582052_586193"
            ],
            [
                "General Mystery & Detective Books",
                "/browse/books/general-mystery-detective-books/3920_582105_9435716_586706_3971473_586710"
            ],
            [
                "Suspense Books",
                "/browse/books/suspense-books/3920_582105_9435716_586706_586718_7642795"
            ],
            [
                "Adult Fiction Top 100",
                "/browse/books/adult-fiction-top-100/3920_1057224_9885630"
            ]
        ]
    },
    {
        "title": "Stone Barrington Novel: Choppy Water (Series #54) (Hardcover)",
        "url": "https://www.walmart.com/ip/Stone-Barrington-Novel-Choppy-Water-Series-54-Hardcover-9780593188293/295742126",
        "price": "$19.58",
        "stars": 0,
        "ratings": 0,
        "img": "",
        "tags": [
            [
                "General Thriller & Suspense Books",
                "/browse/books/general-thriller-suspense-books/3920_582105_9435716_586706_586718_1367237"
            ],
            [
                "Midwest State & Local United States History Books",
                "/browse/books/midwest-state-local-united-states-history-books/3920_582331_583318_8751259_2590618"
            ],
            [
                "Short Story Books",
                "/browse/books/short-story-books/3920_582105_9435716_584307"
            ],
            [
                "Western Novels",
                "/browse/books/western-novels/3920_582105_9435716_584309"
            ],
            [
                "African American Novels",
                "/browse/books/african-american-novels/3920_582105_9435716_586793"
            ],
            [
                "Hockey Books",
                "/browse/books/hockey-books/3920_8924365_6474089"
            ],
            [
                "Harry Potter",
                "/browse/books/harry-potter/3920_582053_7559307"
            ],
            [
                "MLB Books",
                "/browse/books/mlb-books/3920_8924365_8749248"
            ]
        ]
    },
    {
        "title": "Night School : A Jack Reacher Novel",
        "url": "https://www.walmart.com/ip/Night-School-A-Jack-Reacher-Novel-9780804178822/55679631",
        "price": "$9.98",
        "stars": "3.6",
        "ratings": "36 ",
        "img": "",
        "tags": [
            [
                "General Thriller & Suspense Books",
                "/browse/books/general-thriller-suspense-books/3920_582105_9435716_586706_586718_1367237"
            ],
            [
                "Psychological Thriller Books",
                "/browse/books/psychological-thriller-books/3920_582105_9435716_586706_586718_2227731"
            ],
            [
                "Crime Thriller Books",
                "/browse/books/crime-thriller-books/3920_582105_9435716_586706_586718_2676129"
            ],
            [
                "Horror Novels",
                "/browse/books/horror-novels/3920_582105_9435716_584301"
            ],
            [
                "Beach Reads",
                "/browse/books/beach-reads/3920_6726310_6241069"
            ],
            [
                "Adult Fiction Top 100",
                "/browse/books/adult-fiction-top-100/3920_1057224_9885630"
            ]
        ]
    },
    {
        "title": "Clive Barker's Books of Blood 1-3",
        "url": "https://www.walmart.com/ip/Clive-Barker-s-Books-of-Blood-1-3-9780425165584/447191",
        "price": "$16.19",
        "stars": "4.2",
        "ratings": "15 ",
        "img": "",
        "tags": [
            [
                "Occult & Supernatural Novels",
                "/browse/books/occult-supernatural-novels/3920_582105_9435716_2210595"
            ],
            [
                "Media Tie-In Novels",
                "/browse/books/media-tie-in-novels/3920_582105_9435716_584212"
            ],
            [
                "Supernatural Thriller Books",
                "/browse/books/supernatural-thriller-books/3920_582105_9435716_586706_586718_6097731"
            ],
            [
                "Suspense Books",
                "/browse/books/suspense-books/3920_582105_9435716_586706_586718_7642795"
            ],
            [
                "Mysteries, Thrillers & Suspense",
                "/browse/books/mysteries-thrillers-suspense/3920_4640285_8077069"
            ],
            [
                "Adult Fiction Top 100",
                "/browse/books/adult-fiction-top-100/3920_1057224_9885630"
            ]
        ]
    },
    {
        "title": "Hank Fallon Western: Dead Time (Paperback)",
        "url": "https://www.walmart.com/ip/Hank-Fallon-Western-Dead-Time-Paperback-9780786043842/131878048",
        "price": "$7.90",
        "stars": "5.0",
        "ratings": "2 ",
        "img": "i5.walmartimages.com/asr/92e46acf-1284-4f8d-b8bb-abe4e127dd91_1.48b9147d462435f7924c2072c6b16b6e.jpeg?odnWidth=612&odnHeight=612&odnBg=ffffff",
        "tags": [
            [
                "General Thriller & Suspense Books",
                "/browse/books/general-thriller-suspense-books/3920_582105_9435716_586706_586718_1367237"
            ],
            [
                "Classic Novels",
                "/browse/books/classic-novels/3920_582105_9435716_584294"
            ],
            [
                "Short Story Books",
                "/browse/books/short-story-books/3920_582105_9435716_584307"
            ],
            [
                "Western Novels",
                "/browse/books/western-novels/3920_582105_9435716_584309"
            ],
            [
                "African American Novels",
                "/browse/books/african-american-novels/3920_582105_9435716_586793"
            ],
            [
                "Hockey Books",
                "/browse/books/hockey-books/3920_8924365_6474089"
            ],
            [
                "Harry Potter",
                "/browse/books/harry-potter/3920_582053_7559307"
            ],
            [
                "MLB Books",
                "/browse/books/mlb-books/3920_8924365_8749248"
            ]
        ]
    },
    {
        "title": "Out of the Attic",
        "url": "https://www.walmart.com/ip/Out-of-the-Attic-9781982114411/795703690",
        "price": "$13.95",
        "stars": "5.0",
        "ratings": "2 ",
        "img": "",
        "tags": [
            [
                "War & Military Novels",
                "/browse/books/war-military-novels/3920_582105_9435716_1811458"
            ],
            [
                "Psychological Thriller Books",
                "/browse/books/psychological-thriller-books/3920_582105_9435716_586706_586718_2227731"
            ],
            [
                "Family Life Novels",
                "/browse/books/family-life-novels/3920_582105_9435716_2533058"
            ],
            [
                "Physical & Emotional Abuse Social Themes Teen & Young Adult Books",
                "/browse/books/physical-emotional-abuse-social-themes-teen-young-adult-books/3920_1068785_8615872_5259821"
            ],
            [
                "Historical Fiction Novels",
                "/browse/books/historical-fiction-novels/3920_582105_9435716_584298"
            ],
            [
                "MLB Books",
                "/browse/books/mlb-books/3920_8924365_8749248"
            ],
            [
                "Adult Fiction Top 100",
                "/browse/books/adult-fiction-top-100/3920_1057224_9885630"
            ]
        ]
    }
]