[
    {
        "title": "Spot Goes to the Farm (Board Book)",
        "url": "https://www.walmart.com/ip/Spot-Goes-to-the-Farm-Board-Book-9780399236471/1177426",
        "price": "$8.89",
        "stars": "5.0",
        "ratings": "1 ",
        "img": "",
        "tags": [
            [
                "Children's Books Top 100",
                "/browse/books/childrens-books-top-100/3920_1057224_1568396"
            ],
            [
                "Birthday Kids' Books",
                "/browse/books/birthday-kids-books/3920_582053_585922_5342191"
            ],
            [
                "Dogs Kids' Books",
                "/browse/books/dogs-kids-books/3920_582053_584177_585917"
            ],
            [
                "Business, Careers & Occupations Kids' Books",
                "/browse/books/business-careers-occupations-kids-books/3920_582053_585919"
            ],
            [
                "Parents Kids' Books",
                "/browse/books/parents-kids-books/3920_582053_585918_586171"
            ],
            [
                "Baby - Age 2 Kids' Books",
                "/browse/books/baby-age-2-kids-books/3920_582053_593774"
            ],
            [
                "Bedtime & Dreams Kids' Books",
                "/browse/books/bedtime-dreams-kids-books/3920_582053_7198550"
            ],
            [
                "Mother's Day Children's Books",
                "/browse/books/mothers-day-childrens-books/3920_7458265_7962176"
            ]
        ]
    },
    {
        "title": "Trouble Next Door : The Carver Chronicles, Book Four",
        "url": "https://www.walmart.com/ip/Trouble-Next-Door-The-Carver-Chronicles-Book-Four-9781328900111/689785481",
        "price": "$6.99",
        "stars": 0,
        "ratings": 0,
        "img": "",
        "tags": [
            [
                "Ficcion Libros Para Ninos",
                "/browse/books/ficcion-libros-para-ninos/3920_226139_226184"
            ],
            [
                "Stories in Verse Kids' Books",
                "/browse/books/stories-in-verse-kids-books/3920_582053_4040717"
            ],
            [
                "Historical Biographical & Autobiographical Kids' Books",
                "/browse/books/historical-biographical-autobiographical-kids-books/3920_582053_9228860_4239569"
            ],
            [
                "Cultural Heritage Kids' Books",
                "/browse/books/cultural-heritage-kids-books/3920_582053_9228860_5469592"
            ],
            [
                "Prejudice & Racism Kids' Books",
                "/browse/books/prejudice-racism-kids-books/3920_582053_585928_585960"
            ],
            [
                "Golf Books",
                "/browse/books/golf-books/3920_8924365_7826008"
            ],
            [
                "United States History Kids' Books",
                "/browse/books/united-states-history-kids-books/3920_582053_582572_7855693"
            ]
        ]
    },
    {
        "title": "Farm Peekaboo (Board Book)",
        "url": "https://www.walmart.com/ip/Farm-Peekaboo-Board-Book-9780756631048/5437136",
        "price": "$6.99",
        "stars": "5.0",
        "ratings": "4 ",
        "img": "",
        "tags": [
            [
                "Colors Kids' Books",
                "/browse/books/colors-kids-books/3920_582053_6630876_1613775"
            ],
            [
                "Infinity Mathematics Books",
                "/browse/books/infinity-mathematics-books/3920_9242904_2400819"
            ],
            [
                "Children's & Kid's Zoology Books",
                "/browse/books/childrens-kids-zoology-books/3920_582053_2831200_5524895_3015579"
            ],
            [
                "General Learning Concept Kids' Books",
                "/browse/books/general-learning-concept-kids-books/3920_582053_6630876_4154909"
            ],
            [
                "Baby - Age 2 Kids' Books",
                "/browse/books/baby-age-2-kids-books/3920_582053_593774"
            ],
            [
                "Imagination & Play Kids' Books",
                "/browse/books/imagination-play-kids-books/3920_582053_7487610"
            ],
            [
                "Mystery & Detective Comic Books for Kids",
                "/browse/books/mystery-detective-comic-books-for-kids/3920_582053_7035585_9712760"
            ],
            [
                "Children's & Kid's Environmental Science & Ecosystem Books",
                "/browse/books/childrens-kids-environmental-science-ecosystem-books/3920_582053_2831200_5524895_9908723"
            ]
        ]
    },
    {
        "title": "Hoot Hoot Pop Up Fun (Board Book)",
        "url": "https://www.walmart.com/ip/Hoot-Hoot-Pop-Up-Fun-Board-Book-9781680105421/986406882",
        "price": "$7.27",
        "stars": 0,
        "ratings": 0,
        "img": "",
        "tags": [
            [
                "Children's Books Top 100",
                "/browse/books/childrens-books-top-100/3920_1057224_1568396"
            ],
            [
                "General Transportation Kids' Books",
                "/browse/books/general-transportation-kids-books/3920_582053_3323652_2475475"
            ],
            [
                "Frogs & Toads Kids' Books",
                "/browse/books/frogs-toads-kids-books/3920_582053_584177_3761595"
            ],
            [
                "Jungle Animals Kids' Books",
                "/browse/books/jungle-animals-kids-books/3920_582053_584177_3846103"
            ],
            [
                "Nocturnal Animals Kids' Books",
                "/browse/books/nocturnal-animals-kids-books/3920_582053_584177_4761886"
            ],
            [
                "Dinosaurs & Prehistoric Creatures Kids' Books",
                "/browse/books/dinosaurs-prehistoric-creatures-kids-books/3920_582053_584177_585916"
            ],
            [
                "Farm Animals Kids' Books",
                "/browse/books/farm-animals-kids-books/3920_582053_584177_585926"
            ],
            [
                "Counting & Numbers Kids' Books",
                "/browse/books/counting-numbers-kids-books/3920_582053_6630876_9855543"
            ]
        ]
    },
    {
        "title": "Writing Workbook Ages 3-5: New Edition",
        "url": "https://www.walmart.com/ip/Writing-Workbook-Ages-3-5-New-Edition-9780008151621/52839014",
        "price": "$5.95",
        "stars": "4.7",
        "ratings": "3 ",
        "img": "",
        "tags": [
            [
                "Kids' Activity Books",
                "/browse/books/kids-activity-books/3920_582053_1099163"
            ],
            [
                "School & Education Kids' Books",
                "/browse/books/school-education-kids-books/3920_582053_4673607"
            ],
            [
                "Alphabet Kids' Books",
                "/browse/books/alphabet-kids-books/3920_582053_6630876_5347236"
            ],
            [
                "Study Aids & Workbooks for Kids",
                "/browse/books/study-aids-workbooks-for-kids/3920_582053_6940373"
            ],
            [
                "Handwriting Kids' Books",
                "/browse/books/handwriting-kids-books/3920_582053_8452860_7021485"
            ],
            [
                "Early Childhood Education Books",
                "/browse/books/early-childhood-education-books/3920_4284269_8387148"
            ],
            [
                "Summer Reading Workbooks",
                "/browse/books/summer-reading-workbooks/3920_6726310_9075247"
            ],
            [
                "Counting & Numbers Kids' Books",
                "/browse/books/counting-numbers-kids-books/3920_582053_6630876_9855543"
            ]
        ]
    },
    {
        "title": "Counting Workbook: Ages 3-5",
        "url": "https://www.walmart.com/ip/Counting-Workbook-Ages-3-5-9780008152284/52839017",
        "price": "$6.22",
        "stars": "5.0",
        "ratings": "1 ",
        "img": "",
        "tags": [
            [
                "Composition & Creative Writing Kids' Books",
                "/browse/books/composition-creative-writing-kids-books/3920_582053_8452860_2291486"
            ],
            [
                "School & Education Kids' Books",
                "/browse/books/school-education-kids-books/3920_582053_4673607"
            ],
            [
                "Alphabet Kids' Books",
                "/browse/books/alphabet-kids-books/3920_582053_6630876_5347236"
            ],
            [
                "Early Childhood Education Books",
                "/browse/books/early-childhood-education-books/3920_4284269_8387148"
            ],
            [
                "Summer Reading Workbooks",
                "/browse/books/summer-reading-workbooks/3920_6726310_9075247"
            ],
            [
                "General Geometry Books",
                "/browse/books/general-geometry-books/3920_9242904_5060586_9757975"
            ],
            [
                "Counting & Numbers Kids' Books",
                "/browse/books/counting-numbers-kids-books/3920_582053_6630876_9855543"
            ]
        ]
    },
    {
        "title": "Multiplication War Flash Cards",
        "url": "https://www.walmart.com/ip/Multiplication-War-Flash-Cards-9781411434868/14044278",
        "price": "$3.95",
        "stars": "5.0",
        "ratings": "1 ",
        "img": "",
        "tags": [
            [
                "Composition & Creative Writing Kids' Books",
                "/browse/books/composition-creative-writing-kids-books/3920_582053_8452860_2291486"
            ],
            [
                "Arithmetic Kids' Books",
                "/browse/books/arithmetic-kids-books/3920_582053_3294468_2763032"
            ],
            [
                "General Mathematics Kids' Books",
                "/browse/books/general-mathematics-kids-books/3920_582053_3294468_4136474"
            ],
            [
                "Card Games Kids' Books",
                "/browse/books/card-games-kids-books/3920_582053_6972438_5703602"
            ],
            [
                "General Foreign Language Study Kids' Books",
                "/browse/books/general-foreign-language-study-kids-books/3920_582053_6724927_5811808"
            ],
            [
                "Fractions Kids' Books",
                "/browse/books/fractions-kids-books/3920_582053_3294468_6387920"
            ],
            [
                "Summer Reading Workbooks",
                "/browse/books/summer-reading-workbooks/3920_6726310_9075247"
            ],
            [
                "Counting & Numbers Kids' Books",
                "/browse/books/counting-numbers-kids-books/3920_582053_6630876_9855543"
            ]
        ]
    },
    {
        "title": "The Last Kids on Earth and the Cosmic Beyond (Hardcover)",
        "url": "https://www.walmart.com/ip/The-Last-Kids-on-Earth-and-the-Cosmic-Beyond-Hardcover-9780425292082/892527220",
        "price": "$12.12",
        "stars": "5.0",
        "ratings": "3 ",
        "img": "",
        "tags": [
            [
                "Kids' Activity Books",
                "/browse/books/kids-activity-books/3920_582053_1099163"
            ],
            [
                "Aviation Kids' Books",
                "/browse/books/aviation-kids-books/3920_582053_3323652_2530615"
            ],
            [
                "General Baseball Books",
                "/browse/books/general-baseball-books/3920_8924365_4967252_2798102"
            ],
            [
                "General Comic Books for Kids",
                "/browse/books/general-comic-books-for-kids/3920_582053_7035585_6056057"
            ],
            [
                "Ages 9-12 Kids' Books",
                "/browse/books/ages-9-12-kids-books/3920_582053_656541"
            ],
            [
                "Monsters Kids' Books",
                "/browse/books/monsters-kids-books/3920_582053_8346462"
            ],
            [
                "Out-of-Body Experience",
                "/browse/books/out-of-body-experience/3920_1987289_5383544_6499099_9191894"
            ],
            [
                "Summer Reading Chapter Books",
                "/browse/books/summer-reading-chapter-books/3920_6726310_9771890"
            ]
        ]
    },
    {
        "title": "Our Daily Bread for Kids: Bible Quizzes & Games",
        "url": "https://www.walmart.com/ip/Our-Daily-Bread-for-Kids-Bible-Quizzes-Games-9781627076708/55769707",
        "price": "$9.99",
        "stars": 0,
        "ratings": 0,
        "img": "i5.walmartimages.com/asr/17ea6ef5-1a9d-497d-a43e-4f7523f24118_2.beaff0287614a48bdc000d34557b52c9.jpeg?odnWidth=612&odnHeight=612&odnBg=ffffff",
        "tags": [
            [
                "Children's Books Top 100",
                "/browse/books/childrens-books-top-100/3920_1057224_1568396"
            ],
            [
                "Christianity Books for Kids",
                "/browse/books/christianity-books-for-kids/3920_582053_582578_2521391"
            ],
            [
                "Funny Kids' Books",
                "/browse/books/funny-kids-books/3920_582053_582573"
            ],
            [
                "Bears Kids' Books",
                "/browse/books/bears-kids-books/3920_582053_584177_585913"
            ],
            [
                "Easter & Lent Kids' Books",
                "/browse/books/easter-lent-kids-books/3920_582053_585922_585987"
            ],
            [
                "Baby - Age 2 Kids' Books",
                "/browse/books/baby-age-2-kids-books/3920_582053_593774"
            ],
            [
                "Early Readers Christian Kids' Books",
                "/browse/books/early-readers-christian-kids-books/3920_1987289_582374_1551209_8814420"
            ]
        ]
    },
    {
        "title": "The Boy at the Back of the Class (Paperback)",
        "url": "https://www.walmart.com/ip/The-Boy-at-the-Back-of-the-Class-Paperback-9781984850812/499409457",
        "price": "$7.99",
        "stars": 0,
        "ratings": 0,
        "img": "",
        "tags": [
            [
                "General Family Concept Kids' Books",
                "/browse/books/general-family-concept-kids-books/3920_582053_585918_5653236"
            ],
            [
                "Funny Kids' Books",
                "/browse/books/funny-kids-books/3920_582053_582573"
            ],
            [
                "Adolescence Kids' Books",
                "/browse/books/adolescence-kids-books/3920_582053_585928_586158"
            ],
            [
                "Action & Adventure Kids' Books",
                "/browse/books/action-adventure-kids-books/3920_582053_586177"
            ],
            [
                "Science Fiction, Fantasy & Magic Kids' Books",
                "/browse/books/science-fiction-fantasy-magic-kids-books/3920_582053_586182"
            ],
            [
                "General Comic Books for Kids",
                "/browse/books/general-comic-books-for-kids/3920_582053_7035585_6056057"
            ],
            [
                "Harry Potter",
                "/browse/books/harry-potter/3920_582053_7559307"
            ]
        ]
    }
]