[
    {
        "title": "South Carolina Irish",
        "url": "https://www.walmart.com/ip/South-Carolina-Irish-9781609491871/125702256",
        "price": "$21.44",
        "stars": 0,
        "ratings": 0,
        "img": "",
        "tags": [
            [
                "Minority Studies Books",
                "/browse/books/minority-studies-books/3920_2761424_8176770_2180337"
            ],
            [
                "Veterans Military History Books",
                "/browse/books/veterans-military-history-books/3920_582331_583311_3447880"
            ],
            [
                "United States Military History Books",
                "/browse/books/united-states-military-history-books/3920_582331_583311_5218011"
            ],
            [
                "General State & Local United States History Books",
                "/browse/books/general-state-local-united-states-history-books/3920_582331_583318_8751259_5282315"
            ],
            [
                "Regional Photography Books",
                "/browse/books/regional-photography-books/3920_582321_5674104_4153737_5673664"
            ],
            [
                "African American History Books",
                "/browse/books/african-american-history-books/3920_582331_5685608"
            ],
            [
                "Discrimination & Race Relations Books",
                "/browse/books/discrimination-race-relations-books/3920_2761424_8176770_9541682"
            ]
        ]
    },
    {
        "title": "Then and Now: Marblehead (Paperback)",
        "url": "https://www.walmart.com/ip/Then-and-Now-Marblehead-Paperback-9780738510187/24830011",
        "price": "$17.41",
        "stars": 0,
        "ratings": 0,
        "img": "",
        "tags": [
            [
                "Critical & Intensive Care Nursing Books",
                "/browse/books/critical-intensive-care-nursing-books/3920_3203859_7271537_2325340"
            ],
            [
                "Body Art & Tattooing Art Books",
                "/browse/books/body-art-tattooing-art-books/3920_582321_6907922_2358664"
            ],
            [
                "General History Books",
                "/browse/books/general-history-books/3920_582331_4867278"
            ],
            [
                "Study & Teaching History Books",
                "/browse/books/study-teaching-history-books/3920_582331_583317"
            ],
            [
                "African American Studies Books",
                "/browse/books/african-american-studies-books/3920_2761424_8176770_6537532_8322809"
            ],
            [
                "Reference History Books",
                "/browse/books/reference-history-books/3920_582331_8908940"
            ],
            [
                "North American History Books",
                "/browse/books/north-american-history-books/3920_582331_8938727"
            ]
        ]
    },
    {
        "title": "Born in 19xx? What Else Happened?: Born in 1947? What else happened? (Paperback)",
        "url": "https://www.walmart.com/ip/Born-in-19xx-What-Else-Happened-Born-in-1947-What-else-happened-Paperback-9780995354975/730732211",
        "price": "$12.00",
        "stars": 0,
        "ratings": 0,
        "img": "i5.walmartimages.com/asr/b34e3883-4d7e-4865-9a37-c79fe3285247_1.1c3a3dcccc42c5ffb7432d0c36e00b7a.jpeg?odnWidth=612&odnHeight=612&odnBg=ffffff",
        "tags": [
            [
                "Minority Studies Books",
                "/browse/books/minority-studies-books/3920_2761424_8176770_2180337"
            ],
            [
                "Midwest State & Local United States History Books",
                "/browse/books/midwest-state-local-united-states-history-books/3920_582331_583318_8751259_2590618"
            ],
            [
                "General United States Travel Books, Maps & Guides",
                "/browse/books/general-united-states-travel-books-maps-guides/3920_9360990_6219934_7928632_2632975"
            ],
            [
                "History & Criticism Music Books",
                "/browse/books/history-criticism-music-books/3920_582321_1318217_2771162"
            ],
            [
                "Religion, Science & State",
                "/browse/books/religion-science-state/3920_1987289_582055_3159800"
            ],
            [
                "Social History Books",
                "/browse/books/social-history-books/3920_582331_3385418"
            ],
            [
                "General Ethnic Studies Books",
                "/browse/books/general-ethnic-studies-books/3920_2761424_8176770_6537532_6141926"
            ],
            [
                "Rock Music Books",
                "/browse/books/rock-music-books/3920_582321_1318217_4267978_6186495"
            ]
        ]
    },
    {
        "title": "College Test Preparation: Princeton Review AP World History: Modern Prep, 2021 : Practice Tests + Complete Content Review + Strategies & Techniques (Paperback)",
        "url": "https://www.walmart.com/ip/College-Test-Preparation-Princeton-Review-AP-World-History-Modern-Prep-2021-Practice-Tests-Complete-Content-Strategies-Techniques-Paperback-9780525569718/275215371",
        "price": "$16.41",
        "stars": 0,
        "ratings": 0,
        "img": "",
        "tags": [
            [
                "General Sales & Selling Books",
                "/browse/books/general-sales-selling-books/3920_582349_6996400_2728779"
            ],
            [
                "General Political Process Books",
                "/browse/books/general-political-process-books/3920_5764957_5741142_4397386"
            ],
            [
                "Study & Teaching History Books",
                "/browse/books/study-teaching-history-books/3920_582331_583317"
            ],
            [
                "Counseling",
                "/browse/books/counseling/3920_1987289_582055_6616401"
            ],
            [
                "ACT Prep Books",
                "/browse/books/act-prep-books/3920_6060018_7749169"
            ],
            [
                "General Physics Books",
                "/browse/books/general-physics-books/3920_8529612_1841429_4851636_8570221"
            ],
            [
                "SAT Prep Books",
                "/browse/books/sat-prep-books/3920_6060018_8972668"
            ],
            [
                "Authorship Books",
                "/browse/books/authorship-books/3920_8818538_9769622"
            ]
        ]
    },
    {
        "title": "Digging for Ancestral Gold : The Fun and Easy Way to Get Started on Your Genealogy Quest",
        "url": "https://www.walmart.com/ip/Digging-for-Ancestral-Gold-The-Fun-and-Easy-Way-to-Get-Started-on-Your-Genealogy-Quest-9780979539879/204657563",
        "price": "$16.26",
        "stars": 0,
        "ratings": 0,
        "img": "",
        "tags": [
            [
                "General Law Books",
                "/browse/books/general-law-books/3920_1952589_2491049"
            ],
            [
                "Ships & Shipbuilding History Books",
                "/browse/books/ships-shipbuilding-history-books/3920_9842685_1557508_3217472_4149972"
            ],
            [
                "Birdwatching Guide Books",
                "/browse/books/birdwatching-guide-books/3920_8529612_4668181_5520589"
            ],
            [
                "Civil Procedure Law Books",
                "/browse/books/civil-procedure-law-books/3920_1952589_6236126"
            ],
            [
                "General United States History Books",
                "/browse/books/general-united-states-history-books/3920_582331_583318_6419794"
            ],
            [
                "Political Biographies & Memoirs",
                "/browse/books/political-biographies-memoirs/3920_5196470_7578606"
            ],
            [
                "College Back to School Books",
                "/browse/books/college-back-to-school-books/3920_8955258_7993255"
            ]
        ]
    },
    {
        "title": "Hamden Revisited",
        "url": "https://www.walmart.com/ip/Hamden-Revisited-9781467121439/36437515",
        "price": "$17.41",
        "stars": 0,
        "ratings": 0,
        "img": "",
        "tags": [
            [
                "Mental Health Books",
                "/browse/books/mental-health-books/3920_3203859_3555432"
            ],
            [
                "Regional Photography Books",
                "/browse/books/regional-photography-books/3920_582321_5674104_4153737_5673664"
            ],
            [
                "Museums, Tours & Points of Interest Travel Books, Maps & Guides",
                "/browse/books/museums-tours-points-of-interest-travel-books-maps-guides/3920_9360990_3286434_6257269"
            ],
            [
                "Colonial United States History Books",
                "/browse/books/colonial-united-states-history-books/3920_582331_583318_6359814"
            ],
            [
                "Photoessays & Documentaries Books",
                "/browse/books/photoessays-documentaries-books/3920_582321_5674104_6543460"
            ],
            [
                "Folklore & Mythology Books",
                "/browse/books/folklore-mythology-books/3920_2761424_8176770_7608440"
            ],
            [
                "Pictorial Military History Books",
                "/browse/books/pictorial-military-history-books/3920_582331_583311_8981766"
            ]
        ]
    },
    {
        "title": "What Caused the Civil War? : Reflections on the South and Southern History (Paperback)",
        "url": "https://www.walmart.com/ip/What-Caused-the-Civil-War-Reflections-on-the-South-and-Southern-History-Paperback-9780393328530/4599270",
        "price": "$16.85",
        "stars": 0,
        "ratings": 0,
        "img": "",
        "tags": [
            [
                "Midwest State & Local United States History Books",
                "/browse/books/midwest-state-local-united-states-history-books/3920_582331_583318_8751259_2590618"
            ],
            [
                "Slavery Books",
                "/browse/books/slavery-books/3920_2761424_8176770_2698525"
            ],
            [
                "United States Military History Books",
                "/browse/books/united-states-military-history-books/3920_582331_583311_5218011"
            ],
            [
                "Constitutional Law Books",
                "/browse/books/constitutional-law-books/3920_1952589_6598556"
            ],
            [
                "General Military History Books",
                "/browse/books/general-military-history-books/3920_582331_583311_7107288"
            ],
            [
                "Constitution Political Books",
                "/browse/books/constitution-political-books/3920_5764957_8570013"
            ],
            [
                "Biographies & Memoirs",
                "/browse/books/biographies-memoirs/3920_9420011_9645853"
            ]
        ]
    },
    {
        "title": "Give the Lady What She Wants (Paperback)",
        "url": "https://www.walmart.com/ip/Give-the-Lady-What-She-Wants-Paperback-9781087860657/835272103",
        "price": "$16.44",
        "stars": 0,
        "ratings": 0,
        "img": "",
        "tags": [
            [
                "Organizational Behavior Books",
                "/browse/books/organizational-behavior-books/3920_582349_1905322"
            ],
            [
                "General Sales & Selling Books",
                "/browse/books/general-sales-selling-books/3920_582349_6996400_2728779"
            ],
            [
                "Organizational Development Books",
                "/browse/books/organizational-development-books/3920_582349_3077388"
            ],
            [
                "General Marketing Books",
                "/browse/books/general-marketing-books/3920_582349_6080417_4705678"
            ],
            [
                "Internet Marketing E-Commerce Books",
                "/browse/books/internet-marketing-e-commerce-books/3920_582349_7396712_5423309"
            ],
            [
                "Fashion & Textile Industry Books",
                "/browse/books/fashion-textile-industry-books/3920_582349_5438892_7023990"
            ],
            [
                "Stocks Investments & Securities Books",
                "/browse/books/stocks-investments-securities-books/3920_582349_4859694_7426539"
            ],
            [
                "Multilevel Marketing Books",
                "/browse/books/multilevel-marketing-books/3920_582349_6080417_8822144"
            ]
        ]
    },
    {
        "title": "Roosevelt's Centurions : FDR and the Commanders He Led to Victory in World War II",
        "url": "https://www.walmart.com/ip/Roosevelt-s-Centurions-FDR-and-the-Commanders-He-Led-to-Victory-in-World-War-II-9780812974973/30528843",
        "price": "$16.29",
        "stars": "3.8",
        "ratings": "5 ",
        "img": "i5.walmartimages.com/asr/42d3e52f-ffc8-4306-83bd-c389e3d2f760_1.9cb0b16374bbeede2e80caf4b8e7c243.jpeg?odnWidth=612&odnHeight=612&odnBg=ffffff",
        "tags": [
            [
                "Strategy in Military History Books",
                "/browse/books/strategy-in-military-history-books/3920_582331_583311_3718108"
            ],
            [
                "Holocaust History Books",
                "/browse/books/holocaust-history-books/3920_582331_3837857"
            ],
            [
                "United States Military History Books",
                "/browse/books/united-states-military-history-books/3920_582331_583311_5218011"
            ],
            [
                "Military Biographies & Memoirs",
                "/browse/books/military-biographies-memoirs/3920_5196470_6622707"
            ],
            [
                "German History Books",
                "/browse/books/german-history-books/3920_582331_583303_6638837"
            ],
            [
                "Naval Military History Books",
                "/browse/books/naval-military-history-books/3920_582331_583311_8177237"
            ]
        ]
    },
    {
        "title": "World War One : The most catastrophic event in 20th century European history",
        "url": "https://www.walmart.com/ip/World-War-One-The-most-catastrophic-event-in-20th-century-European-history-9781911187950/895379275",
        "price": "$13.24",
        "stars": 0,
        "ratings": 0,
        "img": "",
        "tags": [
            [
                "General European History Books",
                "/browse/books/general-european-history-books/3920_582331_583303_3232207"
            ],
            [
                "Post-Confederation Canadian History Books",
                "/browse/books/post-confederation-canadian-history-books/3920_582331_4272206_3384682"
            ],
            [
                "Ships & Shipbuilding History Books",
                "/browse/books/ships-shipbuilding-history-books/3920_9842685_1557508_3217472_4149972"
            ],
            [
                "20th Century Modern History Books",
                "/browse/books/20th-century-modern-history-books/3920_582331_583312_4386810"
            ],
            [
                "United States Military History Books",
                "/browse/books/united-states-military-history-books/3920_582331_583311_5218011"
            ],
            [
                "World War II Military History Books",
                "/browse/books/world-war-ii-military-history-books/3920_582331_583311_7930108"
            ]
        ]
    }
]