[
    {
        "title": "The Ellipsis Manual (Paperback)",
        "url": "https://www.walmart.com/ip/The-Ellipsis-Manual-Paperback-9780692819906/146756468",
        "price": "$21.83",
        "stars": 0,
        "ratings": 0,
        "img": "i5.walmartimages.com/asr/5bad27af-8364-4b8f-98b1-79b19b2f4ac6_1.41658d46d53e81dfe081680bd7aa2cf7.jpeg?odnWidth=612&odnHeight=612&odnBg=ffffff",
        "tags": [
            [
                "Espa\u00f1ol Para Hispanohablantes, Spanish for Spanish Speakers",
                "/browse/books/espa\u00f1ol-para-hispanohablantes-spanish-for-spanish-speakers/3920_226139_2531768"
            ],
            [
                "General Psychology Books",
                "/browse/books/general-psychology-books/3920_2761424_3385531_2859034"
            ],
            [
                "Memory Improvement",
                "/browse/books/memory-improvement/3920_5642757_9479316_3450328"
            ],
            [
                "Radiography Books",
                "/browse/books/radiography-books/3920_3203859_4691429_5870055"
            ],
            [
                "Dictionaries & Terminology Books",
                "/browse/books/dictionaries-terminology-books/3920_3203859_6403135"
            ],
            [
                "Signals & Signal Processing Technology & Engineering Books",
                "/browse/books/signals-signal-processing-technology-engineering-books/3920_9842685_8901905_7122928"
            ],
            [
                "Self-Hypnosis Self-Help Books",
                "/browse/books/self-hypnosis-self-help-books/3920_5642757_7964109"
            ],
            [
                "Hypnotherapy Books",
                "/browse/books/hypnotherapy-books/3920_3203859_2018284_9500709"
            ]
        ]
    },
    {
        "title": "Building Bridges Through Sensory Integration, 3rd Edition : Therapy for Children with Autism and Other Pervasive Developmental Disorders",
        "url": "https://www.walmart.com/ip/Building-Bridges-Through-Sensory-Integration-3rd-Edition-Therapy-for-Children-with-Autism-and-Other-Pervasive-Developmental-Disorders-9781935567455/43956923",
        "price": "$24.98",
        "stars": 0,
        "ratings": 0,
        "img": "",
        "tags": [
            [
                "Pediatrics Books",
                "/browse/books/pediatrics-books/3920_3203859_3405267"
            ],
            [
                "Behavioral, Emotional & Social Disability Special Education Books",
                "/browse/books/behavioral-emotional-social-disability-special-education-books/3920_4284269_3283861_4073339"
            ],
            [
                "General Special Education Books",
                "/browse/books/general-special-education-books/3920_4284269_3283861_4509682"
            ],
            [
                "Autism Spectrum Disorders",
                "/browse/books/autism-spectrum-disorders/3920_5642757_6055772_6587931"
            ],
            [
                "Activities",
                "/browse/books/activities/3920_5642757_6055772_7540582"
            ],
            [
                "Toilet Training",
                "/browse/books/toilet-training/3920_5642757_6055772_9115951"
            ],
            [
                "General Developmental Psychology Books",
                "/browse/books/general-developmental-psychology-books/3920_2761424_3385531_4783777_9278852"
            ],
            [
                "Developmental & Intellectual Disability Special Education Books",
                "/browse/books/developmental-intellectual-disability-special-education-books/3920_4284269_3283861_9321752"
            ]
        ]
    },
    {
        "title": "Key Concepts: Concepts of the Self (Edition 4) (Paperback)",
        "url": "https://www.walmart.com/ip/Key-Concepts-Concepts-of-the-Self-Edition-4-Paperback-9781509538805/686505347",
        "price": "$24.95",
        "stars": 0,
        "ratings": 0,
        "img": "",
        "tags": [
            [
                "Spiritual Growth",
                "/browse/books/spiritual-growth/3920_1987289_582374_8324310_1480379"
            ],
            [
                "Soteriology",
                "/browse/books/soteriology/3920_1987289_582374_9438566_2957174"
            ],
            [
                "Jungian Movement in Psychology Books",
                "/browse/books/jungian-movement-in-psychology-books/3920_2761424_3385531_5702953_3254528"
            ],
            [
                "Counseling Psychotherapy Books",
                "/browse/books/counseling-psychotherapy-books/3920_2761424_3385531_2318869_4223555"
            ],
            [
                "NBA Books",
                "/browse/books/nba-books/3920_8924365_6632074"
            ],
            [
                "Exegesis & Hermeneutics",
                "/browse/books/exegesis-hermeneutics/3920_1987289_582374_2718157_7059494"
            ],
            [
                "Personal Growth",
                "/browse/books/personal-growth/3920_1987289_582374_8324310_8811610"
            ],
            [
                "Psychology Reference Books",
                "/browse/books/psychology-reference-books/3920_2761424_3385531_9527380"
            ]
        ]
    },
    {
        "title": "Anxiety : What Turns It On. What Turns It Off.",
        "url": "https://www.walmart.com/ip/Anxiety-What-Turns-It-On-What-Turns-It-Off-9781941959107/811649310",
        "price": "$8.77",
        "stars": 0,
        "ratings": 0,
        "img": "",
        "tags": [
            [
                "Child Developmental Psychology Books",
                "/browse/books/child-developmental-psychology-books/3920_2761424_3385531_4783777_2238611"
            ],
            [
                "Zen Philosophy Books",
                "/browse/books/zen-philosophy-books/3920_7051956_2491740"
            ],
            [
                "Espa\u00f1ol Para Hispanohablantes, Spanish for Spanish Speakers",
                "/browse/books/espa\u00f1ol-para-hispanohablantes-spanish-for-spanish-speakers/3920_226139_2531768"
            ],
            [
                "Depression",
                "/browse/books/depression/3920_5642757_8597698_4458531"
            ],
            [
                "General Animal Books",
                "/browse/books/general-animal-books/3920_8529612_4668181_9504516_6088800"
            ],
            [
                "Zoology Life Science Books",
                "/browse/books/zoology-life-science-books/3920_8529612_1841429_1678456_6890011"
            ],
            [
                "Personal Success in Business & Money Books",
                "/browse/books/personal-success-in-business-money-books/3920_582349_9116217"
            ],
            [
                "Child & Adolescent Psychotherapy Books",
                "/browse/books/child-adolescent-psychotherapy-books/3920_2761424_3385531_2318869_9492204"
            ]
        ]
    },
    {
        "title": "The Everything Psychology Book : Explore the human psyche and understand why we do the things we do",
        "url": "https://www.walmart.com/ip/The-Everything-Psychology-Book-Explore-the-human-psyche-and-understand-why-we-do-the-things-we-do-9781440506918/14297637",
        "price": "$5.49",
        "stars": 0,
        "ratings": 0,
        "img": "",
        "tags": [
            [
                "Spiritual Growth",
                "/browse/books/spiritual-growth/3920_1987289_582374_8324310_1480379"
            ],
            [
                "Soteriology",
                "/browse/books/soteriology/3920_1987289_582374_9438566_2957174"
            ],
            [
                "NBA Books",
                "/browse/books/nba-books/3920_8924365_6632074"
            ],
            [
                "Essays",
                "/browse/books/essays/3920_4310685_7036347"
            ],
            [
                "Exegesis & Hermeneutics",
                "/browse/books/exegesis-hermeneutics/3920_1987289_582374_2718157_7059494"
            ],
            [
                "History of Psychology Books",
                "/browse/books/history-of-psychology-books/3920_2761424_3385531_7070602"
            ],
            [
                "Personal Growth",
                "/browse/books/personal-growth/3920_1987289_582374_8324310_8811610"
            ],
            [
                "Psychology Reference Books",
                "/browse/books/psychology-reference-books/3920_2761424_3385531_9527380"
            ]
        ]
    },
    {
        "title": "Show Me All Your Scars: True Stories of Living with Mental Illness (Paperback)",
        "url": "https://www.walmart.com/ip/Show-Me-All-Your-Scars-True-Stories-of-Living-with-Mental-Illness-Paperback-9781937163259/51190997",
        "price": "$14.02",
        "stars": 0,
        "ratings": 0,
        "img": "",
        "tags": [
            [
                "Journalism Books",
                "/browse/books/journalism-books/3920_8818538_2431842"
            ],
            [
                "Mental Health Psychology Books",
                "/browse/books/mental-health-psychology-books/3920_2761424_3385531_3232391"
            ],
            [
                "Literary Collections - American",
                "/browse/books/literary-collections-american/3920_582105_1393947_3427022"
            ],
            [
                "Midwest United States Travel Books, Maps & Guides",
                "/browse/books/midwest-united-states-travel-books-maps-guides/3920_9360990_6219934_7928632_4114692"
            ],
            [
                "Essays on Social Science Books",
                "/browse/books/essays-social-science-books/3920_2761424_8176770_4764892"
            ],
            [
                "Literary Collections - African American",
                "/browse/books/literary-collections-african-american/3920_582105_1393947_6243038"
            ],
            [
                "Essays",
                "/browse/books/essays/3920_4310685_7036347"
            ],
            [
                "General American Literary Criticism Books",
                "/browse/books/general-american-literary-criticism-books/3920_582105_8476958_9254301_7225563"
            ]
        ]
    },
    {
        "title": "Get People to Do What You Want : How to Use Body Language and Words for Maximum Effect (Paperback)",
        "url": "https://www.walmart.com/ip/Get-People-to-Do-What-You-Want-How-to-Use-Body-Language-and-Words-for-Maximum-Effect-Paperback-9781632651587/600097243",
        "price": "$16.95",
        "stars": 0,
        "ratings": 0,
        "img": "i5.walmartimages.com/asr/25e4544d-40d8-4ac1-ac13-06a5e3c566a2.6c539e886c92c3f4c06c0090ca341fa6.jpeg?odnWidth=612&odnHeight=612&odnBg=ffffff",
        "tags": [
            [
                "Tarot Cards & Books",
                "/browse/books/tarot-cards-books/3920_1987289_1946456"
            ],
            [
                "Witchcraft",
                "/browse/books/witchcraft/3920_1987289_5383544_2856819"
            ],
            [
                "Adult Non-Fiction Top 100",
                "/browse/books/adult-non-fiction-top-100/3920_1057224_3049267"
            ],
            [
                "Success",
                "/browse/books/success/3920_5642757_9479316_4052595"
            ],
            [
                "Personal Growth",
                "/browse/books/personal-growth/3920_1987289_582374_8324310_8811610"
            ],
            [
                "Happiness",
                "/browse/books/happiness/3920_5642757_9479316_9355247"
            ],
            [
                "Women's Issues",
                "/browse/books/womens-issues/3920_1987289_582374_8324310_9563912"
            ]
        ]
    },
    {
        "title": "Dialectical Behavior Therapy : A Comprehensive Guide to DBT and Using Behavioral Therapy to Manage Borderline Personality Disorder (Paperback)",
        "url": "https://www.walmart.com/ip/Dialectical-Behavior-Therapy-A-Comprehensive-Guide-to-DBT-and-Using-Behavioral-Therapy-to-Manage-Borderline-Personality-Disorder-Paperback-9781761030031/260877356",
        "price": "$14.99",
        "stars": 0,
        "ratings": 0,
        "img": "",
        "tags": [
            [
                "Nervous System",
                "/browse/books/nervous-system/3920_582054_1646706_2215571"
            ],
            [
                "Aging Self-Help Books",
                "/browse/books/aging-self-help-books/3920_5642757_3327756"
            ],
            [
                "Later Years",
                "/browse/books/later-years/3920_5642757_6055772_1576726_4243381"
            ],
            [
                "Depression",
                "/browse/books/depression/3920_5642757_8597698_4458531"
            ],
            [
                "Anxieties & Phobias Self-Help Books",
                "/browse/books/anxieties-phobias-self-help-books/3920_5642757_4582997"
            ],
            [
                "Stress Management",
                "/browse/books/stress-management/3920_5642757_8917040_6623011"
            ],
            [
                "Friendship",
                "/browse/books/friendship/3920_5642757_6055772_7615674"
            ],
            [
                "Happiness",
                "/browse/books/happiness/3920_5642757_9479316_9355247"
            ]
        ]
    },
    {
        "title": "My Son...My Son : A Guide to Healing After a Suicide in the Family",
        "url": "https://www.walmart.com/ip/My-Son-My-Son-A-Guide-to-Healing-After-a-Suicide-in-the-Family-9780961632601/1507178",
        "price": "$14.60",
        "stars": 0,
        "ratings": 0,
        "img": "",
        "tags": [
            [
                "Men's Issues",
                "/browse/books/mens-issues/3920_1987289_582374_8324310_3418066"
            ],
            [
                "Mental Health Books",
                "/browse/books/mental-health-books/3920_3203859_3555432"
            ],
            [
                "Counseling Psychotherapy Books",
                "/browse/books/counseling-psychotherapy-books/3920_2761424_3385531_2318869_4223555"
            ],
            [
                "Dating",
                "/browse/books/dating/3920_5642757_6055772_5221030"
            ],
            [
                "Love & Romance",
                "/browse/books/love-romance/3920_5642757_6055772_7847489"
            ],
            [
                "Happiness",
                "/browse/books/happiness/3920_5642757_9479316_9355247"
            ],
            [
                "Healthy Living",
                "/browse/books/healthy-living/3920_582054_9380532"
            ],
            [
                "Child & Adolescent Psychotherapy Books",
                "/browse/books/child-adolescent-psychotherapy-books/3920_2761424_3385531_2318869_9492204"
            ]
        ]
    },
    {
        "title": "The Anxiety Book : Developing Strength in the Face of Fear",
        "url": "https://www.walmart.com/ip/The-Anxiety-Book-Developing-Strength-in-the-Face-of-Fear-9781573223768/24749671",
        "price": "$13.98",
        "stars": 0,
        "ratings": 0,
        "img": "i5.walmartimages.com/asr/be846acf-eac8-4c80-96ae-ffe1007f2fe8_1.d2a86be64e45cbcad9bc870450d6db35.jpeg?odnWidth=612&odnHeight=612&odnBg=ffffff",
        "tags": [
            [
                "Antique & Classic Automotive Transportation Books",
                "/browse/books/antique-classic-automotive-transportation-books/3920_9842685_1557508_3930373_1308409"
            ],
            [
                "Religious Biographies & Memoirs",
                "/browse/books/religious-biographies-memoirs/3920_5196470_1947523"
            ],
            [
                "Personal & Practical Guides",
                "/browse/books/personal-practical-guides/3920_3943378_2708953"
            ],
            [
                "General Psychotherapy Books",
                "/browse/books/general-psychotherapy-books/3920_2761424_3385531_2318869_3008400"
            ],
            [
                "Anxieties & Phobias Self-Help Books",
                "/browse/books/anxieties-phobias-self-help-books/3920_5642757_4582997"
            ],
            [
                "Depression Psychopathology Books",
                "/browse/books/depression-psychopathology-books/3920_2761424_3385531_6536134_4660953"
            ],
            [
                "Neuropsychology Books",
                "/browse/books/neuropsychology-books/3920_2761424_3385531_7903498"
            ],
            [
                "Post-Traumatic Stress Disorder Self-Help Books",
                "/browse/books/post-traumatic-stress-disorder-self-help-books/3920_5642757_9180842"
            ]
        ]
    }
]