[
    {
        "title": "Are You There God? It's Me, Margaret. (Reprint) (Paperback)",
        "url": "https://www.walmart.com/ip/Are-You-There-God-It-s-Me-Margaret-Reprint-Paperback-9781481409933/27818585",
        "price": "$8.99",
        "stars": "4.4",
        "ratings": "108 ",
        "img": "",
        "tags": [
            [
                "Classic Kids' Books",
                "/browse/books/classic-kids-books/3920_582053_1106632"
            ],
            [
                "Historical Romance Books",
                "/browse/books/historical-romance-books/3920_582105_582052_582614"
            ],
            [
                "General Fiction Books",
                "/browse/books/general-fiction-books/3920_582105_9435716_584297"
            ],
            [
                "Historical Fiction Novels",
                "/browse/books/historical-fiction-novels/3920_582105_9435716_584298"
            ],
            [
                "Rabbits Kids' Books",
                "/browse/books/rabbits-kids-books/3920_582053_584177_585946"
            ],
            [
                "Toys, Dolls & Puppet Kids' Books",
                "/browse/books/toys-dolls-puppet-kids-books/3920_582053_6012294"
            ],
            [
                "Biographical Novels",
                "/browse/books/biographical-novels/3920_582105_9435716_7039069"
            ],
            [
                "History",
                "/browse/books/history/3920_1987289_582055_2719198_8345010"
            ]
        ]
    },
    {
        "title": "Scholastic Reader: Level 1: I Spy a Pumpkin (Hardcover)",
        "url": "https://www.walmart.com/ip/Scholastic-Reader-Level-1-I-Spy-a-Pumpkin-Hardcover-9781417732654/158785546",
        "price": "$3.78",
        "stars": "4.3",
        "ratings": "3 ",
        "img": "",
        "tags": [
            [
                "Bears Kids' Books",
                "/browse/books/bears-kids-books/3920_582053_584177_585913"
            ],
            [
                "Rabbits Kids' Books",
                "/browse/books/rabbits-kids-books/3920_582053_584177_585946"
            ],
            [
                "Easter & Lent Kids' Books",
                "/browse/books/easter-lent-kids-books/3920_582053_585922_585987"
            ],
            [
                "Halloween Kids' Books",
                "/browse/books/halloween-kids-books/3920_582053_585922_585989"
            ],
            [
                "Baby - Age 2 Kids' Books",
                "/browse/books/baby-age-2-kids-books/3920_582053_593774"
            ],
            [
                "Christian Holidays & Celebrations Kids' Books",
                "/browse/books/christian-holidays-celebrations-kids-books/3920_1987289_582374_1551209_6868997"
            ],
            [
                "All Halloween Books for Kids",
                "/browse/books/all-halloween-books-for-kids/3920_4640285_9564915_7090388"
            ],
            [
                "General Kids' Books",
                "/browse/books/general-kids-books/3920_582053_7804682"
            ]
        ]
    },
    {
        "title": "Archie Giant Comics Digests: Archie Giant Comics Hop (Series #15) (Paperback)",
        "url": "https://www.walmart.com/ip/Archie-Giant-Comics-Digests-Archie-Giant-Comics-Hop-Series-15-Paperback-9781682558010/896279636",
        "price": "$3.99",
        "stars": "5.0",
        "ratings": "1 ",
        "img": "",
        "tags": [
            [
                "Fantasy Comic Books for Kids",
                "/browse/books/fantasy-comic-books-for-kids/3920_582053_7035585_2665859"
            ],
            [
                "Mexico History Books",
                "/browse/books/mexico-history-books/3920_582331_2264290_3117206"
            ],
            [
                "Pre-Columbian Era Latin American History Books",
                "/browse/books/pre-columbian-era-latin-american-history-books/3920_582331_2264290_4323278"
            ],
            [
                "Funny Kids' Books",
                "/browse/books/funny-kids-books/3920_582053_582573"
            ],
            [
                "Adolescence Kids' Books",
                "/browse/books/adolescence-kids-books/3920_582053_585928_586158"
            ],
            [
                "Friendship Kids' Books",
                "/browse/books/friendship-kids-books/3920_582053_585928_586161"
            ],
            [
                "Superheroes Comic Books for Kids",
                "/browse/books/superheroes-comic-books-for-kids/3920_582053_7035585_5873224"
            ],
            [
                "Native American History Books",
                "/browse/books/native-american-history-books/3920_582331_7283574"
            ]
        ]
    },
    {
        "title": "Alien Superstar: Lights, Camera, Danger (Alien Superstar #2) (Hardcover)",
        "url": "https://www.walmart.com/ip/Alien-Superstar-Lights-Camera-Danger-Alien-Superstar-2-Hardcover-9781419740992/431266657",
        "price": "$13.49",
        "stars": 0,
        "ratings": 0,
        "img": "",
        "tags": [
            [
                "Children's Books Top 100",
                "/browse/books/childrens-books-top-100/3920_1057224_1568396"
            ],
            [
                "Diary of a Wimpy Kid",
                "/browse/books/diary-of-a-wimpy-kid/3920_582053_4214513"
            ],
            [
                "Read Across America",
                "/browse/books/read-across-america/3920_582053_5445825"
            ],
            [
                "Cats Kids' Books",
                "/browse/books/cats-kids-books/3920_582053_584177_585915"
            ],
            [
                "Baby - Age 2 Kids' Books",
                "/browse/books/baby-age-2-kids-books/3920_582053_593774"
            ],
            [
                "Pete the Cat Books",
                "/browse/books/pete-the-cat-books/3920_582053_8223069"
            ],
            [
                "Dr. Seuss",
                "/browse/books/dr-seuss/3920_582053_9858324"
            ]
        ]
    },
    {
        "title": "Play-A-Sound: Nickelodeon: Paw Patrol : Ready, Set, Rescue! (Board book)",
        "url": "https://www.walmart.com/ip/Play-A-Sound-Nickelodeon-Paw-Patrol-Ready-Set-Rescue-Board-book-9781503731189/716954800",
        "price": "$7.15",
        "stars": "2.0",
        "ratings": "1 ",
        "img": "",
        "tags": [
            [
                "General Transportation Kids' Books",
                "/browse/books/general-transportation-kids-books/3920_582053_3323652_2475475"
            ],
            [
                "Dogs Kids' Books",
                "/browse/books/dogs-kids-books/3920_582053_584177_585917"
            ],
            [
                "Mice, Hamsters, Guinea Pigs & More Kids' Books",
                "/browse/books/mice-hamsters-guinea-pigs-more-kids-books/3920_582053_584177_585943"
            ],
            [
                "Interactive Adventures Kids' Books",
                "/browse/books/interactive-adventures-kids-books/3920_582053_586178"
            ],
            [
                "Imagination & Play Kids' Books",
                "/browse/books/imagination-play-kids-books/3920_582053_7487610"
            ],
            [
                "Bread Books",
                "/browse/books/bread-books/3920_3036003_2985464_7974864"
            ],
            [
                "Beginner Reading Kids' Books",
                "/browse/books/beginner-reading-kids-books/3920_582053_1106635_8429344"
            ]
        ]
    },
    {
        "title": "Pop-up Peekaboo! I Love You",
        "url": "https://www.walmart.com/ip/Pop-up-Peekaboo-I-Love-You-9781465465269/603198619",
        "price": "$8.59",
        "stars": 0,
        "ratings": 0,
        "img": "i5.walmartimages.com/asr/415b775d-9279-46a2-9a8e-2708b83ed6e2_1.c006c3b7214bada2ef60387052b97711.jpeg?odnWidth=612&odnHeight=612&odnBg=ffffff",
        "tags": [
            [
                "Colors Kids' Books",
                "/browse/books/colors-kids-books/3920_582053_6630876_1613775"
            ],
            [
                "General Transportation Kids' Books",
                "/browse/books/general-transportation-kids-books/3920_582053_3323652_2475475"
            ],
            [
                "Birthday Kids' Books",
                "/browse/books/birthday-kids-books/3920_582053_585922_5342191"
            ],
            [
                "Cats Kids' Books",
                "/browse/books/cats-kids-books/3920_582053_584177_585915"
            ],
            [
                "Dinosaurs & Prehistoric Creatures Kids' Books",
                "/browse/books/dinosaurs-prehistoric-creatures-kids-books/3920_582053_584177_585916"
            ],
            [
                "Marine Life Kids' Books",
                "/browse/books/marine-life-kids-books/3920_582053_584177_585942"
            ],
            [
                "Baby - Age 2 Kids' Books",
                "/browse/books/baby-age-2-kids-books/3920_582053_593774"
            ],
            [
                "Daily Activities Kids' Books",
                "/browse/books/daily-activities-kids-books/3920_582053_582569_6999564"
            ]
        ]
    },
    {
        "title": "Berenstain Bears (8x8): Berenstain Bears' Dinosaur Dig (Hardcover)",
        "url": "https://www.walmart.com/ip/Berenstain-Bears-8x8-Berenstain-Bears-Dinosaur-Dig-Hardcover-9780606262903/195773181",
        "price": "$14.76",
        "stars": 0,
        "ratings": 0,
        "img": "",
        "tags": [
            [
                "Children's & Kid's Machinery & Tool Books",
                "/browse/books/childrens-kids-machinery-tool-books/3920_582053_2831200_4287058_1716956"
            ],
            [
                "General Transportation Kids' Books",
                "/browse/books/general-transportation-kids-books/3920_582053_3323652_2475475"
            ],
            [
                "Children's & Kid's How Things Work & How Things Are Made Books",
                "/browse/books/childrens-kids-how-things-work-how-things-are-made-books/3920_582053_2831200_4287058_5054087"
            ],
            [
                "Values & Virtues Kids' Books",
                "/browse/books/values-virtues-kids-books/3920_582053_585928_5126314"
            ],
            [
                "General Family Concept Kids' Books",
                "/browse/books/general-family-concept-kids-books/3920_582053_585918_5653236"
            ],
            [
                "Travel Kids' Books",
                "/browse/books/travel-kids-books/3920_582053_582583"
            ],
            [
                "Dinosaurs & Prehistoric Creatures Kids' Books",
                "/browse/books/dinosaurs-prehistoric-creatures-kids-books/3920_582053_584177_585916"
            ],
            [
                "Business, Careers & Occupations Kids' Books",
                "/browse/books/business-careers-occupations-kids-books/3920_582053_585919"
            ]
        ]
    },
    {
        "title": "The Berenstain Bears Thanksgiving Blessings (Paperback)",
        "url": "https://www.walmart.com/ip/The-Berenstain-Bears-Thanksgiving-Blessings-Paperback-9780310734871/23963903",
        "price": "$4.99",
        "stars": "5.0",
        "ratings": "1 ",
        "img": "",
        "tags": [
            [
                "Animals Christian Kids' Books",
                "/browse/books/animals-christian-kids-books/3920_1987289_582374_1551209_2868134"
            ],
            [
                "Values & Virtues Christian Kids' Books",
                "/browse/books/values-virtues-christian-kids-books/3920_1987289_582374_1551209_3219672"
            ],
            [
                "Bears Kids' Books",
                "/browse/books/bears-kids-books/3920_582053_584177_585913"
            ],
            [
                "Christmas & Advent Kids' Books",
                "/browse/books/christmas-advent-kids-books/3920_582053_585922_585988"
            ],
            [
                "Ages 6-8 Kids' Books",
                "/browse/books/ages-6-8-kids-books/3920_582053_656540"
            ],
            [
                "Christian Holidays & Celebrations Kids' Books",
                "/browse/books/christian-holidays-celebrations-kids-books/3920_1987289_582374_1551209_6868997"
            ],
            [
                "All Halloween Books for Kids",
                "/browse/books/all-halloween-books-for-kids/3920_4640285_9564915_7090388"
            ],
            [
                "Early Readers Christian Kids' Books",
                "/browse/books/early-readers-christian-kids-books/3920_1987289_582374_1551209_8814420"
            ]
        ]
    },
    {
        "title": "Sesame Street: Elmo at the Zoo (Board Book)",
        "url": "https://www.walmart.com/ip/Sesame-Street-Elmo-at-the-Zoo-Board-Book-9780794440572/55698780",
        "price": "$8.59",
        "stars": "4.0",
        "ratings": "1 ",
        "img": "i5.walmartimages.com/asr/8a75b56f-c8b1-4c04-b051-f9d23d9d80f1_1.22f34cc816b9458da203ec508592199f.jpeg?odnWidth=612&odnHeight=612&odnBg=ffffff",
        "tags": [
            [
                "General Kids' Game & Activity Books",
                "/browse/books/general-kids-game-activity-books/3920_582053_6972438_3099384"
            ],
            [
                "General Learning Concept Kids' Books",
                "/browse/books/general-learning-concept-kids-books/3920_582053_6630876_4154909"
            ],
            [
                "Words Kids' Books",
                "/browse/books/words-kids-books/3920_582053_6630876_5098446"
            ],
            [
                "Alphabet Kids' Books",
                "/browse/books/alphabet-kids-books/3920_582053_6630876_5347236"
            ],
            [
                "Easter & Lent Kids' Books",
                "/browse/books/easter-lent-kids-books/3920_582053_585922_585987"
            ],
            [
                "Baby - Age 2 Kids' Books",
                "/browse/books/baby-age-2-kids-books/3920_582053_593774"
            ],
            [
                "Bedtime & Dreams Kids' Books",
                "/browse/books/bedtime-dreams-kids-books/3920_582053_7198550"
            ],
            [
                "Counting & Numbers Kids' Books",
                "/browse/books/counting-numbers-kids-books/3920_582053_6630876_9855543"
            ]
        ]
    },
    {
        "title": "On The Hunt! Hidden Picture Activity Book for Kids (Paperback)",
        "url": "https://www.walmart.com/ip/On-The-Hunt-Hidden-Picture-Activity-Book-for-Kids-Paperback-9781541909588/859150194",
        "price": "$6.92",
        "stars": 0,
        "ratings": 0,
        "img": "",
        "tags": [
            [
                "Dragons, Unicorns & Mythical Creatures Kids' Books",
                "/browse/books/dragons-unicorns-mythical-creatures-kids-books/3920_582053_584177_2122790"
            ],
            [
                "Contemporary Fantasy Teen & Young Adult Books",
                "/browse/books/contemporary-fantasy-teen-young-adult-books/3920_1068785_2702343_5743566_4082465"
            ],
            [
                "General Learning Concept Kids' Books",
                "/browse/books/general-learning-concept-kids-books/3920_582053_6630876_4154909"
            ],
            [
                "Puzzles Kids' Books",
                "/browse/books/puzzles-kids-books/3920_582053_6972438_5432134"
            ],
            [
                "Bears Kids' Books",
                "/browse/books/bears-kids-books/3920_582053_584177_585913"
            ],
            [
                "Easter & Lent Kids' Books",
                "/browse/books/easter-lent-kids-books/3920_582053_585922_585987"
            ],
            [
                "Technological Thriller Books",
                "/browse/books/technological-thriller-books/3920_582105_9435716_586706_586718_7104321"
            ],
            [
                "Highlights",
                "/browse/books/highlights/3920_582053_8924814"
            ]
        ]
    }
]