[
    {
        "title": "Berenstain Bears Living Lights 8x8: The Berenstain Bears and a Job Well Done (Paperback)",
        "url": "https://www.walmart.com/ip/Berenstain-Bears-Living-Lights-8x8-The-Berenstain-Bears-and-a-Job-Well-Done-Paperback-9780310712541/12341208",
        "price": "$3.99",
        "stars": "4.0",
        "ratings": "1 ",
        "img": "",
        "tags": [
            [
                "Values & Virtues Christian Kids' Books",
                "/browse/books/values-virtues-christian-kids-books/3920_1987289_582374_1551209_3219672"
            ],
            [
                "General Coming of Age Kids' Books",
                "/browse/books/general-coming-of-age-kids-books/3920_582053_582569_3512468"
            ],
            [
                "General Family Concept Kids' Books",
                "/browse/books/general-family-concept-kids-books/3920_582053_585918_5653236"
            ],
            [
                "Business, Careers & Occupations Kids' Books",
                "/browse/books/business-careers-occupations-kids-books/3920_582053_585919"
            ],
            [
                "All Halloween Books for Kids",
                "/browse/books/all-halloween-books-for-kids/3920_4640285_9564915_7090388"
            ],
            [
                "Early Readers Christian Kids' Books",
                "/browse/books/early-readers-christian-kids-books/3920_1987289_582374_1551209_8814420"
            ],
            [
                "Bullying Kids' Books",
                "/browse/books/bullying-kids-books/3920_582053_585928_9099639"
            ]
        ]
    },
    {
        "title": "Unshakeable Trust : Find the Joy of Trusting God at All Times, in All Things",
        "url": "https://www.walmart.com/ip/Unshakeable-Trust-Find-the-Joy-of-Trusting-God-at-All-Times-in-All-Things-9781455560097/543517598",
        "price": "$6.49",
        "stars": "5.0",
        "ratings": "1 ",
        "img": "",
        "tags": [
            [
                "Family",
                "/browse/books/family/3920_1987289_582374_8324310_1974555"
            ],
            [
                "Kayaking Books",
                "/browse/books/kayaking-books/3920_8924365_3593867"
            ],
            [
                "Prayer & Spiritual",
                "/browse/books/prayer-spiritual/3920_1987289_5383544_5924535_3805088"
            ],
            [
                "Bible Study Guides",
                "/browse/books/bible-study-guides/3920_1987289_582374_2718157_4203444"
            ],
            [
                "Child Abuse",
                "/browse/books/child-abuse/3920_5642757_6055772_2339345_7611440"
            ],
            [
                "Polish Cookbooks",
                "/browse/books/polish-cookbooks/3920_3036003_9740893_7685173"
            ],
            [
                "Happiness",
                "/browse/books/happiness/3920_5642757_9479316_9355247"
            ],
            [
                "Study Guide Books",
                "/browse/books/study-guide-books/3920_6060018_9508182"
            ]
        ]
    },
    {
        "title": "Rockpool Oracle Cards: Queen of the Moon Oracle: Guidance Through Lunar and Seasonal Energies (Other)",
        "url": "https://www.walmart.com/ip/Rockpool-Oracle-Cards-Queen-of-the-Moon-Oracle-Guidance-Through-Lunar-and-Seasonal-Energies-Other-9781925682588/562030824",
        "price": "$19.50",
        "stars": "4.7",
        "ratings": "6 ",
        "img": "",
        "tags": [
            [
                "Tarot Cards & Books",
                "/browse/books/tarot-cards-books/3920_1987289_1946456"
            ],
            [
                "Ancient Mysteries & Controversial Knowledge",
                "/browse/books/ancient-mysteries-controversial-knowledge/3920_1987289_5383544_2057604"
            ],
            [
                "Astrology",
                "/browse/books/astrology/3920_1987289_5383544_2972093"
            ],
            [
                "New Thought",
                "/browse/books/new-thought/3920_1987289_5383544_3156130"
            ],
            [
                "Fortune Telling",
                "/browse/books/fortune-telling/3920_1987289_5383544_3227710_3826175"
            ],
            [
                "Crystals",
                "/browse/books/crystals/3920_1987289_5383544_5534091"
            ],
            [
                "Mysticism",
                "/browse/books/mysticism/3920_1987289_5383544_6729519"
            ],
            [
                "Angels & Spirit Guides",
                "/browse/books/angels-spirit-guides/3920_1987289_5383544_8555100"
            ]
        ]
    },
    {
        "title": "Jesus Calling: 365 Devotions For Kids",
        "url": "https://www.walmart.com/ip/Jesus-Calling-365-Devotions-For-Kids-9781400316342/14015043",
        "price": "$6.94",
        "stars": "4.8",
        "ratings": "12 ",
        "img": "",
        "tags": [
            [
                "Family",
                "/browse/books/family/3920_1987289_582374_8324310_1974555"
            ],
            [
                "Christianity Books for Kids",
                "/browse/books/christianity-books-for-kids/3920_582053_582578_2521391"
            ],
            [
                "Mother's Day Gift Guide Books",
                "/browse/books/mothers-day-gift-guide-books/3920_7458265_5685062"
            ],
            [
                "Roald Dahl Books",
                "/browse/books/roald-dahl-books/3920_582053_6923299"
            ],
            [
                "Christmas & Advent",
                "/browse/books/christmas-advent/3920_1987289_582055_6154069_7363568"
            ],
            [
                "Meditations",
                "/browse/books/meditations/3920_1987289_582055_7627073"
            ],
            [
                "International Children's Bible",
                "/browse/books/international-childrens-bible/3920_1987289_582374_9735184_8288045"
            ]
        ]
    },
    {
        "title": "KJV, Deluxe Gift Bible, Imitation Leather, Pink, Red Letter Edition (Hardcover)",
        "url": "https://www.walmart.com/ip/KJV-Deluxe-Gift-Bible-Imitation-Leather-Pink-Red-Letter-Edition-Hardcover-9780718097790/55699149",
        "price": "$7.98",
        "stars": "4.4",
        "ratings": "7 ",
        "img": "",
        "tags": [
            [
                "Spiritual Growth",
                "/browse/books/spiritual-growth/3920_1987289_582374_8324310_1480379"
            ],
            [
                "Children & Youth",
                "/browse/books/children-youth/3920_1987289_582374_4864457_1591940"
            ],
            [
                "Evangelism",
                "/browse/books/evangelism/3920_1987289_582374_8889295_4053328"
            ],
            [
                "New King James Version",
                "/browse/books/new-king-james-version/3920_1987289_582374_9735184_5031088"
            ],
            [
                "Inspirational",
                "/browse/books/inspirational/3920_1987289_582055_5087571"
            ],
            [
                "New International Version",
                "/browse/books/new-international-version/3920_1987289_582374_9735184_7744007"
            ],
            [
                "Children",
                "/browse/books/children/3920_1987289_582374_8889295_9135970"
            ],
            [
                "New Living Translation",
                "/browse/books/new-living-translation/3920_1987289_582374_9735184_9984392"
            ]
        ]
    },
    {
        "title": "The Modern Witch Tarot Deck (Other)",
        "url": "https://www.walmart.com/ip/The-Modern-Witch-Tarot-Deck-Other-9781454938682/711724475",
        "price": "$22.05",
        "stars": "4.3",
        "ratings": "4 ",
        "img": "",
        "tags": [
            [
                "Astrology",
                "/browse/books/astrology/3920_1987289_5383544_2972093"
            ],
            [
                "New Thought",
                "/browse/books/new-thought/3920_1987289_5383544_3156130"
            ],
            [
                "Prayer & Spiritual",
                "/browse/books/prayer-spiritual/3920_1987289_5383544_5924535_3805088"
            ],
            [
                "Fortune Telling",
                "/browse/books/fortune-telling/3920_1987289_5383544_3227710_3826175"
            ],
            [
                "European Art Books",
                "/browse/books/european-art-books/3920_582321_6907922_4378258"
            ],
            [
                "Motivational & Inspirational Self-Help Books",
                "/browse/books/motivational-inspirational-self-help-books/3920_5642757_5080634"
            ],
            [
                "Mysticism",
                "/browse/books/mysticism/3920_1987289_5383544_6729519"
            ],
            [
                "Angels & Spirit Guides",
                "/browse/books/angels-spirit-guides/3920_1987289_5383544_8555100"
            ]
        ]
    },
    {
        "title": "Green Witchcraft: The Green Witch Tarot (Other)",
        "url": "https://www.walmart.com/ip/Green-Witchcraft-The-Green-Witch-Tarot-Other-9780738741659/45762145",
        "price": "$23.04",
        "stars": "5.0",
        "ratings": "2 ",
        "img": "",
        "tags": [
            [
                "Witchcraft",
                "/browse/books/witchcraft/3920_1987289_5383544_2856819"
            ],
            [
                "New Thought",
                "/browse/books/new-thought/3920_1987289_5383544_3156130"
            ],
            [
                "Fortune Telling",
                "/browse/books/fortune-telling/3920_1987289_5383544_3227710_3826175"
            ],
            [
                "Motivational & Inspirational Self-Help Books",
                "/browse/books/motivational-inspirational-self-help-books/3920_5642757_5080634"
            ],
            [
                "Toys, Dolls & Puppet Kids' Books",
                "/browse/books/toys-dolls-puppet-kids-books/3920_582053_6012294"
            ],
            [
                "Mysticism",
                "/browse/books/mysticism/3920_1987289_5383544_6729519"
            ],
            [
                "Angels & Spirit Guides",
                "/browse/books/angels-spirit-guides/3920_1987289_5383544_8555100"
            ],
            [
                "Israel Travel Books, Maps & Guides",
                "/browse/books/israel-travel-books-maps-guides/3920_9360990_6219934_2704185_8703752"
            ]
        ]
    },
    {
        "title": "Friends Tarot Cards",
        "url": "https://www.walmart.com/ip/Friends-Tarot-Cards-9781925811902/997627351",
        "price": "$18.62",
        "stars": 0,
        "ratings": 0,
        "img": "",
        "tags": [
            [
                "Astrology",
                "/browse/books/astrology/3920_1987289_5383544_2972093"
            ],
            [
                "New Thought",
                "/browse/books/new-thought/3920_1987289_5383544_3156130"
            ],
            [
                "Fortune Telling",
                "/browse/books/fortune-telling/3920_1987289_5383544_3227710_3826175"
            ],
            [
                "General Self-Help Books",
                "/browse/books/general-self-help-books/3920_5642757_4404259"
            ],
            [
                "Motivational & Inspirational Self-Help Books",
                "/browse/books/motivational-inspirational-self-help-books/3920_5642757_5080634"
            ],
            [
                "Mysticism",
                "/browse/books/mysticism/3920_1987289_5383544_6729519"
            ],
            [
                "Gaia & Earth Engeries",
                "/browse/books/gaia-earth-engeries/3920_1987289_5383544_7222079"
            ],
            [
                "Angels & Spirit Guides",
                "/browse/books/angels-spirit-guides/3920_1987289_5383544_8555100"
            ]
        ]
    },
    {
        "title": "The Witch's Herbal Apothecary : Rituals & Recipes for a Year of Earth Magick and Sacred Medicine Making",
        "url": "https://www.walmart.com/ip/The-Witch-s-Herbal-Apothecary-Rituals-Recipes-for-a-Year-of-Earth-Magick-and-Sacred-Medicine-Making-9781592339099/663240547",
        "price": "$21.05",
        "stars": "5.0",
        "ratings": "1 ",
        "img": "",
        "tags": [
            [
                "Magick Studies",
                "/browse/books/magick-studies/3920_1987289_5383544_4221481"
            ],
            [
                "Paganism & Neo-Paganism",
                "/browse/books/paganism-neo-paganism/3920_1987289_582055_4823153"
            ],
            [
                "Comparative Religion",
                "/browse/books/comparative-religion/3920_1987289_582055_4946620"
            ],
            [
                "Motivational & Inspirational Self-Help Books",
                "/browse/books/motivational-inspirational-self-help-books/3920_5642757_5080634"
            ],
            [
                "Herbal Medications",
                "/browse/books/herbal-medications/3920_582054_5087585"
            ],
            [
                "Wicca",
                "/browse/books/wicca/3920_1987289_582055_5197614"
            ],
            [
                "Occultism",
                "/browse/books/occultism/3920_1987289_5383544_6013733"
            ],
            [
                "Folklore & Mythology Books",
                "/browse/books/folklore-mythology-books/3920_2761424_8176770_7608440"
            ]
        ]
    },
    {
        "title": "Be Free (Galatians) : Exchange Legalism for True Spirituality",
        "url": "https://www.walmart.com/ip/Be-Free-Galatians-Exchange-Legalism-for-True-Spirituality-9781434767479/10904273",
        "price": "$14.99",
        "stars": 0,
        "ratings": 0,
        "img": "",
        "tags": []
    }
]