[
    {
        "title": "The Richest Man In Babylon (Paperback)",
        "url": "https://www.walmart.com/ip/The-Richest-Man-In-Babylon-Paperback-9788194131632/385663087",
        "price": "$12.65",
        "stars": 0,
        "ratings": 0,
        "img": "",
        "tags": [
            [
                "Venture Capital Corporate Finance Books",
                "/browse/books/venture-capital-corporate-finance-books/3920_582349_3714548_3095542"
            ],
            [
                "Personal Finance Investing Books",
                "/browse/books/personal-finance-investing-books/3920_582349_9861072_3148548"
            ],
            [
                "Managerial Accounting Books",
                "/browse/books/managerial-accounting-books/3920_582349_2851526_3576060"
            ],
            [
                "General Corporate Finance Books",
                "/browse/books/general-corporate-finance-books/3920_582349_3714548_4652380"
            ],
            [
                "General Personal Finance Books",
                "/browse/books/general-personal-finance-books/3920_582349_9861072_4713108"
            ],
            [
                "General Economics Books",
                "/browse/books/general-economics-books/3920_582349_6503572_6352002"
            ],
            [
                "Stocks Investments & Securities Books",
                "/browse/books/stocks-investments-securities-books/3920_582349_4859694_7426539"
            ],
            [
                "General Investments & Securities Books",
                "/browse/books/general-investments-securities-books/3920_582349_4859694_9475023"
            ]
        ]
    },
    {
        "title": "General Expense Accounting Ledger Notebook: 4 Column Ledger : Luxury Blue Ledger Books: Accounting Ledger Sheets, General Ledger Accounting Book, 4 Column Record Book: 4 Column Account Book: Ledger Notebook: 4 Column Ledger Record Book. (Series #1) (Paperback)",
        "url": "https://www.walmart.com/ip/General-Expense-Accounting-Ledger-Notebook-4-Column-Luxury-Blue-Books-Sheets-Book-Record-Book-Account-Book-Series-1-Paperback-9781701960848/436881554",
        "price": "$12.67",
        "stars": 0,
        "ratings": 0,
        "img": "",
        "tags": [
            [
                "Bookkeeping Books",
                "/browse/books/bookkeeping-books/3920_582349_3111716"
            ],
            [
                "Managerial Accounting Books",
                "/browse/books/managerial-accounting-books/3920_582349_2851526_3576060"
            ],
            [
                "Small Business Taxation Books",
                "/browse/books/small-business-taxation-books/3920_582349_2533393_5263533"
            ],
            [
                "General E-Commerce Books",
                "/browse/books/general-e-commerce-books/3920_582349_7396712_7218953"
            ],
            [
                "Accounting Standards Books",
                "/browse/books/accounting-standards-books/3920_582349_2851526_7466757"
            ],
            [
                "Facility Management Books",
                "/browse/books/facility-management-books/3920_582349_8164886"
            ],
            [
                "International Accounting Books",
                "/browse/books/international-accounting-books/3920_582349_8927224_9564901"
            ],
            [
                "Banks & Banking Books",
                "/browse/books/banks-banking-books/3920_582349_9783809"
            ]
        ]
    },
    {
        "title": "8 Column Business Journal: 8 Column Ledger Book : Black & Gold - Accounting Ledger Notebook - Business Financial Bookkeeping - Record Keeping Book - Home School Office Supplies (Series #2) (Paperback)",
        "url": "https://www.walmart.com/ip/8-Column-Business-Journal-Ledger-Book-Black-Gold-Accounting-Notebook-Financial-Bookkeeping-Record-Keeping-Home-School-Office-Supplies-Series-2-Paperb-9781686768965/229331798",
        "price": "$9.20",
        "stars": "3.0",
        "ratings": "1 ",
        "img": "",
        "tags": [
            [
                "Financial Accounting Books",
                "/browse/books/financial-accounting-books/3920_582349_2851526_1488823"
            ],
            [
                "Information Management Books",
                "/browse/books/information-management-books/3920_582349_2907933"
            ],
            [
                "Bookkeeping Books",
                "/browse/books/bookkeeping-books/3920_582349_3111716"
            ],
            [
                "Managerial Accounting Books",
                "/browse/books/managerial-accounting-books/3920_582349_2851526_3576060"
            ],
            [
                "Accounting Standards Books",
                "/browse/books/accounting-standards-books/3920_582349_2851526_7466757"
            ],
            [
                "Budgeting Books",
                "/browse/books/budgeting-books/3920_582349_8969900"
            ],
            [
                "International Accounting Books",
                "/browse/books/international-accounting-books/3920_582349_8927224_9564901"
            ],
            [
                "Banks & Banking Books",
                "/browse/books/banks-banking-books/3920_582349_9783809"
            ]
        ]
    },
    {
        "title": "Property and Casualty Insurance License Exam Study Guide : Property & Casualty Insurance License Exam Study Guide and Practice Test Questions [2nd Edition] (Paperback)",
        "url": "https://www.walmart.com/ip/Property-Casualty-Insurance-License-Exam-Study-Guide-Practice-Test-Questions-2nd-Edition-Paperback-9781628457957/886172388",
        "price": "$27.62",
        "stars": 0,
        "ratings": 0,
        "img": "",
        "tags": []
    },
    {
        "title": "How to Make Your Money Last - Completely Updated for Planning Today : The Indispensable Retirement Guide",
        "url": "https://www.walmart.com/ip/How-to-Make-Your-Money-Last-Completely-Updated-for-Planning-Today-The-Indispensable-Retirement-Guide-9781982115838/610434838",
        "price": "$5.99",
        "stars": 0,
        "ratings": 0,
        "img": "",
        "tags": [
            [
                "General Personal Finance Books",
                "/browse/books/general-personal-finance-books/3920_582349_9861072_4713108"
            ],
            [
                "Personal Finance Retirement Planning Books",
                "/browse/books/personal-finance-retirement-planning-books/3920_582349_9861072_6419377"
            ],
            [
                "Personal Finance Money Management Books",
                "/browse/books/personal-finance-money-management-books/3920_582349_9861072_6759272"
            ],
            [
                "Inflation Books",
                "/browse/books/inflation-books/3920_582349_6877178"
            ],
            [
                "General Games & Activity Books",
                "/browse/books/general-games-activity-books/3920_582361_9999446_6935387"
            ],
            [
                "Office Automation Books",
                "/browse/books/office-automation-books/3920_582349_7192900"
            ],
            [
                "Budgeting Books",
                "/browse/books/budgeting-books/3920_582349_8969900"
            ],
            [
                "Banks & Banking Books",
                "/browse/books/banks-banking-books/3920_582349_9783809"
            ]
        ]
    },
    {
        "title": "The Real Estate Game : The Intelligent Guide To Decisionmaking And Investment",
        "url": "https://www.walmart.com/ip/The-Real-Estate-Game-The-Intelligent-Guide-To-Decisionmaking-And-Investment-9780684855509/667517",
        "price": "$23.35",
        "stars": "3.0",
        "ratings": "3 ",
        "img": "",
        "tags": [
            [
                "Real Estate Law Books",
                "/browse/books/real-estate-law-books/3920_1952589_2372817"
            ],
            [
                "General Sales & Selling Books",
                "/browse/books/general-sales-selling-books/3920_582349_6996400_2728779"
            ],
            [
                "Personal Finance Investing Books",
                "/browse/books/personal-finance-investing-books/3920_582349_9861072_3148548"
            ],
            [
                "Buying & Selling Homes Books",
                "/browse/books/buying-selling-homes-books/3920_582349_5738019_4505837"
            ],
            [
                "Legal Practical Guides Books",
                "/browse/books/legal-practical-guides-books/3920_1952589_5856599"
            ],
            [
                "Landlord & Tenant Law Books",
                "/browse/books/landlord-tenant-law-books/3920_1952589_7497601"
            ],
            [
                "Personal Success in Business & Money Books",
                "/browse/books/personal-success-in-business-money-books/3920_582349_9116217"
            ],
            [
                "Real Estate Investments & Securities Books",
                "/browse/books/real-estate-investments-securities-books/3920_582349_4859694_9692479"
            ]
        ]
    },
    {
        "title": "A History of Central Banking and the Enslavement of Mankind (Edition 4) (Paperback)",
        "url": "https://www.walmart.com/ip/A-History-of-Central-Banking-and-the-Enslavement-of-Mankind-Edition-4-Paperback-9781912759200/481273735",
        "price": "$26.31",
        "stars": "5.0",
        "ratings": "1 ",
        "img": "",
        "tags": [
            [
                "Pharmacology Nursing Books",
                "/browse/books/pharmacology-nursing-books/3920_3203859_7271537_1569850"
            ],
            [
                "20th Century United States History Books",
                "/browse/books/20th-century-united-states-history-books/3920_582331_583318_2158164"
            ],
            [
                "Criminals & Outlaws Biographies & Memoirs",
                "/browse/books/criminals-outlaws-biographies-memoirs/3920_5196470_2966683"
            ],
            [
                "Criminology Books",
                "/browse/books/criminology-books/3920_2761424_8176770_3026547"
            ],
            [
                "Western Novels",
                "/browse/books/western-novels/3920_582105_9435716_584309"
            ],
            [
                "Police Procedural Books",
                "/browse/books/police-procedural-books/3920_582105_9435716_586706_3971473_586714"
            ],
            [
                "Law Enforcement Biographies & Memoirs",
                "/browse/books/law-enforcement-biographies-memoirs/3920_5196470_8144330"
            ],
            [
                "Corruption & Misconduct Political Books",
                "/browse/books/corruption-misconduct-political-books/3920_5764957_9490264"
            ]
        ]
    },
    {
        "title": "Real Estate Investing 101 : From Finding Properties and Securing Mortgage Terms to REITs and Flipping Houses, an Essential Primer on How to Make Money with Real Estate",
        "url": "https://www.walmart.com/ip/Real-Estate-Investing-101-From-Finding-Properties-Securing-Mortgage-Terms-REITs-Flipping-Houses-Essential-Primer-How-Make-Money-9781507210574/536716284",
        "price": "$5.75",
        "stars": "5.0",
        "ratings": "1 ",
        "img": "",
        "tags": [
            [
                "General Sales & Selling Books",
                "/browse/books/general-sales-selling-books/3920_582349_6996400_2728779"
            ],
            [
                "Personal Finance Investing Books",
                "/browse/books/personal-finance-investing-books/3920_582349_9861072_3148548"
            ],
            [
                "Real Estate Mortgages Books",
                "/browse/books/real-estate-mortgages-books/3920_582349_5738019_3915690"
            ],
            [
                "Buying & Selling Homes Books",
                "/browse/books/buying-selling-homes-books/3920_582349_5738019_4505837"
            ],
            [
                "Commercial Real Estate Books",
                "/browse/books/commercial-real-estate-books/3920_582349_5738019_5684240"
            ],
            [
                "General Real Estate Books",
                "/browse/books/general-real-estate-books/3920_582349_5738019_6595536"
            ],
            [
                "Remodeling & Renovation Books",
                "/browse/books/remodeling-renovation-books/3920_5611252_1505656_7443465"
            ],
            [
                "Negotiation Books",
                "/browse/books/negotiation-books/3920_582349_8109214"
            ]
        ]
    },
    {
        "title": "Blood and Oil : Mohammed Bin Salman's Ruthless Quest for Global Power (Hardcover)",
        "url": "https://www.walmart.com/ip/Blood-and-Oil-Mohammed-Bin-Salman-s-Ruthless-Quest-for-Global-Power-Hardcover-9780306846663/988300268",
        "price": "$23.58",
        "stars": 0,
        "ratings": 0,
        "img": "",
        "tags": [
            [
                "Small Business Books",
                "/browse/books/small-business-books/3920_582349_2876621"
            ],
            [
                "Public Affairs & Administration Political Books",
                "/browse/books/public-affairs-administration-political-books/3920_5764957_3069376"
            ],
            [
                "Money & Monetary Policy Books",
                "/browse/books/money-monetary-policy-books/3920_582349_3384380"
            ],
            [
                "Radicalism Political Ideology Books",
                "/browse/books/radicalism-political-ideology-books/3920_5764957_5916221_3454751"
            ],
            [
                "General Nonprofit Organizations & Charities Books",
                "/browse/books/general-nonprofit-organizations-charities-books/3920_582349_6813295_3520472"
            ],
            [
                "General Political Process Books",
                "/browse/books/general-political-process-books/3920_5764957_5741142_4397386"
            ],
            [
                "Ecology Books",
                "/browse/books/ecology-books/3920_8529612_4668181_5688999"
            ],
            [
                "Communism, Post-Communism & Socialism Political Ideologies Books",
                "/browse/books/communism-post-communism-socialism-political-ideologies-books/3920_5764957_5916221_7309309"
            ]
        ]
    },
    {
        "title": "The Bible of Options Strategies : The Definitive Guide for Practical Trading Strategies (Edition 2) (Hardcover)",
        "url": "https://www.walmart.com/ip/The-Bible-of-Options-Strategies-Hardcover-9780133964028/43380188",
        "price": "$52.07",
        "stars": "4.5",
        "ratings": "2 ",
        "img": "",
        "tags": [
            [
                "Energy Industry Books",
                "/browse/books/energy-industry-books/3920_582349_5438892_1983569"
            ],
            [
                "Social Topics Teen & Young Adult Comic Books & Graphic Novels",
                "/browse/books/social-topics-teen-young-adult-comic-books-graphic-novels/3920_1068785_4608734_2351933"
            ],
            [
                "Future in Investments & Securities Books",
                "/browse/books/future-in-investments-securities-books/3920_582349_4859694_2416531"
            ],
            [
                "Personal Finance Investing Books",
                "/browse/books/personal-finance-investing-books/3920_582349_9861072_3148548"
            ],
            [
                "General Finance Books",
                "/browse/books/general-finance-books/3920_582349_6748238_3692249"
            ],
            [
                "Online Trading E-Commerce Books",
                "/browse/books/online-trading-e-commerce-books/3920_582349_7396712_5414408"
            ],
            [
                "Fossil Fuels Power Resources Books",
                "/browse/books/fossil-fuels-power-resources-books/3920_9842685_8901905_7845454_7293694"
            ],
            [
                "Calculus Books",
                "/browse/books/calculus-books/3920_9242904_7793608"
            ]
        ]
    }
]