[
    {
        "title": "The Not So Subtle Art of Being A Fat Girl : Loving the Skin You're In",
        "url": "https://www.walmart.com/ip/The-Not-So-Subtle-Art-of-Being-A-Fat-Girl-Loving-the-Skin-You-re-In-9781681883236/55798647",
        "price": "$23.07",
        "stars": 0,
        "ratings": 0,
        "img": "",
        "tags": [
            [
                "Religious Biographies & Memoirs",
                "/browse/books/religious-biographies-memoirs/3920_5196470_1947523"
            ],
            [
                "Rich & Famous Biographies & Memoirs",
                "/browse/books/rich-famous-biographies-memoirs/3920_5196470_2244664"
            ],
            [
                "Holocaust History Books",
                "/browse/books/holocaust-history-books/3920_582331_3837857"
            ],
            [
                "Mother's Day Gift Guide Books",
                "/browse/books/mothers-day-gift-guide-books/3920_7458265_5685062"
            ],
            [
                "Historical Biographies & Memoirs",
                "/browse/books/historical-biographies-memoirs/3920_5196470_6575803"
            ],
            [
                "Women's History Month Nonfiction",
                "/browse/books/womens-history-month-nonfiction/3920_4883891_9043460"
            ],
            [
                "Entertainment & Performing Arts Biographies & Memoirs",
                "/browse/books/entertainment-performing-arts-biographies-memoirs/3920_5196470_9350306"
            ],
            [
                "Personal Memoirs",
                "/browse/books/personal-memoirs/3920_5196470_9711945"
            ]
        ]
    },
    {
        "title": "Taking Aim : Daring to Be Different, Happier, and Healthier in the Great Outdoors",
        "url": "https://www.walmart.com/ip/Taking-Aim-Daring-to-Be-Different-Happier-and-Healthier-in-the-Great-Outdoors-9780451499295/215185445",
        "price": "$14.98",
        "stars": 0,
        "ratings": 0,
        "img": "i5.walmartimages.com/asr/813532c6-9de5-492f-b85f-9381909a4f9b_1.8c9cb30b1746e030ee74296830cd26ba.jpeg?odnWidth=612&odnHeight=612&odnBg=ffffff",
        "tags": [
            [
                "Rich & Famous Biographies & Memoirs",
                "/browse/books/rich-famous-biographies-memoirs/3920_5196470_2244664"
            ],
            [
                "Horse Racing Books",
                "/browse/books/horse-racing-books/3920_8924365_2878223"
            ],
            [
                "Criminals & Outlaws Biographies & Memoirs",
                "/browse/books/criminals-outlaws-biographies-memoirs/3920_5196470_2966683"
            ],
            [
                "Oceanography Earth Science Books",
                "/browse/books/oceanography-earth-science-books/3920_8529612_1841429_7092481_5403797"
            ],
            [
                "Expeditions & Discoveries History Books",
                "/browse/books/expeditions-discoveries-history-books/3920_582331_6624088"
            ],
            [
                "Southwest State & Local United States History Books",
                "/browse/books/southwest-state-local-united-states-history-books/3920_582331_583318_8751259_8373862"
            ],
            [
                "Israel Travel Books, Maps & Guides",
                "/browse/books/israel-travel-books-maps-guides/3920_9360990_6219934_2704185_8703752"
            ],
            [
                "Adventure Travel Books, Maps & Guides",
                "/browse/books/adventure-travel-books-maps-guides/3920_9360990_3286434_8713788"
            ]
        ]
    },
    {
        "title": "The Last Girl : My Story of Captivity, and My Fight Against the Islamic State",
        "url": "https://www.walmart.com/ip/The-Last-Girl-My-Story-of-Captivity-and-My-Fight-Against-the-Islamic-State-9781524760434/55961336",
        "price": "$20.48",
        "stars": "4.8",
        "ratings": "4 ",
        "img": "i5.walmartimages.com/asr/fc9a26cc-88e0-45fe-9074-b3d1cae32ae7_1.926fc4ccc57ecc4fd39f81a93008ec03.jpeg?odnWidth=612&odnHeight=612&odnBg=ffffff",
        "tags": [
            [
                "Rich & Famous Biographies & Memoirs",
                "/browse/books/rich-famous-biographies-memoirs/3920_5196470_2244664"
            ],
            [
                "Body Art & Tattooing Art Books",
                "/browse/books/body-art-tattooing-art-books/3920_582321_6907922_2358664"
            ],
            [
                "Body, Mind & Spirit Kids' Books",
                "/browse/books/body-mind-spirit-kids-books/3920_582053_4172038"
            ],
            [
                "Mother's Day Gift Guide Books",
                "/browse/books/mothers-day-gift-guide-books/3920_7458265_5685062"
            ],
            [
                "Women Biographies & Memoirs",
                "/browse/books/women-biographies-memoirs/3920_5196470_7667225"
            ],
            [
                "MLB Books",
                "/browse/books/mlb-books/3920_8924365_8749248"
            ],
            [
                "Entertainment & Performing Arts Biographies & Memoirs",
                "/browse/books/entertainment-performing-arts-biographies-memoirs/3920_5196470_9350306"
            ]
        ]
    },
    {
        "title": "Walden (Paperback)",
        "url": "https://www.walmart.com/ip/Walden-Paperback-9781613820162/53272044",
        "price": "$13.58",
        "stars": "3.9",
        "ratings": "66 ",
        "img": "",
        "tags": [
            [
                "Journalism Books",
                "/browse/books/journalism-books/3920_8818538_2431842"
            ],
            [
                "Literary Collections - American",
                "/browse/books/literary-collections-american/3920_582105_1393947_3427022"
            ],
            [
                "Midwest United States Travel Books, Maps & Guides",
                "/browse/books/midwest-united-states-travel-books-maps-guides/3920_9360990_6219934_7928632_4114692"
            ],
            [
                "Essays on Social Science Books",
                "/browse/books/essays-social-science-books/3920_2761424_8176770_4764892"
            ],
            [
                "Literary Collections - African American",
                "/browse/books/literary-collections-african-american/3920_582105_1393947_6243038"
            ],
            [
                "Essays",
                "/browse/books/essays/3920_4310685_7036347"
            ],
            [
                "General American Literary Criticism Books",
                "/browse/books/general-american-literary-criticism-books/3920_582105_8476958_9254301_7225563"
            ],
            [
                "Literary Collections - Female Authors",
                "/browse/books/literary-collections-female-authors/3920_582105_1393947_7858170"
            ]
        ]
    },
    {
        "title": "Love, Lucy",
        "url": "https://www.walmart.com/ip/Love-Lucy-9780425177310/1414590",
        "price": "$8.49",
        "stars": "3.8",
        "ratings": "5 ",
        "img": "i5.walmartimages.com/asr/9900fa06-c59a-457a-bce2-109b673ffa6b_1.586580fbf68feaa1fa19d18936a03faf.jpeg?odnWidth=612&odnHeight=612&odnBg=ffffff",
        "tags": [
            [
                "Country & Bluegrass Music Books",
                "/browse/books/country-bluegrass-music-books/3920_582321_1318217_4267978_2232693"
            ],
            [
                "Rich & Famous Biographies & Memoirs",
                "/browse/books/rich-famous-biographies-memoirs/3920_5196470_2244664"
            ],
            [
                "Internet & Social Media",
                "/browse/books/internet-social-media/3920_4310685_3274592"
            ],
            [
                "Rap & Hip Hop Music Books",
                "/browse/books/rap-hip-hop-music-books/3920_582321_1318217_4267978_4255978"
            ],
            [
                "Composers & Musicians Biographies & Memoirs",
                "/browse/books/composers-musicians-biographies-memoirs/3920_5196470_5543775"
            ],
            [
                "Rock Music Books",
                "/browse/books/rock-music-books/3920_582321_1318217_4267978_6186495"
            ],
            [
                "Women Biographies & Memoirs",
                "/browse/books/women-biographies-memoirs/3920_5196470_7667225"
            ],
            [
                "Personal Memoirs",
                "/browse/books/personal-memoirs/3920_5196470_9711945"
            ]
        ]
    },
    {
        "title": "The Journal of Best Practices : A Memoir of Marriage, Asperger Syndrome, and One Man's Quest to Be a Better Husband",
        "url": "https://www.walmart.com/ip/The-Journal-of-Best-Practices-A-Memoir-of-Marriage-Asperger-Syndrome-and-One-Man-s-Quest-to-Be-a-Better-Husband-9781439189740/20561716",
        "price": "$14.48",
        "stars": "4.6",
        "ratings": "9 ",
        "img": "i5.walmartimages.com/asr/114017e5-fa79-4c66-964e-96c11eb8adc4_1.301e39a7e253fc7eef7522879a142307.jpeg?odnWidth=612&odnHeight=612&odnBg=ffffff",
        "tags": [
            [
                "Rich & Famous Biographies & Memoirs",
                "/browse/books/rich-famous-biographies-memoirs/3920_5196470_2244664"
            ],
            [
                "Body Art & Tattooing Art Books",
                "/browse/books/body-art-tattooing-art-books/3920_582321_6907922_2358664"
            ],
            [
                "Body, Mind & Spirit Kids' Books",
                "/browse/books/body-mind-spirit-kids-books/3920_582053_4172038"
            ],
            [
                "Mother's Day Gift Guide Books",
                "/browse/books/mothers-day-gift-guide-books/3920_7458265_5685062"
            ],
            [
                "Women Biographies & Memoirs",
                "/browse/books/women-biographies-memoirs/3920_5196470_7667225"
            ],
            [
                "MLB Books",
                "/browse/books/mlb-books/3920_8924365_8749248"
            ],
            [
                "Entertainment & Performing Arts Biographies & Memoirs",
                "/browse/books/entertainment-performing-arts-biographies-memoirs/3920_5196470_9350306"
            ]
        ]
    },
    {
        "title": "Three Days: Three Days in January: Dwight Eisenhower's Final Mission (Paperback)",
        "url": "https://www.walmart.com/ip/Three-Days-Three-Days-in-January-Dwight-Eisenhower-s-Final-Mission-Paperback-9780062569035/52576588",
        "price": "$8.49",
        "stars": 0,
        "ratings": 0,
        "img": "",
        "tags": [
            [
                "Presidents & Heads of State Biographies & Memoirs",
                "/browse/books/presidents-heads-of-state-biographies-memoirs/3920_5196470_1329554"
            ],
            [
                "20th Century United States History Books",
                "/browse/books/20th-century-united-states-history-books/3920_582331_583318_2158164"
            ],
            [
                "Germany Travel Books",
                "/browse/books/germany-travel-books/3920_9360990_6219934_4194849_2235067"
            ],
            [
                "General Great Britain History Books",
                "/browse/books/general-great-britain-history-books/3920_582331_583303_9518896_2690415"
            ],
            [
                "NBA Books",
                "/browse/books/nba-books/3920_8924365_6632074"
            ],
            [
                "Southwest State & Local United States History Books",
                "/browse/books/southwest-state-local-united-states-history-books/3920_582331_583318_8751259_8373862"
            ],
            [
                "Automotive Customizing Books",
                "/browse/books/automotive-customizing-books/3920_9842685_1557508_3930373_8823330"
            ],
            [
                "Biographies & Memoirs",
                "/browse/books/biographies-memoirs/3920_9420011_9645853"
            ]
        ]
    },
    {
        "title": "My Journey to Heaven: What I Saw and How It Changed My Life (Paperback)",
        "url": "https://www.walmart.com/ip/My-Journey-to-Heaven-What-I-Saw-and-How-It-Changed-My-Life-Paperback-9780800721220/19798171",
        "price": "$3.99",
        "stars": "5.0",
        "ratings": "3 ",
        "img": "",
        "tags": [
            [
                "Rich & Famous Biographies & Memoirs",
                "/browse/books/rich-famous-biographies-memoirs/3920_5196470_2244664"
            ],
            [
                "Crocheting Books",
                "/browse/books/crocheting-books/3920_582361_2256620_7632639"
            ],
            [
                "Women Biographies & Memoirs",
                "/browse/books/women-biographies-memoirs/3920_5196470_7667225"
            ],
            [
                "Sports Biographies & Memoirs",
                "/browse/books/sports-biographies-memoirs/3920_5196470_8411416"
            ],
            [
                "Israel Travel Books, Maps & Guides",
                "/browse/books/israel-travel-books-maps-guides/3920_9360990_6219934_2704185_8703752"
            ],
            [
                "Spirituality",
                "/browse/books/spirituality/3920_1987289_582055_8803444"
            ],
            [
                "Near-Death Experience",
                "/browse/books/near-death-experience/3920_1987289_5383544_6499099_9381391"
            ],
            [
                "Love & Marriage",
                "/browse/books/love-marriage/3920_1987289_582374_8324310_9552786"
            ]
        ]
    },
    {
        "title": "So, Anyway... : A Memoir",
        "url": "https://www.walmart.com/ip/So-Anyway-A-Memoir-9780385348263/45762528",
        "price": "$15.14",
        "stars": "3.5",
        "ratings": "13 ",
        "img": "",
        "tags": [
            [
                "Presidents & Heads of State Biographies & Memoirs",
                "/browse/books/presidents-heads-of-state-biographies-memoirs/3920_5196470_1329554"
            ],
            [
                "Computers & Technology History Books",
                "/browse/books/computers-technology-history-books/3920_9724405_2441888"
            ],
            [
                "Science & Technology Biographies & Memoirs",
                "/browse/books/science-technology-biographies-memoirs/3920_5196470_2860773"
            ],
            [
                "Composers & Musicians Biographies & Memoirs",
                "/browse/books/composers-musicians-biographies-memoirs/3920_5196470_5543775"
            ],
            [
                "Historical Biographies & Memoirs",
                "/browse/books/historical-biographies-memoirs/3920_5196470_6575803"
            ],
            [
                "Military Biographies & Memoirs",
                "/browse/books/military-biographies-memoirs/3920_5196470_6622707"
            ],
            [
                "History & Philosophy of Mathematics Books",
                "/browse/books/history-philosophy-of-mathematics-books/3920_9242904_9177868"
            ]
        ]
    },
    {
        "title": "Mary Poppins, She Wrote : The Life of P. L. Travers",
        "url": "https://www.walmart.com/ip/Mary-Poppins-She-Wrote-The-Life-of-P-L-Travers-9781476762920/27428912",
        "price": "$14.10",
        "stars": "3.5",
        "ratings": "2 ",
        "img": "i5.walmartimages.com/asr/85570cac-97fe-4145-8026-24c7535dd7d0_1.a9c778c9d3bede8fe8fb02805a4220a2.jpeg?odnWidth=612&odnHeight=612&odnBg=ffffff",
        "tags": [
            [
                "Criminals & Outlaws Biographies & Memoirs",
                "/browse/books/criminals-outlaws-biographies-memoirs/3920_5196470_2966683"
            ],
            [
                "Travel Essay & Travelogue Books",
                "/browse/books/travel-essay-travelogue-books/3920_9360990_3286434_5371414"
            ],
            [
                "Historical Biographies & Memoirs",
                "/browse/books/historical-biographies-memoirs/3920_5196470_6575803"
            ],
            [
                "Women Biographies & Memoirs",
                "/browse/books/women-biographies-memoirs/3920_5196470_7667225"
            ],
            [
                "General Kids' Books About Art",
                "/browse/books/general-kids-books-about-art/3920_582053_582564_8111334"
            ],
            [
                "Artists, Architects & Photographers Biographies & Memoirs",
                "/browse/books/artists-architects-photographers-biographies-memoirs/3920_5196470_8238806"
            ],
            [
                "Cultural Heritage Biographies & Memoirs",
                "/browse/books/cultural-heritage-biographies-memoirs/3920_5196470_8577664"
            ]
        ]
    }
]