[
    {
        "title": "Small Wonders : Healing Childhood Trauma With EMDR",
        "url": "https://www.walmart.com/ip/Small-Wonders-Healing-Childhood-Trauma-With-EMDR-9781416584636/305574046",
        "price": "$16.34",
        "stars": 0,
        "ratings": 0,
        "img": "i5.walmartimages.com/asr/063cacd1-cee7-4539-9045-ace2cdfd8e56_1.ad70c937d69cd89f5338bfd904ed3367.jpeg?odnWidth=612&odnHeight=612&odnBg=ffffff",
        "tags": [
            [
                "General Baseball Books",
                "/browse/books/general-baseball-books/3920_8924365_4967252_2798102"
            ],
            [
                "Mental Health Books",
                "/browse/books/mental-health-books/3920_3203859_3555432"
            ],
            [
                "Spiritual Self-Help Books",
                "/browse/books/spiritual-self-help-books/3920_5642757_5131864"
            ],
            [
                "General Substance Abuse & Addictions Self-Help Books",
                "/browse/books/general-substance-abuse-addictions-self-help-books/3920_5642757_5797218_5380092"
            ],
            [
                "Interpersonal Relations Psychology Books",
                "/browse/books/interpersonal-relations-psychology-books/3920_2761424_3385531_5567426"
            ],
            [
                "Neuropsychology Books",
                "/browse/books/neuropsychology-books/3920_2761424_3385531_7903498"
            ],
            [
                "Post-Traumatic Stress Disorder Psychopathology Books",
                "/browse/books/post-traumatic-stress-disorder-psychopathology-books/3920_2761424_3385531_6536134_9287947"
            ],
            [
                "Mind & Body Philosophy Books",
                "/browse/books/mind-body-philosophy-books/3920_7051956_9666075"
            ]
        ]
    },
    {
        "title": "Swamp People: Season 5 (DVD)",
        "url": "https://www.walmart.com/ip/Swamp-People-Season-5-DVD/40549388",
        "price": "$19.99",
        "stars": "4.4",
        "ratings": "5 ",
        "img": "",
        "tags": [
            [
                "Anime Action",
                "/browse/movies-tv-shows/anime-action/4096_530719_1010219_1010220"
            ],
            [
                "All Animation & Cartoons",
                "/browse/movies-tv-shows/all-animation-cartoons/4096_530719_1010219_1010227"
            ],
            [
                "Anime Movies & TV Shows",
                "/browse/anime-movies-tv-shows/4096_4605228"
            ],
            [
                "All Dragon Ball TV Shows",
                "/browse/movies-tv-shows/all-dragon-ball-tv-shows/4096_530719_1057424_5219354_4828649"
            ],
            [
                "Dragon Ball Z TV Show",
                "/browse/movies-tv-shows/dragon-ball-z-tv-show/4096_530719_1057424_5219354_5260663"
            ],
            [
                "Reality Shows TV Shows",
                "/browse/movies-tv-shows/reality-shows-tv-shows/4096_530719_531648"
            ],
            [
                "Boxed Sets & Collections Movies & TV",
                "/browse/boxed-sets-collections-movies-tv/4096_5732611"
            ]
        ]
    },
    {
        "title": "The Complex PTSD Workbook (Paperback)",
        "url": "https://www.walmart.com/ip/The-Complex-PTSD-Workbook-Paperback-9781623158248/55340109",
        "price": "$14.14",
        "stars": "5.0",
        "ratings": "2 ",
        "img": "",
        "tags": [
            [
                "Mental Health Psychology Books",
                "/browse/books/mental-health-psychology-books/3920_2761424_3385531_3232391"
            ],
            [
                "Behaviorism Movement in Psychology Books",
                "/browse/books/behaviorism-movement-in-psychology-books/3920_2761424_3385531_5702953_3803019"
            ],
            [
                "Abuse Self-Help Books",
                "/browse/books/abuse-self-help-books/3920_5642757_4272716"
            ],
            [
                "Anxieties & Phobias Self-Help Books",
                "/browse/books/anxieties-phobias-self-help-books/3920_5642757_4582997"
            ],
            [
                "Literary Comic Books & Graphic Novels",
                "/browse/books/literary-comic-books-graphic-novels/3920_1095293_5085910"
            ],
            [
                "Physiological Psychology Books",
                "/browse/books/physiological-psychology-books/3920_2761424_3385531_7256408"
            ],
            [
                "Post-Traumatic Stress Disorder Self-Help Books",
                "/browse/books/post-traumatic-stress-disorder-self-help-books/3920_5642757_9180842"
            ],
            [
                "Post-Traumatic Stress Disorder Psychopathology Books",
                "/browse/books/post-traumatic-stress-disorder-psychopathology-books/3920_2761424_3385531_6536134_9287947"
            ]
        ]
    },
    {
        "title": "#deleted : Big Tech's Battle to Erase the Trump Movement and Steal the Election (Hardcover)",
        "url": "https://www.walmart.com/ip/deleted-Big-Tech-s-Battle-to-Erase-the-Trump-Movement-and-Steal-the-Election-Hardcover-9781546059301/770434193",
        "price": "$21.06",
        "stars": 0,
        "ratings": 0,
        "img": "",
        "tags": [
            [
                "Jewish History Books",
                "/browse/books/jewish-history-books/3920_582331_2032784"
            ],
            [
                "Ancient Mysteries & Controversial Knowledge",
                "/browse/books/ancient-mysteries-controversial-knowledge/3920_1987289_5383544_2057604"
            ],
            [
                "Medical History Books",
                "/browse/books/medical-history-books/3920_3203859_2442584"
            ],
            [
                "Criminals & Outlaws Biographies & Memoirs",
                "/browse/books/criminals-outlaws-biographies-memoirs/3920_5196470_2966683"
            ],
            [
                "New Thought",
                "/browse/books/new-thought/3920_1987289_5383544_3156130"
            ],
            [
                "Terrorism Political Books",
                "/browse/books/terrorism-political-books/3920_5764957_3181715"
            ],
            [
                "Southwest State & Local United States History Books",
                "/browse/books/southwest-state-local-united-states-history-books/3920_582331_583318_8751259_8373862"
            ],
            [
                "Propaganda Political Books",
                "/browse/books/propaganda-political-books/3920_5764957_8383231"
            ]
        ]
    },
    {
        "title": "The Valley of the Dry Bones (Paperback)",
        "url": "https://www.walmart.com/ip/The-Valley-of-the-Dry-Bones-Paperback-9780962088100/28427351",
        "price": "$13.95",
        "stars": 0,
        "ratings": 0,
        "img": "",
        "tags": [
            [
                "Slavery Books",
                "/browse/books/slavery-books/3920_2761424_8176770_2698525"
            ],
            [
                "General African History Books",
                "/browse/books/general-african-history-books/3920_582331_583297_3556721"
            ],
            [
                "African American History Books",
                "/browse/books/african-american-history-books/3920_582331_5685608"
            ],
            [
                "General United States History Books",
                "/browse/books/general-united-states-history-books/3920_582331_583318_6419794"
            ],
            [
                "Cultural Heritage Biographies & Memoirs",
                "/browse/books/cultural-heritage-biographies-memoirs/3920_5196470_8577664"
            ],
            [
                "Women's History Month Nonfiction",
                "/browse/books/womens-history-month-nonfiction/3920_4883891_9043460"
            ],
            [
                "Discrimination & Race Relations Books",
                "/browse/books/discrimination-race-relations-books/3920_2761424_8176770_9541682"
            ]
        ]
    },
    {
        "title": "P.S.: Sex at Dawn: How We Mate, Why We Stray, and What It Means for Modern Relationships (Paperback)",
        "url": "https://www.walmart.com/ip/P-S-Sex-at-Dawn-How-We-Mate-Why-We-Stray-and-What-It-Means-for-Modern-Relationships-Paperback-9780061707810/15228475",
        "price": "$14.73",
        "stars": "4.1",
        "ratings": "16 ",
        "img": "",
        "tags": [
            [
                "Sexuality & Gender Studies",
                "/browse/books/sexuality-gender-studies/3920_1987289_582055_4375585"
            ],
            [
                "Gender Studies Books",
                "/browse/books/gender-studies-books/3920_2761424_8176770_4993356"
            ],
            [
                "Couples & Family Psychotherapy Books",
                "/browse/books/couples-family-psychotherapy-books/3920_2761424_3385531_2318869_5061609"
            ],
            [
                "Gay Studies Books",
                "/browse/books/gay-studies-books/3920_2761424_8176770_9488371_6816077"
            ],
            [
                "Sexual Instruction Self-Help Books",
                "/browse/books/sexual-instruction-self-help-books/3920_5642757_7838853"
            ],
            [
                "Human Sexuality Books",
                "/browse/books/human-sexuality-books/3920_2761424_8176770_9341862"
            ],
            [
                "Sexuality",
                "/browse/books/sexuality/3920_582054_9544603"
            ],
            [
                "Health & Sex Education Books",
                "/browse/books/health-sex-education-books/3920_4284269_9727618_9941724"
            ]
        ]
    },
    {
        "title": "The Right Side of History (Paperback)",
        "url": "https://www.walmart.com/ip/The-Right-Side-of-History-Paperback-9780062857910/171364155",
        "price": "$13.49",
        "stars": 0,
        "ratings": 0,
        "img": "",
        "tags": [
            [
                "Spiritual Warfare",
                "/browse/books/spiritual-warfare/3920_1987289_582374_8324310_1354471"
            ],
            [
                "Conservatism & Liberalism Political Ideologies Books",
                "/browse/books/conservatism-liberalism-political-ideologies-books/3920_5764957_5916221_2729433"
            ],
            [
                "Men's Issues",
                "/browse/books/mens-issues/3920_1987289_582374_8324310_3418066"
            ],
            [
                "Commentary & Opinion Political Books",
                "/browse/books/commentary-opinion-political-books/3920_5764957_4182048"
            ],
            [
                "Bible Study Guides",
                "/browse/books/bible-study-guides/3920_1987289_582374_2718157_4203444"
            ],
            [
                "Sociology of Religion Books",
                "/browse/books/sociology-of-religion-books/3920_2761424_8176770_4262895"
            ],
            [
                "Higher Education Books",
                "/browse/books/higher-education-books/3920_4284269_4964060"
            ],
            [
                "Religious Intolerance, Persecution & Conflict",
                "/browse/books/religious-intolerance-persecution-conflict/3920_1987289_582055_9632340"
            ]
        ]
    },
    {
        "title": "P.S.: Flow : The Psychology of Optimal Experience (Paperback)",
        "url": "https://www.walmart.com/ip/P-S-Flow-The-Psychology-of-Optimal-Experience-Paperback-9780061339202/5822153",
        "price": "$13.07",
        "stars": "4.1",
        "ratings": "18 ",
        "img": "",
        "tags": [
            [
                "Spiritual Growth",
                "/browse/books/spiritual-growth/3920_1987289_582374_8324310_1480379"
            ],
            [
                "Soteriology",
                "/browse/books/soteriology/3920_1987289_582374_9438566_2957174"
            ],
            [
                "Jungian Movement in Psychology Books",
                "/browse/books/jungian-movement-in-psychology-books/3920_2761424_3385531_5702953_3254528"
            ],
            [
                "Counseling Psychotherapy Books",
                "/browse/books/counseling-psychotherapy-books/3920_2761424_3385531_2318869_4223555"
            ],
            [
                "NBA Books",
                "/browse/books/nba-books/3920_8924365_6632074"
            ],
            [
                "Exegesis & Hermeneutics",
                "/browse/books/exegesis-hermeneutics/3920_1987289_582374_2718157_7059494"
            ],
            [
                "Personal Growth",
                "/browse/books/personal-growth/3920_1987289_582374_8324310_8811610"
            ],
            [
                "Happiness",
                "/browse/books/happiness/3920_5642757_9479316_9355247"
            ]
        ]
    },
    {
        "title": "Cognitive Processing Therapy for PTSD : A Comprehensive Manual",
        "url": "https://www.walmart.com/ip/Cognitive-Processing-Therapy-for-PTSD-A-Comprehensive-Manual-9781462528646/54214051",
        "price": "$39.02",
        "stars": 0,
        "ratings": 0,
        "img": "",
        "tags": [
            [
                "Military Families",
                "/browse/books/military-families/3920_5642757_6055772_2092278"
            ],
            [
                "Mental Health Psychology Books",
                "/browse/books/mental-health-psychology-books/3920_2761424_3385531_3232391"
            ],
            [
                "Counseling Psychotherapy Books",
                "/browse/books/counseling-psychotherapy-books/3920_2761424_3385531_2318869_4223555"
            ],
            [
                "Social Work Books",
                "/browse/books/social-work-books/3920_2761424_8176770_5930460"
            ],
            [
                "Physiological Psychology Books",
                "/browse/books/physiological-psychology-books/3920_2761424_3385531_7256408"
            ],
            [
                "Neuropsychology Books",
                "/browse/books/neuropsychology-books/3920_2761424_3385531_7903498"
            ],
            [
                "Post-Traumatic Stress Disorder Self-Help Books",
                "/browse/books/post-traumatic-stress-disorder-self-help-books/3920_5642757_9180842"
            ],
            [
                "Child & Adolescent Psychotherapy Books",
                "/browse/books/child-adolescent-psychotherapy-books/3920_2761424_3385531_2318869_9492204"
            ]
        ]
    },
    {
        "title": "Loving Someone with Bipolar Disorder : Understanding and Helping Your Partner",
        "url": "https://www.walmart.com/ip/Loving-Someone-with-Bipolar-Disorder-Understanding-and-Helping-Your-Partner-9781608822195/16920021",
        "price": "$16.45",
        "stars": "4.5",
        "ratings": "2 ",
        "img": "",
        "tags": [
            [
                "Emotions Self-Help Books",
                "/browse/books/emotions-self-help-books/3920_5642757_1355183"
            ],
            [
                "Bipolar Disorder Psychopathology Books",
                "/browse/books/bipolar-disorder-psychopathology-books/3920_2761424_3385531_6536134_1944701"
            ],
            [
                "Memory Improvement",
                "/browse/books/memory-improvement/3920_5642757_9479316_3450328"
            ],
            [
                "Cognitive Behavioral Therapy Movement in Psychology Books",
                "/browse/books/cognitive-behavioral-therapy-movement-in-psychology-books/3920_2761424_3385531_5702953_3738156"
            ],
            [
                "Emotions Psychology Books",
                "/browse/books/emotions-psychology-books/3920_2761424_3385531_4024451"
            ],
            [
                "Depression Psychopathology Books",
                "/browse/books/depression-psychopathology-books/3920_2761424_3385531_6536134_4660953"
            ],
            [
                "Cognitive Neuroscience & Cognitive Neuropsychology Books",
                "/browse/books/cognitive-neuroscience-cognitive-neuropsychology-books/3920_2761424_3385531_4849246"
            ],
            [
                "Comparative Religion",
                "/browse/books/comparative-religion/3920_1987289_582055_4946620"
            ]
        ]
    }
]