[
    {
        "title": "Eye in the Sky : The Story of the CORONA Spy Satellites",
        "url": "https://www.walmart.com/ip/Eye-in-the-Sky-The-Story-of-the-CORONA-Spy-Satellites-9781560987734/25650814",
        "price": "$15.11",
        "stars": "4.0",
        "ratings": "1 ",
        "img": "i5.walmartimages.com/asr/31663f07-7ebf-4786-88e0-f3b7c28a438f_1.9e897854c5764bf3b32369b20f308c3d.jpeg?odnWidth=612&odnHeight=612&odnBg=ffffff",
        "tags": [
            [
                "Presidents & Heads of State Biographies & Memoirs",
                "/browse/books/presidents-heads-of-state-biographies-memoirs/3920_5196470_1329554"
            ],
            [
                "Vietnam War Military History Books",
                "/browse/books/vietnam-war-military-history-books/3920_582331_583311_3257381"
            ],
            [
                "20th Century Modern History Books",
                "/browse/books/20th-century-modern-history-books/3920_582331_583312_4386810"
            ],
            [
                "United States Military History Books",
                "/browse/books/united-states-military-history-books/3920_582331_583311_5218011"
            ],
            [
                "Russian History Books",
                "/browse/books/russian-history-books/3920_582331_5270253"
            ],
            [
                "African American History Books",
                "/browse/books/african-american-history-books/3920_582331_5685608"
            ]
        ]
    },
    {
        "title": "A History of Canada in Ten Maps : Epic Stories of Charting a Mysterious Land",
        "url": "https://www.walmart.com/ip/A-History-of-Canada-in-Ten-Maps-Epic-Stories-of-Charting-a-Mysterious-Land-9780143193982/883670371",
        "price": "$15.20",
        "stars": 0,
        "ratings": 0,
        "img": "i5.walmartimages.com/asr/1e40b5ee-449b-4a0e-87ac-09fb0819c3cc_1.9ba1c2f25c0c3f720ce8bce87ece1d66.jpeg?odnWidth=612&odnHeight=612&odnBg=ffffff",
        "tags": [
            [
                "Contemporary Fantasy Teen & Young Adult Books",
                "/browse/books/contemporary-fantasy-teen-young-adult-books/3920_1068785_2702343_5743566_4082465"
            ],
            [
                "Religious Studies Books",
                "/browse/books/religious-studies-books/3920_2761424_8176770_5043430"
            ],
            [
                "Curiosities & Wonders Books",
                "/browse/books/curiosities-wonders-books/3920_3943378_5263191"
            ],
            [
                "Atlantic Canadian Provinces Travel Books, Maps & Guides",
                "/browse/books/atlantic-canadian-provinces-travel-books-maps-guides/3920_9360990_6219934_5623784_5668886"
            ],
            [
                "Maritime History & Piracy Books",
                "/browse/books/maritime-history-piracy-books/3920_582331_583308"
            ],
            [
                "Expeditions & Discoveries History Books",
                "/browse/books/expeditions-discoveries-history-books/3920_582331_6624088"
            ],
            [
                "Guides & Reviews",
                "/browse/books/guides-reviews/3920_582321_6572320_6482205_6757338"
            ],
            [
                "Adventurers & Explorers Biographies & Memoirs",
                "/browse/books/adventurers-explorers-biographies-memoirs/3920_5196470_9289082"
            ]
        ]
    },
    {
        "title": "The Bookseller of Kabul",
        "url": "https://www.walmart.com/ip/The-Bookseller-of-Kabul-9780316159418/2660185",
        "price": "$4.99",
        "stars": "3.8",
        "ratings": "71 ",
        "img": "",
        "tags": [
            [
                "General International Relations Books",
                "/browse/books/general-international-relations-books/3920_5764957_6017130_1582734"
            ],
            [
                "Intelligence & Espionage Political Books",
                "/browse/books/intelligence-espionage-political-books/3920_5764957_1737276"
            ],
            [
                "Terrorism Political Books",
                "/browse/books/terrorism-political-books/3920_5764957_3181715"
            ],
            [
                "Conspiracy Theory Books",
                "/browse/books/conspiracy-theory-books/3920_2761424_8176770_4525981"
            ],
            [
                "Iraq War Military History Books",
                "/browse/books/iraq-war-military-history-books/3920_582331_583311_5595964"
            ],
            [
                "Afghan War Military History Books",
                "/browse/books/afghan-war-military-history-books/3920_582331_583311_7734636"
            ],
            [
                "Middle Eastern Political Books",
                "/browse/books/middle-eastern-political-books/3920_5764957_4546754_9650307"
            ]
        ]
    },
    {
        "title": "P.S.: The Gulag Archipelago 1918-1956 Abridged : An Experiment in Literary Investigation (Paperback)",
        "url": "https://www.walmart.com/ip/P-S-The-Gulag-Archipelago-1918-1956-Abridged-An-Experiment-in-Literary-Investigation-Paperback-9780061253805/5388533",
        "price": "$15.67",
        "stars": "4.5",
        "ratings": "4 ",
        "img": "",
        "tags": [
            [
                "Banned Political Books",
                "/browse/books/banned-political-books/3920_7957549_1599726"
            ],
            [
                "Top 100 Books",
                "/browse/books/top-100-books/3920_1057224_1615275"
            ],
            [
                "Criminals & Outlaws Biographies & Memoirs",
                "/browse/books/criminals-outlaws-biographies-memoirs/3920_5196470_2966683"
            ],
            [
                "Russian History Books",
                "/browse/books/russian-history-books/3920_582331_5270253"
            ],
            [
                "Applied Psychology Books",
                "/browse/books/applied-psychology-books/3920_2761424_3385531_5941637"
            ],
            [
                "College Back to School Books",
                "/browse/books/college-back-to-school-books/3920_8955258_7993255"
            ],
            [
                "Discrimination & Race Relations Books",
                "/browse/books/discrimination-race-relations-books/3920_2761424_8176770_9541682"
            ]
        ]
    },
    {
        "title": "Andrew Jackson and the Miracle of New Orleans : The Battle That Shaped America's Destiny (Paperback)",
        "url": "https://www.walmart.com/ip/Andrew-Jackson-and-the-Miracle-of-New-Orleans-The-Battle-That-Shaped-America-s-Destiny-Paperback-9780593085868/866391279",
        "price": "$7.49",
        "stars": "2.0",
        "ratings": "1 ",
        "img": "",
        "tags": [
            [
                "Revolutionary Period United States History Books",
                "/browse/books/revolutionary-period-united-states-history-books/3920_582331_583318_1871798"
            ],
            [
                "Midwest State & Local United States History Books",
                "/browse/books/midwest-state-local-united-states-history-books/3920_582331_583318_8751259_2590618"
            ],
            [
                "Historical Biographies & Memoirs",
                "/browse/books/historical-biographies-memoirs/3920_5196470_6575803"
            ],
            [
                "Native American History Books",
                "/browse/books/native-american-history-books/3920_582331_7283574"
            ],
            [
                "African American Studies Books",
                "/browse/books/african-american-studies-books/3920_2761424_8176770_6537532_8322809"
            ],
            [
                "Cultural Heritage Biographies & Memoirs",
                "/browse/books/cultural-heritage-biographies-memoirs/3920_5196470_8577664"
            ],
            [
                "Western State & Local United States History Books",
                "/browse/books/western-state-local-united-states-history-books/3920_582331_583318_8751259_9971122"
            ]
        ]
    },
    {
        "title": "A History of Boston in 50 Artifacts",
        "url": "https://www.walmart.com/ip/A-History-of-Boston-in-50-Artifacts-9781611687828/48926709",
        "price": "$18.57",
        "stars": "4.0",
        "ratings": "1 ",
        "img": "",
        "tags": [
            [
                "Mental Health Books",
                "/browse/books/mental-health-books/3920_3203859_3555432"
            ],
            [
                "Regional Photography Books",
                "/browse/books/regional-photography-books/3920_582321_5674104_4153737_5673664"
            ],
            [
                "Museums, Tours & Points of Interest Travel Books, Maps & Guides",
                "/browse/books/museums-tours-points-of-interest-travel-books-maps-guides/3920_9360990_3286434_6257269"
            ],
            [
                "Colonial United States History Books",
                "/browse/books/colonial-united-states-history-books/3920_582331_583318_6359814"
            ],
            [
                "Photoessays & Documentaries Books",
                "/browse/books/photoessays-documentaries-books/3920_582321_5674104_6543460"
            ],
            [
                "Folklore & Mythology Books",
                "/browse/books/folklore-mythology-books/3920_2761424_8176770_7608440"
            ],
            [
                "Pictorial Military History Books",
                "/browse/books/pictorial-military-history-books/3920_582331_583311_8981766"
            ]
        ]
    },
    {
        "title": "Sisters in Law : How Sandra Day O'Connor and Ruth Bader Ginsburg Went to the Supreme Court and Changed the World (Paperback)",
        "url": "https://www.walmart.com/ip/Sisters-in-Law-How-Sandra-Day-O-Connor-and-Ruth-Bader-Ginsburg-Went-to-the-Supreme-Court-and-Changed-the-World-Paperback-9780062238474/51334307",
        "price": "$14.72",
        "stars": "4.3",
        "ratings": "4 ",
        "img": "",
        "tags": [
            [
                "Children's & Kid's Zoology Books",
                "/browse/books/childrens-kids-zoology-books/3920_582053_2831200_5524895_3015579"
            ],
            [
                "Funny Kids' Books",
                "/browse/books/funny-kids-books/3920_582053_582573"
            ],
            [
                "Birds Kids' Books",
                "/browse/books/birds-kids-books/3920_582053_584177_585914"
            ],
            [
                "Baby - Age 2 Kids' Books",
                "/browse/books/baby-age-2-kids-books/3920_582053_593774"
            ],
            [
                "Women Biographies & Memoirs",
                "/browse/books/women-biographies-memoirs/3920_5196470_7667225"
            ],
            [
                "Judicial Power Books",
                "/browse/books/judicial-power-books/3920_1952589_9873930"
            ],
            [
                "Children's & Kid's Environmental Science & Ecosystem Books",
                "/browse/books/childrens-kids-environmental-science-ecosystem-books/3920_582053_2831200_5524895_9908723"
            ],
            [
                "Courts Books",
                "/browse/books/courts-books/3920_1952589_9938015"
            ]
        ]
    },
    {
        "title": "The Way I Heard It",
        "url": "https://www.walmart.com/ip/The-Way-I-Heard-It-9781982130855/571176808",
        "price": "$22.09",
        "stars": "4.7",
        "ratings": "7 ",
        "img": "",
        "tags": [
            [
                "Political Kids' Books",
                "/browse/books/political-kids-books/3920_582053_9228860_2346316"
            ],
            [
                "Women's Perspective Biographies & Autobiographies for Kids",
                "/browse/books/womens-perspective-biographies-autobiographies-for-kids/3920_582053_9228860_2788065"
            ],
            [
                "Quotations Reference Books",
                "/browse/books/quotations-reference-books/3920_3943378_4327544"
            ],
            [
                "School & Education Kids' Books",
                "/browse/books/school-education-kids-books/3920_582053_4673607"
            ],
            [
                "Puzzles Kids' Books",
                "/browse/books/puzzles-kids-books/3920_582053_6972438_5432134"
            ],
            [
                "General Family Concept Kids' Books",
                "/browse/books/general-family-concept-kids-books/3920_582053_585918_5653236"
            ],
            [
                "Essays",
                "/browse/books/essays/3920_4310685_7036347"
            ],
            [
                "General Kids' Books",
                "/browse/books/general-kids-books/3920_582053_7804682"
            ]
        ]
    },
    {
        "title": "Views from the Reservation: A New Edition (Hardcover)",
        "url": "https://www.walmart.com/ip/Views-from-the-Reservation-A-New-Edition-Hardcover-9781938086632/575997584",
        "price": "$35.23",
        "stars": 0,
        "ratings": 0,
        "img": "",
        "tags": [
            [
                "General Political Books",
                "/browse/books/general-political-books/3920_5764957_2194732"
            ],
            [
                "Terrorism Political Books",
                "/browse/books/terrorism-political-books/3920_5764957_3181715"
            ],
            [
                "Regional Photography Books",
                "/browse/books/regional-photography-books/3920_582321_5674104_4153737_5673664"
            ],
            [
                "Southern State & Local United States History Books",
                "/browse/books/southern-state-local-united-states-history-books/3920_582331_583318_8751259_7485298"
            ],
            [
                "Middle Atlantic State & Local United States History Books",
                "/browse/books/middle-atlantic-state-local-united-states-history-books/3920_582331_583318_8751259_8598542"
            ],
            [
                "21st Century United States History Books",
                "/browse/books/21st-century-united-states-history-books/3920_582331_583318_9534820"
            ],
            [
                "Western State & Local United States History Books",
                "/browse/books/western-state-local-united-states-history-books/3920_582331_583318_8751259_9971122"
            ]
        ]
    },
    {
        "title": "Ghost Ship : The Mysterious True Story of the Mary Celeste and Her Missing Crew",
        "url": "https://www.walmart.com/ip/Ghost-Ship-The-Mysterious-True-Story-of-the-Mary-Celeste-and-Her-Missing-Crew-9780345466655/3364391",
        "price": "$14.19",
        "stars": "4.4",
        "ratings": "5 ",
        "img": "i5.walmartimages.com/asr/c7374f64-bd66-4799-af2f-1d61be3646b2_1.e6bc62bb173fad96a57c879d2f2f01ef.jpeg?odnWidth=612&odnHeight=612&odnBg=ffffff",
        "tags": [
            [
                "General Great Britain History Books",
                "/browse/books/general-great-britain-history-books/3920_582331_583303_9518896_2690415"
            ],
            [
                "Social History Books",
                "/browse/books/social-history-books/3920_582331_3385418"
            ],
            [
                "Literary Biographies & Memoirs",
                "/browse/books/literary-biographies-memoirs/3920_5196470_4214962"
            ],
            [
                "Earthquakes & Volcanoes Books",
                "/browse/books/earthquakes-volcanoes-books/3920_8529612_4668181_5636798"
            ],
            [
                "Nature & Earth Sciences Kids' Books",
                "/browse/books/nature-earth-sciences-kids-books/3920_582053_583632"
            ],
            [
                "Weather Nature Books",
                "/browse/books/weather-nature-books/3920_8529612_4668181_6302017"
            ],
            [
                "United States History Kids' Books",
                "/browse/books/united-states-history-kids-books/3920_582053_582572_7855693"
            ]
        ]
    }
]