[
    {
        "title": "COGAT Test Prep Grade 3 Level 9: Gifted and Talented Test Preparation Book - Practice Test/Workbook for Children in Third Grade (Paperback)",
        "url": "https://www.walmart.com/ip/COGAT-Test-Prep-Grade-3-Level-9-Gifted-and-Talented-Test-Preparation-Book-Practice-Test-Workbook-for-Children-in-Third-Grade-Paperback-9781733113212/146426429",
        "price": "$16.46",
        "stars": "5.0",
        "ratings": "1 ",
        "img": "",
        "tags": [
            [
                "General Educational Books",
                "/browse/books/general-educational-books/3920_4284269_2841214"
            ],
            [
                "Educational Standards Books",
                "/browse/books/educational-standards-books/3920_4284269_3161167"
            ],
            [
                "General Games & Activity Books",
                "/browse/books/general-games-activity-books/3920_582361_9999446_6935387"
            ],
            [
                "Activities",
                "/browse/books/activities/3920_5642757_6055772_7540582"
            ],
            [
                "General Test Prep Books",
                "/browse/books/general-test-prep-books/3920_6060018_7753989"
            ],
            [
                "Early Childhood Education Books",
                "/browse/books/early-childhood-education-books/3920_4284269_8387148"
            ],
            [
                "Summer Reading Workbooks",
                "/browse/books/summer-reading-workbooks/3920_6726310_9075247"
            ],
            [
                "Child & Adolescent Psychotherapy Books",
                "/browse/books/child-adolescent-psychotherapy-books/3920_2761424_3385531_2318869_9492204"
            ]
        ]
    },
    {
        "title": "Loving Someone with Borderline Personality Disorder : How to Keep Out-of-Control Emotions from Destroying Your Relationship",
        "url": "https://www.walmart.com/ip/Loving-Someone-with-Borderline-Personality-Disorder-How-to-Keep-Out-of-Control-Emotions-from-Destroying-Your-Relationship-9781593856076/15563985",
        "price": "$14.49",
        "stars": 0,
        "ratings": 0,
        "img": "",
        "tags": [
            [
                "Divorce & Separation",
                "/browse/books/divorce-separation/3920_5642757_6055772_1379134"
            ],
            [
                "Industrial & Organizational Psychology Books",
                "/browse/books/industrial-organizational-psychology-books/3920_2761424_3385531_1752017"
            ],
            [
                "Personality Psychology Books",
                "/browse/books/personality-psychology-books/3920_2761424_3385531_1793889"
            ],
            [
                "Anger Management",
                "/browse/books/anger-management/3920_5642757_8917040_2425880"
            ],
            [
                "Dissociative Identity Disorder Psychopathology Books",
                "/browse/books/dissociative-identity-disorder-psychopathology-books/3920_2761424_3385531_6536134_2469315"
            ],
            [
                "General Psychology Books",
                "/browse/books/general-psychology-books/3920_2761424_3385531_2859034"
            ],
            [
                "Abuse Self-Help Books",
                "/browse/books/abuse-self-help-books/3920_5642757_4272716"
            ],
            [
                "Codependency Self-Help Books",
                "/browse/books/codependency-self-help-books/3920_5642757_8770071"
            ]
        ]
    },
    {
        "title": "Range : Why Generalists Triumph in a Specialized World",
        "url": "https://www.walmart.com/ip/Range-Why-Generalists-Triumph-in-a-Specialized-World-9780735214484/694698723",
        "price": "$20.02",
        "stars": 0,
        "ratings": 0,
        "img": "i5.walmartimages.com/asr/0c87c893-a40c-4db4-b40a-9676eed2f3c0_1.0167e8f48e4fa24b0bb45ecfe02df2b0.jpeg?odnWidth=612&odnHeight=612&odnBg=ffffff",
        "tags": [
            [
                "Customs & Traditions Books",
                "/browse/books/customs-traditions-books/3920_2761424_8176770_2621611"
            ],
            [
                "Social Psychology Books",
                "/browse/books/social-psychology-books/3920_2761424_3385531_3476246"
            ],
            [
                "Gender Studies Books",
                "/browse/books/gender-studies-books/3920_2761424_8176770_4993356"
            ],
            [
                "Computers & Technology Education Books",
                "/browse/books/computers-technology-education-books/3920_4284269_6211554"
            ],
            [
                "General Psychopathology Books",
                "/browse/books/general-psychopathology-books/3920_2761424_3385531_6536134_8908432"
            ],
            [
                "Autism Spectrum Disorders Psychopathology Books",
                "/browse/books/autism-spectrum-disorders-psychopathology-books/3920_2761424_3385531_6536134_9110972"
            ],
            [
                "Political Essay Books",
                "/browse/books/political-essay-books/3920_5764957_9801849"
            ],
            [
                "Lifespan Development Psychology Books",
                "/browse/books/lifespan-development-psychology-books/3920_2761424_3385531_4783777_9923339"
            ]
        ]
    },
    {
        "title": "The Willie Lynch Letter and the Making of a Slave (Paperback)",
        "url": "https://www.walmart.com/ip/The-Willie-Lynch-Letter-and-the-Making-of-a-Slave-Paperback-9789562916554/11246734",
        "price": "$8.18",
        "stars": "3.0",
        "ratings": "3 ",
        "img": "i5.walmartimages.com/asr/4fc49ef4-681a-48a7-a5cb-61b3f407db2a_1.ace586a6449ff1ba83ce335c67aa4561.jpeg?odnWidth=612&odnHeight=612&odnBg=ffffff",
        "tags": [
            [
                "African American History Books",
                "/browse/books/african-american-history-books/3920_582331_5685608"
            ],
            [
                "Civil War United States History Books",
                "/browse/books/civil-war-united-states-history-books/3920_582331_583318_6353047"
            ],
            [
                "Colonial United States History Books",
                "/browse/books/colonial-united-states-history-books/3920_582331_583318_6359814"
            ],
            [
                "Poverty & Homelessness Books",
                "/browse/books/poverty-homelessness-books/3920_2761424_8176770_7158882"
            ],
            [
                "African American Studies Books",
                "/browse/books/african-american-studies-books/3920_2761424_8176770_6537532_8322809"
            ],
            [
                "Cultural Heritage Biographies & Memoirs",
                "/browse/books/cultural-heritage-biographies-memoirs/3920_5196470_8577664"
            ],
            [
                "Liberation",
                "/browse/books/liberation/3920_1987289_582374_9438566_8932251"
            ]
        ]
    },
    {
        "title": "Internal Family Systems Therapy, Second Edition (Edition 2) (Hardcover)",
        "url": "https://www.walmart.com/ip/Internal-Family-Systems-Therapy-Second-Edition-Edition-2-Hardcover-9781462541461/586377801",
        "price": "$33.65",
        "stars": 0,
        "ratings": 0,
        "img": "i5.walmartimages.com/asr/1a39e982-017f-45b1-8bc9-ee3e4dee220b_1.8339301cf16ed7520b49310675c3ced8.jpeg?odnWidth=612&odnHeight=612&odnBg=ffffff",
        "tags": [
            [
                "Marriage & Family Sociology Books",
                "/browse/books/marriage-family-sociology-books/3920_2761424_8176770_7590238_1588115"
            ],
            [
                "Adoption & Fostering",
                "/browse/books/adoption-fostering/3920_5642757_6055772_2372440"
            ],
            [
                "General Psychotherapy Books",
                "/browse/books/general-psychotherapy-books/3920_2761424_3385531_2318869_3008400"
            ],
            [
                "Counseling Psychotherapy Books",
                "/browse/books/counseling-psychotherapy-books/3920_2761424_3385531_2318869_4223555"
            ],
            [
                "General Self-Help Books",
                "/browse/books/general-self-help-books/3920_5642757_4404259"
            ],
            [
                "Marriage & Long-Term Relationships",
                "/browse/books/marriage-long-term-relationships/3920_5642757_6055772_6969997"
            ],
            [
                "Human Sexuality Psychology Books",
                "/browse/books/human-sexuality-psychology-books/3920_2761424_3385531_7397811"
            ],
            [
                "Child & Adolescent Psychotherapy Books",
                "/browse/books/child-adolescent-psychotherapy-books/3920_2761424_3385531_2318869_9492204"
            ]
        ]
    },
    {
        "title": "What Every Body Is Saying : An Ex-FBI Agent's Guide to Speed-Reading People (Paperback)",
        "url": "https://www.walmart.com/ip/What-Every-Body-Is-Saying-An-Ex-FBI-Agent-s-Guide-to-Speed-Reading-People-Paperback-9780061438295/6003779",
        "price": "$15.06",
        "stars": "3.8",
        "ratings": "5 ",
        "img": "",
        "tags": [
            [
                "Personality Psychology Books",
                "/browse/books/personality-psychology-books/3920_2761424_3385531_1793889"
            ],
            [
                "Family",
                "/browse/books/family/3920_1987289_582374_8324310_1974555"
            ],
            [
                "Dating",
                "/browse/books/dating/3920_5642757_6055772_5221030"
            ],
            [
                "Conflict Resolution",
                "/browse/books/conflict-resolution/3920_5642757_6055772_5775717"
            ],
            [
                "Communication & Social Skills Self-Help Books",
                "/browse/books/communication-social-skills-self-help-books/3920_5642757_7069650"
            ],
            [
                "Love & Romance",
                "/browse/books/love-romance/3920_5642757_6055772_7847489"
            ],
            [
                "Negotiation Books",
                "/browse/books/negotiation-books/3920_582349_8109214"
            ],
            [
                "General Career in Business Books",
                "/browse/books/general-career-in-business-books/3920_582349_8212793_8828459"
            ]
        ]
    },
    {
        "title": "Race Talk and the Conspiracy of Silence: Understanding and Facilitating Difficult Dialogues on Race (Paperback)",
        "url": "https://www.walmart.com/ip/Race-Talk-and-the-Conspiracy-of-Silence-Understanding-and-Facilitating-Difficult-Dialogues-on-Race-Paperback-9781119241980/49011779",
        "price": "$20.49",
        "stars": "3.0",
        "ratings": "1 ",
        "img": "",
        "tags": [
            [
                "Cognitive Psychology & Cognition Books",
                "/browse/books/cognitive-psychology-cognition-books/3920_2761424_3385531_2424973"
            ],
            [
                "Counseling Psychotherapy Books",
                "/browse/books/counseling-psychotherapy-books/3920_2761424_3385531_2318869_4223555"
            ],
            [
                "Social Philosophy Books",
                "/browse/books/social-philosophy-books/3920_7051956_5464314"
            ],
            [
                "Political Philosophy Books",
                "/browse/books/political-philosophy-books/3920_7051956_6993798"
            ],
            [
                "Multicultural Education Books",
                "/browse/books/multicultural-education-books/3920_4284269_7538820"
            ],
            [
                "Aims & Objectives in Education Books",
                "/browse/books/aims-objectives-in-education-books/3920_4284269_7683270"
            ],
            [
                "General Developmental Psychology Books",
                "/browse/books/general-developmental-psychology-books/3920_2761424_3385531_4783777_9278852"
            ],
            [
                "Lifespan Development Psychology Books",
                "/browse/books/lifespan-development-psychology-books/3920_2761424_3385531_4783777_9923339"
            ]
        ]
    },
    {
        "title": "Rise of the Warrior Cop : The Militarization of America's Police Forces",
        "url": "https://www.walmart.com/ip/Rise-of-the-Warrior-Cop-The-Militarization-of-America-s-Police-Forces-9781610394574/36840428",
        "price": "$15.09",
        "stars": "5.0",
        "ratings": "3 ",
        "img": "",
        "tags": [
            [
                "Penology Books",
                "/browse/books/penology-books/3920_2761424_8176770_1250503"
            ],
            [
                "Midwest State & Local United States History Books",
                "/browse/books/midwest-state-local-united-states-history-books/3920_582331_583318_8751259_2590618"
            ],
            [
                "Criminal Procedure Law Books",
                "/browse/books/criminal-procedure-law-books/3920_1952589_5661931"
            ],
            [
                "General Criminal Law Books",
                "/browse/books/general-criminal-law-books/3920_1952589_7661314_6642591"
            ],
            [
                "Sentencing in Criminal Law Books",
                "/browse/books/sentencing-in-criminal-law-books/3920_1952589_7661314_6790713"
            ],
            [
                "General Counseling Education Books",
                "/browse/books/general-counseling-education-books/3920_4284269_7229013_7252739"
            ],
            [
                "African American Studies Books",
                "/browse/books/african-american-studies-books/3920_2761424_8176770_6537532_8322809"
            ],
            [
                "Organized True Crime Books",
                "/browse/books/organized-true-crime-books/3920_6325322_9851263"
            ]
        ]
    },
    {
        "title": "Hombres Son de Marte, Las Mujeres Son de Venus, Los (Paperback)",
        "url": "https://www.walmart.com/ip/Hombres-Son-de-Marte-Las-Mujeres-Son-de-Venus-Los-Paperback-9780060951436/25692484",
        "price": "$12.89",
        "stars": "3.5",
        "ratings": "30 ",
        "img": "",
        "tags": [
            [
                "Drugs Substance Abuse & Addictions Self-Help Books",
                "/browse/books/drugs-substance-abuse-addictions-self-help-books/3920_5642757_5797218_1510996"
            ],
            [
                "Family",
                "/browse/books/family/3920_1987289_582374_8324310_1974555"
            ],
            [
                "Mental Health Psychology Books",
                "/browse/books/mental-health-psychology-books/3920_2761424_3385531_3232391"
            ],
            [
                "Dating",
                "/browse/books/dating/3920_5642757_6055772_5221030"
            ],
            [
                "Conflict Resolution",
                "/browse/books/conflict-resolution/3920_5642757_6055772_5775717"
            ],
            [
                "Communication & Social Skills Self-Help Books",
                "/browse/books/communication-social-skills-self-help-books/3920_5642757_7069650"
            ],
            [
                "Love & Romance",
                "/browse/books/love-romance/3920_5642757_6055772_7847489"
            ],
            [
                "Negotiation Books",
                "/browse/books/negotiation-books/3920_582349_8109214"
            ]
        ]
    },
    {
        "title": "Unforgetting: A Memoir of Family, Migration, Gangs, and Revolution in the Americas (Hardcover)",
        "url": "https://www.walmart.com/ip/Unforgetting-A-Memoir-of-Family-Migration-Gangs-and-Revolution-in-the-Americas-Hardcover-9780062938473/794933834",
        "price": "$20.47",
        "stars": 0,
        "ratings": 0,
        "img": "",
        "tags": [
            [
                "Mexico History Books",
                "/browse/books/mexico-history-books/3920_582331_2264290_3117206"
            ],
            [
                "Social Activists Biographies & Memoirs",
                "/browse/books/social-activists-biographies-memoirs/3920_5196470_3760242"
            ],
            [
                "Economic Conditions Books",
                "/browse/books/economic-conditions-books/3920_582349_4279689"
            ],
            [
                "Labor Business & Money Books",
                "/browse/books/labor-business-money-books/3920_582349_4769409"
            ],
            [
                "General Ethnic Studies Books",
                "/browse/books/general-ethnic-studies-books/3920_2761424_8176770_6537532_6141926"
            ],
            [
                "Editors, Journalists & Publishers Biographies & Memoirs",
                "/browse/books/editors-journalists-publishers-biographies-memoirs/3920_5196470_6587041"
            ],
            [
                "Political Biographies & Memoirs",
                "/browse/books/political-biographies-memoirs/3920_5196470_7578606"
            ],
            [
                "Hispanic American Poetry Books",
                "/browse/books/hispanic-american-poetry-books/3920_582105_9408377_5501336_9798208"
            ]
        ]
    }
]