[
    {
        "title": "Winter Stroll",
        "url": "https://www.walmart.com/ip/Winter-Stroll-9780316549134/55773799",
        "price": "$5.98",
        "stars": "4.2",
        "ratings": "6 ",
        "img": "",
        "tags": [
            [
                "Women's History Month Fiction",
                "/browse/books/womens-history-month-fiction/3920_4883891_2070999"
            ],
            [
                "Family Life Novels",
                "/browse/books/family-life-novels/3920_582105_9435716_2533058"
            ],
            [
                "Contemporary Romance Books",
                "/browse/books/contemporary-romance-books/3920_582105_582052_582611"
            ],
            [
                "Historical Fiction Novels",
                "/browse/books/historical-fiction-novels/3920_582105_9435716_584298"
            ],
            [
                "Literary Novels",
                "/browse/books/literary-novels/3920_582105_9435716_584303"
            ],
            [
                "Beach Reads",
                "/browse/books/beach-reads/3920_6726310_6241069"
            ],
            [
                "Adult Fiction Top 100",
                "/browse/books/adult-fiction-top-100/3920_1057224_9885630"
            ]
        ]
    },
    {
        "title": "Sweet Magnolias Novel, 2: A Slice of Heaven (Paperback)",
        "url": "https://www.walmart.com/ip/Sweet-Magnolias-Novel-2-A-Slice-of-Heaven-Paperback-9780778361008/332859099",
        "price": "$6.74",
        "stars": "3.0",
        "ratings": "2 ",
        "img": "",
        "tags": [
            [
                "Family Life Novels",
                "/browse/books/family-life-novels/3920_582105_9435716_2533058"
            ],
            [
                "Small Town & Rural Novels",
                "/browse/books/small-town-rural-novels/3920_582105_9435716_4820292"
            ],
            [
                "General Romance Books",
                "/browse/books/general-romance-books/3920_582105_582052_582613"
            ],
            [
                "Literary Novels",
                "/browse/books/literary-novels/3920_582105_9435716_584303"
            ],
            [
                "Harlequin Contemporary Romance",
                "/browse/books/harlequin-contemporary-romance/3920_582105_582052_8816794_6054474"
            ],
            [
                "Beach Reads",
                "/browse/books/beach-reads/3920_6726310_6241069"
            ],
            [
                "Contemporary Women Novels",
                "/browse/books/contemporary-women-novels/3920_582105_9435716_632159"
            ],
            [
                "Clean & Wholesome Romance Books",
                "/browse/books/clean-wholesome-romance-books/3920_582105_582052_9145847"
            ]
        ]
    },
    {
        "title": "11/22/63 : A Novel",
        "url": "https://www.walmart.com/ip/11-22-63-A-Novel-9781451627299/20561492",
        "price": "$13.49",
        "stars": "4.3",
        "ratings": "332 ",
        "img": "",
        "tags": [
            [
                "General Fiction Books",
                "/browse/books/general-fiction-books/3920_582105_9435716_584297"
            ],
            [
                "Horror Novels",
                "/browse/books/horror-novels/3920_582105_9435716_584301"
            ],
            [
                "Suspense Books",
                "/browse/books/suspense-books/3920_582105_9435716_586706_586718_7642795"
            ],
            [
                "Mysteries, Thrillers & Suspense",
                "/browse/books/mysteries-thrillers-suspense/3920_4640285_8077069"
            ],
            [
                "Adult Fiction Top 100",
                "/browse/books/adult-fiction-top-100/3920_1057224_9885630"
            ],
            [
                "Media & Communications Industry Books",
                "/browse/books/media-communications-industry-books/3920_582349_5438892_9908237"
            ]
        ]
    },
    {
        "title": "The Only Good Indians",
        "url": "https://www.walmart.com/ip/The-Only-Good-Indians-9781982136451/520395135",
        "price": "$18.80",
        "stars": "4.7",
        "ratings": "3 ",
        "img": "",
        "tags": [
            [
                "Occult & Supernatural Novels",
                "/browse/books/occult-supernatural-novels/3920_582105_9435716_2210595"
            ],
            [
                "Media Tie-In Novels",
                "/browse/books/media-tie-in-novels/3920_582105_9435716_584212"
            ],
            [
                "Supernatural Thriller Books",
                "/browse/books/supernatural-thriller-books/3920_582105_9435716_586706_586718_6097731"
            ],
            [
                "Suspense Books",
                "/browse/books/suspense-books/3920_582105_9435716_586706_586718_7642795"
            ],
            [
                "Mysteries, Thrillers & Suspense",
                "/browse/books/mysteries-thrillers-suspense/3920_4640285_8077069"
            ],
            [
                "Adult Fiction Top 100",
                "/browse/books/adult-fiction-top-100/3920_1057224_9885630"
            ]
        ]
    },
    {
        "title": "Lethal Justice",
        "url": "https://www.walmart.com/ip/Lethal-Justice-9781420142747/55461632",
        "price": "$7.59",
        "stars": "3.0",
        "ratings": "1 ",
        "img": "i5.walmartimages.com/asr/4fda62c9-f6f3-4fea-98e2-f1c519298c64_1.09e44b3363b74de7009fbf50b87b60e2.jpeg?odnWidth=612&odnHeight=612&odnBg=ffffff",
        "tags": [
            [
                "General Thriller & Suspense Books",
                "/browse/books/general-thriller-suspense-books/3920_582105_9435716_586706_586718_1367237"
            ],
            [
                "Midwest State & Local United States History Books",
                "/browse/books/midwest-state-local-united-states-history-books/3920_582331_583318_8751259_2590618"
            ],
            [
                "Short Story Books",
                "/browse/books/short-story-books/3920_582105_9435716_584307"
            ],
            [
                "Western Novels",
                "/browse/books/western-novels/3920_582105_9435716_584309"
            ],
            [
                "African American Novels",
                "/browse/books/african-american-novels/3920_582105_9435716_586793"
            ],
            [
                "Hockey Books",
                "/browse/books/hockey-books/3920_8924365_6474089"
            ],
            [
                "Harry Potter",
                "/browse/books/harry-potter/3920_582053_7559307"
            ],
            [
                "MLB Books",
                "/browse/books/mlb-books/3920_8924365_8749248"
            ]
        ]
    },
    {
        "title": "Second Star to the Right",
        "url": "https://www.walmart.com/ip/Second-Star-to-the-Right-9780991097500/47698922",
        "price": "$16.58",
        "stars": "4.7",
        "ratings": "3 ",
        "img": "",
        "tags": [
            [
                "Small Town & Rural Novels",
                "/browse/books/small-town-rural-novels/3920_582105_9435716_4820292"
            ],
            [
                "Romance Collections & Anthologies",
                "/browse/books/romance-collections-anthologies/3920_582105_582052_582610"
            ],
            [
                "General Romance Books",
                "/browse/books/general-romance-books/3920_582105_582052_582613"
            ],
            [
                "Harlequin Contemporary Romance",
                "/browse/books/harlequin-contemporary-romance/3920_582105_582052_8816794_6054474"
            ],
            [
                "Contemporary Women Novels",
                "/browse/books/contemporary-women-novels/3920_582105_9435716_632159"
            ],
            [
                "Adult Fiction Top 100",
                "/browse/books/adult-fiction-top-100/3920_1057224_9885630"
            ],
            [
                "Emotions & Feelings Social Themes Teen & Young Adult Books",
                "/browse/books/emotions-feelings-social-themes-teen-young-adult-books/3920_1068785_8615872_9957674"
            ]
        ]
    },
    {
        "title": "Toy Story 4 Coloring Book : Toy Story 4 Jumbo Coloring Book With High Quality Images For All Ages Based On 2019 Cartoon(Unofficial) (Paperback)",
        "url": "https://www.walmart.com/ip/Toy-Story-4-Coloring-Book-Toy-Story-4-Jumbo-Coloring-Book-With-High-Quality-Images-For-All-Ages-Based-On-2019-Cartoon-Unofficial-Paperback-9781079660081/130370804",
        "price": "$14.47",
        "stars": 0,
        "ratings": 0,
        "img": "",
        "tags": [
            [
                "Architecture Kids' Books",
                "/browse/books/architecture-kids-books/3920_582053_4735391"
            ],
            [
                "Funny Kids' Books",
                "/browse/books/funny-kids-books/3920_582053_582573"
            ],
            [
                "General Fiction Books",
                "/browse/books/general-fiction-books/3920_582105_9435716_584297"
            ],
            [
                "Short Story Books",
                "/browse/books/short-story-books/3920_582105_9435716_584307"
            ],
            [
                "Western Novels",
                "/browse/books/western-novels/3920_582105_9435716_584309"
            ],
            [
                "Baby - Age 2 Kids' Books",
                "/browse/books/baby-age-2-kids-books/3920_582053_593774"
            ],
            [
                "Paw Patrol Books",
                "/browse/books/paw-patrol-books/3920_582053_8467779_6004147"
            ],
            [
                "Toys, Dolls & Puppet Kids' Books",
                "/browse/books/toys-dolls-puppet-kids-books/3920_582053_6012294"
            ]
        ]
    },
    {
        "title": "Three-Body Problem Boxed Set : (The Three-Body Problem, The Dark Forest, Death's End)",
        "url": "https://www.walmart.com/ip/Three-Body-Problem-Boxed-Set-The-Three-Body-Problem-The-Dark-Forest-Death-s-End-9781250254498/953481413",
        "price": "$41.18",
        "stars": 0,
        "ratings": 0,
        "img": "",
        "tags": [
            [
                "Futuristic",
                "/browse/books/futuristic/3920_1987289_582374_5422910_2978800"
            ],
            [
                "Hard Science Fiction Books",
                "/browse/books/hard-science-fiction-books/3920_582105_9435716_586163_1469104_3097332"
            ],
            [
                "Banned Science Fiction & Fantasy Books",
                "/browse/books/banned-science-fiction-fantasy-books/3920_7957549_5716639"
            ],
            [
                "Time Travel Science Fiction Books",
                "/browse/books/time-travel-science-fiction-books/3920_582105_9435716_586163_1469104_5756480"
            ],
            [
                "General Science Fiction Books",
                "/browse/books/general-science-fiction-books/3920_582105_9435716_586163_1469104_586696"
            ],
            [
                "Military Science Fiction Books",
                "/browse/books/military-science-fiction-books/3920_582105_9435716_586163_1469104_586700"
            ],
            [
                "Space Opera Books",
                "/browse/books/space-opera-books/3920_582105_9435716_586163_1469104_586702"
            ],
            [
                "Banned Literary Classic Books",
                "/browse/books/banned-literary-classic-books/3920_7957549_9906601"
            ]
        ]
    },
    {
        "title": "Gone with the Wind",
        "url": "https://www.walmart.com/ip/Gone-with-the-Wind-9781451635621/15439833",
        "price": "$15.28",
        "stars": "4.5",
        "ratings": "189 ",
        "img": "",
        "tags": [
            [
                "Science Fiction Teen & Young Adult Books",
                "/browse/books/science-fiction-teen-young-adult-books/3920_1068785_2702343_2706398"
            ],
            [
                "General Social Themes Teen & Young Adult Books",
                "/browse/books/general-social-themes-teen-young-adult-books/3920_1068785_8615872_4609091"
            ],
            [
                "Historical Romance Books",
                "/browse/books/historical-romance-books/3920_582105_582052_582614"
            ],
            [
                "Historical Fiction Novels",
                "/browse/books/historical-fiction-novels/3920_582105_9435716_584298"
            ],
            [
                "Literary Novels",
                "/browse/books/literary-novels/3920_582105_9435716_584303"
            ],
            [
                "Quiz Books",
                "/browse/books/quiz-books/3920_582361_9999446_7878723"
            ],
            [
                "Dystopian Teen & Young Adult Books",
                "/browse/books/dystopian-teen-young-adult-books/3920_1068785_8060267"
            ],
            [
                "Adult Fiction Top 100",
                "/browse/books/adult-fiction-top-100/3920_1057224_9885630"
            ]
        ]
    },
    {
        "title": "Dracula (Paperback)",
        "url": "https://www.walmart.com/ip/Dracula-Paperback-9780486411095/784945",
        "price": "$8.61",
        "stars": "4.1",
        "ratings": "258 ",
        "img": "",
        "tags": [
            [
                "Horror Novels",
                "/browse/books/horror-novels/3920_582105_9435716_584301"
            ],
            [
                "Literary Novels",
                "/browse/books/literary-novels/3920_582105_9435716_584303"
            ],
            [
                "Toys, Dolls & Puppet Kids' Books",
                "/browse/books/toys-dolls-puppet-kids-books/3920_582053_6012294"
            ],
            [
                "College Back to School Books",
                "/browse/books/college-back-to-school-books/3920_8955258_7993255"
            ],
            [
                "History",
                "/browse/books/history/3920_1987289_582055_2719198_8345010"
            ],
            [
                "Adult Fiction Top 100",
                "/browse/books/adult-fiction-top-100/3920_1057224_9885630"
            ],
            [
                "Banned Literary Classic Books",
                "/browse/books/banned-literary-classic-books/3920_7957549_9906601"
            ]
        ]
    }
]