[
    {
        "title": "Why I Love You : Funny Relationship, Anniversary, Valentines Day, Birthday, Break Up, Gag Gift for men, women, boyfriend, girlfriend, or coworker. (Paperback)",
        "url": "https://www.walmart.com/ip/Why-I-Love-You-Funny-Relationship-Anniversary-Valentines-Day-Birthday-Break-Up-Gag-Gift-men-women-boyfriend-girlfriend-coworker-Paperback-9781699005392/631801931",
        "price": "$9.58",
        "stars": 0,
        "ratings": 0,
        "img": "",
        "tags": []
    },
    {
        "title": "Mastering Partial Least Squares Structural Equation Modeling (Pls-Sem) with Smartpls in 38 Hours (Paperback)",
        "url": "https://www.walmart.com/ip/Mastering-Partial-Least-Squares-Structural-Equation-Modeling-Pls-Sem-with-Smartpls-in-38-Hours-Paperback-9781532066498/639629747",
        "price": "$13.99",
        "stars": 0,
        "ratings": 0,
        "img": "",
        "tags": [
            [
                "History & Criticism Film Books",
                "/browse/books/history-criticism-film-books/3920_582321_6572320_5808584_1932437"
            ],
            [
                "Research & Development Books",
                "/browse/books/research-development-books/3920_582349_3087859"
            ],
            [
                "General Marketing Books",
                "/browse/books/general-marketing-books/3920_582349_6080417_4705678"
            ],
            [
                "Science Reference Books",
                "/browse/books/science-reference-books/3920_8529612_1841429_5355716"
            ],
            [
                "Social Science Research Books",
                "/browse/books/social-science-research-books/3920_2761424_8176770_5676289"
            ],
            [
                "World History Books",
                "/browse/books/world-history-books/3920_582331_583319"
            ],
            [
                "Yearbooks & Annuals",
                "/browse/books/yearbooks-annuals/3920_3943378_7746301"
            ],
            [
                "Human Services Books",
                "/browse/books/human-services-books/3920_2761424_8176770_8006730"
            ]
        ]
    },
    {
        "title": "McGraw-Hill's 500 Questions: McGraw-Hill Education 500 Regulation Questions for the CPA Exam (Paperback)",
        "url": "https://www.walmart.com/ip/McGraw-Hill-s-500-Questions-McGraw-Hill-Education-500-Regulation-Questions-for-the-CPA-Exam-Paperback-9780071820943/23993198",
        "price": "$20.61",
        "stars": 0,
        "ratings": 0,
        "img": "",
        "tags": [
            [
                "Bookkeeping Books",
                "/browse/books/bookkeeping-books/3920_582349_3111716"
            ],
            [
                "CPA Exam Prep Books",
                "/browse/books/cpa-exam-prep-books/3920_6060018_3575892"
            ],
            [
                "Pets Kids' Books",
                "/browse/books/pets-kids-books/3920_582053_584177_4081151"
            ],
            [
                "General Personal Finance Books",
                "/browse/books/general-personal-finance-books/3920_582349_9861072_4713108"
            ],
            [
                "Pigs Kids' Books",
                "/browse/books/pigs-kids-books/3920_582053_584177_585945"
            ],
            [
                "Rabbits Kids' Books",
                "/browse/books/rabbits-kids-books/3920_582053_584177_585946"
            ],
            [
                "Auditing Books",
                "/browse/books/auditing-books/3920_582349_7445948"
            ],
            [
                "General Accounting Books",
                "/browse/books/general-accounting-books/3920_582349_2851526_9566313"
            ]
        ]
    },
    {
        "title": "Citizen Coke : The Making of Coca-Cola Capitalism",
        "url": "https://www.walmart.com/ip/Citizen-Coke-The-Making-of-Coca-Cola-Capitalism-9780393353341/53720007",
        "price": "$13.78",
        "stars": "4.5",
        "ratings": "2 ",
        "img": "i5.walmartimages.com/asr/47a93e56-16ef-4e78-8551-3d99a5291835_1.8952403edd2200bd1c94a8a805c9ce65.jpeg?odnWidth=612&odnHeight=612&odnBg=ffffff",
        "tags": [
            [
                "Food Industry Industry Books",
                "/browse/books/food-industry-industry-books/3920_582349_5438892_4671644"
            ],
            [
                "Mergers & Acquisitions Books",
                "/browse/books/mergers-acquisitions-books/3920_582349_4720636"
            ],
            [
                "General Industry Books",
                "/browse/books/general-industry-books/3920_582349_5438892_5693451"
            ],
            [
                "History of Automotive Transportation Books",
                "/browse/books/history-of-automotive-transportation-books/3920_9842685_1557508_3930373_7023974"
            ],
            [
                "Financial Services Industry Books",
                "/browse/books/financial-services-industry-books/3920_582349_5438892_7467282"
            ],
            [
                "Computers & Information Technology Industry Books",
                "/browse/books/computers-information-technology-industry-books/3920_582349_5438892_7492136"
            ],
            [
                "Fashion & Accessories Design Books",
                "/browse/books/fashion-accessories-design-books/3920_582321_9365291_9285205"
            ],
            [
                "Management Books",
                "/browse/books/management-books/3920_582349_9536008"
            ]
        ]
    },
    {
        "title": "The Thief in Your Company (Paperback)",
        "url": "https://www.walmart.com/ip/The-Thief-in-Your-Company-Paperback-9781619615861/240243239",
        "price": "$16.65",
        "stars": "5.0",
        "ratings": "1 ",
        "img": "i5.walmartimages.com/asr/8846b656-eb51-4500-94d3-71d2e8721690_1.7a601d5d8896ac4596441579b686fe61.jpeg?odnWidth=612&odnHeight=612&odnBg=ffffff",
        "tags": [
            [
                "Financial Accounting Books",
                "/browse/books/financial-accounting-books/3920_582349_2851526_1488823"
            ],
            [
                "Project Management Technology & Engineering Books",
                "/browse/books/project-management-technology-engineering-books/3920_9842685_8901905_1595945"
            ],
            [
                "Bookkeeping Books",
                "/browse/books/bookkeeping-books/3920_582349_3111716"
            ],
            [
                "Architecture Professional Practice Books",
                "/browse/books/architecture-professional-practice-books/3920_582321_4942684_3498740"
            ],
            [
                "General Finance Books",
                "/browse/books/general-finance-books/3920_582349_6748238_3692249"
            ],
            [
                "General Corporate Finance Books",
                "/browse/books/general-corporate-finance-books/3920_582349_3714548_4652380"
            ],
            [
                "Harvard Business Review",
                "/browse/books/harvard-business-review/3920_582349_8933101"
            ],
            [
                "General Accounting Books",
                "/browse/books/general-accounting-books/3920_582349_2851526_9566313"
            ]
        ]
    },
    {
        "title": "Personal Finance for Beginners & Dummies : Managing Your Money (Paperback)",
        "url": "https://www.walmart.com/ip/Personal-Finance-for-Beginners-Dummies-Managing-Your-Money-Paperback-9781087855257/826004824",
        "price": "$14.95",
        "stars": 0,
        "ratings": 0,
        "img": "",
        "tags": [
            [
                "General Personal Finance Books",
                "/browse/books/general-personal-finance-books/3920_582349_9861072_4713108"
            ],
            [
                "Personal Finance Retirement Planning Books",
                "/browse/books/personal-finance-retirement-planning-books/3920_582349_9861072_6419377"
            ],
            [
                "Personal Finance Money Management Books",
                "/browse/books/personal-finance-money-management-books/3920_582349_9861072_6759272"
            ],
            [
                "Inflation Books",
                "/browse/books/inflation-books/3920_582349_6877178"
            ],
            [
                "General Games & Activity Books",
                "/browse/books/general-games-activity-books/3920_582361_9999446_6935387"
            ],
            [
                "Office Automation Books",
                "/browse/books/office-automation-books/3920_582349_7192900"
            ],
            [
                "Budgeting Books",
                "/browse/books/budgeting-books/3920_582349_8969900"
            ],
            [
                "Banks & Banking Books",
                "/browse/books/banks-banking-books/3920_582349_9783809"
            ]
        ]
    },
    {
        "title": "Flight of the Buffalo : Soaring to Excellence, Learning to Let Employees Lead",
        "url": "https://www.walmart.com/ip/Flight-of-the-Buffalo-Soaring-to-Excellence-Learning-to-Let-Employees-Lead-9780446670081/443143",
        "price": "$13.76",
        "stars": "4.0",
        "ratings": "1 ",
        "img": "",
        "tags": [
            [
                "Corporate & Business History Books",
                "/browse/books/corporate-business-history-books/3920_582349_2306820"
            ],
            [
                "Anger Management",
                "/browse/books/anger-management/3920_5642757_8917040_2425880"
            ],
            [
                "General Sales & Selling Books",
                "/browse/books/general-sales-selling-books/3920_582349_6996400_2728779"
            ],
            [
                "Success",
                "/browse/books/success/3920_5642757_9479316_4052595"
            ],
            [
                "Analysis & Trading Strategies Books",
                "/browse/books/analysis-trading-strategies-books/3920_582349_4859694_8391246"
            ],
            [
                "General Career in Business Books",
                "/browse/books/general-career-in-business-books/3920_582349_8212793_8828459"
            ],
            [
                "Job Hunting in Business Books",
                "/browse/books/job-hunting-in-business-books/3920_582349_8212793_9780834"
            ],
            [
                "Negocios e Inversiones",
                "/browse/books/negocios-e-inversiones/3920_226139_999539"
            ]
        ]
    },
    {
        "title": "Life Coaching Guide : How to Be A Life Coach & Launch A Life Coaching Business In Less Than 30 Days (Paperback)",
        "url": "https://www.walmart.com/ip/Life-Coaching-Guide-How-to-Be-A-Life-Coach-Launch-A-Life-Coaching-Business-In-Less-Than-30-Days-Paperback-9781952964466/921347492",
        "price": "$12.27",
        "stars": 0,
        "ratings": 0,
        "img": "",
        "tags": [
            [
                "Adult Non-Fiction Top 100",
                "/browse/books/adult-non-fiction-top-100/3920_1057224_3049267"
            ],
            [
                "Mental Health Psychology Books",
                "/browse/books/mental-health-psychology-books/3920_2761424_3385531_3232391"
            ],
            [
                "Success",
                "/browse/books/success/3920_5642757_9479316_4052595"
            ],
            [
                "Motivational & Inspirational Self-Help Books",
                "/browse/books/motivational-inspirational-self-help-books/3920_5642757_5080634"
            ],
            [
                "Dating",
                "/browse/books/dating/3920_5642757_6055772_5221030"
            ],
            [
                "Mindfulness & Meditation",
                "/browse/books/mindfulness-meditation/3920_1987289_5383544_6429422"
            ],
            [
                "Love & Romance",
                "/browse/books/love-romance/3920_5642757_6055772_7847489"
            ]
        ]
    },
    {
        "title": "The Christian Entrepreneur (Hardcover)",
        "url": "https://www.walmart.com/ip/The-Christian-Entrepreneur-Hardcover-9780764234217/533354494",
        "price": "$6.99",
        "stars": 0,
        "ratings": 0,
        "img": "",
        "tags": [
            [
                "Spiritual Warfare",
                "/browse/books/spiritual-warfare/3920_1987289_582374_8324310_1354471"
            ],
            [
                "Angelology & Demonology",
                "/browse/books/angelology-demonology/3920_1987289_582374_9438566_2657764"
            ],
            [
                "Religion, Science & State",
                "/browse/books/religion-science-state/3920_1987289_582055_3159800"
            ],
            [
                "Men's Issues",
                "/browse/books/mens-issues/3920_1987289_582374_8324310_3418066"
            ],
            [
                "Bible Study Guides",
                "/browse/books/bible-study-guides/3920_1987289_582374_2718157_4203444"
            ],
            [
                "Pastoral Resources",
                "/browse/books/pastoral-resources/3920_1987289_582374_8889295_5027631"
            ],
            [
                "Prophets",
                "/browse/books/prophets/3920_1987289_582374_2718157_7303744"
            ],
            [
                "Pentecostal & Charismatic",
                "/browse/books/pentecostal-charismatic/3920_1987289_582374_2763255_7393881"
            ]
        ]
    },
    {
        "title": "Taking the Work Out of Networking : Your Guide to Making and Keeping Great Connections (Paperback)",
        "url": "https://www.walmart.com/ip/Taking-the-Work-Out-of-Networking-Your-Guide-to-Making-and-Keeping-Great-Connections-Paperback-9781501199288/677027244",
        "price": "$6.49",
        "stars": 0,
        "ratings": 0,
        "img": "i5.walmartimages.com/asr/6e9bed75-6332-402c-93ef-06238983547f_1.35a26f2638c8af765948c8e821c58398.jpeg?odnWidth=612&odnHeight=612&odnBg=ffffff",
        "tags": [
            [
                "Success",
                "/browse/books/success/3920_5642757_9479316_4052595"
            ],
            [
                "Entrepreneurship Books",
                "/browse/books/entrepreneurship-books/3920_582349_5818477"
            ],
            [
                "Leadership in Business Books",
                "/browse/books/leadership-in-business-books/3920_582349_7056456"
            ],
            [
                "Business & Money Skills Books",
                "/browse/books/business-money-skills-books/3920_582349_7758621"
            ],
            [
                "General Career in Business Books",
                "/browse/books/general-career-in-business-books/3920_582349_8212793_8828459"
            ],
            [
                "Harvard Business Review",
                "/browse/books/harvard-business-review/3920_582349_8933101"
            ],
            [
                "Personal Success in Business & Money Books",
                "/browse/books/personal-success-in-business-money-books/3920_582349_9116217"
            ],
            [
                "Management Books",
                "/browse/books/management-books/3920_582349_9536008"
            ]
        ]
    }
]