[
    {
        "title": "Cottage by the Sea : A Novel",
        "url": "https://www.walmart.com/ip/Cottage-by-the-Sea-A-Novel-9780399181276/477245251",
        "price": "$5.98",
        "stars": "5.0",
        "ratings": "3 ",
        "img": "",
        "tags": [
            [
                "Small Town & Rural Novels",
                "/browse/books/small-town-rural-novels/3920_582105_9435716_4820292"
            ],
            [
                "Romance Collections & Anthologies",
                "/browse/books/romance-collections-anthologies/3920_582105_582052_582610"
            ],
            [
                "General Romance Books",
                "/browse/books/general-romance-books/3920_582105_582052_582613"
            ],
            [
                "Harlequin Contemporary Romance",
                "/browse/books/harlequin-contemporary-romance/3920_582105_582052_8816794_6054474"
            ],
            [
                "Beach Reads",
                "/browse/books/beach-reads/3920_6726310_6241069"
            ],
            [
                "Contemporary Women Novels",
                "/browse/books/contemporary-women-novels/3920_582105_9435716_632159"
            ],
            [
                "Clean & Wholesome Romance Books",
                "/browse/books/clean-wholesome-romance-books/3920_582105_582052_9145847"
            ]
        ]
    },
    {
        "title": "Near Dark : A Thriller",
        "url": "https://www.walmart.com/ip/Near-Dark-A-Thriller-9781982104061/955436701",
        "price": "$17.39",
        "stars": 0,
        "ratings": 0,
        "img": "",
        "tags": [
            [
                "All 4K Ultra HD Movies",
                "/browse/movies-tv-shows/all-4k-ultra-hd-movies/4096_3315790_1172214"
            ],
            [
                "Family Drama Movies",
                "/browse/movies-tv-shows/family-drama-movies/4096_530598_530701_531398"
            ],
            [
                "New Release Movies",
                "/browse/new-release-movies/4096_6942910"
            ],
            [
                "DVD Movies",
                "/browse/movies-tv-shows/dvd-movies/4096_8073310_7001804"
            ],
            [
                "All Action & Adventure",
                "/browse/movies-tv-shows/all-action-adventure/4096_530598_530698_8354524"
            ],
            [
                "All Comedy",
                "/browse/movies-tv-shows/all-comedy/4096_530598_530703_8423591"
            ],
            [
                "All Children & Family Movies",
                "/browse/movies-tv-shows/all-children-family-movies/4096_530598_530701_9062682"
            ]
        ]
    },
    {
        "title": "The Notebook",
        "url": "https://www.walmart.com/ip/The-Notebook-9781455558025/38410165",
        "price": "$17.99",
        "stars": "4.0",
        "ratings": "158 ",
        "img": "i5.walmartimages.com/asr/472e6bad-abd5-43ce-8a9c-fceb6ebac910.461072eee30eca9a0038287d9ba173e8.jpeg?odnWidth=612&odnHeight=612&odnBg=ffffff",
        "tags": [
            [
                "Contemporary Romance Books",
                "/browse/books/contemporary-romance-books/3920_582105_582052_582611"
            ],
            [
                "General Romance Books",
                "/browse/books/general-romance-books/3920_582105_582052_582613"
            ],
            [
                "General Fiction Books",
                "/browse/books/general-fiction-books/3920_582105_9435716_584297"
            ],
            [
                "Suspense Romance Books",
                "/browse/books/suspense-romance-books/3920_582105_582052_586193"
            ],
            [
                "Beach Reads",
                "/browse/books/beach-reads/3920_6726310_6241069"
            ],
            [
                "General Erotica Books",
                "/browse/books/general-erotica-books/3920_582105_582052_5080993_7761014"
            ],
            [
                "Adult Fiction Top 100",
                "/browse/books/adult-fiction-top-100/3920_1057224_9885630"
            ]
        ]
    },
    {
        "title": "Sycamore Row",
        "url": "https://www.walmart.com/ip/Sycamore-Row-9780385537131/23257754",
        "price": "$22.04",
        "stars": "4.3",
        "ratings": "86 ",
        "img": "i5.walmartimages.com/asr/1159ab53-ed33-45b5-81e1-6123556004b1_1.c561517b3196e2d9d4ca0eb73d7c154f.jpeg?odnWidth=612&odnHeight=612&odnBg=ffffff",
        "tags": [
            [
                "General Thriller & Suspense Books",
                "/browse/books/general-thriller-suspense-books/3920_582105_9435716_586706_586718_1367237"
            ],
            [
                "Psychological Thriller Books",
                "/browse/books/psychological-thriller-books/3920_582105_9435716_586706_586718_2227731"
            ],
            [
                "Crime Thriller Books",
                "/browse/books/crime-thriller-books/3920_582105_9435716_586706_586718_2676129"
            ],
            [
                "Horror Novels",
                "/browse/books/horror-novels/3920_582105_9435716_584301"
            ],
            [
                "Beach Reads",
                "/browse/books/beach-reads/3920_6726310_6241069"
            ],
            [
                "Adult Fiction Top 100",
                "/browse/books/adult-fiction-top-100/3920_1057224_9885630"
            ]
        ]
    },
    {
        "title": "This Is Happiness",
        "url": "https://www.walmart.com/ip/This-Is-Happiness-9781635574203/880124944",
        "price": "$21.01",
        "stars": 0,
        "ratings": 0,
        "img": "",
        "tags": [
            [
                "Top 100 Books",
                "/browse/books/top-100-books/3920_1057224_1615275"
            ],
            [
                "Women's History Month Fiction",
                "/browse/books/womens-history-month-fiction/3920_4883891_2070999"
            ],
            [
                "Beach Reads",
                "/browse/books/beach-reads/3920_6726310_6241069"
            ],
            [
                "College Back to School Books",
                "/browse/books/college-back-to-school-books/3920_8955258_7993255"
            ],
            [
                "Political Novels",
                "/browse/books/political-novels/3920_582105_9435716_8350459"
            ],
            [
                "Adult Fiction Top 100",
                "/browse/books/adult-fiction-top-100/3920_1057224_9885630"
            ],
            [
                "Banned Literary Classic Books",
                "/browse/books/banned-literary-classic-books/3920_7957549_9906601"
            ]
        ]
    },
    {
        "title": "The Portrait of a Lady",
        "url": "https://www.walmart.com/ip/The-Portrait-of-a-Lady-9780141394664/571268490",
        "price": "$21.33",
        "stars": "4.2",
        "ratings": "49 ",
        "img": "",
        "tags": [
            [
                "Banned Science Fiction & Fantasy Books",
                "/browse/books/banned-science-fiction-fantasy-books/3920_7957549_5716639"
            ],
            [
                "Literary Novels",
                "/browse/books/literary-novels/3920_582105_9435716_584303"
            ],
            [
                "Suspense Books",
                "/browse/books/suspense-books/3920_582105_9435716_586706_586718_7642795"
            ],
            [
                "College Back to School Books",
                "/browse/books/college-back-to-school-books/3920_8955258_7993255"
            ],
            [
                "Adult Fiction Top 100",
                "/browse/books/adult-fiction-top-100/3920_1057224_9885630"
            ],
            [
                "Banned Literary Classic Books",
                "/browse/books/banned-literary-classic-books/3920_7957549_9906601"
            ]
        ]
    },
    {
        "title": "Collected Works of Ingersoll Lockwood: The Baron Trump Novels & 1900; Or, The Last President (Paperback)",
        "url": "https://www.walmart.com/ip/Collected-Works-of-Ingersoll-Lockwood-The-Baron-Trump-Novels-1900-Or-The-Last-President-Paperback-9781946774217/709564738",
        "price": "$16.40",
        "stars": 0,
        "ratings": 0,
        "img": "i5.walmartimages.com/asr/7eb8649f-9b99-443c-88a9-7797ca726963_1.f04022216d4a5c9598ed1b6d6e6c9c72.jpeg?odnWidth=612&odnHeight=612&odnBg=ffffff",
        "tags": [
            [
                "Action & Adventure Novels",
                "/browse/books/action-adventure-novels/3920_582105_9435716_583290"
            ],
            [
                "Literary Novels",
                "/browse/books/literary-novels/3920_582105_9435716_584303"
            ],
            [
                "General Fantasy Books",
                "/browse/books/general-fantasy-books/3920_582105_9435716_586163_586162_586689"
            ],
            [
                "Visionary & Metaphysical Novels",
                "/browse/books/visionary-metaphysical-novels/3920_582105_9435716_587193"
            ],
            [
                "Beach Reads",
                "/browse/books/beach-reads/3920_6726310_6241069"
            ],
            [
                "Contemporary Women Novels",
                "/browse/books/contemporary-women-novels/3920_582105_9435716_632159"
            ],
            [
                "Adult Fiction Top 100",
                "/browse/books/adult-fiction-top-100/3920_1057224_9885630"
            ]
        ]
    },
    {
        "title": "Siddhartha : A Novel",
        "url": "https://www.walmart.com/ip/Siddhartha-A-Novel-9780553208849/405865",
        "price": "$7.06",
        "stars": "3.8",
        "ratings": "115 ",
        "img": "",
        "tags": [
            [
                "Women's History Month Fiction",
                "/browse/books/womens-history-month-fiction/3920_4883891_2070999"
            ],
            [
                "Classic Novels",
                "/browse/books/classic-novels/3920_582105_9435716_584294"
            ],
            [
                "General Fiction Books",
                "/browse/books/general-fiction-books/3920_582105_9435716_584297"
            ],
            [
                "Historical Fiction Novels",
                "/browse/books/historical-fiction-novels/3920_582105_9435716_584298"
            ],
            [
                "Beach Reads",
                "/browse/books/beach-reads/3920_6726310_6241069"
            ],
            [
                "Contemporary Women Novels",
                "/browse/books/contemporary-women-novels/3920_582105_9435716_632159"
            ],
            [
                "Adult Fiction Top 100",
                "/browse/books/adult-fiction-top-100/3920_1057224_9885630"
            ]
        ]
    },
    {
        "title": "The Rupi Kaur Boxed Set",
        "url": "https://www.walmart.com/ip/The-Rupi-Kaur-Boxed-Set-9781524858162/954021530",
        "price": "$21.49",
        "stars": 0,
        "ratings": 0,
        "img": "",
        "tags": [
            [
                "Women's History Month Fiction",
                "/browse/books/womens-history-month-fiction/3920_4883891_2070999"
            ],
            [
                "Adult Non-Fiction Top 100",
                "/browse/books/adult-non-fiction-top-100/3920_1057224_3049267"
            ],
            [
                "Erotica Art Books",
                "/browse/books/erotica-art-books/3920_582321_6907922_9682242_3229581"
            ],
            [
                "Northeast United States Travel Books, Maps & Guides",
                "/browse/books/northeast-united-states-travel-books-maps-guides/3920_9360990_6219934_7928632_3252158"
            ],
            [
                "Love & Erotica Poetry Books",
                "/browse/books/love-erotica-poetry-books/3920_582105_9408377_5516974_4764550"
            ],
            [
                "Mother's Day Gift Guide Books",
                "/browse/books/mothers-day-gift-guide-books/3920_7458265_5685062"
            ],
            [
                "Mother's Day Literature & Fiction Books",
                "/browse/books/mothers-day-literature-fiction-books/3920_7458265_8021836"
            ],
            [
                "Poetry Books by Female Poets",
                "/browse/books/poetry-books-by-female-poets/3920_582105_9408377_8732025"
            ]
        ]
    },
    {
        "title": "Jonathan Livingston Seagull : The Complete Edition",
        "url": "https://www.walmart.com/ip/Jonathan-Livingston-Seagull-The-Complete-Edition-9781476793313/38183628",
        "price": "$5.99",
        "stars": "3.4",
        "ratings": "60 ",
        "img": "",
        "tags": [
            [
                "Top 100 Books",
                "/browse/books/top-100-books/3920_1057224_1615275"
            ],
            [
                "Paranormal Fantasy Books",
                "/browse/books/paranormal-fantasy-books/3920_582105_9435716_586163_586162_2021157"
            ],
            [
                "Comic-Con Books",
                "/browse/comic-con-books/3920_2196908"
            ],
            [
                "Action & Adventure Novels",
                "/browse/books/action-adventure-novels/3920_582105_9435716_583290"
            ],
            [
                "Literary Novels",
                "/browse/books/literary-novels/3920_582105_9435716_584303"
            ],
            [
                "Western Novels",
                "/browse/books/western-novels/3920_582105_9435716_584309"
            ],
            [
                "Contemporary Fantasy Books",
                "/browse/books/contemporary-fantasy-books/3920_582105_9435716_586163_586162_586687"
            ],
            [
                "General Fantasy Books",
                "/browse/books/general-fantasy-books/3920_582105_9435716_586163_586162_586689"
            ]
        ]
    }
]