[
    {
        "title": "Cognitive Behavioural Therapy for Dummies (Paperback)",
        "url": "https://www.walmart.com/ip/Cognitive-Behavioural-Therapy-for-Dummies-Paperback-9781119601128/487800557",
        "price": "$19.31",
        "stars": 0,
        "ratings": 0,
        "img": "",
        "tags": [
            [
                "Pragmatism Philosophy Movement Books",
                "/browse/books/pragmatism-philosophy-movement-books/3920_7051956_8829549_2273966"
            ],
            [
                "Mental Health Psychology Books",
                "/browse/books/mental-health-psychology-books/3920_2761424_3385531_3232391"
            ],
            [
                "Behaviorism Movement in Psychology Books",
                "/browse/books/behaviorism-movement-in-psychology-books/3920_2761424_3385531_5702953_3803019"
            ],
            [
                "Depression",
                "/browse/books/depression/3920_5642757_8597698_4458531"
            ],
            [
                "Cognitive Neuroscience & Cognitive Neuropsychology Books",
                "/browse/books/cognitive-neuroscience-cognitive-neuropsychology-books/3920_2761424_3385531_4849246"
            ],
            [
                "Child & Adolescent Psychiatry Books",
                "/browse/books/child-adolescent-psychiatry-books/3920_3203859_1473160_7143463"
            ],
            [
                "Neuropsychology Books",
                "/browse/books/neuropsychology-books/3920_2761424_3385531_7903498"
            ],
            [
                "Psycholinguistics Books",
                "/browse/books/psycholinguistics-books/3920_8818538_2611108_8854925"
            ]
        ]
    },
    {
        "title": "Dark Psychology: The Ultimate Guide to Learn How to Analyze People, Read Body Language and Stop Being Manipulated. With Secret Techniques Against Deception, Brainwashing, Mind Control and Covert NLP (",
        "url": "https://www.walmart.com/ip/Dark-Psychology-The-Ultimate-Guide-Learn-How-Analyze-People-Read-Body-Language-Stop-Being-Manipulated-With-Secret-Techniques-Against-Deception-Brainw-9781075126987/759335387",
        "price": "$22.08",
        "stars": 0,
        "ratings": 0,
        "img": "",
        "tags": [
            [
                "Organizational Behavior Books",
                "/browse/books/organizational-behavior-books/3920_582349_1905322"
            ],
            [
                "Cognitive Psychology & Cognition Books",
                "/browse/books/cognitive-psychology-cognition-books/3920_2761424_3385531_2424973"
            ],
            [
                "General Psychotherapy Books",
                "/browse/books/general-psychotherapy-books/3920_2761424_3385531_2318869_3008400"
            ],
            [
                "Counseling Psychotherapy Books",
                "/browse/books/counseling-psychotherapy-books/3920_2761424_3385531_2318869_4223555"
            ],
            [
                "Social Philosophy Books",
                "/browse/books/social-philosophy-books/3920_7051956_5464314"
            ],
            [
                "Political Philosophy Books",
                "/browse/books/political-philosophy-books/3920_7051956_6993798"
            ],
            [
                "General Developmental Psychology Books",
                "/browse/books/general-developmental-psychology-books/3920_2761424_3385531_4783777_9278852"
            ],
            [
                "Lifespan Development Psychology Books",
                "/browse/books/lifespan-development-psychology-books/3920_2761424_3385531_4783777_9923339"
            ]
        ]
    },
    {
        "title": "Finding Quiet: My Story of Overcoming Anxiety and the Practices That Brought Peace (Paperback)",
        "url": "https://www.walmart.com/ip/Finding-Quiet-My-Story-of-Overcoming-Anxiety-and-the-Practices-That-Brought-Peace-Paperback-9780310597209/998207155",
        "price": "$15.09",
        "stars": 0,
        "ratings": 0,
        "img": "",
        "tags": [
            [
                "Bipolar Disorder Psychopathology Books",
                "/browse/books/bipolar-disorder-psychopathology-books/3920_2761424_3385531_6536134_1944701"
            ],
            [
                "Religious Biographies & Memoirs",
                "/browse/books/religious-biographies-memoirs/3920_5196470_1947523"
            ],
            [
                "Special Needs Kids' Books",
                "/browse/books/special-needs-kids-books/3920_582053_585928_6072020"
            ],
            [
                "Mindfulness & Meditation",
                "/browse/books/mindfulness-meditation/3920_1987289_5383544_6429422"
            ],
            [
                "Anxieties & Phobias Psychopathology Books",
                "/browse/books/anxieties-phobias-psychopathology-books/3920_2761424_3385531_6536134_7488315"
            ],
            [
                "High School Back to School Books",
                "/browse/books/high-school-back-to-school-books/3920_8955258_9171354"
            ],
            [
                "Happiness",
                "/browse/books/happiness/3920_5642757_9479316_9355247"
            ],
            [
                "Personal Memoirs",
                "/browse/books/personal-memoirs/3920_5196470_9711945"
            ]
        ]
    },
    {
        "title": "The Art of Dreaming (Paperback)",
        "url": "https://www.walmart.com/ip/The-Art-of-Dreaming-Paperback-9780060925543/535211",
        "price": "$12.79",
        "stars": "4.7",
        "ratings": "3 ",
        "img": "",
        "tags": [
            [
                "Archaeology Books",
                "/browse/books/archaeology-books/3920_2761424_8176770_1738817"
            ],
            [
                "Glass & Glassware Crafts & Hobbies Books",
                "/browse/books/glass-glassware-crafts-hobbies-books/3920_582361_3283579"
            ],
            [
                "Native Americans Biographies & Memoirs",
                "/browse/books/native-americans-biographies-memoirs/3920_5196470_4497466"
            ],
            [
                "Native American History Books",
                "/browse/books/native-american-history-books/3920_582331_7283574"
            ],
            [
                "Folklore & Mythology Books",
                "/browse/books/folklore-mythology-books/3920_2761424_8176770_7608440"
            ],
            [
                "Shamanism",
                "/browse/books/shamanism/3920_1987289_5383544_8037219"
            ],
            [
                "Native American Art Books",
                "/browse/books/native-american-art-books/3920_582321_6907922_8180270"
            ],
            [
                "Western State & Local United States History Books",
                "/browse/books/western-state-local-united-states-history-books/3920_582331_583318_8751259_9971122"
            ]
        ]
    },
    {
        "title": "Clinical Guide to Psychiatric Assessment of Infants and Young Children (Hardcover)",
        "url": "https://www.walmart.com/ip/Clinical-Guide-to-Psychiatric-Assessment-of-Infants-and-Young-Children-Hardcover-9783030106348/119806496",
        "price": "$157.81",
        "stars": 0,
        "ratings": 0,
        "img": "",
        "tags": [
            [
                "Fantasy Manga",
                "/browse/books/fantasy-manga/3920_1095293_1095294_6504164_2634937"
            ],
            [
                "Mental Health Psychology Books",
                "/browse/books/mental-health-psychology-books/3920_2761424_3385531_3232391"
            ],
            [
                "Adolescent Developmental Psychology Books",
                "/browse/books/adolescent-developmental-psychology-books/3920_2761424_3385531_4783777_3296508"
            ],
            [
                "Pediatrics Books",
                "/browse/books/pediatrics-books/3920_3203859_3405267"
            ],
            [
                "Emotions Psychology Books",
                "/browse/books/emotions-psychology-books/3920_2761424_3385531_4024451"
            ],
            [
                "Counseling Psychotherapy Books",
                "/browse/books/counseling-psychotherapy-books/3920_2761424_3385531_2318869_4223555"
            ],
            [
                "Elementary & Secondary Administration Books",
                "/browse/books/elementary-secondary-administration-books/3920_4284269_3511209_4719080"
            ],
            [
                "Child & Adolescent Psychotherapy Books",
                "/browse/books/child-adolescent-psychotherapy-books/3920_2761424_3385531_2318869_9492204"
            ]
        ]
    },
    {
        "title": "Dear America : Notes of an Undocumented Citizen (Paperback)",
        "url": "https://www.walmart.com/ip/Dear-America-Notes-of-an-Undocumented-Citizen-Paperback-9780062851345/541009063",
        "price": "$6.99",
        "stars": 0,
        "ratings": 0,
        "img": "",
        "tags": [
            [
                "Emigration & Immigration Kids' Books",
                "/browse/books/emigration-immigration-kids-books/3920_582053_585928_1427368"
            ],
            [
                "Political Kids' Books",
                "/browse/books/political-kids-books/3920_582053_9228860_2346316"
            ],
            [
                "Social Activists Biographies & Memoirs",
                "/browse/books/social-activists-biographies-memoirs/3920_5196470_3760242"
            ],
            [
                "Social Activists Kids' Books",
                "/browse/books/social-activists-kids-books/3920_582053_9228860_4168873"
            ],
            [
                "Economic Conditions Books",
                "/browse/books/economic-conditions-books/3920_582349_4279689"
            ],
            [
                "Editors, Journalists & Publishers Biographies & Memoirs",
                "/browse/books/editors-journalists-publishers-biographies-memoirs/3920_5196470_6587041"
            ],
            [
                "Political Biographies & Memoirs",
                "/browse/books/political-biographies-memoirs/3920_5196470_7578606"
            ],
            [
                "Personal Memoirs",
                "/browse/books/personal-memoirs/3920_5196470_9711945"
            ]
        ]
    },
    {
        "title": "The Wake-Up Call : Why the Pandemic Has Exposed the Weakness of the West, and How to Fix It (Hardcover)",
        "url": "https://www.walmart.com/ip/The-Wake-Up-Call-Why-the-Pandemic-Has-Exposed-the-Weakness-of-the-West-and-How-to-Fix-It-Hardcover-9780063065291/619622101",
        "price": "$15.28",
        "stars": 0,
        "ratings": 0,
        "img": "",
        "tags": []
    },
    {
        "title": "Don't Overthink It: Make Easier Decisions, Stop Second-Guessing, and Bring More Joy to Your Life (Paperback)",
        "url": "https://www.walmart.com/ip/Don-t-Overthink-It-Make-Easier-Decisions-Stop-Second-Guessing-and-Bring-More-Joy-to-Your-Life-Paperback-9780801094460/822625108",
        "price": "$5.99",
        "stars": 0,
        "ratings": 0,
        "img": "",
        "tags": [
            [
                "Spiritual Growth",
                "/browse/books/spiritual-growth/3920_1987289_582374_8324310_1480379"
            ],
            [
                "Family",
                "/browse/books/family/3920_1987289_582374_8324310_1974555"
            ],
            [
                "Adult Non-Fiction Top 100",
                "/browse/books/adult-non-fiction-top-100/3920_1057224_3049267"
            ],
            [
                "Success",
                "/browse/books/success/3920_5642757_9479316_4052595"
            ],
            [
                "Motivational & Inspirational Self-Help Books",
                "/browse/books/motivational-inspirational-self-help-books/3920_5642757_5080634"
            ],
            [
                "Counseling & Recovery",
                "/browse/books/counseling-recovery/3920_1987289_582374_8889295_8420052"
            ],
            [
                "Spirituality",
                "/browse/books/spirituality/3920_1987289_582055_8803444"
            ],
            [
                "Women's Issues",
                "/browse/books/womens-issues/3920_1987289_582374_8324310_9563912"
            ]
        ]
    },
    {
        "title": "Practice Test for the COGAT Grade 5 Level 11: CogAT Test Prep Grade 5: Cognitive Abilities Test Form 7 and 8 for 5th Grade (Paperback)",
        "url": "https://www.walmart.com/ip/Practice-Test-for-the-COGAT-Grade-5-Level-11-CogAT-Test-Prep-Grade-5-Cognitive-Abilities-Test-Form-7-and-8-for-5th-Grade-Paperback-9781948255929/622737840",
        "price": "$19.99",
        "stars": 0,
        "ratings": 0,
        "img": "i5.walmartimages.com/asr/45a41dc3-e61d-4544-9017-8864a4844e6c_1.557701a5cac7b5d62ffdf688fd1b2c41.jpeg?odnWidth=612&odnHeight=612&odnBg=ffffff",
        "tags": [
            [
                "Gifted Education Books",
                "/browse/books/gifted-education-books/3920_4284269_3283861_3816148"
            ],
            [
                "General Games & Activity Books",
                "/browse/books/general-games-activity-books/3920_582361_9999446_6935387"
            ],
            [
                "Short Stories for Kids",
                "/browse/books/short-stories-for-kids/3920_582053_7536092"
            ],
            [
                "General Test Prep Books",
                "/browse/books/general-test-prep-books/3920_6060018_7753989"
            ],
            [
                "Monsters Kids' Books",
                "/browse/books/monsters-kids-books/3920_582053_8346462"
            ],
            [
                "Early Childhood Education Books",
                "/browse/books/early-childhood-education-books/3920_4284269_8387148"
            ],
            [
                "Stochastic Processes Books",
                "/browse/books/stochastic-processes-books/3920_9242904_6266240_9689761"
            ],
            [
                "Bayesian Analysis Mathematics Books",
                "/browse/books/bayesian-analysis-mathematics-books/3920_9242904_6266240_9906424"
            ]
        ]
    },
    {
        "title": "Fault Lines : Fractured Families and How to Mend Them (Hardcover)",
        "url": "https://www.walmart.com/ip/Fault-Lines-Fractured-Families-and-How-to-Mend-Them-Hardcover-9780525539032/514792611",
        "price": "$20.99",
        "stars": 0,
        "ratings": 0,
        "img": "",
        "tags": [
            [
                "Family",
                "/browse/books/family/3920_1987289_582374_8324310_1974555"
            ],
            [
                "Dysfunctional Families",
                "/browse/books/dysfunctional-families/3920_5642757_6055772_3061701"
            ],
            [
                "Men's Issues",
                "/browse/books/mens-issues/3920_1987289_582374_8324310_3418066"
            ],
            [
                "Etiquette Reference Books",
                "/browse/books/etiquette-reference-books/3920_3943378_4361536"
            ],
            [
                "Interpersonal Relations Psychology Books",
                "/browse/books/interpersonal-relations-psychology-books/3920_2761424_3385531_5567426"
            ],
            [
                "Communication Studies Books",
                "/browse/books/communication-studies-books/3920_8818538_6254390"
            ],
            [
                "Communication & Social Skills Self-Help Books",
                "/browse/books/communication-social-skills-self-help-books/3920_5642757_7069650"
            ],
            [
                "Prophets",
                "/browse/books/prophets/3920_1987289_582374_2718157_7303744"
            ]
        ]
    }
]