[
    {
        "title": "Mary Ball Washington: The Untold Story of George Washington's Mother (Hardcover)",
        "url": "https://www.walmart.com/ip/Mary-Ball-Washington-The-Untold-Story-of-George-Washington-s-Mother-Hardcover-9780062456519/325515692",
        "price": "$9.49",
        "stars": 0,
        "ratings": 0,
        "img": "",
        "tags": [
            [
                "Emigration & Immigration Kids' Books",
                "/browse/books/emigration-immigration-kids-books/3920_582053_585928_1427368"
            ],
            [
                "Women's Perspective Biographies & Autobiographies for Kids",
                "/browse/books/womens-perspective-biographies-autobiographies-for-kids/3920_582053_9228860_2788065"
            ],
            [
                "Adult Non-Fiction Top 100",
                "/browse/books/adult-non-fiction-top-100/3920_1057224_3049267"
            ],
            [
                "Inspirational & Religious Poetry Books",
                "/browse/books/inspirational-religious-poetry-books/3920_582105_9408377_5516974_5247368"
            ],
            [
                "California Style Cookbooks",
                "/browse/books/california-style-cookbooks/3920_3036003_9740893_3841345_5528010"
            ],
            [
                "History",
                "/browse/books/history/3920_1987289_582055_2719198_8345010"
            ],
            [
                "Poetry Books by Female Poets",
                "/browse/books/poetry-books-by-female-poets/3920_582105_9408377_8732025"
            ],
            [
                "Women's Issues",
                "/browse/books/womens-issues/3920_1987289_582374_8324310_9563912"
            ]
        ]
    },
    {
        "title": "The Divine Plan : John Paul II, Ronald Reagan, and the Dramatic End of the Cold War",
        "url": "https://www.walmart.com/ip/The-Divine-Plan-John-Paul-II-Ronald-Reagan-and-the-Dramatic-End-of-the-Cold-War-9781610171540/624124022",
        "price": "$20.87",
        "stars": 0,
        "ratings": 0,
        "img": "",
        "tags": [
            [
                "World War I Military History Books",
                "/browse/books/world-war-i-military-history-books/3920_582331_583311_1415462"
            ],
            [
                "20th Century United States History Books",
                "/browse/books/20th-century-united-states-history-books/3920_582331_583318_2158164"
            ],
            [
                "Turkey & Ottoman Empire History Books",
                "/browse/books/turkey-ottoman-empire-history-books/3920_582331_583310_2568019"
            ],
            [
                "Political History & Theory Books",
                "/browse/books/political-history-theory-books/3920_5764957_5362619"
            ],
            [
                "Communism, Post-Communism & Socialism Political Ideologies Books",
                "/browse/books/communism-post-communism-socialism-political-ideologies-books/3920_5764957_5916221_7309309"
            ],
            [
                "Crossword Puzzle Books",
                "/browse/books/crossword-puzzle-books/3920_582361_9999446_8548560"
            ],
            [
                "Harvard Business Review",
                "/browse/books/harvard-business-review/3920_582349_8933101"
            ]
        ]
    },
    {
        "title": "They Thought They Were Free : The Germans, 1933-45 (Paperback)",
        "url": "https://www.walmart.com/ip/They-Thought-They-Were-Free-The-Germans-1933-45-Paperback-9780226525839/55971573",
        "price": "$16.42",
        "stars": "4.0",
        "ratings": "2 ",
        "img": "i5.walmartimages.com/asr/9d546a5a-4bf5-44a9-a258-90161f5303c6_1.c2502a6d81b2acabafb3c275f831db4a.jpeg?odnWidth=612&odnHeight=612&odnBg=ffffff",
        "tags": [
            [
                "Terrorism Political Books",
                "/browse/books/terrorism-political-books/3920_5764957_3181715"
            ],
            [
                "Post-Confederation Canadian History Books",
                "/browse/books/post-confederation-canadian-history-books/3920_582331_4272206_3384682"
            ],
            [
                "Mice, Hamsters, Guinea Pigs & More Kids' Books",
                "/browse/books/mice-hamsters-guinea-pigs-more-kids-books/3920_582053_584177_585943"
            ],
            [
                "Valentine's Day Kids' Books",
                "/browse/books/valentines-day-kids-books/3920_582053_585922_585993"
            ],
            [
                "Police Procedural Books",
                "/browse/books/police-procedural-books/3920_582105_9435716_586706_3971473_586714"
            ],
            [
                "21st Century United States History Books",
                "/browse/books/21st-century-united-states-history-books/3920_582331_583318_9534820"
            ]
        ]
    },
    {
        "title": "The Last Million : Europe's Displaced Persons from World War to Cold War (Hardcover)",
        "url": "https://www.walmart.com/ip/The-Last-Million-Europe-s-Displaced-Persons-from-World-War-to-Cold-War-Hardcover-9781594206733/573899627",
        "price": "$30.00",
        "stars": 0,
        "ratings": 0,
        "img": "",
        "tags": [
            [
                "World War I Military History Books",
                "/browse/books/world-war-i-military-history-books/3920_582331_583311_1415462"
            ],
            [
                "20th Century United States History Books",
                "/browse/books/20th-century-united-states-history-books/3920_582331_583318_2158164"
            ],
            [
                "Turkey & Ottoman Empire History Books",
                "/browse/books/turkey-ottoman-empire-history-books/3920_582331_583310_2568019"
            ],
            [
                "Political History & Theory Books",
                "/browse/books/political-history-theory-books/3920_5764957_5362619"
            ],
            [
                "Communism, Post-Communism & Socialism Political Ideologies Books",
                "/browse/books/communism-post-communism-socialism-political-ideologies-books/3920_5764957_5916221_7309309"
            ],
            [
                "Harvard Business Review",
                "/browse/books/harvard-business-review/3920_582349_8933101"
            ]
        ]
    },
    {
        "title": "Ancient Aliens: The Official Companion Book (Hardcover)",
        "url": "https://www.walmart.com/ip/Ancient-Aliens-The-Official-Companion-Book-Hardcover-9780062455413/52612461",
        "price": "$21.66",
        "stars": 0,
        "ratings": 0,
        "img": "",
        "tags": [
            [
                "Ancient Mysteries & Controversial Knowledge",
                "/browse/books/ancient-mysteries-controversial-knowledge/3920_1987289_5383544_2057604"
            ],
            [
                "Literary Collections - Ancient & Classical",
                "/browse/books/literary-collections-ancient-classical/3920_582105_1393947_2312151"
            ],
            [
                "General European History Books",
                "/browse/books/general-european-history-books/3920_582331_583303_3232207"
            ],
            [
                "Iran History Books",
                "/browse/books/iran-history-books/3920_582331_583310_3990910"
            ],
            [
                "Civilization History Books",
                "/browse/books/civilization-history-books/3920_582331_583301"
            ],
            [
                "General Architecture History Books",
                "/browse/books/general-architecture-history-books/3920_582321_4942684_6363288_9504182"
            ]
        ]
    },
    {
        "title": "Desk 88 : Eight Progressive Senators Who Changed America (Hardcover)",
        "url": "https://www.walmart.com/ip/Desk-88-Eight-Progressive-Senators-Who-Changed-America-Hardcover-9780374138219/163369902",
        "price": "$8.52",
        "stars": 0,
        "ratings": 0,
        "img": "i5.walmartimages.com/asr/3842dfd6-0f19-48a4-bde8-c8165ade0684_1.f56b7731158975eb8a71335dc24b673e.jpeg?odnWidth=612&odnHeight=612&odnBg=ffffff",
        "tags": [
            [
                "Presidents & Heads of State Biographies & Memoirs",
                "/browse/books/presidents-heads-of-state-biographies-memoirs/3920_5196470_1329554"
            ],
            [
                "20th Century United States History Books",
                "/browse/books/20th-century-united-states-history-books/3920_582331_583318_2158164"
            ],
            [
                "Legislative Branch Political Books",
                "/browse/books/legislative-branch-political-books/3920_5764957_5236963_2289961"
            ],
            [
                "City Planning & Urban Development Public Policy Books",
                "/browse/books/city-planning-urban-development-public-policy-books/3920_5764957_4155418_5812688"
            ],
            [
                "Historical Biographies & Memoirs",
                "/browse/books/historical-biographies-memoirs/3920_5196470_6575803"
            ],
            [
                "Communism, Post-Communism & Socialism Political Ideologies Books",
                "/browse/books/communism-post-communism-socialism-political-ideologies-books/3920_5764957_5916221_7309309"
            ],
            [
                "National American Government Political Books",
                "/browse/books/national-american-government-political-books/3920_5764957_5236963_8250065"
            ],
            [
                "Cultural Heritage Biographies & Memoirs",
                "/browse/books/cultural-heritage-biographies-memoirs/3920_5196470_8577664"
            ]
        ]
    },
    {
        "title": "The History of White People (Paperback)",
        "url": "https://www.walmart.com/ip/The-History-of-White-People-Paperback-9780393339741/15182720",
        "price": "$15.65",
        "stars": "3.9",
        "ratings": "8 ",
        "img": "",
        "tags": [
            [
                "General Law Books",
                "/browse/books/general-law-books/3920_1952589_2491049"
            ],
            [
                "Ships & Shipbuilding History Books",
                "/browse/books/ships-shipbuilding-history-books/3920_9842685_1557508_3217472_4149972"
            ],
            [
                "General Ethnic Studies Books",
                "/browse/books/general-ethnic-studies-books/3920_2761424_8176770_6537532_6141926"
            ],
            [
                "Civil Procedure Law Books",
                "/browse/books/civil-procedure-law-books/3920_1952589_6236126"
            ],
            [
                "General United States History Books",
                "/browse/books/general-united-states-history-books/3920_582331_583318_6419794"
            ],
            [
                "Political Biographies & Memoirs",
                "/browse/books/political-biographies-memoirs/3920_5196470_7578606"
            ],
            [
                "College Back to School Books",
                "/browse/books/college-back-to-school-books/3920_8955258_7993255"
            ]
        ]
    },
    {
        "title": "The History of the Medieval World : From the Conversion of Constantine to the First Crusade (Hardcover)",
        "url": "https://www.walmart.com/ip/The-History-of-the-Medieval-World-From-the-Conversion-of-Constantine-to-the-First-Crusade-Hardcover-9780393059755/11597089",
        "price": "$25.17",
        "stars": "4.0",
        "ratings": "4 ",
        "img": "",
        "tags": [
            [
                "Greek History Books",
                "/browse/books/greek-history-books/3920_582331_583303_2090271"
            ],
            [
                "Weapons in Military History Books",
                "/browse/books/weapons-in-military-history-books/3920_582331_583311_3019327"
            ],
            [
                "General European History Books",
                "/browse/books/general-european-history-books/3920_582331_583303_3232207"
            ],
            [
                "Wars & Conflicts Military History Books",
                "/browse/books/wars-conflicts-military-history-books/3920_582331_583311_3280464"
            ],
            [
                "Scandinavian History Books",
                "/browse/books/scandinavian-history-books/3920_582331_583303_4543085"
            ],
            [
                "Mariology",
                "/browse/books/mariology/3920_1987289_582374_9438566_7236968"
            ],
            [
                "Worship & Liturgy",
                "/browse/books/worship-liturgy/3920_1987289_582374_3662773_7625143"
            ]
        ]
    },
    {
        "title": "Worlds of History, Volume I: To 1550 : A Comparative Reader",
        "url": "https://www.walmart.com/ip/Worlds-of-History-Volume-I-To-1550-A-Comparative-Reader-9781457617829/21327715",
        "price": "$52.36",
        "stars": 0,
        "ratings": 0,
        "img": "",
        "tags": [
            [
                "Research Reference Books",
                "/browse/books/research-reference-books/3920_3943378_2665166"
            ],
            [
                "General Wine & Alcohol Books",
                "/browse/books/general-wine-alcohol-books/3920_3036003_9955948_5323083_2748429"
            ],
            [
                "Historical Geography Books",
                "/browse/books/historical-geography-books/3920_582331_3004687"
            ],
            [
                "Photography History Books",
                "/browse/books/photography-history-books/3920_582321_5674104_3243722"
            ],
            [
                "Trivia Reference Books",
                "/browse/books/trivia-reference-books/3920_3943378_4098597"
            ],
            [
                "Political History & Theory Books",
                "/browse/books/political-history-theory-books/3920_5764957_5362619"
            ],
            [
                "Civilization History Books",
                "/browse/books/civilization-history-books/3920_582331_583301"
            ]
        ]
    },
    {
        "title": "Faces of History : Historical Inquiry from Herodotus to Herder",
        "url": "https://www.walmart.com/ip/Faces-of-History-Historical-Inquiry-from-Herodotus-to-Herder-9780300075588/33435506",
        "price": "$40.02",
        "stars": 0,
        "ratings": 0,
        "img": "",
        "tags": [
            [
                "General European History Books",
                "/browse/books/general-european-history-books/3920_582331_583303_3232207"
            ],
            [
                "16th Century Modern History Books",
                "/browse/books/16th-century-modern-history-books/3920_582331_583312_4365743"
            ],
            [
                "Nationalism & Patriotism Political Ideologies Books",
                "/browse/books/nationalism-patriotism-political-ideologies-books/3920_5764957_5916221_4795293"
            ],
            [
                "Gender Studies Books",
                "/browse/books/gender-studies-books/3920_2761424_8176770_4993356"
            ],
            [
                "Study & Teaching History Books",
                "/browse/books/study-teaching-history-books/3920_582331_583317"
            ],
            [
                "Rhetoric Books",
                "/browse/books/rhetoric-books/3920_8818538_7714235"
            ],
            [
                "Essay History Books",
                "/browse/books/essay-history-books/3920_582331_8306018"
            ],
            [
                "21st Century United States History Books",
                "/browse/books/21st-century-united-states-history-books/3920_582331_583318_9534820"
            ]
        ]
    }
]