[
    {
        "title": "Market Wizards, Updated: Interviews with Top Traders (Paperback)",
        "url": "https://www.walmart.com/ip/Market-Wizards-Updated-Interviews-with-Top-Traders-Paperback-9781118273050/19223019",
        "price": "$20.45",
        "stars": "5.0",
        "ratings": "1 ",
        "img": "",
        "tags": []
    },
    {
        "title": "For Dummies: Social Security for Dummies (Edition 3) (Paperback)",
        "url": "https://www.walmart.com/ip/For-Dummies-Social-Security-for-Dummies-Paperback-9781119375739/55819214",
        "price": "$18.15",
        "stars": 0,
        "ratings": 0,
        "img": "",
        "tags": [
            [
                "Project Management Books",
                "/browse/walmart-for-business/project-management-books/6735581_8499989_1633591_1336074"
            ],
            [
                "Office Software",
                "/browse/walmart-for-business/office-software/6735581_8499989_1794508"
            ],
            [
                "Motivational & Personal Success Books",
                "/browse/walmart-for-business/motivational-personal-success-books/6735581_8499989_1633591_4891565"
            ],
            [
                "Management & Leadership Books",
                "/browse/walmart-for-business/management-leadership-books/6735581_8499989_1633591_6711821"
            ],
            [
                "Labels",
                "/browse/walmart-for-business/labels/6735581_6919605_3637763_6994621"
            ],
            [
                "Business Biographies & Memoirs",
                "/browse/walmart-for-business/business-biographies-memoirs/6735581_8499989_1633591_9300207"
            ],
            [
                "Marketing Books",
                "/browse/walmart-for-business/marketing-books/6735581_8499989_1633591_9847330"
            ],
            [
                "Investments & Securities Books",
                "/browse/walmart-for-business/investments-securities-books/6735581_8499989_1633591_9986455"
            ]
        ]
    },
    {
        "title": "How I Learned to Trade Like Tom Sosnoff and Tony Battista : Book Two. Advanced Strategies and Insights",
        "url": "https://www.walmart.com/ip/How-I-Learned-to-Trade-Like-Tom-Sosnoff-and-Tony-Battista-Book-Two-Advanced-Strategies-and-Insights-9780615857886/43770408",
        "price": "$45.81",
        "stars": "5.0",
        "ratings": "1 ",
        "img": "",
        "tags": [
            [
                "Energy Industry Books",
                "/browse/books/energy-industry-books/3920_582349_5438892_1983569"
            ],
            [
                "Social Topics Teen & Young Adult Comic Books & Graphic Novels",
                "/browse/books/social-topics-teen-young-adult-comic-books-graphic-novels/3920_1068785_4608734_2351933"
            ],
            [
                "Future in Investments & Securities Books",
                "/browse/books/future-in-investments-securities-books/3920_582349_4859694_2416531"
            ],
            [
                "Personal Finance Investing Books",
                "/browse/books/personal-finance-investing-books/3920_582349_9861072_3148548"
            ],
            [
                "General Finance Books",
                "/browse/books/general-finance-books/3920_582349_6748238_3692249"
            ],
            [
                "Online Trading E-Commerce Books",
                "/browse/books/online-trading-e-commerce-books/3920_582349_7396712_5414408"
            ],
            [
                "Fossil Fuels Power Resources Books",
                "/browse/books/fossil-fuels-power-resources-books/3920_9842685_8901905_7845454_7293694"
            ],
            [
                "Calculus Books",
                "/browse/books/calculus-books/3920_9242904_7793608"
            ]
        ]
    },
    {
        "title": "Accounting Ledger Book: Simple Accounting Ledger for Bookkeeping - Record Income and Expenses Payment And Track Log Book (Paperback)",
        "url": "https://www.walmart.com/ip/Accounting-Ledger-Book-Simple-Accounting-Ledger-for-Bookkeeping-Record-Income-and-Expenses-Payment-And-Track-Log-Book-Paperback-9781658138734/388159223",
        "price": "$6.69",
        "stars": 0,
        "ratings": 0,
        "img": "",
        "tags": [
            [
                "Financial Accounting Books",
                "/browse/books/financial-accounting-books/3920_582349_2851526_1488823"
            ],
            [
                "Small Business Books",
                "/browse/books/small-business-books/3920_582349_2876621"
            ],
            [
                "Personal Finance Money Management Books",
                "/browse/books/personal-finance-money-management-books/3920_582349_9861072_6759272"
            ],
            [
                "Auditing Books",
                "/browse/books/auditing-books/3920_582349_7445948"
            ],
            [
                "Accounting Standards Books",
                "/browse/books/accounting-standards-books/3920_582349_2851526_7466757"
            ],
            [
                "Facility Management Books",
                "/browse/books/facility-management-books/3920_582349_8164886"
            ],
            [
                "General Accounting Books",
                "/browse/books/general-accounting-books/3920_582349_2851526_9566313"
            ],
            [
                "Banks & Banking Books",
                "/browse/books/banks-banking-books/3920_582349_9783809"
            ]
        ]
    },
    {
        "title": "Thinking in Bets : Making Smarter Decisions When You Don't Have All the Facts (Paperback)",
        "url": "https://www.walmart.com/ip/Thinking-in-Bets-Making-Smarter-Decisions-When-You-Don-t-Have-All-the-Facts-Paperback-9780735216372/227425421",
        "price": "$12.94",
        "stars": 0,
        "ratings": 0,
        "img": "",
        "tags": [
            [
                "Strategic Planning Books",
                "/browse/books/strategic-planning-books/3920_582349_1874555"
            ],
            [
                "Organizational Behavior Books",
                "/browse/books/organizational-behavior-books/3920_582349_1905322"
            ],
            [
                "Cognitive Psychology & Cognition Books",
                "/browse/books/cognitive-psychology-cognition-books/3920_2761424_3385531_2424973"
            ],
            [
                "Organizational Development Books",
                "/browse/books/organizational-development-books/3920_582349_3077388"
            ],
            [
                "Research & Development Books",
                "/browse/books/research-development-books/3920_582349_3087859"
            ],
            [
                "General Economics Books",
                "/browse/books/general-economics-books/3920_582349_6503572_6352002"
            ],
            [
                "Harvard Business Review",
                "/browse/books/harvard-business-review/3920_582349_8933101"
            ],
            [
                "Management Books",
                "/browse/books/management-books/3920_582349_9536008"
            ]
        ]
    },
    {
        "title": "For Dummies: Corporate Finance for Dummies (Paperback)",
        "url": "https://www.walmart.com/ip/For-Dummies-Corporate-Finance-for-Dummies-Paperback-9781118412794/21087129",
        "price": "$20.47",
        "stars": "5.0",
        "ratings": "1 ",
        "img": "",
        "tags": [
            [
                "Financial Accounting Books",
                "/browse/books/financial-accounting-books/3920_582349_2851526_1488823"
            ],
            [
                "Project Management Technology & Engineering Books",
                "/browse/books/project-management-technology-engineering-books/3920_9842685_8901905_1595945"
            ],
            [
                "Bookkeeping Books",
                "/browse/books/bookkeeping-books/3920_582349_3111716"
            ],
            [
                "Architecture Professional Practice Books",
                "/browse/books/architecture-professional-practice-books/3920_582321_4942684_3498740"
            ],
            [
                "General Finance Books",
                "/browse/books/general-finance-books/3920_582349_6748238_3692249"
            ],
            [
                "General Corporate Finance Books",
                "/browse/books/general-corporate-finance-books/3920_582349_3714548_4652380"
            ],
            [
                "Harvard Business Review",
                "/browse/books/harvard-business-review/3920_582349_8933101"
            ],
            [
                "General Accounting Books",
                "/browse/books/general-accounting-books/3920_582349_2851526_9566313"
            ]
        ]
    },
    {
        "title": "The Vision Driven Leader : 10 Questions to Focus Your Efforts, Energize Your Team, and Scale Your Business (Hardcover)",
        "url": "https://www.walmart.com/ip/The-Vision-Driven-Leader-10-Questions-to-Focus-Your-Efforts-Energize-Your-Team-and-Scale-Your-Business-Hardcover-9780801075278/874237634",
        "price": "$8.99",
        "stars": 0,
        "ratings": 0,
        "img": "",
        "tags": [
            [
                "Strategic Planning Books",
                "/browse/books/strategic-planning-books/3920_582349_1874555"
            ],
            [
                "Organizational Behavior Books",
                "/browse/books/organizational-behavior-books/3920_582349_1905322"
            ],
            [
                "Workplace Culture Books",
                "/browse/books/workplace-culture-books/3920_582349_5833787"
            ],
            [
                "Language Study",
                "/browse/books/language-study/3920_1987289_582374_4381280_6463182"
            ],
            [
                "Leadership in Business Books",
                "/browse/books/leadership-in-business-books/3920_582349_7056456"
            ],
            [
                "General Erotica Books",
                "/browse/books/general-erotica-books/3920_582105_582052_5080993_7761014"
            ],
            [
                "Personal Success in Business & Money Books",
                "/browse/books/personal-success-in-business-money-books/3920_582349_9116217"
            ],
            [
                "Management Books",
                "/browse/books/management-books/3920_582349_9536008"
            ]
        ]
    },
    {
        "title": "Influencer: The New Science of Leading Change, Second Edition (Paperback) (Edition 2) (Paperback)",
        "url": "https://www.walmart.com/ip/Influencer-The-New-Science-of-Leading-Change-Second-Edition-Paperback-Edition-2-Paperback-9780071808866/21601571",
        "price": "$16.26",
        "stars": 0,
        "ratings": 0,
        "img": "",
        "tags": [
            [
                "Project Management Books",
                "/browse/walmart-for-business/project-management-books/6735581_8499989_1633591_1336074"
            ],
            [
                "Office Software",
                "/browse/walmart-for-business/office-software/6735581_8499989_1794508"
            ],
            [
                "Motivational & Personal Success Books",
                "/browse/walmart-for-business/motivational-personal-success-books/6735581_8499989_1633591_4891565"
            ],
            [
                "Management & Leadership Books",
                "/browse/walmart-for-business/management-leadership-books/6735581_8499989_1633591_6711821"
            ],
            [
                "Labels",
                "/browse/walmart-for-business/labels/6735581_6919605_3637763_6994621"
            ],
            [
                "Business Biographies & Memoirs",
                "/browse/walmart-for-business/business-biographies-memoirs/6735581_8499989_1633591_9300207"
            ],
            [
                "Marketing Books",
                "/browse/walmart-for-business/marketing-books/6735581_8499989_1633591_9847330"
            ],
            [
                "Investments & Securities Books",
                "/browse/walmart-for-business/investments-securities-books/6735581_8499989_1633591_9986455"
            ]
        ]
    },
    {
        "title": "Stock Market Investing For Beginners 2020: Stock Market Investing For Beginners 2020: A Guide to Start Investing in the Stock Market, Learn the Basics, How to Buy your First Stock and Make your Money",
        "url": "https://www.walmart.com/ip/Stock-Market-Investing-For-Beginners-2020-A-Guide-Start-Market-Learn-Basics-How-Buy-First-Make-Money-9798604599655/729659399",
        "price": "$14.95",
        "stars": 0,
        "ratings": 0,
        "img": "",
        "tags": [
            [
                "Portfolio Management Investments & Securities Books",
                "/browse/books/portfolio-management-investments-securities-books/3920_582349_4859694_1726319"
            ],
            [
                "Corporate & Business History Books",
                "/browse/books/corporate-business-history-books/3920_582349_2306820"
            ],
            [
                "Personal Finance Investing Books",
                "/browse/books/personal-finance-investing-books/3920_582349_9861072_3148548"
            ],
            [
                "General Commodities in Investments & Securities Books",
                "/browse/books/general-commodities-in-investments-securities-books/3920_582349_4859694_7336641_4902189"
            ],
            [
                "General Business & Money Books",
                "/browse/books/general-business-money-books/3920_582349_6276480"
            ],
            [
                "Foreign Exchange Books",
                "/browse/books/foreign-exchange-books/3920_582349_6748871"
            ],
            [
                "Stocks Investments & Securities Books",
                "/browse/books/stocks-investments-securities-books/3920_582349_4859694_7426539"
            ],
            [
                "Financial Services Industry Books",
                "/browse/books/financial-services-industry-books/3920_582349_5438892_7467282"
            ]
        ]
    },
    {
        "title": "Accelerate: Building Strategic Agility for a Faster-Moving World (Hardcover)",
        "url": "https://www.walmart.com/ip/Accelerate-Building-Strategic-Agility-for-a-Faster-Moving-World-Hardcover-9780007326037/29142454",
        "price": "$20.90",
        "stars": "4.1",
        "ratings": "7 ",
        "img": "",
        "tags": [
            [
                "Organizational Behavior Books",
                "/browse/books/organizational-behavior-books/3920_582349_1905322"
            ],
            [
                "Time Management Books",
                "/browse/books/time-management-books/3920_582349_2141047"
            ],
            [
                "Organizational Development Books",
                "/browse/books/organizational-development-books/3920_582349_3077388"
            ],
            [
                "New Business Enterprises Books",
                "/browse/books/new-business-enterprises-books/3920_582349_3312612"
            ],
            [
                "Decision-Making & Problem Solving Books",
                "/browse/books/decision-making-problem-solving-books/3920_582349_3407088"
            ],
            [
                "Entrepreneurship Books",
                "/browse/books/entrepreneurship-books/3920_582349_5818477"
            ],
            [
                "Harvard Business Review",
                "/browse/books/harvard-business-review/3920_582349_8933101"
            ],
            [
                "Time Management",
                "/browse/books/time-management/3920_5642757_8917040_9415642"
            ]
        ]
    }
]