[
    {
        "title": "Presumed Incompetent II : Race, Class, Power, and Resistance of Women in Academia (Paperback)",
        "url": "https://www.walmart.com/ip/Presumed-Incompetent-II-Race-Class-Power-and-Resistance-of-Women-in-Academia-Paperback-9781607329657/730020069",
        "price": "$56.51",
        "stars": 0,
        "ratings": 0,
        "img": "",
        "tags": [
            [
                "College Entrance Guide Books",
                "/browse/books/college-entrance-guide-books/3920_6060018_2719716"
            ],
            [
                "Education & Training in Psychology Books",
                "/browse/books/education-training-in-psychology-books/3920_2761424_3385531_2755536"
            ],
            [
                "General Sports Coaching Books",
                "/browse/books/general-sports-coaching-books/3920_8924365_7030830_3340214"
            ],
            [
                "Social Classes & Economic Disparity Books",
                "/browse/books/social-classes-economic-disparity-books/3920_2761424_8176770_3910022"
            ],
            [
                "Higher Education Books",
                "/browse/books/higher-education-books/3920_4284269_4964060"
            ],
            [
                "Children's & Kid's Aeronautics, Astronautics & Space Science Books",
                "/browse/books/childrens-kids-aeronautics-astronautics-space-science-books/3920_582053_2831200_4287058_6973722"
            ],
            [
                "General Test Prep Books",
                "/browse/books/general-test-prep-books/3920_6060018_7753989"
            ],
            [
                "Shamanism",
                "/browse/books/shamanism/3920_1987289_5383544_8037219"
            ]
        ]
    },
    {
        "title": "The Elusive Embryo : How Women and Men Approach New Reproductive Technologies",
        "url": "https://www.walmart.com/ip/The-Elusive-Embryo-How-Women-and-Men-Approach-New-Reproductive-Technologies-9780520224315/26791786",
        "price": "$34.74",
        "stars": 0,
        "ratings": 0,
        "img": "",
        "tags": [
            [
                "General Psychotherapy Books",
                "/browse/books/general-psychotherapy-books/3920_2761424_3385531_2318869_3008400"
            ],
            [
                "Evolution Life Science Books",
                "/browse/books/evolution-life-science-books/3920_8529612_1841429_1678456_4103014"
            ],
            [
                "Transpersonal Movement in Psychology Books",
                "/browse/books/transpersonal-movement-in-psychology-books/3920_2761424_3385531_5702953_4576003"
            ],
            [
                "Fossil Books",
                "/browse/books/fossil-books/3920_8529612_4668181_5603242"
            ],
            [
                "Communication Studies Books",
                "/browse/books/communication-studies-books/3920_8818538_6254390"
            ],
            [
                "Psychoanalysis Movement in Psychology Books",
                "/browse/books/psychoanalysis-movement-in-psychology-books/3920_2761424_3385531_5702953_6603399"
            ],
            [
                "General Social Science Books",
                "/browse/books/general-social-science-books/3920_2761424_8176770_9300400"
            ],
            [
                "Advertising & Promotion Books",
                "/browse/books/advertising-promotion-books/3920_582349_9790899"
            ]
        ]
    },
    {
        "title": "On Being a Therapist (Paperback)",
        "url": "https://www.walmart.com/ip/On-Being-a-Therapist-Paperback-9780190641542/55497268",
        "price": "$24.99",
        "stars": 0,
        "ratings": 0,
        "img": "",
        "tags": [
            [
                "General Baseball Books",
                "/browse/books/general-baseball-books/3920_8924365_4967252_2798102"
            ],
            [
                "Mental Health Books",
                "/browse/books/mental-health-books/3920_3203859_3555432"
            ],
            [
                "Spiritual Self-Help Books",
                "/browse/books/spiritual-self-help-books/3920_5642757_5131864"
            ],
            [
                "General Substance Abuse & Addictions Self-Help Books",
                "/browse/books/general-substance-abuse-addictions-self-help-books/3920_5642757_5797218_5380092"
            ],
            [
                "Interpersonal Relations Psychology Books",
                "/browse/books/interpersonal-relations-psychology-books/3920_2761424_3385531_5567426"
            ],
            [
                "Neuropsychology Books",
                "/browse/books/neuropsychology-books/3920_2761424_3385531_7903498"
            ],
            [
                "Post-Traumatic Stress Disorder Psychopathology Books",
                "/browse/books/post-traumatic-stress-disorder-psychopathology-books/3920_2761424_3385531_6536134_9287947"
            ],
            [
                "Mind & Body Philosophy Books",
                "/browse/books/mind-body-philosophy-books/3920_7051956_9666075"
            ]
        ]
    },
    {
        "title": "Psychology Self Esteem (Paperback)",
        "url": "https://www.walmart.com/ip/Psychology-Self-Esteem-Paperback-9780787945268/25948238",
        "price": "$26.93",
        "stars": "4.0",
        "ratings": "1 ",
        "img": "",
        "tags": [
            [
                "Cognitive Psychology & Cognition Books",
                "/browse/books/cognitive-psychology-cognition-books/3920_2761424_3385531_2424973"
            ],
            [
                "Adolescent Developmental Psychology Books",
                "/browse/books/adolescent-developmental-psychology-books/3920_2761424_3385531_4783777_3296508"
            ],
            [
                "Abuse Self-Help Books",
                "/browse/books/abuse-self-help-books/3920_5642757_4272716"
            ],
            [
                "Self-Esteem & Self-Reliance Kids' Books",
                "/browse/books/self-esteem-self-reliance-kids-books/3920_582053_585928_585961"
            ],
            [
                "NBA Books",
                "/browse/books/nba-books/3920_8924365_6632074"
            ],
            [
                "Self-Esteem",
                "/browse/books/self-esteem/3920_5642757_9479316_7187138"
            ],
            [
                "Codependency Self-Help Books",
                "/browse/books/codependency-self-help-books/3920_5642757_8770071"
            ],
            [
                "Psychology Kids' Books",
                "/browse/books/psychology-kids-books/3920_582053_7635784_9875985"
            ]
        ]
    },
    {
        "title": "Psychology (Paperback)",
        "url": "https://www.walmart.com/ip/Psychology-Paperback-9781680922172/745870086",
        "price": "$35.63",
        "stars": 0,
        "ratings": 0,
        "img": "i5.walmartimages.com/asr/badd46e3-2aa1-42eb-83b8-3d698baf7264_1.83b59169a046b2665fb61faa7de7d0ae.jpeg?odnWidth=612&odnHeight=612&odnBg=ffffff",
        "tags": [
            [
                "General Baseball Books",
                "/browse/books/general-baseball-books/3920_8924365_4967252_2798102"
            ],
            [
                "Educational Psychology Books",
                "/browse/books/educational-psychology-books/3920_4284269_3226821"
            ],
            [
                "Mental Health Books",
                "/browse/books/mental-health-books/3920_3203859_3555432"
            ],
            [
                "General Substance Abuse & Addictions Self-Help Books",
                "/browse/books/general-substance-abuse-addictions-self-help-books/3920_5642757_5797218_5380092"
            ],
            [
                "Interpersonal Relations Psychology Books",
                "/browse/books/interpersonal-relations-psychology-books/3920_2761424_3385531_5567426"
            ],
            [
                "Neuropsychology Books",
                "/browse/books/neuropsychology-books/3920_2761424_3385531_7903498"
            ],
            [
                "Post-Traumatic Stress Disorder Psychopathology Books",
                "/browse/books/post-traumatic-stress-disorder-psychopathology-books/3920_2761424_3385531_6536134_9287947"
            ],
            [
                "Mind & Body Philosophy Books",
                "/browse/books/mind-body-philosophy-books/3920_7051956_9666075"
            ]
        ]
    },
    {
        "title": "The Invention of Decolonization (Paperback)",
        "url": "https://www.walmart.com/ip/The-Invention-of-Decolonization-Paperback-9780801474545/8133469",
        "price": "$33.94",
        "stars": 0,
        "ratings": 0,
        "img": "",
        "tags": [
            [
                "Mexico History Books",
                "/browse/books/mexico-history-books/3920_582331_2264290_3117206"
            ],
            [
                "Social Activists Biographies & Memoirs",
                "/browse/books/social-activists-biographies-memoirs/3920_5196470_3760242"
            ],
            [
                "Economic Conditions Books",
                "/browse/books/economic-conditions-books/3920_582349_4279689"
            ],
            [
                "Labor Business & Money Books",
                "/browse/books/labor-business-money-books/3920_582349_4769409"
            ],
            [
                "General Ethnic Studies Books",
                "/browse/books/general-ethnic-studies-books/3920_2761424_8176770_6537532_6141926"
            ],
            [
                "Editors, Journalists & Publishers Biographies & Memoirs",
                "/browse/books/editors-journalists-publishers-biographies-memoirs/3920_5196470_6587041"
            ],
            [
                "Political Biographies & Memoirs",
                "/browse/books/political-biographies-memoirs/3920_5196470_7578606"
            ],
            [
                "Hispanic American Poetry Books",
                "/browse/books/hispanic-american-poetry-books/3920_582105_9408377_5501336_9798208"
            ]
        ]
    },
    {
        "title": "Citizen Woman : An Illustrated History of the Women's Movement (Hardcover)",
        "url": "https://www.walmart.com/ip/Citizen-Woman-An-Illustrated-History-of-the-Women-s-Movement-Hardcover-9783791385303/401951842",
        "price": "$31.61",
        "stars": 0,
        "ratings": 0,
        "img": "",
        "tags": [
            [
                "Tarot Cards & Books",
                "/browse/books/tarot-cards-books/3920_1987289_1946456"
            ],
            [
                "Women's Perspective Biographies & Autobiographies for Kids",
                "/browse/books/womens-perspective-biographies-autobiographies-for-kids/3920_582053_9228860_2788065"
            ],
            [
                "Trivia Reference Books",
                "/browse/books/trivia-reference-books/3920_3943378_4098597"
            ],
            [
                "African American History Books",
                "/browse/books/african-american-history-books/3920_582331_5685608"
            ],
            [
                "Amish",
                "/browse/books/amish/3920_1987289_582374_2763255_6085470"
            ],
            [
                "MLB Books",
                "/browse/books/mlb-books/3920_8924365_8749248"
            ],
            [
                "Women's History Month Nonfiction",
                "/browse/books/womens-history-month-nonfiction/3920_4883891_9043460"
            ],
            [
                "History & Philosophy of Mathematics Books",
                "/browse/books/history-philosophy-of-mathematics-books/3920_9242904_9177868"
            ]
        ]
    },
    {
        "title": "Love Is Letting Go of Fear, Third Edition",
        "url": "https://www.walmart.com/ip/Love-Is-Letting-Go-of-Fear-Third-Edition-9781587611186/14230742",
        "price": "$11.61",
        "stars": "4.7",
        "ratings": "3 ",
        "img": "i5.walmartimages.com/asr/4b3baf77-d6f7-48bf-a2fb-fb10bb507691_1.fe1f5344e6aea0dc0d4ef267b337140f.jpeg?odnWidth=612&odnHeight=612&odnBg=ffffff",
        "tags": [
            [
                "Archaeology Books",
                "/browse/books/archaeology-books/3920_2761424_8176770_1738817"
            ],
            [
                "General Anthropology Books",
                "/browse/books/general-anthropology-books/3920_2761424_8176770_9998889_2863743"
            ],
            [
                "Parent & Adult Child",
                "/browse/books/parent-adult-child/3920_5642757_6055772_1473135_4047776"
            ],
            [
                "Communication Studies Books",
                "/browse/books/communication-studies-books/3920_8818538_6254390"
            ],
            [
                "Epistolary Teen & Young Adult Books",
                "/browse/books/epistolary-teen-young-adult-books/3920_1068785_7730484"
            ],
            [
                "Codependency Self-Help Books",
                "/browse/books/codependency-self-help-books/3920_5642757_8770071"
            ],
            [
                "General Social Science Books",
                "/browse/books/general-social-science-books/3920_2761424_8176770_9300400"
            ],
            [
                "Advertising & Promotion Books",
                "/browse/books/advertising-promotion-books/3920_582349_9790899"
            ]
        ]
    },
    {
        "title": "Warriors of Legend : Reflections of Japan in Sailor Moon",
        "url": "https://www.walmart.com/ip/Warriors-of-Legend-Reflections-of-Japan-in-Sailor-Moon-9781419608148/10739114",
        "price": "$14.40",
        "stars": 0,
        "ratings": 0,
        "img": "",
        "tags": [
            [
                "Personality Psychology Books",
                "/browse/books/personality-psychology-books/3920_2761424_3385531_1793889"
            ],
            [
                "History & Criticism Film Books",
                "/browse/books/history-criticism-film-books/3920_582321_6572320_5808584_1932437"
            ],
            [
                "Food & Beverage History Books",
                "/browse/books/food-beverage-history-books/3920_3036003_2468891"
            ],
            [
                "Jungian Movement in Psychology Books",
                "/browse/books/jungian-movement-in-psychology-books/3920_2761424_3385531_5702953_3254528"
            ],
            [
                "All Dungeons & Dragons Books",
                "/browse/books/all-dungeons-dragons-books/3920_582361_9999446_6134944_4860988"
            ],
            [
                "General TV Books",
                "/browse/books/general-tv-books/3920_582321_6572320_6482205_6674363"
            ],
            [
                "Popular Culture Art Books",
                "/browse/books/popular-culture-art-books/3920_582321_6907922_7436890"
            ],
            [
                "Japan Travel Books",
                "/browse/books/japan-travel-books/3920_9360990_6219934_2604722_8804314"
            ]
        ]
    },
    {
        "title": "Psychology",
        "url": "https://www.walmart.com/ip/Psychology-9781423219620/21277872",
        "price": "$8.69",
        "stars": 0,
        "ratings": 0,
        "img": "",
        "tags": [
            [
                "General Baseball Books",
                "/browse/books/general-baseball-books/3920_8924365_4967252_2798102"
            ],
            [
                "Mental Health Books",
                "/browse/books/mental-health-books/3920_3203859_3555432"
            ],
            [
                "Spiritual Self-Help Books",
                "/browse/books/spiritual-self-help-books/3920_5642757_5131864"
            ],
            [
                "General Substance Abuse & Addictions Self-Help Books",
                "/browse/books/general-substance-abuse-addictions-self-help-books/3920_5642757_5797218_5380092"
            ],
            [
                "Interpersonal Relations Psychology Books",
                "/browse/books/interpersonal-relations-psychology-books/3920_2761424_3385531_5567426"
            ],
            [
                "Neuropsychology Books",
                "/browse/books/neuropsychology-books/3920_2761424_3385531_7903498"
            ],
            [
                "Post-Traumatic Stress Disorder Psychopathology Books",
                "/browse/books/post-traumatic-stress-disorder-psychopathology-books/3920_2761424_3385531_6536134_9287947"
            ],
            [
                "Mind & Body Philosophy Books",
                "/browse/books/mind-body-philosophy-books/3920_7051956_9666075"
            ]
        ]
    }
]