[
    {
        "title": "The Book of Signs (Hardcover)",
        "url": "https://www.walmart.com/ip/The-Book-of-Signs-Hardcover-9780785229544/360050796",
        "price": "$22.21",
        "stars": "4.7",
        "ratings": "6 ",
        "img": "",
        "tags": [
            [
                "Spiritual Warfare",
                "/browse/books/spiritual-warfare/3920_1987289_582374_8324310_1354471"
            ],
            [
                "Paul's Letters",
                "/browse/books/pauls-letters/3920_1987289_582374_2718157_2998326"
            ],
            [
                "Bible Study Guides",
                "/browse/books/bible-study-guides/3920_1987289_582374_2718157_4203444"
            ],
            [
                "Theology",
                "/browse/books/theology/3920_1987289_582055_4613443"
            ],
            [
                "Pentecostal & Charismatic",
                "/browse/books/pentecostal-charismatic/3920_1987289_582374_2763255_7393881"
            ],
            [
                "Old Testament",
                "/browse/books/old-testament/3920_1987289_582374_2718157_8439201"
            ],
            [
                "Sign Language Books",
                "/browse/books/sign-language-books/3920_8818538_9279342"
            ],
            [
                "Eschatology",
                "/browse/books/eschatology/3920_1987289_582374_9438566_9531093"
            ]
        ]
    },
    {
        "title": "Grace Upon Grace Journal Wireb",
        "url": "https://www.walmart.com/ip/Grace-Upon-Grace-Journal-Wireb-9781432118914/845274698",
        "price": "$9.99",
        "stars": "4.8",
        "ratings": "4 ",
        "img": "",
        "tags": [
            [
                "Journals",
                "/browse/books/journals/3920_582361_1100005"
            ],
            [
                "Bible Study Guides",
                "/browse/books/bible-study-guides/3920_1987289_582374_2718157_4203444"
            ],
            [
                "Devotional",
                "/browse/books/devotional/3920_1987289_582055_4843264"
            ],
            [
                "Contemporary Women Novels",
                "/browse/books/contemporary-women-novels/3920_582105_9435716_632159"
            ],
            [
                "Meditations",
                "/browse/books/meditations/3920_1987289_582055_7627073"
            ],
            [
                "Prayer",
                "/browse/books/prayer/3920_1987289_582374_8324310_7735167"
            ],
            [
                "Guided Journals",
                "/browse/books/guided-journals/3920_582361_9999446_8488843"
            ],
            [
                "Spirituality",
                "/browse/books/spirituality/3920_1987289_582055_8803444"
            ]
        ]
    },
    {
        "title": "NIV Life Application Study Bible, Third Edition, Personal Size (Softcover) (Paperback)",
        "url": "https://www.walmart.com/ip/NIV-Life-Application-Study-Bible-Third-Edition-Personal-Size-Softcover-Paperback-9781496440129/513854108",
        "price": "$25.16",
        "stars": 0,
        "ratings": 0,
        "img": "",
        "tags": [
            [
                "Spiritual Growth",
                "/browse/books/spiritual-growth/3920_1987289_582374_8324310_1480379"
            ],
            [
                "Evangelism",
                "/browse/books/evangelism/3920_1987289_582374_8889295_4053328"
            ],
            [
                "New King James Version",
                "/browse/books/new-king-james-version/3920_1987289_582374_9735184_5031088"
            ],
            [
                "Youth",
                "/browse/books/youth/3920_1987289_582374_8889295_6841772"
            ],
            [
                "Home Schooling Books",
                "/browse/books/home-schooling-books/3920_4284269_7621694"
            ],
            [
                "King James Version",
                "/browse/books/king-james-version/3920_1987289_582374_9735184_8736310"
            ],
            [
                "Coloring Books",
                "/browse/books/coloring-books/3920_582321_6907922_9561236_9744706"
            ],
            [
                "New Living Translation",
                "/browse/books/new-living-translation/3920_1987289_582374_9735184_9984392"
            ]
        ]
    },
    {
        "title": "The Enchanted Map Oracle Cards",
        "url": "https://www.walmart.com/ip/The-Enchanted-Map-Oracle-Cards-9781401927493/16414457",
        "price": "$16.84",
        "stars": "5.0",
        "ratings": "6 ",
        "img": "",
        "tags": [
            [
                "Tarot Cards & Books",
                "/browse/books/tarot-cards-books/3920_1987289_1946456"
            ],
            [
                "Astrology",
                "/browse/books/astrology/3920_1987289_5383544_2972093"
            ],
            [
                "Fortune Telling",
                "/browse/books/fortune-telling/3920_1987289_5383544_3227710_3826175"
            ],
            [
                "Gaia & Earth Engeries",
                "/browse/books/gaia-earth-engeries/3920_1987289_5383544_7222079"
            ],
            [
                "Energy",
                "/browse/books/energy/3920_1987289_5383544_5924535_7719662"
            ],
            [
                "General Fantasy Teen & Young Adult Books",
                "/browse/books/general-fantasy-teen-young-adult-books/3920_1068785_2702343_5743566_8079018"
            ],
            [
                "Angels & Spirit Guides",
                "/browse/books/angels-spirit-guides/3920_1987289_5383544_8555100"
            ],
            [
                "Spirituality",
                "/browse/books/spirituality/3920_1987289_582055_8803444"
            ]
        ]
    },
    {
        "title": "Jesus Calling(r): Jesus Calling: 365 Devotions for Kids (Hardcover)",
        "url": "https://www.walmart.com/ip/Jesus-Calling-r-Jesus-Calling-365-Devotions-for-Kids-Hardcover-9781400216765/959242814",
        "price": "$14.06",
        "stars": 0,
        "ratings": 0,
        "img": "",
        "tags": [
            [
                "Biblical Study Books for Kids",
                "/browse/books/biblical-study-books-for-kids/3920_582053_582578_2209739"
            ],
            [
                "Music Kids' Books",
                "/browse/books/music-kids-books/3920_582053_2270784_2377474"
            ],
            [
                "General Religion Books for Kids",
                "/browse/books/general-religion-books-for-kids/3920_582053_582578_3062663"
            ],
            [
                "General Christian Kids' Books",
                "/browse/books/general-christian-kids-books/3920_1987289_582374_1551209_5801529"
            ],
            [
                "Religious Kids' Books",
                "/browse/books/religious-kids-books/3920_582053_9228860_8185617"
            ],
            [
                "Biblical Reference Books for Kids",
                "/browse/books/biblical-reference-books-for-kids/3920_582053_582578_8427116"
            ],
            [
                "Devotional Prayer Christian Teen & Young Adult Books",
                "/browse/books/devotional-prayer-christian-teen-young-adult-books/3920_1068785_9401936_6304817_8507597"
            ]
        ]
    },
    {
        "title": "Berenstain Bears/Living Lights: A Faith Story: The Berenstain Bears Classic Collection (Paperback)",
        "url": "https://www.walmart.com/ip/Berenstain-Bears-Living-Lights-A-Faith-Story-The-Berenstain-Bears-Classic-Collection-Paperback-9780310761648/54214887",
        "price": "$21.73",
        "stars": "4.0",
        "ratings": "3 ",
        "img": "",
        "tags": [
            [
                "Classic Kids' Books",
                "/browse/books/classic-kids-books/3920_582053_1106632"
            ],
            [
                "Read Across America",
                "/browse/books/read-across-america/3920_582053_5445825"
            ],
            [
                "General Family Concept Kids' Books",
                "/browse/books/general-family-concept-kids-books/3920_582053_585918_5653236"
            ],
            [
                "General Christian Kids' Books",
                "/browse/books/general-christian-kids-books/3920_1987289_582374_1551209_5801529"
            ],
            [
                "Beginner Reading Kids' Books",
                "/browse/books/beginner-reading-kids-books/3920_582053_1106635_8429344"
            ],
            [
                "Early Readers Christian Kids' Books",
                "/browse/books/early-readers-christian-kids-books/3920_1987289_582374_1551209_8814420"
            ],
            [
                "Dr. Seuss",
                "/browse/books/dr-seuss/3920_582053_9858324"
            ]
        ]
    },
    {
        "title": "Gift and Award Bible-ESV (Other)",
        "url": "https://www.walmart.com/ip/Gift-and-Award-Bible-ESV-Other-9781581343755/8005419",
        "price": "$7.14",
        "stars": "5.0",
        "ratings": "8 ",
        "img": "",
        "tags": [
            [
                "Children & Youth",
                "/browse/books/children-youth/3920_1987289_582374_4864457_1591940"
            ],
            [
                "Historical Geography Books",
                "/browse/books/historical-geography-books/3920_582331_3004687"
            ],
            [
                "Evangelism",
                "/browse/books/evangelism/3920_1987289_582374_8889295_4053328"
            ],
            [
                "New American Standard Bible",
                "/browse/books/new-american-standard-bible/3920_1987289_582374_9735184_4193230"
            ],
            [
                "New International Version",
                "/browse/books/new-international-version/3920_1987289_582374_9735184_7744007"
            ],
            [
                "King James Version",
                "/browse/books/king-james-version/3920_1987289_582374_9735184_8736310"
            ],
            [
                "New Living Translation",
                "/browse/books/new-living-translation/3920_1987289_582374_9735184_9984392"
            ]
        ]
    },
    {
        "title": "ESV Economy Bible",
        "url": "https://www.walmart.com/ip/ESV-Economy-Bible-9781433558276/55678816",
        "price": "$2.99",
        "stars": 0,
        "ratings": 0,
        "img": "",
        "tags": [
            [
                "Spiritual Growth",
                "/browse/books/spiritual-growth/3920_1987289_582374_8324310_1480379"
            ],
            [
                "Evangelism",
                "/browse/books/evangelism/3920_1987289_582374_8889295_4053328"
            ],
            [
                "New American Standard Bible",
                "/browse/books/new-american-standard-bible/3920_1987289_582374_9735184_4193230"
            ],
            [
                "New King James Version",
                "/browse/books/new-king-james-version/3920_1987289_582374_9735184_5031088"
            ],
            [
                "Youth",
                "/browse/books/youth/3920_1987289_582374_8889295_6841772"
            ],
            [
                "New International Version",
                "/browse/books/new-international-version/3920_1987289_582374_9735184_7744007"
            ],
            [
                "King James Version",
                "/browse/books/king-james-version/3920_1987289_582374_9735184_8736310"
            ],
            [
                "New Living Translation",
                "/browse/books/new-living-translation/3920_1987289_582374_9735184_9984392"
            ]
        ]
    },
    {
        "title": "Jesus Calling: Enjoying Peace in His Presence",
        "url": "https://www.walmart.com/ip/Jesus-Calling-Enjoying-Peace-in-His-Presence-9780718042820/45843954",
        "price": "$12.35",
        "stars": "4.4",
        "ratings": "19 ",
        "img": "",
        "tags": [
            [
                "Spiritual Growth",
                "/browse/books/spiritual-growth/3920_1987289_582374_8324310_1480379"
            ],
            [
                "Adult Non-Fiction Top 100",
                "/browse/books/adult-non-fiction-top-100/3920_1057224_3049267"
            ],
            [
                "Devotional",
                "/browse/books/devotional/3920_1987289_582055_4843264"
            ],
            [
                "Mother's Day Gift Guide Books",
                "/browse/books/mothers-day-gift-guide-books/3920_7458265_5685062"
            ],
            [
                "General Christian Kids' Books",
                "/browse/books/general-christian-kids-books/3920_1987289_582374_1551209_5801529"
            ],
            [
                "Christmas & Advent",
                "/browse/books/christmas-advent/3920_1987289_582055_6154069_7363568"
            ],
            [
                "Meditations",
                "/browse/books/meditations/3920_1987289_582055_7627073"
            ]
        ]
    },
    {
        "title": "Oracle of the Mermaids",
        "url": "https://www.walmart.com/ip/Oracle-of-the-Mermaids-9781922161031/203962177",
        "price": "$18.88",
        "stars": "5.0",
        "ratings": "1 ",
        "img": "i5.walmartimages.com/asr/5d6f1d8c-2fd1-4352-b473-1a66e8ac477a_1.4bc472af0349e6cd5b0f6c572c13560a.jpeg?odnWidth=612&odnHeight=612&odnBg=ffffff",
        "tags": [
            [
                "Astrology",
                "/browse/books/astrology/3920_1987289_5383544_2972093"
            ],
            [
                "New Thought",
                "/browse/books/new-thought/3920_1987289_5383544_3156130"
            ],
            [
                "Fortune Telling",
                "/browse/books/fortune-telling/3920_1987289_5383544_3227710_3826175"
            ],
            [
                "General Self-Help Books",
                "/browse/books/general-self-help-books/3920_5642757_4404259"
            ],
            [
                "Motivational & Inspirational Self-Help Books",
                "/browse/books/motivational-inspirational-self-help-books/3920_5642757_5080634"
            ],
            [
                "Mysticism",
                "/browse/books/mysticism/3920_1987289_5383544_6729519"
            ],
            [
                "Gaia & Earth Engeries",
                "/browse/books/gaia-earth-engeries/3920_1987289_5383544_7222079"
            ],
            [
                "Angels & Spirit Guides",
                "/browse/books/angels-spirit-guides/3920_1987289_5383544_8555100"
            ]
        ]
    }
]