[
    {
        "title": "Unknown Ajax, The",
        "url": "https://www.walmart.com/ip/Unknown-Ajax-The-9781402238826/16216487",
        "price": "$15.02",
        "stars": "4.1",
        "ratings": "23 ",
        "img": "",
        "tags": [
            [
                "Fantasy Manga",
                "/browse/books/fantasy-manga/3920_1095293_1095294_6504164_2634937"
            ],
            [
                "Contemporary Romance Books",
                "/browse/books/contemporary-romance-books/3920_582105_582052_582611"
            ],
            [
                "General Romance Books",
                "/browse/books/general-romance-books/3920_582105_582052_582613"
            ],
            [
                "Historical Fiction Novels",
                "/browse/books/historical-fiction-novels/3920_582105_9435716_584298"
            ],
            [
                "African American Romance Books",
                "/browse/books/african-american-romance-books/3920_582105_582052_586147"
            ],
            [
                "General Erotica Books",
                "/browse/books/general-erotica-books/3920_582105_582052_5080993_7761014"
            ],
            [
                "Action & Adventure Romance Books",
                "/browse/books/action-adventure-romance-books/3920_582105_582052_8143897"
            ],
            [
                "Adult Fiction Top 100",
                "/browse/books/adult-fiction-top-100/3920_1057224_9885630"
            ]
        ]
    },
    {
        "title": "Be Afraid",
        "url": "https://www.walmart.com/ip/Be-Afraid-9781420132137/42415173",
        "price": "$8.42",
        "stars": "5.0",
        "ratings": "2 ",
        "img": "i5.walmartimages.com/asr/022ee25f-fbaf-4312-ad99-c785b9189ed7_1.2609784fb49dfca3ce2839b2da02dc06.jpeg?odnWidth=612&odnHeight=612&odnBg=ffffff",
        "tags": [
            [
                "General Thriller & Suspense Books",
                "/browse/books/general-thriller-suspense-books/3920_582105_9435716_586706_586718_1367237"
            ],
            [
                "Crime Thriller Books",
                "/browse/books/crime-thriller-books/3920_582105_9435716_586706_586718_2676129"
            ],
            [
                "Suspense Romance Books",
                "/browse/books/suspense-romance-books/3920_582105_582052_586193"
            ],
            [
                "Suspense Books",
                "/browse/books/suspense-books/3920_582105_9435716_586706_586718_7642795"
            ],
            [
                "Crime Mystery & Detective Books",
                "/browse/books/crime-mystery-detective-books/3920_582105_9435716_586706_3971473_9725060"
            ],
            [
                "Adult Fiction Top 100",
                "/browse/books/adult-fiction-top-100/3920_1057224_9885630"
            ]
        ]
    },
    {
        "title": "Innkeeper Chronicles: Sweep with Me (Paperback)",
        "url": "https://www.walmart.com/ip/Innkeeper-Chronicles-Sweep-with-Me-Paperback-9781641971379/762377617",
        "price": "$11.87",
        "stars": 0,
        "ratings": 0,
        "img": "",
        "tags": [
            [
                "Dating",
                "/browse/books/dating/3920_5642757_6055772_5221030"
            ],
            [
                "Contemporary Romance Books",
                "/browse/books/contemporary-romance-books/3920_582105_582052_582611"
            ],
            [
                "General Romance Books",
                "/browse/books/general-romance-books/3920_582105_582052_582613"
            ],
            [
                "Paranormal Romance Books",
                "/browse/books/paranormal-romance-books/3920_582105_582052_582615"
            ],
            [
                "Historical Fiction Novels",
                "/browse/books/historical-fiction-novels/3920_582105_9435716_584298"
            ],
            [
                "Historical Fantasy Books",
                "/browse/books/historical-fantasy-books/3920_582105_9435716_586163_586162_586690"
            ],
            [
                "Science Fiction Romance Books",
                "/browse/books/science-fiction-romance-books/3920_582105_582052_6575597"
            ],
            [
                "Romantic Fantasy Books",
                "/browse/books/romantic-fantasy-books/3920_582105_9435716_586163_586162_9129210"
            ]
        ]
    },
    {
        "title": "Tom Clancy's Op-Center: Sting of the Wasp : A Novel",
        "url": "https://www.walmart.com/ip/Tom-Clancy-s-Op-Center-Sting-of-the-Wasp-A-Novel-9781250183026/959937822",
        "price": "$5.49",
        "stars": 0,
        "ratings": 0,
        "img": "",
        "tags": [
            [
                "War & Military Novels",
                "/browse/books/war-military-novels/3920_582105_9435716_1811458"
            ],
            [
                "Espionage Thriller Books",
                "/browse/books/espionage-thriller-books/3920_582105_9435716_586706_586718_4078017"
            ],
            [
                "Action & Adventure Novels",
                "/browse/books/action-adventure-novels/3920_582105_9435716_583290"
            ],
            [
                "Suspense Romance Books",
                "/browse/books/suspense-romance-books/3920_582105_582052_586193"
            ],
            [
                "Beach Reads",
                "/browse/books/beach-reads/3920_6726310_6241069"
            ],
            [
                "NBA Books",
                "/browse/books/nba-books/3920_8924365_6632074"
            ],
            [
                "Mother's Day Literature & Fiction Books",
                "/browse/books/mothers-day-literature-fiction-books/3920_7458265_8021836"
            ],
            [
                "Political Thriller Books",
                "/browse/books/political-thriller-books/3920_582105_9435716_586706_586718_8995213"
            ]
        ]
    },
    {
        "title": "The Poisonwood Bible (Paperback)",
        "url": "https://www.walmart.com/ip/The-Poisonwood-Bible-Paperback-9780062213709/833192659",
        "price": "$19.06",
        "stars": "4.4",
        "ratings": "252 ",
        "img": "",
        "tags": [
            [
                "Women's History Month Fiction",
                "/browse/books/womens-history-month-fiction/3920_4883891_2070999"
            ],
            [
                "Classic Novels",
                "/browse/books/classic-novels/3920_582105_9435716_584294"
            ],
            [
                "General Fiction Books",
                "/browse/books/general-fiction-books/3920_582105_9435716_584297"
            ],
            [
                "Historical Fiction Novels",
                "/browse/books/historical-fiction-novels/3920_582105_9435716_584298"
            ],
            [
                "Beach Reads",
                "/browse/books/beach-reads/3920_6726310_6241069"
            ],
            [
                "Contemporary Women Novels",
                "/browse/books/contemporary-women-novels/3920_582105_9435716_632159"
            ],
            [
                "Adult Fiction Top 100",
                "/browse/books/adult-fiction-top-100/3920_1057224_9885630"
            ]
        ]
    },
    {
        "title": "Royal Wedding, 3: A Princess by Christmas (Paperback)",
        "url": "https://www.walmart.com/ip/Royal-Wedding-3-A-Princess-by-Christmas-Paperback-9781335080615/487860836",
        "price": "$7.48",
        "stars": 0,
        "ratings": 0,
        "img": "",
        "tags": [
            [
                "Fantasy Manga",
                "/browse/books/fantasy-manga/3920_1095293_1095294_6504164_2634937"
            ],
            [
                "Contemporary Romance Books",
                "/browse/books/contemporary-romance-books/3920_582105_582052_582611"
            ],
            [
                "General Romance Books",
                "/browse/books/general-romance-books/3920_582105_582052_582613"
            ],
            [
                "Historical Fiction Novels",
                "/browse/books/historical-fiction-novels/3920_582105_9435716_584298"
            ],
            [
                "African American Romance Books",
                "/browse/books/african-american-romance-books/3920_582105_582052_586147"
            ],
            [
                "General Erotica Books",
                "/browse/books/general-erotica-books/3920_582105_582052_5080993_7761014"
            ],
            [
                "Action & Adventure Romance Books",
                "/browse/books/action-adventure-romance-books/3920_582105_582052_8143897"
            ],
            [
                "Adult Fiction Top 100",
                "/browse/books/adult-fiction-top-100/3920_1057224_9885630"
            ]
        ]
    },
    {
        "title": "Mood Boards for Women: able is she (Paperback)",
        "url": "https://www.walmart.com/ip/Mood-Boards-for-Women-able-is-she-Paperback-9781081161576/923193781",
        "price": "$8.90",
        "stars": 0,
        "ratings": 0,
        "img": "i5.walmartimages.com/asr/c329ef8e-9bc2-4fa9-8977-97c5840db149_1.e1c2f3e840bf41174b13e512805bc122.jpeg?odnWidth=612&odnHeight=612&odnBg=ffffff",
        "tags": [
            [
                "Dragons, Unicorns & Mythical Creatures Kids' Books",
                "/browse/books/dragons-unicorns-mythical-creatures-kids-books/3920_582053_584177_2122790"
            ],
            [
                "Literary Collections - American",
                "/browse/books/literary-collections-american/3920_582105_1393947_3427022"
            ],
            [
                "General Poetry Books",
                "/browse/books/general-poetry-books/3920_582105_9408377_4436855"
            ],
            [
                "Love & Erotica Poetry Books",
                "/browse/books/love-erotica-poetry-books/3920_582105_9408377_5516974_4764550"
            ],
            [
                "Inspirational & Religious Poetry Books",
                "/browse/books/inspirational-religious-poetry-books/3920_582105_9408377_5516974_5247368"
            ],
            [
                "Literary Collections - Letters",
                "/browse/books/literary-collections-letters/3920_582105_1393947_5282961"
            ],
            [
                "Mother's Day Literature & Fiction Books",
                "/browse/books/mothers-day-literature-fiction-books/3920_7458265_8021836"
            ],
            [
                "Poetry Books by Female Poets",
                "/browse/books/poetry-books-by-female-poets/3920_582105_9408377_8732025"
            ]
        ]
    },
    {
        "title": "Santa Monica (Paperback)",
        "url": "https://www.walmart.com/ip/Santa-Monica-Paperback-9780063018440/368825741",
        "price": "$13.49",
        "stars": 0,
        "ratings": 0,
        "img": "",
        "tags": []
    },
    {
        "title": "Step Into Reading: Welcome to Camp! (Jurassic World: Camp Cretaceous) (Paperback)",
        "url": "https://www.walmart.com/ip/Step-Into-Reading-Welcome-to-Camp-Jurassic-World-Camp-Cretaceous-Paperback-9780593303351/233563036",
        "price": "$5.69",
        "stars": 0,
        "ratings": 0,
        "img": "",
        "tags": [
            [
                "General Thriller & Suspense Books",
                "/browse/books/general-thriller-suspense-books/3920_582105_9435716_586706_586718_1367237"
            ],
            [
                "Comic-Con Books",
                "/browse/comic-con-books/3920_2196908"
            ],
            [
                "Dinosaurs & Prehistoric Creatures Kids' Books",
                "/browse/books/dinosaurs-prehistoric-creatures-kids-books/3920_582053_584177_585916"
            ],
            [
                "Action & Adventure Science Fiction Books",
                "/browse/books/action-adventure-science-fiction-books/3920_582105_9435716_586163_1469104_586694"
            ],
            [
                "Toys, Dolls & Puppet Kids' Books",
                "/browse/books/toys-dolls-puppet-kids-books/3920_582053_6012294"
            ],
            [
                "Media Tie-In Teen & Young Adult Books",
                "/browse/books/media-tie-in-teen-young-adult-books/3920_1068785_9523887"
            ],
            [
                "Jurassic World Books",
                "/browse/books/jurassic-world-books/3920_582105_9435716_586163_9850164"
            ]
        ]
    },
    {
        "title": "The Fortunate Ones : Beautiful and heartbreaking World War 2 historical fiction (Paperback)",
        "url": "https://www.walmart.com/ip/The-Fortunate-Ones-Beautiful-and-heartbreaking-World-War-2-historical-fiction-Paperback-9781838881184/662922033",
        "price": "$13.38",
        "stars": 0,
        "ratings": 0,
        "img": "i5.walmartimages.com/asr/7e87cbcb-6be0-4b37-9fe7-4e21e2c33b91_1.f6a2979cf61fceae96f7ace7a515d5b4.jpeg?odnWidth=612&odnHeight=612&odnBg=ffffff",
        "tags": [
            [
                "Fantasy Manga",
                "/browse/books/fantasy-manga/3920_1095293_1095294_6504164_2634937"
            ],
            [
                "Contemporary Romance Books",
                "/browse/books/contemporary-romance-books/3920_582105_582052_582611"
            ],
            [
                "General Romance Books",
                "/browse/books/general-romance-books/3920_582105_582052_582613"
            ],
            [
                "Historical Fiction Novels",
                "/browse/books/historical-fiction-novels/3920_582105_9435716_584298"
            ],
            [
                "African American Romance Books",
                "/browse/books/african-american-romance-books/3920_582105_582052_586147"
            ],
            [
                "General Erotica Books",
                "/browse/books/general-erotica-books/3920_582105_582052_5080993_7761014"
            ],
            [
                "Action & Adventure Romance Books",
                "/browse/books/action-adventure-romance-books/3920_582105_582052_8143897"
            ],
            [
                "Adult Fiction Top 100",
                "/browse/books/adult-fiction-top-100/3920_1057224_9885630"
            ]
        ]
    }
]