[
    {
        "title": "Walter Foster Lettering with Purpose",
        "url": "https://www.walmart.com/ip/Walter-Foster-Lettering-with-Purpose/55959766",
        "price": "$8.67",
        "stars": 0,
        "ratings": 0,
        "img": "i5.walmartimages.com/asr/2052d731-c7f7-482f-bbd5-ae889c0e3b05_1.f3a3b552f6c7e0111aea7fe802ac6b32.jpeg?odnWidth=612&odnHeight=612&odnBg=ffffff",
        "tags": [
            [
                "Pen & Ink Drawing Books",
                "/browse/books/pen-ink-drawing-books/3920_582321_6907922_9561236_1652990"
            ],
            [
                "Calligraphy Books",
                "/browse/books/calligraphy-books/3920_582321_6907922_9561236_4528396"
            ],
            [
                "Painting Crafts & Hobbies Books",
                "/browse/books/painting-crafts-hobbies-books/3920_582361_5456840"
            ],
            [
                "Human Figure Art Books",
                "/browse/books/human-figure-art-books/3920_582321_6907922_9682242_7841785"
            ],
            [
                "Painting Books",
                "/browse/books/painting-books/3920_582321_6907922_9561236_8457553"
            ],
            [
                "Drawing Books",
                "/browse/books/drawing-books/3920_582321_6907922_9561236_8554153"
            ],
            [
                "Mixed Media Crafts & Hobbies Books",
                "/browse/books/mixed-media-crafts-hobbies-books/3920_582361_8980509"
            ],
            [
                "Coloring Books",
                "/browse/books/coloring-books/3920_582321_6907922_9561236_9744706"
            ]
        ]
    },
    {
        "title": "The Art of 3D Drawing (Paperback)",
        "url": "https://www.walmart.com/ip/The-Art-of-3D-Drawing-Paperback-9781633221710/52702753",
        "price": "$8.99",
        "stars": 0,
        "ratings": 0,
        "img": "",
        "tags": [
            [
                "Pen & Ink Drawing Books",
                "/browse/books/pen-ink-drawing-books/3920_582321_6907922_9561236_1652990"
            ],
            [
                "Life Drawing Books",
                "/browse/books/life-drawing-books/3920_582321_6907922_9561236_3363750"
            ],
            [
                "Cartooning Books",
                "/browse/books/cartooning-books/3920_582321_6907922_9561236_5124655"
            ],
            [
                "Landscapes & Seascapes Art Books",
                "/browse/books/landscapes-seascapes-art-books/3920_582321_6907922_9682242_6204099"
            ],
            [
                "Drawing Kids' Books",
                "/browse/books/drawing-kids-books/3920_582053_582564_6698366"
            ],
            [
                "Drawing Books",
                "/browse/books/drawing-books/3920_582321_6907922_9561236_8554153"
            ],
            [
                "Illustration Books",
                "/browse/books/illustration-books/3920_582321_9365291_2572982_9110114"
            ]
        ]
    },
    {
        "title": "How to Draw (Search Press): How to Draw: Cats (Paperback)",
        "url": "https://www.walmart.com/ip/How-to-Draw-Search-Press-How-to-Draw-Cats-Paperback-9781844483693/10785434",
        "price": "$9.95",
        "stars": 0,
        "ratings": 0,
        "img": "",
        "tags": [
            [
                "Teens' Wall Decor",
                "/browse/home/teens-wall-decor/4044_1156136_1156152_1157382"
            ],
            [
                "Dorm Study Essentials",
                "/browse/home/dorm-study-essentials/4044_1225301_1225229_8079634_1921657"
            ],
            [
                "Better Homes & Gardens Decor",
                "/browse/home/better-homes-gardens-decor/4044_133012_2786769"
            ],
            [
                "Farmhouse Decor",
                "/browse/home/farmhouse-decor/4044_9389313_6099882_4356478"
            ],
            [
                "Clocks",
                "/browse/home/clocks/4044_133012_642059"
            ],
            [
                "Picture Frames",
                "/browse/home/picture-frames/4044_133012_672579"
            ],
            [
                "Shop All Fall Decor",
                "/browse/home/shop-all-fall-decor/4044_2634414_9573311_6851606"
            ],
            [
                "Wall Mirrors",
                "/browse/home/wall-mirrors/4044_133012_7256585_6957279"
            ]
        ]
    },
    {
        "title": "Notebook for Anna Magdalena Bach (Paperback)",
        "url": "https://www.walmart.com/ip/Notebook-for-Anna-Magdalena-Bach-Paperback-9780757905056/29327468",
        "price": "$12.95",
        "stars": 0,
        "ratings": 0,
        "img": "",
        "tags": [
            [
                "Orchestral Strings",
                "/browse/musical-instruments/orchestral-strings/7796869_3983498_3933845_1097967"
            ],
            [
                "All Woodwind Instruments",
                "/browse/musical-instruments/all-woodwind-instruments/7796869_3983498_9087652_1141074"
            ],
            [
                "Basic Violins",
                "/browse/musical-instruments/basic-violins/7796869_3983498_3933845_7826142_1336625"
            ],
            [
                "All Musical Instrument Accessories",
                "/browse/musical-instruments/all-musical-instrument-accessories/7796869_6171829_3297174"
            ],
            [
                "Guitar Pickups",
                "/browse/musical-instruments/guitar-pickups/7796869_6171829_6548527_4923424"
            ],
            [
                "Pianos",
                "/browse/musical-instruments/pianos/7796869_7773339_5652647"
            ],
            [
                "Shop Piano Keyboards by Size",
                "/browse/musical-instruments/shop-piano-keyboards-by-size/7796869_1128453_3376388_6600975"
            ]
        ]
    },
    {
        "title": "Willie Nelson - Guitar Chord Songbook",
        "url": "https://www.walmart.com/ip/Willie-Nelson-Guitar-Chord-Songbook-9781495028793/51796120",
        "price": "$14.61",
        "stars": 0,
        "ratings": 0,
        "img": "",
        "tags": [
            [
                "Orchestral Strings",
                "/browse/musical-instruments/orchestral-strings/7796869_3983498_3933845_1097967"
            ],
            [
                "All Woodwind Instruments",
                "/browse/musical-instruments/all-woodwind-instruments/7796869_3983498_9087652_1141074"
            ],
            [
                "Basic Violins",
                "/browse/musical-instruments/basic-violins/7796869_3983498_3933845_7826142_1336625"
            ],
            [
                "All Musical Instrument Accessories",
                "/browse/musical-instruments/all-musical-instrument-accessories/7796869_6171829_3297174"
            ],
            [
                "Guitar Pickups",
                "/browse/musical-instruments/guitar-pickups/7796869_6171829_6548527_4923424"
            ],
            [
                "Pianos",
                "/browse/musical-instruments/pianos/7796869_7773339_5652647"
            ],
            [
                "Shop Piano Keyboards by Size",
                "/browse/musical-instruments/shop-piano-keyboards-by-size/7796869_1128453_3376388_6600975"
            ]
        ]
    },
    {
        "title": "Thomas Kinkade Gardens of Grace with Scripture 2021 Wall Calendar",
        "url": "https://www.walmart.com/ip/Thomas-Kinkade-Gardens-of-Grace-with-Scripture-2021-Wall-Calendar-9781524856007/156637537",
        "price": "$13.49",
        "stars": 0,
        "ratings": 0,
        "img": "",
        "tags": [
            [
                "Plants & Animals Art Books",
                "/browse/books/plants-animals-art-books/3920_582321_6907922_9682242_1331853"
            ],
            [
                "European Art Books",
                "/browse/books/european-art-books/3920_582321_6907922_4378258"
            ],
            [
                "Prints Art Books",
                "/browse/books/prints-art-books/3920_582321_6907922_5218431"
            ],
            [
                "Religious Art Books",
                "/browse/books/religious-art-books/3920_582321_6907922_9682242_5982485"
            ],
            [
                "Landscapes & Seascapes Art Books",
                "/browse/books/landscapes-seascapes-art-books/3920_582321_6907922_9682242_6204099"
            ],
            [
                "Folk & Outsider Art Books",
                "/browse/books/folk-outsider-art-books/3920_582321_6907922_7290665"
            ],
            [
                "Popular Culture Art Books",
                "/browse/books/popular-culture-art-books/3920_582321_6907922_7436890"
            ],
            [
                "Artists, Architects & Photographers Biographies & Memoirs",
                "/browse/books/artists-architects-photographers-biographies-memoirs/3920_5196470_8238806"
            ]
        ]
    },
    {
        "title": "Draw 500 Things from Space : A Sketchbook for Artists, Designers, and Doodlers",
        "url": "https://www.walmart.com/ip/Draw-500-Things-from-Space-A-Sketchbook-for-Artists-Designers-and-Doodlers-9781631592560/51489360",
        "price": "$2.49",
        "stars": 0,
        "ratings": 0,
        "img": "",
        "tags": [
            [
                "Plants & Animals Art Books",
                "/browse/books/plants-animals-art-books/3920_582321_6907922_9682242_1331853"
            ],
            [
                "Pencil Drawing Books",
                "/browse/books/pencil-drawing-books/3920_582321_6907922_9561236_2232958"
            ],
            [
                "General Art Books",
                "/browse/books/general-art-books/3920_582321_6907922_2804335"
            ],
            [
                "Cartooning Books",
                "/browse/books/cartooning-books/3920_582321_6907922_9561236_5124655"
            ],
            [
                "Drawing Kids' Books",
                "/browse/books/drawing-kids-books/3920_582053_582564_6698366"
            ],
            [
                "Human Figure Art Books",
                "/browse/books/human-figure-art-books/3920_582321_6907922_9682242_7841785"
            ],
            [
                "Illustration Books",
                "/browse/books/illustration-books/3920_582321_9365291_2572982_9110114"
            ],
            [
                "General Crafts & Hobbies Books",
                "/browse/books/general-crafts-hobbies-books/3920_582361_9762077"
            ]
        ]
    },
    {
        "title": "The 101 Habits of Highly Successful Screenwriters, 10th Anniversary Edition : Insider Secrets from Hollywood's Top Writers",
        "url": "https://www.walmart.com/ip/The-101-Habits-of-Highly-Successful-Screenwriters-10th-Anniversary-Edition-Insider-Secrets-from-Hollywood-s-Top-Writers-9781440527890/16567565",
        "price": "$4.99",
        "stars": "4.0",
        "ratings": "1 ",
        "img": "",
        "tags": [
            [
                "Direction & Production Film Books",
                "/browse/books/direction-production-film-books/3920_582321_6572320_5808584_1958149"
            ],
            [
                "Science Fiction & Fantasy Film Books",
                "/browse/books/science-fiction-fantasy-film-books/3920_582321_6572320_5808584_5445179"
            ],
            [
                "Screenwriting for TV Books",
                "/browse/books/screenwriting-for-tv-books/3920_582321_6572320_6482205_5675066"
            ],
            [
                "Composition & Creative Writing Books",
                "/browse/books/composition-creative-writing-books/3920_8818538_5887355"
            ],
            [
                "Business Aspects Books",
                "/browse/books/business-aspects-books/3920_582321_6572320_6997527"
            ],
            [
                "Film Reference Books",
                "/browse/books/film-reference-books/3920_582321_6572320_5808584_8582473"
            ],
            [
                "Spirituality",
                "/browse/books/spirituality/3920_1987289_582055_8803444"
            ],
            [
                "Storytelling in Film Books",
                "/browse/books/storytelling-in-film-books/3920_582321_6572320_8925118"
            ]
        ]
    },
    {
        "title": "Paris Street; Rainy Day Notebook (Paperback)",
        "url": "https://www.walmart.com/ip/Paris-Street-Rainy-Day-Notebook-Paperback-9780486819426/799510219",
        "price": "$8.99",
        "stars": 0,
        "ratings": 0,
        "img": "i5.walmartimages.com/asr/e05a27a8-dba6-4a7e-94e0-c5c85573f5dd_1.65a8ec778bc080997213c7639e1f8935.jpeg?odnWidth=612&odnHeight=612&odnBg=ffffff",
        "tags": [
            [
                "Renaissance Art History Books",
                "/browse/books/renaissance-art-history-books/3920_582321_6907922_2433868_1774819"
            ],
            [
                "Tarot Cards & Books",
                "/browse/books/tarot-cards-books/3920_1987289_1946456"
            ],
            [
                "Collections, Catalogs & Exhibitions Art Books",
                "/browse/books/collections-catalogs-exhibitions-art-books/3920_582321_6907922_2568084"
            ],
            [
                "General Art Books",
                "/browse/books/general-art-books/3920_582321_6907922_2804335"
            ],
            [
                "Individual Artists Art Books",
                "/browse/books/individual-artists-art-books/3920_582321_6907922_5158962"
            ],
            [
                "Modern Art History Books",
                "/browse/books/modern-art-history-books/3920_582321_6907922_2433868_6014061"
            ],
            [
                "Baroque & Rococo Art History Books",
                "/browse/books/baroque-rococo-art-history-books/3920_582321_6907922_2433868_9176978"
            ],
            [
                "Criticism & Theory Art Books",
                "/browse/books/criticism-theory-art-books/3920_582321_6907922_9186024"
            ]
        ]
    },
    {
        "title": "Gustav Klimt Weekly Planner 2021 : Hope II Artistic Art Nouveau Daily Scheduler With January - December Year Calendar (12 Months) Beautiful Artsy Yellow Red & Gold Jugendstil Modern Art Monthly Agenda for Appointments, School, Office & Work (Paperback)",
        "url": "https://www.walmart.com/ip/Gustav-Klimt-Weekly-Planner-2021-Hope-II-Artistic-Art-Nouveau-Daily-Scheduler-With-January-December-Year-Calendar-12-Months-Beautiful-Artsy-Yellow-Re-9781970177367/198402269",
        "price": "$12.27",
        "stars": 0,
        "ratings": 0,
        "img": "",
        "tags": [
            [
                "Data Warehousing Books",
                "/browse/books/data-warehousing-books/3920_9724405_9561079_1837730"
            ],
            [
                "Life Drawing Books",
                "/browse/books/life-drawing-books/3920_582321_6907922_9561236_3363750"
            ],
            [
                "Computer Graphics Books",
                "/browse/books/computer-graphics-books/3920_9724405_3865411"
            ],
            [
                "Portraits Art Books",
                "/browse/books/portraits-art-books/3920_582321_6907922_9682242_4236923"
            ],
            [
                "Digital Photography Books",
                "/browse/books/digital-photography-books/3920_582321_5674104_3186433_4240312"
            ],
            [
                "Digital Art Books",
                "/browse/books/digital-art-books/3920_582321_6907922_6419505"
            ],
            [
                "Photography Books",
                "/browse/books/photography-books/3920_9724405_8417948_8330820"
            ],
            [
                "Drawing Books",
                "/browse/books/drawing-books/3920_582321_6907922_9561236_8554153"
            ]
        ]
    }
]