[
    {
        "title": "Sea Change",
        "url": "https://www.walmart.com/ip/Sea-Change-9780425214428/5054021",
        "price": "$9.99",
        "stars": "3.5",
        "ratings": "12 ",
        "img": "i5.walmartimages.com/asr/a28bb35b-0008-4f0c-a800-900fefb2f029_1.5db46743b4d1925c37e29d96a004f977.jpeg?odnWidth=612&odnHeight=612&odnBg=ffffff",
        "tags": [
            [
                "Psychological Thriller Books",
                "/browse/books/psychological-thriller-books/3920_582105_9435716_586706_586718_2227731"
            ],
            [
                "Police Procedural Books",
                "/browse/books/police-procedural-books/3920_582105_9435716_586706_3971473_586714"
            ],
            [
                "Suspense Books",
                "/browse/books/suspense-books/3920_582105_9435716_586706_586718_7642795"
            ],
            [
                "Private Investigator Books",
                "/browse/books/private-investigator-books/3920_582105_9435716_586706_3971473_8061189"
            ],
            [
                "Crime Mystery & Detective Books",
                "/browse/books/crime-mystery-detective-books/3920_582105_9435716_586706_3971473_9725060"
            ],
            [
                "Adult Fiction Top 100",
                "/browse/books/adult-fiction-top-100/3920_1057224_9885630"
            ]
        ]
    },
    {
        "title": "Death in Paradise",
        "url": "https://www.walmart.com/ip/Death-in-Paradise-9780425187067/1927334",
        "price": "$9.57",
        "stars": "3.6",
        "ratings": "11 ",
        "img": "i5.walmartimages.com/asr/2635c0e0-67bc-4377-b4c1-3f452dd85b54_1.4d4c932460692cf0f04c6e96c7cc0246.jpeg?odnWidth=612&odnHeight=612&odnBg=ffffff",
        "tags": [
            [
                "NHL Books",
                "/browse/books/nhl-books/3920_8924365_2371661"
            ],
            [
                "Crime Thriller Books",
                "/browse/books/crime-thriller-books/3920_582105_9435716_586706_586718_2676129"
            ],
            [
                "Hard-Boiled Mystery Books",
                "/browse/books/hard-boiled-mystery-books/3920_582105_9435716_586706_3971473_586711"
            ],
            [
                "Historical Mystery Books",
                "/browse/books/historical-mystery-books/3920_582105_9435716_586706_3971473_586712"
            ],
            [
                "Traditional Mystery & Detective Books",
                "/browse/books/traditional-mystery-detective-books/3920_582105_9435716_586706_3971473_586719"
            ],
            [
                "Cozy Mystery Books",
                "/browse/books/cozy-mystery-books/3920_582105_9435716_586706_3971473_6761658"
            ],
            [
                "Suspense Books",
                "/browse/books/suspense-books/3920_582105_9435716_586706_586718_7642795"
            ]
        ]
    },
    {
        "title": "The Hill of the Ravens (Paperback)",
        "url": "https://www.walmart.com/ip/The-Hill-of-the-Ravens-9781410765604/53300763",
        "price": "$27.99",
        "stars": 0,
        "ratings": 0,
        "img": "",
        "tags": [
            [
                "Women's History Month Fiction",
                "/browse/books/womens-history-month-fiction/3920_4883891_2070999"
            ],
            [
                "Classic Novels",
                "/browse/books/classic-novels/3920_582105_9435716_584294"
            ],
            [
                "General Fiction Books",
                "/browse/books/general-fiction-books/3920_582105_9435716_584297"
            ],
            [
                "Historical Fiction Novels",
                "/browse/books/historical-fiction-novels/3920_582105_9435716_584298"
            ],
            [
                "Beach Reads",
                "/browse/books/beach-reads/3920_6726310_6241069"
            ],
            [
                "Contemporary Women Novels",
                "/browse/books/contemporary-women-novels/3920_582105_9435716_632159"
            ],
            [
                "Adult Fiction Top 100",
                "/browse/books/adult-fiction-top-100/3920_1057224_9885630"
            ]
        ]
    },
    {
        "title": "Not Easily Broken : A Novel",
        "url": "https://www.walmart.com/ip/Not-Easily-Broken-A-Novel-9780446693844/5796855",
        "price": "$16.10",
        "stars": 0,
        "ratings": 0,
        "img": "",
        "tags": [
            [
                "General Romance Books",
                "/browse/books/general-romance-books/3920_582105_582052_582613"
            ],
            [
                "Literary Novels",
                "/browse/books/literary-novels/3920_582105_9435716_584303"
            ],
            [
                "Visionary & Metaphysical Novels",
                "/browse/books/visionary-metaphysical-novels/3920_582105_9435716_587193"
            ],
            [
                "Beach Reads",
                "/browse/books/beach-reads/3920_6726310_6241069"
            ],
            [
                "Contemporary Women Novels",
                "/browse/books/contemporary-women-novels/3920_582105_9435716_632159"
            ],
            [
                "Suspense Books",
                "/browse/books/suspense-books/3920_582105_9435716_586706_586718_7642795"
            ],
            [
                "Adult Fiction Top 100",
                "/browse/books/adult-fiction-top-100/3920_1057224_9885630"
            ]
        ]
    },
    {
        "title": "Wicked Appetite",
        "url": "https://www.walmart.com/ip/Wicked-Appetite-9781427226556/19532491",
        "price": "$9.57",
        "stars": "3.3",
        "ratings": "91 ",
        "img": "",
        "tags": [
            [
                "Fantasy Manga",
                "/browse/books/fantasy-manga/3920_1095293_1095294_6504164_2634937"
            ],
            [
                "Suspense Romance Books",
                "/browse/books/suspense-romance-books/3920_582105_582052_586193"
            ],
            [
                "General Mystery & Detective Books",
                "/browse/books/general-mystery-detective-books/3920_582105_9435716_586706_3971473_586710"
            ],
            [
                "Police Procedural Books",
                "/browse/books/police-procedural-books/3920_582105_9435716_586706_3971473_586714"
            ],
            [
                "Traditional Mystery & Detective Books",
                "/browse/books/traditional-mystery-detective-books/3920_582105_9435716_586706_3971473_586719"
            ],
            [
                "Cozy Mystery Books",
                "/browse/books/cozy-mystery-books/3920_582105_9435716_586706_3971473_6761658"
            ],
            [
                "Suspense Books",
                "/browse/books/suspense-books/3920_582105_9435716_586706_586718_7642795"
            ],
            [
                "Crime Mystery & Detective Books",
                "/browse/books/crime-mystery-detective-books/3920_582105_9435716_586706_3971473_9725060"
            ]
        ]
    },
    {
        "title": "Titus Crow, Volume 2 : The Clock of Dreams; Spawn of the Winds",
        "url": "https://www.walmart.com/ip/Titus-Crow-Volume-2-The-Clock-of-Dreams-Spawn-of-the-Winds-9780312868680/25678113",
        "price": "$18.50",
        "stars": 0,
        "ratings": 0,
        "img": "",
        "tags": [
            [
                "Occult & Supernatural Novels",
                "/browse/books/occult-supernatural-novels/3920_582105_9435716_2210595"
            ],
            [
                "Media Tie-In Novels",
                "/browse/books/media-tie-in-novels/3920_582105_9435716_584212"
            ],
            [
                "Supernatural Thriller Books",
                "/browse/books/supernatural-thriller-books/3920_582105_9435716_586706_586718_6097731"
            ],
            [
                "Suspense Books",
                "/browse/books/suspense-books/3920_582105_9435716_586706_586718_7642795"
            ],
            [
                "Mysteries, Thrillers & Suspense",
                "/browse/books/mysteries-thrillers-suspense/3920_4640285_8077069"
            ],
            [
                "Adult Fiction Top 100",
                "/browse/books/adult-fiction-top-100/3920_1057224_9885630"
            ]
        ]
    },
    {
        "title": "Compendio Del Manual De Urbanidad Y Buenas Maneras : Arreglado [por El Mismo] Para El Uso De Las Escuelas De Ambos Sexos... (Paperback)",
        "url": "https://www.walmart.com/ip/Compendio-Del-Manual-De-Urbanidad-Y-Buenas-Maneras-Arreglado-por-El-Mismo-Para-El-Uso-De-Las-Escuelas-De-Ambos-Sexos-Paperback-9780341601159/547563827",
        "price": "$26.52",
        "stars": 0,
        "ratings": 0,
        "img": "i5.walmartimages.com/asr/2817bb5b-6559-402f-95c0-0cc287725fd8_1.1629875c087849422d88c9563b471117.jpeg?odnWidth=612&odnHeight=612&odnBg=ffffff",
        "tags": [
            [
                "Channeling & Mediumship",
                "/browse/books/channeling-mediumship/3920_1987289_5383544_1832111"
            ],
            [
                "Midwest State & Local United States History Books",
                "/browse/books/midwest-state-local-united-states-history-books/3920_582331_583318_8751259_2590618"
            ],
            [
                "20th Century Modern History Books",
                "/browse/books/20th-century-modern-history-books/3920_582331_583312_4386810"
            ],
            [
                "English, Irish, Scottish & Welsh Poetry Books",
                "/browse/books/english-irish-scottish-welsh-poetry-books/3920_582105_9408377_7493871_6893755"
            ],
            [
                "Rhetoric Books",
                "/browse/books/rhetoric-books/3920_8818538_7714235"
            ],
            [
                "Circus Books",
                "/browse/books/circus-books/3920_582321_6572320_7949912"
            ],
            [
                "Ancient & Classical Philosophy Books",
                "/browse/books/ancient-classical-philosophy-books/3920_7051956_5755650_8089789"
            ],
            [
                "Medical Novels",
                "/browse/books/medical-novels/3920_582105_9435716_9990024"
            ]
        ]
    },
    {
        "title": "Gorean Saga: Outlaw of Gor (Paperback)",
        "url": "https://www.walmart.com/ip/Gorean-Saga-Outlaw-of-Gor-Paperback-9781497648487/42368533",
        "price": "$12.99",
        "stars": "3.5",
        "ratings": "2 ",
        "img": "",
        "tags": [
            [
                "Dark Fantasy Books",
                "/browse/books/dark-fantasy-books/3920_582105_9435716_586163_586162_2556875"
            ],
            [
                "Classic Novels",
                "/browse/books/classic-novels/3920_582105_9435716_584294"
            ],
            [
                "Epic Fantasy Books",
                "/browse/books/epic-fantasy-books/3920_582105_9435716_586163_586162_586688"
            ],
            [
                "General Fantasy Books",
                "/browse/books/general-fantasy-books/3920_582105_9435716_586163_586162_586689"
            ],
            [
                "Beach Reads",
                "/browse/books/beach-reads/3920_6726310_6241069"
            ],
            [
                "Contemporary Women Novels",
                "/browse/books/contemporary-women-novels/3920_582105_9435716_632159"
            ],
            [
                "Adult Fiction Top 100",
                "/browse/books/adult-fiction-top-100/3920_1057224_9885630"
            ]
        ]
    },
    {
        "title": "The Winter of My Love : An Unforeseen Pregnancy is Just the Beginning of Their Story",
        "url": "https://www.walmart.com/ip/The-Winter-of-My-Love-An-Unforeseen-Pregnancy-is-Just-the-Beginning-of-Their-Story-9781950453016/788885067",
        "price": "$13.28",
        "stars": 0,
        "ratings": 0,
        "img": "",
        "tags": [
            [
                "Small Town & Rural Novels",
                "/browse/books/small-town-rural-novels/3920_582105_9435716_4820292"
            ],
            [
                "Romance Collections & Anthologies",
                "/browse/books/romance-collections-anthologies/3920_582105_582052_582610"
            ],
            [
                "General Romance Books",
                "/browse/books/general-romance-books/3920_582105_582052_582613"
            ],
            [
                "Western Romance Books",
                "/browse/books/western-romance-books/3920_582105_582052_586194"
            ],
            [
                "Harlequin Contemporary Romance",
                "/browse/books/harlequin-contemporary-romance/3920_582105_582052_8816794_6054474"
            ],
            [
                "Contemporary Women Novels",
                "/browse/books/contemporary-women-novels/3920_582105_9435716_632159"
            ],
            [
                "Adult Fiction Top 100",
                "/browse/books/adult-fiction-top-100/3920_1057224_9885630"
            ]
        ]
    },
    {
        "title": "Perry Mason Mysteries: The Case of the Green-Eyed Sister (Series #4) (Paperback)",
        "url": "https://www.walmart.com/ip/Perry-Mason-Mysteries-The-Case-of-the-Green-Eyed-Sister-Series-4-Paperback-9781504061353/819633703",
        "price": "$17.99",
        "stars": 0,
        "ratings": 0,
        "img": "",
        "tags": [
            [
                "Women's History Month Fiction",
                "/browse/books/womens-history-month-fiction/3920_4883891_2070999"
            ],
            [
                "Mystery & Detective Collections & Anthologies",
                "/browse/books/mystery-detective-collections-anthologies/3920_582105_9435716_586706_3971473_586707"
            ],
            [
                "Historical Mystery Books",
                "/browse/books/historical-mystery-books/3920_582105_9435716_586706_3971473_586712"
            ],
            [
                "Books with Women Sleuths",
                "/browse/books/books-with-women-sleuths/3920_582105_9435716_586706_3971473_586720"
            ],
            [
                "Cozy Mystery Books",
                "/browse/books/cozy-mystery-books/3920_582105_9435716_586706_3971473_6761658"
            ],
            [
                "Private Investigator Books",
                "/browse/books/private-investigator-books/3920_582105_9435716_586706_3971473_8061189"
            ],
            [
                "International Mystery & Crime Books",
                "/browse/books/international-mystery-crime-books/3920_582105_9435716_586706_3971473_9057161"
            ],
            [
                "Crime Mystery & Detective Books",
                "/browse/books/crime-mystery-detective-books/3920_582105_9435716_586706_3971473_9725060"
            ]
        ]
    }
]