[
    {
        "title": "Disney Dreams Collection by Thomas Kinkade Studios: 2021 Wall Calendar",
        "url": "https://www.walmart.com/ip/Disney-Dreams-Collection-by-Thomas-Kinkade-Studios-2021-Wall-Calendar-9781524855949/353165089",
        "price": "$9.94",
        "stars": 0,
        "ratings": 0,
        "img": "",
        "tags": [
            [
                "Cross-Stitch Books",
                "/browse/books/cross-stitch-books/3920_582361_2256620_1367270"
            ],
            [
                "Children's TV Books",
                "/browse/books/childrens-tv-books/3920_582321_6572320_6482205_2071293"
            ],
            [
                "Pencil Drawing Books",
                "/browse/books/pencil-drawing-books/3920_582321_6907922_9561236_2232958"
            ],
            [
                "Comedy Film Books",
                "/browse/books/comedy-film-books/3920_582321_6572320_5808584_3502940"
            ],
            [
                "Individual Artists Art Books",
                "/browse/books/individual-artists-art-books/3920_582321_6907922_5158962"
            ],
            [
                "Media Tie-In Novels",
                "/browse/books/media-tie-in-novels/3920_582105_9435716_584212"
            ],
            [
                "General Crafts & Hobbies Books",
                "/browse/books/general-crafts-hobbies-books/3920_582361_9762077"
            ],
            [
                "Animation Books",
                "/browse/books/animation-books/3920_582321_6572320_9972228"
            ]
        ]
    },
    {
        "title": "John Thompson's Easiest Piano Course - Complete: 4-Book/Audio Boxed Set (Other)",
        "url": "https://www.walmart.com/ip/John-Thompson-s-Easiest-Piano-Course-Complete-4-Book-Audio-Boxed-Set-Other-9781423468226/10914277",
        "price": "$27.87",
        "stars": "5.0",
        "ratings": "2 ",
        "img": "",
        "tags": [
            [
                "Orchestral Strings",
                "/browse/musical-instruments/orchestral-strings/7796869_3983498_3933845_1097967"
            ],
            [
                "All Woodwind Instruments",
                "/browse/musical-instruments/all-woodwind-instruments/7796869_3983498_9087652_1141074"
            ],
            [
                "Basic Violins",
                "/browse/musical-instruments/basic-violins/7796869_3983498_3933845_7826142_1336625"
            ],
            [
                "All Musical Instrument Accessories",
                "/browse/musical-instruments/all-musical-instrument-accessories/7796869_6171829_3297174"
            ],
            [
                "Guitar Pickups",
                "/browse/musical-instruments/guitar-pickups/7796869_6171829_6548527_4923424"
            ],
            [
                "Pianos",
                "/browse/musical-instruments/pianos/7796869_7773339_5652647"
            ],
            [
                "Shop Piano Keyboards by Size",
                "/browse/musical-instruments/shop-piano-keyboards-by-size/7796869_1128453_3376388_6600975"
            ]
        ]
    },
    {
        "title": "Sketch Book: Notebook for Drawing, Writing, Painting, Sketching and Doodling, A Large 8.5\" x 11\" Sketchbook for Kids and Adults to Unleash Creativity, Exclusive Colorful Flowers Cover (Paperback)",
        "url": "https://www.walmart.com/ip/Sketch-Book-Notebook-Drawing-Writing-Painting-Sketching-Doodling-A-Large-8-5-x-11-Sketchbook-Kids-Adults-Unleash-Creativity-Exclusive-Colorful-Flower/399287149",
        "price": "$11.49",
        "stars": 0,
        "ratings": 0,
        "img": "",
        "tags": [
            [
                "Mixed Media Paper",
                "/browse/arts-crafts-sewing/mixed-media-paper/1334134_5899871_9677556_1680813"
            ],
            [
                "All Art Paper",
                "/browse/arts-crafts-sewing/all-art-paper/1334134_5899871_9677556_3514948"
            ],
            [
                "Art Sketchbooks and Paper",
                "/browse/arts-crafts-sewing/art-sketchbooks-paper/1334134_5899871_1350721_5138397"
            ],
            [
                "Watercolor Paper",
                "/browse/arts-crafts-sewing/watercolor-paper/1334134_5899871_9677556_5219140"
            ],
            [
                "Art Pencils",
                "/browse/arts-crafts-sewing/art-pencils/1334134_5899871_8703361_5658522"
            ],
            [
                "Art Sets",
                "/browse/arts-crafts-sewing/art-sets/1334134_5899871_7148292"
            ],
            [
                "Sketching Pencils",
                "/browse/arts-crafts-sewing/sketching-pencils/1334134_5899871_8703361_8944864"
            ],
            [
                "Drawing Paper",
                "/browse/arts-crafts-sewing/drawing-paper/1334134_5899871_9677556_9414248"
            ]
        ]
    },
    {
        "title": "Workbook to Accompany the Complete Musician: Workbook 1: Writing and Analysis (Paperback)",
        "url": "https://www.walmart.com/ip/Workbook-to-Accompany-the-Complete-Musician-Workbook-1-Writing-and-Analysis-Paperback-9780199347100/52896541",
        "price": "$67.37",
        "stars": 0,
        "ratings": 0,
        "img": "",
        "tags": [
            [
                "Orchestral Strings",
                "/browse/musical-instruments/orchestral-strings/7796869_3983498_3933845_1097967"
            ],
            [
                "All Woodwind Instruments",
                "/browse/musical-instruments/all-woodwind-instruments/7796869_3983498_9087652_1141074"
            ],
            [
                "Basic Violins",
                "/browse/musical-instruments/basic-violins/7796869_3983498_3933845_7826142_1336625"
            ],
            [
                "All Musical Instrument Accessories",
                "/browse/musical-instruments/all-musical-instrument-accessories/7796869_6171829_3297174"
            ],
            [
                "Guitar Pickups",
                "/browse/musical-instruments/guitar-pickups/7796869_6171829_6548527_4923424"
            ],
            [
                "Pianos",
                "/browse/musical-instruments/pianos/7796869_7773339_5652647"
            ],
            [
                "Shop Piano Keyboards by Size",
                "/browse/musical-instruments/shop-piano-keyboards-by-size/7796869_1128453_3376388_6600975"
            ]
        ]
    },
    {
        "title": "Level 3a - Technique & Artistry Book: Piano Adventures (Paperback)",
        "url": "https://www.walmart.com/ip/Level-3a-Technique-Artistry-Book-Piano-Adventures-Paperback-9781616771003/14149776",
        "price": "$7.35",
        "stars": 0,
        "ratings": 0,
        "img": "",
        "tags": [
            [
                "Orchestral Strings",
                "/browse/musical-instruments/orchestral-strings/7796869_3983498_3933845_1097967"
            ],
            [
                "All Woodwind Instruments",
                "/browse/musical-instruments/all-woodwind-instruments/7796869_3983498_9087652_1141074"
            ],
            [
                "Basic Violins",
                "/browse/musical-instruments/basic-violins/7796869_3983498_3933845_7826142_1336625"
            ],
            [
                "All Musical Instrument Accessories",
                "/browse/musical-instruments/all-musical-instrument-accessories/7796869_6171829_3297174"
            ],
            [
                "Guitar Pickups",
                "/browse/musical-instruments/guitar-pickups/7796869_6171829_6548527_4923424"
            ],
            [
                "Pianos",
                "/browse/musical-instruments/pianos/7796869_7773339_5652647"
            ],
            [
                "Shop Piano Keyboards by Size",
                "/browse/musical-instruments/shop-piano-keyboards-by-size/7796869_1128453_3376388_6600975"
            ]
        ]
    },
    {
        "title": "Disney Songs for Ukulele (Paperback)",
        "url": "https://www.walmart.com/ip/Disney-Songs-for-Ukulele-Paperback-9781423495604/15606762",
        "price": "$14.61",
        "stars": 0,
        "ratings": 0,
        "img": "",
        "tags": [
            [
                "Orchestral Strings",
                "/browse/musical-instruments/orchestral-strings/7796869_3983498_3933845_1097967"
            ],
            [
                "All Woodwind Instruments",
                "/browse/musical-instruments/all-woodwind-instruments/7796869_3983498_9087652_1141074"
            ],
            [
                "Basic Violins",
                "/browse/musical-instruments/basic-violins/7796869_3983498_3933845_7826142_1336625"
            ],
            [
                "All Musical Instrument Accessories",
                "/browse/musical-instruments/all-musical-instrument-accessories/7796869_6171829_3297174"
            ],
            [
                "Guitar Pickups",
                "/browse/musical-instruments/guitar-pickups/7796869_6171829_6548527_4923424"
            ],
            [
                "Pianos",
                "/browse/musical-instruments/pianos/7796869_7773339_5652647"
            ],
            [
                "Shop Piano Keyboards by Size",
                "/browse/musical-instruments/shop-piano-keyboards-by-size/7796869_1128453_3376388_6600975"
            ]
        ]
    },
    {
        "title": "Accelerated Piano Adventures for the Older Beginner: Technique & Artistry Book 2 (Paperback)",
        "url": "https://www.walmart.com/ip/Accelerated-Piano-Adventures-for-the-Older-Beginner-Technique-Artistry-Book-2-Paperback-9781616774219/14149804",
        "price": "$9.80",
        "stars": 0,
        "ratings": 0,
        "img": "",
        "tags": [
            [
                "Orchestral Strings",
                "/browse/musical-instruments/orchestral-strings/7796869_3983498_3933845_1097967"
            ],
            [
                "All Woodwind Instruments",
                "/browse/musical-instruments/all-woodwind-instruments/7796869_3983498_9087652_1141074"
            ],
            [
                "Basic Violins",
                "/browse/musical-instruments/basic-violins/7796869_3983498_3933845_7826142_1336625"
            ],
            [
                "All Musical Instrument Accessories",
                "/browse/musical-instruments/all-musical-instrument-accessories/7796869_6171829_3297174"
            ],
            [
                "Guitar Pickups",
                "/browse/musical-instruments/guitar-pickups/7796869_6171829_6548527_4923424"
            ],
            [
                "Pianos",
                "/browse/musical-instruments/pianos/7796869_7773339_5652647"
            ],
            [
                "Shop Piano Keyboards by Size",
                "/browse/musical-instruments/shop-piano-keyboards-by-size/7796869_1128453_3376388_6600975"
            ]
        ]
    },
    {
        "title": "I Heart Drawing: Marvelous Mermaids (Paperback)",
        "url": "https://www.walmart.com/ip/I-Heart-Drawing-Marvelous-Mermaids-Paperback-9781684620043/426687580",
        "price": "$19.29",
        "stars": 0,
        "ratings": 0,
        "img": "",
        "tags": [
            [
                "Calligraphy Books",
                "/browse/books/calligraphy-books/3920_582321_6907922_9561236_4528396"
            ],
            [
                "General Health & Healing Cookbooks",
                "/browse/books/general-health-healing-cookbooks/3920_3036003_2515404_5268267"
            ],
            [
                "Roald Dahl Books",
                "/browse/books/roald-dahl-books/3920_582053_6923299"
            ],
            [
                "Top 100 Cookbooks",
                "/browse/books/top-100-cookbooks/3920_3036003_7482600"
            ],
            [
                "Human Figure Art Books",
                "/browse/books/human-figure-art-books/3920_582321_6907922_9682242_7841785"
            ],
            [
                "Drawing Books",
                "/browse/books/drawing-books/3920_582321_6907922_9561236_8554153"
            ],
            [
                "Mixed Media Crafts & Hobbies Books",
                "/browse/books/mixed-media-crafts-hobbies-books/3920_582361_8980509"
            ],
            [
                "Coloring Books",
                "/browse/books/coloring-books/3920_582321_6907922_9561236_9744706"
            ]
        ]
    },
    {
        "title": "Power Rangers: Green Ranger Hardcover Ruled Journal",
        "url": "https://www.walmart.com/ip/Power-Rangers-Green-Ranger-Hardcover-Ruled-Journal-9781683831389/838582569",
        "price": "$15.79",
        "stars": 0,
        "ratings": 0,
        "img": "",
        "tags": [
            [
                "Thomas & Friends Shop All",
                "/browse/shop-by-tv-show/thomas-friends-shop-all/5984018_8546288_1844232"
            ],
            [
                "All PJ Masks",
                "/browse/shop-by-tv-show/all-pj-masks/5984018_9111407_1886273"
            ],
            [
                "Eleven",
                "/browse/shop-by-tv-show/eleven/5984018_2835529_4534932_3463472"
            ],
            [
                "All Rick and Morty",
                "/browse/shop-by-tv-show/all-rick-morty/5984018_3500039_5271910"
            ],
            [
                "Dragon Ball Clothing & Accessories",
                "/browse/shop-by-tv-show/dragon-ball-clothing-accessories/5984018_2951100_5286422"
            ],
            [
                "Power Rangers Movies & TV Shows",
                "/browse/shop-by-tv-show/power-rangers-movies-tv-shows/5984018_5987186_5728230"
            ],
            [
                "Shop All Dragon Ball",
                "/browse/shop-by-tv-show/shop-all-dragon-ball/5984018_2951100_7072403"
            ],
            [
                "All Puppy Dog Pals",
                "/browse/shop-by-tv-show/all-puppy-dog-pals/5984018_8672552_8586436"
            ]
        ]
    },
    {
        "title": "Color by Number for Adults : Guided Biblical Inspiration Adult Coloring Book, A Christian Coloring Book gift card alternative, Christian Religious Lessons Relaxing coloring book (Paperback)",
        "url": "https://www.walmart.com/ip/Color-Number-Adults-Guided-Biblical-Inspiration-Adult-Coloring-Book-A-Christian-Book-gift-card-alternative-Religious-Lessons-Relaxing-coloring-book-P-9781710254594/520186668",
        "price": "$13.36",
        "stars": "2.3",
        "ratings": "3 ",
        "img": "",
        "tags": [
            [
                "Conservation & Preservation Art Books",
                "/browse/books/conservation-preservation-art-books/3920_582321_6907922_1257058"
            ],
            [
                "Canadian Art Books",
                "/browse/books/canadian-art-books/3920_582321_6907922_1963882"
            ],
            [
                "Creativity Self-Help Books",
                "/browse/books/creativity-self-help-books/3920_5642757_2160430"
            ],
            [
                "General Art Books",
                "/browse/books/general-art-books/3920_582321_6907922_2804335"
            ],
            [
                "Puzzle Books",
                "/browse/books/puzzle-books/3920_582361_9999446_2894227"
            ],
            [
                "Birdwatching Guide Books",
                "/browse/books/birdwatching-guide-books/3920_8529612_4668181_5520589"
            ],
            [
                "Literary Collections - Diaries & Journals",
                "/browse/books/literary-collections-diaries-journals/3920_582105_1393947_7412999"
            ],
            [
                "General Crafts & Hobbies Books",
                "/browse/books/general-crafts-hobbies-books/3920_582361_9762077"
            ]
        ]
    }
]