[
    {
        "title": "Lower Your Taxes Big Time: Lower Your Taxes - Big Time! : Small Business Wealth Building and Tax Reduction Secrets from an IRS Insider (Edition 8) (Paperback)",
        "url": "https://www.walmart.com/ip/Lower-Your-Taxes-Big-Time-Time-Small-Business-Wealth-Building-Tax-Reduction-Secrets-IRS-Insider-Edition-8-Paperback-9781260143812/293301305",
        "price": "$18.74",
        "stars": 0,
        "ratings": 0,
        "img": "",
        "tags": [
            [
                "Home-Based Businesses Books",
                "/browse/books/home-based-businesses-books/3920_582349_3120736"
            ],
            [
                "New Business Enterprises Books",
                "/browse/books/new-business-enterprises-books/3920_582349_3312612"
            ],
            [
                "Corporate Law Books",
                "/browse/books/corporate-law-books/3920_1952589_3593416"
            ],
            [
                "Small Business Taxation Books",
                "/browse/books/small-business-taxation-books/3920_582349_2533393_5263533"
            ],
            [
                "Entrepreneurship Books",
                "/browse/books/entrepreneurship-books/3920_582349_5818477"
            ],
            [
                "Legal Practical Guides Books",
                "/browse/books/legal-practical-guides-books/3920_1952589_5856599"
            ],
            [
                "Business Law Books",
                "/browse/books/business-law-books/3920_582349_6115686"
            ],
            [
                "Business Development Books",
                "/browse/books/business-development-books/3920_582349_7428141_6202905"
            ]
        ]
    },
    {
        "title": "Utopia for Realists : How We Can Build the Ideal World",
        "url": "https://www.walmart.com/ip/Utopia-for-Realists-How-We-Can-Build-the-Ideal-World-9780316471893/55366196",
        "price": "$21.06",
        "stars": "4.5",
        "ratings": "4 ",
        "img": "i5.walmartimages.com/asr/7b212453-e1e0-4bfc-8121-8d214580ef26.ee61b2c86460e436c39e75f39f4c6584.jpeg?odnWidth=612&odnHeight=612&odnBg=ffffff",
        "tags": [
            [
                "Emigration & Immigration Books",
                "/browse/books/emigration-immigration-books/3920_2761424_8176770_1766997"
            ],
            [
                "Bonds Investments & Securities Books",
                "/browse/books/bonds-investments-securities-books/3920_582349_4859694_3042803"
            ],
            [
                "General International Business & Money Books",
                "/browse/books/general-international-business-money-books/3920_582349_8927224_3686766"
            ],
            [
                "Labor Business & Money Books",
                "/browse/books/labor-business-money-books/3920_582349_4769409"
            ],
            [
                "Economic Development Books",
                "/browse/books/economic-development-books/3920_582349_7428141_5263905"
            ],
            [
                "Poverty & Homelessness Books",
                "/browse/books/poverty-homelessness-books/3920_2761424_8176770_7158882"
            ],
            [
                "International Economics Books",
                "/browse/books/international-economics-books/3920_582349_8927224_8047653"
            ],
            [
                "Economic History Books",
                "/browse/books/economic-history-books/3920_582349_9157786"
            ]
        ]
    },
    {
        "title": "2020-2024 Monthly Planner : Large Five Year Planner with Floral Cover (Volume 2) (Paperback)",
        "url": "https://www.walmart.com/ip/2020-2024-Monthly-Planner-Large-Five-Year-Planner-with-Floral-Cover-Volume-2-Paperback-9781087804125/573046076",
        "price": "$16.79",
        "stars": "5.0",
        "ratings": "1 ",
        "img": "",
        "tags": [
            [
                "Time Management Books",
                "/browse/books/time-management-books/3920_582349_2141047"
            ],
            [
                "Organizational Development Books",
                "/browse/books/organizational-development-books/3920_582349_3077388"
            ],
            [
                "New Business Enterprises Books",
                "/browse/books/new-business-enterprises-books/3920_582349_3312612"
            ],
            [
                "Decision-Making & Problem Solving Books",
                "/browse/books/decision-making-problem-solving-books/3920_582349_3407088"
            ],
            [
                "Entrepreneurship Books",
                "/browse/books/entrepreneurship-books/3920_582349_5818477"
            ],
            [
                "Harvard Business Review",
                "/browse/books/harvard-business-review/3920_582349_8933101"
            ],
            [
                "Time Management",
                "/browse/books/time-management/3920_5642757_8917040_9415642"
            ],
            [
                "Management Books",
                "/browse/books/management-books/3920_582349_9536008"
            ]
        ]
    },
    {
        "title": "Adir 42 in. File Hanging Clamps - Set of 6",
        "url": "https://www.walmart.com/ip/Adir-42-in-File-Hanging-Clamps-Set-of-6/17378222",
        "price": "$109.95",
        "stars": "4.3",
        "ratings": "3 ",
        "img": "i5.walmartimages.com/asr/b2ed5892-5cb4-4542-9983-56e4b6f1c32d_1.637f5c0cd99b2c0c1899f66057a4691d.jpeg?odnWidth=612&odnHeight=612&odnBg=ffffff",
        "tags": [
            [
                "Drill Press",
                "/browse/home-improvement/drill-press/1072864_1031899_1066925_1067608_1067728"
            ],
            [
                "Pliers",
                "/browse/home-improvement/pliers/1072864_1031899_1067609_1119438"
            ],
            [
                "All WEN Products",
                "/browse/home-improvement/all-wen-products/1072864_1031899_1574888_4900754_2719549"
            ],
            [
                "Multiuse Tool Accessories",
                "/browse/home-improvement/multiuse-tool-accessories/1072864_1031899_1230389_6899854"
            ],
            [
                "WEN Power Tools",
                "/browse/home-improvement/wen-power-tools/1072864_1031899_1574888_4900754_8626362"
            ],
            [
                "Kreg",
                "/browse/home-improvement/kreg/1072864_1031899_1574888_9575977"
            ],
            [
                "Tekton",
                "/browse/home-improvement/tekton/1072864_1031899_1574888_9708901"
            ]
        ]
    },
    {
        "title": "Thinking for a Change : 11 Ways Highly Successful People Approach Life andWork",
        "url": "https://www.walmart.com/ip/Thinking-for-a-Change-11-Ways-Highly-Successful-People-Approach-Life-andWork-9780446692885/3523072",
        "price": "$13.28",
        "stars": "5.0",
        "ratings": "1 ",
        "img": "",
        "tags": [
            [
                "Project Management Books",
                "/browse/walmart-for-business/project-management-books/6735581_8499989_1633591_1336074"
            ],
            [
                "File Folders",
                "/browse/walmart-for-business/file-folders/6735581_7802075_6070034_2547701"
            ],
            [
                "Motivational & Personal Success Books",
                "/browse/walmart-for-business/motivational-personal-success-books/6735581_8499989_1633591_4891565"
            ],
            [
                "Accounting & Finance Books",
                "/browse/walmart-for-business/accounting-finance-books/6735581_8499989_1633591_8157353"
            ],
            [
                "Cleaning Pads & Sponges",
                "/browse/walmart-for-business/cleaning-pads-sponges/6735581_4455635_5686252_8675008"
            ],
            [
                "Business Biographies & Memoirs",
                "/browse/walmart-for-business/business-biographies-memoirs/6735581_8499989_1633591_9300207"
            ],
            [
                "Marketing Books",
                "/browse/walmart-for-business/marketing-books/6735581_8499989_1633591_9847330"
            ],
            [
                "Investments & Securities Books",
                "/browse/walmart-for-business/investments-securities-books/6735581_8499989_1633591_9986455"
            ]
        ]
    },
    {
        "title": "Who Owns the Ice House? Eight Life Lessons from an Unlikely Entrepreneur: Eight Life Lessons from an Unlikely Entrepreneur: Eight Life Lessons from an Unlikely Entrepreneur (Paperback)",
        "url": "https://www.walmart.com/ip/Who-Owns-Ice-House-Eight-Life-Lessons-Unlikely-Entrepreneur-Entrepreneur-Paperback-9780971305939/16414622",
        "price": "$15.99",
        "stars": "5.0",
        "ratings": "1 ",
        "img": "",
        "tags": [
            [
                "Project Management Books",
                "/browse/walmart-for-business/project-management-books/6735581_8499989_1633591_1336074"
            ],
            [
                "Office Software",
                "/browse/walmart-for-business/office-software/6735581_8499989_1794508"
            ],
            [
                "Motivational & Personal Success Books",
                "/browse/walmart-for-business/motivational-personal-success-books/6735581_8499989_1633591_4891565"
            ],
            [
                "Management & Leadership Books",
                "/browse/walmart-for-business/management-leadership-books/6735581_8499989_1633591_6711821"
            ],
            [
                "Labels",
                "/browse/walmart-for-business/labels/6735581_6919605_3637763_6994621"
            ],
            [
                "Business Biographies & Memoirs",
                "/browse/walmart-for-business/business-biographies-memoirs/6735581_8499989_1633591_9300207"
            ],
            [
                "Marketing Books",
                "/browse/walmart-for-business/marketing-books/6735581_8499989_1633591_9847330"
            ],
            [
                "Investments & Securities Books",
                "/browse/walmart-for-business/investments-securities-books/6735581_8499989_1633591_9986455"
            ]
        ]
    },
    {
        "title": "No Rules Rules : Netflix and the Culture of Reinvention",
        "url": "https://www.walmart.com/ip/No-Rules-Rules-Netflix-and-the-Culture-of-Reinvention-9781984877864/253662193",
        "price": "$21.06",
        "stars": 0,
        "ratings": 0,
        "img": "",
        "tags": [
            [
                "Adult Non-Fiction Top 100",
                "/browse/books/adult-non-fiction-top-100/3920_1057224_3049267"
            ],
            [
                "Organizational Development Books",
                "/browse/books/organizational-development-books/3920_582349_3077388"
            ],
            [
                "Success",
                "/browse/books/success/3920_5642757_9479316_4052595"
            ],
            [
                "Motivational Business & Money Books",
                "/browse/books/motivational-business-money-books/3920_582349_7534693"
            ],
            [
                "Business & Money Skills Books",
                "/browse/books/business-money-skills-books/3920_582349_7758621"
            ],
            [
                "Harvard Business Review",
                "/browse/books/harvard-business-review/3920_582349_8933101"
            ],
            [
                "Personal Success in Business & Money Books",
                "/browse/books/personal-success-in-business-money-books/3920_582349_9116217"
            ],
            [
                "Management Books",
                "/browse/books/management-books/3920_582349_9536008"
            ]
        ]
    },
    {
        "title": "The High Performance Planner",
        "url": "https://www.walmart.com/ip/The-High-Performance-Planner/232808392",
        "price": "$20.66",
        "stars": 0,
        "ratings": 0,
        "img": "i5.walmartimages.com/asr/25d5caba-be04-4edb-b25d-ffcf56f24869.145ff2a4701e90631933fe89a5174a33.jpeg?odnWidth=612&odnHeight=612&odnBg=ffffff",
        "tags": [
            [
                "Shop Notebooks by Brand",
                "/browse/office-supplies/shop-notebooks-by-brand/1229749_4796182_1044271"
            ],
            [
                "Monthly Planners",
                "/browse/office-supplies/monthly-planners/1229749_8412191_3635432_1739702"
            ],
            [
                "Legal Pads",
                "/browse/office-supplies/legal-pads/1229749_9607197_2479371"
            ],
            [
                "Padfolios",
                "/browse/office-supplies/padfolios/1229749_4922227_2715430"
            ],
            [
                "Weekly Planners",
                "/browse/office-supplies/weekly-planners/1229749_8412191_3635432_5366095"
            ],
            [
                "Daily Planners",
                "/browse/office-supplies/daily-planners/1229749_8412191_3635432_5704117"
            ],
            [
                "1-Subject Spiral Notebooks",
                "/browse/office-supplies/1-subject-spiral-notebooks/1229749_4796182_2714026_7232305"
            ],
            [
                "Premium Journals",
                "/browse/office-supplies/premium-journals/1229749_4922227_8418699"
            ]
        ]
    },
    {
        "title": "The Five Dysfunctions of a Team : A Leadership Fable",
        "url": "https://www.walmart.com/ip/The-Five-Dysfunctions-of-a-Team-A-Leadership-Fable-9780739332573/4542591",
        "price": "$24.32",
        "stars": "4.1",
        "ratings": "24 ",
        "img": "",
        "tags": [
            [
                "Adult Non-Fiction Top 100",
                "/browse/books/adult-non-fiction-top-100/3920_1057224_3049267"
            ],
            [
                "Organizational Development Books",
                "/browse/books/organizational-development-books/3920_582349_3077388"
            ],
            [
                "Time Travel Kids' Books",
                "/browse/books/time-travel-kids-books/3920_582053_4392868"
            ],
            [
                "Basketball Kids' Books",
                "/browse/books/basketball-kids-books/3920_582053_582581_4726520"
            ],
            [
                "Harvard Business Review",
                "/browse/books/harvard-business-review/3920_582349_8933101"
            ],
            [
                "Management Books",
                "/browse/books/management-books/3920_582349_9536008"
            ]
        ]
    },
    {
        "title": "The Latte Factor : Why You Don't Have to Be Rich to Live Rich",
        "url": "https://www.walmart.com/ip/The-Latte-Factor-Why-You-Don-t-Have-to-Be-Rich-to-Live-Rich-9781982120238/314378339",
        "price": "$12.97",
        "stars": 0,
        "ratings": 0,
        "img": "",
        "tags": [
            [
                "Children's Books Top 100",
                "/browse/books/childrens-books-top-100/3920_1057224_1568396"
            ],
            [
                "General Family Concept Kids' Books",
                "/browse/books/general-family-concept-kids-books/3920_582053_585918_5653236"
            ],
            [
                "Valentine's Day Kids' Books",
                "/browse/books/valentines-day-kids-books/3920_582053_585922_585993"
            ],
            [
                "Emotions & Feelings Kids' Books",
                "/browse/books/emotions-feelings-kids-books/3920_582053_585928_586160"
            ],
            [
                "New Baby Kids' Books",
                "/browse/books/new-baby-kids-books/3920_582053_585918_586169"
            ],
            [
                "Parents Kids' Books",
                "/browse/books/parents-kids-books/3920_582053_585918_586171"
            ],
            [
                "Baby - Age 2 Kids' Books",
                "/browse/books/baby-age-2-kids-books/3920_582053_593774"
            ]
        ]
    }
]