[
    {
        "title": "I Am Murdered: George Wythe, Thomas Jefferson, and the Killing That Shocked a New Nation (Paperback)",
        "url": "https://www.walmart.com/ip/I-Am-Murdered-George-Wythe-Thomas-Jefferson-and-the-Killing-That-Shocked-a-New-Nation-Paperback-9781681621050/48449052",
        "price": "$12.80",
        "stars": "3.5",
        "ratings": "2 ",
        "img": "",
        "tags": [
            [
                "General True Crime Books",
                "/browse/books/general-true-crime-books/3920_6325322_2009754"
            ],
            [
                "Criminals & Outlaws Biographies & Memoirs",
                "/browse/books/criminals-outlaws-biographies-memoirs/3920_5196470_2966683"
            ],
            [
                "Adult Non-Fiction Top 100",
                "/browse/books/adult-non-fiction-top-100/3920_1057224_3049267"
            ],
            [
                "NFL Books",
                "/browse/books/nfl-books/3920_8924365_3613575"
            ],
            [
                "Meetings & Presentations in Business Books",
                "/browse/books/meetings-presentations-in-business-books/3920_582349_5610699_4813902"
            ],
            [
                "General Criminal Law Books",
                "/browse/books/general-criminal-law-books/3920_1952589_7661314_6642591"
            ],
            [
                "Law Enforcement Biographies & Memoirs",
                "/browse/books/law-enforcement-biographies-memoirs/3920_5196470_8144330"
            ],
            [
                "Adult Fiction Top 100",
                "/browse/books/adult-fiction-top-100/3920_1057224_9885630"
            ]
        ]
    },
    {
        "title": "My First New York: Early Adventures in the Big City as Remembered by Actors, Artists, Athletes, Chefs, Comedians, Filmmakers, Mayors, Models, Moguls, Porn Stars, Rockers, Writers, and Others (Paperbac",
        "url": "https://www.walmart.com/ip/New-Chefs-My-Adventures-Actors-Moguls-First-Comedians-Remembered-Big-Others-Artists-Mayors-Writers-City-Paperbac-York-Models-Early-Athletes-Stars-Roc-9780061963940/19335258",
        "price": "$4.49",
        "stars": 0,
        "ratings": 0,
        "img": "",
        "tags": [
            [
                "Cultural & Social Anthropology Books",
                "/browse/books/cultural-social-anthropology-books/3920_2761424_8176770_9998889_2451190"
            ],
            [
                "Food & Beverage History Books",
                "/browse/books/food-beverage-history-books/3920_3036003_2468891"
            ],
            [
                "Urban Sociology Books",
                "/browse/books/urban-sociology-books/3920_2761424_8176770_7590238_4383719"
            ],
            [
                "General State & Local United States History Books",
                "/browse/books/general-state-local-united-states-history-books/3920_582331_583318_8751259_5282315"
            ],
            [
                "Agriculture & Food Books",
                "/browse/books/agriculture-food-books/3920_2761424_8176770_5363566"
            ],
            [
                "Regional Photography Books",
                "/browse/books/regional-photography-books/3920_582321_5674104_4153737_5673664"
            ],
            [
                "Historical Photography Books",
                "/browse/books/historical-photography-books/3920_582321_5674104_4153737_6034450"
            ]
        ]
    },
    {
        "title": "The Lessons of History",
        "url": "https://www.walmart.com/ip/The-Lessons-of-History-9781439149959/11958490",
        "price": "$5.99",
        "stars": "3.7",
        "ratings": "6 ",
        "img": "",
        "tags": [
            [
                "Oncology Books",
                "/browse/books/oncology-books/3920_3203859_1669964"
            ],
            [
                "Future Studies Books",
                "/browse/books/future-studies-books/3920_2761424_8176770_1721846"
            ],
            [
                "Medical History Books",
                "/browse/books/medical-history-books/3920_3203859_2442584"
            ],
            [
                "Social History Books",
                "/browse/books/social-history-books/3920_582331_3385418"
            ],
            [
                "Evolution Life Science Books",
                "/browse/books/evolution-life-science-books/3920_8529612_1841429_1678456_4103014"
            ],
            [
                "World History Books",
                "/browse/books/world-history-books/3920_582331_583319"
            ],
            [
                "General Ancient History Books",
                "/browse/books/general-ancient-history-books/3920_582331_583299_8257161"
            ]
        ]
    },
    {
        "title": "Images of America: Telfair County (Paperback)",
        "url": "https://www.walmart.com/ip/Images-of-America-Telfair-County-Paperback-9781467113762/43582364",
        "price": "$20.01",
        "stars": 0,
        "ratings": 0,
        "img": "i5.walmartimages.com/asr/ad073b20-02f6-454c-9b06-f4b00bc1fe3d.a3bb9e85f6fa8dcca11f142dc581c078.jpeg?odnWidth=612&odnHeight=612&odnBg=ffffff",
        "tags": [
            [
                "Minority Studies Books",
                "/browse/books/minority-studies-books/3920_2761424_8176770_2180337"
            ],
            [
                "Veterans Military History Books",
                "/browse/books/veterans-military-history-books/3920_582331_583311_3447880"
            ],
            [
                "United States Military History Books",
                "/browse/books/united-states-military-history-books/3920_582331_583311_5218011"
            ],
            [
                "General State & Local United States History Books",
                "/browse/books/general-state-local-united-states-history-books/3920_582331_583318_8751259_5282315"
            ],
            [
                "Regional Photography Books",
                "/browse/books/regional-photography-books/3920_582321_5674104_4153737_5673664"
            ],
            [
                "African American History Books",
                "/browse/books/african-american-history-books/3920_582331_5685608"
            ],
            [
                "Discrimination & Race Relations Books",
                "/browse/books/discrimination-race-relations-books/3920_2761424_8176770_9541682"
            ]
        ]
    },
    {
        "title": "Masters of the Air : America's Bomber Boys Who Fought the Air War Against Nazi Germany (Paperback)",
        "url": "https://www.walmart.com/ip/Masters-of-the-Air-America-s-Bomber-Boys-Who-Fought-the-Air-War-Against-Nazi-Germany-9780743235457/5798131",
        "price": "$9.70",
        "stars": "3.7",
        "ratings": "6 ",
        "img": "",
        "tags": [
            [
                "Piano & Keyboard Books",
                "/browse/books/piano-keyboard-books/3920_582321_1318217_1527994_3613505"
            ],
            [
                "Grief & Loss Psychology Books",
                "/browse/books/grief-loss-psychology-books/3920_2761424_3385531_4085728"
            ],
            [
                "Opera & Classical Scores Printed Music Books",
                "/browse/books/opera-classical-scores-printed-music-books/3920_582321_1318217_8863128_5150447"
            ],
            [
                "Landscape Books",
                "/browse/books/landscape-books/3920_582321_4942684_5509104"
            ],
            [
                "Suspense Romance Books",
                "/browse/books/suspense-romance-books/3920_582105_582052_586193"
            ],
            [
                "Persian Gulf War Military History Books",
                "/browse/books/persian-gulf-war-military-history-books/3920_582331_583311_7315281"
            ],
            [
                "Aviation Military History Books",
                "/browse/books/aviation-military-history-books/3920_582331_583311_7759386"
            ],
            [
                "Contemporary Christian Music Books",
                "/browse/books/contemporary-christian-music-books/3920_582321_1318217_3933397_9948163"
            ]
        ]
    },
    {
        "title": "Humankind : A Hopeful History (Hardcover)",
        "url": "https://www.walmart.com/ip/Humankind-A-Hopeful-History-Hardcover-9780316418539/471213959",
        "price": "$19.23",
        "stars": 0,
        "ratings": 0,
        "img": "",
        "tags": [
            [
                "Research Reference Books",
                "/browse/books/research-reference-books/3920_3943378_2665166"
            ],
            [
                "General Wine & Alcohol Books",
                "/browse/books/general-wine-alcohol-books/3920_3036003_9955948_5323083_2748429"
            ],
            [
                "Historical Geography Books",
                "/browse/books/historical-geography-books/3920_582331_3004687"
            ],
            [
                "Photography History Books",
                "/browse/books/photography-history-books/3920_582321_5674104_3243722"
            ],
            [
                "Trivia Reference Books",
                "/browse/books/trivia-reference-books/3920_3943378_4098597"
            ],
            [
                "Political History & Theory Books",
                "/browse/books/political-history-theory-books/3920_5764957_5362619"
            ],
            [
                "Civilization History Books",
                "/browse/books/civilization-history-books/3920_582331_583301"
            ]
        ]
    },
    {
        "title": "Enemy of All Mankind : A True Story of Piracy, Power, and History's First Global Manhunt",
        "url": "https://www.walmart.com/ip/Enemy-of-All-Mankind-A-True-Story-of-Piracy-Power-and-History-s-First-Global-Manhunt-9780735211605/915295046",
        "price": "$21.06",
        "stars": 0,
        "ratings": 0,
        "img": "",
        "tags": [
            [
                "General Canadian History Books",
                "/browse/books/general-canadian-history-books/3920_582331_4272206_1405698"
            ],
            [
                "Criminals & Outlaws Biographies & Memoirs",
                "/browse/books/criminals-outlaws-biographies-memoirs/3920_5196470_2966683"
            ],
            [
                "Ships & Shipbuilding History Books",
                "/browse/books/ships-shipbuilding-history-books/3920_9842685_1557508_3217472_4149972"
            ],
            [
                "Colonial United States History Books",
                "/browse/books/colonial-united-states-history-books/3920_582331_583318_6359814"
            ],
            [
                "Expeditions & Discoveries History Books",
                "/browse/books/expeditions-discoveries-history-books/3920_582331_6624088"
            ],
            [
                "Naval Military History Books",
                "/browse/books/naval-military-history-books/3920_582331_583311_8177237"
            ],
            [
                "Middle Atlantic State & Local United States History Books",
                "/browse/books/middle-atlantic-state-local-united-states-history-books/3920_582331_583318_8751259_8598542"
            ],
            [
                "Natural Disaster Books",
                "/browse/books/natural-disaster-books/3920_8529612_4668181_9075380"
            ]
        ]
    },
    {
        "title": "Unholy : Why White Evangelicals Worship at the Altar of Donald Trump (Hardcover)",
        "url": "https://www.walmart.com/ip/Unholy-Why-White-Evangelicals-Worship-at-the-Altar-of-Donald-Trump-Hardcover-9781984820426/842821691",
        "price": "$21.06",
        "stars": "5.0",
        "ratings": "1 ",
        "img": "",
        "tags": [
            [
                "Globalization Political Books",
                "/browse/books/globalization-political-books/3920_5764957_2432084"
            ],
            [
                "Comparative Politics Books",
                "/browse/books/comparative-politics-books/3920_5764957_3027898"
            ],
            [
                "Radicalism Political Ideology Books",
                "/browse/books/radicalism-political-ideology-books/3920_5764957_5916221_3454751"
            ],
            [
                "Faith",
                "/browse/books/faith/3920_1987289_582055_4111577"
            ],
            [
                "Historiography Books",
                "/browse/books/historiography-books/3920_582331_5007814"
            ],
            [
                "Fascism & Totalitarianism Political Ideologies Books",
                "/browse/books/fascism-totalitarianism-political-ideologies-books/3920_5764957_5916221_5743844"
            ],
            [
                "African Political Books",
                "/browse/books/african-political-books/3920_5764957_4546754_7073236"
            ],
            [
                "General South African History Books",
                "/browse/books/general-south-african-history-books/3920_582331_583297_5806086_9889866"
            ]
        ]
    },
    {
        "title": "Thomas Jefferson and the Tripoli Pirates : The Forgotten War That Changed American History",
        "url": "https://www.walmart.com/ip/Thomas-Jefferson-and-the-Tripoli-Pirates-The-Forgotten-War-That-Changed-American-History-9780143129431/51799433",
        "price": "$14.52",
        "stars": "3.2",
        "ratings": "15 ",
        "img": "i5.walmartimages.com/asr/e0b34fd0-3243-4773-b28c-2536821bc746_1.7a176c6fbd15de24f9ca730ee39f6aca.jpeg?odnWidth=612&odnHeight=612&odnBg=ffffff",
        "tags": [
            [
                "Revolutionary Period United States History Books",
                "/browse/books/revolutionary-period-united-states-history-books/3920_582331_583318_1871798"
            ],
            [
                "Midwest State & Local United States History Books",
                "/browse/books/midwest-state-local-united-states-history-books/3920_582331_583318_8751259_2590618"
            ],
            [
                "Historical Biographies & Memoirs",
                "/browse/books/historical-biographies-memoirs/3920_5196470_6575803"
            ],
            [
                "Native American History Books",
                "/browse/books/native-american-history-books/3920_582331_7283574"
            ],
            [
                "African American Studies Books",
                "/browse/books/african-american-studies-books/3920_2761424_8176770_6537532_8322809"
            ],
            [
                "Cultural Heritage Biographies & Memoirs",
                "/browse/books/cultural-heritage-biographies-memoirs/3920_5196470_8577664"
            ],
            [
                "Western State & Local United States History Books",
                "/browse/books/western-state-local-united-states-history-books/3920_582331_583318_8751259_9971122"
            ]
        ]
    },
    {
        "title": "Shattered Sword : The Untold Story of the Battle of Midway",
        "url": "https://www.walmart.com/ip/Shattered-Sword-The-Untold-Story-of-the-Battle-of-Midway-9781574889239/4025498",
        "price": "$29.78",
        "stars": "5.0",
        "ratings": "5 ",
        "img": "",
        "tags": [
            [
                "Customs & Traditions Books",
                "/browse/books/customs-traditions-books/3920_2761424_8176770_2621611"
            ],
            [
                "Chinese History Books",
                "/browse/books/chinese-history-books/3920_582331_583304_3008253"
            ],
            [
                "General Asian Art Books",
                "/browse/books/general-asian-art-books/3920_582321_6907922_8898941_3599660"
            ],
            [
                "United States Military History Books",
                "/browse/books/united-states-military-history-books/3920_582331_583311_5218011"
            ],
            [
                "World War II Military History Books",
                "/browse/books/world-war-ii-military-history-books/3920_582331_583311_7930108"
            ],
            [
                "Japan Travel Books",
                "/browse/books/japan-travel-books/3920_9360990_6219934_2604722_8804314"
            ],
            [
                "Southeast Asia History Books",
                "/browse/books/southeast-asia-history-books/3920_582331_583304_8810393"
            ]
        ]
    }
]