[
    {
        "title": "What Does This Button Do?: An Autobiography (Paperback)",
        "url": "https://www.walmart.com/ip/What-Does-This-Button-Do-An-Autobiography-Paperback-9780062468147/142786579",
        "price": "$5.49",
        "stars": "4.0",
        "ratings": "4 ",
        "img": "",
        "tags": [
            [
                "Parodies",
                "/browse/books/parodies/3920_4310685_1605829"
            ],
            [
                "Individual Photographers Books",
                "/browse/books/individual-photographers-books/3920_582321_5674104_2008407"
            ],
            [
                "History & Criticism Music Books",
                "/browse/books/history-criticism-music-books/3920_582321_1318217_2771162"
            ],
            [
                "Composers & Musicians Biographies & Memoirs",
                "/browse/books/composers-musicians-biographies-memoirs/3920_5196470_5543775"
            ],
            [
                "Punk Music Books",
                "/browse/books/punk-music-books/3920_582321_1318217_4267978_6378998"
            ],
            [
                "Guitar Books",
                "/browse/books/guitar-books/3920_582321_1318217_1527994_6410274"
            ],
            [
                "Individual Composer & Artist Music Books",
                "/browse/books/individual-composer-artist-music-books/3920_582321_1318217_6688455"
            ],
            [
                "Entertainment & Performing Arts Biographies & Memoirs",
                "/browse/books/entertainment-performing-arts-biographies-memoirs/3920_5196470_9350306"
            ]
        ]
    },
    {
        "title": "My First White Friend : Confessions on Race, Love and Forgiveness",
        "url": "https://www.walmart.com/ip/My-First-White-Friend-Confessions-on-Race-Love-and-Forgiveness-9780140244366/25688293",
        "price": "$12.46",
        "stars": 0,
        "ratings": 0,
        "img": "",
        "tags": [
            [
                "Colors Kids' Books",
                "/browse/books/colors-kids-books/3920_582053_6630876_1613775"
            ],
            [
                "Rich & Famous Biographies & Memoirs",
                "/browse/books/rich-famous-biographies-memoirs/3920_5196470_2244664"
            ],
            [
                "Body Art & Tattooing Art Books",
                "/browse/books/body-art-tattooing-art-books/3920_582321_6907922_2358664"
            ],
            [
                "Mother's Day Gift Guide Books",
                "/browse/books/mothers-day-gift-guide-books/3920_7458265_5685062"
            ],
            [
                "Women Biographies & Memoirs",
                "/browse/books/women-biographies-memoirs/3920_5196470_7667225"
            ],
            [
                "Pete the Cat Books",
                "/browse/books/pete-the-cat-books/3920_582053_8223069"
            ],
            [
                "Entertainment & Performing Arts Biographies & Memoirs",
                "/browse/books/entertainment-performing-arts-biographies-memoirs/3920_5196470_9350306"
            ]
        ]
    },
    {
        "title": "Hollywood Park : A Memoir",
        "url": "https://www.walmart.com/ip/Hollywood-Park-A-Memoir-9781250621566/900339646",
        "price": "$19.85",
        "stars": "5.0",
        "ratings": "1 ",
        "img": "",
        "tags": [
            [
                "All 4K Ultra HD Movies",
                "/browse/movies-tv-shows/all-4k-ultra-hd-movies/4096_3315790_1172214"
            ],
            [
                "Family Drama Movies",
                "/browse/movies-tv-shows/family-drama-movies/4096_530598_530701_531398"
            ],
            [
                "New Release Movies",
                "/browse/new-release-movies/4096_6942910"
            ],
            [
                "DVD Movies",
                "/browse/movies-tv-shows/dvd-movies/4096_8073310_7001804"
            ],
            [
                "All Action & Adventure",
                "/browse/movies-tv-shows/all-action-adventure/4096_530598_530698_8354524"
            ],
            [
                "All Comedy",
                "/browse/movies-tv-shows/all-comedy/4096_530598_530703_8423591"
            ],
            [
                "All Children & Family Movies",
                "/browse/movies-tv-shows/all-children-family-movies/4096_530598_530701_9062682"
            ]
        ]
    },
    {
        "title": "Fear Gone Wild : A Story of Mental Illness, Suicide, and Hope Through Loss (Hardcover)",
        "url": "https://www.walmart.com/ip/Fear-Gone-Wild-A-Story-of-Mental-Illness-Suicide-and-Hope-Through-Loss-Hardcover-9781400217670/309523047",
        "price": "$20.96",
        "stars": "5.0",
        "ratings": "1 ",
        "img": "",
        "tags": [
            [
                "Evangelism",
                "/browse/books/evangelism/3920_1987289_582374_8889295_4053328"
            ],
            [
                "New American Standard Bible",
                "/browse/books/new-american-standard-bible/3920_1987289_582374_9735184_4193230"
            ],
            [
                "Bible Study Guides",
                "/browse/books/bible-study-guides/3920_1987289_582374_2718157_4203444"
            ],
            [
                "Multiple Translations",
                "/browse/books/multiple-translations/3920_1987289_582374_9735184_7188098"
            ],
            [
                "New International Version",
                "/browse/books/new-international-version/3920_1987289_582374_9735184_7744007"
            ],
            [
                "King James Version",
                "/browse/books/king-james-version/3920_1987289_582374_9735184_8736310"
            ],
            [
                "Personal Growth",
                "/browse/books/personal-growth/3920_1987289_582374_8324310_8811610"
            ],
            [
                "Women's Issues",
                "/browse/books/womens-issues/3920_1987289_582374_8324310_9563912"
            ]
        ]
    },
    {
        "title": "Everything Is Possible: Finding the Faith and Courage to Follow Your Dreams (Hardcover)",
        "url": "https://www.walmart.com/ip/Everything-Is-Possible-Finding-the-Faith-and-Courage-to-Follow-Your-Dreams-Hardcover-9780801019302/50722437",
        "price": "$4.99",
        "stars": 0,
        "ratings": 0,
        "img": "i5.walmartimages.com/asr/a2c87d92-b850-4342-950a-21f0fb52286e_1.9562e18bfc01ba19d8beec3a6b385b8f.jpeg?odnWidth=612&odnHeight=612&odnBg=ffffff",
        "tags": [
            [
                "Tarot Cards & Books",
                "/browse/books/tarot-cards-books/3920_1987289_1946456"
            ],
            [
                "Witchcraft",
                "/browse/books/witchcraft/3920_1987289_5383544_2856819"
            ],
            [
                "Adult Non-Fiction Top 100",
                "/browse/books/adult-non-fiction-top-100/3920_1057224_3049267"
            ],
            [
                "Success",
                "/browse/books/success/3920_5642757_9479316_4052595"
            ],
            [
                "People with Disabilities Biographies & Memoirs",
                "/browse/books/people-with-disabilities-biographies-memoirs/3920_5196470_7374242"
            ],
            [
                "Personal Growth",
                "/browse/books/personal-growth/3920_1987289_582374_8324310_8811610"
            ],
            [
                "Happiness",
                "/browse/books/happiness/3920_5642757_9479316_9355247"
            ],
            [
                "Women's Issues",
                "/browse/books/womens-issues/3920_1987289_582374_8324310_9563912"
            ]
        ]
    },
    {
        "title": "Nothing General about It : How Love (and Lithium) Saved Me on and Off General Hospital (Hardcover)",
        "url": "https://www.walmart.com/ip/Nothing-General-about-It-How-Love-and-Lithium-Saved-Me-on-and-Off-General-Hospital-Hardcover-9780062973375/686391988",
        "price": "$14.39",
        "stars": 0,
        "ratings": 0,
        "img": "",
        "tags": [
            [
                "Men's Issues",
                "/browse/books/mens-issues/3920_1987289_582374_8324310_3418066"
            ],
            [
                "Mental Health Books",
                "/browse/books/mental-health-books/3920_3203859_3555432"
            ],
            [
                "Counseling Psychotherapy Books",
                "/browse/books/counseling-psychotherapy-books/3920_2761424_3385531_2318869_4223555"
            ],
            [
                "Dating",
                "/browse/books/dating/3920_5642757_6055772_5221030"
            ],
            [
                "Love & Romance",
                "/browse/books/love-romance/3920_5642757_6055772_7847489"
            ],
            [
                "Happiness",
                "/browse/books/happiness/3920_5642757_9479316_9355247"
            ],
            [
                "Healthy Living",
                "/browse/books/healthy-living/3920_582054_9380532"
            ],
            [
                "Child & Adolescent Psychotherapy Books",
                "/browse/books/child-adolescent-psychotherapy-books/3920_2761424_3385531_2318869_9492204"
            ]
        ]
    },
    {
        "title": "I Am Haunted : Living Life Through the Dead",
        "url": "https://www.walmart.com/ip/I-Am-Haunted-Living-Life-Through-the-Dead-9781628603804/699807046",
        "price": "$14.19",
        "stars": "5.0",
        "ratings": "2 ",
        "img": "i5.walmartimages.com/asr/9154b948-3c73-4b56-a98a-86516bec1ae0_1.99689f9e005745b2c731d741fd57e7cd.jpeg?odnWidth=612&odnHeight=612&odnBg=ffffff",
        "tags": [
            [
                "Country & Bluegrass Music Books",
                "/browse/books/country-bluegrass-music-books/3920_582321_1318217_4267978_2232693"
            ],
            [
                "Rich & Famous Biographies & Memoirs",
                "/browse/books/rich-famous-biographies-memoirs/3920_5196470_2244664"
            ],
            [
                "Romance Kids' Books",
                "/browse/books/romance-kids-books/3920_582053_585924"
            ],
            [
                "Baby - Age 2 Kids' Books",
                "/browse/books/baby-age-2-kids-books/3920_582053_593774"
            ],
            [
                "Occultism",
                "/browse/books/occultism/3920_1987289_5383544_6013733"
            ],
            [
                "Basketball Books",
                "/browse/books/basketball-books/3920_8924365_6103525"
            ],
            [
                "Rock Music Books",
                "/browse/books/rock-music-books/3920_582321_1318217_4267978_6186495"
            ],
            [
                "Personal Memoirs",
                "/browse/books/personal-memoirs/3920_5196470_9711945"
            ]
        ]
    },
    {
        "title": "The Boy Who Harnessed the Wind: Creating Currents of Electricity and Hope (Paperback)",
        "url": "https://www.walmart.com/ip/The-Boy-Who-Harnessed-the-Wind-Creating-Currents-of-Electricity-and-Hope-Paperback-9780061730337/13726438",
        "price": "$6.75",
        "stars": "4.3",
        "ratings": "71 ",
        "img": "",
        "tags": [
            [
                "Educators Biographies & Memoirs",
                "/browse/books/educators-biographies-memoirs/3920_5196470_1585283"
            ],
            [
                "Computers & Technology History Books",
                "/browse/books/computers-technology-history-books/3920_9724405_2441888"
            ],
            [
                "Alternative & Renewable Power Resources Books",
                "/browse/books/alternative-renewable-power-resources-books/3920_9842685_8901905_7845454_3568611"
            ],
            [
                "Science & Technology Kids' Books",
                "/browse/books/science-technology-kids-books/3920_582053_9228860_5893483"
            ],
            [
                "Artists, Architects & Photographers Biographies & Memoirs",
                "/browse/books/artists-architects-photographers-biographies-memoirs/3920_5196470_8238806"
            ],
            [
                "History & Philosophy of Mathematics Books",
                "/browse/books/history-philosophy-of-mathematics-books/3920_9242904_9177868"
            ],
            [
                "Biographies & Memoirs",
                "/browse/books/biographies-memoirs/3920_9420011_9645853"
            ],
            [
                "Personal Memoirs",
                "/browse/books/personal-memoirs/3920_5196470_9711945"
            ]
        ]
    },
    {
        "title": "Nigger : An Autobiography (Paperback)",
        "url": "https://www.walmart.com/ip/Nigger-An-Autobiography-Paperback-9780593086148/665876322",
        "price": "$13.53",
        "stars": 0,
        "ratings": 0,
        "img": "",
        "tags": [
            [
                "Presidents & Heads of State Biographies & Memoirs",
                "/browse/books/presidents-heads-of-state-biographies-memoirs/3920_5196470_1329554"
            ],
            [
                "Slavery Books",
                "/browse/books/slavery-books/3920_2761424_8176770_2698525"
            ],
            [
                "Social History Books",
                "/browse/books/social-history-books/3920_582331_3385418"
            ],
            [
                "Women's History Books",
                "/browse/books/womens-history-books/3920_582331_4548193"
            ],
            [
                "General United States History Books",
                "/browse/books/general-united-states-history-books/3920_582331_583318_6419794"
            ],
            [
                "Southern State & Local United States History Books",
                "/browse/books/southern-state-local-united-states-history-books/3920_582331_583318_8751259_7485298"
            ],
            [
                "Essay History Books",
                "/browse/books/essay-history-books/3920_582331_8306018"
            ],
            [
                "Discrimination & Race Relations Books",
                "/browse/books/discrimination-race-relations-books/3920_2761424_8176770_9541682"
            ]
        ]
    },
    {
        "title": "Hidden Figures : The American Dream and the Untold Story of the Black Women Mathematicians Who Helped Win the Space Race (Paperback)",
        "url": "https://www.walmart.com/ip/Hidden-Figures-The-American-Dream-and-the-Untold-Story-of-the-Black-Women-Mathematicians-Who-Helped-Win-the-Space-Race-Paperback-9780062363602/52612502",
        "price": "$12.78",
        "stars": "3.9",
        "ratings": "55 ",
        "img": "",
        "tags": [
            [
                "Women's Perspective Biographies & Autobiographies for Kids",
                "/browse/books/womens-perspective-biographies-autobiographies-for-kids/3920_582053_9228860_2788065"
            ],
            [
                "Women's History Books",
                "/browse/books/womens-history-books/3920_582331_4548193"
            ],
            [
                "African American History Books",
                "/browse/books/african-american-history-books/3920_582331_5685608"
            ],
            [
                "Women Biographies & Memoirs",
                "/browse/books/women-biographies-memoirs/3920_5196470_7667225"
            ],
            [
                "Black Humor",
                "/browse/books/black-humor/3920_4310685_8365251"
            ],
            [
                "MLB Books",
                "/browse/books/mlb-books/3920_8924365_8749248"
            ],
            [
                "Women's History Month Nonfiction",
                "/browse/books/womens-history-month-nonfiction/3920_4883891_9043460"
            ],
            [
                "History & Philosophy of Mathematics Books",
                "/browse/books/history-philosophy-of-mathematics-books/3920_9242904_9177868"
            ]
        ]
    }
]