[
    {
        "title": "2020 History Channel This Day in Women's History Boxed Calendar: 365 Extraordinary Women and Events That Shaped History (Other)",
        "url": "https://www.walmart.com/ip/2020-History-Channel-This-Day-in-Women-s-History-Boxed-Calendar-365-Extraordinary-Women-and-Events-That-Shaped-History-Other-9781492678649/777391897",
        "price": "$12.72",
        "stars": 0,
        "ratings": 0,
        "img": "",
        "tags": [
            [
                "General Wine & Alcohol Books",
                "/browse/books/general-wine-alcohol-books/3920_3036003_9955948_5323083_2748429"
            ],
            [
                "Photography History Books",
                "/browse/books/photography-history-books/3920_582321_5674104_3243722"
            ],
            [
                "Trivia Reference Books",
                "/browse/books/trivia-reference-books/3920_3943378_4098597"
            ],
            [
                "Women's History Books",
                "/browse/books/womens-history-books/3920_582331_4548193"
            ],
            [
                "United States Military History Books",
                "/browse/books/united-states-military-history-books/3920_582331_583311_5218011"
            ],
            [
                "Political History & Theory Books",
                "/browse/books/political-history-theory-books/3920_5764957_5362619"
            ],
            [
                "Civilization History Books",
                "/browse/books/civilization-history-books/3920_582331_583301"
            ]
        ]
    },
    {
        "title": "The Selling of the President : The Classic Account of the Packaging of a Candidate",
        "url": "https://www.walmart.com/ip/The-Selling-of-the-President-The-Classic-Account-of-the-Packaging-of-a-Candidate-9780140112405/25688395",
        "price": "$13.03",
        "stars": "3.5",
        "ratings": "2 ",
        "img": "",
        "tags": [
            [
                "Presidents & Heads of State Biographies & Memoirs",
                "/browse/books/presidents-heads-of-state-biographies-memoirs/3920_5196470_1329554"
            ],
            [
                "Vietnam War Military History Books",
                "/browse/books/vietnam-war-military-history-books/3920_582331_583311_3257381"
            ],
            [
                "20th Century Modern History Books",
                "/browse/books/20th-century-modern-history-books/3920_582331_583312_4386810"
            ],
            [
                "United States Military History Books",
                "/browse/books/united-states-military-history-books/3920_582331_583311_5218011"
            ],
            [
                "Russian History Books",
                "/browse/books/russian-history-books/3920_582331_5270253"
            ],
            [
                "African American History Books",
                "/browse/books/african-american-history-books/3920_582331_5685608"
            ]
        ]
    },
    {
        "title": "Can't Even : How Millennials Became the Burnout Generation (Hardcover)",
        "url": "https://www.walmart.com/ip/Can-t-Even-How-Millennials-Became-the-Burnout-Generation-Hardcover-9780358315070/577528633",
        "price": "$19.95",
        "stars": 0,
        "ratings": 0,
        "img": "",
        "tags": [
            [
                "Marriage & Family Sociology Books",
                "/browse/books/marriage-family-sociology-books/3920_2761424_8176770_7590238_1588115"
            ],
            [
                "Minority Studies Books",
                "/browse/books/minority-studies-books/3920_2761424_8176770_2180337"
            ],
            [
                "Labor Business & Money Books",
                "/browse/books/labor-business-money-books/3920_582349_4769409"
            ],
            [
                "Poverty & Homelessness Books",
                "/browse/books/poverty-homelessness-books/3920_2761424_8176770_7158882"
            ],
            [
                "Civics & Citizenship Political Books",
                "/browse/books/civics-citizenship-political-books/3920_5764957_7322117"
            ],
            [
                "Cultural Heritage Biographies & Memoirs",
                "/browse/books/cultural-heritage-biographies-memoirs/3920_5196470_8577664"
            ],
            [
                "Demography Books",
                "/browse/books/demography-books/3920_2761424_8176770_8680239"
            ],
            [
                "Violence in Society Books",
                "/browse/books/violence-in-society-books/3920_2761424_8176770_9234325"
            ]
        ]
    },
    {
        "title": "The Real Watergate Scandal : Collusion, Conspiracy, and the Plot That Brought Nixon Down",
        "url": "https://www.walmart.com/ip/The-Real-Watergate-Scandal-Collusion-Conspiracy-and-the-Plot-That-Brought-Nixon-Down-9781621579601/205249185",
        "price": "$19.99",
        "stars": 0,
        "ratings": 0,
        "img": "i5.walmartimages.com/asr/05329a78-ffb1-4606-b040-53ed44bef058_1.70c7c43f944b7fc9702ddd2012f8a726.jpeg?odnWidth=612&odnHeight=612&odnBg=ffffff",
        "tags": [
            [
                "Presidents & Heads of State Biographies & Memoirs",
                "/browse/books/presidents-heads-of-state-biographies-memoirs/3920_5196470_1329554"
            ],
            [
                "Vietnam War Military History Books",
                "/browse/books/vietnam-war-military-history-books/3920_582331_583311_3257381"
            ],
            [
                "20th Century Modern History Books",
                "/browse/books/20th-century-modern-history-books/3920_582331_583312_4386810"
            ],
            [
                "United States Military History Books",
                "/browse/books/united-states-military-history-books/3920_582331_583311_5218011"
            ],
            [
                "Russian History Books",
                "/browse/books/russian-history-books/3920_582331_5270253"
            ],
            [
                "African American History Books",
                "/browse/books/african-american-history-books/3920_582331_5685608"
            ]
        ]
    },
    {
        "title": "Russia at War, 1941\u20131945 : A History",
        "url": "https://www.walmart.com/ip/Russia-at-War-1941-1945-A-History-9781510716254/55032581",
        "price": "$17.86",
        "stars": "4.0",
        "ratings": "2 ",
        "img": "i5.walmartimages.com/asr/0acc6e16-24c1-494c-8917-8497730e15a5_1.d6c624fe9bd452502c04b96346c16a11.jpeg?odnWidth=612&odnHeight=612&odnBg=ffffff",
        "tags": [
            [
                "Penology Books",
                "/browse/books/penology-books/3920_2761424_8176770_1250503"
            ],
            [
                "Presidents & Heads of State Biographies & Memoirs",
                "/browse/books/presidents-heads-of-state-biographies-memoirs/3920_5196470_1329554"
            ],
            [
                "Banned Political Books",
                "/browse/books/banned-political-books/3920_7957549_1599726"
            ],
            [
                "20th Century United States History Books",
                "/browse/books/20th-century-united-states-history-books/3920_582331_583318_2158164"
            ],
            [
                "German History Books",
                "/browse/books/german-history-books/3920_582331_583303_6638837"
            ],
            [
                "Communism, Post-Communism & Socialism Political Ideologies Books",
                "/browse/books/communism-post-communism-socialism-political-ideologies-books/3920_5764957_5916221_7309309"
            ],
            [
                "World War II Military History Books",
                "/browse/books/world-war-ii-military-history-books/3920_582331_583311_7930108"
            ]
        ]
    },
    {
        "title": "The Darkest Hour",
        "url": "https://www.walmart.com/ip/The-Darkest-Hour-9780062749529/55971724",
        "price": "$5.49",
        "stars": "4.5",
        "ratings": "2 ",
        "img": "",
        "tags": [
            [
                "Strategy in Military History Books",
                "/browse/books/strategy-in-military-history-books/3920_582331_583311_3718108"
            ],
            [
                "Holocaust History Books",
                "/browse/books/holocaust-history-books/3920_582331_3837857"
            ],
            [
                "United States Military History Books",
                "/browse/books/united-states-military-history-books/3920_582331_583311_5218011"
            ],
            [
                "20th Century Great Britain History Books",
                "/browse/books/20th-century-great-britain-history-books/3920_582331_583303_9518896_5283973"
            ],
            [
                "Historical Biographies & Memoirs",
                "/browse/books/historical-biographies-memoirs/3920_5196470_6575803"
            ],
            [
                "Military Biographies & Memoirs",
                "/browse/books/military-biographies-memoirs/3920_5196470_6622707"
            ]
        ]
    },
    {
        "title": "Girl Scout Council of the Nation's Capital",
        "url": "https://www.walmart.com/ip/Girl-Scout-Council-of-the-Nation-s-Capital-9781467120531/27430142",
        "price": "$20.01",
        "stars": 0,
        "ratings": 0,
        "img": "",
        "tags": [
            [
                "Cultural & Social Anthropology Books",
                "/browse/books/cultural-social-anthropology-books/3920_2761424_8176770_9998889_2451190"
            ],
            [
                "Food & Beverage History Books",
                "/browse/books/food-beverage-history-books/3920_3036003_2468891"
            ],
            [
                "Urban Sociology Books",
                "/browse/books/urban-sociology-books/3920_2761424_8176770_7590238_4383719"
            ],
            [
                "General State & Local United States History Books",
                "/browse/books/general-state-local-united-states-history-books/3920_582331_583318_8751259_5282315"
            ],
            [
                "Agriculture & Food Books",
                "/browse/books/agriculture-food-books/3920_2761424_8176770_5363566"
            ],
            [
                "Regional Photography Books",
                "/browse/books/regional-photography-books/3920_582321_5674104_4153737_5673664"
            ],
            [
                "Historical Photography Books",
                "/browse/books/historical-photography-books/3920_582321_5674104_4153737_6034450"
            ]
        ]
    },
    {
        "title": "Oldest Meditation System in History, from Ancient Egypt: The Glorious Light Meditation Technique of Ancient Egypt (Paperback)",
        "url": "https://www.walmart.com/ip/Oldest-Meditation-System-in-History-from-Ancient-Egypt-The-Glorious-Light-Meditation-Technique-of-Ancient-Egypt-Paperback-9781884564154/53612126",
        "price": "$16.23",
        "stars": 0,
        "ratings": 0,
        "img": "",
        "tags": [
            [
                "Ethics & Moral Philosophy Books",
                "/browse/books/ethics-moral-philosophy-books/3920_7051956_2457681"
            ],
            [
                "Ancient & Classical Art History Books",
                "/browse/books/ancient-classical-art-history-books/3920_582321_6907922_2433868_3927211"
            ],
            [
                "Prophecy",
                "/browse/books/prophecy/3920_1987289_582374_2718157_4299558"
            ],
            [
                "Metaphysics Philosophy Books",
                "/browse/books/metaphysics-philosophy-books/3920_7051956_5186445"
            ],
            [
                "Ancient",
                "/browse/books/ancient/3920_1987289_582055_7775024"
            ],
            [
                "African Language Books",
                "/browse/books/african-language-books/3920_2178204_9198807"
            ],
            [
                "Ethics",
                "/browse/books/ethics/3920_1987289_582055_9351757"
            ]
        ]
    },
    {
        "title": "The Fall of the West the Slow Death of the Roman Superpower. Adrian Goldsworthy (Paperback)",
        "url": "https://www.walmart.com/ip/The-Fall-of-the-West-the-Slow-Death-of-the-Roman-Superpower-Adrian-Goldsworthy-Paperback-9780753826928/229984108",
        "price": "$19.59",
        "stars": "4.1",
        "ratings": "7 ",
        "img": "",
        "tags": [
            [
                "Jewish History Books",
                "/browse/books/jewish-history-books/3920_582331_2032784"
            ],
            [
                "Global Warming & Climate Change Science Books",
                "/browse/books/global-warming-climate-change-science-books/3920_8529612_1841429_2676172"
            ],
            [
                "Slavery Books",
                "/browse/books/slavery-books/3920_2761424_8176770_2698525"
            ],
            [
                "Ancient Greek History Books",
                "/browse/books/ancient-greek-history-books/3920_582331_583299_7249354"
            ],
            [
                "Ancient & Classical Philosophy Books",
                "/browse/books/ancient-classical-philosophy-books/3920_7051956_5755650_8089789"
            ],
            [
                "Infectious Diseases Books",
                "/browse/books/infectious-diseases-books/3920_3203859_8119890"
            ],
            [
                "Political Novels",
                "/browse/books/political-novels/3920_582105_9435716_8350459"
            ]
        ]
    },
    {
        "title": "Sog : Secret Wars of America's Commandos in Vietnam",
        "url": "https://www.walmart.com/ip/Sog-Secret-Wars-of-America-s-Commandos-in-Vietnam-9780451195081/439850",
        "price": "$8.99",
        "stars": "5.0",
        "ratings": "2 ",
        "img": "",
        "tags": [
            [
                "20th Century United States History Books",
                "/browse/books/20th-century-united-states-history-books/3920_582331_583318_2158164"
            ],
            [
                "Veterans Military History Books",
                "/browse/books/veterans-military-history-books/3920_582331_583311_3447880"
            ],
            [
                "Japanese History Books",
                "/browse/books/japanese-history-books/3920_582331_583304_4024782"
            ],
            [
                "United States Military History Books",
                "/browse/books/united-states-military-history-books/3920_582331_583311_5218011"
            ],
            [
                "Military Biographies & Memoirs",
                "/browse/books/military-biographies-memoirs/3920_5196470_6622707"
            ],
            [
                "Aviation Military History Books",
                "/browse/books/aviation-military-history-books/3920_582331_583311_7759386"
            ],
            [
                "Southeast Asia History Books",
                "/browse/books/southeast-asia-history-books/3920_582331_583304_8810393"
            ]
        ]
    }
]