[
    {
        "title": "The People, No : A Brief History of Anti-Populism (Hardcover)",
        "url": "https://www.walmart.com/ip/The-People-No-A-Brief-History-of-Anti-Populism-Hardcover-9781250220110/530196759",
        "price": "$20.47",
        "stars": "5.0",
        "ratings": "1 ",
        "img": "",
        "tags": [
            [
                "Globalization Political Books",
                "/browse/books/globalization-political-books/3920_5764957_2432084"
            ],
            [
                "Comparative Politics Books",
                "/browse/books/comparative-politics-books/3920_5764957_3027898"
            ],
            [
                "Radicalism Political Ideology Books",
                "/browse/books/radicalism-political-ideology-books/3920_5764957_5916221_3454751"
            ],
            [
                "Faith",
                "/browse/books/faith/3920_1987289_582055_4111577"
            ],
            [
                "Historiography Books",
                "/browse/books/historiography-books/3920_582331_5007814"
            ],
            [
                "Fascism & Totalitarianism Political Ideologies Books",
                "/browse/books/fascism-totalitarianism-political-ideologies-books/3920_5764957_5916221_5743844"
            ],
            [
                "African Political Books",
                "/browse/books/african-political-books/3920_5764957_4546754_7073236"
            ],
            [
                "General South African History Books",
                "/browse/books/general-south-african-history-books/3920_582331_583297_5806086_9889866"
            ]
        ]
    },
    {
        "title": "Master American History in 1 Minute a Day",
        "url": "https://www.walmart.com/ip/Master-American-History-in-1-Minute-a-Day-9781641701235/732062528",
        "price": "$6.08",
        "stars": 0,
        "ratings": 0,
        "img": "",
        "tags": [
            [
                "Critical & Intensive Care Nursing Books",
                "/browse/books/critical-intensive-care-nursing-books/3920_3203859_7271537_2325340"
            ],
            [
                "Body Art & Tattooing Art Books",
                "/browse/books/body-art-tattooing-art-books/3920_582321_6907922_2358664"
            ],
            [
                "General History Books",
                "/browse/books/general-history-books/3920_582331_4867278"
            ],
            [
                "Study & Teaching History Books",
                "/browse/books/study-teaching-history-books/3920_582331_583317"
            ],
            [
                "African American Studies Books",
                "/browse/books/african-american-studies-books/3920_2761424_8176770_6537532_8322809"
            ],
            [
                "Reference History Books",
                "/browse/books/reference-history-books/3920_582331_8908940"
            ],
            [
                "North American History Books",
                "/browse/books/north-american-history-books/3920_582331_8938727"
            ]
        ]
    },
    {
        "title": "The Fireside Chats of Franklin Delano Roosevelt (Paperback)",
        "url": "https://www.walmart.com/ip/The-Fireside-Chats-of-Franklin-Delano-Roosevelt-Paperback-9781406840230/925640581",
        "price": "$14.34",
        "stars": "4.0",
        "ratings": "1 ",
        "img": "i5.walmartimages.com/asr/2a56ae23-0de3-47b7-88cd-af40b00567d4_1.1bec83ae071e90e2600e6bb7ef5ff324.jpeg?odnWidth=612&odnHeight=612&odnBg=ffffff",
        "tags": [
            [
                "Presidents & Heads of State Biographies & Memoirs",
                "/browse/books/presidents-heads-of-state-biographies-memoirs/3920_5196470_1329554"
            ],
            [
                "Vietnam War Military History Books",
                "/browse/books/vietnam-war-military-history-books/3920_582331_583311_3257381"
            ],
            [
                "20th Century Modern History Books",
                "/browse/books/20th-century-modern-history-books/3920_582331_583312_4386810"
            ],
            [
                "United States Military History Books",
                "/browse/books/united-states-military-history-books/3920_582331_583311_5218011"
            ],
            [
                "Russian History Books",
                "/browse/books/russian-history-books/3920_582331_5270253"
            ],
            [
                "Literary Collections - Speeches",
                "/browse/books/literary-collections-speeches/3920_582105_1393947_9992474"
            ]
        ]
    },
    {
        "title": "Patriotic Fire : Andrew Jackson and Jean Laffite at the Battle of New Orleans",
        "url": "https://www.walmart.com/ip/Patriotic-Fire-Andrew-Jackson-and-Jean-Laffite-at-the-Battle-of-New-Orleans-9781400095667/25654860",
        "price": "$16.53",
        "stars": "4.0",
        "ratings": "2 ",
        "img": "",
        "tags": [
            [
                "General Great Britain History Books",
                "/browse/books/general-great-britain-history-books/3920_582331_583303_9518896_2690415"
            ],
            [
                "Wars & Conflicts Military History Books",
                "/browse/books/wars-conflicts-military-history-books/3920_582331_583311_3280464"
            ],
            [
                "New King James Version",
                "/browse/books/new-king-james-version/3920_1987289_582374_9735184_5031088"
            ],
            [
                "United States Military History Books",
                "/browse/books/united-states-military-history-books/3920_582331_583311_5218011"
            ],
            [
                "History",
                "/browse/books/history/3920_1987289_582055_2719198_8345010"
            ]
        ]
    },
    {
        "title": "Making of America: del Rio:: Queen City of the Rio Grande (Paperback)",
        "url": "https://www.walmart.com/ip/Making-of-America-del-Rio-Queen-City-of-the-Rio-Grande-Paperback-9780738523873/24838474",
        "price": "$20.83",
        "stars": 0,
        "ratings": 0,
        "img": "",
        "tags": [
            [
                "General Political Books",
                "/browse/books/general-political-books/3920_5764957_2194732"
            ],
            [
                "Terrorism Political Books",
                "/browse/books/terrorism-political-books/3920_5764957_3181715"
            ],
            [
                "Regional Photography Books",
                "/browse/books/regional-photography-books/3920_582321_5674104_4153737_5673664"
            ],
            [
                "Southern State & Local United States History Books",
                "/browse/books/southern-state-local-united-states-history-books/3920_582331_583318_8751259_7485298"
            ],
            [
                "Middle Atlantic State & Local United States History Books",
                "/browse/books/middle-atlantic-state-local-united-states-history-books/3920_582331_583318_8751259_8598542"
            ],
            [
                "21st Century United States History Books",
                "/browse/books/21st-century-united-states-history-books/3920_582331_583318_9534820"
            ],
            [
                "Western State & Local United States History Books",
                "/browse/books/western-state-local-united-states-history-books/3920_582331_583318_8751259_9971122"
            ]
        ]
    },
    {
        "title": "Abandoned Detroit (Paperback)",
        "url": "https://www.walmart.com/ip/Abandoned-Detroit-Paperback-9781634991186/749204970",
        "price": "$19.25",
        "stars": 0,
        "ratings": 0,
        "img": "i5.walmartimages.com/asr/db54c58b-fb80-4860-ad44-955cfa6dd8c1_1.2ded0efdd85e66462cf0a5277343e5fb.jpeg?odnWidth=612&odnHeight=612&odnBg=ffffff",
        "tags": [
            [
                "Railroad History Books",
                "/browse/books/railroad-history-books/3920_9842685_1557508_9222171_2933614"
            ],
            [
                "Literary Collections - General",
                "/browse/books/literary-collections-general/3920_582105_1393947_3962021"
            ],
            [
                "Regional Photography Books",
                "/browse/books/regional-photography-books/3920_582321_5674104_4153737_5673664"
            ],
            [
                "Action & Adventure Novels",
                "/browse/books/action-adventure-novels/3920_582105_9435716_583290"
            ],
            [
                "Western Novels",
                "/browse/books/western-novels/3920_582105_9435716_584309"
            ],
            [
                "Historical Photography Books",
                "/browse/books/historical-photography-books/3920_582321_5674104_4153737_6034450"
            ],
            [
                "19th Century United States History Books",
                "/browse/books/19th-century-united-states-history-books/3920_582331_583318_6384924"
            ]
        ]
    },
    {
        "title": "Ghosts of the Blackstone Valley (Paperback)",
        "url": "https://www.walmart.com/ip/Ghosts-of-the-Blackstone-Valley-Paperback-9781467139595/929322388",
        "price": "$17.86",
        "stars": 0,
        "ratings": 0,
        "img": "i5.walmartimages.com/asr/d4be721c-8fa7-4e6a-90f8-bda58c787df8_1.4a3428475d164eff45aecf6a8a33c4f3.jpeg?odnWidth=612&odnHeight=612&odnBg=ffffff",
        "tags": []
    },
    {
        "title": "We Two : Victoria and Albert: Rulers, Partners, Rivals",
        "url": "https://www.walmart.com/ip/We-Two-Victoria-and-Albert-Rulers-Partners-Rivals-9780345520012/11144199",
        "price": "$15.09",
        "stars": "4.0",
        "ratings": "7 ",
        "img": "i5.walmartimages.com/asr/903ffc95-1b70-4c42-8283-2d9e09a2c26f_1.de97a039969b41df97342962fe1dd790.jpeg?odnWidth=612&odnHeight=612&odnBg=ffffff",
        "tags": [
            [
                "Celtic Language Books",
                "/browse/books/celtic-language-books/3920_2178204_1674127"
            ],
            [
                "General Political Books",
                "/browse/books/general-political-books/3920_5764957_2194732"
            ],
            [
                "Quotations Reference Books",
                "/browse/books/quotations-reference-books/3920_3943378_4327544"
            ],
            [
                "20th Century Great Britain History Books",
                "/browse/books/20th-century-great-britain-history-books/3920_582331_583303_9518896_5283973"
            ],
            [
                "Nuclear Warfare Military History Books",
                "/browse/books/nuclear-warfare-military-history-books/3920_582331_583311_5347590"
            ],
            [
                "River Ecosystem & Habitat Books",
                "/browse/books/river-ecosystem-habitat-books/3920_8529612_4668181_8001252_6451010"
            ],
            [
                "Anecdotes & Quotations",
                "/browse/books/anecdotes-quotations/3920_4310685_7480885"
            ]
        ]
    },
    {
        "title": "Illuminati : Manual del Globalismo Y Desorden Mundial",
        "url": "https://www.walmart.com/ip/Illuminati-Manual-del-Globalismo-Y-Desorden-Mundial-9781674523231/787561295",
        "price": "$15.41",
        "stars": 0,
        "ratings": 0,
        "img": "",
        "tags": [
            [
                "Future Studies Books",
                "/browse/books/future-studies-books/3920_2761424_8176770_1721846"
            ],
            [
                "Evolution Life Science Books",
                "/browse/books/evolution-life-science-books/3920_8529612_1841429_1678456_4103014"
            ],
            [
                "Civilization History Books",
                "/browse/books/civilization-history-books/3920_582331_583301"
            ],
            [
                "General United States History Books",
                "/browse/books/general-united-states-history-books/3920_582331_583318_6419794"
            ],
            [
                "Urban & Land Use Planning Books",
                "/browse/books/urban-land-use-planning-books/3920_582321_4942684_7061929"
            ],
            [
                "Middle Atlantic State & Local United States History Books",
                "/browse/books/middle-atlantic-state-local-united-states-history-books/3920_582331_583318_8751259_8598542"
            ],
            [
                "19th Century Modern History Books",
                "/browse/books/19th-century-modern-history-books/3920_582331_583312_9071069"
            ],
            [
                "General Pet Books",
                "/browse/books/general-pet-books/3920_5611252_3413258_9401436"
            ]
        ]
    },
    {
        "title": "Agent Jack : The True Story of Mi5's Secret Nazi Hunter (Hardcover)",
        "url": "https://www.walmart.com/ip/Agent-Jack-The-True-Story-of-Mi5-s-Secret-Nazi-Hunter-Hardcover-9781250221766/266240349",
        "price": "$8.99",
        "stars": "4.0",
        "ratings": "1 ",
        "img": "i5.walmartimages.com/asr/592788d5-ac51-4c03-b6c2-84ed50a1ecc3_2.36c6a7ef4e76ca91809ae5941b0e631a.jpeg?odnWidth=612&odnHeight=612&odnBg=ffffff",
        "tags": [
            [
                "Presidents & Heads of State Biographies & Memoirs",
                "/browse/books/presidents-heads-of-state-biographies-memoirs/3920_5196470_1329554"
            ],
            [
                "Revolutionary Period United States History Books",
                "/browse/books/revolutionary-period-united-states-history-books/3920_582331_583318_1871798"
            ],
            [
                "Holocaust History Books",
                "/browse/books/holocaust-history-books/3920_582331_3837857"
            ],
            [
                "19th Century United States History Books",
                "/browse/books/19th-century-united-states-history-books/3920_582331_583318_6384924"
            ],
            [
                "Political Biographies & Memoirs",
                "/browse/books/political-biographies-memoirs/3920_5196470_7578606"
            ],
            [
                "Women Biographies & Memoirs",
                "/browse/books/women-biographies-memoirs/3920_5196470_7667225"
            ],
            [
                "Cultural Heritage Biographies & Memoirs",
                "/browse/books/cultural-heritage-biographies-memoirs/3920_5196470_8577664"
            ]
        ]
    }
]