[
    {
        "title": "Selena: como la flor",
        "url": "https://www.walmart.com/ip/Selena-como-la-flor-9780425171240/665994",
        "price": "$8.54",
        "stars": 0,
        "ratings": 0,
        "img": "i5.walmartimages.com/asr/1ab33f41-4f24-4678-8927-417090f84500_1.fa522558d91cbb0c51d5b368c67d157b.jpeg?odnWidth=612&odnHeight=612&odnBg=ffffff",
        "tags": [
            [
                "Country & Bluegrass Music Books",
                "/browse/books/country-bluegrass-music-books/3920_582321_1318217_4267978_2232693"
            ],
            [
                "Heavy Metal Music Books",
                "/browse/books/heavy-metal-music-books/3920_582321_1318217_4267978_4196114"
            ],
            [
                "Rock Music Books",
                "/browse/books/rock-music-books/3920_582321_1318217_4267978_6186495"
            ],
            [
                "Individual Composer & Artist Music Books",
                "/browse/books/individual-composer-artist-music-books/3920_582321_1318217_6688455"
            ],
            [
                "Women Biographies & Memoirs",
                "/browse/books/women-biographies-memoirs/3920_5196470_7667225"
            ],
            [
                "Entertainment & Performing Arts Biographies & Memoirs",
                "/browse/books/entertainment-performing-arts-biographies-memoirs/3920_5196470_9350306"
            ],
            [
                "Biographies & Memoirs",
                "/browse/books/biographies-memoirs/3920_9420011_9645853"
            ],
            [
                "Personal Memoirs",
                "/browse/books/personal-memoirs/3920_5196470_9711945"
            ]
        ]
    },
    {
        "title": "The Pioneer Woman : Black Heels to Tractor Wheels: A Love Story (Paperback)",
        "url": "https://www.walmart.com/ip/The-Pioneer-Woman-Paperback-9780061997174/16938955",
        "price": "$12.16",
        "stars": "3.9",
        "ratings": "45 ",
        "img": "",
        "tags": [
            [
                "Mother's Day Cookbooks",
                "/browse/books/mothers-day-cookbooks/3920_7458265_3158552"
            ],
            [
                "General American Cookbooks",
                "/browse/books/general-american-cookbooks/3920_3036003_9740893_3841345_4218456"
            ],
            [
                "Mother's Day Gift Guide Books",
                "/browse/books/mothers-day-gift-guide-books/3920_7458265_5685062"
            ],
            [
                "Top 100 Cookbooks",
                "/browse/books/top-100-cookbooks/3920_3036003_7482600"
            ],
            [
                "General Courses & Dishes Cookbooks",
                "/browse/books/general-courses-dishes-cookbooks/3920_3036003_2985464_8908751"
            ],
            [
                "Pioneer Woman Cookbooks",
                "/browse/books/pioneer-woman-cookbooks/3920_3036003_9018630"
            ],
            [
                "General Cookbooks",
                "/browse/books/general-cookbooks/3920_3036003_9410902"
            ],
            [
                "Quick & Easy Cookbooks",
                "/browse/books/quick-easy-cookbooks/3920_3036003_6677130_9765573"
            ]
        ]
    },
    {
        "title": "The Gift : 12 Lessons to Save Your Life (Hardcover)",
        "url": "https://www.walmart.com/ip/The-Gift-12-Lessons-to-Save-Your-Life-Hardcover-9781982143091/489410018",
        "price": "$17.99",
        "stars": 0,
        "ratings": 0,
        "img": "",
        "tags": [
            [
                "Tarot Cards & Books",
                "/browse/books/tarot-cards-books/3920_1987289_1946456"
            ],
            [
                "Witchcraft",
                "/browse/books/witchcraft/3920_1987289_5383544_2856819"
            ],
            [
                "Adult Non-Fiction Top 100",
                "/browse/books/adult-non-fiction-top-100/3920_1057224_3049267"
            ],
            [
                "Success",
                "/browse/books/success/3920_5642757_9479316_4052595"
            ],
            [
                "Personal Growth",
                "/browse/books/personal-growth/3920_1987289_582374_8324310_8811610"
            ],
            [
                "Happiness",
                "/browse/books/happiness/3920_5642757_9479316_9355247"
            ],
            [
                "Women's Issues",
                "/browse/books/womens-issues/3920_1987289_582374_8324310_9563912"
            ]
        ]
    },
    {
        "title": "Out of Africa - Hardcover",
        "url": "https://www.walmart.com/ip/Out-of-Africa-Hardcover-9780679600213/380997",
        "price": "$18.58",
        "stars": "4.1",
        "ratings": "30 ",
        "img": "i5.walmartimages.com/asr/bdf4dbd5-fc8d-40a3-9459-abc3c7cac1cb_1.2da06ef3e96f726b1937afd254d2c341.jpeg?odnWidth=612&odnHeight=612&odnBg=ffffff",
        "tags": [
            [
                "Rich & Famous Biographies & Memoirs",
                "/browse/books/rich-famous-biographies-memoirs/3920_5196470_2244664"
            ],
            [
                "Body Art & Tattooing Art Books",
                "/browse/books/body-art-tattooing-art-books/3920_582321_6907922_2358664"
            ],
            [
                "Body, Mind & Spirit Kids' Books",
                "/browse/books/body-mind-spirit-kids-books/3920_582053_4172038"
            ],
            [
                "Mother's Day Gift Guide Books",
                "/browse/books/mothers-day-gift-guide-books/3920_7458265_5685062"
            ],
            [
                "Women Biographies & Memoirs",
                "/browse/books/women-biographies-memoirs/3920_5196470_7667225"
            ],
            [
                "MLB Books",
                "/browse/books/mlb-books/3920_8924365_8749248"
            ],
            [
                "Entertainment & Performing Arts Biographies & Memoirs",
                "/browse/books/entertainment-performing-arts-biographies-memoirs/3920_5196470_9350306"
            ]
        ]
    },
    {
        "title": "We Were Rich and We Didn't Know It : A Memoir of My Irish Boyhood",
        "url": "https://www.walmart.com/ip/We-Were-Rich-and-We-Didn-t-Know-It-A-Memoir-of-My-Irish-Boyhood-9781501197093/841734327",
        "price": "$7.49",
        "stars": "4.0",
        "ratings": "1 ",
        "img": "i5.walmartimages.com/asr/bf7e1266-eb8d-4e9e-8f19-75f563480869_1.7dafd42827d2a19b2528d7d5bb0a7037.jpeg?odnWidth=612&odnHeight=612&odnBg=ffffff",
        "tags": [
            [
                "Rich & Famous Biographies & Memoirs",
                "/browse/books/rich-famous-biographies-memoirs/3920_5196470_2244664"
            ],
            [
                "Body Art & Tattooing Art Books",
                "/browse/books/body-art-tattooing-art-books/3920_582321_6907922_2358664"
            ],
            [
                "Body, Mind & Spirit Kids' Books",
                "/browse/books/body-mind-spirit-kids-books/3920_582053_4172038"
            ],
            [
                "Mother's Day Gift Guide Books",
                "/browse/books/mothers-day-gift-guide-books/3920_7458265_5685062"
            ],
            [
                "Women Biographies & Memoirs",
                "/browse/books/women-biographies-memoirs/3920_5196470_7667225"
            ],
            [
                "MLB Books",
                "/browse/books/mlb-books/3920_8924365_8749248"
            ],
            [
                "Entertainment & Performing Arts Biographies & Memoirs",
                "/browse/books/entertainment-performing-arts-biographies-memoirs/3920_5196470_9350306"
            ]
        ]
    },
    {
        "title": "Coco Chanel : The Illustrated World of a Fashion Icon",
        "url": "https://www.walmart.com/ip/Coco-Chanel-The-Illustrated-World-of-a-Fashion-Icon-9781743790663/46127395",
        "price": "$21.57",
        "stars": 0,
        "ratings": 0,
        "img": "",
        "tags": [
            [
                "Women's Perspective Biographies & Autobiographies for Kids",
                "/browse/books/womens-perspective-biographies-autobiographies-for-kids/3920_582053_9228860_2788065"
            ],
            [
                "Artist Biographies & Autobiographies for Kids",
                "/browse/books/artist-biographies-autobiographies-for-kids/3920_582053_9228860_3053357"
            ],
            [
                "General Art History Books",
                "/browse/books/general-art-history-books/3920_582321_6907922_2433868_3443973"
            ],
            [
                "Fashion Biographies & Memoirs",
                "/browse/books/fashion-biographies-memoirs/3920_5196470_6795929"
            ],
            [
                "Cultural Heritage Novels",
                "/browse/books/cultural-heritage-novels/3920_582105_9435716_7003457"
            ],
            [
                "Biographical Novels",
                "/browse/books/biographical-novels/3920_582105_9435716_7039069"
            ],
            [
                "Fashion Kids' Books",
                "/browse/books/fashion-kids-books/3920_582053_582564_8875897"
            ],
            [
                "Fashion & Accessories Design Books",
                "/browse/books/fashion-accessories-design-books/3920_582321_9365291_9285205"
            ]
        ]
    },
    {
        "title": "unPHILtered : The Way I See It",
        "url": "https://www.walmart.com/ip/unPHILtered-The-Way-I-See-It-9781476766232/30526614",
        "price": "$19.73",
        "stars": "4.8",
        "ratings": "5 ",
        "img": "",
        "tags": [
            [
                "Religious Biographies & Memoirs",
                "/browse/books/religious-biographies-memoirs/3920_5196470_1947523"
            ],
            [
                "Religion, Science & State",
                "/browse/books/religion-science-state/3920_1987289_582055_3159800"
            ],
            [
                "Sociology of Religion Books",
                "/browse/books/sociology-of-religion-books/3920_2761424_8176770_4262895"
            ],
            [
                "Social Issues",
                "/browse/books/social-issues/3920_1987289_582374_8324310_7114936"
            ],
            [
                "Women Biographies & Memoirs",
                "/browse/books/women-biographies-memoirs/3920_5196470_7667225"
            ],
            [
                "Israel Travel Books, Maps & Guides",
                "/browse/books/israel-travel-books-maps-guides/3920_9360990_6219934_2704185_8703752"
            ],
            [
                "Entertainment & Performing Arts Biographies & Memoirs",
                "/browse/books/entertainment-performing-arts-biographies-memoirs/3920_5196470_9350306"
            ],
            [
                "Personal Memoirs",
                "/browse/books/personal-memoirs/3920_5196470_9711945"
            ]
        ]
    },
    {
        "title": "Kate and Mim-Mim: Super Kate (DVD)",
        "url": "https://www.walmart.com/ip/Kate-and-Mim-Mim-Super-Kate-DVD/55848783",
        "price": "$8.00",
        "stars": 0,
        "ratings": 0,
        "img": "",
        "tags": [
            [
                "Anime Action",
                "/browse/movies-tv-shows/anime-action/4096_530719_1010219_1010220"
            ],
            [
                "Anime for Children",
                "/browse/movies-tv-shows/anime-for-children/4096_530719_1010219_1010226"
            ],
            [
                "All Animation & Cartoons",
                "/browse/movies-tv-shows/all-animation-cartoons/4096_530719_1010219_1010227"
            ],
            [
                "Paw Patrol Movies",
                "/browse/paw-patrol-movies/4096_2901676"
            ],
            [
                "Instawatch Animation Movies",
                "/browse/movies-tv-shows/instawatch-animation-movies/4096_1228693_3169926"
            ],
            [
                "Scooby Doo Movies",
                "/browse/movies-tv-shows/scooby-doo-movies/4096_530719_1057424_3812254"
            ],
            [
                "All Anime & Animation",
                "/browse/movies-tv-shows/all-anime-animation/4096_530598_530699_3849438"
            ],
            [
                "Animated Drama Movies",
                "/browse/movies-tv-shows/animated-drama-movies/4096_530598_530699_531380"
            ]
        ]
    },
    {
        "title": "A: No Time for Spectators : The Lessons That Mattered Most from West Point to the West Wing (Hardcover)",
        "url": "https://www.walmart.com/ip/A-No-Time-for-Spectators-The-Lessons-That-Mattered-Most-from-West-Point-to-the-West-Wing-Hardcover-9781939714213/828378580",
        "price": "$16.46",
        "stars": 0,
        "ratings": 0,
        "img": "",
        "tags": [
            [
                "Presidents & Heads of State Biographies & Memoirs",
                "/browse/books/presidents-heads-of-state-biographies-memoirs/3920_5196470_1329554"
            ],
            [
                "United States Military History Books",
                "/browse/books/united-states-military-history-books/3920_582331_583311_5218011"
            ],
            [
                "Iraq War Military History Books",
                "/browse/books/iraq-war-military-history-books/3920_582331_583311_5595964"
            ],
            [
                "Afghan War Military History Books",
                "/browse/books/afghan-war-military-history-books/3920_582331_583311_7734636"
            ],
            [
                "World War II Military History Books",
                "/browse/books/world-war-ii-military-history-books/3920_582331_583311_7930108"
            ],
            [
                "Naval Military History Books",
                "/browse/books/naval-military-history-books/3920_582331_583311_8177237"
            ],
            [
                "Biographies & Memoirs",
                "/browse/books/biographies-memoirs/3920_9420011_9645853"
            ]
        ]
    },
    {
        "title": "The Reaper : Autobiography of One of the Deadliest Special Ops Snipers (Paperback)",
        "url": "https://www.walmart.com/ip/The-Reaper-Autobiography-of-One-of-the-Deadliest-Special-Ops-Snipers-9781250080608/47876324",
        "price": "$16.19",
        "stars": "3.0",
        "ratings": "4 ",
        "img": "",
        "tags": [
            [
                "Presidents & Heads of State Biographies & Memoirs",
                "/browse/books/presidents-heads-of-state-biographies-memoirs/3920_5196470_1329554"
            ],
            [
                "United States Military History Books",
                "/browse/books/united-states-military-history-books/3920_582331_583311_5218011"
            ],
            [
                "Iraq War Military History Books",
                "/browse/books/iraq-war-military-history-books/3920_582331_583311_5595964"
            ],
            [
                "Afghan War Military History Books",
                "/browse/books/afghan-war-military-history-books/3920_582331_583311_7734636"
            ],
            [
                "World War II Military History Books",
                "/browse/books/world-war-ii-military-history-books/3920_582331_583311_7930108"
            ],
            [
                "Naval Military History Books",
                "/browse/books/naval-military-history-books/3920_582331_583311_8177237"
            ],
            [
                "Biographies & Memoirs",
                "/browse/books/biographies-memoirs/3920_9420011_9645853"
            ]
        ]
    }
]