[
    {
        "title": "En La Bsqueda de Dios : God Chasers",
        "url": "https://www.walmart.com/ip/En-La-Bsqueda-de-Dios-God-Chasers-9780789910776/20727354",
        "price": "$7.55",
        "stars": "3.0",
        "ratings": "1 ",
        "img": "",
        "tags": []
    },
    {
        "title": "A Faith Called Christianity (Paperback)",
        "url": "https://www.walmart.com/ip/A-Faith-Called-Christianity-Paperback-9781460007457/605237532",
        "price": "$26.65",
        "stars": 0,
        "ratings": 0,
        "img": "i5.walmartimages.com/asr/3fd971da-0a60-44ed-b764-6e61a31e0f20_1.7a962cc2067540be63031a187d1c76d3.jpeg?odnWidth=612&odnHeight=612&odnBg=ffffff",
        "tags": []
    },
    {
        "title": "Coloring Creations Greeting Cards(tm) for Kids - Splash : With Scripture",
        "url": "https://www.walmart.com/ip/Coloring-Creations-Greeting-Cards-tm-for-Kids-Splash-With-Scripture-9781470744892/53887700",
        "price": "$8.99",
        "stars": 0,
        "ratings": 0,
        "img": "",
        "tags": [
            [
                "Die-Cut Dies",
                "/browse/arts-crafts-sewing/die-cut-dies/1334134_3123463_2217520"
            ],
            [
                "DIY Wedding Invitations",
                "/browse/arts-crafts-sewing/diy-wedding-invitations/1334134_5854524_2471059"
            ],
            [
                "Die Cutting Tools & Accessories",
                "/browse/arts-crafts-sewing/die-cutting-tools-accessories/1334134_3123463_2762328"
            ],
            [
                "Sizzix Die Cut Accessories",
                "/browse/arts-crafts-sewing/sizzix-die-cut-accessories/1334134_3359903_3225905"
            ],
            [
                "Die Cut Machines",
                "/browse/arts-crafts-sewing/die-cut-machines/1334134_3123463_3276179"
            ],
            [
                "Embossing",
                "/browse/arts-crafts-sewing/embossing/1334134_6172404_4854691_7459663"
            ],
            [
                "Die-Cut Plates",
                "/browse/arts-crafts-sewing/die-cut-plates/1334134_3123463_7533213"
            ],
            [
                "Sizzix Die Cut Machines",
                "/browse/arts-crafts-sewing/sizzix-die-cut-machines/1334134_3359903_8377380"
            ]
        ]
    },
    {
        "title": "Held : 31 Biblical Reflections on God's Comfort and Care in the Sorrow of Miscarriage (Hardcover)",
        "url": "https://www.walmart.com/ip/Held-31-Biblical-Reflections-on-God-s-Comfort-and-Care-in-the-Sorrow-of-Miscarriage-Hardcover-9781784984779/186611047",
        "price": "$17.99",
        "stars": 0,
        "ratings": 0,
        "img": "",
        "tags": []
    },
    {
        "title": "New Testament Crosswords, Galatians in the New International Version (Paperback)",
        "url": "https://www.walmart.com/ip/New-Testament-Crosswords-Galatians-in-the-New-International-Version-Paperback-9781734076486/303481646",
        "price": "$18.00",
        "stars": 0,
        "ratings": 0,
        "img": "",
        "tags": []
    },
    {
        "title": "Jesus Calling(r): Jesus Calling Note-Taking Edition, Leathersoft, Black, with Full Scriptures : Enjoying Peace in His Presence (Hardcover)",
        "url": "https://www.walmart.com/ip/Jesus-Calling-r-Jesus-Calling-Note-Taking-Edition-Leathersoft-Black-with-Full-Scriptures-Enjoying-Peace-in-His-Presence-Hardcover-9781400213702/550715425",
        "price": "$19.36",
        "stars": 0,
        "ratings": 0,
        "img": "",
        "tags": []
    },
    {
        "title": "My First Catholic Book of Prayers and Graces (Board Book)",
        "url": "https://www.walmart.com/ip/My-First-Catholic-Book-of-Prayers-and-Graces-Board-Book-9780882713809/52870147",
        "price": "$7.95",
        "stars": 0,
        "ratings": 0,
        "img": "",
        "tags": []
    },
    {
        "title": "A Woman After God's Own Heart(r) Growth and Study Guide (Paperback)",
        "url": "https://www.walmart.com/ip/A-Woman-After-God-s-Own-Heart-r-Growth-and-Study-Guide-Paperback-9780736959643/39124778",
        "price": "$11.19",
        "stars": 0,
        "ratings": 0,
        "img": "",
        "tags": []
    },
    {
        "title": "Epistles : Biblestudy Crosswords (Paperback)",
        "url": "https://www.walmart.com/ip/Epistles-Biblestudy-Crosswords-Paperback-9781973684176/238918554",
        "price": "$12.64",
        "stars": 0,
        "ratings": 0,
        "img": "",
        "tags": []
    },
    {
        "title": "A Skeptic's Guide to Faith : What It Takes to Make the Leap (Paperback)",
        "url": "https://www.walmart.com/ip/A-Skeptic-s-Guide-to-Faith-Paperback-9780310325024/11044154",
        "price": "$13.93",
        "stars": 0,
        "ratings": 0,
        "img": "",
        "tags": [
            [
                "Spiritual Growth",
                "/browse/books/spiritual-growth/3920_1987289_582374_8324310_1480379"
            ],
            [
                "Family",
                "/browse/books/family/3920_1987289_582374_8324310_1974555"
            ],
            [
                "Adult Non-Fiction Top 100",
                "/browse/books/adult-non-fiction-top-100/3920_1057224_3049267"
            ],
            [
                "Success",
                "/browse/books/success/3920_5642757_9479316_4052595"
            ],
            [
                "Motivational & Inspirational Self-Help Books",
                "/browse/books/motivational-inspirational-self-help-books/3920_5642757_5080634"
            ],
            [
                "Counseling & Recovery",
                "/browse/books/counseling-recovery/3920_1987289_582374_8889295_8420052"
            ],
            [
                "Spirituality",
                "/browse/books/spirituality/3920_1987289_582055_8803444"
            ],
            [
                "Women's Issues",
                "/browse/books/womens-issues/3920_1987289_582374_8324310_9563912"
            ]
        ]
    }
]