[
    {
        "title": "Woman of Color",
        "url": "https://www.walmart.com/ip/Woman-of-Color-9781419732942/462913707",
        "price": "$8.88",
        "stars": 0,
        "ratings": 0,
        "img": "i5.walmartimages.com/asr/f0e7c8f4-804f-4242-8d15-28ee197cb595_1.4310af0721a29b538e46cfa2036c72d1.jpeg?odnWidth=612&odnHeight=612&odnBg=ffffff",
        "tags": [
            [
                "United States Kids' Books",
                "/browse/books/united-states-kids-books/3920_582053_584182_4531519"
            ],
            [
                "Essays on Social Science Books",
                "/browse/books/essays-social-science-books/3920_2761424_8176770_4764892"
            ],
            [
                "Prejudice & Racism Kids' Books",
                "/browse/books/prejudice-racism-kids-books/3920_582053_585928_585960"
            ],
            [
                "Essays",
                "/browse/books/essays/3920_4310685_7036347"
            ],
            [
                "Death, Grief & Loss Poetry Books",
                "/browse/books/death-grief-loss-poetry-books/3920_582105_9408377_5516974_7432315"
            ],
            [
                "Poetry Books by Female Poets",
                "/browse/books/poetry-books-by-female-poets/3920_582105_9408377_8732025"
            ],
            [
                "African American Poetry Books",
                "/browse/books/african-american-poetry-books/3920_582105_9408377_5501336_9415520"
            ],
            [
                "Discrimination & Race Relations Books",
                "/browse/books/discrimination-race-relations-books/3920_2761424_8176770_9541682"
            ]
        ]
    },
    {
        "title": "Millie Marotta Adult Coloring Book: Beautiful Birds and Treetop Treasures (Paperback)",
        "url": "https://www.walmart.com/ip/Millie-Marotta-Adult-Coloring-Book-Beautiful-Birds-and-Treetop-Treasures-Paperback-9781454710189/55831970",
        "price": "$4.25",
        "stars": "5.0",
        "ratings": "1 ",
        "img": "",
        "tags": [
            [
                "Classic Kids' Books",
                "/browse/books/classic-kids-books/3920_582053_1106632"
            ],
            [
                "Iceland & Greenland Travel Books",
                "/browse/books/iceland-greenland-travel-books/3920_9360990_6219934_4194849_1248402"
            ],
            [
                "Western Novels",
                "/browse/books/western-novels/3920_582105_9435716_584309"
            ],
            [
                "Prejudice & Racism Kids' Books",
                "/browse/books/prejudice-racism-kids-books/3920_582053_585928_585960"
            ],
            [
                "Drawing Books",
                "/browse/books/drawing-books/3920_582321_6907922_9561236_8554153"
            ],
            [
                "Coloring Books",
                "/browse/books/coloring-books/3920_582321_6907922_9561236_9744706"
            ]
        ]
    },
    {
        "title": "Guitar Chords - eBook",
        "url": "https://www.walmart.com/ip/Guitar-Chords-eBook-9781513400228/638025423",
        "price": "$5.99",
        "stars": 0,
        "ratings": 0,
        "img": "i5.walmartimages.com/asr/2c3ba736-1385-42f6-b065-cad381046ebd_1.6eb17134f8202837f11e93ee72d6c729.jpeg?odnWidth=612&odnHeight=612&odnBg=ffffff",
        "tags": [
            [
                "Pop Vocal Music Books",
                "/browse/books/pop-vocal-music-books/3920_582321_1318217_4267978_1753418"
            ],
            [
                "Education Reference Books",
                "/browse/books/education-reference-books/3920_4284269_2734517"
            ],
            [
                "Music Theory Books",
                "/browse/books/music-theory-books/3920_582321_1318217_3249849_3200093"
            ],
            [
                "Woodwinds Books",
                "/browse/books/woodwinds-books/3920_582321_1318217_1527994_3290686"
            ],
            [
                "Recording & Reproduction Music Books",
                "/browse/books/recording-reproduction-music-books/3920_582321_1318217_4028784"
            ],
            [
                "Guitar & Fretted Instrument Printed Music Books",
                "/browse/books/guitar-fretted-instrument-printed-music-books/3920_582321_1318217_8863128_6217329"
            ],
            [
                "Guitar Books",
                "/browse/books/guitar-books/3920_582321_1318217_1527994_6410274"
            ],
            [
                "Korean Language Books",
                "/browse/books/korean-language-books/3920_2178204_7579812"
            ]
        ]
    },
    {
        "title": "Copper, Brass and Bronze of Iran: From the Late 14th to the Mid-18th Century in the Hermitage Collection (Hardcover)",
        "url": "https://www.walmart.com/ip/Copper-Brass-and-Bronze-of-Iran-From-the-Late-14th-to-the-Mid-18th-Century-in-the-Hermitage-Collection-Hardcover-9781898592372/110890592",
        "price": "$43.59",
        "stars": 0,
        "ratings": 0,
        "img": "",
        "tags": []
    },
    {
        "title": "Fundamentals: The Fundamentals of Interior Design (Paperback)",
        "url": "https://www.walmart.com/ip/Fundamentals-The-Fundamentals-of-Interior-Design-Paperback-9781350106567/536648610",
        "price": "$27.20",
        "stars": 0,
        "ratings": 0,
        "img": "i5.walmartimages.com/asr/39476bfc-98e7-439f-b374-80522c646753_1.fce63b8ea7edcf0aa21a95a69b6fd87d.jpeg?odnWidth=612&odnHeight=612&odnBg=ffffff",
        "tags": [
            [
                "Decorating Crafts & Hobbies Books",
                "/browse/books/decorating-crafts-hobbies-books/3920_582361_1850433"
            ],
            [
                "History & Criticism Design Books",
                "/browse/books/history-criticism-design-books/3920_582321_9365291_3745571"
            ],
            [
                "Decorative Arts Books",
                "/browse/books/decorative-arts-books/3920_582321_9365291_5173805"
            ],
            [
                "Remodeling & Renovation Books",
                "/browse/books/remodeling-renovation-books/3920_5611252_1505656_7443465"
            ],
            [
                "Decoration & Ornament Books",
                "/browse/books/decoration-ornament-books/3920_582321_4942684_8247025"
            ],
            [
                "Early Childhood Education Books",
                "/browse/books/early-childhood-education-books/3920_4284269_8387148"
            ],
            [
                "Residential Architecture Books",
                "/browse/books/residential-architecture-books/3920_582321_4942684_3275222_8752830"
            ],
            [
                "Decorating",
                "/browse/books/decorating/3920_5611252_1505656_9253864"
            ]
        ]
    },
    {
        "title": "National Gallery of Art 2021 Engagement Calendar",
        "url": "https://www.walmart.com/ip/National-Gallery-of-Art-2021-Engagement-Calendar-9780789338372/541149229",
        "price": "$15.99",
        "stars": 0,
        "ratings": 0,
        "img": "",
        "tags": [
            [
                "General Art History Books",
                "/browse/books/general-art-history-books/3920_582321_6907922_2433868_3443973"
            ],
            [
                "Sculpture & Installation Art Books",
                "/browse/books/sculpture-installation-art-books/3920_582321_6907922_4048542"
            ],
            [
                "Contemporary Art History Books",
                "/browse/books/contemporary-art-history-books/3920_582321_6907922_2433868_4373375"
            ],
            [
                "European Art Books",
                "/browse/books/european-art-books/3920_582321_6907922_4378258"
            ],
            [
                "Prints Art Books",
                "/browse/books/prints-art-books/3920_582321_6907922_5218431"
            ],
            [
                "Modern Art History Books",
                "/browse/books/modern-art-history-books/3920_582321_6907922_2433868_6014061"
            ],
            [
                "Toys Antiques & Collectibles Books",
                "/browse/books/toys-antiques-collectibles-books/3920_582361_1025960_6086447"
            ],
            [
                "Collections, Catalogs & Exhibitions Books",
                "/browse/books/collections-catalogs-exhibitions-books/3920_582321_5674104_8075710"
            ]
        ]
    },
    {
        "title": "The Teenage Slasher Movie Book, 2nd Revised and Expanded Edition (Paperback)",
        "url": "https://www.walmart.com/ip/The-Teenage-Slasher-Movie-Book-2nd-Revised-and-Expanded-Edition-Paperback-9781620083079/121832623",
        "price": "$19.57",
        "stars": 0,
        "ratings": 0,
        "img": "",
        "tags": [
            [
                "History & Criticism Film Books",
                "/browse/books/history-criticism-film-books/3920_582321_6572320_5808584_1932437"
            ],
            [
                "No-Ficcion Libros Para Ninos",
                "/browse/books/no-ficcion-libros-para-ninos/3920_226139_2023215"
            ],
            [
                "New King James Version",
                "/browse/books/new-king-james-version/3920_1987289_582374_9735184_5031088"
            ],
            [
                "General Theater Books",
                "/browse/books/general-theater-books/3920_582321_6572320_2934601_5209413"
            ],
            [
                "Spanish Kids' Books",
                "/browse/books/spanish-kids-books/3920_582053_6724927_5353011"
            ],
            [
                "Individual Film Director Books",
                "/browse/books/individual-film-director-books/3920_582321_6572320_5615338"
            ],
            [
                "Film Reference Books",
                "/browse/books/film-reference-books/3920_582321_6572320_5808584_8582473"
            ],
            [
                "Historical Film Books",
                "/browse/books/historical-film-books/3920_582321_6572320_5808584_9271461"
            ]
        ]
    },
    {
        "title": "Worship - Super Easy Songbook (Paperback)",
        "url": "https://www.walmart.com/ip/Worship-Super-Easy-Songbook-Paperback-9781540054401/976284207",
        "price": "$13.45",
        "stars": 0,
        "ratings": 0,
        "img": "i5.walmartimages.com/asr/f1053e3b-3fff-4f58-9483-7a1ea0d3bec3_1.1d30b0f04779752d242644f075d8a8ae.jpeg?odnWidth=612&odnHeight=612&odnBg=ffffff",
        "tags": [
            [
                "Pop Vocal Music Books",
                "/browse/books/pop-vocal-music-books/3920_582321_1318217_4267978_1753418"
            ],
            [
                "General Music Instruction & Study Books",
                "/browse/books/general-music-instruction-study-books/3920_582321_1318217_3249849_2472952"
            ],
            [
                "Piano & Keyboard Books",
                "/browse/books/piano-keyboard-books/3920_582321_1318217_1527994_3613505"
            ],
            [
                "Strings Books",
                "/browse/books/strings-books/3920_582321_1318217_1527994_4828820"
            ],
            [
                "Rock Music Books",
                "/browse/books/rock-music-books/3920_582321_1318217_4267978_6186495"
            ],
            [
                "Guitar Books",
                "/browse/books/guitar-books/3920_582321_1318217_1527994_6410274"
            ],
            [
                "Classical Music Books",
                "/browse/books/classical-music-books/3920_582321_1318217_4267978_7781985"
            ],
            [
                "Children's Music Books",
                "/browse/books/childrens-music-books/3920_582321_1318217_4267978_8420615"
            ]
        ]
    },
    {
        "title": "Sons of Anarchy : The Official Collector's Edition",
        "url": "https://www.walmart.com/ip/Sons-of-Anarchy-The-Official-Collector-s-Edition-9781618931276/39121296",
        "price": "$25.28",
        "stars": "5.0",
        "ratings": "5 ",
        "img": "",
        "tags": []
    },
    {
        "title": "Ernst Haas : New York in Color, 1952-1962 (Hardcover)",
        "url": "https://www.walmart.com/ip/Ernst-Haas-New-York-in-Color-1952-1962-Hardcover-9783791386546/438697961",
        "price": "$44.67",
        "stars": 0,
        "ratings": 0,
        "img": "",
        "tags": [
            [
                "Plants & Animals Photography Books",
                "/browse/books/plants-animals-photography-books/3920_582321_5674104_4153737_1664473"
            ],
            [
                "Erotica Photography Books",
                "/browse/books/erotica-photography-books/3920_582321_5674104_4153737_3491201"
            ],
            [
                "Portraits & Selfies Photography Books",
                "/browse/books/portraits-selfies-photography-books/3920_582321_5674104_4153737_4234192"
            ],
            [
                "Celebrity Photography Books",
                "/browse/books/celebrity-photography-books/3920_582321_5674104_4153737_4893903"
            ],
            [
                "Rock Music Books",
                "/browse/books/rock-music-books/3920_582321_1318217_4267978_6186495"
            ],
            [
                "Photoessays & Documentaries Books",
                "/browse/books/photoessays-documentaries-books/3920_582321_5674104_6543460"
            ],
            [
                "Architectural & Industrial Photography Books",
                "/browse/books/architectural-industrial-photography-books/3920_582321_5674104_4153737_6809289"
            ],
            [
                "Collections, Catalogs & Exhibitions Books",
                "/browse/books/collections-catalogs-exhibitions-books/3920_582321_5674104_8075710"
            ]
        ]
    }
]