[
    {
        "title": "Nocturnal",
        "url": "https://www.walmart.com/ip/Nocturnal-9781524850968/939078995",
        "price": "$13.28",
        "stars": "5.0",
        "ratings": "1 ",
        "img": "i5.walmartimages.com/asr/ad5121bc-e2cc-4cb0-a8e1-095337ea9545_1.605c7fe26e4142a7b746f0ddd449ac7e.jpeg?odnWidth=612&odnHeight=612&odnBg=ffffff",
        "tags": [
            [
                "Mixed Media Art Books",
                "/browse/books/mixed-media-art-books/3920_582321_6907922_2399787"
            ],
            [
                "General American Poetry Books",
                "/browse/books/general-american-poetry-books/3920_582105_9408377_5501336_3029471"
            ],
            [
                "Adult Non-Fiction Top 100",
                "/browse/books/adult-non-fiction-top-100/3920_1057224_3049267"
            ],
            [
                "Literary Collections - American",
                "/browse/books/literary-collections-american/3920_582105_1393947_3427022"
            ],
            [
                "Sleep & Sleep Disorders",
                "/browse/books/sleep-sleep-disorders/3920_582054_4388147"
            ],
            [
                "Inspirational & Religious Poetry Books",
                "/browse/books/inspirational-religious-poetry-books/3920_582105_9408377_5516974_5247368"
            ],
            [
                "Literary Collections - Letters",
                "/browse/books/literary-collections-letters/3920_582105_1393947_5282961"
            ],
            [
                "Mother's Day Literature & Fiction Books",
                "/browse/books/mothers-day-literature-fiction-books/3920_7458265_8021836"
            ]
        ]
    },
    {
        "title": "Neapolitan Novels: My Brilliant Friend (Paperback)",
        "url": "https://www.walmart.com/ip/Neapolitan-Novels-My-Brilliant-Friend-Paperback-9781609450786/20527482",
        "price": "$14.46",
        "stars": "3.8",
        "ratings": "92 ",
        "img": "",
        "tags": [
            [
                "Classic Novels",
                "/browse/books/classic-novels/3920_582105_9435716_584294"
            ],
            [
                "General Fiction Books",
                "/browse/books/general-fiction-books/3920_582105_9435716_584297"
            ],
            [
                "Historical Fiction Novels",
                "/browse/books/historical-fiction-novels/3920_582105_9435716_584298"
            ],
            [
                "Saga Novels",
                "/browse/books/saga-novels/3920_582105_9435716_584305"
            ],
            [
                "Beach Reads",
                "/browse/books/beach-reads/3920_6726310_6241069"
            ],
            [
                "Coming of Age Novels",
                "/browse/books/coming-of-age-novels/3920_582105_9435716_9820909"
            ],
            [
                "Adult Fiction Top 100",
                "/browse/books/adult-fiction-top-100/3920_1057224_9885630"
            ]
        ]
    },
    {
        "title": "Virgin River Novel, 14: Bring Me Home for Christmas (Paperback)",
        "url": "https://www.walmart.com/ip/Virgin-River-Novel-14-Bring-Me-Home-for-Christmas-Paperback-9780778317630/46130562",
        "price": "$8.83",
        "stars": "4.4",
        "ratings": "11 ",
        "img": "",
        "tags": [
            [
                "Small Town & Rural Novels",
                "/browse/books/small-town-rural-novels/3920_582105_9435716_4820292"
            ],
            [
                "General Romance Books",
                "/browse/books/general-romance-books/3920_582105_582052_582613"
            ],
            [
                "Harlequin Contemporary Romance",
                "/browse/books/harlequin-contemporary-romance/3920_582105_582052_8816794_6054474"
            ],
            [
                "Contemporary Women Novels",
                "/browse/books/contemporary-women-novels/3920_582105_9435716_632159"
            ],
            [
                "Holiday Novels",
                "/browse/books/holiday-novels/3920_582105_9435716_6396075"
            ],
            [
                "Clean & Wholesome Romance Books",
                "/browse/books/clean-wholesome-romance-books/3920_582105_582052_9145847"
            ],
            [
                "Adult Fiction Top 100",
                "/browse/books/adult-fiction-top-100/3920_1057224_9885630"
            ]
        ]
    },
    {
        "title": "Forever Words : The Unknown Poems (Paperback)",
        "url": "https://www.walmart.com/ip/Forever-Words-The-Unknown-Poems-Paperback-9780399575150/708880082",
        "price": "$16.50",
        "stars": 0,
        "ratings": 0,
        "img": "",
        "tags": [
            [
                "Dragons, Unicorns & Mythical Creatures Kids' Books",
                "/browse/books/dragons-unicorns-mythical-creatures-kids-books/3920_582053_584177_2122790"
            ],
            [
                "Literary Collections - American",
                "/browse/books/literary-collections-american/3920_582105_1393947_3427022"
            ],
            [
                "General Poetry Books",
                "/browse/books/general-poetry-books/3920_582105_9408377_4436855"
            ],
            [
                "Love & Erotica Poetry Books",
                "/browse/books/love-erotica-poetry-books/3920_582105_9408377_5516974_4764550"
            ],
            [
                "Inspirational & Religious Poetry Books",
                "/browse/books/inspirational-religious-poetry-books/3920_582105_9408377_5516974_5247368"
            ],
            [
                "Literary Collections - Letters",
                "/browse/books/literary-collections-letters/3920_582105_1393947_5282961"
            ],
            [
                "Mother's Day Literature & Fiction Books",
                "/browse/books/mothers-day-literature-fiction-books/3920_7458265_8021836"
            ],
            [
                "Poetry Books by Female Poets",
                "/browse/books/poetry-books-by-female-poets/3920_582105_9408377_8732025"
            ]
        ]
    },
    {
        "title": "Murder, She Wrote: Skating on Thin Ice",
        "url": "https://www.walmart.com/ip/Murder-She-Wrote-Skating-on-Thin-Ice-9780451236289/16758429",
        "price": "$7.59",
        "stars": "4.0",
        "ratings": "1 ",
        "img": "i5.walmartimages.com/asr/3d4c978e-5b6a-4b16-994a-83c97451056e_1.37cfde05936ddf0fd3cda0a1a80e81df.jpeg?odnWidth=612&odnHeight=612&odnBg=ffffff",
        "tags": [
            [
                "Fantasy Manga",
                "/browse/books/fantasy-manga/3920_1095293_1095294_6504164_2634937"
            ],
            [
                "Suspense Romance Books",
                "/browse/books/suspense-romance-books/3920_582105_582052_586193"
            ],
            [
                "General Mystery & Detective Books",
                "/browse/books/general-mystery-detective-books/3920_582105_9435716_586706_3971473_586710"
            ],
            [
                "Police Procedural Books",
                "/browse/books/police-procedural-books/3920_582105_9435716_586706_3971473_586714"
            ],
            [
                "Traditional Mystery & Detective Books",
                "/browse/books/traditional-mystery-detective-books/3920_582105_9435716_586706_3971473_586719"
            ],
            [
                "Cozy Mystery Books",
                "/browse/books/cozy-mystery-books/3920_582105_9435716_586706_3971473_6761658"
            ],
            [
                "Suspense Books",
                "/browse/books/suspense-books/3920_582105_9435716_586706_586718_7642795"
            ],
            [
                "Crime Mystery & Detective Books",
                "/browse/books/crime-mystery-detective-books/3920_582105_9435716_586706_3971473_9725060"
            ]
        ]
    },
    {
        "title": "After We Fell",
        "url": "https://www.walmart.com/ip/After-We-Fell-9781476792507/38409824",
        "price": "$16.79",
        "stars": "5.0",
        "ratings": "8 ",
        "img": "",
        "tags": [
            [
                "Women's History Month Fiction",
                "/browse/books/womens-history-month-fiction/3920_4883891_2070999"
            ],
            [
                "Historical Fiction Novels",
                "/browse/books/historical-fiction-novels/3920_582105_9435716_584298"
            ],
            [
                "Literary Novels",
                "/browse/books/literary-novels/3920_582105_9435716_584303"
            ],
            [
                "Beach Reads",
                "/browse/books/beach-reads/3920_6726310_6241069"
            ],
            [
                "Contemporary Women Novels",
                "/browse/books/contemporary-women-novels/3920_582105_9435716_632159"
            ],
            [
                "New Adult Romance Books",
                "/browse/books/new-adult-romance-books/3920_582105_582052_8699908"
            ],
            [
                "Adult Fiction Top 100",
                "/browse/books/adult-fiction-top-100/3920_1057224_9885630"
            ]
        ]
    },
    {
        "title": "Firestarter",
        "url": "https://www.walmart.com/ip/Firestarter-9781501143793/51192545",
        "price": "$7.48",
        "stars": "4.1",
        "ratings": "35 ",
        "img": "i5.walmartimages.com/asr/02758e2f-60e8-4de8-96a3-d114fc84dd2d_1.ffd1a1a6aa520da05cac5376b8642235.jpeg?odnWidth=612&odnHeight=612&odnBg=ffffff",
        "tags": [
            [
                "Genetic Engineering Science Fiction Books",
                "/browse/books/genetic-engineering-science-fiction-books/3920_582105_9435716_586163_1469104_2638618"
            ],
            [
                "Supernatural Thriller Books",
                "/browse/books/supernatural-thriller-books/3920_582105_9435716_586706_586718_6097731"
            ],
            [
                "Technological Thriller Books",
                "/browse/books/technological-thriller-books/3920_582105_9435716_586706_586718_7104321"
            ],
            [
                "Suspense Books",
                "/browse/books/suspense-books/3920_582105_9435716_586706_586718_7642795"
            ],
            [
                "Mysteries, Thrillers & Suspense",
                "/browse/books/mysteries-thrillers-suspense/3920_4640285_8077069"
            ],
            [
                "Adult Fiction Top 100",
                "/browse/books/adult-fiction-top-100/3920_1057224_9885630"
            ]
        ]
    },
    {
        "title": "The Chef",
        "url": "https://www.walmart.com/ip/The-Chef-9781538714904/100631720",
        "price": "$9.98",
        "stars": "5.0",
        "ratings": "1 ",
        "img": "",
        "tags": [
            [
                "Legal Thriller Books",
                "/browse/books/legal-thriller-books/3920_582105_9435716_586706_586718_2139314"
            ],
            [
                "Psychological Thriller Books",
                "/browse/books/psychological-thriller-books/3920_582105_9435716_586706_586718_2227731"
            ],
            [
                "Crime Thriller Books",
                "/browse/books/crime-thriller-books/3920_582105_9435716_586706_586718_2676129"
            ],
            [
                "Police Procedural Books",
                "/browse/books/police-procedural-books/3920_582105_9435716_586706_3971473_586714"
            ],
            [
                "Political Thriller Books",
                "/browse/books/political-thriller-books/3920_582105_9435716_586706_586718_8995213"
            ],
            [
                "Crime Mystery & Detective Books",
                "/browse/books/crime-mystery-detective-books/3920_582105_9435716_586706_3971473_9725060"
            ],
            [
                "Adult Fiction Top 100",
                "/browse/books/adult-fiction-top-100/3920_1057224_9885630"
            ]
        ]
    },
    {
        "title": "Written in My Own Heart's Blood : A Novel",
        "url": "https://www.walmart.com/ip/Written-in-My-Own-Heart-s-Blood-A-Novel-9781101884249/51193702",
        "price": "$9.99",
        "stars": "4.4",
        "ratings": "50 ",
        "img": "",
        "tags": [
            [
                "Time Travel Romance Books",
                "/browse/books/time-travel-romance-books/3920_582105_582052_1364486"
            ],
            [
                "Fantasy Romance Books",
                "/browse/books/fantasy-romance-books/3920_582105_582052_582612"
            ],
            [
                "General Romance Books",
                "/browse/books/general-romance-books/3920_582105_582052_582613"
            ],
            [
                "Historical Romance Books",
                "/browse/books/historical-romance-books/3920_582105_582052_582614"
            ],
            [
                "Historical Fantasy Books",
                "/browse/books/historical-fantasy-books/3920_582105_9435716_586163_586162_586690"
            ],
            [
                "Beach Reads",
                "/browse/books/beach-reads/3920_6726310_6241069"
            ],
            [
                "Adult Fiction Top 100",
                "/browse/books/adult-fiction-top-100/3920_1057224_9885630"
            ]
        ]
    },
    {
        "title": "After",
        "url": "https://www.walmart.com/ip/After-9781476792484/38409826",
        "price": "$6.99",
        "stars": "4.9",
        "ratings": "12 ",
        "img": "",
        "tags": [
            [
                "Psychological Thriller Books",
                "/browse/books/psychological-thriller-books/3920_582105_9435716_586706_586718_2227731"
            ],
            [
                "Contemporary Romance Books",
                "/browse/books/contemporary-romance-books/3920_582105_582052_582611"
            ],
            [
                "Literary Novels",
                "/browse/books/literary-novels/3920_582105_9435716_584303"
            ],
            [
                "Young Adult Books Top 100",
                "/browse/books/young-adult-books-top-100/3920_1057224_6231299"
            ],
            [
                "Beach Reads",
                "/browse/books/beach-reads/3920_6726310_6241069"
            ],
            [
                "Contemporary Women Novels",
                "/browse/books/contemporary-women-novels/3920_582105_9435716_632159"
            ],
            [
                "New Adult Romance Books",
                "/browse/books/new-adult-romance-books/3920_582105_582052_8699908"
            ]
        ]
    }
]