[
    {
        "title": "Lord, Teach Me to Pray in 28 Days (Paperback)",
        "url": "https://www.walmart.com/ip/Lord-Teach-Me-to-Pray-in-28-Days-Paperback-9780736923606/8302287",
        "price": "$13.35",
        "stars": 0,
        "ratings": 0,
        "img": "",
        "tags": [
            [
                "Spiritual Warfare",
                "/browse/books/spiritual-warfare/3920_1987289_582374_8324310_1354471"
            ],
            [
                "Quilts & Quilting Crafts & Hobbies Books",
                "/browse/books/quilts-quilting-crafts-hobbies-books/3920_582361_1623523"
            ],
            [
                "Family",
                "/browse/books/family/3920_1987289_582374_8324310_1974555"
            ],
            [
                "Men's Issues",
                "/browse/books/mens-issues/3920_1987289_582374_8324310_3418066"
            ],
            [
                "Bible Study Guides",
                "/browse/books/bible-study-guides/3920_1987289_582374_2718157_4203444"
            ],
            [
                "General Self-Help Books",
                "/browse/books/general-self-help-books/3920_5642757_4404259"
            ],
            [
                "Love & Marriage",
                "/browse/books/love-marriage/3920_1987289_582374_8324310_9552786"
            ],
            [
                "Women's Issues",
                "/browse/books/womens-issues/3920_1987289_582374_8324310_9563912"
            ]
        ]
    },
    {
        "title": "Nrsv, Catholic Bible, Standard Personal Size, Leathersoft, Brown, Comfort Print : Holy Bible (Hardcover)",
        "url": "https://www.walmart.com/ip/Nrsv-Catholic-Bible-Standard-Personal-Size-Leathersoft-Brown-Comfort-Print-Holy-Bible-Hardcover-9780785230519/512459627",
        "price": "$33.81",
        "stars": 0,
        "ratings": 0,
        "img": "",
        "tags": []
    },
    {
        "title": "The Exemplary Husband (Paperback)",
        "url": "https://www.walmart.com/ip/The-Exemplary-Husband-Paperback-9781885904317/53612664",
        "price": "$14.06",
        "stars": "5.0",
        "ratings": "1 ",
        "img": "",
        "tags": [
            [
                "Spiritual Warfare",
                "/browse/books/spiritual-warfare/3920_1987289_582374_8324310_1354471"
            ],
            [
                "Angelology & Demonology",
                "/browse/books/angelology-demonology/3920_1987289_582374_9438566_2657764"
            ],
            [
                "Religion, Science & State",
                "/browse/books/religion-science-state/3920_1987289_582055_3159800"
            ],
            [
                "Bible Study Guides",
                "/browse/books/bible-study-guides/3920_1987289_582374_2718157_4203444"
            ],
            [
                "Prophets",
                "/browse/books/prophets/3920_1987289_582374_2718157_7303744"
            ],
            [
                "Pentecostal & Charismatic",
                "/browse/books/pentecostal-charismatic/3920_1987289_582374_2763255_7393881"
            ],
            [
                "Professional Growth",
                "/browse/books/professional-growth/3920_1987289_582374_8324310_9467628"
            ],
            [
                "Love & Marriage",
                "/browse/books/love-marriage/3920_1987289_582374_8324310_9552786"
            ]
        ]
    },
    {
        "title": "Stones of Remembrance : Healing Scriptures for Your Mind, Body, and Soul",
        "url": "https://www.walmart.com/ip/Stones-of-Remembrance-Healing-Scriptures-for-Your-Mind-Body-and-Soul-9781496426673/55830988",
        "price": "$3.90",
        "stars": 0,
        "ratings": 0,
        "img": "",
        "tags": [
            [
                "Weapons in Military History Books",
                "/browse/books/weapons-in-military-history-books/3920_582331_583311_3019327"
            ],
            [
                "Mental Health Books",
                "/browse/books/mental-health-books/3920_3203859_3555432"
            ],
            [
                "Kabbalah & Mysticism",
                "/browse/books/kabbalah-mysticism/3920_1987289_582055_2719198_4477479"
            ],
            [
                "Heart",
                "/browse/books/heart/3920_582054_1646706_4894274"
            ],
            [
                "Dreams Self-Help Books",
                "/browse/books/dreams-self-help-books/3920_5642757_5185959"
            ],
            [
                "Death & Dying Books",
                "/browse/books/death-dying-books/3920_2761424_8176770_7435455"
            ],
            [
                "Codependency Self-Help Books",
                "/browse/books/codependency-self-help-books/3920_5642757_8770071"
            ],
            [
                "New Living Translation",
                "/browse/books/new-living-translation/3920_1987289_582374_9735184_9984392"
            ]
        ]
    },
    {
        "title": "Jesus the Jewish Theologian (Paperback)",
        "url": "https://www.walmart.com/ip/Jesus-the-Jewish-Theologian-Paperback-9780801048173/15559133",
        "price": "$23.06",
        "stars": "4.0",
        "ratings": "1 ",
        "img": "",
        "tags": [
            [
                "Christology",
                "/browse/books/christology/3920_1987289_582374_9438566_3047431"
            ],
            [
                "Discipleship",
                "/browse/books/discipleship/3920_1987289_582374_8889295_3739443"
            ],
            [
                "Evangelism",
                "/browse/books/evangelism/3920_1987289_582374_8889295_4053328"
            ],
            [
                "Faith",
                "/browse/books/faith/3920_1987289_582055_4111577"
            ],
            [
                "Pastoral Resources",
                "/browse/books/pastoral-resources/3920_1987289_582374_8889295_5027631"
            ],
            [
                "Genetics & Genomics Life Science Books",
                "/browse/books/genetics-genomics-life-science-books/3920_8529612_1841429_1678456_5378886"
            ],
            [
                "Apologetics",
                "/browse/books/apologetics/3920_1987289_582374_9438566_8599080"
            ],
            [
                "Spirituality",
                "/browse/books/spirituality/3920_1987289_582055_8803444"
            ]
        ]
    },
    {
        "title": "The Furious Longing of God",
        "url": "https://www.walmart.com/ip/The-Furious-Longing-of-God-9781434767509/10336316",
        "price": "$14.51",
        "stars": "3.8",
        "ratings": "5 ",
        "img": "",
        "tags": [
            [
                "Evangelism",
                "/browse/books/evangelism/3920_1987289_582374_8889295_4053328"
            ],
            [
                "New American Standard Bible",
                "/browse/books/new-american-standard-bible/3920_1987289_582374_9735184_4193230"
            ],
            [
                "Bible Study Guides",
                "/browse/books/bible-study-guides/3920_1987289_582374_2718157_4203444"
            ],
            [
                "Multiple Translations",
                "/browse/books/multiple-translations/3920_1987289_582374_9735184_7188098"
            ],
            [
                "New International Version",
                "/browse/books/new-international-version/3920_1987289_582374_9735184_7744007"
            ],
            [
                "King James Version",
                "/browse/books/king-james-version/3920_1987289_582374_9735184_8736310"
            ],
            [
                "Personal Growth",
                "/browse/books/personal-growth/3920_1987289_582374_8324310_8811610"
            ],
            [
                "Women's Issues",
                "/browse/books/womens-issues/3920_1987289_582374_8324310_9563912"
            ]
        ]
    },
    {
        "title": "Dignity and Destiny : Humanity in the Image of God (Paperback)",
        "url": "https://www.walmart.com/ip/Dignity-and-Destiny-Humanity-in-the-Image-of-God-9780802867643/40569600",
        "price": "$28.50",
        "stars": 0,
        "ratings": 0,
        "img": "i5.walmartimages.com/asr/d3e32da2-dc4f-4a18-8b85-6ef08c50265c_1.ad4273cbe37238bed87b90683e0c2765.jpeg?odnWidth=612&odnHeight=612&odnBg=ffffff",
        "tags": [
            [
                "Ancient Egyptian History Books",
                "/browse/books/ancient-egyptian-history-books/3920_582331_583299_3447938"
            ],
            [
                "Free Will & Determinism Philosophy Books",
                "/browse/books/free-will-determinism-philosophy-books/3920_7051956_3997939"
            ],
            [
                "Sociology of Religion Books",
                "/browse/books/sociology-of-religion-books/3920_2761424_8176770_4262895"
            ],
            [
                "Prophecy",
                "/browse/books/prophecy/3920_1987289_582374_2718157_4299558"
            ],
            [
                "Theology",
                "/browse/books/theology/3920_1987289_582055_4613443"
            ],
            [
                "Worship & Liturgy",
                "/browse/books/worship-liturgy/3920_1987289_582374_3662773_7625143"
            ],
            [
                "Systematic",
                "/browse/books/systematic/3920_1987289_582374_9438566_9678061"
            ]
        ]
    },
    {
        "title": "Spirit of the Western Way",
        "url": "https://www.walmart.com/ip/Spirit-of-the-Western-Way-9781622330515/596612677",
        "price": "$16.95",
        "stars": 0,
        "ratings": 0,
        "img": "",
        "tags": [
            [
                "ESP",
                "/browse/books/esp/3920_1987289_5383544_6499099_2251162"
            ],
            [
                "Afterlife & Reincarnation",
                "/browse/books/afterlife-reincarnation/3920_1987289_5383544_2579043"
            ],
            [
                "Spiritualism",
                "/browse/books/spiritualism/3920_1987289_5383544_3351768"
            ],
            [
                "Literary Collections - General",
                "/browse/books/literary-collections-general/3920_582105_1393947_3962021"
            ],
            [
                "Messianic Judaism",
                "/browse/books/messianic-judaism/3920_1987289_582055_6206213"
            ],
            [
                "Special Appliance Cookbooks",
                "/browse/books/special-appliance-cookbooks/3920_3036003_6677130_7240258"
            ],
            [
                "Angels & Spirit Guides",
                "/browse/books/angels-spirit-guides/3920_1987289_5383544_8555100"
            ],
            [
                "General Pet Books",
                "/browse/books/general-pet-books/3920_5611252_3413258_9401436"
            ]
        ]
    },
    {
        "title": "The Money Bible (Paperback)",
        "url": "https://www.walmart.com/ip/The-Money-Bible-Paperback-9780999543511/989015383",
        "price": "$27.08",
        "stars": 0,
        "ratings": 0,
        "img": "",
        "tags": [
            [
                "Family",
                "/browse/books/family/3920_1987289_582374_8324310_1974555"
            ],
            [
                "Soteriology",
                "/browse/books/soteriology/3920_1987289_582374_9438566_2957174"
            ],
            [
                "Christology",
                "/browse/books/christology/3920_1987289_582374_9438566_3047431"
            ],
            [
                "Literature & The Arts",
                "/browse/books/literature-the-arts/3920_1987289_582374_2763255_4345489"
            ],
            [
                "Death, Grief & Bereavement",
                "/browse/books/death-grief-bereavement/3920_5642757_6055772_4617200"
            ],
            [
                "Religion & Science",
                "/browse/books/religion-science/3920_1987289_582055_6201689"
            ],
            [
                "Mysticism",
                "/browse/books/mysticism/3920_1987289_5383544_6729519"
            ],
            [
                "Apologetics",
                "/browse/books/apologetics/3920_1987289_582374_9438566_8599080"
            ]
        ]
    },
    {
        "title": "Courage for the Unknown Season : Navigating What's Next with Confidence and Hope (Paperback)",
        "url": "https://www.walmart.com/ip/Courage-for-the-Unknown-Season-Navigating-What-s-Next-with-Confidence-and-Hope-Paperback-9781631467882/55828718",
        "price": "$15.99",
        "stars": "5.0",
        "ratings": "1 ",
        "img": "",
        "tags": [
            [
                "Evangelism",
                "/browse/books/evangelism/3920_1987289_582374_8889295_4053328"
            ],
            [
                "New American Standard Bible",
                "/browse/books/new-american-standard-bible/3920_1987289_582374_9735184_4193230"
            ],
            [
                "Bible Study Guides",
                "/browse/books/bible-study-guides/3920_1987289_582374_2718157_4203444"
            ],
            [
                "Multiple Translations",
                "/browse/books/multiple-translations/3920_1987289_582374_9735184_7188098"
            ],
            [
                "New International Version",
                "/browse/books/new-international-version/3920_1987289_582374_9735184_7744007"
            ],
            [
                "King James Version",
                "/browse/books/king-james-version/3920_1987289_582374_9735184_8736310"
            ],
            [
                "Personal Growth",
                "/browse/books/personal-growth/3920_1987289_582374_8324310_8811610"
            ],
            [
                "Women's Issues",
                "/browse/books/womens-issues/3920_1987289_582374_8324310_9563912"
            ]
        ]
    }
]