[
    {
        "title": "Voices That Matter: Presentation Zen : Simple Ideas on Presentation Design and Delivery (Edition 3) (Paperback)",
        "url": "https://www.walmart.com/ip/Voices-That-Matter-Presentation-Zen-Simple-Ideas-on-Presentation-Design-and-Delivery-Edition-3-Paperback-9780135800911/264722923",
        "price": "$33.59",
        "stars": 0,
        "ratings": 0,
        "img": "",
        "tags": [
            [
                "Data Warehousing Books",
                "/browse/books/data-warehousing-books/3920_9724405_9561079_1837730"
            ],
            [
                "Business Writing Books",
                "/browse/books/business-writing-books/3920_582349_2080387"
            ],
            [
                "Conflict Resolution & Mediation in Business Books",
                "/browse/books/conflict-resolution-mediation-in-business-books/3920_582349_6586657"
            ],
            [
                "Leadership in Business Books",
                "/browse/books/leadership-in-business-books/3920_582349_7056456"
            ],
            [
                "Communication & Social Skills Self-Help Books",
                "/browse/books/communication-social-skills-self-help-books/3920_5642757_7069650"
            ],
            [
                "Business & Money Skills Books",
                "/browse/books/business-money-skills-books/3920_582349_7758621"
            ],
            [
                "Negotiation Books",
                "/browse/books/negotiation-books/3920_582349_8109214"
            ],
            [
                "Harvard Business Review",
                "/browse/books/harvard-business-review/3920_582349_8933101"
            ]
        ]
    },
    {
        "title": "Winning",
        "url": "https://www.walmart.com/ip/Winning-9780061240171/422731802",
        "price": "$8.83",
        "stars": "4.0",
        "ratings": "6 ",
        "img": "",
        "tags": [
            [
                "Body Art & Tattooing Art Books",
                "/browse/books/body-art-tattooing-art-books/3920_582321_6907922_2358664"
            ],
            [
                "Organizational Development Books",
                "/browse/books/organizational-development-books/3920_582349_3077388"
            ],
            [
                "Entrepreneurship Books",
                "/browse/books/entrepreneurship-books/3920_582349_5818477"
            ],
            [
                "Human Resources & Personnel Management Books",
                "/browse/books/human-resources-personnel-management-books/3920_582349_6330339"
            ],
            [
                "Leadership in Business Books",
                "/browse/books/leadership-in-business-books/3920_582349_7056456"
            ],
            [
                "Motivational Business & Money Books",
                "/browse/books/motivational-business-money-books/3920_582349_7534693"
            ],
            [
                "Harvard Business Review",
                "/browse/books/harvard-business-review/3920_582349_8933101"
            ],
            [
                "Personal Success in Business & Money Books",
                "/browse/books/personal-success-in-business-money-books/3920_582349_9116217"
            ]
        ]
    },
    {
        "title": "Unfair Advantage: The Power of Financial Education (Paperback)",
        "url": "https://www.walmart.com/ip/Unfair-Advantage-The-Power-of-Financial-Education-Paperback-9781612680101/15654130",
        "price": "$14.49",
        "stars": "5.0",
        "ratings": "1 ",
        "img": "",
        "tags": [
            [
                "Financial Accounting Books",
                "/browse/books/financial-accounting-books/3920_582349_2851526_1488823"
            ],
            [
                "Adult Non-Fiction Top 100",
                "/browse/books/adult-non-fiction-top-100/3920_1057224_3049267"
            ],
            [
                "Personal Finance Investing Books",
                "/browse/books/personal-finance-investing-books/3920_582349_9861072_3148548"
            ],
            [
                "Estates & Trusts Law Books",
                "/browse/books/estates-trusts-law-books/3920_1952589_4246203"
            ],
            [
                "Wealth Management Finance Books",
                "/browse/books/wealth-management-finance-books/3920_582349_6748238_5567436"
            ],
            [
                "Personal Finance Money Management Books",
                "/browse/books/personal-finance-money-management-books/3920_582349_9861072_6759272"
            ],
            [
                "Personal Success in Business & Money Books",
                "/browse/books/personal-success-in-business-money-books/3920_582349_9116217"
            ],
            [
                "Negocios e Inversiones",
                "/browse/books/negocios-e-inversiones/3920_226139_999539"
            ]
        ]
    },
    {
        "title": "The English Grammar Workbook for Adults : A Self-Study Guide to Improve Functional Writing (Paperback)",
        "url": "https://www.walmart.com/ip/The-English-Grammar-Workbook-for-Adults-A-Self-Study-Guide-to-Improve-Functional-Writing-Paperback-9781646113194/994545000",
        "price": "$16.46",
        "stars": 0,
        "ratings": 0,
        "img": "",
        "tags": [
            [
                "Strategic Planning Books",
                "/browse/books/strategic-planning-books/3920_582349_1874555"
            ],
            [
                "General Business Communication Books",
                "/browse/books/general-business-communication-books/3920_582349_5610699_2677096"
            ],
            [
                "New Business Enterprises Books",
                "/browse/books/new-business-enterprises-books/3920_582349_3312612"
            ],
            [
                "Social Services & Welfare Policy Books",
                "/browse/books/social-services-welfare-policy-books/3920_5764957_4155418_7131290"
            ],
            [
                "Fundraising & Grants in Nonprofit Organizations & Charities Books",
                "/browse/books/fundraising-grants-in-nonprofit-organizations-charities-books/3920_582349_6813295_7991672"
            ],
            [
                "Human Services Books",
                "/browse/books/human-services-books/3920_2761424_8176770_8006730"
            ],
            [
                "Harvard Business Review",
                "/browse/books/harvard-business-review/3920_582349_8933101"
            ],
            [
                "Style Manuals for Language Arts & Disciplines Books",
                "/browse/books/style-manuals-for-language-arts-disciplines-books/3920_8818538_9913948"
            ]
        ]
    },
    {
        "title": "Nonprofit Accounting : Third Edition: A Practitioner's Guide (Paperback)",
        "url": "https://www.walmart.com/ip/Nonprofit-Accounting-Third-Edition-A-Practitioner-s-Guide-Paperback-9781642210415/328549258",
        "price": "$29.95",
        "stars": 0,
        "ratings": 0,
        "img": "",
        "tags": [
            [
                "Bookkeeping Books",
                "/browse/books/bookkeeping-books/3920_582349_3111716"
            ],
            [
                "CPA Exam Prep Books",
                "/browse/books/cpa-exam-prep-books/3920_6060018_3575892"
            ],
            [
                "Managerial Accounting Books",
                "/browse/books/managerial-accounting-books/3920_582349_2851526_3576060"
            ],
            [
                "General Personal Finance Books",
                "/browse/books/general-personal-finance-books/3920_582349_9861072_4713108"
            ],
            [
                "Auditing Books",
                "/browse/books/auditing-books/3920_582349_7445948"
            ],
            [
                "Accounting Standards Books",
                "/browse/books/accounting-standards-books/3920_582349_2851526_7466757"
            ],
            [
                "General Accounting Books",
                "/browse/books/general-accounting-books/3920_582349_2851526_9566313"
            ],
            [
                "Banks & Banking Books",
                "/browse/books/banks-banking-books/3920_582349_9783809"
            ]
        ]
    },
    {
        "title": "The Hype Machine : How Social Media Disrupts Our Elections, Our Economy, and Our Health--And How We Must Adapt (Hardcover)",
        "url": "https://www.walmart.com/ip/The-Hype-Machine-How-Social-Media-Disrupts-Our-Elections-Our-Economy-and-Our-Health-And-How-We-Must-Adapt-Hardcover-9780525574514/974767193",
        "price": "$25.20",
        "stars": 0,
        "ratings": 0,
        "img": "",
        "tags": [
            [
                "Macroeconomics Books",
                "/browse/books/macroeconomics-books/3920_582349_6503572_1381014"
            ],
            [
                "Management in Sales & Selling Books",
                "/browse/books/management-in-sales-selling-books/3920_582349_6996400_2951968"
            ],
            [
                "Social Psychology Books",
                "/browse/books/social-psychology-books/3920_2761424_3385531_3476246"
            ],
            [
                "Customer Relations Books",
                "/browse/books/customer-relations-books/3920_582349_3975606"
            ],
            [
                "General Marketing Books",
                "/browse/books/general-marketing-books/3920_582349_6080417_4705678"
            ],
            [
                "Marketing Research Books",
                "/browse/books/marketing-research-books/3920_582349_6080417_6103780"
            ],
            [
                "General Economics Books",
                "/browse/books/general-economics-books/3920_582349_6503572_6352002"
            ],
            [
                "Advertising & Promotion Books",
                "/browse/books/advertising-promotion-books/3920_582349_9790899"
            ]
        ]
    },
    {
        "title": "5-Minute Selling : The Proven, Simple System That Can Double Your Sales ... Even When You Don't Have Time (Hardcover)",
        "url": "https://www.walmart.com/ip/5-Minute-Selling-The-Proven-Simple-System-That-Can-Double-Your-Sales-Even-When-You-Don-t-Have-Time-Hardcover-9781119687658/848627106",
        "price": "$19.32",
        "stars": 0,
        "ratings": 0,
        "img": "",
        "tags": [
            [
                "General Sales & Selling Books",
                "/browse/books/general-sales-selling-books/3920_582349_6996400_2728779"
            ],
            [
                "Research & Development Books",
                "/browse/books/research-development-books/3920_582349_3087859"
            ],
            [
                "Customer Relations Books",
                "/browse/books/customer-relations-books/3920_582349_3975606"
            ],
            [
                "General Marketing Books",
                "/browse/books/general-marketing-books/3920_582349_6080417_4705678"
            ],
            [
                "Consumer Behavior Books",
                "/browse/books/consumer-behavior-books/3920_582349_5627713"
            ],
            [
                "Mentoring & Coaching in Business Books",
                "/browse/books/mentoring-coaching-in-business-books/3920_582349_6319304"
            ],
            [
                "NBA Books",
                "/browse/books/nba-books/3920_8924365_6632074"
            ],
            [
                "Business & Money Skills Books",
                "/browse/books/business-money-skills-books/3920_582349_7758621"
            ]
        ]
    },
    {
        "title": "The Effective Manager (Hardcover)",
        "url": "https://www.walmart.com/ip/The-Effective-Manager-Hardcover-9781119244608/48728070",
        "price": "$21.99",
        "stars": "5.0",
        "ratings": "1 ",
        "img": "",
        "tags": [
            [
                "Body Art & Tattooing Art Books",
                "/browse/books/body-art-tattooing-art-books/3920_582321_6907922_2358664"
            ],
            [
                "Organizational Development Books",
                "/browse/books/organizational-development-books/3920_582349_3077388"
            ],
            [
                "Entrepreneurship Books",
                "/browse/books/entrepreneurship-books/3920_582349_5818477"
            ],
            [
                "Human Resources & Personnel Management Books",
                "/browse/books/human-resources-personnel-management-books/3920_582349_6330339"
            ],
            [
                "Leadership in Business Books",
                "/browse/books/leadership-in-business-books/3920_582349_7056456"
            ],
            [
                "Motivational Business & Money Books",
                "/browse/books/motivational-business-money-books/3920_582349_7534693"
            ],
            [
                "Harvard Business Review",
                "/browse/books/harvard-business-review/3920_582349_8933101"
            ],
            [
                "Personal Success in Business & Money Books",
                "/browse/books/personal-success-in-business-money-books/3920_582349_9116217"
            ]
        ]
    },
    {
        "title": "The Serendipity Mindset : The Art and Science of Creating Good Luck (Hardcover)",
        "url": "https://www.walmart.com/ip/The-Serendipity-Mindset-The-Art-and-Science-of-Creating-Good-Luck-Hardcover-9780593086025/829714860",
        "price": "$20.86",
        "stars": 0,
        "ratings": 0,
        "img": "",
        "tags": [
            [
                "Strategic Planning Books",
                "/browse/books/strategic-planning-books/3920_582349_1874555"
            ],
            [
                "Organizational Behavior Books",
                "/browse/books/organizational-behavior-books/3920_582349_1905322"
            ],
            [
                "Cognitive Psychology & Cognition Books",
                "/browse/books/cognitive-psychology-cognition-books/3920_2761424_3385531_2424973"
            ],
            [
                "Organizational Development Books",
                "/browse/books/organizational-development-books/3920_582349_3077388"
            ],
            [
                "Research & Development Books",
                "/browse/books/research-development-books/3920_582349_3087859"
            ],
            [
                "General Economics Books",
                "/browse/books/general-economics-books/3920_582349_6503572_6352002"
            ],
            [
                "Harvard Business Review",
                "/browse/books/harvard-business-review/3920_582349_8933101"
            ],
            [
                "Management Books",
                "/browse/books/management-books/3920_582349_9536008"
            ]
        ]
    },
    {
        "title": "The Art of Authenticity (Hardcover)",
        "url": "https://www.walmart.com/ip/The-Art-of-Authenticity-Hardcover-9781119153429/49011842",
        "price": "$17.39",
        "stars": 0,
        "ratings": 0,
        "img": "",
        "tags": [
            [
                "Adult Non-Fiction Top 100",
                "/browse/books/adult-non-fiction-top-100/3920_1057224_3049267"
            ],
            [
                "Organizational Development Books",
                "/browse/books/organizational-development-books/3920_582349_3077388"
            ],
            [
                "Success",
                "/browse/books/success/3920_5642757_9479316_4052595"
            ],
            [
                "Motivational Business & Money Books",
                "/browse/books/motivational-business-money-books/3920_582349_7534693"
            ],
            [
                "Business & Money Skills Books",
                "/browse/books/business-money-skills-books/3920_582349_7758621"
            ],
            [
                "Harvard Business Review",
                "/browse/books/harvard-business-review/3920_582349_8933101"
            ],
            [
                "Personal Success in Business & Money Books",
                "/browse/books/personal-success-in-business-money-books/3920_582349_9116217"
            ],
            [
                "Management Books",
                "/browse/books/management-books/3920_582349_9536008"
            ]
        ]
    }
]