[
    {
        "title": "The Amish Christmas Matchmaker and Amish Christmas Secrets : A 2-In-1 Collection (Paperback)",
        "url": "https://www.walmart.com/ip/The-Amish-Christmas-Matchmaker-and-Amish-Christmas-Secrets-A-2-In-1-Collection-Paperback-9781335229908/609286426",
        "price": "$5.24",
        "stars": 0,
        "ratings": 0,
        "img": "",
        "tags": [
            [
                "Small Town & Rural Novels",
                "/browse/books/small-town-rural-novels/3920_582105_9435716_4820292"
            ],
            [
                "Romance Collections & Anthologies",
                "/browse/books/romance-collections-anthologies/3920_582105_582052_582610"
            ],
            [
                "General Romance Books",
                "/browse/books/general-romance-books/3920_582105_582052_582613"
            ],
            [
                "Western Romance Books",
                "/browse/books/western-romance-books/3920_582105_582052_586194"
            ],
            [
                "Harlequin Contemporary Romance",
                "/browse/books/harlequin-contemporary-romance/3920_582105_582052_8816794_6054474"
            ],
            [
                "Contemporary Women Novels",
                "/browse/books/contemporary-women-novels/3920_582105_9435716_632159"
            ],
            [
                "Adult Fiction Top 100",
                "/browse/books/adult-fiction-top-100/3920_1057224_9885630"
            ]
        ]
    },
    {
        "title": "Dream Makers : Surround Yourself with the Best to Be Your Best (Paperback)",
        "url": "https://www.walmart.com/ip/Dream-Makers-Surround-Yourself-with-the-Best-to-Be-Your-Best-Paperback-9781682617960/291097041",
        "price": "$16.99",
        "stars": 0,
        "ratings": 0,
        "img": "",
        "tags": [
            [
                "Tarot Cards & Books",
                "/browse/books/tarot-cards-books/3920_1987289_1946456"
            ],
            [
                "Witchcraft",
                "/browse/books/witchcraft/3920_1987289_5383544_2856819"
            ],
            [
                "Adult Non-Fiction Top 100",
                "/browse/books/adult-non-fiction-top-100/3920_1057224_3049267"
            ],
            [
                "Success",
                "/browse/books/success/3920_5642757_9479316_4052595"
            ],
            [
                "Personal Growth",
                "/browse/books/personal-growth/3920_1987289_582374_8324310_8811610"
            ],
            [
                "Happiness",
                "/browse/books/happiness/3920_5642757_9479316_9355247"
            ],
            [
                "Women's Issues",
                "/browse/books/womens-issues/3920_1987289_582374_8324310_9563912"
            ]
        ]
    },
    {
        "title": "Saving the Reformation : The Pastoral Theology of the Canons of Dort",
        "url": "https://www.walmart.com/ip/Saving-the-Reformation-The-Pastoral-Theology-of-the-Canons-of-Dort-9781642890303/394007981",
        "price": "$15.84",
        "stars": 0,
        "ratings": 0,
        "img": "",
        "tags": [
            [
                "Personality Psychology Books",
                "/browse/books/personality-psychology-books/3920_2761424_3385531_1793889"
            ],
            [
                "Pneumatology",
                "/browse/books/pneumatology/3920_1987289_582374_9438566_1816258"
            ],
            [
                "Faith",
                "/browse/books/faith/3920_1987289_582055_4111577"
            ],
            [
                "Theology",
                "/browse/books/theology/3920_1987289_582055_4613443"
            ],
            [
                "Pentecostal & Charismatic",
                "/browse/books/pentecostal-charismatic/3920_1987289_582374_2763255_7393881"
            ],
            [
                "Prayer",
                "/browse/books/prayer/3920_1987289_582374_8324310_7735167"
            ],
            [
                "Apologetics",
                "/browse/books/apologetics/3920_1987289_582374_9438566_8599080"
            ],
            [
                "Systematic",
                "/browse/books/systematic/3920_1987289_582374_9438566_9678061"
            ]
        ]
    },
    {
        "title": "NKJV, Gift and Award Bible, Leather-Look, White, Red Letter Edition (Hardcover)",
        "url": "https://www.walmart.com/ip/NKJV-Gift-and-Award-Bible-Leather-Look-White-Red-Letter-Edition-Hardcover-9780718075163/800544199",
        "price": "$6.99",
        "stars": "3.7",
        "ratings": "3 ",
        "img": "",
        "tags": [
            [
                "Spiritual Growth",
                "/browse/books/spiritual-growth/3920_1987289_582374_8324310_1480379"
            ],
            [
                "Christian Standard Bible",
                "/browse/books/christian-standard-bible/3920_1987289_582374_9735184_3526313"
            ],
            [
                "Evangelism",
                "/browse/books/evangelism/3920_1987289_582374_8889295_4053328"
            ],
            [
                "Dating",
                "/browse/books/dating/3920_5642757_6055772_5221030"
            ],
            [
                "Youth",
                "/browse/books/youth/3920_1987289_582374_8889295_6841772"
            ],
            [
                "New International Version",
                "/browse/books/new-international-version/3920_1987289_582374_9735184_7744007"
            ],
            [
                "King James Version",
                "/browse/books/king-james-version/3920_1987289_582374_9735184_8736310"
            ],
            [
                "New Living Translation",
                "/browse/books/new-living-translation/3920_1987289_582374_9735184_9984392"
            ]
        ]
    },
    {
        "title": "Jesus-Centered Bible NLT, Charcoal",
        "url": "https://www.walmart.com/ip/Jesus-Centered-Bible-NLT-Charcoal-9781470744854/552967585",
        "price": "$20.99",
        "stars": "5.0",
        "ratings": "1 ",
        "img": "i5.walmartimages.com/asr/fced2cbe-c818-4adb-a7a1-6a20f6fba282_1.857c51185a57ef65080f8a609b6dddc1.jpeg?odnWidth=612&odnHeight=612&odnBg=ffffff",
        "tags": [
            [
                "Spiritual Growth",
                "/browse/books/spiritual-growth/3920_1987289_582374_8324310_1480379"
            ],
            [
                "Weapons in Military History Books",
                "/browse/books/weapons-in-military-history-books/3920_582331_583311_3019327"
            ],
            [
                "Heart",
                "/browse/books/heart/3920_582054_1646706_4894274"
            ],
            [
                "New King James Version",
                "/browse/books/new-king-james-version/3920_1987289_582374_9735184_5031088"
            ],
            [
                "Other Translations",
                "/browse/books/other-translations/3920_1987289_582374_9735184_6662051"
            ],
            [
                "Death & Dying Social Themes Teen & Young Adult Books",
                "/browse/books/death-dying-social-themes-teen-young-adult-books/3920_1068785_8615872_7319318"
            ],
            [
                "New International Version",
                "/browse/books/new-international-version/3920_1987289_582374_9735184_7744007"
            ],
            [
                "King James Version",
                "/browse/books/king-james-version/3920_1987289_582374_9735184_8736310"
            ]
        ]
    },
    {
        "title": "When God Made You (Hardcover)",
        "url": "https://www.walmart.com/ip/When-God-Made-You-Hardcover-9781601429186/53936348",
        "price": "$8.52",
        "stars": "4.9",
        "ratings": "15 ",
        "img": "",
        "tags": [
            [
                "Children's Books Top 100",
                "/browse/books/childrens-books-top-100/3920_1057224_1568396"
            ],
            [
                "United States Kids' Books",
                "/browse/books/united-states-kids-books/3920_582053_584182_4531519"
            ],
            [
                "General Christian Kids' Books",
                "/browse/books/general-christian-kids-books/3920_1987289_582374_1551209_5801529"
            ],
            [
                "Prejudice & Racism Kids' Books",
                "/browse/books/prejudice-racism-kids-books/3920_582053_585928_585960"
            ],
            [
                "Self-Esteem & Self-Reliance Kids' Books",
                "/browse/books/self-esteem-self-reliance-kids-books/3920_582053_585928_585961"
            ],
            [
                "Girls & Women Kids' Books",
                "/browse/books/girls-women-kids-books/3920_582053_585984"
            ],
            [
                "Emotions & Feelings Kids' Books",
                "/browse/books/emotions-feelings-kids-books/3920_582053_585928_586160"
            ]
        ]
    },
    {
        "title": "New Morning Mercies: A Daily Gospel Devotional (Hardcover)",
        "url": "https://www.walmart.com/ip/New-Morning-Mercies-A-Daily-Gospel-Devotional-Hardcover-9781433541384/33938400",
        "price": "$10.99",
        "stars": "5.0",
        "ratings": "1 ",
        "img": "",
        "tags": [
            [
                "Spiritual Growth",
                "/browse/books/spiritual-growth/3920_1987289_582374_8324310_1480379"
            ],
            [
                "Top 100 Books",
                "/browse/books/top-100-books/3920_1057224_1615275"
            ],
            [
                "Devotional",
                "/browse/books/devotional/3920_1987289_582055_4843264"
            ],
            [
                "Inspirational",
                "/browse/books/inspirational/3920_1987289_582055_5087571"
            ],
            [
                "English Standard Version",
                "/browse/books/english-standard-version/3920_1987289_582374_9735184_5430072"
            ],
            [
                "Spirituality",
                "/browse/books/spirituality/3920_1987289_582055_8803444"
            ],
            [
                "Women's Issues",
                "/browse/books/womens-issues/3920_1987289_582374_8324310_9563912"
            ]
        ]
    },
    {
        "title": "The NIV, Action Study Bible",
        "url": "https://www.walmart.com/ip/The-NIV-Action-Study-Bible-9780830772544/641516329",
        "price": "$9.99",
        "stars": 0,
        "ratings": 0,
        "img": "i5.walmartimages.com/asr/da788409-d00a-4e77-840c-65d19be9e0f3_1.96b871c3742c2bc039866f6031fd56ed.jpeg?odnWidth=612&odnHeight=612&odnBg=ffffff",
        "tags": [
            [
                "Spiritual Growth",
                "/browse/books/spiritual-growth/3920_1987289_582374_8324310_1480379"
            ],
            [
                "Evangelism",
                "/browse/books/evangelism/3920_1987289_582374_8889295_4053328"
            ],
            [
                "New King James Version",
                "/browse/books/new-king-james-version/3920_1987289_582374_9735184_5031088"
            ],
            [
                "Youth",
                "/browse/books/youth/3920_1987289_582374_8889295_6841772"
            ],
            [
                "Home Schooling Books",
                "/browse/books/home-schooling-books/3920_4284269_7621694"
            ],
            [
                "King James Version",
                "/browse/books/king-james-version/3920_1987289_582374_9735184_8736310"
            ],
            [
                "Coloring Books",
                "/browse/books/coloring-books/3920_582321_6907922_9561236_9744706"
            ]
        ]
    },
    {
        "title": "Experiencing God : Knowing and Doing the Will of God, Revised and Expanded",
        "url": "https://www.walmart.com/ip/Experiencing-God-Knowing-and-Doing-the-Will-of-God-Revised-and-Expanded-9780805447538/10145880",
        "price": "$4.50",
        "stars": "4.7",
        "ratings": "11 ",
        "img": "",
        "tags": [
            [
                "Greek History Books",
                "/browse/books/greek-history-books/3920_582331_583303_2090271"
            ],
            [
                "Cultural & Social Anthropology Books",
                "/browse/books/cultural-social-anthropology-books/3920_2761424_8176770_9998889_2451190"
            ],
            [
                "Christology",
                "/browse/books/christology/3920_1987289_582374_9438566_3047431"
            ],
            [
                "Discipleship",
                "/browse/books/discipleship/3920_1987289_582374_8889295_3739443"
            ],
            [
                "Sociology of Religion Books",
                "/browse/books/sociology-of-religion-books/3920_2761424_8176770_4262895"
            ],
            [
                "Medieval History Books",
                "/browse/books/medieval-history-books/3920_582331_583309"
            ],
            [
                "Catholic",
                "/browse/books/catholic/3920_1987289_582374_2763255_7547368"
            ],
            [
                "General Family Teen & Young Adult Books",
                "/browse/books/general-family-teen-young-adult-books/3920_1068785_2990746_7851638"
            ]
        ]
    },
    {
        "title": "The Warning : Testimonies and Prophecies of the Illumination of Conscience (Paperback)",
        "url": "https://www.walmart.com/ip/The-Warning-Testimonies-and-Prophecies-of-the-Illumination-of-Conscience-Paperback-9781947701090/637083023",
        "price": "$14.82",
        "stars": "4.6",
        "ratings": "7 ",
        "img": "",
        "tags": [
            [
                "Futuristic",
                "/browse/books/futuristic/3920_1987289_582374_5422910_2978800"
            ],
            [
                "Ancient Egyptian History Books",
                "/browse/books/ancient-egyptian-history-books/3920_582331_583299_3447938"
            ],
            [
                "Bible Study Guides",
                "/browse/books/bible-study-guides/3920_1987289_582374_2718157_4203444"
            ],
            [
                "Relationships",
                "/browse/books/relationships/3920_1987289_582374_8324310_5044877"
            ],
            [
                "Journaling Self-Help Books",
                "/browse/books/journaling-self-help-books/3920_5642757_5948378"
            ],
            [
                "Prayer",
                "/browse/books/prayer/3920_1987289_582374_8324310_7735167"
            ],
            [
                "Eschatology",
                "/browse/books/eschatology/3920_1987289_582374_9438566_9531093"
            ]
        ]
    }
]