[
    {
        "title": "Harry Potter: Constellation: Harry Potter: Gryffindor Constellation Sewn Pocket Notebook Collection (Paperback)",
        "url": "https://www.walmart.com/ip/Harry-Potter-Constellation-Harry-Potter-Gryffindor-Constellation-Sewn-Pocket-Notebook-Collection-Paperback-9781647220884/187737673",
        "price": "$8.99",
        "stars": 0,
        "ratings": 0,
        "img": "",
        "tags": [
            [
                "Harry Potter Children & Adult Costumes",
                "/browse/seasonal/harry-potter-children-adult-costumes/1085632_3437568_2633622"
            ],
            [
                "Ariel Clothing",
                "/browse/seasonal/ariel-clothing/1085632_668399_8905754_4265273_3390391"
            ],
            [
                "All Snow White",
                "/browse/seasonal/all-snow-white/1085632_668399_4463548_2822972_4688890"
            ],
            [
                "Shop All Glass",
                "/browse/seasonal/shop-all-glass/1085632_1071204_4976191"
            ],
            [
                "Teenage Mutant Ninja Turtles Women's Clothing",
                "/browse/seasonal/teenage-mutant-ninja-turtles-womens-clothing/1085632_1225660_1225691_6176365"
            ],
            [
                "Snow White Clothing",
                "/browse/seasonal/snow-white-clothing/1085632_668399_8905754_4265273_6633481"
            ],
            [
                "Rapunzel - Tangled",
                "/browse/seasonal/rapunzel-tangled/1085632_668399_4463548_6860833"
            ],
            [
                "Mulan",
                "/browse/seasonal/mulan/1085632_668399_4463548_7595524"
            ]
        ]
    },
    {
        "title": "How To Draw Comics The Marvel Way",
        "url": "https://www.walmart.com/ip/How-To-Draw-Comics-The-Marvel-Way-9780671530778/391904",
        "price": "$13.94",
        "stars": "4.6",
        "ratings": "8 ",
        "img": "",
        "tags": [
            [
                "General Comic Books & Graphic Novels",
                "/browse/books/general-comic-books-graphic-novels/3920_1095293_1095297"
            ],
            [
                "Techniques Kids' Books",
                "/browse/books/techniques-kids-books/3920_582053_582564_1729616"
            ],
            [
                "Study & Teaching Art Books",
                "/browse/books/study-teaching-art-books/3920_582321_6907922_4206399"
            ],
            [
                "Drawing Kids' Books",
                "/browse/books/drawing-kids-books/3920_582053_582564_6698366"
            ],
            [
                "Drawing Books",
                "/browse/books/drawing-books/3920_582321_6907922_9561236_8554153"
            ],
            [
                "Cartooning Kids' Books",
                "/browse/books/cartooning-kids-books/3920_582053_582564_9035551"
            ],
            [
                "Nonfiction Manga",
                "/browse/books/nonfiction-manga/3920_1095293_1095294_9843958"
            ]
        ]
    },
    {
        "title": "Faith Bible Verses Coloring Book for Adults : Featuring Illustrations and Designs to Color with Bible Scripture Verses on Faith",
        "url": "https://www.walmart.com/ip/Faith-Bible-Verses-Coloring-Book-for-Adults-Featuring-Illustrations-and-Designs-to-Color-with-Bible-Scripture-Verses-on-Faith-9781983535413/781236805",
        "price": "$8.99",
        "stars": "2.8",
        "ratings": "5 ",
        "img": "",
        "tags": [
            [
                "Plants & Animals Art Books",
                "/browse/books/plants-animals-art-books/3920_582321_6907922_9682242_1331853"
            ],
            [
                "Maps & Road Atlases",
                "/browse/books/maps-road-atlases/3920_9360990_3286434_4229583"
            ],
            [
                "Religious Art Books",
                "/browse/books/religious-art-books/3920_582321_6907922_9682242_5982485"
            ],
            [
                "Mindfulness & Meditation",
                "/browse/books/mindfulness-meditation/3920_1987289_5383544_6429422"
            ],
            [
                "Legal Dictionaries & Terminology Books",
                "/browse/books/legal-dictionaries-terminology-books/3920_1952589_7094570"
            ],
            [
                "Papercrafts Crafts & Hobbies Books",
                "/browse/books/papercrafts-crafts-hobbies-books/3920_582361_7691206"
            ],
            [
                "Drawing Books",
                "/browse/books/drawing-books/3920_582321_6907922_9561236_8554153"
            ],
            [
                "General Crafts & Hobbies Books",
                "/browse/books/general-crafts-hobbies-books/3920_582361_9762077"
            ]
        ]
    },
    {
        "title": "Chanel : The Vocabulary of Style",
        "url": "https://www.walmart.com/ip/Chanel-The-Vocabulary-of-Style-9780300175660/16467858",
        "price": "$66.49",
        "stars": "5.0",
        "ratings": "2 ",
        "img": "",
        "tags": [
            [
                "Women's Perspective Biographies & Autobiographies for Kids",
                "/browse/books/womens-perspective-biographies-autobiographies-for-kids/3920_582053_9228860_2788065"
            ],
            [
                "Artist Biographies & Autobiographies for Kids",
                "/browse/books/artist-biographies-autobiographies-for-kids/3920_582053_9228860_3053357"
            ],
            [
                "General Art History Books",
                "/browse/books/general-art-history-books/3920_582321_6907922_2433868_3443973"
            ],
            [
                "Fashion Photography Books",
                "/browse/books/fashion-photography-books/3920_582321_5674104_4153737_3485376"
            ],
            [
                "Fashion Biographies & Memoirs",
                "/browse/books/fashion-biographies-memoirs/3920_5196470_6795929"
            ],
            [
                "Cultural Heritage Novels",
                "/browse/books/cultural-heritage-novels/3920_582105_9435716_7003457"
            ],
            [
                "Biographical Novels",
                "/browse/books/biographical-novels/3920_582105_9435716_7039069"
            ],
            [
                "Decorating",
                "/browse/books/decorating/3920_5611252_1505656_9253864"
            ]
        ]
    },
    {
        "title": "Harry Potter Slytherin Hardcover Ruled Journal",
        "url": "https://www.walmart.com/ip/Harry-Potter-Slytherin-Hardcover-Ruled-Journal-9781608875610/43957604",
        "price": "$17.62",
        "stars": 0,
        "ratings": 0,
        "img": "",
        "tags": [
            [
                "History & Criticism Film Books",
                "/browse/books/history-criticism-film-books/3920_582321_6572320_5808584_1932437"
            ],
            [
                "Dragons, Unicorns & Mythical Creatures Kids' Books",
                "/browse/books/dragons-unicorns-mythical-creatures-kids-books/3920_582053_584177_2122790"
            ],
            [
                "Science Fiction & Fantasy Film Books",
                "/browse/books/science-fiction-fantasy-film-books/3920_582321_6572320_5808584_5445179"
            ],
            [
                "Media Tie-In Novels",
                "/browse/books/media-tie-in-novels/3920_582105_9435716_584212"
            ],
            [
                "Popular Culture Art Books",
                "/browse/books/popular-culture-art-books/3920_582321_6907922_7436890"
            ],
            [
                "Harry Potter",
                "/browse/books/harry-potter/3920_582053_7559307"
            ],
            [
                "Kids' Cookbooks & Food Books",
                "/browse/books/kids-cookbooks-food-books/3920_582053_8938147"
            ],
            [
                "Animation Books",
                "/browse/books/animation-books/3920_582321_6572320_9972228"
            ]
        ]
    },
    {
        "title": "Poldark: The Complete Fourth Season (Masterpiece) (DVD)",
        "url": "https://www.walmart.com/ip/Poldark-The-Complete-Fourth-Season-Masterpiece-DVD/691818432",
        "price": "$25.51",
        "stars": "5.0",
        "ratings": "3 ",
        "img": "",
        "tags": [
            [
                "New DVD Releases",
                "/browse/new-dvd-releases/4096_4262082"
            ],
            [
                "Crime",
                "/browse/movies-tv-shows/crime/4096_530598_530705_531446"
            ],
            [
                "United Kingdom Movies",
                "/browse/movies-tv-shows/united-kingdom-movies/4096_530598_530706_531507"
            ],
            [
                "Drama TV Shows",
                "/browse/movies-tv-shows/drama-tv-shows/4096_530719_531643"
            ],
            [
                "Sci-Fi & Fantasy TV Shows",
                "/browse/movies-tv-shows/sci-fi-fantasy-tv-shows/4096_530719_531650"
            ],
            [
                "Boxed Sets & Collections Movies & TV",
                "/browse/boxed-sets-collections-movies-tv/4096_5732611"
            ],
            [
                "All Documentaries",
                "/browse/movies-tv-shows/all-documentaries/4096_530598_530704_6867416"
            ],
            [
                "All Classics",
                "/browse/movies-tv-shows/all-classics/4096_530598_530702_9070202"
            ]
        ]
    },
    {
        "title": "Wolves Coloring: Coloring Book for Adults Wolves Design in Mandala Coloring Book Style Designs for Stress Relief, Relaxation and Boost Creativity (Paperback)",
        "url": "https://www.walmart.com/ip/Wolves-Coloring-Coloring-Book-Adults-Design-Mandala-Style-Designs-Stress-Relief-Relaxation-Boost-Creativity-Paperback-9781082180224/304595240",
        "price": "$18.99",
        "stars": "5.0",
        "ratings": "1 ",
        "img": "",
        "tags": [
            [
                "Plants & Animals Art Books",
                "/browse/books/plants-animals-art-books/3920_582321_6907922_9682242_1331853"
            ],
            [
                "Wolf Animal Books",
                "/browse/books/wolf-animal-books/3920_8529612_4668181_9504516_3536039"
            ],
            [
                "Mindfulness & Meditation",
                "/browse/books/mindfulness-meditation/3920_1987289_5383544_6429422"
            ],
            [
                "Papercrafts Crafts & Hobbies Books",
                "/browse/books/papercrafts-crafts-hobbies-books/3920_582361_7691206"
            ],
            [
                "Drawing Books",
                "/browse/books/drawing-books/3920_582321_6907922_9561236_8554153"
            ],
            [
                "Illustration Books",
                "/browse/books/illustration-books/3920_582321_9365291_2572982_9110114"
            ],
            [
                "Coloring Books",
                "/browse/books/coloring-books/3920_582321_6907922_9561236_9744706"
            ],
            [
                "General Crafts & Hobbies Books",
                "/browse/books/general-crafts-hobbies-books/3920_582361_9762077"
            ]
        ]
    },
    {
        "title": "The Ultimate Guide to Modern Calligraphy & Hand Lettering for Beginners (Paperback)",
        "url": "https://www.walmart.com/ip/The-Ultimate-Guide-to-Modern-Calligraphy-Hand-Lettering-for-Beginners-Paperback-9781646081493/659415220",
        "price": "$9.33",
        "stars": 0,
        "ratings": 0,
        "img": "i5.walmartimages.com/asr/cfc8a698-7f2c-4305-ab28-cc428e75bc29_1.b93e21deb860eda9a3ffa6ba7163e329.jpeg?odnWidth=612&odnHeight=612&odnBg=ffffff",
        "tags": [
            [
                "Pen & Ink Drawing Books",
                "/browse/books/pen-ink-drawing-books/3920_582321_6907922_9561236_1652990"
            ],
            [
                "Techniques Kids' Books",
                "/browse/books/techniques-kids-books/3920_582053_582564_1729616"
            ],
            [
                "Pencil Drawing Books",
                "/browse/books/pencil-drawing-books/3920_582321_6907922_9561236_2232958"
            ],
            [
                "Mixed Media Art Books",
                "/browse/books/mixed-media-art-books/3920_582321_6907922_2399787"
            ],
            [
                "Book",
                "/browse/books/book/3920_582321_9365291_2752272"
            ],
            [
                "History of Education Books",
                "/browse/books/history-of-education-books/3920_4284269_2778552"
            ],
            [
                "Handwriting Kids' Books",
                "/browse/books/handwriting-kids-books/3920_582053_8452860_7021485"
            ]
        ]
    },
    {
        "title": "Mister Rogers' Neighborhood: Would You Be Mine Collection (DVD)",
        "url": "https://www.walmart.com/ip/Mister-Rogers-Neighborhood-Would-You-Be-Mine-Collection-DVD/820721036",
        "price": "$12.57",
        "stars": 0,
        "ratings": 0,
        "img": "",
        "tags": [
            [
                "General Canadian History Books",
                "/browse/books/general-canadian-history-books/3920_582331_4272206_1405698"
            ],
            [
                "TV Reference Books",
                "/browse/books/tv-reference-books/3920_582321_6572320_6482205_3620703"
            ],
            [
                "Curiosities & Wonders Books",
                "/browse/books/curiosities-wonders-books/3920_3943378_5263191"
            ],
            [
                "TV Science Fiction, Fantasy & Horror Books",
                "/browse/books/tv-science-fiction-fantasy-horror-books/3920_582321_6572320_6482205_6036317"
            ],
            [
                "General Biographies & Memoirs",
                "/browse/books/general-biographies-memoirs/3920_5196470_6094313"
            ],
            [
                "Cozy Mystery Books",
                "/browse/books/cozy-mystery-books/3920_582105_9435716_586706_3971473_6761658"
            ],
            [
                "General Film Books",
                "/browse/books/general-film-books/3920_582321_6572320_5808584_9766285"
            ],
            [
                "TV History & Criticism Books",
                "/browse/books/tv-history-criticism-books/3920_582321_6572320_6482205_9807057"
            ]
        ]
    },
    {
        "title": "50 Three-Chord Christmas Songs for Guitar, Banjo, and Uke (Paperback)",
        "url": "https://www.walmart.com/ip/50-Three-Chord-Christmas-Songs-for-Guitar-Banjo-and-Uke-Paperback-9780786677160/13225955",
        "price": "$19.99",
        "stars": 0,
        "ratings": 0,
        "img": "i5.walmartimages.com/asr/65276346-6803-41b2-83c2-aa3ff61f92dc_1.4b3e679de8266ca1064e19a9a0f7323d.jpeg?odnWidth=612&odnHeight=612&odnBg=ffffff",
        "tags": [
            [
                "Orchestral Strings",
                "/browse/musical-instruments/orchestral-strings/7796869_3983498_3933845_1097967"
            ],
            [
                "All Woodwind Instruments",
                "/browse/musical-instruments/all-woodwind-instruments/7796869_3983498_9087652_1141074"
            ],
            [
                "Basic Violins",
                "/browse/musical-instruments/basic-violins/7796869_3983498_3933845_7826142_1336625"
            ],
            [
                "All Musical Instrument Accessories",
                "/browse/musical-instruments/all-musical-instrument-accessories/7796869_6171829_3297174"
            ],
            [
                "Guitar Pickups",
                "/browse/musical-instruments/guitar-pickups/7796869_6171829_6548527_4923424"
            ],
            [
                "Pianos",
                "/browse/musical-instruments/pianos/7796869_7773339_5652647"
            ],
            [
                "Shop Piano Keyboards by Size",
                "/browse/musical-instruments/shop-piano-keyboards-by-size/7796869_1128453_3376388_6600975"
            ]
        ]
    }
]