[
    {
        "title": "Mad Libs: Cool Mad Libs (Paperback)",
        "url": "https://www.walmart.com/ip/Mad-Libs-Cool-Mad-Libs-Paperback-9780843176605/1246197",
        "price": "$4.74",
        "stars": 0,
        "ratings": 0,
        "img": "",
        "tags": [
            [
                "Elementary School Back to School Books",
                "/browse/books/elementary-school-back-to-school-books/3920_8955258_1390351"
            ],
            [
                "Preschool to Kindergarten Back to School Books",
                "/browse/books/preschool-to-kindergarten-back-to-school-books/3920_8955258_1893215"
            ],
            [
                "Alphabet Kids' Books",
                "/browse/books/alphabet-kids-books/3920_582053_6630876_5347236"
            ],
            [
                "Easter & Lent Kids' Books",
                "/browse/books/easter-lent-kids-books/3920_582053_585922_585987"
            ],
            [
                "Christmas & Advent Kids' Books",
                "/browse/books/christmas-advent-kids-books/3920_582053_585922_585988"
            ],
            [
                "Study Aids & Workbooks for Kids",
                "/browse/books/study-aids-workbooks-for-kids/3920_582053_6940373"
            ],
            [
                "Puns & Wordplay",
                "/browse/books/puns-wordplay/3920_4310685_8751256"
            ],
            [
                "Word Games Kids' Books",
                "/browse/books/word-games-kids-books/3920_582053_6972438_9424250"
            ]
        ]
    },
    {
        "title": "Sight Words 3rd Grade Workbook (Baby Professor Learning Books) (Paperback)",
        "url": "https://www.walmart.com/ip/Sight-Words-3rd-Grade-Workbook-Baby-Professor-Learning-Books-Paperback-9781682800256/687785120",
        "price": "$14.56",
        "stars": 0,
        "ratings": 0,
        "img": "i5.walmartimages.com/asr/e4e5824d-9283-4c98-99da-017b53240695_1.dea5e679f56f7ca8d0294beee16352ab.jpeg?odnWidth=612&odnHeight=612&odnBg=ffffff",
        "tags": [
            [
                "Elementary School Back to School Books",
                "/browse/books/elementary-school-back-to-school-books/3920_8955258_1390351"
            ],
            [
                "Arithmetic Kids' Books",
                "/browse/books/arithmetic-kids-books/3920_582053_3294468_2763032"
            ],
            [
                "General Mathematics Kids' Books",
                "/browse/books/general-mathematics-kids-books/3920_582053_3294468_4136474"
            ],
            [
                "School & Education Kids' Books",
                "/browse/books/school-education-kids-books/3920_582053_4673607"
            ],
            [
                "Reading & Phonics Education Books",
                "/browse/books/reading-phonics-education-books/3920_4284269_9727618_6753644"
            ],
            [
                "Study Aids & Workbooks for Kids",
                "/browse/books/study-aids-workbooks-for-kids/3920_582053_6940373"
            ],
            [
                "Language Arts Education Books",
                "/browse/books/language-arts-education-books/3920_4284269_9727618_7038363"
            ],
            [
                "Finite Mathematics Books",
                "/browse/books/finite-mathematics-books/3920_9242904_7831617"
            ]
        ]
    },
    {
        "title": "Daniel Tiger's Neighborhood: It's You I Like! (Board Book)",
        "url": "https://www.walmart.com/ip/Daniel-Tiger-s-Neighborhood-It-s-You-I-Like-Board-Book-9781680523546/583480295",
        "price": "$7.99",
        "stars": "5.0",
        "ratings": "1 ",
        "img": "",
        "tags": [
            [
                "Seasons Kids' Books",
                "/browse/books/seasons-kids-books/3920_582053_6630876_1452736"
            ],
            [
                "Music Kids' Books",
                "/browse/books/music-kids-books/3920_582053_2270784_2377474"
            ],
            [
                "Manners & Etiquette Kids' Books",
                "/browse/books/manners-etiquette-kids-books/3920_582053_585928_2934415"
            ],
            [
                "Railroads & Trains Kids' Books",
                "/browse/books/railroads-trains-kids-books/3920_582053_3323652_3102635"
            ],
            [
                "Toilet Training Kids' Books",
                "/browse/books/toilet-training-kids-books/3920_582053_582569_3850916"
            ],
            [
                "Senses & Sensation Kids' Books",
                "/browse/books/senses-sensation-kids-books/3920_582053_6630876_4849904"
            ],
            [
                "Birthday Kids' Books",
                "/browse/books/birthday-kids-books/3920_582053_585922_5342191"
            ],
            [
                "Imagination & Play Kids' Books",
                "/browse/books/imagination-play-kids-books/3920_582053_7487610"
            ]
        ]
    },
    {
        "title": "Nickelodeon Paw Patrol: My Little Bucket of Books (Board Book)",
        "url": "https://www.walmart.com/ip/Nickelodeon-Paw-Patrol-My-Little-Bucket-of-Books-Board-Book-9781503733640/796000973",
        "price": "$9.02",
        "stars": 0,
        "ratings": 0,
        "img": "",
        "tags": [
            [
                "Children's Books Top 100",
                "/browse/books/childrens-books-top-100/3920_1057224_1568396"
            ],
            [
                "Dogs Kids' Books",
                "/browse/books/dogs-kids-books/3920_582053_584177_585917"
            ],
            [
                "Christmas & Advent Kids' Books",
                "/browse/books/christmas-advent-kids-books/3920_582053_585922_585988"
            ],
            [
                "Interactive Adventures Kids' Books",
                "/browse/books/interactive-adventures-kids-books/3920_582053_586178"
            ],
            [
                "Bedtime & Dreams Kids' Books",
                "/browse/books/bedtime-dreams-kids-books/3920_582053_7198550"
            ],
            [
                "Imagination & Play Kids' Books",
                "/browse/books/imagination-play-kids-books/3920_582053_7487610"
            ],
            [
                "Beginner Reading Kids' Books",
                "/browse/books/beginner-reading-kids-books/3920_582053_1106635_8429344"
            ]
        ]
    },
    {
        "title": "What Is the Story of Scooby-Doo?",
        "url": "https://www.walmart.com/ip/What-Is-the-Story-of-Scooby-Doo-9781524788247/551459119",
        "price": "$3.99",
        "stars": "4.5",
        "ratings": "2 ",
        "img": "",
        "tags": [
            [
                "All Scooby Doo Toys",
                "/browse/shop-by-movie/all-scooby-doo-toys/5920738_1719362_1562961_1243150"
            ],
            [
                "Scooby Doo Costumes",
                "/browse/shop-by-movie/scooby-doo-costumes/5920738_1719362_1594617"
            ],
            [
                "Shaggy",
                "/browse/shop-by-movie/shaggy/5920738_1719362_6372672_1944938"
            ],
            [
                "Fred",
                "/browse/shop-by-movie/fred/5920738_1719362_6372672_2802882"
            ],
            [
                "Daphne",
                "/browse/shop-by-movie/daphne/5920738_1719362_6372672_4673628"
            ],
            [
                "All Scooby Doo Clothing",
                "/browse/shop-by-movie/all-scooby-doo-clothing/5920738_1719362_6392497_4803239"
            ],
            [
                "All Scooby Doo",
                "/browse/shop-by-movie/all-scooby-doo/5920738_1719362_6111928"
            ],
            [
                "Velma",
                "/browse/shop-by-movie/velma/5920738_1719362_6372672_6121938"
            ]
        ]
    },
    {
        "title": "Let's Color Cupcakes - Coloring Book for Kids (Paperback)",
        "url": "https://www.walmart.com/ip/Let-s-Color-Cupcakes-Coloring-Book-for-Kids-Paperback/53598154",
        "price": "$6.92",
        "stars": "3.8",
        "ratings": "4 ",
        "img": "i5.walmartimages.com/asr/6e565573-b9fe-48aa-969b-e93abfe4bbc5_1.f710331b63cca1f652647312d79902be.jpeg?odnWidth=612&odnHeight=612&odnBg=ffffff",
        "tags": [
            [
                "Marine Life Animal Books",
                "/browse/books/marine-life-animal-books/3920_8529612_4668181_9504516_1516650"
            ],
            [
                "Colors Kids' Books",
                "/browse/books/colors-kids-books/3920_582053_6630876_1613775"
            ],
            [
                "General Learning Concept Kids' Books",
                "/browse/books/general-learning-concept-kids-books/3920_582053_6630876_4154909"
            ],
            [
                "Perl Programming Language Books",
                "/browse/books/perl-programming-language-books/3920_9724405_9784531_5350271"
            ],
            [
                "Puzzles Kids' Books",
                "/browse/books/puzzles-kids-books/3920_582053_6972438_5432134"
            ],
            [
                "Dinosaurs & Prehistoric Creatures Kids' Books",
                "/browse/books/dinosaurs-prehistoric-creatures-kids-books/3920_582053_584177_585916"
            ],
            [
                "General Kids' Books About Art",
                "/browse/books/general-kids-books-about-art/3920_582053_582564_8111334"
            ],
            [
                "General Crafts & Hobbies Books",
                "/browse/books/general-crafts-hobbies-books/3920_582361_9762077"
            ]
        ]
    },
    {
        "title": "Halloween Hidden Pictures(r) Puzzles to Highlight (Paperback)",
        "url": "https://www.walmart.com/ip/Halloween-Hidden-Pictures-r-Puzzles-to-Highlight-Paperback-9781684372027/871543448",
        "price": "$5.68",
        "stars": "1.0",
        "ratings": "1 ",
        "img": "",
        "tags": [
            [
                "General Comic Books & Graphic Novels",
                "/browse/books/general-comic-books-graphic-novels/3920_1095293_1095297"
            ],
            [
                "Kids' Activity Books",
                "/browse/books/kids-activity-books/3920_582053_1099163"
            ],
            [
                "Charlie Brown Books",
                "/browse/books/charlie-brown-books/3920_582053_8467779_2439513"
            ],
            [
                "Puzzles Kids' Books",
                "/browse/books/puzzles-kids-books/3920_582053_6972438_5432134"
            ],
            [
                "Easter & Lent Kids' Books",
                "/browse/books/easter-lent-kids-books/3920_582053_585922_585987"
            ],
            [
                "Christmas & Advent Kids' Books",
                "/browse/books/christmas-advent-kids-books/3920_582053_585922_585988"
            ],
            [
                "Halloween Kids' Books",
                "/browse/books/halloween-kids-books/3920_582053_585922_585989"
            ],
            [
                "Highlights",
                "/browse/books/highlights/3920_582053_8924814"
            ]
        ]
    },
    {
        "title": "Little Golden Book: 75 Years of Little Golden Books: 1942-2017 : A Commemorative Set of 12 Best-Loved Books (Hardcover)",
        "url": "https://www.walmart.com/ip/Little-Golden-Book-75-Years-of-Little-Golden-Books-1942-2017-A-Commemorative-Set-of-12-Best-Loved-Books-Hardcover-9780399559518/55391354",
        "price": "$24.98",
        "stars": "4.7",
        "ratings": "13 ",
        "img": "",
        "tags": [
            [
                "Classic Kids' Books",
                "/browse/books/classic-kids-books/3920_582053_1106632"
            ],
            [
                "Read Across America",
                "/browse/books/read-across-america/3920_582053_5445825"
            ],
            [
                "Farm Animals Kids' Books",
                "/browse/books/farm-animals-kids-books/3920_582053_584177_585926"
            ],
            [
                "Parents Kids' Books",
                "/browse/books/parents-kids-books/3920_582053_585918_586171"
            ],
            [
                "Fairy Tales & Folklore Kids' Books",
                "/browse/books/fairy-tales-folklore-kids-books/3920_582053_586185"
            ],
            [
                "Baby - Age 2 Kids' Books",
                "/browse/books/baby-age-2-kids-books/3920_582053_593774"
            ],
            [
                "Dr. Seuss",
                "/browse/books/dr-seuss/3920_582053_9858324"
            ]
        ]
    },
    {
        "title": "My Backyard Color by Number (Paperback)",
        "url": "https://www.walmart.com/ip/My-Backyard-Color-by-Number-Paperback-9780486814612/56106328",
        "price": "$3.99",
        "stars": "5.0",
        "ratings": "2 ",
        "img": "",
        "tags": [
            [
                "General Kids' Game & Activity Books",
                "/browse/books/general-kids-game-activity-books/3920_582053_6972438_3099384"
            ],
            [
                "Puzzles Kids' Books",
                "/browse/books/puzzles-kids-books/3920_582053_6972438_5432134"
            ],
            [
                "Christmas & Advent Kids' Books",
                "/browse/books/christmas-advent-kids-books/3920_582053_585922_585988"
            ],
            [
                "Mindfulness & Meditation",
                "/browse/books/mindfulness-meditation/3920_1987289_5383544_6429422"
            ],
            [
                "Early Childhood Education Books",
                "/browse/books/early-childhood-education-books/3920_4284269_8387148"
            ],
            [
                "Astronomy Books",
                "/browse/books/astronomy-books/3920_8529612_1841429_9521002"
            ],
            [
                "General Crafts & Hobbies Books",
                "/browse/books/general-crafts-hobbies-books/3920_582361_9762077"
            ],
            [
                "Counting & Numbers Kids' Books",
                "/browse/books/counting-numbers-kids-books/3920_582053_6630876_9855543"
            ]
        ]
    },
    {
        "title": "Kid's Courses!: Alfred's Kid's Guitar Course Notespeller 1 & 2: Music Reading Activities That Make Learning Even Easier! (Paperback)",
        "url": "https://www.walmart.com/ip/Kid-s-Courses-Alfred-s-Kid-s-Guitar-Course-Notespeller-1-2-Music-Reading-Activities-That-Make-Learning-Even-Easier-Paperback-9780739010945/4664115",
        "price": "$7.99",
        "stars": 0,
        "ratings": 0,
        "img": "",
        "tags": [
            [
                "Orchestral Strings",
                "/browse/musical-instruments/orchestral-strings/7796869_3983498_3933845_1097967"
            ],
            [
                "All Woodwind Instruments",
                "/browse/musical-instruments/all-woodwind-instruments/7796869_3983498_9087652_1141074"
            ],
            [
                "Basic Violins",
                "/browse/musical-instruments/basic-violins/7796869_3983498_3933845_7826142_1336625"
            ],
            [
                "All Musical Instrument Accessories",
                "/browse/musical-instruments/all-musical-instrument-accessories/7796869_6171829_3297174"
            ],
            [
                "Guitar Pickups",
                "/browse/musical-instruments/guitar-pickups/7796869_6171829_6548527_4923424"
            ],
            [
                "Pianos",
                "/browse/musical-instruments/pianos/7796869_7773339_5652647"
            ],
            [
                "Shop Piano Keyboards by Size",
                "/browse/musical-instruments/shop-piano-keyboards-by-size/7796869_1128453_3376388_6600975"
            ]
        ]
    }
]