[
    {
        "title": "Upstairs at the White House: My Life with the First Ladies (Paperback)",
        "url": "https://www.walmart.com/ip/Upstairs-at-the-White-House-My-Life-with-the-First-Ladies-Paperback-9781504038676/52608921",
        "price": "$16.05",
        "stars": "4.4",
        "ratings": "8 ",
        "img": "",
        "tags": [
            [
                "Presidents & Heads of State Biographies & Memoirs",
                "/browse/books/presidents-heads-of-state-biographies-memoirs/3920_5196470_1329554"
            ],
            [
                "Colors Kids' Books",
                "/browse/books/colors-kids-books/3920_582053_6630876_1613775"
            ],
            [
                "No-Ficcion Libros Para Ninos",
                "/browse/books/no-ficcion-libros-para-ninos/3920_226139_2023215"
            ],
            [
                "General Animal Kids' Books",
                "/browse/books/general-animal-kids-books/3920_582053_584177_585948"
            ],
            [
                "Interactive Adventures Kids' Books",
                "/browse/books/interactive-adventures-kids-books/3920_582053_586178"
            ],
            [
                "Historical Biographies & Memoirs",
                "/browse/books/historical-biographies-memoirs/3920_5196470_6575803"
            ],
            [
                "Personal Memoirs",
                "/browse/books/personal-memoirs/3920_5196470_9711945"
            ]
        ]
    },
    {
        "title": "Los Angeles: Portrait of a City (Hardcover)",
        "url": "https://www.walmart.com/ip/Los-Angeles-Portrait-of-a-City-Hardcover-9783836502917/10742346",
        "price": "$41.09",
        "stars": 0,
        "ratings": 0,
        "img": "",
        "tags": [
            [
                "Individual Photographers Books",
                "/browse/books/individual-photographers-books/3920_582321_5674104_2008407"
            ],
            [
                "Portraits & Selfies Photography Books",
                "/browse/books/portraits-selfies-photography-books/3920_582321_5674104_4153737_4234192"
            ],
            [
                "Architectural & Industrial Photography Books",
                "/browse/books/architectural-industrial-photography-books/3920_582321_5674104_4153737_6809289"
            ],
            [
                "Collections, Catalogs & Exhibitions Books",
                "/browse/books/collections-catalogs-exhibitions-books/3920_582321_5674104_8075710"
            ],
            [
                "Atlases, Gazetteers & Maps",
                "/browse/books/atlases-gazetteers-maps/3920_3943378_8919293"
            ],
            [
                "Rand McNally Travel Books, Maps & Guides",
                "/browse/books/rand-mcnally-travel-books-maps-guides/3920_9360990_8228179_9185121"
            ],
            [
                "Western State & Local United States History Books",
                "/browse/books/western-state-local-united-states-history-books/3920_582331_583318_8751259_9971122"
            ]
        ]
    },
    {
        "title": "The Negro Motorist Green-Book (Paperback)",
        "url": "https://www.walmart.com/ip/The-Negro-Motorist-Green-Book-Paperback-9781684223749/919449449",
        "price": "$12.52",
        "stars": 0,
        "ratings": 0,
        "img": "",
        "tags": [
            [
                "20th Century United States History Books",
                "/browse/books/20th-century-united-states-history-books/3920_582331_583318_2158164"
            ],
            [
                "Slavery Books",
                "/browse/books/slavery-books/3920_2761424_8176770_2698525"
            ],
            [
                "Women's History Books",
                "/browse/books/womens-history-books/3920_582331_4548193"
            ],
            [
                "Southern State & Local United States History Books",
                "/browse/books/southern-state-local-united-states-history-books/3920_582331_583318_8751259_7485298"
            ],
            [
                "African American Studies Books",
                "/browse/books/african-american-studies-books/3920_2761424_8176770_6537532_8322809"
            ],
            [
                "MLB Books",
                "/browse/books/mlb-books/3920_8924365_8749248"
            ],
            [
                "Discrimination & Race Relations Books",
                "/browse/books/discrimination-race-relations-books/3920_2761424_8176770_9541682"
            ]
        ]
    },
    {
        "title": "Revolver : Sam Colt and the Six-Shooter That Changed America (Hardcover)",
        "url": "https://www.walmart.com/ip/Revolver-Sam-Colt-and-the-Six-Shooter-That-Changed-America-Hardcover-9781501166389/560919611",
        "price": "$22.22",
        "stars": 0,
        "ratings": 0,
        "img": "",
        "tags": [
            [
                "Religion, Science & State",
                "/browse/books/religion-science-state/3920_1987289_582055_3159800"
            ],
            [
                "Heart",
                "/browse/books/heart/3920_582054_1646706_4894274"
            ],
            [
                "Firearms & Weapons Antiques & Collectibles Books",
                "/browse/books/firearms-weapons-antiques-collectibles-books/3920_582361_1025960_5015155"
            ],
            [
                "United States Military History Books",
                "/browse/books/united-states-military-history-books/3920_582331_583311_5218011"
            ],
            [
                "Aviation Military History Books",
                "/browse/books/aviation-military-history-books/3920_582331_583311_7759386"
            ],
            [
                "Pictorial Military History Books",
                "/browse/books/pictorial-military-history-books/3920_582331_583311_8981766"
            ],
            [
                "Vehicles Military History Books",
                "/browse/books/vehicles-military-history-books/3920_582331_583311_9220484"
            ],
            [
                "Archery Books",
                "/browse/books/archery-books/3920_8924365_9898813"
            ]
        ]
    },
    {
        "title": "Isaac's Storm : A Man, a Time, and the Deadliest Hurricane in History",
        "url": "https://www.walmart.com/ip/Isaac-s-Storm-A-Man-a-Time-and-the-Deadliest-Hurricane-in-History-9780375708275/777475",
        "price": "$14.52",
        "stars": "4.1",
        "ratings": "54 ",
        "img": "",
        "tags": [
            [
                "Presidents & Heads of State Biographies & Memoirs",
                "/browse/books/presidents-heads-of-state-biographies-memoirs/3920_5196470_1329554"
            ],
            [
                "Vietnam War Military History Books",
                "/browse/books/vietnam-war-military-history-books/3920_582331_583311_3257381"
            ],
            [
                "20th Century Modern History Books",
                "/browse/books/20th-century-modern-history-books/3920_582331_583312_4386810"
            ],
            [
                "United States Military History Books",
                "/browse/books/united-states-military-history-books/3920_582331_583311_5218011"
            ],
            [
                "Russian History Books",
                "/browse/books/russian-history-books/3920_582331_5270253"
            ],
            [
                "African American History Books",
                "/browse/books/african-american-history-books/3920_582331_5685608"
            ]
        ]
    },
    {
        "title": "Stony the Road : Reconstruction, White Supremacy, and the Rise of Jim Crow",
        "url": "https://www.walmart.com/ip/Stony-the-Road-Reconstruction-White-Supremacy-and-the-Rise-of-Jim-Crow-9780525559535/745697246",
        "price": "$27.80",
        "stars": 0,
        "ratings": 0,
        "img": "i5.walmartimages.com/asr/55f27499-7643-496a-a0a7-a3d6c71eb86f_1.5e91c9bd8332280bbdf6965e4bb5fe69.jpeg?odnWidth=612&odnHeight=612&odnBg=ffffff",
        "tags": [
            [
                "Midwest State & Local United States History Books",
                "/browse/books/midwest-state-local-united-states-history-books/3920_582331_583318_8751259_2590618"
            ],
            [
                "Slavery Books",
                "/browse/books/slavery-books/3920_2761424_8176770_2698525"
            ],
            [
                "United States Military History Books",
                "/browse/books/united-states-military-history-books/3920_582331_583311_5218011"
            ],
            [
                "Constitutional Law Books",
                "/browse/books/constitutional-law-books/3920_1952589_6598556"
            ],
            [
                "General Military History Books",
                "/browse/books/general-military-history-books/3920_582331_583311_7107288"
            ],
            [
                "Constitution Political Books",
                "/browse/books/constitution-political-books/3920_5764957_8570013"
            ],
            [
                "Biographies & Memoirs",
                "/browse/books/biographies-memoirs/3920_9420011_9645853"
            ]
        ]
    },
    {
        "title": "Crazy Horse: The Lakota Warrior's Life & Legacy (Hardcover)",
        "url": "https://www.walmart.com/ip/Crazy-Horse-The-Lakota-Warrior-s-Life-Legacy-Hardcover-9781423641230/51193226",
        "price": "$22.22",
        "stars": "4.0",
        "ratings": "1 ",
        "img": "",
        "tags": [
            [
                "Motivational & Inspirational Self-Help Books",
                "/browse/books/motivational-inspirational-self-help-books/3920_5642757_5080634"
            ],
            [
                "Inspirational & Religious Poetry Books",
                "/browse/books/inspirational-religious-poetry-books/3920_582105_9408377_5516974_5247368"
            ],
            [
                "Native American Studies Books",
                "/browse/books/native-american-studies-books/3920_2761424_8176770_6537532_5482557"
            ],
            [
                "Mother's Day Gift Guide Books",
                "/browse/books/mothers-day-gift-guide-books/3920_7458265_5685062"
            ],
            [
                "Motivational Business & Money Books",
                "/browse/books/motivational-business-money-books/3920_582349_7534693"
            ],
            [
                "Holiday Cookbooks",
                "/browse/books/holiday-cookbooks/3920_3036003_7879139"
            ],
            [
                "Equestrian Books",
                "/browse/books/equestrian-books/3920_8924365_8319845"
            ],
            [
                "Personal Success in Business & Money Books",
                "/browse/books/personal-success-in-business-money-books/3920_582349_9116217"
            ]
        ]
    },
    {
        "title": "World War I : The Definitive Visual History",
        "url": "https://www.walmart.com/ip/World-War-I-The-Definitive-Visual-History-9781465470010/372279871",
        "price": "$28.16",
        "stars": "5.0",
        "ratings": "3 ",
        "img": "",
        "tags": [
            [
                "General European History Books",
                "/browse/books/general-european-history-books/3920_582331_583303_3232207"
            ],
            [
                "Post-Confederation Canadian History Books",
                "/browse/books/post-confederation-canadian-history-books/3920_582331_4272206_3384682"
            ],
            [
                "Ships & Shipbuilding History Books",
                "/browse/books/ships-shipbuilding-history-books/3920_9842685_1557508_3217472_4149972"
            ],
            [
                "20th Century Modern History Books",
                "/browse/books/20th-century-modern-history-books/3920_582331_583312_4386810"
            ],
            [
                "United States Military History Books",
                "/browse/books/united-states-military-history-books/3920_582331_583311_5218011"
            ],
            [
                "World War II Military History Books",
                "/browse/books/world-war-ii-military-history-books/3920_582331_583311_7930108"
            ]
        ]
    },
    {
        "title": "America: A Narrative History (Paperback)",
        "url": "https://www.walmart.com/ip/America-A-Narrative-History-Paperback-9780393668964/288752621",
        "price": "$77.14",
        "stars": 0,
        "ratings": 0,
        "img": "",
        "tags": [
            [
                "Presidents & Heads of State Biographies & Memoirs",
                "/browse/books/presidents-heads-of-state-biographies-memoirs/3920_5196470_1329554"
            ],
            [
                "Vietnam War Military History Books",
                "/browse/books/vietnam-war-military-history-books/3920_582331_583311_3257381"
            ],
            [
                "20th Century Modern History Books",
                "/browse/books/20th-century-modern-history-books/3920_582331_583312_4386810"
            ],
            [
                "United States Military History Books",
                "/browse/books/united-states-military-history-books/3920_582331_583311_5218011"
            ],
            [
                "Russian History Books",
                "/browse/books/russian-history-books/3920_582331_5270253"
            ],
            [
                "African American History Books",
                "/browse/books/african-american-history-books/3920_582331_5685608"
            ]
        ]
    },
    {
        "title": "Killing Crazy Horse : The Merciless Indian Wars in America (Hardcover)",
        "url": "https://www.walmart.com/ip/Killing-Crazy-Horse-The-Merciless-Indian-Wars-in-America-Hardcover-9781432880101/883584493",
        "price": "$37.99",
        "stars": 0,
        "ratings": 0,
        "img": "",
        "tags": [
            [
                "Spain & Portugal History Books",
                "/browse/books/spain-portugal-history-books/3920_582331_583303_5040937"
            ],
            [
                "Action & Adventure Novels",
                "/browse/books/action-adventure-novels/3920_582105_9435716_583290"
            ],
            [
                "Western Novels",
                "/browse/books/western-novels/3920_582105_9435716_584309"
            ],
            [
                "General United States History Books",
                "/browse/books/general-united-states-history-books/3920_582331_583318_6419794"
            ],
            [
                "United States History Kids' Books",
                "/browse/books/united-states-history-kids-books/3920_582053_582572_7855693"
            ],
            [
                "Reference History Books",
                "/browse/books/reference-history-books/3920_582331_8908940"
            ]
        ]
    }
]