[
    {
        "title": "Daughter of the King : Finally Free",
        "url": "https://www.walmart.com/ip/Daughter-of-the-King-Finally-Free-9781641110365/820024243",
        "price": "$13.65",
        "stars": 0,
        "ratings": 0,
        "img": "",
        "tags": [
            [
                "Rich & Famous Biographies & Memoirs",
                "/browse/books/rich-famous-biographies-memoirs/3920_5196470_2244664"
            ],
            [
                "Body Art & Tattooing Art Books",
                "/browse/books/body-art-tattooing-art-books/3920_582321_6907922_2358664"
            ],
            [
                "Body, Mind & Spirit Kids' Books",
                "/browse/books/body-mind-spirit-kids-books/3920_582053_4172038"
            ],
            [
                "Mother's Day Gift Guide Books",
                "/browse/books/mothers-day-gift-guide-books/3920_7458265_5685062"
            ],
            [
                "Women Biographies & Memoirs",
                "/browse/books/women-biographies-memoirs/3920_5196470_7667225"
            ],
            [
                "MLB Books",
                "/browse/books/mlb-books/3920_8924365_8749248"
            ],
            [
                "Entertainment & Performing Arts Biographies & Memoirs",
                "/browse/books/entertainment-performing-arts-biographies-memoirs/3920_5196470_9350306"
            ]
        ]
    },
    {
        "title": "HarperCollins Spiritual Classics: Gregory of Nyssa : The Life of Moses (Paperback)",
        "url": "https://www.walmart.com/ip/HarperCollins-Spiritual-Classics-Gregory-of-Nyssa-The-Life-of-Moses-Paperback-9780060754648/25955120",
        "price": "$13.35",
        "stars": 0,
        "ratings": 0,
        "img": "",
        "tags": [
            [
                "Dragons, Unicorns & Mythical Creatures Kids' Books",
                "/browse/books/dragons-unicorns-mythical-creatures-kids-books/3920_582053_584177_2122790"
            ],
            [
                "Horses Kids' Books",
                "/browse/books/horses-kids-books/3920_582053_584177_585930"
            ],
            [
                "Superheroes Comic Books for Kids",
                "/browse/books/superheroes-comic-books-for-kids/3920_582053_7035585_5873224"
            ],
            [
                "General Comic Books for Kids",
                "/browse/books/general-comic-books-for-kids/3920_582053_7035585_6056057"
            ],
            [
                "Guides & Reviews",
                "/browse/books/guides-reviews/3920_582321_6572320_6482205_6757338"
            ],
            [
                "Spirit Riding Free Books",
                "/browse/books/spirit-riding-free-books/3920_582053_8467779_7607783"
            ],
            [
                "Adventure Travel Books, Maps & Guides",
                "/browse/books/adventure-travel-books-maps-guides/3920_9360990_3286434_8713788"
            ],
            [
                "Fashion & Accessories Design Books",
                "/browse/books/fashion-accessories-design-books/3920_582321_9365291_9285205"
            ]
        ]
    },
    {
        "title": "Che - Los Diarios de Ernesto Che Guevara: El Libro de la Pelicula Sobre La Vida del Che Guevara (Paperback)",
        "url": "https://www.walmart.com/ip/Che-Los-Diarios-de-Ernesto-Che-Guevara-El-Libro-de-la-Pelicula-Sobre-La-Vida-del-Che-Guevara-Paperback-9781921235481/6000941",
        "price": "$12.61",
        "stars": 0,
        "ratings": 0,
        "img": "",
        "tags": [
            [
                "Presidents & Heads of State Biographies & Memoirs",
                "/browse/books/presidents-heads-of-state-biographies-memoirs/3920_5196470_1329554"
            ],
            [
                "Revolutionary Period United States History Books",
                "/browse/books/revolutionary-period-united-states-history-books/3920_582331_583318_1871798"
            ],
            [
                "Holocaust History Books",
                "/browse/books/holocaust-history-books/3920_582331_3837857"
            ],
            [
                "19th Century United States History Books",
                "/browse/books/19th-century-united-states-history-books/3920_582331_583318_6384924"
            ],
            [
                "Political Biographies & Memoirs",
                "/browse/books/political-biographies-memoirs/3920_5196470_7578606"
            ],
            [
                "Women Biographies & Memoirs",
                "/browse/books/women-biographies-memoirs/3920_5196470_7667225"
            ],
            [
                "Cultural Heritage Biographies & Memoirs",
                "/browse/books/cultural-heritage-biographies-memoirs/3920_5196470_8577664"
            ]
        ]
    },
    {
        "title": "His Father's Son : The Life of General Ted Roosevelt, Jr.",
        "url": "https://www.walmart.com/ip/His-Father-s-Son-The-Life-of-General-Ted-Roosevelt-Jr-9781101988152/54296272",
        "price": "$20.33",
        "stars": "4.0",
        "ratings": "2 ",
        "img": "i5.walmartimages.com/asr/8721fc7c-42a6-41cd-8326-8be8efae0008_1.91c492cb4f820ba1060e207aafd26050.jpeg?odnWidth=612&odnHeight=612&odnBg=ffffff",
        "tags": [
            [
                "General True Crime Books",
                "/browse/books/general-true-crime-books/3920_6325322_2009754"
            ],
            [
                "Calligraphy Books",
                "/browse/books/calligraphy-books/3920_582321_6907922_9561236_4528396"
            ],
            [
                "Murder True Crime Books",
                "/browse/books/murder-true-crime-books/3920_6325322_4598389"
            ],
            [
                "Meetings & Presentations in Business Books",
                "/browse/books/meetings-presentations-in-business-books/3920_582349_5610699_4813902"
            ],
            [
                "Baseball History Books",
                "/browse/books/baseball-history-books/3920_8924365_4967252_5278625"
            ],
            [
                "Literary Kids' Books",
                "/browse/books/literary-kids-books/3920_582053_9228860_7622735"
            ],
            [
                "MLB Books",
                "/browse/books/mlb-books/3920_8924365_8749248"
            ],
            [
                "Lawyers & Judges Biographies & Memoirs",
                "/browse/books/lawyers-judges-biographies-memoirs/3920_5196470_9844029"
            ]
        ]
    },
    {
        "title": "Fame: Fame: One Direction (Paperback)",
        "url": "https://www.walmart.com/ip/Fame-Fame-One-Direction-Paperback-9781948724234/613083631",
        "price": "$8.37",
        "stars": 0,
        "ratings": 0,
        "img": "",
        "tags": [
            [
                "Country & Bluegrass Music Books",
                "/browse/books/country-bluegrass-music-books/3920_582321_1318217_4267978_2232693"
            ],
            [
                "Heavy Metal Music Books",
                "/browse/books/heavy-metal-music-books/3920_582321_1318217_4267978_4196114"
            ],
            [
                "Rock Music Books",
                "/browse/books/rock-music-books/3920_582321_1318217_4267978_6186495"
            ],
            [
                "Science Fiction Romance Books",
                "/browse/books/science-fiction-romance-books/3920_582105_582052_6575597"
            ],
            [
                "Individual Composer & Artist Music Books",
                "/browse/books/individual-composer-artist-music-books/3920_582321_1318217_6688455"
            ],
            [
                "Women Biographies & Memoirs",
                "/browse/books/women-biographies-memoirs/3920_5196470_7667225"
            ],
            [
                "Entertainment & Performing Arts Biographies & Memoirs",
                "/browse/books/entertainment-performing-arts-biographies-memoirs/3920_5196470_9350306"
            ],
            [
                "Biographies & Memoirs",
                "/browse/books/biographies-memoirs/3920_9420011_9645853"
            ]
        ]
    },
    {
        "title": "The Heroin Diaries: Ten Year Anniversary Edition : A Year in the Life of a Shattered Rock Star",
        "url": "https://www.walmart.com/ip/The-Heroin-Diaries-Ten-Year-Anniversary-Edition-A-Year-in-the-Life-of-a-Shattered-Rock-Star-9781501187544/56074644",
        "price": "$13.69",
        "stars": "5.0",
        "ratings": "5 ",
        "img": "",
        "tags": [
            [
                "Individual Photographers Books",
                "/browse/books/individual-photographers-books/3920_582321_5674104_2008407"
            ],
            [
                "Humor Novels",
                "/browse/books/humor-novels/3920_582105_9435716_2410560"
            ],
            [
                "Composers & Musicians Biographies & Memoirs",
                "/browse/books/composers-musicians-biographies-memoirs/3920_5196470_5543775"
            ],
            [
                "Superheroes Comic Books for Kids",
                "/browse/books/superheroes-comic-books-for-kids/3920_582053_7035585_5873224"
            ],
            [
                "Rock Music Books",
                "/browse/books/rock-music-books/3920_582321_1318217_4267978_6186495"
            ],
            [
                "Popular Culture Art Books",
                "/browse/books/popular-culture-art-books/3920_582321_6907922_7436890"
            ],
            [
                "Adventure Travel Books, Maps & Guides",
                "/browse/books/adventure-travel-books-maps-guides/3920_9360990_3286434_8713788"
            ],
            [
                "Personal Memoirs",
                "/browse/books/personal-memoirs/3920_5196470_9711945"
            ]
        ]
    },
    {
        "title": "TCM Greatest Classic Legends Film Collection: Kirk Douglas - Lust For Life / The Bad And The Beautiful / Young Man With A Horn / Before I Forget",
        "url": "https://www.walmart.com/ip/TCM-Greatest-Classic-Legends-Film-Collection-Kirk-Douglas-Lust-For-Life-The-Bad-And-The-Beautiful-Young-Man-With-A-Horn-Before-I-Forget/21008116",
        "price": "$50.53",
        "stars": "4.0",
        "ratings": "1 ",
        "img": "",
        "tags": [
            [
                "Dragons, Unicorns & Mythical Creatures Kids' Books",
                "/browse/books/dragons-unicorns-mythical-creatures-kids-books/3920_582053_584177_2122790"
            ],
            [
                "Horses Kids' Books",
                "/browse/books/horses-kids-books/3920_582053_584177_585930"
            ],
            [
                "Superheroes Comic Books for Kids",
                "/browse/books/superheroes-comic-books-for-kids/3920_582053_7035585_5873224"
            ],
            [
                "General Comic Books for Kids",
                "/browse/books/general-comic-books-for-kids/3920_582053_7035585_6056057"
            ],
            [
                "Guides & Reviews",
                "/browse/books/guides-reviews/3920_582321_6572320_6482205_6757338"
            ],
            [
                "Spirit Riding Free Books",
                "/browse/books/spirit-riding-free-books/3920_582053_8467779_7607783"
            ],
            [
                "Adventure Travel Books, Maps & Guides",
                "/browse/books/adventure-travel-books-maps-guides/3920_9360990_3286434_8713788"
            ],
            [
                "Fashion & Accessories Design Books",
                "/browse/books/fashion-accessories-design-books/3920_582321_9365291_9285205"
            ]
        ]
    },
    {
        "title": "Robots & Rainbows : Our Story of Asperger's Syndrome",
        "url": "https://www.walmart.com/ip/Robots-Rainbows-Our-Story-of-Asperger-s-Syndrome-9781438933740/540355095",
        "price": "$25.12",
        "stars": 0,
        "ratings": 0,
        "img": "",
        "tags": [
            [
                "Dragons, Unicorns & Mythical Creatures Kids' Books",
                "/browse/books/dragons-unicorns-mythical-creatures-kids-books/3920_582053_584177_2122790"
            ],
            [
                "Horses Kids' Books",
                "/browse/books/horses-kids-books/3920_582053_584177_585930"
            ],
            [
                "Superheroes Comic Books for Kids",
                "/browse/books/superheroes-comic-books-for-kids/3920_582053_7035585_5873224"
            ],
            [
                "General Comic Books for Kids",
                "/browse/books/general-comic-books-for-kids/3920_582053_7035585_6056057"
            ],
            [
                "Guides & Reviews",
                "/browse/books/guides-reviews/3920_582321_6572320_6482205_6757338"
            ],
            [
                "Spirit Riding Free Books",
                "/browse/books/spirit-riding-free-books/3920_582053_8467779_7607783"
            ],
            [
                "Adventure Travel Books, Maps & Guides",
                "/browse/books/adventure-travel-books-maps-guides/3920_9360990_3286434_8713788"
            ],
            [
                "Fashion & Accessories Design Books",
                "/browse/books/fashion-accessories-design-books/3920_582321_9365291_9285205"
            ]
        ]
    },
    {
        "title": "Where the Peacocks Sing : A Palace, a Prince, and the Search for Home",
        "url": "https://www.walmart.com/ip/Where-the-Peacocks-Sing-A-Palace-a-Prince-and-the-Search-for-Home-9781250044839/25341297",
        "price": "$5.49",
        "stars": 0,
        "ratings": 0,
        "img": "i5.walmartimages.com/asr/821bf9e6-83fb-4d27-a1cd-a35ed01d4b05_3.b74a07667505968ef63389bfb83f318d.jpeg?odnWidth=612&odnHeight=612&odnBg=ffffff",
        "tags": [
            [
                "Rich & Famous Biographies & Memoirs",
                "/browse/books/rich-famous-biographies-memoirs/3920_5196470_2244664"
            ],
            [
                "Body Art & Tattooing Art Books",
                "/browse/books/body-art-tattooing-art-books/3920_582321_6907922_2358664"
            ],
            [
                "Body, Mind & Spirit Kids' Books",
                "/browse/books/body-mind-spirit-kids-books/3920_582053_4172038"
            ],
            [
                "Mother's Day Gift Guide Books",
                "/browse/books/mothers-day-gift-guide-books/3920_7458265_5685062"
            ],
            [
                "Women Biographies & Memoirs",
                "/browse/books/women-biographies-memoirs/3920_5196470_7667225"
            ],
            [
                "MLB Books",
                "/browse/books/mlb-books/3920_8924365_8749248"
            ],
            [
                "Entertainment & Performing Arts Biographies & Memoirs",
                "/browse/books/entertainment-performing-arts-biographies-memoirs/3920_5196470_9350306"
            ]
        ]
    },
    {
        "title": "The Final Frontiersman : Heimo Korth and His Family, Alone in Alaska's Arctic Wilderness",
        "url": "https://www.walmart.com/ip/The-Final-Frontiersman-Heimo-Korth-and-His-Family-Alone-in-Alaska-s-Arctic-Wilderness-9780743453141/3430482",
        "price": "$12.63",
        "stars": "4.0",
        "ratings": "6 ",
        "img": "i5.walmartimages.com/asr/80697f2f-0ac6-4113-9112-7d5e0de37b45_1.88428615450cf999f39f0fbd562173a3.jpeg?odnWidth=612&odnHeight=612&odnBg=ffffff",
        "tags": [
            [
                "Dragons, Unicorns & Mythical Creatures Kids' Books",
                "/browse/books/dragons-unicorns-mythical-creatures-kids-books/3920_582053_584177_2122790"
            ],
            [
                "Horses Kids' Books",
                "/browse/books/horses-kids-books/3920_582053_584177_585930"
            ],
            [
                "Superheroes Comic Books for Kids",
                "/browse/books/superheroes-comic-books-for-kids/3920_582053_7035585_5873224"
            ],
            [
                "General Comic Books for Kids",
                "/browse/books/general-comic-books-for-kids/3920_582053_7035585_6056057"
            ],
            [
                "Guides & Reviews",
                "/browse/books/guides-reviews/3920_582321_6572320_6482205_6757338"
            ],
            [
                "Spirit Riding Free Books",
                "/browse/books/spirit-riding-free-books/3920_582053_8467779_7607783"
            ],
            [
                "Adventure Travel Books, Maps & Guides",
                "/browse/books/adventure-travel-books-maps-guides/3920_9360990_3286434_8713788"
            ],
            [
                "Fashion & Accessories Design Books",
                "/browse/books/fashion-accessories-design-books/3920_582321_9365291_9285205"
            ]
        ]
    }
]