[
    {
        "title": "Adult Coloring Book - Whimsical Dreams : Color Up a Fantasy, Magic Characters. All Ages. 50 Different Images Printed on Single-Sided Pages",
        "url": "https://www.walmart.com/ip/Adult-Coloring-Book-Whimsical-Dreams-Color-Up-a-Fantasy-Magic-Characters-All-Ages-50-Different-Images-Printed-on-Single-Sided-Pages-9788469733479/647441916",
        "price": "$10.95",
        "stars": "5.0",
        "ratings": "1 ",
        "img": "",
        "tags": [
            [
                "Plants & Animals Art Books",
                "/browse/books/plants-animals-art-books/3920_582321_6907922_9682242_1331853"
            ],
            [
                "Fantasy Comic Books & Graphic Novels",
                "/browse/books/fantasy-comic-books-graphic-novels/3920_1095293_1095298_1591225"
            ],
            [
                "NFL Books",
                "/browse/books/nfl-books/3920_8924365_3613575"
            ],
            [
                "Mindfulness & Meditation",
                "/browse/books/mindfulness-meditation/3920_1987289_5383544_6429422"
            ],
            [
                "Papercrafts Crafts & Hobbies Books",
                "/browse/books/papercrafts-crafts-hobbies-books/3920_582361_7691206"
            ],
            [
                "Drawing Books",
                "/browse/books/drawing-books/3920_582321_6907922_9561236_8554153"
            ],
            [
                "Coloring Books",
                "/browse/books/coloring-books/3920_582321_6907922_9561236_9744706"
            ],
            [
                "General Crafts & Hobbies Books",
                "/browse/books/general-crafts-hobbies-books/3920_582361_9762077"
            ]
        ]
    },
    {
        "title": "Country Farmhouse (Hardcover)",
        "url": "https://www.walmart.com/ip/Country-Farmhouse-Hardcover-9781940772622/237281453",
        "price": "$26.49",
        "stars": 0,
        "ratings": 0,
        "img": "",
        "tags": [
            [
                "Decorating Crafts & Hobbies Books",
                "/browse/books/decorating-crafts-hobbies-books/3920_582361_1850433"
            ],
            [
                "Lifestyles Photography Books",
                "/browse/books/lifestyles-photography-books/3920_582321_5674104_4153737_2257517"
            ],
            [
                "Sustainable Living Books",
                "/browse/books/sustainable-living-books/3920_5611252_1505656_2779981"
            ],
            [
                "Silver, Gold & Other Metals Antiques & Collectibles Books",
                "/browse/books/silver-gold-other-metals-antiques-collectibles-books/3920_582361_1025960_3385247"
            ],
            [
                "Cookbooks for Entertaining",
                "/browse/books/cookbooks-for-entertaining/3920_3036003_6652905"
            ],
            [
                "Interior Design Books",
                "/browse/books/interior-design-books/3920_582321_4942684_8264580"
            ],
            [
                "Decorating",
                "/browse/books/decorating/3920_5611252_1505656_9253864"
            ],
            [
                "Vegetables",
                "/browse/books/vegetables/3920_5611252_5369561_9828463"
            ]
        ]
    },
    {
        "title": "Bts: Blood, Sweat & Tears (Paperback)",
        "url": "https://www.walmart.com/ip/Bts-Blood-Sweat-Tears-Paperback-9781974717132/356551152",
        "price": "$21.10",
        "stars": "3.0",
        "ratings": "2 ",
        "img": "",
        "tags": [
            [
                "Country & Bluegrass Music Books",
                "/browse/books/country-bluegrass-music-books/3920_582321_1318217_4267978_2232693"
            ],
            [
                "Heavy Metal Music Books",
                "/browse/books/heavy-metal-music-books/3920_582321_1318217_4267978_4196114"
            ],
            [
                "Rock Music Books",
                "/browse/books/rock-music-books/3920_582321_1318217_4267978_6186495"
            ],
            [
                "Science Fiction Romance Books",
                "/browse/books/science-fiction-romance-books/3920_582105_582052_6575597"
            ],
            [
                "Individual Composer & Artist Music Books",
                "/browse/books/individual-composer-artist-music-books/3920_582321_1318217_6688455"
            ],
            [
                "Women Biographies & Memoirs",
                "/browse/books/women-biographies-memoirs/3920_5196470_7667225"
            ],
            [
                "Entertainment & Performing Arts Biographies & Memoirs",
                "/browse/books/entertainment-performing-arts-biographies-memoirs/3920_5196470_9350306"
            ],
            [
                "Biographies & Memoirs",
                "/browse/books/biographies-memoirs/3920_9420011_9645853"
            ]
        ]
    },
    {
        "title": "Creative Haven Coloring Books: Creative Haven Victorian Houses Architecture Coloring Book (Paperback)",
        "url": "https://www.walmart.com/ip/Creative-Haven-Coloring-Books-Creative-Haven-Victorian-Houses-Architecture-Coloring-Book-Paperback-9780486807942/49012721",
        "price": "$8.23",
        "stars": "5.0",
        "ratings": "1 ",
        "img": "i5.walmartimages.com/asr/f079fe20-9fb7-4357-9af3-54826872f05a_1.b302cf5168b7defb0347960d751b9758.jpeg?odnWidth=612&odnHeight=612&odnBg=ffffff",
        "tags": [
            [
                "Fashion Crafts & Hobbies Books",
                "/browse/books/fashion-crafts-hobbies-books/3920_582361_3491407"
            ],
            [
                "Flower Plant Books",
                "/browse/books/flower-plant-books/3920_8529612_4668181_2931035_5290821"
            ],
            [
                "Landscapes & Seascapes Art Books",
                "/browse/books/landscapes-seascapes-art-books/3920_582321_6907922_9682242_6204099"
            ],
            [
                "General American Art Books",
                "/browse/books/general-american-art-books/3920_582321_6907922_2291955_6406520"
            ],
            [
                "Mindfulness & Meditation",
                "/browse/books/mindfulness-meditation/3920_1987289_5383544_6429422"
            ],
            [
                "Fashion & Accessories Design Books",
                "/browse/books/fashion-accessories-design-books/3920_582321_9365291_9285205"
            ],
            [
                "General Architecture History Books",
                "/browse/books/general-architecture-history-books/3920_582321_4942684_6363288_9504182"
            ],
            [
                "General Crafts & Hobbies Books",
                "/browse/books/general-crafts-hobbies-books/3920_582361_9762077"
            ]
        ]
    },
    {
        "title": "Learn to Draw Bugs Bunny and Friends: How to Draw Looney Tunes : Learn to Draw Looney Tunes (Series #0) (Paperback)",
        "url": "https://www.walmart.com/ip/Learn-to-Draw-Bugs-Bunny-and-Friends-How-to-Draw-Looney-Tunes-Learn-to-Draw-Looney-Tunes-Series-0-Paperback-9781672231237/365276735",
        "price": "$13.20",
        "stars": 0,
        "ratings": 0,
        "img": "",
        "tags": [
            [
                "Plants & Animals Art Books",
                "/browse/books/plants-animals-art-books/3920_582321_6907922_9682242_1331853"
            ],
            [
                "Pencil Drawing Books",
                "/browse/books/pencil-drawing-books/3920_582321_6907922_9561236_2232958"
            ],
            [
                "Cartooning Books",
                "/browse/books/cartooning-books/3920_582321_6907922_9561236_5124655"
            ],
            [
                "Drawing Kids' Books",
                "/browse/books/drawing-kids-books/3920_582053_582564_6698366"
            ],
            [
                "General Games & Activity Books",
                "/browse/books/general-games-activity-books/3920_582361_9999446_6935387"
            ],
            [
                "Human Figure Art Books",
                "/browse/books/human-figure-art-books/3920_582321_6907922_9682242_7841785"
            ],
            [
                "Illustration Books",
                "/browse/books/illustration-books/3920_582321_9365291_2572982_9110114"
            ],
            [
                "General Crafts & Hobbies Books",
                "/browse/books/general-crafts-hobbies-books/3920_582361_9762077"
            ]
        ]
    },
    {
        "title": "How to Draw & Paint: Drawing: Faces & Expressions: Master the Art of Drawing a Range of Faces and Expressions - Step by Step (Paperback)",
        "url": "https://www.walmart.com/ip/How-to-Draw-Paint-Drawing-Faces-Expressions-Master-the-Art-of-Drawing-a-Range-of-Faces-and-Expressions-Step-by-Step-Paperback-9781600584558/42079762",
        "price": "$13.34",
        "stars": 0,
        "ratings": 0,
        "img": "",
        "tags": [
            [
                "Pen & Ink Drawing Books",
                "/browse/books/pen-ink-drawing-books/3920_582321_6907922_9561236_1652990"
            ],
            [
                "Life Drawing Books",
                "/browse/books/life-drawing-books/3920_582321_6907922_9561236_3363750"
            ],
            [
                "Cartooning Books",
                "/browse/books/cartooning-books/3920_582321_6907922_9561236_5124655"
            ],
            [
                "Landscapes & Seascapes Art Books",
                "/browse/books/landscapes-seascapes-art-books/3920_582321_6907922_9682242_6204099"
            ],
            [
                "Drawing Kids' Books",
                "/browse/books/drawing-kids-books/3920_582053_582564_6698366"
            ],
            [
                "Drawing Books",
                "/browse/books/drawing-books/3920_582321_6907922_9561236_8554153"
            ],
            [
                "Illustration Books",
                "/browse/books/illustration-books/3920_582321_9365291_2572982_9110114"
            ]
        ]
    },
    {
        "title": "Katie Daisy 2021 Wall Calendar (Other)",
        "url": "https://www.walmart.com/ip/Katie-Daisy-2021-Wall-Calendar-Other-9781631366444/200553424",
        "price": "$13.49",
        "stars": 0,
        "ratings": 0,
        "img": "",
        "tags": [
            [
                "Plants & Animals Art Books",
                "/browse/books/plants-animals-art-books/3920_582321_6907922_9682242_1331853"
            ],
            [
                "European Art Books",
                "/browse/books/european-art-books/3920_582321_6907922_4378258"
            ],
            [
                "Prints Art Books",
                "/browse/books/prints-art-books/3920_582321_6907922_5218431"
            ],
            [
                "Religious Art Books",
                "/browse/books/religious-art-books/3920_582321_6907922_9682242_5982485"
            ],
            [
                "Landscapes & Seascapes Art Books",
                "/browse/books/landscapes-seascapes-art-books/3920_582321_6907922_9682242_6204099"
            ],
            [
                "Folk & Outsider Art Books",
                "/browse/books/folk-outsider-art-books/3920_582321_6907922_7290665"
            ],
            [
                "Popular Culture Art Books",
                "/browse/books/popular-culture-art-books/3920_582321_6907922_7436890"
            ],
            [
                "Artists, Architects & Photographers Biographies & Memoirs",
                "/browse/books/artists-architects-photographers-biographies-memoirs/3920_5196470_8238806"
            ]
        ]
    },
    {
        "title": "The Art of Star Wars: The Rise of Skywalker",
        "url": "https://www.walmart.com/ip/The-Art-of-Star-Wars-The-Rise-of-Skywalker-9781419740381/294325057",
        "price": "$27.99",
        "stars": "4.0",
        "ratings": "1 ",
        "img": "",
        "tags": [
            [
                "Direction & Production Film Books",
                "/browse/books/direction-production-film-books/3920_582321_6572320_5808584_1958149"
            ],
            [
                "Comic-Con Books",
                "/browse/comic-con-books/3920_2196908"
            ],
            [
                "Film & Video Art Books",
                "/browse/books/film-video-art-books/3920_582321_6907922_5014923"
            ],
            [
                "Science Fiction & Fantasy Film Books",
                "/browse/books/science-fiction-fantasy-film-books/3920_582321_6572320_5808584_5445179"
            ],
            [
                "Space Opera Books",
                "/browse/books/space-opera-books/3920_582105_9435716_586163_1469104_586702"
            ],
            [
                "Film Guides & Reviews Books",
                "/browse/books/film-guides-reviews-books/3920_582321_6572320_5808584_6617216"
            ],
            [
                "Popular Culture Art Books",
                "/browse/books/popular-culture-art-books/3920_582321_6907922_7436890"
            ],
            [
                "Science Fiction Comic Books & Graphic Novels",
                "/browse/books/science-fiction-comic-books-graphic-novels/3920_1095293_1095298_8894462"
            ]
        ]
    },
    {
        "title": "Good Night Stories for Rebel Girls: Good Night Stories for Rebel Girls 2, Volume 2 (Hardcover)",
        "url": "https://www.walmart.com/ip/Good-Night-Stories-for-Rebel-Girls-Good-Night-Stories-for-Rebel-Girls-2-Volume-2-Hardcover-9780997895827/815677485",
        "price": "$18.71",
        "stars": "4.0",
        "ratings": "2 ",
        "img": "",
        "tags": [
            [
                "Science Fiction Teen & Young Adult Books",
                "/browse/books/science-fiction-teen-young-adult-books/3920_1068785_2702343_2706398"
            ],
            [
                "Women's Perspective Biographies & Autobiographies for Kids",
                "/browse/books/womens-perspective-biographies-autobiographies-for-kids/3920_582053_9228860_2788065"
            ],
            [
                "Architecture Professional Practice Books",
                "/browse/books/architecture-professional-practice-books/3920_582321_4942684_3498740"
            ],
            [
                "Regional Architecture Books",
                "/browse/books/regional-architecture-books/3920_582321_4942684_3924949"
            ],
            [
                "Individual Architects & Firms Books",
                "/browse/books/individual-architects-firms-books/3920_582321_4942684_3969063"
            ],
            [
                "Girls & Women Kids' Books",
                "/browse/books/girls-women-kids-books/3920_582053_585984"
            ],
            [
                "Contemporary Books",
                "/browse/books/contemporary-books/3920_582321_4942684_6363288_8046680"
            ],
            [
                "Methods & Materials Books",
                "/browse/books/methods-materials-books/3920_582321_4942684_9070451"
            ]
        ]
    },
    {
        "title": "Howards End (Masterpiece) (DVD)",
        "url": "https://www.walmart.com/ip/Howards-End-Masterpiece-DVD/199344167",
        "price": "$21.52",
        "stars": "5.0",
        "ratings": "2 ",
        "img": "",
        "tags": [
            [
                "TV Reference Books",
                "/browse/books/tv-reference-books/3920_582321_6572320_6482205_3620703"
            ],
            [
                "Space Opera Books",
                "/browse/books/space-opera-books/3920_582105_9435716_586163_1469104_586702"
            ],
            [
                "TV Science Fiction, Fantasy & Horror Books",
                "/browse/books/tv-science-fiction-fantasy-horror-books/3920_582321_6572320_6482205_6036317"
            ],
            [
                "General Biographies & Memoirs",
                "/browse/books/general-biographies-memoirs/3920_5196470_6094313"
            ],
            [
                "Cozy Mystery Books",
                "/browse/books/cozy-mystery-books/3920_582105_9435716_586706_3971473_6761658"
            ],
            [
                "MLB Books",
                "/browse/books/mlb-books/3920_8924365_8749248"
            ],
            [
                "General Film Books",
                "/browse/books/general-film-books/3920_582321_6572320_5808584_9766285"
            ],
            [
                "TV History & Criticism Books",
                "/browse/books/tv-history-criticism-books/3920_582321_6572320_6482205_9807057"
            ]
        ]
    }
]