[
    {
        "title": "Chanel : Collections and Creations (Hardcover)",
        "url": "https://www.walmart.com/ip/Chanel-Collections-and-Creations-Hardcover-9780500513606/5930763",
        "price": "$31.49",
        "stars": "4.9",
        "ratings": "11 ",
        "img": "",
        "tags": [
            [
                "Corporate & Business History Books",
                "/browse/books/corporate-business-history-books/3920_582349_2306820"
            ],
            [
                "Fashion Teen & Young Adult Art Books",
                "/browse/books/fashion-teen-young-adult-art-books/3920_1068785_9881091_3017099"
            ],
            [
                "Artist Biographies & Autobiographies for Kids",
                "/browse/books/artist-biographies-autobiographies-for-kids/3920_582053_9228860_3053357"
            ],
            [
                "Fashion Photography Books",
                "/browse/books/fashion-photography-books/3920_582321_5674104_4153737_3485376"
            ],
            [
                "Cultural Heritage Novels",
                "/browse/books/cultural-heritage-novels/3920_582105_9435716_7003457"
            ],
            [
                "Biographical Novels",
                "/browse/books/biographical-novels/3920_582105_9435716_7039069"
            ],
            [
                "Decorating",
                "/browse/books/decorating/3920_5611252_1505656_9253864"
            ],
            [
                "Fashion & Accessories Design Books",
                "/browse/books/fashion-accessories-design-books/3920_582321_9365291_9285205"
            ]
        ]
    },
    {
        "title": "Louis Vuitton: The Birth of Modern Luxury Updated Edition : The Birth of Modern Luxury Updated Edition",
        "url": "https://www.walmart.com/ip/Louis-Vuitton-The-Birth-of-Modern-Luxury-Updated-Edition-The-Birth-of-Modern-Luxury-Updated-Edition-9781419705564/20625365",
        "price": "$90.65",
        "stars": "5.0",
        "ratings": "1 ",
        "img": "",
        "tags": [
            [
                "General Art History Books",
                "/browse/books/general-art-history-books/3920_582321_6907922_2433868_3443973"
            ],
            [
                "Fashion Photography Books",
                "/browse/books/fashion-photography-books/3920_582321_5674104_4153737_3485376"
            ],
            [
                "Action & Adventure Novels",
                "/browse/books/action-adventure-novels/3920_582105_9435716_583290"
            ],
            [
                "Short Story Books",
                "/browse/books/short-story-books/3920_582105_9435716_584307"
            ],
            [
                "Western Novels",
                "/browse/books/western-novels/3920_582105_9435716_584309"
            ],
            [
                "Hockey Books",
                "/browse/books/hockey-books/3920_8924365_6474089"
            ],
            [
                "Action & Adventure Romance Books",
                "/browse/books/action-adventure-romance-books/3920_582105_582052_8143897"
            ],
            [
                "Decorating",
                "/browse/books/decorating/3920_5611252_1505656_9253864"
            ]
        ]
    },
    {
        "title": "Master Guide to Drawing Anime: The Master Guide to Drawing Anime, Volume 1 (Paperback)",
        "url": "https://www.walmart.com/ip/Master-Guide-to-Drawing-Anime-The-Master-Guide-to-Drawing-Anime-Volume-1-Paperback-9781936096862/42078054",
        "price": "$10.79",
        "stars": "5.0",
        "ratings": "4 ",
        "img": "",
        "tags": [
            [
                "Pencil Drawing Books",
                "/browse/books/pencil-drawing-books/3920_582321_6907922_9561236_2232958"
            ],
            [
                "Life Drawing Books",
                "/browse/books/life-drawing-books/3920_582321_6907922_9561236_3363750"
            ],
            [
                "General Asian Art Books",
                "/browse/books/general-asian-art-books/3920_582321_6907922_8898941_3599660"
            ],
            [
                "Drawing Kids' Books",
                "/browse/books/drawing-kids-books/3920_582053_582564_6698366"
            ],
            [
                "Journal Writing Teen & Young Adult Books",
                "/browse/books/journal-writing-teen-young-adult-books/3920_1068785_9556643_7551354"
            ],
            [
                "Human Figure Art Books",
                "/browse/books/human-figure-art-books/3920_582321_6907922_9682242_7841785"
            ],
            [
                "Drawing Books",
                "/browse/books/drawing-books/3920_582321_6907922_9561236_8554153"
            ]
        ]
    },
    {
        "title": "Origami Paper 300 Sheets Japanese Washi Patterns 4\" (10 CM): Tuttle Origami Paper: High-Quality Double-Sided Origami Sheets Printed with 12 Different Designs (Other)",
        "url": "https://www.walmart.com/ip/Origami-Paper-300-Sheets-Japanese-Washi-Patterns-4-10-CM-Tuttle-Paper-High-Quality-Double-Sided-Printed-12-Different-Designs-Other/389440610",
        "price": "$7.99",
        "stars": "3.7",
        "ratings": "3 ",
        "img": "",
        "tags": [
            [
                "Construction Paper",
                "/browse/arts-crafts-sewing/construction-paper/1334134_6172404_4854691_7730900_2097767"
            ],
            [
                "Scrapbook Paper",
                "/browse/arts-crafts-sewing/scrapbook-paper/1334134_6172404_4854691_7730900_3276746"
            ],
            [
                "All Art Paper",
                "/browse/arts-crafts-sewing/all-art-paper/1334134_5899871_9677556_3514948"
            ],
            [
                "Decorative Paper",
                "/browse/arts-crafts-sewing/decorative-paper/1334134_6172404_4854691_7730900_4469812"
            ],
            [
                "Art Sketchbooks and Paper",
                "/browse/arts-crafts-sewing/art-sketchbooks-paper/1334134_5899871_1350721_5138397"
            ],
            [
                "Metallic Paper & Foil",
                "/browse/arts-crafts-sewing/metallic-paper-foil/1334134_6172404_4854691_7730900_6066766"
            ],
            [
                "Scrapbooking Embellishments",
                "/browse/arts-crafts-sewing/scrapbooking-embellishments/1334134_8495017_8268489"
            ],
            [
                "Scrapbooking Kits",
                "/browse/arts-crafts-sewing/scrapbooking-kits/1334134_8495017_8505615"
            ]
        ]
    },
    {
        "title": "Origami Paper 200 Sheets Rainbow Colors 6\" (15 CM): Tuttle Origami Paper: High-Quality Double Sided Origami Sheets Printed with 12 Different Designs (Instructions for 6 Projects Included) (Other)",
        "url": "https://www.walmart.com/ip/Origami-Paper-200-Sheets-Rainbow-Colors-6-15-CM-Tuttle-Paper-High-Quality-Double-Sided-Printed-12-Different-Designs-Instructions-6-Projects-Included--9780804847186/55746570",
        "price": "$7.64",
        "stars": "4.9",
        "ratings": "7 ",
        "img": "",
        "tags": [
            [
                "Puzzle Books",
                "/browse/books/puzzle-books/3920_582361_9999446_2894227"
            ],
            [
                "Mother's Day Crafts & Hobbies Books",
                "/browse/books/mothers-day-crafts-hobbies-books/3920_7458265_3551722"
            ],
            [
                "General Asian Art Books",
                "/browse/books/general-asian-art-books/3920_582321_6907922_8898941_3599660"
            ],
            [
                "Crafts, Hobbies & Activities Kids' Books",
                "/browse/books/crafts-hobbies-activities-kids-books/3920_582053_583387"
            ],
            [
                "Crafts for Children Books",
                "/browse/books/crafts-for-children-books/3920_582361_7334565"
            ],
            [
                "Papercrafts Crafts & Hobbies Books",
                "/browse/books/papercrafts-crafts-hobbies-books/3920_582361_7691206"
            ],
            [
                "General Kids' Books About Art",
                "/browse/books/general-kids-books-about-art/3920_582053_582564_8111334"
            ],
            [
                "Origami Crafts & Hobbies Books",
                "/browse/books/origami-crafts-hobbies-books/3920_582361_9574357"
            ]
        ]
    },
    {
        "title": "Tom Ford",
        "url": "https://www.walmart.com/ip/Tom-Ford-9780847826698/2627900",
        "price": "$106.99",
        "stars": "3.8",
        "ratings": "4 ",
        "img": "",
        "tags": [
            [
                "Fashion & Style Self-Help Books",
                "/browse/books/fashion-style-self-help-books/3920_5642757_2722640"
            ],
            [
                "General Art History Books",
                "/browse/books/general-art-history-books/3920_582321_6907922_2433868_3443973"
            ],
            [
                "Mother's Day Crafts & Hobbies Books",
                "/browse/books/mothers-day-crafts-hobbies-books/3920_7458265_3551722"
            ],
            [
                "History & Criticism Design Books",
                "/browse/books/history-criticism-design-books/3920_582321_9365291_3745571"
            ],
            [
                "Individual Artists Art Books",
                "/browse/books/individual-artists-art-books/3920_582321_6907922_5158962"
            ],
            [
                "Decorating",
                "/browse/books/decorating/3920_5611252_1505656_9253864"
            ],
            [
                "General Photography Books",
                "/browse/books/general-photography-books/3920_582321_5674104_9284467"
            ],
            [
                "Fashion & Accessories Design Books",
                "/browse/books/fashion-accessories-design-books/3920_582321_9365291_9285205"
            ]
        ]
    },
    {
        "title": "Hamilton : The Revolution",
        "url": "https://www.walmart.com/ip/Hamilton-The-Revolution-9781455539741/47698217",
        "price": "$31.64",
        "stars": "4.7",
        "ratings": "45 ",
        "img": "i5.walmartimages.com/asr/4f6edf6c-a878-4240-94de-ee9ad704db73.9e58e0a9f2d12043b777fe5d08cdc3b3.jpeg?odnWidth=612&odnHeight=612&odnBg=ffffff",
        "tags": [
            [
                "General History Kids' Books",
                "/browse/books/general-history-kids-books/3920_582053_582572_3469939"
            ],
            [
                "Musicals Music Books",
                "/browse/books/musicals-music-books/3920_582321_1318217_4267978_3829170"
            ],
            [
                "Theater History & Criticism Books",
                "/browse/books/theater-history-criticism-books/3920_582321_6572320_2934601_3835780"
            ],
            [
                "Literature & The Arts",
                "/browse/books/literature-the-arts/3920_1987289_582374_2763255_4345489"
            ],
            [
                "Historical Biographies & Memoirs",
                "/browse/books/historical-biographies-memoirs/3920_5196470_6575803"
            ],
            [
                "Political Biographies & Memoirs",
                "/browse/books/political-biographies-memoirs/3920_5196470_7578606"
            ],
            [
                "General Printed Music / Sheet Music",
                "/browse/books/general-printed-music-sheet-music/3920_582321_1318217_8863128_9432690"
            ],
            [
                "Biographies & Memoirs",
                "/browse/books/biographies-memoirs/3920_9420011_9645853"
            ]
        ]
    },
    {
        "title": "Adult Color by Numbers: Color By Number Adult Coloring Book: Large Print Coloring Books For Adults (Paperback)(Large Print)",
        "url": "https://www.walmart.com/ip/Adult-Color-by-Numbers-Color-By-Number-Adult-Coloring-Book-Large-Print-Coloring-Books-For-Adults-Paperback-Large-Print-9781079438284/921777425",
        "price": "$7.98",
        "stars": "2.9",
        "ratings": "18 ",
        "img": "i5.walmartimages.com/asr/4b0d6a32-a9f4-40a6-8a6a-a2c843a09d8e_1.673dc889fa1d743ee2e801a71cb16f0c.jpeg?odnWidth=612&odnHeight=612&odnBg=ffffff",
        "tags": [
            [
                "Plants & Animals Art Books",
                "/browse/books/plants-animals-art-books/3920_582321_6907922_9682242_1331853"
            ],
            [
                "Puzzle Books",
                "/browse/books/puzzle-books/3920_582361_9999446_2894227"
            ],
            [
                "Mindfulness & Meditation",
                "/browse/books/mindfulness-meditation/3920_1987289_5383544_6429422"
            ],
            [
                "Cacti & Succulent Plant Books",
                "/browse/books/cacti-succulent-plant-books/3920_8529612_4668181_2931035_7546038"
            ],
            [
                "Color Theory Art Books",
                "/browse/books/color-theory-art-books/3920_582321_6907922_8605063"
            ],
            [
                "Landscape",
                "/browse/books/landscape/3920_5611252_5369561_9622071"
            ],
            [
                "Coloring Books",
                "/browse/books/coloring-books/3920_582321_6907922_9561236_9744706"
            ],
            [
                "General Crafts & Hobbies Books",
                "/browse/books/general-crafts-hobbies-books/3920_582361_9762077"
            ]
        ]
    },
    {
        "title": "Brain Games Sticker by Number Animals (Other)",
        "url": "https://www.walmart.com/ip/Brain-Games-Sticker-by-Number-Animals-Other-9781680229004/964358969",
        "price": "$9.99",
        "stars": "4.8",
        "ratings": "4 ",
        "img": "",
        "tags": [
            [
                "Kids' Activity Books",
                "/browse/books/kids-activity-books/3920_582053_1099163"
            ],
            [
                "Puzzle Books",
                "/browse/books/puzzle-books/3920_582361_9999446_2894227"
            ],
            [
                "Activity Books",
                "/browse/books/activity-books/3920_582361_9999446_5431217"
            ],
            [
                "Child Development",
                "/browse/books/child-development/3920_582348_583255"
            ],
            [
                "Crafts, Hobbies & Activities Kids' Books",
                "/browse/books/crafts-hobbies-activities-kids-books/3920_582053_583387"
            ],
            [
                "Teen & Young Adult Activity Books",
                "/browse/books/teen-young-adult-activity-books/3920_1068785_6337190"
            ],
            [
                "General Games & Activity Books",
                "/browse/books/general-games-activity-books/3920_582361_9999446_6935387"
            ],
            [
                "Papercrafts Crafts & Hobbies Books",
                "/browse/books/papercrafts-crafts-hobbies-books/3920_582361_7691206"
            ]
        ]
    },
    {
        "title": "Level 1 - Lesson Book: Piano Adventures (Paperback)",
        "url": "https://www.walmart.com/ip/Level-1-Lesson-Book-Piano-Adventures-Paperback/13903837",
        "price": "$7.99",
        "stars": "4.8",
        "ratings": "5 ",
        "img": "",
        "tags": [
            [
                "Portable Keyboards Bundles",
                "/browse/musical-instruments/portable-keyboards-bundles/7796869_1128453_1074444_4180280"
            ],
            [
                "Beginner  Portable Keyboards",
                "/browse/musical-instruments/beginner-portable-keyboards/7796869_6789055_6387230_9562435_4511327"
            ],
            [
                "Pianos",
                "/browse/musical-instruments/pianos/7796869_7773339_5652647"
            ],
            [
                "Keyboards Musical Classroom",
                "/browse/musical-instruments/keyboards-musical-classroom/7796869_1097895_5698620"
            ],
            [
                "Shop Piano Keyboards by Size",
                "/browse/musical-instruments/shop-piano-keyboards-by-size/7796869_1128453_3376388_6600975"
            ],
            [
                "Electronic Keyboards with Stand",
                "/browse/musical-instruments/electronic-keyboards-with-stand/7796869_1128453_1074444_6970540"
            ],
            [
                "Portable Keyboards",
                "/browse/musical-instruments/portable-keyboards/7796869_1128453_2503204_7904097"
            ],
            [
                "Classroom Musical Instruments",
                "/browse/musical-instruments/classroom-musical-instruments/7796869_1097895_9031018"
            ]
        ]
    }
]