[
    {
        "title": "The Daughters of Yalta : The Churchills, Roosevelts, and Harrimans: A Story of Love and War (Hardcover)",
        "url": "https://www.walmart.com/ip/The-Daughters-of-Yalta-The-Churchills-Roosevelts-and-Harrimans-A-Story-of-Love-and-War-Hardcover-9780358117858/723794143",
        "price": "$21.11",
        "stars": 0,
        "ratings": 0,
        "img": "",
        "tags": [
            [
                "Strategy in Military History Books",
                "/browse/books/strategy-in-military-history-books/3920_582331_583311_3718108"
            ],
            [
                "Holocaust History Books",
                "/browse/books/holocaust-history-books/3920_582331_3837857"
            ],
            [
                "United States Military History Books",
                "/browse/books/united-states-military-history-books/3920_582331_583311_5218011"
            ],
            [
                "Military Biographies & Memoirs",
                "/browse/books/military-biographies-memoirs/3920_5196470_6622707"
            ],
            [
                "German History Books",
                "/browse/books/german-history-books/3920_582331_583303_6638837"
            ],
            [
                "Naval Military History Books",
                "/browse/books/naval-military-history-books/3920_582331_583311_8177237"
            ]
        ]
    },
    {
        "title": "Recorder (Other)",
        "url": "https://www.walmart.com/ip/Recorder-Other/39351151",
        "price": "$10.03",
        "stars": "4.4",
        "ratings": "11 ",
        "img": "i5.walmartimages.com/asr/32cba5e6-9c42-410b-998c-e7f270920a6b_1.7eb185774926180108f5efff63e231a5.jpeg?odnWidth=612&odnHeight=612&odnBg=ffffff",
        "tags": [
            [
                "Kids Instruments",
                "/browse/toys/kids-instruments/4171_4173_1143273"
            ],
            [
                "Toys for 6 year old girls",
                "/browse/toys/toys-for-6-year-old-girls/4171_3318550_617941_1397063"
            ],
            [
                "Toys for 7 year old girls",
                "/browse/toys/toys-for-7-year-old-girls/4171_3318550_617941_2727421"
            ],
            [
                "Toys for age  5-7  girls",
                "/browse/toys/toys-for-age-5-7-girls/4171_3318550_617941_3180067"
            ],
            [
                "Toys for 6 year old boys",
                "/browse/toys/toys-for-6-year-old-boys/4171_3318550_617941_4568556"
            ],
            [
                "Gifts for 5 year old girls",
                "/browse/toys/gifts-for-5-year-old-girls/4171_3318550_617941_6728851"
            ],
            [
                "Toys for 7 year old boys",
                "/browse/toys/toys-for-7-year-old-boys/4171_3318550_617941_6873438"
            ],
            [
                "Toys for 5 year old girls",
                "/browse/toys/toys-for-5-year-old-girls/4171_3318550_617941_8185860"
            ]
        ]
    },
    {
        "title": "Killing Jesus : A History",
        "url": "https://www.walmart.com/ip/Killing-Jesus-A-History-9781250160515/509823780",
        "price": "$9.85",
        "stars": "4.0",
        "ratings": "35 ",
        "img": "",
        "tags": [
            [
                "Ancient Mysteries & Controversial Knowledge",
                "/browse/books/ancient-mysteries-controversial-knowledge/3920_1987289_5383544_2057604"
            ],
            [
                "Literary Collections - Ancient & Classical",
                "/browse/books/literary-collections-ancient-classical/3920_582105_1393947_2312151"
            ],
            [
                "General European History Books",
                "/browse/books/general-european-history-books/3920_582331_583303_3232207"
            ],
            [
                "Iran History Books",
                "/browse/books/iran-history-books/3920_582331_583310_3990910"
            ],
            [
                "Civilization History Books",
                "/browse/books/civilization-history-books/3920_582331_583301"
            ],
            [
                "General Architecture History Books",
                "/browse/books/general-architecture-history-books/3920_582321_4942684_6363288_9504182"
            ]
        ]
    },
    {
        "title": "The Forgotten 500 : The Untold Story of the Men Who Risked All for the Greatest Rescue Mission of World War II",
        "url": "https://www.walmart.com/ip/The-Forgotten-500-The-Untold-Story-of-the-Men-Who-Risked-All-for-the-Greatest-Rescue-Mission-of-World-War-II-9780451224958/10076289",
        "price": "$14.26",
        "stars": "3.8",
        "ratings": "6 ",
        "img": "",
        "tags": [
            [
                "Martial Arts & Self-Defense Books",
                "/browse/books/martial-arts-self-defense-books/3920_8924365_2592467"
            ],
            [
                "Veterans Military History Books",
                "/browse/books/veterans-military-history-books/3920_582331_583311_3447880"
            ],
            [
                "Diplomacy in International Relations Books",
                "/browse/books/diplomacy-in-international-relations-books/3920_5764957_6017130_3627692"
            ],
            [
                "Strategy in Military History Books",
                "/browse/books/strategy-in-military-history-books/3920_582331_583311_3718108"
            ],
            [
                "United States Military History Books",
                "/browse/books/united-states-military-history-books/3920_582331_583311_5218011"
            ],
            [
                "Russian History Books",
                "/browse/books/russian-history-books/3920_582331_5270253"
            ],
            [
                "Southern State & Local United States History Books",
                "/browse/books/southern-state-local-united-states-history-books/3920_582331_583318_8751259_7485298"
            ],
            [
                "Tennis Books",
                "/browse/books/tennis-books/3920_8924365_9272832"
            ]
        ]
    },
    {
        "title": "Picture Book: Ancient Greece : A Beautiful Photography Coffee Table Photobook Tour Guide Book with Photo Pictures of the Spectacular Country its Cities and Greek Islands within Europe (Series #1) (Paperback)",
        "url": "https://www.walmart.com/ip/Picture-Book-Ancient-Greece-A-Beautiful-Photography-Coffee-Table-Photobook-Tour-Guide-Book-Photo-Pictures-Spectacular-Country-Cities-Greek-Islands-wi-9781690774655/229052910",
        "price": "$13.99",
        "stars": 0,
        "ratings": 0,
        "img": "",
        "tags": [
            [
                "Photography History Books",
                "/browse/books/photography-history-books/3920_582321_5674104_3243722"
            ],
            [
                "Love & Erotica Poetry Books",
                "/browse/books/love-erotica-poetry-books/3920_582105_9408377_5516974_4764550"
            ],
            [
                "Celebrity Photography Books",
                "/browse/books/celebrity-photography-books/3920_582321_5674104_4153737_4893903"
            ],
            [
                "Regional Photography Books",
                "/browse/books/regional-photography-books/3920_582321_5674104_4153737_5673664"
            ],
            [
                "Ancient & Classical Literary Criticism Books",
                "/browse/books/ancient-classical-literary-criticism-books/3920_582105_8476958_5845786"
            ],
            [
                "Ancient & Classical Philosophy Books",
                "/browse/books/ancient-classical-philosophy-books/3920_7051956_5755650_8089789"
            ],
            [
                "Decorating",
                "/browse/books/decorating/3920_5611252_1505656_9253864"
            ]
        ]
    },
    {
        "title": "The King James Study Bible, Hardcover, Full-Color Edition (Hardcover)",
        "url": "https://www.walmart.com/ip/The-King-James-Study-Bible-Hardcover-Full-Color-Edition-Hardcover-9780718079154/55862930",
        "price": "$29.49",
        "stars": "5.0",
        "ratings": "1 ",
        "img": "",
        "tags": [
            [
                "Evangelism",
                "/browse/books/evangelism/3920_1987289_582374_8889295_4053328"
            ],
            [
                "New American Standard Bible",
                "/browse/books/new-american-standard-bible/3920_1987289_582374_9735184_4193230"
            ],
            [
                "Bible Study Guides",
                "/browse/books/bible-study-guides/3920_1987289_582374_2718157_4203444"
            ],
            [
                "New International Version",
                "/browse/books/new-international-version/3920_1987289_582374_9735184_7744007"
            ],
            [
                "Old Testament",
                "/browse/books/old-testament/3920_1987289_582374_2718157_8439201"
            ],
            [
                "King James Version",
                "/browse/books/king-james-version/3920_1987289_582374_9735184_8736310"
            ],
            [
                "Personal Growth",
                "/browse/books/personal-growth/3920_1987289_582374_8324310_8811610"
            ],
            [
                "Women's Issues",
                "/browse/books/womens-issues/3920_1987289_582374_8324310_9563912"
            ]
        ]
    },
    {
        "title": "Kovels' Antiques and Collectibles Price Guide 2021 (Paperback)",
        "url": "https://www.walmart.com/ip/Kovels-Antiques-and-Collectibles-Price-Guide-2021-Paperback-9780762497461/252406839",
        "price": "$28.49",
        "stars": 0,
        "ratings": 0,
        "img": "",
        "tags": [
            [
                "Furniture Antiques & Collectibles Books",
                "/browse/books/furniture-antiques-collectibles-books/3920_582361_1025960_2034554"
            ],
            [
                "Glass & Glassware Antiques & Collectibles Books",
                "/browse/books/glass-glassware-antiques-collectibles-books/3920_582361_1025960_2984407"
            ],
            [
                "Toys Antiques & Collectibles Books",
                "/browse/books/toys-antiques-collectibles-books/3920_582361_1025960_6086447"
            ],
            [
                "Consumer Guides",
                "/browse/books/consumer-guides/3920_3943378_6663860"
            ],
            [
                "Americana Antiques & Collectibles Books",
                "/browse/books/americana-antiques-collectibles-books/3920_582361_1025960_7330502"
            ],
            [
                "Paper Ephemera Antiques & Collectibles Books",
                "/browse/books/paper-ephemera-antiques-collectibles-books/3920_582361_1025960_7346709"
            ],
            [
                "Coins, Currency & Medals Antiques & Collectibles Books",
                "/browse/books/coins-currency-medals-antiques-collectibles-books/3920_582361_1025960_8814080"
            ]
        ]
    },
    {
        "title": "The Burning : Massacre, Destruction, and the Tulsa Race Riot of 1921",
        "url": "https://www.walmart.com/ip/The-Burning-Massacre-Destruction-and-the-Tulsa-Race-Riot-of-1921-9780312302474/25244907",
        "price": "$15.09",
        "stars": 0,
        "ratings": 0,
        "img": "i5.walmartimages.com/asr/b018d483-1ddc-4a02-9cd4-71a68377085d_1.ca07e81a953335e4a1e195104b2fb532.jpeg?odnWidth=612&odnHeight=612&odnBg=ffffff",
        "tags": [
            [
                "20th Century United States History Books",
                "/browse/books/20th-century-united-states-history-books/3920_582331_583318_2158164"
            ],
            [
                "Slavery Books",
                "/browse/books/slavery-books/3920_2761424_8176770_2698525"
            ],
            [
                "Women's History Books",
                "/browse/books/womens-history-books/3920_582331_4548193"
            ],
            [
                "General State & Local United States History Books",
                "/browse/books/general-state-local-united-states-history-books/3920_582331_583318_8751259_5282315"
            ],
            [
                "Southern State & Local United States History Books",
                "/browse/books/southern-state-local-united-states-history-books/3920_582331_583318_8751259_7485298"
            ],
            [
                "African American Studies Books",
                "/browse/books/african-american-studies-books/3920_2761424_8176770_6537532_8322809"
            ],
            [
                "Discrimination & Race Relations Books",
                "/browse/books/discrimination-race-relations-books/3920_2761424_8176770_9541682"
            ]
        ]
    },
    {
        "title": "The Only Plane in the Sky : An Oral History of 9/11",
        "url": "https://www.walmart.com/ip/The-Only-Plane-in-the-Sky-An-Oral-History-of-9-11-9781501182204/451375518",
        "price": "$11.99",
        "stars": "4.0",
        "ratings": "1 ",
        "img": "",
        "tags": [
            [
                "Judicial Branch Political Books",
                "/browse/books/judicial-branch-political-books/3920_5764957_5236963_1441545"
            ],
            [
                "Legislative Branch Political Books",
                "/browse/books/legislative-branch-political-books/3920_5764957_5236963_2289961"
            ],
            [
                "Terrorism Political Books",
                "/browse/books/terrorism-political-books/3920_5764957_3181715"
            ],
            [
                "General State & Local United States History Books",
                "/browse/books/general-state-local-united-states-history-books/3920_582331_583318_8751259_5282315"
            ],
            [
                "National American Government Political Books",
                "/browse/books/national-american-government-political-books/3920_5764957_5236963_8250065"
            ],
            [
                "Natural Disaster Books",
                "/browse/books/natural-disaster-books/3920_8529612_4668181_9075380"
            ],
            [
                "Corruption & Misconduct Political Books",
                "/browse/books/corruption-misconduct-political-books/3920_5764957_9490264"
            ]
        ]
    },
    {
        "title": "21 Lessons for the 21st Century (Paperback)",
        "url": "https://www.walmart.com/ip/21-Lessons-for-the-21st-Century-Paperback-9780525512196/445288599",
        "price": "$15.10",
        "stars": "5.0",
        "ratings": "2 ",
        "img": "i5.walmartimages.com/asr/e39b2e09-ec24-4ef6-9150-29fe3528a7c7_1.a2c2711d18202082d39a093bce024f6a.jpeg?odnWidth=612&odnHeight=612&odnBg=ffffff",
        "tags": [
            [
                "Evolution Life Science Books",
                "/browse/books/evolution-life-science-books/3920_8529612_1841429_1678456_4103014"
            ],
            [
                "Fascism & Totalitarianism Political Ideologies Books",
                "/browse/books/fascism-totalitarianism-political-ideologies-books/3920_5764957_5916221_5743844"
            ],
            [
                "Civilization History Books",
                "/browse/books/civilization-history-books/3920_582331_583301"
            ],
            [
                "World History Books",
                "/browse/books/world-history-books/3920_582331_583319"
            ],
            [
                "Human Resources & Personnel Management Books",
                "/browse/books/human-resources-personnel-management-books/3920_582349_6330339"
            ],
            [
                "College Back to School Books",
                "/browse/books/college-back-to-school-books/3920_8955258_7993255"
            ],
            [
                "Harvard Business Review",
                "/browse/books/harvard-business-review/3920_582349_8933101"
            ]
        ]
    }
]