[
    {
        "title": "Rust in Peace : The Inside Story of the Megadeth Masterpiece (Hardcover)",
        "url": "https://www.walmart.com/ip/Rust-in-Peace-The-Inside-Story-of-the-Megadeth-Masterpiece-Hardcover-9780306846021/569202582",
        "price": "$25.00",
        "stars": 0,
        "ratings": 0,
        "img": "",
        "tags": [
            [
                "Country & Bluegrass Music Books",
                "/browse/books/country-bluegrass-music-books/3920_582321_1318217_4267978_2232693"
            ],
            [
                "Heavy Metal Music Books",
                "/browse/books/heavy-metal-music-books/3920_582321_1318217_4267978_4196114"
            ],
            [
                "Rock Music Books",
                "/browse/books/rock-music-books/3920_582321_1318217_4267978_6186495"
            ],
            [
                "Science Fiction Romance Books",
                "/browse/books/science-fiction-romance-books/3920_582105_582052_6575597"
            ],
            [
                "Individual Composer & Artist Music Books",
                "/browse/books/individual-composer-artist-music-books/3920_582321_1318217_6688455"
            ],
            [
                "Women Biographies & Memoirs",
                "/browse/books/women-biographies-memoirs/3920_5196470_7667225"
            ],
            [
                "Entertainment & Performing Arts Biographies & Memoirs",
                "/browse/books/entertainment-performing-arts-biographies-memoirs/3920_5196470_9350306"
            ],
            [
                "Biographies & Memoirs",
                "/browse/books/biographies-memoirs/3920_9420011_9645853"
            ]
        ]
    },
    {
        "title": "P.S.: Profiles in Courage (Paperback)",
        "url": "https://www.walmart.com/ip/P-S-Profiles-in-Courage-Paperback-9780060854935/4014845",
        "price": "$12.89",
        "stars": "3.9",
        "ratings": "9 ",
        "img": "",
        "tags": [
            [
                "Presidents & Heads of State Biographies & Memoirs",
                "/browse/books/presidents-heads-of-state-biographies-memoirs/3920_5196470_1329554"
            ],
            [
                "20th Century United States History Books",
                "/browse/books/20th-century-united-states-history-books/3920_582331_583318_2158164"
            ],
            [
                "Body Art & Tattooing Art Books",
                "/browse/books/body-art-tattooing-art-books/3920_582321_6907922_2358664"
            ],
            [
                "General History Books",
                "/browse/books/general-history-books/3920_582331_4867278"
            ],
            [
                "Study & Teaching History Books",
                "/browse/books/study-teaching-history-books/3920_582331_583317"
            ],
            [
                "Historical Biographies & Memoirs",
                "/browse/books/historical-biographies-memoirs/3920_5196470_6575803"
            ],
            [
                "North American History Books",
                "/browse/books/north-american-history-books/3920_582331_8938727"
            ]
        ]
    },
    {
        "title": "Free To Be Ruth Bader Ginsburg : The Story of Women and Law (Paperback)",
        "url": "https://www.walmart.com/ip/Free-To-Be-Ruth-Bader-Ginsburg-The-Story-of-Women-and-Law-Paperback-9780998425719/490400880",
        "price": "$15.74",
        "stars": 0,
        "ratings": 0,
        "img": "",
        "tags": [
            [
                "Presidents & Heads of State Biographies & Memoirs",
                "/browse/books/presidents-heads-of-state-biographies-memoirs/3920_5196470_1329554"
            ],
            [
                "Revolutionary Period United States History Books",
                "/browse/books/revolutionary-period-united-states-history-books/3920_582331_583318_1871798"
            ],
            [
                "Holocaust History Books",
                "/browse/books/holocaust-history-books/3920_582331_3837857"
            ],
            [
                "19th Century United States History Books",
                "/browse/books/19th-century-united-states-history-books/3920_582331_583318_6384924"
            ],
            [
                "Women Biographies & Memoirs",
                "/browse/books/women-biographies-memoirs/3920_5196470_7667225"
            ],
            [
                "Cultural Heritage Biographies & Memoirs",
                "/browse/books/cultural-heritage-biographies-memoirs/3920_5196470_8577664"
            ],
            [
                "Lawyers & Judges Biographies & Memoirs",
                "/browse/books/lawyers-judges-biographies-memoirs/3920_5196470_9844029"
            ]
        ]
    },
    {
        "title": "Waking Up White, and Finding Myself in the Story of Race (Paperback)",
        "url": "https://www.walmart.com/ip/Waking-Up-White-and-Finding-Myself-in-the-Story-of-Race-Paperback-9780991331307/51333236",
        "price": "$17.15",
        "stars": "4.7",
        "ratings": "7 ",
        "img": "i5.walmartimages.com/asr/777b637a-3a11-403d-a416-097de1484572_1.890f009a80abecabdd91199414c9c430.jpeg?odnWidth=612&odnHeight=612&odnBg=ffffff",
        "tags": [
            [
                "Bilingual Education Books",
                "/browse/books/bilingual-education-books/3920_4284269_2236310"
            ],
            [
                "Student Life Books",
                "/browse/books/student-life-books/3920_4284269_4508006"
            ],
            [
                "Weather Nature Books",
                "/browse/books/weather-nature-books/3920_8529612_4668181_6302017"
            ],
            [
                "Science & Technology Education Books",
                "/browse/books/science-technology-education-books/3920_4284269_9727618_7127167"
            ],
            [
                "Aims & Objectives in Education Books",
                "/browse/books/aims-objectives-in-education-books/3920_4284269_7683270"
            ],
            [
                "Cultural Heritage Biographies & Memoirs",
                "/browse/books/cultural-heritage-biographies-memoirs/3920_5196470_8577664"
            ],
            [
                "Personal Memoirs",
                "/browse/books/personal-memoirs/3920_5196470_9711945"
            ],
            [
                "Literacy Books",
                "/browse/books/literacy-books/3920_8818538_9984146"
            ]
        ]
    },
    {
        "title": "Incomparable (Hardcover)",
        "url": "https://www.walmart.com/ip/Incomparable-Hardcover-9781501191916/829106596",
        "price": "$20.31",
        "stars": "4.7",
        "ratings": "17 ",
        "img": "",
        "tags": [
            [
                "Religious Biographies & Memoirs",
                "/browse/books/religious-biographies-memoirs/3920_5196470_1947523"
            ],
            [
                "Motivational & Inspirational Self-Help Books",
                "/browse/books/motivational-inspirational-self-help-books/3920_5642757_5080634"
            ],
            [
                "Composers & Musicians Biographies & Memoirs",
                "/browse/books/composers-musicians-biographies-memoirs/3920_5196470_5543775"
            ],
            [
                "Women Biographies & Memoirs",
                "/browse/books/women-biographies-memoirs/3920_5196470_7667225"
            ],
            [
                "Sports Biographies & Memoirs",
                "/browse/books/sports-biographies-memoirs/3920_5196470_8411416"
            ],
            [
                "Israel Travel Books, Maps & Guides",
                "/browse/books/israel-travel-books-maps-guides/3920_9360990_6219934_2704185_8703752"
            ],
            [
                "Entertainment & Performing Arts Biographies & Memoirs",
                "/browse/books/entertainment-performing-arts-biographies-memoirs/3920_5196470_9350306"
            ],
            [
                "Personal Memoirs",
                "/browse/books/personal-memoirs/3920_5196470_9711945"
            ]
        ]
    },
    {
        "title": "The Girl with Seven Names - Paperback",
        "url": "https://www.walmart.com/ip/The-Girl-with-Seven-Names-Paperback-9780007554850/45970146",
        "price": "$8.19",
        "stars": "4.2",
        "ratings": "11 ",
        "img": "",
        "tags": [
            [
                "Presidents & Heads of State Biographies & Memoirs",
                "/browse/books/presidents-heads-of-state-biographies-memoirs/3920_5196470_1329554"
            ],
            [
                "20th Century United States History Books",
                "/browse/books/20th-century-united-states-history-books/3920_582331_583318_2158164"
            ],
            [
                "Legislative Branch Political Books",
                "/browse/books/legislative-branch-political-books/3920_5764957_5236963_2289961"
            ],
            [
                "City Planning & Urban Development Public Policy Books",
                "/browse/books/city-planning-urban-development-public-policy-books/3920_5764957_4155418_5812688"
            ],
            [
                "Historical Biographies & Memoirs",
                "/browse/books/historical-biographies-memoirs/3920_5196470_6575803"
            ],
            [
                "Communism, Post-Communism & Socialism Political Ideologies Books",
                "/browse/books/communism-post-communism-socialism-political-ideologies-books/3920_5764957_5916221_7309309"
            ],
            [
                "National American Government Political Books",
                "/browse/books/national-american-government-political-books/3920_5764957_5236963_8250065"
            ],
            [
                "Cultural Heritage Biographies & Memoirs",
                "/browse/books/cultural-heritage-biographies-memoirs/3920_5196470_8577664"
            ]
        ]
    },
    {
        "title": "Bitcoin Billionaires : A True Story of Genius, Betrayal, and Redemption",
        "url": "https://www.walmart.com/ip/Bitcoin-Billionaires-A-True-Story-of-Genius-Betrayal-and-Redemption-9781250217745/527796249",
        "price": "$5.49",
        "stars": 0,
        "ratings": 0,
        "img": "",
        "tags": [
            [
                "Parodies",
                "/browse/books/parodies/3920_4310685_1605829"
            ],
            [
                "General Educational Books",
                "/browse/books/general-educational-books/3920_4284269_2841214"
            ],
            [
                "Words Kids' Books",
                "/browse/books/words-kids-books/3920_582053_6630876_5098446"
            ],
            [
                "Alphabet Kids' Books",
                "/browse/books/alphabet-kids-books/3920_582053_6630876_5347236"
            ],
            [
                "Men, Women & Relationships",
                "/browse/books/men-women-relationships/3920_4310685_8262153"
            ],
            [
                "Card Game Books",
                "/browse/books/card-game-books/3920_582361_9999446_9197590"
            ],
            [
                "Crime Mystery & Detective Books",
                "/browse/books/crime-mystery-detective-books/3920_582105_9435716_586706_3971473_9725060"
            ],
            [
                "Lawyers & Judges Biographies & Memoirs",
                "/browse/books/lawyers-judges-biographies-memoirs/3920_5196470_9844029"
            ]
        ]
    },
    {
        "title": "The First Conspiracy : The Secret Plot to Kill George Washington (Paperback)",
        "url": "https://www.walmart.com/ip/The-First-Conspiracy-The-Secret-Plot-to-Kill-George-Washington-Paperback-9781250257673/829694346",
        "price": "$6.99",
        "stars": 0,
        "ratings": 0,
        "img": "i5.walmartimages.com/asr/95c6ae6f-9361-4b3e-afeb-9f4db12258ae_1.e0c71c04188e49c4c946ea2b3e3f8033.jpeg?odnWidth=612&odnHeight=612&odnBg=ffffff",
        "tags": [
            [
                "Presidents & Heads of State Biographies & Memoirs",
                "/browse/books/presidents-heads-of-state-biographies-memoirs/3920_5196470_1329554"
            ],
            [
                "Midwest State & Local United States History Books",
                "/browse/books/midwest-state-local-united-states-history-books/3920_582331_583318_8751259_2590618"
            ],
            [
                "Colonial United States History Books",
                "/browse/books/colonial-united-states-history-books/3920_582331_583318_6359814"
            ],
            [
                "19th Century United States History Books",
                "/browse/books/19th-century-united-states-history-books/3920_582331_583318_6384924"
            ],
            [
                "Historical Biographies & Memoirs",
                "/browse/books/historical-biographies-memoirs/3920_5196470_6575803"
            ],
            [
                "Constitutional Law Books",
                "/browse/books/constitutional-law-books/3920_1952589_6598556"
            ],
            [
                "Constitution Political Books",
                "/browse/books/constitution-political-books/3920_5764957_8570013"
            ]
        ]
    },
    {
        "title": "Ralph Lauren: In His Own Fashion (Hardcover)",
        "url": "https://www.walmart.com/ip/Ralph-Lauren-In-His-Own-Fashion-Hardcover-9781419741463/794858765",
        "price": "$33.99",
        "stars": 0,
        "ratings": 0,
        "img": "",
        "tags": [
            [
                "Textile & Costume Design Books",
                "/browse/books/textile-costume-design-books/3920_582321_9365291_2413075"
            ],
            [
                "General Art History Books",
                "/browse/books/general-art-history-books/3920_582321_6907922_2433868_3443973"
            ],
            [
                "Fashion Photography Books",
                "/browse/books/fashion-photography-books/3920_582321_5674104_4153737_3485376"
            ],
            [
                "Fashion Crafts & Hobbies Books",
                "/browse/books/fashion-crafts-hobbies-books/3920_582361_3491407"
            ],
            [
                "History & Criticism Design Books",
                "/browse/books/history-criticism-design-books/3920_582321_9365291_3745571"
            ],
            [
                "Cultural Heritage Novels",
                "/browse/books/cultural-heritage-novels/3920_582105_9435716_7003457"
            ],
            [
                "Biographical Novels",
                "/browse/books/biographical-novels/3920_582105_9435716_7039069"
            ],
            [
                "Decorating",
                "/browse/books/decorating/3920_5611252_1505656_9253864"
            ]
        ]
    },
    {
        "title": "The Black Hand (Paperback)",
        "url": "https://www.walmart.com/ip/The-Black-Hand-Paperback-9780061944185/11041881",
        "price": "$12.24",
        "stars": "5.0",
        "ratings": "1 ",
        "img": "",
        "tags": [
            [
                "Pharmacology Nursing Books",
                "/browse/books/pharmacology-nursing-books/3920_3203859_7271537_1569850"
            ],
            [
                "20th Century United States History Books",
                "/browse/books/20th-century-united-states-history-books/3920_582331_583318_2158164"
            ],
            [
                "Criminals & Outlaws Biographies & Memoirs",
                "/browse/books/criminals-outlaws-biographies-memoirs/3920_5196470_2966683"
            ],
            [
                "Criminology Books",
                "/browse/books/criminology-books/3920_2761424_8176770_3026547"
            ],
            [
                "Western Novels",
                "/browse/books/western-novels/3920_582105_9435716_584309"
            ],
            [
                "Police Procedural Books",
                "/browse/books/police-procedural-books/3920_582105_9435716_586706_3971473_586714"
            ],
            [
                "Law Enforcement Biographies & Memoirs",
                "/browse/books/law-enforcement-biographies-memoirs/3920_5196470_8144330"
            ],
            [
                "Corruption & Misconduct Political Books",
                "/browse/books/corruption-misconduct-political-books/3920_5764957_9490264"
            ]
        ]
    }
]