[
    {
        "title": "Will It Fly? : How to Test Your Next Business Idea So You Don't Waste Your Time and Money",
        "url": "https://www.walmart.com/ip/Will-It-Fly-How-to-Test-Your-Next-Business-Idea-So-You-Don-t-Waste-Your-Time-and-Money-9780997082302/53446109",
        "price": "$16.95",
        "stars": "4.0",
        "ratings": "1 ",
        "img": "",
        "tags": [
            [
                "Project Management Books",
                "/browse/walmart-for-business/project-management-books/6735581_8499989_1633591_1336074"
            ],
            [
                "File Folders",
                "/browse/walmart-for-business/file-folders/6735581_7802075_6070034_2547701"
            ],
            [
                "Motivational & Personal Success Books",
                "/browse/walmart-for-business/motivational-personal-success-books/6735581_8499989_1633591_4891565"
            ],
            [
                "Accounting & Finance Books",
                "/browse/walmart-for-business/accounting-finance-books/6735581_8499989_1633591_8157353"
            ],
            [
                "Cleaning Pads & Sponges",
                "/browse/walmart-for-business/cleaning-pads-sponges/6735581_4455635_5686252_8675008"
            ],
            [
                "Business Biographies & Memoirs",
                "/browse/walmart-for-business/business-biographies-memoirs/6735581_8499989_1633591_9300207"
            ],
            [
                "Marketing Books",
                "/browse/walmart-for-business/marketing-books/6735581_8499989_1633591_9847330"
            ],
            [
                "Investments & Securities Books",
                "/browse/walmart-for-business/investments-securities-books/6735581_8499989_1633591_9986455"
            ]
        ]
    },
    {
        "title": "Getting More : How You Can Negotiate to Succeed in Work and Life",
        "url": "https://www.walmart.com/ip/Getting-More-How-You-Can-Negotiate-to-Succeed-in-Work-and-Life-9780307716903/19510844",
        "price": "$15.10",
        "stars": 0,
        "ratings": 0,
        "img": "i5.walmartimages.com/asr/d299962f-2b6f-4c08-8a18-a04bed5bf097_1.b275c06117e03ef40e7f38a91883c260.jpeg?odnWidth=612&odnHeight=612&odnBg=ffffff",
        "tags": [
            [
                "General Business Communication Books",
                "/browse/books/general-business-communication-books/3920_582349_5610699_2677096"
            ],
            [
                "Buying & Selling Homes Books",
                "/browse/books/buying-selling-homes-books/3920_582349_5738019_4505837"
            ],
            [
                "Interpersonal Relations Psychology Books",
                "/browse/books/interpersonal-relations-psychology-books/3920_2761424_3385531_5567426"
            ],
            [
                "Conflict Resolution & Mediation in Business Books",
                "/browse/books/conflict-resolution-mediation-in-business-books/3920_582349_6586657"
            ],
            [
                "International Marketing Books",
                "/browse/books/international-marketing-books/3920_582349_8927224_7294794"
            ],
            [
                "College Back to School Books",
                "/browse/books/college-back-to-school-books/3920_8955258_7993255"
            ],
            [
                "Arbitration, Negotiation & Mediation Law Books",
                "/browse/books/arbitration-negotiation-mediation-law-books/3920_1952589_8494637"
            ],
            [
                "Real Estate Investments & Securities Books",
                "/browse/books/real-estate-investments-securities-books/3920_582349_4859694_9692479"
            ]
        ]
    },
    {
        "title": "Sew Cloth Grocery Bags : Make Your Own in Quantity For Yourself, For Gifts, and For Sale (Paperback)",
        "url": "https://www.walmart.com/ip/Sew-Cloth-Grocery-Bags-Make-Your-Own-in-Quantity-For-Yourself-For-Gifts-and-For-Sale-Paperback-9781950347087/950792221",
        "price": "$16.44",
        "stars": 0,
        "ratings": 0,
        "img": "",
        "tags": [
            [
                "Quilts & Quilting Crafts & Hobbies Books",
                "/browse/books/quilts-quilting-crafts-hobbies-books/3920_582361_1623523"
            ],
            [
                "General Needlework Books",
                "/browse/books/general-needlework-books/3920_582361_2256620_2972540"
            ],
            [
                "Fashion Crafts & Hobbies Books",
                "/browse/books/fashion-crafts-hobbies-books/3920_582361_3491407"
            ],
            [
                "Patchwork Crafts & Hobbies Books",
                "/browse/books/patchwork-crafts-hobbies-books/3920_582361_3536850"
            ],
            [
                "Toymaking Crafts & Hobbies Books",
                "/browse/books/toymaking-crafts-hobbies-books/3920_582361_3716410"
            ],
            [
                "Embroidery Needlework Books",
                "/browse/books/embroidery-needlework-books/3920_582361_2256620_6952985"
            ],
            [
                "Reference Crafts & Hobbies Books",
                "/browse/books/reference-crafts-hobbies-books/3920_582361_7121220"
            ],
            [
                "Crafts for Children Books",
                "/browse/books/crafts-for-children-books/3920_582361_7334565"
            ]
        ]
    },
    {
        "title": "The Wal-Mart Effect : How the World's Most Powerful Company Really Works--and HowIt's Transforming the  American Economy",
        "url": "https://www.walmart.com/ip/The-Wal-Mart-Effect-How-the-World-s-Most-Powerful-Company-Really-Works-and-HowIt-s-Transforming-the-American-Economy-9780143038788/5169445",
        "price": "$15.10",
        "stars": "4.0",
        "ratings": "1 ",
        "img": "i5.walmartimages.com/asr/e5f197de-9a76-4d4e-80d3-93460ae5bc63_1.2f9b88b68c43f10b2064dbbafdbe699a.jpeg?odnWidth=612&odnHeight=612&odnBg=ffffff",
        "tags": [
            [
                "Money & Monetary Policy Books",
                "/browse/books/money-monetary-policy-books/3920_582349_3384380"
            ],
            [
                "Economic Theory Books",
                "/browse/books/economic-theory-books/3920_582349_6503572_4182458"
            ],
            [
                "Economic Conditions Books",
                "/browse/books/economic-conditions-books/3920_582349_4279689"
            ],
            [
                "African American History Books",
                "/browse/books/african-american-history-books/3920_582331_5685608"
            ],
            [
                "Stocks Investments & Securities Books",
                "/browse/books/stocks-investments-securities-books/3920_582349_4859694_7426539"
            ],
            [
                "International Economics Books",
                "/browse/books/international-economics-books/3920_582349_8927224_8047653"
            ],
            [
                "Banks & Banking Books",
                "/browse/books/banks-banking-books/3920_582349_9783809"
            ],
            [
                "Political Essay Books",
                "/browse/books/political-essay-books/3920_5764957_9801849"
            ]
        ]
    },
    {
        "title": "Unconventional Success : A Fundamental Approach to Personal Investment",
        "url": "https://www.walmart.com/ip/Unconventional-Success-A-Fundamental-Approach-to-Personal-Investment-9780743228381/3554144",
        "price": "$10.28",
        "stars": 0,
        "ratings": 0,
        "img": "",
        "tags": [
            [
                "General Finance Books",
                "/browse/books/general-finance-books/3920_582349_6748238_3692249"
            ],
            [
                "General Personal Finance Books",
                "/browse/books/general-personal-finance-books/3920_582349_9861072_4713108"
            ],
            [
                "Online Trading E-Commerce Books",
                "/browse/books/online-trading-e-commerce-books/3920_582349_7396712_5414408"
            ],
            [
                "Personal Finance Retirement Planning Books",
                "/browse/books/personal-finance-retirement-planning-books/3920_582349_9861072_6419377"
            ],
            [
                "General Real Estate Books",
                "/browse/books/general-real-estate-books/3920_582349_5738019_6595536"
            ],
            [
                "Stocks Investments & Securities Books",
                "/browse/books/stocks-investments-securities-books/3920_582349_4859694_7426539"
            ],
            [
                "Analysis & Trading Strategies Books",
                "/browse/books/analysis-trading-strategies-books/3920_582349_4859694_8391246"
            ],
            [
                "General Investments & Securities Books",
                "/browse/books/general-investments-securities-books/3920_582349_4859694_9475023"
            ]
        ]
    },
    {
        "title": "2020-2021 Two Year Planner : Large Monthly Planner with Inspirational Quotes and Black Cover (Hardcover) (Hardcover)",
        "url": "https://www.walmart.com/ip/2020-2021-Two-Year-Planner-Large-Monthly-Planner-with-Inspirational-Quotes-and-Black-Cover-Hardcover-Hardcover-9781087812120/167838877",
        "price": "$16.17",
        "stars": 0,
        "ratings": 0,
        "img": "",
        "tags": [
            [
                "Time Management Books",
                "/browse/books/time-management-books/3920_582349_2141047"
            ],
            [
                "Organizational Development Books",
                "/browse/books/organizational-development-books/3920_582349_3077388"
            ],
            [
                "New Business Enterprises Books",
                "/browse/books/new-business-enterprises-books/3920_582349_3312612"
            ],
            [
                "Decision-Making & Problem Solving Books",
                "/browse/books/decision-making-problem-solving-books/3920_582349_3407088"
            ],
            [
                "Entrepreneurship Books",
                "/browse/books/entrepreneurship-books/3920_582349_5818477"
            ],
            [
                "Harvard Business Review",
                "/browse/books/harvard-business-review/3920_582349_8933101"
            ],
            [
                "Time Management",
                "/browse/books/time-management/3920_5642757_8917040_9415642"
            ],
            [
                "Management Books",
                "/browse/books/management-books/3920_582349_9536008"
            ]
        ]
    },
    {
        "title": "Change Your Thinking, Change Your Life: How to Unlock Your Full Potential for Success and Achievement (Paperback)",
        "url": "https://www.walmart.com/ip/Change-Your-Thinking-Change-Your-Life-How-to-Unlock-Your-Full-Potential-for-Success-and-Achievement-Paperback-9780471735380/3867861",
        "price": "$17.42",
        "stars": 0,
        "ratings": 0,
        "img": "",
        "tags": [
            [
                "Adult Non-Fiction Top 100",
                "/browse/books/adult-non-fiction-top-100/3920_1057224_3049267"
            ],
            [
                "General Self-Help Books",
                "/browse/books/general-self-help-books/3920_5642757_4404259"
            ],
            [
                "Motivational & Inspirational Self-Help Books",
                "/browse/books/motivational-inspirational-self-help-books/3920_5642757_5080634"
            ],
            [
                "Leadership in Business Books",
                "/browse/books/leadership-in-business-books/3920_582349_7056456"
            ],
            [
                "Motivational Business & Money Books",
                "/browse/books/motivational-business-money-books/3920_582349_7534693"
            ],
            [
                "Personal Success in Business & Money Books",
                "/browse/books/personal-success-in-business-money-books/3920_582349_9116217"
            ],
            [
                "Happiness",
                "/browse/books/happiness/3920_5642757_9479316_9355247"
            ],
            [
                "Women's Issues",
                "/browse/books/womens-issues/3920_1987289_582374_8324310_9563912"
            ]
        ]
    },
    {
        "title": "Accounting: Accounting made simple, basic accounting principles, and how to do your own bookkeeping (Paperback)",
        "url": "https://www.walmart.com/ip/Accounting-Accounting-made-simple-basic-accounting-principles-and-how-to-do-your-own-bookkeeping-Paperback-9781925989571/219866190",
        "price": "$13.35",
        "stars": 0,
        "ratings": 0,
        "img": "",
        "tags": [
            [
                "Financial Accounting Books",
                "/browse/books/financial-accounting-books/3920_582349_2851526_1488823"
            ],
            [
                "Pencil Drawing Books",
                "/browse/books/pencil-drawing-books/3920_582321_6907922_9561236_2232958"
            ],
            [
                "Small Business Books",
                "/browse/books/small-business-books/3920_582349_2876621"
            ],
            [
                "Personal Finance Money Management Books",
                "/browse/books/personal-finance-money-management-books/3920_582349_9861072_6759272"
            ],
            [
                "Accounting Standards Books",
                "/browse/books/accounting-standards-books/3920_582349_2851526_7466757"
            ],
            [
                "Drawing Books",
                "/browse/books/drawing-books/3920_582321_6907922_9561236_8554153"
            ],
            [
                "General Accounting Books",
                "/browse/books/general-accounting-books/3920_582349_2851526_9566313"
            ],
            [
                "Banks & Banking Books",
                "/browse/books/banks-banking-books/3920_582349_9783809"
            ]
        ]
    },
    {
        "title": "Dollars and Sense: How We Misthink Money and How to Spend Smarter (Hardcover)",
        "url": "https://www.walmart.com/ip/Dollars-and-Sense-How-We-Misthink-Money-and-How-to-Spend-Smarter-Hardcover-9780062651204/55971775",
        "price": "$8.99",
        "stars": "3.5",
        "ratings": "2 ",
        "img": "",
        "tags": [
            [
                "Macroeconomics Books",
                "/browse/books/macroeconomics-books/3920_582349_6503572_1381014"
            ],
            [
                "Management in Sales & Selling Books",
                "/browse/books/management-in-sales-selling-books/3920_582349_6996400_2951968"
            ],
            [
                "Social Psychology Books",
                "/browse/books/social-psychology-books/3920_2761424_3385531_3476246"
            ],
            [
                "Customer Relations Books",
                "/browse/books/customer-relations-books/3920_582349_3975606"
            ],
            [
                "General Marketing Books",
                "/browse/books/general-marketing-books/3920_582349_6080417_4705678"
            ],
            [
                "Marketing Research Books",
                "/browse/books/marketing-research-books/3920_582349_6080417_6103780"
            ],
            [
                "General Economics Books",
                "/browse/books/general-economics-books/3920_582349_6503572_6352002"
            ],
            [
                "Advertising & Promotion Books",
                "/browse/books/advertising-promotion-books/3920_582349_9790899"
            ]
        ]
    },
    {
        "title": "The Geometry of Wealth (Paperback)",
        "url": "https://www.walmart.com/ip/The-Geometry-of-Wealth-Paperback-9780857196712/375575445",
        "price": "$16.25",
        "stars": 0,
        "ratings": 0,
        "img": "",
        "tags": [
            [
                "Financial Accounting Books",
                "/browse/books/financial-accounting-books/3920_582349_2851526_1488823"
            ],
            [
                "Adult Non-Fiction Top 100",
                "/browse/books/adult-non-fiction-top-100/3920_1057224_3049267"
            ],
            [
                "Personal Finance Investing Books",
                "/browse/books/personal-finance-investing-books/3920_582349_9861072_3148548"
            ],
            [
                "Estates & Trusts Law Books",
                "/browse/books/estates-trusts-law-books/3920_1952589_4246203"
            ],
            [
                "Wealth Management Finance Books",
                "/browse/books/wealth-management-finance-books/3920_582349_6748238_5567436"
            ],
            [
                "Personal Finance Money Management Books",
                "/browse/books/personal-finance-money-management-books/3920_582349_9861072_6759272"
            ],
            [
                "Personal Success in Business & Money Books",
                "/browse/books/personal-success-in-business-money-books/3920_582349_9116217"
            ],
            [
                "Negocios e Inversiones",
                "/browse/books/negocios-e-inversiones/3920_226139_999539"
            ]
        ]
    }
]