[
    {
        "title": "The State of Affairs (Paperback)",
        "url": "https://www.walmart.com/ip/The-State-of-Affairs-Paperback-9780062322593/964366683",
        "price": "$7.75",
        "stars": 0,
        "ratings": 0,
        "img": "",
        "tags": [
            [
                "Clinical Psychology Books",
                "/browse/books/clinical-psychology-books/3920_2761424_3385531_2933737"
            ],
            [
                "Mental Health Psychology Books",
                "/browse/books/mental-health-psychology-books/3920_2761424_3385531_3232391"
            ],
            [
                "Couples & Family Psychotherapy Books",
                "/browse/books/couples-family-psychotherapy-books/3920_2761424_3385531_2318869_5061609"
            ],
            [
                "General Substance Abuse & Addictions Self-Help Books",
                "/browse/books/general-substance-abuse-addictions-self-help-books/3920_5642757_5797218_5380092"
            ],
            [
                "Interpersonal Relations Psychology Books",
                "/browse/books/interpersonal-relations-psychology-books/3920_2761424_3385531_5567426"
            ],
            [
                "Marriage & Long-Term Relationships",
                "/browse/books/marriage-long-term-relationships/3920_5642757_6055772_6969997"
            ],
            [
                "General Counseling Education Books",
                "/browse/books/general-counseling-education-books/3920_4284269_7229013_7252739"
            ],
            [
                "Human Sexuality Psychology Books",
                "/browse/books/human-sexuality-psychology-books/3920_2761424_3385531_7397811"
            ]
        ]
    },
    {
        "title": "Internships in Psychology : The APAGS Workbook for Writing Successful Applications and Finding the Right Fit",
        "url": "https://www.walmart.com/ip/Internships-in-Psychology-The-APAGS-Workbook-for-Writing-Successful-Applications-and-Finding-the-Right-Fit-9781433829581/903821692",
        "price": "$33.15",
        "stars": 0,
        "ratings": 0,
        "img": "",
        "tags": [
            [
                "Marriage & Family Sociology Books",
                "/browse/books/marriage-family-sociology-books/3920_2761424_8176770_7590238_1588115"
            ],
            [
                "Creative Ability Psychology Books",
                "/browse/books/creative-ability-psychology-books/3920_2761424_3385531_1909941"
            ],
            [
                "Clinical Psychology Books",
                "/browse/books/clinical-psychology-books/3920_2761424_3385531_2933737"
            ],
            [
                "Educational Psychology Books",
                "/browse/books/educational-psychology-books/3920_4284269_3226821"
            ],
            [
                "Behaviorism Movement in Psychology Books",
                "/browse/books/behaviorism-movement-in-psychology-books/3920_2761424_3385531_5702953_3803019"
            ],
            [
                "Counseling Psychotherapy Books",
                "/browse/books/counseling-psychotherapy-books/3920_2761424_3385531_2318869_4223555"
            ],
            [
                "Children's Studies Books",
                "/browse/books/childrens-studies-books/3920_2761424_8176770_4902268"
            ],
            [
                "Research & Methodology in Psychology Books",
                "/browse/books/research-methodology-in-psychology-books/3920_2761424_3385531_8455649"
            ]
        ]
    },
    {
        "title": "Why the Rich Are Getting Richer (Paperback)",
        "url": "https://www.walmart.com/ip/Why-the-Rich-Are-Getting-Richer-Paperback-9781612680880/54975819",
        "price": "$15.28",
        "stars": 0,
        "ratings": 0,
        "img": "i5.walmartimages.com/asr/1fa016b6-7712-495b-9815-25d4da5c22ec_1.b956fc8c86ff99e646290019845a7100.jpeg?odnWidth=612&odnHeight=612&odnBg=ffffff",
        "tags": [
            [
                "Project Management Books",
                "/browse/walmart-for-business/project-management-books/6735581_8499989_1633591_1336074"
            ],
            [
                "File Folders",
                "/browse/walmart-for-business/file-folders/6735581_7802075_6070034_2547701"
            ],
            [
                "Motivational & Personal Success Books",
                "/browse/walmart-for-business/motivational-personal-success-books/6735581_8499989_1633591_4891565"
            ],
            [
                "Accounting & Finance Books",
                "/browse/walmart-for-business/accounting-finance-books/6735581_8499989_1633591_8157353"
            ],
            [
                "Cleaning Pads & Sponges",
                "/browse/walmart-for-business/cleaning-pads-sponges/6735581_4455635_5686252_8675008"
            ],
            [
                "Business Biographies & Memoirs",
                "/browse/walmart-for-business/business-biographies-memoirs/6735581_8499989_1633591_9300207"
            ],
            [
                "Marketing Books",
                "/browse/walmart-for-business/marketing-books/6735581_8499989_1633591_9847330"
            ],
            [
                "Investments & Securities Books",
                "/browse/walmart-for-business/investments-securities-books/6735581_8499989_1633591_9986455"
            ]
        ]
    },
    {
        "title": "The Attachment Theory Workbook (Paperback)",
        "url": "https://www.walmart.com/ip/The-Attachment-Theory-Workbook-Paperback-9781641523554/662786442",
        "price": "$14.09",
        "stars": 0,
        "ratings": 0,
        "img": "",
        "tags": [
            [
                "Adoption & Fostering",
                "/browse/books/adoption-fostering/3920_5642757_6055772_2372440"
            ],
            [
                "General Psychotherapy Books",
                "/browse/books/general-psychotherapy-books/3920_2761424_3385531_2318869_3008400"
            ],
            [
                "Adoption Kids' Books",
                "/browse/books/adoption-kids-books/3920_582053_585918_3937640"
            ],
            [
                "Counseling Psychotherapy Books",
                "/browse/books/counseling-psychotherapy-books/3920_2761424_3385531_2318869_4223555"
            ],
            [
                "Couples & Family Psychotherapy Books",
                "/browse/books/couples-family-psychotherapy-books/3920_2761424_3385531_2318869_5061609"
            ],
            [
                "Anger",
                "/browse/books/anger/3920_5642757_6055772_5221198"
            ],
            [
                "Child Abuse",
                "/browse/books/child-abuse/3920_5642757_6055772_2339345_7611440"
            ],
            [
                "Child & Adolescent Psychotherapy Books",
                "/browse/books/child-adolescent-psychotherapy-books/3920_2761424_3385531_2318869_9492204"
            ]
        ]
    },
    {
        "title": "The Science of Interstellar (Paperback)",
        "url": "https://www.walmart.com/ip/The-Science-of-Interstellar-Paperback-9780393351378/40570225",
        "price": "$19.29",
        "stars": "4.7",
        "ratings": "3 ",
        "img": "i5.walmartimages.com/asr/4228cf8d-16ad-4216-896c-31fbac71db2c_1.29ea0f5e96fa2986a1d1110d94ab7983.jpeg?odnWidth=612&odnHeight=612&odnBg=ffffff",
        "tags": [
            [
                "Relativity Physics Books",
                "/browse/books/relativity-physics-books/3920_8529612_1841429_4851636_2606914"
            ],
            [
                "Adult Non-Fiction Top 100",
                "/browse/books/adult-non-fiction-top-100/3920_1057224_3049267"
            ],
            [
                "Cosmology Science Books",
                "/browse/books/cosmology-science-books/3920_8529612_1841429_3761380"
            ],
            [
                "Security in Politics Books",
                "/browse/books/security-in-politics-books/3920_5764957_5404186"
            ],
            [
                "General Science Books",
                "/browse/books/general-science-books/3920_8529612_1841429_6822946"
            ],
            [
                "Physics Science & Nature Teen & Young Adult Books",
                "/browse/books/physics-science-nature-teen-young-adult-books/3920_1068785_4668792_8593434"
            ],
            [
                "Science & Technology Policy Books",
                "/browse/books/science-technology-policy-books/3920_5764957_4155418_8805790"
            ],
            [
                "Astronomy Books",
                "/browse/books/astronomy-books/3920_8529612_1841429_9521002"
            ]
        ]
    },
    {
        "title": "All We Can Save : Truth, Courage, and Solutions for the Climate Crisis (Hardcover)",
        "url": "https://www.walmart.com/ip/All-We-Can-Save-Truth-Courage-and-Solutions-for-the-Climate-Crisis-Hardcover-9780593237069/445049975",
        "price": "$30.41",
        "stars": 0,
        "ratings": 0,
        "img": "",
        "tags": [
            [
                "Environmental Policy Books",
                "/browse/books/environmental-policy-books/3920_5764957_4155418_1341688"
            ],
            [
                "Diabetes",
                "/browse/books/diabetes/3920_582054_1646706_1953906"
            ],
            [
                "Essays on Nature Books",
                "/browse/books/essays-nature-books/3920_8529612_4668181_2186516"
            ],
            [
                "Coastal Regions & Shorelines Books",
                "/browse/books/coastal-regions-shorelines-books/3920_8529612_4668181_8001252_2559261"
            ],
            [
                "Ancient Roman History Books",
                "/browse/books/ancient-roman-history-books/3920_582331_583299_4850350"
            ],
            [
                "Meteorology & Climatology Earth Science Books",
                "/browse/books/meteorology-climatology-earth-science-books/3920_8529612_1841429_7092481_5774101"
            ],
            [
                "Healthy Living",
                "/browse/books/healthy-living/3920_582054_9380532"
            ],
            [
                "Environmental Conservation & Protection Books",
                "/browse/books/environmental-conservation-protection-books/3920_8529612_4668181_9553005"
            ]
        ]
    },
    {
        "title": "First, We Make the Beast Beautiful : A New Journey Through Anxiety (Hardcover)",
        "url": "https://www.walmart.com/ip/First-We-Make-the-Beast-Beautiful-A-New-Journey-Through-Anxiety-Hardcover-9780062836786/126456599",
        "price": "$20.31",
        "stars": "3.0",
        "ratings": "1 ",
        "img": "",
        "tags": [
            [
                "Men's Issues",
                "/browse/books/mens-issues/3920_1987289_582374_8324310_3418066"
            ],
            [
                "Mental Health Books",
                "/browse/books/mental-health-books/3920_3203859_3555432"
            ],
            [
                "Counseling Psychotherapy Books",
                "/browse/books/counseling-psychotherapy-books/3920_2761424_3385531_2318869_4223555"
            ],
            [
                "Dating",
                "/browse/books/dating/3920_5642757_6055772_5221030"
            ],
            [
                "Love & Romance",
                "/browse/books/love-romance/3920_5642757_6055772_7847489"
            ],
            [
                "Happiness",
                "/browse/books/happiness/3920_5642757_9479316_9355247"
            ],
            [
                "Healthy Living",
                "/browse/books/healthy-living/3920_582054_9380532"
            ],
            [
                "Child & Adolescent Psychotherapy Books",
                "/browse/books/child-adolescent-psychotherapy-books/3920_2761424_3385531_2318869_9492204"
            ]
        ]
    },
    {
        "title": "The Man Who Mistook His Wife for a Hat : And Other Clinical Tales (Paperback)",
        "url": "https://www.walmart.com/ip/The-Man-Who-Mistook-His-Wife-for-a-Hat-And-Other-Clinical-Tales-Paperback-9780684853949/374838",
        "price": "$7.19",
        "stars": "4.1",
        "ratings": "58 ",
        "img": "i5.walmartimages.com/asr/1c2f2c9b-b62d-4364-a91d-306d59079d09_1.4c3ce781555d89b5435379a09dc1d169.jpeg?odnWidth=612&odnHeight=612&odnBg=ffffff",
        "tags": [
            [
                "Medical Research Books",
                "/browse/books/medical-research-books/3920_3203859_1422528"
            ],
            [
                "Clinical Psychology Books",
                "/browse/books/clinical-psychology-books/3920_2761424_3385531_2933737"
            ],
            [
                "Social Science Research Books",
                "/browse/books/social-science-research-books/3920_2761424_8176770_5676289"
            ],
            [
                "Methodology in Social Science Books",
                "/browse/books/methodology-in-social-science-books/3920_2761424_8176770_5807963"
            ],
            [
                "Nursing Research & Theory Books",
                "/browse/books/nursing-research-theory-books/3920_3203859_7271537_5878259"
            ],
            [
                "Education Research Books",
                "/browse/books/education-research-books/3920_4284269_8222235"
            ],
            [
                "General Psychiatry Books",
                "/browse/books/general-psychiatry-books/3920_3203859_1473160_8923366"
            ],
            [
                "Psychology Reference Books",
                "/browse/books/psychology-reference-books/3920_2761424_3385531_9527380"
            ]
        ]
    },
    {
        "title": "A Parent's Guide to High-Functioning Autism Spectrum Disorder, Second Edition : How to Meet the Challenges and Help Your Child Thrive",
        "url": "https://www.walmart.com/ip/A-Parent-s-Guide-to-High-Functioning-Autism-Spectrum-Disorder-Second-Edition-How-to-Meet-the-Challenges-and-Help-Your-Child-Thrive-9781462517473/37281329",
        "price": "$17.99",
        "stars": 0,
        "ratings": 0,
        "img": "",
        "tags": [
            [
                "Pediatrics Books",
                "/browse/books/pediatrics-books/3920_3203859_3405267"
            ],
            [
                "Behavioral, Emotional & Social Disability Special Education Books",
                "/browse/books/behavioral-emotional-social-disability-special-education-books/3920_4284269_3283861_4073339"
            ],
            [
                "General Special Education Books",
                "/browse/books/general-special-education-books/3920_4284269_3283861_4509682"
            ],
            [
                "Autism Spectrum Disorders",
                "/browse/books/autism-spectrum-disorders/3920_5642757_6055772_6587931"
            ],
            [
                "Activities",
                "/browse/books/activities/3920_5642757_6055772_7540582"
            ],
            [
                "Toilet Training",
                "/browse/books/toilet-training/3920_5642757_6055772_9115951"
            ],
            [
                "General Developmental Psychology Books",
                "/browse/books/general-developmental-psychology-books/3920_2761424_3385531_4783777_9278852"
            ],
            [
                "Developmental & Intellectual Disability Special Education Books",
                "/browse/books/developmental-intellectual-disability-special-education-books/3920_4284269_3283861_9321752"
            ]
        ]
    },
    {
        "title": "Eastern Body, Western Mind : Psychology and the Chakra System As a Path to the Self",
        "url": "https://www.walmart.com/ip/Eastern-Body-Western-Mind-Psychology-and-the-Chakra-System-As-a-Path-to-the-Self-9781587612251/2641284",
        "price": "$16.41",
        "stars": "5.0",
        "ratings": "2 ",
        "img": "",
        "tags": [
            [
                "Archaeology Books",
                "/browse/books/archaeology-books/3920_2761424_8176770_1738817"
            ],
            [
                "Genealogy & Heraldry Reference Books",
                "/browse/books/genealogy-heraldry-reference-books/3920_3943378_1892531"
            ],
            [
                "General Anthropology Books",
                "/browse/books/general-anthropology-books/3920_2761424_8176770_9998889_2863743"
            ],
            [
                "General Ethnic Studies Books",
                "/browse/books/general-ethnic-studies-books/3920_2761424_8176770_6537532_6141926"
            ],
            [
                "Communication Studies Books",
                "/browse/books/communication-studies-books/3920_8818538_6254390"
            ],
            [
                "Women's Studies Books",
                "/browse/books/womens-studies-books/3920_2761424_8176770_9296090"
            ],
            [
                "General Social Science Books",
                "/browse/books/general-social-science-books/3920_2761424_8176770_9300400"
            ],
            [
                "Advertising & Promotion Books",
                "/browse/books/advertising-promotion-books/3920_582349_9790899"
            ]
        ]
    }
]