[
    {
        "title": "Good to Great: Built to Last: Successful Habits of Visionary Companies (Paperback)",
        "url": "https://www.walmart.com/ip/Good-to-Great-Built-to-Last-Successful-Habits-of-Visionary-Companies-Paperback-9780060516406/1863600",
        "price": "$16.07",
        "stars": "3.9",
        "ratings": "9 ",
        "img": "",
        "tags": [
            [
                "Project Management Books",
                "/browse/walmart-for-business/project-management-books/6735581_8499989_1633591_1336074"
            ],
            [
                "Office Software",
                "/browse/walmart-for-business/office-software/6735581_8499989_1794508"
            ],
            [
                "Motivational & Personal Success Books",
                "/browse/walmart-for-business/motivational-personal-success-books/6735581_8499989_1633591_4891565"
            ],
            [
                "Management & Leadership Books",
                "/browse/walmart-for-business/management-leadership-books/6735581_8499989_1633591_6711821"
            ],
            [
                "Labels",
                "/browse/walmart-for-business/labels/6735581_6919605_3637763_6994621"
            ],
            [
                "Business Biographies & Memoirs",
                "/browse/walmart-for-business/business-biographies-memoirs/6735581_8499989_1633591_9300207"
            ],
            [
                "Marketing Books",
                "/browse/walmart-for-business/marketing-books/6735581_8499989_1633591_9847330"
            ],
            [
                "Investments & Securities Books",
                "/browse/walmart-for-business/investments-securities-books/6735581_8499989_1633591_9986455"
            ]
        ]
    },
    {
        "title": "The Millionaire Fastlane : Crack the Code to Wealth and Live Rich for a Lifetime! (Paperback)",
        "url": "https://www.walmart.com/ip/The-Millionaire-Fastlane-Paperback-9780984358106/15898315",
        "price": "$18.13",
        "stars": 0,
        "ratings": 0,
        "img": "",
        "tags": [
            [
                "Project Management Books",
                "/browse/walmart-for-business/project-management-books/6735581_8499989_1633591_1336074"
            ],
            [
                "Office Software",
                "/browse/walmart-for-business/office-software/6735581_8499989_1794508"
            ],
            [
                "Motivational & Personal Success Books",
                "/browse/walmart-for-business/motivational-personal-success-books/6735581_8499989_1633591_4891565"
            ],
            [
                "Management & Leadership Books",
                "/browse/walmart-for-business/management-leadership-books/6735581_8499989_1633591_6711821"
            ],
            [
                "Labels",
                "/browse/walmart-for-business/labels/6735581_6919605_3637763_6994621"
            ],
            [
                "Business Biographies & Memoirs",
                "/browse/walmart-for-business/business-biographies-memoirs/6735581_8499989_1633591_9300207"
            ],
            [
                "Marketing Books",
                "/browse/walmart-for-business/marketing-books/6735581_8499989_1633591_9847330"
            ],
            [
                "Investments & Securities Books",
                "/browse/walmart-for-business/investments-securities-books/6735581_8499989_1633591_9986455"
            ]
        ]
    },
    {
        "title": "The Effective Executive",
        "url": "https://www.walmart.com/ip/The-Effective-Executive-9780060833459/3626975",
        "price": "$15.67",
        "stars": "4.0",
        "ratings": "8 ",
        "img": "",
        "tags": []
    },
    {
        "title": "Narconomics : How to Run a Drug Cartel",
        "url": "https://www.walmart.com/ip/Narconomics-How-to-Run-a-Drug-Cartel-9781610397704/55031629",
        "price": "$15.49",
        "stars": "4.0",
        "ratings": "1 ",
        "img": "",
        "tags": [
            [
                "Project Management Books",
                "/browse/walmart-for-business/project-management-books/6735581_8499989_1633591_1336074"
            ],
            [
                "Office Software",
                "/browse/walmart-for-business/office-software/6735581_8499989_1794508"
            ],
            [
                "Motivational & Personal Success Books",
                "/browse/walmart-for-business/motivational-personal-success-books/6735581_8499989_1633591_4891565"
            ],
            [
                "Management & Leadership Books",
                "/browse/walmart-for-business/management-leadership-books/6735581_8499989_1633591_6711821"
            ],
            [
                "Labels",
                "/browse/walmart-for-business/labels/6735581_6919605_3637763_6994621"
            ],
            [
                "Business Biographies & Memoirs",
                "/browse/walmart-for-business/business-biographies-memoirs/6735581_8499989_1633591_9300207"
            ],
            [
                "Marketing Books",
                "/browse/walmart-for-business/marketing-books/6735581_8499989_1633591_9847330"
            ],
            [
                "Investments & Securities Books",
                "/browse/walmart-for-business/investments-securities-books/6735581_8499989_1633591_9986455"
            ]
        ]
    },
    {
        "title": "Simple Ledger: Checking Account Ledger : Check and Debit Card Register 100 Pages 2,400 Entry Lines Total: Size = 8.5 x 11 Inches (Series #2) (Paperback)",
        "url": "https://www.walmart.com/ip/Simple-Ledger-Checking-Account-Ledger-Check-Debit-Card-Register-100-Pages-2-400-Entry-Lines-Total-Size-8-5-x-11-Inches-Series-2-Paperback-9781655473517/688068865",
        "price": "$8.70",
        "stars": 0,
        "ratings": 0,
        "img": "",
        "tags": [
            [
                "Information Management Books",
                "/browse/books/information-management-books/3920_582349_2907933"
            ],
            [
                "Bookkeeping Books",
                "/browse/books/bookkeeping-books/3920_582349_3111716"
            ],
            [
                "CPA Exam Prep Books",
                "/browse/books/cpa-exam-prep-books/3920_6060018_3575892"
            ],
            [
                "Managerial Accounting Books",
                "/browse/books/managerial-accounting-books/3920_582349_2851526_3576060"
            ],
            [
                "Table Tennis Books",
                "/browse/books/table-tennis-books/3920_8924365_4767801"
            ],
            [
                "Financial Engineering Books",
                "/browse/books/financial-engineering-books/3920_582349_6748238_6349984"
            ],
            [
                "Personal Finance Money Management Books",
                "/browse/books/personal-finance-money-management-books/3920_582349_9861072_6759272"
            ],
            [
                "General Accounting Books",
                "/browse/books/general-accounting-books/3920_582349_2851526_9566313"
            ]
        ]
    },
    {
        "title": "The Carrot Principle : How the Best Managers Use Recognition to Engage Their People, Retain Talent, and Accelerate Performance [Updated & Revised]",
        "url": "https://www.walmart.com/ip/The-Carrot-Principle-How-the-Best-Managers-Use-Recognition-to-Engage-Their-People-Retain-Talent-and-Accelerate-Performance-Updated-Revised-9781439149171/10808046",
        "price": "$6.75",
        "stars": "4.0",
        "ratings": "1 ",
        "img": "",
        "tags": [
            [
                "Body Art & Tattooing Art Books",
                "/browse/books/body-art-tattooing-art-books/3920_582321_6907922_2358664"
            ],
            [
                "Organizational Development Books",
                "/browse/books/organizational-development-books/3920_582349_3077388"
            ],
            [
                "Entrepreneurship Books",
                "/browse/books/entrepreneurship-books/3920_582349_5818477"
            ],
            [
                "Human Resources & Personnel Management Books",
                "/browse/books/human-resources-personnel-management-books/3920_582349_6330339"
            ],
            [
                "Leadership in Business Books",
                "/browse/books/leadership-in-business-books/3920_582349_7056456"
            ],
            [
                "Motivational Business & Money Books",
                "/browse/books/motivational-business-money-books/3920_582349_7534693"
            ],
            [
                "Harvard Business Review",
                "/browse/books/harvard-business-review/3920_582349_8933101"
            ],
            [
                "Personal Success in Business & Money Books",
                "/browse/books/personal-success-in-business-money-books/3920_582349_9116217"
            ]
        ]
    },
    {
        "title": "To Sell Is Human : The Surprising Truth About Moving Others",
        "url": "https://www.walmart.com/ip/To-Sell-Is-Human-The-Surprising-Truth-About-Moving-Others-9781594631900/23959914",
        "price": "$14.52",
        "stars": "4.0",
        "ratings": "3 ",
        "img": "",
        "tags": [
            [
                "Project Management Books",
                "/browse/walmart-for-business/project-management-books/6735581_8499989_1633591_1336074"
            ],
            [
                "File Folders",
                "/browse/walmart-for-business/file-folders/6735581_7802075_6070034_2547701"
            ],
            [
                "Motivational & Personal Success Books",
                "/browse/walmart-for-business/motivational-personal-success-books/6735581_8499989_1633591_4891565"
            ],
            [
                "Accounting & Finance Books",
                "/browse/walmart-for-business/accounting-finance-books/6735581_8499989_1633591_8157353"
            ],
            [
                "Cleaning Pads & Sponges",
                "/browse/walmart-for-business/cleaning-pads-sponges/6735581_4455635_5686252_8675008"
            ],
            [
                "Business Biographies & Memoirs",
                "/browse/walmart-for-business/business-biographies-memoirs/6735581_8499989_1633591_9300207"
            ],
            [
                "Marketing Books",
                "/browse/walmart-for-business/marketing-books/6735581_8499989_1633591_9847330"
            ],
            [
                "Investments & Securities Books",
                "/browse/walmart-for-business/investments-securities-books/6735581_8499989_1633591_9986455"
            ]
        ]
    },
    {
        "title": "The Age of Surveillance Capitalism : The Fight for a Human Future at the New Frontier of Power",
        "url": "https://www.walmart.com/ip/The-Age-of-Surveillance-Capitalism-The-Fight-for-a-Human-Future-at-the-New-Frontier-of-Power-9781541758001/841886442",
        "price": "$22.74",
        "stars": 0,
        "ratings": 0,
        "img": "",
        "tags": [
            [
                "Future Studies Books",
                "/browse/books/future-studies-books/3920_2761424_8176770_1721846"
            ],
            [
                "Corporate & Business History Books",
                "/browse/books/corporate-business-history-books/3920_582349_2306820"
            ],
            [
                "Information Management Books",
                "/browse/books/information-management-books/3920_582349_2907933"
            ],
            [
                "Education & Software Books",
                "/browse/books/education-software-books/3920_9724405_6931412"
            ],
            [
                "Microsoft Books",
                "/browse/books/microsoft-books/3920_9724405_5601957_7212673"
            ],
            [
                "General E-Commerce Books",
                "/browse/books/general-e-commerce-books/3920_582349_7396712_7218953"
            ],
            [
                "Virtual Worlds Books",
                "/browse/books/virtual-worlds-books/3920_9724405_7550667"
            ],
            [
                "Social Aspects Technology & Engineering Books",
                "/browse/books/social-aspects-technology-engineering-books/3920_9842685_8901905_9964508"
            ]
        ]
    },
    {
        "title": "The Miracle Morning for Network Marketers : Grow Yourself First to Grow Your Business Fast",
        "url": "https://www.walmart.com/ip/The-Miracle-Morning-for-Network-Marketers-Grow-Yourself-First-to-Grow-Your-Business-Fast-9781942589044/53643738",
        "price": "$19.95",
        "stars": 0,
        "ratings": 0,
        "img": "",
        "tags": [
            [
                "General Sales & Selling Books",
                "/browse/books/general-sales-selling-books/3920_582349_6996400_2728779"
            ],
            [
                "Small Business Books",
                "/browse/books/small-business-books/3920_582349_2876621"
            ],
            [
                "Paul's Letters",
                "/browse/books/pauls-letters/3920_1987289_582374_2718157_2998326"
            ],
            [
                "Home-Based Businesses Books",
                "/browse/books/home-based-businesses-books/3920_582349_3120736"
            ],
            [
                "Customer Relations Books",
                "/browse/books/customer-relations-books/3920_582349_3975606"
            ],
            [
                "Economic Theory Books",
                "/browse/books/economic-theory-books/3920_582349_6503572_4182458"
            ],
            [
                "Direct Marketing Books",
                "/browse/books/direct-marketing-books/3920_582349_6080417_5143492"
            ],
            [
                "Retailing Industry Books",
                "/browse/books/retailing-industry-books/3920_582349_5438892_5175139"
            ]
        ]
    },
    {
        "title": "Get Over Your Damn Self : The No-BS Blueprint to Building A Life-Changing Business (Paperback)",
        "url": "https://www.walmart.com/ip/Get-Over-Your-Damn-Self-The-No-BS-Blueprint-to-Building-A-Life-Changing-Business-Paperback-9780997948219/54942596",
        "price": "$16.19",
        "stars": "5.0",
        "ratings": "1 ",
        "img": "",
        "tags": [
            [
                "Project Management Books",
                "/browse/walmart-for-business/project-management-books/6735581_8499989_1633591_1336074"
            ],
            [
                "Office Software",
                "/browse/walmart-for-business/office-software/6735581_8499989_1794508"
            ],
            [
                "Motivational & Personal Success Books",
                "/browse/walmart-for-business/motivational-personal-success-books/6735581_8499989_1633591_4891565"
            ],
            [
                "Management & Leadership Books",
                "/browse/walmart-for-business/management-leadership-books/6735581_8499989_1633591_6711821"
            ],
            [
                "Labels",
                "/browse/walmart-for-business/labels/6735581_6919605_3637763_6994621"
            ],
            [
                "Business Biographies & Memoirs",
                "/browse/walmart-for-business/business-biographies-memoirs/6735581_8499989_1633591_9300207"
            ],
            [
                "Marketing Books",
                "/browse/walmart-for-business/marketing-books/6735581_8499989_1633591_9847330"
            ],
            [
                "Investments & Securities Books",
                "/browse/walmart-for-business/investments-securities-books/6735581_8499989_1633591_9986455"
            ]
        ]
    }
]