[
    {
        "title": "Fearless Watercolor for Beginners: Adventurous Painting Techniques to Get You Started (Paperback)",
        "url": "https://www.walmart.com/ip/Fearless-Watercolor-for-Beginners-Adventurous-Painting-Techniques-to-Get-You-Started-Paperback-9781440337260/44102871",
        "price": "$17.86",
        "stars": 0,
        "ratings": 0,
        "img": "i5.walmartimages.com/asr/7e592b3b-554c-4b34-b8c6-60db33268b29_1.026fdee22665bac213a652e49f664afd.jpeg?odnWidth=612&odnHeight=612&odnBg=ffffff",
        "tags": [
            [
                "Plants & Animals Art Books",
                "/browse/books/plants-animals-art-books/3920_582321_6907922_9682242_1331853"
            ],
            [
                "Pen & Ink Drawing Books",
                "/browse/books/pen-ink-drawing-books/3920_582321_6907922_9561236_1652990"
            ],
            [
                "Acrylic Painting Books",
                "/browse/books/acrylic-painting-books/3920_582321_6907922_9561236_1985327"
            ],
            [
                "Mother's Day Crafts & Hobbies Books",
                "/browse/books/mothers-day-crafts-hobbies-books/3920_7458265_3551722"
            ],
            [
                "Painting Crafts & Hobbies Books",
                "/browse/books/painting-crafts-hobbies-books/3920_582361_5456840"
            ],
            [
                "Landscapes & Seascapes Art Books",
                "/browse/books/landscapes-seascapes-art-books/3920_582321_6907922_9682242_6204099"
            ],
            [
                "Design, Drafting, Drawing & Presentation Books",
                "/browse/books/design-drafting-drawing-presentation-books/3920_582321_4942684_6326111"
            ],
            [
                "Painting Books",
                "/browse/books/painting-books/3920_582321_6907922_9561236_8457553"
            ]
        ]
    },
    {
        "title": "Isometric Graph Paper Workbook 8 X 10 150 Pages",
        "url": "https://www.walmart.com/ip/Isometric-Graph-Paper-Workbook-8-X-10-150-Pages-9781726730891/540027991",
        "price": "$18.99",
        "stars": 0,
        "ratings": 0,
        "img": "",
        "tags": [
            [
                "Plants & Animals Art Books",
                "/browse/books/plants-animals-art-books/3920_582321_6907922_9682242_1331853"
            ],
            [
                "Mindfulness & Meditation",
                "/browse/books/mindfulness-meditation/3920_1987289_5383544_6429422"
            ],
            [
                "Papercrafts Crafts & Hobbies Books",
                "/browse/books/papercrafts-crafts-hobbies-books/3920_582361_7691206"
            ],
            [
                "Drawing Books",
                "/browse/books/drawing-books/3920_582321_6907922_9561236_8554153"
            ],
            [
                "Color Theory Art Books",
                "/browse/books/color-theory-art-books/3920_582321_6907922_8605063"
            ],
            [
                "Illustration Books",
                "/browse/books/illustration-books/3920_582321_9365291_2572982_9110114"
            ],
            [
                "Coloring Books",
                "/browse/books/coloring-books/3920_582321_6907922_9561236_9744706"
            ],
            [
                "General Crafts & Hobbies Books",
                "/browse/books/general-crafts-hobbies-books/3920_582361_9762077"
            ]
        ]
    },
    {
        "title": "100 Beautiful Mandalas Coloring Book : Mandala Coloring Book For Adults With Thick Artist Quality Paper, Hardback Covers, and Spiral Binding ... Adult Coloring Book Featuring Beautify (Paperback)",
        "url": "https://www.walmart.com/ip/100-Beautiful-Mandalas-Coloring-Book-Mandala-For-Adults-With-Thick-Artist-Quality-Paper-Hardback-Covers-Spiral-Binding-Adult-Featuring-Beautify-Paper-9781703285628/626546143",
        "price": "$9.83",
        "stars": 0,
        "ratings": 0,
        "img": "",
        "tags": [
            [
                "Plants & Animals Art Books",
                "/browse/books/plants-animals-art-books/3920_582321_6907922_9682242_1331853"
            ],
            [
                "General Art Books",
                "/browse/books/general-art-books/3920_582321_6907922_2804335"
            ],
            [
                "European Art Books",
                "/browse/books/european-art-books/3920_582321_6907922_4378258"
            ],
            [
                "Prints Art Books",
                "/browse/books/prints-art-books/3920_582321_6907922_5218431"
            ],
            [
                "Religious Art Books",
                "/browse/books/religious-art-books/3920_582321_6907922_9682242_5982485"
            ],
            [
                "Landscapes & Seascapes Art Books",
                "/browse/books/landscapes-seascapes-art-books/3920_582321_6907922_9682242_6204099"
            ],
            [
                "Folk & Outsider Art Books",
                "/browse/books/folk-outsider-art-books/3920_582321_6907922_7290665"
            ],
            [
                "Popular Culture Art Books",
                "/browse/books/popular-culture-art-books/3920_582321_6907922_7436890"
            ]
        ]
    },
    {
        "title": "The Penguin and the Polar Bear",
        "url": "https://www.walmart.com/ip/The-Penguin-and-the-Polar-Bear-9781438928456/325297244",
        "price": "$17.78",
        "stars": 0,
        "ratings": 0,
        "img": "",
        "tags": [
            [
                "Plants & Animals Art Books",
                "/browse/books/plants-animals-art-books/3920_582321_6907922_9682242_1331853"
            ],
            [
                "Mindfulness & Meditation",
                "/browse/books/mindfulness-meditation/3920_1987289_5383544_6429422"
            ],
            [
                "Papercrafts Crafts & Hobbies Books",
                "/browse/books/papercrafts-crafts-hobbies-books/3920_582361_7691206"
            ],
            [
                "Drawing Books",
                "/browse/books/drawing-books/3920_582321_6907922_9561236_8554153"
            ],
            [
                "Color Theory Art Books",
                "/browse/books/color-theory-art-books/3920_582321_6907922_8605063"
            ],
            [
                "Illustration Books",
                "/browse/books/illustration-books/3920_582321_9365291_2572982_9110114"
            ],
            [
                "Coloring Books",
                "/browse/books/coloring-books/3920_582321_6907922_9561236_9744706"
            ],
            [
                "General Crafts & Hobbies Books",
                "/browse/books/general-crafts-hobbies-books/3920_582361_9762077"
            ]
        ]
    },
    {
        "title": "Harry Potter and the Chamber of Secrets Enchanted Postcard Book (Other)",
        "url": "https://www.walmart.com/ip/Harry-Potter-and-the-Chamber-of-Secrets-Enchanted-Postcard-Book-Other-9780062821645/56077797",
        "price": "$11.73",
        "stars": 0,
        "ratings": 0,
        "img": "",
        "tags": [
            [
                "Creepy Teen Titles",
                "/browse/books/creepy-teen-titles/3920_4640285_1648404"
            ],
            [
                "Comic-Con Books",
                "/browse/comic-con-books/3920_2196908"
            ],
            [
                "School & Education Kids' Books",
                "/browse/books/school-education-kids-books/3920_582053_4673607"
            ],
            [
                "Film & Video Art Books",
                "/browse/books/film-video-art-books/3920_582321_6907922_5014923"
            ],
            [
                "Science Fiction & Fantasy Film Books",
                "/browse/books/science-fiction-fantasy-film-books/3920_582321_6572320_5808584_5445179"
            ],
            [
                "Science Fiction, Fantasy & Magic Kids' Books",
                "/browse/books/science-fiction-fantasy-magic-kids-books/3920_582053_586182"
            ],
            [
                "Popular Culture Art Books",
                "/browse/books/popular-culture-art-books/3920_582321_6907922_7436890"
            ],
            [
                "Harry Potter",
                "/browse/books/harry-potter/3920_582053_7559307"
            ]
        ]
    },
    {
        "title": "Creative Haven Coloring Books: Creative Haven Cozy Creatures Coloring Book (Paperback)",
        "url": "https://www.walmart.com/ip/Creative-Haven-Coloring-Books-Creative-Haven-Cozy-Creatures-Coloring-Book-Paperback-9780486816715/56159320",
        "price": "$8.06",
        "stars": 0,
        "ratings": 0,
        "img": "i5.walmartimages.com/asr/51b8764a-2a8c-4471-8fbc-476fce3ef159_1.9b0846f895ca97e71ba86b21bcb1fe68.jpeg?odnWidth=612&odnHeight=612&odnBg=ffffff",
        "tags": [
            [
                "General Art Books",
                "/browse/books/general-art-books/3920_582321_6907922_2804335"
            ],
            [
                "Individual Artists Art Books",
                "/browse/books/individual-artists-art-books/3920_582321_6907922_5158962"
            ],
            [
                "Decorative Arts Books",
                "/browse/books/decorative-arts-books/3920_582321_9365291_5173805"
            ],
            [
                "Mindfulness & Meditation",
                "/browse/books/mindfulness-meditation/3920_1987289_5383544_6429422"
            ],
            [
                "Drawing Books",
                "/browse/books/drawing-books/3920_582321_6907922_9561236_8554153"
            ],
            [
                "Piano & Keyboard Repertoire Printed Music Books",
                "/browse/books/piano-keyboard-repertoire-printed-music-books/3920_582321_1318217_8863128_9367802"
            ],
            [
                "Coloring Books",
                "/browse/books/coloring-books/3920_582321_6907922_9561236_9744706"
            ],
            [
                "General Crafts & Hobbies Books",
                "/browse/books/general-crafts-hobbies-books/3920_582361_9762077"
            ]
        ]
    },
    {
        "title": "Charles Evans' Pocket Book for Watercolour Artists : Over 100 Essential Tips to Improve Your Painting",
        "url": "https://www.walmart.com/ip/Charles-Evans-Pocket-Book-for-Watercolour-Artists-Over-100-Essential-Tips-to-Improve-Your-Painting-9781782216377/628807620",
        "price": "$14.20",
        "stars": 0,
        "ratings": 0,
        "img": "",
        "tags": [
            [
                "Plants & Animals Art Books",
                "/browse/books/plants-animals-art-books/3920_582321_6907922_9682242_1331853"
            ],
            [
                "Pen & Ink Drawing Books",
                "/browse/books/pen-ink-drawing-books/3920_582321_6907922_9561236_1652990"
            ],
            [
                "Acrylic Painting Books",
                "/browse/books/acrylic-painting-books/3920_582321_6907922_9561236_1985327"
            ],
            [
                "Mother's Day Crafts & Hobbies Books",
                "/browse/books/mothers-day-crafts-hobbies-books/3920_7458265_3551722"
            ],
            [
                "Painting Crafts & Hobbies Books",
                "/browse/books/painting-crafts-hobbies-books/3920_582361_5456840"
            ],
            [
                "Landscapes & Seascapes Art Books",
                "/browse/books/landscapes-seascapes-art-books/3920_582321_6907922_9682242_6204099"
            ],
            [
                "Design, Drafting, Drawing & Presentation Books",
                "/browse/books/design-drafting-drawing-presentation-books/3920_582321_4942684_6326111"
            ],
            [
                "Painting Books",
                "/browse/books/painting-books/3920_582321_6907922_9561236_8457553"
            ]
        ]
    },
    {
        "title": "Music by the Masters: Bach, Beethoven, Chopin, Grieg, Handel, Haydn, Schubert and More (Paperback)",
        "url": "https://www.walmart.com/ip/Music-by-the-Masters-Bach-Beethoven-Chopin-Grieg-Handel-Haydn-Schubert-and-More-Paperback-9780769239538/25666491",
        "price": "$12.53",
        "stars": 0,
        "ratings": 0,
        "img": "",
        "tags": [
            [
                "Bilingual Education Books",
                "/browse/books/bilingual-education-books/3920_4284269_2236310"
            ],
            [
                "General Music Books",
                "/browse/books/general-music-books/3920_582321_1318217_4267978_3724995"
            ],
            [
                "Heavy Metal Music Books",
                "/browse/books/heavy-metal-music-books/3920_582321_1318217_4267978_4196114"
            ],
            [
                "Rap & Hip Hop Music Books",
                "/browse/books/rap-hip-hop-music-books/3920_582321_1318217_4267978_4255978"
            ],
            [
                "Jazz Music Books",
                "/browse/books/jazz-music-books/3920_582321_1318217_4267978_4883897"
            ],
            [
                "Rock Music Books",
                "/browse/books/rock-music-books/3920_582321_1318217_4267978_6186495"
            ],
            [
                "Punk Music Books",
                "/browse/books/punk-music-books/3920_582321_1318217_4267978_6378998"
            ],
            [
                "Individual Composer & Artist Music Books",
                "/browse/books/individual-composer-artist-music-books/3920_582321_1318217_6688455"
            ]
        ]
    },
    {
        "title": "Chamber Music for Two String Instruments, Bk 1 : 2 Violas",
        "url": "https://www.walmart.com/ip/Chamber-Music-for-Two-String-Instruments-Bk-1-2-Violas-9780769232508/8214279",
        "price": "$6.99",
        "stars": 0,
        "ratings": 0,
        "img": "",
        "tags": [
            [
                "General Music Instruction & Study Books",
                "/browse/books/general-music-instruction-study-books/3920_582321_1318217_3249849_2472952"
            ],
            [
                "Woodwinds Books",
                "/browse/books/woodwinds-books/3920_582321_1318217_1527994_3290686"
            ],
            [
                "Strings Printed Music Books",
                "/browse/books/strings-printed-music-books/3920_582321_1318217_8863128_4907375"
            ],
            [
                "Guitar & Fretted Instrument Printed Music Books",
                "/browse/books/guitar-fretted-instrument-printed-music-books/3920_582321_1318217_8863128_6217329"
            ],
            [
                "Classical Music Books",
                "/browse/books/classical-music-books/3920_582321_1318217_4267978_7781985"
            ],
            [
                "Percussion Books",
                "/browse/books/percussion-books/3920_582321_1318217_1527994_8028782"
            ],
            [
                "Children's Music Books",
                "/browse/books/childrens-music-books/3920_582321_1318217_4267978_8420615"
            ],
            [
                "General Printed Music / Sheet Music",
                "/browse/books/general-printed-music-sheet-music/3920_582321_1318217_8863128_9432690"
            ]
        ]
    },
    {
        "title": "Strong Is the New Pretty - Paperback",
        "url": "https://www.walmart.com/ip/Strong-Is-the-New-Pretty-Paperback-9780761189138/55062700",
        "price": "$14.32",
        "stars": "4.7",
        "ratings": "3 ",
        "img": "",
        "tags": [
            [
                "Handwriting Books",
                "/browse/books/handwriting-books/3920_8818538_1748019"
            ],
            [
                "Individual Photographers Books",
                "/browse/books/individual-photographers-books/3920_582321_5674104_2008407"
            ],
            [
                "Pictorial",
                "/browse/books/pictorial/3920_4310685_2750120"
            ],
            [
                "Toymaking Crafts & Hobbies Books",
                "/browse/books/toymaking-crafts-hobbies-books/3920_582361_3716410"
            ],
            [
                "Portraits & Selfies Photography Books",
                "/browse/books/portraits-selfies-photography-books/3920_582321_5674104_4153737_4234192"
            ],
            [
                "Girls & Women Kids' Books",
                "/browse/books/girls-women-kids-books/3920_582053_585984"
            ],
            [
                "Stuffed Animals Crafts & Hobbies Books",
                "/browse/books/stuffed-animals-crafts-hobbies-books/3920_582361_6499276"
            ],
            [
                "Knitting Books",
                "/browse/books/knitting-books/3920_582361_2256620_6775110"
            ]
        ]
    }
]