[
    {
        "title": "Wipe Clean: My Big Activity Workbook",
        "url": "https://www.walmart.com/ip/Wipe-Clean-My-Big-Activity-Workbook-9780312502140/8050846",
        "price": "$10.59",
        "stars": "4.8",
        "ratings": "16 ",
        "img": "",
        "tags": [
            [
                "Preschool to Kindergarten Back to School Books",
                "/browse/books/preschool-to-kindergarten-back-to-school-books/3920_8955258_1893215"
            ],
            [
                "General Learning Concept Kids' Books",
                "/browse/books/general-learning-concept-kids-books/3920_582053_6630876_4154909"
            ],
            [
                "School & Education Kids' Books",
                "/browse/books/school-education-kids-books/3920_582053_4673607"
            ],
            [
                "Alphabet Kids' Books",
                "/browse/books/alphabet-kids-books/3920_582053_6630876_5347236"
            ],
            [
                "Study Aids & Workbooks for Kids",
                "/browse/books/study-aids-workbooks-for-kids/3920_582053_6940373"
            ],
            [
                "Handwriting Kids' Books",
                "/browse/books/handwriting-kids-books/3920_582053_8452860_7021485"
            ],
            [
                "Summer Reading Workbooks",
                "/browse/books/summer-reading-workbooks/3920_6726310_9075247"
            ],
            [
                "Counting & Numbers Kids' Books",
                "/browse/books/counting-numbers-kids-books/3920_582053_6630876_9855543"
            ]
        ]
    },
    {
        "title": "Are You My Mother? (Hardcover)",
        "url": "https://www.walmart.com/ip/Are-You-My-Mother-Hardcover-9780394800189/455067",
        "price": "$5.00",
        "stars": "4.4",
        "ratings": "97 ",
        "img": "",
        "tags": [
            [
                "Children's Books Top 100",
                "/browse/books/childrens-books-top-100/3920_1057224_1568396"
            ],
            [
                "Read Across America",
                "/browse/books/read-across-america/3920_582053_5445825"
            ],
            [
                "Funny Kids' Books",
                "/browse/books/funny-kids-books/3920_582053_582573"
            ],
            [
                "Baby - Age 2 Kids' Books",
                "/browse/books/baby-age-2-kids-books/3920_582053_593774"
            ],
            [
                "Beginner Reading Kids' Books",
                "/browse/books/beginner-reading-kids-books/3920_582053_1106635_8429344"
            ],
            [
                "TV History & Criticism Books",
                "/browse/books/tv-history-criticism-books/3920_582321_6572320_6482205_9807057"
            ],
            [
                "Dr. Seuss",
                "/browse/books/dr-seuss/3920_582053_9858324"
            ]
        ]
    },
    {
        "title": "The Lion King Read-Along Storybook and CD",
        "url": "https://www.walmart.com/ip/The-Lion-King-Read-Along-Storybook-and-CD-9781368041560/662035459",
        "price": "$3.59",
        "stars": "5.0",
        "ratings": "5 ",
        "img": "",
        "tags": [
            [
                "Elephants Kids' Books",
                "/browse/books/elephants-kids-books/3920_582053_584177_585921"
            ],
            [
                "Christmas & Advent Kids' Books",
                "/browse/books/christmas-advent-kids-books/3920_582053_585922_585988"
            ],
            [
                "Orphans & Foster Homes Kids' Books",
                "/browse/books/orphans-foster-homes-kids-books/3920_582053_585918_586170"
            ],
            [
                "Action & Adventure Kids' Books",
                "/browse/books/action-adventure-kids-books/3920_582053_586177"
            ],
            [
                "Fairy Tales & Folklore Kids' Books",
                "/browse/books/fairy-tales-folklore-kids-books/3920_582053_586185"
            ],
            [
                "Ages 6-8 Kids' Books",
                "/browse/books/ages-6-8-kids-books/3920_582053_656540"
            ],
            [
                "General Kids' Books",
                "/browse/books/general-kids-books/3920_582053_7804682"
            ],
            [
                "Summer Reading Picture Books",
                "/browse/books/summer-reading-picture-books/3920_6726310_9889612"
            ]
        ]
    },
    {
        "title": "Wipe Clean Workbook: Number Skills (enclosed spiral binding)",
        "url": "https://www.walmart.com/ip/Wipe-Clean-Workbook-Number-Skills-enclosed-spiral-binding-9780312526504/921668033",
        "price": "$8.99",
        "stars": "5.0",
        "ratings": "5 ",
        "img": "",
        "tags": [
            [
                "Preschool to Kindergarten Back to School Books",
                "/browse/books/preschool-to-kindergarten-back-to-school-books/3920_8955258_1893215"
            ],
            [
                "Arithmetic Kids' Books",
                "/browse/books/arithmetic-kids-books/3920_582053_3294468_2763032"
            ],
            [
                "General Learning Concept Kids' Books",
                "/browse/books/general-learning-concept-kids-books/3920_582053_6630876_4154909"
            ],
            [
                "School & Education Kids' Books",
                "/browse/books/school-education-kids-books/3920_582053_4673607"
            ],
            [
                "Alphabet Kids' Books",
                "/browse/books/alphabet-kids-books/3920_582053_6630876_5347236"
            ],
            [
                "Study Aids & Workbooks for Kids",
                "/browse/books/study-aids-workbooks-for-kids/3920_582053_6940373"
            ],
            [
                "Handwriting Kids' Books",
                "/browse/books/handwriting-kids-books/3920_582053_8452860_7021485"
            ],
            [
                "Counting & Numbers Kids' Books",
                "/browse/books/counting-numbers-kids-books/3920_582053_6630876_9855543"
            ]
        ]
    },
    {
        "title": "Room on the Broom (Hardcover)",
        "url": "https://www.walmart.com/ip/Room-on-the-Broom-Hardcover-9780803726574/1227030",
        "price": "$24.94",
        "stars": "4.4",
        "ratings": "20 ",
        "img": "",
        "tags": [
            [
                "Horror & Ghost Kids' Stories",
                "/browse/books/horror-ghost-kids-stories/3920_582053_1028019"
            ],
            [
                "Cars & Trucks Kids' Books",
                "/browse/books/cars-trucks-kids-books/3920_582053_3323652_1338868"
            ],
            [
                "Charlie Brown Books",
                "/browse/books/charlie-brown-books/3920_582053_8467779_2439513"
            ],
            [
                "Pigs Kids' Books",
                "/browse/books/pigs-kids-books/3920_582053_584177_585945"
            ],
            [
                "Christmas & Advent Kids' Books",
                "/browse/books/christmas-advent-kids-books/3920_582053_585922_585988"
            ],
            [
                "All Halloween Books for Kids",
                "/browse/books/all-halloween-books-for-kids/3920_4640285_9564915_7090388"
            ],
            [
                "Fancy Nancy Books",
                "/browse/books/fancy-nancy-books/3920_582053_8467779_7644212"
            ],
            [
                "Monsters Kids' Books",
                "/browse/books/monsters-kids-books/3920_582053_8346462"
            ]
        ]
    },
    {
        "title": "Ten Apples Up on Top! (Hardcover)",
        "url": "https://www.walmart.com/ip/Ten-Apples-Up-on-Top-Hardcover-9780394800196/455068",
        "price": "$7.30",
        "stars": "4.4",
        "ratings": "40 ",
        "img": "",
        "tags": [
            [
                "Classic Kids' Books",
                "/browse/books/classic-kids-books/3920_582053_1106632"
            ],
            [
                "Children's Books Top 100",
                "/browse/books/childrens-books-top-100/3920_1057224_1568396"
            ],
            [
                "Words Kids' Books",
                "/browse/books/words-kids-books/3920_582053_6630876_5098446"
            ],
            [
                "Read Across America",
                "/browse/books/read-across-america/3920_582053_5445825"
            ],
            [
                "Baby - Age 2 Kids' Books",
                "/browse/books/baby-age-2-kids-books/3920_582053_593774"
            ],
            [
                "Beginner Reading Kids' Books",
                "/browse/books/beginner-reading-kids-books/3920_582053_1106635_8429344"
            ],
            [
                "Counting & Numbers Kids' Books",
                "/browse/books/counting-numbers-kids-books/3920_582053_6630876_9855543"
            ],
            [
                "Dr. Seuss",
                "/browse/books/dr-seuss/3920_582053_9858324"
            ]
        ]
    },
    {
        "title": "Baby Signs : A Baby-Sized Introduction to Speaking with Sign Language",
        "url": "https://www.walmart.com/ip/Baby-Signs-A-Baby-Sized-Introduction-to-Speaking-with-Sign-Language-9780803731936/7853415",
        "price": "$5.18",
        "stars": "4.5",
        "ratings": "24 ",
        "img": "",
        "tags": [
            [
                "Classic Kids' Books",
                "/browse/books/classic-kids-books/3920_582053_1106632"
            ],
            [
                "Children's Books Top 100",
                "/browse/books/childrens-books-top-100/3920_1057224_1568396"
            ],
            [
                "Preschool to Kindergarten Back to School Books",
                "/browse/books/preschool-to-kindergarten-back-to-school-books/3920_8955258_1893215"
            ],
            [
                "General Learning Concept Kids' Books",
                "/browse/books/general-learning-concept-kids-books/3920_582053_6630876_4154909"
            ],
            [
                "Read Across America",
                "/browse/books/read-across-america/3920_582053_5445825"
            ],
            [
                "Bedtime & Dreams Kids' Books",
                "/browse/books/bedtime-dreams-kids-books/3920_582053_7198550"
            ],
            [
                "Sign Language Kids' Books",
                "/browse/books/sign-language-kids-books/3920_582053_8452860_9667682"
            ],
            [
                "Dr. Seuss",
                "/browse/books/dr-seuss/3920_582053_9858324"
            ]
        ]
    },
    {
        "title": "Brain Quest Workbook: Grade 2",
        "url": "https://www.walmart.com/ip/Brain-Quest-Workbook-Grade-2-9780761149156/8151699",
        "price": "$6.91",
        "stars": "4.8",
        "ratings": "34 ",
        "img": "",
        "tags": [
            [
                "Vocabulary & Spelling Kids' Books",
                "/browse/books/vocabulary-spelling-kids-books/3920_582053_8452860_2490357"
            ],
            [
                "General Language Arts Kids' Books",
                "/browse/books/general-language-arts-kids-books/3920_582053_8452860_3648587"
            ],
            [
                "General Mathematics Kids' Books",
                "/browse/books/general-mathematics-kids-books/3920_582053_3294468_4136474"
            ],
            [
                "School & Education Kids' Books",
                "/browse/books/school-education-kids-books/3920_582053_4673607"
            ],
            [
                "Questions & Answers Kids' Books",
                "/browse/books/questions-answers-kids-books/3920_582053_6972438_5870533"
            ],
            [
                "Reading & Phonics Education Books",
                "/browse/books/reading-phonics-education-books/3920_4284269_9727618_6753644"
            ],
            [
                "Study Aids & Workbooks for Kids",
                "/browse/books/study-aids-workbooks-for-kids/3920_582053_6940373"
            ],
            [
                "Summer Reading Workbooks",
                "/browse/books/summer-reading-workbooks/3920_6726310_9075247"
            ]
        ]
    },
    {
        "title": "Dragonwatch: Champion of the Titan Games, Volume 4 (Series #4) (Hardcover)",
        "url": "https://www.walmart.com/ip/Dragonwatch-Champion-of-the-Titan-Games-Volume-4-Series-4-Hardcover-9781629727882/926482433",
        "price": "$13.98",
        "stars": 0,
        "ratings": 0,
        "img": "",
        "tags": [
            [
                "Creepy Teen Titles",
                "/browse/books/creepy-teen-titles/3920_4640285_1648404"
            ],
            [
                "Dragons, Unicorns & Mythical Creatures Kids' Books",
                "/browse/books/dragons-unicorns-mythical-creatures-kids-books/3920_582053_584177_2122790"
            ],
            [
                "School & Education Kids' Books",
                "/browse/books/school-education-kids-books/3920_582053_4673607"
            ],
            [
                "Funny Kids' Books",
                "/browse/books/funny-kids-books/3920_582053_582573"
            ],
            [
                "Friendship Kids' Books",
                "/browse/books/friendship-kids-books/3920_582053_585928_586161"
            ],
            [
                "Action & Adventure Kids' Books",
                "/browse/books/action-adventure-kids-books/3920_582053_586177"
            ],
            [
                "Harry Potter",
                "/browse/books/harry-potter/3920_582053_7559307"
            ],
            [
                "Percy Jackson Books",
                "/browse/books/percy-jackson-books/3920_582053_9483692"
            ]
        ]
    },
    {
        "title": "The Don't Laugh Challenge: 8 Year Old Edition (Paperback)",
        "url": "https://www.walmart.com/ip/The-Don-t-Laugh-Challenge-8-Year-Old-Edition-Paperback-9781951025175/915464445",
        "price": "$7.99",
        "stars": 0,
        "ratings": 0,
        "img": "",
        "tags": [
            [
                "Children's Books Top 100",
                "/browse/books/childrens-books-top-100/3920_1057224_1568396"
            ],
            [
                "Diary of a Wimpy Kid",
                "/browse/books/diary-of-a-wimpy-kid/3920_582053_4214513"
            ],
            [
                "Read Across America",
                "/browse/books/read-across-america/3920_582053_5445825"
            ],
            [
                "Cats Kids' Books",
                "/browse/books/cats-kids-books/3920_582053_584177_585915"
            ],
            [
                "Boys & Men Themed Kids' Books",
                "/browse/books/boys-men-themed-kids-books/3920_582053_585980"
            ],
            [
                "Pete the Cat Books",
                "/browse/books/pete-the-cat-books/3920_582053_8223069"
            ],
            [
                "Dr. Seuss",
                "/browse/books/dr-seuss/3920_582053_9858324"
            ]
        ]
    }
]