[
    {
        "title": "The Self Esteem Workbook for Women (Paperback)",
        "url": "https://www.walmart.com/ip/The-Self-Esteem-Workbook-for-Women-Paperback-9781641520133/246991296",
        "price": "$14.67",
        "stars": 0,
        "ratings": 0,
        "img": "",
        "tags": [
            [
                "Cognitive Psychology & Cognition Books",
                "/browse/books/cognitive-psychology-cognition-books/3920_2761424_3385531_2424973"
            ],
            [
                "Abuse Self-Help Books",
                "/browse/books/abuse-self-help-books/3920_5642757_4272716"
            ],
            [
                "Anxieties & Phobias Self-Help Books",
                "/browse/books/anxieties-phobias-self-help-books/3920_5642757_4582997"
            ],
            [
                "Spiritual Self-Help Books",
                "/browse/books/spiritual-self-help-books/3920_5642757_5131864"
            ],
            [
                "Meditations Self-Help Books",
                "/browse/books/meditations-self-help-books/3920_5642757_6027702"
            ],
            [
                "Self-Esteem",
                "/browse/books/self-esteem/3920_5642757_9479316_7187138"
            ],
            [
                "Codependency Self-Help Books",
                "/browse/books/codependency-self-help-books/3920_5642757_8770071"
            ],
            [
                "Psychology Kids' Books",
                "/browse/books/psychology-kids-books/3920_582053_7635784_9875985"
            ]
        ]
    },
    {
        "title": "Narrative of the Life of Frederick Douglass (Wisehouse Classics Edition) (Paperback)",
        "url": "https://www.walmart.com/ip/Narrative-of-the-Life-of-Frederick-Douglass-Wisehouse-Classics-Edition-Paperback-9789176370612/53668557",
        "price": "$8.26",
        "stars": "4.4",
        "ratings": "42 ",
        "img": "",
        "tags": [
            [
                "Slavery Books",
                "/browse/books/slavery-books/3920_2761424_8176770_2698525"
            ],
            [
                "Women's History Books",
                "/browse/books/womens-history-books/3920_582331_4548193"
            ],
            [
                "Southern State & Local United States History Books",
                "/browse/books/southern-state-local-united-states-history-books/3920_582331_583318_8751259_7485298"
            ],
            [
                "Political Biographies & Memoirs",
                "/browse/books/political-biographies-memoirs/3920_5196470_7578606"
            ],
            [
                "African American Studies Books",
                "/browse/books/african-american-studies-books/3920_2761424_8176770_6537532_8322809"
            ],
            [
                "MLB Books",
                "/browse/books/mlb-books/3920_8924365_8749248"
            ],
            [
                "History & Philosophy of Mathematics Books",
                "/browse/books/history-philosophy-of-mathematics-books/3920_9242904_9177868"
            ],
            [
                "Discrimination & Race Relations Books",
                "/browse/books/discrimination-race-relations-books/3920_2761424_8176770_9541682"
            ]
        ]
    },
    {
        "title": "Neurobiological Foundations for EMDR Practice (Paperback)",
        "url": "https://www.walmart.com/ip/Neurobiological-Foundations-for-EMDR-Practice-Paperback-9780826109378/16501001",
        "price": "$65.00",
        "stars": 0,
        "ratings": 0,
        "img": "",
        "tags": [
            [
                "Education & Training in Psychology Books",
                "/browse/books/education-training-in-psychology-books/3920_2761424_3385531_2755536"
            ],
            [
                "Compulsive Behavior Psychopathology Books",
                "/browse/books/compulsive-behavior-psychopathology-books/3920_2761424_3385531_6536134_3593637"
            ],
            [
                "Counseling Psychotherapy Books",
                "/browse/books/counseling-psychotherapy-books/3920_2761424_3385531_2318869_4223555"
            ],
            [
                "Neuroscience Books",
                "/browse/books/neuroscience-books/3920_3203859_4569824"
            ],
            [
                "Radiology, Radiotherapy & Nuclear Medicine Books",
                "/browse/books/radiology-radiotherapy-nuclear-medicine-books/3920_3203859_5160612"
            ],
            [
                "Social Science Research Books",
                "/browse/books/social-science-research-books/3920_2761424_8176770_5676289"
            ],
            [
                "Neurology Books",
                "/browse/books/neurology-books/3920_3203859_7904119"
            ],
            [
                "Internal Medicine Books",
                "/browse/books/internal-medicine-books/3920_3203859_7985748"
            ]
        ]
    },
    {
        "title": "Gender and American Culture: Made from This Earth: American Women and Nature (Paperback)",
        "url": "https://www.walmart.com/ip/Gender-and-American-Culture-Made-from-This-Earth-American-Women-and-Nature-Paperback-9780807843963/26668429",
        "price": "$45.32",
        "stars": 0,
        "ratings": 0,
        "img": "",
        "tags": [
            [
                "Archaeology Books",
                "/browse/books/archaeology-books/3920_2761424_8176770_1738817"
            ],
            [
                "General Political Books",
                "/browse/books/general-political-books/3920_5764957_2194732"
            ],
            [
                "General Anthropology Books",
                "/browse/books/general-anthropology-books/3920_2761424_8176770_9998889_2863743"
            ],
            [
                "General Psychotherapy Books",
                "/browse/books/general-psychotherapy-books/3920_2761424_3385531_2318869_3008400"
            ],
            [
                "Transpersonal Movement in Psychology Books",
                "/browse/books/transpersonal-movement-in-psychology-books/3920_2761424_3385531_5702953_4576003"
            ],
            [
                "Female Authors Literary Criticism Books",
                "/browse/books/female-authors-literary-criticism-books/3920_582105_8476958_5173619"
            ],
            [
                "Psychoanalysis Movement in Psychology Books",
                "/browse/books/psychoanalysis-movement-in-psychology-books/3920_2761424_3385531_5702953_6603399"
            ],
            [
                "General Technology & Engineering Books",
                "/browse/books/general-technology-engineering-books/3920_9842685_8901905_9885042"
            ]
        ]
    },
    {
        "title": "Llewellyn's World Religion & Magick: Celtic Myth & Magick: Harness the Power of the Gods & Goddesses (Paperback)",
        "url": "https://www.walmart.com/ip/Llewellyn-s-World-Religion-Magick-Celtic-Myth-Magick-Harness-the-Power-of-the-Gods-Goddesses-Paperback-9781567186611/570942",
        "price": "$23.92",
        "stars": "2.0",
        "ratings": "2 ",
        "img": "",
        "tags": []
    },
    {
        "title": "The Virus in the Age of Madness (Paperback)",
        "url": "https://www.walmart.com/ip/The-Virus-in-the-Age-of-Madness-Paperback-9780300257373/601276953",
        "price": "$12.94",
        "stars": 0,
        "ratings": 0,
        "img": "",
        "tags": [
            [
                "Terrorism Political Books",
                "/browse/books/terrorism-political-books/3920_5764957_3181715"
            ],
            [
                "20th Century Modern History Books",
                "/browse/books/20th-century-modern-history-books/3920_582331_583312_4386810"
            ],
            [
                "Security in Politics Books",
                "/browse/books/security-in-politics-books/3920_5764957_5404186"
            ],
            [
                "Fascism & Totalitarianism Political Ideologies Books",
                "/browse/books/fascism-totalitarianism-political-ideologies-books/3920_5764957_5916221_5743844"
            ],
            [
                "Human Resources & Personnel Management Books",
                "/browse/books/human-resources-personnel-management-books/3920_582349_6330339"
            ],
            [
                "Harvard Business Review",
                "/browse/books/harvard-business-review/3920_582349_8933101"
            ],
            [
                "Violence in Society Books",
                "/browse/books/violence-in-society-books/3920_2761424_8176770_9234325"
            ]
        ]
    },
    {
        "title": "The Diversity Delusion : How Race and Gender Pandering Corrupt the University and Undermine Our Culture",
        "url": "https://www.walmart.com/ip/The-Diversity-Delusion-How-Race-and-Gender-Pandering-Corrupt-the-University-and-Undermine-Our-Culture-9781250307774/769558659",
        "price": "$14.85",
        "stars": "5.0",
        "ratings": "1 ",
        "img": "",
        "tags": [
            [
                "Minority Studies Books",
                "/browse/books/minority-studies-books/3920_2761424_8176770_2180337"
            ],
            [
                "Politics",
                "/browse/books/politics/3920_4310685_4588002"
            ],
            [
                "African American History Books",
                "/browse/books/african-american-history-books/3920_582331_5685608"
            ],
            [
                "General Ethnic Studies Books",
                "/browse/books/general-ethnic-studies-books/3920_2761424_8176770_6537532_6141926"
            ],
            [
                "Essays",
                "/browse/books/essays/3920_4310685_7036347"
            ],
            [
                "Southern State & Local United States History Books",
                "/browse/books/southern-state-local-united-states-history-books/3920_582331_583318_8751259_7485298"
            ],
            [
                "African American Studies Books",
                "/browse/books/african-american-studies-books/3920_2761424_8176770_6537532_8322809"
            ]
        ]
    },
    {
        "title": "Spirits from the Edge of the World: Classical shamanism in Ulchi Society (Paperback)",
        "url": "https://www.walmart.com/ip/Spirits-from-the-Edge-of-the-World-Classical-shamanism-in-Ulchi-Society-Paperback-9780692104293/775974501",
        "price": "$35.14",
        "stars": 0,
        "ratings": 0,
        "img": "",
        "tags": [
            [
                "General Sociology Books",
                "/browse/books/general-sociology-books/3920_2761424_8176770_7590238_3728019"
            ],
            [
                "Evolution Life Science Books",
                "/browse/books/evolution-life-science-books/3920_8529612_1841429_1678456_4103014"
            ],
            [
                "Urban Sociology Books",
                "/browse/books/urban-sociology-books/3920_2761424_8176770_7590238_4383719"
            ],
            [
                "Southern State & Local United States History Books",
                "/browse/books/southern-state-local-united-states-history-books/3920_582331_583318_8751259_7485298"
            ],
            [
                "Saints & Sainthood",
                "/browse/books/saints-sainthood/3920_1987289_582374_2763255_7772480"
            ],
            [
                "Middle Atlantic State & Local United States History Books",
                "/browse/books/middle-atlantic-state-local-united-states-history-books/3920_582331_583318_8751259_8598542"
            ],
            [
                "Running & Jogging Books",
                "/browse/books/running-jogging-books/3920_8924365_9797615"
            ]
        ]
    },
    {
        "title": "John Hope Franklin Series in African American History and Culture (Paperback): Right to Ride: Streetcar Boycotts and African American Citizenship in the Era of Plessy v. Ferguson (Paperback)",
        "url": "https://www.walmart.com/ip/Franklin-Ferguson-American-Paperback-John-Right-History-Streetcar-Paperback-Plessy-Ride-Boycotts-Culture-Citizenship-African-Series-Era-v-Hope-9780807871010/12552482",
        "price": "$31.62",
        "stars": 0,
        "ratings": 0,
        "img": "",
        "tags": [
            [
                "Black Studies Books",
                "/browse/books/black-studies-books/3920_2761424_8176770_1255947"
            ],
            [
                "Civil Rights Law Books",
                "/browse/books/civil-rights-law-books/3920_1952589_3227972"
            ],
            [
                "African American History Books",
                "/browse/books/african-american-history-books/3920_582331_5685608"
            ],
            [
                "Fascism & Totalitarianism Political Ideologies Books",
                "/browse/books/fascism-totalitarianism-political-ideologies-books/3920_5764957_5916221_5743844"
            ],
            [
                "Democracy Political Ideology Books",
                "/browse/books/democracy-political-ideology-books/3920_5764957_5916221_6491413"
            ],
            [
                "African American Studies Books",
                "/browse/books/african-american-studies-books/3920_2761424_8176770_6537532_8322809"
            ],
            [
                "Violence in Society Books",
                "/browse/books/violence-in-society-books/3920_2761424_8176770_9234325"
            ],
            [
                "Discrimination & Race Relations Books",
                "/browse/books/discrimination-race-relations-books/3920_2761424_8176770_9541682"
            ]
        ]
    },
    {
        "title": "African American Life: Pan Africanism in the African Diaspora : An Analysis of Modern Afrocentric Political Movements (Revised) (Edition 2) (Paperback)",
        "url": "https://www.walmart.com/ip/African-American-Life-Pan-Africanism-Diaspora-An-Analysis-Modern-Afrocentric-Political-Movements-Revised-Edition-2-Paperback-9780814321850/2694614",
        "price": "$31.51",
        "stars": 0,
        "ratings": 0,
        "img": "",
        "tags": [
            [
                "Philosophy, Theory & Social Aspects of Education Books",
                "/browse/books/philosophy-theory-social-aspects-of-education-books/3920_4284269_1536834"
            ],
            [
                "Food & Beverage History Books",
                "/browse/books/food-beverage-history-books/3920_3036003_2468891"
            ],
            [
                "Slavery Books",
                "/browse/books/slavery-books/3920_2761424_8176770_2698525"
            ],
            [
                "African American History Books",
                "/browse/books/african-american-history-books/3920_582331_5685608"
            ],
            [
                "General United States History Books",
                "/browse/books/general-united-states-history-books/3920_582331_583318_6419794"
            ],
            [
                "Cultural Heritage Biographies & Memoirs",
                "/browse/books/cultural-heritage-biographies-memoirs/3920_5196470_8577664"
            ],
            [
                "Women's History Month Nonfiction",
                "/browse/books/womens-history-month-nonfiction/3920_4883891_9043460"
            ],
            [
                "Discrimination & Race Relations Books",
                "/browse/books/discrimination-race-relations-books/3920_2761424_8176770_9541682"
            ]
        ]
    }
]