[
    {
        "title": "Ash vs. Evil Dead: Season 3 (DVD)",
        "url": "https://www.walmart.com/ip/Ash-vs-Evil-Dead-Season-3-DVD/546678410",
        "price": "$19.33",
        "stars": "5.0",
        "ratings": "1 ",
        "img": "",
        "tags": [
            [
                "All 4K Ultra HD Movies",
                "/browse/movies-tv-shows/all-4k-ultra-hd-movies/4096_3315790_1172214"
            ],
            [
                "All Mystery & Suspense",
                "/browse/movies-tv-shows/all-mystery-suspense/4096_530598_530711_3034275"
            ],
            [
                "Supernatural Horror Movies",
                "/browse/movies-tv-shows/supernatural-horror-movies/4096_530598_530709_531537"
            ],
            [
                "All Sci-Fi & Fantasy",
                "/browse/movies-tv-shows/all-sci-fi-fantasy/4096_530598_530715_531581"
            ],
            [
                "New Release Movies",
                "/browse/new-release-movies/4096_6942910"
            ],
            [
                "Action & Adventure 4K Ultra HD Movies",
                "/browse/movies-tv-shows/action-adventure-4k-ultra-hd-movies/4096_3315790_7246133"
            ],
            [
                "Instawatch Horror Movies",
                "/browse/movies-tv-shows/instawatch-horror-movies/4096_1228693_7281735"
            ],
            [
                "Instawatch Movies",
                "/browse/movies-tv-shows/instawatch-movies/4096_1228693_9986038"
            ]
        ]
    },
    {
        "title": "The New York Big Band Concert (DVD)",
        "url": "https://www.walmart.com/ip/The-New-York-Big-Band-Concert-DVD/1079809",
        "price": "$24.73",
        "stars": 0,
        "ratings": 0,
        "img": "",
        "tags": [
            [
                "All Anime & Animation",
                "/browse/movies-tv-shows/all-anime-animation/4096_530598_530699_3849438"
            ],
            [
                "Animated Drama Movies",
                "/browse/movies-tv-shows/animated-drama-movies/4096_530598_530699_531380"
            ],
            [
                "Family Drama Movies",
                "/browse/movies-tv-shows/family-drama-movies/4096_530598_530701_531398"
            ],
            [
                "Romantic Comedy",
                "/browse/movies-tv-shows/romantic-comedy/4096_530598_530703_532436"
            ],
            [
                "All Action & Adventure",
                "/browse/movies-tv-shows/all-action-adventure/4096_530598_530698_8354524"
            ],
            [
                "All Comedy",
                "/browse/movies-tv-shows/all-comedy/4096_530598_530703_8423591"
            ],
            [
                "Instawatch Movies",
                "/browse/movies-tv-shows/instawatch-movies/4096_1228693_9986038"
            ]
        ]
    },
    {
        "title": "Black Notebooks: The Black Paper Journal : College Ruled - 6x9 Black Paper Notebook (Series #1) (Paperback)",
        "url": "https://www.walmart.com/ip/Black-Notebooks-The-Black-Paper-Journal-College-Ruled-6x9-Black-Paper-Notebook-Series-1-Paperback-9781086920574/949327290",
        "price": "$12.95",
        "stars": 0,
        "ratings": 0,
        "img": "",
        "tags": [
            [
                "Customs & Traditions Books",
                "/browse/books/customs-traditions-books/3920_2761424_8176770_2621611"
            ],
            [
                "Japanese History Books",
                "/browse/books/japanese-history-books/3920_582331_583304_4024782"
            ],
            [
                "Literary Collections - Letters",
                "/browse/books/literary-collections-letters/3920_582105_1393947_5282961"
            ],
            [
                "Japanese Literary Criticism Books",
                "/browse/books/japanese-literary-criticism-books/3920_582105_8476958_3685415_5409710"
            ],
            [
                "Asian Drama Books",
                "/browse/books/asian-drama-books/3920_582105_583292_6458439"
            ],
            [
                "Drawing Kids' Books",
                "/browse/books/drawing-kids-books/3920_582053_582564_6698366"
            ],
            [
                "Japanese Poetry Books",
                "/browse/books/japanese-poetry-books/3920_582105_9408377_6316485_9592371"
            ]
        ]
    },
    {
        "title": "Dover Pictorial Archives: Godey's Fashions Coloring Book (Paperback)",
        "url": "https://www.walmart.com/ip/Dover-Pictorial-Archives-Godey-s-Fashions-Coloring-Book-Paperback-9780486439983/3501001",
        "price": "$7.33",
        "stars": 0,
        "ratings": 0,
        "img": "",
        "tags": [
            [
                "Fashion Crafts & Hobbies Books",
                "/browse/books/fashion-crafts-hobbies-books/3920_582361_3491407"
            ],
            [
                "General American Art Books",
                "/browse/books/general-american-art-books/3920_582321_6907922_2291955_6406520"
            ],
            [
                "Mindfulness & Meditation",
                "/browse/books/mindfulness-meditation/3920_1987289_5383544_6429422"
            ],
            [
                "Fashion Kids' Books",
                "/browse/books/fashion-kids-books/3920_582053_582564_8875897"
            ],
            [
                "Fashion & Accessories Design Books",
                "/browse/books/fashion-accessories-design-books/3920_582321_9365291_9285205"
            ],
            [
                "Origami Crafts & Hobbies Books",
                "/browse/books/origami-crafts-hobbies-books/3920_582361_9574357"
            ],
            [
                "General Crafts & Hobbies Books",
                "/browse/books/general-crafts-hobbies-books/3920_582361_9762077"
            ]
        ]
    },
    {
        "title": "Color Mixing Recipes: 1,500 Color Mixing Recipes for Oil, Acrylic & Watercolor: Achieve Precise Color When Painting Landscapes, Portraits, Still Lifes, and More (Hardcover)",
        "url": "https://www.walmart.com/ip/Color-Mixing-Recipes-1-500-Recipes-Oil-Acrylic-Watercolor-Achieve-Precise-When-Painting-Landscapes-Portraits-Still-Lifes-More-Hardcover-9781600582837/17334177",
        "price": "$19.99",
        "stars": "4.6",
        "ratings": "5 ",
        "img": "",
        "tags": [
            [
                "Watercolor Painting Books",
                "/browse/books/watercolor-painting-books/3920_582321_6907922_9561236_2236238"
            ],
            [
                "Portraits Art Books",
                "/browse/books/portraits-art-books/3920_582321_6907922_9682242_4236923"
            ],
            [
                "Painting Crafts & Hobbies Books",
                "/browse/books/painting-crafts-hobbies-books/3920_582361_5456840"
            ],
            [
                "Landscapes & Seascapes Art Books",
                "/browse/books/landscapes-seascapes-art-books/3920_582321_6907922_9682242_6204099"
            ],
            [
                "Oil Painting Books",
                "/browse/books/oil-painting-books/3920_582321_6907922_9561236_6323554"
            ],
            [
                "Painting Books",
                "/browse/books/painting-books/3920_582321_6907922_9561236_8457553"
            ],
            [
                "Color Theory Art Books",
                "/browse/books/color-theory-art-books/3920_582321_6907922_8605063"
            ],
            [
                "Coloring Books",
                "/browse/books/coloring-books/3920_582321_6907922_9561236_9744706"
            ]
        ]
    },
    {
        "title": "The Legend of Korra: The Art of the Animated Series Book One - Air",
        "url": "https://www.walmart.com/ip/The-Legend-of-Korra-The-Art-of-the-Animated-Series-Book-One-Air-9781616551681/23590187",
        "price": "$28.80",
        "stars": "5.0",
        "ratings": "1 ",
        "img": "i5.walmartimages.com/asr/798bbb42-131d-4a37-9da5-013f99b05880_1.bda8449fbae7e68a5767565ef29672f3.jpeg?odnWidth=612&odnHeight=612&odnBg=ffffff",
        "tags": [
            [
                "General Comic Books & Graphic Novels",
                "/browse/books/general-comic-books-graphic-novels/3920_1095293_1095297"
            ],
            [
                "Tarot Cards & Books",
                "/browse/books/tarot-cards-books/3920_1987289_1946456"
            ],
            [
                "Comic-Con Books",
                "/browse/comic-con-books/3920_2196908"
            ],
            [
                "Video Game Books",
                "/browse/books/video-game-books/3920_582361_9999446_3653413"
            ],
            [
                "Film & Video Art Books",
                "/browse/books/film-video-art-books/3920_582321_6907922_5014923"
            ],
            [
                "Individual Artists Art Books",
                "/browse/books/individual-artists-art-books/3920_582321_6907922_5158962"
            ],
            [
                "Prints Art Books",
                "/browse/books/prints-art-books/3920_582321_6907922_5218431"
            ],
            [
                "Science Fiction & Fantasy Film Books",
                "/browse/books/science-fiction-fantasy-film-books/3920_582321_6572320_5808584_5445179"
            ]
        ]
    },
    {
        "title": "Alfred's Premier Piano Course: Premier Piano Course Lesson Book, Bk 1a: Book & CD (Other)",
        "url": "https://www.walmart.com/ip/Alfred-s-Premier-Piano-Course-Premier-Piano-Course-Lesson-Book-Bk-1a-Book-CD-Other-9780739023570/6069846",
        "price": "$9.80",
        "stars": "5.0",
        "ratings": "1 ",
        "img": "",
        "tags": [
            [
                "Orchestral Strings",
                "/browse/musical-instruments/orchestral-strings/7796869_3983498_3933845_1097967"
            ],
            [
                "All Woodwind Instruments",
                "/browse/musical-instruments/all-woodwind-instruments/7796869_3983498_9087652_1141074"
            ],
            [
                "Basic Violins",
                "/browse/musical-instruments/basic-violins/7796869_3983498_3933845_7826142_1336625"
            ],
            [
                "All Musical Instrument Accessories",
                "/browse/musical-instruments/all-musical-instrument-accessories/7796869_6171829_3297174"
            ],
            [
                "Guitar Pickups",
                "/browse/musical-instruments/guitar-pickups/7796869_6171829_6548527_4923424"
            ],
            [
                "Pianos",
                "/browse/musical-instruments/pianos/7796869_7773339_5652647"
            ],
            [
                "Shop Piano Keyboards by Size",
                "/browse/musical-instruments/shop-piano-keyboards-by-size/7796869_1128453_3376388_6600975"
            ]
        ]
    },
    {
        "title": "The Durrells in Corfu: The Complete Fourth Season (Masterpiece) (DVD)",
        "url": "https://www.walmart.com/ip/The-Durrells-in-Corfu-The-Complete-Fourth-Season-Masterpiece-DVD/801819988",
        "price": "$25.99",
        "stars": 0,
        "ratings": 0,
        "img": "",
        "tags": [
            [
                "General Canadian History Books",
                "/browse/books/general-canadian-history-books/3920_582331_4272206_1405698"
            ],
            [
                "TV Reference Books",
                "/browse/books/tv-reference-books/3920_582321_6572320_6482205_3620703"
            ],
            [
                "Curiosities & Wonders Books",
                "/browse/books/curiosities-wonders-books/3920_3943378_5263191"
            ],
            [
                "TV Science Fiction, Fantasy & Horror Books",
                "/browse/books/tv-science-fiction-fantasy-horror-books/3920_582321_6572320_6482205_6036317"
            ],
            [
                "General Biographies & Memoirs",
                "/browse/books/general-biographies-memoirs/3920_5196470_6094313"
            ],
            [
                "Cozy Mystery Books",
                "/browse/books/cozy-mystery-books/3920_582105_9435716_586706_3971473_6761658"
            ],
            [
                "General Film Books",
                "/browse/books/general-film-books/3920_582321_6572320_5808584_9766285"
            ],
            [
                "TV History & Criticism Books",
                "/browse/books/tv-history-criticism-books/3920_582321_6572320_6482205_9807057"
            ]
        ]
    },
    {
        "title": "Nightfall Coloring Book: Originally Published in Sweden as Skymningstimman (Hardcover)",
        "url": "https://www.walmart.com/ip/Nightfall-Coloring-Book-Originally-Published-in-Sweden-as-Skymningstimman-Hardcover-9781423649168/558229533",
        "price": "$13.79",
        "stars": 0,
        "ratings": 0,
        "img": "",
        "tags": [
            [
                "Pencil Drawing Books",
                "/browse/books/pencil-drawing-books/3920_582321_6907922_9561236_2232958"
            ],
            [
                "General Art Books",
                "/browse/books/general-art-books/3920_582321_6907922_2804335"
            ],
            [
                "Clip Art Books",
                "/browse/books/clip-art-books/3920_582321_9365291_3349175"
            ],
            [
                "Mother's Day Crafts & Hobbies Books",
                "/browse/books/mothers-day-crafts-hobbies-books/3920_7458265_3551722"
            ],
            [
                "Advertising Graphic Art Books",
                "/browse/books/advertising-graphic-art-books/3920_582321_9365291_2572982_3992336"
            ],
            [
                "Typography Books",
                "/browse/books/typography-books/3920_582321_9365291_2572982_8059376"
            ],
            [
                "Drawing Books",
                "/browse/books/drawing-books/3920_582321_6907922_9561236_8554153"
            ],
            [
                "General Crafts & Hobbies Books",
                "/browse/books/general-crafts-hobbies-books/3920_582361_9762077"
            ]
        ]
    },
    {
        "title": "Thomas Kinkade Special Collector's Edition 2021 Deluxe Wall Calendar : Reflections",
        "url": "https://www.walmart.com/ip/Thomas-Kinkade-Special-Collector-s-Edition-2021-Deluxe-Wall-Calendar-Reflections-9781524856045/166464472",
        "price": "$17.09",
        "stars": 0,
        "ratings": 0,
        "img": "",
        "tags": [
            [
                "Plants & Animals Art Books",
                "/browse/books/plants-animals-art-books/3920_582321_6907922_9682242_1331853"
            ],
            [
                "European Art Books",
                "/browse/books/european-art-books/3920_582321_6907922_4378258"
            ],
            [
                "Prints Art Books",
                "/browse/books/prints-art-books/3920_582321_6907922_5218431"
            ],
            [
                "Religious Art Books",
                "/browse/books/religious-art-books/3920_582321_6907922_9682242_5982485"
            ],
            [
                "Landscapes & Seascapes Art Books",
                "/browse/books/landscapes-seascapes-art-books/3920_582321_6907922_9682242_6204099"
            ],
            [
                "Folk & Outsider Art Books",
                "/browse/books/folk-outsider-art-books/3920_582321_6907922_7290665"
            ],
            [
                "Popular Culture Art Books",
                "/browse/books/popular-culture-art-books/3920_582321_6907922_7436890"
            ],
            [
                "Artists, Architects & Photographers Biographies & Memoirs",
                "/browse/books/artists-architects-photographers-biographies-memoirs/3920_5196470_8238806"
            ]
        ]
    }
]