[
    {
        "title": "New Testament (Large Print) : King James Version (Paperback)",
        "url": "https://www.walmart.com/ip/New-Testament-Large-Print-King-James-Version-Paperback-9781653786770/338011801",
        "price": "$19.95",
        "stars": "5.0",
        "ratings": "1 ",
        "img": "",
        "tags": []
    },
    {
        "title": "Tarot of the Divine : A Deck and Guidebook Inspired by Deities, Folklore, and Fairy Tales from Around the World",
        "url": "https://www.walmart.com/ip/Tarot-of-the-Divine-A-Deck-and-Guidebook-Inspired-by-Deities-Folklore-and-Fairy-Tales-from-Around-the-World-9780593135143/768319139",
        "price": "$17.99",
        "stars": "5.0",
        "ratings": "1 ",
        "img": "",
        "tags": [
            [
                "Astrology",
                "/browse/books/astrology/3920_1987289_5383544_2972093"
            ],
            [
                "New Thought",
                "/browse/books/new-thought/3920_1987289_5383544_3156130"
            ],
            [
                "Fortune Telling",
                "/browse/books/fortune-telling/3920_1987289_5383544_3227710_3826175"
            ],
            [
                "General Self-Help Books",
                "/browse/books/general-self-help-books/3920_5642757_4404259"
            ],
            [
                "Motivational & Inspirational Self-Help Books",
                "/browse/books/motivational-inspirational-self-help-books/3920_5642757_5080634"
            ],
            [
                "Mysticism",
                "/browse/books/mysticism/3920_1987289_5383544_6729519"
            ],
            [
                "Gaia & Earth Engeries",
                "/browse/books/gaia-earth-engeries/3920_1987289_5383544_7222079"
            ],
            [
                "Angels & Spirit Guides",
                "/browse/books/angels-spirit-guides/3920_1987289_5383544_8555100"
            ]
        ]
    },
    {
        "title": "Devocional el campo de batalla de la mente : 100 consejos que cambiar\u00e1n su manera de pensar",
        "url": "https://www.walmart.com/ip/Devocional-el-campo-de-batalla-de-la-mente-100-consejos-que-cambiar-n-su-manera-de-pensar-9781455541027/52704172",
        "price": "$5.99",
        "stars": 0,
        "ratings": 0,
        "img": "",
        "tags": []
    },
    {
        "title": "NKJV, Deluxe Reference Bible, Super Giant Print, Imitation Leather, Blue, Red Letter Edition, Comfort Print (Other)(Large Print)",
        "url": "https://www.walmart.com/ip/NKJV-Deluxe-Reference-Bible-Super-Giant-Print-Imitation-Leather-Blue-Red-Letter-Edition-Comfort-Print-Other-Large-Print-9780785218050/840598282",
        "price": "$31.99",
        "stars": "3.8",
        "ratings": "4 ",
        "img": "",
        "tags": [
            [
                "Spiritual Growth",
                "/browse/books/spiritual-growth/3920_1987289_582374_8324310_1480379"
            ],
            [
                "History & Culture",
                "/browse/books/history-culture/3920_1987289_582374_2718157_3850035"
            ],
            [
                "Inspirational",
                "/browse/books/inspirational/3920_1987289_582055_5087571"
            ],
            [
                "Pentecostal & Charismatic",
                "/browse/books/pentecostal-charismatic/3920_1987289_582374_2763255_7393881"
            ],
            [
                "New International Version",
                "/browse/books/new-international-version/3920_1987289_582374_9735184_7744007"
            ],
            [
                "King James Version",
                "/browse/books/king-james-version/3920_1987289_582374_9735184_8736310"
            ],
            [
                "Coloring Books",
                "/browse/books/coloring-books/3920_582321_6907922_9561236_9744706"
            ],
            [
                "New Living Translation",
                "/browse/books/new-living-translation/3920_1987289_582374_9735184_9984392"
            ]
        ]
    },
    {
        "title": "Faith, Family & the Feast: Recipes to Feed Your Crew from the Grill, Garden, and Iron Skillet (Hardcover)",
        "url": "https://www.walmart.com/ip/Faith-Family-the-Feast-Recipes-to-Feed-Your-Crew-from-the-Grill-Garden-and-Iron-Skillet-Hardcover/929894348",
        "price": "$17.12",
        "stars": "5.0",
        "ratings": "3 ",
        "img": "i5.walmartimages.com/asr/13c64483-794c-481d-87ac-5aecd1c3b464_4.9a158a5c5a522f5d4ebf6cd42c3186ff.jpeg?odnWidth=612&odnHeight=612&odnBg=ffffff",
        "tags": [
            [
                "Outdoor Cooking Books",
                "/browse/books/outdoor-cooking-books/3920_3036003_6677130_2445355"
            ],
            [
                "Relationships",
                "/browse/books/relationships/3920_1987289_582374_8324310_5044877"
            ],
            [
                "Dating",
                "/browse/books/dating/3920_5642757_6055772_5221030"
            ],
            [
                "Marriage & Long-Term Relationships",
                "/browse/books/marriage-long-term-relationships/3920_5642757_6055772_6969997"
            ],
            [
                "Prayer",
                "/browse/books/prayer/3920_1987289_582374_8324310_7735167"
            ],
            [
                "Personal Growth",
                "/browse/books/personal-growth/3920_1987289_582374_8324310_8811610"
            ],
            [
                "Love & Marriage",
                "/browse/books/love-marriage/3920_1987289_582374_8324310_9552786"
            ],
            [
                "Women's Issues",
                "/browse/books/womens-issues/3920_1987289_582374_8324310_9563912"
            ]
        ]
    },
    {
        "title": "KJV Kids Outreach Bible",
        "url": "https://www.walmart.com/ip/KJV-Kids-Outreach-Bible-9781619709676/780418141",
        "price": "$3.95",
        "stars": "1.0",
        "ratings": "1 ",
        "img": "i5.walmartimages.com/asr/8620b1fe-4f7a-4485-811c-456cfa79dc07_1.41d5e18bd195cd8ac7c86b9e153db5bf.jpeg?odnWidth=612&odnHeight=612&odnBg=ffffff",
        "tags": [
            [
                "Children & Youth",
                "/browse/books/children-youth/3920_1987289_582374_4864457_1591940"
            ],
            [
                "Biblical Study Books for Kids",
                "/browse/books/biblical-study-books-for-kids/3920_582053_582578_2209739"
            ],
            [
                "English Standard Version",
                "/browse/books/english-standard-version/3920_1987289_582374_9735184_5430072"
            ],
            [
                "New International Version",
                "/browse/books/new-international-version/3920_1987289_582374_9735184_7744007"
            ],
            [
                "Beginner Reading Kids' Books",
                "/browse/books/beginner-reading-kids-books/3920_582053_1106635_8429344"
            ],
            [
                "Children",
                "/browse/books/children/3920_1987289_582374_8889295_9135970"
            ]
        ]
    },
    {
        "title": "Cozy White Cottage : 100 Ways to Love the Feeling of Being Home (Hardcover)",
        "url": "https://www.walmart.com/ip/Cozy-White-Cottage-100-Ways-to-Love-the-Feeling-of-Being-Home-Hardcover-9781400315321/594108268",
        "price": "$18.54",
        "stars": "4.8",
        "ratings": "4 ",
        "img": "",
        "tags": [
            [
                "Mixed Media Art Books",
                "/browse/books/mixed-media-art-books/3920_582321_6907922_2399787"
            ],
            [
                "Container",
                "/browse/books/container/3920_5611252_5369561_3725006"
            ],
            [
                "House Plants & Indoor",
                "/browse/books/house-plants-indoor/3920_5611252_5369561_4605236"
            ],
            [
                "Fiber Arts & Textiles Crafts & Hobbies Books",
                "/browse/books/fiber-arts-textiles-crafts-hobbies-books/3920_582361_5974549"
            ],
            [
                "Design & Construction",
                "/browse/books/design-construction/3920_5611252_1505656_7352446"
            ],
            [
                "Remodeling & Renovation Books",
                "/browse/books/remodeling-renovation-books/3920_5611252_1505656_7443465"
            ],
            [
                "Interior Design Books",
                "/browse/books/interior-design-books/3920_582321_4942684_8264580"
            ],
            [
                "Decorating",
                "/browse/books/decorating/3920_5611252_1505656_9253864"
            ]
        ]
    },
    {
        "title": "Spiral Journal W/ Elastic All Things (Other)",
        "url": "https://www.walmart.com/ip/Spiral-Journal-W-Elastic-All-Things-Other-9781642724141/499328600",
        "price": "$9.99",
        "stars": "5.0",
        "ratings": "1 ",
        "img": "",
        "tags": []
    },
    {
        "title": "Infiltration (Hardcover)",
        "url": "https://www.walmart.com/ip/Infiltration-Hardcover-9781622828463/481663628",
        "price": "$19.85",
        "stars": "5.0",
        "ratings": "1 ",
        "img": "i5.walmartimages.com/asr/760118f0-5034-4c86-865c-403a066adada_1.308406c9fc18c349cc67daf06cc83f87.jpeg?odnWidth=612&odnHeight=612&odnBg=ffffff",
        "tags": [
            [
                "New American Bible",
                "/browse/books/new-american-bible/3920_1987289_582374_9735184_2108871"
            ],
            [
                "Devotional",
                "/browse/books/devotional/3920_1987289_582055_4843264"
            ],
            [
                "Inspirational",
                "/browse/books/inspirational/3920_1987289_582055_5087571"
            ],
            [
                "Worship & Liturgy",
                "/browse/books/worship-liturgy/3920_1987289_582374_3662773_7625143"
            ],
            [
                "Meditations",
                "/browse/books/meditations/3920_1987289_582055_7627073"
            ],
            [
                "Prayer",
                "/browse/books/prayer/3920_1987289_582374_8324310_7735167"
            ],
            [
                "Sacraments",
                "/browse/books/sacraments/3920_1987289_582374_3662773_8094108"
            ],
            [
                "New Revised Standard Version",
                "/browse/books/new-revised-standard-version/3920_1987289_582374_9735184_9755342"
            ]
        ]
    },
    {
        "title": "Inspire Catholic Bible NLT Large Print (Leatherlike, Pink Fields with Rose Gold) : The Bible for Coloring & Creative Journaling (Hardcover)",
        "url": "https://www.walmart.com/ip/Inspire-Catholic-Bible-NLT-Large-Print-Leatherlike-Pink-Fields-with-Rose-Gold-The-Bible-for-Coloring-Creative-Journaling-Hardcover-9781496446831/475816902",
        "price": "$52.47",
        "stars": 0,
        "ratings": 0,
        "img": "",
        "tags": []
    }
]