[
    {
        "title": "The Color of Money (Paperback)",
        "url": "https://www.walmart.com/ip/The-Color-of-Money-Paperback-9780674237476/553272314",
        "price": "$14.30",
        "stars": 0,
        "ratings": 0,
        "img": "i5.walmartimages.com/asr/56fb90b7-3a5c-4851-95e0-67aa25c625a9_1.6b22ea25f027376471b529e84675ea05.jpeg?odnWidth=612&odnHeight=612&odnBg=ffffff",
        "tags": [
            [
                "Slavery Books",
                "/browse/books/slavery-books/3920_2761424_8176770_2698525"
            ],
            [
                "Women's History Books",
                "/browse/books/womens-history-books/3920_582331_4548193"
            ],
            [
                "Southern State & Local United States History Books",
                "/browse/books/southern-state-local-united-states-history-books/3920_582331_583318_8751259_7485298"
            ],
            [
                "African American Studies Books",
                "/browse/books/african-american-studies-books/3920_2761424_8176770_6537532_8322809"
            ],
            [
                "MLB Books",
                "/browse/books/mlb-books/3920_8924365_8749248"
            ],
            [
                "Economic History Books",
                "/browse/books/economic-history-books/3920_582349_9157786"
            ],
            [
                "Discrimination & Race Relations Books",
                "/browse/books/discrimination-race-relations-books/3920_2761424_8176770_9541682"
            ],
            [
                "Banks & Banking Books",
                "/browse/books/banks-banking-books/3920_582349_9783809"
            ]
        ]
    },
    {
        "title": "The Untold History of Sonora Pass and Its People : 1860 to 1960 (Hardcover)",
        "url": "https://www.walmart.com/ip/The-Untold-History-of-Sonora-Pass-and-Its-People-1860-to-1960-Hardcover-9780998691022/986020974",
        "price": "$49.00",
        "stars": 0,
        "ratings": 0,
        "img": "i5.walmartimages.com/asr/f72a47b0-9c0d-40a8-9fc2-cf03556f143c_1.04bb81019100e4418abdc4125e803050.jpeg?odnWidth=612&odnHeight=612&odnBg=ffffff",
        "tags": [
            [
                "Spain & Portugal History Books",
                "/browse/books/spain-portugal-history-books/3920_582331_583303_5040937"
            ],
            [
                "Action & Adventure Novels",
                "/browse/books/action-adventure-novels/3920_582105_9435716_583290"
            ],
            [
                "Western Novels",
                "/browse/books/western-novels/3920_582105_9435716_584309"
            ],
            [
                "General United States History Books",
                "/browse/books/general-united-states-history-books/3920_582331_583318_6419794"
            ],
            [
                "United States History Kids' Books",
                "/browse/books/united-states-history-kids-books/3920_582053_582572_7855693"
            ],
            [
                "Reference History Books",
                "/browse/books/reference-history-books/3920_582331_8908940"
            ]
        ]
    },
    {
        "title": "Leadership: In Turbulent Times (Paperback)(Large Print)",
        "url": "https://www.walmart.com/ip/Leadership-In-Turbulent-Times-Paperback-Large-Print-9781432869212/369316531",
        "price": "$15.89",
        "stars": 0,
        "ratings": 0,
        "img": "i5.walmartimages.com/asr/6f07cbdc-a4b6-4ce0-82d9-da08fc60ecde_2.8064ccd92e64b531e8f4df74a97da055.jpeg?odnWidth=612&odnHeight=612&odnBg=ffffff",
        "tags": [
            [
                "Revolutionary Period United States History Books",
                "/browse/books/revolutionary-period-united-states-history-books/3920_582331_583318_1871798"
            ],
            [
                "20th Century United States History Books",
                "/browse/books/20th-century-united-states-history-books/3920_582331_583318_2158164"
            ],
            [
                "Russian History Books",
                "/browse/books/russian-history-books/3920_582331_5270253"
            ],
            [
                "General United States History Books",
                "/browse/books/general-united-states-history-books/3920_582331_583318_6419794"
            ],
            [
                "Historical Biographies & Memoirs",
                "/browse/books/historical-biographies-memoirs/3920_5196470_6575803"
            ],
            [
                "Military Biographies & Memoirs",
                "/browse/books/military-biographies-memoirs/3920_5196470_6622707"
            ],
            [
                "Political Biographies & Memoirs",
                "/browse/books/political-biographies-memoirs/3920_5196470_7578606"
            ],
            [
                "Biographies & Memoirs",
                "/browse/books/biographies-memoirs/3920_9420011_9645853"
            ]
        ]
    },
    {
        "title": "Killing Lincoln : The Shocking Assassination That Changed America Forever",
        "url": "https://www.walmart.com/ip/Killing-Lincoln-The-Shocking-Assassination-That-Changed-America-Forever-9781594135545/20728332",
        "price": "$15.99",
        "stars": "3.8",
        "ratings": "74 ",
        "img": "",
        "tags": [
            [
                "Midwest State & Local United States History Books",
                "/browse/books/midwest-state-local-united-states-history-books/3920_582331_583318_8751259_2590618"
            ],
            [
                "Slavery Books",
                "/browse/books/slavery-books/3920_2761424_8176770_2698525"
            ],
            [
                "United States Military History Books",
                "/browse/books/united-states-military-history-books/3920_582331_583311_5218011"
            ],
            [
                "Constitutional Law Books",
                "/browse/books/constitutional-law-books/3920_1952589_6598556"
            ],
            [
                "General Military History Books",
                "/browse/books/general-military-history-books/3920_582331_583311_7107288"
            ],
            [
                "Constitution Political Books",
                "/browse/books/constitution-political-books/3920_5764957_8570013"
            ],
            [
                "Biographies & Memoirs",
                "/browse/books/biographies-memoirs/3920_9420011_9645853"
            ]
        ]
    },
    {
        "title": "Sword and Scimitar : Fourteen Centuries of War between Islam and the West",
        "url": "https://www.walmart.com/ip/Sword-and-Scimitar-Fourteen-Centuries-of-War-between-Islam-and-the-West-9780306825552/899703208",
        "price": "$21.06",
        "stars": "4.0",
        "ratings": "3 ",
        "img": "",
        "tags": [
            [
                "Creepy Teen Titles",
                "/browse/books/creepy-teen-titles/3920_4640285_1648404"
            ],
            [
                "Korea History Books",
                "/browse/books/korea-history-books/3920_582331_583304_1729441"
            ],
            [
                "Board Game Books",
                "/browse/books/board-game-books/3920_582361_9999446_1916675"
            ],
            [
                "Russian & Former Soviet Union Political Books",
                "/browse/books/russian-former-soviet-union-political-books/3920_5764957_4546754_2489014"
            ],
            [
                "General Fantasy Books",
                "/browse/books/general-fantasy-books/3920_582105_9435716_586163_586162_586689"
            ],
            [
                "19th Century United States History Books",
                "/browse/books/19th-century-united-states-history-books/3920_582331_583318_6384924"
            ],
            [
                "Native American History Books",
                "/browse/books/native-american-history-books/3920_582331_7283574"
            ]
        ]
    },
    {
        "title": "Race Against Time : A Reporter Reopens the Unsolved Murder Cases of the Civil Rights Era (Hardcover)",
        "url": "https://www.walmart.com/ip/Race-Against-Time-A-Reporter-Reopens-the-Unsolved-Murder-Cases-of-the-Civil-Rights-Era-Hardcover-9781451645132/987658855",
        "price": "$21.49",
        "stars": 0,
        "ratings": 0,
        "img": "",
        "tags": [
            [
                "Veterans Military History Books",
                "/browse/books/veterans-military-history-books/3920_582331_583311_3447880"
            ],
            [
                "Murder True Crime Books",
                "/browse/books/murder-true-crime-books/3920_6325322_4598389"
            ],
            [
                "United States Military History Books",
                "/browse/books/united-states-military-history-books/3920_582331_583311_5218011"
            ],
            [
                "General State & Local United States History Books",
                "/browse/books/general-state-local-united-states-history-books/3920_582331_583318_8751259_5282315"
            ],
            [
                "Regional Photography Books",
                "/browse/books/regional-photography-books/3920_582321_5674104_4153737_5673664"
            ],
            [
                "African American History Books",
                "/browse/books/african-american-history-books/3920_582331_5685608"
            ],
            [
                "Discrimination & Race Relations Books",
                "/browse/books/discrimination-race-relations-books/3920_2761424_8176770_9541682"
            ]
        ]
    },
    {
        "title": "Little Britches : Father and I Were Ranchers",
        "url": "https://www.walmart.com/ip/Little-Britches-Father-and-I-Were-Ranchers-9780803281783/323195",
        "price": "$13.33",
        "stars": "4.6",
        "ratings": "7 ",
        "img": "",
        "tags": [
            [
                "Presidents & Heads of State Biographies & Memoirs",
                "/browse/books/presidents-heads-of-state-biographies-memoirs/3920_5196470_1329554"
            ],
            [
                "Christology",
                "/browse/books/christology/3920_1987289_582374_9438566_3047431"
            ],
            [
                "20th Century Modern History Books",
                "/browse/books/20th-century-modern-history-books/3920_582331_583312_4386810"
            ],
            [
                "Russian History Books",
                "/browse/books/russian-history-books/3920_582331_5270253"
            ],
            [
                "Multigenerational Kids' Books",
                "/browse/books/multigenerational-kids-books/3920_582053_585918_586167"
            ],
            [
                "New Baby Kids' Books",
                "/browse/books/new-baby-kids-books/3920_582053_585918_586169"
            ],
            [
                "Baby - Age 2 Kids' Books",
                "/browse/books/baby-age-2-kids-books/3920_582053_593774"
            ]
        ]
    },
    {
        "title": "College Test Preparation: Princeton Review AP European History Prep, 2021 : 3 Practice Tests + Complete Content Review + Strategies & Techniques (Paperback)",
        "url": "https://www.walmart.com/ip/College-Test-Preparation-Princeton-Review-AP-European-History-Prep-2021-3-Practice-Tests-Complete-Content-Strategies-Techniques-Paperback-9780525569565/564866644",
        "price": "$16.41",
        "stars": 0,
        "ratings": 0,
        "img": "",
        "tags": [
            [
                "General Sales & Selling Books",
                "/browse/books/general-sales-selling-books/3920_582349_6996400_2728779"
            ],
            [
                "General Political Process Books",
                "/browse/books/general-political-process-books/3920_5764957_5741142_4397386"
            ],
            [
                "Study & Teaching History Books",
                "/browse/books/study-teaching-history-books/3920_582331_583317"
            ],
            [
                "Counseling",
                "/browse/books/counseling/3920_1987289_582055_6616401"
            ],
            [
                "ACT Prep Books",
                "/browse/books/act-prep-books/3920_6060018_7749169"
            ],
            [
                "General Physics Books",
                "/browse/books/general-physics-books/3920_8529612_1841429_4851636_8570221"
            ],
            [
                "SAT Prep Books",
                "/browse/books/sat-prep-books/3920_6060018_8972668"
            ],
            [
                "Authorship Books",
                "/browse/books/authorship-books/3920_8818538_9769622"
            ]
        ]
    },
    {
        "title": "The Killing of Crazy Horse (Audiobook)",
        "url": "https://www.walmart.com/ip/The-Killing-of-Crazy-Horse-Audiobook-9781400118748/917390759",
        "price": "$47.65",
        "stars": "3.7",
        "ratings": "9 ",
        "img": "",
        "tags": [
            [
                "Veterans Military History Books",
                "/browse/books/veterans-military-history-books/3920_582331_583311_3447880"
            ],
            [
                "Special Forces Military History Books",
                "/browse/books/special-forces-military-history-books/3920_582331_583311_4043807"
            ],
            [
                "Military Biographies & Memoirs",
                "/browse/books/military-biographies-memoirs/3920_5196470_6622707"
            ],
            [
                "Southern State & Local United States History Books",
                "/browse/books/southern-state-local-united-states-history-books/3920_582331_583318_8751259_7485298"
            ],
            [
                "Aviation Military History Books",
                "/browse/books/aviation-military-history-books/3920_582331_583311_7759386"
            ],
            [
                "World War II Military History Books",
                "/browse/books/world-war-ii-military-history-books/3920_582331_583311_7930108"
            ],
            [
                "Naval Military History Books",
                "/browse/books/naval-military-history-books/3920_582331_583311_8177237"
            ]
        ]
    },
    {
        "title": "New Approaches to European History: Ritual in Early Modern Europe (Paperback)",
        "url": "https://www.walmart.com/ip/New-Approaches-to-European-History-Ritual-in-Early-Modern-Europe-Paperback-9780521602402/29092491",
        "price": "$39.96",
        "stars": "5.0",
        "ratings": "2 ",
        "img": "",
        "tags": [
            [
                "General International Relations Books",
                "/browse/books/general-international-relations-books/3920_5764957_6017130_1582734"
            ],
            [
                "Personal & Practical Guides",
                "/browse/books/personal-practical-guides/3920_3943378_2708953"
            ],
            [
                "Chinese History Books",
                "/browse/books/chinese-history-books/3920_582331_583304_3008253"
            ],
            [
                "Eastern European History Books",
                "/browse/books/eastern-european-history-books/3920_582331_583303_4563827"
            ],
            [
                "General United States History Books",
                "/browse/books/general-united-states-history-books/3920_582331_583318_6419794"
            ],
            [
                "History of Aviation Books",
                "/browse/books/history-of-aviation-books/3920_9842685_1557508_1688700_8349775"
            ],
            [
                "Southeast Asia History Books",
                "/browse/books/southeast-asia-history-books/3920_582331_583304_8810393"
            ]
        ]
    }
]