[
    {
        "title": "KJV Holy Bible, Giant Print Standard Bible, Two-Tone Brown Faux Leather w/Ribbon Marker, Red Letter Edition, King James Version",
        "url": "https://www.walmart.com/ip/KJV-Holy-Bible-Giant-Print-Standard-Bible-Two-Tone-Brown-Faux-Leather-w-Ribbon-Marker-Red-Letter-Edition-King-James-Version-9781432117955/867157024",
        "price": "$19.79",
        "stars": "4.7",
        "ratings": "15 ",
        "img": "i5.walmartimages.com/asr/a26b0284-324b-41b2-b30d-c7c26f438d2f_1.8d1df0c7ef6562a1d927db35285dffc2.jpeg?odnWidth=612&odnHeight=612&odnBg=ffffff",
        "tags": [
            [
                "Spiritual Growth",
                "/browse/books/spiritual-growth/3920_1987289_582374_8324310_1480379"
            ],
            [
                "Children & Youth",
                "/browse/books/children-youth/3920_1987289_582374_4864457_1591940"
            ],
            [
                "Evangelism",
                "/browse/books/evangelism/3920_1987289_582374_8889295_4053328"
            ],
            [
                "New King James Version",
                "/browse/books/new-king-james-version/3920_1987289_582374_9735184_5031088"
            ],
            [
                "Inspirational",
                "/browse/books/inspirational/3920_1987289_582055_5087571"
            ],
            [
                "New International Version",
                "/browse/books/new-international-version/3920_1987289_582374_9735184_7744007"
            ],
            [
                "King James Version",
                "/browse/books/king-james-version/3920_1987289_582374_9735184_8736310"
            ],
            [
                "New Living Translation",
                "/browse/books/new-living-translation/3920_1987289_582374_9735184_9984392"
            ]
        ]
    },
    {
        "title": "It's Not Supposed to Be This Way : Finding Unexpected Strength When Disappointments Leave You Shattered",
        "url": "https://www.walmart.com/ip/It-s-Not-Supposed-to-Be-This-Way-Finding-Unexpected-Strength-When-Disappointments-Leave-You-Shattered/345828940",
        "price": "$9.33",
        "stars": "5.0",
        "ratings": "13 ",
        "img": "",
        "tags": [
            [
                "Adult Non-Fiction Top 100",
                "/browse/books/adult-non-fiction-top-100/3920_1057224_3049267"
            ],
            [
                "Bible Study Guides",
                "/browse/books/bible-study-guides/3920_1987289_582374_2718157_4203444"
            ],
            [
                "General Biographies & Memoirs",
                "/browse/books/general-biographies-memoirs/3920_5196470_6094313"
            ],
            [
                "Prayer",
                "/browse/books/prayer/3920_1987289_582374_8324310_7735167"
            ],
            [
                "New International Version",
                "/browse/books/new-international-version/3920_1987289_582374_9735184_7744007"
            ],
            [
                "Personal Growth",
                "/browse/books/personal-growth/3920_1987289_582374_8324310_8811610"
            ],
            [
                "Women's Issues",
                "/browse/books/womens-issues/3920_1987289_582374_8324310_9563912"
            ]
        ]
    },
    {
        "title": "Relationship Goals: How to Win at Dating, Marriage, and Sex (Hardcover)",
        "url": "https://www.walmart.com/ip/Relationship-Goals-How-to-Win-at-Dating-Marriage-and-Sex-Hardcover-9780593192573/237235252",
        "price": "$13.80",
        "stars": "4.8",
        "ratings": "71 ",
        "img": "",
        "tags": [
            [
                "Spiritual Growth",
                "/browse/books/spiritual-growth/3920_1987289_582374_8324310_1480379"
            ],
            [
                "Programming Kids' Books",
                "/browse/books/programming-kids-books/3920_582053_1804193_1520235"
            ],
            [
                "Religious Biographies & Memoirs",
                "/browse/books/religious-biographies-memoirs/3920_5196470_1947523"
            ],
            [
                "Family",
                "/browse/books/family/3920_1987289_582374_8324310_1974555"
            ],
            [
                "Devotional",
                "/browse/books/devotional/3920_1987289_582055_4843264"
            ],
            [
                "Personal Growth",
                "/browse/books/personal-growth/3920_1987289_582374_8324310_8811610"
            ],
            [
                "Women's Issues",
                "/browse/books/womens-issues/3920_1987289_582374_8324310_9563912"
            ],
            [
                "Personal Memoirs",
                "/browse/books/personal-memoirs/3920_5196470_9711945"
            ]
        ]
    },
    {
        "title": "Trusting God Day by Day : 365 Daily Devotions",
        "url": "https://www.walmart.com/ip/Trusting-God-Day-by-Day-365-Daily-Devotions-9780446538589/20438291",
        "price": "$11.27",
        "stars": "5.0",
        "ratings": "14 ",
        "img": "",
        "tags": [
            [
                "Collaboration Software Books",
                "/browse/books/collaboration-software-books/3920_9724405_6842188_2650301"
            ],
            [
                "Devotional",
                "/browse/books/devotional/3920_1987289_582055_4843264"
            ],
            [
                "Windows Administration Books",
                "/browse/books/windows-administration-books/3920_9724405_4095027_5041279"
            ],
            [
                "Word & Word Search Books",
                "/browse/books/word-word-search-books/3920_582361_9999446_7426892"
            ],
            [
                "Meditations",
                "/browse/books/meditations/3920_1987289_582055_7627073"
            ],
            [
                "Personal Growth",
                "/browse/books/personal-growth/3920_1987289_582374_8324310_8811610"
            ],
            [
                "Windows Desktop Books",
                "/browse/books/windows-desktop-books/3920_9724405_5358931_9675035"
            ]
        ]
    },
    {
        "title": "KJV Holy Bible, Giant Print Standard Bible, Dark Brown Faux Leather w/Thumb Index and Ribbon Marker, Red Letter Edition, King James Version",
        "url": "https://www.walmart.com/ip/KJV-Holy-Bible-Giant-Print-Standard-Bible-Dark-Brown-Faux-Leather-w-Thumb-Index-and-Ribbon-Marker-Red-Letter-Edition-King-James-Version-9781432117979/785213636",
        "price": "$24.49",
        "stars": "4.6",
        "ratings": "54 ",
        "img": "",
        "tags": [
            [
                "Spiritual Growth",
                "/browse/books/spiritual-growth/3920_1987289_582374_8324310_1480379"
            ],
            [
                "Evangelism",
                "/browse/books/evangelism/3920_1987289_582374_8889295_4053328"
            ],
            [
                "New King James Version",
                "/browse/books/new-king-james-version/3920_1987289_582374_9735184_5031088"
            ],
            [
                "Inspirational",
                "/browse/books/inspirational/3920_1987289_582055_5087571"
            ],
            [
                "New International Version",
                "/browse/books/new-international-version/3920_1987289_582374_9735184_7744007"
            ],
            [
                "King James Version",
                "/browse/books/king-james-version/3920_1987289_582374_9735184_8736310"
            ],
            [
                "General Reference Books",
                "/browse/books/general-reference-books/3920_3943378_9779861"
            ],
            [
                "New Living Translation",
                "/browse/books/new-living-translation/3920_1987289_582374_9735184_9984392"
            ]
        ]
    },
    {
        "title": "Battlefield of the Mind : Winning the Battle in Your Mind",
        "url": "https://www.walmart.com/ip/Battlefield-of-the-Mind-Winning-the-Battle-in-Your-Mind-9780446691093/2024116",
        "price": "$11.15",
        "stars": "4.8",
        "ratings": "47 ",
        "img": "i5.walmartimages.com/asr/db886280-36c9-4710-bc2e-6633cbb0c7e0.d9b2b60d00ffbf9eeb457c85841db2e6.jpeg?odnWidth=612&odnHeight=612&odnBg=ffffff",
        "tags": [
            [
                "Spiritual Warfare",
                "/browse/books/spiritual-warfare/3920_1987289_582374_8324310_1354471"
            ],
            [
                "Spiritual Growth",
                "/browse/books/spiritual-growth/3920_1987289_582374_8324310_1480379"
            ],
            [
                "Christianity Books for Kids",
                "/browse/books/christianity-books-for-kids/3920_582053_582578_2521391"
            ],
            [
                "God's Word",
                "/browse/books/gods-word/3920_1987289_582374_9735184_3465990"
            ],
            [
                "The Amplified Bible",
                "/browse/books/the-amplified-bible/3920_1987289_582374_9735184_3495248"
            ],
            [
                "Motor Sports Books",
                "/browse/books/motor-sports-books/3920_8924365_9280061"
            ],
            [
                "Professional Growth",
                "/browse/books/professional-growth/3920_1987289_582374_8324310_9467628"
            ],
            [
                "Study Guide Books",
                "/browse/books/study-guide-books/3920_6060018_9508182"
            ]
        ]
    },
    {
        "title": "KJV, Gift and Award Bible, Imitation Leather, Black, Red Letter Edition (Paperback)",
        "url": "https://www.walmart.com/ip/KJV-Gift-and-Award-Bible-Imitation-Leather-Black-Red-Letter-Edition-Paperback-9780718097905/55699140",
        "price": "$6.69",
        "stars": "4.2",
        "ratings": "10 ",
        "img": "",
        "tags": [
            [
                "Spiritual Growth",
                "/browse/books/spiritual-growth/3920_1987289_582374_8324310_1480379"
            ],
            [
                "Children & Youth",
                "/browse/books/children-youth/3920_1987289_582374_4864457_1591940"
            ],
            [
                "Evangelism",
                "/browse/books/evangelism/3920_1987289_582374_8889295_4053328"
            ],
            [
                "New King James Version",
                "/browse/books/new-king-james-version/3920_1987289_582374_9735184_5031088"
            ],
            [
                "English Standard Version",
                "/browse/books/english-standard-version/3920_1987289_582374_9735184_5430072"
            ],
            [
                "New International Version",
                "/browse/books/new-international-version/3920_1987289_582374_9735184_7744007"
            ],
            [
                "New Living Translation",
                "/browse/books/new-living-translation/3920_1987289_582374_9735184_9984392"
            ]
        ]
    },
    {
        "title": "Jesus Calling(r): Jesus Calling: Enjoying Peace in His Presence (Hardcover)",
        "url": "https://www.walmart.com/ip/Jesus-Calling-r-Jesus-Calling-Enjoying-Peace-in-His-Presence-Hardcover-9781591451884/983167070",
        "price": "$16.99",
        "stars": "4.5",
        "ratings": "20 ",
        "img": "",
        "tags": [
            [
                "Spiritual Growth",
                "/browse/books/spiritual-growth/3920_1987289_582374_8324310_1480379"
            ],
            [
                "Family",
                "/browse/books/family/3920_1987289_582374_8324310_1974555"
            ],
            [
                "Adult Non-Fiction Top 100",
                "/browse/books/adult-non-fiction-top-100/3920_1057224_3049267"
            ],
            [
                "Devotional",
                "/browse/books/devotional/3920_1987289_582055_4843264"
            ],
            [
                "Inspirational",
                "/browse/books/inspirational/3920_1987289_582055_5087571"
            ],
            [
                "Mother's Day Gift Guide Books",
                "/browse/books/mothers-day-gift-guide-books/3920_7458265_5685062"
            ],
            [
                "Christmas & Advent",
                "/browse/books/christmas-advent/3920_1987289_582055_6154069_7363568"
            ],
            [
                "Meditations",
                "/browse/books/meditations/3920_1987289_582055_7627073"
            ]
        ]
    },
    {
        "title": "KJV, Thinline Bible, Large Print, Imitation Leather, Red Letter Edition",
        "url": "https://www.walmart.com/ip/KJV-Thinline-Bible-Large-Print-Imitation-Leather-Red-Letter-Edition-9780718098001/55699120",
        "price": "$12.19",
        "stars": "4.7",
        "ratings": "25 ",
        "img": "",
        "tags": [
            [
                "Spiritual Growth",
                "/browse/books/spiritual-growth/3920_1987289_582374_8324310_1480379"
            ],
            [
                "Children & Youth",
                "/browse/books/children-youth/3920_1987289_582374_4864457_1591940"
            ],
            [
                "History & Culture",
                "/browse/books/history-culture/3920_1987289_582374_2718157_3850035"
            ],
            [
                "Evangelism",
                "/browse/books/evangelism/3920_1987289_582374_8889295_4053328"
            ],
            [
                "New King James Version",
                "/browse/books/new-king-james-version/3920_1987289_582374_9735184_5031088"
            ],
            [
                "Inspirational",
                "/browse/books/inspirational/3920_1987289_582055_5087571"
            ],
            [
                "New International Version",
                "/browse/books/new-international-version/3920_1987289_582374_9735184_7744007"
            ],
            [
                "New Living Translation",
                "/browse/books/new-living-translation/3920_1987289_582374_9735184_9984392"
            ]
        ]
    },
    {
        "title": "Sacred Woman : A Guide to Healing the Feminine Body, Mind, and Spirit (Paperback)",
        "url": "https://www.walmart.com/ip/Sacred-Woman-A-Guide-to-Healing-the-Feminine-Body-Mind-and-Spirit-Paperback-9780345434869/1265666",
        "price": "$12.89",
        "stars": "4.9",
        "ratings": "10 ",
        "img": "i5.walmartimages.com/asr/af4ad79e-7873-43cf-876e-8040c285ea18_1.363322d6ef3461d9be697ee2c8790e87.jpeg?odnWidth=612&odnHeight=612&odnBg=ffffff",
        "tags": [
            [
                "Channeling & Mediumship",
                "/browse/books/channeling-mediumship/3920_1987289_5383544_1832111"
            ],
            [
                "General Psychology Books",
                "/browse/books/general-psychology-books/3920_2761424_3385531_2859034"
            ],
            [
                "Adult Non-Fiction Top 100",
                "/browse/books/adult-non-fiction-top-100/3920_1057224_3049267"
            ],
            [
                "Goddess Worship",
                "/browse/books/goddess-worship/3920_1987289_5383544_4377545"
            ],
            [
                "Happiness",
                "/browse/books/happiness/3920_5642757_9479316_9355247"
            ],
            [
                "Healthy Living",
                "/browse/books/healthy-living/3920_582054_9380532"
            ],
            [
                "Love & Marriage",
                "/browse/books/love-marriage/3920_1987289_582374_8324310_9552786"
            ]
        ]
    }
]