[
    {
        "title": "MacArthur Bible Studies: Romans : Grace, Truth, and Redemption (Paperback)",
        "url": "https://www.walmart.com/ip/MacArthur-Bible-Studies-Romans-Grace-Truth-and-Redemption-Paperback-9780718035068/46850953",
        "price": "$9.97",
        "stars": 0,
        "ratings": 0,
        "img": "",
        "tags": [
            [
                "Spiritual Warfare",
                "/browse/books/spiritual-warfare/3920_1987289_582374_8324310_1354471"
            ],
            [
                "Angelology & Demonology",
                "/browse/books/angelology-demonology/3920_1987289_582374_9438566_2657764"
            ],
            [
                "Religion, Science & State",
                "/browse/books/religion-science-state/3920_1987289_582055_3159800"
            ],
            [
                "Men's Issues",
                "/browse/books/mens-issues/3920_1987289_582374_8324310_3418066"
            ],
            [
                "Prophets",
                "/browse/books/prophets/3920_1987289_582374_2718157_7303744"
            ],
            [
                "Pentecostal & Charismatic",
                "/browse/books/pentecostal-charismatic/3920_1987289_582374_2763255_7393881"
            ],
            [
                "Professional Growth",
                "/browse/books/professional-growth/3920_1987289_582374_8324310_9467628"
            ],
            [
                "Women's Issues",
                "/browse/books/womens-issues/3920_1987289_582374_8324310_9563912"
            ]
        ]
    },
    {
        "title": "Bible Verse Coloring Book For Kids: A Christian Coloring Book: Inspirational Bible Verse Quotes to Doodle and Colour: Motivational Activity Books for Kids, Boys, Girls, Teens & Adult (Paperback)",
        "url": "https://www.walmart.com/ip/Bible-Verse-Coloring-Book-For-Kids-A-Christian-Book-Inspirational-Quotes-Doodle-Colour-Motivational-Activity-Books-Kids-Boys-Girls-Teens-Adult-Paperb-9781717767943/158051315",
        "price": "$9.33",
        "stars": 0,
        "ratings": 0,
        "img": "i5.walmartimages.com/asr/80f6fb16-6392-4606-be8e-e6911d375b07_1.4f952a403107f2cd5ec177cef4342ba1.jpeg?odnWidth=612&odnHeight=612&odnBg=ffffff",
        "tags": [
            [
                "Journals",
                "/browse/books/journals/3920_582361_1100005"
            ],
            [
                "Children & Youth",
                "/browse/books/children-youth/3920_1987289_582374_4864457_1591940"
            ],
            [
                "Biblical Study Books for Kids",
                "/browse/books/biblical-study-books-for-kids/3920_582053_582578_2209739"
            ],
            [
                "God's Word",
                "/browse/books/gods-word/3920_1987289_582374_9735184_3465990"
            ],
            [
                "Bible Study Guides",
                "/browse/books/bible-study-guides/3920_1987289_582374_2718157_4203444"
            ],
            [
                "Legal Dictionaries & Terminology Books",
                "/browse/books/legal-dictionaries-terminology-books/3920_1952589_7094570"
            ],
            [
                "Celtic Spirituality",
                "/browse/books/celtic-spirituality/3920_1987289_5383544_9621114"
            ]
        ]
    },
    {
        "title": "Inspirational Coloring Books New Version: Bible Coloring Book: Inspirational Bible Verse Quotes Coloring Book For Adult (Paperback)",
        "url": "https://www.walmart.com/ip/Inspirational-Coloring-Books-New-Version-Bible-Coloring-Book-Inspirational-Bible-Verse-Quotes-Coloring-Book-For-Adult-Paperback-9781718083318/414081419",
        "price": "$9.11",
        "stars": 0,
        "ratings": 0,
        "img": "i5.walmartimages.com/asr/a3067c6d-acdf-4d04-9ea2-2b41c629996d_1.4bec4107331ae31504c594ec49d167dd.jpeg?odnWidth=612&odnHeight=612&odnBg=ffffff",
        "tags": [
            [
                "God's Word",
                "/browse/books/gods-word/3920_1987289_582374_9735184_3465990"
            ],
            [
                "Religious Art Books",
                "/browse/books/religious-art-books/3920_582321_6907922_9682242_5982485"
            ],
            [
                "Ecclesiology",
                "/browse/books/ecclesiology/3920_1987289_582374_9438566_6606428"
            ],
            [
                "Youth",
                "/browse/books/youth/3920_1987289_582374_8889295_6841772"
            ],
            [
                "Legal Dictionaries & Terminology Books",
                "/browse/books/legal-dictionaries-terminology-books/3920_1952589_7094570"
            ],
            [
                "Pentecostal & Charismatic",
                "/browse/books/pentecostal-charismatic/3920_1987289_582374_2763255_7393881"
            ],
            [
                "Old Testament",
                "/browse/books/old-testament/3920_1987289_582374_2718157_8439201"
            ],
            [
                "Clergy",
                "/browse/books/clergy/3920_1987289_582055_9144782"
            ]
        ]
    },
    {
        "title": "Let the World See You : How to Be Real in a World Full of Fakes (Hardcover)",
        "url": "https://www.walmart.com/ip/Let-the-World-See-You-How-to-Be-Real-in-a-World-Full-of-Fakes-Hardcover-9781400220274/144103572",
        "price": "$19.89",
        "stars": 0,
        "ratings": 0,
        "img": "",
        "tags": []
    },
    {
        "title": "Praying Women Study Guide : How to Pray When You Don't Know What to Say (Paperback)",
        "url": "https://www.walmart.com/ip/Praying-Women-Study-Guide-How-to-Pray-When-You-Don-t-Know-What-to-Say-Paperback-9781540900692/536699346",
        "price": "$9.99",
        "stars": 0,
        "ratings": 0,
        "img": "",
        "tags": [
            [
                "Evangelism",
                "/browse/books/evangelism/3920_1987289_582374_8889295_4053328"
            ],
            [
                "New American Standard Bible",
                "/browse/books/new-american-standard-bible/3920_1987289_582374_9735184_4193230"
            ],
            [
                "Bible Study Guides",
                "/browse/books/bible-study-guides/3920_1987289_582374_2718157_4203444"
            ],
            [
                "Multiple Translations",
                "/browse/books/multiple-translations/3920_1987289_582374_9735184_7188098"
            ],
            [
                "New International Version",
                "/browse/books/new-international-version/3920_1987289_582374_9735184_7744007"
            ],
            [
                "King James Version",
                "/browse/books/king-james-version/3920_1987289_582374_9735184_8736310"
            ],
            [
                "Personal Growth",
                "/browse/books/personal-growth/3920_1987289_582374_8324310_8811610"
            ],
            [
                "Women's Issues",
                "/browse/books/womens-issues/3920_1987289_582374_8324310_9563912"
            ]
        ]
    },
    {
        "title": "ESV Kid's Bible, Compact (Trutone, Lion of Judah) (Other)",
        "url": "https://www.walmart.com/ip/ESV-Kid-s-Bible-Compact-Trutone-Lion-of-Judah-Other-9781433565625/976039162",
        "price": "$23.75",
        "stars": 0,
        "ratings": 0,
        "img": "",
        "tags": [
            [
                "Historical Geography Books",
                "/browse/books/historical-geography-books/3920_582331_3004687"
            ],
            [
                "New American Standard Bible",
                "/browse/books/new-american-standard-bible/3920_1987289_582374_9735184_4193230"
            ],
            [
                "Concordances",
                "/browse/books/concordances/3920_1987289_582374_4381280_4585102"
            ],
            [
                "Language Study",
                "/browse/books/language-study/3920_1987289_582374_4381280_6463182"
            ],
            [
                "New International Version",
                "/browse/books/new-international-version/3920_1987289_582374_9735184_7744007"
            ],
            [
                "King James Version",
                "/browse/books/king-james-version/3920_1987289_582374_9735184_8736310"
            ],
            [
                "New Living Translation",
                "/browse/books/new-living-translation/3920_1987289_582374_9735184_9984392"
            ]
        ]
    },
    {
        "title": "ESV Kid's Bible, Compact (Trutone, Bird of the Air) (Hardcover)",
        "url": "https://www.walmart.com/ip/ESV-Kid-s-Bible-Compact-Trutone-Bird-of-the-Air-Hardcover-9781433565618/840133546",
        "price": "$16.20",
        "stars": 0,
        "ratings": 0,
        "img": "",
        "tags": [
            [
                "Historical Geography Books",
                "/browse/books/historical-geography-books/3920_582331_3004687"
            ],
            [
                "New American Standard Bible",
                "/browse/books/new-american-standard-bible/3920_1987289_582374_9735184_4193230"
            ],
            [
                "Concordances",
                "/browse/books/concordances/3920_1987289_582374_4381280_4585102"
            ],
            [
                "Language Study",
                "/browse/books/language-study/3920_1987289_582374_4381280_6463182"
            ],
            [
                "New International Version",
                "/browse/books/new-international-version/3920_1987289_582374_9735184_7744007"
            ],
            [
                "King James Version",
                "/browse/books/king-james-version/3920_1987289_582374_9735184_8736310"
            ],
            [
                "New Living Translation",
                "/browse/books/new-living-translation/3920_1987289_582374_9735184_9984392"
            ]
        ]
    },
    {
        "title": "I Am Prophecy (Hardcover)",
        "url": "https://www.walmart.com/ip/I-Am-Prophecy-Hardcover-9781365980640/245106691",
        "price": "$24.04",
        "stars": 0,
        "ratings": 0,
        "img": "",
        "tags": []
    },
    {
        "title": "When the Rain Speaks : Celebrating God's Presence in Nature (Paperback)",
        "url": "https://www.walmart.com/ip/When-the-Rain-Speaks-Celebrating-God-s-Presence-in-Nature-Paperback-9781703708097/181418396",
        "price": "$13.68",
        "stars": 0,
        "ratings": 0,
        "img": "",
        "tags": []
    },
    {
        "title": "As Silver Refined - eBook",
        "url": "https://www.walmart.com/ip/As-Silver-Refined-eBook-9780307553447/563306047",
        "price": "$15.14",
        "stars": "4.4",
        "ratings": "8 ",
        "img": "i5.walmartimages.com/asr/8e14818f-d7ae-452f-a8db-770a00f5ac6c_1.92a15511b62ee18f55cf027e7f07a09a.jpeg?odnWidth=612&odnHeight=612&odnBg=ffffff",
        "tags": [
            [
                "Spiritual Warfare",
                "/browse/books/spiritual-warfare/3920_1987289_582374_8324310_1354471"
            ],
            [
                "Angelology & Demonology",
                "/browse/books/angelology-demonology/3920_1987289_582374_9438566_2657764"
            ],
            [
                "Religion, Science & State",
                "/browse/books/religion-science-state/3920_1987289_582055_3159800"
            ],
            [
                "Men's Issues",
                "/browse/books/mens-issues/3920_1987289_582374_8324310_3418066"
            ],
            [
                "Prophets",
                "/browse/books/prophets/3920_1987289_582374_2718157_7303744"
            ],
            [
                "Pentecostal & Charismatic",
                "/browse/books/pentecostal-charismatic/3920_1987289_582374_2763255_7393881"
            ],
            [
                "Professional Growth",
                "/browse/books/professional-growth/3920_1987289_582374_8324310_9467628"
            ],
            [
                "Women's Issues",
                "/browse/books/womens-issues/3920_1987289_582374_8324310_9563912"
            ]
        ]
    }
]