[
    {
        "title": "The Making of a Manager : What to Do When Everyone Looks to You (Hardcover)",
        "url": "https://www.walmart.com/ip/The-Making-of-a-Manager-What-to-Do-When-Everyone-Looks-to-You-Hardcover-9780735219564/644549332",
        "price": "$19.74",
        "stars": 0,
        "ratings": 0,
        "img": "i5.walmartimages.com/asr/d834e4bd-c45a-4bd3-831a-605c858d39e6_1.26e0727f6206309588ac9b9210a9d905.jpeg?odnWidth=612&odnHeight=612&odnBg=ffffff",
        "tags": [
            [
                "Body Art & Tattooing Art Books",
                "/browse/books/body-art-tattooing-art-books/3920_582321_6907922_2358664"
            ],
            [
                "Organizational Development Books",
                "/browse/books/organizational-development-books/3920_582349_3077388"
            ],
            [
                "Entrepreneurship Books",
                "/browse/books/entrepreneurship-books/3920_582349_5818477"
            ],
            [
                "Human Resources & Personnel Management Books",
                "/browse/books/human-resources-personnel-management-books/3920_582349_6330339"
            ],
            [
                "Leadership in Business Books",
                "/browse/books/leadership-in-business-books/3920_582349_7056456"
            ],
            [
                "Motivational Business & Money Books",
                "/browse/books/motivational-business-money-books/3920_582349_7534693"
            ],
            [
                "Harvard Business Review",
                "/browse/books/harvard-business-review/3920_582349_8933101"
            ],
            [
                "Personal Success in Business & Money Books",
                "/browse/books/personal-success-in-business-money-books/3920_582349_9116217"
            ]
        ]
    },
    {
        "title": "Antifragile : Things That Gain from Disorder",
        "url": "https://www.walmart.com/ip/Antifragile-Things-That-Gain-from-Disorder-9780812979688/30037954",
        "price": "$15.10",
        "stars": "3.5",
        "ratings": "18 ",
        "img": "",
        "tags": [
            [
                "Bonds Investments & Securities Books",
                "/browse/books/bonds-investments-securities-books/3920_582349_4859694_3042803"
            ],
            [
                "Personal Finance Investing Books",
                "/browse/books/personal-finance-investing-books/3920_582349_9861072_3148548"
            ],
            [
                "General Finance Books",
                "/browse/books/general-finance-books/3920_582349_6748238_3692249"
            ],
            [
                "Retailing Industry Books",
                "/browse/books/retailing-industry-books/3920_582349_5438892_5175139"
            ],
            [
                "Online Trading E-Commerce Books",
                "/browse/books/online-trading-e-commerce-books/3920_582349_7396712_5414408"
            ],
            [
                "Personal Finance Retirement Planning Books",
                "/browse/books/personal-finance-retirement-planning-books/3920_582349_9861072_6419377"
            ],
            [
                "Analysis & Trading Strategies Books",
                "/browse/books/analysis-trading-strategies-books/3920_582349_4859694_8391246"
            ],
            [
                "General Investments & Securities Books",
                "/browse/books/general-investments-securities-books/3920_582349_4859694_9475023"
            ]
        ]
    },
    {
        "title": "The Last Kings of Shanghai : The Rival Jewish Dynasties That Helped Create Modern China (Hardcover)",
        "url": "https://www.walmart.com/ip/The-Last-Kings-of-Shanghai-The-Rival-Jewish-Dynasties-That-Helped-Create-Modern-China-Hardcover-9780735224414/294015750",
        "price": "$21.06",
        "stars": 0,
        "ratings": 0,
        "img": "",
        "tags": [
            [
                "Eastern Philosophy Books",
                "/browse/books/eastern-philosophy-books/3920_7051956_2067881"
            ],
            [
                "Chinese Cookbooks",
                "/browse/books/chinese-cookbooks/3920_3036003_9740893_2127652"
            ],
            [
                "Weapons in Military History Books",
                "/browse/books/weapons-in-military-history-books/3920_582331_583311_3019327"
            ],
            [
                "Strategy in Military History Books",
                "/browse/books/strategy-in-military-history-books/3920_582331_583311_3718108"
            ],
            [
                "Japanese History Books",
                "/browse/books/japanese-history-books/3920_582331_583304_4024782"
            ],
            [
                "Chinese Language Books",
                "/browse/books/chinese-language-books/3920_2178204_8550948"
            ]
        ]
    },
    {
        "title": "Cracking the Sales Management Code: The Secrets to Measuring and Managing Sales Performance (Hardcover)",
        "url": "https://www.walmart.com/ip/Cracking-the-Sales-Management-Code-The-Secrets-to-Measuring-and-Managing-Sales-Performance-Hardcover-9780071765732/16614950",
        "price": "$24.54",
        "stars": 0,
        "ratings": 0,
        "img": "",
        "tags": [
            [
                "General Sales & Selling Books",
                "/browse/books/general-sales-selling-books/3920_582349_6996400_2728779"
            ],
            [
                "Research & Development Books",
                "/browse/books/research-development-books/3920_582349_3087859"
            ],
            [
                "Customer Relations Books",
                "/browse/books/customer-relations-books/3920_582349_3975606"
            ],
            [
                "General Marketing Books",
                "/browse/books/general-marketing-books/3920_582349_6080417_4705678"
            ],
            [
                "Mentoring & Coaching in Business Books",
                "/browse/books/mentoring-coaching-in-business-books/3920_582349_6319304"
            ],
            [
                "Human Resources & Personnel Management Books",
                "/browse/books/human-resources-personnel-management-books/3920_582349_6330339"
            ],
            [
                "Business & Money Skills Books",
                "/browse/books/business-money-skills-books/3920_582349_7758621"
            ],
            [
                "Management Books",
                "/browse/books/management-books/3920_582349_9536008"
            ]
        ]
    },
    {
        "title": "Foundations of Business (Edition 6) (Paperback)",
        "url": "https://www.walmart.com/ip/Foundations-of-Business-9781337386920/411862765",
        "price": "$93.75",
        "stars": 0,
        "ratings": 0,
        "img": "",
        "tags": [
            [
                "Corporate & Business History Books",
                "/browse/books/corporate-business-history-books/3920_582349_2306820"
            ],
            [
                "Anger Management",
                "/browse/books/anger-management/3920_5642757_8917040_2425880"
            ],
            [
                "General Sales & Selling Books",
                "/browse/books/general-sales-selling-books/3920_582349_6996400_2728779"
            ],
            [
                "Success",
                "/browse/books/success/3920_5642757_9479316_4052595"
            ],
            [
                "Analysis & Trading Strategies Books",
                "/browse/books/analysis-trading-strategies-books/3920_582349_4859694_8391246"
            ],
            [
                "General Career in Business Books",
                "/browse/books/general-career-in-business-books/3920_582349_8212793_8828459"
            ],
            [
                "Job Hunting in Business Books",
                "/browse/books/job-hunting-in-business-books/3920_582349_8212793_9780834"
            ],
            [
                "Negocios e Inversiones",
                "/browse/books/negocios-e-inversiones/3920_226139_999539"
            ]
        ]
    },
    {
        "title": "The 16 % Solution, Revised Edition : How to Get High Interest Rates in a Low-Interest World with Tax Lien Certificates",
        "url": "https://www.walmart.com/ip/The-16-Solution-Revised-Edition-How-to-Get-High-Interest-Rates-in-a-Low-Interest-World-with-Tax-Lien-Certificates-9780740769627/10736328",
        "price": "$22.21",
        "stars": "3.5",
        "ratings": "11 ",
        "img": "i5.walmartimages.com/asr/ad30658a-ab8a-49f5-8a5f-f4b68ba3c6cf_1.fc553ddd191f4cbaeb1e01c44e79fff2.jpeg?odnWidth=612&odnHeight=612&odnBg=ffffff",
        "tags": [
            [
                "Venture Capital Corporate Finance Books",
                "/browse/books/venture-capital-corporate-finance-books/3920_582349_3714548_3095542"
            ],
            [
                "Personal Finance Investing Books",
                "/browse/books/personal-finance-investing-books/3920_582349_9861072_3148548"
            ],
            [
                "Managerial Accounting Books",
                "/browse/books/managerial-accounting-books/3920_582349_2851526_3576060"
            ],
            [
                "General Corporate Finance Books",
                "/browse/books/general-corporate-finance-books/3920_582349_3714548_4652380"
            ],
            [
                "General Personal Finance Books",
                "/browse/books/general-personal-finance-books/3920_582349_9861072_4713108"
            ],
            [
                "General Economics Books",
                "/browse/books/general-economics-books/3920_582349_6503572_6352002"
            ],
            [
                "Stocks Investments & Securities Books",
                "/browse/books/stocks-investments-securities-books/3920_582349_4859694_7426539"
            ],
            [
                "General Investments & Securities Books",
                "/browse/books/general-investments-securities-books/3920_582349_4859694_9475023"
            ]
        ]
    },
    {
        "title": "Hustle Harder, Hustle Smarter: Untitled (Audiobook)",
        "url": "https://www.walmart.com/ip/Hustle-Harder-Hustle-Smarter-Untitled-Audiobook-9781094119953/919271785",
        "price": "$26.47",
        "stars": 0,
        "ratings": 0,
        "img": "",
        "tags": [
            [
                "Adult Non-Fiction Top 100",
                "/browse/books/adult-non-fiction-top-100/3920_1057224_3049267"
            ],
            [
                "General Self-Help Books",
                "/browse/books/general-self-help-books/3920_5642757_4404259"
            ],
            [
                "Motivational & Inspirational Self-Help Books",
                "/browse/books/motivational-inspirational-self-help-books/3920_5642757_5080634"
            ],
            [
                "Leadership in Business Books",
                "/browse/books/leadership-in-business-books/3920_582349_7056456"
            ],
            [
                "Motivational Business & Money Books",
                "/browse/books/motivational-business-money-books/3920_582349_7534693"
            ],
            [
                "Personal Success in Business & Money Books",
                "/browse/books/personal-success-in-business-money-books/3920_582349_9116217"
            ],
            [
                "Happiness",
                "/browse/books/happiness/3920_5642757_9479316_9355247"
            ],
            [
                "Women's Issues",
                "/browse/books/womens-issues/3920_1987289_582374_8324310_9563912"
            ]
        ]
    },
    {
        "title": "Raving Fans (Hardcover)",
        "url": "https://www.walmart.com/ip/Raving-Fans-Hardcover-9780688123161/372300",
        "price": "$17.32",
        "stars": "3.4",
        "ratings": "7 ",
        "img": "",
        "tags": [
            [
                "Commercial & Corporate Graphic Art Books",
                "/browse/books/commercial-corporate-graphic-art-books/3920_582321_9365291_2572982_1961010"
            ],
            [
                "Management in Sales & Selling Books",
                "/browse/books/management-in-sales-selling-books/3920_582349_6996400_2951968"
            ],
            [
                "General Marketing Books",
                "/browse/books/general-marketing-books/3920_582349_6080417_4705678"
            ],
            [
                "Retailing Industry Books",
                "/browse/books/retailing-industry-books/3920_582349_5438892_5175139"
            ],
            [
                "Internet Marketing E-Commerce Books",
                "/browse/books/internet-marketing-e-commerce-books/3920_582349_7396712_5423309"
            ],
            [
                "General Transportation Books",
                "/browse/books/general-transportation-books/3920_9842685_1557508_7998180"
            ],
            [
                "Harvard Business Review",
                "/browse/books/harvard-business-review/3920_582349_8933101"
            ],
            [
                "Business Training Books",
                "/browse/books/business-training-books/3920_582349_9650438"
            ]
        ]
    },
    {
        "title": "Imagine Address Book : Big Print Address Book",
        "url": "https://www.walmart.com/ip/Imagine-Address-Book-Big-Print-Address-Book/268507553",
        "price": "$11.39",
        "stars": 0,
        "ratings": 0,
        "img": "",
        "tags": [
            [
                "Event Planning Reference Books",
                "/browse/books/event-planning-reference-books/3920_3943378_1932665"
            ],
            [
                "Death, Grief & Bereavement Self-Help Books",
                "/browse/books/death-grief-bereavement-self-help-books/3920_5642757_2529234"
            ],
            [
                "General Business Communication Books",
                "/browse/books/general-business-communication-books/3920_582349_5610699_2677096"
            ],
            [
                "Scrapbooking Crafts & Hobbies Books",
                "/browse/books/scrapbooking-crafts-hobbies-books/3920_582361_3875757"
            ],
            [
                "Death, Grief & Bereavement",
                "/browse/books/death-grief-bereavement/3920_5642757_6055772_4617200"
            ],
            [
                "Journaling Self-Help Books",
                "/browse/books/journaling-self-help-books/3920_5642757_5948378"
            ],
            [
                "Literary Collections - Diaries & Journals",
                "/browse/books/literary-collections-diaries-journals/3920_582105_1393947_7412999"
            ],
            [
                "Advertising & Promotion Books",
                "/browse/books/advertising-promotion-books/3920_582349_9790899"
            ]
        ]
    },
    {
        "title": "Six Sigma Green Belt Study Guide 2020-2021: Six Sigma Green Belt Exam Prep Handbook with Practice Test Questions (Paperback)",
        "url": "https://www.walmart.com/ip/Six-Sigma-Green-Belt-Study-Guide-2020-2021-Six-Sigma-Green-Belt-Exam-Prep-Handbook-with-Practice-Test-Questions-Paperback-9781635306774/962855275",
        "price": "$40.11",
        "stars": 0,
        "ratings": 0,
        "img": "",
        "tags": [
            [
                "General Sales & Selling Books",
                "/browse/books/general-sales-selling-books/3920_582349_6996400_2728779"
            ],
            [
                "Research & Development Books",
                "/browse/books/research-development-books/3920_582349_3087859"
            ],
            [
                "Customer Relations Books",
                "/browse/books/customer-relations-books/3920_582349_3975606"
            ],
            [
                "General Marketing Books",
                "/browse/books/general-marketing-books/3920_582349_6080417_4705678"
            ],
            [
                "Consumer Behavior Books",
                "/browse/books/consumer-behavior-books/3920_582349_5627713"
            ],
            [
                "Mentoring & Coaching in Business Books",
                "/browse/books/mentoring-coaching-in-business-books/3920_582349_6319304"
            ],
            [
                "NBA Books",
                "/browse/books/nba-books/3920_8924365_6632074"
            ],
            [
                "Business & Money Skills Books",
                "/browse/books/business-money-skills-books/3920_582349_7758621"
            ]
        ]
    }
]