[
    {
        "title": "Big Book of Beginner's Piano Classics: 83 Favorite Pieces in Easy Piano Arrangements with Downloadable Mp3s (Paperback)",
        "url": "https://www.walmart.com/ip/Big-Book-of-Beginner-s-Piano-Classics-83-Favorite-Pieces-in-Easy-Piano-Arrangements-with-Downloadable-Mp3s-Paperback-9780486466156/8248002",
        "price": "$15.26",
        "stars": "5.0",
        "ratings": "2 ",
        "img": "",
        "tags": [
            [
                "Orchestral Strings",
                "/browse/musical-instruments/orchestral-strings/7796869_3983498_3933845_1097967"
            ],
            [
                "All Woodwind Instruments",
                "/browse/musical-instruments/all-woodwind-instruments/7796869_3983498_9087652_1141074"
            ],
            [
                "Basic Violins",
                "/browse/musical-instruments/basic-violins/7796869_3983498_3933845_7826142_1336625"
            ],
            [
                "All Musical Instrument Accessories",
                "/browse/musical-instruments/all-musical-instrument-accessories/7796869_6171829_3297174"
            ],
            [
                "Guitar Pickups",
                "/browse/musical-instruments/guitar-pickups/7796869_6171829_6548527_4923424"
            ],
            [
                "Pianos",
                "/browse/musical-instruments/pianos/7796869_7773339_5652647"
            ],
            [
                "Shop Piano Keyboards by Size",
                "/browse/musical-instruments/shop-piano-keyboards-by-size/7796869_1128453_3376388_6600975"
            ]
        ]
    },
    {
        "title": "Hip Hop Raised Me (Paperback)",
        "url": "https://www.walmart.com/ip/Hip-Hop-Raised-Me-Paperback-9780500293959/911584731",
        "price": "$28.49",
        "stars": 0,
        "ratings": 0,
        "img": "i5.walmartimages.com/asr/49906ecc-9e5e-431b-afba-af47eaf08ab5_1.d8b8aac3b8093545f7730da63f44f071.jpeg?odnWidth=612&odnHeight=612&odnBg=ffffff",
        "tags": [
            [
                "Orchestral Strings",
                "/browse/musical-instruments/orchestral-strings/7796869_3983498_3933845_1097967"
            ],
            [
                "All Woodwind Instruments",
                "/browse/musical-instruments/all-woodwind-instruments/7796869_3983498_9087652_1141074"
            ],
            [
                "Basic Violins",
                "/browse/musical-instruments/basic-violins/7796869_3983498_3933845_7826142_1336625"
            ],
            [
                "All Musical Instrument Accessories",
                "/browse/musical-instruments/all-musical-instrument-accessories/7796869_6171829_3297174"
            ],
            [
                "Guitar Pickups",
                "/browse/musical-instruments/guitar-pickups/7796869_6171829_6548527_4923424"
            ],
            [
                "Pianos",
                "/browse/musical-instruments/pianos/7796869_7773339_5652647"
            ],
            [
                "Shop Piano Keyboards by Size",
                "/browse/musical-instruments/shop-piano-keyboards-by-size/7796869_1128453_3376388_6600975"
            ]
        ]
    },
    {
        "title": "Dover How to Draw: How to Draw People (Paperback)",
        "url": "https://www.walmart.com/ip/Dover-How-to-Draw-How-to-Draw-People-Paperback-9780486420608/1747235",
        "price": "$4.99",
        "stars": "4.3",
        "ratings": "10 ",
        "img": "i5.walmartimages.com/asr/2a4edcee-bff5-40f2-9948-26e603fd062b_1.88153ad933c84172bbf61b90e350211a.jpeg?odnWidth=612&odnHeight=612&odnBg=ffffff",
        "tags": [
            [
                "Cars & Trucks Kids' Books",
                "/browse/books/cars-trucks-kids-books/3920_582053_3323652_1338868"
            ],
            [
                "Techniques Kids' Books",
                "/browse/books/techniques-kids-books/3920_582053_582564_1729616"
            ],
            [
                "General Kids' Game & Activity Books",
                "/browse/books/general-kids-game-activity-books/3920_582053_6972438_3099384"
            ],
            [
                "Study & Teaching Art Books",
                "/browse/books/study-teaching-art-books/3920_582321_6907922_4206399"
            ],
            [
                "General Animal Kids' Books",
                "/browse/books/general-animal-kids-books/3920_582053_584177_585948"
            ],
            [
                "Drawing Kids' Books",
                "/browse/books/drawing-kids-books/3920_582053_582564_6698366"
            ],
            [
                "Cartooning Kids' Books",
                "/browse/books/cartooning-kids-books/3920_582053_582564_9035551"
            ]
        ]
    },
    {
        "title": "Teach Yourself to Play Guitar Chords: A Quick and Easy Introduction for Beginners (Other)",
        "url": "https://www.walmart.com/ip/Teach-Yourself-to-Play-Guitar-Chords-A-Quick-and-Easy-Introduction-for-Beginners-Other/46129224",
        "price": "$7.99",
        "stars": "5.0",
        "ratings": "1 ",
        "img": "",
        "tags": [
            [
                "Musical Instruction",
                "/browse/musical-instruments/musical-instruction/7796869_1097895_1093407"
            ],
            [
                "Guitar Value Packs",
                "/browse/musical-instruments/guitar-value-packs/7796869_1097870_1398895"
            ],
            [
                "Acoustic Guitars",
                "/browse/musical-instruments/acoustic-guitars/7796869_1097870_1680603"
            ],
            [
                "Kids Acoustic Guitars",
                "/browse/musical-instruments/kids-acoustic-guitars/7796869_6789055_4839538_7416933_2047866"
            ],
            [
                "String Instruments Musical Classroom",
                "/browse/musical-instruments/string-instruments-musical-classroom/7796869_1097895_5381069"
            ],
            [
                "Beginner Acoustic Guitars",
                "/browse/musical-instruments/beginner-acoustic-guitars/7796869_6789055_6387230_8078877_8665177"
            ],
            [
                "Kids Guitars",
                "/browse/musical-instruments/kids-guitars/7796869_1097870_9293077"
            ]
        ]
    },
    {
        "title": "Hal Leonard Guitar Method, - Complete Edition: Book Only (Paperback)",
        "url": "https://www.walmart.com/ip/Hal-Leonard-Guitar-Method-Complete-Edition-Book-Only-Paperback-9780881881394/237066",
        "price": "$11.03",
        "stars": "4.7",
        "ratings": "3 ",
        "img": "",
        "tags": [
            [
                "Orchestral Strings",
                "/browse/musical-instruments/orchestral-strings/7796869_3983498_3933845_1097967"
            ],
            [
                "All Woodwind Instruments",
                "/browse/musical-instruments/all-woodwind-instruments/7796869_3983498_9087652_1141074"
            ],
            [
                "Basic Violins",
                "/browse/musical-instruments/basic-violins/7796869_3983498_3933845_7826142_1336625"
            ],
            [
                "All Musical Instrument Accessories",
                "/browse/musical-instruments/all-musical-instrument-accessories/7796869_6171829_3297174"
            ],
            [
                "Guitar Pickups",
                "/browse/musical-instruments/guitar-pickups/7796869_6171829_6548527_4923424"
            ],
            [
                "Pianos",
                "/browse/musical-instruments/pianos/7796869_7773339_5652647"
            ],
            [
                "Shop Piano Keyboards by Size",
                "/browse/musical-instruments/shop-piano-keyboards-by-size/7796869_1128453_3376388_6600975"
            ]
        ]
    },
    {
        "title": "The Budget-Savvy Wedding Planner & Organizer (Paperback)",
        "url": "https://www.walmart.com/ip/The-Budget-Savvy-Wedding-Planner-Organizer-Paperback/551258629",
        "price": "$9.36",
        "stars": "5.0",
        "ratings": "1 ",
        "img": "",
        "tags": [
            [
                "Shop Notebooks by Brand",
                "/browse/office-supplies/shop-notebooks-by-brand/1229749_4796182_1044271"
            ],
            [
                "Monthly Planners",
                "/browse/office-supplies/monthly-planners/1229749_8412191_3635432_1739702"
            ],
            [
                "Legal Pads",
                "/browse/office-supplies/legal-pads/1229749_9607197_2479371"
            ],
            [
                "Padfolios",
                "/browse/office-supplies/padfolios/1229749_4922227_2715430"
            ],
            [
                "Shop School Supplies by Color",
                "/browse/office-supplies/shop-school-supplies-by-color/1229749_1086045_4305904"
            ],
            [
                "Weekly Planners",
                "/browse/office-supplies/weekly-planners/1229749_8412191_3635432_5366095"
            ],
            [
                "Telephone & Address Books",
                "/browse/office-supplies/telephone-address-books/1229749_8412191_3635432_5367163"
            ],
            [
                "Daily Planners",
                "/browse/office-supplies/daily-planners/1229749_8412191_3635432_5704117"
            ]
        ]
    },
    {
        "title": "Creative Haven Coloring Books: Country Scenes Coloring Book (Paperback)",
        "url": "https://www.walmart.com/ip/Creative-Haven-Coloring-Books-Country-Scenes-Coloring-Book-Paperback-9780486494555/33940493",
        "price": "$5.99",
        "stars": "4.5",
        "ratings": "26 ",
        "img": "",
        "tags": [
            [
                "Kid Art Easels & Stations",
                "/browse/toys/kid-art-easels-stations/4171_645779_1103012"
            ],
            [
                "Craft Kits",
                "/browse/toys/craft-kits/4171_645779_613040"
            ],
            [
                "Play Dough",
                "/browse/toys/play-dough/4171_645779_9285153_613042"
            ],
            [
                "Magna Doodle",
                "/browse/toys/magna-doodle/4171_645779_6408170_6399778"
            ],
            [
                "Etch-A-Sketch",
                "/browse/toys/etch-a-sketch/4171_645779_6408170_8550674"
            ],
            [
                "Glue for Slime",
                "/browse/toys/glue-for-slime/4171_645779_2165088_2131853_8604968"
            ],
            [
                "Toys for Kids 5 to 7 Years",
                "/browse/toys/toys-for-kids-5-to-7-years/4171_3318550_617941_8920388"
            ],
            [
                "Children's Paint and Paint Supplies",
                "/browse/toys/childrens-paint-paint-supplies/4171_645779_9646901"
            ]
        ]
    },
    {
        "title": "Alfred's Basic Adult All-In-One Course, Bk 2: Lesson * Theory * Solo, Comb Bound Book (Paperback)",
        "url": "https://www.walmart.com/ip/Alfred-s-Basic-Adult-All-In-One-Course-Bk-2-Lesson-Theory-Solo-Comb-Bound-Book-Paperback-9780882849959/6013688",
        "price": "$14.99",
        "stars": "3.7",
        "ratings": "3 ",
        "img": "",
        "tags": [
            [
                "Orchestral Strings",
                "/browse/musical-instruments/orchestral-strings/7796869_3983498_3933845_1097967"
            ],
            [
                "All Woodwind Instruments",
                "/browse/musical-instruments/all-woodwind-instruments/7796869_3983498_9087652_1141074"
            ],
            [
                "Basic Violins",
                "/browse/musical-instruments/basic-violins/7796869_3983498_3933845_7826142_1336625"
            ],
            [
                "All Musical Instrument Accessories",
                "/browse/musical-instruments/all-musical-instrument-accessories/7796869_6171829_3297174"
            ],
            [
                "Guitar Pickups",
                "/browse/musical-instruments/guitar-pickups/7796869_6171829_6548527_4923424"
            ],
            [
                "Pianos",
                "/browse/musical-instruments/pianos/7796869_7773339_5652647"
            ],
            [
                "Shop Piano Keyboards by Size",
                "/browse/musical-instruments/shop-piano-keyboards-by-size/7796869_1128453_3376388_6600975"
            ]
        ]
    },
    {
        "title": "Hal Leonard Guitar Method (Songbooks): Guitar for Kids: A Beginner's Guide with Step-By-Step Instruction for Acoustic and Electric Guitar (Other)",
        "url": "https://www.walmart.com/ip/Hal-Leonard-Guitar-Method-Songbooks-Guitar-for-Kids-A-Beginner-s-Guide-with-Step-By-Step-Instruction-for-Acoustic-and-Electric-Guitar-Other/10976454",
        "price": "$12.29",
        "stars": "4.0",
        "ratings": "2 ",
        "img": "",
        "tags": [
            [
                "General Music Kids' Books",
                "/browse/books/general-music-kids-books/3920_582053_1510443_1407178"
            ],
            [
                "Piano & Keyboard Books",
                "/browse/books/piano-keyboard-books/3920_582321_1318217_1527994_3613505"
            ],
            [
                "General Music Books",
                "/browse/books/general-music-books/3920_582321_1318217_4267978_3724995"
            ],
            [
                "Strings Books",
                "/browse/books/strings-books/3920_582321_1318217_1527994_4828820"
            ],
            [
                "Guitar & Fretted Instrument Printed Music Books",
                "/browse/books/guitar-fretted-instrument-printed-music-books/3920_582321_1318217_8863128_6217329"
            ],
            [
                "Guitar Books",
                "/browse/books/guitar-books/3920_582321_1318217_1527994_6410274"
            ],
            [
                "Children's Music Books",
                "/browse/books/childrens-music-books/3920_582321_1318217_4267978_8420615"
            ],
            [
                "General Printed Music / Sheet Music",
                "/browse/books/general-printed-music-sheet-music/3920_582321_1318217_8863128_9432690"
            ]
        ]
    },
    {
        "title": "Doodles, Portraits and Sketches! Fun How to Draw Activity Book",
        "url": "https://www.walmart.com/ip/Doodles-Portraits-and-Sketches-Fun-How-to-Draw-Activity-Book-9781683270911/459045613",
        "price": "$6.92",
        "stars": 0,
        "ratings": 0,
        "img": "",
        "tags": [
            [
                "Kids' Activity Books",
                "/browse/books/kids-activity-books/3920_582053_1099163"
            ],
            [
                "Techniques Kids' Books",
                "/browse/books/techniques-kids-books/3920_582053_582564_1729616"
            ],
            [
                "Pencil Drawing Books",
                "/browse/books/pencil-drawing-books/3920_582321_6907922_9561236_2232958"
            ],
            [
                "Study & Teaching Art Books",
                "/browse/books/study-teaching-art-books/3920_582321_6907922_4206399"
            ],
            [
                "Drawing Kids' Books",
                "/browse/books/drawing-kids-books/3920_582053_582564_6698366"
            ],
            [
                "Native American History Books",
                "/browse/books/native-american-history-books/3920_582331_7283574"
            ],
            [
                "Apologetics",
                "/browse/books/apologetics/3920_1987289_582374_9438566_8599080"
            ]
        ]
    }
]