[
    {
        "title": "Password Logbook: WTF Is My Password : Password Book Log Book AlphabeticalPocket Size Purple Flower Cover Black Frame 6\" x 9\" (Series #5) (Paperback)",
        "url": "https://www.walmart.com/ip/Password-Logbook-WTF-Is-My-Password-Password-Book-Log-Book-AlphabeticalPocket-Size-Purple-Flower-Cover-Black-Frame-6-x-9-Series-5-Paperback-9781702741569/747612569",
        "price": "$9.31",
        "stars": "5.0",
        "ratings": "1 ",
        "img": "",
        "tags": [
            [
                "Event Planning Reference Books",
                "/browse/books/event-planning-reference-books/3920_3943378_1932665"
            ],
            [
                "Calligraphy Books",
                "/browse/books/calligraphy-books/3920_582321_6907922_9561236_4528396"
            ],
            [
                "Online Safety & Privacy Books",
                "/browse/books/online-safety-privacy-books/3920_9724405_4153184_5011545"
            ],
            [
                "General Travel Books, Maps & Guides",
                "/browse/books/general-travel-books-maps-guides/3920_9360990_3286434_6831783"
            ],
            [
                "Crafts for Children Books",
                "/browse/books/crafts-for-children-books/3920_582361_7334565"
            ],
            [
                "Literary Collections - Diaries & Journals",
                "/browse/books/literary-collections-diaries-journals/3920_582105_1393947_7412999"
            ],
            [
                "Nature Crafts & Hobbies Books",
                "/browse/books/nature-crafts-hobbies-books/3920_582361_7777036"
            ],
            [
                "Weddings Reference Books",
                "/browse/books/weddings-reference-books/3920_3943378_9108457"
            ]
        ]
    },
    {
        "title": "KJOS Standard Of Excellence Book 1 Trumpet",
        "url": "https://www.walmart.com/ip/KJOS-Standard-Of-Excellence-Book-1-Trumpet-9780849759352/24212959",
        "price": "$10.99",
        "stars": "5.0",
        "ratings": "1 ",
        "img": "i5.walmartimages.com/asr/929cc782-93b9-47a6-9b4a-d8550e2e7914.addaf3399b786199f5e67aa351373485.jpeg?odnWidth=612&odnHeight=612&odnBg=ffffff",
        "tags": [
            [
                "Guitar Accessories",
                "/browse/musical-instruments/guitar-accessories/7796869_6171829_6548527_1074445"
            ],
            [
                "All Brass Instruments",
                "/browse/musical-instruments/all-brass-instruments/7796869_3983498_6165534_1133472"
            ],
            [
                "Sheet Music Stands",
                "/browse/musical-instruments/sheet-music-stands/7796869_6171829_8289180_2461226"
            ],
            [
                "Woodwind Instrument Reeds",
                "/browse/musical-instruments/woodwind-instrument-reeds/7796869_6171829_3641090_2667222"
            ],
            [
                "Capos",
                "/browse/musical-instruments/capos/7796869_6171829_6548527_3960077"
            ],
            [
                "Clarinet Reeds",
                "/browse/musical-instruments/clarinet-reeds/7796869_6171829_3641090_4102470"
            ],
            [
                "Acoustic Dampers",
                "/browse/musical-instruments/acoustic-dampers/7796869_1097690_4775467"
            ],
            [
                "Foam Tiles",
                "/browse/musical-instruments/foam-tiles/7796869_3348689_8429891"
            ]
        ]
    },
    {
        "title": "Level 3b - Theory Book: Piano Adventures (Paperback)",
        "url": "https://www.walmart.com/ip/Level-3b-Theory-Book-Piano-Adventures-Paperback-9781616771812/13980878",
        "price": "$8.64",
        "stars": "5.0",
        "ratings": "1 ",
        "img": "",
        "tags": [
            [
                "Orchestral Strings",
                "/browse/musical-instruments/orchestral-strings/7796869_3983498_3933845_1097967"
            ],
            [
                "All Woodwind Instruments",
                "/browse/musical-instruments/all-woodwind-instruments/7796869_3983498_9087652_1141074"
            ],
            [
                "Basic Violins",
                "/browse/musical-instruments/basic-violins/7796869_3983498_3933845_7826142_1336625"
            ],
            [
                "All Musical Instrument Accessories",
                "/browse/musical-instruments/all-musical-instrument-accessories/7796869_6171829_3297174"
            ],
            [
                "Guitar Pickups",
                "/browse/musical-instruments/guitar-pickups/7796869_6171829_6548527_4923424"
            ],
            [
                "Pianos",
                "/browse/musical-instruments/pianos/7796869_7773339_5652647"
            ],
            [
                "Shop Piano Keyboards by Size",
                "/browse/musical-instruments/shop-piano-keyboards-by-size/7796869_1128453_3376388_6600975"
            ]
        ]
    },
    {
        "title": "Accent on Achievement: Accent on Achievement, Bk 1: Trombone, Book & CD (Paperback)",
        "url": "https://www.walmart.com/ip/Accent-on-Achievement-Accent-on-Achievement-Bk-1-Trombone-Book-CD-Paperback-9780739005187/10279234",
        "price": "$9.80",
        "stars": 0,
        "ratings": 0,
        "img": "",
        "tags": [
            [
                "Orchestral Strings",
                "/browse/musical-instruments/orchestral-strings/7796869_3983498_3933845_1097967"
            ],
            [
                "All Woodwind Instruments",
                "/browse/musical-instruments/all-woodwind-instruments/7796869_3983498_9087652_1141074"
            ],
            [
                "Basic Violins",
                "/browse/musical-instruments/basic-violins/7796869_3983498_3933845_7826142_1336625"
            ],
            [
                "All Musical Instrument Accessories",
                "/browse/musical-instruments/all-musical-instrument-accessories/7796869_6171829_3297174"
            ],
            [
                "Guitar Pickups",
                "/browse/musical-instruments/guitar-pickups/7796869_6171829_6548527_4923424"
            ],
            [
                "Pianos",
                "/browse/musical-instruments/pianos/7796869_7773339_5652647"
            ],
            [
                "Shop Piano Keyboards by Size",
                "/browse/musical-instruments/shop-piano-keyboards-by-size/7796869_1128453_3376388_6600975"
            ]
        ]
    },
    {
        "title": "Hope, Grace & Faith (Hardcover)",
        "url": "https://www.walmart.com/ip/Hope-Grace-Faith-Hardcover-9781642932447/437465885",
        "price": "$16.89",
        "stars": "5.0",
        "ratings": "1 ",
        "img": "",
        "tags": [
            [
                "Country & Bluegrass Music Books",
                "/browse/books/country-bluegrass-music-books/3920_582321_1318217_4267978_2232693"
            ],
            [
                "Rich & Famous Biographies & Memoirs",
                "/browse/books/rich-famous-biographies-memoirs/3920_5196470_2244664"
            ],
            [
                "General American Government Political Books",
                "/browse/books/general-american-government-political-books/3920_5764957_5236963_4385918"
            ],
            [
                "Rock Music Books",
                "/browse/books/rock-music-books/3920_582321_1318217_4267978_6186495"
            ],
            [
                "Legal Dictionaries & Terminology Books",
                "/browse/books/legal-dictionaries-terminology-books/3920_1952589_7094570"
            ],
            [
                "Meditations",
                "/browse/books/meditations/3920_1987289_582055_7627073"
            ],
            [
                "Spirituality",
                "/browse/books/spirituality/3920_1987289_582055_8803444"
            ],
            [
                "Personal Memoirs",
                "/browse/books/personal-memoirs/3920_5196470_9711945"
            ]
        ]
    },
    {
        "title": "MANHOOD Adult Coloring Book for Relaxation, Meditation and Stress-Relief (Paperback)",
        "url": "https://www.walmart.com/ip/MANHOOD-Adult-Coloring-Book-for-Relaxation-Meditation-and-Stress-Relief-Paperback/674191581",
        "price": "$11.00",
        "stars": "4.5",
        "ratings": "2 ",
        "img": "",
        "tags": [
            [
                "Pictorial",
                "/browse/books/pictorial/3920_4310685_2750120"
            ],
            [
                "Rugs Crafts & Hobbies Books",
                "/browse/books/rugs-crafts-hobbies-books/3920_582361_6082509"
            ],
            [
                "Mindfulness & Meditation",
                "/browse/books/mindfulness-meditation/3920_1987289_5383544_6429422"
            ],
            [
                "Stress Management",
                "/browse/books/stress-management/3920_5642757_8917040_6623011"
            ],
            [
                "Energy",
                "/browse/books/energy/3920_1987289_5383544_5924535_7719662"
            ],
            [
                "Internal Medicine Books",
                "/browse/books/internal-medicine-books/3920_3203859_7985748"
            ],
            [
                "Coloring Books",
                "/browse/books/coloring-books/3920_582321_6907922_9561236_9744706"
            ],
            [
                "General Crafts & Hobbies Books",
                "/browse/books/general-crafts-hobbies-books/3920_582361_9762077"
            ]
        ]
    },
    {
        "title": "Art in Renaissance Italy, Fourth Edition",
        "url": "https://www.walmart.com/ip/Art-in-Renaissance-Italy-Fourth-Edition-9781856697972/342145727",
        "price": "$48.36",
        "stars": 0,
        "ratings": 0,
        "img": "",
        "tags": [
            [
                "Science & Technology Biographies & Memoirs",
                "/browse/books/science-technology-biographies-memoirs/3920_5196470_2860773"
            ],
            [
                "General Art History Books",
                "/browse/books/general-art-history-books/3920_582321_6907922_2433868_3443973"
            ],
            [
                "Portraits Art Books",
                "/browse/books/portraits-art-books/3920_582321_6907922_9682242_4236923"
            ],
            [
                "European Art Books",
                "/browse/books/european-art-books/3920_582321_6907922_4378258"
            ],
            [
                "Renaissance Literary Criticism Books",
                "/browse/books/renaissance-literary-criticism-books/3920_582105_8476958_4387916"
            ],
            [
                "Individual Artists Art Books",
                "/browse/books/individual-artists-art-books/3920_582321_6907922_5158962"
            ],
            [
                "Human Figure Art Books",
                "/browse/books/human-figure-art-books/3920_582321_6907922_9682242_7841785"
            ],
            [
                "Artists, Architects & Photographers Biographies & Memoirs",
                "/browse/books/artists-architects-photographers-biographies-memoirs/3920_5196470_8238806"
            ]
        ]
    },
    {
        "title": "Stickerbomb Skateboard : 150 Classic Skateboard Stickers",
        "url": "https://www.walmart.com/ip/Stickerbomb-Skateboard-150-Classic-Skateboard-Stickers-9781780674124/41674243",
        "price": "$23.65",
        "stars": 0,
        "ratings": 0,
        "img": "i5.walmartimages.com/asr/2f52eb30-0f44-45df-99df-036aa35fd024_1.da526a8c70cccc0742583b6359f67fa7.jpeg?odnWidth=612&odnHeight=612&odnBg=ffffff",
        "tags": [
            [
                "Midwest State & Local United States History Books",
                "/browse/books/midwest-state-local-united-states-history-books/3920_582331_583318_8751259_2590618"
            ],
            [
                "Criminology Books",
                "/browse/books/criminology-books/3920_2761424_8176770_3026547"
            ],
            [
                "Prehistoric & Primitive Art History Books",
                "/browse/books/prehistoric-primitive-art-history-books/3920_582321_6907922_2433868_3377875"
            ],
            [
                "Contemporary Art History Books",
                "/browse/books/contemporary-art-history-books/3920_582321_6907922_2433868_4373375"
            ],
            [
                "Calligraphy Books",
                "/browse/books/calligraphy-books/3920_582321_6907922_9561236_4528396"
            ],
            [
                "Art & Politics Art Books",
                "/browse/books/art-politics-art-books/3920_582321_6907922_5818427"
            ],
            [
                "General Art Technique Books",
                "/browse/books/general-art-technique-books/3920_582321_6907922_9561236_7410919"
            ],
            [
                "Popular Culture Art Books",
                "/browse/books/popular-culture-art-books/3920_582321_6907922_7436890"
            ]
        ]
    },
    {
        "title": "City Farmhouse Style : Designs for a Modern Country Life",
        "url": "https://www.walmart.com/ip/City-Farmhouse-Style-Designs-for-a-Modern-Country-Life-9781419726507/55745319",
        "price": "$14.89",
        "stars": "2.0",
        "ratings": "1 ",
        "img": "",
        "tags": [
            [
                "Plants & Animals Art Books",
                "/browse/books/plants-animals-art-books/3920_582321_6907922_9682242_1331853"
            ],
            [
                "Quilts & Quilting Crafts & Hobbies Books",
                "/browse/books/quilts-quilting-crafts-hobbies-books/3920_582361_1623523"
            ],
            [
                "Decorating Crafts & Hobbies Books",
                "/browse/books/decorating-crafts-hobbies-books/3920_582361_1850433"
            ],
            [
                "Creativity Self-Help Books",
                "/browse/books/creativity-self-help-books/3920_5642757_2160430"
            ],
            [
                "Mindfulness & Meditation",
                "/browse/books/mindfulness-meditation/3920_1987289_5383544_6429422"
            ],
            [
                "Interior Decorating Design Books",
                "/browse/books/interior-decorating-design-books/3920_582321_9365291_6508919"
            ],
            [
                "Origami Crafts & Hobbies Books",
                "/browse/books/origami-crafts-hobbies-books/3920_582361_9574357"
            ],
            [
                "General Crafts & Hobbies Books",
                "/browse/books/general-crafts-hobbies-books/3920_582361_9762077"
            ]
        ]
    },
    {
        "title": "The Official Bob Ross Coloring Book : The Colors of the Four Seasons (Paperback)",
        "url": "https://www.walmart.com/ip/The-Official-Bob-Ross-Coloring-Book-The-Colors-of-the-Four-Seasons-Paperback/932787099",
        "price": "$6.99",
        "stars": "5.0",
        "ratings": "1 ",
        "img": "",
        "tags": [
            [
                "Kid Art Easels & Stations",
                "/browse/toys/kid-art-easels-stations/4171_645779_1103012"
            ],
            [
                "Bobble Heads",
                "/browse/toys/bobble-heads/4171_4172_1224720"
            ],
            [
                "Craft Kits",
                "/browse/toys/craft-kits/4171_645779_613040"
            ],
            [
                "Play Dough",
                "/browse/toys/play-dough/4171_645779_9285153_613042"
            ],
            [
                "Magna Doodle",
                "/browse/toys/magna-doodle/4171_645779_6408170_6399778"
            ],
            [
                "Etch-A-Sketch",
                "/browse/toys/etch-a-sketch/4171_645779_6408170_8550674"
            ],
            [
                "Glue for Slime",
                "/browse/toys/glue-for-slime/4171_645779_2165088_2131853_8604968"
            ],
            [
                "Children's Paint and Paint Supplies",
                "/browse/toys/childrens-paint-paint-supplies/4171_645779_9646901"
            ]
        ]
    }
]