[
    {
        "title": "Pinkalicious: Pinkalicious and the Little Butterfly (Paperback)",
        "url": "https://www.walmart.com/ip/Pinkalicious-Pinkalicious-and-the-Little-Butterfly-Paperback-9780062410719/47700883",
        "price": "$4.74",
        "stars": "5.0",
        "ratings": "2 ",
        "img": "",
        "tags": [
            [
                "Values & Virtues Kids' Books",
                "/browse/books/values-virtues-kids-books/3920_582053_585928_5126314"
            ],
            [
                "Nature & Earth Sciences Kids' Books",
                "/browse/books/nature-earth-sciences-kids-books/3920_582053_583632"
            ],
            [
                "Girls & Women Kids' Books",
                "/browse/books/girls-women-kids-books/3920_582053_585984"
            ],
            [
                "Ages 6-8 Kids' Books",
                "/browse/books/ages-6-8-kids-books/3920_582053_656540"
            ],
            [
                "Imagination & Play Kids' Books",
                "/browse/books/imagination-play-kids-books/3920_582053_7487610"
            ],
            [
                "Butterflies, Moths & Caterpillars Kids' Books",
                "/browse/books/butterflies-moths-caterpillars-kids-books/3920_582053_584177_7574120"
            ],
            [
                "Summer Reading Picture Books",
                "/browse/books/summer-reading-picture-books/3920_6726310_9889612"
            ],
            [
                "Dance Kids' Books",
                "/browse/books/dance-kids-books/3920_582053_2270784_9935948"
            ]
        ]
    },
    {
        "title": "Barbie (Pb): I Can Be a Pet Vet (Hardcover)",
        "url": "https://www.walmart.com/ip/Barbie-Pb-I-Can-Be-a-Pet-Vet-Hardcover-9780606145619/113126081",
        "price": "$3.99",
        "stars": "4.6",
        "ratings": "5 ",
        "img": "",
        "tags": [
            [
                "Death, Grief & Bereavement Self-Help Books",
                "/browse/books/death-grief-bereavement-self-help-books/3920_5642757_2529234"
            ],
            [
                "Pets Kids' Books",
                "/browse/books/pets-kids-books/3920_582053_584177_4081151"
            ],
            [
                "Funny Kids' Books",
                "/browse/books/funny-kids-books/3920_582053_582573"
            ],
            [
                "Horses Kids' Books",
                "/browse/books/horses-kids-books/3920_582053_584177_585930"
            ],
            [
                "Girls & Women Kids' Books",
                "/browse/books/girls-women-kids-books/3920_582053_585984"
            ],
            [
                "Ages 6-8 Kids' Books",
                "/browse/books/ages-6-8-kids-books/3920_582053_656540"
            ],
            [
                "Beginner Reading Kids' Books",
                "/browse/books/beginner-reading-kids-books/3920_582053_1106635_8429344"
            ]
        ]
    },
    {
        "title": "The Tale of Despereaux: Being the Story of a Mouse, a Princess, Some Soup, and a Spool of Thread (Paperback)",
        "url": "https://www.walmart.com/ip/The-Tale-of-Despereaux-Being-the-Story-of-a-Mouse-a-Princess-Some-Soup-and-a-Spool-of-Thread-Paperback-9780763680893/46423952",
        "price": "$8.99",
        "stars": "4.2",
        "ratings": "194 ",
        "img": "",
        "tags": [
            [
                "Elephants Kids' Books",
                "/browse/books/elephants-kids-books/3920_582053_584177_585921"
            ],
            [
                "Lions, Tigers, Leopards & More Kids' Books",
                "/browse/books/lions-tigers-leopards-more-kids-books/3920_582053_584177_585939"
            ],
            [
                "Mice, Hamsters, Guinea Pigs & More Kids' Books",
                "/browse/books/mice-hamsters-guinea-pigs-more-kids-books/3920_582053_584177_585943"
            ],
            [
                "Emotions & Feelings Kids' Books",
                "/browse/books/emotions-feelings-kids-books/3920_582053_585928_586160"
            ],
            [
                "Friendship Kids' Books",
                "/browse/books/friendship-kids-books/3920_582053_585928_586161"
            ],
            [
                "Siblings Kids' Books",
                "/browse/books/siblings-kids-books/3920_582053_585918_586173"
            ],
            [
                "Toys, Dolls & Puppet Kids' Books",
                "/browse/books/toys-dolls-puppet-kids-books/3920_582053_6012294"
            ],
            [
                "Summer Reading Chapter Books",
                "/browse/books/summer-reading-chapter-books/3920_6726310_9771890"
            ]
        ]
    },
    {
        "title": "Amazing Machines: Tough Trucks (Paperback)",
        "url": "https://www.walmart.com/ip/Amazing-Machines-Tough-Trucks-Paperback-9780753459171/3951200",
        "price": "$4.99",
        "stars": "4.8",
        "ratings": "9 ",
        "img": "",
        "tags": [
            [
                "Cars & Trucks Kids' Books",
                "/browse/books/cars-trucks-kids-books/3920_582053_3323652_1338868"
            ],
            [
                "Children's Books Top 100",
                "/browse/books/childrens-books-top-100/3920_1057224_1568396"
            ],
            [
                "Alphabet Kids' Books",
                "/browse/books/alphabet-kids-books/3920_582053_6630876_5347236"
            ],
            [
                "Dinosaurs & Prehistoric Creatures Kids' Books",
                "/browse/books/dinosaurs-prehistoric-creatures-kids-books/3920_582053_584177_585916"
            ],
            [
                "Baby - Age 2 Kids' Books",
                "/browse/books/baby-age-2-kids-books/3920_582053_593774"
            ],
            [
                "Ages 3-5 Kids' Books",
                "/browse/books/ages-3-5-kids-books/3920_582053_656539"
            ],
            [
                "Ages 6-8 Kids' Books",
                "/browse/books/ages-6-8-kids-books/3920_582053_656540"
            ],
            [
                "Counting & Numbers Kids' Books",
                "/browse/books/counting-numbers-kids-books/3920_582053_6630876_9855543"
            ]
        ]
    },
    {
        "title": "Yahtzee Score Card: Dice Game 100 Score Sheet, Amazing Game recorder yardzee score keeper book Score Record",
        "url": "https://www.walmart.com/ip/Yahtzee-Score-Card-Dice-Game-100-Score-Sheet-Amazing-Game-recorder-yardzee-score-keeper-book-Score-Record-9781072472933/536104163",
        "price": "$9.58",
        "stars": 0,
        "ratings": 0,
        "img": "",
        "tags": [
            [
                "Kids' Activity Books",
                "/browse/books/kids-activity-books/3920_582053_1099163"
            ],
            [
                "Board Game Books",
                "/browse/books/board-game-books/3920_582361_9999446_1916675"
            ],
            [
                "Christology",
                "/browse/books/christology/3920_1987289_582374_9438566_3047431"
            ],
            [
                "Travel Games Books",
                "/browse/books/travel-games-books/3920_582361_9999446_3288869"
            ],
            [
                "Discipleship",
                "/browse/books/discipleship/3920_1987289_582374_8889295_3739443"
            ],
            [
                "Chess Books",
                "/browse/books/chess-books/3920_582361_9999446_4371181"
            ],
            [
                "Alphabet Kids' Books",
                "/browse/books/alphabet-kids-books/3920_582053_6630876_5347236"
            ],
            [
                "General Games & Activity Books",
                "/browse/books/general-games-activity-books/3920_582361_9999446_6935387"
            ]
        ]
    },
    {
        "title": "Cat in the Hat's Learning Library: Hark! a Shark! : All about Sharks (Hardcover)",
        "url": "https://www.walmart.com/ip/Cat-in-the-Hat-s-Learning-Library-Hark-a-Shark-All-about-Sharks-Hardcover-9780375870736/20902349",
        "price": "$9.06",
        "stars": "5.0",
        "ratings": "1 ",
        "img": "",
        "tags": [
            [
                "Read Across America",
                "/browse/books/read-across-america/3920_582053_5445825"
            ],
            [
                "Dinosaurs & Prehistoric Creatures Kids' Books",
                "/browse/books/dinosaurs-prehistoric-creatures-kids-books/3920_582053_584177_585916"
            ],
            [
                "Fish Kids' Books",
                "/browse/books/fish-kids-books/3920_582053_584177_585929"
            ],
            [
                "Insects, Spiders & More Kids' Books",
                "/browse/books/insects-spiders-more-kids-books/3920_582053_584177_585936"
            ],
            [
                "General Animal Kids' Books",
                "/browse/books/general-animal-kids-books/3920_582053_584177_585948"
            ],
            [
                "Beginner Reading Kids' Books",
                "/browse/books/beginner-reading-kids-books/3920_582053_1106635_8429344"
            ],
            [
                "Dr. Seuss",
                "/browse/books/dr-seuss/3920_582053_9858324"
            ]
        ]
    },
    {
        "title": "Muggie Maggie (Paperback)",
        "url": "https://www.walmart.com/ip/Muggie-Maggie-Paperback-9780380710874/25675346",
        "price": "$2.99",
        "stars": "3.7",
        "ratings": "13 ",
        "img": "",
        "tags": [
            [
                "General Fiction Books",
                "/browse/books/general-fiction-books/3920_582105_9435716_584297"
            ],
            [
                "Cats Kids' Books",
                "/browse/books/cats-kids-books/3920_582053_584177_585915"
            ],
            [
                "Books with Women Sleuths",
                "/browse/books/books-with-women-sleuths/3920_582105_9435716_586706_3971473_586720"
            ],
            [
                "Toys, Dolls & Puppet Kids' Books",
                "/browse/books/toys-dolls-puppet-kids-books/3920_582053_6012294"
            ],
            [
                "Science Fiction Romance Books",
                "/browse/books/science-fiction-romance-books/3920_582105_582052_6575597"
            ],
            [
                "Biographical Novels",
                "/browse/books/biographical-novels/3920_582105_9435716_7039069"
            ],
            [
                "Pete the Cat Books",
                "/browse/books/pete-the-cat-books/3920_582053_8223069"
            ],
            [
                "Apologetics",
                "/browse/books/apologetics/3920_1987289_582374_9438566_8599080"
            ]
        ]
    },
    {
        "title": "Guess How Much I Love You",
        "url": "https://www.walmart.com/ip/Guess-How-Much-I-Love-You-9781536210637/769042058",
        "price": "$6.97",
        "stars": 0,
        "ratings": 0,
        "img": "",
        "tags": [
            [
                "Children's Books Top 100",
                "/browse/books/childrens-books-top-100/3920_1057224_1568396"
            ],
            [
                "Preschool to Kindergarten Back to School Books",
                "/browse/books/preschool-to-kindergarten-back-to-school-books/3920_8955258_1893215"
            ],
            [
                "Emotions & Feelings Kids' Books",
                "/browse/books/emotions-feelings-kids-books/3920_582053_585928_586160"
            ],
            [
                "Parents Kids' Books",
                "/browse/books/parents-kids-books/3920_582053_585918_586171"
            ],
            [
                "Baby - Age 2 Kids' Books",
                "/browse/books/baby-age-2-kids-books/3920_582053_593774"
            ],
            [
                "Bedtime & Dreams Kids' Books",
                "/browse/books/bedtime-dreams-kids-books/3920_582053_7198550"
            ],
            [
                "Children's Books",
                "/browse/books/childrens-books/3920_9420011_9231964"
            ]
        ]
    },
    {
        "title": "Questioneers: Sofia Valdez, Future Prez (Hardcover)",
        "url": "https://www.walmart.com/ip/Questioneers-Sofia-Valdez-Future-Prez-Hardcover-9781419737046/462510857",
        "price": "$15.03",
        "stars": "5.0",
        "ratings": "1 ",
        "img": "",
        "tags": [
            [
                "Children's Books Top 100",
                "/browse/books/childrens-books-top-100/3920_1057224_1568396"
            ],
            [
                "Diary of a Wimpy Kid",
                "/browse/books/diary-of-a-wimpy-kid/3920_582053_4214513"
            ],
            [
                "Children's & Kid's General Science & Nature Books",
                "/browse/books/childrens-kids-general-science-nature-books/3920_582053_2831200_5524895_5427716"
            ],
            [
                "Read Across America",
                "/browse/books/read-across-america/3920_582053_5445825"
            ],
            [
                "Cats Kids' Books",
                "/browse/books/cats-kids-books/3920_582053_584177_585915"
            ],
            [
                "Toys, Dolls & Puppet Kids' Books",
                "/browse/books/toys-dolls-puppet-kids-books/3920_582053_6012294"
            ],
            [
                "Dr. Seuss",
                "/browse/books/dr-seuss/3920_582053_9858324"
            ]
        ]
    },
    {
        "title": "Little Golden Book: Trapped by the Green Goblin! (Marvel: Spider-Man) (Hardcover)",
        "url": "https://www.walmart.com/ip/Little-Golden-Book-Trapped-by-the-Green-Goblin-Marvel-Spider-Man-Hardcover/22150296",
        "price": "$8.99",
        "stars": 0,
        "ratings": 0,
        "img": "i5.walmartimages.com/asr/251929f4-c190-491e-acb6-a7ff704faa6f_1.fd288e23bc329816bb6078d96353a0b6.jpeg?odnWidth=612&odnHeight=612&odnBg=ffffff",
        "tags": [
            [
                "Chapter Books for Kids",
                "/browse/books/chapter-books-for-kids/3920_582053_1106635_1106636"
            ],
            [
                "Children's Books Top 100",
                "/browse/books/childrens-books-top-100/3920_1057224_1568396"
            ],
            [
                "Dinosaurs & Prehistoric Creatures Kids' Books",
                "/browse/books/dinosaurs-prehistoric-creatures-kids-books/3920_582053_584177_585916"
            ],
            [
                "Action & Adventure Kids' Books",
                "/browse/books/action-adventure-kids-books/3920_582053_586177"
            ],
            [
                "Paw Patrol Books",
                "/browse/books/paw-patrol-books/3920_582053_8467779_6004147"
            ],
            [
                "General Comic Books for Kids",
                "/browse/books/general-comic-books-for-kids/3920_582053_7035585_6056057"
            ]
        ]
    }
]