[
    {
        "title": "Robin Williams - Night at the Met - CD",
        "url": "https://www.walmart.com/ip/Robin-Williams-Night-at-the-Met-CD/29600665",
        "price": "$7.79",
        "stars": "2.0",
        "ratings": "1 ",
        "img": "",
        "tags": []
    },
    {
        "title": "Standard Wirebound Manuscript Paper (Green Cover)",
        "url": "https://www.walmart.com/ip/Standard-Wirebound-Manuscript-Paper-Green-Cover-9780881884999/8042403",
        "price": "$7.23",
        "stars": "4.5",
        "ratings": "2 ",
        "img": "",
        "tags": [
            [
                "Orchestral Strings",
                "/browse/musical-instruments/orchestral-strings/7796869_3983498_3933845_1097967"
            ],
            [
                "All Woodwind Instruments",
                "/browse/musical-instruments/all-woodwind-instruments/7796869_3983498_9087652_1141074"
            ],
            [
                "Basic Violins",
                "/browse/musical-instruments/basic-violins/7796869_3983498_3933845_7826142_1336625"
            ],
            [
                "All Musical Instrument Accessories",
                "/browse/musical-instruments/all-musical-instrument-accessories/7796869_6171829_3297174"
            ],
            [
                "Guitar Pickups",
                "/browse/musical-instruments/guitar-pickups/7796869_6171829_6548527_4923424"
            ],
            [
                "Pianos",
                "/browse/musical-instruments/pianos/7796869_7773339_5652647"
            ],
            [
                "Shop Piano Keyboards by Size",
                "/browse/musical-instruments/shop-piano-keyboards-by-size/7796869_1128453_3376388_6600975"
            ]
        ]
    },
    {
        "title": "Anne Geddes 2021 Wall Calendar",
        "url": "https://www.walmart.com/ip/Anne-Geddes-2021-Wall-Calendar-9781524857219/819871113",
        "price": "$13.95",
        "stars": 0,
        "ratings": 0,
        "img": "",
        "tags": [
            [
                "Plants & Animals Photography Books",
                "/browse/books/plants-animals-photography-books/3920_582321_5674104_4153737_1664473"
            ],
            [
                "Erotica Photography Books",
                "/browse/books/erotica-photography-books/3920_582321_5674104_4153737_3491201"
            ],
            [
                "Portraits & Selfies Photography Books",
                "/browse/books/portraits-selfies-photography-books/3920_582321_5674104_4153737_4234192"
            ],
            [
                "Celebrity Photography Books",
                "/browse/books/celebrity-photography-books/3920_582321_5674104_4153737_4893903"
            ],
            [
                "Rock Music Books",
                "/browse/books/rock-music-books/3920_582321_1318217_4267978_6186495"
            ],
            [
                "Photoessays & Documentaries Books",
                "/browse/books/photoessays-documentaries-books/3920_582321_5674104_6543460"
            ],
            [
                "Architectural & Industrial Photography Books",
                "/browse/books/architectural-industrial-photography-books/3920_582321_5674104_4153737_6809289"
            ],
            [
                "Collections, Catalogs & Exhibitions Books",
                "/browse/books/collections-catalogs-exhibitions-books/3920_582321_5674104_8075710"
            ]
        ]
    },
    {
        "title": "Paint by Sticker Masterpieces - Paperback",
        "url": "https://www.walmart.com/ip/Paint-by-Sticker-Masterpieces-Paperback-9780761189510/51798904",
        "price": "$9.19",
        "stars": "5.0",
        "ratings": "4 ",
        "img": "i5.walmartimages.com/asr/497bb9cf-7eec-44b3-8db9-192ddc2887f3_2.d33560145182f9d10923df13f5394b2c.jpeg?odnWidth=612&odnHeight=612&odnBg=ffffff",
        "tags": [
            [
                "Kids' Activity Books",
                "/browse/books/kids-activity-books/3920_582053_1099163"
            ],
            [
                "Puzzle Books",
                "/browse/books/puzzle-books/3920_582361_9999446_2894227"
            ],
            [
                "Activity Books",
                "/browse/books/activity-books/3920_582361_9999446_5431217"
            ],
            [
                "Crafts, Hobbies & Activities Kids' Books",
                "/browse/books/crafts-hobbies-activities-kids-books/3920_582053_583387"
            ],
            [
                "Christmas & Advent Kids' Books",
                "/browse/books/christmas-advent-kids-books/3920_582053_585922_585988"
            ],
            [
                "Teen & Young Adult Activity Books",
                "/browse/books/teen-young-adult-activity-books/3920_1068785_6337190"
            ],
            [
                "General Games & Activity Books",
                "/browse/books/general-games-activity-books/3920_582361_9999446_6935387"
            ],
            [
                "Coloring Books",
                "/browse/books/coloring-books/3920_582321_6907922_9561236_9744706"
            ]
        ]
    },
    {
        "title": "Disney Dreams Collection by Thomas Kinkade Studios: 2021 Monthly/Weekly Engageme",
        "url": "https://www.walmart.com/ip/Disney-Dreams-Collection-by-Thomas-Kinkade-Studios-2021-Monthly-Weekly-Engageme-9781524855970/426813360",
        "price": "$15.29",
        "stars": 0,
        "ratings": 0,
        "img": "",
        "tags": [
            [
                "Tarot Cards & Books",
                "/browse/books/tarot-cards-books/3920_1987289_1946456"
            ],
            [
                "Goddess Worship",
                "/browse/books/goddess-worship/3920_1987289_5383544_4377545"
            ],
            [
                "Animated Film Books",
                "/browse/books/animated-film-books/3920_582321_6572320_5808584_4930564"
            ],
            [
                "Religious Art Books",
                "/browse/books/religious-art-books/3920_582321_6907922_9682242_5982485"
            ],
            [
                "Landscapes & Seascapes Art Books",
                "/browse/books/landscapes-seascapes-art-books/3920_582321_6907922_9682242_6204099"
            ],
            [
                "Gaia & Earth Engeries",
                "/browse/books/gaia-earth-engeries/3920_1987289_5383544_7222079"
            ],
            [
                "Popular Culture Art Books",
                "/browse/books/popular-culture-art-books/3920_582321_6907922_7436890"
            ],
            [
                "General Crafts & Hobbies Books",
                "/browse/books/general-crafts-hobbies-books/3920_582361_9762077"
            ]
        ]
    },
    {
        "title": "The Golden Girls: Forever Golden : The Real Autobiographies of Dorothy, Rose, Sophia, and Blanche (Hardcover)",
        "url": "https://www.walmart.com/ip/The-Golden-Girls-Forever-Golden-The-Real-Autobiographies-of-Dorothy-Rose-Sophia-and-Blanche-Hardcover-9780762497249/402240236",
        "price": "$15.49",
        "stars": 0,
        "ratings": 0,
        "img": "i5.walmartimages.com/asr/287e7c70-ba53-48ee-afc2-cde45d0fd46f.45086984fe5a5da9fef98ad91756dc84.jpeg?odnWidth=612&odnHeight=612&odnBg=ffffff",
        "tags": [
            [
                "Action & Adventure Fantasy Books",
                "/browse/books/action-adventure-fantasy-books/3920_582105_9435716_586163_586162_1603498"
            ],
            [
                "Decorating Crafts & Hobbies Books",
                "/browse/books/decorating-crafts-hobbies-books/3920_582361_1850433"
            ],
            [
                "Dragons, Unicorns & Mythical Creatures Kids' Books",
                "/browse/books/dragons-unicorns-mythical-creatures-kids-books/3920_582053_584177_2122790"
            ],
            [
                "Humor Novels",
                "/browse/books/humor-novels/3920_582105_9435716_2410560"
            ],
            [
                "Cookbooks for Entertaining",
                "/browse/books/cookbooks-for-entertaining/3920_3036003_6652905"
            ],
            [
                "Anecdotes & Quotations",
                "/browse/books/anecdotes-quotations/3920_4310685_7480885"
            ],
            [
                "Card Game Books",
                "/browse/books/card-game-books/3920_582361_9999446_9197590"
            ],
            [
                "TV History & Criticism Books",
                "/browse/books/tv-history-criticism-books/3920_582321_6572320_6482205_9807057"
            ]
        ]
    },
    {
        "title": "The Design of Everyday Things (Paperback)",
        "url": "https://www.walmart.com/ip/The-Design-of-Everyday-Things-Paperback-9780465050659/23257678",
        "price": "$15.60",
        "stars": "4.0",
        "ratings": "23 ",
        "img": "i5.walmartimages.com/asr/4b00015b-dc95-4c60-854e-2001931fea89.163df868058948e80e54169aca7a3b4b.jpeg?odnWidth=612&odnHeight=612&odnBg=ffffff",
        "tags": [
            [
                "Project Management Books",
                "/browse/walmart-for-business/project-management-books/6735581_8499989_1633591_1336074"
            ],
            [
                "Office Software",
                "/browse/walmart-for-business/office-software/6735581_8499989_1794508"
            ],
            [
                "Motivational & Personal Success Books",
                "/browse/walmart-for-business/motivational-personal-success-books/6735581_8499989_1633591_4891565"
            ],
            [
                "Management & Leadership Books",
                "/browse/walmart-for-business/management-leadership-books/6735581_8499989_1633591_6711821"
            ],
            [
                "Labels",
                "/browse/walmart-for-business/labels/6735581_6919605_3637763_6994621"
            ],
            [
                "Business Biographies & Memoirs",
                "/browse/walmart-for-business/business-biographies-memoirs/6735581_8499989_1633591_9300207"
            ],
            [
                "Marketing Books",
                "/browse/walmart-for-business/marketing-books/6735581_8499989_1633591_9847330"
            ],
            [
                "Investments & Securities Books",
                "/browse/walmart-for-business/investments-securities-books/6735581_8499989_1633591_9986455"
            ]
        ]
    },
    {
        "title": "The Easy Piano Hymn Collection : Easy Piano",
        "url": "https://www.walmart.com/ip/The-Easy-Piano-Hymn-Collection-Easy-Piano-9780634029196/25785993",
        "price": "$12.99",
        "stars": 0,
        "ratings": 0,
        "img": "",
        "tags": [
            [
                "Orchestral Strings",
                "/browse/musical-instruments/orchestral-strings/7796869_3983498_3933845_1097967"
            ],
            [
                "All Woodwind Instruments",
                "/browse/musical-instruments/all-woodwind-instruments/7796869_3983498_9087652_1141074"
            ],
            [
                "Basic Violins",
                "/browse/musical-instruments/basic-violins/7796869_3983498_3933845_7826142_1336625"
            ],
            [
                "All Musical Instrument Accessories",
                "/browse/musical-instruments/all-musical-instrument-accessories/7796869_6171829_3297174"
            ],
            [
                "Guitar Pickups",
                "/browse/musical-instruments/guitar-pickups/7796869_6171829_6548527_4923424"
            ],
            [
                "Pianos",
                "/browse/musical-instruments/pianos/7796869_7773339_5652647"
            ],
            [
                "Shop Piano Keyboards by Size",
                "/browse/musical-instruments/shop-piano-keyboards-by-size/7796869_1128453_3376388_6600975"
            ]
        ]
    },
    {
        "title": "10 for 10 Sheet Music -- Classical Piano Favorites, Bk2 (Paperback)",
        "url": "https://www.walmart.com/ip/10-for-10-Sheet-Music-Classical-Piano-Favorites-Bk2-Paperback-9781470641924/741373567",
        "price": "$10.00",
        "stars": "5.0",
        "ratings": "1 ",
        "img": "",
        "tags": [
            [
                "Orchestral Strings",
                "/browse/musical-instruments/orchestral-strings/7796869_3983498_3933845_1097967"
            ],
            [
                "All Woodwind Instruments",
                "/browse/musical-instruments/all-woodwind-instruments/7796869_3983498_9087652_1141074"
            ],
            [
                "Basic Violins",
                "/browse/musical-instruments/basic-violins/7796869_3983498_3933845_7826142_1336625"
            ],
            [
                "All Musical Instrument Accessories",
                "/browse/musical-instruments/all-musical-instrument-accessories/7796869_6171829_3297174"
            ],
            [
                "Guitar Pickups",
                "/browse/musical-instruments/guitar-pickups/7796869_6171829_6548527_4923424"
            ],
            [
                "Pianos",
                "/browse/musical-instruments/pianos/7796869_7773339_5652647"
            ],
            [
                "Shop Piano Keyboards by Size",
                "/browse/musical-instruments/shop-piano-keyboards-by-size/7796869_1128453_3376388_6600975"
            ]
        ]
    },
    {
        "title": "Shibori : The Inventive Art of Japanese Shaped Resist Dyeing",
        "url": "https://www.walmart.com/ip/Shibori-The-Inventive-Art-of-Japanese-Shaped-Resist-Dyeing-9781568363967/19957436",
        "price": "$37.34",
        "stars": 0,
        "ratings": 0,
        "img": "",
        "tags": [
            [
                "Project Management Books",
                "/browse/walmart-for-business/project-management-books/6735581_8499989_1633591_1336074"
            ],
            [
                "Office Software",
                "/browse/walmart-for-business/office-software/6735581_8499989_1794508"
            ],
            [
                "Motivational & Personal Success Books",
                "/browse/walmart-for-business/motivational-personal-success-books/6735581_8499989_1633591_4891565"
            ],
            [
                "Management & Leadership Books",
                "/browse/walmart-for-business/management-leadership-books/6735581_8499989_1633591_6711821"
            ],
            [
                "Labels",
                "/browse/walmart-for-business/labels/6735581_6919605_3637763_6994621"
            ],
            [
                "Business Biographies & Memoirs",
                "/browse/walmart-for-business/business-biographies-memoirs/6735581_8499989_1633591_9300207"
            ],
            [
                "Marketing Books",
                "/browse/walmart-for-business/marketing-books/6735581_8499989_1633591_9847330"
            ],
            [
                "Investments & Securities Books",
                "/browse/walmart-for-business/investments-securities-books/6735581_8499989_1633591_9986455"
            ]
        ]
    }
]