[
    {
        "title": "The Berenstain Bears Happy Halloween! (Hardcover)",
        "url": "https://www.walmart.com/ip/The-Berenstain-Bears-Happy-Halloween-Hardcover-9780385371919/22267168",
        "price": "$9.49",
        "stars": 0,
        "ratings": 0,
        "img": "",
        "tags": [
            [
                "Values & Virtues Christian Kids' Books",
                "/browse/books/values-virtues-christian-kids-books/3920_1987289_582374_1551209_3219672"
            ],
            [
                "Funny Kids' Books",
                "/browse/books/funny-kids-books/3920_582053_582573"
            ],
            [
                "Bears Kids' Books",
                "/browse/books/bears-kids-books/3920_582053_584177_585913"
            ],
            [
                "Christmas & Advent Kids' Books",
                "/browse/books/christmas-advent-kids-books/3920_582053_585922_585988"
            ],
            [
                "Halloween Kids' Books",
                "/browse/books/halloween-kids-books/3920_582053_585922_585989"
            ],
            [
                "Christian Holidays & Celebrations Kids' Books",
                "/browse/books/christian-holidays-celebrations-kids-books/3920_1987289_582374_1551209_6868997"
            ],
            [
                "Early Readers Christian Kids' Books",
                "/browse/books/early-readers-christian-kids-books/3920_1987289_582374_1551209_8814420"
            ]
        ]
    },
    {
        "title": "Poky Little Puppy (Board Book)",
        "url": "https://www.walmart.com/ip/Poky-Little-Puppy-Board-Book-9780375839252/5089707",
        "price": "$4.19",
        "stars": "4.1",
        "ratings": "36 ",
        "img": "i5.walmartimages.com/asr/ca24e9c4-2402-464c-9b44-c15c69887edf_1.1ad8c8a9710af062c611e4d5df69fe12.jpeg?odnWidth=612&odnHeight=612&odnBg=ffffff",
        "tags": [
            [
                "Classic Kids' Books",
                "/browse/books/classic-kids-books/3920_582053_1106632"
            ],
            [
                "Children's Books Top 100",
                "/browse/books/childrens-books-top-100/3920_1057224_1568396"
            ],
            [
                "Read Across America",
                "/browse/books/read-across-america/3920_582053_5445825"
            ],
            [
                "Paw Patrol Books",
                "/browse/books/paw-patrol-books/3920_582053_8467779_6004147"
            ],
            [
                "General Kids' Books",
                "/browse/books/general-kids-books/3920_582053_7804682"
            ],
            [
                "Dr. Seuss",
                "/browse/books/dr-seuss/3920_582053_9858324"
            ],
            [
                "Summer Reading Picture Books",
                "/browse/books/summer-reading-picture-books/3920_6726310_9889612"
            ]
        ]
    },
    {
        "title": "Baby Picasso: Baby Coloring Book 1 Year (Paperback)",
        "url": "https://www.walmart.com/ip/Baby-Picasso-Baby-Coloring-Book-1-Year-Paperback-9780228204824/103567133",
        "price": "$6.92",
        "stars": 0,
        "ratings": 0,
        "img": "i5.walmartimages.com/asr/643febd6-355a-4b2f-aec0-65255918f894_1.be40a73b1ee0aa906091eedbb04eb895.jpeg?odnWidth=612&odnHeight=612&odnBg=ffffff",
        "tags": [
            [
                "Children's Books Top 100",
                "/browse/books/childrens-books-top-100/3920_1057224_1568396"
            ],
            [
                "School & Education Kids' Books",
                "/browse/books/school-education-kids-books/3920_582053_4673607"
            ],
            [
                "Alphabet Kids' Books",
                "/browse/books/alphabet-kids-books/3920_582053_6630876_5347236"
            ],
            [
                "Paw Patrol Books",
                "/browse/books/paw-patrol-books/3920_582053_8467779_6004147"
            ],
            [
                "Study Aids & Workbooks for Kids",
                "/browse/books/study-aids-workbooks-for-kids/3920_582053_6940373"
            ],
            [
                "General Kids' Books",
                "/browse/books/general-kids-books/3920_582053_7804682"
            ],
            [
                "Summer Reading Workbooks",
                "/browse/books/summer-reading-workbooks/3920_6726310_9075247"
            ]
        ]
    },
    {
        "title": "Sisters (Paperback)",
        "url": "https://www.walmart.com/ip/Sisters-Paperback-9780545540605/36843009",
        "price": "$5.15",
        "stars": "4.3",
        "ratings": "32 ",
        "img": "i5.walmartimages.com/asr/05917e6f-70e2-461e-b584-170e3cfa51f6_1.7f2ed217bf5409791eacc87bf56f0d06.jpeg?odnWidth=612&odnHeight=612&odnBg=ffffff",
        "tags": [
            [
                "Children's Books Top 100",
                "/browse/books/childrens-books-top-100/3920_1057224_1568396"
            ],
            [
                "Diseases, Illnesses & Injuries Kids' Books",
                "/browse/books/diseases-illnesses-injuries-kids-books/3920_582053_582569_3199410"
            ],
            [
                "Middle School Back to School Books",
                "/browse/books/middle-school-back-to-school-books/3920_8955258_4322553"
            ],
            [
                "General Family Concept Kids' Books",
                "/browse/books/general-family-concept-kids-books/3920_582053_585918_5653236"
            ],
            [
                "General Comic Books for Kids",
                "/browse/books/general-comic-books-for-kids/3920_582053_7035585_6056057"
            ],
            [
                "Biographical Comic Books for Kids",
                "/browse/books/biographical-comic-books-for-kids/3920_582053_7035585_8618622"
            ],
            [
                "Summer Reading Chapter Books",
                "/browse/books/summer-reading-chapter-books/3920_6726310_9771890"
            ]
        ]
    },
    {
        "title": "Junie B. Jones Third Boxed Set Ever! : Books 9-12",
        "url": "https://www.walmart.com/ip/Junie-B-Jones-Third-Boxed-Set-Ever-Books-9-12-9780091816971/2070432",
        "price": "$13.45",
        "stars": "3.5",
        "ratings": "66 ",
        "img": "",
        "tags": [
            [
                "Chapter Books for Kids",
                "/browse/books/chapter-books-for-kids/3920_582053_1106635_1106636"
            ],
            [
                "School & Education Kids' Books",
                "/browse/books/school-education-kids-books/3920_582053_4673607"
            ],
            [
                "Funny Kids' Books",
                "/browse/books/funny-kids-books/3920_582053_582573"
            ],
            [
                "Girls & Women Kids' Books",
                "/browse/books/girls-women-kids-books/3920_582053_585984"
            ],
            [
                "All Halloween Books for Kids",
                "/browse/books/all-halloween-books-for-kids/3920_4640285_9564915_7090388"
            ],
            [
                "General Holiday & Celebration Kids' Books",
                "/browse/books/general-holiday-celebration-kids-books/3920_582053_585922_8644821"
            ],
            [
                "Summer Reading Chapter Books",
                "/browse/books/summer-reading-chapter-books/3920_6726310_9771890"
            ]
        ]
    },
    {
        "title": "Please Baby Please (Board Book)",
        "url": "https://www.walmart.com/ip/Please-Baby-Please-Board-Book-9781416949114/5479002",
        "price": "$7.94",
        "stars": "4.5",
        "ratings": "17 ",
        "img": "",
        "tags": [
            [
                "Children's Books Top 100",
                "/browse/books/childrens-books-top-100/3920_1057224_1568396"
            ],
            [
                "General Learning Concept Kids' Books",
                "/browse/books/general-learning-concept-kids-books/3920_582053_6630876_4154909"
            ],
            [
                "United States Kids' Books",
                "/browse/books/united-states-kids-books/3920_582053_584182_4531519"
            ],
            [
                "Self-Esteem & Self-Reliance Kids' Books",
                "/browse/books/self-esteem-self-reliance-kids-books/3920_582053_585928_585961"
            ],
            [
                "Multigenerational Kids' Books",
                "/browse/books/multigenerational-kids-books/3920_582053_585918_586167"
            ],
            [
                "Parents Kids' Books",
                "/browse/books/parents-kids-books/3920_582053_585918_586171"
            ],
            [
                "Baby - Age 2 Kids' Books",
                "/browse/books/baby-age-2-kids-books/3920_582053_593774"
            ]
        ]
    },
    {
        "title": "If Animals Said I Love You (Board Book)",
        "url": "https://www.walmart.com/ip/If-Animals-Said-I-Love-You-Board-Book-9780374306038/570719238",
        "price": "$5.13",
        "stars": "5.0",
        "ratings": "2 ",
        "img": "",
        "tags": [
            [
                "Classic Kids' Books",
                "/browse/books/classic-kids-books/3920_582053_1106632"
            ],
            [
                "Children's Books Top 100",
                "/browse/books/childrens-books-top-100/3920_1057224_1568396"
            ],
            [
                "General Family Concept Kids' Books",
                "/browse/books/general-family-concept-kids-books/3920_582053_585918_5653236"
            ],
            [
                "General Animal Kids' Books",
                "/browse/books/general-animal-kids-books/3920_582053_584177_585948"
            ],
            [
                "Emotions & Feelings Kids' Books",
                "/browse/books/emotions-feelings-kids-books/3920_582053_585928_586160"
            ],
            [
                "Baby - Age 2 Kids' Books",
                "/browse/books/baby-age-2-kids-books/3920_582053_593774"
            ],
            [
                "General Kids' Books",
                "/browse/books/general-kids-books/3920_582053_7804682"
            ]
        ]
    },
    {
        "title": "National Geographic Kids Almanac 2020",
        "url": "https://www.walmart.com/ip/National-Geographic-Kids-Almanac-2020-9781426332814/798161078",
        "price": "$9.23",
        "stars": "5.0",
        "ratings": "4 ",
        "img": "",
        "tags": [
            [
                "Kids' Activity Books",
                "/browse/books/kids-activity-books/3920_582053_1099163"
            ],
            [
                "Kids' Books on Curiosities & Wonders",
                "/browse/books/kids-books-curiosities-wonders/3920_582053_3001807"
            ],
            [
                "Atlases for Kids",
                "/browse/books/atlases-for-kids/3920_582053_2944143_3944715"
            ],
            [
                "Almanac Reference Books",
                "/browse/books/almanac-reference-books/3920_3943378_4465219"
            ],
            [
                "Children's & Kid's General Science & Nature Books",
                "/browse/books/childrens-kids-general-science-nature-books/3920_582053_2831200_5524895_5427716"
            ],
            [
                "Dinosaurs & Prehistoric Creatures Kids' Books",
                "/browse/books/dinosaurs-prehistoric-creatures-kids-books/3920_582053_584177_585916"
            ],
            [
                "General Animal Kids' Books",
                "/browse/books/general-animal-kids-books/3920_582053_584177_585948"
            ],
            [
                "General Reference Books for Kids",
                "/browse/books/general-reference-books-for-kids/3920_582053_2944143_8712575"
            ]
        ]
    },
    {
        "title": "Under the Sea Color By Number : Coloring Book for Kids Ages 4-8 (Paperback)",
        "url": "https://www.walmart.com/ip/Under-the-Sea-Color-By-Number-Coloring-Book-for-Kids-Ages-4-8-Paperback-9781711061474/510590043",
        "price": "$8.70",
        "stars": 0,
        "ratings": 0,
        "img": "",
        "tags": [
            [
                "Kids' Activity Books",
                "/browse/books/kids-activity-books/3920_582053_1099163"
            ],
            [
                "General Learning Concept Kids' Books",
                "/browse/books/general-learning-concept-kids-books/3920_582053_6630876_4154909"
            ],
            [
                "Alphabet Kids' Books",
                "/browse/books/alphabet-kids-books/3920_582053_6630876_5347236"
            ],
            [
                "Read Across America",
                "/browse/books/read-across-america/3920_582053_5445825"
            ],
            [
                "Baby - Age 2 Kids' Books",
                "/browse/books/baby-age-2-kids-books/3920_582053_593774"
            ],
            [
                "Early Childhood Education Books",
                "/browse/books/early-childhood-education-books/3920_4284269_8387148"
            ],
            [
                "Summer Reading Workbooks",
                "/browse/books/summer-reading-workbooks/3920_6726310_9075247"
            ],
            [
                "Dr. Seuss",
                "/browse/books/dr-seuss/3920_582053_9858324"
            ]
        ]
    },
    {
        "title": "1st Grade Jumbo Math Success Workbook : 3 Books In 1--Basic Math, Math Games and Puzzles, Shapes and Geometry; Activities, Exercises, and Tips to Help Catch Up, Keep Up, and Get Ahead",
        "url": "https://www.walmart.com/ip/1st-Grade-Jumbo-Math-Success-Workbook-Activities-Exercises-and-Tips-to-Help-Catch-Up-Keep-Up-and-Get-Ahead-9780375430497/16614479",
        "price": "$7.33",
        "stars": "4.8",
        "ratings": "6 ",
        "img": "",
        "tags": [
            [
                "Farm Animal Books",
                "/browse/feature/farm-animal-books/14503_6502732_3257867_7209706_4346738_1311242_1910238"
            ],
            [
                "Shop STEM ages 12 and Up",
                "/browse/feature/shop-stem-ages-12-up/14503_6502732_8574738_2904408"
            ],
            [
                "Science Kits",
                "/browse/feature/science-kits/14503_6502732_8482524_6325752_3051339"
            ],
            [
                "All Unicorn",
                "/browse/feature/all-unicorn/14503_6685911_3357006"
            ],
            [
                "Shop STEM ages 2-4",
                "/browse/feature/shop-stem-ages-2-4/14503_6502732_8574738_4713327"
            ],
            [
                "Children's General Mathematics Books",
                "/browse/feature/childrens-general-mathematics-books/14503_6502732_3257867_7209706_9067389_6674107"
            ],
            [
                "Shop STEM ages 5-7",
                "/browse/feature/shop-stem-ages-5-7/14503_6502732_8574738_7467645"
            ],
            [
                "Extinct and Endangered Animal Books",
                "/browse/feature/extinct-endangered-animal-books/14503_6502732_3257867_7209706_4346738_1311242_8109036"
            ]
        ]
    }
]