[
    {
        "title": "Pink Floyd : Their Mortal Remains",
        "url": "https://www.walmart.com/ip/Pink-Floyd-Their-Mortal-Remains-9781851779161/55642956",
        "price": "$46.00",
        "stars": 0,
        "ratings": 0,
        "img": "",
        "tags": [
            [
                "Orchestral Strings",
                "/browse/musical-instruments/orchestral-strings/7796869_3983498_3933845_1097967"
            ],
            [
                "All Woodwind Instruments",
                "/browse/musical-instruments/all-woodwind-instruments/7796869_3983498_9087652_1141074"
            ],
            [
                "Basic Violins",
                "/browse/musical-instruments/basic-violins/7796869_3983498_3933845_7826142_1336625"
            ],
            [
                "All Musical Instrument Accessories",
                "/browse/musical-instruments/all-musical-instrument-accessories/7796869_6171829_3297174"
            ],
            [
                "Guitar Pickups",
                "/browse/musical-instruments/guitar-pickups/7796869_6171829_6548527_4923424"
            ],
            [
                "Pianos",
                "/browse/musical-instruments/pianos/7796869_7773339_5652647"
            ],
            [
                "Shop Piano Keyboards by Size",
                "/browse/musical-instruments/shop-piano-keyboards-by-size/7796869_1128453_3376388_6600975"
            ]
        ]
    },
    {
        "title": "How to Draw: Drawing and Sketching Objects and Environments from Your Imagination (Paperback)",
        "url": "https://www.walmart.com/ip/How-to-Draw-Drawing-and-Sketching-Objects-and-Environments-from-Your-Imagination-Paperback/20983483",
        "price": "$27.94",
        "stars": 0,
        "ratings": 0,
        "img": "",
        "tags": [
            [
                "Shop Notebooks by Brand",
                "/browse/office-supplies/shop-notebooks-by-brand/1229749_4796182_1044271"
            ],
            [
                "5-Subject Spiral Notebooks",
                "/browse/office-supplies/5-subject-spiral-notebooks/1229749_4796182_2714026_3633439"
            ],
            [
                "Shop School Supplies by Color",
                "/browse/office-supplies/shop-school-supplies-by-color/1229749_1086045_4305904"
            ],
            [
                "Composition Books",
                "/browse/office-supplies/composition-books/1229749_4796182_4411896"
            ],
            [
                "Office Bulk Buys",
                "/browse/office-bulk-buys/1229749_4875429"
            ],
            [
                "1-Subject Spiral Notebooks",
                "/browse/office-supplies/1-subject-spiral-notebooks/1229749_4796182_2714026_7232305"
            ],
            [
                "Copy & Multipurpose Paper",
                "/browse/office-supplies/copy-multipurpose-paper/1229749_6562796_7518152"
            ],
            [
                "All Spiral Notebooks",
                "/browse/office-supplies/all-spiral-notebooks/1229749_4796182_2714026_9639353"
            ]
        ]
    },
    {
        "title": "Frida Kahlo Paper Dolls (Other)",
        "url": "https://www.walmart.com/ip/Frida-Kahlo-Paper-Dolls-Other/143576152",
        "price": "$12.10",
        "stars": "5.0",
        "ratings": "1 ",
        "img": "",
        "tags": [
            [
                "Die Cutting Tools & Accessories",
                "/browse/arts-crafts-sewing/die-cutting-tools-accessories/1334134_3123463_2762328"
            ],
            [
                "Scrapbook Paper",
                "/browse/arts-crafts-sewing/scrapbook-paper/1334134_6172404_4854691_7730900_3276746"
            ],
            [
                "Decorative Paper",
                "/browse/arts-crafts-sewing/decorative-paper/1334134_6172404_4854691_7730900_4469812"
            ],
            [
                "Art Sketchbooks and Paper",
                "/browse/arts-crafts-sewing/art-sketchbooks-paper/1334134_5899871_1350721_5138397"
            ],
            [
                "Stickers",
                "/browse/arts-crafts-sewing/stickers/1334134_8495017_5211307"
            ],
            [
                "Craft Wood",
                "/browse/arts-crafts-sewing/craft-wood/1334134_6172404_4705167_7636839"
            ],
            [
                "Scrapbooking Embellishments",
                "/browse/arts-crafts-sewing/scrapbooking-embellishments/1334134_8495017_8268489"
            ],
            [
                "Scrapbooking Kits",
                "/browse/arts-crafts-sewing/scrapbooking-kits/1334134_8495017_8505615"
            ]
        ]
    },
    {
        "title": "Playbook - Learn to Play Guitar : A Handy Beginner's Guide!",
        "url": "https://www.walmart.com/ip/Playbook-Learn-to-Play-Guitar-A-Handy-Beginner-s-Guide-9781783054565/44514240",
        "price": "$7.38",
        "stars": "1.0",
        "ratings": "1 ",
        "img": "",
        "tags": [
            [
                "Guitar Accessories",
                "/browse/musical-instruments/guitar-accessories/7796869_6171829_6548527_1074445"
            ],
            [
                "Guitar Value Packs",
                "/browse/musical-instruments/guitar-value-packs/7796869_1097870_1398895"
            ],
            [
                "Acoustic Guitars",
                "/browse/musical-instruments/acoustic-guitars/7796869_1097870_1680603"
            ],
            [
                "Kids Acoustic Guitars",
                "/browse/musical-instruments/kids-acoustic-guitars/7796869_6789055_4839538_7416933_2047866"
            ],
            [
                "String Instruments Musical Classroom",
                "/browse/musical-instruments/string-instruments-musical-classroom/7796869_1097895_5381069"
            ],
            [
                "Beginner Acoustic Guitars",
                "/browse/musical-instruments/beginner-acoustic-guitars/7796869_6789055_6387230_8078877_8665177"
            ],
            [
                "Kids Guitars",
                "/browse/musical-instruments/kids-guitars/7796869_1097870_9293077"
            ]
        ]
    },
    {
        "title": "Repository of Scales and Melodic Patterns: Spiral-Bound Book (Paperback)",
        "url": "https://www.walmart.com/ip/Repository-of-Scales-and-Melodic-Patterns-Spiral-Bound-Book-Paperback-9781562242947/163955891",
        "price": "$33.46",
        "stars": 0,
        "ratings": 0,
        "img": "",
        "tags": [
            [
                "Orchestral Strings",
                "/browse/musical-instruments/orchestral-strings/7796869_3983498_3933845_1097967"
            ],
            [
                "All Woodwind Instruments",
                "/browse/musical-instruments/all-woodwind-instruments/7796869_3983498_9087652_1141074"
            ],
            [
                "Basic Violins",
                "/browse/musical-instruments/basic-violins/7796869_3983498_3933845_7826142_1336625"
            ],
            [
                "All Musical Instrument Accessories",
                "/browse/musical-instruments/all-musical-instrument-accessories/7796869_6171829_3297174"
            ],
            [
                "Guitar Pickups",
                "/browse/musical-instruments/guitar-pickups/7796869_6171829_6548527_4923424"
            ],
            [
                "Pianos",
                "/browse/musical-instruments/pianos/7796869_7773339_5652647"
            ],
            [
                "Shop Piano Keyboards by Size",
                "/browse/musical-instruments/shop-piano-keyboards-by-size/7796869_1128453_3376388_6600975"
            ]
        ]
    },
    {
        "title": "First 50 Songs You Should Strum on Guitar (Paperback)",
        "url": "https://www.walmart.com/ip/First-50-Songs-You-Should-Strum-on-Guitar-Paperback-9781495030567/47875153",
        "price": "$13.45",
        "stars": 0,
        "ratings": 0,
        "img": "",
        "tags": [
            [
                "Orchestral Strings",
                "/browse/musical-instruments/orchestral-strings/7796869_3983498_3933845_1097967"
            ],
            [
                "All Woodwind Instruments",
                "/browse/musical-instruments/all-woodwind-instruments/7796869_3983498_9087652_1141074"
            ],
            [
                "Basic Violins",
                "/browse/musical-instruments/basic-violins/7796869_3983498_3933845_7826142_1336625"
            ],
            [
                "All Musical Instrument Accessories",
                "/browse/musical-instruments/all-musical-instrument-accessories/7796869_6171829_3297174"
            ],
            [
                "Guitar Pickups",
                "/browse/musical-instruments/guitar-pickups/7796869_6171829_6548527_4923424"
            ],
            [
                "Pianos",
                "/browse/musical-instruments/pianos/7796869_7773339_5652647"
            ],
            [
                "Shop Piano Keyboards by Size",
                "/browse/musical-instruments/shop-piano-keyboards-by-size/7796869_1128453_3376388_6600975"
            ]
        ]
    },
    {
        "title": "Technical Reference: Zen and the Art of Mixing: REV 2 (Paperback)",
        "url": "https://www.walmart.com/ip/Technical-Reference-Zen-and-the-Art-of-Mixing-REV-2-Paperback-9781480366572/32977469",
        "price": "$27.47",
        "stars": 0,
        "ratings": 0,
        "img": "",
        "tags": [
            [
                "Orchestral Strings",
                "/browse/musical-instruments/orchestral-strings/7796869_3983498_3933845_1097967"
            ],
            [
                "All Woodwind Instruments",
                "/browse/musical-instruments/all-woodwind-instruments/7796869_3983498_9087652_1141074"
            ],
            [
                "Basic Violins",
                "/browse/musical-instruments/basic-violins/7796869_3983498_3933845_7826142_1336625"
            ],
            [
                "All Musical Instrument Accessories",
                "/browse/musical-instruments/all-musical-instrument-accessories/7796869_6171829_3297174"
            ],
            [
                "Guitar Pickups",
                "/browse/musical-instruments/guitar-pickups/7796869_6171829_6548527_4923424"
            ],
            [
                "Pianos",
                "/browse/musical-instruments/pianos/7796869_7773339_5652647"
            ],
            [
                "Shop Piano Keyboards by Size",
                "/browse/musical-instruments/shop-piano-keyboards-by-size/7796869_1128453_3376388_6600975"
            ]
        ]
    },
    {
        "title": "The Real Book - Volume III : BB Edition",
        "url": "https://www.walmart.com/ip/The-Real-Book-Volume-III-BB-Edition-9781423415879/5226249",
        "price": "$27.11",
        "stars": 0,
        "ratings": 0,
        "img": "",
        "tags": [
            [
                "Orchestral Strings",
                "/browse/musical-instruments/orchestral-strings/7796869_3983498_3933845_1097967"
            ],
            [
                "All Woodwind Instruments",
                "/browse/musical-instruments/all-woodwind-instruments/7796869_3983498_9087652_1141074"
            ],
            [
                "Basic Violins",
                "/browse/musical-instruments/basic-violins/7796869_3983498_3933845_7826142_1336625"
            ],
            [
                "All Musical Instrument Accessories",
                "/browse/musical-instruments/all-musical-instrument-accessories/7796869_6171829_3297174"
            ],
            [
                "Guitar Pickups",
                "/browse/musical-instruments/guitar-pickups/7796869_6171829_6548527_4923424"
            ],
            [
                "Pianos",
                "/browse/musical-instruments/pianos/7796869_7773339_5652647"
            ],
            [
                "Shop Piano Keyboards by Size",
                "/browse/musical-instruments/shop-piano-keyboards-by-size/7796869_1128453_3376388_6600975"
            ]
        ]
    },
    {
        "title": "The Greatest Showman - Recorder Fun! (Paperback)",
        "url": "https://www.walmart.com/ip/The-Greatest-Showman-Recorder-Fun-Paperback-9781540037978/518874220",
        "price": "$10.18",
        "stars": 0,
        "ratings": 0,
        "img": "",
        "tags": [
            [
                "Orchestral Strings",
                "/browse/musical-instruments/orchestral-strings/7796869_3983498_3933845_1097967"
            ],
            [
                "All Woodwind Instruments",
                "/browse/musical-instruments/all-woodwind-instruments/7796869_3983498_9087652_1141074"
            ],
            [
                "Basic Violins",
                "/browse/musical-instruments/basic-violins/7796869_3983498_3933845_7826142_1336625"
            ],
            [
                "All Musical Instrument Accessories",
                "/browse/musical-instruments/all-musical-instrument-accessories/7796869_6171829_3297174"
            ],
            [
                "Guitar Pickups",
                "/browse/musical-instruments/guitar-pickups/7796869_6171829_6548527_4923424"
            ],
            [
                "Pianos",
                "/browse/musical-instruments/pianos/7796869_7773339_5652647"
            ],
            [
                "Shop Piano Keyboards by Size",
                "/browse/musical-instruments/shop-piano-keyboards-by-size/7796869_1128453_3376388_6600975"
            ]
        ]
    },
    {
        "title": "Tell Me Why : The Beatles: Album By Album, Song By Song, The Sixties And After",
        "url": "https://www.walmart.com/ip/Tell-Me-Why-The-Beatles-Album-By-Album-Song-By-Song-The-Sixties-And-After-9780306811203/25245071",
        "price": "$21.49",
        "stars": 0,
        "ratings": 0,
        "img": "",
        "tags": [
            [
                "Orchestral Strings",
                "/browse/musical-instruments/orchestral-strings/7796869_3983498_3933845_1097967"
            ],
            [
                "All Woodwind Instruments",
                "/browse/musical-instruments/all-woodwind-instruments/7796869_3983498_9087652_1141074"
            ],
            [
                "Basic Violins",
                "/browse/musical-instruments/basic-violins/7796869_3983498_3933845_7826142_1336625"
            ],
            [
                "All Musical Instrument Accessories",
                "/browse/musical-instruments/all-musical-instrument-accessories/7796869_6171829_3297174"
            ],
            [
                "Guitar Pickups",
                "/browse/musical-instruments/guitar-pickups/7796869_6171829_6548527_4923424"
            ],
            [
                "Pianos",
                "/browse/musical-instruments/pianos/7796869_7773339_5652647"
            ],
            [
                "Shop Piano Keyboards by Size",
                "/browse/musical-instruments/shop-piano-keyboards-by-size/7796869_1128453_3376388_6600975"
            ]
        ]
    }
]