[
    {
        "title": "The Chance : A Novel",
        "url": "https://www.walmart.com/ip/The-Chance-A-Novel-9781451672985/24389215",
        "price": "$4.99",
        "stars": "4.3",
        "ratings": "12 ",
        "img": "",
        "tags": [
            [
                "Amish & Mennonite Novels",
                "/browse/books/amish-mennonite-novels/3920_582105_9435716_1368583"
            ],
            [
                "Hallmark Books",
                "/browse/books/hallmark-books/3920_582105_582052_3562988"
            ],
            [
                "Religious",
                "/browse/books/religious/3920_1987289_582374_5422910_4535371"
            ],
            [
                "Mid Atlantic States Cookbooks",
                "/browse/books/mid-atlantic-states-cookbooks/3920_3036003_9740893_3841345_5367333"
            ],
            [
                "Beach Reads",
                "/browse/books/beach-reads/3920_6726310_6241069"
            ],
            [
                "Family Christian Kids' Books",
                "/browse/books/family-christian-kids-books/3920_1987289_582374_1551209_7418798"
            ],
            [
                "Suspense",
                "/browse/books/suspense/3920_1987289_582374_5422910_8985415"
            ],
            [
                "Clean & Wholesome Romance Books",
                "/browse/books/clean-wholesome-romance-books/3920_582105_582052_9145847"
            ]
        ]
    },
    {
        "title": "Jnl LL I Know the Plans (Paperback)",
        "url": "https://www.walmart.com/ip/Jnl-LL-I-Know-the-Plans-Paperback-9781432124908/712297195",
        "price": "$10.99",
        "stars": 0,
        "ratings": 0,
        "img": "i5.walmartimages.com/asr/fd8a8770-3dac-43e4-b1bc-28f8c9cba19c.b2e9c67f8101b9339779d4e037dad0ef.jpeg?odnWidth=612&odnHeight=612&odnBg=ffffff",
        "tags": [
            [
                "Journals",
                "/browse/books/journals/3920_582361_1100005"
            ],
            [
                "Spiritual Growth",
                "/browse/books/spiritual-growth/3920_1987289_582374_8324310_1480379"
            ],
            [
                "Journaling Self-Help Books",
                "/browse/books/journaling-self-help-books/3920_5642757_5948378"
            ],
            [
                "Bibliographies & Indexes",
                "/browse/books/bibliographies-indexes/3920_3943378_7604517"
            ],
            [
                "New International Version",
                "/browse/books/new-international-version/3920_1987289_582374_9735184_7744007"
            ],
            [
                "Love & Romance",
                "/browse/books/love-romance/3920_5642757_6055772_7847489"
            ],
            [
                "Guided Journals",
                "/browse/books/guided-journals/3920_582361_9999446_8488843"
            ],
            [
                "King James Version",
                "/browse/books/king-james-version/3920_1987289_582374_9735184_8736310"
            ]
        ]
    },
    {
        "title": "Niv, Artisan Collection Bible, Cloth Over Board, Pink Floral, Designed Edges Under Gilding, Red Letter Edition, Comfort Print (Hardcover)",
        "url": "https://www.walmart.com/ip/Niv-Artisan-Collection-Bible-Cloth-Over-Board-Pink-Floral-Designed-Edges-Under-Gilding-Red-Letter-Edition-Comfort-Print-Hardcover-9780310453338/417648943",
        "price": "$33.86",
        "stars": "5.0",
        "ratings": "1 ",
        "img": "",
        "tags": [
            [
                "Spiritual Growth",
                "/browse/books/spiritual-growth/3920_1987289_582374_8324310_1480379"
            ],
            [
                "Inspirational Christian Teen & Young Adult Books",
                "/browse/books/inspirational-christian-teen-young-adult-books/3920_1068785_9401936_6304817_3750949"
            ],
            [
                "Evangelism",
                "/browse/books/evangelism/3920_1987289_582374_8889295_4053328"
            ],
            [
                "Pigs Kids' Books",
                "/browse/books/pigs-kids-books/3920_582053_584177_585945"
            ],
            [
                "Journaling Self-Help Books",
                "/browse/books/journaling-self-help-books/3920_5642757_5948378"
            ],
            [
                "Literary Collections - Diaries & Journals",
                "/browse/books/literary-collections-diaries-journals/3920_582105_1393947_7412999"
            ],
            [
                "Journal Writing Teen & Young Adult Books",
                "/browse/books/journal-writing-teen-young-adult-books/3920_1068785_9556643_7551354"
            ],
            [
                "King James Version",
                "/browse/books/king-james-version/3920_1987289_582374_9735184_8736310"
            ]
        ]
    },
    {
        "title": "Chasing Vines Group Experience : Finding Your Way to an Immensely Fruitful Life (Paperback)",
        "url": "https://www.walmart.com/ip/Chasing-Vines-Group-Experience-Finding-Your-Way-to-an-Immensely-Fruitful-Life-Paperback-9781496440884/380843254",
        "price": "$10.89",
        "stars": "5.0",
        "ratings": "1 ",
        "img": "",
        "tags": [
            [
                "Evangelism",
                "/browse/books/evangelism/3920_1987289_582374_8889295_4053328"
            ],
            [
                "New American Standard Bible",
                "/browse/books/new-american-standard-bible/3920_1987289_582374_9735184_4193230"
            ],
            [
                "Bible Study Guides",
                "/browse/books/bible-study-guides/3920_1987289_582374_2718157_4203444"
            ],
            [
                "Multiple Translations",
                "/browse/books/multiple-translations/3920_1987289_582374_9735184_7188098"
            ],
            [
                "New International Version",
                "/browse/books/new-international-version/3920_1987289_582374_9735184_7744007"
            ],
            [
                "King James Version",
                "/browse/books/king-james-version/3920_1987289_582374_9735184_8736310"
            ],
            [
                "Personal Growth",
                "/browse/books/personal-growth/3920_1987289_582374_8324310_8811610"
            ],
            [
                "Women's Issues",
                "/browse/books/womens-issues/3920_1987289_582374_8324310_9563912"
            ]
        ]
    },
    {
        "title": "KJV Cross Reference Study Bible Compact [Peony Blossoms]",
        "url": "https://www.walmart.com/ip/KJV-Cross-Reference-Study-Bible-Compact-Peony-Blossoms-9781683225966/265854378",
        "price": "$19.79",
        "stars": "5.0",
        "ratings": "2 ",
        "img": "i5.walmartimages.com/asr/42255109-b041-4ea1-bd8f-66151ec942bd_1.dca1e7b851675be4ed193aac1b4013db.jpeg?odnWidth=612&odnHeight=612&odnBg=ffffff",
        "tags": [
            [
                "Children & Youth",
                "/browse/books/children-youth/3920_1987289_582374_4864457_1591940"
            ],
            [
                "Bible Study Guides",
                "/browse/books/bible-study-guides/3920_1987289_582374_2718157_4203444"
            ],
            [
                "Concordances",
                "/browse/books/concordances/3920_1987289_582374_4381280_4585102"
            ],
            [
                "Dictionaries & Encyclopedias",
                "/browse/books/dictionaries-encyclopedias/3920_1987289_582374_4381280_5002682"
            ],
            [
                "New King James Version",
                "/browse/books/new-king-james-version/3920_1987289_582374_9735184_5031088"
            ],
            [
                "Inspirational",
                "/browse/books/inspirational/3920_1987289_582055_5087571"
            ],
            [
                "New International Version",
                "/browse/books/new-international-version/3920_1987289_582374_9735184_7744007"
            ],
            [
                "New Living Translation",
                "/browse/books/new-living-translation/3920_1987289_582374_9735184_9984392"
            ]
        ]
    },
    {
        "title": "Angels and Ancestors Oracle Cards : A 55-Card Deck and Guidebook",
        "url": "https://www.walmart.com/ip/Angels-and-Ancestors-Oracle-Cards-A-55-Card-Deck-and-Guidebook-9781788170017/433326200",
        "price": "$19.79",
        "stars": "5.0",
        "ratings": "1 ",
        "img": "",
        "tags": [
            [
                "Tarot Cards & Books",
                "/browse/books/tarot-cards-books/3920_1987289_1946456"
            ],
            [
                "Astrology",
                "/browse/books/astrology/3920_1987289_5383544_2972093"
            ],
            [
                "New Thought",
                "/browse/books/new-thought/3920_1987289_5383544_3156130"
            ],
            [
                "Fortune Telling",
                "/browse/books/fortune-telling/3920_1987289_5383544_3227710_3826175"
            ],
            [
                "General Self-Help Books",
                "/browse/books/general-self-help-books/3920_5642757_4404259"
            ],
            [
                "Gaia & Earth Engeries",
                "/browse/books/gaia-earth-engeries/3920_1987289_5383544_7222079"
            ],
            [
                "General Fantasy Teen & Young Adult Books",
                "/browse/books/general-fantasy-teen-young-adult-books/3920_1068785_2702343_5743566_8079018"
            ],
            [
                "Spirituality",
                "/browse/books/spirituality/3920_1987289_582055_8803444"
            ]
        ]
    },
    {
        "title": "Archetype Cards",
        "url": "https://www.walmart.com/ip/Archetype-Cards-9781401901844/2687775",
        "price": "$19.18",
        "stars": "3.0",
        "ratings": "1 ",
        "img": "",
        "tags": [
            [
                "Tarot Cards & Books",
                "/browse/books/tarot-cards-books/3920_1987289_1946456"
            ],
            [
                "Fortune Telling",
                "/browse/books/fortune-telling/3920_1987289_5383544_3227710_3826175"
            ],
            [
                "Conspiracy Theory Books",
                "/browse/books/conspiracy-theory-books/3920_2761424_8176770_4525981"
            ],
            [
                "Motivational & Inspirational Self-Help Books",
                "/browse/books/motivational-inspirational-self-help-books/3920_5642757_5080634"
            ],
            [
                "Inspirational",
                "/browse/books/inspirational/3920_1987289_582055_5087571"
            ],
            [
                "Gaia & Earth Engeries",
                "/browse/books/gaia-earth-engeries/3920_1987289_5383544_7222079"
            ],
            [
                "General Fantasy Teen & Young Adult Books",
                "/browse/books/general-fantasy-teen-young-adult-books/3920_1068785_2702343_5743566_8079018"
            ],
            [
                "Angels & Spirit Guides",
                "/browse/books/angels-spirit-guides/3920_1987289_5383544_8555100"
            ]
        ]
    },
    {
        "title": "The Truth about Us : The Very Good News about How Very Bad We Are (Paperback)",
        "url": "https://www.walmart.com/ip/The-Truth-about-Us-The-Very-Good-News-about-How-Very-Bad-We-Are-Paperback-9780801094514/435428065",
        "price": "$14.51",
        "stars": "5.0",
        "ratings": "1 ",
        "img": "",
        "tags": [
            [
                "Evangelism",
                "/browse/books/evangelism/3920_1987289_582374_8889295_4053328"
            ],
            [
                "New American Standard Bible",
                "/browse/books/new-american-standard-bible/3920_1987289_582374_9735184_4193230"
            ],
            [
                "Bible Study Guides",
                "/browse/books/bible-study-guides/3920_1987289_582374_2718157_4203444"
            ],
            [
                "Multiple Translations",
                "/browse/books/multiple-translations/3920_1987289_582374_9735184_7188098"
            ],
            [
                "New International Version",
                "/browse/books/new-international-version/3920_1987289_582374_9735184_7744007"
            ],
            [
                "King James Version",
                "/browse/books/king-james-version/3920_1987289_582374_9735184_8736310"
            ],
            [
                "Personal Growth",
                "/browse/books/personal-growth/3920_1987289_582374_8324310_8811610"
            ],
            [
                "Women's Issues",
                "/browse/books/womens-issues/3920_1987289_582374_8324310_9563912"
            ]
        ]
    },
    {
        "title": "Tarot of Sexual Magic (Other)",
        "url": "https://www.walmart.com/ip/Tarot-of-Sexual-Magic-Other-9780738718538/117417179",
        "price": "$18.55",
        "stars": "5.0",
        "ratings": "2 ",
        "img": "",
        "tags": [
            [
                "Astrology",
                "/browse/books/astrology/3920_1987289_5383544_2972093"
            ],
            [
                "New Thought",
                "/browse/books/new-thought/3920_1987289_5383544_3156130"
            ],
            [
                "Fortune Telling",
                "/browse/books/fortune-telling/3920_1987289_5383544_3227710_3826175"
            ],
            [
                "General Self-Help Books",
                "/browse/books/general-self-help-books/3920_5642757_4404259"
            ],
            [
                "Motivational & Inspirational Self-Help Books",
                "/browse/books/motivational-inspirational-self-help-books/3920_5642757_5080634"
            ],
            [
                "Mysticism",
                "/browse/books/mysticism/3920_1987289_5383544_6729519"
            ],
            [
                "General Fantasy Teen & Young Adult Books",
                "/browse/books/general-fantasy-teen-young-adult-books/3920_1068785_2702343_5743566_8079018"
            ],
            [
                "Angels & Spirit Guides",
                "/browse/books/angels-spirit-guides/3920_1987289_5383544_8555100"
            ]
        ]
    },
    {
        "title": "Santa Biblia NTV, Edici\u00f3n compacta letra grande, DuoTono (Letra Roja, SentiPiel, Negro/\u00d3nice)",
        "url": "https://www.walmart.com/ip/Santa-Biblia-NTV-Edici-n-compacta-letra-grande-DuoTono-Letra-Roja-SentiPiel-Negro-nice-9781496410481/45053606",
        "price": "$29.09",
        "stars": 0,
        "ratings": 0,
        "img": "",
        "tags": []
    }
]