[
    {
        "title": "Mastering Your Adult ADHD WB 2e P (Paperback)",
        "url": "https://www.walmart.com/ip/Mastering-Your-Adult-ADHD-WB-2e-P-Paperback-9780190235567/55833546",
        "price": "$37.86",
        "stars": 0,
        "ratings": 0,
        "img": "",
        "tags": [
            [
                "English as a Second Language Books",
                "/browse/books/english-as-a-second-language-books/3920_2178204_3333278"
            ],
            [
                "Compulsive Behavior Psychopathology Books",
                "/browse/books/compulsive-behavior-psychopathology-books/3920_2761424_3385531_6536134_3593637"
            ],
            [
                "Counseling Psychotherapy Books",
                "/browse/books/counseling-psychotherapy-books/3920_2761424_3385531_2318869_4223555"
            ],
            [
                "Neuroscience Books",
                "/browse/books/neuroscience-books/3920_3203859_4569824"
            ],
            [
                "Radiology, Radiotherapy & Nuclear Medicine Books",
                "/browse/books/radiology-radiotherapy-nuclear-medicine-books/3920_3203859_5160612"
            ],
            [
                "Social Science Research Books",
                "/browse/books/social-science-research-books/3920_2761424_8176770_5676289"
            ],
            [
                "Neurology Books",
                "/browse/books/neurology-books/3920_3203859_7904119"
            ],
            [
                "Internal Medicine Books",
                "/browse/books/internal-medicine-books/3920_3203859_7985748"
            ]
        ]
    },
    {
        "title": "Eloquent Rage : A Black Feminist Discovers Her Superpower",
        "url": "https://www.walmart.com/ip/Eloquent-Rage-A-Black-Feminist-Discovers-Her-Superpower-9781250112576/56119691",
        "price": "$9.75",
        "stars": "4.0",
        "ratings": "1 ",
        "img": "",
        "tags": [
            [
                "Women's History Books",
                "/browse/books/womens-history-books/3920_582331_4548193"
            ],
            [
                "Mother's Day Gift Guide Books",
                "/browse/books/mothers-day-gift-guide-books/3920_7458265_5685062"
            ],
            [
                "Feminism & Feminist Theory Books",
                "/browse/books/feminism-feminist-theory-books/3920_2761424_8176770_6059393"
            ],
            [
                "Women Biographies & Memoirs",
                "/browse/books/women-biographies-memoirs/3920_5196470_7667225"
            ],
            [
                "African American Studies Books",
                "/browse/books/african-american-studies-books/3920_2761424_8176770_6537532_8322809"
            ],
            [
                "Women's Studies Books",
                "/browse/books/womens-studies-books/3920_2761424_8176770_9296090"
            ],
            [
                "Personal Memoirs",
                "/browse/books/personal-memoirs/3920_5196470_9711945"
            ],
            [
                "Lawyers & Judges Biographies & Memoirs",
                "/browse/books/lawyers-judges-biographies-memoirs/3920_5196470_9844029"
            ]
        ]
    },
    {
        "title": "Modificaci\u00f3n de Conducta : Principios y Procedimientos, sexta edici\u00f3n (Paperback)",
        "url": "https://www.walmart.com/ip/Modificaci-n-de-Conducta-Principios-y-Procedimientos-sexta-edici-n-Paperback-9788409202898/370633006",
        "price": "$95.00",
        "stars": 0,
        "ratings": 0,
        "img": "",
        "tags": [
            [
                "Behavioral Management in Education Books",
                "/browse/books/behavioral-management-in-education-books/3920_4284269_1645128"
            ],
            [
                "Assessment, Testing & Measurement in Psychology Books",
                "/browse/books/assessment-testing-measurement-in-psychology-books/3920_2761424_3385531_2253329"
            ],
            [
                "Education & Training in Psychology Books",
                "/browse/books/education-training-in-psychology-books/3920_2761424_3385531_2755536"
            ],
            [
                "Clinical Psychology Books",
                "/browse/books/clinical-psychology-books/3920_2761424_3385531_2933737"
            ],
            [
                "Jungian Movement in Psychology Books",
                "/browse/books/jungian-movement-in-psychology-books/3920_2761424_3385531_5702953_3254528"
            ],
            [
                "General Teaching Method Books",
                "/browse/books/general-teaching-method-books/3920_4284269_9727618_4214529"
            ],
            [
                "Psychoanalysis Movement in Psychology Books",
                "/browse/books/psychoanalysis-movement-in-psychology-books/3920_2761424_3385531_5702953_6603399"
            ],
            [
                "Human Sexuality Psychology Books",
                "/browse/books/human-sexuality-psychology-books/3920_2761424_3385531_7397811"
            ]
        ]
    },
    {
        "title": "Holding the Line : Inside Trump's Pentagon with Secretary Mattis (Hardcover)",
        "url": "https://www.walmart.com/ip/Holding-the-Line-Inside-Trump-s-Pentagon-with-Secretary-Mattis-Hardcover-9780593084373/908468781",
        "price": "$20.48",
        "stars": 0,
        "ratings": 0,
        "img": "i5.walmartimages.com/asr/1d3e0e2b-526d-421b-bfc6-c9167aee8f33.339a4d2014a92fe12906e5e4b5b639e6.jpeg?odnWidth=612&odnHeight=612&odnBg=ffffff",
        "tags": [
            [
                "Marriage & Family Sociology Books",
                "/browse/books/marriage-family-sociology-books/3920_2761424_8176770_7590238_1588115"
            ],
            [
                "Minority Studies Books",
                "/browse/books/minority-studies-books/3920_2761424_8176770_2180337"
            ],
            [
                "Labor Business & Money Books",
                "/browse/books/labor-business-money-books/3920_582349_4769409"
            ],
            [
                "Poverty & Homelessness Books",
                "/browse/books/poverty-homelessness-books/3920_2761424_8176770_7158882"
            ],
            [
                "Civics & Citizenship Political Books",
                "/browse/books/civics-citizenship-political-books/3920_5764957_7322117"
            ],
            [
                "Cultural Heritage Biographies & Memoirs",
                "/browse/books/cultural-heritage-biographies-memoirs/3920_5196470_8577664"
            ],
            [
                "Demography Books",
                "/browse/books/demography-books/3920_2761424_8176770_8680239"
            ],
            [
                "Violence in Society Books",
                "/browse/books/violence-in-society-books/3920_2761424_8176770_9234325"
            ]
        ]
    },
    {
        "title": "The Spirit of a Man : A Vision of Transformation for Black Men and the Women Who Love Them (Paperback)",
        "url": "https://www.walmart.com/ip/The-Spirit-of-a-Man-A-Vision-of-Transformation-for-Black-Men-and-the-Women-Who-Love-Them-Paperback-9780062512390/533118",
        "price": "$12.77",
        "stars": 0,
        "ratings": 0,
        "img": "",
        "tags": [
            [
                "Food & Beverage History Books",
                "/browse/books/food-beverage-history-books/3920_3036003_2468891"
            ],
            [
                "Slavery Books",
                "/browse/books/slavery-books/3920_2761424_8176770_2698525"
            ],
            [
                "African American History Books",
                "/browse/books/african-american-history-books/3920_582331_5685608"
            ],
            [
                "Short Story Books",
                "/browse/books/short-story-books/3920_582105_9435716_584307"
            ],
            [
                "General United States History Books",
                "/browse/books/general-united-states-history-books/3920_582331_583318_6419794"
            ],
            [
                "Cultural Heritage Biographies & Memoirs",
                "/browse/books/cultural-heritage-biographies-memoirs/3920_5196470_8577664"
            ],
            [
                "Women's History Month Nonfiction",
                "/browse/books/womens-history-month-nonfiction/3920_4883891_9043460"
            ],
            [
                "Discrimination & Race Relations Books",
                "/browse/books/discrimination-race-relations-books/3920_2761424_8176770_9541682"
            ]
        ]
    },
    {
        "title": "Human Judgment and Social Policy : Irreducible Uncertainty, Inevitable Error, Unavoidable Injustice (Paperback)",
        "url": "https://www.walmart.com/ip/Human-Judgment-and-Social-Policy-Irreducible-Uncertainty-Inevitable-Error-Unavoidable-Injustice-Paperback-9780195143270/344883020",
        "price": "$67.00",
        "stars": 0,
        "ratings": 0,
        "img": "",
        "tags": [
            [
                "General Baseball Books",
                "/browse/books/general-baseball-books/3920_8924365_4967252_2798102"
            ],
            [
                "Mental Health Books",
                "/browse/books/mental-health-books/3920_3203859_3555432"
            ],
            [
                "Spiritual Self-Help Books",
                "/browse/books/spiritual-self-help-books/3920_5642757_5131864"
            ],
            [
                "General Substance Abuse & Addictions Self-Help Books",
                "/browse/books/general-substance-abuse-addictions-self-help-books/3920_5642757_5797218_5380092"
            ],
            [
                "Interpersonal Relations Psychology Books",
                "/browse/books/interpersonal-relations-psychology-books/3920_2761424_3385531_5567426"
            ],
            [
                "Neuropsychology Books",
                "/browse/books/neuropsychology-books/3920_2761424_3385531_7903498"
            ],
            [
                "Post-Traumatic Stress Disorder Psychopathology Books",
                "/browse/books/post-traumatic-stress-disorder-psychopathology-books/3920_2761424_3385531_6536134_9287947"
            ],
            [
                "Mind & Body Philosophy Books",
                "/browse/books/mind-body-philosophy-books/3920_7051956_9666075"
            ]
        ]
    },
    {
        "title": "The Happiness Hypothesis : Finding Modern Truth in Ancient Wisdom",
        "url": "https://www.walmart.com/ip/The-Happiness-Hypothesis-Finding-Modern-Truth-in-Ancient-Wisdom/4873573",
        "price": "$13.87",
        "stars": "4.3",
        "ratings": "15 ",
        "img": "",
        "tags": [
            [
                "Organizational Behavior Books",
                "/browse/books/organizational-behavior-books/3920_582349_1905322"
            ],
            [
                "Cognitive Psychology & Cognition Books",
                "/browse/books/cognitive-psychology-cognition-books/3920_2761424_3385531_2424973"
            ],
            [
                "General Psychotherapy Books",
                "/browse/books/general-psychotherapy-books/3920_2761424_3385531_2318869_3008400"
            ],
            [
                "Counseling Psychotherapy Books",
                "/browse/books/counseling-psychotherapy-books/3920_2761424_3385531_2318869_4223555"
            ],
            [
                "Social Philosophy Books",
                "/browse/books/social-philosophy-books/3920_7051956_5464314"
            ],
            [
                "Political Philosophy Books",
                "/browse/books/political-philosophy-books/3920_7051956_6993798"
            ],
            [
                "General Developmental Psychology Books",
                "/browse/books/general-developmental-psychology-books/3920_2761424_3385531_4783777_9278852"
            ],
            [
                "Lifespan Development Psychology Books",
                "/browse/books/lifespan-development-psychology-books/3920_2761424_3385531_4783777_9923339"
            ]
        ]
    },
    {
        "title": "Lithics",
        "url": "https://www.walmart.com/ip/Lithics-9780521615006/25819028",
        "price": "$60.48",
        "stars": 0,
        "ratings": 0,
        "img": "",
        "tags": [
            [
                "Transpersonal Movement in Psychology Books",
                "/browse/books/transpersonal-movement-in-psychology-books/3920_2761424_3385531_5702953_4576003"
            ],
            [
                "Native American Studies Books",
                "/browse/books/native-american-studies-books/3920_2761424_8176770_6537532_5482557"
            ],
            [
                "Communication Studies Books",
                "/browse/books/communication-studies-books/3920_8818538_6254390"
            ],
            [
                "Psychoanalysis Movement in Psychology Books",
                "/browse/books/psychoanalysis-movement-in-psychology-books/3920_2761424_3385531_5702953_6603399"
            ],
            [
                "Ancient Greek History Books",
                "/browse/books/ancient-greek-history-books/3920_582331_583299_7249354"
            ],
            [
                "Native American History Books",
                "/browse/books/native-american-history-books/3920_582331_7283574"
            ],
            [
                "General Social Science Books",
                "/browse/books/general-social-science-books/3920_2761424_8176770_9300400"
            ],
            [
                "Advertising & Promotion Books",
                "/browse/books/advertising-promotion-books/3920_582349_9790899"
            ]
        ]
    },
    {
        "title": "Science And Human Behavior",
        "url": "https://www.walmart.com/ip/Science-And-Human-Behavior-9780029290408/538389",
        "price": "$8.25",
        "stars": "5.0",
        "ratings": "1 ",
        "img": "",
        "tags": [
            [
                "Behavioral Management in Education Books",
                "/browse/books/behavioral-management-in-education-books/3920_4284269_1645128"
            ],
            [
                "Assessment, Testing & Measurement in Psychology Books",
                "/browse/books/assessment-testing-measurement-in-psychology-books/3920_2761424_3385531_2253329"
            ],
            [
                "Education & Training in Psychology Books",
                "/browse/books/education-training-in-psychology-books/3920_2761424_3385531_2755536"
            ],
            [
                "Clinical Psychology Books",
                "/browse/books/clinical-psychology-books/3920_2761424_3385531_2933737"
            ],
            [
                "Jungian Movement in Psychology Books",
                "/browse/books/jungian-movement-in-psychology-books/3920_2761424_3385531_5702953_3254528"
            ],
            [
                "General Teaching Method Books",
                "/browse/books/general-teaching-method-books/3920_4284269_9727618_4214529"
            ],
            [
                "Psychoanalysis Movement in Psychology Books",
                "/browse/books/psychoanalysis-movement-in-psychology-books/3920_2761424_3385531_5702953_6603399"
            ],
            [
                "Human Sexuality Psychology Books",
                "/browse/books/human-sexuality-psychology-books/3920_2761424_3385531_7397811"
            ]
        ]
    },
    {
        "title": "In-Formation: Will to Live: AIDS Therapies and the Politics of Survival (Paperback)",
        "url": "https://www.walmart.com/ip/In-Formation-Will-to-Live-AIDS-Therapies-and-the-Politics-of-Survival-Paperback-9780691143859/11025822",
        "price": "$54.75",
        "stars": 0,
        "ratings": 0,
        "img": "",
        "tags": [
            [
                "Medical Research Books",
                "/browse/books/medical-research-books/3920_3203859_1422528"
            ],
            [
                "Virology Life Science Books",
                "/browse/books/virology-life-science-books/3920_8529612_1841429_1678456_2231660"
            ],
            [
                "AIDS & HIV",
                "/browse/books/aids-hiv/3920_582054_1646706_2407306"
            ],
            [
                "Epidemiology Books",
                "/browse/books/epidemiology-books/3920_3203859_2417600"
            ],
            [
                "Medical History Books",
                "/browse/books/medical-history-books/3920_3203859_2442584"
            ],
            [
                "Nutrition Books",
                "/browse/books/nutrition-books/3920_7415838_1851676_6124508"
            ],
            [
                "Magnetism Physics Books",
                "/browse/books/magnetism-physics-books/3920_8529612_1841429_4851636_9238751"
            ],
            [
                "Preventive Medicine Books",
                "/browse/books/preventive-medicine-books/3920_3203859_9657752"
            ]
        ]
    }
]