[
    {
        "title": "As I Lay Dying",
        "url": "https://www.walmart.com/ip/As-I-Lay-Dying-9780679732259/380475",
        "price": "$11.99",
        "stars": "3.9",
        "ratings": "80 ",
        "img": "",
        "tags": [
            [
                "Dark Fantasy Books",
                "/browse/books/dark-fantasy-books/3920_582105_9435716_586163_586162_2556875"
            ],
            [
                "Classic Novels",
                "/browse/books/classic-novels/3920_582105_9435716_584294"
            ],
            [
                "General Fantasy Books",
                "/browse/books/general-fantasy-books/3920_582105_9435716_586163_586162_586689"
            ],
            [
                "General Science Fiction Books",
                "/browse/books/general-science-fiction-books/3920_582105_9435716_586163_1469104_586696"
            ],
            [
                "Beach Reads",
                "/browse/books/beach-reads/3920_6726310_6241069"
            ],
            [
                "College Back to School Books",
                "/browse/books/college-back-to-school-books/3920_8955258_7993255"
            ],
            [
                "Adult Fiction Top 100",
                "/browse/books/adult-fiction-top-100/3920_1057224_9885630"
            ]
        ]
    },
    {
        "title": "Bag of Bones : A Novel",
        "url": "https://www.walmart.com/ip/Bag-of-Bones-A-Novel-9781501198892/406353442",
        "price": "$14.87",
        "stars": "3.9",
        "ratings": "69 ",
        "img": "i5.walmartimages.com/asr/1cc2ae93-fa95-41a9-b146-513b55537ac0_1.d6e00c8295df8c2a6950a82a1cf720c1.jpeg?odnWidth=612&odnHeight=612&odnBg=ffffff",
        "tags": [
            [
                "Psychological Thriller Books",
                "/browse/books/psychological-thriller-books/3920_582105_9435716_586706_586718_2227731"
            ],
            [
                "General Fiction Books",
                "/browse/books/general-fiction-books/3920_582105_9435716_584297"
            ],
            [
                "Horror Novels",
                "/browse/books/horror-novels/3920_582105_9435716_584301"
            ],
            [
                "Supernatural Thriller Books",
                "/browse/books/supernatural-thriller-books/3920_582105_9435716_586706_586718_6097731"
            ],
            [
                "Technological Thriller Books",
                "/browse/books/technological-thriller-books/3920_582105_9435716_586706_586718_7104321"
            ],
            [
                "Mysteries, Thrillers & Suspense",
                "/browse/books/mysteries-thrillers-suspense/3920_4640285_8077069"
            ],
            [
                "Adult Fiction Top 100",
                "/browse/books/adult-fiction-top-100/3920_1057224_9885630"
            ]
        ]
    },
    {
        "title": "Hamnet (Hardcover)",
        "url": "https://www.walmart.com/ip/Hamnet-Hardcover-9780525657606/470478980",
        "price": "$25.60",
        "stars": 0,
        "ratings": 0,
        "img": "",
        "tags": [
            [
                "Women's History Month Fiction",
                "/browse/books/womens-history-month-fiction/3920_4883891_2070999"
            ],
            [
                "Classic Novels",
                "/browse/books/classic-novels/3920_582105_9435716_584294"
            ],
            [
                "General Fiction Books",
                "/browse/books/general-fiction-books/3920_582105_9435716_584297"
            ],
            [
                "Historical Fiction Novels",
                "/browse/books/historical-fiction-novels/3920_582105_9435716_584298"
            ],
            [
                "Beach Reads",
                "/browse/books/beach-reads/3920_6726310_6241069"
            ],
            [
                "Contemporary Women Novels",
                "/browse/books/contemporary-women-novels/3920_582105_9435716_632159"
            ],
            [
                "Adult Fiction Top 100",
                "/browse/books/adult-fiction-top-100/3920_1057224_9885630"
            ]
        ]
    },
    {
        "title": "Broken Harbor : A Novel",
        "url": "https://www.walmart.com/ip/Broken-Harbor-A-Novel-9780143123309/22387748",
        "price": "$9.88",
        "stars": "4.2",
        "ratings": "82 ",
        "img": "i5.walmartimages.com/asr/8d22c434-4556-4f4a-97d9-bc5dccfb6ad0_1.0fa3107f2a83d7784a21c9b50d68e9a4.jpeg?odnWidth=612&odnHeight=612&odnBg=ffffff",
        "tags": [
            [
                "Psychological Thriller Books",
                "/browse/books/psychological-thriller-books/3920_582105_9435716_586706_586718_2227731"
            ],
            [
                "Crime Thriller Books",
                "/browse/books/crime-thriller-books/3920_582105_9435716_586706_586718_2676129"
            ],
            [
                "Horror Novels",
                "/browse/books/horror-novels/3920_582105_9435716_584301"
            ],
            [
                "Books with Women Sleuths",
                "/browse/books/books-with-women-sleuths/3920_582105_9435716_586706_3971473_586720"
            ],
            [
                "International Mystery & Crime Books",
                "/browse/books/international-mystery-crime-books/3920_582105_9435716_586706_3971473_9057161"
            ],
            [
                "Adult Fiction Top 100",
                "/browse/books/adult-fiction-top-100/3920_1057224_9885630"
            ]
        ]
    },
    {
        "title": "Amish Heirloom Novel: The Cherished Quilt (Paperback)",
        "url": "https://www.walmart.com/ip/Amish-Heirloom-Novel-The-Cherished-Quilt-Paperback-9780310352976/391497266",
        "price": "$2.75",
        "stars": "5.0",
        "ratings": "7 ",
        "img": "",
        "tags": [
            [
                "Romance",
                "/browse/books/romance/3920_1987289_582374_5422910_2168201"
            ],
            [
                "Patchwork Crafts & Hobbies Books",
                "/browse/books/patchwork-crafts-hobbies-books/3920_582361_3536850"
            ],
            [
                "Suspense",
                "/browse/books/suspense/3920_1987289_582374_5422910_8985415"
            ],
            [
                "International Mystery & Crime Books",
                "/browse/books/international-mystery-crime-books/3920_582105_9435716_586706_3971473_9057161"
            ],
            [
                "Clean & Wholesome Romance Books",
                "/browse/books/clean-wholesome-romance-books/3920_582105_582052_9145847"
            ],
            [
                "General Cookbooks",
                "/browse/books/general-cookbooks/3920_3036003_9410902"
            ],
            [
                "Love & Marriage",
                "/browse/books/love-marriage/3920_1987289_582374_8324310_9552786"
            ],
            [
                "Women's Issues",
                "/browse/books/womens-issues/3920_1987289_582374_8324310_9563912"
            ]
        ]
    },
    {
        "title": "Amish Heirloom Novel: The Beloved Hope Chest (Paperback)",
        "url": "https://www.walmart.com/ip/Amish-Heirloom-Novel-The-Beloved-Hope-Chest-Paperback-9780310352884/801622393",
        "price": "$2.75",
        "stars": "4.9",
        "ratings": "7 ",
        "img": "",
        "tags": [
            [
                "Harlequin Thriller",
                "/browse/books/harlequin-thriller/3920_582105_582052_8816794_1435600"
            ],
            [
                "Romance",
                "/browse/books/romance/3920_1987289_582374_5422910_2168201"
            ],
            [
                "Religious",
                "/browse/books/religious/3920_1987289_582374_5422910_4535371"
            ],
            [
                "Small Town & Rural Novels",
                "/browse/books/small-town-rural-novels/3920_582105_9435716_4820292"
            ],
            [
                "General Romance Books",
                "/browse/books/general-romance-books/3920_582105_582052_582613"
            ],
            [
                "Suspense",
                "/browse/books/suspense/3920_1987289_582374_5422910_8985415"
            ],
            [
                "Clean & Wholesome Romance Books",
                "/browse/books/clean-wholesome-romance-books/3920_582105_582052_9145847"
            ]
        ]
    },
    {
        "title": "Love by Chance : Based on the Hallmark Channel Original Movie (Paperback)",
        "url": "https://www.walmart.com/ip/Love-by-Chance-Based-on-the-Hallmark-Channel-Original-Movie-Paperback-9781947892736/617071361",
        "price": "$12.20",
        "stars": 0,
        "ratings": 0,
        "img": "",
        "tags": [
            [
                "Sports Romance Books",
                "/browse/books/sports-romance-books/3920_582105_582052_1313210"
            ],
            [
                "Hallmark Books",
                "/browse/books/hallmark-books/3920_582105_582052_3562988"
            ],
            [
                "Romantic Comedy Books",
                "/browse/books/romantic-comedy-books/3920_582105_582052_586191"
            ],
            [
                "Harlequin Contemporary Romance",
                "/browse/books/harlequin-contemporary-romance/3920_582105_582052_8816794_6054474"
            ],
            [
                "Contemporary Women Novels",
                "/browse/books/contemporary-women-novels/3920_582105_9435716_632159"
            ],
            [
                "Holiday Romance Books",
                "/browse/books/holiday-romance-books/3920_582105_582052_8855511"
            ],
            [
                "Clean & Wholesome Romance Books",
                "/browse/books/clean-wholesome-romance-books/3920_582105_582052_9145847"
            ]
        ]
    },
    {
        "title": "Stephanie Plum Novels: Ten Big Ones & Eleven on Top: Two Novels in One (Paperback)",
        "url": "https://www.walmart.com/ip/Stephanie-Plum-Novels-Ten-Big-Ones-Eleven-on-Top-Two-Novels-in-One-Paperback-9781250620774/275602763",
        "price": "$7.48",
        "stars": 0,
        "ratings": 0,
        "img": "",
        "tags": [
            [
                "Sports Romance Books",
                "/browse/books/sports-romance-books/3920_582105_582052_1313210"
            ],
            [
                "Humor Novels",
                "/browse/books/humor-novels/3920_582105_9435716_2410560"
            ],
            [
                "Hallmark Books",
                "/browse/books/hallmark-books/3920_582105_582052_3562988"
            ],
            [
                "Relationships",
                "/browse/books/relationships/3920_1987289_582374_8324310_5044877"
            ],
            [
                "Books with Women Sleuths",
                "/browse/books/books-with-women-sleuths/3920_582105_9435716_586706_3971473_586720"
            ],
            [
                "Holiday Novels",
                "/browse/books/holiday-novels/3920_582105_9435716_6396075"
            ],
            [
                "Holiday Romance Books",
                "/browse/books/holiday-romance-books/3920_582105_582052_8855511"
            ],
            [
                "Clean & Wholesome Romance Books",
                "/browse/books/clean-wholesome-romance-books/3920_582105_582052_9145847"
            ]
        ]
    },
    {
        "title": "On Mystic Lake : A Novel",
        "url": "https://www.walmart.com/ip/On-Mystic-Lake-A-Novel-9780449149676/739203",
        "price": "$8.42",
        "stars": "4.3",
        "ratings": "16 ",
        "img": "i5.walmartimages.com/asr/090a672a-167b-49d8-b2a0-527378edf933_1.643ebdd4d75db89215f27d5f6418eb4d.jpeg?odnWidth=612&odnHeight=612&odnBg=ffffff",
        "tags": [
            [
                "Time Travel Romance Books",
                "/browse/books/time-travel-romance-books/3920_582105_582052_1364486"
            ],
            [
                "Family Life Novels",
                "/browse/books/family-life-novels/3920_582105_9435716_2533058"
            ],
            [
                "General Wine & Alcohol Books",
                "/browse/books/general-wine-alcohol-books/3920_3036003_9955948_5323083_2748429"
            ],
            [
                "New King James Version",
                "/browse/books/new-king-james-version/3920_1987289_582374_9735184_5031088"
            ],
            [
                "Historical Mystery Books",
                "/browse/books/historical-mystery-books/3920_582105_9435716_586706_3971473_586712"
            ],
            [
                "Poverty & Homelessness Books",
                "/browse/books/poverty-homelessness-books/3920_2761424_8176770_7158882"
            ],
            [
                "MLB Books",
                "/browse/books/mlb-books/3920_8924365_8749248"
            ],
            [
                "Middle Eastern Political Books",
                "/browse/books/middle-eastern-political-books/3920_5764957_4546754_9650307"
            ]
        ]
    },
    {
        "title": "Angels Flight",
        "url": "https://www.walmart.com/ip/Angels-Flight-9781538762714/751385328",
        "price": "$7.48",
        "stars": "4.3",
        "ratings": "27 ",
        "img": "",
        "tags": [
            [
                "General Thriller & Suspense Books",
                "/browse/books/general-thriller-suspense-books/3920_582105_9435716_586706_586718_1367237"
            ],
            [
                "Crime Thriller Books",
                "/browse/books/crime-thriller-books/3920_582105_9435716_586706_586718_2676129"
            ],
            [
                "Suspense Romance Books",
                "/browse/books/suspense-romance-books/3920_582105_582052_586193"
            ],
            [
                "Suspense Books",
                "/browse/books/suspense-books/3920_582105_9435716_586706_586718_7642795"
            ],
            [
                "Crime Mystery & Detective Books",
                "/browse/books/crime-mystery-detective-books/3920_582105_9435716_586706_3971473_9725060"
            ],
            [
                "Adult Fiction Top 100",
                "/browse/books/adult-fiction-top-100/3920_1057224_9885630"
            ]
        ]
    }
]