[
    {
        "title": "Endeavour: The Complete Fifth Season (Masterpiece) (Blu-ray)",
        "url": "https://www.walmart.com/ip/Endeavour-The-Complete-Fifth-Season-Masterpiece-Blu-ray/858081800",
        "price": "$30.44",
        "stars": "4.5",
        "ratings": "2 ",
        "img": "",
        "tags": [
            [
                "General American Poetry Books",
                "/browse/books/general-american-poetry-books/3920_582105_9408377_5501336_3029471"
            ],
            [
                "Hallmark Books",
                "/browse/books/hallmark-books/3920_582105_582052_3562988"
            ],
            [
                "General Mystery & Detective Books",
                "/browse/books/general-mystery-detective-books/3920_582105_9435716_586706_3971473_586710"
            ],
            [
                "Historical Mystery Books",
                "/browse/books/historical-mystery-books/3920_582105_9435716_586706_3971473_586712"
            ],
            [
                "Traditional Mystery & Detective Books",
                "/browse/books/traditional-mystery-detective-books/3920_582105_9435716_586706_3971473_586719"
            ],
            [
                "Books with Women Sleuths",
                "/browse/books/books-with-women-sleuths/3920_582105_9435716_586706_3971473_586720"
            ],
            [
                "Guides & Reviews",
                "/browse/books/guides-reviews/3920_582321_6572320_6482205_6757338"
            ],
            [
                "Private Investigator Books",
                "/browse/books/private-investigator-books/3920_582105_9435716_586706_3971473_8061189"
            ]
        ]
    },
    {
        "title": "Naughty Bedtime Stories",
        "url": "https://www.walmart.com/ip/Naughty-Bedtime-Stories-9780425202463/168264567",
        "price": "$13.30",
        "stars": 0,
        "ratings": 0,
        "img": "",
        "tags": [
            [
                "Small Town & Rural Novels",
                "/browse/books/small-town-rural-novels/3920_582105_9435716_4820292"
            ],
            [
                "Romance Collections & Anthologies",
                "/browse/books/romance-collections-anthologies/3920_582105_582052_582610"
            ],
            [
                "General Romance Books",
                "/browse/books/general-romance-books/3920_582105_582052_582613"
            ],
            [
                "Harlequin Contemporary Romance",
                "/browse/books/harlequin-contemporary-romance/3920_582105_582052_8816794_6054474"
            ],
            [
                "Contemporary Women Novels",
                "/browse/books/contemporary-women-novels/3920_582105_9435716_632159"
            ],
            [
                "General Erotica Books",
                "/browse/books/general-erotica-books/3920_582105_582052_5080993_7761014"
            ],
            [
                "Adult Fiction Top 100",
                "/browse/books/adult-fiction-top-100/3920_1057224_9885630"
            ]
        ]
    },
    {
        "title": "Atlee Pine Thriller: Daylight (Series #3) (Hardcover)",
        "url": "https://www.walmart.com/ip/Atlee-Pine-Thriller-Daylight-Series-3-Hardcover-9781538761694/311998573",
        "price": "$20.30",
        "stars": 0,
        "ratings": 0,
        "img": "",
        "tags": [
            [
                "General Thriller & Suspense Books",
                "/browse/books/general-thriller-suspense-books/3920_582105_9435716_586706_586718_1367237"
            ],
            [
                "Psychological Thriller Books",
                "/browse/books/psychological-thriller-books/3920_582105_9435716_586706_586718_2227731"
            ],
            [
                "Crime Thriller Books",
                "/browse/books/crime-thriller-books/3920_582105_9435716_586706_586718_2676129"
            ],
            [
                "Horror Novels",
                "/browse/books/horror-novels/3920_582105_9435716_584301"
            ],
            [
                "Beach Reads",
                "/browse/books/beach-reads/3920_6726310_6241069"
            ],
            [
                "Adult Fiction Top 100",
                "/browse/books/adult-fiction-top-100/3920_1057224_9885630"
            ]
        ]
    },
    {
        "title": "Lego Jurassic World: Owen's Guide to Survival (Paperback)",
        "url": "https://www.walmart.com/ip/Lego-Jurassic-World-Owen-s-Guide-to-Survival-Paperback-9781338238020/553012325",
        "price": "$7.35",
        "stars": 0,
        "ratings": 0,
        "img": "",
        "tags": [
            [
                "Kids' Activity Books",
                "/browse/books/kids-activity-books/3920_582053_1099163"
            ],
            [
                "Jurassic Park Books",
                "/browse/books/jurassic-park-books/3920_582105_9435716_586163_1508993"
            ],
            [
                "Baby - Age 2 Kids' Books",
                "/browse/books/baby-age-2-kids-books/3920_582053_593774"
            ],
            [
                "Toys, Dolls & Puppet Kids' Books",
                "/browse/books/toys-dolls-puppet-kids-books/3920_582053_6012294"
            ],
            [
                "Beginner Reading Kids' Books",
                "/browse/books/beginner-reading-kids-books/3920_582053_1106635_8429344"
            ],
            [
                "Angry Birds Books",
                "/browse/books/angry-birds-books/3920_582053_2163722_9488560"
            ],
            [
                "Jurassic World Books",
                "/browse/books/jurassic-world-books/3920_582105_9435716_586163_9850164"
            ],
            [
                "Summer Reading Picture Books",
                "/browse/books/summer-reading-picture-books/3920_6726310_9889612"
            ]
        ]
    },
    {
        "title": "Dune Messiah",
        "url": "https://www.walmart.com/ip/Dune-Messiah-9780593098233/250274994",
        "price": "$9.99",
        "stars": 0,
        "ratings": 0,
        "img": "",
        "tags": [
            [
                "Banned Science Fiction & Fantasy Books",
                "/browse/books/banned-science-fiction-fantasy-books/3920_7957549_5716639"
            ],
            [
                "Literary Novels",
                "/browse/books/literary-novels/3920_582105_9435716_584303"
            ],
            [
                "Suspense Books",
                "/browse/books/suspense-books/3920_582105_9435716_586706_586718_7642795"
            ],
            [
                "College Back to School Books",
                "/browse/books/college-back-to-school-books/3920_8955258_7993255"
            ],
            [
                "Adult Fiction Top 100",
                "/browse/books/adult-fiction-top-100/3920_1057224_9885630"
            ],
            [
                "Banned Literary Classic Books",
                "/browse/books/banned-literary-classic-books/3920_7957549_9906601"
            ]
        ]
    },
    {
        "title": "Shadows in Death : An Eve Dallas Novel (In Death, Book 51)",
        "url": "https://www.walmart.com/ip/Shadows-in-Death-An-Eve-Dallas-Novel-In-Death-Book-51-9781250760500/324717968",
        "price": "$17.48",
        "stars": 0,
        "ratings": 0,
        "img": "",
        "tags": [
            [
                "General Thriller & Suspense Books",
                "/browse/books/general-thriller-suspense-books/3920_582105_9435716_586706_586718_1367237"
            ],
            [
                "Crime Thriller Books",
                "/browse/books/crime-thriller-books/3920_582105_9435716_586706_586718_2676129"
            ],
            [
                "Suspense Romance Books",
                "/browse/books/suspense-romance-books/3920_582105_582052_586193"
            ],
            [
                "Suspense Books",
                "/browse/books/suspense-books/3920_582105_9435716_586706_586718_7642795"
            ],
            [
                "Crime Mystery & Detective Books",
                "/browse/books/crime-mystery-detective-books/3920_582105_9435716_586706_3971473_9725060"
            ],
            [
                "Adult Fiction Top 100",
                "/browse/books/adult-fiction-top-100/3920_1057224_9885630"
            ]
        ]
    },
    {
        "title": "The Dark Side (Paperback)",
        "url": "https://www.walmart.com/ip/The-Dark-Side-Paperback-9780399179433/633008462",
        "price": "$6.74",
        "stars": "3.0",
        "ratings": "2 ",
        "img": "",
        "tags": [
            [
                "Harlequin Thriller",
                "/browse/books/harlequin-thriller/3920_582105_582052_8816794_1435600"
            ],
            [
                "Romance Collections & Anthologies",
                "/browse/books/romance-collections-anthologies/3920_582105_582052_582610"
            ],
            [
                "Contemporary Romance Books",
                "/browse/books/contemporary-romance-books/3920_582105_582052_582611"
            ],
            [
                "General Romance Books",
                "/browse/books/general-romance-books/3920_582105_582052_582613"
            ],
            [
                "Suspense Romance Books",
                "/browse/books/suspense-romance-books/3920_582105_582052_586193"
            ],
            [
                "Harlequin Contemporary Romance",
                "/browse/books/harlequin-contemporary-romance/3920_582105_582052_8816794_6054474"
            ],
            [
                "Beach Reads",
                "/browse/books/beach-reads/3920_6726310_6241069"
            ]
        ]
    },
    {
        "title": "Pet Sematary (Paperback)",
        "url": "https://www.walmart.com/ip/Pet-Sematary-Paperback-9781982115982/322439106",
        "price": "$9.93",
        "stars": "4.3",
        "ratings": "78 ",
        "img": "",
        "tags": [
            [
                "Occult & Supernatural Novels",
                "/browse/books/occult-supernatural-novels/3920_582105_9435716_2210595"
            ],
            [
                "Media Tie-In Novels",
                "/browse/books/media-tie-in-novels/3920_582105_9435716_584212"
            ],
            [
                "Supernatural Thriller Books",
                "/browse/books/supernatural-thriller-books/3920_582105_9435716_586706_586718_6097731"
            ],
            [
                "Suspense Books",
                "/browse/books/suspense-books/3920_582105_9435716_586706_586718_7642795"
            ],
            [
                "Mysteries, Thrillers & Suspense",
                "/browse/books/mysteries-thrillers-suspense/3920_4640285_8077069"
            ],
            [
                "Adult Fiction Top 100",
                "/browse/books/adult-fiction-top-100/3920_1057224_9885630"
            ]
        ]
    },
    {
        "title": "Twin Peaks : The Final Dossier",
        "url": "https://www.walmart.com/ip/Twin-Peaks-The-Final-Dossier-9781250163301/55861886",
        "price": "$7.20",
        "stars": 0,
        "ratings": 0,
        "img": "i5.walmartimages.com/asr/cdefd9da-175f-4e5b-853b-a8d9a61e92a1_1.f455a7621056570e0537c8ad74b2e9c7.jpeg?odnWidth=612&odnHeight=612&odnBg=ffffff",
        "tags": [
            [
                "Football Kids' Books",
                "/browse/books/football-kids-books/3920_582053_582581_1975211"
            ],
            [
                "Horror Novels",
                "/browse/books/horror-novels/3920_582105_9435716_584301"
            ],
            [
                "General TV Books",
                "/browse/books/general-tv-books/3920_582321_6572320_6482205_6674363"
            ],
            [
                "Ghost Novels",
                "/browse/books/ghost-novels/3920_582105_9435716_7250305"
            ],
            [
                "Urban Fantasy Books",
                "/browse/books/urban-fantasy-books/3920_582105_9435716_586163_586162_7554986"
            ],
            [
                "Mysteries, Thrillers & Suspense",
                "/browse/books/mysteries-thrillers-suspense/3920_4640285_8077069"
            ],
            [
                "Suspense",
                "/browse/books/suspense/3920_1987289_582374_5422910_8985415"
            ]
        ]
    },
    {
        "title": "The Housekeeper : A twisted psychological thriller (Paperback)",
        "url": "https://www.walmart.com/ip/The-Housekeeper-A-twisted-psychological-thriller-Paperback-9780648225997/712650075",
        "price": "$13.99",
        "stars": 0,
        "ratings": 0,
        "img": "",
        "tags": [
            [
                "Crime Thriller Books",
                "/browse/books/crime-thriller-books/3920_582105_9435716_586706_586718_2676129"
            ],
            [
                "Psychological Novels",
                "/browse/books/psychological-novels/3920_582105_9435716_3215013"
            ],
            [
                "Beach Reads",
                "/browse/books/beach-reads/3920_6726310_6241069"
            ],
            [
                "Suspense Books",
                "/browse/books/suspense-books/3920_582105_9435716_586706_586718_7642795"
            ],
            [
                "Crime Mystery & Detective Books",
                "/browse/books/crime-mystery-detective-books/3920_582105_9435716_586706_3971473_9725060"
            ],
            [
                "Adult Fiction Top 100",
                "/browse/books/adult-fiction-top-100/3920_1057224_9885630"
            ]
        ]
    }
]