[
    {
        "title": "Epic Measures: One Doctor. Seven Billion Patients. (Hardcover)",
        "url": "https://www.walmart.com/ip/Epic-Measures-One-Doctor-Seven-Billion-Patients-Hardcover-9780062237507/42083766",
        "price": "$3.49",
        "stars": 0,
        "ratings": 0,
        "img": "",
        "tags": [
            [
                "Religious Biographies & Memoirs",
                "/browse/books/religious-biographies-memoirs/3920_5196470_1947523"
            ],
            [
                "Theology",
                "/browse/books/theology/3920_1987289_582055_4613443"
            ],
            [
                "Heart",
                "/browse/books/heart/3920_582054_1646706_4894274"
            ],
            [
                "Diseases Books",
                "/browse/books/diseases-books/3920_3203859_8125832"
            ],
            [
                "Cultural Heritage Biographies & Memoirs",
                "/browse/books/cultural-heritage-biographies-memoirs/3920_5196470_8577664"
            ],
            [
                "General Psychopathology Books",
                "/browse/books/general-psychopathology-books/3920_2761424_3385531_6536134_8908432"
            ],
            [
                "Health Care Delivery Books",
                "/browse/books/health-care-delivery-books/3920_3203859_9316800"
            ],
            [
                "Near-Death Experience",
                "/browse/books/near-death-experience/3920_1987289_5383544_6499099_9381391"
            ]
        ]
    },
    {
        "title": "Gods and Myths of Northern Europe",
        "url": "https://www.walmart.com/ip/Gods-and-Myths-of-Northern-Europe-9780140136272/27821469",
        "price": "$12.81",
        "stars": "4.0",
        "ratings": "2 ",
        "img": "i5.walmartimages.com/asr/8ada3c67-b665-496a-bc9c-8f02e8bc3e10_1.037da159115a3fa4d78fb313ab29eff7.jpeg?odnWidth=612&odnHeight=612&odnBg=ffffff",
        "tags": [
            [
                "Tarot Cards & Books",
                "/browse/books/tarot-cards-books/3920_1987289_1946456"
            ],
            [
                "Witchcraft",
                "/browse/books/witchcraft/3920_1987289_5383544_2856819"
            ],
            [
                "Magick Studies",
                "/browse/books/magick-studies/3920_1987289_5383544_4221481"
            ],
            [
                "Fairy Tales, Folk Tales, Legends & Mythology Literary Criticism Books",
                "/browse/books/fairy-tales-folk-tales-legends-mythology-literary-criticism-books/3920_582105_8476958_4269589"
            ],
            [
                "New England State & Local United States History Books",
                "/browse/books/new-england-state-local-united-states-history-books/3920_582331_583318_8751259_4500508"
            ],
            [
                "Comparative Religion",
                "/browse/books/comparative-religion/3920_1987289_582055_4946620"
            ],
            [
                "Popular Culture Art Books",
                "/browse/books/popular-culture-art-books/3920_582321_6907922_7436890"
            ],
            [
                "General Library & Information Science Books",
                "/browse/books/general-library-information-science-books/3920_8818538_4979139_9142829"
            ]
        ]
    },
    {
        "title": "Dying to Cross: The Worst Immigrant Tragedy in American History (Paperback)",
        "url": "https://www.walmart.com/ip/Dying-to-Cross-The-Worst-Immigrant-Tragedy-in-American-History-Paperback-9780060789459/25955045",
        "price": "$5.75",
        "stars": "2.0",
        "ratings": "1 ",
        "img": "",
        "tags": [
            [
                "Midwest State & Local United States History Books",
                "/browse/books/midwest-state-local-united-states-history-books/3920_582331_583318_8751259_2590618"
            ],
            [
                "Criminals & Outlaws Biographies & Memoirs",
                "/browse/books/criminals-outlaws-biographies-memoirs/3920_5196470_2966683"
            ],
            [
                "Cults",
                "/browse/books/cults/3920_1987289_582055_4207594"
            ],
            [
                "Murder True Crime Books",
                "/browse/books/murder-true-crime-books/3920_6325322_4598389"
            ],
            [
                "Meetings & Presentations in Business Books",
                "/browse/books/meetings-presentations-in-business-books/3920_582349_5610699_4813902"
            ],
            [
                "Regional Photography Books",
                "/browse/books/regional-photography-books/3920_582321_5674104_4153737_5673664"
            ],
            [
                "Law Enforcement Political Books",
                "/browse/books/law-enforcement-political-books/3920_5764957_7245926"
            ],
            [
                "Law Enforcement Biographies & Memoirs",
                "/browse/books/law-enforcement-biographies-memoirs/3920_5196470_8144330"
            ]
        ]
    },
    {
        "title": "Can We All Be Feminists? : New Writing from Brit Bennett, Nicole Dennis-Benn, and 15 Others on Intersectionality, Identity, and the Way Forward for Feminism",
        "url": "https://www.walmart.com/ip/Can-We-All-Be-Feminists-New-Writing-Brit-Bennett-Nicole-Dennis-Benn-15-Others-Intersectionality-Identity-Way-Forward-Feminism-9780143132370/244294082",
        "price": "$13.95",
        "stars": "5.0",
        "ratings": "1 ",
        "img": "",
        "tags": [
            [
                "Rich & Famous Biographies & Memoirs",
                "/browse/books/rich-famous-biographies-memoirs/3920_5196470_2244664"
            ],
            [
                "Science Fiction Teen & Young Adult Books",
                "/browse/books/science-fiction-teen-young-adult-books/3920_1068785_2702343_2706398"
            ],
            [
                "Marine Biology Life Science Books",
                "/browse/books/marine-biology-life-science-books/3920_8529612_1841429_1678456_4215606"
            ],
            [
                "LGBT Novels",
                "/browse/books/lgbt-novels/3920_582105_9435716_6114864"
            ],
            [
                "LGBT Biographies & Memoirs",
                "/browse/books/lgbt-biographies-memoirs/3920_5196470_7940123"
            ],
            [
                "Education",
                "/browse/books/education/3920_5642757_6055772_8406857"
            ],
            [
                "Women's History Month Nonfiction",
                "/browse/books/womens-history-month-nonfiction/3920_4883891_9043460"
            ],
            [
                "Weddings Reference Books",
                "/browse/books/weddings-reference-books/3920_3943378_9108457"
            ]
        ]
    },
    {
        "title": "My Name is Julian : Personalized Primary Tracing Book / Learning How to Write Their Name / Practice Paper Designed for Kids in Preschool and Kindergarten (Paperback)",
        "url": "https://www.walmart.com/ip/My-Name-Julian-Personalized-Primary-Tracing-Book-Learning-How-Write-Their-Practice-Paper-Designed-Kids-Preschool-Kindergarten-Paperback-9781692514617/892614576",
        "price": "$9.58",
        "stars": 0,
        "ratings": 0,
        "img": "",
        "tags": [
            [
                "Kids' Activity Books",
                "/browse/books/kids-activity-books/3920_582053_1099163"
            ],
            [
                "General Learning Concept Kids' Books",
                "/browse/books/general-learning-concept-kids-books/3920_582053_6630876_4154909"
            ],
            [
                "School & Education Kids' Books",
                "/browse/books/school-education-kids-books/3920_582053_4673607"
            ],
            [
                "Elementary Education Books",
                "/browse/books/elementary-education-books/3920_4284269_6367722"
            ],
            [
                "Reading & Phonics Education Books",
                "/browse/books/reading-phonics-education-books/3920_4284269_9727618_6753644"
            ],
            [
                "Handwriting Kids' Books",
                "/browse/books/handwriting-kids-books/3920_582053_8452860_7021485"
            ],
            [
                "Parent Participation in Education Books",
                "/browse/books/parent-participation-in-education-books/3920_4284269_8153436"
            ],
            [
                "Summer Reading Workbooks",
                "/browse/books/summer-reading-workbooks/3920_6726310_9075247"
            ]
        ]
    },
    {
        "title": "Care of the Soul, Twenty-Fifth Anniversary Ed: A Guide for Cultivating Depth and Sacredness in Everyday Life (Paperback)",
        "url": "https://www.walmart.com/ip/Care-of-the-Soul-Twenty-Fifth-Anniversary-Ed-A-Guide-for-Cultivating-Depth-and-Sacredness-in-Everyday-Life-Paperback-9780062415677/46683730",
        "price": "$13.98",
        "stars": "4.5",
        "ratings": "6 ",
        "img": "",
        "tags": [
            [
                "Child Developmental Psychology Books",
                "/browse/books/child-developmental-psychology-books/3920_2761424_3385531_4783777_2238611"
            ],
            [
                "Zen Philosophy Books",
                "/browse/books/zen-philosophy-books/3920_7051956_2491740"
            ],
            [
                "Espa\u00f1ol Para Hispanohablantes, Spanish for Spanish Speakers",
                "/browse/books/espa\u00f1ol-para-hispanohablantes-spanish-for-spanish-speakers/3920_226139_2531768"
            ],
            [
                "Depression",
                "/browse/books/depression/3920_5642757_8597698_4458531"
            ],
            [
                "General Animal Books",
                "/browse/books/general-animal-books/3920_8529612_4668181_9504516_6088800"
            ],
            [
                "Zoology Life Science Books",
                "/browse/books/zoology-life-science-books/3920_8529612_1841429_1678456_6890011"
            ],
            [
                "Personal Success in Business & Money Books",
                "/browse/books/personal-success-in-business-money-books/3920_582349_9116217"
            ],
            [
                "Child & Adolescent Psychotherapy Books",
                "/browse/books/child-adolescent-psychotherapy-books/3920_2761424_3385531_2318869_9492204"
            ]
        ]
    },
    {
        "title": "For Small Creatures Such as We : Rituals for Finding Meaning in Our Unlikely World (Hardcover)",
        "url": "https://www.walmart.com/ip/For-Small-Creatures-Such-as-We-Rituals-for-Finding-Meaning-in-Our-Unlikely-World-Hardcover-9780735218772/435170298",
        "price": "$19.74",
        "stars": 0,
        "ratings": 0,
        "img": "i5.walmartimages.com/asr/5ccde260-caf4-4f41-bbb8-aa97ebcbbb8c_1.63e414f9501f41f9038eb9232fbd5b0b.jpeg?odnWidth=612&odnHeight=612&odnBg=ffffff",
        "tags": [
            [
                "Rich & Famous Biographies & Memoirs",
                "/browse/books/rich-famous-biographies-memoirs/3920_5196470_2244664"
            ],
            [
                "Body Art & Tattooing Art Books",
                "/browse/books/body-art-tattooing-art-books/3920_582321_6907922_2358664"
            ],
            [
                "Body, Mind & Spirit Kids' Books",
                "/browse/books/body-mind-spirit-kids-books/3920_582053_4172038"
            ],
            [
                "Mother's Day Gift Guide Books",
                "/browse/books/mothers-day-gift-guide-books/3920_7458265_5685062"
            ],
            [
                "Women Biographies & Memoirs",
                "/browse/books/women-biographies-memoirs/3920_5196470_7667225"
            ],
            [
                "MLB Books",
                "/browse/books/mlb-books/3920_8924365_8749248"
            ],
            [
                "Entertainment & Performing Arts Biographies & Memoirs",
                "/browse/books/entertainment-performing-arts-biographies-memoirs/3920_5196470_9350306"
            ]
        ]
    },
    {
        "title": "Summary of Man's Search for Meaning: by Viktor E. Frankl",
        "url": "https://www.walmart.com/ip/Summary-of-Man-s-Search-for-Meaning-by-Viktor-E-Frankl-9781945251474/666781127",
        "price": "$9.65",
        "stars": 0,
        "ratings": 0,
        "img": "",
        "tags": []
    },
    {
        "title": "Maphead : Charting the Wide, Weird World of Geography Wonks",
        "url": "https://www.walmart.com/ip/Maphead-Charting-the-Wide-Weird-World-of-Geography-Wonks-9781439167182/19403615",
        "price": "$6.75",
        "stars": "4.1",
        "ratings": "25 ",
        "img": "i5.walmartimages.com/asr/45d0e1a6-1630-4f8a-80ac-5f896cc8932d_1.f74875dd2cae073939cf35bdd9f5dd99.jpeg?odnWidth=612&odnHeight=612&odnBg=ffffff",
        "tags": [
            [
                "Archaeology Books",
                "/browse/books/archaeology-books/3920_2761424_8176770_1738817"
            ],
            [
                "General Political Books",
                "/browse/books/general-political-books/3920_5764957_2194732"
            ],
            [
                "General Anthropology Books",
                "/browse/books/general-anthropology-books/3920_2761424_8176770_9998889_2863743"
            ],
            [
                "General Psychotherapy Books",
                "/browse/books/general-psychotherapy-books/3920_2761424_3385531_2318869_3008400"
            ],
            [
                "Transpersonal Movement in Psychology Books",
                "/browse/books/transpersonal-movement-in-psychology-books/3920_2761424_3385531_5702953_4576003"
            ],
            [
                "Female Authors Literary Criticism Books",
                "/browse/books/female-authors-literary-criticism-books/3920_582105_8476958_5173619"
            ],
            [
                "Psychoanalysis Movement in Psychology Books",
                "/browse/books/psychoanalysis-movement-in-psychology-books/3920_2761424_3385531_5702953_6603399"
            ],
            [
                "General Technology & Engineering Books",
                "/browse/books/general-technology-engineering-books/3920_9842685_8901905_9885042"
            ]
        ]
    },
    {
        "title": "Planet Funny : How Comedy Ruined Everything",
        "url": "https://www.walmart.com/ip/Planet-Funny-How-Comedy-Ruined-Everything-9781501100604/574923771",
        "price": "$5.49",
        "stars": 0,
        "ratings": 0,
        "img": "",
        "tags": [
            [
                "Personality Psychology Books",
                "/browse/books/personality-psychology-books/3920_2761424_3385531_1793889"
            ],
            [
                "History & Criticism Film Books",
                "/browse/books/history-criticism-film-books/3920_582321_6572320_5808584_1932437"
            ],
            [
                "Food & Beverage History Books",
                "/browse/books/food-beverage-history-books/3920_3036003_2468891"
            ],
            [
                "Jungian Movement in Psychology Books",
                "/browse/books/jungian-movement-in-psychology-books/3920_2761424_3385531_5702953_3254528"
            ],
            [
                "All Dungeons & Dragons Books",
                "/browse/books/all-dungeons-dragons-books/3920_582361_9999446_6134944_4860988"
            ],
            [
                "General TV Books",
                "/browse/books/general-tv-books/3920_582321_6572320_6482205_6674363"
            ],
            [
                "Popular Culture Art Books",
                "/browse/books/popular-culture-art-books/3920_582321_6907922_7436890"
            ],
            [
                "Japan Travel Books",
                "/browse/books/japan-travel-books/3920_9360990_6219934_2604722_8804314"
            ]
        ]
    }
]