[
    {
        "title": "The Essential Guide to Retirement Readiness: Finances, Health & Wellness, Relationships, Life Purpose",
        "url": "https://www.walmart.com/ip/The-Essential-Guide-to-Retirement-Readiness-Finances-Health-Wellness-Relationships-Life-Purpose-9780994007506/53429724",
        "price": "$14.50",
        "stars": 0,
        "ratings": 0,
        "img": "",
        "tags": [
            [
                "Event Planning Reference Books",
                "/browse/books/event-planning-reference-books/3920_3943378_1932665"
            ],
            [
                "Personal Finance Investing Books",
                "/browse/books/personal-finance-investing-books/3920_582349_9861072_3148548"
            ],
            [
                "Estates & Trusts Law Books",
                "/browse/books/estates-trusts-law-books/3920_1952589_4246203"
            ],
            [
                "Wills Law Books",
                "/browse/books/wills-law-books/3920_1952589_4764777"
            ],
            [
                "Wealth Management Finance Books",
                "/browse/books/wealth-management-finance-books/3920_582349_6748238_5567436"
            ],
            [
                "Personal Finance Money Management Books",
                "/browse/books/personal-finance-money-management-books/3920_582349_9861072_6759272"
            ],
            [
                "Stocks Investments & Securities Books",
                "/browse/books/stocks-investments-securities-books/3920_582349_4859694_7426539"
            ],
            [
                "Yearbooks & Annuals",
                "/browse/books/yearbooks-annuals/3920_3943378_7746301"
            ]
        ]
    },
    {
        "title": "Desarrolla una mentalidad millonaria : Una gu\u00eda para ganar el juego interno de la riqueza y del dinero (Paperback)",
        "url": "https://www.walmart.com/ip/Desarrolla-una-mentalidad-millonaria-Una-gu-a-para-ganar-el-juego-interno-de-la-riqueza-y-del-dinero-Paperback-9781951725013/580435153",
        "price": "$19.77",
        "stars": 0,
        "ratings": 0,
        "img": "i5.walmartimages.com/asr/ec6e980d-8404-402a-be40-db3259945f34_1.4165fa28df9ba6fc53cf28155d9dd310.jpeg?odnWidth=612&odnHeight=612&odnBg=ffffff",
        "tags": [
            [
                "General Personal Finance Books",
                "/browse/books/general-personal-finance-books/3920_582349_9861072_4713108"
            ],
            [
                "Wills Law Books",
                "/browse/books/wills-law-books/3920_1952589_4764777"
            ],
            [
                "Small Business Taxation Books",
                "/browse/books/small-business-taxation-books/3920_582349_2533393_5263533"
            ],
            [
                "Legal Practical Guides Books",
                "/browse/books/legal-practical-guides-books/3920_1952589_5856599"
            ],
            [
                "Personal Finance Retirement Planning Books",
                "/browse/books/personal-finance-retirement-planning-books/3920_582349_9861072_6419377"
            ],
            [
                "Living Trusts Law Books",
                "/browse/books/living-trusts-law-books/3920_1952589_6460117"
            ],
            [
                "Personal Finance Money Management Books",
                "/browse/books/personal-finance-money-management-books/3920_582349_9861072_6759272"
            ],
            [
                "Financial Services Industry Books",
                "/browse/books/financial-services-industry-books/3920_582349_5438892_7467282"
            ]
        ]
    },
    {
        "title": "Choosing Peace : New Ways to Communicate to Reduce Stress, Create Connection, and Resolve Conflict",
        "url": "https://www.walmart.com/ip/Choosing-Peace-New-Ways-to-Communicate-to-Reduce-Stress-Create-Connection-and-Resolve-Conflict-9780989972000/53412327",
        "price": "$14.37",
        "stars": 0,
        "ratings": 0,
        "img": "",
        "tags": [
            [
                "Adult Non-Fiction Top 100",
                "/browse/books/adult-non-fiction-top-100/3920_1057224_3049267"
            ],
            [
                "Organizational Development Books",
                "/browse/books/organizational-development-books/3920_582349_3077388"
            ],
            [
                "Success",
                "/browse/books/success/3920_5642757_9479316_4052595"
            ],
            [
                "Motivational Business & Money Books",
                "/browse/books/motivational-business-money-books/3920_582349_7534693"
            ],
            [
                "Business & Money Skills Books",
                "/browse/books/business-money-skills-books/3920_582349_7758621"
            ],
            [
                "Harvard Business Review",
                "/browse/books/harvard-business-review/3920_582349_8933101"
            ],
            [
                "Personal Success in Business & Money Books",
                "/browse/books/personal-success-in-business-money-books/3920_582349_9116217"
            ],
            [
                "Management Books",
                "/browse/books/management-books/3920_582349_9536008"
            ]
        ]
    },
    {
        "title": "2020-2024 Monthly Planner : Large Five Year Planner with Flower Coloring Pages (Volume 4) (Paperback)",
        "url": "https://www.walmart.com/ip/2020-2024-Monthly-Planner-Large-Five-Year-Planner-with-Flower-Coloring-Pages-Volume-4-Paperback-9781087802213/258774551",
        "price": "$21.55",
        "stars": 0,
        "ratings": 0,
        "img": "",
        "tags": [
            [
                "Time Management Books",
                "/browse/books/time-management-books/3920_582349_2141047"
            ],
            [
                "Organizational Development Books",
                "/browse/books/organizational-development-books/3920_582349_3077388"
            ],
            [
                "New Business Enterprises Books",
                "/browse/books/new-business-enterprises-books/3920_582349_3312612"
            ],
            [
                "Decision-Making & Problem Solving Books",
                "/browse/books/decision-making-problem-solving-books/3920_582349_3407088"
            ],
            [
                "Entrepreneurship Books",
                "/browse/books/entrepreneurship-books/3920_582349_5818477"
            ],
            [
                "Harvard Business Review",
                "/browse/books/harvard-business-review/3920_582349_8933101"
            ],
            [
                "Time Management",
                "/browse/books/time-management/3920_5642757_8917040_9415642"
            ],
            [
                "Management Books",
                "/browse/books/management-books/3920_582349_9536008"
            ]
        ]
    },
    {
        "title": "Accounting Ledger Book : General Business Ledger Checking Account Transaction Register Cash Book For Bookkeeping - 6 Column Payment Record And Tracker Log Book - Blue Ornament Mandala Cover (Paperback)",
        "url": "https://www.walmart.com/ip/Accounting-Ledger-Book-General-Business-Checking-Account-Transaction-Register-Cash-For-Bookkeeping-6-Column-Payment-Record-And-Tracker-Log-Blue-Ornam-9781654538101/299895891",
        "price": "$6.78",
        "stars": 0,
        "ratings": 0,
        "img": "",
        "tags": [
            [
                "Bookkeeping Books",
                "/browse/books/bookkeeping-books/3920_582349_3111716"
            ],
            [
                "CPA Exam Prep Books",
                "/browse/books/cpa-exam-prep-books/3920_6060018_3575892"
            ],
            [
                "Managerial Accounting Books",
                "/browse/books/managerial-accounting-books/3920_582349_2851526_3576060"
            ],
            [
                "General Personal Finance Books",
                "/browse/books/general-personal-finance-books/3920_582349_9861072_4713108"
            ],
            [
                "Auditing Books",
                "/browse/books/auditing-books/3920_582349_7445948"
            ],
            [
                "Accounting Standards Books",
                "/browse/books/accounting-standards-books/3920_582349_2851526_7466757"
            ],
            [
                "General Accounting Books",
                "/browse/books/general-accounting-books/3920_582349_2851526_9566313"
            ],
            [
                "Banks & Banking Books",
                "/browse/books/banks-banking-books/3920_582349_9783809"
            ]
        ]
    },
    {
        "title": "Financial Planner Budget Book: Monthly Bill Organizer : Bill organizer budget book - Weekly Expense Tracker Bill Organizer Notebook for Business or Personal Finance Planning Workbook (Series #38) (Paperback)",
        "url": "https://www.walmart.com/ip/Financial-Planner-Budget-Book-Monthly-Bill-Organizer-organizer-budget-book-Weekly-Expense-Tracker-Notebook-Business-Personal-Finance-Planning-Workboo-9781086717037/960669329",
        "price": "$10.02",
        "stars": "5.0",
        "ratings": "1 ",
        "img": "",
        "tags": [
            [
                "Personal Finance Budgeting Books",
                "/browse/books/personal-finance-budgeting-books/3920_582349_9861072_4333037"
            ],
            [
                "Property Insurance Books",
                "/browse/books/property-insurance-books/3920_582349_2281176_4930644"
            ],
            [
                "Public Law Books",
                "/browse/books/public-law-books/3920_1952589_5462190"
            ],
            [
                "Personal Finance Money Management Books",
                "/browse/books/personal-finance-money-management-books/3920_582349_9861072_6759272"
            ],
            [
                "Inflation Books",
                "/browse/books/inflation-books/3920_582349_6877178"
            ],
            [
                "Office Automation Books",
                "/browse/books/office-automation-books/3920_582349_7192900"
            ],
            [
                "Budgeting Books",
                "/browse/books/budgeting-books/3920_582349_8969900"
            ],
            [
                "Banks & Banking Books",
                "/browse/books/banks-banking-books/3920_582349_9783809"
            ]
        ]
    },
    {
        "title": "The Team Success Handbook : 12 Strategies For Highly Productive Entrepreneurial Teams (Hardcover)",
        "url": "https://www.walmart.com/ip/The-Team-Success-Handbook-12-Strategies-For-Highly-Productive-Entrepreneurial-Teams-Hardcover-9781647461393/385324212",
        "price": "$27.99",
        "stars": 0,
        "ratings": 0,
        "img": "",
        "tags": [
            [
                "Sustainable Development Books",
                "/browse/books/sustainable-development-books/3920_582349_7428141_3495277"
            ],
            [
                "Production & Operations Management Books",
                "/browse/books/production-operations-management-books/3920_582349_4876095"
            ],
            [
                "Internet Marketing E-Commerce Books",
                "/browse/books/internet-marketing-e-commerce-books/3920_582349_7396712_5423309"
            ],
            [
                "Globalization Business & Money Books",
                "/browse/books/globalization-business-money-books/3920_582349_5484628"
            ],
            [
                "Commercial Real Estate Books",
                "/browse/books/commercial-real-estate-books/3920_582349_5738019_5684240"
            ],
            [
                "General Industry Books",
                "/browse/books/general-industry-books/3920_582349_5438892_5693451"
            ],
            [
                "Workplace Culture Books",
                "/browse/books/workplace-culture-books/3920_582349_5833787"
            ],
            [
                "Environmental Economics Books",
                "/browse/books/environmental-economics-books/3920_582349_7703342"
            ]
        ]
    },
    {
        "title": "Fashion Flats Drawing: Fashion Sketchbook Figure & Flat Template : Easily Sketching and Building Your Fashion Design Portfolio with Large Female Croquis & Drawing Your Fashion Flats with Flat Template (Series #4) (Paperback)",
        "url": "https://www.walmart.com/ip/Fashion-Flats-Drawing-Sketchbook-Figure-Flat-Template-Easily-Sketching-Building-Your-Design-Portfolio-Large-Female-Croquis-Drawing-Series-4-Paperback-9781704851297/512746114",
        "price": "$14.63",
        "stars": "5.0",
        "ratings": "1 ",
        "img": "",
        "tags": [
            [
                "Fashion Crafts & Hobbies Books",
                "/browse/books/fashion-crafts-hobbies-books/3920_582361_3491407"
            ],
            [
                "Retailing Industry Books",
                "/browse/books/retailing-industry-books/3920_582349_5438892_5175139"
            ],
            [
                "Entrepreneurship Books",
                "/browse/books/entrepreneurship-books/3920_582349_5818477"
            ],
            [
                "Resumes for Business Career Books",
                "/browse/books/resumes-for-business-career-books/3920_582349_8212793_7317292"
            ],
            [
                "Models Crafts & Hobbies Books",
                "/browse/books/models-crafts-hobbies-books/3920_582361_7397984"
            ],
            [
                "Fashion & Accessories Design Books",
                "/browse/books/fashion-accessories-design-books/3920_582321_9365291_9285205"
            ],
            [
                "Job Hunting in Business Books",
                "/browse/books/job-hunting-in-business-books/3920_582349_8212793_9780834"
            ],
            [
                "Cataloging & Classification Books",
                "/browse/books/cataloging-classification-books/3920_8818538_4979139_9896723"
            ]
        ]
    },
    {
        "title": "Sales Management. Simplified. : The Straight Truth about Getting Exceptional Results from Your Sales Team (Hardcover)",
        "url": "https://www.walmart.com/ip/Sales-Management-Simplified-The-Straight-Truth-about-Getting-Exceptional-Results-from-Your-Sales-Team-Hardcover-9780814436431/46228048",
        "price": "$21.58",
        "stars": 0,
        "ratings": 0,
        "img": "",
        "tags": [
            [
                "Jesus, the Gospels & Acts",
                "/browse/books/jesus-the-gospels-acts/3920_1987289_582374_2718157_2464252"
            ],
            [
                "General Sales & Selling Books",
                "/browse/books/general-sales-selling-books/3920_582349_6996400_2728779"
            ],
            [
                "Pastoral Resources",
                "/browse/books/pastoral-resources/3920_1987289_582374_8889295_5027631"
            ],
            [
                "Sexual Instruction Self-Help Books",
                "/browse/books/sexual-instruction-self-help-books/3920_5642757_7838853"
            ],
            [
                "Apologetics",
                "/browse/books/apologetics/3920_1987289_582374_9438566_8599080"
            ],
            [
                "Spirituality",
                "/browse/books/spirituality/3920_1987289_582055_8803444"
            ],
            [
                "Professional Growth",
                "/browse/books/professional-growth/3920_1987289_582374_8324310_9467628"
            ],
            [
                "Sexuality",
                "/browse/books/sexuality/3920_582054_9544603"
            ]
        ]
    },
    {
        "title": "Performance Appraisal Phrase Book - eBook",
        "url": "https://www.walmart.com/ip/Performance-Appraisal-Phrase-Book-eBook-9781605508238/119444909",
        "price": "$3.75",
        "stars": 0,
        "ratings": 0,
        "img": "",
        "tags": [
            [
                "Industrial & Organizational Psychology Books",
                "/browse/books/industrial-organizational-psychology-books/3920_2761424_3385531_1752017"
            ],
            [
                "Organizational Behavior Books",
                "/browse/books/organizational-behavior-books/3920_582349_1905322"
            ],
            [
                "Professional Study Guide Books",
                "/browse/books/professional-study-guide-books/3920_6060018_3028811"
            ],
            [
                "Workplace Culture Books",
                "/browse/books/workplace-culture-books/3920_582349_5833787"
            ],
            [
                "General Certification Guide Books",
                "/browse/books/general-certification-guide-books/3920_9724405_3392466_5906659"
            ],
            [
                "Labor & Employment Law Books",
                "/browse/books/labor-employment-law-books/3920_1952589_6366221"
            ],
            [
                "Motivational Business & Money Books",
                "/browse/books/motivational-business-money-books/3920_582349_7534693"
            ],
            [
                "Management Books",
                "/browse/books/management-books/3920_582349_9536008"
            ]
        ]
    }
]