[
    {
        "title": "National geographic : the united states of america xl: 9783836561556",
        "url": "https://www.walmart.com/ip/National-geographic-the-united-states-of-america-xl-9783836561556-9783836561556/55158089",
        "price": "$250.56",
        "stars": 0,
        "ratings": 0,
        "img": "",
        "tags": [
            [
                "Essays & Narratives Cookbooks",
                "/browse/books/essays-narratives-cookbooks/3920_3036003_3942575"
            ],
            [
                "Barbecue & Grilling Books",
                "/browse/books/barbecue-grilling-books/3920_3036003_6677130_5495317"
            ],
            [
                "Cookery for One Books",
                "/browse/books/cookery-for-one-books/3920_3036003_6677130_5628013"
            ],
            [
                "General United States History Books",
                "/browse/books/general-united-states-history-books/3920_582331_583318_6419794"
            ],
            [
                "Dessert Books",
                "/browse/books/dessert-books/3920_3036003_2985464_7902708"
            ],
            [
                "Pictorials Travel Books, Maps & Guides",
                "/browse/books/pictorials-travel-books-maps-guides/3920_9360990_3286434_9058508"
            ],
            [
                "Quick & Easy Cookbooks",
                "/browse/books/quick-easy-cookbooks/3920_3036003_6677130_9765573"
            ]
        ]
    },
    {
        "title": "George Washington's Secret Six : The Spy Ring That Saved the American Revolution (Paperback)",
        "url": "https://www.walmart.com/ip/George-Washington-s-Secret-Six-The-Spy-Ring-That-Saved-the-American-Revolution-Paperback-9780143130604/53789768",
        "price": "$9.90",
        "stars": "4.0",
        "ratings": "17 ",
        "img": "",
        "tags": [
            [
                "African American History Books",
                "/browse/books/african-american-history-books/3920_582331_5685608"
            ],
            [
                "19th Century United States History Books",
                "/browse/books/19th-century-united-states-history-books/3920_582331_583318_6384924"
            ],
            [
                "Historical Biographies & Memoirs",
                "/browse/books/historical-biographies-memoirs/3920_5196470_6575803"
            ],
            [
                "Women Biographies & Memoirs",
                "/browse/books/women-biographies-memoirs/3920_5196470_7667225"
            ],
            [
                "Essay History Books",
                "/browse/books/essay-history-books/3920_582331_8306018"
            ],
            [
                "Constitution Political Books",
                "/browse/books/constitution-political-books/3920_5764957_8570013"
            ],
            [
                "Biographies & Memoirs",
                "/browse/books/biographies-memoirs/3920_9420011_9645853"
            ]
        ]
    },
    {
        "title": "It Was All a Lie : How the Republican Party Became Donald Trump (Paperback)",
        "url": "https://www.walmart.com/ip/It-Was-All-a-Lie-How-the-Republican-Party-Became-Donald-Trump-Paperback-9780593293713/269122428",
        "price": "$21.48",
        "stars": "5.0",
        "ratings": "1 ",
        "img": "",
        "tags": [
            [
                "General Political Books",
                "/browse/books/general-political-books/3920_5764957_2194732"
            ],
            [
                "Conservatism & Liberalism Political Ideologies Books",
                "/browse/books/conservatism-liberalism-political-ideologies-books/3920_5764957_5916221_2729433"
            ],
            [
                "Religion, Science & State",
                "/browse/books/religion-science-state/3920_1987289_582055_3159800"
            ],
            [
                "General Public Policy Political Books",
                "/browse/books/general-public-policy-political-books/3920_5764957_4155418_6590111"
            ],
            [
                "Communism, Post-Communism & Socialism Political Ideologies Books",
                "/browse/books/communism-post-communism-socialism-political-ideologies-books/3920_5764957_5916221_7309309"
            ],
            [
                "Civics & Citizenship Political Books",
                "/browse/books/civics-citizenship-political-books/3920_5764957_7322117"
            ],
            [
                "Executive Branch Political Books",
                "/browse/books/executive-branch-political-books/3920_5764957_5236963_8104898"
            ],
            [
                "National American Government Political Books",
                "/browse/books/national-american-government-political-books/3920_5764957_5236963_8250065"
            ]
        ]
    },
    {
        "title": "The Splendid and the Vile : A Saga of Churchill, Family, and Defiance During the Blitz",
        "url": "https://www.walmart.com/ip/The-Splendid-and-the-Vile-A-Saga-of-Churchill-Family-and-Defiance-During-the-Blitz-9780593172070/682616507",
        "price": "$24.59",
        "stars": 0,
        "ratings": 0,
        "img": "",
        "tags": [
            [
                "Strategy in Military History Books",
                "/browse/books/strategy-in-military-history-books/3920_582331_583311_3718108"
            ],
            [
                "Holocaust History Books",
                "/browse/books/holocaust-history-books/3920_582331_3837857"
            ],
            [
                "United States Military History Books",
                "/browse/books/united-states-military-history-books/3920_582331_583311_5218011"
            ],
            [
                "Military Biographies & Memoirs",
                "/browse/books/military-biographies-memoirs/3920_5196470_6622707"
            ],
            [
                "German History Books",
                "/browse/books/german-history-books/3920_582331_583303_6638837"
            ],
            [
                "Naval Military History Books",
                "/browse/books/naval-military-history-books/3920_582331_583311_8177237"
            ]
        ]
    },
    {
        "title": "Cult of Glory : The Bold and Brutal History of the Texas Rangers",
        "url": "https://www.walmart.com/ip/Cult-of-Glory-The-Bold-and-Brutal-History-of-the-Texas-Rangers-9781101979860/529362733",
        "price": "$21.06",
        "stars": 0,
        "ratings": 0,
        "img": "",
        "tags": [
            [
                "General Baseball Books",
                "/browse/books/general-baseball-books/3920_8924365_4967252_2798102"
            ],
            [
                "Baseball History Books",
                "/browse/books/baseball-history-books/3920_8924365_4967252_5278625"
            ],
            [
                "Action & Adventure Novels",
                "/browse/books/action-adventure-novels/3920_582105_9435716_583290"
            ],
            [
                "Western Novels",
                "/browse/books/western-novels/3920_582105_9435716_584309"
            ],
            [
                "Native American History Books",
                "/browse/books/native-american-history-books/3920_582331_7283574"
            ],
            [
                "Baseball Essays & Writings",
                "/browse/books/baseball-essays-writings/3920_8924365_4967252_7594638"
            ],
            [
                "Sports Biographies & Memoirs",
                "/browse/books/sports-biographies-memoirs/3920_5196470_8411416"
            ],
            [
                "Baseball & Softball Kids' Books",
                "/browse/books/baseball-softball-kids-books/3920_582053_582581_9571404"
            ]
        ]
    },
    {
        "title": "Exercise of Power : American Failures, Successes, and a New Path Forward in the Post-Cold War World (Hardcover)",
        "url": "https://www.walmart.com/ip/Exercise-of-Power-American-Failures-Successes-and-a-New-Path-Forward-in-the-Post-Cold-War-World-Hardcover-9781524731885/202923470",
        "price": "$22.19",
        "stars": "5.0",
        "ratings": "1 ",
        "img": "",
        "tags": [
            [
                "Asia Kids' Books",
                "/browse/books/asia-kids-books/3920_582053_584182_1766342"
            ],
            [
                "Strategy in Military History Books",
                "/browse/books/strategy-in-military-history-books/3920_582331_583311_3718108"
            ],
            [
                "Social Policy Books",
                "/browse/books/social-policy-books/3920_5764957_4155418_4301834"
            ],
            [
                "Advanced Placement Test Prep Books",
                "/browse/books/advanced-placement-test-prep-books/3920_6060018_4467732"
            ],
            [
                "Political History & Theory Books",
                "/browse/books/political-history-theory-books/3920_5764957_5362619"
            ],
            [
                "Civics & Citizenship Political Books",
                "/browse/books/civics-citizenship-political-books/3920_5764957_7322117"
            ],
            [
                "Executive Branch Political Books",
                "/browse/books/executive-branch-political-books/3920_5764957_5236963_8104898"
            ],
            [
                "SAT Prep Books",
                "/browse/books/sat-prep-books/3920_6060018_8972668"
            ]
        ]
    },
    {
        "title": "The Lost Colony and Hatteras Island (Paperback)",
        "url": "https://www.walmart.com/ip/The-Lost-Colony-and-Hatteras-Island-Paperback-9781467144339/906763786",
        "price": "$17.41",
        "stars": 0,
        "ratings": 0,
        "img": "",
        "tags": [
            [
                "Minority Studies Books",
                "/browse/books/minority-studies-books/3920_2761424_8176770_2180337"
            ],
            [
                "Veterans Military History Books",
                "/browse/books/veterans-military-history-books/3920_582331_583311_3447880"
            ],
            [
                "United States Military History Books",
                "/browse/books/united-states-military-history-books/3920_582331_583311_5218011"
            ],
            [
                "General State & Local United States History Books",
                "/browse/books/general-state-local-united-states-history-books/3920_582331_583318_8751259_5282315"
            ],
            [
                "Regional Photography Books",
                "/browse/books/regional-photography-books/3920_582321_5674104_4153737_5673664"
            ],
            [
                "African American History Books",
                "/browse/books/african-american-history-books/3920_582331_5685608"
            ],
            [
                "Discrimination & Race Relations Books",
                "/browse/books/discrimination-race-relations-books/3920_2761424_8176770_9541682"
            ]
        ]
    },
    {
        "title": "Front Page Detectives: Royals at War : The Untold Story of Harry and Meghan's Shocking Split with the House of Windsor (Hardcover)",
        "url": "https://www.walmart.com/ip/Front-Page-Detectives-Royals-at-War-The-Untold-Story-of-Harry-and-Meghan-s-Shocking-Split-with-the-House-of-Windsor-Hardcover-9781510761193/807847095",
        "price": "$20.49",
        "stars": 0,
        "ratings": 0,
        "img": "",
        "tags": [
            [
                "Fashion & Style Self-Help Books",
                "/browse/books/fashion-style-self-help-books/3920_5642757_2722640"
            ],
            [
                "Chinese History Books",
                "/browse/books/chinese-history-books/3920_582331_583304_3008253"
            ],
            [
                "Adult Non-Fiction Top 100",
                "/browse/books/adult-non-fiction-top-100/3920_1057224_3049267"
            ],
            [
                "Norman Conquest to Late Medieval Great Britain History Books",
                "/browse/books/norman-conquest-to-late-medieval-great-britain-history-books/3920_582331_583303_9518896_3340969"
            ],
            [
                "Japanese History Books",
                "/browse/books/japanese-history-books/3920_582331_583304_4024782"
            ],
            [
                "21st Century Great Britain History Books",
                "/browse/books/21st-century-great-britain-history-books/3920_582331_583303_9518896_5771294"
            ],
            [
                "Historical Biographies & Memoirs",
                "/browse/books/historical-biographies-memoirs/3920_5196470_6575803"
            ],
            [
                "Tudor & Elizabethan Era Great Britain History Books",
                "/browse/books/tudor-elizabethan-era-great-britain-history-books/3920_582331_583303_9518896_6920824"
            ]
        ]
    },
    {
        "title": "Writing the Big Book: The Creation of A.A. (Hardcover)",
        "url": "https://www.walmart.com/ip/Writing-the-Big-Book-The-Creation-of-A-A-Hardcover-9781949481280/280546978",
        "price": "$28.10",
        "stars": 0,
        "ratings": 0,
        "img": "",
        "tags": [
            [
                "Presidents & Heads of State Biographies & Memoirs",
                "/browse/books/presidents-heads-of-state-biographies-memoirs/3920_5196470_1329554"
            ],
            [
                "Social Activists Biographies & Memoirs",
                "/browse/books/social-activists-biographies-memoirs/3920_5196470_3760242"
            ],
            [
                "20th Century Modern History Books",
                "/browse/books/20th-century-modern-history-books/3920_582331_583312_4386810"
            ],
            [
                "United States Military History Books",
                "/browse/books/united-states-military-history-books/3920_582331_583311_5218011"
            ],
            [
                "Russian History Books",
                "/browse/books/russian-history-books/3920_582331_5270253"
            ],
            [
                "Twelve-Step Programs Self-Help Books",
                "/browse/books/twelve-step-programs-self-help-books/3920_5642757_7779346"
            ]
        ]
    },
    {
        "title": "Every Man a Hero: A Memoir of D-Day, the First Wave at Omaha Beach, and a World at War (Hardcover)",
        "url": "https://www.walmart.com/ip/Every-Man-a-Hero-A-Memoir-of-D-Day-the-First-Wave-at-Omaha-Beach-and-a-World-at-War-Hardcover-9780062937483/983635520",
        "price": "$20.47",
        "stars": "5.0",
        "ratings": "1 ",
        "img": "",
        "tags": [
            [
                "Aviation Kids' Books",
                "/browse/books/aviation-kids-books/3920_582053_3323652_2530615"
            ],
            [
                "General History Kids' Books",
                "/browse/books/general-history-kids-books/3920_582053_582572_3469939"
            ],
            [
                "Special Forces Military History Books",
                "/browse/books/special-forces-military-history-books/3920_582331_583311_4043807"
            ],
            [
                "Midwest United States Travel Books, Maps & Guides",
                "/browse/books/midwest-united-states-travel-books-maps-guides/3920_9360990_6219934_7928632_4114692"
            ],
            [
                "Military Biographies & Memoirs",
                "/browse/books/military-biographies-memoirs/3920_5196470_6622707"
            ],
            [
                "The Message",
                "/browse/books/the-message/3920_1987289_582374_9735184_8126670"
            ],
            [
                "Love & Marriage",
                "/browse/books/love-marriage/3920_1987289_582374_8324310_9552786"
            ],
            [
                "Personal Memoirs",
                "/browse/books/personal-memoirs/3920_5196470_9711945"
            ]
        ]
    }
]