[
    {
        "title": "21 Days of Breakthrough Prayer : The Power of Agreement",
        "url": "https://www.walmart.com/ip/21-Days-of-Breakthrough-Prayer-The-Power-of-Agreement-9781641230766/380406132",
        "price": "$5.26",
        "stars": 0,
        "ratings": 0,
        "img": "i5.walmartimages.com/asr/ef33dcba-c69d-492f-acec-332593f58080_1.0b08ee3efad529eced90470bd9144cac.jpeg?odnWidth=612&odnHeight=612&odnBg=ffffff",
        "tags": [
            [
                "Spiritual Warfare",
                "/browse/books/spiritual-warfare/3920_1987289_582374_8324310_1354471"
            ],
            [
                "Family",
                "/browse/books/family/3920_1987289_582374_8324310_1974555"
            ],
            [
                "Soteriology",
                "/browse/books/soteriology/3920_1987289_582374_9438566_2957174"
            ],
            [
                "Men's Issues",
                "/browse/books/mens-issues/3920_1987289_582374_8324310_3418066"
            ],
            [
                "Bible Study Guides",
                "/browse/books/bible-study-guides/3920_1987289_582374_2718157_4203444"
            ],
            [
                "Spiritual Self-Help Books",
                "/browse/books/spiritual-self-help-books/3920_5642757_5131864"
            ],
            [
                "Love & Marriage",
                "/browse/books/love-marriage/3920_1987289_582374_8324310_9552786"
            ],
            [
                "Women's Issues",
                "/browse/books/womens-issues/3920_1987289_582374_8324310_9563912"
            ]
        ]
    },
    {
        "title": "Creative Haven Coloring Books: Creative Haven Dream Horses Coloring Book (Paperback)",
        "url": "https://www.walmart.com/ip/Creative-Haven-Coloring-Books-Creative-Haven-Dream-Horses-Coloring-Book-Paperback/351478542",
        "price": "$5.99",
        "stars": "5.0",
        "ratings": "1 ",
        "img": "",
        "tags": [
            [
                "Kid Art Easels & Stations",
                "/browse/toys/kid-art-easels-stations/4171_645779_1103012"
            ],
            [
                "Craft Kits",
                "/browse/toys/craft-kits/4171_645779_613040"
            ],
            [
                "Play Dough",
                "/browse/toys/play-dough/4171_645779_9285153_613042"
            ],
            [
                "Magna Doodle",
                "/browse/toys/magna-doodle/4171_645779_6408170_6399778"
            ],
            [
                "Etch-A-Sketch",
                "/browse/toys/etch-a-sketch/4171_645779_6408170_8550674"
            ],
            [
                "Glue for Slime",
                "/browse/toys/glue-for-slime/4171_645779_2165088_2131853_8604968"
            ],
            [
                "Toys for Kids 5 to 7 Years",
                "/browse/toys/toys-for-kids-5-to-7-years/4171_3318550_617941_8920388"
            ],
            [
                "Children's Paint and Paint Supplies",
                "/browse/toys/childrens-paint-paint-supplies/4171_645779_9646901"
            ]
        ]
    },
    {
        "title": "Niv, Gift and Award Bible, Leather-Look, Pink, Red Letter Edition, Comfort Print (Paperback)",
        "url": "https://www.walmart.com/ip/Niv-Gift-and-Award-Bible-Leather-Look-Pink-Red-Letter-Edition-Comfort-Print-Paperback-9780310450429/806726553",
        "price": "$8.80",
        "stars": "4.2",
        "ratings": "5 ",
        "img": "",
        "tags": [
            [
                "Spiritual Growth",
                "/browse/books/spiritual-growth/3920_1987289_582374_8324310_1480379"
            ],
            [
                "Evangelism",
                "/browse/books/evangelism/3920_1987289_582374_8889295_4053328"
            ],
            [
                "New King James Version",
                "/browse/books/new-king-james-version/3920_1987289_582374_9735184_5031088"
            ],
            [
                "Youth",
                "/browse/books/youth/3920_1987289_582374_8889295_6841772"
            ],
            [
                "King James Version",
                "/browse/books/king-james-version/3920_1987289_582374_9735184_8736310"
            ],
            [
                "Children",
                "/browse/books/children/3920_1987289_582374_8889295_9135970"
            ],
            [
                "New Living Translation",
                "/browse/books/new-living-translation/3920_1987289_582374_9735184_9984392"
            ]
        ]
    },
    {
        "title": "Premium Value Slimline Bible Large Print NLT (Softcover)",
        "url": "https://www.walmart.com/ip/Premium-Value-Slimline-Bible-Large-Print-NLT-Softcover-9781496413857/49742770",
        "price": "$10.33",
        "stars": "4.5",
        "ratings": "4 ",
        "img": "",
        "tags": [
            [
                "Spiritual Growth",
                "/browse/books/spiritual-growth/3920_1987289_582374_8324310_1480379"
            ],
            [
                "Children & Youth",
                "/browse/books/children-youth/3920_1987289_582374_4864457_1591940"
            ],
            [
                "Evangelism",
                "/browse/books/evangelism/3920_1987289_582374_8889295_4053328"
            ],
            [
                "New King James Version",
                "/browse/books/new-king-james-version/3920_1987289_582374_9735184_5031088"
            ],
            [
                "English Standard Version",
                "/browse/books/english-standard-version/3920_1987289_582374_9735184_5430072"
            ],
            [
                "New International Version",
                "/browse/books/new-international-version/3920_1987289_582374_9735184_7744007"
            ],
            [
                "King James Version",
                "/browse/books/king-james-version/3920_1987289_582374_9735184_8736310"
            ],
            [
                "General Reference Books",
                "/browse/books/general-reference-books/3920_3943378_9779861"
            ]
        ]
    },
    {
        "title": "The Rational Bible: Genesis",
        "url": "https://www.walmart.com/ip/The-Rational-Bible-Genesis-9781621578987/769000516",
        "price": "$25.00",
        "stars": "5.0",
        "ratings": "2 ",
        "img": "i5.walmartimages.com/asr/ea335aba-55b6-4ffb-8874-7c06a58c3383_1.ac403be78afc8a3ee5cba90ac5d72cc9.jpeg?odnWidth=612&odnHeight=612&odnBg=ffffff",
        "tags": [
            [
                "Theosophy",
                "/browse/books/theosophy/3920_1987289_582055_2274305"
            ],
            [
                "Adult Non-Fiction Top 100",
                "/browse/books/adult-non-fiction-top-100/3920_1057224_3049267"
            ],
            [
                "Men's Issues",
                "/browse/books/mens-issues/3920_1987289_582374_8324310_3418066"
            ],
            [
                "Bible Study Guides",
                "/browse/books/bible-study-guides/3920_1987289_582374_2718157_4203444"
            ],
            [
                "Wisdom Literature",
                "/browse/books/wisdom-literature/3920_1987289_582374_2718157_5778904"
            ],
            [
                "Reference",
                "/browse/books/reference/3920_1987289_582055_6886277"
            ],
            [
                "Apologetics",
                "/browse/books/apologetics/3920_1987289_582374_9438566_8599080"
            ]
        ]
    },
    {
        "title": "He's Lying Sis: He's Lying Sis : Uncover the Truth Behind His Words and Actions, Volume 1 (Series #1) (Paperback)",
        "url": "https://www.walmart.com/ip/He-s-Lying-Sis-He-s-Lying-Sis-Uncover-the-Truth-Behind-His-Words-and-Actions-Volume-1-Series-1-Paperback-9780998018935/642987851",
        "price": "$15.89",
        "stars": 0,
        "ratings": 0,
        "img": "i5.walmartimages.com/asr/de1e3ecd-abab-48a3-bf56-0f792d1b955c_1.3001a2127953650ac798331c81e229b0.jpeg?odnWidth=612&odnHeight=612&odnBg=ffffff",
        "tags": []
    },
    {
        "title": "Surprised by Joy: The Shape of My Early Life (Paperback)",
        "url": "https://www.walmart.com/ip/Surprised-by-Joy-The-Shape-of-My-Early-Life-Paperback-9780062565433/55035374",
        "price": "$11.69",
        "stars": "4.0",
        "ratings": "25 ",
        "img": "",
        "tags": [
            [
                "Religious Biographies & Memoirs",
                "/browse/books/religious-biographies-memoirs/3920_5196470_1947523"
            ],
            [
                "English, Irish, Scottish & Welsh Literary Criticism Books",
                "/browse/books/english-irish-scottish-welsh-literary-criticism-books/3920_582105_8476958_8125711_4184957"
            ],
            [
                "Death, Grief & Bereavement",
                "/browse/books/death-grief-bereavement/3920_5642757_6055772_4617200"
            ],
            [
                "Religious Art Books",
                "/browse/books/religious-art-books/3920_582321_6907922_9682242_5982485"
            ],
            [
                "Reference",
                "/browse/books/reference/3920_1987289_582055_6886277"
            ],
            [
                "Apologetics",
                "/browse/books/apologetics/3920_1987289_582374_9438566_8599080"
            ],
            [
                "Spirituality",
                "/browse/books/spirituality/3920_1987289_582055_8803444"
            ],
            [
                "Celtic Spirituality",
                "/browse/books/celtic-spirituality/3920_1987289_5383544_9621114"
            ]
        ]
    },
    {
        "title": "2021 Saints Calendar & Planner : Spiral Bound",
        "url": "https://www.walmart.com/ip/2021-Saints-Calendar-Planner-Spiral-Bound-9781505117035/351708262",
        "price": "$15.26",
        "stars": "5.0",
        "ratings": "1 ",
        "img": "",
        "tags": [
            [
                "New American Bible",
                "/browse/books/new-american-bible/3920_1987289_582374_9735184_2108871"
            ],
            [
                "Devotional",
                "/browse/books/devotional/3920_1987289_582055_4843264"
            ],
            [
                "Inspirational",
                "/browse/books/inspirational/3920_1987289_582055_5087571"
            ],
            [
                "Worship & Liturgy",
                "/browse/books/worship-liturgy/3920_1987289_582374_3662773_7625143"
            ],
            [
                "Meditations",
                "/browse/books/meditations/3920_1987289_582055_7627073"
            ],
            [
                "Prayer",
                "/browse/books/prayer/3920_1987289_582374_8324310_7735167"
            ],
            [
                "Sacraments",
                "/browse/books/sacraments/3920_1987289_582374_3662773_8094108"
            ],
            [
                "New Revised Standard Version",
                "/browse/books/new-revised-standard-version/3920_1987289_582374_9735184_9755342"
            ]
        ]
    },
    {
        "title": "Rare, Medium, or Done Well : Make the Most of Your Life",
        "url": "https://www.walmart.com/ip/Rare-Medium-or-Done-Well-Make-the-Most-of-Your-Life-9781683973027/829466647",
        "price": "$10.99",
        "stars": 0,
        "ratings": 0,
        "img": "i5.walmartimages.com/asr/7b0f6916-78b5-47a1-b1d3-45bf22ef7738_1.60c89bb1be664c772d6722d1f8ec27b9.jpeg?odnWidth=612&odnHeight=612&odnBg=ffffff",
        "tags": []
    },
    {
        "title": "NIV, the Woman's Study Bible, Hardcover, Full-Color: Receiving God's Truth for Balance, Hope, and Transformation (Hardcover)",
        "url": "https://www.walmart.com/ip/NIV-the-Woman-s-Study-Bible-Hardcover-Full-Color-Receiving-God-s-Truth-for-Balance-Hope-and-Transformation-Hardcover-9780785212379/490717272",
        "price": "$28.99",
        "stars": "4.2",
        "ratings": "6 ",
        "img": "",
        "tags": [
            [
                "Spiritual Growth",
                "/browse/books/spiritual-growth/3920_1987289_582374_8324310_1480379"
            ],
            [
                "New King James Version",
                "/browse/books/new-king-james-version/3920_1987289_582374_9735184_5031088"
            ],
            [
                "Journaling Self-Help Books",
                "/browse/books/journaling-self-help-books/3920_5642757_5948378"
            ],
            [
                "Literary Collections - Diaries & Journals",
                "/browse/books/literary-collections-diaries-journals/3920_582105_1393947_7412999"
            ],
            [
                "King James Version",
                "/browse/books/king-james-version/3920_1987289_582374_9735184_8736310"
            ],
            [
                "Women's Issues",
                "/browse/books/womens-issues/3920_1987289_582374_8324310_9563912"
            ],
            [
                "Coloring Books",
                "/browse/books/coloring-books/3920_582321_6907922_9561236_9744706"
            ],
            [
                "New Living Translation",
                "/browse/books/new-living-translation/3920_1987289_582374_9735184_9984392"
            ]
        ]
    }
]