[
    {
        "title": "Bruce Lee : A Life",
        "url": "https://www.walmart.com/ip/Bruce-Lee-A-Life-9781501187636/314752181",
        "price": "$7.49",
        "stars": "5.0",
        "ratings": "1 ",
        "img": "",
        "tags": [
            [
                "Country & Bluegrass Music Books",
                "/browse/books/country-bluegrass-music-books/3920_582321_1318217_4267978_2232693"
            ],
            [
                "Rich & Famous Biographies & Memoirs",
                "/browse/books/rich-famous-biographies-memoirs/3920_5196470_2244664"
            ],
            [
                "Internet & Social Media",
                "/browse/books/internet-social-media/3920_4310685_3274592"
            ],
            [
                "Rap & Hip Hop Music Books",
                "/browse/books/rap-hip-hop-music-books/3920_582321_1318217_4267978_4255978"
            ],
            [
                "Composers & Musicians Biographies & Memoirs",
                "/browse/books/composers-musicians-biographies-memoirs/3920_5196470_5543775"
            ],
            [
                "Rock Music Books",
                "/browse/books/rock-music-books/3920_582321_1318217_4267978_6186495"
            ],
            [
                "Women Biographies & Memoirs",
                "/browse/books/women-biographies-memoirs/3920_5196470_7667225"
            ],
            [
                "Personal Memoirs",
                "/browse/books/personal-memoirs/3920_5196470_9711945"
            ]
        ]
    },
    {
        "title": "Selena's Secret : The Revealing Story Behind Her Tragic Death",
        "url": "https://www.walmart.com/ip/Selena-s-Secret-The-Revealing-Story-Behind-Her-Tragic-Death-9781982117511/418786026",
        "price": "$3.99",
        "stars": 0,
        "ratings": 0,
        "img": "i5.walmartimages.com/asr/814c6b7a-e5c3-4e2c-ba32-e765aa39a837_1.5c5cacfad842965b084d31ce5a0324cf.jpeg?odnWidth=612&odnHeight=612&odnBg=ffffff",
        "tags": [
            [
                "Values & Virtues Teen & Young Adult Books",
                "/browse/books/values-virtues-teen-young-adult-books/3920_1068785_8615872_1740378"
            ],
            [
                "Media & Internet Political Process Books",
                "/browse/books/media-internet-political-process-books/3920_5764957_5741142_1893179"
            ],
            [
                "General School & Education Teen & Young Adult Books",
                "/browse/books/general-school-education-teen-young-adult-books/3920_1068785_1317928_3557339"
            ],
            [
                "Girls & Women Teen & Young Adult Books",
                "/browse/books/girls-women-teen-young-adult-books/3920_1068785_4825789"
            ],
            [
                "Maturing Health & Daily Living Teen & Young Adult Books",
                "/browse/books/maturing-health-daily-living-teen-young-adult-books/3920_1068785_1388828_5600910"
            ],
            [
                "General Biographies & Memoirs",
                "/browse/books/general-biographies-memoirs/3920_5196470_6094313"
            ],
            [
                "Executive Branch Political Books",
                "/browse/books/executive-branch-political-books/3920_5764957_5236963_8104898"
            ],
            [
                "Personal Memoirs",
                "/browse/books/personal-memoirs/3920_5196470_9711945"
            ]
        ]
    },
    {
        "title": "The Bundy Murders : A Comprehensive History, 2D Ed. (Edition 2) (Paperback)",
        "url": "https://www.walmart.com/ip/The-Bundy-Murders-A-Comprehensive-History-2D-Ed-Edition-2-Paperback-9781476681009/586821911",
        "price": "$40.25",
        "stars": 0,
        "ratings": 0,
        "img": "",
        "tags": [
            [
                "General True Crime Books",
                "/browse/books/general-true-crime-books/3920_6325322_2009754"
            ],
            [
                "Criminals & Outlaws Biographies & Memoirs",
                "/browse/books/criminals-outlaws-biographies-memoirs/3920_5196470_2966683"
            ],
            [
                "Adult Non-Fiction Top 100",
                "/browse/books/adult-non-fiction-top-100/3920_1057224_3049267"
            ],
            [
                "NFL Books",
                "/browse/books/nfl-books/3920_8924365_3613575"
            ],
            [
                "Meetings & Presentations in Business Books",
                "/browse/books/meetings-presentations-in-business-books/3920_582349_5610699_4813902"
            ],
            [
                "General Criminal Law Books",
                "/browse/books/general-criminal-law-books/3920_1952589_7661314_6642591"
            ],
            [
                "Law Enforcement Biographies & Memoirs",
                "/browse/books/law-enforcement-biographies-memoirs/3920_5196470_8144330"
            ],
            [
                "Adult Fiction Top 100",
                "/browse/books/adult-fiction-top-100/3920_1057224_9885630"
            ]
        ]
    },
    {
        "title": "Lincoln",
        "url": "https://www.walmart.com/ip/Lincoln-9780684825359/376049",
        "price": "$9.30",
        "stars": "4.6",
        "ratings": "13 ",
        "img": "",
        "tags": [
            [
                "20th Century United States History Books",
                "/browse/books/20th-century-united-states-history-books/3920_582331_583318_2158164"
            ],
            [
                "Political Kids' Books",
                "/browse/books/political-kids-books/3920_582053_9228860_2346316"
            ],
            [
                "Writing Skills Reference Books",
                "/browse/books/writing-skills-reference-books/3920_3943378_2781513"
            ],
            [
                "Norman Conquest to Late Medieval Great Britain History Books",
                "/browse/books/norman-conquest-to-late-medieval-great-britain-history-books/3920_582331_583303_9518896_3340969"
            ],
            [
                "Russian History Books",
                "/browse/books/russian-history-books/3920_582331_5270253"
            ],
            [
                "Historical Biographies & Memoirs",
                "/browse/books/historical-biographies-memoirs/3920_5196470_6575803"
            ],
            [
                "Political Biographies & Memoirs",
                "/browse/books/political-biographies-memoirs/3920_5196470_7578606"
            ],
            [
                "History",
                "/browse/books/history/3920_1987289_582055_2719198_8345010"
            ]
        ]
    },
    {
        "title": "I've Never Lived in a Chicken House (Paperback)",
        "url": "https://www.walmart.com/ip/I-ve-Never-Lived-in-a-Chicken-House-Paperback-9781645319085/750908622",
        "price": "$15.72",
        "stars": "5.0",
        "ratings": "1 ",
        "img": "",
        "tags": [
            [
                "Rich & Famous Biographies & Memoirs",
                "/browse/books/rich-famous-biographies-memoirs/3920_5196470_2244664"
            ],
            [
                "Body Art & Tattooing Art Books",
                "/browse/books/body-art-tattooing-art-books/3920_582321_6907922_2358664"
            ],
            [
                "Body, Mind & Spirit Kids' Books",
                "/browse/books/body-mind-spirit-kids-books/3920_582053_4172038"
            ],
            [
                "Mother's Day Gift Guide Books",
                "/browse/books/mothers-day-gift-guide-books/3920_7458265_5685062"
            ],
            [
                "Women Biographies & Memoirs",
                "/browse/books/women-biographies-memoirs/3920_5196470_7667225"
            ],
            [
                "MLB Books",
                "/browse/books/mlb-books/3920_8924365_8749248"
            ],
            [
                "Entertainment & Performing Arts Biographies & Memoirs",
                "/browse/books/entertainment-performing-arts-biographies-memoirs/3920_5196470_9350306"
            ]
        ]
    },
    {
        "title": "The Life and Times of Hannibal Hamlin (Paperback)",
        "url": "https://www.walmart.com/ip/The-Life-and-Times-of-Hannibal-Hamlin-Paperback-9780344883651/125783694",
        "price": "$39.95",
        "stars": 0,
        "ratings": 0,
        "img": "",
        "tags": []
    },
    {
        "title": "The Six Wives of Henry VIII (Paperback)",
        "url": "https://www.walmart.com/ip/The-Six-Wives-of-Henry-VIII-Paperback-9780802136831/736259",
        "price": "$15.31",
        "stars": "4.4",
        "ratings": "37 ",
        "img": "i5.walmartimages.com/asr/a9c56696-a11f-489d-91e1-3943f670b64b_1.9b627b4a24c49f4d78fc8dc4d84091b3.jpeg?odnWidth=612&odnHeight=612&odnBg=ffffff",
        "tags": [
            [
                "Fashion & Style Self-Help Books",
                "/browse/books/fashion-style-self-help-books/3920_5642757_2722640"
            ],
            [
                "Chinese History Books",
                "/browse/books/chinese-history-books/3920_582331_583304_3008253"
            ],
            [
                "Adult Non-Fiction Top 100",
                "/browse/books/adult-non-fiction-top-100/3920_1057224_3049267"
            ],
            [
                "Japanese History Books",
                "/browse/books/japanese-history-books/3920_582331_583304_4024782"
            ],
            [
                "21st Century Great Britain History Books",
                "/browse/books/21st-century-great-britain-history-books/3920_582331_583303_9518896_5771294"
            ],
            [
                "Historical Biographies & Memoirs",
                "/browse/books/historical-biographies-memoirs/3920_5196470_6575803"
            ],
            [
                "Tudor & Elizabethan Era Great Britain History Books",
                "/browse/books/tudor-elizabethan-era-great-britain-history-books/3920_582331_583303_9518896_6920824"
            ],
            [
                "Women Biographies & Memoirs",
                "/browse/books/women-biographies-memoirs/3920_5196470_7667225"
            ]
        ]
    },
    {
        "title": "Gail Russell: A biography of an actress (Paperback)",
        "url": "https://www.walmart.com/ip/Gail-Russell-A-biography-of-an-actress-Paperback-9780692748008/54936393",
        "price": "$36.76",
        "stars": 0,
        "ratings": 0,
        "img": "",
        "tags": [
            [
                "Presidents & Heads of State Biographies & Memoirs",
                "/browse/books/presidents-heads-of-state-biographies-memoirs/3920_5196470_1329554"
            ],
            [
                "Revolutionary Period United States History Books",
                "/browse/books/revolutionary-period-united-states-history-books/3920_582331_583318_1871798"
            ],
            [
                "Holocaust History Books",
                "/browse/books/holocaust-history-books/3920_582331_3837857"
            ],
            [
                "19th Century United States History Books",
                "/browse/books/19th-century-united-states-history-books/3920_582331_583318_6384924"
            ],
            [
                "Political Biographies & Memoirs",
                "/browse/books/political-biographies-memoirs/3920_5196470_7578606"
            ],
            [
                "Women Biographies & Memoirs",
                "/browse/books/women-biographies-memoirs/3920_5196470_7667225"
            ],
            [
                "Cultural Heritage Biographies & Memoirs",
                "/browse/books/cultural-heritage-biographies-memoirs/3920_5196470_8577664"
            ]
        ]
    },
    {
        "title": "Library of Religious Biography (LRB): Abraham Lincoln : Redeemer President (Paperback)",
        "url": "https://www.walmart.com/ip/Abraham-Lincoln-Redeemer-President-9780802842930/27097184",
        "price": "$25.59",
        "stars": "5.0",
        "ratings": "1 ",
        "img": "",
        "tags": [
            [
                "Revolutionary Period United States History Books",
                "/browse/books/revolutionary-period-united-states-history-books/3920_582331_583318_1871798"
            ],
            [
                "20th Century United States History Books",
                "/browse/books/20th-century-united-states-history-books/3920_582331_583318_2158164"
            ],
            [
                "Russian History Books",
                "/browse/books/russian-history-books/3920_582331_5270253"
            ],
            [
                "General United States History Books",
                "/browse/books/general-united-states-history-books/3920_582331_583318_6419794"
            ],
            [
                "Historical Biographies & Memoirs",
                "/browse/books/historical-biographies-memoirs/3920_5196470_6575803"
            ],
            [
                "Military Biographies & Memoirs",
                "/browse/books/military-biographies-memoirs/3920_5196470_6622707"
            ],
            [
                "Political Biographies & Memoirs",
                "/browse/books/political-biographies-memoirs/3920_5196470_7578606"
            ],
            [
                "Biographies & Memoirs",
                "/browse/books/biographies-memoirs/3920_9420011_9645853"
            ]
        ]
    },
    {
        "title": "Salt in My Soul : An Unfinished Life",
        "url": "https://www.walmart.com/ip/Salt-in-My-Soul-An-Unfinished-Life-9781984855428/168769263",
        "price": "$19.75",
        "stars": 0,
        "ratings": 0,
        "img": "i5.walmartimages.com/asr/33adc9c9-fb5a-45d9-bc4f-cf3cd03122be_1.ddce59cd34b450b5f49546c509ae2a00.jpeg?odnWidth=612&odnHeight=612&odnBg=ffffff",
        "tags": [
            [
                "Rich & Famous Biographies & Memoirs",
                "/browse/books/rich-famous-biographies-memoirs/3920_5196470_2244664"
            ],
            [
                "Body Art & Tattooing Art Books",
                "/browse/books/body-art-tattooing-art-books/3920_582321_6907922_2358664"
            ],
            [
                "Body, Mind & Spirit Kids' Books",
                "/browse/books/body-mind-spirit-kids-books/3920_582053_4172038"
            ],
            [
                "Mother's Day Gift Guide Books",
                "/browse/books/mothers-day-gift-guide-books/3920_7458265_5685062"
            ],
            [
                "Women Biographies & Memoirs",
                "/browse/books/women-biographies-memoirs/3920_5196470_7667225"
            ],
            [
                "MLB Books",
                "/browse/books/mlb-books/3920_8924365_8749248"
            ],
            [
                "Entertainment & Performing Arts Biographies & Memoirs",
                "/browse/books/entertainment-performing-arts-biographies-memoirs/3920_5196470_9350306"
            ]
        ]
    }
]