[
    {
        "title": "Morgellons Disease : The Silent Pandemic (Paperback)",
        "url": "https://www.walmart.com/ip/Morgellons-Disease-The-Silent-Pandemic-Paperback-9781648010248/526415771",
        "price": "$12.95",
        "stars": 0,
        "ratings": 0,
        "img": "",
        "tags": [
            [
                "Medical Research Books",
                "/browse/books/medical-research-books/3920_3203859_1422528"
            ],
            [
                "Drugs Substance Abuse & Addictions Self-Help Books",
                "/browse/books/drugs-substance-abuse-addictions-self-help-books/3920_5642757_5797218_1510996"
            ],
            [
                "Pharmacology Nursing Books",
                "/browse/books/pharmacology-nursing-books/3920_3203859_7271537_1569850"
            ],
            [
                "Vaccination Books",
                "/browse/books/vaccination-books/3920_582054_1839242"
            ],
            [
                "Social Science Research Books",
                "/browse/books/social-science-research-books/3920_2761424_8176770_5676289"
            ],
            [
                "Methodology in Social Science Books",
                "/browse/books/methodology-in-social-science-books/3920_2761424_8176770_5807963"
            ],
            [
                "Nursing Research & Theory Books",
                "/browse/books/nursing-research-theory-books/3920_3203859_7271537_5878259"
            ],
            [
                "Violence in Society Books",
                "/browse/books/violence-in-society-books/3920_2761424_8176770_9234325"
            ]
        ]
    },
    {
        "title": "Braiding Sweetgrass : Indigenous Wisdom, Scientific Knowledge and the Teachings of Plants (Hardcover)",
        "url": "https://www.walmart.com/ip/Braiding-Sweetgrass-Indigenous-Wisdom-Scientific-Knowledge-and-the-Teachings-of-Plants-Hardcover-9781571311771/856606004",
        "price": "$25.17",
        "stars": 0,
        "ratings": 0,
        "img": "",
        "tags": [
            [
                "Botany Life Science Books",
                "/browse/books/botany-life-science-books/3920_8529612_1841429_1678456_2444975"
            ],
            [
                "Environmentalists & Naturalists Biographies & Memoirs",
                "/browse/books/environmentalists-naturalists-biographies-memoirs/3920_5196470_2474763"
            ],
            [
                "Global Warming & Climate Change Science Books",
                "/browse/books/global-warming-climate-change-science-books/3920_8529612_1841429_2676172"
            ],
            [
                "Tree Plant Books",
                "/browse/books/tree-plant-books/3920_8529612_4668181_2931035_3152871"
            ],
            [
                "Ecology Books",
                "/browse/books/ecology-books/3920_8529612_4668181_5688999"
            ],
            [
                "Zoology Life Science Books",
                "/browse/books/zoology-life-science-books/3920_8529612_1841429_1678456_6890011"
            ],
            [
                "Environmental Conservation & Protection Books",
                "/browse/books/environmental-conservation-protection-books/3920_8529612_4668181_9553005"
            ],
            [
                "Blended Families Kids' Books",
                "/browse/books/blended-families-kids-books/3920_582053_585918_9664847"
            ]
        ]
    },
    {
        "title": "A Bite-Sized History of France (Paperback)",
        "url": "https://www.walmart.com/ip/A-Bite-Sized-History-of-France-Paperback-9781620975473/748504549",
        "price": "$15.09",
        "stars": 0,
        "ratings": 0,
        "img": "",
        "tags": [
            [
                "Middle Eastern Cookbooks",
                "/browse/books/middle-eastern-cookbooks/3920_3036003_9740893_2505341"
            ],
            [
                "General Wine & Alcohol Books",
                "/browse/books/general-wine-alcohol-books/3920_3036003_9955948_5323083_2748429"
            ],
            [
                "Italian Cookbooks",
                "/browse/books/italian-cookbooks/3920_3036003_9740893_2988431"
            ],
            [
                "Beer Books",
                "/browse/books/beer-books/3920_3036003_9955948_5323083_4311783"
            ],
            [
                "Agriculture & Food Books",
                "/browse/books/agriculture-food-books/3920_2761424_8176770_5363566"
            ],
            [
                "California Style Cookbooks",
                "/browse/books/california-style-cookbooks/3920_3036003_9740893_3841345_5528010"
            ],
            [
                "Cooking & Grilling",
                "/browse/books/cooking-grilling/3920_9420011_8482101"
            ],
            [
                "Southern States Cookbooks",
                "/browse/books/southern-states-cookbooks/3920_3036003_9740893_3841345_9180946"
            ]
        ]
    },
    {
        "title": "Mexican Americans and the Law : \u00a1El pueblo unido jam\u00e1s ser\u00e1 vencido!",
        "url": "https://www.walmart.com/ip/Mexican-Americans-and-the-Law-El-pueblo-unido-jam-s-ser-vencido-9780816522798/25237243",
        "price": "$24.61",
        "stars": 0,
        "ratings": 0,
        "img": "",
        "tags": [
            [
                "Marriage & Family Sociology Books",
                "/browse/books/marriage-family-sociology-books/3920_2761424_8176770_7590238_1588115"
            ],
            [
                "Emigration & Immigration Books",
                "/browse/books/emigration-immigration-books/3920_2761424_8176770_1766997"
            ],
            [
                "20th Century United States History Books",
                "/browse/books/20th-century-united-states-history-books/3920_582331_583318_2158164"
            ],
            [
                "Political Advocacy Process Books",
                "/browse/books/political-advocacy-process-books/3920_5764957_5741142_3366400"
            ],
            [
                "Literary Collections - American",
                "/browse/books/literary-collections-american/3920_582105_1393947_3427022"
            ],
            [
                "Immigration Policy Books",
                "/browse/books/immigration-policy-books/3920_5764957_4155418_5425469"
            ],
            [
                "Individual Film Director Books",
                "/browse/books/individual-film-director-books/3920_582321_6572320_5615338"
            ],
            [
                "Southwest State & Local United States History Books",
                "/browse/books/southwest-state-local-united-states-history-books/3920_582331_583318_8751259_8373862"
            ]
        ]
    },
    {
        "title": "Worksheets for Cognitive Behavioral Therapy for Drug or Alcohol Problems : CBT Workbook to Deal with Stress, Anxiety, Anger, Control Mood, Learn New Behaviors & Regulate Emotions (Paperback)",
        "url": "https://www.walmart.com/ip/Worksheets-Cognitive-Behavioral-Therapy-Drug-Alcohol-Problems-CBT-Workbook-Deal-Stress-Anxiety-Anger-Control-Mood-Learn-New-Behaviors-Regulate-Emotio-9781707846443/884970731",
        "price": "$11.34",
        "stars": 0,
        "ratings": 0,
        "img": "",
        "tags": [
            [
                "Alcohol Substance Abuse & Addictions Self-Help Books",
                "/browse/books/alcohol-substance-abuse-addictions-self-help-books/3920_5642757_5797218_3839898"
            ],
            [
                "Devotional",
                "/browse/books/devotional/3920_1987289_582055_4843264"
            ],
            [
                "Comparative Religion",
                "/browse/books/comparative-religion/3920_1987289_582055_4946620"
            ],
            [
                "Anecdotes & Quotations",
                "/browse/books/anecdotes-quotations/3920_4310685_7480885"
            ],
            [
                "Twelve-Step Programs Self-Help Books",
                "/browse/books/twelve-step-programs-self-help-books/3920_5642757_7779346"
            ],
            [
                "Neurology Books",
                "/browse/books/neurology-books/3920_3203859_7904119"
            ],
            [
                "Codependency Self-Help Books",
                "/browse/books/codependency-self-help-books/3920_5642757_8770071"
            ],
            [
                "Adult & Continuing Education Books",
                "/browse/books/adult-continuing-education-books/3920_4284269_9883307"
            ]
        ]
    },
    {
        "title": "Digital Detox Card Deck : 56 Practices to Help You Detox, De-Stress, Distract and Discover",
        "url": "https://www.walmart.com/ip/Digital-Detox-Card-Deck-56-Practices-to-Help-You-Detox-De-Stress-Distract-and-Discover-9781683732228/239938467",
        "price": "$17.25",
        "stars": 0,
        "ratings": 0,
        "img": "i5.walmartimages.com/asr/b7b6a0cf-9a75-434e-805a-a40e120c941e_1.870dcc118c8f45b0f7211b67b2052ec4.jpeg?odnWidth=612&odnHeight=612&odnBg=ffffff",
        "tags": [
            [
                "Child Developmental Psychology Books",
                "/browse/books/child-developmental-psychology-books/3920_2761424_3385531_4783777_2238611"
            ],
            [
                "Zen Philosophy Books",
                "/browse/books/zen-philosophy-books/3920_7051956_2491740"
            ],
            [
                "Espa\u00f1ol Para Hispanohablantes, Spanish for Spanish Speakers",
                "/browse/books/espa\u00f1ol-para-hispanohablantes-spanish-for-spanish-speakers/3920_226139_2531768"
            ],
            [
                "Depression",
                "/browse/books/depression/3920_5642757_8597698_4458531"
            ],
            [
                "General Animal Books",
                "/browse/books/general-animal-books/3920_8529612_4668181_9504516_6088800"
            ],
            [
                "Zoology Life Science Books",
                "/browse/books/zoology-life-science-books/3920_8529612_1841429_1678456_6890011"
            ],
            [
                "Personal Success in Business & Money Books",
                "/browse/books/personal-success-in-business-money-books/3920_582349_9116217"
            ],
            [
                "Child & Adolescent Psychotherapy Books",
                "/browse/books/child-adolescent-psychotherapy-books/3920_2761424_3385531_2318869_9492204"
            ]
        ]
    },
    {
        "title": "Emotional Eating Guide : Simple Effective Tips to Control Emotional Eating (Paperback)",
        "url": "https://www.walmart.com/ip/Emotional-Eating-Guide-Simple-Effective-Tips-to-Control-Emotional-Eating-Paperback-9781999222833/671315699",
        "price": "$8.95",
        "stars": 0,
        "ratings": 0,
        "img": "",
        "tags": [
            [
                "Pharmacology Nursing Books",
                "/browse/books/pharmacology-nursing-books/3920_3203859_7271537_1569850"
            ],
            [
                "Espa\u00f1ol Para Hispanohablantes, Spanish for Spanish Speakers",
                "/browse/books/espa\u00f1ol-para-hispanohablantes-spanish-for-spanish-speakers/3920_226139_2531768"
            ],
            [
                "Fantasy Manga",
                "/browse/books/fantasy-manga/3920_1095293_1095294_6504164_2634937"
            ],
            [
                "General Substance Abuse & Addictions Self-Help Books",
                "/browse/books/general-substance-abuse-addictions-self-help-books/3920_5642757_5797218_5380092"
            ],
            [
                "Dieting Books",
                "/browse/books/dieting-books/3920_7415838_1851676_8991352"
            ],
            [
                "Weight Control Cookbooks",
                "/browse/books/weight-control-cookbooks/3920_3036003_2515404_9053714"
            ],
            [
                "Eating Disorders Psychopathology Books",
                "/browse/books/eating-disorders-psychopathology-books/3920_2761424_3385531_6536134_9515692"
            ],
            [
                "Women's Health",
                "/browse/books/womens-health/3920_582054_9936318"
            ]
        ]
    },
    {
        "title": "The Miracle of Right Thought (Hardcover)",
        "url": "https://www.walmart.com/ip/The-Miracle-of-Right-Thought-Hardcover-9781618953384/962704757",
        "price": "$23.94",
        "stars": 0,
        "ratings": 0,
        "img": "i5.walmartimages.com/asr/e021d753-7df2-4732-9ec8-f277a2b74055_1.3260be596479fd4c1536f90315f4baf0.jpeg?odnWidth=612&odnHeight=612&odnBg=ffffff",
        "tags": [
            [
                "General Baseball Books",
                "/browse/books/general-baseball-books/3920_8924365_4967252_2798102"
            ],
            [
                "Mental Health Books",
                "/browse/books/mental-health-books/3920_3203859_3555432"
            ],
            [
                "Spiritual Self-Help Books",
                "/browse/books/spiritual-self-help-books/3920_5642757_5131864"
            ],
            [
                "General Substance Abuse & Addictions Self-Help Books",
                "/browse/books/general-substance-abuse-addictions-self-help-books/3920_5642757_5797218_5380092"
            ],
            [
                "Interpersonal Relations Psychology Books",
                "/browse/books/interpersonal-relations-psychology-books/3920_2761424_3385531_5567426"
            ],
            [
                "Neuropsychology Books",
                "/browse/books/neuropsychology-books/3920_2761424_3385531_7903498"
            ],
            [
                "Post-Traumatic Stress Disorder Psychopathology Books",
                "/browse/books/post-traumatic-stress-disorder-psychopathology-books/3920_2761424_3385531_6536134_9287947"
            ],
            [
                "Mind & Body Philosophy Books",
                "/browse/books/mind-body-philosophy-books/3920_7051956_9666075"
            ]
        ]
    },
    {
        "title": "Footprints in the Dust : Nursing, Survival, Compassion, and Hope with Refugees Around the World",
        "url": "https://www.walmart.com/ip/Footprints-in-the-Dust-Nursing-Survival-Compassion-and-Hope-with-Refugees-Around-the-World-9781681778648/315623265",
        "price": "$23.69",
        "stars": 0,
        "ratings": 0,
        "img": "",
        "tags": [
            [
                "Strategic Planning Books",
                "/browse/books/strategic-planning-books/3920_582349_1874555"
            ],
            [
                "Religious Studies Books",
                "/browse/books/religious-studies-books/3920_2761424_8176770_5043430"
            ],
            [
                "Economic Development Books",
                "/browse/books/economic-development-books/3920_582349_7428141_5263905"
            ],
            [
                "India & South Asia History Books",
                "/browse/books/india-south-asia-history-books/3920_582331_583304_7043234"
            ],
            [
                "African Political Books",
                "/browse/books/african-political-books/3920_5764957_4546754_7073236"
            ],
            [
                "Poverty & Homelessness Books",
                "/browse/books/poverty-homelessness-books/3920_2761424_8176770_7158882"
            ],
            [
                "Media Studies Books",
                "/browse/books/media-studies-books/3920_2761424_8176770_7855225"
            ],
            [
                "West African History Books",
                "/browse/books/west-african-history-books/3920_582331_583297_9859060"
            ]
        ]
    },
    {
        "title": "Hindu Tales From the Sanskrit - Mythological Stories for Children & Adults (Paperback)",
        "url": "https://www.walmart.com/ip/Hindu-Tales-From-the-Sanskrit-Mythological-Stories-for-Children-Adults-Paperback-9781604501674/10164969",
        "price": "$11.65",
        "stars": 0,
        "ratings": 0,
        "img": "i5.walmartimages.com/asr/6874a1e3-00ee-4994-a171-b622d1ea853f_1.884d66f1ffdebd4cd4aa3638fdc058c7.jpeg?odnWidth=612&odnHeight=612&odnBg=ffffff",
        "tags": []
    }
]