[
    {
        "title": "Bell Hooks Love Trilogy (Paperback): Salvation: Black People and Love (Paperback)",
        "url": "https://www.walmart.com/ip/Bell-Hooks-Love-Trilogy-Paperback-Salvation-Black-People-and-Love-Paperback-9780060959494/107831801",
        "price": "$12.19",
        "stars": 0,
        "ratings": 0,
        "img": "",
        "tags": [
            [
                "Food & Beverage History Books",
                "/browse/books/food-beverage-history-books/3920_3036003_2468891"
            ],
            [
                "Slavery Books",
                "/browse/books/slavery-books/3920_2761424_8176770_2698525"
            ],
            [
                "African American History Books",
                "/browse/books/african-american-history-books/3920_582331_5685608"
            ],
            [
                "General United States History Books",
                "/browse/books/general-united-states-history-books/3920_582331_583318_6419794"
            ],
            [
                "Cultural Heritage Biographies & Memoirs",
                "/browse/books/cultural-heritage-biographies-memoirs/3920_5196470_8577664"
            ],
            [
                "Women's History Month Nonfiction",
                "/browse/books/womens-history-month-nonfiction/3920_4883891_9043460"
            ],
            [
                "Discrimination & Race Relations Books",
                "/browse/books/discrimination-race-relations-books/3920_2761424_8176770_9541682"
            ],
            [
                "Popular Culture Books",
                "/browse/books/popular-culture-books/3920_2761424_8176770_9566741"
            ]
        ]
    },
    {
        "title": "The Asperkid's Secret Book of Social Rules: The Handbook of Not-So-Obvious Social Guidelines for Tweens and Teens with Asperger Syndrome (Paperback)",
        "url": "https://www.walmart.com/ip/The-Asperkid-s-Secret-Book-of-Social-Rules-The-Handbook-of-Not-So-Obvious-Social-Guidelines-for-Tweens-and-Teens-with-Asperger-Syndrome-Paperback-9781849059152/20898877",
        "price": "$16.23",
        "stars": "4.0",
        "ratings": "1 ",
        "img": "",
        "tags": [
            [
                "Hunting Books",
                "/browse/books/hunting-books/3920_8924365_3281365"
            ],
            [
                "Camping & Outdoor Activities Kids' Books",
                "/browse/books/camping-outdoor-activities-kids-books/3920_582053_582581_3957862"
            ],
            [
                "Historical Mystery Books",
                "/browse/books/historical-mystery-books/3920_582105_9435716_586706_3971473_586712"
            ],
            [
                "Language Study",
                "/browse/books/language-study/3920_1987289_582374_4381280_6463182"
            ],
            [
                "Science Fiction Romance Books",
                "/browse/books/science-fiction-romance-books/3920_582105_582052_6575597"
            ],
            [
                "Autism Spectrum Disorders",
                "/browse/books/autism-spectrum-disorders/3920_5642757_6055772_6587931"
            ],
            [
                "General Erotica Books",
                "/browse/books/general-erotica-books/3920_582105_582052_5080993_7761014"
            ],
            [
                "Paranormal, Occult & Supernatural Teen & Young Adult Books",
                "/browse/books/paranormal-occult-supernatural-teen-young-adult-books/3920_1068785_8256761"
            ]
        ]
    },
    {
        "title": "A Knock at Midnight : A Story of Hope, Justice, and Freedom (Hardcover)",
        "url": "https://www.walmart.com/ip/A-Knock-at-Midnight-A-Story-of-Hope-Justice-and-Freedom-Hardcover-9781984825780/735733484",
        "price": "$25.20",
        "stars": 0,
        "ratings": 0,
        "img": "",
        "tags": [
            [
                "Penology Books",
                "/browse/books/penology-books/3920_2761424_8176770_1250503"
            ],
            [
                "Criminology Books",
                "/browse/books/criminology-books/3920_2761424_8176770_3026547"
            ],
            [
                "Napoleonic Wars Military History Books",
                "/browse/books/napoleonic-wars-military-history-books/3920_582331_583311_3060132"
            ],
            [
                "Rough Guides Travel Books, Maps & Guides",
                "/browse/books/rough-guides-travel-books-maps-guides/3920_9360990_8228179_4465801"
            ],
            [
                "Criminal Procedure Law Books",
                "/browse/books/criminal-procedure-law-books/3920_1952589_5661931"
            ],
            [
                "Paralegals & Paralegalism Law Books",
                "/browse/books/paralegals-paralegalism-law-books/3920_1952589_6840888"
            ],
            [
                "Politics & Government Teen & Young Adult Books",
                "/browse/books/politics-government-teen-young-adult-books/3920_1068785_9862485_8645791"
            ],
            [
                "Lawyers & Judges Biographies & Memoirs",
                "/browse/books/lawyers-judges-biographies-memoirs/3920_5196470_9844029"
            ]
        ]
    },
    {
        "title": "The Sumerians : Their History, Culture, and Character",
        "url": "https://www.walmart.com/ip/The-Sumerians-Their-History-Culture-and-Character-9780226452388/498014",
        "price": "$50.02",
        "stars": "5.0",
        "ratings": "2 ",
        "img": "i5.walmartimages.com/asr/bbfb6df4-a5e9-4f7e-a8c4-3f8a29b5cac9_1.e97810d1490e62e512f724c53e1771fd.jpeg?odnWidth=612&odnHeight=612&odnBg=ffffff",
        "tags": [
            [
                "Ancient Mysteries & Controversial Knowledge",
                "/browse/books/ancient-mysteries-controversial-knowledge/3920_1987289_5383544_2057604"
            ],
            [
                "Literary Collections - Ancient & Classical",
                "/browse/books/literary-collections-ancient-classical/3920_582105_1393947_2312151"
            ],
            [
                "Iran History Books",
                "/browse/books/iran-history-books/3920_582331_583310_3990910"
            ],
            [
                "Civilization History Books",
                "/browse/books/civilization-history-books/3920_582331_583301"
            ],
            [
                "General Social Science Books",
                "/browse/books/general-social-science-books/3920_2761424_8176770_9300400"
            ],
            [
                "General Architecture History Books",
                "/browse/books/general-architecture-history-books/3920_582321_4942684_6363288_9504182"
            ]
        ]
    },
    {
        "title": "Kentucky Remembered: An Oral History: Crawfish Bottom : Recovering a Lost Kentucky Community (Paperback)",
        "url": "https://www.walmart.com/ip/Kentucky-Remembered-An-Oral-History-Crawfish-Bottom-Recovering-a-Lost-Kentucky-Community-Paperback-9780813144337/24056351",
        "price": "$28.52",
        "stars": 0,
        "ratings": 0,
        "img": "",
        "tags": [
            [
                "Future Studies Books",
                "/browse/books/future-studies-books/3920_2761424_8176770_1721846"
            ],
            [
                "Evolution Life Science Books",
                "/browse/books/evolution-life-science-books/3920_8529612_1841429_1678456_4103014"
            ],
            [
                "Civilization History Books",
                "/browse/books/civilization-history-books/3920_582331_583301"
            ],
            [
                "General United States History Books",
                "/browse/books/general-united-states-history-books/3920_582331_583318_6419794"
            ],
            [
                "Urban & Land Use Planning Books",
                "/browse/books/urban-land-use-planning-books/3920_582321_4942684_7061929"
            ],
            [
                "Middle Atlantic State & Local United States History Books",
                "/browse/books/middle-atlantic-state-local-united-states-history-books/3920_582331_583318_8751259_8598542"
            ],
            [
                "19th Century Modern History Books",
                "/browse/books/19th-century-modern-history-books/3920_582331_583312_9071069"
            ],
            [
                "General Pet Books",
                "/browse/books/general-pet-books/3920_5611252_3413258_9401436"
            ]
        ]
    },
    {
        "title": "Beneath the Moon : Fairy Tales, Myths, and Divine Stories from Around the World",
        "url": "https://www.walmart.com/ip/Beneath-the-Moon-Fairy-Tales-Myths-and-Divine-Stories-from-Around-the-World-9781984857224/197963222",
        "price": "$15.59",
        "stars": 0,
        "ratings": 0,
        "img": "",
        "tags": [
            [
                "Tarot Cards & Books",
                "/browse/books/tarot-cards-books/3920_1987289_1946456"
            ],
            [
                "Witchcraft",
                "/browse/books/witchcraft/3920_1987289_5383544_2856819"
            ],
            [
                "Magick Studies",
                "/browse/books/magick-studies/3920_1987289_5383544_4221481"
            ],
            [
                "Fairy Tales, Folk Tales, Legends & Mythology Literary Criticism Books",
                "/browse/books/fairy-tales-folk-tales-legends-mythology-literary-criticism-books/3920_582105_8476958_4269589"
            ],
            [
                "New England State & Local United States History Books",
                "/browse/books/new-england-state-local-united-states-history-books/3920_582331_583318_8751259_4500508"
            ],
            [
                "Comparative Religion",
                "/browse/books/comparative-religion/3920_1987289_582055_4946620"
            ],
            [
                "Popular Culture Art Books",
                "/browse/books/popular-culture-art-books/3920_582321_6907922_7436890"
            ],
            [
                "General Library & Information Science Books",
                "/browse/books/general-library-information-science-books/3920_8818538_4979139_9142829"
            ]
        ]
    },
    {
        "title": "Lithuanians of Schuylkill County (Hardcover)",
        "url": "https://www.walmart.com/ip/Lithuanians-of-Schuylkill-County-Hardcover-9781540233929/401927349",
        "price": "$31.99",
        "stars": 0,
        "ratings": 0,
        "img": "i5.walmartimages.com/asr/5d8d4c82-d174-4653-a750-6167df6e92f3_1.a86f66b4cd8bb49d53453e871b2a71bb.jpeg?odnWidth=612&odnHeight=612&odnBg=ffffff",
        "tags": [
            [
                "Lifestyles Photography Books",
                "/browse/books/lifestyles-photography-books/3920_582321_5674104_4153737_2257517"
            ],
            [
                "Mexico History Books",
                "/browse/books/mexico-history-books/3920_582331_2264290_3117206"
            ],
            [
                "Social Activists Biographies & Memoirs",
                "/browse/books/social-activists-biographies-memoirs/3920_5196470_3760242"
            ],
            [
                "Economic Conditions Books",
                "/browse/books/economic-conditions-books/3920_582349_4279689"
            ],
            [
                "Labor Business & Money Books",
                "/browse/books/labor-business-money-books/3920_582349_4769409"
            ],
            [
                "Editors, Journalists & Publishers Biographies & Memoirs",
                "/browse/books/editors-journalists-publishers-biographies-memoirs/3920_5196470_6587041"
            ],
            [
                "Political Biographies & Memoirs",
                "/browse/books/political-biographies-memoirs/3920_5196470_7578606"
            ],
            [
                "Middle Atlantic State & Local United States History Books",
                "/browse/books/middle-atlantic-state-local-united-states-history-books/3920_582331_583318_8751259_8598542"
            ]
        ]
    },
    {
        "title": "The Minds of Billy Milligan",
        "url": "https://www.walmart.com/ip/The-Minds-of-Billy-Milligan-9780553263817/25670742",
        "price": "$8.49",
        "stars": 0,
        "ratings": 0,
        "img": "i5.walmartimages.com/asr/64482c0d-0121-41cc-8781-dfeb7aedfc6d_1.5ca7c303be6cacac6d8bd1a8dff4988d.jpeg?odnWidth=612&odnHeight=612&odnBg=ffffff",
        "tags": [
            [
                "Spiritual Growth",
                "/browse/books/spiritual-growth/3920_1987289_582374_8324310_1480379"
            ],
            [
                "Soteriology",
                "/browse/books/soteriology/3920_1987289_582374_9438566_2957174"
            ],
            [
                "Jungian Movement in Psychology Books",
                "/browse/books/jungian-movement-in-psychology-books/3920_2761424_3385531_5702953_3254528"
            ],
            [
                "Counseling Psychotherapy Books",
                "/browse/books/counseling-psychotherapy-books/3920_2761424_3385531_2318869_4223555"
            ],
            [
                "NBA Books",
                "/browse/books/nba-books/3920_8924365_6632074"
            ],
            [
                "Exegesis & Hermeneutics",
                "/browse/books/exegesis-hermeneutics/3920_1987289_582374_2718157_7059494"
            ],
            [
                "Personal Growth",
                "/browse/books/personal-growth/3920_1987289_582374_8324310_8811610"
            ],
            [
                "Psychology Reference Books",
                "/browse/books/psychology-reference-books/3920_2761424_3385531_9527380"
            ]
        ]
    },
    {
        "title": "Supporting Transgender Autistic Youth and Adults : A Guide for Professionals and Families (Paperback)",
        "url": "https://www.walmart.com/ip/Supporting-Transgender-Autistic-Youth-and-Adults-A-Guide-for-Professionals-and-Families-Paperback-9781785928031/313187488",
        "price": "$27.95",
        "stars": 0,
        "ratings": 0,
        "img": "",
        "tags": []
    },
    {
        "title": "Of Flying Saucers and Social Scientists: A Re-Reading of When Prophecy Fails and of Cognitive Dissonance",
        "url": "https://www.walmart.com/ip/Of-Flying-Saucers-and-Social-Scientists-A-Re-Reading-of-When-Prophecy-Fails-and-of-Cognitive-Dissonance-9781137364456/25017254",
        "price": "$77.11",
        "stars": 0,
        "ratings": 0,
        "img": "i5.walmartimages.com/asr/5c2653fa-2894-46c1-a67d-e931fb54a679_1.fa80bc889d1a7b79894d2cbe9f8984f2.jpeg?odnWidth=612&odnHeight=612&odnBg=ffffff",
        "tags": [
            [
                "General Sociology Books",
                "/browse/books/general-sociology-books/3920_2761424_8176770_7590238_3728019"
            ],
            [
                "Evolution Life Science Books",
                "/browse/books/evolution-life-science-books/3920_8529612_1841429_1678456_4103014"
            ],
            [
                "Urban Sociology Books",
                "/browse/books/urban-sociology-books/3920_2761424_8176770_7590238_4383719"
            ],
            [
                "Southern State & Local United States History Books",
                "/browse/books/southern-state-local-united-states-history-books/3920_582331_583318_8751259_7485298"
            ],
            [
                "Saints & Sainthood",
                "/browse/books/saints-sainthood/3920_1987289_582374_2763255_7772480"
            ],
            [
                "Middle Atlantic State & Local United States History Books",
                "/browse/books/middle-atlantic-state-local-united-states-history-books/3920_582331_583318_8751259_8598542"
            ],
            [
                "Running & Jogging Books",
                "/browse/books/running-jogging-books/3920_8924365_9797615"
            ]
        ]
    }
]