[
    {
        "title": "LeapFrog Blues Clues and You! Skidoo Into ABCs Book for Kids, Magenta",
        "url": "https://www.walmart.com/ip/LeapFrog-Blues-Clues-and-You-Skidoo-Into-ABCs-Book-for-Kids-Magenta/705080833",
        "price": "$21.99",
        "stars": "4.9",
        "ratings": "59 ",
        "img": "i5.walmartimages.com/asr/2a3245c9-35c6-4778-bc24-98b4109f732b.5bd4c0afa30e9e255a364d1b920476db.jpeg?odnWidth=612&odnHeight=612&odnBg=ffffff",
        "tags": [
            [
                "Science & Education",
                "/browse/toys/science-education/4171_56125_164140"
            ],
            [
                "2 to 4 Years",
                "/browse/toys/2-to-4-years/4171_2724815_2170514"
            ],
            [
                "8 to 11 Years",
                "/browse/toys/8-to-11-years/4171_2724815_3925001"
            ],
            [
                "Stuffed Animals for Girls",
                "/browse/toys/stuffed-animals-for-girls/4171_2724815_3975865"
            ],
            [
                "Blue's Clues Toys",
                "/browse/toys/blues-clues-toys/4171_7357538_6548877"
            ],
            [
                "LeapFrog Learning Toys",
                "/browse/toys/leapfrog-learning-toys/4171_56125_6855455"
            ],
            [
                "5 to 7 Years",
                "/browse/toys/5-to-7-years/4171_2724815_9191313"
            ],
            [
                "Stuffed Animals for Boys",
                "/browse/toys/stuffed-animals-for-boys/4171_2724815_9211121"
            ]
        ]
    },
    {
        "title": "Funko POP! Games: Apex Legends - Lifeline Tied Dye - Walmart Exclusive",
        "url": "https://www.walmart.com/ip/Funko-POP-Games-Apex-Legends-Lifeline-Tied-Dye-Walmart-Exclusive/229596647",
        "price": "$4.99",
        "stars": "4.7",
        "ratings": "24 ",
        "img": "i5.walmartimages.com/asr/52f62c6e-40b8-4236-ae0d-6a8b5cd994b1_1.050ad39d177ed7f62ee03ce7e179c40d.png?odnWidth=612&odnHeight=612&odnBg=ffffff",
        "tags": [
            [
                "Bobble Heads",
                "/browse/toys/bobble-heads/4171_4172_1224720"
            ],
            [
                "Star Wars Action Figures",
                "/browse/toys/star-wars-action-figures/4171_4172_1606899"
            ],
            [
                "Funko Pop Movies",
                "/browse/toys/funko-pop-movies/4171_4172_4294413_1742485"
            ],
            [
                "Funko Collectibles",
                "/browse/toys/funko-collectibles/4171_2229239_8665809_2752400"
            ],
            [
                "Only at Walmart Toys",
                "/browse/toys/only-at-walmart-toys/4171_6331649_4497497"
            ],
            [
                "Funko Pop Animation",
                "/browse/toys/funko-pop-animation/4171_4172_4294413_4803523"
            ],
            [
                "Funko Pop TV",
                "/browse/toys/funko-pop-tv/4171_4172_4294413_9626096"
            ],
            [
                "Funko Pop Games",
                "/browse/toys/funko-pop-games/4171_4172_4294413_9788314"
            ]
        ]
    },
    {
        "title": "PAW Patrol, Chase Remote Control Police Cruiser with 2-Way Steering, for Kids Aged 3 and Up",
        "url": "https://www.walmart.com/ip/PAW-Patrol-Chase-Remote-Control-Police-Cruiser-with-2-Way-Steering-for-Kids-Aged-3-and-Up/714063589",
        "price": "$17.49",
        "stars": "4.1",
        "ratings": "19 ",
        "img": "i5.walmartimages.com/asr/cc94b56f-7bd2-49da-a0ed-df8ac12f7d9c_1.0639da1d1b24e01709a931d828837206.jpeg?odnWidth=612&odnHeight=612&odnBg=ffffff",
        "tags": [
            [
                "PJ Masks and Paw Patrol",
                "/browse/toys/pj-masks-paw-patrol/4171_1077545_1551562"
            ],
            [
                "Paw Patrol Toys",
                "/browse/toys/paw-patrol-toys/4171_7357538_1804970"
            ],
            [
                "All Preschool Vehicles & Playsets",
                "/browse/toys/all-preschool-vehicles-playsets/4171_1111647_5858854_3439996"
            ],
            [
                "Paw Patrol",
                "/browse/toys/paw-patrol/4171_1111647_5084539"
            ],
            [
                "RC Trucks & SUVs",
                "/browse/toys/rc-trucks-suvs/4171_1111647_3436383_6427365"
            ],
            [
                "PAW Patrol Toys",
                "/browse/toys/paw-patrol-toys/4171_3438149_8288276"
            ],
            [
                "RC Cars",
                "/browse/toys/rc-cars/4171_1111647_8787282"
            ]
        ]
    },
    {
        "title": "VTech, Stroll and Discover Activity Walker, Walker for Babies, Baby Toy, Pink",
        "url": "https://www.walmart.com/ip/VTech-Stroll-and-Discover-Activity-Walker-Walker-for-Babies-Baby-Toy-Pink/567012968",
        "price": "$35.00",
        "stars": "4.8",
        "ratings": "133 ",
        "img": "i5.walmartimages.com/asr/ea9bdd20-3204-4a71-9023-3fa61d06d0ee_1.375d08624f416d6d6fc3e3fc47afaecf.jpeg?odnWidth=612&odnHeight=612&odnBg=ffffff",
        "tags": [
            [
                "Baby Walkers",
                "/browse/baby/baby-walkers/5427_86323_1231322"
            ],
            [
                "Push, Pull, and Walker Toys",
                "/browse/baby/push-pull-walker-toys/5427_491351_3498802"
            ],
            [
                "Baby Toys, Book & Keepsakes",
                "/browse/baby/baby-toys-book-keepsakes/5427_538387_3565221"
            ],
            [
                "Fisher Price Baby Toys",
                "/browse/baby/fisher-price-baby-toys/5427_491351_3913250"
            ],
            [
                "Boy Walkers",
                "/browse/baby/boy-walkers/5427_86323_5433079"
            ],
            [
                "Girl Walkers",
                "/browse/baby/girl-walkers/5427_86323_6929836"
            ],
            [
                "Fisher Price Toddler",
                "/browse/fisher-price-toddler/5427_8667173"
            ],
            [
                "Vtech Baby and Toddler Toys",
                "/browse/baby/vtech-baby-toddler-toys/5427_491351_9427535"
            ]
        ]
    },
    {
        "title": "Hoverboard Bluetooth Two-Wheel Self Balancing Electric Scooter 6.5\" UL 2272 Certified with Bluetooth Speaker and LED Light Chrome Turquoise",
        "url": "https://www.walmart.com/ip/Hoverboard-Bluetooth-Two-Wheel-Self-Balancing-Electric-Scooter-6-5-UL-2272-Certified-with-Bluetooth-Speaker-and-LED-Light-Chrome-Turquoise/878267473",
        "price": "$95.00",
        "stars": "3.6",
        "ratings": "116 ",
        "img": "i5.walmartimages.com/asr/b5d62af6-5c8d-428f-8a4c-3c40d3d2385c.6b4ac70e9331d80d3398dd83a30f9378.jpeg?odnWidth=612&odnHeight=612&odnBg=ffffff",
        "tags": [
            [
                "All Hoverboards",
                "/browse/toys/all-hoverboards/4171_133073_6774653_3545894_2310222"
            ],
            [
                "Bluetooth Hoverboards",
                "/browse/toys/bluetooth-hoverboards/4171_133073_6774653_3545894_4437736"
            ],
            [
                "Foot to Floor Ride Ons",
                "/browse/toys/foot-to-floor-ride-ons/4171_133073_6774653_4137853_4927746"
            ],
            [
                "Adult Electric Scooter",
                "/browse/toys/adult-electric-scooter/4171_133073_6774653_4137853_3209634_7994546_6511135"
            ],
            [
                "Toys for Kids 12 Years & Up",
                "/browse/toys/toys-for-kids-12-years-up/4171_3318550_1077724_6922509"
            ],
            [
                "Toys for Kids 8 to 11 Years",
                "/browse/toys/toys-for-kids-8-to-11-years/4171_3318550_617942_8104028"
            ],
            [
                "Hoverboards for Girls",
                "/browse/toys/hoverboards-for-girls/4171_1228477_3574057_9929790"
            ]
        ]
    },
    {
        "title": "Hollywood Rides 1:24 Scale Marvel Spiderman Die Cast Vehicle with Figure by Jada Toys",
        "url": "https://www.walmart.com/ip/Hollywood-Rides-1-24-Scale-Marvel-Spiderman-Die-Cast-Vehicle-with-Figure-by-Jada-Toys/990397346",
        "price": "$19.97",
        "stars": "4.6",
        "ratings": "70 ",
        "img": "",
        "tags": [
            [
                "Avengers Action Figures",
                "/browse/toys/avengers-action-figures/4171_4172_4065038"
            ],
            [
                "Marvel Role Play",
                "/browse/toys/marvel-role-play/4171_4172_4246921_4722086"
            ],
            [
                "Play Vehicles by Brand",
                "/browse/toys/play-vehicles-by-brand/4171_1111647_132910_4726205"
            ],
            [
                "Jada Toys",
                "/browse/toys/jada-toys/4171_1111647_6679269"
            ],
            [
                "Collectible Vehicles",
                "/browse/toys/collectible-vehicles/4171_2229239_8081925"
            ],
            [
                "Spider-Man Action Figures",
                "/browse/toys/spider-man-action-figures/4171_4172_8141389"
            ],
            [
                "Diecast and Collectible Cars",
                "/browse/toys/diecast-collectible-cars/4171_1111647_8668862"
            ],
            [
                "Marvel Action Figures",
                "/browse/toys/marvel-action-figures/4171_4172_9404197"
            ]
        ]
    },
    {
        "title": "VTech, Pop-a-Balls Drop and Pop Ball Pit, Learning Toy, Ball Toys",
        "url": "https://www.walmart.com/ip/VTech-Pop-a-Balls-Drop-and-Pop-Ball-Pit-Learning-Toy-Ball-Toys/398886867",
        "price": "$45.00",
        "stars": "4.4",
        "ratings": "116 ",
        "img": "i5.walmartimages.com/asr/5a883430-e9f4-43e6-aa5e-793b76f188fe_5.c79e81645f058e588697182e6821b9bd.jpeg?odnWidth=612&odnHeight=612&odnBg=ffffff",
        "tags": [
            [
                "Kids Instruments",
                "/browse/toys/kids-instruments/4171_4173_1143273"
            ],
            [
                "Leapfrog",
                "/browse/toys/leapfrog/4171_56125_1498437"
            ],
            [
                "Science & Education",
                "/browse/toys/science-education/4171_56125_164140"
            ],
            [
                "VTech Toys",
                "/browse/toys/vtech-toys/4171_3438149_3348821"
            ],
            [
                "Ball Pits",
                "/browse/toys/ball-pits/4171_14521_4400069"
            ],
            [
                "Fisher-Price Toys",
                "/browse/toys/fisher-price-toys/4171_3438149_6012903"
            ],
            [
                "LeapFrog Learning Toys",
                "/browse/toys/leapfrog-learning-toys/4171_56125_6855455"
            ],
            [
                "Fisher Price Pretend Play",
                "/browse/toys/fisher-price-pretend-play/4171_4173_7354985"
            ]
        ]
    },
    {
        "title": "Godzilla vs. Kong 6\" Basic Godzilla Heat Ray Figure",
        "url": "https://www.walmart.com/ip/Godzilla-vs-Kong-6-Basic-Godzilla-Heat-Ray-Figure/746558921",
        "price": "$9.84",
        "stars": "4.8",
        "ratings": "28 ",
        "img": "i5.walmartimages.com/asr/e6f6abe8-39a9-4d8b-a512-e2260335bfd8.ff20807de7dcf7b76efba0cda14b4b9c.jpeg?odnWidth=612&odnHeight=612&odnBg=ffffff",
        "tags": [
            [
                "All Action Figure Playsets",
                "/browse/toys/all-action-figure-playsets/4171_4172_9845227_1156794"
            ],
            [
                "All Collectible Figures",
                "/browse/toys/all-collectible-figures/4171_2229239_1231181"
            ],
            [
                "All Action Figures",
                "/browse/toys/all-action-figures/4171_4172_133130"
            ],
            [
                "Godzilla Toys",
                "/browse/toys/godzilla-toys/4171_7357538_2744134"
            ],
            [
                "NECA",
                "/browse/toys/neca/4171_4172_3220270"
            ],
            [
                "Toys for Kids 2 to 4 Years",
                "/browse/toys/toys-for-kids-2-to-4-years/4171_3318550_7016108_4703344"
            ],
            [
                "Toys for Kids 12 Years & Up",
                "/browse/toys/toys-for-kids-12-years-up/4171_3318550_1077724_6922509"
            ],
            [
                "Toys for age  2-4  boys",
                "/browse/toys/toys-for-age-2-4-boys/4171_3318550_7016108_8955316"
            ]
        ]
    },
    {
        "title": "Jurassic World: Velociraptor Child Halloween Costume",
        "url": "https://www.walmart.com/ip/Jurassic-World-Velociraptor-Child-Halloween-Costume/991974849",
        "price": "$46.98",
        "stars": "4.9",
        "ratings": "8 ",
        "img": "i5.walmartimages.com/asr/fe2818e2-c1e3-41af-ad36-2424b29c0643_1.48286b9ecb7bad58b5688c5fd028946f.jpeg?odnWidth=612&odnHeight=612&odnBg=ffffff",
        "tags": [
            [
                "Sexy Halloween Costumes",
                "/browse/party-occasions/sexy-halloween-costumes/2637_615760_1088766_1054059_1292394"
            ],
            [
                "Animal Costumes",
                "/browse/party-occasions/animal-costumes/2637_615760_1088766_2327096_3089791_1477196"
            ],
            [
                "Boy's Humor & Inflatable Costumes",
                "/browse/party-occasions/boys-humor-inflatable-costumes/2637_615760_1088766_1054039_8395835_1510557"
            ],
            [
                "Animal Baby & Toddler Costumes",
                "/browse/party-occasions/animal-baby-toddler-costumes/2637_615760_1088766_1054039_7731266_1683588"
            ],
            [
                "Inflatable Costumes",
                "/browse/party-occasions/inflatable-costumes/2637_615760_1088766_1054059_7955173_3602916"
            ],
            [
                "Top Boy's Halloween Costumes",
                "/browse/party-occasions/top-boys-halloween-costumes/2637_615760_1088766_1054039_8395835_4730012"
            ],
            [
                "All Boys Halloween Costumes",
                "/browse/party-occasions/all-boys-halloween-costumes/2637_615760_1088766_1054039_8395835_8876914"
            ],
            [
                "Boy's TV & Movies Costumes",
                "/browse/party-occasions/boys-tv-movies-costumes/2637_615760_1088766_1054039_8395835_9491650"
            ]
        ]
    },
    {
        "title": "LEGO Star Wars: A New Hope Death Star Cannon 75246 Building Kit",
        "url": "https://www.walmart.com/ip/LEGO-Star-Wars-A-New-Hope-Death-Star-Cannon-75246-Building-Kit/115353651",
        "price": "$13.85",
        "stars": "4.5",
        "ratings": "22 ",
        "img": "i5.walmartimages.com/asr/9de83fd2-528e-470c-a96f-e4397aeaf785_2.4a529ea3925d827f493a1fd34e69b7f8.jpeg?odnWidth=612&odnHeight=612&odnBg=ffffff",
        "tags": [
            [
                "LEGO Easter Building Sets",
                "/browse/toys/lego-easter-building-sets/4171_4186_1105635_2668753"
            ],
            [
                "LEGO Star Wars Building Sets",
                "/browse/toys/lego-star-wars-building-sets/4171_4186_1105635_3578631"
            ],
            [
                "Building Sets for Boys",
                "/browse/toys/building-sets-for-boys/4171_1228478_4255542"
            ],
            [
                "Star Wars Toys",
                "/browse/toys/star-wars-toys/4171_7357538_4426623"
            ],
            [
                "LEGO Sets Ages 12+",
                "/browse/toys/lego-sets-ages-12/4171_4186_1105635_4836372"
            ],
            [
                "Building Toys Ages 8 to 11",
                "/browse/toys/building-toys-ages-8-to-11/4171_4186_6416592"
            ],
            [
                "LEGO Sets Ages 8 to 11",
                "/browse/toys/lego-sets-ages-8-to-11/4171_4186_1105635_6901070"
            ],
            [
                "Building Toys Ages 12+",
                "/browse/toys/building-toys-ages-12/4171_4186_9012439"
            ]
        ]
    }
]