[
    {
        "title": "Pinkfong Baby Shark Official Song Cube - Baby Shark - by WowWee",
        "url": "https://www.walmart.com/ip/Pinkfong-Baby-Shark-Official-Song-Cube-Baby-Shark-by-WowWee/486761806",
        "price": "$6.99",
        "stars": "4.3",
        "ratings": "137 ",
        "img": "i5.walmartimages.com/asr/18297a8e-245b-4ed5-82bd-45d4434cacfe_1.8fcaacf7973127c7742b31878c9f6539.jpeg?odnWidth=612&odnHeight=612&odnBg=ffffff",
        "tags": [
            [
                "2 to 4 Years",
                "/browse/toys/2-to-4-years/4171_2724815_2170514"
            ],
            [
                "Baby Shark Toys",
                "/browse/toys/baby-shark-toys/4171_7357538_3673067"
            ],
            [
                "8 to 11 Years",
                "/browse/toys/8-to-11-years/4171_2724815_3925001"
            ],
            [
                "Stuffed Animals for Girls",
                "/browse/toys/stuffed-animals-for-girls/4171_2724815_3975865"
            ],
            [
                "Electronic Pets",
                "/browse/toys/electronic-pets/4171_4187_4209464"
            ],
            [
                "0-12 Months",
                "/browse/toys/0-12-months/4171_2724815_4763212"
            ],
            [
                "5 to 7 Years",
                "/browse/toys/5-to-7-years/4171_2724815_9191313"
            ],
            [
                "Stuffed Animals for Boys",
                "/browse/toys/stuffed-animals-for-boys/4171_2724815_9211121"
            ]
        ]
    },
    {
        "title": "Lucky Fortune Blind Collectible Bracelets - 4-pack Take-out Box - Series 1 - By WowWee",
        "url": "https://www.walmart.com/ip/Lucky-Fortune-Blind-Collectible-Bracelets-4-pack-Take-out-Box-Series-1-By-WowWee/942633421",
        "price": "$8.73",
        "stars": "4.5",
        "ratings": "36 ",
        "img": "i5.walmartimages.com/asr/a19aad3c-f1db-4e0a-8a5c-cbad03e01fe4_1.10f598ee4bd8c18e363e30e024cb2f95.jpeg?odnWidth=612&odnHeight=612&odnBg=ffffff",
        "tags": [
            [
                "LOL Surprise Dolls Series 2",
                "/browse/toys/lol-surprise-dolls-series-2/4171_4187_2618388_1910137"
            ],
            [
                "Poopsie Slime Surprise",
                "/browse/toys/poopsie-slime-surprise/4171_645779_2165088_2754766"
            ],
            [
                "LOL Surprise Dolls",
                "/browse/toys/lol-surprise-dolls/4171_4187_2618388_5940516"
            ],
            [
                "Toys for Kids 12 Years & Up",
                "/browse/toys/toys-for-kids-12-years-up/4171_3318550_1077724_6922509"
            ],
            [
                "Toys for Kids 8 to 11 Years",
                "/browse/toys/toys-for-kids-8-to-11-years/4171_3318550_617942_8104028"
            ],
            [
                "Unicorn Slime",
                "/browse/toys/unicorn-slime/4171_645779_2165088_8803674"
            ],
            [
                "Toys for Kids 5 to 7 Years",
                "/browse/toys/toys-for-kids-5-to-7-years/4171_3318550_617941_8920388"
            ],
            [
                "Pre-Made Slime Shop",
                "/browse/toys/pre-made-slime-shop/4171_645779_2165088_9237203"
            ]
        ]
    },
    {
        "title": "Polly Pocket Pollyville Snow Cabin Compact, Micro Doll & Accessories",
        "url": "https://www.walmart.com/ip/Polly-Pocket-Pollyville-Snow-Cabin-Compact-Micro-Doll-Accessories/510267602",
        "price": "$4.97",
        "stars": "4.4",
        "ratings": "20 ",
        "img": "i5.walmartimages.com/asr/e54ee9f0-0f4c-4370-84e6-1c3161b1fc74.b14136006ff16309fa0a70d42ca4fdc2.jpeg?odnWidth=612&odnHeight=612&odnBg=ffffff",
        "tags": [
            [
                "Trains & Train Sets",
                "/browse/toys/trains-train-sets/4171_1111647_132912"
            ],
            [
                "Polly Pocket Pollyville",
                "/browse/toys/polly-pocket-pollyville/4171_4187_4668261_1916886"
            ],
            [
                "Thomas the Train Toys",
                "/browse/toys/thomas-the-train-toys/4171_7357538_3360147_1985125"
            ],
            [
                "Polly Pocket Compacts",
                "/browse/toys/polly-pocket-compacts/4171_4187_4668261_2304147"
            ],
            [
                "Dolls & Dollhouses",
                "/browse/toys/dolls-dollhouses/4171_4187_4800686"
            ],
            [
                "Playsets",
                "/browse/toys/playsets/4171_4187_4668261_5230467"
            ],
            [
                "Polly Pocket",
                "/browse/toys/polly-pocket/4171_4187_4668261_9218664"
            ],
            [
                "Thomas the Train Sets",
                "/browse/toys/thomas-the-train-sets/4171_1111647_9267308"
            ]
        ]
    },
    {
        "title": "Disney Baby Peek-A-Boo Plush, Mickey Mouse, Ages 0+",
        "url": "https://www.walmart.com/ip/Disney-Baby-Peek-A-Boo-Plush-Mickey-Mouse-Ages-0/859031735",
        "price": "$26.92",
        "stars": "4.1",
        "ratings": "33 ",
        "img": "i5.walmartimages.com/asr/a82c53db-dc69-40a5-9c49-11d8f60ddbcf.8782b7f86f33d79d784bbe4e3a469b82.jpeg?odnWidth=612&odnHeight=612&odnBg=ffffff",
        "tags": [
            [
                "2 to 4 Years",
                "/browse/toys/2-to-4-years/4171_2724815_2170514"
            ],
            [
                "All Minnie Mouse Toys",
                "/browse/toys/all-minnie-mouse-toys/4171_7357538_8112673_2768272"
            ],
            [
                "8 to 11 Years",
                "/browse/toys/8-to-11-years/4171_2724815_3925001"
            ],
            [
                "Stuffed Animals for Girls",
                "/browse/toys/stuffed-animals-for-girls/4171_2724815_3975865"
            ],
            [
                "Minnie Mouse Stuffed Animals",
                "/browse/toys/minnie-mouse-stuffed-animals/4171_2724815_6774273"
            ],
            [
                "Mickey Mouse Stuffed Animals",
                "/browse/toys/mickey-mouse-stuffed-animals/4171_2724815_8646250"
            ],
            [
                "5 to 7 Years",
                "/browse/toys/5-to-7-years/4171_2724815_9191313"
            ],
            [
                "Stuffed Animals for Boys",
                "/browse/toys/stuffed-animals-for-boys/4171_2724815_9211121"
            ]
        ]
    },
    {
        "title": "Pots N Pan Set",
        "url": "https://www.walmart.com/ip/Pots-N-Pan-Set/12718623",
        "price": "$21.99",
        "stars": "4.5",
        "ratings": "76 ",
        "img": "",
        "tags": [
            [
                "Cooking & Baking Toys",
                "/browse/toys/cooking-baking-toys/4171_4173_133079"
            ],
            [
                "Play Kitchens",
                "/browse/toys/play-kitchens/4171_4173_3287807_1570966"
            ],
            [
                "Pretend Play Toys for Boys",
                "/browse/toys/pretend-play-toys-for-boys/4171_4173_3613401"
            ],
            [
                "Fisher Price Pretend Play",
                "/browse/toys/fisher-price-pretend-play/4171_4173_7354985"
            ],
            [
                "Play Food",
                "/browse/toys/play-food/4171_4173_3287807_133035_7695360"
            ],
            [
                "Toy Cookware Sets",
                "/browse/toys/toy-cookware-sets/4171_4173_3287807_133035_9245368"
            ]
        ]
    },
    {
        "title": "Frozen 2 Sing Along Microphone",
        "url": "https://www.walmart.com/ip/Frozen-2-Sing-Along-Microphone/185484053",
        "price": "$9.97",
        "stars": "3.9",
        "ratings": "16 ",
        "img": "i5.walmartimages.com/asr/e9ad0a9b-610e-428e-810f-bbeba9ba8128_1.33a6f3b47d7635d80a118abbd5f25f2a.jpeg?odnWidth=612&odnHeight=612&odnBg=ffffff",
        "tags": [
            [
                "Kids Instruments",
                "/browse/toys/kids-instruments/4171_4173_1143273"
            ],
            [
                "Frozen Karaoke Machines & Kids Instruments",
                "/browse/toys/frozen-karaoke-machines-kids-instruments/4171_7357538_6091150_1779539"
            ],
            [
                "Frozen Dolls & Dollhouses",
                "/browse/toys/frozen-dolls-dollhouses/4171_7357538_6091150_1817573"
            ],
            [
                "Frozen Dolls",
                "/browse/toys/frozen-dolls/4171_4187_8051423_2062169"
            ],
            [
                "All Trolls Toys",
                "/browse/toys/all-trolls-toys/4171_7357538_9587579_3802039"
            ],
            [
                "All Frozen Toys",
                "/browse/toys/all-frozen-toys/4171_7357538_6091150_4557348"
            ],
            [
                "Kids Musical Instruments",
                "/browse/toys/kids-musical-instruments/4171_4173_3426779_7166990"
            ]
        ]
    },
    {
        "title": "VTech Zoo Jamz Piano Zebra 4-in-1 Instrument With Microphone",
        "url": "https://www.walmart.com/ip/VTech-Zoo-Jamz-Piano-Zebra-4-in-1-Instrument-With-Microphone/158336552",
        "price": "$24.88",
        "stars": "4.5",
        "ratings": "53 ",
        "img": "i5.walmartimages.com/asr/56320530-0067-4f2f-9680-2c0d6e51dd9e_1.80840bc276c128e40c18cd1289a99299.jpeg?odnWidth=612&odnHeight=612&odnBg=ffffff",
        "tags": [
            [
                "Ages 0-12 months",
                "/browse/baby/ages-0-12-months/5427_491351_1081264"
            ],
            [
                "Ages 12-24 months",
                "/browse/baby/ages-12-24-months/5427_491351_1081284"
            ],
            [
                "Baby and Toddler Music Toys",
                "/browse/baby/baby-toddler-music-toys/5427_491351_164198"
            ],
            [
                "12-18 Month Toys",
                "/browse/baby/12-18-month-toys/5427_491351_2793475"
            ],
            [
                "Baby Toys",
                "/browse/baby/baby-toys/5427_491351_3021491"
            ],
            [
                "Fisher Price Baby Toys",
                "/browse/baby/fisher-price-baby-toys/5427_491351_3913250"
            ],
            [
                "Fisher Price Electronic Baby Toys",
                "/browse/baby/fisher-price-electronic-baby-toys/5427_491351_6845286"
            ],
            [
                "Vtech Baby and Toddler Toys",
                "/browse/baby/vtech-baby-toddler-toys/5427_491351_9427535"
            ]
        ]
    },
    {
        "title": "Barbie Club Chelsea Doll, 6-Inch Blonde With Dinosaur-Themed Look",
        "url": "https://www.walmart.com/ip/Barbie-Club-Chelsea-Doll-6-Inch-Blonde-With-Dinosaur-Themed-Look/341174478",
        "price": "$6.88",
        "stars": "4.8",
        "ratings": "10 ",
        "img": "i5.walmartimages.com/asr/3d30f541-c847-4d6c-85aa-16d7b30d3132_1.ac425d922b97cf0afbc05aa477a9a6da.jpeg?odnWidth=612&odnHeight=612&odnBg=ffffff",
        "tags": [
            [
                "Barbie Careers",
                "/browse/toys/barbie-careers/4171_4187_1953337_8898526_1290769"
            ],
            [
                "Barbie Dreamtopia",
                "/browse/toys/barbie-dreamtopia/4171_4187_1953337_8898526_6507620"
            ],
            [
                "Barbie Sisters, Friends, & Pets",
                "/browse/toys/barbie-sisters-friends-pets/4171_4187_1953337_8898526_6830678"
            ],
            [
                "Fashion Dolls",
                "/browse/toys/fashion-dolls/4171_4187_8051423_7344622"
            ],
            [
                "All Barbie Dolls",
                "/browse/toys/all-barbie-dolls/4171_4187_1953337_8898526_7849876"
            ],
            [
                "Barbie Fashionistas",
                "/browse/toys/barbie-fashionistas/4171_4187_1953337_8898526_7986857"
            ],
            [
                "Barbie Doll Playsets",
                "/browse/toys/barbie-doll-playsets/4171_4187_1953337_8371277"
            ],
            [
                "All Barbie",
                "/browse/toys/all-barbie/4171_4187_1953337_8661247"
            ]
        ]
    },
    {
        "title": "Monopoly Game: Disney Frozen 2 Edition Board Game for Ages 8 and Up",
        "url": "https://www.walmart.com/ip/Monopoly-Game-Disney-Frozen-2-Edition-Board-Game-for-Ages-8-and-Up/235456427",
        "price": "$12.88",
        "stars": "4.8",
        "ratings": "91 ",
        "img": "i5.walmartimages.com/asr/18a192df-7f28-4e31-94e4-358c41b6ceb1_1.8193d697c25d03e6b6b60a8205456903.jpeg?odnWidth=612&odnHeight=612&odnBg=ffffff",
        "tags": [
            [
                "Frozen Dolls & Dollhouses",
                "/browse/toys/frozen-dolls-dollhouses/4171_7357538_6091150_1817573"
            ],
            [
                "Classic Games",
                "/browse/toys/classic-games/4171_4191_2084995"
            ],
            [
                "Family Games",
                "/browse/toys/family-games/4171_4191_2335373_2204878"
            ],
            [
                "Frozen Games & Puzzles",
                "/browse/toys/frozen-games-puzzles/4171_7357538_6091150_3595068"
            ],
            [
                "All Board Games",
                "/browse/toys/all-board-games/4171_4191_133123_4497274"
            ],
            [
                "All Frozen Toys",
                "/browse/toys/all-frozen-toys/4171_7357538_6091150_4557348"
            ],
            [
                "Monopoly",
                "/browse/toys/monopoly/4171_4191_133123_6792970"
            ]
        ]
    },
    {
        "title": "12 Volt Minnie Mouse Mercedes GLS-320 Battery Powered Ride-On",
        "url": "https://www.walmart.com/ip/12-Volt-Minnie-Mouse-Mercedes-GLS-320-Battery-Powered-Ride-On/139212311",
        "price": "$249.00",
        "stars": "3.9",
        "ratings": "60 ",
        "img": "",
        "tags": [
            [
                "Ride Ons for Girls",
                "/browse/toys/ride-ons-for-girls/4171_1228477_3574057_1348260"
            ],
            [
                "All Disney Toys",
                "/browse/toys/all-disney-toys/4171_6909449_1773797"
            ],
            [
                "6V Powered Ride Ons",
                "/browse/toys/6v-powered-ride-ons/4171_133073_6774653_8911690_7715141_1945060"
            ],
            [
                "Housekeeping Toys",
                "/browse/toys/housekeeping-toys/4171_4173_3426779_2728309"
            ],
            [
                "All Powered Ride Ons",
                "/browse/toys/all-powered-ride-ons/4171_133073_6774653_8911690_3288692"
            ],
            [
                "Toddler Girl Toys",
                "/browse/toys/toddler-girl-toys/4171_3318550_8469931_7878434"
            ]
        ]
    }
]