[
    {
        "title": "The Beadery Wonder Loom Kit, Gift for Kids, Includes 600 Rubber Bands",
        "url": "https://www.walmart.com/ip/The-Beadery-Wonder-Loom-Kit-Gift-for-Kids-Includes-600-Rubber-Bands/30652494",
        "price": "$10.89",
        "stars": "4.3",
        "ratings": "296 ",
        "img": "i5.walmartimages.com/asr/19cf0b59-866e-4d85-968e-f4c555e2f68e_1.5e93c6e1602555cc92bcef573323000f.jpeg?odnWidth=612&odnHeight=612&odnBg=ffffff",
        "tags": [
            [
                "Costumes & Dress Up",
                "/browse/toys/costumes-dress-up/4171_4173_164142"
            ],
            [
                "Hair, Nail & Spa Toys",
                "/browse/toys/hair-nail-spa-toys/4171_645779_2990448"
            ],
            [
                "Cool Maker",
                "/browse/toys/cool-maker/4171_645779_3371021"
            ],
            [
                "Quilting & Sewing Kits",
                "/browse/toys/quilting-sewing-kits/4171_645779_6317337"
            ],
            [
                "Toys for Kids 5 to 7 Years",
                "/browse/toys/toys-for-kids-5-to-7-years/4171_3318550_617941_8920388"
            ],
            [
                "Knitting & Weaving Kits",
                "/browse/toys/knitting-weaving-kits/4171_645779_8985243"
            ],
            [
                "Children's Paint and Paint Supplies",
                "/browse/toys/childrens-paint-paint-supplies/4171_645779_9646901"
            ],
            [
                "All Kids Jewelry Making Kits",
                "/browse/toys/all-kids-jewelry-making-kits/4171_645779_9564789_9869340"
            ]
        ]
    },
    {
        "title": "Matesy Toys for 1 2 3 4 Year Old Girls Gifts, Kids Magnetic Drawing Board for Girls Birthday Gifts for 1 2 3 4 Year Old Girls Gifts Age 1-4, Doodle Board Drawing Pad for Toddler Girls Toys",
        "url": "https://www.walmart.com/ip/Matesy-Toys-1-2-3-4-Year-Old-Girls-Gifts-Kids-Magnetic-Drawing-Board-Birthday-Gifts-Age-1-4-Doodle-Pad-Toddler/723912809",
        "price": "$28.09",
        "stars": "1.0",
        "ratings": "1 ",
        "img": "i5.walmartimages.com/asr/bc427d4d-d5c6-4980-bbde-6892d1231cf9.f967b01d0bb0280125d599ca11de79d3.jpeg?odnWidth=612&odnHeight=612&odnBg=ffffff",
        "tags": []
    },
    {
        "title": "The Big Fun Preschool Workbook: Build Skills and Confidence Through Puzzles and Early Learning Activities! (Paperback)",
        "url": "https://www.walmart.com/ip/The-Big-Fun-Preschool-Workbook-Build-Skills-and-Confidence-Through-Puzzles-and-Early-Learning-Activities-Paperback-9781629797625/54975557",
        "price": "$8.29",
        "stars": "4.9",
        "ratings": "17 ",
        "img": "",
        "tags": [
            [
                "Kid Art Easels & Stations",
                "/browse/toys/kid-art-easels-stations/4171_645779_1103012"
            ],
            [
                "Craft Kits",
                "/browse/toys/craft-kits/4171_645779_613040"
            ],
            [
                "Play Dough",
                "/browse/toys/play-dough/4171_645779_9285153_613042"
            ],
            [
                "Magna Doodle",
                "/browse/toys/magna-doodle/4171_645779_6408170_6399778"
            ],
            [
                "Learning Books",
                "/browse/toys/learning-books/4171_56125_645819"
            ],
            [
                "Etch-A-Sketch",
                "/browse/toys/etch-a-sketch/4171_645779_6408170_8550674"
            ],
            [
                "Glue for Slime",
                "/browse/toys/glue-for-slime/4171_645779_2165088_2131853_8604968"
            ],
            [
                "Children's Paint and Paint Supplies",
                "/browse/toys/childrens-paint-paint-supplies/4171_645779_9646901"
            ]
        ]
    },
    {
        "title": "DISCOVERY #MINDBLOWN 2-In-1 Reversible Planetarium Space Projector \u2013 360-Degree Rotation \u2013 Moving Stars Mode and Stationary Viewfinder Mode",
        "url": "https://www.walmart.com/ip/DISCOVERY-MINDBLOWN-2-In-1-Reversible-Planetarium-Space-Projector-360-Degree-Rotation-Moving-Stars-Mode-and-Stationary-Viewfinder-Mode/961392029",
        "price": "$19.97",
        "stars": "4.3",
        "ratings": "11 ",
        "img": "i5.walmartimages.com/asr/b883e145-e8a6-4bb4-a22a-d54f1b482a42.e39257869a5358081162fe58cec43614.jpeg?odnWidth=612&odnHeight=612&odnBg=ffffff",
        "tags": [
            [
                "Learning Playsets",
                "/browse/toys/learning-playsets/4171_56125_1228921"
            ],
            [
                "Leapfrog",
                "/browse/toys/leapfrog/4171_56125_1498437"
            ],
            [
                "VTech Toys",
                "/browse/toys/vtech-toys/4171_3438149_3348821"
            ],
            [
                "Toys for Kids 2 to 4 Years",
                "/browse/toys/toys-for-kids-2-to-4-years/4171_3318550_7016108_4703344"
            ],
            [
                "Fisher-Price Toys",
                "/browse/toys/fisher-price-toys/4171_3438149_6012903"
            ],
            [
                "LeapFrog Learning Toys",
                "/browse/toys/leapfrog-learning-toys/4171_56125_6855455"
            ],
            [
                "Math Toys for Kids",
                "/browse/toys/math-toys-for-kids/4171_1229858_6906869"
            ],
            [
                "Fisher Price Pretend Play",
                "/browse/toys/fisher-price-pretend-play/4171_4173_7354985"
            ]
        ]
    },
    {
        "title": "Crayola Glitter Dots Sparkle Station Craft Kit, Gift for Kids Ages 6+",
        "url": "https://www.walmart.com/ip/Crayola-Glitter-Dots-Sparkle-Station-Craft-Kit-Gift-for-Kids-Ages-6/340957490",
        "price": "$13.80",
        "stars": "3.1",
        "ratings": "27 ",
        "img": "i5.walmartimages.com/asr/9966a3f3-e20d-4f14-8387-b159b006f8a8_1.cfc09f8bb640a953b43e9c42ee548533.jpeg?odnWidth=612&odnHeight=612&odnBg=ffffff",
        "tags": [
            [
                "Hair, Nail & Spa Toys",
                "/browse/toys/hair-nail-spa-toys/4171_645779_2990448"
            ],
            [
                "Frozen Arts & Craft Kits",
                "/browse/toys/frozen-arts-craft-kits/4171_7357538_6091150_5875068"
            ],
            [
                "Drawing & Coloring",
                "/browse/toys/drawing-coloring/4171_645779_613041"
            ],
            [
                "Toys for Kids 8 to 11 Years",
                "/browse/toys/toys-for-kids-8-to-11-years/4171_3318550_617942_8104028"
            ],
            [
                "Toys for Kids 5 to 7 Years",
                "/browse/toys/toys-for-kids-5-to-7-years/4171_3318550_617941_8920388"
            ],
            [
                "Pre-Made Slime Shop",
                "/browse/toys/pre-made-slime-shop/4171_645779_2165088_9237203"
            ],
            [
                "Children's Paint and Paint Supplies",
                "/browse/toys/childrens-paint-paint-supplies/4171_645779_9646901"
            ],
            [
                "All Kids Jewelry Making Kits",
                "/browse/toys/all-kids-jewelry-making-kits/4171_645779_9564789_9869340"
            ]
        ]
    },
    {
        "title": "Crayola Multi-Cultural Colored Pencils, 12-Pencil Set",
        "url": "https://www.walmart.com/ip/Crayola-Multi-Cultural-Colored-Pencils-12-Pencil-Set/20712882",
        "price": "$7.29",
        "stars": "4.2",
        "ratings": "5 ",
        "img": "i5.walmartimages.com/asr/46ba2a33-4229-45be-9fa4-6bff4d1e7e6e_1.13f0a38bb1ac5f57116cf232e19b65ad.jpeg?odnWidth=612&odnHeight=612&odnBg=ffffff",
        "tags": [
            [
                "Washable Markers",
                "/browse/arts-crafts-sewing/washable-markers/1334134_5899871_9862357_1309350"
            ],
            [
                "Prismacolor Colored Pencils",
                "/browse/arts-crafts-sewing/prismacolor-colored-pencils/1334134_5899871_8703361_1847677"
            ],
            [
                "Construction Paper",
                "/browse/arts-crafts-sewing/construction-paper/1334134_6172404_4854691_7730900_2097767"
            ],
            [
                "Faber-Castell Colored Pencils",
                "/browse/arts-crafts-sewing/faber-castell-colored-pencils/1334134_5899871_8703361_2442011"
            ],
            [
                "Watercolor Pencils",
                "/browse/arts-crafts-sewing/watercolor-pencils/1334134_5899871_8703361_2596210"
            ],
            [
                "Classpacks and Bulk Crayons",
                "/browse/arts-crafts-sewing/classpacks-bulk-crayons/1334134_5899871_3074056_4137722"
            ],
            [
                "Shop Markers by Brand",
                "/browse/arts-crafts-sewing/shop-markers-by-brand/1334134_5899871_9862357_4876693"
            ],
            [
                "Colored Pencils",
                "/browse/arts-crafts-sewing/colored-pencils/1334134_5899871_8703361_8762795"
            ]
        ]
    },
    {
        "title": "Play-Doh Mysteries Disney Frozen 2 Snow Globe Playset, 5 Cans (6 oz)",
        "url": "https://www.walmart.com/ip/Play-Doh-Mysteries-Disney-Frozen-2-Snow-Globe-Playset-5-Cans-6-oz/419491213",
        "price": "$14.99",
        "stars": "4.8",
        "ratings": "74 ",
        "img": "",
        "tags": [
            [
                "Frozen Dolls & Dollhouses",
                "/browse/toys/frozen-dolls-dollhouses/4171_7357538_6091150_1817573"
            ],
            [
                "Frozen Dolls",
                "/browse/toys/frozen-dolls/4171_4187_8051423_2062169"
            ],
            [
                "Play-Doh",
                "/browse/toys/play-doh/4171_645779_9285153_2925360"
            ],
            [
                "Play-Doh Kitchen Creations",
                "/browse/toys/play-doh-kitchen-creations/4171_645779_9285153_3576437"
            ],
            [
                "All Frozen Toys",
                "/browse/toys/all-frozen-toys/4171_7357538_6091150_4557348"
            ],
            [
                "Play-Doh Sets",
                "/browse/toys/play-doh-sets/4171_645779_9285153_5291460"
            ],
            [
                "Play Dough",
                "/browse/toys/play-dough/4171_645779_9285153_613042"
            ],
            [
                "Play-Doh Compound",
                "/browse/toys/play-doh-compound/4171_645779_9285153_9262776"
            ]
        ]
    },
    {
        "title": "Cra-Z-Art Be Inspired Rainbow Water Bead Lava Lamp",
        "url": "https://www.walmart.com/ip/Cra-Z-Art-Be-Inspired-Rainbow-Water-Bead-Lava-Lamp/440673716",
        "price": "$14.97",
        "stars": "4.3",
        "ratings": "3 ",
        "img": "i5.walmartimages.com/asr/82115c17-af81-4828-b6f2-95549c375333_1.a419189a3f8fddb4e50fd674fc77759f.jpeg?odnWidth=612&odnHeight=612&odnBg=ffffff",
        "tags": [
            [
                "Cooking & Baking Toys",
                "/browse/toys/cooking-baking-toys/4171_4173_133079"
            ],
            [
                "Costumes & Dress Up",
                "/browse/toys/costumes-dress-up/4171_4173_164142"
            ],
            [
                "Hair, Nail & Spa Toys",
                "/browse/toys/hair-nail-spa-toys/4171_645779_2990448"
            ],
            [
                "Be Inspired Craft Kits",
                "/browse/toys/be-inspired-craft-kits/4171_3438149_1393249_3984835"
            ],
            [
                "Quilting & Sewing Kits",
                "/browse/toys/quilting-sewing-kits/4171_645779_6317337"
            ],
            [
                "Art Supplies",
                "/browse/toys/art-supplies/4171_3438149_1393249_7820276"
            ],
            [
                "Toys for Kids 8 to 11 Years",
                "/browse/toys/toys-for-kids-8-to-11-years/4171_3318550_617942_8104028"
            ],
            [
                "Toys for Kids 5 to 7 Years",
                "/browse/toys/toys-for-kids-5-to-7-years/4171_3318550_617941_8920388"
            ]
        ]
    },
    {
        "title": "Shut Up & Colour This Shit : A Swear Word Adult Colouring Book",
        "url": "https://www.walmart.com/ip/Shut-Up-Colour-This-Shit-A-Swear-Word-Adult-Colouring-Book-9781912325030/908331269",
        "price": "$6.99",
        "stars": "4.3",
        "ratings": "18 ",
        "img": "",
        "tags": [
            [
                "Plants & Animals Art Books",
                "/browse/books/plants-animals-art-books/3920_582321_6907922_9682242_1331853"
            ],
            [
                "Prayer & Spiritual",
                "/browse/books/prayer-spiritual/3920_1987289_5383544_5924535_3805088"
            ],
            [
                "Mindfulness & Meditation",
                "/browse/books/mindfulness-meditation/3920_1987289_5383544_6429422"
            ],
            [
                "Papercrafts Crafts & Hobbies Books",
                "/browse/books/papercrafts-crafts-hobbies-books/3920_582361_7691206"
            ],
            [
                "Drawing Books",
                "/browse/books/drawing-books/3920_582321_6907922_9561236_8554153"
            ],
            [
                "General Language Arts & Disciplines Books",
                "/browse/books/general-language-arts-disciplines-books/3920_8818538_9489281"
            ],
            [
                "Coloring Books",
                "/browse/books/coloring-books/3920_582321_6907922_9561236_9744706"
            ],
            [
                "General Crafts & Hobbies Books",
                "/browse/books/general-crafts-hobbies-books/3920_582361_9762077"
            ]
        ]
    },
    {
        "title": "Pacon Multi-Cultural Construction Paper, 9\" x 12\"",
        "url": "https://www.walmart.com/ip/Pacon-Multi-Cultural-Construction-Paper-9-x-12/22855722",
        "price": "$2.32",
        "stars": "5.0",
        "ratings": "1 ",
        "img": "i5.walmartimages.com/asr/0c85a192-a1e6-4b16-b17b-f9141ab32bac_1.9a7ec4f4862a06de41a9800b6dd6da03.jpeg?odnWidth=612&odnHeight=612&odnBg=ffffff",
        "tags": [
            [
                "Washable Markers",
                "/browse/arts-crafts-sewing/washable-markers/1334134_5899871_9862357_1309350"
            ],
            [
                "All Art Paper",
                "/browse/arts-crafts-sewing/all-art-paper/1334134_5899871_9677556_3514948"
            ],
            [
                "Tempera Paints",
                "/browse/arts-crafts-sewing/tempera-paints/1334134_5899871_7445675_5577403_3640794"
            ],
            [
                "Shop Markers by Brand",
                "/browse/arts-crafts-sewing/shop-markers-by-brand/1334134_5899871_9862357_4876693"
            ],
            [
                "Art Sketchbooks and Paper",
                "/browse/arts-crafts-sewing/art-sketchbooks-paper/1334134_5899871_1350721_5138397"
            ],
            [
                "Art Pencils",
                "/browse/arts-crafts-sewing/art-pencils/1334134_5899871_8703361_5658522"
            ],
            [
                "Water colors",
                "/browse/arts-crafts-sewing/water-colors/1334134_5899871_7445675_5577403_6107122"
            ],
            [
                "Colored Pencils",
                "/browse/arts-crafts-sewing/colored-pencils/1334134_5899871_8703361_8762795"
            ]
        ]
    },
    {
        "title": "SunWorks, PAC6517, Construction Paper, 50 / Pack, Assorted",
        "url": "https://www.walmart.com/ip/SunWorks-PAC6517-Construction-Paper-50-Pack-Assorted/19675658",
        "price": "$9.19",
        "stars": "4.4",
        "ratings": "7 ",
        "img": "i5.walmartimages.com/asr/cbf46421-351d-48d1-8800-ecbd1ba8331a_1.1f095cfdd91d70ea3cfa4712b6d99a98.jpeg?odnWidth=612&odnHeight=612&odnBg=ffffff",
        "tags": [
            [
                "Washable Markers",
                "/browse/arts-crafts-sewing/washable-markers/1334134_5899871_9862357_1309350"
            ],
            [
                "All Art Paper",
                "/browse/arts-crafts-sewing/all-art-paper/1334134_5899871_9677556_3514948"
            ],
            [
                "Tempera Paints",
                "/browse/arts-crafts-sewing/tempera-paints/1334134_5899871_7445675_5577403_3640794"
            ],
            [
                "Shop Markers by Brand",
                "/browse/arts-crafts-sewing/shop-markers-by-brand/1334134_5899871_9862357_4876693"
            ],
            [
                "Art Sketchbooks and Paper",
                "/browse/arts-crafts-sewing/art-sketchbooks-paper/1334134_5899871_1350721_5138397"
            ],
            [
                "All Art Paint",
                "/browse/arts-crafts-sewing/all-art-paint/1334134_5899871_7445675_5577403_6697748"
            ],
            [
                "Drawing Paper",
                "/browse/arts-crafts-sewing/drawing-paper/1334134_5899871_9677556_9414248"
            ],
            [
                "Pom Poms",
                "/browse/arts-crafts-sewing/pom-poms/1334134_6172404_8479577_6432282_9892964"
            ]
        ]
    }
]