[
    {
        "title": "Funko POP! Television: Stranger Things - Hopper w/Flashlight",
        "url": "https://www.walmart.com/ip/Funko-POP-Television-Stranger-Things-Hopper-w-Flashlight/779470416",
        "price": "$8.78",
        "stars": "4.5",
        "ratings": "2 ",
        "img": "i5.walmartimages.com/asr/6d23ee3b-41e5-443f-a9fe-4f6eae4d990a_1.23021accbe816608e654932c5e1974e4.png?odnWidth=612&odnHeight=612&odnBg=ffffff",
        "tags": [
            [
                "Bobble Heads",
                "/browse/toys/bobble-heads/4171_4172_1224720"
            ],
            [
                "Toys for Babies 0 to 12 Months",
                "/browse/toys/toys-for-babies-0-to-12-months/4171_3318550_8469931_2442095"
            ],
            [
                "Ghostbusters Toys",
                "/browse/toys/ghostbusters-toys/4171_2065565_4138884"
            ],
            [
                "Stranger Things All Toys",
                "/browse/toys/stranger-things-all-toys/4171_7357538_3543750_6612531"
            ],
            [
                "Stranger Things Funko Pop",
                "/browse/toys/stranger-things-funko-pop/4171_7357538_3543750_7970893"
            ],
            [
                "Ghostbusters Funko Pop",
                "/browse/toys/ghostbusters-funko-pop/4171_4172_4294413_8067079"
            ],
            [
                "Funko 5 Star",
                "/browse/toys/funko-5-star/4171_4172_4294413_9555043"
            ],
            [
                "Funko Pop TV",
                "/browse/toys/funko-pop-tv/4171_4172_4294413_9626096"
            ]
        ]
    },
    {
        "title": "Monchhichi Mother Care with Baby Pink7.87 tall By Schylling",
        "url": "https://www.walmart.com/ip/Monchhichi-Mother-Care-with-Baby-Pink7-87-tall-By-Schylling/187127208",
        "price": "$35.59",
        "stars": 0,
        "ratings": 0,
        "img": "i5.walmartimages.com/asr/7b2d0992-3111-4b97-9956-a905e1d17104_1.5baf47a48dda81f7447331f46b24930a.jpeg?odnWidth=612&odnHeight=612&odnBg=ffffff",
        "tags": []
    },
    {
        "title": "Back to the Future Funko POP! Movies Dr. Emmet Brown Vinyl Figure [Time Travel]",
        "url": "https://www.walmart.com/ip/Back-to-the-Future-Funko-POP-Movies-Dr-Emmet-Brown-Vinyl-Figure-Time-Travel/52080432",
        "price": "$30.33",
        "stars": 0,
        "ratings": 0,
        "img": "",
        "tags": [
            [
                "Bobble Heads",
                "/browse/toys/bobble-heads/4171_4172_1224720"
            ],
            [
                "Collectible Dolls",
                "/browse/toys/collectible-dolls/4171_4187_6904958_132911"
            ],
            [
                "Funko Pop Movies",
                "/browse/toys/funko-pop-movies/4171_4172_4294413_1742485"
            ],
            [
                "Walmart Exclusive Funko Pop",
                "/browse/toys/walmart-exclusive-funko-pop/4171_4172_4294413_2884519"
            ],
            [
                "Back to the Future Funko Pop",
                "/browse/toys/back-to-the-future-funko-pop/4171_4172_4294413_3066981"
            ],
            [
                "Funko Pop Rocks",
                "/browse/toys/funko-pop-rocks/4171_4172_4294413_5788286"
            ],
            [
                "Queen Funko Pop",
                "/browse/toys/queen-funko-pop/4171_4172_4294413_9206698"
            ],
            [
                "Funko Pop TV",
                "/browse/toys/funko-pop-tv/4171_4172_4294413_9626096"
            ]
        ]
    },
    {
        "title": "GI Joe Cobra 3-3/4\" Action Figure Waist Band Replacement O-rings - Premium",
        "url": "https://www.walmart.com/ip/GI-Joe-Cobra-3-3-4-Action-Figure-Waist-Band-Replacement-O-rings-Premium/795851330",
        "price": "$15.25",
        "stars": 0,
        "ratings": 0,
        "img": "",
        "tags": [
            [
                "Action Figure Vehicles",
                "/browse/toys/action-figure-vehicles/4171_4172_1230589"
            ],
            [
                "All Collectible Figures",
                "/browse/toys/all-collectible-figures/4171_2229239_1231181"
            ],
            [
                "Shop All Wonder Woman Toys",
                "/browse/toys/shop-all-wonder-woman-toys/4171_7357538_7930256_4751440"
            ],
            [
                "Kotobukiya",
                "/browse/toys/kotobukiya/4171_2229239_8665809_6078004"
            ],
            [
                "Wonder Woman Dolls",
                "/browse/toys/wonder-woman-dolls/4171_4187_7383490"
            ],
            [
                "G.I. Joe Action Figures",
                "/browse/toys/gi-joe-action-figures/4171_4172_7832066"
            ],
            [
                "Star Wars The Black Series",
                "/browse/toys/star-wars-the-black-series/4171_4172_7913525"
            ],
            [
                "Toys for age  2-4  boys",
                "/browse/toys/toys-for-age-2-4-boys/4171_3318550_7016108_8955316"
            ]
        ]
    },
    {
        "title": "Playskool Heroes Transformers Rescue Bots Fireplug",
        "url": "https://www.walmart.com/ip/Playskool-Heroes-Transformers-Rescue-Bots-Fireplug/514844064",
        "price": "$4.99",
        "stars": "4.0",
        "ratings": "3 ",
        "img": "",
        "tags": [
            [
                "Transformers Megatron Action Figures",
                "/browse/toys/transformers-megatron-action-figures/4171_4172_1261291"
            ],
            [
                "Transformers Bumblebee Action Figures",
                "/browse/toys/transformers-bumblebee-action-figures/4171_4172_2378689"
            ],
            [
                "Transformers Action Figures",
                "/browse/toys/transformers-action-figures/4171_7357538_2510286"
            ],
            [
                "Transformers Toys",
                "/browse/toys/transformers-toys/4171_4172_2616268"
            ],
            [
                "All Preschool Action Figures & Playsets",
                "/browse/toys/all-preschool-action-figures-playsets/4171_4172_1574302_2852038"
            ],
            [
                "Playskool",
                "/browse/toys/playskool/4171_4172_1574302_5163095"
            ],
            [
                "Transformers Optimus Prime Action Figures",
                "/browse/toys/transformers-optimus-prime-action-figures/4171_4172_5297444"
            ],
            [
                "Transformers Bumblebee Cyberverse Adventure Action Figures",
                "/browse/toys/transformers-bumblebee-cyberverse-adventure-action-figures/4171_4172_7857064"
            ]
        ]
    },
    {
        "title": "Razor Jetts Purple- Easy Open Packaging",
        "url": "https://www.walmart.com/ip/Razor-Jetts-Purple-Easy-Open-Packaging/422813005",
        "price": "$29.97",
        "stars": "4.1",
        "ratings": "48 ",
        "img": "i5.walmartimages.com/asr/0741627b-37f9-4f30-a3d5-7ecf039ede05.8cc92e0b5e0bde243a25dbb95ea311da.jpeg?odnWidth=612&odnHeight=612&odnBg=ffffff",
        "tags": []
    },
    {
        "title": "Epic Pink Zebra Premium Skate Bag",
        "url": "https://www.walmart.com/ip/Epic-Pink-Zebra-Premium-Skate-Bag/56246005",
        "price": "$25.11",
        "stars": "3.0",
        "ratings": "1 ",
        "img": "i5.walmartimages.com/asr/d067dec3-1e97-4e69-bcab-69196ceb42ed_1.2ce0c47960800b9f771042c2397bc2e5.jpeg?odnWidth=612&odnHeight=612&odnBg=ffffff",
        "tags": [
            [
                "Sports & Duffel Bags",
                "/browse/sports-outdoors/sports-duffel-bags/4125_4161_1043958"
            ],
            [
                "Golf Balls",
                "/browse/sports-outdoors/golf-balls/4125_4161_4152_5208"
            ],
            [
                "Bike Pads",
                "/browse/sports-outdoors/bike-pads/4125_1081404_7258752_5248669"
            ],
            [
                "Skate Wheels",
                "/browse/sports-outdoors/skate-wheels/4125_1224931_7628560_8241867_5339242"
            ],
            [
                "Skateboard Parts",
                "/browse/sports-outdoors/skateboard-parts/4125_1224931_7628560_3297420_5930613"
            ],
            [
                "Bike Helmets",
                "/browse/sports-outdoors/bike-helmets/4125_1081404_7258752_6249551"
            ],
            [
                "Inline Skates",
                "/browse/sports-outdoors/inline-skates/4125_1224931_7628560_8241867_8914833"
            ],
            [
                "Skateboard Helmets",
                "/browse/sports-outdoors/skateboard-helmets/4125_1224931_7628560_3297420_9909579"
            ]
        ]
    },
    {
        "title": "IllumiPeg Fairy Tale refill templates for Lite Brite Magic Screen Retro Style (12 sheets, 6x8)",
        "url": "https://www.walmart.com/ip/IllumiPeg-Fairy-Tale-refill-templates-for-Lite-Brite-Magic-Screen-Retro-Style-12-sheets-6x8/142319169",
        "price": "$8.99",
        "stars": 0,
        "ratings": 0,
        "img": "i5.walmartimages.com/asr/6a8f2740-2c9c-4c23-a8ee-66d712a01348_1.35bd9474ce5296415e658094ed989f78.png?odnWidth=612&odnHeight=612&odnBg=ffffff",
        "tags": [
            [
                "Teens' Lamps & Lighting",
                "/browse/home/teens-lamps-lighting/4044_1156136_1156152_1156153"
            ],
            [
                "Shop All Kids' Decor",
                "/browse/home/shop-all-kids-decor/4044_1154295_1156072_2546143"
            ],
            [
                "Kids' Lamps & Lights",
                "/browse/home/kids-lamps-lights/4044_1154295_1156072_3933938"
            ],
            [
                "Kids' Night Lights",
                "/browse/home/kids-night-lights/4044_1154295_1156072_4846563"
            ],
            [
                "Shop All Novelty Lights",
                "/browse/home/shop-all-novelty-lights/4044_133012_133113_8132195_4953307"
            ],
            [
                "Night Lights",
                "/browse/home/night-lights/4044_133012_133113_5290384"
            ],
            [
                "Drew Barrymore Flower Home Gifting",
                "/browse/home/drew-barrymore-flower-home-gifting/4044_1225301_8106496_5301860"
            ],
            [
                "Princess Decor",
                "/browse/home/princess-decor/4044_133012_8509897"
            ]
        ]
    },
    {
        "title": "Transformers: Bumblebee -- Titan Changers Bumblebee",
        "url": "https://www.walmart.com/ip/Transformers-Bumblebee-Titan-Changers-Bumblebee/572562462",
        "price": "$24.50",
        "stars": "3.1",
        "ratings": "7 ",
        "img": "i5.walmartimages.com/asr/ac30704e-bcdc-483b-913d-2adf011ea2a8_1.26b4e404ab5a954e0602f2a3fb316679.jpeg?odnWidth=612&odnHeight=612&odnBg=ffffff",
        "tags": [
            [
                "Transformers Bumblebee Action Figures",
                "/browse/toys/transformers-bumblebee-action-figures/4171_4172_2378689"
            ],
            [
                "Transformers Action Figures",
                "/browse/toys/transformers-action-figures/4171_7357538_2510286"
            ],
            [
                "Transformers Toys",
                "/browse/toys/transformers-toys/4171_4172_2616268"
            ],
            [
                "Playskool",
                "/browse/toys/playskool/4171_4172_1574302_5163095"
            ],
            [
                "Transformers Optimus Prime Action Figures",
                "/browse/toys/transformers-optimus-prime-action-figures/4171_4172_5297444"
            ],
            [
                "Transformers Studio Series",
                "/browse/toys/transformers-studio-series/4171_4172_5647346"
            ],
            [
                "Transformers Bumblebee Cyberverse Adventure Action Figures",
                "/browse/toys/transformers-bumblebee-cyberverse-adventure-action-figures/4171_4172_7857064"
            ],
            [
                "Playskool Transformers",
                "/browse/toys/playskool-transformers/4171_4172_1574302_9342581"
            ]
        ]
    },
    {
        "title": "Fisher Price Little People Big Helper Family Figures - Dad, Mom and Baby (Hispanic)",
        "url": "https://www.walmart.com/ip/Fisher-Price-Little-People-Big-Helper-Family-Figures-Dad-Mom-and-Baby-Hispanic/106489905",
        "price": "$19.99",
        "stars": 0,
        "ratings": 0,
        "img": "i5.walmartimages.com/asr/a2e6c44f-b594-459b-9fc9-014b1666e12d_1.9854fa1be33ba0a7e13c2a0c494cd03a.jpeg?odnWidth=612&odnHeight=612&odnBg=ffffff",
        "tags": [
            [
                "Dollhouses & Play Sets",
                "/browse/toys/dollhouses-play-sets/4171_4187_133126"
            ],
            [
                "All Action Figures",
                "/browse/toys/all-action-figures/4171_4172_133130"
            ],
            [
                "All Vehicles",
                "/browse/toys/all-vehicles/4171_1111647_2819545"
            ],
            [
                "All Preschool Action Figures & Playsets",
                "/browse/toys/all-preschool-action-figures-playsets/4171_4172_1574302_2852038"
            ],
            [
                "Playsets",
                "/browse/toys/playsets/4171_4187_4668261_5230467"
            ],
            [
                "All Play Vehicles",
                "/browse/toys/all-play-vehicles/4171_1111647_132910_5519114"
            ],
            [
                "Fisher-Price Toys",
                "/browse/toys/fisher-price-toys/4171_3438149_6012903"
            ],
            [
                "Play Vehicles by Price",
                "/browse/toys/play-vehicles-by-price/4171_1111647_132910_9814941"
            ]
        ]
    }
]