[
    {
        "title": "Sound Innovations Book 1 - Trumpet",
        "url": "https://www.walmart.com/ip/Sound-Innovations-Book-1-Trumpet/19329407",
        "price": "$11.43",
        "stars": 0,
        "ratings": 0,
        "img": "",
        "tags": [
            [
                "Guitar Accessories",
                "/browse/musical-instruments/guitar-accessories/7796869_6171829_6548527_1074445"
            ],
            [
                "All Brass Instruments",
                "/browse/musical-instruments/all-brass-instruments/7796869_3983498_6165534_1133472"
            ],
            [
                "Sheet Music Stands",
                "/browse/musical-instruments/sheet-music-stands/7796869_6171829_8289180_2461226"
            ],
            [
                "Woodwind Instrument Reeds",
                "/browse/musical-instruments/woodwind-instrument-reeds/7796869_6171829_3641090_2667222"
            ],
            [
                "Capos",
                "/browse/musical-instruments/capos/7796869_6171829_6548527_3960077"
            ],
            [
                "Clarinet Reeds",
                "/browse/musical-instruments/clarinet-reeds/7796869_6171829_3641090_4102470"
            ],
            [
                "Acoustic Dampers",
                "/browse/musical-instruments/acoustic-dampers/7796869_1097690_4775467"
            ],
            [
                "Foam Tiles",
                "/browse/musical-instruments/foam-tiles/7796869_3348689_8429891"
            ]
        ]
    },
    {
        "title": "Peavey Milestone Black Electric 4 String Bass Guitar 34\" Scale Dual Pickups - Factory Certified Refurbished",
        "url": "https://www.walmart.com/ip/Peavey-Milestone-Black-Electric-4-String-Bass-Guitar-34-Scale-Dual-Pickups-Factory-Certified-Refurbished/870595514",
        "price": "$169.99",
        "stars": 0,
        "ratings": 0,
        "img": "i5.walmartimages.com/asr/94e12646-d445-43a3-8ebb-40896cb99491_1.99bcc57d97435db13b7988b84d137b32.jpeg?odnWidth=612&odnHeight=612&odnBg=ffffff",
        "tags": [
            [
                "Guitar Value Packs",
                "/browse/musical-instruments/guitar-value-packs/7796869_1097870_1398895"
            ],
            [
                "Advanced Electric Bass Guitars",
                "/browse/musical-instruments/advanced-electric-bass-guitars/7796869_6789055_8828380_7536912_1463735"
            ],
            [
                "Fender Guitars",
                "/browse/musical-instruments/fender-guitars/7796869_1097870_8818856_1640642"
            ],
            [
                "Squier",
                "/browse/musical-instruments/squier/7796869_3861023_4415417"
            ],
            [
                "Kids Electric Bass guitars",
                "/browse/musical-instruments/kids-electric-bass-guitars/7796869_6789055_4839538_7416933_4887808"
            ],
            [
                "Fender",
                "/browse/musical-instruments/fender/7796869_3861023_6460256"
            ],
            [
                "Beginner Electric Bass Guitars",
                "/browse/musical-instruments/beginner-electric-bass-guitars/7796869_6789055_6387230_8078877_9500281"
            ],
            [
                "Squier Guitars",
                "/browse/musical-instruments/squier-guitars/7796869_1097870_8818856_9821014"
            ]
        ]
    },
    {
        "title": "We Sing: Microphone Pack - 1 Microphone - Nintendo Wii",
        "url": "https://www.walmart.com/ip/We-Sing-Microphone-Pack-1-Microphone-Nintendo-Wii/840938127",
        "price": "$19.99",
        "stars": 0,
        "ratings": 0,
        "img": "i5.walmartimages.com/asr/ddedf1a1-02d3-40ce-97bd-2f823fdb3e18_1.b354f7aee61f5a7527767a7e2a4510e3.jpeg?odnWidth=612&odnHeight=612&odnBg=ffffff",
        "tags": [
            [
                "All Karaoke Machines",
                "/browse/musical-instruments/all-karaoke-machines/7796869_6745708_106984"
            ],
            [
                "The Singing Machine Microphones",
                "/browse/musical-instruments/the-singing-machine-microphones/7796869_3861023_5419535_3711375"
            ],
            [
                "Dynamic Microphones",
                "/browse/musical-instruments/dynamic-microphones/7796869_3348689_133194_3930897"
            ],
            [
                "Podcasting Bundles",
                "/browse/musical-instruments/podcasting-bundles/7796869_3348689_133194_6485637"
            ],
            [
                "Karaoke Machine Accessories",
                "/browse/musical-instruments/karaoke-machine-accessories/7796869_6745708_6264579_7488727"
            ],
            [
                "Wireless Microphones",
                "/browse/musical-instruments/wireless-microphones/7796869_3348689_133194_8249540"
            ]
        ]
    },
    {
        "title": "Ultimate Support GS-1000 Pro Guitar Stand",
        "url": "https://www.walmart.com/ip/Ultimate-Support-GS-1000-Pro-Guitar-Stand/48847589",
        "price": "$47.77",
        "stars": 0,
        "ratings": 0,
        "img": "i5.walmartimages.com/asr/02c32e80-7598-4019-8878-5b8d76bd3601_1.d9cd2005b32a0130ea3238a1bba3d959.jpeg?odnWidth=612&odnHeight=612&odnBg=ffffff",
        "tags": [
            [
                "Guitar Accessories",
                "/browse/musical-instruments/guitar-accessories/7796869_6171829_6548527_1074445"
            ],
            [
                "Musical Instrument Covers",
                "/browse/musical-instruments/musical-instrument-covers/7796869_6171829_5531649_1565288"
            ],
            [
                "Ukulele Accessories",
                "/browse/musical-instruments/ukulele-accessories/7796869_2737509_6674420_6198044"
            ],
            [
                "Tuners",
                "/browse/musical-instruments/tuners/7796869_6171829_6529715"
            ]
        ]
    },
    {
        "title": "Elixir 12102 Medium NanoWeb Electric Guitar Strings (11-49)",
        "url": "https://www.walmart.com/ip/Elixir-12102-Medium-NanoWeb-Electric-Guitar-Strings-11-49/23988175",
        "price": "$11.99",
        "stars": 0,
        "ratings": 0,
        "img": "",
        "tags": [
            [
                "Acoustic Guitar Strings",
                "/browse/musical-instruments/acoustic-guitar-strings/7796869_6171829_6548527_1819793_2056913"
            ],
            [
                "Elixir Strings",
                "/browse/musical-instruments/elixir-strings/7796869_3861023_4177196"
            ],
            [
                "D'Addario",
                "/browse/musical-instruments/daddario/7796869_3861023_5277933"
            ],
            [
                "Ernie Ball",
                "/browse/musical-instruments/ernie-ball/7796869_3861023_5708336"
            ],
            [
                "Electric Guitar Strings",
                "/browse/musical-instruments/electric-guitar-strings/7796869_6171829_6548527_1819793_8605147"
            ],
            [
                "Instrument Strings",
                "/browse/musical-instruments/instrument-strings/7796869_6171829_2128409_9702093"
            ]
        ]
    },
    {
        "title": "Cool Juratex Jazz Guitar Picks 8 Pack (1.5mm)",
        "url": "https://www.walmart.com/ip/Cool-Juratex-Jazz-Guitar-Picks-8-Pack-1-5mm/322846811",
        "price": "$8.00",
        "stars": 0,
        "ratings": 0,
        "img": "i5.walmartimages.com/asr/698e5e9e-07bc-49c7-ad46-de409bfb75a2_1.739e52a7607f33d4d96b1a1a3849c2d7.jpeg?odnWidth=612&odnHeight=612&odnBg=ffffff",
        "tags": [
            [
                "Musical Instrument Covers",
                "/browse/musical-instruments/musical-instrument-covers/7796869_6171829_5531649_1565288"
            ],
            [
                "Acoustic Guitar Strings",
                "/browse/musical-instruments/acoustic-guitar-strings/7796869_6171829_6548527_1819793_2056913"
            ],
            [
                "D'Addario",
                "/browse/musical-instruments/daddario/7796869_3861023_5277933"
            ],
            [
                "Ernie Ball",
                "/browse/musical-instruments/ernie-ball/7796869_3861023_5708336"
            ],
            [
                "Instrument Strings",
                "/browse/musical-instruments/instrument-strings/7796869_6171829_2128409_9702093"
            ]
        ]
    },
    {
        "title": "Thomastik Dominant 4/4 Size Violin Strings 4/4 Wound E String, Ball End",
        "url": "https://www.walmart.com/ip/Thomastik-Dominant-4-4-Size-Violin-Strings-4-4-Wound-E-String-Ball-End/25173550",
        "price": "$13.84",
        "stars": 0,
        "ratings": 0,
        "img": "i5.walmartimages.com/asr/39bce6cf-563b-4898-baff-2b6adaf1604f_1.89af5f581533bb982359955fb1f06f27.jpeg?odnWidth=612&odnHeight=612&odnBg=ffffff",
        "tags": [
            [
                "Violin Accessories",
                "/browse/musical-instruments/violin-accessories/7796869_3983498_3933845_7826142_1257128"
            ],
            [
                "Acoustic Guitar Strings",
                "/browse/musical-instruments/acoustic-guitar-strings/7796869_6171829_6548527_1819793_2056913"
            ],
            [
                "D'Addario",
                "/browse/musical-instruments/daddario/7796869_3861023_5277933"
            ],
            [
                "String Instrument Accessories",
                "/browse/musical-instruments/string-instrument-accessories/7796869_3983498_3933845_5471209"
            ],
            [
                "Electric Guitar Strings",
                "/browse/musical-instruments/electric-guitar-strings/7796869_6171829_6548527_1819793_8605147"
            ],
            [
                "Instrument Strings",
                "/browse/musical-instruments/instrument-strings/7796869_6171829_2128409_9702093"
            ]
        ]
    },
    {
        "title": "Audio-Technica ATR2100X-USB USB/XLR Mic with Knox Pop Filter and Headphones",
        "url": "https://www.walmart.com/ip/Audio-Technica-ATR2100X-USB-USB-XLR-Mic-with-Knox-Pop-Filter-and-Headphones/540271164",
        "price": "$129.99",
        "stars": 0,
        "ratings": 0,
        "img": "i5.walmartimages.com/asr/42fb76e6-86b9-4e95-bf51-50b3f2f261c5_1.edc2c44a871f61bc0cc45bbfd3db1cbc.jpeg?odnWidth=612&odnHeight=612&odnBg=ffffff",
        "tags": [
            [
                "All Karaoke Machines",
                "/browse/musical-instruments/all-karaoke-machines/7796869_6745708_106984"
            ],
            [
                "Podcasting Bundles",
                "/browse/musical-instruments/podcasting-bundles/7796869_3348689_133194_6485637"
            ],
            [
                "Shop All Microphones",
                "/browse/musical-instruments/shop-all-microphones/7796869_3348689_133194_6519431"
            ],
            [
                "Karaoke Machine Accessories",
                "/browse/musical-instruments/karaoke-machine-accessories/7796869_6745708_6264579_7488727"
            ],
            [
                "Condenser Microphones",
                "/browse/musical-instruments/condenser-microphones/7796869_3348689_133194_8159030"
            ],
            [
                "Wireless Microphones",
                "/browse/musical-instruments/wireless-microphones/7796869_3348689_133194_8249540"
            ],
            [
                "USB Microphones",
                "/browse/musical-instruments/usb-microphones/7796869_3348689_133194_9889680"
            ]
        ]
    },
    {
        "title": "Hal Leonard Essential Elements for Band - Flute 2 Book/Online Audio",
        "url": "https://www.walmart.com/ip/Hal-Leonard-Essential-Elements-for-Band-Flute-2-Book-Online-Audio/24803954",
        "price": "$8.98",
        "stars": "5.0",
        "ratings": "1 ",
        "img": "i5.walmartimages.com/asr/4f1ad1e5-f1c9-43eb-92a8-b672f7d0d7a4_1.e5d49b8315171786e76d953dc9d06873.jpeg?odnWidth=612&odnHeight=612&odnBg=ffffff",
        "tags": [
            [
                "Orchestral Strings",
                "/browse/musical-instruments/orchestral-strings/7796869_3983498_3933845_1097967"
            ],
            [
                "All Woodwind Instruments",
                "/browse/musical-instruments/all-woodwind-instruments/7796869_3983498_9087652_1141074"
            ],
            [
                "Basic Violins",
                "/browse/musical-instruments/basic-violins/7796869_3983498_3933845_7826142_1336625"
            ],
            [
                "All Musical Instrument Accessories",
                "/browse/musical-instruments/all-musical-instrument-accessories/7796869_6171829_3297174"
            ],
            [
                "Guitar Pickups",
                "/browse/musical-instruments/guitar-pickups/7796869_6171829_6548527_4923424"
            ],
            [
                "Pianos",
                "/browse/musical-instruments/pianos/7796869_7773339_5652647"
            ],
            [
                "Shop Piano Keyboards by Size",
                "/browse/musical-instruments/shop-piano-keyboards-by-size/7796869_1128453_3376388_6600975"
            ]
        ]
    },
    {
        "title": "Glarry Full Size Rosewood Electric Guitar Set W/Bag,Shoulder Strap ,Pick,Whammy Bar ,Cord ,Wrench Tool Black",
        "url": "https://www.walmart.com/ip/Glarry-Full-Size-Rosewood-Electric-Guitar-Set-W-Bag-Shoulder-Strap-Pick-Whammy-Bar-Cord-Wrench-Tool-Black/249798555",
        "price": "$68.99",
        "stars": "4.7",
        "ratings": "3 ",
        "img": "i5.walmartimages.com/asr/53b3244d-bd70-4d46-b389-95b7a977c03e_1.73723cdcd1956197c49fbe45f381f634.jpeg?odnWidth=612&odnHeight=612&odnBg=ffffff",
        "tags": [
            [
                "Guitar Value Packs",
                "/browse/musical-instruments/guitar-value-packs/7796869_1097870_1398895"
            ],
            [
                "Sawtooth",
                "/browse/musical-instruments/sawtooth/7796869_3861023_5034780_1436331"
            ],
            [
                "Beginner Electric Guitars",
                "/browse/musical-instruments/beginner-electric-guitars/7796869_6789055_6387230_8078877_2417942"
            ],
            [
                "Kids Electric Guitars",
                "/browse/musical-instruments/kids-electric-guitars/7796869_6789055_4839538_7416933_3948666"
            ],
            [
                "Lefty Guitars",
                "/browse/musical-instruments/lefty-guitars/7796869_1097870_4807298"
            ],
            [
                "Righty Guitars",
                "/browse/musical-instruments/righty-guitars/7796869_1097870_5486620"
            ],
            [
                "Musical Instrument Cases",
                "/browse/musical-instruments/musical-instrument-cases/7796869_6171829_5531649_8755907"
            ],
            [
                "Kids Guitars",
                "/browse/musical-instruments/kids-guitars/7796869_1097870_9293077"
            ]
        ]
    }
]