[
    {
        "title": "TRANSFORMERS RBT EPIC SERIES OPTIMUS PRIME",
        "url": "https://www.walmart.com/ip/TRANSFORMERS-RBT-EPIC-SERIES-OPTIMUS-PRIME/711374343",
        "price": "$31.00",
        "stars": 0,
        "ratings": 0,
        "img": "i5.walmartimages.com/asr/7ae0d696-46a1-4117-807b-02e2e51e6d8d_1.433a981c9edb9357d677bbe64b2dec49.jpeg?odnWidth=612&odnHeight=612&odnBg=ffffff",
        "tags": [
            [
                "Transformers Megatron Action Figures",
                "/browse/toys/transformers-megatron-action-figures/4171_4172_1261291"
            ],
            [
                "Transformers Bumblebee Action Figures",
                "/browse/toys/transformers-bumblebee-action-figures/4171_4172_2378689"
            ],
            [
                "Transformers Toys",
                "/browse/toys/transformers-toys/4171_4172_2616268"
            ],
            [
                "Playskool",
                "/browse/toys/playskool/4171_4172_1574302_5163095"
            ],
            [
                "Transformers Optimus Prime Action Figures",
                "/browse/toys/transformers-optimus-prime-action-figures/4171_4172_5297444"
            ],
            [
                "Transformers Studio Series",
                "/browse/toys/transformers-studio-series/4171_4172_5647346"
            ],
            [
                "Transformers Bumblebee Cyberverse Adventure Action Figures",
                "/browse/toys/transformers-bumblebee-cyberverse-adventure-action-figures/4171_4172_7857064"
            ],
            [
                "Playskool Transformers",
                "/browse/toys/playskool-transformers/4171_4172_1574302_9342581"
            ]
        ]
    },
    {
        "title": "fisher-price little people animal friends farm",
        "url": "https://www.walmart.com/ip/fisher-price-little-people-animal-friends-farm/510655012",
        "price": "$63.52",
        "stars": 0,
        "ratings": 0,
        "img": "",
        "tags": [
            [
                "All Vehicles",
                "/browse/toys/all-vehicles/4171_1111647_2819545"
            ],
            [
                "Playsets",
                "/browse/toys/playsets/4171_4187_4668261_5230467"
            ],
            [
                "All Play Vehicles",
                "/browse/toys/all-play-vehicles/4171_1111647_132910_5519114"
            ],
            [
                "Play Vehicles by Vehicle Type",
                "/browse/toys/play-vehicles-by-vehicle-type/4171_1111647_132910_6055639"
            ],
            [
                "Green Toys",
                "/browse/toys/green-toys/4171_1111647_132910_6365011"
            ],
            [
                "Toy Tractors",
                "/browse/toys/toy-tractors/4171_1111647_132910_9355081"
            ],
            [
                "Play Vehicles by Price",
                "/browse/toys/play-vehicles-by-price/4171_1111647_132910_9814941"
            ]
        ]
    },
    {
        "title": "My Little Pony Mlp Snips Snails Pinkie Pie",
        "url": "https://www.walmart.com/ip/My-Little-Pony-Mlp-Snips-Snails-Pinkie-Pie/40451412",
        "price": "$18.99",
        "stars": 0,
        "ratings": 0,
        "img": "i5.walmartimages.com/asr/588d8887-f91d-4442-945b-3103038ae44f_1.d0ff2238ddbd1b329886ad0d9662e9e9.jpeg?odnWidth=612&odnHeight=612&odnBg=ffffff",
        "tags": [
            [
                "LOL Surprise O.M.G",
                "/browse/toys/lol-surprise-omg/4171_4187_2618388_1578815"
            ],
            [
                "Calico Critters",
                "/browse/toys/calico-critters/4171_4187_6904958_2802214"
            ],
            [
                "My Little Pony Dolls",
                "/browse/toys/my-little-pony-dolls/4171_4187_8051423_3055285"
            ],
            [
                "Dolls & Dollhouses",
                "/browse/toys/dolls-dollhouses/4171_4187_4800686"
            ],
            [
                "LOL Surprise Dolls",
                "/browse/toys/lol-surprise-dolls/4171_4187_2618388_5940516"
            ],
            [
                "Fashion Dolls",
                "/browse/toys/fashion-dolls/4171_4187_8051423_7344622"
            ],
            [
                "Hatchimals",
                "/browse/toys/hatchimals/4171_3438149_8277039"
            ],
            [
                "LOL Surprise Pets",
                "/browse/toys/lol-surprise-pets/4171_4187_2618388_9609142"
            ]
        ]
    },
    {
        "title": "Funko POP! Rocks - Def Leppard Vinyl Figures - SET OF 5 (Joe, Phil, Vivian & 2 Ricks)",
        "url": "https://www.walmart.com/ip/Funko-POP-Rocks-Def-Leppard-Vinyl-Figures-SET-OF-5-Joe-Phil-Vivian-2-Ricks/676705247",
        "price": "$56.98",
        "stars": 0,
        "ratings": 0,
        "img": "i5.walmartimages.com/asr/3b4c44d5-d20e-4b8e-89d0-b6102cdcca2f_1.400e15201942d2dd11c95e6cb420d86c.jpeg?odnWidth=612&odnHeight=612&odnBg=ffffff",
        "tags": [
            [
                "Star Wars Action Figures",
                "/browse/toys/star-wars-action-figures/4171_4172_1606899"
            ],
            [
                "Funko Pop Movies",
                "/browse/toys/funko-pop-movies/4171_4172_4294413_1742485"
            ],
            [
                "Funko Collectibles",
                "/browse/toys/funko-collectibles/4171_2229239_8665809_2752400"
            ],
            [
                "Funko Pop Animation",
                "/browse/toys/funko-pop-animation/4171_4172_4294413_4803523"
            ],
            [
                "Funko Pop Rocks",
                "/browse/toys/funko-pop-rocks/4171_4172_4294413_5788286"
            ],
            [
                "Funko Pop Icons",
                "/browse/toys/funko-pop-icons/4171_4172_4294413_7238835"
            ],
            [
                "Rick and Morty Stuffed Animals and Plush",
                "/browse/toys/rick-morty-stuffed-animals-plush/4171_7357538_1410403_8180487"
            ]
        ]
    },
    {
        "title": "Transformers BotBots Backpack Bunch 5-Pack Figures (Styles May Vary)",
        "url": "https://www.walmart.com/ip/Transformers-BotBots-Backpack-Bunch-5-Pack-Figures-Styles-May-Vary/705516291",
        "price": "$19.28",
        "stars": 0,
        "ratings": 0,
        "img": "i5.walmartimages.com/asr/4e8eb3f2-5b76-43a3-9d7e-debf048677ff_1.a59ef2c4616662046573ad7570c0cef4.jpeg?odnWidth=612&odnHeight=612&odnBg=ffffff",
        "tags": [
            [
                "Gumball Machines",
                "/browse/toys/gumball-machines/4171_5178010_1986460"
            ],
            [
                "Transformers Bumblebee Action Figures",
                "/browse/toys/transformers-bumblebee-action-figures/4171_4172_2378689"
            ],
            [
                "Transformers Action Figures",
                "/browse/toys/transformers-action-figures/4171_7357538_2510286"
            ],
            [
                "Transformers Toys",
                "/browse/toys/transformers-toys/4171_4172_2616268"
            ],
            [
                "Playskool",
                "/browse/toys/playskool/4171_4172_1574302_5163095"
            ],
            [
                "Transformers Studio Series",
                "/browse/toys/transformers-studio-series/4171_4172_5647346"
            ],
            [
                "Transformers Bumblebee Cyberverse Adventure Action Figures",
                "/browse/toys/transformers-bumblebee-cyberverse-adventure-action-figures/4171_4172_7857064"
            ],
            [
                "Playskool Transformers",
                "/browse/toys/playskool-transformers/4171_4172_1574302_9342581"
            ]
        ]
    },
    {
        "title": "Transformers Cybertron Deluxe Red Alert & Dirt Boss Action Figure",
        "url": "https://www.walmart.com/ip/Transformers-Cybertron-Deluxe-Red-Alert-Dirt-Boss-Action-Figure/647334875",
        "price": "$94.00",
        "stars": 0,
        "ratings": 0,
        "img": "i5.walmartimages.com/asr/4ce4c0ce-863b-424f-9253-5519b4dcd8a7_1.037d8a4638ec6dae86c2dd5c61582c28.jpeg?odnWidth=612&odnHeight=612&odnBg=ffffff",
        "tags": [
            [
                "Transformers Megatron Action Figures",
                "/browse/toys/transformers-megatron-action-figures/4171_4172_1261291"
            ],
            [
                "Transformers Bumblebee Action Figures",
                "/browse/toys/transformers-bumblebee-action-figures/4171_4172_2378689"
            ],
            [
                "Transformers Toys",
                "/browse/toys/transformers-toys/4171_4172_2616268"
            ],
            [
                "Playskool",
                "/browse/toys/playskool/4171_4172_1574302_5163095"
            ],
            [
                "Transformers Optimus Prime Action Figures",
                "/browse/toys/transformers-optimus-prime-action-figures/4171_4172_5297444"
            ],
            [
                "Transformers Studio Series",
                "/browse/toys/transformers-studio-series/4171_4172_5647346"
            ],
            [
                "Transformers Bumblebee Cyberverse Adventure Action Figures",
                "/browse/toys/transformers-bumblebee-cyberverse-adventure-action-figures/4171_4172_7857064"
            ],
            [
                "Playskool Transformers",
                "/browse/toys/playskool-transformers/4171_4172_1574302_9342581"
            ]
        ]
    },
    {
        "title": "Marvel Iron Man Mr Potato Head Invincible Iron Man Figure",
        "url": "https://www.walmart.com/ip/Marvel-Iron-Man-Mr-Potato-Head-Invincible-Iron-Man-Figure/48199380",
        "price": "$24.89",
        "stars": "5.0",
        "ratings": "1 ",
        "img": "",
        "tags": [
            [
                "Mr. Potato Head",
                "/browse/toys/mr-potato-head/4171_5178010_1884753"
            ],
            [
                "Toys for 2 year old boys",
                "/browse/toys/toys-for-2-year-old-boys/4171_3318550_7016108_3495831"
            ],
            [
                "Gifts for 4 year old boy",
                "/browse/toys/gifts-for-4-year-old-boy/4171_3318550_7016108_4071474"
            ],
            [
                "Toys for 3 year old boys",
                "/browse/toys/toys-for-3-year-old-boys/4171_3318550_7016108_4372226"
            ],
            [
                "Playskool",
                "/browse/toys/playskool/4171_4172_1574302_5163095"
            ],
            [
                "Deadpool Action Figures",
                "/browse/toys/deadpool-action-figures/4171_4172_5616255"
            ],
            [
                "Toys for 4 year old boys",
                "/browse/toys/toys-for-4-year-old-boys/4171_3318550_7016108_9088809"
            ]
        ]
    },
    {
        "title": "Transformers Bumblebee Cyberverse Adventures Sharkticons Attack Play Set",
        "url": "https://www.walmart.com/ip/Transformers-Bumblebee-Cyberverse-Adventures-Sharkticons-Attack-Play-Set/607999623",
        "price": "$30.95",
        "stars": "5.0",
        "ratings": "1 ",
        "img": "",
        "tags": [
            [
                "Transformers Megatron Action Figures",
                "/browse/toys/transformers-megatron-action-figures/4171_4172_1261291"
            ],
            [
                "Transformers Bumblebee Action Figures",
                "/browse/toys/transformers-bumblebee-action-figures/4171_4172_2378689"
            ],
            [
                "Transformers Toys",
                "/browse/toys/transformers-toys/4171_4172_2616268"
            ],
            [
                "Transformers Optimus Prime Action Figures",
                "/browse/toys/transformers-optimus-prime-action-figures/4171_4172_5297444"
            ],
            [
                "Transformers Studio Series",
                "/browse/toys/transformers-studio-series/4171_4172_5647346"
            ],
            [
                "Transformers Bumblebee Cyberverse Adventure Action Figures",
                "/browse/toys/transformers-bumblebee-cyberverse-adventure-action-figures/4171_4172_7857064"
            ],
            [
                "Playskool Transformers",
                "/browse/toys/playskool-transformers/4171_4172_1574302_9342581"
            ],
            [
                "Transformers Shockwave Action Figures",
                "/browse/toys/transformers-shockwave-action-figures/4171_4172_9492767"
            ]
        ]
    },
    {
        "title": "Funko Fabrikations Teenage Mutant Ninja Turtles Raphael Soft Sculpture Plush",
        "url": "https://www.walmart.com/ip/Funko-Fabrikations-Teenage-Mutant-Ninja-Turtles-Raphael-Soft-Sculpture-Plush/48189064",
        "price": "$18.99",
        "stars": 0,
        "ratings": 0,
        "img": "i5.walmartimages.com/asr/e7f763ec-1394-4967-a65c-3c1cfcd6a2f3.890f261c4a8550441103e4f394e21e03.jpeg?odnWidth=612&odnHeight=612&odnBg=ffffff",
        "tags": [
            [
                "Bobble Heads",
                "/browse/toys/bobble-heads/4171_4172_1224720"
            ],
            [
                "Funko Pop Movies",
                "/browse/toys/funko-pop-movies/4171_4172_4294413_1742485"
            ],
            [
                "Teenage Mutant Ninja Turtles Action Figures",
                "/browse/toys/teenage-mutant-ninja-turtles-action-figures/4171_4172_2536965"
            ],
            [
                "Walmart Exclusive Funko Pop",
                "/browse/toys/walmart-exclusive-funko-pop/4171_4172_4294413_2884519"
            ],
            [
                "Teenage Mutant Ninja Turtle Funko Pop",
                "/browse/toys/teenage-mutant-ninja-turtle-funko-pop/4171_4172_4294413_4156070"
            ],
            [
                "Christmas Funko Pop",
                "/browse/toys/christmas-funko-pop/4171_4172_4294413_6693680"
            ],
            [
                "Teenage Mutant Ninja Turtle Toys",
                "/browse/toys/teenage-mutant-ninja-turtle-toys/4171_7357538_6554785_7152815"
            ],
            [
                "Funko Pop Games",
                "/browse/toys/funko-pop-games/4171_4172_4294413_9788314"
            ]
        ]
    },
    {
        "title": "Transformers Cyberverse Action Attackers: Scout Class Shadow Striker",
        "url": "https://www.walmart.com/ip/Transformers-Cyberverse-Action-Attackers-Scout-Class-Shadow-Striker/287212560",
        "price": "$21.45",
        "stars": "3.0",
        "ratings": "1 ",
        "img": "i5.walmartimages.com/asr/8b2ba9bb-8601-468a-bd81-1f312ea08a51_1.be056c214d763980c20146c33f7019f2.jpeg?odnWidth=612&odnHeight=612&odnBg=ffffff",
        "tags": [
            [
                "Transformers Megatron Action Figures",
                "/browse/toys/transformers-megatron-action-figures/4171_4172_1261291"
            ],
            [
                "Transformers Bumblebee Action Figures",
                "/browse/toys/transformers-bumblebee-action-figures/4171_4172_2378689"
            ],
            [
                "Transformers Action Figures",
                "/browse/toys/transformers-action-figures/4171_7357538_2510286"
            ],
            [
                "Transformers Toys",
                "/browse/toys/transformers-toys/4171_4172_2616268"
            ],
            [
                "Transformers Optimus Prime Action Figures",
                "/browse/toys/transformers-optimus-prime-action-figures/4171_4172_5297444"
            ],
            [
                "Transformers Studio Series",
                "/browse/toys/transformers-studio-series/4171_4172_5647346"
            ],
            [
                "Transformers Bumblebee Cyberverse Adventure Action Figures",
                "/browse/toys/transformers-bumblebee-cyberverse-adventure-action-figures/4171_4172_7857064"
            ],
            [
                "Playskool Transformers",
                "/browse/toys/playskool-transformers/4171_4172_1574302_9342581"
            ]
        ]
    }
]