[
    {
        "title": "Birthday Cake Play Food Set Pink 75 Pieces Plastic Kitchen Cutting Toy Pretend Play",
        "url": "https://www.walmart.com/ip/Birthday-Cake-Play-Food-Set-Pink-75-Pieces-Plastic-Kitchen-Cutting-Toy-Pretend-Play/826686934",
        "price": "$24.99",
        "stars": "4.1",
        "ratings": "86 ",
        "img": "i5.walmartimages.com/asr/285c8ab3-61dd-447f-9ede-a0a6d1016f0c_1.6bf47bda8a05183d3a7e8acce559cae0.jpeg?odnWidth=612&odnHeight=612&odnBg=ffffff",
        "tags": [
            [
                "Play Kitchens",
                "/browse/toys/play-kitchens/4171_4173_3287807_1570966"
            ],
            [
                "Housekeeping Toys",
                "/browse/toys/housekeeping-toys/4171_4173_3426779_2728309"
            ],
            [
                "Pretend Play Toys for Boys",
                "/browse/toys/pretend-play-toys-for-boys/4171_4173_3613401"
            ],
            [
                "Kids Tea Sets",
                "/browse/toys/kids-tea-sets/4171_4173_3287807_133035_4377530"
            ],
            [
                "Melissa & Doug Toys",
                "/browse/toys/melissa-doug-toys/4171_3438149_5908879"
            ],
            [
                "Fisher Price Pretend Play",
                "/browse/toys/fisher-price-pretend-play/4171_4173_7354985"
            ],
            [
                "Kids Kitchen Appliances",
                "/browse/toys/kids-kitchen-appliances/4171_4173_3287807_133035_9102257"
            ]
        ]
    },
    {
        "title": "Monopoly Junior Game: DreamWorks Trolls World Tour Edition",
        "url": "https://www.walmart.com/ip/Monopoly-Junior-Game-DreamWorks-Trolls-World-Tour-Edition/946563069",
        "price": "$14.88",
        "stars": "4.9",
        "ratings": "30 ",
        "img": "i5.walmartimages.com/asr/b9fa48be-8c44-41fa-b7b7-e9257e1a39e3_1.a061f4b7b97edf6fe6c1eafbc03605aa.jpeg?odnWidth=612&odnHeight=612&odnBg=ffffff",
        "tags": [
            [
                "Hasbro Trolls",
                "/browse/toys/hasbro-trolls/4171_7357538_9587579_1570727"
            ],
            [
                "Classic Games",
                "/browse/toys/classic-games/4171_4191_2084995"
            ],
            [
                "Family Games",
                "/browse/toys/family-games/4171_4191_2335373_2204878"
            ],
            [
                "Trolls Dolls",
                "/browse/toys/trolls-dolls/4171_4187_8051423_2648781"
            ],
            [
                "Frozen Games & Puzzles",
                "/browse/toys/frozen-games-puzzles/4171_7357538_6091150_3595068"
            ],
            [
                "All Trolls Toys",
                "/browse/toys/all-trolls-toys/4171_7357538_9587579_3802039"
            ],
            [
                "All Board Games",
                "/browse/toys/all-board-games/4171_4191_133123_4497274"
            ],
            [
                "Trolls Games",
                "/browse/toys/trolls-games/4171_7357538_9587579_9780621"
            ]
        ]
    },
    {
        "title": "Ninja Bots 2-Pack, Hilarious Battling Robots (Red/Black) with 6 Weapons and Over 100 Sounds and Movements",
        "url": "https://www.walmart.com/ip/Ninja-Bots-2-Pack-Hilarious-Battling-Robots-Red-Black-with-6-Weapons-and-Over-100-Sounds-and-Movements/245526105",
        "price": "$39.97",
        "stars": "4.8",
        "ratings": "25 ",
        "img": "i5.walmartimages.com/asr/7427af62-aac4-4307-bac3-ec82641f92c0.df3b72ab8ffe9eaa154d6f0a040a7506.jpeg?odnWidth=612&odnHeight=612&odnBg=ffffff",
        "tags": []
    },
    {
        "title": "Barbie Noodle Bar Playset With Blonde Doll, Workstation, Accessories",
        "url": "https://www.walmart.com/ip/Barbie-Noodle-Bar-Playset-With-Blonde-Doll-Workstation-Accessories/481591163",
        "price": "$14.88",
        "stars": "4.8",
        "ratings": "21 ",
        "img": "i5.walmartimages.com/asr/f2ade5fe-d821-48c1-8a38-446c1005d1cc_1.0f08483e215d449aca8d8cdad529e670.jpeg?odnWidth=612&odnHeight=612&odnBg=ffffff",
        "tags": [
            [
                "Barbie Careers",
                "/browse/toys/barbie-careers/4171_4187_1953337_8898526_1290769"
            ],
            [
                "Barbie Chelsea",
                "/browse/toys/barbie-chelsea/4171_4187_1953337_8898526_2251214"
            ],
            [
                "Barbie Sisters, Friends, & Pets",
                "/browse/toys/barbie-sisters-friends-pets/4171_4187_1953337_8898526_6830678"
            ],
            [
                "Fashion Dolls",
                "/browse/toys/fashion-dolls/4171_4187_8051423_7344622"
            ],
            [
                "Barbie Dollhouses & Vehicles",
                "/browse/toys/barbie-dollhouses-vehicles/4171_4187_1953337_7832421"
            ],
            [
                "All Barbie Dolls",
                "/browse/toys/all-barbie-dolls/4171_4187_1953337_8898526_7849876"
            ],
            [
                "All Barbie",
                "/browse/toys/all-barbie/4171_4187_1953337_8661247"
            ],
            [
                "Barbie Doll Clothing & Accessories",
                "/browse/toys/barbie-doll-clothing-accessories/4171_4187_1953337_9762069"
            ]
        ]
    },
    {
        "title": "Disney Frozen 2 Fire Spirit's Snowy Snack, Salamander Toy with Lights",
        "url": "https://www.walmart.com/ip/Disney-Frozen-2-Fire-Spirit-s-Snowy-Snack-Salamander-Toy-with-Lights/812408953",
        "price": "$12.88",
        "stars": "4.6",
        "ratings": "43 ",
        "img": "i5.walmartimages.com/asr/1d706425-4774-4199-b635-0f12668c82f3_1.314dba4849799ce96106508c9f6a460d.jpeg?odnWidth=612&odnHeight=612&odnBg=ffffff",
        "tags": [
            [
                "All Disney Toys",
                "/browse/toys/all-disney-toys/4171_6909449_1773797"
            ],
            [
                "Frozen Dolls & Dollhouses",
                "/browse/toys/frozen-dolls-dollhouses/4171_7357538_6091150_1817573"
            ],
            [
                "Frozen Dolls",
                "/browse/toys/frozen-dolls/4171_4187_8051423_2062169"
            ],
            [
                "2 to 4 Years",
                "/browse/toys/2-to-4-years/4171_2724815_2170514"
            ],
            [
                "Disney Frozen Plush Toys",
                "/browse/toys/disney-frozen-plush-toys/4171_2724815_2924243"
            ],
            [
                "All Frozen Toys",
                "/browse/toys/all-frozen-toys/4171_7357538_6091150_4557348"
            ],
            [
                "Fashion Dolls",
                "/browse/toys/fashion-dolls/4171_4187_8051423_7344622"
            ],
            [
                "5 to 7 Years",
                "/browse/toys/5-to-7-years/4171_2724815_9191313"
            ]
        ]
    },
    {
        "title": "Melissa and Doug Wooden Latches Board",
        "url": "https://www.walmart.com/ip/Melissa-and-Doug-Wooden-Latches-Board/39356258",
        "price": "$18.89",
        "stars": "4.7",
        "ratings": "164 ",
        "img": "",
        "tags": [
            [
                "Ages 12-24 months",
                "/browse/baby/ages-12-24-months/5427_491351_1081284"
            ],
            [
                "Baby and Toddler Music Toys",
                "/browse/baby/baby-toddler-music-toys/5427_491351_164198"
            ],
            [
                "Melissa and Doug Baby Toys",
                "/browse/baby/melissa-doug-baby-toys/5427_491351_2106314"
            ],
            [
                "12-18 Month Toys",
                "/browse/baby/12-18-month-toys/5427_491351_2793475"
            ],
            [
                "9-12 Month Toys",
                "/browse/baby/9-12-month-toys/5427_491351_3566617"
            ],
            [
                "Baby Proofing",
                "/browse/baby/baby-proofing/5427_132943_491143"
            ],
            [
                "Shape Sorters and Stacking Toys",
                "/browse/baby/shape-sorters-stacking-toys/5427_491351_7316417"
            ],
            [
                "Play Time",
                "/browse/baby/play-time/5427_9993698_7602502"
            ]
        ]
    },
    {
        "title": "Funville Sparkle Girlz Mini Doll Ast",
        "url": "https://www.walmart.com/ip/Funville-Sparkle-Girlz-Mini-Doll-Ast/133897717",
        "price": "$2.47",
        "stars": "4.4",
        "ratings": "7 ",
        "img": "i5.walmartimages.com/asr/fabcd7c2-41f3-47dd-a1c1-e89f4438da06_3.02d38b5393af1450bd14b7f9ce4ccd71.png?odnWidth=612&odnHeight=612&odnBg=ffffff",
        "tags": [
            [
                "Frozen Dolls",
                "/browse/toys/frozen-dolls/4171_4187_8051423_2062169"
            ],
            [
                "Barbie Chelsea",
                "/browse/toys/barbie-chelsea/4171_4187_1953337_8898526_2251214"
            ],
            [
                "Disney Princess Dolls",
                "/browse/toys/disney-princess-dolls/4171_4187_8051423_4656670"
            ],
            [
                "Barbie Sisters, Friends, & Pets",
                "/browse/toys/barbie-sisters-friends-pets/4171_4187_1953337_8898526_6830678"
            ],
            [
                "Boxy Girls Dolls",
                "/browse/toys/boxy-girls-dolls/4171_4187_8051423_7214829"
            ],
            [
                "Fashion Dolls",
                "/browse/toys/fashion-dolls/4171_4187_8051423_7344622"
            ],
            [
                "All Barbie Dolls",
                "/browse/toys/all-barbie-dolls/4171_4187_1953337_8898526_7849876"
            ],
            [
                "All Barbie",
                "/browse/toys/all-barbie/4171_4187_1953337_8661247"
            ]
        ]
    },
    {
        "title": "Little Live Pets Lil' Bird & Bird House - New Moving Bird - Pippa Peeps",
        "url": "https://www.walmart.com/ip/Little-Live-Pets-Lil-Bird-Bird-House-New-Moving-Bird-Pippa-Peeps/398173514",
        "price": "$29.52",
        "stars": "4.8",
        "ratings": "13 ",
        "img": "",
        "tags": [
            [
                "Robots & Electronic Pets",
                "/browse/toys/robots-electronic-pets/4171_1096069_1105959_1105996"
            ],
            [
                "VTech Toys",
                "/browse/toys/vtech-toys/4171_3438149_3348821"
            ],
            [
                "Other Unicorn Toys",
                "/browse/toys/other-unicorn-toys/4171_4209468_3940073"
            ],
            [
                "Electronic Pets",
                "/browse/toys/electronic-pets/4171_4187_4209464"
            ],
            [
                "Dragon Toys",
                "/browse/toys/dragon-toys/4171_7357538_5461952"
            ],
            [
                "Kids Electric Scooter",
                "/browse/toys/kids-electric-scooter/4171_133073_6774653_4137853_3209634_7994546_7248423"
            ],
            [
                "All Electric Scooter",
                "/browse/toys/all-electric-scooter/4171_133073_6774653_4137853_3209634_7994546_8741327"
            ]
        ]
    },
    {
        "title": "Melissa & Doug Food Groups - 21 Hand-Painted Wooden pieces and 4 Crates",
        "url": "https://www.walmart.com/ip/Melissa-Doug-Food-Groups-21-Hand-Painted-Wooden-pieces-and-4-Crates/33359756",
        "price": "$26.95",
        "stars": "4.7",
        "ratings": "168 ",
        "img": "i5.walmartimages.com/asr/02bdc7f1-ebd1-489e-8ddd-0c54ee3bfcf8_1.81f3f59ed71c9c472037e68c4a009f57.jpeg?odnWidth=612&odnHeight=612&odnBg=ffffff",
        "tags": [
            [
                "Play Kitchens",
                "/browse/toys/play-kitchens/4171_4173_3287807_1570966"
            ],
            [
                "Melissa & Doug Toys",
                "/browse/toys/melissa-doug-toys/4171_3438149_5908879"
            ],
            [
                "Fisher Price Pretend Play",
                "/browse/toys/fisher-price-pretend-play/4171_4173_7354985"
            ],
            [
                "Play Food",
                "/browse/toys/play-food/4171_4173_3287807_133035_7695360"
            ],
            [
                "Kids Kitchen Appliances",
                "/browse/toys/kids-kitchen-appliances/4171_4173_3287807_133035_9102257"
            ],
            [
                "Toy Cookware Sets",
                "/browse/toys/toy-cookware-sets/4171_4173_3287807_133035_9245368"
            ]
        ]
    },
    {
        "title": "Wowwee Usa Prank In A Box Asst",
        "url": "https://www.walmart.com/ip/Wowwee-Usa-Prank-In-A-Box-Asst/137905193",
        "price": "$5.00",
        "stars": "2.9",
        "ratings": "11 ",
        "img": "i5.walmartimages.com/asr/8a5ac2cd-6ac2-41b1-92a2-dabbdb81fa53.5ead0a01e9b8703de203a68299c69c20.jpeg?odnWidth=612&odnHeight=612&odnBg=ffffff",
        "tags": []
    }
]