[
    {
        "title": "The Beadery Wonder Loom Kit, Gift for Kids, Includes 600 Rubber Bands",
        "url": "https://www.walmart.com/ip/The-Beadery-Wonder-Loom-Kit-Gift-for-Kids-Includes-600-Rubber-Bands/30652494",
        "price": "$10.89",
        "stars": "4.3",
        "ratings": "296 ",
        "img": "i5.walmartimages.com/asr/19cf0b59-866e-4d85-968e-f4c555e2f68e_1.5e93c6e1602555cc92bcef573323000f.jpeg?odnWidth=612&odnHeight=612&odnBg=ffffff",
        "tags": [
            [
                "Costumes & Dress Up",
                "/browse/toys/costumes-dress-up/4171_4173_164142"
            ],
            [
                "Hair, Nail & Spa Toys",
                "/browse/toys/hair-nail-spa-toys/4171_645779_2990448"
            ],
            [
                "Cool Maker",
                "/browse/toys/cool-maker/4171_645779_3371021"
            ],
            [
                "Quilting & Sewing Kits",
                "/browse/toys/quilting-sewing-kits/4171_645779_6317337"
            ],
            [
                "Toys for Kids 5 to 7 Years",
                "/browse/toys/toys-for-kids-5-to-7-years/4171_3318550_617941_8920388"
            ],
            [
                "Knitting & Weaving Kits",
                "/browse/toys/knitting-weaving-kits/4171_645779_8985243"
            ],
            [
                "Children's Paint and Paint Supplies",
                "/browse/toys/childrens-paint-paint-supplies/4171_645779_9646901"
            ],
            [
                "All Kids Jewelry Making Kits",
                "/browse/toys/all-kids-jewelry-making-kits/4171_645779_9564789_9869340"
            ]
        ]
    },
    {
        "title": "Sax 60 lb Drawing Paper, White, Ream of 500 Sheets",
        "url": "https://www.walmart.com/ip/Sax-60-lb-Drawing-Paper-White-Ream-of-500-Sheets/24268264",
        "price": "$18.49",
        "stars": "4.5",
        "ratings": "16 ",
        "img": "",
        "tags": [
            [
                "Mixed Media Paper",
                "/browse/arts-crafts-sewing/mixed-media-paper/1334134_5899871_9677556_1680813"
            ],
            [
                "Construction Paper",
                "/browse/arts-crafts-sewing/construction-paper/1334134_6172404_4854691_7730900_2097767"
            ],
            [
                "Newsprint Paper",
                "/browse/arts-crafts-sewing/newsprint-paper/1334134_5899871_9677556_2895838"
            ],
            [
                "All Art Paper",
                "/browse/arts-crafts-sewing/all-art-paper/1334134_5899871_9677556_3514948"
            ],
            [
                "Art Sketchbooks and Paper",
                "/browse/arts-crafts-sewing/art-sketchbooks-paper/1334134_5899871_1350721_5138397"
            ],
            [
                "Watercolor Paper",
                "/browse/arts-crafts-sewing/watercolor-paper/1334134_5899871_9677556_5219140"
            ],
            [
                "Drawing Blenders",
                "/browse/arts-crafts-sewing/drawing-blenders/1334134_5899871_1350721_6176135"
            ],
            [
                "Art Sets",
                "/browse/arts-crafts-sewing/art-sets/1334134_5899871_7148292"
            ]
        ]
    },
    {
        "title": "LOFEE Magna Doodle Etch a Sketch Present for 1 2 3 4 Year Old Girl,Magnetic Drawing Board Gift for 2 3 4 Year Old Girl Toy Age 1 2 3 Birthday Gift for 2 3 4 Year Old Girls Small Toys for T",
        "url": "https://www.walmart.com/ip/LOFEE-Magna-Doodle-Etch-Sketch-Present-1-2-3-4-Year-Old-Girl-Magnetic-Drawing-Board-Gift-Girl-Toy-Age-Birthday-Girls-Small-Toys-T/263490250",
        "price": "$19.58",
        "stars": "4.5",
        "ratings": "2 ",
        "img": "i5.walmartimages.com/asr/ee4e3122-c4d2-420b-87ac-bf79d102c0cd_1.ba9e360238bbb8fa8df415d3380efdbc.jpeg?odnWidth=612&odnHeight=612&odnBg=ffffff",
        "tags": [
            [
                "Science & Education",
                "/browse/toys/science-education/4171_56125_164140"
            ],
            [
                "Housekeeping Toys",
                "/browse/toys/housekeeping-toys/4171_4173_3426779_2728309"
            ],
            [
                "Pretend Play Toys for Boys",
                "/browse/toys/pretend-play-toys-for-boys/4171_4173_3613401"
            ],
            [
                "Craft Kits",
                "/browse/toys/craft-kits/4171_645779_613040"
            ],
            [
                "Magna Doodle",
                "/browse/toys/magna-doodle/4171_645779_6408170_6399778"
            ],
            [
                "Etch-A-Sketch",
                "/browse/toys/etch-a-sketch/4171_645779_6408170_8550674"
            ],
            [
                "Princess Play Tents",
                "/browse/toys/princess-play-tents/4171_4173_133143_9626577"
            ]
        ]
    },
    {
        "title": "Paint Your Own Porcelain Vases - Creative Activities - 3 Pieces",
        "url": "https://www.walmart.com/ip/Paint-Your-Own-Porcelain-Vases-Creative-Activities-3-Pieces/33359409",
        "price": "$19.99",
        "stars": "4.4",
        "ratings": "10 ",
        "img": "",
        "tags": [
            [
                "Hair, Nail & Spa Toys",
                "/browse/toys/hair-nail-spa-toys/4171_645779_2990448"
            ],
            [
                "Cool Maker",
                "/browse/toys/cool-maker/4171_645779_3371021"
            ],
            [
                "Melissa & Doug Toys",
                "/browse/toys/melissa-doug-toys/4171_3438149_5908879"
            ],
            [
                "Quilting & Sewing Kits",
                "/browse/toys/quilting-sewing-kits/4171_645779_6317337"
            ],
            [
                "Toys for Kids 8 to 11 Years",
                "/browse/toys/toys-for-kids-8-to-11-years/4171_3318550_617942_8104028"
            ],
            [
                "Toys for Kids 5 to 7 Years",
                "/browse/toys/toys-for-kids-5-to-7-years/4171_3318550_617941_8920388"
            ],
            [
                "Children's Paint and Paint Supplies",
                "/browse/toys/childrens-paint-paint-supplies/4171_645779_9646901"
            ],
            [
                "All Kids Jewelry Making Kits",
                "/browse/toys/all-kids-jewelry-making-kits/4171_645779_9564789_9869340"
            ]
        ]
    },
    {
        "title": "Crayola Washable Kids' Paint Set, 6-Colors",
        "url": "https://www.walmart.com/ip/Crayola-Washable-Kids-Paint-Set-6-Colors/23081090",
        "price": "$9.84",
        "stars": "4.6",
        "ratings": "34 ",
        "img": "i5.walmartimages.com/asr/f2e5200e-3d19-44e4-abf4-27e43544ce86_1.af4dd1ef93cccbafab18c7ad38dfdf0a.jpeg?odnWidth=612&odnHeight=612&odnBg=ffffff",
        "tags": [
            [
                "Crayola Art Sets",
                "/browse/shop-by-brand/crayola-art-sets/3734780_9312923_5916865_1263997_1734045"
            ],
            [
                "Crayola Finger Paint",
                "/browse/shop-by-brand/crayola-finger-paint/3734780_9312923_5916865_6731654_2031993"
            ],
            [
                "Crayola Watercolor Paint",
                "/browse/shop-by-brand/crayola-watercolor-paint/3734780_9312923_5916865_6731654_2767925"
            ],
            [
                "Crayola Markers",
                "/browse/shop-by-brand/crayola-markers/3734780_9312923_5916865_7082544_4517923"
            ],
            [
                "Crayola Classpack Paint and Painting Tools",
                "/browse/shop-by-brand/crayola-classpack-paint-painting-tools/3734780_9312923_5916865_8994348_6823122"
            ],
            [
                "Crayola Crayons",
                "/browse/shop-by-brand/crayola-crayons/3734780_9312923_5916865_7082544_6912116"
            ],
            [
                "Crayola Paint Brushes",
                "/browse/shop-by-brand/crayola-paint-brushes/3734780_9312923_5916865_6731654_6985136"
            ],
            [
                "Crayola Tempera Paint",
                "/browse/shop-by-brand/crayola-tempera-paint/3734780_9312923_5916865_6731654_7728361"
            ]
        ]
    },
    {
        "title": "POOF 48pcs Sidewalk Chalk",
        "url": "https://www.walmart.com/ip/POOF-48pcs-Sidewalk-Chalk/178429876",
        "price": "$11.99",
        "stars": "4.8",
        "ratings": "8 ",
        "img": "i5.walmartimages.com/asr/febcd480-9960-4f82-8019-48b2dbc94b6a_1.247394c1e8057b315a34541a2288058d.jpeg?odnWidth=612&odnHeight=612&odnBg=ffffff",
        "tags": [
            [
                "Kid Art Easels & Stations",
                "/browse/toys/kid-art-easels-stations/4171_645779_1103012"
            ],
            [
                "Craft Kits",
                "/browse/toys/craft-kits/4171_645779_613040"
            ],
            [
                "Play Dough",
                "/browse/toys/play-dough/4171_645779_9285153_613042"
            ],
            [
                "Magna Doodle",
                "/browse/toys/magna-doodle/4171_645779_6408170_6399778"
            ],
            [
                "Etch-A-Sketch",
                "/browse/toys/etch-a-sketch/4171_645779_6408170_8550674"
            ],
            [
                "Glue for Slime",
                "/browse/toys/glue-for-slime/4171_645779_2165088_2131853_8604968"
            ],
            [
                "Toys for Kids 5 to 7 Years",
                "/browse/toys/toys-for-kids-5-to-7-years/4171_3318550_617941_8920388"
            ],
            [
                "Children's Paint and Paint Supplies",
                "/browse/toys/childrens-paint-paint-supplies/4171_645779_9646901"
            ]
        ]
    },
    {
        "title": "Crayola Art Chalk Set, 24-Colors",
        "url": "https://www.walmart.com/ip/Crayola-Art-Chalk-Set-24-Colors/24592194",
        "price": "$8.29",
        "stars": "3.4",
        "ratings": "19 ",
        "img": "i5.walmartimages.com/asr/c204dc82-2357-4c1f-adfe-f29fee85d1ae_1.dac267bfdfe115a57dbf561510ed99a1.jpeg?odnWidth=612&odnHeight=612&odnBg=ffffff",
        "tags": [
            [
                "Kid Art Easels & Stations",
                "/browse/toys/kid-art-easels-stations/4171_645779_1103012"
            ],
            [
                "Craft Kits",
                "/browse/toys/craft-kits/4171_645779_613040"
            ],
            [
                "Play Dough",
                "/browse/toys/play-dough/4171_645779_9285153_613042"
            ],
            [
                "Magna Doodle",
                "/browse/toys/magna-doodle/4171_645779_6408170_6399778"
            ],
            [
                "Etch-A-Sketch",
                "/browse/toys/etch-a-sketch/4171_645779_6408170_8550674"
            ],
            [
                "Glue for Slime",
                "/browse/toys/glue-for-slime/4171_645779_2165088_2131853_8604968"
            ],
            [
                "Toys for Kids 5 to 7 Years",
                "/browse/toys/toys-for-kids-5-to-7-years/4171_3318550_617941_8920388"
            ],
            [
                "Children's Paint and Paint Supplies",
                "/browse/toys/childrens-paint-paint-supplies/4171_645779_9646901"
            ]
        ]
    },
    {
        "title": "The King's Book of Numerology: The King's Book of Numerology 5 (Paperback)",
        "url": "https://www.walmart.com/ip/The-King-s-Book-of-Numerology-The-King-s-Book-of-Numerology-5-Paperback-9780931872228/159578747",
        "price": "$30.00",
        "stars": 0,
        "ratings": 0,
        "img": "i5.walmartimages.com/asr/2c9129cd-2837-4dd2-8c10-89274322960e_1.d4e4f42d3fda4c73098bc41cbbc66b36.jpeg?odnWidth=612&odnHeight=612&odnBg=ffffff",
        "tags": [
            [
                "Family Games",
                "/browse/toys/family-games/4171_4191_2335373_2204878"
            ],
            [
                "All Board Games",
                "/browse/toys/all-board-games/4171_4191_133123_4497274"
            ],
            [
                "0-12 Months",
                "/browse/toys/0-12-months/4171_2724815_4763212"
            ],
            [
                "Party Games",
                "/browse/toys/party-games/4171_4191_5016956"
            ],
            [
                "Toys for Kids 12 Years & Up",
                "/browse/toys/toys-for-kids-12-years-up/4171_3318550_1077724_6922509"
            ],
            [
                "Stuffed Animals for Boys",
                "/browse/toys/stuffed-animals-for-boys/4171_2724815_9211121"
            ],
            [
                "Adult Games",
                "/browse/toys/adult-games/4171_4191_2335373_9523585"
            ]
        ]
    },
    {
        "title": "Elmer's Crunchy Slime Kit: Supplies Include Metallic & Clear Liquid Glue, Crunchy Magical Liquid Activator, 4 Count",
        "url": "https://www.walmart.com/ip/Elmer-s-Crunchy-Slime-Kit-Supplies-Include-Metallic-Clear-Liquid-Glue-Crunchy-Magical-Liquid-Activator-4-Count/208458161",
        "price": "$12.47",
        "stars": "3.4",
        "ratings": "5 ",
        "img": "i5.walmartimages.com/asr/b4910111-29ff-48e7-b41a-3c1fb083749c_1.393588bf32559ffb434144437663f679.jpeg?odnWidth=612&odnHeight=612&odnBg=ffffff",
        "tags": [
            [
                "Glitter Slime",
                "/browse/toys/glitter-slime/4171_645779_2165088_3252168"
            ],
            [
                "Nickelodeon Slime",
                "/browse/toys/nickelodeon-slime/4171_645779_2165088_3447161"
            ],
            [
                "Glow-in-the-Dark Slime",
                "/browse/toys/glow-in-the-dark-slime/4171_645779_2165088_4007466"
            ],
            [
                "Clear Slime",
                "/browse/toys/clear-slime/4171_645779_2165088_4429474"
            ],
            [
                "DIY Slime Kits",
                "/browse/toys/diy-slime-kits/4171_645779_2165088_6010655"
            ],
            [
                "Crunchy Slime",
                "/browse/toys/crunchy-slime/4171_645779_2165088_6570164"
            ],
            [
                "Glue for Slime",
                "/browse/toys/glue-for-slime/4171_645779_2165088_2131853_8604968"
            ],
            [
                "Pre-Made Slime Shop",
                "/browse/toys/pre-made-slime-shop/4171_645779_2165088_9237203"
            ]
        ]
    },
    {
        "title": "Breyer Classics Unicorn Paint Kit Paint Craft Kit (1:12 Scale)",
        "url": "https://www.walmart.com/ip/Breyer-Classics-Unicorn-Paint-Kit-Paint-Craft-Kit-1-12-Scale/483346634",
        "price": "$12.88",
        "stars": "3.0",
        "ratings": "1 ",
        "img": "i5.walmartimages.com/asr/3b0e9fa8-6822-4076-b681-3484efc326f1_1.280b5aabf3c7cd959889f952bb0b5afe.jpeg?odnWidth=612&odnHeight=612&odnBg=ffffff",
        "tags": [
            [
                "Sewing Kits",
                "/browse/arts-crafts-sewing/sewing-kits/1334134_1094704_1285621"
            ],
            [
                "Craft Kits for Teens",
                "/browse/arts-crafts-sewing/craft-kits-for-teens/1334134_6172404_7108348_4022952_2808534"
            ],
            [
                "Craft Kits for Adults",
                "/browse/arts-crafts-sewing/craft-kits-for-adults/1334134_6172404_7108348_4022952_2963273"
            ],
            [
                "Craft Kits for Kids",
                "/browse/arts-crafts-sewing/craft-kits-for-kids/1334134_6172404_7108348_4022952_3971378"
            ],
            [
                "Art & Craft Kits",
                "/browse/arts-crafts-sewing/art-craft-kits/1334134_6172404_7108348_5931536"
            ],
            [
                "Water colors",
                "/browse/arts-crafts-sewing/water-colors/1334134_5899871_7445675_5577403_6107122"
            ],
            [
                "Art Sets",
                "/browse/arts-crafts-sewing/art-sets/1334134_5899871_7148292"
            ],
            [
                "Scrapbooking Kits",
                "/browse/arts-crafts-sewing/scrapbooking-kits/1334134_8495017_8505615"
            ]
        ]
    },
    {
        "title": "Gymax 8'' Heavy Duty Kids Ride-on Sand Dumper Front Tipping w 4 Wheels Sand Toy Gift",
        "url": "https://www.walmart.com/ip/Gymax-8-Heavy-Duty-Kids-Ride-on-Sand-Dumper-Front-Tipping-w-4-Wheels-Sand-Toy-Gift/365669677",
        "price": "$37.99",
        "stars": 0,
        "ratings": 0,
        "img": "i5.walmartimages.com/asr/5edfae80-a4c8-446e-8e7e-6063d8327127_1.6a0abfe826fa8f580fd69300c51dbe06.jpeg?odnWidth=612&odnHeight=612&odnBg=ffffff",
        "tags": [
            [
                "All Sandboxes & Water Tables",
                "/browse/toys/all-sandboxes-water-tables/4171_14521_1999742_133062"
            ],
            [
                "Toys for 2 year old boys",
                "/browse/toys/toys-for-2-year-old-boys/4171_3318550_7016108_3495831"
            ],
            [
                "Gifts for 4 year old boy",
                "/browse/toys/gifts-for-4-year-old-boy/4171_3318550_7016108_4071474"
            ],
            [
                "Toys for 3 year old boys",
                "/browse/toys/toys-for-3-year-old-boys/4171_3318550_7016108_4372226"
            ],
            [
                "Toddler Boy Toys",
                "/browse/toys/toddler-boy-toys/4171_3318550_8469931_7166821"
            ],
            [
                "All Climbers",
                "/browse/toys/all-climbers/4171_14521_6243919_86644"
            ],
            [
                "Toys for 4 year old boys",
                "/browse/toys/toys-for-4-year-old-boys/4171_3318550_7016108_9088809"
            ],
            [
                "Play Sand",
                "/browse/toys/play-sand/4171_645779_9285153_9734670"
            ]
        ]
    }
]