[
    {
        "title": "Melissa & Doug Busy Barn Shaped Jumbo Jigsaw Floor Puzzle (32 pcs, 2 x 3 feet)",
        "url": "https://www.walmart.com/ip/Melissa-Doug-Busy-Barn-Shaped-Jumbo-Jigsaw-Floor-Puzzle-32-pcs-2-x-3-feet/50367973",
        "price": "$9.99",
        "stars": "4.9",
        "ratings": "15 ",
        "img": "",
        "tags": [
            [
                "Learning Playsets",
                "/browse/toys/learning-playsets/4171_56125_1228921"
            ],
            [
                "Wood Puzzles",
                "/browse/toys/wood-puzzles/4171_4191_163840_3670108"
            ],
            [
                "Jigsaw Puzzles",
                "/browse/toys/jigsaw-puzzles/4171_4191_163840_4981610"
            ],
            [
                "Melissa & Doug Dollhouses",
                "/browse/toys/melissa-doug-dollhouses/4171_4187_4668261_5403406"
            ],
            [
                "Melissa & Doug Toys",
                "/browse/toys/melissa-doug-toys/4171_3438149_5908879"
            ],
            [
                "Ravensburger Puzzles",
                "/browse/toys/ravensburger-puzzles/4171_4191_163840_2713586_6289252"
            ],
            [
                "Only at Walmart Games & Puzzles",
                "/browse/toys/only-at-walmart-games-puzzles/4171_4191_6786083"
            ],
            [
                "Kids Puzzles",
                "/browse/toys/kids-puzzles/4171_4191_163840_6928209"
            ]
        ]
    },
    {
        "title": "Magic: The Gathering Double Masters Draft Booster Pack | 15 Magic Cards | 2 Rares | 2 Foils",
        "url": "https://www.walmart.com/ip/Magic-The-Gathering-Double-Masters-Draft-Booster-Pack-15-Magic-Cards-2-Rares-2-Foils/971126455",
        "price": "$12.95",
        "stars": "5.0",
        "ratings": "1 ",
        "img": "i5.walmartimages.com/asr/efd272d6-a58c-4e0f-9ed6-e0a39aebacb7.2ea4d3a00f495b7ea8078db478d977c9.jpeg?odnWidth=612&odnHeight=612&odnBg=ffffff",
        "tags": [
            [
                "Topps",
                "/browse/toys/topps/4171_4191_9807313_6249075_1462910"
            ],
            [
                "Pokemon Collector's Tin",
                "/browse/toys/pokemon-collectors-tin/4171_4191_9807313_4252400_2810627"
            ],
            [
                "Pokemon TCG",
                "/browse/toys/pokemon-tcg/4171_4191_9807313_4252400_4532494"
            ],
            [
                "Pokemon Games",
                "/browse/toys/pokemon-games/4171_7357538_9574778_4713369"
            ],
            [
                "Pokemon Booster Box",
                "/browse/toys/pokemon-booster-box/4171_4191_9807313_4252400_7038039"
            ],
            [
                "Pokemon All Trading Cards",
                "/browse/toys/pokemon-all-trading-cards/4171_4191_9807313_4252400_9497398"
            ]
        ]
    },
    {
        "title": "Classic Games Collection Mega-Screen Solitaire",
        "url": "https://www.walmart.com/ip/Classic-Games-Collection-Mega-Screen-Solitaire/10884252",
        "price": "$29.99",
        "stars": "3.7",
        "ratings": "205 ",
        "img": "",
        "tags": [
            [
                "Electronic Toys",
                "/browse/toys/electronic-toys/4171_1096069_1105959_1096123"
            ],
            [
                "Card Games",
                "/browse/toys/card-games/4171_4191_163842"
            ],
            [
                "Science & Education",
                "/browse/toys/science-education/4171_56125_164140"
            ],
            [
                "Family Games",
                "/browse/toys/family-games/4171_4191_2335373_2204878"
            ],
            [
                "Piggy Banks & Money Jars",
                "/browse/toys/piggy-banks-money-jars/4171_5178010_3859722"
            ],
            [
                "All Board Games",
                "/browse/toys/all-board-games/4171_4191_133123_4497274"
            ]
        ]
    },
    {
        "title": "Pokemon Mystery Power Cube Trading Cards",
        "url": "https://www.walmart.com/ip/Pokemon-Mystery-Power-Cube-Trading-Cards/355589746",
        "price": "$49.99",
        "stars": "1.6",
        "ratings": "27 ",
        "img": "i5.walmartimages.com/asr/edea5208-5b27-476b-a4c9-7f466460a49e_1.4e7e6d0c29da45f648a344a919541f80.jpeg?odnWidth=612&odnHeight=612&odnBg=ffffff",
        "tags": [
            [
                "Pokemon Collector's Tin",
                "/browse/toys/pokemon-collectors-tin/4171_4191_9807313_4252400_2810627"
            ],
            [
                "All Trading Cards",
                "/browse/toys/all-trading-cards/4171_4191_9807313_4193925"
            ],
            [
                "Pokemon TCG",
                "/browse/toys/pokemon-tcg/4171_4191_9807313_4252400_4532494"
            ],
            [
                "Pokemon Games",
                "/browse/toys/pokemon-games/4171_7357538_9574778_4713369"
            ],
            [
                "Pokemon Booster Box",
                "/browse/toys/pokemon-booster-box/4171_4191_9807313_4252400_7038039"
            ],
            [
                "Pokemon Mega Cards",
                "/browse/toys/pokemon-mega-cards/4171_4191_9807313_4252400_8528139"
            ],
            [
                "Pokemon Trainer Box",
                "/browse/toys/pokemon-trainer-box/4171_4191_9807313_4252400_9331354"
            ],
            [
                "Pokemon All Trading Cards",
                "/browse/toys/pokemon-all-trading-cards/4171_4191_9807313_4252400_9497398"
            ]
        ]
    },
    {
        "title": "Abraham Hunter 1000 piece Jigsaw Puzze - Bear Camp",
        "url": "https://www.walmart.com/ip/Abraham-Hunter-1000-piece-Jigsaw-Puzze-Bear-Camp/841522411",
        "price": "$9.97",
        "stars": "3.8",
        "ratings": "6 ",
        "img": "i5.walmartimages.com/asr/935b86ed-0919-495f-8f3e-f876512d05a2_2.24bd11c39651225c55a83c0d03d80ca7.jpeg?odnWidth=612&odnHeight=612&odnBg=ffffff",
        "tags": [
            [
                "500 Piece Jigsaws",
                "/browse/toys/500-piece-jigsaws/4171_4191_163840_2972767"
            ],
            [
                "Thomas Kinkade Puzzles",
                "/browse/toys/thomas-kinkade-puzzles/4171_4191_163840_2713586_3945720"
            ],
            [
                "750 Piece Jigsaws",
                "/browse/toys/750-piece-jigsaws/4171_4191_163840_4166037"
            ],
            [
                "300 Piece Jigsaws",
                "/browse/toys/300-piece-jigsaws/4171_4191_163840_4640812"
            ],
            [
                "Jigsaw Puzzles",
                "/browse/toys/jigsaw-puzzles/4171_4191_163840_4981610"
            ],
            [
                "Ravensburger Puzzles",
                "/browse/toys/ravensburger-puzzles/4171_4191_163840_2713586_6289252"
            ],
            [
                "Kids Puzzles",
                "/browse/toys/kids-puzzles/4171_4191_163840_6928209"
            ],
            [
                "Ceaco Shelf",
                "/browse/toys/ceaco-shelf/4171_4191_163840_7820798"
            ]
        ]
    },
    {
        "title": "Bop It! Electronic Game Star Wars Chewie Edition for Ages 8 and up",
        "url": "https://www.walmart.com/ip/Bop-It-Electronic-Game-Star-Wars-Chewie-Edition-for-Ages-8-and-up/604142249",
        "price": "$12.41",
        "stars": "4.3",
        "ratings": "8 ",
        "img": "i5.walmartimages.com/asr/0caf422c-3a9a-4c74-b875-6db5add71819_2.68eaead8a488370399a131b4650ceb15.jpeg?odnWidth=612&odnHeight=612&odnBg=ffffff",
        "tags": [
            [
                "Electronic Games",
                "/browse/toys/electronic-games/4171_4191_133045"
            ],
            [
                "Bop It",
                "/browse/toys/bop-it/4171_8039111_1780534"
            ],
            [
                "Star Wars Stuffed Animals",
                "/browse/toys/star-wars-stuffed-animals/4171_2724815_2805117"
            ],
            [
                "Frozen Games & Puzzles",
                "/browse/toys/frozen-games-puzzles/4171_7357538_6091150_3595068"
            ],
            [
                "All Board Games",
                "/browse/toys/all-board-games/4171_4191_133123_4497274"
            ],
            [
                "Only at Walmart Games & Puzzles",
                "/browse/toys/only-at-walmart-games-puzzles/4171_4191_6786083"
            ],
            [
                "All Minions Toys",
                "/browse/toys/all-minions-toys/4171_7357538_6852963_7885213"
            ]
        ]
    },
    {
        "title": "Chess (Family Classics)",
        "url": "https://www.walmart.com/ip/Chess-Family-Classics/168155914",
        "price": "$8.99",
        "stars": "4.6",
        "ratings": "13 ",
        "img": "i5.walmartimages.com/asr/9df3064e-6d2e-4ced-885d-a74c76a1e849_1.bf52a4953852cad831bbcc74d7ed888b.jpeg?odnWidth=612&odnHeight=612&odnBg=ffffff",
        "tags": [
            [
                "Classic Games",
                "/browse/toys/classic-games/4171_4191_2084995"
            ],
            [
                "Family Games",
                "/browse/toys/family-games/4171_4191_2335373_2204878"
            ],
            [
                "All Board Games",
                "/browse/toys/all-board-games/4171_4191_133123_4497274"
            ],
            [
                "Monopoly",
                "/browse/toys/monopoly/4171_4191_133123_6792970"
            ],
            [
                "Toys for Kids 12 Years & Up",
                "/browse/toys/toys-for-kids-12-years-up/4171_3318550_1077724_6922509"
            ],
            [
                "Toys for Kids 8 to 11 Years",
                "/browse/toys/toys-for-kids-8-to-11-years/4171_3318550_617942_8104028"
            ],
            [
                "Toys for Kids 5 to 7 Years",
                "/browse/toys/toys-for-kids-5-to-7-years/4171_3318550_617941_8920388"
            ]
        ]
    },
    {
        "title": "Tumblin' Monkeys Skill Kids Game for 2-4 Players Ages 5Y+",
        "url": "https://www.walmart.com/ip/Tumblin-Monkeys-Skill-Kids-Game-for-2-4-Players-Ages-5Y/24874130",
        "price": "$15.79",
        "stars": "4.7",
        "ratings": "36 ",
        "img": "i5.walmartimages.com/asr/8046ff78-6325-4f59-98ac-2ffc8d2192a2_1.f30c39f28b4575648c1c7fc7ae30125b.jpeg?odnWidth=612&odnHeight=612&odnBg=ffffff",
        "tags": [
            [
                "Classic Games",
                "/browse/toys/classic-games/4171_4191_2084995"
            ],
            [
                "Family Games",
                "/browse/toys/family-games/4171_4191_2335373_2204878"
            ],
            [
                "All Board Games",
                "/browse/toys/all-board-games/4171_4191_133123_4497274"
            ],
            [
                "0-12 Months",
                "/browse/toys/0-12-months/4171_2724815_4763212"
            ],
            [
                "Only at Walmart Games & Puzzles",
                "/browse/toys/only-at-walmart-games-puzzles/4171_4191_6786083"
            ],
            [
                "Toys for Kids 5 to 7 Years",
                "/browse/toys/toys-for-kids-5-to-7-years/4171_3318550_617941_8920388"
            ],
            [
                "Adult Games",
                "/browse/toys/adult-games/4171_4191_2335373_9523585"
            ]
        ]
    },
    {
        "title": "Melissa & Doug Under the Sea Ocean Animals Wooden Jigsaw Puzzle With Storage Tray (24 pcs)",
        "url": "https://www.walmart.com/ip/Melissa-Doug-Under-the-Sea-Ocean-Animals-Wooden-Jigsaw-Puzzle-With-Storage-Tray-24-pcs/24576079",
        "price": "$7.99",
        "stars": "4.8",
        "ratings": "18 ",
        "img": "",
        "tags": [
            [
                "Wooden Toys",
                "/browse/toys/wooden-toys/4171_56125_1229854"
            ],
            [
                "Wood Puzzles",
                "/browse/toys/wood-puzzles/4171_4191_163840_3670108"
            ],
            [
                "Jigsaw Puzzles",
                "/browse/toys/jigsaw-puzzles/4171_4191_163840_4981610"
            ],
            [
                "Melissa & Doug Toys",
                "/browse/toys/melissa-doug-toys/4171_3438149_5908879"
            ],
            [
                "Ravensburger Puzzles",
                "/browse/toys/ravensburger-puzzles/4171_4191_163840_2713586_6289252"
            ],
            [
                "Only at Walmart Games & Puzzles",
                "/browse/toys/only-at-walmart-games-puzzles/4171_4191_6786083"
            ],
            [
                "Math Toys for Kids",
                "/browse/toys/math-toys-for-kids/4171_1229858_6906869"
            ],
            [
                "Kids Puzzles",
                "/browse/toys/kids-puzzles/4171_4191_163840_6928209"
            ]
        ]
    },
    {
        "title": "I SPY Eagle Eye Game",
        "url": "https://www.walmart.com/ip/I-SPY-Eagle-Eye-Game/5983131",
        "price": "$14.97",
        "stars": "4.7",
        "ratings": "10 ",
        "img": "i5.walmartimages.com/asr/1e28641c-6449-47d9-b48a-61e973dc8b96_2.50d8a5517f44f92d2de2a86f3a855ca8.jpeg?odnWidth=612&odnHeight=612&odnBg=ffffff",
        "tags": [
            [
                "Shop Toys by Price",
                "/browse/shop-toys-by-price/4171_1263324"
            ],
            [
                "Card Games",
                "/browse/toys/card-games/4171_4191_163842"
            ],
            [
                "Family Games",
                "/browse/toys/family-games/4171_4191_2335373_2204878"
            ],
            [
                "All Board Games",
                "/browse/toys/all-board-games/4171_4191_133123_4497274"
            ],
            [
                "Math Toys for Kids",
                "/browse/toys/math-toys-for-kids/4171_1229858_6906869"
            ],
            [
                "Toys for Kids 5 to 7 Years",
                "/browse/toys/toys-for-kids-5-to-7-years/4171_3318550_617941_8920388"
            ],
            [
                "Adult Games",
                "/browse/toys/adult-games/4171_4191_2335373_9523585"
            ]
        ]
    }
]