[
    {
        "title": "My Little Pony the Movie Glitter and Glow Princess Celestia",
        "url": "https://www.walmart.com/ip/My-Little-Pony-the-Movie-Glitter-and-Glow-Princess-Celestia/994771445",
        "price": "$16.97",
        "stars": 0,
        "ratings": 0,
        "img": "i5.walmartimages.com/asr/8fe2179f-5a38-4934-b1c5-ff08dbe8d496_1.af12ce0f0b5dbee2c78b1143a33ffbc4.jpeg?odnWidth=612&odnHeight=612&odnBg=ffffff",
        "tags": [
            [
                "Collectible Dolls",
                "/browse/toys/collectible-dolls/4171_4187_6904958_132911"
            ],
            [
                "Baby Dolls",
                "/browse/toys/baby-dolls/4171_4187_133124"
            ],
            [
                "Playsets",
                "/browse/toys/playsets/4171_4187_4668261_5230467"
            ],
            [
                "Gifts for 4 year old girl",
                "/browse/toys/gifts-for-4-year-old-girl/4171_3318550_7016108_5578128"
            ],
            [
                "Toys for 2 year old girls",
                "/browse/toys/toys-for-2-year-old-girls/4171_3318550_7016108_7112114"
            ],
            [
                "Toys for 3 year old girls",
                "/browse/toys/toys-for-3-year-old-girls/4171_3318550_7016108_7213465"
            ],
            [
                "My Little Pony Stuffed Animals",
                "/browse/toys/my-little-pony-stuffed-animals/4171_2724815_7989442"
            ],
            [
                "Toys for 4 year old girls",
                "/browse/toys/toys-for-4-year-old-girls/4171_3318550_7016108_8608370"
            ]
        ]
    },
    {
        "title": "My Little Pony: The Movie Pinkie Pie Swimming Seapony",
        "url": "https://www.walmart.com/ip/My-Little-Pony-The-Movie-Pinkie-Pie-Swimming-Seapony/837555343",
        "price": "$21.98",
        "stars": "3.5",
        "ratings": "85 ",
        "img": "",
        "tags": [
            [
                "Collectible Dolls",
                "/browse/toys/collectible-dolls/4171_4187_6904958_132911"
            ],
            [
                "My Little Pony Dolls",
                "/browse/toys/my-little-pony-dolls/4171_4187_8051423_3055285"
            ],
            [
                "Gifts for 4 year old girl",
                "/browse/toys/gifts-for-4-year-old-girl/4171_3318550_7016108_5578128"
            ],
            [
                "Play-Doh Licensed Sets",
                "/browse/toys/play-doh-licensed-sets/4171_645779_9285153_6910681"
            ],
            [
                "Toys for 2 year old girls",
                "/browse/toys/toys-for-2-year-old-girls/4171_3318550_7016108_7112114"
            ],
            [
                "Toys for 3 year old girls",
                "/browse/toys/toys-for-3-year-old-girls/4171_3318550_7016108_7213465"
            ],
            [
                "My Little Pony Stuffed Animals",
                "/browse/toys/my-little-pony-stuffed-animals/4171_2724815_7989442"
            ],
            [
                "Toys for 4 year old girls",
                "/browse/toys/toys-for-4-year-old-girls/4171_3318550_7016108_8608370"
            ]
        ]
    },
    {
        "title": "TRANSFORMERS CYBERVERSE SCOUT GRIMLOCK",
        "url": "https://www.walmart.com/ip/TRANSFORMERS-CYBERVERSE-SCOUT-GRIMLOCK/201910575",
        "price": "$20.88",
        "stars": "5.0",
        "ratings": "1 ",
        "img": "i5.walmartimages.com/asr/267fef17-ba7e-41cb-9701-0459f18a6dbc_1.c16b5d43b2c9ed482548597a8fd31e9d.jpeg?odnWidth=612&odnHeight=612&odnBg=ffffff",
        "tags": [
            [
                "Transformers Megatron Action Figures",
                "/browse/toys/transformers-megatron-action-figures/4171_4172_1261291"
            ],
            [
                "Transformers Bumblebee Action Figures",
                "/browse/toys/transformers-bumblebee-action-figures/4171_4172_2378689"
            ],
            [
                "Transformers Toys",
                "/browse/toys/transformers-toys/4171_4172_2616268"
            ],
            [
                "Transformers Optimus Prime Action Figures",
                "/browse/toys/transformers-optimus-prime-action-figures/4171_4172_5297444"
            ],
            [
                "Transformers Studio Series",
                "/browse/toys/transformers-studio-series/4171_4172_5647346"
            ],
            [
                "Transformers Bumblebee Cyberverse Adventure Action Figures",
                "/browse/toys/transformers-bumblebee-cyberverse-adventure-action-figures/4171_4172_7857064"
            ],
            [
                "Playskool Transformers",
                "/browse/toys/playskool-transformers/4171_4172_1574302_9342581"
            ],
            [
                "Transformers Shockwave Action Figures",
                "/browse/toys/transformers-shockwave-action-figures/4171_4172_9492767"
            ]
        ]
    },
    {
        "title": "Fisher-Price Little People Farmer Mia Figure",
        "url": "https://www.walmart.com/ip/Fisher-Price-Little-People-Farmer-Mia-Figure/690467240",
        "price": "$14.88",
        "stars": 0,
        "ratings": 0,
        "img": "",
        "tags": [
            [
                "Learning Playsets",
                "/browse/toys/learning-playsets/4171_56125_1228921"
            ],
            [
                "Toys for 6 year old girls",
                "/browse/toys/toys-for-6-year-old-girls/4171_3318550_617941_1397063"
            ],
            [
                "Toys for 7 year old girls",
                "/browse/toys/toys-for-7-year-old-girls/4171_3318550_617941_2727421"
            ],
            [
                "Toys for age  5-7  girls",
                "/browse/toys/toys-for-age-5-7-girls/4171_3318550_617941_3180067"
            ],
            [
                "Toys for age  5-7  boys",
                "/browse/toys/toys-for-age-5-7-boys/4171_3318550_617941_3547854"
            ],
            [
                "Toys for 6 year old boys",
                "/browse/toys/toys-for-6-year-old-boys/4171_3318550_617941_4568556"
            ],
            [
                "Gifts for 5 year old boys",
                "/browse/toys/gifts-for-5-year-old-boys/4171_3318550_617941_6044862"
            ],
            [
                "Toys for 5 year old girls",
                "/browse/toys/toys-for-5-year-old-girls/4171_3318550_617941_8185860"
            ]
        ]
    },
    {
        "title": "Epic Skates Epic Neon Pink Nitro Quad Speed Roller Skates",
        "url": "https://www.walmart.com/ip/Epic-Skates-Epic-Neon-Pink-Nitro-Quad-Speed-Roller-Skates/50165910",
        "price": "$81.99",
        "stars": 0,
        "ratings": 0,
        "img": "",
        "tags": [
            [
                "Sports & Duffel Bags",
                "/browse/sports-outdoors/sports-duffel-bags/4125_4161_1043958"
            ],
            [
                "Golf Balls",
                "/browse/sports-outdoors/golf-balls/4125_4161_4152_5208"
            ],
            [
                "Bike Pads",
                "/browse/sports-outdoors/bike-pads/4125_1081404_7258752_5248669"
            ],
            [
                "Skate Wheels",
                "/browse/sports-outdoors/skate-wheels/4125_1224931_7628560_8241867_5339242"
            ],
            [
                "Skateboard Parts",
                "/browse/sports-outdoors/skateboard-parts/4125_1224931_7628560_3297420_5930613"
            ],
            [
                "Bike Helmets",
                "/browse/sports-outdoors/bike-helmets/4125_1081404_7258752_6249551"
            ],
            [
                "Inline Skates",
                "/browse/sports-outdoors/inline-skates/4125_1224931_7628560_8241867_8914833"
            ],
            [
                "Skateboard Helmets",
                "/browse/sports-outdoors/skateboard-helmets/4125_1224931_7628560_3297420_9909579"
            ]
        ]
    },
    {
        "title": "Transformers Studio Series 30 Deluxe Class Dark of the Moon Crankcase",
        "url": "https://www.walmart.com/ip/Transformers-Studio-Series-30-Deluxe-Class-Dark-of-the-Moon-Crankcase/668309625",
        "price": "$19.99",
        "stars": "3.0",
        "ratings": "2 ",
        "img": "i5.walmartimages.com/asr/fe191a8c-e803-4392-944d-999bd1a04974_1.0ede04068a071ea6488a0a0221fe2945.jpeg?odnWidth=612&odnHeight=612&odnBg=ffffff",
        "tags": [
            [
                "Transformers Megatron Action Figures",
                "/browse/toys/transformers-megatron-action-figures/4171_4172_1261291"
            ],
            [
                "Transformers Soundwave Action Figures",
                "/browse/toys/transformers-soundwave-action-figures/4171_4172_1726348"
            ],
            [
                "Transformers Bumblebee Action Figures",
                "/browse/toys/transformers-bumblebee-action-figures/4171_4172_2378689"
            ],
            [
                "Transformers Action Figures",
                "/browse/toys/transformers-action-figures/4171_7357538_2510286"
            ],
            [
                "Transformers Toys",
                "/browse/toys/transformers-toys/4171_4172_2616268"
            ],
            [
                "Transformers Optimus Prime Action Figures",
                "/browse/toys/transformers-optimus-prime-action-figures/4171_4172_5297444"
            ],
            [
                "Transformers Studio Series",
                "/browse/toys/transformers-studio-series/4171_4172_5647346"
            ],
            [
                "Transformers Bumblebee Cyberverse Adventure Action Figures",
                "/browse/toys/transformers-bumblebee-cyberverse-adventure-action-figures/4171_4172_7857064"
            ]
        ]
    },
    {
        "title": "Ghostbusters 6\" Slimer Plush",
        "url": "https://www.walmart.com/ip/Ghostbusters-6-Slimer-Plush/48188016",
        "price": "$14.87",
        "stars": 0,
        "ratings": 0,
        "img": "",
        "tags": [
            [
                "Shop All Car Tracks",
                "/browse/toys/shop-all-car-tracks/4171_1111647_132910_132968"
            ],
            [
                "Shop All Playmobil",
                "/browse/toys/shop-all-playmobil/4171_4186_1345489_1682540_1938735"
            ],
            [
                "Building Toys Ages 5 to 7",
                "/browse/toys/building-toys-ages-5-to-7/4171_4186_3153072"
            ],
            [
                "Building Toys Ages 8 to 11",
                "/browse/toys/building-toys-ages-8-to-11/4171_4186_6416592"
            ],
            [
                "All Building Play Sets",
                "/browse/toys/all-building-play-sets/4171_4186_1345489_7237730"
            ],
            [
                "Ghostbusters Funko Pop",
                "/browse/toys/ghostbusters-funko-pop/4171_4172_4294413_8067079"
            ],
            [
                "Pre-Made Slime Shop",
                "/browse/toys/pre-made-slime-shop/4171_645779_2165088_9237203"
            ]
        ]
    },
    {
        "title": "Ty My little Pony Princess Celestia, Cadance, and luna Set",
        "url": "https://www.walmart.com/ip/Ty-My-little-Pony-Princess-Celestia-Cadance-and-luna-Set/843902930",
        "price": "$49.99",
        "stars": 0,
        "ratings": 0,
        "img": "i5.walmartimages.com/asr/578544eb-739c-421d-8241-5c2131d5253d_1.4589c7ce3a88d5b1a1a600dcd7b59a64.jpeg?odnWidth=612&odnHeight=612&odnBg=ffffff",
        "tags": [
            [
                "Collectible Dolls",
                "/browse/toys/collectible-dolls/4171_4187_6904958_132911"
            ],
            [
                "TY Stuffed Animals",
                "/browse/toys/ty-stuffed-animals/4171_2724815_2752239"
            ],
            [
                "TV & Movie Playsets",
                "/browse/toys/tv-movie-playsets/4171_4172_9845227_4517984"
            ],
            [
                "Gifts for 4 year old girl",
                "/browse/toys/gifts-for-4-year-old-girl/4171_3318550_7016108_5578128"
            ],
            [
                "Toys for 2 year old girls",
                "/browse/toys/toys-for-2-year-old-girls/4171_3318550_7016108_7112114"
            ],
            [
                "Toys for 3 year old girls",
                "/browse/toys/toys-for-3-year-old-girls/4171_3318550_7016108_7213465"
            ],
            [
                "My Little Pony Stuffed Animals",
                "/browse/toys/my-little-pony-stuffed-animals/4171_2724815_7989442"
            ],
            [
                "Toys for 4 year old girls",
                "/browse/toys/toys-for-4-year-old-girls/4171_3318550_7016108_8608370"
            ]
        ]
    },
    {
        "title": "Funko POP! Rocks - Def Leppard - Joe Elliott",
        "url": "https://www.walmart.com/ip/Funko-POP-Rocks-Def-Leppard-Joe-Elliott/474895799",
        "price": "$8.78",
        "stars": "5.0",
        "ratings": "4 ",
        "img": "i5.walmartimages.com/asr/57c90102-5295-423e-a74a-a8ce7706a93f_2.a1ff08aa155e793f6da007f2bd2ea3bc.png?odnWidth=612&odnHeight=612&odnBg=ffffff",
        "tags": [
            [
                "Learning Accessories",
                "/browse/toys/learning-accessories/4171_56125_1095164"
            ],
            [
                "Star Wars Action Figures",
                "/browse/toys/star-wars-action-figures/4171_4172_1606899"
            ],
            [
                "Astronomy Toys for Kids",
                "/browse/toys/astronomy-toys-for-kids/4171_1229858_4194520"
            ],
            [
                "Funko Pop Animation",
                "/browse/toys/funko-pop-animation/4171_4172_4294413_4803523"
            ],
            [
                "Funko Pop Rocks",
                "/browse/toys/funko-pop-rocks/4171_4172_4294413_5788286"
            ],
            [
                "Aurora Plush",
                "/browse/toys/aurora-plush/4171_2724815_9219510"
            ],
            [
                "Toy Tools",
                "/browse/toys/toy-tools/4171_4173_5725542_9509537"
            ]
        ]
    },
    {
        "title": "Transformers Titans Return Bumblebee Action Figure",
        "url": "https://www.walmart.com/ip/Transformers-Titans-Return-Bumblebee-Action-Figure/309617667",
        "price": "$16.46",
        "stars": "5.0",
        "ratings": "1 ",
        "img": "",
        "tags": [
            [
                "All Collectible Figures",
                "/browse/toys/all-collectible-figures/4171_2229239_1231181"
            ],
            [
                "Transformers Bumblebee Action Figures",
                "/browse/toys/transformers-bumblebee-action-figures/4171_4172_2378689"
            ],
            [
                "Transformers Toys",
                "/browse/toys/transformers-toys/4171_4172_2616268"
            ],
            [
                "Playskool",
                "/browse/toys/playskool/4171_4172_1574302_5163095"
            ],
            [
                "Transformers Optimus Prime Action Figures",
                "/browse/toys/transformers-optimus-prime-action-figures/4171_4172_5297444"
            ],
            [
                "Transformers Studio Series",
                "/browse/toys/transformers-studio-series/4171_4172_5647346"
            ],
            [
                "Transformers Bumblebee Cyberverse Adventure Action Figures",
                "/browse/toys/transformers-bumblebee-cyberverse-adventure-action-figures/4171_4172_7857064"
            ],
            [
                "Playskool Transformers",
                "/browse/toys/playskool-transformers/4171_4172_1574302_9342581"
            ]
        ]
    }
]