[
    {
        "title": "Dragon Ball Super Funko POP! Animation Super Saiyan Future Trunks Vinyl Figure",
        "url": "https://www.walmart.com/ip/Dragon-Ball-Super-Funko-POP-Animation-Super-Saiyan-Future-Trunks-Vinyl-Figure/446525259",
        "price": "$33.62",
        "stars": 0,
        "ratings": 0,
        "img": "",
        "tags": [
            [
                "Bobble Heads",
                "/browse/toys/bobble-heads/4171_4172_1224720"
            ],
            [
                "Funko Pop Animation",
                "/browse/toys/funko-pop-animation/4171_4172_4294413_4803523"
            ],
            [
                "Dragon Toys",
                "/browse/toys/dragon-toys/4171_7357538_5461952"
            ],
            [
                "Dragon Ball Funko Pop",
                "/browse/toys/dragon-ball-funko-pop/4171_4172_4294413_5872962"
            ],
            [
                "Funko Pop Anime",
                "/browse/toys/funko-pop-anime/4171_4172_4294413_7026481"
            ],
            [
                "NBA Funko Pop",
                "/browse/toys/nba-funko-pop/4171_4172_4294413_4542930_7925123"
            ],
            [
                "All Dragon Ball Toys",
                "/browse/toys/all-dragon-ball-toys/4171_7357538_5938418_8661974"
            ]
        ]
    },
    {
        "title": "Transformers Generations Titans Return Autobot Perceptor and Convex",
        "url": "https://www.walmart.com/ip/Transformers-Generations-Titans-Return-Autobot-Perceptor-and-Convex/55177934",
        "price": "$98.99",
        "stars": 0,
        "ratings": 0,
        "img": "i5.walmartimages.com/asr/65af38a3-f2dd-4f0d-9039-49f2240b07f4_1.f327ec67d6287f3767f9a1fb47f91218.jpeg?odnWidth=612&odnHeight=612&odnBg=ffffff",
        "tags": [
            [
                "Transformers Action Figures",
                "/browse/toys/transformers-action-figures/4171_7357538_2510286"
            ],
            [
                "Transformers Toys",
                "/browse/toys/transformers-toys/4171_4172_2616268"
            ],
            [
                "Toys for 11 year old girls",
                "/browse/toys/toys-for-11-year-old-girls/4171_3318550_617942_5411280"
            ],
            [
                "Transformers Studio Series",
                "/browse/toys/transformers-studio-series/4171_4172_5647346"
            ],
            [
                "Toys for 10 year olds girl",
                "/browse/toys/toys-for-10-year-olds-girl/4171_3318550_617942_7665267"
            ],
            [
                "Gifts for 11 year olds girl",
                "/browse/toys/gifts-for-11-year-olds-girl/4171_3318550_617942_7978116"
            ],
            [
                "Gifts for 7 year old girls",
                "/browse/toys/gifts-for-7-year-old-girls/4171_3318550_617941_8255142"
            ],
            [
                "Gifts for 10 year old girls",
                "/browse/toys/gifts-for-10-year-old-girls/4171_3318550_617942_8441708"
            ]
        ]
    },
    {
        "title": "Ghostbusters Select Series 2 Dana Action Figure",
        "url": "https://www.walmart.com/ip/Ghostbusters-Select-Series-2-Dana-Action-Figure/51232972",
        "price": "$25.02",
        "stars": 0,
        "ratings": 0,
        "img": "i5.walmartimages.com/asr/2702e6c5-6903-4abc-9687-98a112cff64f_1.d53db15025ab500655d730bd6d73ec70.jpeg?odnWidth=612&odnHeight=612&odnBg=ffffff",
        "tags": [
            [
                "Gifts for 8 year old girls",
                "/browse/toys/gifts-for-8-year-old-girls/4171_3318550_617942_1924009"
            ],
            [
                "Diamond Select Toys",
                "/browse/toys/diamond-select-toys/4171_2229239_8665809_1984158"
            ],
            [
                "Ghostbusters Toys",
                "/browse/toys/ghostbusters-toys/4171_2065565_4138884"
            ],
            [
                "Gifts for 9 year old girls",
                "/browse/toys/gifts-for-9-year-old-girls/4171_3318550_617942_6025053"
            ],
            [
                "Toys for 9 year olds",
                "/browse/toys/toys-for-9-year-olds/4171_3318550_617942_7393381"
            ],
            [
                "Toys for 10 year olds girl",
                "/browse/toys/toys-for-10-year-olds-girl/4171_3318550_617942_7665267"
            ],
            [
                "Gifts for 11 year olds girl",
                "/browse/toys/gifts-for-11-year-olds-girl/4171_3318550_617942_7978116"
            ],
            [
                "Gifts for 10 year old girls",
                "/browse/toys/gifts-for-10-year-old-girls/4171_3318550_617942_8441708"
            ]
        ]
    },
    {
        "title": "Transformers Generations Titans Return Titan Master Fracas and Scourge",
        "url": "https://www.walmart.com/ip/Transformers-Generations-Titans-Return-Titan-Master-Fracas-and-Scourge/49802133",
        "price": "$37.05",
        "stars": "4.0",
        "ratings": "7 ",
        "img": "i5.walmartimages.com/asr/d45dbaa0-1eb8-4a42-b7d0-c735d7a6decd_1.6333893424ac4b54ad6559d1613b2502.jpeg?odnWidth=612&odnHeight=612&odnBg=ffffff",
        "tags": [
            [
                "Gifts for 8 year old girls",
                "/browse/toys/gifts-for-8-year-old-girls/4171_3318550_617942_1924009"
            ],
            [
                "Transformers Bumblebee Action Figures",
                "/browse/toys/transformers-bumblebee-action-figures/4171_4172_2378689"
            ],
            [
                "Transformers Action Figures",
                "/browse/toys/transformers-action-figures/4171_7357538_2510286"
            ],
            [
                "Transformers Toys",
                "/browse/toys/transformers-toys/4171_4172_2616268"
            ],
            [
                "Transformers Studio Series",
                "/browse/toys/transformers-studio-series/4171_4172_5647346"
            ],
            [
                "Gifts for 11 year olds girl",
                "/browse/toys/gifts-for-11-year-olds-girl/4171_3318550_617942_7978116"
            ],
            [
                "Gifts for 7 year old girls",
                "/browse/toys/gifts-for-7-year-old-girls/4171_3318550_617941_8255142"
            ],
            [
                "Gifts for 10 year old girls",
                "/browse/toys/gifts-for-10-year-old-girls/4171_3318550_617942_8441708"
            ]
        ]
    },
    {
        "title": "Transformers-hasbro Tra Mv3 Dlx Starscream",
        "url": "https://www.walmart.com/ip/Transformers-hasbro-Tra-Mv3-Dlx-Starscream/15902807",
        "price": "$66.98",
        "stars": "4.5",
        "ratings": "2 ",
        "img": "",
        "tags": [
            [
                "Transformers Megatron Action Figures",
                "/browse/toys/transformers-megatron-action-figures/4171_4172_1261291"
            ],
            [
                "Transformers Bumblebee Action Figures",
                "/browse/toys/transformers-bumblebee-action-figures/4171_4172_2378689"
            ],
            [
                "Transformers Action Figures",
                "/browse/toys/transformers-action-figures/4171_7357538_2510286"
            ],
            [
                "Transformers Toys",
                "/browse/toys/transformers-toys/4171_4172_2616268"
            ],
            [
                "Transformers G1 Action Figures",
                "/browse/toys/transformers-g1-action-figures/4171_4172_5103029"
            ],
            [
                "Transformers Optimus Prime Action Figures",
                "/browse/toys/transformers-optimus-prime-action-figures/4171_4172_5297444"
            ],
            [
                "Transformers Studio Series",
                "/browse/toys/transformers-studio-series/4171_4172_5647346"
            ],
            [
                "Transformers Bumblebee Cyberverse Adventure Action Figures",
                "/browse/toys/transformers-bumblebee-cyberverse-adventure-action-figures/4171_4172_7857064"
            ]
        ]
    },
    {
        "title": "Pop Dragon Ball Super Future Trunks Vinyl Figure (Other)",
        "url": "https://www.walmart.com/ip/Pop-Dragon-Ball-Super-Future-Trunks-Vinyl-Figure-Other/795392451",
        "price": "$11.99",
        "stars": 0,
        "ratings": 0,
        "img": "i5.walmartimages.com/asr/905e636c-3b98-4f93-87a7-3f50c4dc347c.42125b5e48c3b0fe0c9b642468378c04.jpeg?odnWidth=612&odnHeight=612&odnBg=ffffff",
        "tags": [
            [
                "Bobble Heads",
                "/browse/toys/bobble-heads/4171_4172_1224720"
            ],
            [
                "Collectible Dolls",
                "/browse/toys/collectible-dolls/4171_4187_6904958_132911"
            ],
            [
                "Funko Pop Animation",
                "/browse/toys/funko-pop-animation/4171_4172_4294413_4803523"
            ],
            [
                "Dragon Toys",
                "/browse/toys/dragon-toys/4171_7357538_5461952"
            ],
            [
                "Dragon Ball Funko Pop",
                "/browse/toys/dragon-ball-funko-pop/4171_4172_4294413_5872962"
            ],
            [
                "Funko Pop Anime",
                "/browse/toys/funko-pop-anime/4171_4172_4294413_7026481"
            ],
            [
                "All Dragon Ball Toys",
                "/browse/toys/all-dragon-ball-toys/4171_7357538_5938418_8661974"
            ]
        ]
    },
    {
        "title": "Ghostbusters 5\" Stay Puft Marshmallow Man Plush",
        "url": "https://www.walmart.com/ip/Ghostbusters-5-Stay-Puft-Marshmallow-Man-Plush/303403006",
        "price": "$12.99",
        "stars": 0,
        "ratings": 0,
        "img": "i5.walmartimages.com/asr/df54c843-6ddf-4dfa-854a-75b5c7a99bfd_1.da2329007623ddcd2840a92ce284b67e.jpeg?odnWidth=612&odnHeight=612&odnBg=ffffff",
        "tags": [
            [
                "Shop All Playmobil",
                "/browse/toys/shop-all-playmobil/4171_4186_1345489_1682540_1938735"
            ],
            [
                "Diamond Select Toys",
                "/browse/toys/diamond-select-toys/4171_2229239_8665809_1984158"
            ],
            [
                "Building Toys Ages 5 to 7",
                "/browse/toys/building-toys-ages-5-to-7/4171_4186_3153072"
            ],
            [
                "0-12 Months",
                "/browse/toys/0-12-months/4171_2724815_4763212"
            ],
            [
                "Building Toys Ages 8 to 11",
                "/browse/toys/building-toys-ages-8-to-11/4171_4186_6416592"
            ],
            [
                "All Building Play Sets",
                "/browse/toys/all-building-play-sets/4171_4186_1345489_7237730"
            ],
            [
                "Ghostbusters Funko Pop",
                "/browse/toys/ghostbusters-funko-pop/4171_4172_4294413_8067079"
            ]
        ]
    },
    {
        "title": "GI Joe Pursuit of Cobra Rock Viper 3.75\" Action Figure",
        "url": "https://www.walmart.com/ip/GI-Joe-Pursuit-of-Cobra-Rock-Viper-3-75-Action-Figure/112617008",
        "price": "$59.99",
        "stars": 0,
        "ratings": 0,
        "img": "",
        "tags": [
            [
                "Kiddie Pools",
                "/browse/toys/kiddie-pools/4171_14521_132873_1218921_1218925"
            ],
            [
                "Bobble Heads",
                "/browse/toys/bobble-heads/4171_4172_1224720"
            ],
            [
                "All Swimming Pools",
                "/browse/toys/all-swimming-pools/4171_14521_132873_1218921_2626562"
            ],
            [
                "Shop All G.I. Joe Toys",
                "/browse/toys/shop-all-gi-joe-toys/4171_2065565_2550311_5318328"
            ],
            [
                "Avengers Endgame Funko Pop",
                "/browse/toys/avengers-endgame-funko-pop/4171_4172_4294413_6057205"
            ],
            [
                "Disney Funko Pop",
                "/browse/toys/disney-funko-pop/4171_4172_4294413_6491864"
            ],
            [
                "Stranger Things All Toys",
                "/browse/toys/stranger-things-all-toys/4171_7357538_3543750_6612531"
            ],
            [
                "Stranger Things Funko Pop",
                "/browse/toys/stranger-things-funko-pop/4171_7357538_3543750_7970893"
            ]
        ]
    },
    {
        "title": "Transformers Action Attackers Bumblebee Action Figure",
        "url": "https://www.walmart.com/ip/Transformers-Action-Attackers-Bumblebee-Action-Figure/132167150",
        "price": "$14.99",
        "stars": 0,
        "ratings": 0,
        "img": "i5.walmartimages.com/asr/0eb10aba-748b-42fb-a9c3-02102859d7b6.9612db9d2f9206d2f24f4595aba4658d.jpeg?odnWidth=612&odnHeight=612&odnBg=ffffff",
        "tags": []
    },
    {
        "title": "FUNKO PLAYMOBIL: BACK TO THE FUTURE - DOC",
        "url": "https://www.walmart.com/ip/FUNKO-PLAYMOBIL-BACK-TO-THE-FUTURE-DOC/964342206",
        "price": "$22.97",
        "stars": 0,
        "ratings": 0,
        "img": "",
        "tags": [
            [
                "Shop All Playmobil",
                "/browse/toys/shop-all-playmobil/4171_4186_1345489_1682540_1938735"
            ],
            [
                "Walmart Exclusive Funko Pop",
                "/browse/toys/walmart-exclusive-funko-pop/4171_4172_4294413_2884519"
            ],
            [
                "Back to the Future Funko Pop",
                "/browse/toys/back-to-the-future-funko-pop/4171_4172_4294413_3066981"
            ],
            [
                "Building Toys Ages 5 to 7",
                "/browse/toys/building-toys-ages-5-to-7/4171_4186_3153072"
            ],
            [
                "Back to the Future Toys",
                "/browse/toys/back-to-the-future-toys/4171_7357538_5799115"
            ],
            [
                "Building Toys Ages 8 to 11",
                "/browse/toys/building-toys-ages-8-to-11/4171_4186_6416592"
            ],
            [
                "All Building Play Sets",
                "/browse/toys/all-building-play-sets/4171_4186_1345489_7237730"
            ]
        ]
    }
]