[
    {
        "title": "Transformers War for Cybertron: Siege Micromaster WFC-S5 Autobot Battle Patrol",
        "url": "https://www.walmart.com/ip/Transformers-War-for-Cybertron-Siege-Micromaster-WFC-S5-Autobot-Battle-Patrol/279814841",
        "price": "$9.99",
        "stars": "4.0",
        "ratings": "3 ",
        "img": "i5.walmartimages.com/asr/7bf22719-b408-4738-ae6c-a649a6ed932d_1.0e21df0ff737d88024e1b4bf5ba170c1.jpeg?odnWidth=612&odnHeight=612&odnBg=ffffff",
        "tags": [
            [
                "Transformers Soundwave Action Figures",
                "/browse/toys/transformers-soundwave-action-figures/4171_4172_1726348"
            ],
            [
                "Transformers Bumblebee Action Figures",
                "/browse/toys/transformers-bumblebee-action-figures/4171_4172_2378689"
            ],
            [
                "Transformers Action Figures",
                "/browse/toys/transformers-action-figures/4171_7357538_2510286"
            ],
            [
                "Transformers Toys",
                "/browse/toys/transformers-toys/4171_4172_2616268"
            ],
            [
                "Transformers Optimus Prime Action Figures",
                "/browse/toys/transformers-optimus-prime-action-figures/4171_4172_5297444"
            ],
            [
                "Transformers Studio Series",
                "/browse/toys/transformers-studio-series/4171_4172_5647346"
            ],
            [
                "Gifts for 9 year old girls",
                "/browse/toys/gifts-for-9-year-old-girls/4171_3318550_617942_6025053"
            ],
            [
                "Transformers Bumblebee Cyberverse Adventure Action Figures",
                "/browse/toys/transformers-bumblebee-cyberverse-adventure-action-figures/4171_4172_7857064"
            ]
        ]
    },
    {
        "title": "My Little Pony Equestria Girls Minis Lessons and Laughs Class Set",
        "url": "https://www.walmart.com/ip/My-Little-Pony-Equestria-Girls-Minis-Lessons-and-Laughs-Class-Set/48947329",
        "price": "$24.88",
        "stars": 0,
        "ratings": 0,
        "img": "i5.walmartimages.com/asr/8eb6d5db-99aa-408d-b72a-04aed6994ccf_1.03f04d1eded485a72172d49105df3cc9.jpeg?odnWidth=612&odnHeight=612&odnBg=ffffff",
        "tags": [
            [
                "Dollhouses & Play Sets",
                "/browse/toys/dollhouses-play-sets/4171_4187_133126"
            ],
            [
                "My Little Pony Dolls",
                "/browse/toys/my-little-pony-dolls/4171_4187_8051423_3055285"
            ],
            [
                "Playsets",
                "/browse/toys/playsets/4171_4187_4668261_5230467"
            ],
            [
                "Gifts for 4 year old girl",
                "/browse/toys/gifts-for-4-year-old-girl/4171_3318550_7016108_5578128"
            ],
            [
                "Toys for 2 year old girls",
                "/browse/toys/toys-for-2-year-old-girls/4171_3318550_7016108_7112114"
            ],
            [
                "Toys for 3 year old girls",
                "/browse/toys/toys-for-3-year-old-girls/4171_3318550_7016108_7213465"
            ],
            [
                "Fashion Dolls",
                "/browse/toys/fashion-dolls/4171_4187_8051423_7344622"
            ],
            [
                "Toys for 4 year old girls",
                "/browse/toys/toys-for-4-year-old-girls/4171_3318550_7016108_8608370"
            ]
        ]
    },
    {
        "title": "My Little Pony Equestria Girls Minis School Pep Rally, Pinkie Pie",
        "url": "https://www.walmart.com/ip/My-Little-Pony-Equestria-Girls-Minis-School-Pep-Rally-Pinkie-Pie/48589127",
        "price": "$16.22",
        "stars": 0,
        "ratings": 0,
        "img": "i5.walmartimages.com/asr/35b42e1c-25fb-4b87-851a-5d770d562eb2_1.186b6f91274605c6c2d4ae1085e290dd.jpeg?odnWidth=612&odnHeight=612&odnBg=ffffff",
        "tags": [
            [
                "Collectible Dolls",
                "/browse/toys/collectible-dolls/4171_4187_6904958_132911"
            ],
            [
                "My Little Pony Dolls",
                "/browse/toys/my-little-pony-dolls/4171_4187_8051423_3055285"
            ],
            [
                "DC Super Hero Girls",
                "/browse/toys/dc-super-hero-girls/4171_4187_3362389"
            ],
            [
                "Playsets",
                "/browse/toys/playsets/4171_4187_4668261_5230467"
            ],
            [
                "Gifts for 4 year old girl",
                "/browse/toys/gifts-for-4-year-old-girl/4171_3318550_7016108_5578128"
            ],
            [
                "Toys for 2 year old girls",
                "/browse/toys/toys-for-2-year-old-girls/4171_3318550_7016108_7112114"
            ],
            [
                "Toys for 3 year old girls",
                "/browse/toys/toys-for-3-year-old-girls/4171_3318550_7016108_7213465"
            ],
            [
                "Toys for 4 year old girls",
                "/browse/toys/toys-for-4-year-old-girls/4171_3318550_7016108_8608370"
            ]
        ]
    },
    {
        "title": "My Little Pony Cutie Mark Magic Glamour Glow Rarity Figure",
        "url": "https://www.walmart.com/ip/My-Little-Pony-Cutie-Mark-Magic-Glamour-Glow-Rarity-Figure/47709897",
        "price": "$32.00",
        "stars": "5.0",
        "ratings": "1 ",
        "img": "",
        "tags": [
            [
                "Calico Critters",
                "/browse/toys/calico-critters/4171_4187_6904958_2802214"
            ],
            [
                "My Little Pony Dolls",
                "/browse/toys/my-little-pony-dolls/4171_4187_8051423_3055285"
            ],
            [
                "Dolls & Dollhouses",
                "/browse/toys/dolls-dollhouses/4171_4187_4800686"
            ],
            [
                "Toys for age  2-4  girls",
                "/browse/toys/toys-for-age-2-4-girls/4171_3318550_7016108_5476489"
            ],
            [
                "LOL Surprise Dolls",
                "/browse/toys/lol-surprise-dolls/4171_4187_2618388_5940516"
            ],
            [
                "Fashion Dolls",
                "/browse/toys/fashion-dolls/4171_4187_8051423_7344622"
            ],
            [
                "Toddler Girl Toys",
                "/browse/toys/toddler-girl-toys/4171_3318550_8469931_7878434"
            ],
            [
                "Hatchimals",
                "/browse/toys/hatchimals/4171_3438149_8277039"
            ]
        ]
    },
    {
        "title": "My Little Pony: The Movie Princess Luna Large Soft Plush",
        "url": "https://www.walmart.com/ip/My-Little-Pony-The-Movie-Princess-Luna-Large-Soft-Plush/56255985",
        "price": "$20.00",
        "stars": "5.0",
        "ratings": "1 ",
        "img": "",
        "tags": [
            [
                "TY Stuffed Animals",
                "/browse/toys/ty-stuffed-animals/4171_2724815_2752239"
            ],
            [
                "My Little Pony Dolls",
                "/browse/toys/my-little-pony-dolls/4171_4187_8051423_3055285"
            ],
            [
                "Gifts for 4 year old girl",
                "/browse/toys/gifts-for-4-year-old-girl/4171_3318550_7016108_5578128"
            ],
            [
                "Toys for 2 year old girls",
                "/browse/toys/toys-for-2-year-old-girls/4171_3318550_7016108_7112114"
            ],
            [
                "Toys for 3 year old girls",
                "/browse/toys/toys-for-3-year-old-girls/4171_3318550_7016108_7213465"
            ],
            [
                "My Little Pony Stuffed Animals",
                "/browse/toys/my-little-pony-stuffed-animals/4171_2724815_7989442"
            ],
            [
                "12-24 Months",
                "/browse/toys/12-24-months/4171_2724815_8419709"
            ],
            [
                "Toys for 4 year old girls",
                "/browse/toys/toys-for-4-year-old-girls/4171_3318550_7016108_8608370"
            ]
        ]
    },
    {
        "title": "My Little Pony Friendship is Magic Mini Mayor Mare Figure",
        "url": "https://www.walmart.com/ip/My-Little-Pony-Friendship-is-Magic-Mini-Mayor-Mare-Figure/168063109",
        "price": "$2.99",
        "stars": 0,
        "ratings": 0,
        "img": "",
        "tags": [
            [
                "My Little Pony Dolls",
                "/browse/toys/my-little-pony-dolls/4171_4187_8051423_3055285"
            ],
            [
                "Playsets",
                "/browse/toys/playsets/4171_4187_4668261_5230467"
            ],
            [
                "Toys for age  2-4  girls",
                "/browse/toys/toys-for-age-2-4-girls/4171_3318550_7016108_5476489"
            ],
            [
                "Gifts for 4 year old girl",
                "/browse/toys/gifts-for-4-year-old-girl/4171_3318550_7016108_5578128"
            ],
            [
                "Toys for 2 year old girls",
                "/browse/toys/toys-for-2-year-old-girls/4171_3318550_7016108_7112114"
            ],
            [
                "Toys for 3 year old girls",
                "/browse/toys/toys-for-3-year-old-girls/4171_3318550_7016108_7213465"
            ],
            [
                "Toddler Girl Toys",
                "/browse/toys/toddler-girl-toys/4171_3318550_8469931_7878434"
            ],
            [
                "Toys for 4 year old girls",
                "/browse/toys/toys-for-4-year-old-girls/4171_3318550_7016108_8608370"
            ]
        ]
    },
    {
        "title": "My Little Pony the Movie Pirate Ponies",
        "url": "https://www.walmart.com/ip/My-Little-Pony-the-Movie-Pirate-Ponies/614557114",
        "price": "$29.11",
        "stars": "4.3",
        "ratings": "15 ",
        "img": "i5.walmartimages.com/asr/cef4650a-b7bf-4138-86a8-ede161f1f75a_1.11eb8437681f75a12548c7309938b8cb.jpeg?odnWidth=612&odnHeight=612&odnBg=ffffff",
        "tags": [
            [
                "My Little Pony Dolls",
                "/browse/toys/my-little-pony-dolls/4171_4187_8051423_3055285"
            ],
            [
                "TV & Movie Playsets",
                "/browse/toys/tv-movie-playsets/4171_4172_9845227_4517984"
            ],
            [
                "Gifts for 4 year old girl",
                "/browse/toys/gifts-for-4-year-old-girl/4171_3318550_7016108_5578128"
            ],
            [
                "Play-Doh Licensed Sets",
                "/browse/toys/play-doh-licensed-sets/4171_645779_9285153_6910681"
            ],
            [
                "Toys for 2 year old girls",
                "/browse/toys/toys-for-2-year-old-girls/4171_3318550_7016108_7112114"
            ],
            [
                "Toys for 3 year old girls",
                "/browse/toys/toys-for-3-year-old-girls/4171_3318550_7016108_7213465"
            ],
            [
                "My Little Pony Stuffed Animals",
                "/browse/toys/my-little-pony-stuffed-animals/4171_2724815_7989442"
            ],
            [
                "Toys for 4 year old girls",
                "/browse/toys/toys-for-4-year-old-girls/4171_3318550_7016108_8608370"
            ]
        ]
    },
    {
        "title": "My Little Pony Friendship is Magic Collection Mrs. Dazzle Cake Pack",
        "url": "https://www.walmart.com/ip/My-Little-Pony-Friendship-is-Magic-Collection-Mrs-Dazzle-Cake-Pack/53853608",
        "price": "$7.99",
        "stars": 0,
        "ratings": 0,
        "img": "i5.walmartimages.com/asr/f75225f7-63b8-4cdf-be74-a0ce6d0eb980_1.b77ce2de0f6214ebb1adba657c768d09.jpeg?odnWidth=612&odnHeight=612&odnBg=ffffff",
        "tags": [
            [
                "Cooking & Baking Toys",
                "/browse/toys/cooking-baking-toys/4171_4173_133079"
            ],
            [
                "My Little Pony Dolls",
                "/browse/toys/my-little-pony-dolls/4171_4187_8051423_3055285"
            ],
            [
                "TV & Movie Playsets",
                "/browse/toys/tv-movie-playsets/4171_4172_9845227_4517984"
            ],
            [
                "Playsets",
                "/browse/toys/playsets/4171_4187_4668261_5230467"
            ],
            [
                "Gifts for 4 year old girl",
                "/browse/toys/gifts-for-4-year-old-girl/4171_3318550_7016108_5578128"
            ],
            [
                "Toys for 2 year old girls",
                "/browse/toys/toys-for-2-year-old-girls/4171_3318550_7016108_7112114"
            ],
            [
                "Toys for 3 year old girls",
                "/browse/toys/toys-for-3-year-old-girls/4171_3318550_7016108_7213465"
            ],
            [
                "Toys for 4 year old girls",
                "/browse/toys/toys-for-4-year-old-girls/4171_3318550_7016108_8608370"
            ]
        ]
    },
    {
        "title": "Transformers: Bumblebee -- Energon Igniters Power Plus Series Bumblebee",
        "url": "https://www.walmart.com/ip/Transformers-Bumblebee-Energon-Igniters-Power-Plus-Series-Bumblebee/410621874",
        "price": "$16.99",
        "stars": "4.5",
        "ratings": "17 ",
        "img": "i5.walmartimages.com/asr/ed36f7d3-ffe6-409c-b202-162584a84644_1.a5f1e772dc84d68796c1fc00d520484d.jpeg?odnWidth=612&odnHeight=612&odnBg=ffffff",
        "tags": [
            [
                "Transformers Bumblebee Action Figures",
                "/browse/toys/transformers-bumblebee-action-figures/4171_4172_2378689"
            ],
            [
                "Transformers Action Figures",
                "/browse/toys/transformers-action-figures/4171_7357538_2510286"
            ],
            [
                "Transformers Toys",
                "/browse/toys/transformers-toys/4171_4172_2616268"
            ],
            [
                "Playskool",
                "/browse/toys/playskool/4171_4172_1574302_5163095"
            ],
            [
                "Transformers Optimus Prime Action Figures",
                "/browse/toys/transformers-optimus-prime-action-figures/4171_4172_5297444"
            ],
            [
                "Transformers Studio Series",
                "/browse/toys/transformers-studio-series/4171_4172_5647346"
            ],
            [
                "Transformers Bumblebee Cyberverse Adventure Action Figures",
                "/browse/toys/transformers-bumblebee-cyberverse-adventure-action-figures/4171_4172_7857064"
            ],
            [
                "Playskool Transformers",
                "/browse/toys/playskool-transformers/4171_4172_1574302_9342581"
            ]
        ]
    },
    {
        "title": "Transformers Masks, 8pk",
        "url": "https://www.walmart.com/ip/Transformers-Masks-8pk/55434090",
        "price": "$9.99",
        "stars": "4.0",
        "ratings": "1 ",
        "img": "i5.walmartimages.com/asr/207317d9-af42-4efe-b9c9-b94033b1629f_1.b3151c8190e8babd074e8efa806bdbd8.jpeg?odnWidth=612&odnHeight=612&odnBg=ffffff",
        "tags": [
            [
                "Rectangular Plastic Tablecloths",
                "/browse/party-occasions/rectangular-plastic-tablecloths/2637_1042319_1212904_1240449_1428229"
            ],
            [
                "Animal Costumes",
                "/browse/party-occasions/animal-costumes/2637_615760_1088766_2327096_3089791_1477196"
            ],
            [
                "Transformers Party Tableware",
                "/browse/party-occasions/transformers-party-tableware/2637_1570523_1783197"
            ],
            [
                "Transformers Party Favors & Wear",
                "/browse/party-occasions/transformers-party-favors-wear/2637_1570523_3436900"
            ],
            [
                "Top Boy's Halloween Costumes",
                "/browse/party-occasions/top-boys-halloween-costumes/2637_615760_1088766_1054039_8395835_4730012"
            ],
            [
                "Character Party Favors",
                "/browse/party-occasions/character-party-favors/2637_1042319_8253261_5831271"
            ],
            [
                "Newborn Baby Halloween Costumes",
                "/browse/party-occasions/newborn-baby-halloween-costumes/2637_615760_1088766_1054039_7731266_6860040"
            ],
            [
                "Boy's TV & Movies Costumes",
                "/browse/party-occasions/boys-tv-movies-costumes/2637_615760_1088766_1054039_8395835_9491650"
            ]
        ]
    }
]