[
    {
        "title": "Kid Connection Deluxe Doctor Play Set, 27 Pieces",
        "url": "https://www.walmart.com/ip/Kid-Connection-Deluxe-Doctor-Play-Set-27-Pieces/823535310",
        "price": "$14.97",
        "stars": "4.3",
        "ratings": "39 ",
        "img": "i5.walmartimages.com/asr/1490b762-4ae9-472d-815a-9cee11beec98_2.1f7d26ef9b5f7e6ebd4f91853e8afb32.jpeg?odnWidth=612&odnHeight=612&odnBg=ffffff",
        "tags": [
            [
                "Costumes & Dress Up",
                "/browse/toys/costumes-dress-up/4171_4173_164142"
            ],
            [
                "Veterinarian Kits",
                "/browse/toys/veterinarian-kits/4171_4173_8031140_2747605"
            ],
            [
                "Pretend Play Toys for Boys",
                "/browse/toys/pretend-play-toys-for-boys/4171_4173_3613401"
            ],
            [
                "Kid Connection Toys",
                "/browse/toys/kid-connection-toys/4171_6331649_5076430"
            ],
            [
                "Fisher Price Pretend Play",
                "/browse/toys/fisher-price-pretend-play/4171_4173_7354985"
            ]
        ]
    },
    {
        "title": "Astroshot Gemini 2 Ball Popper Guns with 24 Soft Foam Balls and Standing Shooting Target Multiplayer Shooting Games for Kids",
        "url": "https://www.walmart.com/ip/Astroshot-Gemini-2-Ball-Popper-Guns-with-24-Soft-Foam-Balls-and-Standing-Shooting-Target-Multiplayer-Shooting-Games-for-Kids/936271782",
        "price": "$39.99",
        "stars": "4.2",
        "ratings": "15 ",
        "img": "i5.walmartimages.com/asr/59101196-a25b-49f7-b055-2a728b8bfd0e_2.afed648183d9ff1998c870dbdc9c81f6.jpeg?odnWidth=612&odnHeight=612&odnBg=ffffff",
        "tags": [
            [
                "Laser Tag",
                "/browse/toys/laser-tag/4171_14521_936979_2279185"
            ],
            [
                "Nerf Zombie Strike",
                "/browse/toys/nerf-zombie-strike/4171_14521_936979_6929634_7879959_2697971"
            ],
            [
                "Nerf and Blaster Vests",
                "/browse/toys/nerf-blaster-vests/4171_14521_936979_9777831_2746858"
            ],
            [
                "Nerf Rival",
                "/browse/toys/nerf-rival/4171_14521_936979_6929634_7879959_3581457"
            ],
            [
                "Only at Walmart Toys",
                "/browse/toys/only-at-walmart-toys/4171_6331649_4497497"
            ],
            [
                "Math Toys for Kids",
                "/browse/toys/math-toys-for-kids/4171_1229858_6906869"
            ],
            [
                "Toys for 3 year olds",
                "/browse/toys/toys-for-3-year-olds/4171_3318550_7016108_9012469"
            ],
            [
                "Nerf and Blaster Dart Refills",
                "/browse/toys/nerf-blaster-dart-refills/4171_14521_936979_9777831_9239644"
            ]
        ]
    },
    {
        "title": "LEGO Marvel Avengers Iron Man Hall of Armor 76125 Building Kit - Tony Stark Action Figure",
        "url": "https://www.walmart.com/ip/LEGO-Marvel-Avengers-Iron-Man-Hall-of-Armor-76125-Building-Kit-Tony-Stark-Action-Figure/322771566",
        "price": "$47.99",
        "stars": "4.8",
        "ratings": "100 ",
        "img": "",
        "tags": [
            [
                "LEGO Easter Building Sets",
                "/browse/toys/lego-easter-building-sets/4171_4186_1105635_2668753"
            ],
            [
                "Building Sets for Boys",
                "/browse/toys/building-sets-for-boys/4171_1228478_4255542"
            ],
            [
                "LEGO Sets Ages 12+",
                "/browse/toys/lego-sets-ages-12/4171_4186_1105635_4836372"
            ],
            [
                "LEGO Avengers",
                "/browse/toys/lego-avengers/4171_4186_1105635_5556183"
            ],
            [
                "Building Toys Ages 8 to 11",
                "/browse/toys/building-toys-ages-8-to-11/4171_4186_6416592"
            ],
            [
                "LEGO Sets Ages 8 to 11",
                "/browse/toys/lego-sets-ages-8-to-11/4171_4186_1105635_6901070"
            ],
            [
                "LEGO Super Heroes",
                "/browse/toys/lego-super-heroes/4171_4186_1105635_8670140"
            ],
            [
                "Building Toys Ages 12+",
                "/browse/toys/building-toys-ages-12/4171_4186_9012439"
            ]
        ]
    },
    {
        "title": "12 Volt Minnie Mouse Mercedes GLS-320 Battery Powered Ride-On",
        "url": "https://www.walmart.com/ip/12-Volt-Minnie-Mouse-Mercedes-GLS-320-Battery-Powered-Ride-On/139212311",
        "price": "$249.00",
        "stars": "3.9",
        "ratings": "60 ",
        "img": "",
        "tags": [
            [
                "Ride Ons for Girls",
                "/browse/toys/ride-ons-for-girls/4171_1228477_3574057_1348260"
            ],
            [
                "All Disney Toys",
                "/browse/toys/all-disney-toys/4171_6909449_1773797"
            ],
            [
                "6V Powered Ride Ons",
                "/browse/toys/6v-powered-ride-ons/4171_133073_6774653_8911690_7715141_1945060"
            ],
            [
                "Housekeeping Toys",
                "/browse/toys/housekeeping-toys/4171_4173_3426779_2728309"
            ],
            [
                "All Powered Ride Ons",
                "/browse/toys/all-powered-ride-ons/4171_133073_6774653_8911690_3288692"
            ],
            [
                "Toddler Girl Toys",
                "/browse/toys/toddler-girl-toys/4171_3318550_8469931_7878434"
            ]
        ]
    },
    {
        "title": "Hover-1 Liberty UL Certified Electric Hoverboard w/ 6.5in Wheels; Lithium-ion 10 Cell Battery; Ideal for Boys and Girls 8+ and Less Than 160 lbs, Refurbished Black",
        "url": "https://www.walmart.com/ip/Hover-1-Liberty-UL-Certified-Electric-Hoverboard-w-6-5in-Wheels-Lithium-ion-10-Cell-Battery-Ideal-Boys-Girls-8-Less-Than-160-lbs-Refurbished-Black/905477191",
        "price": "$69.00",
        "stars": "4.2",
        "ratings": "5 ",
        "img": "i5.walmartimages.com/asr/97ee8fd2-8c0f-4720-a301-14344241040a_1.7af1591d979096ee0191a6bc1713f548.jpeg?odnWidth=612&odnHeight=612&odnBg=ffffff",
        "tags": [
            [
                "Schwinn",
                "/browse/shop-by-brand/schwinn/3734780_5678070_2009475"
            ],
            [
                "Yamaha",
                "/browse/shop-by-brand/yamaha/3734780_5678070_5206875"
            ],
            [
                "All LOL Surprise",
                "/browse/shop-by-brand/all-lol-surprise/3734780_9746323_6649815"
            ],
            [
                "Best Choice Products",
                "/browse/shop-by-brand/best-choice-products/3734780_9703589_7551458"
            ],
            [
                "Nerf",
                "/browse/shop-by-brand/nerf/3734780_9703589_8659032"
            ],
            [
                "Huffy",
                "/browse/shop-by-brand/huffy/3734780_5678070_8844619"
            ],
            [
                "Bissell",
                "/browse/shop-by-brand/bissell/3734780_8307801_8956639"
            ],
            [
                "Xtremepowerus",
                "/browse/shop-by-brand/xtremepowerus/3734780_5678070_9444171"
            ]
        ]
    },
    {
        "title": "Adventure Force Shark Attack Playset",
        "url": "https://www.walmart.com/ip/Adventure-Force-Shark-Attack-Playset/887382587",
        "price": "$24.97",
        "stars": "4.5",
        "ratings": "69 ",
        "img": "i5.walmartimages.com/asr/76804b55-5e45-4054-bf1a-7c5d37b04c20_2.80fa4289736a1363fc8c2ba83bfd4be5.jpeg?odnWidth=612&odnHeight=612&odnBg=ffffff",
        "tags": [
            [
                "Shop All Car Tracks",
                "/browse/toys/shop-all-car-tracks/4171_1111647_132910_132968"
            ],
            [
                "All Adventure Force Vehicles",
                "/browse/toys/all-adventure-force-vehicles/4171_1111647_3950467"
            ],
            [
                "Matchbox Cars & Trucks",
                "/browse/toys/matchbox-cars-trucks/4171_1111647_132910_4472469"
            ],
            [
                "Play Vehicles by Brand",
                "/browse/toys/play-vehicles-by-brand/4171_1111647_132910_4726205"
            ],
            [
                "Adventure Force Vehicles & Playsets",
                "/browse/toys/adventure-force-vehicles-playsets/4171_6331649_6126647_4948027"
            ],
            [
                "Boats & Submarines",
                "/browse/toys/boats-submarines/4171_1111647_5794475"
            ],
            [
                "RC Private Brand Top Items",
                "/browse/rc-private-brand-top-items/4171_6978743"
            ],
            [
                "Adventure Force Action Figures",
                "/browse/toys/adventure-force-action-figures/4171_6331649_6126647_7906592"
            ]
        ]
    },
    {
        "title": "6 Volt Spiderman Quad with Light Up Eyes!",
        "url": "https://www.walmart.com/ip/6-Volt-Spiderman-Quad-with-Light-Up-Eyes/825734999",
        "price": "$59.87",
        "stars": "4.2",
        "ratings": "12 ",
        "img": "i5.walmartimages.com/asr/21745da6-0861-4021-852b-b4a1ae1e98b2.54454517b607ec4fcc8c8d4e1c8db031.jpeg?odnWidth=612&odnHeight=612&odnBg=ffffff",
        "tags": [
            [
                "Ride Ons for Girls",
                "/browse/toys/ride-ons-for-girls/4171_1228477_3574057_1348260"
            ],
            [
                "6V Powered Ride Ons",
                "/browse/toys/6v-powered-ride-ons/4171_133073_6774653_8911690_7715141_1945060"
            ],
            [
                "ATVs",
                "/browse/toys/atvs/4171_133073_6774653_8911690_7272199_2731344"
            ],
            [
                "Plush Ride ons",
                "/browse/toys/plush-ride-ons/4171_133073_6774653_2869215"
            ],
            [
                "All Powered Ride Ons",
                "/browse/toys/all-powered-ride-ons/4171_133073_6774653_8911690_3288692"
            ],
            [
                "Dirt Bikes & ATVs",
                "/browse/toys/dirt-bikes-atvs/4171_133073_6774653_8911690_5370128"
            ],
            [
                "Huffy Ride Ons",
                "/browse/toys/huffy-ride-ons/4171_133073_6774653_6489011_8546372"
            ]
        ]
    },
    {
        "title": "John Deere Animal Sounds Hayride Preschool Matching & Musical Tractor Toy, 6 Pieces",
        "url": "https://www.walmart.com/ip/John-Deere-Animal-Sounds-Hayride-Preschool-Matching-Musical-Tractor-Toy-6-Pieces/8071315",
        "price": "$19.96",
        "stars": "4.7",
        "ratings": "72 ",
        "img": "i5.walmartimages.com/asr/6e9dd825-95cd-45d7-80ab-f43921f3ed6e_1.1d86941030be2f84f5e8d16bebeece67.jpeg?odnWidth=612&odnHeight=612&odnBg=ffffff",
        "tags": [
            [
                "Farm Vehicles",
                "/browse/toys/farm-vehicles/4171_1111647_2181885"
            ],
            [
                "All Vehicles",
                "/browse/toys/all-vehicles/4171_1111647_2819545"
            ],
            [
                "John Deere Toys",
                "/browse/toys/john-deere-toys/4171_1111647_4600526"
            ],
            [
                "Play Vehicles by Brand",
                "/browse/toys/play-vehicles-by-brand/4171_1111647_132910_4726205"
            ],
            [
                "Fisher-Price Little People",
                "/browse/toys/fisher-price-little-people/4171_2065565_4934807"
            ],
            [
                "Play Vehicles by Vehicle Type",
                "/browse/toys/play-vehicles-by-vehicle-type/4171_1111647_132910_6055639"
            ],
            [
                "Toy Tractors",
                "/browse/toys/toy-tractors/4171_1111647_132910_9355081"
            ],
            [
                "Play Vehicles by Price",
                "/browse/toys/play-vehicles-by-price/4171_1111647_132910_9814941"
            ]
        ]
    },
    {
        "title": "Marvel Avengers: Endgame Electronic Fist Roleplay Toy",
        "url": "https://www.walmart.com/ip/Marvel-Avengers-Endgame-Electronic-Fist-Roleplay-Toy/177907864",
        "price": "$16.99",
        "stars": "4.4",
        "ratings": "61 ",
        "img": "i5.walmartimages.com/asr/b9726df0-4218-48a7-9f0b-3190e11ccf16_1.ba049d2310ec52e87a0b432132490c2f.jpeg?odnWidth=612&odnHeight=612&odnBg=ffffff",
        "tags": [
            [
                "All Action Figures",
                "/browse/toys/all-action-figures/4171_4172_133130"
            ],
            [
                "All Disney Toys",
                "/browse/toys/all-disney-toys/4171_6909449_1773797"
            ],
            [
                "Avengers Action Figures",
                "/browse/toys/avengers-action-figures/4171_4172_4065038"
            ],
            [
                "All Action Role Play",
                "/browse/toys/all-action-role-play/4171_4172_4246921_4384098"
            ],
            [
                "Marvel Role Play",
                "/browse/toys/marvel-role-play/4171_4172_4246921_4722086"
            ],
            [
                "Toys for Kids 8 to 11 Years",
                "/browse/toys/toys-for-kids-8-to-11-years/4171_3318550_617942_8104028"
            ],
            [
                "Toys for Kids 5 to 7 Years",
                "/browse/toys/toys-for-kids-5-to-7-years/4171_3318550_617941_8920388"
            ],
            [
                "Marvel Action Figures",
                "/browse/toys/marvel-action-figures/4171_4172_9404197"
            ]
        ]
    },
    {
        "title": "Pokemon My Partner Eevee",
        "url": "https://www.walmart.com/ip/Pokemon-My-Partner-Eevee/370813084",
        "price": "$19.87",
        "stars": "3.3",
        "ratings": "3 ",
        "img": "i5.walmartimages.com/asr/b609193d-5f33-4eea-a3ac-5bbc604ccf7b.00614668994b4fd19538f6e3afe34a79.jpeg?odnWidth=612&odnHeight=612&odnBg=ffffff",
        "tags": []
    }
]