[
    {
        "title": "Marvel Avengers: Endgame Power Punch Hulk 13.75-Inch Action Figure",
        "url": "https://www.walmart.com/ip/Marvel-Avengers-Endgame-Power-Punch-Hulk-13-75-Inch-Action-Figure/346721781",
        "price": "$29.84",
        "stars": "3.3",
        "ratings": "135 ",
        "img": "i5.walmartimages.com/asr/85812bf4-b90a-4a54-adc8-aa784bd918df_1.1513c4ed11f90efcf77d04781519cd04.jpeg?odnWidth=612&odnHeight=612&odnBg=ffffff",
        "tags": [
            [
                "Father's Day Electronics",
                "/browse/seasonal/fathers-day-electronics/1085632_1094344_2365074"
            ],
            [
                "Connected Dorm Room",
                "/browse/seasonal/connected-dorm-room/1085632_8174172_6292484_2548864"
            ],
            [
                "Shop All Glass",
                "/browse/seasonal/shop-all-glass/1085632_1071204_4976191"
            ],
            [
                "Mother's Day Electronics Gifts",
                "/browse/seasonal/mothers-day-electronics-gifts/1085632_1093554_5742102"
            ],
            [
                "Audio",
                "/browse/seasonal/audio/1085632_8174172_6292484_5759323"
            ],
            [
                "Tax Free Shop All",
                "/browse/tax-free-shop-all/1085632_6767877"
            ],
            [
                "Electronics Gifts for Grads",
                "/browse/seasonal/electronics-gifts-for-grads/1085632_1105121_7594959"
            ],
            [
                "Back to School Home Audio Visual",
                "/browse/seasonal/back-to-school-home-audio-visual/1085632_1071204_7767149_8665149"
            ]
        ]
    },
    {
        "title": "Disney Minnie Mouse Floral Festival Fashion Doll",
        "url": "https://www.walmart.com/ip/Disney-Minnie-Mouse-Floral-Festival-Fashion-Doll/681426379",
        "price": "$12.88",
        "stars": "4.7",
        "ratings": "7 ",
        "img": "i5.walmartimages.com/asr/6b05160d-db23-4560-8aa1-d52c04e52b59_1.01931733325b4a170cfee2c81db9d0a1.jpeg?odnWidth=612&odnHeight=612&odnBg=ffffff",
        "tags": [
            [
                "All Disney Toys",
                "/browse/toys/all-disney-toys/4171_6909449_1773797"
            ],
            [
                "2 to 4 Years",
                "/browse/toys/2-to-4-years/4171_2724815_2170514"
            ],
            [
                "All Minnie Mouse Toys",
                "/browse/toys/all-minnie-mouse-toys/4171_7357538_8112673_2768272"
            ],
            [
                "8 to 11 Years",
                "/browse/toys/8-to-11-years/4171_2724815_3925001"
            ],
            [
                "Minnie Mouse Stuffed Animals",
                "/browse/toys/minnie-mouse-stuffed-animals/4171_2724815_6774273"
            ],
            [
                "Fashion Dolls",
                "/browse/toys/fashion-dolls/4171_4187_8051423_7344622"
            ],
            [
                "Fisher Price Pretend Play",
                "/browse/toys/fisher-price-pretend-play/4171_4173_7354985"
            ],
            [
                "Minnie Mouse Dolls & Dollhouses",
                "/browse/toys/minnie-mouse-dolls-dollhouses/4171_7357538_8112673_9471568"
            ]
        ]
    },
    {
        "title": "Star Wars: The Last Jedi Bladebuilders Electronic Riot Baton",
        "url": "https://www.walmart.com/ip/Star-Wars-The-Last-Jedi-Bladebuilders-Electronic-Riot-Baton/855837514",
        "price": "$19.95",
        "stars": "5.0",
        "ratings": "1 ",
        "img": "i5.walmartimages.com/asr/f846a907-732b-4bdf-916c-40ef1111a835_1.b0d4e447041a93d8dcd3f06c9ef2ea2a.jpeg?odnWidth=612&odnHeight=612&odnBg=ffffff",
        "tags": [
            [
                "All Halloween Costumes",
                "/browse/party-occasions/all-halloween-costumes/2637_615760_1088766_1098426"
            ],
            [
                "Star Wars Costumes",
                "/browse/party-occasions/star-wars-costumes/2637_615760_1088766_2327096_3147503_1231497"
            ],
            [
                "All Superhero Costumes",
                "/browse/party-occasions/all-superhero-costumes/2637_615760_1088766_2327096_6691810_2019263"
            ],
            [
                "Storm Trooper Costumes",
                "/browse/party-occasions/storm-trooper-costumes/2637_615760_1088766_2327096_3147503_2475735"
            ],
            [
                "Ninja Costume",
                "/browse/party-occasions/ninja-costume/2637_615760_1088766_2327096_3089791_8779588"
            ],
            [
                "All Boys Halloween Costumes",
                "/browse/party-occasions/all-boys-halloween-costumes/2637_615760_1088766_1054039_8395835_8876914"
            ],
            [
                "Boy's TV & Movies Costumes",
                "/browse/party-occasions/boys-tv-movies-costumes/2637_615760_1088766_1054039_8395835_9491650"
            ]
        ]
    },
    {
        "title": "Disney Tsum Tsum Series 12 Mystery Stack Pack",
        "url": "https://www.walmart.com/ip/Disney-Tsum-Tsum-Series-12-Mystery-Stack-Pack/563589384",
        "price": "$7.99",
        "stars": 0,
        "ratings": 0,
        "img": "",
        "tags": [
            [
                "Toys for 6 year old girls",
                "/browse/toys/toys-for-6-year-old-girls/4171_3318550_617941_1397063"
            ],
            [
                "Toys for age  5-7  girls",
                "/browse/toys/toys-for-age-5-7-girls/4171_3318550_617941_3180067"
            ],
            [
                "Disney Princess Dolls",
                "/browse/toys/disney-princess-dolls/4171_4187_8051423_4656670"
            ],
            [
                "Christmas Stuffed Animals",
                "/browse/toys/christmas-stuffed-animals/4171_2724815_6068621"
            ],
            [
                "Gifts for 5 year old girls",
                "/browse/toys/gifts-for-5-year-old-girls/4171_3318550_617941_6728851"
            ],
            [
                "Spider-Man Action Figures",
                "/browse/toys/spider-man-action-figures/4171_4172_8141389"
            ],
            [
                "Toys for 5 year old girls",
                "/browse/toys/toys-for-5-year-old-girls/4171_3318550_617941_8185860"
            ],
            [
                "Mickey Mouse Stuffed Animals",
                "/browse/toys/mickey-mouse-stuffed-animals/4171_2724815_8646250"
            ]
        ]
    },
    {
        "title": "Funko POP! Disney: Archives - Mickey Mouse (Black & White)",
        "url": "https://www.walmart.com/ip/Funko-POP-Disney-Archives-Mickey-Mouse-Black-White/554137135",
        "price": "$14.74",
        "stars": 0,
        "ratings": 0,
        "img": "i5.walmartimages.com/asr/dd835220-42f9-4707-8693-4f3236a0b3c7.09734bda4abe700f97de8039ad4973f6.png?odnWidth=612&odnHeight=612&odnBg=ffffff",
        "tags": [
            [
                "Imaginext",
                "/browse/shop-by-brand/imaginext/3734780_9703589_2685304"
            ],
            [
                "The Lion King Toys",
                "/browse/shop-by-brand/the-lion-king-toys/3734780_6107448_8604897_3481594"
            ],
            [
                "Shop All How To Train Your Dragon",
                "/browse/shop-by-brand/shop-all-how-to-train-your-dragon/3734780_6107448_2106945_3614723"
            ],
            [
                "Barbie",
                "/browse/shop-by-brand/barbie/3734780_9703589_7150095"
            ],
            [
                "How to Train Your Dragon 3 Toys",
                "/browse/shop-by-brand/how-to-train-your-dragon-3-toys/3734780_6107448_2106945_3987199_7542344"
            ],
            [
                "Peppa Pig",
                "/browse/shop-by-brand/peppa-pig/3734780_9703589_7762412"
            ],
            [
                "Fisher Price",
                "/browse/shop-by-brand/fisher-price/3734780_9703589_7933567"
            ],
            [
                "Disney",
                "/browse/shop-by-brand/disney/3734780_6107448_3984717_8954927"
            ]
        ]
    },
    {
        "title": "Disney Princess Enchanted Cupcake Game - 7 Princesses",
        "url": "https://www.walmart.com/ip/Disney-Princess-Enchanted-Cupcake-Game-7-Princesses/50884205",
        "price": "$15.98",
        "stars": "4.7",
        "ratings": "29 ",
        "img": "i5.walmartimages.com/asr/91ef6415-f6ab-4179-b4ea-cb24fbae19cd_2.fcec8c5c80f6f1e131ade7ec302cccca.jpeg?odnWidth=612&odnHeight=612&odnBg=ffffff",
        "tags": [
            [
                "All Disney Toys",
                "/browse/toys/all-disney-toys/4171_6909449_1773797"
            ],
            [
                "Classic Games",
                "/browse/toys/classic-games/4171_4191_2084995"
            ],
            [
                "Family Games",
                "/browse/toys/family-games/4171_4191_2335373_2204878"
            ],
            [
                "Frozen Games & Puzzles",
                "/browse/toys/frozen-games-puzzles/4171_7357538_6091150_3595068"
            ],
            [
                "All Board Games",
                "/browse/toys/all-board-games/4171_4191_133123_4497274"
            ],
            [
                "Disney Princess Dolls",
                "/browse/toys/disney-princess-dolls/4171_4187_8051423_4656670"
            ],
            [
                "Math Toys for Kids",
                "/browse/toys/math-toys-for-kids/4171_1229858_6906869"
            ]
        ]
    },
    {
        "title": "Disney Moana's Magical Necklace",
        "url": "https://www.walmart.com/ip/Disney-Moana-s-Magical-Necklace/50644205",
        "price": "$19.28",
        "stars": "4.3",
        "ratings": "82 ",
        "img": "i5.walmartimages.com/asr/9f9e07b5-1613-496f-86f5-d9b7cab11be2_1.57a2769a8691f3a4a14815ee0a6b081b.jpeg?odnWidth=612&odnHeight=612&odnBg=ffffff",
        "tags": [
            [
                "Moana Toys",
                "/browse/toys/moana-toys/4171_7357538_1528831"
            ],
            [
                "Princess Moana Dolls",
                "/browse/toys/princess-moana-dolls/4171_4187_1970049"
            ],
            [
                "Housekeeping Toys",
                "/browse/toys/housekeeping-toys/4171_4173_3426779_2728309"
            ],
            [
                "Girls Costumes",
                "/browse/toys/girls-costumes/4171_4173_7421020_2986194"
            ],
            [
                "Frozen Costume",
                "/browse/toys/frozen-costume/4171_4173_7421020_5095241_3353930"
            ],
            [
                "Disney Princess Dolls",
                "/browse/toys/disney-princess-dolls/4171_4187_8051423_4656670"
            ],
            [
                "All Princess Dress-Up Sets",
                "/browse/toys/all-princess-dress-up-sets/4171_4173_7421020_5095241_6444060"
            ],
            [
                "All Kids Costumes & Dress-Up",
                "/browse/toys/all-kids-costumes-dress-up/4171_4173_7421020_9055580"
            ]
        ]
    },
    {
        "title": "Disney Pixar Cars Mack Mini Racers Hauler",
        "url": "https://www.walmart.com/ip/Disney-Pixar-Cars-Mack-Mini-Racers-Hauler/164313350",
        "price": "$14.99",
        "stars": 0,
        "ratings": 0,
        "img": "i5.walmartimages.com/asr/a2943b9f-47ca-4319-be37-948ec4478dd4.5778d2383c1b69e93892ccfceb9e8505.jpeg?odnWidth=612&odnHeight=612&odnBg=ffffff",
        "tags": [
            [
                "Shop All Car Tracks",
                "/browse/toys/shop-all-car-tracks/4171_1111647_132910_132968"
            ],
            [
                "Diecast and Mini Vehicles",
                "/browse/toys/diecast-mini-vehicles/4171_1111647_1744202"
            ],
            [
                "Disney Cars Toys",
                "/browse/toys/disney-cars-toys/4171_7357538_5440355"
            ],
            [
                "All Play Vehicles",
                "/browse/toys/all-play-vehicles/4171_1111647_132910_5519114"
            ],
            [
                "Imaginext Batman & DC Super Friends",
                "/browse/toys/imaginext-batman-dc-super-friends/4171_4172_1574302_5775477"
            ],
            [
                "Car Toys",
                "/browse/toys/car-toys/4171_1111647_132910_7297605"
            ],
            [
                "Fisher Price Preschool Toys",
                "/browse/toys/fisher-price-preschool-toys/4171_1077545_8882678"
            ],
            [
                "Play Vehicles by Price",
                "/browse/toys/play-vehicles-by-price/4171_1111647_132910_9814941"
            ]
        ]
    },
    {
        "title": "Marvel Avengers: Endgame Titan Hero Series Hulk, Captain America, Electronic Gauntlet Action Figures Combo Pack - Roleplay Toy with Lights and Sounds - Ages 5 and Up",
        "url": "https://www.walmart.com/ip/Marvel-Avengers-Endgame-Titan-Hero-Series-Hulk-Captain-America-Electronic-Gauntlet-Action-Figures-Combo-Pack-Roleplay-Toy-Lights-Sounds-Ages-5-Up/135724302",
        "price": "$34.99",
        "stars": "4.4",
        "ratings": "14 ",
        "img": "i5.walmartimages.com/asr/8acd39c0-8082-41d9-b78f-779de9360285_2.7164ed817276f8b227d7512869135278.jpeg?odnWidth=612&odnHeight=612&odnBg=ffffff",
        "tags": [
            [
                "Shop all Captain America",
                "/browse/shop-by-movie/shop-all-captain-america/5920738_2554820_3815842_5518272_1776849"
            ],
            [
                "Shop all Iron Man",
                "/browse/shop-by-movie/shop-all-iron-man/5920738_2554820_3815842_5739491_2311507"
            ],
            [
                "Spider-Man Toys",
                "/browse/shop-by-movie/spider-man-toys/5920738_2554820_3815842_4235169_6683994"
            ],
            [
                "Shop all Hulk",
                "/browse/shop-by-movie/shop-all-hulk/5920738_2554820_3815842_6278001_6742753"
            ],
            [
                "Hulk Toys",
                "/browse/shop-by-movie/hulk-toys/5920738_2554820_3815842_6278001_7392745"
            ],
            [
                "Thanos Toys",
                "/browse/shop-by-movie/thanos-toys/5920738_2554820_1877019_5824895_7659864"
            ],
            [
                "Iron Man Toys",
                "/browse/shop-by-movie/iron-man-toys/5920738_2554820_3815842_5739491_9507448"
            ],
            [
                "Avengers Toys",
                "/browse/shop-by-movie/avengers-toys/5920738_2554820_1877019_5824895_9690042"
            ]
        ]
    },
    {
        "title": "Disney Pixar Toy Story Epic Moves Bo Peep Action Doll",
        "url": "https://www.walmart.com/ip/Disney-Pixar-Toy-Story-Epic-Moves-Bo-Peep-Action-Doll/304603451",
        "price": "$24.94",
        "stars": "4.3",
        "ratings": "18 ",
        "img": "i5.walmartimages.com/asr/468cf33f-4c2a-4d6f-a24e-5270388459bc_1.27061d6e4d088225bbb1da4a5c08d3cd.jpeg?odnWidth=612&odnHeight=612&odnBg=ffffff",
        "tags": [
            [
                "All Disney Princess Toys",
                "/browse/seasonal/all-disney-princess-toys/1085632_668399_8905754_4768298_1238504"
            ],
            [
                "Father's Day Electronics",
                "/browse/seasonal/fathers-day-electronics/1085632_1094344_2365074"
            ],
            [
                "Connected Dorm Room",
                "/browse/seasonal/connected-dorm-room/1085632_8174172_6292484_2548864"
            ],
            [
                "Shop All Glass",
                "/browse/seasonal/shop-all-glass/1085632_1071204_4976191"
            ],
            [
                "Mother's Day Electronics Gifts",
                "/browse/seasonal/mothers-day-electronics-gifts/1085632_1093554_5742102"
            ],
            [
                "Audio",
                "/browse/seasonal/audio/1085632_8174172_6292484_5759323"
            ],
            [
                "Electronics Gifts for Grads",
                "/browse/seasonal/electronics-gifts-for-grads/1085632_1105121_7594959"
            ],
            [
                "Back to School Home Audio Visual",
                "/browse/seasonal/back-to-school-home-audio-visual/1085632_1071204_7767149_8665149"
            ]
        ]
    }
]