[
    {
        "title": "LEGO Marvel Avengers Iron Man Armory 76167 Superhero Building Toy Featuring the Hall of Armor (258 Pieces)",
        "url": "https://www.walmart.com/ip/LEGO-Marvel-Avengers-Iron-Man-Armory-76167-Superhero-Building-Toy-Featuring-the-Hall-of-Armor-258-Pieces/982334178",
        "price": "$29.99",
        "stars": "5.0",
        "ratings": "1 ",
        "img": "i5.walmartimages.com/asr/42645031-0bfc-4c9b-9c3c-1c055eb3af85.84fe112b8a3019c40479482de92cd388.jpeg?odnWidth=612&odnHeight=612&odnBg=ffffff",
        "tags": []
    },
    {
        "title": "Power Rangers Beast Morphers Beast-X Megazord, Ages 4 and Up",
        "url": "https://www.walmart.com/ip/Power-Rangers-Beast-Morphers-Beast-X-Megazord-Ages-4-and-Up/724786242",
        "price": "$24.84",
        "stars": "4.4",
        "ratings": "39 ",
        "img": "",
        "tags": [
            [
                "All Action Figures",
                "/browse/toys/all-action-figures/4171_4172_133130"
            ],
            [
                "Playskool Power Rangers",
                "/browse/toys/playskool-power-rangers/4171_4172_1574302_1555603"
            ],
            [
                "Power Rangers Lightning Collection Action Figures",
                "/browse/toys/power-rangers-lightning-collection-action-figures/4171_4172_1670204"
            ],
            [
                "Trending Role Play",
                "/browse/toys/trending-role-play/4171_4172_4246921_2314859"
            ],
            [
                "Power Rangers Role Play",
                "/browse/toys/power-rangers-role-play/4171_4172_4246921_2841014"
            ],
            [
                "All Preschool Action Figures & Playsets",
                "/browse/toys/all-preschool-action-figures-playsets/4171_4172_1574302_2852038"
            ],
            [
                "All Action Role Play",
                "/browse/toys/all-action-role-play/4171_4172_4246921_4384098"
            ],
            [
                "Playskool",
                "/browse/toys/playskool/4171_4172_1574302_5163095"
            ]
        ]
    },
    {
        "title": "Mega Constux Halo Micro Action Figure Assortment construction set with micro action figure, Building Toys for Kids",
        "url": "https://www.walmart.com/ip/Mega-Constux-Halo-Micro-Action-Figure-Assortment-construction-set-with-micro-action-figure-Building-Toys-for-Kids/46629626",
        "price": "$2.97",
        "stars": "3.4",
        "ratings": "18 ",
        "img": "i5.walmartimages.com/asr/5559046b-8939-476c-bf76-6c1c61aa8a42_1.8d18021123782fa8cf6ba49b1d60ef5f.jpeg?odnWidth=612&odnHeight=612&odnBg=ffffff",
        "tags": [
            [
                "Pokemon Building Sets",
                "/browse/toys/pokemon-building-sets/4171_7357538_9574778_1371784"
            ],
            [
                "Engineering Toys",
                "/browse/toys/engineering-toys/4171_1229858_2993451"
            ],
            [
                "Building Sets for Boys",
                "/browse/toys/building-sets-for-boys/4171_1228478_4255542"
            ],
            [
                "Dragon Toys",
                "/browse/toys/dragon-toys/4171_7357538_5461952"
            ],
            [
                "All Building Play Sets",
                "/browse/toys/all-building-play-sets/4171_4186_1345489_7237730"
            ],
            [
                "Wonder Woman Dolls",
                "/browse/toys/wonder-woman-dolls/4171_4187_7383490"
            ],
            [
                "Halo Action Figures",
                "/browse/toys/halo-action-figures/4171_7357538_2881264_8366155"
            ]
        ]
    },
    {
        "title": "Transformers Generations War for Cybertron Deluxe WFC-E17 Arcee",
        "url": "https://www.walmart.com/ip/Transformers-Generations-War-for-Cybertron-Deluxe-WFC-E17-Arcee/724899510",
        "price": "$37.99",
        "stars": "4.7",
        "ratings": "7 ",
        "img": "i5.walmartimages.com/asr/d4b6aa7a-6354-420a-b92b-bfb89af7e823.c563e90fca75bcb0b2208af8c5e5e201.jpeg?odnWidth=612&odnHeight=612&odnBg=ffffff",
        "tags": [
            [
                "Transformers Megatron Action Figures",
                "/browse/toys/transformers-megatron-action-figures/4171_4172_1261291"
            ],
            [
                "Transformers Bumblebee Action Figures",
                "/browse/toys/transformers-bumblebee-action-figures/4171_4172_2378689"
            ],
            [
                "Transformers Action Figures",
                "/browse/toys/transformers-action-figures/4171_7357538_2510286"
            ],
            [
                "Transformers Toys",
                "/browse/toys/transformers-toys/4171_4172_2616268"
            ],
            [
                "Transformers Optimus Prime Action Figures",
                "/browse/toys/transformers-optimus-prime-action-figures/4171_4172_5297444"
            ],
            [
                "Transformers Studio Series",
                "/browse/toys/transformers-studio-series/4171_4172_5647346"
            ],
            [
                "Transformers Bumblebee Cyberverse Adventure Action Figures",
                "/browse/toys/transformers-bumblebee-cyberverse-adventure-action-figures/4171_4172_7857064"
            ],
            [
                "Transformers Shockwave Action Figures",
                "/browse/toys/transformers-shockwave-action-figures/4171_4172_9492767"
            ]
        ]
    },
    {
        "title": "PJ Masks Mini Plush Asst, 3 Pack Bundle- includes Catboy, Owlette & Gekko, Ages 2+",
        "url": "https://www.walmart.com/ip/PJ-Masks-Mini-Plush-Asst-3-Pack-Bundle-includes-Catboy-Owlette-Gekko-Ages-2/585519205",
        "price": "$14.99",
        "stars": "4.2",
        "ratings": "59 ",
        "img": "i5.walmartimages.com/asr/5f68f556-e944-452a-8455-e76840c016e6.d3016a960b73d79df707d781bd211126.jpeg?odnWidth=612&odnHeight=612&odnBg=ffffff",
        "tags": [
            [
                "All Action Figure Playsets",
                "/browse/toys/all-action-figure-playsets/4171_4172_9845227_1156794"
            ],
            [
                "All Preschool Action Figures & Playsets",
                "/browse/toys/all-preschool-action-figures-playsets/4171_4172_1574302_2852038"
            ],
            [
                "All Preschool Vehicles & Playsets",
                "/browse/toys/all-preschool-vehicles-playsets/4171_1111647_5858854_3439996"
            ],
            [
                "PJ Masks",
                "/browse/toys/pj-masks/4171_1111647_3611840"
            ],
            [
                "TV & Movie Playsets",
                "/browse/toys/tv-movie-playsets/4171_4172_9845227_4517984"
            ],
            [
                "PJ Masks Toys",
                "/browse/toys/pj-masks-toys/4171_7357538_4624456"
            ],
            [
                "PJ Masks Plush Toys",
                "/browse/toys/pj-masks-plush-toys/4171_2724815_7083818"
            ]
        ]
    },
    {
        "title": "LEGO Minecraft The End Battle 21151 Ender Dragon Building Kit",
        "url": "https://www.walmart.com/ip/LEGO-Minecraft-The-End-Battle-21151-Ender-Dragon-Building-Kit/221671054",
        "price": "$17.97",
        "stars": "4.7",
        "ratings": "54 ",
        "img": "i5.walmartimages.com/asr/893fa751-f91f-421f-95f7-95cd7eaa78a4_3.0749a73b2147b01d58016886817cbb32.jpeg?odnWidth=612&odnHeight=612&odnBg=ffffff",
        "tags": [
            [
                "LEGO Minecraft",
                "/browse/toys/lego-minecraft/4171_4186_1105635_1376158"
            ],
            [
                "LEGO Easter Building Sets",
                "/browse/toys/lego-easter-building-sets/4171_4186_1105635_2668753"
            ],
            [
                "LEGO Ninjago",
                "/browse/toys/lego-ninjago/4171_4186_1105635_3936481"
            ],
            [
                "LEGO Sets Ages 12+",
                "/browse/toys/lego-sets-ages-12/4171_4186_1105635_4836372"
            ],
            [
                "Dragon Toys",
                "/browse/toys/dragon-toys/4171_7357538_5461952"
            ],
            [
                "Building Toys Ages 8 to 11",
                "/browse/toys/building-toys-ages-8-to-11/4171_4186_6416592"
            ],
            [
                "LEGO Sets Ages 8 to 11",
                "/browse/toys/lego-sets-ages-8-to-11/4171_4186_1105635_6901070"
            ],
            [
                "Building Toys Ages 12+",
                "/browse/toys/building-toys-ages-12/4171_4186_9012439"
            ]
        ]
    },
    {
        "title": "Little Tikes Activity Garden Playhouse",
        "url": "https://www.walmart.com/ip/Little-Tikes-Activity-Garden-Playhouse/26095846",
        "price": "$67.95",
        "stars": "4.2",
        "ratings": "296 ",
        "img": "",
        "tags": [
            [
                "Activity Centers",
                "/browse/baby/activity-centers/5427_86323_105389"
            ],
            [
                "Ages 0-12 months",
                "/browse/baby/ages-0-12-months/5427_491351_1081264"
            ],
            [
                "Baby Toys",
                "/browse/baby/baby-toys/5427_491351_3021491"
            ],
            [
                "Fisher Price Baby Toys",
                "/browse/baby/fisher-price-baby-toys/5427_491351_3913250"
            ],
            [
                "Fisher Price Electronic Baby Toys",
                "/browse/baby/fisher-price-electronic-baby-toys/5427_491351_6845286"
            ],
            [
                "Little Tikes Baby and Toddler Toys",
                "/browse/baby/little-tikes-baby-toddler-toys/5427_491351_8194045"
            ],
            [
                "Fisher Price Toddler",
                "/browse/fisher-price-toddler/5427_8667173"
            ],
            [
                "Baby Activity Centers",
                "/browse/baby/baby-activity-centers/5427_491351_8871082"
            ]
        ]
    },
    {
        "title": "VTech Little SmartPhone, Teaches Numbers and Colors, Great Toy for Baby",
        "url": "https://www.walmart.com/ip/VTech-Little-SmartPhone-Teaches-Numbers-and-Colors-Great-Toy-for-Baby/21007434",
        "price": "$9.97",
        "stars": "4.6",
        "ratings": "109 ",
        "img": "i5.walmartimages.com/asr/2c3e873e-6b34-464f-b07c-a0b3fc4f977a_1.6ddb08718ec3118b4e59536ac773aad0.jpeg?odnWidth=612&odnHeight=612&odnBg=ffffff",
        "tags": [
            [
                "Ages 0-12 months",
                "/browse/baby/ages-0-12-months/5427_491351_1081264"
            ],
            [
                "Ages 12-24 months",
                "/browse/baby/ages-12-24-months/5427_491351_1081284"
            ],
            [
                "Baby and Toddler Music Toys",
                "/browse/baby/baby-toddler-music-toys/5427_491351_164198"
            ],
            [
                "12-18 Month Toys",
                "/browse/baby/12-18-month-toys/5427_491351_2793475"
            ],
            [
                "Baby Toys, Book & Keepsakes",
                "/browse/baby/baby-toys-book-keepsakes/5427_538387_3565221"
            ],
            [
                "Fisher Price Baby Toys",
                "/browse/baby/fisher-price-baby-toys/5427_491351_3913250"
            ],
            [
                "Fisher Price Electronic Baby Toys",
                "/browse/baby/fisher-price-electronic-baby-toys/5427_491351_6845286"
            ],
            [
                "Fisher Price Toddler",
                "/browse/fisher-price-toddler/5427_8667173"
            ]
        ]
    },
    {
        "title": "SHARPER IMAGE Two-Player Toy Laser Tag Gun Blaster & Vest Armor Set for Kids, Safe for Children and Adults, Indoor & Outdoor Battle Games, Combine Multiple Sets for Multiplayer Free-for-All!",
        "url": "https://www.walmart.com/ip/SHARPER-IMAGE-Two-Player-Toy-Laser-Tag-Gun-Blaster-Vest-Armor-Set-Kids-Safe-Children-Adults-Indoor-Outdoor-Battle-Games-Combine-Multiple-Sets-Multipl/804283439",
        "price": "$24.95",
        "stars": "4.6",
        "ratings": "88 ",
        "img": "i5.walmartimages.com/asr/126946aa-4065-49d5-b790-7c4802d3cac0.aecb69b2c37f2c9c7dfe5c787189b0ac.jpeg?odnWidth=612&odnHeight=612&odnBg=ffffff",
        "tags": [
            [
                "Toys for 5 year olds",
                "/browse/toys/toys-for-5-year-olds/4171_3318550_617941_2294124"
            ],
            [
                "Nerf and Blaster Vests",
                "/browse/toys/nerf-blaster-vests/4171_14521_936979_9777831_2746858"
            ],
            [
                "Toys for 6 year olds",
                "/browse/toys/toys-for-6-year-olds/4171_3318550_617941_4112798"
            ],
            [
                "Only at Walmart Toys",
                "/browse/toys/only-at-walmart-toys/4171_6331649_4497497"
            ],
            [
                "Nerf and Blaster Targets",
                "/browse/toys/nerf-blaster-targets/4171_14521_936979_9777831_6147135"
            ],
            [
                "Toys for Kids 12 Years & Up",
                "/browse/toys/toys-for-kids-12-years-up/4171_3318550_1077724_6922509"
            ],
            [
                "Toys for Kids 8 to 11 Years",
                "/browse/toys/toys-for-kids-8-to-11-years/4171_3318550_617942_8104028"
            ]
        ]
    },
    {
        "title": "Contixo 7\" Kids Tablet V8-3 Android with WiFi Camera 16GB Learning Tablet for Toddlers Children Kids Place Parental Control Pre installed 20+ Education Apps w/Kid-Proof Protective Case (Green)",
        "url": "https://www.walmart.com/ip/Contixo-7-Kids-Tablet-V8-3-Android-WiFi-Camera-16GB-Learning-Toddlers-Children-Place-Parental-Control-Pre-installed-20-Education-Apps-w-Kid-Proof-Pro/634757093",
        "price": "$59.99",
        "stars": "3.9",
        "ratings": "112 ",
        "img": "i5.walmartimages.com/asr/125cc4f3-9b83-44e0-a722-e998e3b803d1.575dc8e5f05fcf71e3452a9e19fa2961.jpeg?odnWidth=612&odnHeight=612&odnBg=ffffff",
        "tags": [
            [
                "Sports & Action Camcorders",
                "/browse/electronics/sports-action-camcorders/3944_133277_1100765"
            ],
            [
                "7 Inch Tablets",
                "/browse/electronics/7-inch-tablets/3944_1078524_1677048_2538402"
            ],
            [
                "Electronics Tax Time",
                "/browse/electronics-tax-time/3944_4439225"
            ],
            [
                "Android Tablets for Kids",
                "/browse/electronics/android-tablets-for-kids/3944_1078524_1231200_5025899"
            ],
            [
                "All Android Tablets",
                "/browse/electronics/all-android-tablets/3944_1078524_1231200_6908210"
            ],
            [
                "7 Inch Android Tablets",
                "/browse/electronics/7-inch-android-tablets/3944_1078524_1231200_8046628"
            ],
            [
                "10 Inch Android Tablets",
                "/browse/electronics/10-inch-android-tablets/3944_1078524_1231200_9141291"
            ]
        ]
    }
]