[
    {
        "title": "The Beadery Wonder Loom Kit, Gift for Kids, Includes 600 Rubber Bands",
        "url": "https://www.walmart.com/ip/The-Beadery-Wonder-Loom-Kit-Gift-for-Kids-Includes-600-Rubber-Bands/30652494",
        "price": "$10.89",
        "stars": "4.3",
        "ratings": "296 ",
        "img": "i5.walmartimages.com/asr/19cf0b59-866e-4d85-968e-f4c555e2f68e_1.5e93c6e1602555cc92bcef573323000f.jpeg?odnWidth=612&odnHeight=612&odnBg=ffffff",
        "tags": [
            [
                "Costumes & Dress Up",
                "/browse/toys/costumes-dress-up/4171_4173_164142"
            ],
            [
                "Hair, Nail & Spa Toys",
                "/browse/toys/hair-nail-spa-toys/4171_645779_2990448"
            ],
            [
                "Cool Maker",
                "/browse/toys/cool-maker/4171_645779_3371021"
            ],
            [
                "Quilting & Sewing Kits",
                "/browse/toys/quilting-sewing-kits/4171_645779_6317337"
            ],
            [
                "Toys for Kids 5 to 7 Years",
                "/browse/toys/toys-for-kids-5-to-7-years/4171_3318550_617941_8920388"
            ],
            [
                "Knitting & Weaving Kits",
                "/browse/toys/knitting-weaving-kits/4171_645779_8985243"
            ],
            [
                "Children's Paint and Paint Supplies",
                "/browse/toys/childrens-paint-paint-supplies/4171_645779_9646901"
            ],
            [
                "All Kids Jewelry Making Kits",
                "/browse/toys/all-kids-jewelry-making-kits/4171_645779_9564789_9869340"
            ]
        ]
    },
    {
        "title": "Cra-Z-Art Nickelodeon JoJo Siwa Slime to Party Set",
        "url": "https://www.walmart.com/ip/Cra-Z-Art-Nickelodeon-JoJo-Siwa-Slime-to-Party-Set/536702501",
        "price": "$19.97",
        "stars": "4.0",
        "ratings": "10 ",
        "img": "i5.walmartimages.com/asr/0464bd17-eaaa-481e-a606-a826a097b109_2.9d5708c09b5171a8b43efb2ae3a5df84.jpeg?odnWidth=612&odnHeight=612&odnBg=ffffff",
        "tags": [
            [
                "Jojo Siwa Toys",
                "/browse/toys/jojo-siwa-toys/4171_7357538_2646145"
            ],
            [
                "Hair, Nail & Spa Toys",
                "/browse/toys/hair-nail-spa-toys/4171_645779_2990448"
            ],
            [
                "Glitter Slime",
                "/browse/toys/glitter-slime/4171_645779_2165088_3252168"
            ],
            [
                "Cool Maker",
                "/browse/toys/cool-maker/4171_645779_3371021"
            ],
            [
                "Nickelodeon Slime",
                "/browse/toys/nickelodeon-slime/4171_645779_2165088_3447161"
            ],
            [
                "DIY Slime Kits",
                "/browse/toys/diy-slime-kits/4171_645779_2165088_6010655"
            ],
            [
                "Craft Kits",
                "/browse/toys/craft-kits/4171_645779_613040"
            ],
            [
                "Pre-Made Slime Shop",
                "/browse/toys/pre-made-slime-shop/4171_645779_2165088_9237203"
            ]
        ]
    },
    {
        "title": "Crayola BIN747291 3 Count Crayola Globbles",
        "url": "https://www.walmart.com/ip/Crayola-BIN747291-3-Count-Crayola-Globbles/707785038",
        "price": "$11.39",
        "stars": "3.0",
        "ratings": "8 ",
        "img": "",
        "tags": [
            [
                "Crayola Art Sets",
                "/browse/shop-by-brand/crayola-art-sets/3734780_9312923_5916865_1263997_1734045"
            ],
            [
                "Crayola Toddler",
                "/browse/shop-by-brand/crayola-toddler/3734780_9312923_5916865_6856318_2417981"
            ],
            [
                "Crayola Gifts",
                "/browse/shop-by-brand/crayola-gifts/3734780_9312923_5916865_1263997_2466550"
            ],
            [
                "Crayola Kids",
                "/browse/shop-by-brand/crayola-kids/3734780_9312923_5916865_6856318_2474223"
            ],
            [
                "Crayola Coloring Books",
                "/browse/shop-by-brand/crayola-coloring-books/3734780_9312923_5916865_7082544_4056735"
            ],
            [
                "Crayola Markers",
                "/browse/shop-by-brand/crayola-markers/3734780_9312923_5916865_7082544_4517923"
            ],
            [
                "Crayola Coloring Books for Babies",
                "/browse/shop-by-brand/crayola-coloring-books-for-babies/3734780_9312923_5916865_6856318_8810405"
            ],
            [
                "Crayola Children's Coloring Books",
                "/browse/shop-by-brand/crayola-childrens-coloring-books/3734780_9312923_5916865_6856318_9239174"
            ]
        ]
    },
    {
        "title": "DIY Slime Kit Supplies Kids \u2013 Ready Slimes Making Kits Craft for Girls Boys Children \u2013Set Includes Big Box, Glow Powder, Fluffy Slim, Clear Slime, Glitter, Egg Putty Fruit Slices, Fish",
        "url": "https://www.walmart.com/ip/DIY-Slime-Kit-Supplies-Kids-Ready-Slimes-Making-Kits-Craft-Girls-Boys-Children-Set-Includes-Big-Box-Glow-Powder-Fluffy-Slim-Clear-Slime-Glitter-Egg-P/575043179",
        "price": "$24.99",
        "stars": "4.8",
        "ratings": "10 ",
        "img": "",
        "tags": [
            [
                "Glitter Slime",
                "/browse/toys/glitter-slime/4171_645779_2165088_3252168"
            ],
            [
                "Nickelodeon Slime",
                "/browse/toys/nickelodeon-slime/4171_645779_2165088_3447161"
            ],
            [
                "Glow-in-the-Dark Slime",
                "/browse/toys/glow-in-the-dark-slime/4171_645779_2165088_4007466"
            ],
            [
                "Clear Slime",
                "/browse/toys/clear-slime/4171_645779_2165088_4429474"
            ],
            [
                "SlimyGloop Slime",
                "/browse/toys/slimygloop-slime/4171_645779_2165088_4477093"
            ],
            [
                "Craft Kits",
                "/browse/toys/craft-kits/4171_645779_613040"
            ],
            [
                "Crunchy Slime",
                "/browse/toys/crunchy-slime/4171_645779_2165088_6570164"
            ],
            [
                "Pre-Made Slime Shop",
                "/browse/toys/pre-made-slime-shop/4171_645779_2165088_9237203"
            ]
        ]
    },
    {
        "title": "FloraCraft Slime Ballz 2 Cups White",
        "url": "https://www.walmart.com/ip/FloraCraft-Slime-Ballz-2-Cups-White/369001096",
        "price": "$6.91",
        "stars": "5.0",
        "ratings": "1 ",
        "img": "i5.walmartimages.com/asr/96bd404b-114f-44a8-a794-25d0e4fc70dd_1.b6d93a2a699f7468af7e9ac91020ba26.jpeg?odnWidth=612&odnHeight=612&odnBg=ffffff",
        "tags": [
            [
                "Photo Albums",
                "/browse/arts-crafts-sewing/photo-albums/1334134_8495017_2611013_1021739"
            ],
            [
                "Other Clay",
                "/browse/arts-crafts-sewing/other-clay/1334134_5899871_6883794_3032078"
            ],
            [
                "Craft Kits for Kids",
                "/browse/arts-crafts-sewing/craft-kits-for-kids/1334134_6172404_7108348_4022952_3971378"
            ],
            [
                "Vase Fillers",
                "/browse/arts-crafts-sewing/vase-fillers/1334134_6172404_5753260_7814131_5576099"
            ],
            [
                "Craft Feathers",
                "/browse/arts-crafts-sewing/craft-feathers/1334134_6172404_8479577_6432282_6158517"
            ],
            [
                "All Beading and Jewelry Making",
                "/browse/arts-crafts-sewing/all-beading-jewelry-making/1334134_4533160_6262436"
            ],
            [
                "Trims & Embellishments",
                "/browse/arts-crafts-sewing/trims-embellishments/1334134_1094704_5620176_6335431"
            ],
            [
                "White Beads",
                "/browse/arts-crafts-sewing/white-beads/1334134_4533160_1043543_3091269_8030094"
            ]
        ]
    },
    {
        "title": "Crayola Colored Drawing Chalk Sticks, 144 Count",
        "url": "https://www.walmart.com/ip/Crayola-Colored-Drawing-Chalk-Sticks-144-Count/20712864",
        "price": "$17.91",
        "stars": "3.5",
        "ratings": "33 ",
        "img": "",
        "tags": [
            [
                "School Specialty",
                "/browse/shop-by-brand/school-specialty/3734780_1431586_4467086"
            ],
            [
                "Crayola Crayons",
                "/browse/shop-by-brand/crayola-crayons/3734780_9312923_5916865_7082544_6912116"
            ],
            [
                "Crayola Drawing Chalk",
                "/browse/shop-by-brand/crayola-drawing-chalk/3734780_9312923_5916865_7082544_7235836"
            ],
            [
                "Dixon Ticonderoga",
                "/browse/shop-by-brand/dixon-ticonderoga/3734780_1431586_9071968"
            ],
            [
                "Crayola Outdoor Activities",
                "/browse/shop-by-brand/crayola-outdoor-activities/3734780_9312923_5916865_1263997_9134827"
            ],
            [
                "Crayola Teens & Adult",
                "/browse/shop-by-brand/crayola-teens-adult/3734780_9312923_5916865_6856318_9265281"
            ],
            [
                "Crayola Sidewalk Chalk",
                "/browse/shop-by-brand/crayola-sidewalk-chalk/3734780_9312923_5916865_7082544_9454651"
            ],
            [
                "Crayola Chalk",
                "/browse/shop-by-brand/crayola-chalk/3734780_9312923_5916865_7082544_9720505"
            ]
        ]
    },
    {
        "title": "Perler Fuse Beads Fun Fusion Multi-Mix, 22,000 Beads, 30 Colors",
        "url": "https://www.walmart.com/ip/Perler-Fuse-Beads-Fun-Fusion-Multi-Mix-22-000-Beads-30-Colors/17176211",
        "price": "$19.99",
        "stars": "4.9",
        "ratings": "52 ",
        "img": "",
        "tags": [
            [
                "Hair, Nail & Spa Toys",
                "/browse/toys/hair-nail-spa-toys/4171_645779_2990448"
            ],
            [
                "Cool Maker",
                "/browse/toys/cool-maker/4171_645779_3371021"
            ],
            [
                "Craft Kits",
                "/browse/toys/craft-kits/4171_645779_613040"
            ],
            [
                "Quilting & Sewing Kits",
                "/browse/toys/quilting-sewing-kits/4171_645779_6317337"
            ],
            [
                "Toys for Kids 8 to 11 Years",
                "/browse/toys/toys-for-kids-8-to-11-years/4171_3318550_617942_8104028"
            ],
            [
                "Toys for Kids 5 to 7 Years",
                "/browse/toys/toys-for-kids-5-to-7-years/4171_3318550_617941_8920388"
            ],
            [
                "Children's Paint and Paint Supplies",
                "/browse/toys/childrens-paint-paint-supplies/4171_645779_9646901"
            ],
            [
                "All Kids Jewelry Making Kits",
                "/browse/toys/all-kids-jewelry-making-kits/4171_645779_9564789_9869340"
            ]
        ]
    },
    {
        "title": "Sculpey III, 2 oz., Ballerina",
        "url": "https://www.walmart.com/ip/Sculpey-III-2-oz-Ballerina/35649424",
        "price": "$5.25",
        "stars": "4.4",
        "ratings": "11 ",
        "img": "",
        "tags": [
            [
                "Play-Doh",
                "/browse/toys/play-doh/4171_645779_9285153_2925360"
            ],
            [
                "Play-Doh Kitchen Creations",
                "/browse/toys/play-doh-kitchen-creations/4171_645779_9285153_3576437"
            ],
            [
                "Play-Doh Sets",
                "/browse/toys/play-doh-sets/4171_645779_9285153_5291460"
            ],
            [
                "Craft Kits",
                "/browse/toys/craft-kits/4171_645779_613040"
            ],
            [
                "Play-Doh Licensed Sets",
                "/browse/toys/play-doh-licensed-sets/4171_645779_9285153_6910681"
            ],
            [
                "Crayola Dough, Clay & Slime",
                "/browse/toys/crayola-dough-clay-slime/4171_645779_9285153_8633676"
            ],
            [
                "Toys for Kids 5 to 7 Years",
                "/browse/toys/toys-for-kids-5-to-7-years/4171_3318550_617941_8920388"
            ],
            [
                "Play-Doh Compound",
                "/browse/toys/play-doh-compound/4171_645779_9285153_9262776"
            ]
        ]
    },
    {
        "title": "Perler Fused Bead Bucket Kit-Emoji",
        "url": "https://www.walmart.com/ip/Perler-Fused-Bead-Bucket-Kit-Emoji/140811349",
        "price": "$9.84",
        "stars": "3.0",
        "ratings": "2 ",
        "img": "i5.walmartimages.com/asr/09704601-26bf-4846-8b2e-c9d9046879bc_1.5a8722d7d37d2efd0016b55a85d8206e.jpeg?odnWidth=612&odnHeight=612&odnBg=ffffff",
        "tags": [
            [
                "All Trolls Toys",
                "/browse/toys/all-trolls-toys/4171_7357538_9587579_3802039"
            ],
            [
                "Craft Kits",
                "/browse/toys/craft-kits/4171_645779_613040"
            ],
            [
                "Quilting & Sewing Kits",
                "/browse/toys/quilting-sewing-kits/4171_645779_6317337"
            ],
            [
                "Toys for Kids 8 to 11 Years",
                "/browse/toys/toys-for-kids-8-to-11-years/4171_3318550_617942_8104028"
            ],
            [
                "Toys for Kids 5 to 7 Years",
                "/browse/toys/toys-for-kids-5-to-7-years/4171_3318550_617941_8920388"
            ],
            [
                "Knitting & Weaving Kits",
                "/browse/toys/knitting-weaving-kits/4171_645779_8985243"
            ],
            [
                "Children's Paint and Paint Supplies",
                "/browse/toys/childrens-paint-paint-supplies/4171_645779_9646901"
            ],
            [
                "All Kids Jewelry Making Kits",
                "/browse/toys/all-kids-jewelry-making-kits/4171_645779_9564789_9869340"
            ]
        ]
    },
    {
        "title": "Plaid 40645E Unpainted Wood Surface, Cigar Box, 1 Piece, 8.53\" x 8.13\" x 1.75\"",
        "url": "https://www.walmart.com/ip/Plaid-40645E-Unpainted-Wood-Surface-Cigar-Box-1-Piece-8-53-x-8-13-x-1-75/45654805",
        "price": "$4.47",
        "stars": "4.1",
        "ratings": "12 ",
        "img": "i5.walmartimages.com/asr/aca22b96-88ad-4e65-a3fb-fd35541680ba_1.c112868e58cad967b58713323786d01b.jpeg?odnWidth=612&odnHeight=612&odnBg=ffffff",
        "tags": [
            [
                "Wood Burning & Engraving Supplies",
                "/browse/arts-crafts-sewing/wood-burning-engraving-supplies/1334134_6172404_4705167_1043546"
            ],
            [
                "Craft Kits for Adults",
                "/browse/arts-crafts-sewing/craft-kits-for-adults/1334134_6172404_7108348_4022952_2963273"
            ],
            [
                "Art & Craft Kits",
                "/browse/arts-crafts-sewing/art-craft-kits/1334134_6172404_7108348_5931536"
            ],
            [
                "Wood Pallets",
                "/browse/arts-crafts-sewing/wood-pallets/1334134_6172404_4705167_6268605"
            ],
            [
                "Canvas Panels & Boards",
                "/browse/arts-crafts-sewing/canvas-panels-boards/1334134_5899871_6153803_7580350"
            ],
            [
                "Jewelry Making Tools",
                "/browse/arts-crafts-sewing/jewelry-making-tools/1334134_4533160_7963469"
            ],
            [
                "Wooden Letters & Numbers",
                "/browse/arts-crafts-sewing/wooden-letters-numbers/1334134_6172404_4705167_9015315"
            ],
            [
                "Wood Art Boards",
                "/browse/arts-crafts-sewing/wood-art-boards/1334134_5899871_6153803_9167237"
            ]
        ]
    },
    {
        "title": "YOU*niverse Galactic Gel Candles Kit",
        "url": "https://www.walmart.com/ip/YOU-niverse-Galactic-Gel-Candles-Kit/583400518",
        "price": "$13.97",
        "stars": "3.4",
        "ratings": "14 ",
        "img": "i5.walmartimages.com/asr/90fad86c-0af5-46b0-9bd9-021859e7721e_1.5b99af7174708e200b34d97d124f776e.jpeg?odnWidth=612&odnHeight=612&odnBg=ffffff",
        "tags": [
            [
                "Soap Making Kits",
                "/browse/arts-crafts-sewing/soap-making-kits/1334134_6172404_5753260_2037453_2579874"
            ],
            [
                "Craft Kits for Teens",
                "/browse/arts-crafts-sewing/craft-kits-for-teens/1334134_6172404_7108348_4022952_2808534"
            ],
            [
                "Kids Painting Kits for Kids Crafts",
                "/browse/arts-crafts-sewing/kids-painting-kits-for-kids-crafts/1334134_5899871_7445675_3565471"
            ],
            [
                "Craft Kits for Kids",
                "/browse/arts-crafts-sewing/craft-kits-for-kids/1334134_6172404_7108348_4022952_3971378"
            ],
            [
                "Jewelry Making Kits",
                "/browse/arts-crafts-sewing/jewelry-making-kits/1334134_4533160_4974817"
            ],
            [
                "All Beading and Jewelry Making",
                "/browse/arts-crafts-sewing/all-beading-jewelry-making/1334134_4533160_6262436"
            ],
            [
                "Scrapbooking Kits",
                "/browse/arts-crafts-sewing/scrapbooking-kits/1334134_8495017_8505615"
            ],
            [
                "Candle Making Tools",
                "/browse/arts-crafts-sewing/candle-making-tools/1334134_6172404_5753260_6471945_9437999"
            ]
        ]
    }
]