[
    {
        "title": "Ghostbusters 8\" Phunny Plush: \"No Ghost\" Logo",
        "url": "https://www.walmart.com/ip/Ghostbusters-8-Phunny-Plush-No-Ghost-Logo/174028721",
        "price": "$14.35",
        "stars": 0,
        "ratings": 0,
        "img": "i5.walmartimages.com/asr/aa75d6ca-856d-4cdc-bb8f-931b2115ca08.b1e9732731611aaf02bb38a4f3761625.jpeg?odnWidth=612&odnHeight=612&odnBg=ffffff",
        "tags": [
            [
                "Shop All Playmobil",
                "/browse/toys/shop-all-playmobil/4171_4186_1345489_1682540_1938735"
            ],
            [
                "Building Toys Ages 5 to 7",
                "/browse/toys/building-toys-ages-5-to-7/4171_4186_3153072"
            ],
            [
                "Toys for 7 year olds",
                "/browse/toys/toys-for-7-year-olds/4171_3318550_617941_3721951"
            ],
            [
                "Toys for 6 year olds",
                "/browse/toys/toys-for-6-year-olds/4171_3318550_617941_4112798"
            ],
            [
                "Building Toys Ages 8 to 11",
                "/browse/toys/building-toys-ages-8-to-11/4171_4186_6416592"
            ],
            [
                "All Building Play Sets",
                "/browse/toys/all-building-play-sets/4171_4186_1345489_7237730"
            ],
            [
                "Pre-Made Slime Shop",
                "/browse/toys/pre-made-slime-shop/4171_645779_2165088_9237203"
            ]
        ]
    },
    {
        "title": "FUNKO POP! ANIMATION: DRAGONBALL Z - GOKU & NIMBUS",
        "url": "https://www.walmart.com/ip/FUNKO-POP-ANIMATION-DRAGONBALL-Z-GOKU-NIMBUS/51579727",
        "price": "$12.95",
        "stars": "4.8",
        "ratings": "9 ",
        "img": "",
        "tags": [
            [
                "Bobble Heads",
                "/browse/toys/bobble-heads/4171_4172_1224720"
            ],
            [
                "Collectible Dolls",
                "/browse/toys/collectible-dolls/4171_4187_6904958_132911"
            ],
            [
                "Funko Pop Animation",
                "/browse/toys/funko-pop-animation/4171_4172_4294413_4803523"
            ],
            [
                "Dragon Toys",
                "/browse/toys/dragon-toys/4171_7357538_5461952"
            ],
            [
                "Dragon Ball Funko Pop",
                "/browse/toys/dragon-ball-funko-pop/4171_4172_4294413_5872962"
            ],
            [
                "Funko Pop Anime",
                "/browse/toys/funko-pop-anime/4171_4172_4294413_7026481"
            ],
            [
                "All Dragon Ball Toys",
                "/browse/toys/all-dragon-ball-toys/4171_7357538_5938418_8661974"
            ]
        ]
    },
    {
        "title": "Cabbage Patch Kids Cuties Bluebell Dragonfly 9 Inch Soft Body Baby Doll - Garden Party Collection",
        "url": "https://www.walmart.com/ip/Cabbage-Patch-Kids-Cuties-Bluebell-Dragonfly-9-Inch-Soft-Body-Baby-Doll-Garden-Party-Collection/878070423",
        "price": "$16.95",
        "stars": "4.5",
        "ratings": "2 ",
        "img": "i5.walmartimages.com/asr/4dbe23ab-2dff-41e6-a8ad-c18765b1ebe3_1.054d307593f84b84a6bbc7f47c72c967.jpeg?odnWidth=612&odnHeight=612&odnBg=ffffff",
        "tags": [
            [
                "Collectible Dolls",
                "/browse/toys/collectible-dolls/4171_4187_6904958_132911"
            ],
            [
                "My Sweet Love",
                "/browse/toys/my-sweet-love/4171_4187_2554648"
            ],
            [
                "Dolls & Dollhouses",
                "/browse/toys/dolls-dollhouses/4171_4187_4800686"
            ],
            [
                "JC Toys Baby Dolls",
                "/browse/toys/jc-toys-baby-dolls/4171_4187_3415121_5265693"
            ],
            [
                "Dragon Toys",
                "/browse/toys/dragon-toys/4171_7357538_5461952"
            ],
            [
                "My Sweet Love Baby Dolls",
                "/browse/toys/my-sweet-love-baby-dolls/4171_4187_3415121_5848569"
            ],
            [
                "Toys for Kids 5 to 7 Years",
                "/browse/toys/toys-for-kids-5-to-7-years/4171_3318550_617941_8920388"
            ],
            [
                "Cabbage Patch Kids Dolls",
                "/browse/toys/cabbage-patch-kids-dolls/4171_4187_3415121_9846272"
            ]
        ]
    },
    {
        "title": "PLAYMOBIL Ghostbusters Venkman and Terror Dogs",
        "url": "https://www.walmart.com/ip/PLAYMOBIL-Ghostbusters-Venkman-and-Terror-Dogs/827654644",
        "price": "$26.98",
        "stars": "4.8",
        "ratings": "6 ",
        "img": "i5.walmartimages.com/asr/1b27fabf-842c-4483-862e-2606dfdd1a09_1.3f9a1865cbd0883adf60dde85fee1611.jpeg?odnWidth=612&odnHeight=612&odnBg=ffffff",
        "tags": [
            [
                "Playmobil Horses",
                "/browse/toys/playmobil-horses/4171_4186_1345489_1682540_1468861"
            ],
            [
                "Building Toys Ages 5 to 7",
                "/browse/toys/building-toys-ages-5-to-7/4171_4186_3153072"
            ],
            [
                "Ghostbusters Toys",
                "/browse/toys/ghostbusters-toys/4171_2065565_4138884"
            ],
            [
                "Playmobil Police and Fire",
                "/browse/toys/playmobil-police-fire/4171_4186_1345489_1682540_5066692"
            ],
            [
                "Building Toys Ages 8 to 11",
                "/browse/toys/building-toys-ages-8-to-11/4171_4186_6416592"
            ],
            [
                "All Building Play Sets",
                "/browse/toys/all-building-play-sets/4171_4186_1345489_7237730"
            ],
            [
                "Pre-Made Slime Shop",
                "/browse/toys/pre-made-slime-shop/4171_645779_2165088_9237203"
            ],
            [
                "Playmobil Houses",
                "/browse/toys/playmobil-houses/4171_4186_1345489_1682540_9805446"
            ]
        ]
    },
    {
        "title": "Funko Pop! Dragon Ball Z - Chiaotzu & Tien",
        "url": "https://www.walmart.com/ip/Funko-Pop-Dragon-Ball-Z-Chiaotzu-Tien/913824056",
        "price": "$11.83",
        "stars": "3.5",
        "ratings": "2 ",
        "img": "i5.walmartimages.com/asr/4442d1b5-64dc-4b3c-992f-b1e0976190cf_1.24f16101c27809820506bdcc1f04b88a.png?odnWidth=612&odnHeight=612&odnBg=ffffff",
        "tags": [
            [
                "Bobble Heads",
                "/browse/toys/bobble-heads/4171_4172_1224720"
            ],
            [
                "Funko Pop Animation",
                "/browse/toys/funko-pop-animation/4171_4172_4294413_4803523"
            ],
            [
                "Dragon Toys",
                "/browse/toys/dragon-toys/4171_7357538_5461952"
            ],
            [
                "Dragon Ball Funko Pop",
                "/browse/toys/dragon-ball-funko-pop/4171_4172_4294413_5872962"
            ],
            [
                "Funko Pop Anime",
                "/browse/toys/funko-pop-anime/4171_4172_4294413_7026481"
            ],
            [
                "NBA Funko Pop",
                "/browse/toys/nba-funko-pop/4171_4172_4294413_4542930_7925123"
            ],
            [
                "All Dragon Ball Toys",
                "/browse/toys/all-dragon-ball-toys/4171_7357538_5938418_8661974"
            ]
        ]
    },
    {
        "title": "Dragon Ball Super POP! Animation Super Saiyan Hercule Exclusive Vinyl Figure Glow-in-the-Dark",
        "url": "https://www.walmart.com/ip/Dragon-Ball-Super-POP-Animation-Super-Saiyan-Hercule-Exclusive-Vinyl-Figure-Glow-in-the-Dark/441146171",
        "price": "$17.85",
        "stars": "1.0",
        "ratings": "1 ",
        "img": "",
        "tags": [
            [
                "Walmart Exclusive Funko Pop",
                "/browse/toys/walmart-exclusive-funko-pop/4171_4172_4294413_2884519"
            ],
            [
                "Funko Pop Animation",
                "/browse/toys/funko-pop-animation/4171_4172_4294413_4803523"
            ],
            [
                "Dragon Toys",
                "/browse/toys/dragon-toys/4171_7357538_5461952"
            ],
            [
                "Dragon Ball Funko Pop",
                "/browse/toys/dragon-ball-funko-pop/4171_4172_4294413_5872962"
            ],
            [
                "Funko Pop Anime",
                "/browse/toys/funko-pop-anime/4171_4172_4294413_7026481"
            ],
            [
                "NBA Funko Pop",
                "/browse/toys/nba-funko-pop/4171_4172_4294413_4542930_7925123"
            ],
            [
                "All Dragon Ball Toys",
                "/browse/toys/all-dragon-ball-toys/4171_7357538_5938418_8661974"
            ]
        ]
    },
    {
        "title": "Transformers Rescue Bots Academy Heatwave the Fire-Bot Converting Toy",
        "url": "https://www.walmart.com/ip/Transformers-Rescue-Bots-Academy-Heatwave-the-Fire-Bot-Converting-Toy/986053063",
        "price": "$7.88",
        "stars": "4.8",
        "ratings": "14 ",
        "img": "i5.walmartimages.com/asr/fe7a7ea9-c660-4062-b747-85011baf0775_1.4e5ff2f2935ba6ab4e597b3e34c151dd.jpeg?odnWidth=612&odnHeight=612&odnBg=ffffff",
        "tags": [
            [
                "Transformers Bumblebee Action Figures",
                "/browse/toys/transformers-bumblebee-action-figures/4171_4172_2378689"
            ],
            [
                "Transformers Toys",
                "/browse/toys/transformers-toys/4171_4172_2616268"
            ],
            [
                "All Preschool Action Figures & Playsets",
                "/browse/toys/all-preschool-action-figures-playsets/4171_4172_1574302_2852038"
            ],
            [
                "Playskool",
                "/browse/toys/playskool/4171_4172_1574302_5163095"
            ],
            [
                "Transformers Optimus Prime Action Figures",
                "/browse/toys/transformers-optimus-prime-action-figures/4171_4172_5297444"
            ],
            [
                "Transformers Studio Series",
                "/browse/toys/transformers-studio-series/4171_4172_5647346"
            ],
            [
                "Transformers Bumblebee Cyberverse Adventure Action Figures",
                "/browse/toys/transformers-bumblebee-cyberverse-adventure-action-figures/4171_4172_7857064"
            ],
            [
                "Playskool Transformers",
                "/browse/toys/playskool-transformers/4171_4172_1574302_9342581"
            ]
        ]
    },
    {
        "title": "Funko POP! Movies: Back to the Future - Doc w/ Helmet",
        "url": "https://www.walmart.com/ip/Funko-POP-Movies-Back-to-the-Future-Doc-w-Helmet/134469525",
        "price": "$13.44",
        "stars": "5.0",
        "ratings": "1 ",
        "img": "i5.walmartimages.com/asr/bd3e0da3-dd51-4780-80ba-0d8d70a6318d.6b6867f8d66d08a40894d875259839a1.png?odnWidth=612&odnHeight=612&odnBg=ffffff",
        "tags": [
            [
                "Funko Pop Movies",
                "/browse/toys/funko-pop-movies/4171_4172_4294413_1742485"
            ],
            [
                "Walmart Exclusive Funko Pop",
                "/browse/toys/walmart-exclusive-funko-pop/4171_4172_4294413_2884519"
            ],
            [
                "Wonder Woman Funko Pop",
                "/browse/toys/wonder-woman-funko-pop/4171_4172_4294413_2891523"
            ],
            [
                "Back to the Future Funko Pop",
                "/browse/toys/back-to-the-future-funko-pop/4171_4172_4294413_3066981"
            ],
            [
                "Funko Pop Animation",
                "/browse/toys/funko-pop-animation/4171_4172_4294413_4803523"
            ],
            [
                "Funko Pop Icons",
                "/browse/toys/funko-pop-icons/4171_4172_4294413_7238835"
            ],
            [
                "The Office Funko Pop",
                "/browse/toys/the-office-funko-pop/4171_4172_4294413_7759855"
            ],
            [
                "Funko Pop TV",
                "/browse/toys/funko-pop-tv/4171_4172_4294413_9626096"
            ]
        ]
    },
    {
        "title": "Playskool Mr. Potato Head Spudtrooper",
        "url": "https://www.walmart.com/ip/Playskool-Mr-Potato-Head-Spudtrooper/54988326",
        "price": "$14.99",
        "stars": "5.0",
        "ratings": "2 ",
        "img": "i5.walmartimages.com/asr/c6695241-ec42-4e20-83d4-23f11b265d72_1.2eaea95e4c01536c6243e7ae140d4c54.jpeg?odnWidth=612&odnHeight=612&odnBg=ffffff",
        "tags": [
            [
                "All Preschool Action Figures & Playsets",
                "/browse/toys/all-preschool-action-figures-playsets/4171_4172_1574302_2852038"
            ],
            [
                "Toys for 2 year old boys",
                "/browse/toys/toys-for-2-year-old-boys/4171_3318550_7016108_3495831"
            ],
            [
                "Gifts for 4 year old boy",
                "/browse/toys/gifts-for-4-year-old-boy/4171_3318550_7016108_4071474"
            ],
            [
                "Toys for 3 year old boys",
                "/browse/toys/toys-for-3-year-old-boys/4171_3318550_7016108_4372226"
            ],
            [
                "Playskool Marvel",
                "/browse/toys/playskool-marvel/4171_4172_1574302_4409412"
            ],
            [
                "Playskool",
                "/browse/toys/playskool/4171_4172_1574302_5163095"
            ],
            [
                "Deadpool Action Figures",
                "/browse/toys/deadpool-action-figures/4171_4172_5616255"
            ],
            [
                "Toys for 4 year old boys",
                "/browse/toys/toys-for-4-year-old-boys/4171_3318550_7016108_9088809"
            ]
        ]
    },
    {
        "title": "Disney Princess Parade Belle & Chip Float by Little People",
        "url": "https://www.walmart.com/ip/Disney-Princess-Parade-Belle-Chip-Float-by-Little-People/235835012",
        "price": "$21.49",
        "stars": "5.0",
        "ratings": "1 ",
        "img": "i5.walmartimages.com/asr/0e471589-acbc-4445-9183-b5f58877942f_1.7ea501fcae8622fe96f99a4b1396a728.jpeg?odnWidth=612&odnHeight=612&odnBg=ffffff",
        "tags": [
            [
                "Ages 0-12 months",
                "/browse/baby/ages-0-12-months/5427_491351_1081264"
            ],
            [
                "Ages 12-24 months",
                "/browse/baby/ages-12-24-months/5427_491351_1081284"
            ],
            [
                "Baby Toys",
                "/browse/baby/baby-toys/5427_491351_3021491"
            ],
            [
                "Baby Toys, Book & Keepsakes",
                "/browse/baby/baby-toys-book-keepsakes/5427_538387_3565221"
            ],
            [
                "Fisher Price Baby Toys",
                "/browse/baby/fisher-price-baby-toys/5427_491351_3913250"
            ],
            [
                "Fisher Price Electronic Baby Toys",
                "/browse/baby/fisher-price-electronic-baby-toys/5427_491351_6845286"
            ],
            [
                "Baby and Toddler Playsets",
                "/browse/baby/baby-toddler-playsets/5427_491351_8466232"
            ],
            [
                "Fisher Price Toddler",
                "/browse/fisher-price-toddler/5427_8667173"
            ]
        ]
    }
]