[
    {
        "title": "Tiny Baking!",
        "url": "https://www.walmart.com/ip/Tiny-Baking/549687388",
        "price": "$19.99",
        "stars": "3.3",
        "ratings": "4 ",
        "img": "i5.walmartimages.com/asr/7d61e3b3-1944-4e11-adb2-ad27d53482e9_1.166d1e3bcd93a18c584bcf13139cde9c.jpeg?odnWidth=612&odnHeight=612&odnBg=ffffff",
        "tags": [
            [
                "Cooking & Baking Toys",
                "/browse/toys/cooking-baking-toys/4171_4173_133079"
            ],
            [
                "Collectible Novelty",
                "/browse/toys/collectible-novelty/4171_5178010_4322621"
            ],
            [
                "Miniatures & Dollhouse Kits",
                "/browse/toys/miniatures-dollhouse-kits/4171_4187_4668261_4703234"
            ],
            [
                "Barbie Ken",
                "/browse/toys/barbie-ken/4171_4187_1953337_8898526_5770278"
            ],
            [
                "Play Dough",
                "/browse/toys/play-dough/4171_645779_9285153_613042"
            ],
            [
                "Toddler Girl Toys",
                "/browse/toys/toddler-girl-toys/4171_3318550_8469931_7878434"
            ],
            [
                "Barbie Fashionistas",
                "/browse/toys/barbie-fashionistas/4171_4187_1953337_8898526_7986857"
            ]
        ]
    },
    {
        "title": "Franklin Sports Over the Door Indoor Basketball Hoop - Kids Mini Hoop for Bedroom - Steel Rim Mini Hoop - Includes Ball and Pump - Red Light Up",
        "url": "https://www.walmart.com/ip/Franklin-Sports-Over-the-Door-Indoor-Basketball-Hoop-Kids-Mini-Hoop-for-Bedroom-Steel-Rim-Mini-Hoop-Includes-Ball-and-Pump-Red-Light-Up/55626912",
        "price": "$31.99",
        "stars": 0,
        "ratings": 0,
        "img": "i5.walmartimages.com/asr/9467507d-6f2f-42fe-a5c4-fa77a2e4343e_1.73d65f2155f9c986618749e4fb50855d.jpeg?odnWidth=612&odnHeight=612&odnBg=ffffff",
        "tags": [
            [
                "Classic Games",
                "/browse/toys/classic-games/4171_4191_2084995"
            ],
            [
                "Family Games",
                "/browse/toys/family-games/4171_4191_2335373_2204878"
            ],
            [
                "Little Live Pets",
                "/browse/toys/little-live-pets/4171_4187_7790702_3693047"
            ],
            [
                "All Board Games",
                "/browse/toys/all-board-games/4171_4191_133123_4497274"
            ],
            [
                "Simon Game",
                "/browse/toys/simon-game/4171_2065565_4859463"
            ],
            [
                "All Toy Sports Equipment",
                "/browse/toys/all-toy-sports-equipment/4171_14521_1699076_6100690"
            ],
            [
                "Basketball Toys",
                "/browse/toys/basketball-toys/4171_14521_1699076_8204216"
            ]
        ]
    },
    {
        "title": "Little Live Pets Cutie Pup with Ball Accessory, Sprinky",
        "url": "https://www.walmart.com/ip/Little-Live-Pets-Cutie-Pup-with-Ball-Accessory-Sprinky/519830083",
        "price": "$32.98",
        "stars": "5.0",
        "ratings": "1 ",
        "img": "i5.walmartimages.com/asr/4ec6825c-bc52-4373-94a4-3b1c915ed6b2_1.37691897f0aac8e019233844cd2bdeeb.jpeg?odnWidth=612&odnHeight=612&odnBg=ffffff",
        "tags": [
            [
                "Electronic Toys",
                "/browse/toys/electronic-toys/4171_1096069_1105959_1096123"
            ],
            [
                "Electronic Games",
                "/browse/toys/electronic-games/4171_4191_133045"
            ],
            [
                "Little Live Pets",
                "/browse/toys/little-live-pets/4171_4187_7790702_3693047"
            ],
            [
                "8 to 11 Years",
                "/browse/toys/8-to-11-years/4171_2724815_3925001"
            ],
            [
                "Other Unicorn Toys",
                "/browse/toys/other-unicorn-toys/4171_4209468_3940073"
            ],
            [
                "Electronic Pets",
                "/browse/toys/electronic-pets/4171_4187_4209464"
            ],
            [
                "Dragon Toys",
                "/browse/toys/dragon-toys/4171_7357538_5461952"
            ],
            [
                "5 to 7 Years",
                "/browse/toys/5-to-7-years/4171_2724815_9191313"
            ]
        ]
    },
    {
        "title": "Sprout Channel Cubby 7\" Kids Tablet 16GB",
        "url": "https://www.walmart.com/ip/Sprout-Channel-Cubby-7-Kids-Tablet-16GB/38573923",
        "price": "$57.99",
        "stars": "3.4",
        "ratings": "853 ",
        "img": "",
        "tags": [
            [
                "All Tablet Accessories",
                "/browse/electronics/all-tablet-accessories/3944_1078524_1225368_1087422"
            ],
            [
                "7 Inch Tablets",
                "/browse/electronics/7-inch-tablets/3944_1078524_1677048_2538402"
            ],
            [
                "Vtech",
                "/browse/electronics/vtech/3944_4131277_2613471"
            ],
            [
                "Android Tablets for Kids",
                "/browse/electronics/android-tablets-for-kids/3944_1078524_1231200_5025899"
            ],
            [
                "All Android Tablets",
                "/browse/electronics/all-android-tablets/3944_1078524_1231200_6908210"
            ],
            [
                "7 Inch Android Tablets",
                "/browse/electronics/7-inch-android-tablets/3944_1078524_1231200_8046628"
            ],
            [
                "10 Inch Android Tablets",
                "/browse/electronics/10-inch-android-tablets/3944_1078524_1231200_9141291"
            ]
        ]
    },
    {
        "title": "Arcade Classics - Ms Pac-Man Mini Arcade Game",
        "url": "https://www.walmart.com/ip/Arcade-Classics-Ms-Pac-Man-Mini-Arcade-Game/349552021",
        "price": "$15.71",
        "stars": "4.3",
        "ratings": "66 ",
        "img": "i5.walmartimages.com/asr/de957f56-77b3-4a45-8939-413e5f121d84_2.a4d5e20a0ef4edb4c824221b66fb3ea9.jpeg?odnWidth=612&odnHeight=612&odnBg=ffffff",
        "tags": [
            [
                "Nintendo DS/Dsi Consoles",
                "/browse/video-games/nintendo-ds-dsi-consoles/2636_1086580_1225027"
            ],
            [
                "Retro Gaming Software",
                "/browse/video-games/retro-gaming-software/2636_1101552_3359629"
            ],
            [
                "Retro Gaming Accessories",
                "/browse/video-games/retro-gaming-accessories/2636_1101552_3583333"
            ],
            [
                "Arcade1UP Game Cabinets",
                "/browse/video-games/arcade1up-game-cabinets/2636_1101552_4085423_4199188"
            ],
            [
                "Pac-Man Video Games",
                "/browse/video-games/pac-man-video-games/2636_7899038_5952550_4315743"
            ],
            [
                "Pac-Man Retro Games",
                "/browse/video-games/pac-man-retro-games/2636_7899038_5952550_5502688"
            ],
            [
                "Retro Game Consoles",
                "/browse/video-games/retro-game-consoles/2636_1101552_7683907"
            ],
            [
                "Retro Handheld Video Games",
                "/browse/video-games/retro-handheld-video-games/2636_1101552_9085266"
            ]
        ]
    },
    {
        "title": "Kamigami Lina Ladybug Build Program Play Engineering STEM Robot",
        "url": "https://www.walmart.com/ip/Kamigami-Lina-Ladybug-Build-Program-Play-Engineering-STEM-Robot/187280025",
        "price": "$19.99",
        "stars": "5.0",
        "ratings": "1 ",
        "img": "i5.walmartimages.com/asr/647b5c86-1bd6-486f-85d0-38ea4e7a8fce_1.23ec47200e264bd05dbde41898db701e.jpeg?odnWidth=612&odnHeight=612&odnBg=ffffff",
        "tags": [
            [
                "Electronic Toys",
                "/browse/toys/electronic-toys/4171_1096069_1105959_1096123"
            ],
            [
                "Robots & Electronic Pets",
                "/browse/toys/robots-electronic-pets/4171_1096069_1105959_1105996"
            ],
            [
                "Science & Education",
                "/browse/toys/science-education/4171_56125_164140"
            ],
            [
                "Robotic Toys",
                "/browse/toys/robotic-toys/4171_1096069_1105959_2211540"
            ],
            [
                "Engineering Toys",
                "/browse/toys/engineering-toys/4171_1229858_2993451"
            ],
            [
                "Biology Toys for Kids",
                "/browse/toys/biology-toys-for-kids/4171_1229858_3016044"
            ],
            [
                "Toys for 1 year old",
                "/browse/toys/toys-for-1-year-old/4171_3318550_8469931_6921641"
            ],
            [
                "Robot Toys",
                "/browse/toys/robot-toys/4171_1229858_8116584"
            ]
        ]
    },
    {
        "title": "VTech Kidizoom Action Cam, Yellow/Black",
        "url": "https://www.walmart.com/ip/VTech-Kidizoom-Action-Cam-Yellow-Black/191692014",
        "price": "$69.94",
        "stars": "5.0",
        "ratings": "1 ",
        "img": "",
        "tags": [
            [
                "Electronic Toys",
                "/browse/toys/electronic-toys/4171_1096069_1105959_1096123"
            ],
            [
                "Bilingual Toys",
                "/browse/toys/bilingual-toys/4171_56125_1229855"
            ],
            [
                "VTech Toys",
                "/browse/toys/vtech-toys/4171_3438149_3348821"
            ],
            [
                "Pretend Play Toys for Boys",
                "/browse/toys/pretend-play-toys-for-boys/4171_4173_3613401"
            ],
            [
                "12+ Years",
                "/browse/toys/12-years/4171_2724815_4436782"
            ],
            [
                "Tablets with Parental Control",
                "/browse/toys/tablets-with-parental-control/4171_56125_1095151_8465247"
            ],
            [
                "All Tablets for Kids",
                "/browse/toys/all-tablets-for-kids/4171_56125_1095151_9620487"
            ]
        ]
    },
    {
        "title": "Lil' Gleemerz Glorange Furry Friend, Light Up Interactive Talking Toy",
        "url": "https://www.walmart.com/ip/Lil-Gleemerz-Glorange-Furry-Friend-Light-Up-Interactive-Talking-Toy/295974329",
        "price": "$22.99",
        "stars": "4.4",
        "ratings": "23 ",
        "img": "i5.walmartimages.com/asr/38838673-2b74-4de6-ab22-1f49fe26c4bc_1.26cc14673586d71937537e66ffdb24ba.jpeg?odnWidth=612&odnHeight=612&odnBg=ffffff",
        "tags": [
            [
                "Robots & Electronic Pets",
                "/browse/toys/robots-electronic-pets/4171_1096069_1105959_1105996"
            ],
            [
                "Fingerlings",
                "/browse/toys/fingerlings/4171_4187_1741575"
            ],
            [
                "Pomsies",
                "/browse/toys/pomsies/4171_4187_1802942"
            ],
            [
                "Little Live Pets",
                "/browse/toys/little-live-pets/4171_4187_7790702_3693047"
            ],
            [
                "Furreal Friends",
                "/browse/toys/furreal-friends/4171_4187_5776542"
            ],
            [
                "Zoomer",
                "/browse/toys/zoomer/4171_4187_6227775"
            ],
            [
                "Toys for 2 year olds",
                "/browse/toys/toys-for-2-year-olds/4171_3318550_7016108_7131451"
            ],
            [
                "Hatchimals",
                "/browse/toys/hatchimals/4171_3438149_8277039"
            ]
        ]
    },
    {
        "title": "HEXBUG MoBots Mimix - Recording and Talking Robot Kit with Sound and Flexible Body - Smart Interactive Educational Toys for Kids - Ages 3+ - Batteries Included (Colors and Styles May Vary)",
        "url": "https://www.walmart.com/ip/HEXBUG-MoBots-Mimix-Recording-Talking-Robot-Kit-Sound-Flexible-Body-Smart-Interactive-Educational-Toys-Kids-Ages-3-Batteries-Included-Colors-Styles-M/203775934",
        "price": "$10.99",
        "stars": 0,
        "ratings": 0,
        "img": "i5.walmartimages.com/asr/48e8ddd7-1384-4237-a826-6fe75acc1631.860b049f28550016b80ab0f8701870df.jpeg?odnWidth=612&odnHeight=612&odnBg=ffffff",
        "tags": []
    },
    {
        "title": "Pokemon Pikachu FRS Walkie Talkies for Kids Long Range Static Free Kid Friendly Easy to Use 2 Way Walkie Talkies",
        "url": "https://www.walmart.com/ip/Pokemon-Pikachu-FRS-Walkie-Talkies-for-Kids-Long-Range-Static-Free-Kid-Friendly-Easy-to-Use-2-Way-Walkie-Talkies/165158031",
        "price": "$29.99",
        "stars": "1.0",
        "ratings": "2 ",
        "img": "i5.walmartimages.com/asr/10f519a9-b1bd-42ca-883e-f4b4e12892cd_1.85a2f1a18a5d978e42640ab90caba8fc.jpeg?odnWidth=612&odnHeight=612&odnBg=ffffff",
        "tags": [
            [
                "Kids Instruments",
                "/browse/toys/kids-instruments/4171_4173_1143273"
            ],
            [
                "Frozen Karaoke Machines & Kids Instruments",
                "/browse/toys/frozen-karaoke-machines-kids-instruments/4171_7357538_6091150_1779539"
            ],
            [
                "Jojo Siwa Toys",
                "/browse/toys/jojo-siwa-toys/4171_7357538_2646145"
            ],
            [
                "Gifts for 4 year old boy",
                "/browse/toys/gifts-for-4-year-old-boy/4171_3318550_7016108_4071474"
            ],
            [
                "Toys for 2 year old girls",
                "/browse/toys/toys-for-2-year-old-girls/4171_3318550_7016108_7112114"
            ],
            [
                "Kids Musical Instruments",
                "/browse/toys/kids-musical-instruments/4171_4173_3426779_7166990"
            ],
            [
                "Toys for 3 year old girls",
                "/browse/toys/toys-for-3-year-old-girls/4171_3318550_7016108_7213465"
            ],
            [
                "Toys for 4 year old girls",
                "/browse/toys/toys-for-4-year-old-girls/4171_3318550_7016108_8608370"
            ]
        ]
    }
]