[
    {
        "title": "Best Choice Products 22-Fret Full Size Acoustic Electric Bass Guitar w/ 4-Band Equalizer, Adjustable Truss Rod - Blue",
        "url": "https://www.walmart.com/ip/Best-Choice-Products-22-Fret-Full-Size-Acoustic-Electric-Bass-Guitar-w-4-Band-Equalizer-Adjustable-Truss-Rod-Blue/29603417",
        "price": "$89.99",
        "stars": "4.3",
        "ratings": "120 ",
        "img": "i5.walmartimages.com/asr/79daf59c-6e95-4553-9893-27efd5dce7bb.5858c59dac8f9f681261d36699ca64d2.jpeg?odnWidth=612&odnHeight=612&odnBg=ffffff",
        "tags": [
            [
                "Guitar Value Packs",
                "/browse/musical-instruments/guitar-value-packs/7796869_1097870_1398895"
            ],
            [
                "Acoustic Guitars",
                "/browse/musical-instruments/acoustic-guitars/7796869_1097870_1680603"
            ],
            [
                "Kids Acoustic Guitars",
                "/browse/musical-instruments/kids-acoustic-guitars/7796869_6789055_4839538_7416933_2047866"
            ],
            [
                "Kids Electric Bass guitars",
                "/browse/musical-instruments/kids-electric-bass-guitars/7796869_6789055_4839538_7416933_4887808"
            ],
            [
                "Kids Acoustic Electric Guitars",
                "/browse/musical-instruments/kids-acoustic-electric-guitars/7796869_6789055_4839538_7416933_5074992"
            ],
            [
                "String Instruments Musical Classroom",
                "/browse/musical-instruments/string-instruments-musical-classroom/7796869_1097895_5381069"
            ],
            [
                "Acoustic Electric Guitars",
                "/browse/musical-instruments/acoustic-electric-guitars/7796869_1097870_7246374"
            ],
            [
                "Kids Guitars",
                "/browse/musical-instruments/kids-guitars/7796869_1097870_9293077"
            ]
        ]
    },
    {
        "title": "Rise by Sawtooth Hibiscus Red Beginner\u2019s Ukulele with Case, Clip on Tuner, Lesson-Chord Guide, and Picks",
        "url": "https://www.walmart.com/ip/Rise-by-Sawtooth-Hibiscus-Red-Beginner-s-Ukulele-with-Case-Clip-on-Tuner-Lesson-Chord-Guide-and-Picks/212834450",
        "price": "$23.87",
        "stars": "3.9",
        "ratings": "15 ",
        "img": "i5.walmartimages.com/asr/7bcdd7a1-0902-4842-970f-e5655f1c8a2f_1.680a1569f2e78f5e09e565ea1210c5d3.jpeg?odnWidth=612&odnHeight=612&odnBg=ffffff",
        "tags": [
            [
                "Premium Ukuleles",
                "/browse/musical-instruments/premium-ukuleles/7796869_2737509_6674420_2232050"
            ],
            [
                "Soprano Ukuleles",
                "/browse/musical-instruments/soprano-ukuleles/7796869_2737509_6674420_9393693_2891066"
            ],
            [
                "All Ukuleles",
                "/browse/musical-instruments/all-ukuleles/7796869_2737509_6674420_4161611"
            ],
            [
                "Kala",
                "/browse/musical-instruments/kala/7796869_2737509_6674420_6089583_5335564"
            ],
            [
                "String Instruments Musical Classroom",
                "/browse/musical-instruments/string-instruments-musical-classroom/7796869_1097895_5381069"
            ],
            [
                "Basic Ukuleles",
                "/browse/musical-instruments/basic-ukuleles/7796869_2737509_6674420_5970254"
            ],
            [
                "Concert Ukuleles",
                "/browse/musical-instruments/concert-ukuleles/7796869_2737509_6674420_9393693_9572413"
            ]
        ]
    },
    {
        "title": "Wired Condenser Microphone Audio 3.5mm Studio Mic Vocal Recording KTV Karaoke Mic with Stand for PC Phone",
        "url": "https://www.walmart.com/ip/Wired-Condenser-Microphone-Audio-3-5mm-Studio-Mic-Vocal-Recording-KTV-Karaoke-Mic-with-Stand-for-PC-Phone/666274247",
        "price": "$19.89",
        "stars": "2.8",
        "ratings": "13 ",
        "img": "i5.walmartimages.com/asr/4c60b535-5362-4cba-ba1f-a3286dbe120f_1.e7e891288d31c241145086dbb48d1235.jpeg?odnWidth=612&odnHeight=612&odnBg=ffffff",
        "tags": [
            [
                "Dynamic Microphones",
                "/browse/musical-instruments/dynamic-microphones/7796869_3348689_133194_3930897"
            ],
            [
                "Podcasting Bundles",
                "/browse/musical-instruments/podcasting-bundles/7796869_3348689_133194_6485637"
            ],
            [
                "Shop All Microphones",
                "/browse/musical-instruments/shop-all-microphones/7796869_3348689_133194_6519431"
            ],
            [
                "Karaoke Machine Accessories",
                "/browse/musical-instruments/karaoke-machine-accessories/7796869_6745708_6264579_7488727"
            ],
            [
                "Blue Microphones",
                "/browse/musical-instruments/blue-microphones/7796869_3861023_7646960"
            ],
            [
                "Wireless Microphones",
                "/browse/musical-instruments/wireless-microphones/7796869_3348689_133194_8249540"
            ],
            [
                "Stands and Booms",
                "/browse/musical-instruments/stands-booms/7796869_3348689_133194_9060460"
            ],
            [
                "USB Microphones",
                "/browse/musical-instruments/usb-microphones/7796869_3348689_133194_9889680"
            ]
        ]
    },
    {
        "title": "Snark SN5X Clip-On Tuner for Guitar, Bass & Violin (Current Model)",
        "url": "https://www.walmart.com/ip/Snark-SN5X-Clip-On-Tuner-for-Guitar-Bass-Violin-Current-Model/197636730",
        "price": "$11.95",
        "stars": "4.6",
        "ratings": "42 ",
        "img": "",
        "tags": [
            [
                "Guitar Accessories",
                "/browse/musical-instruments/guitar-accessories/7796869_6171829_6548527_1074445"
            ],
            [
                "Ukulele Tuners",
                "/browse/musical-instruments/ukulele-tuners/7796869_2737509_6674420_2368639"
            ],
            [
                "Snark",
                "/browse/musical-instruments/snark/7796869_3861023_3045081"
            ],
            [
                "Guitar Tuners",
                "/browse/musical-instruments/guitar-tuners/7796869_6171829_6548527_3470716"
            ],
            [
                "String Instrument Accessories",
                "/browse/musical-instruments/string-instrument-accessories/7796869_3983498_3933845_5471209"
            ],
            [
                "Ukulele Accessories",
                "/browse/musical-instruments/ukulele-accessories/7796869_2737509_6674420_6198044"
            ]
        ]
    },
    {
        "title": "Ashthorpe Full-Size Cutaway Thinline Acoustic-Electric Guitar Package - Premium Tonewoods",
        "url": "https://www.walmart.com/ip/Ashthorpe-Full-Size-Cutaway-Thinline-Acoustic-Electric-Guitar-Package-Premium-Tonewoods/863355553",
        "price": "$119.99",
        "stars": "4.3",
        "ratings": "6 ",
        "img": "i5.walmartimages.com/asr/e4af9fa9-35bd-4675-bc6e-843f8992b7d1_1.63328f473d151b799dcd2440d8b1e87d.jpeg?odnWidth=612&odnHeight=612&odnBg=ffffff",
        "tags": [
            [
                "Guitar Value Packs",
                "/browse/musical-instruments/guitar-value-packs/7796869_1097870_1398895"
            ],
            [
                "Acoustic Guitars",
                "/browse/musical-instruments/acoustic-guitars/7796869_1097870_1680603"
            ],
            [
                "Kids Acoustic Guitars",
                "/browse/musical-instruments/kids-acoustic-guitars/7796869_6789055_4839538_7416933_2047866"
            ],
            [
                "Advanced Acoustic Guitars",
                "/browse/musical-instruments/advanced-acoustic-guitars/7796869_6789055_8828380_7536912_3355369"
            ],
            [
                "String Instruments Musical Classroom",
                "/browse/musical-instruments/string-instruments-musical-classroom/7796869_1097895_5381069"
            ],
            [
                "Acoustic Electric Guitars",
                "/browse/musical-instruments/acoustic-electric-guitars/7796869_1097870_7246374"
            ],
            [
                "Beginner Acoustic Guitars",
                "/browse/musical-instruments/beginner-acoustic-guitars/7796869_6789055_6387230_8078877_8665177"
            ],
            [
                "Kids Guitars",
                "/browse/musical-instruments/kids-guitars/7796869_1097870_9293077"
            ]
        ]
    },
    {
        "title": "Casio SA-78 44-Key Mini Personal Keyboard",
        "url": "https://www.walmart.com/ip/Casio-SA-78-44-Key-Mini-Personal-Keyboard/491502176",
        "price": "$54.00",
        "stars": "4.4",
        "ratings": "11 ",
        "img": "i5.walmartimages.com/asr/1cdbeb66-a26a-47a2-9484-8e8ca647ee56_1.81b3cf4fa0f42125d94c5018fafcde89.jpeg?odnWidth=612&odnHeight=612&odnBg=ffffff",
        "tags": [
            [
                "Casio Portable Keyboards",
                "/browse/musical-instruments/casio-portable-keyboards/7796869_1128453_9194762_6101489_1945372"
            ],
            [
                "61-Key Portable keyboards",
                "/browse/musical-instruments/61-key-portable-keyboards/7796869_1128453_3376388_3185691_2581776"
            ],
            [
                "Beginner  Portable Keyboards",
                "/browse/musical-instruments/beginner-portable-keyboards/7796869_6789055_6387230_9562435_4511327"
            ],
            [
                "Keyboards Musical Classroom",
                "/browse/musical-instruments/keyboards-musical-classroom/7796869_1097895_5698620"
            ],
            [
                "Portable Keyboards",
                "/browse/musical-instruments/portable-keyboards/7796869_1128453_2503204_7904097"
            ],
            [
                "Classroom Musical Instruments",
                "/browse/musical-instruments/classroom-musical-instruments/7796869_1097895_9031018"
            ],
            [
                "Casio",
                "/browse/musical-instruments/casio/7796869_3861023_9557376"
            ]
        ]
    },
    {
        "title": "Razer Seiren X: Supercardioid Condenser Mic - Professional Grade Streaming Microphone",
        "url": "https://www.walmart.com/ip/Razer-Seiren-X-Supercardioid-Condenser-Mic-Professional-Grade-Streaming-Microphone/257892987",
        "price": "$69.99",
        "stars": "4.4",
        "ratings": "30 ",
        "img": "i5.walmartimages.com/asr/b23e34c2-65b1-4527-8d4b-a926922a14d7_1.b5b540bfc2f04f77b4fcc7ba5ff5aacb.jpeg?odnWidth=612&odnHeight=612&odnBg=ffffff",
        "tags": [
            [
                "Laptop Stands",
                "/browse/electronics/laptop-stands/3944_3951_132959_4680327"
            ],
            [
                "Mouse Pads & Wrist Rests",
                "/browse/electronics/mouse-pads-wrist-rests/3944_3951_132959_1008621_4842284_4718636"
            ],
            [
                "All PC Headsets",
                "/browse/electronics/all-pc-headsets/3944_3951_132959_6834263_6829460_5849297"
            ],
            [
                "PC Gaming Mouse & Mouse Pads",
                "/browse/electronics/pc-gaming-mouse-mouse-pads/3944_3951_7052607_9433123_6377687"
            ],
            [
                "PC Gaming Headsets",
                "/browse/electronics/pc-gaming-headsets/3944_3951_7052607_9433123_6790712"
            ],
            [
                "Razer",
                "/browse/electronics/razer/3944_4131277_8032453"
            ],
            [
                "PC Gaming Keyboards",
                "/browse/electronics/pc-gaming-keyboards/3944_3951_7052607_9433123_9135152"
            ]
        ]
    },
    {
        "title": "Acoustic Toy Guitar Pink Butterfly, 30\"",
        "url": "https://www.walmart.com/ip/Acoustic-Toy-Guitar-Pink-Butterfly-30/48649844",
        "price": "$31.03",
        "stars": "4.3",
        "ratings": "13 ",
        "img": "i5.walmartimages.com/asr/7aeef2f0-9ec3-4fed-bdd2-48c32a485bde_1.b07360cb6763d2bb278222ab75a0b85a.jpeg?odnWidth=612&odnHeight=612&odnBg=ffffff",
        "tags": [
            [
                "Guitar Accessories",
                "/browse/musical-instruments/guitar-accessories/7796869_6171829_6548527_1074445"
            ],
            [
                "Guitar Value Packs",
                "/browse/musical-instruments/guitar-value-packs/7796869_1097870_1398895"
            ],
            [
                "Acoustic Guitars",
                "/browse/musical-instruments/acoustic-guitars/7796869_1097870_1680603"
            ],
            [
                "Acoustic Guitar Strings",
                "/browse/musical-instruments/acoustic-guitar-strings/7796869_6171829_6548527_1819793_2056913"
            ],
            [
                "String Instruments Musical Classroom",
                "/browse/musical-instruments/string-instruments-musical-classroom/7796869_1097895_5381069"
            ],
            [
                "Dunlop",
                "/browse/musical-instruments/dunlop/7796869_3861023_5966714"
            ],
            [
                "Kids Guitars",
                "/browse/musical-instruments/kids-guitars/7796869_1097870_9293077"
            ]
        ]
    },
    {
        "title": "Hamzer 61-Key Electronic Keyboard Portable Digital Music Piano with H Stand, Stool, Headphones Microphone, & Sticker Set",
        "url": "https://www.walmart.com/ip/Hamzer-61-Key-Electronic-Keyboard-Portable-Digital-Music-Piano-with-H-Stand-Stool-Headphones-Microphone-Sticker-Set/455209260",
        "price": "$107.99",
        "stars": "5.0",
        "ratings": "2 ",
        "img": "i5.walmartimages.com/asr/42071347-7b96-47c0-95cd-95ee080dd811.e0f0a5d9a3ce0566f1e2528d1fca55c5.jpeg?odnWidth=612&odnHeight=612&odnBg=ffffff",
        "tags": [
            [
                "61-Key Portable keyboards",
                "/browse/musical-instruments/61-key-portable-keyboards/7796869_1128453_3376388_3185691_2581776"
            ],
            [
                "Portable Keyboards Bundles",
                "/browse/musical-instruments/portable-keyboards-bundles/7796869_1128453_1074444_4180280"
            ],
            [
                "Keyboards Musical Classroom",
                "/browse/musical-instruments/keyboards-musical-classroom/7796869_1097895_5698620"
            ],
            [
                "Shop Piano Keyboards by Size",
                "/browse/musical-instruments/shop-piano-keyboards-by-size/7796869_1128453_3376388_6600975"
            ],
            [
                "Electronic Keyboards with Stand",
                "/browse/musical-instruments/electronic-keyboards-with-stand/7796869_1128453_1074444_6970540"
            ],
            [
                "Portable Keyboards",
                "/browse/musical-instruments/portable-keyboards/7796869_1128453_2503204_7904097"
            ],
            [
                "Classroom Musical Instruments",
                "/browse/musical-instruments/classroom-musical-instruments/7796869_1097895_9031018"
            ]
        ]
    },
    {
        "title": "ChromaCast 12-Pack Guitar Picks, Assorted Colors and Gauges, Pearl Celluloid and Delrin Durapicks",
        "url": "https://www.walmart.com/ip/ChromaCast-12-Pack-Guitar-Picks-Assorted-Colors-and-Gauges-Pearl-Celluloid-and-Delrin-Durapicks/54498292",
        "price": "$3.98",
        "stars": "4.7",
        "ratings": "32 ",
        "img": "",
        "tags": [
            [
                "Heavy Gage Picks",
                "/browse/musical-instruments/heavy-gage-picks/7796869_6171829_6548527_5215123_2540329"
            ],
            [
                "Light Gage Picks",
                "/browse/musical-instruments/light-gage-picks/7796869_6171829_6548527_5215123_3983895"
            ],
            [
                "Medium Gage Picks",
                "/browse/musical-instruments/medium-gage-picks/7796869_6171829_6548527_5215123_5388641"
            ],
            [
                "Dunlop",
                "/browse/musical-instruments/dunlop/7796869_3861023_5966714"
            ],
            [
                "Celluloid Picks",
                "/browse/musical-instruments/celluloid-picks/7796869_6171829_6548527_5215123_7206444"
            ],
            [
                "Assorted Pick Packs",
                "/browse/musical-instruments/assorted-pick-packs/7796869_6171829_6548527_5215123_8348549"
            ],
            [
                "Delrin Picks",
                "/browse/musical-instruments/delrin-picks/7796869_6171829_6548527_5215123_9107308"
            ]
        ]
    }
]