[
    {
        "title": "The Beadery Wonder Loom Kit, Gift for Kids, Includes 600 Rubber Bands",
        "url": "https://www.walmart.com/ip/The-Beadery-Wonder-Loom-Kit-Gift-for-Kids-Includes-600-Rubber-Bands/30652494",
        "price": "$10.89",
        "stars": "4.3",
        "ratings": "296 ",
        "img": "i5.walmartimages.com/asr/19cf0b59-866e-4d85-968e-f4c555e2f68e_1.5e93c6e1602555cc92bcef573323000f.jpeg?odnWidth=612&odnHeight=612&odnBg=ffffff",
        "tags": [
            [
                "Costumes & Dress Up",
                "/browse/toys/costumes-dress-up/4171_4173_164142"
            ],
            [
                "Hair, Nail & Spa Toys",
                "/browse/toys/hair-nail-spa-toys/4171_645779_2990448"
            ],
            [
                "Cool Maker",
                "/browse/toys/cool-maker/4171_645779_3371021"
            ],
            [
                "Quilting & Sewing Kits",
                "/browse/toys/quilting-sewing-kits/4171_645779_6317337"
            ],
            [
                "Toys for Kids 5 to 7 Years",
                "/browse/toys/toys-for-kids-5-to-7-years/4171_3318550_617941_8920388"
            ],
            [
                "Knitting & Weaving Kits",
                "/browse/toys/knitting-weaving-kits/4171_645779_8985243"
            ],
            [
                "Children's Paint and Paint Supplies",
                "/browse/toys/childrens-paint-paint-supplies/4171_645779_9646901"
            ],
            [
                "All Kids Jewelry Making Kits",
                "/browse/toys/all-kids-jewelry-making-kits/4171_645779_9564789_9869340"
            ]
        ]
    },
    {
        "title": "Frozen 2 Necklace Activity Set",
        "url": "https://www.walmart.com/ip/Frozen-2-Necklace-Activity-Set/841087685",
        "price": "$13.93",
        "stars": "4.7",
        "ratings": "16 ",
        "img": "i5.walmartimages.com/asr/be6a0256-e86a-4a9c-97bd-f682b44fbe86_1.b6c6817912a4f66dda38f881cf175434.jpeg?odnWidth=612&odnHeight=612&odnBg=ffffff",
        "tags": [
            [
                "All Disney Toys",
                "/browse/toys/all-disney-toys/4171_6909449_1773797"
            ],
            [
                "Frozen Dolls & Dollhouses",
                "/browse/toys/frozen-dolls-dollhouses/4171_7357538_6091150_1817573"
            ],
            [
                "Frozen Dolls",
                "/browse/toys/frozen-dolls/4171_4187_8051423_2062169"
            ],
            [
                "Hair, Nail & Spa Toys",
                "/browse/toys/hair-nail-spa-toys/4171_645779_2990448"
            ],
            [
                "Frozen Games & Puzzles",
                "/browse/toys/frozen-games-puzzles/4171_7357538_6091150_3595068"
            ],
            [
                "All Frozen Toys",
                "/browse/toys/all-frozen-toys/4171_7357538_6091150_4557348"
            ],
            [
                "Frozen Arts & Craft Kits",
                "/browse/toys/frozen-arts-craft-kits/4171_7357538_6091150_5875068"
            ],
            [
                "All Kids Jewelry Making Kits",
                "/browse/toys/all-kids-jewelry-making-kits/4171_645779_9564789_9869340"
            ]
        ]
    },
    {
        "title": "Play-Doh Poop Troop Set with 12 Cans Play-Doh, Ages 3 and up",
        "url": "https://www.walmart.com/ip/Play-Doh-Poop-Troop-Set-with-12-Cans-Play-Doh-Ages-3-and-up/199524119",
        "price": "$8.04",
        "stars": "4.3",
        "ratings": "32 ",
        "img": "i5.walmartimages.com/asr/81937da5-5f64-4399-be68-b8b5f112afb3_1.b5465e8375645a3f97ae87993382b92c.jpeg?odnWidth=612&odnHeight=612&odnBg=ffffff",
        "tags": [
            [
                "Family Games",
                "/browse/toys/family-games/4171_4191_2335373_2204878"
            ],
            [
                "Play-Doh Kitchen Creations",
                "/browse/toys/play-doh-kitchen-creations/4171_645779_9285153_3576437"
            ],
            [
                "Play-Doh Sets",
                "/browse/toys/play-doh-sets/4171_645779_9285153_5291460"
            ],
            [
                "Craft Kits",
                "/browse/toys/craft-kits/4171_645779_613040"
            ],
            [
                "Play Dough",
                "/browse/toys/play-dough/4171_645779_9285153_613042"
            ],
            [
                "Play-Doh Licensed Sets",
                "/browse/toys/play-doh-licensed-sets/4171_645779_9285153_6910681"
            ],
            [
                "Toys for Kids 5 to 7 Years",
                "/browse/toys/toys-for-kids-5-to-7-years/4171_3318550_617941_8920388"
            ],
            [
                "Play-Doh Compound",
                "/browse/toys/play-doh-compound/4171_645779_9285153_9262776"
            ]
        ]
    },
    {
        "title": "Mega Construx Breakout Beasts 2-in-1 Fusion Beast Construction Set with 2 Buildable Figures, Slime for Kids",
        "url": "https://www.walmart.com/ip/Mega-Construx-Breakout-Beasts-2-in-1-Fusion-Beast-Construction-Set-with-2-Buildable-Figures-Slime-for-Kids/165347018",
        "price": "$16.27",
        "stars": "5.0",
        "ratings": "1 ",
        "img": "i5.walmartimages.com/asr/c42ee951-2ded-4d79-89a8-c9ec64bda99a.9d134be9ce0d1db8c116a66ec2279fb8.jpeg?odnWidth=612&odnHeight=612&odnBg=ffffff",
        "tags": [
            [
                "Pokemon Building Sets",
                "/browse/toys/pokemon-building-sets/4171_7357538_9574778_1371784"
            ],
            [
                "Building Sets for Boys",
                "/browse/toys/building-sets-for-boys/4171_1228478_4255542"
            ],
            [
                "Collectible Novelty",
                "/browse/toys/collectible-novelty/4171_5178010_4322621"
            ],
            [
                "Other Building Blocks",
                "/browse/toys/other-building-blocks/4171_4186_133013_6193800"
            ],
            [
                "All Building Play Sets",
                "/browse/toys/all-building-play-sets/4171_4186_1345489_7237730"
            ],
            [
                "Halo Action Figures",
                "/browse/toys/halo-action-figures/4171_7357538_2881264_8366155"
            ],
            [
                "Pre-Made Slime Shop",
                "/browse/toys/pre-made-slime-shop/4171_645779_2165088_9237203"
            ]
        ]
    },
    {
        "title": "Household Essentials Clothespins Birch 96pc",
        "url": "https://www.walmart.com/ip/Household-Essentials-Clothespins-Birch-96pc/39806947",
        "price": "$8.06",
        "stars": "4.0",
        "ratings": "3 ",
        "img": "",
        "tags": [
            [
                "Hair, Nail & Spa Toys",
                "/browse/toys/hair-nail-spa-toys/4171_645779_2990448"
            ],
            [
                "Cool Maker",
                "/browse/toys/cool-maker/4171_645779_3371021"
            ],
            [
                "DIY Slime Kits",
                "/browse/toys/diy-slime-kits/4171_645779_2165088_6010655"
            ],
            [
                "Drawing & Coloring",
                "/browse/toys/drawing-coloring/4171_645779_613041"
            ],
            [
                "Toys for Kids 5 to 7 Years",
                "/browse/toys/toys-for-kids-5-to-7-years/4171_3318550_617941_8920388"
            ],
            [
                "Pre-Made Slime Shop",
                "/browse/toys/pre-made-slime-shop/4171_645779_2165088_9237203"
            ],
            [
                "Children's Paint and Paint Supplies",
                "/browse/toys/childrens-paint-paint-supplies/4171_645779_9646901"
            ],
            [
                "All Kids Jewelry Making Kits",
                "/browse/toys/all-kids-jewelry-making-kits/4171_645779_9564789_9869340"
            ]
        ]
    },
    {
        "title": "Joyful Designs Adult Coloring Book (31 Stress-Relieving Designs) (Paperback)",
        "url": "https://www.walmart.com/ip/Joyful-Designs-Adult-Coloring-Book-31-Stress-Relieving-Designs-Paperback-9781441317568/41676502",
        "price": "$6.46",
        "stars": "4.3",
        "ratings": "18 ",
        "img": "",
        "tags": [
            [
                "Kid Art Easels & Stations",
                "/browse/toys/kid-art-easels-stations/4171_645779_1103012"
            ],
            [
                "Craft Kits",
                "/browse/toys/craft-kits/4171_645779_613040"
            ],
            [
                "Play Dough",
                "/browse/toys/play-dough/4171_645779_9285153_613042"
            ],
            [
                "Magna Doodle",
                "/browse/toys/magna-doodle/4171_645779_6408170_6399778"
            ],
            [
                "Etch-A-Sketch",
                "/browse/toys/etch-a-sketch/4171_645779_6408170_8550674"
            ],
            [
                "Glue for Slime",
                "/browse/toys/glue-for-slime/4171_645779_2165088_2131853_8604968"
            ],
            [
                "Toys for Kids 5 to 7 Years",
                "/browse/toys/toys-for-kids-5-to-7-years/4171_3318550_617941_8920388"
            ],
            [
                "Children's Paint and Paint Supplies",
                "/browse/toys/childrens-paint-paint-supplies/4171_645779_9646901"
            ]
        ]
    },
    {
        "title": "Melissa & Doug Fashion Design Art Activity Kit",
        "url": "https://www.walmart.com/ip/Melissa-Doug-Fashion-Design-Art-Activity-Kit/24621056",
        "price": "$12.99",
        "stars": "4.8",
        "ratings": "16 ",
        "img": "i5.walmartimages.com/asr/a2f5f73a-30b6-4d72-9bb8-2112fd1e023f.328b5bb49d54b7254c94c1fd59f4eeba.jpeg?odnWidth=612&odnHeight=612&odnBg=ffffff",
        "tags": [
            [
                "Cool Maker",
                "/browse/toys/cool-maker/4171_645779_3371021"
            ],
            [
                "Frozen Arts & Craft Kits",
                "/browse/toys/frozen-arts-craft-kits/4171_7357538_6091150_5875068"
            ],
            [
                "Melissa & Doug Toys",
                "/browse/toys/melissa-doug-toys/4171_3438149_5908879"
            ],
            [
                "Drawing & Coloring",
                "/browse/toys/drawing-coloring/4171_645779_613041"
            ],
            [
                "Art Supplies",
                "/browse/toys/art-supplies/4171_3438149_1393249_7820276"
            ],
            [
                "Toys for Kids 5 to 7 Years",
                "/browse/toys/toys-for-kids-5-to-7-years/4171_3318550_617941_8920388"
            ],
            [
                "Children's Paint and Paint Supplies",
                "/browse/toys/childrens-paint-paint-supplies/4171_645779_9646901"
            ],
            [
                "All Kids Jewelry Making Kits",
                "/browse/toys/all-kids-jewelry-making-kits/4171_645779_9564789_9869340"
            ]
        ]
    },
    {
        "title": "Creative Haven Coloring Books: Creative Haven Magnificent Mermaids Coloring Book (Paperback)",
        "url": "https://www.walmart.com/ip/Creative-Haven-Coloring-Books-Creative-Haven-Magnificent-Mermaids-Coloring-Book-Paperback/754125672",
        "price": "$4.89",
        "stars": "3.5",
        "ratings": "2 ",
        "img": "",
        "tags": [
            [
                "Kid Art Easels & Stations",
                "/browse/toys/kid-art-easels-stations/4171_645779_1103012"
            ],
            [
                "Craft Kits",
                "/browse/toys/craft-kits/4171_645779_613040"
            ],
            [
                "Play Dough",
                "/browse/toys/play-dough/4171_645779_9285153_613042"
            ],
            [
                "Magna Doodle",
                "/browse/toys/magna-doodle/4171_645779_6408170_6399778"
            ],
            [
                "Etch-A-Sketch",
                "/browse/toys/etch-a-sketch/4171_645779_6408170_8550674"
            ],
            [
                "Glue for Slime",
                "/browse/toys/glue-for-slime/4171_645779_2165088_2131853_8604968"
            ],
            [
                "Toys for Kids 5 to 7 Years",
                "/browse/toys/toys-for-kids-5-to-7-years/4171_3318550_617941_8920388"
            ],
            [
                "Children's Paint and Paint Supplies",
                "/browse/toys/childrens-paint-paint-supplies/4171_645779_9646901"
            ]
        ]
    },
    {
        "title": "Play-Doh Putty Cosmonium Galaxy Putty for Kids, 3.2-Ounce",
        "url": "https://www.walmart.com/ip/Play-Doh-Putty-Cosmonium-Galaxy-Putty-for-Kids-3-2-Ounce/878551073",
        "price": "$9.99",
        "stars": "4.6",
        "ratings": "19 ",
        "img": "i5.walmartimages.com/asr/3199872c-9ae5-4a0f-abee-680dcaabe719_1.941e56a20e8d9ca8304d4fff001f4a7b.jpeg?odnWidth=612&odnHeight=612&odnBg=ffffff",
        "tags": [
            [
                "Pink Slime",
                "/browse/toys/pink-slime/4171_645779_2165088_2637606"
            ],
            [
                "Play-Doh",
                "/browse/toys/play-doh/4171_645779_9285153_2925360"
            ],
            [
                "Glitter Slime",
                "/browse/toys/glitter-slime/4171_645779_2165088_3252168"
            ],
            [
                "Cloud Slime",
                "/browse/toys/cloud-slime/4171_645779_2165088_4675798"
            ],
            [
                "Play-Doh Slime",
                "/browse/toys/play-doh-slime/4171_645779_2165088_5603854"
            ],
            [
                "Pre-Made Slime Shop",
                "/browse/toys/pre-made-slime-shop/4171_645779_2165088_9237203"
            ],
            [
                "Play-Doh Compound",
                "/browse/toys/play-doh-compound/4171_645779_9285153_9262776"
            ],
            [
                "Fluffy Slime",
                "/browse/toys/fluffy-slime/4171_645779_2165088_9892921"
            ]
        ]
    },
    {
        "title": "Crayola Non-Washable Classpack Markers, Fine Point, 10 Colors, Pack of 200",
        "url": "https://www.walmart.com/ip/Crayola-Non-Washable-Classpack-Markers-Fine-Point-10-Colors-Pack-of-200/14146240",
        "price": "$40.56",
        "stars": "5.0",
        "ratings": "4 ",
        "img": "i5.walmartimages.com/asr/ebac12b3-5c1e-4be3-9de1-fc085f93ac7d_1.2c20b81362913c1555004b1ab5bb66fa.jpeg?odnWidth=612&odnHeight=612&odnBg=ffffff",
        "tags": [
            [
                "Sewing Scissors & Shears",
                "/browse/arts-crafts-sewing/sewing-scissors-shears/1334134_1094704_4161439_3812425"
            ],
            [
                "Classpacks and Bulk Crayons",
                "/browse/arts-crafts-sewing/classpacks-bulk-crayons/1334134_5899871_3074056_4137722"
            ],
            [
                "Shop Markers by Brand",
                "/browse/arts-crafts-sewing/shop-markers-by-brand/1334134_5899871_9862357_4876693"
            ],
            [
                "Art Sketchbooks and Paper",
                "/browse/arts-crafts-sewing/art-sketchbooks-paper/1334134_5899871_1350721_5138397"
            ],
            [
                "Art Pencils",
                "/browse/arts-crafts-sewing/art-pencils/1334134_5899871_8703361_5658522"
            ],
            [
                "All Art Paint",
                "/browse/arts-crafts-sewing/all-art-paint/1334134_5899871_7445675_5577403_6697748"
            ],
            [
                "Construction Paper Crayons",
                "/browse/arts-crafts-sewing/construction-paper-crayons/1334134_5899871_3074056_7080274"
            ],
            [
                "Colored Pencils",
                "/browse/arts-crafts-sewing/colored-pencils/1334134_5899871_8703361_8762795"
            ]
        ]
    },
    {
        "title": "Grafix Shrink Film 8.5\"X11\" 50/Pkg-White",
        "url": "https://www.walmart.com/ip/Grafix-Shrink-Film-8-5-X11-50-Pkg-White/135018660",
        "price": "$23.63",
        "stars": "5.0",
        "ratings": "1 ",
        "img": "i5.walmartimages.com/asr/ec3571c8-f556-4afe-ade7-e457f1f02e9d_2.a40403d99333c39550f5aa68f85e043a.jpeg?odnWidth=612&odnHeight=612&odnBg=ffffff",
        "tags": [
            [
                "Kid Art Easels & Stations",
                "/browse/toys/kid-art-easels-stations/4171_645779_1103012"
            ],
            [
                "Craft Kits",
                "/browse/toys/craft-kits/4171_645779_613040"
            ],
            [
                "Play Dough",
                "/browse/toys/play-dough/4171_645779_9285153_613042"
            ],
            [
                "Magna Doodle",
                "/browse/toys/magna-doodle/4171_645779_6408170_6399778"
            ],
            [
                "Etch-A-Sketch",
                "/browse/toys/etch-a-sketch/4171_645779_6408170_8550674"
            ],
            [
                "Glue for Slime",
                "/browse/toys/glue-for-slime/4171_645779_2165088_2131853_8604968"
            ],
            [
                "Toys for Kids 5 to 7 Years",
                "/browse/toys/toys-for-kids-5-to-7-years/4171_3318550_617941_8920388"
            ],
            [
                "Children's Paint and Paint Supplies",
                "/browse/toys/childrens-paint-paint-supplies/4171_645779_9646901"
            ]
        ]
    }
]