[
    {
        "title": "The Beadery Wonder Loom Kit, Gift for Kids, Includes 600 Rubber Bands",
        "url": "https://www.walmart.com/ip/The-Beadery-Wonder-Loom-Kit-Gift-for-Kids-Includes-600-Rubber-Bands/30652494",
        "price": "$10.89",
        "stars": "4.3",
        "ratings": "296 ",
        "img": "i5.walmartimages.com/asr/19cf0b59-866e-4d85-968e-f4c555e2f68e_1.5e93c6e1602555cc92bcef573323000f.jpeg?odnWidth=612&odnHeight=612&odnBg=ffffff",
        "tags": [
            [
                "Costumes & Dress Up",
                "/browse/toys/costumes-dress-up/4171_4173_164142"
            ],
            [
                "Hair, Nail & Spa Toys",
                "/browse/toys/hair-nail-spa-toys/4171_645779_2990448"
            ],
            [
                "Cool Maker",
                "/browse/toys/cool-maker/4171_645779_3371021"
            ],
            [
                "Quilting & Sewing Kits",
                "/browse/toys/quilting-sewing-kits/4171_645779_6317337"
            ],
            [
                "Toys for Kids 5 to 7 Years",
                "/browse/toys/toys-for-kids-5-to-7-years/4171_3318550_617941_8920388"
            ],
            [
                "Knitting & Weaving Kits",
                "/browse/toys/knitting-weaving-kits/4171_645779_8985243"
            ],
            [
                "Children's Paint and Paint Supplies",
                "/browse/toys/childrens-paint-paint-supplies/4171_645779_9646901"
            ],
            [
                "All Kids Jewelry Making Kits",
                "/browse/toys/all-kids-jewelry-making-kits/4171_645779_9564789_9869340"
            ]
        ]
    },
    {
        "title": "Strathmore Kids Drawing Paper Pad, 9in x 12in",
        "url": "https://www.walmart.com/ip/Strathmore-Kids-Drawing-Paper-Pad-9in-x-12in/37209725",
        "price": "$9.30",
        "stars": "4.4",
        "ratings": "5 ",
        "img": "i5.walmartimages.com/asr/337fc43e-e00f-41f4-8266-470e3cf0b7d5_1.7ffd34e75ff2b6f669f880ef8236c58d.jpeg?odnWidth=612&odnHeight=612&odnBg=ffffff",
        "tags": [
            [
                "Construction Paper",
                "/browse/arts-crafts-sewing/construction-paper/1334134_6172404_4854691_7730900_2097767"
            ],
            [
                "Newsprint Paper",
                "/browse/arts-crafts-sewing/newsprint-paper/1334134_5899871_9677556_2895838"
            ],
            [
                "All Art Paper",
                "/browse/arts-crafts-sewing/all-art-paper/1334134_5899871_9677556_3514948"
            ],
            [
                "Art Sketchbooks and Paper",
                "/browse/arts-crafts-sewing/art-sketchbooks-paper/1334134_5899871_1350721_5138397"
            ],
            [
                "Watercolor Paper",
                "/browse/arts-crafts-sewing/watercolor-paper/1334134_5899871_9677556_5219140"
            ],
            [
                "Drawing Blenders",
                "/browse/arts-crafts-sewing/drawing-blenders/1334134_5899871_1350721_6176135"
            ],
            [
                "Art Sets",
                "/browse/arts-crafts-sewing/art-sets/1334134_5899871_7148292"
            ],
            [
                "Children's Coloring Books",
                "/browse/arts-crafts-sewing/childrens-coloring-books/1334134_5899871_8160590"
            ]
        ]
    },
    {
        "title": "Play-Doh Fun Tub with 5 Cans of Dough & 20+ Tools (MultiColor)",
        "url": "https://www.walmart.com/ip/Play-Doh-Fun-Tub-with-5-Cans-of-Dough-20-Tools-MultiColor/42208835",
        "price": "$14.99",
        "stars": "4.9",
        "ratings": "14 ",
        "img": "",
        "tags": [
            [
                "Play-Doh",
                "/browse/toys/play-doh/4171_645779_9285153_2925360"
            ],
            [
                "Play-Doh Kitchen Creations",
                "/browse/toys/play-doh-kitchen-creations/4171_645779_9285153_3576437"
            ],
            [
                "Toys for Kids 2 to 4 Years",
                "/browse/toys/toys-for-kids-2-to-4-years/4171_3318550_7016108_4703344"
            ],
            [
                "Play-Doh Sets",
                "/browse/toys/play-doh-sets/4171_645779_9285153_5291460"
            ],
            [
                "Play-Doh Licensed Sets",
                "/browse/toys/play-doh-licensed-sets/4171_645779_9285153_6910681"
            ],
            [
                "Toys for Kids 5 to 7 Years",
                "/browse/toys/toys-for-kids-5-to-7-years/4171_3318550_617941_8920388"
            ],
            [
                "Play-Doh Compound",
                "/browse/toys/play-doh-compound/4171_645779_9285153_9262776"
            ],
            [
                "Play Sand",
                "/browse/toys/play-sand/4171_645779_9285153_9734670"
            ]
        ]
    },
    {
        "title": "Play-Doh Slime HydroGlitz Slime 6CT of Gold, Silver and Bronze (48 oz of slime)",
        "url": "https://www.walmart.com/ip/Play-Doh-Slime-HydroGlitz-Slime-6CT-of-Gold-Silver-and-Bronze-48-oz-of-slime/694351084",
        "price": "$5.00",
        "stars": "4.5",
        "ratings": "19 ",
        "img": "",
        "tags": [
            [
                "Glitter Slime",
                "/browse/toys/glitter-slime/4171_645779_2165088_3252168"
            ],
            [
                "Play-Doh Kitchen Creations",
                "/browse/toys/play-doh-kitchen-creations/4171_645779_9285153_3576437"
            ],
            [
                "Cloud Slime",
                "/browse/toys/cloud-slime/4171_645779_2165088_4675798"
            ],
            [
                "Play-Doh Sets",
                "/browse/toys/play-doh-sets/4171_645779_9285153_5291460"
            ],
            [
                "Play-Doh Slime",
                "/browse/toys/play-doh-slime/4171_645779_2165088_5603854"
            ],
            [
                "Play Dough",
                "/browse/toys/play-dough/4171_645779_9285153_613042"
            ],
            [
                "Play-Doh Compound",
                "/browse/toys/play-doh-compound/4171_645779_9285153_9262776"
            ],
            [
                "Fluffy Slime",
                "/browse/toys/fluffy-slime/4171_645779_2165088_9892921"
            ]
        ]
    },
    {
        "title": "Elmer's Craft Bond Fabric Glue, 4 oz.",
        "url": "https://www.walmart.com/ip/Elmer-s-Craft-Bond-Fabric-Glue-4-oz/28602672",
        "price": "$7.81",
        "stars": "4.4",
        "ratings": "14 ",
        "img": "",
        "tags": [
            [
                "Activators for Slime",
                "/browse/toys/activators-for-slime/4171_645779_2165088_2131853_1433843"
            ],
            [
                "Glitter Slime",
                "/browse/toys/glitter-slime/4171_645779_2165088_3252168"
            ],
            [
                "VTech Toys",
                "/browse/toys/vtech-toys/4171_3438149_3348821"
            ],
            [
                "Playground Balls",
                "/browse/toys/playground-balls/4171_14521_4067756"
            ],
            [
                "Bubbles",
                "/browse/toys/bubbles/4171_14521_4564296_4172005"
            ],
            [
                "Puddle Jumpers",
                "/browse/toys/puddle-jumpers/4171_14521_8437187_4421537"
            ],
            [
                "DIY Slime Kits",
                "/browse/toys/diy-slime-kits/4171_645779_2165088_6010655"
            ],
            [
                "Pre-Made Slime Shop",
                "/browse/toys/pre-made-slime-shop/4171_645779_2165088_9237203"
            ]
        ]
    },
    {
        "title": "Crayola Round Natural Camel Hair Polished Wood Handle Watercolor Paint Brush, Size 7, Black",
        "url": "https://www.walmart.com/ip/Crayola-Round-Natural-Camel-Hair-Polished-Wood-Handle-Watercolor-Paint-Brush-Size-7-Black/174644931",
        "price": "$2.09",
        "stars": "2.6",
        "ratings": "16 ",
        "img": "",
        "tags": [
            [
                "All Art Paper",
                "/browse/arts-crafts-sewing/all-art-paper/1334134_5899871_9677556_3514948"
            ],
            [
                "Tempera Paints",
                "/browse/arts-crafts-sewing/tempera-paints/1334134_5899871_7445675_5577403_3640794"
            ],
            [
                "Art Sketchbooks and Paper",
                "/browse/arts-crafts-sewing/art-sketchbooks-paper/1334134_5899871_1350721_5138397"
            ],
            [
                "Watercolor Paper",
                "/browse/arts-crafts-sewing/watercolor-paper/1334134_5899871_9677556_5219140"
            ],
            [
                "Mixing Palettes & Trays",
                "/browse/arts-crafts-sewing/mixing-palettes-trays/1334134_5899871_7445675_5456260"
            ],
            [
                "Water colors",
                "/browse/arts-crafts-sewing/water-colors/1334134_5899871_7445675_5577403_6107122"
            ],
            [
                "All Art Paint",
                "/browse/arts-crafts-sewing/all-art-paint/1334134_5899871_7445675_5577403_6697748"
            ],
            [
                "Drawing Paper",
                "/browse/arts-crafts-sewing/drawing-paper/1334134_5899871_9677556_9414248"
            ]
        ]
    },
    {
        "title": "Magnetic Drawing Board Kids Magna Doodle Erasable Writing Sketch Board Pad",
        "url": "https://www.walmart.com/ip/Magnetic-Drawing-Board-Kids-Magna-Doodle-Erasable-Writing-Sketch-Board-Pad/414869975",
        "price": "$19.99",
        "stars": "4.8",
        "ratings": "8 ",
        "img": "i5.walmartimages.com/asr/10c9d3bd-3949-4644-a257-8d46cef75c2a_1.38b1ae80619d36099a0fedf1bfa3cd88.jpeg?odnWidth=612&odnHeight=612&odnBg=ffffff",
        "tags": [
            [
                "Learning Playsets",
                "/browse/toys/learning-playsets/4171_56125_1228921"
            ],
            [
                "Fisher-Price Doodle Pro",
                "/browse/toys/fisher-price-doodle-pro/4171_645779_6408170_4592681"
            ],
            [
                "Toys for Kids 2 to 4 Years",
                "/browse/toys/toys-for-kids-2-to-4-years/4171_3318550_7016108_4703344"
            ],
            [
                "Fisher-Price Toys",
                "/browse/toys/fisher-price-toys/4171_3438149_6012903"
            ],
            [
                "Craft Kits",
                "/browse/toys/craft-kits/4171_645779_613040"
            ],
            [
                "Magna Doodle",
                "/browse/toys/magna-doodle/4171_645779_6408170_6399778"
            ],
            [
                "Etch-A-Sketch",
                "/browse/toys/etch-a-sketch/4171_645779_6408170_8550674"
            ],
            [
                "Fisher Price Preschool Toys",
                "/browse/toys/fisher-price-preschool-toys/4171_1077545_8882678"
            ]
        ]
    },
    {
        "title": "Fisher-Price Storybots Slide Writer, Magnetic Drawing Board",
        "url": "https://www.walmart.com/ip/Fisher-Price-Storybots-Slide-Writer-Magnetic-Drawing-Board/255350634",
        "price": "$19.97",
        "stars": "4.8",
        "ratings": "20 ",
        "img": "i5.walmartimages.com/asr/db8e20ed-c08a-4bc6-8457-ecf1ed143c23.03917275535eb9077db1d94c0a09bc4f.jpeg?odnWidth=612&odnHeight=612&odnBg=ffffff",
        "tags": []
    },
    {
        "title": "Daler-Rowney Simply Hardbound Sketchbook, 5.5\" x 8.5\" Soft White Pages, 65 lb, 80 Sheet",
        "url": "https://www.walmart.com/ip/Daler-Rowney-Simply-Hardbound-Sketchbook-5-5-x-8-5-Soft-White-Pages-65-lb-80-Sheet/17617575",
        "price": "$4.97",
        "stars": "4.5",
        "ratings": "20 ",
        "img": "i5.walmartimages.com/asr/bd19906a-4a94-4655-bab3-dda789f5621f_1.564e21a572afaf130a3c391d9b8c9653.jpeg?odnWidth=612&odnHeight=612&odnBg=ffffff",
        "tags": [
            [
                "Kid Art Easels & Stations",
                "/browse/toys/kid-art-easels-stations/4171_645779_1103012"
            ],
            [
                "Craft Kits",
                "/browse/toys/craft-kits/4171_645779_613040"
            ],
            [
                "Play Dough",
                "/browse/toys/play-dough/4171_645779_9285153_613042"
            ],
            [
                "Magna Doodle",
                "/browse/toys/magna-doodle/4171_645779_6408170_6399778"
            ],
            [
                "Etch-A-Sketch",
                "/browse/toys/etch-a-sketch/4171_645779_6408170_8550674"
            ],
            [
                "Glue for Slime",
                "/browse/toys/glue-for-slime/4171_645779_2165088_2131853_8604968"
            ],
            [
                "Toys for Kids 5 to 7 Years",
                "/browse/toys/toys-for-kids-5-to-7-years/4171_3318550_617941_8920388"
            ],
            [
                "Children's Paint and Paint Supplies",
                "/browse/toys/childrens-paint-paint-supplies/4171_645779_9646901"
            ]
        ]
    },
    {
        "title": "Puptacular Rescues! (Paw Patrol) (Paperback)",
        "url": "https://www.walmart.com/ip/Puptacular-Rescues-Paw-Patrol-Paperback/46683306",
        "price": "$5.49",
        "stars": "3.0",
        "ratings": "1 ",
        "img": "",
        "tags": [
            [
                "Kid Art Easels & Stations",
                "/browse/toys/kid-art-easels-stations/4171_645779_1103012"
            ],
            [
                "Craft Kits",
                "/browse/toys/craft-kits/4171_645779_613040"
            ],
            [
                "Play Dough",
                "/browse/toys/play-dough/4171_645779_9285153_613042"
            ],
            [
                "Magna Doodle",
                "/browse/toys/magna-doodle/4171_645779_6408170_6399778"
            ],
            [
                "Learning Software",
                "/browse/toys/learning-software/4171_56125_645821"
            ],
            [
                "Etch-A-Sketch",
                "/browse/toys/etch-a-sketch/4171_645779_6408170_8550674"
            ],
            [
                "Glue for Slime",
                "/browse/toys/glue-for-slime/4171_645779_2165088_2131853_8604968"
            ],
            [
                "Children's Paint and Paint Supplies",
                "/browse/toys/childrens-paint-paint-supplies/4171_645779_9646901"
            ]
        ]
    },
    {
        "title": "Poopsie Slime Surprise Drop 4 Fast Food with Two D.I.Y. Slimes",
        "url": "https://www.walmart.com/ip/Poopsie-Slime-Surprise-Drop-4-Fast-Food-with-Two-D-I-Y-Slimes/670939791",
        "price": "$9.88",
        "stars": "3.0",
        "ratings": "1 ",
        "img": "i5.walmartimages.com/asr/c1fa1837-33c2-4eb0-9f7b-16be7fbdb910_1.57afae1b3526654c23d2d7d16a1b9433.jpeg?odnWidth=612&odnHeight=612&odnBg=ffffff",
        "tags": [
            [
                "Glitter Slime",
                "/browse/toys/glitter-slime/4171_645779_2165088_3252168"
            ],
            [
                "Compound Kings Slime",
                "/browse/toys/compound-kings-slime/4171_645779_2165088_4470609"
            ],
            [
                "Num Noms",
                "/browse/toys/num-noms/4171_645779_3071057_4929771"
            ],
            [
                "DIY Slime Kits",
                "/browse/toys/diy-slime-kits/4171_645779_2165088_6010655"
            ],
            [
                "So Slime DIY",
                "/browse/toys/so-slime-diy/4171_645779_2165088_6055664"
            ],
            [
                "Crunchy Slime",
                "/browse/toys/crunchy-slime/4171_645779_2165088_6570164"
            ],
            [
                "Unicorn Slime",
                "/browse/toys/unicorn-slime/4171_645779_2165088_8803674"
            ],
            [
                "Pre-Made Slime Shop",
                "/browse/toys/pre-made-slime-shop/4171_645779_2165088_9237203"
            ]
        ]
    }
]