[
    {
        "title": "Bakugan Ultra, Dragonoid with Transforming Baku-Gear, Armored Alliance 3-inch Tall Collectible Action Figure",
        "url": "https://www.walmart.com/ip/Bakugan-Ultra-Dragonoid-with-Transforming-Baku-Gear-Armored-Alliance-3-inch-Tall-Collectible-Action-Figure/836400419",
        "price": "$12.93",
        "stars": "4.7",
        "ratings": "3 ",
        "img": "i5.walmartimages.com/asr/10f2e850-4814-4179-a461-bfa27cbb42e9_2.6e1126a42d5386521173cc3f978c06f9.jpeg?odnWidth=612&odnHeight=612&odnBg=ffffff",
        "tags": [
            [
                "All Action Figure Playsets",
                "/browse/toys/all-action-figure-playsets/4171_4172_9845227_1156794"
            ],
            [
                "Beyblade & Bakugan",
                "/browse/toys/beyblade-bakugan/4171_4191_1652049"
            ],
            [
                "All Trading Cards",
                "/browse/toys/all-trading-cards/4171_4191_9807313_4193925"
            ],
            [
                "Dragon Toys",
                "/browse/toys/dragon-toys/4171_7357538_5461952"
            ],
            [
                "Hatchimals",
                "/browse/toys/hatchimals/4171_3438149_8277039"
            ],
            [
                "All Beyblade Toys",
                "/browse/toys/all-beyblade-toys/4171_3438149_3025832_8287828"
            ],
            [
                "Batman Action Figures",
                "/browse/toys/batman-action-figures/4171_4172_9730655"
            ]
        ]
    },
    {
        "title": "Speak and Spell - The Original Spelling Computer",
        "url": "https://www.walmart.com/ip/Speak-and-Spell-The-Original-Spelling-Computer/468807100",
        "price": "$39.95",
        "stars": "4.5",
        "ratings": "78 ",
        "img": "i5.walmartimages.com/asr/faca031c-c894-4e04-8365-006acd998209_1.d31ff0a32ef37eb6d514242dd8317b06.jpeg?odnWidth=612&odnHeight=612&odnBg=ffffff",
        "tags": [
            [
                "Learning Playsets",
                "/browse/toys/learning-playsets/4171_56125_1228921"
            ],
            [
                "Electronic Games",
                "/browse/toys/electronic-games/4171_4191_133045"
            ],
            [
                "Leapfrog",
                "/browse/toys/leapfrog/4171_56125_1498437"
            ],
            [
                "Science & Education",
                "/browse/toys/science-education/4171_56125_164140"
            ],
            [
                "VTech Toys",
                "/browse/toys/vtech-toys/4171_3438149_3348821"
            ],
            [
                "Learning Books",
                "/browse/toys/learning-books/4171_56125_645819"
            ],
            [
                "LeapFrog Learning Toys",
                "/browse/toys/leapfrog-learning-toys/4171_56125_6855455"
            ],
            [
                "Math Toys for Kids",
                "/browse/toys/math-toys-for-kids/4171_1229858_6906869"
            ]
        ]
    },
    {
        "title": "Catan: Seafarers Expansion",
        "url": "https://www.walmart.com/ip/Catan-Seafarers-Expansion/51055678",
        "price": "$45.47",
        "stars": "5.0",
        "ratings": "14 ",
        "img": "i5.walmartimages.com/asr/ce7ae7ab-e91b-4c32-a637-800b16c80dc6_2.a25027f08dc02d9e207d5be25a04d94c.jpeg?odnWidth=612&odnHeight=612&odnBg=ffffff",
        "tags": [
            [
                "Card Games",
                "/browse/toys/card-games/4171_4191_163842"
            ],
            [
                "All Board Games",
                "/browse/toys/all-board-games/4171_4191_133123_4497274"
            ],
            [
                "Party Games",
                "/browse/toys/party-games/4171_4191_5016956"
            ],
            [
                "Only at Walmart Games & Puzzles",
                "/browse/toys/only-at-walmart-games-puzzles/4171_4191_6786083"
            ],
            [
                "Toys for Kids 12 Years & Up",
                "/browse/toys/toys-for-kids-12-years-up/4171_3318550_1077724_6922509"
            ],
            [
                "Baby Games",
                "/browse/toys/baby-games/4171_4191_2335373_9325198"
            ],
            [
                "Adult Games",
                "/browse/toys/adult-games/4171_4191_2335373_9523585"
            ]
        ]
    },
    {
        "title": "Lang - Holiday Door - 500 Piece Jigsaw Puzzle",
        "url": "https://www.walmart.com/ip/Lang-Holiday-Door-500-Piece-Jigsaw-Puzzle/49842313",
        "price": "$12.98",
        "stars": "4.4",
        "ratings": "7 ",
        "img": "i5.walmartimages.com/asr/ce4a4e7d-acc3-4225-a66d-528eb7cd4d50_1.76c4dacebc009c87c3c2bbb5a731d047.jpeg?odnWidth=612&odnHeight=612&odnBg=ffffff",
        "tags": [
            [
                "Springbok Puzzles",
                "/browse/toys/springbok-puzzles/4171_4191_163840_2713586_1832423"
            ],
            [
                "1000 Piece Jigsaws",
                "/browse/toys/1000-piece-jigsaws/4171_4191_163840_3974623"
            ],
            [
                "750 Piece Jigsaws",
                "/browse/toys/750-piece-jigsaws/4171_4191_163840_4166037"
            ],
            [
                "300 Piece Jigsaws",
                "/browse/toys/300-piece-jigsaws/4171_4191_163840_4640812"
            ],
            [
                "Jigsaw Puzzles",
                "/browse/toys/jigsaw-puzzles/4171_4191_163840_4981610"
            ],
            [
                "Kids Puzzles",
                "/browse/toys/kids-puzzles/4171_4191_163840_6928209"
            ],
            [
                "Ceaco Shelf",
                "/browse/toys/ceaco-shelf/4171_4191_163840_7820798"
            ],
            [
                "Adult Games",
                "/browse/toys/adult-games/4171_4191_2335373_9523585"
            ]
        ]
    },
    {
        "title": "Smashers Dino Ice Age Ice Rex Playset by Zuru",
        "url": "https://www.walmart.com/ip/Smashers-Dino-Ice-Age-Ice-Rex-Playset-by-Zuru/234996810",
        "price": "$24.99",
        "stars": "4.9",
        "ratings": "14 ",
        "img": "i5.walmartimages.com/asr/1560981d-2252-48e8-9679-150708e621e2.5e365d67b56bd3d91753a8ab508b7ff7.png?odnWidth=612&odnHeight=612&odnBg=ffffff",
        "tags": [
            [
                "Robots & Electronic Pets",
                "/browse/toys/robots-electronic-pets/4171_1096069_1105959_1105996"
            ],
            [
                "Shop Toys by Price",
                "/browse/shop-toys-by-price/4171_1263324"
            ],
            [
                "Electronic Pets",
                "/browse/toys/electronic-pets/4171_4187_4209464"
            ],
            [
                "Ryan's World Toys",
                "/browse/toys/ryans-world-toys/4171_7144110_8472545_5568688"
            ],
            [
                "Toys for Kids 8 to 11 Years",
                "/browse/toys/toys-for-kids-8-to-11-years/4171_3318550_617942_8104028"
            ],
            [
                "Toys for Kids 5 to 7 Years",
                "/browse/toys/toys-for-kids-5-to-7-years/4171_3318550_617941_8920388"
            ],
            [
                "Mini Brands",
                "/browse/toys/mini-brands/4171_3438149_9213539"
            ]
        ]
    },
    {
        "title": "2020 Panini Contenders Draft NFL Football Blaster Box- 6 Cards per Pack | 7 Packs per Box",
        "url": "https://www.walmart.com/ip/2020-Panini-Contenders-Draft-NFL-Football-Blaster-Box-6-Cards-per-Pack-7-Packs-per-Box/512222093",
        "price": "$69.99",
        "stars": "3.7",
        "ratings": "6 ",
        "img": "i5.walmartimages.com/asr/95428a56-99c6-4b0a-a3f4-792de3a2d692_1.8b2abfeb3cc1f38ffb92d4c0498f3aa0.jpeg?odnWidth=612&odnHeight=612&odnBg=ffffff",
        "tags": [
            [
                "Topps",
                "/browse/toys/topps/4171_4191_9807313_6249075_1462910"
            ],
            [
                "Panini",
                "/browse/toys/panini/4171_4191_9807313_6249075_1619679"
            ],
            [
                "All Trading Cards",
                "/browse/toys/all-trading-cards/4171_4191_9807313_4193925"
            ],
            [
                "Baseball Cards",
                "/browse/toys/baseball-cards/4171_4191_9807313_5931132"
            ],
            [
                "Collectible Cards",
                "/browse/toys/collectible-cards/4171_2229239_7966762"
            ],
            [
                "Hockey Cards",
                "/browse/toys/hockey-cards/4171_4191_9807313_8610146"
            ],
            [
                "Basketball Cards",
                "/browse/toys/basketball-cards/4171_4191_9807313_8977407"
            ]
        ]
    },
    {
        "title": "PlayMonster Spoons Classic Game - 3 to 6 Players, Ages 7 & Up",
        "url": "https://www.walmart.com/ip/PlayMonster-Spoons-Classic-Game-3-to-6-Players-Ages-7-Up/52162399",
        "price": "$8.09",
        "stars": "5.0",
        "ratings": "3 ",
        "img": "i5.walmartimages.com/asr/031dacbc-a261-4ab3-b6b0-c05bc9b6921a_1.0a0b0c20e3b54a5a51c660eae6534e42.jpeg?odnWidth=612&odnHeight=612&odnBg=ffffff",
        "tags": [
            [
                "Shop Toys by Price",
                "/browse/shop-toys-by-price/4171_1263324"
            ],
            [
                "Card Games",
                "/browse/toys/card-games/4171_4191_163842"
            ],
            [
                "Family Games",
                "/browse/toys/family-games/4171_4191_2335373_2204878"
            ],
            [
                "All Board Games",
                "/browse/toys/all-board-games/4171_4191_133123_4497274"
            ],
            [
                "Party Games",
                "/browse/toys/party-games/4171_4191_5016956"
            ],
            [
                "Toys for Kids 5 to 7 Years",
                "/browse/toys/toys-for-kids-5-to-7-years/4171_3318550_617941_8920388"
            ],
            [
                "Adult Games",
                "/browse/toys/adult-games/4171_4191_2335373_9523585"
            ]
        ]
    },
    {
        "title": "Buffalo Games Star Wars #1 Comic Variant Cover 1000 Piece Jigsaw Puzzle",
        "url": "https://www.walmart.com/ip/Buffalo-Games-Star-Wars-1-Comic-Variant-Cover-1000-Piece-Jigsaw-Puzzle/686361167",
        "price": "$9.97",
        "stars": "2.0",
        "ratings": "5 ",
        "img": "i5.walmartimages.com/asr/2536205d-7d88-4830-9c92-e45e6e0f9cda_1.4e23ad7ac7e4642c65401ff4ffe975e0.jpeg?odnWidth=612&odnHeight=612&odnBg=ffffff",
        "tags": [
            [
                "500 Piece Jigsaws",
                "/browse/toys/500-piece-jigsaws/4171_4191_163840_2972767"
            ],
            [
                "1000 Piece Jigsaws",
                "/browse/toys/1000-piece-jigsaws/4171_4191_163840_3974623"
            ],
            [
                "750 Piece Jigsaws",
                "/browse/toys/750-piece-jigsaws/4171_4191_163840_4166037"
            ],
            [
                "Jigsaw Puzzles",
                "/browse/toys/jigsaw-puzzles/4171_4191_163840_4981610"
            ],
            [
                "The Mandalorian Toys",
                "/browse/toys/the-mandalorian-toys/4171_3438149_5739349"
            ],
            [
                "Ceaco Shelf",
                "/browse/toys/ceaco-shelf/4171_4191_163840_7820798"
            ],
            [
                "2000 Piece Jigsaws",
                "/browse/toys/2000-piece-jigsaws/4171_4191_163840_8402045"
            ]
        ]
    },
    {
        "title": "Monopoly Junior Game, Quick & Simple Gameplay, for Ages 5 and Up",
        "url": "https://www.walmart.com/ip/Monopoly-Junior-Game-Quick-Simple-Gameplay-for-Ages-5-and-Up/35176371",
        "price": "$14.16",
        "stars": "4.8",
        "ratings": "520 ",
        "img": "i5.walmartimages.com/asr/d4d29431-f54b-4564-8387-4c85634874d5_1.8d5c10093b982f41e6bd5e96f0402e1c.jpeg?odnWidth=612&odnHeight=612&odnBg=ffffff",
        "tags": [
            [
                "Shop Toys by Price",
                "/browse/shop-toys-by-price/4171_1263324"
            ],
            [
                "Classic Games",
                "/browse/toys/classic-games/4171_4191_2084995"
            ],
            [
                "Frozen Games & Puzzles",
                "/browse/toys/frozen-games-puzzles/4171_7357538_6091150_3595068"
            ],
            [
                "All Board Games",
                "/browse/toys/all-board-games/4171_4191_133123_4497274"
            ],
            [
                "Monopoly",
                "/browse/toys/monopoly/4171_4191_133123_6792970"
            ],
            [
                "Toys for Kids 8 to 11 Years",
                "/browse/toys/toys-for-kids-8-to-11-years/4171_3318550_617942_8104028"
            ],
            [
                "Toys for Kids 5 to 7 Years",
                "/browse/toys/toys-for-kids-5-to-7-years/4171_3318550_617941_8920388"
            ]
        ]
    },
    {
        "title": "Wacky Tracks Finger Fidget Stress Reliever - Snap and Click ADHD, Sensory toy, SPD, ADD Stress Relief, Party Favor 4 Pack by Big Mo's Toys",
        "url": "https://www.walmart.com/ip/Wacky-Tracks-Finger-Fidget-Stress-Reliever-Snap-and-Click-ADHD-Sensory-toy-SPD-ADD-Stress-Relief-Party-Favor-4-Pack-by-Big-Mo-s-Toys/354956346",
        "price": "$8.99",
        "stars": "4.8",
        "ratings": "4 ",
        "img": "i5.walmartimages.com/asr/1ad0e357-50e5-4720-800f-6e9c881622e0_1.fdcd04ac77a4b75729319f91a20f1028.jpeg?odnWidth=612&odnHeight=612&odnBg=ffffff",
        "tags": [
            [
                "Fidget Chains",
                "/browse/toys/fidget-chains/4171_5178010_9788545_1266060"
            ],
            [
                "Toy Balls",
                "/browse/toys/toy-balls/4171_14521_1699076_5544277"
            ],
            [
                "Fidget Spinners",
                "/browse/toys/fidget-spinners/4171_5178010_9788545_6740467"
            ],
            [
                "Toys for Kids 12 Years & Up",
                "/browse/toys/toys-for-kids-12-years-up/4171_3318550_1077724_6922509"
            ],
            [
                "Other Fidget Toys",
                "/browse/toys/other-fidget-toys/4171_5178010_9788545_6924159"
            ],
            [
                "Fidget Cubes",
                "/browse/toys/fidget-cubes/4171_5178010_9788545_9403634"
            ],
            [
                "Squishies & Squeeze Toys",
                "/browse/toys/squishies-squeeze-toys/4171_5178010_9839703"
            ]
        ]
    }
]