[
    {
        "title": "Canon EOS 5D Mark IV 30.4 Megapixel Digital SLR Camera Body Only - Black (1483c002)",
        "url": "https://www.walmart.com/ip/Canon-EOS-5D-Mark-IV-30-4-Megapixel-Digital-SLR-Camera-Body-Only-Black-1483c002/109818363",
        "price": "$2499.00",
        "stars": "4.5",
        "ratings": "117 ",
        "img": "",
        "tags": [
            [
                "Point & Shoot Cameras",
                "/browse/electronics/point-shoot-cameras/3944_133277_1166834"
            ],
            [
                "Mirrorless Cameras",
                "/browse/electronics/mirrorless-cameras/3944_133277_1230677"
            ],
            [
                "Nikon Cameras",
                "/browse/electronics/nikon-cameras/3944_133277_1231331_1231332"
            ],
            [
                "Canon Cameras",
                "/browse/electronics/canon-cameras/3944_133277_1231331_1231333"
            ],
            [
                "Canon Lenses",
                "/browse/electronics/canon-lenses/3944_133277_132913_1231342_3232019"
            ],
            [
                "All Cameras",
                "/browse/electronics/all-cameras/3944_133277_4468"
            ],
            [
                "Canon",
                "/browse/electronics/canon/3944_4131277_7135121"
            ],
            [
                "Nikon",
                "/browse/electronics/nikon/3944_4131277_9909765"
            ]
        ]
    },
    {
        "title": "Learning Resources Botley the Coding Robot , 77 Pieces",
        "url": "https://www.walmart.com/ip/Learning-Resources-Botley-the-Coding-Robot-77-Pieces/839190607",
        "price": "$57.00",
        "stars": "4.7",
        "ratings": "278 ",
        "img": "i5.walmartimages.com/asr/fe1f7a87-a29f-4670-b7d8-25631b6de664.b3f9cc31b7e7ef87d2c67291f1aaf8bb.jpeg?odnWidth=612&odnHeight=612&odnBg=ffffff",
        "tags": [
            [
                "Electronic Toys",
                "/browse/toys/electronic-toys/4171_1096069_1105959_1096123"
            ],
            [
                "Robots & Electronic Pets",
                "/browse/toys/robots-electronic-pets/4171_1096069_1105959_1105996"
            ],
            [
                "Robotic Toys",
                "/browse/toys/robotic-toys/4171_1096069_1105959_2211540"
            ],
            [
                "Biology Toys for Kids",
                "/browse/toys/biology-toys-for-kids/4171_1229858_3016044"
            ],
            [
                "Robot Toys",
                "/browse/toys/robot-toys/4171_1229858_8116584"
            ],
            [
                "Physics Toys for Kids",
                "/browse/toys/physics-toys-for-kids/4171_1229858_9222350"
            ],
            [
                "Toy Tools",
                "/browse/toys/toy-tools/4171_4173_5725542_9509537"
            ],
            [
                "Toys for 10 year olds",
                "/browse/toys/toys-for-10-year-olds/4171_3318550_617942_9611401"
            ]
        ]
    },
    {
        "title": "Kids Toys Camera for 3-6 Year Old Girls Boys, Compact Cameras for Children, Best Gift for 5-10 Year Old Boy Girl 8MP HD Video Camera Creative Gifts, Pink(32GB Memory Card Included), I5482",
        "url": "https://www.walmart.com/ip/Kids-Toys-Camera-3-6-Year-Old-Girls-Boys-Compact-Cameras-Children-Best-Gift-5-10-Boy-Girl-8MP-HD-Video-Creative-Gifts-Pink-32GB-Memory-Card-Included-/466093909",
        "price": "$34.99",
        "stars": "4.5",
        "ratings": "22 ",
        "img": "i5.walmartimages.com/asr/d3785fad-4b59-4c55-a9bb-b54e38adc07d_1.177cab38b166aa74a2d57acedd444606.jpeg?odnWidth=612&odnHeight=612&odnBg=ffffff",
        "tags": [
            [
                "Electronic Toys",
                "/browse/toys/electronic-toys/4171_1096069_1105959_1096123"
            ],
            [
                "Bilingual Toys",
                "/browse/toys/bilingual-toys/4171_56125_1229855"
            ],
            [
                "Housekeeping Toys",
                "/browse/toys/housekeeping-toys/4171_4173_3426779_2728309"
            ],
            [
                "VTech Toys",
                "/browse/toys/vtech-toys/4171_3438149_3348821"
            ],
            [
                "Toy Cash Register",
                "/browse/toys/toy-cash-register/4171_4173_4651452_3594981"
            ],
            [
                "Pretend Play Toys for Boys",
                "/browse/toys/pretend-play-toys-for-boys/4171_4173_3613401"
            ],
            [
                "12+ Years",
                "/browse/toys/12-years/4171_2724815_4436782"
            ],
            [
                "Play Makeup Toys",
                "/browse/toys/play-makeup-toys/4171_4173_3426779_7296697"
            ]
        ]
    },
    {
        "title": "Blue LED Digital Alarm Clock Numbers Wall Clock Large 3D Display with 3 levels Brightness Alarm Snooze Clock Dimmer, Snooze Time",
        "url": "https://www.walmart.com/ip/Blue-LED-Digital-Alarm-Clock-Numbers-Wall-Clock-Large-3D-Display-with-3-levels-Brightness-Alarm-Snooze-Clock-Dimmer-Snooze-Time/278039133",
        "price": "$16.98",
        "stars": "2.6",
        "ratings": "15 ",
        "img": "i5.walmartimages.com/asr/5660825f-ba92-4c90-aa42-dfa4c5dc9ef3_1.ee384fcc21a94a9427826ca5cfb8b8de.jpeg?odnWidth=612&odnHeight=612&odnBg=ffffff",
        "tags": [
            [
                "Kids' Portable Audio",
                "/browse/toys/kids-portable-audio/4171_1096069_1096128"
            ],
            [
                "Science & Education",
                "/browse/toys/science-education/4171_56125_164140"
            ],
            [
                "NBA Bobbleheads",
                "/browse/toys/nba-bobbleheads/4171_9400636_4219389_1767648_3473221"
            ],
            [
                "PJ Masks",
                "/browse/toys/pj-masks/4171_1111647_3611840"
            ],
            [
                "All FOCO Bobble Heads",
                "/browse/toys/all-foco-bobble-heads/4171_9400636_4219389_5842615_3640057"
            ],
            [
                "Collectible Novelty",
                "/browse/toys/collectible-novelty/4171_5178010_4322621"
            ],
            [
                "Zoomer",
                "/browse/toys/zoomer/4171_4187_6227775"
            ],
            [
                "Math Toys for Kids",
                "/browse/toys/math-toys-for-kids/4171_1229858_6906869"
            ]
        ]
    },
    {
        "title": "Lil' Gleemerz Glittereez Dazzette Friend, Light Up Interactive Toy",
        "url": "https://www.walmart.com/ip/Lil-Gleemerz-Glittereez-Dazzette-Friend-Light-Up-Interactive-Toy/415370561",
        "price": "$14.99",
        "stars": "4.6",
        "ratings": "62 ",
        "img": "i5.walmartimages.com/asr/fad43523-1ef5-40dc-ab42-b5b641c44330_1.1f6a6b63b199f2f0d26c55e8deaf148c.jpeg?odnWidth=612&odnHeight=612&odnBg=ffffff",
        "tags": [
            [
                "Robots & Electronic Pets",
                "/browse/toys/robots-electronic-pets/4171_1096069_1105959_1105996"
            ],
            [
                "Fingerlings",
                "/browse/toys/fingerlings/4171_4187_1741575"
            ],
            [
                "Pomsies",
                "/browse/toys/pomsies/4171_4187_1802942"
            ],
            [
                "Little Live Pets",
                "/browse/toys/little-live-pets/4171_4187_7790702_3693047"
            ],
            [
                "Electronic Pets",
                "/browse/toys/electronic-pets/4171_4187_4209464"
            ],
            [
                "Toys for age  2-4  girls",
                "/browse/toys/toys-for-age-2-4-girls/4171_3318550_7016108_5476489"
            ],
            [
                "Furreal Friends",
                "/browse/toys/furreal-friends/4171_4187_5776542"
            ],
            [
                "Zoomer",
                "/browse/toys/zoomer/4171_4187_6227775"
            ]
        ]
    },
    {
        "title": "Robots for Kids Toys for boys girls with Talking Singing Dancing Interactive Deformation Soccer Robots with Repeat What You Say Touch Sensing Obstacle Avoidance Learning and Educational",
        "url": "https://www.walmart.com/ip/Robots-Kids-Toys-boys-girls-Talking-Singing-Dancing-Interactive-Deformation-Soccer-Repeat-What-You-Say-Touch-Sensing-Obstacle-Avoidance-Learning-Educ/866077681",
        "price": "$19.99",
        "stars": "4.0",
        "ratings": "3 ",
        "img": "i5.walmartimages.com/asr/8fea2aab-3493-4d67-b4d4-00c85df818ba_1.6c252a374c939e7250cb029e292a1791.jpeg?odnWidth=612&odnHeight=612&odnBg=ffffff",
        "tags": [
            [
                "Shop STEM ages 12 and Up",
                "/browse/feature/shop-stem-ages-12-up/14503_6502732_8574738_2904408"
            ],
            [
                "Science Kits",
                "/browse/feature/science-kits/14503_6502732_8482524_6325752_3051339"
            ],
            [
                "All Unicorn",
                "/browse/feature/all-unicorn/14503_6685911_3357006"
            ],
            [
                "Coding Toys",
                "/browse/feature/coding-toys/14503_6502732_8482524_5525509_6012650"
            ],
            [
                "Shop STEM ages 8-11",
                "/browse/feature/shop-stem-ages-8-11/14503_6502732_8574738_7323879"
            ],
            [
                "Shop STEM ages 5-7",
                "/browse/feature/shop-stem-ages-5-7/14503_6502732_8574738_7467645"
            ],
            [
                "Circut Kits",
                "/browse/feature/circut-kits/14503_6502732_8482524_3427389_7855701"
            ],
            [
                "Electricity and Circuit Kits",
                "/browse/feature/electricity-circuit-kits/14503_6502732_8482524_6325752_9890275"
            ]
        ]
    },
    {
        "title": "Police Walkie Talkie Halloween Costume Set",
        "url": "https://www.walmart.com/ip/Police-Walkie-Talkie-Halloween-Costume-Set/844081404",
        "price": "$6.95",
        "stars": 0,
        "ratings": 0,
        "img": "i5.walmartimages.com/asr/bb88e20c-f9c4-48ed-8949-81e7b00f4c64_1.740c2617cd20b9739705dccc3d074df2.jpeg?odnWidth=612&odnHeight=612&odnBg=ffffff",
        "tags": [
            [
                "Boys Costumes",
                "/browse/toys/boys-costumes/4171_4173_7421020_2226104"
            ],
            [
                "Trending Role Play",
                "/browse/toys/trending-role-play/4171_4172_4246921_2314859"
            ],
            [
                "VTech Toys",
                "/browse/toys/vtech-toys/4171_3438149_3348821"
            ],
            [
                "Melissa & Doug Toys",
                "/browse/toys/melissa-doug-toys/4171_3438149_5908879"
            ],
            [
                "Kids Musical Instruments",
                "/browse/toys/kids-musical-instruments/4171_4173_3426779_7166990"
            ],
            [
                "Career Dress-Up Sets",
                "/browse/toys/career-dress-up-sets/4171_4173_7421020_8155393"
            ],
            [
                "PAW Patrol Toys",
                "/browse/toys/paw-patrol-toys/4171_3438149_8288276"
            ],
            [
                "All Kids Costumes & Dress-Up",
                "/browse/toys/all-kids-costumes-dress-up/4171_4173_7421020_9055580"
            ]
        ]
    },
    {
        "title": "Little Live Pets Lil' Mouse House Trail",
        "url": "https://www.walmart.com/ip/Little-Live-Pets-Lil-Mouse-House-Trail/46754636",
        "price": "$19.99",
        "stars": "3.0",
        "ratings": "2 ",
        "img": "",
        "tags": [
            [
                "Electronic Toys",
                "/browse/toys/electronic-toys/4171_1096069_1105959_1096123"
            ],
            [
                "Electronic Games",
                "/browse/toys/electronic-games/4171_4191_133045"
            ],
            [
                "Little Live Pets",
                "/browse/toys/little-live-pets/4171_4187_7790702_3693047"
            ],
            [
                "8 to 11 Years",
                "/browse/toys/8-to-11-years/4171_2724815_3925001"
            ],
            [
                "Other Unicorn Toys",
                "/browse/toys/other-unicorn-toys/4171_4209468_3940073"
            ],
            [
                "Electronic Pets",
                "/browse/toys/electronic-pets/4171_4187_4209464"
            ],
            [
                "Dragon Toys",
                "/browse/toys/dragon-toys/4171_7357538_5461952"
            ],
            [
                "5 to 7 Years",
                "/browse/toys/5-to-7-years/4171_2724815_9191313"
            ]
        ]
    },
    {
        "title": "JOYFEEL Sky Star Projector Children Room Sky Star Night Light Projector Lamp Alarm Clock sleeping music",
        "url": "https://www.walmart.com/ip/JOYFEEL-Sky-Star-Projector-Children-Room-Sky-Star-Night-Light-Projector-Lamp-Alarm-Clock-sleeping-music/734319840",
        "price": "$14.19",
        "stars": "5.0",
        "ratings": "1 ",
        "img": "i5.walmartimages.com/asr/532337e4-8d36-4ffd-a950-09c1e3df2323_1.fdd15a9091814fb61e08165d08326a92.jpeg?odnWidth=612&odnHeight=612&odnBg=ffffff",
        "tags": [
            [
                "Kids' Portable Audio",
                "/browse/toys/kids-portable-audio/4171_1096069_1096128"
            ],
            [
                "Science & Education",
                "/browse/toys/science-education/4171_56125_164140"
            ],
            [
                "NBA Bobbleheads",
                "/browse/toys/nba-bobbleheads/4171_9400636_4219389_1767648_3473221"
            ],
            [
                "PJ Masks",
                "/browse/toys/pj-masks/4171_1111647_3611840"
            ],
            [
                "All FOCO Bobble Heads",
                "/browse/toys/all-foco-bobble-heads/4171_9400636_4219389_5842615_3640057"
            ],
            [
                "Collectible Novelty",
                "/browse/toys/collectible-novelty/4171_5178010_4322621"
            ],
            [
                "Zoomer",
                "/browse/toys/zoomer/4171_4187_6227775"
            ],
            [
                "Math Toys for Kids",
                "/browse/toys/math-toys-for-kids/4171_1229858_6906869"
            ]
        ]
    },
    {
        "title": "Midway Classics - Pop-A-Shot - Classic Tabletop Basketball Game",
        "url": "https://www.walmart.com/ip/Midway-Classics-Pop-A-Shot-Classic-Tabletop-Basketball-Game/881509239",
        "price": "$20.42",
        "stars": "4.5",
        "ratings": "22 ",
        "img": "i5.walmartimages.com/asr/ed6f00f8-01c0-47ea-87e3-7905946811e1_1.91b39a7c14bde398d7961215a64e0929.jpeg?odnWidth=612&odnHeight=612&odnBg=ffffff",
        "tags": [
            [
                "Bop It",
                "/browse/toys/bop-it/4171_8039111_1780534"
            ],
            [
                "Classic Games",
                "/browse/toys/classic-games/4171_4191_2084995"
            ],
            [
                "Family Games",
                "/browse/toys/family-games/4171_4191_2335373_2204878"
            ],
            [
                "3D Puzzles",
                "/browse/toys/3d-puzzles/4171_4191_163840_4244336"
            ],
            [
                "All Board Games",
                "/browse/toys/all-board-games/4171_4191_133123_4497274"
            ],
            [
                "Simon Game",
                "/browse/toys/simon-game/4171_2065565_4859463"
            ],
            [
                "Toys for Kids 8 to 11 Years",
                "/browse/toys/toys-for-kids-8-to-11-years/4171_3318550_617942_8104028"
            ]
        ]
    }
]