[
    {
        "title": "Star Wars The Black Series Rebel Soldier (Hoth) Toy Action Figure",
        "url": "https://www.walmart.com/ip/Star-Wars-The-Black-Series-Rebel-Soldier-Hoth-Toy-Action-Figure/104720132",
        "price": "$19.97",
        "stars": 0,
        "ratings": 0,
        "img": "i5.walmartimages.com/asr/9924bb97-deda-43f2-ab62-d95376092d24_1.052528bcfbae0340f448e3d13528303b.jpeg?odnWidth=612&odnHeight=612&odnBg=ffffff",
        "tags": [
            [
                "Star Wars Action Figures",
                "/browse/toys/star-wars-action-figures/4171_4172_1606899"
            ],
            [
                "Ghostbusters Toys",
                "/browse/toys/ghostbusters-toys/4171_2065565_4138884"
            ],
            [
                "Star Wars Toys",
                "/browse/toys/star-wars-toys/4171_7357538_4426623"
            ],
            [
                "Shop All G.I. Joe Toys",
                "/browse/toys/shop-all-gi-joe-toys/4171_2065565_2550311_5318328"
            ],
            [
                "Marvel Legends",
                "/browse/toys/marvel-legends/4171_4172_7030679"
            ],
            [
                "G.I. Joe Action Figures",
                "/browse/toys/gi-joe-action-figures/4171_4172_7832066"
            ],
            [
                "Star Wars The Black Series",
                "/browse/toys/star-wars-the-black-series/4171_4172_7913525"
            ],
            [
                "Toys for age  2-4  boys",
                "/browse/toys/toys-for-age-2-4-boys/4171_3318550_7016108_8955316"
            ]
        ]
    },
    {
        "title": "VTech Go! Go! Smart Wheels Disney Minnie Mouse Ice Cream Parlor Playset",
        "url": "https://www.walmart.com/ip/VTech-Go-Go-Smart-Wheels-Disney-Minnie-Mouse-Ice-Cream-Parlor-Playset/192472628",
        "price": "$27.75",
        "stars": "4.6",
        "ratings": "19 ",
        "img": "i5.walmartimages.com/asr/3acdd4d7-fcd0-449d-9703-1562874e480f_2.c27c3b6cbcf7a8813bcd14a073412b64.jpeg?odnWidth=612&odnHeight=612&odnBg=ffffff",
        "tags": [
            [
                "Learning Playsets",
                "/browse/toys/learning-playsets/4171_56125_1228921"
            ],
            [
                "All Minnie Mouse Toys",
                "/browse/toys/all-minnie-mouse-toys/4171_7357538_8112673_2768272"
            ],
            [
                "VTech Toys",
                "/browse/toys/vtech-toys/4171_3438149_3348821"
            ],
            [
                "Pretend Play Toys for Boys",
                "/browse/toys/pretend-play-toys-for-boys/4171_4173_3613401"
            ],
            [
                "Fisher-Price Little People",
                "/browse/toys/fisher-price-little-people/4171_2065565_4934807"
            ],
            [
                "Playsets",
                "/browse/toys/playsets/4171_4187_4668261_5230467"
            ],
            [
                "Car Toys",
                "/browse/toys/car-toys/4171_1111647_132910_7297605"
            ],
            [
                "Minnie Mouse Dolls & Dollhouses",
                "/browse/toys/minnie-mouse-dolls-dollhouses/4171_7357538_8112673_9471568"
            ]
        ]
    },
    {
        "title": "Disney Junior Mira, Royal Detective 10-Inch Mira Detective Doll, Ages 3+",
        "url": "https://www.walmart.com/ip/Disney-Junior-Mira-Royal-Detective-10-Inch-Mira-Detective-Doll-Ages-3/393967743",
        "price": "$14.97",
        "stars": "4.8",
        "ratings": "24 ",
        "img": "i5.walmartimages.com/asr/41bdbaa9-3457-4671-a174-2764a8229afd.effc623161b4ae9440fa8e04b67715ae.jpeg?odnWidth=612&odnHeight=612&odnBg=ffffff",
        "tags": [
            [
                "All Stuffed Animals & Plush",
                "/browse/toys/all-stuffed-animals-plush/4171_2724815_132874"
            ],
            [
                "Ride Ons for Girls",
                "/browse/toys/ride-ons-for-girls/4171_1228477_3574057_1348260"
            ],
            [
                "2 to 4 Years",
                "/browse/toys/2-to-4-years/4171_2724815_2170514"
            ],
            [
                "8 to 11 Years",
                "/browse/toys/8-to-11-years/4171_2724815_3925001"
            ],
            [
                "Stuffed Animals for Girls",
                "/browse/toys/stuffed-animals-for-girls/4171_2724815_3975865"
            ],
            [
                "5 to 7 Years",
                "/browse/toys/5-to-7-years/4171_2724815_9191313"
            ],
            [
                "Stuffed Animals for Boys",
                "/browse/toys/stuffed-animals-for-boys/4171_2724815_9211121"
            ]
        ]
    },
    {
        "title": "LEGO Star Wars: Revenge of the Sith General Grievous\u2019s Starfighter 75286 Spacecraft Building Toy (487 Pieces)",
        "url": "https://www.walmart.com/ip/LEGO-Star-Wars-Revenge-of-the-Sith-General-Grievous-s-Starfighter-75286-Spacecraft-Building-Toy-487-Pieces/844994581",
        "price": "$79.95",
        "stars": "3.0",
        "ratings": "22 ",
        "img": "i5.walmartimages.com/asr/7ccd900f-8f75-4de6-b62a-d0c76f3bd785.d882d7d99cd5e79b52b1d5a9002a1881.jpeg?odnWidth=612&odnHeight=612&odnBg=ffffff",
        "tags": []
    },
    {
        "title": "Disney Jr T.O.T.S. Tickle & Toot Baby Sheera the Sheep , 10-inch feature plush, Ages 3+",
        "url": "https://www.walmart.com/ip/Disney-Jr-T-O-T-S-Tickle-Toot-Baby-Sheera-the-Sheep-10-inch-feature-plush-Ages-3/678802143",
        "price": "$14.99",
        "stars": "4.8",
        "ratings": "19 ",
        "img": "i5.walmartimages.com/asr/95b67a32-f127-4690-a687-9d56a0c9ed28.aedf62f89952b60594c887c572ea4b67.jpeg?odnWidth=612&odnHeight=612&odnBg=ffffff",
        "tags": [
            [
                "All Stuffed Animals & Plush",
                "/browse/toys/all-stuffed-animals-plush/4171_2724815_132874"
            ],
            [
                "2 to 4 Years",
                "/browse/toys/2-to-4-years/4171_2724815_2170514"
            ],
            [
                "8 to 11 Years",
                "/browse/toys/8-to-11-years/4171_2724815_3925001"
            ],
            [
                "Stuffed Animals for Girls",
                "/browse/toys/stuffed-animals-for-girls/4171_2724815_3975865"
            ],
            [
                "Baby Doll Strollers",
                "/browse/toys/baby-doll-strollers/4171_4187_3415121_6958196"
            ],
            [
                "5 to 7 Years",
                "/browse/toys/5-to-7-years/4171_2724815_9191313"
            ],
            [
                "Stuffed Animals for Boys",
                "/browse/toys/stuffed-animals-for-boys/4171_2724815_9211121"
            ],
            [
                "Dolls Clothes and Accessories",
                "/browse/toys/dolls-clothes-accessories/4171_4187_9226108"
            ]
        ]
    },
    {
        "title": "Disney Pixar Toy Story 4 Figure Multi-Pack",
        "url": "https://www.walmart.com/ip/Disney-Pixar-Toy-Story-4-Figure-Multi-Pack/541533832",
        "price": "$39.94",
        "stars": "4.8",
        "ratings": "49 ",
        "img": "i5.walmartimages.com/asr/a74a34a8-a712-450b-8201-50016262ecdf_1.ca75e9d248ce740b1bdbb11129c1722c.jpeg?odnWidth=612&odnHeight=612&odnBg=ffffff",
        "tags": [
            [
                "Father's Day Electronics",
                "/browse/seasonal/fathers-day-electronics/1085632_1094344_2365074"
            ],
            [
                "Connected Dorm Room",
                "/browse/seasonal/connected-dorm-room/1085632_8174172_6292484_2548864"
            ],
            [
                "Shop All Glass",
                "/browse/seasonal/shop-all-glass/1085632_1071204_4976191"
            ],
            [
                "Mother's Day Electronics Gifts",
                "/browse/seasonal/mothers-day-electronics-gifts/1085632_1093554_5742102"
            ],
            [
                "Audio",
                "/browse/seasonal/audio/1085632_8174172_6292484_5759323"
            ],
            [
                "Tax Free Shop All",
                "/browse/tax-free-shop-all/1085632_6767877"
            ],
            [
                "Electronics Gifts for Grads",
                "/browse/seasonal/electronics-gifts-for-grads/1085632_1105121_7594959"
            ],
            [
                "Back to School Home Audio Visual",
                "/browse/seasonal/back-to-school-home-audio-visual/1085632_1071204_7767149_8665149"
            ]
        ]
    },
    {
        "title": "Bright Starts Disney Baby Go Grippers Collection Push Cars - Mickey Mouse & Friends, Ages 12 months +",
        "url": "https://www.walmart.com/ip/Bright-Starts-Disney-Baby-Go-Grippers-Collection-Push-Cars-Mickey-Mouse-Friends-Ages-12-months/227492864",
        "price": "$5.16",
        "stars": "5.0",
        "ratings": "2 ",
        "img": "i5.walmartimages.com/asr/0ae5c3ec-ff6d-4d00-8e06-46527cfc9dd1_1.6709cd426311d889d3f50e8a572e4e83.jpeg?odnWidth=612&odnHeight=612&odnBg=ffffff",
        "tags": [
            [
                "Kids Instruments",
                "/browse/toys/kids-instruments/4171_4173_1143273"
            ],
            [
                "All Stuffed Animals & Plush",
                "/browse/toys/all-stuffed-animals-plush/4171_2724815_132874"
            ],
            [
                "Fisher-Price Toys",
                "/browse/toys/fisher-price-toys/4171_3438149_6012903"
            ],
            [
                "Minnie Mouse Stuffed Animals",
                "/browse/toys/minnie-mouse-stuffed-animals/4171_2724815_6774273"
            ],
            [
                "Car Toys",
                "/browse/toys/car-toys/4171_1111647_132910_7297605"
            ],
            [
                "Toys for Babies 12 to 24 months",
                "/browse/toys/toys-for-babies-12-to-24-months/4171_3318550_8469931_9192531"
            ],
            [
                "Play Vehicles by Price",
                "/browse/toys/play-vehicles-by-price/4171_1111647_132910_9814941"
            ]
        ]
    },
    {
        "title": "LEGO Star Wars Black Ace TIE Interceptor 75242 TIE Fighter Building Set",
        "url": "https://www.walmart.com/ip/LEGO-Star-Wars-Black-Ace-TIE-Interceptor-75242-TIE-Fighter-Building-Set/321898036",
        "price": "$38.74",
        "stars": "4.9",
        "ratings": "16 ",
        "img": "i5.walmartimages.com/asr/5660ffa9-e349-477c-96e1-eea6a8cb0d9d_3.10ad8ebe9b7efa72376ded1a94a1933c.jpeg?odnWidth=612&odnHeight=612&odnBg=ffffff",
        "tags": [
            [
                "LEGO Easter Building Sets",
                "/browse/toys/lego-easter-building-sets/4171_4186_1105635_2668753"
            ],
            [
                "LEGO Star Wars Building Sets",
                "/browse/toys/lego-star-wars-building-sets/4171_4186_1105635_3578631"
            ],
            [
                "Building Sets for Boys",
                "/browse/toys/building-sets-for-boys/4171_1228478_4255542"
            ],
            [
                "Star Wars Toys",
                "/browse/toys/star-wars-toys/4171_7357538_4426623"
            ],
            [
                "LEGO Sets Ages 12+",
                "/browse/toys/lego-sets-ages-12/4171_4186_1105635_4836372"
            ],
            [
                "Building Toys Ages 8 to 11",
                "/browse/toys/building-toys-ages-8-to-11/4171_4186_6416592"
            ],
            [
                "LEGO Sets Ages 8 to 11",
                "/browse/toys/lego-sets-ages-8-to-11/4171_4186_1105635_6901070"
            ],
            [
                "Building Toys Ages 12+",
                "/browse/toys/building-toys-ages-12/4171_4186_9012439"
            ]
        ]
    },
    {
        "title": "Disney Frozen Convertible Car 6-Volt Battery-Powered Ride-On",
        "url": "https://www.walmart.com/ip/Disney-Frozen-Convertible-Car-6-Volt-Battery-Powered-Ride-On/37312935",
        "price": "$149.00",
        "stars": "3.8",
        "ratings": "86 ",
        "img": "i5.walmartimages.com/asr/f2d56490-c40f-4e2c-9f53-f5a517e994f1_1.e8b66b8f7231bebbaf7c94518c3612c6.jpeg?odnWidth=612&odnHeight=612&odnBg=ffffff",
        "tags": [
            [
                "Disney Frozen Costumes & Party Supplies",
                "/browse/seasonal/disney-frozen-costumes-party-supplies/1085632_1225661_1224961"
            ],
            [
                "Disney Frozen Home",
                "/browse/seasonal/disney-frozen-home/1085632_1225661_1225683"
            ],
            [
                "Movies, Music & Books",
                "/browse/seasonal/movies-music-books/1085632_1225661_1225688"
            ],
            [
                "Disney Frozen Clothing",
                "/browse/seasonal/disney-frozen-clothing/1085632_1225661_1225689"
            ],
            [
                "Disney Frozen Baby & Toddler",
                "/browse/seasonal/disney-frozen-baby-toddler/1085632_1225661_1228686"
            ],
            [
                "All Disney Princess Toys",
                "/browse/seasonal/all-disney-princess-toys/1085632_668399_8905754_4768298_1238504"
            ],
            [
                "Disney Princess Home Decor",
                "/browse/seasonal/disney-princess-home-decor/1085632_668399_8905754_8651968_1609270"
            ],
            [
                "Disney Princess Rideons",
                "/browse/seasonal/disney-princess-rideons/1085632_668399_8905754_6860268_1635689"
            ]
        ]
    },
    {
        "title": "Funko POP! Disney: The Little Mermaid - 10\" Ursula (Glow)",
        "url": "https://www.walmart.com/ip/Funko-POP-Disney-The-Little-Mermaid-10-Ursula-Glow/174568544",
        "price": "$19.25",
        "stars": "4.6",
        "ratings": "8 ",
        "img": "i5.walmartimages.com/asr/0b029b50-78f8-410a-aa11-1ddf1c50a491_1.d522cd06e53712c965f4343cbb3673f2.jpeg?odnWidth=612&odnHeight=612&odnBg=ffffff",
        "tags": [
            [
                "Toys for Babies 0 to 12 Months",
                "/browse/toys/toys-for-babies-0-to-12-months/4171_3318550_8469931_2442095"
            ],
            [
                "The Nightmare Before Christmas",
                "/browse/toys/the-nightmare-before-christmas/4171_4172_4294413_2678821"
            ],
            [
                "Funko Collectibles",
                "/browse/toys/funko-collectibles/4171_2229239_8665809_2752400"
            ],
            [
                "Walmart Exclusive Funko Pop",
                "/browse/toys/walmart-exclusive-funko-pop/4171_4172_4294413_2884519"
            ],
            [
                "Disney Funko Pop",
                "/browse/toys/disney-funko-pop/4171_4172_4294413_6491864"
            ],
            [
                "Halloween Funko Pop",
                "/browse/toys/halloween-funko-pop/4171_4172_4294413_7641106"
            ],
            [
                "Prince  Funko Pop",
                "/browse/toys/prince-funko-pop/4171_4172_4294413_9155014"
            ],
            [
                "Funko 5 Star",
                "/browse/toys/funko-5-star/4171_4172_4294413_9555043"
            ]
        ]
    }
]