[
    {
        "title": "Disney Junior Mira Royal Detective 10-Inch Mira Celebration Doll, Ages 3+",
        "url": "https://www.walmart.com/ip/Disney-Junior-Mira-Royal-Detective-10-Inch-Mira-Celebration-Doll-Ages-3/430619200",
        "price": "$15.10",
        "stars": "4.8",
        "ratings": "26 ",
        "img": "i5.walmartimages.com/asr/4cc34d4b-28b7-4e11-b9e5-bd5fc45df973.33ac9ee62b673aa03421858c677b7c65.jpeg?odnWidth=612&odnHeight=612&odnBg=ffffff",
        "tags": [
            [
                "All Stuffed Animals & Plush",
                "/browse/toys/all-stuffed-animals-plush/4171_2724815_132874"
            ],
            [
                "Ride Ons for Girls",
                "/browse/toys/ride-ons-for-girls/4171_1228477_3574057_1348260"
            ],
            [
                "2 to 4 Years",
                "/browse/toys/2-to-4-years/4171_2724815_2170514"
            ],
            [
                "8 to 11 Years",
                "/browse/toys/8-to-11-years/4171_2724815_3925001"
            ],
            [
                "Stuffed Animals for Girls",
                "/browse/toys/stuffed-animals-for-girls/4171_2724815_3975865"
            ],
            [
                "5 to 7 Years",
                "/browse/toys/5-to-7-years/4171_2724815_9191313"
            ],
            [
                "Stuffed Animals for Boys",
                "/browse/toys/stuffed-animals-for-boys/4171_2724815_9211121"
            ]
        ]
    },
    {
        "title": "Disney Princess Sing & Sparkle Ariel Doll",
        "url": "https://www.walmart.com/ip/Disney-Princess-Sing-Sparkle-Ariel-Doll/593941030",
        "price": "$34.88",
        "stars": "4.8",
        "ratings": "12 ",
        "img": "i5.walmartimages.com/asr/3cabe537-23ce-441f-9986-b03a21f18c3f.c5c01e94aa7326ec1beb0bbf0582fceb.jpeg?odnWidth=612&odnHeight=612&odnBg=ffffff",
        "tags": []
    },
    {
        "title": "Star Wars Escape From Death Star Board Game, Exclusive Tarkin Figure",
        "url": "https://www.walmart.com/ip/Star-Wars-Escape-From-Death-Star-Board-Game-Exclusive-Tarkin-Figure/509918476",
        "price": "$19.99",
        "stars": "4.6",
        "ratings": "17 ",
        "img": "i5.walmartimages.com/asr/345873a6-96e8-4479-a695-d38299286733_1.c3079ae6c4535e8c7985b7e344d4d0d2.jpeg?odnWidth=612&odnHeight=612&odnBg=ffffff",
        "tags": [
            [
                "Star Wars Action Figures",
                "/browse/toys/star-wars-action-figures/4171_4172_1606899"
            ],
            [
                "Bop It",
                "/browse/toys/bop-it/4171_8039111_1780534"
            ],
            [
                "Classic Games",
                "/browse/toys/classic-games/4171_4191_2084995"
            ],
            [
                "Family Games",
                "/browse/toys/family-games/4171_4191_2335373_2204878"
            ],
            [
                "Star Wars Toys",
                "/browse/toys/star-wars-toys/4171_7357538_4426623"
            ],
            [
                "Monopoly",
                "/browse/toys/monopoly/4171_4191_133123_6792970"
            ],
            [
                "Star Wars The Black Series",
                "/browse/toys/star-wars-the-black-series/4171_4172_7913525"
            ]
        ]
    },
    {
        "title": "Toy Story 3 Lotso Plush [Strawberry Scented]",
        "url": "https://www.walmart.com/ip/Toy-Story-3-Lotso-Plush-Strawberry-Scented/849902948",
        "price": "$14.99",
        "stars": "1.7",
        "ratings": "6 ",
        "img": "i5.walmartimages.com/asr/7aad7dbc-9d85-477e-9d67-d0f4b08faaba_1.2194fea30a0697079abbd39c28bb8459.jpeg?odnWidth=612&odnHeight=612&odnBg=ffffff",
        "tags": [
            [
                "All Action Figures",
                "/browse/toys/all-action-figures/4171_4172_133130"
            ],
            [
                "Mr. Potato Head",
                "/browse/toys/mr-potato-head/4171_5178010_1884753"
            ],
            [
                "2 to 4 Years",
                "/browse/toys/2-to-4-years/4171_2724815_2170514"
            ],
            [
                "Disney Action Figures",
                "/browse/toys/disney-action-figures/4171_4172_5217603"
            ],
            [
                "Easter Stuffed Animals",
                "/browse/toys/easter-stuffed-animals/4171_2724815_5731898"
            ],
            [
                "Toy Cars",
                "/browse/toys/toy-cars/4171_1111647_132910_7314322"
            ],
            [
                "Fisher Price Preschool Toys",
                "/browse/toys/fisher-price-preschool-toys/4171_1077545_8882678"
            ],
            [
                "Imaginext Toy Story",
                "/browse/toys/imaginext-toy-story/4171_4172_1574302_9096511"
            ]
        ]
    },
    {
        "title": "Operation: Disney/Pixar Toy Story Buzz Lightyear Board Game",
        "url": "https://www.walmart.com/ip/Operation-Disney-Pixar-Toy-Story-Buzz-Lightyear-Board-Game/212959565",
        "price": "$11.49",
        "stars": "4.3",
        "ratings": "37 ",
        "img": "i5.walmartimages.com/asr/39b54b46-01e5-4b3f-b1d3-27c977a3f8af_1.bb69221c7f417ea310edef81f897facf.jpeg?odnWidth=612&odnHeight=612&odnBg=ffffff",
        "tags": [
            [
                "Classic Games",
                "/browse/toys/classic-games/4171_4191_2084995"
            ],
            [
                "Family Games",
                "/browse/toys/family-games/4171_4191_2335373_2204878"
            ],
            [
                "All Board Games",
                "/browse/toys/all-board-games/4171_4191_133123_4497274"
            ],
            [
                "Disney Action Figures",
                "/browse/toys/disney-action-figures/4171_4172_5217603"
            ],
            [
                "Monopoly",
                "/browse/toys/monopoly/4171_4191_133123_6792970"
            ],
            [
                "Toys for Kids 5 to 7 Years",
                "/browse/toys/toys-for-kids-5-to-7-years/4171_3318550_617941_8920388"
            ],
            [
                "Imaginext Toy Story",
                "/browse/toys/imaginext-toy-story/4171_4172_1574302_9096511"
            ]
        ]
    },
    {
        "title": "Disney Junior Paw Patrol Toy Drum Kit Set",
        "url": "https://www.walmart.com/ip/Disney-Junior-Paw-Patrol-Toy-Drum-Kit-Set/500103642",
        "price": "$38.18",
        "stars": "2.2",
        "ratings": "5 ",
        "img": "",
        "tags": [
            [
                "Kids Instruments",
                "/browse/toys/kids-instruments/4171_4173_1143273"
            ],
            [
                "Paw Patrol Toys",
                "/browse/toys/paw-patrol-toys/4171_7357538_1804970"
            ],
            [
                "PAW Patrol",
                "/browse/toys/paw-patrol/4171_4172_1574302_2726380"
            ],
            [
                "Paw Patrol",
                "/browse/toys/paw-patrol/4171_1111647_5084539"
            ],
            [
                "Kids Musical Instruments",
                "/browse/toys/kids-musical-instruments/4171_4173_3426779_7166990"
            ],
            [
                "Paw Patrol Stuffed Animals",
                "/browse/toys/paw-patrol-stuffed-animals/4171_2724815_7238454"
            ],
            [
                "PAW Patrol Toys",
                "/browse/toys/paw-patrol-toys/4171_3438149_8288276"
            ]
        ]
    },
    {
        "title": "Funko POP! Disney: Frozen 2 - Anna",
        "url": "https://www.walmart.com/ip/Funko-POP-Disney-Frozen-2-Anna/874273851",
        "price": "$9.74",
        "stars": "4.8",
        "ratings": "18 ",
        "img": "i5.walmartimages.com/asr/74b5b85a-97eb-4f3f-8013-15eb6de1addb_2.a057a844bf0123fa1c01cb2330a41e49.png?odnWidth=612&odnHeight=612&odnBg=ffffff",
        "tags": [
            [
                "Toys for Babies 0 to 12 Months",
                "/browse/toys/toys-for-babies-0-to-12-months/4171_3318550_8469931_2442095"
            ],
            [
                "Funko Collectibles",
                "/browse/toys/funko-collectibles/4171_2229239_8665809_2752400"
            ],
            [
                "Walmart Exclusive Funko Pop",
                "/browse/toys/walmart-exclusive-funko-pop/4171_4172_4294413_2884519"
            ],
            [
                "All Frozen Toys",
                "/browse/toys/all-frozen-toys/4171_7357538_6091150_4557348"
            ],
            [
                "Aladdin Funko Pop",
                "/browse/toys/aladdin-funko-pop/4171_4172_4294413_4754582"
            ],
            [
                "Funko Pop Animation",
                "/browse/toys/funko-pop-animation/4171_4172_4294413_4803523"
            ],
            [
                "Disney Funko Pop",
                "/browse/toys/disney-funko-pop/4171_4172_4294413_6491864"
            ],
            [
                "Funko 5 Star",
                "/browse/toys/funko-5-star/4171_4172_4294413_9555043"
            ]
        ]
    },
    {
        "title": "Funko POP! Star Wars The Child (Baby Yoda) Set of 3 Vinyl Figures",
        "url": "https://www.walmart.com/ip/Funko-POP-Star-Wars-The-Child-Baby-Yoda-Set-of-3-Vinyl-Figures/689287343",
        "price": "$32.99",
        "stars": "5.0",
        "ratings": "1 ",
        "img": "i5.walmartimages.com/asr/6f0f889c-c3ce-4569-88f8-717d78be8213.8baadab7a86e37005f626ee5bd69b257.jpeg?odnWidth=612&odnHeight=612&odnBg=ffffff",
        "tags": []
    },
    {
        "title": "Mickey Mouse on the Move Vehicles 2-Pack Set, Mickey Mouse and Minnie Mouse, Ages 3+",
        "url": "https://www.walmart.com/ip/Mickey-Mouse-on-the-Move-Vehicles-2-Pack-Set-Mickey-Mouse-and-Minnie-Mouse-Ages-3/217778225",
        "price": "$9.98",
        "stars": 0,
        "ratings": 0,
        "img": "i5.walmartimages.com/asr/913091a2-a925-4317-af3c-d8f39862dd8b_1.29af523625bda12440dbbc3713b3c48e.jpeg?odnWidth=612&odnHeight=612&odnBg=ffffff",
        "tags": []
    },
    {
        "title": "Disney Junior\u2019s Minnie Happy Helpers Bean Plush 2-Pack",
        "url": "https://www.walmart.com/ip/Disney-Junior-s-Minnie-Happy-Helpers-Bean-Plush-2-Pack/606443903",
        "price": "$14.97",
        "stars": "5.0",
        "ratings": "7 ",
        "img": "i5.walmartimages.com/asr/746e67b3-0533-47c4-abbc-c5bf5362eed8_1.1ad5ed4eb8bcd9f5aba76b77726483fb.jpeg?odnWidth=612&odnHeight=612&odnBg=ffffff",
        "tags": [
            [
                "All Stuffed Animals & Plush",
                "/browse/toys/all-stuffed-animals-plush/4171_2724815_132874"
            ],
            [
                "2 to 4 Years",
                "/browse/toys/2-to-4-years/4171_2724815_2170514"
            ],
            [
                "All Minnie Mouse Toys",
                "/browse/toys/all-minnie-mouse-toys/4171_7357538_8112673_2768272"
            ],
            [
                "8 to 11 Years",
                "/browse/toys/8-to-11-years/4171_2724815_3925001"
            ],
            [
                "Stuffed Animals for Girls",
                "/browse/toys/stuffed-animals-for-girls/4171_2724815_3975865"
            ],
            [
                "Minnie Mouse Stuffed Animals",
                "/browse/toys/minnie-mouse-stuffed-animals/4171_2724815_6774273"
            ],
            [
                "5 to 7 Years",
                "/browse/toys/5-to-7-years/4171_2724815_9191313"
            ],
            [
                "Stuffed Animals for Boys",
                "/browse/toys/stuffed-animals-for-boys/4171_2724815_9211121"
            ]
        ]
    }
]