[
    {
        "title": "Buffalo Games - Art of Play Collection - Follow Your Heart - 750 Piece Jigsaw Puzzle",
        "url": "https://www.walmart.com/ip/Buffalo-Games-Art-of-Play-Collection-Follow-Your-Heart-750-Piece-Jigsaw-Puzzle/148402644",
        "price": "$9.97",
        "stars": "4.3",
        "ratings": "7 ",
        "img": "i5.walmartimages.com/asr/0f26e094-7a0d-4a0c-8e75-e6cd19582d12_1.7f888d052745ead24090269e924f3aaf.jpeg?odnWidth=612&odnHeight=612&odnBg=ffffff",
        "tags": [
            [
                "500 Piece Jigsaws",
                "/browse/toys/500-piece-jigsaws/4171_4191_163840_2972767"
            ],
            [
                "Thomas Kinkade Puzzles",
                "/browse/toys/thomas-kinkade-puzzles/4171_4191_163840_2713586_3945720"
            ],
            [
                "1000 Piece Jigsaws",
                "/browse/toys/1000-piece-jigsaws/4171_4191_163840_3974623"
            ],
            [
                "300 Piece Jigsaws",
                "/browse/toys/300-piece-jigsaws/4171_4191_163840_4640812"
            ],
            [
                "Jigsaw Puzzles",
                "/browse/toys/jigsaw-puzzles/4171_4191_163840_4981610"
            ],
            [
                "Kids Puzzles",
                "/browse/toys/kids-puzzles/4171_4191_163840_6928209"
            ],
            [
                "Ceaco Shelf",
                "/browse/toys/ceaco-shelf/4171_4191_163840_7820798"
            ],
            [
                "Unicorn Games and Puzzles",
                "/browse/toys/unicorn-games-puzzles/4171_4209468_8346385"
            ]
        ]
    },
    {
        "title": "Monopoly: Marvel Avengers Edition Board Game for Ages 8 and Up",
        "url": "https://www.walmart.com/ip/Monopoly-Marvel-Avengers-Edition-Board-Game-for-Ages-8-and-Up/582017354",
        "price": "$29.03",
        "stars": "4.8",
        "ratings": "54 ",
        "img": "i5.walmartimages.com/asr/50b8febc-9916-4595-8263-c78ae5192793_1.abcade063908b9456bfb29d6968c7e48.jpeg?odnWidth=612&odnHeight=612&odnBg=ffffff",
        "tags": [
            [
                "Card Games",
                "/browse/toys/card-games/4171_4191_163842"
            ],
            [
                "All Disney Toys",
                "/browse/toys/all-disney-toys/4171_6909449_1773797"
            ],
            [
                "Classic Games",
                "/browse/toys/classic-games/4171_4191_2084995"
            ],
            [
                "Family Games",
                "/browse/toys/family-games/4171_4191_2335373_2204878"
            ],
            [
                "All Board Games",
                "/browse/toys/all-board-games/4171_4191_133123_4497274"
            ],
            [
                "Monopoly",
                "/browse/toys/monopoly/4171_4191_133123_6792970"
            ],
            [
                "Black Panther Toys",
                "/browse/toys/black-panther-toys/4171_7357538_7330704"
            ]
        ]
    },
    {
        "title": "Solid Wood Folding Mancala Strategy Game",
        "url": "https://www.walmart.com/ip/Solid-Wood-Folding-Mancala-Strategy-Game/836162442",
        "price": "$9.97",
        "stars": "4.9",
        "ratings": "14 ",
        "img": "i5.walmartimages.com/asr/1f129f01-a625-4f90-85a6-df7fde0a18dc.f4c2af223a370c25ce9b565769063abc.jpeg?odnWidth=612&odnHeight=612&odnBg=ffffff",
        "tags": [
            [
                "Shop Toys by Price",
                "/browse/shop-toys-by-price/4171_1263324"
            ],
            [
                "Card Games",
                "/browse/toys/card-games/4171_4191_163842"
            ],
            [
                "Family Games",
                "/browse/toys/family-games/4171_4191_2335373_2204878"
            ],
            [
                "All Board Games",
                "/browse/toys/all-board-games/4171_4191_133123_4497274"
            ],
            [
                "Toys for Kids 8 to 11 Years",
                "/browse/toys/toys-for-kids-8-to-11-years/4171_3318550_617942_8104028"
            ],
            [
                "Toys for Kids 5 to 7 Years",
                "/browse/toys/toys-for-kids-5-to-7-years/4171_3318550_617941_8920388"
            ],
            [
                "Adult Games",
                "/browse/toys/adult-games/4171_4191_2335373_9523585"
            ]
        ]
    },
    {
        "title": "Taco Cat Goat Cheese Pizza Card Game Party Game Dolphin Hat",
        "url": "https://www.walmart.com/ip/Taco-Cat-Goat-Cheese-Pizza-Card-Game-Party-Game-Dolphin-Hat/395916943",
        "price": "$14.94",
        "stars": "5.0",
        "ratings": "20 ",
        "img": "",
        "tags": [
            [
                "Card Games",
                "/browse/toys/card-games/4171_4191_163842"
            ],
            [
                "Classic Games",
                "/browse/toys/classic-games/4171_4191_2084995"
            ],
            [
                "Family Games",
                "/browse/toys/family-games/4171_4191_2335373_2204878"
            ],
            [
                "Other Unicorn Toys",
                "/browse/toys/other-unicorn-toys/4171_4209468_3940073"
            ],
            [
                "All Board Games",
                "/browse/toys/all-board-games/4171_4191_133123_4497274"
            ],
            [
                "Toys for Kids 12 Years & Up",
                "/browse/toys/toys-for-kids-12-years-up/4171_3318550_1077724_6922509"
            ],
            [
                "Adult Games",
                "/browse/toys/adult-games/4171_4191_2335373_9523585"
            ]
        ]
    },
    {
        "title": "Buffalo Games - Charles Wysocki - Sugar and Spice - 300 Piece Jigsaw Puzzle",
        "url": "https://www.walmart.com/ip/Buffalo-Games-Charles-Wysocki-Sugar-and-Spice-300-Piece-Jigsaw-Puzzle/209475778",
        "price": "$8.97",
        "stars": "3.7",
        "ratings": "3 ",
        "img": "i5.walmartimages.com/asr/f2564f6c-282f-4ace-b360-fb3d23a10bdb_1.e5113ba5f11a561354d5858a5ebac990.jpeg?odnWidth=612&odnHeight=612&odnBg=ffffff",
        "tags": [
            [
                "Springbok Puzzles",
                "/browse/toys/springbok-puzzles/4171_4191_163840_2713586_1832423"
            ],
            [
                "500 Piece Jigsaws",
                "/browse/toys/500-piece-jigsaws/4171_4191_163840_2972767"
            ],
            [
                "1000 Piece Jigsaws",
                "/browse/toys/1000-piece-jigsaws/4171_4191_163840_3974623"
            ],
            [
                "750 Piece Jigsaws",
                "/browse/toys/750-piece-jigsaws/4171_4191_163840_4166037"
            ],
            [
                "Jigsaw Puzzles",
                "/browse/toys/jigsaw-puzzles/4171_4191_163840_4981610"
            ],
            [
                "Kids Puzzles",
                "/browse/toys/kids-puzzles/4171_4191_163840_6928209"
            ],
            [
                "Ceaco Shelf",
                "/browse/toys/ceaco-shelf/4171_4191_163840_7820798"
            ]
        ]
    },
    {
        "title": "Hoyle Clear Waterproof Playing Cards",
        "url": "https://www.walmart.com/ip/Hoyle-Clear-Waterproof-Playing-Cards/54017271",
        "price": "$5.97",
        "stars": "4.9",
        "ratings": "14 ",
        "img": "",
        "tags": [
            [
                "Shop Toys by Price",
                "/browse/shop-toys-by-price/4171_1263324"
            ],
            [
                "Classic Games",
                "/browse/toys/classic-games/4171_4191_2084995"
            ],
            [
                "Family Games",
                "/browse/toys/family-games/4171_4191_2335373_2204878"
            ],
            [
                "All Board Games",
                "/browse/toys/all-board-games/4171_4191_133123_4497274"
            ],
            [
                "Party Games",
                "/browse/toys/party-games/4171_4191_5016956"
            ],
            [
                "Toys for Kids 5 to 7 Years",
                "/browse/toys/toys-for-kids-5-to-7-years/4171_3318550_617941_8920388"
            ],
            [
                "Adult Games",
                "/browse/toys/adult-games/4171_4191_2335373_9523585"
            ]
        ]
    },
    {
        "title": "100-Piece Poker Chip Set for ages 10 and up",
        "url": "https://www.walmart.com/ip/100-Piece-Poker-Chip-Set-for-ages-10-and-up/112165510",
        "price": "$9.88",
        "stars": "5.0",
        "ratings": "13 ",
        "img": "i5.walmartimages.com/asr/d4d0902d-90c3-4c23-bf38-b94cd507da97_1.0c696ce5ea62f910e7168263c14e5ddd.jpeg?odnWidth=612&odnHeight=612&odnBg=ffffff",
        "tags": [
            [
                "Shop Toys by Price",
                "/browse/shop-toys-by-price/4171_1263324"
            ],
            [
                "Card Games",
                "/browse/toys/card-games/4171_4191_163842"
            ],
            [
                "Family Games",
                "/browse/toys/family-games/4171_4191_2335373_2204878"
            ],
            [
                "All Board Games",
                "/browse/toys/all-board-games/4171_4191_133123_4497274"
            ],
            [
                "Play Money",
                "/browse/toys/play-money/4171_4173_4651452_7201382"
            ],
            [
                "Toys for Kids 5 to 7 Years",
                "/browse/toys/toys-for-kids-5-to-7-years/4171_3318550_617941_8920388"
            ],
            [
                "Adult Games",
                "/browse/toys/adult-games/4171_4191_2335373_9523585"
            ]
        ]
    },
    {
        "title": "Pictopia: World of Disney Edition Family Trivia Board Game for Kids & Adults Age 7 & Up - Perfect Gift for Any Disney Fan!",
        "url": "https://www.walmart.com/ip/Pictopia-World-of-Disney-Edition-Family-Trivia-Board-Game-for-Kids-Adults-Age-7-Up-Perfect-Gift-for-Any-Disney-Fan/40843992",
        "price": "$19.97",
        "stars": "4.7",
        "ratings": "20 ",
        "img": "i5.walmartimages.com/asr/fbcbeefa-d06a-4bcb-b0ff-943bf17a23db.a505c610868a609c151f441f3da16c85.jpeg?odnWidth=612&odnHeight=612&odnBg=ffffff",
        "tags": [
            [
                "Card Games",
                "/browse/toys/card-games/4171_4191_163842"
            ],
            [
                "Classic Games",
                "/browse/toys/classic-games/4171_4191_2084995"
            ],
            [
                "Family Games",
                "/browse/toys/family-games/4171_4191_2335373_2204878"
            ],
            [
                "All Board Games",
                "/browse/toys/all-board-games/4171_4191_133123_4497274"
            ],
            [
                "Party Games",
                "/browse/toys/party-games/4171_4191_5016956"
            ],
            [
                "Monopoly",
                "/browse/toys/monopoly/4171_4191_133123_6792970"
            ],
            [
                "Adult Games",
                "/browse/toys/adult-games/4171_4191_2335373_9523585"
            ]
        ]
    },
    {
        "title": "Buffalo Games - Cats - Please, Please Leave The Lid Off - 750 Piece Jigsaw Puzzle",
        "url": "https://www.walmart.com/ip/Buffalo-Games-Cats-Please-Please-Leave-The-Lid-Off-750-Piece-Jigsaw-Puzzle/868429572",
        "price": "$9.97",
        "stars": "5.0",
        "ratings": "6 ",
        "img": "i5.walmartimages.com/asr/ebb13b19-0a19-4d21-a213-efafaf1a4ceb_1.258753fed9a253de8f8d5c6baa1052be.jpeg?odnWidth=612&odnHeight=612&odnBg=ffffff",
        "tags": [
            [
                "Shop Toys by Price",
                "/browse/shop-toys-by-price/4171_1263324"
            ],
            [
                "500 Piece Jigsaws",
                "/browse/toys/500-piece-jigsaws/4171_4191_163840_2972767"
            ],
            [
                "Thomas Kinkade Puzzles",
                "/browse/toys/thomas-kinkade-puzzles/4171_4191_163840_2713586_3945720"
            ],
            [
                "1000 Piece Jigsaws",
                "/browse/toys/1000-piece-jigsaws/4171_4191_163840_3974623"
            ],
            [
                "Jigsaw Puzzles",
                "/browse/toys/jigsaw-puzzles/4171_4191_163840_4981610"
            ],
            [
                "Kids Puzzles",
                "/browse/toys/kids-puzzles/4171_4191_163840_6928209"
            ],
            [
                "Ceaco Shelf",
                "/browse/toys/ceaco-shelf/4171_4191_163840_7820798"
            ]
        ]
    },
    {
        "title": "Abraham Hunter - Woodland Church - 1000 piece Jigsaw Puzzle",
        "url": "https://www.walmart.com/ip/Abraham-Hunter-Woodland-Church-1000-piece-Jigsaw-Puzzle/317946218",
        "price": "$18.99",
        "stars": "4.3",
        "ratings": "7 ",
        "img": "i5.walmartimages.com/asr/5dd49966-75e5-4ed9-a581-221ac20eedb7_3.da4c6a8d2998ec3f1a2b36d9b45e8783.jpeg?odnWidth=612&odnHeight=612&odnBg=ffffff",
        "tags": [
            [
                "500 Piece Jigsaws",
                "/browse/toys/500-piece-jigsaws/4171_4191_163840_2972767"
            ],
            [
                "Thomas Kinkade Puzzles",
                "/browse/toys/thomas-kinkade-puzzles/4171_4191_163840_2713586_3945720"
            ],
            [
                "750 Piece Jigsaws",
                "/browse/toys/750-piece-jigsaws/4171_4191_163840_4166037"
            ],
            [
                "300 Piece Jigsaws",
                "/browse/toys/300-piece-jigsaws/4171_4191_163840_4640812"
            ],
            [
                "Jigsaw Puzzles",
                "/browse/toys/jigsaw-puzzles/4171_4191_163840_4981610"
            ],
            [
                "Ravensburger Puzzles",
                "/browse/toys/ravensburger-puzzles/4171_4191_163840_2713586_6289252"
            ],
            [
                "Kids Puzzles",
                "/browse/toys/kids-puzzles/4171_4191_163840_6928209"
            ],
            [
                "Ceaco Shelf",
                "/browse/toys/ceaco-shelf/4171_4191_163840_7820798"
            ]
        ]
    }
]