[
    {
        "title": "Condenser Microphone Bundle, BM-800 Mic Kit with Adjustable Mic Suspension Scissor Arm, Metal Shock Mount and Double-layer Pop Filter for Studio Recording & Broadcasting (Gold)",
        "url": "https://www.walmart.com/ip/Condenser-Microphone-Bundle-BM-800-Mic-Kit-Adjustable-Suspension-Scissor-Arm-Metal-Shock-Mount-Double-layer-Pop-Filter-Studio-Recording-Broadcasting-/802105182",
        "price": "$44.99",
        "stars": "3.3",
        "ratings": "4 ",
        "img": "i5.walmartimages.com/asr/ade609b6-fd0d-41fe-8688-2f8e924c20f0.96ee35445cf4bec0e4aa36890bc2e137.jpeg?odnWidth=612&odnHeight=612&odnBg=ffffff",
        "tags": [
            [
                "Podcasting Bundles",
                "/browse/musical-instruments/podcasting-bundles/7796869_3348689_133194_6485637"
            ],
            [
                "Karaoke Machine Accessories",
                "/browse/musical-instruments/karaoke-machine-accessories/7796869_6745708_6264579_7488727"
            ],
            [
                "Blue Microphones",
                "/browse/musical-instruments/blue-microphones/7796869_3861023_7646960"
            ],
            [
                "Condenser Microphones",
                "/browse/musical-instruments/condenser-microphones/7796869_3348689_133194_8159030"
            ],
            [
                "Wireless Microphones",
                "/browse/musical-instruments/wireless-microphones/7796869_3348689_133194_8249540"
            ],
            [
                "Stands and Booms",
                "/browse/musical-instruments/stands-booms/7796869_3348689_133194_9060460"
            ],
            [
                "USB Microphones",
                "/browse/musical-instruments/usb-microphones/7796869_3348689_133194_9889680"
            ]
        ]
    },
    {
        "title": "Rogue P22 Bulk 12 Pack 022 Plain Steel Electric Guitar Strings",
        "url": "https://www.walmart.com/ip/Rogue-P22-Bulk-12-Pack-022-Plain-Steel-Electric-Guitar-Strings/24669055",
        "price": "$2.49",
        "stars": 0,
        "ratings": 0,
        "img": "i5.walmartimages.com/asr/75f6e1b8-141b-437c-b106-abe37e76f9f4.95c3c88e72be1cc2beb4fb50153faa78.jpeg?odnWidth=612&odnHeight=612&odnBg=ffffff",
        "tags": [
            [
                "Acoustic Guitar Strings",
                "/browse/musical-instruments/acoustic-guitar-strings/7796869_6171829_6548527_1819793_2056913"
            ],
            [
                "D'Addario",
                "/browse/musical-instruments/daddario/7796869_3861023_5277933"
            ],
            [
                "Ernie Ball",
                "/browse/musical-instruments/ernie-ball/7796869_3861023_5708336"
            ],
            [
                "Electric Guitar Strings",
                "/browse/musical-instruments/electric-guitar-strings/7796869_6171829_6548527_1819793_8605147"
            ],
            [
                "Instrument Strings",
                "/browse/musical-instruments/instrument-strings/7796869_6171829_2128409_9702093"
            ]
        ]
    },
    {
        "title": "IRig Guitar Interface Converter Adapter guitar tuners For Phone/iPod/Pad-1 PC",
        "url": "https://www.walmart.com/ip/IRig-Guitar-Interface-Converter-Adapter-guitar-tuners-For-Phone-iPod-Pad-1-PC/214197761",
        "price": "$6.99",
        "stars": "5.0",
        "ratings": "1 ",
        "img": "i5.walmartimages.com/asr/6c132b9f-8eb7-41d5-9168-634c108ba0f0.561f623903c5bdf089eb5830e7700b5f.jpeg?odnWidth=612&odnHeight=612&odnBg=ffffff",
        "tags": []
    },
    {
        "title": "Rico by D'Addario Alto Sax Reeds, Strength 2.5, 10-pack",
        "url": "https://www.walmart.com/ip/Rico-by-D-Addario-Alto-Sax-Reeds-Strength-2-5-10-pack/24840995",
        "price": "$22.99",
        "stars": "4.8",
        "ratings": "19 ",
        "img": "i5.walmartimages.com/asr/54c0cac9-5ca8-4fd7-8ded-9ad822af4be9_1.516f8d507c387887e727009ff4ac1202.jpeg?odnWidth=612&odnHeight=612&odnBg=ffffff",
        "tags": [
            [
                "Saxophone Reeds",
                "/browse/musical-instruments/saxophone-reeds/7796869_6171829_3641090_1779170"
            ],
            [
                "All Musical Instrument Accessories",
                "/browse/musical-instruments/all-musical-instrument-accessories/7796869_6171829_3297174"
            ],
            [
                "Guitar Tuners",
                "/browse/musical-instruments/guitar-tuners/7796869_6171829_6548527_3470716"
            ],
            [
                "Clarinet Reeds",
                "/browse/musical-instruments/clarinet-reeds/7796869_6171829_3641090_4102470"
            ],
            [
                "D'Addario",
                "/browse/musical-instruments/daddario/7796869_3861023_5277933"
            ],
            [
                "String Instrument Accessories",
                "/browse/musical-instruments/string-instrument-accessories/7796869_3983498_3933845_5471209"
            ],
            [
                "Tuners",
                "/browse/musical-instruments/tuners/7796869_6171829_6529715"
            ],
            [
                "Fretting Tools",
                "/browse/musical-instruments/fretting-tools/7796869_6171829_6548527_9704688"
            ]
        ]
    },
    {
        "title": "Durable Metal Kazoo Flute Mouth Music Instrument Accessory Children Kazoo",
        "url": "https://www.walmart.com/ip/Durable-Metal-Kazoo-Flute-Mouth-Music-Instrument-Accessory-Children-Kazoo/961594000",
        "price": "$7.69",
        "stars": "5.0",
        "ratings": "2 ",
        "img": "i5.walmartimages.com/asr/91f738dd-e75a-4de2-8721-d9c69f8d875d_1.9f3a1850fced7d15896725591e99c99b.jpeg?odnWidth=612&odnHeight=612&odnBg=ffffff",
        "tags": [
            [
                "All Woodwind Instruments",
                "/browse/musical-instruments/all-woodwind-instruments/7796869_3983498_9087652_1141074"
            ],
            [
                "Accordions",
                "/browse/musical-instruments/accordions/7796869_3983498_6348515_1283902"
            ],
            [
                "Sawtooth",
                "/browse/musical-instruments/sawtooth/7796869_3861023_5034780_1436331"
            ],
            [
                "Hohner",
                "/browse/musical-instruments/hohner/7796869_3983498_2570492_4007950"
            ],
            [
                "Kazoos",
                "/browse/musical-instruments/kazoos/7796869_1097866_5253598"
            ],
            [
                "Harmonicas",
                "/browse/musical-instruments/harmonicas/7796869_1097866_5504191"
            ],
            [
                "Classroom Musical Instruments",
                "/browse/musical-instruments/classroom-musical-instruments/7796869_1097895_9031018"
            ],
            [
                "Recorders",
                "/browse/musical-instruments/recorders/7796869_3983498_9087652_9144598"
            ]
        ]
    },
    {
        "title": "Hamilton Classic Folding Music Stand - Chrome",
        "url": "https://www.walmart.com/ip/Hamilton-Classic-Folding-Music-Stand-Chrome/24093990",
        "price": "$10.95",
        "stars": "4.5",
        "ratings": "11 ",
        "img": "i5.walmartimages.com/asr/8f8ee324-6ddc-465b-919b-80dfee078c38_1.b354509a265a41cbe8fdbf58cb1cf09e.jpeg?odnWidth=612&odnHeight=612&odnBg=ffffff",
        "tags": [
            [
                "Guitar Accessories",
                "/browse/musical-instruments/guitar-accessories/7796869_6171829_6548527_1074445"
            ],
            [
                "Sheet Music Stands",
                "/browse/musical-instruments/sheet-music-stands/7796869_6171829_8289180_2461226"
            ],
            [
                "All Musical Instrument Accessories",
                "/browse/musical-instruments/all-musical-instrument-accessories/7796869_6171829_3297174"
            ],
            [
                "Trumpets",
                "/browse/musical-instruments/trumpets/7796869_3983498_6165534_4517455"
            ],
            [
                "French Horns",
                "/browse/musical-instruments/french-horns/7796869_3983498_6165534_5376267"
            ],
            [
                "Brass Instrument Mouthpieces",
                "/browse/musical-instruments/brass-instrument-mouthpieces/7796869_6171829_9937453_5914061"
            ],
            [
                "Jean Paul",
                "/browse/musical-instruments/jean-paul/7796869_3983498_2570492_6393970"
            ],
            [
                "Trombones",
                "/browse/musical-instruments/trombones/7796869_3983498_6165534_7996017"
            ]
        ]
    },
    {
        "title": "Yamaha PSR-E273 Portable Keyboard",
        "url": "https://www.walmart.com/ip/Yamaha-PSR-E273-Portable-Keyboard/387172794",
        "price": "$129.99",
        "stars": 0,
        "ratings": 0,
        "img": "i5.walmartimages.com/asr/f580f7c3-1ed7-4993-9303-a3ccefb80f5b.28bc74b9bc5d1f4e775130afa01e748e.jpeg?odnWidth=612&odnHeight=612&odnBg=ffffff",
        "tags": [
            [
                "61-Key Portable keyboards",
                "/browse/musical-instruments/61-key-portable-keyboards/7796869_1128453_3376388_3185691_2581776"
            ],
            [
                "Beginner  Portable Keyboards",
                "/browse/musical-instruments/beginner-portable-keyboards/7796869_6789055_6387230_9562435_4511327"
            ],
            [
                "Keyboards Musical Classroom",
                "/browse/musical-instruments/keyboards-musical-classroom/7796869_1097895_5698620"
            ],
            [
                "Yamaha Portable Keyboards",
                "/browse/musical-instruments/yamaha-portable-keyboards/7796869_1128453_9194762_8300078_6013938"
            ],
            [
                "Electronic Keyboards with Stand",
                "/browse/musical-instruments/electronic-keyboards-with-stand/7796869_1128453_1074444_6970540"
            ],
            [
                "Portable Keyboards",
                "/browse/musical-instruments/portable-keyboards/7796869_1128453_2503204_7904097"
            ],
            [
                "Classroom Musical Instruments",
                "/browse/musical-instruments/classroom-musical-instruments/7796869_1097895_9031018"
            ]
        ]
    },
    {
        "title": "Yamaha DGX-660 88-Key Weighted Action Digital Grand Piano Premium with Matching Stand, Black",
        "url": "https://www.walmart.com/ip/Yamaha-DGX-660-88-Key-Weighted-Action-Digital-Grand-Piano-Premium-with-Matching-Stand-Black/198404541",
        "price": "$799.99",
        "stars": "5.0",
        "ratings": "1 ",
        "img": "i5.walmartimages.com/asr/999447a1-848c-4c35-b4c8-567f474f7450_2.1402a2c4dd3473e95a6faf3fed93166f.jpeg?odnWidth=612&odnHeight=612&odnBg=ffffff",
        "tags": [
            [
                "Advanced Digital Pianos",
                "/browse/musical-instruments/advanced-digital-pianos/7796869_6789055_8828380_4191739_2767848"
            ],
            [
                "Keyboards Musical Classroom",
                "/browse/musical-instruments/keyboards-musical-classroom/7796869_1097895_5698620"
            ],
            [
                "88-Key Digital Pianos",
                "/browse/musical-instruments/88-key-digital-pianos/7796869_1128453_3376388_3292586_6698753"
            ],
            [
                "Electronic Keyboards with Stand",
                "/browse/musical-instruments/electronic-keyboards-with-stand/7796869_1128453_1074444_6970540"
            ],
            [
                "Upright Digital Pianos",
                "/browse/musical-instruments/upright-digital-pianos/7796869_1128453_2503204_9935486"
            ]
        ]
    },
    {
        "title": "Samson M1 Dynamic Microphone",
        "url": "https://www.walmart.com/ip/Samson-M1-Dynamic-Microphone/141931204",
        "price": "$14.99",
        "stars": 0,
        "ratings": 0,
        "img": "",
        "tags": [
            [
                "All Karaoke Machines",
                "/browse/musical-instruments/all-karaoke-machines/7796869_6745708_106984"
            ],
            [
                "The Singing Machine Microphones",
                "/browse/musical-instruments/the-singing-machine-microphones/7796869_3861023_5419535_3711375"
            ],
            [
                "Dynamic Microphones",
                "/browse/musical-instruments/dynamic-microphones/7796869_3348689_133194_3930897"
            ],
            [
                "Podcasting Bundles",
                "/browse/musical-instruments/podcasting-bundles/7796869_3348689_133194_6485637"
            ],
            [
                "Karaoke Machine Accessories",
                "/browse/musical-instruments/karaoke-machine-accessories/7796869_6745708_6264579_7488727"
            ],
            [
                "Wireless Microphones",
                "/browse/musical-instruments/wireless-microphones/7796869_3348689_133194_8249540"
            ]
        ]
    },
    {
        "title": "PMP20 Pyle P Pro Power Megaphone",
        "url": "https://www.walmart.com/ip/PMP20-Pyle-P-Pro-Power-Megaphone/46118593",
        "price": "$14.40",
        "stars": "4.7",
        "ratings": "18 ",
        "img": "",
        "tags": [
            [
                "Musical Instrument Covers",
                "/browse/musical-instruments/musical-instrument-covers/7796869_6171829_5531649_1565288"
            ],
            [
                "PA Speakers",
                "/browse/musical-instruments/pa-speakers/7796869_3240467_4172282"
            ],
            [
                "Hand Percussion Bells & Chimes",
                "/browse/musical-instruments/hand-percussion-bells-chimes/7796869_7773339_6162621"
            ],
            [
                "Portable PA Speakers",
                "/browse/musical-instruments/portable-pa-speakers/7796869_3240467_6854867"
            ],
            [
                "Percussion Instruments Musical Classroom",
                "/browse/musical-instruments/percussion-instruments-musical-classroom/7796869_1097895_7087786"
            ],
            [
                "DJ Speakers",
                "/browse/musical-instruments/dj-speakers/7796869_1097690_6268144_8226217"
            ]
        ]
    }
]