[
    {
        "title": "The Beadery Wonder Loom Kit, Gift for Kids, Includes 600 Rubber Bands",
        "url": "https://www.walmart.com/ip/The-Beadery-Wonder-Loom-Kit-Gift-for-Kids-Includes-600-Rubber-Bands/30652494",
        "price": "$10.89",
        "stars": "4.3",
        "ratings": "296 ",
        "img": "i5.walmartimages.com/asr/19cf0b59-866e-4d85-968e-f4c555e2f68e_1.5e93c6e1602555cc92bcef573323000f.jpeg?odnWidth=612&odnHeight=612&odnBg=ffffff",
        "tags": [
            [
                "Costumes & Dress Up",
                "/browse/toys/costumes-dress-up/4171_4173_164142"
            ],
            [
                "Hair, Nail & Spa Toys",
                "/browse/toys/hair-nail-spa-toys/4171_645779_2990448"
            ],
            [
                "Cool Maker",
                "/browse/toys/cool-maker/4171_645779_3371021"
            ],
            [
                "Quilting & Sewing Kits",
                "/browse/toys/quilting-sewing-kits/4171_645779_6317337"
            ],
            [
                "Toys for Kids 5 to 7 Years",
                "/browse/toys/toys-for-kids-5-to-7-years/4171_3318550_617941_8920388"
            ],
            [
                "Knitting & Weaving Kits",
                "/browse/toys/knitting-weaving-kits/4171_645779_8985243"
            ],
            [
                "Children's Paint and Paint Supplies",
                "/browse/toys/childrens-paint-paint-supplies/4171_645779_9646901"
            ],
            [
                "All Kids Jewelry Making Kits",
                "/browse/toys/all-kids-jewelry-making-kits/4171_645779_9564789_9869340"
            ]
        ]
    },
    {
        "title": "Tulip\u00ae 5 Color One-Step Tie-Dye Kit Rainbow, Bright Colors, DIY Tie-Dye",
        "url": "https://www.walmart.com/ip/Tulip-5-Color-One-Step-Tie-Dye-Kit-Rainbow-Bright-Colors-DIY-Tie-Dye/36617926",
        "price": "$18.97",
        "stars": "4.6",
        "ratings": "19 ",
        "img": "i5.walmartimages.com/asr/30addd93-b5b2-4e99-bc22-219605c1eeb3_1.062fcc435e5f1af94b7c577d1a83ec2e.jpeg?odnWidth=612&odnHeight=612&odnBg=ffffff",
        "tags": [
            [
                "Hair, Nail & Spa Toys",
                "/browse/toys/hair-nail-spa-toys/4171_645779_2990448"
            ],
            [
                "Cool Maker",
                "/browse/toys/cool-maker/4171_645779_3371021"
            ],
            [
                "DIY Slime Kits",
                "/browse/toys/diy-slime-kits/4171_645779_2165088_6010655"
            ],
            [
                "Drawing & Coloring",
                "/browse/toys/drawing-coloring/4171_645779_613041"
            ],
            [
                "Toys for Kids 5 to 7 Years",
                "/browse/toys/toys-for-kids-5-to-7-years/4171_3318550_617941_8920388"
            ],
            [
                "Pre-Made Slime Shop",
                "/browse/toys/pre-made-slime-shop/4171_645779_2165088_9237203"
            ],
            [
                "Children's Paint and Paint Supplies",
                "/browse/toys/childrens-paint-paint-supplies/4171_645779_9646901"
            ],
            [
                "All Kids Jewelry Making Kits",
                "/browse/toys/all-kids-jewelry-making-kits/4171_645779_9564789_9869340"
            ]
        ]
    },
    {
        "title": "Kinetic Sand, Pave & Play Construction Set with Vehicle and 8oz Black Kinetic Sand, for Kids Aged 3 and up",
        "url": "https://www.walmart.com/ip/Kinetic-Sand-Pave-Play-Construction-Set-with-Vehicle-and-8oz-Black-Kinetic-Sand-for-Kids-Aged-3-and-up/836757377",
        "price": "$7.42",
        "stars": "3.0",
        "ratings": "1 ",
        "img": "i5.walmartimages.com/asr/c7979cf0-4975-44e3-b901-13f8589b1bbe.5241f650872f43c423f4e76dffb324b9.jpeg?odnWidth=612&odnHeight=612&odnBg=ffffff",
        "tags": [
            [
                "Shop All Car Tracks",
                "/browse/toys/shop-all-car-tracks/4171_1111647_132910_132968"
            ],
            [
                "All Sandboxes & Water Tables",
                "/browse/toys/all-sandboxes-water-tables/4171_14521_1999742_133062"
            ],
            [
                "Play-Doh Kitchen Creations",
                "/browse/toys/play-doh-kitchen-creations/4171_645779_9285153_3576437"
            ],
            [
                "Play Dough",
                "/browse/toys/play-dough/4171_645779_9285153_613042"
            ],
            [
                "Sand Toys",
                "/browse/toys/sand-toys/4171_14521_1999742_6241373"
            ],
            [
                "Kinetic Sand Bulk",
                "/browse/toys/kinetic-sand-bulk/4171_645779_9285153_8593922"
            ],
            [
                "Kinetic Sand",
                "/browse/toys/kinetic-sand/4171_645779_9285153_9528503"
            ],
            [
                "Play Sand",
                "/browse/toys/play-sand/4171_645779_9285153_9734670"
            ]
        ]
    },
    {
        "title": "FolkArt 50557E Paintbrush Set, Basecoating Brush Set, 2 Piece",
        "url": "https://www.walmart.com/ip/FolkArt-50557E-Paintbrush-Set-Basecoating-Brush-Set-2-Piece/17472605",
        "price": "$4.97",
        "stars": "4.4",
        "ratings": "5 ",
        "img": "i5.walmartimages.com/asr/50568f25-4cb2-449f-8ab1-bf044807d3fb_1.53a00787cf6e7e49f2516d5ae4cec814.jpeg?odnWidth=612&odnHeight=612&odnBg=ffffff",
        "tags": [
            [
                "DC Funko Pop",
                "/browse/toys/dc-funko-pop/4171_4172_4294413_3406310"
            ],
            [
                "Craft Kits",
                "/browse/toys/craft-kits/4171_645779_613040"
            ],
            [
                "Drawing & Coloring",
                "/browse/toys/drawing-coloring/4171_645779_613041"
            ],
            [
                "Toys for Kids 8 to 11 Years",
                "/browse/toys/toys-for-kids-8-to-11-years/4171_3318550_617942_8104028"
            ],
            [
                "Superman Funko Pop",
                "/browse/toys/superman-funko-pop/4171_4172_4294413_8451934"
            ],
            [
                "Glue for Slime",
                "/browse/toys/glue-for-slime/4171_645779_2165088_2131853_8604968"
            ],
            [
                "Toys for Kids 5 to 7 Years",
                "/browse/toys/toys-for-kids-5-to-7-years/4171_3318550_617941_8920388"
            ],
            [
                "All Kids Jewelry Making Kits",
                "/browse/toys/all-kids-jewelry-making-kits/4171_645779_9564789_9869340"
            ]
        ]
    },
    {
        "title": "Just My Style D.I.Y. Ultimate Jewelry Center, Arts & Crafts, 6+",
        "url": "https://www.walmart.com/ip/Just-My-Style-D-I-Y-Ultimate-Jewelry-Center-Arts-Crafts-6/236256983",
        "price": "$14.97",
        "stars": "4.2",
        "ratings": "23 ",
        "img": "i5.walmartimages.com/asr/6c845743-215b-451c-ae1a-869776bb4430_2.3a12fe26fe37a0b913225127187f25eb.jpeg?odnWidth=612&odnHeight=612&odnBg=ffffff",
        "tags": [
            [
                "Hair, Nail & Spa Toys",
                "/browse/toys/hair-nail-spa-toys/4171_645779_2990448"
            ],
            [
                "Cool Maker",
                "/browse/toys/cool-maker/4171_645779_3371021"
            ],
            [
                "SlimyGloop Slime",
                "/browse/toys/slimygloop-slime/4171_645779_2165088_4477093"
            ],
            [
                "DIY Slime Kits",
                "/browse/toys/diy-slime-kits/4171_645779_2165088_6010655"
            ],
            [
                "Toys for Kids 8 to 11 Years",
                "/browse/toys/toys-for-kids-8-to-11-years/4171_3318550_617942_8104028"
            ],
            [
                "Toys for Kids 5 to 7 Years",
                "/browse/toys/toys-for-kids-5-to-7-years/4171_3318550_617941_8920388"
            ],
            [
                "Children's Paint and Paint Supplies",
                "/browse/toys/childrens-paint-paint-supplies/4171_645779_9646901"
            ],
            [
                "All Kids Jewelry Making Kits",
                "/browse/toys/all-kids-jewelry-making-kits/4171_645779_9564789_9869340"
            ]
        ]
    },
    {
        "title": "LeapStart 2 Pack: Shapes and Colors, Around Town With PAW Patrol Books",
        "url": "https://www.walmart.com/ip/LeapStart-2-Pack-Shapes-and-Colors-Around-Town-With-PAW-Patrol-Books/433621967",
        "price": "$14.49",
        "stars": "4.8",
        "ratings": "25 ",
        "img": "i5.walmartimages.com/asr/23346507-7061-4c31-b1ed-4c1b247cc70f_1.de77b08bbfb3e59df53fc4f83853b0ee.jpeg?odnWidth=612&odnHeight=612&odnBg=ffffff",
        "tags": [
            [
                "Learning Playsets",
                "/browse/toys/learning-playsets/4171_56125_1228921"
            ],
            [
                "Science & Education",
                "/browse/toys/science-education/4171_56125_164140"
            ],
            [
                "Astronomy Toys for Kids",
                "/browse/toys/astronomy-toys-for-kids/4171_1229858_4194520"
            ],
            [
                "Learning Books",
                "/browse/toys/learning-books/4171_56125_645819"
            ],
            [
                "Learning Software",
                "/browse/toys/learning-software/4171_56125_645821"
            ],
            [
                "LeapFrog Learning Toys",
                "/browse/toys/leapfrog-learning-toys/4171_56125_6855455"
            ],
            [
                "PAW Patrol Toys",
                "/browse/toys/paw-patrol-toys/4171_3438149_8288276"
            ],
            [
                "Toys for Kids 5 to 7 Years",
                "/browse/toys/toys-for-kids-5-to-7-years/4171_3318550_617941_8920388"
            ]
        ]
    },
    {
        "title": "Melissa & Doug Finger Paint Paper Pad",
        "url": "https://www.walmart.com/ip/Melissa-Doug-Finger-Paint-Paper-Pad/39351861",
        "price": "$4.99",
        "stars": "5.0",
        "ratings": "13 ",
        "img": "",
        "tags": [
            [
                "Kid Art Easels & Stations",
                "/browse/toys/kid-art-easels-stations/4171_645779_1103012"
            ],
            [
                "Melissa & Doug Toys",
                "/browse/toys/melissa-doug-toys/4171_3438149_5908879"
            ],
            [
                "Craft Kits",
                "/browse/toys/craft-kits/4171_645779_613040"
            ],
            [
                "Play Dough",
                "/browse/toys/play-dough/4171_645779_9285153_613042"
            ],
            [
                "Magna Doodle",
                "/browse/toys/magna-doodle/4171_645779_6408170_6399778"
            ],
            [
                "Play Food",
                "/browse/toys/play-food/4171_4173_3287807_133035_7695360"
            ],
            [
                "Children's Paint and Paint Supplies",
                "/browse/toys/childrens-paint-paint-supplies/4171_645779_9646901"
            ]
        ]
    },
    {
        "title": "Premo! Sculpey Modeling Clay, 2 oz., 18K Gold",
        "url": "https://www.walmart.com/ip/Premo-Sculpey-Modeling-Clay-2-oz-18K-Gold/35647430",
        "price": "$5.45",
        "stars": "4.5",
        "ratings": "23 ",
        "img": "i5.walmartimages.com/asr/dd8ae2ae-679b-496f-8c05-032d80b3b8d1_1.9032a36555917e68e6a4be66e5d75178.jpeg?odnWidth=612&odnHeight=612&odnBg=ffffff",
        "tags": [
            [
                "Play-Doh",
                "/browse/toys/play-doh/4171_645779_9285153_2925360"
            ],
            [
                "Play-Doh Kitchen Creations",
                "/browse/toys/play-doh-kitchen-creations/4171_645779_9285153_3576437"
            ],
            [
                "Play-Doh Sets",
                "/browse/toys/play-doh-sets/4171_645779_9285153_5291460"
            ],
            [
                "Craft Kits",
                "/browse/toys/craft-kits/4171_645779_613040"
            ],
            [
                "Drawing & Coloring",
                "/browse/toys/drawing-coloring/4171_645779_613041"
            ],
            [
                "Play-Doh Licensed Sets",
                "/browse/toys/play-doh-licensed-sets/4171_645779_9285153_6910681"
            ],
            [
                "Crayola Dough, Clay & Slime",
                "/browse/toys/crayola-dough-clay-slime/4171_645779_9285153_8633676"
            ],
            [
                "Play-Doh Compound",
                "/browse/toys/play-doh-compound/4171_645779_9285153_9262776"
            ]
        ]
    },
    {
        "title": "Melissa & Doug Created by Me! Paint & Decorate Your Own Wooden Magnets Craft Kit For Kids 3 Pack \u2013 Butterflies, Hearts, Flowers (4 Each Set)",
        "url": "https://www.walmart.com/ip/Melissa-Doug-Created-by-Me-Paint-Decorate-Your-Own-Wooden-Magnets-Craft-Kit-For-Kids-3-Pack-Butterflies-Hearts-Flowers-4-Each-Set/893919602",
        "price": "$14.99",
        "stars": "4.8",
        "ratings": "8 ",
        "img": "i5.walmartimages.com/asr/8db0a63f-d4e1-4899-b9e8-983e24c91e29_1.6de06422ae6ef10b45be7a1c992a55c2.jpeg?odnWidth=612&odnHeight=612&odnBg=ffffff",
        "tags": [
            [
                "Sewing Kits",
                "/browse/arts-crafts-sewing/sewing-kits/1334134_1094704_1285621"
            ],
            [
                "Craft Kits for Teens",
                "/browse/arts-crafts-sewing/craft-kits-for-teens/1334134_6172404_7108348_4022952_2808534"
            ],
            [
                "Craft Kits for Kids",
                "/browse/arts-crafts-sewing/craft-kits-for-kids/1334134_6172404_7108348_4022952_3971378"
            ],
            [
                "Jewelry Making Kits",
                "/browse/arts-crafts-sewing/jewelry-making-kits/1334134_4533160_4974817"
            ],
            [
                "Scratchboards & Tools",
                "/browse/arts-crafts-sewing/scratchboards-tools/1334134_5899871_1350721_5217108"
            ],
            [
                "All Beading and Jewelry Making",
                "/browse/arts-crafts-sewing/all-beading-jewelry-making/1334134_4533160_6262436"
            ],
            [
                "Beading Kits",
                "/browse/arts-crafts-sewing/beading-kits/1334134_4533160_9799323_6322647"
            ],
            [
                "Art Sets",
                "/browse/arts-crafts-sewing/art-sets/1334134_5899871_7148292"
            ]
        ]
    },
    {
        "title": "Crayola Play 'N Fold 2-in-1 Art Studio Easel Desk With Stool & Storage",
        "url": "https://www.walmart.com/ip/Crayola-Play-N-Fold-2-in-1-Art-Studio-Easel-Desk-With-Stool-Storage/16928250",
        "price": "$44.99",
        "stars": "4.5",
        "ratings": "576 ",
        "img": "",
        "tags": [
            [
                "Costumes & Dress Up",
                "/browse/toys/costumes-dress-up/4171_4173_164142"
            ],
            [
                "Toys for Kids 2 to 4 Years",
                "/browse/toys/toys-for-kids-2-to-4-years/4171_3318550_7016108_4703344"
            ],
            [
                "Little Tikes Outdoor Play",
                "/browse/toys/little-tikes-outdoor-play/4171_3438149_4985035_5081478"
            ],
            [
                "Melissa & Doug Toys",
                "/browse/toys/melissa-doug-toys/4171_3438149_5908879"
            ],
            [
                "Little Tikes Sport Toys",
                "/browse/toys/little-tikes-sport-toys/4171_3438149_4985035_6073099"
            ],
            [
                "All Toy Sports Equipment",
                "/browse/toys/all-toy-sports-equipment/4171_14521_1699076_6100690"
            ],
            [
                "Craft Kits",
                "/browse/toys/craft-kits/4171_645779_613040"
            ],
            [
                "Drawing & Coloring",
                "/browse/toys/drawing-coloring/4171_645779_613041"
            ]
        ]
    },
    {
        "title": "Wilton Twist Quick Decorating Coupler, 4-Pieces",
        "url": "https://www.walmart.com/ip/Wilton-Twist-Quick-Decorating-Coupler-4-Pieces/36060989",
        "price": "$2.47",
        "stars": "4.4",
        "ratings": "32 ",
        "img": "i5.walmartimages.com/asr/f9b677a5-ec54-4a9f-beb4-0752438cb1a2_1.66dbbe253903e18cfd896c7733fdbd54.jpeg?odnWidth=612&odnHeight=612&odnBg=ffffff",
        "tags": [
            [
                "Wilton Icing and Decorations",
                "/browse/party-occasions/wilton-icing-decorations/2637_9489599_2275107"
            ],
            [
                "Decorating Tips",
                "/browse/party-occasions/decorating-tips/2637_1104398_3633827_2850736_3271451"
            ],
            [
                "Valentine's Day Treat Tools & Display",
                "/browse/party-occasions/valentines-day-treat-tools-display/2637_7939259_4294591_6654363"
            ],
            [
                "Decorating Kits & Sets",
                "/browse/party-occasions/decorating-kits-sets/2637_1104398_3633827_6670262"
            ],
            [
                "Basketball Treat Decorating",
                "/browse/party-occasions/basketball-treat-decorating/2637_4165966_7897700"
            ],
            [
                "Wilton Decorating Tools",
                "/browse/party-occasions/wilton-decorating-tools/2637_9489599_8161231"
            ],
            [
                "Black & White Decorative Baking",
                "/browse/party-occasions/black-white-decorative-baking/2637_1042319_1895000_9593942_9408092"
            ],
            [
                "Decorating Bags",
                "/browse/party-occasions/decorating-bags/2637_1104398_3633827_2850736_9544791"
            ]
        ]
    }
]