[
    {
        "title": "Parcheesi: Royal Edition",
        "url": "https://www.walmart.com/ip/Parcheesi-Royal-Edition/33359309",
        "price": "$19.99",
        "stars": "4.8",
        "ratings": "137 ",
        "img": "",
        "tags": [
            [
                "Shop Toys by Price",
                "/browse/shop-toys-by-price/4171_1263324"
            ],
            [
                "Family Games",
                "/browse/toys/family-games/4171_4191_2335373_2204878"
            ],
            [
                "All Board Games",
                "/browse/toys/all-board-games/4171_4191_133123_4497274"
            ],
            [
                "Monopoly",
                "/browse/toys/monopoly/4171_4191_133123_6792970"
            ],
            [
                "Toys for Kids 12 Years & Up",
                "/browse/toys/toys-for-kids-12-years-up/4171_3318550_1077724_6922509"
            ],
            [
                "Toys for Kids 8 to 11 Years",
                "/browse/toys/toys-for-kids-8-to-11-years/4171_3318550_617942_8104028"
            ],
            [
                "Toys for Kids 5 to 7 Years",
                "/browse/toys/toys-for-kids-5-to-7-years/4171_3318550_617941_8920388"
            ]
        ]
    },
    {
        "title": "Horrified: Universal Monsters Strategy Board Game, 1-5 Players, Ages 10+",
        "url": "https://www.walmart.com/ip/Horrified-Universal-Monsters-Strategy-Board-Game-1-5-Players-Ages-10/857636717",
        "price": "$26.24",
        "stars": "5.0",
        "ratings": "5 ",
        "img": "i5.walmartimages.com/asr/2eeafa29-958b-4670-ba15-666f8604d1fe_3.fd1df817cc73f8e4ed16caa6726dc9e7.jpeg?odnWidth=612&odnHeight=612&odnBg=ffffff",
        "tags": [
            [
                "Card Games",
                "/browse/toys/card-games/4171_4191_163842"
            ],
            [
                "All Board Games",
                "/browse/toys/all-board-games/4171_4191_133123_4497274"
            ],
            [
                "Party Games",
                "/browse/toys/party-games/4171_4191_5016956"
            ],
            [
                "Only at Walmart Games & Puzzles",
                "/browse/toys/only-at-walmart-games-puzzles/4171_4191_6786083"
            ],
            [
                "Monopoly",
                "/browse/toys/monopoly/4171_4191_133123_6792970"
            ],
            [
                "Toys for Kids 12 Years & Up",
                "/browse/toys/toys-for-kids-12-years-up/4171_3318550_1077724_6922509"
            ],
            [
                "Adult Games",
                "/browse/toys/adult-games/4171_4191_2335373_9523585"
            ]
        ]
    },
    {
        "title": "Beyblade Burst Rise Hypersphere Beystadium Game, Ages 8 and Up",
        "url": "https://www.walmart.com/ip/Beyblade-Burst-Rise-Hypersphere-Beystadium-Game-Ages-8-and-Up/284725887",
        "price": "$8.47",
        "stars": "4.5",
        "ratings": "44 ",
        "img": "i5.walmartimages.com/asr/b0fa8e5b-a49e-4201-b7e2-1b27de3e909f_1.2ad73d4e3afef550d1bd8789df71fc85.jpeg?odnWidth=612&odnHeight=612&odnBg=ffffff",
        "tags": [
            [
                "Beyblade & Bakugan",
                "/browse/toys/beyblade-bakugan/4171_4191_1652049"
            ],
            [
                "Beyblade Burst",
                "/browse/toys/beyblade-burst/4171_3438149_3025832_2529206"
            ],
            [
                "Dragon Toys",
                "/browse/toys/dragon-toys/4171_7357538_5461952"
            ],
            [
                "Beyblades",
                "/browse/toys/beyblades/4171_3438149_3025832_6422688"
            ],
            [
                "Beyblade Stadiums",
                "/browse/toys/beyblade-stadiums/4171_3438149_3025832_7683630"
            ],
            [
                "Beyblade Metal Fusion",
                "/browse/toys/beyblade-metal-fusion/4171_3438149_3025832_7974760"
            ],
            [
                "Beyblade Launchers",
                "/browse/toys/beyblade-launchers/4171_3438149_3025832_8296473"
            ],
            [
                "Beyblade Burst Turbo",
                "/browse/toys/beyblade-burst-turbo/4171_3438149_3025832_9774721"
            ]
        ]
    },
    {
        "title": "15\" Vintage Candy Gumball Machine & Bank with Stand by Great Northern Popcorn",
        "url": "https://www.walmart.com/ip/15-Vintage-Candy-Gumball-Machine-Bank-with-Stand-by-Great-Northern-Popcorn/492259328",
        "price": "$59.00",
        "stars": "4.4",
        "ratings": "31 ",
        "img": "i5.walmartimages.com/asr/de77af5a-f0f1-4091-a14e-46ec1539a00a_1.0d5af9eee1a246c8b5b60e6afa4eb336.jpeg?odnWidth=612&odnHeight=612&odnBg=ffffff",
        "tags": [
            [
                "Counter Organizers",
                "/browse/home/counter-organizers/4044_623679_1032619_1032621"
            ],
            [
                "Twin Loft Beds",
                "/browse/home/twin-loft-beds/4044_1154295_1155958_4960120_1972955"
            ],
            [
                "Shop All Food Storage Containers",
                "/browse/home/shop-all-food-storage-containers/4044_623679_1032619_5842891_2687119"
            ],
            [
                "Wood Bed Frames",
                "/browse/home/wood-bed-frames/4044_103150_102547_1612901_3222258"
            ],
            [
                "Shop All Popcorn Machines",
                "/browse/home/shop-all-popcorn-machines/4044_90548_90546_4257906_4112632"
            ],
            [
                "California King Bed Frames",
                "/browse/home/california-king-bed-frames/4044_103150_102547_1612901_6889818"
            ],
            [
                "Twin XL Bed Frames",
                "/browse/home/twin-xl-bed-frames/4044_103150_102547_1612901_9148467"
            ]
        ]
    },
    {
        "title": "Buffalo Games - Vivid Collection - Fairy Forest - 1000 Piece Jigsaw Puzzle",
        "url": "https://www.walmart.com/ip/Buffalo-Games-Vivid-Collection-Fairy-Forest-1000-Piece-Jigsaw-Puzzle/662736817",
        "price": "$10.97",
        "stars": 0,
        "ratings": 0,
        "img": "i5.walmartimages.com/asr/f88a4b5e-4d4d-4b54-871e-afdbf27b388c.4bf6031228698f6d989d4af04675786b.jpeg?odnWidth=612&odnHeight=612&odnBg=ffffff",
        "tags": []
    },
    {
        "title": "Ryan\u2019s Mystery Playdate Ultra Mystery Box, Ages 3+",
        "url": "https://www.walmart.com/ip/Ryan-s-Mystery-Playdate-Ultra-Mystery-Box-Ages-3/318630703",
        "price": "$29.20",
        "stars": "4.8",
        "ratings": "63 ",
        "img": "i5.walmartimages.com/asr/260fd1ac-07f5-454c-8220-c5732ef31906.e98adc7e1f5c6366403770953eb32ef7.jpeg?odnWidth=612&odnHeight=612&odnBg=ffffff",
        "tags": [
            [
                "All Preschool Action Figures & Playsets",
                "/browse/toys/all-preschool-action-figures-playsets/4171_4172_1574302_2852038"
            ],
            [
                "Ryan's World Action Figures",
                "/browse/toys/ryans-world-action-figures/4171_7144110_8472545_3924651"
            ],
            [
                "Kid Influencer Toys",
                "/browse/toys/kid-influencer-toys/4171_5178010_4158962"
            ],
            [
                "Only at Walmart Toys",
                "/browse/toys/only-at-walmart-toys/4171_6331649_4497497"
            ],
            [
                "Ryan's World Vehicles and Playsets",
                "/browse/toys/ryans-world-vehicles-playsets/4171_7144110_8472545_5491851"
            ],
            [
                "Ryan's World",
                "/browse/toys/ryans-world/4171_4172_1574302_7636877"
            ],
            [
                "Gag Gifts",
                "/browse/toys/gag-gifts/4171_5178010_8515861"
            ]
        ]
    },
    {
        "title": "Smashers Dino Ice Age Mini Surprise Egg by ZURU",
        "url": "https://www.walmart.com/ip/Smashers-Dino-Ice-Age-Mini-Surprise-Egg-by-ZURU/828579689",
        "price": "$9.97",
        "stars": "4.9",
        "ratings": "17 ",
        "img": "i5.walmartimages.com/asr/796542b6-1635-4a73-8f0a-7d349559dda0.5a94c330229466afce6f17bb5ea0e0fe.png?odnWidth=612&odnHeight=612&odnBg=ffffff",
        "tags": []
    },
    {
        "title": "Double 6 Ivory Domino Set Pro Size",
        "url": "https://www.walmart.com/ip/Double-6-Ivory-Domino-Set-Pro-Size/419849317",
        "price": "$12.89",
        "stars": "3.8",
        "ratings": "10 ",
        "img": "",
        "tags": [
            [
                "Card Games",
                "/browse/toys/card-games/4171_4191_163842"
            ],
            [
                "Classic Games",
                "/browse/toys/classic-games/4171_4191_2084995"
            ],
            [
                "Family Games",
                "/browse/toys/family-games/4171_4191_2335373_2204878"
            ],
            [
                "All Board Games",
                "/browse/toys/all-board-games/4171_4191_133123_4497274"
            ],
            [
                "Toys for Kids 5 to 7 Years",
                "/browse/toys/toys-for-kids-5-to-7-years/4171_3318550_617941_8920388"
            ],
            [
                "Baby Games",
                "/browse/toys/baby-games/4171_4191_2335373_9325198"
            ],
            [
                "Adult Games",
                "/browse/toys/adult-games/4171_4191_2335373_9523585"
            ]
        ]
    },
    {
        "title": "Pokemon Trading Card Game Spring Collectors Chest Tin",
        "url": "https://www.walmart.com/ip/Pokemon-Trading-Card-Game-Spring-Collectors-Chest-Tin/178547050",
        "price": "$24.95",
        "stars": "5.0",
        "ratings": "9 ",
        "img": "i5.walmartimages.com/asr/a1596c32-c91c-4dfd-b190-648653d8d6f9.20a0c8523c87c021f1c0ff240109a7af.jpeg?odnWidth=612&odnHeight=612&odnBg=ffffff",
        "tags": [
            [
                "Pokemon Collector's Tin",
                "/browse/toys/pokemon-collectors-tin/4171_4191_9807313_4252400_2810627"
            ],
            [
                "Detective Pikachu Toys",
                "/browse/toys/detective-pikachu-toys/4171_3438149_3727466"
            ],
            [
                "All Trading Cards",
                "/browse/toys/all-trading-cards/4171_4191_9807313_4193925"
            ],
            [
                "Pokemon TCG",
                "/browse/toys/pokemon-tcg/4171_4191_9807313_4252400_4532494"
            ],
            [
                "Pokemon Games",
                "/browse/toys/pokemon-games/4171_7357538_9574778_4713369"
            ],
            [
                "Pokemon Booster Box",
                "/browse/toys/pokemon-booster-box/4171_4191_9807313_4252400_7038039"
            ],
            [
                "Pokemon Trainer Box",
                "/browse/toys/pokemon-trainer-box/4171_4191_9807313_4252400_9331354"
            ],
            [
                "Pokemon Theme Decks",
                "/browse/toys/pokemon-theme-decks/4171_4191_9807313_4252400_9708712"
            ]
        ]
    },
    {
        "title": "Pokemon Sword & Shield 3- Darkness Ablaze Elite Trainer Box- 8 Booster Packs, 65 Cards, 45 Energy Cards, 6 Counter Dice,",
        "url": "https://www.walmart.com/ip/Pokemon-Sword-Shield-3-Darkness-Ablaze-Elite-Trainer-Box-8-Booster-Packs-65-Cards-45-Energy-Cards-6-Counter-Dice/800479873",
        "price": "$45.49",
        "stars": "3.9",
        "ratings": "8 ",
        "img": "i5.walmartimages.com/asr/02be4778-1e61-4e7d-8e5b-765af563eaba.1981249bebecbe1f4112b7b3ff0a5171.jpeg?odnWidth=612&odnHeight=612&odnBg=ffffff",
        "tags": []
    }
]