[
    {
        "title": "Disney Pixar Toy Story Buzz Lightyear Space Command Playset",
        "url": "https://www.walmart.com/ip/Disney-Pixar-Toy-Story-Buzz-Lightyear-Space-Command-Playset/761948053",
        "price": "$64.99",
        "stars": "4.4",
        "ratings": "19 ",
        "img": "i5.walmartimages.com/asr/482925ec-6ce2-4db7-b425-bb07b0a009eb_1.0e57a36cc8a647cde3983f1dc3fcd991.jpeg?odnWidth=612&odnHeight=612&odnBg=ffffff",
        "tags": [
            [
                "PJ Masks and Paw Patrol",
                "/browse/toys/pj-masks-paw-patrol/4171_1077545_1551562"
            ],
            [
                "All Preschool Action Figures & Playsets",
                "/browse/toys/all-preschool-action-figures-playsets/4171_4172_1574302_2852038"
            ],
            [
                "All Preschool Vehicles & Playsets",
                "/browse/toys/all-preschool-vehicles-playsets/4171_1111647_5858854_3439996"
            ],
            [
                "TV & Movie Playsets",
                "/browse/toys/tv-movie-playsets/4171_4172_9845227_4517984"
            ],
            [
                "Disney Action Figures",
                "/browse/toys/disney-action-figures/4171_4172_5217603"
            ],
            [
                "Fisher Price Preschool Toys",
                "/browse/toys/fisher-price-preschool-toys/4171_1077545_8882678"
            ],
            [
                "Imaginext Toy Story",
                "/browse/toys/imaginext-toy-story/4171_4172_1574302_9096511"
            ]
        ]
    },
    {
        "title": "Disney Pixar Toy Story 4 Barbie Doll with Movie-Inspired Details",
        "url": "https://www.walmart.com/ip/Disney-Pixar-Toy-Story-4-Barbie-Doll-with-Movie-Inspired-Details/705951782",
        "price": "$19.93",
        "stars": "4.4",
        "ratings": "22 ",
        "img": "i5.walmartimages.com/asr/f8b07674-3117-4eb7-9c55-cad7406d2ddf_1.d13a801ebafc7a628ab2ed863f115273.jpeg?odnWidth=612&odnHeight=612&odnBg=ffffff",
        "tags": [
            [
                "Barbie Careers",
                "/browse/toys/barbie-careers/4171_4187_1953337_8898526_1290769"
            ],
            [
                "Barbie Signature Dolls",
                "/browse/toys/barbie-signature-dolls/4171_4187_6904958_6158017"
            ],
            [
                "Barbie Collector",
                "/browse/toys/barbie-collector/4171_4187_1953337_8898526_6722288"
            ],
            [
                "Barbie Sisters, Friends, & Pets",
                "/browse/toys/barbie-sisters-friends-pets/4171_4187_1953337_8898526_6830678"
            ],
            [
                "All Barbie Dolls",
                "/browse/toys/all-barbie-dolls/4171_4187_1953337_8898526_7849876"
            ],
            [
                "Barbie Fashionistas",
                "/browse/toys/barbie-fashionistas/4171_4187_1953337_8898526_7986857"
            ],
            [
                "Barbie Doll Playsets",
                "/browse/toys/barbie-doll-playsets/4171_4187_1953337_8371277"
            ],
            [
                "All Barbie",
                "/browse/toys/all-barbie/4171_4187_1953337_8661247"
            ]
        ]
    },
    {
        "title": "Matchbox Color Changers Collectible Vehicle (Styles May Vary)",
        "url": "https://www.walmart.com/ip/Matchbox-Color-Changers-Collectible-Vehicle-Styles-May-Vary/664626360",
        "price": "$7.95",
        "stars": "2.9",
        "ratings": "9 ",
        "img": "i5.walmartimages.com/asr/d935d2ca-6d10-47bd-bec8-33ae1a366ffe_1.b17cc8736fc36640bd79a3e8af0e9509.jpeg?odnWidth=612&odnHeight=612&odnBg=ffffff",
        "tags": [
            [
                "Shop All Car Tracks",
                "/browse/toys/shop-all-car-tracks/4171_1111647_132910_132968"
            ],
            [
                "Shop All Cars Toys",
                "/browse/toys/shop-all-cars-toys/4171_7357538_4068885_3676568"
            ],
            [
                "Matchbox Cars & Trucks",
                "/browse/toys/matchbox-cars-trucks/4171_1111647_132910_4472469"
            ],
            [
                "Play Vehicles by Brand",
                "/browse/toys/play-vehicles-by-brand/4171_1111647_132910_4726205"
            ],
            [
                "All Hot Wheels Cars",
                "/browse/toys/all-hot-wheels-cars/4171_3438149_5657331_5114063_5595943"
            ],
            [
                "Car Toys",
                "/browse/toys/car-toys/4171_1111647_132910_7297605"
            ],
            [
                "Hot Wheels",
                "/browse/toys/hot-wheels/4171_3438149_8420675"
            ]
        ]
    },
    {
        "title": "Disney Princess Jigsaw Puzzles Set in Tower Box, Pack of 2 (Total 48pcs)",
        "url": "https://www.walmart.com/ip/Disney-Princess-Jigsaw-Puzzles-Set-in-Tower-Box-Pack-of-2-Total-48pcs/928906939",
        "price": "$9.75",
        "stars": 0,
        "ratings": 0,
        "img": "i5.walmartimages.com/asr/2fc71b9c-814b-49fd-a1f1-3ebf5b1a5075.210f9bea383d2f1ea872e14d009d49f6.jpeg?odnWidth=612&odnHeight=612&odnBg=ffffff",
        "tags": [
            [
                "Disney Princess Rideons",
                "/browse/seasonal/disney-princess-rideons/1085632_668399_8905754_6860268_1635689"
            ],
            [
                "Ariel Toys",
                "/browse/seasonal/ariel-toys/1085632_668399_8905754_4768298_3609053"
            ],
            [
                "Rapunzel - Tangled",
                "/browse/seasonal/rapunzel-tangled/1085632_668399_4463548_6860833"
            ],
            [
                "Cinderella Toys",
                "/browse/seasonal/cinderella-toys/1085632_668399_8905754_4768298_7053349"
            ],
            [
                "Mulan",
                "/browse/seasonal/mulan/1085632_668399_4463548_7595524"
            ],
            [
                "Belle Toys",
                "/browse/seasonal/belle-toys/1085632_668399_8905754_4768298_7927536"
            ],
            [
                "All Belle",
                "/browse/seasonal/all-belle/1085632_668399_4463548_5566183_8857679"
            ],
            [
                "All Cinderella",
                "/browse/seasonal/all-cinderella/1085632_668399_4463548_9828851_8867072"
            ]
        ]
    },
    {
        "title": "Disney Frozen 2 up and Active Olaf Snowflake Catch Game for Kids and Families",
        "url": "https://www.walmart.com/ip/Disney-Frozen-2-up-and-Active-Olaf-Snowflake-Catch-Game-for-Kids-and-Families/256950707",
        "price": "$9.43",
        "stars": "4.4",
        "ratings": "5 ",
        "img": "i5.walmartimages.com/asr/3d2e8d1b-8783-4624-9dcd-af74d7a02876_1.839817821bf8ce43a60530fb0ab92a99.jpeg?odnWidth=612&odnHeight=612&odnBg=ffffff",
        "tags": [
            [
                "Frozen Dolls & Dollhouses",
                "/browse/toys/frozen-dolls-dollhouses/4171_7357538_6091150_1817573"
            ],
            [
                "Frozen Dolls",
                "/browse/toys/frozen-dolls/4171_4187_8051423_2062169"
            ],
            [
                "Disney Frozen Plush Toys",
                "/browse/toys/disney-frozen-plush-toys/4171_2724815_2924243"
            ],
            [
                "Frozen Games & Puzzles",
                "/browse/toys/frozen-games-puzzles/4171_7357538_6091150_3595068"
            ],
            [
                "12+ Years",
                "/browse/toys/12-years/4171_2724815_4436782"
            ],
            [
                "All Board Games",
                "/browse/toys/all-board-games/4171_4191_133123_4497274"
            ],
            [
                "All Frozen Toys",
                "/browse/toys/all-frozen-toys/4171_7357538_6091150_4557348"
            ]
        ]
    },
    {
        "title": "Disney Junior TOTS (Tiny Ones Transport Service) Nursery Bath Station Playset",
        "url": "https://www.walmart.com/ip/Disney-Junior-TOTS-Tiny-Ones-Transport-Service-Nursery-Bath-Station-Playset/691136660",
        "price": "$29.99",
        "stars": "4.9",
        "ratings": "19 ",
        "img": "",
        "tags": []
    },
    {
        "title": "Dinnerwear Set Disney Frozen 26pc Dinnerware Tea Set",
        "url": "https://www.walmart.com/ip/Dinnerwear-Set-Disney-Frozen-26pc-Dinnerware-Tea-Set/177154281",
        "price": "$23.98",
        "stars": "5.0",
        "ratings": "3 ",
        "img": "",
        "tags": [
            [
                "Frozen Dolls & Dollhouses",
                "/browse/toys/frozen-dolls-dollhouses/4171_7357538_6091150_1817573"
            ],
            [
                "Frozen Dolls",
                "/browse/toys/frozen-dolls/4171_4187_8051423_2062169"
            ],
            [
                "Frozen Games & Puzzles",
                "/browse/toys/frozen-games-puzzles/4171_7357538_6091150_3595068"
            ],
            [
                "Kids Tea Sets",
                "/browse/toys/kids-tea-sets/4171_4173_3287807_133035_4377530"
            ],
            [
                "All Frozen Toys",
                "/browse/toys/all-frozen-toys/4171_7357538_6091150_4557348"
            ],
            [
                "Fisher Price Pretend Play",
                "/browse/toys/fisher-price-pretend-play/4171_4173_7354985"
            ],
            [
                "Toy Cookware Sets",
                "/browse/toys/toy-cookware-sets/4171_4173_3287807_133035_9245368"
            ]
        ]
    },
    {
        "title": "Funko POP! Disney: Mary Poppins - Mary with Bag",
        "url": "https://www.walmart.com/ip/Funko-POP-Disney-Mary-Poppins-Mary-with-Bag/245178748",
        "price": "$8.78",
        "stars": 0,
        "ratings": 0,
        "img": "i5.walmartimages.com/asr/5c3f1db2-be01-412d-a5e6-2a534dc31b87_1.b8f72a62f0d01866c6427c61e0e6dcae.png?odnWidth=612&odnHeight=612&odnBg=ffffff",
        "tags": [
            [
                "Aladdin Funko Pop",
                "/browse/toys/aladdin-funko-pop/4171_4172_4294413_4754582"
            ],
            [
                "Avengers Infinity War Funko Pop",
                "/browse/toys/avengers-infinity-war-funko-pop/4171_4172_4294413_5540462"
            ],
            [
                "Disney Funko Pop",
                "/browse/toys/disney-funko-pop/4171_4172_4294413_6491864"
            ],
            [
                "Stranger Things All Toys",
                "/browse/toys/stranger-things-all-toys/4171_7357538_3543750_6612531"
            ],
            [
                "Stranger Things Funko Pop",
                "/browse/toys/stranger-things-funko-pop/4171_7357538_3543750_7970893"
            ],
            [
                "Prince  Funko Pop",
                "/browse/toys/prince-funko-pop/4171_4172_4294413_9155014"
            ],
            [
                "Frozen Funko Pop",
                "/browse/toys/frozen-funko-pop/4171_4172_4294413_9323246"
            ],
            [
                "Snow White Funko Pop",
                "/browse/toys/snow-white-funko-pop/4171_4172_4294413_9806140"
            ]
        ]
    },
    {
        "title": "Pillow Pets Disney Frozen II Olaf Snowman Stuffed Animal Plush Toy",
        "url": "https://www.walmart.com/ip/Pillow-Pets-Disney-Frozen-II-Olaf-Snowman-Stuffed-Animal-Plush-Toy/302408622",
        "price": "$23.99",
        "stars": "4.8",
        "ratings": "64 ",
        "img": "i5.walmartimages.com/asr/5bb23361-b4b5-4dd1-beee-7689d36264cf_2.c917e0783824cbda425a04e0d55db4b5.jpeg?odnWidth=612&odnHeight=612&odnBg=ffffff",
        "tags": [
            [
                "All Stuffed Animals & Plush",
                "/browse/toys/all-stuffed-animals-plush/4171_2724815_132874"
            ],
            [
                "2 to 4 Years",
                "/browse/toys/2-to-4-years/4171_2724815_2170514"
            ],
            [
                "Pillow Pets",
                "/browse/toys/pillow-pets/4171_2724815_2938524"
            ],
            [
                "8 to 11 Years",
                "/browse/toys/8-to-11-years/4171_2724815_3925001"
            ],
            [
                "Stuffed Animals for Girls",
                "/browse/toys/stuffed-animals-for-girls/4171_2724815_3975865"
            ],
            [
                "12+ Years",
                "/browse/toys/12-years/4171_2724815_4436782"
            ],
            [
                "All Frozen Toys",
                "/browse/toys/all-frozen-toys/4171_7357538_6091150_4557348"
            ],
            [
                "5 to 7 Years",
                "/browse/toys/5-to-7-years/4171_2724815_9191313"
            ]
        ]
    },
    {
        "title": "Star Wars Lightsaber Academy Interactive Battle Lightsaber",
        "url": "https://www.walmart.com/ip/Star-Wars-Lightsaber-Academy-Interactive-Battle-Lightsaber/455172808",
        "price": "$34.99",
        "stars": "4.6",
        "ratings": "22 ",
        "img": "i5.walmartimages.com/asr/733a0084-b079-42ce-ac7c-23ef55c0aa8c_1.45417af4a2233396f7c91a05065840ab.jpeg?odnWidth=612&odnHeight=612&odnBg=ffffff",
        "tags": [
            [
                "Interactive Gaming Figures",
                "/browse/toys/interactive-gaming-figures/4171_4172_1228672"
            ],
            [
                "All Action Figures",
                "/browse/toys/all-action-figures/4171_4172_133130"
            ],
            [
                "Star Wars Action Figures",
                "/browse/toys/star-wars-action-figures/4171_4172_1606899"
            ],
            [
                "All Disney Toys",
                "/browse/toys/all-disney-toys/4171_6909449_1773797"
            ],
            [
                "All Action Role Play",
                "/browse/toys/all-action-role-play/4171_4172_4246921_4384098"
            ],
            [
                "Star Wars Toys",
                "/browse/toys/star-wars-toys/4171_7357538_4426623"
            ],
            [
                "Star Wars The Black Series",
                "/browse/toys/star-wars-the-black-series/4171_4172_7913525"
            ],
            [
                "Star Wars Role Play",
                "/browse/toys/star-wars-role-play/4171_4172_4246921_8372083"
            ]
        ]
    }
]