[
    {
        "title": "Nerf Star Wars Sith Trooper Blaster, Includes 5 Darts",
        "url": "https://www.walmart.com/ip/Nerf-Star-Wars-Sith-Trooper-Blaster-Includes-5-Darts/919501933",
        "price": "$39.99",
        "stars": "4.8",
        "ratings": "20 ",
        "img": "i5.walmartimages.com/asr/2eabd4cf-eb09-419f-8b68-c3a3d4b59c94_1.3f5c6970e488c0d224c0746ed054eb35.jpeg?odnWidth=612&odnHeight=612&odnBg=ffffff",
        "tags": [
            [
                "Shop All Star Wars",
                "/browse/shop-by-movie/shop-all-star-wars/5920738_1229472_1229780"
            ],
            [
                "The First Order",
                "/browse/shop-by-movie/the-first-order/5920738_1229472_7208084_4721463"
            ],
            [
                "Lightsabers",
                "/browse/shop-by-movie/lightsabers/5920738_1229472_6887474_6357153"
            ],
            [
                "Star Wars Vehicles",
                "/browse/shop-by-movie/star-wars-vehicles/5920738_1229472_7208084_7104114"
            ],
            [
                "Kylo Ren",
                "/browse/shop-by-movie/kylo-ren/5920738_1229472_7208084_8342531"
            ],
            [
                "Stormtrooper",
                "/browse/shop-by-movie/stormtrooper/5920738_1229472_7208084_8471547"
            ],
            [
                "Star Wars Costume Accessories",
                "/browse/shop-by-movie/star-wars-costume-accessories/5920738_1229472_4792803_9383912"
            ],
            [
                "Star Wars Episodes 7-9",
                "/browse/shop-by-movie/star-wars-episodes-7-9/5920738_1229472_2558562_9515423"
            ]
        ]
    },
    {
        "title": "Disney Jr T.O.T.S. Tickle & Toot Baby Mitsu the Monkey, 10-inch feature plush, Ages 3+",
        "url": "https://www.walmart.com/ip/Disney-Jr-T-O-T-S-Tickle-Toot-Baby-Mitsu-the-Monkey-10-inch-feature-plush-Ages-3/780589203",
        "price": "$11.98",
        "stars": "4.7",
        "ratings": "15 ",
        "img": "i5.walmartimages.com/asr/f194fadb-c020-41f1-9876-3da16ae6e45b.0c2e78be421013d7499f12949af9d0d0.jpeg?odnWidth=612&odnHeight=612&odnBg=ffffff",
        "tags": [
            [
                "All Stuffed Animals & Plush",
                "/browse/toys/all-stuffed-animals-plush/4171_2724815_132874"
            ],
            [
                "2 to 4 Years",
                "/browse/toys/2-to-4-years/4171_2724815_2170514"
            ],
            [
                "8 to 11 Years",
                "/browse/toys/8-to-11-years/4171_2724815_3925001"
            ],
            [
                "Stuffed Animals for Girls",
                "/browse/toys/stuffed-animals-for-girls/4171_2724815_3975865"
            ],
            [
                "Baby Doll Strollers",
                "/browse/toys/baby-doll-strollers/4171_4187_3415121_6958196"
            ],
            [
                "5 to 7 Years",
                "/browse/toys/5-to-7-years/4171_2724815_9191313"
            ],
            [
                "Stuffed Animals for Boys",
                "/browse/toys/stuffed-animals-for-boys/4171_2724815_9211121"
            ],
            [
                "Dolls Clothes and Accessories",
                "/browse/toys/dolls-clothes-accessories/4171_4187_9226108"
            ]
        ]
    },
    {
        "title": "Funko POP! Disney: Halloween - Spooky Mickey",
        "url": "https://www.walmart.com/ip/Funko-POP-Disney-Halloween-Spooky-Mickey/794264499",
        "price": "$15.00",
        "stars": "5.0",
        "ratings": "1 ",
        "img": "i5.walmartimages.com/asr/4b4075af-db3e-4d90-a6a3-9e8095232ad8.c45a27d3871d897c0448ed58865bc4ee.png?odnWidth=612&odnHeight=612&odnBg=ffffff",
        "tags": [
            [
                "Funko Pop Movies",
                "/browse/toys/funko-pop-movies/4171_4172_4294413_1742485"
            ],
            [
                "Hulk Funko Pop",
                "/browse/toys/hulk-funko-pop/4171_4172_4294413_2412839"
            ],
            [
                "The Nightmare Before Christmas",
                "/browse/toys/the-nightmare-before-christmas/4171_4172_4294413_2678821"
            ],
            [
                "Funko Collectibles",
                "/browse/toys/funko-collectibles/4171_2229239_8665809_2752400"
            ],
            [
                "Walmart Exclusive Funko Pop",
                "/browse/toys/walmart-exclusive-funko-pop/4171_4172_4294413_2884519"
            ],
            [
                "Only at Walmart Toys",
                "/browse/toys/only-at-walmart-toys/4171_6331649_4497497"
            ],
            [
                "X-Men Funko Pop",
                "/browse/toys/x-men-funko-pop/4171_4172_4294413_5866781"
            ],
            [
                "Disney Funko Pop",
                "/browse/toys/disney-funko-pop/4171_4172_4294413_6491864"
            ]
        ]
    },
    {
        "title": "Kiddieland Disney Mickey Mouse Clubhouse Plane Light and Sound Activity Ride-On",
        "url": "https://www.walmart.com/ip/Kiddieland-Disney-Mickey-Mouse-Clubhouse-Plane-Light-and-Sound-Activity-Ride-On/49242782",
        "price": "$50.51",
        "stars": "4.5",
        "ratings": "16 ",
        "img": "i5.walmartimages.com/asr/62b99b02-3487-4bf9-b97f-698c8a6ef451.18fbf2549743562e04b6f703fbe3d082.jpeg?odnWidth=612&odnHeight=612&odnBg=ffffff",
        "tags": [
            [
                "Push Cars",
                "/browse/toys/push-cars/4171_133073_6774653_4137853_1305849"
            ],
            [
                "All Disney Toys",
                "/browse/toys/all-disney-toys/4171_6909449_1773797"
            ],
            [
                "All Minnie Mouse Toys",
                "/browse/toys/all-minnie-mouse-toys/4171_7357538_8112673_2768272"
            ],
            [
                "All Powered Ride Ons",
                "/browse/toys/all-powered-ride-ons/4171_133073_6774653_8911690_3288692"
            ],
            [
                "Minnie Mouse Ride-Ons",
                "/browse/toys/minnie-mouse-ride-ons/4171_7357538_8112673_3834194"
            ],
            [
                "Foot to Floor Ride Ons",
                "/browse/toys/foot-to-floor-ride-ons/4171_133073_6774653_4137853_4927746"
            ],
            [
                "Toys for 1 year old",
                "/browse/toys/toys-for-1-year-old/4171_3318550_8469931_6921641"
            ],
            [
                "Ride Ons for Boys",
                "/browse/toys/ride-ons-for-boys/4171_1228478_3172813_7785372"
            ]
        ]
    },
    {
        "title": "Disney Pixar Cars Piston Cup Race 5-Pack Toy Racers",
        "url": "https://www.walmart.com/ip/Disney-Pixar-Cars-Piston-Cup-Race-5-Pack-Toy-Racers/633624731",
        "price": "$19.97",
        "stars": 0,
        "ratings": 0,
        "img": "",
        "tags": []
    },
    {
        "title": "Fold out toy organizer storage bag for girls - Ideal for toys, accessories and collectibles, such as: Barbie, Disney, LOL, Shopkins - Also great for arts & crafts, cupcake decorations, make-up, etc.",
        "url": "https://www.walmart.com/ip/Fold-toy-organizer-storage-bag-girls-Ideal-toys-accessories-collectibles-as-Barbie-Disney-LOL-Shopkins-Also-great-arts-crafts-cupcake-decorations-mak/617341143",
        "price": "$12.99",
        "stars": "4.6",
        "ratings": "9 ",
        "img": "i5.walmartimages.com/asr/39a3a8ab-ff7d-4815-b80e-ef64094457bc_1.4605399800056c074507f2f19ef864a5.jpeg?odnWidth=612&odnHeight=612&odnBg=ffffff",
        "tags": [
            [
                "Doll Clothes & Accessories",
                "/browse/toys/doll-clothes-accessories/4171_4187_1074304"
            ],
            [
                "Collectible Dolls",
                "/browse/toys/collectible-dolls/4171_4187_6904958_132911"
            ],
            [
                "Doll Clothing and Fashion Accessories",
                "/browse/toys/doll-clothing-fashion-accessories/4171_4187_4966840_2636876"
            ],
            [
                "Shopkins Dolls",
                "/browse/toys/shopkins-dolls/4171_4187_8051423_4390817"
            ],
            [
                "LOL Surprise Dolls",
                "/browse/toys/lol-surprise-dolls/4171_4187_2618388_5940516"
            ],
            [
                "All Barbie Dolls",
                "/browse/toys/all-barbie-dolls/4171_4187_1953337_8898526_7849876"
            ],
            [
                "All Barbie",
                "/browse/toys/all-barbie/4171_4187_1953337_8661247"
            ],
            [
                "Dolls Clothes and Accessories",
                "/browse/toys/dolls-clothes-accessories/4171_4187_9226108"
            ]
        ]
    },
    {
        "title": "Disney Pixar Toy Story 4 Alien Fishing Game",
        "url": "https://www.walmart.com/ip/Disney-Pixar-Toy-Story-4-Alien-Fishing-Game/736654858",
        "price": "$14.97",
        "stars": "2.9",
        "ratings": "8 ",
        "img": "i5.walmartimages.com/asr/e6f6de2f-813f-464d-b546-d2a88bdb5bfb_2.f485177a6374e666ed823ab8007df1d0.jpeg?odnWidth=612&odnHeight=612&odnBg=ffffff",
        "tags": [
            [
                "Card Games",
                "/browse/toys/card-games/4171_4191_163842"
            ],
            [
                "Family Games",
                "/browse/toys/family-games/4171_4191_2335373_2204878"
            ],
            [
                "All Preschool Action Figures & Playsets",
                "/browse/toys/all-preschool-action-figures-playsets/4171_4172_1574302_2852038"
            ],
            [
                "All Board Games",
                "/browse/toys/all-board-games/4171_4191_133123_4497274"
            ],
            [
                "Disney Action Figures",
                "/browse/toys/disney-action-figures/4171_4172_5217603"
            ],
            [
                "Fisher Price Preschool Toys",
                "/browse/toys/fisher-price-preschool-toys/4171_1077545_8882678"
            ],
            [
                "Imaginext Toy Story",
                "/browse/toys/imaginext-toy-story/4171_4172_1574302_9096511"
            ]
        ]
    },
    {
        "title": "Little People Disney Pixar Toy Story Ferris Wheel with Woody & Ducky",
        "url": "https://www.walmart.com/ip/Little-People-Disney-Pixar-Toy-Story-Ferris-Wheel-with-Woody-Ducky/432366261",
        "price": "$17.95",
        "stars": "4.7",
        "ratings": "47 ",
        "img": "i5.walmartimages.com/asr/751e205c-908f-44e2-8b63-92cba0179c99_1.10bfc62122448e588219a1a047006eb7.jpeg?odnWidth=612&odnHeight=612&odnBg=ffffff",
        "tags": [
            [
                "Ages 0-12 months",
                "/browse/baby/ages-0-12-months/5427_491351_1081264"
            ],
            [
                "12-18 Month Toys",
                "/browse/baby/12-18-month-toys/5427_491351_2793475"
            ],
            [
                "Baby Toys",
                "/browse/baby/baby-toys/5427_491351_3021491"
            ],
            [
                "Fisher Price Baby Toys",
                "/browse/baby/fisher-price-baby-toys/5427_491351_3913250"
            ],
            [
                "Fisher Price Electronic Baby Toys",
                "/browse/baby/fisher-price-electronic-baby-toys/5427_491351_6845286"
            ],
            [
                "Baby and Toddler Playsets",
                "/browse/baby/baby-toddler-playsets/5427_491351_8466232"
            ],
            [
                "Fisher Price Toddler",
                "/browse/fisher-price-toddler/5427_8667173"
            ],
            [
                "Vtech Baby and Toddler Toys",
                "/browse/baby/vtech-baby-toddler-toys/5427_491351_9427535"
            ]
        ]
    },
    {
        "title": "LEGO 4+ Toy Story 4 RV Vacation Building Set 10769 with Jessie & Rex Dinosaur Minifigure",
        "url": "https://www.walmart.com/ip/LEGO-4-Toy-Story-4-RV-Vacation-Building-Set-10769-with-Jessie-Rex-Dinosaur-Minifigure/481426523",
        "price": "$28.49",
        "stars": "4.6",
        "ratings": "12 ",
        "img": "i5.walmartimages.com/asr/fb2e32dd-9bb6-4049-9f31-56ee3f69a844.3b656d60e806566b71de0f54ee4e46fc.jpeg?odnWidth=612&odnHeight=612&odnBg=ffffff",
        "tags": [
            [
                "LEGO Easter Building Sets",
                "/browse/toys/lego-easter-building-sets/4171_4186_1105635_2668753"
            ],
            [
                "Building Toys Ages 5 to 7",
                "/browse/toys/building-toys-ages-5-to-7/4171_4186_3153072"
            ],
            [
                "LEGO Sets Ages 5 to 7",
                "/browse/toys/lego-sets-ages-5-to-7/4171_4186_1105635_3629987"
            ],
            [
                "Building Sets for Boys",
                "/browse/toys/building-sets-for-boys/4171_1228478_4255542"
            ],
            [
                "LEGO Sets Ages 12+",
                "/browse/toys/lego-sets-ages-12/4171_4186_1105635_4836372"
            ],
            [
                "LEGO 4+ Building Sets",
                "/browse/toys/lego-4-building-sets/4171_4186_1105635_6203226"
            ],
            [
                "LEGO City",
                "/browse/toys/lego-city/4171_4186_1105635_6519895"
            ],
            [
                "Toys for age  2-4  boys",
                "/browse/toys/toys-for-age-2-4-boys/4171_3318550_7016108_8955316"
            ]
        ]
    },
    {
        "title": "LEGO Art Star Wars The Sith 31200 Canvas Art Set Building Toy for Adults (3,406 Pieces)",
        "url": "https://www.walmart.com/ip/LEGO-Art-Star-Wars-The-Sith-31200-Canvas-Art-Set-Building-Toy-for-Adults-3-406-Pieces/608017711",
        "price": "$119.95",
        "stars": 0,
        "ratings": 0,
        "img": "i5.walmartimages.com/asr/c5ef630f-bf35-491a-8056-e0bb9d8e3d2c.74f76ed53ffc8e40a2da0699387a0357.jpeg?odnWidth=612&odnHeight=612&odnBg=ffffff",
        "tags": []
    }
]