[
    {
        "title": "PAW Patrol, Dino Rescue Marshall\u2019s Deluxe Rev Up Vehicle with Mystery Dinosaur Figure",
        "url": "https://www.walmart.com/ip/PAW-Patrol-Dino-Rescue-Marshall-s-Deluxe-Rev-Up-Vehicle-with-Mystery-Dinosaur-Figure/846896041",
        "price": "$12.97",
        "stars": "4.8",
        "ratings": "61 ",
        "img": "i5.walmartimages.com/asr/b34fae16-e61a-4764-901b-aca00b0b1a3e.8fccb25545da22d227c1f3342cc5ee42.jpeg?odnWidth=612&odnHeight=612&odnBg=ffffff",
        "tags": [
            [
                "Paw Patrol Toys",
                "/browse/toys/paw-patrol-toys/4171_7357538_1804970"
            ],
            [
                "PAW Patrol",
                "/browse/toys/paw-patrol/4171_4172_1574302_2726380"
            ],
            [
                "All Preschool Vehicles & Playsets",
                "/browse/toys/all-preschool-vehicles-playsets/4171_1111647_5858854_3439996"
            ],
            [
                "Paw Patrol",
                "/browse/toys/paw-patrol/4171_1111647_5084539"
            ],
            [
                "All Play Vehicles",
                "/browse/toys/all-play-vehicles/4171_1111647_132910_5519114"
            ],
            [
                "Dinosaur Toys",
                "/browse/toys/dinosaur-toys/4171_4172_6335762"
            ],
            [
                "PAW Patrol Toys",
                "/browse/toys/paw-patrol-toys/4171_3438149_8288276"
            ]
        ]
    },
    {
        "title": "Huffy Kyro 20\" BMX-Style Boys' Bike for Kids, Blue / Black Crackle",
        "url": "https://www.walmart.com/ip/Huffy-Kyro-20-BMX-Style-Boys-Bike-for-Kids-Blue-Black-Crackle/551599899",
        "price": "$88.00",
        "stars": "4.2",
        "ratings": "5 ",
        "img": "i5.walmartimages.com/asr/7fef6bb5-3f0f-4119-ba5d-1d5b3fa65a4c.20b3ba3132d0aa3d04d80bc2a800c1b9.jpeg?odnWidth=612&odnHeight=612&odnBg=ffffff",
        "tags": [
            [
                "All Kids' Bikes",
                "/browse/sports-outdoors/all-kids-bikes/4125_1081404_9240575_1085618"
            ],
            [
                "Huffy BMX Bikes",
                "/browse/sports-outdoors/huffy-bmx-bikes/4125_1081404_6972181_9379318_5152094"
            ],
            [
                "BMX Bikes",
                "/browse/sports-outdoors/bmx-bikes/4125_1081404_1230089_5753732"
            ],
            [
                "Bike Helmets",
                "/browse/sports-outdoors/bike-helmets/4125_1081404_7258752_6249551"
            ],
            [
                "Kids' Mountain Bikes",
                "/browse/sports-outdoors/kids-mountain-bikes/4125_1081404_9240575_6512934"
            ],
            [
                "Bicycles with Training Wheels",
                "/browse/sports-outdoors/bicycles-with-training-wheels/4125_1081404_9240575_7312004"
            ],
            [
                "Kids' BMX Bikes",
                "/browse/sports-outdoors/kids-bmx-bikes/4125_1081404_9240575_7577999"
            ],
            [
                "Huffy Kid's Bikes",
                "/browse/sports-outdoors/huffy-kids-bikes/4125_1081404_6972181_9379318_7984252"
            ]
        ]
    },
    {
        "title": "LeapFrog Blues Clues and You! Skidoo Into ABCs Book for Kids, Blue",
        "url": "https://www.walmart.com/ip/LeapFrog-Blues-Clues-and-You-Skidoo-Into-ABCs-Book-for-Kids-Blue/361816424",
        "price": "$21.99",
        "stars": "4.8",
        "ratings": "68 ",
        "img": "i5.walmartimages.com/asr/ec024aee-2f62-4b94-8855-92172b813d67_1.84824d50670f6caf3d5e46bade437d9f.jpeg?odnWidth=612&odnHeight=612&odnBg=ffffff",
        "tags": [
            [
                "All Stuffed Animals & Plush",
                "/browse/toys/all-stuffed-animals-plush/4171_2724815_132874"
            ],
            [
                "Science & Education",
                "/browse/toys/science-education/4171_56125_164140"
            ],
            [
                "8 to 11 Years",
                "/browse/toys/8-to-11-years/4171_2724815_3925001"
            ],
            [
                "Stuffed Animals for Girls",
                "/browse/toys/stuffed-animals-for-girls/4171_2724815_3975865"
            ],
            [
                "Blue's Clues Toys",
                "/browse/toys/blues-clues-toys/4171_7357538_6548877"
            ],
            [
                "LeapFrog Learning Toys",
                "/browse/toys/leapfrog-learning-toys/4171_56125_6855455"
            ],
            [
                "5 to 7 Years",
                "/browse/toys/5-to-7-years/4171_2724815_9191313"
            ],
            [
                "Stuffed Animals for Boys",
                "/browse/toys/stuffed-animals-for-boys/4171_2724815_9211121"
            ]
        ]
    },
    {
        "title": "Jurassic World Camp Cretaceous Isla Nublar Feeding Frenzy Indominus Rex With Lights And Sounds",
        "url": "https://www.walmart.com/ip/Jurassic-World-Camp-Cretaceous-Isla-Nublar-Feeding-Frenzy-Indominus-Rex-With-Lights-And-Sounds/782028240",
        "price": "$23.89",
        "stars": "4.6",
        "ratings": "21 ",
        "img": "i5.walmartimages.com/asr/30302e86-b0e7-4c54-a709-dcae28de60e1.52bf70c6fcfc3a047b83f7d3124d9b6b.jpeg?odnWidth=612&odnHeight=612&odnBg=ffffff",
        "tags": [
            [
                "All Action Figures",
                "/browse/toys/all-action-figures/4171_4172_133130"
            ],
            [
                "Imaginext Jurassic World",
                "/browse/toys/imaginext-jurassic-world/4171_4172_1574302_2693465"
            ],
            [
                "Walmart Exclusive Lego Sets",
                "/browse/toys/walmart-exclusive-lego-sets/4171_4186_1105635_2732692"
            ],
            [
                "All LEGO Sets",
                "/browse/toys/all-lego-sets/4171_4186_1105635_2927326"
            ],
            [
                "Dinosaur Toys",
                "/browse/toys/dinosaur-toys/4171_4172_6335762"
            ],
            [
                "Jurassic World Toys",
                "/browse/toys/jurassic-world-toys/4171_7357538_6982853"
            ],
            [
                "Toys for age  2-4  boys",
                "/browse/toys/toys-for-age-2-4-boys/4171_3318550_7016108_8955316"
            ],
            [
                "LEGO Jurassic World",
                "/browse/toys/lego-jurassic-world/4171_4186_1105635_8956649"
            ]
        ]
    },
    {
        "title": "Star Wars The Black Series Boba Fett Premium Electronic Helmet",
        "url": "https://www.walmart.com/ip/Star-Wars-The-Black-Series-Boba-Fett-Premium-Electronic-Helmet/399242575",
        "price": "$139.99",
        "stars": "4.7",
        "ratings": "15 ",
        "img": "i5.walmartimages.com/asr/211062c0-d3ba-4c1a-bea3-11d34aa1f60c_1.798f37bbc22ef7e339f5bfc627046ff7.jpeg?odnWidth=612&odnHeight=612&odnBg=ffffff",
        "tags": [
            [
                "Star Wars Action Figures",
                "/browse/toys/star-wars-action-figures/4171_4172_1606899"
            ],
            [
                "Trending Role Play",
                "/browse/toys/trending-role-play/4171_4172_4246921_2314859"
            ],
            [
                "All Action Role Play",
                "/browse/toys/all-action-role-play/4171_4172_4246921_4384098"
            ],
            [
                "Star Wars Toys",
                "/browse/toys/star-wars-toys/4171_7357538_4426623"
            ],
            [
                "Marvel Legends",
                "/browse/toys/marvel-legends/4171_4172_7030679"
            ],
            [
                "Star Wars The Black Series",
                "/browse/toys/star-wars-the-black-series/4171_4172_7913525"
            ],
            [
                "Star Wars Role Play",
                "/browse/toys/star-wars-role-play/4171_4172_4246921_8372083"
            ],
            [
                "Toys for age  2-4  boys",
                "/browse/toys/toys-for-age-2-4-boys/4171_3318550_7016108_8955316"
            ]
        ]
    },
    {
        "title": "LEGO Harry Potter Hogwarts Express 75955 Toy Model Train Building Set",
        "url": "https://www.walmart.com/ip/LEGO-Harry-Potter-Hogwarts-Express-75955-Toy-Model-Train-Building-Set/793845666",
        "price": "$63.99",
        "stars": "4.7",
        "ratings": "116 ",
        "img": "i5.walmartimages.com/asr/e1f05963-39e6-41cc-b277-e889c4d8e165_3.6c7b3018222ec12eb28d47e40964cac1.jpeg?odnWidth=612&odnHeight=612&odnBg=ffffff",
        "tags": [
            [
                "LEGO Easter Building Sets",
                "/browse/toys/lego-easter-building-sets/4171_4186_1105635_2668753"
            ],
            [
                "Lego Train Sets",
                "/browse/toys/lego-train-sets/4171_1111647_3019366"
            ],
            [
                "LEGO Sets Ages 12+",
                "/browse/toys/lego-sets-ages-12/4171_4186_1105635_4836372"
            ],
            [
                "Building Toys Ages 8 to 11",
                "/browse/toys/building-toys-ages-8-to-11/4171_4186_6416592"
            ],
            [
                "LEGO City",
                "/browse/toys/lego-city/4171_4186_1105635_6519895"
            ],
            [
                "LEGO Sets Ages 8 to 11",
                "/browse/toys/lego-sets-ages-8-to-11/4171_4186_1105635_6901070"
            ],
            [
                "LEGO Harry Potter",
                "/browse/toys/lego-harry-potter/4171_4186_1105635_8219029"
            ],
            [
                "Building Toys Ages 12+",
                "/browse/toys/building-toys-ages-12/4171_4186_9012439"
            ]
        ]
    },
    {
        "title": "Pokemon Assorted Lot of 50 Single Cards [Any Series]",
        "url": "https://www.walmart.com/ip/Pokemon-Assorted-Lot-of-50-Single-Cards-Any-Series/127446742",
        "price": "$7.80",
        "stars": "4.3",
        "ratings": "108 ",
        "img": "i5.walmartimages.com/asr/aa6ed747-9cd0-44dc-b927-44bc2b7e1ca7_1.62c435484d4015af1c325e9cdeeb3662.jpeg?odnWidth=612&odnHeight=612&odnBg=ffffff",
        "tags": [
            [
                "Pokemon Collector's Tin",
                "/browse/toys/pokemon-collectors-tin/4171_4191_9807313_4252400_2810627"
            ],
            [
                "All Trading Cards",
                "/browse/toys/all-trading-cards/4171_4191_9807313_4193925"
            ],
            [
                "Pokemon TCG",
                "/browse/toys/pokemon-tcg/4171_4191_9807313_4252400_4532494"
            ],
            [
                "Pokemon Games",
                "/browse/toys/pokemon-games/4171_7357538_9574778_4713369"
            ],
            [
                "Pokemon Booster Box",
                "/browse/toys/pokemon-booster-box/4171_4191_9807313_4252400_7038039"
            ],
            [
                "Pokemon All Trading Cards",
                "/browse/toys/pokemon-all-trading-cards/4171_4191_9807313_4252400_9497398"
            ]
        ]
    },
    {
        "title": "LeapFrog LeapStart Math in Action and Toys Save the Day Learning Book",
        "url": "https://www.walmart.com/ip/LeapFrog-LeapStart-Math-in-Action-and-Toys-Save-the-Day-Learning-Book/480507970",
        "price": "$14.99",
        "stars": "4.8",
        "ratings": "17 ",
        "img": "i5.walmartimages.com/asr/33e7baed-8da1-4ea9-8bfa-a70c4a88fb83_2.7a0f99dc71ae08bb8e3e6f6b59e8bcf2.jpeg?odnWidth=612&odnHeight=612&odnBg=ffffff",
        "tags": [
            [
                "Learning Playsets",
                "/browse/toys/learning-playsets/4171_56125_1228921"
            ],
            [
                "Science & Education",
                "/browse/toys/science-education/4171_56125_164140"
            ],
            [
                "Astronomy Toys for Kids",
                "/browse/toys/astronomy-toys-for-kids/4171_1229858_4194520"
            ],
            [
                "Learning Books",
                "/browse/toys/learning-books/4171_56125_645819"
            ],
            [
                "Learning Software",
                "/browse/toys/learning-software/4171_56125_645821"
            ],
            [
                "LeapFrog Learning Toys",
                "/browse/toys/leapfrog-learning-toys/4171_56125_6855455"
            ],
            [
                "PAW Patrol Toys",
                "/browse/toys/paw-patrol-toys/4171_3438149_8288276"
            ],
            [
                "Toys for Kids 5 to 7 Years",
                "/browse/toys/toys-for-kids-5-to-7-years/4171_3318550_617941_8920388"
            ]
        ]
    },
    {
        "title": "Godzilla vs Kong 11\" Giant Godzilla (XL) Figure",
        "url": "https://www.walmart.com/ip/Godzilla-vs-Kong-11-Giant-Godzilla-XL-Figure/392149788",
        "price": "$19.99",
        "stars": "4.8",
        "ratings": "41 ",
        "img": "i5.walmartimages.com/asr/0d42990d-e6df-43e4-8f8d-1e7d883591dd.456b69f378774a69c949284892bbb582.jpeg?odnWidth=612&odnHeight=612&odnBg=ffffff",
        "tags": [
            [
                "All Collectible Figures",
                "/browse/toys/all-collectible-figures/4171_2229239_1231181"
            ],
            [
                "Vinimate Vinyl Figures",
                "/browse/toys/vinimate-vinyl-figures/4171_9400636_8149853_4721702_1297990"
            ],
            [
                "All Action Figures",
                "/browse/toys/all-action-figures/4171_4172_133130"
            ],
            [
                "Godzilla Toys",
                "/browse/toys/godzilla-toys/4171_7357538_2744134"
            ],
            [
                "NECA",
                "/browse/toys/neca/4171_4172_3220270"
            ],
            [
                "Toys for Kids 2 to 4 Years",
                "/browse/toys/toys-for-kids-2-to-4-years/4171_3318550_7016108_4703344"
            ],
            [
                "Toys for Kids 12 Years & Up",
                "/browse/toys/toys-for-kids-12-years-up/4171_3318550_1077724_6922509"
            ],
            [
                "All Kids Costumes & Dress-Up",
                "/browse/toys/all-kids-costumes-dress-up/4171_4173_7421020_9055580"
            ]
        ]
    },
    {
        "title": "Jetson Plasma UL Certified Hoverboard w/ LED light up deck and wheels, Active Balance Technology, All Terrain Wheels, Black",
        "url": "https://www.walmart.com/ip/Jetson-Plasma-UL-Certified-Hoverboard-w-LED-light-up-deck-and-wheels-Active-Balance-Technology-All-Terrain-Wheels-Black/398578306",
        "price": "$148.00",
        "stars": "4.4",
        "ratings": "47 ",
        "img": "i5.walmartimages.com/asr/525b2b81-67c8-4aaf-b706-6bbb4a68b9d9.78796880e77fa53a24522ef8be0aeac3.jpeg?odnWidth=612&odnHeight=612&odnBg=ffffff",
        "tags": [
            [
                "All Hoverboards",
                "/browse/toys/all-hoverboards/4171_133073_6774653_3545894_2310222"
            ],
            [
                "Bluetooth Hoverboards",
                "/browse/toys/bluetooth-hoverboards/4171_133073_6774653_3545894_4437736"
            ],
            [
                "Jetson Ride Ons",
                "/browse/toys/jetson-ride-ons/4171_133073_6774653_6489011_4454354"
            ],
            [
                "Kid's Hoverboard",
                "/browse/toys/kids-hoverboard/4171_133073_6774653_3545894_5663741"
            ],
            [
                "Electric Transportation",
                "/browse/toys/electric-transportation/4171_133073_6221094"
            ],
            [
                "Adult Electric Scooter",
                "/browse/toys/adult-electric-scooter/4171_133073_6774653_4137853_3209634_7994546_6511135"
            ],
            [
                "Hoverboards for Girls",
                "/browse/toys/hoverboards-for-girls/4171_1228477_3574057_9929790"
            ]
        ]
    }
]