[
    {
        "title": "Polished Wood Type Electric Guitar Barrel DIY Electric Maple Guitar Barrel Body For TL Style Guitar",
        "url": "https://www.walmart.com/ip/Polished-Wood-Type-Electric-Guitar-Barrel-DIY-Electric-Maple-Guitar-Barrel-Body-For-TL-Style-Guitar/475753588",
        "price": "$31.98",
        "stars": 0,
        "ratings": 0,
        "img": "i5.walmartimages.com/asr/25d24064-6436-48c5-bb61-04d6190d3a72_1.6bbdd560b2db13574f1d6d03209b4708.jpeg?odnWidth=612&odnHeight=612&odnBg=ffffff",
        "tags": [
            [
                "Guitar Value Packs",
                "/browse/musical-instruments/guitar-value-packs/7796869_1097870_1398895"
            ],
            [
                "Sawtooth",
                "/browse/musical-instruments/sawtooth/7796869_3861023_5034780_1436331"
            ],
            [
                "Beginner Electric Guitars",
                "/browse/musical-instruments/beginner-electric-guitars/7796869_6789055_6387230_8078877_2417942"
            ],
            [
                "Advanced Electric Guitars",
                "/browse/musical-instruments/advanced-electric-guitars/7796869_6789055_8828380_7536912_3239344"
            ],
            [
                "Kids Electric Guitars",
                "/browse/musical-instruments/kids-electric-guitars/7796869_6789055_4839538_7416933_3948666"
            ],
            [
                "Lefty Guitars",
                "/browse/musical-instruments/lefty-guitars/7796869_1097870_4807298"
            ],
            [
                "Righty Guitars",
                "/browse/musical-instruments/righty-guitars/7796869_1097870_5486620"
            ],
            [
                "Kids Guitars",
                "/browse/musical-instruments/kids-guitars/7796869_1097870_9293077"
            ]
        ]
    },
    {
        "title": "Various Artist - 13 R&B #1 Hits 3 [CD]",
        "url": "https://www.walmart.com/ip/Various-Artist-13-R-B-1-Hits-3-CD/190886442",
        "price": "$9.78",
        "stars": 0,
        "ratings": 0,
        "img": "",
        "tags": [
            [
                "Guitar Accessories",
                "/browse/musical-instruments/guitar-accessories/7796869_6171829_6548527_1074445"
            ],
            [
                "All Brass Instruments",
                "/browse/musical-instruments/all-brass-instruments/7796869_3983498_6165534_1133472"
            ],
            [
                "Sheet Music Stands",
                "/browse/musical-instruments/sheet-music-stands/7796869_6171829_8289180_2461226"
            ],
            [
                "Woodwind Instrument Reeds",
                "/browse/musical-instruments/woodwind-instrument-reeds/7796869_6171829_3641090_2667222"
            ],
            [
                "Capos",
                "/browse/musical-instruments/capos/7796869_6171829_6548527_3960077"
            ],
            [
                "Clarinet Reeds",
                "/browse/musical-instruments/clarinet-reeds/7796869_6171829_3641090_4102470"
            ],
            [
                "Acoustic Dampers",
                "/browse/musical-instruments/acoustic-dampers/7796869_1097690_4775467"
            ],
            [
                "Foam Tiles",
                "/browse/musical-instruments/foam-tiles/7796869_3348689_8429891"
            ]
        ]
    },
    {
        "title": "Resin Reed Saxophone Strength 2.5 For Alto / Tenor / Soprano Sax Clarinet",
        "url": "https://www.walmart.com/ip/Resin-Reed-Saxophone-Strength-2-5-For-Alto-Tenor-Soprano-Sax-Clarinet/786524981",
        "price": "$5.72",
        "stars": 0,
        "ratings": 0,
        "img": "i5.walmartimages.com/asr/328ec1b9-52a4-4098-bd53-bf946d237f71_1.375c2757b4ba4ae216b06292f330afc5.jpeg?odnWidth=612&odnHeight=612&odnBg=ffffff",
        "tags": [
            [
                "Clarinets",
                "/browse/musical-instruments/clarinets/7796869_3983498_9087652_2101356"
            ],
            [
                "Woodwind Instruments Musical Classroom",
                "/browse/musical-instruments/woodwind-instruments-musical-classroom/7796869_1097895_2151646"
            ],
            [
                "Saxophones",
                "/browse/musical-instruments/saxophones/7796869_3983498_9087652_3596959"
            ],
            [
                "Hohner",
                "/browse/musical-instruments/hohner/7796869_3983498_2570492_4007950"
            ],
            [
                "Harmonicas",
                "/browse/musical-instruments/harmonicas/7796869_1097866_5504191"
            ],
            [
                "Classroom Musical Instruments",
                "/browse/musical-instruments/classroom-musical-instruments/7796869_1097895_9031018"
            ],
            [
                "Recorders",
                "/browse/musical-instruments/recorders/7796869_3983498_9087652_9144598"
            ],
            [
                "Flutes",
                "/browse/musical-instruments/flutes/7796869_3983498_9087652_9889000"
            ]
        ]
    },
    {
        "title": "Olympus ME-52W Noise Cancelling Microphone",
        "url": "https://www.walmart.com/ip/Olympus-ME-52W-Noise-Cancelling-Microphone/29222140",
        "price": "$17.99",
        "stars": "4.8",
        "ratings": "5 ",
        "img": "i5.walmartimages.com/asr/366a5146-e553-45d7-b5ca-0e281777f6b6_1.64094c4880020c87a9ea5289143e6ca0.jpeg?odnWidth=612&odnHeight=612&odnBg=ffffff",
        "tags": [
            [
                "Dynamic Microphones",
                "/browse/musical-instruments/dynamic-microphones/7796869_3348689_133194_3930897"
            ],
            [
                "Podcasting Bundles",
                "/browse/musical-instruments/podcasting-bundles/7796869_3348689_133194_6485637"
            ],
            [
                "Karaoke Machine Accessories",
                "/browse/musical-instruments/karaoke-machine-accessories/7796869_6745708_6264579_7488727"
            ],
            [
                "Condenser Microphones",
                "/browse/musical-instruments/condenser-microphones/7796869_3348689_133194_8159030"
            ],
            [
                "Wireless Microphones",
                "/browse/musical-instruments/wireless-microphones/7796869_3348689_133194_8249540"
            ],
            [
                "Lavalier Microphones",
                "/browse/musical-instruments/lavalier-microphones/7796869_3348689_133194_8599467"
            ],
            [
                "Stands and Booms",
                "/browse/musical-instruments/stands-booms/7796869_3348689_133194_9060460"
            ],
            [
                "USB Microphones",
                "/browse/musical-instruments/usb-microphones/7796869_3348689_133194_9889680"
            ]
        ]
    },
    {
        "title": "8-Note Colorful Xylophone Glockenspiel with Wooden Mallets Percussion Musical Instrument Toy Gift for Kids Children",
        "url": "https://www.walmart.com/ip/8-Note-Colorful-Xylophone-Glockenspiel-with-Wooden-Mallets-Percussion-Musical-Instrument-Toy-Gift-for-Kids-Children/443866238",
        "price": "$8.79",
        "stars": 0,
        "ratings": 0,
        "img": "i5.walmartimages.com/asr/ad12d3cf-43bb-4122-8b06-f3e6d4f2ab8c_1.0f73a13c68ba14470747f487597ac2b8.jpeg?odnWidth=612&odnHeight=612&odnBg=ffffff",
        "tags": []
    },
    {
        "title": "Outtop Girls Boys Microphone Mic Karaoke Singing Kid Funny Gift Music Toy BK",
        "url": "https://www.walmart.com/ip/Outtop-Girls-Boys-Microphone-Mic-Karaoke-Singing-Kid-Funny-Gift-Music-Toy-BK/605872888",
        "price": "$7.63",
        "stars": "1.0",
        "ratings": "1 ",
        "img": "i5.walmartimages.com/asr/618e6dac-6923-4f4d-9342-c4912a90c0ed_1.8e221f9c319bd6a73dd90c7166c36440.jpeg?odnWidth=612&odnHeight=612&odnBg=ffffff",
        "tags": [
            [
                "All Karaoke Machines",
                "/browse/musical-instruments/all-karaoke-machines/7796869_6745708_106984"
            ],
            [
                "Children's Karaoke Machines",
                "/browse/musical-instruments/childrens-karaoke-machines/7796869_6745708_8759860_3030858"
            ],
            [
                "Karaoke Systems",
                "/browse/musical-instruments/karaoke-systems/7796869_6745708_3216373_3079240"
            ],
            [
                "Dynamic Microphones",
                "/browse/musical-instruments/dynamic-microphones/7796869_3348689_133194_3930897"
            ],
            [
                "Shop All Microphones",
                "/browse/musical-instruments/shop-all-microphones/7796869_3348689_133194_6519431"
            ],
            [
                "Shop Karaoke Machine by Price",
                "/browse/musical-instruments/shop-karaoke-machine-by-price/7796869_6745708_6907838"
            ],
            [
                "Wireless Microphones",
                "/browse/musical-instruments/wireless-microphones/7796869_3348689_133194_8249540"
            ]
        ]
    },
    {
        "title": "Jim Dunlop 15R Adamas Picks -- 12 picks",
        "url": "https://www.walmart.com/ip/Jim-Dunlop-15R-Adamas-Picks-12-picks/817211795",
        "price": "$11.78",
        "stars": "5.0",
        "ratings": "1 ",
        "img": "",
        "tags": [
            [
                "Musical Instrument Covers",
                "/browse/musical-instruments/musical-instrument-covers/7796869_6171829_5531649_1565288"
            ],
            [
                "Acoustic Guitar Strings",
                "/browse/musical-instruments/acoustic-guitar-strings/7796869_6171829_6548527_1819793_2056913"
            ],
            [
                "D'Addario",
                "/browse/musical-instruments/daddario/7796869_3861023_5277933"
            ],
            [
                "Ernie Ball",
                "/browse/musical-instruments/ernie-ball/7796869_3861023_5708336"
            ],
            [
                "Instrument Strings",
                "/browse/musical-instruments/instrument-strings/7796869_6171829_2128409_9702093"
            ]
        ]
    },
    {
        "title": "Lyons Classic American Kazoos 5-pack",
        "url": "https://www.walmart.com/ip/Lyons-Classic-American-Kazoos-5-pack/24192563",
        "price": "$4.95",
        "stars": "3.6",
        "ratings": "8 ",
        "img": "i5.walmartimages.com/asr/4d801f57-4317-4c4f-94bf-6ed6e9f0a5e9_1.d1ac81bb14743e005faf2673ab45cd95.jpeg?odnWidth=612&odnHeight=612&odnBg=ffffff",
        "tags": [
            [
                "All Woodwind Instruments",
                "/browse/musical-instruments/all-woodwind-instruments/7796869_3983498_9087652_1141074"
            ],
            [
                "Acoustic Guitars",
                "/browse/musical-instruments/acoustic-guitars/7796869_1097870_1680603"
            ],
            [
                "Kazoos",
                "/browse/musical-instruments/kazoos/7796869_1097866_5253598"
            ],
            [
                "String Instruments Musical Classroom",
                "/browse/musical-instruments/string-instruments-musical-classroom/7796869_1097895_5381069"
            ],
            [
                "Harmonicas",
                "/browse/musical-instruments/harmonicas/7796869_1097866_5504191"
            ],
            [
                "Nylon-String Guitars",
                "/browse/musical-instruments/nylon-string-guitars/7796869_1097870_7416771"
            ],
            [
                "Classroom Musical Instruments",
                "/browse/musical-instruments/classroom-musical-instruments/7796869_1097895_9031018"
            ],
            [
                "Recorders",
                "/browse/musical-instruments/recorders/7796869_3983498_9087652_9144598"
            ]
        ]
    },
    {
        "title": "Rico Cork Grease",
        "url": "https://www.walmart.com/ip/Rico-Cork-Grease/48843451",
        "price": "$5.71",
        "stars": "5.0",
        "ratings": "2 ",
        "img": "i5.walmartimages.com/asr/c96346c4-f4ac-489a-b733-5b5afaeb964c_1.93866c462de58fa0ed4e8ddc0027ff68.jpeg?odnWidth=612&odnHeight=612&odnBg=ffffff",
        "tags": [
            [
                "All Brass Instruments",
                "/browse/musical-instruments/all-brass-instruments/7796869_3983498_6165534_1133472"
            ],
            [
                "Sheet Music Stands",
                "/browse/musical-instruments/sheet-music-stands/7796869_6171829_8289180_2461226"
            ],
            [
                "Woodwind Instrument Reeds",
                "/browse/musical-instruments/woodwind-instrument-reeds/7796869_6171829_3641090_2667222"
            ],
            [
                "Capos",
                "/browse/musical-instruments/capos/7796869_6171829_6548527_3960077"
            ],
            [
                "Clarinet Reeds",
                "/browse/musical-instruments/clarinet-reeds/7796869_6171829_3641090_4102470"
            ],
            [
                "D'Addario",
                "/browse/musical-instruments/daddario/7796869_3861023_5277933"
            ],
            [
                "Foam Tiles",
                "/browse/musical-instruments/foam-tiles/7796869_3348689_8429891"
            ],
            [
                "Grease",
                "/browse/musical-instruments/grease/7796869_6171829_2128409_9152503"
            ]
        ]
    },
    {
        "title": "Remo Tambourine, 10\" - QUADURA Black",
        "url": "https://www.walmart.com/ip/Remo-Tambourine-10-QUADURA-Black/10298436",
        "price": "$24.95",
        "stars": "4.8",
        "ratings": "4 ",
        "img": "i5.walmartimages.com/asr/4e8b611d-9192-4c6d-bd33-1d2292af769c_1.42c1601e5842a23596f65c2cb8f3a8d6.jpeg?odnWidth=612&odnHeight=612&odnBg=ffffff",
        "tags": [
            [
                "All Drums & Percussion",
                "/browse/musical-instruments/all-drums-percussion/7796869_7773339_106986"
            ],
            [
                "World Percussion",
                "/browse/musical-instruments/world-percussion/7796869_7773339_1097857"
            ],
            [
                "Bodhrans and Frame Drums",
                "/browse/musical-instruments/bodhrans-frame-drums/7796869_2250639_5155425_1496352"
            ],
            [
                "Drum Replacement Parts",
                "/browse/musical-instruments/drum-replacement-parts/7796869_6171829_3743165_6300338"
            ],
            [
                "Sound Percussion Labs",
                "/browse/musical-instruments/sound-percussion-labs/7796869_3861023_6750147"
            ],
            [
                "Tambourines",
                "/browse/musical-instruments/tambourines/7796869_7773339_6813846"
            ],
            [
                "Percussion Instruments Musical Classroom",
                "/browse/musical-instruments/percussion-instruments-musical-classroom/7796869_1097895_7087786"
            ],
            [
                "Classroom Musical Instruments",
                "/browse/musical-instruments/classroom-musical-instruments/7796869_1097895_9031018"
            ]
        ]
    }
]