[
    {
        "title": "Transformers Authentic Decepticon Starscream",
        "url": "https://www.walmart.com/ip/Transformers-Authentic-Decepticon-Starscream/458045472",
        "price": "$19.98",
        "stars": 0,
        "ratings": 0,
        "img": "i5.walmartimages.com/asr/6ca961dc-ab7a-49f9-914f-370940daa691_1.9d6c64ac13fa58cda01aab8891636108.jpeg?odnWidth=612&odnHeight=612&odnBg=ffffff",
        "tags": [
            [
                "All Collectible Figures",
                "/browse/toys/all-collectible-figures/4171_2229239_1231181"
            ],
            [
                "Transformers Megatron Action Figures",
                "/browse/toys/transformers-megatron-action-figures/4171_4172_1261291"
            ],
            [
                "Transformers Bumblebee Action Figures",
                "/browse/toys/transformers-bumblebee-action-figures/4171_4172_2378689"
            ],
            [
                "Transformers Action Figures",
                "/browse/toys/transformers-action-figures/4171_7357538_2510286"
            ],
            [
                "Transformers Toys",
                "/browse/toys/transformers-toys/4171_4172_2616268"
            ],
            [
                "Transformers Optimus Prime Action Figures",
                "/browse/toys/transformers-optimus-prime-action-figures/4171_4172_5297444"
            ],
            [
                "Transformers Studio Series",
                "/browse/toys/transformers-studio-series/4171_4172_5647346"
            ],
            [
                "Transformers Bumblebee Cyberverse Adventure Action Figures",
                "/browse/toys/transformers-bumblebee-cyberverse-adventure-action-figures/4171_4172_7857064"
            ]
        ]
    },
    {
        "title": "Marvel Legends Series Weapon X 6-inch Collectible Action Figure Toy",
        "url": "https://www.walmart.com/ip/Marvel-Legends-Series-Weapon-X-6-inch-Collectible-Action-Figure-Toy/456522524",
        "price": "$18.84",
        "stars": "4.8",
        "ratings": "5 ",
        "img": "i5.walmartimages.com/asr/6074c828-8876-42c0-a177-1e9fd28f1d93_1.9880342c069b8c03fdda3afd20e38784.jpeg?odnWidth=612&odnHeight=612&odnBg=ffffff",
        "tags": [
            [
                "All Collectible Figures",
                "/browse/toys/all-collectible-figures/4171_2229239_1231181"
            ],
            [
                "Transformers Toys",
                "/browse/toys/transformers-toys/4171_4172_2616268"
            ],
            [
                "Avengers Action Figures",
                "/browse/toys/avengers-action-figures/4171_4172_4065038"
            ],
            [
                "Deadpool Action Figures",
                "/browse/toys/deadpool-action-figures/4171_4172_5616255"
            ],
            [
                "Transformers Studio Series",
                "/browse/toys/transformers-studio-series/4171_4172_5647346"
            ],
            [
                "Marvel Legends",
                "/browse/toys/marvel-legends/4171_4172_7030679"
            ],
            [
                "Spider-Man Action Figures",
                "/browse/toys/spider-man-action-figures/4171_4172_8141389"
            ],
            [
                "Marvel Action Figures",
                "/browse/toys/marvel-action-figures/4171_4172_9404197"
            ]
        ]
    },
    {
        "title": "Transformers Toys Cyberverse Spark Armor Prowl Action Figure",
        "url": "https://www.walmart.com/ip/Transformers-Toys-Cyberverse-Spark-Armor-Prowl-Action-Figure/639759961",
        "price": "$14.90",
        "stars": "3.0",
        "ratings": "2 ",
        "img": "i5.walmartimages.com/asr/a5ee280f-f8cf-4001-9e8f-35c10e64faad_1.cf096385d1dd9afef01d220557b52ccb.jpeg?odnWidth=612&odnHeight=612&odnBg=ffffff",
        "tags": [
            [
                "Transformers Megatron Action Figures",
                "/browse/toys/transformers-megatron-action-figures/4171_4172_1261291"
            ],
            [
                "Transformers Botbots",
                "/browse/toys/transformers-botbots/4171_4172_1507351"
            ],
            [
                "Trending Role Play",
                "/browse/toys/trending-role-play/4171_4172_4246921_2314859"
            ],
            [
                "Transformers Bumblebee Action Figures",
                "/browse/toys/transformers-bumblebee-action-figures/4171_4172_2378689"
            ],
            [
                "Transformers Toys",
                "/browse/toys/transformers-toys/4171_4172_2616268"
            ],
            [
                "Transformers Optimus Prime Action Figures",
                "/browse/toys/transformers-optimus-prime-action-figures/4171_4172_5297444"
            ],
            [
                "Transformers Studio Series",
                "/browse/toys/transformers-studio-series/4171_4172_5647346"
            ],
            [
                "Transformers Bumblebee Cyberverse Adventure Action Figures",
                "/browse/toys/transformers-bumblebee-cyberverse-adventure-action-figures/4171_4172_7857064"
            ]
        ]
    },
    {
        "title": "Transformers: Autobots Unite Legion 2-Pack Optimus Prime & Ravenspar",
        "url": "https://www.walmart.com/ip/Transformers-Autobots-Unite-Legion-2-Pack-Optimus-Prime-Ravenspar/636434306",
        "price": "$10.90",
        "stars": "5.0",
        "ratings": "4 ",
        "img": "i5.walmartimages.com/asr/b6f558e0-4674-4b45-8af2-ba3d0a1c52e2_1.e600481bc005a23879943f9330719eda.jpeg?odnWidth=612&odnHeight=612&odnBg=ffffff",
        "tags": [
            [
                "Transformers Megatron Action Figures",
                "/browse/toys/transformers-megatron-action-figures/4171_4172_1261291"
            ],
            [
                "Transformers Bumblebee Action Figures",
                "/browse/toys/transformers-bumblebee-action-figures/4171_4172_2378689"
            ],
            [
                "Transformers Action Figures",
                "/browse/toys/transformers-action-figures/4171_7357538_2510286"
            ],
            [
                "Transformers Toys",
                "/browse/toys/transformers-toys/4171_4172_2616268"
            ],
            [
                "Transformers Optimus Prime Action Figures",
                "/browse/toys/transformers-optimus-prime-action-figures/4171_4172_5297444"
            ],
            [
                "Transformers Studio Series",
                "/browse/toys/transformers-studio-series/4171_4172_5647346"
            ],
            [
                "Transformers Bumblebee Cyberverse Adventure Action Figures",
                "/browse/toys/transformers-bumblebee-cyberverse-adventure-action-figures/4171_4172_7857064"
            ],
            [
                "Playskool Transformers",
                "/browse/toys/playskool-transformers/4171_4172_1574302_9342581"
            ]
        ]
    },
    {
        "title": "Transformers Rescue Bots Academy Whirl the Flight-Bot Converting Toy",
        "url": "https://www.walmart.com/ip/Transformers-Rescue-Bots-Academy-Whirl-the-Flight-Bot-Converting-Toy/443676282",
        "price": "$7.88",
        "stars": 0,
        "ratings": 0,
        "img": "i5.walmartimages.com/asr/0676048b-2dad-498a-9023-73cc1a953830_1.08153ead390c7b1734a29d1412af6a67.jpeg?odnWidth=612&odnHeight=612&odnBg=ffffff",
        "tags": [
            [
                "Transformers Bumblebee Action Figures",
                "/browse/toys/transformers-bumblebee-action-figures/4171_4172_2378689"
            ],
            [
                "Transformers Toys",
                "/browse/toys/transformers-toys/4171_4172_2616268"
            ],
            [
                "All Preschool Action Figures & Playsets",
                "/browse/toys/all-preschool-action-figures-playsets/4171_4172_1574302_2852038"
            ],
            [
                "Playskool",
                "/browse/toys/playskool/4171_4172_1574302_5163095"
            ],
            [
                "Transformers Optimus Prime Action Figures",
                "/browse/toys/transformers-optimus-prime-action-figures/4171_4172_5297444"
            ],
            [
                "Toddler Boy Toys",
                "/browse/toys/toddler-boy-toys/4171_3318550_8469931_7166821"
            ],
            [
                "Transformers Bumblebee Cyberverse Adventure Action Figures",
                "/browse/toys/transformers-bumblebee-cyberverse-adventure-action-figures/4171_4172_7857064"
            ],
            [
                "Playskool Transformers",
                "/browse/toys/playskool-transformers/4171_4172_1574302_9342581"
            ]
        ]
    },
    {
        "title": "Funko POP! TV Stranger Things: Eleven in Mall Outfit, Vinyl Figure",
        "url": "https://www.walmart.com/ip/Funko-POP-TV-Stranger-Things-Eleven-in-Mall-Outfit-Vinyl-Figure/654527021",
        "price": "$8.78",
        "stars": "4.8",
        "ratings": "4 ",
        "img": "i5.walmartimages.com/asr/571470e3-b71d-4324-8aa1-33763bbb6ed7_1.ce73c8bd6ed030ce0635c8d2f3b406bf.png?odnWidth=612&odnHeight=612&odnBg=ffffff",
        "tags": [
            [
                "Mike",
                "/browse/shop-by-tv-show/mike/5984018_2835529_4534932_1595548"
            ],
            [
                "Steve",
                "/browse/shop-by-tv-show/steve/5984018_2835529_4534932_1765497"
            ],
            [
                "Eleven",
                "/browse/shop-by-tv-show/eleven/5984018_2835529_4534932_3463472"
            ],
            [
                "Jim Hopper",
                "/browse/shop-by-tv-show/jim-hopper/5984018_2835529_4534932_5604541"
            ],
            [
                "Will",
                "/browse/shop-by-tv-show/will/5984018_2835529_4534932_6335698"
            ],
            [
                "Dustin",
                "/browse/shop-by-tv-show/dustin/5984018_2835529_4534932_6481296"
            ],
            [
                "Max",
                "/browse/shop-by-tv-show/max/5984018_2835529_4534932_8337323"
            ],
            [
                "Lucas",
                "/browse/shop-by-tv-show/lucas/5984018_2835529_4534932_9311890"
            ]
        ]
    },
    {
        "title": "MLP TRIXIE LULAMOON",
        "url": "https://www.walmart.com/ip/MLP-TRIXIE-LULAMOON/691099089",
        "price": "$9.98",
        "stars": "4.2",
        "ratings": "6 ",
        "img": "i5.walmartimages.com/asr/64109dc1-0667-4ed5-9384-a9536688b7a5_1.a996ed01dbd941064c05e0792ebccd51.jpeg?odnWidth=612&odnHeight=612&odnBg=ffffff",
        "tags": [
            [
                "My Little Pony Dolls",
                "/browse/toys/my-little-pony-dolls/4171_4187_8051423_3055285"
            ],
            [
                "Toys for age  2-4  girls",
                "/browse/toys/toys-for-age-2-4-girls/4171_3318550_7016108_5476489"
            ],
            [
                "Gifts for 4 year old girl",
                "/browse/toys/gifts-for-4-year-old-girl/4171_3318550_7016108_5578128"
            ],
            [
                "Toys for 2 year old girls",
                "/browse/toys/toys-for-2-year-old-girls/4171_3318550_7016108_7112114"
            ],
            [
                "Toys for 3 year old girls",
                "/browse/toys/toys-for-3-year-old-girls/4171_3318550_7016108_7213465"
            ],
            [
                "Toddler Girl Toys",
                "/browse/toys/toddler-girl-toys/4171_3318550_8469931_7878434"
            ],
            [
                "My Little Pony Stuffed Animals",
                "/browse/toys/my-little-pony-stuffed-animals/4171_2724815_7989442"
            ],
            [
                "Toys for 4 year old girls",
                "/browse/toys/toys-for-4-year-old-girls/4171_3318550_7016108_8608370"
            ]
        ]
    },
    {
        "title": "Playskool Heroes Transformers Rescue Bots Academy Hot Shot",
        "url": "https://www.walmart.com/ip/Playskool-Heroes-Transformers-Rescue-Bots-Academy-Hot-Shot/998577946",
        "price": "$14.99",
        "stars": 0,
        "ratings": 0,
        "img": "i5.walmartimages.com/asr/06cd0f58-8e9e-4b6b-a736-fac399454319_1.81950c108e1682caad6952843ae0f6b4.jpeg?odnWidth=612&odnHeight=612&odnBg=ffffff",
        "tags": [
            [
                "All Action Figure Playsets",
                "/browse/toys/all-action-figure-playsets/4171_4172_9845227_1156794"
            ],
            [
                "Transformers Bumblebee Action Figures",
                "/browse/toys/transformers-bumblebee-action-figures/4171_4172_2378689"
            ],
            [
                "Transformers Action Figures",
                "/browse/toys/transformers-action-figures/4171_7357538_2510286"
            ],
            [
                "Transformers Toys",
                "/browse/toys/transformers-toys/4171_4172_2616268"
            ],
            [
                "All Preschool Action Figures & Playsets",
                "/browse/toys/all-preschool-action-figures-playsets/4171_4172_1574302_2852038"
            ],
            [
                "Playskool",
                "/browse/toys/playskool/4171_4172_1574302_5163095"
            ],
            [
                "Transformers Optimus Prime Action Figures",
                "/browse/toys/transformers-optimus-prime-action-figures/4171_4172_5297444"
            ],
            [
                "Toddler Boy Toys",
                "/browse/toys/toddler-boy-toys/4171_3318550_8469931_7166821"
            ]
        ]
    },
    {
        "title": "Funko POP! Animation: Dragon Ball Z S8 - Super Saiyan Gohan",
        "url": "https://www.walmart.com/ip/Funko-POP-Animation-Dragon-Ball-Z-S8-Super-Saiyan-Gohan/479453566",
        "price": "$8.78",
        "stars": 0,
        "ratings": 0,
        "img": "i5.walmartimages.com/asr/3c11ddee-aabe-48dc-aa2c-c02f4ce0ff64.7eb009fc469b9a53d11d1f80cd78a9ef.png?odnWidth=612&odnHeight=612&odnBg=ffffff",
        "tags": []
    },
    {
        "title": "Transformers: Bumblebee -- Energon Igniters Speed Series Bumblebee",
        "url": "https://www.walmart.com/ip/Transformers-Bumblebee-Energon-Igniters-Speed-Series-Bumblebee/747674492",
        "price": "$16.20",
        "stars": "3.3",
        "ratings": "4 ",
        "img": "i5.walmartimages.com/asr/8bd277cb-7bd6-4784-8b32-27c005a61fd6_1.1d62ee3a48ce8941a436c2e70c96fadb.jpeg?odnWidth=612&odnHeight=612&odnBg=ffffff",
        "tags": [
            [
                "Transformers Bumblebee Action Figures",
                "/browse/toys/transformers-bumblebee-action-figures/4171_4172_2378689"
            ],
            [
                "Transformers Action Figures",
                "/browse/toys/transformers-action-figures/4171_7357538_2510286"
            ],
            [
                "Transformers Toys",
                "/browse/toys/transformers-toys/4171_4172_2616268"
            ],
            [
                "Playskool",
                "/browse/toys/playskool/4171_4172_1574302_5163095"
            ],
            [
                "Transformers Optimus Prime Action Figures",
                "/browse/toys/transformers-optimus-prime-action-figures/4171_4172_5297444"
            ],
            [
                "Transformers Studio Series",
                "/browse/toys/transformers-studio-series/4171_4172_5647346"
            ],
            [
                "Transformers Bumblebee Cyberverse Adventure Action Figures",
                "/browse/toys/transformers-bumblebee-cyberverse-adventure-action-figures/4171_4172_7857064"
            ],
            [
                "Playskool Transformers",
                "/browse/toys/playskool-transformers/4171_4172_1574302_9342581"
            ]
        ]
    }
]