[
    {
        "title": "Essential Elements for Band - Book 2 with Eei: BB Trumpet (Paperback)",
        "url": "https://www.walmart.com/ip/Essential-Elements-for-Band-Book-2-with-Eei-BB-Trumpet-Paperback-9780634012945/2183126",
        "price": "$9.99",
        "stars": 0,
        "ratings": 0,
        "img": "",
        "tags": [
            [
                "Orchestral Strings",
                "/browse/musical-instruments/orchestral-strings/7796869_3983498_3933845_1097967"
            ],
            [
                "All Woodwind Instruments",
                "/browse/musical-instruments/all-woodwind-instruments/7796869_3983498_9087652_1141074"
            ],
            [
                "Basic Violins",
                "/browse/musical-instruments/basic-violins/7796869_3983498_3933845_7826142_1336625"
            ],
            [
                "All Musical Instrument Accessories",
                "/browse/musical-instruments/all-musical-instrument-accessories/7796869_6171829_3297174"
            ],
            [
                "Guitar Pickups",
                "/browse/musical-instruments/guitar-pickups/7796869_6171829_6548527_4923424"
            ],
            [
                "Pianos",
                "/browse/musical-instruments/pianos/7796869_7773339_5652647"
            ],
            [
                "Shop Piano Keyboards by Size",
                "/browse/musical-instruments/shop-piano-keyboards-by-size/7796869_1128453_3376388_6600975"
            ]
        ]
    },
    {
        "title": "Essential Elements for Band - Percussion/Keyboard Percussion Book 1 with Eei",
        "url": "https://www.walmart.com/ip/Essential-Elements-for-Band-Percussion-Keyboard-Percussion-Book-1-with-Eei-9780634003271/2051197",
        "price": "$16.19",
        "stars": "4.0",
        "ratings": "1 ",
        "img": "",
        "tags": [
            [
                "Orchestral Strings",
                "/browse/musical-instruments/orchestral-strings/7796869_3983498_3933845_1097967"
            ],
            [
                "All Woodwind Instruments",
                "/browse/musical-instruments/all-woodwind-instruments/7796869_3983498_9087652_1141074"
            ],
            [
                "Basic Violins",
                "/browse/musical-instruments/basic-violins/7796869_3983498_3933845_7826142_1336625"
            ],
            [
                "Clarinets",
                "/browse/musical-instruments/clarinets/7796869_3983498_9087652_2101356"
            ],
            [
                "All Musical Instrument Accessories",
                "/browse/musical-instruments/all-musical-instrument-accessories/7796869_6171829_3297174"
            ],
            [
                "Guitar Pickups",
                "/browse/musical-instruments/guitar-pickups/7796869_6171829_6548527_4923424"
            ],
            [
                "Pianos",
                "/browse/musical-instruments/pianos/7796869_7773339_5652647"
            ]
        ]
    },
    {
        "title": "Fender FA-125CE Dreadnought Cutaway Acoustic-Electric Guitar - Sunburst w/ Hard Case",
        "url": "https://www.walmart.com/ip/Fender-FA-125CE-Dreadnought-Cutaway-Acoustic-Electric-Guitar-Sunburst-w-Hard-Case/382523087",
        "price": "$279.99",
        "stars": 0,
        "ratings": 0,
        "img": "i5.walmartimages.com/asr/8d5aac4a-1cb6-414a-9708-368d7f3a510d_1.1fd0f7bd4c0fa35390e13180c88c660c.jpeg?odnWidth=612&odnHeight=612&odnBg=ffffff",
        "tags": [
            [
                "Guitar Value Packs",
                "/browse/musical-instruments/guitar-value-packs/7796869_1097870_1398895"
            ],
            [
                "Acoustic Guitars",
                "/browse/musical-instruments/acoustic-guitars/7796869_1097870_1680603"
            ],
            [
                "String Instruments Musical Classroom",
                "/browse/musical-instruments/string-instruments-musical-classroom/7796869_1097895_5381069"
            ],
            [
                "Righty Guitars",
                "/browse/musical-instruments/righty-guitars/7796869_1097870_5486620"
            ],
            [
                "Bass Guitars",
                "/browse/musical-instruments/bass-guitars/7796869_1097870_5664493"
            ],
            [
                "Electric Guitars",
                "/browse/musical-instruments/electric-guitars/7796869_1097870_5674439"
            ],
            [
                "Fender",
                "/browse/musical-instruments/fender/7796869_3861023_6460256"
            ],
            [
                "Beginner Acoustic Guitars",
                "/browse/musical-instruments/beginner-acoustic-guitars/7796869_6789055_6387230_8078877_8665177"
            ]
        ]
    },
    {
        "title": "D'Luca Student 3 Piece Recorder Flute Ivory",
        "url": "https://www.walmart.com/ip/D-Luca-Student-3-Piece-Recorder-Flute-Ivory/845171749",
        "price": "$7.99",
        "stars": "4.7",
        "ratings": "7 ",
        "img": "",
        "tags": [
            [
                "Musical Instruction",
                "/browse/musical-instruments/musical-instruction/7796869_1097895_1093407"
            ],
            [
                "Woodwind Instruments Musical Classroom",
                "/browse/musical-instruments/woodwind-instruments-musical-classroom/7796869_1097895_2151646"
            ],
            [
                "Saxophones",
                "/browse/musical-instruments/saxophones/7796869_3983498_9087652_3596959"
            ],
            [
                "Harmonicas",
                "/browse/musical-instruments/harmonicas/7796869_1097866_5504191"
            ],
            [
                "Jean Paul",
                "/browse/musical-instruments/jean-paul/7796869_3983498_2570492_6393970"
            ],
            [
                "Classroom Musical Instruments",
                "/browse/musical-instruments/classroom-musical-instruments/7796869_1097895_9031018"
            ],
            [
                "Recorders",
                "/browse/musical-instruments/recorders/7796869_3983498_9087652_9144598"
            ],
            [
                "Flutes",
                "/browse/musical-instruments/flutes/7796869_3983498_9087652_9889000"
            ]
        ]
    },
    {
        "title": "10\" Praying Hands Double Row Jingles Percussion Tambourine for Church",
        "url": "https://www.walmart.com/ip/10-Praying-Hands-Double-Row-Jingles-Percussion-Tambourine-for-Church/199390817",
        "price": "$16.66",
        "stars": 0,
        "ratings": 0,
        "img": "",
        "tags": [
            [
                "All Drums & Percussion",
                "/browse/musical-instruments/all-drums-percussion/7796869_7773339_106986"
            ],
            [
                "World Percussion",
                "/browse/musical-instruments/world-percussion/7796869_7773339_1097857"
            ],
            [
                "Latin Percussion",
                "/browse/musical-instruments/latin-percussion/7796869_3861023_2327614"
            ],
            [
                "Sound Percussion Labs",
                "/browse/musical-instruments/sound-percussion-labs/7796869_3861023_6750147"
            ],
            [
                "Percussion Instruments Musical Classroom",
                "/browse/musical-instruments/percussion-instruments-musical-classroom/7796869_1097895_7087786"
            ],
            [
                "Remo",
                "/browse/musical-instruments/remo/7796869_3861023_7593293"
            ],
            [
                "Rhythm Tech",
                "/browse/musical-instruments/rhythm-tech/7796869_3861023_8361050"
            ],
            [
                "Classroom Musical Instruments",
                "/browse/musical-instruments/classroom-musical-instruments/7796869_1097895_9031018"
            ]
        ]
    },
    {
        "title": "PS-2 Professional Wind Screen Pop Filter MIC Holder With Tripod Detachable Desktop Microphone Stand Holder Bracket Supporter Shock Mount (Black)",
        "url": "https://www.walmart.com/ip/PS-2-Professional-Wind-Screen-Pop-Filter-MIC-Holder-With-Tripod-Detachable-Desktop-Microphone-Stand-Holder-Bracket-Supporter-Shock-Mount-Black/350332925",
        "price": "$11.39",
        "stars": 0,
        "ratings": 0,
        "img": "",
        "tags": [
            [
                "Lighting Stands and Trusses",
                "/browse/musical-instruments/lighting-stands-trusses/7796869_3896240_2902500"
            ],
            [
                "All Musical Instrument Accessories",
                "/browse/musical-instruments/all-musical-instrument-accessories/7796869_6171829_3297174"
            ],
            [
                "Dynamic Microphones",
                "/browse/musical-instruments/dynamic-microphones/7796869_3348689_133194_3930897"
            ],
            [
                "Karaoke Stands & Hardware",
                "/browse/musical-instruments/karaoke-stands-hardware/7796869_6745708_3216373_5558867"
            ],
            [
                "Karaoke Machine Stands",
                "/browse/musical-instruments/karaoke-machine-stands/7796869_6745708_6264579_6325504"
            ],
            [
                "Shop All Microphones",
                "/browse/musical-instruments/shop-all-microphones/7796869_3348689_133194_6519431"
            ],
            [
                "Condenser Microphones",
                "/browse/musical-instruments/condenser-microphones/7796869_3348689_133194_8159030"
            ]
        ]
    },
    {
        "title": "KB Covers Checkerboard Keyboard Cover CB-M-Blue - Notebook keyboard protector - blue, clear - for Apple MacBook (13.3 in); MacBook Air (13.3 in); MacBook Pro",
        "url": "https://www.walmart.com/ip/KB-Covers-Checkerboard-Keyboard-Cover-CB-M-Blue-Notebook-keyboard-protector-blue-clear-Apple-MacBook-13-3-in-Air-Pro/19592627",
        "price": "$24.95",
        "stars": "4.0",
        "ratings": "1 ",
        "img": "",
        "tags": [
            [
                "61-Key Portable keyboards",
                "/browse/musical-instruments/61-key-portable-keyboards/7796869_1128453_3376388_3185691_2581776"
            ],
            [
                "Portable Keyboards Bundles",
                "/browse/musical-instruments/portable-keyboards-bundles/7796869_1128453_1074444_4180280"
            ],
            [
                "Beginner  Portable Keyboards",
                "/browse/musical-instruments/beginner-portable-keyboards/7796869_6789055_6387230_9562435_4511327"
            ],
            [
                "Keyboards Musical Classroom",
                "/browse/musical-instruments/keyboards-musical-classroom/7796869_1097895_5698620"
            ],
            [
                "Electronic Keyboards with Stand",
                "/browse/musical-instruments/electronic-keyboards-with-stand/7796869_1128453_1074444_6970540"
            ],
            [
                "Portable Keyboards",
                "/browse/musical-instruments/portable-keyboards/7796869_1128453_2503204_7904097"
            ],
            [
                "Classroom Musical Instruments",
                "/browse/musical-instruments/classroom-musical-instruments/7796869_1097895_9031018"
            ],
            [
                "Casio",
                "/browse/musical-instruments/casio/7796869_3861023_9557376"
            ]
        ]
    },
    {
        "title": "Leather Guitar Picks Holder Case Bag Guitar Shape with Key Ring 5pcs Celluloid Guitar Picks String Instrument Accessories",
        "url": "https://www.walmart.com/ip/Leather-Guitar-Picks-Holder-Case-Bag-Guitar-Shape-with-Key-Ring-5pcs-Celluloid-Guitar-Picks-String-Instrument-Accessories/423850489",
        "price": "$7.99",
        "stars": 0,
        "ratings": 0,
        "img": "i5.walmartimages.com/asr/ab7541ba-491b-4cbd-b1e3-7d80b35773c1_1.511ead46b21f9ed2a987ff66e7231052.jpeg?odnWidth=612&odnHeight=612&odnBg=ffffff",
        "tags": []
    },
    {
        "title": "23 Inch Acoustic Guitar Beginner Kids Guitar Children Musical Instrument with Pick and String",
        "url": "https://www.walmart.com/ip/23-Inch-Acoustic-Guitar-Beginner-Kids-Guitar-Children-Musical-Instrument-with-Pick-and-String/719474444",
        "price": "$17.99",
        "stars": 0,
        "ratings": 0,
        "img": "i5.walmartimages.com/asr/3e1faa57-20f2-40d9-859a-7855ef6d9b54.be2fdaab01a4989717b32c438cb7e17f.jpeg?odnWidth=612&odnHeight=612&odnBg=ffffff",
        "tags": [
            [
                "Guitar Value Packs",
                "/browse/musical-instruments/guitar-value-packs/7796869_1097870_1398895"
            ],
            [
                "Fender Guitars",
                "/browse/musical-instruments/fender-guitars/7796869_1097870_8818856_1640642"
            ],
            [
                "Kids Acoustic Guitars",
                "/browse/musical-instruments/kids-acoustic-guitars/7796869_6789055_4839538_7416933_2047866"
            ],
            [
                "Advanced Acoustic Guitars",
                "/browse/musical-instruments/advanced-acoustic-guitars/7796869_6789055_8828380_7536912_3355369"
            ],
            [
                "String Instruments Musical Classroom",
                "/browse/musical-instruments/string-instruments-musical-classroom/7796869_1097895_5381069"
            ],
            [
                "Acoustic Electric Guitars",
                "/browse/musical-instruments/acoustic-electric-guitars/7796869_1097870_7246374"
            ],
            [
                "Beginner Acoustic Guitars",
                "/browse/musical-instruments/beginner-acoustic-guitars/7796869_6789055_6387230_8078877_8665177"
            ],
            [
                "Kids Guitars",
                "/browse/musical-instruments/kids-guitars/7796869_1097870_9293077"
            ]
        ]
    },
    {
        "title": "Glitter Microphone Adult Halloween Accessory",
        "url": "https://www.walmart.com/ip/Glitter-Microphone-Adult-Halloween-Accessory/26983308",
        "price": "$8.97",
        "stars": "1.0",
        "ratings": "1 ",
        "img": "i5.walmartimages.com/asr/87835a15-020a-4012-af04-fb2a56ac4e90.2fc781d993d09831df1da2eff340c64c.jpeg?odnWidth=612&odnHeight=612&odnBg=ffffff",
        "tags": [
            [
                "Halloween Makeup",
                "/browse/party-occasions/halloween-makeup/2637_615760_1087251_1096331"
            ],
            [
                "All Halloween Costumes",
                "/browse/party-occasions/all-halloween-costumes/2637_615760_1088766_1098426"
            ],
            [
                "Halloween Hats",
                "/browse/party-occasions/halloween-hats/2637_615760_1087251_1107152"
            ],
            [
                "Star Wars Costumes",
                "/browse/party-occasions/star-wars-costumes/2637_615760_1088766_2327096_3147503_1231497"
            ],
            [
                "Witch Costumes",
                "/browse/party-occasions/witch-costumes/2637_615760_1088766_1054059_4184691_1997918"
            ],
            [
                "All Superhero Costumes",
                "/browse/party-occasions/all-superhero-costumes/2637_615760_1088766_2327096_6691810_2019263"
            ],
            [
                "Ninja Costume",
                "/browse/party-occasions/ninja-costume/2637_615760_1088766_2327096_3089791_8779588"
            ]
        ]
    }
]