[
    {
        "title": "Barbie Signature 40th Anniversary First Black Barbie Doll in Red Gown with Doll Stand and Certificate of Authenticity",
        "url": "https://www.walmart.com/ip/Barbie-Signature-40th-Anniversary-First-Black-Barbie-Doll-in-Red-Gown-with-Doll-Stand-and-Certificate-of-Authenticity/412168277",
        "price": "$35.98",
        "stars": "4.9",
        "ratings": "38 ",
        "img": "i5.walmartimages.com/asr/dee480d4-9b91-478b-aee2-b2bd065fc918_1.05519aeb5853bd3dd965414618f6b0db.jpeg?odnWidth=612&odnHeight=612&odnBg=ffffff",
        "tags": [
            [
                "Barbie Careers",
                "/browse/toys/barbie-careers/4171_4187_1953337_8898526_1290769"
            ],
            [
                "Collectible Dolls",
                "/browse/toys/collectible-dolls/4171_4187_6904958_132911"
            ],
            [
                "Barbie Collector",
                "/browse/toys/barbie-collector/4171_4187_1953337_8898526_6722288"
            ],
            [
                "Barbie Sisters, Friends, & Pets",
                "/browse/toys/barbie-sisters-friends-pets/4171_4187_1953337_8898526_6830678"
            ],
            [
                "Fashion Dolls",
                "/browse/toys/fashion-dolls/4171_4187_8051423_7344622"
            ],
            [
                "All Barbie Dolls",
                "/browse/toys/all-barbie-dolls/4171_4187_1953337_8898526_7849876"
            ],
            [
                "Barbie Fashionistas",
                "/browse/toys/barbie-fashionistas/4171_4187_1953337_8898526_7986857"
            ],
            [
                "All Barbie",
                "/browse/toys/all-barbie/4171_4187_1953337_8661247"
            ]
        ]
    },
    {
        "title": "Baby Alive Single Outfit Set, Tie-dye Tee & Floral Pants, Ages 3 +",
        "url": "https://www.walmart.com/ip/Baby-Alive-Single-Outfit-Set-Tie-dye-Tee-Floral-Pants-Ages-3/925704106",
        "price": "$7.88",
        "stars": "3.3",
        "ratings": "16 ",
        "img": "i5.walmartimages.com/asr/d7c95014-96a4-4256-b7d9-c3c089e27d08.174c143d4c13dda624c50b8aa0778931.jpeg?odnWidth=612&odnHeight=612&odnBg=ffffff",
        "tags": [
            [
                "Doll Clothes & Accessories",
                "/browse/toys/doll-clothes-accessories/4171_4187_1074304"
            ],
            [
                "Baby Dolls",
                "/browse/toys/baby-dolls/4171_4187_133124"
            ],
            [
                "Baby Doll Accessories",
                "/browse/toys/baby-doll-accessories/4171_4187_3415121_1822201"
            ],
            [
                "Doll Furniture",
                "/browse/toys/doll-furniture/4171_4187_4966840_2267725"
            ],
            [
                "Doll Clothing and Fashion Accessories",
                "/browse/toys/doll-clothing-fashion-accessories/4171_4187_4966840_2636876"
            ],
            [
                "Baby Alive Doll Clothes & Accessories",
                "/browse/toys/baby-alive-doll-clothes-accessories/4171_4187_3415121_4389680"
            ],
            [
                "Dolls & Dollhouses",
                "/browse/toys/dolls-dollhouses/4171_4187_4800686"
            ],
            [
                "Dolls Clothes and Accessories",
                "/browse/toys/dolls-clothes-accessories/4171_4187_9226108"
            ]
        ]
    },
    {
        "title": "Barbie Color Reveal Chelsea Doll with 6 Surprises (Styles May Vary)",
        "url": "https://www.walmart.com/ip/Barbie-Color-Reveal-Chelsea-Doll-with-6-Surprises-Styles-May-Vary/760107071",
        "price": "$9.94",
        "stars": "4.7",
        "ratings": "3 ",
        "img": "i5.walmartimages.com/asr/204badeb-746b-47f8-8ba1-30fe44397548.551b6e64a325471256bcdeca2aaa65ec.jpeg?odnWidth=612&odnHeight=612&odnBg=ffffff",
        "tags": [
            [
                "Shop Toys by Price",
                "/browse/shop-toys-by-price/4171_1263324"
            ],
            [
                "Dolls & Dollhouses",
                "/browse/toys/dolls-dollhouses/4171_4187_4800686"
            ],
            [
                "Barbie Sisters, Friends, & Pets",
                "/browse/toys/barbie-sisters-friends-pets/4171_4187_1953337_8898526_6830678"
            ],
            [
                "Fashion Dolls",
                "/browse/toys/fashion-dolls/4171_4187_8051423_7344622"
            ],
            [
                "All Barbie Dolls",
                "/browse/toys/all-barbie-dolls/4171_4187_1953337_8898526_7849876"
            ],
            [
                "Barbie Doll Playsets",
                "/browse/toys/barbie-doll-playsets/4171_4187_1953337_8371277"
            ],
            [
                "All Barbie",
                "/browse/toys/all-barbie/4171_4187_1953337_8661247"
            ],
            [
                "Barbie Color Reveal Dolls",
                "/browse/toys/barbie-color-reveal-dolls/4171_4187_1953337_8898526_8839807"
            ]
        ]
    },
    {
        "title": "Pinkfong Baby Shark Let's Go Hunt Fishing Game - Plays the Baby Shark Song",
        "url": "https://www.walmart.com/ip/Pinkfong-Baby-Shark-Let-s-Go-Hunt-Fishing-Game-Plays-the-Baby-Shark-Song/387139034",
        "price": "$13.79",
        "stars": "3.6",
        "ratings": "21 ",
        "img": "i5.walmartimages.com/asr/eb6c5212-23e5-4687-b35c-cb6b2f70a03b_2.ef82a2e7b52d10880135d331603019fa.jpeg?odnWidth=612&odnHeight=612&odnBg=ffffff",
        "tags": [
            [
                "Shop Toys by Price",
                "/browse/shop-toys-by-price/4171_1263324"
            ],
            [
                "Classic Games",
                "/browse/toys/classic-games/4171_4191_2084995"
            ],
            [
                "Family Games",
                "/browse/toys/family-games/4171_4191_2335373_2204878"
            ],
            [
                "Baby Shark Toys",
                "/browse/toys/baby-shark-toys/4171_7357538_3673067"
            ],
            [
                "All Board Games",
                "/browse/toys/all-board-games/4171_4191_133123_4497274"
            ],
            [
                "Toys for Kids 2 to 4 Years",
                "/browse/toys/toys-for-kids-2-to-4-years/4171_3318550_7016108_4703344"
            ],
            [
                "Kids Puzzles",
                "/browse/toys/kids-puzzles/4171_4191_163840_6928209"
            ]
        ]
    },
    {
        "title": "Disney Princess Royal Shimmer Tiana with Sparkly Skirt, Tiara, Shoes",
        "url": "https://www.walmart.com/ip/Disney-Princess-Royal-Shimmer-Tiana-with-Sparkly-Skirt-Tiara-Shoes/372393914",
        "price": "$7.94",
        "stars": "5.0",
        "ratings": "24 ",
        "img": "i5.walmartimages.com/asr/c3293b8e-a43f-4f79-8eb0-12c47ec768dd.18e5666d9056242da16c55168e640672.jpeg?odnWidth=612&odnHeight=612&odnBg=ffffff",
        "tags": [
            [
                "Princess Jasmine Dolls",
                "/browse/toys/princess-jasmine-dolls/4171_4187_1285895"
            ],
            [
                "Princess Ariel Dolls",
                "/browse/toys/princess-ariel-dolls/4171_4187_1594146"
            ],
            [
                "All Disney Toys",
                "/browse/toys/all-disney-toys/4171_6909449_1773797"
            ],
            [
                "Frozen Dolls & Dollhouses",
                "/browse/toys/frozen-dolls-dollhouses/4171_7357538_6091150_1817573"
            ],
            [
                "Princess Rapunzel Dolls",
                "/browse/toys/princess-rapunzel-dolls/4171_4187_4294022"
            ],
            [
                "Disney Princess Dolls",
                "/browse/toys/disney-princess-dolls/4171_4187_8051423_4656670"
            ],
            [
                "Princess Cinderella Dolls",
                "/browse/toys/princess-cinderella-dolls/4171_4187_5860852"
            ],
            [
                "Princess Belle Dolls",
                "/browse/toys/princess-belle-dolls/4171_4187_6013679"
            ]
        ]
    },
    {
        "title": "My Sweet Love 16\" Get Better Now Baby Doll Play Set, 9 Pieces Included",
        "url": "https://www.walmart.com/ip/My-Sweet-Love-16-Get-Better-Now-Baby-Doll-Play-Set-9-Pieces-Included/910906036",
        "price": "$14.97",
        "stars": "4.9",
        "ratings": "14 ",
        "img": "i5.walmartimages.com/asr/e8e16266-da3e-44a6-841d-452d5cb91030.87563d96c2545f0ba9779e4c034b65dc.jpeg?odnWidth=612&odnHeight=612&odnBg=ffffff",
        "tags": []
    },
    {
        "title": "NEW 2020 Care Bears - 5\" Interactive Figure - Cheer Bear - Your Touch Unlocks 50+ Reactions & Surprises!",
        "url": "https://www.walmart.com/ip/NEW-2020-Care-Bears-5-Interactive-Figure-Cheer-Bear-Your-Touch-Unlocks-50-Reactions-Surprises/490806724",
        "price": "$14.88",
        "stars": "4.9",
        "ratings": "30 ",
        "img": "i5.walmartimages.com/asr/f052d748-dc58-4b3f-b2eb-baf4505df255.4d022a284df4493c21a8e443deb1d3ba.jpeg?odnWidth=612&odnHeight=612&odnBg=ffffff",
        "tags": [
            [
                "All Action Figures",
                "/browse/toys/all-action-figures/4171_4172_133130"
            ],
            [
                "Cave Club",
                "/browse/toys/cave-club/4171_4187_8051423_1599776"
            ],
            [
                "8 to 11 Years",
                "/browse/toys/8-to-11-years/4171_2724815_3925001"
            ],
            [
                "Dolls & Dollhouses",
                "/browse/toys/dolls-dollhouses/4171_4187_4800686"
            ],
            [
                "Care Bears Toys",
                "/browse/toys/care-bears-toys/4171_7357538_5556869"
            ],
            [
                "Christmas Stuffed Animals",
                "/browse/toys/christmas-stuffed-animals/4171_2724815_6068621"
            ],
            [
                "Fashion Dolls",
                "/browse/toys/fashion-dolls/4171_4187_8051423_7344622"
            ],
            [
                "5 to 7 Years",
                "/browse/toys/5-to-7-years/4171_2724815_9191313"
            ]
        ]
    },
    {
        "title": "Click N' Play 8 Piece Baby Doll Feeding Set With Accessories",
        "url": "https://www.walmart.com/ip/Click-N-Play-8-Piece-Baby-Doll-Feeding-Set-With-Accessories/377936942",
        "price": "$9.40",
        "stars": "4.0",
        "ratings": "10 ",
        "img": "",
        "tags": [
            [
                "Doll Clothes & Accessories",
                "/browse/toys/doll-clothes-accessories/4171_4187_1074304"
            ],
            [
                "Baby Doll Accessories",
                "/browse/toys/baby-doll-accessories/4171_4187_3415121_1822201"
            ],
            [
                "Doll Furniture",
                "/browse/toys/doll-furniture/4171_4187_4966840_2267725"
            ],
            [
                "Doll Clothing and Fashion Accessories",
                "/browse/toys/doll-clothing-fashion-accessories/4171_4187_4966840_2636876"
            ],
            [
                "My Sweet Love Baby Dolls",
                "/browse/toys/my-sweet-love-baby-dolls/4171_4187_3415121_5848569"
            ],
            [
                "Baby Alive Dolls",
                "/browse/toys/baby-alive-dolls/4171_4187_3415121_6827919"
            ],
            [
                "Baby Doll Strollers",
                "/browse/toys/baby-doll-strollers/4171_4187_3415121_6958196"
            ],
            [
                "Dolls Clothes and Accessories",
                "/browse/toys/dolls-clothes-accessories/4171_4187_9226108"
            ]
        ]
    },
    {
        "title": "Baby Born Surprise Blooming Babies with 10+ Surprises and Color Change",
        "url": "https://www.walmart.com/ip/Baby-Born-Surprise-Blooming-Babies-with-10-Surprises-and-Color-Change/140070337",
        "price": "$10.95",
        "stars": "4.4",
        "ratings": "20 ",
        "img": "i5.walmartimages.com/asr/daf0c91e-208e-4d28-b2d6-4af771c21e35_1.d8101fe424593a95bcb12144a77835ab.jpeg?odnWidth=612&odnHeight=612&odnBg=ffffff",
        "tags": [
            [
                "Collectible Dolls",
                "/browse/toys/collectible-dolls/4171_4187_6904958_132911"
            ],
            [
                "Baby Dolls",
                "/browse/toys/baby-dolls/4171_4187_133124"
            ],
            [
                "Dollhouses & Play Sets",
                "/browse/toys/dollhouses-play-sets/4171_4187_133126"
            ],
            [
                "Dolls & Dollhouses",
                "/browse/toys/dolls-dollhouses/4171_4187_4800686"
            ],
            [
                "Playsets",
                "/browse/toys/playsets/4171_4187_4668261_5230467"
            ],
            [
                "Toys for age  2-4  girls",
                "/browse/toys/toys-for-age-2-4-girls/4171_3318550_7016108_5476489"
            ],
            [
                "Baby Alive Dolls",
                "/browse/toys/baby-alive-dolls/4171_4187_3415121_6827919"
            ],
            [
                "Toys for Kids 5 to 7 Years",
                "/browse/toys/toys-for-kids-5-to-7-years/4171_3318550_617941_8920388"
            ]
        ]
    },
    {
        "title": "My life as 13-piece vanity table play set, for 18\" dolls",
        "url": "https://www.walmart.com/ip/My-life-as-13-piece-vanity-table-play-set-for-18-dolls/335183706",
        "price": "$24.97",
        "stars": "4.7",
        "ratings": "10 ",
        "img": "i5.walmartimages.com/asr/d8ea8ebe-b956-41c1-bce1-7dc1b69c81a2_1.4910d73fc3d7c8328794ca8246f833b1.jpeg?odnWidth=612&odnHeight=612&odnBg=ffffff",
        "tags": [
            [
                "Doll Clothes & Accessories",
                "/browse/toys/doll-clothes-accessories/4171_4187_1074304"
            ],
            [
                "Dollhouses & Play Sets",
                "/browse/toys/dollhouses-play-sets/4171_4187_133126"
            ],
            [
                "Doll Furniture",
                "/browse/toys/doll-furniture/4171_4187_4966840_2267725"
            ],
            [
                "Doll Clothing and Fashion Accessories",
                "/browse/toys/doll-clothing-fashion-accessories/4171_4187_4966840_2636876"
            ],
            [
                "Playsets",
                "/browse/toys/playsets/4171_4187_4668261_5230467"
            ],
            [
                "My Life As Furniture",
                "/browse/toys/my-life-as-furniture/4171_4187_4966840_5478068"
            ],
            [
                "My Life As Clothing & Accessories",
                "/browse/toys/my-life-as-clothing-accessories/4171_4187_4966840_5537996"
            ],
            [
                "Dolls Clothes and Accessories",
                "/browse/toys/dolls-clothes-accessories/4171_4187_9226108"
            ]
        ]
    }
]