[
    {
        "title": "Disney/Pixar Incredibles 2 Elasticycle 6-Volt Battery-Powered Ride-On by Huffy",
        "url": "https://www.walmart.com/ip/Disney-Pixar-Incredibles-2-Elasticycle-6-Volt-Battery-Powered-Ride-On-by-Huffy/489665648",
        "price": "$99.00",
        "stars": "3.8",
        "ratings": "20 ",
        "img": "i5.walmartimages.com/asr/69218404-f3a9-4cda-b761-bee64fc27ec0_1.1c1e763cd0d26fcf72a83a01a5aec55d.jpeg?odnWidth=612&odnHeight=612&odnBg=ffffff",
        "tags": [
            [
                "6V Powered Ride Ons",
                "/browse/toys/6v-powered-ride-ons/4171_133073_6774653_8911690_7715141_1945060"
            ],
            [
                "All Powered Ride Ons",
                "/browse/toys/all-powered-ride-ons/4171_133073_6774653_8911690_3288692"
            ],
            [
                "Dirt Bikes & ATVs",
                "/browse/toys/dirt-bikes-atvs/4171_133073_6774653_8911690_5370128"
            ],
            [
                "Toys for 4 year olds",
                "/browse/toys/toys-for-4-year-olds/4171_3318550_7016108_6734866"
            ],
            [
                "Ride Ons for Boys",
                "/browse/toys/ride-ons-for-boys/4171_1228478_3172813_7785372"
            ],
            [
                "Huffy Ride Ons",
                "/browse/toys/huffy-ride-ons/4171_133073_6774653_6489011_8546372"
            ],
            [
                "Toys for 3 year olds",
                "/browse/toys/toys-for-3-year-olds/4171_3318550_7016108_9012469"
            ]
        ]
    },
    {
        "title": "Baby Alive Face Paint Fairy, Blonde Hair Doll, for Kids Ages 3 and up",
        "url": "https://www.walmart.com/ip/Baby-Alive-Face-Paint-Fairy-Blonde-Hair-Doll-for-Kids-Ages-3-and-up/189830487",
        "price": "$25.97",
        "stars": "4.6",
        "ratings": "227 ",
        "img": "i5.walmartimages.com/asr/c44a727b-8044-44ce-8998-d6c83d772f4b_1.b282cab31e75c8b93ea4c3fe046abc1c.jpeg?odnWidth=612&odnHeight=612&odnBg=ffffff",
        "tags": [
            [
                "Shop Toys by Price",
                "/browse/shop-toys-by-price/4171_1263324"
            ],
            [
                "Dollhouses & Play Sets",
                "/browse/toys/dollhouses-play-sets/4171_4187_133126"
            ],
            [
                "Dolls & Dollhouses",
                "/browse/toys/dolls-dollhouses/4171_4187_4800686"
            ],
            [
                "Playsets",
                "/browse/toys/playsets/4171_4187_4668261_5230467"
            ],
            [
                "Baby Alive Dolls",
                "/browse/toys/baby-alive-dolls/4171_4187_3415121_6827919"
            ],
            [
                "Fashion Dolls",
                "/browse/toys/fashion-dolls/4171_4187_8051423_7344622"
            ],
            [
                "Toys for Kids 5 to 7 Years",
                "/browse/toys/toys-for-kids-5-to-7-years/4171_3318550_617941_8920388"
            ],
            [
                "Dolls Clothes and Accessories",
                "/browse/toys/dolls-clothes-accessories/4171_4187_9226108"
            ]
        ]
    },
    {
        "title": "Disney Moana Small Bean Plush Bundle - Moana & Maui",
        "url": "https://www.walmart.com/ip/Disney-Moana-Small-Bean-Plush-Bundle-Moana-Maui/677502522",
        "price": "$15.94",
        "stars": "5.0",
        "ratings": "2 ",
        "img": "i5.walmartimages.com/asr/9445df71-e614-499c-94c4-ab08d5712ed3_1.62526aaecbec55179052f259cbf10faf.png?odnWidth=612&odnHeight=612&odnBg=ffffff",
        "tags": [
            [
                "Baby Dolls",
                "/browse/toys/baby-dolls/4171_4187_133124"
            ],
            [
                "All Disney Toys",
                "/browse/toys/all-disney-toys/4171_6909449_1773797"
            ],
            [
                "Princess Moana Dolls",
                "/browse/toys/princess-moana-dolls/4171_4187_1970049"
            ],
            [
                "Princess Rapunzel Dolls",
                "/browse/toys/princess-rapunzel-dolls/4171_4187_4294022"
            ],
            [
                "TV & Movie Playsets",
                "/browse/toys/tv-movie-playsets/4171_4172_9845227_4517984"
            ],
            [
                "Disney Princess Dolls",
                "/browse/toys/disney-princess-dolls/4171_4187_8051423_4656670"
            ],
            [
                "LEGO Disney",
                "/browse/toys/lego-disney/4171_4186_1105635_6471558"
            ],
            [
                "Fashion Dolls",
                "/browse/toys/fashion-dolls/4171_4187_8051423_7344622"
            ]
        ]
    },
    {
        "title": "LeapFrog LeapBuilders ABC Smart House Learning Blocks Toy for Kids",
        "url": "https://www.walmart.com/ip/LeapFrog-LeapBuilders-ABC-Smart-House-Learning-Blocks-Toy-for-Kids/974585598",
        "price": "$29.09",
        "stars": "4.8",
        "ratings": "19 ",
        "img": "i5.walmartimages.com/asr/d2342218-6292-4ecf-a34f-393c073c067a_5.af10ee5fee70b8f93a240d058ff3c9a7.jpeg?odnWidth=612&odnHeight=612&odnBg=ffffff",
        "tags": [
            [
                "Leapfrog",
                "/browse/toys/leapfrog/4171_56125_1498437"
            ],
            [
                "Building Toys Ages 2 to 4",
                "/browse/toys/building-toys-ages-2-to-4/4171_4186_2323352"
            ],
            [
                "Building Toys Ages 5 to 7",
                "/browse/toys/building-toys-ages-5-to-7/4171_4186_3153072"
            ],
            [
                "LeapBuilders",
                "/browse/toys/leapbuilders/4171_4186_133013_4357061"
            ],
            [
                "Other Building Blocks",
                "/browse/toys/other-building-blocks/4171_4186_133013_6193800"
            ],
            [
                "LeapFrog Learning Toys",
                "/browse/toys/leapfrog-learning-toys/4171_56125_6855455"
            ],
            [
                "Mega Bloks First Builders",
                "/browse/toys/mega-bloks-first-builders/4171_4186_133013_3902645_6054803_7471316"
            ]
        ]
    },
    {
        "title": "Disney Frozen Mashems",
        "url": "https://www.walmart.com/ip/Disney-Frozen-Mashems/724940240",
        "price": "$4.99",
        "stars": "4.9",
        "ratings": "12 ",
        "img": "i5.walmartimages.com/asr/37d06b86-1eff-438d-94f0-5c14d6094865.86bd0eb8155366d6b754d8efec4d4bbc.jpeg?odnWidth=612&odnHeight=612&odnBg=ffffff",
        "tags": [
            [
                "All Disney Toys",
                "/browse/toys/all-disney-toys/4171_6909449_1773797"
            ],
            [
                "Frozen Dolls & Dollhouses",
                "/browse/toys/frozen-dolls-dollhouses/4171_7357538_6091150_1817573"
            ],
            [
                "Frozen Dolls",
                "/browse/toys/frozen-dolls/4171_4187_8051423_2062169"
            ],
            [
                "Collectible Novelty",
                "/browse/toys/collectible-novelty/4171_5178010_4322621"
            ],
            [
                "All Frozen Toys",
                "/browse/toys/all-frozen-toys/4171_7357538_6091150_4557348"
            ],
            [
                "PJ Masks Toys",
                "/browse/toys/pj-masks-toys/4171_7357538_4624456"
            ],
            [
                "Disney Princess Dolls",
                "/browse/toys/disney-princess-dolls/4171_4187_8051423_4656670"
            ],
            [
                "Fashion Dolls",
                "/browse/toys/fashion-dolls/4171_4187_8051423_7344622"
            ]
        ]
    },
    {
        "title": "Kids Cleaning Set 12 Piece - Toy Cleaning Set Includes Broom, Mop, Brush, Dust Pan, Duster, Sponge, Clothes, Spray, Bucket, Caution Sign, - Toy Kitchen Toddler Cleaning Set - Original",
        "url": "https://www.walmart.com/ip/Kids-Cleaning-Set-12-Piece-Toy-Includes-Broom-Mop-Brush-Dust-Pan-Duster-Sponge-Clothes-Spray-Bucket-Caution-Sign-Kitchen-Toddler-Original/471527700",
        "price": "$19.99",
        "stars": "4.5",
        "ratings": "13 ",
        "img": "i5.walmartimages.com/asr/4db97306-9f41-443a-a8af-811688a1a109_1.ce2b8a3afe9192d2d9079a2e56ef4729.jpeg?odnWidth=612&odnHeight=612&odnBg=ffffff",
        "tags": []
    },
    {
        "title": "Thomas & Friends Super Station Railway Train Track Set",
        "url": "https://www.walmart.com/ip/Thomas-Friends-Super-Station-Railway-Train-Track-Set/55733965",
        "price": "$67.68",
        "stars": "4.7",
        "ratings": "121 ",
        "img": "",
        "tags": [
            [
                "Trains & Train Sets",
                "/browse/toys/trains-train-sets/4171_1111647_132912"
            ],
            [
                "Thomas the Train Toys",
                "/browse/toys/thomas-the-train-toys/4171_7357538_3360147_1985125"
            ],
            [
                "Wooden Train Sets",
                "/browse/toys/wooden-train-sets/4171_1111647_3209931"
            ],
            [
                "Train Tracks",
                "/browse/toys/train-tracks/4171_1111647_3751736"
            ],
            [
                "Thomas & Friends Wood",
                "/browse/toys/thomas-friends-wood/4171_7357538_3360147_5493019"
            ],
            [
                "Thomas & Friends MINIS",
                "/browse/toys/thomas-friends-minis/4171_7357538_3360147_6962244"
            ],
            [
                "Fisher Price Preschool Toys",
                "/browse/toys/fisher-price-preschool-toys/4171_1077545_8882678"
            ],
            [
                "Thomas the Train Sets",
                "/browse/toys/thomas-the-train-sets/4171_1111647_9267308"
            ]
        ]
    },
    {
        "title": "Kid Connection Tea Cart Play Set, 47 Pieces",
        "url": "https://www.walmart.com/ip/Kid-Connection-Tea-Cart-Play-Set-47-Pieces/578720929",
        "price": "$19.97",
        "stars": "4.3",
        "ratings": "99 ",
        "img": "i5.walmartimages.com/asr/d10aad10-b497-4104-a285-f60834023341_2.bbddd2040b39c2075d933d87d0405025.jpeg?odnWidth=612&odnHeight=612&odnBg=ffffff",
        "tags": [
            [
                "Kid Connection",
                "/browse/toys/kid-connection/4171_4172_3091323"
            ],
            [
                "Pretend Play Toys for Boys",
                "/browse/toys/pretend-play-toys-for-boys/4171_4173_3613401"
            ],
            [
                "Kid Connection Toys",
                "/browse/toys/kid-connection-toys/4171_6331649_5076430"
            ],
            [
                "Fisher Price Pretend Play",
                "/browse/toys/fisher-price-pretend-play/4171_4173_7354985"
            ],
            [
                "Play Food",
                "/browse/toys/play-food/4171_4173_3287807_133035_7695360"
            ],
            [
                "Toys for Kids 5 to 7 Years",
                "/browse/toys/toys-for-kids-5-to-7-years/4171_3318550_617941_8920388"
            ],
            [
                "Toy Cookware Sets",
                "/browse/toys/toy-cookware-sets/4171_4173_3287807_133035_9245368"
            ]
        ]
    },
    {
        "title": "LEGO Disney Moana?s Ocean Adventure 43170 Toy Building Kit (46 Pieces)",
        "url": "https://www.walmart.com/ip/LEGO-Disney-Moana-s-Ocean-Adventure-43170-Toy-Building-Kit-46-Pieces/255756983",
        "price": "$9.84",
        "stars": "4.8",
        "ratings": "11 ",
        "img": "i5.walmartimages.com/asr/7c491f9f-3250-4afd-a99a-1970bc3b5622_3.e2ce6b99fa6447caf5a752775eac483c.jpeg?odnWidth=612&odnHeight=612&odnBg=ffffff",
        "tags": [
            [
                "LEGO Friends",
                "/browse/toys/lego-friends/4171_4186_1105635_2517343"
            ],
            [
                "LEGO Easter Building Sets",
                "/browse/toys/lego-easter-building-sets/4171_4186_1105635_2668753"
            ],
            [
                "Building Toys Ages 5 to 7",
                "/browse/toys/building-toys-ages-5-to-7/4171_4186_3153072"
            ],
            [
                "LEGO Sets Ages 5 to 7",
                "/browse/toys/lego-sets-ages-5-to-7/4171_4186_1105635_3629987"
            ],
            [
                "LEGO Princess and  Dollhouses",
                "/browse/toys/lego-princess-dollhouses/4171_1554984_3915055"
            ],
            [
                "LEGO 4+ Building Sets",
                "/browse/toys/lego-4-building-sets/4171_4186_1105635_6203226"
            ],
            [
                "Building Toys Ages 8 to 11",
                "/browse/toys/building-toys-ages-8-to-11/4171_4186_6416592"
            ],
            [
                "LEGO Disney",
                "/browse/toys/lego-disney/4171_4186_1105635_6471558"
            ]
        ]
    },
    {
        "title": "Barbie Color Reveal Chelsea Doll With 6 Surprises (Styles May Vary)",
        "url": "https://www.walmart.com/ip/Barbie-Color-Reveal-Chelsea-Doll-With-6-Surprises-Styles-May-Vary/489843999",
        "price": "$9.94",
        "stars": "4.4",
        "ratings": "64 ",
        "img": "i5.walmartimages.com/asr/bd98acd5-bd74-4eca-9aeb-a60123fedce0_1.867334792274fe0fbe663bd48727efa1.jpeg?odnWidth=612&odnHeight=612&odnBg=ffffff",
        "tags": [
            [
                "Barbie Careers",
                "/browse/toys/barbie-careers/4171_4187_1953337_8898526_1290769"
            ],
            [
                "Dolls & Dollhouses",
                "/browse/toys/dolls-dollhouses/4171_4187_4800686"
            ],
            [
                "Barbie Sisters, Friends, & Pets",
                "/browse/toys/barbie-sisters-friends-pets/4171_4187_1953337_8898526_6830678"
            ],
            [
                "Fashion Dolls",
                "/browse/toys/fashion-dolls/4171_4187_8051423_7344622"
            ],
            [
                "All Barbie Dolls",
                "/browse/toys/all-barbie-dolls/4171_4187_1953337_8898526_7849876"
            ],
            [
                "Barbie Doll Playsets",
                "/browse/toys/barbie-doll-playsets/4171_4187_1953337_8371277"
            ],
            [
                "All Barbie",
                "/browse/toys/all-barbie/4171_4187_1953337_8661247"
            ],
            [
                "Barbie Color Reveal Dolls",
                "/browse/toys/barbie-color-reveal-dolls/4171_4187_1953337_8898526_8839807"
            ]
        ]
    }
]