[
    {
        "title": "Professional 300-Piece Poker Set in Aluminum Carry Case",
        "url": "https://www.walmart.com/ip/Professional-300-Piece-Poker-Set-in-Aluminum-Carry-Case/563569388",
        "price": "$24.97",
        "stars": "4.7",
        "ratings": "16 ",
        "img": "i5.walmartimages.com/asr/2424c055-8a76-4339-ba60-3faab0ea2a02_1.0fad4e676845dccb2bd995f8304325ae.jpeg?odnWidth=612&odnHeight=612&odnBg=ffffff",
        "tags": [
            [
                "Shop Toys by Price",
                "/browse/shop-toys-by-price/4171_1263324"
            ],
            [
                "Classic Games",
                "/browse/toys/classic-games/4171_4191_2084995"
            ],
            [
                "Family Games",
                "/browse/toys/family-games/4171_4191_2335373_2204878"
            ],
            [
                "All Board Games",
                "/browse/toys/all-board-games/4171_4191_133123_4497274"
            ],
            [
                "Party Games",
                "/browse/toys/party-games/4171_4191_5016956"
            ],
            [
                "Toys for Kids 5 to 7 Years",
                "/browse/toys/toys-for-kids-5-to-7-years/4171_3318550_617941_8920388"
            ],
            [
                "Adult Games",
                "/browse/toys/adult-games/4171_4191_2335373_9523585"
            ]
        ]
    },
    {
        "title": "Abraham Hunter 1000 piece Jigsaw Puzzle - Horse Valley Farm",
        "url": "https://www.walmart.com/ip/Abraham-Hunter-1000-piece-Jigsaw-Puzzle-Horse-Valley-Farm/360772322",
        "price": "$21.45",
        "stars": "4.8",
        "ratings": "6 ",
        "img": "i5.walmartimages.com/asr/1b1718ce-0cc6-40a2-9691-3d0902835b1c_2.c9998110806848970ba48194e603bdb0.jpeg?odnWidth=612&odnHeight=612&odnBg=ffffff",
        "tags": [
            [
                "Springbok Puzzles",
                "/browse/toys/springbok-puzzles/4171_4191_163840_2713586_1832423"
            ],
            [
                "500 Piece Jigsaws",
                "/browse/toys/500-piece-jigsaws/4171_4191_163840_2972767"
            ],
            [
                "Thomas Kinkade Puzzles",
                "/browse/toys/thomas-kinkade-puzzles/4171_4191_163840_2713586_3945720"
            ],
            [
                "750 Piece Jigsaws",
                "/browse/toys/750-piece-jigsaws/4171_4191_163840_4166037"
            ],
            [
                "Jigsaw Puzzles",
                "/browse/toys/jigsaw-puzzles/4171_4191_163840_4981610"
            ],
            [
                "Kids Puzzles",
                "/browse/toys/kids-puzzles/4171_4191_163840_6928209"
            ],
            [
                "Ceaco Shelf",
                "/browse/toys/ceaco-shelf/4171_4191_163840_7820798"
            ]
        ]
    },
    {
        "title": "Bakugan Starter Pack 3-Pack, Trox Ultra, Armored Alliance Collectible Action Figures",
        "url": "https://www.walmart.com/ip/Bakugan-Starter-Pack-3-Pack-Trox-Ultra-Armored-Alliance-Collectible-Action-Figures/922843817",
        "price": "$19.87",
        "stars": "4.5",
        "ratings": "66 ",
        "img": "i5.walmartimages.com/asr/ce64d6fc-c8ab-4817-81be-14b2ac425c6c_1.89879023488f66f9a3e7480ed017ede2.jpeg?odnWidth=612&odnHeight=612&odnBg=ffffff",
        "tags": [
            [
                "All Action Figure Playsets",
                "/browse/toys/all-action-figure-playsets/4171_4172_9845227_1156794"
            ],
            [
                "Beyblade & Bakugan",
                "/browse/toys/beyblade-bakugan/4171_4191_1652049"
            ],
            [
                "All Trading Cards",
                "/browse/toys/all-trading-cards/4171_4191_9807313_4193925"
            ],
            [
                "Paw Patrol",
                "/browse/toys/paw-patrol/4171_1111647_5084539"
            ],
            [
                "Dragon Toys",
                "/browse/toys/dragon-toys/4171_7357538_5461952"
            ],
            [
                "Hatchimals",
                "/browse/toys/hatchimals/4171_3438149_8277039"
            ],
            [
                "Batman Action Figures",
                "/browse/toys/batman-action-figures/4171_4172_9730655"
            ]
        ]
    },
    {
        "title": "Mexican Train Dominoes Game in Aluminum Carry Case",
        "url": "https://www.walmart.com/ip/Mexican-Train-Dominoes-Game-in-Aluminum-Carry-Case/183087570",
        "price": "$24.74",
        "stars": "4.2",
        "ratings": "16 ",
        "img": "i5.walmartimages.com/asr/5e9aada7-daa9-4437-a2b2-a579e7652e41_2.2288cad35cff927c7ae5f567eab7839f.jpeg?odnWidth=612&odnHeight=612&odnBg=ffffff",
        "tags": [
            [
                "Shop Toys by Price",
                "/browse/shop-toys-by-price/4171_1263324"
            ],
            [
                "Family Games",
                "/browse/toys/family-games/4171_4191_2335373_2204878"
            ],
            [
                "All Board Games",
                "/browse/toys/all-board-games/4171_4191_133123_4497274"
            ],
            [
                "Toys for Kids 8 to 11 Years",
                "/browse/toys/toys-for-kids-8-to-11-years/4171_3318550_617942_8104028"
            ],
            [
                "Toys for Kids 5 to 7 Years",
                "/browse/toys/toys-for-kids-5-to-7-years/4171_3318550_617941_8920388"
            ],
            [
                "Baby Games",
                "/browse/toys/baby-games/4171_4191_2335373_9325198"
            ],
            [
                "Adult Games",
                "/browse/toys/adult-games/4171_4191_2335373_9523585"
            ]
        ]
    },
    {
        "title": "Disney/Pixar Toy Story 4 Classic Mr. Potato Head Figure",
        "url": "https://www.walmart.com/ip/Disney-Pixar-Toy-Story-4-Classic-Mr-Potato-Head-Figure/844335945",
        "price": "$9.99",
        "stars": "4.5",
        "ratings": "23 ",
        "img": "i5.walmartimages.com/asr/201537ef-1230-4dfb-91f0-f08f03fa73dc_1.1c93d8107301d17df0aa313087f7cdd1.jpeg?odnWidth=612&odnHeight=612&odnBg=ffffff",
        "tags": [
            [
                "Shop Toys by Price",
                "/browse/shop-toys-by-price/4171_1263324"
            ],
            [
                "All Action Figures",
                "/browse/toys/all-action-figures/4171_4172_133130"
            ],
            [
                "Slinkys",
                "/browse/toys/slinkys/4171_5178010_3461389"
            ],
            [
                "Gifts for 4 year old boy",
                "/browse/toys/gifts-for-4-year-old-boy/4171_3318550_7016108_4071474"
            ],
            [
                "Toys for Kids 2 to 4 Years",
                "/browse/toys/toys-for-kids-2-to-4-years/4171_3318550_7016108_4703344"
            ],
            [
                "Disney Action Figures",
                "/browse/toys/disney-action-figures/4171_4172_5217603"
            ],
            [
                "Fisher Price Preschool Toys",
                "/browse/toys/fisher-price-preschool-toys/4171_1077545_8882678"
            ],
            [
                "Imaginext Toy Story",
                "/browse/toys/imaginext-toy-story/4171_4172_1574302_9096511"
            ]
        ]
    },
    {
        "title": "Buffalo Games - Majestic Castles Puzzle Assortment - 750 Piece (Styles May Vary)",
        "url": "https://www.walmart.com/ip/Buffalo-Games-Majestic-Castles-Puzzle-Assortment-750-Piece-Styles-May-Vary/50754672",
        "price": "$9.97",
        "stars": "4.6",
        "ratings": "13 ",
        "img": "",
        "tags": [
            [
                "Springbok Puzzles",
                "/browse/toys/springbok-puzzles/4171_4191_163840_2713586_1832423"
            ],
            [
                "500 Piece Jigsaws",
                "/browse/toys/500-piece-jigsaws/4171_4191_163840_2972767"
            ],
            [
                "Thomas Kinkade Puzzles",
                "/browse/toys/thomas-kinkade-puzzles/4171_4191_163840_2713586_3945720"
            ],
            [
                "1000 Piece Jigsaws",
                "/browse/toys/1000-piece-jigsaws/4171_4191_163840_3974623"
            ],
            [
                "750 Piece Jigsaws",
                "/browse/toys/750-piece-jigsaws/4171_4191_163840_4166037"
            ],
            [
                "300 Piece Jigsaws",
                "/browse/toys/300-piece-jigsaws/4171_4191_163840_4640812"
            ],
            [
                "Kids Puzzles",
                "/browse/toys/kids-puzzles/4171_4191_163840_6928209"
            ],
            [
                "Ceaco Shelf",
                "/browse/toys/ceaco-shelf/4171_4191_163840_7820798"
            ]
        ]
    },
    {
        "title": "LEGO Hidden Side Augmented Reality (AR) Ghost Train Express 70424 (697 Pieces)",
        "url": "https://www.walmart.com/ip/LEGO-Hidden-Side-Augmented-Reality-AR-Ghost-Train-Express-70424-697-Pieces/640218294",
        "price": "$63.97",
        "stars": "4.4",
        "ratings": "14 ",
        "img": "",
        "tags": [
            [
                "LEGO Easter Building Sets",
                "/browse/toys/lego-easter-building-sets/4171_4186_1105635_2668753"
            ],
            [
                "Lego Train Sets",
                "/browse/toys/lego-train-sets/4171_1111647_3019366"
            ],
            [
                "LEGO Hidden Side",
                "/browse/toys/lego-hidden-side/4171_4186_1105635_3653263"
            ],
            [
                "Building Sets for Boys",
                "/browse/toys/building-sets-for-boys/4171_1228478_4255542"
            ],
            [
                "LEGO Sets Ages 12+",
                "/browse/toys/lego-sets-ages-12/4171_4186_1105635_4836372"
            ],
            [
                "Building Toys Ages 8 to 11",
                "/browse/toys/building-toys-ages-8-to-11/4171_4186_6416592"
            ],
            [
                "LEGO Sets Ages 8 to 11",
                "/browse/toys/lego-sets-ages-8-to-11/4171_4186_1105635_6901070"
            ],
            [
                "Building Toys Ages 12+",
                "/browse/toys/building-toys-ages-12/4171_4186_9012439"
            ]
        ]
    },
    {
        "title": "Ultra Pro Pokemon Poke Ball, 2\", 3-Ring Binder",
        "url": "https://www.walmart.com/ip/Ultra-Pro-Pokemon-Poke-Ball-2-3-Ring-Binder/55040215",
        "price": "$13.99",
        "stars": "4.1",
        "ratings": "22 ",
        "img": "i5.walmartimages.com/asr/8353a34b-ed6c-4ddb-a86c-dd665c2b28ef_1.20a0e222c0185233a00ded1b0fc344b0.jpeg?odnWidth=612&odnHeight=612&odnBg=ffffff",
        "tags": [
            [
                "Pokemon Collector's Tin",
                "/browse/toys/pokemon-collectors-tin/4171_4191_9807313_4252400_2810627"
            ],
            [
                "Detective Pikachu Toys",
                "/browse/toys/detective-pikachu-toys/4171_3438149_3727466"
            ],
            [
                "All Trading Cards",
                "/browse/toys/all-trading-cards/4171_4191_9807313_4193925"
            ],
            [
                "Pokemon TCG",
                "/browse/toys/pokemon-tcg/4171_4191_9807313_4252400_4532494"
            ],
            [
                "Pokemon Games",
                "/browse/toys/pokemon-games/4171_7357538_9574778_4713369"
            ],
            [
                "Trading Card Binders & Sleeves",
                "/browse/toys/trading-card-binders-sleeves/4171_4191_9807313_6502801"
            ],
            [
                "Pokemon Trading Card Binders & Holders",
                "/browse/toys/pokemon-trading-card-binders-holders/4171_4191_9807313_4252400_6970786"
            ],
            [
                "Pokemon Booster Box",
                "/browse/toys/pokemon-booster-box/4171_4191_9807313_4252400_7038039"
            ]
        ]
    },
    {
        "title": "Trouble: DreamWorks Trolls World Tour Edition, 2-4 Players",
        "url": "https://www.walmart.com/ip/Trouble-DreamWorks-Trolls-World-Tour-Edition-2-4-Players/566704657",
        "price": "$13.99",
        "stars": "4.8",
        "ratings": "19 ",
        "img": "i5.walmartimages.com/asr/aee87642-a29b-41ce-893a-fc30a9196251_1.f8d0407f8c0271df94bcb08e743f9c36.jpeg?odnWidth=612&odnHeight=612&odnBg=ffffff",
        "tags": [
            [
                "Classic Games",
                "/browse/toys/classic-games/4171_4191_2084995"
            ],
            [
                "Family Games",
                "/browse/toys/family-games/4171_4191_2335373_2204878"
            ],
            [
                "Trolls Dolls",
                "/browse/toys/trolls-dolls/4171_4187_8051423_2648781"
            ],
            [
                "All Trolls Toys",
                "/browse/toys/all-trolls-toys/4171_7357538_9587579_3802039"
            ],
            [
                "All Board Games",
                "/browse/toys/all-board-games/4171_4191_133123_4497274"
            ],
            [
                "Monopoly",
                "/browse/toys/monopoly/4171_4191_133123_6792970"
            ],
            [
                "Trolls Games",
                "/browse/toys/trolls-games/4171_7357538_9587579_9780621"
            ]
        ]
    },
    {
        "title": "Only At Walmart: The Game of Life: A Day at the Dog Park Board Game Walmart Exclusive",
        "url": "https://www.walmart.com/ip/Only-At-Walmart-The-Game-of-Life-A-Day-at-the-Dog-Park-Board-Game-Walmart-Exclusive/916548907",
        "price": "$19.92",
        "stars": "4.5",
        "ratings": "21 ",
        "img": "i5.walmartimages.com/asr/6a5b75b8-8e75-499d-8b3a-c1a639292ef0.09cd7d5d95e177420f54f8baeaac79d2.jpeg?odnWidth=612&odnHeight=612&odnBg=ffffff",
        "tags": [
            [
                "Card Games",
                "/browse/toys/card-games/4171_4191_163842"
            ],
            [
                "Classic Games",
                "/browse/toys/classic-games/4171_4191_2084995"
            ],
            [
                "Family Games",
                "/browse/toys/family-games/4171_4191_2335373_2204878"
            ],
            [
                "All Board Games",
                "/browse/toys/all-board-games/4171_4191_133123_4497274"
            ],
            [
                "Monopoly",
                "/browse/toys/monopoly/4171_4191_133123_6792970"
            ],
            [
                "Toys for Kids 8 to 11 Years",
                "/browse/toys/toys-for-kids-8-to-11-years/4171_3318550_617942_8104028"
            ],
            [
                "Funko Pop Games",
                "/browse/toys/funko-pop-games/4171_4172_4294413_9788314"
            ]
        ]
    }
]