[
    {
        "title": "Disney Deluxe Minnie Mouse Plane Activity Ride-On with Lights and Sounds",
        "url": "https://www.walmart.com/ip/Disney-Deluxe-Minnie-Mouse-Plane-Activity-Ride-On-with-Lights-and-Sounds/53733286",
        "price": "$34.84",
        "stars": "4.6",
        "ratings": "90 ",
        "img": "i5.walmartimages.com/asr/9f72bcf7-60d8-40d8-b4b1-429f7b508d37.fb7998ac5799eabe1ac1ec07684f588c.jpeg?odnWidth=612&odnHeight=612&odnBg=ffffff",
        "tags": [
            [
                "Push Cars",
                "/browse/toys/push-cars/4171_133073_6774653_4137853_1305849"
            ],
            [
                "Ride Ons for Girls",
                "/browse/toys/ride-ons-for-girls/4171_1228477_3574057_1348260"
            ],
            [
                "Frozen Ride Ons",
                "/browse/toys/frozen-ride-ons/4171_133073_6774653_6489011_1583178"
            ],
            [
                "6V Powered Ride Ons",
                "/browse/toys/6v-powered-ride-ons/4171_133073_6774653_8911690_7715141_1945060"
            ],
            [
                "All Minnie Mouse Toys",
                "/browse/toys/all-minnie-mouse-toys/4171_7357538_8112673_2768272"
            ],
            [
                "Minnie Mouse Ride-Ons",
                "/browse/toys/minnie-mouse-ride-ons/4171_7357538_8112673_3834194"
            ],
            [
                "Foot to Floor Ride Ons",
                "/browse/toys/foot-to-floor-ride-ons/4171_133073_6774653_4137853_4927746"
            ]
        ]
    },
    {
        "title": "Fisher-Price Laugh & Learn Count & Rumble Piggy Bank",
        "url": "https://www.walmart.com/ip/Fisher-Price-Laugh-Learn-Count-Rumble-Piggy-Bank/526809882",
        "price": "$14.95",
        "stars": "4.7",
        "ratings": "40 ",
        "img": "i5.walmartimages.com/asr/c8a8b076-19c1-4336-901e-4b009b471523_1.d2afe209b711051ec72c88b187c7d411.jpeg?odnWidth=612&odnHeight=612&odnBg=ffffff",
        "tags": [
            [
                "Ages 0-12 months",
                "/browse/baby/ages-0-12-months/5427_491351_1081264"
            ],
            [
                "Ages 12-24 months",
                "/browse/baby/ages-12-24-months/5427_491351_1081284"
            ],
            [
                "12-18 Month Toys",
                "/browse/baby/12-18-month-toys/5427_491351_2793475"
            ],
            [
                "Push, Pull, and Walker Toys",
                "/browse/baby/push-pull-walker-toys/5427_491351_3498802"
            ],
            [
                "Fisher Price Baby Toys",
                "/browse/baby/fisher-price-baby-toys/5427_491351_3913250"
            ],
            [
                "Fisher Price Electronic Baby Toys",
                "/browse/baby/fisher-price-electronic-baby-toys/5427_491351_6845286"
            ],
            [
                "Shape Sorters and Stacking Toys",
                "/browse/baby/shape-sorters-stacking-toys/5427_491351_7316417"
            ],
            [
                "Fisher Price Toddler",
                "/browse/fisher-price-toddler/5427_8667173"
            ]
        ]
    },
    {
        "title": "12\" Marvel Spider-Man Bike for Boys' by Huffy",
        "url": "https://www.walmart.com/ip/12-Marvel-Spider-Man-Bike-for-Boys-by-Huffy/125031062",
        "price": "$74.00",
        "stars": "4.6",
        "ratings": "97 ",
        "img": "i5.walmartimages.com/asr/260c8ec8-f0c0-4bc9-a1b6-a1356071215c_1.05e8e9a20a9fb11f2d7999b731dee940.jpeg?odnWidth=612&odnHeight=612&odnBg=ffffff",
        "tags": [
            [
                "Kids' Bike Helmets & Jaw Pads",
                "/browse/toys/kids-bike-helmets-jaw-pads/4171_133073_5310116_9137144_1225456"
            ],
            [
                "All Scooters",
                "/browse/toys/all-scooters/4171_133073_6774653_4137853_3209634_132589"
            ],
            [
                "BIkes for Girls",
                "/browse/toys/bikes-for-girls/4171_1228477_3574057_1533396"
            ],
            [
                "All Disney Toys",
                "/browse/toys/all-disney-toys/4171_6909449_1773797"
            ],
            [
                "6V Powered Ride Ons",
                "/browse/toys/6v-powered-ride-ons/4171_133073_6774653_8911690_7715141_1945060"
            ],
            [
                "Ride Ons for Boys",
                "/browse/toys/ride-ons-for-boys/4171_1228478_3172813_7785372"
            ],
            [
                "PAW Patrol Toys",
                "/browse/toys/paw-patrol-toys/4171_3438149_8288276"
            ],
            [
                "Huffy Ride Ons",
                "/browse/toys/huffy-ride-ons/4171_133073_6774653_6489011_8546372"
            ]
        ]
    },
    {
        "title": "Hot Wheels Mega Hauler Vehicle with 6 Expandable Levels",
        "url": "https://www.walmart.com/ip/Hot-Wheels-Mega-Hauler-Vehicle-with-6-Expandable-Levels/213905243",
        "price": "$14.97",
        "stars": "4.3",
        "ratings": "69 ",
        "img": "i5.walmartimages.com/asr/11d883e7-ca34-46e3-b46f-0757be1cb8f7_1.a4d142791a65541303f68054597453fc.jpeg?odnWidth=612&odnHeight=612&odnBg=ffffff",
        "tags": [
            [
                "Shop All Car Tracks",
                "/browse/toys/shop-all-car-tracks/4171_1111647_132910_132968"
            ],
            [
                "Diecast and Mini Vehicles",
                "/browse/toys/diecast-mini-vehicles/4171_1111647_1744202"
            ],
            [
                "Play Vehicles by Brand",
                "/browse/toys/play-vehicles-by-brand/4171_1111647_132910_4726205"
            ],
            [
                "All Hot Wheels Cars",
                "/browse/toys/all-hot-wheels-cars/4171_3438149_5657331_5114063_5595943"
            ],
            [
                "Hot Wheels",
                "/browse/toys/hot-wheels/4171_3438149_8420675"
            ],
            [
                "Car Tracks",
                "/browse/toys/car-tracks/4171_1111647_132910_9741819"
            ],
            [
                "Play Vehicles by Price",
                "/browse/toys/play-vehicles-by-price/4171_1111647_132910_9814941"
            ]
        ]
    },
    {
        "title": "Spark. Create. Imagine. Wooden Animal Blocks with Shape Sorting Lid, 150 Pieces",
        "url": "https://www.walmart.com/ip/Spark-Create-Imagine-Wooden-Animal-Blocks-with-Shape-Sorting-Lid-150-Pieces/46691743",
        "price": "$13.88",
        "stars": "4.8",
        "ratings": "113 ",
        "img": "i5.walmartimages.com/asr/f9a052a7-a45b-419f-a97b-7a4e4ff83052_2.cb4faee215810a77e607bcc9364a3af0.jpeg?odnWidth=612&odnHeight=612&odnBg=ffffff",
        "tags": [
            [
                "Science & Education",
                "/browse/toys/science-education/4171_56125_164140"
            ],
            [
                "All Wooden Blocks",
                "/browse/toys/all-wooden-blocks/4171_4186_5750443_5805821"
            ],
            [
                "Melissa & Doug Toys",
                "/browse/toys/melissa-doug-toys/4171_3438149_5908879"
            ],
            [
                "All Magnetic Toys",
                "/browse/toys/all-magnetic-toys/4171_4186_9212939_6461551"
            ],
            [
                "Toys for 4 year olds",
                "/browse/toys/toys-for-4-year-olds/4171_3318550_7016108_6734866"
            ],
            [
                "Toys for 2 year olds",
                "/browse/toys/toys-for-2-year-olds/4171_3318550_7016108_7131451"
            ],
            [
                "Toys for 3 year olds",
                "/browse/toys/toys-for-3-year-olds/4171_3318550_7016108_9012469"
            ]
        ]
    },
    {
        "title": "World of Nintendo Mario Kart Mini RC Racer",
        "url": "https://www.walmart.com/ip/World-of-Nintendo-Mario-Kart-Mini-RC-Racer/52290068",
        "price": "$39.00",
        "stars": "4.1",
        "ratings": "94 ",
        "img": "i5.walmartimages.com/asr/64586087-304a-448f-85d4-16cab614b64c_1.c41ae418e0db8d285bd5257d61860b94.jpeg?odnWidth=612&odnHeight=612&odnBg=ffffff",
        "tags": [
            [
                "Father's Day Electronics",
                "/browse/seasonal/fathers-day-electronics/1085632_1094344_2365074"
            ],
            [
                "Connected Dorm Room",
                "/browse/seasonal/connected-dorm-room/1085632_8174172_6292484_2548864"
            ],
            [
                "Shop All Glass",
                "/browse/seasonal/shop-all-glass/1085632_1071204_4976191"
            ],
            [
                "Mother's Day Electronics Gifts",
                "/browse/seasonal/mothers-day-electronics-gifts/1085632_1093554_5742102"
            ],
            [
                "Audio",
                "/browse/seasonal/audio/1085632_8174172_6292484_5759323"
            ],
            [
                "Tax Free Shop All",
                "/browse/tax-free-shop-all/1085632_6767877"
            ],
            [
                "Electronics Gifts for Grads",
                "/browse/seasonal/electronics-gifts-for-grads/1085632_1105121_7594959"
            ],
            [
                "Back to School Home Audio Visual",
                "/browse/seasonal/back-to-school-home-audio-visual/1085632_1071204_7767149_8665149"
            ]
        ]
    },
    {
        "title": "Paw Patrol, Lights and Sounds Air Patroller Plane",
        "url": "https://www.walmart.com/ip/Paw-Patrol-Lights-and-Sounds-Air-Patroller-Plane/49232815",
        "price": "$36.99",
        "stars": "4.8",
        "ratings": "194 ",
        "img": "i5.walmartimages.com/asr/8384250a-b8a6-4228-bc67-0f4853b1ac1f_1.32313d71b3970b4d577fc1fc113b71c7.jpeg?odnWidth=612&odnHeight=612&odnBg=ffffff",
        "tags": [
            [
                "PJ Masks and Paw Patrol",
                "/browse/toys/pj-masks-paw-patrol/4171_1077545_1551562"
            ],
            [
                "Paw Patrol Toys",
                "/browse/toys/paw-patrol-toys/4171_7357538_1804970"
            ],
            [
                "All Preschool Vehicles & Playsets",
                "/browse/toys/all-preschool-vehicles-playsets/4171_1111647_5858854_3439996"
            ],
            [
                "Paw Patrol",
                "/browse/toys/paw-patrol/4171_1111647_5084539"
            ],
            [
                "All Play Vehicles",
                "/browse/toys/all-play-vehicles/4171_1111647_132910_5519114"
            ],
            [
                "PAW Patrol Toys",
                "/browse/toys/paw-patrol-toys/4171_3438149_8288276"
            ],
            [
                "Play Vehicles by Price",
                "/browse/toys/play-vehicles-by-price/4171_1111647_132910_9814941"
            ]
        ]
    },
    {
        "title": "Nick Jr. Paw Patrol 6V Plush Ride ons for Toddlers - Chase/Marshall/Skye",
        "url": "https://www.walmart.com/ip/Nick-Jr-Paw-Patrol-6V-Plush-Ride-ons-for-Toddlers-Chase-Marshall-Skye/663126981",
        "price": "$69.00",
        "stars": "3.5",
        "ratings": "400 ",
        "img": "i5.walmartimages.com/asr/76dedfcb-17d7-4501-bdfa-b1ad5304bd28_1.20fed6fde5c51b05a8b5d58689bad547.jpeg?odnWidth=612&odnHeight=612&odnBg=ffffff",
        "tags": [
            [
                "Ride Ons for Girls",
                "/browse/toys/ride-ons-for-girls/4171_1228477_3574057_1348260"
            ],
            [
                "PJ Masks and Paw Patrol",
                "/browse/toys/pj-masks-paw-patrol/4171_1077545_1551562"
            ],
            [
                "6V Powered Ride Ons",
                "/browse/toys/6v-powered-ride-ons/4171_133073_6774653_8911690_7715141_1945060"
            ],
            [
                "Plush Ride ons",
                "/browse/toys/plush-ride-ons/4171_133073_6774653_2869215"
            ],
            [
                "All Powered Ride Ons",
                "/browse/toys/all-powered-ride-ons/4171_133073_6774653_8911690_3288692"
            ],
            [
                "PAW Patrol Toys",
                "/browse/toys/paw-patrol-toys/4171_3438149_8288276"
            ],
            [
                "Huffy Ride Ons",
                "/browse/toys/huffy-ride-ons/4171_133073_6774653_6489011_8546372"
            ]
        ]
    },
    {
        "title": "Nintendo Switch Console, Animal Crossing: New Horizons Edition",
        "url": "https://www.walmart.com/ip/Nintendo-Switch-Console-Animal-Crossing-New-Horizons-Edition/539083068",
        "price": "$299.00",
        "stars": "3.9",
        "ratings": "118 ",
        "img": "i5.walmartimages.com/asr/aaa6495c-a918-4f98-8647-dcf0e0a261ed_1.fd7c21fe466336697ef2ebd4cd0349cf.jpeg?odnWidth=612&odnHeight=612&odnBg=ffffff",
        "tags": [
            [
                "Accessories for Nintendo, PC, Xbox and PlayStation Systems",
                "/browse/video-games/accessories-for-nintendo-pc-xbox-playstation-systems/2636_1229019_1040581"
            ],
            [
                "PlayStation 4 (PS4) Consoles",
                "/browse/video-games/playstation-4-ps4-consoles/2636_1102672_1106096"
            ],
            [
                "Super Mario Video Games",
                "/browse/video-games/super-mario-video-games/2636_7899038_8118352_1512800"
            ],
            [
                "Nintendo Switch Consoles",
                "/browse/video-games/nintendo-switch-consoles/2636_4646529_2002476"
            ],
            [
                "Nintendo Switch Games",
                "/browse/video-games/nintendo-switch-games/2636_4646529_4234943"
            ],
            [
                "Nintendo Switch Accessories",
                "/browse/video-games/nintendo-switch-accessories/2636_4646529_6537762"
            ],
            [
                "Action & Adventure Games",
                "/browse/video-games/action-adventure-games/2636_7899038_8055400_7875410"
            ],
            [
                "Nintendo Switch Lite Consoles",
                "/browse/video-games/nintendo-switch-lite-consoles/2636_4646529_8625859"
            ]
        ]
    },
    {
        "title": "VTech, Count and Chomp Dino, Dinosaur Learning Toy for 1 Year Olds",
        "url": "https://www.walmart.com/ip/VTech-Count-and-Chomp-Dino-Dinosaur-Learning-Toy-for-1-Year-Olds/36276650",
        "price": "$19.82",
        "stars": "4.6",
        "ratings": "117 ",
        "img": "i5.walmartimages.com/asr/8e6907f0-0e39-4719-b7c7-a7b036448427_1.84aa989bfaff2852c3f31648ce098b50.jpeg?odnWidth=612&odnHeight=612&odnBg=ffffff",
        "tags": [
            [
                "Ages 0-12 months",
                "/browse/baby/ages-0-12-months/5427_491351_1081264"
            ],
            [
                "Ages 12-24 months",
                "/browse/baby/ages-12-24-months/5427_491351_1081284"
            ],
            [
                "Baby and Toddler Music Toys",
                "/browse/baby/baby-toddler-music-toys/5427_491351_164198"
            ],
            [
                "12-18 Month Toys",
                "/browse/baby/12-18-month-toys/5427_491351_2793475"
            ],
            [
                "Baby Toys",
                "/browse/baby/baby-toys/5427_491351_3021491"
            ],
            [
                "Fisher Price Baby Toys",
                "/browse/baby/fisher-price-baby-toys/5427_491351_3913250"
            ],
            [
                "Fisher Price Toddler",
                "/browse/fisher-price-toddler/5427_8667173"
            ],
            [
                "Vtech Baby and Toddler Toys",
                "/browse/baby/vtech-baby-toddler-toys/5427_491351_9427535"
            ]
        ]
    }
]