[
    {
        "title": "Star Wars First Order Stormtrooper Robot With Companion App, UBTECH, 858119007034",
        "url": "https://www.walmart.com/ip/Star-Wars-First-Order-Stormtrooper-Robot-With-Companion-App-UBTECH-858119007034/102194487",
        "price": "$99.95",
        "stars": "2.9",
        "ratings": "11 ",
        "img": "i5.walmartimages.com/asr/a90f2ba5-82bc-42b1-a448-3354dfa362db_1.fd4b2df292d699c23582e873ed8c2ee4.jpeg?odnWidth=612&odnHeight=612&odnBg=ffffff",
        "tags": [
            [
                "Shop all Iron Man",
                "/browse/shop-by-movie/shop-all-iron-man/5920738_2554820_3815842_5739491_2311507"
            ],
            [
                "The Child",
                "/browse/shop-by-movie/the-child/5920738_1229472_7208084_4209242"
            ],
            [
                "The First Order",
                "/browse/shop-by-movie/the-first-order/5920738_1229472_7208084_4721463"
            ],
            [
                "Light Side",
                "/browse/shop-by-movie/light-side/5920738_1229472_5804353"
            ],
            [
                "Dark Side",
                "/browse/shop-by-movie/dark-side/5920738_1229472_7947605"
            ],
            [
                "Stormtrooper",
                "/browse/shop-by-movie/stormtrooper/5920738_1229472_7208084_8471547"
            ],
            [
                "Iron Man Toys",
                "/browse/shop-by-movie/iron-man-toys/5920738_2554820_3815842_5739491_9507448"
            ],
            [
                "Star Wars Episodes 7-9",
                "/browse/shop-by-movie/star-wars-episodes-7-9/5920738_1229472_2558562_9515423"
            ]
        ]
    },
    {
        "title": "matoen Music Light Cute Robotic Electronic Walking Pet Dog Puppy Kids Toy BW",
        "url": "https://www.walmart.com/ip/matoen-Music-Light-Cute-Robotic-Electronic-Walking-Pet-Dog-Puppy-Kids-Toy-BW/507685833",
        "price": "$8.99",
        "stars": 0,
        "ratings": 0,
        "img": "i5.walmartimages.com/asr/db42e914-05a3-42a2-bbdf-f76923036bac_1.228404146ec3d80abd38959ee4c355ed.jpeg?odnWidth=612&odnHeight=612&odnBg=ffffff",
        "tags": [
            [
                "Multipet Dog Toys",
                "/browse/pets/multipet-dog-toys/5440_202072_2243339_1604283"
            ],
            [
                "Nylabone Dog Treats",
                "/browse/pets/nylabone-dog-treats/5440_202072_6432755_8052432_1971220"
            ],
            [
                "Vibrant Life Dog Toys",
                "/browse/pets/vibrant-life-dog-toys/5440_202072_2243339_2833242"
            ],
            [
                "Hartz Dog Toys",
                "/browse/pets/hartz-dog-toys/5440_202072_2243339_2923327"
            ],
            [
                "Dog Fetch Toys",
                "/browse/pets/dog-fetch-toys/5440_202072_2243339_3236357"
            ],
            [
                "Dog Chew Toy",
                "/browse/pets/dog-chew-toy/5440_202072_2243339_6062640"
            ],
            [
                "Nylabone Dog Supplies",
                "/browse/pets/nylabone-dog-supplies/5440_202072_2243339_8633121"
            ],
            [
                "Dog Plush Toys",
                "/browse/pets/dog-plush-toys/5440_202072_2243339_8633816"
            ]
        ]
    },
    {
        "title": "Triceratops Robot Walking Dinosaur With Lights And Sounds Interactive Play Kids Smart Robotic Pet Dino Electronic Toy Easy To Use Function Battery Operated Great Gift For Children Boys Girls Toddlers",
        "url": "https://www.walmart.com/ip/Triceratops-Robot-Walking-Dinosaur-With-Lights-And-Sounds-Interactive-Play-Kids-Smart-Robotic-Pet-Dino-Electronic-Toy-Easy-To-Use-Function-Battery-Op/482492218",
        "price": "$16.95",
        "stars": "5.0",
        "ratings": "2 ",
        "img": "i5.walmartimages.com/asr/292f58c1-7460-425e-a577-b278084b46cf_1.d6f312293cc46144c6da7310179cf338.jpeg?odnWidth=612&odnHeight=612&odnBg=ffffff",
        "tags": [
            [
                "Electronic Toys",
                "/browse/toys/electronic-toys/4171_1096069_1105959_1096123"
            ],
            [
                "Fingerlings",
                "/browse/toys/fingerlings/4171_4187_1741575"
            ],
            [
                "Army Tank Models",
                "/browse/toys/army-tank-models/4171_2229239_2096669"
            ],
            [
                "Robotic Toys",
                "/browse/toys/robotic-toys/4171_1096069_1105959_2211540"
            ],
            [
                "Police Car Toys",
                "/browse/toys/police-car-toys/4171_1111647_3870240"
            ],
            [
                "Electronic Pets",
                "/browse/toys/electronic-pets/4171_4187_4209464"
            ],
            [
                "All Toy Sports Equipment",
                "/browse/toys/all-toy-sports-equipment/4171_14521_1699076_6100690"
            ],
            [
                "Robot Toys",
                "/browse/toys/robot-toys/4171_1229858_8116584"
            ]
        ]
    },
    {
        "title": "Transformer RC Robot Car Remote Control 2 in 1 Kids Boys Toy 1:18 Yellow",
        "url": "https://www.walmart.com/ip/Transformer-RC-Robot-Car-Remote-Control-2-in-1-Kids-Boys-Toy-1-18-Yellow/738793743",
        "price": "$25.99",
        "stars": "1.0",
        "ratings": "1 ",
        "img": "i5.walmartimages.com/asr/6085c80c-e915-43d1-8b23-6e2a8f230830.99c5bcc422cb2e4556d289772ce21136.png?odnWidth=612&odnHeight=612&odnBg=ffffff",
        "tags": [
            [
                "Robots & Electronic Pets",
                "/browse/toys/robots-electronic-pets/4171_1096069_1105959_1105996"
            ],
            [
                "RC Toys by Price",
                "/browse/toys/rc-toys-by-price/4171_1111647_3436383_1341660"
            ],
            [
                "Fingerlings",
                "/browse/toys/fingerlings/4171_4187_1741575"
            ],
            [
                "Robotic Toys",
                "/browse/toys/robotic-toys/4171_1096069_1105959_2211540"
            ],
            [
                "Little Live Pets",
                "/browse/toys/little-live-pets/4171_4187_7790702_3693047"
            ],
            [
                "Electronic Pets",
                "/browse/toys/electronic-pets/4171_4187_4209464"
            ],
            [
                "Robot Toys",
                "/browse/toys/robot-toys/4171_1229858_8116584"
            ],
            [
                "RC Toys by Brand",
                "/browse/toys/rc-toys-by-brand/4171_1111647_3436383_8304402"
            ]
        ]
    },
    {
        "title": "Cartoon Electronic Pet Game Handheld Virtual Pet Kids Toy Gift",
        "url": "https://www.walmart.com/ip/Cartoon-Electronic-Pet-Game-Handheld-Virtual-Pet-Kids-Toy-Gift/208551210",
        "price": "$24.40",
        "stars": "5.0",
        "ratings": "2 ",
        "img": "i5.walmartimages.com/asr/49fc4445-c92b-44e8-b921-d22f268e0309_1.24c8cedf80f6d0f7dcd3a387cf68eea2.jpeg?odnWidth=612&odnHeight=612&odnBg=ffffff",
        "tags": [
            [
                "Electronic Toys",
                "/browse/toys/electronic-toys/4171_1096069_1105959_1096123"
            ],
            [
                "Fingerlings",
                "/browse/toys/fingerlings/4171_4187_1741575"
            ],
            [
                "Robotic Toys",
                "/browse/toys/robotic-toys/4171_1096069_1105959_2211540"
            ],
            [
                "Little Live Pets",
                "/browse/toys/little-live-pets/4171_4187_7790702_3693047"
            ],
            [
                "Electronic Pets",
                "/browse/toys/electronic-pets/4171_4187_4209464"
            ],
            [
                "Furreal Friends",
                "/browse/toys/furreal-friends/4171_4187_5776542"
            ],
            [
                "Robot Toys",
                "/browse/toys/robot-toys/4171_1229858_8116584"
            ],
            [
                "Tamagotchi",
                "/browse/toys/tamagotchi/4171_8039111_9266128"
            ]
        ]
    },
    {
        "title": "Think Fun Rush Hour Game",
        "url": "https://www.walmart.com/ip/Think-Fun-Rush-Hour-Game/16523271",
        "price": "$35.09",
        "stars": "5.0",
        "ratings": "4 ",
        "img": "",
        "tags": [
            [
                "Classic Games",
                "/browse/toys/classic-games/4171_4191_2084995"
            ],
            [
                "Family Games",
                "/browse/toys/family-games/4171_4191_2335373_2204878"
            ],
            [
                "Little Live Pets",
                "/browse/toys/little-live-pets/4171_4187_7790702_3693047"
            ],
            [
                "Electronic Pets",
                "/browse/toys/electronic-pets/4171_4187_4209464"
            ],
            [
                "3D Puzzles",
                "/browse/toys/3d-puzzles/4171_4191_163840_4244336"
            ],
            [
                "All Board Games",
                "/browse/toys/all-board-games/4171_4191_133123_4497274"
            ],
            [
                "Simon Game",
                "/browse/toys/simon-game/4171_2065565_4859463"
            ]
        ]
    },
    {
        "title": "AGPtek Portable BT MP3 Music Player with FM Lossless Support up to 64 GB\uff0cPink",
        "url": "https://www.walmart.com/ip/AGPtek-Portable-BT-MP3-Music-Player-with-FM-Lossless-Support-up-to-64-GB-Pink/160749435",
        "price": "$23.99",
        "stars": "3.5",
        "ratings": "30 ",
        "img": "i5.walmartimages.com/asr/f80f52c4-14a7-4912-9492-d334e581a822_1.e426050a976a2863f155d073956cb38a.jpeg?odnWidth=612&odnHeight=612&odnBg=ffffff",
        "tags": [
            [
                "Portable Audio",
                "/browse/electronics/portable-audio/3944_96469_1037719"
            ],
            [
                "All Apple iPods",
                "/browse/electronics/all-apple-ipods/3944_96469_1231508_1057284"
            ],
            [
                "iPod Shuffle",
                "/browse/electronics/ipod-shuffle/3944_96469_1231508_1231509"
            ],
            [
                "iPod Nano",
                "/browse/electronics/ipod-nano/3944_96469_1231508_1231510"
            ],
            [
                "iPod Touch",
                "/browse/electronics/ipod-touch/3944_96469_1231508_1231511"
            ],
            [
                "RCA",
                "/browse/electronics/rca/3944_4131277_1776549"
            ],
            [
                "Portable DVD Players",
                "/browse/electronics/portable-dvd-players/3944_77622_7549938_1229631_62056"
            ],
            [
                "Sony",
                "/browse/electronics/sony/3944_4131277_7675262"
            ]
        ]
    },
    {
        "title": "WowWee USA Fingerlings Purple & Blue Baby Fox",
        "url": "https://www.walmart.com/ip/WowWee-USA-Fingerlings-Purple-Blue-Baby-Fox/669648970",
        "price": "$20.77",
        "stars": "4.5",
        "ratings": "2 ",
        "img": "i5.walmartimages.com/asr/19b5be99-b7e0-49f6-9576-ba553d823bcb_1.775d06178d58bcb9af12a6f85575d113.jpeg?odnWidth=612&odnHeight=612&odnBg=ffffff",
        "tags": [
            [
                "Electronic Toys",
                "/browse/toys/electronic-toys/4171_1096069_1105959_1096123"
            ],
            [
                "Robots & Electronic Pets",
                "/browse/toys/robots-electronic-pets/4171_1096069_1105959_1105996"
            ],
            [
                "Fingerlings",
                "/browse/toys/fingerlings/4171_4187_1741575"
            ],
            [
                "Other Unicorn Toys",
                "/browse/toys/other-unicorn-toys/4171_4209468_3940073"
            ],
            [
                "Stuffed Animals for Girls",
                "/browse/toys/stuffed-animals-for-girls/4171_2724815_3975865"
            ],
            [
                "WWE Plush Figures",
                "/browse/toys/wwe-plush-figures/4171_7357538_7087187_4925928"
            ],
            [
                "Zoomer",
                "/browse/toys/zoomer/4171_4187_6227775"
            ],
            [
                "Stuffed Animals for Boys",
                "/browse/toys/stuffed-animals-for-boys/4171_2724815_9211121"
            ]
        ]
    },
    {
        "title": "Anki OVERDRIVE Big Bang Expansion Car Toy",
        "url": "https://www.walmart.com/ip/Anki-OVERDRIVE-Big-Bang-Expansion-Car-Toy/207304648",
        "price": "$29.99",
        "stars": 0,
        "ratings": 0,
        "img": "",
        "tags": [
            [
                "Fast & Furious Toys",
                "/browse/toys/fast-furious-toys/4171_7357538_1262651"
            ],
            [
                "RC Toys by Price",
                "/browse/toys/rc-toys-by-price/4171_1111647_3436383_1341660"
            ],
            [
                "RC Toys by Vehicle Type",
                "/browse/toys/rc-toys-by-vehicle-type/4171_1111647_3436383_2702261"
            ],
            [
                "Fast & Furious RC",
                "/browse/toys/fast-furious-rc/4171_1111647_3436383_5118518"
            ],
            [
                "Cars & SUVs",
                "/browse/toys/cars-suvs/4171_1111647_6169850"
            ],
            [
                "RC Trucks & SUVs",
                "/browse/toys/rc-trucks-suvs/4171_1111647_3436383_6427365"
            ],
            [
                "RC Toys by Brand",
                "/browse/toys/rc-toys-by-brand/4171_1111647_3436383_8304402"
            ],
            [
                "RC Cars",
                "/browse/toys/rc-cars/4171_1111647_8787282"
            ]
        ]
    },
    {
        "title": "vivitar 5.1mp digital camera - color and style may vary",
        "url": "https://www.walmart.com/ip/vivitar-5-1mp-digital-camera-color-and-style-may-vary/866585758",
        "price": "$33.84",
        "stars": "1.3",
        "ratings": "3 ",
        "img": "i5.walmartimages.com/asr/3cdc8fc8-64cd-4b65-8f56-cd931ac2a540_1.ba49739650774bbde79ef7c4567adc33.jpeg?odnWidth=612&odnHeight=612&odnBg=ffffff",
        "tags": [
            [
                "Instant Film Cameras",
                "/browse/electronics/instant-film-cameras/3944_133277_1070984"
            ],
            [
                "Point & Shoot Cameras",
                "/browse/electronics/point-shoot-cameras/3944_133277_1166834"
            ],
            [
                "Waterproof Cameras",
                "/browse/electronics/waterproof-cameras/3944_133277_1166835"
            ],
            [
                "Kodak Cameras",
                "/browse/electronics/kodak-cameras/3944_133277_1231331_1231337"
            ],
            [
                "Polaroid Cameras",
                "/browse/electronics/polaroid-cameras/3944_133277_1231331_4402585"
            ],
            [
                "All Camcorders",
                "/browse/electronics/all-camcorders/3944_133277_4549"
            ],
            [
                "Fujifilm Instax",
                "/browse/electronics/fujifilm-instax/3944_133277_1231331_5022517"
            ],
            [
                "onn. Camera Accessories",
                "/browse/electronics/onn-camera-accessories/3944_133277_132913_4323092_5259738"
            ]
        ]
    }
]