[
    {
        "title": "Buffalo Games - Hautman Brothers - America's Heartland - 1000 Piece Jigsaw Puzzle",
        "url": "https://www.walmart.com/ip/Buffalo-Games-Hautman-Brothers-America-s-Heartland-1000-Piece-Jigsaw-Puzzle/234501446",
        "price": "$31.99",
        "stars": "4.9",
        "ratings": "11 ",
        "img": "i5.walmartimages.com/asr/975a7ccb-04b3-4cb3-879e-7fbf9b5aa116_1.7ebb363316828e4b1766db7104732614.jpeg?odnWidth=612&odnHeight=612&odnBg=ffffff",
        "tags": [
            [
                "Shop Toys by Price",
                "/browse/shop-toys-by-price/4171_1263324"
            ],
            [
                "Springbok Puzzles",
                "/browse/toys/springbok-puzzles/4171_4191_163840_2713586_1832423"
            ],
            [
                "500 Piece Jigsaws",
                "/browse/toys/500-piece-jigsaws/4171_4191_163840_2972767"
            ],
            [
                "750 Piece Jigsaws",
                "/browse/toys/750-piece-jigsaws/4171_4191_163840_4166037"
            ],
            [
                "300 Piece Jigsaws",
                "/browse/toys/300-piece-jigsaws/4171_4191_163840_4640812"
            ],
            [
                "Jigsaw Puzzles",
                "/browse/toys/jigsaw-puzzles/4171_4191_163840_4981610"
            ],
            [
                "Kids Puzzles",
                "/browse/toys/kids-puzzles/4171_4191_163840_6928209"
            ],
            [
                "Ceaco Shelf",
                "/browse/toys/ceaco-shelf/4171_4191_163840_7820798"
            ]
        ]
    },
    {
        "title": "Classic Bug-Building Cootie Family Game, Ages 3 and up",
        "url": "https://www.walmart.com/ip/Classic-Bug-Building-Cootie-Family-Game-Ages-3-and-up/54056451",
        "price": "$19.73",
        "stars": "4.2",
        "ratings": "53 ",
        "img": "i5.walmartimages.com/asr/15961feb-32b0-4cca-a695-402e5ba3007e_1.7ac5c13562041ece314501bfc73455ec.jpeg?odnWidth=612&odnHeight=612&odnBg=ffffff",
        "tags": [
            [
                "Card Games",
                "/browse/toys/card-games/4171_4191_163842"
            ],
            [
                "Classic Games",
                "/browse/toys/classic-games/4171_4191_2084995"
            ],
            [
                "Family Games",
                "/browse/toys/family-games/4171_4191_2335373_2204878"
            ],
            [
                "All Board Games",
                "/browse/toys/all-board-games/4171_4191_133123_4497274"
            ],
            [
                "Toys for Kids 2 to 4 Years",
                "/browse/toys/toys-for-kids-2-to-4-years/4171_3318550_7016108_4703344"
            ],
            [
                "Toys for Kids 5 to 7 Years",
                "/browse/toys/toys-for-kids-5-to-7-years/4171_3318550_617941_8920388"
            ],
            [
                "Adult Games",
                "/browse/toys/adult-games/4171_4191_2335373_9523585"
            ]
        ]
    },
    {
        "title": "Yugioh Dark Side of Dimensions Movie Pack Deck- three Secret Rare packs, 3 of 6 Ultra Rares | Dark Magician or Blue-Eyes White Dragon",
        "url": "https://www.walmart.com/ip/Yugioh-Dark-Side-of-Dimensions-Movie-Pack-Deck-three-Secret-Rare-packs-3-of-6-Ultra-Rares-Dark-Magician-or-Blue-Eyes-White-Dragon/447302839",
        "price": "$18.86",
        "stars": "3.4",
        "ratings": "5 ",
        "img": "i5.walmartimages.com/asr/051340a1-a120-4e61-844f-9717fe3361f0_1.6f50055aec9b6229271b9e42949b5bf9.jpeg?odnWidth=612&odnHeight=612&odnBg=ffffff",
        "tags": [
            [
                "Magic The Gathering Trading Cards",
                "/browse/toys/magic-the-gathering-trading-cards/4171_4191_9807313_1433259"
            ],
            [
                "Topps",
                "/browse/toys/topps/4171_4191_9807313_6249075_1462910"
            ],
            [
                "Card Games",
                "/browse/toys/card-games/4171_4191_163842"
            ],
            [
                "Family Games",
                "/browse/toys/family-games/4171_4191_2335373_2204878"
            ],
            [
                "All Trading Cards",
                "/browse/toys/all-trading-cards/4171_4191_9807313_4193925"
            ],
            [
                "Marvel Role Play",
                "/browse/toys/marvel-role-play/4171_4172_4246921_4722086"
            ],
            [
                "Trading Card Binders & Sleeves",
                "/browse/toys/trading-card-binders-sleeves/4171_4191_9807313_6502801"
            ],
            [
                "Pokemon Trading Card Binders & Holders",
                "/browse/toys/pokemon-trading-card-binders-holders/4171_4191_9807313_4252400_6970786"
            ]
        ]
    },
    {
        "title": "50 Random Pokemon Card Pack Lot - Featuring 1 Break Rare, Foils, Rares, and Holos No Duplication",
        "url": "https://www.walmart.com/ip/50-Random-Pokemon-Card-Pack-Lot-Featuring-1-Break-Rare-Foils-Rares-and-Holos-No-Duplication/868930340",
        "price": "$14.95",
        "stars": "3.6",
        "ratings": "28 ",
        "img": "",
        "tags": [
            [
                "Pokemon Collector's Tin",
                "/browse/toys/pokemon-collectors-tin/4171_4191_9807313_4252400_2810627"
            ],
            [
                "Detective Pikachu Toys",
                "/browse/toys/detective-pikachu-toys/4171_3438149_3727466"
            ],
            [
                "All Trading Cards",
                "/browse/toys/all-trading-cards/4171_4191_9807313_4193925"
            ],
            [
                "Pokemon TCG",
                "/browse/toys/pokemon-tcg/4171_4191_9807313_4252400_4532494"
            ],
            [
                "Pokemon Games",
                "/browse/toys/pokemon-games/4171_7357538_9574778_4713369"
            ],
            [
                "Pokemon Booster Box",
                "/browse/toys/pokemon-booster-box/4171_4191_9807313_4252400_7038039"
            ],
            [
                "Pokemon Mega Cards",
                "/browse/toys/pokemon-mega-cards/4171_4191_9807313_4252400_8528139"
            ],
            [
                "Pokemon Theme Decks",
                "/browse/toys/pokemon-theme-decks/4171_4191_9807313_4252400_9708712"
            ]
        ]
    },
    {
        "title": "Playing Cards, Poker Size Standard Index, 12 Decks of Cards (6 Blue and 6 Red)",
        "url": "https://www.walmart.com/ip/Playing-Cards-Poker-Size-Standard-Index-12-Decks-of-Cards-6-Blue-and-6-Red/295022588",
        "price": "$15.49",
        "stars": "5.0",
        "ratings": "2 ",
        "img": "i5.walmartimages.com/asr/a43da24c-5604-4077-8d0b-0073d4d592f2_1.4da0e797dcad873a0964e189b55916b1.jpeg?odnWidth=612&odnHeight=612&odnBg=ffffff",
        "tags": [
            [
                "Card Games",
                "/browse/toys/card-games/4171_4191_163842"
            ],
            [
                "Classic Games",
                "/browse/toys/classic-games/4171_4191_2084995"
            ],
            [
                "Family Games",
                "/browse/toys/family-games/4171_4191_2335373_2204878"
            ],
            [
                "All Board Games",
                "/browse/toys/all-board-games/4171_4191_133123_4497274"
            ],
            [
                "Toys for Kids 12 Years & Up",
                "/browse/toys/toys-for-kids-12-years-up/4171_3318550_1077724_6922509"
            ],
            [
                "Toys for Kids 5 to 7 Years",
                "/browse/toys/toys-for-kids-5-to-7-years/4171_3318550_617941_8920388"
            ],
            [
                "Adult Games",
                "/browse/toys/adult-games/4171_4191_2335373_9523585"
            ]
        ]
    },
    {
        "title": "Prank Exploding Pen Practical Joke Magic Trick Office Gag Gift",
        "url": "https://www.walmart.com/ip/Prank-Exploding-Pen-Practical-Joke-Magic-Trick-Office-Gag-Gift/468646429",
        "price": "$3.94",
        "stars": 0,
        "ratings": 0,
        "img": "i5.walmartimages.com/asr/2f611004-36c7-47bc-a348-05d5494fd942.b8a4c135f94919e9e1b019ddcf157a31.jpeg?odnWidth=612&odnHeight=612&odnBg=ffffff",
        "tags": [
            [
                "Poopsie Slime Surprise",
                "/browse/toys/poopsie-slime-surprise/4171_645779_2165088_2754766"
            ],
            [
                "Kid Influencer Toys",
                "/browse/toys/kid-influencer-toys/4171_5178010_4158962"
            ],
            [
                "Ryan's World Toys",
                "/browse/toys/ryans-world-toys/4171_7144110_8472545_5568688"
            ],
            [
                "Toys for Kids 12 Years & Up",
                "/browse/toys/toys-for-kids-12-years-up/4171_3318550_1077724_6922509"
            ],
            [
                "Ryan's World",
                "/browse/toys/ryans-world/4171_4172_1574302_7636877"
            ],
            [
                "Pre-Made Slime Shop",
                "/browse/toys/pre-made-slime-shop/4171_645779_2165088_9237203"
            ],
            [
                "Squishies & Squeeze Toys",
                "/browse/toys/squishies-squeeze-toys/4171_5178010_9839703"
            ]
        ]
    },
    {
        "title": "Beyblade Burst Rise Hypersphere Ace Dragon D5 Starter Pack Game",
        "url": "https://www.walmart.com/ip/Beyblade-Burst-Rise-Hypersphere-Ace-Dragon-D5-Starter-Pack-Game/783457864",
        "price": "$9.84",
        "stars": "4.0",
        "ratings": "1 ",
        "img": "i5.walmartimages.com/asr/9d1f57e6-c779-433d-a345-30b3c377a1c2_1.e2e5df736249965b6cba9f23b0a3426c.jpeg?odnWidth=612&odnHeight=612&odnBg=ffffff",
        "tags": [
            [
                "Beyblade & Bakugan",
                "/browse/toys/beyblade-bakugan/4171_4191_1652049"
            ],
            [
                "Beyblade Burst",
                "/browse/toys/beyblade-burst/4171_3438149_3025832_2529206"
            ],
            [
                "Dragon Toys",
                "/browse/toys/dragon-toys/4171_7357538_5461952"
            ],
            [
                "Beyblades",
                "/browse/toys/beyblades/4171_3438149_3025832_6422688"
            ],
            [
                "Beyblade Stadiums",
                "/browse/toys/beyblade-stadiums/4171_3438149_3025832_7683630"
            ],
            [
                "Beyblade Metal Fusion",
                "/browse/toys/beyblade-metal-fusion/4171_3438149_3025832_7974760"
            ],
            [
                "Beyblade Launchers",
                "/browse/toys/beyblade-launchers/4171_3438149_3025832_8296473"
            ],
            [
                "Beyblade Burst Turbo",
                "/browse/toys/beyblade-burst-turbo/4171_3438149_3025832_9774721"
            ]
        ]
    },
    {
        "title": "POKEMON SUN AND MOON 1 INCINEROAR-GX CHALLENGE BOX",
        "url": "https://www.walmart.com/ip/POKEMON-SUN-AND-MOON-1-INCINEROAR-GX-CHALLENGE-BOX/622240760",
        "price": "$17.27",
        "stars": "5.0",
        "ratings": "3 ",
        "img": "i5.walmartimages.com/asr/bef1484e-c8c0-4b06-ab45-cff31cf4780d_1.765c8bd72df6d45d75a0bb60de7af49f.jpeg?odnWidth=612&odnHeight=612&odnBg=ffffff",
        "tags": [
            [
                "Pokemon Collector's Tin",
                "/browse/toys/pokemon-collectors-tin/4171_4191_9807313_4252400_2810627"
            ],
            [
                "All Trading Cards",
                "/browse/toys/all-trading-cards/4171_4191_9807313_4193925"
            ],
            [
                "Pokemon TCG",
                "/browse/toys/pokemon-tcg/4171_4191_9807313_4252400_4532494"
            ],
            [
                "Pokemon Booster Box",
                "/browse/toys/pokemon-booster-box/4171_4191_9807313_4252400_7038039"
            ],
            [
                "Pokemon All Trading Cards",
                "/browse/toys/pokemon-all-trading-cards/4171_4191_9807313_4252400_9497398"
            ],
            [
                "Pokemon Theme Decks",
                "/browse/toys/pokemon-theme-decks/4171_4191_9807313_4252400_9708712"
            ]
        ]
    },
    {
        "title": "Melissa & Doug Dinosaur Wooden Chunky Puzzle (7 pcs)",
        "url": "https://www.walmart.com/ip/Melissa-Doug-Dinosaur-Wooden-Chunky-Puzzle-7-pcs/24862840",
        "price": "$9.99",
        "stars": "4.8",
        "ratings": "35 ",
        "img": "",
        "tags": [
            [
                "Learning Playsets",
                "/browse/toys/learning-playsets/4171_56125_1228921"
            ],
            [
                "Wooden Toys",
                "/browse/toys/wooden-toys/4171_56125_1229854"
            ],
            [
                "Wood Puzzles",
                "/browse/toys/wood-puzzles/4171_4191_163840_3670108"
            ],
            [
                "Jigsaw Puzzles",
                "/browse/toys/jigsaw-puzzles/4171_4191_163840_4981610"
            ],
            [
                "Melissa & Doug Toys",
                "/browse/toys/melissa-doug-toys/4171_3438149_5908879"
            ],
            [
                "Dinosaur Toys",
                "/browse/toys/dinosaur-toys/4171_4172_6335762"
            ],
            [
                "Math Toys for Kids",
                "/browse/toys/math-toys-for-kids/4171_1229858_6906869"
            ],
            [
                "Kids Puzzles",
                "/browse/toys/kids-puzzles/4171_4191_163840_6928209"
            ]
        ]
    },
    {
        "title": "Detective Pikachu Pokemon Trading Cards- Charizard-Gx Case File + 6 Booster Pack + A Foil Promo Card + A Foil Oversize Card",
        "url": "https://www.walmart.com/ip/Detective-Pikachu-Pokemon-Trading-Cards-Charizard-Gx-Case-File-6-Booster-Pack-A-Foil-Promo-Card-A-Foil-Oversize-Card/567755550",
        "price": "$29.15",
        "stars": "4.7",
        "ratings": "30 ",
        "img": "i5.walmartimages.com/asr/2d19d71d-b03d-450c-b4bc-a275c1f694b6_1.60cc83e442248607a2b308e1933f5499.jpeg?odnWidth=612&odnHeight=612&odnBg=ffffff",
        "tags": [
            [
                "Pikachu",
                "/browse/shop-by-movie/pikachu/5920738_3580439_9979213_1385462"
            ],
            [
                "Pokemon Detective Pikachu Toys",
                "/browse/shop-by-movie/pokemon-detective-pikachu-toys/5920738_3580439_5129776_2578305"
            ],
            [
                "Pokemon Arts & Crafts",
                "/browse/shop-by-movie/pokemon-arts-crafts/5920738_3580439_2583814"
            ],
            [
                "Charizard",
                "/browse/shop-by-movie/charizard/5920738_3580439_9979213_3756304"
            ],
            [
                "Eevee",
                "/browse/shop-by-movie/eevee/5920738_3580439_9979213_5192369"
            ],
            [
                "Pokemon Detective Pikachu All Items",
                "/browse/shop-by-movie/pokemon-detective-pikachu-all-items/5920738_3580439_5129776_6581883"
            ],
            [
                "Greninja",
                "/browse/shop-by-movie/greninja/5920738_3580439_9979213_7022792"
            ],
            [
                "All Pokemon",
                "/browse/shop-by-movie/all-pokemon/5920738_3580439_9923257"
            ]
        ]
    }
]