[
    {
        "title": "Funko POP! Animation: Masters of the Universe - Sorceress",
        "url": "https://www.walmart.com/ip/Funko-POP-Animation-Masters-of-the-Universe-Sorceress/905148690",
        "price": "$8.78",
        "stars": "4.0",
        "ratings": "2 ",
        "img": "i5.walmartimages.com/asr/98f7948a-8c46-4ffb-8864-fac742fa9273_1.90dc2fe610c68617421c2d5d394ace9f.png?odnWidth=612&odnHeight=612&odnBg=ffffff",
        "tags": [
            [
                "Bobble Heads",
                "/browse/toys/bobble-heads/4171_4172_1224720"
            ],
            [
                "Walmart Exclusive Funko Pop",
                "/browse/toys/walmart-exclusive-funko-pop/4171_4172_4294413_2884519"
            ],
            [
                "Funko Pop Animation",
                "/browse/toys/funko-pop-animation/4171_4172_4294413_4803523"
            ],
            [
                "All Pedal & Push Ride Ons",
                "/browse/toys/all-pedal-push-ride-ons/4171_133073_6774653_4137853_5354"
            ],
            [
                "Christmas Funko Pop",
                "/browse/toys/christmas-funko-pop/4171_4172_4294413_6693680"
            ],
            [
                "Toys for Kids 12 Years & Up",
                "/browse/toys/toys-for-kids-12-years-up/4171_3318550_1077724_6922509"
            ],
            [
                "Prince  Funko Pop",
                "/browse/toys/prince-funko-pop/4171_4172_4294413_9155014"
            ],
            [
                "Funko Pop TV",
                "/browse/toys/funko-pop-tv/4171_4172_4294413_9626096"
            ]
        ]
    },
    {
        "title": "Transformers Bumblebee Cyberverse Adventures Warrior Class Bumblebee",
        "url": "https://www.walmart.com/ip/Transformers-Bumblebee-Cyberverse-Adventures-Warrior-Class-Bumblebee/486200926",
        "price": "$13.47",
        "stars": "1.3",
        "ratings": "4 ",
        "img": "i5.walmartimages.com/asr/db9aa73e-372d-4523-86e9-e2b726d6e29e_1.d49a788bf571b6f424b0e02520da4f49.jpeg?odnWidth=612&odnHeight=612&odnBg=ffffff",
        "tags": [
            [
                "Transformers Megatron Action Figures",
                "/browse/toys/transformers-megatron-action-figures/4171_4172_1261291"
            ],
            [
                "Transformers Action Figures",
                "/browse/toys/transformers-action-figures/4171_7357538_2510286"
            ],
            [
                "Transformers Toys",
                "/browse/toys/transformers-toys/4171_4172_2616268"
            ],
            [
                "Playskool",
                "/browse/toys/playskool/4171_4172_1574302_5163095"
            ],
            [
                "Transformers Optimus Prime Action Figures",
                "/browse/toys/transformers-optimus-prime-action-figures/4171_4172_5297444"
            ],
            [
                "Transformers Studio Series",
                "/browse/toys/transformers-studio-series/4171_4172_5647346"
            ],
            [
                "Transformers Bumblebee Cyberverse Adventure Action Figures",
                "/browse/toys/transformers-bumblebee-cyberverse-adventure-action-figures/4171_4172_7857064"
            ],
            [
                "Playskool Transformers",
                "/browse/toys/playskool-transformers/4171_4172_1574302_9342581"
            ]
        ]
    },
    {
        "title": "Funko POP! Heroes: Wonder Woman 1984 - Diana in White Dress",
        "url": "https://www.walmart.com/ip/Funko-POP-Heroes-Wonder-Woman-1984-Diana-in-White-Dress/752518736",
        "price": "$8.73",
        "stars": "5.0",
        "ratings": "2 ",
        "img": "i5.walmartimages.com/asr/9aae85c0-1fca-46a4-937a-1ff57f7dbbd3_1.bf6611edb9b86893b06ec129ee62939e.png?odnWidth=612&odnHeight=612&odnBg=ffffff",
        "tags": [
            [
                "Funko Pop Movies",
                "/browse/toys/funko-pop-movies/4171_4172_4294413_1742485"
            ],
            [
                "Wonder Woman Funko Pop",
                "/browse/toys/wonder-woman-funko-pop/4171_4172_4294413_2891523"
            ],
            [
                "Back to the Future Funko Pop",
                "/browse/toys/back-to-the-future-funko-pop/4171_4172_4294413_3066981"
            ],
            [
                "Shop All Wonder Woman Toys",
                "/browse/toys/shop-all-wonder-woman-toys/4171_7357538_7930256_4751440"
            ],
            [
                "Funko Pop Animation",
                "/browse/toys/funko-pop-animation/4171_4172_4294413_4803523"
            ],
            [
                "Avengers Endgame Funko Pop",
                "/browse/toys/avengers-endgame-funko-pop/4171_4172_4294413_6057205"
            ],
            [
                "Toys for Kids 12 Years & Up",
                "/browse/toys/toys-for-kids-12-years-up/4171_3318550_1077724_6922509"
            ],
            [
                "Funko Pop TV",
                "/browse/toys/funko-pop-tv/4171_4172_4294413_9626096"
            ]
        ]
    },
    {
        "title": "Gi Joe Nano 6 Pack",
        "url": "https://www.walmart.com/ip/Gi-Joe-Nano-6-Pack/754430631",
        "price": "$9.84",
        "stars": "4.8",
        "ratings": "15 ",
        "img": "",
        "tags": []
    },
    {
        "title": "Funko POP! Animation: Dragon Ball Z S8- Majin Vegeta",
        "url": "https://www.walmart.com/ip/Funko-POP-Animation-Dragon-Ball-Z-S8-Majin-Vegeta/582680737",
        "price": "$8.78",
        "stars": 0,
        "ratings": 0,
        "img": "i5.walmartimages.com/asr/4a578616-e4c1-47af-9eb2-c7eb1767b0fd.37e723a03c2ee01be9c1168e6252a1c7.png?odnWidth=612&odnHeight=612&odnBg=ffffff",
        "tags": []
    },
    {
        "title": "My Little Pony Pinkie Pie Fancy Hair Plush, Ages 3+",
        "url": "https://www.walmart.com/ip/My-Little-Pony-Pinkie-Pie-Fancy-Hair-Plush-Ages-3/433437862",
        "price": "$10.00",
        "stars": "5.0",
        "ratings": "13 ",
        "img": "i5.walmartimages.com/asr/f8906be3-aac9-4af9-b243-ea7dcb07b7d6_1.21069a33411017d9864cdb98a2bbbdad.jpeg?odnWidth=612&odnHeight=612&odnBg=ffffff",
        "tags": []
    },
    {
        "title": "Little People Friends & Pets Figure Pack 7 Toys",
        "url": "https://www.walmart.com/ip/Little-People-Friends-Pets-Figure-Pack-7-Toys/534623988",
        "price": "$19.99",
        "stars": "5.0",
        "ratings": "1 ",
        "img": "i5.walmartimages.com/asr/cecbaa84-5b09-448b-abde-3b729fec7368.6734ec6795711ca642d2590db7bbc215.jpeg?odnWidth=612&odnHeight=612&odnBg=ffffff",
        "tags": []
    },
    {
        "title": "Easy-Bake Refill Super Pack",
        "url": "https://www.walmart.com/ip/Easy-Bake-Refill-Super-Pack/47877712",
        "price": "$39.90",
        "stars": "4.5",
        "ratings": "44 ",
        "img": "i5.walmartimages.com/asr/5b85b8a3-bf7e-45f2-beeb-e543dfeadb66_1.27eedd09bf4d42be67c9be86f4f2e5e8.jpeg?odnWidth=612&odnHeight=612&odnBg=ffffff",
        "tags": [
            [
                "Shop Toys by Price",
                "/browse/shop-toys-by-price/4171_1263324"
            ],
            [
                "Easy-Bake Oven",
                "/browse/toys/easy-bake-oven/4171_645779_3071057_1527924"
            ],
            [
                "Jojo Siwa Toys",
                "/browse/toys/jojo-siwa-toys/4171_7357538_2646145"
            ],
            [
                "Dolls & Dollhouses",
                "/browse/toys/dolls-dollhouses/4171_4187_4800686"
            ],
            [
                "DIY Food",
                "/browse/toys/diy-food/4171_645779_3071057_6045973"
            ],
            [
                "Fashion Dolls",
                "/browse/toys/fashion-dolls/4171_4187_8051423_7344622"
            ],
            [
                "Fisher Price Pretend Play",
                "/browse/toys/fisher-price-pretend-play/4171_4173_7354985"
            ],
            [
                "My Life As Dollhouses & Playsets",
                "/browse/toys/my-life-as-dollhouses-playsets/4171_6331649_9301546_9666912"
            ]
        ]
    },
    {
        "title": "Funko POP! Animation: Masters of the Universe - Mosquitor",
        "url": "https://www.walmart.com/ip/Funko-POP-Animation-Masters-of-the-Universe-Mosquitor/121145243",
        "price": "$8.78",
        "stars": "5.0",
        "ratings": "1 ",
        "img": "i5.walmartimages.com/asr/9bf806a6-e2b6-45c6-b8f4-000ca5fd2629_1.3ab8f2d632f47544c1be4eb06128731a.png?odnWidth=612&odnHeight=612&odnBg=ffffff",
        "tags": [
            [
                "Bobble Heads",
                "/browse/toys/bobble-heads/4171_4172_1224720"
            ],
            [
                "Star Wars Action Figures",
                "/browse/toys/star-wars-action-figures/4171_4172_1606899"
            ],
            [
                "Funko Pop Animation",
                "/browse/toys/funko-pop-animation/4171_4172_4294413_4803523"
            ],
            [
                "X-Men Funko Pop",
                "/browse/toys/x-men-funko-pop/4171_4172_4294413_5866781"
            ],
            [
                "Avengers Endgame Funko Pop",
                "/browse/toys/avengers-endgame-funko-pop/4171_4172_4294413_6057205"
            ],
            [
                "Toys for Kids 12 Years & Up",
                "/browse/toys/toys-for-kids-12-years-up/4171_3318550_1077724_6922509"
            ],
            [
                "Prince  Funko Pop",
                "/browse/toys/prince-funko-pop/4171_4172_4294413_9155014"
            ],
            [
                "Funko Pop TV",
                "/browse/toys/funko-pop-tv/4171_4172_4294413_9626096"
            ]
        ]
    },
    {
        "title": "Playskool Heroes Transformers Rescue Bots Academy Medix the Doc-Bot",
        "url": "https://www.walmart.com/ip/Playskool-Heroes-Transformers-Rescue-Bots-Academy-Medix-the-Doc-Bot/324123203",
        "price": "$9.99",
        "stars": "4.5",
        "ratings": "2 ",
        "img": "i5.walmartimages.com/asr/fb53341c-e07f-419f-8f0d-7dbea1813be1_1.2a310458f584f6637f45fc351e2301c9.jpeg?odnWidth=612&odnHeight=612&odnBg=ffffff",
        "tags": [
            [
                "Transformers Bumblebee Action Figures",
                "/browse/toys/transformers-bumblebee-action-figures/4171_4172_2378689"
            ],
            [
                "Transformers Action Figures",
                "/browse/toys/transformers-action-figures/4171_7357538_2510286"
            ],
            [
                "Transformers Toys",
                "/browse/toys/transformers-toys/4171_4172_2616268"
            ],
            [
                "All Preschool Action Figures & Playsets",
                "/browse/toys/all-preschool-action-figures-playsets/4171_4172_1574302_2852038"
            ],
            [
                "Playskool",
                "/browse/toys/playskool/4171_4172_1574302_5163095"
            ],
            [
                "Transformers Optimus Prime Action Figures",
                "/browse/toys/transformers-optimus-prime-action-figures/4171_4172_5297444"
            ],
            [
                "Toddler Boy Toys",
                "/browse/toys/toddler-boy-toys/4171_3318550_8469931_7166821"
            ],
            [
                "Transformers Bumblebee Cyberverse Adventure Action Figures",
                "/browse/toys/transformers-bumblebee-cyberverse-adventure-action-figures/4171_4172_7857064"
            ]
        ]
    }
]