[
    {
        "title": "Tripod Music Stand 360\u00b0 Rotatable Instrument Sheet Holder Heavy Duty Metal Folding Retract Book Mount for Kids Guitar Singers",
        "url": "https://www.walmart.com/ip/Tripod-Music-Stand-360-Rotatable-Instrument-Sheet-Holder-Heavy-Duty-Metal-Folding-Retract-Book-Mount-for-Kids-Guitar-Singers/270783363",
        "price": "$17.86",
        "stars": 0,
        "ratings": 0,
        "img": "i5.walmartimages.com/asr/b1140a40-c541-4ae2-9ef9-29cebed5c5cc_1.3e858ac3818f8cc2f90f01d3616701b6.jpeg?odnWidth=612&odnHeight=612&odnBg=ffffff",
        "tags": [
            [
                "Guitar Accessories",
                "/browse/musical-instruments/guitar-accessories/7796869_6171829_6548527_1074445"
            ],
            [
                "Sheet Music Stands",
                "/browse/musical-instruments/sheet-music-stands/7796869_6171829_8289180_2461226"
            ],
            [
                "All Musical Instrument Accessories",
                "/browse/musical-instruments/all-musical-instrument-accessories/7796869_6171829_3297174"
            ],
            [
                "Trumpets",
                "/browse/musical-instruments/trumpets/7796869_3983498_6165534_4517455"
            ],
            [
                "French Horns",
                "/browse/musical-instruments/french-horns/7796869_3983498_6165534_5376267"
            ],
            [
                "Brass Instrument Mouthpieces",
                "/browse/musical-instruments/brass-instrument-mouthpieces/7796869_6171829_9937453_5914061"
            ],
            [
                "Jean Paul",
                "/browse/musical-instruments/jean-paul/7796869_3983498_2570492_6393970"
            ],
            [
                "Trombones",
                "/browse/musical-instruments/trombones/7796869_3983498_6165534_7996017"
            ]
        ]
    },
    {
        "title": "D'Addario EXL120 Nickel Wound Electric Guitar Strings, Super Light, 09-42",
        "url": "https://www.walmart.com/ip/D-Addario-EXL120-Nickel-Wound-Electric-Guitar-Strings-Super-Light-09-42/24193055",
        "price": "$8.76",
        "stars": "5.0",
        "ratings": "1 ",
        "img": "i5.walmartimages.com/asr/89ed3966-83db-4f31-a57c-e7db8a9eac3d_1.b25b30feae113d1dcd6e68a7e3f9452e.jpeg?odnWidth=612&odnHeight=612&odnBg=ffffff",
        "tags": [
            [
                "Acoustic Guitar Strings",
                "/browse/musical-instruments/acoustic-guitar-strings/7796869_6171829_6548527_1819793_2056913"
            ],
            [
                "D'Addario",
                "/browse/musical-instruments/daddario/7796869_3861023_5277933"
            ],
            [
                "Ernie Ball",
                "/browse/musical-instruments/ernie-ball/7796869_3861023_5708336"
            ],
            [
                "Electric Guitar Strings",
                "/browse/musical-instruments/electric-guitar-strings/7796869_6171829_6548527_1819793_8605147"
            ],
            [
                "Instrument Strings",
                "/browse/musical-instruments/instrument-strings/7796869_6171829_2128409_9702093"
            ]
        ]
    },
    {
        "title": "Fender Guitar String Winder - Easy To Wind Strings Pulls Bridge Pins Too 2-Pack",
        "url": "https://www.walmart.com/ip/Fender-Guitar-String-Winder-Easy-To-Wind-Strings-Pulls-Bridge-Pins-Too-2-Pack/900452895",
        "price": "$7.93",
        "stars": "5.0",
        "ratings": "1 ",
        "img": "i5.walmartimages.com/asr/86ea8e15-50f2-4d6f-9752-ac3c84373c6a_1.b55ad74f35f5d57cb4bc3e3beb3daa13.jpeg?odnWidth=612&odnHeight=612&odnBg=ffffff",
        "tags": [
            [
                "Musical Instrument Covers",
                "/browse/musical-instruments/musical-instrument-covers/7796869_6171829_5531649_1565288"
            ],
            [
                "Acoustic Guitar Strings",
                "/browse/musical-instruments/acoustic-guitar-strings/7796869_6171829_6548527_1819793_2056913"
            ],
            [
                "D'Addario",
                "/browse/musical-instruments/daddario/7796869_3861023_5277933"
            ],
            [
                "Ernie Ball",
                "/browse/musical-instruments/ernie-ball/7796869_3861023_5708336"
            ],
            [
                "Instrument Strings",
                "/browse/musical-instruments/instrument-strings/7796869_6171829_2128409_9702093"
            ]
        ]
    },
    {
        "title": "Pyle Pro PMP43IN 40-Watt Professional Megaphone/Bullhorn",
        "url": "https://www.walmart.com/ip/Pyle-Pro-PMP43IN-40-Watt-Professional-Megaphone-Bullhorn/20659781",
        "price": "$32.99",
        "stars": "3.8",
        "ratings": "11 ",
        "img": "i5.walmartimages.com/asr/55dfb8ce-3b3b-4105-97cb-c604322ffc4e_1.5700f85e830983ca8f418c4ff542d34a.jpeg?odnWidth=612&odnHeight=612&odnBg=ffffff",
        "tags": [
            [
                "Musical Instrument Covers",
                "/browse/musical-instruments/musical-instrument-covers/7796869_6171829_5531649_1565288"
            ],
            [
                "PA Speakers",
                "/browse/musical-instruments/pa-speakers/7796869_3240467_4172282"
            ],
            [
                "Hand Percussion Bells & Chimes",
                "/browse/musical-instruments/hand-percussion-bells-chimes/7796869_7773339_6162621"
            ],
            [
                "Portable PA Speakers",
                "/browse/musical-instruments/portable-pa-speakers/7796869_3240467_6854867"
            ],
            [
                "Percussion Instruments Musical Classroom",
                "/browse/musical-instruments/percussion-instruments-musical-classroom/7796869_1097895_7087786"
            ],
            [
                "DJ Speakers",
                "/browse/musical-instruments/dj-speakers/7796869_1097690_6268144_8226217"
            ]
        ]
    },
    {
        "title": "Samson Q2U Black Handheld Dynamic USB Microphone with Boom Arm and Pop Filter",
        "url": "https://www.walmart.com/ip/Samson-Q2U-Black-Handheld-Dynamic-USB-Microphone-with-Boom-Arm-and-Pop-Filter/601425574",
        "price": "$89.99",
        "stars": "5.0",
        "ratings": "1 ",
        "img": "i5.walmartimages.com/asr/4a62037e-e491-4315-8411-377e5a2fc630_1.a5cdf92eab718cebcab86022802ce52e.jpeg?odnWidth=612&odnHeight=612&odnBg=ffffff",
        "tags": [
            [
                "All Karaoke Machines",
                "/browse/musical-instruments/all-karaoke-machines/7796869_6745708_106984"
            ],
            [
                "Dynamic Microphones",
                "/browse/musical-instruments/dynamic-microphones/7796869_3348689_133194_3930897"
            ],
            [
                "Podcasting Bundles",
                "/browse/musical-instruments/podcasting-bundles/7796869_3348689_133194_6485637"
            ],
            [
                "Karaoke Machine Accessories",
                "/browse/musical-instruments/karaoke-machine-accessories/7796869_6745708_6264579_7488727"
            ],
            [
                "Condenser Microphones",
                "/browse/musical-instruments/condenser-microphones/7796869_3348689_133194_8159030"
            ],
            [
                "Wireless Microphones",
                "/browse/musical-instruments/wireless-microphones/7796869_3348689_133194_8249540"
            ],
            [
                "Stands and Booms",
                "/browse/musical-instruments/stands-booms/7796869_3348689_133194_9060460"
            ]
        ]
    },
    {
        "title": "ammoon Wireless Guitar System 2.4G Rechargeable 6 Channels Audio Transmitter Receiver for Electric Guitar Bass",
        "url": "https://www.walmart.com/ip/ammoon-Wireless-Guitar-System-2-4G-Rechargeable-6-Channels-Audio-Transmitter-Receiver-for-Electric-Guitar-Bass/904474862",
        "price": "$32.49",
        "stars": "3.5",
        "ratings": "4 ",
        "img": "i5.walmartimages.com/asr/4cb2dada-8ab3-41b2-957c-92c94e0f3309_1.3b56ca41465591c847a78d0d129efea3.jpeg?odnWidth=612&odnHeight=612&odnBg=ffffff",
        "tags": [
            [
                "Acoustic Guitars",
                "/browse/musical-instruments/acoustic-guitars/7796869_1097870_1680603"
            ],
            [
                "Kids Electric Guitars",
                "/browse/musical-instruments/kids-electric-guitars/7796869_6789055_4839538_7416933_3948666"
            ],
            [
                "Guitar Pickups",
                "/browse/musical-instruments/guitar-pickups/7796869_6171829_6548527_4923424"
            ],
            [
                "String Instruments Musical Classroom",
                "/browse/musical-instruments/string-instruments-musical-classroom/7796869_1097895_5381069"
            ],
            [
                "Righty Guitars",
                "/browse/musical-instruments/righty-guitars/7796869_1097870_5486620"
            ],
            [
                "Guitars Headstock",
                "/browse/musical-instruments/guitars-headstock/7796869_6171829_6548527_5982076"
            ],
            [
                "Acoustic Electric Guitars",
                "/browse/musical-instruments/acoustic-electric-guitars/7796869_1097870_7246374"
            ],
            [
                "Wireless Microphones",
                "/browse/musical-instruments/wireless-microphones/7796869_3348689_133194_8249540"
            ]
        ]
    },
    {
        "title": "ChromaCast Pearl Celluloid Guitar Picks, Assorted 30-Pack - Light, Medium and Heavy Gauge",
        "url": "https://www.walmart.com/ip/ChromaCast-Pearl-Celluloid-Guitar-Picks-Assorted-30-Pack-Light-Medium-and-Heavy-Gauge/947219748",
        "price": "$5.98",
        "stars": 0,
        "ratings": 0,
        "img": "i5.walmartimages.com/asr/c2bc1247-6039-4cfb-bcd8-c04f3201fc06.5c3a6e06e868cfbfdc3a985183fb935f.jpeg?odnWidth=612&odnHeight=612&odnBg=ffffff",
        "tags": [
            [
                "Musical Instrument Covers",
                "/browse/musical-instruments/musical-instrument-covers/7796869_6171829_5531649_1565288"
            ],
            [
                "Acoustic Guitar Strings",
                "/browse/musical-instruments/acoustic-guitar-strings/7796869_6171829_6548527_1819793_2056913"
            ],
            [
                "D'Addario",
                "/browse/musical-instruments/daddario/7796869_3861023_5277933"
            ],
            [
                "Ernie Ball",
                "/browse/musical-instruments/ernie-ball/7796869_3861023_5708336"
            ],
            [
                "Instrument Strings",
                "/browse/musical-instruments/instrument-strings/7796869_6171829_2128409_9702093"
            ]
        ]
    },
    {
        "title": "Suzuki 1072-C Folkmaster Standard 10-Hole Diatonic Harmonica Key of C 20 Tone for Beginner Student",
        "url": "https://www.walmart.com/ip/Suzuki-1072-C-Folkmaster-Standard-10-Hole-Diatonic-Harmonica-Key-of-C-20-Tone-for-Beginner-Student/535972266",
        "price": "$9.70",
        "stars": 0,
        "ratings": 0,
        "img": "i5.walmartimages.com/asr/7caa6f73-eda9-45a7-b3c2-54eeae7a8e63_1.8c6b9d3a94e233e4cf37e84536af1b24.jpeg?odnWidth=612&odnHeight=612&odnBg=ffffff",
        "tags": [
            [
                "Clarinets",
                "/browse/musical-instruments/clarinets/7796869_3983498_9087652_2101356"
            ],
            [
                "Woodwind Instruments Musical Classroom",
                "/browse/musical-instruments/woodwind-instruments-musical-classroom/7796869_1097895_2151646"
            ],
            [
                "Saxophones",
                "/browse/musical-instruments/saxophones/7796869_3983498_9087652_3596959"
            ],
            [
                "Hohner",
                "/browse/musical-instruments/hohner/7796869_3983498_2570492_4007950"
            ],
            [
                "Harmonicas",
                "/browse/musical-instruments/harmonicas/7796869_1097866_5504191"
            ],
            [
                "Classroom Musical Instruments",
                "/browse/musical-instruments/classroom-musical-instruments/7796869_1097895_9031018"
            ],
            [
                "Recorders",
                "/browse/musical-instruments/recorders/7796869_3983498_9087652_9144598"
            ],
            [
                "Flutes",
                "/browse/musical-instruments/flutes/7796869_3983498_9087652_9889000"
            ]
        ]
    },
    {
        "title": "Disney Toy Story 4 Bluetooth MP3 Karaoke",
        "url": "https://www.walmart.com/ip/Disney-Toy-Story-4-Bluetooth-MP3-Karaoke/528328852",
        "price": "$64.87",
        "stars": "4.0",
        "ratings": "4 ",
        "img": "i5.walmartimages.com/asr/96c15f24-40b2-4cde-be4a-f2991eb653fa_1.8f5611175cb18723665c617200d432be.jpeg?odnWidth=612&odnHeight=612&odnBg=ffffff",
        "tags": [
            [
                "All Karaoke Machines",
                "/browse/musical-instruments/all-karaoke-machines/7796869_6745708_106984"
            ],
            [
                "Children's Karaoke Machines",
                "/browse/musical-instruments/childrens-karaoke-machines/7796869_6745708_8759860_3030858"
            ],
            [
                "Karaoke Systems",
                "/browse/musical-instruments/karaoke-systems/7796869_6745708_3216373_3079240"
            ],
            [
                "The Singing Machine Classic Series",
                "/browse/musical-instruments/the-singing-machine-classic-series/7796869_3861023_5419535_3934602"
            ],
            [
                "Shop Karaoke Machine by Price",
                "/browse/musical-instruments/shop-karaoke-machine-by-price/7796869_6745708_6907838"
            ],
            [
                "The Singing Machine Kids Series",
                "/browse/musical-instruments/the-singing-machine-kids-series/7796869_3861023_5419535_8502135"
            ],
            [
                "Shop The Singing Machine by Price",
                "/browse/musical-instruments/shop-the-singing-machine-by-price/7796869_3861023_5419535_9343849"
            ]
        ]
    },
    {
        "title": "mockins Wireless Bluetooth Karaoke Microphone - Blue",
        "url": "https://www.walmart.com/ip/mockins-Wireless-Bluetooth-Karaoke-Microphone-Blue/679225805",
        "price": "$22.99",
        "stars": 0,
        "ratings": 0,
        "img": "i5.walmartimages.com/asr/2c592b94-bb6a-44d9-b37a-6c436a13cc82_1.61b9cd173bccac2d72069db71de2bec3.png?odnWidth=612&odnHeight=612&odnBg=ffffff",
        "tags": [
            [
                "All Karaoke Machines",
                "/browse/musical-instruments/all-karaoke-machines/7796869_6745708_106984"
            ],
            [
                "Handheld Karaoke Microphones",
                "/browse/musical-instruments/handheld-karaoke-microphones/7796869_6745708_1820624"
            ],
            [
                "Adult Karaoke Machines",
                "/browse/musical-instruments/adult-karaoke-machines/7796869_6745708_8759860_2743039"
            ],
            [
                "Karaoke Systems",
                "/browse/musical-instruments/karaoke-systems/7796869_6745708_3216373_3079240"
            ],
            [
                "Shop All Microphones",
                "/browse/musical-instruments/shop-all-microphones/7796869_3348689_133194_6519431"
            ],
            [
                "Shop Karaoke Machine by Price",
                "/browse/musical-instruments/shop-karaoke-machine-by-price/7796869_6745708_6907838"
            ],
            [
                "Wireless Microphones",
                "/browse/musical-instruments/wireless-microphones/7796869_3348689_133194_8249540"
            ]
        ]
    }
]