[
    {
        "title": "Classic Clue Junior Board Game for Kids Ages 5 and up",
        "url": "https://www.walmart.com/ip/Classic-Clue-Junior-Board-Game-for-Kids-Ages-5-and-up/649115111",
        "price": "$14.88",
        "stars": "4.5",
        "ratings": "6 ",
        "img": "",
        "tags": [
            [
                "Princess Jasmine Dolls",
                "/browse/toys/princess-jasmine-dolls/4171_4187_1285895"
            ],
            [
                "Classic Games",
                "/browse/toys/classic-games/4171_4191_2084995"
            ],
            [
                "Family Games",
                "/browse/toys/family-games/4171_4191_2335373_2204878"
            ],
            [
                "All Board Games",
                "/browse/toys/all-board-games/4171_4191_133123_4497274"
            ],
            [
                "Marvel Role Play",
                "/browse/toys/marvel-role-play/4171_4172_4246921_4722086"
            ],
            [
                "Monopoly",
                "/browse/toys/monopoly/4171_4191_133123_6792970"
            ],
            [
                "Toys for Kids 8 to 11 Years",
                "/browse/toys/toys-for-kids-8-to-11-years/4171_3318550_617942_8104028"
            ]
        ]
    },
    {
        "title": "Yes4All Wooden Balance Board Wobble Exercise Balance Trainer, Black",
        "url": "https://www.walmart.com/ip/Yes4All-Wooden-Balance-Board-Wobble-Exercise-Balance-Trainer-Black/880276646",
        "price": "$19.59",
        "stars": "4.4",
        "ratings": "16 ",
        "img": "i5.walmartimages.com/asr/8fcd7343-70f7-4842-bd8f-c110e722a365_1.c9496417f5f5575a1ca4c924ac0e15ef.jpeg?odnWidth=612&odnHeight=612&odnBg=ffffff",
        "tags": [
            [
                "Exercise Balls",
                "/browse/sports-outdoors/exercise-balls/4125_4134_1078104_1078124"
            ],
            [
                "Savings on Fitness Accessories",
                "/browse/sports-outdoors/savings-fitness-accessories/4125_4122780_1422465"
            ],
            [
                "Fishing Backpacks",
                "/browse/sports-outdoors/fishing-backpacks/4125_546956_111667_2812364_1799980"
            ],
            [
                "Balance Trainers",
                "/browse/sports-outdoors/balance-trainers/4125_4134_1078104_2513029"
            ],
            [
                "Office Fitness",
                "/browse/sports-outdoors/office-fitness/4125_4134_4155663"
            ],
            [
                "BOSU",
                "/browse/sports-outdoors/bosu/4125_4134_1078104_4515641"
            ],
            [
                "Foam Rollers",
                "/browse/sports-outdoors/foam-rollers/4125_4134_3523130_7096475"
            ],
            [
                "Balance Boards",
                "/browse/sports-outdoors/balance-boards/4125_4134_1078104_8793836"
            ]
        ]
    },
    {
        "title": "Take 'N' Play Anywhere - Matching",
        "url": "https://www.walmart.com/ip/Take-N-Play-Anywhere-Matching/25759324",
        "price": "$7.99",
        "stars": "4.3",
        "ratings": "24 ",
        "img": "i5.walmartimages.com/asr/6779f02c-72b8-4090-94d1-2c9b52422eb6_1.bc7b71d7ef5eab34cc1efb4d5e27bb09.jpeg?odnWidth=612&odnHeight=612&odnBg=ffffff",
        "tags": [
            [
                "Learning Playsets",
                "/browse/toys/learning-playsets/4171_56125_1228921"
            ],
            [
                "Card Games",
                "/browse/toys/card-games/4171_4191_163842"
            ],
            [
                "Melissa and Doug Puzzles",
                "/browse/toys/melissa-doug-puzzles/4171_4191_163840_2713586_1870296"
            ],
            [
                "Classic Games",
                "/browse/toys/classic-games/4171_4191_2084995"
            ],
            [
                "All Board Games",
                "/browse/toys/all-board-games/4171_4191_133123_4497274"
            ],
            [
                "Only at Walmart Games & Puzzles",
                "/browse/toys/only-at-walmart-games-puzzles/4171_4191_6786083"
            ],
            [
                "Kids Puzzles",
                "/browse/toys/kids-puzzles/4171_4191_163840_6928209"
            ]
        ]
    },
    {
        "title": "Pressman Toy Wild Kratts Race Around the World Game",
        "url": "https://www.walmart.com/ip/Pressman-Toy-Wild-Kratts-Race-Around-the-World-Game/45727802",
        "price": "$11.24",
        "stars": "3.8",
        "ratings": "9 ",
        "img": "i5.walmartimages.com/asr/09a5a3d0-4203-434e-ad76-beaef4c5442a_1.f2f595d2ed27b86acbc0b417c746b625.jpeg?odnWidth=612&odnHeight=612&odnBg=ffffff",
        "tags": [
            [
                "Toys for 1 year old girls",
                "/browse/toys/toys-for-1-year-old-girls/4171_3318550_8469931_1521680"
            ],
            [
                "Classic Games",
                "/browse/toys/classic-games/4171_4191_2084995"
            ],
            [
                "All Board Games",
                "/browse/toys/all-board-games/4171_4191_133123_4497274"
            ],
            [
                "WWE Games & Puzzles",
                "/browse/toys/wwe-games-puzzles/4171_7357538_7087187_6741479"
            ],
            [
                "Math Toys for Kids",
                "/browse/toys/math-toys-for-kids/4171_1229858_6906869"
            ],
            [
                "Ben 10 Toys",
                "/browse/toys/ben-10-toys/4171_7357538_9201548"
            ],
            [
                "Adult Games",
                "/browse/toys/adult-games/4171_4191_2335373_9523585"
            ]
        ]
    },
    {
        "title": "The Original Spider Prank Box-Hilarious Wooden Box Toy Prank, Funny Money Gift Box Surprise Toy, and Christmas Gag Gift Prank for Boys, Girls, Adults",
        "url": "https://www.walmart.com/ip/The-Original-Spider-Prank-Box-Hilarious-Wooden-Box-Toy-Prank-Funny-Money-Gift-Box-Surprise-Toy-and-Christmas-Gag-Gift-Prank-for-Boys-Girls-Adults/604640555",
        "price": "$6.97",
        "stars": "3.8",
        "ratings": "4 ",
        "img": "",
        "tags": []
    },
    {
        "title": "MasterPieces - Hidden Image Glow - A Watchful Eye - 550 Piece Jigsaw Puzzle",
        "url": "https://www.walmart.com/ip/MasterPieces-Hidden-Image-Glow-A-Watchful-Eye-550-Piece-Jigsaw-Puzzle/204214921",
        "price": "$8.97",
        "stars": "4.9",
        "ratings": "7 ",
        "img": "i5.walmartimages.com/asr/9a7b0973-7b79-4bae-9d12-2895b03fe953_1.ea4d1af51cdd230a8dd565d89d0935fb.jpeg?odnWidth=612&odnHeight=612&odnBg=ffffff",
        "tags": [
            [
                "Springbok Puzzles",
                "/browse/toys/springbok-puzzles/4171_4191_163840_2713586_1832423"
            ],
            [
                "Melissa and Doug Puzzles",
                "/browse/toys/melissa-doug-puzzles/4171_4191_163840_2713586_1870296"
            ],
            [
                "500 Piece Jigsaws",
                "/browse/toys/500-piece-jigsaws/4171_4191_163840_2972767"
            ],
            [
                "1000 Piece Jigsaws",
                "/browse/toys/1000-piece-jigsaws/4171_4191_163840_3974623"
            ],
            [
                "750 Piece Jigsaws",
                "/browse/toys/750-piece-jigsaws/4171_4191_163840_4166037"
            ],
            [
                "300 Piece Jigsaws",
                "/browse/toys/300-piece-jigsaws/4171_4191_163840_4640812"
            ],
            [
                "Kids Puzzles",
                "/browse/toys/kids-puzzles/4171_4191_163840_6928209"
            ],
            [
                "Ceaco Shelf",
                "/browse/toys/ceaco-shelf/4171_4191_163840_7820798"
            ]
        ]
    },
    {
        "title": "Classic Chess Checkers and Tic-Tac-Toe Set with Othello Demo",
        "url": "https://www.walmart.com/ip/Classic-Chess-Checkers-and-Tic-Tac-Toe-Set-with-Othello-Demo/132546292",
        "price": "$9.97",
        "stars": "4.5",
        "ratings": "4 ",
        "img": "i5.walmartimages.com/asr/5687db4c-a2ba-4020-b51d-927bd9ca7fee_1.b3f6b0bb4e8d44b93bf19997b4d75d13.jpeg?odnWidth=612&odnHeight=612&odnBg=ffffff",
        "tags": [
            [
                "Card Games",
                "/browse/toys/card-games/4171_4191_163842"
            ],
            [
                "Classic Games",
                "/browse/toys/classic-games/4171_4191_2084995"
            ],
            [
                "Family Games",
                "/browse/toys/family-games/4171_4191_2335373_2204878"
            ],
            [
                "All Board Games",
                "/browse/toys/all-board-games/4171_4191_133123_4497274"
            ],
            [
                "Party Games",
                "/browse/toys/party-games/4171_4191_5016956"
            ],
            [
                "Monopoly",
                "/browse/toys/monopoly/4171_4191_133123_6792970"
            ],
            [
                "Toys for Kids 12 Years & Up",
                "/browse/toys/toys-for-kids-12-years-up/4171_3318550_1077724_6922509"
            ]
        ]
    },
    {
        "title": "Clue Board Game; Includes Activity Sheet For Kids Ages 8 and Up",
        "url": "https://www.walmart.com/ip/Clue-Board-Game-Includes-Activity-Sheet-For-Kids-Ages-8-and-Up/843858373",
        "price": "$7.88",
        "stars": "5.0",
        "ratings": "1 ",
        "img": "i5.walmartimages.com/asr/fa96b7c3-c8c7-4636-afb8-622a5305b45c.29eaefe2cd8d206de75aace1089504e6.jpeg?odnWidth=612&odnHeight=612&odnBg=ffffff",
        "tags": [
            [
                "Classic Games",
                "/browse/toys/classic-games/4171_4191_2084995"
            ],
            [
                "Family Games",
                "/browse/toys/family-games/4171_4191_2335373_2204878"
            ],
            [
                "All Board Games",
                "/browse/toys/all-board-games/4171_4191_133123_4497274"
            ],
            [
                "Toys for Kids 2 to 4 Years",
                "/browse/toys/toys-for-kids-2-to-4-years/4171_3318550_7016108_4703344"
            ],
            [
                "Fashion Dolls",
                "/browse/toys/fashion-dolls/4171_4187_8051423_7344622"
            ],
            [
                "Toys for Kids 8 to 11 Years",
                "/browse/toys/toys-for-kids-8-to-11-years/4171_3318550_617942_8104028"
            ],
            [
                "Toys for Kids 5 to 7 Years",
                "/browse/toys/toys-for-kids-5-to-7-years/4171_3318550_617941_8920388"
            ]
        ]
    },
    {
        "title": "GB Pacific New Era Pinball Game",
        "url": "https://www.walmart.com/ip/GB-Pacific-New-Era-Pinball-Game/55658643",
        "price": "$28.99",
        "stars": "4.1",
        "ratings": "14 ",
        "img": "",
        "tags": [
            [
                "Gumball Machines",
                "/browse/toys/gumball-machines/4171_5178010_1986460"
            ],
            [
                "Classic Games",
                "/browse/toys/classic-games/4171_4191_2084995"
            ],
            [
                "Family Games",
                "/browse/toys/family-games/4171_4191_2335373_2204878"
            ],
            [
                "Little Live Pets",
                "/browse/toys/little-live-pets/4171_4187_7790702_3693047"
            ],
            [
                "All Board Games",
                "/browse/toys/all-board-games/4171_4191_133123_4497274"
            ],
            [
                "Simon Game",
                "/browse/toys/simon-game/4171_2065565_4859463"
            ],
            [
                "Adventure Force Blasters",
                "/browse/toys/adventure-force-blasters/4171_14521_936979_6929634_6229152"
            ]
        ]
    },
    {
        "title": "The Very Hungry Caterpillar Spin & Seek ABC Game",
        "url": "https://www.walmart.com/ip/The-Very-Hungry-Caterpillar-Spin-Seek-ABC-Game/47632890",
        "price": "$9.97",
        "stars": "3.8",
        "ratings": "9 ",
        "img": "i5.walmartimages.com/asr/97d520db-10ab-4eae-b77b-8eaf5812bc88_1.45be5a6e1fe04247213ab6113e44c988.jpeg?odnWidth=612&odnHeight=612&odnBg=ffffff",
        "tags": [
            [
                "Card Games",
                "/browse/toys/card-games/4171_4191_163842"
            ],
            [
                "Classic Games",
                "/browse/toys/classic-games/4171_4191_2084995"
            ],
            [
                "Family Games",
                "/browse/toys/family-games/4171_4191_2335373_2204878"
            ],
            [
                "All Board Games",
                "/browse/toys/all-board-games/4171_4191_133123_4497274"
            ],
            [
                "Bingo Sets",
                "/browse/toys/bingo-sets/4171_4191_5819145"
            ],
            [
                "Math Toys for Kids",
                "/browse/toys/math-toys-for-kids/4171_1229858_6906869"
            ],
            [
                "Toys for Kids 5 to 7 Years",
                "/browse/toys/toys-for-kids-5-to-7-years/4171_3318550_617941_8920388"
            ]
        ]
    }
]