[
    {
        "title": "ernie ball 2\" red rose jacquard guitar strap",
        "url": "https://www.walmart.com/ip/ernie-ball-2-red-rose-jacquard-guitar-strap/955687714",
        "price": "$15.49",
        "stars": "5.0",
        "ratings": "2 ",
        "img": "",
        "tags": [
            [
                "Guitar Accessories",
                "/browse/musical-instruments/guitar-accessories/7796869_6171829_6548527_1074445"
            ],
            [
                "Straps",
                "/browse/musical-instruments/straps/7796869_6171829_2128409_2496665"
            ],
            [
                "D'Addario",
                "/browse/musical-instruments/daddario/7796869_3861023_5277933"
            ],
            [
                "Ernie Ball",
                "/browse/musical-instruments/ernie-ball/7796869_3861023_5708336"
            ],
            [
                "Dunlop",
                "/browse/musical-instruments/dunlop/7796869_3861023_5966714"
            ],
            [
                "Fender",
                "/browse/musical-instruments/fender/7796869_3861023_6460256"
            ],
            [
                "Celluloid Picks",
                "/browse/musical-instruments/celluloid-picks/7796869_6171829_6548527_5215123_7206444"
            ]
        ]
    },
    {
        "title": "ammoon 10-pack Pieces Strength 2.5 Bamboo Reeds for Bb Clarinet Accessories",
        "url": "https://www.walmart.com/ip/ammoon-10-pack-Pieces-Strength-2-5-Bamboo-Reeds-for-Bb-Clarinet-Accessories/618918949",
        "price": "$6.54",
        "stars": 0,
        "ratings": 0,
        "img": "i5.walmartimages.com/asr/cafe8abf-dc20-4a52-9e4f-12314510465e_1.de018b9aaca72c6ced6bd9b427d52d73.jpeg?odnWidth=612&odnHeight=612&odnBg=ffffff",
        "tags": [
            [
                "All Woodwind Instruments",
                "/browse/musical-instruments/all-woodwind-instruments/7796869_3983498_9087652_1141074"
            ],
            [
                "Woodwind Instrument Reed Cases",
                "/browse/musical-instruments/woodwind-instrument-reed-cases/7796869_6171829_3641090_1712119"
            ],
            [
                "Saxophone Reeds",
                "/browse/musical-instruments/saxophone-reeds/7796869_6171829_3641090_1779170"
            ],
            [
                "Clarinets",
                "/browse/musical-instruments/clarinets/7796869_3983498_9087652_2101356"
            ],
            [
                "Lazarro",
                "/browse/musical-instruments/lazarro/7796869_3861023_2876967"
            ],
            [
                "All Musical Instrument Accessories",
                "/browse/musical-instruments/all-musical-instrument-accessories/7796869_6171829_3297174"
            ],
            [
                "Clarinet Reeds",
                "/browse/musical-instruments/clarinet-reeds/7796869_6171829_3641090_4102470"
            ],
            [
                "D'Addario",
                "/browse/musical-instruments/daddario/7796869_3861023_5277933"
            ]
        ]
    },
    {
        "title": "Pyle Pro\u00ae Pyle Pro\u00ae 40-watt Professional Megaphone/bullhorn",
        "url": "https://www.walmart.com/ip/Pyle-Pro-Pyle-Pro-40-watt-Professional-Megaphone-bullhorn/19239274",
        "price": "$26.19",
        "stars": "4.3",
        "ratings": "62 ",
        "img": "",
        "tags": [
            [
                "Musical Instrument Covers",
                "/browse/musical-instruments/musical-instrument-covers/7796869_6171829_5531649_1565288"
            ],
            [
                "PA Speakers",
                "/browse/musical-instruments/pa-speakers/7796869_3240467_4172282"
            ],
            [
                "Hand Percussion Bells & Chimes",
                "/browse/musical-instruments/hand-percussion-bells-chimes/7796869_7773339_6162621"
            ],
            [
                "Portable PA Speakers",
                "/browse/musical-instruments/portable-pa-speakers/7796869_3240467_6854867"
            ],
            [
                "Percussion Instruments Musical Classroom",
                "/browse/musical-instruments/percussion-instruments-musical-classroom/7796869_1097895_7087786"
            ],
            [
                "DJ Speakers",
                "/browse/musical-instruments/dj-speakers/7796869_1097690_6268144_8226217"
            ]
        ]
    },
    {
        "title": "Ashthorpe Full-Size Dreadnought Cutaway Acoustic-Electric Guitar Bundle - Premium Tonewoods",
        "url": "https://www.walmart.com/ip/Ashthorpe-Full-Size-Dreadnought-Cutaway-Acoustic-Electric-Guitar-Bundle-Premium-Tonewoods/166747351",
        "price": "$119.99",
        "stars": "5.0",
        "ratings": "2 ",
        "img": "i5.walmartimages.com/asr/b9558cdd-3b05-456d-b8b3-1b39e8764be9_1.7764cd0dbe7bf12d97ef383a065bd6e1.jpeg?odnWidth=612&odnHeight=612&odnBg=ffffff",
        "tags": [
            [
                "Guitar Value Packs",
                "/browse/musical-instruments/guitar-value-packs/7796869_1097870_1398895"
            ],
            [
                "Kids Acoustic Guitars",
                "/browse/musical-instruments/kids-acoustic-guitars/7796869_6789055_4839538_7416933_2047866"
            ],
            [
                "Advanced Acoustic Guitars",
                "/browse/musical-instruments/advanced-acoustic-guitars/7796869_6789055_8828380_7536912_3355369"
            ],
            [
                "Advanced Acoustic Electric Guitars",
                "/browse/musical-instruments/advanced-acoustic-electric-guitars/7796869_6789055_8828380_7536912_4986077"
            ],
            [
                "String Instruments Musical Classroom",
                "/browse/musical-instruments/string-instruments-musical-classroom/7796869_1097895_5381069"
            ],
            [
                "Acoustic Electric Guitars",
                "/browse/musical-instruments/acoustic-electric-guitars/7796869_1097870_7246374"
            ],
            [
                "Beginner Acoustic Guitars",
                "/browse/musical-instruments/beginner-acoustic-guitars/7796869_6789055_6387230_8078877_8665177"
            ],
            [
                "Kids Guitars",
                "/browse/musical-instruments/kids-guitars/7796869_1097870_9293077"
            ]
        ]
    },
    {
        "title": "Cali's Books Patty Cake Nursery Rhymes. Interactive Sound Book for children ages 1-3",
        "url": "https://www.walmart.com/ip/Cali-s-Books-Patty-Cake-Nursery-Rhymes-Interactive-Sound-Book-for-children-ages-1-3-9781950648009/621473082",
        "price": "$17.99",
        "stars": 0,
        "ratings": 0,
        "img": "i5.walmartimages.com/asr/fc5a5501-1ed9-4ee0-b67c-52bcbbdc7c79.b0eaea80a2edeffba86c6e3a52800706.jpeg?odnWidth=612&odnHeight=612&odnBg=ffffff",
        "tags": [
            [
                "Orchestral Strings",
                "/browse/musical-instruments/orchestral-strings/7796869_3983498_3933845_1097967"
            ],
            [
                "All Woodwind Instruments",
                "/browse/musical-instruments/all-woodwind-instruments/7796869_3983498_9087652_1141074"
            ],
            [
                "Basic Violins",
                "/browse/musical-instruments/basic-violins/7796869_3983498_3933845_7826142_1336625"
            ],
            [
                "All Musical Instrument Accessories",
                "/browse/musical-instruments/all-musical-instrument-accessories/7796869_6171829_3297174"
            ],
            [
                "Guitar Pickups",
                "/browse/musical-instruments/guitar-pickups/7796869_6171829_6548527_4923424"
            ],
            [
                "Pianos",
                "/browse/musical-instruments/pianos/7796869_7773339_5652647"
            ],
            [
                "Shop Piano Keyboards by Size",
                "/browse/musical-instruments/shop-piano-keyboards-by-size/7796869_1128453_3376388_6600975"
            ]
        ]
    },
    {
        "title": "Al Cass Fast Valve, Slide and Key Oil",
        "url": "https://www.walmart.com/ip/Al-Cass-Fast-Valve-Slide-and-Key-Oil/41772753",
        "price": "$7.95",
        "stars": "5.0",
        "ratings": "6 ",
        "img": "",
        "tags": [
            [
                "All Brass Instruments",
                "/browse/musical-instruments/all-brass-instruments/7796869_3983498_6165534_1133472"
            ],
            [
                "All Woodwind Instruments",
                "/browse/musical-instruments/all-woodwind-instruments/7796869_3983498_9087652_1141074"
            ],
            [
                "All Musical Instrument Accessories",
                "/browse/musical-instruments/all-musical-instrument-accessories/7796869_6171829_3297174"
            ],
            [
                "Guitar Tuners",
                "/browse/musical-instruments/guitar-tuners/7796869_6171829_6548527_3470716"
            ],
            [
                "Guitar Effects Pedals",
                "/browse/musical-instruments/guitar-effects-pedals/7796869_6171829_6548527_7131273"
            ],
            [
                "Bass Guitar Effects",
                "/browse/musical-instruments/bass-guitar-effects/7796869_6137798_3673870_7955473"
            ],
            [
                "Trombones",
                "/browse/musical-instruments/trombones/7796869_3983498_6165534_7996017"
            ],
            [
                "Grease",
                "/browse/musical-instruments/grease/7796869_6171829_2128409_9152503"
            ]
        ]
    },
    {
        "title": "Blue Juice Valve Oil 2 Oz",
        "url": "https://www.walmart.com/ip/Blue-Juice-Valve-Oil-2-Oz/957048474",
        "price": "$9.99",
        "stars": 0,
        "ratings": 0,
        "img": "",
        "tags": [
            [
                "Guitar Accessories",
                "/browse/musical-instruments/guitar-accessories/7796869_6171829_6548527_1074445"
            ],
            [
                "All Brass Instruments",
                "/browse/musical-instruments/all-brass-instruments/7796869_3983498_6165534_1133472"
            ],
            [
                "All Woodwind Instruments",
                "/browse/musical-instruments/all-woodwind-instruments/7796869_3983498_9087652_1141074"
            ],
            [
                "Sheet Music Stands",
                "/browse/musical-instruments/sheet-music-stands/7796869_6171829_8289180_2461226"
            ],
            [
                "Woodwind Instrument Reeds",
                "/browse/musical-instruments/woodwind-instrument-reeds/7796869_6171829_3641090_2667222"
            ],
            [
                "Capos",
                "/browse/musical-instruments/capos/7796869_6171829_6548527_3960077"
            ],
            [
                "Clarinet Reeds",
                "/browse/musical-instruments/clarinet-reeds/7796869_6171829_3641090_4102470"
            ],
            [
                "Grease",
                "/browse/musical-instruments/grease/7796869_6171829_2128409_9152503"
            ]
        ]
    },
    {
        "title": "Musician's Gear Tripod Orchestral Music Stand Black",
        "url": "https://www.walmart.com/ip/Musician-s-Gear-Tripod-Orchestral-Music-Stand-Black/264654147",
        "price": "$25.99",
        "stars": "5.0",
        "ratings": "1 ",
        "img": "i5.walmartimages.com/asr/0223819f-5ee1-452a-b713-2ca46192e15e.8ae050c482537d5ee8fac4847ac0e4a1.jpeg?odnWidth=612&odnHeight=612&odnBg=ffffff",
        "tags": [
            [
                "Guitar Accessories",
                "/browse/musical-instruments/guitar-accessories/7796869_6171829_6548527_1074445"
            ],
            [
                "Sheet Music Stands",
                "/browse/musical-instruments/sheet-music-stands/7796869_6171829_8289180_2461226"
            ],
            [
                "All Musical Instrument Accessories",
                "/browse/musical-instruments/all-musical-instrument-accessories/7796869_6171829_3297174"
            ],
            [
                "Trumpets",
                "/browse/musical-instruments/trumpets/7796869_3983498_6165534_4517455"
            ],
            [
                "French Horns",
                "/browse/musical-instruments/french-horns/7796869_3983498_6165534_5376267"
            ],
            [
                "Jean Paul",
                "/browse/musical-instruments/jean-paul/7796869_3983498_2570492_6393970"
            ],
            [
                "Guitar Effects Pedals",
                "/browse/musical-instruments/guitar-effects-pedals/7796869_6171829_6548527_7131273"
            ],
            [
                "Trombones",
                "/browse/musical-instruments/trombones/7796869_3983498_6165534_7996017"
            ]
        ]
    },
    {
        "title": "Paititi Soprano Recorder 8-Hole With Cleaning Rod + Carrying Bag, Black Color, Key of C",
        "url": "https://www.walmart.com/ip/Paititi-Soprano-Recorder-8-Hole-With-Cleaning-Rod-Carrying-Bag-Black-Color-Key-of-C/937567470",
        "price": "$8.99",
        "stars": "4.8",
        "ratings": "5 ",
        "img": "i5.walmartimages.com/asr/a8c9bf72-d109-480b-9572-ffa159281628_1.45661e3fb3c6f139e819ef36cd1712dc.jpeg?odnWidth=612&odnHeight=612&odnBg=ffffff",
        "tags": [
            [
                "Musical Instruction",
                "/browse/musical-instruments/musical-instruction/7796869_1097895_1093407"
            ],
            [
                "Clarinets",
                "/browse/musical-instruments/clarinets/7796869_3983498_9087652_2101356"
            ],
            [
                "Woodwind Instruments Musical Classroom",
                "/browse/musical-instruments/woodwind-instruments-musical-classroom/7796869_1097895_2151646"
            ],
            [
                "Hohner",
                "/browse/musical-instruments/hohner/7796869_3983498_2570492_4007950"
            ],
            [
                "Harmonicas",
                "/browse/musical-instruments/harmonicas/7796869_1097866_5504191"
            ],
            [
                "Classroom Musical Instruments",
                "/browse/musical-instruments/classroom-musical-instruments/7796869_1097895_9031018"
            ],
            [
                "Recorders",
                "/browse/musical-instruments/recorders/7796869_3983498_9087652_9144598"
            ],
            [
                "Flutes",
                "/browse/musical-instruments/flutes/7796869_3983498_9087652_9889000"
            ]
        ]
    },
    {
        "title": "Wireless Express Sing-Along Bling Bluetooth Karaoke Microphone and Bluetooth Stereo Speaker All-in-One",
        "url": "https://www.walmart.com/ip/Wireless-Express-Sing-Along-Bling-Bluetooth-Karaoke-Microphone-and-Bluetooth-Stereo-Speaker-All-in-One/533249235",
        "price": "$47.99",
        "stars": 0,
        "ratings": 0,
        "img": "i5.walmartimages.com/asr/1f75a4d5-76e3-445a-93ca-b7823710f5ea_1.15b9c5f9731c9c27474a7b8237ecde5e.jpeg?odnWidth=612&odnHeight=612&odnBg=ffffff",
        "tags": [
            [
                "All Karaoke Machines",
                "/browse/musical-instruments/all-karaoke-machines/7796869_6745708_106984"
            ],
            [
                "Concert Snare Drums",
                "/browse/musical-instruments/concert-snare-drums/7796869_7773339_1141075_1859616"
            ],
            [
                "Adult Karaoke Machines",
                "/browse/musical-instruments/adult-karaoke-machines/7796869_6745708_8759860_2743039"
            ],
            [
                "Karaoke Systems",
                "/browse/musical-instruments/karaoke-systems/7796869_6745708_3216373_3079240"
            ],
            [
                "Shop All Microphones",
                "/browse/musical-instruments/shop-all-microphones/7796869_3348689_133194_6519431"
            ],
            [
                "Shop Karaoke Machine by Price",
                "/browse/musical-instruments/shop-karaoke-machine-by-price/7796869_6745708_6907838"
            ],
            [
                "Wireless Microphones",
                "/browse/musical-instruments/wireless-microphones/7796869_3348689_133194_8249540"
            ]
        ]
    }
]