[
    {
        "title": "The Beadery Wonder Loom Kit, Gift for Kids, Includes 600 Rubber Bands",
        "url": "https://www.walmart.com/ip/The-Beadery-Wonder-Loom-Kit-Gift-for-Kids-Includes-600-Rubber-Bands/30652494",
        "price": "$10.89",
        "stars": "4.3",
        "ratings": "296 ",
        "img": "i5.walmartimages.com/asr/19cf0b59-866e-4d85-968e-f4c555e2f68e_1.5e93c6e1602555cc92bcef573323000f.jpeg?odnWidth=612&odnHeight=612&odnBg=ffffff",
        "tags": [
            [
                "Costumes & Dress Up",
                "/browse/toys/costumes-dress-up/4171_4173_164142"
            ],
            [
                "Hair, Nail & Spa Toys",
                "/browse/toys/hair-nail-spa-toys/4171_645779_2990448"
            ],
            [
                "Cool Maker",
                "/browse/toys/cool-maker/4171_645779_3371021"
            ],
            [
                "Quilting & Sewing Kits",
                "/browse/toys/quilting-sewing-kits/4171_645779_6317337"
            ],
            [
                "Toys for Kids 5 to 7 Years",
                "/browse/toys/toys-for-kids-5-to-7-years/4171_3318550_617941_8920388"
            ],
            [
                "Knitting & Weaving Kits",
                "/browse/toys/knitting-weaving-kits/4171_645779_8985243"
            ],
            [
                "Children's Paint and Paint Supplies",
                "/browse/toys/childrens-paint-paint-supplies/4171_645779_9646901"
            ],
            [
                "All Kids Jewelry Making Kits",
                "/browse/toys/all-kids-jewelry-making-kits/4171_645779_9564789_9869340"
            ]
        ]
    },
    {
        "title": "Aqua Magic Doodle Mat, 40 x 32 inch Large Water Writing Drawing Doodle Mat with 29 Accessories, Educational Toys Gifts for Girls Boys Kids Toddlers",
        "url": "https://www.walmart.com/ip/Aqua-Magic-Doodle-Mat-40-x-32-inch-Large-Water-Writing-Drawing-Doodle-Mat-with-29-Accessories-Educational-Toys-Gifts-for-Girls-Boys-Kids-Toddlers/242968680",
        "price": "$25.79",
        "stars": "4.0",
        "ratings": "1 ",
        "img": "i5.walmartimages.com/asr/5baf6bba-7946-4da0-b319-ce0b2da9bb6d_1.4af28149b45235c6b9a09127ffa1f511.jpeg?odnWidth=612&odnHeight=612&odnBg=ffffff",
        "tags": [
            [
                "Kid Art Easels & Stations",
                "/browse/toys/kid-art-easels-stations/4171_645779_1103012"
            ],
            [
                "Craft Kits",
                "/browse/toys/craft-kits/4171_645779_613040"
            ],
            [
                "Play Dough",
                "/browse/toys/play-dough/4171_645779_9285153_613042"
            ],
            [
                "Magna Doodle",
                "/browse/toys/magna-doodle/4171_645779_6408170_6399778"
            ],
            [
                "Etch-A-Sketch",
                "/browse/toys/etch-a-sketch/4171_645779_6408170_8550674"
            ],
            [
                "Glue for Slime",
                "/browse/toys/glue-for-slime/4171_645779_2165088_2131853_8604968"
            ],
            [
                "Toys for Kids 5 to 7 Years",
                "/browse/toys/toys-for-kids-5-to-7-years/4171_3318550_617941_8920388"
            ],
            [
                "Children's Paint and Paint Supplies",
                "/browse/toys/childrens-paint-paint-supplies/4171_645779_9646901"
            ]
        ]
    },
    {
        "title": "Play-Doh Builder Ice Cream Stand Kit, Ages 5 and up",
        "url": "https://www.walmart.com/ip/Play-Doh-Builder-Ice-Cream-Stand-Kit-Ages-5-and-up/229340099",
        "price": "$9.97",
        "stars": "4.4",
        "ratings": "21 ",
        "img": "i5.walmartimages.com/asr/14d08f53-4187-49e9-9971-dba50dd90670.f9ebe7d919cc829e5156d5fba45bf7a3.jpeg?odnWidth=612&odnHeight=612&odnBg=ffffff",
        "tags": [
            [
                "Play-Doh",
                "/browse/toys/play-doh/4171_645779_9285153_2925360"
            ],
            [
                "Play-Doh Sets",
                "/browse/toys/play-doh-sets/4171_645779_9285153_5291460"
            ],
            [
                "So Slime DIY",
                "/browse/toys/so-slime-diy/4171_645779_2165088_6055664"
            ],
            [
                "Kinetic Sand Kit",
                "/browse/toys/kinetic-sand-kit/4171_645779_9285153_7271912"
            ],
            [
                "PAW Patrol Toys",
                "/browse/toys/paw-patrol-toys/4171_3438149_8288276"
            ],
            [
                "Play-Doh Compound",
                "/browse/toys/play-doh-compound/4171_645779_9285153_9262776"
            ],
            [
                "Kinetic Sand",
                "/browse/toys/kinetic-sand/4171_645779_9285153_9528503"
            ],
            [
                "Play Sand",
                "/browse/toys/play-sand/4171_645779_9285153_9734670"
            ]
        ]
    },
    {
        "title": "National Geographic Glow-in-the-Dark Crystal Kit",
        "url": "https://www.walmart.com/ip/National-Geographic-Glow-in-the-Dark-Crystal-Kit/682354651",
        "price": "$9.92",
        "stars": "4.4",
        "ratings": "8 ",
        "img": "i5.walmartimages.com/asr/f091ca98-bce3-476d-9bce-11ee49b61869.65851b462ee4569325109bc12fdb122d.jpeg?odnWidth=612&odnHeight=612&odnBg=ffffff",
        "tags": []
    },
    {
        "title": "L.O.L. Surprise! Glitter Glam Bag",
        "url": "https://www.walmart.com/ip/L-O-L-Surprise-Glitter-Glam-Bag/249197186",
        "price": "$8.99",
        "stars": "4.5",
        "ratings": "4 ",
        "img": "i5.walmartimages.com/asr/00b2e88e-9bf4-4750-9d9a-6f895007fa10_1.f75f53b17d147ab0a24548c972e3ad5e.jpeg?odnWidth=612&odnHeight=612&odnBg=ffffff",
        "tags": [
            [
                "Collectible Dolls",
                "/browse/toys/collectible-dolls/4171_4187_6904958_132911"
            ],
            [
                "SlimyGloop Slime",
                "/browse/toys/slimygloop-slime/4171_645779_2165088_4477093"
            ],
            [
                "LOL Surprise Eye Spy Dolls",
                "/browse/toys/lol-surprise-eye-spy-dolls/4171_4187_2618388_5362297"
            ],
            [
                "LOL Surprise Dolls",
                "/browse/toys/lol-surprise-dolls/4171_4187_2618388_5940516"
            ],
            [
                "Drawing & Coloring",
                "/browse/toys/drawing-coloring/4171_645779_613041"
            ],
            [
                "LOL Surprise Pets",
                "/browse/toys/lol-surprise-pets/4171_4187_2618388_9609142"
            ],
            [
                "Children's Paint and Paint Supplies",
                "/browse/toys/childrens-paint-paint-supplies/4171_645779_9646901"
            ],
            [
                "All Kids Jewelry Making Kits",
                "/browse/toys/all-kids-jewelry-making-kits/4171_645779_9564789_9869340"
            ]
        ]
    },
    {
        "title": "Zimtown 13\" x 10\" Portable Folding Wooden Table Top Drawing Easel Board with Artist Drawer Box for Storage, Display Painting, Perfect for Children",
        "url": "https://www.walmart.com/ip/Zimtown-13-x-10-Portable-Folding-Wooden-Table-Top-Drawing-Easel-Board-with-Artist-Drawer-Box-for-Storage-Display-Painting-Perfect-for-Children/933109078",
        "price": "$18.98",
        "stars": "4.9",
        "ratings": "8 ",
        "img": "i5.walmartimages.com/asr/ee719680-24fe-42ab-8e49-36c38c6d22b1_1.2d93a2c9a18501c6b9ea2581abba11d4.jpeg?odnWidth=612&odnHeight=612&odnBg=ffffff",
        "tags": [
            [
                "Learning Accessories",
                "/browse/toys/learning-accessories/4171_56125_1095164"
            ],
            [
                "Learning Playsets",
                "/browse/toys/learning-playsets/4171_56125_1228921"
            ],
            [
                "Melissa & Doug Toys",
                "/browse/toys/melissa-doug-toys/4171_3438149_5908879"
            ],
            [
                "Drawing & Coloring",
                "/browse/toys/drawing-coloring/4171_645779_613041"
            ],
            [
                "Play Dough",
                "/browse/toys/play-dough/4171_645779_9285153_613042"
            ],
            [
                "Math Toys for Kids",
                "/browse/toys/math-toys-for-kids/4171_1229858_6906869"
            ],
            [
                "Toys for Kids 12 Years & Up",
                "/browse/toys/toys-for-kids-12-years-up/4171_3318550_1077724_6922509"
            ],
            [
                "Children's Paint and Paint Supplies",
                "/browse/toys/childrens-paint-paint-supplies/4171_645779_9646901"
            ]
        ]
    },
    {
        "title": "Melissa & Doug My First Sidewalk Chalk Set With Holders - 4 Chalk Sticks and 4 Holders",
        "url": "https://www.walmart.com/ip/Melissa-Doug-My-First-Sidewalk-Chalk-Set-With-Holders-4-Chalk-Sticks-and-4-Holders/50386898",
        "price": "$4.99",
        "stars": "4.8",
        "ratings": "11 ",
        "img": "i5.walmartimages.com/asr/398361b2-2a45-4b32-b6a1-976725398910_1.3f2eb718933b4b3ff58d288437dcc710.jpeg?odnWidth=612&odnHeight=612&odnBg=ffffff",
        "tags": [
            [
                "Hair, Nail & Spa Toys",
                "/browse/toys/hair-nail-spa-toys/4171_645779_2990448"
            ],
            [
                "Melissa & Doug Toys",
                "/browse/toys/melissa-doug-toys/4171_3438149_5908879"
            ],
            [
                "DIY Slime Kits",
                "/browse/toys/diy-slime-kits/4171_645779_2165088_6010655"
            ],
            [
                "Drawing & Coloring",
                "/browse/toys/drawing-coloring/4171_645779_613041"
            ],
            [
                "Toys for Kids 5 to 7 Years",
                "/browse/toys/toys-for-kids-5-to-7-years/4171_3318550_617941_8920388"
            ],
            [
                "Pre-Made Slime Shop",
                "/browse/toys/pre-made-slime-shop/4171_645779_2165088_9237203"
            ],
            [
                "Children's Paint and Paint Supplies",
                "/browse/toys/childrens-paint-paint-supplies/4171_645779_9646901"
            ],
            [
                "All Kids Jewelry Making Kits",
                "/browse/toys/all-kids-jewelry-making-kits/4171_645779_9564789_9869340"
            ]
        ]
    },
    {
        "title": "Easy-Bake Refill Super Pack",
        "url": "https://www.walmart.com/ip/Easy-Bake-Refill-Super-Pack/47877712",
        "price": "$39.90",
        "stars": "4.5",
        "ratings": "44 ",
        "img": "i5.walmartimages.com/asr/5b85b8a3-bf7e-45f2-beeb-e543dfeadb66_1.27eedd09bf4d42be67c9be86f4f2e5e8.jpeg?odnWidth=612&odnHeight=612&odnBg=ffffff",
        "tags": [
            [
                "Shop Toys by Price",
                "/browse/shop-toys-by-price/4171_1263324"
            ],
            [
                "Easy-Bake Oven",
                "/browse/toys/easy-bake-oven/4171_645779_3071057_1527924"
            ],
            [
                "Jojo Siwa Toys",
                "/browse/toys/jojo-siwa-toys/4171_7357538_2646145"
            ],
            [
                "Dolls & Dollhouses",
                "/browse/toys/dolls-dollhouses/4171_4187_4800686"
            ],
            [
                "DIY Food",
                "/browse/toys/diy-food/4171_645779_3071057_6045973"
            ],
            [
                "Fashion Dolls",
                "/browse/toys/fashion-dolls/4171_4187_8051423_7344622"
            ],
            [
                "Fisher Price Pretend Play",
                "/browse/toys/fisher-price-pretend-play/4171_4173_7354985"
            ],
            [
                "My Life As Dollhouses & Playsets",
                "/browse/toys/my-life-as-dollhouses-playsets/4171_6331649_9301546_9666912"
            ]
        ]
    },
    {
        "title": "Cra-Z-Art Softee Dough Rainbow Pizza Modeling Compound Activity Set",
        "url": "https://www.walmart.com/ip/Cra-Z-Art-Softee-Dough-Rainbow-Pizza-Modeling-Compound-Activity-Set/633723454",
        "price": "$5.00",
        "stars": "5.0",
        "ratings": "1 ",
        "img": "i5.walmartimages.com/asr/0b5091b6-3e09-43ea-956a-b8c32189e88c.80c9af69e65a83007ba36f6f2bfa8d6b.jpeg?odnWidth=612&odnHeight=612&odnBg=ffffff",
        "tags": []
    },
    {
        "title": "Play-Doh Animal Crew Sherrie Shearin' Sheep, Includes 4 Cans (MultiColor)",
        "url": "https://www.walmart.com/ip/Play-Doh-Animal-Crew-Sherrie-Shearin-Sheep-Includes-4-Cans-MultiColor/585429241",
        "price": "$14.99",
        "stars": "4.8",
        "ratings": "26 ",
        "img": "i5.walmartimages.com/asr/2b56a94d-ddca-4e67-8984-5315f563258f.173f4c497413bfbcb4858e03189049f5.jpeg?odnWidth=612&odnHeight=612&odnBg=ffffff",
        "tags": [
            [
                "Play-Doh Kitchen Creations",
                "/browse/toys/play-doh-kitchen-creations/4171_645779_9285153_3576437"
            ],
            [
                "Play-Doh Sets",
                "/browse/toys/play-doh-sets/4171_645779_9285153_5291460"
            ],
            [
                "Play-Doh Slime",
                "/browse/toys/play-doh-slime/4171_645779_2165088_5603854"
            ],
            [
                "Play Dough",
                "/browse/toys/play-dough/4171_645779_9285153_613042"
            ],
            [
                "Play-Doh Licensed Sets",
                "/browse/toys/play-doh-licensed-sets/4171_645779_9285153_6910681"
            ],
            [
                "PAW Patrol Toys",
                "/browse/toys/paw-patrol-toys/4171_3438149_8288276"
            ],
            [
                "Play-Doh Compound",
                "/browse/toys/play-doh-compound/4171_645779_9285153_9262776"
            ],
            [
                "Play Sand",
                "/browse/toys/play-sand/4171_645779_9285153_9734670"
            ]
        ]
    },
    {
        "title": "EECOO Wooden Kid's Art Easel with Accessories, All-in-One Wooden Kid's Art Easel with Accessories",
        "url": "https://www.walmart.com/ip/EECOO-Wooden-Kid-s-Art-Easel-with-Accessories-All-in-One-Wooden-Kid-s-Art-Easel-with-Accessories/589559581",
        "price": "$50.42",
        "stars": "4.0",
        "ratings": "1 ",
        "img": "i5.walmartimages.com/asr/02c9c687-ad47-46a1-8dc2-f582f6d15cc2_1.e2e9fdfb50a5a563bc928c542ef96e74.jpeg?odnWidth=612&odnHeight=612&odnBg=ffffff",
        "tags": [
            [
                "Costumes & Dress Up",
                "/browse/toys/costumes-dress-up/4171_4173_164142"
            ],
            [
                "Housekeeping Toys",
                "/browse/toys/housekeeping-toys/4171_4173_3426779_2728309"
            ],
            [
                "KidKraft",
                "/browse/toys/kidkraft/4171_3438149_3485234"
            ],
            [
                "Melissa & Doug Toys",
                "/browse/toys/melissa-doug-toys/4171_3438149_5908879"
            ],
            [
                "Drawing & Coloring",
                "/browse/toys/drawing-coloring/4171_645779_613041"
            ],
            [
                "Math Toys for Kids",
                "/browse/toys/math-toys-for-kids/4171_1229858_6906869"
            ],
            [
                "Playhouses & Furniture",
                "/browse/toys/playhouses-furniture/4171_14521_3747773_86643"
            ],
            [
                "Children's Paint and Paint Supplies",
                "/browse/toys/childrens-paint-paint-supplies/4171_645779_9646901"
            ]
        ]
    }
]