[
    {
        "title": "REALLY RAD ROBOTS MIBRO SUPABAD RC **NEW**",
        "url": "https://www.walmart.com/ip/REALLY-RAD-ROBOTS-MIBRO-SUPABAD-RC-NEW/204250297",
        "price": "$80.93",
        "stars": 0,
        "ratings": 0,
        "img": "i5.walmartimages.com/asr/2022c393-a5a4-4a19-8603-031614b84481_1.b199642d1184492b153d70bdcae37818.jpeg?odnWidth=612&odnHeight=612&odnBg=ffffff",
        "tags": [
            [
                "Shop STEM ages 12 and Up",
                "/browse/feature/shop-stem-ages-12-up/14503_6502732_8574738_2904408"
            ],
            [
                "Science Kits",
                "/browse/feature/science-kits/14503_6502732_8482524_6325752_3051339"
            ],
            [
                "All Unicorn",
                "/browse/feature/all-unicorn/14503_6685911_3357006"
            ],
            [
                "Coding Toys",
                "/browse/feature/coding-toys/14503_6502732_8482524_5525509_6012650"
            ],
            [
                "Shop STEM ages 8-11",
                "/browse/feature/shop-stem-ages-8-11/14503_6502732_8574738_7323879"
            ],
            [
                "Shop STEM ages 5-7",
                "/browse/feature/shop-stem-ages-5-7/14503_6502732_8574738_7467645"
            ],
            [
                "Circut Kits",
                "/browse/feature/circut-kits/14503_6502732_8482524_3427389_7855701"
            ],
            [
                "Electricity and Circuit Kits",
                "/browse/feature/electricity-circuit-kits/14503_6502732_8482524_6325752_9890275"
            ]
        ]
    },
    {
        "title": "Remote Control Robots Smart Robot RC Toys Birthday Gift for Boys Girls Kids US",
        "url": "https://www.walmart.com/ip/Remote-Control-Robots-Smart-Robot-RC-Toys-Birthday-Gift-for-Boys-Girls-Kids-US/903591088",
        "price": "$67.49",
        "stars": 0,
        "ratings": 0,
        "img": "i5.walmartimages.com/asr/55c841d6-fd1e-4e32-b898-d27e72a85606_1.d903c45d669b9b7532b9a23eecce56cc.jpeg?odnWidth=612&odnHeight=612&odnBg=ffffff",
        "tags": [
            [
                "Shop STEM ages 12 and Up",
                "/browse/feature/shop-stem-ages-12-up/14503_6502732_8574738_2904408"
            ],
            [
                "Science Kits",
                "/browse/feature/science-kits/14503_6502732_8482524_6325752_3051339"
            ],
            [
                "All Unicorn",
                "/browse/feature/all-unicorn/14503_6685911_3357006"
            ],
            [
                "Coding Toys",
                "/browse/feature/coding-toys/14503_6502732_8482524_5525509_6012650"
            ],
            [
                "Shop STEM ages 8-11",
                "/browse/feature/shop-stem-ages-8-11/14503_6502732_8574738_7323879"
            ],
            [
                "Shop STEM ages 5-7",
                "/browse/feature/shop-stem-ages-5-7/14503_6502732_8574738_7467645"
            ],
            [
                "Circut Kits",
                "/browse/feature/circut-kits/14503_6502732_8482524_3427389_7855701"
            ],
            [
                "Electricity and Circuit Kits",
                "/browse/feature/electricity-circuit-kits/14503_6502732_8482524_6325752_9890275"
            ]
        ]
    },
    {
        "title": "Vex Motorized Robotic Arm By Hexbug",
        "url": "https://www.walmart.com/ip/Vex-Motorized-Robotic-Arm-By-Hexbug/54300831",
        "price": "$58.99",
        "stars": "1.0",
        "ratings": "2 ",
        "img": "i5.walmartimages.com/asr/b642c423-3e94-4769-89f0-cee6367335af_1.4bdb7161a1b682b1e23c647548fa09c9.jpeg?odnWidth=612&odnHeight=612&odnBg=ffffff",
        "tags": [
            [
                "Electronic Toys",
                "/browse/toys/electronic-toys/4171_1096069_1105959_1096123"
            ],
            [
                "Gifts for 8 year old girls",
                "/browse/toys/gifts-for-8-year-old-girls/4171_3318550_617942_1924009"
            ],
            [
                "Robotic Toys",
                "/browse/toys/robotic-toys/4171_1096069_1105959_2211540"
            ],
            [
                "Toys for 11 year old girls",
                "/browse/toys/toys-for-11-year-old-girls/4171_3318550_617942_5411280"
            ],
            [
                "Gifts for 9 year old girls",
                "/browse/toys/gifts-for-9-year-old-girls/4171_3318550_617942_6025053"
            ],
            [
                "Gifts for 11 year olds girl",
                "/browse/toys/gifts-for-11-year-olds-girl/4171_3318550_617942_7978116"
            ],
            [
                "Robot Toys",
                "/browse/toys/robot-toys/4171_1229858_8116584"
            ],
            [
                "Gifts for 7 year old girls",
                "/browse/toys/gifts-for-7-year-old-girls/4171_3318550_617941_8255142"
            ]
        ]
    },
    {
        "title": "The Scrambled States Of America Deluxe Edition",
        "url": "https://www.walmart.com/ip/The-Scrambled-States-Of-America-Deluxe-Edition/16349747",
        "price": "$24.99",
        "stars": "5.0",
        "ratings": "11 ",
        "img": "",
        "tags": [
            [
                "Learning Accessories",
                "/browse/toys/learning-accessories/4171_56125_1095164"
            ],
            [
                "Classic Games",
                "/browse/toys/classic-games/4171_4191_2084995"
            ],
            [
                "Family Games",
                "/browse/toys/family-games/4171_4191_2335373_2204878"
            ],
            [
                "All Board Games",
                "/browse/toys/all-board-games/4171_4191_133123_4497274"
            ],
            [
                "Bingo Sets",
                "/browse/toys/bingo-sets/4171_4191_5819145"
            ],
            [
                "Math Toys for Kids",
                "/browse/toys/math-toys-for-kids/4171_1229858_6906869"
            ],
            [
                "Toys for 8 year old girls",
                "/browse/toys/toys-for-8-year-old-girls/4171_3318550_617942_8081534"
            ]
        ]
    },
    {
        "title": "Zoomer - Zupps Tiny Unicorns, Crystal, Interactive Unicorn with Light-up Horn, for Ages 4 and Up",
        "url": "https://www.walmart.com/ip/Zoomer-Zupps-Tiny-Unicorns-Crystal-Interactive-Unicorn-with-Light-up-Horn-for-Ages-4-and-Up/522517552",
        "price": "$24.80",
        "stars": "5.0",
        "ratings": "1 ",
        "img": "i5.walmartimages.com/asr/2d17d25b-2d56-422d-9a5f-8acb8cd70d10_1.176110e2d00bb0500b14ae27650862f5.jpeg?odnWidth=612&odnHeight=612&odnBg=ffffff",
        "tags": [
            [
                "Electronic Toys",
                "/browse/toys/electronic-toys/4171_1096069_1105959_1096123"
            ],
            [
                "Fingerlings",
                "/browse/toys/fingerlings/4171_4187_1741575"
            ],
            [
                "Pomsies",
                "/browse/toys/pomsies/4171_4187_1802942"
            ],
            [
                "Other Unicorn Toys",
                "/browse/toys/other-unicorn-toys/4171_4209468_3940073"
            ],
            [
                "Electronic Pets",
                "/browse/toys/electronic-pets/4171_4187_4209464"
            ],
            [
                "Toys for age  2-4  girls",
                "/browse/toys/toys-for-age-2-4-girls/4171_3318550_7016108_5476489"
            ],
            [
                "Zoomer",
                "/browse/toys/zoomer/4171_4187_6227775"
            ],
            [
                "Unicorn Stuffed Animals",
                "/browse/toys/unicorn-stuffed-animals/4171_2724815_7233122"
            ]
        ]
    },
    {
        "title": "FurReal Walkalots Lil\u2019 Wags, Puppy",
        "url": "https://www.walmart.com/ip/FurReal-Walkalots-Lil-Wags-Puppy/192723858",
        "price": "$19.98",
        "stars": 0,
        "ratings": 0,
        "img": "i5.walmartimages.com/asr/c01cb396-33eb-4077-a6e7-e14a6c18500e_1.1807b3333b4f634cdd8f89e36324c728.jpeg?odnWidth=612&odnHeight=612&odnBg=ffffff",
        "tags": [
            [
                "Electronic Toys",
                "/browse/toys/electronic-toys/4171_1096069_1105959_1096123"
            ],
            [
                "Robots & Electronic Pets",
                "/browse/toys/robots-electronic-pets/4171_1096069_1105959_1105996"
            ],
            [
                "Top Rated Toys by Kids",
                "/browse/toys/top-rated-toys-by-kids/4171_1228385_1228386"
            ],
            [
                "Little Live Pets",
                "/browse/toys/little-live-pets/4171_4187_7790702_3693047"
            ],
            [
                "Other Unicorn Toys",
                "/browse/toys/other-unicorn-toys/4171_4209468_3940073"
            ],
            [
                "Electronic Pets",
                "/browse/toys/electronic-pets/4171_4187_4209464"
            ],
            [
                "Toys for age  2-4  girls",
                "/browse/toys/toys-for-age-2-4-girls/4171_3318550_7016108_5476489"
            ],
            [
                "All Lion King Toys",
                "/browse/toys/all-lion-king-toys/4171_7357538_2966184_8142145"
            ]
        ]
    },
    {
        "title": "USA Toyz Walkie Talkies for Kids - \"Vox Box\" Voice Activated Walkie Talkies for Adults and Kids 3+ Mile Two Way Radio Walkie Talkies Long Range Set",
        "url": "https://www.walmart.com/ip/USA-Toyz-Walkie-Talkies-for-Kids-Vox-Box-Voice-Activated-Walkie-Talkies-for-Adults-and-Kids-3-Mile-Two-Way-Radio-Walkie-Talkies-Long-Range-Set/193096308",
        "price": "$49.98",
        "stars": 0,
        "ratings": 0,
        "img": "i5.walmartimages.com/asr/b99b61cc-36ff-4444-9bd0-8a4e92531185_1.2af5766cf987218089049138d37354a5.jpeg?odnWidth=612&odnHeight=612&odnBg=ffffff",
        "tags": [
            [
                "Kids Instruments",
                "/browse/toys/kids-instruments/4171_4173_1143273"
            ],
            [
                "Frozen Karaoke Machines & Kids Instruments",
                "/browse/toys/frozen-karaoke-machines-kids-instruments/4171_7357538_6091150_1779539"
            ],
            [
                "Jojo Siwa Toys",
                "/browse/toys/jojo-siwa-toys/4171_7357538_2646145"
            ],
            [
                "VTech Toys",
                "/browse/toys/vtech-toys/4171_3438149_3348821"
            ],
            [
                "Gifts for 4 year old boy",
                "/browse/toys/gifts-for-4-year-old-boy/4171_3318550_7016108_4071474"
            ],
            [
                "Toys for 2 year old girls",
                "/browse/toys/toys-for-2-year-old-girls/4171_3318550_7016108_7112114"
            ],
            [
                "Kids Musical Instruments",
                "/browse/toys/kids-musical-instruments/4171_4173_3426779_7166990"
            ],
            [
                "Toys for 4 year old girls",
                "/browse/toys/toys-for-4-year-old-girls/4171_3318550_7016108_8608370"
            ]
        ]
    },
    {
        "title": "OMG Pets - Soft and Squishy Puppy Comes To Life, Cries and Eats - German Shepherd",
        "url": "https://www.walmart.com/ip/OMG-Pets-Soft-and-Squishy-Puppy-Comes-To-Life-Cries-and-Eats-German-Shepherd/484102273",
        "price": "$23.37",
        "stars": 0,
        "ratings": 0,
        "img": "i5.walmartimages.com/asr/5da72509-481a-4a5c-8bf5-65573b4830d4_1.585167dd7dcb28682c751e0ddaefbdb2.jpeg?odnWidth=612&odnHeight=612&odnBg=ffffff",
        "tags": [
            [
                "Robots & Electronic Pets",
                "/browse/toys/robots-electronic-pets/4171_1096069_1105959_1105996"
            ],
            [
                "All Stuffed Animals & Plush",
                "/browse/toys/all-stuffed-animals-plush/4171_2724815_132874"
            ],
            [
                "Little Live Pets",
                "/browse/toys/little-live-pets/4171_4187_7790702_3693047"
            ],
            [
                "8 to 11 Years",
                "/browse/toys/8-to-11-years/4171_2724815_3925001"
            ],
            [
                "Stuffed Animals for Girls",
                "/browse/toys/stuffed-animals-for-girls/4171_2724815_3975865"
            ],
            [
                "Electronic Pets",
                "/browse/toys/electronic-pets/4171_4187_4209464"
            ],
            [
                "5 to 7 Years",
                "/browse/toys/5-to-7-years/4171_2724815_9191313"
            ],
            [
                "Stuffed Animals for Boys",
                "/browse/toys/stuffed-animals-for-boys/4171_2724815_9211121"
            ]
        ]
    },
    {
        "title": "Little Live Bizzy Bubs, Poppy",
        "url": "https://www.walmart.com/ip/Little-Live-Bizzy-Bubs-Poppy/186873745",
        "price": "$18.14",
        "stars": 0,
        "ratings": 0,
        "img": "",
        "tags": [
            [
                "Baby Dolls",
                "/browse/toys/baby-dolls/4171_4187_133124"
            ],
            [
                "Little Live Pets",
                "/browse/toys/little-live-pets/4171_4187_7790702_3693047"
            ],
            [
                "Other Unicorn Toys",
                "/browse/toys/other-unicorn-toys/4171_4209468_3940073"
            ],
            [
                "Electronic Pets",
                "/browse/toys/electronic-pets/4171_4187_4209464"
            ],
            [
                "Fur Babies World",
                "/browse/toys/fur-babies-world/4171_2724815_5341643"
            ],
            [
                "Furreal Friends",
                "/browse/toys/furreal-friends/4171_4187_5776542"
            ],
            [
                "Zoomer",
                "/browse/toys/zoomer/4171_4187_6227775"
            ],
            [
                "Toddler Girl Toys",
                "/browse/toys/toddler-girl-toys/4171_3318550_8469931_7878434"
            ]
        ]
    },
    {
        "title": "Red Master A Million Ball, How Long Will It Take You to Bounce to a Million!",
        "url": "https://www.walmart.com/ip/Red-Master-A-Million-Ball-How-Long-Will-It-Take-You-to-Bounce-to-a-Million/511431206",
        "price": "$12.99",
        "stars": "3.2",
        "ratings": "15 ",
        "img": "i5.walmartimages.com/asr/80d57658-d09b-4d49-aafe-ac32716f04e5_1.d8a98d9f846c8139b221bddbf2de5968.jpeg?odnWidth=612&odnHeight=612&odnBg=ffffff",
        "tags": [
            [
                "Classic Games",
                "/browse/toys/classic-games/4171_4191_2084995"
            ],
            [
                "Family Games",
                "/browse/toys/family-games/4171_4191_2335373_2204878"
            ],
            [
                "Little Live Pets",
                "/browse/toys/little-live-pets/4171_4187_7790702_3693047"
            ],
            [
                "3D Puzzles",
                "/browse/toys/3d-puzzles/4171_4191_163840_4244336"
            ],
            [
                "All Board Games",
                "/browse/toys/all-board-games/4171_4191_133123_4497274"
            ],
            [
                "Toys for Kids 12 Years & Up",
                "/browse/toys/toys-for-kids-12-years-up/4171_3318550_1077724_6922509"
            ]
        ]
    }
]