[
    {
        "title": "Martin Retro Monel Light Gauge Acoustic Strings",
        "url": "https://www.walmart.com/ip/Martin-Retro-Monel-Light-Gauge-Acoustic-Strings/135233832",
        "price": "$9.03",
        "stars": "4.0",
        "ratings": "1 ",
        "img": "",
        "tags": [
            [
                "Acoustic Guitar Strings",
                "/browse/musical-instruments/acoustic-guitar-strings/7796869_6171829_6548527_1819793_2056913"
            ],
            [
                "D'Addario",
                "/browse/musical-instruments/daddario/7796869_3861023_5277933"
            ],
            [
                "Martin",
                "/browse/musical-instruments/martin/7796869_3861023_5308251"
            ],
            [
                "Ernie Ball",
                "/browse/musical-instruments/ernie-ball/7796869_3861023_5708336"
            ],
            [
                "Dunlop",
                "/browse/musical-instruments/dunlop/7796869_3861023_5966714"
            ],
            [
                "Electric Guitar Strings",
                "/browse/musical-instruments/electric-guitar-strings/7796869_6171829_6548527_1819793_8605147"
            ],
            [
                "Instrument Strings",
                "/browse/musical-instruments/instrument-strings/7796869_6171829_2128409_9702093"
            ]
        ]
    },
    {
        "title": "Blue Microphones Yeti X USB Mic Bundle with Knox Pop Filter and 4-Port USB Hub",
        "url": "https://www.walmart.com/ip/Blue-Microphones-Yeti-X-USB-Mic-Bundle-with-Knox-Pop-Filter-and-4-Port-USB-Hub/687049047",
        "price": "$199.99",
        "stars": 0,
        "ratings": 0,
        "img": "i5.walmartimages.com/asr/af5ee2c7-b76f-4797-a7e2-cd2d780c03b5_1.589d129901a8238753e67f3b6acae28a.jpeg?odnWidth=612&odnHeight=612&odnBg=ffffff",
        "tags": [
            [
                "All Karaoke Machines",
                "/browse/musical-instruments/all-karaoke-machines/7796869_6745708_106984"
            ],
            [
                "Adult Karaoke Machines",
                "/browse/musical-instruments/adult-karaoke-machines/7796869_6745708_8759860_2743039"
            ],
            [
                "Dynamic Microphones",
                "/browse/musical-instruments/dynamic-microphones/7796869_3348689_133194_3930897"
            ],
            [
                "Podcasting Bundles",
                "/browse/musical-instruments/podcasting-bundles/7796869_3348689_133194_6485637"
            ],
            [
                "Karaoke Machine Accessories",
                "/browse/musical-instruments/karaoke-machine-accessories/7796869_6745708_6264579_7488727"
            ],
            [
                "Condenser Microphones",
                "/browse/musical-instruments/condenser-microphones/7796869_3348689_133194_8159030"
            ],
            [
                "Wireless Microphones",
                "/browse/musical-instruments/wireless-microphones/7796869_3348689_133194_8249540"
            ]
        ]
    },
    {
        "title": "Karaoke USA\u00a0 M189 Professional Dynamic Microphone (Detachable Cord)",
        "url": "https://www.walmart.com/ip/Karaoke-USA-M189-Professional-Dynamic-Microphone-Detachable-Cord/20925027",
        "price": "$19.52",
        "stars": "4.3",
        "ratings": "28 ",
        "img": "i5.walmartimages.com/asr/afec77a4-2bf6-4e50-b16a-059d1ab01aff_1.51d8401da854cf6ef9268149ef63833b.jpeg?odnWidth=612&odnHeight=612&odnBg=ffffff",
        "tags": [
            [
                "All Karaoke Machines",
                "/browse/musical-instruments/all-karaoke-machines/7796869_6745708_106984"
            ],
            [
                "Adult Karaoke Machines",
                "/browse/musical-instruments/adult-karaoke-machines/7796869_6745708_8759860_2743039"
            ],
            [
                "Karaoke Systems",
                "/browse/musical-instruments/karaoke-systems/7796869_6745708_3216373_3079240"
            ],
            [
                "The Singing Machine Microphones",
                "/browse/musical-instruments/the-singing-machine-microphones/7796869_3861023_5419535_3711375"
            ],
            [
                "Shop All Microphones",
                "/browse/musical-instruments/shop-all-microphones/7796869_3348689_133194_6519431"
            ],
            [
                "Karaoke Machine Accessories",
                "/browse/musical-instruments/karaoke-machine-accessories/7796869_6745708_6264579_7488727"
            ],
            [
                "Wireless Microphones",
                "/browse/musical-instruments/wireless-microphones/7796869_3348689_133194_8249540"
            ]
        ]
    },
    {
        "title": "Premium Wired Earbud Stereo In-Ear Headphones with in-line Remote & Microphone Compatible with Samsung R375C - New",
        "url": "https://www.walmart.com/ip/Premium-Wired-Earbud-Stereo-In-Ear-Headphones-with-in-line-Remote-Microphone-Compatible-with-Samsung-R375C-New/103783489",
        "price": "$9.95",
        "stars": 0,
        "ratings": 0,
        "img": "i5.walmartimages.com/asr/4b32c66d-fb9a-4aac-8d76-fee66a29fbc8.a70692a96d93b83263c167a7171bdf81.jpeg?odnWidth=612&odnHeight=612&odnBg=ffffff",
        "tags": [
            [
                "All Karaoke Machines",
                "/browse/musical-instruments/all-karaoke-machines/7796869_6745708_106984"
            ],
            [
                "Adult Karaoke Machines",
                "/browse/musical-instruments/adult-karaoke-machines/7796869_6745708_8759860_2743039"
            ],
            [
                "Dynamic Microphones",
                "/browse/musical-instruments/dynamic-microphones/7796869_3348689_133194_3930897"
            ],
            [
                "Podcasting Bundles",
                "/browse/musical-instruments/podcasting-bundles/7796869_3348689_133194_6485637"
            ],
            [
                "Karaoke Machine Accessories",
                "/browse/musical-instruments/karaoke-machine-accessories/7796869_6745708_6264579_7488727"
            ],
            [
                "Condenser Microphones",
                "/browse/musical-instruments/condenser-microphones/7796869_3348689_133194_8159030"
            ],
            [
                "Wireless Microphones",
                "/browse/musical-instruments/wireless-microphones/7796869_3348689_133194_8249540"
            ]
        ]
    },
    {
        "title": "Wireless Bluetooth Karaoke Microphone with Controllable LED Lights, Portable Karaoke Machine Speaker Mother's Day Birthday Gift Party Travel Toy for Android/iPhone/iPad/Sony/PC",
        "url": "https://www.walmart.com/ip/Wireless-Bluetooth-Karaoke-Microphone-Controllable-LED-Lights-Portable-Machine-Speaker-Mother-s-Day-Birthday-Gift-Party-Travel-Toy-Android-iPhone-iPa/648268769",
        "price": "$17.99",
        "stars": "2.3",
        "ratings": "3 ",
        "img": "",
        "tags": [
            [
                "All Karaoke Machines",
                "/browse/musical-instruments/all-karaoke-machines/7796869_6745708_106984"
            ],
            [
                "Adult Karaoke Machines",
                "/browse/musical-instruments/adult-karaoke-machines/7796869_6745708_8759860_2743039"
            ],
            [
                "Dynamic Microphones",
                "/browse/musical-instruments/dynamic-microphones/7796869_3348689_133194_3930897"
            ],
            [
                "Podcasting Bundles",
                "/browse/musical-instruments/podcasting-bundles/7796869_3348689_133194_6485637"
            ],
            [
                "Karaoke Machine Accessories",
                "/browse/musical-instruments/karaoke-machine-accessories/7796869_6745708_6264579_7488727"
            ],
            [
                "Condenser Microphones",
                "/browse/musical-instruments/condenser-microphones/7796869_3348689_133194_8159030"
            ],
            [
                "Wireless Microphones",
                "/browse/musical-instruments/wireless-microphones/7796869_3348689_133194_8249540"
            ]
        ]
    },
    {
        "title": "30 key Childs Toy Grand Baby Piano w/ Kids Bench Wood Pink",
        "url": "https://www.walmart.com/ip/30-key-Childs-Toy-Grand-Baby-Piano-w-Kids-Bench-Wood-Pink/274140803",
        "price": "$84.99",
        "stars": "4.8",
        "ratings": "165 ",
        "img": "i5.walmartimages.com/asr/060c6728-139c-45d1-b3a7-2b0add70df14_1.6161f91817e53cdd9c69d5d65132ba2c.jpeg?odnWidth=612&odnHeight=612&odnBg=ffffff",
        "tags": [
            [
                "Keyboard & Piano Benches",
                "/browse/musical-instruments/keyboard-piano-benches/7796869_6171829_4291841_2388903"
            ],
            [
                "Benches and Stools",
                "/browse/musical-instruments/benches-stools/7796869_6171829_5516547"
            ],
            [
                "Pianos",
                "/browse/musical-instruments/pianos/7796869_7773339_5652647"
            ],
            [
                "Keyboards Musical Classroom",
                "/browse/musical-instruments/keyboards-musical-classroom/7796869_1097895_5698620"
            ],
            [
                "Kids Piano Bundles",
                "/browse/musical-instruments/kids-piano-bundles/7796869_1128453_1074444_8038704"
            ],
            [
                "Classroom Musical Instruments",
                "/browse/musical-instruments/classroom-musical-instruments/7796869_1097895_9031018"
            ],
            [
                "Kids Pianos & Keyboards",
                "/browse/musical-instruments/kids-pianos-keyboards/7796869_6789055_4839538_9093895"
            ]
        ]
    },
    {
        "title": "ammoon 10-pack Pieces Strength 2.5 Bamboo Reeds for Eb Alto Saxophone Sax Accessories",
        "url": "https://www.walmart.com/ip/ammoon-10-pack-Pieces-Strength-2-5-Bamboo-Reeds-for-Eb-Alto-Saxophone-Sax-Accessories/564822516",
        "price": "$6.99",
        "stars": "4.7",
        "ratings": "3 ",
        "img": "i5.walmartimages.com/asr/f4c8b041-a591-41c0-9337-cbb76a128fb7_1.4e43b8924a8713dc08c2bcf6a3848728.jpeg?odnWidth=612&odnHeight=612&odnBg=ffffff",
        "tags": [
            [
                "All Woodwind Instruments",
                "/browse/musical-instruments/all-woodwind-instruments/7796869_3983498_9087652_1141074"
            ],
            [
                "Saxophone Reeds",
                "/browse/musical-instruments/saxophone-reeds/7796869_6171829_3641090_1779170"
            ],
            [
                "Clarinets",
                "/browse/musical-instruments/clarinets/7796869_3983498_9087652_2101356"
            ],
            [
                "Lazarro",
                "/browse/musical-instruments/lazarro/7796869_3861023_2876967"
            ],
            [
                "All Musical Instrument Accessories",
                "/browse/musical-instruments/all-musical-instrument-accessories/7796869_6171829_3297174"
            ],
            [
                "Clarinet Reeds",
                "/browse/musical-instruments/clarinet-reeds/7796869_6171829_3641090_4102470"
            ],
            [
                "D'Addario",
                "/browse/musical-instruments/daddario/7796869_3861023_5277933"
            ],
            [
                "Musical Instrument Key Corks",
                "/browse/musical-instruments/musical-instrument-key-corks/7796869_6171829_3641090_9284835"
            ]
        ]
    },
    {
        "title": "ammoon Worlde Panda mini Portable Mini 25-Key USB Keyboard and Drum Pad MIDI Controller for teen adults",
        "url": "https://www.walmart.com/ip/ammoon-Worlde-Panda-mini-Portable-Mini-25-Key-USB-Keyboard-and-Drum-Pad-MIDI-Controller-for-teen-adults/810223158",
        "price": "$59.69",
        "stars": 0,
        "ratings": 0,
        "img": "i5.walmartimages.com/asr/f1281378-48fd-4aeb-bf5c-89bb1dc5a14d_1.41b45330717619c32fbb9f3c1e06195b.jpeg?odnWidth=612&odnHeight=612&odnBg=ffffff",
        "tags": [
            [
                "Shop MIDI Keyboard Controllers by Size",
                "/browse/musical-instruments/shop-midi-keyboard-controllers-by-size/7796869_1128453_3376388_2681763"
            ],
            [
                "Synthesizers",
                "/browse/musical-instruments/synthesizers/7796869_3348689_3807667"
            ],
            [
                "Beginner MIDI Keyboard Controllers",
                "/browse/musical-instruments/beginner-midi-keyboard-controllers/7796869_6789055_6387230_9562435_4477667"
            ],
            [
                "25-Key MIDI Keyboard Controllers",
                "/browse/musical-instruments/25-key-midi-keyboard-controllers/7796869_1128453_3376388_4727429_4637932"
            ],
            [
                "MIDI Controllers",
                "/browse/musical-instruments/midi-controllers/7796869_3348689_4660005"
            ],
            [
                "Keyboards Musical Classroom",
                "/browse/musical-instruments/keyboards-musical-classroom/7796869_1097895_5698620"
            ],
            [
                "MIDI Keyboard Controllers",
                "/browse/musical-instruments/midi-keyboard-controllers/7796869_1128453_7123946"
            ],
            [
                "Akai",
                "/browse/musical-instruments/akai/7796869_3861023_7266793"
            ]
        ]
    },
    {
        "title": "Reprize Accessories TMS-1 Tripod Microphone Stand",
        "url": "https://www.walmart.com/ip/Reprize-Accessories-TMS-1-Tripod-Microphone-Stand/136539743",
        "price": "$19.95",
        "stars": "4.4",
        "ratings": "8 ",
        "img": "",
        "tags": [
            [
                "All Karaoke Machines",
                "/browse/musical-instruments/all-karaoke-machines/7796869_6745708_106984"
            ],
            [
                "All Musical Instrument Accessories",
                "/browse/musical-instruments/all-musical-instrument-accessories/7796869_6171829_3297174"
            ],
            [
                "The Singing Machine Microphones",
                "/browse/musical-instruments/the-singing-machine-microphones/7796869_3861023_5419535_3711375"
            ],
            [
                "Dynamic Microphones",
                "/browse/musical-instruments/dynamic-microphones/7796869_3348689_133194_3930897"
            ],
            [
                "Karaoke Machine Stands",
                "/browse/musical-instruments/karaoke-machine-stands/7796869_6745708_6264579_6325504"
            ],
            [
                "Shop All Microphones",
                "/browse/musical-instruments/shop-all-microphones/7796869_3348689_133194_6519431"
            ],
            [
                "Wireless Microphones",
                "/browse/musical-instruments/wireless-microphones/7796869_3348689_133194_8249540"
            ]
        ]
    },
    {
        "title": "Let's Pick Apples! (Barbie)",
        "url": "https://www.walmart.com/ip/Let-s-Pick-Apples-Barbie-9781524764784/464246588",
        "price": "$4.74",
        "stars": 0,
        "ratings": 0,
        "img": "",
        "tags": [
            [
                "Musical Instrument Covers",
                "/browse/musical-instruments/musical-instrument-covers/7796869_6171829_5531649_1565288"
            ],
            [
                "Acoustic Guitar Strings",
                "/browse/musical-instruments/acoustic-guitar-strings/7796869_6171829_6548527_1819793_2056913"
            ],
            [
                "D'Addario",
                "/browse/musical-instruments/daddario/7796869_3861023_5277933"
            ],
            [
                "Ernie Ball",
                "/browse/musical-instruments/ernie-ball/7796869_3861023_5708336"
            ],
            [
                "Instrument Strings",
                "/browse/musical-instruments/instrument-strings/7796869_6171829_2128409_9702093"
            ]
        ]
    }
]