[
    {
        "title": "Tobbi 12V Kids Ride On Car, Maserati Licensed Electric Car, Kids to Ride Motorized Vehicle for Girls, with Remote Control MP3 LED Lights, Pink Ride-On Car Toy Gift",
        "url": "https://www.walmart.com/ip/Tobbi-12V-Kids-Ride-On-Car-Maserati-Licensed-Electric-Motorized-Vehicle-Girls-Remote-Control-MP3-LED-Lights-Pink-Ride-On-Car-Toy-Gift/100176170",
        "price": "$170.99",
        "stars": "3.8",
        "ratings": "48 ",
        "img": "i5.walmartimages.com/asr/59d51776-1d6d-4ef8-b6b2-1c02cd06c58e.edc86cc51c8c58a1bb08fad62d73ad29.jpeg?odnWidth=612&odnHeight=612&odnBg=ffffff",
        "tags": [
            [
                "Ride Ons for Girls",
                "/browse/toys/ride-ons-for-girls/4171_1228477_3574057_1348260"
            ],
            [
                "6V Powered Ride Ons",
                "/browse/toys/6v-powered-ride-ons/4171_133073_6774653_8911690_7715141_1945060"
            ],
            [
                "All Powered Ride Ons",
                "/browse/toys/all-powered-ride-ons/4171_133073_6774653_8911690_3288692"
            ],
            [
                "Toys for 1 year old",
                "/browse/toys/toys-for-1-year-old/4171_3318550_8469931_6921641"
            ],
            [
                "Toddler Boy Toys",
                "/browse/toys/toddler-boy-toys/4171_3318550_8469931_7166821"
            ],
            [
                "Ride Ons for Boys",
                "/browse/toys/ride-ons-for-boys/4171_1228478_3172813_7785372"
            ],
            [
                "Moped Scooter",
                "/browse/toys/moped-scooter/4171_133073_6774653_4137853_3209634_7994546_8891253"
            ],
            [
                "Toys for age  2-4  boys",
                "/browse/toys/toys-for-age-2-4-boys/4171_3318550_7016108_8955316"
            ]
        ]
    },
    {
        "title": "18 Inch Doll Clothes for American Girl Dolls, Cute Clothes for Any 18\" Doll",
        "url": "https://www.walmart.com/ip/18-Inch-Doll-Clothes-for-American-Girl-Dolls-Cute-Clothes-for-Any-18-Doll/969580931",
        "price": "$20.99",
        "stars": "5.0",
        "ratings": "4 ",
        "img": "i5.walmartimages.com/asr/ff2085ee-91fe-4bcd-85f4-5776728039ca.28596b22a25cb622d6fab54f3d5b27e1.jpeg?odnWidth=612&odnHeight=612&odnBg=ffffff",
        "tags": [
            [
                "Baby Doll Accessories",
                "/browse/toys/baby-doll-accessories/4171_4187_3415121_1822201"
            ],
            [
                "Doll Clothing and Fashion Accessories",
                "/browse/toys/doll-clothing-fashion-accessories/4171_4187_4966840_2636876"
            ],
            [
                "Dolls & Dollhouses",
                "/browse/toys/dolls-dollhouses/4171_4187_4800686"
            ],
            [
                "My Life As Clothing & Accessories",
                "/browse/toys/my-life-as-clothing-accessories/4171_4187_4966840_5537996"
            ],
            [
                "My Life As Dolls",
                "/browse/toys/my-life-as-dolls/4171_4187_8051423_5582355"
            ],
            [
                "American Girl Dolls",
                "/browse/toys/american-girl-dolls/4171_4187_6022028"
            ],
            [
                "Dolls Clothes and Accessories",
                "/browse/toys/dolls-clothes-accessories/4171_4187_9226108"
            ],
            [
                "My Life As Dollhouses & Playsets",
                "/browse/toys/my-life-as-dollhouses-playsets/4171_6331649_9301546_9666912"
            ]
        ]
    },
    {
        "title": "L.O.L. Surprise! Neon Q.T. \u2013 Huggable, Soft Plush Doll",
        "url": "https://www.walmart.com/ip/L-O-L-Surprise-Neon-Q-T-Huggable-Soft-Plush-Doll/531837257",
        "price": "$19.88",
        "stars": "5.0",
        "ratings": "2 ",
        "img": "i5.walmartimages.com/asr/dc8dd8ac-a572-4147-a018-a6fc56da7af2.0b47f73acfd0a7cab1fa85ce599db400.jpeg?odnWidth=612&odnHeight=612&odnBg=ffffff",
        "tags": [
            [
                "LOL Surprise O.M.G",
                "/browse/toys/lol-surprise-omg/4171_4187_2618388_1578815"
            ],
            [
                "LOL Surprise Dolls Series 3",
                "/browse/toys/lol-surprise-dolls-series-3/4171_4187_2618388_4206592"
            ],
            [
                "Dolls & Dollhouses",
                "/browse/toys/dolls-dollhouses/4171_4187_4800686"
            ],
            [
                "LOL Surprise Boys",
                "/browse/toys/lol-surprise-boys/4171_4187_2618388_5081448"
            ],
            [
                "LOL Surprise Dolls Series 1",
                "/browse/toys/lol-surprise-dolls-series-1/4171_4187_2618388_5551908"
            ],
            [
                "LOL Surprise Dolls",
                "/browse/toys/lol-surprise-dolls/4171_4187_2618388_5940516"
            ],
            [
                "Fashion Dolls",
                "/browse/toys/fashion-dolls/4171_4187_8051423_7344622"
            ],
            [
                "Toys for Kids 5 to 7 Years",
                "/browse/toys/toys-for-kids-5-to-7-years/4171_3318550_617941_8920388"
            ]
        ]
    },
    {
        "title": "Robo Alive Roaring Ice Dragon Battery-Powered Robotic Toy by Zuru",
        "url": "https://www.walmart.com/ip/Robo-Alive-Roaring-Ice-Dragon-Battery-Powered-Robotic-Toy-by-Zuru/831994290",
        "price": "$19.97",
        "stars": "4.0",
        "ratings": "178 ",
        "img": "i5.walmartimages.com/asr/3c16b4f4-2d32-4336-9c8f-f77693463346_3.c4aab569d549080b771ea50fc9baead8.png?odnWidth=612&odnHeight=612&odnBg=ffffff",
        "tags": [
            [
                "Electronic Toys",
                "/browse/toys/electronic-toys/4171_1096069_1105959_1096123"
            ],
            [
                "Robots & Electronic Pets",
                "/browse/toys/robots-electronic-pets/4171_1096069_1105959_1105996"
            ],
            [
                "Top Rated Toys by Kids",
                "/browse/toys/top-rated-toys-by-kids/4171_1228385_1228386"
            ],
            [
                "Robotic Toys",
                "/browse/toys/robotic-toys/4171_1096069_1105959_2211540"
            ],
            [
                "Dragon Toys",
                "/browse/toys/dragon-toys/4171_7357538_5461952"
            ],
            [
                "Dinosaur Toys",
                "/browse/toys/dinosaur-toys/4171_4172_6335762"
            ],
            [
                "Jurassic World Toys",
                "/browse/toys/jurassic-world-toys/4171_7357538_6982853"
            ],
            [
                "Robot Toys",
                "/browse/toys/robot-toys/4171_1229858_8116584"
            ]
        ]
    },
    {
        "title": "Cave Club Fernessa Doll (8 - 10-Inch) Prehistoric Fashion Doll with Dinosaur Pet",
        "url": "https://www.walmart.com/ip/Cave-Club-Fernessa-Doll-8-10-Inch-Prehistoric-Fashion-Doll-with-Dinosaur-Pet/422217899",
        "price": "$12.94",
        "stars": "4.4",
        "ratings": "38 ",
        "img": "i5.walmartimages.com/asr/100e44d4-00cc-400b-9ee3-ef3505a48865.e52db1fb2d53bbfe1729531398e51596.jpeg?odnWidth=612&odnHeight=612&odnBg=ffffff",
        "tags": [
            [
                "Shop Toys by Price",
                "/browse/shop-toys-by-price/4171_1263324"
            ],
            [
                "Collectible Dolls",
                "/browse/toys/collectible-dolls/4171_4187_6904958_132911"
            ],
            [
                "LOL Surprise O.M.G",
                "/browse/toys/lol-surprise-omg/4171_4187_2618388_1578815"
            ],
            [
                "LOL Surprise Dolls Series 3",
                "/browse/toys/lol-surprise-dolls-series-3/4171_4187_2618388_4206592"
            ],
            [
                "Dolls & Dollhouses",
                "/browse/toys/dolls-dollhouses/4171_4187_4800686"
            ],
            [
                "Hairdorables Dolls",
                "/browse/toys/hairdorables-dolls/4171_4187_8051423_5159518"
            ],
            [
                "LOL Surprise Dolls",
                "/browse/toys/lol-surprise-dolls/4171_4187_2618388_5940516"
            ],
            [
                "Fashion Dolls",
                "/browse/toys/fashion-dolls/4171_4187_8051423_7344622"
            ]
        ]
    },
    {
        "title": "L.O.L. Surprise! O.M.G. Lights Angles Fashion Doll with 15 Surprises",
        "url": "https://www.walmart.com/ip/L-O-L-Surprise-O-M-G-Lights-Angles-Fashion-Doll-with-15-Surprises/442799656",
        "price": "$22.49",
        "stars": "4.9",
        "ratings": "173 ",
        "img": "i5.walmartimages.com/asr/f206ab99-7200-4a14-a7e3-ed9d75dc007c_1.a3b51dee381263c51c8e064cd7faee4e.jpeg?odnWidth=612&odnHeight=612&odnBg=ffffff",
        "tags": [
            [
                "Top Rated Toys by Kids",
                "/browse/toys/top-rated-toys-by-kids/4171_1228385_1228386"
            ],
            [
                "Collectible Dolls",
                "/browse/toys/collectible-dolls/4171_4187_6904958_132911"
            ],
            [
                "LOL Surprise O.M.G",
                "/browse/toys/lol-surprise-omg/4171_4187_2618388_1578815"
            ],
            [
                "LOL Surprise Dolls Series 3",
                "/browse/toys/lol-surprise-dolls-series-3/4171_4187_2618388_4206592"
            ],
            [
                "Dolls & Dollhouses",
                "/browse/toys/dolls-dollhouses/4171_4187_4800686"
            ],
            [
                "LOL Surprise Lights",
                "/browse/toys/lol-surprise-lights/4171_4187_2618388_5175550"
            ],
            [
                "LOL Surprise Winter Disco",
                "/browse/toys/lol-surprise-winter-disco/4171_4187_2618388_6796339"
            ],
            [
                "Fashion Dolls",
                "/browse/toys/fashion-dolls/4171_4187_8051423_7344622"
            ]
        ]
    },
    {
        "title": "Disney Princess Royal Shimmer Cinderella, Ages 3 and up",
        "url": "https://www.walmart.com/ip/Disney-Princess-Royal-Shimmer-Cinderella-Ages-3-and-up/261062346",
        "price": "$8.88",
        "stars": "4.7",
        "ratings": "27 ",
        "img": "i5.walmartimages.com/asr/49679ccc-9aae-4087-a564-e572a4145a90.dfe9328d372858526e2b1dbf1b554cd1.jpeg?odnWidth=612&odnHeight=612&odnBg=ffffff",
        "tags": [
            [
                "Princess Ariel Dolls",
                "/browse/toys/princess-ariel-dolls/4171_4187_1594146"
            ],
            [
                "All Disney Toys",
                "/browse/toys/all-disney-toys/4171_6909449_1773797"
            ],
            [
                "Frozen Dolls & Dollhouses",
                "/browse/toys/frozen-dolls-dollhouses/4171_7357538_6091150_1817573"
            ],
            [
                "Frozen Dolls",
                "/browse/toys/frozen-dolls/4171_4187_8051423_2062169"
            ],
            [
                "Princess Rapunzel Dolls",
                "/browse/toys/princess-rapunzel-dolls/4171_4187_4294022"
            ],
            [
                "Disney Princess Dolls",
                "/browse/toys/disney-princess-dolls/4171_4187_8051423_4656670"
            ],
            [
                "Princess Cinderella Dolls",
                "/browse/toys/princess-cinderella-dolls/4171_4187_5860852"
            ],
            [
                "Princess Belle Dolls",
                "/browse/toys/princess-belle-dolls/4171_4187_6013679"
            ]
        ]
    },
    {
        "title": "Barbie Soccer Coach Playset With 2 Dolls And Accessories",
        "url": "https://www.walmart.com/ip/Barbie-Soccer-Coach-Playset-With-2-Dolls-And-Accessories/951562536",
        "price": "$14.88",
        "stars": "4.7",
        "ratings": "24 ",
        "img": "i5.walmartimages.com/asr/a17197cf-6470-4f9c-b67f-8b7ae1ae191b_1.f66dd95eda5facf980c38acd03baccae.jpeg?odnWidth=612&odnHeight=612&odnBg=ffffff",
        "tags": [
            [
                "Barbie Careers",
                "/browse/toys/barbie-careers/4171_4187_1953337_8898526_1290769"
            ],
            [
                "Barbie Chelsea",
                "/browse/toys/barbie-chelsea/4171_4187_1953337_8898526_2251214"
            ],
            [
                "Barbie Dreamtopia",
                "/browse/toys/barbie-dreamtopia/4171_4187_1953337_8898526_6507620"
            ],
            [
                "Barbie Sisters, Friends, & Pets",
                "/browse/toys/barbie-sisters-friends-pets/4171_4187_1953337_8898526_6830678"
            ],
            [
                "Fashion Dolls",
                "/browse/toys/fashion-dolls/4171_4187_8051423_7344622"
            ],
            [
                "Barbie Dollhouses & Vehicles",
                "/browse/toys/barbie-dollhouses-vehicles/4171_4187_1953337_7832421"
            ],
            [
                "All Barbie Dolls",
                "/browse/toys/all-barbie-dolls/4171_4187_1953337_8898526_7849876"
            ],
            [
                "All Barbie",
                "/browse/toys/all-barbie/4171_4187_1953337_8661247"
            ]
        ]
    },
    {
        "title": "Barbie CookieSwirlC Doll and Accessories",
        "url": "https://www.walmart.com/ip/Barbie-CookieSwirlC-Doll-and-Accessories/702618336",
        "price": "$23.88",
        "stars": "4.8",
        "ratings": "36 ",
        "img": "i5.walmartimages.com/asr/fd48cef7-5f0f-4d14-b708-7f1bfc4e9871_1.2a74275ba14f3c67a130d9fe8c2a33c2.jpeg?odnWidth=612&odnHeight=612&odnBg=ffffff",
        "tags": [
            [
                "Barbie Careers",
                "/browse/toys/barbie-careers/4171_4187_1953337_8898526_1290769"
            ],
            [
                "Barbie Sisters, Friends, & Pets",
                "/browse/toys/barbie-sisters-friends-pets/4171_4187_1953337_8898526_6830678"
            ],
            [
                "Fashion Dolls",
                "/browse/toys/fashion-dolls/4171_4187_8051423_7344622"
            ],
            [
                "All Barbie Dolls",
                "/browse/toys/all-barbie-dolls/4171_4187_1953337_8898526_7849876"
            ],
            [
                "Barbie Fashionistas",
                "/browse/toys/barbie-fashionistas/4171_4187_1953337_8898526_7986857"
            ],
            [
                "Barbie Doll Playsets",
                "/browse/toys/barbie-doll-playsets/4171_4187_1953337_8371277"
            ],
            [
                "All Barbie",
                "/browse/toys/all-barbie/4171_4187_1953337_8661247"
            ],
            [
                "Barbie Doll Clothing & Accessories",
                "/browse/toys/barbie-doll-clothing-accessories/4171_4187_1953337_9762069"
            ]
        ]
    },
    {
        "title": "Disney Frozen Anna Classic Fashion Doll for Ages 3 and up",
        "url": "https://www.walmart.com/ip/Disney-Frozen-Anna-Classic-Fashion-Doll-for-Ages-3-and-up/907902640",
        "price": "$7.94",
        "stars": "4.8",
        "ratings": "5 ",
        "img": "i5.walmartimages.com/asr/be2cf45a-d7fd-4858-b954-80d52b063004_1.e0a1382c26fb03f603c34eb2b16bd749.jpeg?odnWidth=612&odnHeight=612&odnBg=ffffff",
        "tags": [
            [
                "Frozen Dolls & Dollhouses",
                "/browse/toys/frozen-dolls-dollhouses/4171_7357538_6091150_1817573"
            ],
            [
                "Frozen Dolls",
                "/browse/toys/frozen-dolls/4171_4187_8051423_2062169"
            ],
            [
                "Disney Frozen Plush Toys",
                "/browse/toys/disney-frozen-plush-toys/4171_2724815_2924243"
            ],
            [
                "Princess Rapunzel Dolls",
                "/browse/toys/princess-rapunzel-dolls/4171_4187_4294022"
            ],
            [
                "All Frozen Toys",
                "/browse/toys/all-frozen-toys/4171_7357538_6091150_4557348"
            ],
            [
                "Disney Princess Dolls",
                "/browse/toys/disney-princess-dolls/4171_4187_8051423_4656670"
            ],
            [
                "Fashion Dolls",
                "/browse/toys/fashion-dolls/4171_4187_8051423_7344622"
            ],
            [
                "My Life As Dollhouses & Playsets",
                "/browse/toys/my-life-as-dollhouses-playsets/4171_6331649_9301546_9666912"
            ]
        ]
    }
]