[
    {
        "title": "Disney Frozen Elsa & Friends By Little People, Figure 4-Pack",
        "url": "https://www.walmart.com/ip/Disney-Frozen-Elsa-Friends-By-Little-People-Figure-4-Pack/664342240",
        "price": "$15.39",
        "stars": "4.9",
        "ratings": "21 ",
        "img": "i5.walmartimages.com/asr/615e8f11-7fed-4a7f-bcf6-f981477cf9cd.59ada8e8ae9123b333672646025b8cc1.jpeg?odnWidth=612&odnHeight=612&odnBg=ffffff",
        "tags": [
            [
                "Ages 0-12 months",
                "/browse/baby/ages-0-12-months/5427_491351_1081264"
            ],
            [
                "Ages 12-24 months",
                "/browse/baby/ages-12-24-months/5427_491351_1081284"
            ],
            [
                "Baby and Toddler Music Toys",
                "/browse/baby/baby-toddler-music-toys/5427_491351_164198"
            ],
            [
                "12-18 Month Toys",
                "/browse/baby/12-18-month-toys/5427_491351_2793475"
            ],
            [
                "Fisher Price Baby Toys",
                "/browse/baby/fisher-price-baby-toys/5427_491351_3913250"
            ],
            [
                "Fisher Price Electronic Baby Toys",
                "/browse/baby/fisher-price-electronic-baby-toys/5427_491351_6845286"
            ],
            [
                "Baby and Toddler Playsets",
                "/browse/baby/baby-toddler-playsets/5427_491351_8466232"
            ],
            [
                "Fisher Price Toddler",
                "/browse/fisher-price-toddler/5427_8667173"
            ]
        ]
    },
    {
        "title": "Funko POP! TV: Stranger Things - Robin",
        "url": "https://www.walmart.com/ip/Funko-POP-TV-Stranger-Things-Robin/632965409",
        "price": "$14.99",
        "stars": "5.0",
        "ratings": "1 ",
        "img": "i5.walmartimages.com/asr/472a7205-0ce6-4b7b-89af-8efc96f99c90_1.6de56dbf658c4dc0f2c40988780ded1d.png?odnWidth=612&odnHeight=612&odnBg=ffffff",
        "tags": [
            [
                "Mike",
                "/browse/shop-by-tv-show/mike/5984018_2835529_4534932_1595548"
            ],
            [
                "Steve",
                "/browse/shop-by-tv-show/steve/5984018_2835529_4534932_1765497"
            ],
            [
                "Eleven",
                "/browse/shop-by-tv-show/eleven/5984018_2835529_4534932_3463472"
            ],
            [
                "Jim Hopper",
                "/browse/shop-by-tv-show/jim-hopper/5984018_2835529_4534932_5604541"
            ],
            [
                "Dustin",
                "/browse/shop-by-tv-show/dustin/5984018_2835529_4534932_6481296"
            ],
            [
                "Max",
                "/browse/shop-by-tv-show/max/5984018_2835529_4534932_8337323"
            ],
            [
                "Joyce",
                "/browse/shop-by-tv-show/joyce/5984018_2835529_4534932_8881364"
            ],
            [
                "Lucas",
                "/browse/shop-by-tv-show/lucas/5984018_2835529_4534932_9311890"
            ]
        ]
    },
    {
        "title": "Funko Games POP! Funkoverse: Back To The Future - 100 2-Pack",
        "url": "https://www.walmart.com/ip/Funko-Games-POP-Funkoverse-Back-To-The-Future-100-2-Pack/894026048",
        "price": "$19.99",
        "stars": "5.0",
        "ratings": "3 ",
        "img": "i5.walmartimages.com/asr/4a105a49-8096-4ca0-b757-1ad291d569e5.4c6c20086062e54628386bc447d5223a.png?odnWidth=612&odnHeight=612&odnBg=ffffff",
        "tags": [
            [
                "Diamond Select Toys",
                "/browse/toys/diamond-select-toys/4171_2229239_8665809_1984158"
            ],
            [
                "Walmart Exclusive Funko Pop",
                "/browse/toys/walmart-exclusive-funko-pop/4171_4172_4294413_2884519"
            ],
            [
                "Back to the Future Funko Pop",
                "/browse/toys/back-to-the-future-funko-pop/4171_4172_4294413_3066981"
            ],
            [
                "DC Funko Pop",
                "/browse/toys/dc-funko-pop/4171_4172_4294413_3406310"
            ],
            [
                "Funkoverse",
                "/browse/toys/funkoverse/4171_4172_4294413_5143097"
            ],
            [
                "Back to the Future Toys",
                "/browse/toys/back-to-the-future-toys/4171_7357538_5799115"
            ],
            [
                "Jada Toys",
                "/browse/toys/jada-toys/4171_1111647_6679269"
            ],
            [
                "Funko Pop Games",
                "/browse/toys/funko-pop-games/4171_4172_4294413_9788314"
            ]
        ]
    },
    {
        "title": "Funko POP! Television: Stranger Things - Battle Eleven",
        "url": "https://www.walmart.com/ip/Funko-POP-Television-Stranger-Things-Battle-Eleven/913860750",
        "price": "$12.75",
        "stars": "4.0",
        "ratings": "4 ",
        "img": "i5.walmartimages.com/asr/2190d05c-dce6-4047-992e-8db7c28d854c_1.53153ff1d4230f53de1e238d171ba42b.png?odnWidth=612&odnHeight=612&odnBg=ffffff",
        "tags": [
            [
                "Mike",
                "/browse/shop-by-tv-show/mike/5984018_2835529_4534932_1595548"
            ],
            [
                "Steve",
                "/browse/shop-by-tv-show/steve/5984018_2835529_4534932_1765497"
            ],
            [
                "Eleven",
                "/browse/shop-by-tv-show/eleven/5984018_2835529_4534932_3463472"
            ],
            [
                "Jim Hopper",
                "/browse/shop-by-tv-show/jim-hopper/5984018_2835529_4534932_5604541"
            ],
            [
                "Will",
                "/browse/shop-by-tv-show/will/5984018_2835529_4534932_6335698"
            ],
            [
                "Dustin",
                "/browse/shop-by-tv-show/dustin/5984018_2835529_4534932_6481296"
            ],
            [
                "Max",
                "/browse/shop-by-tv-show/max/5984018_2835529_4534932_8337323"
            ],
            [
                "Lucas",
                "/browse/shop-by-tv-show/lucas/5984018_2835529_4534932_9311890"
            ]
        ]
    },
    {
        "title": "Skater-Aid, Adjustable Roller Skating Trainer - Blue",
        "url": "https://www.walmart.com/ip/Skater-Aid-Adjustable-Roller-Skating-Trainer-Blue/738655814",
        "price": "$129.98",
        "stars": "3.8",
        "ratings": "4 ",
        "img": "i5.walmartimages.com/asr/63dffa07-58af-40c3-bde8-7dd14d8a6071_1.f7072cb4f65d612c0a7db61892f2179c.png?odnWidth=612&odnHeight=612&odnBg=ffffff",
        "tags": [
            [
                "Sports & Duffel Bags",
                "/browse/sports-outdoors/sports-duffel-bags/4125_4161_1043958"
            ],
            [
                "Golf Balls",
                "/browse/sports-outdoors/golf-balls/4125_4161_4152_5208"
            ],
            [
                "Bike Pads",
                "/browse/sports-outdoors/bike-pads/4125_1081404_7258752_5248669"
            ],
            [
                "Skate Wheels",
                "/browse/sports-outdoors/skate-wheels/4125_1224931_7628560_8241867_5339242"
            ],
            [
                "Skateboard Parts",
                "/browse/sports-outdoors/skateboard-parts/4125_1224931_7628560_3297420_5930613"
            ],
            [
                "Bike Helmets",
                "/browse/sports-outdoors/bike-helmets/4125_1081404_7258752_6249551"
            ],
            [
                "Inline Skates",
                "/browse/sports-outdoors/inline-skates/4125_1224931_7628560_8241867_8914833"
            ],
            [
                "Skateboard Helmets",
                "/browse/sports-outdoors/skateboard-helmets/4125_1224931_7628560_3297420_9909579"
            ]
        ]
    },
    {
        "title": "Transformers Generations War for Cybertron Deluxe Brunt Weaponizer",
        "url": "https://www.walmart.com/ip/Transformers-Generations-War-for-Cybertron-Deluxe-Brunt-Weaponizer/956322343",
        "price": "$27.99",
        "stars": "4.2",
        "ratings": "5 ",
        "img": "i5.walmartimages.com/asr/7dca0b73-1084-4d62-b885-1f3781bec054_1.b75364e7018f95592dfd1190d42da429.jpeg?odnWidth=612&odnHeight=612&odnBg=ffffff",
        "tags": [
            [
                "Transformers Megatron Action Figures",
                "/browse/toys/transformers-megatron-action-figures/4171_4172_1261291"
            ],
            [
                "Transformers Bumblebee Action Figures",
                "/browse/toys/transformers-bumblebee-action-figures/4171_4172_2378689"
            ],
            [
                "Transformers Action Figures",
                "/browse/toys/transformers-action-figures/4171_7357538_2510286"
            ],
            [
                "Transformers Toys",
                "/browse/toys/transformers-toys/4171_4172_2616268"
            ],
            [
                "Transformers Optimus Prime Action Figures",
                "/browse/toys/transformers-optimus-prime-action-figures/4171_4172_5297444"
            ],
            [
                "Transformers Studio Series",
                "/browse/toys/transformers-studio-series/4171_4172_5647346"
            ],
            [
                "Transformers Bumblebee Cyberverse Adventure Action Figures",
                "/browse/toys/transformers-bumblebee-cyberverse-adventure-action-figures/4171_4172_7857064"
            ],
            [
                "Transformers Shockwave Action Figures",
                "/browse/toys/transformers-shockwave-action-figures/4171_4172_9492767"
            ]
        ]
    },
    {
        "title": "My Little Pony Fluttershy Potion Pony, Comb and 4 Surprise Accessories",
        "url": "https://www.walmart.com/ip/My-Little-Pony-Fluttershy-Potion-Pony-Comb-and-4-Surprise-Accessories/938574817",
        "price": "$4.99",
        "stars": 0,
        "ratings": 0,
        "img": "",
        "tags": [
            [
                "Trolls Dolls",
                "/browse/toys/trolls-dolls/4171_4187_8051423_2648781"
            ],
            [
                "All Trolls Toys",
                "/browse/toys/all-trolls-toys/4171_7357538_9587579_3802039"
            ],
            [
                "Toys for age  2-4  girls",
                "/browse/toys/toys-for-age-2-4-girls/4171_3318550_7016108_5476489"
            ],
            [
                "Gifts for 4 year old girl",
                "/browse/toys/gifts-for-4-year-old-girl/4171_3318550_7016108_5578128"
            ],
            [
                "Toys for 2 year old girls",
                "/browse/toys/toys-for-2-year-old-girls/4171_3318550_7016108_7112114"
            ],
            [
                "Toys for 3 year old girls",
                "/browse/toys/toys-for-3-year-old-girls/4171_3318550_7016108_7213465"
            ],
            [
                "Toddler Girl Toys",
                "/browse/toys/toddler-girl-toys/4171_3318550_8469931_7878434"
            ],
            [
                "Toys for 4 year old girls",
                "/browse/toys/toys-for-4-year-old-girls/4171_3318550_7016108_8608370"
            ]
        ]
    },
    {
        "title": "Riedell Quad Roller Skates - Dart Ombre- Fade Color",
        "url": "https://www.walmart.com/ip/Riedell-Quad-Roller-Skates-Dart-Ombre-Fade-Color/208371272",
        "price": "$149.00",
        "stars": "5.0",
        "ratings": "3 ",
        "img": "i5.walmartimages.com/asr/74106f48-d125-4f54-a761-5547cd88cb06_1.aacd003efe541f34f0189447dbc9618c.png?odnWidth=612&odnHeight=612&odnBg=ffffff",
        "tags": [
            [
                "Sports & Duffel Bags",
                "/browse/sports-outdoors/sports-duffel-bags/4125_4161_1043958"
            ],
            [
                "Golf Balls",
                "/browse/sports-outdoors/golf-balls/4125_4161_4152_5208"
            ],
            [
                "Bike Pads",
                "/browse/sports-outdoors/bike-pads/4125_1081404_7258752_5248669"
            ],
            [
                "Skate Wheels",
                "/browse/sports-outdoors/skate-wheels/4125_1224931_7628560_8241867_5339242"
            ],
            [
                "Skateboard Parts",
                "/browse/sports-outdoors/skateboard-parts/4125_1224931_7628560_3297420_5930613"
            ],
            [
                "Bike Helmets",
                "/browse/sports-outdoors/bike-helmets/4125_1081404_7258752_6249551"
            ],
            [
                "Inline Skates",
                "/browse/sports-outdoors/inline-skates/4125_1224931_7628560_8241867_8914833"
            ],
            [
                "Skateboard Helmets",
                "/browse/sports-outdoors/skateboard-helmets/4125_1224931_7628560_3297420_9909579"
            ]
        ]
    },
    {
        "title": "G.I. Joe Classified Series Gung Ho 6-Inch Action Figure",
        "url": "https://www.walmart.com/ip/G-I-Joe-Classified-Series-Gung-Ho-6-Inch-Action-Figure/648853923",
        "price": "$39.00",
        "stars": "1.0",
        "ratings": "5 ",
        "img": "i5.walmartimages.com/asr/d0486ee3-bdde-43e7-b34e-32eaff0ee1b3.eacbeb8e7ffe91c4ed3b0ad738dd3c46.jpeg?odnWidth=612&odnHeight=612&odnBg=ffffff",
        "tags": [
            [
                "All Collectible Figures",
                "/browse/toys/all-collectible-figures/4171_2229239_1231181"
            ],
            [
                "Star Wars Action Figures",
                "/browse/toys/star-wars-action-figures/4171_4172_1606899"
            ],
            [
                "Shop All G.I. Joe Toys",
                "/browse/toys/shop-all-gi-joe-toys/4171_2065565_2550311_5318328"
            ],
            [
                "Kotobukiya",
                "/browse/toys/kotobukiya/4171_2229239_8665809_6078004"
            ],
            [
                "Marvel Legends",
                "/browse/toys/marvel-legends/4171_4172_7030679"
            ],
            [
                "G.I. Joe Action Figures",
                "/browse/toys/gi-joe-action-figures/4171_4172_7832066"
            ],
            [
                "Star Wars The Black Series",
                "/browse/toys/star-wars-the-black-series/4171_4172_7913525"
            ],
            [
                "Marvel Action Figures",
                "/browse/toys/marvel-action-figures/4171_4172_9404197"
            ]
        ]
    },
    {
        "title": "Transformers Cyberverse Scout Class Windblade",
        "url": "https://www.walmart.com/ip/Transformers-Cyberverse-Scout-Class-Windblade/221368604",
        "price": "$7.99",
        "stars": "3.7",
        "ratings": "3 ",
        "img": "i5.walmartimages.com/asr/2ba30d72-e86d-49cf-bb25-5507306322b1_1.fb7c8c8c2240b3931dd99492cc6e3a13.jpeg?odnWidth=612&odnHeight=612&odnBg=ffffff",
        "tags": [
            [
                "Transformers Megatron Action Figures",
                "/browse/toys/transformers-megatron-action-figures/4171_4172_1261291"
            ],
            [
                "Transformers Bumblebee Action Figures",
                "/browse/toys/transformers-bumblebee-action-figures/4171_4172_2378689"
            ],
            [
                "Transformers Action Figures",
                "/browse/toys/transformers-action-figures/4171_7357538_2510286"
            ],
            [
                "Transformers Toys",
                "/browse/toys/transformers-toys/4171_4172_2616268"
            ],
            [
                "Transformers Optimus Prime Action Figures",
                "/browse/toys/transformers-optimus-prime-action-figures/4171_4172_5297444"
            ],
            [
                "Transformers Studio Series",
                "/browse/toys/transformers-studio-series/4171_4172_5647346"
            ],
            [
                "Transformers Bumblebee Cyberverse Adventure Action Figures",
                "/browse/toys/transformers-bumblebee-cyberverse-adventure-action-figures/4171_4172_7857064"
            ],
            [
                "Playskool Transformers",
                "/browse/toys/playskool-transformers/4171_4172_1574302_9342581"
            ]
        ]
    }
]