[
    {
        "title": "My Little Pony - 35th Anniversary Collector Ponies - Sunbeam",
        "url": "https://www.walmart.com/ip/My-Little-Pony-35th-Anniversary-Collector-Ponies-Sunbeam/599669120",
        "price": "$20.00",
        "stars": "5.0",
        "ratings": "1 ",
        "img": "",
        "tags": [
            [
                "Collectible Dolls",
                "/browse/toys/collectible-dolls/4171_4187_6904958_132911"
            ],
            [
                "Other Unicorn Toys",
                "/browse/toys/other-unicorn-toys/4171_4209468_3940073"
            ],
            [
                "Toys for age  2-4  girls",
                "/browse/toys/toys-for-age-2-4-girls/4171_3318550_7016108_5476489"
            ],
            [
                "Gifts for 4 year old girl",
                "/browse/toys/gifts-for-4-year-old-girl/4171_3318550_7016108_5578128"
            ],
            [
                "Toys for 2 year old girls",
                "/browse/toys/toys-for-2-year-old-girls/4171_3318550_7016108_7112114"
            ],
            [
                "Toys for 3 year old girls",
                "/browse/toys/toys-for-3-year-old-girls/4171_3318550_7016108_7213465"
            ],
            [
                "Toddler Girl Toys",
                "/browse/toys/toddler-girl-toys/4171_3318550_8469931_7878434"
            ],
            [
                "Toys for 4 year old girls",
                "/browse/toys/toys-for-4-year-old-girls/4171_3318550_7016108_8608370"
            ]
        ]
    },
    {
        "title": "My Little Pony Mane Pony Applejack Classic Figure, Ages 3 and Up",
        "url": "https://www.walmart.com/ip/My-Little-Pony-Mane-Pony-Applejack-Classic-Figure-Ages-3-and-Up/796377319",
        "price": "$4.59",
        "stars": "5.0",
        "ratings": "1 ",
        "img": "i5.walmartimages.com/asr/bfd9b259-2669-42fb-8a8d-e4e22cb758a3_1.a896ee29d6c15efb9c498b4cef5b31ef.jpeg?odnWidth=612&odnHeight=612&odnBg=ffffff",
        "tags": [
            [
                "My Little Pony Dolls",
                "/browse/toys/my-little-pony-dolls/4171_4187_8051423_3055285"
            ],
            [
                "TV & Movie Playsets",
                "/browse/toys/tv-movie-playsets/4171_4172_9845227_4517984"
            ],
            [
                "Toys for age  2-4  girls",
                "/browse/toys/toys-for-age-2-4-girls/4171_3318550_7016108_5476489"
            ],
            [
                "Gifts for 4 year old girl",
                "/browse/toys/gifts-for-4-year-old-girl/4171_3318550_7016108_5578128"
            ],
            [
                "Toys for 2 year old girls",
                "/browse/toys/toys-for-2-year-old-girls/4171_3318550_7016108_7112114"
            ],
            [
                "Toys for 3 year old girls",
                "/browse/toys/toys-for-3-year-old-girls/4171_3318550_7016108_7213465"
            ],
            [
                "Toddler Girl Toys",
                "/browse/toys/toddler-girl-toys/4171_3318550_8469931_7878434"
            ],
            [
                "Toys for 4 year old girls",
                "/browse/toys/toys-for-4-year-old-girls/4171_3318550_7016108_8608370"
            ]
        ]
    },
    {
        "title": "Moxi Panther Laces",
        "url": "https://www.walmart.com/ip/Moxi-Panther-Laces/146120337",
        "price": "$17.80",
        "stars": 0,
        "ratings": 0,
        "img": "i5.walmartimages.com/asr/14af80c1-798a-430f-9d49-cf95758021d0_1.bb2b1122b4e24632351cbf0919f1c2bf.jpeg?odnWidth=612&odnHeight=612&odnBg=ffffff",
        "tags": [
            [
                "Sports & Duffel Bags",
                "/browse/sports-outdoors/sports-duffel-bags/4125_4161_1043958"
            ],
            [
                "Golf Balls",
                "/browse/sports-outdoors/golf-balls/4125_4161_4152_5208"
            ],
            [
                "Bike Pads",
                "/browse/sports-outdoors/bike-pads/4125_1081404_7258752_5248669"
            ],
            [
                "Skate Wheels",
                "/browse/sports-outdoors/skate-wheels/4125_1224931_7628560_8241867_5339242"
            ],
            [
                "Skateboard Parts",
                "/browse/sports-outdoors/skateboard-parts/4125_1224931_7628560_3297420_5930613"
            ],
            [
                "Bike Helmets",
                "/browse/sports-outdoors/bike-helmets/4125_1081404_7258752_6249551"
            ],
            [
                "Inline Skates",
                "/browse/sports-outdoors/inline-skates/4125_1224931_7628560_8241867_8914833"
            ],
            [
                "Skateboard Helmets",
                "/browse/sports-outdoors/skateboard-helmets/4125_1224931_7628560_3297420_9909579"
            ]
        ]
    },
    {
        "title": "Transformers: Bumblebee -- Energon Igniters Speed Series Barricade",
        "url": "https://www.walmart.com/ip/Transformers-Bumblebee-Energon-Igniters-Speed-Series-Barricade/504904752",
        "price": "$5.99",
        "stars": "5.0",
        "ratings": "5 ",
        "img": "i5.walmartimages.com/asr/0b7ad910-5f99-4bec-ac47-7931e3b2f700_1.1632a2748354c436a4150a64839f674c.jpeg?odnWidth=612&odnHeight=612&odnBg=ffffff",
        "tags": [
            [
                "Transformers Megatron Action Figures",
                "/browse/toys/transformers-megatron-action-figures/4171_4172_1261291"
            ],
            [
                "Transformers Bumblebee Action Figures",
                "/browse/toys/transformers-bumblebee-action-figures/4171_4172_2378689"
            ],
            [
                "Transformers Action Figures",
                "/browse/toys/transformers-action-figures/4171_7357538_2510286"
            ],
            [
                "Transformers Toys",
                "/browse/toys/transformers-toys/4171_4172_2616268"
            ],
            [
                "Transformers Optimus Prime Action Figures",
                "/browse/toys/transformers-optimus-prime-action-figures/4171_4172_5297444"
            ],
            [
                "Transformers Studio Series",
                "/browse/toys/transformers-studio-series/4171_4172_5647346"
            ],
            [
                "Transformers Bumblebee Cyberverse Adventure Action Figures",
                "/browse/toys/transformers-bumblebee-cyberverse-adventure-action-figures/4171_4172_7857064"
            ],
            [
                "Playskool Transformers",
                "/browse/toys/playskool-transformers/4171_4172_1574302_9342581"
            ]
        ]
    },
    {
        "title": "Rollerblade Advantage Pro XT Adult Men's Inline Skates Size 13, Black/Red",
        "url": "https://www.walmart.com/ip/Rollerblade-Advantage-Pro-XT-Adult-Men-s-Inline-Skates-Size-13-Black-Red/967150620",
        "price": "$159.98",
        "stars": 0,
        "ratings": 0,
        "img": "i5.walmartimages.com/asr/5adbe655-e20f-4f53-942c-1dd7bce650a7.3cac935ec2ca5345e9f358ca97bc8684.jpeg?odnWidth=612&odnHeight=612&odnBg=ffffff",
        "tags": []
    },
    {
        "title": "PLAYMOBIL Ghostbusters Spengler and Ghost",
        "url": "https://www.walmart.com/ip/PLAYMOBIL-Ghostbusters-Spengler-and-Ghost/716621221",
        "price": "$18.98",
        "stars": "5.0",
        "ratings": "3 ",
        "img": "i5.walmartimages.com/asr/602c87eb-9870-40e3-8642-22f8c53d9d19_2.55a5c7690f48d581110a299885e5701c.jpeg?odnWidth=612&odnHeight=612&odnBg=ffffff",
        "tags": [
            [
                "Playmobil Horses",
                "/browse/toys/playmobil-horses/4171_4186_1345489_1682540_1468861"
            ],
            [
                "Building Toys Ages 5 to 7",
                "/browse/toys/building-toys-ages-5-to-7/4171_4186_3153072"
            ],
            [
                "Ghostbusters Toys",
                "/browse/toys/ghostbusters-toys/4171_2065565_4138884"
            ],
            [
                "Playmobil Police and Fire",
                "/browse/toys/playmobil-police-fire/4171_4186_1345489_1682540_5066692"
            ],
            [
                "Building Toys Ages 8 to 11",
                "/browse/toys/building-toys-ages-8-to-11/4171_4186_6416592"
            ],
            [
                "All Building Play Sets",
                "/browse/toys/all-building-play-sets/4171_4186_1345489_7237730"
            ],
            [
                "Pre-Made Slime Shop",
                "/browse/toys/pre-made-slime-shop/4171_645779_2165088_9237203"
            ],
            [
                "Playmobil Houses",
                "/browse/toys/playmobil-houses/4171_4186_1345489_1682540_9805446"
            ]
        ]
    },
    {
        "title": "Metals Ghostbusters 4\" DC Figure, Venkman",
        "url": "https://www.walmart.com/ip/Metals-Ghostbusters-4-DC-Figure-Venkman/50908396",
        "price": "$14.99",
        "stars": "1.0",
        "ratings": "1 ",
        "img": "",
        "tags": [
            [
                "PJ Masks and Paw Patrol",
                "/browse/toys/pj-masks-paw-patrol/4171_1077545_1551562"
            ],
            [
                "All Preschool Action Figures & Playsets",
                "/browse/toys/all-preschool-action-figures-playsets/4171_4172_1574302_2852038"
            ],
            [
                "Avengers Action Figures",
                "/browse/toys/avengers-action-figures/4171_4172_4065038"
            ],
            [
                "Ghostbusters Toys",
                "/browse/toys/ghostbusters-toys/4171_2065565_4138884"
            ],
            [
                "All Action Role Play",
                "/browse/toys/all-action-role-play/4171_4172_4246921_4384098"
            ],
            [
                "PJ Masks Toys",
                "/browse/toys/pj-masks-toys/4171_7357538_4624456"
            ],
            [
                "Spider-Man Action Figures",
                "/browse/toys/spider-man-action-figures/4171_4172_8141389"
            ],
            [
                "Marvel Action Figures",
                "/browse/toys/marvel-action-figures/4171_4172_9404197"
            ]
        ]
    },
    {
        "title": "TY Beanie Buddy - My Little Pony - APPLEJACK (11 inch)",
        "url": "https://www.walmart.com/ip/TY-Beanie-Buddy-My-Little-Pony-APPLEJACK-11-inch/887253212",
        "price": "$20.95",
        "stars": 0,
        "ratings": 0,
        "img": "",
        "tags": [
            [
                "Kids Instruments",
                "/browse/toys/kids-instruments/4171_4173_1143273"
            ],
            [
                "Stuff Animals for Boys",
                "/browse/toys/stuff-animals-for-boys/4171_1228478_1684505"
            ],
            [
                "Gifts for 4 year old girl",
                "/browse/toys/gifts-for-4-year-old-girl/4171_3318550_7016108_5578128"
            ],
            [
                "Toys for 2 year old girls",
                "/browse/toys/toys-for-2-year-old-girls/4171_3318550_7016108_7112114"
            ],
            [
                "Toys for 3 year old girls",
                "/browse/toys/toys-for-3-year-old-girls/4171_3318550_7016108_7213465"
            ],
            [
                "My Little Pony Stuffed Animals",
                "/browse/toys/my-little-pony-stuffed-animals/4171_2724815_7989442"
            ],
            [
                "12-24 Months",
                "/browse/toys/12-24-months/4171_2724815_8419709"
            ],
            [
                "Toys for 4 year old girls",
                "/browse/toys/toys-for-4-year-old-girls/4171_3318550_7016108_8608370"
            ]
        ]
    },
    {
        "title": "Hifashion Adjustable Inline Skates for Women Kids with LED Wheels Beginner, Size 12J-8",
        "url": "https://www.walmart.com/ip/Hifashion-Adjustable-Inline-Skates-for-Women-Kids-with-LED-Wheels-Beginner-Size-12J-8/811991062",
        "price": "$45.99",
        "stars": "1.0",
        "ratings": "1 ",
        "img": "i5.walmartimages.com/asr/73a80489-455c-400e-a7b8-d4f00ea02c20_1.255dc0485ce02c74371d005fa2310733.jpeg?odnWidth=612&odnHeight=612&odnBg=ffffff",
        "tags": [
            [
                "Hockey Accessories",
                "/browse/sports-outdoors/hockey-accessories/4125_4161_1075750_1075753"
            ],
            [
                "Bike Pads",
                "/browse/sports-outdoors/bike-pads/4125_1081404_7258752_5248669"
            ],
            [
                "Skate Wheels",
                "/browse/sports-outdoors/skate-wheels/4125_1224931_7628560_8241867_5339242"
            ],
            [
                "Skateboard Parts",
                "/browse/sports-outdoors/skateboard-parts/4125_1224931_7628560_3297420_5930613"
            ],
            [
                "Bike Helmets",
                "/browse/sports-outdoors/bike-helmets/4125_1081404_7258752_6249551"
            ],
            [
                "Roller Skates",
                "/browse/sports-outdoors/roller-skates/4125_1224931_7628560_8241867_7343776"
            ],
            [
                "Hockey Pads",
                "/browse/sports-outdoors/hockey-pads/4125_4161_1075750_9016454"
            ],
            [
                "Skateboard Helmets",
                "/browse/sports-outdoors/skateboard-helmets/4125_1224931_7628560_3297420_9909579"
            ]
        ]
    },
    {
        "title": "Transformers: Bumblebee Studio Series 40 Deluxe Class, Shatter Figure",
        "url": "https://www.walmart.com/ip/Transformers-Bumblebee-Studio-Series-40-Deluxe-Class-Shatter-Figure/820719848",
        "price": "$39.99",
        "stars": "3.9",
        "ratings": "9 ",
        "img": "",
        "tags": [
            [
                "Transformers Megatron Action Figures",
                "/browse/toys/transformers-megatron-action-figures/4171_4172_1261291"
            ],
            [
                "Transformers Bumblebee Action Figures",
                "/browse/toys/transformers-bumblebee-action-figures/4171_4172_2378689"
            ],
            [
                "Transformers Action Figures",
                "/browse/toys/transformers-action-figures/4171_7357538_2510286"
            ],
            [
                "Transformers Toys",
                "/browse/toys/transformers-toys/4171_4172_2616268"
            ],
            [
                "Transformers Optimus Prime Action Figures",
                "/browse/toys/transformers-optimus-prime-action-figures/4171_4172_5297444"
            ],
            [
                "Transformers Studio Series",
                "/browse/toys/transformers-studio-series/4171_4172_5647346"
            ],
            [
                "Transformers Bumblebee Cyberverse Adventure Action Figures",
                "/browse/toys/transformers-bumblebee-cyberverse-adventure-action-figures/4171_4172_7857064"
            ],
            [
                "Playskool Transformers",
                "/browse/toys/playskool-transformers/4171_4172_1574302_9342581"
            ]
        ]
    }
]