[
    {
        "title": "Playskool Heroes Transformers Rescue Bots Academy Academy Rescue Team",
        "url": "https://www.walmart.com/ip/Playskool-Heroes-Transformers-Rescue-Bots-Academy-Academy-Rescue-Team/391231211",
        "price": "$27.03",
        "stars": "4.8",
        "ratings": "22 ",
        "img": "i5.walmartimages.com/asr/77b8e6f8-d527-4c2e-8460-481b9a1f0b38_1.95cfea5e1013146ab7fc3fc093c60caf.jpeg?odnWidth=612&odnHeight=612&odnBg=ffffff",
        "tags": [
            [
                "Transformers Bumblebee Action Figures",
                "/browse/toys/transformers-bumblebee-action-figures/4171_4172_2378689"
            ],
            [
                "Transformers Action Figures",
                "/browse/toys/transformers-action-figures/4171_7357538_2510286"
            ],
            [
                "Transformers Toys",
                "/browse/toys/transformers-toys/4171_4172_2616268"
            ],
            [
                "All Preschool Action Figures & Playsets",
                "/browse/toys/all-preschool-action-figures-playsets/4171_4172_1574302_2852038"
            ],
            [
                "Playskool",
                "/browse/toys/playskool/4171_4172_1574302_5163095"
            ],
            [
                "Transformers Optimus Prime Action Figures",
                "/browse/toys/transformers-optimus-prime-action-figures/4171_4172_5297444"
            ],
            [
                "Transformers Bumblebee Cyberverse Adventure Action Figures",
                "/browse/toys/transformers-bumblebee-cyberverse-adventure-action-figures/4171_4172_7857064"
            ],
            [
                "Playskool Transformers",
                "/browse/toys/playskool-transformers/4171_4172_1574302_9342581"
            ]
        ]
    },
    {
        "title": "Nerf Rival Mercury XIX-500 Edge Series Blaster, Target, 5 Rounds, Walmart Exclusive",
        "url": "https://www.walmart.com/ip/Nerf-Rival-Mercury-XIX-500-Edge-Series-Blaster-Target-5-Rounds-Walmart-Exclusive/922207748",
        "price": "$24.88",
        "stars": "4.3",
        "ratings": "29 ",
        "img": "i5.walmartimages.com/asr/c0e7dfbb-62a7-4829-b35a-4d0cf9fdcb20_1.8c95fc1d787d727d5be4a10a171bf600.jpeg?odnWidth=612&odnHeight=612&odnBg=ffffff",
        "tags": [
            [
                "Nerf Zombie Strike",
                "/browse/toys/nerf-zombie-strike/4171_14521_936979_6929634_7879959_2697971"
            ],
            [
                "Only at Walmart Toys",
                "/browse/toys/only-at-walmart-toys/4171_6331649_4497497"
            ],
            [
                "Nerf Elite",
                "/browse/toys/nerf-elite/4171_14521_936979_6929634_7879959_5342667"
            ],
            [
                "Nerf and Blaster Targets",
                "/browse/toys/nerf-blaster-targets/4171_14521_936979_9777831_6147135"
            ],
            [
                "Adventure Force Blasters",
                "/browse/toys/adventure-force-blasters/4171_14521_936979_6929634_6229152"
            ],
            [
                "Toys for Kids 12 Years & Up",
                "/browse/toys/toys-for-kids-12-years-up/4171_3318550_1077724_6922509"
            ],
            [
                "Nerf Modulus",
                "/browse/toys/nerf-modulus/4171_14521_936979_6929634_7879959_7495474"
            ],
            [
                "Nerf and Blaster Dart Refills",
                "/browse/toys/nerf-blaster-dart-refills/4171_14521_936979_9777831_9239644"
            ]
        ]
    },
    {
        "title": "LEGO Marvel Avengers Venom Crawler 76163 Spider-Man vs Venom Mech Playset (413 Pieces)",
        "url": "https://www.walmart.com/ip/LEGO-Marvel-Avengers-Venom-Crawler-76163-Spider-Man-vs-Venom-Mech-Playset-413-Pieces/920083239",
        "price": "$29.84",
        "stars": "4.9",
        "ratings": "21 ",
        "img": "i5.walmartimages.com/asr/28090e93-a84b-4250-adbe-2504c0cbe9ca_3.ce07e4a76c8b8a3d76c207489ab73156.jpeg?odnWidth=612&odnHeight=612&odnBg=ffffff",
        "tags": [
            [
                "LEGO Easter Building Sets",
                "/browse/toys/lego-easter-building-sets/4171_4186_1105635_2668753"
            ],
            [
                "Building Sets for Boys",
                "/browse/toys/building-sets-for-boys/4171_1228478_4255542"
            ],
            [
                "LEGO Sets Ages 12+",
                "/browse/toys/lego-sets-ages-12/4171_4186_1105635_4836372"
            ],
            [
                "LEGO Avengers",
                "/browse/toys/lego-avengers/4171_4186_1105635_5556183"
            ],
            [
                "Building Toys Ages 8 to 11",
                "/browse/toys/building-toys-ages-8-to-11/4171_4186_6416592"
            ],
            [
                "LEGO Sets Ages 8 to 11",
                "/browse/toys/lego-sets-ages-8-to-11/4171_4186_1105635_6901070"
            ],
            [
                "LEGO Super Heroes",
                "/browse/toys/lego-super-heroes/4171_4186_1105635_8670140"
            ],
            [
                "Building Toys Ages 12+",
                "/browse/toys/building-toys-ages-12/4171_4186_9012439"
            ]
        ]
    },
    {
        "title": "Carrera Racing System Battery Operated 1:43 Scale Mario Kart 14-ft. Slot Car Race Track Set w/ Jump Ramp featuring Mario versus Luigi",
        "url": "https://www.walmart.com/ip/Carrera-Racing-System-Battery-Operated-1-43-Scale-Mario-Kart-14-ft-Slot-Car-Race-Track-Set-w-Jump-Ramp-featuring-Mario-versus-Luigi/954743263",
        "price": "$48.25",
        "stars": "3.5",
        "ratings": "29 ",
        "img": "i5.walmartimages.com/asr/c43f8f17-c5f7-4c8b-82ae-6e8dc32c413b_1.e7825e45c84f3edb4d38b7111b86f0b2.jpeg?odnWidth=612&odnHeight=612&odnBg=ffffff",
        "tags": [
            [
                "Super Mario Home Decor",
                "/browse/shop-by-video-game/super-mario-home-decor/5324366_9160790_4989045_2245995"
            ],
            [
                "Overwatch Shop All",
                "/browse/shop-by-video-game/overwatch-shop-all/5324366_1957603_2615727"
            ],
            [
                "Sonic Shop All",
                "/browse/shop-by-video-game/sonic-shop-all/5324366_5802423_3531176"
            ],
            [
                "Shop all Super Mario Home & Bedding",
                "/browse/shop-by-video-game/shop-all-super-mario-home-bedding/5324366_9160790_4070340"
            ],
            [
                "Super Mario Clothing",
                "/browse/shop-by-video-game/super-mario-clothing/5324366_9160790_5408305"
            ],
            [
                "Minecraft Bedding",
                "/browse/shop-by-video-game/minecraft-bedding/5324366_1656591_9515867"
            ],
            [
                "Super Mario Bedding",
                "/browse/shop-by-video-game/super-mario-bedding/5324366_9160790_4989045_9608081"
            ]
        ]
    },
    {
        "title": "Kid Connection 9\" Plush Poodle Walking Pet, Pink",
        "url": "https://www.walmart.com/ip/Kid-Connection-9-Plush-Poodle-Walking-Pet-Pink/690056592",
        "price": "$14.97",
        "stars": "4.3",
        "ratings": "24 ",
        "img": "i5.walmartimages.com/asr/a006fae2-2411-48c3-89a5-1928cdbb7c3e_1.99fd2fcde1fad2a8e579e1c009b51bbe.jpeg?odnWidth=612&odnHeight=612&odnBg=ffffff",
        "tags": [
            [
                "Electronic Toys",
                "/browse/toys/electronic-toys/4171_1096069_1105959_1096123"
            ],
            [
                "All Stuffed Animals & Plush",
                "/browse/toys/all-stuffed-animals-plush/4171_2724815_132874"
            ],
            [
                "Toys for 5 year olds",
                "/browse/toys/toys-for-5-year-olds/4171_3318550_617941_2294124"
            ],
            [
                "Toys for 7 year old girls",
                "/browse/toys/toys-for-7-year-old-girls/4171_3318550_617941_2727421"
            ],
            [
                "Toys for age  5-7  girls",
                "/browse/toys/toys-for-age-5-7-girls/4171_3318550_617941_3180067"
            ],
            [
                "Kid Connection Toys",
                "/browse/toys/kid-connection-toys/4171_6331649_5076430"
            ],
            [
                "Toys for 5 year old girls",
                "/browse/toys/toys-for-5-year-old-girls/4171_3318550_617941_8185860"
            ],
            [
                "5 to 7 Years",
                "/browse/toys/5-to-7-years/4171_2724815_9191313"
            ]
        ]
    },
    {
        "title": "Hot Wheels 50-Car Pack Of 1:64 Scale Vehicles For Kids & Collectors (Styles May Vary)",
        "url": "https://www.walmart.com/ip/Hot-Wheels-50-Car-Pack-Of-1-64-Scale-Vehicles-For-Kids-Collectors-Styles-May-Vary/14673944",
        "price": "$45.99",
        "stars": "4.6",
        "ratings": "306 ",
        "img": "i5.walmartimages.com/asr/59ddb280-6bba-4326-a9f8-02dad35b768f_1.42a513eece6a51cfedf2e04a0589041c.jpeg?odnWidth=612&odnHeight=612&odnBg=ffffff",
        "tags": [
            [
                "Shop All Car Tracks",
                "/browse/toys/shop-all-car-tracks/4171_1111647_132910_132968"
            ],
            [
                "Play Vehicles by Brand",
                "/browse/toys/play-vehicles-by-brand/4171_1111647_132910_4726205"
            ],
            [
                "All Hot Wheels Cars",
                "/browse/toys/all-hot-wheels-cars/4171_3438149_5657331_5114063_5595943"
            ],
            [
                "Car Toys",
                "/browse/toys/car-toys/4171_1111647_132910_7297605"
            ],
            [
                "Hot Wheels",
                "/browse/toys/hot-wheels/4171_3438149_8420675"
            ],
            [
                "Hot Wheels Track Sets",
                "/browse/toys/hot-wheels-track-sets/4171_3438149_5657331_3203340_8715215"
            ],
            [
                "Car Tracks",
                "/browse/toys/car-tracks/4171_1111647_132910_9741819"
            ]
        ]
    },
    {
        "title": "Disney Minnie Girls' 6-Volt Battery-Powered Electric Ride-On by Huffy",
        "url": "https://www.walmart.com/ip/Disney-Minnie-Girls-6-Volt-Battery-Powered-Electric-Ride-On-by-Huffy/52212908",
        "price": "$149.00",
        "stars": "3.9",
        "ratings": "137 ",
        "img": "i5.walmartimages.com/asr/01bdd637-caf4-43bc-a071-547459e539d9_1.4a3dd5743357ff176c2ee5aef6f208bb.jpeg?odnWidth=612&odnHeight=612&odnBg=ffffff",
        "tags": [
            [
                "Ride Ons for Girls",
                "/browse/toys/ride-ons-for-girls/4171_1228477_3574057_1348260"
            ],
            [
                "All Disney Toys",
                "/browse/toys/all-disney-toys/4171_6909449_1773797"
            ],
            [
                "6V Powered Ride Ons",
                "/browse/toys/6v-powered-ride-ons/4171_133073_6774653_8911690_7715141_1945060"
            ],
            [
                "Minnie Mouse Ride-Ons",
                "/browse/toys/minnie-mouse-ride-ons/4171_7357538_8112673_3834194"
            ],
            [
                "Toys for age  2-4  girls",
                "/browse/toys/toys-for-age-2-4-girls/4171_3318550_7016108_5476489"
            ],
            [
                "Toddler Girl Toys",
                "/browse/toys/toddler-girl-toys/4171_3318550_8469931_7878434"
            ],
            [
                "Huffy Ride Ons",
                "/browse/toys/huffy-ride-ons/4171_133073_6774653_6489011_8546372"
            ]
        ]
    },
    {
        "title": "Nerf Fortnite HC-E Mega Dart Blaster, Ages 8 and Up",
        "url": "https://www.walmart.com/ip/Nerf-Fortnite-HC-E-Mega-Dart-Blaster-Ages-8-and-Up/890837889",
        "price": "$13.29",
        "stars": "4.9",
        "ratings": "47 ",
        "img": "i5.walmartimages.com/asr/8178dfca-b37b-479b-b455-ee0818abff58_1.2acbb387743900d22910f3a65984bd39.jpeg?odnWidth=612&odnHeight=612&odnBg=ffffff",
        "tags": [
            [
                "Nerf Zombie Strike",
                "/browse/toys/nerf-zombie-strike/4171_14521_936979_6929634_7879959_2697971"
            ],
            [
                "Nerf and Blaster Vests",
                "/browse/toys/nerf-blaster-vests/4171_14521_936979_9777831_2746858"
            ],
            [
                "Nerf Rival",
                "/browse/toys/nerf-rival/4171_14521_936979_6929634_7879959_3581457"
            ],
            [
                "Video Game Role Play",
                "/browse/toys/video-game-role-play/4171_4172_4246921_4049286"
            ],
            [
                "Only at Walmart Toys",
                "/browse/toys/only-at-walmart-toys/4171_6331649_4497497"
            ],
            [
                "Nerf Elite",
                "/browse/toys/nerf-elite/4171_14521_936979_6929634_7879959_5342667"
            ],
            [
                "Adventure Force Blasters",
                "/browse/toys/adventure-force-blasters/4171_14521_936979_6929634_6229152"
            ],
            [
                "Nerf and Blaster Dart Refills",
                "/browse/toys/nerf-blaster-dart-refills/4171_14521_936979_9777831_9239644"
            ]
        ]
    },
    {
        "title": "LEGO Jurassic World Triceratops Rampage 75937 ATV Motorcycle Model Dinosaur Figure Building Toy (447 Pieces)",
        "url": "https://www.walmart.com/ip/LEGO-Jurassic-World-Triceratops-Rampage-75937-ATV-Motorcycle-Model-Dinosaur-Figure-Building-Toy-447-Pieces/819421151",
        "price": "$41.97",
        "stars": "5.0",
        "ratings": "14 ",
        "img": "i5.walmartimages.com/asr/bd191945-dc1e-46d0-9806-2e9557260cb9.c1fe9e9bbdbbafe145cf2eef69be9ea1.jpeg?odnWidth=612&odnHeight=612&odnBg=ffffff",
        "tags": [
            [
                "LEGO Easter Building Sets",
                "/browse/toys/lego-easter-building-sets/4171_4186_1105635_2668753"
            ],
            [
                "Walmart Exclusive Lego Sets",
                "/browse/toys/walmart-exclusive-lego-sets/4171_4186_1105635_2732692"
            ],
            [
                "LEGO Sets Ages 12+",
                "/browse/toys/lego-sets-ages-12/4171_4186_1105635_4836372"
            ],
            [
                "Building Toys Ages 8 to 11",
                "/browse/toys/building-toys-ages-8-to-11/4171_4186_6416592"
            ],
            [
                "LEGO Sets Ages 8 to 11",
                "/browse/toys/lego-sets-ages-8-to-11/4171_4186_1105635_6901070"
            ],
            [
                "Jurassic World Toys",
                "/browse/toys/jurassic-world-toys/4171_7357538_6982853"
            ],
            [
                "LEGO Jurassic World",
                "/browse/toys/lego-jurassic-world/4171_4186_1105635_8956649"
            ],
            [
                "Building Toys Ages 12+",
                "/browse/toys/building-toys-ages-12/4171_4186_9012439"
            ]
        ]
    },
    {
        "title": "Matchbox 9-Pack Vehicles, Collection Of 1:64 Scale Cars For Kids 3 Years Old & Up (Styles May Vary)",
        "url": "https://www.walmart.com/ip/Matchbox-9-Pack-Vehicles-Collection-Of-1-64-Scale-Cars-For-Kids-3-Years-Old-Up-Styles-May-Vary/33061399",
        "price": "$9.47",
        "stars": "4.5",
        "ratings": "66 ",
        "img": "i5.walmartimages.com/asr/031693f0-24e1-450f-bc47-d6bf8ee04168_1.51cbfb131983caf72d8dab8d8703a1df.jpeg?odnWidth=612&odnHeight=612&odnBg=ffffff",
        "tags": [
            [
                "Matchbox Cars & Trucks",
                "/browse/toys/matchbox-cars-trucks/4171_1111647_132910_4472469"
            ],
            [
                "Play Vehicles by Brand",
                "/browse/toys/play-vehicles-by-brand/4171_1111647_132910_4726205"
            ],
            [
                "All Play Vehicles",
                "/browse/toys/all-play-vehicles/4171_1111647_132910_5519114"
            ],
            [
                "All Hot Wheels Cars",
                "/browse/toys/all-hot-wheels-cars/4171_3438149_5657331_5114063_5595943"
            ],
            [
                "Car Toys",
                "/browse/toys/car-toys/4171_1111647_132910_7297605"
            ],
            [
                "Car Tracks",
                "/browse/toys/car-tracks/4171_1111647_132910_9741819"
            ],
            [
                "Play Vehicles by Price",
                "/browse/toys/play-vehicles-by-price/4171_1111647_132910_9814941"
            ]
        ]
    }
]