[
    {
        "title": "Disney Pixar Toy Story True Talkers Jessie Figure with 15+ Phrases",
        "url": "https://www.walmart.com/ip/Disney-Pixar-Toy-Story-True-Talkers-Jessie-Figure-with-15-Phrases/663248317",
        "price": "$14.98",
        "stars": "4.1",
        "ratings": "11 ",
        "img": "i5.walmartimages.com/asr/e83e9bdb-4946-47ac-bc6d-1006113c32c0_1.96bf9b4e4be68fa7830b4530443e2863.jpeg?odnWidth=612&odnHeight=612&odnBg=ffffff",
        "tags": [
            [
                "Father's Day Electronics",
                "/browse/seasonal/fathers-day-electronics/1085632_1094344_2365074"
            ],
            [
                "Connected Dorm Room",
                "/browse/seasonal/connected-dorm-room/1085632_8174172_6292484_2548864"
            ],
            [
                "Shop All Glass",
                "/browse/seasonal/shop-all-glass/1085632_1071204_4976191"
            ],
            [
                "Mother's Day Electronics Gifts",
                "/browse/seasonal/mothers-day-electronics-gifts/1085632_1093554_5742102"
            ],
            [
                "Audio",
                "/browse/seasonal/audio/1085632_8174172_6292484_5759323"
            ],
            [
                "Tax Free Shop All",
                "/browse/tax-free-shop-all/1085632_6767877"
            ],
            [
                "Electronics Gifts for Grads",
                "/browse/seasonal/electronics-gifts-for-grads/1085632_1105121_7594959"
            ],
            [
                "Back to School Home Audio Visual",
                "/browse/seasonal/back-to-school-home-audio-visual/1085632_1071204_7767149_8665149"
            ]
        ]
    },
    {
        "title": "T.O.T.S. Cuddle & Wrap Plush, Mia the Kitten, Ages 3+",
        "url": "https://www.walmart.com/ip/T-O-T-S-Cuddle-Wrap-Plush-Mia-the-Kitten-Ages-3/536877849",
        "price": "$9.59",
        "stars": "5.0",
        "ratings": "33 ",
        "img": "i5.walmartimages.com/asr/a1a062fd-8c18-429a-927d-59b32634cbc6_2.d6fa64bc286dd367cfaf9cdd2ad7dfc4.jpeg?odnWidth=612&odnHeight=612&odnBg=ffffff",
        "tags": [
            [
                "All Stuffed Animals & Plush",
                "/browse/toys/all-stuffed-animals-plush/4171_2724815_132874"
            ],
            [
                "2 to 4 Years",
                "/browse/toys/2-to-4-years/4171_2724815_2170514"
            ],
            [
                "8 to 11 Years",
                "/browse/toys/8-to-11-years/4171_2724815_3925001"
            ],
            [
                "Stuffed Animals for Girls",
                "/browse/toys/stuffed-animals-for-girls/4171_2724815_3975865"
            ],
            [
                "Playsets",
                "/browse/toys/playsets/4171_4187_4668261_5230467"
            ],
            [
                "5 to 7 Years",
                "/browse/toys/5-to-7-years/4171_2724815_9191313"
            ],
            [
                "Stuffed Animals for Boys",
                "/browse/toys/stuffed-animals-for-boys/4171_2724815_9211121"
            ],
            [
                "Dolls Clothes and Accessories",
                "/browse/toys/dolls-clothes-accessories/4171_4187_9226108"
            ]
        ]
    },
    {
        "title": "Disney Frozen Do You Want to Build A Snowman 2.0 Jewelry Box",
        "url": "https://www.walmart.com/ip/Disney-Frozen-Do-You-Want-to-Build-A-Snowman-2-0-Jewelry-Box/116676588",
        "price": "$36.98",
        "stars": "4.6",
        "ratings": "16 ",
        "img": "i5.walmartimages.com/asr/422f87fe-c68a-435d-b6b6-f9236563bf28_1.978c819481edfd49fac65a44f21e8949.jpeg?odnWidth=612&odnHeight=612&odnBg=ffffff",
        "tags": [
            [
                "Costumes & Dress Up",
                "/browse/toys/costumes-dress-up/4171_4173_164142"
            ],
            [
                "All Disney Toys",
                "/browse/toys/all-disney-toys/4171_6909449_1773797"
            ],
            [
                "Frozen Dolls & Dollhouses",
                "/browse/toys/frozen-dolls-dollhouses/4171_7357538_6091150_1817573"
            ],
            [
                "Frozen Dolls",
                "/browse/toys/frozen-dolls/4171_4187_8051423_2062169"
            ],
            [
                "Housekeeping Toys",
                "/browse/toys/housekeeping-toys/4171_4173_3426779_2728309"
            ],
            [
                "All Frozen Toys",
                "/browse/toys/all-frozen-toys/4171_7357538_6091150_4557348"
            ],
            [
                "All Kids Costumes & Dress-Up",
                "/browse/toys/all-kids-costumes-dress-up/4171_4173_7421020_9055580"
            ]
        ]
    },
    {
        "title": "Star Wars Galactic Heroes Mega Mighties Darth Vader with Lightsaber",
        "url": "https://www.walmart.com/ip/Star-Wars-Galactic-Heroes-Mega-Mighties-Darth-Vader-with-Lightsaber/497929001",
        "price": "$9.84",
        "stars": "4.9",
        "ratings": "21 ",
        "img": "i5.walmartimages.com/asr/f8e952fe-510e-439a-9664-943437d85d5e_1.100b7c76234157801f4ed26ae9a36104.jpeg?odnWidth=612&odnHeight=612&odnBg=ffffff",
        "tags": [
            [
                "All Action Figures",
                "/browse/toys/all-action-figures/4171_4172_133130"
            ],
            [
                "Playskool Power Rangers",
                "/browse/toys/playskool-power-rangers/4171_4172_1574302_1555603"
            ],
            [
                "Star Wars Action Figures",
                "/browse/toys/star-wars-action-figures/4171_4172_1606899"
            ],
            [
                "All Preschool Action Figures & Playsets",
                "/browse/toys/all-preschool-action-figures-playsets/4171_4172_1574302_2852038"
            ],
            [
                "Playskool Marvel",
                "/browse/toys/playskool-marvel/4171_4172_1574302_4409412"
            ],
            [
                "Star Wars Toys",
                "/browse/toys/star-wars-toys/4171_7357538_4426623"
            ],
            [
                "Playskool",
                "/browse/toys/playskool/4171_4172_1574302_5163095"
            ],
            [
                "Power Rangers Action Figures",
                "/browse/toys/power-rangers-action-figures/4171_4172_5999585"
            ]
        ]
    },
    {
        "title": "Star Wars The Child 6.5-inch Figure",
        "url": "https://www.walmart.com/ip/Star-Wars-The-Child-6-5-inch-Figure/753538727",
        "price": "$15.57",
        "stars": "4.7",
        "ratings": "29 ",
        "img": "i5.walmartimages.com/asr/4d76e7d3-eb9d-4e43-88da-532ed13b416e.5a7d5fe251ebe2ec7bdd0685d23e8e53.jpeg?odnWidth=612&odnHeight=612&odnBg=ffffff",
        "tags": [
            [
                "All Collectible Figures",
                "/browse/toys/all-collectible-figures/4171_2229239_1231181"
            ],
            [
                "Star Wars Action Figures",
                "/browse/toys/star-wars-action-figures/4171_4172_1606899"
            ],
            [
                "All Disney Toys",
                "/browse/toys/all-disney-toys/4171_6909449_1773797"
            ],
            [
                "Star Wars Funko Pop",
                "/browse/toys/star-wars-funko-pop/4171_4172_4294413_1837376"
            ],
            [
                "Star Wars Stuffed Animals",
                "/browse/toys/star-wars-stuffed-animals/4171_2724815_2805117"
            ],
            [
                "Star Wars Toys",
                "/browse/toys/star-wars-toys/4171_7357538_4426623"
            ],
            [
                "The Mandalorian Toys",
                "/browse/toys/the-mandalorian-toys/4171_3438149_5739349"
            ],
            [
                "Star Wars The Black Series",
                "/browse/toys/star-wars-the-black-series/4171_4172_7913525"
            ]
        ]
    },
    {
        "title": "Star Wars Baby Yoda Froggy Snack, Force Moment 2-Pack",
        "url": "https://www.walmart.com/ip/Star-Wars-Baby-Yoda-Froggy-Snack-Force-Moment-2-Pack/640744344",
        "price": "$13.47",
        "stars": "4.4",
        "ratings": "9 ",
        "img": "i5.walmartimages.com/asr/4553e411-2926-4d45-ab54-da9c30695dfd.2fd5ec1644c4b8eec556a7dd381a644e.jpeg?odnWidth=612&odnHeight=612&odnBg=ffffff",
        "tags": [
            [
                "All Star Wars Clothing",
                "/browse/shop-by-movie/all-star-wars-clothing/5920738_1229472_5619562_1229926"
            ],
            [
                "Star Wars Baby",
                "/browse/shop-by-movie/star-wars-baby/5920738_1229472_1231282"
            ],
            [
                "Star Wars Collectibles",
                "/browse/shop-by-movie/star-wars-collectibles/5920738_1229472_6887474_1231417"
            ],
            [
                "Yoda",
                "/browse/shop-by-movie/yoda/5920738_1229472_7208084_1443309"
            ],
            [
                "The Mandalorian",
                "/browse/shop-by-movie/the-mandalorian/5920738_1229472_7208084_3391032"
            ],
            [
                "The Child",
                "/browse/shop-by-movie/the-child/5920738_1229472_7208084_4209242"
            ],
            [
                "Star Wars Mens Clothing",
                "/browse/shop-by-movie/star-wars-mens-clothing/5920738_1229472_5619562_4447492"
            ],
            [
                "Light Side",
                "/browse/shop-by-movie/light-side/5920738_1229472_5804353"
            ]
        ]
    },
    {
        "title": "Funko POP! Disney: Hocus Pocus - Mary Flying",
        "url": "https://www.walmart.com/ip/Funko-POP-Disney-Hocus-Pocus-Mary-Flying/285568390",
        "price": "$11.38",
        "stars": 0,
        "ratings": 0,
        "img": "i5.walmartimages.com/asr/20bd2bf2-f1ee-401d-b3af-4790d1ff20df.9a673a3b737abe6ee3c7e1b0464ed4c9.png?odnWidth=612&odnHeight=612&odnBg=ffffff",
        "tags": [
            [
                "Ride Ons for Girls",
                "/browse/toys/ride-ons-for-girls/4171_1228477_3574057_1348260"
            ],
            [
                "The Nightmare Before Christmas",
                "/browse/toys/the-nightmare-before-christmas/4171_4172_4294413_2678821"
            ],
            [
                "Funko Collectibles",
                "/browse/toys/funko-collectibles/4171_2229239_8665809_2752400"
            ],
            [
                "All Frozen Toys",
                "/browse/toys/all-frozen-toys/4171_7357538_6091150_4557348"
            ],
            [
                "Disney Funko Pop",
                "/browse/toys/disney-funko-pop/4171_4172_4294413_6491864"
            ],
            [
                "Toys for Kids 12 Years & Up",
                "/browse/toys/toys-for-kids-12-years-up/4171_3318550_1077724_6922509"
            ],
            [
                "Halloween Funko Pop",
                "/browse/toys/halloween-funko-pop/4171_4172_4294413_7641106"
            ]
        ]
    },
    {
        "title": "Disney Baby Musical Crawling Pals Plush, Mickey, Ages 0+",
        "url": "https://www.walmart.com/ip/Disney-Baby-Musical-Crawling-Pals-Plush-Mickey-Ages-0/239617028",
        "price": "$15.22",
        "stars": "4.7",
        "ratings": "20 ",
        "img": "i5.walmartimages.com/asr/b3b36d5e-3580-4884-bb3a-50d70071568a.b03fbf3999c46da7e50579d5a5e12507.jpeg?odnWidth=612&odnHeight=612&odnBg=ffffff",
        "tags": [
            [
                "All Stuffed Animals & Plush",
                "/browse/toys/all-stuffed-animals-plush/4171_2724815_132874"
            ],
            [
                "2 to 4 Years",
                "/browse/toys/2-to-4-years/4171_2724815_2170514"
            ],
            [
                "All Minnie Mouse Toys",
                "/browse/toys/all-minnie-mouse-toys/4171_7357538_8112673_2768272"
            ],
            [
                "8 to 11 Years",
                "/browse/toys/8-to-11-years/4171_2724815_3925001"
            ],
            [
                "Stuffed Animals for Girls",
                "/browse/toys/stuffed-animals-for-girls/4171_2724815_3975865"
            ],
            [
                "Minnie Mouse Stuffed Animals",
                "/browse/toys/minnie-mouse-stuffed-animals/4171_2724815_6774273"
            ],
            [
                "Mickey Mouse Stuffed Animals",
                "/browse/toys/mickey-mouse-stuffed-animals/4171_2724815_8646250"
            ],
            [
                "Stuffed Animals for Boys",
                "/browse/toys/stuffed-animals-for-boys/4171_2724815_9211121"
            ]
        ]
    },
    {
        "title": "PlayWheels Kids Rollerskate Junior Size 6-12 with Knee Pads",
        "url": "https://www.walmart.com/ip/PlayWheels-Kids-Rollerskate-Junior-Size-6-12-with-Knee-Pads/305389991",
        "price": "$19.99",
        "stars": "4.5",
        "ratings": "20 ",
        "img": "i5.walmartimages.com/asr/1feb5374-c968-4b24-a343-7181354c67f5_2.f22326acc9dcd89a930454f869553656.jpeg?odnWidth=612&odnHeight=612&odnBg=ffffff",
        "tags": [
            [
                "All Kids' Bikes",
                "/browse/sports-outdoors/all-kids-bikes/4125_1081404_9240575_1085618"
            ],
            [
                "Huffy BMX Bikes",
                "/browse/sports-outdoors/huffy-bmx-bikes/4125_1081404_6972181_9379318_5152094"
            ],
            [
                "Bike Pads",
                "/browse/sports-outdoors/bike-pads/4125_1081404_7258752_5248669"
            ],
            [
                "Bike Helmets",
                "/browse/sports-outdoors/bike-helmets/4125_1081404_7258752_6249551"
            ],
            [
                "Bicycles with Training Wheels",
                "/browse/sports-outdoors/bicycles-with-training-wheels/4125_1081404_9240575_7312004"
            ],
            [
                "Kids' BMX Bikes",
                "/browse/sports-outdoors/kids-bmx-bikes/4125_1081404_9240575_7577999"
            ],
            [
                "Huffy Kid's Bikes",
                "/browse/sports-outdoors/huffy-kids-bikes/4125_1081404_6972181_9379318_7984252"
            ],
            [
                "Inline Skates",
                "/browse/sports-outdoors/inline-skates/4125_1224931_7628560_8241867_8914833"
            ]
        ]
    },
    {
        "title": "T.O.T.S. Care for Me Pet Carrier - Kitty",
        "url": "https://www.walmart.com/ip/T-O-T-S-Care-for-Me-Pet-Carrier-Kitty/299480810",
        "price": "$19.97",
        "stars": "4.9",
        "ratings": "22 ",
        "img": "i5.walmartimages.com/asr/72c28392-7bba-4863-9172-a7768a34a8a9_2.583510726a123ccb5083eb6f1b8d7542.jpeg?odnWidth=612&odnHeight=612&odnBg=ffffff",
        "tags": [
            [
                "Father's Day Electronics",
                "/browse/seasonal/fathers-day-electronics/1085632_1094344_2365074"
            ],
            [
                "Connected Dorm Room",
                "/browse/seasonal/connected-dorm-room/1085632_8174172_6292484_2548864"
            ],
            [
                "Shop All Glass",
                "/browse/seasonal/shop-all-glass/1085632_1071204_4976191"
            ],
            [
                "Mother's Day Electronics Gifts",
                "/browse/seasonal/mothers-day-electronics-gifts/1085632_1093554_5742102"
            ],
            [
                "Audio",
                "/browse/seasonal/audio/1085632_8174172_6292484_5759323"
            ],
            [
                "Tax Free Shop All",
                "/browse/tax-free-shop-all/1085632_6767877"
            ],
            [
                "Electronics Gifts for Grads",
                "/browse/seasonal/electronics-gifts-for-grads/1085632_1105121_7594959"
            ],
            [
                "Back to School Home Audio Visual",
                "/browse/seasonal/back-to-school-home-audio-visual/1085632_1071204_7767149_8665149"
            ]
        ]
    }
]