[
    {
        "title": "Yamaha P45, 88-Key Weighted Action Digital Piano (P45B)",
        "url": "https://www.walmart.com/ip/Yamaha-P45-88-Key-Weighted-Action-Digital-Piano-P45B/47182388",
        "price": "$499.99",
        "stars": "5.0",
        "ratings": "9 ",
        "img": "",
        "tags": [
            [
                "Digital Pianos",
                "/browse/musical-instruments/digital-pianos/7796869_1128453_2503204_2219244"
            ],
            [
                "Keyboards Musical Classroom",
                "/browse/musical-instruments/keyboards-musical-classroom/7796869_1097895_5698620"
            ],
            [
                "88-Key Digital Pianos",
                "/browse/musical-instruments/88-key-digital-pianos/7796869_1128453_3376388_3292586_6698753"
            ],
            [
                "Portable Keyboards",
                "/browse/musical-instruments/portable-keyboards/7796869_1128453_2503204_7904097"
            ],
            [
                "Stage Digital Pianos",
                "/browse/musical-instruments/stage-digital-pianos/7796869_1128453_2503204_8880363"
            ],
            [
                "Classroom Musical Instruments",
                "/browse/musical-instruments/classroom-musical-instruments/7796869_1097895_9031018"
            ]
        ]
    },
    {
        "title": "Kids Karaoke Machine with 2 Microphones & Adjustable Stand, Music Sing Along with Flashing Stage Lights and Pedals for Fun Musical Effects",
        "url": "https://www.walmart.com/ip/Kids-Karaoke-Machine-with-2-Microphones-Adjustable-Stand-Music-Sing-Along-with-Flashing-Stage-Lights-and-Pedals-for-Fun-Musical-Effects/703045646",
        "price": "$49.99",
        "stars": "4.0",
        "ratings": "2 ",
        "img": "",
        "tags": [
            [
                "All Karaoke Machines",
                "/browse/musical-instruments/all-karaoke-machines/7796869_6745708_106984"
            ],
            [
                "Adult Karaoke Machines",
                "/browse/musical-instruments/adult-karaoke-machines/7796869_6745708_8759860_2743039"
            ],
            [
                "Children's Karaoke Machines",
                "/browse/musical-instruments/childrens-karaoke-machines/7796869_6745708_8759860_3030858"
            ],
            [
                "Karaoke Systems",
                "/browse/musical-instruments/karaoke-systems/7796869_6745708_3216373_3079240"
            ],
            [
                "Shop Karaoke Machine by Price",
                "/browse/musical-instruments/shop-karaoke-machine-by-price/7796869_6745708_6907838"
            ],
            [
                "The Singing Machine Kids Series",
                "/browse/musical-instruments/the-singing-machine-kids-series/7796869_3861023_5419535_8502135"
            ],
            [
                "Shop The Singing Machine by Price",
                "/browse/musical-instruments/shop-the-singing-machine-by-price/7796869_3861023_5419535_9343849"
            ]
        ]
    },
    {
        "title": "LAGRIMA Child 30 Inch Electric Guitar Starter Kit with 5W Amp, Case and Accessories Pack Beginner Starter Package (30, Blue)",
        "url": "https://www.walmart.com/ip/LAGRIMA-Child-30-Inch-Electric-Guitar-Starter-Kit-with-5W-Amp-Case-and-Accessories-Pack-Beginner-Starter-Package-30-Blue/548981693",
        "price": "$79.99",
        "stars": 0,
        "ratings": 0,
        "img": "",
        "tags": [
            [
                "Guitar Value Packs",
                "/browse/musical-instruments/guitar-value-packs/7796869_1097870_1398895"
            ],
            [
                "Sawtooth",
                "/browse/musical-instruments/sawtooth/7796869_3861023_5034780_1436331"
            ],
            [
                "Beginner Electric Guitars",
                "/browse/musical-instruments/beginner-electric-guitars/7796869_6789055_6387230_8078877_2417942"
            ],
            [
                "Advanced Electric Guitars",
                "/browse/musical-instruments/advanced-electric-guitars/7796869_6789055_8828380_7536912_3239344"
            ],
            [
                "Kids Electric Guitars",
                "/browse/musical-instruments/kids-electric-guitars/7796869_6789055_4839538_7416933_3948666"
            ],
            [
                "Lefty Guitars",
                "/browse/musical-instruments/lefty-guitars/7796869_1097870_4807298"
            ],
            [
                "Righty Guitars",
                "/browse/musical-instruments/righty-guitars/7796869_1097870_5486620"
            ],
            [
                "Kids Guitars",
                "/browse/musical-instruments/kids-guitars/7796869_1097870_9293077"
            ]
        ]
    },
    {
        "title": "Zimtown Beginners 39\" New 6 String Electric Guitar + Amplifier + Guitar Bag + Guitar Strap + Tool 8 Color",
        "url": "https://www.walmart.com/ip/Zimtown-Beginners-39-New-6-String-Electric-Guitar-Amplifier-Guitar-Bag-Guitar-Strap-Tool-8-Color/633257420",
        "price": "$98.99",
        "stars": "4.4",
        "ratings": "8 ",
        "img": "i5.walmartimages.com/asr/e64b3029-e9cc-45d9-a1d9-dcbd86d05efe_1.f5e0dc77c12aad95c1450af522972e8b.jpeg?odnWidth=612&odnHeight=612&odnBg=ffffff",
        "tags": [
            [
                "Guitar Value Packs",
                "/browse/musical-instruments/guitar-value-packs/7796869_1097870_1398895"
            ],
            [
                "Sawtooth",
                "/browse/musical-instruments/sawtooth/7796869_3861023_5034780_1436331"
            ],
            [
                "Beginner Electric Guitars",
                "/browse/musical-instruments/beginner-electric-guitars/7796869_6789055_6387230_8078877_2417942"
            ],
            [
                "Lefty Guitars",
                "/browse/musical-instruments/lefty-guitars/7796869_1097870_4807298"
            ],
            [
                "Righty Guitars",
                "/browse/musical-instruments/righty-guitars/7796869_1097870_5486620"
            ],
            [
                "Electric Guitars",
                "/browse/musical-instruments/electric-guitars/7796869_1097870_5674439"
            ],
            [
                "Musical Instrument Cases",
                "/browse/musical-instruments/musical-instrument-cases/7796869_6171829_5531649_8755907"
            ],
            [
                "Kids Guitars",
                "/browse/musical-instruments/kids-guitars/7796869_1097870_9293077"
            ]
        ]
    },
    {
        "title": "Deco Gear Microphone Suspension with Boom Scissor Arm Stand and Pop Filter Bundle",
        "url": "https://www.walmart.com/ip/Deco-Gear-Microphone-Suspension-with-Boom-Scissor-Arm-Stand-and-Pop-Filter-Bundle/767351129",
        "price": "$22.00",
        "stars": "3.1",
        "ratings": "7 ",
        "img": "i5.walmartimages.com/asr/e4e7fc8f-f20d-4a07-b800-8af5ece945dc_1.e2ccd2350764129aa55ca4bd6ee16cec.png?odnWidth=612&odnHeight=612&odnBg=ffffff",
        "tags": [
            [
                "DJ & Live Sound",
                "/browse/musical-instruments/dj-live-sound/7796869_1097690_1015100"
            ],
            [
                "All Musical Instrument Accessories",
                "/browse/musical-instruments/all-musical-instrument-accessories/7796869_6171829_3297174"
            ],
            [
                "Dynamic Microphones",
                "/browse/musical-instruments/dynamic-microphones/7796869_3348689_133194_3930897"
            ],
            [
                "Karaoke Machine Stands",
                "/browse/musical-instruments/karaoke-machine-stands/7796869_6745708_6264579_6325504"
            ],
            [
                "Podcasting Bundles",
                "/browse/musical-instruments/podcasting-bundles/7796869_3348689_133194_6485637"
            ],
            [
                "Shop All Microphones",
                "/browse/musical-instruments/shop-all-microphones/7796869_3348689_133194_6519431"
            ],
            [
                "Condenser Microphones",
                "/browse/musical-instruments/condenser-microphones/7796869_3348689_133194_8159030"
            ],
            [
                "USB Microphones",
                "/browse/musical-instruments/usb-microphones/7796869_3348689_133194_9889680"
            ]
        ]
    },
    {
        "title": "mockins Wireless Bluetooth Karaoke Microphone - Silver",
        "url": "https://www.walmart.com/ip/mockins-Wireless-Bluetooth-Karaoke-Microphone-Silver/887339252",
        "price": "$19.99",
        "stars": 0,
        "ratings": 0,
        "img": "i5.walmartimages.com/asr/930c1c8e-706c-4ce5-974b-75632ace41f6_2.d2855cd7cb5d5c84fa66891e2cad7f91.png?odnWidth=612&odnHeight=612&odnBg=ffffff",
        "tags": [
            [
                "All Karaoke Machines",
                "/browse/musical-instruments/all-karaoke-machines/7796869_6745708_106984"
            ],
            [
                "Adult Karaoke Machines",
                "/browse/musical-instruments/adult-karaoke-machines/7796869_6745708_8759860_2743039"
            ],
            [
                "Karaoke Systems",
                "/browse/musical-instruments/karaoke-systems/7796869_6745708_3216373_3079240"
            ],
            [
                "Dynamic Microphones",
                "/browse/musical-instruments/dynamic-microphones/7796869_3348689_133194_3930897"
            ],
            [
                "Shop All Microphones",
                "/browse/musical-instruments/shop-all-microphones/7796869_3348689_133194_6519431"
            ],
            [
                "Shop Karaoke Machine by Price",
                "/browse/musical-instruments/shop-karaoke-machine-by-price/7796869_6745708_6907838"
            ],
            [
                "Wireless Microphones",
                "/browse/musical-instruments/wireless-microphones/7796869_3348689_133194_8249540"
            ]
        ]
    },
    {
        "title": "Yamaha YRS-20BP 3-Piece Soprano Recorder - Translucent Pink",
        "url": "https://www.walmart.com/ip/Yamaha-YRS-20BP-3-Piece-Soprano-Recorder-Translucent-Pink/24804424",
        "price": "$9.88",
        "stars": "5.0",
        "ratings": "4 ",
        "img": "",
        "tags": [
            [
                "Clarinets",
                "/browse/musical-instruments/clarinets/7796869_3983498_9087652_2101356"
            ],
            [
                "Woodwind Instruments Musical Classroom",
                "/browse/musical-instruments/woodwind-instruments-musical-classroom/7796869_1097895_2151646"
            ],
            [
                "Hohner",
                "/browse/musical-instruments/hohner/7796869_3983498_2570492_4007950"
            ],
            [
                "Harmonicas",
                "/browse/musical-instruments/harmonicas/7796869_1097866_5504191"
            ],
            [
                "Jean Paul",
                "/browse/musical-instruments/jean-paul/7796869_3983498_2570492_6393970"
            ],
            [
                "Classroom Musical Instruments",
                "/browse/musical-instruments/classroom-musical-instruments/7796869_1097895_9031018"
            ],
            [
                "Recorders",
                "/browse/musical-instruments/recorders/7796869_3983498_9087652_9144598"
            ],
            [
                "Flutes",
                "/browse/musical-instruments/flutes/7796869_3983498_9087652_9889000"
            ]
        ]
    },
    {
        "title": "Supersonic SC-900 Supersonic Professional Wireless Dual Microphone System",
        "url": "https://www.walmart.com/ip/Supersonic-SC-900-Supersonic-Professional-Wireless-Dual-Microphone-System/23142439",
        "price": "$22.79",
        "stars": "3.7",
        "ratings": "72 ",
        "img": "i5.walmartimages.com/asr/2b17237c-d97c-4f83-a90f-d517f63edbcf_1.e00935713fb8d00b9519c92ab4b8d977.jpeg?odnWidth=612&odnHeight=612&odnBg=ffffff",
        "tags": [
            [
                "Other Accessories",
                "/browse/electronics/other-accessories/3944_133251_1043552"
            ],
            [
                "All Portable Speakers",
                "/browse/electronics/all-portable-speakers/3944_96469_133271_1072784"
            ],
            [
                "App-Based Accessories",
                "/browse/electronics/app-based-accessories/3944_1086506_1089150"
            ],
            [
                "Laptop Stands",
                "/browse/electronics/laptop-stands/3944_3951_132959_4680327"
            ],
            [
                "All PC Headsets",
                "/browse/electronics/all-pc-headsets/3944_3951_132959_6834263_6829460_5849297"
            ],
            [
                "Speaker Systems",
                "/browse/electronics/speaker-systems/3944_77622_8375901_1230415_78837"
            ],
            [
                "Razer",
                "/browse/electronics/razer/3944_4131277_8032453"
            ]
        ]
    },
    {
        "title": "Handy Portable Adjustable Folding Music Stand with Bag Black",
        "url": "https://www.walmart.com/ip/Handy-Portable-Adjustable-Folding-Music-Stand-with-Bag-Black/388813547",
        "price": "$14.19",
        "stars": 0,
        "ratings": 0,
        "img": "i5.walmartimages.com/asr/97cc6df2-3a4d-4f9d-9148-ab93b2b53850_1.e104fbd992f1ee71a9d43b7ec769fe81.jpeg?odnWidth=612&odnHeight=612&odnBg=ffffff",
        "tags": [
            [
                "Guitar Accessories",
                "/browse/musical-instruments/guitar-accessories/7796869_6171829_6548527_1074445"
            ],
            [
                "Sheet Music Stands",
                "/browse/musical-instruments/sheet-music-stands/7796869_6171829_8289180_2461226"
            ],
            [
                "All Musical Instrument Accessories",
                "/browse/musical-instruments/all-musical-instrument-accessories/7796869_6171829_3297174"
            ],
            [
                "Trumpets",
                "/browse/musical-instruments/trumpets/7796869_3983498_6165534_4517455"
            ],
            [
                "French Horns",
                "/browse/musical-instruments/french-horns/7796869_3983498_6165534_5376267"
            ],
            [
                "Guitar Stands",
                "/browse/musical-instruments/guitar-stands/7796869_6171829_6548527_5796704"
            ],
            [
                "Jean Paul",
                "/browse/musical-instruments/jean-paul/7796869_3983498_2570492_6393970"
            ],
            [
                "Trombones",
                "/browse/musical-instruments/trombones/7796869_3983498_6165534_7996017"
            ]
        ]
    },
    {
        "title": "Hipshot Grip-Lock 6 inline Staggered Locking Tuners - Chrome",
        "url": "https://www.walmart.com/ip/Hipshot-Grip-Lock-6-inline-Staggered-Locking-Tuners-Chrome/843380489",
        "price": "$55.48",
        "stars": 0,
        "ratings": 0,
        "img": "i5.walmartimages.com/asr/24878d01-7b72-4703-b2c7-38c35cd544da_1.47851250ae41651d437403403ab6a8db.jpeg?odnWidth=612&odnHeight=612&odnBg=ffffff",
        "tags": [
            [
                "Musical Instrument Covers",
                "/browse/musical-instruments/musical-instrument-covers/7796869_6171829_5531649_1565288"
            ],
            [
                "Acoustic Guitar Strings",
                "/browse/musical-instruments/acoustic-guitar-strings/7796869_6171829_6548527_1819793_2056913"
            ],
            [
                "D'Addario",
                "/browse/musical-instruments/daddario/7796869_3861023_5277933"
            ],
            [
                "Ernie Ball",
                "/browse/musical-instruments/ernie-ball/7796869_3861023_5708336"
            ],
            [
                "Instrument Strings",
                "/browse/musical-instruments/instrument-strings/7796869_6171829_2128409_9702093"
            ]
        ]
    }
]