[
    {
        "title": "My Life As Arcade Play Set for 18\" Dolls with 100 Games Installed",
        "url": "https://www.walmart.com/ip/My-Life-As-Arcade-Play-Set-for-18-Dolls-with-100-Games-Installed/695393730",
        "price": "$39.97",
        "stars": "4.0",
        "ratings": "27 ",
        "img": "i5.walmartimages.com/asr/44072786-bde6-4920-a0ea-9a3f24b11db0_1.0e79fd2d5bc0c226f64c25ee0403dd17.jpeg?odnWidth=612&odnHeight=612&odnBg=ffffff",
        "tags": [
            [
                "Doll Clothes & Accessories",
                "/browse/toys/doll-clothes-accessories/4171_4187_1074304"
            ],
            [
                "Dollhouses & Play Sets",
                "/browse/toys/dollhouses-play-sets/4171_4187_133126"
            ],
            [
                "Doll Furniture",
                "/browse/toys/doll-furniture/4171_4187_4966840_2267725"
            ],
            [
                "Doll Clothing and Fashion Accessories",
                "/browse/toys/doll-clothing-fashion-accessories/4171_4187_4966840_2636876"
            ],
            [
                "Playsets",
                "/browse/toys/playsets/4171_4187_4668261_5230467"
            ],
            [
                "My Life As Furniture",
                "/browse/toys/my-life-as-furniture/4171_4187_4966840_5478068"
            ],
            [
                "My Life As Clothing & Accessories",
                "/browse/toys/my-life-as-clothing-accessories/4171_4187_4966840_5537996"
            ],
            [
                "Dolls Clothes and Accessories",
                "/browse/toys/dolls-clothes-accessories/4171_4187_9226108"
            ]
        ]
    },
    {
        "title": "2020 Topps Chrome MLB Baseball Trading Cards Blaster Box- 28 Cards + 1 Bonus pack",
        "url": "https://www.walmart.com/ip/2020-Topps-Chrome-MLB-Baseball-Trading-Cards-Blaster-Box-28-Cards-1-Bonus-pack/860503331",
        "price": "$59.90",
        "stars": "2.7",
        "ratings": "6 ",
        "img": "i5.walmartimages.com/asr/597991a0-c18c-4efa-aee7-87e1cc864ff7.59e364e0cc2863ec00e08b76a4b10fa6.jpeg?odnWidth=612&odnHeight=612&odnBg=ffffff",
        "tags": [
            [
                "Panini",
                "/browse/toys/panini/4171_4191_9807313_6249075_1619679"
            ],
            [
                "Yugioh Cards",
                "/browse/toys/yugioh-cards/4171_4191_9807313_4078080"
            ],
            [
                "All Trading Cards",
                "/browse/toys/all-trading-cards/4171_4191_9807313_4193925"
            ],
            [
                "Baseball Cards",
                "/browse/toys/baseball-cards/4171_4191_9807313_5931132"
            ],
            [
                "Football Cards",
                "/browse/toys/football-cards/4171_4191_9807313_6253015"
            ],
            [
                "Collectible Cards",
                "/browse/toys/collectible-cards/4171_2229239_7966762"
            ],
            [
                "WWE Trading Cards",
                "/browse/toys/wwe-trading-cards/4171_7357538_7087187_8016279"
            ]
        ]
    },
    {
        "title": "Melissa & Doug World Map Jumbo Jigsaw Floor Puzzle (33 pieces, 2 x 3 feet)",
        "url": "https://www.walmart.com/ip/Melissa-Doug-World-Map-Jumbo-Jigsaw-Floor-Puzzle-33-pieces-2-x-3-feet/39344103",
        "price": "$9.99",
        "stars": "4.8",
        "ratings": "13 ",
        "img": "i5.walmartimages.com/asr/2286f0cd-1319-4e9b-8356-ae6aa8477c45_1.5c55523567733f5878f50e4304f272e3.jpeg?odnWidth=612&odnHeight=612&odnBg=ffffff",
        "tags": [
            [
                "500 Piece Jigsaws",
                "/browse/toys/500-piece-jigsaws/4171_4191_163840_2972767"
            ],
            [
                "Wood Puzzles",
                "/browse/toys/wood-puzzles/4171_4191_163840_3670108"
            ],
            [
                "Astronomy Toys for Kids",
                "/browse/toys/astronomy-toys-for-kids/4171_1229858_4194520"
            ],
            [
                "Jigsaw Puzzles",
                "/browse/toys/jigsaw-puzzles/4171_4191_163840_4981610"
            ],
            [
                "Melissa & Doug Toys",
                "/browse/toys/melissa-doug-toys/4171_3438149_5908879"
            ],
            [
                "Ravensburger Puzzles",
                "/browse/toys/ravensburger-puzzles/4171_4191_163840_2713586_6289252"
            ],
            [
                "Only at Walmart Games & Puzzles",
                "/browse/toys/only-at-walmart-games-puzzles/4171_4191_6786083"
            ],
            [
                "Kids Puzzles",
                "/browse/toys/kids-puzzles/4171_4191_163840_6928209"
            ]
        ]
    },
    {
        "title": "Upwords, Fun and Challenging Family Word Game with Stackable Letter Tiles, for Ages 8 and up",
        "url": "https://www.walmart.com/ip/Upwords-Fun-and-Challenging-Family-Word-Game-with-Stackable-Letter-Tiles-for-Ages-8-and-up/818621595",
        "price": "$13.12",
        "stars": "4.6",
        "ratings": "90 ",
        "img": "i5.walmartimages.com/asr/cd681b4f-fce8-47c0-b7c4-44296d1b5c90_2.6890e7a051c1a117cf085d5438651489.jpeg?odnWidth=612&odnHeight=612&odnBg=ffffff",
        "tags": [
            [
                "Card Games",
                "/browse/toys/card-games/4171_4191_163842"
            ],
            [
                "Classic Games",
                "/browse/toys/classic-games/4171_4191_2084995"
            ],
            [
                "Family Games",
                "/browse/toys/family-games/4171_4191_2335373_2204878"
            ],
            [
                "All Board Games",
                "/browse/toys/all-board-games/4171_4191_133123_4497274"
            ],
            [
                "Party Games",
                "/browse/toys/party-games/4171_4191_5016956"
            ],
            [
                "Only at Walmart Games & Puzzles",
                "/browse/toys/only-at-walmart-games-puzzles/4171_4191_6786083"
            ],
            [
                "Adult Games",
                "/browse/toys/adult-games/4171_4191_2335373_9523585"
            ]
        ]
    },
    {
        "title": "Only At Walmart: Monopoly: Jeff Foxworthy Edition Board Game",
        "url": "https://www.walmart.com/ip/Only-At-Walmart-Monopoly-Jeff-Foxworthy-Edition-Board-Game/781275496",
        "price": "$19.82",
        "stars": "4.9",
        "ratings": "27 ",
        "img": "i5.walmartimages.com/asr/2ae643c8-f055-4bd7-8381-82048a7fe457.716d11a9a1204fdc329c4966993886c8.jpeg?odnWidth=612&odnHeight=612&odnBg=ffffff",
        "tags": [
            [
                "500 Piece Jigsaws",
                "/browse/toys/500-piece-jigsaws/4171_4191_163840_2972767"
            ],
            [
                "750 Piece Jigsaws",
                "/browse/toys/750-piece-jigsaws/4171_4191_163840_4166037"
            ],
            [
                "All Board Games",
                "/browse/toys/all-board-games/4171_4191_133123_4497274"
            ],
            [
                "Jigsaw Puzzles",
                "/browse/toys/jigsaw-puzzles/4171_4191_163840_4981610"
            ],
            [
                "Monopoly",
                "/browse/toys/monopoly/4171_4191_133123_6792970"
            ],
            [
                "Thomas & Friends TrackMaster Sets",
                "/browse/toys/thomas-friends-trackmaster-sets/4171_7357538_3360147_8192313"
            ]
        ]
    },
    {
        "title": "Hoyle 6 Pack Kids Playing Cards Games Go Fish Crazy 8s Old Maid Slapjack Bicycle",
        "url": "https://www.walmart.com/ip/Hoyle-6-Pack-Kids-Playing-Cards-Games-Go-Fish-Crazy-8s-Old-Maid-Slapjack-Bicycle/185835523",
        "price": "$10.99",
        "stars": "4.8",
        "ratings": "13 ",
        "img": "",
        "tags": [
            [
                "Shop Toys by Price",
                "/browse/shop-toys-by-price/4171_1263324"
            ],
            [
                "Classic Games",
                "/browse/toys/classic-games/4171_4191_2084995"
            ],
            [
                "Family Games",
                "/browse/toys/family-games/4171_4191_2335373_2204878"
            ],
            [
                "All Board Games",
                "/browse/toys/all-board-games/4171_4191_133123_4497274"
            ],
            [
                "Party Games",
                "/browse/toys/party-games/4171_4191_5016956"
            ],
            [
                "Toys for Kids 5 to 7 Years",
                "/browse/toys/toys-for-kids-5-to-7-years/4171_3318550_617941_8920388"
            ],
            [
                "Adult Games",
                "/browse/toys/adult-games/4171_4191_2335373_9523585"
            ]
        ]
    },
    {
        "title": "Buffalo Games - Reflections - Sunset at the Mill - 750 Piece Jigsaw Puzzle",
        "url": "https://www.walmart.com/ip/Buffalo-Games-Reflections-Sunset-at-the-Mill-750-Piece-Jigsaw-Puzzle/707958648",
        "price": "$9.97",
        "stars": "5.0",
        "ratings": "1 ",
        "img": "i5.walmartimages.com/asr/66bdd758-9c86-4d2e-9da6-0637e8f1cac1_2.5ebd2e6b251fed3aceda7303d2e81e2d.jpeg?odnWidth=612&odnHeight=612&odnBg=ffffff",
        "tags": [
            [
                "500 Piece Jigsaws",
                "/browse/toys/500-piece-jigsaws/4171_4191_163840_2972767"
            ],
            [
                "1000 Piece Jigsaws",
                "/browse/toys/1000-piece-jigsaws/4171_4191_163840_3974623"
            ],
            [
                "300 Piece Jigsaws",
                "/browse/toys/300-piece-jigsaws/4171_4191_163840_4640812"
            ],
            [
                "Jigsaw Puzzles",
                "/browse/toys/jigsaw-puzzles/4171_4191_163840_4981610"
            ],
            [
                "KISS Funko Pop",
                "/browse/toys/kiss-funko-pop/4171_4172_4294413_5595755"
            ],
            [
                "Funko Pop Rocks",
                "/browse/toys/funko-pop-rocks/4171_4172_4294413_5788286"
            ],
            [
                "Crayola Dough, Clay & Slime",
                "/browse/toys/crayola-dough-clay-slime/4171_645779_9285153_8633676"
            ],
            [
                "Aurora Plush",
                "/browse/toys/aurora-plush/4171_2724815_9219510"
            ]
        ]
    },
    {
        "title": "Cards Against Humanity Green Box",
        "url": "https://www.walmart.com/ip/Cards-Against-Humanity-Green-Box/164879018",
        "price": "$20.00",
        "stars": "4.6",
        "ratings": "19 ",
        "img": "i5.walmartimages.com/asr/868c1cd9-527c-4acf-ab6f-b63ea4599e09_1.8f4a58b1570d503c74b6b0fd6924228c.jpeg?odnWidth=612&odnHeight=612&odnBg=ffffff",
        "tags": [
            [
                "Card Games",
                "/browse/toys/card-games/4171_4191_163842"
            ],
            [
                "Classic Games",
                "/browse/toys/classic-games/4171_4191_2084995"
            ],
            [
                "Family Games",
                "/browse/toys/family-games/4171_4191_2335373_2204878"
            ],
            [
                "Other Unicorn Toys",
                "/browse/toys/other-unicorn-toys/4171_4209468_3940073"
            ],
            [
                "All Board Games",
                "/browse/toys/all-board-games/4171_4191_133123_4497274"
            ],
            [
                "Toys for Kids 12 Years & Up",
                "/browse/toys/toys-for-kids-12-years-up/4171_3318550_1077724_6922509"
            ],
            [
                "Adult Games",
                "/browse/toys/adult-games/4171_4191_2335373_9523585"
            ]
        ]
    },
    {
        "title": "POKEMON GALAR PALS MINI TIN",
        "url": "https://www.walmart.com/ip/POKEMON-GALAR-PALS-MINI-TIN/603184497",
        "price": "$10.40",
        "stars": "4.0",
        "ratings": "2 ",
        "img": "",
        "tags": [
            [
                "Detective Pikachu Toys",
                "/browse/toys/detective-pikachu-toys/4171_3438149_3727466"
            ],
            [
                "All Trading Cards",
                "/browse/toys/all-trading-cards/4171_4191_9807313_4193925"
            ],
            [
                "Pokemon TCG",
                "/browse/toys/pokemon-tcg/4171_4191_9807313_4252400_4532494"
            ],
            [
                "Pokemon Games",
                "/browse/toys/pokemon-games/4171_7357538_9574778_4713369"
            ],
            [
                "Pokemon Booster Box",
                "/browse/toys/pokemon-booster-box/4171_4191_9807313_4252400_7038039"
            ],
            [
                "Pokemon Trainer Box",
                "/browse/toys/pokemon-trainer-box/4171_4191_9807313_4252400_9331354"
            ],
            [
                "Pokemon All Trading Cards",
                "/browse/toys/pokemon-all-trading-cards/4171_4191_9807313_4252400_9497398"
            ],
            [
                "Pokemon Theme Decks",
                "/browse/toys/pokemon-theme-decks/4171_4191_9807313_4252400_9708712"
            ]
        ]
    },
    {
        "title": "ZURU 5 Surprise Dino Strike Glow In The Dark (3 Pack) by ZURU",
        "url": "https://www.walmart.com/ip/ZURU-5-Surprise-Dino-Strike-Glow-In-The-Dark-3-Pack-by-ZURU/216494795",
        "price": "$17.91",
        "stars": "4.7",
        "ratings": "21 ",
        "img": "i5.walmartimages.com/asr/27c2bc45-3ca2-4226-ab90-a07789288ea0.90a7ddbc5965de0a52b6d58e6936b644.jpeg?odnWidth=612&odnHeight=612&odnBg=ffffff",
        "tags": [
            [
                "Glow-in-the-Dark Slime",
                "/browse/toys/glow-in-the-dark-slime/4171_645779_2165088_4007466"
            ],
            [
                "Collectible Novelty",
                "/browse/toys/collectible-novelty/4171_5178010_4322621"
            ],
            [
                "Toys for age  2-4  girls",
                "/browse/toys/toys-for-age-2-4-girls/4171_3318550_7016108_5476489"
            ],
            [
                "Toddler Boy Toys",
                "/browse/toys/toddler-boy-toys/4171_3318550_8469931_7166821"
            ],
            [
                "Toddler Girl Toys",
                "/browse/toys/toddler-girl-toys/4171_3318550_8469931_7878434"
            ],
            [
                "Toys for age  2-4  boys",
                "/browse/toys/toys-for-age-2-4-boys/4171_3318550_7016108_8955316"
            ],
            [
                "Pre-Made Slime Shop",
                "/browse/toys/pre-made-slime-shop/4171_645779_2165088_9237203"
            ]
        ]
    }
]