[
    {
        "title": "Star Wars The Vintage Collection First Order Stormtrooper 3.75-inch Figure",
        "url": "https://www.walmart.com/ip/Star-Wars-The-Vintage-Collection-First-Order-Stormtrooper-3-75-inch-Figure/640549606",
        "price": "$12.99",
        "stars": "2.2",
        "ratings": "5 ",
        "img": "i5.walmartimages.com/asr/718ec060-8b89-430d-aa82-e2262d9a2e3d_1.f82cb6cee0bd0f73fc852d6399bb9168.jpeg?odnWidth=612&odnHeight=612&odnBg=ffffff",
        "tags": [
            [
                "Star Wars Collectibles",
                "/browse/shop-by-movie/star-wars-collectibles/5920738_1229472_6887474_1231417"
            ],
            [
                "Han Solo",
                "/browse/shop-by-movie/han-solo/5920738_1229472_7208084_1321324"
            ],
            [
                "Star Wars Episodes 4-6",
                "/browse/shop-by-movie/star-wars-episodes-4-6/5920738_1229472_2558562_2261534"
            ],
            [
                "The First Order",
                "/browse/shop-by-movie/the-first-order/5920738_1229472_7208084_4721463"
            ],
            [
                "Dark Side",
                "/browse/shop-by-movie/dark-side/5920738_1229472_7947605"
            ],
            [
                "Kylo Ren",
                "/browse/shop-by-movie/kylo-ren/5920738_1229472_7208084_8342531"
            ],
            [
                "Stormtrooper",
                "/browse/shop-by-movie/stormtrooper/5920738_1229472_7208084_8471547"
            ],
            [
                "Star Wars Episodes 7-9",
                "/browse/shop-by-movie/star-wars-episodes-7-9/5920738_1229472_2558562_9515423"
            ]
        ]
    },
    {
        "title": "Star Wars The Black Series Rebel Trooper (Hoth) 6 Inch",
        "url": "https://www.walmart.com/ip/Star-Wars-The-Black-Series-Rebel-Trooper-Hoth-6-Inch/401037692",
        "price": "$19.87",
        "stars": 0,
        "ratings": 0,
        "img": "i5.walmartimages.com/asr/9f5756bd-cd67-4753-bb79-60da2ebf56ef.07cc64e2c5d1efcd230493e4eef7e768.jpeg?odnWidth=612&odnHeight=612&odnBg=ffffff",
        "tags": [
            [
                "Star Wars Action Figures",
                "/browse/toys/star-wars-action-figures/4171_4172_1606899"
            ],
            [
                "Toys for Babies 0 to 12 Months",
                "/browse/toys/toys-for-babies-0-to-12-months/4171_3318550_8469931_2442095"
            ],
            [
                "Star Wars Toys",
                "/browse/toys/star-wars-toys/4171_7357538_4426623"
            ],
            [
                "Toys for 7 year old boys",
                "/browse/toys/toys-for-7-year-old-boys/4171_3318550_617941_6873438"
            ],
            [
                "Marvel Legends",
                "/browse/toys/marvel-legends/4171_4172_7030679"
            ],
            [
                "Toys for 5 year old boys",
                "/browse/toys/toys-for-5-year-old-boys/4171_3318550_617941_7846664"
            ],
            [
                "Star Wars The Black Series",
                "/browse/toys/star-wars-the-black-series/4171_4172_7913525"
            ],
            [
                "Toys for age  2-4  boys",
                "/browse/toys/toys-for-age-2-4-boys/4171_3318550_7016108_8955316"
            ]
        ]
    },
    {
        "title": "Disney Minnie Mouse Sequin Diary Craft Set",
        "url": "https://www.walmart.com/ip/Disney-Minnie-Mouse-Sequin-Diary-Craft-Set/872613929",
        "price": "$10.99",
        "stars": 0,
        "ratings": 0,
        "img": "i5.walmartimages.com/asr/7f2539a0-62b5-4530-a84d-fe2ba19aee01_2.d5fde1d0d2b5a55d438896f23e94ae66.jpeg?odnWidth=612&odnHeight=612&odnBg=ffffff",
        "tags": [
            [
                "All Minnie Mouse Toys",
                "/browse/toys/all-minnie-mouse-toys/4171_7357538_8112673_2768272"
            ],
            [
                "Hair, Nail & Spa Toys",
                "/browse/toys/hair-nail-spa-toys/4171_645779_2990448"
            ],
            [
                "DIY Slime Kits",
                "/browse/toys/diy-slime-kits/4171_645779_2165088_6010655"
            ],
            [
                "Toys for Kids 5 to 7 Years",
                "/browse/toys/toys-for-kids-5-to-7-years/4171_3318550_617941_8920388"
            ],
            [
                "Pre-Made Slime Shop",
                "/browse/toys/pre-made-slime-shop/4171_645779_2165088_9237203"
            ],
            [
                "Minnie Mouse Dolls & Dollhouses",
                "/browse/toys/minnie-mouse-dolls-dollhouses/4171_7357538_8112673_9471568"
            ],
            [
                "Children's Paint and Paint Supplies",
                "/browse/toys/childrens-paint-paint-supplies/4171_645779_9646901"
            ],
            [
                "All Kids Jewelry Making Kits",
                "/browse/toys/all-kids-jewelry-making-kits/4171_645779_9564789_9869340"
            ]
        ]
    },
    {
        "title": "Disney Pixar Toy Story Minis Ultimate New Friends Character 10-Pack",
        "url": "https://www.walmart.com/ip/Disney-Pixar-Toy-Story-Minis-Ultimate-New-Friends-Character-10-Pack/257618911",
        "price": "$14.99",
        "stars": "5.0",
        "ratings": "11 ",
        "img": "i5.walmartimages.com/asr/f2acb433-55ab-45f4-a4cb-d63c4bd69c7f_1.dfc7b3fb2450e244cbe352714b7eaaea.jpeg?odnWidth=612&odnHeight=612&odnBg=ffffff",
        "tags": [
            [
                "Father's Day Electronics",
                "/browse/seasonal/fathers-day-electronics/1085632_1094344_2365074"
            ],
            [
                "Connected Dorm Room",
                "/browse/seasonal/connected-dorm-room/1085632_8174172_6292484_2548864"
            ],
            [
                "Shop All Glass",
                "/browse/seasonal/shop-all-glass/1085632_1071204_4976191"
            ],
            [
                "Mother's Day Electronics Gifts",
                "/browse/seasonal/mothers-day-electronics-gifts/1085632_1093554_5742102"
            ],
            [
                "Audio",
                "/browse/seasonal/audio/1085632_8174172_6292484_5759323"
            ],
            [
                "Tax Free Shop All",
                "/browse/tax-free-shop-all/1085632_6767877"
            ],
            [
                "Electronics Gifts for Grads",
                "/browse/seasonal/electronics-gifts-for-grads/1085632_1105121_7594959"
            ],
            [
                "Back to School Home Audio Visual",
                "/browse/seasonal/back-to-school-home-audio-visual/1085632_1071204_7767149_8665149"
            ]
        ]
    },
    {
        "title": "Disney's The Lion King Collector Figure Set - 5 Piece",
        "url": "https://www.walmart.com/ip/Disney-s-The-Lion-King-Collector-Figure-Set-5-Piece/292697415",
        "price": "$12.97",
        "stars": "4.7",
        "ratings": "15 ",
        "img": "i5.walmartimages.com/asr/e9f6dbe4-e65d-4665-b6f9-a5bc43ea4e33_1.64931f4234b2f8e66a959a7d8270bb90.jpeg?odnWidth=612&odnHeight=612&odnBg=ffffff",
        "tags": [
            [
                "All Action Figures",
                "/browse/toys/all-action-figures/4171_4172_133130"
            ],
            [
                "All Preschool Action Figures & Playsets",
                "/browse/toys/all-preschool-action-figures-playsets/4171_4172_1574302_2852038"
            ],
            [
                "Lion King Action Figures",
                "/browse/toys/lion-king-action-figures/4171_7357538_2966184_4219377"
            ],
            [
                "Lion King Plush",
                "/browse/toys/lion-king-plush/4171_7357538_2966184_4236726"
            ],
            [
                "TV & Movie Playsets",
                "/browse/toys/tv-movie-playsets/4171_4172_9845227_4517984"
            ],
            [
                "Disney Funko Pop",
                "/browse/toys/disney-funko-pop/4171_4172_4294413_6491864"
            ],
            [
                "All Lion King Toys",
                "/browse/toys/all-lion-king-toys/4171_7357538_2966184_8142145"
            ],
            [
                "The Lion King Funko Pop",
                "/browse/toys/the-lion-king-funko-pop/4171_4172_4294413_9827321"
            ]
        ]
    },
    {
        "title": "ALEX 30373135 Disney Pixar Toy Story 4 Wind-Up Slinky Dog",
        "url": "https://www.walmart.com/ip/ALEX-30373135-Disney-Pixar-Toy-Story-4-Wind-Up-Slinky-Dog/482064575",
        "price": "$9.97",
        "stars": 0,
        "ratings": 0,
        "img": "i5.walmartimages.com/asr/35ce514f-f7f6-4b62-b423-a69af8a9d2dd.bf6751d6aab11ec5424b2ae81587c535.jpeg?odnWidth=612&odnHeight=612&odnBg=ffffff",
        "tags": []
    },
    {
        "title": "Marvel Avengers: Endgame Captain Marvel 6-Inch-Scale Figure",
        "url": "https://www.walmart.com/ip/Marvel-Avengers-Endgame-Captain-Marvel-6-Inch-Scale-Figure/840716443",
        "price": "$6.99",
        "stars": "4.0",
        "ratings": "1 ",
        "img": "i5.walmartimages.com/asr/fb04465d-efab-4e96-93c3-10b8713cfd19_1.f0eeccfb305604379b7c6a87c51b0adc.jpeg?odnWidth=612&odnHeight=612&odnBg=ffffff",
        "tags": [
            [
                "Father's Day Electronics",
                "/browse/seasonal/fathers-day-electronics/1085632_1094344_2365074"
            ],
            [
                "Connected Dorm Room",
                "/browse/seasonal/connected-dorm-room/1085632_8174172_6292484_2548864"
            ],
            [
                "Shop All Glass",
                "/browse/seasonal/shop-all-glass/1085632_1071204_4976191"
            ],
            [
                "Mother's Day Electronics Gifts",
                "/browse/seasonal/mothers-day-electronics-gifts/1085632_1093554_5742102"
            ],
            [
                "Audio",
                "/browse/seasonal/audio/1085632_8174172_6292484_5759323"
            ],
            [
                "Tax Free Shop All",
                "/browse/tax-free-shop-all/1085632_6767877"
            ],
            [
                "Electronics Gifts for Grads",
                "/browse/seasonal/electronics-gifts-for-grads/1085632_1105121_7594959"
            ],
            [
                "Back to School Home Audio Visual",
                "/browse/seasonal/back-to-school-home-audio-visual/1085632_1071204_7767149_8665149"
            ]
        ]
    },
    {
        "title": "Hot Wheels Collector Disney Minnie Mouse Character Car",
        "url": "https://www.walmart.com/ip/Hot-Wheels-Collector-Disney-Minnie-Mouse-Character-Car/338769229",
        "price": "$3.97",
        "stars": "5.0",
        "ratings": "4 ",
        "img": "i5.walmartimages.com/asr/9afbef48-1e3d-4f3f-98a1-ad130ca99eb8_1.69710c4c150dbd18afe96ebe5329ba79.jpeg?odnWidth=612&odnHeight=612&odnBg=ffffff",
        "tags": [
            [
                "Doctor Who Funko Pop",
                "/browse/toys/doctor-who-funko-pop/4171_4172_4294413_1311317"
            ],
            [
                "Diecast and Mini Vehicles",
                "/browse/toys/diecast-mini-vehicles/4171_1111647_1744202"
            ],
            [
                "Movie Themed Hot Wheels",
                "/browse/toys/movie-themed-hot-wheels/4171_3438149_5657331_5114063_3177527"
            ],
            [
                "Play Vehicles by Brand",
                "/browse/toys/play-vehicles-by-brand/4171_1111647_132910_4726205"
            ],
            [
                "All Hot Wheels Cars",
                "/browse/toys/all-hot-wheels-cars/4171_3438149_5657331_5114063_5595943"
            ],
            [
                "Car Toys",
                "/browse/toys/car-toys/4171_1111647_132910_7297605"
            ],
            [
                "Toys for age  2-4  boys",
                "/browse/toys/toys-for-age-2-4-boys/4171_3318550_7016108_8955316"
            ],
            [
                "Car Tracks",
                "/browse/toys/car-tracks/4171_1111647_132910_9741819"
            ]
        ]
    },
    {
        "title": "Disney Pixar Toy Story Buzz Lightyear Wrist Communicator with Blaster",
        "url": "https://www.walmart.com/ip/Disney-Pixar-Toy-Story-Buzz-Lightyear-Wrist-Communicator-with-Blaster/934521680",
        "price": "$9.99",
        "stars": "3.6",
        "ratings": "30 ",
        "img": "i5.walmartimages.com/asr/afdcfa3e-1f4c-48c3-be0e-6a9d1cd4255f_1.00aaeaf0ae53ad2c4ee06565438f0dbe.jpeg?odnWidth=612&odnHeight=612&odnBg=ffffff",
        "tags": [
            [
                "All Action Figure Playsets",
                "/browse/toys/all-action-figure-playsets/4171_4172_9845227_1156794"
            ],
            [
                "All Action Figures",
                "/browse/toys/all-action-figures/4171_4172_133130"
            ],
            [
                "All Disney Toys",
                "/browse/toys/all-disney-toys/4171_6909449_1773797"
            ],
            [
                "All Preschool Action Figures & Playsets",
                "/browse/toys/all-preschool-action-figures-playsets/4171_4172_1574302_2852038"
            ],
            [
                "All Action Role Play",
                "/browse/toys/all-action-role-play/4171_4172_4246921_4384098"
            ],
            [
                "Disney Action Figures",
                "/browse/toys/disney-action-figures/4171_4172_5217603"
            ],
            [
                "Fisher Price Preschool Toys",
                "/browse/toys/fisher-price-preschool-toys/4171_1077545_8882678"
            ],
            [
                "Imaginext Toy Story",
                "/browse/toys/imaginext-toy-story/4171_4172_1574302_9096511"
            ]
        ]
    },
    {
        "title": "Disney/Pixar Toy Story 25th Anniversary Rex Figure",
        "url": "https://www.walmart.com/ip/Disney-Pixar-Toy-Story-25th-Anniversary-Rex-Figure/784376444",
        "price": "$12.60",
        "stars": "5.0",
        "ratings": "2 ",
        "img": "i5.walmartimages.com/asr/3e9ebe52-e82a-4fa3-b88f-eea2a2fa3a3b_1.2adebae3c91fe07f413450a293617bc7.jpeg?odnWidth=612&odnHeight=612&odnBg=ffffff",
        "tags": [
            [
                "All Action Figures",
                "/browse/toys/all-action-figures/4171_4172_133130"
            ],
            [
                "Mr. Potato Head",
                "/browse/toys/mr-potato-head/4171_5178010_1884753"
            ],
            [
                "Slinkys",
                "/browse/toys/slinkys/4171_5178010_3461389"
            ],
            [
                "Disney Action Figures",
                "/browse/toys/disney-action-figures/4171_4172_5217603"
            ],
            [
                "Ryan's World Toys",
                "/browse/toys/ryans-world-toys/4171_7144110_8472545_5568688"
            ],
            [
                "Jada Toys RC",
                "/browse/toys/jada-toys-rc/4171_1111647_3436383_5930790"
            ],
            [
                "Fisher Price Preschool Toys",
                "/browse/toys/fisher-price-preschool-toys/4171_1077545_8882678"
            ],
            [
                "Imaginext Toy Story",
                "/browse/toys/imaginext-toy-story/4171_4172_1574302_9096511"
            ]
        ]
    }
]