[
    {
        "title": "cepia zhu zhu pets hamster pookie",
        "url": "https://www.walmart.com/ip/cepia-zhu-zhu-pets-hamster-pookie/184989649",
        "price": "$21.98",
        "stars": "1.0",
        "ratings": "1 ",
        "img": "i5.walmartimages.com/asr/a99102c1-200b-405d-a9d2-f2596c46c046_1.1910720697091cf0f368f2a656d04ba0.jpeg?odnWidth=612&odnHeight=612&odnBg=ffffff",
        "tags": [
            [
                "Electronic Toys",
                "/browse/toys/electronic-toys/4171_1096069_1105959_1096123"
            ],
            [
                "Fingerlings",
                "/browse/toys/fingerlings/4171_4187_1741575"
            ],
            [
                "Robotic Toys",
                "/browse/toys/robotic-toys/4171_1096069_1105959_2211540"
            ],
            [
                "Little Live Pets",
                "/browse/toys/little-live-pets/4171_4187_7790702_3693047"
            ],
            [
                "Electronic Pets",
                "/browse/toys/electronic-pets/4171_4187_4209464"
            ],
            [
                "Easter Stuffed Animals",
                "/browse/toys/easter-stuffed-animals/4171_2724815_5731898"
            ],
            [
                "Furreal Friends",
                "/browse/toys/furreal-friends/4171_4187_5776542"
            ],
            [
                "Robot Toys",
                "/browse/toys/robot-toys/4171_1229858_8116584"
            ]
        ]
    },
    {
        "title": "techege toys steel wolf remote controlled robot, shoots rubber missiles awesome sounds, fun lights kids rc robot battery powered walking futuristic soldier",
        "url": "https://www.walmart.com/ip/techege-toys-steel-wolf-remote-controlled-robot-shoots-rubber-missiles-awesome-sounds-fun-lights-kids-rc-robot-battery-powered-walking-futuristic-sol/710283605",
        "price": "$39.99",
        "stars": "4.6",
        "ratings": "10 ",
        "img": "i5.walmartimages.com/asr/65d0865b-bedd-4510-b0ae-8ec0b89ae364_1.0ad4ecb2fcd62b05beb0967b0e7a4f81.jpeg?odnWidth=612&odnHeight=612&odnBg=ffffff",
        "tags": [
            [
                "Robots & Electronic Pets",
                "/browse/toys/robots-electronic-pets/4171_1096069_1105959_1105996"
            ],
            [
                "Construction Vehicles",
                "/browse/toys/construction-vehicles/4171_1111647_132910_2098659"
            ],
            [
                "Robotic Toys",
                "/browse/toys/robotic-toys/4171_1096069_1105959_2211540"
            ],
            [
                "Police Car Toys",
                "/browse/toys/police-car-toys/4171_1111647_3870240"
            ],
            [
                "Toy Excavators",
                "/browse/toys/toy-excavators/4171_1111647_5401926"
            ],
            [
                "Magna Doodle",
                "/browse/toys/magna-doodle/4171_645779_6408170_6399778"
            ],
            [
                "Toy Cars",
                "/browse/toys/toy-cars/4171_1111647_132910_7314322"
            ],
            [
                "Robot Toys",
                "/browse/toys/robot-toys/4171_1229858_8116584"
            ]
        ]
    },
    {
        "title": "VTech MobiGo Carry Case, Pink",
        "url": "https://www.walmart.com/ip/VTech-MobiGo-Carry-Case-Pink/14698880",
        "price": "$9.08",
        "stars": "4.3",
        "ratings": "8 ",
        "img": "",
        "tags": [
            [
                "Cameras & Camcorders for Kids",
                "/browse/toys/cameras-camcorders-for-kids/4171_1096069_1096118"
            ],
            [
                "Kids' Computer & Tablet Accessories",
                "/browse/toys/kids-computer-tablet-accessories/4171_1096069_1154252_1096122"
            ],
            [
                "Electronic Toys",
                "/browse/toys/electronic-toys/4171_1096069_1105959_1096123"
            ],
            [
                "Kids Instruments",
                "/browse/toys/kids-instruments/4171_4173_1143273"
            ],
            [
                "Bilingual Toys",
                "/browse/toys/bilingual-toys/4171_56125_1229855"
            ],
            [
                "VTech Toys",
                "/browse/toys/vtech-toys/4171_3438149_3348821"
            ],
            [
                "Pretend Play Toys for Boys",
                "/browse/toys/pretend-play-toys-for-boys/4171_4173_3613401"
            ],
            [
                "Kids Musical Instruments",
                "/browse/toys/kids-musical-instruments/4171_4173_3426779_7166990"
            ]
        ]
    },
    {
        "title": "Spin Master Zoobles Hairdoobles Cat Plush",
        "url": "https://www.walmart.com/ip/Spin-Master-Zoobles-Hairdoobles-Cat-Plush/170700271",
        "price": "$16.40",
        "stars": 0,
        "ratings": 0,
        "img": "",
        "tags": [
            [
                "Toys for 6 year old girls",
                "/browse/toys/toys-for-6-year-old-girls/4171_3318550_617941_1397063"
            ],
            [
                "Toys for 7 year old girls",
                "/browse/toys/toys-for-7-year-old-girls/4171_3318550_617941_2727421"
            ],
            [
                "Toys for age  5-7  girls",
                "/browse/toys/toys-for-age-5-7-girls/4171_3318550_617941_3180067"
            ],
            [
                "Little Live Pets",
                "/browse/toys/little-live-pets/4171_4187_7790702_3693047"
            ],
            [
                "Electronic Pets",
                "/browse/toys/electronic-pets/4171_4187_4209464"
            ],
            [
                "Playsets",
                "/browse/toys/playsets/4171_4187_4668261_5230467"
            ],
            [
                "Gifts for 5 year old girls",
                "/browse/toys/gifts-for-5-year-old-girls/4171_3318550_617941_6728851"
            ],
            [
                "Toys for 5 year old girls",
                "/browse/toys/toys-for-5-year-old-girls/4171_3318550_617941_8185860"
            ]
        ]
    },
    {
        "title": "Classic Blackjack 21 Electronic Handheld Game Electronic Games",
        "url": "https://www.walmart.com/ip/Classic-Blackjack-21-Electronic-Handheld-Game-Electronic-Games/52322543",
        "price": "$14.66",
        "stars": 0,
        "ratings": 0,
        "img": "",
        "tags": [
            [
                "Shop Toys by Price",
                "/browse/shop-toys-by-price/4171_1263324"
            ],
            [
                "Classic Games",
                "/browse/toys/classic-games/4171_4191_2084995"
            ],
            [
                "Family Games",
                "/browse/toys/family-games/4171_4191_2335373_2204878"
            ],
            [
                "Little Live Pets",
                "/browse/toys/little-live-pets/4171_4187_7790702_3693047"
            ],
            [
                "Electronic Pets",
                "/browse/toys/electronic-pets/4171_4187_4209464"
            ],
            [
                "All Board Games",
                "/browse/toys/all-board-games/4171_4191_133123_4497274"
            ],
            [
                "Simon Game",
                "/browse/toys/simon-game/4171_2065565_4859463"
            ]
        ]
    },
    {
        "title": "Fishing Game Fish Board Rotating with Music Fine Motor Skill Training Gift",
        "url": "https://www.walmart.com/ip/Fishing-Game-Fish-Board-Rotating-with-Music-Fine-Motor-Skill-Training-Gift/710334797",
        "price": "$14.95",
        "stars": 0,
        "ratings": 0,
        "img": "",
        "tags": [
            [
                "Classic Games",
                "/browse/toys/classic-games/4171_4191_2084995"
            ],
            [
                "Family Games",
                "/browse/toys/family-games/4171_4191_2335373_2204878"
            ],
            [
                "All Board Games",
                "/browse/toys/all-board-games/4171_4191_133123_4497274"
            ],
            [
                "Toys for Kids 2 to 4 Years",
                "/browse/toys/toys-for-kids-2-to-4-years/4171_3318550_7016108_4703344"
            ],
            [
                "Fashion Dolls",
                "/browse/toys/fashion-dolls/4171_4187_8051423_7344622"
            ],
            [
                "All Barbie Dolls",
                "/browse/toys/all-barbie-dolls/4171_4187_1953337_8898526_7849876"
            ],
            [
                "Toys for Kids 5 to 7 Years",
                "/browse/toys/toys-for-kids-5-to-7-years/4171_3318550_617941_8920388"
            ]
        ]
    },
    {
        "title": "Yosoo Swimming Camera,Kids Waterproof High Definition Underwater Swimming Digital Camera Camcorder Kids Camera",
        "url": "https://www.walmart.com/ip/Yosoo-Swimming-Camera-Kids-Waterproof-High-Definition-Underwater-Swimming-Digital-Camera-Camcorder-Kids-Camera/259181591",
        "price": "$46.79",
        "stars": 0,
        "ratings": 0,
        "img": "i5.walmartimages.com/asr/11b87fdd-e018-4312-9c57-ea4eb8f45cd4_1.ce3a1a3a52c861289c00944886754aed.jpeg?odnWidth=612&odnHeight=612&odnBg=ffffff",
        "tags": [
            [
                "Electronic Toys",
                "/browse/toys/electronic-toys/4171_1096069_1105959_1096123"
            ],
            [
                "Bilingual Toys",
                "/browse/toys/bilingual-toys/4171_56125_1229855"
            ],
            [
                "VTech Toys",
                "/browse/toys/vtech-toys/4171_3438149_3348821"
            ],
            [
                "Pretend Play Toys for Boys",
                "/browse/toys/pretend-play-toys-for-boys/4171_4173_3613401"
            ],
            [
                "12+ Years",
                "/browse/toys/12-years/4171_2724815_4436782"
            ],
            [
                "Tablets with Parental Control",
                "/browse/toys/tablets-with-parental-control/4171_56125_1095151_8465247"
            ],
            [
                "All Tablets for Kids",
                "/browse/toys/all-tablets-for-kids/4171_56125_1095151_9620487"
            ]
        ]
    },
    {
        "title": "Akoyovwerve Plush Puppy Dog Walking Barking Electronic Interactive Pet Toy For Children Boy Girls",
        "url": "https://www.walmart.com/ip/Akoyovwerve-Plush-Puppy-Dog-Walking-Barking-Electronic-Interactive-Pet-Toy-For-Children-Boy-Girls/598710150",
        "price": "$25.38",
        "stars": 0,
        "ratings": 0,
        "img": "i5.walmartimages.com/asr/0ebe22fa-1ed9-47aa-a35a-ccb30fed5987.62ffadc17743af68a4430899ae93da97.jpeg?odnWidth=612&odnHeight=612&odnBg=ffffff",
        "tags": []
    },
    {
        "title": "DIY Smart RC Robot Infrared Robot Toy Gifts for Kids Boys",
        "url": "https://www.walmart.com/ip/DIY-Smart-RC-Robot-Infrared-Robot-Toy-Gifts-for-Kids-Boys/352504304",
        "price": "$48.89",
        "stars": 0,
        "ratings": 0,
        "img": "i5.walmartimages.com/asr/7f800aea-db91-44ae-8a3a-d5ce6499b0f9.d5c49bcdea588e260b4fdc4af09d3757.jpeg?odnWidth=612&odnHeight=612&odnBg=ffffff",
        "tags": [
            [
                "Family Games",
                "/browse/toys/family-games/4171_4191_2335373_2204878"
            ],
            [
                "All Hoverboards",
                "/browse/toys/all-hoverboards/4171_133073_6774653_3545894_2310222"
            ],
            [
                "All Board Games",
                "/browse/toys/all-board-games/4171_4191_133123_4497274"
            ],
            [
                "Nerf Elite",
                "/browse/toys/nerf-elite/4171_14521_936979_6929634_7879959_5342667"
            ],
            [
                "Toys for Kids 12 Years & Up",
                "/browse/toys/toys-for-kids-12-years-up/4171_3318550_1077724_6922509"
            ],
            [
                "Hot Wheels",
                "/browse/toys/hot-wheels/4171_3438149_8420675"
            ]
        ]
    },
    {
        "title": "Interactive Robotic Cat Toys,Automatic Irregular USB Charging 360 Degree Self Rotating Ball,Automatic Feathers/Birds/Mouse Toys for Cats/Kitten,Build-in Spinning Led Light",
        "url": "https://www.walmart.com/ip/Interactive-Robotic-Cat-Toys-Automatic-Irregular-USB-Charging-360-Degree-Self-Rotating-Ball-Automatic-Feathers-Birds-Mouse-Toys-Cats-Kitten-Build-in-/636050023",
        "price": "$24.99",
        "stars": "5.0",
        "ratings": "1 ",
        "img": "",
        "tags": []
    }
]