[
    {
        "title": "Vandoren Bb Clarinet Traditional Reeds Strength #3; Box of 10",
        "url": "https://www.walmart.com/ip/Vandoren-Bb-Clarinet-Traditional-Reeds-Strength-3-Box-of-10/24667596",
        "price": "$24.98",
        "stars": "5.0",
        "ratings": "5 ",
        "img": "i5.walmartimages.com/asr/bba97aef-b85b-47c5-bb09-de8a6fdf11e6_1.7220f6b63620a945c376583446c1a858.jpeg?odnWidth=612&odnHeight=612&odnBg=ffffff",
        "tags": [
            [
                "Bells & Chimes",
                "/browse/musical-instruments/bells-chimes/7796869_7773339_1141075_1141076"
            ],
            [
                "Clarinets",
                "/browse/musical-instruments/clarinets/7796869_3983498_9087652_2101356"
            ],
            [
                "Woodwind Instrument Reeds",
                "/browse/musical-instruments/woodwind-instrument-reeds/7796869_6171829_3641090_2667222"
            ],
            [
                "All Musical Instrument Accessories",
                "/browse/musical-instruments/all-musical-instrument-accessories/7796869_6171829_3297174"
            ],
            [
                "Keyboard Cases",
                "/browse/musical-instruments/keyboard-cases/7796869_6171829_4291841_3381780"
            ],
            [
                "D'Addario",
                "/browse/musical-instruments/daddario/7796869_3861023_5277933"
            ],
            [
                "Hand Percussion Bells & Chimes",
                "/browse/musical-instruments/hand-percussion-bells-chimes/7796869_7773339_6162621"
            ],
            [
                "Keyboard Covers",
                "/browse/musical-instruments/keyboard-covers/7796869_6171829_4291841_7544377"
            ]
        ]
    },
    {
        "title": "10 Holes C Key Harmonica Mouth Organ Blues Musical Instrument Gift for Beginner Professionals Blues Harmonica 10 Holes Harmonica",
        "url": "https://www.walmart.com/ip/10-Holes-C-Key-Harmonica-Mouth-Organ-Blues-Musical-Instrument-Gift-for-Beginner-Professionals-Blues-Harmonica-10-Holes-Harmonica/809239181",
        "price": "$13.26",
        "stars": "4.9",
        "ratings": "7 ",
        "img": "i5.walmartimages.com/asr/bdea0fa4-b4f3-4b5e-92f2-6a4456102d83_1.1b46258a3b10d1fabc27253a6d645b20.jpeg?odnWidth=612&odnHeight=612&odnBg=ffffff",
        "tags": [
            [
                "Sawtooth",
                "/browse/musical-instruments/sawtooth/7796869_3861023_5034780_1436331"
            ],
            [
                "Woodwind Instruments Musical Classroom",
                "/browse/musical-instruments/woodwind-instruments-musical-classroom/7796869_1097895_2151646"
            ],
            [
                "Hohner",
                "/browse/musical-instruments/hohner/7796869_3983498_2570492_4007950"
            ],
            [
                "Harmonicas",
                "/browse/musical-instruments/harmonicas/7796869_1097866_5504191"
            ],
            [
                "Lee Oskar",
                "/browse/musical-instruments/lee-oskar/7796869_3861023_7440061"
            ],
            [
                "Classroom Musical Instruments",
                "/browse/musical-instruments/classroom-musical-instruments/7796869_1097895_9031018"
            ],
            [
                "Sawtooth Harmonicas",
                "/browse/musical-instruments/sawtooth-harmonicas/7796869_3861023_5034780_9055805"
            ],
            [
                "Harmoniums",
                "/browse/musical-instruments/harmoniums/7796869_3983498_6348515_9938206"
            ]
        ]
    },
    {
        "title": "Various Sizes and Team Colors Cowbell with Stick Grip Handle Bell for Cheering at Sporting & Wedding Events - Cow Bell by Stewart Trading",
        "url": "https://www.walmart.com/ip/Various-Sizes-and-Team-Colors-Cowbell-with-Stick-Grip-Handle-Bell-for-Cheering-at-Sporting-amp-Wedding-Events-Cow-Bell-by-Stewart-Trading/476252726",
        "price": "$9.97",
        "stars": "5.0",
        "ratings": "3 ",
        "img": "i5.walmartimages.com/asr/c54ebff0-f5cf-4cc4-a738-c6c61e70ec11_1.04672a08cbc8fab58585e34632eb4add.jpeg?odnWidth=612&odnHeight=612&odnBg=ffffff",
        "tags": [
            [
                "All Drums & Percussion",
                "/browse/musical-instruments/all-drums-percussion/7796869_7773339_106986"
            ],
            [
                "Megaphones",
                "/browse/megaphones/7796869_1133473"
            ],
            [
                "Bells & Chimes",
                "/browse/musical-instruments/bells-chimes/7796869_7773339_1141075_1141076"
            ],
            [
                "Latin Percussion",
                "/browse/musical-instruments/latin-percussion/7796869_3861023_2327614"
            ],
            [
                "Hand Percussion Bells & Chimes",
                "/browse/musical-instruments/hand-percussion-bells-chimes/7796869_7773339_6162621"
            ],
            [
                "Sound Percussion Labs",
                "/browse/musical-instruments/sound-percussion-labs/7796869_3861023_6750147"
            ],
            [
                "Percussion Instruments Musical Classroom",
                "/browse/musical-instruments/percussion-instruments-musical-classroom/7796869_1097895_7087786"
            ],
            [
                "Classroom Musical Instruments",
                "/browse/musical-instruments/classroom-musical-instruments/7796869_1097895_9031018"
            ]
        ]
    },
    {
        "title": "Flute Cleaning Kit Set with Cleaning Cloth Stick Screwdriver Gloves",
        "url": "https://www.walmart.com/ip/Flute-Cleaning-Kit-Set-with-Cleaning-Cloth-Stick-Screwdriver-Gloves/361479508",
        "price": "$8.99",
        "stars": 0,
        "ratings": 0,
        "img": "i5.walmartimages.com/asr/df45a530-5de7-4bd2-80aa-0647a394c56e_1.818c561b96d4b3af7305565506175279.jpeg?odnWidth=612&odnHeight=612&odnBg=ffffff",
        "tags": []
    },
    {
        "title": "Proline PL48 Conductor/Orchestra Sheet Music Stand Black",
        "url": "https://www.walmart.com/ip/Proline-PL48-Conductor-Orchestra-Sheet-Music-Stand-Black/24093902",
        "price": "$39.99",
        "stars": "4.4",
        "ratings": "8 ",
        "img": "i5.walmartimages.com/asr/d156f61c-bb16-44be-a79f-0bf456297349.23320fa1096200e255f44d36b1c90697.jpeg?odnWidth=612&odnHeight=612&odnBg=ffffff",
        "tags": [
            [
                "Guitar Accessories",
                "/browse/musical-instruments/guitar-accessories/7796869_6171829_6548527_1074445"
            ],
            [
                "Bells & Chimes",
                "/browse/musical-instruments/bells-chimes/7796869_7773339_1141075_1141076"
            ],
            [
                "Sheet Music Stands",
                "/browse/musical-instruments/sheet-music-stands/7796869_6171829_8289180_2461226"
            ],
            [
                "All Musical Instrument Accessories",
                "/browse/musical-instruments/all-musical-instrument-accessories/7796869_6171829_3297174"
            ],
            [
                "Hand Percussion Bells & Chimes",
                "/browse/musical-instruments/hand-percussion-bells-chimes/7796869_7773339_6162621"
            ],
            [
                "Sound Percussion Labs",
                "/browse/musical-instruments/sound-percussion-labs/7796869_3861023_6750147"
            ],
            [
                "Percussion Instruments Musical Classroom",
                "/browse/musical-instruments/percussion-instruments-musical-classroom/7796869_1097895_7087786"
            ],
            [
                "Guitar Effects Pedals",
                "/browse/musical-instruments/guitar-effects-pedals/7796869_6171829_6548527_7131273"
            ]
        ]
    },
    {
        "title": "Yamaha YDP103R Digital Piano with Bench Rosewood",
        "url": "https://www.walmart.com/ip/Yamaha-YDP103R-Digital-Piano-with-Bench-Rosewood/640929013",
        "price": "$899.99",
        "stars": "5.0",
        "ratings": "3 ",
        "img": "i5.walmartimages.com/asr/9d66c810-047c-4be3-80ca-8afb4ab5563b_3.175d9113d7b30f44407634da13c7a314.jpeg?odnWidth=612&odnHeight=612&odnBg=ffffff",
        "tags": [
            [
                "Digital Pianos",
                "/browse/musical-instruments/digital-pianos/7796869_1128453_2503204_2219244"
            ],
            [
                "Casio Digital Pianos",
                "/browse/musical-instruments/casio-digital-pianos/7796869_1128453_9194762_6101489_3854124"
            ],
            [
                "Keyboards Musical Classroom",
                "/browse/musical-instruments/keyboards-musical-classroom/7796869_1097895_5698620"
            ],
            [
                "88-Key Digital Pianos",
                "/browse/musical-instruments/88-key-digital-pianos/7796869_1128453_3376388_3292586_6698753"
            ],
            [
                "Electronic Keyboards with Stand",
                "/browse/musical-instruments/electronic-keyboards-with-stand/7796869_1128453_1074444_6970540"
            ]
        ]
    },
    {
        "title": "USB Cable Cord for Blue Microphone Snowball iCE Condenser",
        "url": "https://www.walmart.com/ip/USB-Cable-Cord-for-Blue-Microphone-Snowball-iCE-Condenser/824182820",
        "price": "$7.99",
        "stars": "5.0",
        "ratings": "1 ",
        "img": "i5.walmartimages.com/asr/ebcc9a4c-b884-480b-9d39-4a7675e25c57_1.ec8e10bf8318bd8863cf792ed14c375a.jpeg?odnWidth=612&odnHeight=612&odnBg=ffffff",
        "tags": [
            [
                "DJ Equipment Cables",
                "/browse/musical-instruments/dj-equipment-cables/7796869_1097690_1097691"
            ],
            [
                "Dynamic Microphones",
                "/browse/musical-instruments/dynamic-microphones/7796869_3348689_133194_3930897"
            ],
            [
                "Podcasting Bundles",
                "/browse/musical-instruments/podcasting-bundles/7796869_3348689_133194_6485637"
            ],
            [
                "Karaoke Machine Accessories",
                "/browse/musical-instruments/karaoke-machine-accessories/7796869_6745708_6264579_7488727"
            ],
            [
                "Blue Microphones",
                "/browse/musical-instruments/blue-microphones/7796869_3861023_7646960"
            ],
            [
                "Condenser Microphones",
                "/browse/musical-instruments/condenser-microphones/7796869_3348689_133194_8159030"
            ],
            [
                "Wireless Microphones",
                "/browse/musical-instruments/wireless-microphones/7796869_3348689_133194_8249540"
            ]
        ]
    },
    {
        "title": "Mic ADAPTER Convert a 4 pin Cobra / Uniden microphone to fit a 6 pin Ranger RCI radio - Workman C4PRCI6",
        "url": "https://www.walmart.com/ip/Mic-ADAPTER-Convert-a-4-pin-Cobra-Uniden-microphone-to-fit-a-6-pin-Ranger-RCI-radio-Workman-C4PRCI6/947276637",
        "price": "$6.99",
        "stars": 0,
        "ratings": 0,
        "img": "",
        "tags": [
            [
                "All Karaoke Machines",
                "/browse/musical-instruments/all-karaoke-machines/7796869_6745708_106984"
            ],
            [
                "Adult Karaoke Machines",
                "/browse/musical-instruments/adult-karaoke-machines/7796869_6745708_8759860_2743039"
            ],
            [
                "Dynamic Microphones",
                "/browse/musical-instruments/dynamic-microphones/7796869_3348689_133194_3930897"
            ],
            [
                "Podcasting Bundles",
                "/browse/musical-instruments/podcasting-bundles/7796869_3348689_133194_6485637"
            ],
            [
                "Karaoke Machine Accessories",
                "/browse/musical-instruments/karaoke-machine-accessories/7796869_6745708_6264579_7488727"
            ],
            [
                "Condenser Microphones",
                "/browse/musical-instruments/condenser-microphones/7796869_3348689_133194_8159030"
            ],
            [
                "Wireless Microphones",
                "/browse/musical-instruments/wireless-microphones/7796869_3348689_133194_8249540"
            ]
        ]
    },
    {
        "title": "Acoustic Guitar Pin Saddle And Nut String Pin Black",
        "url": "https://www.walmart.com/ip/Acoustic-Guitar-Pin-Saddle-And-Nut-String-Pin-Black/945024677",
        "price": "$6.71",
        "stars": "5.0",
        "ratings": "1 ",
        "img": "i5.walmartimages.com/asr/f5780e68-4194-48df-8799-f74d3d3745e7_1.eda2ae4d909fb8229f5e827e2ff1f26d.jpeg?odnWidth=612&odnHeight=612&odnBg=ffffff",
        "tags": [
            [
                "Musical Instrument Covers",
                "/browse/musical-instruments/musical-instrument-covers/7796869_6171829_5531649_1565288"
            ],
            [
                "Acoustic Guitar Strings",
                "/browse/musical-instruments/acoustic-guitar-strings/7796869_6171829_6548527_1819793_2056913"
            ],
            [
                "D'Addario",
                "/browse/musical-instruments/daddario/7796869_3861023_5277933"
            ],
            [
                "Ernie Ball",
                "/browse/musical-instruments/ernie-ball/7796869_3861023_5708336"
            ],
            [
                "Instrument Strings",
                "/browse/musical-instruments/instrument-strings/7796869_6171829_2128409_9702093"
            ]
        ]
    },
    {
        "title": "Zeny 38\" Natural Acoustic Guitar for Starters Beginners With Guitar Bag, Strap,Strings,Pitch Pipe and Pic",
        "url": "https://www.walmart.com/ip/Zeny-38-Natural-Acoustic-Guitar-for-Starters-Beginners-With-Guitar-Bag-Strap-Strings-Pitch-Pipe-and-Pic/466815431",
        "price": "$42.99",
        "stars": "4.3",
        "ratings": "3 ",
        "img": "i5.walmartimages.com/asr/35c63d50-d54d-430f-8927-f3aae5a4088a_1.32ae951fa2ba6c746c68a6963d1aa565.jpeg?odnWidth=612&odnHeight=612&odnBg=ffffff",
        "tags": [
            [
                "Guitar Accessories",
                "/browse/musical-instruments/guitar-accessories/7796869_6171829_6548527_1074445"
            ],
            [
                "Guitar Value Packs",
                "/browse/musical-instruments/guitar-value-packs/7796869_1097870_1398895"
            ],
            [
                "Kids Acoustic Guitars",
                "/browse/musical-instruments/kids-acoustic-guitars/7796869_6789055_4839538_7416933_2047866"
            ],
            [
                "String Instruments Musical Classroom",
                "/browse/musical-instruments/string-instruments-musical-classroom/7796869_1097895_5381069"
            ],
            [
                "Acoustic Electric Guitars",
                "/browse/musical-instruments/acoustic-electric-guitars/7796869_1097870_7246374"
            ],
            [
                "Beginner Acoustic Guitars",
                "/browse/musical-instruments/beginner-acoustic-guitars/7796869_6789055_6387230_8078877_8665177"
            ],
            [
                "Kids Guitars",
                "/browse/musical-instruments/kids-guitars/7796869_1097870_9293077"
            ],
            [
                "Kids Classical Guitars",
                "/browse/musical-instruments/kids-classical-guitars/7796869_6789055_4839538_7416933_9826703"
            ]
        ]
    }
]