[
    {
        "title": "Trolls World Tour Dance Off Plush Set, 5 pieces, Ages 3 +",
        "url": "https://www.walmart.com/ip/Trolls-World-Tour-Dance-Off-Plush-Set-5-pieces-Ages-3/411046074",
        "price": "$25.00",
        "stars": "5.0",
        "ratings": "1 ",
        "img": "i5.walmartimages.com/asr/3a32664a-e86b-437f-8e2b-435acdaddf24.2f1147b817ef184a85b34f46d071ed05.jpeg?odnWidth=612&odnHeight=612&odnBg=ffffff",
        "tags": [
            [
                "All Stuffed Animals & Plush",
                "/browse/toys/all-stuffed-animals-plush/4171_2724815_132874"
            ],
            [
                "VTech Toys",
                "/browse/toys/vtech-toys/4171_3438149_3348821"
            ],
            [
                "8 to 11 Years",
                "/browse/toys/8-to-11-years/4171_2724815_3925001"
            ],
            [
                "Stuffed Animals for Girls",
                "/browse/toys/stuffed-animals-for-girls/4171_2724815_3975865"
            ],
            [
                "Easter Stuffed Animals",
                "/browse/toys/easter-stuffed-animals/4171_2724815_5731898"
            ],
            [
                "Unicorn Stuffed Animals",
                "/browse/toys/unicorn-stuffed-animals/4171_2724815_7233122"
            ],
            [
                "5 to 7 Years",
                "/browse/toys/5-to-7-years/4171_2724815_9191313"
            ],
            [
                "Stuffed Animals for Boys",
                "/browse/toys/stuffed-animals-for-boys/4171_2724815_9211121"
            ]
        ]
    },
    {
        "title": "Barbie Club Chelsea Dress-Up Doll in Cat Costume, 6-Inch with Red Hair",
        "url": "https://www.walmart.com/ip/Barbie-Club-Chelsea-Dress-Up-Doll-in-Cat-Costume-6-Inch-with-Red-Hair/722480482",
        "price": "$9.94",
        "stars": "4.5",
        "ratings": "22 ",
        "img": "i5.walmartimages.com/asr/d51d80ce-6d1c-456a-ad9f-524c36979d94_1.27909db23f0d94529201ee73a6afe662.jpeg?odnWidth=612&odnHeight=612&odnBg=ffffff",
        "tags": [
            [
                "Barbie Careers",
                "/browse/toys/barbie-careers/4171_4187_1953337_8898526_1290769"
            ],
            [
                "Barbie Chelsea",
                "/browse/toys/barbie-chelsea/4171_4187_1953337_8898526_2251214"
            ],
            [
                "Barbie Dreamtopia",
                "/browse/toys/barbie-dreamtopia/4171_4187_1953337_8898526_6507620"
            ],
            [
                "Barbie Sisters, Friends, & Pets",
                "/browse/toys/barbie-sisters-friends-pets/4171_4187_1953337_8898526_6830678"
            ],
            [
                "Fashion Dolls",
                "/browse/toys/fashion-dolls/4171_4187_8051423_7344622"
            ],
            [
                "All Barbie Dolls",
                "/browse/toys/all-barbie-dolls/4171_4187_1953337_8898526_7849876"
            ],
            [
                "Barbie Doll Playsets",
                "/browse/toys/barbie-doll-playsets/4171_4187_1953337_8371277"
            ],
            [
                "All Barbie",
                "/browse/toys/all-barbie/4171_4187_1953337_8661247"
            ]
        ]
    },
    {
        "title": "Disney Frozen 2 Princess Elsa Dress Up Wig",
        "url": "https://www.walmart.com/ip/Disney-Frozen-2-Princess-Elsa-Dress-Up-Wig/328388024",
        "price": "$19.88",
        "stars": "2.8",
        "ratings": "9 ",
        "img": "",
        "tags": [
            [
                "All Halloween Costumes",
                "/browse/party-occasions/all-halloween-costumes/2637_615760_1088766_1098426"
            ],
            [
                "Halloween Wigs",
                "/browse/party-occasions/halloween-wigs/2637_615760_1087251_1107154"
            ],
            [
                "Frozen Anna Costumes",
                "/browse/party-occasions/frozen-anna-costumes/2637_615760_1088766_2327096_6137721_7544830_1429073"
            ],
            [
                "All Girl's Halloween Costumes",
                "/browse/party-occasions/all-girls-halloween-costumes/2637_615760_1088766_1054039_8826733_3505896"
            ],
            [
                "Frozen Elsa Costumes",
                "/browse/party-occasions/frozen-elsa-costumes/2637_615760_1088766_2327096_6137721_7544830_6004098"
            ],
            [
                "Kids' Halloween Costumes",
                "/browse/party-occasions/kids-halloween-costumes/2637_615760_1088766_1054039_615761"
            ]
        ]
    },
    {
        "title": "Disney Princess Royal Shimmer Ariel with Sparkly Skirt, Tiara, Shoes",
        "url": "https://www.walmart.com/ip/Disney-Princess-Royal-Shimmer-Ariel-with-Sparkly-Skirt-Tiara-Shoes/309402399",
        "price": "$17.96",
        "stars": "4.7",
        "ratings": "26 ",
        "img": "i5.walmartimages.com/asr/efaa9e29-9447-4ecd-b5ad-8d4095a4cea0_1.aeb10b6ab315397000c071a03b8b3e22.jpeg?odnWidth=612&odnHeight=612&odnBg=ffffff",
        "tags": [
            [
                "Princess Ariel Dolls",
                "/browse/toys/princess-ariel-dolls/4171_4187_1594146"
            ],
            [
                "All Disney Toys",
                "/browse/toys/all-disney-toys/4171_6909449_1773797"
            ],
            [
                "Frozen Dolls & Dollhouses",
                "/browse/toys/frozen-dolls-dollhouses/4171_7357538_6091150_1817573"
            ],
            [
                "Frozen Dolls",
                "/browse/toys/frozen-dolls/4171_4187_8051423_2062169"
            ],
            [
                "Princess Rapunzel Dolls",
                "/browse/toys/princess-rapunzel-dolls/4171_4187_4294022"
            ],
            [
                "Disney Princess Dolls",
                "/browse/toys/disney-princess-dolls/4171_4187_8051423_4656670"
            ],
            [
                "Princess Cinderella Dolls",
                "/browse/toys/princess-cinderella-dolls/4171_4187_5860852"
            ],
            [
                "Princess Belle Dolls",
                "/browse/toys/princess-belle-dolls/4171_4187_6013679"
            ]
        ]
    },
    {
        "title": "Fisher-Price Stack & Roll Cups",
        "url": "https://www.walmart.com/ip/Fisher-Price-Stack-Roll-Cups/17247655",
        "price": "$7.88",
        "stars": "4.2",
        "ratings": "59 ",
        "img": "i5.walmartimages.com/asr/a8e622b1-25a9-4030-af35-73164a555deb_1.0f09538f74820ff6d82a2a92a8729b95.jpeg?odnWidth=612&odnHeight=612&odnBg=ffffff",
        "tags": [
            [
                "Kids Instruments",
                "/browse/toys/kids-instruments/4171_4173_1143273"
            ],
            [
                "Learning Playsets",
                "/browse/toys/learning-playsets/4171_56125_1228921"
            ],
            [
                "Science & Education",
                "/browse/toys/science-education/4171_56125_164140"
            ],
            [
                "VTech Toys",
                "/browse/toys/vtech-toys/4171_3438149_3348821"
            ],
            [
                "Melissa & Doug Toys",
                "/browse/toys/melissa-doug-toys/4171_3438149_5908879"
            ],
            [
                "Math Toys for Kids",
                "/browse/toys/math-toys-for-kids/4171_1229858_6906869"
            ],
            [
                "Fisher Price Pretend Play",
                "/browse/toys/fisher-price-pretend-play/4171_4173_7354985"
            ],
            [
                "Toys for Babies 12 to 24 months",
                "/browse/toys/toys-for-babies-12-to-24-months/4171_3318550_8469931_9192531"
            ]
        ]
    },
    {
        "title": "LeapFrog, Mr. Pencil's ABC Backpack, Preschool Learning Toy, Phonics Toy",
        "url": "https://www.walmart.com/ip/LeapFrog-Mr-Pencil-s-ABC-Backpack-Preschool-Learning-Toy-Phonics-Toy/474697942",
        "price": "$29.99",
        "stars": "4.7",
        "ratings": "54 ",
        "img": "i5.walmartimages.com/asr/aafa6b3e-01d2-4c61-8324-a722c35bd191_1.7cd40d67492c71b157b3266d29af52e1.jpeg?odnWidth=612&odnHeight=612&odnBg=ffffff",
        "tags": [
            [
                "Bilingual Toys",
                "/browse/toys/bilingual-toys/4171_56125_1229855"
            ],
            [
                "Leapfrog",
                "/browse/toys/leapfrog/4171_56125_1498437"
            ],
            [
                "Science & Education",
                "/browse/toys/science-education/4171_56125_164140"
            ],
            [
                "VTech Toys",
                "/browse/toys/vtech-toys/4171_3438149_3348821"
            ],
            [
                "Toys for Kids 2 to 4 Years",
                "/browse/toys/toys-for-kids-2-to-4-years/4171_3318550_7016108_4703344"
            ],
            [
                "Learning Books",
                "/browse/toys/learning-books/4171_56125_645819"
            ],
            [
                "LeapFrog Learning Toys",
                "/browse/toys/leapfrog-learning-toys/4171_56125_6855455"
            ],
            [
                "Math Toys for Kids",
                "/browse/toys/math-toys-for-kids/4171_1229858_6906869"
            ]
        ]
    },
    {
        "title": "VTech, KidiZoom Smartwatch DX2, Smart Watch for Kids, Learning Watch",
        "url": "https://www.walmart.com/ip/VTech-KidiZoom-Smartwatch-DX2-Smart-Watch-for-Kids-Learning-Watch/886088731",
        "price": "$59.00",
        "stars": "4.5",
        "ratings": "106 ",
        "img": "i5.walmartimages.com/asr/8b43b95e-c00e-4ede-9dab-c875917a89a9_1.6acfbc1444db84c02eae54f1baed3796.jpeg?odnWidth=612&odnHeight=612&odnBg=ffffff",
        "tags": []
    },
    {
        "title": "Hover-1 Helix Refurbished UL Certified Electric Hoverboard w/ 6.5in in LED Wheels, LED Sensor Lights, Bluetooth Speaker; Lithium-ion 10 Cell battery; Boys and Girls 8+ and Less than 160 lbs - Black",
        "url": "https://www.walmart.com/ip/Hover-1-Helix-Refurbished-UL-Certified-Electric-Hoverboard-w-6-5in-LED-Wheels-Sensor-Lights-Bluetooth-Speaker-Lithium-ion-10-Cell-battery-Boys-Girls-/575540262",
        "price": "$79.99",
        "stars": "4.8",
        "ratings": "4 ",
        "img": "i5.walmartimages.com/asr/c9d3f707-9ec3-4a19-bbcd-ea5e67ae87ab_1.a04e2c0468ddf317961e60e4ef6e82df.jpeg?odnWidth=612&odnHeight=612&odnBg=ffffff",
        "tags": [
            [
                "Schwinn",
                "/browse/shop-by-brand/schwinn/3734780_5678070_2009475"
            ],
            [
                "Yamaha",
                "/browse/shop-by-brand/yamaha/3734780_5678070_5206875"
            ],
            [
                "All LOL Surprise",
                "/browse/shop-by-brand/all-lol-surprise/3734780_9746323_6649815"
            ],
            [
                "Best Choice Products",
                "/browse/shop-by-brand/best-choice-products/3734780_9703589_7551458"
            ],
            [
                "Nerf",
                "/browse/shop-by-brand/nerf/3734780_9703589_8659032"
            ],
            [
                "Huffy",
                "/browse/shop-by-brand/huffy/3734780_5678070_8844619"
            ],
            [
                "Bissell",
                "/browse/shop-by-brand/bissell/3734780_8307801_8956639"
            ],
            [
                "Xtremepowerus",
                "/browse/shop-by-brand/xtremepowerus/3734780_5678070_9444171"
            ]
        ]
    },
    {
        "title": "Ryan's World Super Surprise Safe",
        "url": "https://www.walmart.com/ip/Ryan-s-World-Super-Surprise-Safe/516664173",
        "price": "$39.82",
        "stars": "3.3",
        "ratings": "536 ",
        "img": "i5.walmartimages.com/asr/ce818882-a315-41cb-94c4-7030e3ec4d62_3.f5b7b035bfa9b451cd7cef9bd1316c37.jpeg?odnWidth=612&odnHeight=612&odnBg=ffffff",
        "tags": [
            [
                "Kid Influencer Toys",
                "/browse/toys/kid-influencer-toys/4171_5178010_4158962"
            ],
            [
                "Collectible Novelty",
                "/browse/toys/collectible-novelty/4171_5178010_4322621"
            ],
            [
                "Only at Walmart Toys",
                "/browse/toys/only-at-walmart-toys/4171_6331649_4497497"
            ],
            [
                "Toys for Kids 2 to 4 Years",
                "/browse/toys/toys-for-kids-2-to-4-years/4171_3318550_7016108_4703344"
            ],
            [
                "Ryan's World",
                "/browse/toys/ryans-world/4171_4172_1574302_7636877"
            ],
            [
                "Kids Catalog L.O.L. Surprise!",
                "/browse/toys/kids-catalog-lol-surprise/4171_1554984_7775877"
            ],
            [
                "Toys for Kids 5 to 7 Years",
                "/browse/toys/toys-for-kids-5-to-7-years/4171_3318550_617941_8920388"
            ]
        ]
    },
    {
        "title": "Disney Frozen 2 Elsa Fashion Doll and Nokk Figure Playset",
        "url": "https://www.walmart.com/ip/Disney-Frozen-2-Elsa-Fashion-Doll-and-Nokk-Figure-Playset/755198516",
        "price": "$21.21",
        "stars": "4.8",
        "ratings": "56 ",
        "img": "i5.walmartimages.com/asr/84607be7-3ff7-4e2a-bf09-dac3e2485953_1.a34ffe364ee6ba09e7ac4163641d0b45.jpeg?odnWidth=612&odnHeight=612&odnBg=ffffff",
        "tags": [
            [
                "All Disney Toys",
                "/browse/toys/all-disney-toys/4171_6909449_1773797"
            ],
            [
                "Frozen Dolls & Dollhouses",
                "/browse/toys/frozen-dolls-dollhouses/4171_7357538_6091150_1817573"
            ],
            [
                "Frozen Dolls",
                "/browse/toys/frozen-dolls/4171_4187_8051423_2062169"
            ],
            [
                "Disney Frozen Plush Toys",
                "/browse/toys/disney-frozen-plush-toys/4171_2724815_2924243"
            ],
            [
                "Frozen Costume",
                "/browse/toys/frozen-costume/4171_4173_7421020_5095241_3353930"
            ],
            [
                "All Frozen Toys",
                "/browse/toys/all-frozen-toys/4171_7357538_6091150_4557348"
            ],
            [
                "Disney Princess Dolls",
                "/browse/toys/disney-princess-dolls/4171_4187_8051423_4656670"
            ],
            [
                "Fashion Dolls",
                "/browse/toys/fashion-dolls/4171_4187_8051423_7344622"
            ]
        ]
    }
]