[
    {
        "title": "Hatchimals CollEGGtibles, Mermal Magic 2 Pack + Nest with Season 5 Hatchimals, for Kids Aged 5 and Up (Styles May Vary)",
        "url": "https://www.walmart.com/ip/Hatchimals-CollEGGtibles-Mermal-Magic-2-Pack-Nest-with-Season-5-Hatchimals-for-Kids-Aged-5-and-Up-Styles-May-Vary/385060766",
        "price": "$5.99",
        "stars": "5.0",
        "ratings": "1 ",
        "img": "i5.walmartimages.com/asr/83d7352c-a6f8-4de0-b93e-7f2621c4f556_1.e78c1a692e118bbdf19c5400390e85e5.jpeg?odnWidth=612&odnHeight=612&odnBg=ffffff",
        "tags": [
            [
                "Electronic Toys",
                "/browse/toys/electronic-toys/4171_1096069_1105959_1096123"
            ],
            [
                "Robots & Electronic Pets",
                "/browse/toys/robots-electronic-pets/4171_1096069_1105959_1105996"
            ],
            [
                "Collectible Dolls",
                "/browse/toys/collectible-dolls/4171_4187_6904958_132911"
            ],
            [
                "Dollhouses & Play Sets",
                "/browse/toys/dollhouses-play-sets/4171_4187_133126"
            ],
            [
                "Electronic Pets",
                "/browse/toys/electronic-pets/4171_4187_4209464"
            ],
            [
                "Playsets",
                "/browse/toys/playsets/4171_4187_4668261_5230467"
            ],
            [
                "Doll Playsets",
                "/browse/toys/doll-playsets/4171_4187_4668261_6451073"
            ],
            [
                "Hatchimals",
                "/browse/toys/hatchimals/4171_3438149_8277039"
            ]
        ]
    },
    {
        "title": "Pacman Tamagotchi Nano - Black",
        "url": "https://www.walmart.com/ip/Pacman-Tamagotchi-Nano-Black/532779228",
        "price": "$16.45",
        "stars": "5.0",
        "ratings": "1 ",
        "img": "",
        "tags": [
            [
                "Electronic Toys",
                "/browse/toys/electronic-toys/4171_1096069_1105959_1096123"
            ],
            [
                "Collectible Dolls",
                "/browse/toys/collectible-dolls/4171_4187_6904958_132911"
            ],
            [
                "Fingerlings",
                "/browse/toys/fingerlings/4171_4187_1741575"
            ],
            [
                "Robotic Toys",
                "/browse/toys/robotic-toys/4171_1096069_1105959_2211540"
            ],
            [
                "Little Live Pets",
                "/browse/toys/little-live-pets/4171_4187_7790702_3693047"
            ],
            [
                "Electronic Pets",
                "/browse/toys/electronic-pets/4171_4187_4209464"
            ],
            [
                "Robot Toys",
                "/browse/toys/robot-toys/4171_1229858_8116584"
            ],
            [
                "Tamagotchi",
                "/browse/toys/tamagotchi/4171_8039111_9266128"
            ]
        ]
    },
    {
        "title": "Lil' Gleemerz Amiglow Furry Friend, Light Up Interactive Talking Toy",
        "url": "https://www.walmart.com/ip/Lil-Gleemerz-Amiglow-Furry-Friend-Light-Up-Interactive-Talking-Toy/751655703",
        "price": "$15.99",
        "stars": "4.6",
        "ratings": "65 ",
        "img": "",
        "tags": [
            [
                "Electronic Toys",
                "/browse/toys/electronic-toys/4171_1096069_1105959_1096123"
            ],
            [
                "Fingerlings",
                "/browse/toys/fingerlings/4171_4187_1741575"
            ],
            [
                "Pomsies",
                "/browse/toys/pomsies/4171_4187_1802942"
            ],
            [
                "Little Live Pets",
                "/browse/toys/little-live-pets/4171_4187_7790702_3693047"
            ],
            [
                "Electronic Pets",
                "/browse/toys/electronic-pets/4171_4187_4209464"
            ],
            [
                "Furreal Friends",
                "/browse/toys/furreal-friends/4171_4187_5776542"
            ],
            [
                "Zoomer",
                "/browse/toys/zoomer/4171_4187_6227775"
            ],
            [
                "Hatchimals",
                "/browse/toys/hatchimals/4171_3438149_8277039"
            ]
        ]
    },
    {
        "title": "VanTop Junior K3 1080P Kids Camera Underwater Digital Kids Action Camera ,Sports Camera Camcorder for Boys/Girls, 32GB SD Card (Pink)",
        "url": "https://www.walmart.com/ip/VanTop-Junior-K3-1080P-Kids-Camera-Underwater-Digital-Kids-Action-Camera-Sports-Camera-Camcorder-for-Boys-Girls-32GB-SD-Card-Pink/714987017",
        "price": "$39.99",
        "stars": "3.7",
        "ratings": "3 ",
        "img": "",
        "tags": [
            [
                "Electronic Toys",
                "/browse/toys/electronic-toys/4171_1096069_1105959_1096123"
            ],
            [
                "Bilingual Toys",
                "/browse/toys/bilingual-toys/4171_56125_1229855"
            ],
            [
                "VTech Toys",
                "/browse/toys/vtech-toys/4171_3438149_3348821"
            ],
            [
                "Pretend Play Toys for Boys",
                "/browse/toys/pretend-play-toys-for-boys/4171_4173_3613401"
            ],
            [
                "12+ Years",
                "/browse/toys/12-years/4171_2724815_4436782"
            ],
            [
                "Tablets with Parental Control",
                "/browse/toys/tablets-with-parental-control/4171_56125_1095151_8465247"
            ],
            [
                "All Tablets for Kids",
                "/browse/toys/all-tablets-for-kids/4171_56125_1095151_9620487"
            ]
        ]
    },
    {
        "title": "LeapFrog RockIt Twist Dinosaur Discoveries and Banzai Beans Showdown Packs",
        "url": "https://www.walmart.com/ip/LeapFrog-RockIt-Twist-Dinosaur-Discoveries-and-Banzai-Beans-Showdown-Packs/459943897",
        "price": "$7.34",
        "stars": "4.9",
        "ratings": "16 ",
        "img": "i5.walmartimages.com/asr/253f63fe-0617-4870-bb64-cdead924ef3a_3.4b02990b924c7bccdf60bb9bd6de6e1e.jpeg?odnWidth=612&odnHeight=612&odnBg=ffffff",
        "tags": [
            [
                "Leapfrog",
                "/browse/toys/leapfrog/4171_56125_1498437"
            ],
            [
                "Family Games",
                "/browse/toys/family-games/4171_4191_2335373_2204878"
            ],
            [
                "Little Live Pets",
                "/browse/toys/little-live-pets/4171_4187_7790702_3693047"
            ],
            [
                "LeapBuilders",
                "/browse/toys/leapbuilders/4171_4186_133013_4357061"
            ],
            [
                "All Board Games",
                "/browse/toys/all-board-games/4171_4191_133123_4497274"
            ],
            [
                "Simon Game",
                "/browse/toys/simon-game/4171_2065565_4859463"
            ],
            [
                "LeapFrog Learning Toys",
                "/browse/toys/leapfrog-learning-toys/4171_56125_6855455"
            ]
        ]
    },
    {
        "title": "Pomsies Pet Speckles- Plush Interactive Toy",
        "url": "https://www.walmart.com/ip/Pomsies-Pet-Speckles-Plush-Interactive-Toy/916994694",
        "price": "$22.49",
        "stars": "4.5",
        "ratings": "35 ",
        "img": "i5.walmartimages.com/asr/0a463087-db6a-41ae-800a-c0e029a30bf0_1.1332240cff73d6a5830c7a5fa9fe2612.jpeg?odnWidth=612&odnHeight=612&odnBg=ffffff",
        "tags": [
            [
                "Robots & Electronic Pets",
                "/browse/toys/robots-electronic-pets/4171_1096069_1105959_1105996"
            ],
            [
                "All Stuffed Animals & Plush",
                "/browse/toys/all-stuffed-animals-plush/4171_2724815_132874"
            ],
            [
                "Collectible Dolls",
                "/browse/toys/collectible-dolls/4171_4187_6904958_132911"
            ],
            [
                "Fingerlings",
                "/browse/toys/fingerlings/4171_4187_1741575"
            ],
            [
                "Pomsies",
                "/browse/toys/pomsies/4171_4187_1802942"
            ],
            [
                "Little Live Pets",
                "/browse/toys/little-live-pets/4171_4187_7790702_3693047"
            ],
            [
                "8 to 11 Years",
                "/browse/toys/8-to-11-years/4171_2724815_3925001"
            ],
            [
                "Zoomer",
                "/browse/toys/zoomer/4171_4187_6227775"
            ]
        ]
    },
    {
        "title": "VTech Mylas Sparkling Friends Piper the Dragon Kids Toy",
        "url": "https://www.walmart.com/ip/VTech-Mylas-Sparkling-Friends-Piper-the-Dragon-Kids-Toy/298568810",
        "price": "$14.88",
        "stars": 0,
        "ratings": 0,
        "img": "i5.walmartimages.com/asr/74395289-4fb1-4d41-844c-7594e6ad356d.3f38ee1d131ca55f14cae677dd05376e.jpeg?odnWidth=612&odnHeight=612&odnBg=ffffff",
        "tags": []
    },
    {
        "title": "Munchkinz, Interactive Pet, Eating, Pig",
        "url": "https://www.walmart.com/ip/Munchkinz-Interactive-Pet-Eating-Pig/979514935",
        "price": "$21.99",
        "stars": "3.9",
        "ratings": "7 ",
        "img": "i5.walmartimages.com/asr/28e9c629-ccf3-4c2b-af27-bbf106c51937_1.19484dc8f08c1018d1a3a4c1dcd94162.png?odnWidth=612&odnHeight=612&odnBg=ffffff",
        "tags": [
            [
                "Father's Day Electronics",
                "/browse/seasonal/fathers-day-electronics/1085632_1094344_2365074"
            ],
            [
                "Connected Dorm Room",
                "/browse/seasonal/connected-dorm-room/1085632_8174172_6292484_2548864"
            ],
            [
                "Shop All Glass",
                "/browse/seasonal/shop-all-glass/1085632_1071204_4976191"
            ],
            [
                "Mother's Day Electronics Gifts",
                "/browse/seasonal/mothers-day-electronics-gifts/1085632_1093554_5742102"
            ],
            [
                "Audio",
                "/browse/seasonal/audio/1085632_8174172_6292484_5759323"
            ],
            [
                "Tax Free Shop All",
                "/browse/tax-free-shop-all/1085632_6767877"
            ],
            [
                "Electronics Gifts for Grads",
                "/browse/seasonal/electronics-gifts-for-grads/1085632_1105121_7594959"
            ],
            [
                "Back to School Home Audio Visual",
                "/browse/seasonal/back-to-school-home-audio-visual/1085632_1071204_7767149_8665149"
            ]
        ]
    },
    {
        "title": "VanTop Junior K5 Kids Camera, 1080P HD Mini Video Camera for Children w/ 32GB Memory Card, 8MP Selfie Len, 2inch IPS Screen, Card Reader, Carrying Bag, Cartoon Sticker, Lanyard, Pink",
        "url": "https://www.walmart.com/ip/VanTop-Junior-K5-Kids-Camera-1080P-HD-Mini-Video-Camera-Children-w-32GB-Memory-Card-8MP-Selfie-Len-2inch-IPS-Screen-Card-Reader-Carrying-Bag-Cartoon-/520579015",
        "price": "$28.99",
        "stars": "4.8",
        "ratings": "12 ",
        "img": "i5.walmartimages.com/asr/f90b213f-a9b1-4cd7-88af-97dba9285014_1.cc73762c34587af4fc9035abf4801210.jpeg?odnWidth=612&odnHeight=612&odnBg=ffffff",
        "tags": [
            [
                "Electronic Toys",
                "/browse/toys/electronic-toys/4171_1096069_1105959_1096123"
            ],
            [
                "Bilingual Toys",
                "/browse/toys/bilingual-toys/4171_56125_1229855"
            ],
            [
                "VTech Toys",
                "/browse/toys/vtech-toys/4171_3438149_3348821"
            ],
            [
                "Pretend Play Toys for Boys",
                "/browse/toys/pretend-play-toys-for-boys/4171_4173_3613401"
            ],
            [
                "12+ Years",
                "/browse/toys/12-years/4171_2724815_4436782"
            ],
            [
                "Tablets with Parental Control",
                "/browse/toys/tablets-with-parental-control/4171_56125_1095151_8465247"
            ],
            [
                "All Tablets for Kids",
                "/browse/toys/all-tablets-for-kids/4171_56125_1095151_9620487"
            ]
        ]
    },
    {
        "title": "LNKOO Digital Camera for Kids, 1080P FHD Kids Digital Video Camera with 2 Inch IPS Screen and 16GB SD Card Toddler Video Recorder for 3-12 Years Boys Girls Christmas Birthday Gift",
        "url": "https://www.walmart.com/ip/LNKOO-Digital-Camera-Kids-1080P-FHD-Kids-Video-2-Inch-IPS-Screen-16GB-SD-Card-Toddler-Recorder-3-12-Years-Boys-Girls-Christmas-Birthday-Gift/572667690",
        "price": "$19.89",
        "stars": "2.0",
        "ratings": "4 ",
        "img": "i5.walmartimages.com/asr/9a470886-63ef-4d67-8cca-c6b9816dc1de_1.35447fd081b938340348b85f3a5d4930.jpeg?odnWidth=612&odnHeight=612&odnBg=ffffff",
        "tags": [
            [
                "Electronic Toys",
                "/browse/toys/electronic-toys/4171_1096069_1105959_1096123"
            ],
            [
                "Bilingual Toys",
                "/browse/toys/bilingual-toys/4171_56125_1229855"
            ],
            [
                "VTech Toys",
                "/browse/toys/vtech-toys/4171_3438149_3348821"
            ],
            [
                "Pretend Play Toys for Boys",
                "/browse/toys/pretend-play-toys-for-boys/4171_4173_3613401"
            ],
            [
                "12+ Years",
                "/browse/toys/12-years/4171_2724815_4436782"
            ],
            [
                "Tablets with Parental Control",
                "/browse/toys/tablets-with-parental-control/4171_56125_1095151_8465247"
            ],
            [
                "All Tablets for Kids",
                "/browse/toys/all-tablets-for-kids/4171_56125_1095151_9620487"
            ]
        ]
    }
]