[
    {
        "title": "The Beadery Wonder Loom Kit, Gift for Kids, Includes 600 Rubber Bands",
        "url": "https://www.walmart.com/ip/The-Beadery-Wonder-Loom-Kit-Gift-for-Kids-Includes-600-Rubber-Bands/30652494",
        "price": "$10.89",
        "stars": "4.3",
        "ratings": "296 ",
        "img": "i5.walmartimages.com/asr/19cf0b59-866e-4d85-968e-f4c555e2f68e_1.5e93c6e1602555cc92bcef573323000f.jpeg?odnWidth=612&odnHeight=612&odnBg=ffffff",
        "tags": [
            [
                "Costumes & Dress Up",
                "/browse/toys/costumes-dress-up/4171_4173_164142"
            ],
            [
                "Hair, Nail & Spa Toys",
                "/browse/toys/hair-nail-spa-toys/4171_645779_2990448"
            ],
            [
                "Cool Maker",
                "/browse/toys/cool-maker/4171_645779_3371021"
            ],
            [
                "Quilting & Sewing Kits",
                "/browse/toys/quilting-sewing-kits/4171_645779_6317337"
            ],
            [
                "Toys for Kids 5 to 7 Years",
                "/browse/toys/toys-for-kids-5-to-7-years/4171_3318550_617941_8920388"
            ],
            [
                "Knitting & Weaving Kits",
                "/browse/toys/knitting-weaving-kits/4171_645779_8985243"
            ],
            [
                "Children's Paint and Paint Supplies",
                "/browse/toys/childrens-paint-paint-supplies/4171_645779_9646901"
            ],
            [
                "All Kids Jewelry Making Kits",
                "/browse/toys/all-kids-jewelry-making-kits/4171_645779_9564789_9869340"
            ]
        ]
    },
    {
        "title": "(2 pack 8pcs) Slime 20132 Custom Series Black Anodized Valve Caps - 20132",
        "url": "https://www.walmart.com/ip/2-pack-8pcs-Slime-20132-Custom-Series-Black-Anodized-Valve-Caps-20132/967515530",
        "price": "$2.67",
        "stars": "4.3",
        "ratings": "4 ",
        "img": "",
        "tags": [
            [
                "Maintenance Chemicals",
                "/browse/auto-tires/maintenance-chemicals/91083_1841472_1637832"
            ],
            [
                "Adhesives & Sealants",
                "/browse/auto-tires/adhesives-sealants/91083_1841472_3694361"
            ],
            [
                "Tire Sealants",
                "/browse/auto-tires/tire-sealants/91083_1077064_5248945_3940076"
            ],
            [
                "Tire Repair on Advance Auto Parts Shop",
                "/browse/auto-tires/tire-repair-advance-auto-parts-shop/91083_2962826_8146745_4896744"
            ],
            [
                "Tire Changing Tools",
                "/browse/auto-tires/tire-changing-tools/91083_1074767_4582892_4202098_5025284"
            ],
            [
                "Tire Inflators",
                "/browse/auto-tires/tire-inflators/91083_1077064_5248945_6602552"
            ],
            [
                "Decorative Automotive Valve Stems and Caps",
                "/browse/auto-tires/decorative-automotive-valve-stems-caps/91083_1074784_4491859_8304576"
            ],
            [
                "Tire Repair Patching Tools and Kits",
                "/browse/auto-tires/tire-repair-patching-tools-kits/91083_1077064_5248945_9275985"
            ]
        ]
    },
    {
        "title": "Horizon Group Just My Style Bath Bomb Maker, 1 Each",
        "url": "https://www.walmart.com/ip/Horizon-Group-Just-My-Style-Bath-Bomb-Maker-1-Each/829725798",
        "price": "$10.00",
        "stars": "3.5",
        "ratings": "15 ",
        "img": "i5.walmartimages.com/asr/dbabd7a7-6325-4897-91c4-950f90308a8d_2.786f8643c4dbeec06a153d4e9e966971.jpeg?odnWidth=612&odnHeight=612&odnBg=ffffff",
        "tags": [
            [
                "Jojo Siwa Toys",
                "/browse/toys/jojo-siwa-toys/4171_7357538_2646145"
            ],
            [
                "Hair, Nail & Spa Toys",
                "/browse/toys/hair-nail-spa-toys/4171_645779_2990448"
            ],
            [
                "Cool Maker",
                "/browse/toys/cool-maker/4171_645779_3371021"
            ],
            [
                "Be Inspired Craft Kits",
                "/browse/toys/be-inspired-craft-kits/4171_3438149_1393249_3984835"
            ],
            [
                "DIY Slime Kits",
                "/browse/toys/diy-slime-kits/4171_645779_2165088_6010655"
            ],
            [
                "Toys for Kids 8 to 11 Years",
                "/browse/toys/toys-for-kids-8-to-11-years/4171_3318550_617942_8104028"
            ],
            [
                "Pre-Made Slime Shop",
                "/browse/toys/pre-made-slime-shop/4171_645779_2165088_9237203"
            ],
            [
                "All Kids Jewelry Making Kits",
                "/browse/toys/all-kids-jewelry-making-kits/4171_645779_9564789_9869340"
            ]
        ]
    },
    {
        "title": "Crayola 8 Count Write Start Extra Thick Colored Pencils",
        "url": "https://www.walmart.com/ip/Crayola-8-Count-Write-Start-Extra-Thick-Colored-Pencils/17300743",
        "price": "$3.99",
        "stars": "4.6",
        "ratings": "9 ",
        "img": "i5.walmartimages.com/asr/6a434b6f-594f-4283-a6a0-9959d8b009df_1.0f9a4ae452aa372fa6e7979295420542.jpeg?odnWidth=612&odnHeight=612&odnBg=ffffff",
        "tags": [
            [
                "Crayola Colored Pencils",
                "/browse/shop-by-brand/crayola-colored-pencils/3734780_9312923_5916865_7082544_2178954"
            ],
            [
                "Crayola Erasable Colored Pencils",
                "/browse/shop-by-brand/crayola-erasable-colored-pencils/3734780_9312923_5916865_7082544_3397242"
            ],
            [
                "Crayola Markers",
                "/browse/shop-by-brand/crayola-markers/3734780_9312923_5916865_7082544_4517923"
            ],
            [
                "Crayola Washable Markers",
                "/browse/shop-by-brand/crayola-washable-markers/3734780_9312923_5916865_7082544_4862434"
            ],
            [
                "Crayola Crayons",
                "/browse/shop-by-brand/crayola-crayons/3734780_9312923_5916865_7082544_6912116"
            ],
            [
                "Classic Crayola Colored Pencils",
                "/browse/shop-by-brand/classic-crayola-colored-pencils/3734780_9312923_5916865_7082544_8577352"
            ],
            [
                "Dixon Ticonderoga",
                "/browse/shop-by-brand/dixon-ticonderoga/3734780_1431586_9071968"
            ],
            [
                "Crayola Teens & Adult",
                "/browse/shop-by-brand/crayola-teens-adult/3734780_9312923_5916865_6856318_9265281"
            ]
        ]
    },
    {
        "title": "Sandtastik Play Sand, 25 Pound, Sparkling White",
        "url": "https://www.walmart.com/ip/Sandtastik-Play-Sand-25-Pound-Sparkling-White/46057382",
        "price": "$27.95",
        "stars": "4.5",
        "ratings": "38 ",
        "img": "",
        "tags": [
            [
                "All Sandboxes & Water Tables",
                "/browse/toys/all-sandboxes-water-tables/4171_14521_1999742_133062"
            ],
            [
                "Plastic Sandboxes",
                "/browse/toys/plastic-sandboxes/4171_14521_1999742_1495065"
            ],
            [
                "Sandboxes",
                "/browse/toys/sandboxes/4171_14521_1999742_2163881"
            ],
            [
                "Sand Toys",
                "/browse/toys/sand-toys/4171_14521_1999742_6241373"
            ],
            [
                "Wooden Sandboxes",
                "/browse/toys/wooden-sandboxes/4171_1554984_6914986"
            ],
            [
                "Water Tables",
                "/browse/toys/water-tables/4171_14521_1999742_6940452"
            ],
            [
                "Kinetic Sand",
                "/browse/toys/kinetic-sand/4171_645779_9285153_9528503"
            ],
            [
                "Play Sand",
                "/browse/toys/play-sand/4171_645779_9285153_9734670"
            ]
        ]
    },
    {
        "title": "Melissa & Doug Decorate-Your-Own Wooden Jewelry Box Craft Kit",
        "url": "https://www.walmart.com/ip/Melissa-Doug-Decorate-Your-Own-Wooden-Jewelry-Box-Craft-Kit/50382472",
        "price": "$9.99",
        "stars": "3.7",
        "ratings": "11 ",
        "img": "i5.walmartimages.com/asr/1dea2c76-3bc0-40e2-aad6-2eaa3f2525dd.1f719010e50893d3704831fa55b9a14f.jpeg?odnWidth=612&odnHeight=612&odnBg=ffffff",
        "tags": [
            [
                "Hair, Nail & Spa Toys",
                "/browse/toys/hair-nail-spa-toys/4171_645779_2990448"
            ],
            [
                "Cool Maker",
                "/browse/toys/cool-maker/4171_645779_3371021"
            ],
            [
                "Melissa & Doug Toys",
                "/browse/toys/melissa-doug-toys/4171_3438149_5908879"
            ],
            [
                "Drawing & Coloring",
                "/browse/toys/drawing-coloring/4171_645779_613041"
            ],
            [
                "Toys for Kids 8 to 11 Years",
                "/browse/toys/toys-for-kids-8-to-11-years/4171_3318550_617942_8104028"
            ],
            [
                "Toys for Kids 5 to 7 Years",
                "/browse/toys/toys-for-kids-5-to-7-years/4171_3318550_617941_8920388"
            ],
            [
                "Children's Paint and Paint Supplies",
                "/browse/toys/childrens-paint-paint-supplies/4171_645779_9646901"
            ],
            [
                "All Kids Jewelry Making Kits",
                "/browse/toys/all-kids-jewelry-making-kits/4171_645779_9564789_9869340"
            ]
        ]
    },
    {
        "title": "Cra-Z-Art Nickelodeon Slime Kit, Crunchy Slime",
        "url": "https://www.walmart.com/ip/Cra-Z-Art-Nickelodeon-Slime-Kit-Crunchy-Slime/817086857",
        "price": "$4.94",
        "stars": "4.1",
        "ratings": "7 ",
        "img": "i5.walmartimages.com/asr/a73e3f3e-6832-4d2f-8eea-3dc27dbf292c_1.4061fe16693d0230c69fe242902ceb6a.jpeg?odnWidth=612&odnHeight=612&odnBg=ffffff",
        "tags": [
            [
                "Glitter Slime",
                "/browse/toys/glitter-slime/4171_645779_2165088_3252168"
            ],
            [
                "Nickelodeon Slime",
                "/browse/toys/nickelodeon-slime/4171_645779_2165088_3447161"
            ],
            [
                "Clear Slime",
                "/browse/toys/clear-slime/4171_645779_2165088_4429474"
            ],
            [
                "SlimyGloop Slime",
                "/browse/toys/slimygloop-slime/4171_645779_2165088_4477093"
            ],
            [
                "Craft Kits",
                "/browse/toys/craft-kits/4171_645779_613040"
            ],
            [
                "Crunchy Slime",
                "/browse/toys/crunchy-slime/4171_645779_2165088_6570164"
            ],
            [
                "Unicorn Slime",
                "/browse/toys/unicorn-slime/4171_645779_2165088_8803674"
            ],
            [
                "Pre-Made Slime Shop",
                "/browse/toys/pre-made-slime-shop/4171_645779_2165088_9237203"
            ]
        ]
    },
    {
        "title": "FunzBo Arts and Crafts Supplies for Kids - Craft Art Supply Kit for Toddlers Age 4 5 6 7 8 9 - All in One D.I.Y. Crafting Collage Arts Set for Kids Large",
        "url": "https://www.walmart.com/ip/FunzBo-Arts-Crafts-Supplies-Kids-Craft-Art-Supply-Kit-Toddlers-Age-4-5-6-7-8-9-All-One-D-I-Y-Crafting-Collage-Set-Large/559377726",
        "price": "$24.09",
        "stars": "1.0",
        "ratings": "1 ",
        "img": "i5.walmartimages.com/asr/4b16db11-abac-4e0a-ae76-be8134d4c3e2.407c4bcaa2e5d31d00ac1746e358bff5.jpeg?odnWidth=612&odnHeight=612&odnBg=ffffff",
        "tags": [
            [
                "Family Games",
                "/browse/toys/family-games/4171_4191_2335373_2204878"
            ],
            [
                "Toys for Kids 2 to 4 Years",
                "/browse/toys/toys-for-kids-2-to-4-years/4171_3318550_7016108_4703344"
            ],
            [
                "Craft Kits",
                "/browse/toys/craft-kits/4171_645779_613040"
            ],
            [
                "Drawing & Coloring",
                "/browse/toys/drawing-coloring/4171_645779_613041"
            ],
            [
                "Toys for Kids 8 to 11 Years",
                "/browse/toys/toys-for-kids-8-to-11-years/4171_3318550_617942_8104028"
            ],
            [
                "Toys for Kids 5 to 7 Years",
                "/browse/toys/toys-for-kids-5-to-7-years/4171_3318550_617941_8920388"
            ],
            [
                "Children's Paint and Paint Supplies",
                "/browse/toys/childrens-paint-paint-supplies/4171_645779_9646901"
            ]
        ]
    },
    {
        "title": "Colorbok 12\" Glitter Glacier Paper Pad, 10 Piece",
        "url": "https://www.walmart.com/ip/Colorbok-12-Glitter-Glacier-Paper-Pad-10-Piece/24538936",
        "price": "$5.00",
        "stars": "3.1",
        "ratings": "8 ",
        "img": "i5.walmartimages.com/asr/cce8f051-14d9-441c-a267-89d1815f834e_5.19aab1de3462aa5155b80e6ceb045ecb.jpeg?odnWidth=612&odnHeight=612&odnBg=ffffff",
        "tags": [
            [
                "Kid Art Easels & Stations",
                "/browse/toys/kid-art-easels-stations/4171_645779_1103012"
            ],
            [
                "Craft Kits",
                "/browse/toys/craft-kits/4171_645779_613040"
            ],
            [
                "Play Dough",
                "/browse/toys/play-dough/4171_645779_9285153_613042"
            ],
            [
                "Magna Doodle",
                "/browse/toys/magna-doodle/4171_645779_6408170_6399778"
            ],
            [
                "Etch-A-Sketch",
                "/browse/toys/etch-a-sketch/4171_645779_6408170_8550674"
            ],
            [
                "Glue for Slime",
                "/browse/toys/glue-for-slime/4171_645779_2165088_2131853_8604968"
            ],
            [
                "Toys for Kids 5 to 7 Years",
                "/browse/toys/toys-for-kids-5-to-7-years/4171_3318550_617941_8920388"
            ],
            [
                "Children's Paint and Paint Supplies",
                "/browse/toys/childrens-paint-paint-supplies/4171_645779_9646901"
            ]
        ]
    },
    {
        "title": "Melissa & Doug Colors and Shapes Coloring and Sticker Activity Pad",
        "url": "https://www.walmart.com/ip/Melissa-Doug-Colors-and-Shapes-Coloring-and-Sticker-Activity-Pad/605634991",
        "price": "$4.99",
        "stars": "5.0",
        "ratings": "4 ",
        "img": "i5.walmartimages.com/asr/1674e9ab-17f2-4274-a02a-3949d3730d50_1.36fb3776a38cc36fcbfeb07ffff87975.jpeg?odnWidth=612&odnHeight=612&odnBg=ffffff",
        "tags": [
            [
                "Pogo Sticks, Hoppers & Hoops",
                "/browse/toys/pogo-sticks-hoppers-hoops/4171_14521_1100914"
            ],
            [
                "Kid Art Easels & Stations",
                "/browse/toys/kid-art-easels-stations/4171_645779_1103012"
            ],
            [
                "All Frozen Toys",
                "/browse/toys/all-frozen-toys/4171_7357538_6091150_4557348"
            ],
            [
                "Melissa & Doug Toys",
                "/browse/toys/melissa-doug-toys/4171_3438149_5908879"
            ],
            [
                "Craft Kits",
                "/browse/toys/craft-kits/4171_645779_613040"
            ],
            [
                "Magna Doodle",
                "/browse/toys/magna-doodle/4171_645779_6408170_6399778"
            ],
            [
                "Toys for Kids 12 Years & Up",
                "/browse/toys/toys-for-kids-12-years-up/4171_3318550_1077724_6922509"
            ],
            [
                "Children's Paint and Paint Supplies",
                "/browse/toys/childrens-paint-paint-supplies/4171_645779_9646901"
            ]
        ]
    },
    {
        "title": "Crayola Color Wonder Scented Light Up Stamper with Scented Inks, Ages 3+",
        "url": "https://www.walmart.com/ip/Crayola-Color-Wonder-Scented-Light-Up-Stamper-with-Scented-Inks-Ages-3/182138090",
        "price": "$14.88",
        "stars": "4.8",
        "ratings": "40 ",
        "img": "i5.walmartimages.com/asr/aaea12ef-e295-4ff3-8d39-b07ba481e5b5_3.96bc39b704c313867e3bf2a6a7ba95fe.jpeg?odnWidth=612&odnHeight=612&odnBg=ffffff",
        "tags": [
            [
                "Play-Doh",
                "/browse/toys/play-doh/4171_645779_9285153_2925360"
            ],
            [
                "Play-Doh Kitchen Creations",
                "/browse/toys/play-doh-kitchen-creations/4171_645779_9285153_3576437"
            ],
            [
                "Play-Doh Sets",
                "/browse/toys/play-doh-sets/4171_645779_9285153_5291460"
            ],
            [
                "Frozen Arts & Craft Kits",
                "/browse/toys/frozen-arts-craft-kits/4171_7357538_6091150_5875068"
            ],
            [
                "Drawing & Coloring",
                "/browse/toys/drawing-coloring/4171_645779_613041"
            ],
            [
                "Play Dough",
                "/browse/toys/play-dough/4171_645779_9285153_613042"
            ],
            [
                "Toys for Kids 5 to 7 Years",
                "/browse/toys/toys-for-kids-5-to-7-years/4171_3318550_617941_8920388"
            ],
            [
                "Children's Paint and Paint Supplies",
                "/browse/toys/childrens-paint-paint-supplies/4171_645779_9646901"
            ]
        ]
    }
]