[
    {
        "title": "Robo Alive Crawling Cockroach Battery-Powered Robotic Toy by ZURU",
        "url": "https://www.walmart.com/ip/Robo-Alive-Crawling-Cockroach-Battery-Powered-Robotic-Toy-by-ZURU/401446482",
        "price": "$4.97",
        "stars": "4.4",
        "ratings": "16 ",
        "img": "i5.walmartimages.com/asr/6f94109f-837f-45bc-b845-a63c219cf3b6_1.2f7969ba9a5dafac31bcc51c02c56ece.png?odnWidth=612&odnHeight=612&odnBg=ffffff",
        "tags": [
            [
                "Electronic Toys",
                "/browse/toys/electronic-toys/4171_1096069_1105959_1096123"
            ],
            [
                "Robotic Toys",
                "/browse/toys/robotic-toys/4171_1096069_1105959_2211540"
            ],
            [
                "Electronic Pets",
                "/browse/toys/electronic-pets/4171_4187_4209464"
            ],
            [
                "Dragon Toys",
                "/browse/toys/dragon-toys/4171_7357538_5461952"
            ],
            [
                "Toys for Kids 12 Years & Up",
                "/browse/toys/toys-for-kids-12-years-up/4171_3318550_1077724_6922509"
            ],
            [
                "Toddler Boy Toys",
                "/browse/toys/toddler-boy-toys/4171_3318550_8469931_7166821"
            ],
            [
                "Robot Toys",
                "/browse/toys/robot-toys/4171_1229858_8116584"
            ],
            [
                "Toys for age  2-4  boys",
                "/browse/toys/toys-for-age-2-4-boys/4171_3318550_7016108_8955316"
            ]
        ]
    },
    {
        "title": "Teach Tech Mech-5 | Programable Mechanical Robot Coding Kit | STEM Educational Toys for Kids Age 10+",
        "url": "https://www.walmart.com/ip/Teach-Tech-Mech-5-Programable-Mechanical-Robot-Coding-Kit-STEM-Educational-Toys-for-Kids-Age-10/772316444",
        "price": "$28.24",
        "stars": "4.5",
        "ratings": "2 ",
        "img": "i5.walmartimages.com/asr/f3ea2765-e2ef-4836-bf86-468bb58e241c_2.da6bf3a2bc14659f61adf9a2f34fc850.jpeg?odnWidth=612&odnHeight=612&odnBg=ffffff",
        "tags": [
            [
                "Electronic Toys",
                "/browse/toys/electronic-toys/4171_1096069_1105959_1096123"
            ],
            [
                "Robots & Electronic Pets",
                "/browse/toys/robots-electronic-pets/4171_1096069_1105959_1105996"
            ],
            [
                "Robotic Toys",
                "/browse/toys/robotic-toys/4171_1096069_1105959_2211540"
            ],
            [
                "Engineering Toys",
                "/browse/toys/engineering-toys/4171_1229858_2993451"
            ],
            [
                "Biology Toys for Kids",
                "/browse/toys/biology-toys-for-kids/4171_1229858_3016044"
            ],
            [
                "Technology Toys",
                "/browse/toys/technology-toys/4171_1229858_4779413"
            ],
            [
                "Robot Toys",
                "/browse/toys/robot-toys/4171_1229858_8116584"
            ],
            [
                "Physics Toys for Kids",
                "/browse/toys/physics-toys-for-kids/4171_1229858_9222350"
            ]
        ]
    },
    {
        "title": "Hatchimals, CollEGGtibles, 4 Pack + Bonus (Styles & Colors May Vary) by Spin Master",
        "url": "https://www.walmart.com/ip/Hatchimals-CollEGGtibles-4-Pack-Bonus-Styles-Colors-May-Vary-by-Spin-Master/536653542",
        "price": "$12.95",
        "stars": "4.6",
        "ratings": "45 ",
        "img": "i5.walmartimages.com/asr/021168ce-9497-4470-b9b8-bb5cbe5671d7_1.7f8791b91fd4f2021fb28c551197461c.jpeg?odnWidth=612&odnHeight=612&odnBg=ffffff",
        "tags": [
            [
                "Electronic Toys",
                "/browse/toys/electronic-toys/4171_1096069_1105959_1096123"
            ],
            [
                "Hatchimals Colleggtibles",
                "/browse/toys/hatchimals-colleggtibles/4171_3438149_7062438_4582552"
            ],
            [
                "LEGO Sets Ages 12+",
                "/browse/toys/lego-sets-ages-12/4171_4186_1105635_4836372"
            ],
            [
                "Doll Playsets",
                "/browse/toys/doll-playsets/4171_4187_4668261_6451073"
            ],
            [
                "LEGO City",
                "/browse/toys/lego-city/4171_4186_1105635_6519895"
            ],
            [
                "LEGO Creator",
                "/browse/toys/lego-creator/4171_4186_1105635_8107059"
            ],
            [
                "Hatchimals",
                "/browse/toys/hatchimals/4171_3438149_8277039"
            ],
            [
                "Building Toys Ages 12+",
                "/browse/toys/building-toys-ages-12/4171_4186_9012439"
            ]
        ]
    },
    {
        "title": "Kidz Delight Smithsonian Kids' Space Tablet",
        "url": "https://www.walmart.com/ip/Kidz-Delight-Smithsonian-Kids-Space-Tablet/28761183",
        "price": "$19.50",
        "stars": "4.5",
        "ratings": "16 ",
        "img": "i5.walmartimages.com/asr/472f50c5-f79c-4811-8f23-d390f166d798_1.4116b2176bc2fe67cfb0a87f8a1b7b74.jpeg?odnWidth=612&odnHeight=612&odnBg=ffffff",
        "tags": [
            [
                "Learning Accessories",
                "/browse/toys/learning-accessories/4171_56125_1095164"
            ],
            [
                "App Toys",
                "/browse/toys/app-toys/4171_1096069_1099195"
            ],
            [
                "Science & Education",
                "/browse/toys/science-education/4171_56125_164140"
            ],
            [
                "Biology Toys for Kids",
                "/browse/toys/biology-toys-for-kids/4171_1229858_3016044"
            ],
            [
                "Astronomy Toys for Kids",
                "/browse/toys/astronomy-toys-for-kids/4171_1229858_4194520"
            ],
            [
                "Math Toys for Kids",
                "/browse/toys/math-toys-for-kids/4171_1229858_6906869"
            ],
            [
                "All Tablets for Kids",
                "/browse/toys/all-tablets-for-kids/4171_56125_1095151_9620487"
            ]
        ]
    },
    {
        "title": "Naxa Portable CD/Cassette Boombox",
        "url": "https://www.walmart.com/ip/Naxa-Portable-CD-Cassette-Boombox/48197407",
        "price": "$35.71",
        "stars": "3.9",
        "ratings": "93 ",
        "img": "i5.walmartimages.com/asr/efdfffc1-6b59-4b61-81e9-9a8cf91e8b0b_1.23948eb5eb47b7cea25e6b7e0047749b.jpeg?odnWidth=612&odnHeight=612&odnBg=ffffff",
        "tags": [
            [
                "Portable Audio",
                "/browse/electronics/portable-audio/3944_96469_1037719"
            ],
            [
                "All Portable Speakers",
                "/browse/electronics/all-portable-speakers/3944_96469_133271_1072784"
            ],
            [
                "Stereo Shelf Systems",
                "/browse/electronics/stereo-shelf-systems/3944_77622_8375901_96890_430957"
            ],
            [
                "Radios",
                "/browse/electronics/radios/3944_96469_4533"
            ],
            [
                "CD Players",
                "/browse/electronics/cd-players/3944_96469_4534"
            ],
            [
                "onn. Audio",
                "/browse/electronics/onn-audio/3944_7838866_3004279_2376133_4993563"
            ],
            [
                "Portable Wireless & Bluetooth Speakers",
                "/browse/electronics/portable-wireless-bluetooth-speakers/3944_96469_615879"
            ],
            [
                "Sony",
                "/browse/electronics/sony/3944_4131277_7675262"
            ]
        ]
    },
    {
        "title": "Lil' Gleemerz Glowzer Furry Friend, Light Up Interactive Talking Toy",
        "url": "https://www.walmart.com/ip/Lil-Gleemerz-Glowzer-Furry-Friend-Light-Up-Interactive-Talking-Toy/824266125",
        "price": "$12.99",
        "stars": "4.7",
        "ratings": "50 ",
        "img": "",
        "tags": [
            [
                "Electronic Toys",
                "/browse/toys/electronic-toys/4171_1096069_1105959_1096123"
            ],
            [
                "Robots & Electronic Pets",
                "/browse/toys/robots-electronic-pets/4171_1096069_1105959_1105996"
            ],
            [
                "Fingerlings",
                "/browse/toys/fingerlings/4171_4187_1741575"
            ],
            [
                "Pomsies",
                "/browse/toys/pomsies/4171_4187_1802942"
            ],
            [
                "Little Live Pets",
                "/browse/toys/little-live-pets/4171_4187_7790702_3693047"
            ],
            [
                "Furreal Friends",
                "/browse/toys/furreal-friends/4171_4187_5776542"
            ],
            [
                "Zoomer",
                "/browse/toys/zoomer/4171_4187_6227775"
            ],
            [
                "Hatchimals",
                "/browse/toys/hatchimals/4171_3438149_8277039"
            ]
        ]
    },
    {
        "title": "Design & Drill\u00ae Robot",
        "url": "https://www.walmart.com/ip/Design-Drill-Robot/206819908",
        "price": "$11.51",
        "stars": "4.3",
        "ratings": "22 ",
        "img": "i5.walmartimages.com/asr/0ebc8b61-f767-48aa-9235-ca576cdd10f8.bfe2fa7c9bab109c74bc0eeea440b4dd.jpeg?odnWidth=612&odnHeight=612&odnBg=ffffff",
        "tags": [
            [
                "Tools & Workshops",
                "/browse/toys/tools-workshops/4171_4173_1077124"
            ],
            [
                "Electronic Toys",
                "/browse/toys/electronic-toys/4171_1096069_1105959_1096123"
            ],
            [
                "Robots & Electronic Pets",
                "/browse/toys/robots-electronic-pets/4171_1096069_1105959_1105996"
            ],
            [
                "Robotic Toys",
                "/browse/toys/robotic-toys/4171_1096069_1105959_2211540"
            ],
            [
                "Toddler Boy Toys",
                "/browse/toys/toddler-boy-toys/4171_3318550_8469931_7166821"
            ],
            [
                "Robot Toys",
                "/browse/toys/robot-toys/4171_1229858_8116584"
            ],
            [
                "Toys for age  2-4  boys",
                "/browse/toys/toys-for-age-2-4-boys/4171_3318550_7016108_8955316"
            ],
            [
                "Toy Tools",
                "/browse/toys/toy-tools/4171_4173_5725542_9509537"
            ]
        ]
    },
    {
        "title": "Simon Micro Series Game, Multi-Light Combo Feature, 1+ Players",
        "url": "https://www.walmart.com/ip/Simon-Micro-Series-Game-Multi-Light-Combo-Feature-1-Players/45598324",
        "price": "$9.97",
        "stars": "4.9",
        "ratings": "9 ",
        "img": "i5.walmartimages.com/asr/1784323d-79fe-4abd-bac1-c6bed405881e_1.3b8efa26b62afc96e26dd3f27f907aa9.jpeg?odnWidth=612&odnHeight=612&odnBg=ffffff",
        "tags": [
            [
                "Classic Games",
                "/browse/toys/classic-games/4171_4191_2084995"
            ],
            [
                "Family Games",
                "/browse/toys/family-games/4171_4191_2335373_2204878"
            ],
            [
                "Little Live Pets",
                "/browse/toys/little-live-pets/4171_4187_7790702_3693047"
            ],
            [
                "All Board Games",
                "/browse/toys/all-board-games/4171_4191_133123_4497274"
            ],
            [
                "Simon Game",
                "/browse/toys/simon-game/4171_2065565_4859463"
            ],
            [
                "All Toy Sports Equipment",
                "/browse/toys/all-toy-sports-equipment/4171_14521_1699076_6100690"
            ],
            [
                "Reborn Dolls",
                "/browse/toys/reborn-dolls/4171_4187_3415121_7055538"
            ]
        ]
    },
    {
        "title": "Hatchimals CollEGGtibles Season 2, 2 Pack Egg Carton, Citrus Coast by Spin Master",
        "url": "https://www.walmart.com/ip/Hatchimals-CollEGGtibles-Season-2-2-Pack-Egg-Carton-Citrus-Coast-by-Spin-Master/703998321",
        "price": "$8.99",
        "stars": "4.7",
        "ratings": "10 ",
        "img": "i5.walmartimages.com/asr/8ead6f43-bd2e-4923-afb9-780aff22d373_1.4f1d139769594899505b4563f372b678.jpeg?odnWidth=612&odnHeight=612&odnBg=ffffff",
        "tags": [
            [
                "Robots & Electronic Pets",
                "/browse/toys/robots-electronic-pets/4171_1096069_1105959_1105996"
            ],
            [
                "Electronic Pets",
                "/browse/toys/electronic-pets/4171_4187_4209464"
            ],
            [
                "Shopkins Dolls",
                "/browse/toys/shopkins-dolls/4171_4187_8051423_4390817"
            ],
            [
                "Hatchimals Colleggtibles",
                "/browse/toys/hatchimals-colleggtibles/4171_3438149_7062438_4582552"
            ],
            [
                "Playsets",
                "/browse/toys/playsets/4171_4187_4668261_5230467"
            ],
            [
                "LOL Surprise Dolls",
                "/browse/toys/lol-surprise-dolls/4171_4187_2618388_5940516"
            ],
            [
                "Doll Playsets",
                "/browse/toys/doll-playsets/4171_4187_4668261_6451073"
            ],
            [
                "Hatchimals",
                "/browse/toys/hatchimals/4171_3438149_8277039"
            ]
        ]
    },
    {
        "title": "Bop It! Game: Minion Stuart Edition",
        "url": "https://www.walmart.com/ip/Bop-It-Game-Minion-Stuart-Edition/192888720",
        "price": "$10.90",
        "stars": "4.9",
        "ratings": "23 ",
        "img": "i5.walmartimages.com/asr/229bbd0b-5669-48a5-bd93-d541a3529d9d_1.bbdce371c05047060ea353bd7a5ba95a.jpeg?odnWidth=612&odnHeight=612&odnBg=ffffff",
        "tags": [
            [
                "Bop It",
                "/browse/toys/bop-it/4171_8039111_1780534"
            ],
            [
                "Robotic Toys",
                "/browse/toys/robotic-toys/4171_1096069_1105959_2211540"
            ],
            [
                "Minions Action Figures",
                "/browse/toys/minions-action-figures/4171_7357538_6852963_4359907"
            ],
            [
                "Minions Stuffed Animals & Plush",
                "/browse/toys/minions-stuffed-animals-plush/4171_7357538_6852963_5103290"
            ],
            [
                "All Minions Toys",
                "/browse/toys/all-minions-toys/4171_7357538_6852963_7885213"
            ],
            [
                "Robot Toys",
                "/browse/toys/robot-toys/4171_1229858_8116584"
            ],
            [
                "Toys for 5 year old girls",
                "/browse/toys/toys-for-5-year-old-girls/4171_3318550_617941_8185860"
            ],
            [
                "Building Sets for Girls",
                "/browse/toys/building-sets-for-girls/4171_1228477_9283514"
            ]
        ]
    }
]