[
    {
        "title": "LEGO Friends Baking Competition 41393 Creative Building Toy for Girls (361 Pieces)",
        "url": "https://www.walmart.com/ip/LEGO-Friends-Baking-Competition-41393-Creative-Building-Toy-for-Girls-361-Pieces/278965666",
        "price": "$34.79",
        "stars": "5.0",
        "ratings": "15 ",
        "img": "i5.walmartimages.com/asr/578ee6ed-190c-4a42-9bed-3db4b333e166.b1c8877cb6b1afdc903c56bb5cbb7dd9.jpeg?odnWidth=612&odnHeight=612&odnBg=ffffff",
        "tags": [
            [
                "LEGO Friends",
                "/browse/toys/lego-friends/4171_4186_1105635_2517343"
            ],
            [
                "LEGO Easter Building Sets",
                "/browse/toys/lego-easter-building-sets/4171_4186_1105635_2668753"
            ],
            [
                "Building Toys Ages 5 to 7",
                "/browse/toys/building-toys-ages-5-to-7/4171_4186_3153072"
            ],
            [
                "LEGO Sets Ages 5 to 7",
                "/browse/toys/lego-sets-ages-5-to-7/4171_4186_1105635_3629987"
            ],
            [
                "LEGO Princess and  Dollhouses",
                "/browse/toys/lego-princess-dollhouses/4171_1554984_3915055"
            ],
            [
                "LEGO 4+ Building Sets",
                "/browse/toys/lego-4-building-sets/4171_4186_1105635_6203226"
            ],
            [
                "Building Toys Ages 8 to 11",
                "/browse/toys/building-toys-ages-8-to-11/4171_4186_6416592"
            ],
            [
                "LEGO Sets Ages 8 to 11",
                "/browse/toys/lego-sets-ages-8-to-11/4171_4186_1105635_6901070"
            ]
        ]
    },
    {
        "title": "Hover-1 Turbo Hoverboard, LED Infinity Wheels, LED Headlights, 220 Max Weight, 7 MPH",
        "url": "https://www.walmart.com/ip/Hover-1-Turbo-Hoverboard-LED-Infinity-Wheels-LED-Headlights-220-Max-Weight-7-MPH/392522750",
        "price": "$149.00",
        "stars": "5.0",
        "ratings": "1 ",
        "img": "i5.walmartimages.com/asr/0c4526b6-b1d4-4a5e-bc3d-cdfb8d6c7356_2.4425c008bfbea9ac9d49fde9c6a3aea0.jpeg?odnWidth=612&odnHeight=612&odnBg=ffffff",
        "tags": []
    },
    {
        "title": "My Life As World Traveler Play Set, 24 Pieces",
        "url": "https://www.walmart.com/ip/My-Life-As-World-Traveler-Play-Set-24-Pieces/875528521",
        "price": "$19.97",
        "stars": "5.0",
        "ratings": "4 ",
        "img": "i5.walmartimages.com/asr/7e8182c6-9681-4052-a510-8893e9e7acb7.2f65ba9ee3af1f5dbe70b69f2733c4c9.jpeg?odnWidth=612&odnHeight=612&odnBg=ffffff",
        "tags": []
    },
    {
        "title": "Play-Doh Kitchen Creations Candy Delight Playset, Includes Non-Toxic Colors",
        "url": "https://www.walmart.com/ip/Play-Doh-Kitchen-Creations-Candy-Delight-Playset-Includes-Non-Toxic-Colors/425519215",
        "price": "$24.97",
        "stars": "4.7",
        "ratings": "20 ",
        "img": "i5.walmartimages.com/asr/28de54f6-67a8-44a6-828c-a1b5b3f7f8f7.46e44f378e6c6cff7ca36f2b82dc2341.jpeg?odnWidth=612&odnHeight=612&odnBg=ffffff",
        "tags": [
            [
                "Play-Doh",
                "/browse/toys/play-doh/4171_645779_9285153_2925360"
            ],
            [
                "Play-Doh Sets",
                "/browse/toys/play-doh-sets/4171_645779_9285153_5291460"
            ],
            [
                "Play Dough",
                "/browse/toys/play-dough/4171_645779_9285153_613042"
            ],
            [
                "Play-Doh Licensed Sets",
                "/browse/toys/play-doh-licensed-sets/4171_645779_9285153_6910681"
            ],
            [
                "Play Food",
                "/browse/toys/play-food/4171_4173_3287807_133035_7695360"
            ],
            [
                "PAW Patrol Toys",
                "/browse/toys/paw-patrol-toys/4171_3438149_8288276"
            ],
            [
                "Play-Doh Compound",
                "/browse/toys/play-doh-compound/4171_645779_9285153_9262776"
            ]
        ]
    },
    {
        "title": "Barbie Club Chelsea Doll and Horse",
        "url": "https://www.walmart.com/ip/Barbie-Club-Chelsea-Doll-and-Horse/460759294",
        "price": "$14.88",
        "stars": "4.6",
        "ratings": "10 ",
        "img": "i5.walmartimages.com/asr/56d93b58-68fd-4aba-ba84-34d9767af9ac_1.155be7f2c7bda7041e85fb6249b099e4.jpeg?odnWidth=612&odnHeight=612&odnBg=ffffff",
        "tags": [
            [
                "Barbie Careers",
                "/browse/toys/barbie-careers/4171_4187_1953337_8898526_1290769"
            ],
            [
                "Barbie Dreamtopia",
                "/browse/toys/barbie-dreamtopia/4171_4187_1953337_8898526_6507620"
            ],
            [
                "Barbie Sisters, Friends, & Pets",
                "/browse/toys/barbie-sisters-friends-pets/4171_4187_1953337_8898526_6830678"
            ],
            [
                "Barbie Dollhouses & Vehicles",
                "/browse/toys/barbie-dollhouses-vehicles/4171_4187_1953337_7832421"
            ],
            [
                "All Barbie Dolls",
                "/browse/toys/all-barbie-dolls/4171_4187_1953337_8898526_7849876"
            ],
            [
                "Barbie Doll Playsets",
                "/browse/toys/barbie-doll-playsets/4171_4187_1953337_8371277"
            ],
            [
                "Barbie Walmart Exclusives",
                "/browse/toys/barbie-walmart-exclusives/4171_4187_1953337_8898526_8391567"
            ],
            [
                "All Barbie",
                "/browse/toys/all-barbie/4171_4187_1953337_8661247"
            ]
        ]
    },
    {
        "title": "Little People 1-2-3 Babies Playdate Musical Playset with 3 Multi-color Baby Figures",
        "url": "https://www.walmart.com/ip/Little-People-1-2-3-Babies-Playdate-Musical-Playset-with-3-Multi-color-Baby-Figures/977893964",
        "price": "$33.99",
        "stars": "4.9",
        "ratings": "26 ",
        "img": "i5.walmartimages.com/asr/5605034e-afbe-4b0b-80c3-ddbca8b75286.81ef7605c3fded04e8c7d32d3eab19f3.jpeg?odnWidth=612&odnHeight=612&odnBg=ffffff",
        "tags": [
            [
                "Ages 0-12 months",
                "/browse/baby/ages-0-12-months/5427_491351_1081264"
            ],
            [
                "Ages 12-24 months",
                "/browse/baby/ages-12-24-months/5427_491351_1081284"
            ],
            [
                "Fisher Price Linkimals",
                "/browse/baby/fisher-price-linkimals/5427_491351_1785186"
            ],
            [
                "Baby Toys",
                "/browse/baby/baby-toys/5427_491351_3021491"
            ],
            [
                "Fisher Price Baby Toys",
                "/browse/baby/fisher-price-baby-toys/5427_491351_3913250"
            ],
            [
                "Fisher Price Electronic Baby Toys",
                "/browse/baby/fisher-price-electronic-baby-toys/5427_491351_6845286"
            ],
            [
                "Baby and Toddler Playsets",
                "/browse/baby/baby-toddler-playsets/5427_491351_8466232"
            ],
            [
                "Fisher Price Toddler",
                "/browse/fisher-price-toddler/5427_8667173"
            ]
        ]
    },
    {
        "title": "Barbie Farm-Themed Fashion Pack, 9 Pieces For Barbie Doll",
        "url": "https://www.walmart.com/ip/Barbie-Farm-Themed-Fashion-Pack-9-Pieces-For-Barbie-Doll/701895283",
        "price": "$14.88",
        "stars": "4.0",
        "ratings": "22 ",
        "img": "i5.walmartimages.com/asr/8e2f0d4c-c463-4644-b901-f3e42187c1f1_1.05fcdb81f95f427f38f32cc547bb0a88.jpeg?odnWidth=612&odnHeight=612&odnBg=ffffff",
        "tags": [
            [
                "Barbie Careers",
                "/browse/toys/barbie-careers/4171_4187_1953337_8898526_1290769"
            ],
            [
                "Doll Clothing and Fashion Accessories",
                "/browse/toys/doll-clothing-fashion-accessories/4171_4187_4966840_2636876"
            ],
            [
                "Barbie Sisters, Friends, & Pets",
                "/browse/toys/barbie-sisters-friends-pets/4171_4187_1953337_8898526_6830678"
            ],
            [
                "All Barbie Dolls",
                "/browse/toys/all-barbie-dolls/4171_4187_1953337_8898526_7849876"
            ],
            [
                "Barbie Doll Playsets",
                "/browse/toys/barbie-doll-playsets/4171_4187_1953337_8371277"
            ],
            [
                "Barbie Walmart Exclusives",
                "/browse/toys/barbie-walmart-exclusives/4171_4187_1953337_8898526_8391567"
            ],
            [
                "All Barbie",
                "/browse/toys/all-barbie/4171_4187_1953337_8661247"
            ],
            [
                "Barbie Doll Clothing & Accessories",
                "/browse/toys/barbie-doll-clothing-accessories/4171_4187_1953337_9762069"
            ]
        ]
    },
    {
        "title": "JoJo Siwa Styling Head",
        "url": "https://www.walmart.com/ip/JoJo-Siwa-Styling-Head/392195980",
        "price": "$18.30",
        "stars": "4.2",
        "ratings": "68 ",
        "img": "i5.walmartimages.com/asr/4932efad-d2cb-4770-bec7-efbc6d3a2a7f_1.a44cc835f96994ef1c037f228cf32884.jpeg?odnWidth=612&odnHeight=612&odnBg=ffffff",
        "tags": [
            [
                "Jojo Siwa Toys",
                "/browse/toys/jojo-siwa-toys/4171_7357538_2646145"
            ],
            [
                "Hair, Nail & Spa Toys",
                "/browse/toys/hair-nail-spa-toys/4171_645779_2990448"
            ],
            [
                "Cool Maker",
                "/browse/toys/cool-maker/4171_645779_3371021"
            ],
            [
                "Disney Princess Dolls",
                "/browse/toys/disney-princess-dolls/4171_4187_8051423_4656670"
            ],
            [
                "Hairdorables Dolls",
                "/browse/toys/hairdorables-dolls/4171_4187_8051423_5159518"
            ],
            [
                "Kids Musical Instruments",
                "/browse/toys/kids-musical-instruments/4171_4173_3426779_7166990"
            ],
            [
                "Fashion Dolls",
                "/browse/toys/fashion-dolls/4171_4187_8051423_7344622"
            ],
            [
                "All Barbie",
                "/browse/toys/all-barbie/4171_4187_1953337_8661247"
            ]
        ]
    },
    {
        "title": "Little Live Scruff-a-Luvs Surprise Rescue, Reveal and Heal with Plush Pets (Style May Vary)",
        "url": "https://www.walmart.com/ip/Little-Live-Scruff-a-Luvs-Surprise-Rescue-Reveal-and-Heal-with-Plush-Pets-Style-May-Vary/339122657",
        "price": "$4.97",
        "stars": "3.3",
        "ratings": "7 ",
        "img": "i5.walmartimages.com/asr/3cb25538-3c7f-4eee-81a6-ffe2c3fc64dc.f63e9c8d3d99a4d5b53cf31bd58ec8d7.jpeg?odnWidth=612&odnHeight=612&odnBg=ffffff",
        "tags": [
            [
                "All Stuffed Animals & Plush",
                "/browse/toys/all-stuffed-animals-plush/4171_2724815_132874"
            ],
            [
                "2 to 4 Years",
                "/browse/toys/2-to-4-years/4171_2724815_2170514"
            ],
            [
                "Little Live Pets",
                "/browse/toys/little-live-pets/4171_4187_7790702_3693047"
            ],
            [
                "8 to 11 Years",
                "/browse/toys/8-to-11-years/4171_2724815_3925001"
            ],
            [
                "Stuffed Animals for Girls",
                "/browse/toys/stuffed-animals-for-girls/4171_2724815_3975865"
            ],
            [
                "Toys for Kids 2 to 4 Years",
                "/browse/toys/toys-for-kids-2-to-4-years/4171_3318550_7016108_4703344"
            ],
            [
                "5 to 7 Years",
                "/browse/toys/5-to-7-years/4171_2724815_9191313"
            ],
            [
                "Stuffed Animals for Boys",
                "/browse/toys/stuffed-animals-for-boys/4171_2724815_9211121"
            ]
        ]
    },
    {
        "title": "Little People Helpful Neighbor's Garage with 2 Wheelies Vehicles",
        "url": "https://www.walmart.com/ip/Little-People-Helpful-Neighbor-s-Garage-with-2-Wheelies-Vehicles/948465730",
        "price": "$36.28",
        "stars": "4.3",
        "ratings": "40 ",
        "img": "i5.walmartimages.com/asr/c53462d3-7181-4e8d-b069-adbbee97515c_1.9ca30f43b06a533a60b88a21cad4ad39.jpeg?odnWidth=612&odnHeight=612&odnBg=ffffff",
        "tags": [
            [
                "Ages 0-12 months",
                "/browse/baby/ages-0-12-months/5427_491351_1081264"
            ],
            [
                "Baby Toys",
                "/browse/baby/baby-toys/5427_491351_3021491"
            ],
            [
                "Fisher Price Baby Toys",
                "/browse/baby/fisher-price-baby-toys/5427_491351_3913250"
            ],
            [
                "Fisher Price Electronic Baby Toys",
                "/browse/baby/fisher-price-electronic-baby-toys/5427_491351_6845286"
            ],
            [
                "Baby and Toddler Playsets",
                "/browse/baby/baby-toddler-playsets/5427_491351_8466232"
            ],
            [
                "Fisher Price Toddler",
                "/browse/fisher-price-toddler/5427_8667173"
            ],
            [
                "Baby Activity Centers",
                "/browse/baby/baby-activity-centers/5427_491351_8871082"
            ],
            [
                "Vtech Baby and Toddler Toys",
                "/browse/baby/vtech-baby-toddler-toys/5427_491351_9427535"
            ]
        ]
    }
]