[
    {
        "title": "Remote Control Tyrannosaurus Rex Dinosaur Electronic RC Toy w/ Shaking Head, Walking Movement, Light Up Eyes and Sounds",
        "url": "https://www.walmart.com/ip/Remote-Control-Tyrannosaurus-Rex-Dinosaur-Electronic-RC-Toy-w-Shaking-Head-Walking-Movement-Light-Up-Eyes-and-Sounds/939448419",
        "price": "$21.95",
        "stars": "1.5",
        "ratings": "2 ",
        "img": "i5.walmartimages.com/asr/3b4e7bc7-9053-409b-9087-7c1c56661dac_1.7ae384d2b89aeffd75f0224c9282b450.jpeg?odnWidth=612&odnHeight=612&odnBg=ffffff",
        "tags": [
            [
                "Electronic Toys",
                "/browse/toys/electronic-toys/4171_1096069_1105959_1096123"
            ],
            [
                "Robots & Electronic Pets",
                "/browse/toys/robots-electronic-pets/4171_1096069_1105959_1105996"
            ],
            [
                "RC Toys by Price",
                "/browse/toys/rc-toys-by-price/4171_1111647_3436383_1341660"
            ],
            [
                "Robotic Toys",
                "/browse/toys/robotic-toys/4171_1096069_1105959_2211540"
            ],
            [
                "RC Toys by Vehicle Type",
                "/browse/toys/rc-toys-by-vehicle-type/4171_1111647_3436383_2702261"
            ],
            [
                "Electronic Pets",
                "/browse/toys/electronic-pets/4171_4187_4209464"
            ],
            [
                "Dinosaur Toys",
                "/browse/toys/dinosaur-toys/4171_4172_6335762"
            ],
            [
                "Robot Toys",
                "/browse/toys/robot-toys/4171_1229858_8116584"
            ]
        ]
    },
    {
        "title": "Sakar 26390 Superman 3-Piece Adventure Kit - Camera / Binoculars / Flashlight",
        "url": "https://www.walmart.com/ip/Sakar-26390-Superman-3-Piece-Adventure-Kit-Camera-Binoculars-Flashlight/46106601",
        "price": "$34.37",
        "stars": "2.0",
        "ratings": "2 ",
        "img": "i5.walmartimages.com/asr/71ef6ba9-ff58-4842-8460-8cec980784a6_1.8e7c0476d54948b284c13ccff00142de.jpeg?odnWidth=612&odnHeight=612&odnBg=ffffff",
        "tags": [
            [
                "Cameras & Camcorders for Kids",
                "/browse/toys/cameras-camcorders-for-kids/4171_1096069_1096118"
            ],
            [
                "Toys for 6 year old girls",
                "/browse/toys/toys-for-6-year-old-girls/4171_3318550_617941_1397063"
            ],
            [
                "Toys for age  5-7  boys",
                "/browse/toys/toys-for-age-5-7-boys/4171_3318550_617941_3547854"
            ],
            [
                "Toys for 6 year old boys",
                "/browse/toys/toys-for-6-year-old-boys/4171_3318550_617941_4568556"
            ],
            [
                "Gifts for 5 year old boys",
                "/browse/toys/gifts-for-5-year-old-boys/4171_3318550_617941_6044862"
            ],
            [
                "Toys for 7 year old boys",
                "/browse/toys/toys-for-7-year-old-boys/4171_3318550_617941_6873438"
            ],
            [
                "Toys for 5 year old boys",
                "/browse/toys/toys-for-5-year-old-boys/4171_3318550_617941_7846664"
            ],
            [
                "Gifts for 7 year old boys",
                "/browse/toys/gifts-for-7-year-old-boys/4171_3318550_617941_9209964"
            ]
        ]
    },
    {
        "title": "Little Live Pets Wraptiles Fashion Wraps, Vipora the Snake",
        "url": "https://www.walmart.com/ip/Little-Live-Pets-Wraptiles-Fashion-Wraps-Vipora-the-Snake/503308916",
        "price": "$22.09",
        "stars": "3.0",
        "ratings": "1 ",
        "img": "i5.walmartimages.com/asr/11311fd4-e2fa-41ad-95ce-f597c0fe474d_1.92670504f820af52c098eb420a880138.jpeg?odnWidth=612&odnHeight=612&odnBg=ffffff",
        "tags": [
            [
                "Electronic Toys",
                "/browse/toys/electronic-toys/4171_1096069_1105959_1096123"
            ],
            [
                "Robots & Electronic Pets",
                "/browse/toys/robots-electronic-pets/4171_1096069_1105959_1105996"
            ],
            [
                "Top Rated Toys by Kids",
                "/browse/toys/top-rated-toys-by-kids/4171_1228385_1228386"
            ],
            [
                "Electronic Games",
                "/browse/toys/electronic-games/4171_4191_133045"
            ],
            [
                "Robotic Toys",
                "/browse/toys/robotic-toys/4171_1096069_1105959_2211540"
            ],
            [
                "Electronic Pets",
                "/browse/toys/electronic-pets/4171_4187_4209464"
            ],
            [
                "Collectible Novelty",
                "/browse/toys/collectible-novelty/4171_5178010_4322621"
            ],
            [
                "Robot Toys",
                "/browse/toys/robot-toys/4171_1229858_8116584"
            ]
        ]
    },
    {
        "title": "HEXBUG BattleBots Rivals (Minotaur & Beta)",
        "url": "https://www.walmart.com/ip/HEXBUG-BattleBots-Rivals-Minotaur-Beta/458414785",
        "price": "$49.99",
        "stars": 0,
        "ratings": 0,
        "img": "",
        "tags": [
            [
                "Electronic Toys",
                "/browse/toys/electronic-toys/4171_1096069_1105959_1096123"
            ],
            [
                "Robotic Toys",
                "/browse/toys/robotic-toys/4171_1096069_1105959_2211540"
            ],
            [
                "Toys for 8  year olds",
                "/browse/toys/toys-for-8-year-olds/4171_3318550_617942_5509799"
            ],
            [
                "Gifts for 9 year old girls",
                "/browse/toys/gifts-for-9-year-old-girls/4171_3318550_617942_6025053"
            ],
            [
                "Toys for 11 year old boys",
                "/browse/toys/toys-for-11-year-old-boys/4171_3318550_617942_7646295"
            ],
            [
                "Robot Toys",
                "/browse/toys/robot-toys/4171_1229858_8116584"
            ],
            [
                "Toys for age  8-11  boys",
                "/browse/toys/toys-for-age-8-11-boys/4171_3318550_617942_8852400"
            ],
            [
                "Toys for 10 year olds",
                "/browse/toys/toys-for-10-year-olds/4171_3318550_617942_9611401"
            ]
        ]
    },
    {
        "title": "Dinosaur Track Toys, 144 Pcs Flexible Track Playset Create A Dinosaur Road Race for 3+ Year Old Boys Girls Best Gift For Birthday, Party, New Year, Christmas",
        "url": "https://www.walmart.com/ip/Dinosaur-Track-Toys-144-Pcs-Flexible-Playset-Create-A-Road-Race-3-Year-Old-Boys-Girls-Best-Gift-For-Birthday-Party-New-Year-Christmas/453741224",
        "price": "$28.99",
        "stars": 0,
        "ratings": 0,
        "img": "",
        "tags": [
            [
                "Electronic Toys",
                "/browse/toys/electronic-toys/4171_1096069_1105959_1096123"
            ],
            [
                "Shop All Car Tracks",
                "/browse/toys/shop-all-car-tracks/4171_1111647_132910_132968"
            ],
            [
                "Robotic Toys",
                "/browse/toys/robotic-toys/4171_1096069_1105959_2211540"
            ],
            [
                "slot car tracks",
                "/browse/toys/slot-car-tracks/4171_1111647_132910_2301094"
            ],
            [
                "Play Vehicles by Vehicle Type",
                "/browse/toys/play-vehicles-by-vehicle-type/4171_1111647_132910_6055639"
            ],
            [
                "Car Toys",
                "/browse/toys/car-toys/4171_1111647_132910_7297605"
            ],
            [
                "Robot Toys",
                "/browse/toys/robot-toys/4171_1229858_8116584"
            ]
        ]
    },
    {
        "title": "Hatchimals CollEGGtibles Season 3, 12 Pack Egg Carton (Styles & Colors May Vary) by Spin Master",
        "url": "https://www.walmart.com/ip/Hatchimals-CollEGGtibles-Season-3-12-Pack-Egg-Carton-Styles-Colors-May-Vary-by-Spin-Master/464818439",
        "price": "$69.98",
        "stars": "5.0",
        "ratings": "4 ",
        "img": "i5.walmartimages.com/asr/906f6bbb-d20d-46c7-83ae-2572ace09807_1.30c0310ca4a28570b14bc0d4fd45a801.jpeg?odnWidth=612&odnHeight=612&odnBg=ffffff",
        "tags": [
            [
                "Robots & Electronic Pets",
                "/browse/toys/robots-electronic-pets/4171_1096069_1105959_1105996"
            ],
            [
                "Collectible Dolls",
                "/browse/toys/collectible-dolls/4171_4187_6904958_132911"
            ],
            [
                "Beyblade & Bakugan",
                "/browse/toys/beyblade-bakugan/4171_4191_1652049"
            ],
            [
                "Hatchimals Colleggtibles",
                "/browse/toys/hatchimals-colleggtibles/4171_3438149_7062438_4582552"
            ],
            [
                "Doll Playsets",
                "/browse/toys/doll-playsets/4171_4187_4668261_6451073"
            ],
            [
                "Hatchimals",
                "/browse/toys/hatchimals/4171_3438149_8277039"
            ],
            [
                "Batman Action Figures",
                "/browse/toys/batman-action-figures/4171_4172_9730655"
            ],
            [
                "Bakugan",
                "/browse/toys/bakugan/4171_4191_9819545"
            ]
        ]
    },
    {
        "title": "Lil Gleemerz Rainbow; 100+ Reactions - Friendship that Positively Glows!",
        "url": "https://www.walmart.com/ip/Lil-Gleemerz-Rainbow-100-Reactions-Friendship-that-Positively-Glows/616608108",
        "price": "$29.09",
        "stars": 0,
        "ratings": 0,
        "img": "i5.walmartimages.com/asr/837c1b20-9257-4ed4-943d-37cdb34fd2d5_1.9f0a92290d34d73195a4a7424324d4c6.jpeg?odnWidth=612&odnHeight=612&odnBg=ffffff",
        "tags": [
            [
                "Pomsies",
                "/browse/toys/pomsies/4171_4187_1802942"
            ],
            [
                "PAW Patrol",
                "/browse/toys/paw-patrol/4171_4172_1574302_2726380"
            ],
            [
                "All Preschool Vehicles & Playsets",
                "/browse/toys/all-preschool-vehicles-playsets/4171_1111647_5858854_3439996"
            ],
            [
                "PJ Masks",
                "/browse/toys/pj-masks/4171_1111647_3611840"
            ],
            [
                "Electronic Pets",
                "/browse/toys/electronic-pets/4171_4187_4209464"
            ],
            [
                "Paw Patrol",
                "/browse/toys/paw-patrol/4171_1111647_5084539"
            ],
            [
                "Zoomer",
                "/browse/toys/zoomer/4171_4187_6227775"
            ]
        ]
    },
    {
        "title": "Intelligent Electronic Robot Dog Voice Control Dance Walking Kids Pet  Educational Toy Gift",
        "url": "https://www.walmart.com/ip/Intelligent-Electronic-Robot-Dog-Voice-Control-Dance-Walking-Kids-Pet-Educational-Toy-Gift/782673817",
        "price": "$45.99",
        "stars": 0,
        "ratings": 0,
        "img": "i5.walmartimages.com/asr/6df868a6-170d-4dc9-8110-1707bbb16f73_1.fff375f86ca76a0096d8fbbd241fd1cc.jpeg?odnWidth=612&odnHeight=612&odnBg=ffffff",
        "tags": [
            [
                "Electronic Toys",
                "/browse/toys/electronic-toys/4171_1096069_1105959_1096123"
            ],
            [
                "Robotic Toys",
                "/browse/toys/robotic-toys/4171_1096069_1105959_2211540"
            ],
            [
                "Electronic Pets",
                "/browse/toys/electronic-pets/4171_4187_4209464"
            ],
            [
                "Zoomer",
                "/browse/toys/zoomer/4171_4187_6227775"
            ],
            [
                "Toys for 4 year olds",
                "/browse/toys/toys-for-4-year-olds/4171_3318550_7016108_6734866"
            ],
            [
                "Toys for 2 year olds",
                "/browse/toys/toys-for-2-year-olds/4171_3318550_7016108_7131451"
            ],
            [
                "Robot Toys",
                "/browse/toys/robot-toys/4171_1229858_8116584"
            ],
            [
                "Toys for 3 year olds",
                "/browse/toys/toys-for-3-year-olds/4171_3318550_7016108_9012469"
            ]
        ]
    },
    {
        "title": "Classic Toys 8GB 5.1 Inch Free 10000 Games Handheld Game Player Video Game Console",
        "url": "https://www.walmart.com/ip/Classic-Toys-8GB-5-1-Inch-Free-10000-Games-Handheld-Game-Player-Video-Game-Console/827365412",
        "price": "$54.99",
        "stars": 0,
        "ratings": 0,
        "img": "",
        "tags": [
            [
                "Shop Toys by Price",
                "/browse/shop-toys-by-price/4171_1263324"
            ],
            [
                "Classic Games",
                "/browse/toys/classic-games/4171_4191_2084995"
            ],
            [
                "Family Games",
                "/browse/toys/family-games/4171_4191_2335373_2204878"
            ],
            [
                "Little Live Pets",
                "/browse/toys/little-live-pets/4171_4187_7790702_3693047"
            ],
            [
                "Electronic Pets",
                "/browse/toys/electronic-pets/4171_4187_4209464"
            ],
            [
                "All Board Games",
                "/browse/toys/all-board-games/4171_4191_133123_4497274"
            ],
            [
                "Simon Game",
                "/browse/toys/simon-game/4171_2065565_4859463"
            ]
        ]
    },
    {
        "title": "Gambling Electronic Game Pack - Mega Screen Solitaire Handheld Game & 7 in 1 Poker Handheld Game",
        "url": "https://www.walmart.com/ip/Gambling-Electronic-Game-Pack-Mega-Screen-Solitaire-Handheld-Game-7-in-1-Poker-Handheld-Game/485923808",
        "price": "$44.99",
        "stars": "2.0",
        "ratings": "2 ",
        "img": "i5.walmartimages.com/asr/7981b3ec-1439-4f4b-8ecc-a4d4fb0ab70f_1.e6de2d4447f07b08c531c613cc5cc459.jpeg?odnWidth=612&odnHeight=612&odnBg=ffffff",
        "tags": [
            [
                "Science & Education",
                "/browse/toys/science-education/4171_56125_164140"
            ],
            [
                "Classic Games",
                "/browse/toys/classic-games/4171_4191_2084995"
            ],
            [
                "Family Games",
                "/browse/toys/family-games/4171_4191_2335373_2204878"
            ],
            [
                "Little Live Pets",
                "/browse/toys/little-live-pets/4171_4187_7790702_3693047"
            ],
            [
                "Electronic Pets",
                "/browse/toys/electronic-pets/4171_4187_4209464"
            ],
            [
                "All Board Games",
                "/browse/toys/all-board-games/4171_4191_133123_4497274"
            ],
            [
                "Toys for Kids 8 to 11 Years",
                "/browse/toys/toys-for-kids-8-to-11-years/4171_3318550_617942_8104028"
            ]
        ]
    }
]