[
    {
        "title": "The Beadery Wonder Loom Kit, Gift for Kids, Includes 600 Rubber Bands",
        "url": "https://www.walmart.com/ip/The-Beadery-Wonder-Loom-Kit-Gift-for-Kids-Includes-600-Rubber-Bands/30652494",
        "price": "$10.89",
        "stars": "4.3",
        "ratings": "296 ",
        "img": "i5.walmartimages.com/asr/19cf0b59-866e-4d85-968e-f4c555e2f68e_1.5e93c6e1602555cc92bcef573323000f.jpeg?odnWidth=612&odnHeight=612&odnBg=ffffff",
        "tags": [
            [
                "Costumes & Dress Up",
                "/browse/toys/costumes-dress-up/4171_4173_164142"
            ],
            [
                "Hair, Nail & Spa Toys",
                "/browse/toys/hair-nail-spa-toys/4171_645779_2990448"
            ],
            [
                "Cool Maker",
                "/browse/toys/cool-maker/4171_645779_3371021"
            ],
            [
                "Quilting & Sewing Kits",
                "/browse/toys/quilting-sewing-kits/4171_645779_6317337"
            ],
            [
                "Toys for Kids 5 to 7 Years",
                "/browse/toys/toys-for-kids-5-to-7-years/4171_3318550_617941_8920388"
            ],
            [
                "Knitting & Weaving Kits",
                "/browse/toys/knitting-weaving-kits/4171_645779_8985243"
            ],
            [
                "Children's Paint and Paint Supplies",
                "/browse/toys/childrens-paint-paint-supplies/4171_645779_9646901"
            ],
            [
                "All Kids Jewelry Making Kits",
                "/browse/toys/all-kids-jewelry-making-kits/4171_645779_9564789_9869340"
            ]
        ]
    },
    {
        "title": "Assorted Arts and Crafts Supplies for Kids Girls Ages 4 5 6 7 8 9 Pipe Cleaners,Pom poms Craft Art Sets,All in One D.I.Y.Crafting Collage Arts Pack,Crafts Set for School Projects DIY Activities",
        "url": "https://www.walmart.com/ip/Assorted-Arts-Crafts-Supplies-Kids-Girls-Ages-4-5-6-7-8-9-Pipe-Cleaners-Pom-poms-Craft-Art-Sets-All-One-D-I-Y-Crafting-Collage-Pack-Crafts-Set-School/301947775",
        "price": "$20.35",
        "stars": 0,
        "ratings": 0,
        "img": "i5.walmartimages.com/asr/73341868-13a7-4ae8-9267-336d1bd3ba88.9dc029527bfa7846e54107d904ccc34c.jpeg?odnWidth=612&odnHeight=612&odnBg=ffffff",
        "tags": []
    },
    {
        "title": "SlimyGloop Make Your Own Galaxy Slime Kit, 1 Each",
        "url": "https://www.walmart.com/ip/SlimyGloop-Make-Your-Own-Galaxy-Slime-Kit-1-Each/624456298",
        "price": "$9.87",
        "stars": "3.2",
        "ratings": "31 ",
        "img": "i5.walmartimages.com/asr/a72f74de-1dc9-4566-bae6-ebd89df4e229_1.21a8d7479a0429420f1ed2ccc136e5ea.jpeg?odnWidth=612&odnHeight=612&odnBg=ffffff",
        "tags": [
            [
                "Pink Slime",
                "/browse/toys/pink-slime/4171_645779_2165088_2637606"
            ],
            [
                "Glitter Slime",
                "/browse/toys/glitter-slime/4171_645779_2165088_3252168"
            ],
            [
                "Nickelodeon Slime",
                "/browse/toys/nickelodeon-slime/4171_645779_2165088_3447161"
            ],
            [
                "SlimyGloop Slime",
                "/browse/toys/slimygloop-slime/4171_645779_2165088_4477093"
            ],
            [
                "Craft Kits",
                "/browse/toys/craft-kits/4171_645779_613040"
            ],
            [
                "Crunchy Slime",
                "/browse/toys/crunchy-slime/4171_645779_2165088_6570164"
            ],
            [
                "Unicorn Slime",
                "/browse/toys/unicorn-slime/4171_645779_2165088_8803674"
            ],
            [
                "Pre-Made Slime Shop",
                "/browse/toys/pre-made-slime-shop/4171_645779_2165088_9237203"
            ]
        ]
    },
    {
        "title": "Crayola Watercolor Pencil Set, 24-Colors",
        "url": "https://www.walmart.com/ip/Crayola-Watercolor-Pencil-Set-24-Colors/20712881",
        "price": "$11.91",
        "stars": "5.0",
        "ratings": "7 ",
        "img": "i5.walmartimages.com/asr/cc8685a9-49ab-404a-9541-8002bacaf769_1.24206477e8386e4a2e7e2b643e530387.jpeg?odnWidth=612&odnHeight=612&odnBg=ffffff",
        "tags": [
            [
                "Crayola Colored Pencils",
                "/browse/shop-by-brand/crayola-colored-pencils/3734780_9312923_5916865_7082544_2178954"
            ],
            [
                "Arteza",
                "/browse/shop-by-brand/arteza/3734780_9312923_2182173"
            ],
            [
                "Crayola Erasable Colored Pencils",
                "/browse/shop-by-brand/crayola-erasable-colored-pencils/3734780_9312923_5916865_7082544_3397242"
            ],
            [
                "Prismacolor",
                "/browse/shop-by-brand/prismacolor/3734780_9312923_3648184"
            ],
            [
                "Crayola Markers",
                "/browse/shop-by-brand/crayola-markers/3734780_9312923_5916865_7082544_4517923"
            ],
            [
                "Crayola Signature",
                "/browse/shop-by-brand/crayola-signature/3734780_9312923_5916865_7426931_5363685"
            ],
            [
                "Classic Crayola Colored Pencils",
                "/browse/shop-by-brand/classic-crayola-colored-pencils/3734780_9312923_5916865_7082544_8577352"
            ],
            [
                "Crayola Teens & Adult",
                "/browse/shop-by-brand/crayola-teens-adult/3734780_9312923_5916865_6856318_9265281"
            ]
        ]
    },
    {
        "title": "Mini Happy Birthday Coloring Sets - 12 Count",
        "url": "https://www.walmart.com/ip/Mini-Happy-Birthday-Coloring-Sets-12-Count/198622366",
        "price": "$10.49",
        "stars": 0,
        "ratings": 0,
        "img": "",
        "tags": [
            [
                "Kid Art Easels & Stations",
                "/browse/toys/kid-art-easels-stations/4171_645779_1103012"
            ],
            [
                "Craft Kits",
                "/browse/toys/craft-kits/4171_645779_613040"
            ],
            [
                "Play Dough",
                "/browse/toys/play-dough/4171_645779_9285153_613042"
            ],
            [
                "Magna Doodle",
                "/browse/toys/magna-doodle/4171_645779_6408170_6399778"
            ],
            [
                "Etch-A-Sketch",
                "/browse/toys/etch-a-sketch/4171_645779_6408170_8550674"
            ],
            [
                "Glue for Slime",
                "/browse/toys/glue-for-slime/4171_645779_2165088_2131853_8604968"
            ],
            [
                "Toys for Kids 5 to 7 Years",
                "/browse/toys/toys-for-kids-5-to-7-years/4171_3318550_617941_8920388"
            ],
            [
                "Children's Paint and Paint Supplies",
                "/browse/toys/childrens-paint-paint-supplies/4171_645779_9646901"
            ]
        ]
    },
    {
        "title": "Spirograph Deluxe Retro Kit-",
        "url": "https://www.walmart.com/ip/Spirograph-Deluxe-Retro-Kit/359284495",
        "price": "$19.98",
        "stars": "4.3",
        "ratings": "7 ",
        "img": "i5.walmartimages.com/asr/59f979b2-5dc9-4cc7-b114-901c225f95bd_2.d7ae9be0e56ba1c525c88d2d9522c237.jpeg?odnWidth=612&odnHeight=612&odnBg=ffffff",
        "tags": [
            [
                "Kid Art Easels & Stations",
                "/browse/toys/kid-art-easels-stations/4171_645779_1103012"
            ],
            [
                "Learning Playsets",
                "/browse/toys/learning-playsets/4171_56125_1228921"
            ],
            [
                "Lite Brite",
                "/browse/toys/lite-brite/4171_645779_5704475_1688627"
            ],
            [
                "Craft Kits",
                "/browse/toys/craft-kits/4171_645779_613040"
            ],
            [
                "Magna Doodle",
                "/browse/toys/magna-doodle/4171_645779_6408170_6399778"
            ],
            [
                "Etch-A-Sketch",
                "/browse/toys/etch-a-sketch/4171_645779_6408170_8550674"
            ],
            [
                "Toys for Kids 5 to 7 Years",
                "/browse/toys/toys-for-kids-5-to-7-years/4171_3318550_617941_8920388"
            ],
            [
                "Children's Paint and Paint Supplies",
                "/browse/toys/childrens-paint-paint-supplies/4171_645779_9646901"
            ]
        ]
    },
    {
        "title": "Appash Paint by Numbers DIY Acrylic Oil Painting Kits for Adults Beginners 16x20 Inch [Snow Mountain]",
        "url": "https://www.walmart.com/ip/Appash-Paint-by-Numbers-DIY-Acrylic-Oil-Painting-Kits-for-Adults-Beginners-16x20-Inch-Snow-Mountain/984440624",
        "price": "$12.99",
        "stars": "4.0",
        "ratings": "4 ",
        "img": "i5.walmartimages.com/asr/4655547c-ebbc-47bb-813f-356ea4ec4374.725dcf38e06d929ed084abcca83e56ee.jpeg?odnWidth=612&odnHeight=612&odnBg=ffffff",
        "tags": [
            [
                "Craft Kits for Teens",
                "/browse/arts-crafts-sewing/craft-kits-for-teens/1334134_6172404_7108348_4022952_2808534"
            ],
            [
                "Craft Kits for Adults",
                "/browse/arts-crafts-sewing/craft-kits-for-adults/1334134_6172404_7108348_4022952_2963273"
            ],
            [
                "Kids Painting Kits for Kids Crafts",
                "/browse/arts-crafts-sewing/kids-painting-kits-for-kids-crafts/1334134_5899871_7445675_3565471"
            ],
            [
                "Craft Kits for Kids",
                "/browse/arts-crafts-sewing/craft-kits-for-kids/1334134_6172404_7108348_4022952_3971378"
            ],
            [
                "Art & Craft Kits",
                "/browse/arts-crafts-sewing/art-craft-kits/1334134_6172404_7108348_5931536"
            ],
            [
                "All Art Paint",
                "/browse/arts-crafts-sewing/all-art-paint/1334134_5899871_7445675_5577403_6697748"
            ],
            [
                "Art Sets",
                "/browse/arts-crafts-sewing/art-sets/1334134_5899871_7148292"
            ],
            [
                "Acrylic Paints",
                "/browse/arts-crafts-sewing/acrylic-paints/1334134_5899871_7445675_5577403_8242343"
            ]
        ]
    },
    {
        "title": "Glow Pad",
        "url": "https://www.walmart.com/ip/Glow-Pad/55326934",
        "price": "$14.99",
        "stars": "3.4",
        "ratings": "8 ",
        "img": "i5.walmartimages.com/asr/d716e3ed-5499-401e-8fc7-d9c986d4d2bd_1.a52101a437c02ac72e34f287d4b76147.jpeg?odnWidth=612&odnHeight=612&odnBg=ffffff",
        "tags": [
            [
                "Learning Playsets",
                "/browse/toys/learning-playsets/4171_56125_1228921"
            ],
            [
                "Lite Brite",
                "/browse/toys/lite-brite/4171_645779_5704475_1688627"
            ],
            [
                "Drawing & Coloring",
                "/browse/toys/drawing-coloring/4171_645779_613041"
            ],
            [
                "Magna Doodle",
                "/browse/toys/magna-doodle/4171_645779_6408170_6399778"
            ],
            [
                "Etch-A-Sketch",
                "/browse/toys/etch-a-sketch/4171_645779_6408170_8550674"
            ],
            [
                "Toys for Kids 5 to 7 Years",
                "/browse/toys/toys-for-kids-5-to-7-years/4171_3318550_617941_8920388"
            ],
            [
                "Children's Paint and Paint Supplies",
                "/browse/toys/childrens-paint-paint-supplies/4171_645779_9646901"
            ],
            [
                "All Kids Jewelry Making Kits",
                "/browse/toys/all-kids-jewelry-making-kits/4171_645779_9564789_9869340"
            ]
        ]
    },
    {
        "title": "Plaid 97870E Unpainted Wood Surface, 4-Way Memory Frame, 1 Piece",
        "url": "https://www.walmart.com/ip/Plaid-97870E-Unpainted-Wood-Surface-4-Way-Memory-Frame-1-Piece/17300240",
        "price": "$6.97",
        "stars": 0,
        "ratings": 0,
        "img": "i5.walmartimages.com/asr/d4d8600f-bb64-4942-98f0-3b0f488bad7c.d2b85cb234ef311561f5a4fdb33ccf0a.jpeg?odnWidth=612&odnHeight=612&odnBg=ffffff",
        "tags": [
            [
                "Hair, Nail & Spa Toys",
                "/browse/toys/hair-nail-spa-toys/4171_645779_2990448"
            ],
            [
                "Cool Maker",
                "/browse/toys/cool-maker/4171_645779_3371021"
            ],
            [
                "DIY Slime Kits",
                "/browse/toys/diy-slime-kits/4171_645779_2165088_6010655"
            ],
            [
                "Drawing & Coloring",
                "/browse/toys/drawing-coloring/4171_645779_613041"
            ],
            [
                "Toys for Kids 5 to 7 Years",
                "/browse/toys/toys-for-kids-5-to-7-years/4171_3318550_617941_8920388"
            ],
            [
                "Pre-Made Slime Shop",
                "/browse/toys/pre-made-slime-shop/4171_645779_2165088_9237203"
            ],
            [
                "Children's Paint and Paint Supplies",
                "/browse/toys/childrens-paint-paint-supplies/4171_645779_9646901"
            ],
            [
                "All Kids Jewelry Making Kits",
                "/browse/toys/all-kids-jewelry-making-kits/4171_645779_9564789_9869340"
            ]
        ]
    },
    {
        "title": "Perler Bead Tweezers, 2 Pieces",
        "url": "https://www.walmart.com/ip/Perler-Bead-Tweezers-2-Pieces/140454413",
        "price": "$7.03",
        "stars": "5.0",
        "ratings": "2 ",
        "img": "i5.walmartimages.com/asr/a8c426a1-341c-43b0-a256-191ad0958d08_1.c3105a5ce233b44779fd93432f66c2ee.jpeg?odnWidth=612&odnHeight=612&odnBg=ffffff",
        "tags": [
            [
                "Hair, Nail & Spa Toys",
                "/browse/toys/hair-nail-spa-toys/4171_645779_2990448"
            ],
            [
                "DIY Slime Kits",
                "/browse/toys/diy-slime-kits/4171_645779_2165088_6010655"
            ],
            [
                "Perler Beads",
                "/browse/toys/perler-beads/4171_645779_9564789_6224985"
            ],
            [
                "Toys for Kids 8 to 11 Years",
                "/browse/toys/toys-for-kids-8-to-11-years/4171_3318550_617942_8104028"
            ],
            [
                "Toys for Kids 5 to 7 Years",
                "/browse/toys/toys-for-kids-5-to-7-years/4171_3318550_617941_8920388"
            ],
            [
                "Pre-Made Slime Shop",
                "/browse/toys/pre-made-slime-shop/4171_645779_2165088_9237203"
            ],
            [
                "Children's Paint and Paint Supplies",
                "/browse/toys/childrens-paint-paint-supplies/4171_645779_9646901"
            ],
            [
                "All Kids Jewelry Making Kits",
                "/browse/toys/all-kids-jewelry-making-kits/4171_645779_9564789_9869340"
            ]
        ]
    },
    {
        "title": "Crayola Round Natural Camel Hair Polished Wood Handle Watercolor Paint Brush, Size 2, Black",
        "url": "https://www.walmart.com/ip/Crayola-Round-Natural-Camel-Hair-Polished-Wood-Handle-Watercolor-Paint-Brush-Size-2-Black/130289511",
        "price": "$1.42",
        "stars": 0,
        "ratings": 0,
        "img": "i5.walmartimages.com/asr/3afda53e-9f62-4701-8a62-6394e771df83_1.26acd564e1b7784ce9fed0b01de02a52.jpeg?odnWidth=612&odnHeight=612&odnBg=ffffff",
        "tags": [
            [
                "All Art Paper",
                "/browse/arts-crafts-sewing/all-art-paper/1334134_5899871_9677556_3514948"
            ],
            [
                "Tempera Paints",
                "/browse/arts-crafts-sewing/tempera-paints/1334134_5899871_7445675_5577403_3640794"
            ],
            [
                "Art Sketchbooks and Paper",
                "/browse/arts-crafts-sewing/art-sketchbooks-paper/1334134_5899871_1350721_5138397"
            ],
            [
                "Watercolor Paper",
                "/browse/arts-crafts-sewing/watercolor-paper/1334134_5899871_9677556_5219140"
            ],
            [
                "Craft Paint",
                "/browse/arts-crafts-sewing/craft-paint/1334134_6172404_8479577_6669606"
            ],
            [
                "All Art Paint",
                "/browse/arts-crafts-sewing/all-art-paint/1334134_5899871_7445675_5577403_6697748"
            ],
            [
                "Acrylic Paints",
                "/browse/arts-crafts-sewing/acrylic-paints/1334134_5899871_7445675_5577403_8242343"
            ],
            [
                "Stretched Canvas",
                "/browse/arts-crafts-sewing/stretched-canvas/1334134_5899871_6153803_9971319"
            ]
        ]
    }
]