[
    {
        "title": "Hand Operated Drones for Kids or Adults, Hand-Controlled Flying Ball, Infrared Induction Interactive Mini Drone Helicopter with LED Lights and, Flying Toys for Boys or Girls (Blue)",
        "url": "https://www.walmart.com/ip/Hand-Operated-Drones-Kids-Adults-Hand-Controlled-Flying-Ball-Infrared-Induction-Interactive-Mini-Drone-Helicopter-LED-Lights-and-Toys-Boys-Girls-Blue/683604114",
        "price": "$19.88",
        "stars": "1.0",
        "ratings": "1 ",
        "img": "i5.walmartimages.com/asr/63d04c16-cd35-44a8-b3bc-dc249a59cccb_1.d3e99a1b21da82a5a81895b69f3eaeb7.jpeg?odnWidth=612&odnHeight=612&odnBg=ffffff",
        "tags": [
            [
                "RC Toys by Price",
                "/browse/toys/rc-toys-by-price/4171_1111647_3436383_1341660"
            ],
            [
                "RC Toys by Vehicle Type",
                "/browse/toys/rc-toys-by-vehicle-type/4171_1111647_3436383_2702261"
            ],
            [
                "RC Drones by Brand",
                "/browse/toys/rc-drones-by-brand/4171_1111647_3436383_3791844"
            ],
            [
                "RC Cars and Vehicles",
                "/browse/toys/rc-cars-vehicles/4171_1111647_3436383_433927"
            ],
            [
                "RC Helicopters & Planes",
                "/browse/toys/rc-helicopters-planes/4171_1111647_3436383_5213267"
            ],
            [
                "Planes & Helicopters",
                "/browse/toys/planes-helicopters/4171_1111647_5741670"
            ],
            [
                "Toy Drones by Price",
                "/browse/toys/toy-drones-by-price/4171_1111647_3436383_5814447"
            ],
            [
                "RC Toys by Brand",
                "/browse/toys/rc-toys-by-brand/4171_1111647_3436383_8304402"
            ]
        ]
    },
    {
        "title": "Learning Resources Answer Buzzers, Set of 4, Ages 3 and up",
        "url": "https://www.walmart.com/ip/Learning-Resources-Answer-Buzzers-Set-of-4-Ages-3-and-up/16497575",
        "price": "$13.28",
        "stars": "3.5",
        "ratings": "43 ",
        "img": "i5.walmartimages.com/asr/ac2aa341-fe74-491b-99a8-31909ae60cff_1.f12cb4869ec67e9895170bbce0aba5b8.jpeg?odnWidth=612&odnHeight=612&odnBg=ffffff",
        "tags": [
            [
                "Science & Education",
                "/browse/toys/science-education/4171_56125_164140"
            ],
            [
                "Biology Toys for Kids",
                "/browse/toys/biology-toys-for-kids/4171_1229858_3016044"
            ],
            [
                "Toys for 2 year old boys",
                "/browse/toys/toys-for-2-year-old-boys/4171_3318550_7016108_3495831"
            ],
            [
                "Gifts for 4 year old boy",
                "/browse/toys/gifts-for-4-year-old-boy/4171_3318550_7016108_4071474"
            ],
            [
                "Toys for 3 year old boys",
                "/browse/toys/toys-for-3-year-old-boys/4171_3318550_7016108_4372226"
            ],
            [
                "Toys for 4 year olds",
                "/browse/toys/toys-for-4-year-olds/4171_3318550_7016108_6734866"
            ],
            [
                "Toys for 3 year olds",
                "/browse/toys/toys-for-3-year-olds/4171_3318550_7016108_9012469"
            ],
            [
                "Toys for 4 year old boys",
                "/browse/toys/toys-for-4-year-old-boys/4171_3318550_7016108_9088809"
            ]
        ]
    },
    {
        "title": "Yahtzee Handheld Digital Game",
        "url": "https://www.walmart.com/ip/Yahtzee-Handheld-Digital-Game/416352877",
        "price": "$16.64",
        "stars": "5.0",
        "ratings": "4 ",
        "img": "",
        "tags": [
            [
                "Shop Toys by Price",
                "/browse/shop-toys-by-price/4171_1263324"
            ],
            [
                "Science & Education",
                "/browse/toys/science-education/4171_56125_164140"
            ],
            [
                "Classic Games",
                "/browse/toys/classic-games/4171_4191_2084995"
            ],
            [
                "Family Games",
                "/browse/toys/family-games/4171_4191_2335373_2204878"
            ],
            [
                "Little Live Pets",
                "/browse/toys/little-live-pets/4171_4187_7790702_3693047"
            ],
            [
                "All Board Games",
                "/browse/toys/all-board-games/4171_4191_133123_4497274"
            ],
            [
                "Toys for Kids 8 to 11 Years",
                "/browse/toys/toys-for-kids-8-to-11-years/4171_3318550_617942_8104028"
            ]
        ]
    },
    {
        "title": "Kidz Delight Tech Too Smooth Touch Fun N Play Tablet",
        "url": "https://www.walmart.com/ip/Kidz-Delight-Tech-Too-Smooth-Touch-Fun-N-Play-Tablet/21056844",
        "price": "$20.49",
        "stars": "3.4",
        "ratings": "57 ",
        "img": "",
        "tags": [
            [
                "Learning Accessories",
                "/browse/toys/learning-accessories/4171_56125_1095164"
            ],
            [
                "App Toys",
                "/browse/toys/app-toys/4171_1096069_1099195"
            ],
            [
                "Science & Education",
                "/browse/toys/science-education/4171_56125_164140"
            ],
            [
                "VTech Toys",
                "/browse/toys/vtech-toys/4171_3438149_3348821"
            ],
            [
                "Math Toys for Kids",
                "/browse/toys/math-toys-for-kids/4171_1229858_6906869"
            ],
            [
                "Fisher Price Pretend Play",
                "/browse/toys/fisher-price-pretend-play/4171_4173_7354985"
            ],
            [
                "All Tablets for Kids",
                "/browse/toys/all-tablets-for-kids/4171_56125_1095151_9620487"
            ]
        ]
    },
    {
        "title": "Tagital\u00ae 7\" T7K Quad Core Android Kids Tablet, with Wifi and Camera and Games, HD Kids Edition with Kid Mode Pre-Installed",
        "url": "https://www.walmart.com/ip/Tagital-7-T7K-Quad-Core-Android-Kids-Tablet-with-Wifi-and-Camera-and-Games-HD-Kids-Edition-with-Kid-Mode-Pre-Installed/129354699",
        "price": "$69.99",
        "stars": "2.9",
        "ratings": "35 ",
        "img": "i5.walmartimages.com/asr/c91dd59a-064b-40e1-8ba4-c7021034e3f5_1.866ac258bb8b1ed0d0ef9715f5cae229.jpeg?odnWidth=612&odnHeight=612&odnBg=ffffff",
        "tags": [
            [
                "7 Inch Tablets",
                "/browse/electronics/7-inch-tablets/3944_1078524_1677048_2538402"
            ],
            [
                "Electronics Tax Time",
                "/browse/electronics-tax-time/3944_4439225"
            ],
            [
                "Android Tablets for Kids",
                "/browse/electronics/android-tablets-for-kids/3944_1078524_1231200_5025899"
            ],
            [
                "10 Inch Tablets",
                "/browse/electronics/10-inch-tablets/3944_1078524_1677048_5544438"
            ],
            [
                "All Android Tablets",
                "/browse/electronics/all-android-tablets/3944_1078524_1231200_6908210"
            ],
            [
                "7 Inch Android Tablets",
                "/browse/electronics/7-inch-android-tablets/3944_1078524_1231200_8046628"
            ],
            [
                "10 Inch Android Tablets",
                "/browse/electronics/10-inch-android-tablets/3944_1078524_1231200_9141291"
            ]
        ]
    },
    {
        "title": "Amerteer Kid Camera for Girls or Boys Age 3-12, 13MP 1080P Toddler Digital Camera with 16G TF Card and 13 Mega Pixel Lens 2.0 inch FHD Screen for Children Birthday Christmas Toy Gifts",
        "url": "https://www.walmart.com/ip/Amerteer-Kid-Camera-Girls-Boys-Age-3-12-13MP-1080P-Toddler-Digital-16G-TF-Card-13-Mega-Pixel-Lens-2-0-inch-FHD-Screen-Children-Birthday-Christmas-Toy/814245516",
        "price": "$19.99",
        "stars": "3.9",
        "ratings": "8 ",
        "img": "i5.walmartimages.com/asr/5185b407-b28f-4a78-bd95-0ec35828a012_1.34ac2eafd98d3acacb842840387670a6.jpeg?odnWidth=612&odnHeight=612&odnBg=ffffff",
        "tags": [
            [
                "Electronic Toys",
                "/browse/toys/electronic-toys/4171_1096069_1105959_1096123"
            ],
            [
                "Bilingual Toys",
                "/browse/toys/bilingual-toys/4171_56125_1229855"
            ],
            [
                "VTech Toys",
                "/browse/toys/vtech-toys/4171_3438149_3348821"
            ],
            [
                "Pretend Play Toys for Boys",
                "/browse/toys/pretend-play-toys-for-boys/4171_4173_3613401"
            ],
            [
                "Gifts for 4 year old boy",
                "/browse/toys/gifts-for-4-year-old-boy/4171_3318550_7016108_4071474"
            ],
            [
                "12+ Years",
                "/browse/toys/12-years/4171_2724815_4436782"
            ],
            [
                "Toys for 3 year old girls",
                "/browse/toys/toys-for-3-year-old-girls/4171_3318550_7016108_7213465"
            ],
            [
                "Toys for 4 year old boys",
                "/browse/toys/toys-for-4-year-old-boys/4171_3318550_7016108_9088809"
            ]
        ]
    },
    {
        "title": "Marainbow Alarm Clock for Kids Bedroom, Wake Up Light Digital Clock with Indoor Temperature & Calendar & 6 Natural Sound & 7 Colors Changing Light",
        "url": "https://www.walmart.com/ip/Marainbow-Alarm-Clock-for-Kids-Bedroom-Wake-Up-Light-Digital-Clock-with-Indoor-Temperature-Calendar-6-Natural-Sound-7-Colors-Changing-Light/472314686",
        "price": "$11.37",
        "stars": "5.0",
        "ratings": "1 ",
        "img": "",
        "tags": []
    },
    {
        "title": "HEXBUG Nano 5 Pack - 4 Chroma Plus Bonus Flash Nano - Sensory Vibration Toys for Kids and Cats - Small HEX Bug Tech Toy - Batteries Included - Multicolor",
        "url": "https://www.walmart.com/ip/HEXBUG-Nano-5-Pack-4-Chroma-Plus-Bonus-Flash-Sensory-Vibration-Toys-Kids-Cats-Small-HEX-Bug-Tech-Toy-Batteries-Included-Multicolor/535333679",
        "price": "$19.99",
        "stars": 0,
        "ratings": 0,
        "img": "i5.walmartimages.com/asr/e7da398f-f38a-427c-bef7-1314784ab85f.b532d9d467ad0089c6ca52a728c9733c.jpeg?odnWidth=612&odnHeight=612&odnBg=ffffff",
        "tags": [
            [
                "Electronic Toys",
                "/browse/toys/electronic-toys/4171_1096069_1105959_1096123"
            ],
            [
                "Robots & Electronic Pets",
                "/browse/toys/robots-electronic-pets/4171_1096069_1105959_1105996"
            ],
            [
                "Robotic Toys",
                "/browse/toys/robotic-toys/4171_1096069_1105959_2211540"
            ],
            [
                "Gifts for 4 year old boy",
                "/browse/toys/gifts-for-4-year-old-boy/4171_3318550_7016108_4071474"
            ],
            [
                "Toys for 3 year old boys",
                "/browse/toys/toys-for-3-year-old-boys/4171_3318550_7016108_4372226"
            ],
            [
                "Toys for 3 year old girls",
                "/browse/toys/toys-for-3-year-old-girls/4171_3318550_7016108_7213465"
            ],
            [
                "Robot Toys",
                "/browse/toys/robot-toys/4171_1229858_8116584"
            ],
            [
                "Toys for 4 year old boys",
                "/browse/toys/toys-for-4-year-old-boys/4171_3318550_7016108_9088809"
            ]
        ]
    },
    {
        "title": "Blinkee 824200 LED Alarm Clock",
        "url": "https://www.walmart.com/ip/Blinkee-824200-LED-Alarm-Clock/151109812",
        "price": "$12.99",
        "stars": "3.0",
        "ratings": "1 ",
        "img": "",
        "tags": [
            [
                "Kids' Clocks",
                "/browse/home/kids-clocks/4044_1154295_1156072_1156232"
            ],
            [
                "Shop All Kids' Decor",
                "/browse/home/shop-all-kids-decor/4044_1154295_1156072_2546143"
            ],
            [
                "Kids' Night Lights",
                "/browse/home/kids-night-lights/4044_1154295_1156072_4846563"
            ],
            [
                "Night Lights",
                "/browse/home/night-lights/4044_133012_133113_5290384"
            ],
            [
                "Dorm Bundles",
                "/browse/home/dorm-bundles/4044_1225301_1225229_5830926"
            ],
            [
                "Shop All Night Lights",
                "/browse/home/shop-all-night-lights/4044_133012_133113_9240383_6193995"
            ],
            [
                "Dorm Decor",
                "/browse/home/dorm-decor/4044_1225301_1225229_7471338"
            ]
        ]
    },
    {
        "title": "The Lie Detector Game Adult Party Game, Ages 16 and Up",
        "url": "https://www.walmart.com/ip/The-Lie-Detector-Game-Adult-Party-Game-Ages-16-and-Up/357315039",
        "price": "$33.03",
        "stars": "4.2",
        "ratings": "46 ",
        "img": "i5.walmartimages.com/asr/47b31cd9-1500-4aee-9b61-7d4f178751d0_1.8e2b6a1aeeaf28f2e91b43157071049e.jpeg?odnWidth=612&odnHeight=612&odnBg=ffffff",
        "tags": [
            [
                "Card Games",
                "/browse/toys/card-games/4171_4191_163842"
            ],
            [
                "Classic Games",
                "/browse/toys/classic-games/4171_4191_2084995"
            ],
            [
                "Family Games",
                "/browse/toys/family-games/4171_4191_2335373_2204878"
            ],
            [
                "All Board Games",
                "/browse/toys/all-board-games/4171_4191_133123_4497274"
            ],
            [
                "Party Games",
                "/browse/toys/party-games/4171_4191_5016956"
            ],
            [
                "Toys for Kids 12 Years & Up",
                "/browse/toys/toys-for-kids-12-years-up/4171_3318550_1077724_6922509"
            ],
            [
                "Adult Games",
                "/browse/toys/adult-games/4171_4191_2335373_9523585"
            ]
        ]
    }
]