[
    {
        "title": "LEGO Star Wars: The Rise of Skywalker Kylo Ren's Shuttle 75256",
        "url": "https://www.walmart.com/ip/LEGO-Star-Wars-The-Rise-of-Skywalker-Kylo-Ren-s-Shuttle-75256/265534874",
        "price": "$110.99",
        "stars": "4.7",
        "ratings": "70 ",
        "img": "",
        "tags": [
            [
                "LEGO Easter Building Sets",
                "/browse/toys/lego-easter-building-sets/4171_4186_1105635_2668753"
            ],
            [
                "LEGO Star Wars Building Sets",
                "/browse/toys/lego-star-wars-building-sets/4171_4186_1105635_3578631"
            ],
            [
                "Building Sets for Boys",
                "/browse/toys/building-sets-for-boys/4171_1228478_4255542"
            ],
            [
                "Star Wars Toys",
                "/browse/toys/star-wars-toys/4171_7357538_4426623"
            ],
            [
                "LEGO Sets Ages 12+",
                "/browse/toys/lego-sets-ages-12/4171_4186_1105635_4836372"
            ],
            [
                "Building Toys Ages 8 to 11",
                "/browse/toys/building-toys-ages-8-to-11/4171_4186_6416592"
            ],
            [
                "LEGO Sets Ages 8 to 11",
                "/browse/toys/lego-sets-ages-8-to-11/4171_4186_1105635_6901070"
            ],
            [
                "Building Toys Ages 12+",
                "/browse/toys/building-toys-ages-12/4171_4186_9012439"
            ]
        ]
    },
    {
        "title": "Mickey Mouse Clubhouse Cash Register, Ages 3+",
        "url": "https://www.walmart.com/ip/Mickey-Mouse-Clubhouse-Cash-Register-Ages-3/784386383",
        "price": "$9.88",
        "stars": "2.3",
        "ratings": "3 ",
        "img": "i5.walmartimages.com/asr/8ca6e481-282a-4d32-bea3-daf6fa6d4c61.767c949313f67ab9831a27ce0e3fcc24.jpeg?odnWidth=612&odnHeight=612&odnBg=ffffff",
        "tags": [
            [
                "All Preschool Vehicles & Playsets",
                "/browse/toys/all-preschool-vehicles-playsets/4171_1111647_5858854_3439996"
            ],
            [
                "Toy Cash Register",
                "/browse/toys/toy-cash-register/4171_4173_4651452_3594981"
            ],
            [
                "Pretend Play Toys for Boys",
                "/browse/toys/pretend-play-toys-for-boys/4171_4173_3613401"
            ],
            [
                "TV & Movie Playsets",
                "/browse/toys/tv-movie-playsets/4171_4172_9845227_4517984"
            ],
            [
                "Math Toys for Kids",
                "/browse/toys/math-toys-for-kids/4171_1229858_6906869"
            ],
            [
                "Fisher Price Pretend Play",
                "/browse/toys/fisher-price-pretend-play/4171_4173_7354985"
            ]
        ]
    },
    {
        "title": "LEGO Star Wars Death Star 75159 Collectbile Building Set",
        "url": "https://www.walmart.com/ip/LEGO-Star-Wars-Death-Star-75159-Collectbile-Building-Set/53733588",
        "price": "$499.95",
        "stars": "4.2",
        "ratings": "107 ",
        "img": "i5.walmartimages.com/asr/77b2ef9a-4777-48c4-86f8-25e3b8b55b2f_3.ebec3e083de08d9ff58a614cd8dda503.jpeg?odnWidth=612&odnHeight=612&odnBg=ffffff",
        "tags": [
            [
                "LEGO Star Wars Building Sets",
                "/browse/toys/lego-star-wars-building-sets/4171_4186_1105635_3578631"
            ],
            [
                "Building Sets for Boys",
                "/browse/toys/building-sets-for-boys/4171_1228478_4255542"
            ],
            [
                "Star Wars Toys",
                "/browse/toys/star-wars-toys/4171_7357538_4426623"
            ],
            [
                "LEGO Sets Ages 12+",
                "/browse/toys/lego-sets-ages-12/4171_4186_1105635_4836372"
            ],
            [
                "Building Toys Ages 8 to 11",
                "/browse/toys/building-toys-ages-8-to-11/4171_4186_6416592"
            ],
            [
                "LEGO Sets Ages 8 to 11",
                "/browse/toys/lego-sets-ages-8-to-11/4171_4186_1105635_6901070"
            ],
            [
                "LEGO Super Heroes",
                "/browse/toys/lego-super-heroes/4171_4186_1105635_8670140"
            ],
            [
                "Building Toys Ages 12+",
                "/browse/toys/building-toys-ages-12/4171_4186_9012439"
            ]
        ]
    },
    {
        "title": "Star Wars The Vintage Collection Anakin Skywalker (Peasant Disguise) Toy, 3.75-Inch-Scale Star Wars: Attack of the Clones Action Figure",
        "url": "https://www.walmart.com/ip/Star-Wars-The-Vintage-Collection-Anakin-Skywalker-Peasant-Disguise-Toy-3-75-Inch-Scale-Star-Wars-Attack-of-the-Clones-Action-Figure/799264110",
        "price": "$11.04",
        "stars": 0,
        "ratings": 0,
        "img": "i5.walmartimages.com/asr/8c629815-8e8c-4560-8f4f-21a38f4105ec.de87919d60453dc0216e3309fd13fb4d.jpeg?odnWidth=612&odnHeight=612&odnBg=ffffff",
        "tags": [
            [
                "Star Wars Episodes 4-6",
                "/browse/shop-by-movie/star-wars-episodes-4-6/5920738_1229472_2558562_2261534"
            ],
            [
                "The Mandalorian",
                "/browse/shop-by-movie/the-mandalorian/5920738_1229472_7208084_3391032"
            ],
            [
                "The Child",
                "/browse/shop-by-movie/the-child/5920738_1229472_7208084_4209242"
            ],
            [
                "Light Side",
                "/browse/shop-by-movie/light-side/5920738_1229472_5804353"
            ],
            [
                "Star Wars Vehicles",
                "/browse/shop-by-movie/star-wars-vehicles/5920738_1229472_7208084_7104114"
            ],
            [
                "Star Wars Episodes 1-3",
                "/browse/shop-by-movie/star-wars-episodes-1-3/5920738_1229472_2558562_7509309"
            ],
            [
                "Dark Side",
                "/browse/shop-by-movie/dark-side/5920738_1229472_7947605"
            ],
            [
                "Star Wars Episodes 7-9",
                "/browse/shop-by-movie/star-wars-episodes-7-9/5920738_1229472_2558562_9515423"
            ]
        ]
    },
    {
        "title": "Melissa & Doug Disney Princess Wooden Stamp Set: 9 Stamps, 5 Colored Pencils, and 2-Color Stamp Pad",
        "url": "https://www.walmart.com/ip/Melissa-Doug-Disney-Princess-Wooden-Stamp-Set-9-Stamps-5-Colored-Pencils-and-2-Color-Stamp-Pad/40752754",
        "price": "$8.99",
        "stars": "4.5",
        "ratings": "4 ",
        "img": "i5.walmartimages.com/asr/7e7b136f-3756-4f16-b694-a406246b067b_1.6a05918a0ceae58c19c2bf4553ba7778.jpeg?odnWidth=612&odnHeight=612&odnBg=ffffff",
        "tags": [
            [
                "Craft Kits for Kids",
                "/browse/arts-crafts-sewing/craft-kits-for-kids/1334134_6172404_7108348_4022952_3971378"
            ],
            [
                "Stickers",
                "/browse/arts-crafts-sewing/stickers/1334134_8495017_5211307"
            ],
            [
                "Beading Kits",
                "/browse/arts-crafts-sewing/beading-kits/1334134_4533160_9799323_6322647"
            ],
            [
                "Frozen Fabrics & Crafts",
                "/browse/arts-crafts-sewing/frozen-fabrics-crafts/1334134_4232946_2885751_7356192"
            ],
            [
                "Embossing",
                "/browse/arts-crafts-sewing/embossing/1334134_6172404_4854691_7459663"
            ],
            [
                "Cricut Vinyl",
                "/browse/arts-crafts-sewing/cricut-vinyl/1334134_9799587_8374569_9102142"
            ],
            [
                "Adhesive Vinyl",
                "/browse/arts-crafts-sewing/adhesive-vinyl/1334134_6172404_4854691_7730900_9115918"
            ],
            [
                "Paint Mediums",
                "/browse/arts-crafts-sewing/paint-mediums/1334134_5899871_7445675_9159930"
            ]
        ]
    },
    {
        "title": "Disney Frozen 2 Light-Up & Sounds Water Nokk, 15 Inches Tall - Perfect for 14\" Dolls",
        "url": "https://www.walmart.com/ip/Disney-Frozen-2-Light-Up-Sounds-Water-Nokk-15-Inches-Tall-Perfect-for-14-Dolls/376904807",
        "price": "$31.52",
        "stars": "4.6",
        "ratings": "21 ",
        "img": "i5.walmartimages.com/asr/ffb44749-4efe-45c9-a7ff-eb5a382403b0_1.43156d820cec4cd29175b7e57dead9f2.jpeg?odnWidth=612&odnHeight=612&odnBg=ffffff",
        "tags": [
            [
                "All Disney Toys",
                "/browse/toys/all-disney-toys/4171_6909449_1773797"
            ],
            [
                "Frozen Dolls & Dollhouses",
                "/browse/toys/frozen-dolls-dollhouses/4171_7357538_6091150_1817573"
            ],
            [
                "Frozen Dolls",
                "/browse/toys/frozen-dolls/4171_4187_8051423_2062169"
            ],
            [
                "Frozen Costume",
                "/browse/toys/frozen-costume/4171_4173_7421020_5095241_3353930"
            ],
            [
                "All Frozen Toys",
                "/browse/toys/all-frozen-toys/4171_7357538_6091150_4557348"
            ],
            [
                "Disney Princess Dolls",
                "/browse/toys/disney-princess-dolls/4171_4187_8051423_4656670"
            ],
            [
                "Fashion Dolls",
                "/browse/toys/fashion-dolls/4171_4187_8051423_7344622"
            ],
            [
                "My Life As Dollhouses & Playsets",
                "/browse/toys/my-life-as-dollhouses-playsets/4171_6331649_9301546_9666912"
            ]
        ]
    },
    {
        "title": "Monopoly Game Disney The Lion King Edition Family Board Game",
        "url": "https://www.walmart.com/ip/Monopoly-Game-Disney-The-Lion-King-Edition-Family-Board-Game/574643064",
        "price": "$34.05",
        "stars": "4.7",
        "ratings": "43 ",
        "img": "i5.walmartimages.com/asr/818a0dae-dcc1-4261-a9e9-2d8b6e8e408b_1.74fe4c2315c82531bceb43c6ce0ca572.jpeg?odnWidth=612&odnHeight=612&odnBg=ffffff",
        "tags": [
            [
                "Classic Games",
                "/browse/toys/classic-games/4171_4191_2084995"
            ],
            [
                "Family Games",
                "/browse/toys/family-games/4171_4191_2335373_2204878"
            ],
            [
                "Frozen Games & Puzzles",
                "/browse/toys/frozen-games-puzzles/4171_7357538_6091150_3595068"
            ],
            [
                "Lion King Plush",
                "/browse/toys/lion-king-plush/4171_7357538_2966184_4236726"
            ],
            [
                "All Board Games",
                "/browse/toys/all-board-games/4171_4191_133123_4497274"
            ],
            [
                "Only at Walmart Games & Puzzles",
                "/browse/toys/only-at-walmart-games-puzzles/4171_4191_6786083"
            ],
            [
                "Toys for Kids 8 to 11 Years",
                "/browse/toys/toys-for-kids-8-to-11-years/4171_3318550_617942_8104028"
            ],
            [
                "All Lion King Toys",
                "/browse/toys/all-lion-king-toys/4171_7357538_2966184_8142145"
            ]
        ]
    },
    {
        "title": "LEGO Super Heroes Avengers Hulk Helicopter Rescue 76144",
        "url": "https://www.walmart.com/ip/LEGO-Super-Heroes-Avengers-Hulk-Helicopter-Rescue-76144/536414110",
        "price": "$47.79",
        "stars": "4.5",
        "ratings": "20 ",
        "img": "i5.walmartimages.com/asr/f09745d8-aba4-4b83-abe5-7f5683c1baea_3.d82ce9ca068c3333d651d04be9dac4ba.jpeg?odnWidth=612&odnHeight=612&odnBg=ffffff",
        "tags": [
            [
                "LEGO Easter Building Sets",
                "/browse/toys/lego-easter-building-sets/4171_4186_1105635_2668753"
            ],
            [
                "Building Sets for Boys",
                "/browse/toys/building-sets-for-boys/4171_1228478_4255542"
            ],
            [
                "LEGO Sets Ages 12+",
                "/browse/toys/lego-sets-ages-12/4171_4186_1105635_4836372"
            ],
            [
                "LEGO Avengers",
                "/browse/toys/lego-avengers/4171_4186_1105635_5556183"
            ],
            [
                "Building Toys Ages 8 to 11",
                "/browse/toys/building-toys-ages-8-to-11/4171_4186_6416592"
            ],
            [
                "LEGO Sets Ages 8 to 11",
                "/browse/toys/lego-sets-ages-8-to-11/4171_4186_1105635_6901070"
            ],
            [
                "LEGO Super Heroes",
                "/browse/toys/lego-super-heroes/4171_4186_1105635_8670140"
            ],
            [
                "Building Toys Ages 12+",
                "/browse/toys/building-toys-ages-12/4171_4186_9012439"
            ]
        ]
    },
    {
        "title": "Ravensburger Disney Villainous: The Worst Takes It All Strategy Board Game for Age 10 & Up - 2019 TOTY Game of The Year Award Winner",
        "url": "https://www.walmart.com/ip/Ravensburger-Disney-Villainous-The-Worst-Takes-It-All-Strategy-Board-Game-for-Age-10-Up-2019-TOTY-Game-of-The-Year-Award-Winner/543060375",
        "price": "$34.97",
        "stars": "4.5",
        "ratings": "21 ",
        "img": "i5.walmartimages.com/asr/6cfcef1e-ef8f-4174-a0a6-8cebea23f894_3.7b85ef1e69863b0e8ff133ccc2884679.jpeg?odnWidth=612&odnHeight=612&odnBg=ffffff",
        "tags": [
            [
                "Card Games",
                "/browse/toys/card-games/4171_4191_163842"
            ],
            [
                "Classic Games",
                "/browse/toys/classic-games/4171_4191_2084995"
            ],
            [
                "Family Games",
                "/browse/toys/family-games/4171_4191_2335373_2204878"
            ],
            [
                "All Board Games",
                "/browse/toys/all-board-games/4171_4191_133123_4497274"
            ],
            [
                "Party Games",
                "/browse/toys/party-games/4171_4191_5016956"
            ],
            [
                "Monopoly",
                "/browse/toys/monopoly/4171_4191_133123_6792970"
            ],
            [
                "Adult Games",
                "/browse/toys/adult-games/4171_4191_2335373_9523585"
            ]
        ]
    },
    {
        "title": "Monopoly: Disney Villains Edition Board Game, Walmart Exclusive",
        "url": "https://www.walmart.com/ip/Monopoly-Disney-Villains-Edition-Board-Game-Walmart-Exclusive/433789114",
        "price": "$29.99",
        "stars": "4.9",
        "ratings": "14 ",
        "img": "i5.walmartimages.com/asr/db122ff3-0493-4ffc-ab07-4182336ee383.27f6f7f5df129757f3bee9312504b2fa.jpeg?odnWidth=612&odnHeight=612&odnBg=ffffff",
        "tags": [
            [
                "Ride Ons for Girls",
                "/browse/toys/ride-ons-for-girls/4171_1228477_3574057_1348260"
            ],
            [
                "Frozen Dolls & Dollhouses",
                "/browse/toys/frozen-dolls-dollhouses/4171_7357538_6091150_1817573"
            ],
            [
                "6V Powered Ride Ons",
                "/browse/toys/6v-powered-ride-ons/4171_133073_6774653_8911690_7715141_1945060"
            ],
            [
                "All Frozen Toys",
                "/browse/toys/all-frozen-toys/4171_7357538_6091150_4557348"
            ],
            [
                "Disney Princess Dolls",
                "/browse/toys/disney-princess-dolls/4171_4187_8051423_4656670"
            ],
            [
                "Toys for age  2-4  girls",
                "/browse/toys/toys-for-age-2-4-girls/4171_3318550_7016108_5476489"
            ],
            [
                "Toddler Girl Toys",
                "/browse/toys/toddler-girl-toys/4171_3318550_8469931_7878434"
            ]
        ]
    }
]