[
    {
        "title": "Disney Frozen 2 Fire Spirit's Snowy Snack, Salamander Toy with Lights",
        "url": "https://www.walmart.com/ip/Disney-Frozen-2-Fire-Spirit-s-Snowy-Snack-Salamander-Toy-with-Lights/812408953",
        "price": "$12.88",
        "stars": "4.6",
        "ratings": "43 ",
        "img": "i5.walmartimages.com/asr/1d706425-4774-4199-b635-0f12668c82f3_1.314dba4849799ce96106508c9f6a460d.jpeg?odnWidth=612&odnHeight=612&odnBg=ffffff",
        "tags": [
            [
                "All Disney Toys",
                "/browse/toys/all-disney-toys/4171_6909449_1773797"
            ],
            [
                "Frozen Dolls & Dollhouses",
                "/browse/toys/frozen-dolls-dollhouses/4171_7357538_6091150_1817573"
            ],
            [
                "Frozen Dolls",
                "/browse/toys/frozen-dolls/4171_4187_8051423_2062169"
            ],
            [
                "2 to 4 Years",
                "/browse/toys/2-to-4-years/4171_2724815_2170514"
            ],
            [
                "Disney Frozen Plush Toys",
                "/browse/toys/disney-frozen-plush-toys/4171_2724815_2924243"
            ],
            [
                "All Frozen Toys",
                "/browse/toys/all-frozen-toys/4171_7357538_6091150_4557348"
            ],
            [
                "Fashion Dolls",
                "/browse/toys/fashion-dolls/4171_4187_8051423_7344622"
            ],
            [
                "5 to 7 Years",
                "/browse/toys/5-to-7-years/4171_2724815_9191313"
            ]
        ]
    },
    {
        "title": "NKOK Sonic Team Racing Radio Controlled Sonic The Hedgehog w/ Turbo Boost",
        "url": "https://www.walmart.com/ip/NKOK-Sonic-Team-Racing-Radio-Controlled-Sonic-The-Hedgehog-w-Turbo-Boost/628311037",
        "price": "$32.98",
        "stars": "4.2",
        "ratings": "19 ",
        "img": "i5.walmartimages.com/asr/97d1b266-0324-44c7-b1f0-07203f7428be_1.6af0c41a30bb16815bcf8e0265af59aa.jpeg?odnWidth=612&odnHeight=612&odnBg=ffffff",
        "tags": [
            [
                "RC Toys by Price",
                "/browse/toys/rc-toys-by-price/4171_1111647_3436383_1341660"
            ],
            [
                "RC Toys by Vehicle Type",
                "/browse/toys/rc-toys-by-vehicle-type/4171_1111647_3436383_2702261"
            ],
            [
                "All Vehicles",
                "/browse/toys/all-vehicles/4171_1111647_2819545"
            ],
            [
                "RC Cars and Vehicles",
                "/browse/toys/rc-cars-vehicles/4171_1111647_3436383_433927"
            ],
            [
                "Cars & SUVs",
                "/browse/toys/cars-suvs/4171_1111647_6169850"
            ],
            [
                "RC Trucks & SUVs",
                "/browse/toys/rc-trucks-suvs/4171_1111647_3436383_6427365"
            ],
            [
                "RC Toys by Brand",
                "/browse/toys/rc-toys-by-brand/4171_1111647_3436383_8304402"
            ],
            [
                "RC Cars",
                "/browse/toys/rc-cars/4171_1111647_8787282"
            ]
        ]
    },
    {
        "title": "John Deere Monster Treads Lights & Sounds 8 Inch Tractor with Wagon",
        "url": "https://www.walmart.com/ip/John-Deere-Monster-Treads-Lights-Sounds-8-Inch-Tractor-with-Wagon/27765246",
        "price": "$19.97",
        "stars": "4.3",
        "ratings": "66 ",
        "img": "i5.walmartimages.com/asr/f6cd207d-0df1-41f0-a308-7cbffff86ece_1.d1d020d7b121d89110f60f3bec321354.jpeg?odnWidth=612&odnHeight=612&odnBg=ffffff",
        "tags": [
            [
                "All Vehicles",
                "/browse/toys/all-vehicles/4171_1111647_2819545"
            ],
            [
                "John Deere Toys",
                "/browse/toys/john-deere-toys/4171_1111647_4600526"
            ],
            [
                "Play Vehicles by Brand",
                "/browse/toys/play-vehicles-by-brand/4171_1111647_132910_4726205"
            ],
            [
                "All Play Vehicles",
                "/browse/toys/all-play-vehicles/4171_1111647_132910_5519114"
            ],
            [
                "Play Vehicles by Vehicle Type",
                "/browse/toys/play-vehicles-by-vehicle-type/4171_1111647_132910_6055639"
            ],
            [
                "Toy Tractors",
                "/browse/toys/toy-tractors/4171_1111647_132910_9355081"
            ],
            [
                "Play Vehicles by Price",
                "/browse/toys/play-vehicles-by-price/4171_1111647_132910_9814941"
            ]
        ]
    },
    {
        "title": "Melissa and Doug Wooden Latches Board",
        "url": "https://www.walmart.com/ip/Melissa-and-Doug-Wooden-Latches-Board/39356258",
        "price": "$18.89",
        "stars": "4.7",
        "ratings": "164 ",
        "img": "",
        "tags": [
            [
                "Ages 12-24 months",
                "/browse/baby/ages-12-24-months/5427_491351_1081284"
            ],
            [
                "Baby and Toddler Music Toys",
                "/browse/baby/baby-toddler-music-toys/5427_491351_164198"
            ],
            [
                "Melissa and Doug Baby Toys",
                "/browse/baby/melissa-doug-baby-toys/5427_491351_2106314"
            ],
            [
                "12-18 Month Toys",
                "/browse/baby/12-18-month-toys/5427_491351_2793475"
            ],
            [
                "9-12 Month Toys",
                "/browse/baby/9-12-month-toys/5427_491351_3566617"
            ],
            [
                "Baby Proofing",
                "/browse/baby/baby-proofing/5427_132943_491143"
            ],
            [
                "Shape Sorters and Stacking Toys",
                "/browse/baby/shape-sorters-stacking-toys/5427_491351_7316417"
            ],
            [
                "Play Time",
                "/browse/baby/play-time/5427_9993698_7602502"
            ]
        ]
    },
    {
        "title": "Fortnite Micro Battle Bus Nerf MicroShots Dart-Firing Blaster, 2 Darts",
        "url": "https://www.walmart.com/ip/Fortnite-Micro-Battle-Bus-Nerf-MicroShots-Dart-Firing-Blaster-2-Darts/157310628",
        "price": "$8.88",
        "stars": "4.5",
        "ratings": "12 ",
        "img": "i5.walmartimages.com/asr/a2873723-7b64-471c-bbf1-a921f3b5a891_1.9fcff4eb8b9ca0691ae47e029b635e47.jpeg?odnWidth=612&odnHeight=612&odnBg=ffffff",
        "tags": [
            [
                "Nerf Rival",
                "/browse/toys/nerf-rival/4171_14521_936979_6929634_7879959_3581457"
            ],
            [
                "Video Game Role Play",
                "/browse/toys/video-game-role-play/4171_4172_4246921_4049286"
            ],
            [
                "All Action Role Play",
                "/browse/toys/all-action-role-play/4171_4172_4246921_4384098"
            ],
            [
                "Only at Walmart Toys",
                "/browse/toys/only-at-walmart-toys/4171_6331649_4497497"
            ],
            [
                "Nerf Elite",
                "/browse/toys/nerf-elite/4171_14521_936979_6929634_7879959_5342667"
            ],
            [
                "Toys for Kids 12 Years & Up",
                "/browse/toys/toys-for-kids-12-years-up/4171_3318550_1077724_6922509"
            ],
            [
                "Toys for Kids 8 to 11 Years",
                "/browse/toys/toys-for-kids-8-to-11-years/4171_3318550_617942_8104028"
            ],
            [
                "Nerf and Blaster Dart Refills",
                "/browse/toys/nerf-blaster-dart-refills/4171_14521_936979_9777831_9239644"
            ]
        ]
    },
    {
        "title": "Wowwee Usa Prank In A Box Asst",
        "url": "https://www.walmart.com/ip/Wowwee-Usa-Prank-In-A-Box-Asst/137905193",
        "price": "$5.00",
        "stars": "2.9",
        "ratings": "11 ",
        "img": "i5.walmartimages.com/asr/8a5ac2cd-6ac2-41b1-92a2-dabbdb81fa53.5ead0a01e9b8703de203a68299c69c20.jpeg?odnWidth=612&odnHeight=612&odnBg=ffffff",
        "tags": []
    },
    {
        "title": "Genesis 18\" Glitch Boy's BMX Bike, Blue/Green",
        "url": "https://www.walmart.com/ip/Genesis-18-Glitch-Boy-s-BMX-Bike-Blue-Green/367002150",
        "price": "$88.00",
        "stars": "3.7",
        "ratings": "89 ",
        "img": "i5.walmartimages.com/asr/e631752b-91f7-49ae-a0dc-72090cdc7b3c.87d5446602ea5dbcaba0180d09e0524e.jpeg?odnWidth=612&odnHeight=612&odnBg=ffffff",
        "tags": [
            [
                "Kids' Bike Helmets & Jaw Pads",
                "/browse/toys/kids-bike-helmets-jaw-pads/4171_133073_5310116_9137144_1225456"
            ],
            [
                "BIkes for Girls",
                "/browse/toys/bikes-for-girls/4171_1228477_3574057_1533396"
            ],
            [
                "All Disney Toys",
                "/browse/toys/all-disney-toys/4171_6909449_1773797"
            ],
            [
                "Skateboard Accessories",
                "/browse/toys/skateboard-accessories/4171_133073_7200693_5249"
            ],
            [
                "Razor Sport Helmets",
                "/browse/toys/razor-sport-helmets/4171_3438149_6621100_6366016"
            ],
            [
                "Tablets with Parental Control",
                "/browse/toys/tablets-with-parental-control/4171_56125_1095151_8465247"
            ],
            [
                "All Tablets for Kids",
                "/browse/toys/all-tablets-for-kids/4171_56125_1095151_9620487"
            ]
        ]
    },
    {
        "title": "Pinkfong Baby Shark Official - Baby Shark Dancing DJ - WowWee",
        "url": "https://www.walmart.com/ip/Pinkfong-Baby-Shark-Official-Baby-Shark-Dancing-DJ-WowWee/877388879",
        "price": "$39.82",
        "stars": "4.5",
        "ratings": "14 ",
        "img": "i5.walmartimages.com/asr/d4bff0b7-cff0-4b12-aefc-d65ce8de80d1.c90cab31be896e2c331e177ed9c9ab24.jpeg?odnWidth=612&odnHeight=612&odnBg=ffffff",
        "tags": []
    },
    {
        "title": "Little People Babies Love & Care Gift Set",
        "url": "https://www.walmart.com/ip/Little-People-Babies-Love-Care-Gift-Set/991058323",
        "price": "$19.97",
        "stars": "4.9",
        "ratings": "20 ",
        "img": "i5.walmartimages.com/asr/06601db1-5e26-4536-8123-c08e17de7761_1.22927011615e803d50ddca04ab9ea8f4.jpeg?odnWidth=612&odnHeight=612&odnBg=ffffff",
        "tags": [
            [
                "Ages 0-12 months",
                "/browse/baby/ages-0-12-months/5427_491351_1081264"
            ],
            [
                "Ages 12-24 months",
                "/browse/baby/ages-12-24-months/5427_491351_1081284"
            ],
            [
                "Baby and Toddler Music Toys",
                "/browse/baby/baby-toddler-music-toys/5427_491351_164198"
            ],
            [
                "Baby Toys",
                "/browse/baby/baby-toys/5427_491351_3021491"
            ],
            [
                "Fisher Price Baby Toys",
                "/browse/baby/fisher-price-baby-toys/5427_491351_3913250"
            ],
            [
                "Fisher Price Electronic Baby Toys",
                "/browse/baby/fisher-price-electronic-baby-toys/5427_491351_6845286"
            ],
            [
                "Baby and Toddler Playsets",
                "/browse/baby/baby-toddler-playsets/5427_491351_8466232"
            ],
            [
                "Fisher Price Toddler",
                "/browse/fisher-price-toddler/5427_8667173"
            ]
        ]
    },
    {
        "title": "LEGO Jurassic World Baryonyx Face-Off: The Treasure Hunt 75935 Dinosaur Truck Toy",
        "url": "https://www.walmart.com/ip/LEGO-Jurassic-World-Baryonyx-Face-Off-The-Treasure-Hunt-75935-Dinosaur-Truck-Toy/206326803",
        "price": "$47.99",
        "stars": "4.9",
        "ratings": "29 ",
        "img": "i5.walmartimages.com/asr/f92b29ce-6dae-4ff6-87c0-d4da8975b663_4.be9e8cfaa8873b0c175d27b1a5606ecd.jpeg?odnWidth=612&odnHeight=612&odnBg=ffffff",
        "tags": [
            [
                "LEGO Easter Building Sets",
                "/browse/toys/lego-easter-building-sets/4171_4186_1105635_2668753"
            ],
            [
                "Walmart Exclusive Lego Sets",
                "/browse/toys/walmart-exclusive-lego-sets/4171_4186_1105635_2732692"
            ],
            [
                "Building Sets for Boys",
                "/browse/toys/building-sets-for-boys/4171_1228478_4255542"
            ],
            [
                "LEGO Sets Ages 12+",
                "/browse/toys/lego-sets-ages-12/4171_4186_1105635_4836372"
            ],
            [
                "Building Toys Ages 8 to 11",
                "/browse/toys/building-toys-ages-8-to-11/4171_4186_6416592"
            ],
            [
                "LEGO Sets Ages 8 to 11",
                "/browse/toys/lego-sets-ages-8-to-11/4171_4186_1105635_6901070"
            ],
            [
                "Jurassic World Toys",
                "/browse/toys/jurassic-world-toys/4171_7357538_6982853"
            ],
            [
                "LEGO Jurassic World",
                "/browse/toys/lego-jurassic-world/4171_4186_1105635_8956649"
            ]
        ]
    }
]