[
    {
        "title": "Rescue Heroes Transforming Fire Truck with Lights & Sounds",
        "url": "https://www.walmart.com/ip/Rescue-Heroes-Transforming-Fire-Truck-with-Lights-Sounds/928414760",
        "price": "$29.83",
        "stars": "4.3",
        "ratings": "240 ",
        "img": "",
        "tags": [
            [
                "Rescue Vehicles",
                "/browse/toys/rescue-vehicles/4171_1111647_132910_1262091"
            ],
            [
                "Toy Fire Trucks",
                "/browse/toys/toy-fire-trucks/4171_1111647_3047128"
            ],
            [
                "All Preschool Vehicles & Playsets",
                "/browse/toys/all-preschool-vehicles-playsets/4171_1111647_5858854_3439996"
            ],
            [
                "All Play Vehicles",
                "/browse/toys/all-play-vehicles/4171_1111647_132910_5519114"
            ],
            [
                "Play Vehicles by Vehicle Type",
                "/browse/toys/play-vehicles-by-vehicle-type/4171_1111647_132910_6055639"
            ],
            [
                "Fisher Price Preschool Toys",
                "/browse/toys/fisher-price-preschool-toys/4171_1077545_8882678"
            ],
            [
                "Play Vehicles by Price",
                "/browse/toys/play-vehicles-by-price/4171_1111647_132910_9814941"
            ]
        ]
    },
    {
        "title": "Best Choice Products 142-Piece Kids Big Robot Dinosaur Figure Racetrack Toy Play Set w/ Battery Operated Car",
        "url": "https://www.walmart.com/ip/Best-Choice-Products-142-Piece-Kids-Big-Robot-Dinosaur-Figure-Racetrack-Toy-Play-Set-w-Battery-Operated-Car/756681199",
        "price": "$19.99",
        "stars": "4.4",
        "ratings": "114 ",
        "img": "i5.walmartimages.com/asr/a421e8f1-a6e7-4a01-a970-896035da6aa1.58736e38754daa3d9ae7cbba94476b1a.jpeg?odnWidth=612&odnHeight=612&odnBg=ffffff",
        "tags": [
            [
                "Shop All Car Tracks",
                "/browse/toys/shop-all-car-tracks/4171_1111647_132910_132968"
            ],
            [
                "Robotic Toys",
                "/browse/toys/robotic-toys/4171_1096069_1105959_2211540"
            ],
            [
                "Dinosaur Toys",
                "/browse/toys/dinosaur-toys/4171_4172_6335762"
            ],
            [
                "Toys for 4 year olds",
                "/browse/toys/toys-for-4-year-olds/4171_3318550_7016108_6734866"
            ],
            [
                "Jurassic World Toys",
                "/browse/toys/jurassic-world-toys/4171_7357538_6982853"
            ],
            [
                "Toys for 2 year olds",
                "/browse/toys/toys-for-2-year-olds/4171_3318550_7016108_7131451"
            ],
            [
                "Toys for 3 year olds",
                "/browse/toys/toys-for-3-year-olds/4171_3318550_7016108_9012469"
            ]
        ]
    },
    {
        "title": "LEGO Star Wars: The Rise of Skywalker Resistance A-Wing Starfighter 75248 Advanced Collectible Starship Model Set (269 Pieces)",
        "url": "https://www.walmart.com/ip/LEGO-Star-Wars-The-Rise-of-Skywalker-Resistance-A-Wing-Starfighter-75248-Advanced-Collectible-Starship-Model-Set-269-Pieces/220154613",
        "price": "$24.47",
        "stars": "4.7",
        "ratings": "59 ",
        "img": "i5.walmartimages.com/asr/50b594c5-2c67-47e8-a0b6-289217201716.21fecfb15ade415ced5e949098ae9377.jpeg?odnWidth=612&odnHeight=612&odnBg=ffffff",
        "tags": [
            [
                "LEGO Easter Building Sets",
                "/browse/toys/lego-easter-building-sets/4171_4186_1105635_2668753"
            ],
            [
                "LEGO Star Wars Building Sets",
                "/browse/toys/lego-star-wars-building-sets/4171_4186_1105635_3578631"
            ],
            [
                "Building Sets for Boys",
                "/browse/toys/building-sets-for-boys/4171_1228478_4255542"
            ],
            [
                "Star Wars Toys",
                "/browse/toys/star-wars-toys/4171_7357538_4426623"
            ],
            [
                "LEGO Sets Ages 12+",
                "/browse/toys/lego-sets-ages-12/4171_4186_1105635_4836372"
            ],
            [
                "Building Toys Ages 8 to 11",
                "/browse/toys/building-toys-ages-8-to-11/4171_4186_6416592"
            ],
            [
                "LEGO Sets Ages 8 to 11",
                "/browse/toys/lego-sets-ages-8-to-11/4171_4186_1105635_6901070"
            ],
            [
                "Building Toys Ages 12+",
                "/browse/toys/building-toys-ages-12/4171_4186_9012439"
            ]
        ]
    },
    {
        "title": "PAW Patrol, Dino Rescue Skye\u2019s Deluxe Rev Up Vehicle with Mystery Dinosaur Figure",
        "url": "https://www.walmart.com/ip/PAW-Patrol-Dino-Rescue-Skye-s-Deluxe-Rev-Up-Vehicle-with-Mystery-Dinosaur-Figure/953235928",
        "price": "$12.97",
        "stars": "4.8",
        "ratings": "61 ",
        "img": "i5.walmartimages.com/asr/f29046d1-8d9f-4fb9-be5c-5f6f6a638bc3.2b81ceed92b9385fcbaf56e55059162c.jpeg?odnWidth=612&odnHeight=612&odnBg=ffffff",
        "tags": [
            [
                "Paw Patrol Toys",
                "/browse/toys/paw-patrol-toys/4171_7357538_1804970"
            ],
            [
                "PAW Patrol",
                "/browse/toys/paw-patrol/4171_4172_1574302_2726380"
            ],
            [
                "All Preschool Vehicles & Playsets",
                "/browse/toys/all-preschool-vehicles-playsets/4171_1111647_5858854_3439996"
            ],
            [
                "Paw Patrol",
                "/browse/toys/paw-patrol/4171_1111647_5084539"
            ],
            [
                "All Play Vehicles",
                "/browse/toys/all-play-vehicles/4171_1111647_132910_5519114"
            ],
            [
                "Dinosaur Toys",
                "/browse/toys/dinosaur-toys/4171_4172_6335762"
            ],
            [
                "PAW Patrol Toys",
                "/browse/toys/paw-patrol-toys/4171_3438149_8288276"
            ]
        ]
    },
    {
        "title": "Kid Connection Preschool RC Vehicles, 2 Count",
        "url": "https://www.walmart.com/ip/Kid-Connection-Preschool-RC-Vehicles-2-Count/580184453",
        "price": "$9.97",
        "stars": "4.8",
        "ratings": "18 ",
        "img": "i5.walmartimages.com/asr/1bfdd54f-04a4-4f74-9427-7a8ca35da180.f3955a666bf5f74f3115acc9ff657e67.jpeg?odnWidth=612&odnHeight=612&odnBg=ffffff",
        "tags": []
    },
    {
        "title": "Novie, Interactive Smart Robot with Over 75 Actions and Learns 12 Tricks (Red), for Kids Aged 4 and Up",
        "url": "https://www.walmart.com/ip/Novie-Interactive-Smart-Robot-with-Over-75-Actions-and-Learns-12-Tricks-Red-for-Kids-Aged-4-and-Up/673327050",
        "price": "$9.99",
        "stars": "4.4",
        "ratings": "118 ",
        "img": "i5.walmartimages.com/asr/07451776-a3e3-40cd-91dd-04cfebd97bc4_1.094a0b935624038b90ff40804e976b13.jpeg?odnWidth=612&odnHeight=612&odnBg=ffffff",
        "tags": [
            [
                "Electronic Toys",
                "/browse/toys/electronic-toys/4171_1096069_1105959_1096123"
            ],
            [
                "Robots & Electronic Pets",
                "/browse/toys/robots-electronic-pets/4171_1096069_1105959_1105996"
            ],
            [
                "RC Toys by Price",
                "/browse/toys/rc-toys-by-price/4171_1111647_3436383_1341660"
            ],
            [
                "RC Toys by Vehicle Type",
                "/browse/toys/rc-toys-by-vehicle-type/4171_1111647_3436383_2702261"
            ],
            [
                "Electronic Pets",
                "/browse/toys/electronic-pets/4171_4187_4209464"
            ],
            [
                "RC Cars and Vehicles",
                "/browse/toys/rc-cars-vehicles/4171_1111647_3436383_433927"
            ],
            [
                "Robot Toys",
                "/browse/toys/robot-toys/4171_1229858_8116584"
            ],
            [
                "RC Toys by Brand",
                "/browse/toys/rc-toys-by-brand/4171_1111647_3436383_8304402"
            ]
        ]
    },
    {
        "title": "Disney Baby Musical Crawling Pals Plush, Minnie, Ages 0+",
        "url": "https://www.walmart.com/ip/Disney-Baby-Musical-Crawling-Pals-Plush-Minnie-Ages-0/344782213",
        "price": "$19.88",
        "stars": "4.5",
        "ratings": "61 ",
        "img": "i5.walmartimages.com/asr/144cfb84-0c24-4d32-850d-d99562b1280c.72f298fea38cc3935ecdd20359dba0cf.jpeg?odnWidth=612&odnHeight=612&odnBg=ffffff",
        "tags": [
            [
                "All Stuffed Animals & Plush",
                "/browse/toys/all-stuffed-animals-plush/4171_2724815_132874"
            ],
            [
                "2 to 4 Years",
                "/browse/toys/2-to-4-years/4171_2724815_2170514"
            ],
            [
                "All Minnie Mouse Toys",
                "/browse/toys/all-minnie-mouse-toys/4171_7357538_8112673_2768272"
            ],
            [
                "8 to 11 Years",
                "/browse/toys/8-to-11-years/4171_2724815_3925001"
            ],
            [
                "Stuffed Animals for Girls",
                "/browse/toys/stuffed-animals-for-girls/4171_2724815_3975865"
            ],
            [
                "Minnie Mouse Stuffed Animals",
                "/browse/toys/minnie-mouse-stuffed-animals/4171_2724815_6774273"
            ],
            [
                "Mickey Mouse Stuffed Animals",
                "/browse/toys/mickey-mouse-stuffed-animals/4171_2724815_8646250"
            ],
            [
                "Stuffed Animals for Boys",
                "/browse/toys/stuffed-animals-for-boys/4171_2724815_9211121"
            ]
        ]
    },
    {
        "title": "Hover-1 Blue Matrix UL Certified Electric Hoverboard w/ 6.5in Wheels, LED Sensor Lights, LED Wheel Well Lights, Bluetooth Speaker; Ideal for Boys and Girls 8+ and Less Than 180 lbs",
        "url": "https://www.walmart.com/ip/Hover-1-Blue-Matrix-UL-Certified-Electric-Hoverboard-w-6-5in-Wheels-LED-Sensor-Lights-Wheel-Well-Bluetooth-Speaker-Ideal-Boys-Girls-8-Less-Than-180-l/245819153",
        "price": "$148.00",
        "stars": "4.1",
        "ratings": "289 ",
        "img": "i5.walmartimages.com/asr/633cd1f3-501c-4a21-a136-5ba916a0a62b_2.3a66771db78959d5f70110d888b8e3b0.jpeg?odnWidth=612&odnHeight=612&odnBg=ffffff",
        "tags": [
            [
                "Hover-1 Ride Ons",
                "/browse/toys/hover-1-ride-ons/4171_133073_6774653_6489011_1820735"
            ],
            [
                "Bluetooth Hoverboards",
                "/browse/toys/bluetooth-hoverboards/4171_133073_6774653_3545894_4437736"
            ],
            [
                "Electric Transportation",
                "/browse/toys/electric-transportation/4171_133073_6221094"
            ],
            [
                "Adult Electric Scooter",
                "/browse/toys/adult-electric-scooter/4171_133073_6774653_4137853_3209634_7994546_6511135"
            ],
            [
                "Toys for Kids 12 Years & Up",
                "/browse/toys/toys-for-kids-12-years-up/4171_3318550_1077724_6922509"
            ],
            [
                "Toys for Kids 8 to 11 Years",
                "/browse/toys/toys-for-kids-8-to-11-years/4171_3318550_617942_8104028"
            ],
            [
                "Hoverboards for Boys",
                "/browse/toys/hoverboards-for-boys/4171_1228478_3172813_9197705"
            ],
            [
                "Hoverboards for Girls",
                "/browse/toys/hoverboards-for-girls/4171_1228477_3574057_9929790"
            ]
        ]
    },
    {
        "title": "Treasure X Sunken Gold Bottle Smash - Action Figure & Treasure Inside",
        "url": "https://www.walmart.com/ip/Treasure-X-Sunken-Gold-Bottle-Smash-Action-Figure-Treasure-Inside/322329719",
        "price": "$9.84",
        "stars": "4.8",
        "ratings": "16 ",
        "img": "i5.walmartimages.com/asr/6447864b-e8cf-4671-b03e-3f3bcfac41af.8803e856509b65221ab3f1d2d2eecc9d.jpeg?odnWidth=612&odnHeight=612&odnBg=ffffff",
        "tags": [
            [
                "All Action Figure Playsets",
                "/browse/toys/all-action-figure-playsets/4171_4172_9845227_1156794"
            ],
            [
                "Top Rated Toys by Kids",
                "/browse/toys/top-rated-toys-by-kids/4171_1228385_1228386"
            ],
            [
                "All Action Figures",
                "/browse/toys/all-action-figures/4171_4172_133130"
            ],
            [
                "Bubbles",
                "/browse/toys/bubbles/4171_14521_4564296_4172005"
            ],
            [
                "Matchbox Cars & Trucks",
                "/browse/toys/matchbox-cars-trucks/4171_1111647_132910_4472469"
            ],
            [
                "Dragon Toys",
                "/browse/toys/dragon-toys/4171_7357538_5461952"
            ],
            [
                "Toys for Kids 5 to 7 Years",
                "/browse/toys/toys-for-kids-5-to-7-years/4171_3318550_617941_8920388"
            ],
            [
                "Minnie Mouse Dolls & Dollhouses",
                "/browse/toys/minnie-mouse-dolls-dollhouses/4171_7357538_8112673_9471568"
            ]
        ]
    },
    {
        "title": "LEGO Super Mario Whomp\u2019s Lava Trouble Expansion Set 71364 Creative Building Toy for Kids (133 Pieces)",
        "url": "https://www.walmart.com/ip/LEGO-Super-Mario-Whomp-s-Lava-Trouble-Expansion-Set-71364-Creative-Building-Toy-for-Kids-133-Pieces/179211977",
        "price": "$19.99",
        "stars": "4.3",
        "ratings": "19 ",
        "img": "i5.walmartimages.com/asr/2fadb543-372c-4b46-80f2-e3e3b99313c8.41a36f48dfbba3219d5ccf9a9382051e.jpeg?odnWidth=612&odnHeight=612&odnBg=ffffff",
        "tags": []
    }
]