[
    {
        "title": "Sony DSC-HX80 High-zoom Point and Shoot Camera with Sony 32GB Memory Card & Focus Memory Card",
        "url": "https://www.walmart.com/ip/Sony-DSC-HX80-High-zoom-Point-and-Shoot-Camera-with-Sony-32GB-Memory-Card-Focus-Memory-Card/129407020",
        "price": "$368.00",
        "stars": "4.2",
        "ratings": "80 ",
        "img": "",
        "tags": [
            [
                "Electronic Toys",
                "/browse/toys/electronic-toys/4171_1096069_1105959_1096123"
            ],
            [
                "Bilingual Toys",
                "/browse/toys/bilingual-toys/4171_56125_1229855"
            ],
            [
                "VTech Toys",
                "/browse/toys/vtech-toys/4171_3438149_3348821"
            ],
            [
                "Pretend Play Toys for Boys",
                "/browse/toys/pretend-play-toys-for-boys/4171_4173_3613401"
            ],
            [
                "12+ Years",
                "/browse/toys/12-years/4171_2724815_4436782"
            ],
            [
                "Tablets with Parental Control",
                "/browse/toys/tablets-with-parental-control/4171_56125_1095151_8465247"
            ],
            [
                "All Tablets for Kids",
                "/browse/toys/all-tablets-for-kids/4171_56125_1095151_9620487"
            ]
        ]
    },
    {
        "title": "Hanazuki Treasuring Set (Collection 1)",
        "url": "https://www.walmart.com/ip/Hanazuki-Treasuring-Set-Collection-1/55824132",
        "price": "$5.99",
        "stars": "4.5",
        "ratings": "2 ",
        "img": "i5.walmartimages.com/asr/22e37cc7-39d8-42e3-8d27-207db28c6a18_1.7832abedbbc430e2db512f45cb708ed4.jpeg?odnWidth=612&odnHeight=612&odnBg=ffffff",
        "tags": [
            [
                "App Toys",
                "/browse/toys/app-toys/4171_1096069_1099195"
            ],
            [
                "Robots & Electronic Pets",
                "/browse/toys/robots-electronic-pets/4171_1096069_1105959_1105996"
            ],
            [
                "Electronic Games",
                "/browse/toys/electronic-games/4171_4191_133045"
            ],
            [
                "Pomsies",
                "/browse/toys/pomsies/4171_4187_1802942"
            ],
            [
                "All Preschool Action Figures & Playsets",
                "/browse/toys/all-preschool-action-figures-playsets/4171_4172_1574302_2852038"
            ],
            [
                "Little Live Pets",
                "/browse/toys/little-live-pets/4171_4187_7790702_3693047"
            ],
            [
                "Electronic Pets",
                "/browse/toys/electronic-pets/4171_4187_4209464"
            ],
            [
                "Dragon Toys",
                "/browse/toys/dragon-toys/4171_7357538_5461952"
            ]
        ]
    },
    {
        "title": "Vokodo Interactive Walking Toy Robot With Spinning Hand Lights And Sound Effects Kids Smart Police Robocop Android Robotic Cop Play Action Battery Operated Great Gift For Children Boys Girls Toddlers",
        "url": "https://www.walmart.com/ip/Vokodo-Interactive-Walking-Toy-Robot-With-Spinning-Hand-Lights-And-Sound-Effects-Kids-Smart-Police-Robocop-Android-Robotic-Cop-Play-Action-Battery-Op/851050687",
        "price": "$17.95",
        "stars": "5.0",
        "ratings": "1 ",
        "img": "i5.walmartimages.com/asr/ebdf5b3c-bb7b-4dda-b82c-bee0c9eedbb4_1.cf8bf018f44c84502a5df769885bfdba.jpeg?odnWidth=612&odnHeight=612&odnBg=ffffff",
        "tags": [
            [
                "Robots & Electronic Pets",
                "/browse/toys/robots-electronic-pets/4171_1096069_1105959_1105996"
            ],
            [
                "Army Tank Models",
                "/browse/toys/army-tank-models/4171_2229239_2096669"
            ],
            [
                "Robotic Toys",
                "/browse/toys/robotic-toys/4171_1096069_1105959_2211540"
            ],
            [
                "Electronic Pets",
                "/browse/toys/electronic-pets/4171_4187_4209464"
            ],
            [
                "RC Cars and Vehicles",
                "/browse/toys/rc-cars-vehicles/4171_1111647_3436383_433927"
            ],
            [
                "Car Toys",
                "/browse/toys/car-toys/4171_1111647_132910_7297605"
            ],
            [
                "Robot Toys",
                "/browse/toys/robot-toys/4171_1229858_8116584"
            ],
            [
                "Kids Kitchen Appliances",
                "/browse/toys/kids-kitchen-appliances/4171_4173_3287807_133035_9102257"
            ]
        ]
    },
    {
        "title": "Cute Candy Game Console with 200+ Classic Games FC NES Games Pocket Game Pad Hand-held Game System for Children",
        "url": "https://www.walmart.com/ip/Cute-Candy-Game-Console-with-200-Classic-Games-FC-NES-Games-Pocket-Game-Pad-Hand-held-Game-System-for-Children/187464946",
        "price": "$12.29",
        "stars": "4.5",
        "ratings": "4 ",
        "img": "i5.walmartimages.com/asr/5d925080-6005-43cf-b053-294c2fe804a6_1.74fbe054424fcafdc70ccab0484494c9.jpeg?odnWidth=612&odnHeight=612&odnBg=ffffff",
        "tags": [
            [
                "Electronic Games",
                "/browse/toys/electronic-games/4171_4191_133045"
            ],
            [
                "Classic Games",
                "/browse/toys/classic-games/4171_4191_2084995"
            ],
            [
                "Family Games",
                "/browse/toys/family-games/4171_4191_2335373_2204878"
            ],
            [
                "All Board Games",
                "/browse/toys/all-board-games/4171_4191_133123_4497274"
            ],
            [
                "Toys for Kids 2 to 4 Years",
                "/browse/toys/toys-for-kids-2-to-4-years/4171_3318550_7016108_4703344"
            ],
            [
                "Fashion Dolls",
                "/browse/toys/fashion-dolls/4171_4187_8051423_7344622"
            ],
            [
                "Toys for Kids 5 to 7 Years",
                "/browse/toys/toys-for-kids-5-to-7-years/4171_3318550_617941_8920388"
            ]
        ]
    },
    {
        "title": "Talking Hamster Repeats What You Say Educational Talking Toy Repeating Hamster Toy Gift for Kids Age 3+",
        "url": "https://www.walmart.com/ip/Talking-Hamster-Repeats-What-You-Say-Educational-Talking-Toy-Repeating-Hamster-Toy-Gift-for-Kids-Age-3/956339625",
        "price": "$9.59",
        "stars": "4.0",
        "ratings": "5 ",
        "img": "",
        "tags": [
            [
                "Electronic Toys",
                "/browse/toys/electronic-toys/4171_1096069_1105959_1096123"
            ],
            [
                "Fingerlings",
                "/browse/toys/fingerlings/4171_4187_1741575"
            ],
            [
                "Robotic Toys",
                "/browse/toys/robotic-toys/4171_1096069_1105959_2211540"
            ],
            [
                "Little Live Pets",
                "/browse/toys/little-live-pets/4171_4187_7790702_3693047"
            ],
            [
                "Electronic Pets",
                "/browse/toys/electronic-pets/4171_4187_4209464"
            ],
            [
                "Furreal Friends",
                "/browse/toys/furreal-friends/4171_4187_5776542"
            ],
            [
                "Robot Toys",
                "/browse/toys/robot-toys/4171_1229858_8116584"
            ],
            [
                "Hatchimals",
                "/browse/toys/hatchimals/4171_3438149_8277039"
            ]
        ]
    },
    {
        "title": "Hobbykids Soda-Shootin Robot",
        "url": "https://www.walmart.com/ip/Hobbykids-Soda-Shootin-Robot/446898346",
        "price": "$12.97",
        "stars": "4.0",
        "ratings": "5 ",
        "img": "i5.walmartimages.com/asr/cec4619a-d20b-46cf-aa78-a2b02b297224_1.778306798ad363e2b554979ceb3f2e44.jpeg?odnWidth=612&odnHeight=612&odnBg=ffffff",
        "tags": [
            [
                "All Preschool Action Figures & Playsets",
                "/browse/toys/all-preschool-action-figures-playsets/4171_4172_1574302_2852038"
            ],
            [
                "All Preschool Vehicles & Playsets",
                "/browse/toys/all-preschool-vehicles-playsets/4171_1111647_5858854_3439996"
            ],
            [
                "Kid Influencer Toys",
                "/browse/toys/kid-influencer-toys/4171_5178010_4158962"
            ],
            [
                "Collectible Novelty",
                "/browse/toys/collectible-novelty/4171_5178010_4322621"
            ],
            [
                "Only at Walmart Toys",
                "/browse/toys/only-at-walmart-toys/4171_6331649_4497497"
            ],
            [
                "Ryan's World Toys",
                "/browse/toys/ryans-world-toys/4171_7144110_8472545_5568688"
            ]
        ]
    },
    {
        "title": "Hilarious Talking Hamster Toy That Repeats What You Say | Interactive Repeating Plush Toys for Baby | Lovely Brown Color That Will Mimic Your Words | Very Funny and Adorable Electronic Animal",
        "url": "https://www.walmart.com/ip/Hilarious-Talking-Hamster-Toy-That-Repeats-What-You-Say-Interactive-Repeating-Plush-Toys-Baby-Lovely-Brown-Color-Will-Mimic-Your-Words-Very-Funny-Ado/919191804",
        "price": "$11.99",
        "stars": 0,
        "ratings": 0,
        "img": "",
        "tags": []
    },
    {
        "title": "Fisher-Price Think & Learn Teach 'N Tag Movi",
        "url": "https://www.walmart.com/ip/Fisher-Price-Think-Learn-Teach-N-Tag-Movi/55469023",
        "price": "$59.99",
        "stars": "3.6",
        "ratings": "132 ",
        "img": "i5.walmartimages.com/asr/f5eec6a3-049b-4914-ae21-3e22aaaa6d7f_1.07aacc9359916a9c0414df575190dad4.jpeg?odnWidth=612&odnHeight=612&odnBg=ffffff",
        "tags": [
            [
                "Learning Accessories",
                "/browse/toys/learning-accessories/4171_56125_1095164"
            ],
            [
                "Electronic Toys",
                "/browse/toys/electronic-toys/4171_1096069_1105959_1096123"
            ],
            [
                "Robots & Electronic Pets",
                "/browse/toys/robots-electronic-pets/4171_1096069_1105959_1105996"
            ],
            [
                "Learning Playsets",
                "/browse/toys/learning-playsets/4171_56125_1228921"
            ],
            [
                "Science & Education",
                "/browse/toys/science-education/4171_56125_164140"
            ],
            [
                "Robotic Toys",
                "/browse/toys/robotic-toys/4171_1096069_1105959_2211540"
            ],
            [
                "Fisher-Price Toys",
                "/browse/toys/fisher-price-toys/4171_3438149_6012903"
            ],
            [
                "Robot Toys",
                "/browse/toys/robot-toys/4171_1229858_8116584"
            ]
        ]
    },
    {
        "title": "Thomas and Friends Portable Radio Karaoke Kit With Microphone",
        "url": "https://www.walmart.com/ip/Thomas-and-Friends-Portable-Radio-Karaoke-Kit-With-Microphone/54061215",
        "price": "$19.89",
        "stars": "2.8",
        "ratings": "12 ",
        "img": "i5.walmartimages.com/asr/58b3ccb4-17dc-46c1-a091-2576dc29938d_1.639c57eb8f76d2ce03561bbd02c3fd5c.jpeg?odnWidth=612&odnHeight=612&odnBg=ffffff",
        "tags": [
            [
                "Adult Karaoke Machines",
                "/browse/musical-instruments/adult-karaoke-machines/7796869_6745708_8759860_2743039"
            ],
            [
                "Children's Karaoke Machines",
                "/browse/musical-instruments/childrens-karaoke-machines/7796869_6745708_8759860_3030858"
            ],
            [
                "Karaoke Systems",
                "/browse/musical-instruments/karaoke-systems/7796869_6745708_3216373_3079240"
            ],
            [
                "Shop Karaoke Machine by Price",
                "/browse/musical-instruments/shop-karaoke-machine-by-price/7796869_6745708_6907838"
            ],
            [
                "Karaoke Machine Accessories",
                "/browse/musical-instruments/karaoke-machine-accessories/7796869_6745708_6264579_7488727"
            ],
            [
                "The Singing Machine Kids Series",
                "/browse/musical-instruments/the-singing-machine-kids-series/7796869_3861023_5419535_8502135"
            ],
            [
                "Shop The Singing Machine by Price",
                "/browse/musical-instruments/shop-the-singing-machine-by-price/7796869_3861023_5419535_9343849"
            ]
        ]
    },
    {
        "title": "Disney Pix Micro Digital Camera - Toy Story 3",
        "url": "https://www.walmart.com/ip/Disney-Pix-Micro-Digital-Camera-Toy-Story-3/14034066",
        "price": "$11.68",
        "stars": "3.1",
        "ratings": "7 ",
        "img": "",
        "tags": [
            [
                "VTech Toys",
                "/browse/toys/vtech-toys/4171_3438149_3348821"
            ],
            [
                "Toys for age  5-7  boys",
                "/browse/toys/toys-for-age-5-7-boys/4171_3318550_617941_3547854"
            ],
            [
                "Pretend Play Toys for Boys",
                "/browse/toys/pretend-play-toys-for-boys/4171_4173_3613401"
            ],
            [
                "Toys for 6 year old boys",
                "/browse/toys/toys-for-6-year-old-boys/4171_3318550_617941_4568556"
            ],
            [
                "Gifts for 5 year old boys",
                "/browse/toys/gifts-for-5-year-old-boys/4171_3318550_617941_6044862"
            ],
            [
                "Toys for 7 year old boys",
                "/browse/toys/toys-for-7-year-old-boys/4171_3318550_617941_6873438"
            ],
            [
                "Toys for 5 year old boys",
                "/browse/toys/toys-for-5-year-old-boys/4171_3318550_617941_7846664"
            ],
            [
                "Gifts for 7 year old boys",
                "/browse/toys/gifts-for-7-year-old-boys/4171_3318550_617941_9209964"
            ]
        ]
    }
]