[
    {
        "title": "Kid Connection Shark Exploration Play Set, 31 Pieces",
        "url": "https://www.walmart.com/ip/Kid-Connection-Shark-Exploration-Play-Set-31-Pieces/312774172",
        "price": "$14.97",
        "stars": "4.6",
        "ratings": "22 ",
        "img": "i5.walmartimages.com/asr/a2757503-5d93-424b-98b6-2d7c20641aab.933c6d9277e0523b1c467fc4f3e1b27e.jpeg?odnWidth=612&odnHeight=612&odnBg=ffffff",
        "tags": []
    },
    {
        "title": "PJ Masks Save the Day HQ",
        "url": "https://www.walmart.com/ip/PJ-Masks-Save-the-Day-HQ/923767004",
        "price": "$69.99",
        "stars": "4.1",
        "ratings": "103 ",
        "img": "i5.walmartimages.com/asr/58dd7480-d95a-4bd9-b20d-472643ab0947_1.2ae4efc9e118ed1de59a3fa258cdbf15.jpeg?odnWidth=612&odnHeight=612&odnBg=ffffff",
        "tags": [
            [
                "All Action Figure Playsets",
                "/browse/toys/all-action-figure-playsets/4171_4172_9845227_1156794"
            ],
            [
                "PJ Masks and Paw Patrol",
                "/browse/toys/pj-masks-paw-patrol/4171_1077545_1551562"
            ],
            [
                "All Preschool Action Figures & Playsets",
                "/browse/toys/all-preschool-action-figures-playsets/4171_4172_1574302_2852038"
            ],
            [
                "All Preschool Vehicles & Playsets",
                "/browse/toys/all-preschool-vehicles-playsets/4171_1111647_5858854_3439996"
            ],
            [
                "PJ Masks",
                "/browse/toys/pj-masks/4171_1111647_3611840"
            ],
            [
                "TV & Movie Playsets",
                "/browse/toys/tv-movie-playsets/4171_4172_9845227_4517984"
            ],
            [
                "PJ Masks Toys",
                "/browse/toys/pj-masks-toys/4171_7357538_4624456"
            ]
        ]
    },
    {
        "title": "Godzilla vs. Kong 6\" Basic Kong with Battle-Axe Figure",
        "url": "https://www.walmart.com/ip/Godzilla-vs-Kong-6-Basic-Kong-with-Battle-Axe-Figure/188847970",
        "price": "$9.84",
        "stars": "4.8",
        "ratings": "21 ",
        "img": "i5.walmartimages.com/asr/0bd87d8d-6dda-45c7-95f3-dabd15eb21df.f73945f4913bcf52814cbadd41d95b98.jpeg?odnWidth=612&odnHeight=612&odnBg=ffffff",
        "tags": [
            [
                "All Action Figures",
                "/browse/toys/all-action-figures/4171_4172_133130"
            ],
            [
                "Godzilla Toys",
                "/browse/toys/godzilla-toys/4171_7357538_2744134"
            ],
            [
                "Toys for Kids 2 to 4 Years",
                "/browse/toys/toys-for-kids-2-to-4-years/4171_3318550_7016108_4703344"
            ],
            [
                "Toys for Kids 12 Years & Up",
                "/browse/toys/toys-for-kids-12-years-up/4171_3318550_1077724_6922509"
            ],
            [
                "Toys for age  2-4  boys",
                "/browse/toys/toys-for-age-2-4-boys/4171_3318550_7016108_8955316"
            ]
        ]
    },
    {
        "title": "Fisher-Price Stack & Roll Cups",
        "url": "https://www.walmart.com/ip/Fisher-Price-Stack-Roll-Cups/17247655",
        "price": "$7.88",
        "stars": "4.2",
        "ratings": "59 ",
        "img": "i5.walmartimages.com/asr/a8e622b1-25a9-4030-af35-73164a555deb_1.0f09538f74820ff6d82a2a92a8729b95.jpeg?odnWidth=612&odnHeight=612&odnBg=ffffff",
        "tags": [
            [
                "Kids Instruments",
                "/browse/toys/kids-instruments/4171_4173_1143273"
            ],
            [
                "Learning Playsets",
                "/browse/toys/learning-playsets/4171_56125_1228921"
            ],
            [
                "Science & Education",
                "/browse/toys/science-education/4171_56125_164140"
            ],
            [
                "VTech Toys",
                "/browse/toys/vtech-toys/4171_3438149_3348821"
            ],
            [
                "Melissa & Doug Toys",
                "/browse/toys/melissa-doug-toys/4171_3438149_5908879"
            ],
            [
                "Math Toys for Kids",
                "/browse/toys/math-toys-for-kids/4171_1229858_6906869"
            ],
            [
                "Fisher Price Pretend Play",
                "/browse/toys/fisher-price-pretend-play/4171_4173_7354985"
            ],
            [
                "Toys for Babies 12 to 24 months",
                "/browse/toys/toys-for-babies-12-to-24-months/4171_3318550_8469931_9192531"
            ]
        ]
    },
    {
        "title": "LeapFrog, Mr. Pencil's ABC Backpack, Preschool Learning Toy, Phonics Toy",
        "url": "https://www.walmart.com/ip/LeapFrog-Mr-Pencil-s-ABC-Backpack-Preschool-Learning-Toy-Phonics-Toy/474697942",
        "price": "$29.99",
        "stars": "4.7",
        "ratings": "54 ",
        "img": "i5.walmartimages.com/asr/aafa6b3e-01d2-4c61-8324-a722c35bd191_1.7cd40d67492c71b157b3266d29af52e1.jpeg?odnWidth=612&odnHeight=612&odnBg=ffffff",
        "tags": [
            [
                "Bilingual Toys",
                "/browse/toys/bilingual-toys/4171_56125_1229855"
            ],
            [
                "Leapfrog",
                "/browse/toys/leapfrog/4171_56125_1498437"
            ],
            [
                "Science & Education",
                "/browse/toys/science-education/4171_56125_164140"
            ],
            [
                "VTech Toys",
                "/browse/toys/vtech-toys/4171_3438149_3348821"
            ],
            [
                "Toys for Kids 2 to 4 Years",
                "/browse/toys/toys-for-kids-2-to-4-years/4171_3318550_7016108_4703344"
            ],
            [
                "Learning Books",
                "/browse/toys/learning-books/4171_56125_645819"
            ],
            [
                "LeapFrog Learning Toys",
                "/browse/toys/leapfrog-learning-toys/4171_56125_6855455"
            ],
            [
                "Math Toys for Kids",
                "/browse/toys/math-toys-for-kids/4171_1229858_6906869"
            ]
        ]
    },
    {
        "title": "VTech, KidiZoom Smartwatch DX2, Smart Watch for Kids, Learning Watch",
        "url": "https://www.walmart.com/ip/VTech-KidiZoom-Smartwatch-DX2-Smart-Watch-for-Kids-Learning-Watch/886088731",
        "price": "$59.00",
        "stars": "4.5",
        "ratings": "106 ",
        "img": "i5.walmartimages.com/asr/8b43b95e-c00e-4ede-9dab-c875917a89a9_1.6acfbc1444db84c02eae54f1baed3796.jpeg?odnWidth=612&odnHeight=612&odnBg=ffffff",
        "tags": []
    },
    {
        "title": "Captain America 12\" Shield Accessory - Avengers Assemble",
        "url": "https://www.walmart.com/ip/Captain-America-12-Shield-Accessory-Avengers-Assemble/40661039",
        "price": "$17.66",
        "stars": "3.7",
        "ratings": "3 ",
        "img": "i5.walmartimages.com/asr/61b2c9db-d086-4f49-ba16-bea5809ff5fe_1.a0b5898be517fd21dd461a6f2303beb8.jpeg?odnWidth=612&odnHeight=612&odnBg=ffffff",
        "tags": [
            [
                "Captain America Toys",
                "/browse/shop-by-movie/captain-america-toys/5920738_2554820_3815842_5518272_1584921"
            ],
            [
                "Shop all Captain America",
                "/browse/shop-by-movie/shop-all-captain-america/5920738_2554820_3815842_5518272_1776849"
            ],
            [
                "Avengers Costumes",
                "/browse/shop-by-movie/avengers-costumes/5920738_2554820_1877019_8590664_3585046"
            ],
            [
                "Iron Man Costumes",
                "/browse/shop-by-movie/iron-man-costumes/5920738_2554820_3815842_5739491_7169837"
            ],
            [
                "Hulk Toys",
                "/browse/shop-by-movie/hulk-toys/5920738_2554820_3815842_6278001_7392745"
            ],
            [
                "Thor Costumes",
                "/browse/shop-by-movie/thor-costumes/5920738_2554820_3815842_6933626_7865925"
            ],
            [
                "Iron Man Toys",
                "/browse/shop-by-movie/iron-man-toys/5920738_2554820_3815842_5739491_9507448"
            ],
            [
                "Avengers Toys",
                "/browse/shop-by-movie/avengers-toys/5920738_2554820_1877019_5824895_9690042"
            ]
        ]
    },
    {
        "title": "Hover-1 Helix Refurbished UL Certified Electric Hoverboard w/ 6.5in in LED Wheels, LED Sensor Lights, Bluetooth Speaker; Lithium-ion 10 Cell battery; Boys and Girls 8+ and Less than 160 lbs - Black",
        "url": "https://www.walmart.com/ip/Hover-1-Helix-Refurbished-UL-Certified-Electric-Hoverboard-w-6-5in-LED-Wheels-Sensor-Lights-Bluetooth-Speaker-Lithium-ion-10-Cell-battery-Boys-Girls-/575540262",
        "price": "$79.99",
        "stars": "4.8",
        "ratings": "4 ",
        "img": "i5.walmartimages.com/asr/c9d3f707-9ec3-4a19-bbcd-ea5e67ae87ab_1.a04e2c0468ddf317961e60e4ef6e82df.jpeg?odnWidth=612&odnHeight=612&odnBg=ffffff",
        "tags": [
            [
                "Schwinn",
                "/browse/shop-by-brand/schwinn/3734780_5678070_2009475"
            ],
            [
                "Yamaha",
                "/browse/shop-by-brand/yamaha/3734780_5678070_5206875"
            ],
            [
                "All LOL Surprise",
                "/browse/shop-by-brand/all-lol-surprise/3734780_9746323_6649815"
            ],
            [
                "Best Choice Products",
                "/browse/shop-by-brand/best-choice-products/3734780_9703589_7551458"
            ],
            [
                "Nerf",
                "/browse/shop-by-brand/nerf/3734780_9703589_8659032"
            ],
            [
                "Huffy",
                "/browse/shop-by-brand/huffy/3734780_5678070_8844619"
            ],
            [
                "Bissell",
                "/browse/shop-by-brand/bissell/3734780_8307801_8956639"
            ],
            [
                "Xtremepowerus",
                "/browse/shop-by-brand/xtremepowerus/3734780_5678070_9444171"
            ]
        ]
    },
    {
        "title": "Ryan's World Super Surprise Safe",
        "url": "https://www.walmart.com/ip/Ryan-s-World-Super-Surprise-Safe/516664173",
        "price": "$39.82",
        "stars": "3.3",
        "ratings": "536 ",
        "img": "i5.walmartimages.com/asr/ce818882-a315-41cb-94c4-7030e3ec4d62_3.f5b7b035bfa9b451cd7cef9bd1316c37.jpeg?odnWidth=612&odnHeight=612&odnBg=ffffff",
        "tags": [
            [
                "Kid Influencer Toys",
                "/browse/toys/kid-influencer-toys/4171_5178010_4158962"
            ],
            [
                "Collectible Novelty",
                "/browse/toys/collectible-novelty/4171_5178010_4322621"
            ],
            [
                "Only at Walmart Toys",
                "/browse/toys/only-at-walmart-toys/4171_6331649_4497497"
            ],
            [
                "Toys for Kids 2 to 4 Years",
                "/browse/toys/toys-for-kids-2-to-4-years/4171_3318550_7016108_4703344"
            ],
            [
                "Ryan's World",
                "/browse/toys/ryans-world/4171_4172_1574302_7636877"
            ],
            [
                "Kids Catalog L.O.L. Surprise!",
                "/browse/toys/kids-catalog-lol-surprise/4171_1554984_7775877"
            ],
            [
                "Toys for Kids 5 to 7 Years",
                "/browse/toys/toys-for-kids-5-to-7-years/4171_3318550_617941_8920388"
            ]
        ]
    },
    {
        "title": "Only At Walmart: G.I. Joe Retro Cobra H.I.S.S. Vehicle, Figure",
        "url": "https://www.walmart.com/ip/Only-At-Walmart-G-I-Joe-Retro-Cobra-H-I-S-S-Vehicle-Figure/388022731",
        "price": "$24.99",
        "stars": "4.4",
        "ratings": "13 ",
        "img": "i5.walmartimages.com/asr/f408b50b-88b0-4ebc-96a7-7f39700e42dc.9c4158e6ecae3835f930375872372ef2.jpeg?odnWidth=612&odnHeight=612&odnBg=ffffff",
        "tags": [
            [
                "All Collectible Figures",
                "/browse/toys/all-collectible-figures/4171_2229239_1231181"
            ],
            [
                "Quantum Mechanix",
                "/browse/toys/quantum-mechanix/4171_9400636_8149853_8205341_1577935"
            ],
            [
                "Transformers Action Figures",
                "/browse/toys/transformers-action-figures/4171_7357538_2510286"
            ],
            [
                "Transformers Toys",
                "/browse/toys/transformers-toys/4171_4172_2616268"
            ],
            [
                "Shop All G.I. Joe Toys",
                "/browse/toys/shop-all-gi-joe-toys/4171_2065565_2550311_5318328"
            ],
            [
                "Transformers Studio Series",
                "/browse/toys/transformers-studio-series/4171_4172_5647346"
            ],
            [
                "G.I. Joe Action Figures",
                "/browse/toys/gi-joe-action-figures/4171_4172_7832066"
            ]
        ]
    }
]