[
    {
        "title": "Galison - Michael Storrings - New York City Subway - 500 Piece Jigsaw Puzzle",
        "url": "https://www.walmart.com/ip/Galison-Michael-Storrings-New-York-City-Subway-500-Piece-Jigsaw-Puzzle/894060286",
        "price": "$13.63",
        "stars": "5.0",
        "ratings": "3 ",
        "img": "",
        "tags": [
            [
                "500 Piece Jigsaws",
                "/browse/toys/500-piece-jigsaws/4171_4191_163840_2972767"
            ],
            [
                "Thomas Kinkade Puzzles",
                "/browse/toys/thomas-kinkade-puzzles/4171_4191_163840_2713586_3945720"
            ],
            [
                "1000 Piece Jigsaws",
                "/browse/toys/1000-piece-jigsaws/4171_4191_163840_3974623"
            ],
            [
                "750 Piece Jigsaws",
                "/browse/toys/750-piece-jigsaws/4171_4191_163840_4166037"
            ],
            [
                "300 Piece Jigsaws",
                "/browse/toys/300-piece-jigsaws/4171_4191_163840_4640812"
            ],
            [
                "Kids Puzzles",
                "/browse/toys/kids-puzzles/4171_4191_163840_6928209"
            ],
            [
                "Ceaco Shelf",
                "/browse/toys/ceaco-shelf/4171_4191_163840_7820798"
            ]
        ]
    },
    {
        "title": "Beyblade Burst Rise Hypersphere Glyph Dragon D5 Starter Pack Game",
        "url": "https://www.walmart.com/ip/Beyblade-Burst-Rise-Hypersphere-Glyph-Dragon-D5-Starter-Pack-Game/163215526",
        "price": "$9.84",
        "stars": "3.7",
        "ratings": "6 ",
        "img": "i5.walmartimages.com/asr/b3293672-7485-4787-bcf5-132fcb2ed582_1.233361f33046ecb65884db536f899ced.jpeg?odnWidth=612&odnHeight=612&odnBg=ffffff",
        "tags": [
            [
                "Beyblade & Bakugan",
                "/browse/toys/beyblade-bakugan/4171_4191_1652049"
            ],
            [
                "Beyblade Burst",
                "/browse/toys/beyblade-burst/4171_3438149_3025832_2529206"
            ],
            [
                "Dragon Toys",
                "/browse/toys/dragon-toys/4171_7357538_5461952"
            ],
            [
                "Beyblades",
                "/browse/toys/beyblades/4171_3438149_3025832_6422688"
            ],
            [
                "Beyblade Stadiums",
                "/browse/toys/beyblade-stadiums/4171_3438149_3025832_7683630"
            ],
            [
                "Beyblade Metal Fusion",
                "/browse/toys/beyblade-metal-fusion/4171_3438149_3025832_7974760"
            ],
            [
                "Beyblade Launchers",
                "/browse/toys/beyblade-launchers/4171_3438149_3025832_8296473"
            ],
            [
                "Beyblade Burst Turbo",
                "/browse/toys/beyblade-burst-turbo/4171_3438149_3025832_9774721"
            ]
        ]
    },
    {
        "title": "SUPER MARIO Checkers Mario Vs Bowser For 2 Players Ages 6 and up",
        "url": "https://www.walmart.com/ip/SUPER-MARIO-Checkers-Mario-Vs-Bowser-For-2-Players-Ages-6-and-up/562162073",
        "price": "$9.97",
        "stars": 0,
        "ratings": 0,
        "img": "i5.walmartimages.com/asr/90c1379e-9c2f-479b-bf40-d7dc59d2427a_1.3ce70c9c81430fc7da98cc02f894cbc9.jpeg?odnWidth=612&odnHeight=612&odnBg=ffffff",
        "tags": [
            [
                "Super Mario Home Decor",
                "/browse/shop-by-video-game/super-mario-home-decor/5324366_9160790_4989045_2245995"
            ],
            [
                "Overwatch Shop All",
                "/browse/shop-by-video-game/overwatch-shop-all/5324366_1957603_2615727"
            ],
            [
                "Sonic Shop All",
                "/browse/shop-by-video-game/sonic-shop-all/5324366_5802423_3531176"
            ],
            [
                "Shop all Super Mario Home & Bedding",
                "/browse/shop-by-video-game/shop-all-super-mario-home-bedding/5324366_9160790_4070340"
            ],
            [
                "Super Mario Clothing",
                "/browse/shop-by-video-game/super-mario-clothing/5324366_9160790_5408305"
            ],
            [
                "Minecraft Bedding",
                "/browse/shop-by-video-game/minecraft-bedding/5324366_1656591_9515867"
            ],
            [
                "Super Mario Bedding",
                "/browse/shop-by-video-game/super-mario-bedding/5324366_9160790_4989045_9608081"
            ]
        ]
    },
    {
        "title": "Hover Shot Floating Target Game",
        "url": "https://www.walmart.com/ip/Hover-Shot-Floating-Target-Game/355055424",
        "price": "$24.99",
        "stars": "4.0",
        "ratings": "11 ",
        "img": "i5.walmartimages.com/asr/c775c603-4b11-4f25-9e9f-283614a92d51_1.85683ad41558c59cd5a8020f2ec9695f.jpeg?odnWidth=612&odnHeight=612&odnBg=ffffff",
        "tags": [
            [
                "All Board Games",
                "/browse/toys/all-board-games/4171_4191_133123_4497274"
            ],
            [
                "Nerf Elite",
                "/browse/toys/nerf-elite/4171_14521_936979_6929634_7879959_5342667"
            ],
            [
                "Nerf and Blaster Targets",
                "/browse/toys/nerf-blaster-targets/4171_14521_936979_9777831_6147135"
            ],
            [
                "Toys for 4 year olds",
                "/browse/toys/toys-for-4-year-olds/4171_3318550_7016108_6734866"
            ],
            [
                "Toys for Kids 8 to 11 Years",
                "/browse/toys/toys-for-kids-8-to-11-years/4171_3318550_617942_8104028"
            ],
            [
                "Toys for 3 year olds",
                "/browse/toys/toys-for-3-year-olds/4171_3318550_7016108_9012469"
            ]
        ]
    },
    {
        "title": "Relative Insanity: See What I Mean?! Party Game",
        "url": "https://www.walmart.com/ip/Relative-Insanity-See-What-I-Mean-Party-Game/387473780",
        "price": "$14.99",
        "stars": "5.0",
        "ratings": "1 ",
        "img": "i5.walmartimages.com/asr/7352b234-40cb-45b0-8a40-6df9793684cc_1.6da5b758359accd6829a7bc2c844627b.png?odnWidth=612&odnHeight=612&odnBg=ffffff",
        "tags": [
            [
                "Card Games",
                "/browse/toys/card-games/4171_4191_163842"
            ],
            [
                "Classic Games",
                "/browse/toys/classic-games/4171_4191_2084995"
            ],
            [
                "Family Games",
                "/browse/toys/family-games/4171_4191_2335373_2204878"
            ],
            [
                "All Board Games",
                "/browse/toys/all-board-games/4171_4191_133123_4497274"
            ],
            [
                "Toys for Kids 12 Years & Up",
                "/browse/toys/toys-for-kids-12-years-up/4171_3318550_1077724_6922509"
            ],
            [
                "Unicorn Games and Puzzles",
                "/browse/toys/unicorn-games-puzzles/4171_4209468_8346385"
            ],
            [
                "Adult Games",
                "/browse/toys/adult-games/4171_4191_2335373_9523585"
            ]
        ]
    },
    {
        "title": "50 Pokemon Card Pack Lot - Featuring Rares, Foils and 1 Legendary EX or GX Ultra Rare! No Duplication!",
        "url": "https://www.walmart.com/ip/50-Pokemon-Card-Pack-Lot-Featuring-Rares-Foils-and-1-Legendary-EX-or-GX-Ultra-Rare-No-Duplication/690361871",
        "price": "$13.95",
        "stars": "3.2",
        "ratings": "18 ",
        "img": "",
        "tags": [
            [
                "Pokemon Collector's Tin",
                "/browse/toys/pokemon-collectors-tin/4171_4191_9807313_4252400_2810627"
            ],
            [
                "Detective Pikachu Toys",
                "/browse/toys/detective-pikachu-toys/4171_3438149_3727466"
            ],
            [
                "All Trading Cards",
                "/browse/toys/all-trading-cards/4171_4191_9807313_4193925"
            ],
            [
                "Pokemon TCG",
                "/browse/toys/pokemon-tcg/4171_4191_9807313_4252400_4532494"
            ],
            [
                "Pokemon Games",
                "/browse/toys/pokemon-games/4171_7357538_9574778_4713369"
            ],
            [
                "Pokemon Booster Box",
                "/browse/toys/pokemon-booster-box/4171_4191_9807313_4252400_7038039"
            ],
            [
                "Pokemon Mega Cards",
                "/browse/toys/pokemon-mega-cards/4171_4191_9807313_4252400_8528139"
            ],
            [
                "Pokemon Theme Decks",
                "/browse/toys/pokemon-theme-decks/4171_4191_9807313_4252400_9708712"
            ]
        ]
    },
    {
        "title": "48-Piece Jumbo Floor Puzzles for Kids Age 3-6, Noah's Ark Animal Giant Jigsaw Puzzle, Large 2 x 3 Feet",
        "url": "https://www.walmart.com/ip/48-Piece-Jumbo-Floor-Puzzles-for-Kids-Age-3-6-Noah-s-Ark-Animal-Giant-Jigsaw-Puzzle-Large-2-x-3-Feet/807676864",
        "price": "$13.99",
        "stars": "5.0",
        "ratings": "3 ",
        "img": "i5.walmartimages.com/asr/f3008482-c2de-41f2-b5ea-668c5e8ea331_1.9e5538ae79c734cf6ac18eeff37dcee1.jpeg?odnWidth=612&odnHeight=612&odnBg=ffffff",
        "tags": [
            [
                "Melissa and Doug Puzzles",
                "/browse/toys/melissa-doug-puzzles/4171_4191_163840_2713586_1870296"
            ],
            [
                "Frozen Games & Puzzles",
                "/browse/toys/frozen-games-puzzles/4171_7357538_6091150_3595068"
            ],
            [
                "Wood Puzzles",
                "/browse/toys/wood-puzzles/4171_4191_163840_3670108"
            ],
            [
                "300 Piece Jigsaws",
                "/browse/toys/300-piece-jigsaws/4171_4191_163840_4640812"
            ],
            [
                "Melissa & Doug Toys",
                "/browse/toys/melissa-doug-toys/4171_3438149_5908879"
            ],
            [
                "Ravensburger Puzzles",
                "/browse/toys/ravensburger-puzzles/4171_4191_163840_2713586_6289252"
            ],
            [
                "Only at Walmart Games & Puzzles",
                "/browse/toys/only-at-walmart-games-puzzles/4171_4191_6786083"
            ],
            [
                "Kids Puzzles",
                "/browse/toys/kids-puzzles/4171_4191_163840_6928209"
            ]
        ]
    },
    {
        "title": "Bakugan, Baku-Storage Case with Trox Collectible Action Figure and Trading Card, Green",
        "url": "https://www.walmart.com/ip/Bakugan-Baku-Storage-Case-with-Trox-Collectible-Action-Figure-and-Trading-Card-Green/376633864",
        "price": "$15.99",
        "stars": "5.0",
        "ratings": "1 ",
        "img": "i5.walmartimages.com/asr/f8aec3d1-7e15-4854-aa87-f9c8f2ad630f_1.dde488a3ddd85c0b7ec76375423f0301.jpeg?odnWidth=612&odnHeight=612&odnBg=ffffff",
        "tags": [
            [
                "All Action Figure Playsets",
                "/browse/toys/all-action-figure-playsets/4171_4172_9845227_1156794"
            ],
            [
                "All Action Figures",
                "/browse/toys/all-action-figures/4171_4172_133130"
            ],
            [
                "Beyblade Burst",
                "/browse/toys/beyblade-burst/4171_3438149_3025832_2529206"
            ],
            [
                "All Trading Cards",
                "/browse/toys/all-trading-cards/4171_4191_9807313_4193925"
            ],
            [
                "Dragon Toys",
                "/browse/toys/dragon-toys/4171_7357538_5461952"
            ],
            [
                "Beyblades",
                "/browse/toys/beyblades/4171_3438149_3025832_6422688"
            ],
            [
                "Bakugan",
                "/browse/toys/bakugan/4171_4191_9819545"
            ]
        ]
    },
    {
        "title": "Buzzed - Adult Party Game by What Do You Meme?",
        "url": "https://www.walmart.com/ip/Buzzed-Adult-Party-Game-by-What-Do-You-Meme/708743684",
        "price": "$19.99",
        "stars": "5.0",
        "ratings": "4 ",
        "img": "i5.walmartimages.com/asr/4abce158-ba7b-4789-a857-5cbddd296e79_1.d39dbb8adf5fe6dbd1e54820d6007b4c.jpeg?odnWidth=612&odnHeight=612&odnBg=ffffff",
        "tags": [
            [
                "Card Games",
                "/browse/toys/card-games/4171_4191_163842"
            ],
            [
                "Family Games",
                "/browse/toys/family-games/4171_4191_2335373_2204878"
            ],
            [
                "Other Unicorn Toys",
                "/browse/toys/other-unicorn-toys/4171_4209468_3940073"
            ],
            [
                "All Board Games",
                "/browse/toys/all-board-games/4171_4191_133123_4497274"
            ],
            [
                "Toys for Kids 12 Years & Up",
                "/browse/toys/toys-for-kids-12-years-up/4171_3318550_1077724_6922509"
            ],
            [
                "Unicorn Games and Puzzles",
                "/browse/toys/unicorn-games-puzzles/4171_4209468_8346385"
            ],
            [
                "Adult Games",
                "/browse/toys/adult-games/4171_4191_2335373_9523585"
            ]
        ]
    },
    {
        "title": "UNO UNOcorns Matching Card Game for 2-10 Players Ages 7Y+",
        "url": "https://www.walmart.com/ip/UNO-UNOcorns-Matching-Card-Game-for-2-10-Players-Ages-7Y/423667984",
        "price": "$5.44",
        "stars": "5.0",
        "ratings": "5 ",
        "img": "",
        "tags": [
            [
                "Card Games",
                "/browse/toys/card-games/4171_4191_163842"
            ],
            [
                "Costumes & Dress Up",
                "/browse/toys/costumes-dress-up/4171_4173_164142"
            ],
            [
                "Classic Games",
                "/browse/toys/classic-games/4171_4191_2084995"
            ],
            [
                "Other Unicorn Toys",
                "/browse/toys/other-unicorn-toys/4171_4209468_3940073"
            ],
            [
                "All Minions Toys",
                "/browse/toys/all-minions-toys/4171_7357538_6852963_7885213"
            ],
            [
                "Unicorn Games and Puzzles",
                "/browse/toys/unicorn-games-puzzles/4171_4209468_8346385"
            ],
            [
                "Toys for Kids 5 to 7 Years",
                "/browse/toys/toys-for-kids-5-to-7-years/4171_3318550_617941_8920388"
            ]
        ]
    }
]