[
    {
        "title": "The Beadery Wonder Loom Kit, Gift for Kids, Includes 600 Rubber Bands",
        "url": "https://www.walmart.com/ip/The-Beadery-Wonder-Loom-Kit-Gift-for-Kids-Includes-600-Rubber-Bands/30652494",
        "price": "$10.89",
        "stars": "4.3",
        "ratings": "296 ",
        "img": "i5.walmartimages.com/asr/19cf0b59-866e-4d85-968e-f4c555e2f68e_1.5e93c6e1602555cc92bcef573323000f.jpeg?odnWidth=612&odnHeight=612&odnBg=ffffff",
        "tags": [
            [
                "Costumes & Dress Up",
                "/browse/toys/costumes-dress-up/4171_4173_164142"
            ],
            [
                "Hair, Nail & Spa Toys",
                "/browse/toys/hair-nail-spa-toys/4171_645779_2990448"
            ],
            [
                "Cool Maker",
                "/browse/toys/cool-maker/4171_645779_3371021"
            ],
            [
                "Quilting & Sewing Kits",
                "/browse/toys/quilting-sewing-kits/4171_645779_6317337"
            ],
            [
                "Toys for Kids 5 to 7 Years",
                "/browse/toys/toys-for-kids-5-to-7-years/4171_3318550_617941_8920388"
            ],
            [
                "Knitting & Weaving Kits",
                "/browse/toys/knitting-weaving-kits/4171_645779_8985243"
            ],
            [
                "Children's Paint and Paint Supplies",
                "/browse/toys/childrens-paint-paint-supplies/4171_645779_9646901"
            ],
            [
                "All Kids Jewelry Making Kits",
                "/browse/toys/all-kids-jewelry-making-kits/4171_645779_9564789_9869340"
            ]
        ]
    },
    {
        "title": "Deluxe Art Set",
        "url": "https://www.walmart.com/ip/Deluxe-Art-Set/52897103",
        "price": "$16.45",
        "stars": "5.0",
        "ratings": "2 ",
        "img": "",
        "tags": [
            [
                "Hair, Nail & Spa Toys",
                "/browse/toys/hair-nail-spa-toys/4171_645779_2990448"
            ],
            [
                "Magformers",
                "/browse/toys/magformers/4171_4186_9212939_3688285"
            ],
            [
                "DIY Slime Kits",
                "/browse/toys/diy-slime-kits/4171_645779_2165088_6010655"
            ],
            [
                "Play Dough",
                "/browse/toys/play-dough/4171_645779_9285153_613042"
            ],
            [
                "Toys for Kids 5 to 7 Years",
                "/browse/toys/toys-for-kids-5-to-7-years/4171_3318550_617941_8920388"
            ],
            [
                "Pre-Made Slime Shop",
                "/browse/toys/pre-made-slime-shop/4171_645779_2165088_9237203"
            ],
            [
                "Children's Paint and Paint Supplies",
                "/browse/toys/childrens-paint-paint-supplies/4171_645779_9646901"
            ],
            [
                "All Kids Jewelry Making Kits",
                "/browse/toys/all-kids-jewelry-making-kits/4171_645779_9564789_9869340"
            ]
        ]
    },
    {
        "title": "Crayola Washable Kids' Paint Set, 10-Colors, Neon",
        "url": "https://www.walmart.com/ip/Crayola-Washable-Kids-Paint-Set-10-Colors-Neon/34528468",
        "price": "$14.99",
        "stars": "4.7",
        "ratings": "32 ",
        "img": "i5.walmartimages.com/asr/2b02f153-61b1-4017-b3c2-c7ecadca20bb_1.1a9c225bc12f2f6688a8a0f9b4d1ab05.jpeg?odnWidth=612&odnHeight=612&odnBg=ffffff",
        "tags": [
            [
                "Art Brushes",
                "/browse/arts-crafts-sewing/art-brushes/1334134_5899871_7445675_3423381"
            ],
            [
                "Finger Paints",
                "/browse/arts-crafts-sewing/finger-paints/1334134_5899871_7445675_5577403_3492969"
            ],
            [
                "All Art Paper",
                "/browse/arts-crafts-sewing/all-art-paper/1334134_5899871_9677556_3514948"
            ],
            [
                "Tempera Paints",
                "/browse/arts-crafts-sewing/tempera-paints/1334134_5899871_7445675_5577403_3640794"
            ],
            [
                "Art Sketchbooks and Paper",
                "/browse/arts-crafts-sewing/art-sketchbooks-paper/1334134_5899871_1350721_5138397"
            ],
            [
                "Craft Paint",
                "/browse/arts-crafts-sewing/craft-paint/1334134_6172404_8479577_6669606"
            ],
            [
                "All Art Paint",
                "/browse/arts-crafts-sewing/all-art-paint/1334134_5899871_7445675_5577403_6697748"
            ],
            [
                "Art Sets",
                "/browse/arts-crafts-sewing/art-sets/1334134_5899871_7148292"
            ]
        ]
    },
    {
        "title": "Construction Paper, Gray, 9 inches x 12 inches, 50 sheets, heavyweight construction paper, crafts, art, kids art, painting, coloring, drawing paper, art project, all purpose (Item # 9CPGY)",
        "url": "https://www.walmart.com/ip/Construction-Paper-Gray-9-inches-x-12-inches-50-sheets-heavyweight-construction-paper-crafts-art-kids-painting-coloring-drawing-art-project-purpose-I/367908639",
        "price": "$1.18",
        "stars": 0,
        "ratings": 0,
        "img": "i5.walmartimages.com/asr/4ed2c910-5050-495c-b1c9-d49bd314e6d4_1.af622ed8916f3ee54cb8edadee96344d.jpeg?odnWidth=612&odnHeight=612&odnBg=ffffff",
        "tags": [
            [
                "Classic Games",
                "/browse/toys/classic-games/4171_4191_2084995"
            ],
            [
                "Family Games",
                "/browse/toys/family-games/4171_4191_2335373_2204878"
            ],
            [
                "All Board Games",
                "/browse/toys/all-board-games/4171_4191_133123_4497274"
            ],
            [
                "Toys for Kids 2 to 4 Years",
                "/browse/toys/toys-for-kids-2-to-4-years/4171_3318550_7016108_4703344"
            ],
            [
                "Fashion Dolls",
                "/browse/toys/fashion-dolls/4171_4187_8051423_7344622"
            ],
            [
                "All Barbie Dolls",
                "/browse/toys/all-barbie-dolls/4171_4187_1953337_8898526_7849876"
            ],
            [
                "Toys for Kids 5 to 7 Years",
                "/browse/toys/toys-for-kids-5-to-7-years/4171_3318550_617941_8920388"
            ]
        ]
    },
    {
        "title": "Daler-Rowney Simply Hardbound Sketchbook, 4\" x 6\" Soft White Pages, 45 lb, 110 Sheet",
        "url": "https://www.walmart.com/ip/Daler-Rowney-Simply-Hardbound-Sketchbook-4-x-6-Soft-White-Pages-45-lb-110-Sheet/25596810",
        "price": "$3.47",
        "stars": "3.8",
        "ratings": "10 ",
        "img": "i5.walmartimages.com/asr/89f6cf9e-edbd-4b15-9513-dc2aad82509b_1.0188e7dc710d1f77fe5abad62e405ec9.jpeg?odnWidth=612&odnHeight=612&odnBg=ffffff",
        "tags": [
            [
                "Kid Art Easels & Stations",
                "/browse/toys/kid-art-easels-stations/4171_645779_1103012"
            ],
            [
                "Craft Kits",
                "/browse/toys/craft-kits/4171_645779_613040"
            ],
            [
                "Play Dough",
                "/browse/toys/play-dough/4171_645779_9285153_613042"
            ],
            [
                "Magna Doodle",
                "/browse/toys/magna-doodle/4171_645779_6408170_6399778"
            ],
            [
                "Toys for Kids 12 Years & Up",
                "/browse/toys/toys-for-kids-12-years-up/4171_3318550_1077724_6922509"
            ],
            [
                "Etch-A-Sketch",
                "/browse/toys/etch-a-sketch/4171_645779_6408170_8550674"
            ],
            [
                "Glue for Slime",
                "/browse/toys/glue-for-slime/4171_645779_2165088_2131853_8604968"
            ],
            [
                "Children's Paint and Paint Supplies",
                "/browse/toys/childrens-paint-paint-supplies/4171_645779_9646901"
            ]
        ]
    },
    {
        "title": "Melissa & Doug My First Paint with Water Coloring Book, Vehicles, 24 Painting Pages",
        "url": "https://www.walmart.com/ip/Melissa-Doug-My-First-Paint-with-Water-Coloring-Book-Vehicles-24-Painting-Pages/50386913",
        "price": "$4.99",
        "stars": "4.8",
        "ratings": "12 ",
        "img": "",
        "tags": [
            [
                "Trains & Train Sets",
                "/browse/toys/trains-train-sets/4171_1111647_132912"
            ],
            [
                "Melissa and Doug Puzzles",
                "/browse/toys/melissa-doug-puzzles/4171_4191_163840_2713586_1870296"
            ],
            [
                "Thomas the Train Toys",
                "/browse/toys/thomas-the-train-toys/4171_7357538_3360147_1985125"
            ],
            [
                "Melissa & Doug Toys",
                "/browse/toys/melissa-doug-toys/4171_3438149_5908879"
            ],
            [
                "Craft Kits",
                "/browse/toys/craft-kits/4171_645779_613040"
            ],
            [
                "Thomas & Friends TrackMaster Sets",
                "/browse/toys/thomas-friends-trackmaster-sets/4171_7357538_3360147_8192313"
            ],
            [
                "Thomas the Train Sets",
                "/browse/toys/thomas-the-train-sets/4171_1111647_9267308"
            ],
            [
                "Children's Paint and Paint Supplies",
                "/browse/toys/childrens-paint-paint-supplies/4171_645779_9646901"
            ]
        ]
    },
    {
        "title": "Crayola Modeling Clay Set",
        "url": "https://www.walmart.com/ip/Crayola-Modeling-Clay-Set/14590619",
        "price": "$3.99",
        "stars": "4.2",
        "ratings": "6 ",
        "img": "i5.walmartimages.com/asr/0dcb6f2e-7698-4091-aa8c-d6decc4dfc67_1.7623be4c1a5ab4a5449972d1b77e730e.jpeg?odnWidth=612&odnHeight=612&odnBg=ffffff",
        "tags": [
            [
                "Play-Doh",
                "/browse/toys/play-doh/4171_645779_9285153_2925360"
            ],
            [
                "Play-Doh Sets",
                "/browse/toys/play-doh-sets/4171_645779_9285153_5291460"
            ],
            [
                "Drawing & Coloring",
                "/browse/toys/drawing-coloring/4171_645779_613041"
            ],
            [
                "Glue for Slime",
                "/browse/toys/glue-for-slime/4171_645779_2165088_2131853_8604968"
            ],
            [
                "Crayola Dough, Clay & Slime",
                "/browse/toys/crayola-dough-clay-slime/4171_645779_9285153_8633676"
            ],
            [
                "Pre-Made Slime Shop",
                "/browse/toys/pre-made-slime-shop/4171_645779_2165088_9237203"
            ],
            [
                "Play-Doh Compound",
                "/browse/toys/play-doh-compound/4171_645779_9285153_9262776"
            ],
            [
                "Children's Paint and Paint Supplies",
                "/browse/toys/childrens-paint-paint-supplies/4171_645779_9646901"
            ]
        ]
    },
    {
        "title": "Ktaxon All-in-One Multifunction Double Sided Creative Magnetic White/Black Boards Wooden Kid's Art Education Easel with Accessories",
        "url": "https://www.walmart.com/ip/Ktaxon-All-in-One-Multifunction-Double-Sided-Creative-Magnetic-White-Black-Boards-Wooden-Kid-s-Art-Education-Easel-with-Accessories/882654750",
        "price": "$39.99",
        "stars": "4.8",
        "ratings": "6 ",
        "img": "i5.walmartimages.com/asr/aa1d1f62-fffa-48ae-8b15-c48fe456e647_1.6cd57d1c46e206c0724c64a14f78e1d2.jpeg?odnWidth=612&odnHeight=612&odnBg=ffffff",
        "tags": [
            [
                "Costumes & Dress Up",
                "/browse/toys/costumes-dress-up/4171_4173_164142"
            ],
            [
                "Housekeeping Toys",
                "/browse/toys/housekeeping-toys/4171_4173_3426779_2728309"
            ],
            [
                "KidKraft",
                "/browse/toys/kidkraft/4171_3438149_3485234"
            ],
            [
                "Melissa & Doug Toys",
                "/browse/toys/melissa-doug-toys/4171_3438149_5908879"
            ],
            [
                "Drawing & Coloring",
                "/browse/toys/drawing-coloring/4171_645779_613041"
            ],
            [
                "Math Toys for Kids",
                "/browse/toys/math-toys-for-kids/4171_1229858_6906869"
            ],
            [
                "Playhouses & Furniture",
                "/browse/toys/playhouses-furniture/4171_14521_3747773_86643"
            ],
            [
                "Children's Paint and Paint Supplies",
                "/browse/toys/childrens-paint-paint-supplies/4171_645779_9646901"
            ]
        ]
    },
    {
        "title": "Num Noms Series 2 & 3 Mystery Pack",
        "url": "https://www.walmart.com/ip/Num-Noms-Series-2-3-Mystery-Pack/130159613",
        "price": "$4.75",
        "stars": "4.8",
        "ratings": "4 ",
        "img": "i5.walmartimages.com/asr/335f73ab-c298-4376-8ddf-bb3d25c02b0e_1.fe41e743a038bbe629497131ef8d16df.jpeg?odnWidth=612&odnHeight=612&odnBg=ffffff",
        "tags": [
            [
                "Cooking & Baking Toys",
                "/browse/toys/cooking-baking-toys/4171_4173_133079"
            ],
            [
                "Num Noms",
                "/browse/toys/num-noms/4171_645779_3071057_4929771"
            ],
            [
                "Toys for age  2-4  girls",
                "/browse/toys/toys-for-age-2-4-girls/4171_3318550_7016108_5476489"
            ],
            [
                "Gifts for 4 year old girl",
                "/browse/toys/gifts-for-4-year-old-girl/4171_3318550_7016108_5578128"
            ],
            [
                "Toys for 2 year old girls",
                "/browse/toys/toys-for-2-year-old-girls/4171_3318550_7016108_7112114"
            ],
            [
                "Toys for 3 year old girls",
                "/browse/toys/toys-for-3-year-old-girls/4171_3318550_7016108_7213465"
            ],
            [
                "Toddler Girl Toys",
                "/browse/toys/toddler-girl-toys/4171_3318550_8469931_7878434"
            ],
            [
                "Toys for 4 year old girls",
                "/browse/toys/toys-for-4-year-old-girls/4171_3318550_7016108_8608370"
            ]
        ]
    },
    {
        "title": "Creativity for Kids Make Your Own Unicorn Purse",
        "url": "https://www.walmart.com/ip/Creativity-for-Kids-Make-Your-Own-Unicorn-Purse/281148042",
        "price": "$13.59",
        "stars": "4.8",
        "ratings": "30 ",
        "img": "i5.walmartimages.com/asr/f5990a3b-16fb-4de6-b25b-825ecc46b7c6_1.ba1f148fd25aad54a3b83617263d4f51.jpeg?odnWidth=612&odnHeight=612&odnBg=ffffff",
        "tags": [
            [
                "All Disney Toys",
                "/browse/toys/all-disney-toys/4171_6909449_1773797"
            ],
            [
                "Hair, Nail & Spa Toys",
                "/browse/toys/hair-nail-spa-toys/4171_645779_2990448"
            ],
            [
                "Cool Maker",
                "/browse/toys/cool-maker/4171_645779_3371021"
            ],
            [
                "Quilting & Sewing Kits",
                "/browse/toys/quilting-sewing-kits/4171_645779_6317337"
            ],
            [
                "Toys for Kids 8 to 11 Years",
                "/browse/toys/toys-for-kids-8-to-11-years/4171_3318550_617942_8104028"
            ],
            [
                "Toys for Kids 5 to 7 Years",
                "/browse/toys/toys-for-kids-5-to-7-years/4171_3318550_617941_8920388"
            ],
            [
                "Children's Paint and Paint Supplies",
                "/browse/toys/childrens-paint-paint-supplies/4171_645779_9646901"
            ],
            [
                "All Kids Jewelry Making Kits",
                "/browse/toys/all-kids-jewelry-making-kits/4171_645779_9564789_9869340"
            ]
        ]
    },
    {
        "title": "Slime Containers with Water-tight Lids (8 oz, 12 Pack) - Clear Plastic Food Storage Jars with Individual Labels- Great for your slime kit - BPA Free",
        "url": "https://www.walmart.com/ip/Slime-Containers-with-Water-tight-Lids-8-oz-12-Pack-Clear-Plastic-Food-Storage-Jars-with-Individual-Labels-Great-for-your-slime-kit-BPA-Free/166118318",
        "price": "$14.99",
        "stars": "4.8",
        "ratings": "5 ",
        "img": "i5.walmartimages.com/asr/d7f908c7-1a9f-483a-a7ae-23510541e26b.914c325ea60756f4ccdbf35776cbb1c6.jpeg?odnWidth=612&odnHeight=612&odnBg=ffffff",
        "tags": []
    }
]