[
    {
        "title": "Transformers Generations War for Cybertron Voyager WFC-E38 Megatron",
        "url": "https://www.walmart.com/ip/Transformers-Generations-War-for-Cybertron-Voyager-WFC-E38-Megatron/251596643",
        "price": "$29.94",
        "stars": "3.0",
        "ratings": "2 ",
        "img": "i5.walmartimages.com/asr/e694aa9d-8166-482f-a3c7-b07f9c445c5b.814ec97e4a351233cb7a77fc1970a943.jpeg?odnWidth=612&odnHeight=612&odnBg=ffffff",
        "tags": [
            [
                "Transformers Megatron Action Figures",
                "/browse/toys/transformers-megatron-action-figures/4171_4172_1261291"
            ],
            [
                "Transformers Soundwave Action Figures",
                "/browse/toys/transformers-soundwave-action-figures/4171_4172_1726348"
            ],
            [
                "Transformers Bumblebee Action Figures",
                "/browse/toys/transformers-bumblebee-action-figures/4171_4172_2378689"
            ],
            [
                "Transformers Action Figures",
                "/browse/toys/transformers-action-figures/4171_7357538_2510286"
            ],
            [
                "Transformers Toys",
                "/browse/toys/transformers-toys/4171_4172_2616268"
            ],
            [
                "Transformers Optimus Prime Action Figures",
                "/browse/toys/transformers-optimus-prime-action-figures/4171_4172_5297444"
            ],
            [
                "Transformers Studio Series",
                "/browse/toys/transformers-studio-series/4171_4172_5647346"
            ],
            [
                "Transformers Bumblebee Cyberverse Adventure Action Figures",
                "/browse/toys/transformers-bumblebee-cyberverse-adventure-action-figures/4171_4172_7857064"
            ]
        ]
    },
    {
        "title": "Funko POP! Town: Back to the Future - Doc w/ Clock Tower",
        "url": "https://www.walmart.com/ip/Funko-POP-Town-Back-to-the-Future-Doc-w-Clock-Tower/394636945",
        "price": "$24.88",
        "stars": 0,
        "ratings": 0,
        "img": "i5.walmartimages.com/asr/a278ec4f-072f-4ffe-9994-a2361eff1cfd.230c1157165d52b7616db1bf26c3b587.png?odnWidth=612&odnHeight=612&odnBg=ffffff",
        "tags": [
            [
                "Funko Pop Movies",
                "/browse/toys/funko-pop-movies/4171_4172_4294413_1742485"
            ],
            [
                "Walmart Exclusive Funko Pop",
                "/browse/toys/walmart-exclusive-funko-pop/4171_4172_4294413_2884519"
            ],
            [
                "Back to the Future Funko Pop",
                "/browse/toys/back-to-the-future-funko-pop/4171_4172_4294413_3066981"
            ],
            [
                "Funko Pop Animation",
                "/browse/toys/funko-pop-animation/4171_4172_4294413_4803523"
            ],
            [
                "Back to the Future Toys",
                "/browse/toys/back-to-the-future-toys/4171_7357538_5799115"
            ],
            [
                "The Office Funko Pop",
                "/browse/toys/the-office-funko-pop/4171_4172_4294413_7759855"
            ],
            [
                "Funko Pop TV",
                "/browse/toys/funko-pop-tv/4171_4172_4294413_9626096"
            ],
            [
                "Funko Pop Games",
                "/browse/toys/funko-pop-games/4171_4172_4294413_9788314"
            ]
        ]
    },
    {
        "title": "My Little Pony Equestria Girls Squad Rainbow Dash and Sunset Shimmer",
        "url": "https://www.walmart.com/ip/My-Little-Pony-Equestria-Girls-Squad-Rainbow-Dash-and-Sunset-Shimmer/179601037",
        "price": "$31.66",
        "stars": "4.8",
        "ratings": "5 ",
        "img": "i5.walmartimages.com/asr/7ec03f38-4bb2-4280-a130-3b0ab76d8a78_1.63679c00df7180c026c7edc168641106.jpeg?odnWidth=612&odnHeight=612&odnBg=ffffff",
        "tags": [
            [
                "My Little Pony Dolls",
                "/browse/toys/my-little-pony-dolls/4171_4187_8051423_3055285"
            ],
            [
                "DC Super Hero Girls",
                "/browse/toys/dc-super-hero-girls/4171_4187_3362389"
            ],
            [
                "Playsets",
                "/browse/toys/playsets/4171_4187_4668261_5230467"
            ],
            [
                "Gifts for 4 year old girl",
                "/browse/toys/gifts-for-4-year-old-girl/4171_3318550_7016108_5578128"
            ],
            [
                "Toys for 2 year old girls",
                "/browse/toys/toys-for-2-year-old-girls/4171_3318550_7016108_7112114"
            ],
            [
                "Toys for 3 year old girls",
                "/browse/toys/toys-for-3-year-old-girls/4171_3318550_7016108_7213465"
            ],
            [
                "Fashion Dolls",
                "/browse/toys/fashion-dolls/4171_4187_8051423_7344622"
            ],
            [
                "Toys for 4 year old girls",
                "/browse/toys/toys-for-4-year-old-girls/4171_3318550_7016108_8608370"
            ]
        ]
    },
    {
        "title": "Playwheels Trolls Kids Rollerskate Junior with Knee Pads and Helmet, Size 6-12",
        "url": "https://www.walmart.com/ip/Playwheels-Trolls-Kids-Rollerskate-Junior-with-Knee-Pads-and-Helmet-Size-6-12/54595349",
        "price": "$29.99",
        "stars": "4.9",
        "ratings": "8 ",
        "img": "i5.walmartimages.com/asr/47f969ca-600c-4eb4-9463-49e54399dcb4_1.14533a4b720a68bf530dde190214e840.jpeg?odnWidth=612&odnHeight=612&odnBg=ffffff",
        "tags": [
            [
                "Kids' Bike Helmets & Jaw Pads",
                "/browse/toys/kids-bike-helmets-jaw-pads/4171_133073_5310116_9137144_1225456"
            ],
            [
                "BIkes for Girls",
                "/browse/toys/bikes-for-girls/4171_1228477_3574057_1533396"
            ],
            [
                "All Disney Toys",
                "/browse/toys/all-disney-toys/4171_6909449_1773797"
            ],
            [
                "Trolls Dolls",
                "/browse/toys/trolls-dolls/4171_4187_8051423_2648781"
            ],
            [
                "Skateboard Accessories",
                "/browse/toys/skateboard-accessories/4171_133073_7200693_5249"
            ],
            [
                "PAW Patrol Toys",
                "/browse/toys/paw-patrol-toys/4171_3438149_8288276"
            ],
            [
                "Huffy Ride Ons",
                "/browse/toys/huffy-ride-ons/4171_133073_6774653_6489011_8546372"
            ],
            [
                "Frozen Kids Bikes & Riding Toys",
                "/browse/toys/frozen-kids-bikes-riding-toys/4171_7357538_6091150_9022265"
            ]
        ]
    },
    {
        "title": "Transformers Generations War for Cybertron Micromaster WFC-E4 Military Patrol",
        "url": "https://www.walmart.com/ip/Transformers-Generations-War-for-Cybertron-Micromaster-WFC-E4-Military-Patrol/102452988",
        "price": "$9.99",
        "stars": "3.0",
        "ratings": "1 ",
        "img": "i5.walmartimages.com/asr/c0076bc6-ea7c-4ede-8f33-25f43414bb87_1.97cb4fc2e5a33959743f2839c8b4b34b.jpeg?odnWidth=612&odnHeight=612&odnBg=ffffff",
        "tags": [
            [
                "Trending Role Play",
                "/browse/toys/trending-role-play/4171_4172_4246921_2314859"
            ],
            [
                "Transformers Action Figures",
                "/browse/toys/transformers-action-figures/4171_7357538_2510286"
            ],
            [
                "Transformers Toys",
                "/browse/toys/transformers-toys/4171_4172_2616268"
            ],
            [
                "PJ Masks",
                "/browse/toys/pj-masks/4171_1111647_3611840"
            ],
            [
                "PJ Masks Toys",
                "/browse/toys/pj-masks-toys/4171_7357538_4624456"
            ],
            [
                "Transformers Studio Series",
                "/browse/toys/transformers-studio-series/4171_4172_5647346"
            ],
            [
                "Career Dress-Up Sets",
                "/browse/toys/career-dress-up-sets/4171_4173_7421020_8155393"
            ],
            [
                "All Kids Costumes & Dress-Up",
                "/browse/toys/all-kids-costumes-dress-up/4171_4173_7421020_9055580"
            ]
        ]
    },
    {
        "title": "My Little Pony Equestria Girls Applejack Classic Style Doll",
        "url": "https://www.walmart.com/ip/My-Little-Pony-Equestria-Girls-Applejack-Classic-Style-Doll/109073924",
        "price": "$8.04",
        "stars": 0,
        "ratings": 0,
        "img": "",
        "tags": []
    },
    {
        "title": "Little People Disney Pixar Toy Story RV with Buzz & Jessie Figures",
        "url": "https://www.walmart.com/ip/Little-People-Disney-Pixar-Toy-Story-RV-with-Buzz-Jessie-Figures/473613013",
        "price": "$28.95",
        "stars": "4.9",
        "ratings": "50 ",
        "img": "i5.walmartimages.com/asr/080eac84-9e6b-4ebe-b943-a07c5f9edc1d_1.4d7527fb3f246114e243842be2af9380.jpeg?odnWidth=612&odnHeight=612&odnBg=ffffff",
        "tags": [
            [
                "Ages 0-12 months",
                "/browse/baby/ages-0-12-months/5427_491351_1081264"
            ],
            [
                "Baby Toys",
                "/browse/baby/baby-toys/5427_491351_3021491"
            ],
            [
                "Push, Pull, and Walker Toys",
                "/browse/baby/push-pull-walker-toys/5427_491351_3498802"
            ],
            [
                "Fisher Price Baby Toys",
                "/browse/baby/fisher-price-baby-toys/5427_491351_3913250"
            ],
            [
                "Fisher Price Electronic Baby Toys",
                "/browse/baby/fisher-price-electronic-baby-toys/5427_491351_6845286"
            ],
            [
                "Baby and Toddler Playsets",
                "/browse/baby/baby-toddler-playsets/5427_491351_8466232"
            ],
            [
                "Fisher Price Toddler",
                "/browse/fisher-price-toddler/5427_8667173"
            ],
            [
                "Vtech Baby and Toddler Toys",
                "/browse/baby/vtech-baby-toddler-toys/5427_491351_9427535"
            ]
        ]
    },
    {
        "title": "Funko POP! Heroes: Wonder Woman 1984 - WW Flying (MT)",
        "url": "https://www.walmart.com/ip/Funko-POP-Heroes-Wonder-Woman-1984-WW-Flying-MT/254626031",
        "price": "$8.78",
        "stars": "3.8",
        "ratings": "5 ",
        "img": "i5.walmartimages.com/asr/3de9c2ed-c0cf-490a-8e19-1c0bc3d28c06_1.bbc81c53f4fb021c55fd2bac6def3db1.png?odnWidth=612&odnHeight=612&odnBg=ffffff",
        "tags": [
            [
                "Funko Pop Movies",
                "/browse/toys/funko-pop-movies/4171_4172_4294413_1742485"
            ],
            [
                "Wonder Woman Funko Pop",
                "/browse/toys/wonder-woman-funko-pop/4171_4172_4294413_2891523"
            ],
            [
                "DC Funko Pop",
                "/browse/toys/dc-funko-pop/4171_4172_4294413_3406310"
            ],
            [
                "Shop All Wonder Woman Toys",
                "/browse/toys/shop-all-wonder-woman-toys/4171_7357538_7930256_4751440"
            ],
            [
                "Funko Pop Animation",
                "/browse/toys/funko-pop-animation/4171_4172_4294413_4803523"
            ],
            [
                "Wonder Woman Dolls",
                "/browse/toys/wonder-woman-dolls/4171_4187_7383490"
            ],
            [
                "Funko Pop TV",
                "/browse/toys/funko-pop-tv/4171_4172_4294413_9626096"
            ],
            [
                "Batman Funko Pop",
                "/browse/toys/batman-funko-pop/4171_4172_4294413_9951768"
            ]
        ]
    },
    {
        "title": "Funko POP! Animation: Masters of the Universe - Sy Klone",
        "url": "https://www.walmart.com/ip/Funko-POP-Animation-Masters-of-the-Universe-Sy-Klone/624785319",
        "price": "$8.78",
        "stars": 0,
        "ratings": 0,
        "img": "i5.walmartimages.com/asr/430c69ce-d364-48ca-8f7a-ebdae1739505_1.e31bb6625f9f0b216a0a1c05c0e74fd6.png?odnWidth=612&odnHeight=612&odnBg=ffffff",
        "tags": [
            [
                "Bobble Heads",
                "/browse/toys/bobble-heads/4171_4172_1224720"
            ],
            [
                "Funko Pop Animation",
                "/browse/toys/funko-pop-animation/4171_4172_4294413_4803523"
            ],
            [
                "All Pedal & Push Ride Ons",
                "/browse/toys/all-pedal-push-ride-ons/4171_133073_6774653_4137853_5354"
            ],
            [
                "Avengers Endgame Funko Pop",
                "/browse/toys/avengers-endgame-funko-pop/4171_4172_4294413_6057205"
            ],
            [
                "Toys for Kids 12 Years & Up",
                "/browse/toys/toys-for-kids-12-years-up/4171_3318550_1077724_6922509"
            ],
            [
                "Prince  Funko Pop",
                "/browse/toys/prince-funko-pop/4171_4172_4294413_9155014"
            ],
            [
                "Marvel Action Figures",
                "/browse/toys/marvel-action-figures/4171_4172_9404197"
            ],
            [
                "Funko Pop TV",
                "/browse/toys/funko-pop-tv/4171_4172_4294413_9626096"
            ]
        ]
    },
    {
        "title": "Zoom Roller Skates by Crazy Skates - Classic Rink Style Speed Skates (Black)",
        "url": "https://www.walmart.com/ip/Zoom-Roller-Skates-by-Crazy-Skates-Classic-Rink-Style-Speed-Skates-Black/337234369",
        "price": "$89.99",
        "stars": "5.0",
        "ratings": "2 ",
        "img": "i5.walmartimages.com/asr/b344e6e3-5b1c-41ba-8af1-68a73b30e199_1.523d6c5d96b4e502c8cb47791c31451f.jpeg?odnWidth=612&odnHeight=612&odnBg=ffffff",
        "tags": [
            [
                "Sports & Duffel Bags",
                "/browse/sports-outdoors/sports-duffel-bags/4125_4161_1043958"
            ],
            [
                "Golf Balls",
                "/browse/sports-outdoors/golf-balls/4125_4161_4152_5208"
            ],
            [
                "Bike Pads",
                "/browse/sports-outdoors/bike-pads/4125_1081404_7258752_5248669"
            ],
            [
                "Skate Wheels",
                "/browse/sports-outdoors/skate-wheels/4125_1224931_7628560_8241867_5339242"
            ],
            [
                "Skateboard Parts",
                "/browse/sports-outdoors/skateboard-parts/4125_1224931_7628560_3297420_5930613"
            ],
            [
                "Bike Helmets",
                "/browse/sports-outdoors/bike-helmets/4125_1081404_7258752_6249551"
            ],
            [
                "Inline Skates",
                "/browse/sports-outdoors/inline-skates/4125_1224931_7628560_8241867_8914833"
            ],
            [
                "Skateboard Helmets",
                "/browse/sports-outdoors/skateboard-helmets/4125_1224931_7628560_3297420_9909579"
            ]
        ]
    }
]