[
    {
        "title": "Trolls World Tour Color Poppin\u2019 Poppy, Ages 3+",
        "url": "https://www.walmart.com/ip/Trolls-World-Tour-Color-Poppin-Poppy-Ages-3/781941555",
        "price": "$19.97",
        "stars": "4.5",
        "ratings": "52 ",
        "img": "i5.walmartimages.com/asr/5b1e828d-b909-4bb0-b47f-085a787065f9.c645dd650a16ae33c0865f40d625f089.jpeg?odnWidth=612&odnHeight=612&odnBg=ffffff",
        "tags": [
            [
                "Hasbro Trolls",
                "/browse/toys/hasbro-trolls/4171_7357538_9587579_1570727"
            ],
            [
                "Trolls Dolls",
                "/browse/toys/trolls-dolls/4171_4187_8051423_2648781"
            ],
            [
                "Trolls Stuffed Animals",
                "/browse/toys/trolls-stuffed-animals/4171_7357538_9587579_2779657"
            ],
            [
                "LEGO Sets Ages 5 to 7",
                "/browse/toys/lego-sets-ages-5-to-7/4171_4186_1105635_3629987"
            ],
            [
                "All Trolls Toys",
                "/browse/toys/all-trolls-toys/4171_7357538_9587579_3802039"
            ],
            [
                "Trolls Arts & Crafts",
                "/browse/toys/trolls-arts-crafts/4171_7357538_9587579_5954734"
            ],
            [
                "LEGO Trolls",
                "/browse/toys/lego-trolls/4171_4186_1105635_6214322"
            ],
            [
                "Fashion Dolls",
                "/browse/toys/fashion-dolls/4171_4187_8051423_7344622"
            ]
        ]
    },
    {
        "title": "Cry Babies Baby Doll Stroller",
        "url": "https://www.walmart.com/ip/Cry-Babies-Baby-Doll-Stroller/293208014",
        "price": "$12.99",
        "stars": "4.7",
        "ratings": "11 ",
        "img": "i5.walmartimages.com/asr/087a21a1-0e37-40c0-85f7-445e82844e32_1.68f99920227c2e2bc7a353dcb5f2a860.jpeg?odnWidth=612&odnHeight=612&odnBg=ffffff",
        "tags": [
            [
                "Doll Clothes & Accessories",
                "/browse/toys/doll-clothes-accessories/4171_4187_1074304"
            ],
            [
                "Baby Dolls",
                "/browse/toys/baby-dolls/4171_4187_133124"
            ],
            [
                "Baby Doll Accessories",
                "/browse/toys/baby-doll-accessories/4171_4187_3415121_1822201"
            ],
            [
                "Doll Furniture",
                "/browse/toys/doll-furniture/4171_4187_4966840_2267725"
            ],
            [
                "Dolls & Dollhouses",
                "/browse/toys/dolls-dollhouses/4171_4187_4800686"
            ],
            [
                "My Sweet Love Baby Dolls",
                "/browse/toys/my-sweet-love-baby-dolls/4171_4187_3415121_5848569"
            ],
            [
                "Baby Alive Dolls",
                "/browse/toys/baby-alive-dolls/4171_4187_3415121_6827919"
            ],
            [
                "Baby Doll Strollers",
                "/browse/toys/baby-doll-strollers/4171_4187_3415121_6958196"
            ]
        ]
    },
    {
        "title": "Baby Doll with Wagon Play Set",
        "url": "https://www.walmart.com/ip/Baby-Doll-with-Wagon-Play-Set/54738815",
        "price": "$20.44",
        "stars": "4.5",
        "ratings": "26 ",
        "img": "i5.walmartimages.com/asr/3908194b-c193-4e68-a48a-0ecd3acdf0e6_1.2294c9983c37c34f05deb8df1172334a.jpeg?odnWidth=612&odnHeight=612&odnBg=ffffff",
        "tags": [
            [
                "Doll Clothes & Accessories",
                "/browse/toys/doll-clothes-accessories/4171_4187_1074304"
            ],
            [
                "Baby Doll Accessories",
                "/browse/toys/baby-doll-accessories/4171_4187_3415121_1822201"
            ],
            [
                "My Sweet Love",
                "/browse/toys/my-sweet-love/4171_4187_2554648"
            ],
            [
                "Dolls & Dollhouses",
                "/browse/toys/dolls-dollhouses/4171_4187_4800686"
            ],
            [
                "JC Toys Baby Dolls",
                "/browse/toys/jc-toys-baby-dolls/4171_4187_3415121_5265693"
            ],
            [
                "My Sweet Love Baby Dolls",
                "/browse/toys/my-sweet-love-baby-dolls/4171_4187_3415121_5848569"
            ],
            [
                "Baby Alive Dolls",
                "/browse/toys/baby-alive-dolls/4171_4187_3415121_6827919"
            ],
            [
                "Reborn Dolls",
                "/browse/toys/reborn-dolls/4171_4187_3415121_7055538"
            ]
        ]
    },
    {
        "title": "VTech Light-Up Baby Touch Tablet, Learning Toy for Baby, Pink",
        "url": "https://www.walmart.com/ip/VTech-Light-Up-Baby-Touch-Tablet-Learning-Toy-for-Baby-Pink/37191169",
        "price": "$16.99",
        "stars": "4.3",
        "ratings": "84 ",
        "img": "i5.walmartimages.com/asr/ecf48a3d-16b5-44e2-8336-68d16e2a6855_1.b35ccf1523c6eaa0127ff7528a0d5d43.jpeg?odnWidth=612&odnHeight=612&odnBg=ffffff",
        "tags": [
            [
                "Ages 0-12 months",
                "/browse/baby/ages-0-12-months/5427_491351_1081264"
            ],
            [
                "Ages 12-24 months",
                "/browse/baby/ages-12-24-months/5427_491351_1081284"
            ],
            [
                "Baby and Toddler Music Toys",
                "/browse/baby/baby-toddler-music-toys/5427_491351_164198"
            ],
            [
                "12-18 Month Toys",
                "/browse/baby/12-18-month-toys/5427_491351_2793475"
            ],
            [
                "Baby Toys",
                "/browse/baby/baby-toys/5427_491351_3021491"
            ],
            [
                "Fisher Price Baby Toys",
                "/browse/baby/fisher-price-baby-toys/5427_491351_3913250"
            ],
            [
                "Fisher Price Electronic Baby Toys",
                "/browse/baby/fisher-price-electronic-baby-toys/5427_491351_6845286"
            ],
            [
                "Fisher Price Toddler",
                "/browse/fisher-price-toddler/5427_8667173"
            ]
        ]
    },
    {
        "title": "VTech, Alphabet Apple, ABC Learning Toy, Preschool Toy",
        "url": "https://www.walmart.com/ip/VTech-Alphabet-Apple-ABC-Learning-Toy-Preschool-Toy/23739860",
        "price": "$19.88",
        "stars": "4.7",
        "ratings": "136 ",
        "img": "i5.walmartimages.com/asr/58aceb1a-321d-41ae-ab5d-013170ce05bb_1.033281c408f810d9b1ebaf0422b49f2c.jpeg?odnWidth=612&odnHeight=612&odnBg=ffffff",
        "tags": [
            [
                "Ages 0-12 months",
                "/browse/baby/ages-0-12-months/5427_491351_1081264"
            ],
            [
                "Baby and Toddler Music Toys",
                "/browse/baby/baby-toddler-music-toys/5427_491351_164198"
            ],
            [
                "Baby Toys",
                "/browse/baby/baby-toys/5427_491351_3021491"
            ],
            [
                "Baby Toys, Book & Keepsakes",
                "/browse/baby/baby-toys-book-keepsakes/5427_538387_3565221"
            ],
            [
                "Fisher Price Baby Toys",
                "/browse/baby/fisher-price-baby-toys/5427_491351_3913250"
            ],
            [
                "Fisher Price Electronic Baby Toys",
                "/browse/baby/fisher-price-electronic-baby-toys/5427_491351_6845286"
            ],
            [
                "Fisher Price Toddler",
                "/browse/fisher-price-toddler/5427_8667173"
            ],
            [
                "Vtech Baby and Toddler Toys",
                "/browse/baby/vtech-baby-toddler-toys/5427_491351_9427535"
            ]
        ]
    },
    {
        "title": "Zimtown Safety 12V Battery Electric Remote Control Car, Kids Toddler Ride On Truck Toy Motorized Vehicles, Wheels Suspension, Seat Belts, LED Lights and Realistic Horns Pink",
        "url": "https://www.walmart.com/ip/Zimtown-Safety-12V-Battery-Electric-Remote-Control-Car-Kids-Toddler-Ride-On-Truck-Toy-Motorized-Vehicles-Wheels-Suspension-Seat-Belts-LED-Lights-Real/754197446",
        "price": "$149.99",
        "stars": "3.9",
        "ratings": "8 ",
        "img": "i5.walmartimages.com/asr/a4d80cce-582d-4338-9e1e-4bd0d21f34dd.7eedbbbef4f130587bb65d57f50db7a8.jpeg?odnWidth=612&odnHeight=612&odnBg=ffffff",
        "tags": []
    },
    {
        "title": "Rainbow High Ruby Anderson \u2013 Red Fashion Doll with 2 Outfits",
        "url": "https://www.walmart.com/ip/Rainbow-High-Ruby-Anderson-Red-Fashion-Doll-with-2-Outfits/468180722",
        "price": "$26.23",
        "stars": "4.8",
        "ratings": "26 ",
        "img": "i5.walmartimages.com/asr/87ad400d-7005-4408-a197-204f69b077bb.c831c3838f58c08396c1e9637b0f6055.jpeg?odnWidth=612&odnHeight=612&odnBg=ffffff",
        "tags": [
            [
                "Collectible Dolls",
                "/browse/toys/collectible-dolls/4171_4187_6904958_132911"
            ],
            [
                "LOL Surprise O.M.G",
                "/browse/toys/lol-surprise-omg/4171_4187_2618388_1578815"
            ],
            [
                "Cave Club",
                "/browse/toys/cave-club/4171_4187_8051423_1599776"
            ],
            [
                "Princess Rapunzel Dolls",
                "/browse/toys/princess-rapunzel-dolls/4171_4187_4294022"
            ],
            [
                "Disney Princess Dolls",
                "/browse/toys/disney-princess-dolls/4171_4187_8051423_4656670"
            ],
            [
                "Dolls & Dollhouses",
                "/browse/toys/dolls-dollhouses/4171_4187_4800686"
            ],
            [
                "LOL Surprise Dolls",
                "/browse/toys/lol-surprise-dolls/4171_4187_2618388_5940516"
            ],
            [
                "Fashion Dolls",
                "/browse/toys/fashion-dolls/4171_4187_8051423_7344622"
            ]
        ]
    },
    {
        "title": "Barbie Fashionistas Doll #135 With Vitiligo",
        "url": "https://www.walmart.com/ip/Barbie-Fashionistas-Doll-135-With-Vitiligo/993898176",
        "price": "$7.89",
        "stars": "4.8",
        "ratings": "46 ",
        "img": "i5.walmartimages.com/asr/621fa56b-69d1-4758-89c0-6a0ec3453dae_1.f1655aa2782cb5c664e59fa80f8008df.jpeg?odnWidth=612&odnHeight=612&odnBg=ffffff",
        "tags": [
            [
                "Barbie Careers",
                "/browse/toys/barbie-careers/4171_4187_1953337_8898526_1290769"
            ],
            [
                "Barbie Ken",
                "/browse/toys/barbie-ken/4171_4187_1953337_8898526_5770278"
            ],
            [
                "Barbie Collector",
                "/browse/toys/barbie-collector/4171_4187_1953337_8898526_6722288"
            ],
            [
                "Barbie Sisters, Friends, & Pets",
                "/browse/toys/barbie-sisters-friends-pets/4171_4187_1953337_8898526_6830678"
            ],
            [
                "Fashion Dolls",
                "/browse/toys/fashion-dolls/4171_4187_8051423_7344622"
            ],
            [
                "All Barbie Dolls",
                "/browse/toys/all-barbie-dolls/4171_4187_1953337_8898526_7849876"
            ],
            [
                "Barbie Doll Playsets",
                "/browse/toys/barbie-doll-playsets/4171_4187_1953337_8371277"
            ],
            [
                "All Barbie",
                "/browse/toys/all-barbie/4171_4187_1953337_8661247"
            ]
        ]
    },
    {
        "title": "Baby Alive Doll Play Yard",
        "url": "https://www.walmart.com/ip/Baby-Alive-Doll-Play-Yard/55727499",
        "price": "$27.99",
        "stars": "4.3",
        "ratings": "15 ",
        "img": "i5.walmartimages.com/asr/6c999af8-1567-4b0d-8f38-00e0375587fc_1.0c6ff8f2f37de9752058c978707fa089.jpeg?odnWidth=612&odnHeight=612&odnBg=ffffff",
        "tags": [
            [
                "Doll Clothes & Accessories",
                "/browse/toys/doll-clothes-accessories/4171_4187_1074304"
            ],
            [
                "Baby Doll Accessories",
                "/browse/toys/baby-doll-accessories/4171_4187_3415121_1822201"
            ],
            [
                "Doll Furniture",
                "/browse/toys/doll-furniture/4171_4187_4966840_2267725"
            ],
            [
                "Doll Clothing and Fashion Accessories",
                "/browse/toys/doll-clothing-fashion-accessories/4171_4187_4966840_2636876"
            ],
            [
                "Baby Alive Doll Clothes & Accessories",
                "/browse/toys/baby-alive-doll-clothes-accessories/4171_4187_3415121_4389680"
            ],
            [
                "Baby Alive Dolls",
                "/browse/toys/baby-alive-dolls/4171_4187_3415121_6827919"
            ],
            [
                "Baby Doll Strollers",
                "/browse/toys/baby-doll-strollers/4171_4187_3415121_6958196"
            ],
            [
                "Dolls Clothes and Accessories",
                "/browse/toys/dolls-clothes-accessories/4171_4187_9226108"
            ]
        ]
    },
    {
        "title": "Cave Club Tella Doll (8 - 10-Inch) Prehistoric Fashion Doll with Dinosaur Pet",
        "url": "https://www.walmart.com/ip/Cave-Club-Tella-Doll-8-10-Inch-Prehistoric-Fashion-Doll-with-Dinosaur-Pet/544723236",
        "price": "$12.94",
        "stars": "4.6",
        "ratings": "35 ",
        "img": "i5.walmartimages.com/asr/427868fc-140d-46eb-87ac-fdee3351539b.11837147d1726c66b6ff29ddbefb1233.jpeg?odnWidth=612&odnHeight=612&odnBg=ffffff",
        "tags": [
            [
                "Shop Toys by Price",
                "/browse/shop-toys-by-price/4171_1263324"
            ],
            [
                "Collectible Dolls",
                "/browse/toys/collectible-dolls/4171_4187_6904958_132911"
            ],
            [
                "LOL Surprise O.M.G",
                "/browse/toys/lol-surprise-omg/4171_4187_2618388_1578815"
            ],
            [
                "LOL Surprise Dolls Series 3",
                "/browse/toys/lol-surprise-dolls-series-3/4171_4187_2618388_4206592"
            ],
            [
                "Dolls & Dollhouses",
                "/browse/toys/dolls-dollhouses/4171_4187_4800686"
            ],
            [
                "Hairdorables Dolls",
                "/browse/toys/hairdorables-dolls/4171_4187_8051423_5159518"
            ],
            [
                "LOL Surprise Dolls",
                "/browse/toys/lol-surprise-dolls/4171_4187_2618388_5940516"
            ],
            [
                "Fashion Dolls",
                "/browse/toys/fashion-dolls/4171_4187_8051423_7344622"
            ]
        ]
    }
]