[
    {
        "title": "Grandpa Beck\u2019s Cover Your Assets Card Game | Fun Family-Friendly Set-Collecting Game | Enjoyed by Kids, Teens, and Adults | From the Creators of Skull King | Ideal for 2-8 Players Ages 7+",
        "url": "https://www.walmart.com/ip/Grandpa-Beck-s-Cover-Your-Assets-Card-Game-Fun-Family-Friendly-Set-Collecting-Enjoyed-Kids-Teens-Adults-From-Creators-Skull-King-Ideal-2-8-Players-Ag/211263896",
        "price": "$14.99",
        "stars": 0,
        "ratings": 0,
        "img": "",
        "tags": [
            [
                "Card Games",
                "/browse/toys/card-games/4171_4191_163842"
            ],
            [
                "Classic Games",
                "/browse/toys/classic-games/4171_4191_2084995"
            ],
            [
                "All Board Games",
                "/browse/toys/all-board-games/4171_4191_133123_4497274"
            ],
            [
                "Party Games",
                "/browse/toys/party-games/4171_4191_5016956"
            ],
            [
                "Monopoly",
                "/browse/toys/monopoly/4171_4191_133123_6792970"
            ],
            [
                "Toys for Kids 5 to 7 Years",
                "/browse/toys/toys-for-kids-5-to-7-years/4171_3318550_617941_8920388"
            ],
            [
                "Adult Games",
                "/browse/toys/adult-games/4171_4191_2335373_9523585"
            ]
        ]
    },
    {
        "title": "Classic Mini Game Console Childhood Game Consoles Built-in 620 Game Dual Control 8-Bit Console Handheld Game Player Console for Family\u00a0",
        "url": "https://www.walmart.com/ip/Classic-Mini-Game-Console-Childhood-Game-Consoles-Built-in-620-Game-Dual-Control-8-Bit-Console-Handheld-Game-Player-Console-for-Family-nbsp/826516736",
        "price": "$34.98",
        "stars": "2.7",
        "ratings": "16 ",
        "img": "",
        "tags": []
    },
    {
        "title": "I SPY Preschool Game",
        "url": "https://www.walmart.com/ip/I-SPY-Preschool-Game/3132188",
        "price": "$15.00",
        "stars": "4.0",
        "ratings": "7 ",
        "img": "i5.walmartimages.com/asr/19f52fcd-bc63-4337-90bf-ab48a5868353_1.0c7269bf38bf8ba8ce065eb3c38ed61d.jpeg?odnWidth=612&odnHeight=612&odnBg=ffffff",
        "tags": [
            [
                "Learning Playsets",
                "/browse/toys/learning-playsets/4171_56125_1228921"
            ],
            [
                "Card Games",
                "/browse/toys/card-games/4171_4191_163842"
            ],
            [
                "Classic Games",
                "/browse/toys/classic-games/4171_4191_2084995"
            ],
            [
                "Family Games",
                "/browse/toys/family-games/4171_4191_2335373_2204878"
            ],
            [
                "All Board Games",
                "/browse/toys/all-board-games/4171_4191_133123_4497274"
            ],
            [
                "Math Toys for Kids",
                "/browse/toys/math-toys-for-kids/4171_1229858_6906869"
            ],
            [
                "STEM Building Toys",
                "/browse/toys/stem-building-toys/4171_1229858_9597591"
            ]
        ]
    },
    {
        "title": "Bakugan Ultra, Trox with Transforming Baku-Gear, Armored Alliance 3-inch Tall Collectible Action Figure",
        "url": "https://www.walmart.com/ip/Bakugan-Ultra-Trox-with-Transforming-Baku-Gear-Armored-Alliance-3-inch-Tall-Collectible-Action-Figure/613811338",
        "price": "$12.93",
        "stars": "5.0",
        "ratings": "2 ",
        "img": "i5.walmartimages.com/asr/34a3645d-1f95-43f1-8c4c-c8e618ccb14c_2.d685f965ed4e60965b605d49000c931a.jpeg?odnWidth=612&odnHeight=612&odnBg=ffffff",
        "tags": [
            [
                "All Action Figure Playsets",
                "/browse/toys/all-action-figure-playsets/4171_4172_9845227_1156794"
            ],
            [
                "Beyblade & Bakugan",
                "/browse/toys/beyblade-bakugan/4171_4191_1652049"
            ],
            [
                "All Trading Cards",
                "/browse/toys/all-trading-cards/4171_4191_9807313_4193925"
            ],
            [
                "Paw Patrol",
                "/browse/toys/paw-patrol/4171_1111647_5084539"
            ],
            [
                "Dragon Toys",
                "/browse/toys/dragon-toys/4171_7357538_5461952"
            ],
            [
                "Hatchimals",
                "/browse/toys/hatchimals/4171_3438149_8277039"
            ],
            [
                "Batman Action Figures",
                "/browse/toys/batman-action-figures/4171_4172_9730655"
            ]
        ]
    },
    {
        "title": "Beyblade Burst Rise Hypersphere Dual Pack, Rock Dragon D5 and Ogre O5",
        "url": "https://www.walmart.com/ip/Beyblade-Burst-Rise-Hypersphere-Dual-Pack-Rock-Dragon-D5-and-Ogre-O5/358702240",
        "price": "$11.84",
        "stars": "2.8",
        "ratings": "5 ",
        "img": "i5.walmartimages.com/asr/663a22a8-d9da-4426-b46b-393cd86063e3_1.573a61aab16c12a139b3d4b20ad7856b.jpeg?odnWidth=612&odnHeight=612&odnBg=ffffff",
        "tags": [
            [
                "Beyblade & Bakugan",
                "/browse/toys/beyblade-bakugan/4171_4191_1652049"
            ],
            [
                "Beyblade Burst",
                "/browse/toys/beyblade-burst/4171_3438149_3025832_2529206"
            ],
            [
                "Dragon Toys",
                "/browse/toys/dragon-toys/4171_7357538_5461952"
            ],
            [
                "Beyblades",
                "/browse/toys/beyblades/4171_3438149_3025832_6422688"
            ],
            [
                "Beyblade Stadiums",
                "/browse/toys/beyblade-stadiums/4171_3438149_3025832_7683630"
            ],
            [
                "Beyblade Metal Fusion",
                "/browse/toys/beyblade-metal-fusion/4171_3438149_3025832_7974760"
            ],
            [
                "Beyblade Launchers",
                "/browse/toys/beyblade-launchers/4171_3438149_3025832_8296473"
            ],
            [
                "Beyblade Burst Turbo",
                "/browse/toys/beyblade-burst-turbo/4171_3438149_3025832_9774721"
            ]
        ]
    },
    {
        "title": "Ravensburger JAWS Board Game for Age 12 and Up - A Game of Strategy and Suspense",
        "url": "https://www.walmart.com/ip/Ravensburger-JAWS-Board-Game-for-Age-12-and-Up-A-Game-of-Strategy-and-Suspense/448698713",
        "price": "$21.43",
        "stars": "4.0",
        "ratings": "3 ",
        "img": "i5.walmartimages.com/asr/3d7fb878-7308-4f14-bdd8-25f9397ddee7.e63032d63a6df6aeb9e9bed0460884b4.png?odnWidth=612&odnHeight=612&odnBg=ffffff",
        "tags": [
            [
                "Family Games",
                "/browse/toys/family-games/4171_4191_2335373_2204878"
            ],
            [
                "All Board Games",
                "/browse/toys/all-board-games/4171_4191_133123_4497274"
            ],
            [
                "Party Games",
                "/browse/toys/party-games/4171_4191_5016956"
            ],
            [
                "Funkoverse",
                "/browse/toys/funkoverse/4171_4172_4294413_5143097"
            ],
            [
                "Only at Walmart Games & Puzzles",
                "/browse/toys/only-at-walmart-games-puzzles/4171_4191_6786083"
            ],
            [
                "Toys for Kids 12 Years & Up",
                "/browse/toys/toys-for-kids-12-years-up/4171_3318550_1077724_6922509"
            ],
            [
                "Adult Games",
                "/browse/toys/adult-games/4171_4191_2335373_9523585"
            ]
        ]
    },
    {
        "title": "Eurographics Smart Puzzle Glue Sheets",
        "url": "https://www.walmart.com/ip/Eurographics-Smart-Puzzle-Glue-Sheets/23708439",
        "price": "$10.90",
        "stars": "4.0",
        "ratings": "4 ",
        "img": "i5.walmartimages.com/asr/a4c46e88-3b93-48df-96e0-ebd7a6bed437.ece4a1d649f707ead6fa6c71e38efb24.jpeg?odnWidth=612&odnHeight=612&odnBg=ffffff",
        "tags": [
            [
                "500 Piece Jigsaws",
                "/browse/toys/500-piece-jigsaws/4171_4191_163840_2972767"
            ],
            [
                "Wood Puzzles",
                "/browse/toys/wood-puzzles/4171_4191_163840_3670108"
            ],
            [
                "1000 Piece Jigsaws",
                "/browse/toys/1000-piece-jigsaws/4171_4191_163840_3974623"
            ],
            [
                "Ravensburger Puzzles",
                "/browse/toys/ravensburger-puzzles/4171_4191_163840_2713586_6289252"
            ],
            [
                "Toys for Kids 12 Years & Up",
                "/browse/toys/toys-for-kids-12-years-up/4171_3318550_1077724_6922509"
            ],
            [
                "Kids Puzzles",
                "/browse/toys/kids-puzzles/4171_4191_163840_6928209"
            ],
            [
                "2000 Piece Jigsaws",
                "/browse/toys/2000-piece-jigsaws/4171_4191_163840_8402045"
            ]
        ]
    },
    {
        "title": "2019 Panini Prestige NFL Football Blaster Box- Featuring 2019 Rookies in Team Jerseys |1 autograph or memorabilia, 8 Rookies & 5 inserts per box",
        "url": "https://www.walmart.com/ip/2019-Panini-Prestige-NFL-Football-Blaster-Box-Featuring-2019-Rookies-in-Team-Jerseys-1-autograph-or-memorabilia-8-Rookies-5-inserts-per-box/588230058",
        "price": "$59.95",
        "stars": "3.7",
        "ratings": "6 ",
        "img": "i5.walmartimages.com/asr/6677d079-1074-4ec3-8aa9-079f2c752f6d_1.4078ef734a46a2ffe79e517e576e14f6.jpeg?odnWidth=612&odnHeight=612&odnBg=ffffff",
        "tags": [
            [
                "Topps",
                "/browse/toys/topps/4171_4191_9807313_6249075_1462910"
            ],
            [
                "Panini",
                "/browse/toys/panini/4171_4191_9807313_6249075_1619679"
            ],
            [
                "All Trading Cards",
                "/browse/toys/all-trading-cards/4171_4191_9807313_4193925"
            ],
            [
                "Baseball Cards",
                "/browse/toys/baseball-cards/4171_4191_9807313_5931132"
            ],
            [
                "Trading Card Binders & Sleeves",
                "/browse/toys/trading-card-binders-sleeves/4171_4191_9807313_6502801"
            ],
            [
                "Collectible Cards",
                "/browse/toys/collectible-cards/4171_2229239_7966762"
            ],
            [
                "Hockey Cards",
                "/browse/toys/hockey-cards/4171_4191_9807313_8610146"
            ],
            [
                "Basketball Cards",
                "/browse/toys/basketball-cards/4171_4191_9807313_8977407"
            ]
        ]
    },
    {
        "title": "Coup",
        "url": "https://www.walmart.com/ip/Coup/40700258",
        "price": "$11.24",
        "stars": "5.0",
        "ratings": "12 ",
        "img": "i5.walmartimages.com/asr/0112ac7d-c057-4bd5-9168-62cbc93cb841_1.07213559bfd282c15c6298130f825848.png?odnWidth=612&odnHeight=612&odnBg=ffffff",
        "tags": [
            [
                "Card Games",
                "/browse/toys/card-games/4171_4191_163842"
            ],
            [
                "Classic Games",
                "/browse/toys/classic-games/4171_4191_2084995"
            ],
            [
                "All Board Games",
                "/browse/toys/all-board-games/4171_4191_133123_4497274"
            ],
            [
                "Party Games",
                "/browse/toys/party-games/4171_4191_5016956"
            ],
            [
                "Only at Walmart Games & Puzzles",
                "/browse/toys/only-at-walmart-games-puzzles/4171_4191_6786083"
            ],
            [
                "Toys for Kids 12 Years & Up",
                "/browse/toys/toys-for-kids-12-years-up/4171_3318550_1077724_6922509"
            ],
            [
                "Adult Games",
                "/browse/toys/adult-games/4171_4191_2335373_9523585"
            ]
        ]
    },
    {
        "title": "hoyle 100% plastic playing cards, standard index - 1 red deck",
        "url": "https://www.walmart.com/ip/hoyle-100-plastic-playing-cards-standard-index-1-red-deck/116032265",
        "price": "$2.69",
        "stars": "5.0",
        "ratings": "7 ",
        "img": "",
        "tags": [
            [
                "Card Games",
                "/browse/toys/card-games/4171_4191_163842"
            ],
            [
                "Classic Games",
                "/browse/toys/classic-games/4171_4191_2084995"
            ],
            [
                "Family Games",
                "/browse/toys/family-games/4171_4191_2335373_2204878"
            ],
            [
                "All Board Games",
                "/browse/toys/all-board-games/4171_4191_133123_4497274"
            ],
            [
                "Toys for Kids 8 to 11 Years",
                "/browse/toys/toys-for-kids-8-to-11-years/4171_3318550_617942_8104028"
            ],
            [
                "Toys for Kids 5 to 7 Years",
                "/browse/toys/toys-for-kids-5-to-7-years/4171_3318550_617941_8920388"
            ],
            [
                "Adult Games",
                "/browse/toys/adult-games/4171_4191_2335373_9523585"
            ]
        ]
    }
]