[
    {
        "title": "Paititi Soprano Recorder 8-Hole With Cleaning Rod + Carrying Bag, Creamy Blue Key of C",
        "url": "https://www.walmart.com/ip/Paititi-Soprano-Recorder-8-Hole-With-Cleaning-Rod-Carrying-Bag-Creamy-Blue-Key-of-C/623127846",
        "price": "$8.99",
        "stars": "5.0",
        "ratings": "1 ",
        "img": "i5.walmartimages.com/asr/ea9b58e1-ea59-4880-b913-7f62acf20cb2_1.6e01c8dd070329dd995119485fe2a357.jpeg?odnWidth=612&odnHeight=612&odnBg=ffffff",
        "tags": [
            [
                "Clarinets",
                "/browse/musical-instruments/clarinets/7796869_3983498_9087652_2101356"
            ],
            [
                "Woodwind Instruments Musical Classroom",
                "/browse/musical-instruments/woodwind-instruments-musical-classroom/7796869_1097895_2151646"
            ],
            [
                "Saxophones",
                "/browse/musical-instruments/saxophones/7796869_3983498_9087652_3596959"
            ],
            [
                "Hohner",
                "/browse/musical-instruments/hohner/7796869_3983498_2570492_4007950"
            ],
            [
                "Harmonicas",
                "/browse/musical-instruments/harmonicas/7796869_1097866_5504191"
            ],
            [
                "Classroom Musical Instruments",
                "/browse/musical-instruments/classroom-musical-instruments/7796869_1097895_9031018"
            ],
            [
                "Recorders",
                "/browse/musical-instruments/recorders/7796869_3983498_9087652_9144598"
            ],
            [
                "Flutes",
                "/browse/musical-instruments/flutes/7796869_3983498_9087652_9889000"
            ]
        ]
    },
    {
        "title": "Dunlop Nylon Standard Guitar Picks - 12-Pack - 1.0mm - Black",
        "url": "https://www.walmart.com/ip/Dunlop-Nylon-Standard-Guitar-Picks-12-Pack-1-0mm-Black/24213811",
        "price": "$6.82",
        "stars": "5.0",
        "ratings": "2 ",
        "img": "i5.walmartimages.com/asr/9c464398-b7ae-4f3b-ac79-2fa1b1a46c56_1.953f2282610a22fcef50579ce8c05b36.jpeg?odnWidth=612&odnHeight=612&odnBg=ffffff",
        "tags": [
            [
                "Light Gage Picks",
                "/browse/musical-instruments/light-gage-picks/7796869_6171829_6548527_5215123_3983895"
            ],
            [
                "Medium Gage Picks",
                "/browse/musical-instruments/medium-gage-picks/7796869_6171829_6548527_5215123_5388641"
            ],
            [
                "Dunlop",
                "/browse/musical-instruments/dunlop/7796869_3861023_5966714"
            ],
            [
                "Celluloid Picks",
                "/browse/musical-instruments/celluloid-picks/7796869_6171829_6548527_5215123_7206444"
            ],
            [
                "Assorted Pick Packs",
                "/browse/musical-instruments/assorted-pick-packs/7796869_6171829_6548527_5215123_8348549"
            ],
            [
                "Delrin Picks",
                "/browse/musical-instruments/delrin-picks/7796869_6171829_6548527_5215123_9107308"
            ]
        ]
    },
    {
        "title": "10 Feet 3.5mm Microphone Car Stereo GPS Bluetooth Enabled Audio DVD External Mic",
        "url": "https://www.walmart.com/ip/10-Feet-3-5mm-Microphone-Car-Stereo-GPS-Bluetooth-Enabled-Audio-DVD-External-Mic/991936486",
        "price": "$13.47",
        "stars": "3.9",
        "ratings": "8 ",
        "img": "i5.walmartimages.com/asr/c6621026-0798-4bf9-8daf-651ecad73f57_1.8a0d17d342ca3975cf637470a4f5bee9.jpeg?odnWidth=612&odnHeight=612&odnBg=ffffff",
        "tags": [
            [
                "Single Din Car Stereos",
                "/browse/auto-tires/single-din-car-stereos/91083_3947_2573876_3877515"
            ],
            [
                "InstallerNet",
                "/browse/auto-tires/installernet/91083_4521893_4514228"
            ],
            [
                "Double Din Car Stereos",
                "/browse/auto-tires/double-din-car-stereos/91083_3947_2573876_5633735"
            ],
            [
                "All Car Stereos",
                "/browse/auto-tires/all-car-stereos/91083_3947_2573876_5664196"
            ],
            [
                "Pioneer Car Speakers",
                "/browse/auto-tires/pioneer-car-speakers/91083_3947_7971853_6029694"
            ],
            [
                "Pioneer Car Stereos",
                "/browse/auto-tires/pioneer-car-stereos/91083_3947_2573876_6372265"
            ],
            [
                "Blaupunkt Car Stereos",
                "/browse/auto-tires/blaupunkt-car-stereos/91083_3947_2573876_7725428"
            ],
            [
                "Car Headphones",
                "/browse/auto-tires/car-headphones/91083_3947_3881982_8532749"
            ]
        ]
    },
    {
        "title": "Sawtooth Tribe Series 8\" Hand-Carved Congo Design Rope Djembe",
        "url": "https://www.walmart.com/ip/Sawtooth-Tribe-Series-8-Hand-Carved-Congo-Design-Rope-Djembe/54802185",
        "price": "$20.00",
        "stars": 0,
        "ratings": 0,
        "img": "",
        "tags": [
            [
                "World Percussion",
                "/browse/musical-instruments/world-percussion/7796869_7773339_1097857"
            ],
            [
                "Djembes",
                "/browse/musical-instruments/djembes/7796869_2250639_5155425_4185079"
            ],
            [
                "Percussion Instruments Musical Classroom",
                "/browse/musical-instruments/percussion-instruments-musical-classroom/7796869_1097895_7087786"
            ],
            [
                "Electric Guitar Hard Cases",
                "/browse/musical-instruments/electric-guitar-hard-cases/7796869_6171829_6548527_9338452_5717467_7523306"
            ],
            [
                "Sawtooth Acoustic Guitars",
                "/browse/musical-instruments/sawtooth-acoustic-guitars/7796869_3861023_5034780_8142753"
            ],
            [
                "Musical Instrument Cases",
                "/browse/musical-instruments/musical-instrument-cases/7796869_6171829_5531649_8755907"
            ]
        ]
    },
    {
        "title": "Inflatable Rock Star Microphone, 8 in, 1ct",
        "url": "https://www.walmart.com/ip/Inflatable-Rock-Star-Microphone-8-in-1ct/465916288",
        "price": "$7.50",
        "stars": 0,
        "ratings": 0,
        "img": "",
        "tags": [
            [
                "All Karaoke Machines",
                "/browse/musical-instruments/all-karaoke-machines/7796869_6745708_106984"
            ],
            [
                "Adult Karaoke Machines",
                "/browse/musical-instruments/adult-karaoke-machines/7796869_6745708_8759860_2743039"
            ],
            [
                "Dynamic Microphones",
                "/browse/musical-instruments/dynamic-microphones/7796869_3348689_133194_3930897"
            ],
            [
                "Podcasting Bundles",
                "/browse/musical-instruments/podcasting-bundles/7796869_3348689_133194_6485637"
            ],
            [
                "Karaoke Machine Accessories",
                "/browse/musical-instruments/karaoke-machine-accessories/7796869_6745708_6264579_7488727"
            ],
            [
                "Condenser Microphones",
                "/browse/musical-instruments/condenser-microphones/7796869_3348689_133194_8159030"
            ],
            [
                "Wireless Microphones",
                "/browse/musical-instruments/wireless-microphones/7796869_3348689_133194_8249540"
            ]
        ]
    },
    {
        "title": "Led Zeppelin - Physical Graffiti - Vinyl",
        "url": "https://www.walmart.com/ip/Led-Zeppelin-Physical-Graffiti-Vinyl/52085115",
        "price": "$30.87",
        "stars": "5.0",
        "ratings": "2 ",
        "img": "",
        "tags": [
            [
                "All Rock Music",
                "/browse/music/all-rock-music/4104_4118_1458080"
            ],
            [
                "Led Zeppelin Music on CD or Vinyl",
                "/browse/music/led-zeppelin-music-cd-vinyl/4104_6651806_2373083"
            ],
            [
                "General Vinyl Records",
                "/browse/music/general-vinyl-records/4104_1205481_3400726"
            ],
            [
                "All Vinyl Records",
                "/browse/music/all-vinyl-records/4104_1205481_3434427"
            ],
            [
                "Classic Rock Music on CD or Vinyl",
                "/browse/music/classic-rock-music-cd-vinyl/4104_4118_5093"
            ],
            [
                "Pop Music: Vinyl Records",
                "/browse/music/pop-music-vinyl-records/4104_1205481_6204731"
            ],
            [
                "All Pop Music",
                "/browse/music/all-pop-music/4104_4115_6683137"
            ]
        ]
    },
    {
        "title": "Guitar Wooden Pick Box Holder Collector with 2pcs Wood Picks",
        "url": "https://www.walmart.com/ip/Guitar-Wooden-Pick-Box-Holder-Collector-with-2pcs-Wood-Picks/205248289",
        "price": "$11.99",
        "stars": "5.0",
        "ratings": "1 ",
        "img": "i5.walmartimages.com/asr/db9ce749-0477-4645-86e7-febbcaaf0449.bf01eb4ea3c81a35d82f45c239fd866e.jpeg?odnWidth=612&odnHeight=612&odnBg=ffffff",
        "tags": [
            [
                "Acoustic Guitar Strings",
                "/browse/musical-instruments/acoustic-guitar-strings/7796869_6171829_6548527_1819793_2056913"
            ],
            [
                "D'Addario",
                "/browse/musical-instruments/daddario/7796869_3861023_5277933"
            ],
            [
                "Ernie Ball",
                "/browse/musical-instruments/ernie-ball/7796869_3861023_5708336"
            ],
            [
                "Celluloid Picks",
                "/browse/musical-instruments/celluloid-picks/7796869_6171829_6548527_5215123_7206444"
            ],
            [
                "Instrument Strings",
                "/browse/musical-instruments/instrument-strings/7796869_6171829_2128409_9702093"
            ]
        ]
    },
    {
        "title": "Tie Clip Microphone Lavalier Microphone Mic Clip-on Omnidirectional Condenser Perfect for Recording Youtube/Interview/Video Conference/Podcast/Voice Dictation/iPhone",
        "url": "https://www.walmart.com/ip/Tie-Clip-Microphone-Lavalier-Mic-Clip-on-Omnidirectional-Condenser-Perfect-Recording-Youtube-Interview-Video-Conference-Podcast-Voice-Dictation-iPhon/581467735",
        "price": "$8.47",
        "stars": "4.0",
        "ratings": "2 ",
        "img": "i5.walmartimages.com/asr/d4cc2fae-1f40-4200-a872-0c58df4123a1_1.89f2dd12483601c9ae024b6a101caa81.jpeg?odnWidth=612&odnHeight=612&odnBg=ffffff",
        "tags": [
            [
                "All Karaoke Machines",
                "/browse/musical-instruments/all-karaoke-machines/7796869_6745708_106984"
            ],
            [
                "The Singing Machine Microphones",
                "/browse/musical-instruments/the-singing-machine-microphones/7796869_3861023_5419535_3711375"
            ],
            [
                "Dynamic Microphones",
                "/browse/musical-instruments/dynamic-microphones/7796869_3348689_133194_3930897"
            ],
            [
                "Shop All Microphones",
                "/browse/musical-instruments/shop-all-microphones/7796869_3348689_133194_6519431"
            ],
            [
                "Condenser Microphones",
                "/browse/musical-instruments/condenser-microphones/7796869_3348689_133194_8159030"
            ],
            [
                "Wireless Microphones",
                "/browse/musical-instruments/wireless-microphones/7796869_3348689_133194_8249540"
            ],
            [
                "USB Microphones",
                "/browse/musical-instruments/usb-microphones/7796869_3348689_133194_9889680"
            ]
        ]
    },
    {
        "title": "LAGRIMA Electric Digital Grand Console Keyboard Piano for Beginner/Adults with Pedal Board 88 Key White",
        "url": "https://www.walmart.com/ip/LAGRIMA-Electric-Digital-Grand-Console-Keyboard-Piano-for-Beginner-Adults-with-Pedal-Board-88-Key-White/712016296",
        "price": "$309.99",
        "stars": "3.4",
        "ratings": "7 ",
        "img": "i5.walmartimages.com/asr/4058a906-cbb8-4a6f-b302-fce3f9591b2f_1.d9cd6069b3dffa6b023a90bc84af9e19.jpeg?odnWidth=612&odnHeight=612&odnBg=ffffff",
        "tags": [
            [
                "Digital Pianos",
                "/browse/musical-instruments/digital-pianos/7796869_1128453_2503204_2219244"
            ],
            [
                "Keyboards Musical Classroom",
                "/browse/musical-instruments/keyboards-musical-classroom/7796869_1097895_5698620"
            ],
            [
                "88-Key Digital Pianos",
                "/browse/musical-instruments/88-key-digital-pianos/7796869_1128453_3376388_3292586_6698753"
            ],
            [
                "Electronic Keyboards with Stand",
                "/browse/musical-instruments/electronic-keyboards-with-stand/7796869_1128453_1074444_6970540"
            ],
            [
                "Portable Keyboards",
                "/browse/musical-instruments/portable-keyboards/7796869_1128453_2503204_7904097"
            ],
            [
                "Classroom Musical Instruments",
                "/browse/musical-instruments/classroom-musical-instruments/7796869_1097895_9031018"
            ]
        ]
    },
    {
        "title": "Microphones Wired Microphone Mini Jack 3.5mm Handheld Studio Microphone Condenser Professional With Microphone Holder For PC Computer",
        "url": "https://www.walmart.com/ip/Microphones-Wired-Microphone-Mini-Jack-3-5mm-Handheld-Studio-Microphone-Condenser-Professional-With-Microphone-Holder-For-PC-Computer/965688009",
        "price": "$12.64",
        "stars": "3.3",
        "ratings": "11 ",
        "img": "",
        "tags": [
            [
                "All Musical Instrument Accessories",
                "/browse/musical-instruments/all-musical-instrument-accessories/7796869_6171829_3297174"
            ],
            [
                "Dynamic Microphones",
                "/browse/musical-instruments/dynamic-microphones/7796869_3348689_133194_3930897"
            ],
            [
                "Podcasting Bundles",
                "/browse/musical-instruments/podcasting-bundles/7796869_3348689_133194_6485637"
            ],
            [
                "Blue Microphones",
                "/browse/musical-instruments/blue-microphones/7796869_3861023_7646960"
            ],
            [
                "Condenser Microphones",
                "/browse/musical-instruments/condenser-microphones/7796869_3348689_133194_8159030"
            ],
            [
                "Wireless Microphones",
                "/browse/musical-instruments/wireless-microphones/7796869_3348689_133194_8249540"
            ],
            [
                "Stands and Booms",
                "/browse/musical-instruments/stands-booms/7796869_3348689_133194_9060460"
            ],
            [
                "USB Microphones",
                "/browse/musical-instruments/usb-microphones/7796869_3348689_133194_9889680"
            ]
        ]
    }
]