[
    {
        "title": "FurReal Fuzz Pets Playful Goldie",
        "url": "https://www.walmart.com/ip/FurReal-Fuzz-Pets-Playful-Goldie/196409269",
        "price": "$42.08",
        "stars": "3.0",
        "ratings": "2 ",
        "img": "",
        "tags": [
            [
                "Electronic Toys",
                "/browse/toys/electronic-toys/4171_1096069_1105959_1096123"
            ],
            [
                "Little Live Pets",
                "/browse/toys/little-live-pets/4171_4187_7790702_3693047"
            ],
            [
                "Electronic Pets",
                "/browse/toys/electronic-pets/4171_4187_4209464"
            ],
            [
                "Toys for age  2-4  girls",
                "/browse/toys/toys-for-age-2-4-girls/4171_3318550_7016108_5476489"
            ],
            [
                "Furreal Friends",
                "/browse/toys/furreal-friends/4171_4187_5776542"
            ],
            [
                "Zoomer",
                "/browse/toys/zoomer/4171_4187_6227775"
            ],
            [
                "Toddler Girl Toys",
                "/browse/toys/toddler-girl-toys/4171_3318550_8469931_7878434"
            ],
            [
                "Toys for age  2-4  boys",
                "/browse/toys/toys-for-age-2-4-boys/4171_3318550_7016108_8955316"
            ]
        ]
    },
    {
        "title": "Bandai Hobby Gundam Heavyarms Ver EW MG 1/100 Model Kit",
        "url": "https://www.walmart.com/ip/Bandai-Hobby-Gundam-Heavyarms-Ver-EW-MG-1-100-Model-Kit/40472172",
        "price": "$48.34",
        "stars": "4.5",
        "ratings": "2 ",
        "img": "",
        "tags": [
            [
                "Model Kits",
                "/browse/toys/model-kits/4171_2229239_1044001"
            ],
            [
                "Robots & Electronic Pets",
                "/browse/toys/robots-electronic-pets/4171_1096069_1105959_1105996"
            ],
            [
                "All Collectible Figures",
                "/browse/toys/all-collectible-figures/4171_2229239_1231181"
            ],
            [
                "Fingerlings",
                "/browse/toys/fingerlings/4171_4187_1741575"
            ],
            [
                "Robotic Toys",
                "/browse/toys/robotic-toys/4171_1096069_1105959_2211540"
            ],
            [
                "Rockets",
                "/browse/toys/rockets/4171_2229239_4732279"
            ],
            [
                "Robot Toys",
                "/browse/toys/robot-toys/4171_1229858_8116584"
            ],
            [
                "Gundam",
                "/browse/toys/gundam/4171_4172_8936838"
            ]
        ]
    },
    {
        "title": "Rotated Rat Toy for Cats, Funny Wireless Electronic Remote Control Mouse Toy for Cats Dogs Pets Kids Gift Interactive Toys",
        "url": "https://www.walmart.com/ip/Rotated-Rat-Toy-for-Cats-Funny-Wireless-Electronic-Remote-Control-Mouse-Toy-for-Cats-Dogs-Pets-Kids-Gift-Interactive-Toys/668852580",
        "price": "$8.67",
        "stars": 0,
        "ratings": 0,
        "img": "",
        "tags": []
    },
    {
        "title": "Voice Control Cute AT Intelligent Interactive Smart Toys Robot For Kids",
        "url": "https://www.walmart.com/ip/Voice-Control-Cute-AT-Intelligent-Interactive-Smart-Toys-Robot-For-Kids/262518391",
        "price": "$70.00",
        "stars": 0,
        "ratings": 0,
        "img": "i5.walmartimages.com/asr/7c3257ad-6580-4d6a-9740-ca67292aef61_1.b8dda61bf326ac3354da120c1d4f5e8e.jpeg?odnWidth=612&odnHeight=612&odnBg=ffffff",
        "tags": [
            [
                "Robots & Electronic Pets",
                "/browse/toys/robots-electronic-pets/4171_1096069_1105959_1105996"
            ],
            [
                "Fingerlings",
                "/browse/toys/fingerlings/4171_4187_1741575"
            ],
            [
                "Robotic Toys",
                "/browse/toys/robotic-toys/4171_1096069_1105959_2211540"
            ],
            [
                "Little Live Pets",
                "/browse/toys/little-live-pets/4171_4187_7790702_3693047"
            ],
            [
                "Electronic Pets",
                "/browse/toys/electronic-pets/4171_4187_4209464"
            ],
            [
                "Technology Toys",
                "/browse/toys/technology-toys/4171_1229858_4779413"
            ],
            [
                "Robot Toys",
                "/browse/toys/robot-toys/4171_1229858_8116584"
            ],
            [
                "RC Toys by Brand",
                "/browse/toys/rc-toys-by-brand/4171_1111647_3436383_8304402"
            ]
        ]
    },
    {
        "title": "Pomsies Pet Snowball- Plush Interactive Toy",
        "url": "https://www.walmart.com/ip/Pomsies-Pet-Snowball-Plush-Interactive-Toy/748431931",
        "price": "$19.91",
        "stars": "4.1",
        "ratings": "33 ",
        "img": "i5.walmartimages.com/asr/fdb0d02f-1b70-4efc-9f91-e396db69b07f_1.420217acb4c5f8a4238997e53436d954.jpeg?odnWidth=612&odnHeight=612&odnBg=ffffff",
        "tags": [
            [
                "Robots & Electronic Pets",
                "/browse/toys/robots-electronic-pets/4171_1096069_1105959_1105996"
            ],
            [
                "All Stuffed Animals & Plush",
                "/browse/toys/all-stuffed-animals-plush/4171_2724815_132874"
            ],
            [
                "Fingerlings",
                "/browse/toys/fingerlings/4171_4187_1741575"
            ],
            [
                "Pomsies",
                "/browse/toys/pomsies/4171_4187_1802942"
            ],
            [
                "Little Live Pets",
                "/browse/toys/little-live-pets/4171_4187_7790702_3693047"
            ],
            [
                "Other Unicorn Toys",
                "/browse/toys/other-unicorn-toys/4171_4209468_3940073"
            ],
            [
                "Dragon Toys",
                "/browse/toys/dragon-toys/4171_7357538_5461952"
            ],
            [
                "Zoomer",
                "/browse/toys/zoomer/4171_4187_6227775"
            ]
        ]
    },
    {
        "title": "Untamed Sabre Tooth Tiger by Fingerlings-Silvertooth (Silver)Interactive Collectible Toy-By WowWee",
        "url": "https://www.walmart.com/ip/Untamed-Sabre-Tooth-Tiger-by-Fingerlings-Silvertooth-Silver-Interactive-Collectible-Toy-By-WowWee/690954833",
        "price": "$14.99",
        "stars": 0,
        "ratings": 0,
        "img": "i5.walmartimages.com/asr/86b58a7a-e295-494f-a5b6-714a1e317606_1.c29e05c8df0cb5239dea6b3de316374c.jpeg?odnWidth=612&odnHeight=612&odnBg=ffffff",
        "tags": [
            [
                "Electronic Toys",
                "/browse/toys/electronic-toys/4171_1096069_1105959_1096123"
            ],
            [
                "Robots & Electronic Pets",
                "/browse/toys/robots-electronic-pets/4171_1096069_1105959_1105996"
            ],
            [
                "Hasbro Trolls",
                "/browse/toys/hasbro-trolls/4171_7357538_9587579_1570727"
            ],
            [
                "Fingerlings",
                "/browse/toys/fingerlings/4171_4187_1741575"
            ],
            [
                "Trolls Stuffed Animals",
                "/browse/toys/trolls-stuffed-animals/4171_7357538_9587579_2779657"
            ],
            [
                "WWE Plush Figures",
                "/browse/toys/wwe-plush-figures/4171_7357538_7087187_4925928"
            ],
            [
                "Dragon Toys",
                "/browse/toys/dragon-toys/4171_7357538_5461952"
            ],
            [
                "Zoomer",
                "/browse/toys/zoomer/4171_4187_6227775"
            ]
        ]
    },
    {
        "title": "Wltoys F949 2.4G 3Ch RC Airplane Fixed Wing Plane Outdoor toys(Wltoys F949 Airplane ;  2.4G Outdoor Plane)",
        "url": "https://www.walmart.com/ip/Wltoys-F949-2-4G-3Ch-RC-Airplane-Fixed-Wing-Plane-Outdoor-toys-Wltoys-F949-Airplane-2-4G-Outdoor-Plane/159665665",
        "price": "$68.29",
        "stars": "4.2",
        "ratings": "13 ",
        "img": "i5.walmartimages.com/asr/6693d411-3061-4747-8c1b-9cbcaf348acc_1.089c15f3e84c6ba00d8f00461f25da78.jpeg?odnWidth=612&odnHeight=612&odnBg=ffffff",
        "tags": [
            [
                "RC Toys by Price",
                "/browse/toys/rc-toys-by-price/4171_1111647_3436383_1341660"
            ],
            [
                "RC Toys by Vehicle Type",
                "/browse/toys/rc-toys-by-vehicle-type/4171_1111647_3436383_2702261"
            ],
            [
                "RC Drones by Brand",
                "/browse/toys/rc-drones-by-brand/4171_1111647_3436383_3791844"
            ],
            [
                "RC Helicopters & Planes",
                "/browse/toys/rc-helicopters-planes/4171_1111647_3436383_5213267"
            ],
            [
                "Planes & Helicopters",
                "/browse/toys/planes-helicopters/4171_1111647_5741670"
            ],
            [
                "Toy Drones by Price",
                "/browse/toys/toy-drones-by-price/4171_1111647_3436383_5814447"
            ],
            [
                "RC Toys by Brand",
                "/browse/toys/rc-toys-by-brand/4171_1111647_3436383_8304402"
            ],
            [
                "Air Hogs Drones & Flyers",
                "/browse/toys/air-hogs-drones-flyers/4171_1111647_8415181"
            ]
        ]
    },
    {
        "title": "Kids Digital Video Camera Action Sports Camera 1080P 12MP Waterproof 30M Built-i",
        "url": "https://www.walmart.com/ip/Kids-Digital-Video-Camera-Action-Sports-Camera-1080P-12MP-Waterproof-30M-Built-i/324677875",
        "price": "$27.69",
        "stars": 0,
        "ratings": 0,
        "img": "i5.walmartimages.com/asr/1b611419-10d6-4dd2-921a-9ecb384a8a4c_1.e365ed17d46d8ceeabc2d08e420da5c6.jpeg?odnWidth=612&odnHeight=612&odnBg=ffffff",
        "tags": [
            [
                "Electronic Toys",
                "/browse/toys/electronic-toys/4171_1096069_1105959_1096123"
            ],
            [
                "Bilingual Toys",
                "/browse/toys/bilingual-toys/4171_56125_1229855"
            ],
            [
                "All Stuffed Animals & Plush",
                "/browse/toys/all-stuffed-animals-plush/4171_2724815_132874"
            ],
            [
                "VTech Toys",
                "/browse/toys/vtech-toys/4171_3438149_3348821"
            ],
            [
                "Pretend Play Toys for Boys",
                "/browse/toys/pretend-play-toys-for-boys/4171_4173_3613401"
            ],
            [
                "Stuffed Animals for Girls",
                "/browse/toys/stuffed-animals-for-girls/4171_2724815_3975865"
            ],
            [
                "12+ Years",
                "/browse/toys/12-years/4171_2724815_4436782"
            ],
            [
                "Stuffed Animals for Boys",
                "/browse/toys/stuffed-animals-for-boys/4171_2724815_9211121"
            ]
        ]
    },
    {
        "title": "Zoomer Hungry Bunnies, Chewy, Interactive Robotic Rabbit that Eats, for Ages 5 and Up",
        "url": "https://www.walmart.com/ip/Zoomer-Hungry-Bunnies-Chewy-Interactive-Robotic-Rabbit-that-Eats-for-Ages-5-and-Up/121678598",
        "price": "$34.87",
        "stars": "4.5",
        "ratings": "52 ",
        "img": "i5.walmartimages.com/asr/6810a869-ac45-4c38-b3e1-0914ccaadd63_1.deceb774a316be542288e1bf9af50d8f.jpeg?odnWidth=612&odnHeight=612&odnBg=ffffff",
        "tags": [
            [
                "Electronic Toys",
                "/browse/toys/electronic-toys/4171_1096069_1105959_1096123"
            ],
            [
                "Fingerlings",
                "/browse/toys/fingerlings/4171_4187_1741575"
            ],
            [
                "Pomsies",
                "/browse/toys/pomsies/4171_4187_1802942"
            ],
            [
                "Little Live Pets",
                "/browse/toys/little-live-pets/4171_4187_7790702_3693047"
            ],
            [
                "Electronic Pets",
                "/browse/toys/electronic-pets/4171_4187_4209464"
            ],
            [
                "Furreal Friends",
                "/browse/toys/furreal-friends/4171_4187_5776542"
            ],
            [
                "Zoomer",
                "/browse/toys/zoomer/4171_4187_6227775"
            ],
            [
                "Hatchimals",
                "/browse/toys/hatchimals/4171_3438149_8277039"
            ]
        ]
    },
    {
        "title": "Little Live Bizzy Bubs, Primmy",
        "url": "https://www.walmart.com/ip/Little-Live-Bizzy-Bubs-Primmy/179032229",
        "price": "$22.95",
        "stars": "5.0",
        "ratings": "2 ",
        "img": "i5.walmartimages.com/asr/f21375fd-8c2b-4f38-bc26-9328c3a2dc44_1.cb48c63e6c98792c6f995be63f5367fb.jpeg?odnWidth=612&odnHeight=612&odnBg=ffffff",
        "tags": [
            [
                "Baby Dolls",
                "/browse/toys/baby-dolls/4171_4187_133124"
            ],
            [
                "Fingerlings",
                "/browse/toys/fingerlings/4171_4187_1741575"
            ],
            [
                "Pomsies",
                "/browse/toys/pomsies/4171_4187_1802942"
            ],
            [
                "Little Live Pets",
                "/browse/toys/little-live-pets/4171_4187_7790702_3693047"
            ],
            [
                "Other Unicorn Toys",
                "/browse/toys/other-unicorn-toys/4171_4209468_3940073"
            ],
            [
                "Electronic Pets",
                "/browse/toys/electronic-pets/4171_4187_4209464"
            ],
            [
                "Furreal Friends",
                "/browse/toys/furreal-friends/4171_4187_5776542"
            ],
            [
                "Baby Alive Dolls",
                "/browse/toys/baby-alive-dolls/4171_4187_3415121_6827919"
            ]
        ]
    }
]