[
    {
        "title": "The Beadery Wonder Loom Kit, Gift for Kids, Includes 600 Rubber Bands",
        "url": "https://www.walmart.com/ip/The-Beadery-Wonder-Loom-Kit-Gift-for-Kids-Includes-600-Rubber-Bands/30652494",
        "price": "$10.89",
        "stars": "4.3",
        "ratings": "296 ",
        "img": "i5.walmartimages.com/asr/19cf0b59-866e-4d85-968e-f4c555e2f68e_1.5e93c6e1602555cc92bcef573323000f.jpeg?odnWidth=612&odnHeight=612&odnBg=ffffff",
        "tags": [
            [
                "Costumes & Dress Up",
                "/browse/toys/costumes-dress-up/4171_4173_164142"
            ],
            [
                "Hair, Nail & Spa Toys",
                "/browse/toys/hair-nail-spa-toys/4171_645779_2990448"
            ],
            [
                "Cool Maker",
                "/browse/toys/cool-maker/4171_645779_3371021"
            ],
            [
                "Quilting & Sewing Kits",
                "/browse/toys/quilting-sewing-kits/4171_645779_6317337"
            ],
            [
                "Toys for Kids 5 to 7 Years",
                "/browse/toys/toys-for-kids-5-to-7-years/4171_3318550_617941_8920388"
            ],
            [
                "Knitting & Weaving Kits",
                "/browse/toys/knitting-weaving-kits/4171_645779_8985243"
            ],
            [
                "Children's Paint and Paint Supplies",
                "/browse/toys/childrens-paint-paint-supplies/4171_645779_9646901"
            ],
            [
                "All Kids Jewelry Making Kits",
                "/browse/toys/all-kids-jewelry-making-kits/4171_645779_9564789_9869340"
            ]
        ]
    },
    {
        "title": "Play-Doh Modeling Compound 4 4-Oz Cans of Dough (Sweet Colors) (16 oz)",
        "url": "https://www.walmart.com/ip/Play-Doh-Modeling-Compound-4-4-Oz-Cans-of-Dough-Sweet-Colors-16-oz/440114227",
        "price": "$2.46",
        "stars": "5.0",
        "ratings": "4 ",
        "img": "i5.walmartimages.com/asr/863f02b5-8c53-46b2-811c-6d7b435ad43e_1.501f8e535e0374e6113f8f5fd1e5aed2.jpeg?odnWidth=612&odnHeight=612&odnBg=ffffff",
        "tags": [
            [
                "Play-Doh",
                "/browse/toys/play-doh/4171_645779_9285153_2925360"
            ],
            [
                "Play-Doh Kitchen Creations",
                "/browse/toys/play-doh-kitchen-creations/4171_645779_9285153_3576437"
            ],
            [
                "Toys for Kids 2 to 4 Years",
                "/browse/toys/toys-for-kids-2-to-4-years/4171_3318550_7016108_4703344"
            ],
            [
                "Play-Doh Sets",
                "/browse/toys/play-doh-sets/4171_645779_9285153_5291460"
            ],
            [
                "Play-Doh Licensed Sets",
                "/browse/toys/play-doh-licensed-sets/4171_645779_9285153_6910681"
            ],
            [
                "Crayola Dough, Clay & Slime",
                "/browse/toys/crayola-dough-clay-slime/4171_645779_9285153_8633676"
            ],
            [
                "Toys for Kids 5 to 7 Years",
                "/browse/toys/toys-for-kids-5-to-7-years/4171_3318550_617941_8920388"
            ],
            [
                "Play-Doh Compound",
                "/browse/toys/play-doh-compound/4171_645779_9285153_9262776"
            ]
        ]
    },
    {
        "title": "Elmer's Liquid Glitter Glue, Washable, Blue, 6 oz",
        "url": "https://www.walmart.com/ip/Elmer-s-Liquid-Glitter-Glue-Washable-Blue-6-oz/22027223",
        "price": "$3.18",
        "stars": "4.8",
        "ratings": "4 ",
        "img": "i5.walmartimages.com/asr/b14766ed-9f34-4771-8df2-27881b1aedd4_1.c62a660666aac248e1ad2b29d6e1cf0f.jpeg?odnWidth=612&odnHeight=612&odnBg=ffffff",
        "tags": [
            [
                "Activators for Slime",
                "/browse/toys/activators-for-slime/4171_645779_2165088_2131853_1433843"
            ],
            [
                "Glitter Slime",
                "/browse/toys/glitter-slime/4171_645779_2165088_3252168"
            ],
            [
                "Glow-in-the-Dark Slime",
                "/browse/toys/glow-in-the-dark-slime/4171_645779_2165088_4007466"
            ],
            [
                "Clear Slime",
                "/browse/toys/clear-slime/4171_645779_2165088_4429474"
            ],
            [
                "DIY Slime Kits",
                "/browse/toys/diy-slime-kits/4171_645779_2165088_6010655"
            ],
            [
                "Crunchy Slime",
                "/browse/toys/crunchy-slime/4171_645779_2165088_6570164"
            ],
            [
                "Glue for Slime",
                "/browse/toys/glue-for-slime/4171_645779_2165088_2131853_8604968"
            ],
            [
                "Pre-Made Slime Shop",
                "/browse/toys/pre-made-slime-shop/4171_645779_2165088_9237203"
            ]
        ]
    },
    {
        "title": "Crayola Modeling Clay Bucket, Modeling Clay For Kids, 15 Oz., White",
        "url": "https://www.walmart.com/ip/Crayola-Modeling-Clay-Bucket-Modeling-Clay-For-Kids-15-Oz-White/48613812",
        "price": "$5.00",
        "stars": "3.6",
        "ratings": "14 ",
        "img": "i5.walmartimages.com/asr/ddb199b4-3434-49f9-8415-db777ecf2833_1.d9dce04908616dc131ab31dec09a44ce.jpeg?odnWidth=612&odnHeight=612&odnBg=ffffff",
        "tags": [
            [
                "Clear Slime",
                "/browse/toys/clear-slime/4171_645779_2165088_4429474"
            ],
            [
                "Cloud Slime",
                "/browse/toys/cloud-slime/4171_645779_2165088_4675798"
            ],
            [
                "DIY Slime Kits",
                "/browse/toys/diy-slime-kits/4171_645779_2165088_6010655"
            ],
            [
                "Drawing & Coloring",
                "/browse/toys/drawing-coloring/4171_645779_613041"
            ],
            [
                "Crunchy Slime",
                "/browse/toys/crunchy-slime/4171_645779_2165088_6570164"
            ],
            [
                "Glue for Slime",
                "/browse/toys/glue-for-slime/4171_645779_2165088_2131853_8604968"
            ],
            [
                "Crayola Dough, Clay & Slime",
                "/browse/toys/crayola-dough-clay-slime/4171_645779_9285153_8633676"
            ],
            [
                "Pre-Made Slime Shop",
                "/browse/toys/pre-made-slime-shop/4171_645779_2165088_9237203"
            ]
        ]
    },
    {
        "title": "Daler-Rowney Simply Tracing Pad, 9\" x 12\", 28 lb, 40 Sheet, 1 Each",
        "url": "https://www.walmart.com/ip/Daler-Rowney-Simply-Tracing-Pad-9-x-12-28-lb-40-Sheet-1-Each/55270234",
        "price": "$2.18",
        "stars": "4.7",
        "ratings": "21 ",
        "img": "i5.walmartimages.com/asr/3f729093-fa21-44b6-b193-93b9f93a8f27.e9b317e30b302aed9abf4efde430ac0c.jpeg?odnWidth=612&odnHeight=612&odnBg=ffffff",
        "tags": [
            [
                "Kid Art Easels & Stations",
                "/browse/toys/kid-art-easels-stations/4171_645779_1103012"
            ],
            [
                "Craft Kits",
                "/browse/toys/craft-kits/4171_645779_613040"
            ],
            [
                "Play Dough",
                "/browse/toys/play-dough/4171_645779_9285153_613042"
            ],
            [
                "Magna Doodle",
                "/browse/toys/magna-doodle/4171_645779_6408170_6399778"
            ],
            [
                "Etch-A-Sketch",
                "/browse/toys/etch-a-sketch/4171_645779_6408170_8550674"
            ],
            [
                "Glue for Slime",
                "/browse/toys/glue-for-slime/4171_645779_2165088_2131853_8604968"
            ],
            [
                "Toys for Kids 5 to 7 Years",
                "/browse/toys/toys-for-kids-5-to-7-years/4171_3318550_617941_8920388"
            ],
            [
                "Children's Paint and Paint Supplies",
                "/browse/toys/childrens-paint-paint-supplies/4171_645779_9646901"
            ]
        ]
    },
    {
        "title": "Crayola Washable Kids' Paint Set, 10-Colors",
        "url": "https://www.walmart.com/ip/Crayola-Washable-Kids-Paint-Set-10-Colors/16904609",
        "price": "$4.97",
        "stars": "4.8",
        "ratings": "225 ",
        "img": "i5.walmartimages.com/asr/ae42c19b-c86c-4ac9-a7d5-5d7f4f8b148e_1.054b8af023710152e0b146e3b3db77a4.jpeg?odnWidth=612&odnHeight=612&odnBg=ffffff",
        "tags": [
            [
                "Crayola Finger Paint",
                "/browse/shop-by-brand/crayola-finger-paint/3734780_9312923_5916865_6731654_2031993"
            ],
            [
                "Crayola Colored Pencils",
                "/browse/shop-by-brand/crayola-colored-pencils/3734780_9312923_5916865_7082544_2178954"
            ],
            [
                "Crayola Markers",
                "/browse/shop-by-brand/crayola-markers/3734780_9312923_5916865_7082544_4517923"
            ],
            [
                "Crayola Classpack Paint and Painting Tools",
                "/browse/shop-by-brand/crayola-classpack-paint-painting-tools/3734780_9312923_5916865_8994348_6823122"
            ],
            [
                "Crayola Crayons",
                "/browse/shop-by-brand/crayola-crayons/3734780_9312923_5916865_7082544_6912116"
            ],
            [
                "Crayola Paint Brushes",
                "/browse/shop-by-brand/crayola-paint-brushes/3734780_9312923_5916865_6731654_6985136"
            ],
            [
                "Crayola Tempera Paint",
                "/browse/shop-by-brand/crayola-tempera-paint/3734780_9312923_5916865_6731654_7728361"
            ],
            [
                "Crayola Teens & Adult",
                "/browse/shop-by-brand/crayola-teens-adult/3734780_9312923_5916865_6856318_9265281"
            ]
        ]
    },
    {
        "title": "Play-Doh 8 Color Rainbow Pack (16oz)",
        "url": "https://www.walmart.com/ip/Play-Doh-8-Color-Rainbow-Pack-16oz/915616934",
        "price": "$4.94",
        "stars": "4.8",
        "ratings": "20 ",
        "img": "i5.walmartimages.com/asr/d58ddbd6-4724-4798-afe2-0101cb0c3658_1.2f069d267b860511c8ea725c87132785.jpeg?odnWidth=612&odnHeight=612&odnBg=ffffff",
        "tags": [
            [
                "Play-Doh Kitchen Creations",
                "/browse/toys/play-doh-kitchen-creations/4171_645779_9285153_3576437"
            ],
            [
                "Toys for Kids 2 to 4 Years",
                "/browse/toys/toys-for-kids-2-to-4-years/4171_3318550_7016108_4703344"
            ],
            [
                "Play-Doh Sets",
                "/browse/toys/play-doh-sets/4171_645779_9285153_5291460"
            ],
            [
                "Play Dough",
                "/browse/toys/play-dough/4171_645779_9285153_613042"
            ],
            [
                "Play-Doh Licensed Sets",
                "/browse/toys/play-doh-licensed-sets/4171_645779_9285153_6910681"
            ],
            [
                "Toys for Kids 5 to 7 Years",
                "/browse/toys/toys-for-kids-5-to-7-years/4171_3318550_617941_8920388"
            ],
            [
                "Play-Doh Compound",
                "/browse/toys/play-doh-compound/4171_645779_9285153_9262776"
            ],
            [
                "Children's Paint and Paint Supplies",
                "/browse/toys/childrens-paint-paint-supplies/4171_645779_9646901"
            ]
        ]
    },
    {
        "title": "Disney Minnie Mouse Erasable Activity Table Playset & 2 Chairs",
        "url": "https://www.walmart.com/ip/Disney-Minnie-Mouse-Erasable-Activity-Table-Playset-2-Chairs/502255136",
        "price": "$34.97",
        "stars": "4.7",
        "ratings": "381 ",
        "img": "i5.walmartimages.com/asr/808bc681-8ce2-4ffc-9cf7-a23e90c00503_1.17cc151764d23ec42719e0c70d6dfc6e.jpeg?odnWidth=612&odnHeight=612&odnBg=ffffff",
        "tags": [
            [
                "Kids' Bedroom Sets",
                "/browse/home/kids-bedroom-sets/4044_1154295_1155958_1155972"
            ],
            [
                "Kids' Desk with Chair Sets",
                "/browse/home/kids-desk-with-chair-sets/4044_1154295_1155958_1155993"
            ],
            [
                "Kids' Chairs & Seating",
                "/browse/home/kids-chairs-seating/4044_1154295_1155958_1156032"
            ],
            [
                "Shop All Kids' Furniture",
                "/browse/home/shop-all-kids-furniture/4044_1154295_1155958_5352796"
            ],
            [
                "Kids' Characters",
                "/browse/home/kids-characters/4044_1154295_6561064"
            ],
            [
                "Kids' Storage",
                "/browse/home/kids-storage/4044_1154295_673059"
            ],
            [
                "Disney Storage",
                "/browse/home/disney-storage/4044_90828_2523133_8092415"
            ],
            [
                "Kids' Playroom",
                "/browse/home/kids-playroom/4044_1154295_9443108"
            ]
        ]
    },
    {
        "title": "Just My Style Light-Up Diary, Gift for Kids, Ages 6+",
        "url": "https://www.walmart.com/ip/Just-My-Style-Light-Up-Diary-Gift-for-Kids-Ages-6/47740977",
        "price": "$9.97",
        "stars": "4.6",
        "ratings": "90 ",
        "img": "i5.walmartimages.com/asr/7dad1795-cbf3-4731-a189-1f96c3fde8f0_2.770a4b441b5e636d1e5066cb416251d8.jpeg?odnWidth=612&odnHeight=612&odnBg=ffffff",
        "tags": [
            [
                "All Planners",
                "/browse/office-supplies/all-planners/1229749_8412191_3635432_1044269"
            ],
            [
                "All Paper & Printable Media",
                "/browse/office-supplies/all-paper-printable-media/1229749_6562796_1044270"
            ],
            [
                "Shop Notebooks by Brand",
                "/browse/office-supplies/shop-notebooks-by-brand/1229749_4796182_1044271"
            ],
            [
                "Composition Books",
                "/browse/office-supplies/composition-books/1229749_4796182_4411896"
            ],
            [
                "Bullet Journals",
                "/browse/office-supplies/bullet-journals/1229749_4922227_6519909"
            ],
            [
                "1-Subject Spiral Notebooks",
                "/browse/office-supplies/1-subject-spiral-notebooks/1229749_4796182_2714026_7232305"
            ],
            [
                "Premium Journals",
                "/browse/office-supplies/premium-journals/1229749_4922227_8418699"
            ],
            [
                "All Spiral Notebooks",
                "/browse/office-supplies/all-spiral-notebooks/1229749_4796182_2714026_9639353"
            ]
        ]
    },
    {
        "title": "Slime Extra Strong Bicycle Tube, 27.5\" x 2.0-2.40\" Schrader - 30088",
        "url": "https://www.walmart.com/ip/Slime-Extra-Strong-Bicycle-Tube-27-5-x-2-0-2-40-Schrader-30088/761816221",
        "price": "$6.96",
        "stars": "4.5",
        "ratings": "25 ",
        "img": "i5.walmartimages.com/asr/12b890f2-3537-4889-b21d-80b01d3195bc_2.2b8a59dca52e08d85a17a3fa584a3c25.jpeg?odnWidth=612&odnHeight=612&odnBg=ffffff",
        "tags": [
            [
                "Poopsie Slime Surprise",
                "/browse/toys/poopsie-slime-surprise/4171_645779_2165088_2754766"
            ],
            [
                "Glitter Slime",
                "/browse/toys/glitter-slime/4171_645779_2165088_3252168"
            ],
            [
                "Nickelodeon Slime",
                "/browse/toys/nickelodeon-slime/4171_645779_2165088_3447161"
            ],
            [
                "Compound Kings Slime",
                "/browse/toys/compound-kings-slime/4171_645779_2165088_4470609"
            ],
            [
                "DIY Slime Kits",
                "/browse/toys/diy-slime-kits/4171_645779_2165088_6010655"
            ],
            [
                "Craft Kits",
                "/browse/toys/craft-kits/4171_645779_613040"
            ],
            [
                "Crunchy Slime",
                "/browse/toys/crunchy-slime/4171_645779_2165088_6570164"
            ],
            [
                "Unicorn Slime",
                "/browse/toys/unicorn-slime/4171_645779_2165088_8803674"
            ]
        ]
    },
    {
        "title": "Etch A Sketch, Classic Red Drawing Toy with Magic Screen, for Ages 3 and Up",
        "url": "https://www.walmart.com/ip/Etch-A-Sketch-Classic-Red-Drawing-Toy-with-Magic-Screen-for-Ages-3-and-Up/55880497",
        "price": "$12.88",
        "stars": "4.5",
        "ratings": "77 ",
        "img": "i5.walmartimages.com/asr/09c599cc-ac2e-4f5a-b323-f3c99dc933fa_2.2ccd305d7bebf91f8fa43d3b8218345a.jpeg?odnWidth=612&odnHeight=612&odnBg=ffffff",
        "tags": [
            [
                "Father's Day Electronics",
                "/browse/seasonal/fathers-day-electronics/1085632_1094344_2365074"
            ],
            [
                "Connected Dorm Room",
                "/browse/seasonal/connected-dorm-room/1085632_8174172_6292484_2548864"
            ],
            [
                "Shop All Glass",
                "/browse/seasonal/shop-all-glass/1085632_1071204_4976191"
            ],
            [
                "Mother's Day Electronics Gifts",
                "/browse/seasonal/mothers-day-electronics-gifts/1085632_1093554_5742102"
            ],
            [
                "Audio",
                "/browse/seasonal/audio/1085632_8174172_6292484_5759323"
            ],
            [
                "Tax Free Shop All",
                "/browse/tax-free-shop-all/1085632_6767877"
            ],
            [
                "Electronics Gifts for Grads",
                "/browse/seasonal/electronics-gifts-for-grads/1085632_1105121_7594959"
            ],
            [
                "Back to School Home Audio Visual",
                "/browse/seasonal/back-to-school-home-audio-visual/1085632_1071204_7767149_8665149"
            ]
        ]
    }
]