[
    {
        "title": "Solid Wood Cribbage Folding Board with Playing Cards",
        "url": "https://www.walmart.com/ip/Solid-Wood-Cribbage-Folding-Board-with-Playing-Cards/490915208",
        "price": "$9.05",
        "stars": "3.1",
        "ratings": "8 ",
        "img": "i5.walmartimages.com/asr/7ffd7da2-38cc-473c-a3d6-27335168e545.0eb5645204517edc839ccf1d95792ea9.jpeg?odnWidth=612&odnHeight=612&odnBg=ffffff",
        "tags": [
            [
                "Card Games",
                "/browse/toys/card-games/4171_4191_163842"
            ],
            [
                "Family Games",
                "/browse/toys/family-games/4171_4191_2335373_2204878"
            ],
            [
                "All Board Games",
                "/browse/toys/all-board-games/4171_4191_133123_4497274"
            ],
            [
                "Party Games",
                "/browse/toys/party-games/4171_4191_5016956"
            ],
            [
                "Only at Walmart Games & Puzzles",
                "/browse/toys/only-at-walmart-games-puzzles/4171_4191_6786083"
            ],
            [
                "Toys for Kids 8 to 11 Years",
                "/browse/toys/toys-for-kids-8-to-11-years/4171_3318550_617942_8104028"
            ],
            [
                "Adult Games",
                "/browse/toys/adult-games/4171_4191_2335373_9523585"
            ]
        ]
    },
    {
        "title": "Bandai Original Digimon Digivice Virtual Pet Monster - Yellow",
        "url": "https://www.walmart.com/ip/Bandai-Original-Digimon-Digivice-Virtual-Pet-Monster-Yellow/733501890",
        "price": "$17.30",
        "stars": 0,
        "ratings": 0,
        "img": "i5.walmartimages.com/asr/ac9945b1-daf8-4bc9-b2b0-ac629a02443d_1.4775be20e7f42c65b35118b323bd5f6c.jpeg?odnWidth=612&odnHeight=612&odnBg=ffffff",
        "tags": [
            [
                "Robots & Electronic Pets",
                "/browse/toys/robots-electronic-pets/4171_1096069_1105959_1105996"
            ],
            [
                "500 Piece Jigsaws",
                "/browse/toys/500-piece-jigsaws/4171_4191_163840_2972767"
            ],
            [
                "1000 Piece Jigsaws",
                "/browse/toys/1000-piece-jigsaws/4171_4191_163840_3974623"
            ],
            [
                "Electronic Pets",
                "/browse/toys/electronic-pets/4171_4187_4209464"
            ],
            [
                "300 Piece Jigsaws",
                "/browse/toys/300-piece-jigsaws/4171_4191_163840_4640812"
            ],
            [
                "Kids Puzzles",
                "/browse/toys/kids-puzzles/4171_4191_163840_6928209"
            ],
            [
                "Tamagotchi",
                "/browse/toys/tamagotchi/4171_8039111_9266128"
            ]
        ]
    },
    {
        "title": "Melissa & Doug Amazing Animals Wooden Jigsaw Puzzles in a Box - 3 puzzles, 12 pcs each",
        "url": "https://www.walmart.com/ip/Melissa-Doug-Amazing-Animals-Wooden-Jigsaw-Puzzles-in-a-Box-3-puzzles-12-pcs-each/680903262",
        "price": "$9.97",
        "stars": "4.6",
        "ratings": "14 ",
        "img": "i5.walmartimages.com/asr/b650b053-2b74-482d-9b1e-991d23c74072_1.4d057ab72bd7f6793c44b38e149c268d.jpeg?odnWidth=612&odnHeight=612&odnBg=ffffff",
        "tags": [
            [
                "Wood Puzzles",
                "/browse/toys/wood-puzzles/4171_4191_163840_3670108"
            ],
            [
                "Jigsaw Puzzles",
                "/browse/toys/jigsaw-puzzles/4171_4191_163840_4981610"
            ],
            [
                "Melissa & Doug Toys",
                "/browse/toys/melissa-doug-toys/4171_3438149_5908879"
            ],
            [
                "Toys for 4 year olds",
                "/browse/toys/toys-for-4-year-olds/4171_3318550_7016108_6734866"
            ],
            [
                "Math Toys for Kids",
                "/browse/toys/math-toys-for-kids/4171_1229858_6906869"
            ],
            [
                "Kids Puzzles",
                "/browse/toys/kids-puzzles/4171_4191_163840_6928209"
            ],
            [
                "Toys for 2 year olds",
                "/browse/toys/toys-for-2-year-olds/4171_3318550_7016108_7131451"
            ],
            [
                "Toys for 3 year olds",
                "/browse/toys/toys-for-3-year-olds/4171_3318550_7016108_9012469"
            ]
        ]
    },
    {
        "title": "Trouble Disney Frozen Olaf's Ice Adventure Game for Kids Ages 5 and Up",
        "url": "https://www.walmart.com/ip/Trouble-Disney-Frozen-Olaf-s-Ice-Adventure-Game-for-Kids-Ages-5-and-Up/282984783",
        "price": "$14.54",
        "stars": "3.8",
        "ratings": "16 ",
        "img": "i5.walmartimages.com/asr/76f0f1d3-fe19-4fe8-b68f-27dc9b23857a_4.13cd7e34cf7b4417f8cdda0dc0e76a20.jpeg?odnWidth=612&odnHeight=612&odnBg=ffffff",
        "tags": [
            [
                "Frozen Dolls & Dollhouses",
                "/browse/toys/frozen-dolls-dollhouses/4171_7357538_6091150_1817573"
            ],
            [
                "Frozen Dolls",
                "/browse/toys/frozen-dolls/4171_4187_8051423_2062169"
            ],
            [
                "Classic Games",
                "/browse/toys/classic-games/4171_4191_2084995"
            ],
            [
                "Family Games",
                "/browse/toys/family-games/4171_4191_2335373_2204878"
            ],
            [
                "Frozen Games & Puzzles",
                "/browse/toys/frozen-games-puzzles/4171_7357538_6091150_3595068"
            ],
            [
                "All Board Games",
                "/browse/toys/all-board-games/4171_4191_133123_4497274"
            ],
            [
                "All Frozen Toys",
                "/browse/toys/all-frozen-toys/4171_7357538_6091150_4557348"
            ]
        ]
    },
    {
        "title": "Play Begins Pop Tac Toe Pirate Adventures, Popper Board Game, for Families and Kids Ages 3 and up",
        "url": "https://www.walmart.com/ip/Play-Begins-Pop-Tac-Toe-Pirate-Adventures-Popper-Board-Game-for-Families-and-Kids-Ages-3-and-up/994798520",
        "price": "$9.97",
        "stars": "5.0",
        "ratings": "1 ",
        "img": "i5.walmartimages.com/asr/c82e2121-1b5b-4e0d-92cb-e8864738e12a.90aba2ce9f13536c3351a11b917fa463.jpeg?odnWidth=612&odnHeight=612&odnBg=ffffff",
        "tags": [
            [
                "Classic Games",
                "/browse/toys/classic-games/4171_4191_2084995"
            ],
            [
                "Family Games",
                "/browse/toys/family-games/4171_4191_2335373_2204878"
            ],
            [
                "All Board Games",
                "/browse/toys/all-board-games/4171_4191_133123_4497274"
            ],
            [
                "Toys for Kids 2 to 4 Years",
                "/browse/toys/toys-for-kids-2-to-4-years/4171_3318550_7016108_4703344"
            ],
            [
                "Fashion Dolls",
                "/browse/toys/fashion-dolls/4171_4187_8051423_7344622"
            ],
            [
                "All Barbie Dolls",
                "/browse/toys/all-barbie-dolls/4171_4187_1953337_8898526_7849876"
            ],
            [
                "Toys for Kids 5 to 7 Years",
                "/browse/toys/toys-for-kids-5-to-7-years/4171_3318550_617941_8920388"
            ]
        ]
    },
    {
        "title": "Fisher-Price Laugh & Learn Farm Animal Puzzle with 7 Different Songs",
        "url": "https://www.walmart.com/ip/Fisher-Price-Laugh-Learn-Farm-Animal-Puzzle-with-7-Different-Songs/40994996",
        "price": "$9.97",
        "stars": "4.7",
        "ratings": "41 ",
        "img": "",
        "tags": [
            [
                "Ages 0-12 months",
                "/browse/baby/ages-0-12-months/5427_491351_1081264"
            ],
            [
                "Ages 12-24 months",
                "/browse/baby/ages-12-24-months/5427_491351_1081284"
            ],
            [
                "12-18 Month Toys",
                "/browse/baby/12-18-month-toys/5427_491351_2793475"
            ],
            [
                "9-12 Month Toys",
                "/browse/baby/9-12-month-toys/5427_491351_3566617"
            ],
            [
                "Fisher Price Baby Toys",
                "/browse/baby/fisher-price-baby-toys/5427_491351_3913250"
            ],
            [
                "Fisher Price Electronic Baby Toys",
                "/browse/baby/fisher-price-electronic-baby-toys/5427_491351_6845286"
            ],
            [
                "Shape Sorters and Stacking Toys",
                "/browse/baby/shape-sorters-stacking-toys/5427_491351_7316417"
            ],
            [
                "Fisher Price Toddler",
                "/browse/fisher-price-toddler/5427_8667173"
            ]
        ]
    },
    {
        "title": "Buffalo Games - Photography - Dream Village - 1000 Piece Jigsaw Puzzle",
        "url": "https://www.walmart.com/ip/Buffalo-Games-Photography-Dream-Village-1000-Piece-Jigsaw-Puzzle/373765467",
        "price": "$9.97",
        "stars": 0,
        "ratings": 0,
        "img": "i5.walmartimages.com/asr/f8b31a96-41d9-43c8-9457-bfb6834d3f1c_1.b15da3e17ae35e8afe049992cf644325.jpeg?odnWidth=612&odnHeight=612&odnBg=ffffff",
        "tags": [
            [
                "Shop Toys by Price",
                "/browse/shop-toys-by-price/4171_1263324"
            ],
            [
                "Springbok Puzzles",
                "/browse/toys/springbok-puzzles/4171_4191_163840_2713586_1832423"
            ],
            [
                "500 Piece Jigsaws",
                "/browse/toys/500-piece-jigsaws/4171_4191_163840_2972767"
            ],
            [
                "750 Piece Jigsaws",
                "/browse/toys/750-piece-jigsaws/4171_4191_163840_4166037"
            ],
            [
                "Jigsaw Puzzles",
                "/browse/toys/jigsaw-puzzles/4171_4191_163840_4981610"
            ],
            [
                "Kids Puzzles",
                "/browse/toys/kids-puzzles/4171_4191_163840_6928209"
            ],
            [
                "Ceaco Shelf",
                "/browse/toys/ceaco-shelf/4171_4191_163840_7820798"
            ]
        ]
    },
    {
        "title": "Yu-Gi-Oh! Toon Chaos Blister- for Store Pickup Only",
        "url": "https://www.walmart.com/ip/Yu-Gi-Oh-Toon-Chaos-Blister-for-Store-Pickup-Only/578315829",
        "price": "$29.99",
        "stars": "5.0",
        "ratings": "1 ",
        "img": "",
        "tags": [
            [
                "Topps",
                "/browse/toys/topps/4171_4191_9807313_6249075_1462910"
            ],
            [
                "Card Games",
                "/browse/toys/card-games/4171_4191_163842"
            ],
            [
                "Family Games",
                "/browse/toys/family-games/4171_4191_2335373_2204878"
            ],
            [
                "Pokemon Collector's Tin",
                "/browse/toys/pokemon-collectors-tin/4171_4191_9807313_4252400_2810627"
            ],
            [
                "All Trading Cards",
                "/browse/toys/all-trading-cards/4171_4191_9807313_4193925"
            ],
            [
                "Pokemon TCG",
                "/browse/toys/pokemon-tcg/4171_4191_9807313_4252400_4532494"
            ],
            [
                "Toys for Kids 8 to 11 Years",
                "/browse/toys/toys-for-kids-8-to-11-years/4171_3318550_617942_8104028"
            ]
        ]
    },
    {
        "title": "Buffalo Games - Adorable Animals - Puppy Playground - 300 Large Piece Jigsaw Puzzle",
        "url": "https://www.walmart.com/ip/Buffalo-Games-Adorable-Animals-Puppy-Playground-300-Large-Piece-Jigsaw-Puzzle/101274228",
        "price": "$12.99",
        "stars": "4.3",
        "ratings": "3 ",
        "img": "i5.walmartimages.com/asr/edf1269e-3a6d-4336-adf8-e2395f20dfcf_1.b3e3c9db5d06de20d3a4ad48f3bf2c40.jpeg?odnWidth=612&odnHeight=612&odnBg=ffffff",
        "tags": [
            [
                "500 Piece Jigsaws",
                "/browse/toys/500-piece-jigsaws/4171_4191_163840_2972767"
            ],
            [
                "Thomas Kinkade Puzzles",
                "/browse/toys/thomas-kinkade-puzzles/4171_4191_163840_2713586_3945720"
            ],
            [
                "1000 Piece Jigsaws",
                "/browse/toys/1000-piece-jigsaws/4171_4191_163840_3974623"
            ],
            [
                "750 Piece Jigsaws",
                "/browse/toys/750-piece-jigsaws/4171_4191_163840_4166037"
            ],
            [
                "3D Puzzles",
                "/browse/toys/3d-puzzles/4171_4191_163840_4244336"
            ],
            [
                "Jigsaw Puzzles",
                "/browse/toys/jigsaw-puzzles/4171_4191_163840_4981610"
            ],
            [
                "Kids Puzzles",
                "/browse/toys/kids-puzzles/4171_4191_163840_6928209"
            ],
            [
                "Ceaco Shelf",
                "/browse/toys/ceaco-shelf/4171_4191_163840_7820798"
            ]
        ]
    },
    {
        "title": "Bakugan Deka, Trox, Armored Alliance Jumbo Collectible Transforming Figure, for Ages 6 and up",
        "url": "https://www.walmart.com/ip/Bakugan-Deka-Trox-Armored-Alliance-Jumbo-Collectible-Transforming-Figure-for-Ages-6-and-up/640567525",
        "price": "$14.97",
        "stars": "5.0",
        "ratings": "1 ",
        "img": "i5.walmartimages.com/asr/6e3b3634-c460-4aa3-b5e5-74f7c2a23f0b_2.9cc7a5c9c3174c55ebed139d6d6137ab.jpeg?odnWidth=612&odnHeight=612&odnBg=ffffff",
        "tags": [
            [
                "All Trading Cards",
                "/browse/toys/all-trading-cards/4171_4191_9807313_4193925"
            ],
            [
                "Paw Patrol",
                "/browse/toys/paw-patrol/4171_1111647_5084539"
            ],
            [
                "Dragon Toys",
                "/browse/toys/dragon-toys/4171_7357538_5461952"
            ],
            [
                "Hatchimals",
                "/browse/toys/hatchimals/4171_3438149_8277039"
            ],
            [
                "Batman Action Figures",
                "/browse/toys/batman-action-figures/4171_4172_9730655"
            ],
            [
                "Bakugan",
                "/browse/toys/bakugan/4171_4191_9819545"
            ]
        ]
    }
]