[
    {
        "title": "Buffalo Games - Signature Collection - Antique Map - 1000 Piece Jigsaw Puzzle",
        "url": "https://www.walmart.com/ip/Buffalo-Games-Signature-Collection-Antique-Map-1000-Piece-Jigsaw-Puzzle/193243776",
        "price": "$10.97",
        "stars": "4.8",
        "ratings": "6 ",
        "img": "i5.walmartimages.com/asr/b893212e-0665-4766-babe-a51a512763a4_1.87441f66530a6794763adf3f3c08e7bc.jpeg?odnWidth=612&odnHeight=612&odnBg=ffffff",
        "tags": [
            [
                "Springbok Puzzles",
                "/browse/toys/springbok-puzzles/4171_4191_163840_2713586_1832423"
            ],
            [
                "500 Piece Jigsaws",
                "/browse/toys/500-piece-jigsaws/4171_4191_163840_2972767"
            ],
            [
                "Thomas Kinkade Puzzles",
                "/browse/toys/thomas-kinkade-puzzles/4171_4191_163840_2713586_3945720"
            ],
            [
                "750 Piece Jigsaws",
                "/browse/toys/750-piece-jigsaws/4171_4191_163840_4166037"
            ],
            [
                "300 Piece Jigsaws",
                "/browse/toys/300-piece-jigsaws/4171_4191_163840_4640812"
            ],
            [
                "Jigsaw Puzzles",
                "/browse/toys/jigsaw-puzzles/4171_4191_163840_4981610"
            ],
            [
                "Kids Puzzles",
                "/browse/toys/kids-puzzles/4171_4191_163840_6928209"
            ],
            [
                "Ceaco Shelf",
                "/browse/toys/ceaco-shelf/4171_4191_163840_7820798"
            ]
        ]
    },
    {
        "title": "8 PK PUZZLE BUNDLE",
        "url": "https://www.walmart.com/ip/8-PK-PUZZLE-BUNDLE/230308173",
        "price": "$11.99",
        "stars": "4.7",
        "ratings": "34 ",
        "img": "i5.walmartimages.com/asr/113c87a1-17db-4864-b1ed-562a73d27600_1.de1e5872e8ef1100ff3a5d06576c7e35.png?odnWidth=612&odnHeight=612&odnBg=ffffff",
        "tags": [
            [
                "Melissa and Doug Puzzles",
                "/browse/toys/melissa-doug-puzzles/4171_4191_163840_2713586_1870296"
            ],
            [
                "500 Piece Jigsaws",
                "/browse/toys/500-piece-jigsaws/4171_4191_163840_2972767"
            ],
            [
                "Wood Puzzles",
                "/browse/toys/wood-puzzles/4171_4191_163840_3670108"
            ],
            [
                "300 Piece Jigsaws",
                "/browse/toys/300-piece-jigsaws/4171_4191_163840_4640812"
            ],
            [
                "Melissa & Doug Toys",
                "/browse/toys/melissa-doug-toys/4171_3438149_5908879"
            ],
            [
                "Only at Walmart Games & Puzzles",
                "/browse/toys/only-at-walmart-games-puzzles/4171_4191_6786083"
            ],
            [
                "Kids Puzzles",
                "/browse/toys/kids-puzzles/4171_4191_163840_6928209"
            ],
            [
                "Ceaco Shelf",
                "/browse/toys/ceaco-shelf/4171_4191_163840_7820798"
            ]
        ]
    },
    {
        "title": "Mr. Mouth Feed The Frog Classic Family Game, Fly Flicking Fun Game For Kids, Ages 5+",
        "url": "https://www.walmart.com/ip/Mr-Mouth-Feed-The-Frog-Classic-Family-Game-Fly-Flicking-Fun-Game-For-Kids-Ages-5/16880241",
        "price": "$17.95",
        "stars": "4.2",
        "ratings": "36 ",
        "img": "i5.walmartimages.com/asr/3f880997-b8f4-40e8-90f5-522e7344bab0_1.7f060676bceeaed2d71109bdcb83a644.jpeg?odnWidth=612&odnHeight=612&odnBg=ffffff",
        "tags": [
            [
                "Electronic Games",
                "/browse/toys/electronic-games/4171_4191_133045"
            ],
            [
                "Classic Games",
                "/browse/toys/classic-games/4171_4191_2084995"
            ],
            [
                "Family Games",
                "/browse/toys/family-games/4171_4191_2335373_2204878"
            ],
            [
                "Hungry Hippos",
                "/browse/toys/hungry-hippos/4171_8039111_3137838"
            ],
            [
                "All Board Games",
                "/browse/toys/all-board-games/4171_4191_133123_4497274"
            ],
            [
                "Toys for Kids 5 to 7 Years",
                "/browse/toys/toys-for-kids-5-to-7-years/4171_3318550_617941_8920388"
            ],
            [
                "Adult Games",
                "/browse/toys/adult-games/4171_4191_2335373_9523585"
            ]
        ]
    },
    {
        "title": "Yahtzee Score Cards, for Kids Ages 8 and Up, for 2+ Players",
        "url": "https://www.walmart.com/ip/Yahtzee-Score-Cards-for-Kids-Ages-8-and-Up-for-2-Players/45924106",
        "price": "$3.97",
        "stars": "4.7",
        "ratings": "66 ",
        "img": "",
        "tags": [
            [
                "Card Games",
                "/browse/toys/card-games/4171_4191_163842"
            ],
            [
                "Classic Games",
                "/browse/toys/classic-games/4171_4191_2084995"
            ],
            [
                "Family Games",
                "/browse/toys/family-games/4171_4191_2335373_2204878"
            ],
            [
                "All Board Games",
                "/browse/toys/all-board-games/4171_4191_133123_4497274"
            ],
            [
                "Only at Walmart Games & Puzzles",
                "/browse/toys/only-at-walmart-games-puzzles/4171_4191_6786083"
            ],
            [
                "Toys for Kids 8 to 11 Years",
                "/browse/toys/toys-for-kids-8-to-11-years/4171_3318550_617942_8104028"
            ],
            [
                "Toys for Kids 5 to 7 Years",
                "/browse/toys/toys-for-kids-5-to-7-years/4171_3318550_617941_8920388"
            ]
        ]
    },
    {
        "title": "Abraham Hunter - Bayou Haven - 1000 piece Jigsaw Puzzle",
        "url": "https://www.walmart.com/ip/Abraham-Hunter-Bayou-Haven-1000-piece-Jigsaw-Puzzle/779730280",
        "price": "$9.97",
        "stars": "5.0",
        "ratings": "5 ",
        "img": "i5.walmartimages.com/asr/60d74332-2a82-4e74-902f-1dcc26e1e35d_2.e4ed36618062451490ecdb5a599a8f28.jpeg?odnWidth=612&odnHeight=612&odnBg=ffffff",
        "tags": [
            [
                "Springbok Puzzles",
                "/browse/toys/springbok-puzzles/4171_4191_163840_2713586_1832423"
            ],
            [
                "500 Piece Jigsaws",
                "/browse/toys/500-piece-jigsaws/4171_4191_163840_2972767"
            ],
            [
                "300 Piece Jigsaws",
                "/browse/toys/300-piece-jigsaws/4171_4191_163840_4640812"
            ],
            [
                "Jigsaw Puzzles",
                "/browse/toys/jigsaw-puzzles/4171_4191_163840_4981610"
            ],
            [
                "Ravensburger Puzzles",
                "/browse/toys/ravensburger-puzzles/4171_4191_163840_2713586_6289252"
            ],
            [
                "Kids Puzzles",
                "/browse/toys/kids-puzzles/4171_4191_163840_6928209"
            ],
            [
                "Ceaco Shelf",
                "/browse/toys/ceaco-shelf/4171_4191_163840_7820798"
            ]
        ]
    },
    {
        "title": "Classic Mouse Trap Family Board Game, for Ages 6 and up",
        "url": "https://www.walmart.com/ip/Classic-Mouse-Trap-Family-Board-Game-for-Ages-6-and-up/54300828",
        "price": "$31.00",
        "stars": "4.2",
        "ratings": "166 ",
        "img": "",
        "tags": [
            [
                "Shop Toys by Price",
                "/browse/shop-toys-by-price/4171_1263324"
            ],
            [
                "Family Games",
                "/browse/toys/family-games/4171_4191_2335373_2204878"
            ],
            [
                "All Board Games",
                "/browse/toys/all-board-games/4171_4191_133123_4497274"
            ],
            [
                "Monopoly",
                "/browse/toys/monopoly/4171_4191_133123_6792970"
            ],
            [
                "Toys for Kids 8 to 11 Years",
                "/browse/toys/toys-for-kids-8-to-11-years/4171_3318550_617942_8104028"
            ],
            [
                "Toys for Kids 5 to 7 Years",
                "/browse/toys/toys-for-kids-5-to-7-years/4171_3318550_617941_8920388"
            ],
            [
                "Adult Games",
                "/browse/toys/adult-games/4171_4191_2335373_9523585"
            ]
        ]
    },
    {
        "title": "Buffalo Games - Art of Play - Dog Days of Summer - 750 Piece Jigsaw Puzzle",
        "url": "https://www.walmart.com/ip/Buffalo-Games-Art-of-Play-Dog-Days-of-Summer-750-Piece-Jigsaw-Puzzle/322911938",
        "price": "$9.97",
        "stars": "4.0",
        "ratings": "9 ",
        "img": "i5.walmartimages.com/asr/ee3b149c-370a-45da-8dd2-a6192941065c_1.425f1764c70b25e63ff594305efe5cf9.jpeg?odnWidth=612&odnHeight=612&odnBg=ffffff",
        "tags": [
            [
                "Shop Toys by Price",
                "/browse/shop-toys-by-price/4171_1263324"
            ],
            [
                "500 Piece Jigsaws",
                "/browse/toys/500-piece-jigsaws/4171_4191_163840_2972767"
            ],
            [
                "Thomas Kinkade Puzzles",
                "/browse/toys/thomas-kinkade-puzzles/4171_4191_163840_2713586_3945720"
            ],
            [
                "1000 Piece Jigsaws",
                "/browse/toys/1000-piece-jigsaws/4171_4191_163840_3974623"
            ],
            [
                "300 Piece Jigsaws",
                "/browse/toys/300-piece-jigsaws/4171_4191_163840_4640812"
            ],
            [
                "Jigsaw Puzzles",
                "/browse/toys/jigsaw-puzzles/4171_4191_163840_4981610"
            ],
            [
                "Kids Puzzles",
                "/browse/toys/kids-puzzles/4171_4191_163840_6928209"
            ],
            [
                "Ceaco Shelf",
                "/browse/toys/ceaco-shelf/4171_4191_163840_7820798"
            ]
        ]
    },
    {
        "title": "Chutes and Ladders Classic Family Board Game, Ages 3 and up",
        "url": "https://www.walmart.com/ip/Chutes-and-Ladders-Classic-Family-Board-Game-Ages-3-and-up/24305179",
        "price": "$12.56",
        "stars": "4.5",
        "ratings": "307 ",
        "img": "i5.walmartimages.com/asr/3445152b-ab01-4192-a5aa-5d5e22f8c387_1.00b884c43f399d5b04872d756755270b.jpeg?odnWidth=612&odnHeight=612&odnBg=ffffff",
        "tags": [
            [
                "Shop Toys by Price",
                "/browse/shop-toys-by-price/4171_1263324"
            ],
            [
                "Card Games",
                "/browse/toys/card-games/4171_4191_163842"
            ],
            [
                "Classic Games",
                "/browse/toys/classic-games/4171_4191_2084995"
            ],
            [
                "Family Games",
                "/browse/toys/family-games/4171_4191_2335373_2204878"
            ],
            [
                "All Board Games",
                "/browse/toys/all-board-games/4171_4191_133123_4497274"
            ],
            [
                "Toys for Kids 8 to 11 Years",
                "/browse/toys/toys-for-kids-8-to-11-years/4171_3318550_617942_8104028"
            ],
            [
                "Toys for Kids 5 to 7 Years",
                "/browse/toys/toys-for-kids-5-to-7-years/4171_3318550_617941_8920388"
            ]
        ]
    },
    {
        "title": "Buffalo Games - Look Closer - Sweet Treats - 500 Piece Jigsaw Puzzle",
        "url": "https://www.walmart.com/ip/Buffalo-Games-Look-Closer-Sweet-Treats-500-Piece-Jigsaw-Puzzle/798692537",
        "price": "$8.97",
        "stars": "5.0",
        "ratings": "2 ",
        "img": "i5.walmartimages.com/asr/930cf088-cbd3-426b-8968-7bcd6733b5fd_1.549227efb1d90da5e241ee8db431fcab.jpeg?odnWidth=612&odnHeight=612&odnBg=ffffff",
        "tags": [
            [
                "Classic Games",
                "/browse/toys/classic-games/4171_4191_2084995"
            ],
            [
                "Family Games",
                "/browse/toys/family-games/4171_4191_2335373_2204878"
            ],
            [
                "1000 Piece Jigsaws",
                "/browse/toys/1000-piece-jigsaws/4171_4191_163840_3974623"
            ],
            [
                "All Board Games",
                "/browse/toys/all-board-games/4171_4191_133123_4497274"
            ],
            [
                "Toys for Kids 2 to 4 Years",
                "/browse/toys/toys-for-kids-2-to-4-years/4171_3318550_7016108_4703344"
            ],
            [
                "Jigsaw Puzzles",
                "/browse/toys/jigsaw-puzzles/4171_4191_163840_4981610"
            ]
        ]
    },
    {
        "title": "Buffalo Games Charles Wysocki Peach of a Day 1000 Piece Jigsaw Puzzle",
        "url": "https://www.walmart.com/ip/Buffalo-Games-Charles-Wysocki-Peach-of-a-Day-1000-Piece-Jigsaw-Puzzle/477124221",
        "price": "$10.97",
        "stars": "3.5",
        "ratings": "8 ",
        "img": "i5.walmartimages.com/asr/9d1089ce-e99d-463d-b749-d8ab2fa16989_1.f2cf820debf6822c65ab80236723f572.jpeg?odnWidth=612&odnHeight=612&odnBg=ffffff",
        "tags": [
            [
                "Shop Toys by Price",
                "/browse/shop-toys-by-price/4171_1263324"
            ],
            [
                "500 Piece Jigsaws",
                "/browse/toys/500-piece-jigsaws/4171_4191_163840_2972767"
            ],
            [
                "750 Piece Jigsaws",
                "/browse/toys/750-piece-jigsaws/4171_4191_163840_4166037"
            ],
            [
                "3D Puzzles",
                "/browse/toys/3d-puzzles/4171_4191_163840_4244336"
            ],
            [
                "300 Piece Jigsaws",
                "/browse/toys/300-piece-jigsaws/4171_4191_163840_4640812"
            ],
            [
                "Jigsaw Puzzles",
                "/browse/toys/jigsaw-puzzles/4171_4191_163840_4981610"
            ],
            [
                "Kids Puzzles",
                "/browse/toys/kids-puzzles/4171_4191_163840_6928209"
            ],
            [
                "Ceaco Shelf",
                "/browse/toys/ceaco-shelf/4171_4191_163840_7820798"
            ]
        ]
    }
]