[
    {
        "title": "Portable Studio Speech Mini USB Microphone Stand Mic With Holder For Microfono Computer Microphones For PC Laptop Mikrofon S2",
        "url": "https://www.walmart.com/ip/Portable-Studio-Speech-Mini-USB-Microphone-Stand-Mic-With-Holder-For-Microfono-Computer-Microphones-For-PC-Laptop-Mikrofon-S2/905432982",
        "price": "$7.69",
        "stars": 0,
        "ratings": 0,
        "img": "",
        "tags": []
    },
    {
        "title": "Singalong Buddies Plush Gorilla with Wired Microphone and Built-In Speaker",
        "url": "https://www.walmart.com/ip/Singalong-Buddies-Plush-Gorilla-with-Wired-Microphone-and-Built-In-Speaker/665616138",
        "price": "$24.99",
        "stars": "4.7",
        "ratings": "9 ",
        "img": "i5.walmartimages.com/asr/8b2ec04f-5727-45e1-ba9f-8a64be086154_1.8bdbdd7a016715e130009c01ff3c3c45.jpeg?odnWidth=612&odnHeight=612&odnBg=ffffff",
        "tags": [
            [
                "All Karaoke Machines",
                "/browse/musical-instruments/all-karaoke-machines/7796869_6745708_106984"
            ],
            [
                "Adult Karaoke Machines",
                "/browse/musical-instruments/adult-karaoke-machines/7796869_6745708_8759860_2743039"
            ],
            [
                "Karaoke Systems",
                "/browse/musical-instruments/karaoke-systems/7796869_6745708_3216373_3079240"
            ],
            [
                "The Singing Machine Classic Series",
                "/browse/musical-instruments/the-singing-machine-classic-series/7796869_3861023_5419535_3934602"
            ],
            [
                "Shop Karaoke Machine by Price",
                "/browse/musical-instruments/shop-karaoke-machine-by-price/7796869_6745708_6907838"
            ],
            [
                "The Singing Machine Kids Series",
                "/browse/musical-instruments/the-singing-machine-kids-series/7796869_3861023_5419535_8502135"
            ],
            [
                "Shop The Singing Machine by Price",
                "/browse/musical-instruments/shop-the-singing-machine-by-price/7796869_3861023_5419535_9343849"
            ]
        ]
    },
    {
        "title": "Blank Pickguard Sheet Material Scratch Plate for Acoustic Guitars DIY Custom Celluloid Dark Brown Tortoise Shell 1PCS",
        "url": "https://www.walmart.com/ip/Blank-Pickguard-Sheet-Material-Scratch-Plate-for-Acoustic-Guitars-DIY-Custom-Celluloid-Dark-Brown-Tortoise-Shell-1PCS/640491779",
        "price": "$8.69",
        "stars": 0,
        "ratings": 0,
        "img": "i5.walmartimages.com/asr/5ec26018-f8af-4dc5-9e7c-bc9db11d04a6_1.bd936a5b8385cfef065a2586041ad106.jpeg?odnWidth=612&odnHeight=612&odnBg=ffffff",
        "tags": [
            [
                "Acoustic Guitar Strings",
                "/browse/musical-instruments/acoustic-guitar-strings/7796869_6171829_6548527_1819793_2056913"
            ],
            [
                "D'Addario",
                "/browse/musical-instruments/daddario/7796869_3861023_5277933"
            ],
            [
                "Ernie Ball",
                "/browse/musical-instruments/ernie-ball/7796869_3861023_5708336"
            ],
            [
                "Guitars Headstock",
                "/browse/musical-instruments/guitars-headstock/7796869_6171829_6548527_5982076"
            ],
            [
                "Instrument Strings",
                "/browse/musical-instruments/instrument-strings/7796869_6171829_2128409_9702093"
            ]
        ]
    },
    {
        "title": "Elixir Polyweb 80/20 Bronze Medium Gauge Acoustic Strings",
        "url": "https://www.walmart.com/ip/Elixir-Polyweb-80-20-Bronze-Medium-Gauge-Acoustic-Strings/24192066",
        "price": "$18.18",
        "stars": 0,
        "ratings": 0,
        "img": "",
        "tags": [
            [
                "Acoustic Guitar Strings",
                "/browse/musical-instruments/acoustic-guitar-strings/7796869_6171829_6548527_1819793_2056913"
            ],
            [
                "Elixir Strings",
                "/browse/musical-instruments/elixir-strings/7796869_3861023_4177196"
            ],
            [
                "D'Addario",
                "/browse/musical-instruments/daddario/7796869_3861023_5277933"
            ],
            [
                "Ernie Ball",
                "/browse/musical-instruments/ernie-ball/7796869_3861023_5708336"
            ],
            [
                "Instrument Strings",
                "/browse/musical-instruments/instrument-strings/7796869_6171829_2128409_9702093"
            ]
        ]
    },
    {
        "title": "21in Acoustic Basswood Ukulele Starter Kit w/ Carring Bag, Strap, Picks, Clip-On Tuner, Extra String - Mint Green",
        "url": "https://www.walmart.com/ip/21in-Acoustic-Basswood-Ukulele-Starter-Kit-w-Carring-Bag-Strap-Picks-Clip-On-Tuner-Extra-String-Mint-Green/750079397",
        "price": "$38.89",
        "stars": "4.2",
        "ratings": "6 ",
        "img": "i5.walmartimages.com/asr/73cfcafe-1cdf-4de0-a635-bdb13155dcdc_1.0d87bca482cd927c14e8f101fff64d19.jpeg?odnWidth=612&odnHeight=612&odnBg=ffffff",
        "tags": [
            [
                "Sawtooth",
                "/browse/musical-instruments/sawtooth/7796869_3861023_5034780_1436331"
            ],
            [
                "Premium Ukuleles",
                "/browse/musical-instruments/premium-ukuleles/7796869_2737509_6674420_2232050"
            ],
            [
                "Soprano Ukuleles",
                "/browse/musical-instruments/soprano-ukuleles/7796869_2737509_6674420_9393693_2891066"
            ],
            [
                "All Ukuleles",
                "/browse/musical-instruments/all-ukuleles/7796869_2737509_6674420_4161611"
            ],
            [
                "Tenor Ukuleles",
                "/browse/musical-instruments/tenor-ukuleles/7796869_2737509_6674420_9393693_4333662"
            ],
            [
                "Kala",
                "/browse/musical-instruments/kala/7796869_2737509_6674420_6089583_5335564"
            ],
            [
                "String Instruments Musical Classroom",
                "/browse/musical-instruments/string-instruments-musical-classroom/7796869_1097895_5381069"
            ],
            [
                "Concert Ukuleles",
                "/browse/musical-instruments/concert-ukuleles/7796869_2737509_6674420_9393693_9572413"
            ]
        ]
    },
    {
        "title": "Alfred's Basic Adult All-In-One Course, Bk 2: Lesson * Theory * Solo, Comb Bound Book (Paperback)",
        "url": "https://www.walmart.com/ip/Alfred-s-Basic-Adult-All-In-One-Course-Bk-2-Lesson-Theory-Solo-Comb-Bound-Book-Paperback-9780882849959/6013688",
        "price": "$14.99",
        "stars": "3.7",
        "ratings": "3 ",
        "img": "",
        "tags": [
            [
                "Orchestral Strings",
                "/browse/musical-instruments/orchestral-strings/7796869_3983498_3933845_1097967"
            ],
            [
                "All Woodwind Instruments",
                "/browse/musical-instruments/all-woodwind-instruments/7796869_3983498_9087652_1141074"
            ],
            [
                "Basic Violins",
                "/browse/musical-instruments/basic-violins/7796869_3983498_3933845_7826142_1336625"
            ],
            [
                "All Musical Instrument Accessories",
                "/browse/musical-instruments/all-musical-instrument-accessories/7796869_6171829_3297174"
            ],
            [
                "Guitar Pickups",
                "/browse/musical-instruments/guitar-pickups/7796869_6171829_6548527_4923424"
            ],
            [
                "Pianos",
                "/browse/musical-instruments/pianos/7796869_7773339_5652647"
            ],
            [
                "Shop Piano Keyboards by Size",
                "/browse/musical-instruments/shop-piano-keyboards-by-size/7796869_1128453_3376388_6600975"
            ]
        ]
    },
    {
        "title": "D'Luca Nylon Classical Guitar Strings 6 Pcs Set",
        "url": "https://www.walmart.com/ip/D-Luca-Nylon-Classical-Guitar-Strings-6-Pcs-Set/249997410",
        "price": "$7.99",
        "stars": "4.0",
        "ratings": "1 ",
        "img": "i5.walmartimages.com/asr/2cb1f5b1-3a70-47d0-aada-bdc5c728edd7_1.b561b76bfcfc9a5e15baa1ea4ba325a3.jpeg?odnWidth=612&odnHeight=612&odnBg=ffffff",
        "tags": [
            [
                "Acoustic Guitar Strings",
                "/browse/musical-instruments/acoustic-guitar-strings/7796869_6171829_6548527_1819793_2056913"
            ],
            [
                "D'Addario",
                "/browse/musical-instruments/daddario/7796869_3861023_5277933"
            ],
            [
                "Ernie Ball",
                "/browse/musical-instruments/ernie-ball/7796869_3861023_5708336"
            ],
            [
                "Dunlop",
                "/browse/musical-instruments/dunlop/7796869_3861023_5966714"
            ],
            [
                "Classical Guitar Strings",
                "/browse/musical-instruments/classical-guitar-strings/7796869_6171829_6548527_1819793_7326715"
            ],
            [
                "Electric Guitar Strings",
                "/browse/musical-instruments/electric-guitar-strings/7796869_6171829_6548527_1819793_8605147"
            ],
            [
                "Instrument Strings",
                "/browse/musical-instruments/instrument-strings/7796869_6171829_2128409_9702093"
            ]
        ]
    },
    {
        "title": "ChromaCast 10-Foot Pro Series Instrument Cable with Straight-Straight Ends, Vanilla Cream",
        "url": "https://www.walmart.com/ip/ChromaCast-10-Foot-Pro-Series-Instrument-Cable-with-Straight-Straight-Ends-Vanilla-Cream/54514556",
        "price": "$8.98",
        "stars": "4.8",
        "ratings": "6 ",
        "img": "",
        "tags": [
            [
                "Magic Chef",
                "/browse/shop-by-brand/magic-chef/3734780_8307801_1626948"
            ],
            [
                "Cosco",
                "/browse/shop-by-brand/cosco/3734780_8307801_2281254"
            ],
            [
                "BUNN",
                "/browse/shop-by-brand/bunn/3734780_8307801_3800503"
            ],
            [
                "Roundhill Furniture",
                "/browse/shop-by-brand/roundhill-furniture/3734780_8307801_4058466"
            ],
            [
                "Lifetime",
                "/browse/shop-by-brand/lifetime/3734780_8307801_6021942"
            ],
            [
                "Earthwise",
                "/browse/shop-by-brand/earthwise/3734780_2766070_7185397"
            ],
            [
                "Swingline",
                "/browse/shop-by-brand/swingline/3734780_1431586_7262982"
            ],
            [
                "Baby Relax",
                "/browse/shop-by-brand/baby-relax/3734780_8278971_7669478"
            ]
        ]
    },
    {
        "title": "Handbell Hand Bell 8-Note Metal Colorful Kid Children Musical Toy Percussion Instrument",
        "url": "https://www.walmart.com/ip/Handbell-Hand-Bell-8-Note-Metal-Colorful-Kid-Children-Musical-Toy-Percussion-Instrument/651321460",
        "price": "$25.69",
        "stars": 0,
        "ratings": 0,
        "img": "i5.walmartimages.com/asr/7b3e15a4-1624-426b-b25b-226eff7b4acd_1.e4baf1da0ad0f219e2d368d3b0c163bb.jpeg?odnWidth=612&odnHeight=612&odnBg=ffffff",
        "tags": []
    },
    {
        "title": "Wall Mount for Electric Guitar - Vertical",
        "url": "https://www.walmart.com/ip/Wall-Mount-for-Electric-Guitar-Vertical/40500822",
        "price": "$7.99",
        "stars": "5.0",
        "ratings": "1 ",
        "img": "",
        "tags": [
            [
                "Guitar Accessories",
                "/browse/musical-instruments/guitar-accessories/7796869_6171829_6548527_1074445"
            ],
            [
                "Musical Instrument Covers",
                "/browse/musical-instruments/musical-instrument-covers/7796869_6171829_5531649_1565288"
            ],
            [
                "Ukulele Accessories",
                "/browse/musical-instruments/ukulele-accessories/7796869_2737509_6674420_6198044"
            ],
            [
                "Tuners",
                "/browse/musical-instruments/tuners/7796869_6171829_6529715"
            ]
        ]
    }
]