[
    {
        "title": "The Beadery Wonder Loom Kit, Gift for Kids, Includes 600 Rubber Bands",
        "url": "https://www.walmart.com/ip/The-Beadery-Wonder-Loom-Kit-Gift-for-Kids-Includes-600-Rubber-Bands/30652494",
        "price": "$10.89",
        "stars": "4.3",
        "ratings": "296 ",
        "img": "i5.walmartimages.com/asr/19cf0b59-866e-4d85-968e-f4c555e2f68e_1.5e93c6e1602555cc92bcef573323000f.jpeg?odnWidth=612&odnHeight=612&odnBg=ffffff",
        "tags": [
            [
                "Costumes & Dress Up",
                "/browse/toys/costumes-dress-up/4171_4173_164142"
            ],
            [
                "Hair, Nail & Spa Toys",
                "/browse/toys/hair-nail-spa-toys/4171_645779_2990448"
            ],
            [
                "Cool Maker",
                "/browse/toys/cool-maker/4171_645779_3371021"
            ],
            [
                "Quilting & Sewing Kits",
                "/browse/toys/quilting-sewing-kits/4171_645779_6317337"
            ],
            [
                "Toys for Kids 5 to 7 Years",
                "/browse/toys/toys-for-kids-5-to-7-years/4171_3318550_617941_8920388"
            ],
            [
                "Knitting & Weaving Kits",
                "/browse/toys/knitting-weaving-kits/4171_645779_8985243"
            ],
            [
                "Children's Paint and Paint Supplies",
                "/browse/toys/childrens-paint-paint-supplies/4171_645779_9646901"
            ],
            [
                "All Kids Jewelry Making Kits",
                "/browse/toys/all-kids-jewelry-making-kits/4171_645779_9564789_9869340"
            ]
        ]
    },
    {
        "title": "Melissa & Doug Lacing Beads in a Box",
        "url": "https://www.walmart.com/ip/Melissa-Doug-Lacing-Beads-in-a-Box/24621034",
        "price": "$12.99",
        "stars": "4.8",
        "ratings": "21 ",
        "img": "i5.walmartimages.com/asr/7330006f-37bf-408a-b18b-62fe4cea3b2c.a00ec2ffff9222f007e21bf4e4f1982e.jpeg?odnWidth=612&odnHeight=612&odnBg=ffffff",
        "tags": [
            [
                "Wooden Toys",
                "/browse/toys/wooden-toys/4171_56125_1229854"
            ],
            [
                "Melissa and Doug Puzzles",
                "/browse/toys/melissa-doug-puzzles/4171_4191_163840_2713586_1870296"
            ],
            [
                "Wood Puzzles",
                "/browse/toys/wood-puzzles/4171_4191_163840_3670108"
            ],
            [
                "All Wooden Blocks",
                "/browse/toys/all-wooden-blocks/4171_4186_5750443_5805821"
            ],
            [
                "Melissa & Doug Toys",
                "/browse/toys/melissa-doug-toys/4171_3438149_5908879"
            ],
            [
                "Math Toys for Kids",
                "/browse/toys/math-toys-for-kids/4171_1229858_6906869"
            ],
            [
                "Kids Puzzles",
                "/browse/toys/kids-puzzles/4171_4191_163840_6928209"
            ]
        ]
    },
    {
        "title": "4M Magnetic Tile Art Multi-Colored",
        "url": "https://www.walmart.com/ip/4M-Magnetic-Tile-Art-Multi-Colored/47892459",
        "price": "$10.99",
        "stars": "4.6",
        "ratings": "26 ",
        "img": "i5.walmartimages.com/asr/c7ea9cec-4c61-4270-bb87-75a41f4eb942_1.b06da62838a6db16fc0f01e76f94c6bf.jpeg?odnWidth=612&odnHeight=612&odnBg=ffffff",
        "tags": [
            [
                "Science & Education",
                "/browse/toys/science-education/4171_56125_164140"
            ],
            [
                "Geology Toys for Kids",
                "/browse/toys/geology-toys-for-kids/4171_1229858_2452247"
            ],
            [
                "Biology Toys for Kids",
                "/browse/toys/biology-toys-for-kids/4171_1229858_3016044"
            ],
            [
                "Technology Toys",
                "/browse/toys/technology-toys/4171_1229858_4779413"
            ],
            [
                "Quilting & Sewing Kits",
                "/browse/toys/quilting-sewing-kits/4171_645779_6317337"
            ],
            [
                "Toys for Kids 5 to 7 Years",
                "/browse/toys/toys-for-kids-5-to-7-years/4171_3318550_617941_8920388"
            ],
            [
                "Physics Toys for Kids",
                "/browse/toys/physics-toys-for-kids/4171_1229858_9222350"
            ],
            [
                "Children's Paint and Paint Supplies",
                "/browse/toys/childrens-paint-paint-supplies/4171_645779_9646901"
            ]
        ]
    },
    {
        "title": "Oracal 651 Glossy Permanent Vinyl 12 Inch x 6 Feet - Metallic Silver Grey",
        "url": "https://www.walmart.com/ip/Oracal-651-Glossy-Permanent-Vinyl-12-Inch-x-6-Feet-Metallic-Silver-Grey/874838845",
        "price": "$7.49",
        "stars": 0,
        "ratings": 0,
        "img": "i5.walmartimages.com/asr/4b969ae3-09da-40c5-acfd-9678a0b5ce2a_1.d46674eeb42802bcf08237126bf27c35.jpeg?odnWidth=612&odnHeight=612&odnBg=ffffff",
        "tags": [
            [
                "Iron-On",
                "/browse/arts-crafts-sewing/iron-on/1334134_6172404_4854691_7730900_1654220"
            ],
            [
                "Die Cutting Tools & Accessories",
                "/browse/arts-crafts-sewing/die-cutting-tools-accessories/1334134_3123463_2762328"
            ],
            [
                "Craft Tape",
                "/browse/arts-crafts-sewing/craft-tape/1334134_6172404_8479577_3162204"
            ],
            [
                "Oracal Vinyl",
                "/browse/arts-crafts-sewing/oracal-vinyl/1334134_3123463_1745001_3475846"
            ],
            [
                "Craft Adhesives & Glues",
                "/browse/arts-crafts-sewing/craft-adhesives-glues/1334134_6172404_8479577_7833619"
            ],
            [
                "Cricut Vinyl",
                "/browse/arts-crafts-sewing/cricut-vinyl/1334134_9799587_8374569_9102142"
            ],
            [
                "Adhesive Vinyl",
                "/browse/arts-crafts-sewing/adhesive-vinyl/1334134_6172404_4854691_7730900_9115918"
            ]
        ]
    },
    {
        "title": "ARTEZA Coloring Book, Mandala Illustrations, 72 Sheets",
        "url": "https://www.walmart.com/ip/ARTEZA-Coloring-Book-Mandala-Illustrations-72-Sheets/935110073",
        "price": "$8.99",
        "stars": "5.0",
        "ratings": "12 ",
        "img": "i5.walmartimages.com/asr/246054bf-da6b-46e3-925d-600c52cbdfab.dd7a253d2bca6396c4489bcf594ebf21.jpeg?odnWidth=612&odnHeight=612&odnBg=ffffff",
        "tags": [
            [
                "Kid Art Easels & Stations",
                "/browse/toys/kid-art-easels-stations/4171_645779_1103012"
            ],
            [
                "Craft Kits",
                "/browse/toys/craft-kits/4171_645779_613040"
            ],
            [
                "Play Dough",
                "/browse/toys/play-dough/4171_645779_9285153_613042"
            ],
            [
                "Magna Doodle",
                "/browse/toys/magna-doodle/4171_645779_6408170_6399778"
            ],
            [
                "Etch-A-Sketch",
                "/browse/toys/etch-a-sketch/4171_645779_6408170_8550674"
            ],
            [
                "Glue for Slime",
                "/browse/toys/glue-for-slime/4171_645779_2165088_2131853_8604968"
            ],
            [
                "Toys for Kids 5 to 7 Years",
                "/browse/toys/toys-for-kids-5-to-7-years/4171_3318550_617941_8920388"
            ],
            [
                "Children's Paint and Paint Supplies",
                "/browse/toys/childrens-paint-paint-supplies/4171_645779_9646901"
            ]
        ]
    },
    {
        "title": "Crayola Mandala Coloring Book, Mindful Meditations, 40 Premium Coloring Pages, Gift, Multicolor",
        "url": "https://www.walmart.com/ip/Crayola-Mandala-Coloring-Book-Mindful-Meditations-40-Premium-Coloring-Pages-Gift-Multicolor/220719652",
        "price": "$14.41",
        "stars": "4.8",
        "ratings": "6 ",
        "img": "i5.walmartimages.com/asr/ae78bbef-3398-439b-9c0d-266f9a46d011_2.06cd615166c5f71ea7cf4157f2ac061a.jpeg?odnWidth=612&odnHeight=612&odnBg=ffffff",
        "tags": [
            [
                "Kid Art Easels & Stations",
                "/browse/toys/kid-art-easels-stations/4171_645779_1103012"
            ],
            [
                "Craft Kits",
                "/browse/toys/craft-kits/4171_645779_613040"
            ],
            [
                "Play Dough",
                "/browse/toys/play-dough/4171_645779_9285153_613042"
            ],
            [
                "Magna Doodle",
                "/browse/toys/magna-doodle/4171_645779_6408170_6399778"
            ],
            [
                "Etch-A-Sketch",
                "/browse/toys/etch-a-sketch/4171_645779_6408170_8550674"
            ],
            [
                "Glue for Slime",
                "/browse/toys/glue-for-slime/4171_645779_2165088_2131853_8604968"
            ],
            [
                "Toys for Kids 5 to 7 Years",
                "/browse/toys/toys-for-kids-5-to-7-years/4171_3318550_617941_8920388"
            ],
            [
                "Children's Paint and Paint Supplies",
                "/browse/toys/childrens-paint-paint-supplies/4171_645779_9646901"
            ]
        ]
    },
    {
        "title": "Elmer's Cosmic Liquid Glue, Makes Slime That Shimmers, Red and Orange Colors, 5 oz.",
        "url": "https://www.walmart.com/ip/Elmer-s-Cosmic-Liquid-Glue-Makes-Slime-That-Shimmers-Red-and-Orange-Colors-5-oz/314027779",
        "price": "$5.56",
        "stars": "4.0",
        "ratings": "1 ",
        "img": "i5.walmartimages.com/asr/e4459c63-1285-40d4-a103-c4d5c22fea06.be19bd8376c7c1f90085b8abe7e55e05.jpeg?odnWidth=612&odnHeight=612&odnBg=ffffff",
        "tags": [
            [
                "Activators for Slime",
                "/browse/toys/activators-for-slime/4171_645779_2165088_2131853_1433843"
            ],
            [
                "Pink Slime",
                "/browse/toys/pink-slime/4171_645779_2165088_2637606"
            ],
            [
                "Glitter Slime",
                "/browse/toys/glitter-slime/4171_645779_2165088_3252168"
            ],
            [
                "Glow-in-the-Dark Slime",
                "/browse/toys/glow-in-the-dark-slime/4171_645779_2165088_4007466"
            ],
            [
                "Clear Slime",
                "/browse/toys/clear-slime/4171_645779_2165088_4429474"
            ],
            [
                "DIY Slime Kits",
                "/browse/toys/diy-slime-kits/4171_645779_2165088_6010655"
            ],
            [
                "Drawing & Coloring",
                "/browse/toys/drawing-coloring/4171_645779_613041"
            ],
            [
                "Pre-Made Slime Shop",
                "/browse/toys/pre-made-slime-shop/4171_645779_2165088_9237203"
            ]
        ]
    },
    {
        "title": "SET/LOT OF 3000 Pcs DIY LOOM RUBBER BANDS 600 pc 5 Bags Clips rainbow Colors GLOW IN DARK GLITTER METALLIC TIE DYE PLAIN NEON COLOR",
        "url": "https://www.walmart.com/ip/SET-LOT-OF-3000-Pcs-DIY-LOOM-RUBBER-BANDS-600-pc-5-Bags-Clips-rainbow-Colors-GLOW-IN-DARK-GLITTER-METALLIC-TIE-DYE-PLAIN-NEON-COLOR/175051764",
        "price": "$10.99",
        "stars": "2.6",
        "ratings": "27 ",
        "img": "",
        "tags": [
            [
                "Costumes & Dress Up",
                "/browse/toys/costumes-dress-up/4171_4173_164142"
            ],
            [
                "Cool Maker",
                "/browse/toys/cool-maker/4171_645779_3371021"
            ],
            [
                "Be Inspired Craft Kits",
                "/browse/toys/be-inspired-craft-kits/4171_3438149_1393249_3984835"
            ],
            [
                "Craft Kits",
                "/browse/toys/craft-kits/4171_645779_613040"
            ],
            [
                "Quilting & Sewing Kits",
                "/browse/toys/quilting-sewing-kits/4171_645779_6317337"
            ],
            [
                "Art Supplies",
                "/browse/toys/art-supplies/4171_3438149_1393249_7820276"
            ],
            [
                "Knitting & Weaving Kits",
                "/browse/toys/knitting-weaving-kits/4171_645779_8985243"
            ],
            [
                "All Kids Jewelry Making Kits",
                "/browse/toys/all-kids-jewelry-making-kits/4171_645779_9564789_9869340"
            ]
        ]
    },
    {
        "title": "ZIPIT Monster Pencil Case Special Edition, Rainbow",
        "url": "https://www.walmart.com/ip/ZIPIT-Monster-Pencil-Case-Special-Edition-Rainbow/344097625",
        "price": "$8.03",
        "stars": "4.8",
        "ratings": "44 ",
        "img": "i5.walmartimages.com/asr/ab76bf3b-05da-45d7-9fc6-d5b6606aa11f_1.44fbbdcca7e8da9c11a4a16d204bdb51.jpeg?odnWidth=612&odnHeight=612&odnBg=ffffff",
        "tags": [
            [
                "Pencil Grips",
                "/browse/office-supplies/pencil-grips/1229749_9412206_2758981"
            ],
            [
                "Pencil Boxes",
                "/browse/office-supplies/pencil-boxes/1229749_7431192_8443517_3254837"
            ],
            [
                "Shop School Supplies by Color",
                "/browse/office-supplies/shop-school-supplies-by-color/1229749_1086045_4305904"
            ],
            [
                "Pencil Erasers & Pen Erasers",
                "/browse/office-supplies/pencil-erasers-pen-erasers/1229749_5237975_4605143"
            ],
            [
                "Office Bulk Buys",
                "/browse/office-bulk-buys/1229749_4875429"
            ],
            [
                "Wooden and #2 Pencils",
                "/browse/office-supplies/wooden-2-pencils/1229749_9412206_8466862"
            ],
            [
                "Pocket Folders",
                "/browse/office-supplies/pocket-folders/1229749_4464616_8540888"
            ],
            [
                "Kids Scissors",
                "/browse/office-supplies/kids-scissors/1229749_2752789_9675438"
            ]
        ]
    },
    {
        "title": "Therapy Play Sand - Beach - 25 lb. Box",
        "url": "https://www.walmart.com/ip/Therapy-Play-Sand-Beach-25-lb-Box/377328767",
        "price": "$37.95",
        "stars": "5.0",
        "ratings": "2 ",
        "img": "i5.walmartimages.com/asr/c749c929-de67-4af8-819f-7a90afa96135_1.d738d7572fcc84130cd39248d0958807.jpeg?odnWidth=612&odnHeight=612&odnBg=ffffff",
        "tags": [
            [
                "All Sandboxes & Water Tables",
                "/browse/toys/all-sandboxes-water-tables/4171_14521_1999742_133062"
            ],
            [
                "Plastic Sandboxes",
                "/browse/toys/plastic-sandboxes/4171_14521_1999742_1495065"
            ],
            [
                "Sandboxes",
                "/browse/toys/sandboxes/4171_14521_1999742_2163881"
            ],
            [
                "Sandbox Sand",
                "/browse/toys/sandbox-sand/4171_14521_1999742_4750336"
            ],
            [
                "Water Tables",
                "/browse/toys/water-tables/4171_14521_1999742_6940452"
            ],
            [
                "Kinetic Sand Bulk",
                "/browse/toys/kinetic-sand-bulk/4171_645779_9285153_8593922"
            ],
            [
                "Kinetic Sand",
                "/browse/toys/kinetic-sand/4171_645779_9285153_9528503"
            ],
            [
                "Play Sand",
                "/browse/toys/play-sand/4171_645779_9285153_9734670"
            ]
        ]
    },
    {
        "title": "Elmer's Squeeze N Brush, 1 Each",
        "url": "https://www.walmart.com/ip/Elmer-s-Squeeze-N-Brush-1-Each/37262017",
        "price": "$15.19",
        "stars": 0,
        "ratings": 0,
        "img": "",
        "tags": [
            [
                "Play-Doh",
                "/browse/toys/play-doh/4171_645779_9285153_2925360"
            ],
            [
                "Craft Kits",
                "/browse/toys/craft-kits/4171_645779_613040"
            ],
            [
                "Drawing & Coloring",
                "/browse/toys/drawing-coloring/4171_645779_613041"
            ],
            [
                "Play Dough",
                "/browse/toys/play-dough/4171_645779_9285153_613042"
            ],
            [
                "Toys for Kids 8 to 11 Years",
                "/browse/toys/toys-for-kids-8-to-11-years/4171_3318550_617942_8104028"
            ],
            [
                "Glue for Slime",
                "/browse/toys/glue-for-slime/4171_645779_2165088_2131853_8604968"
            ],
            [
                "Toys for Kids 5 to 7 Years",
                "/browse/toys/toys-for-kids-5-to-7-years/4171_3318550_617941_8920388"
            ],
            [
                "All Kids Jewelry Making Kits",
                "/browse/toys/all-kids-jewelry-making-kits/4171_645779_9564789_9869340"
            ]
        ]
    }
]