[
    {
        "title": "Star Wars Mission Fleet Captain Rex Clone Combat",
        "url": "https://www.walmart.com/ip/Star-Wars-Mission-Fleet-Captain-Rex-Clone-Combat/566462557",
        "price": "$27.99",
        "stars": 0,
        "ratings": 0,
        "img": "i5.walmartimages.com/asr/a26bbcbb-77c1-48c1-9baf-dd22160070e0.8bd988ac1165c689e1464de184e74c06.jpeg?odnWidth=612&odnHeight=612&odnBg=ffffff",
        "tags": []
    },
    {
        "title": "Marvel Avengers: Endgame Team Suit Captain America 6-Inch-Scale Figure",
        "url": "https://www.walmart.com/ip/Marvel-Avengers-Endgame-Team-Suit-Captain-America-6-Inch-Scale-Figure/958910789",
        "price": "$14.61",
        "stars": "4.6",
        "ratings": "11 ",
        "img": "i5.walmartimages.com/asr/b236a81c-2381-49ec-80ba-01730a806bbf_1.5b47da001985fd0383f529ba7809f15c.jpeg?odnWidth=612&odnHeight=612&odnBg=ffffff",
        "tags": [
            [
                "Thor Toys",
                "/browse/shop-by-movie/thor-toys/5920738_2554820_3815842_6933626_1757333"
            ],
            [
                "Shop all Captain America",
                "/browse/shop-by-movie/shop-all-captain-america/5920738_2554820_3815842_5518272_1776849"
            ],
            [
                "Shop all Iron Man",
                "/browse/shop-by-movie/shop-all-iron-man/5920738_2554820_3815842_5739491_2311507"
            ],
            [
                "Spider-Man Toys",
                "/browse/shop-by-movie/spider-man-toys/5920738_2554820_3815842_4235169_6683994"
            ],
            [
                "Shop all Hulk",
                "/browse/shop-by-movie/shop-all-hulk/5920738_2554820_3815842_6278001_6742753"
            ],
            [
                "Hulk Toys",
                "/browse/shop-by-movie/hulk-toys/5920738_2554820_3815842_6278001_7392745"
            ],
            [
                "Iron Man Toys",
                "/browse/shop-by-movie/iron-man-toys/5920738_2554820_3815842_5739491_9507448"
            ],
            [
                "Avengers Toys",
                "/browse/shop-by-movie/avengers-toys/5920738_2554820_1877019_5824895_9690042"
            ]
        ]
    },
    {
        "title": "Disney Descendants Evie Fashion Pack, for Kids Ages 6 and Up",
        "url": "https://www.walmart.com/ip/Disney-Descendants-Evie-Fashion-Pack-for-Kids-Ages-6-and-Up/989147815",
        "price": "$5.74",
        "stars": 0,
        "ratings": 0,
        "img": "i5.walmartimages.com/asr/0d3f9bf7-cb1a-4acc-9073-836e430a413f_1.9a1a7ed6c46b46c9350ea5129576bd40.jpeg?odnWidth=612&odnHeight=612&odnBg=ffffff",
        "tags": []
    },
    {
        "title": "Toy Story 4 Minis Mystery Pack",
        "url": "https://www.walmart.com/ip/Toy-Story-4-Minis-Mystery-Pack/130324238",
        "price": "$7.95",
        "stars": "1.8",
        "ratings": "5 ",
        "img": "",
        "tags": [
            [
                "All Action Figures",
                "/browse/toys/all-action-figures/4171_4172_133130"
            ],
            [
                "All Preschool Action Figures & Playsets",
                "/browse/toys/all-preschool-action-figures-playsets/4171_4172_1574302_2852038"
            ],
            [
                "Fisher-Price Little People",
                "/browse/toys/fisher-price-little-people/4171_2065565_4934807"
            ],
            [
                "Disney Action Figures",
                "/browse/toys/disney-action-figures/4171_4172_5217603"
            ],
            [
                "Toy Cars",
                "/browse/toys/toy-cars/4171_1111647_132910_7314322"
            ],
            [
                "Fisher Price Preschool Toys",
                "/browse/toys/fisher-price-preschool-toys/4171_1077545_8882678"
            ],
            [
                "Imaginext Toy Story",
                "/browse/toys/imaginext-toy-story/4171_4172_1574302_9096511"
            ],
            [
                "Squishies & Squeeze Toys",
                "/browse/toys/squishies-squeeze-toys/4171_5178010_9839703"
            ]
        ]
    },
    {
        "title": "LEGO Star Wars: The Rise of Skywalker Knights of Ren Transport Ship 75284 Spacecraft Building Toy for Creative Play (595 Pieces)",
        "url": "https://www.walmart.com/ip/LEGO-Star-Wars-The-Rise-of-Skywalker-Knights-of-Ren-Transport-Ship-75284-Spacecraft-Building-Toy-for-Creative-Play-595-Pieces/440728522",
        "price": "$69.95",
        "stars": "4.2",
        "ratings": "16 ",
        "img": "i5.walmartimages.com/asr/c52e5eb8-6d31-480e-bd11-00508ae271a9.d305058e28a147541d2e74a5f84ac9b1.jpeg?odnWidth=612&odnHeight=612&odnBg=ffffff",
        "tags": []
    },
    {
        "title": "Mattel Disney Pixar Cars Color Changers Lightning McQueen",
        "url": "https://www.walmart.com/ip/Mattel-Disney-Pixar-Cars-Color-Changers-Lightning-McQueen/696797363",
        "price": "$22.49",
        "stars": 0,
        "ratings": 0,
        "img": "i5.walmartimages.com/asr/4831d553-e87c-4762-b751-5793c8fa8c1e.bc645d47c5d6590f48b99624f62573a3.jpeg?odnWidth=612&odnHeight=612&odnBg=ffffff",
        "tags": []
    },
    {
        "title": "Fancy Nancy Feature 10\" Ballerina Doll",
        "url": "https://www.walmart.com/ip/Fancy-Nancy-Feature-10-Ballerina-Doll/402876080",
        "price": "$26.02",
        "stars": "4.8",
        "ratings": "10 ",
        "img": "i5.walmartimages.com/asr/01a50347-2510-401f-9bfc-997d1cf68186_9.bf3fa4f93805517acc305ee20a0734ae.x-ms-bmp?odnWidth=612&odnHeight=612&odnBg=ffffff",
        "tags": [
            [
                "Sunny Day Dolls",
                "/browse/toys/sunny-day-dolls/4171_4187_8051423_2857214"
            ],
            [
                "Girls Costumes",
                "/browse/toys/girls-costumes/4171_4173_7421020_2986194"
            ],
            [
                "Fancy Nancy Toys",
                "/browse/toys/fancy-nancy-toys/4171_7357538_3304704"
            ],
            [
                "Disney Princess Dolls",
                "/browse/toys/disney-princess-dolls/4171_4187_8051423_4656670"
            ],
            [
                "Fashion Dolls",
                "/browse/toys/fashion-dolls/4171_4187_8051423_7344622"
            ],
            [
                "All Barbie Dolls",
                "/browse/toys/all-barbie-dolls/4171_4187_1953337_8898526_7849876"
            ],
            [
                "All Barbie",
                "/browse/toys/all-barbie/4171_4187_1953337_8661247"
            ],
            [
                "Sunny Day Toys",
                "/browse/toys/sunny-day-toys/4171_7357538_9791378"
            ]
        ]
    },
    {
        "title": "Disney/Pixar Onward Ian Lightfoot Figure",
        "url": "https://www.walmart.com/ip/Disney-Pixar-Onward-Ian-Lightfoot-Figure/903937189",
        "price": "$10.99",
        "stars": "5.0",
        "ratings": "7 ",
        "img": "i5.walmartimages.com/asr/e3214868-a4a4-4cfa-9368-4d34f9f007c1_1.e850cde574b01ec8c1a71da55bcb7330.jpeg?odnWidth=612&odnHeight=612&odnBg=ffffff",
        "tags": [
            [
                "Frozen Dolls & Dollhouses",
                "/browse/toys/frozen-dolls-dollhouses/4171_7357538_6091150_1817573"
            ],
            [
                "Frozen Dolls",
                "/browse/toys/frozen-dolls/4171_4187_8051423_2062169"
            ],
            [
                "Funko Collectibles",
                "/browse/toys/funko-collectibles/4171_2229239_8665809_2752400"
            ],
            [
                "All Preschool Action Figures & Playsets",
                "/browse/toys/all-preschool-action-figures-playsets/4171_4172_1574302_2852038"
            ],
            [
                "Disney Action Figures",
                "/browse/toys/disney-action-figures/4171_4172_5217603"
            ],
            [
                "Disney Funko Pop",
                "/browse/toys/disney-funko-pop/4171_4172_4294413_6491864"
            ],
            [
                "Unicorn Stuffed Animals",
                "/browse/toys/unicorn-stuffed-animals/4171_2724815_7233122"
            ],
            [
                "Unicorn Slime",
                "/browse/toys/unicorn-slime/4171_645779_2165088_8803674"
            ]
        ]
    },
    {
        "title": "FUNKO POP! STAR WARS: R2-D2",
        "url": "https://www.walmart.com/ip/FUNKO-POP-STAR-WARS-R2-D2/38505904",
        "price": "$12.49",
        "stars": "4.8",
        "ratings": "14 ",
        "img": "",
        "tags": [
            [
                "Bobble Heads",
                "/browse/toys/bobble-heads/4171_4172_1224720"
            ],
            [
                "Collectible Dolls",
                "/browse/toys/collectible-dolls/4171_4187_6904958_132911"
            ],
            [
                "Star Wars Action Figures",
                "/browse/toys/star-wars-action-figures/4171_4172_1606899"
            ],
            [
                "Toys for Babies 0 to 12 Months",
                "/browse/toys/toys-for-babies-0-to-12-months/4171_3318550_8469931_2442095"
            ],
            [
                "Star Wars Toys",
                "/browse/toys/star-wars-toys/4171_7357538_4426623"
            ],
            [
                "Shop All Funko Wobbler",
                "/browse/toys/shop-all-funko-wobbler/4171_4172_4294413_5041559_4586017"
            ],
            [
                "Christmas Funko Pop",
                "/browse/toys/christmas-funko-pop/4171_4172_4294413_6693680"
            ],
            [
                "Prince  Funko Pop",
                "/browse/toys/prince-funko-pop/4171_4172_4294413_9155014"
            ]
        ]
    },
    {
        "title": "Funko POP! Disney: Toy Story 4 - Alien",
        "url": "https://www.walmart.com/ip/Funko-POP-Disney-Toy-Story-4-Alien/776922594",
        "price": "$12.50",
        "stars": "4.1",
        "ratings": "8 ",
        "img": "i5.walmartimages.com/asr/888277b9-c9c7-4d7a-a3d9-0b391023f0da_1.b42e9334a5344c98b674072114d08776.png?odnWidth=612&odnHeight=612&odnBg=ffffff",
        "tags": [
            [
                "Aladdin Toys",
                "/browse/shop-by-movie/aladdin-toys/5920738_4251769_3543191"
            ],
            [
                "All Toy Story",
                "/browse/shop-by-movie/all-toy-story/5920738_4692616_4370795"
            ],
            [
                "All Toy Story Toys",
                "/browse/shop-by-movie/all-toy-story-toys/5920738_4692616_1600873_4448810"
            ],
            [
                "All Toy Story Characters",
                "/browse/shop-by-movie/all-toy-story-characters/5920738_4692616_8400879_5078382"
            ],
            [
                "All Toy Story Accessories",
                "/browse/shop-by-movie/all-toy-story-accessories/5920738_4692616_4660952_5290543"
            ],
            [
                "Toy Story Keychains",
                "/browse/shop-by-movie/toy-story-keychains/5920738_4692616_4660952_8108288"
            ],
            [
                "Toy Story Action Figures",
                "/browse/shop-by-movie/toy-story-action-figures/5920738_4692616_1600873_8951202"
            ],
            [
                "Avengers Toys",
                "/browse/shop-by-movie/avengers-toys/5920738_2554820_1877019_5824895_9690042"
            ]
        ]
    }
]