[
    {
        "title": "Funko POP! Animation: DBZ S7 - King Cold - Walmart Exclusive",
        "url": "https://www.walmart.com/ip/Funko-POP-Animation-DBZ-S7-King-Cold-Walmart-Exclusive/917896462",
        "price": "$24.20",
        "stars": "4.6",
        "ratings": "30 ",
        "img": "i5.walmartimages.com/asr/f49994cf-df18-4464-98c1-ef7ca9f5d7a3_1.8e5ec0184361a1916db0eed1159832c8.png?odnWidth=612&odnHeight=612&odnBg=ffffff",
        "tags": [
            [
                "Bobble Heads",
                "/browse/toys/bobble-heads/4171_4172_1224720"
            ],
            [
                "Funko Collectibles",
                "/browse/toys/funko-collectibles/4171_2229239_8665809_2752400"
            ],
            [
                "Funko Pop Animation",
                "/browse/toys/funko-pop-animation/4171_4172_4294413_4803523"
            ],
            [
                "Dragon Ball Funko Pop",
                "/browse/toys/dragon-ball-funko-pop/4171_4172_4294413_5872962"
            ],
            [
                "Funko Pop Anime",
                "/browse/toys/funko-pop-anime/4171_4172_4294413_7026481"
            ],
            [
                "All Dragon Ball Toys",
                "/browse/toys/all-dragon-ball-toys/4171_7357538_5938418_8661974"
            ],
            [
                "Funko Pop Games",
                "/browse/toys/funko-pop-games/4171_4172_4294413_9788314"
            ]
        ]
    },
    {
        "title": "Funko Pop! Animation Dragon Ball Super Whis Vinyl Figure (In Stock)",
        "url": "https://www.walmart.com/ip/Funko-Pop-Animation-Dragon-Ball-Super-Whis-Vinyl-Figure-In-Stock/874880103",
        "price": "$12.99",
        "stars": 0,
        "ratings": 0,
        "img": "i5.walmartimages.com/asr/edb45920-0f30-4256-ba01-fc9a28758096.13eb47b523b7fc548a5813235f72dda1.jpeg?odnWidth=612&odnHeight=612&odnBg=ffffff",
        "tags": [
            [
                "Bobble Heads",
                "/browse/toys/bobble-heads/4171_4172_1224720"
            ],
            [
                "Funko Pop Movies",
                "/browse/toys/funko-pop-movies/4171_4172_4294413_1742485"
            ],
            [
                "Walmart Exclusive Funko Pop",
                "/browse/toys/walmart-exclusive-funko-pop/4171_4172_4294413_2884519"
            ],
            [
                "DC Funko Pop",
                "/browse/toys/dc-funko-pop/4171_4172_4294413_3406310"
            ],
            [
                "Christmas Funko Pop",
                "/browse/toys/christmas-funko-pop/4171_4172_4294413_6693680"
            ],
            [
                "Harry Potter Funko Pop",
                "/browse/toys/harry-potter-funko-pop/4171_4172_4294413_6821693"
            ],
            [
                "Funko Pop TV",
                "/browse/toys/funko-pop-tv/4171_4172_4294413_9626096"
            ],
            [
                "Funko Pop Games",
                "/browse/toys/funko-pop-games/4171_4172_4294413_9788314"
            ]
        ]
    },
    {
        "title": "Funko 6583 POP Movie Star Wars EP7 Princess Leia",
        "url": "https://www.walmart.com/ip/Funko-6583-POP-Movie-Star-Wars-EP7-Princess-Leia/49708923",
        "price": "$10.95",
        "stars": "5.0",
        "ratings": "7 ",
        "img": "i5.walmartimages.com/asr/e7cb006a-2d7f-4634-a68d-1f4b488d3ff8.926561c842c2e7e67e9827d5f056aa82.jpeg?odnWidth=612&odnHeight=612&odnBg=ffffff",
        "tags": [
            [
                "Collectible Dolls",
                "/browse/toys/collectible-dolls/4171_4187_6904958_132911"
            ],
            [
                "Star Wars Action Figures",
                "/browse/toys/star-wars-action-figures/4171_4172_1606899"
            ],
            [
                "Toys for Babies 0 to 12 Months",
                "/browse/toys/toys-for-babies-0-to-12-months/4171_3318550_8469931_2442095"
            ],
            [
                "Lego Train Sets",
                "/browse/toys/lego-train-sets/4171_1111647_3019366"
            ],
            [
                "Star Wars Toys",
                "/browse/toys/star-wars-toys/4171_7357538_4426623"
            ],
            [
                "Shop All Funko Wobbler",
                "/browse/toys/shop-all-funko-wobbler/4171_4172_4294413_5041559_4586017"
            ],
            [
                "Star Wars The Black Series",
                "/browse/toys/star-wars-the-black-series/4171_4172_7913525"
            ],
            [
                "Prince  Funko Pop",
                "/browse/toys/prince-funko-pop/4171_4172_4294413_9155014"
            ]
        ]
    },
    {
        "title": "Mr. Potato Head Chips Toy: Original, for Kids Ages 3+",
        "url": "https://www.walmart.com/ip/Mr-Potato-Head-Chips-Toy-Original-for-Kids-Ages-3/949966084",
        "price": "$11.99",
        "stars": "5.0",
        "ratings": "1 ",
        "img": "i5.walmartimages.com/asr/b10fdee6-51a5-476d-9882-1b09796acaec_1.ed1f528a2a57245644d3af59f7b59fa2.jpeg?odnWidth=612&odnHeight=612&odnBg=ffffff",
        "tags": [
            [
                "Shop Toys by Price",
                "/browse/shop-toys-by-price/4171_1263324"
            ],
            [
                "Toys for 2 year old boys",
                "/browse/toys/toys-for-2-year-old-boys/4171_3318550_7016108_3495831"
            ],
            [
                "Gifts for 4 year old boy",
                "/browse/toys/gifts-for-4-year-old-boy/4171_3318550_7016108_4071474"
            ],
            [
                "Toys for 3 year old boys",
                "/browse/toys/toys-for-3-year-old-boys/4171_3318550_7016108_4372226"
            ],
            [
                "Toys for Kids 2 to 4 Years",
                "/browse/toys/toys-for-kids-2-to-4-years/4171_3318550_7016108_4703344"
            ],
            [
                "Playskool",
                "/browse/toys/playskool/4171_4172_1574302_5163095"
            ],
            [
                "Disney Action Figures",
                "/browse/toys/disney-action-figures/4171_4172_5217603"
            ]
        ]
    },
    {
        "title": "Fisher-Price Little People Welcome to School Gift Set",
        "url": "https://www.walmart.com/ip/Fisher-Price-Little-People-Welcome-to-School-Gift-Set/658981407",
        "price": "$79.99",
        "stars": "5.0",
        "ratings": "3 ",
        "img": "i5.walmartimages.com/asr/94b05ea6-f087-4485-8ac3-db4a2af692cf_1.82aa37caf0dc368a33490ed1178dbb42.jpeg?odnWidth=612&odnHeight=612&odnBg=ffffff",
        "tags": [
            [
                "All Vehicles",
                "/browse/toys/all-vehicles/4171_1111647_2819545"
            ],
            [
                "All Preschool Action Figures & Playsets",
                "/browse/toys/all-preschool-action-figures-playsets/4171_4172_1574302_2852038"
            ],
            [
                "Playsets",
                "/browse/toys/playsets/4171_4187_4668261_5230467"
            ],
            [
                "All Play Vehicles",
                "/browse/toys/all-play-vehicles/4171_1111647_132910_5519114"
            ],
            [
                "Fisher-Price Toys",
                "/browse/toys/fisher-price-toys/4171_3438149_6012903"
            ],
            [
                "Toys for 1 year old",
                "/browse/toys/toys-for-1-year-old/4171_3318550_8469931_6921641"
            ],
            [
                "Play Vehicles by Price",
                "/browse/toys/play-vehicles-by-price/4171_1111647_132910_9814941"
            ]
        ]
    },
    {
        "title": "Transformers Generations War for Cybertron Deluxe WFC-S49 Crosshairs",
        "url": "https://www.walmart.com/ip/Transformers-Generations-War-for-Cybertron-Deluxe-WFC-S49-Crosshairs/799181857",
        "price": "$31.64",
        "stars": "3.8",
        "ratings": "4 ",
        "img": "i5.walmartimages.com/asr/b0a557a2-f78f-472b-8194-bb11f98bccca_1.e288ea2e62b16864ba6ff8d095ab4287.jpeg?odnWidth=612&odnHeight=612&odnBg=ffffff",
        "tags": [
            [
                "Father's Day Electronics",
                "/browse/seasonal/fathers-day-electronics/1085632_1094344_2365074"
            ],
            [
                "Connected Dorm Room",
                "/browse/seasonal/connected-dorm-room/1085632_8174172_6292484_2548864"
            ],
            [
                "Shop All Glass",
                "/browse/seasonal/shop-all-glass/1085632_1071204_4976191"
            ],
            [
                "Mother's Day Electronics Gifts",
                "/browse/seasonal/mothers-day-electronics-gifts/1085632_1093554_5742102"
            ],
            [
                "Audio",
                "/browse/seasonal/audio/1085632_8174172_6292484_5759323"
            ],
            [
                "Tax Free Shop All",
                "/browse/tax-free-shop-all/1085632_6767877"
            ],
            [
                "Electronics Gifts for Grads",
                "/browse/seasonal/electronics-gifts-for-grads/1085632_1105121_7594959"
            ],
            [
                "Back to School Home Audio Visual",
                "/browse/seasonal/back-to-school-home-audio-visual/1085632_1071204_7767149_8665149"
            ]
        ]
    },
    {
        "title": "Playskool Heroes Transformers Rescue Bots Arctic Rescue Boulder",
        "url": "https://www.walmart.com/ip/Playskool-Heroes-Transformers-Rescue-Bots-Arctic-Rescue-Boulder/54051028",
        "price": "$31.98",
        "stars": "4.3",
        "ratings": "27 ",
        "img": "i5.walmartimages.com/asr/25100536-7cc3-44a6-8e3a-7aecddfdbdac_1.bcc3ce75494986386c83c9ea231763fb.jpeg?odnWidth=612&odnHeight=612&odnBg=ffffff",
        "tags": [
            [
                "Transformers Bumblebee Action Figures",
                "/browse/toys/transformers-bumblebee-action-figures/4171_4172_2378689"
            ],
            [
                "Transformers Action Figures",
                "/browse/toys/transformers-action-figures/4171_7357538_2510286"
            ],
            [
                "Transformers Toys",
                "/browse/toys/transformers-toys/4171_4172_2616268"
            ],
            [
                "All Preschool Action Figures & Playsets",
                "/browse/toys/all-preschool-action-figures-playsets/4171_4172_1574302_2852038"
            ],
            [
                "Playskool",
                "/browse/toys/playskool/4171_4172_1574302_5163095"
            ],
            [
                "Transformers Optimus Prime Action Figures",
                "/browse/toys/transformers-optimus-prime-action-figures/4171_4172_5297444"
            ],
            [
                "Transformers Studio Series",
                "/browse/toys/transformers-studio-series/4171_4172_5647346"
            ],
            [
                "Transformers Bumblebee Cyberverse Adventure Action Figures",
                "/browse/toys/transformers-bumblebee-cyberverse-adventure-action-figures/4171_4172_7857064"
            ]
        ]
    },
    {
        "title": "Transformers Cyberverse Warrior Class Optimus Prime Battle Base Trailer",
        "url": "https://www.walmart.com/ip/Transformers-Cyberverse-Warrior-Class-Optimus-Prime-Battle-Base-Trailer/166004206",
        "price": "$65.98",
        "stars": "4.5",
        "ratings": "2 ",
        "img": "i5.walmartimages.com/asr/92f66529-a003-4c5d-9193-f4e71ab5601d_1.126549ab20dd2d6d119694309875ad7b.jpeg?odnWidth=612&odnHeight=612&odnBg=ffffff",
        "tags": [
            [
                "Transformers Megatron Action Figures",
                "/browse/toys/transformers-megatron-action-figures/4171_4172_1261291"
            ],
            [
                "Transformers Bumblebee Action Figures",
                "/browse/toys/transformers-bumblebee-action-figures/4171_4172_2378689"
            ],
            [
                "Transformers Toys",
                "/browse/toys/transformers-toys/4171_4172_2616268"
            ],
            [
                "Transformers G1 Action Figures",
                "/browse/toys/transformers-g1-action-figures/4171_4172_5103029"
            ],
            [
                "Transformers Optimus Prime Action Figures",
                "/browse/toys/transformers-optimus-prime-action-figures/4171_4172_5297444"
            ],
            [
                "Transformers Studio Series",
                "/browse/toys/transformers-studio-series/4171_4172_5647346"
            ],
            [
                "Transformers Bumblebee Cyberverse Adventure Action Figures",
                "/browse/toys/transformers-bumblebee-cyberverse-adventure-action-figures/4171_4172_7857064"
            ],
            [
                "Playskool Transformers",
                "/browse/toys/playskool-transformers/4171_4172_1574302_9342581"
            ]
        ]
    },
    {
        "title": "Funko Dragon Ball Z Super Saiyan 3 Gotenks Pop Vinyl Figure AAA Anime Exclusive",
        "url": "https://www.walmart.com/ip/Funko-Dragon-Ball-Z-Super-Saiyan-3-Gotenks-Pop-Vinyl-Figure-AAA-Anime-Exclusive/407713458",
        "price": "$23.99",
        "stars": "5.0",
        "ratings": "1 ",
        "img": "i5.walmartimages.com/asr/0ab9fd30-0da2-4e21-9842-ab2610fd14e2_1.add5fa4dbc2c6533550e69d59e06352d.jpeg?odnWidth=612&odnHeight=612&odnBg=ffffff",
        "tags": [
            [
                "Bobble Heads",
                "/browse/toys/bobble-heads/4171_4172_1224720"
            ],
            [
                "Funko Pop Animation",
                "/browse/toys/funko-pop-animation/4171_4172_4294413_4803523"
            ],
            [
                "Dragon Toys",
                "/browse/toys/dragon-toys/4171_7357538_5461952"
            ],
            [
                "X-Men Funko Pop",
                "/browse/toys/x-men-funko-pop/4171_4172_4294413_5866781"
            ],
            [
                "Dragon Ball Funko Pop",
                "/browse/toys/dragon-ball-funko-pop/4171_4172_4294413_5872962"
            ],
            [
                "Funko Pop Anime",
                "/browse/toys/funko-pop-anime/4171_4172_4294413_7026481"
            ],
            [
                "All Dragon Ball Toys",
                "/browse/toys/all-dragon-ball-toys/4171_7357538_5938418_8661974"
            ]
        ]
    },
    {
        "title": "Kid Buu Funko POP - Dragon Ball Z - S6",
        "url": "https://www.walmart.com/ip/Kid-Buu-Funko-POP-Dragon-Ball-Z-S6/696935724",
        "price": "$12.99",
        "stars": 0,
        "ratings": 0,
        "img": "i5.walmartimages.com/asr/124cd8d3-1443-41f5-b1c4-4bf9772afd31_1.2506545a0f9b5fa98fe4c8658be694de.jpeg?odnWidth=612&odnHeight=612&odnBg=ffffff",
        "tags": [
            [
                "Bobble Heads",
                "/browse/toys/bobble-heads/4171_4172_1224720"
            ],
            [
                "Walmart Exclusive Funko Pop",
                "/browse/toys/walmart-exclusive-funko-pop/4171_4172_4294413_2884519"
            ],
            [
                "Funko Pop Animation",
                "/browse/toys/funko-pop-animation/4171_4172_4294413_4803523"
            ],
            [
                "Dragon Toys",
                "/browse/toys/dragon-toys/4171_7357538_5461952"
            ],
            [
                "Dragon Ball Funko Pop",
                "/browse/toys/dragon-ball-funko-pop/4171_4172_4294413_5872962"
            ],
            [
                "Funko Pop Anime",
                "/browse/toys/funko-pop-anime/4171_4172_4294413_7026481"
            ],
            [
                "All Dragon Ball Toys",
                "/browse/toys/all-dragon-ball-toys/4171_7357538_5938418_8661974"
            ]
        ]
    }
]