[
    {
        "title": "iTouch Playzoom Kids Smart Watch Black",
        "url": "https://www.walmart.com/ip/iTouch-Playzoom-Kids-Smart-Watch-Black/748147404",
        "price": "$29.99",
        "stars": "4.4",
        "ratings": "339 ",
        "img": "i5.walmartimages.com/asr/a56a66b0-9b6d-4712-9c1a-1ee2484bea5d_1.b1b66098e46abef4cbe982fbc295efab.jpeg?odnWidth=612&odnHeight=612&odnBg=ffffff",
        "tags": [
            [
                "All Watches",
                "/browse/jewelry/all-watches/3891_3906_1012759"
            ],
            [
                "Boys Watches",
                "/browse/jewelry/boys-watches/3891_3906_8010157_5157344"
            ],
            [
                "AmazingForLess Watches",
                "/browse/jewelry/amazingforless-watches/3891_3906_2242838_7039405"
            ],
            [
                "Girls Watches",
                "/browse/jewelry/girls-watches/3891_3906_8010157_7130665"
            ],
            [
                "Mens Smart Watches",
                "/browse/jewelry/mens-smart-watches/3891_3906_1490361_9316568"
            ],
            [
                "Womens Smart Watches",
                "/browse/jewelry/womens-smart-watches/3891_3906_3089886_9482951"
            ],
            [
                "Kids Character Watches",
                "/browse/jewelry/kids-character-watches/3891_3906_8010157_9798176"
            ]
        ]
    },
    {
        "title": "Hasbro Marvel Legends Series 6-inch Marvel's Kang Action Figure Toy",
        "url": "https://www.walmart.com/ip/Hasbro-Marvel-Legends-Series-6-inch-Marvel-s-Kang-Action-Figure-Toy/622837277",
        "price": "$19.87",
        "stars": 0,
        "ratings": 0,
        "img": "i5.walmartimages.com/asr/77fd3f8f-63e6-4772-8d87-658dc3c60784.c35050878982bc3e049f5b22146b29fc.jpeg?odnWidth=612&odnHeight=612&odnBg=ffffff",
        "tags": []
    },
    {
        "title": "Pokemon TCG: 2020 Ultra Prism 3 Pack Booster set- 3 Sun & Moon 5 Ultra Prism Booster Packs included",
        "url": "https://www.walmart.com/ip/Pokemon-TCG-2020-Ultra-Prism-3-Pack-Booster-set-3-Sun-Moon-5-Ultra-Prism-Booster-Packs-included/757809703",
        "price": "$14.28",
        "stars": "3.0",
        "ratings": "4 ",
        "img": "i5.walmartimages.com/asr/a47be210-ad29-40e3-bb7a-fbf0fb2934f1.e7ebb973eae597b2994ad40fc13967c7.jpeg?odnWidth=612&odnHeight=612&odnBg=ffffff",
        "tags": [
            [
                "Pokemon Collector's Tin",
                "/browse/toys/pokemon-collectors-tin/4171_4191_9807313_4252400_2810627"
            ],
            [
                "All Trading Cards",
                "/browse/toys/all-trading-cards/4171_4191_9807313_4193925"
            ],
            [
                "Pokemon TCG",
                "/browse/toys/pokemon-tcg/4171_4191_9807313_4252400_4532494"
            ],
            [
                "Pokemon Booster Box",
                "/browse/toys/pokemon-booster-box/4171_4191_9807313_4252400_7038039"
            ],
            [
                "Pokemon All Trading Cards",
                "/browse/toys/pokemon-all-trading-cards/4171_4191_9807313_4252400_9497398"
            ],
            [
                "Pokemon Theme Decks",
                "/browse/toys/pokemon-theme-decks/4171_4191_9807313_4252400_9708712"
            ]
        ]
    },
    {
        "title": "Disney/Pixar Toy Story 4 Mr. Potato Head: Andy's Playroom Potato Pack",
        "url": "https://www.walmart.com/ip/Disney-Pixar-Toy-Story-4-Mr-Potato-Head-Andy-s-Playroom-Potato-Pack/409749625",
        "price": "$30.04",
        "stars": "4.9",
        "ratings": "10 ",
        "img": "i5.walmartimages.com/asr/3d50ca52-139d-427b-95cf-a31e21a29eef_1.acac3babc0b91ce6eca1b37ad7d08f5b.jpeg?odnWidth=612&odnHeight=612&odnBg=ffffff",
        "tags": [
            [
                "Shop Toys by Price",
                "/browse/shop-toys-by-price/4171_1263324"
            ],
            [
                "All Action Figures",
                "/browse/toys/all-action-figures/4171_4172_133130"
            ],
            [
                "All Preschool Action Figures & Playsets",
                "/browse/toys/all-preschool-action-figures-playsets/4171_4172_1574302_2852038"
            ],
            [
                "Gifts for 4 year old boy",
                "/browse/toys/gifts-for-4-year-old-boy/4171_3318550_7016108_4071474"
            ],
            [
                "Toys for Kids 2 to 4 Years",
                "/browse/toys/toys-for-kids-2-to-4-years/4171_3318550_7016108_4703344"
            ],
            [
                "Disney Action Figures",
                "/browse/toys/disney-action-figures/4171_4172_5217603"
            ],
            [
                "Fisher Price Preschool Toys",
                "/browse/toys/fisher-price-preschool-toys/4171_1077545_8882678"
            ],
            [
                "Imaginext Toy Story",
                "/browse/toys/imaginext-toy-story/4171_4172_1574302_9096511"
            ]
        ]
    },
    {
        "title": "LEGO Star Wars AT-ST Raider 75254 Collectible Building Model",
        "url": "https://www.walmart.com/ip/LEGO-Star-Wars-AT-ST-Raider-75254-Collectible-Building-Model/646649427",
        "price": "$39.99",
        "stars": "4.8",
        "ratings": "83 ",
        "img": "i5.walmartimages.com/asr/00315b42-8f75-48a3-8fa3-09ece02ec68f_4.ac6fc1b4470c45dbadf8c2ef85346a4f.jpeg?odnWidth=612&odnHeight=612&odnBg=ffffff",
        "tags": [
            [
                "LEGO Easter Building Sets",
                "/browse/toys/lego-easter-building-sets/4171_4186_1105635_2668753"
            ],
            [
                "LEGO Star Wars Building Sets",
                "/browse/toys/lego-star-wars-building-sets/4171_4186_1105635_3578631"
            ],
            [
                "Building Sets for Boys",
                "/browse/toys/building-sets-for-boys/4171_1228478_4255542"
            ],
            [
                "Star Wars Toys",
                "/browse/toys/star-wars-toys/4171_7357538_4426623"
            ],
            [
                "LEGO Sets Ages 12+",
                "/browse/toys/lego-sets-ages-12/4171_4186_1105635_4836372"
            ],
            [
                "Building Toys Ages 8 to 11",
                "/browse/toys/building-toys-ages-8-to-11/4171_4186_6416592"
            ],
            [
                "LEGO Sets Ages 8 to 11",
                "/browse/toys/lego-sets-ages-8-to-11/4171_4186_1105635_6901070"
            ],
            [
                "Building Toys Ages 12+",
                "/browse/toys/building-toys-ages-12/4171_4186_9012439"
            ]
        ]
    },
    {
        "title": "LEGO Super Mario Desert Pokey Expansion Set 71363 Collectible Building Toy for Kids (180 Pieces)",
        "url": "https://www.walmart.com/ip/LEGO-Super-Mario-Desert-Pokey-Expansion-Set-71363-Collectible-Building-Toy-for-Kids-180-Pieces/947956472",
        "price": "$19.95",
        "stars": "4.5",
        "ratings": "15 ",
        "img": "i5.walmartimages.com/asr/0de09d2d-e63e-4606-9bbe-6b41b364bcf8.e857210df2eb5a1027891af8188cf4ec.jpeg?odnWidth=612&odnHeight=612&odnBg=ffffff",
        "tags": []
    },
    {
        "title": "Mow & Go Lawn Mower Toy, 6-Volt Ride-On Toy by Kid Trax, ages 18 - 30 months, orange",
        "url": "https://www.walmart.com/ip/Mow-Go-Lawn-Mower-Toy-6-Volt-Ride-On-Toy-by-Kid-Trax-ages-18-30-months-orange/485849930",
        "price": "$59.87",
        "stars": "3.7",
        "ratings": "48 ",
        "img": "i5.walmartimages.com/asr/5e79cf71-9e48-46aa-913b-3931eefe0f19_1.bdfaec4376b58b064976e9d677b2f98a.jpeg?odnWidth=612&odnHeight=612&odnBg=ffffff",
        "tags": [
            [
                "Ride Ons for Girls",
                "/browse/toys/ride-ons-for-girls/4171_1228477_3574057_1348260"
            ],
            [
                "All Disney Toys",
                "/browse/toys/all-disney-toys/4171_6909449_1773797"
            ],
            [
                "ATVs",
                "/browse/toys/atvs/4171_133073_6774653_8911690_7272199_2731344"
            ],
            [
                "All Powered Ride Ons",
                "/browse/toys/all-powered-ride-ons/4171_133073_6774653_8911690_3288692"
            ],
            [
                "All Pedal & Push Ride Ons",
                "/browse/toys/all-pedal-push-ride-ons/4171_133073_6774653_4137853_5354"
            ],
            [
                "Dirt Bikes & ATVs",
                "/browse/toys/dirt-bikes-atvs/4171_133073_6774653_8911690_5370128"
            ],
            [
                "Tractor Ride Ons",
                "/browse/toys/tractor-ride-ons/4171_133073_6774653_5570143"
            ],
            [
                "Ride Ons for Boys",
                "/browse/toys/ride-ons-for-boys/4171_1228478_3172813_7785372"
            ]
        ]
    },
    {
        "title": "Bright Starts Lights & Sounds FunPad Musical Toy - Introduce Shapes, Colors, Numbers, Ages 3 months +",
        "url": "https://www.walmart.com/ip/Bright-Starts-Lights-Sounds-FunPad-Musical-Toy-Introduce-Shapes-Colors-Numbers-Ages-3-months/20512682",
        "price": "$7.99",
        "stars": "4.0",
        "ratings": "298 ",
        "img": "i5.walmartimages.com/asr/dce9ec1d-cd65-42cd-8b40-60c0670ff70b_1.96236c7d7d3a193e2365ce479b11ea31.jpeg?odnWidth=612&odnHeight=612&odnBg=ffffff",
        "tags": [
            [
                "Ages 0-12 months",
                "/browse/baby/ages-0-12-months/5427_491351_1081264"
            ],
            [
                "Ages 12-24 months",
                "/browse/baby/ages-12-24-months/5427_491351_1081284"
            ],
            [
                "Baby and Toddler Music Toys",
                "/browse/baby/baby-toddler-music-toys/5427_491351_164198"
            ],
            [
                "Baby Einstein",
                "/browse/baby/baby-einstein/5427_491351_2063535"
            ],
            [
                "12-18 Month Toys",
                "/browse/baby/12-18-month-toys/5427_491351_2793475"
            ],
            [
                "Fisher Price Baby Toys",
                "/browse/baby/fisher-price-baby-toys/5427_491351_3913250"
            ],
            [
                "Fisher Price Electronic Baby Toys",
                "/browse/baby/fisher-price-electronic-baby-toys/5427_491351_6845286"
            ],
            [
                "6-9 Month Toys",
                "/browse/baby/6-9-month-toys/5427_491351_8669863"
            ]
        ]
    },
    {
        "title": "Power Rangers Beast Morphers Beast-X Electronic Saber, Sword Toy",
        "url": "https://www.walmart.com/ip/Power-Rangers-Beast-Morphers-Beast-X-Electronic-Saber-Sword-Toy/118563137",
        "price": "$26.84",
        "stars": "4.8",
        "ratings": "32 ",
        "img": "i5.walmartimages.com/asr/7c6734ce-f640-4588-820f-9ca6f483335a_1.ed15ae1c008c86185ecfbdbeb8060f1b.jpeg?odnWidth=612&odnHeight=612&odnBg=ffffff",
        "tags": [
            [
                "Playskool Power Rangers",
                "/browse/toys/playskool-power-rangers/4171_4172_1574302_1555603"
            ],
            [
                "Power Rangers Lightning Collection Action Figures",
                "/browse/toys/power-rangers-lightning-collection-action-figures/4171_4172_1670204"
            ],
            [
                "Boys Costumes",
                "/browse/toys/boys-costumes/4171_4173_7421020_2226104"
            ],
            [
                "Power Rangers Role Play",
                "/browse/toys/power-rangers-role-play/4171_4172_4246921_2841014"
            ],
            [
                "All Action Role Play",
                "/browse/toys/all-action-role-play/4171_4172_4246921_4384098"
            ],
            [
                "Playskool",
                "/browse/toys/playskool/4171_4172_1574302_5163095"
            ],
            [
                "Power Rangers Action Figures",
                "/browse/toys/power-rangers-action-figures/4171_4172_5999585"
            ],
            [
                "All Kids Costumes & Dress-Up",
                "/browse/toys/all-kids-costumes-dress-up/4171_4173_7421020_9055580"
            ]
        ]
    },
    {
        "title": "Jetson Magma UL Certified Hoverboard w/ LED light up deck and wheels, Extreme Terrain Wheels, Black",
        "url": "https://www.walmart.com/ip/Jetson-Magma-UL-Certified-Hoverboard-w-LED-light-up-deck-and-wheels-Extreme-Terrain-Wheels-Black/656839710",
        "price": "$128.00",
        "stars": "4.3",
        "ratings": "49 ",
        "img": "i5.walmartimages.com/asr/d2730f3f-4dc8-41fd-a8b7-f55d1be6a8c6_1.002e05a702705f04f5c93956e33a433b.png?odnWidth=612&odnHeight=612&odnBg=ffffff",
        "tags": [
            [
                "All Hoverboards",
                "/browse/toys/all-hoverboards/4171_133073_6774653_3545894_2310222"
            ],
            [
                "Bluetooth Hoverboards",
                "/browse/toys/bluetooth-hoverboards/4171_133073_6774653_3545894_4437736"
            ],
            [
                "Jetson Ride Ons",
                "/browse/toys/jetson-ride-ons/4171_133073_6774653_6489011_4454354"
            ],
            [
                "Kid's Hoverboard",
                "/browse/toys/kids-hoverboard/4171_133073_6774653_3545894_5663741"
            ],
            [
                "Electric Transportation",
                "/browse/toys/electric-transportation/4171_133073_6221094"
            ],
            [
                "Adult Electric Scooter",
                "/browse/toys/adult-electric-scooter/4171_133073_6774653_4137853_3209634_7994546_6511135"
            ],
            [
                "Hoverboards for Girls",
                "/browse/toys/hoverboards-for-girls/4171_1228477_3574057_9929790"
            ]
        ]
    }
]