[
    {
        "title": "Jigsaw Puzzles 500 Pieces \"Hot-Air Balloons At The Sunset\" Gold Edition  by Wuundentoy",
        "url": "https://www.walmart.com/ip/Jigsaw-Puzzles-500-Pieces-Hot-Air-Balloons-At-The-Sunset-Gold-Edition-by-Wuundentoy/945371203",
        "price": "$12.99",
        "stars": "3.3",
        "ratings": "15 ",
        "img": "i5.walmartimages.com/asr/da773fd9-a000-4e99-88d6-fb09e215bd90_3.e9567c62bef8345d89fe655032690304.jpeg?odnWidth=612&odnHeight=612&odnBg=ffffff",
        "tags": [
            [
                "Springbok Puzzles",
                "/browse/toys/springbok-puzzles/4171_4191_163840_2713586_1832423"
            ],
            [
                "Thomas Kinkade Puzzles",
                "/browse/toys/thomas-kinkade-puzzles/4171_4191_163840_2713586_3945720"
            ],
            [
                "1000 Piece Jigsaws",
                "/browse/toys/1000-piece-jigsaws/4171_4191_163840_3974623"
            ],
            [
                "750 Piece Jigsaws",
                "/browse/toys/750-piece-jigsaws/4171_4191_163840_4166037"
            ],
            [
                "300 Piece Jigsaws",
                "/browse/toys/300-piece-jigsaws/4171_4191_163840_4640812"
            ],
            [
                "Jigsaw Puzzles",
                "/browse/toys/jigsaw-puzzles/4171_4191_163840_4981610"
            ],
            [
                "Kids Puzzles",
                "/browse/toys/kids-puzzles/4171_4191_163840_6928209"
            ],
            [
                "Ceaco Shelf",
                "/browse/toys/ceaco-shelf/4171_4191_163840_7820798"
            ]
        ]
    },
    {
        "title": "Save Penguin Don't Break The Ice Penguin Trap Party Supplies Funny Toys Game for Kids Adults Parent-Child Interactive Board Game Family Party Supplies",
        "url": "https://www.walmart.com/ip/Save-Penguin-Don-t-Break-The-Ice-Trap-Party-Supplies-Funny-Toys-Game-Kids-Adults-Parent-Child-Interactive-Board-Family/976788744",
        "price": "$12.70",
        "stars": "4.5",
        "ratings": "2 ",
        "img": "i5.walmartimages.com/asr/a388fbee-c566-4401-9083-c416503a1038_1.48e46b327055a61e43d67c86105f38b9.jpeg?odnWidth=612&odnHeight=612&odnBg=ffffff",
        "tags": [
            [
                "Classic Games",
                "/browse/toys/classic-games/4171_4191_2084995"
            ],
            [
                "Family Games",
                "/browse/toys/family-games/4171_4191_2335373_2204878"
            ],
            [
                "Hungry Hippos",
                "/browse/toys/hungry-hippos/4171_8039111_3137838"
            ],
            [
                "All Board Games",
                "/browse/toys/all-board-games/4171_4191_133123_4497274"
            ],
            [
                "Perfection",
                "/browse/toys/perfection/4171_8039111_8376231"
            ],
            [
                "Toys for Kids 5 to 7 Years",
                "/browse/toys/toys-for-kids-5-to-7-years/4171_3318550_617941_8920388"
            ],
            [
                "Adult Games",
                "/browse/toys/adult-games/4171_4191_2335373_9523585"
            ]
        ]
    },
    {
        "title": "LeapFrog RockIt Twist Penelope Penguin and Animals Animals Animals Games",
        "url": "https://www.walmart.com/ip/LeapFrog-RockIt-Twist-Penelope-Penguin-and-Animals-Animals-Animals-Games/164661024",
        "price": "$5.15",
        "stars": "4.8",
        "ratings": "15 ",
        "img": "i5.walmartimages.com/asr/915277f3-3349-409c-983e-796457c7ec8a_3.85fe723cae3ac23dc5d010c31cbdbd1a.jpeg?odnWidth=612&odnHeight=612&odnBg=ffffff",
        "tags": [
            [
                "Leapfrog",
                "/browse/toys/leapfrog/4171_56125_1498437"
            ],
            [
                "Science & Education",
                "/browse/toys/science-education/4171_56125_164140"
            ],
            [
                "VTech Toys",
                "/browse/toys/vtech-toys/4171_3438149_3348821"
            ],
            [
                "LeapBuilders",
                "/browse/toys/leapbuilders/4171_4186_133013_4357061"
            ],
            [
                "Other Building Blocks",
                "/browse/toys/other-building-blocks/4171_4186_133013_6193800"
            ],
            [
                "Learning Books",
                "/browse/toys/learning-books/4171_56125_645819"
            ],
            [
                "LeapFrog Learning Toys",
                "/browse/toys/leapfrog-learning-toys/4171_56125_6855455"
            ]
        ]
    },
    {
        "title": "Risk Game Junior Edition, Strategy Game, For Kids Ages 5 and Up",
        "url": "https://www.walmart.com/ip/Risk-Game-Junior-Edition-Strategy-Game-For-Kids-Ages-5-and-Up/825863864",
        "price": "$12.49",
        "stars": "4.7",
        "ratings": "30 ",
        "img": "i5.walmartimages.com/asr/21390930-d936-4f80-9cf7-9cdb214c7dbd.9d0bb262d5fc65159b96cd24088a0efa.jpeg?odnWidth=612&odnHeight=612&odnBg=ffffff",
        "tags": [
            [
                "Card Games",
                "/browse/toys/card-games/4171_4191_163842"
            ],
            [
                "Classic Games",
                "/browse/toys/classic-games/4171_4191_2084995"
            ],
            [
                "Family Games",
                "/browse/toys/family-games/4171_4191_2335373_2204878"
            ],
            [
                "All Board Games",
                "/browse/toys/all-board-games/4171_4191_133123_4497274"
            ],
            [
                "Party Games",
                "/browse/toys/party-games/4171_4191_5016956"
            ],
            [
                "Monopoly",
                "/browse/toys/monopoly/4171_4191_133123_6792970"
            ],
            [
                "Toys for Kids 12 Years & Up",
                "/browse/toys/toys-for-kids-12-years-up/4171_3318550_1077724_6922509"
            ]
        ]
    },
    {
        "title": "UNO Hello Kitty & Friends",
        "url": "https://www.walmart.com/ip/UNO-Hello-Kitty-Friends/776005631",
        "price": "$11.99",
        "stars": "4.0",
        "ratings": "1 ",
        "img": "i5.walmartimages.com/asr/ef5263a4-db10-479c-b2ed-42404501530b_1.162f1446574e318872550c45410f8efe.jpeg?odnWidth=612&odnHeight=612&odnBg=ffffff",
        "tags": [
            [
                "Shop Toys by Price",
                "/browse/shop-toys-by-price/4171_1263324"
            ],
            [
                "Electronic Games",
                "/browse/toys/electronic-games/4171_4191_133045"
            ],
            [
                "Card Games",
                "/browse/toys/card-games/4171_4191_163842"
            ],
            [
                "All Disney Toys",
                "/browse/toys/all-disney-toys/4171_6909449_1773797"
            ],
            [
                "Classic Games",
                "/browse/toys/classic-games/4171_4191_2084995"
            ],
            [
                "All Minions Toys",
                "/browse/toys/all-minions-toys/4171_7357538_6852963_7885213"
            ],
            [
                "Toys for Kids 5 to 7 Years",
                "/browse/toys/toys-for-kids-5-to-7-years/4171_3318550_617941_8920388"
            ]
        ]
    },
    {
        "title": "Trend Numbers Bingo Game",
        "url": "https://www.walmart.com/ip/Trend-Numbers-Bingo-Game/22240221",
        "price": "$9.99",
        "stars": "4.9",
        "ratings": "11 ",
        "img": "i5.walmartimages.com/asr/f7e760ab-b5b5-408b-a0ca-a2d463e4ce2c.fc1392623200d9a25c027d1ba8536abe.jpeg?odnWidth=612&odnHeight=612&odnBg=ffffff",
        "tags": [
            [
                "Learning Playsets",
                "/browse/toys/learning-playsets/4171_56125_1228921"
            ],
            [
                "Card Games",
                "/browse/toys/card-games/4171_4191_163842"
            ],
            [
                "Classic Games",
                "/browse/toys/classic-games/4171_4191_2084995"
            ],
            [
                "Family Games",
                "/browse/toys/family-games/4171_4191_2335373_2204878"
            ],
            [
                "All Board Games",
                "/browse/toys/all-board-games/4171_4191_133123_4497274"
            ],
            [
                "Bingo Sets",
                "/browse/toys/bingo-sets/4171_4191_5819145"
            ],
            [
                "Toys for Kids 5 to 7 Years",
                "/browse/toys/toys-for-kids-5-to-7-years/4171_3318550_617941_8920388"
            ]
        ]
    },
    {
        "title": "Double Fifteen Color Dot Dominoes Game in a Tin",
        "url": "https://www.walmart.com/ip/Double-Fifteen-Color-Dot-Dominoes-Game-in-a-Tin/882945",
        "price": "$19.92",
        "stars": "4.6",
        "ratings": "54 ",
        "img": "i5.walmartimages.com/asr/cbb78dec-6a18-43d7-ba41-7abb61730573_1.ce669dbb86bc33aecd1bebfb2eecdfc2.jpeg?odnWidth=612&odnHeight=612&odnBg=ffffff",
        "tags": [
            [
                "Classic Games",
                "/browse/toys/classic-games/4171_4191_2084995"
            ],
            [
                "Family Games",
                "/browse/toys/family-games/4171_4191_2335373_2204878"
            ],
            [
                "All Board Games",
                "/browse/toys/all-board-games/4171_4191_133123_4497274"
            ],
            [
                "Toys for Kids 2 to 4 Years",
                "/browse/toys/toys-for-kids-2-to-4-years/4171_3318550_7016108_4703344"
            ],
            [
                "Play Dough",
                "/browse/toys/play-dough/4171_645779_9285153_613042"
            ],
            [
                "Fashion Dolls",
                "/browse/toys/fashion-dolls/4171_4187_8051423_7344622"
            ],
            [
                "Toys for Kids 5 to 7 Years",
                "/browse/toys/toys-for-kids-5-to-7-years/4171_3318550_617941_8920388"
            ]
        ]
    },
    {
        "title": "Black Card Revoked - First Edition",
        "url": "https://www.walmart.com/ip/Black-Card-Revoked-First-Edition/816892016",
        "price": "$15.97",
        "stars": "4.8",
        "ratings": "13 ",
        "img": "i5.walmartimages.com/asr/9ba748f7-e816-4ef6-8180-a812d40fa4a4_2.0a185945bdd2a1921a8edaf5c63921dc.png?odnWidth=612&odnHeight=612&odnBg=ffffff",
        "tags": [
            [
                "Card Games",
                "/browse/toys/card-games/4171_4191_163842"
            ],
            [
                "Classic Games",
                "/browse/toys/classic-games/4171_4191_2084995"
            ],
            [
                "Family Games",
                "/browse/toys/family-games/4171_4191_2335373_2204878"
            ],
            [
                "Other Unicorn Toys",
                "/browse/toys/other-unicorn-toys/4171_4209468_3940073"
            ],
            [
                "All Board Games",
                "/browse/toys/all-board-games/4171_4191_133123_4497274"
            ],
            [
                "Toys for Kids 12 Years & Up",
                "/browse/toys/toys-for-kids-12-years-up/4171_3318550_1077724_6922509"
            ],
            [
                "Adult Games",
                "/browse/toys/adult-games/4171_4191_2335373_9523585"
            ]
        ]
    },
    {
        "title": "The Blockbuster Game: A Movie Party Game for the Whole Family",
        "url": "https://www.walmart.com/ip/The-Blockbuster-Game-A-Movie-Party-Game-for-the-Whole-Family/114737043",
        "price": "$14.00",
        "stars": "4.8",
        "ratings": "21 ",
        "img": "i5.walmartimages.com/asr/dfbf24a7-eb24-48b2-b293-07b8c4bc273f_3.37e3ed7bdd8100119ea7d5d55c985465.jpeg?odnWidth=612&odnHeight=612&odnBg=ffffff",
        "tags": [
            [
                "Card Games",
                "/browse/toys/card-games/4171_4191_163842"
            ],
            [
                "Classic Games",
                "/browse/toys/classic-games/4171_4191_2084995"
            ],
            [
                "Family Games",
                "/browse/toys/family-games/4171_4191_2335373_2204878"
            ],
            [
                "All Board Games",
                "/browse/toys/all-board-games/4171_4191_133123_4497274"
            ],
            [
                "Only at Walmart Games & Puzzles",
                "/browse/toys/only-at-walmart-games-puzzles/4171_4191_6786083"
            ],
            [
                "Toys for Kids 12 Years & Up",
                "/browse/toys/toys-for-kids-12-years-up/4171_3318550_1077724_6922509"
            ],
            [
                "Adult Games",
                "/browse/toys/adult-games/4171_4191_2335373_9523585"
            ]
        ]
    },
    {
        "title": "Buffalo Games Flights of Fantasy Dragon's Garden 1000 Piece Jigsaw Puzzle",
        "url": "https://www.walmart.com/ip/Buffalo-Games-Flights-of-Fantasy-Dragon-s-Garden-1000-Piece-Jigsaw-Puzzle/664595263",
        "price": "$10.97",
        "stars": 0,
        "ratings": 0,
        "img": "i5.walmartimages.com/asr/51e6655f-2492-4d56-89c6-0c70c86d6649_1.703145a85322de365c0aca26a580390d.jpeg?odnWidth=612&odnHeight=612&odnBg=ffffff",
        "tags": [
            [
                "500 Piece Jigsaws",
                "/browse/toys/500-piece-jigsaws/4171_4191_163840_2972767"
            ],
            [
                "750 Piece Jigsaws",
                "/browse/toys/750-piece-jigsaws/4171_4191_163840_4166037"
            ],
            [
                "300 Piece Jigsaws",
                "/browse/toys/300-piece-jigsaws/4171_4191_163840_4640812"
            ],
            [
                "Jigsaw Puzzles",
                "/browse/toys/jigsaw-puzzles/4171_4191_163840_4981610"
            ],
            [
                "Ravensburger Puzzles",
                "/browse/toys/ravensburger-puzzles/4171_4191_163840_2713586_6289252"
            ],
            [
                "Kids Puzzles",
                "/browse/toys/kids-puzzles/4171_4191_163840_6928209"
            ],
            [
                "Ceaco Shelf",
                "/browse/toys/ceaco-shelf/4171_4191_163840_7820798"
            ],
            [
                "Unicorn Games and Puzzles",
                "/browse/toys/unicorn-games-puzzles/4171_4209468_8346385"
            ]
        ]
    }
]