[
    {
        "title": "Cool Maker - JoJo Siwa Bow Maker with Rainbow and Unicorn Patterns, for Ages 6 and up (Edition May Vary)",
        "url": "https://www.walmart.com/ip/Cool-Maker-JoJo-Siwa-Bow-Maker-with-Rainbow-and-Unicorn-Patterns-for-Ages-6-and-up-Edition-May-Vary/950708715",
        "price": "$24.97",
        "stars": "3.9",
        "ratings": "111 ",
        "img": "i5.walmartimages.com/asr/ea063549-b1ec-45b8-a42b-2c7587c5e2e3_1.f42f5a9896847e54a4c963003701a760.jpeg?odnWidth=612&odnHeight=612&odnBg=ffffff",
        "tags": [
            [
                "Doll Clothes & Accessories",
                "/browse/toys/doll-clothes-accessories/4171_4187_1074304"
            ],
            [
                "Jojo Siwa Toys",
                "/browse/toys/jojo-siwa-toys/4171_7357538_2646145"
            ],
            [
                "Hair, Nail & Spa Toys",
                "/browse/toys/hair-nail-spa-toys/4171_645779_2990448"
            ],
            [
                "Cool Maker",
                "/browse/toys/cool-maker/4171_645779_3371021"
            ],
            [
                "Nickelodeon Slime",
                "/browse/toys/nickelodeon-slime/4171_645779_2165088_3447161"
            ],
            [
                "DIY Slime Kits",
                "/browse/toys/diy-slime-kits/4171_645779_2165088_6010655"
            ],
            [
                "Pre-Made Slime Shop",
                "/browse/toys/pre-made-slime-shop/4171_645779_2165088_9237203"
            ],
            [
                "All Kids Jewelry Making Kits",
                "/browse/toys/all-kids-jewelry-making-kits/4171_645779_9564789_9869340"
            ]
        ]
    },
    {
        "title": "Cry Babies Good Night Coney Doll",
        "url": "https://www.walmart.com/ip/Cry-Babies-Good-Night-Coney-Doll/171735463",
        "price": "$24.88",
        "stars": "4.0",
        "ratings": "28 ",
        "img": "i5.walmartimages.com/asr/5ab652f1-4462-473f-8068-6e805a45f738.f642b3186464ad83510a6697546acff1.jpeg?odnWidth=612&odnHeight=612&odnBg=ffffff",
        "tags": []
    },
    {
        "title": "Hairdorables 18\" Mystery Fashion Doll - Noah",
        "url": "https://www.walmart.com/ip/Hairdorables-18-Mystery-Fashion-Doll-Noah/376340877",
        "price": "$33.45",
        "stars": "3.5",
        "ratings": "2 ",
        "img": "i5.walmartimages.com/asr/dc9290ba-a000-4700-8d8c-2c4879258d00_1.044e2e5b5f8b69548eb8267b8305ac7d.jpeg?odnWidth=612&odnHeight=612&odnBg=ffffff",
        "tags": [
            [
                "Shop Toys by Price",
                "/browse/shop-toys-by-price/4171_1263324"
            ],
            [
                "Collectible Dolls",
                "/browse/toys/collectible-dolls/4171_4187_6904958_132911"
            ],
            [
                "Jojo Siwa Toys",
                "/browse/toys/jojo-siwa-toys/4171_7357538_2646145"
            ],
            [
                "Dolls & Dollhouses",
                "/browse/toys/dolls-dollhouses/4171_4187_4800686"
            ],
            [
                "Hairdorables Dolls",
                "/browse/toys/hairdorables-dolls/4171_4187_8051423_5159518"
            ],
            [
                "LOL Surprise Dolls",
                "/browse/toys/lol-surprise-dolls/4171_4187_2618388_5940516"
            ],
            [
                "Fashion Dolls",
                "/browse/toys/fashion-dolls/4171_4187_8051423_7344622"
            ],
            [
                "Toys for Kids 5 to 7 Years",
                "/browse/toys/toys-for-kids-5-to-7-years/4171_3318550_617941_8920388"
            ]
        ]
    },
    {
        "title": "My Life As 18-inch Poseable Horse Play Set for 18\" Dolls, 9 Pieces, Multiple Colors",
        "url": "https://www.walmart.com/ip/My-Life-As-18-inch-Poseable-Horse-Play-Set-for-18-Dolls-9-Pieces-Multiple-Colors/699647167",
        "price": "$27.97",
        "stars": "4.5",
        "ratings": "31 ",
        "img": "",
        "tags": []
    },
    {
        "title": "Kid Connection Deluxe Tea Party Set, 33 pieces",
        "url": "https://www.walmart.com/ip/Kid-Connection-Deluxe-Tea-Party-Set-33-pieces/265449014",
        "price": "$9.97",
        "stars": "4.6",
        "ratings": "20 ",
        "img": "i5.walmartimages.com/asr/7251bfca-4c55-4405-b9f6-8cfc9e2710fe.6ffd2bad7f75b801ceea9fe17d259a74.jpeg?odnWidth=612&odnHeight=612&odnBg=ffffff",
        "tags": []
    },
    {
        "title": "Barbie Fashionistas Doll, Blonde Hair with Wheelchair & Ramp",
        "url": "https://www.walmart.com/ip/Barbie-Fashionistas-Doll-Blonde-Hair-with-Wheelchair-Ramp/495743185",
        "price": "$15.18",
        "stars": "4.7",
        "ratings": "52 ",
        "img": "i5.walmartimages.com/asr/43f07499-fd5c-4ed0-b0ee-dab7b23c7a94_1.b92f75113bfb69fca880fb8b7dd38296.jpeg?odnWidth=612&odnHeight=612&odnBg=ffffff",
        "tags": [
            [
                "Barbie Careers",
                "/browse/toys/barbie-careers/4171_4187_1953337_8898526_1290769"
            ],
            [
                "Barbie Ken",
                "/browse/toys/barbie-ken/4171_4187_1953337_8898526_5770278"
            ],
            [
                "Barbie Sisters, Friends, & Pets",
                "/browse/toys/barbie-sisters-friends-pets/4171_4187_1953337_8898526_6830678"
            ],
            [
                "Fashion Dolls",
                "/browse/toys/fashion-dolls/4171_4187_8051423_7344622"
            ],
            [
                "All Barbie Dolls",
                "/browse/toys/all-barbie-dolls/4171_4187_1953337_8898526_7849876"
            ],
            [
                "Barbie Fashionistas",
                "/browse/toys/barbie-fashionistas/4171_4187_1953337_8898526_7986857"
            ],
            [
                "Barbie Doll Playsets",
                "/browse/toys/barbie-doll-playsets/4171_4187_1953337_8371277"
            ],
            [
                "All Barbie",
                "/browse/toys/all-barbie/4171_4187_1953337_8661247"
            ]
        ]
    },
    {
        "title": "Dynacraft 16\" Barbie Girls' Bike",
        "url": "https://www.walmart.com/ip/Dynacraft-16-Barbie-Girls-Bike/53256710",
        "price": "$84.00",
        "stars": "4.2",
        "ratings": "333 ",
        "img": "i5.walmartimages.com/asr/fcc48158-efc1-403e-a834-55ab77ce58fb_1.eb3368946f61dc415a15438ffee31edb.jpeg?odnWidth=612&odnHeight=612&odnBg=ffffff",
        "tags": [
            [
                "Kids' Tricycles",
                "/browse/sports-outdoors/kids-tricycles/4125_1081404_9240575_1229904"
            ],
            [
                "Huffy BMX Bikes",
                "/browse/sports-outdoors/huffy-bmx-bikes/4125_1081404_6972181_9379318_5152094"
            ],
            [
                "Bike Pads",
                "/browse/sports-outdoors/bike-pads/4125_1081404_7258752_5248669"
            ],
            [
                "Bike Helmets",
                "/browse/sports-outdoors/bike-helmets/4125_1081404_7258752_6249551"
            ],
            [
                "Kids' Mountain Bikes",
                "/browse/sports-outdoors/kids-mountain-bikes/4125_1081404_9240575_6512934"
            ],
            [
                "Bicycles with Training Wheels",
                "/browse/sports-outdoors/bicycles-with-training-wheels/4125_1081404_9240575_7312004"
            ],
            [
                "Kids' BMX Bikes",
                "/browse/sports-outdoors/kids-bmx-bikes/4125_1081404_9240575_7577999"
            ],
            [
                "Huffy Kid's Bikes",
                "/browse/sports-outdoors/huffy-kids-bikes/4125_1081404_6972181_9379318_7984252"
            ]
        ]
    },
    {
        "title": "Step2 Little Bakers Kids Play Kitchen with 30 Piece Accessory Play Set",
        "url": "https://www.walmart.com/ip/Step2-Little-Bakers-Kids-Play-Kitchen-with-30-Piece-Accessory-Play-Set/23756695",
        "price": "$104.99",
        "stars": "4.6",
        "ratings": "539 ",
        "img": "i5.walmartimages.com/asr/03da669b-1f87-4f42-acc8-4f22200a8838_1.c63061ce04a86e9dd767b5c7622b9452.jpeg?odnWidth=612&odnHeight=612&odnBg=ffffff",
        "tags": [
            [
                "KidKraft",
                "/browse/toys/kidkraft/4171_3438149_3485234"
            ],
            [
                "Pretend Play Toys for Boys",
                "/browse/toys/pretend-play-toys-for-boys/4171_4173_3613401"
            ],
            [
                "Little Tikes Pretend Play",
                "/browse/toys/little-tikes-pretend-play/4171_3438149_4985035_4171032"
            ],
            [
                "KidKraft Kitchens",
                "/browse/toys/kidkraft-kitchens/4171_4173_3287807_4930997"
            ],
            [
                "Step 2 Pretend Play",
                "/browse/toys/step-2-pretend-play/4171_3438149_8310559_6701658"
            ],
            [
                "Step2 Kitchens",
                "/browse/toys/step2-kitchens/4171_4173_3287807_7245309"
            ],
            [
                "Fisher Price Pretend Play",
                "/browse/toys/fisher-price-pretend-play/4171_4173_7354985"
            ]
        ]
    },
    {
        "title": "Cry Babies Magic Tears Winged House Surprise Collectable Doll",
        "url": "https://www.walmart.com/ip/Cry-Babies-Magic-Tears-Winged-House-Surprise-Collectable-Doll/312617680",
        "price": "$9.69",
        "stars": "4.3",
        "ratings": "34 ",
        "img": "",
        "tags": [
            [
                "Shop Toys by Price",
                "/browse/shop-toys-by-price/4171_1263324"
            ],
            [
                "Collectible Dolls",
                "/browse/toys/collectible-dolls/4171_4187_6904958_132911"
            ],
            [
                "Baby Dolls",
                "/browse/toys/baby-dolls/4171_4187_133124"
            ],
            [
                "Baby Born Dolls",
                "/browse/toys/baby-born-dolls/4171_4187_3415121_1928976"
            ],
            [
                "Dolls & Dollhouses",
                "/browse/toys/dolls-dollhouses/4171_4187_4800686"
            ],
            [
                "Baby Alive Dolls",
                "/browse/toys/baby-alive-dolls/4171_4187_3415121_6827919"
            ],
            [
                "Fashion Dolls",
                "/browse/toys/fashion-dolls/4171_4187_8051423_7344622"
            ],
            [
                "Toys for Kids 5 to 7 Years",
                "/browse/toys/toys-for-kids-5-to-7-years/4171_3318550_617941_8920388"
            ]
        ]
    },
    {
        "title": "VTech Busy Learners Activity Cube, Learning Toy for Infant Toddlers",
        "url": "https://www.walmart.com/ip/VTech-Busy-Learners-Activity-Cube-Learning-Toy-for-Infant-Toddlers/55432660",
        "price": "$16.19",
        "stars": "4.8",
        "ratings": "62 ",
        "img": "i5.walmartimages.com/asr/956289a8-ae7f-4fbe-8299-25e33af8b0ac.77314611ad45e5f232c5ba36b0ada430.jpeg?odnWidth=612&odnHeight=612&odnBg=ffffff",
        "tags": [
            [
                "Ages 0-12 months",
                "/browse/baby/ages-0-12-months/5427_491351_1081264"
            ],
            [
                "Ages 12-24 months",
                "/browse/baby/ages-12-24-months/5427_491351_1081284"
            ],
            [
                "Baby and Toddler Music Toys",
                "/browse/baby/baby-toddler-music-toys/5427_491351_164198"
            ],
            [
                "12-18 Month Toys",
                "/browse/baby/12-18-month-toys/5427_491351_2793475"
            ],
            [
                "Baby Toys, Book & Keepsakes",
                "/browse/baby/baby-toys-book-keepsakes/5427_538387_3565221"
            ],
            [
                "Fisher Price Baby Toys",
                "/browse/baby/fisher-price-baby-toys/5427_491351_3913250"
            ],
            [
                "Baby Crib Toys",
                "/browse/baby/baby-crib-toys/5427_491351_5068490"
            ],
            [
                "Vtech Baby and Toddler Toys",
                "/browse/baby/vtech-baby-toddler-toys/5427_491351_9427535"
            ]
        ]
    }
]