[
    {
        "title": "LEGO Star Wars: A New Hope Luke Skywalker?s Landspeeder 75271 Building Kit, Collectible Set (236 Pieces)",
        "url": "https://www.walmart.com/ip/LEGO-Star-Wars-A-New-Hope-Luke-Skywalker-s-Landspeeder-75271-Building-Kit-Collectible-Set-236-Pieces/838777662",
        "price": "$29.93",
        "stars": "4.5",
        "ratings": "11 ",
        "img": "i5.walmartimages.com/asr/c716a3b1-d266-4d70-9c49-6afa33684e30_3.9db5f981521167840f54ccf87957d0e2.jpeg?odnWidth=612&odnHeight=612&odnBg=ffffff",
        "tags": [
            [
                "LEGO Easter Building Sets",
                "/browse/toys/lego-easter-building-sets/4171_4186_1105635_2668753"
            ],
            [
                "LEGO Star Wars Building Sets",
                "/browse/toys/lego-star-wars-building-sets/4171_4186_1105635_3578631"
            ],
            [
                "Building Sets for Boys",
                "/browse/toys/building-sets-for-boys/4171_1228478_4255542"
            ],
            [
                "Star Wars Toys",
                "/browse/toys/star-wars-toys/4171_7357538_4426623"
            ],
            [
                "LEGO Sets Ages 12+",
                "/browse/toys/lego-sets-ages-12/4171_4186_1105635_4836372"
            ],
            [
                "Building Toys Ages 8 to 11",
                "/browse/toys/building-toys-ages-8-to-11/4171_4186_6416592"
            ],
            [
                "LEGO Sets Ages 8 to 11",
                "/browse/toys/lego-sets-ages-8-to-11/4171_4186_1105635_6901070"
            ],
            [
                "Building Toys Ages 12+",
                "/browse/toys/building-toys-ages-12/4171_4186_9012439"
            ]
        ]
    },
    {
        "title": "Marvel Avengers Bend And Flex Black Panther, Includes Blast Accessory",
        "url": "https://www.walmart.com/ip/Marvel-Avengers-Bend-And-Flex-Black-Panther-Includes-Blast-Accessory/167829862",
        "price": "$9.84",
        "stars": "4.6",
        "ratings": "40 ",
        "img": "i5.walmartimages.com/asr/41d09d94-f929-48e6-b5f7-80df76e76826_1.b06cc36bda39cc72b903a5755c9c0a83.jpeg?odnWidth=612&odnHeight=612&odnBg=ffffff",
        "tags": [
            [
                "All Action Figures",
                "/browse/toys/all-action-figures/4171_4172_133130"
            ],
            [
                "Avengers Action Figures",
                "/browse/toys/avengers-action-figures/4171_4172_4065038"
            ],
            [
                "Marvel Role Play",
                "/browse/toys/marvel-role-play/4171_4172_4246921_4722086"
            ],
            [
                "Black Panther Toys",
                "/browse/toys/black-panther-toys/4171_7357538_7330704"
            ],
            [
                "Captain Marvel Toys",
                "/browse/toys/captain-marvel-toys/4171_7357538_7391829"
            ],
            [
                "Spider-Man Action Figures",
                "/browse/toys/spider-man-action-figures/4171_4172_8141389"
            ],
            [
                "Toys for age  2-4  boys",
                "/browse/toys/toys-for-age-2-4-boys/4171_3318550_7016108_8955316"
            ],
            [
                "Marvel Action Figures",
                "/browse/toys/marvel-action-figures/4171_4172_9404197"
            ]
        ]
    },
    {
        "title": "Disney Frozen 2 Deluxe Lights And Sounds Activity Ride-On",
        "url": "https://www.walmart.com/ip/Disney-Frozen-2-Deluxe-Lights-And-Sounds-Activity-Ride-On/803741570",
        "price": "$34.84",
        "stars": "5.0",
        "ratings": "8 ",
        "img": "",
        "tags": [
            [
                "Push Cars",
                "/browse/toys/push-cars/4171_133073_6774653_4137853_1305849"
            ],
            [
                "Frozen Ride Ons",
                "/browse/toys/frozen-ride-ons/4171_133073_6774653_6489011_1583178"
            ],
            [
                "All Disney Toys",
                "/browse/toys/all-disney-toys/4171_6909449_1773797"
            ],
            [
                "All Frozen Toys",
                "/browse/toys/all-frozen-toys/4171_7357538_6091150_4557348"
            ],
            [
                "Foot to Floor Ride Ons",
                "/browse/toys/foot-to-floor-ride-ons/4171_133073_6774653_4137853_4927746"
            ],
            [
                "Toys for 1 year old",
                "/browse/toys/toys-for-1-year-old/4171_3318550_8469931_6921641"
            ],
            [
                "Peppa Pig Toys",
                "/browse/toys/peppa-pig-toys/4171_7357538_7335912"
            ]
        ]
    },
    {
        "title": "Disney/Pixar Monsters, Inc. Mike Wazowski & Boo Figures",
        "url": "https://www.walmart.com/ip/Disney-Pixar-Monsters-Inc-Mike-Wazowski-Boo-Figures/848362416",
        "price": "$9.84",
        "stars": "4.6",
        "ratings": "18 ",
        "img": "i5.walmartimages.com/asr/c8f63af4-0bdc-4479-be69-bbee3c7182b4_1.e55a0254b34cf2cda0bdc0a56ad33cd4.jpeg?odnWidth=612&odnHeight=612&odnBg=ffffff",
        "tags": [
            [
                "All Stuffed Animals & Plush",
                "/browse/toys/all-stuffed-animals-plush/4171_2724815_132874"
            ],
            [
                "Monsters Inc Toys",
                "/browse/toys/monsters-inc-toys/4171_7357538_2141476"
            ],
            [
                "Nendoroid",
                "/browse/toys/nendoroid/4171_9400636_8149853_7024394_2272702"
            ],
            [
                "Stuffed Animals for Girls",
                "/browse/toys/stuffed-animals-for-girls/4171_2724815_3975865"
            ],
            [
                "Disney Action Figures",
                "/browse/toys/disney-action-figures/4171_4172_5217603"
            ],
            [
                "Car Toys",
                "/browse/toys/car-toys/4171_1111647_132910_7297605"
            ],
            [
                "Stuffed Animals for Boys",
                "/browse/toys/stuffed-animals-for-boys/4171_2724815_9211121"
            ],
            [
                "Good Smile Company Figures",
                "/browse/toys/good-smile-company-figures/4171_4172_9701681"
            ]
        ]
    },
    {
        "title": "Disney Princess Style Collection World Traveler Purse Set Bag with Strap, Sunglasses, Key with Charm, 5 Coins & 8 Paper Bills for Girls Ages 3+",
        "url": "https://www.walmart.com/ip/Disney-Princess-Style-Collection-World-Traveler-Purse-Set-Bag-with-Strap-Sunglasses-Key-with-Charm-5-Coins-8-Paper-Bills-for-Girls-Ages-3/919599466",
        "price": "$12.88",
        "stars": "4.3",
        "ratings": "11 ",
        "img": "i5.walmartimages.com/asr/c80bf7b5-bfda-46bd-9179-ac770dc835c0.26cffc57efc4f636116aa229b8c60b78.jpeg?odnWidth=612&odnHeight=612&odnBg=ffffff",
        "tags": []
    },
    {
        "title": "Star Wars: A New Hope Obi-Wan\u2019s Hut 75270 Adventure Building Toy for Children 7+ (200 pieces)",
        "url": "https://www.walmart.com/ip/Star-Wars-A-New-Hope-Obi-Wan-s-Hut-75270-Adventure-Building-Toy-for-Children-7-200-pieces/979544631",
        "price": "$27.49",
        "stars": "4.5",
        "ratings": "20 ",
        "img": "i5.walmartimages.com/asr/f43877b0-f81b-4ad9-b3e1-62334d589f3f.2f829517ff1527085b04dc8539a3f3b0.jpeg?odnWidth=612&odnHeight=612&odnBg=ffffff",
        "tags": [
            [
                "LEGO Easter Building Sets",
                "/browse/toys/lego-easter-building-sets/4171_4186_1105635_2668753"
            ],
            [
                "LEGO Star Wars Building Sets",
                "/browse/toys/lego-star-wars-building-sets/4171_4186_1105635_3578631"
            ],
            [
                "Building Sets for Boys",
                "/browse/toys/building-sets-for-boys/4171_1228478_4255542"
            ],
            [
                "Star Wars Toys",
                "/browse/toys/star-wars-toys/4171_7357538_4426623"
            ],
            [
                "LEGO Sets Ages 12+",
                "/browse/toys/lego-sets-ages-12/4171_4186_1105635_4836372"
            ],
            [
                "Building Toys Ages 8 to 11",
                "/browse/toys/building-toys-ages-8-to-11/4171_4186_6416592"
            ],
            [
                "LEGO Sets Ages 8 to 11",
                "/browse/toys/lego-sets-ages-8-to-11/4171_4186_1105635_6901070"
            ],
            [
                "Building Toys Ages 12+",
                "/browse/toys/building-toys-ages-12/4171_4186_9012439"
            ]
        ]
    },
    {
        "title": "Funko POP! The Mandalorian - Baby Yoda The Child Vinyl Figure",
        "url": "https://www.walmart.com/ip/Funko-POP-The-Mandalorian-Baby-Yoda-The-Child-Vinyl-Figure/266196815",
        "price": "$10.98",
        "stars": "4.5",
        "ratings": "66 ",
        "img": "i5.walmartimages.com/asr/8b0cb1dc-19df-4aa2-99c2-9fe46b2c85bf_1.fd362b7d91cab43adec6da09827bf706.png?odnWidth=612&odnHeight=612&odnBg=ffffff",
        "tags": [
            [
                "Bobble Heads",
                "/browse/toys/bobble-heads/4171_4172_1224720"
            ],
            [
                "Star Wars Action Figures",
                "/browse/toys/star-wars-action-figures/4171_4172_1606899"
            ],
            [
                "Star Wars Funko Pop",
                "/browse/toys/star-wars-funko-pop/4171_4172_4294413_1837376"
            ],
            [
                "Funko Collectibles",
                "/browse/toys/funko-collectibles/4171_2229239_8665809_2752400"
            ],
            [
                "Walmart Exclusive Funko Pop",
                "/browse/toys/walmart-exclusive-funko-pop/4171_4172_4294413_2884519"
            ],
            [
                "Star Wars Toys",
                "/browse/toys/star-wars-toys/4171_7357538_4426623"
            ],
            [
                "Toys for 2 year olds",
                "/browse/toys/toys-for-2-year-olds/4171_3318550_7016108_7131451"
            ],
            [
                "Toys for 3 year olds",
                "/browse/toys/toys-for-3-year-olds/4171_3318550_7016108_9012469"
            ]
        ]
    },
    {
        "title": "LEGO Marvel Avengers: Avengers Tower Battle 76166 Brick Building Toy with Action Scenes (687 Pieces)",
        "url": "https://www.walmart.com/ip/LEGO-Marvel-Avengers-Avengers-Tower-Battle-76166-Brick-Building-Toy-with-Action-Scenes-687-Pieces/446231600",
        "price": "$89.95",
        "stars": "4.7",
        "ratings": "15 ",
        "img": "i5.walmartimages.com/asr/afcd6361-7634-4bf2-9bf6-b2fba89258f2.cc484b08936b4e5901c9b4650b89545b.jpeg?odnWidth=612&odnHeight=612&odnBg=ffffff",
        "tags": [
            [
                "Avengers Action Figures",
                "/browse/toys/avengers-action-figures/4171_4172_4065038"
            ],
            [
                "Gifts for 4 year old boy",
                "/browse/toys/gifts-for-4-year-old-boy/4171_3318550_7016108_4071474"
            ],
            [
                "LEGO Avengers",
                "/browse/toys/lego-avengers/4171_4186_1105635_5556183"
            ],
            [
                "Toys for 4 year olds",
                "/browse/toys/toys-for-4-year-olds/4171_3318550_7016108_6734866"
            ],
            [
                "Toddler Boy Toys",
                "/browse/toys/toddler-boy-toys/4171_3318550_8469931_7166821"
            ],
            [
                "All Building Play Sets",
                "/browse/toys/all-building-play-sets/4171_4186_1345489_7237730"
            ],
            [
                "Toys for 3 year olds",
                "/browse/toys/toys-for-3-year-olds/4171_3318550_7016108_9012469"
            ],
            [
                "Toys for 4 year old boys",
                "/browse/toys/toys-for-4-year-old-boys/4171_3318550_7016108_9088809"
            ]
        ]
    },
    {
        "title": "Minnie Mouse Activity Table, For Ages 3+",
        "url": "https://www.walmart.com/ip/Minnie-Mouse-Activity-Table-For-Ages-3/721845255",
        "price": "$14.84",
        "stars": "5.0",
        "ratings": "11 ",
        "img": "i5.walmartimages.com/asr/a57f432c-235e-464c-806a-c25b760e29bc.70fb61a50919ae012e3262126f37b73c.jpeg?odnWidth=612&odnHeight=612&odnBg=ffffff",
        "tags": []
    },
    {
        "title": "Jada Toys- Toy Story 4 R/C Turbo Buggy- Woody",
        "url": "https://www.walmart.com/ip/Jada-Toys-Toy-Story-4-R-C-Turbo-Buggy-Woody/753586482",
        "price": "$19.97",
        "stars": "3.5",
        "ratings": "113 ",
        "img": "i5.walmartimages.com/asr/1dda12da-4b2e-4b6c-b79a-77187234e240_1.bb0aaf6035fbc15b08b040284d8e44ac.jpeg?odnWidth=612&odnHeight=612&odnBg=ffffff",
        "tags": [
            [
                "RC Toys by Price",
                "/browse/toys/rc-toys-by-price/4171_1111647_3436383_1341660"
            ],
            [
                "RC Toys by Vehicle Type",
                "/browse/toys/rc-toys-by-vehicle-type/4171_1111647_3436383_2702261"
            ],
            [
                "RC Cars and Vehicles",
                "/browse/toys/rc-cars-vehicles/4171_1111647_3436383_433927"
            ],
            [
                "Disney Action Figures",
                "/browse/toys/disney-action-figures/4171_4172_5217603"
            ],
            [
                "Jada Toys RC",
                "/browse/toys/jada-toys-rc/4171_1111647_3436383_5930790"
            ],
            [
                "RC Toys by Brand",
                "/browse/toys/rc-toys-by-brand/4171_1111647_3436383_8304402"
            ],
            [
                "Fisher Price Preschool Toys",
                "/browse/toys/fisher-price-preschool-toys/4171_1077545_8882678"
            ],
            [
                "Imaginext Toy Story",
                "/browse/toys/imaginext-toy-story/4171_4172_1574302_9096511"
            ]
        ]
    }
]