[
    {
        "title": "Ghostbusters 12\" Angry Stay Puft Talking Plush",
        "url": "https://www.walmart.com/ip/Ghostbusters-12-Angry-Stay-Puft-Talking-Plush/154178325",
        "price": "$23.99",
        "stars": "5.0",
        "ratings": "1 ",
        "img": "i5.walmartimages.com/asr/37bf0a35-6208-48d5-9396-1394b01414e2.b1b583bdee1c3ccba668bf0d3100aeb4.jpeg?odnWidth=612&odnHeight=612&odnBg=ffffff",
        "tags": [
            [
                "Funko Pop Movies",
                "/browse/toys/funko-pop-movies/4171_4172_4294413_1742485"
            ],
            [
                "Shop All Playmobil",
                "/browse/toys/shop-all-playmobil/4171_4186_1345489_1682540_1938735"
            ],
            [
                "Building Toys Ages 5 to 7",
                "/browse/toys/building-toys-ages-5-to-7/4171_4186_3153072"
            ],
            [
                "Building Toys Ages 8 to 11",
                "/browse/toys/building-toys-ages-8-to-11/4171_4186_6416592"
            ],
            [
                "All Building Play Sets",
                "/browse/toys/all-building-play-sets/4171_4186_1345489_7237730"
            ],
            [
                "Ghostbusters Funko Pop",
                "/browse/toys/ghostbusters-funko-pop/4171_4172_4294413_8067079"
            ],
            [
                "Pre-Made Slime Shop",
                "/browse/toys/pre-made-slime-shop/4171_645779_2165088_9237203"
            ]
        ]
    },
    {
        "title": "Stranger Things POP Vinyl Figure: Will",
        "url": "https://www.walmart.com/ip/Stranger-Things-POP-Vinyl-Figure-Will/55223753",
        "price": "$25.95",
        "stars": "4.0",
        "ratings": "1 ",
        "img": "i5.walmartimages.com/asr/dfe0a294-d9fe-4371-a35e-c80a51267c86.4f46400655104e25cb3317771f4a33b5.jpeg?odnWidth=612&odnHeight=612&odnBg=ffffff",
        "tags": [
            [
                "Bobble Heads",
                "/browse/toys/bobble-heads/4171_4172_1224720"
            ],
            [
                "Toys for Babies 0 to 12 Months",
                "/browse/toys/toys-for-babies-0-to-12-months/4171_3318550_8469931_2442095"
            ],
            [
                "Toys for 7 year olds",
                "/browse/toys/toys-for-7-year-olds/4171_3318550_617941_3721951"
            ],
            [
                "Ghostbusters Toys",
                "/browse/toys/ghostbusters-toys/4171_2065565_4138884"
            ],
            [
                "Stranger Things All Toys",
                "/browse/toys/stranger-things-all-toys/4171_7357538_3543750_6612531"
            ],
            [
                "Stranger Things Funko Pop",
                "/browse/toys/stranger-things-funko-pop/4171_7357538_3543750_7970893"
            ],
            [
                "Ghostbusters Funko Pop",
                "/browse/toys/ghostbusters-funko-pop/4171_4172_4294413_8067079"
            ],
            [
                "Funko Pop TV",
                "/browse/toys/funko-pop-tv/4171_4172_4294413_9626096"
            ]
        ]
    },
    {
        "title": "Epic Nitro Turbo Purple Quad Speed Skates",
        "url": "https://www.walmart.com/ip/Epic-Nitro-Turbo-Purple-Quad-Speed-Skates/56218824",
        "price": "$56.51",
        "stars": "4.4",
        "ratings": "5 ",
        "img": "i5.walmartimages.com/asr/4711bd41-2c39-46f9-a07f-5facefc57649.321d665e0791d55c460ca584e4e6c0c5.jpeg?odnWidth=612&odnHeight=612&odnBg=ffffff",
        "tags": [
            [
                "Sports & Duffel Bags",
                "/browse/sports-outdoors/sports-duffel-bags/4125_4161_1043958"
            ],
            [
                "Golf Balls",
                "/browse/sports-outdoors/golf-balls/4125_4161_4152_5208"
            ],
            [
                "Bike Pads",
                "/browse/sports-outdoors/bike-pads/4125_1081404_7258752_5248669"
            ],
            [
                "Skate Wheels",
                "/browse/sports-outdoors/skate-wheels/4125_1224931_7628560_8241867_5339242"
            ],
            [
                "Skateboard Parts",
                "/browse/sports-outdoors/skateboard-parts/4125_1224931_7628560_3297420_5930613"
            ],
            [
                "Bike Helmets",
                "/browse/sports-outdoors/bike-helmets/4125_1081404_7258752_6249551"
            ],
            [
                "Golf Complete Sets",
                "/browse/sports-outdoors/golf-complete-sets/4125_4161_4152_7064140_6797627"
            ],
            [
                "Inline Skates",
                "/browse/sports-outdoors/inline-skates/4125_1224931_7628560_8241867_8914833"
            ]
        ]
    },
    {
        "title": "Riedell Dart Pixel Roller Skate Set",
        "url": "https://www.walmart.com/ip/Riedell-Dart-Pixel-Roller-Skate-Set/605998042",
        "price": "$149.99",
        "stars": 0,
        "ratings": 0,
        "img": "i5.walmartimages.com/asr/e797d7b4-88ad-47bf-83eb-c6f8c35d0ce9_1.33c5ec941b65dccc0ef78cc95f4c0ff2.png?odnWidth=612&odnHeight=612&odnBg=ffffff",
        "tags": [
            [
                "Sports & Duffel Bags",
                "/browse/sports-outdoors/sports-duffel-bags/4125_4161_1043958"
            ],
            [
                "Golf Balls",
                "/browse/sports-outdoors/golf-balls/4125_4161_4152_5208"
            ],
            [
                "Bike Pads",
                "/browse/sports-outdoors/bike-pads/4125_1081404_7258752_5248669"
            ],
            [
                "Skate Wheels",
                "/browse/sports-outdoors/skate-wheels/4125_1224931_7628560_8241867_5339242"
            ],
            [
                "Skateboard Parts",
                "/browse/sports-outdoors/skateboard-parts/4125_1224931_7628560_3297420_5930613"
            ],
            [
                "Bike Helmets",
                "/browse/sports-outdoors/bike-helmets/4125_1081404_7258752_6249551"
            ],
            [
                "Inline Skates",
                "/browse/sports-outdoors/inline-skates/4125_1224931_7628560_8241867_8914833"
            ],
            [
                "Skateboard Helmets",
                "/browse/sports-outdoors/skateboard-helmets/4125_1224931_7628560_3297420_9909579"
            ]
        ]
    },
    {
        "title": "Vintage Quad Roller Skates Tee Women's -Image by Shutterstock",
        "url": "https://www.walmart.com/ip/Vintage-Quad-Roller-Skates-Tee-Women-s-Image-by-Shutterstock/306449123",
        "price": "$12.99",
        "stars": 0,
        "ratings": 0,
        "img": "i5.walmartimages.com/asr/6256fa3e-1d8d-4e58-9de0-03fdbe971b71_1.8145030d00e082a6cdb5431dfe099175.jpeg?odnWidth=612&odnHeight=612&odnBg=ffffff",
        "tags": [
            [
                "Sports & Duffel Bags",
                "/browse/sports-outdoors/sports-duffel-bags/4125_4161_1043958"
            ],
            [
                "Golf Balls",
                "/browse/sports-outdoors/golf-balls/4125_4161_4152_5208"
            ],
            [
                "Bike Pads",
                "/browse/sports-outdoors/bike-pads/4125_1081404_7258752_5248669"
            ],
            [
                "Skate Wheels",
                "/browse/sports-outdoors/skate-wheels/4125_1224931_7628560_8241867_5339242"
            ],
            [
                "Skateboard Parts",
                "/browse/sports-outdoors/skateboard-parts/4125_1224931_7628560_3297420_5930613"
            ],
            [
                "Bike Helmets",
                "/browse/sports-outdoors/bike-helmets/4125_1081404_7258752_6249551"
            ],
            [
                "Inline Skates",
                "/browse/sports-outdoors/inline-skates/4125_1224931_7628560_8241867_8914833"
            ],
            [
                "Skateboard Helmets",
                "/browse/sports-outdoors/skateboard-helmets/4125_1224931_7628560_3297420_9909579"
            ]
        ]
    },
    {
        "title": "Cabbage Patch Kids 9\" Butterfly Cutie",
        "url": "https://www.walmart.com/ip/Cabbage-Patch-Kids-9-Butterfly-Cutie/196357009",
        "price": "$17.99",
        "stars": "5.0",
        "ratings": "2 ",
        "img": "",
        "tags": [
            [
                "Baby Dolls",
                "/browse/toys/baby-dolls/4171_4187_133124"
            ],
            [
                "My Sweet Love",
                "/browse/toys/my-sweet-love/4171_4187_2554648"
            ],
            [
                "Dollhouses",
                "/browse/toys/dollhouses/4171_4187_4668261_4228645"
            ],
            [
                "Dolls & Dollhouses",
                "/browse/toys/dolls-dollhouses/4171_4187_4800686"
            ],
            [
                "Dragon Toys",
                "/browse/toys/dragon-toys/4171_7357538_5461952"
            ],
            [
                "Toys for age  2-4  girls",
                "/browse/toys/toys-for-age-2-4-girls/4171_3318550_7016108_5476489"
            ],
            [
                "My Sweet Love Baby Dolls",
                "/browse/toys/my-sweet-love-baby-dolls/4171_4187_3415121_5848569"
            ],
            [
                "Cabbage Patch Kids Dolls",
                "/browse/toys/cabbage-patch-kids-dolls/4171_4187_3415121_9846272"
            ]
        ]
    },
    {
        "title": "Transformers: Vintage G1 Cassette 2-Pack Decepticons Frenzy and Laserbeak",
        "url": "https://www.walmart.com/ip/Transformers-Vintage-G1-Cassette-2-Pack-Decepticons-Frenzy-and-Laserbeak/641642900",
        "price": "$51.73",
        "stars": "4.3",
        "ratings": "9 ",
        "img": "i5.walmartimages.com/asr/41abb661-19e5-4600-af6c-35ef4fdc41db_1.6036b6c27dd7a5c017868b91171678ef.jpeg?odnWidth=612&odnHeight=612&odnBg=ffffff",
        "tags": [
            [
                "Transformers Soundwave Action Figures",
                "/browse/toys/transformers-soundwave-action-figures/4171_4172_1726348"
            ],
            [
                "Transformers Bumblebee Action Figures",
                "/browse/toys/transformers-bumblebee-action-figures/4171_4172_2378689"
            ],
            [
                "Transformers Action Figures",
                "/browse/toys/transformers-action-figures/4171_7357538_2510286"
            ],
            [
                "Transformers Toys",
                "/browse/toys/transformers-toys/4171_4172_2616268"
            ],
            [
                "Transformers G1 Action Figures",
                "/browse/toys/transformers-g1-action-figures/4171_4172_5103029"
            ],
            [
                "Transformers Optimus Prime Action Figures",
                "/browse/toys/transformers-optimus-prime-action-figures/4171_4172_5297444"
            ],
            [
                "Transformers Studio Series",
                "/browse/toys/transformers-studio-series/4171_4172_5647346"
            ],
            [
                "Transformers Bumblebee Cyberverse Adventure Action Figures",
                "/browse/toys/transformers-bumblebee-cyberverse-adventure-action-figures/4171_4172_7857064"
            ]
        ]
    },
    {
        "title": "Transformers Generations War for Cybertron Micromaster WFC-E40 Decepticon Battle Squad",
        "url": "https://www.walmart.com/ip/Transformers-Generations-War-for-Cybertron-Micromaster-WFC-E40-Decepticon-Battle-Squad/802228503",
        "price": "$15.99",
        "stars": 0,
        "ratings": 0,
        "img": "i5.walmartimages.com/asr/08850111-f755-4579-a4af-25fdca39473e.b9424334bf19415e10d32d8cd2520fc8.jpeg?odnWidth=612&odnHeight=612&odnBg=ffffff",
        "tags": []
    },
    {
        "title": "Transformers: Bumblebee -- Energon Igniters Power Series Autobot Hot Rod",
        "url": "https://www.walmart.com/ip/Transformers-Bumblebee-Energon-Igniters-Power-Series-Autobot-Hot-Rod/926687857",
        "price": "$17.43",
        "stars": "4.8",
        "ratings": "4 ",
        "img": "i5.walmartimages.com/asr/3d95b0d2-7b15-49f3-8d5f-96de9fcfe7f1_1.2c732b2890aec27571b47bf85bd0a606.jpeg?odnWidth=612&odnHeight=612&odnBg=ffffff",
        "tags": [
            [
                "Transformers Megatron Action Figures",
                "/browse/toys/transformers-megatron-action-figures/4171_4172_1261291"
            ],
            [
                "Transformers Bumblebee Action Figures",
                "/browse/toys/transformers-bumblebee-action-figures/4171_4172_2378689"
            ],
            [
                "Transformers Action Figures",
                "/browse/toys/transformers-action-figures/4171_7357538_2510286"
            ],
            [
                "Transformers Toys",
                "/browse/toys/transformers-toys/4171_4172_2616268"
            ],
            [
                "Transformers Optimus Prime Action Figures",
                "/browse/toys/transformers-optimus-prime-action-figures/4171_4172_5297444"
            ],
            [
                "Transformers Studio Series",
                "/browse/toys/transformers-studio-series/4171_4172_5647346"
            ],
            [
                "Transformers Bumblebee Cyberverse Adventure Action Figures",
                "/browse/toys/transformers-bumblebee-cyberverse-adventure-action-figures/4171_4172_7857064"
            ],
            [
                "Playskool Transformers",
                "/browse/toys/playskool-transformers/4171_4172_1574302_9342581"
            ]
        ]
    },
    {
        "title": "Funko 5 Star: Ghostbusters - Winston Zeddemore",
        "url": "https://www.walmart.com/ip/Funko-5-Star-Ghostbusters-Winston-Zeddemore/925601946",
        "price": "$14.98",
        "stars": "4.7",
        "ratings": "3 ",
        "img": "i5.walmartimages.com/asr/5f33e90f-228e-4395-b520-e3da4f0d0f57_1.0cb7d758918208ec2492f222d1ce1628.png?odnWidth=612&odnHeight=612&odnBg=ffffff",
        "tags": [
            [
                "Funko Pop Movies",
                "/browse/toys/funko-pop-movies/4171_4172_4294413_1742485"
            ],
            [
                "Shop All Playmobil",
                "/browse/toys/shop-all-playmobil/4171_4186_1345489_1682540_1938735"
            ],
            [
                "Building Toys Ages 5 to 7",
                "/browse/toys/building-toys-ages-5-to-7/4171_4186_3153072"
            ],
            [
                "Ghostbusters Toys",
                "/browse/toys/ghostbusters-toys/4171_2065565_4138884"
            ],
            [
                "All Building Play Sets",
                "/browse/toys/all-building-play-sets/4171_4186_1345489_7237730"
            ],
            [
                "Pre-Made Slime Shop",
                "/browse/toys/pre-made-slime-shop/4171_645779_2165088_9237203"
            ],
            [
                "Funko 5 Star",
                "/browse/toys/funko-5-star/4171_4172_4294413_9555043"
            ]
        ]
    }
]