[
    {
        "title": "The Beadery Wonder Loom Kit, Gift for Kids, Includes 600 Rubber Bands",
        "url": "https://www.walmart.com/ip/The-Beadery-Wonder-Loom-Kit-Gift-for-Kids-Includes-600-Rubber-Bands/30652494",
        "price": "$10.89",
        "stars": "4.3",
        "ratings": "296 ",
        "img": "i5.walmartimages.com/asr/19cf0b59-866e-4d85-968e-f4c555e2f68e_1.5e93c6e1602555cc92bcef573323000f.jpeg?odnWidth=612&odnHeight=612&odnBg=ffffff",
        "tags": [
            [
                "Costumes & Dress Up",
                "/browse/toys/costumes-dress-up/4171_4173_164142"
            ],
            [
                "Hair, Nail & Spa Toys",
                "/browse/toys/hair-nail-spa-toys/4171_645779_2990448"
            ],
            [
                "Cool Maker",
                "/browse/toys/cool-maker/4171_645779_3371021"
            ],
            [
                "Quilting & Sewing Kits",
                "/browse/toys/quilting-sewing-kits/4171_645779_6317337"
            ],
            [
                "Toys for Kids 5 to 7 Years",
                "/browse/toys/toys-for-kids-5-to-7-years/4171_3318550_617941_8920388"
            ],
            [
                "Knitting & Weaving Kits",
                "/browse/toys/knitting-weaving-kits/4171_645779_8985243"
            ],
            [
                "Children's Paint and Paint Supplies",
                "/browse/toys/childrens-paint-paint-supplies/4171_645779_9646901"
            ],
            [
                "All Kids Jewelry Making Kits",
                "/browse/toys/all-kids-jewelry-making-kits/4171_645779_9564789_9869340"
            ]
        ]
    },
    {
        "title": "NKOK Ghostbusters RC Ecto-1 w/ Glowing Slimer",
        "url": "https://www.walmart.com/ip/NKOK-Ghostbusters-RC-Ecto-1-w-Glowing-Slimer/55294308",
        "price": "$60.94",
        "stars": "3.3",
        "ratings": "10 ",
        "img": "i5.walmartimages.com/asr/2791ed9d-a5d0-481f-a473-b19db88b541a_1.2088099eaee96549d8af0649d3866521.jpeg?odnWidth=612&odnHeight=612&odnBg=ffffff",
        "tags": [
            [
                "Shop All Playmobil",
                "/browse/toys/shop-all-playmobil/4171_4186_1345489_1682540_1938735"
            ],
            [
                "Building Toys Ages 5 to 7",
                "/browse/toys/building-toys-ages-5-to-7/4171_4186_3153072"
            ],
            [
                "Toys for 7 year olds",
                "/browse/toys/toys-for-7-year-olds/4171_3318550_617941_3721951"
            ],
            [
                "Toys for 6 year olds",
                "/browse/toys/toys-for-6-year-olds/4171_3318550_617941_4112798"
            ],
            [
                "Ghostbusters Toys",
                "/browse/toys/ghostbusters-toys/4171_2065565_4138884"
            ],
            [
                "Building Toys Ages 8 to 11",
                "/browse/toys/building-toys-ages-8-to-11/4171_4186_6416592"
            ],
            [
                "All Building Play Sets",
                "/browse/toys/all-building-play-sets/4171_4186_1345489_7237730"
            ]
        ]
    },
    {
        "title": "So Slime DIY - Premade Slime Mix'in Kit - Mix-in Figures, Beads, and More!",
        "url": "https://www.walmart.com/ip/So-Slime-DIY-Premade-Slime-Mix-in-Kit-Mix-in-Figures-Beads-and-More/405381474",
        "price": "$14.99",
        "stars": "5.0",
        "ratings": "1 ",
        "img": "i5.walmartimages.com/asr/249eb2b1-1657-42bf-a2ff-675b2a48a8f2_1.7d2c21e7720fc80bca03e1d258d19614.jpeg?odnWidth=612&odnHeight=612&odnBg=ffffff",
        "tags": [
            [
                "Pink Slime",
                "/browse/toys/pink-slime/4171_645779_2165088_2637606"
            ],
            [
                "Glitter Slime",
                "/browse/toys/glitter-slime/4171_645779_2165088_3252168"
            ],
            [
                "Nickelodeon Slime",
                "/browse/toys/nickelodeon-slime/4171_645779_2165088_3447161"
            ],
            [
                "Compound Kings Slime",
                "/browse/toys/compound-kings-slime/4171_645779_2165088_4470609"
            ],
            [
                "SlimyGloop Slime",
                "/browse/toys/slimygloop-slime/4171_645779_2165088_4477093"
            ],
            [
                "So Slime DIY",
                "/browse/toys/so-slime-diy/4171_645779_2165088_6055664"
            ],
            [
                "Crunchy Slime",
                "/browse/toys/crunchy-slime/4171_645779_2165088_6570164"
            ],
            [
                "Pre-Made Slime Shop",
                "/browse/toys/pre-made-slime-shop/4171_645779_2165088_9237203"
            ]
        ]
    },
    {
        "title": "Jack Richeson Rough Newsprint Paper Pas 100 Sheets 18X24",
        "url": "https://www.walmart.com/ip/Jack-Richeson-Rough-Newsprint-Paper-Pas-100-Sheets-18X24/46057065",
        "price": "$10.64",
        "stars": "5.0",
        "ratings": "1 ",
        "img": "i5.walmartimages.com/asr/931ba0c5-d1ee-45fe-8b8b-e5074c8f5f11_1.0d44d21b5dc7e93a7577413576766945.jpeg?odnWidth=612&odnHeight=612&odnBg=ffffff",
        "tags": [
            [
                "Mixed Media Paper",
                "/browse/arts-crafts-sewing/mixed-media-paper/1334134_5899871_9677556_1680813"
            ],
            [
                "All Art Paper",
                "/browse/arts-crafts-sewing/all-art-paper/1334134_5899871_9677556_3514948"
            ],
            [
                "Art Sketchbooks and Paper",
                "/browse/arts-crafts-sewing/art-sketchbooks-paper/1334134_5899871_1350721_5138397"
            ],
            [
                "Watercolor Paper",
                "/browse/arts-crafts-sewing/watercolor-paper/1334134_5899871_9677556_5219140"
            ],
            [
                "Charcoal Pencils",
                "/browse/arts-crafts-sewing/charcoal-pencils/1334134_5899871_8703361_8272602"
            ],
            [
                "Sketching Pencils",
                "/browse/arts-crafts-sewing/sketching-pencils/1334134_5899871_8703361_8944864"
            ],
            [
                "Palette Paper",
                "/browse/arts-crafts-sewing/palette-paper/1334134_5899871_9677556_9121126"
            ],
            [
                "Drawing Paper",
                "/browse/arts-crafts-sewing/drawing-paper/1334134_5899871_9677556_9414248"
            ]
        ]
    },
    {
        "title": "Creativity Street\u00ae Plastic Handle Colossal Paint Brush Assorted, Flat, 30/canister",
        "url": "https://www.walmart.com/ip/Creativity-Street-Plastic-Handle-Colossal-Paint-Brush-Assorted-Flat-30-canister/15601006",
        "price": "$19.99",
        "stars": "5.0",
        "ratings": "2 ",
        "img": "i5.walmartimages.com/asr/b91d57cc-755d-4b2b-ba66-c96300da9b15_1.965e86b49716b31296f33d41b85d7313.jpeg?odnWidth=612&odnHeight=612&odnBg=ffffff",
        "tags": [
            [
                "Melissa & Doug Toys",
                "/browse/toys/melissa-doug-toys/4171_3438149_5908879"
            ],
            [
                "Craft Kits",
                "/browse/toys/craft-kits/4171_645779_613040"
            ],
            [
                "Drawing & Coloring",
                "/browse/toys/drawing-coloring/4171_645779_613041"
            ],
            [
                "Play Dough",
                "/browse/toys/play-dough/4171_645779_9285153_613042"
            ],
            [
                "Toys for Kids 8 to 11 Years",
                "/browse/toys/toys-for-kids-8-to-11-years/4171_3318550_617942_8104028"
            ],
            [
                "Glue for Slime",
                "/browse/toys/glue-for-slime/4171_645779_2165088_2131853_8604968"
            ],
            [
                "Toys for Kids 5 to 7 Years",
                "/browse/toys/toys-for-kids-5-to-7-years/4171_3318550_617941_8920388"
            ],
            [
                "All Kids Jewelry Making Kits",
                "/browse/toys/all-kids-jewelry-making-kits/4171_645779_9564789_9869340"
            ]
        ]
    },
    {
        "title": "Elmer's Slime Activator Variety Pack | Magical Liquid Glue Slime Activator, 5 Count",
        "url": "https://www.walmart.com/ip/Elmer-s-Slime-Activator-Variety-Pack-Magical-Liquid-Glue-Slime-Activator-5-Count/261717532",
        "price": "$16.82",
        "stars": "4.2",
        "ratings": "14 ",
        "img": "i5.walmartimages.com/asr/b00e09b0-6dcd-46db-a1d3-6624a70fc284_2.5f73c48a70b9d1940c722d0f4c106716.jpeg?odnWidth=612&odnHeight=612&odnBg=ffffff",
        "tags": [
            [
                "Activators for Slime",
                "/browse/toys/activators-for-slime/4171_645779_2165088_2131853_1433843"
            ],
            [
                "Glitter Slime",
                "/browse/toys/glitter-slime/4171_645779_2165088_3252168"
            ],
            [
                "Glow-in-the-Dark Slime",
                "/browse/toys/glow-in-the-dark-slime/4171_645779_2165088_4007466"
            ],
            [
                "Clear Slime",
                "/browse/toys/clear-slime/4171_645779_2165088_4429474"
            ],
            [
                "DIY Slime Kits",
                "/browse/toys/diy-slime-kits/4171_645779_2165088_6010655"
            ],
            [
                "Craft Kits",
                "/browse/toys/craft-kits/4171_645779_613040"
            ],
            [
                "Crunchy Slime",
                "/browse/toys/crunchy-slime/4171_645779_2165088_6570164"
            ],
            [
                "Pre-Made Slime Shop",
                "/browse/toys/pre-made-slime-shop/4171_645779_2165088_9237203"
            ]
        ]
    },
    {
        "title": "Play-Doh: Kid's Play-Date Party Crate with over 40 Accessories",
        "url": "https://www.walmart.com/ip/Play-Doh-Kid-s-Play-Date-Party-Crate-with-over-40-Accessories/527888124",
        "price": "$19.99",
        "stars": "5.0",
        "ratings": "3 ",
        "img": "i5.walmartimages.com/asr/45a98160-15b8-4ae5-9b17-f0e1721f477f_1.21428b8a2928776d3f7b1a1afeb6fef9.jpeg?odnWidth=612&odnHeight=612&odnBg=ffffff",
        "tags": [
            [
                "Play-Doh",
                "/browse/toys/play-doh/4171_645779_9285153_2925360"
            ],
            [
                "Play-Doh Kitchen Creations",
                "/browse/toys/play-doh-kitchen-creations/4171_645779_9285153_3576437"
            ],
            [
                "Toys for Kids 2 to 4 Years",
                "/browse/toys/toys-for-kids-2-to-4-years/4171_3318550_7016108_4703344"
            ],
            [
                "Play-Doh Sets",
                "/browse/toys/play-doh-sets/4171_645779_9285153_5291460"
            ],
            [
                "Math Toys for Kids",
                "/browse/toys/math-toys-for-kids/4171_1229858_6906869"
            ],
            [
                "Play-Doh Licensed Sets",
                "/browse/toys/play-doh-licensed-sets/4171_645779_9285153_6910681"
            ],
            [
                "Toys for Kids 5 to 7 Years",
                "/browse/toys/toys-for-kids-5-to-7-years/4171_3318550_617941_8920388"
            ],
            [
                "Play-Doh Compound",
                "/browse/toys/play-doh-compound/4171_645779_9285153_9262776"
            ]
        ]
    },
    {
        "title": "Elmer's China + Glass Cement, 1 oz.",
        "url": "https://www.walmart.com/ip/Elmer-s-China-Glass-Cement-1-oz/36060645",
        "price": "$5.66",
        "stars": "1.0",
        "ratings": "1 ",
        "img": "i5.walmartimages.com/asr/f7368486-ce23-402c-b933-abc843931d4b_1.146bccb371506030480a6f5a37cee7c3.jpeg?odnWidth=612&odnHeight=612&odnBg=ffffff",
        "tags": [
            [
                "Activators for Slime",
                "/browse/toys/activators-for-slime/4171_645779_2165088_2131853_1433843"
            ],
            [
                "Glitter Slime",
                "/browse/toys/glitter-slime/4171_645779_2165088_3252168"
            ],
            [
                "Glow-in-the-Dark Slime",
                "/browse/toys/glow-in-the-dark-slime/4171_645779_2165088_4007466"
            ],
            [
                "Clear Slime",
                "/browse/toys/clear-slime/4171_645779_2165088_4429474"
            ],
            [
                "DIY Slime Kits",
                "/browse/toys/diy-slime-kits/4171_645779_2165088_6010655"
            ],
            [
                "Drawing & Coloring",
                "/browse/toys/drawing-coloring/4171_645779_613041"
            ],
            [
                "Crunchy Slime",
                "/browse/toys/crunchy-slime/4171_645779_2165088_6570164"
            ],
            [
                "Pre-Made Slime Shop",
                "/browse/toys/pre-made-slime-shop/4171_645779_2165088_9237203"
            ]
        ]
    },
    {
        "title": "Elmer's Glue-All Multi-Purpose Liquid Glue, Extra Strong, 7.625 Ounces, 1 Count",
        "url": "https://www.walmart.com/ip/Elmer-s-Glue-All-Multi-Purpose-Liquid-Glue-Extra-Strong-7-625-Ounces-1-Count/381255884",
        "price": "$13.93",
        "stars": 0,
        "ratings": 0,
        "img": "",
        "tags": [
            [
                "Activators for Slime",
                "/browse/toys/activators-for-slime/4171_645779_2165088_2131853_1433843"
            ],
            [
                "Glitter Slime",
                "/browse/toys/glitter-slime/4171_645779_2165088_3252168"
            ],
            [
                "Glow-in-the-Dark Slime",
                "/browse/toys/glow-in-the-dark-slime/4171_645779_2165088_4007466"
            ],
            [
                "Clear Slime",
                "/browse/toys/clear-slime/4171_645779_2165088_4429474"
            ],
            [
                "DIY Slime Kits",
                "/browse/toys/diy-slime-kits/4171_645779_2165088_6010655"
            ],
            [
                "Drawing & Coloring",
                "/browse/toys/drawing-coloring/4171_645779_613041"
            ],
            [
                "Crunchy Slime",
                "/browse/toys/crunchy-slime/4171_645779_2165088_6570164"
            ],
            [
                "Pre-Made Slime Shop",
                "/browse/toys/pre-made-slime-shop/4171_645779_2165088_9237203"
            ]
        ]
    },
    {
        "title": "Holiday Coloring and Activity Books Bundle (2 Coloring Books; Mickey and Friends Happy Holiday Tidings and Peanuts Home for The Holiday) Activities, Crayons, Stickers",
        "url": "https://www.walmart.com/ip/Holiday-Coloring-Activity-Books-Bundle-2-Books-Mickey-Friends-Happy-Tidings-Peanuts-Home-The-Holiday-Activities-Crayons-Stickers/137940744",
        "price": "$12.95",
        "stars": 0,
        "ratings": 0,
        "img": "i5.walmartimages.com/asr/86102f7d-43da-4f6d-8ad2-d4abf501bf07_1.00e66cef8c6e389387fed824c09a1734.jpeg?odnWidth=612&odnHeight=612&odnBg=ffffff",
        "tags": [
            [
                "Kid Art Easels & Stations",
                "/browse/toys/kid-art-easels-stations/4171_645779_1103012"
            ],
            [
                "Craft Kits",
                "/browse/toys/craft-kits/4171_645779_613040"
            ],
            [
                "Play Dough",
                "/browse/toys/play-dough/4171_645779_9285153_613042"
            ],
            [
                "Magna Doodle",
                "/browse/toys/magna-doodle/4171_645779_6408170_6399778"
            ],
            [
                "Etch-A-Sketch",
                "/browse/toys/etch-a-sketch/4171_645779_6408170_8550674"
            ],
            [
                "Glue for Slime",
                "/browse/toys/glue-for-slime/4171_645779_2165088_2131853_8604968"
            ],
            [
                "Toys for Kids 5 to 7 Years",
                "/browse/toys/toys-for-kids-5-to-7-years/4171_3318550_617941_8920388"
            ],
            [
                "Children's Paint and Paint Supplies",
                "/browse/toys/childrens-paint-paint-supplies/4171_645779_9646901"
            ]
        ]
    },
    {
        "title": "American Girl Alphabet Jewelry Kit",
        "url": "https://www.walmart.com/ip/American-Girl-Alphabet-Jewelry-Kit/54807806",
        "price": "$34.99",
        "stars": 0,
        "ratings": 0,
        "img": "",
        "tags": [
            [
                "Frozen Dolls & Dollhouses",
                "/browse/toys/frozen-dolls-dollhouses/4171_7357538_6091150_1817573"
            ],
            [
                "Frozen Dolls",
                "/browse/toys/frozen-dolls/4171_4187_8051423_2062169"
            ],
            [
                "Trolls Dolls",
                "/browse/toys/trolls-dolls/4171_4187_8051423_2648781"
            ],
            [
                "Hair, Nail & Spa Toys",
                "/browse/toys/hair-nail-spa-toys/4171_645779_2990448"
            ],
            [
                "All Trolls Toys",
                "/browse/toys/all-trolls-toys/4171_7357538_9587579_3802039"
            ],
            [
                "Frozen Arts & Craft Kits",
                "/browse/toys/frozen-arts-craft-kits/4171_7357538_6091150_5875068"
            ],
            [
                "Art Supplies",
                "/browse/toys/art-supplies/4171_3438149_1393249_7820276"
            ],
            [
                "All Kids Jewelry Making Kits",
                "/browse/toys/all-kids-jewelry-making-kits/4171_645779_9564789_9869340"
            ]
        ]
    }
]