[
    {
        "title": "Learning Resources, Sight Words Swat! A Sight Words Game, 1",
        "url": "https://www.walmart.com/ip/Learning-Resources-Sight-Words-Swat-A-Sight-Words-Game-1/55475719",
        "price": "$14.99",
        "stars": "4.8",
        "ratings": "18 ",
        "img": "i5.walmartimages.com/asr/0721f6b4-a56d-48ea-ab63-852f22b6d6a3.3bff765ea3e99155a88742a104e17876.jpeg?odnWidth=612&odnHeight=612&odnBg=ffffff",
        "tags": [
            [
                "Learning Playsets",
                "/browse/toys/learning-playsets/4171_56125_1228921"
            ],
            [
                "Science & Education",
                "/browse/toys/science-education/4171_56125_164140"
            ],
            [
                "Classic Games",
                "/browse/toys/classic-games/4171_4191_2084995"
            ],
            [
                "Family Games",
                "/browse/toys/family-games/4171_4191_2335373_2204878"
            ],
            [
                "All Board Games",
                "/browse/toys/all-board-games/4171_4191_133123_4497274"
            ],
            [
                "Bingo Sets",
                "/browse/toys/bingo-sets/4171_4191_5819145"
            ],
            [
                "Math Toys for Kids",
                "/browse/toys/math-toys-for-kids/4171_1229858_6906869"
            ]
        ]
    },
    {
        "title": "Beyblade Burst Rise Hypersphere Judgment Joker J5 Starter Pack Game",
        "url": "https://www.walmart.com/ip/Beyblade-Burst-Rise-Hypersphere-Judgment-Joker-J5-Starter-Pack-Game/686567492",
        "price": "$9.99",
        "stars": "4.5",
        "ratings": "4 ",
        "img": "i5.walmartimages.com/asr/1388899d-2b53-4e8b-92be-8eb701c7a177_1.f49f006129fb1a98d4c32356900ad4c4.jpeg?odnWidth=612&odnHeight=612&odnBg=ffffff",
        "tags": [
            [
                "Beyblade & Bakugan",
                "/browse/toys/beyblade-bakugan/4171_4191_1652049"
            ],
            [
                "Beyblade Burst",
                "/browse/toys/beyblade-burst/4171_3438149_3025832_2529206"
            ],
            [
                "Dragon Toys",
                "/browse/toys/dragon-toys/4171_7357538_5461952"
            ],
            [
                "Beyblades",
                "/browse/toys/beyblades/4171_3438149_3025832_6422688"
            ],
            [
                "Beyblade Stadiums",
                "/browse/toys/beyblade-stadiums/4171_3438149_3025832_7683630"
            ],
            [
                "Beyblade Metal Fusion",
                "/browse/toys/beyblade-metal-fusion/4171_3438149_3025832_7974760"
            ],
            [
                "Beyblade Launchers",
                "/browse/toys/beyblade-launchers/4171_3438149_3025832_8296473"
            ],
            [
                "Beyblade Burst Turbo",
                "/browse/toys/beyblade-burst-turbo/4171_3438149_3025832_9774721"
            ]
        ]
    },
    {
        "title": "Ravensburger - Frozen II - Frosty Adventures - Two 24 Piece Kids Jigsaw Puzzles",
        "url": "https://www.walmart.com/ip/Ravensburger-Frozen-II-Frosty-Adventures-Two-24-Piece-Kids-Jigsaw-Puzzles/854572185",
        "price": "$12.99",
        "stars": "3.8",
        "ratings": "9 ",
        "img": "",
        "tags": [
            [
                "Melissa and Doug Puzzles",
                "/browse/toys/melissa-doug-puzzles/4171_4191_163840_2713586_1870296"
            ],
            [
                "Frozen Games & Puzzles",
                "/browse/toys/frozen-games-puzzles/4171_7357538_6091150_3595068"
            ],
            [
                "Wood Puzzles",
                "/browse/toys/wood-puzzles/4171_4191_163840_3670108"
            ],
            [
                "All Frozen Toys",
                "/browse/toys/all-frozen-toys/4171_7357538_6091150_4557348"
            ],
            [
                "300 Piece Jigsaws",
                "/browse/toys/300-piece-jigsaws/4171_4191_163840_4640812"
            ],
            [
                "Melissa & Doug Toys",
                "/browse/toys/melissa-doug-toys/4171_3438149_5908879"
            ],
            [
                "Ravensburger Puzzles",
                "/browse/toys/ravensburger-puzzles/4171_4191_163840_2713586_6289252"
            ],
            [
                "Kids Puzzles",
                "/browse/toys/kids-puzzles/4171_4191_163840_6928209"
            ]
        ]
    },
    {
        "title": "CATAN JR. Strategy Board Game",
        "url": "https://www.walmart.com/ip/CATAN-JR-Strategy-Board-Game/39364341",
        "price": "$20.24",
        "stars": "4.8",
        "ratings": "12 ",
        "img": "",
        "tags": [
            [
                "Card Games",
                "/browse/toys/card-games/4171_4191_163842"
            ],
            [
                "Classic Games",
                "/browse/toys/classic-games/4171_4191_2084995"
            ],
            [
                "All Board Games",
                "/browse/toys/all-board-games/4171_4191_133123_4497274"
            ],
            [
                "Party Games",
                "/browse/toys/party-games/4171_4191_5016956"
            ],
            [
                "Toys for Kids 12 Years & Up",
                "/browse/toys/toys-for-kids-12-years-up/4171_3318550_1077724_6922509"
            ],
            [
                "Toys for Kids 8 to 11 Years",
                "/browse/toys/toys-for-kids-8-to-11-years/4171_3318550_617942_8104028"
            ],
            [
                "Baby Games",
                "/browse/toys/baby-games/4171_4191_2335373_9325198"
            ]
        ]
    },
    {
        "title": "Perplexus Epic, 3D Puzzle Maze Game with 125 Obstacles (Edition May Vary)",
        "url": "https://www.walmart.com/ip/Perplexus-Epic-3D-Puzzle-Maze-Game-with-125-Obstacles-Edition-May-Vary/56091836",
        "price": "$24.99",
        "stars": "4.6",
        "ratings": "9 ",
        "img": "i5.walmartimages.com/asr/39e43c32-be47-4c61-ab9e-555e42e76243_1.0c9dd5be42cd9013bb6f8fe290d85a3f.jpeg?odnWidth=612&odnHeight=612&odnBg=ffffff",
        "tags": [
            [
                "Electronic Games",
                "/browse/toys/electronic-games/4171_4191_133045"
            ],
            [
                "3D Puzzles",
                "/browse/toys/3d-puzzles/4171_4191_163840_4244336"
            ],
            [
                "All Board Games",
                "/browse/toys/all-board-games/4171_4191_133123_4497274"
            ],
            [
                "Kids Puzzles",
                "/browse/toys/kids-puzzles/4171_4191_163840_6928209"
            ],
            [
                "Ubisoft Six Collection Figures",
                "/browse/toys/ubisoft-six-collection-figures/4171_9400636_8149853_1869632_8643301"
            ],
            [
                "Adult Games",
                "/browse/toys/adult-games/4171_4191_2335373_9523585"
            ],
            [
                "Trolls Games",
                "/browse/toys/trolls-games/4171_7357538_9587579_9780621"
            ]
        ]
    },
    {
        "title": "Buffalo Games - Old Glory - Backyard BBQ - 500 piece jigsaw puzzle",
        "url": "https://www.walmart.com/ip/Buffalo-Games-Old-Glory-Backyard-BBQ-500-piece-jigsaw-puzzle/997968907",
        "price": "$8.97",
        "stars": "4.5",
        "ratings": "2 ",
        "img": "i5.walmartimages.com/asr/5b0c5649-40ea-4103-887e-536351e95951.0767c2e578ab6003da7366993a58ab21.jpeg?odnWidth=612&odnHeight=612&odnBg=ffffff",
        "tags": [
            [
                "Springbok Puzzles",
                "/browse/toys/springbok-puzzles/4171_4191_163840_2713586_1832423"
            ],
            [
                "1000 Piece Jigsaws",
                "/browse/toys/1000-piece-jigsaws/4171_4191_163840_3974623"
            ],
            [
                "750 Piece Jigsaws",
                "/browse/toys/750-piece-jigsaws/4171_4191_163840_4166037"
            ],
            [
                "300 Piece Jigsaws",
                "/browse/toys/300-piece-jigsaws/4171_4191_163840_4640812"
            ],
            [
                "Jigsaw Puzzles",
                "/browse/toys/jigsaw-puzzles/4171_4191_163840_4981610"
            ],
            [
                "Kids Puzzles",
                "/browse/toys/kids-puzzles/4171_4191_163840_6928209"
            ],
            [
                "Ceaco Shelf",
                "/browse/toys/ceaco-shelf/4171_4191_163840_7820798"
            ]
        ]
    },
    {
        "title": "Buffalo Games - Vivid Collection - Eggcellent - 300 Piece Jigsaw Puzzle",
        "url": "https://www.walmart.com/ip/Buffalo-Games-Vivid-Collection-Eggcellent-300-Piece-Jigsaw-Puzzle/118714117",
        "price": "$8.97",
        "stars": "4.0",
        "ratings": "2 ",
        "img": "i5.walmartimages.com/asr/2612b3d4-be6f-48c8-b1ae-6920a3c6346c_1.881f26b7c4f9909dbc93e77ba35812de.jpeg?odnWidth=612&odnHeight=612&odnBg=ffffff",
        "tags": [
            [
                "500 Piece Jigsaws",
                "/browse/toys/500-piece-jigsaws/4171_4191_163840_2972767"
            ],
            [
                "1000 Piece Jigsaws",
                "/browse/toys/1000-piece-jigsaws/4171_4191_163840_3974623"
            ],
            [
                "750 Piece Jigsaws",
                "/browse/toys/750-piece-jigsaws/4171_4191_163840_4166037"
            ],
            [
                "3D Puzzles",
                "/browse/toys/3d-puzzles/4171_4191_163840_4244336"
            ],
            [
                "Jigsaw Puzzles",
                "/browse/toys/jigsaw-puzzles/4171_4191_163840_4981610"
            ],
            [
                "Ravensburger Puzzles",
                "/browse/toys/ravensburger-puzzles/4171_4191_163840_2713586_6289252"
            ],
            [
                "Kids Puzzles",
                "/browse/toys/kids-puzzles/4171_4191_163840_6928209"
            ],
            [
                "Ceaco Shelf",
                "/browse/toys/ceaco-shelf/4171_4191_163840_7820798"
            ]
        ]
    },
    {
        "title": "Lang - Magical Evening - 500 Piece Jigsaw Puzzle",
        "url": "https://www.walmart.com/ip/Lang-Magical-Evening-500-Piece-Jigsaw-Puzzle/49841648",
        "price": "$11.69",
        "stars": "3.6",
        "ratings": "23 ",
        "img": "i5.walmartimages.com/asr/77e89b25-51cc-4578-be09-afe52975f833_1.af10f87671838a7df392134c0ef7a1fa.jpeg?odnWidth=612&odnHeight=612&odnBg=ffffff",
        "tags": [
            [
                "Springbok Puzzles",
                "/browse/toys/springbok-puzzles/4171_4191_163840_2713586_1832423"
            ],
            [
                "Thomas Kinkade Puzzles",
                "/browse/toys/thomas-kinkade-puzzles/4171_4191_163840_2713586_3945720"
            ],
            [
                "1000 Piece Jigsaws",
                "/browse/toys/1000-piece-jigsaws/4171_4191_163840_3974623"
            ],
            [
                "750 Piece Jigsaws",
                "/browse/toys/750-piece-jigsaws/4171_4191_163840_4166037"
            ],
            [
                "300 Piece Jigsaws",
                "/browse/toys/300-piece-jigsaws/4171_4191_163840_4640812"
            ],
            [
                "Jigsaw Puzzles",
                "/browse/toys/jigsaw-puzzles/4171_4191_163840_4981610"
            ],
            [
                "Kids Puzzles",
                "/browse/toys/kids-puzzles/4171_4191_163840_6928209"
            ],
            [
                "Ceaco Shelf",
                "/browse/toys/ceaco-shelf/4171_4191_163840_7820798"
            ]
        ]
    },
    {
        "title": "Ramen Fury Card Game",
        "url": "https://www.walmart.com/ip/Ramen-Fury-Card-Game/772889366",
        "price": "$5.39",
        "stars": "4.5",
        "ratings": "6 ",
        "img": "i5.walmartimages.com/asr/9d918f00-d41c-433d-8705-8bfa5bb2760a_3.afeb83dbe8d781f177675d24aad5bf62.png?odnWidth=612&odnHeight=612&odnBg=ffffff",
        "tags": [
            [
                "Card Games",
                "/browse/toys/card-games/4171_4191_163842"
            ],
            [
                "Classic Games",
                "/browse/toys/classic-games/4171_4191_2084995"
            ],
            [
                "Family Games",
                "/browse/toys/family-games/4171_4191_2335373_2204878"
            ],
            [
                "All Board Games",
                "/browse/toys/all-board-games/4171_4191_133123_4497274"
            ],
            [
                "Party Games",
                "/browse/toys/party-games/4171_4191_5016956"
            ],
            [
                "Only at Walmart Games & Puzzles",
                "/browse/toys/only-at-walmart-games-puzzles/4171_4191_6786083"
            ],
            [
                "Adult Games",
                "/browse/toys/adult-games/4171_4191_2335373_9523585"
            ]
        ]
    },
    {
        "title": "Ryan's World Build-a-Ryan Mystery Toolbox",
        "url": "https://www.walmart.com/ip/Ryan-s-World-Build-a-Ryan-Mystery-Toolbox/311078050",
        "price": "$59.99",
        "stars": "5.0",
        "ratings": "13 ",
        "img": "i5.walmartimages.com/asr/13b1ecd7-9cc3-4e47-8164-d7b5c9b5c816.36abed1a2609def2226c70e658871c0e.jpeg?odnWidth=612&odnHeight=612&odnBg=ffffff",
        "tags": []
    }
]