[{"title": "ACT Restoring Anticavity Mouthwash (33.8 Oz, Cool Mint)", "tags": "Kids Oral Care Crest Mouthwash Listerine All Dry Mouth Toothpaste", "relevancy_score": 880.884676056338, "price": "$5.54"}, {"title": "ACT Restoring Anticavity Mouthwash (33.8 Oz, Mint Burst)", "tags": "Kids Oral Care Crest Mouthwash Listerine All Dry Mouth Toothpaste", "relevancy_score": 429.69792, "price": "$5.54"}, {"title": "Equate Antiseptic Mouthrinse, Blue Mint, 101.4 fl oz, 2 Count", "tags": "Stock up on Allergy Back to College Up Vitamins & Supplements Cleaning Supplies Incontinence Pain Relief Laundry Room American Jobs 2020", "relevancy_score": 3523.0806264441594, "price": "$5.72"}, {"title": "TheraBreath 24-Hour Fresh Breath Oral Rinse, Mild Mint, 16.0 fl oz", "tags": "All Oral Accessories Crest Breath Freshener Dry Mouth Mouthwash Toothpaste Sensodyne", "relevancy_score": 2686.4476405990017, "price": "$7.22"}, {"title": "Cepacol Antibacterial Mouthwash, Gold - 24 fl oz - Multiprotection Antigingivitis Antiplaque Oral Rinse", "tags": "Kids Oral Care Crest Mouthwash Listerine ACT All", "relevancy_score": 552.2017959183673, "price": "$4.97"}, {"title": "Therabreath 24-Hour Healthy Gums Oral Rinse Mouthwash, 16.0 fl oz", "tags": "All Oral Accessories Crest Mouthwash Breath Freshener Dry Mouth Toothpaste", "relevancy_score": 462.8141875, "price": "$8.72"}, {"title": "Equate Antiseptic Mouthrinse, Spring Mint, 101.4 fl oz, 2 Count", "tags": "Stock up on Allergy Paper & Plastic Back to College Up Vitamins Supplements Cleaning Supplies Incontinence Pain Relief American Jobs 2020", "relevancy_score": 2009.0983392857142, "price": "$5.72"}, {"title": "Listerine Cool Mint Antiseptic Mouthwash for Bad Breath, 1.5 L", "tags": "Stock up on Allergy Paper & Plastic Back to College Up Vitamins Supplements Incontinence Pain Relief Laundry Room Supplies American Jobs 2020", "relevancy_score": 9578.849155555556, "price": "$6.57"}, {"title": "SmartMouth The Original Activated Dual-Solution Breath Rinse Fresh Mint, 16 fl oz", "tags": "Crest Mouthwash Therabreath All Breath Freshener Dry Mouth Toothpaste", "relevancy_score": 1111.171852398524, "price": "$9.84"}, {"title": "(2 pack) Dr. Tichenor's Antiseptic Mouthwash, Peppermint, 16 Fl Oz", "tags": "Crest Mouthwash Therabreath Listerine ACT All", "relevancy_score": 25.41314285714286, "price": "$9.52"}, {"title": "ACT Restoring Anticavity Mouthwash (33.8 Oz, Mint Burst)", "tags": "Kids Oral Care Crest Mouthwash Listerine All Dry Mouth Toothpaste", "relevancy_score": 429.69792, "price": "$5.54"}, {"title": "ACT Total Care Anticavity Mouthwash (33.8 Oz, Fresh Mint)", "tags": "Kids Oral Care Crest Mouthwash Listerine All Dry Mouth Men's Personal", "relevancy_score": 511.0540588235294, "price": "$5.98"}, {"title": "Plax Advanced Formula Plaque Lossening Rinse, Soft Mint, 24 Fl. Oz", "tags": "Crest Mouthwash All Dental Floss Listerine Braces ACT", "relevancy_score": 886.0940183486239, "price": "$4.97"}, {"title": "Therabreath 24-Hour Healthy Smile Oral Rinse Mouthwash, 16.0 fl oz", "tags": "Kids Oral Care All Accessories Breath Freshener Oral-B Dry Mouth Mouthwash Toothpaste", "relevancy_score": 49.723, "price": "$8.72"}, {"title": "Crest Pro Health Advanced Mouthwash, Alcohol Free, Mint, 33.8 fl oz", "tags": "Crest Mouthwash All Toothpaste Listerine Dry Mouth", "relevancy_score": 19757.872371040725, "price": "$5.37"}, {"title": "Equate Mint Anti-Plaque Dental Rinse, 24 fl oz", "tags": "Crest Mouthwash Listerine All Dry Mouth ACT", "relevancy_score": 759.1377591623037, "price": "$2.92"}, {"title": "Tom's of Maine Silly Strawberry Children's Natural Mouthwash, 16oz", "tags": "Toms Toothpaste Listerine All Dry Mouth Mouthwash ACT Tom's of Maine", "relevancy_score": 1045.9477142857145, "price": "$5.99"}, {"title": "Colgate Peroxyl Antiseptic Alcohol Free Mouth Sore Rinse, Mild Mint, 500mL, 1 Ct", "tags": "Oral Pain Relief Kids Care Crest Mouthwash Listerine All Dry Mouth", "relevancy_score": 520.663304347826, "price": "$8.98"}, {"title": "Listerine Original Antiseptic Mouthwash for Bad Breath, 1.5 L", "tags": "Crest All Toothpaste Dry Mouth Mouthwash Listerine String Floss", "relevancy_score": 4558.00337895812, "price": "$6.57"}, {"title": "(2 pack) Equate Zesty Mint Oral Rinse, 1 L", "tags": "Crest Mouthwash Listerine All Dry Mouth ACT", "relevancy_score": 658.0073072625698, "price": "$5.48"}, {"title": "ACT Kids Anticavity Fluoride Rinse (16.9 Oz, Bubblegum Blowout)", "tags": "Listerine All Dry Mouth Mouthwash ACT Toothpaste Men's Personal Care", "relevancy_score": 722.41, "price": "$3.94"}, {"title": "ACT Total Care Anticavity Mouthwash (33.8 Oz Icy Clean Mint)", "tags": "Kids Oral Care Crest Mouthwash Listerine All Dry Mouth Men's Personal", "relevancy_score": 232.06524675324675, "price": "$5.98"}, {"title": "ACT Dry Mouth Mouthwash (33.8 Oz, Soothing Mint), with Xylitol", "tags": "Kids Oral Care All Accessories Crest Mouthwash Breath Freshener Dry Mouth", "relevancy_score": 645.562975609756, "price": "$7.78"}, {"title": "Colgate Total Pro-Shield Alcohol Free Mouthwash, Peppermint - 500mL, 16.9 fluid ounce", "tags": "Crest Mouthwash Listerine All Dry Mouth ACT", "relevancy_score": 47380.284146994934, "price": "$7.87"}, {"title": "Listerine Ultraclean Oral Care Antiseptic Mouthwash, Cool Mint, 1 L", "tags": "Crest Mouthwash All Dental Floss Dry Mouth Listerine String", "relevancy_score": 4196.003739572738, "price": "$6.57"}, {"title": "SmartMouth Dry Mouth Activated Oral Rinse Soothing Mint, 16 fl oz", "tags": "All Oral Accessories Breath Freshener Dry Mouth Mouthwash ACT Toothpaste", "relevancy_score": 195.2352, "price": "$11.44"}, {"title": "Listerine Total Care Zero Alcohol-Free Mouthwash, Fresh Mint, 500 mL", "tags": "Crest Mouthwash Colgate All Dry Mouth ACT Listerine", "relevancy_score": 12816.466497354495, "price": "$12.38"}, {"title": "(2 pack) Crest 3D White Glamorous White Alcohol Free Multi-Care Whitening Mouthwash, Fresh Mint, 32 fl oz (946 mL)", "tags": "Crest Mouthwash All Toothpaste Listerine 3D White Dry Mouth", "relevancy_score": 303.0244, "price": "$13.30"}, {"title": "Biotene Mild Mint Moisturizing Gentle Oral Rinse, Alcohol-Free, for Dry Mouth, 33.8 ounce", "tags": "Oral Pain Relief All Accessories Crest Mouthwash Breath Freshener ACT Toothpaste", "relevancy_score": 576.3816470588235, "price": "$11.40"}, {"title": "Crest 3D White Brilliance Mouthwash, Alcohol Free, Mint, 33.8 fl oz", "tags": "Crest Mouthwash All Toothpaste Listerine 3D White Dry Mouth", "relevancy_score": 327.65776923076925, "price": "$6.97"}, {"title": "Listerine Ultraclean Oral Care Antiseptic Mouthwash, Cool Mint, 500 ml", "tags": "All Dental Floss Breath Freshener Dry Mouth Mouthwash Listerine String", "relevancy_score": 6158.829939914163, "price": "$5.37"}, {"title": "Listerine Cool Mint Antiseptic Mouthwash for Bad Breath, Mint, 3.2 oz", "tags": "Crest Mouthwash All Toothpaste Dry Mouth Listerine Whitening", "relevancy_score": 5527.618536833193, "price": "$1.97"}, {"title": "Crest 3D White Alcohol Free Whitening Mouthwash, Fresh Mint, 32 fl oz", "tags": "Crest Mouthwash All Toothpaste Listerine 3D White", "relevancy_score": 771.9603582089552, "price": "$6.97"}, {"title": "(2 pack) Listerine Smart Rinse Kids Alcohol-Free Mouthwash, Mint, 500 mL", "tags": "Kids Oral Care Colgate Baby All Dry Mouth Mouthwash ACT Listerine", "relevancy_score": 1078.069472118959, "price": "$4.43"}, {"title": "Care with Pride Listerine Cool Mint Antiseptic Mouthwash for Bad Breath, Plaque and Gingivitis, Limited Edition, 1 l", "tags": "Crest Mouthwash Colgate All Dry Mouth Toothpaste Listerine", "relevancy_score": 7519.637639097744, "price": "$15.82"}, {"title": "Listerine Total Care Anticavity Mouthwash, Fresh Mint Flavor, 250 mL", "tags": "Kids Oral Care Crest Mouthwash All Dry Mouth ACT Listerine", "relevancy_score": 13667.6680728075, "price": "$3.76"}, {"title": "(2 Pack) Listerine Original Antiseptic Oral Care Mouthwash, 1.5 L", "tags": "Stock up on Body Wash Colgate All Dry Mouth Mouthwash Toothpaste Listerine", "relevancy_score": 1999.4974708520178, "price": "$12.61"}, {"title": "Listerine Healthy White Teeth Whitening Fluoride Mouthwash, 32 fl. oz", "tags": "Crest Mouthwash Colgate All Dry Mouth ACT Listerine", "relevancy_score": 939.9421612903226, "price": "$6.57"}, {"title": "Listerine Freshburst Antiseptic Mouthwash for Bad Breath, 250 mL", "tags": "Crest Mouthwash Colgate All Dry Mouth Listerine Toothpaste", "relevancy_score": 777.9470769230769, "price": "$2.97"}, {"title": "(2 pack) Act Kids Wild Watermelon Anti-Cavity Flouride Mouthwash, 500ml", "tags": "Listerine Baby Oral Care All Dry Mouth Mouthwash ACT Men's Personal", "relevancy_score": 26.281999999999996, "price": "$7.88"}, {"title": "(2 pack) Listerine Ultraclean Oral Care Antiseptic Mouthwash, Arctic Mint, 1.5 l", "tags": "All Dental Floss Breath Freshener Dry Mouth Mouthwash Listerine String", "relevancy_score": 0.0, "price": "$18.68"}, {"title": "The Natural Dentist Healthy Gums Mouth Wash, Orange Zest, 16.9 Ounce Bottle", "tags": "Crest Mouthwash Therabreath Clean Living Oral Care All Charcoal Teeth Whitening Toothpaste", "relevancy_score": 140.62149152542372, "price": "$9.77"}, {"title": "Listerine Ultraclean Antiseptic Mouthwash, Arctic Mint, 3.2 fl. oz", "tags": "Crest Mouthwash All Dental Floss Dry Mouth Listerine String", "relevancy_score": 1249.1093941368079, "price": "$3.79"}, {"title": "Listerine Total Care Zero Alcohol-Free Mouthwash, Fresh Mint, 3.2 fl. oz", "tags": "Kids Oral Care All Accessories Breath Freshener Dry Mouth Mouthwash Listerine", "relevancy_score": 12748.066361702127, "price": "$6.49"}, {"title": "Crest Pro-Health Advanced Mouthwash, Tartar Protection, Refreshing Mint, 500 mL (16.9 fl oz)", "tags": "Crest Mouthwash All Toothpaste Whitening Strips Teeth Dry Mouth", "relevancy_score": 3895.295061452514, "price": "$13.27"}, {"title": "Xlear Spry Oral Rinse - Coolmint 16 fl oz Liquid", "tags": "All Oral Accessories Breath Freshener Baby Care Dry Mouth Mouthwash Whitening Toothpaste", "relevancy_score": 24.41314285714286, "price": "$11.89"}, {"title": "Crest Scope Outlast Mouthwash, Long Lasting Mint, 1 L, 2 Pack", "tags": "Crest Mouthwash Listerine Colgate All Toothpaste", "relevancy_score": 1144.9682686567162, "price": "$6.97"}, {"title": "ACT Restoring Anticavity Mouthwash (33.8 Oz, Mint Burst)", "tags": "Kids Oral Care Crest Mouthwash Listerine All Dry Mouth Toothpaste", "relevancy_score": 429.69792, "price": "$5.54"}, {"title": "Listerine Original Antiseptic Oral Care Mouthwash, 500 mL", "tags": "Razor Blades All Dry Mouth Mouthwash Colgate Toothpaste Razors Listerine", "relevancy_score": 2921.156012539185, "price": "$3.97"}, {"title": "StellaLife VEGA Oral Rinse: Dry Mouth Mouthwash, Natural Daily Dental Hygiene for Healthy Gums, Fresh Breath, Mint Taste, Sugar Free, Antimicrobial, Xylitol, Advanced Healing After Dental Procedures", "tags": "Kids Oral Care Crest Mouthwash Listerine ACT All", "relevancy_score": 55.77590243902439, "price": "$24.99"}, {"title": "StellaLife VEGA Oral Gel: Dry Socket, Tooth Extraction, Sore Gums, Canker Sore, Oral Surgery, Braces, Denture, Ulcer, Mucositis, Dental Implant, Advanced Natural Dental Pain Relief, Mint, Healing", "tags": "Denture Adhesive Oral Pain Relief Crest Mouthwash Listerine All", "relevancy_score": 20.340235294117647, "price": "$34.99"}, {"title": "ACT Kids Anticavity Fluoride Rinse, Bubble Gum Blow Out 16.9 oz", "tags": "Listerine All Dry Mouth Mouthwash ACT Toothpaste Men's Personal Care", "relevancy_score": 21.41314285714286, "price": "$7.01"}, {"title": "Scope Mouthwash", "tags": "Kids Oral Care Crest Mouthwash All Toothpaste Listerine Whitening", "relevancy_score": 178.35909677419352, "price": "$4.23"}, {"title": "2 Pack - ACT Anticavity Fluoride Rinse Cinnamon 18 oz Each", "tags": "Kids Oral Care Crest All Toothpaste Listerine Dry Mouth Mouthwash Men's Personal", "relevancy_score": 39.80884210526316, "price": "$17.54"}, {"title": "GUM Rincinol P.R.N. Mouth Sore Rinse 4 oz", "tags": "Denture Adhesive Oral Pain Relief Kids Care Therabreath Mouthwash Colgate Oral-B All", "relevancy_score": 58.42628571428571, "price": "$9.11"}, {"title": "Prevention Oncology Mouth Rinse, Soothing Mint", "tags": "Oral Pain Relief Kids Care Therabreath Mouthwash Colgate Clean Living Denture Cleaner Oral-B All", "relevancy_score": 15.26290909090909, "price": "$13.50"}, {"title": "(2 pack) Crest 3D White Brilliance Alcohol Free Whitening Mouthwash, Clean Mint, 33.8 fl oz", "tags": "Crest Mouthwash All Toothpaste Listerine 3D White Dry Mouth", "relevancy_score": 159.97745454545455, "price": "$13.26"}, {"title": "ACT Alcohol Free Anticavity Fluoride Rinse, Mint - 18 oz", "tags": "Crest Mouthwash Kids Electric Toothbrushes All Dry Mouth ACT Men's Personal Care", "relevancy_score": 20.340235294117647, "price": "$14.28"}, {"title": "Biotene Dry Mouth Mouthwash, 16 fl oz Each", "tags": "Oral Pain Relief All Accessories Breath Freshener ACT Mouthwash Toothpaste", "relevancy_score": 10.18075, "price": "$14.27"}, {"title": "SmartMouth Clinical DDS Oral Rinse for the Treatment of Bad Breath and Protection From Gingivitis and Gum Disease, 16 oz, 2 pack", "tags": "Oral Pain Relief Kids Care Crest Mouthwash All Breath Freshener Oral-B Toothpaste", "relevancy_score": 10.18075, "price": "$35.29"}, {"title": "JASON Powersmile Peppermint Brightening Mouthwash, 16 Ounce Bottle", "tags": "Clean Living Body Wash All Dry Mouth Mouthwash Charcoal Teeth Whitening Toothpaste", "relevancy_score": 21.41314285714286, "price": "$8.21"}, {"title": "Prevention Mouth Sore 16 oz, Mouth Rinse. Mouth Sore Relief. Mint Flavor.", "tags": "Oral Pain Relief Kids Care Therabreath Mouthwash Listerine Colgate Oral-B All", "relevancy_score": 40.60884210526316, "price": "$9.99"}, {"title": "Vademecum Mouthwash & Gargle Concentrate 75ml (2.5 oz)", "tags": "Kids Oral Care Crest Mouthwash Listerine ACT All", "relevancy_score": 10.18075, "price": "$19.99"}, {"title": "Listerine Antiseptic Mouthwash, Cool Mint 33.8 oz (Pack of 2)", "tags": "All Dental Floss Dry Mouth Mouthwash ACT Listerine String", "relevancy_score": 4774.0072734375, "price": "$13.13"}, {"title": "Mouth Kote Dry Mouth Spray, 8 Fl. Oz.", "tags": "Oral Pain Relief All Accessories Listerine Breath Freshener Mouthwash", "relevancy_score": 76.79082352941177, "price": "$15.99"}, {"title": "Schmidt's Naturally Flavored Mouthwash Coconut + Aloe 16 OZ", "tags": "Kids Oral Care Therabreath Mouthwash Listerine Clean Living All Charcoal Teeth Whitening Hello Toothpaste", "relevancy_score": 37.56738461538461, "price": "$6.57"}, {"title": "Colgate Optic White Mouthwash, Sparkling Fresh Mint 16 oz (Pack of 2)", "tags": "Kids Oral Care Colgate Total Toothpaste All Dry Mouth Mouthwash Optic White", "relevancy_score": 0.0, "price": "$17.83"}, {"title": "DENTAL BLEACH, 8 FL OZ", "tags": "Denture Adhesive Listerine All Teeth Whitening Cleaner Mouthwash", "relevancy_score": 10.18075, "price": "$6.18"}, {"title": "4 Pack - Listerine Ready! Tabs Chewable Tablets with Clean Mint Flavor, Revolutionary 4-Hour Fresh Breath Tablets to Hel", "tags": "All Oral Accessories Breath Freshener Dry Mouth Mouthwash Listerine String Floss", "relevancy_score": 12283.2612449486, "price": "$17.04"}, {"title": "2 Pack - Listerine Antiseptic Mouthwash, Cool Mint 250 mL", "tags": "Crest Mouthwash All Dental Floss Dry Mouth Listerine String", "relevancy_score": 3482.7770860927153, "price": "$12.54"}, {"title": "Listerine Nightly Reset Nighttime Mouthwash, Twilight Mint, 400mL", "tags": "Kids Oral Care Crest Mouthwash All Breath Freshener Dry Mouth Listerine", "relevancy_score": 3843.995920265781, "price": "$14.26"}, {"title": "Crest Pro-Health Clinical Deep Clean Mint Oral Rinse 32 oz (Pack of 3)", "tags": "Crest Mouthwash All Toothpaste Whitening Strips Teeth Dry Mouth", "relevancy_score": 134.136375, "price": "$31.72"}, {"title": "Colgate Anticavity Fluoride Rinse Alcohol Free Bubble Fruit 8.4 Fl Oz (3 Pack)", "tags": "", "relevancy_score": 0.0, "price": "$12.99"}, {"title": "Desert Essence Ultra Care Tea Tree Oil Mouthwash, Mega Mint, 0.47 L", "tags": "Men's Bath & Body Clean Living Oral Care All Dry Mouth Mouthwash Old Spice Wash Deodorants Toothpaste Whitening", "relevancy_score": 76.68450000000001, "price": "$15.66"}, {"title": "Crest Pro Health Intense Mouthwash, Fresh Mint, 1L (33.8 fl oz)", "tags": "Crest Mouthwash All Toothpaste Listerine Colgate Dry Mouth", "relevancy_score": 546.8174304635762, "price": "$16.75"}, {"title": "Colgate Enamel Health Anticavity Fluoride Mouthwash, Sparkling Fresh Mint, 1L, 3 Ct", "tags": "Crest Mouthwash Listerine All Dry Mouth ACT", "relevancy_score": 23.41314285714286, "price": "$18.99"}, {"title": "Crest 3D White Luxe Diamond Strong Anticavity Fluoride Whitening Mouth Rinse, Clean Mint 16 oz", "tags": "Crest Mouthwash All Toothpaste Listerine 3D White Dry Mouth", "relevancy_score": 5.093290322580645, "price": "$13.59"}, {"title": "3 Pack Firefly Hello Kitty Anti-Cavity Mouth Rinse, Melon Kiss Flavor 16 oz each", "tags": "Crest All Toothpaste Listerine Dry Mouth Mouthwash ACT", "relevancy_score": 0.0, "price": "$21.84"}, {"title": "Oasis Moisturizing Mouth Spray Mild Mint 1 oz", "tags": "Oral Pain Relief All Accessories Listerine Breath Freshener Mouthwash", "relevancy_score": 145.4926451612903, "price": "$8.82"}, {"title": "SCOPE Outlast Mouthwash, Long Lasting Mint 33.80 oz (Pack of 2)", "tags": "Kids Oral Care Crest Mouthwash Listerine ACT All", "relevancy_score": 5.093290322580645, "price": "$18.19"}, {"title": "Natural Dentist Anti Gingivitis Rinse - Healthy Gums - Peppermint Twist - 2 oz", "tags": "Crest Mouthwash Therabreath Clean Living Oral Care All Dry Mouth Toothpaste", "relevancy_score": 4.162909090909091, "price": "$5.71"}, {"title": "2 Pack - Colgate Optic White Mouthwash Sparkling Fresh Mint 8 oz", "tags": "Crest Mouthwash Colgate Total Toothpaste All Dry Mouth", "relevancy_score": 168.39377215189873, "price": "$14.71"}, {"title": "Biotene Dry Mouth Oral Rinse for Dry Mouth Symptoms 33.8 FL OZ", "tags": "Kids Oral Care Crest Mouthwash Listerine ACT All", "relevancy_score": 8.18075, "price": "$18.31"}, {"title": "Hello Naturally Fresh Antiseptic Fluoride Free Mouthwash, SLS Free Fresh Mint With Farm Grown Peppermint, 16oz", "tags": "Kids Oral Care Clean Living Baby All Mouthwash Charcoal Teeth Whitening Toothpaste Hello", "relevancy_score": 345.2886666666667, "price": "$16.92"}, {"title": "2 Pack - Orajel Antiseptic Mouth Sore Rinse 16 oz", "tags": "Oral Pain Relief Kids Care Therabreath Mouthwash Listerine Colgate Oral-B All", "relevancy_score": 111.68533333333332, "price": "$18.68"}, {"title": "3 Pack - ACT Total Care Dry Mouth Anticavity Mouthwash, Soothing Mint 18 oz", "tags": "Kids Oral Care All Accessories Breath Freshener Dry Mouth Mouthwash Men's Personal", "relevancy_score": 5.093290322580645, "price": "$25.49"}, {"title": "Orajel Alcohol-Free Antiseptic Mouth Sore Rinse, Fresh Mint 16 oz (Pack of 3)", "tags": "Oral Pain Relief Kids Care Crest Mouthwash Listerine Colgate All", "relevancy_score": 39.80884210526316, "price": "$28.46"}, {"title": "Listerine Ultraclean Oral Care Antiseptic Mouthwash, Cool Mint, 250 ml", "tags": "Crest Mouthwash Colgate All Dry Mouth Toothpaste Listerine", "relevancy_score": 4042.0004810126584, "price": "$8.18"}, {"title": "Listerine Antiseptic Mouthwash, Fresh Burst 1.5 Liter (Pack of 2)", "tags": "Crest Mouthwash All Dental Floss Dry Mouth Listerine String", "relevancy_score": 0.0, "price": "$32.34"}, {"title": "2 Pack - Listerine Smart Rinse Bubble Blast Anticavity Fluoride Rinse, Disney Frozen  16.9 oz", "tags": "Listerine Baby Oral Care All Dry Mouth Mouthwash ACT Men's Personal", "relevancy_score": 902.5147826086957, "price": "$15.24"}, {"title": "3 Pack - Gly-Oxide Liquid Antiseptic Oral Cleanser 2oz Each", "tags": "Denture Adhesive Kids Oral Care Crest Mouthwash Listerine Cleaner All", "relevancy_score": 280.30609090909087, "price": "$34.32"}, {"title": "Listerine Zero Mouthwash Alcohol Free, Clean Mint - 1 Ltr", "tags": "Crest Mouthwash All Dental Floss Dry Mouth Listerine String", "relevancy_score": 0.0, "price": "$15.61"}, {"title": "Listerine Zero Alcohol-Free Mouthwash, Cool Mint, 3.2 fl. oz", "tags": "All Oral Accessories Crest Mouthwash Dry Mouth Listerine", "relevancy_score": 13810.867083285468, "price": "$3.81"}, {"title": "Oral Antiseptic Rinse Helps Treat Gingivitis & Minor Mouth Irritations 12 Sticks", "tags": "Oral Pain Relief Kids Care Crest Mouthwash Therabreath Colgate Oral-B All", "relevancy_score": 5.093290322580645, "price": "$29.95"}, {"title": "Phillips sonicare BreathRx Anti-bacterial Mouth Rinse, 3 Bottle Economy Pack (Each bottle is 33 oz)", "tags": "Aveeno Purell Waterpik Mueller Sports Medicine Equate Philips Norelco Arm & Hammer ZeroWater", "relevancy_score": 5.093290322580645, "price": "$67.93"}, {"title": "3 Pack Listerine Cool Mint Antiseptic MouthWash Travel Size 3.2oz Each", "tags": "Kids Oral Care All Dental Floss Dry Mouth Mouthwash ACT Listerine String", "relevancy_score": 1934.3952653061224, "price": "$9.93"}, {"title": "SmartMouth SM280U Clinical DDS Activated Oral Rinse 2 Bottle System", "tags": "Oral Pain Relief Kids Care Travel Size Toiletries & Kits Listerine All Breath Freshener Mouthwash Toothpaste", "relevancy_score": 0.0, "price": "$23.89"}, {"title": "ACT Restoring Anticavity Mouthwash (18 Oz, Mint Burst)", "tags": "Kids Oral Care Crest Mouthwash Listerine All Dry Mouth Men's Personal", "relevancy_score": 40.60884210526316, "price": "$15.79"}, {"title": "4 Pack - Colgate Peroxyl Antiseptic Oral Cleanser Mild Mint 8.4 oz", "tags": "Kids Oral Care Colgate Total Toothpaste All Dry Mouth Mouthwash Optic White", "relevancy_score": 0.0, "price": "$29.69"}, {"title": "3 Pack Biotene Dry Mouth Gentle Oral Rinse, Mild Mint, 16 Ounces Each", "tags": "Oral Pain Relief All Accessories Listerine Breath Freshener Mouthwash Toothpaste", "relevancy_score": 5.093290322580645, "price": "$31.60"}, {"title": "ACT Anticavity Fluoride Mouthwash (33.8 Oz, Mint)", "tags": "Kids Oral Care Crest Listerine All Dry Mouth Mouthwash Men's Personal", "relevancy_score": 118.88533333333334, "price": "$13.59"}, {"title": "Biotene Dry Mouth Mouthwash 33.80 oz (Pack of 2)", "tags": "Oral Pain Relief All Accessories Breath Freshener ACT Mouthwash Toothpaste", "relevancy_score": 1447.4600213903743, "price": "$27.65"}, {"title": "Listerine Ultraclean Antiseptic Fresh Citrus 1500 mL (Pack of 2)", "tags": "All Dental Floss Breath Freshener Dry Mouth Mouthwash Listerine String", "relevancy_score": 64.57432558139536, "price": "$27.53"}, {"title": "Ionite 0.63% Stannous Fluoride Antimicrobial Perio Rinse Mouthwash - Fruit Punch Flavor 10 Fl. Oz.", "tags": "Crest Mouthwash Therabreath Listerine All Toothpaste", "relevancy_score": 0.0, "price": "$18.99"}, {"title": "Mouth Kote Dry Mouth Spray, 2 Fl. Oz.", "tags": "Denture Adhesive Oral Pain Relief All Accessories Breath Freshener Cleaner ACT Mouthwash", "relevancy_score": 7.18075, "price": "$8.25"}, {"title": "2 Pack - SmartMouth Dry Mouth Clean Activated Mouthwash, Soothing Mint 16 oz", "tags": "Oral Pain Relief Kids Care Listerine All Breath Freshener Mouthwash Toothpaste", "relevancy_score": 0.0, "price": "$32.32"}, {"title": "3 Pack - Tom's of Maine Long Lasting Wicked Fresh Mouthwash, Cool Mountain Mint 16 oz", "tags": "Kids Oral Care Toms Toothpaste Tom's of Maine All Mouthwash Charcoal Teeth Whitening", "relevancy_score": 235.928, "price": "$21.27"}, {"title": "Colgate Peroxyl Mouth Sore Rinse, Mild Mint, 16.9 oz (Pack of 6)", "tags": "Kids Oral Care Colgate Total Toothpaste All Dry Mouth Mouthwash Optic White", "relevancy_score": 0.0, "price": "$62.18"}, {"title": "Desert Essence Tea Tree Oil Mouthwash, Spearmint, 16 Oz", "tags": "Toms Toothpaste Clean Living Oral Care Tom's of Maine String Floss All Mouthwash Charcoal Teeth Whitening", "relevancy_score": 411.56292436974786, "price": "$13.50"}, {"title": "GUM PerioShield Oral Health Rinse 10 oz (Pack of 2)", "tags": "Crest Mouthwash Therabreath Listerine Colgate All", "relevancy_score": 3.093290322580645, "price": "$22.17"}, {"title": "BreathRx Anti-Bacterial Mouth Rinse, 16 Ounce Bottle", "tags": "All Oral Accessories Water Flossers Breath Freshener Braces Floss Picks Mouthwash", "relevancy_score": 4.093290322580645, "price": "$20.00"}, {"title": "Biotene Dry Mouth Mouthwash 8 oz (Pack of 3)", "tags": "Kids Oral Care Crest Mouthwash Listerine ACT All", "relevancy_score": 0.0, "price": "$18.63"}, {"title": "Listerine Whitening Plus Restoring Fluoride Rinse, Clean Mint 16 oz (Pack of 2)", "tags": "Crest Mouthwash All Dental Floss Dry Mouth Listerine String", "relevancy_score": 12.26290909090909, "price": "$18.53"}, {"title": "Keeko - Coconut Oil Pulling Mouthwash Sachets Morning Mint - 14 Sachet(s)", "tags": "Kids Oral Care Crest Mouthwash Listerine ACT All", "relevancy_score": 0.0, "price": "$27.85"}, {"title": "Harmon Face Values 33.8 oz. Alcohol-Free Antiseptic Oral Rinse in Zesty Mint", "tags": "", "relevancy_score": 0.0, "price": "$15.03"}, {"title": "Biotene Dry Mouth Mouthwash 8 oz (Pack of 2)", "tags": "Oral Pain Relief All Accessories Listerine Breath Freshener Mouthwash Toothpaste", "relevancy_score": 0.0, "price": "$14.55"}, {"title": "Tom's of Maine Long Lasting Wicked Fresh Mouthwash, Cool Mountain Mint 16 oz (Pack of 4)", "tags": "Kids Oral Care Toms Toothpaste Tom's of Maine Body Wash & Bar Soaps New in All Whitening Gift Ideas for", "relevancy_score": 171.95042105263158, "price": "$21.62"}, {"title": "2 Pack - Listerine Ultraclean Antiseptic Fresh Citrus 1500 mL", "tags": "All Dental Floss Breath Freshener Dry Mouth Mouthwash Listerine String", "relevancy_score": 420.6866341463415, "price": "$27.53"}, {"title": "2 Pack Act Kids Anti-Cavity Fluoride Rinse, Bubblegum Blowout 16.9 Oz Each", "tags": "Listerine Colgate All Dry Mouth Mouthwash ACT Men's Personal Care", "relevancy_score": 5.093290322580645, "price": "$16.11"}, {"title": "Listerine Antiseptic Mouthwash, Cool Mint - 250 ml", "tags": "Kids Oral Care Men's Body Wash Oral-B All Dry Mouth Mouthwash Listerine Cremo", "relevancy_score": 1939.09571040724, "price": "$8.98"}, {"title": "Plax Advanced Formula Plaque Loosening Rinse, Soft Mint, 16 Oz", "tags": "Kids Oral Care Crest Mouthwash Listerine ACT All", "relevancy_score": 0.0, "price": "$18.79"}, {"title": "Colgate Total Gum Health Antiplaque Mouthwash, Clean Mint 16.90 oz (Pack of 6)", "tags": "Kids Oral Care Crest All Toothpaste Colgate Total Optic White Whitening", "relevancy_score": 0.0, "price": "$37.99"}, {"title": "Colgate Anticavity Fluoride Rinse Alcohol Free Bubble Fruit 8.4 Fl Oz (6 Pack)", "tags": "", "relevancy_score": 0.0, "price": "$29.99"}, {"title": "Total Care 1l Size 33.8z Total Care Anticavity Mouthwash Fresh Mint 1 Liter, Aids in the prevention of dental cavities. By Listerine", "tags": "Crest Mouthwash All Dental Floss Dry Mouth Listerine String", "relevancy_score": 0.0, "price": "$25.99"}, {"title": "Moisyn Dry Mouth Mouthwash, Alcohol-Free, 10 fl oz", "tags": "Kids Oral Care Crest Mouthwash Listerine All Breath Freshener", "relevancy_score": 0.0, "price": "$17.99"}, {"title": "Glyco-Thymoline  Liquid 16 oz", "tags": "Kids Oral Care Crest Mouthwash Listerine ACT All", "relevancy_score": 5.093290322580645, "price": "$15.75"}, {"title": "Biotene Dry Mouth Mouthwash 8 oz (Pack of 2)", "tags": "Oral Pain Relief All Accessories Listerine Breath Freshener Mouthwash Toothpaste", "relevancy_score": 0.0, "price": "$14.55"}, {"title": "Crest Pro-Health Multi-Protection Mouthwash, Refreshing Clean Mint 16.90 oz", "tags": "Crest Mouthwash All Toothpaste Whitening Strips Teeth Dry Mouth", "relevancy_score": 8765.847162790698, "price": "$8.36"}, {"title": "Listerine Zero Mouthwash, Clean Mint 16.9 oz (Pack of 2)", "tags": "Crest Mouthwash All Dental Floss Dry Mouth Listerine String", "relevancy_score": 0.0, "price": "$15.64"}, {"title": "Colgate Total Pro-Shield Alcohol Free Mouthwash, Spearmint - 1L, 33.8 Fluid Ounce", "tags": "Deodorants & Antiperspirants Men's Bath Body Colgate Total Toothpaste All Dry Mouth Mouthwash", "relevancy_score": 47427.584154806034, "price": "$13.38"}, {"title": "Colgate Peroxyl Antiseptic Oral Cleanser Mild Mint 8.4 oz (Pack of 3)", "tags": "Kids Oral Care Colgate Total Toothpaste All Dry Mouth Mouthwash Optic White", "relevancy_score": 0.0, "price": "$24.13"}, {"title": "Tom's of Maine Long Lasting Wicked Fresh Mouthwash, Cool Mountain Mint 16 oz (Pack of 2)", "tags": "Kids Oral Care Toms Toothpaste Listerine All Dry Mouth Mouthwash ACT", "relevancy_score": 171.95042105263158, "price": "$15.06"}, {"title": "Colgate Kids Anticavity Mouthwash, Minions, Bubble Fruit - 500mL, 16.9 fluid ounce", "tags": "Listerine Colgate Toothbrushes All Dry Mouth Mouthwash ACT", "relevancy_score": 156.99707462686567, "price": "$15.52"}, {"title": "3 Pack - SmartMouth Mouthwash Packets Clean Mint 10 Each", "tags": "Oral Pain Relief Kids Care Travel Size Toiletries & Kits Listerine Mouthwash All Toothpaste", "relevancy_score": 10.18075, "price": "$26.90"}, {"title": "Dr. Tichenor'S Antiseptic Mouthwash Concentrate, Peppermint, 2 Oz.", "tags": "", "relevancy_score": 0.0, "price": "$2.41"}, {"title": "ACT Total Care Anticavity Fluoride Mouthwash Icy Clean Mint 18 oz Each", "tags": "Kids Oral Care Crest Listerine All Dry Mouth Mouthwash Men's Personal", "relevancy_score": 0.0, "price": "$13.03"}, {"title": "2 Pack Listerine Cool Mint Antiseptic MouthWash Travel Size 3.2oz Each", "tags": "Kids Oral Care All Dental Floss Dry Mouth Mouthwash Listerine String", "relevancy_score": 1939.09571040724, "price": "$7.03"}, {"title": "ACT Total Care Dry Mouth Anticavity Fluoride Mouthwash Soothing Mint 33.80 oz (Pack of 2)", "tags": "Kids Oral Care All Accessories Breath Freshener Dry Mouth Mouthwash Men's Personal", "relevancy_score": 4.093290322580645, "price": "$24.50"}, {"title": "Listerine Antiseptic Moutwash Original Flavor 1.5 Liter Bottle (Pack of 2) : Listerine Mouthwash Original Flavor", "tags": "Crest Mouthwash All Dental Floss Dry Mouth Listerine String", "relevancy_score": 2460.331926199262, "price": "$27.99"}, {"title": "3 Pack - Orajel Antiseptic For All Mouth Sore Rinse, Kills Bacteria - 16 OZ Each", "tags": "Oral Pain Relief Kids Care Crest Mouthwash Listerine All", "relevancy_score": 107.05501886792453, "price": "$26.68"}, {"title": "SmartMouth Original Activated Mouthwash, Clean Mint 16 oz (Pack of 2)", "tags": "Kids Oral Care Crest Mouthwash Listerine ACT All", "relevancy_score": 5.093290322580645, "price": "$26.99"}, {"title": "Fresh Mint Oral Heath Rinse, 3 Bottles 16.9 oz each.", "tags": "Kids Oral Care Crest Mouthwash Listerine ACT All", "relevancy_score": 0.0, "price": "$16.99"}, {"title": "Colgate Total Advanced Pro-Shield Mouthwash, Spearmint Surge 33.8 oz (Pack of 2)", "tags": "Kids Oral Care Colgate Total Toothpaste All Dry Mouth Mouthwash Optic White", "relevancy_score": 0.0, "price": "$21.09"}, {"title": "Colgate Optic White Mouthwash Sparkling Fresh Mint 8 oz (Pack of 4)", "tags": "Kids Oral Care Crest All Toothpaste Colgate Total Optic White Whitening", "relevancy_score": 0.0, "price": "$21.86"}, {"title": "BLINGDAY Toothpaste Tablet Mouthwash Tablets Mint Flavor - (4 Pack Total 64 Tablets)", "tags": "Kids Oral Care Crest Mouthwash Listerine ACT All", "relevancy_score": 0.0, "price": "$9.99"}, {"title": "Act Total Care Anticavity Fluoride Mouthwash Sensitive Formula, Mild Mint - 18 Oz, 3 Pack", "tags": "Kids Oral Care Crest Listerine All Dry Mouth Mouthwash Men's Personal", "relevancy_score": 15.26290909090909, "price": "$24.05"}, {"title": "NOW Foods Xyli-White Mouthwash - Refreshmint 16 fl oz Liquid", "tags": "Kids Oral Care Crest Mouthwash Listerine ACT All", "relevancy_score": 42.06738461538461, "price": "$8.20"}, {"title": "2 Pack - ACT Anticavity Fluoride Rinse Mint 18 oz Each", "tags": "Kids Oral Care Crest Listerine All Dry Mouth Mouthwash Men's Personal", "relevancy_score": 293.3489565217392, "price": "$15.87"}, {"title": "6 Pack - Gly-Oxide Liquid Antiseptic Oral Cleanser 2oz Each", "tags": "Kids Oral Care Crest Mouthwash Listerine ACT All", "relevancy_score": 270.6831627906977, "price": "$66.00"}, {"title": "Crest Pro-Health Wintermint Multi-Protection Invigorating Mouthwash, 1 L (33.8 fl oz)", "tags": "Kids Oral Care Crest Mouthwash All Toothpaste Colgate Dry Mouth", "relevancy_score": 182.287, "price": "$12.43"}, {"title": "My Magic Mud Activated Charcoal Alcohol Free Oral Rinse Cinnamon, 14.2 Oz, 2 Pack", "tags": "Toms Toothpaste All Whitening Strips Teeth Manual Toothbrushes Hello", "relevancy_score": 0.0, "price": "$20.45"}, {"title": "Listerine Cool Mint 3.2 oz. (Set of 3)", "tags": "Crest Mouthwash All Dental Floss Dry Mouth Listerine String", "relevancy_score": 0.0, "price": "$17.73"}, {"title": "BreathRx DIS364 Anti-Bacterial Mouth Rinse Prevents Plaque & Attacks Odor-Causing Bacteria (2-Pack)", "tags": "", "relevancy_score": 0.0, "price": "$33.23"}, {"title": "GUM Rincinol P.R.N. Mouth Sore Rinse 4 oz (Pack of 3)", "tags": "Oral Pain Relief Kids Care Crest Mouthwash Listerine All", "relevancy_score": 5.093290322580645, "price": "$26.78"}, {"title": "SmartMouth Original Activated Mouthwash, Clean Mint 16 oz (Pack of 6)", "tags": "Oral Pain Relief Kids Care Travel Size Toiletries & Kits Listerine Mouthwash All Toothpaste", "relevancy_score": 0.0, "price": "$69.60"}, {"title": "Listerine Ultraclean Antiseptic Fresh Citrus 1500 mL (Pack of 4)", "tags": "All Dental Floss Breath Freshener Dry Mouth Mouthwash Listerine String", "relevancy_score": 64.57432558139536, "price": "$57.96"}, {"title": "Nylabone Advanced Oral Care Liquid Tartar Remover with Green Tea Extract 16 oz - Pack of 3", "tags": "All Dog Toys Nylabone Dental Treats Puppy Chew Toy Long Lasting Chews Hartz Pet Supplies", "relevancy_score": 5.093290322580645, "price": "$33.96"}, {"title": "Natural Dentist Healthy Gums Antigingivitis Rinse Peppermint Twist 16.9 Ounce", "tags": "Kids Oral Care Crest Mouthwash Listerine ACT All", "relevancy_score": 0.0, "price": "$21.99"}, {"title": "2 Pack - ACT Total Care Anticavity Fluoride Mouthwash Icy Clean Mint 18 oz Each", "tags": "Kids Oral Care Crest Listerine All Dry Mouth Mouthwash Men's Personal", "relevancy_score": 0.0, "price": "$18.32"}, {"title": "Crest Pro-Health Advanced Mouthwash with Extra Tartar Protection, Refreshing Mint 33.80 oz (Pack of 2)", "tags": "Crest Mouthwash All Toothpaste Whitening Strips Teeth", "relevancy_score": 0.0, "price": "$23.99"}, {"title": "Butler G-U-M Rincinol P.R.N Oral Rinse, Canker Sore Pain Reliver 1770R, 4 Oz, 3 Pack", "tags": "Makeup Brush Sets College Mirrors All Brushes e.l.f. Applicators Cottons Pads &", "relevancy_score": 0.0, "price": "$29.62"}, {"title": "2 Packs Colgate Anticavity Fluoride Toothpaste & Mouthwash (2 IN 1) Icy Blast Whitening Liquid Gel 4.6 oz Each", "tags": "Kids Oral Care Crest All Toothpaste Colgate Total Optic White Whitening", "relevancy_score": 0.0, "price": "$11.99"}, {"title": "SmartMouth Dry Mouth Oral Rinse, Mints and Toothpaste Bundle", "tags": "Oral Pain Relief Kids Care All Accessories Breath Freshener ACT Mouthwash Toothpaste", "relevancy_score": 10.18075, "price": "$34.26"}, {"title": "Listerine Smart Rinse, Mint Shield 16.9 oz (Pack of 6)", "tags": "Kids Oral Care All Dental Floss Dry Mouth Mouthwash Listerine String", "relevancy_score": 911.5180344827586, "price": "$36.76"}, {"title": "2 Pack Firefly Hello Kitty Anti-Cavity Mouth Rinse, Melon Kiss Flavor 16 oz each", "tags": "All Minnie Mouse Hello Kitty Kids Electronics Clothing Womens Home Decor Baby Movies and TV Shows Adult", "relevancy_score": 0.0, "price": "$17.34"}, {"title": "ACT Total Care Anticavity Fluoride Mouthwash Sensitive Formula Mild Mint 18 oz (Pack of 6)", "tags": "Kids Oral Care Crest Listerine All Dry Mouth Mouthwash Men's Personal", "relevancy_score": 5.093290322580645, "price": "$39.91"}, {"title": "Colgate Anticavity Fluoride Mouthrinse for Kids, Bello Bubble Fruit, 16.9 Oz, 6 Pack", "tags": "Kids Oral Care Crest Mouthwash Listerine ACT All", "relevancy_score": 0.0, "price": "$46.33"}, {"title": "Listerine Ultra Clean Antiseptic Mouthwash, Arctic Mint  - 1.5 Ltr, 2 Pack", "tags": "Crest Mouthwash All Dental Floss Dry Mouth Listerine String", "relevancy_score": 0.0, "price": "$26.05"}, {"title": "Plax Dental Rinse Soft Mint 24 oz (Pack of 6)", "tags": "Kids Oral Care Crest Mouthwash Listerine ACT All", "relevancy_score": 0.0, "price": "$56.12"}, {"title": "Lumineux Oral Essentials - Medically Developed Mouthwash Whitening - 16 fl. oz.", "tags": "Crest Mouthwash Listerine All Teeth Whitening", "relevancy_score": 0.0, "price": "$20.19"}, {"title": "act total care dry soothing mouthwash, mint, 18 ounce", "tags": "Kids Oral Care Crest Listerine All Dry Mouth Mouthwash Men's Personal", "relevancy_score": 0.0, "price": "$10.55"}, {"title": "Listerine Mouthwash Cool Mint - 16.6 oz, Pack of 2", "tags": "Oral B Manual Toothbrushes Oral-B All Dry Mouth Mouthwash Listerine", "relevancy_score": 3487.577238095238, "price": "$16.09"}, {"title": "4 Pack - GUM Rincinol P.R.N. Mouth Sore Rinse 4 oz", "tags": "Kids Oral Care Crest Mouthwash Listerine ACT All", "relevancy_score": 0.0, "price": "$33.19"}, {"title": "SmartMouth SM260U Clinical DDS Activated Oral Rinse 3.3 oz. 2 Bottle System", "tags": "Oral Pain Relief Kids Care Therabreath Mouthwash Travel Size Toiletries & Kits Colgate Oral-B All Toothpaste", "relevancy_score": 0.0, "price": "$15.29"}, {"title": "3 Pack - Listerine Ultra Clean Antiseptic Mouthwash, Cool Mint 1.8 oz", "tags": "Crest Mouthwash All Dental Floss Dry Mouth Listerine String", "relevancy_score": 4024.4000932203394, "price": "$31.37"}, {"title": "Biotene Dry Mouth Wash Gentle Oral Rinse, Mild Mint, 16 Oz, 2 Pack", "tags": "Crest Mouthwash Listerine ACT All Toothpaste", "relevancy_score": 0.0, "price": "$26.34"}, {"title": "Firefly Hello Kitty Anti-Cavity Mouth Rinse, Melon Kiss Flavor 16 oz each", "tags": "All Minnie Mouse Hello Kitty Kids Electronics Clothing Womens Home Decor Baby Movies and TV Shows Adult", "relevancy_score": 0.0, "price": "$11.98"}, {"title": "Doc Johnson Goodhead Wet Head Dry Mouth Spray, Juicy Apple", "tags": "Deodorants & Antiperspirants Stock up on Body Wash Men's Bath Old Spice Razors and Razor Blades Dove Men + Care 2-in-1 Hair", "relevancy_score": 0.0, "price": "$31.00"}, {"title": "Colgate Kids Minions Bello Anticavity Fluoride Mouthwash, Bubble Fruit 16.9 oz (Pack of 4)", "tags": "Kids Oral Care Listerine Baby All Dry Mouth Mouthwash Colgate Toothpaste", "relevancy_score": 0.0, "price": "$27.22"}, {"title": "Oral Essentials Inc Lumineux Clean & Fresh Mouthwash Travel Size 2 Ounce", "tags": "Kids Oral Care Crest Mouthwash Listerine ACT All", "relevancy_score": 0.0, "price": "$12.69"}, {"title": "4 Pack Act Kids Anti-Cavity Fluoride Rinse, Bubblegum Blowout 16.9 Oz Each", "tags": "Kids Toothbrushes Electric All Dry Mouth Mouthwash ACT Men's Personal Care", "relevancy_score": 121.28533333333333, "price": "$27.46"}, {"title": "6 Pack - Listerine Healthy White Anticavity Mouthrinse, 32 oz", "tags": "Crest Mouthwash All Dental Floss Dry Mouth Listerine String", "relevancy_score": 2403.9348260869565, "price": "$68.19"}, {"title": "6 Pack - SmartMouth Mouthwash Packets Clean Mint 10 Each", "tags": "Kids Oral Care Crest Mouthwash Listerine ACT All", "relevancy_score": 5.093290322580645, "price": "$47.01"}, {"title": "Orajel Analgesic and Astringent Rinse Toothache Double Medicated Soothing Mint,1 Ea, 2 Pack", "tags": "Oral Pain Relief Kids Care Crest Mouthwash Listerine All", "relevancy_score": 0.0, "price": "$25.08"}, {"title": "Custom Teeth Night Guard For Teeth Grinding, Bruxism, Bite Guard, Mouth Guard Extra Durable For Maximum Protection and Comfort - Upper", "tags": "Denture Adhesive All Oral Accessories Teeth Whitening Oral-B Night Guard", "relevancy_score": 10.18075, "price": "$66.99"}, {"title": "Listerine Total Care Anticavity Mouthwash, Cinnamint 33.8 oz (Pack of 2)", "tags": "Crest Mouthwash All Dental Floss Dry Mouth Listerine String", "relevancy_score": 5.093290322580645, "price": "$23.06"}, {"title": "Listerine Ultraclean Antiseptic Arctic Mint 1500 mL", "tags": "All Dental Floss Breath Freshener Dry Mouth Mouthwash Listerine String", "relevancy_score": 1258.1112233009708, "price": "$16.91"}, {"title": "3 Pack - Listerine Ultraclean Antiseptic Mouthwash, Fresh Citrus 1000 mL", "tags": "All Dental Floss Breath Freshener Dry Mouth Mouthwash Listerine String", "relevancy_score": 420.6866341463415, "price": "$31.76"}, {"title": "Cepacol Antibacterial Mouthwash And Gargle, Gold - 24 Oz, 3 Pack", "tags": "Kids Oral Care Crest Mouthwash Listerine ACT All", "relevancy_score": 0.0, "price": "$28.08"}, {"title": "Colgate Total Daily Repair Toothpaste 5.8 oz (Pack of 6)", "tags": "Kids Oral Care Crest All Toothpaste Colgate Total Optic White Whitening", "relevancy_score": 298.98825, "price": "$25.63"}, {"title": "3 Pack - Listerine Cool Mint Zero Alcohol Mouthwash, 3.2 oz", "tags": "Kids Oral Care All Dental Floss Dry Mouth Mouthwash Listerine String", "relevancy_score": 13750.866975483126, "price": "$7.86"}, {"title": "Glyco-Thymoline Liquid 16 oz (Pack of 3)", "tags": "Kids Oral Care Crest Mouthwash Listerine ACT All", "relevancy_score": 0.0, "price": "$37.88"}, {"title": "Biotene Dry Mouth Gentle Oral Rinse, Mild Mint, 16 Ounces each", "tags": "Oral Pain Relief All Accessories Listerine Breath Freshener Mouthwash Toothpaste", "relevancy_score": 5.093290322580645, "price": "$15.00"}, {"title": "ACT Restoring Anticavity Fluoride Mouthwash, Mint Burst, Alcohol-Free, 3 Oz", "tags": "Kids Oral Care Crest All Toothpaste Pro Health Dry Mouth Mouthwash Men's Personal", "relevancy_score": 1.0932903225806452, "price": "$6.22"}, {"title": "Floris Rose by Floris London 3.4 oz Concentrated Mouth Wash", "tags": "Premium Beauty Tools & Tech Anti-Aging Devices Face Cleansers Self Care Pampering Foreo Cleansing", "relevancy_score": 0.0, "price": "$65.00"}, {"title": "Product of Crest Pro-Health Multi-Protection Clean Mint Mouthwash, 3 pk./1L - Oral Rinse & Mouthwash [Bulk Savings]", "tags": "Crest Mouthwash All Toothpaste Listerine Pro Health", "relevancy_score": 0.0, "price": "$19.11"}, {"title": "Crest Crest + Scope Rinse, Classic Mint, 36 mL Bottle, 180/Carton", "tags": "Kids Oral Care Crest Mouthwash Colgate Toothbrushes All Dry Mouth Toothpaste", "relevancy_score": 5.093290322580645, "price": "$91.24"}, {"title": "2 Pack - Colgate Total Gum Health Antiplaque Mouthwash, Clean Mint 16.90 oz", "tags": "Crest Mouthwash Colgate Total Toothpaste All Dry Mouth", "relevancy_score": 274.74895652173916, "price": "$16.06"}, {"title": "2 Pack - Colgate Enamel Health Anticavity Fluoride Mouthwash, Sparkling Fresh Mint 16.90 oz", "tags": "Colgate Total Toothpaste All Dry Mouth Mouthwash ACT Optic White", "relevancy_score": 0.0, "price": "$18.86"}, {"title": "3 Pack - Listerine Ultraclean Antiseptic Cool Mint 500 mL", "tags": "All Dental Floss Breath Freshener Dry Mouth Mouthwash Listerine String", "relevancy_score": 4099.201719042664, "price": "$24.42"}, {"title": "3 Pack - ACT Kids Anticavity Fluoride Rinse, Bubble Gum Blow Out 16.9 oz", "tags": "Kids Toothbrushes Electric All Dry Mouth Mouthwash ACT Men's Personal Care", "relevancy_score": 0.0, "price": "$18.35"}, {"title": "Xlear Spry Mouth Wash - Mountain Mint 16 fl oz Liquid", "tags": "Netipots Children's Allergy FSA/HSA Eligible Inhalers and Irrigators Sinus Medicine Nasal Care Cough, Cold, & Flu Congestion", "relevancy_score": 4.093290322580645, "price": "$16.80"}, {"title": "4 Pack - Crest Pro-Health Multi-Protection Oral Rinse, Refreshing Clean Mint 1000 mL", "tags": "Crest Mouthwash All Toothpaste Whitening Strips Teeth", "relevancy_score": 8604.846336842105, "price": "$46.42"}, {"title": "Crest Scope Outlast Mint Mouthwash, 3 pk./1L", "tags": "Oral-B Electric Toothbrushes Dove Body Bars Wash & Scrubs Schick Razors Colgate All Toothpaste Olay Optic White", "relevancy_score": 0.0, "price": "$23.46"}, {"title": "Listerine Cool Mint Antiseptic Mouthwash for Bad Breath, Travel Size 3.2 oz - Pack of 12", "tags": "", "relevancy_score": 0.0, "price": "$35.99"}, {"title": "Colgate Total Gum Health Mouthwash, Clean Mint 33.8 oz (Pack of 2)", "tags": "Kids Oral Care Colgate Total Toothpaste All Dry Mouth Mouthwash Optic White", "relevancy_score": 324.5657142857143, "price": "$21.32"}, {"title": "The Natural Dentist Pre-Brush Antigingivitis Whitening Mouth Rinse, Clean Mint - 16 Oz", "tags": "Kids Oral Care Crest Mouthwash Listerine ACT All", "relevancy_score": 0.0, "price": "$15.27"}, {"title": "Crest Pro-Health Advanced Alcohol Free Fluoride Anticavity Extra Deep Clean Mouthwash Fresh Mint", "tags": "Crest Mouthwash All Toothpaste Whitening Strips Teeth Dry Mouth", "relevancy_score": 4.093290322580645, "price": "$149.95"}, {"title": "Listerine Total Care Anticavity Mouthwash, Cinnamint 33.8 oz (Pack of 6)", "tags": "Crest Mouthwash All Dental Floss Dry Mouth Listerine String", "relevancy_score": 0.0, "price": "$65.27"}, {"title": "2 Pack - Listerine Total Care Zero Fresh Mint 500 mL", "tags": "Kids Oral Care Crest Mouthwash Listerine ACT All", "relevancy_score": 0.0, "price": "$17.17"}, {"title": "Listerine Cool Mint Antibacterial Mouthwash (500ml) - Pack of 6", "tags": "Kids Oral Care Crest Mouthwash Listerine ACT All", "relevancy_score": 0.0, "price": "$39.60"}, {"title": "The Natural Dentist Healthy Breath Antiseptic Rinse, Cool Mint, 16.9 Oz Bottle", "tags": "Crest Mouthwash Listerine Clean Living Oral Care All Toothpaste", "relevancy_score": 10.18075, "price": "$18.16"}, {"title": "Dr. Ginger's Fluoride Free Coconut Mint Mouthwash, 12 Fl. Oz.", "tags": "Kids Oral Care Crest Mouthwash Listerine All Charcoal Teeth Whitening", "relevancy_score": 0.0, "price": "$17.19"}, {"title": "GUM Afta Clear Mouth Wash 120ml", "tags": "Crest Mouthwash Therabreath Listerine ACT All", "relevancy_score": 5.093290322580645, "price": "$24.80"}, {"title": "Listerine Antiseptic Mouthwash, Cool Mint, Deeper Clean - 8.5 oz, Pack of 2", "tags": "Crest Mouthwash All Dental Floss Dry Mouth Listerine String", "relevancy_score": 4774.0072734375, "price": "$15.96"}, {"title": "Original Antiseptic Mouthwash 500 mL (Packs of 3), Clinically shown to reduce more plaque than brushing and flossing alone By Listerine", "tags": "Crest Mouthwash All Dental Floss Dry Mouth Listerine String", "relevancy_score": 0.0, "price": "$30.56"}, {"title": "Natural Dentist Healthy Gums Daily Oral Rinse, Natural Peppermint Twist Flavor - 16 Oz", "tags": "Kids Oral Care Crest Mouthwash Listerine ACT All", "relevancy_score": 0.0, "price": "$14.66"}, {"title": "Hello Oral Care Naturally Healthy Antigingivitis Fluoride Free and SLS Free Mouthwash with Aloe Vera and Coconut Oil, 3 Count", "tags": "Kids Oral Care Crest Mouthwash Listerine ACT All", "relevancy_score": 0.0, "price": "$34.70"}, {"title": "Crest 3D White Diamond Strong Mouthwash, 473 mL", "tags": "Crest Mouthwash Listerine 3D White Toothpaste All Dry Mouth Sensodyne", "relevancy_score": 732.8493469387756, "price": "$13.59"}, {"title": "Crest 3D White Brilliance Multi Care Whitening Mouthwash Clean Mint, 1.2 Oz", "tags": "Crest Mouthwash All Toothpaste Listerine Dry Mouth", "relevancy_score": 6.18075, "price": "$4.85"}, {"title": "Listerine Total Care Anticavity Mouthwash, Fresh Mint 500 mL (Pack of 2)", "tags": "Crest Mouthwash All Dental Floss Dry Mouth Listerine String", "relevancy_score": 1226.6337857142858, "price": "$17.54"}, {"title": "Biotene Dry Mouth Mouthwash 8 oz (Pack of 4)", "tags": "Kids Oral Care Crest Mouthwash Listerine ACT All", "relevancy_score": 0.0, "price": "$22.32"}, {"title": "Herbal Choice Mari Organic Mouth Wash, 1:10 Concentrate; 8floz BPA-Free Plastic", "tags": "Kids Oral Care Crest Mouthwash Listerine ACT All", "relevancy_score": 0.0, "price": "$14.99"}, {"title": "Smartmouth 24 Hours Original Mouthwash Packets, Fresh Breath - 10 Ea, 2 Pack", "tags": "Kids Oral Care Crest Mouthwash Travel Size Toiletries & Kits Listerine All", "relevancy_score": 0.0, "price": "$23.55"}, {"title": "tom's of maine long lasting wicked fresh cool mountain mint mouth wash, 16 ounce bottles, pack of 6", "tags": "Kids Oral Care Crest Mouthwash Listerine ACT All", "relevancy_score": 0.0, "price": "$46.51"}, {"title": "Glyco-Thymoline  Liquid 16 oz (Pack of 6)", "tags": "Kids Oral Care Crest Mouthwash Listerine ACT All", "relevancy_score": 0.0, "price": "$63.06"}, {"title": "3 Pack - Colgate Total Daily Repair Toothpaste 5.8 oz", "tags": "Kids Oral Care Crest All Toothpaste Colgate Total Optic White Whitening", "relevancy_score": 300.97873684210526, "price": "$16.59"}, {"title": "DALE AUDREY - AYURVEDIC OIL PULLING RINSE MINT", "tags": "Kids Oral Care Crest Mouthwash Listerine ACT All", "relevancy_score": 0.0, "price": "$35.00"}, {"title": "Act Dry Mouth Lozenges with Xylitol Soothing Mint", "tags": "Kids Oral Care All Accessories Breath Freshener Dry Mouth Mouthwash Men's Personal", "relevancy_score": 0.0, "price": "$10.59"}, {"title": "Natural Dentist Healthy Gums Daily Oral Rinse, Orange Zest - 16 Oz, 2 Pack", "tags": "Kids Oral Care Crest Mouthwash Listerine ACT All", "relevancy_score": 0.0, "price": "$21.72"}, {"title": "5 Pack Listerine Cool Mint Antiseptic MouthWash Travel Size 3.2oz Each", "tags": "Kids Oral Care All Dental Floss Dry Mouth Mouthwash Listerine String", "relevancy_score": 1934.3952653061224, "price": "$14.45"}, {"title": "Colgate Total Advanced Pro-Shield Mouthwash, Spearmint Surge - 500 Ml, 6 Pack", "tags": "Kids Oral Care Crest Mouthwash Listerine ACT All", "relevancy_score": 0.0, "price": "$38.85"}, {"title": "6 PACKS : Listerine Ultraclean Antiseptic Mouthwash Artic Mint 1L", "tags": "All Dental Floss Breath Freshener Dry Mouth Mouthwash Listerine String", "relevancy_score": 0.0, "price": "$72.80"}, {"title": "Natural Dentist Healthy Gums Daily Oral Rinse, Natural Peppermint Twist Flavor - 16 Oz", "tags": "Crest Mouthwash Therabreath Listerine All Toothpaste", "relevancy_score": 0.0, "price": "$14.66"}, {"title": "TOM'S OF MAINE Silly Strawberry Childrens Fluoride Rinse 16 OUNCE, Pack of 2", "tags": "Kids Oral Care Crest Mouthwash Listerine ACT All", "relevancy_score": 0.0, "price": "$35.64"}, {"title": "Listerine Antiseptic Mouthwash, Cool Mint, Deeper Clean - 8.5 oz, 3 Pack", "tags": "Crest Mouthwash All Dental Floss Dry Mouth Listerine String", "relevancy_score": 1934.3952653061224, "price": "$18.97"}, {"title": "Mouthwash Listerine Zero, 16.66 oz, Mint Flavor", "tags": "Crest Mouthwash All Dental Floss Dry Mouth Listerine String", "relevancy_score": 5.093290322580645, "price": "$11.79"}, {"title": "uncle harry's oral swish oil pulling for treatment teeth & gums (4 fl oz)", "tags": "Coily Hair Products Regrowth Treatments Desert Essence Perms Serums All", "relevancy_score": 0.0, "price": "$14.00"}, {"title": "ACT Anticavity Fluoride Rinse, Mint, 33.8 oz (Pack of 2)", "tags": "Kids Oral Care Crest Listerine All Dry Mouth Mouthwash Men's Personal", "relevancy_score": 0.0, "price": "$21.50"}, {"title": "Oral Essentials, Inc Lumineux Clean and Fresh Mouthwash 16 Ounce, Pack of 2", "tags": "Kids Oral Care Crest Mouthwash Listerine ACT All", "relevancy_score": 0.0, "price": "$36.28"}, {"title": "Colgate Total Advanced Pro-Shield Mouthwash, Spearmint Surge 33.8 oz (Pack of 4)", "tags": "Kids Oral Care Crest All Toothpaste Colgate Total Optic White Whitening", "relevancy_score": 0.0, "price": "$48.06"}, {"title": "Spry Spry Oral Rinse Wintergreen 16 Ounce, Pack of 2", "tags": "Kids Oral Care Crest Mouthwash Listerine ACT All", "relevancy_score": 0.0, "price": "$35.37"}, {"title": "2 Pack ACT Restoring Anticavity Fluoride Mouthwash Cool Splash Mint 18 oz Each", "tags": "Kids Oral Care Crest Listerine All Dry Mouth Mouthwash Men's Personal", "relevancy_score": 0.0, "price": "$17.64"}, {"title": "4 Pack Listerine Cool Mint Antiseptic MouthWash Travel Size 3.2oz Each", "tags": "Kids Oral Care All Dental Floss Dry Mouth Mouthwash Listerine String", "relevancy_score": 1934.3952653061224, "price": "$13.25"}, {"title": "Crest Pro-Health Advanced Clean Mint Mouthwash with Extra Deep Clean, 3 pk./1L", "tags": "Kids Oral Care Crest Mouthwash Listerine ACT All", "relevancy_score": 0.0, "price": "$30.10"}, {"title": "6 Pack - ACT Anticavity Fluoride Mouthwash Arctic Blast, 18 oz", "tags": "Kids Oral Care Crest Listerine All Dry Mouth Mouthwash Men's Personal", "relevancy_score": 0.0, "price": "$35.91"}, {"title": "Biotene Dry Mouth Wash Gentle Oral Rinse, Mild Mint, 16 Oz, 3 Pack", "tags": "Kids Oral Care Crest Mouthwash Listerine ACT All", "relevancy_score": 0.0, "price": "$35.61"}, {"title": "ACT Anticavity Fluoride Rinse Mint 18 oz Each", "tags": "Kids Oral Care Crest Listerine All Dry Mouth Mouthwash Men's Personal", "relevancy_score": 298.05909677419356, "price": "$12.05"}, {"title": "TheraNeem Neem Mouthwash, Cinnamon Therape | Freshens Breath, Supports Healthy Teeth and Gums, Vegan | Travel Size, 2oz", "tags": "Crest Mouthwash Therabreath Listerine Clean Living Oral Care ACT All", "relevancy_score": 5.093290322580645, "price": "$5.25"}, {"title": "Dr. Gingiva Gum Bleeding Treatment, Excellent Results for Gingivitis and Periodontitis, Perfect for Gum Disease Fluoride Toothpaste with Herbs 4.25 oz 12 count + 12 Free 1 OZ Toothpastes", "tags": "Crest Mouthwash Listerine ACT All Toothpaste", "relevancy_score": 0.0, "price": "$59.88"}]