[
    {
        "title": "Rubbermaid, Spring Top Wastebasket, 13.25 gal, White",
        "url": "https://www.walmart.com/ip/Rubbermaid-Spring-Top-Wastebasket-13-25-gal-White/38664636",
        "price": "$25.99",
        "stars": "3.2",
        "ratings": "62 ",
        "img": "i5.walmartimages.com/asr/aa700070-a518-4381-a094-05594cfa07b2_1.b5f958b8cc14f541d24425cb08d43796.jpeg?odnWidth=612&odnHeight=612&odnBg=ffffff",
        "tags": [
            [
                "Shop All Trash Cans",
                "/browse/home/shop-all-trash-cans/4044_623679_1032619_1010739_2693134"
            ],
            [
                "13 Gallon Trash Cans",
                "/browse/home/13-gallon-trash-cans/4044_623679_1032619_1010739_3445585"
            ],
            [
                "Shop All Bath Accessories",
                "/browse/home/shop-all-bath-accessories/4044_539095_2505058_4232402"
            ],
            [
                "Step Trash Cans",
                "/browse/home/step-trash-cans/4044_623679_1032619_1010739_4589017"
            ],
            [
                "Hefty Trash Cans",
                "/browse/home/hefty-trash-cans/4044_623679_1032619_1010739_5587690"
            ],
            [
                "Rubbermaid Trash Cans",
                "/browse/home/rubbermaid-trash-cans/4044_623679_1032619_1010739_7820977"
            ],
            [
                "Teens' Bathroom",
                "/browse/home/teens-bathroom/4044_1156136_9411830"
            ]
        ]
    },
    {
        "title": "Glow in the Dark Stars Printed Hoop Bed Canopy for Kids by Your Zone",
        "url": "https://www.walmart.com/ip/Glow-in-the-Dark-Stars-Printed-Hoop-Bed-Canopy-for-Kids-by-Your-Zone/974317000",
        "price": "$19.96",
        "stars": "4.3",
        "ratings": "22 ",
        "img": "",
        "tags": [
            [
                "Girls Bedding",
                "/browse/home/girls-bedding/4044_1154295_1156114_1232347"
            ],
            [
                "Shop All Kids' Bedding",
                "/browse/home/shop-all-kids-bedding/4044_1154295_1156114_2202167"
            ],
            [
                "Bed Canopies",
                "/browse/home/bed-canopies/4044_1154295_1156114_2543761"
            ],
            [
                "Princess Bedding",
                "/browse/home/princess-bedding/4044_1154295_1156114_2439708_4418793"
            ],
            [
                "Bed Tents",
                "/browse/home/bed-tents/4044_1154295_1156114_5523277"
            ],
            [
                "Kids' Themes",
                "/browse/home/kids-themes/4044_1154295_5819446"
            ],
            [
                "Kids Bed Canopies",
                "/browse/home/kids-bed-canopies/4044_1154295_1156114_9157682"
            ],
            [
                "Adult Bed Canopies",
                "/browse/home/adult-bed-canopies/4044_1154295_1156114_9638302"
            ]
        ]
    },
    {
        "title": "Honey Can Do Collapsible Double Hamper and Sorter, Natural",
        "url": "https://www.walmart.com/ip/Honey-Can-Do-Collapsible-Double-Hamper-and-Sorter-Natural/16656261",
        "price": "$21.31",
        "stars": "4.0",
        "ratings": "84 ",
        "img": "i5.walmartimages.com/asr/05144241-d11c-4cf6-be62-975f1da21e03.447d161f38c89d25b95a937034cbf8a0.jpeg?odnWidth=612&odnHeight=612&odnBg=ffffff",
        "tags": [
            [
                "Laundry Hampers",
                "/browse/home/laundry-hampers/4044_90828_7067220_1326557"
            ],
            [
                "Wicker Laundry Baskets",
                "/browse/home/wicker-laundry-baskets/4044_90828_7067220_2811544"
            ],
            [
                "Laundry Bags",
                "/browse/home/laundry-bags/4044_90828_7067220_3673846"
            ],
            [
                "Laundry Baskets with Wheels",
                "/browse/home/laundry-baskets-with-wheels/4044_90828_7067220_4063125"
            ],
            [
                "Laundry Baskets",
                "/browse/home/laundry-baskets/4044_90828_7067220_6280033"
            ],
            [
                "Collapsible Laundry Baskets",
                "/browse/home/collapsible-laundry-baskets/4044_90828_7067220_6738861"
            ],
            [
                "Hampers with Lids",
                "/browse/home/hampers-with-lids/4044_90828_7067220_7827595"
            ],
            [
                "Laundry Sorters",
                "/browse/home/laundry-sorters/4044_90828_7067220_9580341"
            ]
        ]
    },
    {
        "title": "Minnie Mouse 2-in-1 Kids Lamp with Night Light",
        "url": "https://www.walmart.com/ip/Minnie-Mouse-2-in-1-Kids-Lamp-with-Night-Light/495341246",
        "price": "$15.96",
        "stars": "4.1",
        "ratings": "45 ",
        "img": "i5.walmartimages.com/asr/3cb06013-4164-4fcf-8067-221eb668e4d6_3.bb90ec517f723403ff40bb5742fba7d8.jpeg?odnWidth=612&odnHeight=612&odnBg=ffffff",
        "tags": [
            [
                "Kids' Wall Decals & Stickers",
                "/browse/home/kids-wall-decals-stickers/4044_1154295_1156072_1156772"
            ],
            [
                "Kids' Wall Art",
                "/browse/home/kids-wall-art/4044_1154295_1156072_1157381"
            ],
            [
                "Shop All Kids' Decor",
                "/browse/home/shop-all-kids-decor/4044_1154295_1156072_2546143"
            ],
            [
                "Teens' Room Decor",
                "/browse/home/teens-room-decor/4044_1156136_2806866"
            ],
            [
                "Kids' Lamps & Lights",
                "/browse/home/kids-lamps-lights/4044_1154295_1156072_3933938"
            ],
            [
                "Kids' Night Lights",
                "/browse/home/kids-night-lights/4044_1154295_1156072_4846563"
            ],
            [
                "Night Lights",
                "/browse/home/night-lights/4044_133012_133113_5290384"
            ],
            [
                "Kids' Characters",
                "/browse/home/kids-characters/4044_1154295_6561064"
            ]
        ]
    },
    {
        "title": "Modern Glass and Metal X-Frame Black L-Shaped Corner Computer Desk by Manor Park",
        "url": "https://www.walmart.com/ip/Modern-Glass-and-Metal-X-Frame-Black-L-Shaped-Corner-Computer-Desk-by-Manor-Park/392167998",
        "price": "$119.00",
        "stars": 0,
        "ratings": 0,
        "img": "i5.walmartimages.com/asr/ec0333b7-16ee-4c26-8159-3451d82186a3_2.11e1bed8669d3bdce7a0ecadd8a936e8.jpeg?odnWidth=612&odnHeight=612&odnBg=ffffff",
        "tags": [
            [
                "Computer Desks",
                "/browse/home/computer-desks/4044_103150_97116_91851_2756086_1681587"
            ],
            [
                "Glass Desks",
                "/browse/home/glass-desks/4044_103150_97116_91851_6757509_1903551"
            ],
            [
                "Top Rated Desks",
                "/browse/home/top-rated-desks/4044_103150_97116_91851_3261462"
            ],
            [
                "Corner & L-Shaped Gaming Desks",
                "/browse/home/corner-l-shaped-gaming-desks/4044_103150_97116_4499720"
            ],
            [
                "Black Desks",
                "/browse/home/black-desks/4044_103150_97116_91851_5127598_7029153"
            ],
            [
                "Corner & L-Shaped Desks",
                "/browse/home/corner-l-shaped-desks/4044_103150_97116_8132099"
            ],
            [
                "Modern Desks",
                "/browse/home/modern-desks/4044_103150_97116_91851_2775109_9891314"
            ]
        ]
    },
    {
        "title": "Limelights Organizer Gooseneck Desk Lamp with Tablet Stand for Dorm Room, Pink",
        "url": "https://www.walmart.com/ip/Limelights-Organizer-Gooseneck-Desk-Lamp-with-Tablet-Stand-for-Dorm-Room-Pink/30308579",
        "price": "$21.00",
        "stars": "3.9",
        "ratings": "79 ",
        "img": "i5.walmartimages.com/asr/c00f6c1e-e747-49a3-865c-b5602f34af90_1.3448a27f6092b02ccb8c63a9ef958f62.jpeg?odnWidth=612&odnHeight=612&odnBg=ffffff",
        "tags": [
            [
                "Shop All Desk Lamps by Style",
                "/browse/home/shop-all-desk-lamps-by-style/4044_133012_133113_4887881_6171890_1411823_3849657"
            ],
            [
                "LED Desk Lamps",
                "/browse/home/led-desk-lamps/4044_133012_133113_4887881_6171890_4202342"
            ],
            [
                "Shop All Desk Lamps",
                "/browse/home/shop-all-desk-lamps/4044_133012_133113_4887881_6171890_4663722"
            ],
            [
                "Green Desk Lamps",
                "/browse/home/green-desk-lamps/4044_133012_133113_4887881_6171890_2170299_4860921"
            ],
            [
                "Shop All Desk Lamps by Color",
                "/browse/home/shop-all-desk-lamps-by-color/4044_133012_133113_4887881_6171890_2170299_5011261"
            ],
            [
                "Desk Lamps",
                "/browse/home/desk-lamps/4044_133012_133113_3820857_8818400"
            ],
            [
                "Shop All Desk Lamps by Finish",
                "/browse/home/shop-all-desk-lamps-by-finish/4044_133012_133113_4887881_6171890_5607606_8919148"
            ],
            [
                "Modern Desk Lamps",
                "/browse/home/modern-desk-lamps/4044_133012_133113_4887881_6171890_1411823_9672437"
            ]
        ]
    },
    {
        "title": "Your Zone Canvas Flip Chair, Blush",
        "url": "https://www.walmart.com/ip/Your-Zone-Canvas-Flip-Chair-Blush/808413866",
        "price": "$99.13",
        "stars": "4.0",
        "ratings": "46 ",
        "img": "i5.walmartimages.com/asr/39e24809-0bb7-4772-aa80-3793070721f0_4.9ff4bf08592a30e543a7e65217dc72a4.jpeg?odnWidth=612&odnHeight=612&odnBg=ffffff",
        "tags": [
            [
                "Teens' Lounge Seating",
                "/browse/home/teens-lounge-seating/4044_1156136_1156142_1156147"
            ],
            [
                "Saucer Chairs",
                "/browse/home/saucer-chairs/4044_1154295_1155958_7203266_3255153"
            ],
            [
                "Bean Bag Chairs",
                "/browse/home/bean-bag-chairs/4044_1154295_1155958_7203266_4850205"
            ],
            [
                "Fabric Chairs",
                "/browse/home/fabric-chairs/4044_103150_4038_7389568_6223867"
            ],
            [
                "All Accent Chairs",
                "/browse/home/all-accent-chairs/4044_103150_4038_7389568_7800022"
            ],
            [
                "Adult & Teen Bean Bag Chairs",
                "/browse/home/adult-teen-bean-bag-chairs/4044_1154295_1155958_7203266_8496525"
            ],
            [
                "All Kids' Chairs",
                "/browse/home/all-kids-chairs/4044_1154295_1155958_7203266_9300235"
            ],
            [
                "Kids' Upholstered Chairs",
                "/browse/home/kids-upholstered-chairs/4044_1154295_1155958_7203266_9760729"
            ]
        ]
    },
    {
        "title": "South Shore Summer Breeze 6-Drawer Double Dresser, Multiple Finishes",
        "url": "https://www.walmart.com/ip/South-Shore-Summer-Breeze-6-Drawer-Double-Dresser-Multiple-Finishes/3921886",
        "price": "$215.00",
        "stars": "3.8",
        "ratings": "547 ",
        "img": "i5.walmartimages.com/asr/72e83c7c-1f9d-46c7-a69b-6f4503b51fb0_1.fb206782912f8c2ee3666d8486bc9063.jpeg?odnWidth=612&odnHeight=612&odnBg=ffffff",
        "tags": [
            [
                "Teens' Dressers",
                "/browse/home/teens-dressers/4044_1156136_1156142_1156146"
            ],
            [
                "Kids' Brown Dressers",
                "/browse/home/kids-brown-dressers/4044_1154295_1155958_1156012_8655612_1280416"
            ],
            [
                "White Dressers",
                "/browse/home/white-dressers/4044_103150_102547_4000624_4044459_4007149"
            ],
            [
                "Shop all Dressers",
                "/browse/home/shop-all-dressers/4044_103150_102547_4000624_4417973"
            ],
            [
                "6 Drawer Dressers",
                "/browse/home/6-drawer-dressers/4044_103150_102547_4000624_9936014_6929548"
            ],
            [
                "Kids' White Dressers",
                "/browse/home/kids-white-dressers/4044_1154295_1155958_7041314"
            ],
            [
                "Girls Dressers",
                "/browse/home/girls-dressers/4044_1154295_1155958_1156012_8152368"
            ],
            [
                "Boys Dressers",
                "/browse/home/boys-dressers/4044_1154295_1155958_1156012_9711283"
            ]
        ]
    },
    {
        "title": "Queer Eye Farnsworth 5 Drawer Mid-Century Modern Dresser, Walnut",
        "url": "https://www.walmart.com/ip/Queer-Eye-Farnsworth-5-Drawer-Mid-Century-Modern-Dresser-Walnut/761444404",
        "price": "$230.00",
        "stars": "3.6",
        "ratings": "12 ",
        "img": "",
        "tags": [
            [
                "Oak Dressers",
                "/browse/home/oak-dressers/4044_103150_102547_4000624_4044459_2659676"
            ],
            [
                "White Dressers",
                "/browse/home/white-dressers/4044_103150_102547_4000624_4044459_4007149"
            ],
            [
                "Shop all Dressers",
                "/browse/home/shop-all-dressers/4044_103150_102547_4000624_4417973"
            ],
            [
                "Espresso Dressers",
                "/browse/home/espresso-dressers/4044_103150_102547_4000624_4044459_5630464"
            ],
            [
                "Modern Dressers",
                "/browse/home/modern-dressers/4044_103150_102547_4000624_8913665_6586036"
            ],
            [
                "5 Drawer Dressers",
                "/browse/home/5-drawer-dressers/4044_103150_102547_4000624_9936014_7954053"
            ],
            [
                "Black Dressers",
                "/browse/home/black-dressers/4044_103150_102547_4000624_4044459_8123277"
            ]
        ]
    },
    {
        "title": "Chezmoi Collection Navy Thermal Blackout Grommet Top Curtain Set of 2 Panels",
        "url": "https://www.walmart.com/ip/Chezmoi-Collection-Navy-Thermal-Blackout-Grommet-Top-Curtain-Set-of-2-Panels/268767576",
        "price": "$19.99",
        "stars": "4.8",
        "ratings": "16 ",
        "img": "i5.walmartimages.com/asr/7f9824c8-0c76-4055-b4fe-9dbf2b9f9670_1.025ff28a161c94f90772c33e1d7e40ce.jpeg?odnWidth=612&odnHeight=612&odnBg=ffffff",
        "tags": [
            [
                "Kids' Curtains",
                "/browse/home/kids-curtains/4044_133012_539105_1521917_1156112"
            ],
            [
                "Blackout Curtains",
                "/browse/home/blackout-curtains/4044_133012_539105_1521917_1331481"
            ],
            [
                "Best Cooling Sheets & Bedding for Hot Sleepers",
                "/browse/home/best-cooling-sheets-bedding-for-hot-sleepers/4044_1225301_2271072_1871287"
            ],
            [
                "Room Darkening Curtains",
                "/browse/home/room-darkening-curtains/4044_133012_539105_1521917_2277099"
            ],
            [
                "Teens' Room Decor",
                "/browse/home/teens-room-decor/4044_1156136_2806866"
            ],
            [
                "Kitchen Curtains",
                "/browse/home/kitchen-curtains/4044_133012_539105_1521917_414668"
            ],
            [
                "Curtain Sets",
                "/browse/home/curtain-sets/4044_133012_539105_7600818"
            ],
            [
                "Teen Curtains",
                "/browse/home/teen-curtains/4044_133012_539105_1521917_8856798"
            ]
        ]
    }
]