[
    {
        "title": "Wilton Support Rods and Caps, 14 pc",
        "url": "https://www.walmart.com/ip/Wilton-Support-Rods-and-Caps-14-pc/46092179",
        "price": "$12.43",
        "stars": "5.0",
        "ratings": "38 ",
        "img": "i5.walmartimages.com/asr/0b6c6486-dc70-40d1-b8e4-f6f2cd743883_1.d5c28f85e56c0fb553d62eb796de0037.jpeg?odnWidth=612&odnHeight=612&odnBg=ffffff",
        "tags": [
            [
                "Pastry Tools",
                "/browse/home/pastry-tools/4044_623679_133020_4496646_1908089"
            ],
            [
                "Cooking Utensils",
                "/browse/home/cooking-utensils/4044_623679_133020_4496646_3272847"
            ],
            [
                "Cookie Cutters & Cookie Presses",
                "/browse/home/cookie-cutters-cookie-presses/4044_623679_8455465_3792786"
            ],
            [
                "Cake & Bundt Pans",
                "/browse/home/cake-bundt-pans/4044_623679_8455465_4063398"
            ],
            [
                "Cake Stands",
                "/browse/home/cake-stands/4044_623679_639999_2347672_4998583"
            ],
            [
                "Decorating Tools",
                "/browse/home/decorating-tools/4044_623679_8455465_5760210"
            ],
            [
                "Whisks & Pastry Blenders",
                "/browse/home/whisks-pastry-blenders/4044_623679_8455465_9246304_8513880"
            ]
        ]
    },
    {
        "title": "Pyrex 3-quart Glass Baking Dish",
        "url": "https://www.walmart.com/ip/Pyrex-3-quart-Glass-Baking-Dish/19306115",
        "price": "$7.97",
        "stars": "4.9",
        "ratings": "29 ",
        "img": "i5.walmartimages.com/asr/cf90f374-de78-4012-ac8c-d81ee60a3689_4.afe40cc9ca48244443b073022e4d138e.jpeg?odnWidth=612&odnHeight=612&odnBg=ffffff",
        "tags": [
            [
                "Shop All Food Storage Containers",
                "/browse/home/shop-all-food-storage-containers/4044_623679_1032619_5842891_2687119"
            ],
            [
                "Kitchen Wedding Registry",
                "/browse/home/kitchen-wedding-registry/4044_623679_3700962"
            ],
            [
                "Bakeware Sets",
                "/browse/home/bakeware-sets/4044_623679_8455465_3756894"
            ],
            [
                "Cake & Bundt Pans",
                "/browse/home/cake-bundt-pans/4044_623679_8455465_4063398"
            ],
            [
                "Baking & Cookie Sheets",
                "/browse/home/baking-cookie-sheets/4044_623679_8455465_6795877"
            ],
            [
                "Glass Storage Containers",
                "/browse/home/glass-storage-containers/4044_623679_1032619_5842891_7520532"
            ],
            [
                "Meal Prep Containers",
                "/browse/home/meal-prep-containers/4044_623679_1032619_5842891_8561628"
            ],
            [
                "Dorm Dining & Hydration",
                "/browse/home/dorm-dining-hydration/4044_1225301_1225229_9951877"
            ]
        ]
    },
    {
        "title": "Blackstone Cast Iron Griddle Press with Non-Slip Handle, Medium",
        "url": "https://www.walmart.com/ip/Blackstone-Cast-Iron-Griddle-Press-with-Non-Slip-Handle-Medium/378070499",
        "price": "$14.97",
        "stars": "4.8",
        "ratings": "33 ",
        "img": "i5.walmartimages.com/asr/9ba205fc-8006-42f5-a222-203736654da9_1.08a6c9b29596b8aec260a7a1b23e56e7.jpeg?odnWidth=612&odnHeight=612&odnBg=ffffff",
        "tags": [
            [
                "Outdoor Griddle Tools & Accessories",
                "/browse/patio-garden/outdoor-griddle-tools-accessories/5428_4089_7885852_1798764"
            ],
            [
                "Outdoor Griddles",
                "/browse/patio-garden/outdoor-griddles/5428_4089_7375787_3867751"
            ],
            [
                "Shop All Flat Top Grills & Outdoor Griddles",
                "/browse/patio-garden/shop-all-flat-top-grills-outdoor-griddles/5428_4089_7375787_2640196_5023329"
            ],
            [
                "Grill Cookware and Supplies",
                "/browse/patio-garden/grill-cookware-supplies/5428_4089_7375787_6401690_5793366"
            ],
            [
                "Grill Presses",
                "/browse/patio-garden/grill-presses/5428_4089_7885852_4061204_7392621"
            ],
            [
                "Shop All Outdoor Cooking Tools & Accessories",
                "/browse/patio-garden/shop-all-outdoor-cooking-tools-accessories/5428_4089_7885852_7459216"
            ],
            [
                "Grill Tool Sets",
                "/browse/patio-garden/grill-tool-sets/5428_4089_7885852_4061204_9192724"
            ],
            [
                "Blackstone Griddles",
                "/browse/patio-garden/blackstone-griddles/5428_4089_7375787_8162326_9551746"
            ]
        ]
    },
    {
        "title": "Blackstone Signature Series Stainless Steel Hamburger Spatula",
        "url": "https://www.walmart.com/ip/Blackstone-Signature-Series-Stainless-Steel-Hamburger-Spatula/915675468",
        "price": "$14.97",
        "stars": "4.5",
        "ratings": "40 ",
        "img": "i5.walmartimages.com/asr/1ab83582-25a3-48e5-83b2-60985ea70064_1.a3755351c51587783aa52fcbc0192814.jpeg?odnWidth=612&odnHeight=612&odnBg=ffffff",
        "tags": [
            [
                "Shop All Grill Tools & Accessories",
                "/browse/patio-garden/shop-all-grill-tools-accessories/5428_4089_7885852_4061204_1612674"
            ],
            [
                "Outdoor Griddles",
                "/browse/patio-garden/outdoor-griddles/5428_4089_7375787_3867751"
            ],
            [
                "Shop All Flat Top Grills & Outdoor Griddles",
                "/browse/patio-garden/shop-all-flat-top-grills-outdoor-griddles/5428_4089_7375787_2640196_5023329"
            ],
            [
                "Grill Cookware and Supplies",
                "/browse/patio-garden/grill-cookware-supplies/5428_4089_7375787_6401690_5793366"
            ],
            [
                "Shop All Outdoor Cooking Tools & Accessories",
                "/browse/patio-garden/shop-all-outdoor-cooking-tools-accessories/5428_4089_7885852_7459216"
            ],
            [
                "Blackstone Grill Covers",
                "/browse/patio-garden/blackstone-grill-covers/5428_4089_7885852_8338689_3946576_7819504"
            ],
            [
                "Grill Tool Sets",
                "/browse/patio-garden/grill-tool-sets/5428_4089_7885852_4061204_9192724"
            ],
            [
                "Blackstone Griddles",
                "/browse/patio-garden/blackstone-griddles/5428_4089_7375787_8162326_9551746"
            ]
        ]
    },
    {
        "title": "Efavormart 54\" Seamless Polyester Square Tablecloth for Kitchen Dining Catering Wedding Birthday Party Decorations Events",
        "url": "https://www.walmart.com/ip/Efavormart-54-Seamless-Polyester-Square-Tablecloth-for-Kitchen-Dining-Catering-Wedding-Birthday-Party-Decorations-Events/839291553",
        "price": "$3.79",
        "stars": "4.2",
        "ratings": "25 ",
        "img": "i5.walmartimages.com/asr/2a5e855b-89c4-44e8-81c1-b1a6ece58cd3.02ed77c1cd14e67a64dc8892aa96ba7d.jpeg?odnWidth=612&odnHeight=612&odnBg=ffffff",
        "tags": [
            [
                "Linen Tablecloths",
                "/browse/home/linen-tablecloths/4044_623679_8055732_8058163_1608332"
            ],
            [
                "Fabric Tablecloths",
                "/browse/home/fabric-tablecloths/4044_623679_8055732_2356496"
            ],
            [
                "Wedding Tablecloths",
                "/browse/home/wedding-tablecloths/4044_623679_8055732_8058163_2557018"
            ],
            [
                "Round Tablecloths",
                "/browse/home/round-tablecloths/4044_623679_8055732_8058163_3771269"
            ],
            [
                "Outdoor Tablecloths",
                "/browse/home/outdoor-tablecloths/4044_623679_8055732_5058981"
            ],
            [
                "Vinyl Tablecloths",
                "/browse/home/vinyl-tablecloths/4044_623679_8055732_8058163_6102336"
            ],
            [
                "Table Runners",
                "/browse/home/table-runners/4044_623679_8055732_8058163_6267997"
            ],
            [
                "Dorm Dining Essentials",
                "/browse/home/dorm-dining-essentials/4044_1225301_1225229_8079634_8700307"
            ]
        ]
    },
    {
        "title": "Ball, Freezer Jars, Plastic, Grey, 8 oz, 3 Count",
        "url": "https://www.walmart.com/ip/Ball-Freezer-Jars-Plastic-Grey-8-oz-3-Count/742188502",
        "price": "$5.97",
        "stars": "5.0",
        "ratings": "6 ",
        "img": "i5.walmartimages.com/asr/606ac79e-212a-4e21-a23a-47ad0a892a96_1.b2fe65a43fce5ca6a5d46bb46e8d6ac6.jpeg?odnWidth=612&odnHeight=612&odnBg=ffffff",
        "tags": [
            [
                "Coffee Storage",
                "/browse/home/coffee-storage/4044_623679_1032619_2669816"
            ],
            [
                "Shop All Food Storage Containers",
                "/browse/home/shop-all-food-storage-containers/4044_623679_1032619_5842891_2687119"
            ],
            [
                "Kitchen Canisters",
                "/browse/home/kitchen-canisters/4044_623679_1032619_5842891_2867332"
            ],
            [
                "Rubbermaid Food Storage",
                "/browse/home/rubbermaid-food-storage/4044_623679_1032619_5842891_3368294"
            ],
            [
                "Meal Prep Containers",
                "/browse/home/meal-prep-containers/4044_623679_1032619_5842891_8561628"
            ],
            [
                "Dorm Dining Essentials",
                "/browse/home/dorm-dining-essentials/4044_1225301_1225229_8079634_8700307"
            ],
            [
                "Mason Jars & Canning Supplies",
                "/browse/home/mason-jars-canning-supplies/4044_623679_1032619_9132650"
            ],
            [
                "Dorm Dining & Hydration",
                "/browse/home/dorm-dining-hydration/4044_1225301_1225229_9951877"
            ]
        ]
    },
    {
        "title": "Copper Chef 2.5 Quart Sauce Pan",
        "url": "https://www.walmart.com/ip/Copper-Chef-2-5-Quart-Sauce-Pan/730775599",
        "price": "$19.88",
        "stars": "4.9",
        "ratings": "98 ",
        "img": "i5.walmartimages.com/asr/c2f03270-92eb-4fb6-9053-624bf9f5fb05_1.70f1fff06d94cde7ecf3a9fb9bfd8c0a.jpeg?odnWidth=612&odnHeight=612&odnBg=ffffff",
        "tags": [
            [
                "Copper Cookware",
                "/browse/home/copper-cookware/4044_623679_8140341_1819059"
            ],
            [
                "Non Stick Cookware",
                "/browse/home/non-stick-cookware/4044_623679_6182459_3053446"
            ],
            [
                "Non-Stick Cookware",
                "/browse/home/non-stick-cookware/4044_623679_8140341_3396135"
            ],
            [
                "Induction Cookware",
                "/browse/home/induction-cookware/4044_623679_8140341_4084816"
            ],
            [
                "Tramontina",
                "/browse/home/tramontina/4044_623679_8140341_5999849"
            ],
            [
                "Ceramic Cookware",
                "/browse/home/ceramic-cookware/4044_623679_8140341_7402424"
            ],
            [
                "Stainless Steel Cookware",
                "/browse/home/stainless-steel-cookware/4044_623679_8140341_7478886"
            ],
            [
                "Pots",
                "/browse/home/pots/4044_623679_8140341_9059354"
            ]
        ]
    },
    {
        "title": "Gibson Home Decha 4-Piece 19 oz Mason Jar Glass Set, Glass",
        "url": "https://www.walmart.com/ip/Gibson-Home-Decha-4-Piece-19-oz-Mason-Jar-Glass-Set-Glass/36384250",
        "price": "$12.99",
        "stars": "4.6",
        "ratings": "95 ",
        "img": "i5.walmartimages.com/asr/6b834177-ec25-41b1-b1ec-79fb039f47d3_1.722f0f9a776049b7a9cf01b3c4dbd8dc.jpeg?odnWidth=612&odnHeight=612&odnBg=ffffff",
        "tags": [
            [
                "Mason Jars & Canning",
                "/browse/home/mason-jars-canning/4044_623679_133020_1105859"
            ],
            [
                "Drinkware",
                "/browse/home/drinkware/4044_1225301_1225229_1225238_1230037"
            ],
            [
                "Kitchen Wedding Registry",
                "/browse/home/kitchen-wedding-registry/4044_623679_3700962"
            ],
            [
                "Drinkware Sets",
                "/browse/home/drinkware-sets/4044_623679_639999_3148543_5970774"
            ],
            [
                "Mason Drinking Jars",
                "/browse/home/mason-drinking-jars/4044_623679_639999_3148543_8074362"
            ],
            [
                "Dorm Dining Essentials",
                "/browse/home/dorm-dining-essentials/4044_1225301_1225229_8079634_8700307"
            ],
            [
                "Mason Jars & Canning Supplies",
                "/browse/home/mason-jars-canning-supplies/4044_623679_1032619_9132650"
            ],
            [
                "Dorm Dining & Hydration",
                "/browse/home/dorm-dining-hydration/4044_1225301_1225229_9951877"
            ]
        ]
    },
    {
        "title": "Blackstone Signature Extra Large Basting Cover for Steaming & Melting",
        "url": "https://www.walmart.com/ip/Blackstone-Signature-Extra-Large-Basting-Cover-for-Steaming-Melting/320313229",
        "price": "$39.97",
        "stars": "4.5",
        "ratings": "52 ",
        "img": "i5.walmartimages.com/asr/66aa573b-1d75-4fa1-b066-f8dd1681ea85_1.d52d3d5363d98441b418231a5b89a7f0.jpeg?odnWidth=612&odnHeight=612&odnBg=ffffff",
        "tags": [
            [
                "Shop All Grill Tools & Accessories",
                "/browse/patio-garden/shop-all-grill-tools-accessories/5428_4089_7885852_4061204_1612674"
            ],
            [
                "Outdoor Griddles",
                "/browse/patio-garden/outdoor-griddles/5428_4089_7375787_3867751"
            ],
            [
                "Shop All Flat Top Grills & Outdoor Griddles",
                "/browse/patio-garden/shop-all-flat-top-grills-outdoor-griddles/5428_4089_7375787_2640196_5023329"
            ],
            [
                "Grill Cookware and Supplies",
                "/browse/patio-garden/grill-cookware-supplies/5428_4089_7375787_6401690_5793366"
            ],
            [
                "Shop All Outdoor Cooking Tools & Accessories",
                "/browse/patio-garden/shop-all-outdoor-cooking-tools-accessories/5428_4089_7885852_7459216"
            ],
            [
                "Blackstone Grill Covers",
                "/browse/patio-garden/blackstone-grill-covers/5428_4089_7885852_8338689_3946576_7819504"
            ],
            [
                "Grill Tool Sets",
                "/browse/patio-garden/grill-tool-sets/5428_4089_7885852_4061204_9192724"
            ],
            [
                "Blackstone Griddles",
                "/browse/patio-garden/blackstone-griddles/5428_4089_7375787_8162326_9551746"
            ]
        ]
    },
    {
        "title": "Q-Tees - Hemmed Hand Towel - Color - White - Size - One Size",
        "url": "https://www.walmart.com/ip/Q-Tees-Hemmed-Hand-Towel-Color-White-Size-One-Size/578025961",
        "price": "$5.07",
        "stars": "4.3",
        "ratings": "14 ",
        "img": "i5.walmartimages.com/asr/35f3a1e6-8d67-4389-82cf-aca95ce994f4_1.5486e17c9df1cd9ae09cdf264479fe68.jpeg?odnWidth=612&odnHeight=612&odnBg=ffffff",
        "tags": [
            [
                "Bath Towels",
                "/browse/home/bath-towels/4044_539095_7211899_1030320"
            ],
            [
                "Teens' Towels",
                "/browse/home/teens-towels/4044_1156136_1156137_1156138"
            ],
            [
                "Bath Towel Sets",
                "/browse/home/bath-towel-sets/4044_539095_7211899_1350842"
            ],
            [
                "Shop All Bath Towels",
                "/browse/home/shop-all-bath-towels/4044_539095_7211899_2665582"
            ],
            [
                "Dorm Bath & Laundry",
                "/browse/home/dorm-bath-laundry/4044_1225301_1225229_3339158"
            ],
            [
                "Bath Sheets",
                "/browse/home/bath-sheets/4044_539095_7211899_3917301"
            ],
            [
                "Dorm Bundles",
                "/browse/home/dorm-bundles/4044_1225301_1225229_5830926"
            ],
            [
                "Teens' Bathroom",
                "/browse/home/teens-bathroom/4044_1156136_9411830"
            ]
        ]
    }
]