[
    {
        "title": "1 Pack 9083 Kenmore 469083 Replacement Refrigerator Water Filter 9020 9030 9953",
        "url": "https://www.walmart.com/ip/1-Pack-9083-Kenmore-469083-Replacement-Refrigerator-Water-Filter-9020-9030-9953/616934424",
        "price": "$25.86",
        "stars": "5.0",
        "ratings": "4 ",
        "img": "i5.walmartimages.com/asr/cffcbdd6-7685-4b56-a4b9-c5421a11c172.bbc75d174e8931d63d2ab23889b221a4.jpeg?odnWidth=612&odnHeight=612&odnBg=ffffff",
        "tags": []
    },
    {
        "title": "Frigidaire 1.6 Cu. ft. Single Door Compact Refrigerator EFR115, Red",
        "url": "https://www.walmart.com/ip/Frigidaire-1-6-Cu-ft-Single-Door-Compact-Refrigerator-EFR115-Red/851298312",
        "price": "$104.00",
        "stars": "4.5",
        "ratings": "169 ",
        "img": "i5.walmartimages.com/asr/5192b9d7-3f49-47f0-9444-260e12dedfe2_1.b766eb439f6a67f2a9b6fea7a7bc05c3.jpeg?odnWidth=612&odnHeight=612&odnBg=ffffff",
        "tags": [
            [
                "Retro Mini Fridges",
                "/browse/home/retro-mini-fridges/4044_90548_9963786_8103923_1471686"
            ],
            [
                "One Door Mini Fridges",
                "/browse/home/one-door-mini-fridges/4044_90548_9963786_8103923_2174600"
            ],
            [
                "Beauty & Skincare Fridges",
                "/browse/home/beauty-skincare-fridges/4044_90548_9963786_8103923_2839503"
            ],
            [
                "All Mini Fridges & Compact Refrigerators",
                "/browse/home/all-mini-fridges-compact-refrigerators/4044_90548_9963786_8103923_3887893"
            ],
            [
                "Dorm Appliances",
                "/browse/home/dorm-appliances/4044_1225301_1225229_4267503"
            ],
            [
                "Freezerless Mini Fridges",
                "/browse/home/freezerless-mini-fridges/4044_90548_9963786_8103923_5573059"
            ],
            [
                "Shop All Refrigerator Brands",
                "/browse/home/shop-all-refrigerator-brands/4044_90548_9963786_8528006_5610417"
            ],
            [
                "Portable Mini Fridges",
                "/browse/home/portable-mini-fridges/4044_90548_9963786_8103923_8904293"
            ]
        ]
    },
    {
        "title": "iRobot Authentic Replacement Parts- Braava Jet Hard Floor Cleaning Solution, Compatible with all Braava Robot Mops",
        "url": "https://www.walmart.com/ip/iRobot-Authentic-Replacement-Parts-Braava-Jet-Hard-Floor-Cleaning-Solution-Compatible-with-all-Braava-Robot-Mops/977615506",
        "price": "$7.99",
        "stars": "3.3",
        "ratings": "16 ",
        "img": "i5.walmartimages.com/asr/c68bc8e5-01a1-4102-9de4-a20274313059_1.9bfa3a0a28a969ed41b7bffb2fd44b90.jpeg?odnWidth=612&odnHeight=612&odnBg=ffffff",
        "tags": [
            [
                "Vacuum Accessories",
                "/browse/home/vacuum-accessories/4044_90548_4047_1098067"
            ],
            [
                "Robotic Vacuums",
                "/browse/home/robotic-vacuums/4044_90548_4047_1225052"
            ],
            [
                "Steam Cleaners",
                "/browse/home/steam-cleaners/4044_90548_4047_1225053"
            ],
            [
                "Vacuum Cleaners",
                "/browse/home/vacuum-cleaners/4044_90548_4047_3525958"
            ],
            [
                "Dorm Floorcare",
                "/browse/home/dorm-floorcare/4044_1225301_1225229_3660956"
            ],
            [
                "Cordless Vacuums",
                "/browse/home/cordless-vacuums/4044_90548_4047_5775266"
            ],
            [
                "Dorm Vacuum Essentials",
                "/browse/home/dorm-vacuum-essentials/4044_1225301_1225229_8079634_6343193"
            ],
            [
                "Robot Vacuum Accessories",
                "/browse/home/robot-vacuum-accessories/4044_90548_4047_8022851"
            ]
        ]
    },
    {
        "title": "Brentwood TS-245 Non-Stick Panini Press and Sandwich Maker, White",
        "url": "https://www.walmart.com/ip/Brentwood-TS-245-Non-Stick-Panini-Press-and-Sandwich-Maker-White/21105733",
        "price": "$13.96",
        "stars": "4.3",
        "ratings": "28 ",
        "img": "",
        "tags": [
            [
                "Summer Entertaining-Kitchen Appliances",
                "/browse/home/summer-entertaining-kitchen-appliances/4044_1225301_1224843_1225118_1225146"
            ],
            [
                "Kitchen Appliances",
                "/browse/home/kitchen-appliances/4044_1225301_1225229_1225238_1230030"
            ],
            [
                "Best Indoor Grills",
                "/browse/home/best-indoor-grills/4044_90548_90546_4828_3895034"
            ],
            [
                "Small kitchen ideas",
                "/browse/home/small-kitchen-ideas/4044_1879527_9330810_4641057"
            ],
            [
                "Sandwich Makers",
                "/browse/home/sandwich-makers/4044_90548_90546_4828_5028228"
            ],
            [
                "George Foreman Grills",
                "/browse/home/george-foreman-grills/4044_90548_90546_4828_7565979"
            ],
            [
                "Indoor Grills",
                "/browse/home/indoor-grills/4044_90548_90546_4828_9963034"
            ],
            [
                "Panini Presses",
                "/browse/home/panini-presses/4044_90548_90546_4828_9983501"
            ]
        ]
    },
    {
        "title": "Automatic Vacuum Sealer Machine Vacuum Sealing System for Food Preservation Plus 15 Vacuum Sealer Bags",
        "url": "https://www.walmart.com/ip/Automatic-Vacuum-Sealer-Machine-Vacuum-Sealing-System-for-Food-Preservation-Plus-15-Vacuum-Sealer-Bags/484362719",
        "price": "$29.99",
        "stars": "2.8",
        "ratings": "14 ",
        "img": "i5.walmartimages.com/asr/a127af99-f11f-488c-9391-3c345dbb6b29_1.9d2d5fe90022b5477543abe69c888881.jpeg?odnWidth=612&odnHeight=612&odnBg=ffffff",
        "tags": [
            [
                "Lunch Boxes",
                "/browse/home/lunch-boxes/4044_623679_1032619_2617828_2778265"
            ],
            [
                "Shop All Lunch Boxes & Lunch Bags",
                "/browse/home/shop-all-lunch-boxes-lunch-bags/4044_623679_1032619_2617828_3206877"
            ],
            [
                "Rubbermaid Food Storage",
                "/browse/home/rubbermaid-food-storage/4044_623679_1032619_5842891_3368294"
            ],
            [
                "Vacuum Sealers",
                "/browse/home/vacuum-sealers/4044_90548_90546_133025_5936217"
            ],
            [
                "Lunch Boxes & Bags",
                "/browse/home/lunch-boxes-bags/4044_623679_1032619_8004747"
            ],
            [
                "Lunch Bags",
                "/browse/home/lunch-bags/4044_623679_1032619_2617828_8027459"
            ],
            [
                "FoodSaver Vacuum Sealers",
                "/browse/home/foodsaver-vacuum-sealers/4044_90548_90546_133025_9670192"
            ]
        ]
    },
    {
        "title": "BLACK+DECKER VF110 Dustbuster Replacement Filter",
        "url": "https://www.walmart.com/ip/BLACK-DECKER-VF110-Dustbuster-Replacement-Filter/22860669",
        "price": "$8.97",
        "stars": "4.9",
        "ratings": "36 ",
        "img": "",
        "tags": [
            [
                "Black+Decker Handheld Vacuums",
                "/browse/home/blackdecker-handheld-vacuums/4044_90548_4047_2689592"
            ],
            [
                "Best Cordless Vacuums",
                "/browse/home/best-cordless-vacuums/4044_90548_4047_2937675"
            ],
            [
                "Best Handheld Vacuums",
                "/browse/home/best-handheld-vacuums/4044_90548_4047_3081955"
            ],
            [
                "Handheld Vacuums",
                "/browse/home/handheld-vacuums/4044_90548_4047_4764"
            ],
            [
                "Dustbusters",
                "/browse/home/dustbusters/4044_90548_4047_5629802"
            ],
            [
                "Cordless Vacuums",
                "/browse/home/cordless-vacuums/4044_90548_4047_5775266"
            ],
            [
                "Best Handheld Cordless Vacuums",
                "/browse/home/best-handheld-cordless-vacuums/4044_90548_4047_7631374"
            ],
            [
                "Shark Vacuum Filters",
                "/browse/home/shark-vacuum-filters/4044_90548_4047_9553031"
            ]
        ]
    },
    {
        "title": "Keurig K-Select Single Serve, K-Cup Pod Coffee Maker, Matte White",
        "url": "https://www.walmart.com/ip/Keurig-K-Select-Single-Serve-K-Cup-Pod-Coffee-Maker-Matte-White/993159103",
        "price": "$129.99",
        "stars": "4.2",
        "ratings": "1141 ",
        "img": "",
        "tags": [
            [
                "Cuisinart Coffee Makers",
                "/browse/home/cuisinart-coffee-makers/4044_90548_90546_1115306_2229357"
            ],
            [
                "Single Serve Coffee Makers",
                "/browse/home/single-serve-coffee-makers/4044_90548_90546_1115306_3041068"
            ],
            [
                "Dorm Floorcare",
                "/browse/home/dorm-floorcare/4044_1225301_1225229_3660956"
            ],
            [
                "Dorm Appliances",
                "/browse/home/dorm-appliances/4044_1225301_1225229_4267503"
            ],
            [
                "Small kitchen ideas",
                "/browse/home/small-kitchen-ideas/4044_1879527_9330810_4641057"
            ],
            [
                "Coffee Makers",
                "/browse/home/coffee-makers/4044_90548_90546_1115306_5438660"
            ],
            [
                "Dorm Vacuum Essentials",
                "/browse/home/dorm-vacuum-essentials/4044_1225301_1225229_8079634_6343193"
            ],
            [
                "Dorm Room Essentials",
                "/browse/home/dorm-room-essentials/4044_1225301_1225229_7506721"
            ]
        ]
    },
    {
        "title": "Sterno 70153 Foldable Frame Buffet Chafer Set, 8-Quart",
        "url": "https://www.walmart.com/ip/Sterno-70153-Foldable-Frame-Buffet-Chafer-Set-8-Quart/140721487",
        "price": "$39.97",
        "stars": "4.7",
        "ratings": "56 ",
        "img": "",
        "tags": [
            [
                "Food Carriers",
                "/browse/industrial-scientific/food-carriers/6197502_7664396_3950031_5720797_7310057_3118331"
            ],
            [
                "Countertop Warmers and Display Cases",
                "/browse/industrial-scientific/countertop-warmers-display-cases/6197502_7664396_6819065_7508283"
            ],
            [
                "Steam Tables & Pans",
                "/browse/industrial-scientific/steam-tables-pans/6197502_7664396_3950031_5720797_7310057_7520348"
            ],
            [
                "Commercial Deep Fryers",
                "/browse/industrial-scientific/commercial-deep-fryers/6197502_7664396_9843763_8067160"
            ],
            [
                "All Industrial",
                "/browse/all-industrial/6197502_8172641"
            ],
            [
                "Commercial Ovens",
                "/browse/industrial-scientific/commercial-ovens/6197502_7664396_3950031_5720797_8507941"
            ],
            [
                "Serving Utensils",
                "/browse/industrial-scientific/serving-utensils/6197502_7664396_8958958_9773754_9241874"
            ],
            [
                "Cold and Frozen Beverage Dispensers",
                "/browse/industrial-scientific/cold-frozen-beverage-dispensers/6197502_7664396_6588993_9675148"
            ]
        ]
    },
    {
        "title": "NuWave 37223 6 qt. Brio Gourmet Accessory Kit ADD BACK",
        "url": "https://www.walmart.com/ip/NuWave-37223-6-qt-Brio-Gourmet-Accessory-Kit-ADD-BACK/204082600",
        "price": "$25.97",
        "stars": "4.5",
        "ratings": "6 ",
        "img": "i5.walmartimages.com/asr/f5f18308-06d0-4ee7-bf00-2b2e7dd8e8c0_1.ad0c8aa9c713aac0b882f6d9ca102cd9.jpeg?odnWidth=612&odnHeight=612&odnBg=ffffff",
        "tags": [
            [
                "Baking Mats",
                "/browse/home/baking-mats/4044_623679_8455465_9246304_1255695"
            ],
            [
                "GoWISE Air Fryers",
                "/browse/home/gowise-air-fryers/4044_90548_90546_4824_9960466_1677287"
            ],
            [
                "Instant Pot",
                "/browse/home/instant-pot/4044_1225301_9409401_1681369"
            ],
            [
                "Air Fryer Toaster Ovens",
                "/browse/home/air-fryer-toaster-ovens/4044_90548_90546_90774_4245880"
            ],
            [
                "Fryer Parts & Accessories",
                "/browse/home/fryer-parts-accessories/4044_90548_90546_2971264_7169421"
            ],
            [
                "Shop All Air Fryers",
                "/browse/home/shop-all-air-fryers/4044_90548_90546_4824_9960466_7556332"
            ],
            [
                "Power Air Fryers",
                "/browse/home/power-air-fryers/4044_90548_90546_4824_9960466_9291637"
            ]
        ]
    },
    {
        "title": "Hamilton Beach Artisan Dough & Bread Maker | Model# 29887",
        "url": "https://www.walmart.com/ip/Hamilton-Beach-Artisan-Dough-Bread-Maker-Model-29887/668751608",
        "price": "$89.99",
        "stars": "4.4",
        "ratings": "67 ",
        "img": "i5.walmartimages.com/asr/a1be78ad-d97a-4d40-b53f-c0af1f494d8f_2.2b084fff5b01cf51e561a2cfe9ecd637.jpeg?odnWidth=612&odnHeight=612&odnBg=ffffff",
        "tags": [
            [
                "Teens' Gaming",
                "/browse/home/teens-gaming/4044_1156136_1156142_1043794"
            ],
            [
                "Shop All Ice Makers",
                "/browse/home/shop-all-ice-makers/4044_90548_6828819_4192417_2675431"
            ],
            [
                "Shop All Bread Makers",
                "/browse/home/shop-all-bread-makers/4044_90548_90546_133025_1743988_5256195"
            ],
            [
                "Bread Maker Accessories",
                "/browse/home/bread-maker-accessories/4044_90548_90546_2971264_6006751"
            ],
            [
                "Bread & Loaf Pans",
                "/browse/home/bread-loaf-pans/4044_623679_8455465_6158842"
            ],
            [
                "Portable Ice Makers",
                "/browse/home/portable-ice-makers/4044_90548_6828819_4192417_6808058"
            ],
            [
                "Gaming Chairs",
                "/browse/home/gaming-chairs/4044_103150_97116_9559238"
            ]
        ]
    }
]