[
    {
        "title": "Corelle 28 Ounce Winter Frost White Bowl",
        "url": "https://www.walmart.com/ip/Corelle-28-Ounce-Winter-Frost-White-Bowl/15055451",
        "price": "$4.92",
        "stars": "4.8",
        "ratings": "47 ",
        "img": "i5.walmartimages.com/asr/9da5f858-f689-46b5-bcbb-1f9608c53325_1.54f9e64de955ac46c009499e7f73c887.jpeg?odnWidth=612&odnHeight=612&odnBg=ffffff",
        "tags": [
            [
                "Dinnerware",
                "/browse/home/dinnerware/4044_1225301_1225229_1225238_1230036"
            ],
            [
                "Cereal Bowls",
                "/browse/home/cereal-bowls/4044_623679_3480962_2899110"
            ],
            [
                "Plates",
                "/browse/home/plates/4044_623679_639999_3121273"
            ],
            [
                "Soup Bowls",
                "/browse/home/soup-bowls/4044_623679_3480962_3820050"
            ],
            [
                "Better Homes & Gardens Dinnerware",
                "/browse/home/better-homes-gardens-dinnerware/4044_623679_639999_6844233"
            ],
            [
                "Bowls",
                "/browse/home/bowls/4044_623679_639999_7852459"
            ],
            [
                "Dorm Dining Essentials",
                "/browse/home/dorm-dining-essentials/4044_1225301_1225229_8079634_8700307"
            ],
            [
                "Dorm Dining & Hydration",
                "/browse/home/dorm-dining-hydration/4044_1225301_1225229_9951877"
            ]
        ]
    },
    {
        "title": "Pioneer Woman 20pc Food Storage Set",
        "url": "https://www.walmart.com/ip/Pioneer-Woman-20pc-Food-Storage-Set/938989979",
        "price": "$15.97",
        "stars": "2.5",
        "ratings": "22 ",
        "img": "i5.walmartimages.com/asr/2f83b83b-e8a6-41bb-a1c0-3eaf61d8c921.11e1ba9a38fc051878de7b0b3dbff787.jpeg?odnWidth=612&odnHeight=612&odnBg=ffffff",
        "tags": []
    },
    {
        "title": "GoodCook Stainless Steel Apple Wedger & Slicer",
        "url": "https://www.walmart.com/ip/GoodCook-Stainless-Steel-Apple-Wedger-Slicer/14938512",
        "price": "$3.97",
        "stars": "4.4",
        "ratings": "27 ",
        "img": "i5.walmartimages.com/asr/b0c72608-7f8a-49ba-aad7-d3eeb0f450a1_1.95c34b33a22cbe63ba8a992f54cb2482.jpeg?odnWidth=612&odnHeight=612&odnBg=ffffff",
        "tags": [
            [
                "Chopping & Slicing",
                "/browse/home/chopping-slicing/4044_623679_133020_4496646_1817206"
            ],
            [
                "Farberware Tools and Gadgets",
                "/browse/home/farberware-tools-gadgets/4044_623679_133020_4927613"
            ],
            [
                "Food Peelers",
                "/browse/home/food-peelers/4044_623679_133020_4496646_5374310"
            ],
            [
                "Mandolines & Slicers",
                "/browse/home/mandolines-slicers/4044_623679_133020_4496646_6299933"
            ],
            [
                "Food Prep",
                "/browse/home/food-prep/4044_623679_133020_642199"
            ],
            [
                "Cool Kitchen Gadgets",
                "/browse/home/cool-kitchen-gadgets/4044_623679_133020_4496646_6821949"
            ],
            [
                "Fruit & Vegetable Tools",
                "/browse/home/fruit-vegetable-tools/4044_623679_133020_4496646_8251807"
            ],
            [
                "Slicers",
                "/browse/home/slicers/4044_90548_90546_4813_9137078"
            ]
        ]
    },
    {
        "title": "Great Value Soak-Proof Foam Hinged Lid Containers, 12 Count",
        "url": "https://www.walmart.com/ip/Great-Value-Soak-Proof-Foam-Hinged-Lid-Containers-12-Count/50178227",
        "price": "$2.17",
        "stars": "4.7",
        "ratings": "23 ",
        "img": "i5.walmartimages.com/asr/b6ec2bd8-218f-4dfa-857d-a3349dc7e53d_1.b0fd5eecafc0fcf7d3fbb48d0ce8c9d4.jpeg?odnWidth=612&odnHeight=612&odnBg=ffffff",
        "tags": [
            [
                "Disposable Utensils",
                "/browse/household-essentials/disposable-utensils/1115193_1073264_1149388_2378390"
            ],
            [
                "Foam Bowls",
                "/browse/household-essentials/foam-bowls/1115193_1073264_1149388_2648120"
            ],
            [
                "Foam Plates",
                "/browse/household-essentials/foam-plates/1115193_1073264_1149388_4768139"
            ],
            [
                "Foam Cups",
                "/browse/household-essentials/foam-cups/1115193_1073264_1149388_6148239"
            ],
            [
                "All Great Value",
                "/browse/household-essentials/all-great-value/1115193_8250903_3495493_8586384"
            ],
            [
                "All Disposable Tabletop",
                "/browse/household-essentials/all-disposable-tabletop/1115193_1073264_1149388_8616022"
            ],
            [
                "Forks",
                "/browse/household-essentials/forks/1115193_1073264_1149388_9781947"
            ]
        ]
    },
    {
        "title": "\"Brew Rite #2 Cone Coffee Filters, 100 Count\"",
        "url": "https://www.walmart.com/ip/Brew-Rite-2-Cone-Coffee-Filters-100-Count/14968035",
        "price": "$2.94",
        "stars": "4.8",
        "ratings": "51 ",
        "img": "",
        "tags": [
            [
                "Ground Coffee",
                "/browse/food/ground-coffee/976759_1086446_1229651"
            ],
            [
                "Bunn Coffee Filters",
                "/browse/food/bunn-coffee-filters/976759_1086446_1229655_1560712"
            ],
            [
                "All Fresh Fruit",
                "/browse/food/all-fresh-fruit/976759_1071964_976793_9756351_1759962"
            ],
            [
                "Dunkin' Ground Coffee",
                "/browse/food/dunkin-ground-coffee/976759_1086446_7630289_3757029"
            ],
            [
                "Cold Weather Beverages",
                "/browse/food/cold-weather-beverages/976759_1567409_6592518_4126576"
            ],
            [
                "Coffee & Coffee Pods",
                "/browse/food/coffee-coffee-pods/976759_1086446_7238690"
            ],
            [
                "Melitta Coffee Filters",
                "/browse/food/melitta-coffee-filters/976759_1086446_1229655_8379550"
            ],
            [
                "Reusable Coffee Filters",
                "/browse/food/reusable-coffee-filters/976759_1086446_1229655_9693544"
            ]
        ]
    },
    {
        "title": "Expert Grill 8.5\" Lightweight Stainless Steel Mini-locking BBQ Tongs",
        "url": "https://www.walmart.com/ip/Expert-Grill-8-5-Lightweight-Stainless-Steel-Mini-locking-BBQ-Tongs/506622238",
        "price": "$0.98",
        "stars": "4.1",
        "ratings": "79 ",
        "img": "i5.walmartimages.com/asr/cb9b7689-bdc4-43e0-9868-39d0de5c79be_1.cb487889e2feb85f396aaac00e882c1a.jpeg?odnWidth=612&odnHeight=612&odnBg=ffffff",
        "tags": [
            [
                "Food Thermometers",
                "/browse/home/food-thermometers/4044_623679_133020_4496646_3072630"
            ],
            [
                "Cooking Utensils",
                "/browse/home/cooking-utensils/4044_623679_133020_4496646_3272847"
            ],
            [
                "Grill Skewers",
                "/browse/home/grill-skewers/4044_623679_133020_4496646_3970441"
            ],
            [
                "Mainstays Cooking Utensils",
                "/browse/home/mainstays-cooking-utensils/4044_623679_133020_4496646_5344379"
            ],
            [
                "Flatware Serving Utensils",
                "/browse/home/flatware-serving-utensils/4044_623679_639999_2073814_6812690"
            ],
            [
                "Food Tongs",
                "/browse/home/food-tongs/4044_623679_133020_4496646_8233242"
            ],
            [
                "Bar Tools",
                "/browse/home/bar-tools/4044_623679_639999_4434841_8609600"
            ],
            [
                "Roasting Pans",
                "/browse/home/roasting-pans/4044_623679_8140341_9418554"
            ]
        ]
    },
    {
        "title": "Mainstays Mini Loaf Pans, 5 Count",
        "url": "https://www.walmart.com/ip/Mainstays-Mini-Loaf-Pans-5-Count/14913222",
        "price": "$0.98",
        "stars": "4.6",
        "ratings": "12 ",
        "img": "i5.walmartimages.com/asr/85471ea3-4c10-4869-807e-d020b5129fd9_1.50e3ec4d0abb9269f09bbca0f7c453bf.jpeg?odnWidth=612&odnHeight=612&odnBg=ffffff",
        "tags": [
            [
                "Instant Pot",
                "/browse/home/instant-pot/4044_1225301_9409401_1681369"
            ],
            [
                "Baking Dishes",
                "/browse/home/baking-dishes/4044_623679_8455465_2321543"
            ],
            [
                "Instant Pot Accessories",
                "/browse/home/instant-pot-accessories/4044_623679_4779092_3481302"
            ],
            [
                "Bakeware Sets",
                "/browse/home/bakeware-sets/4044_623679_8455465_3756894"
            ],
            [
                "Cake & Bundt Pans",
                "/browse/home/cake-bundt-pans/4044_623679_8455465_4063398"
            ],
            [
                "Decorative Storage Boxes",
                "/browse/home/decorative-storage-boxes/4044_90828_1230055_5137026"
            ],
            [
                "Cupcake & Muffin Pans",
                "/browse/home/cupcake-muffin-pans/4044_623679_8455465_6597590"
            ],
            [
                "Nordic Ware",
                "/browse/home/nordic-ware/4044_1225301_9409401_8191433"
            ]
        ]
    },
    {
        "title": "Brew Rite 8-12 Cup Basket Style Coffee Filters, 100 Ct",
        "url": "https://www.walmart.com/ip/Brew-Rite-8-12-Cup-Basket-Style-Coffee-Filters-100-Ct/20576244",
        "price": "$1.00",
        "stars": "4.8",
        "ratings": "24 ",
        "img": "i5.walmartimages.com/asr/943a130f-bd8f-4565-bc57-958992f0afa7_1.285a2e02ab09beee810b197ad23d6bac.jpeg?odnWidth=612&odnHeight=612&odnBg=ffffff",
        "tags": [
            [
                "Bunn Coffee Filters",
                "/browse/food/bunn-coffee-filters/976759_1086446_1229655_1560712"
            ],
            [
                "Folgers Ground Coffee",
                "/browse/food/folgers-ground-coffee/976759_1086446_3100047_1674140"
            ],
            [
                "Colombian Coffee",
                "/browse/food/colombian-coffee/976759_1086446_3908418"
            ],
            [
                "Cold Weather Beverages",
                "/browse/food/cold-weather-beverages/976759_1567409_6592518_4126576"
            ],
            [
                "Fueling Beverages",
                "/browse/food/fueling-beverages/976759_4321481_5471594"
            ],
            [
                "Coffee & Coffee Pods",
                "/browse/food/coffee-coffee-pods/976759_1086446_7238690"
            ],
            [
                "All Folgers Coffee",
                "/browse/food/all-folgers-coffee/976759_1086446_3100047_8271556"
            ],
            [
                "Melitta Coffee Filters",
                "/browse/food/melitta-coffee-filters/976759_1086446_1229655_8379550"
            ]
        ]
    },
    {
        "title": "Wilton 5-Inch Bamboo Lollipop Sticks, 20-Count",
        "url": "https://www.walmart.com/ip/Wilton-5-Inch-Bamboo-Lollipop-Sticks-20-Count/26832219",
        "price": "$2.97",
        "stars": "5.0",
        "ratings": "7 ",
        "img": "i5.walmartimages.com/asr/4cafd69e-c290-41d0-a4de-49f10a4faeec_1.59a9adf51ad09a7822860ac080f215de.jpeg?odnWidth=612&odnHeight=612&odnBg=ffffff",
        "tags": [
            [
                "Cookie Cutters & Cookie Presses",
                "/browse/home/cookie-cutters-cookie-presses/4044_623679_8455465_3792786"
            ],
            [
                "Grill Skewers",
                "/browse/home/grill-skewers/4044_623679_133020_4496646_3970441"
            ],
            [
                "Donut Makers",
                "/browse/home/donut-makers/4044_90548_90546_132920_4304532"
            ],
            [
                "Cake Pop Makers",
                "/browse/home/cake-pop-makers/4044_90548_90546_132920_4970165"
            ],
            [
                "Cake Stands",
                "/browse/home/cake-stands/4044_623679_639999_2347672_4998583"
            ],
            [
                "Decorating Tools",
                "/browse/home/decorating-tools/4044_623679_8455465_5760210"
            ],
            [
                "Grill Tools",
                "/browse/home/grill-tools/4044_623679_133020_4496646_7376633"
            ]
        ]
    },
    {
        "title": "GoodCook 3 Piece Wooden Spoon Set",
        "url": "https://www.walmart.com/ip/GoodCook-3-Piece-Wooden-Spoon-Set/14938588",
        "price": "$2.27",
        "stars": "3.8",
        "ratings": "31 ",
        "img": "",
        "tags": [
            [
                "Cooking Utensils",
                "/browse/home/cooking-utensils/4044_623679_133020_4496646_3272847"
            ],
            [
                "Wood Spatula",
                "/browse/home/wood-spatula/4044_623679_133020_4496646_4399474"
            ],
            [
                "Mainstays Cooking Utensils",
                "/browse/home/mainstays-cooking-utensils/4044_623679_133020_4496646_5344379"
            ],
            [
                "Wood & Bamboo Sets",
                "/browse/home/wood-bamboo-sets/4044_623679_133020_4496646_5424136"
            ],
            [
                "Food Prep",
                "/browse/home/food-prep/4044_623679_133020_642199"
            ],
            [
                "Safe for Nonstick Cookware Utensils",
                "/browse/home/safe-for-nonstick-cookware-utensils/4044_623679_133020_4496646_6842867"
            ],
            [
                "Cooking Spoons",
                "/browse/home/cooking-spoons/4044_623679_133020_4496646_7015357"
            ],
            [
                "Dorm Dining & Hydration",
                "/browse/home/dorm-dining-hydration/4044_1225301_1225229_9951877"
            ]
        ]
    }
]