[
    {
        "title": "Mainstays 28-48 in. Jillian Adjustable Petite Cafe Curtain Rod, 1/2 in. Diameter, Brown Marble",
        "url": "https://www.walmart.com/ip/Mainstays-28-48-in-Jillian-Adjustable-Petite-Cafe-Curtain-Rod-1-2-in-Diameter-Brown-Marble/895399731",
        "price": "$7.87",
        "stars": "4.4",
        "ratings": "64 ",
        "img": "i5.walmartimages.com/asr/f2cde88d-876d-4abf-8e5f-492a94bc7ec7_1.2bc424833dd40003c6ed7a57b3ede067.jpeg?odnWidth=612&odnHeight=612&odnBg=ffffff",
        "tags": [
            [
                "Single Curtain Rods",
                "/browse/home/single-curtain-rods/4044_133012_539105_9656779_1367721"
            ],
            [
                "Room Darkening Curtains",
                "/browse/home/room-darkening-curtains/4044_133012_539105_1521917_2277099"
            ],
            [
                "Curtains",
                "/browse/home/curtains/4044_133012_539105_1521917_2606905"
            ],
            [
                "Better Homes & Gardens Decor",
                "/browse/home/better-homes-gardens-decor/4044_133012_2786769"
            ],
            [
                "Kitchen Curtains",
                "/browse/home/kitchen-curtains/4044_133012_539105_1521917_414668"
            ],
            [
                "Double Curtain Rods",
                "/browse/home/double-curtain-rods/4044_133012_539105_9656779_4221739"
            ],
            [
                "Curtain Rods",
                "/browse/home/curtain-rods/4044_133012_539105_9656779_7161610"
            ],
            [
                "Cafe Curtain Rods",
                "/browse/home/cafe-curtain-rods/4044_133012_539105_9656779_8886763"
            ]
        ]
    },
    {
        "title": "Fairfield Crafter's Choice Decorative Pillow Insert, 20\" x 20\" - Pack of 4",
        "url": "https://www.walmart.com/ip/Fairfield-Crafter-s-Choice-Decorative-Pillow-Insert-20-x-20-Pack-of-4/50815685",
        "price": "$20.94",
        "stars": "4.6",
        "ratings": "182 ",
        "img": "i5.walmartimages.com/asr/2a42d48a-aa9a-45e3-bf67-39d5933d405f_1.e976c54821e509f9c613db3635980ebf.jpeg?odnWidth=612&odnHeight=612&odnBg=ffffff",
        "tags": [
            [
                "Pillows",
                "/browse/home/pillows/4044_539103_133141"
            ],
            [
                "Fall Pillows",
                "/browse/home/fall-pillows/4044_2634414_9573311_1790882"
            ],
            [
                "Decorative Pillow Inserts",
                "/browse/home/decorative-pillow-inserts/4044_133012_5991909_1848168"
            ],
            [
                "Better Homes & Gardens Decor",
                "/browse/home/better-homes-gardens-decor/4044_133012_2786769"
            ],
            [
                "Fall Indoor Decor",
                "/browse/home/fall-indoor-decor/4044_2634414_9573311_3931477"
            ],
            [
                "Christmas Throw Pillows",
                "/browse/home/christmas-throw-pillows/4044_2634414_7472650_5678379_4217243"
            ],
            [
                "Decorative Pillow Covers",
                "/browse/home/decorative-pillow-covers/4044_133012_5991909_5188883"
            ],
            [
                "Shop All Fall Decor",
                "/browse/home/shop-all-fall-decor/4044_2634414_9573311_6851606"
            ]
        ]
    },
    {
        "title": "Ottomanson Loop Carpet Rubber Backed Entrance Scraper Doormat",
        "url": "https://www.walmart.com/ip/Ottomanson-Loop-Carpet-Rubber-Backed-Entrance-Scraper-Doormat/480718015",
        "price": "$10.94",
        "stars": "4.5",
        "ratings": "44 ",
        "img": "i5.walmartimages.com/asr/ccd3f0fa-7ee2-4f49-901c-4767e4da2568_1.1229e82e112c1f338683ea02d654bf57.jpeg?odnWidth=612&odnHeight=612&odnBg=ffffff",
        "tags": [
            [
                "All Doormats",
                "/browse/home/all-doormats/4044_133012_110892_4768882_1030279"
            ],
            [
                "Entryway",
                "/browse/home/entryway/4044_1225301_1105746"
            ],
            [
                "Welcome Mats",
                "/browse/home/welcome-mats/4044_133012_110892_4768882_2012510"
            ],
            [
                "Boot Trays",
                "/browse/home/boot-trays/4044_133012_110892_4768882_3609016"
            ],
            [
                "Kitchen Rugs",
                "/browse/home/kitchen-rugs/4044_133012_110892_420326"
            ],
            [
                "Coir Doormats",
                "/browse/home/coir-doormats/4044_133012_110892_4768882_5500233"
            ],
            [
                "Spring Doormats",
                "/browse/home/spring-doormats/4044_133012_110892_4768882_7623252"
            ],
            [
                "Indoor Doormats",
                "/browse/home/indoor-doormats/4044_133012_110892_4768882_8482489"
            ]
        ]
    },
    {
        "title": "Better Homes & Gardens Full Size Wax Warmer, Wood Burning Stove",
        "url": "https://www.walmart.com/ip/Better-Homes-Gardens-Full-Size-Wax-Warmer-Wood-Burning-Stove/200313472",
        "price": "$19.88",
        "stars": "4.7",
        "ratings": "29 ",
        "img": "i5.walmartimages.com/asr/92a043dd-4f03-4d18-9c28-088fb38f35c2.db3067200fb11f6412205cbcd7527d49.jpeg?odnWidth=612&odnHeight=612&odnBg=ffffff",
        "tags": [
            [
                "All Stoves",
                "/browse/home-improvement/all-stoves/1072864_133032_1231108_1161933"
            ],
            [
                "Electric Stoves",
                "/browse/home-improvement/electric-stoves/1072864_133032_1231108_1231109"
            ],
            [
                "Stove Accessories",
                "/browse/home-improvement/stove-accessories/1072864_133032_1231108_1231111"
            ],
            [
                "Furnace Parts",
                "/browse/home-improvement/furnace-parts/1072864_133032_1231142_1231121_1231123"
            ],
            [
                "Portable Fireplaces",
                "/browse/home-improvement/portable-fireplaces/1072864_133032_5411540_2545817"
            ],
            [
                "Black Electric Fireplaces",
                "/browse/home-improvement/black-electric-fireplaces/1072864_133032_5411540_2044970_7562865"
            ],
            [
                "Gas Stoves",
                "/browse/home-improvement/gas-stoves/1072864_133032_1231108_8773823"
            ],
            [
                "Freestanding Electric Fireplaces",
                "/browse/home-improvement/freestanding-electric-fireplaces/1072864_133032_5411540_2044970_9885907"
            ]
        ]
    },
    {
        "title": "Better Homes & Gardens Full Size Wax Warmer, Farmhouse Milk Can",
        "url": "https://www.walmart.com/ip/Better-Homes-Gardens-Full-Size-Wax-Warmer-Farmhouse-Milk-Can/147989096",
        "price": "$15.00",
        "stars": "4.3",
        "ratings": "28 ",
        "img": "i5.walmartimages.com/asr/500d6fdb-352e-4a6f-8b51-2eae2d9e2ef3_1.96fa09eafeb302446e2e8600ad2c3f43.jpeg?odnWidth=612&odnHeight=612&odnBg=ffffff",
        "tags": [
            [
                "Fall Wall Decor",
                "/browse/home/fall-wall-decor/4044_2634414_9573311_2106642"
            ],
            [
                "Better Homes & Gardens Decor",
                "/browse/home/better-homes-gardens-decor/4044_133012_2786769"
            ],
            [
                "Wax Melts",
                "/browse/home/wax-melts/4044_133012_2622648_2926246"
            ],
            [
                "Fall Indoor Decor",
                "/browse/home/fall-indoor-decor/4044_2634414_9573311_3931477"
            ],
            [
                "Christmas Throw Pillows",
                "/browse/home/christmas-throw-pillows/4044_2634414_7472650_5678379_4217243"
            ],
            [
                "Fall Centerpiece",
                "/browse/home/fall-centerpiece/4044_2634414_9573311_5390994"
            ],
            [
                "Shop All Fall Decor",
                "/browse/home/shop-all-fall-decor/4044_2634414_9573311_6851606"
            ],
            [
                "Knick-Knacks",
                "/browse/home/knick-knacks/4044_133012_9145990_7246199"
            ]
        ]
    },
    {
        "title": "Mainstays, I Love Us Sentiment Pillow, 14X20, Grey",
        "url": "https://www.walmart.com/ip/Mainstays-I-Love-Us-Sentiment-Pillow-14X20-Grey/984896848",
        "price": "$9.97",
        "stars": "5.0",
        "ratings": "57 ",
        "img": "i5.walmartimages.com/asr/1468b57c-50ad-46ae-a766-fe40e26c391e_1.57bce090ade73bd3ec39a6894c675ace.jpeg?odnWidth=612&odnHeight=612&odnBg=ffffff",
        "tags": [
            [
                "Fall Pillows",
                "/browse/home/fall-pillows/4044_2634414_9573311_1790882"
            ],
            [
                "Better Homes & Gardens Decor",
                "/browse/home/better-homes-gardens-decor/4044_133012_2786769"
            ],
            [
                "Better Homes and Gardens New Arrivals",
                "/browse/home/better-homes-gardens-new-arrivals/4044_1225301_1011919_3742611"
            ],
            [
                "Fall Indoor Decor",
                "/browse/home/fall-indoor-decor/4044_2634414_9573311_3931477"
            ],
            [
                "Decorative Pillow Covers",
                "/browse/home/decorative-pillow-covers/4044_133012_5991909_5188883"
            ],
            [
                "Shop All Fall Decor",
                "/browse/home/shop-all-fall-decor/4044_2634414_9573311_6851606"
            ],
            [
                "Dorm Decor",
                "/browse/home/dorm-decor/4044_1225301_1225229_7471338"
            ],
            [
                "Dorm Bedding",
                "/browse/home/dorm-bedding/4044_1225301_1225229_9830377"
            ]
        ]
    },
    {
        "title": "Better Homes & Gardens Scented Jar Candle, Soft Cashmere Amber, 17 oz. (3 pack)",
        "url": "https://www.walmart.com/ip/Better-Homes-Gardens-Scented-Jar-Candle-Soft-Cashmere-Amber-17-oz-3-pack/389600145",
        "price": "$17.91",
        "stars": "5.0",
        "ratings": "1 ",
        "img": "i5.walmartimages.com/asr/0a979a70-da51-4ed4-9c20-9911499909fd_1.83787f30fd64b596270d3bc075de154b.jpeg?odnWidth=612&odnHeight=612&odnBg=ffffff",
        "tags": []
    },
    {
        "title": "Lavender - Extra Rich Incense by GONESH",
        "url": "https://www.walmart.com/ip/Lavender-Extra-Rich-Incense-by-GONESH/24864649",
        "price": "$2.00",
        "stars": "4.9",
        "ratings": "20 ",
        "img": "",
        "tags": [
            [
                "Blackout Curtains",
                "/browse/home/blackout-curtains/4044_133012_539105_1521917_1331481"
            ],
            [
                "Best Bedroom Products if You Can't Sleep",
                "/browse/home/best-bedroom-products-if-you-cant-sleep/4044_1225301_2271072_2074145"
            ],
            [
                "Curtains",
                "/browse/home/curtains/4044_133012_539105_1521917_2606905"
            ],
            [
                "Better Homes & Gardens Decor",
                "/browse/home/better-homes-gardens-decor/4044_133012_2786769"
            ],
            [
                "Fragrance Oils",
                "/browse/home/fragrance-oils/4044_133012_2622648_4108166"
            ],
            [
                "Memory Foam Bath Mats",
                "/browse/home/memory-foam-bath-mats/4044_539095_920259_4950967"
            ],
            [
                "Oil Diffusers",
                "/browse/home/oil-diffusers/4044_133012_2622648_6662217"
            ],
            [
                "Dream Catchers",
                "/browse/home/dream-catchers/4044_133012_5208936_6906318_7066793"
            ]
        ]
    },
    {
        "title": "LED Light Strip, 16.4ft RGB LED Light Strip 5050 LED Tape Lights, Color Changing LED Rope Lights with Remote for Home",
        "url": "https://www.walmart.com/ip/LED-Light-Strip-16-4ft-RGB-LED-Light-Strip-5050-LED-Tape-Lights-Color-Changing-LED-Rope-Lights-with-Remote-for-Home/888169255",
        "price": "$14.99",
        "stars": "4.1",
        "ratings": "43 ",
        "img": "i5.walmartimages.com/asr/e6f2051d-2d5c-414b-bd23-e8d1e2922876.2e41f67ecd974e28e57221fdf0375318.jpeg?odnWidth=612&odnHeight=612&odnBg=ffffff",
        "tags": [
            [
                "Rope Lights",
                "/browse/home/rope-lights/4044_133012_133113_8132195_1255251"
            ],
            [
                "All String Lights",
                "/browse/home/all-string-lights/4044_133012_133113_8132195_1765413"
            ],
            [
                "Teens' Room Decor",
                "/browse/home/teens-room-decor/4044_1156136_2806866"
            ],
            [
                "LED Strip Lights",
                "/browse/home/led-strip-lights/4044_133012_133113_8132195_3766565"
            ],
            [
                "Shop All Novelty Lights",
                "/browse/home/shop-all-novelty-lights/4044_133012_133113_8132195_4953307"
            ],
            [
                "String & Fairy Lights",
                "/browse/home/string-fairy-lights/4044_133012_133113_8132195_6226424"
            ],
            [
                "Shop All Christmas Lights",
                "/browse/home/shop-all-christmas-lights/4044_2634414_7472650_3602319_8490281"
            ],
            [
                "Christmas String Lights",
                "/browse/home/christmas-string-lights/4044_2634414_7472650_3602319_9526171"
            ]
        ]
    },
    {
        "title": "Better Homes & Gardens Full Size Wax Warmer, Inspirations",
        "url": "https://www.walmart.com/ip/Better-Homes-Gardens-Full-Size-Wax-Warmer-Inspirations/48278656",
        "price": "$15.00",
        "stars": "4.3",
        "ratings": "91 ",
        "img": "i5.walmartimages.com/asr/9a0542b6-d9e9-47a1-85c5-21effe346a1a_1.906aa66900ca752fead44ae20cde8512.jpeg?odnWidth=612&odnHeight=612&odnBg=ffffff",
        "tags": [
            [
                "Best Bedroom Products if You Can't Sleep",
                "/browse/home/best-bedroom-products-if-you-cant-sleep/4044_1225301_2271072_2074145"
            ],
            [
                "Better Homes & Gardens Decor",
                "/browse/home/better-homes-gardens-decor/4044_133012_2786769"
            ],
            [
                "Yankee Candle",
                "/browse/home/yankee-candle/4044_133012_2622648_2806582"
            ],
            [
                "Wax Melts",
                "/browse/home/wax-melts/4044_133012_2622648_2926246"
            ],
            [
                "Fragrance Oils",
                "/browse/home/fragrance-oils/4044_133012_2622648_4108166"
            ],
            [
                "Oil Diffusers",
                "/browse/home/oil-diffusers/4044_133012_2622648_6662217"
            ],
            [
                "Shop All Fall Decor",
                "/browse/home/shop-all-fall-decor/4044_2634414_9573311_6851606"
            ],
            [
                "Dorm Decor",
                "/browse/home/dorm-decor/4044_1225301_1225229_7471338"
            ]
        ]
    }
]