[
    {
        "title": "Presto PopLite Hot Air Popcorn Popper",
        "url": "https://www.walmart.com/ip/Presto-PopLite-Hot-Air-Popcorn-Popper/5969519",
        "price": "$22.90",
        "stars": "4.4",
        "ratings": "1634 ",
        "img": "i5.walmartimages.com/asr/8268b9ac-85cc-4054-85dd-0c723c8a1f20_1.a5651941e8e0b00d81025fabd24c0228.jpeg?odnWidth=612&odnHeight=612&odnBg=ffffff",
        "tags": [
            [
                "Kitchen Appliances",
                "/browse/home/kitchen-appliances/4044_1225301_1225229_1225238_1230030"
            ],
            [
                "Countertop Popcorn Machines",
                "/browse/home/countertop-popcorn-machines/4044_90548_90546_2088567"
            ],
            [
                "Shop All Food Storage Containers",
                "/browse/home/shop-all-food-storage-containers/4044_623679_1032619_5842891_2687119"
            ],
            [
                "Bakeware Sets",
                "/browse/home/bakeware-sets/4044_623679_8455465_3756894"
            ],
            [
                "Shop All Popcorn Machines",
                "/browse/home/shop-all-popcorn-machines/4044_90548_90546_4257906_4112632"
            ],
            [
                "Nostalgia Popcorn Makers",
                "/browse/home/nostalgia-popcorn-makers/4044_90548_90546_4257906_5988043"
            ],
            [
                "Shop All Fall Decor",
                "/browse/home/shop-all-fall-decor/4044_2634414_9573311_6851606"
            ],
            [
                "Meal Prep Containers",
                "/browse/home/meal-prep-containers/4044_623679_1032619_5842891_8561628"
            ]
        ]
    },
    {
        "title": "Nostalgia LPF150 Lighted Party Fountain",
        "url": "https://www.walmart.com/ip/Nostalgia-LPF150-Lighted-Party-Fountain/55115929",
        "price": "$35.10",
        "stars": "4.1",
        "ratings": "89 ",
        "img": "",
        "tags": [
            [
                "Food Warmers",
                "/browse/home/food-warmers/4044_90548_90546_133025_2381756"
            ],
            [
                "Cotton Candy Machines",
                "/browse/home/cotton-candy-machines/4044_90548_90546_132920_2617054"
            ],
            [
                "Kitchen Wedding Registry",
                "/browse/home/kitchen-wedding-registry/4044_623679_3700962"
            ],
            [
                "More Specialty Appliances",
                "/browse/home/more-specialty-appliances/4044_90548_90546_133025_6406821"
            ],
            [
                "Beverage Dispensers",
                "/browse/home/beverage-dispensers/4044_623679_639999_2347672_8436912"
            ],
            [
                "Frozen Drink Makers",
                "/browse/home/frozen-drink-makers/4044_90548_90546_132920_9010645"
            ]
        ]
    },
    {
        "title": "Febreze Spring & Renewal Scent BISSELL Style 1214 Vacuum Filter, 1 Pack, 12143",
        "url": "https://www.walmart.com/ip/Febreze-Spring-Renewal-Scent-BISSELL-Style-1214-Vacuum-Filter-1-Pack-12143/382491165",
        "price": "$11.98",
        "stars": "4.5",
        "ratings": "87 ",
        "img": "i5.walmartimages.com/asr/173c6b30-d674-4f60-8e0d-8d1bb5fd53a7_1.598760789db4b161fdd2473b3dc5d3dd.jpeg?odnWidth=612&odnHeight=612&odnBg=ffffff",
        "tags": [
            [
                "Bissell Pet Vacuums",
                "/browse/home/bissell-pet-vacuums/4044_90548_4047_1921730"
            ],
            [
                "Vacuum Cleaners",
                "/browse/home/vacuum-cleaners/4044_90548_4047_3525958"
            ],
            [
                "Dorm Floorcare",
                "/browse/home/dorm-floorcare/4044_1225301_1225229_3660956"
            ],
            [
                "Bissell Vacuums",
                "/browse/home/bissell-vacuums/4044_90548_4047_5800318"
            ],
            [
                "Bissell Upright Vacuums",
                "/browse/home/bissell-upright-vacuums/4044_90548_4047_5885578"
            ],
            [
                "Pet Vacuums",
                "/browse/home/pet-vacuums/4044_90548_4047_618299"
            ],
            [
                "Dorm Vacuum Essentials",
                "/browse/home/dorm-vacuum-essentials/4044_1225301_1225229_8079634_6343193"
            ],
            [
                "Upright Vacuums",
                "/browse/home/upright-vacuums/4044_90548_4047_9880471"
            ]
        ]
    },
    {
        "title": "Presto 07030 Cool-Touch Electric Griddle",
        "url": "https://www.walmart.com/ip/Presto-07030-Cool-Touch-Electric-Griddle/14543969",
        "price": "$26.94",
        "stars": "4.8",
        "ratings": "144 ",
        "img": "",
        "tags": [
            [
                "Specialty Cookware",
                "/browse/home/specialty-cookware/4044_623679_8140341_1074485"
            ],
            [
                "Best Indoor Grills",
                "/browse/home/best-indoor-grills/4044_90548_90546_4828_3895034"
            ],
            [
                "Dorm Storage",
                "/browse/home/dorm-storage/4044_1225301_1225229_4364714"
            ],
            [
                "Electric Skillets",
                "/browse/home/electric-skillets/4044_90548_90546_4828_5625726"
            ],
            [
                "Griddles & Grill Pans",
                "/browse/home/griddles-grill-pans/4044_623679_8140341_6082871"
            ],
            [
                "Pots",
                "/browse/home/pots/4044_623679_8140341_9059354"
            ],
            [
                "Indoor Grills",
                "/browse/home/indoor-grills/4044_90548_90546_4828_9963034"
            ],
            [
                "Panini Presses",
                "/browse/home/panini-presses/4044_90548_90546_4828_9983501"
            ]
        ]
    },
    {
        "title": "Mr. Coffee Automatic Silver Burr Mill Grinder with 18 Custom Grinds",
        "url": "https://www.walmart.com/ip/Mr-Coffee-Automatic-Silver-Burr-Mill-Grinder-with-18-Custom-Grinds/17219366",
        "price": "$39.99",
        "stars": "3.9",
        "ratings": "614 ",
        "img": "i5.walmartimages.com/asr/6dff8168-edac-436d-a862-31f084477f55_1.7b73e138f04ec291edfb96eb3bc8ab00.jpeg?odnWidth=612&odnHeight=612&odnBg=ffffff",
        "tags": [
            [
                "Burr Coffee Grinders",
                "/browse/home/burr-coffee-grinders/4044_90548_90546_2971264_2701467"
            ],
            [
                "Dorm Appliances",
                "/browse/home/dorm-appliances/4044_1225301_1225229_4267503"
            ],
            [
                "KitchenAid Coffee Grinders",
                "/browse/home/kitchenaid-coffee-grinders/4044_1225301_8679660_6686231"
            ],
            [
                "Krups",
                "/browse/home/krups/4044_1225301_9409401_7069980"
            ],
            [
                "Espresso Machines",
                "/browse/home/espresso-machines/4044_90548_90546_1115306_7534756"
            ],
            [
                "Coffee Grinders",
                "/browse/home/coffee-grinders/4044_90548_90546_1115306_7654310"
            ],
            [
                "KitchenAid",
                "/browse/home/kitchenaid/4044_1225301_9409401_7708390"
            ]
        ]
    },
    {
        "title": "Instant Pot Official 8-Piece Cook/Bake Set: 2 Pans, 2 Wire Racks, 2 Red Silicone Lids, 1 Removable Divider, and Removable Base",
        "url": "https://www.walmart.com/ip/Instant-Pot-Official-8-Piece-Cook-Bake-Set-2-Pans-2-Wire-Racks-2-Red-Silicone-Lids-1-Removable-Divider-and-Removable-Base/911109179",
        "price": "$24.99",
        "stars": "3.9",
        "ratings": "47 ",
        "img": "i5.walmartimages.com/asr/44713e0f-5714-4098-a81a-537714c4a358_1.a3c64d8cbb2dbb47eecea83a17a866d6.jpeg?odnWidth=612&odnHeight=612&odnBg=ffffff",
        "tags": [
            [
                "Instant Pot",
                "/browse/home/instant-pot/4044_1225301_9409401_1681369"
            ],
            [
                "Pressure Cookers",
                "/browse/home/pressure-cookers/4044_90548_90546_3206242"
            ],
            [
                "Non-Stick Cookware",
                "/browse/home/non-stick-cookware/4044_623679_8140341_3396135"
            ],
            [
                "Pressure Cookers & Canners",
                "/browse/home/pressure-cookers-canners/4044_623679_133020_5723943"
            ],
            [
                "Steamer Baskets",
                "/browse/home/steamer-baskets/4044_623679_8140341_5856252"
            ],
            [
                "Shop All Slow Cookers",
                "/browse/home/shop-all-slow-cookers/4044_90548_90546_4829_7337075"
            ],
            [
                "Shop all Instant Pot",
                "/browse/home/shop-all-instant-pot/4044_623679_4779092_7747488"
            ]
        ]
    },
    {
        "title": "Oster DiamondForce 12-Inch x 16-Inch Nonstick Electric\u00a0Skillet with Hinged Lid",
        "url": "https://www.walmart.com/ip/Oster-DiamondForce-12-Inch-x-16-Inch-Nonstick-Electric-Skillet-with-Hinged-Lid/319501892",
        "price": "$39.92",
        "stars": "4.6",
        "ratings": "94 ",
        "img": "i5.walmartimages.com/asr/ebbfebdf-6be5-4a32-ba1d-df781d38a565_1.981c7b24352ac8365cff0d20c2b2fd12.jpeg?odnWidth=612&odnHeight=612&odnBg=ffffff",
        "tags": [
            [
                "Hamilton Beach",
                "/browse/shop-by-brand/hamilton-beach/3734780_8307801_4661148"
            ],
            [
                "Ninja",
                "/browse/shop-by-brand/ninja/3734780_8307801_5626459"
            ],
            [
                "Farberware",
                "/browse/shop-by-brand/farberware/3734780_8307801_5726225"
            ],
            [
                "BLACK+DECKER",
                "/browse/shop-by-brand/blackdecker/3734780_4324967_5844827"
            ],
            [
                "WoodWick",
                "/browse/shop-by-brand/woodwick/3734780_8307801_6814137"
            ],
            [
                "Copper Chef",
                "/browse/shop-by-brand/copper-chef/3734780_8307801_8799830"
            ],
            [
                "Zwilling",
                "/browse/shop-by-brand/zwilling/3734780_8307801_9107152"
            ],
            [
                "Cuisinart",
                "/browse/shop-by-brand/cuisinart/3734780_8307801_9492896"
            ]
        ]
    },
    {
        "title": "Range Kleen Range Accessories 6 in. 3-Small and 8 in. 2-Large Drip Bowl Plated (5-Pack) 12565X",
        "url": "https://www.walmart.com/ip/Range-Kleen-Range-Accessories-6-in-3-Small-and-8-in-2-Large-Drip-Bowl-Plated-5-Pack-12565X/15064964",
        "price": "$12.88",
        "stars": "4.3",
        "ratings": "163 ",
        "img": "",
        "tags": [
            [
                "Baking Mats",
                "/browse/home/baking-mats/4044_623679_8455465_9246304_1255695"
            ],
            [
                "Horizontal Blinds",
                "/browse/home/horizontal-blinds/4044_133012_539105_6138085_1321270"
            ],
            [
                "Burner Covers",
                "/browse/home/burner-covers/4044_90548_1231929_1777555_2002244"
            ],
            [
                "Specialty Appliance Parts & Accessories",
                "/browse/home/specialty-appliance-parts-accessories/4044_90548_90546_2971264_2630550"
            ],
            [
                "Heating Elements",
                "/browse/home/heating-elements/4044_90548_1231929_1777555_4429367"
            ],
            [
                "Burners",
                "/browse/home/burners/4044_90548_1231929_1777555_5905213"
            ],
            [
                "Shop All Oven & Range Parts",
                "/browse/home/shop-all-oven-range-parts/4044_90548_1231929_1777555_8512261"
            ]
        ]
    },
    {
        "title": "RCA 0.7 Cu. Ft. Microwave Oven, Black",
        "url": "https://www.walmart.com/ip/RCA-0-7-Cu-Ft-Microwave-Oven-Black/19895935",
        "price": "$54.99",
        "stars": "3.9",
        "ratings": "571 ",
        "img": "i5.walmartimages.com/asr/176c6a60-bc13-42be-88f1-66591a95cbb8_1.b1030b5e06b3ab94918eaa485baa9bca.jpeg?odnWidth=612&odnHeight=612&odnBg=ffffff",
        "tags": [
            [
                "Kitchen Appliances",
                "/browse/home/kitchen-appliances/4044_1225301_1225229_1225238_1230030"
            ],
            [
                "Magic Chef Microwaves",
                "/browse/home/magic-chef-microwaves/4044_90548_90546_132950_1651143"
            ],
            [
                "Small Microwaves",
                "/browse/home/small-microwaves/4044_90548_90546_132950_3079954"
            ],
            [
                "Stainless Steel Microwaves",
                "/browse/home/stainless-steel-microwaves/4044_90548_90546_132950_4169225"
            ],
            [
                "Dorm Appliances",
                "/browse/home/dorm-appliances/4044_1225301_1225229_4267503"
            ],
            [
                "Hamilton Beach Microwaves",
                "/browse/home/hamilton-beach-microwaves/4044_90548_90546_132950_7187140"
            ],
            [
                "Sharp Microwaves",
                "/browse/home/sharp-microwaves/4044_90548_90546_132950_9049515"
            ],
            [
                "Red Microwaves",
                "/browse/home/red-microwaves/4044_90548_90546_132950_9542569"
            ]
        ]
    },
    {
        "title": "Dirt Devil Power Max XL Bagless Upright Vacuum Cleaner",
        "url": "https://www.walmart.com/ip/Dirt-Devil-Power-Max-XL-Bagless-Upright-Vacuum-Cleaner/487948054",
        "price": "$69.00",
        "stars": "4.1",
        "ratings": "690 ",
        "img": "i5.walmartimages.com/asr/f2083d15-a6bb-400b-9d79-3e7347a3ad78.8145539483d77190ce8bb172bf6337f6.jpeg?odnWidth=612&odnHeight=612&odnBg=ffffff",
        "tags": [
            [
                "Bissell Pet Vacuums",
                "/browse/home/bissell-pet-vacuums/4044_90548_4047_1921730"
            ],
            [
                "Vacuum Cleaners",
                "/browse/home/vacuum-cleaners/4044_90548_4047_3525958"
            ],
            [
                "Dorm Floorcare",
                "/browse/home/dorm-floorcare/4044_1225301_1225229_3660956"
            ],
            [
                "Bissell Vacuums",
                "/browse/home/bissell-vacuums/4044_90548_4047_5800318"
            ],
            [
                "Bissell Upright Vacuums",
                "/browse/home/bissell-upright-vacuums/4044_90548_4047_5885578"
            ],
            [
                "Pet Vacuums",
                "/browse/home/pet-vacuums/4044_90548_4047_618299"
            ],
            [
                "Dorm Vacuum Essentials",
                "/browse/home/dorm-vacuum-essentials/4044_1225301_1225229_8079634_6343193"
            ],
            [
                "Upright Vacuums",
                "/browse/home/upright-vacuums/4044_90548_4047_9880471"
            ]
        ]
    }
]