[
    {
        "title": "Signature Sleep Memoir 8-Inch Memory Foam Mattress, King",
        "url": "https://www.walmart.com/ip/Signature-Sleep-Memoir-8-Inch-Memory-Foam-Mattress-King/16481120",
        "price": "$279.00",
        "stars": "4.4",
        "ratings": "603 ",
        "img": "i5.walmartimages.com/asr/4b4394ae-1def-4a01-8a45-d273090e3a66_1.56307019a023da7f6ea3c9edab3566b1.jpeg?odnWidth=612&odnHeight=612&odnBg=ffffff",
        "tags": [
            [
                "Full Mattresses",
                "/browse/home/full-mattresses/4044_103150_539386_9682013_1872812"
            ],
            [
                "Memory Foam Mattresses",
                "/browse/home/memory-foam-mattresses/4044_103150_539386_414609"
            ],
            [
                "Twin Mattresses",
                "/browse/home/twin-mattresses/4044_103150_539386_9682013_4706569"
            ],
            [
                "Twin-XL Mattresses",
                "/browse/home/twin-xl-mattresses/4044_103150_539386_9682013_5191936"
            ],
            [
                "Medium Firm Mattresses",
                "/browse/home/medium-firm-mattresses/4044_1225301_7738457_6007208"
            ],
            [
                "King Mattresses",
                "/browse/home/king-mattresses/4044_103150_539386_9682013_7117230"
            ],
            [
                "Queen Mattresses",
                "/browse/home/queen-mattresses/4044_103150_539386_9682013_7235340"
            ],
            [
                "Firm Mattresses",
                "/browse/home/firm-mattresses/4044_1225301_7738457_8955250"
            ]
        ]
    },
    {
        "title": "Best Price Mattress 6 Inch Memory Foam Mattress and Dual-Use Steel Bed Frame/Foundation Set, Multiple Sizes",
        "url": "https://www.walmart.com/ip/Best-Price-Mattress-6-Inch-Memory-Foam-Mattress-and-Dual-Use-Steel-Bed-Frame-Foundation-Set-Multiple-Sizes/969549195",
        "price": "$142.05",
        "stars": "4.0",
        "ratings": "4 ",
        "img": "i5.walmartimages.com/asr/19076492-4eb2-4c64-b99d-68b1b26f3ecb_1.41ad7d1fce7d250e12478c3000874e1d.jpeg?odnWidth=612&odnHeight=612&odnBg=ffffff",
        "tags": [
            [
                "Full Mattresses",
                "/browse/home/full-mattresses/4044_103150_539386_9682013_1872812"
            ],
            [
                "Twin-XL Mattresses",
                "/browse/home/twin-xl-mattresses/4044_103150_539386_9682013_5191936"
            ],
            [
                "King Mattresses",
                "/browse/home/king-mattresses/4044_103150_539386_9682013_7117230"
            ],
            [
                "Queen Mattresses",
                "/browse/home/queen-mattresses/4044_103150_539386_9682013_7235340"
            ],
            [
                "Shop All Mattresses by Comfort Level",
                "/browse/home/shop-all-mattresses-by-comfort-level/4044_103150_539386_8574778_7747247"
            ],
            [
                "Shop All Mattresses by Size",
                "/browse/home/shop-all-mattresses-by-size/4044_103150_539386_9682013_8499841"
            ],
            [
                "Firm Mattresses",
                "/browse/home/firm-mattresses/4044_1225301_7738457_8955250"
            ],
            [
                "Mattress Sets",
                "/browse/home/mattress-sets/4044_103150_539386_97104"
            ]
        ]
    },
    {
        "title": "Home Details Twin XL Deluxe Mattress Protector with Full Zippered Encasement (80x39x12)",
        "url": "https://www.walmart.com/ip/Home-Details-Twin-XL-Deluxe-Mattress-Protector-with-Full-Zippered-Encasement-80x39x12/747494973",
        "price": "$19.32",
        "stars": "2.8",
        "ratings": "8 ",
        "img": "i5.walmartimages.com/asr/4ef8e0f7-69f3-400d-997f-1be9a791412c_2.d6b7a2c8d12b8c12421dfaa4a8f43e38.jpeg?odnWidth=612&odnHeight=612&odnBg=ffffff",
        "tags": [
            [
                "Mattress Pads & Protectors & Toppers",
                "/browse/home/mattress-pads-protectors-toppers/4044_539103_133144"
            ],
            [
                "Waterproof Mattress Protectors",
                "/browse/home/waterproof-mattress-protectors/4044_539103_8022801_1583426"
            ],
            [
                "Twin-XL Mattress Pads",
                "/browse/home/twin-xl-mattress-pads/4044_539103_5947786_2261511"
            ],
            [
                "Fitted Mattress Protectors",
                "/browse/home/fitted-mattress-protectors/4044_539103_8022801_2727861"
            ],
            [
                "Cooling Mattress Protectors",
                "/browse/home/cooling-mattress-protectors/4044_539103_8022801_4168541"
            ],
            [
                "Mattress Protectors",
                "/browse/home/mattress-protectors/4044_103150_539386_4169411"
            ],
            [
                "Bed Bug Mattress Protectors",
                "/browse/home/bed-bug-mattress-protectors/4044_539103_8022801_5020852"
            ],
            [
                "Basic Mattress Pads & Protectors",
                "/browse/home/basic-mattress-pads-protectors/4044_539103_1095008_5670126"
            ]
        ]
    },
    {
        "title": "100% Waterproof Mattress Protector, Textured 100% Microfiber Antibacterial, Hypoallergenic, Bed Bug Encasement Bed Cover, Deep Pocket Fits 12\" to 18\", Dust Mite and Wrinkle Resistant",
        "url": "https://www.walmart.com/ip/100-Waterproof-Mattress-Protector-Textured-Microfiber-Antibacterial-Hypoallergenic-Bed-Bug-Encasement-Cover-Deep-Pocket-Fits-12-18-Dust-Mite-Wrinkle-/535098107",
        "price": "$20.68",
        "stars": 0,
        "ratings": 0,
        "img": "i5.walmartimages.com/asr/6c63f8df-1b5e-4e47-9839-6e5015fa41e7_1.8fef4205bc71010e2e3b537074aa12e9.jpeg?odnWidth=612&odnHeight=612&odnBg=ffffff",
        "tags": [
            [
                "Mattress Pads & Protectors & Toppers",
                "/browse/home/mattress-pads-protectors-toppers/4044_539103_133144"
            ],
            [
                "Waterproof Mattress Protectors",
                "/browse/home/waterproof-mattress-protectors/4044_539103_8022801_1583426"
            ],
            [
                "Cooling Mattress Protectors",
                "/browse/home/cooling-mattress-protectors/4044_539103_8022801_4168541"
            ],
            [
                "Mattress Protectors",
                "/browse/home/mattress-protectors/4044_103150_539386_4169411"
            ],
            [
                "Bed Bug Mattress Protectors",
                "/browse/home/bed-bug-mattress-protectors/4044_539103_8022801_5020852"
            ],
            [
                "Basic Mattress Pads & Protectors",
                "/browse/home/basic-mattress-pads-protectors/4044_539103_1095008_5670126"
            ],
            [
                "Top Home Allergy Relief Products",
                "/browse/home/top-home-allergy-relief-products/4044_1225301_2271072_8428130"
            ],
            [
                "Zippered Mattress Protectors",
                "/browse/home/zippered-mattress-protectors/4044_539103_8022801_8929600"
            ]
        ]
    },
    {
        "title": "Queen Size Fabric Zippered Mattress Cover Allergy Relief Bed Bug Water Protector",
        "url": "https://www.walmart.com/ip/Queen-Size-Fabric-Zippered-Mattress-Cover-Allergy-Relief-Bed-Bug-Water-Protector/459583320",
        "price": "$24.98",
        "stars": "3.8",
        "ratings": "4 ",
        "img": "i5.walmartimages.com/asr/ca25f1c3-2fdc-4852-8cb5-cc442bf71831_1.993fa941cbff688c90638ce93137ad3a.jpeg?odnWidth=612&odnHeight=612&odnBg=ffffff",
        "tags": [
            [
                "Mattress Pads & Protectors & Toppers",
                "/browse/home/mattress-pads-protectors-toppers/4044_539103_133144"
            ],
            [
                "Waterproof Mattress Protectors",
                "/browse/home/waterproof-mattress-protectors/4044_539103_8022801_1583426"
            ],
            [
                "Fitted Mattress Protectors",
                "/browse/home/fitted-mattress-protectors/4044_539103_8022801_2727861"
            ],
            [
                "Cooling Mattress Protectors",
                "/browse/home/cooling-mattress-protectors/4044_539103_8022801_4168541"
            ],
            [
                "Mattress Protectors",
                "/browse/home/mattress-protectors/4044_103150_539386_4169411"
            ],
            [
                "Bed Bug Mattress Protectors",
                "/browse/home/bed-bug-mattress-protectors/4044_539103_8022801_5020852"
            ],
            [
                "Basic Mattress Pads & Protectors",
                "/browse/home/basic-mattress-pads-protectors/4044_539103_1095008_5670126"
            ],
            [
                "Top Home Allergy Relief Products",
                "/browse/home/top-home-allergy-relief-products/4044_1225301_2271072_8428130"
            ]
        ]
    },
    {
        "title": "2 Inch 2\" Full Size Gel Infused Memory Foam Mattress Topper -Bed Topper - Promotes Airflow - Relieves Pressure Points -Purple",
        "url": "https://www.walmart.com/ip/2-Inch-2-Full-Size-Gel-Infused-Memory-Foam-Mattress-Topper-Bed-Topper-Promotes-Airflow-Relieves-Pressure-Points-Purple/986158273",
        "price": "$39.99",
        "stars": 0,
        "ratings": 0,
        "img": "",
        "tags": [
            [
                "Mattress Pads & Protectors & Toppers",
                "/browse/home/mattress-pads-protectors-toppers/4044_539103_133144"
            ],
            [
                "Best Mattresses & Bedding for Back Pain Relief",
                "/browse/home/best-mattresses-bedding-for-back-pain-relief/4044_1225301_2271072_2600956"
            ],
            [
                "Memory Foam Mattress Topper",
                "/browse/home/memory-foam-mattress-topper/4044_539103_1095008_6066022"
            ],
            [
                "Pillow Top Mattress Topper",
                "/browse/home/pillow-top-mattress-topper/4044_539103_1095008_7221911"
            ],
            [
                "Cooling Mattress Toppers",
                "/browse/home/cooling-mattress-toppers/4044_539103_1095008_7363426"
            ],
            [
                "Mattress Toppers",
                "/browse/home/mattress-toppers/4044_539103_1095008_7595276"
            ],
            [
                "Dorm Mattresses",
                "/browse/home/dorm-mattresses/4044_1225301_1225229_8094250"
            ],
            [
                "Gel Memory Foam Mattress Topper",
                "/browse/home/gel-memory-foam-mattress-topper/4044_539103_1095008_9823161"
            ]
        ]
    },
    {
        "title": "ANMINY Waterproof Mattress Cover Bed Topper Bug Dust Mite Pad Protector Bedspread Sheet",
        "url": "https://www.walmart.com/ip/ANMINY-Waterproof-Mattress-Cover-Bed-Topper-Bug-Dust-Mite-Pad-Protector-Bedspread-Sheet/945905332",
        "price": "$22.99",
        "stars": 0,
        "ratings": 0,
        "img": "i5.walmartimages.com/asr/dafe26a0-8a0d-4b75-bc5c-0ffdf72a529a.ba48270b49a380e3c99590089d57c9ae.jpeg?odnWidth=612&odnHeight=612&odnBg=ffffff",
        "tags": [
            [
                "Waterproof Mattress Protectors",
                "/browse/home/waterproof-mattress-protectors/4044_539103_8022801_1583426"
            ],
            [
                "Fitted Mattress Protectors",
                "/browse/home/fitted-mattress-protectors/4044_539103_8022801_2727861"
            ],
            [
                "Cooling Mattress Protectors",
                "/browse/home/cooling-mattress-protectors/4044_539103_8022801_4168541"
            ],
            [
                "Mattress Protectors",
                "/browse/home/mattress-protectors/4044_103150_539386_4169411"
            ],
            [
                "Bed Bug Mattress Protectors",
                "/browse/home/bed-bug-mattress-protectors/4044_539103_8022801_5020852"
            ],
            [
                "Basic Mattress Pads & Protectors",
                "/browse/home/basic-mattress-pads-protectors/4044_539103_1095008_5670126"
            ],
            [
                "Mattress Covers & Protectors",
                "/browse/home/mattress-covers-protectors/4044_539103_7427099"
            ],
            [
                "Zippered Mattress Protectors",
                "/browse/home/zippered-mattress-protectors/4044_539103_8022801_8929600"
            ]
        ]
    },
    {
        "title": "Teraves 12.7'' High Metal Platform Bed Frame with Two Bowknot Headboards,Easy Assembly,Twin Full Size",
        "url": "https://www.walmart.com/ip/Teraves-12-7-High-Metal-Platform-Bed-Frame-with-Two-Bowknot-Headboards-Easy-Assembly-Twin-Full-Size/465208490",
        "price": "$84.98",
        "stars": "4.0",
        "ratings": "68 ",
        "img": "i5.walmartimages.com/asr/3e3ecf0e-c8bb-40d3-9f88-09eb2a218815_1.f7e3bcbfc018d1ad53ea318a4d52b1cc.jpeg?odnWidth=612&odnHeight=612&odnBg=ffffff",
        "tags": [
            [
                "Shop All Kids' Beds",
                "/browse/home/shop-all-kids-beds/4044_1154295_1155958_7251917_1155992"
            ],
            [
                "Shop all Bed Frames",
                "/browse/home/shop-all-bed-frames/4044_103150_102547_2727648"
            ],
            [
                "Platform Beds",
                "/browse/home/platform-beds/4044_103150_102547_91837_5579206"
            ],
            [
                "Twin Beds",
                "/browse/home/twin-beds/4044_103150_102547_5949652_2014667_5628006"
            ],
            [
                "Beds for Boys",
                "/browse/home/beds-for-boys/4044_1154295_1155958_7251917_5960181"
            ],
            [
                "Metal Beds",
                "/browse/home/metal-beds/4044_103150_102547_91837_6841634"
            ],
            [
                "Full Bed Frames",
                "/browse/home/full-bed-frames/4044_103150_102547_1612901_7561545"
            ],
            [
                "Metal Bed Frames",
                "/browse/home/metal-bed-frames/4044_103150_102547_1612901_7728882"
            ]
        ]
    },
    {
        "title": "DECOZY Full Size Mattress Protector Waterproof, Hypoallergenic Mattress Cover with Anti-Mite Bamboo Fabric, Ultra Soft and Breathable, Vinyl Free, 54x75x14 Inches",
        "url": "https://www.walmart.com/ip/DECOZY-Full-Size-Mattress-Protector-Waterproof-Hypoallergenic-Cover-Anti-Mite-Bamboo-Fabric-Ultra-Soft-Breathable-Vinyl-Free-54x75x14-Inches/714711387",
        "price": "$24.99",
        "stars": 0,
        "ratings": 0,
        "img": "i5.walmartimages.com/asr/cd67e1c0-7b58-44f0-8451-409ce5be2303.c62e294c98c7cf288a9038ff7757f7e5.jpeg?odnWidth=612&odnHeight=612&odnBg=ffffff",
        "tags": [
            [
                "Mattress Protectors",
                "/browse/home/mattress-protectors/4044_103150_539386_4169411"
            ],
            [
                "Basic Mattress Pads & Protectors",
                "/browse/home/basic-mattress-pads-protectors/4044_539103_1095008_5670126"
            ],
            [
                "Infused Mattress Topper",
                "/browse/home/infused-mattress-topper/4044_539103_1095008_6063983"
            ],
            [
                "Memory Foam Mattress Topper",
                "/browse/home/memory-foam-mattress-topper/4044_539103_1095008_6066022"
            ],
            [
                "Mattress Covers & Protectors",
                "/browse/home/mattress-covers-protectors/4044_539103_7427099"
            ],
            [
                "Mattress Toppers",
                "/browse/home/mattress-toppers/4044_539103_1095008_7595276"
            ],
            [
                "Dorm Mattresses",
                "/browse/home/dorm-mattresses/4044_1225301_1225229_8094250"
            ],
            [
                "Gel Memory Foam Mattress Topper",
                "/browse/home/gel-memory-foam-mattress-topper/4044_539103_1095008_9823161"
            ]
        ]
    },
    {
        "title": "Modern Sleep 3-Inch Gel Memory Foam Mattress Topper with Free Cover, Multiple Sizes",
        "url": "https://www.walmart.com/ip/Modern-Sleep-3-Inch-Gel-Memory-Foam-Mattress-Topper-with-Free-Cover-Multiple-Sizes/886019689",
        "price": "$77.38",
        "stars": "4.2",
        "ratings": "68 ",
        "img": "i5.walmartimages.com/asr/cc1c1ca5-8728-4a94-8d82-c867b46b322e_2.e5b8b11e8f2c1a00b391925d4c532cfc.jpeg?odnWidth=612&odnHeight=612&odnBg=ffffff",
        "tags": [
            [
                "Mattress Pads & Protectors & Toppers",
                "/browse/home/mattress-pads-protectors-toppers/4044_539103_133144"
            ],
            [
                "Best Mattresses & Bedding for Back Pain Relief",
                "/browse/home/best-mattresses-bedding-for-back-pain-relief/4044_1225301_2271072_2600956"
            ],
            [
                "Infused Mattress Topper",
                "/browse/home/infused-mattress-topper/4044_539103_1095008_6063983"
            ],
            [
                "Pillow Top Mattress Topper",
                "/browse/home/pillow-top-mattress-topper/4044_539103_1095008_7221911"
            ],
            [
                "Cooling Mattress Toppers",
                "/browse/home/cooling-mattress-toppers/4044_539103_1095008_7363426"
            ],
            [
                "Mattress Toppers",
                "/browse/home/mattress-toppers/4044_539103_1095008_7595276"
            ],
            [
                "Dorm Mattresses",
                "/browse/home/dorm-mattresses/4044_1225301_1225229_8094250"
            ],
            [
                "Gel Memory Foam Mattress Topper",
                "/browse/home/gel-memory-foam-mattress-topper/4044_539103_1095008_9823161"
            ]
        ]
    }
]