[
    {
        "title": "Great Value 4-Pack LED Automatic Light-Sensing Night Light, Soft White",
        "url": "https://www.walmart.com/ip/Great-Value-4-Pack-LED-Automatic-Light-Sensing-Night-Light-Soft-White/26135731",
        "price": "$5.96",
        "stars": "4.6",
        "ratings": "431 ",
        "img": "",
        "tags": [
            [
                "Decorative Night Lights",
                "/browse/home/decorative-night-lights/4044_133012_133113_9240383_1811717"
            ],
            [
                "Shop All The Pioneer Woman",
                "/browse/home/shop-all-the-pioneer-woman/4044_1920532_9153905_1843111"
            ],
            [
                "Plug-In Night Lights",
                "/browse/home/plug-in-night-lights/4044_133012_133113_9240383_2263991"
            ],
            [
                "Bakeware Sets",
                "/browse/home/bakeware-sets/4044_623679_8455465_3756894"
            ],
            [
                "Kids' Night Lights",
                "/browse/home/kids-night-lights/4044_1154295_1156072_4846563"
            ],
            [
                "LED Night Lights",
                "/browse/home/led-night-lights/4044_133012_133113_9240383_5741701"
            ],
            [
                "Shop All Night Lights",
                "/browse/home/shop-all-night-lights/4044_133012_133113_9240383_6193995"
            ],
            [
                "Battery Operated Night Lights",
                "/browse/home/battery-operated-night-lights/4044_133012_133113_9240383_7211119"
            ]
        ]
    },
    {
        "title": "Quickie Stand & Store Lobby Broom & Dustpan",
        "url": "https://www.walmart.com/ip/Quickie-Stand-Store-Lobby-Broom-Dustpan/45102049",
        "price": "$10.99",
        "stars": "3.9",
        "ratings": "525 ",
        "img": "i5.walmartimages.com/asr/fd087fba-0666-48e3-83a6-b087378fb988_1.99aa8b6ea4ddb736d995a0b4e51c873c.jpeg?odnWidth=612&odnHeight=612&odnBg=ffffff",
        "tags": [
            [
                "Libman Brooms",
                "/browse/household-essentials/libman-brooms/1115193_1071966_1025741_1394075"
            ],
            [
                "Cleaning Refills",
                "/browse/household-essentials/cleaning-refills/1115193_1071966_1025741_2872506"
            ],
            [
                "Mops",
                "/browse/household-essentials/mops/1115193_1071966_1025741_3818944"
            ],
            [
                "Kitchen Cleaners",
                "/browse/household-essentials/kitchen-cleaners/1115193_1071966_4986682_5992087"
            ],
            [
                "Bowl Brushes & Plungers",
                "/browse/household-essentials/bowl-brushes-plungers/1115193_1071966_1025741_6148203"
            ],
            [
                "O-cedar Mops",
                "/browse/household-essentials/o-cedar-mops/1115193_1071966_1025741_6957827"
            ],
            [
                "Sponges and Scrubbers",
                "/browse/household-essentials/sponges-scrubbers/1115193_1071966_1025741_6986066"
            ],
            [
                "All Great Value",
                "/browse/household-essentials/all-great-value/1115193_8250903_3495493_8586384"
            ]
        ]
    },
    {
        "title": "Sertapedic Endless Comfort Pillow, Set of 2, King Size",
        "url": "https://www.walmart.com/ip/Sertapedic-Endless-Comfort-Pillow-Set-of-2-King-Size/308650580",
        "price": "$33.92",
        "stars": "4.5",
        "ratings": "75 ",
        "img": "i5.walmartimages.com/asr/cbe43576-5df6-4798-a3c6-64343e361103.a70a9b9e51c28893a501b606fbb8bb6a.jpeg?odnWidth=612&odnHeight=612&odnBg=ffffff",
        "tags": []
    },
    {
        "title": "Equate Premium Heavyweight Cleansing Washcloths, 8 Count",
        "url": "https://www.walmart.com/ip/Equate-Premium-Heavyweight-Cleansing-Washcloths-8-Count/300905568",
        "price": "$3.48",
        "stars": "4.7",
        "ratings": "159 ",
        "img": "i5.walmartimages.com/asr/3b741b7c-4670-4334-aaee-276534cfd85d.ab5e0567f9025bf66977843d0bc9758e.png?odnWidth=612&odnHeight=612&odnBg=ffffff",
        "tags": [
            [
                "Bath Towels",
                "/browse/home/bath-towels/4044_539095_7211899_1030320"
            ],
            [
                "Bath Towel Sets",
                "/browse/home/bath-towel-sets/4044_539095_7211899_1350842"
            ],
            [
                "Dorm Bath & Laundry",
                "/browse/home/dorm-bath-laundry/4044_1225301_1225229_3339158"
            ],
            [
                "Bath Sheets",
                "/browse/home/bath-sheets/4044_539095_7211899_3917301"
            ],
            [
                "Dorm Bath Essentials",
                "/browse/home/dorm-bath-essentials/4044_1225301_1225229_8079634_7293738"
            ],
            [
                "Dorm Room Essentials",
                "/browse/home/dorm-room-essentials/4044_1225301_1225229_7506721"
            ],
            [
                "Hand Towels",
                "/browse/home/hand-towels/4044_539095_7211899_8928938"
            ],
            [
                "Teens' Bathroom",
                "/browse/home/teens-bathroom/4044_1156136_9411830"
            ]
        ]
    },
    {
        "title": "Mainstays Easy-Hang Adjustable 40\" Shower Curtain Tension Rod, 1 Each",
        "url": "https://www.walmart.com/ip/Mainstays-Easy-Hang-Adjustable-40-Shower-Curtain-Tension-Rod-1-Each/734166558",
        "price": "$4.96",
        "stars": "3.9",
        "ratings": "106 ",
        "img": "i5.walmartimages.com/asr/8be73a85-972e-4216-afff-88a8365da2c7_1.97e0cfc514153ee77f54cb0dab9007b9.jpeg?odnWidth=612&odnHeight=612&odnBg=ffffff",
        "tags": [
            [
                "Curtain Rods & Hardware",
                "/browse/home/curtain-rods-hardware/4044_133012_539105_132949"
            ],
            [
                "Dorm Bath & Laundry",
                "/browse/home/dorm-bath-laundry/4044_1225301_1225229_3339158"
            ],
            [
                "White Shower Curtains",
                "/browse/home/white-shower-curtains/4044_539095_2141805_5102000"
            ],
            [
                "Shower Curtains",
                "/browse/home/shower-curtains/4044_539095_2141805_533461"
            ],
            [
                "Tension Rods",
                "/browse/home/tension-rods/4044_539095_7114312"
            ],
            [
                "Curtain Rods",
                "/browse/home/curtain-rods/4044_133012_539105_9656779_7161610"
            ],
            [
                "Shower Curtain Rings",
                "/browse/home/shower-curtain-rings/4044_539095_8307770"
            ],
            [
                "Tension & Magnetic Rods",
                "/browse/home/tension-magnetic-rods/4044_133012_539105_9656779_9145792"
            ]
        ]
    },
    {
        "title": "Great Value Lobby Broom & Dustpan Kit",
        "url": "https://www.walmart.com/ip/Great-Value-Lobby-Broom-Dustpan-Kit/589450487",
        "price": "$9.97",
        "stars": "3.7",
        "ratings": "65 ",
        "img": "i5.walmartimages.com/asr/bc028545-0948-4946-b6b0-fcab0d09ea82_1.844f5733c48eab01b29b9e63e0e760d0.jpeg?odnWidth=612&odnHeight=612&odnBg=ffffff",
        "tags": [
            [
                "Libman Brooms",
                "/browse/household-essentials/libman-brooms/1115193_1071966_1025741_1394075"
            ],
            [
                "Cleaning Refills",
                "/browse/household-essentials/cleaning-refills/1115193_1071966_1025741_2872506"
            ],
            [
                "Mops",
                "/browse/household-essentials/mops/1115193_1071966_1025741_3818944"
            ],
            [
                "O-cedar Brooms",
                "/browse/household-essentials/o-cedar-brooms/1115193_1071966_1025741_5064162"
            ],
            [
                "Libman Mops",
                "/browse/household-essentials/libman-mops/1115193_1071966_1025741_5788441"
            ],
            [
                "O-cedar Mops",
                "/browse/household-essentials/o-cedar-mops/1115193_1071966_1025741_6957827"
            ],
            [
                "Brooms",
                "/browse/household-essentials/brooms/1115193_1071966_1025741_9906599"
            ]
        ]
    },
    {
        "title": "Clorox PEVA Heavyweight Frosted Shower Curtain Liner, 72\" x 72\"",
        "url": "https://www.walmart.com/ip/Clorox-PEVA-Heavyweight-Frosted-Shower-Curtain-Liner-72-x-72/603975408",
        "price": "$9.96",
        "stars": "3.9",
        "ratings": "12 ",
        "img": "i5.walmartimages.com/asr/f866b834-c753-469a-b024-ed75b45c7662.0a9102982c74a4977a55934fcb968f23.jpeg?odnWidth=612&odnHeight=612&odnBg=ffffff",
        "tags": [
            [
                "Shower Curtain Sets",
                "/browse/home/shower-curtain-sets/4044_539095_2141805_2005808"
            ],
            [
                "Dorm Bath & Laundry",
                "/browse/home/dorm-bath-laundry/4044_1225301_1225229_3339158"
            ],
            [
                "White Shower Curtains",
                "/browse/home/white-shower-curtains/4044_539095_2141805_5102000"
            ],
            [
                "Shower Curtains",
                "/browse/home/shower-curtains/4044_539095_2141805_533461"
            ],
            [
                "Dorm Bath Essentials",
                "/browse/home/dorm-bath-essentials/4044_1225301_1225229_8079634_7293738"
            ],
            [
                "Dorm Room Essentials",
                "/browse/home/dorm-room-essentials/4044_1225301_1225229_7506721"
            ],
            [
                "Fabric Shower Curtains",
                "/browse/home/fabric-shower-curtains/4044_539095_2141805_8715072"
            ],
            [
                "Extra Long Shower Curtains",
                "/browse/home/extra-long-shower-curtains/4044_539095_2141805_9227153"
            ]
        ]
    },
    {
        "title": "Mainstays Performance Shiny Chenille Absorbent Memory Foam Bath Mat, 17\u201d x 24\u201d, Mint",
        "url": "https://www.walmart.com/ip/Mainstays-Performance-Shiny-Chenille-Absorbent-Memory-Foam-Bath-Mat-17-x-24-Mint/426180757",
        "price": "$9.98",
        "stars": "4.3",
        "ratings": "64 ",
        "img": "i5.walmartimages.com/asr/acea9912-7853-41b7-97b9-1f4e0cb622d9.1cab73dedff45b7f025bdc5f0e00857f.jpeg?odnWidth=612&odnHeight=612&odnBg=ffffff",
        "tags": []
    },
    {
        "title": "Mainstays Salt & Pepper Set, 2-Pieces",
        "url": "https://www.walmart.com/ip/Mainstays-Salt-Pepper-Set-2-Pieces/27214652",
        "price": "$4.42",
        "stars": "4.5",
        "ratings": "125 ",
        "img": "",
        "tags": [
            [
                "Counter Organizers",
                "/browse/home/counter-organizers/4044_623679_1032619_1032621"
            ],
            [
                "Cooking Utensils",
                "/browse/home/cooking-utensils/4044_623679_133020_4496646_3272847"
            ],
            [
                "Dorm Bundles",
                "/browse/home/dorm-bundles/4044_1225301_1225229_5830926"
            ],
            [
                "Food Prep",
                "/browse/home/food-prep/4044_623679_133020_642199"
            ],
            [
                "Dorm Room Essentials",
                "/browse/home/dorm-room-essentials/4044_1225301_1225229_7506721"
            ],
            [
                "Dorm Dining Essentials",
                "/browse/home/dorm-dining-essentials/4044_1225301_1225229_8079634_8700307"
            ],
            [
                "Kitchen & Cooking Utensil Sets",
                "/browse/home/kitchen-cooking-utensil-sets/4044_623679_133020_4496646_9403622"
            ],
            [
                "Dorm Dining & Hydration",
                "/browse/home/dorm-dining-hydration/4044_1225301_1225229_9951877"
            ]
        ]
    },
    {
        "title": "Command Refill Strips, White, Large, 6 Strips/Pack",
        "url": "https://www.walmart.com/ip/Command-Refill-Strips-White-Large-6-Strips-Pack/19900584",
        "price": "$2.38",
        "stars": "4.5",
        "ratings": "31 ",
        "img": "i5.walmartimages.com/asr/c1732992-e7fb-442a-9020-0d525eb7eaef_1.11da2d1a788752403a13524b8f30a998.jpeg?odnWidth=612&odnHeight=612&odnBg=ffffff",
        "tags": [
            [
                "Hangers",
                "/browse/home/hangers/4044_90828_7067220_1075664"
            ],
            [
                "Bathroom Accessories",
                "/browse/home/bathroom-accessories/4044_539095_133000"
            ],
            [
                "Dorm Bath & Laundry",
                "/browse/home/dorm-bath-laundry/4044_1225301_1225229_3339158"
            ],
            [
                "Dorm Storage Essentials",
                "/browse/home/dorm-storage-essentials/4044_1225301_1225229_8079634_3757167"
            ],
            [
                "Dorm Storage",
                "/browse/home/dorm-storage/4044_1225301_1225229_4364714"
            ],
            [
                "Desktop & Drawer Organizers",
                "/browse/home/desktop-drawer-organizers/4044_90828_1230064_650979"
            ],
            [
                "Dorm Room Essentials",
                "/browse/home/dorm-room-essentials/4044_1225301_1225229_7506721"
            ],
            [
                "Command Hooks",
                "/browse/home/command-hooks/4044_90828_1230061_9644924"
            ]
        ]
    }
]