[
    {
        "title": "Walnew Task Chair Desk Chair Mid Back Armless Vanity Chair Swivel Office Rolling Leather Computer Chairs Ribbed Adjustable Conference Chair (White)",
        "url": "https://www.walmart.com/ip/Walnew-Task-Chair-Desk-Chair-Mid-Back-Armless-Vanity-Chair-Swivel-Office-Rolling-Leather-Computer-Chairs-Ribbed-Adjustable-Conference-Chair-White/603169334",
        "price": "$59.99",
        "stars": "4.5",
        "ratings": "78 ",
        "img": "i5.walmartimages.com/asr/91784786-4cd9-4fec-ae77-47d5182c4c24_1.4637b169b795471e3551f972eb7e8e55.jpeg?odnWidth=612&odnHeight=612&odnBg=ffffff",
        "tags": [
            [
                "Dorm Study Furniture",
                "/browse/home/dorm-study-furniture/4044_1225301_1225229_1385016"
            ],
            [
                "Small office ideas",
                "/browse/home/small-office-ideas/4044_1879527_9330810_2563463"
            ],
            [
                "Executive Office Chairs",
                "/browse/home/executive-office-chairs/4044_103150_97116_3896177"
            ],
            [
                "Ergonomic Chairs",
                "/browse/home/ergonomic-chairs/4044_103150_97116_5177400"
            ],
            [
                "Teens' Desk Chairs",
                "/browse/home/teens-desk-chairs/4044_1156136_1156142_5845507"
            ],
            [
                "White Office Furniture",
                "/browse/home/white-office-furniture/4044_103150_97116_7165397"
            ],
            [
                "Office Chairs",
                "/browse/home/office-chairs/4044_103150_97116_91853"
            ],
            [
                "Commercial Office Furniture",
                "/browse/home/commercial-office-furniture/4044_103150_97116_1071224_9864245"
            ]
        ]
    },
    {
        "title": "Convenience Concepts Designs2Go No Tools 3 Tier Wide TV Stand, Espresso",
        "url": "https://www.walmart.com/ip/Convenience-Concepts-Designs2Go-No-Tools-3-Tier-Wide-TV-Stand-Espresso/22676091",
        "price": "$59.75",
        "stars": "4.6",
        "ratings": "628 ",
        "img": "",
        "tags": [
            [
                "Living Room",
                "/browse/home/living-room/4044_103150_1225290_1225291"
            ],
            [
                "Modern Entertainment Centers",
                "/browse/home/modern-entertainment-centers/4044_103150_635499_1912903"
            ],
            [
                "Black TV Stands",
                "/browse/home/black-tv-stands/4044_103150_635499_4316653"
            ],
            [
                "Wood Entertainment Centers",
                "/browse/home/wood-entertainment-centers/4044_103150_635499_5610209"
            ],
            [
                "Black Entertainment Centers",
                "/browse/home/black-entertainment-centers/4044_103150_635499_7892994"
            ],
            [
                "Espresso TV Stands",
                "/browse/home/espresso-tv-stands/4044_103150_635499_8069234"
            ],
            [
                "Entertainment Centers",
                "/browse/home/entertainment-centers/4044_103150_635499_91848"
            ],
            [
                "Brown Entertainment Centers",
                "/browse/home/brown-entertainment-centers/4044_103150_635499_9654312"
            ]
        ]
    },
    {
        "title": "2 Piece Modern Large Tufted Grey Microfiber Sectional Sofa",
        "url": "https://www.walmart.com/ip/2-Piece-Modern-Large-Tufted-Grey-Microfiber-Sectional-Sofa/844016328",
        "price": "$615.76",
        "stars": "3.3",
        "ratings": "73 ",
        "img": "i5.walmartimages.com/asr/f68da347-9132-4e55-888d-16e75edcd63e_1.3638d8fa83099cb7c13fe5a768eaa31d.jpeg?odnWidth=612&odnHeight=612&odnBg=ffffff",
        "tags": [
            [
                "Black Sectional Sofas",
                "/browse/home/black-sectional-sofas/4044_103150_4038_8106416_1628073"
            ],
            [
                "All Sectional Sofas",
                "/browse/home/all-sectional-sofas/4044_103150_4038_8106416_2042551"
            ],
            [
                "Linen Sectional Sofas",
                "/browse/home/linen-sectional-sofas/4044_103150_4038_8106416_2874673"
            ],
            [
                "Living Room Sets",
                "/browse/home/living-room-sets/4044_103150_4038_9394595_3771376"
            ],
            [
                "Grey Sectional Sofas",
                "/browse/home/grey-sectional-sofas/4044_103150_4038_8106416_4019899"
            ],
            [
                "Modern & Contemporary Sectional Sofas",
                "/browse/home/modern-contemporary-sectional-sofas/4044_103150_4038_8106416_7102452"
            ],
            [
                "Brown Sectional Sofas",
                "/browse/home/brown-sectional-sofas/4044_103150_4038_8106416_7725723"
            ],
            [
                "Blue Sectional Sofas",
                "/browse/home/blue-sectional-sofas/4044_103150_4038_8106416_9652239"
            ]
        ]
    },
    {
        "title": "Better Homes & Gardens Modern Farmhouse Queen Headboard, Rustic White Finish",
        "url": "https://www.walmart.com/ip/Better-Homes-Gardens-Modern-Farmhouse-Queen-Headboard-Rustic-White-Finish/804185797",
        "price": "$129.00",
        "stars": "4.3",
        "ratings": "85 ",
        "img": "i5.walmartimages.com/asr/71a0d31f-a3f3-4246-b0e6-5f914a5a9316_2.634edc688df4bcf1435767762daecaf3.jpeg?odnWidth=612&odnHeight=612&odnBg=ffffff",
        "tags": [
            [
                "Queen Headboards",
                "/browse/home/queen-headboards/4044_103150_102547_2705136_6133782_1866603"
            ],
            [
                "King Headboard",
                "/browse/home/king-headboard/4044_103150_102547_2352672"
            ],
            [
                "Queen Headboard",
                "/browse/home/queen-headboard/4044_103150_102547_3256101"
            ],
            [
                "Wood Headboards",
                "/browse/home/wood-headboards/4044_103150_102547_2705136_9820950_5305183"
            ],
            [
                "Shop all Headboards",
                "/browse/home/shop-all-headboards/4044_103150_102547_2705136_5759592"
            ],
            [
                "Full Headboard",
                "/browse/home/full-headboard/4044_103150_102547_6183514"
            ],
            [
                "Full Headboards",
                "/browse/home/full-headboards/4044_103150_102547_2705136_6133782_6576013"
            ],
            [
                "King Headboards",
                "/browse/home/king-headboards/4044_103150_102547_2705136_6133782_8260637"
            ]
        ]
    },
    {
        "title": "Hodedah 4-Door Kitchen Pantry with 4-Shelves, Chocolate-Grey",
        "url": "https://www.walmart.com/ip/Hodedah-4-Door-Kitchen-Pantry-with-4-Shelves-Chocolate-Grey/55609711",
        "price": "$124.99",
        "stars": "3.6",
        "ratings": "65 ",
        "img": "i5.walmartimages.com/asr/15682810-4ea4-4685-9ddf-735f4e29d810_1.febbed2356d4794b7094a5d937684e7d.jpeg?odnWidth=612&odnHeight=612&odnBg=ffffff",
        "tags": [
            [
                "Accent Chests",
                "/browse/home/accent-chests/4044_103150_102547_1043771"
            ],
            [
                "Shelving Storage",
                "/browse/home/shelving-storage/4044_90828_1230059_1043775"
            ],
            [
                "Kitchen Islands & Carts",
                "/browse/home/kitchen-islands-carts/4044_103150_4037_132192"
            ],
            [
                "White Pantry Cabinets",
                "/browse/home/white-pantry-cabinets/4044_103150_4037_6142570_1717314"
            ],
            [
                "Pantries",
                "/browse/home/pantries/4044_103150_4037_3781179"
            ],
            [
                "Shop All Pantries",
                "/browse/home/shop-all-pantries/4044_103150_4037_6142570_4478762"
            ],
            [
                "Black Pantry Cabinets",
                "/browse/home/black-pantry-cabinets/4044_103150_4037_6142570_4599607"
            ]
        ]
    },
    {
        "title": "RESPAWN 110 Racing Style Gaming Chair, Reclining Ergonomic Leather Chair with Footrest, in Gray (RSP-110-GRY)",
        "url": "https://www.walmart.com/ip/RESPAWN-110-Racing-Style-Gaming-Chair-Reclining-Ergonomic-Leather-Chair-with-Footrest-in-Gray-RSP-110-GRY/443350037",
        "price": "$215.00",
        "stars": "4.4",
        "ratings": "1014 ",
        "img": "i5.walmartimages.com/asr/ba033b14-e468-487f-afd1-420476301f05_1.136820bb4764944b979156cd0ef6bad4.jpeg?odnWidth=612&odnHeight=612&odnBg=ffffff",
        "tags": [
            [
                "Dorm Study Furniture",
                "/browse/home/dorm-study-furniture/4044_1225301_1225229_1385016"
            ],
            [
                "Ergonomic Chairs",
                "/browse/home/ergonomic-chairs/4044_103150_97116_5177400"
            ],
            [
                "Gaming Chair Rockers",
                "/browse/home/gaming-chair-rockers/4044_1154295_1155958_7203266_5387681"
            ],
            [
                "Teens' Desk Chairs",
                "/browse/home/teens-desk-chairs/4044_1156136_1156142_5845507"
            ],
            [
                "Small Space Desks & Office Furniture",
                "/browse/home/small-space-desks-office-furniture/4044_103150_2880259_6932446"
            ],
            [
                "White Office Furniture",
                "/browse/home/white-office-furniture/4044_103150_97116_7165397"
            ],
            [
                "All Kids' Chairs",
                "/browse/home/all-kids-chairs/4044_1154295_1155958_7203266_9300235"
            ],
            [
                "Gaming Chairs",
                "/browse/home/gaming-chairs/4044_103150_97116_9559238"
            ]
        ]
    },
    {
        "title": "Better Homes & Gardens 66\" Modern Farmhouse Bookcase Storage Cabinet, Rustic White Finish",
        "url": "https://www.walmart.com/ip/Better-Homes-Gardens-66-Modern-Farmhouse-Bookcase-Storage-Cabinet-Rustic-White-Finish/931562944",
        "price": "$249.99",
        "stars": "4.3",
        "ratings": "523 ",
        "img": "i5.walmartimages.com/asr/b65c73d5-836f-43cf-9098-950a949f8032.c381ff22bc3982a52fefdf9fa0400864.jpeg?odnWidth=612&odnHeight=612&odnBg=ffffff",
        "tags": []
    },
    {
        "title": "Belleze\u00a9 Ergonomic Office PU Leather Chair Executive Computer Hydraulic, White",
        "url": "https://www.walmart.com/ip/Belleze-Ergonomic-Office-PU-Leather-Chair-Executive-Computer-Hydraulic-White/199457560",
        "price": "$99.99",
        "stars": "3.8",
        "ratings": "30 ",
        "img": "i5.walmartimages.com/asr/7f110f20-8545-45b1-936e-e15f29a836e0_1.9024890b485a3e927a73ef2a480149ac.jpeg?odnWidth=612&odnHeight=612&odnBg=ffffff",
        "tags": [
            [
                "Dorm Study Furniture",
                "/browse/home/dorm-study-furniture/4044_1225301_1225229_1385016"
            ],
            [
                "Dorm Study Essentials",
                "/browse/home/dorm-study-essentials/4044_1225301_1225229_8079634_1921657"
            ],
            [
                "Executive Office Chairs",
                "/browse/home/executive-office-chairs/4044_103150_97116_3896177"
            ],
            [
                "Ergonomic Chairs",
                "/browse/home/ergonomic-chairs/4044_103150_97116_5177400"
            ],
            [
                "Small Space Desks & Office Furniture",
                "/browse/home/small-space-desks-office-furniture/4044_103150_2880259_6932446"
            ],
            [
                "White Office Furniture",
                "/browse/home/white-office-furniture/4044_103150_97116_7165397"
            ],
            [
                "Gaming Chairs",
                "/browse/home/gaming-chairs/4044_103150_97116_9559238"
            ],
            [
                "Commercial Office Furniture",
                "/browse/home/commercial-office-furniture/4044_103150_97116_1071224_9864245"
            ]
        ]
    },
    {
        "title": "Best Price Mattress 14 Inch Metal Platform Bed Frame",
        "url": "https://www.walmart.com/ip/Best-Price-Mattress-14-Inch-Metal-Platform-Bed-Frame/378436238",
        "price": "$68.99",
        "stars": "4.5",
        "ratings": "65 ",
        "img": "i5.walmartimages.com/asr/d24cf609-add5-4421-a266-619d60316b8d_2.4a8a7c9e5adab484af34843b08123c6a.jpeg?odnWidth=612&odnHeight=612&odnBg=ffffff",
        "tags": [
            [
                "Twin Bed Frames",
                "/browse/home/twin-bed-frames/4044_103150_102547_1612901_1936776"
            ],
            [
                "Platform Bed Frames",
                "/browse/home/platform-bed-frames/4044_103150_102547_1612901_2129680"
            ],
            [
                "Shop all Bed Frames",
                "/browse/home/shop-all-bed-frames/4044_103150_102547_2727648"
            ],
            [
                "Queen Bed Frames",
                "/browse/home/queen-bed-frames/4044_103150_102547_1612901_3670601"
            ],
            [
                "King Bed Frames",
                "/browse/home/king-bed-frames/4044_103150_102547_1612901_6810753"
            ],
            [
                "Full Bed Frames",
                "/browse/home/full-bed-frames/4044_103150_102547_1612901_7561545"
            ],
            [
                "Metal Bed Frames",
                "/browse/home/metal-bed-frames/4044_103150_102547_1612901_7728882"
            ],
            [
                "Bed Frames",
                "/browse/home/bed-frames/4044_103150_102547_1612901_96991"
            ]
        ]
    },
    {
        "title": "Best Choice Products Modular L-Shape Desk Workstation for Home, Office w/ Wooden Tabletop Keyboard Tray - Black",
        "url": "https://www.walmart.com/ip/Best-Choice-Products-Modular-L-Shape-Desk-Workstation-for-Home-Office-w-Wooden-Tabletop-Keyboard-Tray-Black/48959318",
        "price": "$109.99",
        "stars": "4.3",
        "ratings": "234 ",
        "img": "i5.walmartimages.com/asr/dd59306c-f961-4578-8746-75d18dc985ac.c787cee8b034592a936dffcea8d84045.jpeg?odnWidth=612&odnHeight=612&odnBg=ffffff",
        "tags": [
            [
                "Computer Desks",
                "/browse/home/computer-desks/4044_103150_97116_91851_2756086_1681587"
            ],
            [
                "Top Rated Desks",
                "/browse/home/top-rated-desks/4044_103150_97116_91851_3261462"
            ],
            [
                "Black Desks",
                "/browse/home/black-desks/4044_103150_97116_91851_5127598_7029153"
            ],
            [
                "Corner & L-Shaped Desks",
                "/browse/home/corner-l-shaped-desks/4044_103150_97116_8132099"
            ],
            [
                "Small Desks",
                "/browse/home/small-desks/4044_103150_97116_91851_2756086_9863974"
            ],
            [
                "Modern Desks",
                "/browse/home/modern-desks/4044_103150_97116_91851_2775109_9891314"
            ],
            [
                "Gaming Desks",
                "/browse/home/gaming-desks/4044_103150_97116_9962249"
            ]
        ]
    }
]