[
    {
        "title": "\"Carmen\" Polyester Shower Curtain in White",
        "url": "https://www.walmart.com/ip/Carmen-Polyester-Shower-Curtain-in-White/20697617",
        "price": "$19.99",
        "stars": "3.9",
        "ratings": "67 ",
        "img": "i5.walmartimages.com/asr/4417e6d3-ef0e-4ee9-a072-a21e206559f0_1.87ada291acad69d4d9f51a52db03c1c4.jpeg?odnWidth=612&odnHeight=612&odnBg=ffffff",
        "tags": [
            [
                "Teens' Shower Curtains & Hooks",
                "/browse/home/teens-shower-curtains-hooks/4044_1156136_1156137_1156140"
            ],
            [
                "Rich Textures-Bath",
                "/browse/home/rich-textures-bath/4044_1225301_1224843_1224863_1187326"
            ],
            [
                "Shower Curtain Sets",
                "/browse/home/shower-curtain-sets/4044_539095_2141805_2005808"
            ],
            [
                "Dorm Bath & Laundry",
                "/browse/home/dorm-bath-laundry/4044_1225301_1225229_3339158"
            ],
            [
                "Shower Curtain Liners",
                "/browse/home/shower-curtain-liners/4044_539095_2141805_3396784"
            ],
            [
                "Shower Curtains",
                "/browse/home/shower-curtains/4044_539095_2141805_533461"
            ],
            [
                "Dorm Bath Essentials",
                "/browse/home/dorm-bath-essentials/4044_1225301_1225229_8079634_7293738"
            ],
            [
                "Fabric Shower Curtains",
                "/browse/home/fabric-shower-curtains/4044_539095_2141805_8715072"
            ]
        ]
    },
    {
        "title": "3 Piece Jazz Shaggy Nylon Washable Bathroom Rug Set, Basin Blue",
        "url": "https://www.walmart.com/ip/3-Piece-Jazz-Shaggy-Nylon-Washable-Bathroom-Rug-Set-Basin-Blue/24460347",
        "price": "$46.45",
        "stars": "4.1",
        "ratings": "97 ",
        "img": "i5.walmartimages.com/asr/92e55a96-a01f-45ee-8707-e0b05232e1c6.5c23fc43c15fd641f37ee1adb19599bc.jpeg?odnWidth=612&odnHeight=612&odnBg=ffffff",
        "tags": [
            [
                "Bathroom Rug Sets",
                "/browse/home/bathroom-rug-sets/4044_539095_920259_1753813"
            ],
            [
                "Bathroom Rugs",
                "/browse/home/bathroom-rugs/4044_539095_920259_2453408"
            ],
            [
                "Dorm Bundles",
                "/browse/home/dorm-bundles/4044_1225301_1225229_5830926"
            ],
            [
                "Fashion Bath Rugs",
                "/browse/home/fashion-bath-rugs/4044_539095_920259_6268946"
            ],
            [
                "Kids' Bath Rugs",
                "/browse/home/kids-bath-rugs/4044_539095_5586777_6667078"
            ],
            [
                "Non-Slip Bath Mats",
                "/browse/home/non-slip-bath-mats/4044_539095_920259_6970794"
            ],
            [
                "Teens' Bathroom",
                "/browse/home/teens-bathroom/4044_1156136_9411830"
            ]
        ]
    },
    {
        "title": "Premium Twin Metal Loft Bed by Manor Park",
        "url": "https://www.walmart.com/ip/Premium-Twin-Metal-Loft-Bed-by-Manor-Park/13347555",
        "price": "$230.70",
        "stars": "4.2",
        "ratings": "348 ",
        "img": "i5.walmartimages.com/asr/3c5923f3-204f-40b4-94ed-7f6c76f00f25_1.409da5710b9187edc345d5ec94cc160e.jpeg?odnWidth=612&odnHeight=612&odnBg=ffffff",
        "tags": [
            [
                "Shop All Kids' Beds",
                "/browse/home/shop-all-kids-beds/4044_1154295_1155958_7251917_1155992"
            ],
            [
                "Shop All Loft Beds",
                "/browse/home/shop-all-loft-beds/4044_1154295_1155958_4960120_1814344"
            ],
            [
                "Twin Loft Beds",
                "/browse/home/twin-loft-beds/4044_1154295_1155958_4960120_1972955"
            ],
            [
                "Full Loft Beds",
                "/browse/home/full-loft-beds/4044_1154295_1155958_4960120_2868203"
            ],
            [
                "Teens' Loft Beds",
                "/browse/home/teens-loft-beds/4044_1156136_1156142_4873957"
            ],
            [
                "Kids' Bedroom Furniture",
                "/browse/home/kids-bedroom-furniture/4044_1154295_1155958_6205060"
            ],
            [
                "Loft Beds with Desks",
                "/browse/home/loft-beds-with-desks/4044_1154295_1155958_4960120_8827666"
            ]
        ]
    },
    {
        "title": "Best Choice Products 360-Degree Swivel Folding Cushioned Floor Gaming Chair for Home, Office w/ 4 Adjustable Positions - Coffee",
        "url": "https://www.walmart.com/ip/Best-Choice-Products-360-Degree-Swivel-Folding-Cushioned-Floor-Gaming-Chair-for-Home-Office-w-4-Adjustable-Positions-Coffee/232931500",
        "price": "$119.99",
        "stars": "4.4",
        "ratings": "121 ",
        "img": "i5.walmartimages.com/asr/3a3f0b2a-c06b-4061-84cf-3610c9253f58.c9f628d405e4e433c6c8e4676e91d564.jpeg?odnWidth=612&odnHeight=612&odnBg=ffffff",
        "tags": [
            [
                "Teens' Gaming",
                "/browse/home/teens-gaming/4044_1156136_1156142_1043794"
            ],
            [
                "Kids' Chairs & Seating",
                "/browse/home/kids-chairs-seating/4044_1154295_1155958_1156032"
            ],
            [
                "X Rocker",
                "/browse/home/x-rocker/4044_1154295_1155958_7203266_3661693"
            ],
            [
                "Executive Office Chairs",
                "/browse/home/executive-office-chairs/4044_103150_97116_3896177"
            ],
            [
                "Gaming Chair Rockers",
                "/browse/home/gaming-chair-rockers/4044_1154295_1155958_7203266_5387681"
            ],
            [
                "Swivel Chairs",
                "/browse/home/swivel-chairs/4044_103150_4038_7389568_8354696"
            ],
            [
                "All Kids' Chairs",
                "/browse/home/all-kids-chairs/4044_1154295_1155958_7203266_9300235"
            ],
            [
                "Gaming Chairs",
                "/browse/home/gaming-chairs/4044_103150_97116_9559238"
            ]
        ]
    },
    {
        "title": "Yaheetech Computer Desk with Drawers and Storage Shelves, Black",
        "url": "https://www.walmart.com/ip/Yaheetech-Computer-Desk-with-Drawers-and-Storage-Shelves-Black/102597648",
        "price": "$129.99",
        "stars": "3.6",
        "ratings": "14 ",
        "img": "",
        "tags": [
            [
                "Computer Desks",
                "/browse/home/computer-desks/4044_103150_97116_91851_2756086_1681587"
            ],
            [
                "Top Rated Desks",
                "/browse/home/top-rated-desks/4044_103150_97116_91851_3261462"
            ],
            [
                "Wood Desks",
                "/browse/home/wood-desks/4044_103150_97116_6334695"
            ],
            [
                "Black Desks",
                "/browse/home/black-desks/4044_103150_97116_91851_5127598_7029153"
            ],
            [
                "White Desks",
                "/browse/home/white-desks/4044_103150_97116_91851_5127598_7354762"
            ],
            [
                "Small Desks",
                "/browse/home/small-desks/4044_103150_97116_91851_2756086_9863974"
            ],
            [
                "Gaming Desks",
                "/browse/home/gaming-desks/4044_103150_97116_9962249"
            ]
        ]
    },
    {
        "title": "Well Woven Dazzle Disa Vintage Oriental Medallion Grey 9'3\" x 12'6\" Area Rug",
        "url": "https://www.walmart.com/ip/Well-Woven-Dazzle-Disa-Vintage-Oriental-Medallion-Grey-9-3-x-12-6-Area-Rug/888586519",
        "price": "$29.00",
        "stars": "3.8",
        "ratings": "5 ",
        "img": "i5.walmartimages.com/asr/e8455216-f7a3-43a1-a1c5-f15a175cab67_2.448c15b7a14a4b5263ef15692aafde17.jpeg?odnWidth=612&odnHeight=612&odnBg=ffffff",
        "tags": [
            [
                "Safavieh Area Rugs",
                "/browse/home/safavieh-area-rugs/4044_133012_110892_6718514_1798516_1441915"
            ],
            [
                "Oriental Rugs",
                "/browse/home/oriental-rugs/4044_133012_110892_6718514_6050557_2185766"
            ],
            [
                "9' x 12' Area Rugs",
                "/browse/home/9-x-12-area-rugs/4044_133012_110892_6718514_3167309_2663366"
            ],
            [
                "White Area Rugs",
                "/browse/home/white-area-rugs/4044_133012_110892_6718514_1588657_4571807"
            ],
            [
                "Square Rugs",
                "/browse/home/square-rugs/4044_133012_110892_6718514_5047521_5523901"
            ],
            [
                "Gray Area Rugs",
                "/browse/home/gray-area-rugs/4044_133012_110892_6718514_1588657_6992887"
            ],
            [
                "Area Rugs Over 9' x 12'",
                "/browse/home/area-rugs-over-9-x-12/4044_133012_110892_6718514_3167309_7234190"
            ],
            [
                "Bedroom Rugs",
                "/browse/home/bedroom-rugs/4044_133012_110892_6718514_4001684_9316715"
            ]
        ]
    },
    {
        "title": "BadPiggies 39\"x78\" String Door Curtain Beads Room Divider Window Panel Fringe Beaded Tassel Crystal Screen Home(Black)",
        "url": "https://www.walmart.com/ip/BadPiggies-39-x78-String-Door-Curtain-Beads-Room-Divider-Window-Panel-Fringe-Beaded-Tassel-Crystal-Screen-Home-Black/974631202",
        "price": "$10.99",
        "stars": "3.6",
        "ratings": "17 ",
        "img": "i5.walmartimages.com/asr/bddb759a-77ba-45b3-8244-cf7010de424b_1.36a11d7fbb171964fab0e0492ebc46dd.jpeg?odnWidth=612&odnHeight=612&odnBg=ffffff",
        "tags": [
            [
                "Room Darkening Curtains",
                "/browse/home/room-darkening-curtains/4044_133012_539105_1521917_2277099"
            ],
            [
                "Teens' Room Decor",
                "/browse/home/teens-room-decor/4044_1156136_2806866"
            ],
            [
                "Kitchen Curtains",
                "/browse/home/kitchen-curtains/4044_133012_539105_1521917_414668"
            ],
            [
                "Wooden Room Dividers",
                "/browse/home/wooden-room-dividers/4044_133012_4345532"
            ],
            [
                "Memory Foam Bath Mats",
                "/browse/home/memory-foam-bath-mats/4044_539095_920259_4950967"
            ],
            [
                "Shop All Bar Stools & Counter Stools",
                "/browse/home/shop-all-bar-stools-counter-stools/4044_103150_4037_8102642_5435701"
            ],
            [
                "Bar Stools",
                "/browse/home/bar-stools/4044_103150_4037_8102642_6096890"
            ],
            [
                "Teen Curtains",
                "/browse/home/teen-curtains/4044_133012_539105_1521917_8856798"
            ]
        ]
    },
    {
        "title": "Love, Faith, Joy, and Peace 15 Piece Bathroom Set Bath Rugs, Shower Curtains, and Rings, Beige, Yellow, Orange, and Blue",
        "url": "https://www.walmart.com/ip/Love-Faith-Joy-and-Peace-15-Piece-Bathroom-Set-Bath-Rugs-Shower-Curtains-and-Rings-Beige-Yellow-Orange-and-Blue/900653908",
        "price": "$24.99",
        "stars": "3.4",
        "ratings": "8 ",
        "img": "i5.walmartimages.com/asr/5128eac1-d355-45e0-b207-f8242a6f75b4_1.7fe57cdf75ded80a3f874d8f331ad6cc.jpeg?odnWidth=612&odnHeight=612&odnBg=ffffff",
        "tags": [
            [
                "Bathroom Sets",
                "/browse/home/bathroom-sets/4044_539095_1481425"
            ],
            [
                "Dorm Bath & Laundry",
                "/browse/home/dorm-bath-laundry/4044_1225301_1225229_3339158"
            ],
            [
                "Shop All Bath Accessories",
                "/browse/home/shop-all-bath-accessories/4044_539095_2505058_4232402"
            ],
            [
                "Shower Curtains",
                "/browse/home/shower-curtains/4044_539095_2141805_533461"
            ],
            [
                "Dorm Bundles",
                "/browse/home/dorm-bundles/4044_1225301_1225229_5830926"
            ],
            [
                "Dorm Bath Essentials",
                "/browse/home/dorm-bath-essentials/4044_1225301_1225229_8079634_7293738"
            ],
            [
                "Fabric Shower Curtains",
                "/browse/home/fabric-shower-curtains/4044_539095_2141805_8715072"
            ],
            [
                "Teens' Bathroom",
                "/browse/home/teens-bathroom/4044_1156136_9411830"
            ]
        ]
    },
    {
        "title": "Somerset Home, 8 Pack, Kitchen Towel Set, Dish Towels, 100% Cotton Chevron Terry",
        "url": "https://www.walmart.com/ip/Somerset-Home-8-Pack-Kitchen-Towel-Set-Dish-Towels-100-Cotton-Chevron-Terry/51090823",
        "price": "$22.88",
        "stars": "4.7",
        "ratings": "135 ",
        "img": "i5.walmartimages.com/asr/c7146f9a-efd7-459e-b906-1a8e43322ea5_2.792364c825afb0272f887f6f85368f87.jpeg?odnWidth=612&odnHeight=612&odnBg=ffffff",
        "tags": [
            [
                "Bath Towels",
                "/browse/home/bath-towels/4044_539095_7211899_1030320"
            ],
            [
                "Shop All T-fal",
                "/browse/home/shop-all-t-fal/4044_1920532_8495630_1893187"
            ],
            [
                "Shop All Bath Towels",
                "/browse/home/shop-all-bath-towels/4044_539095_7211899_2665582"
            ],
            [
                "Oven Mitts & Pot Holders",
                "/browse/home/oven-mitts-pot-holders/4044_623679_8055732_5591719_3400238"
            ],
            [
                "Kitchen Towels & Dish Towels",
                "/browse/home/kitchen-towels-dish-towels/4044_623679_8055732_5591719_7723882"
            ],
            [
                "Tea Towels & Flour Sack Towels",
                "/browse/home/tea-towels-flour-sack-towels/4044_623679_8055732_5591719_8872296"
            ],
            [
                "Teens' Bathroom",
                "/browse/home/teens-bathroom/4044_1156136_9411830"
            ],
            [
                "Dish Cloths",
                "/browse/home/dish-cloths/4044_623679_8055732_5591719_9748844"
            ]
        ]
    },
    {
        "title": "Great Bay Home Rio Ridge Lodge Cabin 3-Piece Reversible Quilt Set",
        "url": "https://www.walmart.com/ip/Great-Bay-Home-Rio-Ridge-Lodge-Cabin-3-Piece-Reversible-Quilt-Set/620278686",
        "price": "$39.99",
        "stars": 0,
        "ratings": 0,
        "img": "i5.walmartimages.com/asr/eac06636-da7b-4b42-ac2c-2f388dde7343_2.8b8b8fefb239834f65e4fd5dac965ff6.jpeg?odnWidth=612&odnHeight=612&odnBg=ffffff",
        "tags": [
            [
                "Teens' Quilts",
                "/browse/home/teens-quilts/4044_1156136_1156157_1156159"
            ],
            [
                "Grey Comforters",
                "/browse/home/grey-comforters/4044_539103_1995847_2463602"
            ],
            [
                "Quilt Sets",
                "/browse/home/quilt-sets/4044_539103_6652067_3808680"
            ],
            [
                "Patchwork Quilts",
                "/browse/home/patchwork-quilts/4044_539103_6652067_4896472"
            ],
            [
                "Microfiber Quilts",
                "/browse/home/microfiber-quilts/4044_539103_6652067_4429260_6825244"
            ],
            [
                "Twin Size Quilts",
                "/browse/home/twin-size-quilts/4044_539103_6652067_4523527_7843201"
            ],
            [
                "Christmas Quilts",
                "/browse/home/christmas-quilts/4044_539103_6652067_7914087"
            ],
            [
                "Quilt & Bedspread Sets",
                "/browse/home/quilt-bedspread-sets/4044_539103_9474113_8197162"
            ]
        ]
    }
]