[
    {
        "title": "Your Zone Glimmer Throw Reverse to Super Soft Sherpa, Pink Shiny",
        "url": "https://www.walmart.com/ip/Your-Zone-Glimmer-Throw-Reverse-to-Super-Soft-Sherpa-Pink-Shiny/652766016",
        "price": "$12.88",
        "stars": "5.0",
        "ratings": "2 ",
        "img": "",
        "tags": [
            [
                "Kids' Comforters",
                "/browse/home/kids-comforters/4044_1154295_1156114_1156132"
            ],
            [
                "Kids' Bedding Sets",
                "/browse/home/kids-bedding-sets/4044_1154295_1156114_1156134"
            ],
            [
                "Teens' Comforters Sets",
                "/browse/home/teens-comforters-sets/4044_1156136_1156157_1230003"
            ],
            [
                "Character Bedding",
                "/browse/home/character-bedding/4044_1154295_1156114_1753305"
            ],
            [
                "Shop All Kids' Bedding",
                "/browse/home/shop-all-kids-bedding/4044_1154295_1156114_2202167"
            ],
            [
                "Girls Bedding Sets",
                "/browse/home/girls-bedding-sets/4044_1154295_1156114_3967620"
            ],
            [
                "Girls Comforter Sets",
                "/browse/home/girls-comforter-sets/4044_1154295_1156114_4082186"
            ],
            [
                "Teen Girl Bedding",
                "/browse/home/teen-girl-bedding/4044_1156136_1156157_4518210"
            ]
        ]
    },
    {
        "title": "Mainstays Kids Paris Shade Nightlight",
        "url": "https://www.walmart.com/ip/Mainstays-Kids-Paris-Shade-Nightlight/49850800",
        "price": "$4.04",
        "stars": "4.6",
        "ratings": "17 ",
        "img": "i5.walmartimages.com/asr/1b2e9916-e28e-4bb6-bc11-aa9cd11a6263_1.31a2fc0697861ebd969779a66a1c7750.jpeg?odnWidth=612&odnHeight=612&odnBg=ffffff",
        "tags": [
            [
                "Decorative Night Lights",
                "/browse/home/decorative-night-lights/4044_133012_133113_9240383_1811717"
            ],
            [
                "Shop All Kids' Decor",
                "/browse/home/shop-all-kids-decor/4044_1154295_1156072_2546143"
            ],
            [
                "Teens' Room Decor",
                "/browse/home/teens-room-decor/4044_1156136_2806866"
            ],
            [
                "Kids' Night Lights",
                "/browse/home/kids-night-lights/4044_1154295_1156072_4846563"
            ],
            [
                "Night Lights",
                "/browse/home/night-lights/4044_133012_133113_5290384"
            ],
            [
                "Shop All Night Lights",
                "/browse/home/shop-all-night-lights/4044_133012_133113_9240383_6193995"
            ],
            [
                "Paris Decor",
                "/browse/home/paris-decor/4044_133012_6560167"
            ],
            [
                "Paris Bedding",
                "/browse/home/paris-bedding/4044_1154295_1156114_2439708_8338795"
            ]
        ]
    },
    {
        "title": "Tadpoles Girls Purple Unicorn Quilt Set",
        "url": "https://www.walmart.com/ip/Tadpoles-Girls-Purple-Unicorn-Quilt-Set/997155584",
        "price": "$32.99",
        "stars": "4.7",
        "ratings": "15 ",
        "img": "i5.walmartimages.com/asr/6b0e8c8f-b1f3-42bc-b6d3-4b350a15227c_1.e0d3fd1de9de71eab51e80932e484cda.jpeg?odnWidth=612&odnHeight=612&odnBg=ffffff",
        "tags": [
            [
                "Kids' Comforters",
                "/browse/home/kids-comforters/4044_1154295_1156114_1156132"
            ],
            [
                "Kids' Bedding Sets",
                "/browse/home/kids-bedding-sets/4044_1154295_1156114_1156134"
            ],
            [
                "Girls Bedding",
                "/browse/home/girls-bedding/4044_1154295_1156114_1232347"
            ],
            [
                "Shop All Kids' Bedding",
                "/browse/home/shop-all-kids-bedding/4044_1154295_1156114_2202167"
            ],
            [
                "Girls Bedding Sets",
                "/browse/home/girls-bedding-sets/4044_1154295_1156114_3967620"
            ],
            [
                "Girls Comforter Sets",
                "/browse/home/girls-comforter-sets/4044_1154295_1156114_4082186"
            ],
            [
                "Teen Girl Bedding",
                "/browse/home/teen-girl-bedding/4044_1156136_1156157_4518210"
            ],
            [
                "Rainbow Bedding",
                "/browse/home/rainbow-bedding/4044_1154295_1156114_2439708_4820484"
            ]
        ]
    },
    {
        "title": "Atlantic Original Gaming Desk with 32\" Monitor Stand, Charging Station and Gaming Storage, Black Carbon Fiber",
        "url": "https://www.walmart.com/ip/Atlantic-Original-Gaming-Desk-with-32-Monitor-Stand-Charging-Station-and-Gaming-Storage-Black-Carbon-Fiber/20423582",
        "price": "$125.95",
        "stars": "4.6",
        "ratings": "206 ",
        "img": "i5.walmartimages.com/asr/056d0649-a9c8-4afc-aa53-c21cd81a3e0a.67b26e2ad2fc15e1fd3df43bddb3603b.jpeg?odnWidth=612&odnHeight=612&odnBg=ffffff",
        "tags": [
            [
                "Top Rated Desks",
                "/browse/home/top-rated-desks/4044_103150_97116_91851_3261462"
            ],
            [
                "Writing Desks",
                "/browse/home/writing-desks/4044_103150_97116_5851909"
            ],
            [
                "Small Space Desks & Office Furniture",
                "/browse/home/small-space-desks-office-furniture/4044_103150_2880259_6932446"
            ],
            [
                "Black Desks",
                "/browse/home/black-desks/4044_103150_97116_91851_5127598_7029153"
            ],
            [
                "Small Desks",
                "/browse/home/small-desks/4044_103150_97116_91851_2756086_9863974"
            ],
            [
                "Modern Desks",
                "/browse/home/modern-desks/4044_103150_97116_91851_2775109_9891314"
            ],
            [
                "Gaming Desks",
                "/browse/home/gaming-desks/4044_103150_97116_9962249"
            ]
        ]
    },
    {
        "title": "Cushie Pillows 7\" x 12\" Microbead Bolster Squishy/Flexible/Extremely Comfortable Roll Pillow - Lime",
        "url": "https://www.walmart.com/ip/Cushie-Pillows-7-x-12-Microbead-Bolster-Squishy-Flexible-Extremely-Comfortable-Roll-Pillow-Lime/104120324",
        "price": "$15.95",
        "stars": "4.2",
        "ratings": "80 ",
        "img": "i5.walmartimages.com/asr/05809bdc-a5e6-4f91-9f00-c293ee8ce0cf_1.bb39b597d0f4507ee0d30e99465aff1b.jpeg?odnWidth=612&odnHeight=612&odnBg=ffffff",
        "tags": [
            [
                "Kids' Pillows",
                "/browse/home/kids-pillows/4044_1154295_1156114_1156135"
            ],
            [
                "Teens' Decorative Pillows",
                "/browse/home/teens-decorative-pillows/4044_1156136_1156152_2440841"
            ],
            [
                "Shop All Kids' Decor",
                "/browse/home/shop-all-kids-decor/4044_1154295_1156072_2546143"
            ],
            [
                "Queen Size Pillows",
                "/browse/home/queen-size-pillows/4044_539103_9690877_7509997_3299314"
            ],
            [
                "Ocean Decor",
                "/browse/home/ocean-decor/4044_133012_5584707"
            ],
            [
                "Pillow Bundles (2 packs & 4 Packs)",
                "/browse/home/pillow-bundles-2-packs-4-packs/4044_539103_9690877_7785529"
            ],
            [
                "King Size Pillows",
                "/browse/home/king-size-pillows/4044_539103_9690877_7509997_7965431"
            ],
            [
                "Best Pillows for Back Sleepers",
                "/browse/home/best-pillows-for-back-sleepers/4044_539103_9690877_6795281_9837282"
            ]
        ]
    },
    {
        "title": "Mainstays Resin Kids Woodland Creatures Lotion Pump, 1 Each",
        "url": "https://www.walmart.com/ip/Mainstays-Resin-Kids-Woodland-Creatures-Lotion-Pump-1-Each/49850764",
        "price": "$9.79",
        "stars": "4.4",
        "ratings": "49 ",
        "img": "i5.walmartimages.com/asr/87376ebe-aac9-4ff7-b264-7bb4cee4d920_1.15295c19f3b2a1fa9ef45c1a339bce07.jpeg?odnWidth=612&odnHeight=612&odnBg=ffffff",
        "tags": [
            [
                "Kids' Towels",
                "/browse/home/kids-towels/4044_1154295_1143252_1143253"
            ],
            [
                "Kids' Bath Mats",
                "/browse/home/kids-bath-mats/4044_1154295_1143252_1143254"
            ],
            [
                "Kids' Shower Curtains",
                "/browse/home/kids-shower-curtains/4044_1154295_1143252_1143255"
            ],
            [
                "Shop All Bath Towels",
                "/browse/home/shop-all-bath-towels/4044_539095_7211899_2665582"
            ],
            [
                "Toothbrush Holders",
                "/browse/home/toothbrush-holders/4044_539095_2505058_5454317"
            ],
            [
                "Kids' Themes",
                "/browse/home/kids-themes/4044_1154295_5819446"
            ],
            [
                "Kids' Bath Rugs",
                "/browse/home/kids-bath-rugs/4044_539095_5586777_6667078"
            ],
            [
                "Soap & Lotion Dispensers",
                "/browse/home/soap-lotion-dispensers/4044_539095_2505058_7681166"
            ]
        ]
    },
    {
        "title": "Better Homes & Gardens Kane Twin Over Twin Bunk Bed, Gray Finish",
        "url": "https://www.walmart.com/ip/Better-Homes-Gardens-Kane-Twin-Over-Twin-Bunk-Bed-Gray-Finish/616969002",
        "price": "$229.00",
        "stars": "3.8",
        "ratings": "4 ",
        "img": "i5.walmartimages.com/asr/d084f3a3-f249-4abc-92d7-b032d3e4ba2d_3.091feb95dd76d6d083b916bce31f13c5.jpeg?odnWidth=612&odnHeight=612&odnBg=ffffff",
        "tags": [
            [
                "Shop All Kids' Beds",
                "/browse/home/shop-all-kids-beds/4044_1154295_1155958_7251917_1155992"
            ],
            [
                "Teens' Beds",
                "/browse/home/teens-beds/4044_1156136_1156142_1156144"
            ],
            [
                "Metal Bunk Beds",
                "/browse/home/metal-bunk-beds/4044_1154295_1155958_5560469_5577938"
            ],
            [
                "Kids' Bedroom Furniture",
                "/browse/home/kids-bedroom-furniture/4044_1154295_1155958_6205060"
            ],
            [
                "Twin Bunk Beds",
                "/browse/home/twin-bunk-beds/4044_1154295_1155958_5560469_7480947"
            ],
            [
                "Shop All Bunk Beds",
                "/browse/home/shop-all-bunk-beds/4044_1154295_1155958_5560469_9212178"
            ],
            [
                "Wood Bunk Beds",
                "/browse/home/wood-bunk-beds/4044_1154295_1155958_5560469_9365957"
            ]
        ]
    },
    {
        "title": "Star Wars: The Mandalorian \u2018The Child\u2019 Baby Yoda 62\"x 90\" Plush Blanket",
        "url": "https://www.walmart.com/ip/Star-Wars-The-Mandalorian-The-Child-Baby-Yoda-62-x-90-Plush-Blanket/959932026",
        "price": "$22.88",
        "stars": "4.8",
        "ratings": "27 ",
        "img": "i5.walmartimages.com/asr/252c77e5-0cce-4df9-ac79-923b19fce077_3.cac74d7eb72e610175f35f11bd1cb30c.jpeg?odnWidth=612&odnHeight=612&odnBg=ffffff",
        "tags": [
            [
                "Kids' Sheets",
                "/browse/home/kids-sheets/4044_1154295_1156114_1156115"
            ],
            [
                "Kids' Blankets & Throws",
                "/browse/home/kids-blankets-throws/4044_1154295_1156114_1156133"
            ],
            [
                "Kids' Pillows",
                "/browse/home/kids-pillows/4044_1154295_1156114_1156135"
            ],
            [
                "Boys Comforter Sets",
                "/browse/home/boys-comforter-sets/4044_1154295_1156114_2387054"
            ],
            [
                "Shop All Kids' Decor",
                "/browse/home/shop-all-kids-decor/4044_1154295_1156072_2546143"
            ],
            [
                "Boys Bedding",
                "/browse/home/boys-bedding/4044_1154295_1156114_3182549"
            ],
            [
                "Teen Boy Bedding",
                "/browse/home/teen-boy-bedding/4044_1156136_1156157_8644826"
            ],
            [
                "Throws",
                "/browse/home/throws/4044_133012_6160705_9662661"
            ]
        ]
    },
    {
        "title": "Trolls Kids Bedroom Curtain Panel Set, Set of 2, 63-inch L",
        "url": "https://www.walmart.com/ip/Trolls-Kids-Bedroom-Curtain-Panel-Set-Set-of-2-63-inch-L/54493663",
        "price": "$24.99",
        "stars": "4.9",
        "ratings": "85 ",
        "img": "i5.walmartimages.com/asr/7a721362-8456-4571-a6c5-471034936c39.63aaca76ac336881502606e2f0375132.jpeg?odnWidth=612&odnHeight=612&odnBg=ffffff",
        "tags": [
            [
                "Kids' Lighting",
                "/browse/home/kids-lighting/4044_1154295_1156072_1156092"
            ],
            [
                "Kids' Bedding Sets",
                "/browse/home/kids-bedding-sets/4044_1154295_1156114_1156134"
            ],
            [
                "Kids' Wall Decals & Stickers",
                "/browse/home/kids-wall-decals-stickers/4044_1154295_1156072_1156772"
            ],
            [
                "Girls Bedding",
                "/browse/home/girls-bedding/4044_1154295_1156114_1232347"
            ],
            [
                "Character Bedding",
                "/browse/home/character-bedding/4044_1154295_1156114_1753305"
            ],
            [
                "Kids' Lamps & Lights",
                "/browse/home/kids-lamps-lights/4044_1154295_1156072_3933938"
            ],
            [
                "Girls Comforter Sets",
                "/browse/home/girls-comforter-sets/4044_1154295_1156114_4082186"
            ]
        ]
    },
    {
        "title": "Trolls World Tour Kids Microfiber Coral Fleece Throw, 46\"x60\"",
        "url": "https://www.walmart.com/ip/Trolls-World-Tour-Kids-Microfiber-Coral-Fleece-Throw-46-x60/162336765",
        "price": "$14.88",
        "stars": "5.0",
        "ratings": "6 ",
        "img": "i5.walmartimages.com/asr/307b2e02-2e61-4e3c-909b-347752576ded_1.b2373ec17ecbd32b8ffe579a491b37bf.jpeg?odnWidth=612&odnHeight=612&odnBg=ffffff",
        "tags": [
            [
                "Kids' Sheets",
                "/browse/home/kids-sheets/4044_1154295_1156114_1156115"
            ],
            [
                "Kids' Blankets & Throws",
                "/browse/home/kids-blankets-throws/4044_1154295_1156114_1156133"
            ],
            [
                "Kids' Bedding Sets",
                "/browse/home/kids-bedding-sets/4044_1154295_1156114_1156134"
            ],
            [
                "Character Bedding",
                "/browse/home/character-bedding/4044_1154295_1156114_1753305"
            ],
            [
                "Shop All Kids' Decor",
                "/browse/home/shop-all-kids-decor/4044_1154295_1156072_2546143"
            ],
            [
                "Girls Comforter Sets",
                "/browse/home/girls-comforter-sets/4044_1154295_1156114_4082186"
            ],
            [
                "Kids' Beach Towels",
                "/browse/home/kids-beach-towels/4044_539095_6634322_8780679"
            ],
            [
                "Throws",
                "/browse/home/throws/4044_133012_6160705_9662661"
            ]
        ]
    }
]