[
    {
        "title": "Mainstays Kids Transportation Coordinating Printed Sheet Set",
        "url": "https://www.walmart.com/ip/Mainstays-Kids-Transportation-Coordinating-Printed-Sheet-Set/55381247",
        "price": "$13.50",
        "stars": "4.1",
        "ratings": "14 ",
        "img": "i5.walmartimages.com/asr/373139c0-4ffc-4ae5-be07-8762dbbcdd2b_1.ec33ca6863f71ca1f695be48c73edb48.jpeg?odnWidth=612&odnHeight=612&odnBg=ffffff",
        "tags": [
            [
                "Kids' Bedding Sets",
                "/browse/home/kids-bedding-sets/4044_1154295_1156114_1156134"
            ],
            [
                "Boys Comforter Sets",
                "/browse/home/boys-comforter-sets/4044_1154295_1156114_2387054"
            ],
            [
                "Boys Bedding",
                "/browse/home/boys-bedding/4044_1154295_1156114_3182549"
            ],
            [
                "Outer Space Bedding",
                "/browse/home/outer-space-bedding/4044_1154295_1156114_2439708_3569991"
            ],
            [
                "Transportation Bedding",
                "/browse/home/transportation-bedding/4044_1154295_1156114_2439708_7042752"
            ],
            [
                "Sheet Sets",
                "/browse/home/sheet-sets/4044_539103_5055527_8012601"
            ],
            [
                "Boys Bedding Sets",
                "/browse/home/boys-bedding-sets/4044_1154295_1156114_8104030"
            ],
            [
                "Dinosaur Bedding",
                "/browse/home/dinosaur-bedding/4044_1154295_1156114_2439708_9588383"
            ]
        ]
    },
    {
        "title": "Mainstays Complete Animal Bed in a Bag Bedding, King",
        "url": "https://www.walmart.com/ip/Mainstays-Complete-Animal-Bed-in-a-Bag-Bedding-King/49909370",
        "price": "$31.03",
        "stars": "4.3",
        "ratings": "173 ",
        "img": "",
        "tags": [
            [
                "Teens' Bedding Sets",
                "/browse/home/teens-bedding-sets/4044_1156136_1156157_1156162"
            ],
            [
                "Teens' Comforters Sets",
                "/browse/home/teens-comforters-sets/4044_1156136_1156157_1230003"
            ],
            [
                "Shop All Teens' Bedding",
                "/browse/home/shop-all-teens-bedding/4044_1156136_1156157_2716120"
            ],
            [
                "Girls Bedding Sets",
                "/browse/home/girls-bedding-sets/4044_1154295_1156114_3967620"
            ],
            [
                "Girls Comforter Sets",
                "/browse/home/girls-comforter-sets/4044_1154295_1156114_4082186"
            ],
            [
                "Comforters",
                "/browse/home/comforters/4044_539103_4754"
            ],
            [
                "Comforter Sets",
                "/browse/home/comforter-sets/4044_539103_9474113_5287544"
            ],
            [
                "Dorm Bedding",
                "/browse/home/dorm-bedding/4044_1225301_1225229_9830377"
            ]
        ]
    },
    {
        "title": "Humble Crew Industrial Desk Chair, White",
        "url": "https://www.walmart.com/ip/Humble-Crew-Industrial-Desk-Chair-White/507478071",
        "price": "$34.99",
        "stars": "2.2",
        "ratings": "5 ",
        "img": "i5.walmartimages.com/asr/cec9b1a7-f635-449a-a73c-b541a202256d_2.f0b1826eb4e2797723196d145bad11b0.jpeg?odnWidth=612&odnHeight=612&odnBg=ffffff",
        "tags": [
            [
                "Folding Tables & Chairs",
                "/browse/home/folding-tables-chairs/4044_103150_97116_1026080"
            ],
            [
                "Stacking Chairs",
                "/browse/home/stacking-chairs/4044_103150_97116_1071224_3010691"
            ],
            [
                "Ergonomic Chairs",
                "/browse/home/ergonomic-chairs/4044_103150_97116_5177400"
            ],
            [
                "Teens' Desk Chairs",
                "/browse/home/teens-desk-chairs/4044_1156136_1156142_5845507"
            ],
            [
                "White Folding Chairs",
                "/browse/home/white-folding-chairs/4044_103150_4037_6296206_6455390_6941261"
            ],
            [
                "White Office Furniture",
                "/browse/home/white-office-furniture/4044_103150_97116_7165397"
            ],
            [
                "Plastic Folding Chairs",
                "/browse/home/plastic-folding-chairs/4044_103150_4037_6296206_2321205_9616861"
            ],
            [
                "Commercial Office Furniture",
                "/browse/home/commercial-office-furniture/4044_103150_97116_1071224_9864245"
            ]
        ]
    },
    {
        "title": "Martha Collection 1800 Series Embossed Deep Pocket Sheet Set - Super Soft & Wrinkle Free - Luxurious Bed Sheets Set (Twin Extra Long, White)",
        "url": "https://www.walmart.com/ip/Martha-Collection-1800-Series-Embossed-Deep-Pocket-Sheet-Set-Super-Soft-Wrinkle-Free-Luxurious-Bed-Sheets-Set-Twin-Extra-Long-White/302965118",
        "price": "$21.99",
        "stars": "4.0",
        "ratings": "46 ",
        "img": "i5.walmartimages.com/asr/3b66c0b4-9a7c-4cbc-825e-715680cb251d_1.01d1bdf74a06d4b25928dd87e1aa06a4.jpeg?odnWidth=612&odnHeight=612&odnBg=ffffff",
        "tags": [
            [
                "Kids' Sheets",
                "/browse/home/kids-sheets/4044_1154295_1156114_1156115"
            ],
            [
                "Twin XL Sheets",
                "/browse/home/twin-xl-sheets/4044_539103_5055527_1928269"
            ],
            [
                "Twin Sheets",
                "/browse/home/twin-sheets/4044_539103_5055527_2647631"
            ],
            [
                "King Sheets",
                "/browse/home/king-sheets/4044_539103_5055527_4178254"
            ],
            [
                "White Sheets",
                "/browse/home/white-sheets/4044_539103_5055527_4299542"
            ],
            [
                "Sheet Sets",
                "/browse/home/sheet-sets/4044_539103_5055527_8012601"
            ],
            [
                "Full Sheets",
                "/browse/home/full-sheets/4044_539103_5055527_8485867"
            ],
            [
                "Warm & Cozy Sheets",
                "/browse/home/warm-cozy-sheets/4044_539103_5055527_9461375"
            ]
        ]
    },
    {
        "title": "Barton Kids Desk Interactive Adjustable Table and Chair Height Tiltable Desktop Large Storage Drawer, Pink",
        "url": "https://www.walmart.com/ip/Barton-Kids-Desk-Interactive-Adjustable-Table-and-Chair-Height-Tiltable-Desktop-Large-Storage-Drawer-Pink/184518967",
        "price": "$139.95",
        "stars": "5.0",
        "ratings": "9 ",
        "img": "i5.walmartimages.com/asr/5db84cdc-6179-4c82-987f-35413179466e_1.dd93be1c6231f22c3cbd64cba9e9508c.jpeg?odnWidth=612&odnHeight=612&odnBg=ffffff",
        "tags": [
            [
                "Kids' Chairs & Seating",
                "/browse/home/kids-chairs-seating/4044_1154295_1155958_1156032"
            ],
            [
                "Top Rated Desks",
                "/browse/home/top-rated-desks/4044_103150_97116_91851_3261462"
            ],
            [
                "Shop All Kids' Furniture",
                "/browse/home/shop-all-kids-furniture/4044_1154295_1155958_5352796"
            ],
            [
                "Shop All Desks",
                "/browse/home/shop-all-desks/4044_103150_97116_6156527"
            ],
            [
                "Kids' Tables & Chair Sets",
                "/browse/home/kids-tables-chair-sets/4044_1154295_1155958_671340"
            ],
            [
                "Kids' Desk Chairs",
                "/browse/home/kids-desk-chairs/4044_1154295_1155958_7203266_8578962"
            ],
            [
                "Kids' Playroom",
                "/browse/home/kids-playroom/4044_1154295_9443108"
            ]
        ]
    },
    {
        "title": "Heritage Club Emelie Ruffle Super Soft Comforter Set, Twin",
        "url": "https://www.walmart.com/ip/Heritage-Club-Emelie-Ruffle-Super-Soft-Comforter-Set-Twin/949804041",
        "price": "$44.99",
        "stars": "5.0",
        "ratings": "2 ",
        "img": "i5.walmartimages.com/asr/626a5fe7-3e42-4333-9368-7918c7f36559.b4184e87ee1451e84997a808214b3005.jpeg?odnWidth=612&odnHeight=612&odnBg=ffffff",
        "tags": []
    },
    {
        "title": "Disney Frozen 2 Blue Olaf Silk Touch Throw Blanket, 40\" x 50\"",
        "url": "https://www.walmart.com/ip/Disney-Frozen-2-Blue-Olaf-Silk-Touch-Throw-Blanket-40-x-50/521987027",
        "price": "$6.89",
        "stars": "4.9",
        "ratings": "10 ",
        "img": "i5.walmartimages.com/asr/5b512e6e-fb06-43b6-94c5-bb3e570b1511_1.37f58d9ec8c5fd6e3cf696e7ee55b099.jpeg?odnWidth=612&odnHeight=612&odnBg=ffffff",
        "tags": [
            [
                "Kids' Blankets & Throws",
                "/browse/home/kids-blankets-throws/4044_1154295_1156114_1156133"
            ],
            [
                "Girls Bedding",
                "/browse/home/girls-bedding/4044_1154295_1156114_1232347"
            ],
            [
                "Shop All Kids' Bedding",
                "/browse/home/shop-all-kids-bedding/4044_1154295_1156114_2202167"
            ],
            [
                "Sherpa Throws",
                "/browse/home/sherpa-throws/4044_133012_6160705_2483598"
            ],
            [
                "Shop All Kids' Decor",
                "/browse/home/shop-all-kids-decor/4044_1154295_1156072_2546143"
            ],
            [
                "Shop all Blankets",
                "/browse/home/shop-all-blankets/4044_539103_4756_5423927"
            ],
            [
                "Princess Decor",
                "/browse/home/princess-decor/4044_133012_8509897"
            ],
            [
                "Throws",
                "/browse/home/throws/4044_133012_6160705_9662661"
            ]
        ]
    },
    {
        "title": "Delta Children Disney Mickey Mouse Plastic Toddler Canopy Bed, Blue",
        "url": "https://www.walmart.com/ip/Delta-Children-Disney-Mickey-Mouse-Plastic-Toddler-Canopy-Bed-Blue/53266754",
        "price": "$79.99",
        "stars": "4.1",
        "ratings": "58 ",
        "img": "i5.walmartimages.com/asr/58e4fa1b-5aad-41fa-8a20-8b9d317ac296_1.53589d2a467129f645cc04773e742b72.jpeg?odnWidth=612&odnHeight=612&odnBg=ffffff",
        "tags": [
            [
                "Toddler Bedding Sets & Sheets",
                "/browse/baby/toddler-bedding-sets-sheets/5427_978579_6002028_164205"
            ],
            [
                "Classic Toddler Beds",
                "/browse/baby/classic-toddler-beds/5427_978579_3990478_164204_1813307"
            ],
            [
                "Boys Toddler Bedding",
                "/browse/baby/boys-toddler-bedding/5427_978579_6002028_2693646"
            ],
            [
                "Shop All Toddler Beds",
                "/browse/baby/shop-all-toddler-beds/5427_978579_3990478_164204_2749797"
            ],
            [
                "Wooden Toddler Beds",
                "/browse/baby/wooden-toddler-beds/5427_978579_3990478_164204_4258697"
            ],
            [
                "Paw Patrol Toddler Furniture",
                "/browse/baby/paw-patrol-toddler-furniture/5427_978579_3990478_6113819"
            ],
            [
                "Mickey Toddler Furniture",
                "/browse/baby/mickey-toddler-furniture/5427_978579_3990478_7708321"
            ],
            [
                "Princess Toddler Beds",
                "/browse/baby/princess-toddler-beds/5427_978579_3990478_164204_8887759"
            ]
        ]
    },
    {
        "title": "Large 3D Minecraft Wall Sticker 3D Vinyl Removable Wall Cling Decals Stickers-Room Decor",
        "url": "https://www.walmart.com/ip/Large-3D-Minecraft-Wall-Sticker-3D-Vinyl-Removable-Wall-Cling-Decals-Stickers-Room-Decor/668093699",
        "price": "$10.99",
        "stars": "2.8",
        "ratings": "19 ",
        "img": "",
        "tags": [
            [
                "Kids' Blankets & Throws",
                "/browse/home/kids-blankets-throws/4044_1154295_1156114_1156133"
            ],
            [
                "Kids' Bedding Sets",
                "/browse/home/kids-bedding-sets/4044_1154295_1156114_1156134"
            ],
            [
                "Character Bedding",
                "/browse/home/character-bedding/4044_1154295_1156114_1753305"
            ],
            [
                "Boys Comforter Sets",
                "/browse/home/boys-comforter-sets/4044_1154295_1156114_2387054"
            ],
            [
                "Boys Bedding",
                "/browse/home/boys-bedding/4044_1154295_1156114_3182549"
            ],
            [
                "Kids' Characters",
                "/browse/home/kids-characters/4044_1154295_6561064"
            ],
            [
                "Boys Bedding Sets",
                "/browse/home/boys-bedding-sets/4044_1154295_1156114_8104030"
            ],
            [
                "Shop All Posters",
                "/browse/home/shop-all-posters/4044_133012_1045881_5633677_8342503"
            ]
        ]
    },
    {
        "title": "Delta Children Disney/Pixar Cars Lightning McQueen Plastic Bed, Twin",
        "url": "https://www.walmart.com/ip/Delta-Children-Disney-Pixar-Cars-Lightning-McQueen-Plastic-Bed-Twin/29765487",
        "price": "$279.99",
        "stars": "3.9",
        "ratings": "91 ",
        "img": "",
        "tags": [
            [
                "Cars Toddler Furniture",
                "/browse/baby/cars-toddler-furniture/5427_978579_3990478_1253345"
            ],
            [
                "Classic Toddler Beds",
                "/browse/baby/classic-toddler-beds/5427_978579_3990478_164204_1813307"
            ],
            [
                "Shop All Toddler Beds",
                "/browse/baby/shop-all-toddler-beds/5427_978579_3990478_164204_2749797"
            ],
            [
                "Wooden Toddler Beds",
                "/browse/baby/wooden-toddler-beds/5427_978579_3990478_164204_4258697"
            ],
            [
                "Toddlers' Lamps & Lighting",
                "/browse/baby/toddlers-lamps-lighting/5427_978579_1323123_435834"
            ],
            [
                "Superhero Toddler Beds",
                "/browse/baby/superhero-toddler-beds/5427_978579_3990478_164204_6171178"
            ],
            [
                "Toddler Car Beds",
                "/browse/baby/toddler-car-beds/5427_978579_3990478_164204_6703272"
            ],
            [
                "Mickey Toddler Furniture",
                "/browse/baby/mickey-toddler-furniture/5427_978579_3990478_7708321"
            ]
        ]
    }
]