[
    {
        "title": "ModernLuxe Twin Platform Bed with Storage Drawer",
        "url": "https://www.walmart.com/ip/ModernLuxe-Twin-Platform-Bed-with-Storage-Drawer/714410738",
        "price": "$229.99",
        "stars": "5.0",
        "ratings": "3 ",
        "img": "i5.walmartimages.com/asr/abb614a4-2fff-45e1-8fab-6b017025e94f_1.52719d073e9ec6987478b9aabdab12cf.jpeg?odnWidth=612&odnHeight=612&odnBg=ffffff",
        "tags": [
            [
                "Twin Bed Frames",
                "/browse/home/twin-bed-frames/4044_103150_102547_1612901_1936776"
            ],
            [
                "Platform Bed Frames",
                "/browse/home/platform-bed-frames/4044_103150_102547_1612901_2129680"
            ],
            [
                "Shop all Bed Frames",
                "/browse/home/shop-all-bed-frames/4044_103150_102547_2727648"
            ],
            [
                "Wood Bed Frames",
                "/browse/home/wood-bed-frames/4044_103150_102547_1612901_3222258"
            ],
            [
                "Queen Bed Frames",
                "/browse/home/queen-bed-frames/4044_103150_102547_1612901_3670601"
            ],
            [
                "Full Bed Frames",
                "/browse/home/full-bed-frames/4044_103150_102547_1612901_7561545"
            ],
            [
                "Metal Bed Frames",
                "/browse/home/metal-bed-frames/4044_103150_102547_1612901_7728882"
            ],
            [
                "Beds for Girls",
                "/browse/home/beds-for-girls/4044_1154295_1155958_7251917_9747206"
            ]
        ]
    },
    {
        "title": "AllerEase Maximum Waterproof, Allergy and Bedbug Zippered Mattress Protector",
        "url": "https://www.walmart.com/ip/AllerEase-Maximum-Waterproof-Allergy-and-Bedbug-Zippered-Mattress-Protector/769743149",
        "price": "$43.74",
        "stars": "4.3",
        "ratings": "31 ",
        "img": "i5.walmartimages.com/asr/49ba7931-b5f0-40e2-9f79-4bb887153785_1.a65c49ba3d12002fdf7cd525bcc9e785.jpeg?odnWidth=612&odnHeight=612&odnBg=ffffff",
        "tags": [
            [
                "Bedding Basics",
                "/browse/home/bedding-basics/4044_1225301_1225229_1225234"
            ],
            [
                "Mattress Pads & Protectors & Toppers",
                "/browse/home/mattress-pads-protectors-toppers/4044_539103_133144"
            ],
            [
                "Waterproof Mattress Protectors",
                "/browse/home/waterproof-mattress-protectors/4044_539103_8022801_1583426"
            ],
            [
                "Dorm Bedding Essentials",
                "/browse/home/dorm-bedding-essentials/4044_1225301_1225229_8079634_2857911"
            ],
            [
                "Mattress Protectors",
                "/browse/home/mattress-protectors/4044_103150_539386_4169411"
            ],
            [
                "Bed Bug Mattress Protectors",
                "/browse/home/bed-bug-mattress-protectors/4044_539103_8022801_5020852"
            ],
            [
                "Basic Mattress Pads & Protectors",
                "/browse/home/basic-mattress-pads-protectors/4044_539103_1095008_5670126"
            ],
            [
                "Top Home Allergy Relief Products",
                "/browse/home/top-home-allergy-relief-products/4044_1225301_2271072_8428130"
            ]
        ]
    },
    {
        "title": "Lippert Teddy Bear Design RV Bunk Mattress Cover - 3\"D x 28\"W x 74\" L",
        "url": "https://www.walmart.com/ip/Lippert-Teddy-Bear-Design-RV-Bunk-Mattress-Cover-3-D-x-28-W-x-74-L/685817362",
        "price": "$44.69",
        "stars": "4.0",
        "ratings": "4 ",
        "img": "i5.walmartimages.com/asr/6acbc48b-16c6-4b7f-98bb-5c6227dc8036_2.06ec0f47f91c1d9a9e21f6a7ff44633a.jpeg?odnWidth=612&odnHeight=612&odnBg=ffffff",
        "tags": [
            [
                "RV Patio Mats",
                "/browse/auto-tires/rv-patio-mats/91083_2983678_4280358_2477778"
            ],
            [
                "RV Step Rugs",
                "/browse/auto-tires/rv-step-rugs/91083_2983678_4280358_6220281"
            ],
            [
                "RV Awnings",
                "/browse/auto-tires/rv-awnings/91083_2983678_4516819_6292619"
            ],
            [
                "RV Exterior Accessories",
                "/browse/auto-tires/rv-exterior-accessories/91083_2983678_6954815"
            ],
            [
                "RV Bedroom Accessories",
                "/browse/auto-tires/rv-bedroom-accessories/91083_2983678_1070265_8709997"
            ],
            [
                "RV Steps and Ladders",
                "/browse/auto-tires/rv-steps-ladders/91083_2983678_8749207"
            ]
        ]
    },
    {
        "title": "Twin 2 Inch Soft Sleeper 2.5 Visco Elastic Memory Foam Mattress Topper USA Made",
        "url": "https://www.walmart.com/ip/Twin-2-Inch-Soft-Sleeper-2-5-Visco-Elastic-Memory-Foam-Mattress-Topper-USA-Made/980279686",
        "price": "$42.54",
        "stars": "5.0",
        "ratings": "1 ",
        "img": "",
        "tags": [
            [
                "Mattress Pads & Protectors & Toppers",
                "/browse/home/mattress-pads-protectors-toppers/4044_539103_133144"
            ],
            [
                "Best Mattresses & Bedding for Back Pain Relief",
                "/browse/home/best-mattresses-bedding-for-back-pain-relief/4044_1225301_2271072_2600956"
            ],
            [
                "Infused Mattress Topper",
                "/browse/home/infused-mattress-topper/4044_539103_1095008_6063983"
            ],
            [
                "Pillow Top Mattress Topper",
                "/browse/home/pillow-top-mattress-topper/4044_539103_1095008_7221911"
            ],
            [
                "Cooling Mattress Toppers",
                "/browse/home/cooling-mattress-toppers/4044_539103_1095008_7363426"
            ],
            [
                "Mattress Toppers",
                "/browse/home/mattress-toppers/4044_539103_1095008_7595276"
            ],
            [
                "Gel Memory Foam Mattress Topper",
                "/browse/home/gel-memory-foam-mattress-topper/4044_539103_1095008_9823161"
            ]
        ]
    },
    {
        "title": "Schwarz Supply SP-9020 61 x 10 x 90 in. Queen Mattress Cover",
        "url": "https://www.walmart.com/ip/Schwarz-Supply-SP-9020-61-x-10-x-90-in-Queen-Mattress-Cover/47656167",
        "price": "$10.35",
        "stars": 0,
        "ratings": 0,
        "img": "",
        "tags": [
            [
                "Waterproof Mattress Protectors",
                "/browse/home/waterproof-mattress-protectors/4044_539103_8022801_1583426"
            ],
            [
                "Fitted Mattress Protectors",
                "/browse/home/fitted-mattress-protectors/4044_539103_8022801_2727861"
            ],
            [
                "Cooling Mattress Protectors",
                "/browse/home/cooling-mattress-protectors/4044_539103_8022801_4168541"
            ],
            [
                "Mattress Protectors",
                "/browse/home/mattress-protectors/4044_103150_539386_4169411"
            ],
            [
                "Bed Bug Mattress Protectors",
                "/browse/home/bed-bug-mattress-protectors/4044_539103_8022801_5020852"
            ],
            [
                "Basic Mattress Pads & Protectors",
                "/browse/home/basic-mattress-pads-protectors/4044_539103_1095008_5670126"
            ],
            [
                "Mattress Covers & Protectors",
                "/browse/home/mattress-covers-protectors/4044_539103_7427099"
            ],
            [
                "Zippered Mattress Protectors",
                "/browse/home/zippered-mattress-protectors/4044_539103_8022801_8929600"
            ]
        ]
    },
    {
        "title": "Noble Linens Overfilled Premium Mattress Topper",
        "url": "https://www.walmart.com/ip/Noble-Linens-Overfilled-Premium-Mattress-Topper/538800165",
        "price": "$63.35",
        "stars": "4.5",
        "ratings": "10 ",
        "img": "i5.walmartimages.com/asr/d4513cbe-c558-40e0-a55b-9fb11f1e1b43_2.5ec20ac52e8c06b7dd04e0609607c46d.jpeg?odnWidth=612&odnHeight=612&odnBg=ffffff",
        "tags": [
            [
                "Mattress Pads & Protectors & Toppers",
                "/browse/home/mattress-pads-protectors-toppers/4044_539103_133144"
            ],
            [
                "Basic Mattress Pads & Protectors",
                "/browse/home/basic-mattress-pads-protectors/4044_539103_1095008_5670126"
            ],
            [
                "Infused Mattress Topper",
                "/browse/home/infused-mattress-topper/4044_539103_1095008_6063983"
            ],
            [
                "Pillow Top Mattress Topper",
                "/browse/home/pillow-top-mattress-topper/4044_539103_1095008_7221911"
            ],
            [
                "Cooling Mattress Toppers",
                "/browse/home/cooling-mattress-toppers/4044_539103_1095008_7363426"
            ],
            [
                "Mattress Toppers",
                "/browse/home/mattress-toppers/4044_539103_1095008_7595276"
            ],
            [
                "Dorm Mattresses",
                "/browse/home/dorm-mattresses/4044_1225301_1225229_8094250"
            ],
            [
                "Gel Memory Foam Mattress Topper",
                "/browse/home/gel-memory-foam-mattress-topper/4044_539103_1095008_9823161"
            ]
        ]
    },
    {
        "title": "Abstract Vinyl Full Mattress Protector Zipper Closure Style - Best to Protect Your Bed from Spills, Accidents and Damage - 100% Waterproof Plastic - in Twin and Cot Size White (39\" X 75\")",
        "url": "https://www.walmart.com/ip/Abstract-Vinyl-Full-Mattress-Protector-Zipper-Closure-Style-Best-Protect-Your-Bed-Spills-Accidents-Damage-100-Waterproof-Plastic-Twin-Cot-Size-White-/593147003",
        "price": "$12.99",
        "stars": 0,
        "ratings": 0,
        "img": "i5.walmartimages.com/asr/0e6d42d0-1d14-4a87-81a4-aadc1c3631f7_1.fbcc1c4ce7fc034364a5887feddeec71.jpeg?odnWidth=612&odnHeight=612&odnBg=ffffff",
        "tags": [
            [
                "Mattress Pads & Protectors & Toppers",
                "/browse/home/mattress-pads-protectors-toppers/4044_539103_133144"
            ],
            [
                "Waterproof Mattress Protectors",
                "/browse/home/waterproof-mattress-protectors/4044_539103_8022801_1583426"
            ],
            [
                "Fitted Mattress Protectors",
                "/browse/home/fitted-mattress-protectors/4044_539103_8022801_2727861"
            ],
            [
                "Cooling Mattress Protectors",
                "/browse/home/cooling-mattress-protectors/4044_539103_8022801_4168541"
            ],
            [
                "Mattress Protectors",
                "/browse/home/mattress-protectors/4044_103150_539386_4169411"
            ],
            [
                "Bed Bug Mattress Protectors",
                "/browse/home/bed-bug-mattress-protectors/4044_539103_8022801_5020852"
            ],
            [
                "Basic Mattress Pads & Protectors",
                "/browse/home/basic-mattress-pads-protectors/4044_539103_1095008_5670126"
            ],
            [
                "Mattress Covers & Protectors",
                "/browse/home/mattress-covers-protectors/4044_539103_7427099"
            ]
        ]
    },
    {
        "title": "Twin XL 2 Inch iSoCore 3.0 100% Memory Foam Mattress Pad, Bed Topper, Overlay Made From 100% Temperature Sensitive Memory Foam",
        "url": "https://www.walmart.com/ip/Twin-XL-2-Inch-iSoCore-3-0-100-Memory-Foam-Mattress-Pad-Bed-Topper-Overlay-Made-From-100-Temperature-Sensitive-Memory-Foam/931548897",
        "price": "$46.54",
        "stars": "1.5",
        "ratings": "2 ",
        "img": "",
        "tags": [
            [
                "Mattress Pads & Protectors & Toppers",
                "/browse/home/mattress-pads-protectors-toppers/4044_539103_133144"
            ],
            [
                "Basic Mattress Pads & Protectors",
                "/browse/home/basic-mattress-pads-protectors/4044_539103_1095008_5670126"
            ],
            [
                "Infused Mattress Topper",
                "/browse/home/infused-mattress-topper/4044_539103_1095008_6063983"
            ],
            [
                "Pillow Top Mattress Topper",
                "/browse/home/pillow-top-mattress-topper/4044_539103_1095008_7221911"
            ],
            [
                "Cooling Mattress Toppers",
                "/browse/home/cooling-mattress-toppers/4044_539103_1095008_7363426"
            ],
            [
                "Mattress Toppers",
                "/browse/home/mattress-toppers/4044_539103_1095008_7595276"
            ],
            [
                "Dorm Mattresses",
                "/browse/home/dorm-mattresses/4044_1225301_1225229_8094250"
            ],
            [
                "Gel Memory Foam Mattress Topper",
                "/browse/home/gel-memory-foam-mattress-topper/4044_539103_1095008_9823161"
            ]
        ]
    },
    {
        "title": "Belham Living 16-Inch Gel Memory Foam Individually Encased Innerspring Euro Pillow Top Mattress",
        "url": "https://www.walmart.com/ip/Belham-Living-16-Inch-Gel-Memory-Foam-Individually-Encased-Innerspring-Euro-Pillow-Top-Mattress/105961210",
        "price": "$367.16",
        "stars": "4.1",
        "ratings": "11 ",
        "img": "i5.walmartimages.com/asr/9c7aff0f-6991-4f4e-8a80-f4db4a352541_2.f5c1a33d1f12b9ff105fd4db32362265.jpeg?odnWidth=612&odnHeight=612&odnBg=ffffff",
        "tags": [
            [
                "California King Mattresses",
                "/browse/home/california-king-mattresses/4044_103150_539386_9682013_1554425"
            ],
            [
                "Memory Foam Mattresses",
                "/browse/home/memory-foam-mattresses/4044_103150_539386_414609"
            ],
            [
                "Shop All Mattresses by Brand",
                "/browse/home/shop-all-mattresses-by-brand/4044_103150_539386_8871501_5055269"
            ],
            [
                "Twin-XL Mattresses",
                "/browse/home/twin-xl-mattresses/4044_103150_539386_9682013_5191936"
            ],
            [
                "Medium Firm Mattresses",
                "/browse/home/medium-firm-mattresses/4044_1225301_7738457_6007208"
            ],
            [
                "King Mattresses",
                "/browse/home/king-mattresses/4044_103150_539386_9682013_7117230"
            ],
            [
                "Plush Mattresses",
                "/browse/home/plush-mattresses/4044_103150_539386_8574778_7863995"
            ],
            [
                "Mattress In a Box",
                "/browse/home/mattress-in-a-box/4044_1225301_7738457_8802849"
            ]
        ]
    },
    {
        "title": "Utopia Bedding Waterproof Zippered Mattress Encasement Cover - Bed Bug Pro..",
        "url": "https://www.walmart.com/ip/Utopia-Bedding-Waterproof-Zippered-Mattress-Encasement-Cover-Bed-Bug-Pro/521226547",
        "price": "$36.99",
        "stars": "5.0",
        "ratings": "1 ",
        "img": "",
        "tags": [
            [
                "Mattress Pads & Protectors & Toppers",
                "/browse/home/mattress-pads-protectors-toppers/4044_539103_133144"
            ],
            [
                "Waterproof Mattress Protectors",
                "/browse/home/waterproof-mattress-protectors/4044_539103_8022801_1583426"
            ],
            [
                "Dorm Bedding Essentials",
                "/browse/home/dorm-bedding-essentials/4044_1225301_1225229_8079634_2857911"
            ],
            [
                "Cooling Mattress Protectors",
                "/browse/home/cooling-mattress-protectors/4044_539103_8022801_4168541"
            ],
            [
                "Mattress Protectors",
                "/browse/home/mattress-protectors/4044_103150_539386_4169411"
            ],
            [
                "Bed Bug Mattress Protectors",
                "/browse/home/bed-bug-mattress-protectors/4044_539103_8022801_5020852"
            ],
            [
                "Basic Mattress Pads & Protectors",
                "/browse/home/basic-mattress-pads-protectors/4044_539103_1095008_5670126"
            ],
            [
                "Top Home Allergy Relief Products",
                "/browse/home/top-home-allergy-relief-products/4044_1225301_2271072_8428130"
            ]
        ]
    }
]