[
    {
        "title": "Instant, Omni, 9-In-1 Toaster Oven With Air Fry, Dehydrate, Toast, Roast, Bake, Broil, And Reheat Features",
        "url": "https://www.walmart.com/ip/Instant-Omni-9-In-1-Toaster-Oven-With-Air-Fry-Dehydrate-Toast-Roast-Bake-Broil-And-Reheat-Features/798325418",
        "price": "$124.00",
        "stars": "4.3",
        "ratings": "114 ",
        "img": "i5.walmartimages.com/asr/e669d0cb-a50e-47d7-b448-575cba96f6f9_1.aa3045ba23b28df9df07c0e7b22d1a45.jpeg?odnWidth=612&odnHeight=612&odnBg=ffffff",
        "tags": [
            [
                "Shop All Toaster Ovens",
                "/browse/home/shop-all-toaster-ovens/4044_90548_90546_90774_3312544_3665521"
            ],
            [
                "Air Fryer Toaster Ovens",
                "/browse/home/air-fryer-toaster-ovens/4044_90548_90546_90774_4245880"
            ],
            [
                "Big Game",
                "/browse/home/big-game/4044_90548_5023046"
            ],
            [
                "Convection Ovens",
                "/browse/home/convection-ovens/4044_90548_5776430_6546956"
            ],
            [
                "Cuisinart Toaster Ovens",
                "/browse/home/cuisinart-toaster-ovens/4044_90548_90546_90774_3312544_7958037"
            ],
            [
                "Cuisinart Air Fryers",
                "/browse/home/cuisinart-air-fryers/4044_90548_90546_4824_9960466_9834575"
            ]
        ]
    },
    {
        "title": "The Pioneer Woman Flea Market Scalloped 7-Ounce Ramekins, Set of 6",
        "url": "https://www.walmart.com/ip/The-Pioneer-Woman-Flea-Market-Scalloped-7-Ounce-Ramekins-Set-of-6/46039976",
        "price": "$13.98",
        "stars": "4.8",
        "ratings": "221 ",
        "img": "i5.walmartimages.com/asr/f81451e0-d1ec-487b-832d-e6c5cfae3440_1.a07b197b7dd8233962c30a3ef7610feb.jpeg?odnWidth=612&odnHeight=612&odnBg=ffffff",
        "tags": [
            [
                "Shop All The Pioneer Woman",
                "/browse/home/shop-all-the-pioneer-woman/4044_1920532_9153905_1843111"
            ],
            [
                "The Pioneer Woman Dish Sets",
                "/browse/home/the-pioneer-woman-dish-sets/4044_623679_639999_9763521_2314525"
            ],
            [
                "The Pioneer Woman Bowls",
                "/browse/home/the-pioneer-woman-bowls/4044_623679_3480962_3544662"
            ],
            [
                "Food Prep",
                "/browse/home/food-prep/4044_623679_133020_642199"
            ],
            [
                "Serving Bowls",
                "/browse/home/serving-bowls/4044_623679_639999_2347672_7037852"
            ],
            [
                "The Pioneer Woman Dishes",
                "/browse/home/the-pioneer-woman-dishes/4044_623679_639999_7373615"
            ],
            [
                "Pioneer Woman Tools and Gadgets",
                "/browse/home/pioneer-woman-tools-gadgets/4044_623679_133020_4496646_7562951"
            ],
            [
                "The Pioneer Woman New Arrivals",
                "/browse/home/the-pioneer-woman-new-arrivals/4044_1225301_1231327_9914742"
            ]
        ]
    },
    {
        "title": "The Pioneer Woman Rose Shadow 4-Piece 18-Ounce Latte Mug Set",
        "url": "https://www.walmart.com/ip/The-Pioneer-Woman-Rose-Shadow-4-Piece-18-Ounce-Latte-Mug-Set/55467854",
        "price": "$17.88",
        "stars": "4.7",
        "ratings": "205 ",
        "img": "i5.walmartimages.com/asr/b2368d82-c051-4da6-81ae-f7cc2a5fed76_1.d865e60b2a7903eeae67bd826ecf4734.jpeg?odnWidth=612&odnHeight=612&odnBg=ffffff",
        "tags": [
            [
                "Shop All The Pioneer Woman",
                "/browse/home/shop-all-the-pioneer-woman/4044_1920532_9153905_1843111"
            ],
            [
                "The Pioneer Woman Dish Sets",
                "/browse/home/the-pioneer-woman-dish-sets/4044_623679_639999_9763521_2314525"
            ],
            [
                "Plates",
                "/browse/home/plates/4044_623679_639999_3121273"
            ],
            [
                "The Pioneer Woman Bowls",
                "/browse/home/the-pioneer-woman-bowls/4044_623679_3480962_3544662"
            ],
            [
                "Dinnerware Sets",
                "/browse/home/dinnerware-sets/4044_623679_639999_489706"
            ],
            [
                "The Pioneer Woman Dishes",
                "/browse/home/the-pioneer-woman-dishes/4044_623679_639999_7373615"
            ],
            [
                "Dorm Dining Essentials",
                "/browse/home/dorm-dining-essentials/4044_1225301_1225229_8079634_8700307"
            ],
            [
                "The Pioneer Woman Plates",
                "/browse/home/the-pioneer-woman-plates/4044_623679_639999_2113437_9360029"
            ]
        ]
    },
    {
        "title": "Expert Grill BBQ Grill Brush with Steel Bristles & Plastic Handle",
        "url": "https://www.walmart.com/ip/Expert-Grill-BBQ-Grill-Brush-with-Steel-Bristles-Plastic-Handle/397496031",
        "price": "$0.98",
        "stars": "4.3",
        "ratings": "12 ",
        "img": "i5.walmartimages.com/asr/367775cc-3318-4ac9-b81e-8c0bf1b8b499_2.23a52166f789eb2013b5f333518e93ff.jpeg?odnWidth=612&odnHeight=612&odnBg=ffffff",
        "tags": [
            [
                "Food Thermometers",
                "/browse/home/food-thermometers/4044_623679_133020_4496646_3072630"
            ],
            [
                "13 Gallon Trash Cans",
                "/browse/home/13-gallon-trash-cans/4044_623679_1032619_1010739_3445585"
            ],
            [
                "20-Piece Flatware Sets",
                "/browse/home/20-piece-flatware-sets/4044_623679_639999_2073814_3532854"
            ],
            [
                "Dishwasher Baskets & Racks",
                "/browse/home/dishwasher-baskets-racks/4044_90548_1231929_5403664_8165529"
            ],
            [
                "Roasting Pans",
                "/browse/home/roasting-pans/4044_623679_8140341_9418554"
            ],
            [
                "Stainless Steel Trash Cans",
                "/browse/home/stainless-steel-trash-cans/4044_623679_1032619_1010739_9688074"
            ],
            [
                "45-Piece Flatware Sets",
                "/browse/home/45-piece-flatware-sets/4044_623679_639999_2073814_9822601"
            ]
        ]
    },
    {
        "title": "GoodCook Round Pizza Baking Stone Metal Rack, 2 Piece",
        "url": "https://www.walmart.com/ip/GoodCook-Round-Pizza-Baking-Stone-Metal-Rack-2-Piece/55500625",
        "price": "$9.97",
        "stars": "3.3",
        "ratings": "32 ",
        "img": "i5.walmartimages.com/asr/375f8371-0237-4c00-84dc-02b86af2c0d8_1.e869a25f6797a786f3abfb6db4b14eed.jpeg?odnWidth=612&odnHeight=612&odnBg=ffffff",
        "tags": [
            [
                "Shop All T-fal",
                "/browse/home/shop-all-t-fal/4044_1920532_8495630_1893187"
            ],
            [
                "Pastry Tools",
                "/browse/home/pastry-tools/4044_623679_133020_4496646_1908089"
            ],
            [
                "Calphalon Bakeware",
                "/browse/home/calphalon-bakeware/4044_1920532_5925737_3038419"
            ],
            [
                "Shop All Toaster Ovens",
                "/browse/home/shop-all-toaster-ovens/4044_90548_90546_90774_3312544_3665521"
            ],
            [
                "Bakeware Sets",
                "/browse/home/bakeware-sets/4044_623679_8455465_3756894"
            ],
            [
                "Pizza Cutters",
                "/browse/home/pizza-cutters/4044_623679_133020_4496646_5941976"
            ],
            [
                "Nordic Ware",
                "/browse/home/nordic-ware/4044_1225301_9409401_8191433"
            ]
        ]
    },
    {
        "title": "Rubbermaid Brilliance Food Storage Container, Small, 1.3 Cup, 2-Pack",
        "url": "https://www.walmart.com/ip/Rubbermaid-Brilliance-Food-Storage-Container-Small-1-3-Cup-2-Pack/527699607",
        "price": "$12.93",
        "stars": "4.5",
        "ratings": "4 ",
        "img": "i5.walmartimages.com/asr/520eb22e-c3d4-4929-9229-5cfcc3908d33.7c4001422f831bf970d083b9d43b16e5.jpeg?odnWidth=612&odnHeight=612&odnBg=ffffff",
        "tags": [
            [
                "Coffee Storage",
                "/browse/home/coffee-storage/4044_623679_1032619_2669816"
            ],
            [
                "Shop All Food Storage Containers",
                "/browse/home/shop-all-food-storage-containers/4044_623679_1032619_5842891_2687119"
            ],
            [
                "Rubbermaid Food Storage",
                "/browse/home/rubbermaid-food-storage/4044_623679_1032619_5842891_3368294"
            ],
            [
                "Kitchen Wedding Registry",
                "/browse/home/kitchen-wedding-registry/4044_623679_3700962"
            ],
            [
                "Dorm Bundles",
                "/browse/home/dorm-bundles/4044_1225301_1225229_5830926"
            ],
            [
                "Meal Prep Containers",
                "/browse/home/meal-prep-containers/4044_623679_1032619_5842891_8561628"
            ],
            [
                "Dorm Dining Essentials",
                "/browse/home/dorm-dining-essentials/4044_1225301_1225229_8079634_8700307"
            ],
            [
                "Dorm Dining & Hydration",
                "/browse/home/dorm-dining-hydration/4044_1225301_1225229_9951877"
            ]
        ]
    },
    {
        "title": "Way to Celebrate Prismatic Dots 54\" x 84\" Plastic Party Tablecloth",
        "url": "https://www.walmart.com/ip/Way-to-Celebrate-Prismatic-Dots-54-x-84-Plastic-Party-Tablecloth/494450653",
        "price": "$2.97",
        "stars": "4.0",
        "ratings": "10 ",
        "img": "i5.walmartimages.com/asr/7d6b97ee-0721-4856-a886-d29991e11f32_1.b480bfea1d082a73ecf2949312704483.jpeg?odnWidth=612&odnHeight=612&odnBg=ffffff",
        "tags": [
            [
                "Shop All The Pioneer Woman",
                "/browse/home/shop-all-the-pioneer-woman/4044_1920532_9153905_1843111"
            ],
            [
                "Fabric Tablecloths",
                "/browse/home/fabric-tablecloths/4044_623679_8055732_2356496"
            ],
            [
                "Wedding Tablecloths",
                "/browse/home/wedding-tablecloths/4044_623679_8055732_8058163_2557018"
            ],
            [
                "Round Tablecloths",
                "/browse/home/round-tablecloths/4044_623679_8055732_8058163_3771269"
            ],
            [
                "Outdoor Tablecloths",
                "/browse/home/outdoor-tablecloths/4044_623679_8055732_5058981"
            ],
            [
                "Vinyl Tablecloths",
                "/browse/home/vinyl-tablecloths/4044_623679_8055732_8058163_6102336"
            ],
            [
                "The Pioneer Woman Kitchen & Table Linens",
                "/browse/home/the-pioneer-woman-kitchen-table-linens/4044_623679_8055732_7902803"
            ],
            [
                "Dorm Dining Essentials",
                "/browse/home/dorm-dining-essentials/4044_1225301_1225229_8079634_8700307"
            ]
        ]
    },
    {
        "title": "Sweet Creations Round Cake Pop Press Mold",
        "url": "https://www.walmart.com/ip/Sweet-Creations-Round-Cake-Pop-Press-Mold/634908077",
        "price": "$2.97",
        "stars": "5.0",
        "ratings": "2 ",
        "img": "",
        "tags": [
            [
                "Ice Cream Scoops",
                "/browse/home/ice-cream-scoops/4044_623679_133020_4496646_1736483"
            ],
            [
                "Cookie Cutters & Cookie Presses",
                "/browse/home/cookie-cutters-cookie-presses/4044_623679_8455465_3792786"
            ],
            [
                "Cake & Bundt Pans",
                "/browse/home/cake-bundt-pans/4044_623679_8455465_4063398"
            ],
            [
                "Donut Makers",
                "/browse/home/donut-makers/4044_90548_90546_132920_4304532"
            ],
            [
                "Cake Pop Makers",
                "/browse/home/cake-pop-makers/4044_90548_90546_132920_4970165"
            ],
            [
                "Decorating Tools",
                "/browse/home/decorating-tools/4044_623679_8455465_5760210"
            ],
            [
                "Cupcake & Muffin Pans",
                "/browse/home/cupcake-muffin-pans/4044_623679_8455465_6597590"
            ]
        ]
    },
    {
        "title": "Contigo Ashland Chill 20 Oz Autospout Straw Stainless Steel Water Bottle, Sangria",
        "url": "https://www.walmart.com/ip/Contigo-Ashland-Chill-20-Oz-Autospout-Straw-Stainless-Steel-Water-Bottle-Sangria/52430645",
        "price": "$26.27",
        "stars": "4.5",
        "ratings": "292 ",
        "img": "i5.walmartimages.com/asr/546d33f9-11a8-45bf-bef7-a800983d8811_1.7306c4763399f614ea83ac8dd2fa8b20.jpeg?odnWidth=612&odnHeight=612&odnBg=ffffff",
        "tags": [
            [
                "Plastic Water Bottles",
                "/browse/home/plastic-water-bottles/4044_623679_639999_7751805_4269055_7285309_2888798"
            ],
            [
                "Travel Mugs",
                "/browse/home/travel-mugs/4044_623679_639999_7751805_3759938"
            ],
            [
                "Contigo Water Bottles",
                "/browse/home/contigo-water-bottles/4044_623679_639999_7751805_4269055_1373149_4722352"
            ],
            [
                "Bubba Water Bottles",
                "/browse/home/bubba-water-bottles/4044_623679_639999_7751805_4269055_1373149_6325857"
            ],
            [
                "Kids' Water Bottles",
                "/browse/home/kids-water-bottles/4044_623679_639999_7751805_4269055_7270555"
            ],
            [
                "Water Bottles with Straws",
                "/browse/home/water-bottles-with-straws/4044_623679_639999_7751805_4269055_7540010"
            ],
            [
                "Thermoses",
                "/browse/home/thermoses/4044_623679_639999_7751805_9823303"
            ],
            [
                "Dorm Dining & Hydration",
                "/browse/home/dorm-dining-hydration/4044_1225301_1225229_9951877"
            ]
        ]
    },
    {
        "title": "Bunn Commercial Coffee Filters, 12-Cup Size, 1,000-Pack",
        "url": "https://www.walmart.com/ip/Bunn-Commercial-Coffee-Filters-12-Cup-Size-1-000-Pack/15686243",
        "price": "$13.30",
        "stars": "4.5",
        "ratings": "199 ",
        "img": "i5.walmartimages.com/asr/49106827-595c-48b8-88f7-6f1c603e369d_1.5fc267594b8a6fd98240eb2492bfc4f6.jpeg?odnWidth=612&odnHeight=612&odnBg=ffffff",
        "tags": [
            [
                "Ground Coffee",
                "/browse/food/ground-coffee/976759_1086446_1229651"
            ],
            [
                "Bunn Coffee Filters",
                "/browse/food/bunn-coffee-filters/976759_1086446_1229655_1560712"
            ],
            [
                "Folgers Ground Coffee",
                "/browse/food/folgers-ground-coffee/976759_1086446_3100047_1674140"
            ],
            [
                "Cold Weather Beverages",
                "/browse/food/cold-weather-beverages/976759_1567409_6592518_4126576"
            ],
            [
                "Coffee & Coffee Pods",
                "/browse/food/coffee-coffee-pods/976759_1086446_7238690"
            ],
            [
                "All Folgers Coffee",
                "/browse/food/all-folgers-coffee/976759_1086446_3100047_8271556"
            ],
            [
                "Melitta Coffee Filters",
                "/browse/food/melitta-coffee-filters/976759_1086446_1229655_8379550"
            ],
            [
                "Reusable Coffee Filters",
                "/browse/food/reusable-coffee-filters/976759_1086446_1229655_9693544"
            ]
        ]
    }
]