[
    {
        "title": "Wonder Nation Baby Girls Hooded Towel and Washcloth Set, 12-Piece",
        "url": "https://www.walmart.com/ip/Wonder-Nation-Baby-Girls-Hooded-Towel-and-Washcloth-Set-12-Piece/313172636",
        "price": "$13.97",
        "stars": "4.8",
        "ratings": "17 ",
        "img": "i5.walmartimages.com/asr/d9232d3d-32f5-4683-80d2-9dc05827ac6b_1.6c090a4ec008bac8dcba74d1ebdcad34.jpeg?odnWidth=612&odnHeight=612&odnBg=ffffff",
        "tags": [
            [
                "Hooded Towels",
                "/browse/baby/hooded-towels/5427_132943_136296_1310885"
            ],
            [
                "Feed Your Baby",
                "/browse/baby/feed-your-baby/5427_133283_6780933_2788708"
            ],
            [
                "Hudson Baby Towels & Washcloths",
                "/browse/baby/hudson-baby-towels-washcloths/5427_132943_136296_5715473"
            ],
            [
                "Washcloths",
                "/browse/baby/washcloths/5427_132943_136296_5717454"
            ],
            [
                "Bibs and Burp Cloths",
                "/browse/baby/bibs-burp-cloths/5427_133283_584311"
            ],
            [
                "Gift Sets for Baby",
                "/browse/baby/gift-sets-for-baby/5427_538387_8057452"
            ]
        ]
    },
    {
        "title": "S 3PC #6 SAGE GREEN BANDED BATHROOM SET BATH MAT COUNTOUR RUG LID COVER PLAIN SOLID COLORS",
        "url": "https://www.walmart.com/ip/S-3PC-6-SAGE-GREEN-BANDED-BATHROOM-SET-BATH-MAT-COUNTOUR-RUG-LID-COVER-PLAIN-SOLID-COLORS/992325821",
        "price": "$13.00",
        "stars": "2.3",
        "ratings": "123 ",
        "img": "i5.walmartimages.com/asr/1d2024bd-0838-43fa-8837-0ceaa0b96cb2.72d3a12b76a249fd510bf408eb8d8ba3.jpeg?odnWidth=612&odnHeight=612&odnBg=ffffff",
        "tags": [
            [
                "Teens' Bath Mats",
                "/browse/home/teens-bath-mats/4044_1156136_1156137_1156139"
            ],
            [
                "Bathroom Rug Sets",
                "/browse/home/bathroom-rug-sets/4044_539095_920259_1753813"
            ],
            [
                "Bathroom Rugs",
                "/browse/home/bathroom-rugs/4044_539095_920259_2453408"
            ],
            [
                "Memory Foam Bath Mats",
                "/browse/home/memory-foam-bath-mats/4044_539095_920259_4950967"
            ],
            [
                "Dorm Bundles",
                "/browse/home/dorm-bundles/4044_1225301_1225229_5830926"
            ],
            [
                "Kids' Bath Rugs",
                "/browse/home/kids-bath-rugs/4044_539095_5586777_6667078"
            ],
            [
                "Non-Slip Bath Mats",
                "/browse/home/non-slip-bath-mats/4044_539095_920259_6970794"
            ],
            [
                "Teens' Bathroom",
                "/browse/home/teens-bathroom/4044_1156136_9411830"
            ]
        ]
    },
    {
        "title": "Goza Towels Cotton Oversized Bath Sheet Towel (40 x 70 inches)",
        "url": "https://www.walmart.com/ip/Goza-Towels-Cotton-Oversized-Bath-Sheet-Towel-40-x-70-inches/801027326",
        "price": "$24.99",
        "stars": "4.0",
        "ratings": "14 ",
        "img": "i5.walmartimages.com/asr/fe9db6c2-a38f-4c88-82bf-5fb30a44822d.9c8cca64d1c1b06e0f3680bbbe0a5bb8.jpeg?odnWidth=612&odnHeight=612&odnBg=ffffff",
        "tags": [
            [
                "Bath Towels",
                "/browse/home/bath-towels/4044_539095_7211899_1030320"
            ],
            [
                "Beach Towels",
                "/browse/home/beach-towels/4044_539095_1113072"
            ],
            [
                "Bath Towel Sets",
                "/browse/home/bath-towel-sets/4044_539095_7211899_1350842"
            ],
            [
                "Small Bathroom Storage & Cabinets",
                "/browse/home/small-bathroom-storage-cabinets/4044_103150_2880259_3001476"
            ],
            [
                "Dorm Bath & Laundry",
                "/browse/home/dorm-bath-laundry/4044_1225301_1225229_3339158"
            ],
            [
                "Bath Sheets",
                "/browse/home/bath-sheets/4044_539095_7211899_3917301"
            ],
            [
                "Dorm Bath Essentials",
                "/browse/home/dorm-bath-essentials/4044_1225301_1225229_8079634_7293738"
            ],
            [
                "Dorm Room Essentials",
                "/browse/home/dorm-room-essentials/4044_1225301_1225229_7506721"
            ]
        ]
    },
    {
        "title": "Kenney Non-Slip Semi-Brushed Bath, Shower, and Tub Mat with Suction Cups, Clear Blue",
        "url": "https://www.walmart.com/ip/Kenney-Non-Slip-Semi-Brushed-Bath-Shower-and-Tub-Mat-with-Suction-Cups-Clear-Blue/125929398",
        "price": "$8.46",
        "stars": "3.6",
        "ratings": "7 ",
        "img": "i5.walmartimages.com/asr/b2b3b72e-a4a6-4626-8b61-083f1bf43625_1.017dc3fb623143fd3a497971fa508895.jpeg?odnWidth=612&odnHeight=612&odnBg=ffffff",
        "tags": [
            [
                "Kids' Bath Mats",
                "/browse/home/kids-bath-mats/4044_1154295_1143252_1143254"
            ],
            [
                "Teens' Bath Mats",
                "/browse/home/teens-bath-mats/4044_1156136_1156137_1156139"
            ],
            [
                "Bathroom Rugs",
                "/browse/home/bathroom-rugs/4044_539095_920259_2453408"
            ],
            [
                "Fashion Bath Rugs",
                "/browse/home/fashion-bath-rugs/4044_539095_920259_6268946"
            ],
            [
                "Kids' Bath Rugs",
                "/browse/home/kids-bath-rugs/4044_539095_5586777_6667078"
            ],
            [
                "Non-Slip Bath Mats",
                "/browse/home/non-slip-bath-mats/4044_539095_920259_6970794"
            ],
            [
                "Teens' Bathroom",
                "/browse/home/teens-bathroom/4044_1156136_9411830"
            ]
        ]
    },
    {
        "title": "Somerset Home, 16 Pack, Absorbent Dish Cloths, Assorted Colors",
        "url": "https://www.walmart.com/ip/Somerset-Home-16-Pack-Absorbent-Dish-Cloths-Assorted-Colors/51090821",
        "price": "$31.53",
        "stars": "4.5",
        "ratings": "246 ",
        "img": "i5.walmartimages.com/asr/f0c3933d-de7e-47a4-bf2b-c27040d994fb_2.2ff727511e245a71993052b81039f95a.jpeg?odnWidth=612&odnHeight=612&odnBg=ffffff",
        "tags": [
            [
                "Shop All T-fal",
                "/browse/home/shop-all-t-fal/4044_1920532_8495630_1893187"
            ],
            [
                "Kitchen Linen Sets",
                "/browse/home/kitchen-linen-sets/4044_623679_8055732_5591719_2047073"
            ],
            [
                "Kitchen Towel Value Sets",
                "/browse/home/kitchen-towel-value-sets/4044_623679_8055732_5591719_2164267"
            ],
            [
                "Shop All Bath Towels",
                "/browse/home/shop-all-bath-towels/4044_539095_7211899_2665582"
            ],
            [
                "Oven Mitts & Pot Holders",
                "/browse/home/oven-mitts-pot-holders/4044_623679_8055732_5591719_3400238"
            ],
            [
                "The Pioneer Woman Kitchen & Table Linens",
                "/browse/home/the-pioneer-woman-kitchen-table-linens/4044_623679_8055732_7902803"
            ],
            [
                "Teens' Bathroom",
                "/browse/home/teens-bathroom/4044_1156136_9411830"
            ],
            [
                "Dish Cloths",
                "/browse/home/dish-cloths/4044_623679_8055732_5591719_9748844"
            ]
        ]
    },
    {
        "title": "Super Clear Extra Heavy Duty 10 Gauge Vinyl Shower Curtain Liner 72\"x72\"",
        "url": "https://www.walmart.com/ip/Super-Clear-Extra-Heavy-Duty-10-Gauge-Vinyl-Shower-Curtain-Liner-72-x72/192619776",
        "price": "$14.98",
        "stars": "4.0",
        "ratings": "3 ",
        "img": "i5.walmartimages.com/asr/10579944-5452-470c-854e-a7ea18ff5f43_1.235333962c4a42bcec2feba973ff6586.jpeg?odnWidth=612&odnHeight=612&odnBg=ffffff",
        "tags": [
            [
                "Teens' Shower Curtains & Hooks",
                "/browse/home/teens-shower-curtains-hooks/4044_1156136_1156137_1156140"
            ],
            [
                "Dorm Bath & Laundry",
                "/browse/home/dorm-bath-laundry/4044_1225301_1225229_3339158"
            ],
            [
                "Shower Curtain Liners",
                "/browse/home/shower-curtain-liners/4044_539095_2141805_3396784"
            ],
            [
                "Better Homes and Gardens New Arrivals",
                "/browse/home/better-homes-gardens-new-arrivals/4044_1225301_1011919_3742611"
            ],
            [
                "White Shower Curtains",
                "/browse/home/white-shower-curtains/4044_539095_2141805_5102000"
            ],
            [
                "Dorm Bath Essentials",
                "/browse/home/dorm-bath-essentials/4044_1225301_1225229_8079634_7293738"
            ],
            [
                "Fabric Shower Curtains",
                "/browse/home/fabric-shower-curtains/4044_539095_2141805_8715072"
            ],
            [
                "Extra Long Shower Curtains",
                "/browse/home/extra-long-shower-curtains/4044_539095_2141805_9227153"
            ]
        ]
    },
    {
        "title": "Gerber Baby Boys Organic Towels and Washcloths Bath Bundle, 12-Piece Set",
        "url": "https://www.walmart.com/ip/Gerber-Baby-Boys-Organic-Towels-and-Washcloths-Bath-Bundle-12-Piece-Set/517566355",
        "price": "$16.94",
        "stars": "4.6",
        "ratings": "35 ",
        "img": "i5.walmartimages.com/asr/a25fbe90-f955-4948-877b-84c633042acd_1.55049f815d3fdc988005d7082f9ad09a.jpeg?odnWidth=612&odnHeight=612&odnBg=ffffff",
        "tags": [
            [
                "Hooded Towels",
                "/browse/baby/hooded-towels/5427_132943_136296_1310885"
            ],
            [
                "Feed Your Baby",
                "/browse/baby/feed-your-baby/5427_133283_6780933_2788708"
            ],
            [
                "Baby Towels & Washcloths",
                "/browse/baby/baby-towels-washcloths/5427_132943_136296_4868157"
            ],
            [
                "Baby 6-12 Months",
                "/browse/baby-6-12-months/5427_5589783"
            ],
            [
                "Washcloths",
                "/browse/baby/washcloths/5427_132943_136296_5717454"
            ],
            [
                "Bibs and Burp Cloths",
                "/browse/baby/bibs-burp-cloths/5427_133283_584311"
            ],
            [
                "Baby 12-18 Months",
                "/browse/baby-12-18-months/5427_9042186"
            ]
        ]
    },
    {
        "title": "Kenney\u00ae Twist & Fit\u2122 No Tools Rust-Proof Aluminum Shower Rod, 42-72\", Matte Aluminum",
        "url": "https://www.walmart.com/ip/Kenney-Twist-Fit-No-Tools-Rust-Proof-Aluminum-Shower-Rod-42-72-Matte-Aluminum/714842973",
        "price": "$18.96",
        "stars": "4.3",
        "ratings": "34 ",
        "img": "i5.walmartimages.com/asr/f1848507-aa68-4679-b321-1820623cafd1_1.9a1984abe578b9faa427e6e3b852360a.jpeg?odnWidth=612&odnHeight=612&odnBg=ffffff",
        "tags": [
            [
                "Curtain Rods & Hardware",
                "/browse/home/curtain-rods-hardware/4044_133012_539105_132949"
            ],
            [
                "Dorm Bath & Laundry",
                "/browse/home/dorm-bath-laundry/4044_1225301_1225229_3339158"
            ],
            [
                "White Shower Curtains",
                "/browse/home/white-shower-curtains/4044_539095_2141805_5102000"
            ],
            [
                "Tension Rods",
                "/browse/home/tension-rods/4044_539095_7114312"
            ],
            [
                "Curtain Rods",
                "/browse/home/curtain-rods/4044_133012_539105_9656779_7161610"
            ],
            [
                "Shower Curtain Rings",
                "/browse/home/shower-curtain-rings/4044_539095_8307770"
            ],
            [
                "Curved Shower Rods",
                "/browse/home/curved-shower-rods/4044_539095_2141805_9096357"
            ],
            [
                "Tension & Magnetic Rods",
                "/browse/home/tension-magnetic-rods/4044_133012_539105_9656779_9145792"
            ]
        ]
    },
    {
        "title": "Better Homes & Gardens Two-Tone Metal Soap Pump, Silver",
        "url": "https://www.walmart.com/ip/Better-Homes-Gardens-Two-Tone-Metal-Soap-Pump-Silver/28470404",
        "price": "$11.97",
        "stars": "4.1",
        "ratings": "67 ",
        "img": "i5.walmartimages.com/asr/f262b8e0-fdf4-4e54-9a3a-8040840c521e_1.b2123f83ddb8041f0fde5616180015d3.jpeg?odnWidth=612&odnHeight=612&odnBg=ffffff",
        "tags": [
            [
                "Soap Dishes",
                "/browse/home/soap-dishes/4044_539095_2505058_1549287"
            ],
            [
                "Dorm Bath & Laundry",
                "/browse/home/dorm-bath-laundry/4044_1225301_1225229_3339158"
            ],
            [
                "Wastebaskets",
                "/browse/home/wastebaskets/4044_539095_2505058_3725341"
            ],
            [
                "Shop All Bath Accessories",
                "/browse/home/shop-all-bath-accessories/4044_539095_2505058_4232402"
            ],
            [
                "Toothbrush Holders",
                "/browse/home/toothbrush-holders/4044_539095_2505058_5454317"
            ],
            [
                "Dorm Bath Essentials",
                "/browse/home/dorm-bath-essentials/4044_1225301_1225229_8079634_7293738"
            ],
            [
                "Soap & Lotion Dispensers",
                "/browse/home/soap-lotion-dispensers/4044_539095_2505058_7681166"
            ],
            [
                "Bathroom Decor Sets",
                "/browse/home/bathroom-decor-sets/4044_539095_2505058_9867329"
            ]
        ]
    },
    {
        "title": "Extra Long Frosted Vinyl Shower Curtain Liner w/ Metal Grommets 72\"x78\"",
        "url": "https://www.walmart.com/ip/Extra-Long-Frosted-Vinyl-Shower-Curtain-Liner-w-Metal-Grommets-72-x78/264997719",
        "price": "$15.99",
        "stars": "4.2",
        "ratings": "31 ",
        "img": "i5.walmartimages.com/asr/82cac6fe-85b7-4868-8357-20a4d79deab2_1.0ea8b5237d2ecf26c05b86ecd6ec9672.jpeg?odnWidth=612&odnHeight=612&odnBg=ffffff",
        "tags": [
            [
                "Teens' Shower Curtains & Hooks",
                "/browse/home/teens-shower-curtains-hooks/4044_1156136_1156137_1156140"
            ],
            [
                "Dorm Bath & Laundry",
                "/browse/home/dorm-bath-laundry/4044_1225301_1225229_3339158"
            ],
            [
                "Shower Curtain Liners",
                "/browse/home/shower-curtain-liners/4044_539095_2141805_3396784"
            ],
            [
                "Better Homes and Gardens New Arrivals",
                "/browse/home/better-homes-gardens-new-arrivals/4044_1225301_1011919_3742611"
            ],
            [
                "White Shower Curtains",
                "/browse/home/white-shower-curtains/4044_539095_2141805_5102000"
            ],
            [
                "Dorm Bath Essentials",
                "/browse/home/dorm-bath-essentials/4044_1225301_1225229_8079634_7293738"
            ],
            [
                "Fabric Shower Curtains",
                "/browse/home/fabric-shower-curtains/4044_539095_2141805_8715072"
            ],
            [
                "Extra Long Shower Curtains",
                "/browse/home/extra-long-shower-curtains/4044_539095_2141805_9227153"
            ]
        ]
    }
]