[
    {
        "title": "WAYTON 10-Inch Pocketed Coil Rolled Medium Plush Mattress With Cover,Twin Size",
        "url": "https://www.walmart.com/ip/WAYTON-10-Inch-Pocketed-Coil-Rolled-Medium-Plush-Mattress-With-Cover-Twin-Size/984100570",
        "price": "$186.57",
        "stars": "4.0",
        "ratings": "7 ",
        "img": "i5.walmartimages.com/asr/074597fc-3e5d-431d-afa9-b8e561a804e2_1.a7c391fa67a0e51c483f9e776046d787.jpeg?odnWidth=612&odnHeight=612&odnBg=ffffff",
        "tags": [
            [
                "Full Mattresses",
                "/browse/home/full-mattresses/4044_103150_539386_9682013_1872812"
            ],
            [
                "Innerspring Mattresses",
                "/browse/home/innerspring-mattresses/4044_103150_539386_4398143"
            ],
            [
                "Medium Firm Mattresses",
                "/browse/home/medium-firm-mattresses/4044_1225301_7738457_6007208"
            ],
            [
                "King Mattresses",
                "/browse/home/king-mattresses/4044_103150_539386_9682013_7117230"
            ],
            [
                "Kids' Mattresses",
                "/browse/home/kids-mattresses/4044_103150_539386_7177070"
            ],
            [
                "Queen Mattresses",
                "/browse/home/queen-mattresses/4044_103150_539386_9682013_7235340"
            ],
            [
                "Shop All Mattresses by Comfort Level",
                "/browse/home/shop-all-mattresses-by-comfort-level/4044_103150_539386_8574778_7747247"
            ],
            [
                "Firm Mattresses",
                "/browse/home/firm-mattresses/4044_1225301_7738457_8955250"
            ]
        ]
    },
    {
        "title": "Modern Sleep Cool Gel Memory Foam Replacement Sofa Bed 4.5-Inch Mattress, Multiple Sizes",
        "url": "https://www.walmart.com/ip/Modern-Sleep-Cool-Gel-Memory-Foam-Replacement-Sofa-Bed-4-5-Inch-Mattress-Multiple-Sizes/40120171",
        "price": "$157.48",
        "stars": "4.4",
        "ratings": "85 ",
        "img": "i5.walmartimages.com/asr/645f1529-5888-49aa-9273-c5d670323fcc_2.8e68178f335f4421c581726f3b860ea3.jpeg?odnWidth=612&odnHeight=612&odnBg=ffffff",
        "tags": [
            [
                "Full Mattresses",
                "/browse/home/full-mattresses/4044_103150_539386_9682013_1872812"
            ],
            [
                "Memory Foam Mattresses",
                "/browse/home/memory-foam-mattresses/4044_103150_539386_414609"
            ],
            [
                "Twin Mattresses",
                "/browse/home/twin-mattresses/4044_103150_539386_9682013_4706569"
            ],
            [
                "King Mattresses",
                "/browse/home/king-mattresses/4044_103150_539386_9682013_7117230"
            ],
            [
                "Queen Mattresses",
                "/browse/home/queen-mattresses/4044_103150_539386_9682013_7235340"
            ],
            [
                "Shop All Mattresses by Comfort Level",
                "/browse/home/shop-all-mattresses-by-comfort-level/4044_103150_539386_8574778_7747247"
            ],
            [
                "Shop All Mattresses by Size",
                "/browse/home/shop-all-mattresses-by-size/4044_103150_539386_9682013_8499841"
            ],
            [
                "Firm Mattresses",
                "/browse/home/firm-mattresses/4044_1225301_7738457_8955250"
            ]
        ]
    },
    {
        "title": "Home Sweet Home Hypoallergenic Waterproof Mattress Encasement Bed Bugs Proof (Queen)",
        "url": "https://www.walmart.com/ip/Home-Sweet-Home-Hypoallergenic-Waterproof-Mattress-Encasement-Bed-Bugs-Proof-Queen/762590179",
        "price": "$26.99",
        "stars": "4.7",
        "ratings": "3 ",
        "img": "",
        "tags": [
            [
                "Mattress Pads & Protectors & Toppers",
                "/browse/home/mattress-pads-protectors-toppers/4044_539103_133144"
            ],
            [
                "Waterproof Mattress Protectors",
                "/browse/home/waterproof-mattress-protectors/4044_539103_8022801_1583426"
            ],
            [
                "Fitted Mattress Protectors",
                "/browse/home/fitted-mattress-protectors/4044_539103_8022801_2727861"
            ],
            [
                "Cooling Mattress Protectors",
                "/browse/home/cooling-mattress-protectors/4044_539103_8022801_4168541"
            ],
            [
                "Mattress Protectors",
                "/browse/home/mattress-protectors/4044_103150_539386_4169411"
            ],
            [
                "Bed Bug Mattress Protectors",
                "/browse/home/bed-bug-mattress-protectors/4044_539103_8022801_5020852"
            ],
            [
                "Basic Mattress Pads & Protectors",
                "/browse/home/basic-mattress-pads-protectors/4044_539103_1095008_5670126"
            ],
            [
                "Top Home Allergy Relief Products",
                "/browse/home/top-home-allergy-relief-products/4044_1225301_2271072_8428130"
            ]
        ]
    },
    {
        "title": "Best Price Mattress 3 Inch Memory Foam Mattress Topper \u2013 Queen",
        "url": "https://www.walmart.com/ip/Best-Price-Mattress-3-Inch-Memory-Foam-Mattress-Topper-Queen/146070276",
        "price": "$113.32",
        "stars": "4.6",
        "ratings": "33 ",
        "img": "i5.walmartimages.com/asr/709bc9b7-8091-47bd-9b27-87f1f9825586_1.be3a9ce5082168b6112c3681a51a257c.jpeg?odnWidth=612&odnHeight=612&odnBg=ffffff",
        "tags": [
            [
                "Best Mattresses & Bedding for Back Pain Relief",
                "/browse/home/best-mattresses-bedding-for-back-pain-relief/4044_1225301_2271072_2600956"
            ],
            [
                "Infused Mattress Topper",
                "/browse/home/infused-mattress-topper/4044_539103_1095008_6063983"
            ],
            [
                "Memory Foam Mattress Topper",
                "/browse/home/memory-foam-mattress-topper/4044_539103_1095008_6066022"
            ],
            [
                "Pillow Top Mattress Topper",
                "/browse/home/pillow-top-mattress-topper/4044_539103_1095008_7221911"
            ],
            [
                "Cooling Mattress Toppers",
                "/browse/home/cooling-mattress-toppers/4044_539103_1095008_7363426"
            ],
            [
                "Mattress Toppers",
                "/browse/home/mattress-toppers/4044_539103_1095008_7595276"
            ],
            [
                "Dorm Mattresses",
                "/browse/home/dorm-mattresses/4044_1225301_1225229_8094250"
            ],
            [
                "Gel Memory Foam Mattress Topper",
                "/browse/home/gel-memory-foam-mattress-topper/4044_539103_1095008_9823161"
            ]
        ]
    },
    {
        "title": "100% Organic Cotton Stretchable and Waterproof treated mattress protector",
        "url": "https://www.walmart.com/ip/100-Organic-Cotton-Stretchable-and-Waterproof-treated-mattress-protector/194300077",
        "price": "$91.49",
        "stars": 0,
        "ratings": 0,
        "img": "i5.walmartimages.com/asr/607b569a-8de8-419f-b5d5-f92c65407cbf_1.a277c9aa5e0badaa1f9268aa06dda19e.jpeg?odnWidth=612&odnHeight=612&odnBg=ffffff",
        "tags": [
            [
                "Mattress Pads & Protectors & Toppers",
                "/browse/home/mattress-pads-protectors-toppers/4044_539103_133144"
            ],
            [
                "Waterproof Mattress Protectors",
                "/browse/home/waterproof-mattress-protectors/4044_539103_8022801_1583426"
            ],
            [
                "Twin-XL Mattress Pads",
                "/browse/home/twin-xl-mattress-pads/4044_539103_5947786_2261511"
            ],
            [
                "Memory Foam Mattress Pads",
                "/browse/home/memory-foam-mattress-pads/4044_539103_5947786_2944117"
            ],
            [
                "King Mattress Pads",
                "/browse/home/king-mattress-pads/4044_539103_5947786_3934177"
            ],
            [
                "Basic Mattress Pads & Protectors",
                "/browse/home/basic-mattress-pads-protectors/4044_539103_1095008_5670126"
            ],
            [
                "Twin Mattress Pads",
                "/browse/home/twin-mattress-pads/4044_539103_5947786_7046410"
            ],
            [
                "Queen Mattress Pads",
                "/browse/home/queen-mattress-pads/4044_539103_5947786_9473533"
            ]
        ]
    },
    {
        "title": "Mid Century Diamond Tufted Bed Frame with Gold Plated Legs, Full, Grey",
        "url": "https://www.walmart.com/ip/Mid-Century-Diamond-Tufted-Bed-Frame-with-Gold-Plated-Legs-Full-Grey/408490547",
        "price": "$190.00",
        "stars": "2.0",
        "ratings": "2 ",
        "img": "i5.walmartimages.com/asr/38e51de8-b9f2-476d-932b-8572fe30bd92_1.982025eccd639a5d47de6d4becf4496b.jpeg?odnWidth=612&odnHeight=612&odnBg=ffffff",
        "tags": [
            [
                "Shop all Bed Frames",
                "/browse/home/shop-all-bed-frames/4044_103150_102547_2727648"
            ],
            [
                "Wood Bed Frames",
                "/browse/home/wood-bed-frames/4044_103150_102547_1612901_3222258"
            ],
            [
                "Queen Bed Frames",
                "/browse/home/queen-bed-frames/4044_103150_102547_1612901_3670601"
            ],
            [
                "Egyptian Cotton Sheets",
                "/browse/home/egyptian-cotton-sheets/4044_539103_5055527_5686068"
            ],
            [
                "Wood Beds",
                "/browse/home/wood-beds/4044_103150_102547_5949652_7618312_5701239"
            ],
            [
                "King Bed Frames",
                "/browse/home/king-bed-frames/4044_103150_102547_1612901_6810753"
            ],
            [
                "Full Bed Frames",
                "/browse/home/full-bed-frames/4044_103150_102547_1612901_7561545"
            ],
            [
                "Metal Bed Frames",
                "/browse/home/metal-bed-frames/4044_103150_102547_1612901_7728882"
            ]
        ]
    },
    {
        "title": "Costway 10 Inch Memory Foam Mattress Pad Sleepover Living Room Bed Topper,full size,Twin Size,Queen Size",
        "url": "https://www.walmart.com/ip/Costway-10-Inch-Memory-Foam-Mattress-Pad-Sleepover-Living-Room-Bed-Topper-full-size-Twin-Size-Queen-Size/876284653",
        "price": "$249.99",
        "stars": "5.0",
        "ratings": "1 ",
        "img": "i5.walmartimages.com/asr/bd78d383-cdc4-4a70-aaa7-15768fa9267d_1.d14070100668d489e443f15e810990fd.jpeg?odnWidth=612&odnHeight=612&odnBg=ffffff",
        "tags": [
            [
                "California King Mattresses",
                "/browse/home/california-king-mattresses/4044_103150_539386_9682013_1554425"
            ],
            [
                "Full Mattresses",
                "/browse/home/full-mattresses/4044_103150_539386_9682013_1872812"
            ],
            [
                "Twin-XL Mattresses",
                "/browse/home/twin-xl-mattresses/4044_103150_539386_9682013_5191936"
            ],
            [
                "Medium Firm Mattresses",
                "/browse/home/medium-firm-mattresses/4044_1225301_7738457_6007208"
            ],
            [
                "King Mattresses",
                "/browse/home/king-mattresses/4044_103150_539386_9682013_7117230"
            ],
            [
                "Queen Mattresses",
                "/browse/home/queen-mattresses/4044_103150_539386_9682013_7235340"
            ],
            [
                "Shop All Mattresses by Comfort Level",
                "/browse/home/shop-all-mattresses-by-comfort-level/4044_103150_539386_8574778_7747247"
            ],
            [
                "Firm Mattresses",
                "/browse/home/firm-mattresses/4044_1225301_7738457_8955250"
            ]
        ]
    },
    {
        "title": "Zinus Walter 9\" High Profile Metal Smart Box Spring with Wood Slats, Cal King",
        "url": "https://www.walmart.com/ip/Zinus-Walter-9-High-Profile-Metal-Smart-Box-Spring-with-Wood-Slats-Cal-King/285872155",
        "price": "$204.99",
        "stars": "4.7",
        "ratings": "23 ",
        "img": "i5.walmartimages.com/asr/0889eea1-f0dd-46fe-9ebc-722243be8de8_1.d93db45be38974def26d87c7f98e9df7.jpeg?odnWidth=612&odnHeight=612&odnBg=ffffff",
        "tags": [
            [
                "Box Springs",
                "/browse/home/box-springs/4044_103150_539386_1038799"
            ],
            [
                "Queen Box Springs",
                "/browse/home/queen-box-springs/4044_103150_102547_1612901_1821386"
            ],
            [
                "Full Box Springs",
                "/browse/home/full-box-springs/4044_103150_102547_1612901_2132826"
            ],
            [
                "High Profile Box Springs",
                "/browse/home/high-profile-box-springs/4044_103150_102547_1612901_3120712"
            ],
            [
                "Shop all Box Springs",
                "/browse/home/shop-all-box-springs/4044_103150_102547_4502764"
            ],
            [
                "California King Box Springs",
                "/browse/home/california-king-box-springs/4044_103150_102547_1612901_5913375"
            ],
            [
                "Twin Box Springs",
                "/browse/home/twin-box-springs/4044_103150_102547_1612901_5926336"
            ],
            [
                "King Box Springs",
                "/browse/home/king-box-springs/4044_103150_102547_1612901_8352583"
            ]
        ]
    },
    {
        "title": "Queen 2 Inch iSoCore 3.0 100% Memory Foam Mattress Pad, Bed Topper, Overlay Made From 100% Temperature Sensitive Memory Foam - On Sale",
        "url": "https://www.walmart.com/ip/Queen-2-Inch-iSoCore-3-0-100-Memory-Foam-Mattress-Pad-Bed-Topper-Overlay-Made-From-100-Temperature-Sensitive-Memory-Foam-On-Sale/713473550",
        "price": "$72.54",
        "stars": "3.5",
        "ratings": "2 ",
        "img": "",
        "tags": [
            [
                "Mattress Pads & Protectors & Toppers",
                "/browse/home/mattress-pads-protectors-toppers/4044_539103_133144"
            ],
            [
                "Best Mattresses & Bedding for Back Pain Relief",
                "/browse/home/best-mattresses-bedding-for-back-pain-relief/4044_1225301_2271072_2600956"
            ],
            [
                "Infused Mattress Topper",
                "/browse/home/infused-mattress-topper/4044_539103_1095008_6063983"
            ],
            [
                "Pillow Top Mattress Topper",
                "/browse/home/pillow-top-mattress-topper/4044_539103_1095008_7221911"
            ],
            [
                "Cooling Mattress Toppers",
                "/browse/home/cooling-mattress-toppers/4044_539103_1095008_7363426"
            ],
            [
                "Mattress Toppers",
                "/browse/home/mattress-toppers/4044_539103_1095008_7595276"
            ],
            [
                "Dorm Mattresses",
                "/browse/home/dorm-mattresses/4044_1225301_1225229_8094250"
            ],
            [
                "Gel Memory Foam Mattress Topper",
                "/browse/home/gel-memory-foam-mattress-topper/4044_539103_1095008_9823161"
            ]
        ]
    },
    {
        "title": "Waterproof Bed Bug Mattress Protector by Sweet Home Collection",
        "url": "https://www.walmart.com/ip/Waterproof-Bed-Bug-Mattress-Protector-by-Sweet-Home-Collection/454274523",
        "price": "$22.77",
        "stars": "1.0",
        "ratings": "1 ",
        "img": "i5.walmartimages.com/asr/c9d04202-4a24-4027-a861-827d73a4bf4e_1.5fdd436cde714d0ec427205abae50d88.jpeg?odnWidth=612&odnHeight=612&odnBg=ffffff",
        "tags": [
            [
                "Mattress Pads & Protectors & Toppers",
                "/browse/home/mattress-pads-protectors-toppers/4044_539103_133144"
            ],
            [
                "Waterproof Mattress Protectors",
                "/browse/home/waterproof-mattress-protectors/4044_539103_8022801_1583426"
            ],
            [
                "Fitted Mattress Protectors",
                "/browse/home/fitted-mattress-protectors/4044_539103_8022801_2727861"
            ],
            [
                "Cooling Mattress Protectors",
                "/browse/home/cooling-mattress-protectors/4044_539103_8022801_4168541"
            ],
            [
                "Mattress Protectors",
                "/browse/home/mattress-protectors/4044_103150_539386_4169411"
            ],
            [
                "Bed Bug Mattress Protectors",
                "/browse/home/bed-bug-mattress-protectors/4044_539103_8022801_5020852"
            ],
            [
                "Basic Mattress Pads & Protectors",
                "/browse/home/basic-mattress-pads-protectors/4044_539103_1095008_5670126"
            ],
            [
                "Mattress Covers & Protectors",
                "/browse/home/mattress-covers-protectors/4044_539103_7427099"
            ]
        ]
    }
]