[
    {
        "title": "Continental Sleep, Waterproof Vinly Zippered Mattress or Box Spring Cover/Protector, Fits 5-8 Inch, Twin Size",
        "url": "https://www.walmart.com/ip/Continental-Sleep-Waterproof-Vinly-Zippered-Mattress-or-Box-Spring-Cover-Protector-Fits-5-8-Inch-Twin-Size/267236700",
        "price": "$35.99",
        "stars": "3.2",
        "ratings": "15 ",
        "img": "i5.walmartimages.com/asr/1413ac13-ffc1-471f-a988-9ae465d44fce_1.114904d79ab9cf9a14ca6406f37a8dcd.jpeg?odnWidth=612&odnHeight=612&odnBg=ffffff",
        "tags": [
            [
                "Memory Foam Mattresses",
                "/browse/home/memory-foam-mattresses/4044_103150_539386_414609"
            ],
            [
                "Mattress Protectors",
                "/browse/home/mattress-protectors/4044_103150_539386_4169411"
            ],
            [
                "Twin Mattresses",
                "/browse/home/twin-mattresses/4044_103150_539386_9682013_4706569"
            ],
            [
                "Bed Bug Mattress Protectors",
                "/browse/home/bed-bug-mattress-protectors/4044_539103_8022801_5020852"
            ],
            [
                "Shop All Mattresses by Comfort Level",
                "/browse/home/shop-all-mattresses-by-comfort-level/4044_103150_539386_8574778_7747247"
            ],
            [
                "Shop All Mattresses by Size",
                "/browse/home/shop-all-mattresses-by-size/4044_103150_539386_9682013_8499841"
            ],
            [
                "Firm Mattresses",
                "/browse/home/firm-mattresses/4044_1225301_7738457_8955250"
            ],
            [
                "Mattresses",
                "/browse/home/mattresses/4044_103150_539386_927959"
            ]
        ]
    },
    {
        "title": "Slumber 1 by ZINUS 6\u201d Tight Top Spring Mattress, Queen",
        "url": "https://www.walmart.com/ip/Slumber-1-by-ZINUS-6-Tight-Top-Spring-Mattress-Queen/284790791",
        "price": "$169.00",
        "stars": "4.8",
        "ratings": "119 ",
        "img": "i5.walmartimages.com/asr/c2fdfb3f-bcdd-4b11-b733-5acdd9f1ef19.2f4419ceb58f213f064447424dc9c71d.jpeg?odnWidth=612&odnHeight=612&odnBg=ffffff",
        "tags": [
            [
                "Full Mattresses",
                "/browse/home/full-mattresses/4044_103150_539386_9682013_1872812"
            ],
            [
                "Mattress-in-a-Box",
                "/browse/home/mattress-in-a-box/4044_103150_539386_1985909"
            ],
            [
                "Twin Mattresses",
                "/browse/home/twin-mattresses/4044_103150_539386_9682013_4706569"
            ],
            [
                "Queen Mattresses",
                "/browse/home/queen-mattresses/4044_103150_539386_9682013_7235340"
            ],
            [
                "Shop All Mattresses by Comfort Level",
                "/browse/home/shop-all-mattresses-by-comfort-level/4044_103150_539386_8574778_7747247"
            ],
            [
                "Shop All Mattresses by Size",
                "/browse/home/shop-all-mattresses-by-size/4044_103150_539386_9682013_8499841"
            ],
            [
                "Firm Mattresses",
                "/browse/home/firm-mattresses/4044_1225301_7738457_8955250"
            ],
            [
                "Mattresses",
                "/browse/home/mattresses/4044_103150_539386_927959"
            ]
        ]
    },
    {
        "title": "Wayton, 8-Inch Easy Wood Box Spring With Simple Assembly, California King",
        "url": "https://www.walmart.com/ip/Wayton-8-Inch-Easy-Wood-Box-Spring-With-Simple-Assembly-California-King/348869902",
        "price": "$90.00",
        "stars": "4.1",
        "ratings": "38 ",
        "img": "i5.walmartimages.com/asr/1853f85e-8412-4b3d-9dab-17bf0f953508_1.4f7d710aebd4571df76c686d3e703a10.jpeg?odnWidth=612&odnHeight=612&odnBg=ffffff",
        "tags": [
            [
                "Queen Box Springs",
                "/browse/home/queen-box-springs/4044_103150_102547_1612901_1821386"
            ],
            [
                "Full Box Springs",
                "/browse/home/full-box-springs/4044_103150_102547_1612901_2132826"
            ],
            [
                "Low Profile Box Springs",
                "/browse/home/low-profile-box-springs/4044_103150_102547_1612901_2968033"
            ],
            [
                "High Profile Box Springs",
                "/browse/home/high-profile-box-springs/4044_103150_102547_1612901_3120712"
            ],
            [
                "Shop all Box Springs",
                "/browse/home/shop-all-box-springs/4044_103150_102547_4502764"
            ],
            [
                "California King Box Springs",
                "/browse/home/california-king-box-springs/4044_103150_102547_1612901_5913375"
            ],
            [
                "Twin Box Springs",
                "/browse/home/twin-box-springs/4044_103150_102547_1612901_5926336"
            ],
            [
                "King Box Springs",
                "/browse/home/king-box-springs/4044_103150_102547_1612901_8352583"
            ]
        ]
    },
    {
        "title": "Lucid Premium Waterproof Mattress Protector",
        "url": "https://www.walmart.com/ip/Lucid-Premium-Waterproof-Mattress-Protector/47903214",
        "price": "$19.99",
        "stars": "4.6",
        "ratings": "43 ",
        "img": "",
        "tags": [
            [
                "Waterproof Mattress Protectors",
                "/browse/home/waterproof-mattress-protectors/4044_539103_8022801_1583426"
            ],
            [
                "Fitted Mattress Protectors",
                "/browse/home/fitted-mattress-protectors/4044_539103_8022801_2727861"
            ],
            [
                "Cooling Mattress Protectors",
                "/browse/home/cooling-mattress-protectors/4044_539103_8022801_4168541"
            ],
            [
                "Mattress Protectors",
                "/browse/home/mattress-protectors/4044_103150_539386_4169411"
            ],
            [
                "Bed Bug Mattress Protectors",
                "/browse/home/bed-bug-mattress-protectors/4044_539103_8022801_5020852"
            ],
            [
                "Basic Mattress Pads & Protectors",
                "/browse/home/basic-mattress-pads-protectors/4044_539103_1095008_5670126"
            ],
            [
                "Mattress Covers & Protectors",
                "/browse/home/mattress-covers-protectors/4044_539103_7427099"
            ],
            [
                "Zippered Mattress Protectors",
                "/browse/home/zippered-mattress-protectors/4044_539103_8022801_8929600"
            ]
        ]
    },
    {
        "title": "Wolf Slumber Express Deluxe Back Aid 9\" Innerspring Mattress",
        "url": "https://www.walmart.com/ip/Wolf-Slumber-Express-Deluxe-Back-Aid-9-Innerspring-Mattress/20691842",
        "price": "$147.10",
        "stars": "3.9",
        "ratings": "210 ",
        "img": "",
        "tags": [
            [
                "Full Mattresses",
                "/browse/home/full-mattresses/4044_103150_539386_9682013_1872812"
            ],
            [
                "Mattress-in-a-Box",
                "/browse/home/mattress-in-a-box/4044_103150_539386_1985909"
            ],
            [
                "Twin Mattresses",
                "/browse/home/twin-mattresses/4044_103150_539386_9682013_4706569"
            ],
            [
                "Twin-XL Mattresses",
                "/browse/home/twin-xl-mattresses/4044_103150_539386_9682013_5191936"
            ],
            [
                "King Mattresses",
                "/browse/home/king-mattresses/4044_103150_539386_9682013_7117230"
            ],
            [
                "Queen Mattresses",
                "/browse/home/queen-mattresses/4044_103150_539386_9682013_7235340"
            ],
            [
                "Shop All Mattresses by Comfort Level",
                "/browse/home/shop-all-mattresses-by-comfort-level/4044_103150_539386_8574778_7747247"
            ],
            [
                "Firm Mattresses",
                "/browse/home/firm-mattresses/4044_1225301_7738457_8955250"
            ]
        ]
    },
    {
        "title": "Zinus Paige Compack 7\" Heavy Duty Bed Frame, Multiple Sizes",
        "url": "https://www.walmart.com/ip/Zinus-Paige-Compack-7-Heavy-Duty-Bed-Frame-Multiple-Sizes/55550741",
        "price": "$53.54",
        "stars": "4.7",
        "ratings": "101 ",
        "img": "i5.walmartimages.com/asr/6819d62f-151d-43c8-8067-fe2587eade76_1.1d26325be3bd216e7cede4fa51ceacd0.jpeg?odnWidth=612&odnHeight=612&odnBg=ffffff",
        "tags": [
            [
                "Twin Bed Frames",
                "/browse/home/twin-bed-frames/4044_103150_102547_1612901_1936776"
            ],
            [
                "Platform Bed Frames",
                "/browse/home/platform-bed-frames/4044_103150_102547_1612901_2129680"
            ],
            [
                "Shop all Bed Frames",
                "/browse/home/shop-all-bed-frames/4044_103150_102547_2727648"
            ],
            [
                "Queen Bed Frames",
                "/browse/home/queen-bed-frames/4044_103150_102547_1612901_3670601"
            ],
            [
                "California King Bed Frames",
                "/browse/home/california-king-bed-frames/4044_103150_102547_1612901_6889818"
            ],
            [
                "Full Bed Frames",
                "/browse/home/full-bed-frames/4044_103150_102547_1612901_7561545"
            ],
            [
                "Metal Bed Frames",
                "/browse/home/metal-bed-frames/4044_103150_102547_1612901_7728882"
            ],
            [
                "Twin XL Bed Frames",
                "/browse/home/twin-xl-bed-frames/4044_103150_102547_1612901_9148467"
            ]
        ]
    },
    {
        "title": "Signature Design by Ashley Full Roll Slat",
        "url": "https://www.walmart.com/ip/Signature-Design-by-Ashley-Full-Roll-Slat/40674873",
        "price": "$66.07",
        "stars": "2.6",
        "ratings": "135 ",
        "img": "i5.walmartimages.com/asr/e8bf2633-6a8c-4c93-ac30-e428e5705b33_1.913db13797eaf293ee1144dea5f80c6c.jpeg?odnWidth=612&odnHeight=612&odnBg=ffffff",
        "tags": [
            [
                "Box Springs",
                "/browse/home/box-springs/4044_103150_539386_1038799"
            ],
            [
                "Shop All Loft Beds",
                "/browse/home/shop-all-loft-beds/4044_1154295_1155958_4960120_1814344"
            ],
            [
                "Twin Loft Beds",
                "/browse/home/twin-loft-beds/4044_1154295_1155958_4960120_1972955"
            ],
            [
                "Platform Bed Frames",
                "/browse/home/platform-bed-frames/4044_103150_102547_1612901_2129680"
            ],
            [
                "Shop all Box Springs",
                "/browse/home/shop-all-box-springs/4044_103150_102547_4502764"
            ],
            [
                "King Bed Frames",
                "/browse/home/king-bed-frames/4044_103150_102547_1612901_6810753"
            ],
            [
                "Metal Bed Frames",
                "/browse/home/metal-bed-frames/4044_103150_102547_1612901_7728882"
            ],
            [
                "Bunkie Boards",
                "/browse/home/bunkie-boards/4044_103150_102547_1612901_8541125"
            ]
        ]
    },
    {
        "title": "Pax Twin Size Bed Frame, Heavy Duty Metal Bed Frame With 2 Rug Rollers & 2 Locking Wheels",
        "url": "https://www.walmart.com/ip/Pax-Twin-Size-Bed-Frame-Heavy-Duty-Metal-Bed-Frame-With-2-Rug-Rollers-2-Locking-Wheels/197154319",
        "price": "$57.50",
        "stars": "4.2",
        "ratings": "19 ",
        "img": "i5.walmartimages.com/asr/c669d884-4f3e-4d6e-aa58-35f9bc0cc342_1.af2598f71d49acf384b8499295fa09c7.jpeg?odnWidth=612&odnHeight=612&odnBg=ffffff",
        "tags": [
            [
                "Twin Bed Frames",
                "/browse/home/twin-bed-frames/4044_103150_102547_1612901_1936776"
            ],
            [
                "Platform Bed Frames",
                "/browse/home/platform-bed-frames/4044_103150_102547_1612901_2129680"
            ],
            [
                "Shop all Bed Frames",
                "/browse/home/shop-all-bed-frames/4044_103150_102547_2727648"
            ],
            [
                "Queen Bed Frames",
                "/browse/home/queen-bed-frames/4044_103150_102547_1612901_3670601"
            ],
            [
                "King Bed Frames",
                "/browse/home/king-bed-frames/4044_103150_102547_1612901_6810753"
            ],
            [
                "California King Bed Frames",
                "/browse/home/california-king-bed-frames/4044_103150_102547_1612901_6889818"
            ],
            [
                "Full Bed Frames",
                "/browse/home/full-bed-frames/4044_103150_102547_1612901_7561545"
            ],
            [
                "Metal Bed Frames",
                "/browse/home/metal-bed-frames/4044_103150_102547_1612901_7728882"
            ]
        ]
    },
    {
        "title": "Lucid Premium Waterproof Mattress Protector",
        "url": "https://www.walmart.com/ip/Lucid-Premium-Waterproof-Mattress-Protector/47904059",
        "price": "$17.99",
        "stars": "4.7",
        "ratings": "32 ",
        "img": "i5.walmartimages.com/asr/d859e9b4-1679-41eb-8cb5-5fc7f5cb4b9c_1.b4dd95aad4d8da0a6505a8c3ce120477.jpeg?odnWidth=612&odnHeight=612&odnBg=ffffff",
        "tags": [
            [
                "Waterproof Mattress Protectors",
                "/browse/home/waterproof-mattress-protectors/4044_539103_8022801_1583426"
            ],
            [
                "Fitted Mattress Protectors",
                "/browse/home/fitted-mattress-protectors/4044_539103_8022801_2727861"
            ],
            [
                "Cooling Mattress Protectors",
                "/browse/home/cooling-mattress-protectors/4044_539103_8022801_4168541"
            ],
            [
                "Mattress Protectors",
                "/browse/home/mattress-protectors/4044_103150_539386_4169411"
            ],
            [
                "Bed Bug Mattress Protectors",
                "/browse/home/bed-bug-mattress-protectors/4044_539103_8022801_5020852"
            ],
            [
                "Basic Mattress Pads & Protectors",
                "/browse/home/basic-mattress-pads-protectors/4044_539103_1095008_5670126"
            ],
            [
                "Mattress Covers & Protectors",
                "/browse/home/mattress-covers-protectors/4044_539103_7427099"
            ],
            [
                "Zippered Mattress Protectors",
                "/browse/home/zippered-mattress-protectors/4044_539103_8022801_8929600"
            ]
        ]
    },
    {
        "title": "SLEEPINC. 8 Inch Memory Foam Mattress - Bed in a Box, Medium Plush Feel, CertiPUR-US Foam, Twin",
        "url": "https://www.walmart.com/ip/SLEEPINC-8-Inch-Memory-Foam-Mattress-Bed-in-a-Box-Medium-Plush-Feel-CertiPUR-US-Foam-Twin/229301345",
        "price": "$149.00",
        "stars": "4.5",
        "ratings": "91 ",
        "img": "",
        "tags": [
            [
                "Full Mattresses",
                "/browse/home/full-mattresses/4044_103150_539386_9682013_1872812"
            ],
            [
                "Memory Foam Mattresses",
                "/browse/home/memory-foam-mattresses/4044_103150_539386_414609"
            ],
            [
                "Twin-XL Mattresses",
                "/browse/home/twin-xl-mattresses/4044_103150_539386_9682013_5191936"
            ],
            [
                "Medium Firm Mattresses",
                "/browse/home/medium-firm-mattresses/4044_1225301_7738457_6007208"
            ],
            [
                "King Mattresses",
                "/browse/home/king-mattresses/4044_103150_539386_9682013_7117230"
            ],
            [
                "Queen Mattresses",
                "/browse/home/queen-mattresses/4044_103150_539386_9682013_7235340"
            ],
            [
                "Shop All Mattresses by Comfort Level",
                "/browse/home/shop-all-mattresses-by-comfort-level/4044_103150_539386_8574778_7747247"
            ],
            [
                "Shop All Mattresses by Size",
                "/browse/home/shop-all-mattresses-by-size/4044_103150_539386_9682013_8499841"
            ]
        ]
    }
]