[
    {
        "title": "Queen/King/ Hook-On Frame with Headboard & Footboard Brackets",
        "url": "https://www.walmart.com/ip/Queen-King-Hook-On-Frame-with-Headboard-Footboard-Brackets/237777480",
        "price": "$148.00",
        "stars": "5.0",
        "ratings": "3 ",
        "img": "",
        "tags": [
            [
                "Platform Bed Frames",
                "/browse/home/platform-bed-frames/4044_103150_102547_1612901_2129680"
            ],
            [
                "Shop all Bed Frames",
                "/browse/home/shop-all-bed-frames/4044_103150_102547_2727648"
            ],
            [
                "Queen Bed Frames",
                "/browse/home/queen-bed-frames/4044_103150_102547_1612901_3670601"
            ],
            [
                "Low Bed Frames",
                "/browse/home/low-bed-frames/4044_103150_102547_1612901_6149972"
            ],
            [
                "King Bed Frames",
                "/browse/home/king-bed-frames/4044_103150_102547_1612901_6810753"
            ],
            [
                "California King Bed Frames",
                "/browse/home/california-king-bed-frames/4044_103150_102547_1612901_6889818"
            ],
            [
                "Full Bed Frames",
                "/browse/home/full-bed-frames/4044_103150_102547_1612901_7561545"
            ],
            [
                "Metal Bed Frames",
                "/browse/home/metal-bed-frames/4044_103150_102547_1612901_7728882"
            ]
        ]
    },
    {
        "title": "Modern Sleep Surrey Hybrid Gel Memory Foam and Innerspring 12-Inch Mattress, Multiple Sizes",
        "url": "https://www.walmart.com/ip/Modern-Sleep-Surrey-Hybrid-Gel-Memory-Foam-and-Innerspring-12-Inch-Mattress-Multiple-Sizes/410870783",
        "price": "$331.09",
        "stars": "4.3",
        "ratings": "15 ",
        "img": "i5.walmartimages.com/asr/a3402ec5-5c59-448a-9f93-c430f40f2bce_1.17695a8b455cb5b7620e632687d3837a.jpeg?odnWidth=612&odnHeight=612&odnBg=ffffff",
        "tags": [
            [
                "Hybrid Mattresses",
                "/browse/home/hybrid-mattresses/4044_103150_539386_1231583"
            ],
            [
                "California King Mattresses",
                "/browse/home/california-king-mattresses/4044_103150_539386_9682013_1554425"
            ],
            [
                "Modern Sleep Mattresses",
                "/browse/home/modern-sleep-mattresses/4044_103150_539386_8871501_3538437"
            ],
            [
                "Shop All Mattresses by Brand",
                "/browse/home/shop-all-mattresses-by-brand/4044_103150_539386_8871501_5055269"
            ],
            [
                "Twin-XL Mattresses",
                "/browse/home/twin-xl-mattresses/4044_103150_539386_9682013_5191936"
            ],
            [
                "Medium Firm Mattresses",
                "/browse/home/medium-firm-mattresses/4044_1225301_7738457_6007208"
            ],
            [
                "Plush Mattresses",
                "/browse/home/plush-mattresses/4044_103150_539386_8574778_7863995"
            ],
            [
                "Firm Mattresses",
                "/browse/home/firm-mattresses/4044_1225301_7738457_8955250"
            ]
        ]
    },
    {
        "title": "Beautyrest BR800 Medium Twin Low Profile Mattress Set",
        "url": "https://www.walmart.com/ip/Beautyrest-BR800-Medium-Twin-Low-Profile-Mattress-Set/136003241",
        "price": "$419.00",
        "stars": 0,
        "ratings": 0,
        "img": "i5.walmartimages.com/asr/602e6213-a2e2-4397-b6b0-518b8ec945fd_1.5b49ec0da216c450220e5153e46695e8.jpeg?odnWidth=612&odnHeight=612&odnBg=ffffff",
        "tags": [
            [
                "California King Mattresses",
                "/browse/home/california-king-mattresses/4044_103150_539386_9682013_1554425"
            ],
            [
                "Innerspring Mattresses",
                "/browse/home/innerspring-mattresses/4044_103150_539386_4398143"
            ],
            [
                "Shop All Mattresses by Brand",
                "/browse/home/shop-all-mattresses-by-brand/4044_103150_539386_8871501_5055269"
            ],
            [
                "Twin-XL Mattresses",
                "/browse/home/twin-xl-mattresses/4044_103150_539386_9682013_5191936"
            ],
            [
                "Plush Mattresses",
                "/browse/home/plush-mattresses/4044_103150_539386_8574778_7863995"
            ],
            [
                "Queen Electric Blankets",
                "/browse/home/queen-electric-blankets/4044_539103_4756_2032072_8744999"
            ],
            [
                "Firm Mattresses",
                "/browse/home/firm-mattresses/4044_1225301_7738457_8955250"
            ],
            [
                "Sealy Mattresses",
                "/browse/home/sealy-mattresses/4044_103150_539386_8871501_9859836"
            ]
        ]
    },
    {
        "title": "Waterproof Mattress Cover - Full Size 55 x 76 x 16 Inches - Premium Hypoallergenic Mattress Protector",
        "url": "https://www.walmart.com/ip/Waterproof-Mattress-Cover-Full-Size-55-x-76-x-16-Inches-Premium-Hypoallergenic-Mattress-Protector/663162402",
        "price": "$26.26",
        "stars": "4.0",
        "ratings": "1 ",
        "img": "i5.walmartimages.com/asr/db086825-664d-46ff-a67c-794acd7461ab_1.cd09867d64ae4e8584af8f84248e381f.jpeg?odnWidth=612&odnHeight=612&odnBg=ffffff",
        "tags": [
            [
                "Mattress Pads & Protectors & Toppers",
                "/browse/home/mattress-pads-protectors-toppers/4044_539103_133144"
            ],
            [
                "Waterproof Mattress Protectors",
                "/browse/home/waterproof-mattress-protectors/4044_539103_8022801_1583426"
            ],
            [
                "Cooling Mattress Protectors",
                "/browse/home/cooling-mattress-protectors/4044_539103_8022801_4168541"
            ],
            [
                "Mattress Protectors",
                "/browse/home/mattress-protectors/4044_103150_539386_4169411"
            ],
            [
                "Bed Bug Mattress Protectors",
                "/browse/home/bed-bug-mattress-protectors/4044_539103_8022801_5020852"
            ],
            [
                "Basic Mattress Pads & Protectors",
                "/browse/home/basic-mattress-pads-protectors/4044_539103_1095008_5670126"
            ],
            [
                "Top Home Allergy Relief Products",
                "/browse/home/top-home-allergy-relief-products/4044_1225301_2271072_8428130"
            ],
            [
                "Zippered Mattress Protectors",
                "/browse/home/zippered-mattress-protectors/4044_539103_8022801_8929600"
            ]
        ]
    },
    {
        "title": "Serta 2-Inch Feather And Down Fiber Top Featherbed",
        "url": "https://www.walmart.com/ip/Serta-2-Inch-Feather-And-Down-Fiber-Top-Featherbed/556652733",
        "price": "$70.30",
        "stars": "4.7",
        "ratings": "15 ",
        "img": "i5.walmartimages.com/asr/ce656c96-ef64-49fe-80be-f96af859a205.7e60643d8ca9d9eca51cc71842712942.jpeg?odnWidth=612&odnHeight=612&odnBg=ffffff",
        "tags": [
            [
                "Mattress Pads & Protectors & Toppers",
                "/browse/home/mattress-pads-protectors-toppers/4044_539103_133144"
            ],
            [
                "Cooling Mattress Pads",
                "/browse/home/cooling-mattress-pads/4044_539103_5947786_4021470"
            ],
            [
                "Basic Mattress Pads & Protectors",
                "/browse/home/basic-mattress-pads-protectors/4044_539103_1095008_5670126"
            ],
            [
                "Pillow Top Mattress Topper",
                "/browse/home/pillow-top-mattress-topper/4044_539103_1095008_7221911"
            ],
            [
                "Mattress Toppers",
                "/browse/home/mattress-toppers/4044_539103_1095008_7595276"
            ],
            [
                "Dorm Mattresses",
                "/browse/home/dorm-mattresses/4044_1225301_1225229_8094250"
            ],
            [
                "Queen Mattress Pads",
                "/browse/home/queen-mattress-pads/4044_539103_5947786_9473533"
            ],
            [
                "Gel Memory Foam Mattress Topper",
                "/browse/home/gel-memory-foam-mattress-topper/4044_539103_1095008_9823161"
            ]
        ]
    },
    {
        "title": "Naomi Home idealBase Motion Adjustable Bed, Twin-XL",
        "url": "https://www.walmart.com/ip/Naomi-Home-idealBase-Motion-Adjustable-Bed-Twin-XL/170040164",
        "price": "$379.99",
        "stars": "3.5",
        "ratings": "10 ",
        "img": "i5.walmartimages.com/asr/e54bfad5-9d16-4a0e-b8aa-08d8e10cbf3a.75d50e9ff27407bfe26a88cf29809d33.jpeg?odnWidth=612&odnHeight=612&odnBg=ffffff",
        "tags": [
            [
                "Pillows & Home Aids to Stop Snoring",
                "/browse/home/pillows-home-aids-to-stop-snoring/4044_1225301_2271072_1845555"
            ],
            [
                "Platform Bed Frames",
                "/browse/home/platform-bed-frames/4044_103150_102547_1612901_2129680"
            ],
            [
                "Shop all Bed Frames",
                "/browse/home/shop-all-bed-frames/4044_103150_102547_2727648"
            ],
            [
                "Queen Bed Frames",
                "/browse/home/queen-bed-frames/4044_103150_102547_1612901_3670601"
            ],
            [
                "Shop all Box Springs",
                "/browse/home/shop-all-box-springs/4044_103150_102547_4502764"
            ],
            [
                "King Bed Frames",
                "/browse/home/king-bed-frames/4044_103150_102547_1612901_6810753"
            ],
            [
                "Full Bed Frames",
                "/browse/home/full-bed-frames/4044_103150_102547_1612901_7561545"
            ],
            [
                "Metal Bed Frames",
                "/browse/home/metal-bed-frames/4044_103150_102547_1612901_7728882"
            ]
        ]
    },
    {
        "title": "ViscoLogic 8\" High Profile Metal Frame Smart Base Mattress Foundation Box Spring (Full)",
        "url": "https://www.walmart.com/ip/ViscoLogic-8-High-Profile-Metal-Frame-Smart-Base-Mattress-Foundation-Box-Spring-Full/652960030",
        "price": "$149.98",
        "stars": "5.0",
        "ratings": "1 ",
        "img": "i5.walmartimages.com/asr/5de66c0e-7558-4797-afdf-265716677bc4.ac0d0f48af6971a3eb4df075573bb5cb.jpeg?odnWidth=612&odnHeight=612&odnBg=ffffff",
        "tags": [
            [
                "Queen Box Springs",
                "/browse/home/queen-box-springs/4044_103150_102547_1612901_1821386"
            ],
            [
                "Full Box Springs",
                "/browse/home/full-box-springs/4044_103150_102547_1612901_2132826"
            ],
            [
                "Low Profile Box Springs",
                "/browse/home/low-profile-box-springs/4044_103150_102547_1612901_2968033"
            ],
            [
                "High Profile Box Springs",
                "/browse/home/high-profile-box-springs/4044_103150_102547_1612901_3120712"
            ],
            [
                "Shop all Box Springs",
                "/browse/home/shop-all-box-springs/4044_103150_102547_4502764"
            ],
            [
                "California King Box Springs",
                "/browse/home/california-king-box-springs/4044_103150_102547_1612901_5913375"
            ],
            [
                "Twin Box Springs",
                "/browse/home/twin-box-springs/4044_103150_102547_1612901_5926336"
            ],
            [
                "King Box Springs",
                "/browse/home/king-box-springs/4044_103150_102547_1612901_8352583"
            ]
        ]
    },
    {
        "title": "SLEEPINC 3 Inch Hybrid Mattress Topper, Dual-Sided, Flip for Firm or Plush Sleep, Cooling Memory Foam, Twin",
        "url": "https://www.walmart.com/ip/SLEEPINC-3-Inch-Hybrid-Mattress-Topper-Dual-Sided-Flip-for-Firm-or-Plush-Sleep-Cooling-Memory-Foam-Twin/440004039",
        "price": "$149.00",
        "stars": "3.5",
        "ratings": "2 ",
        "img": "i5.walmartimages.com/asr/ea63cb33-3f47-421f-8580-3011351aa193_3.e0894c886487049e4d094a975a188a63.jpeg?odnWidth=612&odnHeight=612&odnBg=ffffff",
        "tags": [
            [
                "Mattress Pads & Protectors & Toppers",
                "/browse/home/mattress-pads-protectors-toppers/4044_539103_133144"
            ],
            [
                "Best Mattresses & Bedding for Back Pain Relief",
                "/browse/home/best-mattresses-bedding-for-back-pain-relief/4044_1225301_2271072_2600956"
            ],
            [
                "Memory Foam Mattress Topper",
                "/browse/home/memory-foam-mattress-topper/4044_539103_1095008_6066022"
            ],
            [
                "Pillow Top Mattress Topper",
                "/browse/home/pillow-top-mattress-topper/4044_539103_1095008_7221911"
            ],
            [
                "Cooling Mattress Toppers",
                "/browse/home/cooling-mattress-toppers/4044_539103_1095008_7363426"
            ],
            [
                "Mattress Toppers",
                "/browse/home/mattress-toppers/4044_539103_1095008_7595276"
            ],
            [
                "Dorm Mattresses",
                "/browse/home/dorm-mattresses/4044_1225301_1225229_8094250"
            ],
            [
                "Gel Memory Foam Mattress Topper",
                "/browse/home/gel-memory-foam-mattress-topper/4044_539103_1095008_9823161"
            ]
        ]
    },
    {
        "title": "Unique Bargains Water-resistant Mattress Pad Protector Cover Full Twin Queen King Size",
        "url": "https://www.walmart.com/ip/Unique-Bargains-Water-resistant-Mattress-Pad-Protector-Cover-Full-Twin-Queen-King-Size/820316436",
        "price": "$20.68",
        "stars": "4.0",
        "ratings": "2 ",
        "img": "i5.walmartimages.com/asr/606d5770-bb8d-43fb-b73f-12a3643d791e_1.b694f4b25881b4418382444619258826.jpeg?odnWidth=612&odnHeight=612&odnBg=ffffff",
        "tags": [
            [
                "Twin-XL Mattress Pads",
                "/browse/home/twin-xl-mattress-pads/4044_539103_5947786_2261511"
            ],
            [
                "Fitted Mattress Protectors",
                "/browse/home/fitted-mattress-protectors/4044_539103_8022801_2727861"
            ],
            [
                "King Mattress Pads",
                "/browse/home/king-mattress-pads/4044_539103_5947786_3934177"
            ],
            [
                "Cooling Mattress Protectors",
                "/browse/home/cooling-mattress-protectors/4044_539103_8022801_4168541"
            ],
            [
                "Mattress Protectors",
                "/browse/home/mattress-protectors/4044_103150_539386_4169411"
            ],
            [
                "Twin Mattress Pads",
                "/browse/home/twin-mattress-pads/4044_539103_5947786_7046410"
            ],
            [
                "Mattress Covers & Protectors",
                "/browse/home/mattress-covers-protectors/4044_539103_7427099"
            ],
            [
                "Queen Mattress Pads",
                "/browse/home/queen-mattress-pads/4044_539103_5947786_9473533"
            ]
        ]
    },
    {
        "title": "Structures Steelock Hook-In Headboard/Footboard Steel Bed Frame",
        "url": "https://www.walmart.com/ip/Structures-Steelock-Hook-In-Headboard-Footboard-Steel-Bed-Frame/48207027",
        "price": "$99.99",
        "stars": "3.8",
        "ratings": "26 ",
        "img": "",
        "tags": [
            [
                "Twin Bed Frames",
                "/browse/home/twin-bed-frames/4044_103150_102547_1612901_1936776"
            ],
            [
                "Platform Bed Frames",
                "/browse/home/platform-bed-frames/4044_103150_102547_1612901_2129680"
            ],
            [
                "Shop all Bed Frames",
                "/browse/home/shop-all-bed-frames/4044_103150_102547_2727648"
            ],
            [
                "Queen Bed Frames",
                "/browse/home/queen-bed-frames/4044_103150_102547_1612901_3670601"
            ],
            [
                "King Bed Frames",
                "/browse/home/king-bed-frames/4044_103150_102547_1612901_6810753"
            ],
            [
                "California King Bed Frames",
                "/browse/home/california-king-bed-frames/4044_103150_102547_1612901_6889818"
            ],
            [
                "Full Bed Frames",
                "/browse/home/full-bed-frames/4044_103150_102547_1612901_7561545"
            ],
            [
                "Metal Bed Frames",
                "/browse/home/metal-bed-frames/4044_103150_102547_1612901_7728882"
            ]
        ]
    }
]