[
    {
        "title": "Fitted Sheet ! - Elegant Comfort\u00ae Wrinkle-Free 1500 Thread Count Egyptian Quality 1-Piece Fitted Sheet, Full Size, Red",
        "url": "https://www.walmart.com/ip/Fitted-Sheet-Elegant-Comfort-Wrinkle-Free-1500-Thread-Count-Egyptian-Quality-1-Piece-Fitted-Sheet-Full-Size-Red/883150476",
        "price": "$14.99",
        "stars": "4.2",
        "ratings": "303 ",
        "img": "i5.walmartimages.com/asr/405e5891-aa1a-4d14-86ae-a0416e5bc607_1.c0fa2bcdf627300ddf80739e1567a39f.jpeg?odnWidth=612&odnHeight=612&odnBg=ffffff",
        "tags": [
            [
                "Twin Sheets",
                "/browse/home/twin-sheets/4044_539103_5055527_2647631"
            ],
            [
                "King Sheets",
                "/browse/home/king-sheets/4044_539103_5055527_4178254"
            ],
            [
                "White Sheets",
                "/browse/home/white-sheets/4044_539103_5055527_4299542"
            ],
            [
                "Fitted Sheets",
                "/browse/home/fitted-sheets/4044_539103_5055527_5879517"
            ],
            [
                "Deep Pocket Sheets",
                "/browse/home/deep-pocket-sheets/4044_539103_5055527_8252918"
            ],
            [
                "Full Sheets",
                "/browse/home/full-sheets/4044_539103_5055527_8485867"
            ],
            [
                "California King Sheets",
                "/browse/home/california-king-sheets/4044_539103_5055527_9414335"
            ],
            [
                "Warm & Cozy Sheets",
                "/browse/home/warm-cozy-sheets/4044_539103_5055527_9461375"
            ]
        ]
    },
    {
        "title": "Comfort Classics Solid Microfiber Ultra Soft Wrinkle Free Sheet Set, Blue, Twin",
        "url": "https://www.walmart.com/ip/Comfort-Classics-Solid-Microfiber-Ultra-Soft-Wrinkle-Free-Sheet-Set-Blue-Twin/42962387",
        "price": "$19.99",
        "stars": "4.4",
        "ratings": "168 ",
        "img": "i5.walmartimages.com/asr/7faee2e4-42d0-4e0a-a6fc-42d59bc7c312_1.dc765c36666eab8cc8a3fe4f5aa36eef.jpeg?odnWidth=612&odnHeight=612&odnBg=ffffff",
        "tags": [
            [
                "Twin Sheets",
                "/browse/home/twin-sheets/4044_539103_5055527_2647631"
            ],
            [
                "Microfiber Sheets",
                "/browse/home/microfiber-sheets/4044_539103_5055527_2660867"
            ],
            [
                "King Sheets",
                "/browse/home/king-sheets/4044_539103_5055527_4178254"
            ],
            [
                "White Sheets",
                "/browse/home/white-sheets/4044_539103_5055527_4299542"
            ],
            [
                "Queen Sheets",
                "/browse/home/queen-sheets/4044_539103_5055527_7356834"
            ],
            [
                "Sheet Sets",
                "/browse/home/sheet-sets/4044_539103_5055527_8012601"
            ],
            [
                "Full Sheets",
                "/browse/home/full-sheets/4044_539103_5055527_8485867"
            ],
            [
                "Warm & Cozy Sheets",
                "/browse/home/warm-cozy-sheets/4044_539103_5055527_9461375"
            ]
        ]
    },
    {
        "title": "Better Homes & Gardens Reversible Grey Stripes Shower Curtain",
        "url": "https://www.walmart.com/ip/Better-Homes-Gardens-Reversible-Grey-Stripes-Shower-Curtain/322956495",
        "price": "$19.88",
        "stars": "4.6",
        "ratings": "50 ",
        "img": "",
        "tags": [
            [
                "Teens' Shower Curtains & Hooks",
                "/browse/home/teens-shower-curtains-hooks/4044_1156136_1156137_1156140"
            ],
            [
                "Bathroom Sets",
                "/browse/home/bathroom-sets/4044_539095_1481425"
            ],
            [
                "Shower Curtain Sets",
                "/browse/home/shower-curtain-sets/4044_539095_2141805_2005808"
            ],
            [
                "Dorm Bath & Laundry",
                "/browse/home/dorm-bath-laundry/4044_1225301_1225229_3339158"
            ],
            [
                "Shower Curtain Liners",
                "/browse/home/shower-curtain-liners/4044_539095_2141805_3396784"
            ],
            [
                "White Shower Curtains",
                "/browse/home/white-shower-curtains/4044_539095_2141805_5102000"
            ],
            [
                "Dorm Bath Essentials",
                "/browse/home/dorm-bath-essentials/4044_1225301_1225229_8079634_7293738"
            ],
            [
                "Fabric Shower Curtains",
                "/browse/home/fabric-shower-curtains/4044_539095_2141805_8715072"
            ]
        ]
    },
    {
        "title": "Mainstays Winfield 20 Piece Stainless Steel Flatware Set",
        "url": "https://www.walmart.com/ip/Mainstays-Winfield-20-Piece-Stainless-Steel-Flatware-Set/172553975",
        "price": "$9.97",
        "stars": "4.2",
        "ratings": "9 ",
        "img": "i5.walmartimages.com/asr/08187b95-1de0-4b89-a4f6-01385f0a29b7_3.8c544c183f76ae5485b1e1b7a9289ac9.jpeg?odnWidth=612&odnHeight=612&odnBg=ffffff",
        "tags": [
            [
                "Drawers & Cabinet Organizers",
                "/browse/home/drawers-cabinet-organizers/4044_623679_1032619_1075864"
            ],
            [
                "Dinnerware & Serving Storage",
                "/browse/home/dinnerware-serving-storage/4044_623679_1032619_1075865"
            ],
            [
                "Utensils",
                "/browse/home/utensils/4044_1225301_1225229_1225238_1230038"
            ],
            [
                "20-Piece Flatware Sets",
                "/browse/home/20-piece-flatware-sets/4044_623679_639999_2073814_3532854"
            ],
            [
                "Utensil Holders",
                "/browse/home/utensil-holders/4044_623679_1032619_8348055"
            ],
            [
                "Dorm Dining Essentials",
                "/browse/home/dorm-dining-essentials/4044_1225301_1225229_8079634_8700307"
            ],
            [
                "45-Piece Flatware Sets",
                "/browse/home/45-piece-flatware-sets/4044_623679_639999_2073814_9822601"
            ],
            [
                "Dorm Dining & Hydration",
                "/browse/home/dorm-dining-hydration/4044_1225301_1225229_9951877"
            ]
        ]
    },
    {
        "title": "Safavieh Hudson Amias Geometric Shag Area Rug or Runner",
        "url": "https://www.walmart.com/ip/Safavieh-Hudson-Amias-Geometric-Shag-Area-Rug-or-Runner/48084625",
        "price": "$414.38",
        "stars": "4.8",
        "ratings": "249 ",
        "img": "i5.walmartimages.com/asr/dd96cf85-4ce4-49dd-8d02-cf7fafb337f3_4.e2b80d244274f683f4d51680ab2be02c.jpeg?odnWidth=612&odnHeight=612&odnBg=ffffff",
        "tags": [
            [
                "Area Rugs for All Rooms",
                "/browse/home/area-rugs-for-all-rooms/4044_133012_110892_6718514_4001684_1541827"
            ],
            [
                "All Area Rug Shapes",
                "/browse/home/all-area-rug-shapes/4044_133012_110892_6718514_5047521_2067299"
            ],
            [
                "All Area Rug Brands",
                "/browse/home/all-area-rug-brands/4044_133012_110892_6718514_1798516_2632865"
            ],
            [
                "Area Rugs in All Patterns",
                "/browse/home/area-rugs-in-all-patterns/4044_133012_110892_6718514_6050557_3695557"
            ],
            [
                "Area Rugs in All Weaves",
                "/browse/home/area-rugs-in-all-weaves/4044_133012_110892_6718514_3462382_5727890"
            ],
            [
                "Area Rugs in All Colors",
                "/browse/home/area-rugs-in-all-colors/4044_133012_110892_6718514_1588657_6827320"
            ],
            [
                "Area Rugs in All Materials",
                "/browse/home/area-rugs-in-all-materials/4044_133012_110892_6718514_3513491_9396808"
            ],
            [
                "All Area Rug Sizes",
                "/browse/home/all-area-rug-sizes/4044_133012_110892_6718514_3167309_9543015"
            ]
        ]
    },
    {
        "title": "Better Homes & Gardens Decorative Throw Pillow, Chevron, 18\"",
        "url": "https://www.walmart.com/ip/Better-Homes-Gardens-Decorative-Throw-Pillow-Chevron-18/308549343",
        "price": "$12.87",
        "stars": "4.0",
        "ratings": "41 ",
        "img": "i5.walmartimages.com/asr/90f12890-9de7-43ec-ad66-c111e2ceccbb_2.513a8b5cca501bb4d2c6753789480961.jpeg?odnWidth=612&odnHeight=612&odnBg=ffffff",
        "tags": [
            [
                "Decorative Throw Pillows",
                "/browse/home/decorative-throw-pillows/4044_133012_5991909_127715"
            ],
            [
                "Fall Pillows",
                "/browse/home/fall-pillows/4044_2634414_9573311_1790882"
            ],
            [
                "Teens' Decorative Pillows",
                "/browse/home/teens-decorative-pillows/4044_1156136_1156152_2440841"
            ],
            [
                "Better Homes & Gardens Decor",
                "/browse/home/better-homes-gardens-decor/4044_133012_2786769"
            ],
            [
                "MoDRN Decorative Accents",
                "/browse/home/modrn-decorative-accents/4044_1225301_2098546_3580320_3047664"
            ],
            [
                "Fall Indoor Decor",
                "/browse/home/fall-indoor-decor/4044_2634414_9573311_3931477"
            ],
            [
                "Decorative Pillow Covers",
                "/browse/home/decorative-pillow-covers/4044_133012_5991909_5188883"
            ],
            [
                "Shop All Fall Decor",
                "/browse/home/shop-all-fall-decor/4044_2634414_9573311_6851606"
            ]
        ]
    },
    {
        "title": "Rubbermaid, Brilliance Pantry Organization and Food Storage Container with Airtight Lid, 19.9 Cup",
        "url": "https://www.walmart.com/ip/Rubbermaid-Brilliance-Pantry-Organization-and-Food-Storage-Container-with-Airtight-Lid-19-9-Cup/976053670",
        "price": "$17.81",
        "stars": "4.0",
        "ratings": "264 ",
        "img": "i5.walmartimages.com/asr/0fd9c56d-78c9-471c-95de-8aa384ca8e51_1.b1a8d692156ffabd1c50daa6b07713d9.jpeg?odnWidth=612&odnHeight=612&odnBg=ffffff",
        "tags": [
            [
                "Counter Organizers",
                "/browse/home/counter-organizers/4044_623679_1032619_1032621"
            ],
            [
                "Coffee Storage",
                "/browse/home/coffee-storage/4044_623679_1032619_2669816"
            ],
            [
                "Shop All Food Storage Containers",
                "/browse/home/shop-all-food-storage-containers/4044_623679_1032619_5842891_2687119"
            ],
            [
                "Kitchen Canisters",
                "/browse/home/kitchen-canisters/4044_623679_1032619_5842891_2867332"
            ],
            [
                "Rubbermaid Food Storage",
                "/browse/home/rubbermaid-food-storage/4044_623679_1032619_5842891_3368294"
            ],
            [
                "Meal Prep Containers",
                "/browse/home/meal-prep-containers/4044_623679_1032619_5842891_8561628"
            ],
            [
                "Dorm Dining Essentials",
                "/browse/home/dorm-dining-essentials/4044_1225301_1225229_8079634_8700307"
            ],
            [
                "Dorm Dining & Hydration",
                "/browse/home/dorm-dining-hydration/4044_1225301_1225229_9951877"
            ]
        ]
    },
    {
        "title": "Garland Rug Traditional Soft & Plush Solid Chili Pepper Red Washable Nylon 24\"x40\" Bathroom Rug",
        "url": "https://www.walmart.com/ip/Garland-Rug-Traditional-Soft-Plush-Solid-Chili-Pepper-Red-Washable-Nylon-24-x40-Bathroom-Rug/24460763",
        "price": "$14.97",
        "stars": "4.7",
        "ratings": "78 ",
        "img": "i5.walmartimages.com/asr/f7b1b1dc-cc9d-4181-a428-38d0bc27e5d4.c87dfb7ceb18f2d382ec8f561417e83e.jpeg?odnWidth=612&odnHeight=612&odnBg=ffffff",
        "tags": [
            [
                "Bathroom Rug Sets",
                "/browse/home/bathroom-rug-sets/4044_539095_920259_1753813"
            ],
            [
                "Bathroom Rugs",
                "/browse/home/bathroom-rugs/4044_539095_920259_2453408"
            ],
            [
                "Memory Foam Bath Mats",
                "/browse/home/memory-foam-bath-mats/4044_539095_920259_4950967"
            ],
            [
                "Fashion Bath Rugs",
                "/browse/home/fashion-bath-rugs/4044_539095_920259_6268946"
            ],
            [
                "Kids' Bath Rugs",
                "/browse/home/kids-bath-rugs/4044_539095_5586777_6667078"
            ],
            [
                "Non-Slip Bath Mats",
                "/browse/home/non-slip-bath-mats/4044_539095_920259_6970794"
            ],
            [
                "Teens' Bathroom",
                "/browse/home/teens-bathroom/4044_1156136_9411830"
            ]
        ]
    },
    {
        "title": "Mr. Coffee 12 Cup Electric Black Coffee Grinder with Multiple Settings",
        "url": "https://www.walmart.com/ip/Mr-Coffee-12-Cup-Electric-Black-Coffee-Grinder-with-Multiple-Settings/2593964",
        "price": "$40.51",
        "stars": "4.2",
        "ratings": "699 ",
        "img": "",
        "tags": [
            [
                "French Presses",
                "/browse/home/french-presses/4044_90548_90546_1115306_2455987"
            ],
            [
                "Burr Coffee Grinders",
                "/browse/home/burr-coffee-grinders/4044_90548_90546_2971264_2701467"
            ],
            [
                "Dorm Appliances",
                "/browse/home/dorm-appliances/4044_1225301_1225229_4267503"
            ],
            [
                "KitchenAid Coffee Grinders",
                "/browse/home/kitchenaid-coffee-grinders/4044_1225301_8679660_6686231"
            ],
            [
                "Krups",
                "/browse/home/krups/4044_1225301_9409401_7069980"
            ],
            [
                "Coffee Grinders",
                "/browse/home/coffee-grinders/4044_90548_90546_1115306_7654310"
            ],
            [
                "KitchenAid",
                "/browse/home/kitchenaid/4044_1225301_9409401_7708390"
            ]
        ]
    },
    {
        "title": "All Season Down Alternative Comforter Set- 2pc Box Stitched Reversible Comforter with One Sham -Quilted Duvet Insert with Corner Tabs - Hypoallergenic, Supersoft, Wrinkle Resistant - Navy Twin Size",
        "url": "https://www.walmart.com/ip/All-Season-Down-Alternative-Comforter-Set-2pc-Box-Stitched-Reversible-One-Sham-Quilted-Duvet-Insert-Corner-Tabs-Hypoallergenic-Supersoft-Wrinkle-Resi/871104335",
        "price": "$29.99",
        "stars": "4.7",
        "ratings": "238 ",
        "img": "i5.walmartimages.com/asr/af536cba-7d75-4437-ad80-608306c771fc_1.664855aeccfd3d48bbcd10cd62a87722.jpeg?odnWidth=612&odnHeight=612&odnBg=ffffff",
        "tags": [
            [
                "Grey Comforters",
                "/browse/home/grey-comforters/4044_539103_1995847_2463602"
            ],
            [
                "Twin Comforters",
                "/browse/home/twin-comforters/4044_539103_1995847_2480642"
            ],
            [
                "Bed-in-a-Bag Sets",
                "/browse/home/bed-in-a-bag-sets/4044_539103_9474113_3388004"
            ],
            [
                "Down Alternative Comforters",
                "/browse/home/down-alternative-comforters/4044_539103_1095008_4384332"
            ],
            [
                "Comforters",
                "/browse/home/comforters/4044_539103_4754"
            ],
            [
                "Queen Comforters",
                "/browse/home/queen-comforters/4044_539103_1995847_5811928"
            ],
            [
                "Down & Down Alternative Comforters",
                "/browse/home/down-down-alternative-comforters/4044_539103_1095008_6184046"
            ],
            [
                "Blue Comforters",
                "/browse/home/blue-comforters/4044_539103_1995847_7238240"
            ]
        ]
    }
]