[
    {
        "title": "George Foreman 15+ Serving Indoor/Outdoor Electric Grill, Gun Metal, GFO240GM",
        "url": "https://www.walmart.com/ip/George-Foreman-15-Serving-Indoor-Outdoor-Electric-Grill-Gun-Metal-GFO240GM/43966519",
        "price": "$74.99",
        "stars": "4.6",
        "ratings": "1369 ",
        "img": "",
        "tags": [
            [
                "Smokeless Indoor Grills",
                "/browse/home/smokeless-indoor-grills/4044_90548_90546_4828_1273552"
            ],
            [
                "Best Indoor Grills",
                "/browse/home/best-indoor-grills/4044_90548_90546_4828_3895034"
            ],
            [
                "Small kitchen ideas",
                "/browse/home/small-kitchen-ideas/4044_1879527_9330810_4641057"
            ],
            [
                "George Foreman Grills",
                "/browse/home/george-foreman-grills/4044_90548_90546_4828_7565979"
            ],
            [
                "Electric Griddles",
                "/browse/home/electric-griddles/4044_90548_90546_4828_8095122"
            ],
            [
                "Dorm Dining Essentials",
                "/browse/home/dorm-dining-essentials/4044_1225301_1225229_8079634_8700307"
            ],
            [
                "Hot Dog Warmers",
                "/browse/home/hot-dog-warmers/4044_90548_90546_133025_9037557"
            ],
            [
                "Panini Presses",
                "/browse/home/panini-presses/4044_90548_90546_4828_9983501"
            ]
        ]
    },
    {
        "title": "Frigidaire Retro 3.2 Cu Ft Two Door Mini Fridge with Freezer, Red",
        "url": "https://www.walmart.com/ip/Frigidaire-Retro-3-2-Cu-Ft-Two-Door-Mini-Fridge-with-Freezer-Red/981589170",
        "price": "$169.99",
        "stars": "4.0",
        "ratings": "292 ",
        "img": "i5.walmartimages.com/asr/a1c49bdb-23d5-41bf-a1de-1f3cbb654441_1.2a22887953801e4c89757832886f886c.jpeg?odnWidth=612&odnHeight=612&odnBg=ffffff",
        "tags": [
            [
                "Mini Fridges with Freezers",
                "/browse/home/mini-fridges-with-freezers/4044_90548_9963786_8103923_2157715"
            ],
            [
                "All Mini Fridges & Compact Refrigerators",
                "/browse/home/all-mini-fridges-compact-refrigerators/4044_90548_9963786_8103923_3887893"
            ],
            [
                "Dorm Appliances",
                "/browse/home/dorm-appliances/4044_1225301_1225229_4267503"
            ],
            [
                "Frigidaire Mini Fridges",
                "/browse/home/frigidaire-mini-fridges/4044_90548_9963786_4603269"
            ],
            [
                "Small kitchen ideas",
                "/browse/home/small-kitchen-ideas/4044_1879527_9330810_4641057"
            ],
            [
                "Shop All Refrigerator Brands",
                "/browse/home/shop-all-refrigerator-brands/4044_90548_9963786_8528006_5610417"
            ],
            [
                "Dorm Dining Essentials",
                "/browse/home/dorm-dining-essentials/4044_1225301_1225229_8079634_8700307"
            ],
            [
                "Garage Fridge",
                "/browse/home/garage-fridge/4044_90548_9963786_9145073"
            ]
        ]
    },
    {
        "title": "Crock-Pot The Original Slow Cooker, 5-Quart, Stainless Steel (SCR500-SP)",
        "url": "https://www.walmart.com/ip/Crock-Pot-The-Original-Slow-Cooker-5-Quart-Stainless-Steel-SCR500-SP/19633718",
        "price": "$27.52",
        "stars": "4.5",
        "ratings": "175 ",
        "img": "",
        "tags": [
            [
                "Crock-Pot Express",
                "/browse/home/crock-pot-express/4044_90548_90546_4829_2851893"
            ],
            [
                "Pressure Cookers",
                "/browse/home/pressure-cookers/4044_90548_90546_3206242"
            ],
            [
                "Hamilton Beach Slow Cookers",
                "/browse/home/hamilton-beach-slow-cookers/4044_90548_90546_4829_3375247"
            ],
            [
                "Small kitchen ideas",
                "/browse/home/small-kitchen-ideas/4044_1879527_9330810_4641057"
            ],
            [
                "Big Game",
                "/browse/home/big-game/4044_90548_5023046"
            ],
            [
                "Toaster & Ovens Parts & Accessories",
                "/browse/home/toaster-ovens-parts-accessories/4044_90548_90546_2971264_7244826"
            ],
            [
                "Shop All Slow Cookers",
                "/browse/home/shop-all-slow-cookers/4044_90548_90546_4829_7337075"
            ],
            [
                "Pots",
                "/browse/home/pots/4044_623679_8140341_9059354"
            ]
        ]
    },
    {
        "title": "Armor All 12V Wet/Dry Bagless Car Vacuum, AA12V1 0902",
        "url": "https://www.walmart.com/ip/Armor-All-12V-Wet-Dry-Bagless-Car-Vacuum-AA12V1-0902/115409432",
        "price": "$22.88",
        "stars": "3.1",
        "ratings": "55 ",
        "img": "i5.walmartimages.com/asr/bd71ff5e-7eeb-4cdd-905d-106deb46353a_1.f0533dbbfe269f48130da685016ff34e.jpeg?odnWidth=612&odnHeight=612&odnBg=ffffff",
        "tags": [
            [
                "Black+Decker Handheld Vacuums",
                "/browse/home/blackdecker-handheld-vacuums/4044_90548_4047_2689592"
            ],
            [
                "Best Cordless Vacuums",
                "/browse/home/best-cordless-vacuums/4044_90548_4047_2937675"
            ],
            [
                "Best Handheld Vacuums",
                "/browse/home/best-handheld-vacuums/4044_90548_4047_3081955"
            ],
            [
                "Dorm Floorcare",
                "/browse/home/dorm-floorcare/4044_1225301_1225229_3660956"
            ],
            [
                "Dustbusters",
                "/browse/home/dustbusters/4044_90548_4047_5629802"
            ],
            [
                "Cordless Vacuums",
                "/browse/home/cordless-vacuums/4044_90548_4047_5775266"
            ],
            [
                "Car Vacuums",
                "/browse/home/car-vacuums/4044_90548_4047_6171275"
            ],
            [
                "Best Handheld Cordless Vacuums",
                "/browse/home/best-handheld-cordless-vacuums/4044_90548_4047_7631374"
            ]
        ]
    },
    {
        "title": "BLACK+DECKER 12-Cup* Replacement Carafe, Glass, GC3000B-T",
        "url": "https://www.walmart.com/ip/BLACK-DECKER-12-Cup-Replacement-Carafe-Glass-GC3000B-T/14913109",
        "price": "$11.96",
        "stars": "3.8",
        "ratings": "346 ",
        "img": "i5.walmartimages.com/asr/ad62a063-cb24-40dc-b892-e84bfec2efa2_1.d1a2a52c45b827d07ff71f3aec4e9491.jpeg?odnWidth=612&odnHeight=612&odnBg=ffffff",
        "tags": [
            [
                "Other Cooking Appliances",
                "/browse/home/other-cooking-appliances/4044_90548_90546_1043766"
            ],
            [
                "Kitchen Appliances",
                "/browse/home/kitchen-appliances/4044_1225301_1225229_1225238_1230030"
            ],
            [
                "Coffee Prep",
                "/browse/home/coffee-prep/4044_623679_133020_1338742"
            ],
            [
                "Coffee Makers",
                "/browse/home/coffee-makers/4044_90548_90546_1115306_5438660"
            ],
            [
                "Coffee Decanters & Carafes",
                "/browse/home/coffee-decanters-carafes/4044_90548_90546_2971264_5689141"
            ],
            [
                "Bar Serveware & Storage",
                "/browse/home/bar-serveware-storage/4044_623679_639999_6972768_6824393"
            ],
            [
                "Krups",
                "/browse/home/krups/4044_1225301_9409401_7069980"
            ]
        ]
    },
    {
        "title": "Kenmore BC4026 Bagged Canister Vacuum, Blue",
        "url": "https://www.walmart.com/ip/Kenmore-BC4026-Bagged-Canister-Vacuum-Blue/249775877",
        "price": "$279.99",
        "stars": "4.4",
        "ratings": "108 ",
        "img": "i5.walmartimages.com/asr/d6d39023-8e6c-4f4b-99ff-bb658efc946c_1.1f2831135487835ade22ef2a6dea19a3.jpeg?odnWidth=612&odnHeight=612&odnBg=ffffff",
        "tags": [
            [
                "Best Cordless Vacuums",
                "/browse/home/best-cordless-vacuums/4044_90548_4047_2937675"
            ],
            [
                "Vacuum Cleaners",
                "/browse/home/vacuum-cleaners/4044_90548_4047_3525958"
            ],
            [
                "Dorm Floorcare",
                "/browse/home/dorm-floorcare/4044_1225301_1225229_3660956"
            ],
            [
                "Bissell Vacuums",
                "/browse/home/bissell-vacuums/4044_90548_4047_5800318"
            ],
            [
                "Bissell Canister Vacuums",
                "/browse/home/bissell-canister-vacuums/4044_90548_4047_8600952"
            ],
            [
                "Kenmore Canisters",
                "/browse/home/kenmore-canisters/4044_90548_4047_7589901_9003822"
            ],
            [
                "Kenmore Vacuum Accessories",
                "/browse/home/kenmore-vacuum-accessories/4044_90548_4047_9179089"
            ],
            [
                "Kenmore Canister Vacuums",
                "/browse/home/kenmore-canister-vacuums/4044_90548_4047_9557517"
            ]
        ]
    },
    {
        "title": "Chefman 1.7 Liter Electric Glass Tea Kettle with One Touch Easy Operation",
        "url": "https://www.walmart.com/ip/Chefman-1-7-Liter-Electric-Glass-Tea-Kettle-with-One-Touch-Easy-Operation/129322502",
        "price": "$24.99",
        "stars": "4.6",
        "ratings": "17 ",
        "img": "i5.walmartimages.com/asr/6aa55ad9-381e-4f4a-bef4-5ae122a841e4_1.1d9c1e95384b2a3e5881b365cd0e087f.jpeg?odnWidth=612&odnHeight=612&odnBg=ffffff",
        "tags": [
            [
                "Sandwich Makers & Panini Press",
                "/browse/home/sandwich-makers-panini-press/4044_90548_90546_4828_1967326"
            ],
            [
                "Food Warmers",
                "/browse/home/food-warmers/4044_90548_90546_133025_2381756"
            ],
            [
                "Dorm Appliances",
                "/browse/home/dorm-appliances/4044_1225301_1225229_4267503"
            ],
            [
                "Small kitchen ideas",
                "/browse/home/small-kitchen-ideas/4044_1879527_9330810_4641057"
            ],
            [
                "Sandwich Makers",
                "/browse/home/sandwich-makers/4044_90548_90546_4828_5028228"
            ],
            [
                "Egg Cookers",
                "/browse/home/egg-cookers/4044_90548_90546_133025_7299968"
            ],
            [
                "Immersion Blenders",
                "/browse/home/immersion-blenders/4044_90548_90546_4831_8035440"
            ],
            [
                "Indoor Grills",
                "/browse/home/indoor-grills/4044_90548_90546_4828_9963034"
            ]
        ]
    },
    {
        "title": "Resolve Ultra for Pet Messes, 3X Concentrated Machine Formula, 48oz",
        "url": "https://www.walmart.com/ip/Resolve-Ultra-for-Pet-Messes-3X-Concentrated-Machine-Formula-48oz/396791846",
        "price": "$19.97",
        "stars": "4.5",
        "ratings": "6 ",
        "img": "i5.walmartimages.com/asr/f18e7e5d-1537-49d1-b1bc-52dea1642234_1.d1cfa97dbf164dab65418f9b8c1fc3ec.jpeg?odnWidth=612&odnHeight=612&odnBg=ffffff",
        "tags": [
            [
                "Bathroom Cleaners",
                "/browse/household-essentials/bathroom-cleaners/1115193_1071965_1072125"
            ],
            [
                "All-Purpose Cleaners",
                "/browse/household-essentials/all-purpose-cleaners/1115193_1071966_1072133"
            ],
            [
                "Pet Carpet Cleaners",
                "/browse/household-essentials/pet-carpet-cleaners/1115193_1071966_1073104_1795377"
            ],
            [
                "Upholstery and Leather Care",
                "/browse/household-essentials/upholstery-leather-care/1115193_1071966_4836020_1863064"
            ],
            [
                "Toilet Bowl Cleaners",
                "/browse/household-essentials/toilet-bowl-cleaners/1115193_1071966_2600011"
            ],
            [
                "Floor Cleaner Sprays",
                "/browse/household-essentials/floor-cleaner-sprays/1115193_1071966_1073104_4420684"
            ],
            [
                "All Great Value",
                "/browse/household-essentials/all-great-value/1115193_8250903_3495493_8586384"
            ]
        ]
    },
    {
        "title": "Deflecto\u00ae 4\" Worm Drive Clamps, 2 Pk",
        "url": "https://www.walmart.com/ip/Deflecto-4-Worm-Drive-Clamps-2-Pk/17165200",
        "price": "$2.47",
        "stars": "4.9",
        "ratings": "15 ",
        "img": "",
        "tags": [
            [
                "Decorative Night Lights",
                "/browse/home/decorative-night-lights/4044_133012_133113_9240383_1811717"
            ],
            [
                "Dryer Lint Screens",
                "/browse/home/dryer-lint-screens/4044_90548_1231929_2242938_2109874"
            ],
            [
                "Night Lights",
                "/browse/home/night-lights/4044_133012_133113_5290384"
            ],
            [
                "LED Night Lights",
                "/browse/home/led-night-lights/4044_133012_133113_9240383_5741701"
            ],
            [
                "Shop All Night Lights",
                "/browse/home/shop-all-night-lights/4044_133012_133113_9240383_6193995"
            ],
            [
                "Dryer Replacement Vents",
                "/browse/home/dryer-replacement-vents/4044_90548_1231929_2242938_6576691"
            ],
            [
                "Range Hood Filters",
                "/browse/home/range-hood-filters/4044_90548_1231929_1777555_8053092"
            ],
            [
                "Dishwasher Hoses",
                "/browse/home/dishwasher-hoses/4044_90548_1231929_5403664_8845649"
            ]
        ]
    },
    {
        "title": "FoodSaver FM2000 Vacuum Sealer Starter System with Bags",
        "url": "https://www.walmart.com/ip/FoodSaver-FM2000-Vacuum-Sealer-Starter-System-with-Bags/40483841",
        "price": "$89.00",
        "stars": "4.1",
        "ratings": "819 ",
        "img": "i5.walmartimages.com/asr/f397f8dd-9740-4c7c-8a94-4d631653a169_1.c69370e98cd98e2359dd4a92ed0e4a97.jpeg?odnWidth=612&odnHeight=612&odnBg=ffffff",
        "tags": [
            [
                "Food Savers & Accessories",
                "/browse/home/food-savers-accessories/4044_623679_1032619_1033059"
            ],
            [
                "Lunch Boxes",
                "/browse/home/lunch-boxes/4044_623679_1032619_2617828_2778265"
            ],
            [
                "Shop All Lunch Boxes & Lunch Bags",
                "/browse/home/shop-all-lunch-boxes-lunch-bags/4044_623679_1032619_2617828_3206877"
            ],
            [
                "Rubbermaid Food Storage",
                "/browse/home/rubbermaid-food-storage/4044_623679_1032619_5842891_3368294"
            ],
            [
                "Lunch Boxes & Bags",
                "/browse/home/lunch-boxes-bags/4044_623679_1032619_8004747"
            ],
            [
                "Lunch Bags",
                "/browse/home/lunch-bags/4044_623679_1032619_2617828_8027459"
            ],
            [
                "Dorm Dining Essentials",
                "/browse/home/dorm-dining-essentials/4044_1225301_1225229_8079634_8700307"
            ],
            [
                "FoodSaver Vacuum Sealers",
                "/browse/home/foodsaver-vacuum-sealers/4044_90548_90546_133025_9670192"
            ]
        ]
    }
]