[
    {
        "title": "Himalayan Salt Lamp - Natural Hand Carved Himalayan Orange Salt Lamp, 5-7 lbs",
        "url": "https://www.walmart.com/ip/Himalayan-Salt-Lamp-Natural-Hand-Carved-Himalayan-Orange-Salt-Lamp-5-7-lbs/21285551",
        "price": "$12.96",
        "stars": "4.4",
        "ratings": "681 ",
        "img": "i5.walmartimages.com/asr/504e92fe-8f28-4655-919c-386101240930_1.092b2d17632a8c09442dd1ff81fd85bd.jpeg?odnWidth=612&odnHeight=612&odnBg=ffffff",
        "tags": [
            [
                "Decorative Night Lights",
                "/browse/home/decorative-night-lights/4044_133012_133113_9240383_1811717"
            ],
            [
                "Best Bedroom Products if You Can't Sleep",
                "/browse/home/best-bedroom-products-if-you-cant-sleep/4044_1225301_2271072_2074145"
            ],
            [
                "Shop All Salt Lamps",
                "/browse/home/shop-all-salt-lamps/4044_133012_133113_8132195_6966866_2779208"
            ],
            [
                "Kitchen Wedding Registry",
                "/browse/home/kitchen-wedding-registry/4044_623679_3700962"
            ],
            [
                "Bakeware Sets",
                "/browse/home/bakeware-sets/4044_623679_8455465_3756894"
            ],
            [
                "Shop All Novelty Lights",
                "/browse/home/shop-all-novelty-lights/4044_133012_133113_8132195_4953307"
            ],
            [
                "Shop All Fall Decor",
                "/browse/home/shop-all-fall-decor/4044_2634414_9573311_6851606"
            ],
            [
                "Dorm Dining & Hydration",
                "/browse/home/dorm-dining-hydration/4044_1225301_1225229_9951877"
            ]
        ]
    },
    {
        "title": "Proman Products Galaxy Indoor and Outdoor 3 Panel Room Divider, 71\" Tall, Gray",
        "url": "https://www.walmart.com/ip/Proman-Products-Galaxy-Indoor-and-Outdoor-3-Panel-Room-Divider-71-Tall-Gray/466121193",
        "price": "$125.99",
        "stars": "4.0",
        "ratings": "14 ",
        "img": "i5.walmartimages.com/asr/1885d0f1-e3a9-44e9-81e8-bf114b13462f_1.b7cabc1dfb2e9eb2c1c7f9722c1bce4c.jpeg?odnWidth=612&odnHeight=612&odnBg=ffffff",
        "tags": [
            [
                "Partitions & Panels",
                "/browse/home/partitions-panels/4044_103150_97116_1071224_1072398"
            ],
            [
                "Natural Elements-Decor",
                "/browse/home/natural-elements-decor/4044_1225301_1224843_1224864_1224780"
            ],
            [
                "Refrigerator Water Valves",
                "/browse/home/refrigerator-water-valves/4044_90548_1231929_1231931_1603386"
            ],
            [
                "Samsung",
                "/browse/home/samsung/4044_90548_1231929_1660065"
            ],
            [
                "Wooden Room Dividers",
                "/browse/home/wooden-room-dividers/4044_133012_4345532"
            ],
            [
                "Dinnerware Sets",
                "/browse/home/dinnerware-sets/4044_623679_639999_489706"
            ],
            [
                "Shop All Bar Stools & Counter Stools",
                "/browse/home/shop-all-bar-stools-counter-stools/4044_103150_4037_8102642_5435701"
            ],
            [
                "Bar Stools",
                "/browse/home/bar-stools/4044_103150_4037_8102642_6096890"
            ]
        ]
    },
    {
        "title": "Subrtex Stretch Textured Grid Furniture Seat Cushion Slipcover (Armchair, Ivory)",
        "url": "https://www.walmart.com/ip/Subrtex-Stretch-Textured-Grid-Furniture-Seat-Cushion-Slipcover-Armchair-Ivory/297818752",
        "price": "$9.99",
        "stars": "4.6",
        "ratings": "76 ",
        "img": "i5.walmartimages.com/asr/32ff841d-98bb-42b3-af59-33f2ee60e474_1.a9c9f05c68abefa96cb1ea9368005162.jpeg?odnWidth=612&odnHeight=612&odnBg=ffffff",
        "tags": [
            [
                "Couch Covers",
                "/browse/home/couch-covers/4044_133012_1372968_1278006"
            ],
            [
                "Slipcovers",
                "/browse/home/slipcovers/4044_133012_163983"
            ],
            [
                "Recliner Chair Covers",
                "/browse/home/recliner-chair-covers/4044_133012_1372968_4044138"
            ],
            [
                "Wing Chair Covers",
                "/browse/home/wing-chair-covers/4044_133012_1372968_5013426"
            ],
            [
                "Pet Furniture Covers",
                "/browse/home/pet-furniture-covers/4044_133012_1372968_5412275"
            ],
            [
                "Dining Chair Covers",
                "/browse/home/dining-chair-covers/4044_133012_1372968_7460872"
            ],
            [
                "Loveseat Covers",
                "/browse/home/loveseat-covers/4044_133012_1372968_8413201"
            ],
            [
                "Ottoman Covers",
                "/browse/home/ottoman-covers/4044_133012_1372968_8764608"
            ]
        ]
    },
    {
        "title": "Better Homes & Gardens Spice Grid Area Rug",
        "url": "https://www.walmart.com/ip/Better-Homes-Gardens-Spice-Grid-Area-Rug/361348347",
        "price": "$84.87",
        "stars": "4.8",
        "ratings": "409 ",
        "img": "i5.walmartimages.com/asr/b355f103-3ed1-445d-94fd-58f28f88ac61_2.6f0b4c36983a42b3e2af17e9ce89f90d.jpeg?odnWidth=612&odnHeight=612&odnBg=ffffff",
        "tags": [
            [
                "3' x 5' Area Rugs",
                "/browse/home/3-x-5-area-rugs/4044_133012_110892_6718514_3167309_1987390"
            ],
            [
                "Contemporary Area Rugs",
                "/browse/home/contemporary-area-rugs/4044_133012_110892_6718514_4513083_3306134"
            ],
            [
                "Area Rugs Under 2' x 3'",
                "/browse/home/area-rugs-under-2-x-3/4044_133012_110892_6718514_3167309_3343710"
            ],
            [
                "Area Rugs in All Styles",
                "/browse/home/area-rugs-in-all-styles/4044_133012_110892_6718514_4513083_3684349"
            ],
            [
                "Area Rugs in All Weaves",
                "/browse/home/area-rugs-in-all-weaves/4044_133012_110892_6718514_3462382_5727890"
            ],
            [
                "2' x 3' Area Rugs",
                "/browse/home/2-x-3-area-rugs/4044_133012_110892_6718514_8448676"
            ],
            [
                "Modern Rugs",
                "/browse/home/modern-rugs/4044_133012_110892_6718514_4513083_8883425"
            ],
            [
                "Rectangle Area Rugs",
                "/browse/home/rectangle-area-rugs/4044_133012_110892_6718514_5047521_9979963"
            ]
        ]
    },
    {
        "title": "Phantoscope Soft Silky Velvet Series Decorative Throw Pillow, 18\u201d x 18\u201d, Turquoise, 2 Pack",
        "url": "https://www.walmart.com/ip/Phantoscope-Soft-Silky-Velvet-Series-Decorative-Throw-Pillow-18-x-18-Turquoise-2-Pack/826783037",
        "price": "$12.99",
        "stars": "4.4",
        "ratings": "121 ",
        "img": "i5.walmartimages.com/asr/343026b7-b74d-4b29-b8fd-536be28ceca5_1.a64e058cd8e7c8324cf252b7fe4a2682.jpeg?odnWidth=612&odnHeight=612&odnBg=ffffff",
        "tags": [
            [
                "Decorative Throw Pillows",
                "/browse/home/decorative-throw-pillows/4044_133012_5991909_127715"
            ],
            [
                "Fall Pillows",
                "/browse/home/fall-pillows/4044_2634414_9573311_1790882"
            ],
            [
                "Better Homes & Gardens Decor",
                "/browse/home/better-homes-gardens-decor/4044_133012_2786769"
            ],
            [
                "Fall Indoor Decor",
                "/browse/home/fall-indoor-decor/4044_2634414_9573311_3931477"
            ],
            [
                "Christmas Throw Pillows",
                "/browse/home/christmas-throw-pillows/4044_2634414_7472650_5678379_4217243"
            ],
            [
                "Decorative Pillow Covers",
                "/browse/home/decorative-pillow-covers/4044_133012_5991909_5188883"
            ],
            [
                "Shop All Fall Decor",
                "/browse/home/shop-all-fall-decor/4044_2634414_9573311_6851606"
            ],
            [
                "Dorm Bedding",
                "/browse/home/dorm-bedding/4044_1225301_1225229_9830377"
            ]
        ]
    },
    {
        "title": "Mainstays Museum 11\" x 14\" Matted for 8\" x 10\" Picture Frame, Black",
        "url": "https://www.walmart.com/ip/Mainstays-Museum-11-x-14-Matted-for-8-x-10-Picture-Frame-Black/54245406",
        "price": "$13.79",
        "stars": "4.7",
        "ratings": "63 ",
        "img": "i5.walmartimages.com/asr/3ab08b15-49cf-4702-8df0-794c10bedcd6_1.4ba1d2dc01ce416e21f9c24277315b2e.jpeg?odnWidth=612&odnHeight=612&odnBg=ffffff",
        "tags": [
            [
                "Teens' Wall Decor",
                "/browse/home/teens-wall-decor/4044_1156136_1156152_1157382"
            ],
            [
                "Wall Galleries",
                "/browse/home/wall-galleries/4044_1225301_1224843_1224822"
            ],
            [
                "Better Homes & Gardens Decor",
                "/browse/home/better-homes-gardens-decor/4044_133012_2786769"
            ],
            [
                "Farmhouse Decor",
                "/browse/home/farmhouse-decor/4044_9389313_6099882_4356478"
            ],
            [
                "Shop All Fall Decor",
                "/browse/home/shop-all-fall-decor/4044_2634414_9573311_6851606"
            ],
            [
                "Fall Candles",
                "/browse/home/fall-candles/4044_2634414_9573311_7123210"
            ],
            [
                "Dorm Decor",
                "/browse/home/dorm-decor/4044_1225301_1225229_7471338"
            ],
            [
                "Shop All Wall Decor",
                "/browse/home/shop-all-wall-decor/4044_133012_5208936_922699"
            ]
        ]
    },
    {
        "title": "Mainstays Plastic 15.5\" Industrial Gear Wall Clock in Aged Bronze",
        "url": "https://www.walmart.com/ip/Mainstays-Plastic-15-5-Industrial-Gear-Wall-Clock-in-Aged-Bronze/55426326",
        "price": "$11.74",
        "stars": "4.3",
        "ratings": "120 ",
        "img": "i5.walmartimages.com/asr/8232eb1e-66fe-4800-b456-c220c7d5f105_1.33e4e4a32b80cdad7d7d962c22dbb73a.jpeg?odnWidth=612&odnHeight=612&odnBg=ffffff",
        "tags": [
            [
                "Kids' Clocks",
                "/browse/home/kids-clocks/4044_1154295_1156072_1156232"
            ],
            [
                "Teens' Wall Decor",
                "/browse/home/teens-wall-decor/4044_1156136_1156152_1157382"
            ],
            [
                "Dorm Study Essentials",
                "/browse/home/dorm-study-essentials/4044_1225301_1225229_8079634_1921657"
            ],
            [
                "Shop All Kids' Decor",
                "/browse/home/shop-all-kids-decor/4044_1154295_1156072_2546143"
            ],
            [
                "Better Homes & Gardens Decor",
                "/browse/home/better-homes-gardens-decor/4044_133012_2786769"
            ],
            [
                "Farmhouse Decor",
                "/browse/home/farmhouse-decor/4044_9389313_6099882_4356478"
            ],
            [
                "Ocean Decor",
                "/browse/home/ocean-decor/4044_133012_5584707"
            ],
            [
                "Shop All Wall Decor",
                "/browse/home/shop-all-wall-decor/4044_133012_5208936_922699"
            ]
        ]
    },
    {
        "title": "Better Homes & Gardens French Country Vanilla Jar Candle, 22 oz",
        "url": "https://www.walmart.com/ip/Better-Homes-Gardens-French-Country-Vanilla-Jar-Candle-22-oz/793140825",
        "price": "$8.97",
        "stars": "4.5",
        "ratings": "93 ",
        "img": "i5.walmartimages.com/asr/703893ed-77d6-4f2b-b6f1-a25b9adbd6d4_2.28a199385108bfc1ba22596b92ee0553.jpeg?odnWidth=612&odnHeight=612&odnBg=ffffff",
        "tags": [
            [
                "Father's Day Electronics",
                "/browse/seasonal/fathers-day-electronics/1085632_1094344_2365074"
            ],
            [
                "Connected Dorm Room",
                "/browse/seasonal/connected-dorm-room/1085632_8174172_6292484_2548864"
            ],
            [
                "Shop All Glass",
                "/browse/seasonal/shop-all-glass/1085632_1071204_4976191"
            ],
            [
                "Mother's Day Electronics Gifts",
                "/browse/seasonal/mothers-day-electronics-gifts/1085632_1093554_5742102"
            ],
            [
                "Audio",
                "/browse/seasonal/audio/1085632_8174172_6292484_5759323"
            ],
            [
                "Stock up on Cleaning Supplies",
                "/browse/seasonal/stock-up-cleaning-supplies/1085632_9267270_6133729_6220803"
            ],
            [
                "Electronics Gifts for Grads",
                "/browse/seasonal/electronics-gifts-for-grads/1085632_1105121_7594959"
            ],
            [
                "Clean Living Air Fresheners",
                "/browse/seasonal/clean-living-air-fresheners/1085632_8154447_2606160_9816597"
            ]
        ]
    },
    {
        "title": "Mainstays 24x36 Basic Poster & Picture Frame, Black, Set of 2",
        "url": "https://www.walmart.com/ip/Mainstays-24x36-Basic-Poster-Picture-Frame-Black-Set-of-2/15778124",
        "price": "$23.99",
        "stars": "3.3",
        "ratings": "944 ",
        "img": "i5.walmartimages.com/asr/039548f7-47d5-4e33-8dac-c3f1ed7a88c7_1.ad69e8ee86ae87206d45267ffaa94b5f.jpeg?odnWidth=612&odnHeight=612&odnBg=ffffff",
        "tags": [
            [
                "Teens' Wall Decor",
                "/browse/home/teens-wall-decor/4044_1156136_1156152_1157382"
            ],
            [
                "Dorm Study Essentials",
                "/browse/home/dorm-study-essentials/4044_1225301_1225229_8079634_1921657"
            ],
            [
                "Small Living Room Ideas",
                "/browse/home/small-living-room-ideas/4044_103150_2880259_2662498"
            ],
            [
                "Dorm Storage Essentials",
                "/browse/home/dorm-storage-essentials/4044_1225301_1225229_8079634_3757167"
            ],
            [
                "Dorm Storage",
                "/browse/home/dorm-storage/4044_1225301_1225229_4364714"
            ],
            [
                "Dorm Room Essentials",
                "/browse/home/dorm-room-essentials/4044_1225301_1225229_7506721"
            ],
            [
                "Shop All Wall Decor",
                "/browse/home/shop-all-wall-decor/4044_133012_5208936_922699"
            ],
            [
                "All Kids' Chairs",
                "/browse/home/all-kids-chairs/4044_1154295_1155958_7203266_9300235"
            ]
        ]
    },
    {
        "title": "Mainstays Plastic 11.5\" Rustic Red Wall Clock",
        "url": "https://www.walmart.com/ip/Mainstays-Plastic-11-5-Rustic-Red-Wall-Clock/194452996",
        "price": "$8.94",
        "stars": "4.4",
        "ratings": "72 ",
        "img": "i5.walmartimages.com/asr/316fb6f1-8762-462b-a470-04477d72d8d9_1.3b940ccf926aaa90d6967f368406bb31.jpeg?odnWidth=612&odnHeight=612&odnBg=ffffff",
        "tags": [
            [
                "Teens' Wall Decor",
                "/browse/home/teens-wall-decor/4044_1156136_1156152_1157382"
            ],
            [
                "Dorm Study Essentials",
                "/browse/home/dorm-study-essentials/4044_1225301_1225229_8079634_1921657"
            ],
            [
                "Shop All Kids' Decor",
                "/browse/home/shop-all-kids-decor/4044_1154295_1156072_2546143"
            ],
            [
                "Better Homes & Gardens Decor",
                "/browse/home/better-homes-gardens-decor/4044_133012_2786769"
            ],
            [
                "Farmhouse Decor",
                "/browse/home/farmhouse-decor/4044_9389313_6099882_4356478"
            ],
            [
                "Ocean Decor",
                "/browse/home/ocean-decor/4044_133012_5584707"
            ],
            [
                "Shop All Wall Decor",
                "/browse/home/shop-all-wall-decor/4044_133012_5208936_922699"
            ]
        ]
    }
]