[
    {
        "title": "\"Bamboo Mattress Protector Hypoallergenic Waterproof Cover Pad\"",
        "url": "https://www.walmart.com/ip/Bamboo-Mattress-Protector-Hypoallergenic-Waterproof-Cover-Pad/855223540",
        "price": "$30.99",
        "stars": "4.9",
        "ratings": "11 ",
        "img": "i5.walmartimages.com/asr/26329ece-f7ed-4d0c-9275-2494be2ca7d4_1.7c8a1909b511ac273f6ad8b48b5fe292.jpeg?odnWidth=612&odnHeight=612&odnBg=ffffff",
        "tags": [
            [
                "Mattress Pads & Protectors & Toppers",
                "/browse/home/mattress-pads-protectors-toppers/4044_539103_133144"
            ],
            [
                "Fitted Mattress Protectors",
                "/browse/home/fitted-mattress-protectors/4044_539103_8022801_2727861"
            ],
            [
                "Cooling Mattress Protectors",
                "/browse/home/cooling-mattress-protectors/4044_539103_8022801_4168541"
            ],
            [
                "Mattress Protectors",
                "/browse/home/mattress-protectors/4044_103150_539386_4169411"
            ],
            [
                "Bed Bug Mattress Protectors",
                "/browse/home/bed-bug-mattress-protectors/4044_539103_8022801_5020852"
            ],
            [
                "Basic Mattress Pads & Protectors",
                "/browse/home/basic-mattress-pads-protectors/4044_539103_1095008_5670126"
            ],
            [
                "Twin Mattress Pads",
                "/browse/home/twin-mattress-pads/4044_539103_5947786_7046410"
            ],
            [
                "Zippered Mattress Protectors",
                "/browse/home/zippered-mattress-protectors/4044_539103_8022801_8929600"
            ]
        ]
    },
    {
        "title": "Original Bed Bug Blocker Zippered Box Spring Cover Protector",
        "url": "https://www.walmart.com/ip/Original-Bed-Bug-Blocker-Zippered-Box-Spring-Cover-Protector/42571985",
        "price": "$22.88",
        "stars": "3.5",
        "ratings": "4 ",
        "img": "",
        "tags": [
            [
                "Mattress Pads & Protectors & Toppers",
                "/browse/home/mattress-pads-protectors-toppers/4044_539103_133144"
            ],
            [
                "Waterproof Mattress Protectors",
                "/browse/home/waterproof-mattress-protectors/4044_539103_8022801_1583426"
            ],
            [
                "Mattress Protectors",
                "/browse/home/mattress-protectors/4044_103150_539386_4169411"
            ],
            [
                "Bed Bug Mattress Protectors",
                "/browse/home/bed-bug-mattress-protectors/4044_539103_8022801_5020852"
            ],
            [
                "Basic Mattress Pads & Protectors",
                "/browse/home/basic-mattress-pads-protectors/4044_539103_1095008_5670126"
            ],
            [
                "Mattress Covers & Protectors",
                "/browse/home/mattress-covers-protectors/4044_539103_7427099"
            ],
            [
                "Top Home Allergy Relief Products",
                "/browse/home/top-home-allergy-relief-products/4044_1225301_2271072_8428130"
            ],
            [
                "Zippered Mattress Protectors",
                "/browse/home/zippered-mattress-protectors/4044_539103_8022801_8929600"
            ]
        ]
    },
    {
        "title": "Best Price Mattress 3 Inch 5 Zone Topper with Lavender infused",
        "url": "https://www.walmart.com/ip/Best-Price-Mattress-3-Inch-5-Zone-Topper-with-Lavender-infused/476435788",
        "price": "$60.20",
        "stars": "4.5",
        "ratings": "47 ",
        "img": "i5.walmartimages.com/asr/ef01278d-da39-4ae6-949e-6395a15bb2f1_2.5082de613a8dc247647687f75dc0cbe6.jpeg?odnWidth=612&odnHeight=612&odnBg=ffffff",
        "tags": [
            [
                "Mattress Pads & Protectors & Toppers",
                "/browse/home/mattress-pads-protectors-toppers/4044_539103_133144"
            ],
            [
                "Best Mattresses & Bedding for Back Pain Relief",
                "/browse/home/best-mattresses-bedding-for-back-pain-relief/4044_1225301_2271072_2600956"
            ],
            [
                "Memory Foam Mattress Topper",
                "/browse/home/memory-foam-mattress-topper/4044_539103_1095008_6066022"
            ],
            [
                "Pillow Top Mattress Topper",
                "/browse/home/pillow-top-mattress-topper/4044_539103_1095008_7221911"
            ],
            [
                "Cooling Mattress Toppers",
                "/browse/home/cooling-mattress-toppers/4044_539103_1095008_7363426"
            ],
            [
                "Mattress Toppers",
                "/browse/home/mattress-toppers/4044_539103_1095008_7595276"
            ],
            [
                "Dorm Mattresses",
                "/browse/home/dorm-mattresses/4044_1225301_1225229_8094250"
            ],
            [
                "Gel Memory Foam Mattress Topper",
                "/browse/home/gel-memory-foam-mattress-topper/4044_539103_1095008_9823161"
            ]
        ]
    },
    {
        "title": "\"Twin Bed Connector \u00f1 Bed Doubling System Converts Twin to King - Join Twin Beds Safely and Securely with Easy-Buckle Strap \u00f1 by Bed N\u00ed Basics\"",
        "url": "https://www.walmart.com/ip/Twin-Bed-Connector-Bed-Doubling-System-Converts-Twin-to-King-Join-Twin-Beds-Safely-and-Securely-with-Easy-Buckle-Strap-by-Bed-N-Basics/393949660",
        "price": "$9.95",
        "stars": "4.2",
        "ratings": "10 ",
        "img": "i5.walmartimages.com/asr/4ec12cea-c2b3-452f-a5e0-cde79e5936e7_1.ebafba12ea8ad9351aa97dac5cc63c10.jpeg?odnWidth=612&odnHeight=612&odnBg=ffffff",
        "tags": [
            [
                "Bed Sheets",
                "/browse/home/bed-sheets/4044_539103_133061"
            ],
            [
                "Platform Bed Frames",
                "/browse/home/platform-bed-frames/4044_103150_102547_1612901_2129680"
            ],
            [
                "Shop all Bed Frames",
                "/browse/home/shop-all-bed-frames/4044_103150_102547_2727648"
            ],
            [
                "Queen Bed Frames",
                "/browse/home/queen-bed-frames/4044_103150_102547_1612901_3670601"
            ],
            [
                "Twin Beds",
                "/browse/home/twin-beds/4044_103150_102547_5949652_2014667_5628006"
            ],
            [
                "Full Bed Frames",
                "/browse/home/full-bed-frames/4044_103150_102547_1612901_7561545"
            ],
            [
                "Shop all Beds",
                "/browse/home/shop-all-beds/4044_103150_102547_91837_9216127"
            ]
        ]
    },
    {
        "title": "AllerEase Maximum Allergy & Bed Bug Protection Zippered Mattress Protector, Twin",
        "url": "https://www.walmart.com/ip/AllerEase-Maximum-Allergy-Bed-Bug-Protection-Zippered-Mattress-Protector-Twin/35656636",
        "price": "$49.99",
        "stars": "4.3",
        "ratings": "543 ",
        "img": "",
        "tags": [
            [
                "Mattress Pads & Protectors & Toppers",
                "/browse/home/mattress-pads-protectors-toppers/4044_539103_133144"
            ],
            [
                "Waterproof Mattress Protectors",
                "/browse/home/waterproof-mattress-protectors/4044_539103_8022801_1583426"
            ],
            [
                "Dorm Bedding Essentials",
                "/browse/home/dorm-bedding-essentials/4044_1225301_1225229_8079634_2857911"
            ],
            [
                "Bed Bug Mattress Protectors",
                "/browse/home/bed-bug-mattress-protectors/4044_539103_8022801_5020852"
            ],
            [
                "Basic Mattress Pads & Protectors",
                "/browse/home/basic-mattress-pads-protectors/4044_539103_1095008_5670126"
            ],
            [
                "Mattress Covers & Protectors",
                "/browse/home/mattress-covers-protectors/4044_539103_7427099"
            ],
            [
                "Top Home Allergy Relief Products",
                "/browse/home/top-home-allergy-relief-products/4044_1225301_2271072_8428130"
            ],
            [
                "Zippered Mattress Protectors",
                "/browse/home/zippered-mattress-protectors/4044_539103_8022801_8929600"
            ]
        ]
    },
    {
        "title": "Lucid L300 Headboard Bracket,\u00a0Set of Two\u00a0",
        "url": "https://www.walmart.com/ip/Lucid-L300-Headboard-Bracket-nbsp-Set-of-Two-nbsp/269147519",
        "price": "$25.56",
        "stars": "3.3",
        "ratings": "3 ",
        "img": "i5.walmartimages.com/asr/6c450128-4e91-41df-812f-225864143773_1.1709652d2534e615748e97c0e0ce38d0.jpeg?odnWidth=612&odnHeight=612&odnBg=ffffff",
        "tags": [
            [
                "Twin Bed Frames",
                "/browse/home/twin-bed-frames/4044_103150_102547_1612901_1936776"
            ],
            [
                "Platform Bed Frames",
                "/browse/home/platform-bed-frames/4044_103150_102547_1612901_2129680"
            ],
            [
                "Best Mattresses & Bedding for Back Pain Relief",
                "/browse/home/best-mattresses-bedding-for-back-pain-relief/4044_1225301_2271072_2600956"
            ],
            [
                "Shop all Bed Frames",
                "/browse/home/shop-all-bed-frames/4044_103150_102547_2727648"
            ],
            [
                "Queen Bed Frames",
                "/browse/home/queen-bed-frames/4044_103150_102547_1612901_3670601"
            ],
            [
                "Metal Bed Frames",
                "/browse/home/metal-bed-frames/4044_103150_102547_1612901_7728882"
            ],
            [
                "Power Adjustable Bed Base",
                "/browse/home/power-adjustable-bed-base/4044_103150_539386_8796847"
            ],
            [
                "Twin XL Bed Frames",
                "/browse/home/twin-xl-bed-frames/4044_103150_102547_1612901_9148467"
            ]
        ]
    },
    {
        "title": "Signature Sleep Gold Siesta 13\" Independently Encased Coil Pillow Top Mattress, Multiple Sizes - Full",
        "url": "https://www.walmart.com/ip/Signature-Sleep-Gold-Siesta-13-Independently-Encased-Coil-Pillow-Top-Mattress-Multiple-Sizes-Full/56080845",
        "price": "$242.92",
        "stars": "4.5",
        "ratings": "381 ",
        "img": "",
        "tags": [
            [
                "Hybrid Mattresses",
                "/browse/home/hybrid-mattresses/4044_103150_539386_1231583"
            ],
            [
                "California King Mattresses",
                "/browse/home/california-king-mattresses/4044_103150_539386_9682013_1554425"
            ],
            [
                "Shop All Mattresses by Brand",
                "/browse/home/shop-all-mattresses-by-brand/4044_103150_539386_8871501_5055269"
            ],
            [
                "Medium Firm Mattresses",
                "/browse/home/medium-firm-mattresses/4044_1225301_7738457_6007208"
            ],
            [
                "King Mattresses",
                "/browse/home/king-mattresses/4044_103150_539386_9682013_7117230"
            ],
            [
                "Queen Mattresses",
                "/browse/home/queen-mattresses/4044_103150_539386_9682013_7235340"
            ],
            [
                "Plush Mattresses",
                "/browse/home/plush-mattresses/4044_103150_539386_8574778_7863995"
            ],
            [
                "Firm Mattresses",
                "/browse/home/firm-mattresses/4044_1225301_7738457_8955250"
            ]
        ]
    },
    {
        "title": "Best Price Mattress 3 Inch Egg Crate Memory Foam Mattress Topper",
        "url": "https://www.walmart.com/ip/Best-Price-Mattress-3-Inch-Egg-Crate-Memory-Foam-Mattress-Topper/601795252",
        "price": "$94.76",
        "stars": "4.7",
        "ratings": "15 ",
        "img": "i5.walmartimages.com/asr/7b1d9485-4bd5-49c3-822b-eb082515bf54_1.abf962988296bae5b0e7357c97a4e5bd.jpeg?odnWidth=612&odnHeight=612&odnBg=ffffff",
        "tags": [
            [
                "Mattress Pads & Protectors & Toppers",
                "/browse/home/mattress-pads-protectors-toppers/4044_539103_133144"
            ],
            [
                "Best Mattresses & Bedding for Back Pain Relief",
                "/browse/home/best-mattresses-bedding-for-back-pain-relief/4044_1225301_2271072_2600956"
            ],
            [
                "Infused Mattress Topper",
                "/browse/home/infused-mattress-topper/4044_539103_1095008_6063983"
            ],
            [
                "Pillow Top Mattress Topper",
                "/browse/home/pillow-top-mattress-topper/4044_539103_1095008_7221911"
            ],
            [
                "Cooling Mattress Toppers",
                "/browse/home/cooling-mattress-toppers/4044_539103_1095008_7363426"
            ],
            [
                "Mattress Toppers",
                "/browse/home/mattress-toppers/4044_539103_1095008_7595276"
            ],
            [
                "Dorm Mattresses",
                "/browse/home/dorm-mattresses/4044_1225301_1225229_8094250"
            ],
            [
                "Gel Memory Foam Mattress Topper",
                "/browse/home/gel-memory-foam-mattress-topper/4044_539103_1095008_9823161"
            ]
        ]
    },
    {
        "title": "Modern Sleep Adjustable Comfort Affordamatic 2.0 Adjustable Bed Base, Multple Sizes",
        "url": "https://www.walmart.com/ip/Modern-Sleep-Adjustable-Comfort-Affordamatic-2-0-Adjustable-Bed-Base-Multple-Sizes/501044466",
        "price": "$368.87",
        "stars": "4.4",
        "ratings": "43 ",
        "img": "",
        "tags": [
            [
                "Pillows & Home Aids to Stop Snoring",
                "/browse/home/pillows-home-aids-to-stop-snoring/4044_1225301_2271072_1845555"
            ],
            [
                "Best Mattresses & Bedding for Back Pain Relief",
                "/browse/home/best-mattresses-bedding-for-back-pain-relief/4044_1225301_2271072_2600956"
            ],
            [
                "Shop all Bed Frames",
                "/browse/home/shop-all-bed-frames/4044_103150_102547_2727648"
            ],
            [
                "Queen Bed Frames",
                "/browse/home/queen-bed-frames/4044_103150_102547_1612901_3670601"
            ],
            [
                "Shop all Box Springs",
                "/browse/home/shop-all-box-springs/4044_103150_102547_4502764"
            ],
            [
                "Full Bed Frames",
                "/browse/home/full-bed-frames/4044_103150_102547_1612901_7561545"
            ],
            [
                "Metal Bed Frames",
                "/browse/home/metal-bed-frames/4044_103150_102547_1612901_7728882"
            ],
            [
                "Bed Frames",
                "/browse/home/bed-frames/4044_103150_102547_1612901_96991"
            ]
        ]
    },
    {
        "title": "Modern Sleep Synergy Memory Foam and Innerspring Hybrid 9-Inch Pillow Top Mattress, Multiple Sizes",
        "url": "https://www.walmart.com/ip/Modern-Sleep-Synergy-Memory-Foam-and-Innerspring-Hybrid-9-Inch-Pillow-Top-Mattress-Multiple-Sizes/171699751",
        "price": "$239.99",
        "stars": "4.1",
        "ratings": "56 ",
        "img": "i5.walmartimages.com/asr/98e2890b-d6f3-4066-9801-d665cba80844_2.80316a613fb2ee9307960dd8305fe46d.jpeg?odnWidth=612&odnHeight=612&odnBg=ffffff",
        "tags": [
            [
                "Full Mattresses",
                "/browse/home/full-mattresses/4044_103150_539386_9682013_1872812"
            ],
            [
                "Shop All Mattresses by Brand",
                "/browse/home/shop-all-mattresses-by-brand/4044_103150_539386_8871501_5055269"
            ],
            [
                "Twin-XL Mattresses",
                "/browse/home/twin-xl-mattresses/4044_103150_539386_9682013_5191936"
            ],
            [
                "Medium Firm Mattresses",
                "/browse/home/medium-firm-mattresses/4044_1225301_7738457_6007208"
            ],
            [
                "King Mattresses",
                "/browse/home/king-mattresses/4044_103150_539386_9682013_7117230"
            ],
            [
                "Queen Mattresses",
                "/browse/home/queen-mattresses/4044_103150_539386_9682013_7235340"
            ],
            [
                "Shop All Mattresses by Comfort Level",
                "/browse/home/shop-all-mattresses-by-comfort-level/4044_103150_539386_8574778_7747247"
            ],
            [
                "Firm Mattresses",
                "/browse/home/firm-mattresses/4044_1225301_7738457_8955250"
            ]
        ]
    }
]