[
    {
        "title": "Deluxe Hemmed Hand Towel - Style# T300",
        "url": "https://www.walmart.com/ip/Deluxe-Hemmed-Hand-Towel-Style-T300/485361098",
        "price": "$5.71",
        "stars": "3.4",
        "ratings": "8 ",
        "img": "i5.walmartimages.com/asr/ceef92b6-6729-433d-b7fb-d0d1293958c4_1.0089ae536783483c3be2843f731d443c.jpeg?odnWidth=612&odnHeight=612&odnBg=ffffff",
        "tags": [
            [
                "Bath Towels",
                "/browse/home/bath-towels/4044_539095_7211899_1030320"
            ],
            [
                "Bath Towel Sets",
                "/browse/home/bath-towel-sets/4044_539095_7211899_1350842"
            ],
            [
                "Dorm Bath & Laundry",
                "/browse/home/dorm-bath-laundry/4044_1225301_1225229_3339158"
            ],
            [
                "Dorm Bundles",
                "/browse/home/dorm-bundles/4044_1225301_1225229_5830926"
            ],
            [
                "Dorm Room Essentials",
                "/browse/home/dorm-room-essentials/4044_1225301_1225229_7506721"
            ],
            [
                "Kitchen Towels & Dish Towels",
                "/browse/home/kitchen-towels-dish-towels/4044_623679_8055732_5591719_7723882"
            ],
            [
                "Hand Towels",
                "/browse/home/hand-towels/4044_539095_7211899_8928938"
            ],
            [
                "Teens' Bathroom",
                "/browse/home/teens-bathroom/4044_1156136_9411830"
            ]
        ]
    },
    {
        "title": "Terry Cloth Wash Cloth, 8 Pack, White-Black",
        "url": "https://www.walmart.com/ip/Terry-Cloth-Wash-Cloth-8-Pack-White-Black/285690103",
        "price": "$9.99",
        "stars": "3.4",
        "ratings": "8 ",
        "img": "i5.walmartimages.com/asr/2456c588-ece6-4708-852d-66b151018fdb_2.09e21e0cdde9adf2eb37b251e11ba44c.jpeg?odnWidth=612&odnHeight=612&odnBg=ffffff",
        "tags": [
            [
                "Bath Towels",
                "/browse/home/bath-towels/4044_539095_7211899_1030320"
            ],
            [
                "Bath Towel Sets",
                "/browse/home/bath-towel-sets/4044_539095_7211899_1350842"
            ],
            [
                "Dorm Bath & Laundry",
                "/browse/home/dorm-bath-laundry/4044_1225301_1225229_3339158"
            ],
            [
                "Bath Sheets",
                "/browse/home/bath-sheets/4044_539095_7211899_3917301"
            ],
            [
                "Dorm Bundles",
                "/browse/home/dorm-bundles/4044_1225301_1225229_5830926"
            ],
            [
                "Dorm Bath Essentials",
                "/browse/home/dorm-bath-essentials/4044_1225301_1225229_8079634_7293738"
            ],
            [
                "Hand Towels",
                "/browse/home/hand-towels/4044_539095_7211899_8928938"
            ],
            [
                "Dish Cloths",
                "/browse/home/dish-cloths/4044_623679_8055732_5591719_9748844"
            ]
        ]
    },
    {
        "title": "InterDesign Olivia Bar Soap Dish for Bathroom Vanities, Kitchen Sink, Bronze",
        "url": "https://www.walmart.com/ip/InterDesign-Olivia-Bar-Soap-Dish-for-Bathroom-Vanities-Kitchen-Sink-Bronze/43655355",
        "price": "$12.30",
        "stars": "4.8",
        "ratings": "12 ",
        "img": "",
        "tags": [
            [
                "Soap Dishes",
                "/browse/home/soap-dishes/4044_539095_2505058_1549287"
            ],
            [
                "Wastebaskets",
                "/browse/home/wastebaskets/4044_539095_2505058_3725341"
            ],
            [
                "Shop All Bath Accessories",
                "/browse/home/shop-all-bath-accessories/4044_539095_2505058_4232402"
            ],
            [
                "Toothbrush Holders",
                "/browse/home/toothbrush-holders/4044_539095_2505058_5454317"
            ],
            [
                "Bathroom Tumblers",
                "/browse/home/bathroom-tumblers/4044_539095_2505058_6710549"
            ],
            [
                "Dorm Bath Essentials",
                "/browse/home/dorm-bath-essentials/4044_1225301_1225229_8079634_7293738"
            ],
            [
                "Soap & Lotion Dispensers",
                "/browse/home/soap-lotion-dispensers/4044_539095_2505058_7681166"
            ],
            [
                "Bathroom Decor Sets",
                "/browse/home/bathroom-decor-sets/4044_539095_2505058_9867329"
            ]
        ]
    },
    {
        "title": "Better Homes & Gardens Cameron Spring-Loaded Toilet Paper Holder, Chrome",
        "url": "https://www.walmart.com/ip/Better-Homes-Gardens-Cameron-Spring-Loaded-Toilet-Paper-Holder-Chrome/772314128",
        "price": "$14.97",
        "stars": "4.7",
        "ratings": "20 ",
        "img": "i5.walmartimages.com/asr/63bcaade-e5ca-4113-9b29-aca6418d0dee.c86de4045a1c5ad13fd168b0c707e6ee.jpeg?odnWidth=612&odnHeight=612&odnBg=ffffff",
        "tags": [
            [
                "All Bathroom Fixtures",
                "/browse/home-improvement/all-bathroom-fixtures/1072864_1045879_1230879_1043920"
            ],
            [
                "All Bathroom Faucets",
                "/browse/home-improvement/all-bathroom-faucets/1072864_1045879_1230843_4083683_1071505"
            ],
            [
                "Towel Racks",
                "/browse/home-improvement/towel-racks/1072864_1045879_1230879_1230855"
            ],
            [
                "Towel Bars",
                "/browse/home-improvement/towel-bars/1072864_1045879_1230879_1230856"
            ],
            [
                "Toilet Paper Holders",
                "/browse/home-improvement/toilet-paper-holders/1072864_1045879_1230879_1230857"
            ],
            [
                "Towel Hooks",
                "/browse/home-improvement/towel-hooks/1072864_1045879_1230879_4149464"
            ],
            [
                "Bathroom Sink Faucets",
                "/browse/home-improvement/bathroom-sink-faucets/1072864_1045879_1230843_4083683_5981136"
            ],
            [
                "Better Homes & Gardens Bathroom Renovation",
                "/browse/home-improvement/better-homes-gardens-bathroom-renovation/1072864_1045879_7299345"
            ]
        ]
    },
    {
        "title": "2 pc Set White Plastic Spring Loaded Toilet Paper Holder Tubes",
        "url": "https://www.walmart.com/ip/2-pc-Set-White-Plastic-Spring-Loaded-Toilet-Paper-Holder-Tubes/354146968",
        "price": "$6.99",
        "stars": "4.0",
        "ratings": "15 ",
        "img": "i5.walmartimages.com/asr/9336b689-9ea9-4488-8891-4237dae17282_1.60a90aae6d8dd621a22bbae55c7adfab.jpeg?odnWidth=612&odnHeight=612&odnBg=ffffff",
        "tags": [
            [
                "All Bathroom Fixtures",
                "/browse/home-improvement/all-bathroom-fixtures/1072864_1045879_1230879_1043920"
            ],
            [
                "Towel Racks",
                "/browse/home-improvement/towel-racks/1072864_1045879_1230879_1230855"
            ],
            [
                "Towel Bars",
                "/browse/home-improvement/towel-bars/1072864_1045879_1230879_1230856"
            ],
            [
                "Towel Ring",
                "/browse/home-improvement/towel-ring/1072864_1045879_1230879_1230987"
            ],
            [
                "Toilet Paper Rollers",
                "/browse/home-improvement/toilet-paper-rollers/1072864_1045879_1230879_2617181"
            ],
            [
                "Towel Hooks",
                "/browse/home-improvement/towel-hooks/1072864_1045879_1230879_4149464"
            ],
            [
                "Better Homes & Gardens Bathroom Renovation",
                "/browse/home-improvement/better-homes-gardens-bathroom-renovation/1072864_1045879_7299345"
            ],
            [
                "Shower Caddies",
                "/browse/home-improvement/shower-caddies/1072864_1045879_1230843_7640464"
            ]
        ]
    },
    {
        "title": "iDesign Axis Metal Over-the-Cabinet Door Storage Organizer Basket, Chrome",
        "url": "https://www.walmart.com/ip/iDesign-Axis-Metal-Over-the-Cabinet-Door-Storage-Organizer-Basket-Chrome/20612953",
        "price": "$13.99",
        "stars": "4.2",
        "ratings": "10 ",
        "img": "",
        "tags": [
            [
                "Bathroom Accessories",
                "/browse/home/bathroom-accessories/4044_539095_133000"
            ],
            [
                "Shop All Trash Cans",
                "/browse/home/shop-all-trash-cans/4044_623679_1032619_1010739_2693134"
            ],
            [
                "Small Bathroom Storage & Cabinets",
                "/browse/home/small-bathroom-storage-cabinets/4044_103150_2880259_3001476"
            ],
            [
                "Paper Towel Holders",
                "/browse/home/paper-towel-holders/4044_623679_1032619_4989059"
            ],
            [
                "Kitchen Drawer Organizers",
                "/browse/home/kitchen-drawer-organizers/4044_623679_1032619_6517927"
            ],
            [
                "Metal Baskets",
                "/browse/home/metal-baskets/4044_90828_1230055_8152737"
            ],
            [
                "Hanging Ironing Boards",
                "/browse/home/hanging-ironing-boards/4044_90828_7067220_9145332"
            ]
        ]
    },
    {
        "title": "Better Homes & Gardens 100% Cotton Floral Waves 4 pc Bath Towel Set",
        "url": "https://www.walmart.com/ip/Better-Homes-Gardens-100-Cotton-Floral-Waves-4-pc-Bath-Towel-Set/916568798",
        "price": "$26.48",
        "stars": "4.2",
        "ratings": "6 ",
        "img": "i5.walmartimages.com/asr/783dfd9e-520f-4673-a919-f9e65f686dfe_1.00df7dce7698b9f67da95435f33ede52.jpeg?odnWidth=612&odnHeight=612&odnBg=ffffff",
        "tags": [
            [
                "Bath Towels",
                "/browse/home/bath-towels/4044_539095_7211899_1030320"
            ],
            [
                "Bath Towel Sets",
                "/browse/home/bath-towel-sets/4044_539095_7211899_1350842"
            ],
            [
                "Dorm Bath & Laundry",
                "/browse/home/dorm-bath-laundry/4044_1225301_1225229_3339158"
            ],
            [
                "Bath Sheets",
                "/browse/home/bath-sheets/4044_539095_7211899_3917301"
            ],
            [
                "Turkish Towels",
                "/browse/home/turkish-towels/4044_539095_7211899_5022810"
            ],
            [
                "Dorm Bundles",
                "/browse/home/dorm-bundles/4044_1225301_1225229_5830926"
            ],
            [
                "Dorm Bath Essentials",
                "/browse/home/dorm-bath-essentials/4044_1225301_1225229_8079634_7293738"
            ],
            [
                "Hand Towels",
                "/browse/home/hand-towels/4044_539095_7211899_8928938"
            ]
        ]
    },
    {
        "title": "iTouchless Stainless Steel Ultraclean 11 fl oz/325 ml Sensor Foam Soap Dispenser, Rust-Free Automatic Touchless Pump, Mix Your Own Foam Soap, Restroom, Bathroom, Kitchen, Save Time and Money",
        "url": "https://www.walmart.com/ip/iTouchless-Stainless-Steel-Ultraclean-11-fl-oz-325-ml-Sensor-Foam-Soap-Dispenser-Rust-Free-Automatic-Touchless-Pump-Mix-Your-Own-Soap-Restroom-Bathro/580558579",
        "price": "$39.99",
        "stars": "4.8",
        "ratings": "17 ",
        "img": "i5.walmartimages.com/asr/30a87b69-2021-4519-a547-43dff1218adf.9fe164cf82a8e39e995e0708cfbe10da.jpeg?odnWidth=612&odnHeight=612&odnBg=ffffff",
        "tags": [
            [
                "Small Bathroom Storage & Cabinets",
                "/browse/home/small-bathroom-storage-cabinets/4044_103150_2880259_3001476"
            ],
            [
                "Dorm Bath & Laundry",
                "/browse/home/dorm-bath-laundry/4044_1225301_1225229_3339158"
            ],
            [
                "Wastebaskets",
                "/browse/home/wastebaskets/4044_539095_2505058_3725341"
            ],
            [
                "Shop All Bath Accessories",
                "/browse/home/shop-all-bath-accessories/4044_539095_2505058_4232402"
            ],
            [
                "Toothbrush Holders",
                "/browse/home/toothbrush-holders/4044_539095_2505058_5454317"
            ],
            [
                "Dorm Bath Essentials",
                "/browse/home/dorm-bath-essentials/4044_1225301_1225229_8079634_7293738"
            ],
            [
                "Soap & Lotion Dispensers",
                "/browse/home/soap-lotion-dispensers/4044_539095_2505058_7681166"
            ],
            [
                "Bathroom Decor Sets",
                "/browse/home/bathroom-decor-sets/4044_539095_2505058_9867329"
            ]
        ]
    },
    {
        "title": "Soap Dispenser, Touchless Automatic Soap Dispenser Equipped Stainless Steel w/Infrared Motion Sensor Waterproof Base Adjustable Switches Suitable for Bathroom Kitchen Hotel Restaurant",
        "url": "https://www.walmart.com/ip/Soap-Dispenser-Touchless-Automatic-Dispenser-Equipped-Stainless-Steel-w-Infrared-Motion-Sensor-Waterproof-Base-Adjustable-Switches-Suitable-Bathroom-/485533113",
        "price": "$19.99",
        "stars": "5.0",
        "ratings": "1 ",
        "img": "",
        "tags": [
            [
                "Small Bathroom Storage & Cabinets",
                "/browse/home/small-bathroom-storage-cabinets/4044_103150_2880259_3001476"
            ],
            [
                "Dorm Bath & Laundry",
                "/browse/home/dorm-bath-laundry/4044_1225301_1225229_3339158"
            ],
            [
                "Wastebaskets",
                "/browse/home/wastebaskets/4044_539095_2505058_3725341"
            ],
            [
                "Shop All Bath Accessories",
                "/browse/home/shop-all-bath-accessories/4044_539095_2505058_4232402"
            ],
            [
                "Toothbrush Holders",
                "/browse/home/toothbrush-holders/4044_539095_2505058_5454317"
            ],
            [
                "Dorm Bath Essentials",
                "/browse/home/dorm-bath-essentials/4044_1225301_1225229_8079634_7293738"
            ],
            [
                "Soap & Lotion Dispensers",
                "/browse/home/soap-lotion-dispensers/4044_539095_2505058_7681166"
            ],
            [
                "Bathroom Decor Sets",
                "/browse/home/bathroom-decor-sets/4044_539095_2505058_9867329"
            ]
        ]
    },
    {
        "title": "WH Housewares Bath Accessory Set, 4-PIECE Mosaic Glass Bathroom Accessories Completes with Lotion/Soap Pump, Cotton Jar, Tray, Toothbrush Holder - Finished in Shining Silver Modern Style",
        "url": "https://www.walmart.com/ip/WH-Housewares-Bath-Accessory-Set-4-PIECE-Mosaic-Glass-Bathroom-Accessories-Completes-Lotion-Soap-Pump-Cotton-Jar-Tray-Toothbrush-Holder-Finished-Shin/529497269",
        "price": "$39.99",
        "stars": "5.0",
        "ratings": "2 ",
        "img": "i5.walmartimages.com/asr/3bf1b194-05b4-4c61-b0b0-459237532874_1.22d0c8af2fbcd97b11f4bd63a3444af5.jpeg?odnWidth=612&odnHeight=612&odnBg=ffffff",
        "tags": [
            [
                "Bathroom Accessories",
                "/browse/home/bathroom-accessories/4044_539095_133000"
            ],
            [
                "Wastebaskets",
                "/browse/home/wastebaskets/4044_539095_2505058_3725341"
            ],
            [
                "Toothbrush Holders",
                "/browse/home/toothbrush-holders/4044_539095_2505058_5454317"
            ],
            [
                "Bathroom Tumblers",
                "/browse/home/bathroom-tumblers/4044_539095_2505058_6710549"
            ],
            [
                "Dorm Bath Essentials",
                "/browse/home/dorm-bath-essentials/4044_1225301_1225229_8079634_7293738"
            ],
            [
                "Soap & Lotion Dispensers",
                "/browse/home/soap-lotion-dispensers/4044_539095_2505058_7681166"
            ],
            [
                "Shower Curtain Rings",
                "/browse/home/shower-curtain-rings/4044_539095_8307770"
            ],
            [
                "Bathroom Decor Sets",
                "/browse/home/bathroom-decor-sets/4044_539095_2505058_9867329"
            ]
        ]
    }
]