[
    {
        "title": "Mind Reader Bamboo Lap Desk, Tilting Top with Cooling Factor and Side Drawer, Brown",
        "url": "https://www.walmart.com/ip/Mind-Reader-Bamboo-Lap-Desk-Tilting-Top-with-Cooling-Factor-and-Side-Drawer-Brown/316032568",
        "price": "$32.30",
        "stars": "4.2",
        "ratings": "40 ",
        "img": "i5.walmartimages.com/asr/c5e581d3-2f1e-43e2-a7de-37256f4a4abe_1.b1aba23a8674f5bebf5fec66f6479645.jpeg?odnWidth=612&odnHeight=612&odnBg=ffffff",
        "tags": [
            [
                "Desktop Organizers",
                "/browse/office-supplies/desktop-organizers/1229749_7431192_1072373"
            ],
            [
                "School Tables & Desks",
                "/browse/office-supplies/school-tables-desks/1229749_1086045_3462603_1091629_1072411"
            ],
            [
                "School Furniture",
                "/browse/office-supplies/school-furniture/1229749_1086045_3462603_1091629_1087355"
            ],
            [
                "Classroom Decoration",
                "/browse/office-supplies/classroom-decoration/1229749_1086045_3462603_2126198"
            ],
            [
                "Desk Pads",
                "/browse/office-supplies/desk-pads/1229749_7431192_3187134"
            ],
            [
                "Teaching Aids",
                "/browse/office-supplies/teaching-aids/1229749_1086045_3462603_5447411"
            ],
            [
                "Charts",
                "/browse/office-supplies/charts/1229749_1086045_3462603_7189148"
            ],
            [
                "Clipboards",
                "/browse/office-supplies/clipboards/1229749_2447475_9346256"
            ]
        ]
    },
    {
        "title": "Zenna Home Mesh Pockets PEVA Clear Storage Shower Curtain",
        "url": "https://www.walmart.com/ip/Zenna-Home-Mesh-Pockets-PEVA-Clear-Storage-Shower-Curtain/16611006",
        "price": "$19.00",
        "stars": "4.6",
        "ratings": "154 ",
        "img": "i5.walmartimages.com/asr/6b1c240e-50ac-4f0d-ad1b-1a1e5fc73b3a_1.d5753800060ccf3e2110a3ded3dc280e.jpeg?odnWidth=612&odnHeight=612&odnBg=ffffff",
        "tags": [
            [
                "Teens' Shower Curtains & Hooks",
                "/browse/home/teens-shower-curtains-hooks/4044_1156136_1156137_1156140"
            ],
            [
                "Shower Curtain Sets",
                "/browse/home/shower-curtain-sets/4044_539095_2141805_2005808"
            ],
            [
                "Small Bathroom Storage & Cabinets",
                "/browse/home/small-bathroom-storage-cabinets/4044_103150_2880259_3001476"
            ],
            [
                "Dorm Bath & Laundry",
                "/browse/home/dorm-bath-laundry/4044_1225301_1225229_3339158"
            ],
            [
                "Shower Curtain Liners",
                "/browse/home/shower-curtain-liners/4044_539095_2141805_3396784"
            ],
            [
                "White Shower Curtains",
                "/browse/home/white-shower-curtains/4044_539095_2141805_5102000"
            ],
            [
                "Dorm Bath Essentials",
                "/browse/home/dorm-bath-essentials/4044_1225301_1225229_8079634_7293738"
            ],
            [
                "Fabric Shower Curtains",
                "/browse/home/fabric-shower-curtains/4044_539095_2141805_8715072"
            ]
        ]
    },
    {
        "title": "Duhome Home office Desk Chair Work Stool Crescent Adjustable Swivel Task Chair on Wheels (White)",
        "url": "https://www.walmart.com/ip/Duhome-Home-office-Desk-Chair-Work-Stool-Crescent-Adjustable-Swivel-Task-Chair-on-Wheels-White/254753509",
        "price": "$59.99",
        "stars": "4.1",
        "ratings": "55 ",
        "img": "i5.walmartimages.com/asr/a900c7f7-10ea-4658-8c11-ace15606d02e_1.279d280ea57f416770d09c49f8035297.jpeg?odnWidth=612&odnHeight=612&odnBg=ffffff",
        "tags": [
            [
                "Dorm Study Furniture",
                "/browse/home/dorm-study-furniture/4044_1225301_1225229_1385016"
            ],
            [
                "Small office ideas",
                "/browse/home/small-office-ideas/4044_1879527_9330810_2563463"
            ],
            [
                "Executive Office Chairs",
                "/browse/home/executive-office-chairs/4044_103150_97116_3896177"
            ],
            [
                "Ergonomic Chairs",
                "/browse/home/ergonomic-chairs/4044_103150_97116_5177400"
            ],
            [
                "Shop All Bar Stools & Counter Stools",
                "/browse/home/shop-all-bar-stools-counter-stools/4044_103150_4037_8102642_5435701"
            ],
            [
                "Teens' Desk Chairs",
                "/browse/home/teens-desk-chairs/4044_1156136_1156142_5845507"
            ],
            [
                "Office Chairs",
                "/browse/home/office-chairs/4044_103150_97116_91853"
            ],
            [
                "Commercial Office Furniture",
                "/browse/home/commercial-office-furniture/4044_103150_97116_1071224_9864245"
            ]
        ]
    },
    {
        "title": "Furinno Just Low Rise TV Stand for TV up to 46\", Multiple Colors",
        "url": "https://www.walmart.com/ip/Furinno-Just-Low-Rise-TV-Stand-for-TV-up-to-46-Multiple-Colors/21726258",
        "price": "$28.71",
        "stars": "3.8",
        "ratings": "36 ",
        "img": "",
        "tags": [
            [
                "Modern Entertainment Centers",
                "/browse/home/modern-entertainment-centers/4044_103150_635499_1912903"
            ],
            [
                "White Entertainment Centers",
                "/browse/home/white-entertainment-centers/4044_103150_635499_1958792"
            ],
            [
                "Espresso Entertainment Centers",
                "/browse/home/espresso-entertainment-centers/4044_103150_635499_2231501"
            ],
            [
                "Black TV Stands",
                "/browse/home/black-tv-stands/4044_103150_635499_4316653"
            ],
            [
                "Wood Entertainment Centers",
                "/browse/home/wood-entertainment-centers/4044_103150_635499_5610209"
            ],
            [
                "Black Entertainment Centers",
                "/browse/home/black-entertainment-centers/4044_103150_635499_7892994"
            ],
            [
                "Entertainment Centers",
                "/browse/home/entertainment-centers/4044_103150_635499_91848"
            ],
            [
                "Brown Entertainment Centers",
                "/browse/home/brown-entertainment-centers/4044_103150_635499_9654312"
            ]
        ]
    },
    {
        "title": "Better Homes and Gardens Grayson Linen Headboard with Nailheads, Multiple Colors, Multiple Sizes - Full/Queen",
        "url": "https://www.walmart.com/ip/Better-Homes-and-Gardens-Grayson-Linen-Headboard-with-Nailheads-Multiple-Colors-Multiple-Sizes-Full-Queen/35031680",
        "price": "$149.00",
        "stars": "4.7",
        "ratings": "1927 ",
        "img": "",
        "tags": [
            [
                "Queen Headboards",
                "/browse/home/queen-headboards/4044_103150_102547_2705136_6133782_1866603"
            ],
            [
                "Queen Headboard",
                "/browse/home/queen-headboard/4044_103150_102547_3256101"
            ],
            [
                "Fabric Headboards",
                "/browse/home/fabric-headboards/4044_103150_102547_2705136_9820950_4052872"
            ],
            [
                "Upholstered Headboard",
                "/browse/home/upholstered-headboard/4044_103150_102547_5224009"
            ],
            [
                "Full Headboard",
                "/browse/home/full-headboard/4044_103150_102547_6183514"
            ],
            [
                "Full Headboards",
                "/browse/home/full-headboards/4044_103150_102547_2705136_6133782_6576013"
            ],
            [
                "Upholstered Headboards",
                "/browse/home/upholstered-headboards/4044_103150_102547_2705136_3125700_7832115"
            ]
        ]
    },
    {
        "title": "Best Choice Products 6ft Indoor Outdoor Portable Folding Plastic Dining Table w/ Handle, Lock",
        "url": "https://www.walmart.com/ip/Best-Choice-Products-6ft-Indoor-Outdoor-Portable-Folding-Plastic-Dining-Table-w-Handle-Lock/34803942",
        "price": "$69.99",
        "stars": "4.2",
        "ratings": "123 ",
        "img": "i5.walmartimages.com/asr/ae5732c6-5cb7-4fb8-a654-de846e58597e_1.66041301c22a452f0caaffcf4190b60b.jpeg?odnWidth=612&odnHeight=612&odnBg=ffffff",
        "tags": [
            [
                "Camping Tables",
                "/browse/sports-outdoors/camping-tables/4125_546956_4128_1080625_1080645"
            ],
            [
                "Camping Stoves",
                "/browse/sports-outdoors/camping-stoves/4125_546956_4128_1080705_1080725"
            ],
            [
                "Camping Grills",
                "/browse/sports-outdoors/camping-grills/4125_546956_4128_1080705_1080784"
            ],
            [
                "Canopy Sidewalls",
                "/browse/sports-outdoors/canopy-sidewalls/4125_546956_4128_55558_1337787"
            ],
            [
                "Canopy Tents",
                "/browse/sports-outdoors/canopy-tents/4125_546956_4128_55558_5272439"
            ],
            [
                "Canopy Accessories",
                "/browse/sports-outdoors/canopy-accessories/4125_546956_4128_55558_6090520"
            ],
            [
                "Canopies",
                "/browse/sports-outdoors/canopies/4125_546956_4128_55558_9530923"
            ]
        ]
    },
    {
        "title": "Tvilum Laguna 2 Drawer Nightstand, White High Gloss",
        "url": "https://www.walmart.com/ip/Tvilum-Laguna-2-Drawer-Nightstand-White-High-Gloss/318453256",
        "price": "$65.58",
        "stars": "4.4",
        "ratings": "12 ",
        "img": "i5.walmartimages.com/asr/1742d3db-84c6-4cd3-9f56-840988db70d1.b7fcac1dfac20e759624df7f8dede8aa.jpeg?odnWidth=612&odnHeight=612&odnBg=ffffff",
        "tags": [
            [
                "Teens' Nightstands & Vanities",
                "/browse/home/teens-nightstands-vanities/4044_1156136_1156142_1156148"
            ],
            [
                "Modern Nightstands",
                "/browse/home/modern-nightstands/4044_103150_102547_4537207_5103126_2754988"
            ],
            [
                "Gray Nightstands",
                "/browse/home/gray-nightstands/4044_103150_102547_4537207_7300576_4058554"
            ],
            [
                "White Nightstands",
                "/browse/home/white-nightstands/4044_103150_102547_4537207_7300576_5421496"
            ],
            [
                "Black Nightstands",
                "/browse/home/black-nightstands/4044_103150_102547_4537207_7300576_6231277"
            ],
            [
                "Wood Nightstands",
                "/browse/home/wood-nightstands/4044_103150_102547_4537207_9225065_7843738"
            ]
        ]
    },
    {
        "title": "Urban Shop Faux Fur Armless Swivel Task Office Chair, Multiple Colors",
        "url": "https://www.walmart.com/ip/Urban-Shop-Faux-Fur-Armless-Swivel-Task-Office-Chair-Multiple-Colors/136952735",
        "price": "$70.38",
        "stars": "3.8",
        "ratings": "284 ",
        "img": "i5.walmartimages.com/asr/eb0f76d9-c991-4087-8e5e-a14995be4bbf_3.31d7b2bc179a70bb2946745676fced84.jpeg?odnWidth=612&odnHeight=612&odnBg=ffffff",
        "tags": [
            [
                "Teens' Desks",
                "/browse/home/teens-desks/4044_1156136_1156142_1156145"
            ],
            [
                "Study Room",
                "/browse/home/study-room/4044_103150_1225290_1225292"
            ],
            [
                "Dorm Study Furniture",
                "/browse/home/dorm-study-furniture/4044_1225301_1225229_1385016"
            ],
            [
                "Dorm Study Essentials",
                "/browse/home/dorm-study-essentials/4044_1225301_1225229_8079634_1921657"
            ],
            [
                "Small office ideas",
                "/browse/home/small-office-ideas/4044_1879527_9330810_2563463"
            ],
            [
                "Small Space Desks & Office Furniture",
                "/browse/home/small-space-desks-office-furniture/4044_103150_2880259_6932446"
            ],
            [
                "White Office Furniture",
                "/browse/home/white-office-furniture/4044_103150_97116_7165397"
            ],
            [
                "Commercial Office Furniture",
                "/browse/home/commercial-office-furniture/4044_103150_97116_1071224_9864245"
            ]
        ]
    },
    {
        "title": "Jordan Manufacturing Jr. Bean Bag, Multiple Colors",
        "url": "https://www.walmart.com/ip/Jordan-Manufacturing-Jr-Bean-Bag-Multiple-Colors/807489699",
        "price": "$35.60",
        "stars": "4.1",
        "ratings": "33 ",
        "img": "i5.walmartimages.com/asr/daefe0fe-4548-4747-916f-33484d50532e_1.276cb8b9fe84e6fb6f97202ae09ad018.jpeg?odnWidth=612&odnHeight=612&odnBg=ffffff",
        "tags": [
            [
                "Teens' Lounge Seating",
                "/browse/home/teens-lounge-seating/4044_1156136_1156142_1156147"
            ],
            [
                "Big Bean Bag Chairs",
                "/browse/home/big-bean-bag-chairs/4044_1154295_1155958_7203266_4128634"
            ],
            [
                "Bean Bag Chairs",
                "/browse/home/bean-bag-chairs/4044_1154295_1155958_7203266_4850205"
            ],
            [
                "Kids' Themes",
                "/browse/home/kids-themes/4044_1154295_5819446"
            ],
            [
                "Adult & Teen Bean Bag Chairs",
                "/browse/home/adult-teen-bean-bag-chairs/4044_1154295_1155958_7203266_8496525"
            ],
            [
                "Kids' Bean Bag Chairs",
                "/browse/home/kids-bean-bag-chairs/4044_1154295_1155958_7203266_9269066"
            ],
            [
                "All Kids' Chairs",
                "/browse/home/all-kids-chairs/4044_1154295_1155958_7203266_9300235"
            ],
            [
                "Kids' Playroom",
                "/browse/home/kids-playroom/4044_1154295_9443108"
            ]
        ]
    },
    {
        "title": "Fortnite SKULL TROOPER-V Gaming Chair, RESPAWN Reclining Ergonomic Chair (TROOPER-01)",
        "url": "https://www.walmart.com/ip/Fortnite-SKULL-TROOPER-V-Gaming-Chair-RESPAWN-Reclining-Ergonomic-Chair-TROOPER-01/415974076",
        "price": "$99.98",
        "stars": "4.6",
        "ratings": "154 ",
        "img": "i5.walmartimages.com/asr/74f862f4-a12b-4fdf-907f-ee4b3ea59395_1.a0f75fc5562a02abb3438c24927a8bd0.jpeg?odnWidth=612&odnHeight=612&odnBg=ffffff",
        "tags": [
            [
                "Teens' Gaming",
                "/browse/home/teens-gaming/4044_1156136_1156142_1043794"
            ],
            [
                "Ergonomic Chairs",
                "/browse/home/ergonomic-chairs/4044_103150_97116_5177400"
            ],
            [
                "Teens' Desk Chairs",
                "/browse/home/teens-desk-chairs/4044_1156136_1156142_5845507"
            ],
            [
                "Small Space Desks & Office Furniture",
                "/browse/home/small-space-desks-office-furniture/4044_103150_2880259_6932446"
            ],
            [
                "White Office Furniture",
                "/browse/home/white-office-furniture/4044_103150_97116_7165397"
            ],
            [
                "Kids' Desk Chairs",
                "/browse/home/kids-desk-chairs/4044_1154295_1155958_7203266_8578962"
            ],
            [
                "All Kids' Chairs",
                "/browse/home/all-kids-chairs/4044_1154295_1155958_7203266_9300235"
            ],
            [
                "Gaming Chairs",
                "/browse/home/gaming-chairs/4044_103150_97116_9559238"
            ]
        ]
    }
]