[
    {
        "title": "The Pioneer Woman Melody 4-Piece Pasta Bowl Set",
        "url": "https://www.walmart.com/ip/The-Pioneer-Woman-Melody-4-Piece-Pasta-Bowl-Set/999587744",
        "price": "$25.25",
        "stars": "4.9",
        "ratings": "298 ",
        "img": "i5.walmartimages.com/asr/c658dc2d-d03e-4de7-ae1e-faa0d5fb7b56_1.5b0dc336620e68ab937d896c51d489de.jpeg?odnWidth=612&odnHeight=612&odnBg=ffffff",
        "tags": [
            [
                "Shop All The Pioneer Woman",
                "/browse/home/shop-all-the-pioneer-woman/4044_1920532_9153905_1843111"
            ],
            [
                "The Pioneer Woman Dish Sets",
                "/browse/home/the-pioneer-woman-dish-sets/4044_623679_639999_9763521_2314525"
            ],
            [
                "Plates",
                "/browse/home/plates/4044_623679_639999_3121273"
            ],
            [
                "The Pioneer Woman Bowls",
                "/browse/home/the-pioneer-woman-bowls/4044_623679_3480962_3544662"
            ],
            [
                "Dinnerware Sets",
                "/browse/home/dinnerware-sets/4044_623679_639999_489706"
            ],
            [
                "Serving Bowls",
                "/browse/home/serving-bowls/4044_623679_639999_2347672_7037852"
            ],
            [
                "The Pioneer Woman Dishes",
                "/browse/home/the-pioneer-woman-dishes/4044_623679_639999_7373615"
            ],
            [
                "The Pioneer Woman Plates",
                "/browse/home/the-pioneer-woman-plates/4044_623679_639999_2113437_9360029"
            ]
        ]
    },
    {
        "title": "Expert Grill Stainless Steel Multi-use Shears with Plastic Handle",
        "url": "https://www.walmart.com/ip/Expert-Grill-Stainless-Steel-Multi-use-Shears-with-Plastic-Handle/184597189",
        "price": "$0.98",
        "stars": "4.2",
        "ratings": "17 ",
        "img": "i5.walmartimages.com/asr/439dfb9d-7a58-4489-8433-d9e74afe817e_1.d808e45ba22ea8381711ca4de4257c03.jpeg?odnWidth=612&odnHeight=612&odnBg=ffffff",
        "tags": [
            [
                "Grill Thermometers",
                "/browse/patio-garden/grill-thermometers/5428_4089_7885852_4061204_2946659"
            ],
            [
                "Shop All Grill Parts",
                "/browse/patio-garden/shop-all-grill-parts/5428_4089_7885852_2351629_4064774"
            ],
            [
                "Grill Cookware and Supplies",
                "/browse/patio-garden/grill-cookware-supplies/5428_4089_7375787_6401690_5793366"
            ],
            [
                "Wood Chips and Charcoal",
                "/browse/patio-garden/wood-chips-charcoal/5428_4089_7375787_3108490_5987577"
            ],
            [
                "Shop All Outdoor Cooking Tools & Accessories",
                "/browse/patio-garden/shop-all-outdoor-cooking-tools-accessories/5428_4089_7885852_7459216"
            ],
            [
                "Charcoal Starters",
                "/browse/patio-garden/charcoal-starters/5428_4089_7885852_4061204_8303128"
            ],
            [
                "Wood Chips",
                "/browse/patio-garden/wood-chips/5428_4089_7885852_9732116_9099992"
            ],
            [
                "Grill Tool Sets",
                "/browse/patio-garden/grill-tool-sets/5428_4089_7885852_4061204_9192724"
            ]
        ]
    },
    {
        "title": "Pyrex Simply Storage 1 Cup Storage Dish Value Pack, 4 Count",
        "url": "https://www.walmart.com/ip/Pyrex-Simply-Storage-1-Cup-Storage-Dish-Value-Pack-4-Count/15114589",
        "price": "$10.20",
        "stars": "4.7",
        "ratings": "162 ",
        "img": "",
        "tags": [
            [
                "Food Savers & Accessories",
                "/browse/home/food-savers-accessories/4044_623679_1032619_1033059"
            ],
            [
                "Mason Jars & Canning",
                "/browse/home/mason-jars-canning/4044_623679_133020_1105859"
            ],
            [
                "Food Storage",
                "/browse/home/food-storage/4044_1225301_1225229_1225238_1230042"
            ],
            [
                "Baking Dishes",
                "/browse/home/baking-dishes/4044_623679_8455465_2321543"
            ],
            [
                "Shop All Food Storage Containers",
                "/browse/home/shop-all-food-storage-containers/4044_623679_1032619_5842891_2687119"
            ],
            [
                "Bakeware Sets",
                "/browse/home/bakeware-sets/4044_623679_8455465_3756894"
            ],
            [
                "Glass Storage Containers",
                "/browse/home/glass-storage-containers/4044_623679_1032619_5842891_7520532"
            ],
            [
                "Meal Prep Containers",
                "/browse/home/meal-prep-containers/4044_623679_1032619_5842891_8561628"
            ]
        ]
    },
    {
        "title": "Mainstays Safe Cut Black Can Opener",
        "url": "https://www.walmart.com/ip/Mainstays-Safe-Cut-Black-Can-Opener/20462594",
        "price": "$8.97",
        "stars": "4.1",
        "ratings": "131 ",
        "img": "i5.walmartimages.com/asr/ec381f76-2b9a-45a7-a852-38190d0c35ea_1.7924b7d28f6ede817543405cc495a9a5.jpeg?odnWidth=612&odnHeight=612&odnBg=ffffff",
        "tags": [
            [
                "Kitchen Tools & Gadgets",
                "/browse/home/kitchen-tools-gadgets/4044_1225301_1225229_1225238_1230040"
            ],
            [
                "KitchenAid Utensils & Gadgets",
                "/browse/home/kitchenaid-utensils-gadgets/4044_623679_133020_4496646_3073544"
            ],
            [
                "Cooking Utensils",
                "/browse/home/cooking-utensils/4044_623679_133020_4496646_3272847"
            ],
            [
                "Electric Can Openers",
                "/browse/home/electric-can-openers/4044_90548_90546_9317591_3691307"
            ],
            [
                "Farberware Tools and Gadgets",
                "/browse/home/farberware-tools-gadgets/4044_623679_133020_4927613"
            ],
            [
                "Can Openers",
                "/browse/home/can-openers/4044_623679_133020_612300"
            ],
            [
                "Food Prep",
                "/browse/home/food-prep/4044_623679_133020_642199"
            ],
            [
                "KitchenAid",
                "/browse/home/kitchenaid/4044_1225301_9409401_7708390"
            ]
        ]
    },
    {
        "title": "The Pioneer Woman Flea Market Floral Spoon Rest and Salt & Pepper Shaker Set, Turquoise",
        "url": "https://www.walmart.com/ip/The-Pioneer-Woman-Flea-Market-Floral-Spoon-Rest-and-Salt-Pepper-Shaker-Set-Turquoise/46528723",
        "price": "$13.79",
        "stars": "4.6",
        "ratings": "322 ",
        "img": "i5.walmartimages.com/asr/ac26331f-7cae-458e-81c7-58a375c88765_1.98a0b3ab088edd73d9e197e1ca5fcd5d.jpeg?odnWidth=612&odnHeight=612&odnBg=ffffff",
        "tags": [
            [
                "Counter Organizers",
                "/browse/home/counter-organizers/4044_623679_1032619_1032621"
            ],
            [
                "Shop All The Pioneer Woman",
                "/browse/home/shop-all-the-pioneer-woman/4044_1920532_9153905_1843111"
            ],
            [
                "The Pioneer Woman Dish Sets",
                "/browse/home/the-pioneer-woman-dish-sets/4044_623679_639999_9763521_2314525"
            ],
            [
                "Food Prep",
                "/browse/home/food-prep/4044_623679_133020_642199"
            ],
            [
                "The Pioneer Woman Dishes",
                "/browse/home/the-pioneer-woman-dishes/4044_623679_639999_7373615"
            ],
            [
                "Pioneer Woman Tools and Gadgets",
                "/browse/home/pioneer-woman-tools-gadgets/4044_623679_133020_4496646_7562951"
            ],
            [
                "The Pioneer Woman Kitchen & Table Linens",
                "/browse/home/the-pioneer-woman-kitchen-table-linens/4044_623679_8055732_7902803"
            ],
            [
                "The Pioneer Woman New Arrivals",
                "/browse/home/the-pioneer-woman-new-arrivals/4044_1225301_1231327_9914742"
            ]
        ]
    },
    {
        "title": "Blue Diamond Ceramic Non-Stick Skillet, 10\"",
        "url": "https://www.walmart.com/ip/Blue-Diamond-Ceramic-Non-Stick-Skillet-10/535575865",
        "price": "$19.99",
        "stars": "4.4",
        "ratings": "865 ",
        "img": "i5.walmartimages.com/asr/da04a748-c7d3-4c2f-bfb8-96eae7b01de2_1.77fbfa3934667dfd1d89713d6b397b6d.jpeg?odnWidth=612&odnHeight=612&odnBg=ffffff",
        "tags": [
            [
                "Non Stick Cookware",
                "/browse/home/non-stick-cookware/4044_623679_6182459_3053446"
            ],
            [
                "Non-Stick Cookware",
                "/browse/home/non-stick-cookware/4044_623679_8140341_3396135"
            ],
            [
                "Greenlife Cookware",
                "/browse/home/greenlife-cookware/4044_1920532_9798650_3964069"
            ],
            [
                "Induction Cookware",
                "/browse/home/induction-cookware/4044_623679_8140341_4084816"
            ],
            [
                "Cookware Sets",
                "/browse/home/cookware-sets/4044_623679_8140341_599265"
            ],
            [
                "Griddles & Grill Pans",
                "/browse/home/griddles-grill-pans/4044_623679_8140341_6082871"
            ],
            [
                "Shop All Fall Decor",
                "/browse/home/shop-all-fall-decor/4044_2634414_9573311_6851606"
            ],
            [
                "Ceramic Cookware",
                "/browse/home/ceramic-cookware/4044_623679_8140341_7402424"
            ]
        ]
    },
    {
        "title": "Wilton Icing Color, Christmas Red, 1oz",
        "url": "https://www.walmart.com/ip/Wilton-Icing-Color-Christmas-Red-1oz/24929620",
        "price": "$1.75",
        "stars": "5.0",
        "ratings": "1 ",
        "img": "i5.walmartimages.com/asr/11213300-5c5a-417c-8677-9c5a76812f2b_1.e0f6963d007d960b8aa0c7292ce0fb32.jpeg?odnWidth=612&odnHeight=612&odnBg=ffffff",
        "tags": [
            [
                "Fourth of July Decorative Baking",
                "/browse/party-occasions/fourth-of-july-decorative-baking/2637_1042319_2726455_1973290"
            ],
            [
                "Wilton Icing and Decorations",
                "/browse/party-occasions/wilton-icing-decorations/2637_9489599_2275107"
            ],
            [
                "Decorating Tips",
                "/browse/party-occasions/decorating-tips/2637_1104398_3633827_2850736_3271451"
            ],
            [
                "Easter Decorative Edibles",
                "/browse/party-occasions/easter-decorative-edibles/2637_4457853_8138074_3414067"
            ],
            [
                "Valentine's Day Treat Decorating",
                "/browse/party-occasions/valentines-day-treat-decorating/2637_7939259_4294591_5192431"
            ],
            [
                "Icing Colors & Sprays",
                "/browse/party-occasions/icing-colors-sprays/2637_1104398_5987282_7003160"
            ],
            [
                "Basketball Treat Decorating",
                "/browse/party-occasions/basketball-treat-decorating/2637_4165966_7897700"
            ],
            [
                "Wilton Decorating Tools",
                "/browse/party-occasions/wilton-decorating-tools/2637_9489599_8161231"
            ]
        ]
    },
    {
        "title": "Lodge Pre-Seasoned Cast Iron Reversible Grill/Griddle, LDP3",
        "url": "https://www.walmart.com/ip/Lodge-Pre-Seasoned-Cast-Iron-Reversible-Grill-Griddle-LDP3/15215006",
        "price": "$29.90",
        "stars": "4.4",
        "ratings": "288 ",
        "img": "",
        "tags": [
            [
                "Specialty Cookware",
                "/browse/home/specialty-cookware/4044_623679_8140341_1074485"
            ],
            [
                "Summer Entertaining-Cookware, Bakeware & Tools",
                "/browse/home/summer-entertaining-cookware-bakeware-tools/4044_1225301_1224843_1225118_1225100"
            ],
            [
                "Cast Iron Cookware",
                "/browse/home/cast-iron-cookware/4044_623679_8140341_1241961"
            ],
            [
                "Induction Cookware",
                "/browse/home/induction-cookware/4044_623679_8140341_4084816"
            ],
            [
                "Lodge Cast Iron Griddles",
                "/browse/home/lodge-cast-iron-griddles/4044_1920532_2622254_5002086"
            ],
            [
                "Cast Iron Skillets",
                "/browse/home/cast-iron-skillets/4044_623679_8140341_6673940"
            ],
            [
                "Electric Griddles",
                "/browse/home/electric-griddles/4044_90548_90546_4828_8095122"
            ],
            [
                "Lodge Cast Iron Skillets",
                "/browse/home/lodge-cast-iron-skillets/4044_1920532_2622254_8178705"
            ]
        ]
    },
    {
        "title": "Farberware 12-inch x 15-inch Glass Cutting Board, Black",
        "url": "https://www.walmart.com/ip/Farberware-12-inch-x-15-inch-Glass-Cutting-Board-Black/386729350",
        "price": "$6.03",
        "stars": "4.6",
        "ratings": "34 ",
        "img": "i5.walmartimages.com/asr/0c571368-c788-4092-8a08-f7f9ea51db0b_1.ed396f958b7019e95ddd7413c6ff7c19.jpeg?odnWidth=612&odnHeight=612&odnBg=ffffff",
        "tags": [
            [
                "Kitchen Tools & Gadgets",
                "/browse/home/kitchen-tools-gadgets/4044_1225301_1225229_1225238_1230040"
            ],
            [
                "Plastic Cutting Boards",
                "/browse/home/plastic-cutting-boards/4044_623679_3923430_2307831"
            ],
            [
                "Cooking Utensils",
                "/browse/home/cooking-utensils/4044_623679_133020_4496646_3272847"
            ],
            [
                "Bamboo Cutting Boards",
                "/browse/home/bamboo-cutting-boards/4044_623679_3923430_4598364"
            ],
            [
                "Glass Cutting Boards",
                "/browse/home/glass-cutting-boards/4044_623679_3923430_5026079"
            ],
            [
                "Dorm Bundles",
                "/browse/home/dorm-bundles/4044_1225301_1225229_5830926"
            ],
            [
                "Food Prep",
                "/browse/home/food-prep/4044_623679_133020_642199"
            ],
            [
                "Safe for Nonstick Cookware Utensils",
                "/browse/home/safe-for-nonstick-cookware-utensils/4044_623679_133020_4496646_6842867"
            ]
        ]
    },
    {
        "title": "Efavormart Pack of 5 Premium 17\" x 17\" Washable Polyester Napkins Great for Wedding Party Restaurant Dinner Parties",
        "url": "https://www.walmart.com/ip/Efavormart-Pack-of-5-Premium-17-x-17-Washable-Polyester-Napkins-Great-for-Wedding-Party-Restaurant-Dinner-Parties/721349472",
        "price": "$2.04",
        "stars": "4.6",
        "ratings": "50 ",
        "img": "i5.walmartimages.com/asr/da0e70ea-d91d-4cb0-8732-dc45cfca40ef_1.149fcb458b11d70f3e3b930812d08e3c.jpeg?odnWidth=612&odnHeight=612&odnBg=ffffff",
        "tags": [
            [
                "Fabric Tablecloths",
                "/browse/home/fabric-tablecloths/4044_623679_8055732_2356496"
            ],
            [
                "Wedding Tablecloths",
                "/browse/home/wedding-tablecloths/4044_623679_8055732_8058163_2557018"
            ],
            [
                "Napkin Rings",
                "/browse/home/napkin-rings/4044_623679_8055732_8058163_4379090"
            ],
            [
                "Charger Plates",
                "/browse/home/charger-plates/4044_623679_639999_2113437_4505377"
            ],
            [
                "Placemats",
                "/browse/home/placemats/4044_623679_8055732_8058163_5419088"
            ],
            [
                "Table Runners",
                "/browse/home/table-runners/4044_623679_8055732_8058163_6267997"
            ],
            [
                "Tablecloths",
                "/browse/home/tablecloths/4044_623679_8055732_8058163_7214975"
            ],
            [
                "Dorm Dining Essentials",
                "/browse/home/dorm-dining-essentials/4044_1225301_1225229_8079634_8700307"
            ]
        ]
    }
]