[
    {
        "title": "PAW Patrol Kids Bedroom Curtain Panel Set, Set of 2, 63-inch L",
        "url": "https://www.walmart.com/ip/PAW-Patrol-Kids-Bedroom-Curtain-Panel-Set-Set-of-2-63-inch-L/43299558",
        "price": "$17.00",
        "stars": "4.8",
        "ratings": "191 ",
        "img": "i5.walmartimages.com/asr/336c101f-c558-4b7c-b867-11b0d301d6e4.2ab5d597641ba2a794a330e85e5e87b5.jpeg?odnWidth=612&odnHeight=612&odnBg=ffffff",
        "tags": [
            [
                "Toy Boxes & Chests",
                "/browse/home/toy-boxes-chests/4044_90828_2523133_1105892"
            ],
            [
                "Kids' Wall Decals & Stickers",
                "/browse/home/kids-wall-decals-stickers/4044_1154295_1156072_1156772"
            ],
            [
                "Character Bedding",
                "/browse/home/character-bedding/4044_1154295_1156114_1753305"
            ],
            [
                "Boys Comforter Sets",
                "/browse/home/boys-comforter-sets/4044_1154295_1156114_2387054"
            ],
            [
                "Boys Bedding",
                "/browse/home/boys-bedding/4044_1154295_1156114_3182549"
            ],
            [
                "Kids' Characters",
                "/browse/home/kids-characters/4044_1154295_6561064"
            ],
            [
                "Kids' Storage",
                "/browse/home/kids-storage/4044_1154295_673059"
            ]
        ]
    },
    {
        "title": "Better Homes & Gardens 15 mL 3 Pack 100 % Pure Essential Oil Set: Lavender, Lemon, and Sweet Orange",
        "url": "https://www.walmart.com/ip/Better-Homes-Gardens-15-mL-3-Pack-100-Pure-Essential-Oil-Set-Lavender-Lemon-and-Sweet-Orange/246852091",
        "price": "$9.87",
        "stars": "4.6",
        "ratings": "37 ",
        "img": "i5.walmartimages.com/asr/6c4313c4-b0a0-4c2b-b1e1-808132fce10e_2.7fa930ff3e4eaef8e22ade081a4b0d9c.jpeg?odnWidth=612&odnHeight=612&odnBg=ffffff",
        "tags": [
            [
                "Wax Warmers",
                "/browse/home/wax-warmers/4044_133012_2622648_1090556"
            ],
            [
                "Best Bedroom Products if You Can't Sleep",
                "/browse/home/best-bedroom-products-if-you-cant-sleep/4044_1225301_2271072_2074145"
            ],
            [
                "Better Homes & Gardens Decor",
                "/browse/home/better-homes-gardens-decor/4044_133012_2786769"
            ],
            [
                "Fragrance Oils",
                "/browse/home/fragrance-oils/4044_133012_2622648_4108166"
            ],
            [
                "Shop All Fall Decor",
                "/browse/home/shop-all-fall-decor/4044_2634414_9573311_6851606"
            ],
            [
                "Dorm Decor",
                "/browse/home/dorm-decor/4044_1225301_1225229_7471338"
            ],
            [
                "WoodWick Candles",
                "/browse/home/woodwick-candles/4044_133012_2622648_8397936"
            ],
            [
                "Cheeseboards",
                "/browse/home/cheeseboards/4044_623679_639999_2347672_9395792"
            ]
        ]
    },
    {
        "title": "Lush D\u00e9cor Reyna Window Panel, Set of 2",
        "url": "https://www.walmart.com/ip/Lush-D-cor-Reyna-Window-Panel-Set-of-2/645876091",
        "price": "$23.09",
        "stars": "4.0",
        "ratings": "86 ",
        "img": "i5.walmartimages.com/asr/abe2f638-fe54-4136-89eb-d338c77a9560_1.033adc9e9730b2ec5db059d54d2709c8.jpeg?odnWidth=612&odnHeight=612&odnBg=ffffff",
        "tags": [
            [
                "Room Darkening Curtains",
                "/browse/home/room-darkening-curtains/4044_133012_539105_1521917_2277099"
            ],
            [
                "Curtains",
                "/browse/home/curtains/4044_133012_539105_1521917_2606905"
            ],
            [
                "Teens' Room Decor",
                "/browse/home/teens-room-decor/4044_1156136_2806866"
            ],
            [
                "Sheer Curtains",
                "/browse/home/sheer-curtains/4044_133012_539105_1521917_2913338"
            ],
            [
                "Kitchen Curtains",
                "/browse/home/kitchen-curtains/4044_133012_539105_1521917_414668"
            ],
            [
                "Curtain Sets",
                "/browse/home/curtain-sets/4044_133012_539105_7600818"
            ],
            [
                "Teen Curtains",
                "/browse/home/teen-curtains/4044_133012_539105_1521917_8856798"
            ]
        ]
    },
    {
        "title": "Umbra Twilight Double Black Out Window Curtain Rod \u2013 Wrap Around Adjustable Double Curtain Rod For Blackout Curtains, 28 To 48\u201d, Nickel",
        "url": "https://www.walmart.com/ip/Umbra-Twilight-Double-Black-Out-Window-Curtain-Rod-Wrap-Around-Adjustable-Double-Curtain-Rod-For-Blackout-Curtains-28-To-48-Nickel/863942324",
        "price": "$31.28",
        "stars": "4.6",
        "ratings": "115 ",
        "img": "i5.walmartimages.com/asr/35a90fbc-7add-4f65-a872-4d5eff7ab5b8.71c35f76d0cf6043e1c500ca7b667ed7.jpeg?odnWidth=612&odnHeight=612&odnBg=ffffff",
        "tags": [
            [
                "Teens' Window Treatments",
                "/browse/home/teens-window-treatments/4044_1156136_1156152_1156155"
            ],
            [
                "Curtain Rods & Hardware",
                "/browse/home/curtain-rods-hardware/4044_133012_539105_132949"
            ],
            [
                "Single Curtain Rods",
                "/browse/home/single-curtain-rods/4044_133012_539105_9656779_1367721"
            ],
            [
                "Curtains",
                "/browse/home/curtains/4044_133012_539105_1521917_2606905"
            ],
            [
                "Double Curtain Rods",
                "/browse/home/double-curtain-rods/4044_133012_539105_9656779_4221739"
            ],
            [
                "Curtain Rods",
                "/browse/home/curtain-rods/4044_133012_539105_9656779_7161610"
            ],
            [
                "Kids Curtain Rods",
                "/browse/home/kids-curtain-rods/4044_133012_539105_9656779_7208287"
            ],
            [
                "Cafe Curtain Rods",
                "/browse/home/cafe-curtain-rods/4044_133012_539105_9656779_8886763"
            ]
        ]
    },
    {
        "title": "Better Homes & Gardens Feather Filled Woven Dashed Stripe Decorative Throw Pillows, 20\"x20\", Taupe, 2 Pack",
        "url": "https://www.walmart.com/ip/Better-Homes-Gardens-Feather-Filled-Woven-Dashed-Stripe-Decorative-Throw-Pillows-20-x20-Taupe-2-Pack/793075338",
        "price": "$24.88",
        "stars": "4.7",
        "ratings": "16 ",
        "img": "i5.walmartimages.com/asr/3b6066e3-7453-4e38-bc9c-59c3becb0f3d.195797bbc3d71a29850d7db30d2b4dc2.jpeg?odnWidth=612&odnHeight=612&odnBg=ffffff",
        "tags": [
            [
                "Fall Pillows",
                "/browse/home/fall-pillows/4044_2634414_9573311_1790882"
            ],
            [
                "Better Homes & Gardens Decor",
                "/browse/home/better-homes-gardens-decor/4044_133012_2786769"
            ],
            [
                "Better Homes and Gardens New Arrivals",
                "/browse/home/better-homes-gardens-new-arrivals/4044_1225301_1011919_3742611"
            ],
            [
                "Fall Indoor Decor",
                "/browse/home/fall-indoor-decor/4044_2634414_9573311_3931477"
            ],
            [
                "Christmas Throw Pillows",
                "/browse/home/christmas-throw-pillows/4044_2634414_7472650_5678379_4217243"
            ],
            [
                "Decorative Pillow Covers",
                "/browse/home/decorative-pillow-covers/4044_133012_5991909_5188883"
            ],
            [
                "Shop All Fall Decor",
                "/browse/home/shop-all-fall-decor/4044_2634414_9573311_6851606"
            ],
            [
                "Dorm Decor",
                "/browse/home/dorm-decor/4044_1225301_1225229_7471338"
            ]
        ]
    },
    {
        "title": "Jenin 60x216\" Solid Sheer Scarf",
        "url": "https://www.walmart.com/ip/Jenin-60x216-Solid-Sheer-Scarf/134906839",
        "price": "$6.99",
        "stars": "4.5",
        "ratings": "51 ",
        "img": "",
        "tags": [
            [
                "Room Darkening Curtains",
                "/browse/home/room-darkening-curtains/4044_133012_539105_1521917_2277099"
            ],
            [
                "Curtains",
                "/browse/home/curtains/4044_133012_539105_1521917_2606905"
            ],
            [
                "Kitchen Curtains",
                "/browse/home/kitchen-curtains/4044_133012_539105_1521917_414668"
            ],
            [
                "Down & Down Alternative Comforters",
                "/browse/home/down-down-alternative-comforters/4044_539103_1095008_6184046"
            ],
            [
                "Valances",
                "/browse/home/valances/4044_133012_539105_1521917_660459"
            ],
            [
                "Curtain Sets",
                "/browse/home/curtain-sets/4044_133012_539105_7600818"
            ],
            [
                "Sheet Sets",
                "/browse/home/sheet-sets/4044_539103_5055527_8012601"
            ],
            [
                "Teen Curtains",
                "/browse/home/teen-curtains/4044_133012_539105_1521917_8856798"
            ]
        ]
    },
    {
        "title": "Better Homes & Gardens, Wood and Metal Lantern White",
        "url": "https://www.walmart.com/ip/Better-Homes-Gardens-Wood-and-Metal-Lantern-White/429426118",
        "price": "$16.92",
        "stars": "4.6",
        "ratings": "17 ",
        "img": "",
        "tags": [
            [
                "Vases",
                "/browse/home/vases/4044_133012_9145990_1043827"
            ],
            [
                "Better Homes & Gardens Storage",
                "/browse/home/better-homes-gardens-storage/4044_90828_1541931"
            ],
            [
                "Pillar Candles",
                "/browse/home/pillar-candles/4044_133012_2622648_1872099"
            ],
            [
                "LED Candles",
                "/browse/home/led-candles/4044_133012_2622648_2770688"
            ],
            [
                "Water Hyacinth Baskets & Bins",
                "/browse/home/water-hyacinth-baskets-bins/4044_90828_1230055_3176018"
            ],
            [
                "Fall Centerpiece",
                "/browse/home/fall-centerpiece/4044_2634414_9573311_5390994"
            ],
            [
                "Baskets",
                "/browse/home/baskets/4044_90828_1230055_6906751"
            ],
            [
                "Lanterns and Candle Holders",
                "/browse/home/lanterns-candle-holders/4044_133012_2622648_8099812"
            ]
        ]
    },
    {
        "title": "Best Choice Products 6ft Tall 6-Panel Diamond Weave Folding Freestanding Room Divider Privacy Screen Accent - Dark Mocha",
        "url": "https://www.walmart.com/ip/Best-Choice-Products-6ft-Tall-6-Panel-Diamond-Weave-Folding-Freestanding-Room-Divider-Privacy-Screen-Accent-Dark-Mocha/464019146",
        "price": "$109.99",
        "stars": "4.4",
        "ratings": "85 ",
        "img": "i5.walmartimages.com/asr/829c40f5-fc16-42e6-afa2-3e9a923f3463.a38f5bf6247179fa369ca39500a3f0e0.jpeg?odnWidth=612&odnHeight=612&odnBg=ffffff",
        "tags": [
            [
                "Partitions & Panels",
                "/browse/home/partitions-panels/4044_103150_97116_1071224_1072398"
            ],
            [
                "Teens' Wall Decor",
                "/browse/home/teens-wall-decor/4044_1156136_1156152_1157382"
            ],
            [
                "Natural Elements-Decor",
                "/browse/home/natural-elements-decor/4044_1225301_1224843_1224864_1224780"
            ],
            [
                "Teens' Room Decor",
                "/browse/home/teens-room-decor/4044_1156136_2806866"
            ],
            [
                "Wooden Room Dividers",
                "/browse/home/wooden-room-dividers/4044_133012_4345532"
            ],
            [
                "Shop All Bar Stools & Counter Stools",
                "/browse/home/shop-all-bar-stools-counter-stools/4044_103150_4037_8102642_5435701"
            ],
            [
                "Bar Stools",
                "/browse/home/bar-stools/4044_103150_4037_8102642_6096890"
            ],
            [
                "Teen Curtains",
                "/browse/home/teen-curtains/4044_133012_539105_1521917_8856798"
            ]
        ]
    },
    {
        "title": "K3 Yellow 3-Piece Blackout Rod Pocket Kitchen Window Curtain Set Darkening Tier Panels Treatment with Matching Valance",
        "url": "https://www.walmart.com/ip/K3-Yellow-3-Piece-Blackout-Rod-Pocket-Kitchen-Window-Curtain-Set-Darkening-Tier-Panels-Treatment-with-Matching-Valance/106103542",
        "price": "$12.00",
        "stars": "4.1",
        "ratings": "103 ",
        "img": "i5.walmartimages.com/asr/45721421-9610-496d-bec2-b661cf29826e_1.f1e63c0edee5af971cede9345ee17214.jpeg?odnWidth=612&odnHeight=612&odnBg=ffffff",
        "tags": [
            [
                "Blackout Curtains",
                "/browse/home/blackout-curtains/4044_133012_539105_1521917_1331481"
            ],
            [
                "Room Darkening Curtains",
                "/browse/home/room-darkening-curtains/4044_133012_539105_1521917_2277099"
            ],
            [
                "Curtains",
                "/browse/home/curtains/4044_133012_539105_1521917_2606905"
            ],
            [
                "Better Homes & Gardens Decor",
                "/browse/home/better-homes-gardens-decor/4044_133012_2786769"
            ],
            [
                "Sheer Curtains",
                "/browse/home/sheer-curtains/4044_133012_539105_1521917_2913338"
            ],
            [
                "Kitchen Curtains",
                "/browse/home/kitchen-curtains/4044_133012_539105_1521917_414668"
            ],
            [
                "Dorm Decor",
                "/browse/home/dorm-decor/4044_1225301_1225229_7471338"
            ],
            [
                "Curtain Sets",
                "/browse/home/curtain-sets/4044_133012_539105_7600818"
            ]
        ]
    },
    {
        "title": "Woods 59744 Flip Switch Timer, Toggle to Programmable",
        "url": "https://www.walmart.com/ip/Woods-59744-Flip-Switch-Timer-Toggle-to-Programmable/22648818",
        "price": "$14.32",
        "stars": "4.4",
        "ratings": "40 ",
        "img": "",
        "tags": [
            [
                "Spray Guns",
                "/browse/home-improvement/spray-guns/1072864_1031899_1067606_1067713"
            ],
            [
                "Paint Sprayers",
                "/browse/home-improvement/paint-sprayers/1072864_1067617_1067621_1067821"
            ],
            [
                "Dimmers",
                "/browse/home-improvement/dimmers/1072864_1067619_1231223_1231226"
            ],
            [
                "All Wall Plates",
                "/browse/home-improvement/all-wall-plates/1072864_1067619_1231223_5306726_5706625"
            ],
            [
                "Apollo Tools",
                "/browse/home-improvement/apollo-tools/1072864_1031899_1574888_6161049"
            ],
            [
                "Muscle Rack",
                "/browse/home-improvement/muscle-rack/1072864_1067618_1798365_6346809"
            ],
            [
                "Weller Soldering Irons",
                "/browse/home-improvement/weller-soldering-irons/1072864_1031899_1574888_2643784_5201561_7641367"
            ],
            [
                "Core Building Supplies Clearance Shelf",
                "/browse/home-improvement/core-building-supplies-clearance-shelf/1072864_1172176_9849217"
            ]
        ]
    }
]