[
    {
        "title": "Mrs. Meyer's Clean Day Scented Soy Candle, Apple Cider Scent, 4.9 oz",
        "url": "https://www.walmart.com/ip/Mrs-Meyer-s-Clean-Day-Scented-Soy-Candle-Apple-Cider-Scent-4-9-oz/561445253",
        "price": "$7.48",
        "stars": "2.7",
        "ratings": "6 ",
        "img": "i5.walmartimages.com/asr/d9461b6a-efd5-40ac-8361-942f015f1dfc_2.16da88f94ae8d20c8452d3e30c6bc6e8.jpeg?odnWidth=612&odnHeight=612&odnBg=ffffff",
        "tags": [
            [
                "Mrs. Meyer's Clean Day Cleaners",
                "/browse/household-essentials/mrs-meyers-clean-day-cleaners/1115193_1071966_3877374"
            ],
            [
                "Glade Air Fresheners",
                "/browse/household-essentials/glade-air-fresheners/1115193_8250903_6293932_4156865"
            ],
            [
                "All Bathroom Air Fresheners",
                "/browse/household-essentials/all-bathroom-air-fresheners/1115193_1025739_5929933_4165077"
            ],
            [
                "Plant Based Household Essentials",
                "/browse/plant-based-household-essentials/1115193_4913690"
            ],
            [
                "All Odor Eliminating Candles",
                "/browse/household-essentials/all-odor-eliminating-candles/1115193_1025739_9198928_6973200"
            ],
            [
                "Dish Soap",
                "/browse/household-essentials/dish-soap/1115193_1071966_7583868_8233248"
            ],
            [
                "Glade Candles",
                "/browse/household-essentials/glade-candles/1115193_1025739_9198928_8512317"
            ]
        ]
    },
    {
        "title": "Courtyard Grommet Plaid Window Curtain Single Panel 84\"x53\"",
        "url": "https://www.walmart.com/ip/Courtyard-Grommet-Plaid-Window-Curtain-Single-Panel-84-x53/769400535",
        "price": "$22.99",
        "stars": "4.4",
        "ratings": "36 ",
        "img": "i5.walmartimages.com/asr/5e070e0c-350f-446d-b6d7-b8a1e3c7cc37_1.95d90e756810c289b612f1b2dc24da28.jpeg?odnWidth=612&odnHeight=612&odnBg=ffffff",
        "tags": [
            [
                "Blackout Curtains",
                "/browse/home/blackout-curtains/4044_133012_539105_1521917_1331481"
            ],
            [
                "Room Darkening Curtains",
                "/browse/home/room-darkening-curtains/4044_133012_539105_1521917_2277099"
            ],
            [
                "Curtains",
                "/browse/home/curtains/4044_133012_539105_1521917_2606905"
            ],
            [
                "Sheer Curtains",
                "/browse/home/sheer-curtains/4044_133012_539105_1521917_2913338"
            ],
            [
                "Valances",
                "/browse/home/valances/4044_133012_539105_1521917_660459"
            ],
            [
                "Curtain Sets",
                "/browse/home/curtain-sets/4044_133012_539105_7600818"
            ],
            [
                "Cellular Shades",
                "/browse/home/cellular-shades/4044_133012_539105_4593210_8832135"
            ],
            [
                "Teen Curtains",
                "/browse/home/teen-curtains/4044_133012_539105_1521917_8856798"
            ]
        ]
    },
    {
        "title": "Sanctuary Solid Color Church Candles, 12pk",
        "url": "https://www.walmart.com/ip/Sanctuary-Solid-Color-Church-Candles-12pk/16616088",
        "price": "$20.97",
        "stars": "3.9",
        "ratings": "69 ",
        "img": "",
        "tags": [
            [
                "Pillar Candles",
                "/browse/home/pillar-candles/4044_133012_2622648_1872099"
            ],
            [
                "Votive Candles",
                "/browse/home/votive-candles/4044_133012_2622648_1951590"
            ],
            [
                "LED Candles",
                "/browse/home/led-candles/4044_133012_2622648_2770688"
            ],
            [
                "Unscented Candles",
                "/browse/home/unscented-candles/4044_133012_2622648_2900349"
            ],
            [
                "Taper Candles",
                "/browse/home/taper-candles/4044_133012_2622648_4923427"
            ],
            [
                "Shop All Fall Decor",
                "/browse/home/shop-all-fall-decor/4044_2634414_9573311_6851606"
            ],
            [
                "Fall Candles",
                "/browse/home/fall-candles/4044_2634414_9573311_7123210"
            ],
            [
                "Candles",
                "/browse/home/candles/4044_133012_2622648_8500605"
            ]
        ]
    },
    {
        "title": "Mainstays Decorative Pillow Insert 100% Polyester 16\" x 16\" Set of 2",
        "url": "https://www.walmart.com/ip/Mainstays-Decorative-Pillow-Insert-100-Polyester-16-x-16-Set-of-2/512289352",
        "price": "$9.87",
        "stars": "4.0",
        "ratings": "78 ",
        "img": "i5.walmartimages.com/asr/cac24a87-4570-44ca-a00d-81ecb3147619_1.d600d76cd6e856e5c09b447196bc3ce8.jpeg?odnWidth=612&odnHeight=612&odnBg=ffffff",
        "tags": [
            [
                "Pillows",
                "/browse/home/pillows/4044_539103_133141"
            ],
            [
                "Euro pillows",
                "/browse/home/euro-pillows/4044_539103_9690877_3793551_1332877"
            ],
            [
                "Decorative Pillow Inserts",
                "/browse/home/decorative-pillow-inserts/4044_133012_5991909_1848168"
            ],
            [
                "Shop All Pillows",
                "/browse/home/shop-all-pillows/4044_539103_9690877_2535944"
            ],
            [
                "Euro Pillows",
                "/browse/home/euro-pillows/4044_539103_9690877_7509997_2943748"
            ],
            [
                "Basic Bed Pillows",
                "/browse/home/basic-bed-pillows/4044_539103_1095008_3833998"
            ],
            [
                "Decorative Pillow Covers",
                "/browse/home/decorative-pillow-covers/4044_133012_5991909_5188883"
            ],
            [
                "Fiber Fill",
                "/browse/home/fiber-fill/4044_539103_9690877_8950664_6592322"
            ]
        ]
    },
    {
        "title": "Mainstays Set of 14 Cafe Curtain Rod Clip Rings, Up to 3/4 in. Diameter, Bronze",
        "url": "https://www.walmart.com/ip/Mainstays-Set-of-14-Cafe-Curtain-Rod-Clip-Rings-Up-to-3-4-in-Diameter-Bronze/20612044",
        "price": "$3.88",
        "stars": "3.6",
        "ratings": "21 ",
        "img": "i5.walmartimages.com/asr/2cbe5a0a-c984-4779-aa61-56b4492bca73_1.3e8935d5d3faf1b46eeafd18210aef47.jpeg?odnWidth=612&odnHeight=612&odnBg=ffffff",
        "tags": [
            [
                "Teens' Window Treatments",
                "/browse/home/teens-window-treatments/4044_1156136_1156152_1156155"
            ],
            [
                "Window Films",
                "/browse/home/window-films/4044_133012_539105_1225006"
            ],
            [
                "Single Curtain Rods",
                "/browse/home/single-curtain-rods/4044_133012_539105_9656779_1367721"
            ],
            [
                "Curtain Rings & Tracks",
                "/browse/home/curtain-rings-tracks/4044_133012_539105_4231248_6927718"
            ],
            [
                "Curtain Rods",
                "/browse/home/curtain-rods/4044_133012_539105_9656779_7161610"
            ],
            [
                "Shower Curtain Rings",
                "/browse/home/shower-curtain-rings/4044_539095_8307770"
            ],
            [
                "Cafe Curtain Rods",
                "/browse/home/cafe-curtain-rods/4044_133012_539105_9656779_8886763"
            ],
            [
                "Tension & Magnetic Rods",
                "/browse/home/tension-magnetic-rods/4044_133012_539105_9656779_9145792"
            ]
        ]
    },
    {
        "title": "Lava the Original 14.5\" Colormax Lamp with Northern Lights Decal Base",
        "url": "https://www.walmart.com/ip/Lava-the-Original-14-5-Colormax-Lamp-with-Northern-Lights-Decal-Base/50941656",
        "price": "$22.48",
        "stars": "4.3",
        "ratings": "60 ",
        "img": "i5.walmartimages.com/asr/3ea8069b-6f35-4220-9060-bc1e01697680_1.2bcd8e35442a8a1be1f2416293787cab.jpeg?odnWidth=612&odnHeight=612&odnBg=ffffff",
        "tags": [
            [
                "Kids' Lighting",
                "/browse/home/kids-lighting/4044_1154295_1156072_1156092"
            ],
            [
                "Teens' Lamps & Lighting",
                "/browse/home/teens-lamps-lighting/4044_1156136_1156152_1156153"
            ],
            [
                "Kids' Lamps & Lights",
                "/browse/home/kids-lamps-lights/4044_1154295_1156072_3933938"
            ],
            [
                "Shop All Novelty Lights",
                "/browse/home/shop-all-novelty-lights/4044_133012_133113_8132195_4953307"
            ],
            [
                "Plasma Balls",
                "/browse/home/plasma-balls/4044_133012_133113_8132195_7331382"
            ],
            [
                "Table Lamps",
                "/browse/home/table-lamps/4044_133012_133113_3820857_8270513"
            ],
            [
                "Rock & Himalayan Salt Lamps",
                "/browse/home/rock-himalayan-salt-lamps/4044_133012_133113_8132195_6966866_8958774"
            ]
        ]
    },
    {
        "title": "Mainstays Sunflower Kitchen Mat, 18\" x 30\"",
        "url": "https://www.walmart.com/ip/Mainstays-Sunflower-Kitchen-Mat-18-x-30/716230061",
        "price": "$5.88",
        "stars": "4.5",
        "ratings": "104 ",
        "img": "i5.walmartimages.com/asr/dd0820dc-9f3f-401b-8526-c2772a0c61b9_1.f998a44aa538383f3f53f97fb73fe3bf.jpeg?odnWidth=612&odnHeight=612&odnBg=ffffff",
        "tags": [
            [
                "Kitchen Curtains",
                "/browse/home/kitchen-curtains/4044_133012_539105_1521917_414668"
            ],
            [
                "All Area Rugs",
                "/browse/home/all-area-rugs/4044_133012_110892_6718514_418437"
            ],
            [
                "Fruit & Vegetable Kitchen Rugs",
                "/browse/home/fruit-vegetable-kitchen-rugs/4044_133012_110892_4478371"
            ],
            [
                "Shop All Art Prints",
                "/browse/home/shop-all-art-prints/4044_133012_1045881_1997493_5143430"
            ],
            [
                "Valances",
                "/browse/home/valances/4044_133012_539105_1521917_660459"
            ],
            [
                "Kitchen Runners",
                "/browse/home/kitchen-runners/4044_133012_110892_7120281"
            ],
            [
                "Kitchen Rug Sets",
                "/browse/home/kitchen-rug-sets/4044_133012_110892_9127822"
            ],
            [
                "Anti-Fatigue Mats",
                "/browse/home/anti-fatigue-mats/4044_133012_110892_9850076"
            ]
        ]
    },
    {
        "title": "Ottomanson Siesta 100 Dollar Bill Non-Slip Area Rug or Runner",
        "url": "https://www.walmart.com/ip/Ottomanson-Siesta-100-Dollar-Bill-Non-Slip-Area-Rug-or-Runner/53167075",
        "price": "$12.16",
        "stars": "4.8",
        "ratings": "90 ",
        "img": "i5.walmartimages.com/asr/1b67931c-373d-4e6f-ba9c-06f54d897cd2_2.efa938a6a5979197ed217c2c9b44c4d1.jpeg?odnWidth=612&odnHeight=612&odnBg=ffffff",
        "tags": [
            [
                "Accent Rugs",
                "/browse/home/accent-rugs/4044_133012_110892_6718514_110893"
            ],
            [
                "All Runner Rugs",
                "/browse/home/all-runner-rugs/4044_133012_110892_1538758_110894"
            ],
            [
                "Bathroom Rug Sets",
                "/browse/home/bathroom-rug-sets/4044_539095_920259_1753813"
            ],
            [
                "Shop All Kids' Decor",
                "/browse/home/shop-all-kids-decor/4044_1154295_1156072_2546143"
            ],
            [
                "Multicolor Area Rugs",
                "/browse/home/multicolor-area-rugs/4044_133012_110892_6718514_1588657_3729066"
            ],
            [
                "Fruit & Vegetable Kitchen Rugs",
                "/browse/home/fruit-vegetable-kitchen-rugs/4044_133012_110892_4478371"
            ],
            [
                "Kitchen Runners",
                "/browse/home/kitchen-runners/4044_133012_110892_7120281"
            ]
        ]
    },
    {
        "title": "Better Homes & Gardens Blue Fern & Citrus 18oz Scented 2 wick Candle",
        "url": "https://www.walmart.com/ip/Better-Homes-Gardens-Blue-Fern-Citrus-18oz-Scented-2-wick-Candle/194404376",
        "price": "$11.87",
        "stars": "4.8",
        "ratings": "16 ",
        "img": "i5.walmartimages.com/asr/d3d5cdc7-426b-4122-ba9b-800a80ff2d75_2.ddc909012e82ad653107547433da530b.jpeg?odnWidth=612&odnHeight=612&odnBg=ffffff",
        "tags": [
            [
                "Better Homes & Gardens Decor",
                "/browse/home/better-homes-gardens-decor/4044_133012_2786769"
            ],
            [
                "Yankee Candle",
                "/browse/home/yankee-candle/4044_133012_2622648_2806582"
            ],
            [
                "Fall Indoor Decor",
                "/browse/home/fall-indoor-decor/4044_2634414_9573311_3931477"
            ],
            [
                "Scented Candles",
                "/browse/home/scented-candles/4044_133012_2622648_6102022"
            ],
            [
                "Shop All Fall Decor",
                "/browse/home/shop-all-fall-decor/4044_2634414_9573311_6851606"
            ],
            [
                "Fall Candles",
                "/browse/home/fall-candles/4044_2634414_9573311_7123210"
            ],
            [
                "Shop Allswell",
                "/browse/home/shop-allswell/4044_2114296_7416880"
            ],
            [
                "Better Homes & Gardens Scented Candles",
                "/browse/home/better-homes-gardens-scented-candles/4044_133012_2622648_8202816"
            ]
        ]
    },
    {
        "title": "Way to Celebrate Standing Floral Arrangement Table Top Decoration, 19.25\"",
        "url": "https://www.walmart.com/ip/Way-to-Celebrate-Standing-Floral-Arrangement-Table-Top-Decoration-19-25/885705340",
        "price": "$8.84",
        "stars": 0,
        "ratings": 0,
        "img": "i5.walmartimages.com/asr/63c056b0-0005-405f-b297-4b14459ccf16.2d709aa08788dac1b719f7a2ae3ec2f7.jpeg?odnWidth=612&odnHeight=612&odnBg=ffffff",
        "tags": []
    }
]