[
    {
        "title": "Better Homes & Gardens MDF Wood Nautical Wastebasket, 1 Each",
        "url": "https://www.walmart.com/ip/Better-Homes-Gardens-MDF-Wood-Nautical-Wastebasket-1-Each/48589235",
        "price": "$19.88",
        "stars": "4.5",
        "ratings": "60 ",
        "img": "i5.walmartimages.com/asr/4251eb98-93d0-403e-9b98-761da6a7bb5f_1.07cf8826382e0443efadf564fb48c57b.jpeg?odnWidth=612&odnHeight=612&odnBg=ffffff",
        "tags": [
            [
                "Shower Curtain Hooks & Rods",
                "/browse/home/shower-curtain-hooks-rods/4044_539095_1024880"
            ],
            [
                "Bath Towels",
                "/browse/home/bath-towels/4044_539095_7211899_1030320"
            ],
            [
                "Shop All Bath Towels",
                "/browse/home/shop-all-bath-towels/4044_539095_7211899_2665582"
            ],
            [
                "Wastebaskets",
                "/browse/home/wastebaskets/4044_539095_2505058_3725341"
            ],
            [
                "Shop All Bath Accessories",
                "/browse/home/shop-all-bath-accessories/4044_539095_2505058_4232402"
            ],
            [
                "Toothbrush Holders",
                "/browse/home/toothbrush-holders/4044_539095_2505058_5454317"
            ],
            [
                "Dorm Bath Essentials",
                "/browse/home/dorm-bath-essentials/4044_1225301_1225229_8079634_7293738"
            ],
            [
                "Soap & Lotion Dispensers",
                "/browse/home/soap-lotion-dispensers/4044_539095_2505058_7681166"
            ]
        ]
    },
    {
        "title": "Drive Medical Bathtub Shower Mat",
        "url": "https://www.walmart.com/ip/Drive-Medical-Bathtub-Shower-Mat/17284701",
        "price": "$9.99",
        "stars": "4.7",
        "ratings": "223 ",
        "img": "i5.walmartimages.com/asr/46c90144-9533-4440-ab2c-246f22f85186_1.0c0ff7b3e8356b04ecccb1b1f8d9fe2a.jpeg?odnWidth=612&odnHeight=612&odnBg=ffffff",
        "tags": [
            [
                "Kids' Bath Mats",
                "/browse/home/kids-bath-mats/4044_1154295_1143252_1143254"
            ],
            [
                "Teens' Bath Mats",
                "/browse/home/teens-bath-mats/4044_1156136_1156137_1156139"
            ],
            [
                "Tub Mats",
                "/browse/home/tub-mats/4044_539095_2189510"
            ],
            [
                "Bathroom Rugs",
                "/browse/home/bathroom-rugs/4044_539095_920259_2453408"
            ],
            [
                "Shower Curtain Liners",
                "/browse/home/shower-curtain-liners/4044_539095_2141805_3396784"
            ],
            [
                "Kids' Bath Rugs",
                "/browse/home/kids-bath-rugs/4044_539095_5586777_6667078"
            ],
            [
                "Non-Slip Bath Mats",
                "/browse/home/non-slip-bath-mats/4044_539095_920259_6970794"
            ],
            [
                "Teens' Bathroom",
                "/browse/home/teens-bathroom/4044_1156136_9411830"
            ]
        ]
    },
    {
        "title": "Ktaxon Bath Tub Clear Bath Mat Non Slip Safety Anti Skid Shower Protection Extra Long",
        "url": "https://www.walmart.com/ip/Ktaxon-Bath-Tub-Clear-Bath-Mat-Non-Slip-Safety-Anti-Skid-Shower-Protection-Extra-Long/524737899",
        "price": "$15.99",
        "stars": "3.9",
        "ratings": "88 ",
        "img": "i5.walmartimages.com/asr/a31213da-51a8-4f80-9c92-1224793c860c.441a0a24bf29a87b7d0a44234e866089.jpeg?odnWidth=612&odnHeight=612&odnBg=ffffff",
        "tags": [
            [
                "Kids' Bath Mats",
                "/browse/home/kids-bath-mats/4044_1154295_1143252_1143254"
            ],
            [
                "Teens' Bath Mats",
                "/browse/home/teens-bath-mats/4044_1156136_1156137_1156139"
            ],
            [
                "Tub Mats",
                "/browse/home/tub-mats/4044_539095_2189510"
            ],
            [
                "Bathroom Rugs",
                "/browse/home/bathroom-rugs/4044_539095_920259_2453408"
            ],
            [
                "Dorm Bath & Laundry",
                "/browse/home/dorm-bath-laundry/4044_1225301_1225229_3339158"
            ],
            [
                "Kids' Bath Rugs",
                "/browse/home/kids-bath-rugs/4044_539095_5586777_6667078"
            ],
            [
                "Non-Slip Bath Mats",
                "/browse/home/non-slip-bath-mats/4044_539095_920259_6970794"
            ],
            [
                "Teens' Bathroom",
                "/browse/home/teens-bathroom/4044_1156136_9411830"
            ]
        ]
    },
    {
        "title": "BH&G Homes & Gardens Small Bathroom Satin Wire Storage Basket",
        "url": "https://www.walmart.com/ip/BH-G-Homes-Gardens-Small-Bathroom-Satin-Wire-Storage-Basket/55456576",
        "price": "$9.97",
        "stars": "4.7",
        "ratings": "22 ",
        "img": "i5.walmartimages.com/asr/9113a3c0-b559-4d4c-b2ba-b9d24a58bef6.59b226dc4438dbede5d920f5fe3cf367.jpeg?odnWidth=612&odnHeight=612&odnBg=ffffff",
        "tags": [
            [
                "Better Homes & Gardens Storage",
                "/browse/home/better-homes-gardens-storage/4044_90828_1541931"
            ],
            [
                "Shop All Storage Baskets & Bins",
                "/browse/home/shop-all-storage-baskets-bins/4044_90828_1230055_163961"
            ],
            [
                "Woven Baskets",
                "/browse/home/woven-baskets/4044_90828_1230055_3781758"
            ],
            [
                "Shop All Bath Accessories",
                "/browse/home/shop-all-bath-accessories/4044_539095_2505058_4232402"
            ],
            [
                "Wicker Baskets",
                "/browse/home/wicker-baskets/4044_90828_1230055_5302424"
            ],
            [
                "Fabric Baskets & Bins",
                "/browse/home/fabric-baskets-bins/4044_90828_1230055_7593658"
            ],
            [
                "Wire Baskets",
                "/browse/home/wire-baskets/4044_90828_1230055_7873487"
            ],
            [
                "Metal Baskets",
                "/browse/home/metal-baskets/4044_90828_1230055_8152737"
            ]
        ]
    },
    {
        "title": "Better Homes & Gardens Two-Tone Metal Toothbrush Holder, Bronze",
        "url": "https://www.walmart.com/ip/Better-Homes-Gardens-Two-Tone-Metal-Toothbrush-Holder-Bronze/148167365",
        "price": "$9.97",
        "stars": "4.5",
        "ratings": "77 ",
        "img": "i5.walmartimages.com/asr/eec7b64a-4925-43ce-8ef4-8b6c3f19d350.db010b3b4b5e8d12bfee615cd8622619.jpeg?odnWidth=612&odnHeight=612&odnBg=ffffff",
        "tags": [
            [
                "Dorm Bath & Laundry",
                "/browse/home/dorm-bath-laundry/4044_1225301_1225229_3339158"
            ],
            [
                "Wastebaskets",
                "/browse/home/wastebaskets/4044_539095_2505058_3725341"
            ],
            [
                "Shop All Bath Accessories",
                "/browse/home/shop-all-bath-accessories/4044_539095_2505058_4232402"
            ],
            [
                "Toothbrush Holders",
                "/browse/home/toothbrush-holders/4044_539095_2505058_5454317"
            ],
            [
                "Bathroom Tumblers",
                "/browse/home/bathroom-tumblers/4044_539095_2505058_6710549"
            ],
            [
                "Dorm Bath Essentials",
                "/browse/home/dorm-bath-essentials/4044_1225301_1225229_8079634_7293738"
            ],
            [
                "Soap & Lotion Dispensers",
                "/browse/home/soap-lotion-dispensers/4044_539095_2505058_7681166"
            ],
            [
                "Bathroom Decor Sets",
                "/browse/home/bathroom-decor-sets/4044_539095_2505058_9867329"
            ]
        ]
    },
    {
        "title": "Q-Tees - Hemmed Fingertip Hand Towel",
        "url": "https://www.walmart.com/ip/Q-Tees-Hemmed-Fingertip-Hand-Towel/127847069",
        "price": "$3.00",
        "stars": "3.1",
        "ratings": "33 ",
        "img": "i5.walmartimages.com/asr/52ef3b4c-2403-4984-ba75-32d4569bcec1_1.ff423fca022f60b511bcf0132a5de439.jpeg?odnWidth=612&odnHeight=612&odnBg=ffffff",
        "tags": [
            [
                "Bath Towels",
                "/browse/home/bath-towels/4044_539095_7211899_1030320"
            ],
            [
                "Bath Towel Sets",
                "/browse/home/bath-towel-sets/4044_539095_7211899_1350842"
            ],
            [
                "Shop All Bath Towels",
                "/browse/home/shop-all-bath-towels/4044_539095_7211899_2665582"
            ],
            [
                "Dorm Bath & Laundry",
                "/browse/home/dorm-bath-laundry/4044_1225301_1225229_3339158"
            ],
            [
                "Bath Sheets",
                "/browse/home/bath-sheets/4044_539095_7211899_3917301"
            ],
            [
                "Dorm Bundles",
                "/browse/home/dorm-bundles/4044_1225301_1225229_5830926"
            ],
            [
                "Dorm Bath Essentials",
                "/browse/home/dorm-bath-essentials/4044_1225301_1225229_8079634_7293738"
            ],
            [
                "Teens' Bathroom",
                "/browse/home/teens-bathroom/4044_1156136_9411830"
            ]
        ]
    },
    {
        "title": "InterDesign Kent Bathroom Trash Can, Bronze",
        "url": "https://www.walmart.com/ip/InterDesign-Kent-Bathroom-Trash-Can-Bronze/38394490",
        "price": "$10.00",
        "stars": "4.2",
        "ratings": "80 ",
        "img": "i5.walmartimages.com/asr/6593c692-3c57-4855-ac69-c029b4480872_1.2e99aa3db389f08e61173634a53057ab.jpeg?odnWidth=612&odnHeight=612&odnBg=ffffff",
        "tags": [
            [
                "Shop All Trash Cans",
                "/browse/home/shop-all-trash-cans/4044_623679_1032619_1010739_2693134"
            ],
            [
                "Wastebaskets",
                "/browse/home/wastebaskets/4044_539095_2505058_3725341"
            ],
            [
                "Shop All Bath Accessories",
                "/browse/home/shop-all-bath-accessories/4044_539095_2505058_4232402"
            ],
            [
                "Toothbrush Holders",
                "/browse/home/toothbrush-holders/4044_539095_2505058_5454317"
            ],
            [
                "Hefty Trash Cans",
                "/browse/home/hefty-trash-cans/4044_623679_1032619_1010739_5587690"
            ],
            [
                "Dorm Bath Essentials",
                "/browse/home/dorm-bath-essentials/4044_1225301_1225229_8079634_7293738"
            ],
            [
                "Rubbermaid Trash Cans",
                "/browse/home/rubbermaid-trash-cans/4044_623679_1032619_1010739_7820977"
            ]
        ]
    },
    {
        "title": "Mainstays Inspire Lotion/Soap dispenser, Multicolor, 12.17 oz.",
        "url": "https://www.walmart.com/ip/Mainstays-Inspire-Lotion-Soap-dispenser-Multicolor-12-17-oz/453614277",
        "price": "$9.86",
        "stars": "4.6",
        "ratings": "56 ",
        "img": "i5.walmartimages.com/asr/27eca55e-9b04-4ce5-8fd6-88dd6dc612e0_1.08f1a14d866f63d13d365e100f718d9b.jpeg?odnWidth=612&odnHeight=612&odnBg=ffffff",
        "tags": [
            [
                "Shower Curtain Hooks & Rods",
                "/browse/home/shower-curtain-hooks-rods/4044_539095_1024880"
            ],
            [
                "Bath Towels",
                "/browse/home/bath-towels/4044_539095_7211899_1030320"
            ],
            [
                "Shop All Bath Accessories",
                "/browse/home/shop-all-bath-accessories/4044_539095_2505058_4232402"
            ],
            [
                "Toothbrush Holders",
                "/browse/home/toothbrush-holders/4044_539095_2505058_5454317"
            ],
            [
                "Dorm Bath Essentials",
                "/browse/home/dorm-bath-essentials/4044_1225301_1225229_8079634_7293738"
            ],
            [
                "Soap & Lotion Dispensers",
                "/browse/home/soap-lotion-dispensers/4044_539095_2505058_7681166"
            ],
            [
                "Shower Curtain Rings",
                "/browse/home/shower-curtain-rings/4044_539095_8307770"
            ],
            [
                "Hand Towels",
                "/browse/home/hand-towels/4044_539095_7211899_8928938"
            ]
        ]
    },
    {
        "title": "iDesign Forma Sink Organizer with Sponge and Scrubby, Polished Stainless Steel",
        "url": "https://www.walmart.com/ip/iDesign-Forma-Sink-Organizer-with-Sponge-and-Scrubby-Polished-Stainless-Steel/43655304",
        "price": "$6.79",
        "stars": "4.5",
        "ratings": "59 ",
        "img": "",
        "tags": [
            [
                "Drawers & Cabinet Organizers",
                "/browse/home/drawers-cabinet-organizers/4044_623679_1032619_1075864"
            ],
            [
                "Dinnerware & Serving Storage",
                "/browse/home/dinnerware-serving-storage/4044_623679_1032619_1075865"
            ],
            [
                "Sink Accessories",
                "/browse/home/sink-accessories/4044_623679_1032619_1075867"
            ],
            [
                "Bathroom Accessories",
                "/browse/home/bathroom-accessories/4044_539095_133000"
            ],
            [
                "Soap Dishes",
                "/browse/home/soap-dishes/4044_539095_2505058_1549287"
            ],
            [
                "Paper Towel Holders",
                "/browse/home/paper-towel-holders/4044_623679_1032619_4989059"
            ],
            [
                "Utensil Holders",
                "/browse/home/utensil-holders/4044_623679_1032619_8348055"
            ],
            [
                "Dish Racks",
                "/browse/home/dish-racks/4044_623679_1032619_9367666"
            ]
        ]
    },
    {
        "title": "Hotel Style Peyton Shower Hooks with Easy Glide, Brushed Nickel",
        "url": "https://www.walmart.com/ip/Hotel-Style-Peyton-Shower-Hooks-with-Easy-Glide-Brushed-Nickel/49455212",
        "price": "$9.96",
        "stars": "3.9",
        "ratings": "88 ",
        "img": "i5.walmartimages.com/asr/021b4152-dd77-444d-a3d0-9ca605627bf3_1.fe862fec88005d2435353876f47e2201.jpeg?odnWidth=612&odnHeight=612&odnBg=ffffff",
        "tags": [
            [
                "Dorm Bath & Laundry",
                "/browse/home/dorm-bath-laundry/4044_1225301_1225229_3339158"
            ],
            [
                "Shower Curtain Liners",
                "/browse/home/shower-curtain-liners/4044_539095_2141805_3396784"
            ],
            [
                "White Shower Curtains",
                "/browse/home/white-shower-curtains/4044_539095_2141805_5102000"
            ],
            [
                "Shower Curtains",
                "/browse/home/shower-curtains/4044_539095_2141805_533461"
            ],
            [
                "Tension Rods",
                "/browse/home/tension-rods/4044_539095_7114312"
            ],
            [
                "Dorm Bath Essentials",
                "/browse/home/dorm-bath-essentials/4044_1225301_1225229_8079634_7293738"
            ],
            [
                "Shower Curtain Rings",
                "/browse/home/shower-curtain-rings/4044_539095_8307770"
            ],
            [
                "Fabric Shower Curtains",
                "/browse/home/fabric-shower-curtains/4044_539095_2141805_8715072"
            ]
        ]
    }
]