[
    {
        "title": "Fashion Large Bean Bag Sofa Cover Lounger Chair Sofa Ottoman Seat Living Room Furniture Cover",
        "url": "https://www.walmart.com/ip/Fashion-Large-Bean-Bag-Sofa-Cover-Lounger-Chair-Sofa-Ottoman-Seat-Living-Room-Furniture-Cover/389821859",
        "price": "$27.89",
        "stars": "3.0",
        "ratings": "1 ",
        "img": "",
        "tags": [
            [
                "Kids' Chairs & Seating",
                "/browse/home/kids-chairs-seating/4044_1154295_1155958_1156032"
            ],
            [
                "Teens' Lounge Seating",
                "/browse/home/teens-lounge-seating/4044_1156136_1156142_1156147"
            ],
            [
                "Big Bean Bag Chairs",
                "/browse/home/big-bean-bag-chairs/4044_1154295_1155958_7203266_4128634"
            ],
            [
                "Bean Bag Chairs",
                "/browse/home/bean-bag-chairs/4044_1154295_1155958_7203266_4850205"
            ],
            [
                "Shop All Kids' Furniture",
                "/browse/home/shop-all-kids-furniture/4044_1154295_1155958_5352796"
            ],
            [
                "Kids' Bean Bag Chairs",
                "/browse/home/kids-bean-bag-chairs/4044_1154295_1155958_7203266_9269066"
            ],
            [
                "All Kids' Chairs",
                "/browse/home/all-kids-chairs/4044_1154295_1155958_7203266_9300235"
            ],
            [
                "Kids' Playroom",
                "/browse/home/kids-playroom/4044_1154295_9443108"
            ]
        ]
    },
    {
        "title": "Humble Crew Kids Bookshelf 4 Tier Book Organizer, Inspire Collection, Grey/White",
        "url": "https://www.walmart.com/ip/Humble-Crew-Kids-Bookshelf-4-Tier-Book-Organizer-Inspire-Collection-Grey-White/998487374",
        "price": "$33.96",
        "stars": "4.7",
        "ratings": "26 ",
        "img": "i5.walmartimages.com/asr/91e886fc-a829-4231-bbb9-967eefc8488d_2.9d07374498f2ee618a4049b96f19409d.jpeg?odnWidth=612&odnHeight=612&odnBg=ffffff",
        "tags": [
            [
                "Toy Storage",
                "/browse/home/toy-storage/4044_90828_2523133_1798234"
            ],
            [
                "Kids' Storage Bins",
                "/browse/home/kids-storage-bins/4044_90828_2523133_2558841"
            ],
            [
                "Daycare Furniture",
                "/browse/home/daycare-furniture/4044_1154295_1155958_2660755"
            ],
            [
                "Toy Organizers",
                "/browse/home/toy-organizers/4044_90828_2523133_6541275"
            ],
            [
                "Kids' Storage",
                "/browse/home/kids-storage/4044_1154295_673059"
            ],
            [
                "Shop All Kids' Storage",
                "/browse/home/shop-all-kids-storage/4044_90828_2523133_7142851"
            ],
            [
                "White Bookcases & Bookshelves",
                "/browse/home/white-bookcases-bookshelves/4044_103150_97116_8660201"
            ],
            [
                "Kids' Playroom",
                "/browse/home/kids-playroom/4044_1154295_9443108"
            ]
        ]
    },
    {
        "title": "South Shore Summer Breeze 6-Drawer Double Dresser, Multiple Finishes",
        "url": "https://www.walmart.com/ip/South-Shore-Summer-Breeze-6-Drawer-Double-Dresser-Multiple-Finishes/3921886",
        "price": "$215.00",
        "stars": "3.8",
        "ratings": "547 ",
        "img": "i5.walmartimages.com/asr/72e83c7c-1f9d-46c7-a69b-6f4503b51fb0_1.fb206782912f8c2ee3666d8486bc9063.jpeg?odnWidth=612&odnHeight=612&odnBg=ffffff",
        "tags": [
            [
                "Teens' Dressers",
                "/browse/home/teens-dressers/4044_1156136_1156142_1156146"
            ],
            [
                "Kids' Brown Dressers",
                "/browse/home/kids-brown-dressers/4044_1154295_1155958_1156012_8655612_1280416"
            ],
            [
                "White Dressers",
                "/browse/home/white-dressers/4044_103150_102547_4000624_4044459_4007149"
            ],
            [
                "Shop all Dressers",
                "/browse/home/shop-all-dressers/4044_103150_102547_4000624_4417973"
            ],
            [
                "6 Drawer Dressers",
                "/browse/home/6-drawer-dressers/4044_103150_102547_4000624_9936014_6929548"
            ],
            [
                "Kids' White Dressers",
                "/browse/home/kids-white-dressers/4044_1154295_1155958_7041314"
            ],
            [
                "Girls Dressers",
                "/browse/home/girls-dressers/4044_1154295_1155958_1156012_8152368"
            ],
            [
                "Boys Dressers",
                "/browse/home/boys-dressers/4044_1154295_1155958_1156012_9711283"
            ]
        ]
    },
    {
        "title": "Marvel Avengers Marvel Team Twin Bed in a Bag",
        "url": "https://www.walmart.com/ip/Marvel-Avengers-Marvel-Team-Twin-Bed-in-a-Bag/798816573",
        "price": "$57.99",
        "stars": "4.9",
        "ratings": "12 ",
        "img": "i5.walmartimages.com/asr/0df9abb7-46e2-4c48-8424-cd5debb21c84_3.b511f6f36f0f53730bee9f695dbc7c93.jpeg?odnWidth=612&odnHeight=612&odnBg=ffffff",
        "tags": [
            [
                "Kids' Sheets",
                "/browse/home/kids-sheets/4044_1154295_1156114_1156115"
            ],
            [
                "Kids' Comforters",
                "/browse/home/kids-comforters/4044_1154295_1156114_1156132"
            ],
            [
                "Kids' Bedding Sets",
                "/browse/home/kids-bedding-sets/4044_1154295_1156114_1156134"
            ],
            [
                "Shop All Kids' Bedding",
                "/browse/home/shop-all-kids-bedding/4044_1154295_1156114_2202167"
            ],
            [
                "Boys Comforter Sets",
                "/browse/home/boys-comforter-sets/4044_1154295_1156114_2387054"
            ],
            [
                "Boys Bedding",
                "/browse/home/boys-bedding/4044_1154295_1156114_3182549"
            ],
            [
                "Spider-Man Bedding",
                "/browse/home/spider-man-bedding/4044_1154295_1156114_5005801_6047234"
            ],
            [
                "Boys Bedding Sets",
                "/browse/home/boys-bedding-sets/4044_1154295_1156114_8104030"
            ]
        ]
    },
    {
        "title": "Queer Eye Farnsworth 5 Drawer Mid-Century Modern Dresser, Walnut",
        "url": "https://www.walmart.com/ip/Queer-Eye-Farnsworth-5-Drawer-Mid-Century-Modern-Dresser-Walnut/761444404",
        "price": "$230.00",
        "stars": "3.6",
        "ratings": "12 ",
        "img": "",
        "tags": [
            [
                "Oak Dressers",
                "/browse/home/oak-dressers/4044_103150_102547_4000624_4044459_2659676"
            ],
            [
                "White Dressers",
                "/browse/home/white-dressers/4044_103150_102547_4000624_4044459_4007149"
            ],
            [
                "Shop all Dressers",
                "/browse/home/shop-all-dressers/4044_103150_102547_4000624_4417973"
            ],
            [
                "Espresso Dressers",
                "/browse/home/espresso-dressers/4044_103150_102547_4000624_4044459_5630464"
            ],
            [
                "Modern Dressers",
                "/browse/home/modern-dressers/4044_103150_102547_4000624_8913665_6586036"
            ],
            [
                "5 Drawer Dressers",
                "/browse/home/5-drawer-dressers/4044_103150_102547_4000624_9936014_7954053"
            ],
            [
                "Black Dressers",
                "/browse/home/black-dressers/4044_103150_102547_4000624_4044459_8123277"
            ]
        ]
    },
    {
        "title": "Minecraft Earth Twin/Full Reversible Cooling Comforter, Green/Yellow",
        "url": "https://www.walmart.com/ip/Minecraft-Earth-Twin-Full-Reversible-Cooling-Comforter-Green-Yellow/599885694",
        "price": "$29.98",
        "stars": "4.6",
        "ratings": "83 ",
        "img": "i5.walmartimages.com/asr/3211acfe-c3a3-491b-8bfa-4a935714a313_3.3b2a497fb13f80ec0c144d569581d33d.jpeg?odnWidth=612&odnHeight=612&odnBg=ffffff",
        "tags": [
            [
                "Kids' Comforters",
                "/browse/home/kids-comforters/4044_1154295_1156114_1156132"
            ],
            [
                "Kids' Blankets & Throws",
                "/browse/home/kids-blankets-throws/4044_1154295_1156114_1156133"
            ],
            [
                "Character Bedding",
                "/browse/home/character-bedding/4044_1154295_1156114_1753305"
            ],
            [
                "Shop All Kids' Bedding",
                "/browse/home/shop-all-kids-bedding/4044_1154295_1156114_2202167"
            ],
            [
                "Boys Comforter Sets",
                "/browse/home/boys-comforter-sets/4044_1154295_1156114_2387054"
            ],
            [
                "Boys Bedding",
                "/browse/home/boys-bedding/4044_1154295_1156114_3182549"
            ],
            [
                "Kids' Characters",
                "/browse/home/kids-characters/4044_1154295_6561064"
            ],
            [
                "Boys Bedding Sets",
                "/browse/home/boys-bedding-sets/4044_1154295_1156114_8104030"
            ]
        ]
    },
    {
        "title": "Disney Mickey Mouse Playground Pals Boys Bedroom Curtain Panel, 63-inches in L",
        "url": "https://www.walmart.com/ip/Disney-Mickey-Mouse-Playground-Pals-Boys-Bedroom-Curtain-Panel-63-inches-in-L/35463597",
        "price": "$17.00",
        "stars": "4.0",
        "ratings": "27 ",
        "img": "",
        "tags": [
            [
                "Kids' Wall Decals & Stickers",
                "/browse/home/kids-wall-decals-stickers/4044_1154295_1156072_1156772"
            ],
            [
                "Kids' Wall Art",
                "/browse/home/kids-wall-art/4044_1154295_1156072_1157381"
            ],
            [
                "Shop All Wall Art by Style",
                "/browse/home/shop-all-wall-art-by-style/4044_133012_1045881_6473786_3673106"
            ],
            [
                "Kids' Lamps & Lights",
                "/browse/home/kids-lamps-lights/4044_1154295_1156072_3933938"
            ],
            [
                "Kids' Storage",
                "/browse/home/kids-storage/4044_1154295_673059"
            ],
            [
                "Disney Storage",
                "/browse/home/disney-storage/4044_90828_2523133_8092415"
            ],
            [
                "Shop All Wall Art by Artist",
                "/browse/home/shop-all-wall-art-by-artist/4044_133012_1045881_8724634_8745553"
            ]
        ]
    },
    {
        "title": "Heritage Club Kids Country Meadows Bed-in-a-Bag Bedding Set",
        "url": "https://www.walmart.com/ip/Heritage-Club-Kids-Country-Meadows-Bed-in-a-Bag-Bedding-Set/25187415",
        "price": "$39.97",
        "stars": "4.4",
        "ratings": "100 ",
        "img": "i5.walmartimages.com/asr/02c55bbd-154e-44f1-a1d3-08e5d021ce9b_1.e2418981dad477c3a0c9e52c1588b13d.jpeg?odnWidth=612&odnHeight=612&odnBg=ffffff",
        "tags": [
            [
                "Kids' Comforters",
                "/browse/home/kids-comforters/4044_1154295_1156114_1156132"
            ],
            [
                "Girls Bedding",
                "/browse/home/girls-bedding/4044_1154295_1156114_1232347"
            ],
            [
                "Shop All Kids' Bedding",
                "/browse/home/shop-all-kids-bedding/4044_1154295_1156114_2202167"
            ],
            [
                "Bed-in-a-Bag Sets",
                "/browse/home/bed-in-a-bag-sets/4044_539103_9474113_3388004"
            ],
            [
                "Girls Bedding Sets",
                "/browse/home/girls-bedding-sets/4044_1154295_1156114_3967620"
            ],
            [
                "Girls Comforter Sets",
                "/browse/home/girls-comforter-sets/4044_1154295_1156114_4082186"
            ],
            [
                "Princess Bedding",
                "/browse/home/princess-bedding/4044_1154295_1156114_2439708_4418793"
            ],
            [
                "Floral Bedding",
                "/browse/home/floral-bedding/4044_1154295_1156114_2439708_7191568"
            ]
        ]
    },
    {
        "title": "Unicorn Deluxe Plush Blanket for Kids by Your Zone",
        "url": "https://www.walmart.com/ip/Unicorn-Deluxe-Plush-Blanket-for-Kids-by-Your-Zone/164456671",
        "price": "$13.97",
        "stars": "4.8",
        "ratings": "28 ",
        "img": "i5.walmartimages.com/asr/d0550516-551f-4467-997b-d55daceef6a7_1.4c7fe3fc5f1e367020d98ca3feeec34d.jpeg?odnWidth=612&odnHeight=612&odnBg=ffffff",
        "tags": [
            [
                "Girls Bedding",
                "/browse/home/girls-bedding/4044_1154295_1156114_1232347"
            ],
            [
                "Shop All Kids' Bedding",
                "/browse/home/shop-all-kids-bedding/4044_1154295_1156114_2202167"
            ],
            [
                "Shop All Kids' Decor",
                "/browse/home/shop-all-kids-decor/4044_1154295_1156072_2546143"
            ],
            [
                "Shop all Blankets",
                "/browse/home/shop-all-blankets/4044_539103_4756_5423927"
            ],
            [
                "Kids' Themes",
                "/browse/home/kids-themes/4044_1154295_5819446"
            ],
            [
                "Throws",
                "/browse/home/throws/4044_133012_6160705_9662661"
            ]
        ]
    },
    {
        "title": "DreamWorks Trolls Movie Slumber Bag with BONUS Pillow",
        "url": "https://www.walmart.com/ip/DreamWorks-Trolls-Movie-Slumber-Bag-with-BONUS-Pillow/181921230",
        "price": "$17.97",
        "stars": "4.5",
        "ratings": "45 ",
        "img": "i5.walmartimages.com/asr/8d13c72f-eab4-48c9-94eb-c2d998019076_1.3cc605cd43885e28c79c395dd6a2921e.jpeg?odnWidth=612&odnHeight=612&odnBg=ffffff",
        "tags": [
            [
                "Kids' Lighting",
                "/browse/home/kids-lighting/4044_1154295_1156072_1156092"
            ],
            [
                "Kids' Blankets & Throws",
                "/browse/home/kids-blankets-throws/4044_1154295_1156114_1156133"
            ],
            [
                "Kids' Pillows",
                "/browse/home/kids-pillows/4044_1154295_1156114_1156135"
            ],
            [
                "Character Bedding",
                "/browse/home/character-bedding/4044_1154295_1156114_1753305"
            ],
            [
                "Shop All Kids' Bedding",
                "/browse/home/shop-all-kids-bedding/4044_1154295_1156114_2202167"
            ],
            [
                "Kids' Lamps & Lights",
                "/browse/home/kids-lamps-lights/4044_1154295_1156072_3933938"
            ],
            [
                "Kids' Characters",
                "/browse/home/kids-characters/4044_1154295_6561064"
            ]
        ]
    }
]