[
    {
        "title": "Better Trends Trevor Full/Double Bedspread with 2 Standard Shams, Pink",
        "url": "https://www.walmart.com/ip/Better-Trends-Trevor-Full-Double-Bedspread-with-2-Standard-Shams-Pink/629739208",
        "price": "$83.71",
        "stars": "3.9",
        "ratings": "86 ",
        "img": "i5.walmartimages.com/asr/a3c058c3-850a-4369-96fc-1fa4b40a586c.fcc4986ecf0048157b370fc5dbb23482.jpeg?odnWidth=612&odnHeight=612&odnBg=ffffff",
        "tags": [
            [
                "Twin Bedspreads",
                "/browse/home/twin-bedspreads/4044_539103_5598637_4348877_3632293"
            ],
            [
                "Blue Bedspreads",
                "/browse/home/blue-bedspreads/4044_539103_5598637_5175690_4557951"
            ],
            [
                "King Size Bedspreads",
                "/browse/home/king-size-bedspreads/4044_539103_5598637_4723211"
            ],
            [
                "Queen Bedspreads",
                "/browse/home/queen-bedspreads/4044_539103_5598637_4858627"
            ],
            [
                "White Bedspreads",
                "/browse/home/white-bedspreads/4044_539103_5598637_5700858"
            ],
            [
                "Full Size Bedspreads",
                "/browse/home/full-size-bedspreads/4044_539103_5598637_4348877_5843211"
            ],
            [
                "Cotton Bedspreads",
                "/browse/home/cotton-bedspreads/4044_539103_5598637_6008608"
            ],
            [
                "Queen Size Bedspreads",
                "/browse/home/queen-size-bedspreads/4044_539103_5598637_4348877_7329118"
            ]
        ]
    },
    {
        "title": "Spectrum Diversified Wire Storage Basket, Vintage Locker Basket Style, Rustic Farmhouse Chic, Steel Storage for Closets, Pantry, Kitchen, Garage, Bathroom & More, Small, Chrome",
        "url": "https://www.walmart.com/ip/Spectrum-Diversified-Wire-Storage-Basket-Vintage-Locker-Basket-Style-Rustic-Farmhouse-Chic-Steel-Closets-Pantry-Kitchen-Garage-Bathroom-More-Small-Ch/22840713",
        "price": "$23.68",
        "stars": "4.3",
        "ratings": "29 ",
        "img": "i5.walmartimages.com/asr/9bd1e68b-883d-4b58-bcc8-3862c72d5693_1.1c4aee586a1570a23490907f2dbbcd0f.jpeg?odnWidth=612&odnHeight=612&odnBg=ffffff",
        "tags": [
            [
                "Teens' Boxes, Bins & Baskets",
                "/browse/home/teens-boxes-bins-baskets/4044_1156136_1156164_1156165"
            ],
            [
                "Better Homes & Gardens Storage",
                "/browse/home/better-homes-gardens-storage/4044_90828_1541931"
            ],
            [
                "Woven Baskets",
                "/browse/home/woven-baskets/4044_90828_1230055_3781758"
            ],
            [
                "Wicker Baskets",
                "/browse/home/wicker-baskets/4044_90828_1230055_5302424"
            ],
            [
                "Baskets",
                "/browse/home/baskets/4044_90828_1230055_6906751"
            ],
            [
                "Fabric Baskets & Bins",
                "/browse/home/fabric-baskets-bins/4044_90828_1230055_7593658"
            ],
            [
                "Wire Baskets",
                "/browse/home/wire-baskets/4044_90828_1230055_7873487"
            ],
            [
                "Metal Baskets",
                "/browse/home/metal-baskets/4044_90828_1230055_8152737"
            ]
        ]
    },
    {
        "title": "Better Homes & Gardens Modern Farmhouse Armoire, Rustic Gray Finish",
        "url": "https://www.walmart.com/ip/Better-Homes-Gardens-Modern-Farmhouse-Armoire-Rustic-Gray-Finish/410019456",
        "price": "$279.00",
        "stars": "4.6",
        "ratings": "24 ",
        "img": "i5.walmartimages.com/asr/d1e4fbdf-8115-4149-bab1-cebb88c597ec_1.367b8048224500f6b34e749919077ea5.jpeg?odnWidth=612&odnHeight=612&odnBg=ffffff",
        "tags": [
            [
                "Modern Wardrobes",
                "/browse/home/modern-wardrobes/4044_103150_102547_91846_1578980"
            ],
            [
                "Oak Wardrobes",
                "/browse/home/oak-wardrobes/4044_103150_102547_91846_2045268"
            ],
            [
                "Shop all Armoires & Wardrobes",
                "/browse/home/shop-all-armoires-wardrobes/4044_103150_102547_91846_2152339"
            ],
            [
                "Black Wardrobes",
                "/browse/home/black-wardrobes/4044_103150_102547_91846_2647581"
            ],
            [
                "Wardrobes with Drawers",
                "/browse/home/wardrobes-with-drawers/4044_103150_102547_91846_3961904"
            ],
            [
                "Transitional Wardrobes",
                "/browse/home/transitional-wardrobes/4044_103150_102547_91846_5623598"
            ],
            [
                "White Wardrobes",
                "/browse/home/white-wardrobes/4044_103150_102547_91846_7452173"
            ]
        ]
    },
    {
        "title": "Whitmor 5 Shelf Hanging Sweater - Accessory Bag - Closet Hanging Organizer - Pink - 11.5\" x 12.0\" x 42.0\"",
        "url": "https://www.walmart.com/ip/Whitmor-5-Shelf-Hanging-Sweater-Accessory-Bag-Closet-Hanging-Organizer-Pink-11-5-x-12-0-x-42-0/6023222",
        "price": "$11.97",
        "stars": "4.7",
        "ratings": "136 ",
        "img": "i5.walmartimages.com/asr/95e130d3-59ef-4e6c-ad5d-94683d09dade.be8c1f9da863b75b9769c9068335e2dd.jpeg?odnWidth=612&odnHeight=612&odnBg=ffffff",
        "tags": [
            [
                "Teens' Closet Storage",
                "/browse/home/teens-closet-storage/4044_1156136_1156164_1156166"
            ],
            [
                "Dorm Storage",
                "/browse/home/dorm-storage/4044_1225301_1225229_4364714"
            ],
            [
                "Closet Systems",
                "/browse/home/closet-systems/4044_90828_1230061_5489632"
            ],
            [
                "Hanging Closet Organizers",
                "/browse/home/hanging-closet-organizers/4044_90828_1230061_7678618"
            ],
            [
                "Over Door Shoe Racks",
                "/browse/home/over-door-shoe-racks/4044_90828_1230061_1230062_8873765"
            ],
            [
                "Hanging Ironing Boards",
                "/browse/home/hanging-ironing-boards/4044_90828_7067220_9145332"
            ],
            [
                "Small bedroom ideas",
                "/browse/home/small-bedroom-ideas/4044_1879527_9330810_9483188"
            ],
            [
                "Shelf Dividers",
                "/browse/home/shelf-dividers/4044_90828_1230061_9784031"
            ]
        ]
    },
    {
        "title": "Folding Storage Footstool, PVC Leather Rectangular Surface with Line Footstool, Storage Chest Footrest with Seat, Storage Cabinet, Practical Storage Bench, Furniture for Home Use, Brown, Y0057",
        "url": "https://www.walmart.com/ip/Folding-Storage-Footstool-PVC-Leather-Rectangular-Surface-Line-Chest-Footrest-Seat-Cabinet-Practical-Bench-Furniture-Home-Use-Brown-Y0057/968355195",
        "price": "$39.99",
        "stars": "4.4",
        "ratings": "7 ",
        "img": "i5.walmartimages.com/asr/66ac864f-87ad-46ea-85ab-d4fd14b71c87_1.030b9d55a82cfe19c3b4c9580f8ec784.jpeg?odnWidth=612&odnHeight=612&odnBg=ffffff",
        "tags": [
            [
                "Shoe Benches",
                "/browse/home/shoe-benches/4044_103150_102547_6438879_3648842"
            ],
            [
                "Benches",
                "/browse/home/benches/4044_103150_102547_468234"
            ],
            [
                "Upholstered Benches",
                "/browse/home/upholstered-benches/4044_103150_102547_6438879_6236268"
            ],
            [
                "Storage Benches",
                "/browse/home/storage-benches/4044_103150_102547_6438879_7886342"
            ],
            [
                "All Ottomans",
                "/browse/home/all-ottomans/4044_103150_4038_9082960_8193767"
            ],
            [
                "Small Entryway Tables & Benches",
                "/browse/home/small-entryway-tables-benches/4044_103150_2880259_8215664"
            ],
            [
                "Entryway Benches",
                "/browse/home/entryway-benches/4044_103150_102547_6438879_9191412"
            ],
            [
                "Leather Ottomans",
                "/browse/home/leather-ottomans/4044_103150_4038_9082960_9793012"
            ]
        ]
    },
    {
        "title": "South Shore Smart Basics 3-Drawer Dresser with Door, Multiple Finishes",
        "url": "https://www.walmart.com/ip/South-Shore-Smart-Basics-3-Drawer-Dresser-with-Door-Multiple-Finishes/15819552",
        "price": "$143.14",
        "stars": "3.3",
        "ratings": "342 ",
        "img": "i5.walmartimages.com/asr/787bedeb-8a94-4fe3-b834-77392c6d8cb3_1.03f113772d801517f0a5d8233f7a7b47.jpeg?odnWidth=612&odnHeight=612&odnBg=ffffff",
        "tags": [
            [
                "Teens' Dressers",
                "/browse/home/teens-dressers/4044_1156136_1156142_1156146"
            ],
            [
                "White Dressers",
                "/browse/home/white-dressers/4044_103150_102547_4000624_4044459_4007149"
            ],
            [
                "Shop all Dressers",
                "/browse/home/shop-all-dressers/4044_103150_102547_4000624_4417973"
            ],
            [
                "Modern Dressers",
                "/browse/home/modern-dressers/4044_103150_102547_4000624_8913665_6586036"
            ],
            [
                "Kids' White Dressers",
                "/browse/home/kids-white-dressers/4044_1154295_1155958_7041314"
            ],
            [
                "Black Dressers",
                "/browse/home/black-dressers/4044_103150_102547_4000624_4044459_8123277"
            ],
            [
                "Girls Dressers",
                "/browse/home/girls-dressers/4044_1154295_1155958_1156012_8152368"
            ],
            [
                "Boys Dressers",
                "/browse/home/boys-dressers/4044_1154295_1155958_1156012_9711283"
            ]
        ]
    },
    {
        "title": "Simply Soft 6-Piece Bed Sheet Set, Full, Gold",
        "url": "https://www.walmart.com/ip/Simply-Soft-6-Piece-Bed-Sheet-Set-Full-Gold/48829457",
        "price": "$27.99",
        "stars": "4.5",
        "ratings": "32 ",
        "img": "i5.walmartimages.com/asr/90598a64-8e84-4328-9a67-b65caa42ce1f_1.827aa9635b3468f869e13d95871a3c20.jpeg?odnWidth=612&odnHeight=612&odnBg=ffffff",
        "tags": [
            [
                "Cotton Sheets",
                "/browse/home/cotton-sheets/4044_539103_5055527_1534808"
            ],
            [
                "Twin XL Sheets",
                "/browse/home/twin-xl-sheets/4044_539103_5055527_1928269"
            ],
            [
                "White Sheets",
                "/browse/home/white-sheets/4044_539103_5055527_4299542"
            ],
            [
                "Queen Sheets",
                "/browse/home/queen-sheets/4044_539103_5055527_7356834"
            ],
            [
                "Soft Sheets",
                "/browse/home/soft-sheets/4044_539103_5055527_7916816"
            ],
            [
                "Deep Pocket Sheets",
                "/browse/home/deep-pocket-sheets/4044_539103_5055527_8252918"
            ],
            [
                "California King Sheets",
                "/browse/home/california-king-sheets/4044_539103_5055527_9414335"
            ],
            [
                "Warm & Cozy Sheets",
                "/browse/home/warm-cozy-sheets/4044_539103_5055527_9461375"
            ]
        ]
    },
    {
        "title": "Mainstays Solid Bed in Bag Set, Silver, Full",
        "url": "https://www.walmart.com/ip/Mainstays-Solid-Bed-in-Bag-Set-Silver-Full/244047886",
        "price": "$32.96",
        "stars": "4.5",
        "ratings": "4 ",
        "img": "i5.walmartimages.com/asr/9ec28a83-a929-4a1f-af2f-7c8d1c79e7da.775e4f423e9ffbdb405b3288d92272d3.jpeg?odnWidth=612&odnHeight=612&odnBg=ffffff",
        "tags": [
            [
                "Grey Comforters",
                "/browse/home/grey-comforters/4044_539103_1995847_2463602"
            ],
            [
                "White Comforters",
                "/browse/home/white-comforters/4044_539103_1995847_2605452"
            ],
            [
                "Shop All Teens' Bedding",
                "/browse/home/shop-all-teens-bedding/4044_1156136_1156157_2716120"
            ],
            [
                "Bed-in-a-Bag Sets",
                "/browse/home/bed-in-a-bag-sets/4044_539103_9474113_3388004"
            ],
            [
                "Comforters",
                "/browse/home/comforters/4044_539103_4754"
            ],
            [
                "Comforter Sets",
                "/browse/home/comforter-sets/4044_539103_9474113_5287544"
            ],
            [
                "Blue Comforters",
                "/browse/home/blue-comforters/4044_539103_1995847_7238240"
            ],
            [
                "Dorm Bedding",
                "/browse/home/dorm-bedding/4044_1225301_1225229_9830377"
            ]
        ]
    },
    {
        "title": "X Rocker Veleno Junior 2.1 Wired Pedestal Gaming Chair, Silver",
        "url": "https://www.walmart.com/ip/X-Rocker-Veleno-Junior-2-1-Wired-Pedestal-Gaming-Chair-Silver/929683991",
        "price": "$129.00",
        "stars": "5.0",
        "ratings": "1 ",
        "img": "i5.walmartimages.com/asr/b0331722-d762-4fd2-9752-e716a0aed5b7.bde727a8f9e0e327b1aab073656d74e6.jpeg?odnWidth=612&odnHeight=612&odnBg=ffffff",
        "tags": [
            [
                "Dorm Study Furniture",
                "/browse/home/dorm-study-furniture/4044_1225301_1225229_1385016"
            ],
            [
                "X Rocker",
                "/browse/home/x-rocker/4044_1154295_1155958_7203266_3661693"
            ],
            [
                "Ergonomic Chairs",
                "/browse/home/ergonomic-chairs/4044_103150_97116_5177400"
            ],
            [
                "Gaming Chair Rockers",
                "/browse/home/gaming-chair-rockers/4044_1154295_1155958_7203266_5387681"
            ],
            [
                "Teens' Desk Chairs",
                "/browse/home/teens-desk-chairs/4044_1156136_1156142_5845507"
            ],
            [
                "White Office Furniture",
                "/browse/home/white-office-furniture/4044_103150_97116_7165397"
            ],
            [
                "All Kids' Chairs",
                "/browse/home/all-kids-chairs/4044_1154295_1155958_7203266_9300235"
            ],
            [
                "Gaming Chairs",
                "/browse/home/gaming-chairs/4044_103150_97116_9559238"
            ]
        ]
    },
    {
        "title": "OFM Essentials Collection High-Back Gaming Chair, Padded Loop Arms, in Red (ESS-3083HB-RED)",
        "url": "https://www.walmart.com/ip/OFM-Essentials-Collection-High-Back-Gaming-Chair-Padded-Loop-Arms-in-Red-ESS-3083HB-RED/218350693",
        "price": "$106.51",
        "stars": "4.2",
        "ratings": "229 ",
        "img": "i5.walmartimages.com/asr/0afe3dd0-5859-46a8-8388-87a395c28390.da5edfc28ad4e7574e0e17f1be41bce3.jpeg?odnWidth=612&odnHeight=612&odnBg=ffffff",
        "tags": [
            [
                "Teens' Gaming",
                "/browse/home/teens-gaming/4044_1156136_1156142_1043794"
            ],
            [
                "Executive Office Chairs",
                "/browse/home/executive-office-chairs/4044_103150_97116_3896177"
            ],
            [
                "Ergonomic Chairs",
                "/browse/home/ergonomic-chairs/4044_103150_97116_5177400"
            ],
            [
                "Small Space Desks & Office Furniture",
                "/browse/home/small-space-desks-office-furniture/4044_103150_2880259_6932446"
            ],
            [
                "White Office Furniture",
                "/browse/home/white-office-furniture/4044_103150_97116_7165397"
            ],
            [
                "Office Chairs",
                "/browse/home/office-chairs/4044_103150_97116_91853"
            ],
            [
                "All Kids' Chairs",
                "/browse/home/all-kids-chairs/4044_1154295_1155958_7203266_9300235"
            ],
            [
                "Gaming Chairs",
                "/browse/home/gaming-chairs/4044_103150_97116_9559238"
            ]
        ]
    }
]