[
    {
        "title": "Mainstays 16-Piece Drinkware Glass Set",
        "url": "https://www.walmart.com/ip/Mainstays-16-Piece-Drinkware-Glass-Set/534121172",
        "price": "$18.99",
        "stars": "4.7",
        "ratings": "84 ",
        "img": "i5.walmartimages.com/asr/f9d40c3d-e95d-4d92-8b7f-e35bc9057424_2.cfd5fef640b045b50a3090e3ae5410f2.jpeg?odnWidth=612&odnHeight=612&odnBg=ffffff",
        "tags": [
            [
                "Summer Entertaining-Drinkware",
                "/browse/home/summer-entertaining-drinkware/4044_1225301_1224843_1225118_1225124"
            ],
            [
                "Kitchen Wedding Registry",
                "/browse/home/kitchen-wedding-registry/4044_623679_3700962"
            ],
            [
                "Small kitchen ideas",
                "/browse/home/small-kitchen-ideas/4044_1879527_9330810_4641057"
            ],
            [
                "Dinnerware Sets",
                "/browse/home/dinnerware-sets/4044_623679_639999_489706"
            ],
            [
                "Dorm Bundles",
                "/browse/home/dorm-bundles/4044_1225301_1225229_5830926"
            ],
            [
                "Drinkware Sets",
                "/browse/home/drinkware-sets/4044_623679_639999_3148543_5970774"
            ],
            [
                "Dorm Dining Essentials",
                "/browse/home/dorm-dining-essentials/4044_1225301_1225229_8079634_8700307"
            ],
            [
                "Dorm Dining & Hydration",
                "/browse/home/dorm-dining-hydration/4044_1225301_1225229_9951877"
            ]
        ]
    },
    {
        "title": "Hamburg 1.5 Gallon Beverage Dispenser & Stand",
        "url": "https://www.walmart.com/ip/Hamburg-1-5-Gallon-Beverage-Dispenser-Stand/50629574",
        "price": "$13.49",
        "stars": "4.0",
        "ratings": "227 ",
        "img": "i5.walmartimages.com/asr/cf8311e3-ac7f-4ea8-af54-78991264c0a7_1.2c9486f76c06941f934f4a33546fb8fc.jpeg?odnWidth=612&odnHeight=612&odnBg=ffffff",
        "tags": [
            [
                "Food Warmers",
                "/browse/home/food-warmers/4044_90548_90546_133025_2381756"
            ],
            [
                "Coffee Storage",
                "/browse/home/coffee-storage/4044_623679_1032619_2669816"
            ],
            [
                "Kitchen Wedding Registry",
                "/browse/home/kitchen-wedding-registry/4044_623679_3700962"
            ],
            [
                "Cake Stands",
                "/browse/home/cake-stands/4044_623679_639999_2347672_4998583"
            ],
            [
                "Pitchers & Carafes",
                "/browse/home/pitchers-carafes/4044_623679_639999_2347672_6940701"
            ],
            [
                "Serving Platters & Trays",
                "/browse/home/serving-platters-trays/4044_623679_639999_2347672_7413764"
            ],
            [
                "Dorm Dining Essentials",
                "/browse/home/dorm-dining-essentials/4044_1225301_1225229_8079634_8700307"
            ]
        ]
    },
    {
        "title": "Rubbermaid, Modular Cereal Keeper with Flip-Top, Red, 18 Cup",
        "url": "https://www.walmart.com/ip/Rubbermaid-Modular-Cereal-Keeper-with-Flip-Top-Red-18-Cup/30606988",
        "price": "$8.10",
        "stars": "4.6",
        "ratings": "274 ",
        "img": "i5.walmartimages.com/asr/63f730b2-7781-48c0-a7b1-1838a9516c52_1.61afd71ce874971004016a6f5f612da0.jpeg?odnWidth=612&odnHeight=612&odnBg=ffffff",
        "tags": [
            [
                "Counter Organizers",
                "/browse/home/counter-organizers/4044_623679_1032619_1032621"
            ],
            [
                "Food Storage",
                "/browse/home/food-storage/4044_1225301_1225229_1225238_1230042"
            ],
            [
                "Coffee Storage",
                "/browse/home/coffee-storage/4044_623679_1032619_2669816"
            ],
            [
                "Shop All Food Storage Containers",
                "/browse/home/shop-all-food-storage-containers/4044_623679_1032619_5842891_2687119"
            ],
            [
                "Kitchen Canisters",
                "/browse/home/kitchen-canisters/4044_623679_1032619_5842891_2867332"
            ],
            [
                "Rubbermaid Food Storage",
                "/browse/home/rubbermaid-food-storage/4044_623679_1032619_5842891_3368294"
            ],
            [
                "Meal Prep Containers",
                "/browse/home/meal-prep-containers/4044_623679_1032619_5842891_8561628"
            ],
            [
                "Dorm Dining & Hydration",
                "/browse/home/dorm-dining-hydration/4044_1225301_1225229_9951877"
            ]
        ]
    },
    {
        "title": "Farberware Classic 6-Piece Full Tang Triple Riveted Knife Prep Set with Black Handles",
        "url": "https://www.walmart.com/ip/Farberware-Classic-6-Piece-Full-Tang-Triple-Riveted-Knife-Prep-Set-with-Black-Handles/20511521",
        "price": "$14.97",
        "stars": "4.0",
        "ratings": "80 ",
        "img": "",
        "tags": [
            [
                "Paring Knives",
                "/browse/home/paring-knives/4044_623679_4809470_1952043"
            ],
            [
                "Chef's Knives",
                "/browse/home/chefs-knives/4044_623679_4809470_2444927"
            ],
            [
                "Cutlery Sets",
                "/browse/home/cutlery-sets/4044_623679_4809470_2555099"
            ],
            [
                "Steak Knives",
                "/browse/home/steak-knives/4044_623679_4809470_3348834"
            ],
            [
                "Specialty Knives",
                "/browse/home/specialty-knives/4044_623679_4809470_3480490"
            ],
            [
                "Bread Knives",
                "/browse/home/bread-knives/4044_623679_4809470_3889576"
            ],
            [
                "Kitchen Knives",
                "/browse/home/kitchen-knives/4044_623679_4809470_7492917"
            ],
            [
                "Dorm Dining & Hydration",
                "/browse/home/dorm-dining-hydration/4044_1225301_1225229_9951877"
            ]
        ]
    },
    {
        "title": "Tranquility 12lbs Weighted Blanket",
        "url": "https://www.walmart.com/ip/Tranquility-12lbs-Weighted-Blanket/540895347",
        "price": "$23.45",
        "stars": "4.7",
        "ratings": "144 ",
        "img": "i5.walmartimages.com/asr/921fe332-1d92-430b-b100-118d69bfa1a7.0e402432f42d61e40f9e5c4fe48c2e44.jpeg?odnWidth=612&odnHeight=612&odnBg=ffffff",
        "tags": [
            [
                "Weighted Blankets",
                "/browse/home/weighted-blankets/4044_539103_4756_5185109_2227165"
            ],
            [
                "Basic Bed Blankets",
                "/browse/home/basic-bed-blankets/4044_539103_1095008_4448652"
            ],
            [
                "Weighted Blanket Covers",
                "/browse/home/weighted-blanket-covers/4044_539103_4756_8314562_4649442"
            ],
            [
                "15lb Weighted Blankets",
                "/browse/home/15lb-weighted-blankets/4044_539103_4756_8314562_5407519"
            ],
            [
                "Shop all Blankets",
                "/browse/home/shop-all-blankets/4044_539103_4756_5423927"
            ],
            [
                "Weighted Blanket for Adults",
                "/browse/home/weighted-blanket-for-adults/4044_539103_4756_8314562_5956246"
            ],
            [
                "20lb Weighted Blankets",
                "/browse/home/20lb-weighted-blankets/4044_539103_4756_8314562_7430903"
            ],
            [
                "Shop All Weighted Blankets",
                "/browse/home/shop-all-weighted-blankets/4044_539103_4756_8314562_8385294"
            ]
        ]
    },
    {
        "title": "Roborock S5 Max Robot Vacuum & Mop Cleaner - White",
        "url": "https://www.walmart.com/ip/Roborock-S5-Max-Robot-Vacuum-Mop-Cleaner-White/400242001",
        "price": "$549.00",
        "stars": "4.6",
        "ratings": "34 ",
        "img": "i5.walmartimages.com/asr/39e7c944-6fde-44fc-b8ef-7bd59cbfe470_1.43e260de59838e43d4fdf6914126d786.jpeg?odnWidth=612&odnHeight=612&odnBg=ffffff",
        "tags": []
    },
    {
        "title": "Hamilton Beach 1.1 Cu. Ft. Red Microwave",
        "url": "https://www.walmart.com/ip/Hamilton-Beach-1-1-Cu-Ft-Red-Microwave/42347272",
        "price": "$74.84",
        "stars": "4.0",
        "ratings": "1273 ",
        "img": "i5.walmartimages.com/asr/18357347-f425-4d47-9247-adbb540a27cc_1.258eaeb68dcb25aad9c9ff1fe60790bb.jpeg?odnWidth=612&odnHeight=612&odnBg=ffffff",
        "tags": [
            [
                "Top Must Haves For College",
                "/browse/home/top-must-haves-for-college/4044_1225301_1225229_1225230"
            ],
            [
                "Kitchen Appliances",
                "/browse/home/kitchen-appliances/4044_1225301_1225229_1225238_1230030"
            ],
            [
                "Small Microwaves",
                "/browse/home/small-microwaves/4044_90548_90546_132950_3079954"
            ],
            [
                "Stainless Steel Microwaves",
                "/browse/home/stainless-steel-microwaves/4044_90548_90546_132950_4169225"
            ],
            [
                "Dorm Appliances",
                "/browse/home/dorm-appliances/4044_1225301_1225229_4267503"
            ],
            [
                "Dorm Room Essentials",
                "/browse/home/dorm-room-essentials/4044_1225301_1225229_7506721"
            ],
            [
                "Shop All Microwaves",
                "/browse/home/shop-all-microwaves/4044_90548_90546_132950_8874548"
            ],
            [
                "Red Microwaves",
                "/browse/home/red-microwaves/4044_90548_90546_132950_9542569"
            ]
        ]
    },
    {
        "title": "Hotel Luxury Bed Sheets - 4 Pieces - Extra Soft - 16\" Deep Pocket Brushed Microfiber Wrinkle Resistant Bedding Sheets King,Navy Blue",
        "url": "https://www.walmart.com/ip/Hotel-Luxury-Bed-Sheets-4-Pieces-Extra-Soft-16-Deep-Pocket-Brushed-Microfiber-Wrinkle-Resistant-Bedding-Sheets-King-Navy-Blue/812567044",
        "price": "$26.99",
        "stars": "4.3",
        "ratings": "227 ",
        "img": "i5.walmartimages.com/asr/39dd0215-6a69-4689-9c01-36d5d62e3d73_1.bf328a685786077efd4950c85702cda1.jpeg?odnWidth=612&odnHeight=612&odnBg=ffffff",
        "tags": [
            [
                "Bed Sheets",
                "/browse/home/bed-sheets/4044_539103_133061"
            ],
            [
                "Microfiber Sheets",
                "/browse/home/microfiber-sheets/4044_539103_5055527_2660867"
            ],
            [
                "White Sheets",
                "/browse/home/white-sheets/4044_539103_5055527_4299542"
            ],
            [
                "Queen Sheets",
                "/browse/home/queen-sheets/4044_539103_5055527_7356834"
            ],
            [
                "Sheet Sets",
                "/browse/home/sheet-sets/4044_539103_5055527_8012601"
            ],
            [
                "Deep Pocket Sheets",
                "/browse/home/deep-pocket-sheets/4044_539103_5055527_8252918"
            ],
            [
                "Full Sheets",
                "/browse/home/full-sheets/4044_539103_5055527_8485867"
            ],
            [
                "Warm & Cozy Sheets",
                "/browse/home/warm-cozy-sheets/4044_539103_5055527_9461375"
            ]
        ]
    },
    {
        "title": "Blue Diamond 12-Piece Toxin-Free Ceramic Nonstick Cookware Set, Green",
        "url": "https://www.walmart.com/ip/Blue-Diamond-12-Piece-Toxin-Free-Ceramic-Nonstick-Cookware-Set-Green/417455898",
        "price": "$89.00",
        "stars": "4.5",
        "ratings": "215 ",
        "img": "i5.walmartimages.com/asr/992bc974-9533-4f3f-9309-5a061beddbd5_4.b2cd51bfd258d43a5a33acc2e816f864.jpeg?odnWidth=612&odnHeight=612&odnBg=ffffff",
        "tags": [
            [
                "Skillets & Frying Pans",
                "/browse/home/skillets-frying-pans/4044_623679_8140341_1675139"
            ],
            [
                "Non Stick Cookware",
                "/browse/home/non-stick-cookware/4044_623679_6182459_3053446"
            ],
            [
                "Non-Stick Cookware",
                "/browse/home/non-stick-cookware/4044_623679_8140341_3396135"
            ],
            [
                "Greenlife Cookware",
                "/browse/home/greenlife-cookware/4044_1920532_9798650_3964069"
            ],
            [
                "Induction Cookware",
                "/browse/home/induction-cookware/4044_623679_8140341_4084816"
            ],
            [
                "Dorm Bundles",
                "/browse/home/dorm-bundles/4044_1225301_1225229_5830926"
            ],
            [
                "Griddles & Grill Pans",
                "/browse/home/griddles-grill-pans/4044_623679_8140341_6082871"
            ],
            [
                "Ceramic Cookware",
                "/browse/home/ceramic-cookware/4044_623679_8140341_7402424"
            ]
        ]
    },
    {
        "title": "Shark Navigator\u00ae Self-Cleaning Brushroll Pet Upright Vacuum ZU60",
        "url": "https://www.walmart.com/ip/Shark-Navigator-Self-Cleaning-Brushroll-Pet-Upright-Vacuum-ZU60/925457437",
        "price": "$179.00",
        "stars": "4.5",
        "ratings": "350 ",
        "img": "i5.walmartimages.com/asr/7ebee2d4-32fd-4c9c-80d6-34acada22d77_1.0403a7d7da13b760617329f3f3e1d894.jpeg?odnWidth=612&odnHeight=612&odnBg=ffffff",
        "tags": [
            [
                "Best Cordless Vacuums",
                "/browse/home/best-cordless-vacuums/4044_90548_4047_2937675"
            ],
            [
                "Vacuum Cleaners",
                "/browse/home/vacuum-cleaners/4044_90548_4047_3525958"
            ],
            [
                "Shark Cordless Vacuums",
                "/browse/home/shark-cordless-vacuums/4044_90548_4047_4828173"
            ],
            [
                "Shark Vacuums",
                "/browse/home/shark-vacuums/4044_90548_4047_5305234"
            ],
            [
                "Cordless Vacuums",
                "/browse/home/cordless-vacuums/4044_90548_4047_5775266"
            ],
            [
                "Dorm Vacuum Essentials",
                "/browse/home/dorm-vacuum-essentials/4044_1225301_1225229_8079634_6343193"
            ],
            [
                "Shark Steam Mops",
                "/browse/home/shark-steam-mops/4044_90548_4047_7213840"
            ],
            [
                "Upright Vacuums",
                "/browse/home/upright-vacuums/4044_90548_4047_9880471"
            ]
        ]
    }
]