[
    {
        "title": "Brentwood SM-1153 5-Speed + Turbo Stand Mixer, Black",
        "url": "https://www.walmart.com/ip/Brentwood-SM-1153-5-Speed-Turbo-Stand-Mixer-Black/29258646",
        "price": "$31.99",
        "stars": "3.5",
        "ratings": "69 ",
        "img": "",
        "tags": [
            [
                "Shop All Hand Mixers",
                "/browse/home/shop-all-hand-mixers/4044_90548_90546_3995183_1538058_3314808"
            ],
            [
                "KitchenAid Mixer Attachments",
                "/browse/home/kitchenaid-mixer-attachments/4044_1225301_8679660_3824381"
            ],
            [
                "Shop All Mixers & Attachments",
                "/browse/home/shop-all-mixers-attachments/4044_90548_90546_3995183_4030539"
            ],
            [
                "Stand Mixer Attachments",
                "/browse/home/stand-mixer-attachments/4044_90548_90546_3995183_5752812"
            ],
            [
                "KitchenAid",
                "/browse/home/kitchenaid/4044_1225301_9409401_7708390"
            ],
            [
                "Kitchenaid Mixers",
                "/browse/home/kitchenaid-mixers/4044_90548_90546_2971264_8593304"
            ],
            [
                "Hamilton Beach Stand Mixers",
                "/browse/home/hamilton-beach-stand-mixers/4044_90548_90546_3995183_4442279_9699967"
            ]
        ]
    },
    {
        "title": "BLACK+DECKER 32oz Citrus Juicer with Self-reversing Cone, White, CJ650W",
        "url": "https://www.walmart.com/ip/BLACK-DECKER-32oz-Citrus-Juicer-with-Self-reversing-Cone-White-CJ650W/112571551",
        "price": "$19.96",
        "stars": "4.5",
        "ratings": "246 ",
        "img": "i5.walmartimages.com/asr/5d64a50e-a1e9-4d4e-9348-99e33491ec0c_1.392604c22662ea5cbb9b679d8f4236b4.jpeg?odnWidth=612&odnHeight=612&odnBg=ffffff",
        "tags": [
            [
                "Summer Entertaining-Kitchen Appliances",
                "/browse/home/summer-entertaining-kitchen-appliances/4044_1225301_1224843_1225118_1225146"
            ],
            [
                "Kitchen Appliances",
                "/browse/home/kitchen-appliances/4044_1225301_1225229_1225238_1230030"
            ],
            [
                "Lemon Squeezer",
                "/browse/home/lemon-squeezer/4044_623679_133020_4496646_3588350"
            ],
            [
                "Orange Juicers",
                "/browse/home/orange-juicers/4044_90548_90546_2278396_4011202"
            ],
            [
                "Personal Blenders",
                "/browse/home/personal-blenders/4044_90548_90546_4831_6128980"
            ],
            [
                "Hamilton Beach Juicers",
                "/browse/home/hamilton-beach-juicers/4044_90548_90546_2278396_7600684"
            ],
            [
                "Fruit & Vegetable Tools",
                "/browse/home/fruit-vegetable-tools/4044_623679_133020_4496646_8251807"
            ],
            [
                "Jack Lalanne Juicers",
                "/browse/home/jack-lalanne-juicers/4044_90548_90546_2278396_8307276"
            ]
        ]
    },
    {
        "title": "RCA 4.5 Cu Ft Single Door Mini Fridge RFR464, Black",
        "url": "https://www.walmart.com/ip/RCA-4-5-Cu-Ft-Single-Door-Mini-Fridge-RFR464-Black/991819003",
        "price": "$159.00",
        "stars": "4.1",
        "ratings": "169 ",
        "img": "i5.walmartimages.com/asr/a90820da-bf17-454f-8888-613ccdde6873_1.8b3d7bca0a941319fab0f7805f9d4c58.jpeg?odnWidth=612&odnHeight=612&odnBg=ffffff",
        "tags": [
            [
                "Galanz Refrigerators",
                "/browse/home/galanz-refrigerators/4044_90548_9963786_8528006_1761238"
            ],
            [
                "Mini Fridges with Freezers",
                "/browse/home/mini-fridges-with-freezers/4044_90548_9963786_8103923_2157715"
            ],
            [
                "Dorm Appliances",
                "/browse/home/dorm-appliances/4044_1225301_1225229_4267503"
            ],
            [
                "Small kitchen ideas",
                "/browse/home/small-kitchen-ideas/4044_1879527_9330810_4641057"
            ],
            [
                "Freezerless Mini Fridges",
                "/browse/home/freezerless-mini-fridges/4044_90548_9963786_8103923_5573059"
            ],
            [
                "Shop All Refrigerator Brands",
                "/browse/home/shop-all-refrigerator-brands/4044_90548_9963786_8528006_5610417"
            ],
            [
                "Garage Fridge",
                "/browse/home/garage-fridge/4044_90548_9963786_9145073"
            ],
            [
                "Two Door Mini Fridges",
                "/browse/home/two-door-mini-fridges/4044_90548_9963786_8103923_9533949"
            ]
        ]
    },
    {
        "title": "Instant Pot Official Silicone Steamer Basket in Green",
        "url": "https://www.walmart.com/ip/Instant-Pot-Official-Silicone-Steamer-Basket-in-Green/611540476",
        "price": "$10.26",
        "stars": "4.7",
        "ratings": "29 ",
        "img": "i5.walmartimages.com/asr/51866338-5fa0-4635-9e7b-96671a008ae6_1.81ec8ae6b837c471e91226873df93811.jpeg?odnWidth=612&odnHeight=612&odnBg=ffffff",
        "tags": [
            [
                "Specialty Cookware",
                "/browse/home/specialty-cookware/4044_623679_8140341_1074485"
            ],
            [
                "Instant Pot",
                "/browse/home/instant-pot/4044_1225301_9409401_1681369"
            ],
            [
                "Pressure Cookers",
                "/browse/home/pressure-cookers/4044_90548_90546_3206242"
            ],
            [
                "Pressure Cookers & Canners",
                "/browse/home/pressure-cookers-canners/4044_623679_133020_5723943"
            ],
            [
                "Steamer Baskets",
                "/browse/home/steamer-baskets/4044_623679_8140341_5856252"
            ],
            [
                "Egg Tools",
                "/browse/home/egg-tools/4044_623679_133020_4496646_7076481"
            ],
            [
                "Stainless Steel Cookware",
                "/browse/home/stainless-steel-cookware/4044_623679_8140341_7478886"
            ],
            [
                "Shop all Instant Pot",
                "/browse/home/shop-all-instant-pot/4044_623679_4779092_7747488"
            ]
        ]
    },
    {
        "title": "Gourmia Whole Fruit Extraction Juicer with Self Clean",
        "url": "https://www.walmart.com/ip/Gourmia-Whole-Fruit-Extraction-Juicer-with-Self-Clean/987200297",
        "price": "$64.92",
        "stars": "4.7",
        "ratings": "39 ",
        "img": "i5.walmartimages.com/asr/ac851547-f8d5-4a9f-a807-f0b6df36ec55.1caf9a01dde5fc9316d7be17b4ea4aa0.jpeg?odnWidth=612&odnHeight=612&odnBg=ffffff",
        "tags": [
            [
                "Summer Entertaining-Kitchen Appliances",
                "/browse/home/summer-entertaining-kitchen-appliances/4044_1225301_1224843_1225118_1225146"
            ],
            [
                "Omega Juicers",
                "/browse/home/omega-juicers/4044_90548_90546_2278396_2573924"
            ],
            [
                "Lemon Squeezer",
                "/browse/home/lemon-squeezer/4044_623679_133020_4496646_3588350"
            ],
            [
                "Orange Juicers",
                "/browse/home/orange-juicers/4044_90548_90546_2278396_4011202"
            ],
            [
                "Hamilton Beach Juicers",
                "/browse/home/hamilton-beach-juicers/4044_90548_90546_2278396_7600684"
            ],
            [
                "Fruit & Vegetable Tools",
                "/browse/home/fruit-vegetable-tools/4044_623679_133020_4496646_8251807"
            ],
            [
                "Jack Lalanne Juicers",
                "/browse/home/jack-lalanne-juicers/4044_90548_90546_2278396_8307276"
            ]
        ]
    },
    {
        "title": "Melitta #2 Bamboo Cone Coffee Filters, 80 ct. Box",
        "url": "https://www.walmart.com/ip/Melitta-2-Bamboo-Cone-Coffee-Filters-80-ct-Box/28503218",
        "price": "$5.08",
        "stars": "5.0",
        "ratings": "10 ",
        "img": "",
        "tags": [
            [
                "Ground Coffee",
                "/browse/food/ground-coffee/976759_1086446_1229651"
            ],
            [
                "Bunn Coffee Filters",
                "/browse/food/bunn-coffee-filters/976759_1086446_1229655_1560712"
            ],
            [
                "Folgers Ground Coffee",
                "/browse/food/folgers-ground-coffee/976759_1086446_3100047_1674140"
            ],
            [
                "Coffee & Coffee Pods",
                "/browse/food/coffee-coffee-pods/976759_1086446_7238690"
            ],
            [
                "All Folgers Coffee",
                "/browse/food/all-folgers-coffee/976759_1086446_3100047_8271556"
            ],
            [
                "Melitta Coffee Filters",
                "/browse/food/melitta-coffee-filters/976759_1086446_1229655_8379550"
            ],
            [
                "Reusable Coffee Filters",
                "/browse/food/reusable-coffee-filters/976759_1086446_1229655_9693544"
            ]
        ]
    },
    {
        "title": "Medelco Glass 12 Cup Traditional Style Universal Replacement Coffee Carafe",
        "url": "https://www.walmart.com/ip/Medelco-Glass-12-Cup-Traditional-Style-Universal-Replacement-Coffee-Carafe/16457601",
        "price": "$8.38",
        "stars": "3.8",
        "ratings": "63 ",
        "img": "",
        "tags": [
            [
                "Other Cooking Appliances",
                "/browse/home/other-cooking-appliances/4044_90548_90546_1043766"
            ],
            [
                "Kitchen Appliances",
                "/browse/home/kitchen-appliances/4044_1225301_1225229_1225238_1230030"
            ],
            [
                "Coffee Prep",
                "/browse/home/coffee-prep/4044_623679_133020_1338742"
            ],
            [
                "Baking Dishes",
                "/browse/home/baking-dishes/4044_623679_8455465_2321543"
            ],
            [
                "Coffee & Espresso Parts and Accessories",
                "/browse/home/coffee-espresso-parts-accessories/4044_90548_90546_2971264_3403620"
            ],
            [
                "Krups",
                "/browse/home/krups/4044_1225301_9409401_7069980"
            ],
            [
                "Saucepans",
                "/browse/home/saucepans/4044_623679_8140341_7641786"
            ],
            [
                "Martini Glasses",
                "/browse/home/martini-glasses/4044_623679_639999_6972768_9769509"
            ]
        ]
    },
    {
        "title": "Hoover Linx Rechargeable Stick Vacuum Cleaner, BH50010",
        "url": "https://www.walmart.com/ip/Hoover-Linx-Rechargeable-Stick-Vacuum-Cleaner-BH50010/10824756",
        "price": "$139.99",
        "stars": "4.5",
        "ratings": "2420 ",
        "img": "",
        "tags": [
            [
                "Hoover Vacuums",
                "/browse/home/hoover-vacuums/4044_90548_4047_2912203"
            ],
            [
                "Best Cordless Vacuums",
                "/browse/home/best-cordless-vacuums/4044_90548_4047_2937675"
            ],
            [
                "Best Stick Vacuums",
                "/browse/home/best-stick-vacuums/4044_90548_4047_3007980"
            ],
            [
                "Shark Vacuums",
                "/browse/home/shark-vacuums/4044_90548_4047_5305234"
            ],
            [
                "Cordless Vacuums",
                "/browse/home/cordless-vacuums/4044_90548_4047_5775266"
            ],
            [
                "Dorm Vacuum Essentials",
                "/browse/home/dorm-vacuum-essentials/4044_1225301_1225229_8079634_6343193"
            ],
            [
                "Hoover Vacuums on Promo",
                "/browse/home/hoover-vacuums-promo/4044_90548_4047_7398323"
            ],
            [
                "Hoover Stick Vacuums",
                "/browse/home/hoover-stick-vacuums/4044_90548_4047_8665128"
            ]
        ]
    },
    {
        "title": "Alpine 469-Red Triple Brush Floor And Carpet Sweeper",
        "url": "https://www.walmart.com/ip/Alpine-469-Red-Triple-Brush-Floor-And-Carpet-Sweeper/686712771",
        "price": "$19.95",
        "stars": "4.5",
        "ratings": "86 ",
        "img": "i5.walmartimages.com/asr/ecac7959-75ab-4dbf-be8e-7dd80e7a8603.5ac208abd99eb07aa8124fc8a487cbd8.jpeg?odnWidth=612&odnHeight=612&odnBg=ffffff",
        "tags": [
            [
                "Stick Vacuums",
                "/browse/home/stick-vacuums/4044_90548_4047_1082673"
            ],
            [
                "Steam Cleaners",
                "/browse/home/steam-cleaners/4044_90548_4047_1225053"
            ],
            [
                "Shark Sweepers",
                "/browse/home/shark-sweepers/4044_90548_4047_2445475"
            ],
            [
                "Bissell Sweepers",
                "/browse/home/bissell-sweepers/4044_90548_4047_2932103"
            ],
            [
                "Dorm Vacuum Essentials",
                "/browse/home/dorm-vacuum-essentials/4044_1225301_1225229_8079634_6343193"
            ],
            [
                "Hard Floor Cleaners",
                "/browse/home/hard-floor-cleaners/4044_90548_4047_7138429"
            ],
            [
                "Shark Steam Mops",
                "/browse/home/shark-steam-mops/4044_90548_4047_7213840"
            ],
            [
                "Best Sweepers",
                "/browse/home/best-sweepers/4044_90548_4047_9518295"
            ]
        ]
    },
    {
        "title": "FoodSaver Cordless Handheld Food Vacuum Sealer",
        "url": "https://www.walmart.com/ip/FoodSaver-Cordless-Handheld-Food-Vacuum-Sealer/750144925",
        "price": "$24.98",
        "stars": "4.3",
        "ratings": "225 ",
        "img": "i5.walmartimages.com/asr/954e7724-8fa0-496d-beef-ca6b11a597c6_1.a89697af7669a40f84ce7262b2355031.jpeg?odnWidth=612&odnHeight=612&odnBg=ffffff",
        "tags": [
            [
                "Food Savers & Accessories",
                "/browse/home/food-savers-accessories/4044_623679_1032619_1033059"
            ],
            [
                "Vacuum Accessories",
                "/browse/home/vacuum-accessories/4044_90548_4047_1098067"
            ],
            [
                "Vacuum Bags",
                "/browse/home/vacuum-bags/4044_90548_4047_2340214"
            ],
            [
                "Lunch Boxes",
                "/browse/home/lunch-boxes/4044_623679_1032619_2617828_2778265"
            ],
            [
                "Shop All Lunch Boxes & Lunch Bags",
                "/browse/home/shop-all-lunch-boxes-lunch-bags/4044_623679_1032619_2617828_3206877"
            ],
            [
                "Vacuum Sealers",
                "/browse/home/vacuum-sealers/4044_90548_90546_133025_5936217"
            ],
            [
                "Lunch Boxes & Bags",
                "/browse/home/lunch-boxes-bags/4044_623679_1032619_8004747"
            ],
            [
                "Lunch Bags",
                "/browse/home/lunch-bags/4044_623679_1032619_2617828_8027459"
            ]
        ]
    }
]