[
    {
        "title": "Farberware 16-Piece Nonstick Pots and Pans Set/Cookware Set, Copper",
        "url": "https://www.walmart.com/ip/Farberware-16-Piece-Nonstick-Pots-and-Pans-Set-Cookware-Set-Copper/895463853",
        "price": "$59.00",
        "stars": "4.4",
        "ratings": "157 ",
        "img": "i5.walmartimages.com/asr/ee40cd88-a14f-4f24-b2a2-217907d60c53_1.6427e4d146925a776f31956906abe255.jpeg?odnWidth=612&odnHeight=612&odnBg=ffffff",
        "tags": [
            [
                "Farberware Cookware Sets",
                "/browse/home/farberware-cookware-sets/4044_623679_8140341_1732512"
            ],
            [
                "Copper Cookware",
                "/browse/home/copper-cookware/4044_623679_8140341_1819059"
            ],
            [
                "Non Stick Cookware",
                "/browse/home/non-stick-cookware/4044_623679_6182459_3053446"
            ],
            [
                "Non-Stick Cookware",
                "/browse/home/non-stick-cookware/4044_623679_8140341_3396135"
            ],
            [
                "Dorm Bundles",
                "/browse/home/dorm-bundles/4044_1225301_1225229_5830926"
            ],
            [
                "Tramontina",
                "/browse/home/tramontina/4044_623679_8140341_5999849"
            ],
            [
                "Ceramic Cookware",
                "/browse/home/ceramic-cookware/4044_623679_8140341_7402424"
            ],
            [
                "Dorm Dining & Hydration",
                "/browse/home/dorm-dining-hydration/4044_1225301_1225229_9951877"
            ]
        ]
    },
    {
        "title": "Casafield Set of 6 Collapsible Fabric Cube Storage Bins - 11\" Foldable Cloth Baskets for Shelves, Cubby Organizers & More",
        "url": "https://www.walmart.com/ip/Casafield-Set-of-6-Collapsible-Fabric-Cube-Storage-Bins-11-Foldable-Cloth-Baskets-for-Shelves-Cubby-Organizers-More/523589095",
        "price": "$19.99",
        "stars": "4.1",
        "ratings": "176 ",
        "img": "i5.walmartimages.com/asr/ddad3b80-29ff-4837-befc-127c69f5288c_1.6ba20bcd0e16dcddf18079bce6512fbd.jpeg?odnWidth=612&odnHeight=612&odnBg=ffffff",
        "tags": [
            [
                "Cube Storage Bins",
                "/browse/home/cube-storage-bins/4044_90828_1230055_5503617"
            ],
            [
                "Desktop & Drawer Organizers",
                "/browse/home/desktop-drawer-organizers/4044_90828_1230064_650979"
            ],
            [
                "Fabric Baskets & Bins",
                "/browse/home/fabric-baskets-bins/4044_90828_1230055_7593658"
            ],
            [
                "Plastic Storage Drawers & Carts",
                "/browse/home/plastic-storage-drawers-carts/4044_90828_1230056_7602922"
            ],
            [
                "Drawers & Carts",
                "/browse/home/drawers-carts/4044_90828_925639"
            ],
            [
                "Small bedroom ideas",
                "/browse/home/small-bedroom-ideas/4044_1879527_9330810_9483188"
            ],
            [
                "Storage Bins",
                "/browse/home/storage-bins/4044_90828_1230055_9867281"
            ]
        ]
    },
    {
        "title": "No. 918 Vida Semi-Sheer Rod Pocket Single Curtain Panel",
        "url": "https://www.walmart.com/ip/No-918-Vida-Semi-Sheer-Rod-Pocket-Single-Curtain-Panel/55046514",
        "price": "$11.99",
        "stars": "4.6",
        "ratings": "72 ",
        "img": "i5.walmartimages.com/asr/55f08ab6-b858-4c67-baee-c77deb066cea_1.e4c1edb66a0bb84b9fe805481608f5a7.jpeg?odnWidth=612&odnHeight=612&odnBg=ffffff",
        "tags": [
            [
                "Teens' Window Treatments",
                "/browse/home/teens-window-treatments/4044_1156136_1156152_1156155"
            ],
            [
                "Blackout Curtains",
                "/browse/home/blackout-curtains/4044_133012_539105_1521917_1331481"
            ],
            [
                "Room Darkening Curtains",
                "/browse/home/room-darkening-curtains/4044_133012_539105_1521917_2277099"
            ],
            [
                "Curtains",
                "/browse/home/curtains/4044_133012_539105_1521917_2606905"
            ],
            [
                "Kitchen Curtains",
                "/browse/home/kitchen-curtains/4044_133012_539105_1521917_414668"
            ],
            [
                "Valances",
                "/browse/home/valances/4044_133012_539105_1521917_660459"
            ],
            [
                "Curtain Sets",
                "/browse/home/curtain-sets/4044_133012_539105_7600818"
            ],
            [
                "Teen Curtains",
                "/browse/home/teen-curtains/4044_133012_539105_1521917_8856798"
            ]
        ]
    },
    {
        "title": "Bubba Flo Duo Refresh Insulated Water Bottle, 24 Oz., Bold Blue",
        "url": "https://www.walmart.com/ip/Bubba-Flo-Duo-Refresh-Insulated-Water-Bottle-24-Oz-Bold-Blue/908466831",
        "price": "$8.94",
        "stars": "4.3",
        "ratings": "214 ",
        "img": "i5.walmartimages.com/asr/0437e4b0-2c5d-4c65-b67f-9bd65c98175b_1.0d45311cb5612f87c250c9494670d703.jpeg?odnWidth=612&odnHeight=612&odnBg=ffffff",
        "tags": [
            [
                "Plastic Water Bottles",
                "/browse/home/plastic-water-bottles/4044_623679_639999_7751805_4269055_7285309_2888798"
            ],
            [
                "Travel Mugs",
                "/browse/home/travel-mugs/4044_623679_639999_7751805_3759938"
            ],
            [
                "Contigo Water Bottles",
                "/browse/home/contigo-water-bottles/4044_623679_639999_7751805_4269055_1373149_4722352"
            ],
            [
                "Silicone Water Bottles",
                "/browse/home/silicone-water-bottles/4044_623679_639999_7751805_4269055_7285309_5263222"
            ],
            [
                "Insulated Water Bottles",
                "/browse/home/insulated-water-bottles/4044_623679_639999_7751805_4269055_6031069"
            ],
            [
                "Bubba Water Bottles",
                "/browse/home/bubba-water-bottles/4044_623679_639999_7751805_4269055_1373149_6325857"
            ],
            [
                "Kids' Water Bottles",
                "/browse/home/kids-water-bottles/4044_623679_639999_7751805_4269055_7270555"
            ],
            [
                "Thermoses",
                "/browse/home/thermoses/4044_623679_639999_7751805_9823303"
            ]
        ]
    },
    {
        "title": "Frigidaire 3.2 Cu Ft Retro Dry Erase Compact Refrigerator, (EFR331-BLACK), Black",
        "url": "https://www.walmart.com/ip/Frigidaire-3-2-Cu-Ft-Retro-Dry-Erase-Compact-Refrigerator-EFR331-BLACK-Black/211957253",
        "price": "$119.97",
        "stars": "4.0",
        "ratings": "375 ",
        "img": "i5.walmartimages.com/asr/9a8394b5-c2b4-40d0-a480-676610e8f283.0414e0a5d60e16d1985348996e39cb4f.jpeg?odnWidth=612&odnHeight=612&odnBg=ffffff",
        "tags": [
            [
                "Retro Mini Fridges",
                "/browse/home/retro-mini-fridges/4044_90548_9963786_8103923_1471686"
            ],
            [
                "Mini Fridges with Freezers",
                "/browse/home/mini-fridges-with-freezers/4044_90548_9963786_8103923_2157715"
            ],
            [
                "All Mini Fridges & Compact Refrigerators",
                "/browse/home/all-mini-fridges-compact-refrigerators/4044_90548_9963786_8103923_3887893"
            ],
            [
                "Dorm Appliances",
                "/browse/home/dorm-appliances/4044_1225301_1225229_4267503"
            ],
            [
                "Small kitchen ideas",
                "/browse/home/small-kitchen-ideas/4044_1879527_9330810_4641057"
            ],
            [
                "Shop All Refrigerator Brands",
                "/browse/home/shop-all-refrigerator-brands/4044_90548_9963786_8528006_5610417"
            ],
            [
                "Dorm Dining Essentials",
                "/browse/home/dorm-dining-essentials/4044_1225301_1225229_8079634_8700307"
            ],
            [
                "Garage Fridge",
                "/browse/home/garage-fridge/4044_90548_9963786_9145073"
            ]
        ]
    },
    {
        "title": "Chef Craft Long Nylon Slotted Select Turner, Red and Black",
        "url": "https://www.walmart.com/ip/Chef-Craft-Long-Nylon-Slotted-Select-Turner-Red-and-Black/47753099",
        "price": "$3.20",
        "stars": "4.4",
        "ratings": "70 ",
        "img": "i5.walmartimages.com/asr/d264dcc8-4594-4055-861b-46d5b7b02235_1.6a909ae4ebe7e0de27fdabcc9f2e14d7.jpeg?odnWidth=612&odnHeight=612&odnBg=ffffff",
        "tags": [
            [
                "Silicone Spatula",
                "/browse/home/silicone-spatula/4044_623679_133020_4496646_1374781"
            ],
            [
                "Cooking Utensils",
                "/browse/home/cooking-utensils/4044_623679_133020_4496646_3272847"
            ],
            [
                "Mainstays Cooking Utensils",
                "/browse/home/mainstays-cooking-utensils/4044_623679_133020_4496646_5344379"
            ],
            [
                "Safe for Nonstick Cookware Utensils",
                "/browse/home/safe-for-nonstick-cookware-utensils/4044_623679_133020_4496646_6842867"
            ],
            [
                "Cooking Spoons",
                "/browse/home/cooking-spoons/4044_623679_133020_4496646_7015357"
            ],
            [
                "Nylon Spatula",
                "/browse/home/nylon-spatula/4044_623679_133020_4496646_8624785"
            ],
            [
                "Metal Spatula",
                "/browse/home/metal-spatula/4044_623679_133020_4496646_9138562"
            ],
            [
                "Kitchen & Cooking Utensil Sets",
                "/browse/home/kitchen-cooking-utensil-sets/4044_623679_133020_4496646_9403622"
            ]
        ]
    },
    {
        "title": "Mainstays India Medallion Textured Print Area Rug and Runner Collection, Gray/Blue, 5' x 7'",
        "url": "https://www.walmart.com/ip/Mainstays-India-Medallion-Textured-Print-Area-Rug-and-Runner-Collection-Gray-Blue-5-x-7/55412443",
        "price": "$47.88",
        "stars": "4.6",
        "ratings": "564 ",
        "img": "i5.walmartimages.com/asr/bb8173c7-f183-4401-b9e0-fdb67f5d1ef5_3.2e7d22f52b21347360592c15afc61ba7.jpeg?odnWidth=612&odnHeight=612&odnBg=ffffff",
        "tags": [
            [
                "All Runner Rugs",
                "/browse/home/all-runner-rugs/4044_133012_110892_1538758_110894"
            ],
            [
                "Area Rugs for All Rooms",
                "/browse/home/area-rugs-for-all-rooms/4044_133012_110892_6718514_4001684_1541827"
            ],
            [
                "All Area Rug Shapes",
                "/browse/home/all-area-rug-shapes/4044_133012_110892_6718514_5047521_2067299"
            ],
            [
                "All Area Rug Brands",
                "/browse/home/all-area-rug-brands/4044_133012_110892_6718514_1798516_2632865"
            ],
            [
                "Area Rugs in All Patterns",
                "/browse/home/area-rugs-in-all-patterns/4044_133012_110892_6718514_6050557_3695557"
            ],
            [
                "Area Rugs in All Colors",
                "/browse/home/area-rugs-in-all-colors/4044_133012_110892_6718514_1588657_6827320"
            ],
            [
                "Area Rugs in All Materials",
                "/browse/home/area-rugs-in-all-materials/4044_133012_110892_6718514_3513491_9396808"
            ],
            [
                "All Area Rug Sizes",
                "/browse/home/all-area-rug-sizes/4044_133012_110892_6718514_3167309_9543015"
            ]
        ]
    },
    {
        "title": "Mainstays Poly 12\" x 18\" Cutting Board",
        "url": "https://www.walmart.com/ip/Mainstays-Poly-12-x-18-Cutting-Board/13397991",
        "price": "$9.97",
        "stars": "4.6",
        "ratings": "136 ",
        "img": "",
        "tags": [
            [
                "Plastic Cutting Boards",
                "/browse/home/plastic-cutting-boards/4044_623679_3923430_2307831"
            ],
            [
                "Cooking Utensils",
                "/browse/home/cooking-utensils/4044_623679_133020_4496646_3272847"
            ],
            [
                "Bamboo Cutting Boards",
                "/browse/home/bamboo-cutting-boards/4044_623679_3923430_4598364"
            ],
            [
                "Dorm Bundles",
                "/browse/home/dorm-bundles/4044_1225301_1225229_5830926"
            ],
            [
                "All Cutting Boards",
                "/browse/home/all-cutting-boards/4044_623679_3923430_6243811"
            ],
            [
                "Food Prep",
                "/browse/home/food-prep/4044_623679_133020_642199"
            ],
            [
                "Kitchen & Cooking Utensil Sets",
                "/browse/home/kitchen-cooking-utensil-sets/4044_623679_133020_4496646_9403622"
            ],
            [
                "Mixing & Measuring",
                "/browse/home/mixing-measuring/4044_623679_133020_4496646_9584965"
            ]
        ]
    },
    {
        "title": "3 Gallon Mosaic Beverage Dispenser",
        "url": "https://www.walmart.com/ip/3-Gallon-Mosaic-Beverage-Dispenser/53832366",
        "price": "$19.97",
        "stars": "4.1",
        "ratings": "111 ",
        "img": "i5.walmartimages.com/asr/cac0298f-54f6-4c7f-b6a8-46a478e57c83_1.7b50db32541a0d45ff229bdec0ad2aab.jpeg?odnWidth=612&odnHeight=612&odnBg=ffffff",
        "tags": [
            [
                "Shelving Storage",
                "/browse/home/shelving-storage/4044_90828_1230059_1043775"
            ],
            [
                "Kitchen & Dining",
                "/browse/home/kitchen-dining/4044_103150_1225290_1225294"
            ],
            [
                "Shop All The Pioneer Woman",
                "/browse/home/shop-all-the-pioneer-woman/4044_1920532_9153905_1843111"
            ],
            [
                "Food Warmers",
                "/browse/home/food-warmers/4044_90548_90546_133025_2381756"
            ],
            [
                "Kitchen Wedding Registry",
                "/browse/home/kitchen-wedding-registry/4044_623679_3700962"
            ],
            [
                "Ice Buckets",
                "/browse/home/ice-buckets/4044_623679_639999_4434841_4849583"
            ],
            [
                "Dorm Dining Essentials",
                "/browse/home/dorm-dining-essentials/4044_1225301_1225229_8079634_8700307"
            ]
        ]
    },
    {
        "title": "100X 360 Degree Non Slip Velvet Clothes Suit/Shirt/Pants Hangers Black 17.72 \u00d7 9.29 \u00d7 0.2 inch, Capacity 5 Lb",
        "url": "https://www.walmart.com/ip/100X-360-Degree-Non-Slip-Velvet-Clothes-Suit-Shirt-Pants-Hangers-Black-17-72-9-29-0-2-inch-Capacity-5-Lb/317724892",
        "price": "$34.99",
        "stars": "4.7",
        "ratings": "287 ",
        "img": "i5.walmartimages.com/asr/28052a80-a9b7-4c0c-8525-4f5ec8bd3dc1.a772c9ec477217e2ab39bdc9f8b47128.jpeg?odnWidth=612&odnHeight=612&odnBg=ffffff",
        "tags": [
            [
                "Kids Hangers",
                "/browse/home/kids-hangers/4044_90828_2523133_3060299"
            ],
            [
                "Pants & Skirts Hangers",
                "/browse/home/pants-skirts-hangers/4044_90828_7067220_3669913"
            ],
            [
                "Dorm Storage",
                "/browse/home/dorm-storage/4044_1225301_1225229_4364714"
            ],
            [
                "Metal Hangers",
                "/browse/home/metal-hangers/4044_90828_7067220_4377952"
            ],
            [
                "Velvet Hangers",
                "/browse/home/velvet-hangers/4044_90828_7067220_7115305"
            ],
            [
                "Shop All Kids' Storage",
                "/browse/home/shop-all-kids-storage/4044_90828_2523133_7142851"
            ],
            [
                "Plastic Hangers",
                "/browse/home/plastic-hangers/4044_90828_7067220_8639816"
            ],
            [
                "Shelf Dividers",
                "/browse/home/shelf-dividers/4044_90828_1230061_9784031"
            ]
        ]
    }
]