[
    {
        "title": "Joie Egg Ring",
        "url": "https://www.walmart.com/ip/Joie-Egg-Ring/44796897",
        "price": "$3.27",
        "stars": "4.1",
        "ratings": "33 ",
        "img": "i5.walmartimages.com/asr/2dda6e58-5b21-4a99-a16b-2f7f143e9a06_1.02e9c4ac84c011324c50e3ae08c9a322.jpeg?odnWidth=612&odnHeight=612&odnBg=ffffff",
        "tags": [
            [
                "Specialty Cookware",
                "/browse/home/specialty-cookware/4044_623679_8140341_1074485"
            ],
            [
                "Cast Iron Cookware",
                "/browse/home/cast-iron-cookware/4044_623679_8140341_1241961"
            ],
            [
                "Chopping & Slicing",
                "/browse/home/chopping-slicing/4044_623679_133020_4496646_1817206"
            ],
            [
                "Microwave Cooking Gadgets",
                "/browse/home/microwave-cooking-gadgets/4044_623679_133020_4496646_4919882"
            ],
            [
                "Mandolines & Slicers",
                "/browse/home/mandolines-slicers/4044_623679_133020_4496646_6299933"
            ],
            [
                "Cool Kitchen Gadgets",
                "/browse/home/cool-kitchen-gadgets/4044_623679_133020_4496646_6821949"
            ],
            [
                "Egg Cookers",
                "/browse/home/egg-cookers/4044_90548_90546_133025_7299968"
            ],
            [
                "Egg Poachers",
                "/browse/home/egg-poachers/4044_623679_133020_4496646_8730683"
            ]
        ]
    },
    {
        "title": "Creativeware Creative Bath Twist 24-Ounce Assorted Plastic Tumblers, Set of 10 Cups",
        "url": "https://www.walmart.com/ip/Creativeware-Creative-Bath-Twist-24-Ounce-Assorted-Plastic-Tumblers-Set-of-10-Cups/21130899",
        "price": "$14.99",
        "stars": "4.3",
        "ratings": "336 ",
        "img": "",
        "tags": [
            [
                "Summer Entertaining-Drinkware",
                "/browse/home/summer-entertaining-drinkware/4044_1225301_1224843_1225118_1225124"
            ],
            [
                "Drinkware",
                "/browse/home/drinkware/4044_1225301_1225229_1225238_1230037"
            ],
            [
                "Shop All Tumblers",
                "/browse/home/shop-all-tumblers/4044_623679_639999_7751805_1376910_3549593"
            ],
            [
                "Outdoor Melamine Dinnerware Shop All",
                "/browse/home/outdoor-melamine-dinnerware-shop-all/4044_623679_639999_9676226_5433689"
            ],
            [
                "Drinkware Sets",
                "/browse/home/drinkware-sets/4044_623679_639999_3148543_5970774"
            ],
            [
                "Melamine Drinkware",
                "/browse/home/melamine-drinkware/4044_623679_639999_9676226_8694129"
            ],
            [
                "Dorm Dining Essentials",
                "/browse/home/dorm-dining-essentials/4044_1225301_1225229_8079634_8700307"
            ],
            [
                "Drinking Glasses",
                "/browse/home/drinking-glasses/4044_623679_639999_3148543_9876688"
            ]
        ]
    },
    {
        "title": "Boraam Augusta 29\" Swivel Bar Stool, Cappuccino",
        "url": "https://www.walmart.com/ip/Boraam-Augusta-29-Swivel-Bar-Stool-Cappuccino/11090964",
        "price": "$105.25",
        "stars": "4.6",
        "ratings": "2089 ",
        "img": "i5.walmartimages.com/asr/918c863a-7005-42fa-9437-ca2a5a93eb15_2.a01c8684fedcaff2eaa646b680b2b5cc.jpeg?odnWidth=612&odnHeight=612&odnBg=ffffff",
        "tags": [
            [
                "Red Bar Stools",
                "/browse/home/red-bar-stools/4044_103150_4037_8102642_1570945"
            ],
            [
                "Swivel Bar Stools",
                "/browse/home/swivel-bar-stools/4044_103150_4037_8102642_3771053"
            ],
            [
                "Full Back Bar Stools",
                "/browse/home/full-back-bar-stools/4044_103150_4037_8102642_4431583"
            ],
            [
                "Bar Stools",
                "/browse/home/bar-stools/4044_103150_4037_8102642_6096890"
            ],
            [
                "Brown Bar Stools",
                "/browse/home/brown-bar-stools/4044_103150_4037_8102642_7111966"
            ],
            [
                "Wood Bar Stools",
                "/browse/home/wood-bar-stools/4044_103150_4037_8102642_8698989"
            ],
            [
                "Counter Stools",
                "/browse/home/counter-stools/4044_103150_4037_8102642_9471347"
            ],
            [
                "Traditional Bar Stools",
                "/browse/home/traditional-bar-stools/4044_103150_4037_8102642_9973710"
            ]
        ]
    },
    {
        "title": "Rubbermaid Small Sink Protector, Black",
        "url": "https://www.walmart.com/ip/Rubbermaid-Small-Sink-Protector-Black/38772413",
        "price": "$6.32",
        "stars": "4.2",
        "ratings": "108 ",
        "img": "i5.walmartimages.com/asr/934f72de-e0b1-4712-9cdc-7e1c99927568_1.506b39f9dc411ac2e0c8803c4f59501f.jpeg?odnWidth=612&odnHeight=612&odnBg=ffffff",
        "tags": [
            [
                "Counter Organizers",
                "/browse/home/counter-organizers/4044_623679_1032619_1032621"
            ],
            [
                "Drawers & Cabinet Organizers",
                "/browse/home/drawers-cabinet-organizers/4044_623679_1032619_1075864"
            ],
            [
                "Dinnerware & Serving Storage",
                "/browse/home/dinnerware-serving-storage/4044_623679_1032619_1075865"
            ],
            [
                "Joseph Joseph",
                "/browse/home/joseph-joseph/4044_623679_133020_5344582"
            ],
            [
                "KitchenAid",
                "/browse/home/kitchenaid/4044_1225301_9409401_7708390"
            ],
            [
                "Utensil Holders",
                "/browse/home/utensil-holders/4044_623679_1032619_8348055"
            ],
            [
                "Counter & Drying Mats",
                "/browse/home/counter-drying-mats/4044_623679_8055732_5591719_9145673"
            ],
            [
                "Dish Racks",
                "/browse/home/dish-racks/4044_623679_1032619_9367666"
            ]
        ]
    },
    {
        "title": "Farberware Luna Porcelain Enamel 2.5 Quart White Tea Kettle",
        "url": "https://www.walmart.com/ip/Farberware-Luna-Porcelain-Enamel-2-5-Quart-White-Tea-Kettle/588014557",
        "price": "$19.48",
        "stars": "4.3",
        "ratings": "160 ",
        "img": "i5.walmartimages.com/asr/23c49bb4-a5e4-4bde-8176-0310786da3f3_1.e61a816a864d312dfc8e321f5cd128b3.jpeg?odnWidth=612&odnHeight=612&odnBg=ffffff",
        "tags": [
            [
                "Shop All The Pioneer Woman",
                "/browse/home/shop-all-the-pioneer-woman/4044_1920532_9153905_1843111"
            ],
            [
                "Electric Kettles",
                "/browse/home/electric-kettles/4044_90548_90546_1115307_2211902"
            ],
            [
                "Tea Cup & Saucer Sets",
                "/browse/home/tea-cup-saucer-sets/4044_623679_639999_3148543_4367781"
            ],
            [
                "All Cutting Boards",
                "/browse/home/all-cutting-boards/4044_623679_3923430_6243811"
            ],
            [
                "Food Prep",
                "/browse/home/food-prep/4044_623679_133020_642199"
            ],
            [
                "KitchenAid Kettles",
                "/browse/home/kitchenaid-kettles/4044_1225301_8679660_8424148"
            ],
            [
                "Beverage Dispensers",
                "/browse/home/beverage-dispensers/4044_623679_639999_2347672_8436912"
            ]
        ]
    },
    {
        "title": "Bodum Bean 12 Cup Cold Brew Black Iced Coffee Maker",
        "url": "https://www.walmart.com/ip/Bodum-Bean-12-Cup-Cold-Brew-Black-Iced-Coffee-Maker/556336942",
        "price": "$12.88",
        "stars": "4.5",
        "ratings": "78 ",
        "img": "",
        "tags": [
            [
                "Coffee Prep",
                "/browse/home/coffee-prep/4044_623679_133020_1338742"
            ],
            [
                "French Presses",
                "/browse/home/french-presses/4044_90548_90546_1115306_2455987"
            ],
            [
                "Small kitchen ideas",
                "/browse/home/small-kitchen-ideas/4044_1879527_9330810_4641057"
            ],
            [
                "Coffee Pour Overs",
                "/browse/home/coffee-pour-overs/4044_90548_90546_1115306_5285147"
            ],
            [
                "Coffee Makers",
                "/browse/home/coffee-makers/4044_90548_90546_1115306_5438660"
            ],
            [
                "Beer Glasses",
                "/browse/home/beer-glasses/4044_623679_639999_6972768_6483514"
            ],
            [
                "Dorm Bath Essentials",
                "/browse/home/dorm-bath-essentials/4044_1225301_1225229_8079634_7293738"
            ],
            [
                "Dorm Dining & Hydration",
                "/browse/home/dorm-dining-hydration/4044_1225301_1225229_9951877"
            ]
        ]
    },
    {
        "title": "The Pioneer Woman Heritage Floral 24-Ounce Double Wall Vacuum Insulated Stainless Steel Tumbler",
        "url": "https://www.walmart.com/ip/The-Pioneer-Woman-Heritage-Floral-24-Ounce-Double-Wall-Vacuum-Insulated-Stainless-Steel-Tumbler/900880642",
        "price": "$12.84",
        "stars": "4.3",
        "ratings": "223 ",
        "img": "i5.walmartimages.com/asr/e545a42d-42cf-411d-ab58-a170dd508ae6_1.2fda5319164bd690a834ee38d55c85c7.jpeg?odnWidth=612&odnHeight=612&odnBg=ffffff",
        "tags": [
            [
                "Shop All The Pioneer Woman",
                "/browse/home/shop-all-the-pioneer-woman/4044_1920532_9153905_1843111"
            ],
            [
                "Shop All Water Bottles",
                "/browse/home/shop-all-water-bottles/4044_623679_639999_7751805_4269055_2976621"
            ],
            [
                "Shop All Tumblers",
                "/browse/home/shop-all-tumblers/4044_623679_639999_7751805_1376910_3549593"
            ],
            [
                "Outdoor Melamine Dinnerware Shop All",
                "/browse/home/outdoor-melamine-dinnerware-shop-all/4044_623679_639999_9676226_5433689"
            ],
            [
                "The Pioneer Woman Dishes",
                "/browse/home/the-pioneer-woman-dishes/4044_623679_639999_7373615"
            ],
            [
                "The Pioneer Woman Kitchen & Table Linens",
                "/browse/home/the-pioneer-woman-kitchen-table-linens/4044_623679_8055732_7902803"
            ],
            [
                "Drinking Glasses",
                "/browse/home/drinking-glasses/4044_623679_639999_3148543_9876688"
            ],
            [
                "The Pioneer Woman New Arrivals",
                "/browse/home/the-pioneer-woman-new-arrivals/4044_1225301_1231327_9914742"
            ]
        ]
    },
    {
        "title": "Brew & Save Reusable Coffee Filter for Keurig 1.0 and 2.0 Brewers, Purple",
        "url": "https://www.walmart.com/ip/Brew-Save-Reusable-Coffee-Filter-for-Keurig-1-0-and-2-0-Brewers-Purple/48937393",
        "price": "$5.10",
        "stars": "3.9",
        "ratings": "240 ",
        "img": "i5.walmartimages.com/asr/f11d258f-231d-4af9-8427-464a66a9be60_1.c66063d363a4f891c177891492a7d483.jpeg?odnWidth=612&odnHeight=612&odnBg=ffffff",
        "tags": [
            [
                "Single-Serve Cups & Pods",
                "/browse/food/single-serve-cups-pods/976759_1086446_1229653"
            ],
            [
                "Arabica Coffee",
                "/browse/food/arabica-coffee/976759_1086446_2559085"
            ],
            [
                "Paper Coffee Filters",
                "/browse/food/paper-coffee-filters/976759_1086446_1229655_3951471"
            ],
            [
                "Cold Weather Beverages",
                "/browse/food/cold-weather-beverages/976759_1567409_6592518_4126576"
            ],
            [
                "Cappuccino Coffee",
                "/browse/food/cappuccino-coffee/976759_1086446_4163341"
            ],
            [
                "Coffee & Coffee Pods",
                "/browse/food/coffee-coffee-pods/976759_1086446_7238690"
            ],
            [
                "Keurig K-Cups & Coffee Pods",
                "/browse/food/keurig-k-cups-coffee-pods/976759_1086446_8135897"
            ],
            [
                "Gaming Snacks & Drinks",
                "/browse/food/gaming-snacks-drinks/976759_1567409_8254504"
            ]
        ]
    },
    {
        "title": "Rubbermaid, Easy Find Lids, Food Storage Container, Large, 2.5 Gal, Red",
        "url": "https://www.walmart.com/ip/Rubbermaid-Easy-Find-Lids-Food-Storage-Container-Large-2-5-Gal-Red/21002447",
        "price": "$12.98",
        "stars": "4.4",
        "ratings": "134 ",
        "img": "i5.walmartimages.com/asr/c2fb9c14-c106-4208-b467-d891343223cb_1.17b878fe920d030f4c430036ffe89574.jpeg?odnWidth=612&odnHeight=612&odnBg=ffffff",
        "tags": [
            [
                "Food Storage",
                "/browse/home/food-storage/4044_1225301_1225229_1225238_1230042"
            ],
            [
                "Shop All Food Storage Containers",
                "/browse/home/shop-all-food-storage-containers/4044_623679_1032619_5842891_2687119"
            ],
            [
                "Kitchen Canisters",
                "/browse/home/kitchen-canisters/4044_623679_1032619_5842891_2867332"
            ],
            [
                "Rubbermaid Food Storage",
                "/browse/home/rubbermaid-food-storage/4044_623679_1032619_5842891_3368294"
            ],
            [
                "Dorm Storage",
                "/browse/home/dorm-storage/4044_1225301_1225229_4364714"
            ],
            [
                "Meal Prep Containers",
                "/browse/home/meal-prep-containers/4044_623679_1032619_5842891_8561628"
            ],
            [
                "Dorm Dining Essentials",
                "/browse/home/dorm-dining-essentials/4044_1225301_1225229_8079634_8700307"
            ],
            [
                "Dorm Dining & Hydration",
                "/browse/home/dorm-dining-hydration/4044_1225301_1225229_9951877"
            ]
        ]
    },
    {
        "title": "Tasty 9.5\" Diamond Reinforced Non-Stick Frying Pan - Copper",
        "url": "https://www.walmart.com/ip/Tasty-9-5-Diamond-Reinforced-Non-Stick-Frying-Pan-Copper/892460292",
        "price": "$11.20",
        "stars": "4.3",
        "ratings": "132 ",
        "img": "i5.walmartimages.com/asr/2c81993e-9535-4d45-854f-a0b213539757_1.a547e4053720c0259812e4fab540a629.jpeg?odnWidth=612&odnHeight=612&odnBg=ffffff",
        "tags": [
            [
                "Non Stick Cookware",
                "/browse/home/non-stick-cookware/4044_623679_6182459_3053446"
            ],
            [
                "Non-Stick Cookware",
                "/browse/home/non-stick-cookware/4044_623679_8140341_3396135"
            ],
            [
                "Induction Cookware",
                "/browse/home/induction-cookware/4044_623679_8140341_4084816"
            ],
            [
                "Tasty Cookware",
                "/browse/home/tasty-cookware/4044_1225301_9489794_4388928"
            ],
            [
                "Tramontina",
                "/browse/home/tramontina/4044_623679_8140341_5999849"
            ],
            [
                "Ceramic Cookware",
                "/browse/home/ceramic-cookware/4044_623679_8140341_7402424"
            ],
            [
                "Copper Pans & Skillets",
                "/browse/home/copper-pans-skillets/4044_623679_8140341_9298040"
            ]
        ]
    }
]