[
    {
        "title": "Jojo Siwa Sit and Store Storage Bench",
        "url": "https://www.walmart.com/ip/Jojo-Siwa-Sit-and-Store-Storage-Bench/246264943",
        "price": "$59.08",
        "stars": "5.0",
        "ratings": "10 ",
        "img": "i5.walmartimages.com/asr/d516ed99-2a74-49a2-bb92-76653a6ff0f0_4.b5c02e426e3a969b9507360bede4cbc7.jpeg?odnWidth=612&odnHeight=612&odnBg=ffffff",
        "tags": [
            [
                "Toy Storage",
                "/browse/home/toy-storage/4044_90828_2523133_1798234"
            ],
            [
                "Kids' Storage Bins",
                "/browse/home/kids-storage-bins/4044_90828_2523133_2558841"
            ],
            [
                "JoJo Siwa Personalized Gifts",
                "/browse/home/jojo-siwa-personalized-gifts/4044_133224_3037097_5101169"
            ],
            [
                "Cube Storage Bins",
                "/browse/home/cube-storage-bins/4044_90828_1230055_5503617"
            ],
            [
                "Kids' Storage",
                "/browse/home/kids-storage/4044_1154295_673059"
            ],
            [
                "Shop All Kids' Storage",
                "/browse/home/shop-all-kids-storage/4044_90828_2523133_7142851"
            ],
            [
                "Fabric Baskets & Bins",
                "/browse/home/fabric-baskets-bins/4044_90828_1230055_7593658"
            ],
            [
                "Teens' Storage",
                "/browse/home/teens-storage/4044_1156136_8381926"
            ]
        ]
    },
    {
        "title": "Disney Minnie Mouse Kids Room Table Lamp",
        "url": "https://www.walmart.com/ip/Disney-Minnie-Mouse-Kids-Room-Table-Lamp/21089530",
        "price": "$19.94",
        "stars": "4.4",
        "ratings": "88 ",
        "img": "",
        "tags": [
            [
                "Kids' Wall Decals & Stickers",
                "/browse/home/kids-wall-decals-stickers/4044_1154295_1156072_1156772"
            ],
            [
                "Kids' Wall Art",
                "/browse/home/kids-wall-art/4044_1154295_1156072_1157381"
            ],
            [
                "Shop All Kids' Decor",
                "/browse/home/shop-all-kids-decor/4044_1154295_1156072_2546143"
            ],
            [
                "Teens' Room Decor",
                "/browse/home/teens-room-decor/4044_1156136_2806866"
            ],
            [
                "Kids' Lamps & Lights",
                "/browse/home/kids-lamps-lights/4044_1154295_1156072_3933938"
            ],
            [
                "Kids' Night Lights",
                "/browse/home/kids-night-lights/4044_1154295_1156072_4846563"
            ],
            [
                "Kids' Characters",
                "/browse/home/kids-characters/4044_1154295_6561064"
            ],
            [
                "Shop All Wall Art by Artist",
                "/browse/home/shop-all-wall-art-by-artist/4044_133012_1045881_8724634_8745553"
            ]
        ]
    },
    {
        "title": "Disney Frozen Nap Mat",
        "url": "https://www.walmart.com/ip/Disney-Frozen-Nap-Mat/38580149",
        "price": "$18.99",
        "stars": "4.1",
        "ratings": "130 ",
        "img": "i5.walmartimages.com/asr/87863d7f-e50e-4484-9ea3-a8df7eae7951_1.cc3aa9080e66e00795ff82a5d14e1117.jpeg?odnWidth=612&odnHeight=612&odnBg=ffffff",
        "tags": [
            [
                "Cars Toddler Furniture",
                "/browse/baby/cars-toddler-furniture/5427_978579_3990478_1253345"
            ],
            [
                "Toddler Bedding Sets & Sheets",
                "/browse/baby/toddler-bedding-sets-sheets/5427_978579_6002028_164205"
            ],
            [
                "Boys Toddler Bedding",
                "/browse/baby/boys-toddler-bedding/5427_978579_6002028_2693646"
            ],
            [
                "Minnie Toddler Furniture",
                "/browse/baby/minnie-toddler-furniture/5427_978579_3990478_4118605"
            ],
            [
                "Preschool Essentials",
                "/browse/baby/preschool-essentials/5427_1224874_6393901"
            ],
            [
                "Mickey Toddler Furniture",
                "/browse/baby/mickey-toddler-furniture/5427_978579_3990478_7708321"
            ],
            [
                "Frozen Toddler Furniture",
                "/browse/baby/frozen-toddler-furniture/5427_978579_3990478_8695191"
            ],
            [
                "Toddler Blankets",
                "/browse/baby/toddler-blankets/5427_978579_6002028_9684882"
            ]
        ]
    },
    {
        "title": "UBesGoo 4-Drawer Dresser Pure White with Metal Handles Bedside Night Stand Bedroom Best Furniture",
        "url": "https://www.walmart.com/ip/UBesGoo-4-Drawer-Dresser-Pure-White-with-Metal-Handles-Bedside-Night-Stand-Bedroom-Best-Furniture/983999125",
        "price": "$98.99",
        "stars": "2.8",
        "ratings": "26 ",
        "img": "i5.walmartimages.com/asr/2e878403-44be-4c6a-8650-5a8d219e5947_1.ccae1baa08ad8f58b62c29139531e5bb.jpeg?odnWidth=612&odnHeight=612&odnBg=ffffff",
        "tags": [
            [
                "White Dressers",
                "/browse/home/white-dressers/4044_103150_102547_4000624_4044459_4007149"
            ],
            [
                "Kids' Modern Dressers",
                "/browse/home/kids-modern-dressers/4044_1154295_1155958_1156012_6954239_4045010"
            ],
            [
                "Kids' Bedroom Furniture",
                "/browse/home/kids-bedroom-furniture/4044_1154295_1155958_6205060"
            ],
            [
                "Shop All Kids' Dressers & Armoires",
                "/browse/home/shop-all-kids-dressers-armoires/4044_1154295_1155958_1156012_6502949"
            ],
            [
                "Girls Dressers",
                "/browse/home/girls-dressers/4044_1154295_1155958_1156012_8152368"
            ],
            [
                "Boys Dressers",
                "/browse/home/boys-dressers/4044_1154295_1155958_1156012_9711283"
            ]
        ]
    },
    {
        "title": "Disney Mickey Mouse Toddler Nap Mat",
        "url": "https://www.walmart.com/ip/Disney-Mickey-Mouse-Toddler-Nap-Mat/50350600",
        "price": "$17.99",
        "stars": "4.5",
        "ratings": "69 ",
        "img": "i5.walmartimages.com/asr/d46e641e-b831-48e5-aff6-58889573ec29_1.c05d4dd43c414f9f2c0c1dfe1fda0c83.jpeg?odnWidth=612&odnHeight=612&odnBg=ffffff",
        "tags": [
            [
                "Cars Toddler Furniture",
                "/browse/baby/cars-toddler-furniture/5427_978579_3990478_1253345"
            ],
            [
                "Toddler Bedding Sets & Sheets",
                "/browse/baby/toddler-bedding-sets-sheets/5427_978579_6002028_164205"
            ],
            [
                "Boys Toddler Bedding",
                "/browse/baby/boys-toddler-bedding/5427_978579_6002028_2693646"
            ],
            [
                "Shop All Toddler Beds",
                "/browse/baby/shop-all-toddler-beds/5427_978579_3990478_164204_2749797"
            ],
            [
                "Paw Patrol Toddler Furniture",
                "/browse/baby/paw-patrol-toddler-furniture/5427_978579_3990478_6113819"
            ],
            [
                "Preschool Essentials",
                "/browse/baby/preschool-essentials/5427_1224874_6393901"
            ],
            [
                "Mickey Toddler Furniture",
                "/browse/baby/mickey-toddler-furniture/5427_978579_3990478_7708321"
            ],
            [
                "Toddler Blankets",
                "/browse/baby/toddler-blankets/5427_978579_6002028_9684882"
            ]
        ]
    },
    {
        "title": "Little Tikes Table and Chair Set, Multiple Colors",
        "url": "https://www.walmart.com/ip/Little-Tikes-Table-and-Chair-Set-Multiple-Colors/14707317",
        "price": "$44.99",
        "stars": "4.6",
        "ratings": "573 ",
        "img": "i5.walmartimages.com/asr/eed89d8a-520c-4e39-aca2-defeb350c86f_1.4216ec5c08dffc0089385739a1765626.jpeg?odnWidth=612&odnHeight=612&odnBg=ffffff",
        "tags": [
            [
                "Kids' Desk with Chair Sets",
                "/browse/home/kids-desk-with-chair-sets/4044_1154295_1155958_1155993"
            ],
            [
                "Kids Folding Chairs",
                "/browse/home/kids-folding-chairs/4044_1154295_1155958_7203266_1801039"
            ],
            [
                "Daycare Furniture",
                "/browse/home/daycare-furniture/4044_1154295_1155958_2660755"
            ],
            [
                "Shop All Kids' Furniture",
                "/browse/home/shop-all-kids-furniture/4044_1154295_1155958_5352796"
            ],
            [
                "Kids' Characters",
                "/browse/home/kids-characters/4044_1154295_6561064"
            ],
            [
                "Kids' Storage",
                "/browse/home/kids-storage/4044_1154295_673059"
            ],
            [
                "Kids' Desk Chairs",
                "/browse/home/kids-desk-chairs/4044_1154295_1155958_7203266_8578962"
            ],
            [
                "Kids' Playroom",
                "/browse/home/kids-playroom/4044_1154295_9443108"
            ]
        ]
    },
    {
        "title": "Heritage Club Rainbow Pastel Faux Fur Comforter Set",
        "url": "https://www.walmart.com/ip/Heritage-Club-Rainbow-Pastel-Faux-Fur-Comforter-Set/823493829",
        "price": "$39.99",
        "stars": "4.6",
        "ratings": "33 ",
        "img": "i5.walmartimages.com/asr/dd869c98-3501-4c7b-aab4-b04d26ddfff9_8.cb23592514ebcab40082d83563e7fe21.jpeg?odnWidth=612&odnHeight=612&odnBg=ffffff",
        "tags": [
            [
                "Teens' Bedding Sets",
                "/browse/home/teens-bedding-sets/4044_1156136_1156157_1156162"
            ],
            [
                "Teens' Comforters Sets",
                "/browse/home/teens-comforters-sets/4044_1156136_1156157_1230003"
            ],
            [
                "Girls Bedding",
                "/browse/home/girls-bedding/4044_1154295_1156114_1232347"
            ],
            [
                "Bed-in-a-Bag Sets",
                "/browse/home/bed-in-a-bag-sets/4044_539103_9474113_3388004"
            ],
            [
                "Girls Comforter Sets",
                "/browse/home/girls-comforter-sets/4044_1154295_1156114_4082186"
            ],
            [
                "Teen Girl Bedding",
                "/browse/home/teen-girl-bedding/4044_1156136_1156157_4518210"
            ],
            [
                "Comforter Sets",
                "/browse/home/comforter-sets/4044_539103_9474113_5287544"
            ],
            [
                "Dorm Bedding",
                "/browse/home/dorm-bedding/4044_1225301_1225229_9830377"
            ]
        ]
    },
    {
        "title": "(K54) Silver Gray 2 Panel Silver Grommets Kitchen Tier Window Curtain 3 Layered Thermal Heavy Thick Insulated Blackout Drape Treatment Size 30\" Wide X 54\" Length",
        "url": "https://www.walmart.com/ip/K54-Silver-Gray-2-Panel-Grommets-Kitchen-Tier-Window-Curtain-3-Layered-Thermal-Heavy-Thick-Insulated-Blackout-Drape-Treatment-Size-30-Wide-X-54-Lengt/954887802",
        "price": "$13.00",
        "stars": "4.1",
        "ratings": "37 ",
        "img": "",
        "tags": [
            [
                "Teens' Window Treatments",
                "/browse/home/teens-window-treatments/4044_1156136_1156152_1156155"
            ],
            [
                "Room Darkening Curtains",
                "/browse/home/room-darkening-curtains/4044_133012_539105_1521917_2277099"
            ],
            [
                "Curtains",
                "/browse/home/curtains/4044_133012_539105_1521917_2606905"
            ],
            [
                "Teens' Room Decor",
                "/browse/home/teens-room-decor/4044_1156136_2806866"
            ],
            [
                "Kitchen Curtains",
                "/browse/home/kitchen-curtains/4044_133012_539105_1521917_414668"
            ],
            [
                "Valances",
                "/browse/home/valances/4044_133012_539105_1521917_660459"
            ],
            [
                "Curtain Sets",
                "/browse/home/curtain-sets/4044_133012_539105_7600818"
            ],
            [
                "Teen Curtains",
                "/browse/home/teen-curtains/4044_133012_539105_1521917_8856798"
            ]
        ]
    },
    {
        "title": "Disney Frozen 2 Kids Slumber Sleeping Bag, Elsa & Anna",
        "url": "https://www.walmart.com/ip/Disney-Frozen-2-Kids-Slumber-Sleeping-Bag-Elsa-Anna/917516334",
        "price": "$9.88",
        "stars": "4.0",
        "ratings": "13 ",
        "img": "i5.walmartimages.com/asr/7808b5b1-e1e8-49c7-90f9-cfa698eb290a_2.3897217ca99dc74c152b912bc98fd27e.jpeg?odnWidth=612&odnHeight=612&odnBg=ffffff",
        "tags": [
            [
                "Kids' Blankets & Throws",
                "/browse/home/kids-blankets-throws/4044_1154295_1156114_1156133"
            ],
            [
                "Kids' Pillows",
                "/browse/home/kids-pillows/4044_1154295_1156114_1156135"
            ],
            [
                "Girls Bedding",
                "/browse/home/girls-bedding/4044_1154295_1156114_1232347"
            ],
            [
                "Shop All Kids' Bedding",
                "/browse/home/shop-all-kids-bedding/4044_1154295_1156114_2202167"
            ],
            [
                "Shop All Kids' Decor",
                "/browse/home/shop-all-kids-decor/4044_1154295_1156072_2546143"
            ],
            [
                "Kids' Characters",
                "/browse/home/kids-characters/4044_1154295_6561064"
            ],
            [
                "Slumber Bags",
                "/browse/home/slumber-bags/4044_1154295_1156114_7247988"
            ],
            [
                "Princess Decor",
                "/browse/home/princess-decor/4044_133012_8509897"
            ]
        ]
    },
    {
        "title": "Delta Children Space Adventures Rocket Ship Wood Toddler Bed",
        "url": "https://www.walmart.com/ip/Delta-Children-Space-Adventures-Rocket-Ship-Wood-Toddler-Bed/340176331",
        "price": "$99.99",
        "stars": "4.2",
        "ratings": "39 ",
        "img": "i5.walmartimages.com/asr/9390f2cb-b520-4a58-a865-0142190ccd8a_1.2e6f1559ef1f68df9028febede76b4e5.jpeg?odnWidth=612&odnHeight=612&odnBg=ffffff",
        "tags": [
            [
                "Cars Toddler Furniture",
                "/browse/baby/cars-toddler-furniture/5427_978579_3990478_1253345"
            ],
            [
                "Character & Novelty Toddler Beds",
                "/browse/baby/character-novelty-toddler-beds/5427_978579_3990478_164204_1321137"
            ],
            [
                "Toddler Bedding Sets & Sheets",
                "/browse/baby/toddler-bedding-sets-sheets/5427_978579_6002028_164205"
            ],
            [
                "Classic Toddler Beds",
                "/browse/baby/classic-toddler-beds/5427_978579_3990478_164204_1813307"
            ],
            [
                "Boys Toddler Bedding",
                "/browse/baby/boys-toddler-bedding/5427_978579_6002028_2693646"
            ],
            [
                "Shop All Toddler Beds",
                "/browse/baby/shop-all-toddler-beds/5427_978579_3990478_164204_2749797"
            ],
            [
                "Superhero Toddler Beds",
                "/browse/baby/superhero-toddler-beds/5427_978579_3990478_164204_6171178"
            ],
            [
                "Toddler Car Beds",
                "/browse/baby/toddler-car-beds/5427_978579_3990478_164204_6703272"
            ]
        ]
    }
]