[
    {
        "title": "Bare Home Ultra-Soft Premium 1800 Series Goose Down Alternative Comforter Set - Hypoallergenic - All Season - Plush Fiberfill, Twin Extra Long (Twin/Twin XL - Dark Blue)",
        "url": "https://www.walmart.com/ip/Bare-Home-Ultra-Soft-Premium-1800-Series-Goose-Down-Alternative-Comforter-Set-Hypoallergenic-All-Season-Plush-Fiberfill-Twin-Extra-Long-Twin-Twin-XL-/274365375",
        "price": "$34.99",
        "stars": "4.7",
        "ratings": "135 ",
        "img": "i5.walmartimages.com/asr/fa9d2b12-1c8b-4232-9398-b662a3c1e1c5.f7a3fb063559e8a00c4d70c7eaabd99a.jpeg?odnWidth=612&odnHeight=612&odnBg=ffffff",
        "tags": [
            [
                "Grey Comforters",
                "/browse/home/grey-comforters/4044_539103_1995847_2463602"
            ],
            [
                "White Comforters",
                "/browse/home/white-comforters/4044_539103_1995847_2605452"
            ],
            [
                "Bed-in-a-Bag Sets",
                "/browse/home/bed-in-a-bag-sets/4044_539103_9474113_3388004"
            ],
            [
                "Down Alternative Comforters",
                "/browse/home/down-alternative-comforters/4044_539103_1095008_4384332"
            ],
            [
                "Comforters",
                "/browse/home/comforters/4044_539103_4754"
            ],
            [
                "Comforter Sets",
                "/browse/home/comforter-sets/4044_539103_9474113_5287544"
            ],
            [
                "Down & Down Alternative Comforters",
                "/browse/home/down-down-alternative-comforters/4044_539103_1095008_6184046"
            ],
            [
                "Black Comforters",
                "/browse/home/black-comforters/4044_539103_1995847_8565253"
            ]
        ]
    },
    {
        "title": "Dirt Devil Versa Clean Corded 2-in-1 Stick Vacuum, SD20010",
        "url": "https://www.walmart.com/ip/Dirt-Devil-Versa-Clean-Corded-2-in-1-Stick-Vacuum-SD20010/169628226",
        "price": "$22.70",
        "stars": "4.0",
        "ratings": "210 ",
        "img": "",
        "tags": [
            [
                "Stick Vacuums",
                "/browse/home/stick-vacuums/4044_90548_4047_1082673"
            ],
            [
                "Best Stick Vacuums",
                "/browse/home/best-stick-vacuums/4044_90548_4047_3007980"
            ],
            [
                "Vacuum Cleaners",
                "/browse/home/vacuum-cleaners/4044_90548_4047_3525958"
            ],
            [
                "Dirt Devil Stick Vacuums",
                "/browse/home/dirt-devil-stick-vacuums/4044_90548_4047_3952952"
            ],
            [
                "Bissell Vacuums",
                "/browse/home/bissell-vacuums/4044_90548_4047_5800318"
            ],
            [
                "Bissell Stick Vacuums",
                "/browse/home/bissell-stick-vacuums/4044_90548_4047_6539011"
            ],
            [
                "Dirt Devil Upright Vacuums",
                "/browse/home/dirt-devil-upright-vacuums/4044_90548_4047_7084908"
            ],
            [
                "Dirt Devil Vacuums",
                "/browse/home/dirt-devil-vacuums/4044_90548_4047_9660291"
            ]
        ]
    },
    {
        "title": "Set of 3 Clara Clark Washable Bath Mat Bathroom Rug - Absorbent Memory Foam Washable Bath Rugs - Non-Slip, Thick, Cozy Velvet Feel Microfiber Bathrug - Black - Large 20\"x32\" - Small 17\"x24\" - Contour 24\"x20\"",
        "url": "https://www.walmart.com/ip/Set-3-Clara-Clark-Washable-Bath-Mat-Bathroom-Rug-Absorbent-Memory-Foam-Rugs-Non-Slip-Thick-Cozy-Velvet-Feel-Microfiber-Bathrug-Black-Large-20-x32-Sma/331408305",
        "price": "$37.99",
        "stars": "4.3",
        "ratings": "149 ",
        "img": "i5.walmartimages.com/asr/32971101-c630-4e85-89b2-91e303e5db8c_1.34ae8fbfdae5ac6573fae240b1852844.jpeg?odnWidth=612&odnHeight=612&odnBg=ffffff",
        "tags": [
            [
                "Teens' Bath Mats",
                "/browse/home/teens-bath-mats/4044_1156136_1156137_1156139"
            ],
            [
                "Bathroom Rugs",
                "/browse/home/bathroom-rugs/4044_539095_920259_2453408"
            ],
            [
                "Dorm Bath & Laundry",
                "/browse/home/dorm-bath-laundry/4044_1225301_1225229_3339158"
            ],
            [
                "Memory Foam Bath Mats",
                "/browse/home/memory-foam-bath-mats/4044_539095_920259_4950967"
            ],
            [
                "Dorm Bundles",
                "/browse/home/dorm-bundles/4044_1225301_1225229_5830926"
            ],
            [
                "Fashion Bath Rugs",
                "/browse/home/fashion-bath-rugs/4044_539095_920259_6268946"
            ],
            [
                "Non-Slip Bath Mats",
                "/browse/home/non-slip-bath-mats/4044_539095_920259_6970794"
            ],
            [
                "Teens' Bathroom",
                "/browse/home/teens-bathroom/4044_1156136_9411830"
            ]
        ]
    },
    {
        "title": "Rest Haven Down Alternative Waterproof Mattress Pad - Queen",
        "url": "https://www.walmart.com/ip/Rest-Haven-Down-Alternative-Waterproof-Mattress-Pad-Queen/803261871",
        "price": "$26.99",
        "stars": "4.9",
        "ratings": "141 ",
        "img": "i5.walmartimages.com/asr/4a7d0e64-2c9b-4649-8b6a-012ed25c0700.95d23f1504c0cf41a0d71f541344f91d.jpeg?odnWidth=612&odnHeight=612&odnBg=ffffff",
        "tags": [
            [
                "Mattress Pads & Protectors & Toppers",
                "/browse/home/mattress-pads-protectors-toppers/4044_539103_133144"
            ],
            [
                "Twin-XL Mattress Pads",
                "/browse/home/twin-xl-mattress-pads/4044_539103_5947786_2261511"
            ],
            [
                "Memory Foam Mattress Pads",
                "/browse/home/memory-foam-mattress-pads/4044_539103_5947786_2944117"
            ],
            [
                "Pillow Top Mattress Pads",
                "/browse/home/pillow-top-mattress-pads/4044_539103_5947786_3100382"
            ],
            [
                "King Mattress Pads",
                "/browse/home/king-mattress-pads/4044_539103_5947786_3934177"
            ],
            [
                "Basic Mattress Pads & Protectors",
                "/browse/home/basic-mattress-pads-protectors/4044_539103_1095008_5670126"
            ],
            [
                "Twin Mattress Pads",
                "/browse/home/twin-mattress-pads/4044_539103_5947786_7046410"
            ],
            [
                "Queen Mattress Pads",
                "/browse/home/queen-mattress-pads/4044_539103_5947786_9473533"
            ]
        ]
    },
    {
        "title": "Greenco Set of 3 Floating U Shelves, Espresso Finish",
        "url": "https://www.walmart.com/ip/Greenco-Set-of-3-Floating-U-Shelves-Espresso-Finish/121779288",
        "price": "$14.44",
        "stars": "4.5",
        "ratings": "57 ",
        "img": "",
        "tags": [
            [
                "Shelving Storage",
                "/browse/home/shelving-storage/4044_90828_1230059_1043775"
            ],
            [
                "Natural Elements-Decor",
                "/browse/home/natural-elements-decor/4044_1225301_1224843_1224864_1224780"
            ],
            [
                "Bathroom Accessories",
                "/browse/home/bathroom-accessories/4044_539095_133000"
            ],
            [
                "Dorm Study Furniture",
                "/browse/home/dorm-study-furniture/4044_1225301_1225229_1385016"
            ],
            [
                "Shelving",
                "/browse/home/shelving/4044_90828_163960"
            ],
            [
                "Bathroom Shelves",
                "/browse/home/bathroom-shelves/4044_539095_5547362_4119845"
            ],
            [
                "Dorm Storage",
                "/browse/home/dorm-storage/4044_1225301_1225229_4364714"
            ],
            [
                "Dorm Bedroom Furniture",
                "/browse/home/dorm-bedroom-furniture/4044_1225301_1225229_6830557"
            ]
        ]
    },
    {
        "title": "Martex Super Soft Fleece Blanket, King Navy",
        "url": "https://www.walmart.com/ip/Martex-Super-Soft-Fleece-Blanket-King-Navy/499894222",
        "price": "$36.52",
        "stars": "4.3",
        "ratings": "139 ",
        "img": "i5.walmartimages.com/asr/65a9a57c-8cc3-4030-a5fe-b8c6815eb57f_1.66b1179e45cc72191bcb7f5e3e547dea.jpeg?odnWidth=612&odnHeight=612&odnBg=ffffff",
        "tags": [
            [
                "Throw Blankets",
                "/browse/home/throw-blankets/4044_539103_4756_5185109_2548276"
            ],
            [
                "Bed Blankets",
                "/browse/home/bed-blankets/4044_539103_4756_2903230"
            ],
            [
                "Plush Blankets",
                "/browse/home/plush-blankets/4044_539103_4756_5185109_3791008"
            ],
            [
                "Basic Bed Blankets",
                "/browse/home/basic-bed-blankets/4044_539103_1095008_4448652"
            ],
            [
                "Shop all Blankets",
                "/browse/home/shop-all-blankets/4044_539103_4756_5423927"
            ],
            [
                "Cotton Blankets",
                "/browse/home/cotton-blankets/4044_539103_4756_5185109_5809019"
            ],
            [
                "Warm Comforters & Cozy Sleep Solutions",
                "/browse/home/warm-comforters-cozy-sleep-solutions/4044_1225301_2271072_6663154"
            ],
            [
                "Fleece Blankets",
                "/browse/home/fleece-blankets/4044_539103_4756_5185109_7225966"
            ]
        ]
    },
    {
        "title": "Pop Shop University Comforter Set",
        "url": "https://www.walmart.com/ip/Pop-Shop-University-Comforter-Set/257116208",
        "price": "$23.00",
        "stars": "4.7",
        "ratings": "68 ",
        "img": "i5.walmartimages.com/asr/ce951981-8b74-4c83-8f7a-e9e03445ad34_4.32fe5e1c3d74b7b2067d9fc6e3849971.jpeg?odnWidth=612&odnHeight=612&odnBg=ffffff",
        "tags": [
            [
                "Teens' Bedding Sets",
                "/browse/home/teens-bedding-sets/4044_1156136_1156157_1156162"
            ],
            [
                "Teens' Comforters Sets",
                "/browse/home/teens-comforters-sets/4044_1156136_1156157_1230003"
            ],
            [
                "Shop All Teens' Bedding",
                "/browse/home/shop-all-teens-bedding/4044_1156136_1156157_2716120"
            ],
            [
                "Bed-in-a-Bag Sets",
                "/browse/home/bed-in-a-bag-sets/4044_539103_9474113_3388004"
            ],
            [
                "Girls Comforter Sets",
                "/browse/home/girls-comforter-sets/4044_1154295_1156114_4082186"
            ],
            [
                "Comforters",
                "/browse/home/comforters/4044_539103_4754"
            ],
            [
                "Comforter Sets",
                "/browse/home/comforter-sets/4044_539103_9474113_5287544"
            ],
            [
                "Dorm Bedding",
                "/browse/home/dorm-bedding/4044_1225301_1225229_9830377"
            ]
        ]
    },
    {
        "title": "T-fal 9.5\" & 11\" Dishwasher Safe Non-Stick Black Fry Pan Set, 2 Count",
        "url": "https://www.walmart.com/ip/T-fal-9-5-11-Dishwasher-Safe-Non-Stick-Black-Fry-Pan-Set-2-Count/866293285",
        "price": "$24.97",
        "stars": "4.7",
        "ratings": "154 ",
        "img": "i5.walmartimages.com/asr/26d1ea29-7c19-4b7a-8567-0f4e43d2e460.cd8da5c7994b206f87668639a51df403.png?odnWidth=612&odnHeight=612&odnBg=ffffff",
        "tags": [
            [
                "Shop All T-fal",
                "/browse/home/shop-all-t-fal/4044_1920532_8495630_1893187"
            ],
            [
                "Non Stick Cookware",
                "/browse/home/non-stick-cookware/4044_623679_6182459_3053446"
            ],
            [
                "Non-Stick Cookware",
                "/browse/home/non-stick-cookware/4044_623679_8140341_3396135"
            ],
            [
                "Shop All T-fal Cookware",
                "/browse/home/shop-all-t-fal-cookware/4044_1920532_8495630_3011035_5229754"
            ],
            [
                "Tramontina",
                "/browse/home/tramontina/4044_623679_8140341_5999849"
            ],
            [
                "Ceramic Cookware",
                "/browse/home/ceramic-cookware/4044_623679_8140341_7402424"
            ],
            [
                "T-fal Cookware Sets",
                "/browse/home/t-fal-cookware-sets/4044_1920532_8495630_3011035_7686103"
            ],
            [
                "T-fal",
                "/browse/home/t-fal/4044_623679_8140341_8381485"
            ]
        ]
    },
    {
        "title": "Dirt Devil Scorpion Plus Corded Handheld Vacuum Cleaner, SD30025B",
        "url": "https://www.walmart.com/ip/Dirt-Devil-Scorpion-Plus-Corded-Handheld-Vacuum-Cleaner-SD30025B/798487254",
        "price": "$26.99",
        "stars": "4.4",
        "ratings": "266 ",
        "img": "i5.walmartimages.com/asr/7ccdf68c-4604-4836-a383-96900bda03af.3e8bdb7e1ef43032418304fd00b79ae4.jpeg?odnWidth=612&odnHeight=612&odnBg=ffffff",
        "tags": [
            [
                "Black+Decker Handheld Vacuums",
                "/browse/home/blackdecker-handheld-vacuums/4044_90548_4047_2689592"
            ],
            [
                "Best Cordless Vacuums",
                "/browse/home/best-cordless-vacuums/4044_90548_4047_2937675"
            ],
            [
                "Best Handheld Vacuums",
                "/browse/home/best-handheld-vacuums/4044_90548_4047_3081955"
            ],
            [
                "Handheld Vacuums",
                "/browse/home/handheld-vacuums/4044_90548_4047_4764"
            ],
            [
                "Car Vacuums",
                "/browse/home/car-vacuums/4044_90548_4047_6171275"
            ],
            [
                "Best Handheld Cordless Vacuums",
                "/browse/home/best-handheld-cordless-vacuums/4044_90548_4047_7631374"
            ],
            [
                "Dirt Devil Handheld Vacuums",
                "/browse/home/dirt-devil-handheld-vacuums/4044_90548_4047_7837093"
            ],
            [
                "Dirt Devil Vacuums",
                "/browse/home/dirt-devil-vacuums/4044_90548_4047_9660291"
            ]
        ]
    },
    {
        "title": "Safavieh Deluxe Ultra Solid Rug Pad for Hard Floor",
        "url": "https://www.walmart.com/ip/Safavieh-Deluxe-Ultra-Solid-Rug-Pad-for-Hard-Floor/14617784",
        "price": "$15.00",
        "stars": "4.4",
        "ratings": "304 ",
        "img": "i5.walmartimages.com/asr/75b1d4b4-bb03-4761-9a8b-6f15086f63d6_4.aab3c378776dc89472816aa095d28268.jpeg?odnWidth=612&odnHeight=612&odnBg=ffffff",
        "tags": [
            [
                "Safavieh Area Rugs",
                "/browse/home/safavieh-area-rugs/4044_133012_110892_6718514_1798516_1441915"
            ],
            [
                "Black Area Rugs",
                "/browse/home/black-area-rugs/4044_133012_110892_6718514_1588657_3471470"
            ],
            [
                "Round Rugs",
                "/browse/home/round-rugs/4044_133012_110892_6718514_5047521_5212296"
            ],
            [
                "Square Rugs",
                "/browse/home/square-rugs/4044_133012_110892_6718514_5047521_5523901"
            ],
            [
                "Blue Area Rugs",
                "/browse/home/blue-area-rugs/4044_133012_110892_6718514_1588657_5973975"
            ],
            [
                "Area Rugs Over 9' x 12'",
                "/browse/home/area-rugs-over-9-x-12/4044_133012_110892_6718514_3167309_7234190"
            ],
            [
                "Dorm Decor",
                "/browse/home/dorm-decor/4044_1225301_1225229_7471338"
            ],
            [
                "Bedroom Rugs",
                "/browse/home/bedroom-rugs/4044_133012_110892_6718514_4001684_9316715"
            ]
        ]
    }
]