[
    {
        "title": "Mainstays Bennett Textured Curtain, Brown 84 inch, Set of (2)",
        "url": "https://www.walmart.com/ip/Mainstays-Bennett-Textured-Curtain-Brown-84-inch-Set-of-2/45465682",
        "price": "$14.96",
        "stars": "4.4",
        "ratings": "624 ",
        "img": "i5.walmartimages.com/asr/06cd10f6-0d73-45d5-94cf-6ad6d8b9a856_1.9d7e56be209d2e9f4659136786379d92.jpeg?odnWidth=612&odnHeight=612&odnBg=ffffff",
        "tags": [
            [
                "Teens' Window Treatments",
                "/browse/home/teens-window-treatments/4044_1156136_1156152_1156155"
            ],
            [
                "Blackout Curtains",
                "/browse/home/blackout-curtains/4044_133012_539105_1521917_1331481"
            ],
            [
                "Best Cooling Sheets & Bedding for Hot Sleepers",
                "/browse/home/best-cooling-sheets-bedding-for-hot-sleepers/4044_1225301_2271072_1871287"
            ],
            [
                "Room Darkening Curtains",
                "/browse/home/room-darkening-curtains/4044_133012_539105_1521917_2277099"
            ],
            [
                "Sheer Curtains",
                "/browse/home/sheer-curtains/4044_133012_539105_1521917_2913338"
            ],
            [
                "Kitchen Curtains",
                "/browse/home/kitchen-curtains/4044_133012_539105_1521917_414668"
            ],
            [
                "Curtain Sets",
                "/browse/home/curtain-sets/4044_133012_539105_7600818"
            ],
            [
                "Teen Curtains",
                "/browse/home/teen-curtains/4044_133012_539105_1521917_8856798"
            ]
        ]
    },
    {
        "title": "Mainstays 8x10 Matted to 5x7 Holmgren Oval Picture Frame, Black",
        "url": "https://www.walmart.com/ip/Mainstays-8x10-Matted-to-5x7-Holmgren-Oval-Picture-Frame-Black/48941240",
        "price": "$5.87",
        "stars": "4.6",
        "ratings": "61 ",
        "img": "i5.walmartimages.com/asr/6cc09f2e-c12f-42dc-986b-5c112cc9f08a_1.afcd63c3043da63d0583f799476f3e42.jpeg?odnWidth=612&odnHeight=612&odnBg=ffffff",
        "tags": [
            [
                "Better Homes & Gardens Decor",
                "/browse/home/better-homes-gardens-decor/4044_133012_2786769"
            ],
            [
                "Scented Candles",
                "/browse/home/scented-candles/4044_133012_2622648_6102022"
            ],
            [
                "Oil Diffusers",
                "/browse/home/oil-diffusers/4044_133012_2622648_6662217"
            ],
            [
                "Shop All Fall Decor",
                "/browse/home/shop-all-fall-decor/4044_2634414_9573311_6851606"
            ],
            [
                "Fall Candles",
                "/browse/home/fall-candles/4044_2634414_9573311_7123210"
            ],
            [
                "WoodWick Candles",
                "/browse/home/woodwick-candles/4044_133012_2622648_8397936"
            ],
            [
                "Candles",
                "/browse/home/candles/4044_133012_2622648_8500605"
            ],
            [
                "Shop All Wall Decor",
                "/browse/home/shop-all-wall-decor/4044_133012_5208936_922699"
            ]
        ]
    },
    {
        "title": "Mainstays Wide Picture Frame, 11x14 matted to 8x10",
        "url": "https://www.walmart.com/ip/Mainstays-Wide-Picture-Frame-11x14-matted-to-8x10/45066788",
        "price": "$12.96",
        "stars": "4.2",
        "ratings": "45 ",
        "img": "i5.walmartimages.com/asr/dbe94274-6adf-4d47-b2c4-2062b24b4b59.59aaed989538f3526594d0b30299c363.jpeg?odnWidth=612&odnHeight=612&odnBg=ffffff",
        "tags": [
            [
                "Teens' Wall Decor",
                "/browse/home/teens-wall-decor/4044_1156136_1156152_1157382"
            ],
            [
                "Natural Elements-Decor",
                "/browse/home/natural-elements-decor/4044_1225301_1224843_1224864_1224780"
            ],
            [
                "Wall Galleries",
                "/browse/home/wall-galleries/4044_1225301_1224843_1224822"
            ],
            [
                "Better Homes & Gardens Decor",
                "/browse/home/better-homes-gardens-decor/4044_133012_2786769"
            ],
            [
                "Farmhouse Decor",
                "/browse/home/farmhouse-decor/4044_9389313_6099882_4356478"
            ],
            [
                "Shop All Fall Decor",
                "/browse/home/shop-all-fall-decor/4044_2634414_9573311_6851606"
            ],
            [
                "Dorm Decor",
                "/browse/home/dorm-decor/4044_1225301_1225229_7471338"
            ],
            [
                "Shop All Wall Decor",
                "/browse/home/shop-all-wall-decor/4044_133012_5208936_922699"
            ]
        ]
    },
    {
        "title": "No. 918 Quinn Floral Lace Sheer Rod Pocket Curtain Panel",
        "url": "https://www.walmart.com/ip/No-918-Quinn-Floral-Lace-Sheer-Rod-Pocket-Curtain-Panel/52885462",
        "price": "$13.61",
        "stars": "4.7",
        "ratings": "259 ",
        "img": "i5.walmartimages.com/asr/4f7938aa-2f76-429f-99ce-fe699cebe1bf_2.e72e545aa30206e965551c9e155e2941.jpeg?odnWidth=612&odnHeight=612&odnBg=ffffff",
        "tags": [
            [
                "Teens' Window Treatments",
                "/browse/home/teens-window-treatments/4044_1156136_1156152_1156155"
            ],
            [
                "Room Darkening Curtains",
                "/browse/home/room-darkening-curtains/4044_133012_539105_1521917_2277099"
            ],
            [
                "Curtains",
                "/browse/home/curtains/4044_133012_539105_1521917_2606905"
            ],
            [
                "Better Homes & Gardens Decor",
                "/browse/home/better-homes-gardens-decor/4044_133012_2786769"
            ],
            [
                "Kitchen Curtains",
                "/browse/home/kitchen-curtains/4044_133012_539105_1521917_414668"
            ],
            [
                "Dorm Decor",
                "/browse/home/dorm-decor/4044_1225301_1225229_7471338"
            ],
            [
                "Curtain Sets",
                "/browse/home/curtain-sets/4044_133012_539105_7600818"
            ],
            [
                "Teen Curtains",
                "/browse/home/teen-curtains/4044_133012_539105_1521917_8856798"
            ]
        ]
    },
    {
        "title": "Gonesh Incense Stick, Sandalwood",
        "url": "https://www.walmart.com/ip/Gonesh-Incense-Stick-Sandalwood/24864467",
        "price": "$2.00",
        "stars": "4.0",
        "ratings": "20 ",
        "img": "i5.walmartimages.com/asr/741b53fa-66ff-4bbb-bc5f-3b548e31c410_1.09683b2ebd0259ac94ec5f0b932f7dda.jpeg?odnWidth=612&odnHeight=612&odnBg=ffffff",
        "tags": [
            [
                "Macram\u00e9 Wall Hangings",
                "/browse/home/macram\u00e9-wall-hangings/4044_133012_5208936_6906318_2049170"
            ],
            [
                "Best Bedroom Products if You Can't Sleep",
                "/browse/home/best-bedroom-products-if-you-cant-sleep/4044_1225301_2271072_2074145"
            ],
            [
                "Fragrance Oils",
                "/browse/home/fragrance-oils/4044_133012_2622648_4108166"
            ],
            [
                "Memory Foam Bath Mats",
                "/browse/home/memory-foam-bath-mats/4044_539095_920259_4950967"
            ],
            [
                "Blue Table Lamps",
                "/browse/home/blue-table-lamps/4044_133012_133113_4887881_6619106_2844858_5470609"
            ],
            [
                "Oil Diffusers",
                "/browse/home/oil-diffusers/4044_133012_2622648_6662217"
            ],
            [
                "Dream Catchers",
                "/browse/home/dream-catchers/4044_133012_5208936_6906318_7066793"
            ],
            [
                "One-of-a-kind Rugs",
                "/browse/home/one-of-a-kind-rugs/4044_133012_110892_6718514_9989888"
            ]
        ]
    },
    {
        "title": "Sun Zero Kylee Rod Pocket Room Darkening Window Valance",
        "url": "https://www.walmart.com/ip/Sun-Zero-Kylee-Rod-Pocket-Room-Darkening-Window-Valance/55541058",
        "price": "$8.69",
        "stars": "4.6",
        "ratings": "173 ",
        "img": "i5.walmartimages.com/asr/15f04ae8-151d-4577-99ef-2d4e6ecfe7d8_1.382ae6e4cf807b78ef2d55f5303137c8.jpeg?odnWidth=612&odnHeight=612&odnBg=ffffff",
        "tags": [
            [
                "Kids' Curtains",
                "/browse/home/kids-curtains/4044_133012_539105_1521917_1156112"
            ],
            [
                "Curtains",
                "/browse/home/curtains/4044_133012_539105_1521917_2606905"
            ],
            [
                "Teens' Room Decor",
                "/browse/home/teens-room-decor/4044_1156136_2806866"
            ],
            [
                "Kitchen Curtains",
                "/browse/home/kitchen-curtains/4044_133012_539105_1521917_414668"
            ],
            [
                "Valances",
                "/browse/home/valances/4044_133012_539105_1521917_660459"
            ],
            [
                "Dorm Decor",
                "/browse/home/dorm-decor/4044_1225301_1225229_7471338"
            ],
            [
                "Curtain Sets",
                "/browse/home/curtain-sets/4044_133012_539105_7600818"
            ],
            [
                "Teen Curtains",
                "/browse/home/teen-curtains/4044_133012_539105_1521917_8856798"
            ]
        ]
    },
    {
        "title": "Sweet Home Meadowland Artificial Grass Indoor/Outdoor Area Rug",
        "url": "https://www.walmart.com/ip/Sweet-Home-Meadowland-Artificial-Grass-Indoor-Outdoor-Area-Rug/181285977",
        "price": "$19.99",
        "stars": "4.1",
        "ratings": "149 ",
        "img": "i5.walmartimages.com/asr/6dd68a09-0075-445e-8d99-774b72f82523_1.87318b47fd0935c5cfef5460fe6c2fde.jpeg?odnWidth=612&odnHeight=612&odnBg=ffffff",
        "tags": [
            [
                "Patio Conversation Sets",
                "/browse/patio-garden/patio-conversation-sets/5428_91416_3013177_1225084"
            ],
            [
                "Outdoor Rugs 9' x 12'",
                "/browse/patio-garden/outdoor-rugs-9-x-12/5428_1102183_2025934_1485537"
            ],
            [
                "Shop All Metal Patio Furniture",
                "/browse/patio-garden/shop-all-metal-patio-furniture/5428_91416_1295472_9647825_1676838"
            ],
            [
                "Outdoor Rugs 8' x 10'",
                "/browse/patio-garden/outdoor-rugs-8-x-10/5428_1102183_2025934_3576449"
            ],
            [
                "Round Outdoor Rugs",
                "/browse/patio-garden/round-outdoor-rugs/5428_1102183_2025934_3768235"
            ],
            [
                "Outdoor Rugs Over 9' x 12'",
                "/browse/patio-garden/outdoor-rugs-over-9-x-12/5428_1102183_2025934_5507838"
            ],
            [
                "Outdoor Rugs 5' x 8'",
                "/browse/patio-garden/outdoor-rugs-5-x-8/5428_1102183_2025934_5920152"
            ],
            [
                "Shop All Outdoor Rugs",
                "/browse/patio-garden/shop-all-outdoor-rugs/5428_1102183_2025934_6439992"
            ]
        ]
    },
    {
        "title": "ScentSationals 2.5 oz Northern Lights Scented Wax Melts",
        "url": "https://www.walmart.com/ip/ScentSationals-2-5-oz-Northern-Lights-Scented-Wax-Melts/197129260",
        "price": "$2.00",
        "stars": "5.0",
        "ratings": "4 ",
        "img": "i5.walmartimages.com/asr/959fe57e-72e1-4dbc-8392-64390b3ac04b_1.849faf3074664d0ff6c15dee5372e5fa.jpeg?odnWidth=612&odnHeight=612&odnBg=ffffff",
        "tags": [
            [
                "Better Homes & Gardens Decor",
                "/browse/home/better-homes-gardens-decor/4044_133012_2786769"
            ],
            [
                "Yankee Candle",
                "/browse/home/yankee-candle/4044_133012_2622648_2806582"
            ],
            [
                "Wax Melts",
                "/browse/home/wax-melts/4044_133012_2622648_2926246"
            ],
            [
                "Oil Diffusers",
                "/browse/home/oil-diffusers/4044_133012_2622648_6662217"
            ],
            [
                "Shop All Fall Decor",
                "/browse/home/shop-all-fall-decor/4044_2634414_9573311_6851606"
            ],
            [
                "Fall Candles",
                "/browse/home/fall-candles/4044_2634414_9573311_7123210"
            ],
            [
                "WoodWick Candles",
                "/browse/home/woodwick-candles/4044_133012_2622648_8397936"
            ],
            [
                "Candles",
                "/browse/home/candles/4044_133012_2622648_8500605"
            ]
        ]
    },
    {
        "title": "Unique Loom Davos Shag Contemporary Area Rug or Runner",
        "url": "https://www.walmart.com/ip/Unique-Loom-Davos-Shag-Contemporary-Area-Rug-or-Runner/588778641",
        "price": "$35.08",
        "stars": "3.9",
        "ratings": "101 ",
        "img": "i5.walmartimages.com/asr/ea625d57-abb2-46fe-89dc-9366e4008b32_8.ff5bf9cee9a6898770f9d7fc6b1d2989.jpeg?odnWidth=612&odnHeight=612&odnBg=ffffff",
        "tags": [
            [
                "6' x 9' Area Rugs",
                "/browse/home/6-x-9-area-rugs/4044_133012_110892_6718514_3167309_1427410"
            ],
            [
                "Safavieh Area Rugs",
                "/browse/home/safavieh-area-rugs/4044_133012_110892_6718514_1798516_1441915"
            ],
            [
                "9' x 12' Area Rugs",
                "/browse/home/9-x-12-area-rugs/4044_133012_110892_6718514_3167309_2663366"
            ],
            [
                "Round Rugs",
                "/browse/home/round-rugs/4044_133012_110892_6718514_5047521_5212296"
            ],
            [
                "Square Rugs",
                "/browse/home/square-rugs/4044_133012_110892_6718514_5047521_5523901"
            ],
            [
                "Gray Area Rugs",
                "/browse/home/gray-area-rugs/4044_133012_110892_6718514_1588657_6992887"
            ],
            [
                "Area Rugs Over 9' x 12'",
                "/browse/home/area-rugs-over-9-x-12/4044_133012_110892_6718514_3167309_7234190"
            ],
            [
                "Shaggy Area Rugs",
                "/browse/home/shaggy-area-rugs/4044_133012_110892_6718514_3462382_9761644"
            ]
        ]
    },
    {
        "title": "Solar String Lights Outdoor, 33ft 100 LED Solar Powered Fairy Lights Waterproof Decorative Lighting for Patio Garden Yard Party Wedding (Warm White)",
        "url": "https://www.walmart.com/ip/Solar-String-Lights-Outdoor-33ft-100-LED-Solar-Powered-Fairy-Lights-Waterproof-Decorative-Lighting-for-Patio-Garden-Yard-Party-Wedding-Warm-White/513444581",
        "price": "$12.99",
        "stars": "3.8",
        "ratings": "81 ",
        "img": "i5.walmartimages.com/asr/b1c880c7-a9b1-41ba-812a-712e4b8cc4ec_1.8175438f30502e85331d63e125d254fa.jpeg?odnWidth=612&odnHeight=612&odnBg=ffffff",
        "tags": [
            [
                "Path Lights",
                "/browse/patio-garden/path-lights/5428_4423804_6556736_3798036"
            ],
            [
                "Solar Landscape Lights",
                "/browse/patio-garden/solar-landscape-lights/5428_4423804_1739171_5622382"
            ],
            [
                "Hard-Wired Outdoor String Lights",
                "/browse/patio-garden/hard-wired-outdoor-string-lights/5428_4423804_2037339_6007976"
            ],
            [
                "Solar Path Lights",
                "/browse/patio-garden/solar-path-lights/5428_4423804_6556736_6110437"
            ],
            [
                "Solar Outdoor String Lights",
                "/browse/patio-garden/solar-outdoor-string-lights/5428_4423804_2037339_6488528"
            ],
            [
                "Outdoor String Lights",
                "/browse/patio-garden/outdoor-string-lights/5428_4423804_7583459"
            ],
            [
                "Outdoor Wall Lighting",
                "/browse/patio-garden/outdoor-wall-lighting/5428_4423804_9486078"
            ],
            [
                "Deck Lights",
                "/browse/patio-garden/deck-lights/5428_4423804_6556736_9807453"
            ]
        ]
    }
]