[
    {
        "title": "Walnew Swivel Rocker Recliner with Massage and Heat, Brown Fabric",
        "url": "https://www.walmart.com/ip/Walnew-Swivel-Rocker-Recliner-with-Massage-and-Heat-Brown-Fabric/901134767",
        "price": "$279.00",
        "stars": "4.0",
        "ratings": "165 ",
        "img": "i5.walmartimages.com/asr/d7ffdbfe-371f-4107-b649-5ee52633564a_1.7302008633458d0491042ada5dfb43eb.jpeg?odnWidth=612&odnHeight=612&odnBg=ffffff",
        "tags": [
            [
                "Power Recliners",
                "/browse/home/power-recliners/4044_103150_4038_2105992_1716273"
            ],
            [
                "Glider Recliners",
                "/browse/home/glider-recliners/4044_103150_4038_2105992_2039732"
            ],
            [
                "Rocker Recliners",
                "/browse/home/rocker-recliners/4044_103150_4038_2105992_2410187"
            ],
            [
                "Swivel Recliners",
                "/browse/home/swivel-recliners/4044_103150_4038_2105992_4490007"
            ],
            [
                "All Recliners",
                "/browse/home/all-recliners/4044_103150_4038_2105992_4887822"
            ],
            [
                "Massage Recliners",
                "/browse/home/massage-recliners/4044_103150_4038_2105992_4963195"
            ],
            [
                "Manual Recliners",
                "/browse/home/manual-recliners/4044_103150_4038_2105992_6737504"
            ],
            [
                "Lift Recliners",
                "/browse/home/lift-recliners/4044_103150_4038_2105992_7869091"
            ]
        ]
    },
    {
        "title": "Topeakmart Height Adjustable Mesh Office Chair Computer Chair with 360\u00b0 Rolling Casters Black",
        "url": "https://www.walmart.com/ip/Topeakmart-Height-Adjustable-Mesh-Office-Chair-Computer-Chair-with-360-Rolling-Casters-Black/789383223",
        "price": "$53.99",
        "stars": "3.8",
        "ratings": "188 ",
        "img": "",
        "tags": [
            [
                "Dorm Study Furniture",
                "/browse/home/dorm-study-furniture/4044_1225301_1225229_1385016"
            ],
            [
                "Small office ideas",
                "/browse/home/small-office-ideas/4044_1879527_9330810_2563463"
            ],
            [
                "Executive Office Chairs",
                "/browse/home/executive-office-chairs/4044_103150_97116_3896177"
            ],
            [
                "Ergonomic Chairs",
                "/browse/home/ergonomic-chairs/4044_103150_97116_5177400"
            ],
            [
                "Reception & Waiting Room Furniture",
                "/browse/home/reception-waiting-room-furniture/4044_103150_97116_1071224_5595119"
            ],
            [
                "White Office Furniture",
                "/browse/home/white-office-furniture/4044_103150_97116_7165397"
            ],
            [
                "Dorm Room Essentials",
                "/browse/home/dorm-room-essentials/4044_1225301_1225229_7506721"
            ],
            [
                "Commercial Office Furniture",
                "/browse/home/commercial-office-furniture/4044_103150_97116_1071224_9864245"
            ]
        ]
    },
    {
        "title": "Better Homes & Gardens Oxford Square TV Stand for TVs up to 55\", Blue",
        "url": "https://www.walmart.com/ip/Better-Homes-Gardens-Oxford-Square-TV-Stand-for-TVs-up-to-55-Blue/45630930",
        "price": "$185.00",
        "stars": "4.1",
        "ratings": "1155 ",
        "img": "i5.walmartimages.com/asr/2b3f5533-c93f-4800-91c5-8f47da988af7_1.108e25084c4fd6c90e926cc7311f4a35.jpeg?odnWidth=612&odnHeight=612&odnBg=ffffff",
        "tags": [
            [
                "TV Stands",
                "/browse/home/tv-stands/4044_103150_635499_133114"
            ],
            [
                "White TV Stands",
                "/browse/home/white-tv-stands/4044_103150_635499_1458081"
            ],
            [
                "Farmhouse TV Stands",
                "/browse/home/farmhouse-tv-stands/4044_103150_635499_2546222"
            ],
            [
                "Rustic TV Stands",
                "/browse/home/rustic-tv-stands/4044_103150_635499_3384432"
            ],
            [
                "TV Stands with Storage",
                "/browse/home/tv-stands-with-storage/4044_103150_635499_4530750"
            ],
            [
                "Wood TV Stands",
                "/browse/home/wood-tv-stands/4044_103150_635499_7922603"
            ],
            [
                "Espresso TV Stands",
                "/browse/home/espresso-tv-stands/4044_103150_635499_8069234"
            ],
            [
                "Grey TV Stands",
                "/browse/home/grey-tv-stands/4044_103150_635499_9484707"
            ]
        ]
    },
    {
        "title": "Mainstays twin over twin convertible bunk bed, black",
        "url": "https://www.walmart.com/ip/Mainstays-twin-over-twin-convertible-bunk-bed-black/30162122",
        "price": "$169.00",
        "stars": "4.4",
        "ratings": "571 ",
        "img": "",
        "tags": [
            [
                "Metal Bunk Beds",
                "/browse/home/metal-bunk-beds/4044_1154295_1155958_5560469_5577938"
            ],
            [
                "Kids' Bedroom Furniture",
                "/browse/home/kids-bedroom-furniture/4044_1154295_1155958_6205060"
            ],
            [
                "Dorm Bedroom Furniture",
                "/browse/home/dorm-bedroom-furniture/4044_1225301_1225229_6830557"
            ],
            [
                "Twin Bunk Beds",
                "/browse/home/twin-bunk-beds/4044_1154295_1155958_5560469_7480947"
            ],
            [
                "Shop All Bunk Beds",
                "/browse/home/shop-all-bunk-beds/4044_1154295_1155958_5560469_9212178"
            ],
            [
                "Wood Bunk Beds",
                "/browse/home/wood-bunk-beds/4044_1154295_1155958_5560469_9365957"
            ],
            [
                "Small bedroom ideas",
                "/browse/home/small-bedroom-ideas/4044_1879527_9330810_9483188"
            ]
        ]
    },
    {
        "title": "Better Homes & Gardens Autumn Lane Farmhouse Solid Wood Dining Bench, White and Natural Finish",
        "url": "https://www.walmart.com/ip/Better-Homes-Gardens-Autumn-Lane-Farmhouse-Solid-Wood-Dining-Bench-White-and-Natural-Finish/19515576",
        "price": "$69.00",
        "stars": "4.7",
        "ratings": "979 ",
        "img": "i5.walmartimages.com/asr/3303be54-b65f-4a50-b3fc-9b1e97c37439_1.4e6437dff8240e58421a1d8edf2e18e2.jpeg?odnWidth=612&odnHeight=612&odnBg=ffffff",
        "tags": [
            [
                "Shop All Dining Benches",
                "/browse/home/shop-all-dining-benches/4044_103150_4037_4569290_3499143"
            ],
            [
                "Farmhouse Dining Benches",
                "/browse/home/farmhouse-dining-benches/4044_103150_4037_4569290_4971616"
            ],
            [
                "Dorm Bundles",
                "/browse/home/dorm-bundles/4044_1225301_1225229_5830926"
            ],
            [
                "Dining Chairs",
                "/browse/home/dining-chairs/4044_103150_4037_588778"
            ],
            [
                "Better Homes & Gardens Furniture",
                "/browse/home/better-homes-gardens-furniture/4044_103150_6051572"
            ],
            [
                "Wood Dining Benches",
                "/browse/home/wood-dining-benches/4044_103150_4037_4569290_6286326"
            ],
            [
                "Wood Dining Chairs",
                "/browse/home/wood-dining-chairs/4044_103150_4037_6472288_2046619_7400038"
            ],
            [
                "All Dining Chairs",
                "/browse/home/all-dining-chairs/4044_103150_4037_6472288_8936400"
            ]
        ]
    },
    {
        "title": "Wayton, 2-inch Foam\u00a0Topper, Adds Comfort to Mattress, Queen Size",
        "url": "https://www.walmart.com/ip/Wayton-2-inch-Foam-Topper-Adds-Comfort-to-Mattress-Queen-Size/450919755",
        "price": "$23.99",
        "stars": "2.5",
        "ratings": "73 ",
        "img": "i5.walmartimages.com/asr/ee57dfc7-9a08-41a6-800f-c819c664736c_1.fad11cd862da0bf8d14c8dfb4dd65119.jpeg?odnWidth=612&odnHeight=612&odnBg=ffffff",
        "tags": [
            [
                "Mattress Pads & Protectors & Toppers",
                "/browse/home/mattress-pads-protectors-toppers/4044_539103_133144"
            ],
            [
                "Infused Mattress Topper",
                "/browse/home/infused-mattress-topper/4044_539103_1095008_6063983"
            ],
            [
                "Pillow Top Mattress Topper",
                "/browse/home/pillow-top-mattress-topper/4044_539103_1095008_7221911"
            ],
            [
                "Cooling Mattress Toppers",
                "/browse/home/cooling-mattress-toppers/4044_539103_1095008_7363426"
            ],
            [
                "Mattress Toppers",
                "/browse/home/mattress-toppers/4044_539103_1095008_7595276"
            ],
            [
                "Dorm Mattresses",
                "/browse/home/dorm-mattresses/4044_1225301_1225229_8094250"
            ],
            [
                "Gel Memory Foam Mattress Topper",
                "/browse/home/gel-memory-foam-mattress-topper/4044_539103_1095008_9823161"
            ]
        ]
    },
    {
        "title": "Walnew Mid Back Office Chair Computer Executive Chair,Ergonomic Leather Desk Chair with Lumbar Support,Black",
        "url": "https://www.walmart.com/ip/Walnew-Mid-Back-Office-Chair-Computer-Executive-Chair-Ergonomic-Leather-Desk-Chair-with-Lumbar-Support-Black/699669813",
        "price": "$68.99",
        "stars": "4.3",
        "ratings": "54 ",
        "img": "i5.walmartimages.com/asr/ef1acd21-f173-4286-b511-6173b0f92e3b_1.b0fa2514fa46abb0480f7f62a5f9c026.jpeg?odnWidth=612&odnHeight=612&odnBg=ffffff",
        "tags": [
            [
                "Teens' Gaming",
                "/browse/home/teens-gaming/4044_1156136_1156142_1043794"
            ],
            [
                "Dorm Study Furniture",
                "/browse/home/dorm-study-furniture/4044_1225301_1225229_1385016"
            ],
            [
                "Ergonomic Chairs",
                "/browse/home/ergonomic-chairs/4044_103150_97116_5177400"
            ],
            [
                "Small Space Desks & Office Furniture",
                "/browse/home/small-space-desks-office-furniture/4044_103150_2880259_6932446"
            ],
            [
                "White Office Furniture",
                "/browse/home/white-office-furniture/4044_103150_97116_7165397"
            ],
            [
                "Office Chairs",
                "/browse/home/office-chairs/4044_103150_97116_91853"
            ],
            [
                "Gaming Chairs",
                "/browse/home/gaming-chairs/4044_103150_97116_9559238"
            ],
            [
                "Commercial Office Furniture",
                "/browse/home/commercial-office-furniture/4044_103150_97116_1071224_9864245"
            ]
        ]
    },
    {
        "title": "Vinyl Zippered Mattress Cover 100% Waterproof & Bed-Bug Proof",
        "url": "https://www.walmart.com/ip/Vinyl-Zippered-Mattress-Cover-100-Waterproof-Bed-Bug-Proof/607468499",
        "price": "$11.02",
        "stars": "2.5",
        "ratings": "27 ",
        "img": "",
        "tags": [
            [
                "Mattress Pads & Protectors & Toppers",
                "/browse/home/mattress-pads-protectors-toppers/4044_539103_133144"
            ],
            [
                "Waterproof Mattress Protectors",
                "/browse/home/waterproof-mattress-protectors/4044_539103_8022801_1583426"
            ],
            [
                "Fitted Mattress Protectors",
                "/browse/home/fitted-mattress-protectors/4044_539103_8022801_2727861"
            ],
            [
                "Cooling Mattress Protectors",
                "/browse/home/cooling-mattress-protectors/4044_539103_8022801_4168541"
            ],
            [
                "Mattress Protectors",
                "/browse/home/mattress-protectors/4044_103150_539386_4169411"
            ],
            [
                "Bed Bug Mattress Protectors",
                "/browse/home/bed-bug-mattress-protectors/4044_539103_8022801_5020852"
            ],
            [
                "Basic Mattress Pads & Protectors",
                "/browse/home/basic-mattress-pads-protectors/4044_539103_1095008_5670126"
            ],
            [
                "Top Home Allergy Relief Products",
                "/browse/home/top-home-allergy-relief-products/4044_1225301_2271072_8428130"
            ]
        ]
    },
    {
        "title": "Bush Furniture Cabot Collection 60\" L-Desk, Harvest Cherry",
        "url": "https://www.walmart.com/ip/Bush-Furniture-Cabot-Collection-60-quot-L-Desk-Harvest-Cherry/44346445",
        "price": "$269.00",
        "stars": "4.0",
        "ratings": "1 ",
        "img": "",
        "tags": [
            [
                "Computer Desks",
                "/browse/home/computer-desks/4044_103150_97116_91851_2756086_1681587"
            ],
            [
                "Top Rated Desks",
                "/browse/home/top-rated-desks/4044_103150_97116_91851_3261462"
            ],
            [
                "Traditional Desks",
                "/browse/home/traditional-desks/4044_103150_97116_91851_2775109_3565136"
            ],
            [
                "Wood Desks",
                "/browse/home/wood-desks/4044_103150_97116_6334695"
            ],
            [
                "Desks with Drawers",
                "/browse/home/desks-with-drawers/4044_103150_97116_91851_9597564_7826428"
            ],
            [
                "Desks with Hutches",
                "/browse/home/desks-with-hutches/4044_103150_97116_7885860"
            ],
            [
                "Corner & L-Shaped Desks",
                "/browse/home/corner-l-shaped-desks/4044_103150_97116_8132099"
            ]
        ]
    },
    {
        "title": "SmileMart Metal 24\u201d Stackable Metal Bar Stools, Set of 4, Gun Metal",
        "url": "https://www.walmart.com/ip/SmileMart-Metal-24-Stackable-Metal-Bar-Stools-Set-of-4-Gun-Metal/217862724",
        "price": "$79.99",
        "stars": "4.5",
        "ratings": "89 ",
        "img": "",
        "tags": [
            [
                "Modern/Contemporary Bar Stools",
                "/browse/home/modern-contemporary-bar-stools/4044_103150_4037_8102642_1280013"
            ],
            [
                "Metal Bar Stools",
                "/browse/home/metal-bar-stools/4044_103150_4037_8102642_2377521"
            ],
            [
                "Armless Bar Stools",
                "/browse/home/armless-bar-stools/4044_103150_4037_8102642_2417895"
            ],
            [
                "Black Bar Stools",
                "/browse/home/black-bar-stools/4044_103150_4037_8102642_3050483"
            ],
            [
                "Shop All Bar Stools & Counter Stools",
                "/browse/home/shop-all-bar-stools-counter-stools/4044_103150_4037_8102642_5435701"
            ],
            [
                "Backless Bar Stools",
                "/browse/home/backless-bar-stools/4044_103150_4037_8102642_7954723"
            ],
            [
                "Industrial Bar Stools",
                "/browse/home/industrial-bar-stools/4044_103150_4037_8102642_8010427"
            ],
            [
                "Counter Stools",
                "/browse/home/counter-stools/4044_103150_4037_8102642_9471347"
            ]
        ]
    }
]