[
    {
        "title": "Great Value Fresh Seal Double Zipper Gallon Freezer Bags Super Mega Pack, 80 count",
        "url": "https://www.walmart.com/ip/Great-Value-Fresh-Seal-Double-Zipper-Gallon-Freezer-Bags-Super-Mega-Pack-80-count/624605773",
        "price": "$3.82",
        "stars": "4.7",
        "ratings": "287 ",
        "img": "i5.walmartimages.com/asr/1cfc6a48-97ce-4104-ae4b-a88594e7bed6_1.b496a5d12820755390ebfe05b485adb1.jpeg?odnWidth=612&odnHeight=612&odnBg=ffffff",
        "tags": [
            [
                "Ziploc Bags",
                "/browse/household-essentials/ziploc-bags/1115193_1073264_1149386_3002210"
            ],
            [
                "Hefty Bags",
                "/browse/household-essentials/hefty-bags/1115193_1073264_1149386_3834833"
            ],
            [
                "All Toilet Paper",
                "/browse/household-essentials/all-toilet-paper/1115193_1073264_1149384_3914210"
            ],
            [
                "All Ziploc",
                "/browse/household-essentials/all-ziploc/1115193_8250903_2294600_5733651"
            ],
            [
                "Food Bags",
                "/browse/household-essentials/food-bags/1115193_1073264_1149386_6444355"
            ],
            [
                "All Lysol",
                "/browse/household-essentials/all-lysol/1115193_8250903_9423727_8029427"
            ],
            [
                "All Great Value",
                "/browse/household-essentials/all-great-value/1115193_8250903_3495493_8586384"
            ]
        ]
    },
    {
        "title": "Contigo SnapSeal Insulated Stainless Steel Travel Mug with Grip, 24 oz., Blue Corn",
        "url": "https://www.walmart.com/ip/Contigo-SnapSeal-Insulated-Stainless-Steel-Travel-Mug-with-Grip-24-oz-Blue-Corn/916548895",
        "price": "$14.84",
        "stars": "5.0",
        "ratings": "6 ",
        "img": "i5.walmartimages.com/asr/2c7f28f0-faf6-48bd-ae09-c7a8dc7312d4_1.86cdb1c72e9603438d3d9064d09af161.jpeg?odnWidth=612&odnHeight=612&odnBg=ffffff",
        "tags": [
            [
                "Plastic Water Bottles",
                "/browse/home/plastic-water-bottles/4044_623679_639999_7751805_4269055_7285309_2888798"
            ],
            [
                "Shop All Water Bottles",
                "/browse/home/shop-all-water-bottles/4044_623679_639999_7751805_4269055_2976621"
            ],
            [
                "Shop All Tumblers",
                "/browse/home/shop-all-tumblers/4044_623679_639999_7751805_1376910_3549593"
            ],
            [
                "Contigo Water Bottles",
                "/browse/home/contigo-water-bottles/4044_623679_639999_7751805_4269055_1373149_4722352"
            ],
            [
                "Water Bottles with Straws",
                "/browse/home/water-bottles-with-straws/4044_623679_639999_7751805_4269055_7540010"
            ],
            [
                "Thermoses",
                "/browse/home/thermoses/4044_623679_639999_7751805_9823303"
            ],
            [
                "Drinking Glasses",
                "/browse/home/drinking-glasses/4044_623679_639999_3148543_9876688"
            ],
            [
                "Dorm Dining & Hydration",
                "/browse/home/dorm-dining-hydration/4044_1225301_1225229_9951877"
            ]
        ]
    },
    {
        "title": "Folding Stool, Heavy Duty 18-Inch Collapsible Stool with 300lb Capacity by Trademark Home",
        "url": "https://www.walmart.com/ip/Folding-Stool-Heavy-Duty-18-Inch-Collapsible-Stool-with-300lb-Capacity-by-Trademark-Home/21977162",
        "price": "$14.65",
        "stars": "4.4",
        "ratings": "233 ",
        "img": "i5.walmartimages.com/asr/09b77ae8-4488-429a-a644-240744c5b67c_1.d397cf8809beb338005b5b344b950f37.jpeg?odnWidth=612&odnHeight=612&odnBg=ffffff",
        "tags": [
            [
                "Kitchen & Dining",
                "/browse/home/kitchen-dining/4044_103150_1225290_1225294"
            ],
            [
                "Folding Chairs",
                "/browse/home/folding-chairs/4044_103150_4037_1580848"
            ],
            [
                "Shop All Folding Chairs",
                "/browse/home/shop-all-folding-chairs/4044_103150_4037_6296206_2321205_2509863"
            ],
            [
                "Folding Stools",
                "/browse/home/folding-stools/4044_103150_4037_6296206_3105945_3038496"
            ],
            [
                "Black Folding Chairs",
                "/browse/home/black-folding-chairs/4044_103150_4037_6296206_6455390_3378759"
            ],
            [
                "Shop All Bar Stools & Counter Stools",
                "/browse/home/shop-all-bar-stools-counter-stools/4044_103150_4037_8102642_5435701"
            ],
            [
                "Metal Folding Chairs",
                "/browse/home/metal-folding-chairs/4044_103150_4037_6296206_2321205_7233162"
            ],
            [
                "Transitional Bar Stools",
                "/browse/home/transitional-bar-stools/4044_103150_4037_8102642_8503853"
            ]
        ]
    },
    {
        "title": "Mainstays 7 Piece Nonstick Dishwasher Safe Cookware Set, Black",
        "url": "https://www.walmart.com/ip/Mainstays-7-Piece-Nonstick-Dishwasher-Safe-Cookware-Set-Black/311978538",
        "price": "$14.94",
        "stars": "4.1",
        "ratings": "94 ",
        "img": "i5.walmartimages.com/asr/3d560b45-2311-43ed-b18e-28c3c3a823bc.abfa4b3503eddc28d5084f27870e7f00.jpeg?odnWidth=612&odnHeight=612&odnBg=ffffff",
        "tags": [
            [
                "Non Stick Cookware",
                "/browse/home/non-stick-cookware/4044_623679_6182459_3053446"
            ],
            [
                "Non-Stick Cookware",
                "/browse/home/non-stick-cookware/4044_623679_8140341_3396135"
            ],
            [
                "Induction Cookware",
                "/browse/home/induction-cookware/4044_623679_8140341_4084816"
            ],
            [
                "Dorm Bundles",
                "/browse/home/dorm-bundles/4044_1225301_1225229_5830926"
            ],
            [
                "Ceramic Cookware",
                "/browse/home/ceramic-cookware/4044_623679_8140341_7402424"
            ],
            [
                "T-fal Cookware Sets",
                "/browse/home/t-fal-cookware-sets/4044_1920532_8495630_3011035_7686103"
            ],
            [
                "T-fal",
                "/browse/home/t-fal/4044_623679_8140341_8381485"
            ],
            [
                "Dorm Dining & Hydration",
                "/browse/home/dorm-dining-hydration/4044_1225301_1225229_9951877"
            ]
        ]
    },
    {
        "title": "Instant Pot Official Mesh Steamer Baskets - Set of 2, Small and Large",
        "url": "https://www.walmart.com/ip/Instant-Pot-Official-Mesh-Steamer-Baskets-Set-of-2-Small-and-Large/246115719",
        "price": "$18.68",
        "stars": "4.7",
        "ratings": "75 ",
        "img": "i5.walmartimages.com/asr/5c1e26ff-fbd9-4386-a73d-c69ef6dfdfa7_1.89f9333553cf708cbbfe679afa1e2bee.jpeg?odnWidth=612&odnHeight=612&odnBg=ffffff",
        "tags": [
            [
                "Instant Pot",
                "/browse/home/instant-pot/4044_1225301_9409401_1681369"
            ],
            [
                "Pressure Cookers",
                "/browse/home/pressure-cookers/4044_90548_90546_3206242"
            ],
            [
                "Cake & Bundt Pans",
                "/browse/home/cake-bundt-pans/4044_623679_8455465_4063398"
            ],
            [
                "Pressure Cookers & Canners",
                "/browse/home/pressure-cookers-canners/4044_623679_133020_5723943"
            ],
            [
                "Steamer Baskets",
                "/browse/home/steamer-baskets/4044_623679_8140341_5856252"
            ],
            [
                "Egg Tools",
                "/browse/home/egg-tools/4044_623679_133020_4496646_7076481"
            ],
            [
                "Stainless Steel Cookware",
                "/browse/home/stainless-steel-cookware/4044_623679_8140341_7478886"
            ],
            [
                "Shop all Instant Pot",
                "/browse/home/shop-all-instant-pot/4044_623679_4779092_7747488"
            ]
        ]
    },
    {
        "title": "Gibson Everyday Contempo Hues 15-Ounce Mug Set with Rack, Set of 6",
        "url": "https://www.walmart.com/ip/Gibson-Everyday-Contempo-Hues-15-Ounce-Mug-Set-with-Rack-Set-of-6/20593097",
        "price": "$15.62",
        "stars": "4.2",
        "ratings": "339 ",
        "img": "",
        "tags": [
            [
                "Dinnerware & Serving Storage",
                "/browse/home/dinnerware-serving-storage/4044_623679_1032619_1075865"
            ],
            [
                "Kitchen Wedding Registry",
                "/browse/home/kitchen-wedding-registry/4044_623679_3700962"
            ],
            [
                "Dinnerware Sets",
                "/browse/home/dinnerware-sets/4044_623679_639999_489706"
            ],
            [
                "Espresso Cups",
                "/browse/home/espresso-cups/4044_623679_639999_3148543_7694004"
            ],
            [
                "Dorm Dining Essentials",
                "/browse/home/dorm-dining-essentials/4044_1225301_1225229_8079634_8700307"
            ],
            [
                "Coffee Mugs",
                "/browse/home/coffee-mugs/4044_623679_639999_3148543_9383607"
            ],
            [
                "Drinking Glasses",
                "/browse/home/drinking-glasses/4044_623679_639999_3148543_9876688"
            ],
            [
                "Dorm Dining & Hydration",
                "/browse/home/dorm-dining-hydration/4044_1225301_1225229_9951877"
            ]
        ]
    },
    {
        "title": "The Pioneer Woman Heritage Floral Fabric Tablecloth, 70\" Round, Available in Multiple Sizes",
        "url": "https://www.walmart.com/ip/The-Pioneer-Woman-Heritage-Floral-Fabric-Tablecloth-70-Round-Available-in-Multiple-Sizes/659042846",
        "price": "$13.96",
        "stars": "4.7",
        "ratings": "99 ",
        "img": "i5.walmartimages.com/asr/788bf138-64e9-4cd9-a395-2d1269bb747c_2.ba507b83554375ef1c1645e0904e0700.jpeg?odnWidth=612&odnHeight=612&odnBg=ffffff",
        "tags": [
            [
                "Shop All The Pioneer Woman",
                "/browse/home/shop-all-the-pioneer-woman/4044_1920532_9153905_1843111"
            ],
            [
                "Fabric Tablecloths",
                "/browse/home/fabric-tablecloths/4044_623679_8055732_2356496"
            ],
            [
                "Round Tablecloths",
                "/browse/home/round-tablecloths/4044_623679_8055732_8058163_3771269"
            ],
            [
                "Vinyl Tablecloths",
                "/browse/home/vinyl-tablecloths/4044_623679_8055732_8058163_6102336"
            ],
            [
                "Round Placemats",
                "/browse/home/round-placemats/4044_623679_8055732_8058163_6781534"
            ],
            [
                "The Pioneer Woman Dishes",
                "/browse/home/the-pioneer-woman-dishes/4044_623679_639999_7373615"
            ],
            [
                "The Pioneer Woman Kitchen & Table Linens",
                "/browse/home/the-pioneer-woman-kitchen-table-linens/4044_623679_8055732_7902803"
            ],
            [
                "Dorm Dining Essentials",
                "/browse/home/dorm-dining-essentials/4044_1225301_1225229_8079634_8700307"
            ]
        ]
    },
    {
        "title": "Ozark Trail Non-Stick Carbon Steel 9.5\" Frying Pan with Collapsible Handle",
        "url": "https://www.walmart.com/ip/Ozark-Trail-Non-Stick-Carbon-Steel-9-5-Frying-Pan-with-Collapsible-Handle/49332895",
        "price": "$6.83",
        "stars": "4.1",
        "ratings": "78 ",
        "img": "i5.walmartimages.com/asr/a0f713fe-de47-4212-8f77-3bbe7f59b211_1.382c09f6ee4612e11fde888545d4ac45.jpeg?odnWidth=612&odnHeight=612&odnBg=ffffff",
        "tags": [
            [
                "Camping Stoves",
                "/browse/sports-outdoors/camping-stoves/4125_546956_4128_1080705_1080725"
            ],
            [
                "Camp Cooking Accessories",
                "/browse/sports-outdoors/camp-cooking-accessories/4125_546956_4128_1080705_1080785"
            ],
            [
                "Camping Dinnerware",
                "/browse/sports-outdoors/camping-dinnerware/4125_546956_4128_1080705_1795416"
            ],
            [
                "Coleman Camp Kitchen",
                "/browse/sports-outdoors/coleman-camp-kitchen/4125_546956_4128_2487866_6320218_3539156"
            ],
            [
                "Ozark Trail Camping Accessories",
                "/browse/sports-outdoors/ozark-trail-camping-accessories/4125_546956_4128_2487866_2559937_4438585"
            ],
            [
                "Ozark Trail Camp Kitchen",
                "/browse/sports-outdoors/ozark-trail-camp-kitchen/4125_546956_4128_2487866_2559937_5002692"
            ],
            [
                "Camping Untensils",
                "/browse/sports-outdoors/camping-untensils/4125_546956_4128_1080705_5510723"
            ],
            [
                "All Camping Accessories",
                "/browse/sports-outdoors/all-camping-accessories/4125_546956_4128_1080844_7025478"
            ]
        ]
    },
    {
        "title": "10 Strawberry Street Simply White Coupe 16-Piece Dinnerware Set",
        "url": "https://www.walmart.com/ip/10-Strawberry-Street-Simply-White-Coupe-16-Piece-Dinnerware-Set/16878460",
        "price": "$36.20",
        "stars": "4.3",
        "ratings": "353 ",
        "img": "i5.walmartimages.com/asr/dd4a796c-cda8-4e72-9390-32f0fb3bb4b2_2.810c4ff5d1272d614aba26e636bb544d.jpeg?odnWidth=612&odnHeight=612&odnBg=ffffff",
        "tags": [
            [
                "Dinnerware",
                "/browse/home/dinnerware/4044_1225301_1225229_1225238_1230036"
            ],
            [
                "Plates",
                "/browse/home/plates/4044_623679_639999_3121273"
            ],
            [
                "Small kitchen ideas",
                "/browse/home/small-kitchen-ideas/4044_1879527_9330810_4641057"
            ],
            [
                "Better Homes & Gardens Dinnerware",
                "/browse/home/better-homes-gardens-dinnerware/4044_623679_639999_6844233"
            ],
            [
                "White Plates",
                "/browse/home/white-plates/4044_623679_639999_2113437_7926790"
            ],
            [
                "Dinner Plates",
                "/browse/home/dinner-plates/4044_623679_639999_2113437_7961401"
            ],
            [
                "Dorm Dining Essentials",
                "/browse/home/dorm-dining-essentials/4044_1225301_1225229_8079634_8700307"
            ],
            [
                "Dorm Dining & Hydration",
                "/browse/home/dorm-dining-hydration/4044_1225301_1225229_9951877"
            ]
        ]
    },
    {
        "title": "BalsaCircle Cushions for Chiavari Chairs - Wedding Party Event Furniture Reception Dinner Catering Ceremony Decorations, Navy Blue",
        "url": "https://www.walmart.com/ip/BalsaCircle-Cushions-for-Chiavari-Chairs-Wedding-Party-Event-Furniture-Reception-Dinner-Catering-Ceremony-Decorations-Navy-Blue/168533585",
        "price": "$6.99",
        "stars": "4.1",
        "ratings": "122 ",
        "img": "i5.walmartimages.com/asr/9f961b49-6802-4ffe-9ac9-1e06d704cab3_1.322491598e4e42260baa397623d1b8b2.jpeg?odnWidth=612&odnHeight=612&odnBg=ffffff",
        "tags": [
            [
                "Favors",
                "/browse/party-occasions/favors/2637_112776_1091372"
            ],
            [
                "Tiaras",
                "/browse/party-occasions/tiaras/2637_1042319_4922655_2305840_1383189"
            ],
            [
                "Birthday Crowns",
                "/browse/party-occasions/birthday-crowns/2637_1042319_4922655_2305840_2319662"
            ],
            [
                "Queen Crowns",
                "/browse/party-occasions/queen-crowns/2637_1042319_4922655_2305840_8755926"
            ],
            [
                "Wedding Favors",
                "/browse/party-occasions/wedding-favors/2637_112776_9156058_8878951"
            ],
            [
                "Thank You Cards",
                "/browse/party-occasions/thank-you-cards/2637_8304047_4258272_9722247"
            ],
            [
                "Bridal Shower Party Wear & Accessories",
                "/browse/party-occasions/bridal-shower-party-wear-accessories/2637_112776_4557417_9957311"
            ]
        ]
    }
]