[
    {
        "title": "Premium Mattress Protector Waterproof Bed Cover. Soft Microfiber Terry Surface, Breathable, Quiet, Pet & Fluids Proof. Safe Sleep for Adults & Kids (Twin/Full/Queen/King)",
        "url": "https://www.walmart.com/ip/Premium-Mattress-Protector-Waterproof-Bed-Cover-Soft-Microfiber-Terry-Surface-Breathable-Quiet-Pet-Fluids-Proof-Safe-Sleep-Adults-Kids-Twin-Full-Quee/137261010",
        "price": "$19.59",
        "stars": "4.5",
        "ratings": "4 ",
        "img": "i5.walmartimages.com/asr/960275b1-acbc-4349-af2b-39c82b0ff23a_1.436f77dd00d8863ec4e1f524df0bed79.jpeg?odnWidth=612&odnHeight=612&odnBg=ffffff",
        "tags": [
            [
                "Mattress Pads & Protectors & Toppers",
                "/browse/home/mattress-pads-protectors-toppers/4044_539103_133144"
            ],
            [
                "Waterproof Mattress Protectors",
                "/browse/home/waterproof-mattress-protectors/4044_539103_8022801_1583426"
            ],
            [
                "Cooling Mattress Protectors",
                "/browse/home/cooling-mattress-protectors/4044_539103_8022801_4168541"
            ],
            [
                "Mattress Protectors",
                "/browse/home/mattress-protectors/4044_103150_539386_4169411"
            ],
            [
                "Bed Bug Mattress Protectors",
                "/browse/home/bed-bug-mattress-protectors/4044_539103_8022801_5020852"
            ],
            [
                "Basic Mattress Pads & Protectors",
                "/browse/home/basic-mattress-pads-protectors/4044_539103_1095008_5670126"
            ],
            [
                "Waterproof Mattress Pads",
                "/browse/home/waterproof-mattress-pads/4044_539103_5947786_6986081"
            ],
            [
                "Twin Mattress Pads",
                "/browse/home/twin-mattress-pads/4044_539103_5947786_7046410"
            ]
        ]
    },
    {
        "title": "RPS PRODUCTS INC 16-oz. Waterbed Conditioner 1WC",
        "url": "https://www.walmart.com/ip/RPS-PRODUCTS-INC-16-oz-Waterbed-Conditioner-1WC/38754059",
        "price": "$15.25",
        "stars": "4.8",
        "ratings": "13 ",
        "img": "",
        "tags": [
            [
                "Twin Mattresses",
                "/browse/home/twin-mattresses/4044_103150_539386_9682013_4706569"
            ],
            [
                "Specialty Mattresses",
                "/browse/home/specialty-mattresses/4044_1225301_7738457_6832442"
            ],
            [
                "King Mattresses",
                "/browse/home/king-mattresses/4044_103150_539386_9682013_7117230"
            ],
            [
                "Queen Mattresses",
                "/browse/home/queen-mattresses/4044_103150_539386_9682013_7235340"
            ],
            [
                "Shop All Mattresses by Comfort Level",
                "/browse/home/shop-all-mattresses-by-comfort-level/4044_103150_539386_8574778_7747247"
            ],
            [
                "Shop All Mattresses by Size",
                "/browse/home/shop-all-mattresses-by-size/4044_103150_539386_9682013_8499841"
            ],
            [
                "Firm Mattresses",
                "/browse/home/firm-mattresses/4044_1225301_7738457_8955250"
            ],
            [
                "Mattresses",
                "/browse/home/mattresses/4044_103150_539386_927959"
            ]
        ]
    },
    {
        "title": "Waterproof Incontinence Bedwetting Mattress - Twin",
        "url": "https://www.walmart.com/ip/Waterproof-Incontinence-Bedwetting-Mattress-Twin/620490904",
        "price": "$124.50",
        "stars": "3.2",
        "ratings": "11 ",
        "img": "",
        "tags": [
            [
                "Memory Foam Mattresses",
                "/browse/home/memory-foam-mattresses/4044_103150_539386_414609"
            ],
            [
                "Innerspring Mattresses",
                "/browse/home/innerspring-mattresses/4044_103150_539386_4398143"
            ],
            [
                "Twin Mattresses",
                "/browse/home/twin-mattresses/4044_103150_539386_9682013_4706569"
            ],
            [
                "Twin-XL Mattresses",
                "/browse/home/twin-xl-mattresses/4044_103150_539386_9682013_5191936"
            ],
            [
                "Kids' Mattresses",
                "/browse/home/kids-mattresses/4044_103150_539386_7177070"
            ],
            [
                "Shop All Mattresses by Size",
                "/browse/home/shop-all-mattresses-by-size/4044_103150_539386_9682013_8499841"
            ],
            [
                "Firm Mattresses",
                "/browse/home/firm-mattresses/4044_1225301_7738457_8955250"
            ],
            [
                "Mattress Sets",
                "/browse/home/mattress-sets/4044_103150_539386_97104"
            ]
        ]
    },
    {
        "title": "Shepherd 9536 2-1/8\" Wide Wheel Bed Casters With Brake 2 Count",
        "url": "https://www.walmart.com/ip/Shepherd-9536-2-1-8-Wide-Wheel-Bed-Casters-With-Brake-2-Count/21985106",
        "price": "$10.49",
        "stars": "5.0",
        "ratings": "2 ",
        "img": "",
        "tags": [
            [
                "Accessories",
                "/browse/home/accessories/4044_103150_97116_1030619"
            ],
            [
                "Twin Bed Frames",
                "/browse/home/twin-bed-frames/4044_103150_102547_1612901_1936776"
            ],
            [
                "Platform Bed Frames",
                "/browse/home/platform-bed-frames/4044_103150_102547_1612901_2129680"
            ],
            [
                "Shop all Bed Frames",
                "/browse/home/shop-all-bed-frames/4044_103150_102547_2727648"
            ],
            [
                "Queen Bed Frames",
                "/browse/home/queen-bed-frames/4044_103150_102547_1612901_3670601"
            ],
            [
                "King Bed Frames",
                "/browse/home/king-bed-frames/4044_103150_102547_1612901_6810753"
            ],
            [
                "Full Bed Frames",
                "/browse/home/full-bed-frames/4044_103150_102547_1612901_7561545"
            ],
            [
                "Metal Bed Frames",
                "/browse/home/metal-bed-frames/4044_103150_102547_1612901_7728882"
            ]
        ]
    },
    {
        "title": "Modern Sleep Devon Wood Slat and Metal Platform Bed Frame | Mattress Foundation, Multiple Sizes",
        "url": "https://www.walmart.com/ip/Modern-Sleep-Devon-Wood-Slat-and-Metal-Platform-Bed-Frame-Mattress-Foundation-Multiple-Sizes/224285735",
        "price": "$129.99",
        "stars": "4.9",
        "ratings": "17 ",
        "img": "i5.walmartimages.com/asr/9a50a27b-566a-4f2c-bdba-ebb18a22d63b_2.bef60b8ea4c585d178152989a7fc39ac.jpeg?odnWidth=612&odnHeight=612&odnBg=ffffff",
        "tags": [
            [
                "Twin Bed Frames",
                "/browse/home/twin-bed-frames/4044_103150_102547_1612901_1936776"
            ],
            [
                "Platform Bed Frames",
                "/browse/home/platform-bed-frames/4044_103150_102547_1612901_2129680"
            ],
            [
                "Shop all Bed Frames",
                "/browse/home/shop-all-bed-frames/4044_103150_102547_2727648"
            ],
            [
                "Queen Bed Frames",
                "/browse/home/queen-bed-frames/4044_103150_102547_1612901_3670601"
            ],
            [
                "Platform Beds",
                "/browse/home/platform-beds/4044_103150_102547_91837_5579206"
            ],
            [
                "Wood Beds",
                "/browse/home/wood-beds/4044_103150_102547_5949652_7618312_5701239"
            ],
            [
                "King Bed Frames",
                "/browse/home/king-bed-frames/4044_103150_102547_1612901_6810753"
            ],
            [
                "Full Bed Frames",
                "/browse/home/full-bed-frames/4044_103150_102547_1612901_7561545"
            ]
        ]
    },
    {
        "title": "Full Size Mattress Cover Zipper Waterproof Plastic Bed Bug Dust Mites Allergens",
        "url": "https://www.walmart.com/ip/Full-Size-Mattress-Cover-Zipper-Waterproof-Plastic-Bed-Bug-Dust-Mites-Allergens/147806450",
        "price": "$18.15",
        "stars": "2.3",
        "ratings": "9 ",
        "img": "i5.walmartimages.com/asr/dbb055ad-8b31-4121-9391-405d5933481a_1.423eb3f490d68aff36ca67936dde38e1.jpeg?odnWidth=612&odnHeight=612&odnBg=ffffff",
        "tags": [
            [
                "Mattress Pads & Protectors & Toppers",
                "/browse/home/mattress-pads-protectors-toppers/4044_539103_133144"
            ],
            [
                "Waterproof Mattress Protectors",
                "/browse/home/waterproof-mattress-protectors/4044_539103_8022801_1583426"
            ],
            [
                "Fitted Mattress Protectors",
                "/browse/home/fitted-mattress-protectors/4044_539103_8022801_2727861"
            ],
            [
                "Cooling Mattress Protectors",
                "/browse/home/cooling-mattress-protectors/4044_539103_8022801_4168541"
            ],
            [
                "Mattress Protectors",
                "/browse/home/mattress-protectors/4044_103150_539386_4169411"
            ],
            [
                "Bed Bug Mattress Protectors",
                "/browse/home/bed-bug-mattress-protectors/4044_539103_8022801_5020852"
            ],
            [
                "Basic Mattress Pads & Protectors",
                "/browse/home/basic-mattress-pads-protectors/4044_539103_1095008_5670126"
            ],
            [
                "Top Home Allergy Relief Products",
                "/browse/home/top-home-allergy-relief-products/4044_1225301_2271072_8428130"
            ]
        ]
    },
    {
        "title": "SensorPEDIC Essentials Waterproof Mattress Protector",
        "url": "https://www.walmart.com/ip/SensorPEDIC-Essentials-Waterproof-Mattress-Protector/690000936",
        "price": "$18.83",
        "stars": "4.7",
        "ratings": "18 ",
        "img": "i5.walmartimages.com/asr/99d05d2a-92b3-4640-916a-1bebbad0a7b6_2.c0326b123dea281d650c9e99cad9e2c3.jpeg?odnWidth=612&odnHeight=612&odnBg=ffffff",
        "tags": [
            [
                "Waterproof Mattress Protectors",
                "/browse/home/waterproof-mattress-protectors/4044_539103_8022801_1583426"
            ],
            [
                "Fitted Mattress Protectors",
                "/browse/home/fitted-mattress-protectors/4044_539103_8022801_2727861"
            ],
            [
                "Cooling Mattress Protectors",
                "/browse/home/cooling-mattress-protectors/4044_539103_8022801_4168541"
            ],
            [
                "Mattress Protectors",
                "/browse/home/mattress-protectors/4044_103150_539386_4169411"
            ],
            [
                "Bed Bug Mattress Protectors",
                "/browse/home/bed-bug-mattress-protectors/4044_539103_8022801_5020852"
            ],
            [
                "Basic Mattress Pads & Protectors",
                "/browse/home/basic-mattress-pads-protectors/4044_539103_1095008_5670126"
            ],
            [
                "Mattress Covers & Protectors",
                "/browse/home/mattress-covers-protectors/4044_539103_7427099"
            ],
            [
                "Zippered Mattress Protectors",
                "/browse/home/zippered-mattress-protectors/4044_539103_8022801_8929600"
            ]
        ]
    },
    {
        "title": "Nap Queen By ADBA 10-Inch Cooling Gel Memory Foam Mattress",
        "url": "https://www.walmart.com/ip/Nap-Queen-By-ADBA-10-Inch-Cooling-Gel-Memory-Foam-Mattress/634228074",
        "price": "$279.00",
        "stars": "4.3",
        "ratings": "18 ",
        "img": "i5.walmartimages.com/asr/f7f8ac85-86c7-4031-8f35-516e6c1a378b_2.3fd9bf819dd0087c2366135bea91fe1e.jpeg?odnWidth=612&odnHeight=612&odnBg=ffffff",
        "tags": [
            [
                "California King Mattresses",
                "/browse/home/california-king-mattresses/4044_103150_539386_9682013_1554425"
            ],
            [
                "Full Mattresses",
                "/browse/home/full-mattresses/4044_103150_539386_9682013_1872812"
            ],
            [
                "Memory Foam Mattresses",
                "/browse/home/memory-foam-mattresses/4044_103150_539386_414609"
            ],
            [
                "Twin-XL Mattresses",
                "/browse/home/twin-xl-mattresses/4044_103150_539386_9682013_5191936"
            ],
            [
                "Medium Firm Mattresses",
                "/browse/home/medium-firm-mattresses/4044_1225301_7738457_6007208"
            ],
            [
                "King Mattresses",
                "/browse/home/king-mattresses/4044_103150_539386_9682013_7117230"
            ],
            [
                "Queen Mattresses",
                "/browse/home/queen-mattresses/4044_103150_539386_9682013_7235340"
            ],
            [
                "Shop All Mattresses by Comfort Level",
                "/browse/home/shop-all-mattresses-by-comfort-level/4044_103150_539386_8574778_7747247"
            ]
        ]
    },
    {
        "title": "Twin Mattress Cover White Fitted Plastic Protector",
        "url": "https://www.walmart.com/ip/Twin-Mattress-Cover-White-Fitted-Plastic-Protector/144662138",
        "price": "$6.90",
        "stars": "1.0",
        "ratings": "1 ",
        "img": "i5.walmartimages.com/asr/5a9bc104-42c8-43d7-b243-fa0fe5215b10_1.827b07e29ea3eb9958013cdd35e0e599.jpeg?odnWidth=612&odnHeight=612&odnBg=ffffff",
        "tags": [
            [
                "Mattress Pads & Protectors & Toppers",
                "/browse/home/mattress-pads-protectors-toppers/4044_539103_133144"
            ],
            [
                "Waterproof Mattress Protectors",
                "/browse/home/waterproof-mattress-protectors/4044_539103_8022801_1583426"
            ],
            [
                "Dorm Bedding Essentials",
                "/browse/home/dorm-bedding-essentials/4044_1225301_1225229_8079634_2857911"
            ],
            [
                "Cooling Mattress Protectors",
                "/browse/home/cooling-mattress-protectors/4044_539103_8022801_4168541"
            ],
            [
                "Mattress Protectors",
                "/browse/home/mattress-protectors/4044_103150_539386_4169411"
            ],
            [
                "Bed Bug Mattress Protectors",
                "/browse/home/bed-bug-mattress-protectors/4044_539103_8022801_5020852"
            ],
            [
                "Basic Mattress Pads & Protectors",
                "/browse/home/basic-mattress-pads-protectors/4044_539103_1095008_5670126"
            ],
            [
                "Zippered Mattress Protectors",
                "/browse/home/zippered-mattress-protectors/4044_539103_8022801_8929600"
            ]
        ]
    },
    {
        "title": "Contura 10 Inch Medium Firm Air Flow Gel Memory Foam Mattress, Twin",
        "url": "https://www.walmart.com/ip/Contura-10-Inch-Medium-Firm-Air-Flow-Gel-Memory-Foam-Mattress-Twin/55285634",
        "price": "$249.99",
        "stars": "4.7",
        "ratings": "84 ",
        "img": "",
        "tags": [
            [
                "California King Mattresses",
                "/browse/home/california-king-mattresses/4044_103150_539386_9682013_1554425"
            ],
            [
                "Mattress-in-a-Box",
                "/browse/home/mattress-in-a-box/4044_103150_539386_1985909"
            ],
            [
                "Twin-XL Mattresses",
                "/browse/home/twin-xl-mattresses/4044_103150_539386_9682013_5191936"
            ],
            [
                "Medium Firm Mattresses",
                "/browse/home/medium-firm-mattresses/4044_1225301_7738457_6007208"
            ],
            [
                "King Mattresses",
                "/browse/home/king-mattresses/4044_103150_539386_9682013_7117230"
            ],
            [
                "Kids' Mattresses",
                "/browse/home/kids-mattresses/4044_103150_539386_7177070"
            ],
            [
                "Queen Mattresses",
                "/browse/home/queen-mattresses/4044_103150_539386_9682013_7235340"
            ],
            [
                "Shop All Mattresses by Comfort Level",
                "/browse/home/shop-all-mattresses-by-comfort-level/4044_103150_539386_8574778_7747247"
            ]
        ]
    }
]