[
    {
        "title": "UBesGoo Black Chest of Drawers Dresser Wood Organizer Cabinet,4 Drawer Nightstand Side Table,Furniture for Bedroom",
        "url": "https://www.walmart.com/ip/UBesGoo-Black-Chest-of-Drawers-Dresser-Wood-Organizer-Cabinet-4-Drawer-Nightstand-Side-Table-Furniture-for-Bedroom/115329732",
        "price": "$98.99",
        "stars": "2.3",
        "ratings": "10 ",
        "img": "i5.walmartimages.com/asr/403e8834-2ddd-47cb-99b4-53043e542654_1.44dc12acccbde677c5c4f67822c9e70d.jpeg?odnWidth=612&odnHeight=612&odnBg=ffffff",
        "tags": [
            [
                "Oak Dressers",
                "/browse/home/oak-dressers/4044_103150_102547_4000624_4044459_2659676"
            ],
            [
                "White Dressers",
                "/browse/home/white-dressers/4044_103150_102547_4000624_4044459_4007149"
            ],
            [
                "Shop all Dressers",
                "/browse/home/shop-all-dressers/4044_103150_102547_4000624_4417973"
            ],
            [
                "Espresso Dressers",
                "/browse/home/espresso-dressers/4044_103150_102547_4000624_4044459_5630464"
            ],
            [
                "Modern Dressers",
                "/browse/home/modern-dressers/4044_103150_102547_4000624_8913665_6586036"
            ],
            [
                "Dorm Bedroom Furniture",
                "/browse/home/dorm-bedroom-furniture/4044_1225301_1225229_6830557"
            ],
            [
                "4 Drawer Dressers",
                "/browse/home/4-drawer-dressers/4044_103150_102547_4000624_9936014_7328011"
            ],
            [
                "Black Dressers",
                "/browse/home/black-dressers/4044_103150_102547_4000624_4044459_8123277"
            ]
        ]
    },
    {
        "title": "Techni Mobili Swivel, Adjustable Height Mesh Task Chair, Multiple Colors",
        "url": "https://www.walmart.com/ip/Techni-Mobili-Swivel-Adjustable-Height-Mesh-Task-Chair-Multiple-Colors/25061339",
        "price": "$41.60",
        "stars": "3.8",
        "ratings": "224 ",
        "img": "i5.walmartimages.com/asr/12671e9b-41b1-477b-b946-d3ef11d400a2_2.7fc88c133549934d6e3f36c2ec17ebeb.jpeg?odnWidth=612&odnHeight=612&odnBg=ffffff",
        "tags": [
            [
                "Teens' Desks",
                "/browse/home/teens-desks/4044_1156136_1156142_1156145"
            ],
            [
                "Study Room",
                "/browse/home/study-room/4044_103150_1225290_1225292"
            ],
            [
                "Dorm Study Furniture",
                "/browse/home/dorm-study-furniture/4044_1225301_1225229_1385016"
            ],
            [
                "Ergonomic Chairs",
                "/browse/home/ergonomic-chairs/4044_103150_97116_5177400"
            ],
            [
                "Teens' Desk Chairs",
                "/browse/home/teens-desk-chairs/4044_1156136_1156142_5845507"
            ],
            [
                "White Office Furniture",
                "/browse/home/white-office-furniture/4044_103150_97116_7165397"
            ],
            [
                "Kids' Desk Chairs",
                "/browse/home/kids-desk-chairs/4044_1154295_1155958_7203266_8578962"
            ],
            [
                "Commercial Office Furniture",
                "/browse/home/commercial-office-furniture/4044_103150_97116_1071224_9864245"
            ]
        ]
    },
    {
        "title": "Household Essentials Ashwood Round Coffee Table",
        "url": "https://www.walmart.com/ip/Household-Essentials-Ashwood-Round-Coffee-Table/52654705",
        "price": "$56.07",
        "stars": "4.7",
        "ratings": "81 ",
        "img": "",
        "tags": [
            [
                "All Coffee Tables",
                "/browse/home/all-coffee-tables/4044_103150_4038_8869666_2502404"
            ],
            [
                "Metal Coffee Tables",
                "/browse/home/metal-coffee-tables/4044_103150_4038_8869666_3646943"
            ],
            [
                "Modern/Contemporary Browse Shelf",
                "/browse/home/modern-contemporary-browse-shelf/4044_103150_4038_8869666_4066229"
            ],
            [
                "Lift Top Coffee Tables",
                "/browse/home/lift-top-coffee-tables/4044_103150_4038_8869666_5870749"
            ],
            [
                "Storage Coffee Tables",
                "/browse/home/storage-coffee-tables/4044_103150_4038_8869666_6097383"
            ],
            [
                "Rectangle Coffee Tables",
                "/browse/home/rectangle-coffee-tables/4044_103150_4038_8869666_8675220"
            ],
            [
                "Industrial Coffee Tables",
                "/browse/home/industrial-coffee-tables/4044_103150_4038_8869666_9048872"
            ],
            [
                "Black Coffee Tables",
                "/browse/home/black-coffee-tables/4044_103150_4038_8869666_9197339"
            ]
        ]
    },
    {
        "title": "Xander Twin Bed, Gunmetal",
        "url": "https://www.walmart.com/ip/Xander-Twin-Bed-Gunmetal/49316218",
        "price": "$175.14",
        "stars": 0,
        "ratings": 0,
        "img": "",
        "tags": [
            [
                "Metal Bunk Beds",
                "/browse/home/metal-bunk-beds/4044_1154295_1155958_5560469_5577938"
            ],
            [
                "Beds for Boys",
                "/browse/home/beds-for-boys/4044_1154295_1155958_7251917_5960181"
            ],
            [
                "Twin Bunk Beds",
                "/browse/home/twin-bunk-beds/4044_1154295_1155958_5560469_7480947"
            ],
            [
                "Kids' Storage Beds",
                "/browse/home/kids-storage-beds/4044_1154295_1155958_7251917_8472349"
            ],
            [
                "Kids' Beds",
                "/browse/home/kids-beds/4044_1154295_1155958_7251917_8596911"
            ],
            [
                "Shop All Bunk Beds",
                "/browse/home/shop-all-bunk-beds/4044_1154295_1155958_5560469_9212178"
            ],
            [
                "Beds for Girls",
                "/browse/home/beds-for-girls/4044_1154295_1155958_7251917_9747206"
            ]
        ]
    },
    {
        "title": "Lifestyle Solutions Alexa 3-Seat Rolled Arm Microfiber Sofa, Dark Grey",
        "url": "https://www.walmart.com/ip/Lifestyle-Solutions-Alexa-3-Seat-Rolled-Arm-Microfiber-Sofa-Dark-Grey/48006757",
        "price": "$319.00",
        "stars": "3.4",
        "ratings": "242 ",
        "img": "i5.walmartimages.com/asr/582cdb4c-ac73-474d-9865-de9d1685fbbf_2.102ce057d9f7d5766a416ed24c19a10e.jpeg?odnWidth=612&odnHeight=612&odnBg=ffffff",
        "tags": [
            [
                "All Sofas",
                "/browse/home/all-sofas/4044_103150_4038_9394595_1431634"
            ],
            [
                "Blue Sofas",
                "/browse/home/blue-sofas/4044_103150_4038_9394595_2545107"
            ],
            [
                "Modern & Contemporary Sofas",
                "/browse/home/modern-contemporary-sofas/4044_103150_4038_9394595_3699414"
            ],
            [
                "Linen Sofas",
                "/browse/home/linen-sofas/4044_103150_4038_9394595_4325497"
            ],
            [
                "Brown Sofas",
                "/browse/home/brown-sofas/4044_103150_4038_9394595_5104386"
            ],
            [
                "Grey Sofas",
                "/browse/home/grey-sofas/4044_103150_4038_9394595_5398749"
            ],
            [
                "Black Sofas",
                "/browse/home/black-sofas/4044_103150_4038_9394595_5461013"
            ],
            [
                "Transitional Sofas",
                "/browse/home/transitional-sofas/4044_103150_4038_9394595_9062671"
            ]
        ]
    },
    {
        "title": "Ktaxon PVC Matte Desk Office Chair Floor Mat Protector for Hard Wood Floors 48\" x 36\"",
        "url": "https://www.walmart.com/ip/Ktaxon-PVC-Matte-Desk-Office-Chair-Floor-Mat-Protector-for-Hard-Wood-Floors-48-x-36/111027910",
        "price": "$28.99",
        "stars": "3.7",
        "ratings": "130 ",
        "img": "i5.walmartimages.com/asr/e6d3d9f8-f161-4c60-8f2c-433004179a10_1.e2ed3e7adbbe58ff5ace6230d6a53f02.jpeg?odnWidth=612&odnHeight=612&odnBg=ffffff",
        "tags": [
            [
                "Dorm Study Furniture",
                "/browse/home/dorm-study-furniture/4044_1225301_1225229_1385016"
            ],
            [
                "Executive Office Chairs",
                "/browse/home/executive-office-chairs/4044_103150_97116_3896177"
            ],
            [
                "Ergonomic Chairs",
                "/browse/home/ergonomic-chairs/4044_103150_97116_5177400"
            ],
            [
                "White Office Furniture",
                "/browse/home/white-office-furniture/4044_103150_97116_7165397"
            ],
            [
                "Hard Floor Chair Mats",
                "/browse/home/hard-floor-chair-mats/4044_103150_97116_8918468_7817160"
            ],
            [
                "Carpet Chair Mats",
                "/browse/home/carpet-chair-mats/4044_103150_97116_8918468_8990247"
            ],
            [
                "Office Chairs",
                "/browse/home/office-chairs/4044_103150_97116_91853"
            ]
        ]
    },
    {
        "title": "SmileMart Coffee Table with Storage Shelf Accent Table for Living Room, Rustic Brown",
        "url": "https://www.walmart.com/ip/SmileMart-Coffee-Table-with-Storage-Shelf-Accent-Table-for-Living-Room-Rustic-Brown/571476072",
        "price": "$75.99",
        "stars": "4.7",
        "ratings": "12 ",
        "img": "",
        "tags": [
            [
                "Metal Coffee Tables",
                "/browse/home/metal-coffee-tables/4044_103150_4038_8869666_3646943"
            ],
            [
                "Modern/Contemporary Browse Shelf",
                "/browse/home/modern-contemporary-browse-shelf/4044_103150_4038_8869666_4066229"
            ],
            [
                "Industrial End Tables",
                "/browse/home/industrial-end-tables/4044_103150_4038_4991400_4670171"
            ],
            [
                "Lift Top Coffee Tables",
                "/browse/home/lift-top-coffee-tables/4044_103150_4038_8869666_5870749"
            ],
            [
                "Industrial TV Stands",
                "/browse/home/industrial-tv-stands/4044_103150_635499_7496980"
            ],
            [
                "Better Homes & Garden Coffee Tables",
                "/browse/home/better-homes-garden-coffee-tables/4044_103150_4038_8869666_7937678"
            ],
            [
                "Rectangle Coffee Tables",
                "/browse/home/rectangle-coffee-tables/4044_103150_4038_8869666_8675220"
            ],
            [
                "Industrial Coffee Tables",
                "/browse/home/industrial-coffee-tables/4044_103150_4038_8869666_9048872"
            ]
        ]
    },
    {
        "title": "Mind Reader ' Charm' 3 Tier Wood Metal All Purpose Kitchen Cart, Black with Brown",
        "url": "https://www.walmart.com/ip/Mind-Reader-Charm-3-Tier-Wood-Metal-All-Purpose-Kitchen-Cart-Black-with-Brown/253197984",
        "price": "$48.99",
        "stars": "4.2",
        "ratings": "129 ",
        "img": "i5.walmartimages.com/asr/efa13371-cf6b-46df-9752-2f37c068aca8_1.445d664a6a776dbfbf0e0f32bc014f5a.jpeg?odnWidth=612&odnHeight=612&odnBg=ffffff",
        "tags": [
            [
                "Kitchen Islands & Carts",
                "/browse/home/kitchen-islands-carts/4044_103150_4037_132192"
            ],
            [
                "File Cabinets",
                "/browse/home/file-cabinets/4044_103150_97116_132967"
            ],
            [
                "Shop All Bar Carts",
                "/browse/home/shop-all-bar-carts/4044_103150_4037_3598046_5196648_1748331"
            ],
            [
                "Metal Bar Carts",
                "/browse/home/metal-bar-carts/4044_103150_4037_3598046_5196648_3980306"
            ],
            [
                "Microwave Carts",
                "/browse/home/microwave-carts/4044_103150_4037_4640498"
            ],
            [
                "Wood Bar Carts",
                "/browse/home/wood-bar-carts/4044_103150_4037_3598046_5196648_6698616"
            ],
            [
                "Drawers & Carts",
                "/browse/home/drawers-carts/4044_90828_925639"
            ],
            [
                "Metal File Cabinets",
                "/browse/home/metal-file-cabinets/4044_103150_97116_9684058"
            ]
        ]
    },
    {
        "title": "Mainstays Parsons Cubby Entryway Bench with Cushion, Espresso",
        "url": "https://www.walmart.com/ip/Mainstays-Parsons-Cubby-Entryway-Bench-with-Cushion-Espresso/379810313",
        "price": "$83.16",
        "stars": "4.6",
        "ratings": "14 ",
        "img": "i5.walmartimages.com/asr/2871b9a2-ad40-495e-9b88-817de30828fb_1.e372dc61a9633f0a56af652d2aad112d.jpeg?odnWidth=612&odnHeight=612&odnBg=ffffff",
        "tags": [
            [
                "Bedroom Benches",
                "/browse/home/bedroom-benches/4044_103150_102547_6438879_2681965"
            ],
            [
                "Shoe Benches",
                "/browse/home/shoe-benches/4044_103150_102547_6438879_3648842"
            ],
            [
                "Benches",
                "/browse/home/benches/4044_103150_102547_468234"
            ],
            [
                "Small Space Storage & Organization",
                "/browse/home/small-space-storage-organization/4044_103150_2880259_6202759"
            ],
            [
                "Upholstered Benches",
                "/browse/home/upholstered-benches/4044_103150_102547_6438879_6236268"
            ],
            [
                "Storage Benches",
                "/browse/home/storage-benches/4044_103150_102547_6438879_7886342"
            ],
            [
                "Small Entryway Tables & Benches",
                "/browse/home/small-entryway-tables-benches/4044_103150_2880259_8215664"
            ],
            [
                "Small bedroom ideas",
                "/browse/home/small-bedroom-ideas/4044_1879527_9330810_9483188"
            ]
        ]
    },
    {
        "title": "Best Choice Products 3-Piece Wooden Counter Height Dining Table Set for Kitchen, Dining Room w/ Storage - Espresso",
        "url": "https://www.walmart.com/ip/Best-Choice-Products-3-Piece-Wooden-Counter-Height-Dining-Table-Set-for-Kitchen-Dining-Room-w-Storage-Espresso/601880713",
        "price": "$159.99",
        "stars": "4.4",
        "ratings": "103 ",
        "img": "i5.walmartimages.com/asr/c157400b-7407-487f-b67d-3bde95705909.1a1b4903c60a7f49e47efa5a1a4837c0.jpeg?odnWidth=612&odnHeight=612&odnBg=ffffff",
        "tags": [
            [
                "All Dining Room Sets",
                "/browse/home/all-dining-room-sets/4044_103150_4037_3500031_1357683"
            ],
            [
                "Black Dining Sets",
                "/browse/home/black-dining-sets/4044_103150_4037_3500031_1481653"
            ],
            [
                "Espresso Dining Sets",
                "/browse/home/espresso-dining-sets/4044_103150_4037_3500031_3174553"
            ],
            [
                "3 Piece Dining Set",
                "/browse/home/3-piece-dining-set/4044_103150_4037_3500031_4112000"
            ],
            [
                "Rectangular Dining Sets",
                "/browse/home/rectangular-dining-sets/4044_103150_4037_3500031_4285616"
            ],
            [
                "Modern Dining Sets",
                "/browse/home/modern-dining-sets/4044_103150_4037_3500031_6861273"
            ],
            [
                "Small Dining Table Sets",
                "/browse/home/small-dining-table-sets/4044_103150_4037_3500031_7037956"
            ],
            [
                "Wood Dining Sets",
                "/browse/home/wood-dining-sets/4044_103150_4037_3500031_7446991"
            ]
        ]
    }
]