[
    {
        "title": "BLACK+DECKER FreshPrep 3-Cup Electric Food Chopper, Black, HC300B",
        "url": "https://www.walmart.com/ip/BLACK-DECKER-FreshPrep-3-Cup-Electric-Food-Chopper-Black-HC300B/54980613",
        "price": "$25.00",
        "stars": "4.5",
        "ratings": "133 ",
        "img": "i5.walmartimages.com/asr/ea6e70e0-a81a-4432-8fcd-30e31171e367_1.83687e19dd39428ed6516b10d8ef190b.jpeg?odnWidth=612&odnHeight=612&odnBg=ffffff",
        "tags": [
            [
                "Chopping & Slicing",
                "/browse/home/chopping-slicing/4044_623679_133020_4496646_1817206"
            ],
            [
                "Black+Decker Stick Vacuums",
                "/browse/home/blackdecker-stick-vacuums/4044_90548_4047_3340985"
            ],
            [
                "Small kitchen ideas",
                "/browse/home/small-kitchen-ideas/4044_1879527_9330810_4641057"
            ],
            [
                "Mini Food Processors",
                "/browse/home/mini-food-processors/4044_90548_90546_4813_6007267"
            ],
            [
                "Food Processors",
                "/browse/home/food-processors/4044_90548_90546_4813_6198960"
            ],
            [
                "Food Choppers",
                "/browse/home/food-choppers/4044_623679_133020_4496646_7223938"
            ],
            [
                "KitchenAid",
                "/browse/home/kitchenaid/4044_1225301_9409401_7708390"
            ],
            [
                "KitchenAid Food Processors",
                "/browse/home/kitchenaid-food-processors/4044_1225301_8679660_8117169"
            ]
        ]
    },
    {
        "title": "Ktaxon 2800W Electric Meat Grinder Kitchen Food Mincer Sausage Maker",
        "url": "https://www.walmart.com/ip/Ktaxon-2800W-Electric-Meat-Grinder-Kitchen-Food-Mincer-Sausage-Maker/191375841",
        "price": "$36.99",
        "stars": "3.4",
        "ratings": "14 ",
        "img": "i5.walmartimages.com/asr/225c2f1d-5343-405c-a6ab-e95c689cfd80_1.2b4921aca29eaaa5dbf628d22b51536e.jpeg?odnWidth=612&odnHeight=612&odnBg=ffffff",
        "tags": [
            [
                "Sausage Stuffers",
                "/browse/home/sausage-stuffers/4044_90548_90546_3004896_1316988"
            ],
            [
                "KitchenAid Mixer Attachments",
                "/browse/home/kitchenaid-mixer-attachments/4044_1225301_8679660_3824381"
            ],
            [
                "Shop All Electric Meat Tools",
                "/browse/home/shop-all-electric-meat-tools/4044_90548_90546_3004896_5110779"
            ],
            [
                "More Food Prep and Processors",
                "/browse/home/more-food-prep-processors/4044_90548_90546_4813_5766888"
            ],
            [
                "More Specialty Appliances",
                "/browse/home/more-specialty-appliances/4044_90548_90546_133025_6406821"
            ],
            [
                "Meat Tools",
                "/browse/home/meat-tools/4044_623679_133020_4496646_6518183"
            ],
            [
                "Meat Grinders",
                "/browse/home/meat-grinders/4044_90548_90546_3004896_7096955"
            ],
            [
                "Kitchenaid Mixers",
                "/browse/home/kitchenaid-mixers/4044_90548_90546_2971264_8593304"
            ]
        ]
    },
    {
        "title": "Hamilton Beach SoftScrape 6 Speed Hand Mixer with Case Model 62637",
        "url": "https://www.walmart.com/ip/Hamilton-Beach-SoftScrape-6-Speed-Hand-Mixer-with-Case-Model-62637/14320943",
        "price": "$29.99",
        "stars": "4.5",
        "ratings": "53 ",
        "img": "",
        "tags": [
            [
                "Shop All Mixers & Attachments",
                "/browse/home/shop-all-mixers-attachments/4044_90548_90546_3995183_4030539"
            ],
            [
                "Dorm Appliances",
                "/browse/home/dorm-appliances/4044_1225301_1225229_4267503"
            ],
            [
                "Hamilton Beach Hand Mixers",
                "/browse/home/hamilton-beach-hand-mixers/4044_90548_90546_3995183_1538058_5508809"
            ],
            [
                "KitchenAid Hand Mixers",
                "/browse/home/kitchenaid-hand-mixers/4044_1225301_8679660_7486197"
            ],
            [
                "KitchenAid",
                "/browse/home/kitchenaid/4044_1225301_9409401_7708390"
            ],
            [
                "Salton",
                "/browse/home/salton/4044_90548_90546_8385084"
            ],
            [
                "Kitchenaid Mixers",
                "/browse/home/kitchenaid-mixers/4044_90548_90546_2971264_8593304"
            ],
            [
                "Cuisinart Hand Mixers",
                "/browse/home/cuisinart-hand-mixers/4044_90548_90546_3995183_1538058_8895609"
            ]
        ]
    },
    {
        "title": "Farberware Professional 2 Steel Head Black Plastic Handle Can Opener",
        "url": "https://www.walmart.com/ip/Farberware-Professional-2-Steel-Head-Black-Plastic-Handle-Can-Opener/674892090",
        "price": "$9.98",
        "stars": "3.6",
        "ratings": "102 ",
        "img": "i5.walmartimages.com/asr/2cd4ecbd-35dc-4f30-b79b-ec44d90db4e4_1.17f2be4d34bec927056970e1b560e307.jpeg?odnWidth=612&odnHeight=612&odnBg=ffffff",
        "tags": [
            [
                "KitchenAid Utensils & Gadgets",
                "/browse/home/kitchenaid-utensils-gadgets/4044_623679_133020_4496646_3073544"
            ],
            [
                "Cooking Utensils",
                "/browse/home/cooking-utensils/4044_623679_133020_4496646_3272847"
            ],
            [
                "Electric Can Openers",
                "/browse/home/electric-can-openers/4044_90548_90546_9317591_3691307"
            ],
            [
                "Farberware Tools and Gadgets",
                "/browse/home/farberware-tools-gadgets/4044_623679_133020_4927613"
            ],
            [
                "Can Openers",
                "/browse/home/can-openers/4044_623679_133020_612300"
            ],
            [
                "Food Prep",
                "/browse/home/food-prep/4044_623679_133020_642199"
            ],
            [
                "KitchenAid",
                "/browse/home/kitchenaid/4044_1225301_9409401_7708390"
            ],
            [
                "Kitchen & Cooking Utensil Sets",
                "/browse/home/kitchen-cooking-utensil-sets/4044_623679_133020_4496646_9403622"
            ]
        ]
    },
    {
        "title": "Nostalgia Strawberry Ice Cream Mix, 8 oz.",
        "url": "https://www.walmart.com/ip/Nostalgia-Strawberry-Ice-Cream-Mix-8-oz/295865288",
        "price": "$2.98",
        "stars": "4.6",
        "ratings": "10 ",
        "img": "i5.walmartimages.com/asr/cabf2b5b-4f0b-4251-9433-fb691fe7bac6_1.442829754fdd91d50e2e6dca2a3dc05e.jpeg?odnWidth=612&odnHeight=612&odnBg=ffffff",
        "tags": [
            [
                "Summer Entertaining-Kitchen Appliances",
                "/browse/home/summer-entertaining-kitchen-appliances/4044_1225301_1224843_1225118_1225146"
            ],
            [
                "Popsicle Molds",
                "/browse/home/popsicle-molds/4044_623679_133020_4496646_3408263"
            ],
            [
                "Milkshake Makers",
                "/browse/home/milkshake-makers/4044_90548_90546_132920_3935770"
            ],
            [
                "Cuisinart Ice Cream Makers",
                "/browse/home/cuisinart-ice-cream-makers/4044_90548_90546_132920_5805431"
            ],
            [
                "Cool Kitchen Gadgets",
                "/browse/home/cool-kitchen-gadgets/4044_623679_133020_4496646_6821949"
            ],
            [
                "KitchenAid",
                "/browse/home/kitchenaid/4044_1225301_9409401_7708390"
            ],
            [
                "Frozen Drink Makers",
                "/browse/home/frozen-drink-makers/4044_90548_90546_132920_9010645"
            ]
        ]
    },
    {
        "title": "Portable Compact Washing Machine 1.34 Cu.ft Spin Washer Drain Pump 8 Water Level",
        "url": "https://www.walmart.com/ip/Portable-Compact-Washing-Machine-1-34-Cu-ft-Spin-Washer-Drain-Pump-8-Water-Level/452491298",
        "price": "$249.99",
        "stars": "4.6",
        "ratings": "98 ",
        "img": "i5.walmartimages.com/asr/261232f2-243a-4232-9214-0a8ceeaaaba5_1.f35839b93ec831af6e6f52fc7d255b1e.jpeg?odnWidth=612&odnHeight=612&odnBg=ffffff",
        "tags": [
            [
                "Portable Washing Machines",
                "/browse/home/portable-washing-machines/4044_90548_3295848_8058687_1444091"
            ],
            [
                "Magic Chef Dryers",
                "/browse/home/magic-chef-dryers/4044_90548_3295848_3755504_1978115"
            ],
            [
                "Magic Chef Washers",
                "/browse/home/magic-chef-washers/4044_90548_3295848_3755504_4255885"
            ],
            [
                "Compact Washing Machines",
                "/browse/home/compact-washing-machines/4044_90548_3295848_8058687_7347731"
            ],
            [
                "Full-Size Washing Machines",
                "/browse/home/full-size-washing-machines/4044_90548_3295848_8058687_8816721"
            ],
            [
                "Compact Dryers",
                "/browse/home/compact-dryers/4044_90548_3295848_9911348_9037744"
            ],
            [
                "All Dryers",
                "/browse/home/all-dryers/4044_90548_3295848_9911348_9062799"
            ],
            [
                "Full-Size Dryers",
                "/browse/home/full-size-dryers/4044_90548_3295848_9911348_9731198"
            ]
        ]
    },
    {
        "title": "Elite Cuisine EHB-2425X Hand Blender with Detachable Wand",
        "url": "https://www.walmart.com/ip/Elite-Cuisine-EHB-2425X-Hand-Blender-with-Detachable-Wand/520070853",
        "price": "$12.99",
        "stars": "4.9",
        "ratings": "7 ",
        "img": "i5.walmartimages.com/asr/ae0e3503-c0e3-48be-9ac1-4d8ed0d2abde.d31adb1c4bd9dfac31b3484c88dd5f49.jpeg?odnWidth=612&odnHeight=612&odnBg=ffffff",
        "tags": [
            [
                "Summer Entertaining-Kitchen Appliances",
                "/browse/home/summer-entertaining-kitchen-appliances/4044_1225301_1224843_1225118_1225146"
            ],
            [
                "Braun Blenders",
                "/browse/home/braun-blenders/4044_90548_90546_4831_1522600"
            ],
            [
                "Cuisinart Refurbished Blenders and Juicers",
                "/browse/home/cuisinart-refurbished-blenders-juicers/4044_90548_90546_3004534_1798994_2609188"
            ],
            [
                "Refurbished Blenders",
                "/browse/home/refurbished-blenders/4044_90548_90546_3004534_3245583"
            ],
            [
                "All Refurbished Kitchen Appliances",
                "/browse/home/all-refurbished-kitchen-appliances/4044_90548_90546_3004534_3611297"
            ],
            [
                "Hamilton Beach Blenders",
                "/browse/home/hamilton-beach-blenders/4044_90548_90546_4831_5573124"
            ],
            [
                "Cuisinart Blenders",
                "/browse/home/cuisinart-blenders/4044_90548_90546_4831_7650724"
            ],
            [
                "Immersion Blenders",
                "/browse/home/immersion-blenders/4044_90548_90546_4831_8035440"
            ]
        ]
    },
    {
        "title": "Dirt Devil Power Swerve 16V Cordless Stick Vacuum, BD22050",
        "url": "https://www.walmart.com/ip/Dirt-Devil-Power-Swerve-16V-Cordless-Stick-Vacuum-BD22050/142518284",
        "price": "$85.00",
        "stars": "4.2",
        "ratings": "554 ",
        "img": "i5.walmartimages.com/asr/5d1d78d1-9589-4303-8080-ec40e8e3a03a_1.1052ff002d5471382edcf466d08ceb70.jpeg?odnWidth=612&odnHeight=612&odnBg=ffffff",
        "tags": [
            [
                "Best Cordless Vacuums",
                "/browse/home/best-cordless-vacuums/4044_90548_4047_2937675"
            ],
            [
                "Best Stick Vacuums",
                "/browse/home/best-stick-vacuums/4044_90548_4047_3007980"
            ],
            [
                "Cordless Vacuums",
                "/browse/home/cordless-vacuums/4044_90548_4047_5775266"
            ],
            [
                "Pet Vacuums",
                "/browse/home/pet-vacuums/4044_90548_4047_618299"
            ],
            [
                "Dorm Vacuum Essentials",
                "/browse/home/dorm-vacuum-essentials/4044_1225301_1225229_8079634_6343193"
            ],
            [
                "Shark Steam Mops",
                "/browse/home/shark-steam-mops/4044_90548_4047_7213840"
            ],
            [
                "Dirt Devil Vacuums",
                "/browse/home/dirt-devil-vacuums/4044_90548_4047_9660291"
            ],
            [
                "Upright Vacuums",
                "/browse/home/upright-vacuums/4044_90548_4047_9880471"
            ]
        ]
    },
    {
        "title": "BLACK+DECKER Helix Performance Premium 5-Speed Hand Mixer, Black, MX600B",
        "url": "https://www.walmart.com/ip/BLACK-DECKER-Helix-Performance-Premium-5-Speed-Hand-Mixer-Black-MX600B/863569630",
        "price": "$29.92",
        "stars": "4.4",
        "ratings": "326 ",
        "img": "i5.walmartimages.com/asr/d31e7a4b-a302-40c9-949c-c78a8922ab6a_1.44885ee7029f764e7bb929b200dee654.jpeg?odnWidth=612&odnHeight=612&odnBg=ffffff",
        "tags": [
            [
                "Shop All Mixers & Attachments",
                "/browse/home/shop-all-mixers-attachments/4044_90548_90546_3995183_4030539"
            ],
            [
                "Hamilton Beach Hand Mixers",
                "/browse/home/hamilton-beach-hand-mixers/4044_90548_90546_3995183_1538058_5508809"
            ],
            [
                "KitchenAid Hand Mixers",
                "/browse/home/kitchenaid-hand-mixers/4044_1225301_8679660_7486197"
            ],
            [
                "KitchenAid",
                "/browse/home/kitchenaid/4044_1225301_9409401_7708390"
            ],
            [
                "Immersion Blenders",
                "/browse/home/immersion-blenders/4044_90548_90546_4831_8035440"
            ],
            [
                "Kitchenaid Mixers",
                "/browse/home/kitchenaid-mixers/4044_90548_90546_2971264_8593304"
            ],
            [
                "Cuisinart Hand Mixers",
                "/browse/home/cuisinart-hand-mixers/4044_90548_90546_3995183_1538058_8895609"
            ]
        ]
    },
    {
        "title": "[Upgraded] Car Vacuum Cleaner, ANKO High Power DC12-Volt Wet&Dry Handheld Auto Vacuum Cleaner with 16.4FT(5M) Power Cord, 2 Filters, 3 different attachments and One Carrying Bag. (BLACK-1 PACK)",
        "url": "https://www.walmart.com/ip/Upgraded-Car-Vacuum-Cleaner-ANKO-High-Power-DC12-Volt-Wet-Dry-Handheld-Auto-Cleaner-16-4FT-5M-Cord-2-Filters-3-different-attachments-One-Carrying-Bag/978582579",
        "price": "$23.99",
        "stars": "3.9",
        "ratings": "107 ",
        "img": "i5.walmartimages.com/asr/0df5c249-d7a8-4614-8a9c-f3b572d6254d_1.2463db570dd3d34af236878518bda78a.jpeg?odnWidth=612&odnHeight=612&odnBg=ffffff",
        "tags": [
            [
                "Black+Decker Handheld Vacuums",
                "/browse/home/blackdecker-handheld-vacuums/4044_90548_4047_2689592"
            ],
            [
                "Best Cordless Vacuums",
                "/browse/home/best-cordless-vacuums/4044_90548_4047_2937675"
            ],
            [
                "Best Handheld Vacuums",
                "/browse/home/best-handheld-vacuums/4044_90548_4047_3081955"
            ],
            [
                "Vacuum Cleaners",
                "/browse/home/vacuum-cleaners/4044_90548_4047_3525958"
            ],
            [
                "Handheld Vacuums",
                "/browse/home/handheld-vacuums/4044_90548_4047_4764"
            ],
            [
                "Dustbusters",
                "/browse/home/dustbusters/4044_90548_4047_5629802"
            ],
            [
                "Cordless Vacuums",
                "/browse/home/cordless-vacuums/4044_90548_4047_5775266"
            ],
            [
                "Best Handheld Cordless Vacuums",
                "/browse/home/best-handheld-cordless-vacuums/4044_90548_4047_7631374"
            ]
        ]
    }
]