[
    {
        "title": "Hodedah 3 Door Bedroom Armoire with Drawers, Black Finish",
        "url": "https://www.walmart.com/ip/Hodedah-3-Door-Bedroom-Armoire-with-Drawers-Black-Finish/56220079",
        "price": "$249.00",
        "stars": "3.1",
        "ratings": "88 ",
        "img": "i5.walmartimages.com/asr/ddae0742-1309-485a-9179-0e464528169d_1.58286a61c03328f34168c5b0afb12dea.jpeg?odnWidth=612&odnHeight=612&odnBg=ffffff",
        "tags": [
            [
                "Shop All Armoires & Wardrobes",
                "/browse/home/shop-all-armoires-wardrobes/4044_103150_102547_3038049_1491896"
            ],
            [
                "Oak Wardrobes",
                "/browse/home/oak-wardrobes/4044_103150_102547_91846_2045268"
            ],
            [
                "Shop all Armoires & Wardrobes",
                "/browse/home/shop-all-armoires-wardrobes/4044_103150_102547_91846_2152339"
            ],
            [
                "Black Wardrobes",
                "/browse/home/black-wardrobes/4044_103150_102547_91846_2647581"
            ],
            [
                "Pantries",
                "/browse/home/pantries/4044_103150_4037_3781179"
            ],
            [
                "Wardrobes with Drawers",
                "/browse/home/wardrobes-with-drawers/4044_103150_102547_91846_3961904"
            ],
            [
                "Transitional Wardrobes",
                "/browse/home/transitional-wardrobes/4044_103150_102547_91846_5623598"
            ],
            [
                "White Wardrobes",
                "/browse/home/white-wardrobes/4044_103150_102547_91846_7452173"
            ]
        ]
    },
    {
        "title": "Flash Furniture Kids' Vinyl Recliner with Cupholder and Headrest, Multiple Colors",
        "url": "https://www.walmart.com/ip/Flash-Furniture-Kids-Vinyl-Recliner-with-Cupholder-and-Headrest-Multiple-Colors/19335687",
        "price": "$104.49",
        "stars": "4.5",
        "ratings": "202 ",
        "img": "i5.walmartimages.com/asr/40fed75b-237a-44b9-b8bd-11f086154386_2.c295d3aa3fb4704563573c5f0d004ac1.jpeg?odnWidth=612&odnHeight=612&odnBg=ffffff",
        "tags": [
            [
                "Home Theater Seating",
                "/browse/home/home-theater-seating/4044_103150_635499_1043792"
            ],
            [
                "Kids' Chairs & Seating",
                "/browse/home/kids-chairs-seating/4044_1154295_1155958_1156032"
            ],
            [
                "All Recliners",
                "/browse/home/all-recliners/4044_103150_4038_2105992_4887822"
            ],
            [
                "Recliners",
                "/browse/home/recliners/4044_103150_4038_649639"
            ],
            [
                "Manual Recliners",
                "/browse/home/manual-recliners/4044_103150_4038_2105992_6737504"
            ],
            [
                "Push Back Recliners",
                "/browse/home/push-back-recliners/4044_103150_4038_2105992_7371940"
            ],
            [
                "All Kids' Chairs",
                "/browse/home/all-kids-chairs/4044_1154295_1155958_7203266_9300235"
            ],
            [
                "Kids' Upholstered Chairs",
                "/browse/home/kids-upholstered-chairs/4044_1154295_1155958_7203266_9760729"
            ]
        ]
    },
    {
        "title": "Serta AIR Health & Wellness Leather Executive Office Chair, Light Grey",
        "url": "https://www.walmart.com/ip/Serta-AIR-Health-Wellness-Leather-Executive-Office-Chair-Light-Grey/28997860",
        "price": "$305.33",
        "stars": "4.0",
        "ratings": "40 ",
        "img": "",
        "tags": [
            [
                "Study Room",
                "/browse/home/study-room/4044_103150_1225290_1225292"
            ],
            [
                "Dorm Study Furniture",
                "/browse/home/dorm-study-furniture/4044_1225301_1225229_1385016"
            ],
            [
                "Executive Office Chairs",
                "/browse/home/executive-office-chairs/4044_103150_97116_3896177"
            ],
            [
                "Ergonomic Chairs",
                "/browse/home/ergonomic-chairs/4044_103150_97116_5177400"
            ],
            [
                "Small Space Desks & Office Furniture",
                "/browse/home/small-space-desks-office-furniture/4044_103150_2880259_6932446"
            ],
            [
                "White Office Furniture",
                "/browse/home/white-office-furniture/4044_103150_97116_7165397"
            ],
            [
                "Gaming Chairs",
                "/browse/home/gaming-chairs/4044_103150_97116_9559238"
            ],
            [
                "Commercial Office Furniture",
                "/browse/home/commercial-office-furniture/4044_103150_97116_1071224_9864245"
            ]
        ]
    },
    {
        "title": "X Rocker Play 2.0 Wired Floor Rocking Gaming Chair, Black/Gray",
        "url": "https://www.walmart.com/ip/X-Rocker-Play-2-0-Wired-Floor-Rocking-Gaming-Chair-Black-Gray/244365922",
        "price": "$59.00",
        "stars": "5.0",
        "ratings": "1 ",
        "img": "i5.walmartimages.com/asr/d5ccfa4d-6b9d-4964-978c-e8c9540f88bf.cd684af4d052ba0dd2f5352fdd51fe16.jpeg?odnWidth=612&odnHeight=612&odnBg=ffffff",
        "tags": [
            [
                "Dorm Study Furniture",
                "/browse/home/dorm-study-furniture/4044_1225301_1225229_1385016"
            ],
            [
                "X Rocker",
                "/browse/home/x-rocker/4044_1154295_1155958_7203266_3661693"
            ],
            [
                "Ergonomic Chairs",
                "/browse/home/ergonomic-chairs/4044_103150_97116_5177400"
            ],
            [
                "Gaming Chair Rockers",
                "/browse/home/gaming-chair-rockers/4044_1154295_1155958_7203266_5387681"
            ],
            [
                "Teens' Desk Chairs",
                "/browse/home/teens-desk-chairs/4044_1156136_1156142_5845507"
            ],
            [
                "White Office Furniture",
                "/browse/home/white-office-furniture/4044_103150_97116_7165397"
            ],
            [
                "All Kids' Chairs",
                "/browse/home/all-kids-chairs/4044_1154295_1155958_7203266_9300235"
            ],
            [
                "Gaming Chairs",
                "/browse/home/gaming-chairs/4044_103150_97116_9559238"
            ]
        ]
    },
    {
        "title": "DIKAPA Queen Size Bed Frame &Base/Metal Platform Mattress Foundation/Box Spring Replacement with Headboard (Queen) Five Years Warranty",
        "url": "https://www.walmart.com/ip/DIKAPA-Queen-Size-Bed-Frame-Base-Metal-Platform-Mattress-Foundation-Box-Spring-Replacement-with-Headboard-Queen-Five-Years-Warranty/878928850",
        "price": "$164.99",
        "stars": "3.5",
        "ratings": "2 ",
        "img": "i5.walmartimages.com/asr/f75e3dbc-f10b-469d-a853-ef874489b370.5b58268c532f53a1c7b77fd9041c5c99.jpeg?odnWidth=612&odnHeight=612&odnBg=ffffff",
        "tags": [
            [
                "Twin Bed Frames",
                "/browse/home/twin-bed-frames/4044_103150_102547_1612901_1936776"
            ],
            [
                "Platform Bed Frames",
                "/browse/home/platform-bed-frames/4044_103150_102547_1612901_2129680"
            ],
            [
                "Shop all Bed Frames",
                "/browse/home/shop-all-bed-frames/4044_103150_102547_2727648"
            ],
            [
                "Queen Bed Frames",
                "/browse/home/queen-bed-frames/4044_103150_102547_1612901_3670601"
            ],
            [
                "King Bed Frames",
                "/browse/home/king-bed-frames/4044_103150_102547_1612901_6810753"
            ],
            [
                "Metal Beds",
                "/browse/home/metal-beds/4044_103150_102547_91837_6841634"
            ],
            [
                "Full Bed Frames",
                "/browse/home/full-bed-frames/4044_103150_102547_1612901_7561545"
            ],
            [
                "Metal Bed Frames",
                "/browse/home/metal-bed-frames/4044_103150_102547_1612901_7728882"
            ]
        ]
    },
    {
        "title": "DHP Miles Metal Full/Full Bunk Bed, Silver",
        "url": "https://www.walmart.com/ip/DHP-Miles-Metal-Full-Full-Bunk-Bed-Silver/195270920",
        "price": "$273.87",
        "stars": "4.2",
        "ratings": "31 ",
        "img": "",
        "tags": [
            [
                "Teens' Beds",
                "/browse/home/teens-beds/4044_1156136_1156142_1156144"
            ],
            [
                "Bedroom",
                "/browse/home/bedroom/4044_103150_1225290_1225295"
            ],
            [
                "Metal Bunk Beds",
                "/browse/home/metal-bunk-beds/4044_1154295_1155958_5560469_5577938"
            ],
            [
                "Kids' Bedroom Furniture",
                "/browse/home/kids-bedroom-furniture/4044_1154295_1155958_6205060"
            ],
            [
                "Full Over Full Bunk Beds",
                "/browse/home/full-over-full-bunk-beds/4044_1154295_1155958_5560469_7028710"
            ],
            [
                "Shop All Bunk Beds",
                "/browse/home/shop-all-bunk-beds/4044_1154295_1155958_5560469_9212178"
            ],
            [
                "Wood Bunk Beds",
                "/browse/home/wood-bunk-beds/4044_1154295_1155958_5560469_9365957"
            ]
        ]
    },
    {
        "title": "Atlantic 36\" Drawbridge Wood Media Storage Shelf, 7\" Depth (240 CDs, 108 DVDs), Flat Black",
        "url": "https://www.walmart.com/ip/Atlantic-36-Drawbridge-Wood-Media-Storage-Shelf-7-Depth-240-CDs-108-DVDs-Flat-Black/493660601",
        "price": "$44.99",
        "stars": "4.1",
        "ratings": "146 ",
        "img": "i5.walmartimages.com/asr/a6aa6235-bfcc-43ae-8c1d-51f1a736f37d_2.290567b72ba74d7332165af89b37476e.jpeg?odnWidth=612&odnHeight=612&odnBg=ffffff",
        "tags": [
            [
                "Speaker Stands",
                "/browse/home/speaker-stands/4044_103150_635499_1030579"
            ],
            [
                "Living Room",
                "/browse/home/living-room/4044_103150_1225290_1225291"
            ],
            [
                "Shelving",
                "/browse/home/shelving/4044_90828_163960"
            ],
            [
                "Kids Bookcases & Bookshelves",
                "/browse/home/kids-bookcases-bookshelves/4044_90828_2523133_4654094"
            ],
            [
                "CD/DVD Storage",
                "/browse/home/cd-dvd-storage/4044_103150_635499_642099"
            ],
            [
                "White Bookcases & Bookshelves",
                "/browse/home/white-bookcases-bookshelves/4044_103150_97116_8660201"
            ],
            [
                "Wood Bookcases & Bookshelves",
                "/browse/home/wood-bookcases-bookshelves/4044_103150_97116_8880522"
            ],
            [
                "Bookcases & Bookshelves",
                "/browse/home/bookcases-bookshelves/4044_103150_97116_91849"
            ]
        ]
    },
    {
        "title": "Recliner Chair for Living Room Massage Recliner Sofa Single Sofa Home Theater Seating Reading Chair Winback Modern Reclining Chair Easy Lounge with PU Leather Padded Seat Backrest",
        "url": "https://www.walmart.com/ip/Recliner-Chair-Living-Room-Massage-Sofa-Single-Home-Theater-Seating-Reading-Winback-Modern-Reclining-Easy-Lounge-PU-Leather-Padded-Seat-Backrest/719013217",
        "price": "$149.99",
        "stars": "4.0",
        "ratings": "83 ",
        "img": "",
        "tags": [
            [
                "Home Theater Seating",
                "/browse/home/home-theater-seating/4044_103150_635499_1043792"
            ],
            [
                "Power Recliners",
                "/browse/home/power-recliners/4044_103150_4038_2105992_1716273"
            ],
            [
                "Kids' Recliners",
                "/browse/home/kids-recliners/4044_1154295_1155958_7203266_3648276"
            ],
            [
                "All Recliners",
                "/browse/home/all-recliners/4044_103150_4038_2105992_4887822"
            ],
            [
                "Massage Recliners",
                "/browse/home/massage-recliners/4044_103150_4038_2105992_4963195"
            ],
            [
                "Manual Recliners",
                "/browse/home/manual-recliners/4044_103150_4038_2105992_6737504"
            ],
            [
                "Push Back Recliners",
                "/browse/home/push-back-recliners/4044_103150_4038_2105992_7371940"
            ],
            [
                "Lift Recliners",
                "/browse/home/lift-recliners/4044_103150_4038_2105992_7869091"
            ]
        ]
    },
    {
        "title": "Blazing Needles Microsuede Papasan Cushion",
        "url": "https://www.walmart.com/ip/Blazing-Needles-Microsuede-Papasan-Cushion/54839186",
        "price": "$50.00",
        "stars": "4.0",
        "ratings": "64 ",
        "img": "i5.walmartimages.com/asr/9ce50d8c-3278-434a-87fe-57dce40cfddc_1.036e35413bdd67993c807c31d1626ad0.jpeg?odnWidth=612&odnHeight=612&odnBg=ffffff",
        "tags": [
            [
                "Outdoor Seat Pads",
                "/browse/patio-garden/outdoor-seat-pads/5428_1102183_1225353_1102341"
            ],
            [
                "Shop All Wood Patio Furniture",
                "/browse/patio-garden/shop-all-wood-patio-furniture/5428_91416_1295472_5547246_2862135"
            ],
            [
                "Outdoor Dining Chairs",
                "/browse/patio-garden/outdoor-dining-chairs/5428_91416_4843476_2938292"
            ],
            [
                "Outdoor Ottomans",
                "/browse/patio-garden/outdoor-ottomans/5428_91416_4843476_3695810"
            ],
            [
                "Outdoor Deep Seat Cushions",
                "/browse/patio-garden/outdoor-deep-seat-cushions/5428_1102183_1225353_4354750"
            ],
            [
                "Shop All Wicker Patio Furniture",
                "/browse/patio-garden/shop-all-wicker-patio-furniture/5428_91416_1295472_1561932_4666153"
            ],
            [
                "Better Homes & Gardens Patio Furniture",
                "/browse/patio-garden/better-homes-gardens-patio-furniture/5428_91416_7820948"
            ],
            [
                "Shop All Patio Chairs by Material",
                "/browse/patio-garden/shop-all-patio-chairs-by-material/5428_91416_4843476_7475675_9936004"
            ]
        ]
    },
    {
        "title": "Teraves Metal Bed Frame Platform 6 Legs with Headboards Twin Size",
        "url": "https://www.walmart.com/ip/Teraves-Metal-Bed-Frame-Platform-6-Legs-with-Headboards-Twin-Size/992871710",
        "price": "$73.21",
        "stars": "4.8",
        "ratings": "5 ",
        "img": "i5.walmartimages.com/asr/2ecbc9a2-e587-42ef-9c56-15056a3ad7f9_1.2f9dca6ba13f6b45be21162f2bd25048.jpeg?odnWidth=612&odnHeight=612&odnBg=ffffff",
        "tags": [
            [
                "Shop All Kids' Beds",
                "/browse/home/shop-all-kids-beds/4044_1154295_1155958_7251917_1155992"
            ],
            [
                "Platform Bed Frames",
                "/browse/home/platform-bed-frames/4044_103150_102547_1612901_2129680"
            ],
            [
                "Beds for Boys",
                "/browse/home/beds-for-boys/4044_1154295_1155958_7251917_5960181"
            ],
            [
                "Metal Beds",
                "/browse/home/metal-beds/4044_103150_102547_91837_6841634"
            ],
            [
                "Metal Bed Frames",
                "/browse/home/metal-bed-frames/4044_103150_102547_1612901_7728882"
            ],
            [
                "Kids' Beds",
                "/browse/home/kids-beds/4044_1154295_1155958_7251917_8596911"
            ],
            [
                "Shop all Beds",
                "/browse/home/shop-all-beds/4044_103150_102547_91837_9216127"
            ],
            [
                "Beds for Girls",
                "/browse/home/beds-for-girls/4044_1154295_1155958_7251917_9747206"
            ]
        ]
    }
]