[
    {
        "title": "Mainstays 3.5 Watt LED Desk Lamp with USB Port, Metal Gooseneck, Silver",
        "url": "https://www.walmart.com/ip/Mainstays-3-5-Watt-LED-Desk-Lamp-with-USB-Port-Metal-Gooseneck-Silver/49333226",
        "price": "$14.96",
        "stars": "4.4",
        "ratings": "132 ",
        "img": "",
        "tags": [
            [
                "Dorm Study Essentials",
                "/browse/home/dorm-study-essentials/4044_1225301_1225229_8079634_1921657"
            ],
            [
                "Shop All Lamps",
                "/browse/home/shop-all-lamps/4044_133012_133113_4887881_3703957"
            ],
            [
                "Shop All Desk Lamps by Style",
                "/browse/home/shop-all-desk-lamps-by-style/4044_133012_133113_4887881_6171890_1411823_3849657"
            ],
            [
                "LED Desk Lamps",
                "/browse/home/led-desk-lamps/4044_133012_133113_4887881_6171890_4202342"
            ],
            [
                "Shop All Desk Lamps",
                "/browse/home/shop-all-desk-lamps/4044_133012_133113_4887881_6171890_4663722"
            ],
            [
                "Shop All Desk Lamps by Color",
                "/browse/home/shop-all-desk-lamps-by-color/4044_133012_133113_4887881_6171890_2170299_5011261"
            ],
            [
                "Shop All Desk Lamps by Finish",
                "/browse/home/shop-all-desk-lamps-by-finish/4044_133012_133113_4887881_6171890_5607606_8919148"
            ],
            [
                "Modern Desk Lamps",
                "/browse/home/modern-desk-lamps/4044_133012_133113_4887881_6171890_1411823_9672437"
            ]
        ]
    },
    {
        "title": "Dhp full-over-full metal bunk bed for kids, metal frame with ladder, multiple colors",
        "url": "https://www.walmart.com/ip/Dhp-full-over-full-metal-bunk-bed-for-kids-metal-frame-with-ladder-multiple-colors/23816238",
        "price": "$199.00",
        "stars": "4.0",
        "ratings": "391 ",
        "img": "",
        "tags": [
            [
                "Shop All Kids' Beds",
                "/browse/home/shop-all-kids-beds/4044_1154295_1155958_7251917_1155992"
            ],
            [
                "Teens' Beds",
                "/browse/home/teens-beds/4044_1156136_1156142_1156144"
            ],
            [
                "Bedroom",
                "/browse/home/bedroom/4044_103150_1225290_1225295"
            ],
            [
                "Metal Bunk Beds",
                "/browse/home/metal-bunk-beds/4044_1154295_1155958_5560469_5577938"
            ],
            [
                "Kids' Bedroom Furniture",
                "/browse/home/kids-bedroom-furniture/4044_1154295_1155958_6205060"
            ],
            [
                "Full Over Full Bunk Beds",
                "/browse/home/full-over-full-bunk-beds/4044_1154295_1155958_5560469_7028710"
            ],
            [
                "Shop All Bunk Beds",
                "/browse/home/shop-all-bunk-beds/4044_1154295_1155958_5560469_9212178"
            ]
        ]
    },
    {
        "title": "Disney Minnie Mouse Pink & White Kid's Bed Sheet Set",
        "url": "https://www.walmart.com/ip/Disney-Minnie-Mouse-Pink-White-Kid-s-Bed-Sheet-Set/365134637",
        "price": "$19.88",
        "stars": "4.6",
        "ratings": "88 ",
        "img": "i5.walmartimages.com/asr/add53584-62a8-40a7-bda5-8649ee8336a9_3.ffa8c95763ee623a17718a9651d2be2b.jpeg?odnWidth=612&odnHeight=612&odnBg=ffffff",
        "tags": [
            [
                "Kids' Sheets",
                "/browse/home/kids-sheets/4044_1154295_1156114_1156115"
            ],
            [
                "Kids' Comforters",
                "/browse/home/kids-comforters/4044_1154295_1156114_1156132"
            ],
            [
                "Kids' Bedding Sets",
                "/browse/home/kids-bedding-sets/4044_1154295_1156114_1156134"
            ],
            [
                "Character Bedding",
                "/browse/home/character-bedding/4044_1154295_1156114_1753305"
            ],
            [
                "Shop All Kids' Bedding",
                "/browse/home/shop-all-kids-bedding/4044_1154295_1156114_2202167"
            ],
            [
                "Girls Bedding Sets",
                "/browse/home/girls-bedding-sets/4044_1154295_1156114_3967620"
            ],
            [
                "Girls Comforter Sets",
                "/browse/home/girls-comforter-sets/4044_1154295_1156114_4082186"
            ],
            [
                "Kids' Characters",
                "/browse/home/kids-characters/4044_1154295_6561064"
            ]
        ]
    },
    {
        "title": "Pillow Guard\u2122 Allergy Relief Mattress and Pillow Protectors 2-Pack, sold separately",
        "url": "https://www.walmart.com/ip/Pillow-Guard-Allergy-Relief-Mattress-and-Pillow-Protectors-2-Pack-sold-separately/22153013",
        "price": "$4.00",
        "stars": "4.0",
        "ratings": "243 ",
        "img": "i5.walmartimages.com/asr/720793c7-efdb-49c2-ab2c-a5bfe97584fe_1.0e8340739be85c59788fb8fc70a18e5e.jpeg?odnWidth=612&odnHeight=612&odnBg=ffffff",
        "tags": [
            [
                "Pillows",
                "/browse/home/pillows/4044_539103_133141"
            ],
            [
                "Bed Pillows",
                "/browse/home/bed-pillows/4044_539103_9690877_3793551_1728426"
            ],
            [
                "Pillow Protectors",
                "/browse/home/pillow-protectors/4044_539103_1095008_2326724"
            ],
            [
                "Shop All Pillows",
                "/browse/home/shop-all-pillows/4044_539103_9690877_2535944"
            ],
            [
                "Queen Size Pillows",
                "/browse/home/queen-size-pillows/4044_539103_9690877_7509997_3299314"
            ],
            [
                "Basic Bed Pillows",
                "/browse/home/basic-bed-pillows/4044_539103_1095008_3833998"
            ],
            [
                "Fiber Fill",
                "/browse/home/fiber-fill/4044_539103_9690877_8950664_6592322"
            ],
            [
                "Pillow Bundles (2 packs & 4 Packs)",
                "/browse/home/pillow-bundles-2-packs-4-packs/4044_539103_9690877_7785529"
            ]
        ]
    },
    {
        "title": "Sterilite 66 Qt. Ultra\u2122 Storage Box Stadium Blue Set of 4",
        "url": "https://www.walmart.com/ip/Sterilite-66-Qt-Ultra-Storage-Box-Stadium-Blue-Set-of-4/44785815",
        "price": "$93.50",
        "stars": "4.5",
        "ratings": "478 ",
        "img": "i5.walmartimages.com/asr/8735c558-2189-4ed6-ba2a-ec672a56705b_1.5da12302102f9834cd251c72e4e85bba.jpeg?odnWidth=612&odnHeight=612&odnBg=ffffff",
        "tags": [
            [
                "Teens' Under-Bed Storage",
                "/browse/home/teens-under-bed-storage/4044_1156136_1156164_1156169"
            ],
            [
                "Hefty Storage Containers",
                "/browse/home/hefty-storage-containers/4044_90828_1230056_3627869"
            ],
            [
                "Dorm Storage Essentials",
                "/browse/home/dorm-storage-essentials/4044_1225301_1225229_8079634_3757167"
            ],
            [
                "Dorm Storage",
                "/browse/home/dorm-storage/4044_1225301_1225229_4364714"
            ],
            [
                "Plastic Underbed Storage",
                "/browse/home/plastic-underbed-storage/4044_90828_1230056_1959450_5165727"
            ],
            [
                "Sterilite",
                "/browse/home/sterilite/4044_90828_1230056_6037521"
            ],
            [
                "IRIS Storage Containers",
                "/browse/home/iris-storage-containers/4044_90828_1230056_6073039"
            ],
            [
                "Small bedroom ideas",
                "/browse/home/small-bedroom-ideas/4044_1879527_9330810_9483188"
            ]
        ]
    },
    {
        "title": "Mohawk Home Supreme Dual-Surface Felted Rug Pad",
        "url": "https://www.walmart.com/ip/Mohawk-Home-Supreme-Dual-Surface-Felted-Rug-Pad/21289509",
        "price": "$39.78",
        "stars": "4.7",
        "ratings": "540 ",
        "img": "i5.walmartimages.com/asr/1c8c7a30-00b6-43fb-b0d7-805a01672337_4.e53cf930ff72211d6f4555c4085e4ff8.jpeg?odnWidth=612&odnHeight=612&odnBg=ffffff",
        "tags": [
            [
                "Safavieh Area Rugs",
                "/browse/home/safavieh-area-rugs/4044_133012_110892_6718514_1798516_1441915"
            ],
            [
                "9' x 12' Area Rugs",
                "/browse/home/9-x-12-area-rugs/4044_133012_110892_6718514_3167309_2663366"
            ],
            [
                "All Area Rugs",
                "/browse/home/all-area-rugs/4044_133012_110892_6718514_418437"
            ],
            [
                "Square Rugs",
                "/browse/home/square-rugs/4044_133012_110892_6718514_5047521_5523901"
            ],
            [
                "Area Rugs in All Weaves",
                "/browse/home/area-rugs-in-all-weaves/4044_133012_110892_6718514_3462382_5727890"
            ],
            [
                "Gray Area Rugs",
                "/browse/home/gray-area-rugs/4044_133012_110892_6718514_1588657_6992887"
            ],
            [
                "Area Rugs Over 9' x 12'",
                "/browse/home/area-rugs-over-9-x-12/4044_133012_110892_6718514_3167309_7234190"
            ],
            [
                "Dorm Decor",
                "/browse/home/dorm-decor/4044_1225301_1225229_7471338"
            ]
        ]
    },
    {
        "title": "Presto Pizzazz Plus Rotating Pizza Oven",
        "url": "https://www.walmart.com/ip/Presto-Pizzazz-Plus-Rotating-Pizza-Oven/3218",
        "price": "$54.00",
        "stars": "4.8",
        "ratings": "1295 ",
        "img": "i5.walmartimages.com/asr/e7069d0d-c6db-4aec-b628-50a31e9938b9_1.95733b0e0b00f18003b8ad4823ac8a89.jpeg?odnWidth=612&odnHeight=612&odnBg=ffffff",
        "tags": [
            [
                "Dishwasher Accessories",
                "/browse/home/dishwasher-accessories/4044_90548_1231929_5403664_2366550"
            ],
            [
                "Shop All Toaster Ovens",
                "/browse/home/shop-all-toaster-ovens/4044_90548_90546_90774_3312544_3665521"
            ],
            [
                "Small kitchen ideas",
                "/browse/home/small-kitchen-ideas/4044_1879527_9330810_4641057"
            ],
            [
                "Countertop Dishwashers",
                "/browse/home/countertop-dishwashers/4044_90548_9158521_8011013"
            ],
            [
                "Dishwashers",
                "/browse/home/dishwashers/4044_90548_9158521_9350318"
            ],
            [
                "Pizza Makers",
                "/browse/home/pizza-makers/4044_90548_90546_133025_9537185"
            ]
        ]
    },
    {
        "title": "Urban Shop Corduroy Saucer Chair, Available in Multiple Colors",
        "url": "https://www.walmart.com/ip/Urban-Shop-Corduroy-Saucer-Chair-Available-in-Multiple-Colors/616781180",
        "price": "$35.00",
        "stars": "4.7",
        "ratings": "43 ",
        "img": "i5.walmartimages.com/asr/fc744a9c-1baa-446c-b990-8ffd8d6cdb26_3.0aab826b969cd2eef31062e48180d581.jpeg?odnWidth=612&odnHeight=612&odnBg=ffffff",
        "tags": [
            [
                "Folding Tables & Chairs",
                "/browse/home/folding-tables-chairs/4044_103150_97116_1026080"
            ],
            [
                "Kids' Chairs & Seating",
                "/browse/home/kids-chairs-seating/4044_1154295_1155958_1156032"
            ],
            [
                "Teens' Lounge Seating",
                "/browse/home/teens-lounge-seating/4044_1156136_1156142_1156147"
            ],
            [
                "Folding Chairs",
                "/browse/home/folding-chairs/4044_103150_4037_1580848"
            ],
            [
                "Saucer Chairs",
                "/browse/home/saucer-chairs/4044_1154295_1155958_7203266_3255153"
            ],
            [
                "Black Folding Chairs",
                "/browse/home/black-folding-chairs/4044_103150_4037_6296206_6455390_3378759"
            ],
            [
                "Shop All Teens' Furniture",
                "/browse/home/shop-all-teens-furniture/4044_1156136_1156142_4223741"
            ],
            [
                "All Kids' Chairs",
                "/browse/home/all-kids-chairs/4044_1154295_1155958_7203266_9300235"
            ]
        ]
    },
    {
        "title": "Serta Big & Tall Bonded Leather Commercial Office Chair with Memory Foam, Black",
        "url": "https://www.walmart.com/ip/Serta-Big-Tall-Bonded-Leather-Commercial-Office-Chair-with-Memory-Foam-Black/52657563",
        "price": "$169.00",
        "stars": "4.4",
        "ratings": "933 ",
        "img": "i5.walmartimages.com/asr/84020ab1-f687-46d6-8c63-c7682ede767e_1.ac378769da527d42eded67eff606f04e.jpeg?odnWidth=612&odnHeight=612&odnBg=ffffff",
        "tags": [
            [
                "Teens' Gaming",
                "/browse/home/teens-gaming/4044_1156136_1156142_1043794"
            ],
            [
                "Dorm Study Furniture",
                "/browse/home/dorm-study-furniture/4044_1225301_1225229_1385016"
            ],
            [
                "Executive Office Chairs",
                "/browse/home/executive-office-chairs/4044_103150_97116_3896177"
            ],
            [
                "Ergonomic Chairs",
                "/browse/home/ergonomic-chairs/4044_103150_97116_5177400"
            ],
            [
                "Small Space Desks & Office Furniture",
                "/browse/home/small-space-desks-office-furniture/4044_103150_2880259_6932446"
            ],
            [
                "White Office Furniture",
                "/browse/home/white-office-furniture/4044_103150_97116_7165397"
            ],
            [
                "Gaming Chairs",
                "/browse/home/gaming-chairs/4044_103150_97116_9559238"
            ],
            [
                "Commercial Office Furniture",
                "/browse/home/commercial-office-furniture/4044_103150_97116_1071224_9864245"
            ]
        ]
    },
    {
        "title": "Ingenuity Dream & Grow Bedside Bassinet - Dalton",
        "url": "https://www.walmart.com/ip/Ingenuity-Dream-Grow-Bedside-Bassinet-Dalton/268486784",
        "price": "$129.99",
        "stars": "4.1",
        "ratings": "261 ",
        "img": "i5.walmartimages.com/asr/d3493bb9-f74a-4b64-a143-35bcac7ca21b_1.ebff475d9b383230916dae54911e1ee2.jpeg?odnWidth=612&odnHeight=612&odnBg=ffffff",
        "tags": [
            [
                "Baby Proofing for Newborns",
                "/browse/baby/baby-proofing-for-newborns/5427_132943_2178319"
            ],
            [
                "Best Sellers: Infant Activity",
                "/browse/baby/best-sellers-infant-activity/5427_86323_2430350"
            ],
            [
                "Baby Gear for Sleeping",
                "/browse/baby/baby-gear-for-sleeping/5427_86323_2510588"
            ],
            [
                "Baby Bassinets",
                "/browse/baby/baby-bassinets/5427_414099_86350_4116759"
            ],
            [
                "Babyproofing For Living Room",
                "/browse/baby/babyproofing-for-living-room/5427_132943_6859825"
            ],
            [
                "Fisher Price Toddler",
                "/browse/fisher-price-toddler/5427_8667173"
            ],
            [
                "Playards",
                "/browse/baby/playards/5427_86323_91518"
            ],
            [
                "Baby Proofing for Crawling Baby",
                "/browse/baby/baby-proofing-for-crawling-baby/5427_132943_9617985"
            ]
        ]
    }
]