[
    {
        "title": "Karla Dubois Jacey Kids Floral Patchwork Chair",
        "url": "https://www.walmart.com/ip/Karla-Dubois-Jacey-Kids-Floral-Patchwork-Chair/500546731",
        "price": "$78.57",
        "stars": "4.6",
        "ratings": "5 ",
        "img": "",
        "tags": [
            [
                "Storage Ottomans",
                "/browse/home/storage-ottomans/4044_90828_1230059_1230060"
            ],
            [
                "Fabric Chairs",
                "/browse/home/fabric-chairs/4044_103150_4038_7389568_6223867"
            ],
            [
                "All Accent Chairs",
                "/browse/home/all-accent-chairs/4044_103150_4038_7389568_7800022"
            ],
            [
                "All Ottomans",
                "/browse/home/all-ottomans/4044_103150_4038_9082960_8193767"
            ],
            [
                "Gray Chairs",
                "/browse/home/gray-chairs/4044_103150_4038_7389568_8521141"
            ],
            [
                "Blue Chairs",
                "/browse/home/blue-chairs/4044_103150_4038_7389568_9108722"
            ],
            [
                "All Kids' Chairs",
                "/browse/home/all-kids-chairs/4044_1154295_1155958_7203266_9300235"
            ],
            [
                "Kids' Upholstered Chairs",
                "/browse/home/kids-upholstered-chairs/4044_1154295_1155958_7203266_9760729"
            ]
        ]
    },
    {
        "title": "Disney?s Frozen Sheet Set, Kids Bedding, Nordic Frost",
        "url": "https://www.walmart.com/ip/Disney-s-Frozen-Sheet-Set-Kids-Bedding-Nordic-Frost/54296959",
        "price": "$21.96",
        "stars": "4.7",
        "ratings": "50 ",
        "img": "i5.walmartimages.com/asr/1a139b37-1ee9-4d1e-8958-2bfc49c63089_2.5d676cae9fcaf03eecde0e0879902895.jpeg?odnWidth=612&odnHeight=612&odnBg=ffffff",
        "tags": [
            [
                "Kids' Comforters",
                "/browse/home/kids-comforters/4044_1154295_1156114_1156132"
            ],
            [
                "Girls Bedding",
                "/browse/home/girls-bedding/4044_1154295_1156114_1232347"
            ],
            [
                "Character Bedding",
                "/browse/home/character-bedding/4044_1154295_1156114_1753305"
            ],
            [
                "Shop All Kids' Bedding",
                "/browse/home/shop-all-kids-bedding/4044_1154295_1156114_2202167"
            ],
            [
                "Girls Bedding Sets",
                "/browse/home/girls-bedding-sets/4044_1154295_1156114_3967620"
            ],
            [
                "Girls Comforter Sets",
                "/browse/home/girls-comforter-sets/4044_1154295_1156114_4082186"
            ],
            [
                "Kids' Characters",
                "/browse/home/kids-characters/4044_1154295_6561064"
            ],
            [
                "Sheet Sets",
                "/browse/home/sheet-sets/4044_539103_5055527_8012601"
            ]
        ]
    },
    {
        "title": "Pokemon Sheet Set, Kids Bedding, 3-Piece Twin Size",
        "url": "https://www.walmart.com/ip/Pokemon-Sheet-Set-Kids-Bedding-3-Piece-Twin-Size/115255450",
        "price": "$19.96",
        "stars": 0,
        "ratings": 0,
        "img": "i5.walmartimages.com/asr/fb29baf7-e937-4016-9058-92c596f4127e.42394735ad0fa4280d9300a2ea8637b6.jpeg?odnWidth=612&odnHeight=612&odnBg=ffffff",
        "tags": []
    },
    {
        "title": "Noble House Todd Outdoor Water Resistant Fabric Bean Bag Accent Lounger,Khaki",
        "url": "https://www.walmart.com/ip/Noble-House-Todd-Outdoor-Water-Resistant-Fabric-Bean-Bag-Accent-Lounger-Khaki/947430630",
        "price": "$80.00",
        "stars": "4.9",
        "ratings": "9 ",
        "img": "i5.walmartimages.com/asr/ac3d3815-11dc-4ff5-892f-945c7c528a7a_1.00f48c849f720936e3213777feadf12c.jpeg?odnWidth=612&odnHeight=612&odnBg=ffffff",
        "tags": [
            [
                "Kids' Chairs & Seating",
                "/browse/home/kids-chairs-seating/4044_1154295_1155958_1156032"
            ],
            [
                "Bean Bag Chairs",
                "/browse/home/bean-bag-chairs/4044_1154295_1155958_7203266_4850205"
            ],
            [
                "Shop All Kids' Furniture",
                "/browse/home/shop-all-kids-furniture/4044_1154295_1155958_5352796"
            ],
            [
                "Adult & Teen Bean Bag Chairs",
                "/browse/home/adult-teen-bean-bag-chairs/4044_1154295_1155958_7203266_8496525"
            ],
            [
                "Kids' Bean Bag Chairs",
                "/browse/home/kids-bean-bag-chairs/4044_1154295_1155958_7203266_9269066"
            ],
            [
                "All Kids' Chairs",
                "/browse/home/all-kids-chairs/4044_1154295_1155958_7203266_9300235"
            ],
            [
                "Kids' Playroom",
                "/browse/home/kids-playroom/4044_1154295_9443108"
            ]
        ]
    },
    {
        "title": "KidKraft Round Storage Table & 2 Chair Set - Pink & White",
        "url": "https://www.walmart.com/ip/KidKraft-Round-Storage-Table-2-Chair-Set-Pink-White/39364369",
        "price": "$64.23",
        "stars": "4.6",
        "ratings": "76 ",
        "img": "i5.walmartimages.com/asr/86070f92-91d0-459d-a781-5faaf0fa5a16_2.f25393a5fee2a5f14c57d4f4025adcc9.jpeg?odnWidth=612&odnHeight=612&odnBg=ffffff",
        "tags": [
            [
                "Kids' Bedroom Sets",
                "/browse/home/kids-bedroom-sets/4044_1154295_1155958_1155972"
            ],
            [
                "Kids' Desk with Chair Sets",
                "/browse/home/kids-desk-with-chair-sets/4044_1154295_1155958_1155993"
            ],
            [
                "White Vanities",
                "/browse/home/white-vanities/4044_103150_102547_7354902_1743307"
            ],
            [
                "Daycare Furniture",
                "/browse/home/daycare-furniture/4044_1154295_1155958_2660755"
            ],
            [
                "Shop All Kids' Furniture",
                "/browse/home/shop-all-kids-furniture/4044_1154295_1155958_5352796"
            ],
            [
                "Kids' Characters",
                "/browse/home/kids-characters/4044_1154295_6561064"
            ],
            [
                "Kids' Vanities",
                "/browse/home/kids-vanities/4044_1154295_1155958_9142777"
            ],
            [
                "Kids' Playroom",
                "/browse/home/kids-playroom/4044_1154295_9443108"
            ]
        ]
    },
    {
        "title": "LOL Surprise Pop Up Hamper",
        "url": "https://www.walmart.com/ip/LOL-Surprise-Pop-Up-Hamper/515962375",
        "price": "$19.99",
        "stars": "4.3",
        "ratings": "28 ",
        "img": "i5.walmartimages.com/asr/5b4483cb-2ee1-478c-83c2-b7f00d18ca37_1.5b01855dba6c9d68c01b226eea8e8b9d.jpeg?odnWidth=612&odnHeight=612&odnBg=ffffff",
        "tags": [
            [
                "Girls Bedding",
                "/browse/home/girls-bedding/4044_1154295_1156114_1232347"
            ],
            [
                "Character Bedding",
                "/browse/home/character-bedding/4044_1154295_1156114_1753305"
            ],
            [
                "Shop All Kids' Bedding",
                "/browse/home/shop-all-kids-bedding/4044_1154295_1156114_2202167"
            ],
            [
                "Kids' Closet Organizers",
                "/browse/home/kids-closet-organizers/4044_90828_2523133_5060150"
            ],
            [
                "Kids' Characters",
                "/browse/home/kids-characters/4044_1154295_6561064"
            ],
            [
                "Kids' Storage",
                "/browse/home/kids-storage/4044_1154295_673059"
            ],
            [
                "Shop All Kids' Storage",
                "/browse/home/shop-all-kids-storage/4044_90828_2523133_7142851"
            ]
        ]
    },
    {
        "title": "Ninja Game Time - The Influencer 2Pc Twin/Full Comforter & Sham Set",
        "url": "https://www.walmart.com/ip/Ninja-Game-Time-The-Influencer-2Pc-Twin-Full-Comforter-Sham-Set/646042924",
        "price": "$29.96",
        "stars": "4.9",
        "ratings": "13 ",
        "img": "i5.walmartimages.com/asr/0d0f436f-2c2b-482d-add1-304a49ff53b5_2.52d062960d6daf21734b714baa7aafa8.jpeg?odnWidth=612&odnHeight=612&odnBg=ffffff",
        "tags": [
            [
                "Kids' Sheets",
                "/browse/home/kids-sheets/4044_1154295_1156114_1156115"
            ],
            [
                "Kids' Comforters",
                "/browse/home/kids-comforters/4044_1154295_1156114_1156132"
            ],
            [
                "Character Bedding",
                "/browse/home/character-bedding/4044_1154295_1156114_1753305"
            ],
            [
                "Shop All Kids' Bedding",
                "/browse/home/shop-all-kids-bedding/4044_1154295_1156114_2202167"
            ],
            [
                "Boys Comforter Sets",
                "/browse/home/boys-comforter-sets/4044_1154295_1156114_2387054"
            ],
            [
                "Boys Bedding",
                "/browse/home/boys-bedding/4044_1154295_1156114_3182549"
            ],
            [
                "Comforters",
                "/browse/home/comforters/4044_539103_4754"
            ],
            [
                "Kids' Characters",
                "/browse/home/kids-characters/4044_1154295_6561064"
            ]
        ]
    },
    {
        "title": "KidKraft Round Storage Table & 2 Chair Set - Natural & White",
        "url": "https://www.walmart.com/ip/KidKraft-Round-Storage-Table-2-Chair-Set-Natural-White/37622136",
        "price": "$69.73",
        "stars": "4.0",
        "ratings": "65 ",
        "img": "i5.walmartimages.com/asr/65f28c9b-4138-4b7e-ba44-e549db79d984_3.4322161b31f7e05cb49e17b1abbc4915.png?odnWidth=612&odnHeight=612&odnBg=ffffff",
        "tags": [
            [
                "Kids' Bedroom Sets",
                "/browse/home/kids-bedroom-sets/4044_1154295_1155958_1155972"
            ],
            [
                "Kids' Desk with Chair Sets",
                "/browse/home/kids-desk-with-chair-sets/4044_1154295_1155958_1155993"
            ],
            [
                "White Vanities",
                "/browse/home/white-vanities/4044_103150_102547_7354902_1743307"
            ],
            [
                "Daycare Furniture",
                "/browse/home/daycare-furniture/4044_1154295_1155958_2660755"
            ],
            [
                "Shop All Kids' Furniture",
                "/browse/home/shop-all-kids-furniture/4044_1154295_1155958_5352796"
            ],
            [
                "Kids' Characters",
                "/browse/home/kids-characters/4044_1154295_6561064"
            ],
            [
                "Kids' Vanities",
                "/browse/home/kids-vanities/4044_1154295_1155958_9142777"
            ],
            [
                "Kids' Playroom",
                "/browse/home/kids-playroom/4044_1154295_9443108"
            ]
        ]
    },
    {
        "title": "RiverRidge 4-Tier Ladder Shelf - White",
        "url": "https://www.walmart.com/ip/RiverRidge-4-Tier-Ladder-Shelf-White/45918923",
        "price": "$77.99",
        "stars": "4.8",
        "ratings": "11 ",
        "img": "i5.walmartimages.com/asr/0b41bffe-1d0c-435c-9323-458a85614a2c_2.bd769dcca5431c255b0bab3f207c8d30.jpeg?odnWidth=612&odnHeight=612&odnBg=ffffff",
        "tags": [
            [
                "Small office ideas",
                "/browse/home/small-office-ideas/4044_1879527_9330810_2563463"
            ],
            [
                "Bathroom Shelves",
                "/browse/home/bathroom-shelves/4044_539095_5547362_4119845"
            ],
            [
                "Black Bookcases & Bookshelves",
                "/browse/home/black-bookcases-bookshelves/4044_103150_97116_5154093"
            ],
            [
                "White Office Furniture",
                "/browse/home/white-office-furniture/4044_103150_97116_7165397"
            ],
            [
                "Leaning Bookcases & Ladder Shelves",
                "/browse/home/leaning-bookcases-ladder-shelves/4044_103150_97116_8087808"
            ],
            [
                "White Bookcases & Bookshelves",
                "/browse/home/white-bookcases-bookshelves/4044_103150_97116_8660201"
            ],
            [
                "Wood Bookcases & Bookshelves",
                "/browse/home/wood-bookcases-bookshelves/4044_103150_97116_8880522"
            ],
            [
                "Bookcases & Bookshelves",
                "/browse/home/bookcases-bookshelves/4044_103150_97116_91849"
            ]
        ]
    },
    {
        "title": "Dorel Living Twin Size Metal Headboard, Bedroom Furniture, White",
        "url": "https://www.walmart.com/ip/Dorel-Living-Twin-Size-Metal-Headboard-Bedroom-Furniture-White/23316639",
        "price": "$44.97",
        "stars": "4.6",
        "ratings": "153 ",
        "img": "",
        "tags": [
            [
                "Teens' Beds",
                "/browse/home/teens-beds/4044_1156136_1156142_1156144"
            ],
            [
                "Bedroom",
                "/browse/home/bedroom/4044_103150_1225290_1225295"
            ],
            [
                "Queen Headboards",
                "/browse/home/queen-headboards/4044_103150_102547_2705136_6133782_1866603"
            ],
            [
                "Twin Beds",
                "/browse/home/twin-beds/4044_103150_102547_5949652_2014667_5628006"
            ],
            [
                "Shop all Headboards",
                "/browse/home/shop-all-headboards/4044_103150_102547_2705136_5759592"
            ],
            [
                "Kids' Bedroom Furniture",
                "/browse/home/kids-bedroom-furniture/4044_1154295_1155958_6205060"
            ],
            [
                "Kids' Beds",
                "/browse/home/kids-beds/4044_1154295_1155958_7251917_8596911"
            ]
        ]
    }
]