[
    {
        "title": "Creative Motion 22\" Table Lamp with White Base",
        "url": "https://www.walmart.com/ip/Creative-Motion-22-Table-Lamp-with-White-Base/15167047",
        "price": "$40.99",
        "stars": "4.6",
        "ratings": "218 ",
        "img": "",
        "tags": [
            [
                "Shop All Table Lamps by Style",
                "/browse/home/shop-all-table-lamps-by-style/4044_133012_133113_4887881_6619106_4666247_1673446"
            ],
            [
                "Shop All Lamps",
                "/browse/home/shop-all-lamps/4044_133012_133113_4887881_3703957"
            ],
            [
                "Bedroom Lamps",
                "/browse/home/bedroom-lamps/4044_133012_133113_4887881_7110962"
            ],
            [
                "Table Lamps",
                "/browse/home/table-lamps/4044_133012_133113_3820857_8270513"
            ],
            [
                "Shop All Table Lamps by Color",
                "/browse/home/shop-all-table-lamps-by-color/4044_133012_133113_4887881_6619106_2844858_8311417"
            ],
            [
                "Shop All Table Lamps",
                "/browse/home/shop-all-table-lamps/4044_133012_133113_4887881_6619106_8862815"
            ],
            [
                "White Table Lamps",
                "/browse/home/white-table-lamps/4044_133012_133113_4887881_6619106_2844858_9577269"
            ],
            [
                "Shop All Table Lamps by Material",
                "/browse/home/shop-all-table-lamps-by-material/4044_133012_133113_4887881_6619106_8131348_9892179"
            ]
        ]
    },
    {
        "title": "Flounce Tiered Girls Bedroom Curtain Panel",
        "url": "https://www.walmart.com/ip/Flounce-Tiered-Girls-Bedroom-Curtain-Panel/55328261",
        "price": "$22.07",
        "stars": "4.3",
        "ratings": "12 ",
        "img": "i5.walmartimages.com/asr/7092faa2-b932-43a7-9bef-975223609633_1.0b45a61ac1e3eb8122de5da130eea87d.jpeg?odnWidth=612&odnHeight=612&odnBg=ffffff",
        "tags": [
            [
                "Teens' Window Treatments",
                "/browse/home/teens-window-treatments/4044_1156136_1156152_1156155"
            ],
            [
                "Room Darkening Curtains",
                "/browse/home/room-darkening-curtains/4044_133012_539105_1521917_2277099"
            ],
            [
                "Curtains",
                "/browse/home/curtains/4044_133012_539105_1521917_2606905"
            ],
            [
                "Teens' Room Decor",
                "/browse/home/teens-room-decor/4044_1156136_2806866"
            ],
            [
                "Sheer Curtains",
                "/browse/home/sheer-curtains/4044_133012_539105_1521917_2913338"
            ],
            [
                "Kitchen Curtains",
                "/browse/home/kitchen-curtains/4044_133012_539105_1521917_414668"
            ],
            [
                "Teen Curtains",
                "/browse/home/teen-curtains/4044_133012_539105_1521917_8856798"
            ]
        ]
    },
    {
        "title": "Acme All Star Football 2-Piece Chair and Ottoman Set",
        "url": "https://www.walmart.com/ip/Acme-All-Star-Football-2-Piece-Chair-and-Ottoman-Set/22472400",
        "price": "$159.00",
        "stars": "4.4",
        "ratings": "33 ",
        "img": "i5.walmartimages.com/asr/bfaa9fac-8990-467c-9cfe-ce20b73d5f93_1.b9a9690b484a2d8da75a95769517f43c.jpeg?odnWidth=612&odnHeight=612&odnBg=ffffff",
        "tags": [
            [
                "Kids' Chairs & Seating",
                "/browse/home/kids-chairs-seating/4044_1154295_1155958_1156032"
            ],
            [
                "Sports Decor",
                "/browse/home/sports-decor/4044_133012_2054382"
            ],
            [
                "Fabric Chairs",
                "/browse/home/fabric-chairs/4044_103150_4038_7389568_6223867"
            ],
            [
                "All Accent Chairs",
                "/browse/home/all-accent-chairs/4044_103150_4038_7389568_7800022"
            ],
            [
                "All Ottomans",
                "/browse/home/all-ottomans/4044_103150_4038_9082960_8193767"
            ],
            [
                "All Kids' Chairs",
                "/browse/home/all-kids-chairs/4044_1154295_1155958_7203266_9300235"
            ],
            [
                "Sports Bedding",
                "/browse/home/sports-bedding/4044_1154295_1156114_2439708_9746519"
            ],
            [
                "Kids' Upholstered Chairs",
                "/browse/home/kids-upholstered-chairs/4044_1154295_1155958_7203266_9760729"
            ]
        ]
    },
    {
        "title": "Well Woven Rodeo Otero Bohemian Aztec 7'10\" x 9'10\" Ivory Area Rug",
        "url": "https://www.walmart.com/ip/Well-Woven-Rodeo-Otero-Bohemian-Aztec-7-10-x-9-10-Ivory-Area-Rug/912984755",
        "price": "$172.01",
        "stars": "4.3",
        "ratings": "4 ",
        "img": "i5.walmartimages.com/asr/dd620c68-1430-4c6a-8f76-69f5caa17c8a_2.e5fc04e916b99297469309b33ccd6256.jpeg?odnWidth=612&odnHeight=612&odnBg=ffffff",
        "tags": [
            [
                "Safavieh Area Rugs",
                "/browse/home/safavieh-area-rugs/4044_133012_110892_6718514_1798516_1441915"
            ],
            [
                "Curated New Rugs",
                "/browse/home/curated-new-rugs/4044_133012_110892_2466725"
            ],
            [
                "9' x 12' Area Rugs",
                "/browse/home/9-x-12-area-rugs/4044_133012_110892_6718514_3167309_2663366"
            ],
            [
                "Square Rugs",
                "/browse/home/square-rugs/4044_133012_110892_6718514_5047521_5523901"
            ],
            [
                "Tribal Area Rugs",
                "/browse/home/tribal-area-rugs/4044_133012_110892_6718514_6050557_6622336"
            ],
            [
                "Area Rugs Over 9' x 12'",
                "/browse/home/area-rugs-over-9-x-12/4044_133012_110892_6718514_3167309_7234190"
            ],
            [
                "Boho Area Rugs",
                "/browse/home/boho-area-rugs/4044_133012_110892_6718514_4513083_8792870"
            ],
            [
                "Bedroom Rugs",
                "/browse/home/bedroom-rugs/4044_133012_110892_6718514_4001684_9316715"
            ]
        ]
    },
    {
        "title": "Flash Furniture X10 Gaming Chair Racing Office Ergonomic Computer PC Adjustable Swivel Chair with Flip-up Arms, Black LeatherSoft",
        "url": "https://www.walmart.com/ip/Flash-Furniture-X10-Gaming-Chair-Racing-Office-Ergonomic-Computer-PC-Adjustable-Swivel-Chair-with-Flip-up-Arms-Black-LeatherSoft/613471415",
        "price": "$111.97",
        "stars": "3.8",
        "ratings": "51 ",
        "img": "i5.walmartimages.com/asr/7cff3766-7be2-4be4-b6c9-9a73faaa0438_3.e5d8bd9ce7c8ddc5c9b9fd72531f5074.jpeg?odnWidth=612&odnHeight=612&odnBg=ffffff",
        "tags": [
            [
                "Teens' Gaming",
                "/browse/home/teens-gaming/4044_1156136_1156142_1043794"
            ],
            [
                "Executive Office Chairs",
                "/browse/home/executive-office-chairs/4044_103150_97116_3896177"
            ],
            [
                "Ergonomic Chairs",
                "/browse/home/ergonomic-chairs/4044_103150_97116_5177400"
            ],
            [
                "Teens' Desk Chairs",
                "/browse/home/teens-desk-chairs/4044_1156136_1156142_5845507"
            ],
            [
                "Small Space Desks & Office Furniture",
                "/browse/home/small-space-desks-office-furniture/4044_103150_2880259_6932446"
            ],
            [
                "White Office Furniture",
                "/browse/home/white-office-furniture/4044_103150_97116_7165397"
            ],
            [
                "Gaming Chairs",
                "/browse/home/gaming-chairs/4044_103150_97116_9559238"
            ],
            [
                "Commercial Office Furniture",
                "/browse/home/commercial-office-furniture/4044_103150_97116_1071224_9864245"
            ]
        ]
    },
    {
        "title": "Rfiver Portable Folding Stool 18.1 inch Fold up Collapsible Round Chairs Black, 2 Pack",
        "url": "https://www.walmart.com/ip/Rfiver-Portable-Folding-Stool-18-1-inch-Fold-up-Collapsible-Round-Chairs-Black-2-Pack/997616177",
        "price": "$32.79",
        "stars": "5.0",
        "ratings": "3 ",
        "img": "i5.walmartimages.com/asr/8ac7c9ea-f802-47fa-8232-37dace349518_1.ca47a6cb6dba6e45e3587c4c06b6095a.jpeg?odnWidth=612&odnHeight=612&odnBg=ffffff",
        "tags": [
            [
                "Kitchen & Dining",
                "/browse/home/kitchen-dining/4044_103150_1225290_1225294"
            ],
            [
                "Folding Chairs",
                "/browse/home/folding-chairs/4044_103150_4037_1580848"
            ],
            [
                "Kids Folding Chairs",
                "/browse/home/kids-folding-chairs/4044_1154295_1155958_7203266_1801039"
            ],
            [
                "Shop All Folding Chairs",
                "/browse/home/shop-all-folding-chairs/4044_103150_4037_6296206_2321205_2509863"
            ],
            [
                "Black Folding Chairs",
                "/browse/home/black-folding-chairs/4044_103150_4037_6296206_6455390_3378759"
            ],
            [
                "White Folding Chairs",
                "/browse/home/white-folding-chairs/4044_103150_4037_6296206_6455390_6941261"
            ],
            [
                "Metal Folding Chairs",
                "/browse/home/metal-folding-chairs/4044_103150_4037_6296206_2321205_7233162"
            ],
            [
                "Transitional Bar Stools",
                "/browse/home/transitional-bar-stools/4044_103150_4037_8102642_8503853"
            ]
        ]
    },
    {
        "title": "Mainstays Canvas Ironwork Curtain Panel",
        "url": "https://www.walmart.com/ip/Mainstays-Canvas-Ironwork-Curtain-Panel/55260634",
        "price": "$7.47",
        "stars": "4.4",
        "ratings": "52 ",
        "img": "",
        "tags": [
            [
                "Teens' Window Treatments",
                "/browse/home/teens-window-treatments/4044_1156136_1156152_1156155"
            ],
            [
                "Blackout Curtains",
                "/browse/home/blackout-curtains/4044_133012_539105_1521917_1331481"
            ],
            [
                "Small Space Mid Century Living & Dining Room",
                "/browse/home/small-space-mid-century-living-dining-room/4044_103150_2880259_1429205"
            ],
            [
                "Room Darkening Curtains",
                "/browse/home/room-darkening-curtains/4044_133012_539105_1521917_2277099"
            ],
            [
                "Sheer Curtains",
                "/browse/home/sheer-curtains/4044_133012_539105_1521917_2913338"
            ],
            [
                "Kitchen Curtains",
                "/browse/home/kitchen-curtains/4044_133012_539105_1521917_414668"
            ],
            [
                "Curtain Sets",
                "/browse/home/curtain-sets/4044_133012_539105_7600818"
            ],
            [
                "Teen Curtains",
                "/browse/home/teen-curtains/4044_133012_539105_1521917_8856798"
            ]
        ]
    },
    {
        "title": "NC Home Fashions Geometric Trim Embroidered microfiber sheet set, ultra soft, Twin, Silver Gray",
        "url": "https://www.walmart.com/ip/NC-Home-Fashions-Geometric-Trim-Embroidered-microfiber-sheet-set-ultra-soft-Twin-Silver-Gray/744342936",
        "price": "$9.96",
        "stars": "4.3",
        "ratings": "45 ",
        "img": "i5.walmartimages.com/asr/78f2590b-acf5-421b-8322-5a74ebdca36d_1.2d77e6f40d1ec06bdf32d7194ce0b932.jpeg?odnWidth=612&odnHeight=612&odnBg=ffffff",
        "tags": [
            [
                "Bed Sheets",
                "/browse/home/bed-sheets/4044_539103_133061"
            ],
            [
                "Twin Sheets",
                "/browse/home/twin-sheets/4044_539103_5055527_2647631"
            ],
            [
                "Microfiber Sheets",
                "/browse/home/microfiber-sheets/4044_539103_5055527_2660867"
            ],
            [
                "King Sheets",
                "/browse/home/king-sheets/4044_539103_5055527_4178254"
            ],
            [
                "White Sheets",
                "/browse/home/white-sheets/4044_539103_5055527_4299542"
            ],
            [
                "Deep Pocket Sheets",
                "/browse/home/deep-pocket-sheets/4044_539103_5055527_8252918"
            ],
            [
                "Full Sheets",
                "/browse/home/full-sheets/4044_539103_5055527_8485867"
            ],
            [
                "Warm & Cozy Sheets",
                "/browse/home/warm-cozy-sheets/4044_539103_5055527_9461375"
            ]
        ]
    },
    {
        "title": "InterDesign Waterproof Fabric Shower Curtain Liner, Standard 72\" x 72\", Red",
        "url": "https://www.walmart.com/ip/InterDesign-Waterproof-Fabric-Shower-Curtain-Liner-Standard-72-x-72-Red/43655221",
        "price": "$24.36",
        "stars": "4.2",
        "ratings": "61 ",
        "img": "i5.walmartimages.com/asr/25f0abab-fa22-481e-ba95-eda574b4e528_1.88c730a274120a2b7405174b02dd8ebc.jpeg?odnWidth=612&odnHeight=612&odnBg=ffffff",
        "tags": [
            [
                "Teens' Shower Curtains & Hooks",
                "/browse/home/teens-shower-curtains-hooks/4044_1156136_1156137_1156140"
            ],
            [
                "Shower Curtain Sets",
                "/browse/home/shower-curtain-sets/4044_539095_2141805_2005808"
            ],
            [
                "Dorm Bath & Laundry",
                "/browse/home/dorm-bath-laundry/4044_1225301_1225229_3339158"
            ],
            [
                "White Shower Curtains",
                "/browse/home/white-shower-curtains/4044_539095_2141805_5102000"
            ],
            [
                "Shower Curtains",
                "/browse/home/shower-curtains/4044_539095_2141805_533461"
            ],
            [
                "Dorm Bath Essentials",
                "/browse/home/dorm-bath-essentials/4044_1225301_1225229_8079634_7293738"
            ],
            [
                "Fabric Shower Curtains",
                "/browse/home/fabric-shower-curtains/4044_539095_2141805_8715072"
            ],
            [
                "Extra Long Shower Curtains",
                "/browse/home/extra-long-shower-curtains/4044_539095_2141805_9227153"
            ]
        ]
    },
    {
        "title": "Zimtown New Gaming Chair Racing Style High-back Office Chair Lumbar Support and Headrest Multi-color",
        "url": "https://www.walmart.com/ip/Zimtown-New-Gaming-Chair-Racing-Style-High-back-Office-Chair-Lumbar-Support-and-Headrest-Multi-color/863544885",
        "price": "$119.99",
        "stars": "2.9",
        "ratings": "8 ",
        "img": "i5.walmartimages.com/asr/3623de98-28c7-4d5c-b498-ff1432644c41.e233bd841efb3291a5dc65ddec8e48ca.jpeg?odnWidth=612&odnHeight=612&odnBg=ffffff",
        "tags": [
            [
                "Teens' Gaming",
                "/browse/home/teens-gaming/4044_1156136_1156142_1043794"
            ],
            [
                "Shop All Teens' Furniture",
                "/browse/home/shop-all-teens-furniture/4044_1156136_1156142_4223741"
            ],
            [
                "Ergonomic Chairs",
                "/browse/home/ergonomic-chairs/4044_103150_97116_5177400"
            ],
            [
                "Teens' Desk Chairs",
                "/browse/home/teens-desk-chairs/4044_1156136_1156142_5845507"
            ],
            [
                "Small Space Desks & Office Furniture",
                "/browse/home/small-space-desks-office-furniture/4044_103150_2880259_6932446"
            ],
            [
                "White Office Furniture",
                "/browse/home/white-office-furniture/4044_103150_97116_7165397"
            ],
            [
                "All Kids' Chairs",
                "/browse/home/all-kids-chairs/4044_1154295_1155958_7203266_9300235"
            ],
            [
                "Gaming Chairs",
                "/browse/home/gaming-chairs/4044_103150_97116_9559238"
            ]
        ]
    }
]