[
    {
        "title": "Mainstays Modern Metal Daybed with Trundle, Twin Size Frame, Gold",
        "url": "https://www.walmart.com/ip/Mainstays-Modern-Metal-Daybed-with-Trundle-Twin-Size-Frame-Gold/671381648",
        "price": "$149.00",
        "stars": "4.5",
        "ratings": "158 ",
        "img": "",
        "tags": [
            [
                "Shop All Kids' Beds",
                "/browse/home/shop-all-kids-beds/4044_1154295_1155958_7251917_1155992"
            ],
            [
                "Twin Size Daybeds",
                "/browse/home/twin-size-daybeds/4044_103150_102547_1415193_2464111"
            ],
            [
                "White Daybeds",
                "/browse/home/white-daybeds/4044_103150_102547_1415193_3637101"
            ],
            [
                "Daybeds with Trundle",
                "/browse/home/daybeds-with-trundle/4044_103150_102547_1415193_6907860"
            ],
            [
                "Wooden Daybeds",
                "/browse/home/wooden-daybeds/4044_103150_102547_1415193_7950500"
            ],
            [
                "Shop all Daybeds",
                "/browse/home/shop-all-daybeds/4044_103150_102547_5907928_8398911"
            ],
            [
                "Kids' Daybeds",
                "/browse/home/kids-daybeds/4044_1154295_1155958_7251917_9656525"
            ]
        ]
    },
    {
        "title": "Better Homes & Gardens Lana Modern 3-Drawer Writing Desk, Toasted Brown Ash Finish",
        "url": "https://www.walmart.com/ip/Better-Homes-Gardens-Lana-Modern-3-Drawer-Writing-Desk-Toasted-Brown-Ash-Finish/874169954",
        "price": "$189.00",
        "stars": "4.3",
        "ratings": "96 ",
        "img": "i5.walmartimages.com/asr/fa6f8ca6-d35e-4af8-a57e-c18ce6094bea_1.5afd42735d02a716eadaeb0e66214495.jpeg?odnWidth=612&odnHeight=612&odnBg=ffffff",
        "tags": [
            [
                "Computer Desks",
                "/browse/home/computer-desks/4044_103150_97116_91851_2756086_1681587"
            ],
            [
                "Top Rated Desks",
                "/browse/home/top-rated-desks/4044_103150_97116_91851_3261462"
            ],
            [
                "Writing Desks",
                "/browse/home/writing-desks/4044_103150_97116_5851909"
            ],
            [
                "Wood Desks",
                "/browse/home/wood-desks/4044_103150_97116_6334695"
            ],
            [
                "White Desks",
                "/browse/home/white-desks/4044_103150_97116_91851_5127598_7354762"
            ],
            [
                "Desks with Drawers",
                "/browse/home/desks-with-drawers/4044_103150_97116_91851_9597564_7826428"
            ],
            [
                "Small Desks",
                "/browse/home/small-desks/4044_103150_97116_91851_2756086_9863974"
            ]
        ]
    },
    {
        "title": "Your Zone Bean Bag Lounge Chair with Pocket, Gray",
        "url": "https://www.walmart.com/ip/Your-Zone-Bean-Bag-Lounge-Chair-with-Pocket-Gray/352100602",
        "price": "$55.00",
        "stars": "4.2",
        "ratings": "19 ",
        "img": "i5.walmartimages.com/asr/4c185555-ae8a-43be-964c-4b3ffe9b4ef2_2.fa3025a1f6aa8d7ed9ee4bcbc95c3db9.jpeg?odnWidth=612&odnHeight=612&odnBg=ffffff",
        "tags": [
            [
                "Kids' Chairs & Seating",
                "/browse/home/kids-chairs-seating/4044_1154295_1155958_1156032"
            ],
            [
                "Teens' Lounge Seating",
                "/browse/home/teens-lounge-seating/4044_1156136_1156142_1156147"
            ],
            [
                "Big Bean Bag Chairs",
                "/browse/home/big-bean-bag-chairs/4044_1154295_1155958_7203266_4128634"
            ],
            [
                "Shop All Kids' Furniture",
                "/browse/home/shop-all-kids-furniture/4044_1154295_1155958_5352796"
            ],
            [
                "Adult & Teen Bean Bag Chairs",
                "/browse/home/adult-teen-bean-bag-chairs/4044_1154295_1155958_7203266_8496525"
            ],
            [
                "Kids' Bean Bag Chairs",
                "/browse/home/kids-bean-bag-chairs/4044_1154295_1155958_7203266_9269066"
            ],
            [
                "All Kids' Chairs",
                "/browse/home/all-kids-chairs/4044_1154295_1155958_7203266_9300235"
            ],
            [
                "Kids' Playroom",
                "/browse/home/kids-playroom/4044_1154295_9443108"
            ]
        ]
    },
    {
        "title": "Metal Chairs Dining Stackable Dining Chairs Restaurant Metal Chairs Metal Kitchen Dining Chairs Set Of 4 Trattoria Chairs Indoor/Out Door Metal Tolix Side Chairs",
        "url": "https://www.walmart.com/ip/Metal-Chairs-Dining-Stackable-Restaurant-Kitchen-Set-Of-4-Trattoria-Indoor-Out-Door-Tolix-Side/460464355",
        "price": "$94.99",
        "stars": "4.6",
        "ratings": "60 ",
        "img": "i5.walmartimages.com/asr/256a2a48-66d1-48b2-9de5-b7f27f12075e_1.da2e71157c27f593fc0a94e856539489.jpeg?odnWidth=612&odnHeight=612&odnBg=ffffff",
        "tags": [
            [
                "Black Dining Chairs",
                "/browse/home/black-dining-chairs/4044_103150_4037_6472288_3229008_1436747"
            ],
            [
                "Industrial Dining Chairs",
                "/browse/home/industrial-dining-chairs/4044_103150_4037_6472288_1442848_1625745"
            ],
            [
                "Modern Dining Chairs",
                "/browse/home/modern-dining-chairs/4044_103150_4037_6472288_1442848_2650821"
            ],
            [
                "Set of 4 Dining Chairs",
                "/browse/home/set-of-4-dining-chairs/4044_103150_4037_6472288_3155168"
            ],
            [
                "Transitional Dining Chairs",
                "/browse/home/transitional-dining-chairs/4044_103150_4037_6472288_1442848_5467108"
            ],
            [
                "Metal Dining Chairs",
                "/browse/home/metal-dining-chairs/4044_103150_4037_6472288_2046619_5728433"
            ],
            [
                "All Dining Chairs",
                "/browse/home/all-dining-chairs/4044_103150_4037_6472288_8936400"
            ],
            [
                "White Dining Chairs",
                "/browse/home/white-dining-chairs/4044_103150_4037_6472288_3229008_9375257"
            ]
        ]
    },
    {
        "title": "Mainstays Home Theater Recliner with USB charging ports and In-Arm Storage, Black Faux Leather",
        "url": "https://www.walmart.com/ip/Mainstays-Home-Theater-Recliner-with-USB-charging-ports-and-In-Arm-Storage-Black-Faux-Leather/443322352",
        "price": "$259.00",
        "stars": "3.6",
        "ratings": "25 ",
        "img": "i5.walmartimages.com/asr/111d46d5-4063-4c3e-b09d-4be0e935ab1d.2b9de7c75e6cd8e343614bb2c5ce9bba.jpeg?odnWidth=612&odnHeight=612&odnBg=ffffff",
        "tags": [
            [
                "Home Theater Seating",
                "/browse/home/home-theater-seating/4044_103150_635499_1043792"
            ],
            [
                "Power Recliners",
                "/browse/home/power-recliners/4044_103150_4038_2105992_1716273"
            ],
            [
                "Rocker Recliners",
                "/browse/home/rocker-recliners/4044_103150_4038_2105992_2410187"
            ],
            [
                "Kids' Recliners",
                "/browse/home/kids-recliners/4044_1154295_1155958_7203266_3648276"
            ],
            [
                "Swivel Recliners",
                "/browse/home/swivel-recliners/4044_103150_4038_2105992_4490007"
            ],
            [
                "All Recliners",
                "/browse/home/all-recliners/4044_103150_4038_2105992_4887822"
            ],
            [
                "Massage Recliners",
                "/browse/home/massage-recliners/4044_103150_4038_2105992_4963195"
            ],
            [
                "Manual Recliners",
                "/browse/home/manual-recliners/4044_103150_4038_2105992_6737504"
            ]
        ]
    },
    {
        "title": "American Baby Company Waterproof Fitted Pack N Play Playard Protective Mattress Pad Cover, White, for Boys and Girls",
        "url": "https://www.walmart.com/ip/American-Baby-Company-Waterproof-Fitted-Pack-N-Play-Playard-Protective-Mattress-Pad-Cover-White-for-Boys-and-Girls/55774057",
        "price": "$11.93",
        "stars": "4.1",
        "ratings": "46 ",
        "img": "i5.walmartimages.com/asr/6684cdd9-60b1-4a6e-b194-cdcddf897706_1.d0096df486508f293cd43aa781196c0d.jpeg?odnWidth=612&odnHeight=612&odnBg=ffffff",
        "tags": [
            [
                "Mattress Pads & Protectors & Toppers",
                "/browse/home/mattress-pads-protectors-toppers/4044_539103_133144"
            ],
            [
                "Memory Foam Mattress Pads",
                "/browse/home/memory-foam-mattress-pads/4044_539103_5947786_2944117"
            ],
            [
                "Mattress Protectors",
                "/browse/home/mattress-protectors/4044_103150_539386_4169411"
            ],
            [
                "Bed Bug Mattress Protectors",
                "/browse/home/bed-bug-mattress-protectors/4044_539103_8022801_5020852"
            ],
            [
                "Basic Mattress Pads & Protectors",
                "/browse/home/basic-mattress-pads-protectors/4044_539103_1095008_5670126"
            ],
            [
                "Mattress Covers & Protectors",
                "/browse/home/mattress-covers-protectors/4044_539103_7427099"
            ],
            [
                "Jersey Sheets",
                "/browse/home/jersey-sheets/4044_539103_5055527_7764802"
            ],
            [
                "Zippered Mattress Protectors",
                "/browse/home/zippered-mattress-protectors/4044_539103_8022801_8929600"
            ]
        ]
    },
    {
        "title": "Boss Black Upholstered Deluxe Posture Task Chair, Multiple Colors",
        "url": "https://www.walmart.com/ip/Boss-Black-Upholstered-Deluxe-Posture-Task-Chair-Multiple-Colors/13246529",
        "price": "$60.99",
        "stars": "4.6",
        "ratings": "467 ",
        "img": "i5.walmartimages.com/asr/4d62c60d-f9a7-4cfc-9112-bccc7f349307_1.0bb073f4347113d87851218375bed76b.jpeg?odnWidth=612&odnHeight=612&odnBg=ffffff",
        "tags": [
            [
                "Teens' Desks",
                "/browse/home/teens-desks/4044_1156136_1156142_1156145"
            ],
            [
                "Dorm Study Furniture",
                "/browse/home/dorm-study-furniture/4044_1225301_1225229_1385016"
            ],
            [
                "Small office ideas",
                "/browse/home/small-office-ideas/4044_1879527_9330810_2563463"
            ],
            [
                "Executive Office Chairs",
                "/browse/home/executive-office-chairs/4044_103150_97116_3896177"
            ],
            [
                "Ergonomic Chairs",
                "/browse/home/ergonomic-chairs/4044_103150_97116_5177400"
            ],
            [
                "Teens' Desk Chairs",
                "/browse/home/teens-desk-chairs/4044_1156136_1156142_5845507"
            ],
            [
                "White Office Furniture",
                "/browse/home/white-office-furniture/4044_103150_97116_7165397"
            ],
            [
                "Commercial Office Furniture",
                "/browse/home/commercial-office-furniture/4044_103150_97116_1071224_9864245"
            ]
        ]
    },
    {
        "title": "Microdry : Extra Thick, Softlux, Charcoal Infused Memory Foam Washable Bath Mat With Griptex Skid-Resistant Base, 21 X 34, Blue",
        "url": "https://www.walmart.com/ip/Microdry-Extra-Thick-Softlux-Charcoal-Infused-Memory-Foam-Washable-Bath-Mat-With-Griptex-Skid-Resistant-Base-21-X-34-Blue/569016938",
        "price": "$24.87",
        "stars": "4.5",
        "ratings": "147 ",
        "img": "i5.walmartimages.com/asr/013377a8-2d3f-42f9-b099-95fa27511461_1.00317c6ecc93dbbadbd749dec94bcf87.jpeg?odnWidth=612&odnHeight=612&odnBg=ffffff",
        "tags": []
    },
    {
        "title": "Flash Furniture 25.5'' Round Aluminum Indoor-Outdoor Folding Bar Height Table with Base",
        "url": "https://www.walmart.com/ip/Flash-Furniture-25-5-Round-Aluminum-Indoor-Outdoor-Folding-Bar-Height-Table-with-Base/48392167",
        "price": "$49.99",
        "stars": "3.9",
        "ratings": "63 ",
        "img": "i5.walmartimages.com/asr/4c8c52f9-8352-4df6-933e-291ce95fa0c7_2.b3e7afa9e4d698c3a223289cf7e8e716.jpeg?odnWidth=612&odnHeight=612&odnBg=ffffff",
        "tags": [
            [
                "Shop All Metal Patio Furniture",
                "/browse/patio-garden/shop-all-metal-patio-furniture/5428_91416_1295472_9647825_1676838"
            ],
            [
                "Modern Outdoor Furniture",
                "/browse/patio-garden/modern-outdoor-furniture/5428_91416_2747383"
            ],
            [
                "Outdoor Bars",
                "/browse/patio-garden/outdoor-bars/5428_91416_6896795_3880059"
            ],
            [
                "Outdoor Bistro Tables",
                "/browse/patio-garden/outdoor-bistro-tables/5428_91416_6040372_4339622"
            ],
            [
                "Shop All Bistro Sets",
                "/browse/patio-garden/shop-all-bistro-sets/5428_91416_3013177_3668712_5783846"
            ],
            [
                "Shop All Outdoor Bar Stools",
                "/browse/patio-garden/shop-all-outdoor-bar-stools/5428_91416_6896795_8210892_5860215"
            ],
            [
                "Outdoor Metal Bar Stools",
                "/browse/patio-garden/outdoor-metal-bar-stools/5428_91416_6896795_8210892_6300350"
            ],
            [
                "Outdoor Dining Tables",
                "/browse/patio-garden/outdoor-dining-tables/5428_91416_6040372_7675851"
            ]
        ]
    },
    {
        "title": "Prepac Elite 32\" Wardrobe Cabinet, White",
        "url": "https://www.walmart.com/ip/Prepac-Elite-32-Wardrobe-Cabinet-White/22624008",
        "price": "$202.20",
        "stars": "4.3",
        "ratings": "93 ",
        "img": "i5.walmartimages.com/asr/f457cc10-ceeb-435c-adf5-bd23b1c4def0_3.990a19dd76d28f1b828dd8039de67196.jpeg?odnWidth=612&odnHeight=612&odnBg=ffffff",
        "tags": [
            [
                "Modern Wardrobes",
                "/browse/home/modern-wardrobes/4044_103150_102547_91846_1578980"
            ],
            [
                "Shop all Armoires & Wardrobes",
                "/browse/home/shop-all-armoires-wardrobes/4044_103150_102547_91846_2152339"
            ],
            [
                "Black Wardrobes",
                "/browse/home/black-wardrobes/4044_103150_102547_91846_2647581"
            ],
            [
                "Pantries",
                "/browse/home/pantries/4044_103150_4037_3781179"
            ],
            [
                "Shop All Pantries",
                "/browse/home/shop-all-pantries/4044_103150_4037_6142570_4478762"
            ],
            [
                "Transitional Wardrobes",
                "/browse/home/transitional-wardrobes/4044_103150_102547_91846_5623598"
            ],
            [
                "White Wardrobes",
                "/browse/home/white-wardrobes/4044_103150_102547_91846_7452173"
            ]
        ]
    }
]