[
    {
        "title": "Cafe Brew Collection 12 Cup Glass Universal Replacement Coffee Carafe",
        "url": "https://www.walmart.com/ip/Cafe-Brew-Collection-12-Cup-Glass-Universal-Replacement-Coffee-Carafe/16457603",
        "price": "$10.97",
        "stars": "3.9",
        "ratings": "327 ",
        "img": "i5.walmartimages.com/asr/6ba5819a-158b-4e05-b58f-cd226fce9c0f_1.3d1e81b080434f5ec672ffdd1ff08ad4.jpeg?odnWidth=612&odnHeight=612&odnBg=ffffff",
        "tags": [
            [
                "Other Cooking Appliances",
                "/browse/home/other-cooking-appliances/4044_90548_90546_1043766"
            ],
            [
                "Kitchen Appliances",
                "/browse/home/kitchen-appliances/4044_1225301_1225229_1225238_1230030"
            ],
            [
                "Coffee Prep",
                "/browse/home/coffee-prep/4044_623679_133020_1338742"
            ],
            [
                "Coffee & Espresso Parts and Accessories",
                "/browse/home/coffee-espresso-parts-accessories/4044_90548_90546_2971264_3403620"
            ],
            [
                "Cold Brew Makers",
                "/browse/home/cold-brew-makers/4044_90548_90546_1115306_4187561"
            ],
            [
                "Coffee Makers",
                "/browse/home/coffee-makers/4044_90548_90546_1115306_5438660"
            ],
            [
                "Krups",
                "/browse/home/krups/4044_1225301_9409401_7069980"
            ]
        ]
    },
    {
        "title": "Eufy RoboVac 35C Wi-Fi Connected Robot Vacuum",
        "url": "https://www.walmart.com/ip/Eufy-RoboVac-35C-Wi-Fi-Connected-Robot-Vacuum/298006486",
        "price": "$282.21",
        "stars": "4.4",
        "ratings": "89 ",
        "img": "i5.walmartimages.com/asr/da2798a7-e22f-4fc9-abaf-95ba94f544c8_1.f344baeb3ae626cb07ab4355df23dc8d.jpeg?odnWidth=612&odnHeight=612&odnBg=ffffff",
        "tags": [
            [
                "Vacuum Cleaners",
                "/browse/home/vacuum-cleaners/4044_90548_4047_3525958"
            ],
            [
                "Dorm Floorcare",
                "/browse/home/dorm-floorcare/4044_1225301_1225229_3660956"
            ],
            [
                "Ecovacs Robot Vacuums",
                "/browse/home/ecovacs-robot-vacuums/4044_90548_4047_4496651"
            ],
            [
                "Roomba by iRobot",
                "/browse/home/roomba-by-irobot/4044_90548_4047_5056626"
            ],
            [
                "Shark Robot Vacuums",
                "/browse/home/shark-robot-vacuums/4044_90548_4047_5645144"
            ],
            [
                "Pet Vacuums",
                "/browse/home/pet-vacuums/4044_90548_4047_618299"
            ],
            [
                "Dorm Vacuum Essentials",
                "/browse/home/dorm-vacuum-essentials/4044_1225301_1225229_8079634_6343193"
            ],
            [
                "Shark Steam Mops",
                "/browse/home/shark-steam-mops/4044_90548_4047_7213840"
            ]
        ]
    },
    {
        "title": "Better Homes & Gardens American Made Bath Rug, 3 Piece Bath Set, Charcoal",
        "url": "https://www.walmart.com/ip/Better-Homes-Gardens-American-Made-Bath-Rug-3-Piece-Bath-Set-Charcoal/449005350",
        "price": "$10.88",
        "stars": "4.6",
        "ratings": "456 ",
        "img": "i5.walmartimages.com/asr/820a5e9e-2734-4a07-a448-11e3fbc95cd5_2.7cc1235a0f22f2f99349cbd8fd2ccd07.jpeg?odnWidth=612&odnHeight=612&odnBg=ffffff",
        "tags": [
            [
                "Teens' Bath Mats",
                "/browse/home/teens-bath-mats/4044_1156136_1156137_1156139"
            ],
            [
                "Bathroom Rugs",
                "/browse/home/bathroom-rugs/4044_539095_920259_2453408"
            ],
            [
                "Dorm Bath & Laundry",
                "/browse/home/dorm-bath-laundry/4044_1225301_1225229_3339158"
            ],
            [
                "Dorm Bundles",
                "/browse/home/dorm-bundles/4044_1225301_1225229_5830926"
            ],
            [
                "Fashion Bath Rugs",
                "/browse/home/fashion-bath-rugs/4044_539095_920259_6268946"
            ],
            [
                "Kids' Bath Rugs",
                "/browse/home/kids-bath-rugs/4044_539095_5586777_6667078"
            ],
            [
                "Non-Slip Bath Mats",
                "/browse/home/non-slip-bath-mats/4044_539095_920259_6970794"
            ],
            [
                "Teens' Bathroom",
                "/browse/home/teens-bathroom/4044_1156136_9411830"
            ]
        ]
    },
    {
        "title": "Mainstays Yellow Grey Chevron Bed in a Bag 6-Piece Bedding Comforter Set, Twin",
        "url": "https://www.walmart.com/ip/Mainstays-Yellow-Grey-Chevron-Bed-in-a-Bag-6-Piece-Bedding-Comforter-Set-Twin/45161630",
        "price": "$34.96",
        "stars": "4.6",
        "ratings": "291 ",
        "img": "i5.walmartimages.com/asr/90d1727b-9e47-47fd-b013-42eab0d5d748_1.6382eca317253b8a833d93aa4e09417e.jpeg?odnWidth=612&odnHeight=612&odnBg=ffffff",
        "tags": [
            [
                "Teens' Bedding Sets",
                "/browse/home/teens-bedding-sets/4044_1156136_1156157_1156162"
            ],
            [
                "Grey Comforters",
                "/browse/home/grey-comforters/4044_539103_1995847_2463602"
            ],
            [
                "Shop All Teens' Bedding",
                "/browse/home/shop-all-teens-bedding/4044_1156136_1156157_2716120"
            ],
            [
                "Comforters",
                "/browse/home/comforters/4044_539103_4754"
            ],
            [
                "Comforter Sets",
                "/browse/home/comforter-sets/4044_539103_9474113_5287544"
            ],
            [
                "Queen Comforters",
                "/browse/home/queen-comforters/4044_539103_1995847_5811928"
            ],
            [
                "Blue Comforters",
                "/browse/home/blue-comforters/4044_539103_1995847_7238240"
            ],
            [
                "Dorm Bedding",
                "/browse/home/dorm-bedding/4044_1225301_1225229_9830377"
            ]
        ]
    },
    {
        "title": "FoodSaver GameSaver 11\" x 16' Vacuum Seal Rolls, 6 Pack",
        "url": "https://www.walmart.com/ip/FoodSaver-GameSaver-11-x-16-Vacuum-Seal-Rolls-6-Pack/35652975",
        "price": "$83.79",
        "stars": "4.7",
        "ratings": "1150 ",
        "img": "",
        "tags": [
            [
                "Food Savers & Accessories",
                "/browse/home/food-savers-accessories/4044_623679_1032619_1033059"
            ],
            [
                "Lunch Boxes",
                "/browse/home/lunch-boxes/4044_623679_1032619_2617828_2778265"
            ],
            [
                "Shop All Lunch Boxes & Lunch Bags",
                "/browse/home/shop-all-lunch-boxes-lunch-bags/4044_623679_1032619_2617828_3206877"
            ],
            [
                "Rubbermaid Food Storage",
                "/browse/home/rubbermaid-food-storage/4044_623679_1032619_5842891_3368294"
            ],
            [
                "Vacuum Sealers",
                "/browse/home/vacuum-sealers/4044_90548_90546_133025_5936217"
            ],
            [
                "Lunch Bags",
                "/browse/home/lunch-bags/4044_623679_1032619_2617828_8027459"
            ],
            [
                "FoodSaver Vacuum Sealers",
                "/browse/home/foodsaver-vacuum-sealers/4044_90548_90546_133025_9670192"
            ]
        ]
    },
    {
        "title": "Command Slate Terrace Hook, Medium, 2 Hooks, 4 Strips/Pack",
        "url": "https://www.walmart.com/ip/Command-Slate-Terrace-Hook-Medium-2-Hooks-4-Strips-Pack/24548730",
        "price": "$2.88",
        "stars": "4.9",
        "ratings": "36 ",
        "img": "i5.walmartimages.com/asr/a97c25e7-f04d-41d0-adc5-6af30311f558_1.f4ebda01f198b89102a46a1145596e1c.jpeg?odnWidth=612&odnHeight=612&odnBg=ffffff",
        "tags": [
            [
                "All Bathroom Fixtures",
                "/browse/home-improvement/all-bathroom-fixtures/1072864_1045879_1230879_1043920"
            ],
            [
                "All Sealants, Fillers & Adhesives",
                "/browse/home-improvement/all-sealants-fillers-adhesives/1072864_1172176_1231291_1044066"
            ],
            [
                "Picture Hangers",
                "/browse/home-improvement/picture-hangers/1072864_1067612_1230791_1067803"
            ],
            [
                "Coat Hooks",
                "/browse/home-improvement/coat-hooks/1072864_1067612_1230791_1230814"
            ],
            [
                "Robe Hooks",
                "/browse/home-improvement/robe-hooks/1072864_1067612_1230791_1230960"
            ],
            [
                "All Hooks",
                "/browse/home-improvement/all-hooks/1072864_1067612_1230791_1231064"
            ],
            [
                "Towel Hooks",
                "/browse/home-improvement/towel-hooks/1072864_1045879_1230879_4149464"
            ],
            [
                "Shower Caddies",
                "/browse/home-improvement/shower-caddies/1072864_1045879_1230843_7640464"
            ]
        ]
    },
    {
        "title": "Equity by La Crosse 75903 0.9\" Blue LED Digital Desktop Alarm Clock",
        "url": "https://www.walmart.com/ip/Equity-by-La-Crosse-75903-0-9-Blue-LED-Digital-Desktop-Alarm-Clock/16783485",
        "price": "$9.88",
        "stars": "3.1",
        "ratings": "299 ",
        "img": "i5.walmartimages.com/asr/b3529c00-efa8-4a3f-920d-fcff8773bed8_1.84bb4a8f1adfea8ce9837278353e27a4.jpeg?odnWidth=612&odnHeight=612&odnBg=ffffff",
        "tags": [
            [
                "Teens' Wall Decor",
                "/browse/home/teens-wall-decor/4044_1156136_1156152_1157382"
            ],
            [
                "Dorm Study Essentials",
                "/browse/home/dorm-study-essentials/4044_1225301_1225229_8079634_1921657"
            ],
            [
                "Shop All Kids' Decor",
                "/browse/home/shop-all-kids-decor/4044_1154295_1156072_2546143"
            ],
            [
                "Teens' Room Decor",
                "/browse/home/teens-room-decor/4044_1156136_2806866"
            ],
            [
                "Dorm Decor",
                "/browse/home/dorm-decor/4044_1225301_1225229_7471338"
            ],
            [
                "Living Room Lamps",
                "/browse/home/living-room-lamps/4044_133012_133113_4887881_8137897"
            ],
            [
                "Shop All Wall Decor",
                "/browse/home/shop-all-wall-decor/4044_133012_5208936_922699"
            ]
        ]
    },
    {
        "title": "Big Joe Dorm Chair, Multiple Colors - 33\" x 32\" x 25\"",
        "url": "https://www.walmart.com/ip/Big-Joe-Dorm-Chair-Multiple-Colors-33-x-32-x-25/38479895",
        "price": "$53.00",
        "stars": "4.1",
        "ratings": "3240 ",
        "img": "i5.walmartimages.com/asr/a0e45d72-8e82-4783-b84c-9312bb9d9bf7_1.e6356b31c69096022b495a82dc435a92.jpeg?odnWidth=612&odnHeight=612&odnBg=ffffff",
        "tags": [
            [
                "Teens' Lounge Seating",
                "/browse/home/teens-lounge-seating/4044_1156136_1156142_1156147"
            ],
            [
                "Bean Bag Chairs",
                "/browse/home/bean-bag-chairs/4044_1154295_1155958_7203266_4850205"
            ],
            [
                "Shop All Kids' Furniture",
                "/browse/home/shop-all-kids-furniture/4044_1154295_1155958_5352796"
            ],
            [
                "Dorm Bedroom Furniture",
                "/browse/home/dorm-bedroom-furniture/4044_1225301_1225229_6830557"
            ],
            [
                "Adult & Teen Bean Bag Chairs",
                "/browse/home/adult-teen-bean-bag-chairs/4044_1154295_1155958_7203266_8496525"
            ],
            [
                "Kids' Bean Bag Chairs",
                "/browse/home/kids-bean-bag-chairs/4044_1154295_1155958_7203266_9269066"
            ],
            [
                "All Kids' Chairs",
                "/browse/home/all-kids-chairs/4044_1154295_1155958_7203266_9300235"
            ],
            [
                "Kids' Playroom",
                "/browse/home/kids-playroom/4044_1154295_9443108"
            ]
        ]
    },
    {
        "title": "Mainstays Faux Leather Bucket Accent Chair, Carbon",
        "url": "https://www.walmart.com/ip/Mainstays-Faux-Leather-Bucket-Accent-Chair-Carbon/741633200",
        "price": "$99.00",
        "stars": "4.6",
        "ratings": "226 ",
        "img": "i5.walmartimages.com/asr/d8b6b6e4-cac6-4e99-9c85-f5f304387c67_2.9114d1a9f21ebea35916e53b8dec42a3.jpeg?odnWidth=612&odnHeight=612&odnBg=ffffff",
        "tags": [
            [
                "Small living room ideas",
                "/browse/home/small-living-room-ideas/4044_1879527_9330810_2601656"
            ],
            [
                "Club Chairs",
                "/browse/home/club-chairs/4044_103150_4038_7389568_3956846"
            ],
            [
                "Tub Chairs",
                "/browse/home/tub-chairs/4044_103150_4038_7389568_5646191"
            ],
            [
                "Fabric Chairs",
                "/browse/home/fabric-chairs/4044_103150_4038_7389568_6223867"
            ],
            [
                "Black Accent Chairs",
                "/browse/home/black-accent-chairs/4044_103150_4038_7389568_7830651"
            ],
            [
                "Brown Accent Chairs",
                "/browse/home/brown-accent-chairs/4044_103150_4038_7389568_8145979"
            ],
            [
                "Gray Chairs",
                "/browse/home/gray-chairs/4044_103150_4038_7389568_8521141"
            ],
            [
                "Blue Chairs",
                "/browse/home/blue-chairs/4044_103150_4038_7389568_9108722"
            ]
        ]
    },
    {
        "title": "Step N' Sort 16-Gallon 2-Compartment Trash and Recycling Bin - Available in Multiple Colors.",
        "url": "https://www.walmart.com/ip/Step-N-Sort-16-Gallon-2-Compartment-Trash-and-Recycling-Bin-Available-in-Multiple-Colors/21474150",
        "price": "$89.98",
        "stars": "4.3",
        "ratings": "1043 ",
        "img": "i5.walmartimages.com/asr/56247270-849d-4257-ac3d-54d8a40913a0.3973298e2d78864df2f9693e895cc83b.jpeg?odnWidth=612&odnHeight=612&odnBg=ffffff",
        "tags": [
            [
                "13 Gallon Trash Cans",
                "/browse/home/13-gallon-trash-cans/4044_623679_1032619_1010739_3445585"
            ],
            [
                "Dorm Storage",
                "/browse/home/dorm-storage/4044_1225301_1225229_4364714"
            ],
            [
                "Step Trash Cans",
                "/browse/home/step-trash-cans/4044_623679_1032619_1010739_4589017"
            ],
            [
                "Hefty Trash Cans",
                "/browse/home/hefty-trash-cans/4044_623679_1032619_1010739_5587690"
            ],
            [
                "Dorm Room Essentials",
                "/browse/home/dorm-room-essentials/4044_1225301_1225229_7506721"
            ],
            [
                "simplehuman Trash Cans",
                "/browse/home/simplehuman-trash-cans/4044_623679_1032619_1010739_9608493"
            ],
            [
                "Stainless Steel Trash Cans",
                "/browse/home/stainless-steel-trash-cans/4044_623679_1032619_1010739_9688074"
            ],
            [
                "Dorm Dining & Hydration",
                "/browse/home/dorm-dining-hydration/4044_1225301_1225229_9951877"
            ]
        ]
    }
]