[
    {
        "title": "Ball, Freezer Jars, Plastic, Grey, 8 oz, 3 Count",
        "url": "https://www.walmart.com/ip/Ball-Freezer-Jars-Plastic-Grey-8-oz-3-Count/742188502",
        "price": "$5.97",
        "stars": "5.0",
        "ratings": "6 ",
        "img": "i5.walmartimages.com/asr/606ac79e-212a-4e21-a23a-47ad0a892a96_1.b2fe65a43fce5ca6a5d46bb46e8d6ac6.jpeg?odnWidth=612&odnHeight=612&odnBg=ffffff",
        "tags": [
            [
                "Coffee Storage",
                "/browse/home/coffee-storage/4044_623679_1032619_2669816"
            ],
            [
                "Shop All Food Storage Containers",
                "/browse/home/shop-all-food-storage-containers/4044_623679_1032619_5842891_2687119"
            ],
            [
                "Kitchen Canisters",
                "/browse/home/kitchen-canisters/4044_623679_1032619_5842891_2867332"
            ],
            [
                "Rubbermaid Food Storage",
                "/browse/home/rubbermaid-food-storage/4044_623679_1032619_5842891_3368294"
            ],
            [
                "Meal Prep Containers",
                "/browse/home/meal-prep-containers/4044_623679_1032619_5842891_8561628"
            ],
            [
                "Dorm Dining Essentials",
                "/browse/home/dorm-dining-essentials/4044_1225301_1225229_8079634_8700307"
            ],
            [
                "Mason Jars & Canning Supplies",
                "/browse/home/mason-jars-canning-supplies/4044_623679_1032619_9132650"
            ],
            [
                "Dorm Dining & Hydration",
                "/browse/home/dorm-dining-hydration/4044_1225301_1225229_9951877"
            ]
        ]
    },
    {
        "title": "Keurig K-Mini Plus Single Serve K-Cup Pod Coffee Maker, Black",
        "url": "https://www.walmart.com/ip/Keurig-K-Mini-Plus-Single-Serve-K-Cup-Pod-Coffee-Maker-Black/507544458",
        "price": "$99.99",
        "stars": "4.0",
        "ratings": "1089 ",
        "img": "",
        "tags": [
            [
                "Kitchen Appliances",
                "/browse/home/kitchen-appliances/4044_1225301_1225229_1225238_1230030"
            ],
            [
                "Single Serve Coffee Makers",
                "/browse/home/single-serve-coffee-makers/4044_90548_90546_1115306_3041068"
            ],
            [
                "Dorm Appliances",
                "/browse/home/dorm-appliances/4044_1225301_1225229_4267503"
            ],
            [
                "Small kitchen ideas",
                "/browse/home/small-kitchen-ideas/4044_1879527_9330810_4641057"
            ],
            [
                "Coffee Makers",
                "/browse/home/coffee-makers/4044_90548_90546_1115306_5438660"
            ],
            [
                "Dorm Room Essentials",
                "/browse/home/dorm-room-essentials/4044_1225301_1225229_7506721"
            ],
            [
                "Espresso Machines",
                "/browse/home/espresso-machines/4044_90548_90546_1115306_7534756"
            ],
            [
                "Hamilton Beach Coffee Makers",
                "/browse/home/hamilton-beach-coffee-makers/4044_90548_90546_1115306_8513960"
            ]
        ]
    },
    {
        "title": "Better Homes & Gardens Gallery 5\" x 7\" Matted for 3.5\" x 5\" Picture Frame, Black, Set of 4",
        "url": "https://www.walmart.com/ip/Better-Homes-Gardens-Gallery-5-x-7-Matted-for-3-5-x-5-Picture-Frame-Black-Set-of-4/43977479",
        "price": "$12.39",
        "stars": "4.7",
        "ratings": "100 ",
        "img": "",
        "tags": [
            [
                "Better Homes & Gardens Decor",
                "/browse/home/better-homes-gardens-decor/4044_133012_2786769"
            ],
            [
                "Oil Diffusers",
                "/browse/home/oil-diffusers/4044_133012_2622648_6662217"
            ],
            [
                "Picture Frames",
                "/browse/home/picture-frames/4044_133012_672579"
            ],
            [
                "Shop All Fall Decor",
                "/browse/home/shop-all-fall-decor/4044_2634414_9573311_6851606"
            ],
            [
                "Fall Candles",
                "/browse/home/fall-candles/4044_2634414_9573311_7123210"
            ],
            [
                "WoodWick Candles",
                "/browse/home/woodwick-candles/4044_133012_2622648_8397936"
            ],
            [
                "Candles",
                "/browse/home/candles/4044_133012_2622648_8500605"
            ],
            [
                "Shop All Wall Decor",
                "/browse/home/shop-all-wall-decor/4044_133012_5208936_922699"
            ]
        ]
    },
    {
        "title": "Gibson Home Decha 4-Piece 19 oz Mason Jar Glass Set, Glass",
        "url": "https://www.walmart.com/ip/Gibson-Home-Decha-4-Piece-19-oz-Mason-Jar-Glass-Set-Glass/36384250",
        "price": "$12.99",
        "stars": "4.6",
        "ratings": "95 ",
        "img": "i5.walmartimages.com/asr/6b834177-ec25-41b1-b1ec-79fb039f47d3_1.722f0f9a776049b7a9cf01b3c4dbd8dc.jpeg?odnWidth=612&odnHeight=612&odnBg=ffffff",
        "tags": [
            [
                "Mason Jars & Canning",
                "/browse/home/mason-jars-canning/4044_623679_133020_1105859"
            ],
            [
                "Drinkware",
                "/browse/home/drinkware/4044_1225301_1225229_1225238_1230037"
            ],
            [
                "Kitchen Wedding Registry",
                "/browse/home/kitchen-wedding-registry/4044_623679_3700962"
            ],
            [
                "Drinkware Sets",
                "/browse/home/drinkware-sets/4044_623679_639999_3148543_5970774"
            ],
            [
                "Mason Drinking Jars",
                "/browse/home/mason-drinking-jars/4044_623679_639999_3148543_8074362"
            ],
            [
                "Dorm Dining Essentials",
                "/browse/home/dorm-dining-essentials/4044_1225301_1225229_8079634_8700307"
            ],
            [
                "Mason Jars & Canning Supplies",
                "/browse/home/mason-jars-canning-supplies/4044_623679_1032619_9132650"
            ],
            [
                "Dorm Dining & Hydration",
                "/browse/home/dorm-dining-hydration/4044_1225301_1225229_9951877"
            ]
        ]
    },
    {
        "title": "Queen Size Bed Sheets Set by Nestl Bedding - Deep Pocket 4 Piece Bed Sheet Set - 1800 Hotel Luxury Soft Double Brushed Microfiber - Wrinkle, Fade, Stain Resistant - Hypoallergenic, Charcoal Gray",
        "url": "https://www.walmart.com/ip/Queen-Size-Bed-Sheets-Set-Nestl-Bedding-Deep-Pocket-4-Piece-Sheet-1800-Hotel-Luxury-Soft-Double-Brushed-Microfiber-Wrinkle-Fade-Stain-Resistant-Hypoa/799050610",
        "price": "$29.99",
        "stars": "4.8",
        "ratings": "5 ",
        "img": "i5.walmartimages.com/asr/4b868af0-99ed-447c-98af-2e8e5b100db7.f81c60815c0ef5ddd4eac924bd061fbd.jpeg?odnWidth=612&odnHeight=612&odnBg=ffffff",
        "tags": []
    },
    {
        "title": "Better Homes & Gardens Crushed Velvet Tufted Square Floor Cushion, Burgundy",
        "url": "https://www.walmart.com/ip/Better-Homes-Gardens-Crushed-Velvet-Tufted-Square-Floor-Cushion-Burgundy/567938229",
        "price": "$29.99",
        "stars": "4.8",
        "ratings": "41 ",
        "img": "i5.walmartimages.com/asr/ca6da3b2-3944-4f7a-9cc1-bdde106d8ae5_1.3ebacc5f71389e2ede1b357c2f8431ec.jpeg?odnWidth=612&odnHeight=612&odnBg=ffffff",
        "tags": [
            [
                "Decorative Throw Pillows",
                "/browse/home/decorative-throw-pillows/4044_133012_5991909_127715"
            ],
            [
                "Fall Pillows",
                "/browse/home/fall-pillows/4044_2634414_9573311_1790882"
            ],
            [
                "Teens' Decorative Pillows",
                "/browse/home/teens-decorative-pillows/4044_1156136_1156152_2440841"
            ],
            [
                "Shop All Kids' Decor",
                "/browse/home/shop-all-kids-decor/4044_1154295_1156072_2546143"
            ],
            [
                "Fall Indoor Decor",
                "/browse/home/fall-indoor-decor/4044_2634414_9573311_3931477"
            ],
            [
                "Shop All Fall Decor",
                "/browse/home/shop-all-fall-decor/4044_2634414_9573311_6851606"
            ],
            [
                "Dorm Decor",
                "/browse/home/dorm-decor/4044_1225301_1225229_7471338"
            ]
        ]
    },
    {
        "title": "Safavieh Madison Judith Geometric Floral Area Rug or Runner",
        "url": "https://www.walmart.com/ip/Safavieh-Madison-Judith-Geometric-Floral-Area-Rug-or-Runner/54481461",
        "price": "$27.80",
        "stars": "4.8",
        "ratings": "172 ",
        "img": "i5.walmartimages.com/asr/3f0229bf-45e5-483a-9cd4-0c99433ea81c_3.7279d80752afcb83ab97af2cf7b36445.jpeg?odnWidth=612&odnHeight=612&odnBg=ffffff",
        "tags": [
            [
                "Area Rugs for All Rooms",
                "/browse/home/area-rugs-for-all-rooms/4044_133012_110892_6718514_4001684_1541827"
            ],
            [
                "All Area Rug Shapes",
                "/browse/home/all-area-rug-shapes/4044_133012_110892_6718514_5047521_2067299"
            ],
            [
                "All Area Rug Brands",
                "/browse/home/all-area-rug-brands/4044_133012_110892_6718514_1798516_2632865"
            ],
            [
                "Area Rugs in All Patterns",
                "/browse/home/area-rugs-in-all-patterns/4044_133012_110892_6718514_6050557_3695557"
            ],
            [
                "Area Rugs in All Weaves",
                "/browse/home/area-rugs-in-all-weaves/4044_133012_110892_6718514_3462382_5727890"
            ],
            [
                "Area Rugs in All Colors",
                "/browse/home/area-rugs-in-all-colors/4044_133012_110892_6718514_1588657_6827320"
            ],
            [
                "Area Rugs in All Materials",
                "/browse/home/area-rugs-in-all-materials/4044_133012_110892_6718514_3513491_9396808"
            ],
            [
                "All Area Rug Sizes",
                "/browse/home/all-area-rug-sizes/4044_133012_110892_6718514_3167309_9543015"
            ]
        ]
    },
    {
        "title": "Better Homes & Gardens Damask Embroidered Throw Pillow, 20'' x 20'', Teal",
        "url": "https://www.walmart.com/ip/Better-Homes-Gardens-Damask-Embroidered-Throw-Pillow-20-x-20-Teal/518028348",
        "price": "$15.87",
        "stars": "4.9",
        "ratings": "41 ",
        "img": "i5.walmartimages.com/asr/903a7104-aad6-460c-9518-49fb51d97fa7_1.1439cba374f53ff4b5574ae0ec6fb93f.jpeg?odnWidth=612&odnHeight=612&odnBg=ffffff",
        "tags": [
            [
                "Decorative Throw Pillows",
                "/browse/home/decorative-throw-pillows/4044_133012_5991909_127715"
            ],
            [
                "Fall Pillows",
                "/browse/home/fall-pillows/4044_2634414_9573311_1790882"
            ],
            [
                "Better Homes & Gardens Decor",
                "/browse/home/better-homes-gardens-decor/4044_133012_2786769"
            ],
            [
                "Fall Indoor Decor",
                "/browse/home/fall-indoor-decor/4044_2634414_9573311_3931477"
            ],
            [
                "Christmas Throw Pillows",
                "/browse/home/christmas-throw-pillows/4044_2634414_7472650_5678379_4217243"
            ],
            [
                "Decorative Pillow Covers",
                "/browse/home/decorative-pillow-covers/4044_133012_5991909_5188883"
            ],
            [
                "Shop All Fall Decor",
                "/browse/home/shop-all-fall-decor/4044_2634414_9573311_6851606"
            ],
            [
                "Dorm Bedding",
                "/browse/home/dorm-bedding/4044_1225301_1225229_9830377"
            ]
        ]
    },
    {
        "title": "SodaStream Fountain Sparkling Water Maker (Grey) with CO2 and BPA free Bottle",
        "url": "https://www.walmart.com/ip/SodaStream-Fountain-Sparkling-Water-Maker-Grey-with-CO2-and-BPA-free-Bottle/209932236",
        "price": "$49.88",
        "stars": "4.0",
        "ratings": "267 ",
        "img": "i5.walmartimages.com/asr/3d49dc12-0e87-49e9-877c-546aa5c31a1f_1.1feb00589454f04b91ec4ae675bc417c.jpeg?odnWidth=612&odnHeight=612&odnBg=ffffff",
        "tags": [
            [
                "Specialty Appliance Parts & Accessories",
                "/browse/home/specialty-appliance-parts-accessories/4044_90548_90546_2971264_2630550"
            ],
            [
                "Dorm Appliances",
                "/browse/home/dorm-appliances/4044_1225301_1225229_4267503"
            ],
            [
                "Coffee Makers",
                "/browse/home/coffee-makers/4044_90548_90546_1115306_5438660"
            ],
            [
                "Soda Machines",
                "/browse/home/soda-machines/4044_90548_90546_6698961"
            ],
            [
                "Dorm Room Essentials",
                "/browse/home/dorm-room-essentials/4044_1225301_1225229_7506721"
            ],
            [
                "SodaStream Bottles",
                "/browse/home/sodastream-bottles/4044_90548_90546_2971264_7612333"
            ],
            [
                "KitchenAid Soda Makers",
                "/browse/home/kitchenaid-soda-makers/4044_1225301_8679660_7984769"
            ]
        ]
    },
    {
        "title": "Lucid Zippered Mattress Encasement Bed Bug and Waterproof Protector",
        "url": "https://www.walmart.com/ip/Lucid-Zippered-Mattress-Encasement-Bed-Bug-and-Waterproof-Protector/47961492",
        "price": "$26.99",
        "stars": "4.3",
        "ratings": "261 ",
        "img": "i5.walmartimages.com/asr/c6cc516b-c0f0-4755-95e5-98518599f7fb_2.a43ffe471f1d750867e595b295961fa5.jpeg?odnWidth=612&odnHeight=612&odnBg=ffffff",
        "tags": [
            [
                "Waterproof Mattress Protectors",
                "/browse/home/waterproof-mattress-protectors/4044_539103_8022801_1583426"
            ],
            [
                "Fitted Mattress Protectors",
                "/browse/home/fitted-mattress-protectors/4044_539103_8022801_2727861"
            ],
            [
                "Dorm Bedding Essentials",
                "/browse/home/dorm-bedding-essentials/4044_1225301_1225229_8079634_2857911"
            ],
            [
                "Mattress Protectors",
                "/browse/home/mattress-protectors/4044_103150_539386_4169411"
            ],
            [
                "Bed Bug Mattress Protectors",
                "/browse/home/bed-bug-mattress-protectors/4044_539103_8022801_5020852"
            ],
            [
                "Basic Mattress Pads & Protectors",
                "/browse/home/basic-mattress-pads-protectors/4044_539103_1095008_5670126"
            ],
            [
                "Mattress Covers & Protectors",
                "/browse/home/mattress-covers-protectors/4044_539103_7427099"
            ],
            [
                "Zippered Mattress Protectors",
                "/browse/home/zippered-mattress-protectors/4044_539103_8022801_8929600"
            ]
        ]
    }
]