[
    {
        "title": "100% Waterproof Mattress Protector - Premium Cotton Terry Bed Cover - Hypoallergenic Mattress Cover - Fitts Mattresses Up to 18 inch, Queen",
        "url": "https://www.walmart.com/ip/100-Waterproof-Mattress-Protector-Premium-Cotton-Terry-Bed-Cover-Hypoallergenic-Mattress-Cover-Fitts-Mattresses-Up-to-18-inch-Queen/885594735",
        "price": "$25.49",
        "stars": "4.7",
        "ratings": "26 ",
        "img": "i5.walmartimages.com/asr/2ce5d3a0-5b52-4eb3-9d6b-cab754c4a23d_1.cb253654dfc408080543eb36020a5539.jpeg?odnWidth=612&odnHeight=612&odnBg=ffffff",
        "tags": [
            [
                "Mattress Pads & Protectors & Toppers",
                "/browse/home/mattress-pads-protectors-toppers/4044_539103_133144"
            ],
            [
                "Waterproof Mattress Protectors",
                "/browse/home/waterproof-mattress-protectors/4044_539103_8022801_1583426"
            ],
            [
                "Cooling Mattress Protectors",
                "/browse/home/cooling-mattress-protectors/4044_539103_8022801_4168541"
            ],
            [
                "Mattress Protectors",
                "/browse/home/mattress-protectors/4044_103150_539386_4169411"
            ],
            [
                "Bed Bug Mattress Protectors",
                "/browse/home/bed-bug-mattress-protectors/4044_539103_8022801_5020852"
            ],
            [
                "Basic Mattress Pads & Protectors",
                "/browse/home/basic-mattress-pads-protectors/4044_539103_1095008_5670126"
            ],
            [
                "Twin Mattress Pads",
                "/browse/home/twin-mattress-pads/4044_539103_5947786_7046410"
            ],
            [
                "Zippered Mattress Protectors",
                "/browse/home/zippered-mattress-protectors/4044_539103_8022801_8929600"
            ]
        ]
    },
    {
        "title": "Atlantic Summit Wood Media Storage Shelf Bookcase, Multiple Sizes & Finishes",
        "url": "https://www.walmart.com/ip/Atlantic-Summit-Wood-Media-Storage-Shelf-Bookcase-Multiple-Sizes-Finishes/19766458",
        "price": "$44.99",
        "stars": "4.0",
        "ratings": "255 ",
        "img": "",
        "tags": [
            [
                "Speaker Stands",
                "/browse/home/speaker-stands/4044_103150_635499_1030579"
            ],
            [
                "Living Room",
                "/browse/home/living-room/4044_103150_1225290_1225291"
            ],
            [
                "Shelving",
                "/browse/home/shelving/4044_90828_163960"
            ],
            [
                "Black Bookcases & Bookshelves",
                "/browse/home/black-bookcases-bookshelves/4044_103150_97116_5154093"
            ],
            [
                "CD/DVD Storage",
                "/browse/home/cd-dvd-storage/4044_103150_635499_642099"
            ],
            [
                "White Bookcases & Bookshelves",
                "/browse/home/white-bookcases-bookshelves/4044_103150_97116_8660201"
            ],
            [
                "Wood Bookcases & Bookshelves",
                "/browse/home/wood-bookcases-bookshelves/4044_103150_97116_8880522"
            ],
            [
                "Bookcases & Bookshelves",
                "/browse/home/bookcases-bookshelves/4044_103150_97116_91849"
            ]
        ]
    },
    {
        "title": "Lifetime 30\" Personal Folding Tray Table, White Granite, 28241",
        "url": "https://www.walmart.com/ip/Lifetime-30-Personal-Folding-Tray-Table-White-Granite-28241/20690057",
        "price": "$44.40",
        "stars": "4.9",
        "ratings": "217 ",
        "img": "",
        "tags": [
            [
                "TV Tray Tables",
                "/browse/home/tv-tray-tables/4044_103150_4038_1043808"
            ],
            [
                "Kitchen & Dining",
                "/browse/home/kitchen-dining/4044_103150_1225290_1225294"
            ],
            [
                "Plastic Folding Tables",
                "/browse/home/plastic-folding-tables/4044_103150_4037_1370390_1371716_2193200"
            ],
            [
                "Small living room ideas",
                "/browse/home/small-living-room-ideas/4044_1879527_9330810_2601656"
            ],
            [
                "Folding Tables",
                "/browse/home/folding-tables/4044_103150_4037_2802813"
            ],
            [
                "Shop All Folding Tables",
                "/browse/home/shop-all-folding-tables/4044_103150_4037_1370390_1535004_3707189"
            ],
            [
                "Black Folding Tables",
                "/browse/home/black-folding-tables/4044_103150_4037_1370390_1535004_6388387"
            ],
            [
                "White Folding Tables",
                "/browse/home/white-folding-tables/4044_103150_4037_1370390_1535004_7425341"
            ]
        ]
    },
    {
        "title": "[Free Trial]Morpilot 10 inch Memory Foam/spring Mattress in a Box, Breathable Bed Mattress with CertiPUR-US Certified Foam for Sleep Supportive & Pressure Relief, 10 Year Warranty",
        "url": "https://www.walmart.com/ip/Free-Trial-Morpilot-10-inch-Memory-Foam-spring-Mattress-Box-Breathable-Bed-CertiPUR-US-Certified-Foam-Sleep-Supportive-Pressure-Relief-Year-Warranty/868278282",
        "price": "$249.99",
        "stars": "4.4",
        "ratings": "75 ",
        "img": "i5.walmartimages.com/asr/d07634bc-f0ab-4cca-a402-d4d935174881_1.9f1a5d1e78fa6b8fdbee96a40a96f229.jpeg?odnWidth=612&odnHeight=612&odnBg=ffffff",
        "tags": [
            [
                "Hybrid Mattresses",
                "/browse/home/hybrid-mattresses/4044_103150_539386_1231583"
            ],
            [
                "California King Mattresses",
                "/browse/home/california-king-mattresses/4044_103150_539386_9682013_1554425"
            ],
            [
                "Full Mattresses",
                "/browse/home/full-mattresses/4044_103150_539386_9682013_1872812"
            ],
            [
                "Medium Firm Mattresses",
                "/browse/home/medium-firm-mattresses/4044_1225301_7738457_6007208"
            ],
            [
                "King Mattresses",
                "/browse/home/king-mattresses/4044_103150_539386_9682013_7117230"
            ],
            [
                "Queen Mattresses",
                "/browse/home/queen-mattresses/4044_103150_539386_9682013_7235340"
            ],
            [
                "Shop All Mattresses by Comfort Level",
                "/browse/home/shop-all-mattresses-by-comfort-level/4044_103150_539386_8574778_7747247"
            ],
            [
                "Firm Mattresses",
                "/browse/home/firm-mattresses/4044_1225301_7738457_8955250"
            ]
        ]
    },
    {
        "title": "Hodedah 5-Shelf Bookcase, Cherry",
        "url": "https://www.walmart.com/ip/Hodedah-5-Shelf-Bookcase-Cherry/55609119",
        "price": "$54.99",
        "stars": "4.0",
        "ratings": "98 ",
        "img": "i5.walmartimages.com/asr/7f6355e1-4cfa-4f95-b799-3e34c811dbfd_1.e5ab13b8dc5d4259c3aee6904d380b03.jpeg?odnWidth=612&odnHeight=612&odnBg=ffffff",
        "tags": [
            [
                "Study Room",
                "/browse/home/study-room/4044_103150_1225290_1225292"
            ],
            [
                "Black Bookcases & Bookshelves",
                "/browse/home/black-bookcases-bookshelves/4044_103150_97116_5154093"
            ],
            [
                "Cube Storage Bookcases & Bookshelves",
                "/browse/home/cube-storage-bookcases-bookshelves/4044_103150_97116_5850764"
            ],
            [
                "Kids' Bedroom Furniture",
                "/browse/home/kids-bedroom-furniture/4044_1154295_1155958_6205060"
            ],
            [
                "Small Space Desks & Office Furniture",
                "/browse/home/small-space-desks-office-furniture/4044_103150_2880259_6932446"
            ],
            [
                "White Office Furniture",
                "/browse/home/white-office-furniture/4044_103150_97116_7165397"
            ],
            [
                "White Bookcases & Bookshelves",
                "/browse/home/white-bookcases-bookshelves/4044_103150_97116_8660201"
            ],
            [
                "Wood Bookcases & Bookshelves",
                "/browse/home/wood-bookcases-bookshelves/4044_103150_97116_8880522"
            ]
        ]
    },
    {
        "title": "Winsome Wood Beechwood Foldable Lap Desk/Bed Tray",
        "url": "https://www.walmart.com/ip/Winsome-Wood-Beechwood-Foldable-Lap-Desk-Bed-Tray/16503524",
        "price": "$19.00",
        "stars": "4.5",
        "ratings": "142 ",
        "img": "i5.walmartimages.com/asr/3f0f821a-b76a-4fa1-bb43-65a1e286cd21_1.bcaa70eb0f3bf571dc26dc2316575bab.jpeg?odnWidth=612&odnHeight=612&odnBg=ffffff",
        "tags": [
            [
                "Folding Tables & Chairs",
                "/browse/home/folding-tables-chairs/4044_103150_97116_1026080"
            ],
            [
                "Small living room ideas",
                "/browse/home/small-living-room-ideas/4044_1879527_9330810_2601656"
            ],
            [
                "Folding Tables",
                "/browse/home/folding-tables/4044_103150_4037_2802813"
            ],
            [
                "Shop All Folding Tables",
                "/browse/home/shop-all-folding-tables/4044_103150_4037_1370390_1535004_3707189"
            ],
            [
                "Wood Folding Tables",
                "/browse/home/wood-folding-tables/4044_103150_4037_1370390_1371716_6631447"
            ],
            [
                "Serving Platters & Trays",
                "/browse/home/serving-platters-trays/4044_623679_639999_2347672_7413764"
            ],
            [
                "White Folding Tables",
                "/browse/home/white-folding-tables/4044_103150_4037_1370390_1535004_7425341"
            ]
        ]
    },
    {
        "title": "Set of 5 Plastic Stack Stools for Kids Classroom Seating for Home Kitchen Garden",
        "url": "https://www.walmart.com/ip/Set-of-5-Plastic-Stack-Stools-for-Kids-Classroom-Seating-for-Home-Kitchen-Garden/468474677",
        "price": "$39.99",
        "stars": "4.7",
        "ratings": "6 ",
        "img": "i5.walmartimages.com/asr/b4dd66dd-5b8e-4f36-bd82-64339b3fbe8c_1.9c496e622fc7e06e948dea5682e2feb6.jpeg?odnWidth=612&odnHeight=612&odnBg=ffffff",
        "tags": [
            [
                "Kids' Chairs & Seating",
                "/browse/home/kids-chairs-seating/4044_1154295_1155958_1156032"
            ],
            [
                "Metal Bar Stools",
                "/browse/home/metal-bar-stools/4044_103150_4037_8102642_2377521"
            ],
            [
                "Armless Bar Stools",
                "/browse/home/armless-bar-stools/4044_103150_4037_8102642_2417895"
            ],
            [
                "Small office ideas",
                "/browse/home/small-office-ideas/4044_1879527_9330810_2563463"
            ],
            [
                "Shop All Bar Stools & Counter Stools",
                "/browse/home/shop-all-bar-stools-counter-stools/4044_103150_4037_8102642_5435701"
            ],
            [
                "White Bar Stools",
                "/browse/home/white-bar-stools/4044_103150_4037_8102642_7285770"
            ],
            [
                "Backless Bar Stools",
                "/browse/home/backless-bar-stools/4044_103150_4037_8102642_7954723"
            ],
            [
                "Blue Bar Stools",
                "/browse/home/blue-bar-stools/4044_103150_4037_8102642_8018094"
            ]
        ]
    },
    {
        "title": "Pragma Bed Headboard/Footboard Brackets, 2-Pack",
        "url": "https://www.walmart.com/ip/Pragma-Bed-Headboard-Footboard-Brackets-2-Pack/26603056",
        "price": "$9.33",
        "stars": "3.8",
        "ratings": "99 ",
        "img": "i5.walmartimages.com/asr/191395cf-d1c5-4f09-bcb1-5ce9ffb425c6_1.ced86bbf0280263a61d1904406219563.jpeg?odnWidth=612&odnHeight=612&odnBg=ffffff",
        "tags": [
            [
                "Platform Bed Frames",
                "/browse/home/platform-bed-frames/4044_103150_102547_1612901_2129680"
            ],
            [
                "Shop all Bed Frames",
                "/browse/home/shop-all-bed-frames/4044_103150_102547_2727648"
            ],
            [
                "Queen Bed Frames",
                "/browse/home/queen-bed-frames/4044_103150_102547_1612901_3670601"
            ],
            [
                "Shop all Headboards",
                "/browse/home/shop-all-headboards/4044_103150_102547_2705136_5759592"
            ],
            [
                "King Bed Frames",
                "/browse/home/king-bed-frames/4044_103150_102547_1612901_6810753"
            ],
            [
                "Full Bed Frames",
                "/browse/home/full-bed-frames/4044_103150_102547_1612901_7561545"
            ],
            [
                "Metal Bed Frames",
                "/browse/home/metal-bed-frames/4044_103150_102547_1612901_7728882"
            ]
        ]
    },
    {
        "title": "OFM Essentials Collection Armless Leather Desk Chair, in Black (ESS-6005-BLK)",
        "url": "https://www.walmart.com/ip/OFM-Essentials-Collection-Armless-Leather-Desk-Chair-in-Black-ESS-6005-BLK/253903830",
        "price": "$78.22",
        "stars": "4.6",
        "ratings": "79 ",
        "img": "i5.walmartimages.com/asr/7928eb7f-aef0-494d-ba88-0af75b817d03_1.d912ee55ebcc0164c176223c7bcbd784.jpeg?odnWidth=612&odnHeight=612&odnBg=ffffff",
        "tags": [
            [
                "Teens' Desks",
                "/browse/home/teens-desks/4044_1156136_1156142_1156145"
            ],
            [
                "Dorm Study Furniture",
                "/browse/home/dorm-study-furniture/4044_1225301_1225229_1385016"
            ],
            [
                "Small office ideas",
                "/browse/home/small-office-ideas/4044_1879527_9330810_2563463"
            ],
            [
                "Executive Office Chairs",
                "/browse/home/executive-office-chairs/4044_103150_97116_3896177"
            ],
            [
                "Teens' Desk Chairs",
                "/browse/home/teens-desk-chairs/4044_1156136_1156142_5845507"
            ],
            [
                "White Office Furniture",
                "/browse/home/white-office-furniture/4044_103150_97116_7165397"
            ],
            [
                "Office Chairs",
                "/browse/home/office-chairs/4044_103150_97116_91853"
            ],
            [
                "Commercial Office Furniture",
                "/browse/home/commercial-office-furniture/4044_103150_97116_1071224_9864245"
            ]
        ]
    },
    {
        "title": "Seville Classics AIRLIFT XL Sit-Stand Mobile Desk",
        "url": "https://www.walmart.com/ip/Seville-Classics-AIRLIFT-XL-Sit-Stand-Mobile-Desk/415374285",
        "price": "$309.39",
        "stars": "4.8",
        "ratings": "6 ",
        "img": "i5.walmartimages.com/asr/f9da91f3-f488-4d47-9cd7-8d74403bc89f_1.a57b4076f0bd5d766f3fe8f8ffa6d101.jpeg?odnWidth=612&odnHeight=612&odnBg=ffffff",
        "tags": [
            [
                "Printer & Machine Stands",
                "/browse/home/printer-machine-stands/4044_103150_97116_1043800"
            ],
            [
                "Shop All Storage Baskets & Bins",
                "/browse/home/shop-all-storage-baskets-bins/4044_90828_1230055_163961"
            ],
            [
                "Fabric Baskets & Bins",
                "/browse/home/fabric-baskets-bins/4044_90828_1230055_7593658"
            ],
            [
                "Hard Floor Chair Mats",
                "/browse/home/hard-floor-chair-mats/4044_103150_97116_8918468_7817160"
            ],
            [
                "White Bookcases & Bookshelves",
                "/browse/home/white-bookcases-bookshelves/4044_103150_97116_8660201"
            ],
            [
                "Carpet Chair Mats",
                "/browse/home/carpet-chair-mats/4044_103150_97116_8918468_8990247"
            ],
            [
                "Storage Bins",
                "/browse/home/storage-bins/4044_90828_1230055_9867281"
            ]
        ]
    }
]