[
    {
        "title": "Badger Basket Combo Bin Storage Unit with 3 Baskets, White",
        "url": "https://www.walmart.com/ip/Badger-Basket-Combo-Bin-Storage-Unit-with-3-Baskets-White/41066105",
        "price": "$125.99",
        "stars": "4.4",
        "ratings": "78 ",
        "img": "i5.walmartimages.com/asr/2d2addc7-f6a1-4db3-88e9-bcae6459a2f6_3.200e2257b95c0e16c7ba389eb4c37e67.jpeg?odnWidth=612&odnHeight=612&odnBg=ffffff",
        "tags": [
            [
                "Toy Storage",
                "/browse/home/toy-storage/4044_90828_2523133_1798234"
            ],
            [
                "Kids' Storage Bins",
                "/browse/home/kids-storage-bins/4044_90828_2523133_2558841"
            ],
            [
                "Kids Bookcases & Bookshelves",
                "/browse/home/kids-bookcases-bookshelves/4044_90828_2523133_4654094"
            ],
            [
                "Decorative Storage Boxes",
                "/browse/home/decorative-storage-boxes/4044_90828_1230055_5137026"
            ],
            [
                "Toy Organizers",
                "/browse/home/toy-organizers/4044_90828_2523133_6541275"
            ],
            [
                "Kids' Storage",
                "/browse/home/kids-storage/4044_1154295_673059"
            ],
            [
                "Shop All Kids' Storage",
                "/browse/home/shop-all-kids-storage/4044_90828_2523133_7142851"
            ],
            [
                "Teens' Storage",
                "/browse/home/teens-storage/4044_1156136_8381926"
            ]
        ]
    },
    {
        "title": "Safavieh Florida Merrick Floral Shag Area Rug or Runner",
        "url": "https://www.walmart.com/ip/Safavieh-Florida-Merrick-Floral-Shag-Area-Rug-or-Runner/39846798",
        "price": "$51.18",
        "stars": "4.3",
        "ratings": "13 ",
        "img": "i5.walmartimages.com/asr/212657ec-fc4f-4d8e-bebb-77be961b8f67_5.3f935a505ed6a454de145c8225d350b7.jpeg?odnWidth=612&odnHeight=612&odnBg=ffffff",
        "tags": [
            [
                "6' x 9' Area Rugs",
                "/browse/home/6-x-9-area-rugs/4044_133012_110892_6718514_3167309_1427410"
            ],
            [
                "Safavieh Area Rugs",
                "/browse/home/safavieh-area-rugs/4044_133012_110892_6718514_1798516_1441915"
            ],
            [
                "9' x 12' Area Rugs",
                "/browse/home/9-x-12-area-rugs/4044_133012_110892_6718514_3167309_2663366"
            ],
            [
                "Contemporary Area Rugs",
                "/browse/home/contemporary-area-rugs/4044_133012_110892_6718514_4513083_3306134"
            ],
            [
                "Square Rugs",
                "/browse/home/square-rugs/4044_133012_110892_6718514_5047521_5523901"
            ],
            [
                "Area Rugs Over 9' x 12'",
                "/browse/home/area-rugs-over-9-x-12/4044_133012_110892_6718514_3167309_7234190"
            ],
            [
                "Bedroom Rugs",
                "/browse/home/bedroom-rugs/4044_133012_110892_6718514_4001684_9316715"
            ],
            [
                "Shaggy Area Rugs",
                "/browse/home/shaggy-area-rugs/4044_133012_110892_6718514_3462382_9761644"
            ]
        ]
    },
    {
        "title": "Student Task Chair, Multiple Colors",
        "url": "https://www.walmart.com/ip/Student-Task-Chair-Multiple-Colors/14706107",
        "price": "$53.14",
        "stars": "4.4",
        "ratings": "220 ",
        "img": "i5.walmartimages.com/asr/1cc54d74-8151-4325-bdc7-c8d97bb1da7c_1.3638223d87a1853fa91a40f7b609f141.jpeg?odnWidth=612&odnHeight=612&odnBg=ffffff",
        "tags": [
            [
                "Teens' Desks",
                "/browse/home/teens-desks/4044_1156136_1156142_1156145"
            ],
            [
                "Study Room",
                "/browse/home/study-room/4044_103150_1225290_1225292"
            ],
            [
                "Ergonomic Chairs",
                "/browse/home/ergonomic-chairs/4044_103150_97116_5177400"
            ],
            [
                "Teens' Desk Chairs",
                "/browse/home/teens-desk-chairs/4044_1156136_1156142_5845507"
            ],
            [
                "White Office Furniture",
                "/browse/home/white-office-furniture/4044_103150_97116_7165397"
            ],
            [
                "Office Chairs",
                "/browse/home/office-chairs/4044_103150_97116_91853"
            ],
            [
                "All Kids' Chairs",
                "/browse/home/all-kids-chairs/4044_1154295_1155958_7203266_9300235"
            ],
            [
                "Commercial Office Furniture",
                "/browse/home/commercial-office-furniture/4044_103150_97116_1071224_9864245"
            ]
        ]
    },
    {
        "title": "100% Cotton 6-Piece Towel Set - Absorbent and Fade Resistant Bath Towels Set (White)",
        "url": "https://www.walmart.com/ip/100-Cotton-6-Piece-Towel-Set-Absorbent-and-Fade-Resistant-Bath-Towels-Set-White/362354485",
        "price": "$29.99",
        "stars": "3.8",
        "ratings": "30 ",
        "img": "i5.walmartimages.com/asr/803e5269-fb18-45a8-97be-d47821218ed4.9fb75dc7a0cbbd1bf2665226a63d8d43.jpeg?odnWidth=612&odnHeight=612&odnBg=ffffff",
        "tags": [
            [
                "Bath Towels",
                "/browse/home/bath-towels/4044_539095_7211899_1030320"
            ],
            [
                "Bath Towel Sets",
                "/browse/home/bath-towel-sets/4044_539095_7211899_1350842"
            ],
            [
                "Shop All Bath Towels",
                "/browse/home/shop-all-bath-towels/4044_539095_7211899_2665582"
            ],
            [
                "Bath Sheets",
                "/browse/home/bath-sheets/4044_539095_7211899_3917301"
            ],
            [
                "Dorm Bundles",
                "/browse/home/dorm-bundles/4044_1225301_1225229_5830926"
            ],
            [
                "Dorm Bath Essentials",
                "/browse/home/dorm-bath-essentials/4044_1225301_1225229_8079634_7293738"
            ],
            [
                "Hand Towels",
                "/browse/home/hand-towels/4044_539095_7211899_8928938"
            ],
            [
                "Teens' Bathroom",
                "/browse/home/teens-bathroom/4044_1156136_9411830"
            ]
        ]
    },
    {
        "title": "Puredown All Season Reversible Down Alternative Black/Red Plaid 3-Piece Comforter Set, Full/Queen",
        "url": "https://www.walmart.com/ip/Puredown-All-Season-Reversible-Down-Alternative-Black-Red-Plaid-3-Piece-Comforter-Set-Full-Queen/493421685",
        "price": "$32.99",
        "stars": 0,
        "ratings": 0,
        "img": "i5.walmartimages.com/asr/e65c78f0-b9ff-4da5-86bc-394e2c87cc55_2.be4399a0530da20c41818377a23b05e6.jpeg?odnWidth=612&odnHeight=612&odnBg=ffffff",
        "tags": [
            [
                "Decorative Pillow Inserts",
                "/browse/home/decorative-pillow-inserts/4044_133012_5991909_1848168"
            ],
            [
                "Cotton Comforters",
                "/browse/home/cotton-comforters/4044_539103_1995847_2178785"
            ],
            [
                "Twin Comforters",
                "/browse/home/twin-comforters/4044_539103_1995847_2480642"
            ],
            [
                "White Comforters",
                "/browse/home/white-comforters/4044_539103_1995847_2605452"
            ],
            [
                "Down Comforters & Duvets",
                "/browse/home/down-comforters-duvets/4044_539103_1095008_2750488"
            ],
            [
                "Better Homes & Gardens Bedding",
                "/browse/home/better-homes-gardens-bedding/4044_539103_3391578"
            ],
            [
                "Down Alternative Comforters",
                "/browse/home/down-alternative-comforters/4044_539103_1095008_4384332"
            ],
            [
                "Down & Down Alternative Comforters",
                "/browse/home/down-down-alternative-comforters/4044_539103_1095008_6184046"
            ]
        ]
    },
    {
        "title": "Yaheetech Computer Study Student Desk Laptop Table with Drawer Home Office Furniture",
        "url": "https://www.walmart.com/ip/Yaheetech-Computer-Study-Student-Desk-Laptop-Table-with-Drawer-Home-Office-Furniture/887969097",
        "price": "$139.99",
        "stars": "4.0",
        "ratings": "17 ",
        "img": "",
        "tags": [
            [
                "Computer Desks",
                "/browse/home/computer-desks/4044_103150_97116_91851_2756086_1681587"
            ],
            [
                "Top Rated Desks",
                "/browse/home/top-rated-desks/4044_103150_97116_91851_3261462"
            ],
            [
                "Writing Desks",
                "/browse/home/writing-desks/4044_103150_97116_5851909"
            ],
            [
                "Wood Desks",
                "/browse/home/wood-desks/4044_103150_97116_6334695"
            ],
            [
                "White Desks",
                "/browse/home/white-desks/4044_103150_97116_91851_5127598_7354762"
            ],
            [
                "Desks with Drawers",
                "/browse/home/desks-with-drawers/4044_103150_97116_91851_9597564_7826428"
            ],
            [
                "Modern Desks",
                "/browse/home/modern-desks/4044_103150_97116_91851_2775109_9891314"
            ]
        ]
    },
    {
        "title": "Noble Linens 4-Piece Sheet Set \u2013 Polka Dot Patterned",
        "url": "https://www.walmart.com/ip/Noble-Linens-4-Piece-Sheet-Set-Polka-Dot-Patterned/532350066",
        "price": "$39.65",
        "stars": "4.3",
        "ratings": "13 ",
        "img": "i5.walmartimages.com/asr/5174b5a2-4bcc-4545-8b68-3847a558e825_4.2899101285c54ae9711b1d19ece25b31.jpeg?odnWidth=612&odnHeight=612&odnBg=ffffff",
        "tags": [
            [
                "Cotton Sheets",
                "/browse/home/cotton-sheets/4044_539103_5055527_1534808"
            ],
            [
                "Twin Sheets",
                "/browse/home/twin-sheets/4044_539103_5055527_2647631"
            ],
            [
                "Microfiber Sheets",
                "/browse/home/microfiber-sheets/4044_539103_5055527_2660867"
            ],
            [
                "King Sheets",
                "/browse/home/king-sheets/4044_539103_5055527_4178254"
            ],
            [
                "Queen Sheets",
                "/browse/home/queen-sheets/4044_539103_5055527_7356834"
            ],
            [
                "Full Sheets",
                "/browse/home/full-sheets/4044_539103_5055527_8485867"
            ],
            [
                "California King Sheets",
                "/browse/home/california-king-sheets/4044_539103_5055527_9414335"
            ],
            [
                "Warm & Cozy Sheets",
                "/browse/home/warm-cozy-sheets/4044_539103_5055527_9461375"
            ]
        ]
    },
    {
        "title": "AOACreations Soft Non Slip Memory Foam Bathroom Bath Mat Rug 2 PC Set",
        "url": "https://www.walmart.com/ip/AOACreations-Soft-Non-Slip-Memory-Foam-Bathroom-Bath-Mat-Rug-2-PC-Set/177714710",
        "price": "$17.99",
        "stars": "4.2",
        "ratings": "21 ",
        "img": "i5.walmartimages.com/asr/792883c5-25d4-46af-8384-3beb8f434d42_1.85fc9baf8d4664c97546aff244803d0e.jpeg?odnWidth=612&odnHeight=612&odnBg=ffffff",
        "tags": [
            [
                "Teens' Bath Mats",
                "/browse/home/teens-bath-mats/4044_1156136_1156137_1156139"
            ],
            [
                "Bathroom Rugs",
                "/browse/home/bathroom-rugs/4044_539095_920259_2453408"
            ],
            [
                "Dorm Bath & Laundry",
                "/browse/home/dorm-bath-laundry/4044_1225301_1225229_3339158"
            ],
            [
                "Memory Foam Bath Mats",
                "/browse/home/memory-foam-bath-mats/4044_539095_920259_4950967"
            ],
            [
                "Fashion Bath Rugs",
                "/browse/home/fashion-bath-rugs/4044_539095_920259_6268946"
            ],
            [
                "Kids' Bath Rugs",
                "/browse/home/kids-bath-rugs/4044_539095_5586777_6667078"
            ],
            [
                "Non-Slip Bath Mats",
                "/browse/home/non-slip-bath-mats/4044_539095_920259_6970794"
            ],
            [
                "Teens' Bathroom",
                "/browse/home/teens-bathroom/4044_1156136_9411830"
            ]
        ]
    },
    {
        "title": "Mari 3pc Comforter Set, Stonewashed Pinch Pleat Bed Cover Dark Purple | Queen Size Bed",
        "url": "https://www.walmart.com/ip/Mari-3pc-Comforter-Set-Stonewashed-Pinch-Pleat-Bed-Cover-Dark-Purple-Queen-Size-Bed/948513321",
        "price": "$56.88",
        "stars": "3.7",
        "ratings": "10 ",
        "img": "i5.walmartimages.com/asr/a3e2ffb5-f022-4603-913b-62f5cc9eea56_3.5915c953efee88680bd5d0149a51f3ad.jpeg?odnWidth=612&odnHeight=612&odnBg=ffffff",
        "tags": [
            [
                "Teens' Comforters Sets",
                "/browse/home/teens-comforters-sets/4044_1156136_1156157_1230003"
            ],
            [
                "Pink Comforters",
                "/browse/home/pink-comforters/4044_539103_1995847_1686918"
            ],
            [
                "Grey Comforters",
                "/browse/home/grey-comforters/4044_539103_1995847_2463602"
            ],
            [
                "King Comforters",
                "/browse/home/king-comforters/4044_539103_1995847_3633923"
            ],
            [
                "Comforters",
                "/browse/home/comforters/4044_539103_4754"
            ],
            [
                "Down & Down Alternative Comforters",
                "/browse/home/down-down-alternative-comforters/4044_539103_1095008_6184046"
            ],
            [
                "Blue Comforters",
                "/browse/home/blue-comforters/4044_539103_1995847_7238240"
            ],
            [
                "Purple Comforters",
                "/browse/home/purple-comforters/4044_539103_1995847_8836392"
            ]
        ]
    },
    {
        "title": "Truly Soft Everyday Hotel Border White and Black 7 Piece Full / Queen Comforter Set",
        "url": "https://www.walmart.com/ip/Truly-Soft-Everyday-Hotel-Border-White-and-Black-7-Piece-Full-Queen-Comforter-Set/739514410",
        "price": "$61.53",
        "stars": "4.4",
        "ratings": "18 ",
        "img": "i5.walmartimages.com/asr/5864a39b-2dc9-475b-9762-17dbd83d2b36_1.271679e4b451ad4820f0a99f2eb3e706.jpeg?odnWidth=612&odnHeight=612&odnBg=ffffff",
        "tags": [
            [
                "Teens' Bedding Sets",
                "/browse/home/teens-bedding-sets/4044_1156136_1156157_1156162"
            ],
            [
                "Teens' Comforters Sets",
                "/browse/home/teens-comforters-sets/4044_1156136_1156157_1230003"
            ],
            [
                "Grey Comforters",
                "/browse/home/grey-comforters/4044_539103_1995847_2463602"
            ],
            [
                "Shop All Teens' Bedding",
                "/browse/home/shop-all-teens-bedding/4044_1156136_1156157_2716120"
            ],
            [
                "Bed-in-a-Bag Sets",
                "/browse/home/bed-in-a-bag-sets/4044_539103_9474113_3388004"
            ],
            [
                "King Comforters",
                "/browse/home/king-comforters/4044_539103_1995847_3633923"
            ],
            [
                "Comforters",
                "/browse/home/comforters/4044_539103_4754"
            ],
            [
                "Comforter Sets",
                "/browse/home/comforter-sets/4044_539103_9474113_5287544"
            ]
        ]
    }
]