[
    {
        "title": "Modern Sleep Gramercy Euro-Top Cool Gel Memory Foam and Innerspring Hybrid 14-Inch Mattress, Multiple Sizes",
        "url": "https://www.walmart.com/ip/Modern-Sleep-Gramercy-Euro-Top-Cool-Gel-Memory-Foam-and-Innerspring-Hybrid-14-Inch-Mattress-Multiple-Sizes/40120123",
        "price": "$380.88",
        "stars": "4.3",
        "ratings": "76 ",
        "img": "",
        "tags": [
            [
                "California King Mattresses",
                "/browse/home/california-king-mattresses/4044_103150_539386_9682013_1554425"
            ],
            [
                "Full Mattresses",
                "/browse/home/full-mattresses/4044_103150_539386_9682013_1872812"
            ],
            [
                "Shop All Mattresses by Brand",
                "/browse/home/shop-all-mattresses-by-brand/4044_103150_539386_8871501_5055269"
            ],
            [
                "Twin-XL Mattresses",
                "/browse/home/twin-xl-mattresses/4044_103150_539386_9682013_5191936"
            ],
            [
                "King Mattresses",
                "/browse/home/king-mattresses/4044_103150_539386_9682013_7117230"
            ],
            [
                "Kids' Mattresses",
                "/browse/home/kids-mattresses/4044_103150_539386_7177070"
            ],
            [
                "Queen Mattresses",
                "/browse/home/queen-mattresses/4044_103150_539386_9682013_7235340"
            ],
            [
                "Mattresses",
                "/browse/home/mattresses/4044_103150_539386_927959"
            ]
        ]
    },
    {
        "title": "Hillsdale Furniture Metal Full/Queen Headboard Only Frame, Black",
        "url": "https://www.walmart.com/ip/Hillsdale-Furniture-Metal-Full-Queen-Headboard-Only-Frame-Black/15940611",
        "price": "$59.33",
        "stars": "4.5",
        "ratings": "10 ",
        "img": "i5.walmartimages.com/asr/4636f324-8cf7-4d60-878d-485f070e5ba4.4970a1a6ae83675ad6337ef968fd1ebf.jpeg?odnWidth=612&odnHeight=612&odnBg=ffffff",
        "tags": [
            [
                "Twin Bed Frames",
                "/browse/home/twin-bed-frames/4044_103150_102547_1612901_1936776"
            ],
            [
                "Platform Bed Frames",
                "/browse/home/platform-bed-frames/4044_103150_102547_1612901_2129680"
            ],
            [
                "Shop all Bed Frames",
                "/browse/home/shop-all-bed-frames/4044_103150_102547_2727648"
            ],
            [
                "Queen Bed Frames",
                "/browse/home/queen-bed-frames/4044_103150_102547_1612901_3670601"
            ],
            [
                "California King Bed Frames",
                "/browse/home/california-king-bed-frames/4044_103150_102547_1612901_6889818"
            ],
            [
                "Full Bed Frames",
                "/browse/home/full-bed-frames/4044_103150_102547_1612901_7561545"
            ],
            [
                "Metal Bed Frames",
                "/browse/home/metal-bed-frames/4044_103150_102547_1612901_7728882"
            ],
            [
                "Twin XL Bed Frames",
                "/browse/home/twin-xl-bed-frames/4044_103150_102547_1612901_9148467"
            ]
        ]
    },
    {
        "title": "Furinno 2-inch HD Gel-Infused Foam Mattress Topper, Firm",
        "url": "https://www.walmart.com/ip/Furinno-2-inch-HD-Gel-Infused-Foam-Mattress-Topper-Firm/701764302",
        "price": "$42.97",
        "stars": "3.4",
        "ratings": "19 ",
        "img": "i5.walmartimages.com/asr/a82c6b79-48c2-40c5-80f3-67aaa1de5740_1.f53aa17c647e742aac6f230fcee00752.jpeg?odnWidth=612&odnHeight=612&odnBg=ffffff",
        "tags": [
            [
                "Backyard Camping",
                "/browse/health/backyard-camping/976760_7324011_8853385_2761005"
            ],
            [
                "Children's",
                "/browse/health/childrens/976760_9035881_7276940_3756988"
            ],
            [
                "Flu Shop",
                "/browse/flu-shop/976760_3790146"
            ],
            [
                "Basic Bedding",
                "/browse/health/basic-bedding/976760_9035881_9855629_4479476"
            ],
            [
                "Equate Wart Removers",
                "/browse/health/equate-wart-removers/976760_9602210_4542968"
            ],
            [
                "Amerigroup OTC",
                "/browse/health/amerigroup-otc/976760_7242297_8607061"
            ],
            [
                "Health & Wellness Private Brands",
                "/browse/health-wellness-private-brands/976760_9358347"
            ],
            [
                "Breathe Easy",
                "/browse/health/breathe-easy/976760_9035881_9642343"
            ]
        ]
    },
    {
        "title": "Guardmax Bed Bug Mattress Protector Cover Zippered Waterproof Encasement Full",
        "url": "https://www.walmart.com/ip/Guardmax-Bed-Bug-Mattress-Protector-Cover-Zippered-Waterproof-Encasement-Full/122671203",
        "price": "$29.99",
        "stars": "4.8",
        "ratings": "9 ",
        "img": "i5.walmartimages.com/asr/1559b266-6faa-4c89-a224-05615df5556a_1.0affcf6d7be9a89e1a7d353bfe1da503.jpeg?odnWidth=612&odnHeight=612&odnBg=ffffff",
        "tags": [
            [
                "Mattress Pads & Protectors & Toppers",
                "/browse/home/mattress-pads-protectors-toppers/4044_539103_133144"
            ],
            [
                "Waterproof Mattress Protectors",
                "/browse/home/waterproof-mattress-protectors/4044_539103_8022801_1583426"
            ],
            [
                "Dorm Bedding Essentials",
                "/browse/home/dorm-bedding-essentials/4044_1225301_1225229_8079634_2857911"
            ],
            [
                "Cooling Mattress Protectors",
                "/browse/home/cooling-mattress-protectors/4044_539103_8022801_4168541"
            ],
            [
                "Mattress Protectors",
                "/browse/home/mattress-protectors/4044_103150_539386_4169411"
            ],
            [
                "Bed Bug Mattress Protectors",
                "/browse/home/bed-bug-mattress-protectors/4044_539103_8022801_5020852"
            ],
            [
                "Basic Mattress Pads & Protectors",
                "/browse/home/basic-mattress-pads-protectors/4044_539103_1095008_5670126"
            ],
            [
                "Top Home Allergy Relief Products",
                "/browse/home/top-home-allergy-relief-products/4044_1225301_2271072_8428130"
            ]
        ]
    },
    {
        "title": "White Goose Feather Bed/Mattress Topper with 100% Cotton Cover, Loft Baffle Box Bed Topper",
        "url": "https://www.walmart.com/ip/White-Goose-Feather-Bed-Mattress-Topper-with-100-Cotton-Cover-Loft-Baffle-Box-Bed-Topper/543777660",
        "price": "$58.99",
        "stars": "4.4",
        "ratings": "10 ",
        "img": "i5.walmartimages.com/asr/2ca7bad4-6bbd-48aa-abe3-b5c825c653fc_1.2379865d95a37e53e0484be7fe8687b8.jpeg?odnWidth=612&odnHeight=612&odnBg=ffffff",
        "tags": [
            [
                "Mattress Pads & Protectors & Toppers",
                "/browse/home/mattress-pads-protectors-toppers/4044_539103_133144"
            ],
            [
                "Memory Foam Mattress Pads",
                "/browse/home/memory-foam-mattress-pads/4044_539103_5947786_2944117"
            ],
            [
                "Basic Mattress Pads & Protectors",
                "/browse/home/basic-mattress-pads-protectors/4044_539103_1095008_5670126"
            ],
            [
                "Pillow Top Mattress Topper",
                "/browse/home/pillow-top-mattress-topper/4044_539103_1095008_7221911"
            ],
            [
                "Cooling Mattress Toppers",
                "/browse/home/cooling-mattress-toppers/4044_539103_1095008_7363426"
            ],
            [
                "Mattress Toppers",
                "/browse/home/mattress-toppers/4044_539103_1095008_7595276"
            ],
            [
                "Dorm Mattresses",
                "/browse/home/dorm-mattresses/4044_1225301_1225229_8094250"
            ],
            [
                "Gel Memory Foam Mattress Topper",
                "/browse/home/gel-memory-foam-mattress-topper/4044_539103_1095008_9823161"
            ]
        ]
    },
    {
        "title": "Serta Willow 10\" Futon Mattrresswith Memory foam, Multiple Sizes and Colors",
        "url": "https://www.walmart.com/ip/Serta-Willow-10-Futon-Mattrresswith-Memory-foam-Multiple-Sizes-and-Colors/55109557",
        "price": "$249.00",
        "stars": "3.7",
        "ratings": "53 ",
        "img": "i5.walmartimages.com/asr/fb0b6969-3368-46b4-9a11-ebed47aaa73c_1.5df3e95181d6ca4584cae3864dcf7106.jpeg?odnWidth=612&odnHeight=612&odnBg=ffffff",
        "tags": [
            [
                "Futon Mattresses",
                "/browse/home/futon-mattresses/4044_103150_539386_1093586"
            ],
            [
                "Full Futon Mattresses",
                "/browse/home/full-futon-mattresses/4044_103150_4038_2217176_1610308"
            ],
            [
                "King Futon Mattresses",
                "/browse/home/king-futon-mattresses/4044_103150_4038_2217176_5953300"
            ],
            [
                "Twin Futon Mattresses",
                "/browse/home/twin-futon-mattresses/4044_103150_4038_2217176_6018753"
            ],
            [
                "Ultra Plush Mattresses",
                "/browse/home/ultra-plush-mattresses/4044_103150_539386_8574778_7087223"
            ],
            [
                "All Futons",
                "/browse/home/all-futons/4044_103150_4038_2217176_8616471"
            ],
            [
                "Queen Futon Mattresses",
                "/browse/home/queen-futon-mattresses/4044_103150_4038_2217176_8849800"
            ],
            [
                "Serta Mattresses",
                "/browse/home/serta-mattresses/4044_103150_539386_8871501_9518389"
            ]
        ]
    },
    {
        "title": "Best Choice Products 10-Inch Dual Layered Gel Memory Foam Mattress, Full Size",
        "url": "https://www.walmart.com/ip/Best-Choice-Products-10-Inch-Dual-Layered-Gel-Memory-Foam-Mattress-Full-Size/185678619",
        "price": "$626.00",
        "stars": "4.7",
        "ratings": "527 ",
        "img": "i5.walmartimages.com/asr/a219481f-0c23-43fb-b37c-503961f5dcaa_1.957273fdd6b3ca1acbe76bf0c3797637.jpeg?odnWidth=612&odnHeight=612&odnBg=ffffff",
        "tags": [
            [
                "Full Mattresses",
                "/browse/home/full-mattresses/4044_103150_539386_9682013_1872812"
            ],
            [
                "Memory Foam Mattresses",
                "/browse/home/memory-foam-mattresses/4044_103150_539386_414609"
            ],
            [
                "Medium Firm Mattresses",
                "/browse/home/medium-firm-mattresses/4044_1225301_7738457_6007208"
            ],
            [
                "King Mattresses",
                "/browse/home/king-mattresses/4044_103150_539386_9682013_7117230"
            ],
            [
                "Queen Mattresses",
                "/browse/home/queen-mattresses/4044_103150_539386_9682013_7235340"
            ],
            [
                "Shop All Mattresses by Comfort Level",
                "/browse/home/shop-all-mattresses-by-comfort-level/4044_103150_539386_8574778_7747247"
            ],
            [
                "Shop All Mattresses by Size",
                "/browse/home/shop-all-mattresses-by-size/4044_103150_539386_9682013_8499841"
            ],
            [
                "Mattresses",
                "/browse/home/mattresses/4044_103150_539386_927959"
            ]
        ]
    },
    {
        "title": "Spa Sensations Fresh Air Memory Foam 1.5\" Mattress Topper, Twin",
        "url": "https://www.walmart.com/ip/Spa-Sensations-Fresh-Air-Memory-Foam-1-5-Mattress-Topper-Twin/55082632",
        "price": "$33.99",
        "stars": "4.3",
        "ratings": "73 ",
        "img": "",
        "tags": [
            [
                "Mattress Pads & Protectors & Toppers",
                "/browse/home/mattress-pads-protectors-toppers/4044_539103_133144"
            ],
            [
                "Infused Mattress Topper",
                "/browse/home/infused-mattress-topper/4044_539103_1095008_6063983"
            ],
            [
                "Memory Foam Mattress Topper",
                "/browse/home/memory-foam-mattress-topper/4044_539103_1095008_6066022"
            ],
            [
                "Cooling Mattress Toppers",
                "/browse/home/cooling-mattress-toppers/4044_539103_1095008_7363426"
            ],
            [
                "Mattress Toppers",
                "/browse/home/mattress-toppers/4044_539103_1095008_7595276"
            ],
            [
                "Dorm Mattresses",
                "/browse/home/dorm-mattresses/4044_1225301_1225229_8094250"
            ],
            [
                "Foam Mattresses",
                "/browse/home/foam-mattresses/4044_1225301_7738457_8226198"
            ],
            [
                "Gel Memory Foam Mattress Topper",
                "/browse/home/gel-memory-foam-mattress-topper/4044_539103_1095008_9823161"
            ]
        ]
    },
    {
        "title": "Full Electric Bariatric Hospital Bed with T-Rails Included - Extra Wide, Heavy Duty - 80\u201d x 42\u201d, 600 lb Weight Capacity - for Home Care and Medical Facilities - Fully Adjustable, Locking Casters",
        "url": "https://www.walmart.com/ip/Full-Electric-Bariatric-Hospital-Bed-T-Rails-Included-Extra-Wide-Heavy-Duty-80-x-42-600-lb-Weight-Capacity-Home-Care-Medical-Facilities-Fully-Adjusta/103409654",
        "price": "$683.98",
        "stars": "4.0",
        "ratings": "3 ",
        "img": "",
        "tags": [
            [
                "Anthem Maine Health AD",
                "/browse/health/anthem-maine-health-ad/976760_7242297_2549779"
            ],
            [
                "Amerigroup AD",
                "/browse/health/amerigroup-ad/976760_7242297_3238566"
            ],
            [
                "Anthem BCBS AD",
                "/browse/health/anthem-bcbs-ad/976760_7242297_5448757"
            ],
            [
                "Empire BC AD",
                "/browse/health/empire-bc-ad/976760_7242297_5568608"
            ],
            [
                "Anthem HealthKeepers AD",
                "/browse/health/anthem-healthkeepers-ad/976760_7242297_6232995"
            ],
            [
                "Anthem Healthy Blue AD",
                "/browse/health/anthem-healthy-blue-ad/976760_7242297_7675316"
            ],
            [
                "Bed Assist Handles",
                "/browse/health/bed-assist-handles/976760_9785329_2503402_8570474"
            ],
            [
                "Hospital Beds & Packages",
                "/browse/health/hospital-beds-packages/976760_9785329_5192950_9700154"
            ]
        ]
    },
    {
        "title": "Mecor Upholstered Linen Platform Bed Frame - with Wooden Slat Support - No Box Spring Needed,for Adults Teens Children - Grey/Queen Size \u2026",
        "url": "https://www.walmart.com/ip/Mecor-Upholstered-Linen-Platform-Bed-Frame-with-Wooden-Slat-Support-No-Box-Spring-Needed-for-Adults-Teens-Children-Grey-Queen-Size/220468011",
        "price": "$155.99",
        "stars": "3.9",
        "ratings": "12 ",
        "img": "i5.walmartimages.com/asr/a39d66b4-79bc-4b72-8924-dcbb69daf3b7_1.858aef12f7a790d8d1825451b8e4b60f.jpeg?odnWidth=612&odnHeight=612&odnBg=ffffff",
        "tags": [
            [
                "Twin Bed Frames",
                "/browse/home/twin-bed-frames/4044_103150_102547_1612901_1936776"
            ],
            [
                "Platform Bed Frames",
                "/browse/home/platform-bed-frames/4044_103150_102547_1612901_2129680"
            ],
            [
                "Shop all Bed Frames",
                "/browse/home/shop-all-bed-frames/4044_103150_102547_2727648"
            ],
            [
                "Wood Bed Frames",
                "/browse/home/wood-bed-frames/4044_103150_102547_1612901_3222258"
            ],
            [
                "Queen Bed Frames",
                "/browse/home/queen-bed-frames/4044_103150_102547_1612901_3670601"
            ],
            [
                "King Bed Frames",
                "/browse/home/king-bed-frames/4044_103150_102547_1612901_6810753"
            ],
            [
                "Full Bed Frames",
                "/browse/home/full-bed-frames/4044_103150_102547_1612901_7561545"
            ],
            [
                "Metal Bed Frames",
                "/browse/home/metal-bed-frames/4044_103150_102547_1612901_7728882"
            ]
        ]
    }
]