[
    {
        "title": "Clorox Cushioned 17 In. x 36 In. Bathtub Mat, Sky Blue",
        "url": "https://www.walmart.com/ip/Clorox-Cushioned-17-In-x-36-In-Bathtub-Mat-Sky-Blue/368848673",
        "price": "$11.96",
        "stars": "4.3",
        "ratings": "126 ",
        "img": "i5.walmartimages.com/asr/c15004cf-eb7e-4881-9042-0697f8b4a9a1.dfd244400fd4e2cb9df957d450de6b75.jpeg?odnWidth=612&odnHeight=612&odnBg=ffffff",
        "tags": [
            [
                "Bathroom Rug Sets",
                "/browse/home/bathroom-rug-sets/4044_539095_920259_1753813"
            ],
            [
                "Bathroom Rugs",
                "/browse/home/bathroom-rugs/4044_539095_920259_2453408"
            ],
            [
                "Dorm Bath & Laundry",
                "/browse/home/dorm-bath-laundry/4044_1225301_1225229_3339158"
            ],
            [
                "Memory Foam Bath Mats",
                "/browse/home/memory-foam-bath-mats/4044_539095_920259_4950967"
            ],
            [
                "Shower Curtains",
                "/browse/home/shower-curtains/4044_539095_2141805_533461"
            ],
            [
                "Fashion Bath Rugs",
                "/browse/home/fashion-bath-rugs/4044_539095_920259_6268946"
            ],
            [
                "Non-Slip Bath Mats",
                "/browse/home/non-slip-bath-mats/4044_539095_920259_6970794"
            ]
        ]
    },
    {
        "title": "Hefty\u2122 Weighted Blanket",
        "url": "https://www.walmart.com/ip/Hefty-Weighted-Blanket/450830959",
        "price": "$19.95",
        "stars": 0,
        "ratings": 0,
        "img": "i5.walmartimages.com/asr/980613c2-2d81-4b2e-afee-f718ad3d33d7.15d8ea74467a4a69a465a2a1839f3f92.jpeg?odnWidth=612&odnHeight=612&odnBg=ffffff",
        "tags": []
    },
    {
        "title": "Deep Pocket 4 Piece Bed Sheet Set, Available in King Queen Full Twin and California King, Soft Microfiber, Hypoallergenic, Cool & Breathable, Bedding Bed Sheets set by Clara Clark (Queen, Silver Gray)",
        "url": "https://www.walmart.com/ip/Deep-Pocket-4-Piece-Bed-Sheet-Set-Available-King-Queen-Full-Twin-California-King-Soft-Microfiber-Hypoallergenic-Cool-Breathable-Bedding-Sheets-set-Cl/325333311",
        "price": "$31.49",
        "stars": "4.5",
        "ratings": "1195 ",
        "img": "i5.walmartimages.com/asr/e4e0cd50-f99e-4ce7-8af9-adb51f54860d_2.04aa669977b399ab3d6f98e7258fddc1.jpeg?odnWidth=612&odnHeight=612&odnBg=ffffff",
        "tags": [
            [
                "Bed Sheets",
                "/browse/home/bed-sheets/4044_539103_133061"
            ],
            [
                "Twin Sheets",
                "/browse/home/twin-sheets/4044_539103_5055527_2647631"
            ],
            [
                "Microfiber Sheets",
                "/browse/home/microfiber-sheets/4044_539103_5055527_2660867"
            ],
            [
                "King Sheets",
                "/browse/home/king-sheets/4044_539103_5055527_4178254"
            ],
            [
                "White Sheets",
                "/browse/home/white-sheets/4044_539103_5055527_4299542"
            ],
            [
                "Queen Sheets",
                "/browse/home/queen-sheets/4044_539103_5055527_7356834"
            ],
            [
                "Full Sheets",
                "/browse/home/full-sheets/4044_539103_5055527_8485867"
            ],
            [
                "Warm & Cozy Sheets",
                "/browse/home/warm-cozy-sheets/4044_539103_5055527_9461375"
            ]
        ]
    },
    {
        "title": "Mainstays Waffle Textured Fabric Shower Curtain",
        "url": "https://www.walmart.com/ip/Mainstays-Waffle-Textured-Fabric-Shower-Curtain/45925058",
        "price": "$9.88",
        "stars": "4.5",
        "ratings": "230 ",
        "img": "i5.walmartimages.com/asr/02d51de2-1ee5-4c97-831e-3b83d8c00f31_1.dcefe559b990aae5716a4500b6a6f185.jpeg?odnWidth=612&odnHeight=612&odnBg=ffffff",
        "tags": [
            [
                "Teens' Shower Curtains & Hooks",
                "/browse/home/teens-shower-curtains-hooks/4044_1156136_1156137_1156140"
            ],
            [
                "Shower Curtain Sets",
                "/browse/home/shower-curtain-sets/4044_539095_2141805_2005808"
            ],
            [
                "Dorm Bath & Laundry",
                "/browse/home/dorm-bath-laundry/4044_1225301_1225229_3339158"
            ],
            [
                "Shower Curtain Liners",
                "/browse/home/shower-curtain-liners/4044_539095_2141805_3396784"
            ],
            [
                "White Shower Curtains",
                "/browse/home/white-shower-curtains/4044_539095_2141805_5102000"
            ],
            [
                "Dorm Bath Essentials",
                "/browse/home/dorm-bath-essentials/4044_1225301_1225229_8079634_7293738"
            ],
            [
                "Shower Curtain Rings",
                "/browse/home/shower-curtain-rings/4044_539095_8307770"
            ],
            [
                "Fabric Shower Curtains",
                "/browse/home/fabric-shower-curtains/4044_539095_2141805_8715072"
            ]
        ]
    },
    {
        "title": "The Pioneer Woman Frontier Speckle 10-Piece Cookware Set, Turquoise",
        "url": "https://www.walmart.com/ip/The-Pioneer-Woman-Frontier-Speckle-10-Piece-Cookware-Set-Turquoise/741832026",
        "price": "$79.00",
        "stars": "4.6",
        "ratings": "269 ",
        "img": "i5.walmartimages.com/asr/dad79ff5-3cd2-41c5-aa7f-20be94194a71_2.3a442339b6d75fdddde8d692aa81e3e2.jpeg?odnWidth=612&odnHeight=612&odnBg=ffffff",
        "tags": [
            [
                "The Pioneer Woman Cookware",
                "/browse/home/the-pioneer-woman-cookware/4044_1920532_9153905_1468404"
            ],
            [
                "Non Stick Cookware",
                "/browse/home/non-stick-cookware/4044_623679_6182459_3053446"
            ],
            [
                "The Pioneer Woman Cookware sets",
                "/browse/home/the-pioneer-woman-cookware-sets/4044_623679_6182459_8473814"
            ],
            [
                "Pioneer Woman Cookware",
                "/browse/home/pioneer-woman-cookware/4044_623679_8140341_9340448"
            ],
            [
                "The Pioneer Woman Cookware Sets",
                "/browse/home/the-pioneer-woman-cookware-sets/4044_1920532_9153905_9430318"
            ],
            [
                "The Pioneer Woman Pots and Pans",
                "/browse/home/the-pioneer-woman-pots-pans/4044_1920532_9153905_9742246"
            ],
            [
                "The Pioneer Woman New Arrivals",
                "/browse/home/the-pioneer-woman-new-arrivals/4044_1225301_1231327_9914742"
            ],
            [
                "The Pioneer Woman Pots & Pans",
                "/browse/home/the-pioneer-woman-pots-pans/4044_623679_8140341_9944424"
            ]
        ]
    },
    {
        "title": "Zinus Mia 38\" Black Metal Platform Bed with Headboard, Queen",
        "url": "https://www.walmart.com/ip/Zinus-Mia-38-Black-Metal-Platform-Bed-with-Headboard-Queen/53838176",
        "price": "$129.00",
        "stars": "4.7",
        "ratings": "1244 ",
        "img": "i5.walmartimages.com/asr/32929a8a-7cec-4063-bb0a-523e16d14b34_3.faa06bc330776d34ad85a338b545b033.jpeg?odnWidth=612&odnHeight=612&odnBg=ffffff",
        "tags": [
            [
                "King Beds",
                "/browse/home/king-beds/4044_103150_102547_91837_2698834"
            ],
            [
                "Modern Beds",
                "/browse/home/modern-beds/4044_103150_102547_5949652_5494944_3059712"
            ],
            [
                "Queen Beds",
                "/browse/home/queen-beds/4044_103150_102547_5949652_2014667_3260170"
            ],
            [
                "Platform Beds",
                "/browse/home/platform-beds/4044_103150_102547_91837_5579206"
            ],
            [
                "Twin Beds",
                "/browse/home/twin-beds/4044_103150_102547_5949652_2014667_5628006"
            ],
            [
                "Metal Beds",
                "/browse/home/metal-beds/4044_103150_102547_91837_6841634"
            ],
            [
                "Full Beds",
                "/browse/home/full-beds/4044_103150_102547_91837_7293063"
            ],
            [
                "Shop all Beds",
                "/browse/home/shop-all-beds/4044_103150_102547_91837_9216127"
            ]
        ]
    },
    {
        "title": "Beautyrest Silver Luxurious Spa Comfort Pillow in Multiple Sizes",
        "url": "https://www.walmart.com/ip/Beautyrest-Silver-Luxurious-Spa-Comfort-Pillow-in-Multiple-Sizes/35510721",
        "price": "$20.83",
        "stars": "4.3",
        "ratings": "712 ",
        "img": "i5.walmartimages.com/asr/7f069a3d-d7e6-45f6-b101-798ffccf5ac4_1.91a637e6e1b2360b596ae03f1c101def.jpeg?odnWidth=612&odnHeight=612&odnBg=ffffff",
        "tags": [
            [
                "Pillows",
                "/browse/home/pillows/4044_539103_133141"
            ],
            [
                "Bed Pillows",
                "/browse/home/bed-pillows/4044_539103_9690877_3793551_1728426"
            ],
            [
                "Shop All Pillows",
                "/browse/home/shop-all-pillows/4044_539103_9690877_2535944"
            ],
            [
                "Queen Size Pillows",
                "/browse/home/queen-size-pillows/4044_539103_9690877_7509997_3299314"
            ],
            [
                "Basic Bed Pillows",
                "/browse/home/basic-bed-pillows/4044_539103_1095008_3833998"
            ],
            [
                "Fiber Fill",
                "/browse/home/fiber-fill/4044_539103_9690877_8950664_6592322"
            ],
            [
                "King Size Pillows",
                "/browse/home/king-size-pillows/4044_539103_9690877_7509997_7965431"
            ],
            [
                "Standard Size Pillows",
                "/browse/home/standard-size-pillows/4044_539103_9690877_7509997_9831725"
            ]
        ]
    },
    {
        "title": "Mainstays 1.5-inch Memory Foam Mattress Topper, Twin/Twin XL",
        "url": "https://www.walmart.com/ip/Mainstays-1-5-inch-Memory-Foam-Mattress-Topper-Twin-Twin-XL/263074056",
        "price": "$24.98",
        "stars": "4.3",
        "ratings": "130 ",
        "img": "i5.walmartimages.com/asr/08939afa-616a-4e2e-9c92-b5cc32b9e67c_1.24e5474064d36dd381ef9b714ff49e0e.jpeg?odnWidth=612&odnHeight=612&odnBg=ffffff",
        "tags": [
            [
                "Mattress Pads & Protectors & Toppers",
                "/browse/home/mattress-pads-protectors-toppers/4044_539103_133144"
            ],
            [
                "Best Mattresses & Bedding for Back Pain Relief",
                "/browse/home/best-mattresses-bedding-for-back-pain-relief/4044_1225301_2271072_2600956"
            ],
            [
                "Infused Mattress Topper",
                "/browse/home/infused-mattress-topper/4044_539103_1095008_6063983"
            ],
            [
                "Pillow Top Mattress Topper",
                "/browse/home/pillow-top-mattress-topper/4044_539103_1095008_7221911"
            ],
            [
                "Mattress Toppers",
                "/browse/home/mattress-toppers/4044_539103_1095008_7595276"
            ],
            [
                "Dorm Mattresses",
                "/browse/home/dorm-mattresses/4044_1225301_1225229_8094250"
            ],
            [
                "Gel Memory Foam Mattress Topper",
                "/browse/home/gel-memory-foam-mattress-topper/4044_539103_1095008_9823161"
            ]
        ]
    },
    {
        "title": "Unique Loom Salle Garnier Sofia Distressed Vintage Area Rug or Runner",
        "url": "https://www.walmart.com/ip/Unique-Loom-Salle-Garnier-Sofia-Distressed-Vintage-Area-Rug-or-Runner/208455711",
        "price": "$18.98",
        "stars": "4.4",
        "ratings": "322 ",
        "img": "i5.walmartimages.com/asr/de818d4f-f0a3-4569-be40-c283e617d856_1.56bcec53bb2983870ec72e702ed988d0.jpeg?odnWidth=612&odnHeight=612&odnBg=ffffff",
        "tags": [
            [
                "Area Rugs for All Rooms",
                "/browse/home/area-rugs-for-all-rooms/4044_133012_110892_6718514_4001684_1541827"
            ],
            [
                "All Area Rug Shapes",
                "/browse/home/all-area-rug-shapes/4044_133012_110892_6718514_5047521_2067299"
            ],
            [
                "All Area Rug Brands",
                "/browse/home/all-area-rug-brands/4044_133012_110892_6718514_1798516_2632865"
            ],
            [
                "Area Rugs in All Patterns",
                "/browse/home/area-rugs-in-all-patterns/4044_133012_110892_6718514_6050557_3695557"
            ],
            [
                "All Area Rugs",
                "/browse/home/all-area-rugs/4044_133012_110892_6718514_418437"
            ],
            [
                "Square Rugs",
                "/browse/home/square-rugs/4044_133012_110892_6718514_5047521_5523901"
            ],
            [
                "Area Rugs in All Weaves",
                "/browse/home/area-rugs-in-all-weaves/4044_133012_110892_6718514_3462382_5727890"
            ],
            [
                "Blue Area Rugs",
                "/browse/home/blue-area-rugs/4044_133012_110892_6718514_1588657_5973975"
            ]
        ]
    },
    {
        "title": "GreenLife 18-Piece Soft Grip Toxin-Free Healthy Ceramic Non-stick Cookware Set, Turquoise",
        "url": "https://www.walmart.com/ip/GreenLife-18-Piece-Soft-Grip-Toxin-Free-Healthy-Ceramic-Non-stick-Cookware-Set-Turquoise/475654149",
        "price": "$84.98",
        "stars": "4.2",
        "ratings": "375 ",
        "img": "i5.walmartimages.com/asr/1b977e83-9070-4d15-9523-e4e15b4e21a5_1.f3b8b02c9acbaf6feb784d5c2385407e.jpeg?odnWidth=612&odnHeight=612&odnBg=ffffff",
        "tags": [
            [
                "The Pioneer Woman Cookware",
                "/browse/home/the-pioneer-woman-cookware/4044_1920532_9153905_1468404"
            ],
            [
                "Non Stick Cookware",
                "/browse/home/non-stick-cookware/4044_623679_6182459_3053446"
            ],
            [
                "Non-Stick Cookware",
                "/browse/home/non-stick-cookware/4044_623679_8140341_3396135"
            ],
            [
                "Greenlife Cookware",
                "/browse/home/greenlife-cookware/4044_1920532_9798650_3964069"
            ],
            [
                "Induction Cookware",
                "/browse/home/induction-cookware/4044_623679_8140341_4084816"
            ],
            [
                "Dorm Bundles",
                "/browse/home/dorm-bundles/4044_1225301_1225229_5830926"
            ],
            [
                "Ceramic Cookware",
                "/browse/home/ceramic-cookware/4044_623679_8140341_7402424"
            ],
            [
                "Dorm Dining & Hydration",
                "/browse/home/dorm-dining-hydration/4044_1225301_1225229_9951877"
            ]
        ]
    }
]