[
    {
        "title": "WoodWick Frasier Fir - Medium Hourglass Candle",
        "url": "https://www.walmart.com/ip/WoodWick-Frasier-Fir-Medium-Hourglass-Candle/111625186",
        "price": "$14.88",
        "stars": "4.9",
        "ratings": "19 ",
        "img": "",
        "tags": [
            [
                "Father's Day Electronics",
                "/browse/seasonal/fathers-day-electronics/1085632_1094344_2365074"
            ],
            [
                "Connected Dorm Room",
                "/browse/seasonal/connected-dorm-room/1085632_8174172_6292484_2548864"
            ],
            [
                "Shop All Glass",
                "/browse/seasonal/shop-all-glass/1085632_1071204_4976191"
            ],
            [
                "Mother's Day Electronics Gifts",
                "/browse/seasonal/mothers-day-electronics-gifts/1085632_1093554_5742102"
            ],
            [
                "Audio",
                "/browse/seasonal/audio/1085632_8174172_6292484_5759323"
            ],
            [
                "Tax Free Shop All",
                "/browse/tax-free-shop-all/1085632_6767877"
            ],
            [
                "Electronics Gifts for Grads",
                "/browse/seasonal/electronics-gifts-for-grads/1085632_1105121_7594959"
            ],
            [
                "Back to School Home Audio Visual",
                "/browse/seasonal/back-to-school-home-audio-visual/1085632_1071204_7767149_8665149"
            ]
        ]
    },
    {
        "title": "ScentSationals Flutter n Posies Wall Accent Scented Wax Warmer",
        "url": "https://www.walmart.com/ip/ScentSationals-Flutter-n-Posies-Wall-Accent-Scented-Wax-Warmer/42279621",
        "price": "$10.00",
        "stars": "3.8",
        "ratings": "48 ",
        "img": "",
        "tags": [
            [
                "Best Bedroom Products if You Can't Sleep",
                "/browse/home/best-bedroom-products-if-you-cant-sleep/4044_1225301_2271072_2074145"
            ],
            [
                "Better Homes & Gardens Decor",
                "/browse/home/better-homes-gardens-decor/4044_133012_2786769"
            ],
            [
                "Wax Melts",
                "/browse/home/wax-melts/4044_133012_2622648_2926246"
            ],
            [
                "Oil Diffusers",
                "/browse/home/oil-diffusers/4044_133012_2622648_6662217"
            ],
            [
                "Shop All Fall Decor",
                "/browse/home/shop-all-fall-decor/4044_2634414_9573311_6851606"
            ],
            [
                "Dorm Decor",
                "/browse/home/dorm-decor/4044_1225301_1225229_7471338"
            ],
            [
                "Lanterns and Candle Holders",
                "/browse/home/lanterns-candle-holders/4044_133012_2622648_8099812"
            ],
            [
                "Candles",
                "/browse/home/candles/4044_133012_2622648_8500605"
            ]
        ]
    },
    {
        "title": "Modern Jewelry Armoire Cheval Mirror - High Gloss White",
        "url": "https://www.walmart.com/ip/Modern-Jewelry-Armoire-Cheval-Mirror-High-Gloss-White/28158258",
        "price": "$84.99",
        "stars": "4.2",
        "ratings": "185 ",
        "img": "i5.walmartimages.com/asr/c5cec3fb-e07b-4ee9-b3bd-3a41a873d4c5_1.52ae4fca491229c13de12496c0b34c18.jpeg?odnWidth=612&odnHeight=612&odnBg=ffffff",
        "tags": [
            [
                "Cheval Mirrors",
                "/browse/home/cheval-mirrors/4044_133012_7256585_3716082"
            ],
            [
                "Wardrobes with Drawers",
                "/browse/home/wardrobes-with-drawers/4044_103150_102547_91846_3961904"
            ],
            [
                "Farmhouse Decor",
                "/browse/home/farmhouse-decor/4044_9389313_6099882_4356478"
            ],
            [
                "Vanity Mirrors",
                "/browse/home/vanity-mirrors/4044_133012_7256585_7170603"
            ],
            [
                "White Wardrobes",
                "/browse/home/white-wardrobes/4044_103150_102547_91846_7452173"
            ],
            [
                "Dorm Decor",
                "/browse/home/dorm-decor/4044_1225301_1225229_7471338"
            ],
            [
                "Shop All Wall Decor",
                "/browse/home/shop-all-wall-decor/4044_133012_5208936_922699"
            ],
            [
                "Floor Mirrors",
                "/browse/home/floor-mirrors/4044_133012_7256585_9863350"
            ]
        ]
    },
    {
        "title": "Better Homes & Gardens Hatch Basketweave Single Window Panel",
        "url": "https://www.walmart.com/ip/Better-Homes-Gardens-Hatch-Basketweave-Single-Window-Panel/46598144",
        "price": "$5.38",
        "stars": "4.4",
        "ratings": "26 ",
        "img": "i5.walmartimages.com/asr/56148aa7-9eb9-4886-85f1-e3b798b6f28a_2.5df8713ee649c7ee62c67827d3b15ddb.jpeg?odnWidth=612&odnHeight=612&odnBg=ffffff",
        "tags": [
            [
                "Teens' Window Treatments",
                "/browse/home/teens-window-treatments/4044_1156136_1156152_1156155"
            ],
            [
                "Blackout Curtains",
                "/browse/home/blackout-curtains/4044_133012_539105_1521917_1331481"
            ],
            [
                "Room Darkening Curtains",
                "/browse/home/room-darkening-curtains/4044_133012_539105_1521917_2277099"
            ],
            [
                "Curtains",
                "/browse/home/curtains/4044_133012_539105_1521917_2606905"
            ],
            [
                "Sheer Curtains",
                "/browse/home/sheer-curtains/4044_133012_539105_1521917_2913338"
            ],
            [
                "Kitchen Curtains",
                "/browse/home/kitchen-curtains/4044_133012_539105_1521917_414668"
            ],
            [
                "Curtain Sets",
                "/browse/home/curtain-sets/4044_133012_539105_7600818"
            ],
            [
                "Teen Curtains",
                "/browse/home/teen-curtains/4044_133012_539105_1521917_8856798"
            ]
        ]
    },
    {
        "title": "WoodWick Vanilla Sea Salt - Large Hourglass Candle",
        "url": "https://www.walmart.com/ip/WoodWick-Vanilla-Sea-Salt-Large-Hourglass-Candle/716629793",
        "price": "$19.68",
        "stars": "4.7",
        "ratings": "588 ",
        "img": "i5.walmartimages.com/asr/d4e03da4-9283-4b39-9a42-6479fec1a926_1.a9bb1fed1ac9a336346fa22bc3b8d29c.jpeg?odnWidth=612&odnHeight=612&odnBg=ffffff",
        "tags": [
            [
                "Wax Warmers",
                "/browse/home/wax-warmers/4044_133012_2622648_1090556"
            ],
            [
                "Best Bedroom Products if You Can't Sleep",
                "/browse/home/best-bedroom-products-if-you-cant-sleep/4044_1225301_2271072_2074145"
            ],
            [
                "Fall Indoor Decor",
                "/browse/home/fall-indoor-decor/4044_2634414_9573311_3931477"
            ],
            [
                "Oil Diffusers",
                "/browse/home/oil-diffusers/4044_133012_2622648_6662217"
            ],
            [
                "Picture Frames",
                "/browse/home/picture-frames/4044_133012_672579"
            ],
            [
                "Shop All Fall Decor",
                "/browse/home/shop-all-fall-decor/4044_2634414_9573311_6851606"
            ],
            [
                "Fall Candles",
                "/browse/home/fall-candles/4044_2634414_9573311_7123210"
            ],
            [
                "WoodWick Candles",
                "/browse/home/woodwick-candles/4044_133012_2622648_8397936"
            ]
        ]
    },
    {
        "title": "Better Homes & Gardens Geo Waves Nylon Print Area Rug, Brown, 7'x10'",
        "url": "https://www.walmart.com/ip/Better-Homes-Gardens-Geo-Waves-Nylon-Print-Area-Rug-Brown-7-x10/41488501",
        "price": "$14.87",
        "stars": "4.7",
        "ratings": "658 ",
        "img": "i5.walmartimages.com/asr/6b30d604-da5a-473b-8336-414bbc351bc2_2.ece5dcd4ca3104a5a7eaa749ada37e85.jpeg?odnWidth=612&odnHeight=612&odnBg=ffffff",
        "tags": [
            [
                "3' x 5' Area Rugs",
                "/browse/home/3-x-5-area-rugs/4044_133012_110892_6718514_3167309_1987390"
            ],
            [
                "Contemporary Area Rugs",
                "/browse/home/contemporary-area-rugs/4044_133012_110892_6718514_4513083_3306134"
            ],
            [
                "Area Rugs Under 2' x 3'",
                "/browse/home/area-rugs-under-2-x-3/4044_133012_110892_6718514_3167309_3343710"
            ],
            [
                "Black Area Rugs",
                "/browse/home/black-area-rugs/4044_133012_110892_6718514_1588657_3471470"
            ],
            [
                "Dining Room Rugs",
                "/browse/home/dining-room-rugs/4044_133012_110892_6718514_4001684_5246764"
            ],
            [
                "2' x 3' Area Rugs",
                "/browse/home/2-x-3-area-rugs/4044_133012_110892_6718514_8448676"
            ],
            [
                "Modern Rugs",
                "/browse/home/modern-rugs/4044_133012_110892_6718514_4513083_8883425"
            ],
            [
                "Rectangle Area Rugs",
                "/browse/home/rectangle-area-rugs/4044_133012_110892_6718514_5047521_9979963"
            ]
        ]
    },
    {
        "title": "Safavieh Hudson Amias Geometric Shag Area Rug or Runner",
        "url": "https://www.walmart.com/ip/Safavieh-Hudson-Amias-Geometric-Shag-Area-Rug-or-Runner/48084625",
        "price": "$414.38",
        "stars": "4.8",
        "ratings": "249 ",
        "img": "i5.walmartimages.com/asr/dd96cf85-4ce4-49dd-8d02-cf7fafb337f3_4.e2b80d244274f683f4d51680ab2be02c.jpeg?odnWidth=612&odnHeight=612&odnBg=ffffff",
        "tags": [
            [
                "Area Rugs for All Rooms",
                "/browse/home/area-rugs-for-all-rooms/4044_133012_110892_6718514_4001684_1541827"
            ],
            [
                "All Area Rug Shapes",
                "/browse/home/all-area-rug-shapes/4044_133012_110892_6718514_5047521_2067299"
            ],
            [
                "All Area Rug Brands",
                "/browse/home/all-area-rug-brands/4044_133012_110892_6718514_1798516_2632865"
            ],
            [
                "Area Rugs in All Patterns",
                "/browse/home/area-rugs-in-all-patterns/4044_133012_110892_6718514_6050557_3695557"
            ],
            [
                "Area Rugs in All Weaves",
                "/browse/home/area-rugs-in-all-weaves/4044_133012_110892_6718514_3462382_5727890"
            ],
            [
                "Area Rugs in All Colors",
                "/browse/home/area-rugs-in-all-colors/4044_133012_110892_6718514_1588657_6827320"
            ],
            [
                "Area Rugs in All Materials",
                "/browse/home/area-rugs-in-all-materials/4044_133012_110892_6718514_3513491_9396808"
            ],
            [
                "All Area Rug Sizes",
                "/browse/home/all-area-rug-sizes/4044_133012_110892_6718514_3167309_9543015"
            ]
        ]
    },
    {
        "title": "Better Homes & Gardens Decorative Throw Pillow, Chevron, 18\"",
        "url": "https://www.walmart.com/ip/Better-Homes-Gardens-Decorative-Throw-Pillow-Chevron-18/308549343",
        "price": "$12.87",
        "stars": "4.0",
        "ratings": "41 ",
        "img": "i5.walmartimages.com/asr/90f12890-9de7-43ec-ad66-c111e2ceccbb_2.513a8b5cca501bb4d2c6753789480961.jpeg?odnWidth=612&odnHeight=612&odnBg=ffffff",
        "tags": [
            [
                "Decorative Throw Pillows",
                "/browse/home/decorative-throw-pillows/4044_133012_5991909_127715"
            ],
            [
                "Fall Pillows",
                "/browse/home/fall-pillows/4044_2634414_9573311_1790882"
            ],
            [
                "Teens' Decorative Pillows",
                "/browse/home/teens-decorative-pillows/4044_1156136_1156152_2440841"
            ],
            [
                "Better Homes & Gardens Decor",
                "/browse/home/better-homes-gardens-decor/4044_133012_2786769"
            ],
            [
                "MoDRN Decorative Accents",
                "/browse/home/modrn-decorative-accents/4044_1225301_2098546_3580320_3047664"
            ],
            [
                "Fall Indoor Decor",
                "/browse/home/fall-indoor-decor/4044_2634414_9573311_3931477"
            ],
            [
                "Decorative Pillow Covers",
                "/browse/home/decorative-pillow-covers/4044_133012_5991909_5188883"
            ],
            [
                "Shop All Fall Decor",
                "/browse/home/shop-all-fall-decor/4044_2634414_9573311_6851606"
            ]
        ]
    },
    {
        "title": "Woodwick Wax Melt 3 Oz. - Frasier Fir",
        "url": "https://www.walmart.com/ip/Woodwick-Wax-Melt-3-Oz-Frasier-Fir/114390508",
        "price": "$4.67",
        "stars": "5.0",
        "ratings": "4 ",
        "img": "",
        "tags": [
            [
                "Better Homes & Gardens Decor",
                "/browse/home/better-homes-gardens-decor/4044_133012_2786769"
            ],
            [
                "Yankee Candle",
                "/browse/home/yankee-candle/4044_133012_2622648_2806582"
            ],
            [
                "Wax Melts",
                "/browse/home/wax-melts/4044_133012_2622648_2926246"
            ],
            [
                "Shop All Fall Decor",
                "/browse/home/shop-all-fall-decor/4044_2634414_9573311_6851606"
            ],
            [
                "Fall Candles",
                "/browse/home/fall-candles/4044_2634414_9573311_7123210"
            ],
            [
                "WoodWick Candles",
                "/browse/home/woodwick-candles/4044_133012_2622648_8397936"
            ],
            [
                "Candles",
                "/browse/home/candles/4044_133012_2622648_8500605"
            ],
            [
                "Command Hooks",
                "/browse/home/command-hooks/4044_90828_1230061_9644924"
            ]
        ]
    },
    {
        "title": "Huggle Hoodie, Ultra Plush Hooded Blanket Robe, Premium Fleece, Blue, As Seen on TV",
        "url": "https://www.walmart.com/ip/Huggle-Hoodie-Ultra-Plush-Hooded-Blanket-Robe-Premium-Fleece-Blue-As-Seen-on-TV/920624632",
        "price": "$40.95",
        "stars": "4.5",
        "ratings": "259 ",
        "img": "",
        "tags": [
            [
                "All As Seen on TV",
                "/browse/household-essentials/all-as-seen-tv/1115193_1111632_6075110"
            ],
            [
                "As Seen on TV Kitchenware",
                "/browse/household-essentials/as-seen-tv-kitchenware/1115193_1111632_7151108"
            ],
            [
                "Gotham Steel Griddles Skillets &Fry Pans",
                "/browse/household-essentials/gotham-steel-griddles-skillets-fry-pans/1115193_1111632_9031245_7275836"
            ],
            [
                "As Seen on TV Outdoor and Tools",
                "/browse/household-essentials/as-seen-tv-outdoor-tools/1115193_1111632_7558963"
            ],
            [
                "As Seen on TV Lighting & Outdoor",
                "/browse/household-essentials/as-seen-tv-lighting-outdoor/1115193_1111632_8401553"
            ],
            [
                "Gotham Steel Top Picks",
                "/browse/household-essentials/gotham-steel-top-picks/1115193_1111632_9031245_9717434"
            ],
            [
                "Gotham Steel Cookware",
                "/browse/household-essentials/gotham-steel-cookware/1115193_1111632_9031245_9826646"
            ]
        ]
    }
]