[
    {
        "title": "Punch Ladle",
        "url": "https://www.walmart.com/ip/Punch-Ladle/47068653",
        "price": "$0.98",
        "stars": "4.8",
        "ratings": "13 ",
        "img": "i5.walmartimages.com/asr/19fe0c88-b2c4-4e1a-867d-14528f1effda_1.6b254556e25de394c48e2dbc86127a89.jpeg?odnWidth=612&odnHeight=612&odnBg=ffffff",
        "tags": [
            [
                "Mixing Bowls",
                "/browse/home/mixing-bowls/4044_623679_133020_4496646_2514018"
            ],
            [
                "Cooking Utensils",
                "/browse/home/cooking-utensils/4044_623679_133020_4496646_3272847"
            ],
            [
                "Kitchen Wedding Registry",
                "/browse/home/kitchen-wedding-registry/4044_623679_3700962"
            ],
            [
                "Mainstays Cooking Utensils",
                "/browse/home/mainstays-cooking-utensils/4044_623679_133020_4496646_5344379"
            ],
            [
                "Beverage Dispensers",
                "/browse/home/beverage-dispensers/4044_623679_639999_2347672_8436912"
            ],
            [
                "Bar Tools",
                "/browse/home/bar-tools/4044_623679_639999_4434841_8609600"
            ],
            [
                "Dorm Dining Essentials",
                "/browse/home/dorm-dining-essentials/4044_1225301_1225229_8079634_8700307"
            ],
            [
                "Cooking Utensil Rollback",
                "/browse/home/cooking-utensil-rollback/4044_623679_133020_4496646_9139894"
            ]
        ]
    },
    {
        "title": "Sticky Toffee, 6 Pack, Cotton Terry Kitchen Towel and Dishcloth Set, Yellow",
        "url": "https://www.walmart.com/ip/Sticky-Toffee-6-Pack-Cotton-Terry-Kitchen-Towel-and-Dishcloth-Set-Yellow/630075965",
        "price": "$14.88",
        "stars": "4.6",
        "ratings": "43 ",
        "img": "i5.walmartimages.com/asr/28700d27-5684-4a18-9502-b7d4135df2be_2.c0a2fa0cc4a444681145075c97e70749.jpeg?odnWidth=612&odnHeight=612&odnBg=ffffff",
        "tags": [
            [
                "Shop All The Pioneer Woman",
                "/browse/home/shop-all-the-pioneer-woman/4044_1920532_9153905_1843111"
            ],
            [
                "Shop All T-fal",
                "/browse/home/shop-all-t-fal/4044_1920532_8495630_1893187"
            ],
            [
                "Kitchen Linen Sets",
                "/browse/home/kitchen-linen-sets/4044_623679_8055732_5591719_2047073"
            ],
            [
                "Kitchen Towel Value Sets",
                "/browse/home/kitchen-towel-value-sets/4044_623679_8055732_5591719_2164267"
            ],
            [
                "Oven Mitts & Pot Holders",
                "/browse/home/oven-mitts-pot-holders/4044_623679_8055732_5591719_3400238"
            ],
            [
                "Kitchen Towels & Dish Towels",
                "/browse/home/kitchen-towels-dish-towels/4044_623679_8055732_5591719_7723882"
            ],
            [
                "The Pioneer Woman Kitchen & Table Linens",
                "/browse/home/the-pioneer-woman-kitchen-table-linens/4044_623679_8055732_7902803"
            ],
            [
                "Tea Towels & Flour Sack Towels",
                "/browse/home/tea-towels-flour-sack-towels/4044_623679_8055732_5591719_8872296"
            ]
        ]
    },
    {
        "title": "Round Glass Canister",
        "url": "https://www.walmart.com/ip/Round-Glass-Canister/36686312",
        "price": "$5.71",
        "stars": "4.8",
        "ratings": "37 ",
        "img": "",
        "tags": [
            [
                "Apothecary Jars",
                "/browse/home/apothecary-jars/4044_539095_2505058_1832937"
            ],
            [
                "Coffee Storage",
                "/browse/home/coffee-storage/4044_623679_1032619_2669816"
            ],
            [
                "Shop All Food Storage Containers",
                "/browse/home/shop-all-food-storage-containers/4044_623679_1032619_5842891_2687119"
            ],
            [
                "Kitchen Canisters",
                "/browse/home/kitchen-canisters/4044_623679_1032619_5842891_2867332"
            ],
            [
                "Rubbermaid Food Storage",
                "/browse/home/rubbermaid-food-storage/4044_623679_1032619_5842891_3368294"
            ],
            [
                "Coat Racks",
                "/browse/home/coat-racks/4044_103150_6858258_4800550"
            ],
            [
                "Glass Storage Containers",
                "/browse/home/glass-storage-containers/4044_623679_1032619_5842891_7520532"
            ],
            [
                "Meal Prep Containers",
                "/browse/home/meal-prep-containers/4044_623679_1032619_5842891_8561628"
            ]
        ]
    },
    {
        "title": "Farberware Professionals Red, Green & Orange or Purple, Aqua, & Red Strainer Set of 3",
        "url": "https://www.walmart.com/ip/Farberware-Professionals-Red-Green-Orange-or-Purple-Aqua-Red-Strainer-Set-of-3/51707954",
        "price": "$7.97",
        "stars": "4.4",
        "ratings": "52 ",
        "img": "i5.walmartimages.com/asr/a4e0ef5c-9873-43b4-b25b-3a0104a196af_1.7c7d196af44946ecda1035cca92322fb.jpeg?odnWidth=612&odnHeight=612&odnBg=ffffff",
        "tags": [
            [
                "Kitchen Tools & Gadgets",
                "/browse/home/kitchen-tools-gadgets/4044_1225301_1225229_1225238_1230040"
            ],
            [
                "Tea Accessories",
                "/browse/home/tea-accessories/4044_90548_90546_2971264_2267097"
            ],
            [
                "KitchenAid Utensils & Gadgets",
                "/browse/home/kitchenaid-utensils-gadgets/4044_623679_133020_4496646_3073544"
            ],
            [
                "Measuring Cups & Measuring Spoons",
                "/browse/home/measuring-cups-measuring-spoons/4044_623679_8455465_3090752"
            ],
            [
                "Funnels & Funnel Sets",
                "/browse/home/funnels-funnel-sets/4044_623679_133020_4496646_3698308"
            ],
            [
                "Farberware Tools and Gadgets",
                "/browse/home/farberware-tools-gadgets/4044_623679_133020_4927613"
            ],
            [
                "Food Prep",
                "/browse/home/food-prep/4044_623679_133020_642199"
            ],
            [
                "KitchenAid",
                "/browse/home/kitchenaid/4044_1225301_9409401_7708390"
            ]
        ]
    },
    {
        "title": "Select by Calphalon Hard-Anodized Nonstick 10-Inch Fry Pan with Cover",
        "url": "https://www.walmart.com/ip/Select-by-Calphalon-Hard-Anodized-Nonstick-10-Inch-Fry-Pan-with-Cover/728713050",
        "price": "$29.97",
        "stars": "4.8",
        "ratings": "122 ",
        "img": "i5.walmartimages.com/asr/e59459f1-d076-4c54-b989-21cddb286201.2bffc7fb6c6260c637076c85bc207670.jpeg?odnWidth=612&odnHeight=612&odnBg=ffffff",
        "tags": [
            [
                "Non Stick Cookware",
                "/browse/home/non-stick-cookware/4044_623679_6182459_3053446"
            ],
            [
                "Non-Stick Cookware",
                "/browse/home/non-stick-cookware/4044_623679_8140341_3396135"
            ],
            [
                "Calphalon",
                "/browse/home/calphalon/4044_1225301_9409401_4608148"
            ],
            [
                "Shop All T-fal Cookware",
                "/browse/home/shop-all-t-fal-cookware/4044_1920532_8495630_3011035_5229754"
            ],
            [
                "Tramontina",
                "/browse/home/tramontina/4044_623679_8140341_5999849"
            ],
            [
                "Ceramic Cookware",
                "/browse/home/ceramic-cookware/4044_623679_8140341_7402424"
            ],
            [
                "Calphalon Cookware",
                "/browse/home/calphalon-cookware/4044_1920532_5925737_8091933"
            ],
            [
                "T-fal",
                "/browse/home/t-fal/4044_623679_8140341_8381485"
            ]
        ]
    },
    {
        "title": "Goodcook Ice Pop Maker Sipper",
        "url": "https://www.walmart.com/ip/Goodcook-Ice-Pop-Maker-Sipper/44588225",
        "price": "$4.97",
        "stars": "4.2",
        "ratings": "39 ",
        "img": "",
        "tags": [
            [
                "Tasty Tools & Gadgets",
                "/browse/home/tasty-tools-gadgets/4044_1225301_9489794_2748906"
            ],
            [
                "Ice Cube Trays",
                "/browse/home/ice-cube-trays/4044_623679_133020_4496646_4916722"
            ],
            [
                "Ice Cream Makers",
                "/browse/home/ice-cream-makers/4044_90548_90546_132920_6175679"
            ],
            [
                "Cool Kitchen Gadgets",
                "/browse/home/cool-kitchen-gadgets/4044_623679_133020_4496646_6821949"
            ],
            [
                "Fruit & Vegetable Tools",
                "/browse/home/fruit-vegetable-tools/4044_623679_133020_4496646_8251807"
            ],
            [
                "Frozen Drink Makers",
                "/browse/home/frozen-drink-makers/4044_90548_90546_132920_9010645"
            ],
            [
                "Pineapple Corers",
                "/browse/home/pineapple-corers/4044_623679_133020_4496646_9360500"
            ]
        ]
    },
    {
        "title": "Contigo Couture Snapseal Stainless Steel Travel Mug 16 Oz, Gunmetal",
        "url": "https://www.walmart.com/ip/Contigo-Couture-Snapseal-Stainless-Steel-Travel-Mug-16-Oz-Gunmetal/954042068",
        "price": "$9.98",
        "stars": "4.5",
        "ratings": "28 ",
        "img": "i5.walmartimages.com/asr/4e1ac52f-c038-4265-84ef-e3ee3dfaa2b6_1.4e707f94d534345f68bcb4bf9edd26c3.jpeg?odnWidth=612&odnHeight=612&odnBg=ffffff",
        "tags": [
            [
                "Plastic Water Bottles",
                "/browse/home/plastic-water-bottles/4044_623679_639999_7751805_4269055_7285309_2888798"
            ],
            [
                "Shop All Water Bottles",
                "/browse/home/shop-all-water-bottles/4044_623679_639999_7751805_4269055_2976621"
            ],
            [
                "Shop All Tumblers",
                "/browse/home/shop-all-tumblers/4044_623679_639999_7751805_1376910_3549593"
            ],
            [
                "Flasks",
                "/browse/home/flasks/4044_623679_639999_4434841_4011726"
            ],
            [
                "Contigo Water Bottles",
                "/browse/home/contigo-water-bottles/4044_623679_639999_7751805_4269055_1373149_4722352"
            ],
            [
                "Simple Modern",
                "/browse/home/simple-modern/4044_1225301_5993333_6051690"
            ],
            [
                "Drinking Glasses",
                "/browse/home/drinking-glasses/4044_623679_639999_3148543_9876688"
            ],
            [
                "Dorm Dining & Hydration",
                "/browse/home/dorm-dining-hydration/4044_1225301_1225229_9951877"
            ]
        ]
    },
    {
        "title": "Libbey Clear Boston Drinkware Set, 16 Piece",
        "url": "https://www.walmart.com/ip/Libbey-Clear-Boston-Drinkware-Set-16-Piece/21095075",
        "price": "$17.98",
        "stars": "4.6",
        "ratings": "245 ",
        "img": "",
        "tags": [
            [
                "Drinkware",
                "/browse/home/drinkware/4044_1225301_1225229_1225238_1230037"
            ],
            [
                "Kitchen Wedding Registry",
                "/browse/home/kitchen-wedding-registry/4044_623679_3700962"
            ],
            [
                "Dinnerware Sets",
                "/browse/home/dinnerware-sets/4044_623679_639999_489706"
            ],
            [
                "Drinkware Sets",
                "/browse/home/drinkware-sets/4044_623679_639999_3148543_5970774"
            ],
            [
                "Dorm Dining Essentials",
                "/browse/home/dorm-dining-essentials/4044_1225301_1225229_8079634_8700307"
            ],
            [
                "Outdoor Melamine Dinnerware",
                "/browse/home/outdoor-melamine-dinnerware/4044_623679_639999_921839"
            ],
            [
                "Drinking Glasses",
                "/browse/home/drinking-glasses/4044_623679_639999_3148543_9876688"
            ],
            [
                "Dorm Dining & Hydration",
                "/browse/home/dorm-dining-hydration/4044_1225301_1225229_9951877"
            ]
        ]
    },
    {
        "title": "Mainstays Stainless Steel 3 Quart Sauce Pan with Straining Lid",
        "url": "https://www.walmart.com/ip/Mainstays-Stainless-Steel-3-Quart-Sauce-Pan-with-Straining-Lid/35644585",
        "price": "$12.97",
        "stars": "3.9",
        "ratings": "185 ",
        "img": "i5.walmartimages.com/asr/5865fafe-301d-4fcf-98dd-7b692cd10b42_1.cf2c5db029739ac9f01952cc31882dea.jpeg?odnWidth=612&odnHeight=612&odnBg=ffffff",
        "tags": [
            [
                "Non Stick Cookware",
                "/browse/home/non-stick-cookware/4044_623679_6182459_3053446"
            ],
            [
                "Non-Stick Cookware",
                "/browse/home/non-stick-cookware/4044_623679_8140341_3396135"
            ],
            [
                "Induction Cookware",
                "/browse/home/induction-cookware/4044_623679_8140341_4084816"
            ],
            [
                "Soup & Stockpots",
                "/browse/home/soup-stockpots/4044_623679_8140341_5592943"
            ],
            [
                "Tramontina",
                "/browse/home/tramontina/4044_623679_8140341_5999849"
            ],
            [
                "Stainless Steel Cookware",
                "/browse/home/stainless-steel-cookware/4044_623679_8140341_7478886"
            ],
            [
                "T-fal",
                "/browse/home/t-fal/4044_623679_8140341_8381485"
            ],
            [
                "Pots",
                "/browse/home/pots/4044_623679_8140341_9059354"
            ]
        ]
    },
    {
        "title": "Lightahead Lightahead Stainless Steel 13pcs Kitchen Knife Set with Rubber Wood Block - Chef knife, Bread knife, Carving knife, Utility knife, Paring knife & 6 pcs Steak knife, Scissors",
        "url": "https://www.walmart.com/ip/Lightahead-Stainless-Steel-13pcs-Kitchen-Knife-Set-Rubber-Wood-Block-Chef-knife-Bread-Carving-Utility-Paring-knife-6-pcs-Steak-Scissors/258113912",
        "price": "$14.99",
        "stars": "4.2",
        "ratings": "120 ",
        "img": "i5.walmartimages.com/asr/4cb4487f-1778-4e90-a49a-7609c076f565_1.35d8f08180f7d027943102d507113b9a.jpeg?odnWidth=612&odnHeight=612&odnBg=ffffff",
        "tags": [
            [
                "Paring Knives",
                "/browse/home/paring-knives/4044_623679_4809470_1952043"
            ],
            [
                "Cutlery Sets",
                "/browse/home/cutlery-sets/4044_623679_4809470_2555099"
            ],
            [
                "Specialty Knives",
                "/browse/home/specialty-knives/4044_623679_4809470_3480490"
            ],
            [
                "Bread Knives",
                "/browse/home/bread-knives/4044_623679_4809470_3889576"
            ],
            [
                "Dorm Bundles",
                "/browse/home/dorm-bundles/4044_1225301_1225229_5830926"
            ],
            [
                "Knife Block Set",
                "/browse/home/knife-block-set/4044_623679_4809470_6422246"
            ],
            [
                "Kitchen Knives",
                "/browse/home/kitchen-knives/4044_623679_4809470_7492917"
            ],
            [
                "Dorm Dining & Hydration",
                "/browse/home/dorm-dining-hydration/4044_1225301_1225229_9951877"
            ]
        ]
    }
]