[
    {
        "title": "Red Nomad Waterproof Zippered Encasement Medical Grade Bed Bug Proof & Allergy Reduction Mattress Protector ? Queen Size",
        "url": "https://www.walmart.com/ip/Red-Nomad-Waterproof-Zippered-Encasement-Medical-Grade-Bed-Bug-Proof-Allergy-Reduction-Mattress-Protector-Queen-Size/515696861",
        "price": "$41.97",
        "stars": "5.0",
        "ratings": "3 ",
        "img": "i5.walmartimages.com/asr/91b6db45-28b8-488f-b12c-e09c46a24218_1.ab4ecd58dfcc0356de735e32cf22dcce.jpeg?odnWidth=612&odnHeight=612&odnBg=ffffff",
        "tags": [
            [
                "Mattress Pads & Protectors & Toppers",
                "/browse/home/mattress-pads-protectors-toppers/4044_539103_133144"
            ],
            [
                "Waterproof Mattress Protectors",
                "/browse/home/waterproof-mattress-protectors/4044_539103_8022801_1583426"
            ],
            [
                "Fitted Mattress Protectors",
                "/browse/home/fitted-mattress-protectors/4044_539103_8022801_2727861"
            ],
            [
                "Dorm Bedding Essentials",
                "/browse/home/dorm-bedding-essentials/4044_1225301_1225229_8079634_2857911"
            ],
            [
                "Cooling Mattress Protectors",
                "/browse/home/cooling-mattress-protectors/4044_539103_8022801_4168541"
            ],
            [
                "Mattress Protectors",
                "/browse/home/mattress-protectors/4044_103150_539386_4169411"
            ],
            [
                "Bed Bug Mattress Protectors",
                "/browse/home/bed-bug-mattress-protectors/4044_539103_8022801_5020852"
            ],
            [
                "Basic Mattress Pads & Protectors",
                "/browse/home/basic-mattress-pads-protectors/4044_539103_1095008_5670126"
            ]
        ]
    },
    {
        "title": "Journey RV Bunk Mattress",
        "url": "https://www.walmart.com/ip/Journey-RV-Bunk-Mattress/633106857",
        "price": "$79.62",
        "stars": "4.3",
        "ratings": "6 ",
        "img": "i5.walmartimages.com/asr/61e79bdf-7e05-4f78-aa49-04216cee3dc4_1.fce13c9f57deec298322abab568429eb.jpeg?odnWidth=612&odnHeight=612&odnBg=ffffff",
        "tags": [
            [
                "Water Beds & Accessories",
                "/browse/home/water-beds-accessories/4044_103150_539386_1044639"
            ],
            [
                "Futon Mattresses",
                "/browse/home/futon-mattresses/4044_103150_539386_1093586"
            ],
            [
                "Memory Foam Mattresses",
                "/browse/home/memory-foam-mattresses/4044_103150_539386_414609"
            ],
            [
                "Twin Mattresses",
                "/browse/home/twin-mattresses/4044_103150_539386_9682013_4706569"
            ],
            [
                "Twin Futon Mattresses",
                "/browse/home/twin-futon-mattresses/4044_103150_4038_2217176_6018753"
            ],
            [
                "Shop All Mattresses by Comfort Level",
                "/browse/home/shop-all-mattresses-by-comfort-level/4044_103150_539386_8574778_7747247"
            ],
            [
                "Shop All Mattresses by Size",
                "/browse/home/shop-all-mattresses-by-size/4044_103150_539386_9682013_8499841"
            ],
            [
                "Firm Mattresses",
                "/browse/home/firm-mattresses/4044_1225301_7738457_8955250"
            ]
        ]
    },
    {
        "title": "Bamboo Premium Plush Mattress Protector - Soft, Quiet, Comfortable topper, cover - Hypoallergenic, Deep Fitted Pocket (Twin Size)",
        "url": "https://www.walmart.com/ip/Bamboo-Premium-Plush-Mattress-Protector-Soft-Quiet-Comfortable-topper-cover-Hypoallergenic-Deep-Fitted-Pocket-Twin-Size/482314681",
        "price": "$25.70",
        "stars": "4.0",
        "ratings": "7 ",
        "img": "i5.walmartimages.com/asr/87f3336d-6efa-476a-ab47-91708f3a617e_1.928e99f208d2fa82772706e23975ccb6.jpeg?odnWidth=612&odnHeight=612&odnBg=ffffff",
        "tags": [
            [
                "Best Selling Crib and Baby Mattresses",
                "/browse/baby/best-selling-crib-baby-mattresses/5427_414099_136294_1506180"
            ],
            [
                "Mattress Pads & Accessories",
                "/browse/baby/mattress-pads-accessories/5427_414099_136294_4706976"
            ],
            [
                "Changing Pad Covers",
                "/browse/baby/changing-pad-covers/5427_414099_486995_4794372"
            ],
            [
                "Foam Crib & Toddler Mattresses",
                "/browse/baby/foam-crib-toddler-mattresses/5427_414099_136294_7092738"
            ],
            [
                "All Crib & Baby Mattresses",
                "/browse/baby/all-crib-baby-mattresses/5427_414099_136294_9511432"
            ]
        ]
    },
    {
        "title": "Sealy Response Essentials 10\" Innerspring Mattress in a Box, Twin",
        "url": "https://www.walmart.com/ip/Sealy-Response-Essentials-10-Innerspring-Mattress-in-a-Box-Twin/370524755",
        "price": "$209.00",
        "stars": "4.2",
        "ratings": "36 ",
        "img": "",
        "tags": [
            [
                "California King Mattresses",
                "/browse/home/california-king-mattresses/4044_103150_539386_9682013_1554425"
            ],
            [
                "Mattress-in-a-Box",
                "/browse/home/mattress-in-a-box/4044_103150_539386_1985909"
            ],
            [
                "Shop All Mattresses by Brand",
                "/browse/home/shop-all-mattresses-by-brand/4044_103150_539386_8871501_5055269"
            ],
            [
                "Twin-XL Mattresses",
                "/browse/home/twin-xl-mattresses/4044_103150_539386_9682013_5191936"
            ],
            [
                "Medium Firm Mattresses",
                "/browse/home/medium-firm-mattresses/4044_1225301_7738457_6007208"
            ],
            [
                "King Mattresses",
                "/browse/home/king-mattresses/4044_103150_539386_9682013_7117230"
            ],
            [
                "Queen Mattresses",
                "/browse/home/queen-mattresses/4044_103150_539386_9682013_7235340"
            ],
            [
                "Sealy Mattresses",
                "/browse/home/sealy-mattresses/4044_103150_539386_8871501_9859836"
            ]
        ]
    },
    {
        "title": "Eggishorn Premium Cooling Bamboo Mattress Protector, 100% Waterproof Breathable Mattress Pad Cover, Against Moisture & Dust,\u200e Hypoallergenic, Unique Design for Different Mattress Depth-King Size",
        "url": "https://www.walmart.com/ip/Eggishorn-Premium-Cooling-Bamboo-Mattress-Protector-100-Waterproof-Breathable-Pad-Cover-Against-Moisture-Dust-Hypoallergenic-Unique-Design-Different-/523379729",
        "price": "$19.99",
        "stars": "5.0",
        "ratings": "3 ",
        "img": "i5.walmartimages.com/asr/3df38cf9-d682-448e-a3aa-df97bced1759.bcd647c672db16ed90aaf002496e5061.jpeg?odnWidth=612&odnHeight=612&odnBg=ffffff",
        "tags": [
            [
                "King Mattress Pads",
                "/browse/home/king-mattress-pads/4044_539103_5947786_3934177"
            ],
            [
                "Cooling Mattress Pads",
                "/browse/home/cooling-mattress-pads/4044_539103_5947786_4021470"
            ],
            [
                "Cooling Mattress Protectors",
                "/browse/home/cooling-mattress-protectors/4044_539103_8022801_4168541"
            ],
            [
                "Mattress Protectors",
                "/browse/home/mattress-protectors/4044_103150_539386_4169411"
            ],
            [
                "Basic Mattress Pads & Protectors",
                "/browse/home/basic-mattress-pads-protectors/4044_539103_1095008_5670126"
            ],
            [
                "Twin Mattress Pads",
                "/browse/home/twin-mattress-pads/4044_539103_5947786_7046410"
            ],
            [
                "Mattress Covers & Protectors",
                "/browse/home/mattress-covers-protectors/4044_539103_7427099"
            ],
            [
                "Queen Mattress Pads",
                "/browse/home/queen-mattress-pads/4044_539103_5947786_9473533"
            ]
        ]
    },
    {
        "title": "Simmons 8\" Memory Foam Mattress, Queen Size Mattress, Medium Firm Feel, CertiPur-US Certified, Cooling Gel, Motion Isolating Design, Bed In A Box",
        "url": "https://www.walmart.com/ip/Simmons-8-Memory-Foam-Mattress-Queen-Size-Mattress-Medium-Firm-Feel-CertiPur-US-Certified-Cooling-Gel-Motion-Isolating-Design-Bed-In-A-Box/432369885",
        "price": "$339.99",
        "stars": "4.6",
        "ratings": "37 ",
        "img": "",
        "tags": [
            [
                "California King Mattresses",
                "/browse/home/california-king-mattresses/4044_103150_539386_9682013_1554425"
            ],
            [
                "Memory Foam Mattresses",
                "/browse/home/memory-foam-mattresses/4044_103150_539386_414609"
            ],
            [
                "Twin Mattresses",
                "/browse/home/twin-mattresses/4044_103150_539386_9682013_4706569"
            ],
            [
                "Shop All Mattresses by Brand",
                "/browse/home/shop-all-mattresses-by-brand/4044_103150_539386_8871501_5055269"
            ],
            [
                "Twin-XL Mattresses",
                "/browse/home/twin-xl-mattresses/4044_103150_539386_9682013_5191936"
            ],
            [
                "Medium Firm Mattresses",
                "/browse/home/medium-firm-mattresses/4044_1225301_7738457_6007208"
            ],
            [
                "King Mattresses",
                "/browse/home/king-mattresses/4044_103150_539386_9682013_7117230"
            ],
            [
                "Kids' Mattresses",
                "/browse/home/kids-mattresses/4044_103150_539386_7177070"
            ]
        ]
    },
    {
        "title": "ZINUS Bobbie 10\u201d Wood Platform Bed Frame, Twin",
        "url": "https://www.walmart.com/ip/ZINUS-Bobbie-10-Wood-Platform-Bed-Frame-Twin/592352581",
        "price": "$121.74",
        "stars": "4.7",
        "ratings": "44 ",
        "img": "i5.walmartimages.com/asr/1a0b253f-902c-40bb-b34a-6550227a8c90.9b28c4e3f3e920ad2a420577d67dcf5d.jpeg?odnWidth=612&odnHeight=612&odnBg=ffffff",
        "tags": [
            [
                "Twin Bed Frames",
                "/browse/home/twin-bed-frames/4044_103150_102547_1612901_1936776"
            ],
            [
                "Platform Bed Frames",
                "/browse/home/platform-bed-frames/4044_103150_102547_1612901_2129680"
            ],
            [
                "Shop all Bed Frames",
                "/browse/home/shop-all-bed-frames/4044_103150_102547_2727648"
            ],
            [
                "Wood Bed Frames",
                "/browse/home/wood-bed-frames/4044_103150_102547_1612901_3222258"
            ],
            [
                "Queen Bed Frames",
                "/browse/home/queen-bed-frames/4044_103150_102547_1612901_3670601"
            ],
            [
                "Wood Beds",
                "/browse/home/wood-beds/4044_103150_102547_5949652_7618312_5701239"
            ],
            [
                "King Bed Frames",
                "/browse/home/king-bed-frames/4044_103150_102547_1612901_6810753"
            ],
            [
                "Full Bed Frames",
                "/browse/home/full-bed-frames/4044_103150_102547_1612901_7561545"
            ]
        ]
    },
    {
        "title": "CopperFresh 2\" Wave Foam College Mattress Topper - Twin XL, Twin, Full",
        "url": "https://www.walmart.com/ip/CopperFresh-2-Wave-Foam-College-Mattress-Topper-Twin-XL-Twin-Full/967706455",
        "price": "$29.99",
        "stars": "3.5",
        "ratings": "160 ",
        "img": "i5.walmartimages.com/asr/38bb2dc6-0b9e-4d0e-81fc-8a2f8fb00cb3_3.e4c32c6528879b85f1313a84e3c5d992.jpeg?odnWidth=612&odnHeight=612&odnBg=ffffff",
        "tags": [
            [
                "Backyard Camping",
                "/browse/health/backyard-camping/976760_7324011_8853385_2761005"
            ],
            [
                "Children's",
                "/browse/health/childrens/976760_9035881_7276940_3756988"
            ],
            [
                "Flu Shop",
                "/browse/flu-shop/976760_3790146"
            ],
            [
                "Basic Bedding",
                "/browse/health/basic-bedding/976760_9035881_9855629_4479476"
            ],
            [
                "Equate Wart Removers",
                "/browse/health/equate-wart-removers/976760_9602210_4542968"
            ],
            [
                "Amerigroup OTC",
                "/browse/health/amerigroup-otc/976760_7242297_8607061"
            ],
            [
                "Health & Wellness Private Brands",
                "/browse/health-wellness-private-brands/976760_9358347"
            ],
            [
                "Breathe Easy",
                "/browse/health/breathe-easy/976760_9035881_9642343"
            ]
        ]
    },
    {
        "title": "Metal Bed Frame Twin-Twin XL-Full-Queen Glides",
        "url": "https://www.walmart.com/ip/Metal-Bed-Frame-Twin-Twin-XL-Full-Queen-Glides/51633029",
        "price": "$57.08",
        "stars": 0,
        "ratings": 0,
        "img": "i5.walmartimages.com/asr/ac7219fe-4d4e-4f9f-bb99-125e7da9761c_1.25cfe7f8c2edd005860e6a3fa2d8692a.jpeg?odnWidth=612&odnHeight=612&odnBg=ffffff",
        "tags": [
            [
                "Twin Bed Frames",
                "/browse/home/twin-bed-frames/4044_103150_102547_1612901_1936776"
            ],
            [
                "Platform Bed Frames",
                "/browse/home/platform-bed-frames/4044_103150_102547_1612901_2129680"
            ],
            [
                "Shop all Bed Frames",
                "/browse/home/shop-all-bed-frames/4044_103150_102547_2727648"
            ],
            [
                "Queen Bed Frames",
                "/browse/home/queen-bed-frames/4044_103150_102547_1612901_3670601"
            ],
            [
                "California King Bed Frames",
                "/browse/home/california-king-bed-frames/4044_103150_102547_1612901_6889818"
            ],
            [
                "Full Bed Frames",
                "/browse/home/full-bed-frames/4044_103150_102547_1612901_7561545"
            ],
            [
                "Metal Bed Frames",
                "/browse/home/metal-bed-frames/4044_103150_102547_1612901_7728882"
            ],
            [
                "Bed Frames",
                "/browse/home/bed-frames/4044_103150_102547_1612901_96991"
            ]
        ]
    },
    {
        "title": "ZINUS 4\u201d Green Tea Pressure Relief Memory Foam Mattress Topper, Queen",
        "url": "https://www.walmart.com/ip/ZINUS-4-Green-Tea-Pressure-Relief-Memory-Foam-Mattress-Topper-Queen/662629890",
        "price": "$120.99",
        "stars": "4.3",
        "ratings": "907 ",
        "img": "i5.walmartimages.com/asr/e1a1ff8f-6e63-494d-8bc9-4308314f557b.8e6d275bdaf7acd0efda4681ada67842.jpeg?odnWidth=612&odnHeight=612&odnBg=ffffff",
        "tags": [
            [
                "Best Mattresses & Bedding for Back Pain Relief",
                "/browse/home/best-mattresses-bedding-for-back-pain-relief/4044_1225301_2271072_2600956"
            ],
            [
                "Memory Foam Mattress Topper",
                "/browse/home/memory-foam-mattress-topper/4044_539103_1095008_6066022"
            ],
            [
                "Pillow Top Mattress Topper",
                "/browse/home/pillow-top-mattress-topper/4044_539103_1095008_7221911"
            ],
            [
                "Cooling Mattress Toppers",
                "/browse/home/cooling-mattress-toppers/4044_539103_1095008_7363426"
            ],
            [
                "Mattress Toppers",
                "/browse/home/mattress-toppers/4044_539103_1095008_7595276"
            ],
            [
                "Dorm Mattresses",
                "/browse/home/dorm-mattresses/4044_1225301_1225229_8094250"
            ],
            [
                "Top Home Allergy Relief Products",
                "/browse/home/top-home-allergy-relief-products/4044_1225301_2271072_8428130"
            ],
            [
                "Gel Memory Foam Mattress Topper",
                "/browse/home/gel-memory-foam-mattress-topper/4044_539103_1095008_9823161"
            ]
        ]
    }
]