[
    {
        "title": "AllerEase Soft Terry Queen Allergy Protection Waterproof Zippered Mattress Protector",
        "url": "https://www.walmart.com/ip/AllerEase-Soft-Terry-Queen-Allergy-Protection-Waterproof-Zippered-Mattress-Protector/155660402",
        "price": "$21.99",
        "stars": "4.4",
        "ratings": "67 ",
        "img": "",
        "tags": [
            [
                "Mattress Pads & Protectors & Toppers",
                "/browse/home/mattress-pads-protectors-toppers/4044_539103_133144"
            ],
            [
                "Waterproof Mattress Protectors",
                "/browse/home/waterproof-mattress-protectors/4044_539103_8022801_1583426"
            ],
            [
                "Fitted Mattress Protectors",
                "/browse/home/fitted-mattress-protectors/4044_539103_8022801_2727861"
            ],
            [
                "Cooling Mattress Protectors",
                "/browse/home/cooling-mattress-protectors/4044_539103_8022801_4168541"
            ],
            [
                "Mattress Protectors",
                "/browse/home/mattress-protectors/4044_103150_539386_4169411"
            ],
            [
                "Bed Bug Mattress Protectors",
                "/browse/home/bed-bug-mattress-protectors/4044_539103_8022801_5020852"
            ],
            [
                "Basic Mattress Pads & Protectors",
                "/browse/home/basic-mattress-pads-protectors/4044_539103_1095008_5670126"
            ],
            [
                "Top Home Allergy Relief Products",
                "/browse/home/top-home-allergy-relief-products/4044_1225301_2271072_8428130"
            ]
        ]
    },
    {
        "title": "Better Homes & Gardens Modern Farmhouse Queen Platform Bed with Storage, Rustic Gray Finish",
        "url": "https://www.walmart.com/ip/Better-Homes-Gardens-Modern-Farmhouse-Queen-Platform-Bed-with-Storage-Rustic-Gray-Finish/759745253",
        "price": "$299.00",
        "stars": "4.0",
        "ratings": "107 ",
        "img": "i5.walmartimages.com/asr/16a31704-f6cb-44e0-9aee-f2946b38eaba_2.08fb06b896f403dcb2558d8aec7c2565.jpeg?odnWidth=612&odnHeight=612&odnBg=ffffff",
        "tags": [
            [
                "Shop All Kids' Beds",
                "/browse/home/shop-all-kids-beds/4044_1154295_1155958_7251917_1155992"
            ],
            [
                "Small Bedroom Ideas",
                "/browse/home/small-bedroom-ideas/4044_103150_2880259_3441503"
            ],
            [
                "Platform Beds",
                "/browse/home/platform-beds/4044_103150_102547_91837_5579206"
            ],
            [
                "Twin Beds",
                "/browse/home/twin-beds/4044_103150_102547_5949652_2014667_5628006"
            ],
            [
                "Better Homes & Gardens Furniture",
                "/browse/home/better-homes-gardens-furniture/4044_103150_6051572"
            ],
            [
                "Small Space Storage & Organization",
                "/browse/home/small-space-storage-organization/4044_103150_2880259_6202759"
            ],
            [
                "Storage Beds",
                "/browse/home/storage-beds/4044_103150_102547_91837_8661258"
            ],
            [
                "Beds for Girls",
                "/browse/home/beds-for-girls/4044_1154295_1155958_7251917_9747206"
            ]
        ]
    },
    {
        "title": "Serta Push-Button Power Recliner with Deep Body Cushions, Ultra Comfortable Reclining Chair, Multiple Colors",
        "url": "https://www.walmart.com/ip/Serta-Push-Button-Power-Recliner-with-Deep-Body-Cushions-Ultra-Comfortable-Reclining-Chair-Multiple-Colors/52647630",
        "price": "$299.00",
        "stars": "4.3",
        "ratings": "897 ",
        "img": "i5.walmartimages.com/asr/dfba0e32-aa54-4a32-8b13-fdd85fa40864_1.02aebeb2983ebc0bc15a9545d806d881.jpeg?odnWidth=612&odnHeight=612&odnBg=ffffff",
        "tags": [
            [
                "Power Recliners",
                "/browse/home/power-recliners/4044_103150_4038_2105992_1716273"
            ],
            [
                "Small Living Room Ideas",
                "/browse/home/small-living-room-ideas/4044_103150_2880259_2662498"
            ],
            [
                "Swivel Recliners",
                "/browse/home/swivel-recliners/4044_103150_4038_2105992_4490007"
            ],
            [
                "All Recliners",
                "/browse/home/all-recliners/4044_103150_4038_2105992_4887822"
            ],
            [
                "Massage Recliners",
                "/browse/home/massage-recliners/4044_103150_4038_2105992_4963195"
            ],
            [
                "Manual Recliners",
                "/browse/home/manual-recliners/4044_103150_4038_2105992_6737504"
            ],
            [
                "Oversized Recliners",
                "/browse/home/oversized-recliners/4044_103150_4038_2105992_7208725"
            ],
            [
                "Lift Recliners",
                "/browse/home/lift-recliners/4044_103150_4038_2105992_7869091"
            ]
        ]
    },
    {
        "title": "2 Pack White Resin Slatted Party & Rental Folding Chair Indoor Outdoor",
        "url": "https://www.walmart.com/ip/2-Pack-White-Resin-Slatted-Party-Rental-Folding-Chair-Indoor-Outdoor/506875701",
        "price": "$66.99",
        "stars": "5.0",
        "ratings": "1 ",
        "img": "",
        "tags": [
            [
                "Folding Tables & Chairs",
                "/browse/home/folding-tables-chairs/4044_103150_97116_1026080"
            ],
            [
                "Shop All Folding Chairs",
                "/browse/home/shop-all-folding-chairs/4044_103150_4037_6296206_2321205_2509863"
            ],
            [
                "Wood Folding Chairs",
                "/browse/home/wood-folding-chairs/4044_103150_4037_6296206_2321205_2931017"
            ],
            [
                "Stacking Chairs",
                "/browse/home/stacking-chairs/4044_103150_97116_1071224_3010691"
            ],
            [
                "Black Folding Chairs",
                "/browse/home/black-folding-chairs/4044_103150_4037_6296206_6455390_3378759"
            ],
            [
                "White Folding Chairs",
                "/browse/home/white-folding-chairs/4044_103150_4037_6296206_6455390_6941261"
            ],
            [
                "Metal Folding Chairs",
                "/browse/home/metal-folding-chairs/4044_103150_4037_6296206_2321205_7233162"
            ],
            [
                "Plastic Folding Chairs",
                "/browse/home/plastic-folding-chairs/4044_103150_4037_6296206_2321205_9616861"
            ]
        ]
    },
    {
        "title": "Lorell 2 Drawers Vertical Steel Lockable Filing Cabinet, Black",
        "url": "https://www.walmart.com/ip/Lorell-2-Drawers-Vertical-Steel-Lockable-Filing-Cabinet-Black/34761902",
        "price": "$74.56",
        "stars": "4.2",
        "ratings": "334 ",
        "img": "i5.walmartimages.com/asr/21b2481f-a0e9-4c31-8a0c-bedda802024e_1.b28fa30fdc138ec2b801ca4de3d40c85.jpeg?odnWidth=612&odnHeight=612&odnBg=ffffff",
        "tags": [
            [
                "File & Storage Cabinets",
                "/browse/home/file-storage-cabinets/4044_103150_97116_1071224_1072384"
            ],
            [
                "Filing Cabinets",
                "/browse/home/filing-cabinets/4044_90828_1230064_1230065"
            ],
            [
                "Rolling File Cabinets",
                "/browse/home/rolling-file-cabinets/4044_103150_97116_3020202"
            ],
            [
                "Locking File Cabinets",
                "/browse/home/locking-file-cabinets/4044_103150_97116_5743525"
            ],
            [
                "Vertical File Cabinets",
                "/browse/home/vertical-file-cabinets/4044_103150_97116_8501849"
            ],
            [
                "3 Drawer File Cabinets",
                "/browse/home/3-drawer-file-cabinets/4044_103150_97116_9667275"
            ],
            [
                "Metal File Cabinets",
                "/browse/home/metal-file-cabinets/4044_103150_97116_9684058"
            ],
            [
                "2 Drawer File Cabinets",
                "/browse/home/2-drawer-file-cabinets/4044_103150_97116_9894263"
            ]
        ]
    },
    {
        "title": "Diamond Metal X-Back Bronze 42\" Folding Stool, Tan",
        "url": "https://www.walmart.com/ip/Diamond-Metal-X-Back-Bronze-42-Folding-Stool-Tan/15914805",
        "price": "$36.00",
        "stars": "4.3",
        "ratings": "214 ",
        "img": "i5.walmartimages.com/asr/7c65c2ec-2e2b-497a-b386-dcbf77352d7c_1.819f84f6461542aebc70fe5e176e98c8.jpeg?odnWidth=612&odnHeight=612&odnBg=ffffff",
        "tags": [
            [
                "Kitchen & Dining",
                "/browse/home/kitchen-dining/4044_103150_1225290_1225294"
            ],
            [
                "Metal Bar Stools",
                "/browse/home/metal-bar-stools/4044_103150_4037_8102642_2377521"
            ],
            [
                "Armless Bar Stools",
                "/browse/home/armless-bar-stools/4044_103150_4037_8102642_2417895"
            ],
            [
                "Black Folding Chairs",
                "/browse/home/black-folding-chairs/4044_103150_4037_6296206_6455390_3378759"
            ],
            [
                "Shop All Bar Stools & Counter Stools",
                "/browse/home/shop-all-bar-stools-counter-stools/4044_103150_4037_8102642_5435701"
            ],
            [
                "Low Back Bar Stools",
                "/browse/home/low-back-bar-stools/4044_103150_4037_8102642_6622197"
            ],
            [
                "Brown Bar Stools",
                "/browse/home/brown-bar-stools/4044_103150_4037_8102642_7111966"
            ],
            [
                "Transitional Bar Stools",
                "/browse/home/transitional-bar-stools/4044_103150_4037_8102642_8503853"
            ]
        ]
    },
    {
        "title": "Ameriwood Home Landry Microwave Cart, White",
        "url": "https://www.walmart.com/ip/Ameriwood-Home-Landry-Microwave-Cart-White/12399687",
        "price": "$69.00",
        "stars": "3.7",
        "ratings": "488 ",
        "img": "i5.walmartimages.com/asr/16054a53-290a-46a1-a73b-804583cbfcb0.c640641c19fb20ba8c04f1508607cc9b.jpeg?odnWidth=612&odnHeight=612&odnBg=ffffff",
        "tags": [
            [
                "Shelving Storage",
                "/browse/home/shelving-storage/4044_90828_1230059_1043775"
            ],
            [
                "White Pantry Cabinets",
                "/browse/home/white-pantry-cabinets/4044_103150_4037_6142570_1717314"
            ],
            [
                "Kitchen Carts",
                "/browse/home/kitchen-carts/4044_103150_4037_3753153"
            ],
            [
                "Pantries",
                "/browse/home/pantries/4044_103150_4037_3781179"
            ],
            [
                "Shop All Pantries",
                "/browse/home/shop-all-pantries/4044_103150_4037_6142570_4478762"
            ],
            [
                "Microwave Carts",
                "/browse/home/microwave-carts/4044_103150_4037_4640498"
            ],
            [
                "Bakers Racks",
                "/browse/home/bakers-racks/4044_103150_4037_6138309"
            ],
            [
                "Dorm Room Essentials",
                "/browse/home/dorm-room-essentials/4044_1225301_1225229_7506721"
            ]
        ]
    },
    {
        "title": "Carson TV Stand, for TVs up to 50\", Multiple Finishes - Black and Cherry",
        "url": "https://www.walmart.com/ip/Carson-TV-Stand-for-TVs-up-to-50-Multiple-Finishes-Black-and-Cherry/16420059",
        "price": "$92.00",
        "stars": "4.3",
        "ratings": "2294 ",
        "img": "",
        "tags": [
            [
                "Flat Screen TV Stands",
                "/browse/home/flat-screen-tv-stands/4044_103150_635499_1436479"
            ],
            [
                "White TV Stands",
                "/browse/home/white-tv-stands/4044_103150_635499_1458081"
            ],
            [
                "Modern TV Stands",
                "/browse/home/modern-tv-stands/4044_103150_635499_4114822"
            ],
            [
                "Black TV Stands",
                "/browse/home/black-tv-stands/4044_103150_635499_4316653"
            ],
            [
                "TV Stands with Storage",
                "/browse/home/tv-stands-with-storage/4044_103150_635499_4530750"
            ],
            [
                "Cherry TV Stands",
                "/browse/home/cherry-tv-stands/4044_103150_635499_7133276"
            ],
            [
                "Wood TV Stands",
                "/browse/home/wood-tv-stands/4044_103150_635499_7922603"
            ],
            [
                "Espresso TV Stands",
                "/browse/home/espresso-tv-stands/4044_103150_635499_8069234"
            ]
        ]
    },
    {
        "title": "Best Price Mattress 8\" Medium Firm Memory Foam Mattress, Twin",
        "url": "https://www.walmart.com/ip/Best-Price-Mattress-8-Medium-Firm-Memory-Foam-Mattress-Twin/121710656",
        "price": "$125.00",
        "stars": "4.4",
        "ratings": "143 ",
        "img": "",
        "tags": [
            [
                "Full Mattresses",
                "/browse/home/full-mattresses/4044_103150_539386_9682013_1872812"
            ],
            [
                "Memory Foam Mattresses",
                "/browse/home/memory-foam-mattresses/4044_103150_539386_414609"
            ],
            [
                "Twin Mattresses",
                "/browse/home/twin-mattresses/4044_103150_539386_9682013_4706569"
            ],
            [
                "Medium Firm Mattresses",
                "/browse/home/medium-firm-mattresses/4044_1225301_7738457_6007208"
            ],
            [
                "King Mattresses",
                "/browse/home/king-mattresses/4044_103150_539386_9682013_7117230"
            ],
            [
                "Queen Mattresses",
                "/browse/home/queen-mattresses/4044_103150_539386_9682013_7235340"
            ],
            [
                "Shop All Mattresses by Comfort Level",
                "/browse/home/shop-all-mattresses-by-comfort-level/4044_103150_539386_8574778_7747247"
            ],
            [
                "Firm Mattresses",
                "/browse/home/firm-mattresses/4044_1225301_7738457_8955250"
            ]
        ]
    },
    {
        "title": "Urban Shop Velvet Channel Stitch Saucer Chair, Multiple Colors",
        "url": "https://www.walmart.com/ip/Urban-Shop-Velvet-Channel-Stitch-Saucer-Chair-Multiple-Colors/783189556",
        "price": "$42.00",
        "stars": "4.4",
        "ratings": "63 ",
        "img": "i5.walmartimages.com/asr/1ae7e67e-b573-40ba-8951-84284268f755_1.074571f3de76475b607468b1b7296496.jpeg?odnWidth=612&odnHeight=612&odnBg=ffffff",
        "tags": [
            [
                "Folding Tables & Chairs",
                "/browse/home/folding-tables-chairs/4044_103150_97116_1026080"
            ],
            [
                "Kids' Chairs & Seating",
                "/browse/home/kids-chairs-seating/4044_1154295_1155958_1156032"
            ],
            [
                "Teens' Lounge Seating",
                "/browse/home/teens-lounge-seating/4044_1156136_1156142_1156147"
            ],
            [
                "Folding Chairs",
                "/browse/home/folding-chairs/4044_103150_4037_1580848"
            ],
            [
                "Saucer Chairs",
                "/browse/home/saucer-chairs/4044_1154295_1155958_7203266_3255153"
            ],
            [
                "Black Folding Chairs",
                "/browse/home/black-folding-chairs/4044_103150_4037_6296206_6455390_3378759"
            ],
            [
                "Shop All Teens' Furniture",
                "/browse/home/shop-all-teens-furniture/4044_1156136_1156142_4223741"
            ],
            [
                "All Kids' Chairs",
                "/browse/home/all-kids-chairs/4044_1154295_1155958_7203266_9300235"
            ]
        ]
    }
]