[
    {
        "title": "Bubba Trailblazer Insulated Stainless Steel Water Bottle with Push Button Lid, 24 oz., Licorice",
        "url": "https://www.walmart.com/ip/Bubba-Trailblazer-Insulated-Stainless-Steel-Water-Bottle-with-Push-Button-Lid-24-oz-Licorice/545786701",
        "price": "$10.50",
        "stars": "4.8",
        "ratings": "82 ",
        "img": "i5.walmartimages.com/asr/19b8ef54-4721-4af5-a9d2-18b9f34f842b_1.01ee5ea3e415b4efacc5a035a0552860.jpeg?odnWidth=612&odnHeight=612&odnBg=ffffff",
        "tags": [
            [
                "Shop All Food Storage Containers",
                "/browse/home/shop-all-food-storage-containers/4044_623679_1032619_5842891_2687119"
            ],
            [
                "Plastic Water Bottles",
                "/browse/home/plastic-water-bottles/4044_623679_639999_7751805_4269055_7285309_2888798"
            ],
            [
                "Shop All Water Bottles",
                "/browse/home/shop-all-water-bottles/4044_623679_639999_7751805_4269055_2976621"
            ],
            [
                "Shop All Tumblers",
                "/browse/home/shop-all-tumblers/4044_623679_639999_7751805_1376910_3549593"
            ],
            [
                "Contigo Water Bottles",
                "/browse/home/contigo-water-bottles/4044_623679_639999_7751805_4269055_1373149_4722352"
            ],
            [
                "Ozark Trail Water Bottles",
                "/browse/home/ozark-trail-water-bottles/4044_623679_639999_7751805_4269055_1373149_5243864"
            ],
            [
                "Bubba Water Bottles",
                "/browse/home/bubba-water-bottles/4044_623679_639999_7751805_4269055_1373149_6325857"
            ],
            [
                "Thermoses",
                "/browse/home/thermoses/4044_623679_639999_7751805_9823303"
            ]
        ]
    },
    {
        "title": "Howard 30 inch Metal Bar Stool, Set of 4 - Gunmetal",
        "url": "https://www.walmart.com/ip/Howard-30-inch-Metal-Bar-Stool-Set-of-4-Gunmetal/138935967",
        "price": "$99.99",
        "stars": "4.8",
        "ratings": "252 ",
        "img": "i5.walmartimages.com/asr/ba645c08-11ed-448e-b2a4-26b8917cb4de_2.caea333907d1e2816a504984b116edfd.jpeg?odnWidth=612&odnHeight=612&odnBg=ffffff",
        "tags": [
            [
                "Metal Bar Stools",
                "/browse/home/metal-bar-stools/4044_103150_4037_8102642_2377521"
            ],
            [
                "Armless Bar Stools",
                "/browse/home/armless-bar-stools/4044_103150_4037_8102642_2417895"
            ],
            [
                "Black Bar Stools",
                "/browse/home/black-bar-stools/4044_103150_4037_8102642_3050483"
            ],
            [
                "Shop All Bar Stools & Counter Stools",
                "/browse/home/shop-all-bar-stools-counter-stools/4044_103150_4037_8102642_5435701"
            ],
            [
                "Bar Stools",
                "/browse/home/bar-stools/4044_103150_4037_8102642_6096890"
            ],
            [
                "Backless Bar Stools",
                "/browse/home/backless-bar-stools/4044_103150_4037_8102642_7954723"
            ],
            [
                "Industrial Bar Stools",
                "/browse/home/industrial-bar-stools/4044_103150_4037_8102642_8010427"
            ],
            [
                "Counter Stools",
                "/browse/home/counter-stools/4044_103150_4037_8102642_9471347"
            ]
        ]
    },
    {
        "title": "Better Homes & Gardens 16-Piece Burns Speckled Dinnerware Set, Black",
        "url": "https://www.walmart.com/ip/Better-Homes-Gardens-16-Piece-Burns-Speckled-Dinnerware-Set-Black/210501838",
        "price": "$46.86",
        "stars": "4.4",
        "ratings": "68 ",
        "img": "",
        "tags": [
            [
                "Summer Entertaining-Dinnerware",
                "/browse/home/summer-entertaining-dinnerware/4044_1225301_1224843_1225118_1225119"
            ],
            [
                "Plates",
                "/browse/home/plates/4044_623679_639999_3121273"
            ],
            [
                "Kitchen Wedding Registry",
                "/browse/home/kitchen-wedding-registry/4044_623679_3700962"
            ],
            [
                "Small kitchen ideas",
                "/browse/home/small-kitchen-ideas/4044_1879527_9330810_4641057"
            ],
            [
                "Better Homes & Gardens Dinnerware",
                "/browse/home/better-homes-gardens-dinnerware/4044_623679_639999_6844233"
            ],
            [
                "Dinner Plates",
                "/browse/home/dinner-plates/4044_623679_639999_2113437_7961401"
            ],
            [
                "Dorm Dining Essentials",
                "/browse/home/dorm-dining-essentials/4044_1225301_1225229_8079634_8700307"
            ],
            [
                "Dorm Dining & Hydration",
                "/browse/home/dorm-dining-hydration/4044_1225301_1225229_9951877"
            ]
        ]
    },
    {
        "title": "Spa Sensations by Zinus 7\" Adjustable Bed Frame for Twin - Queen Sizes",
        "url": "https://www.walmart.com/ip/Spa-Sensations-by-Zinus-7-Adjustable-Bed-Frame-for-Twin-Queen-Sizes/46271145",
        "price": "$59.00",
        "stars": "4.5",
        "ratings": "1149 ",
        "img": "i5.walmartimages.com/asr/d0fa474c-5fb0-4b34-aa19-f1890ba6a956_1.3dbd508ce78156bac9d1220d0ee5e3b3.jpeg?odnWidth=612&odnHeight=612&odnBg=ffffff",
        "tags": [
            [
                "Twin Bed Frames",
                "/browse/home/twin-bed-frames/4044_103150_102547_1612901_1936776"
            ],
            [
                "Platform Bed Frames",
                "/browse/home/platform-bed-frames/4044_103150_102547_1612901_2129680"
            ],
            [
                "Shop all Bed Frames",
                "/browse/home/shop-all-bed-frames/4044_103150_102547_2727648"
            ],
            [
                "Queen Bed Frames",
                "/browse/home/queen-bed-frames/4044_103150_102547_1612901_3670601"
            ],
            [
                "King Bed Frames",
                "/browse/home/king-bed-frames/4044_103150_102547_1612901_6810753"
            ],
            [
                "Full Bed Frames",
                "/browse/home/full-bed-frames/4044_103150_102547_1612901_7561545"
            ],
            [
                "Metal Bed Frames",
                "/browse/home/metal-bed-frames/4044_103150_102547_1612901_7728882"
            ],
            [
                "Shop All Mattresses by Comfort Level",
                "/browse/home/shop-all-mattresses-by-comfort-level/4044_103150_539386_8574778_7747247"
            ]
        ]
    },
    {
        "title": "Lucid Advanced Power Adjustable Bed Base, Wireless Remote, Dual Massage, Dual USB Port, Multi Position, Memory Position, Underbed Lighting, Six 12\" Legs, Twin XL",
        "url": "https://www.walmart.com/ip/Lucid-Advanced-Power-Adjustable-Bed-Base-Wireless-Remote-Dual-Massage-USB-Port-Multi-Position-Memory-Underbed-Lighting-Six-12-Legs-Twin-XL/773046053",
        "price": "$449.00",
        "stars": "4.6",
        "ratings": "142 ",
        "img": "",
        "tags": [
            [
                "Pillows & Home Aids to Stop Snoring",
                "/browse/home/pillows-home-aids-to-stop-snoring/4044_1225301_2271072_1845555"
            ],
            [
                "Best Mattresses & Bedding for Back Pain Relief",
                "/browse/home/best-mattresses-bedding-for-back-pain-relief/4044_1225301_2271072_2600956"
            ],
            [
                "Shop all Bed Frames",
                "/browse/home/shop-all-bed-frames/4044_103150_102547_2727648"
            ],
            [
                "Queen Bed Frames",
                "/browse/home/queen-bed-frames/4044_103150_102547_1612901_3670601"
            ],
            [
                "Shop all Box Springs",
                "/browse/home/shop-all-box-springs/4044_103150_102547_4502764"
            ],
            [
                "Full Bed Frames",
                "/browse/home/full-bed-frames/4044_103150_102547_1612901_7561545"
            ],
            [
                "Metal Bed Frames",
                "/browse/home/metal-bed-frames/4044_103150_102547_1612901_7728882"
            ],
            [
                "Bed Frames",
                "/browse/home/bed-frames/4044_103150_102547_1612901_96991"
            ]
        ]
    },
    {
        "title": "Creative Bath Bark 2.5-Gallon Beverage Dispenser",
        "url": "https://www.walmart.com/ip/Creative-Bath-Bark-2-5-Gallon-Beverage-Dispenser/21130889",
        "price": "$17.98",
        "stars": "4.7",
        "ratings": "202 ",
        "img": "",
        "tags": [
            [
                "Kitchen & Dining",
                "/browse/home/kitchen-dining/4044_103150_1225290_1225294"
            ],
            [
                "Food Warmers",
                "/browse/home/food-warmers/4044_90548_90546_133025_2381756"
            ],
            [
                "Kitchen Wedding Registry",
                "/browse/home/kitchen-wedding-registry/4044_623679_3700962"
            ],
            [
                "Ice Buckets",
                "/browse/home/ice-buckets/4044_623679_639999_4434841_4849583"
            ],
            [
                "Pitchers & Carafes",
                "/browse/home/pitchers-carafes/4044_623679_639999_2347672_6940701"
            ],
            [
                "Serving Platters & Trays",
                "/browse/home/serving-platters-trays/4044_623679_639999_2347672_7413764"
            ],
            [
                "Dorm Dining Essentials",
                "/browse/home/dorm-dining-essentials/4044_1225301_1225229_8079634_8700307"
            ]
        ]
    },
    {
        "title": "Gripper Non Slip 15\"x16\" Faux Leather Tufted Chair Cushions, Set of 2",
        "url": "https://www.walmart.com/ip/Gripper-Non-Slip-15-x16-Faux-Leather-Tufted-Chair-Cushions-Set-of-2/52202056",
        "price": "$15.99",
        "stars": "4.7",
        "ratings": "139 ",
        "img": "i5.walmartimages.com/asr/c211e93e-e4a0-4f26-92d8-d8d8fa66ab33_1.cfa02a869a90356a318ffddbf539aa0f.jpeg?odnWidth=612&odnHeight=612&odnBg=ffffff",
        "tags": [
            [
                "Printer & Machine Stands",
                "/browse/home/printer-machine-stands/4044_103150_97116_1043800"
            ],
            [
                "Vintage Bar Carts",
                "/browse/home/vintage-bar-carts/4044_103150_4037_3598046_5196648_3299170"
            ],
            [
                "Black Bar Carts",
                "/browse/home/black-bar-carts/4044_103150_4037_3598046_5196648_4709390"
            ],
            [
                "Wood Bar Carts",
                "/browse/home/wood-bar-carts/4044_103150_4037_3598046_5196648_6698616"
            ],
            [
                "Gripper Chair Pads",
                "/browse/home/gripper-chair-pads/4044_623679_8055732_6972637"
            ],
            [
                "Tablecloths",
                "/browse/home/tablecloths/4044_623679_8055732_8058163_7214975"
            ],
            [
                "Dorm Dining Essentials",
                "/browse/home/dorm-dining-essentials/4044_1225301_1225229_8079634_8700307"
            ],
            [
                "Industrial Bar Carts",
                "/browse/home/industrial-bar-carts/4044_103150_4037_3598046_5196648_9071169"
            ]
        ]
    },
    {
        "title": "iRobot Roomba e6 (6134) Wi-Fi Connected Robot Vacuum - Wi-Fi Connected, Works with Alexa, Ideal for Pet Hair, Carpets, Hard, Self-Charging Robotic Vacuum",
        "url": "https://www.walmart.com/ip/iRobot-Roomba-e6-6134-Wi-Fi-Connected-Robot-Vacuum-Connected-Works-Alexa-Ideal-Pet-Hair-Carpets-Hard-Self-Charging-Robotic/979038361",
        "price": "$299.00",
        "stars": "4.2",
        "ratings": "249 ",
        "img": "i5.walmartimages.com/asr/18e1de1b-e439-4189-b905-231547706626.1d457ac8f4e3451ddb0d510b647a1ecb.jpeg?odnWidth=612&odnHeight=612&odnBg=ffffff",
        "tags": [
            [
                "Best Vacuum Cleaners",
                "/browse/home/best-vacuum-cleaners/4044_90548_4047_2857938"
            ],
            [
                "Vacuum Cleaners",
                "/browse/home/vacuum-cleaners/4044_90548_4047_3525958"
            ],
            [
                "Dorm Floorcare",
                "/browse/home/dorm-floorcare/4044_1225301_1225229_3660956"
            ],
            [
                "Ecovacs Robot Vacuums",
                "/browse/home/ecovacs-robot-vacuums/4044_90548_4047_4496651"
            ],
            [
                "Roomba by iRobot",
                "/browse/home/roomba-by-irobot/4044_90548_4047_5056626"
            ],
            [
                "Pet Vacuums",
                "/browse/home/pet-vacuums/4044_90548_4047_618299"
            ],
            [
                "Dorm Vacuum Essentials",
                "/browse/home/dorm-vacuum-essentials/4044_1225301_1225229_8079634_6343193"
            ],
            [
                "Refurbished Robot Vacuums",
                "/browse/home/refurbished-robot-vacuums/4044_90548_4047_9118606"
            ]
        ]
    },
    {
        "title": "Mainstays Pearson Flatware Set, 45 Piece Stainless Steel",
        "url": "https://www.walmart.com/ip/Mainstays-Pearson-Flatware-Set-45-Piece-Stainless-Steel/103666556",
        "price": "$29.88",
        "stars": "4.0",
        "ratings": "17 ",
        "img": "",
        "tags": [
            [
                "Utensils",
                "/browse/home/utensils/4044_1225301_1225229_1225238_1230038"
            ],
            [
                "20-Piece Flatware Sets",
                "/browse/home/20-piece-flatware-sets/4044_623679_639999_2073814_3532854"
            ],
            [
                "Kitchen Wedding Registry",
                "/browse/home/kitchen-wedding-registry/4044_623679_3700962"
            ],
            [
                "Dinnerware Sets",
                "/browse/home/dinnerware-sets/4044_623679_639999_489706"
            ],
            [
                "Dorm Bundles",
                "/browse/home/dorm-bundles/4044_1225301_1225229_5830926"
            ],
            [
                "Dorm Dining Essentials",
                "/browse/home/dorm-dining-essentials/4044_1225301_1225229_8079634_8700307"
            ],
            [
                "45-Piece Flatware Sets",
                "/browse/home/45-piece-flatware-sets/4044_623679_639999_2073814_9822601"
            ],
            [
                "Dorm Dining & Hydration",
                "/browse/home/dorm-dining-hydration/4044_1225301_1225229_9951877"
            ]
        ]
    },
    {
        "title": "1500 Thread Count Egyptian Deep Pocket Sheet Set by Sweet Home Collection",
        "url": "https://www.walmart.com/ip/1500-Thread-Count-Egyptian-Deep-Pocket-Sheet-Set-by-Sweet-Home-Collection/237703274",
        "price": "$24.00",
        "stars": "4.6",
        "ratings": "237 ",
        "img": "i5.walmartimages.com/asr/bb1b0770-810e-424f-8e37-f9f676586c8c_1.e1d595322abd417c79c7cebaf6d3691a.jpeg?odnWidth=612&odnHeight=612&odnBg=ffffff",
        "tags": [
            [
                "Twin Sheets",
                "/browse/home/twin-sheets/4044_539103_5055527_2647631"
            ],
            [
                "King Sheets",
                "/browse/home/king-sheets/4044_539103_5055527_4178254"
            ],
            [
                "White Sheets",
                "/browse/home/white-sheets/4044_539103_5055527_4299542"
            ],
            [
                "Queen Sheets",
                "/browse/home/queen-sheets/4044_539103_5055527_7356834"
            ],
            [
                "Deep Pocket Sheets",
                "/browse/home/deep-pocket-sheets/4044_539103_5055527_8252918"
            ],
            [
                "Full Sheets",
                "/browse/home/full-sheets/4044_539103_5055527_8485867"
            ],
            [
                "California King Sheets",
                "/browse/home/california-king-sheets/4044_539103_5055527_9414335"
            ],
            [
                "Warm & Cozy Sheets",
                "/browse/home/warm-cozy-sheets/4044_539103_5055527_9461375"
            ]
        ]
    }
]