[
    {
        "title": "Toilet Paper Holder, Self Adhesive Bathroom Roll Holder Stick on Wall RUSTPROOF Stainless Steel Bathroom Tissue Paper Towel Roll Holder Bath Hardware Bath Accessory",
        "url": "https://www.walmart.com/ip/Toilet-Paper-Holder-Self-Adhesive-Bathroom-Roll-Holder-Stick-Wall-RUSTPROOF-Stainless-Steel-Tissue-Towel-Bath-Hardware-Accessory/281766627",
        "price": "$11.47",
        "stars": "4.1",
        "ratings": "19 ",
        "img": "i5.walmartimages.com/asr/86f764fd-038d-442c-8fc3-e57f8a5e97f9_1.17d88e9693b5db15b5687c421da7184a.jpeg?odnWidth=612&odnHeight=612&odnBg=ffffff",
        "tags": [
            [
                "All Bathroom Fixtures",
                "/browse/home-improvement/all-bathroom-fixtures/1072864_1045879_1230879_1043920"
            ],
            [
                "Towel Racks",
                "/browse/home-improvement/towel-racks/1072864_1045879_1230879_1230855"
            ],
            [
                "Towel Bars",
                "/browse/home-improvement/towel-bars/1072864_1045879_1230879_1230856"
            ],
            [
                "Robe Hooks",
                "/browse/home-improvement/robe-hooks/1072864_1067612_1230791_1230960"
            ],
            [
                "Towel Ring",
                "/browse/home-improvement/towel-ring/1072864_1045879_1230879_1230987"
            ],
            [
                "All Hooks",
                "/browse/home-improvement/all-hooks/1072864_1067612_1230791_1231064"
            ],
            [
                "Towel Hooks",
                "/browse/home-improvement/towel-hooks/1072864_1045879_1230879_4149464"
            ],
            [
                "Better Homes & Gardens Bathroom Renovation",
                "/browse/home-improvement/better-homes-gardens-bathroom-renovation/1072864_1045879_7299345"
            ]
        ]
    },
    {
        "title": "2 Piece LuxUrux Bathroom Rugs Non Slip Super Soft Chenille Luxury Bath Mat Contour Set",
        "url": "https://www.walmart.com/ip/2-Piece-LuxUrux-Bathroom-Rugs-Non-Slip-Super-Soft-Chenille-Luxury-Bath-Mat-Contour-Set/434369496",
        "price": "$24.99",
        "stars": "4.2",
        "ratings": "34 ",
        "img": "i5.walmartimages.com/asr/b35619ec-579c-489f-96e1-f873a715e384_1.642e3616177adb4c0d7c32c6a701cd57.jpeg?odnWidth=612&odnHeight=612&odnBg=ffffff",
        "tags": [
            [
                "Bathroom Rug Sets",
                "/browse/home/bathroom-rug-sets/4044_539095_920259_1753813"
            ],
            [
                "Bathroom Rugs",
                "/browse/home/bathroom-rugs/4044_539095_920259_2453408"
            ],
            [
                "Dorm Bath & Laundry",
                "/browse/home/dorm-bath-laundry/4044_1225301_1225229_3339158"
            ],
            [
                "Memory Foam Bath Mats",
                "/browse/home/memory-foam-bath-mats/4044_539095_920259_4950967"
            ],
            [
                "Dorm Bundles",
                "/browse/home/dorm-bundles/4044_1225301_1225229_5830926"
            ],
            [
                "Kids' Bath Rugs",
                "/browse/home/kids-bath-rugs/4044_539095_5586777_6667078"
            ],
            [
                "Non-Slip Bath Mats",
                "/browse/home/non-slip-bath-mats/4044_539095_920259_6970794"
            ],
            [
                "Teens' Bathroom",
                "/browse/home/teens-bathroom/4044_1156136_9411830"
            ]
        ]
    },
    {
        "title": "Luxury Cotton Towel Set- 2 Piece Bath Sheet Set Made From 100% Zero Twist Cotton- Quick Dry, Soft and Absorbent By Somerset Home",
        "url": "https://www.walmart.com/ip/Luxury-Cotton-Towel-Set-2-Piece-Bath-Sheet-Set-Made-From-100-Zero-Twist-Cotton-Quick-Dry-Soft-and-Absorbent-By-Somerset-Home/724334972",
        "price": "$33.77",
        "stars": "4.1",
        "ratings": "22 ",
        "img": "i5.walmartimages.com/asr/2bd6fc27-8098-483d-9775-a3e148b79cfd_2.40eb0f7e7482be1058722f5aec2524bb.jpeg?odnWidth=612&odnHeight=612&odnBg=ffffff",
        "tags": [
            [
                "Bath Towel Sets",
                "/browse/home/bath-towel-sets/4044_539095_7211899_1350842"
            ],
            [
                "Shop All Bath Towels",
                "/browse/home/shop-all-bath-towels/4044_539095_7211899_2665582"
            ],
            [
                "Dorm Bath & Laundry",
                "/browse/home/dorm-bath-laundry/4044_1225301_1225229_3339158"
            ],
            [
                "Bath Sheets",
                "/browse/home/bath-sheets/4044_539095_7211899_3917301"
            ],
            [
                "Turkish Towels",
                "/browse/home/turkish-towels/4044_539095_7211899_5022810"
            ],
            [
                "Dorm Bundles",
                "/browse/home/dorm-bundles/4044_1225301_1225229_5830926"
            ],
            [
                "Dorm Bath Essentials",
                "/browse/home/dorm-bath-essentials/4044_1225301_1225229_8079634_7293738"
            ],
            [
                "Hand Towels",
                "/browse/home/hand-towels/4044_539095_7211899_8928938"
            ]
        ]
    },
    {
        "title": "Liquid Soap Dispenser Pump Lotion Refillable Empty Bottle Plastic Jar Cream 11oz",
        "url": "https://www.walmart.com/ip/Liquid-Soap-Dispenser-Pump-Lotion-Refillable-Empty-Bottle-Plastic-Jar-Cream-11oz/147719409",
        "price": "$8.95",
        "stars": "3.3",
        "ratings": "12 ",
        "img": "i5.walmartimages.com/asr/5689bf70-da74-4f8c-b9f4-def97cbf5712.3f5c082411a6b3563ed271f4ee275afb.jpeg?odnWidth=612&odnHeight=612&odnBg=ffffff",
        "tags": [
            [
                "Kids' Bath Accessories",
                "/browse/home/kids-bath-accessories/4044_1154295_1143252_1143256"
            ],
            [
                "Shop All Tumblers",
                "/browse/home/shop-all-tumblers/4044_623679_639999_7751805_1376910_3549593"
            ],
            [
                "Shop All Bath Accessories",
                "/browse/home/shop-all-bath-accessories/4044_539095_2505058_4232402"
            ],
            [
                "Dorm Bath Essentials",
                "/browse/home/dorm-bath-essentials/4044_1225301_1225229_8079634_7293738"
            ],
            [
                "Soap & Lotion Dispensers",
                "/browse/home/soap-lotion-dispensers/4044_539095_2505058_7681166"
            ],
            [
                "Lunch Bags",
                "/browse/home/lunch-bags/4044_623679_1032619_2617828_8027459"
            ],
            [
                "Beverage Dispensers",
                "/browse/home/beverage-dispensers/4044_623679_639999_2347672_8436912"
            ],
            [
                "Bathroom Decor Sets",
                "/browse/home/bathroom-decor-sets/4044_539095_2505058_9867329"
            ]
        ]
    },
    {
        "title": "Buzz Hooded Towel",
        "url": "https://www.walmart.com/ip/Buzz-Hooded-Towel/195241482",
        "price": "$10.98",
        "stars": "5.0",
        "ratings": "1 ",
        "img": "i5.walmartimages.com/asr/bd44f3af-a8fe-4d61-928c-14a08b44a7fb.6d5894169b636c533e7efdb3e1a01cd0.jpeg?odnWidth=612&odnHeight=612&odnBg=ffffff",
        "tags": [
            [
                "Kids' Towels",
                "/browse/home/kids-towels/4044_1154295_1143252_1143253"
            ],
            [
                "Bath Towel Sets",
                "/browse/home/bath-towel-sets/4044_539095_7211899_1350842"
            ],
            [
                "Shop All Bath Towels",
                "/browse/home/shop-all-bath-towels/4044_539095_7211899_2665582"
            ],
            [
                "Dorm Bath & Laundry",
                "/browse/home/dorm-bath-laundry/4044_1225301_1225229_3339158"
            ],
            [
                "Bath Sheets",
                "/browse/home/bath-sheets/4044_539095_7211899_3917301"
            ],
            [
                "Hand Towels",
                "/browse/home/hand-towels/4044_539095_7211899_8928938"
            ],
            [
                "Kids' Hooded Towels",
                "/browse/home/kids-hooded-towels/4044_1154295_1143252_9264092"
            ]
        ]
    },
    {
        "title": "NFL Green Bay Packers Hand Towel, 1 Each",
        "url": "https://www.walmart.com/ip/NFL-Green-Bay-Packers-Hand-Towel-1-Each/37655511",
        "price": "$7.88",
        "stars": "4.0",
        "ratings": "4 ",
        "img": "i5.walmartimages.com/asr/0ac63588-16cf-4df6-b821-e587ff7d3b9b.797209be386e1c67cbbf993084f8ee95.jpeg?odnWidth=612&odnHeight=612&odnBg=ffffff",
        "tags": [
            [
                "Bath Fan Shop",
                "/browse/sports-outdoors/bath-fan-shop/4125_1063984_1063994_1063995"
            ],
            [
                "Bedding Fan Shop",
                "/browse/sports-outdoors/bedding-fan-shop/4125_1063984_1063994_1064004"
            ],
            [
                "Denver Broncos Team Shop",
                "/browse/sports-outdoors/denver-broncos-team-shop/4125_1063984_1423455_1434776_2972935"
            ],
            [
                "Fan Shop Throw Blankets",
                "/browse/sports-outdoors/fan-shop-throw-blankets/4125_1063984_1063994_4277922"
            ],
            [
                "Denver Broncos Bath & Kitchen",
                "/browse/sports-outdoors/denver-broncos-bath-kitchen/4125_1063984_1423455_1434776_4581338"
            ],
            [
                "Green Bay Packers Bedding & Blankets",
                "/browse/sports-outdoors/green-bay-packers-bedding-blankets/4125_1063984_1423455_8965382_5393674"
            ],
            [
                "Arizona Cardinals",
                "/browse/sports-outdoors/arizona-cardinals/4125_1063984_1423455_3197119_7553245"
            ],
            [
                "Green Bay Packers Team Shop",
                "/browse/sports-outdoors/green-bay-packers-team-shop/4125_1063984_1423455_8965382_8138546"
            ]
        ]
    },
    {
        "title": "Automatic Touchless Foam Soap Dispenser - 9.5 OZ Liquid Dispenser 3 Adjustable Dispensing Volume, IP65 Waterproof, Electric Soap Dispenser for Kids,Adults, Kitchen",
        "url": "https://www.walmart.com/ip/Automatic-Touchless-Foam-Soap-Dispenser-9-5-OZ-Liquid-3-Adjustable-Dispensing-Volume-IP65-Waterproof-Electric-Kids-Adults-Kitchen/226441483",
        "price": "$21.99",
        "stars": "3.0",
        "ratings": "2 ",
        "img": "i5.walmartimages.com/asr/2a411d1c-5054-464a-b709-9107e3e33f94.e02943ea062989ba1f469362b1801581.jpeg?odnWidth=612&odnHeight=612&odnBg=ffffff",
        "tags": [
            [
                "Kids' Bath Accessories",
                "/browse/home/kids-bath-accessories/4044_1154295_1143252_1143256"
            ],
            [
                "Dorm Bath & Laundry",
                "/browse/home/dorm-bath-laundry/4044_1225301_1225229_3339158"
            ],
            [
                "Wastebaskets",
                "/browse/home/wastebaskets/4044_539095_2505058_3725341"
            ],
            [
                "Shop All Bath Accessories",
                "/browse/home/shop-all-bath-accessories/4044_539095_2505058_4232402"
            ],
            [
                "Toothbrush Holders",
                "/browse/home/toothbrush-holders/4044_539095_2505058_5454317"
            ],
            [
                "Soap & Lotion Dispensers",
                "/browse/home/soap-lotion-dispensers/4044_539095_2505058_7681166"
            ],
            [
                "Teens' Bathroom",
                "/browse/home/teens-bathroom/4044_1156136_9411830"
            ]
        ]
    },
    {
        "title": "Better Homes & Gardens Terrazzo Vanity Tray",
        "url": "https://www.walmart.com/ip/Better-Homes-Gardens-Terrazzo-Vanity-Tray/181441031",
        "price": "$9.97",
        "stars": "4.9",
        "ratings": "21 ",
        "img": "i5.walmartimages.com/asr/debb93f0-3c07-4fc1-bdb3-ce1c8c299d87_1.b2905c5d057547c6c11f95ad7f5d4f25.jpeg?odnWidth=612&odnHeight=612&odnBg=ffffff",
        "tags": [
            [
                "Bath Towels",
                "/browse/home/bath-towels/4044_539095_7211899_1030320"
            ],
            [
                "Bathroom Accessories",
                "/browse/home/bathroom-accessories/4044_539095_133000"
            ],
            [
                "Apothecary Jars",
                "/browse/home/apothecary-jars/4044_539095_2505058_1832937"
            ],
            [
                "Dorm Bath & Laundry",
                "/browse/home/dorm-bath-laundry/4044_1225301_1225229_3339158"
            ],
            [
                "Wastebaskets",
                "/browse/home/wastebaskets/4044_539095_2505058_3725341"
            ],
            [
                "Toothbrush Holders",
                "/browse/home/toothbrush-holders/4044_539095_2505058_5454317"
            ],
            [
                "Soap & Lotion Dispensers",
                "/browse/home/soap-lotion-dispensers/4044_539095_2505058_7681166"
            ],
            [
                "Bathroom Decor Sets",
                "/browse/home/bathroom-decor-sets/4044_539095_2505058_9867329"
            ]
        ]
    },
    {
        "title": "PiccoCasa Microfiber Non-slip TPR Rubber Bath Floor Mat 20x31 inch, Brown",
        "url": "https://www.walmart.com/ip/PiccoCasa-Microfiber-Non-slip-TPR-Rubber-Bath-Floor-Mat-20x31-inch-Brown/922018078",
        "price": "$18.54",
        "stars": "4.8",
        "ratings": "4 ",
        "img": "i5.walmartimages.com/asr/9c0e330f-f2f1-40a3-af13-9d5be46ff49c_1.f9d406ab5661a557c59e672ec86488da.jpeg?odnWidth=612&odnHeight=612&odnBg=ffffff",
        "tags": [
            [
                "Teens' Bath Mats",
                "/browse/home/teens-bath-mats/4044_1156136_1156137_1156139"
            ],
            [
                "Bathroom Rug Sets",
                "/browse/home/bathroom-rug-sets/4044_539095_920259_1753813"
            ],
            [
                "Bathroom Rugs",
                "/browse/home/bathroom-rugs/4044_539095_920259_2453408"
            ],
            [
                "Dorm Bath & Laundry",
                "/browse/home/dorm-bath-laundry/4044_1225301_1225229_3339158"
            ],
            [
                "Memory Foam Bath Mats",
                "/browse/home/memory-foam-bath-mats/4044_539095_920259_4950967"
            ],
            [
                "Kids' Bath Rugs",
                "/browse/home/kids-bath-rugs/4044_539095_5586777_6667078"
            ],
            [
                "Non-Slip Bath Mats",
                "/browse/home/non-slip-bath-mats/4044_539095_920259_6970794"
            ],
            [
                "Teens' Bathroom",
                "/browse/home/teens-bathroom/4044_1156136_9411830"
            ]
        ]
    },
    {
        "title": "Clara Clark Set of 3 Shaggy Bath Rug with Non-Slip Backing Rubber - Machine Washable Super Soft Bathmat - Plush Absorbent Bathroom Rug, Small Large and Contour, Gray",
        "url": "https://www.walmart.com/ip/Clara-Clark-Set-3-Shaggy-Bath-Rug-Non-Slip-Backing-Rubber-Machine-Washable-Super-Soft-Bathmat-Plush-Absorbent-Bathroom-Rug-Small-Large-Contour-Gray/841504082",
        "price": "$19.65",
        "stars": "3.9",
        "ratings": "25 ",
        "img": "i5.walmartimages.com/asr/ed60fdd0-02e1-4ce2-b55b-4ac6f3a730a0_1.b6c78c40d76d828944a1e7a1239cabed.jpeg?odnWidth=612&odnHeight=612&odnBg=ffffff",
        "tags": [
            [
                "Teens' Bath Mats",
                "/browse/home/teens-bath-mats/4044_1156136_1156137_1156139"
            ],
            [
                "Bathroom Rug Sets",
                "/browse/home/bathroom-rug-sets/4044_539095_920259_1753813"
            ],
            [
                "Bathroom Rugs",
                "/browse/home/bathroom-rugs/4044_539095_920259_2453408"
            ],
            [
                "Dorm Bath & Laundry",
                "/browse/home/dorm-bath-laundry/4044_1225301_1225229_3339158"
            ],
            [
                "Memory Foam Bath Mats",
                "/browse/home/memory-foam-bath-mats/4044_539095_920259_4950967"
            ],
            [
                "Kids' Bath Rugs",
                "/browse/home/kids-bath-rugs/4044_539095_5586777_6667078"
            ],
            [
                "Non-Slip Bath Mats",
                "/browse/home/non-slip-bath-mats/4044_539095_920259_6970794"
            ],
            [
                "Teens' Bathroom",
                "/browse/home/teens-bathroom/4044_1156136_9411830"
            ]
        ]
    }
]