[
    {
        "title": "Your Zone Unicorn Set for Kids, 3 Pieces includes Storage Cube, Throw & Decorative Pillow",
        "url": "https://www.walmart.com/ip/Your-Zone-Unicorn-Set-for-Kids-3-Pieces-includes-Storage-Cube-Throw-Decorative-Pillow/252702949",
        "price": "$14.88",
        "stars": "4.8",
        "ratings": "99 ",
        "img": "i5.walmartimages.com/asr/6cbe259b-a276-440b-9a60-e65af3ea3995.ad0b0120d13e53724051f753a78f18b8.jpeg?odnWidth=612&odnHeight=612&odnBg=ffffff",
        "tags": [
            [
                "Kids' Blankets & Throws",
                "/browse/home/kids-blankets-throws/4044_1154295_1156114_1156133"
            ],
            [
                "Kids' Pillows",
                "/browse/home/kids-pillows/4044_1154295_1156114_1156135"
            ],
            [
                "Shop All Kids' Bedding",
                "/browse/home/shop-all-kids-bedding/4044_1154295_1156114_2202167"
            ],
            [
                "Shop All Kids' Decor",
                "/browse/home/shop-all-kids-decor/4044_1154295_1156072_2546143"
            ],
            [
                "Kids' Storage Bins",
                "/browse/home/kids-storage-bins/4044_90828_2523133_2558841"
            ],
            [
                "Bed Skirts & Dust Ruffles",
                "/browse/home/bed-skirts-dust-ruffles/4044_539103_580812"
            ],
            [
                "Throws",
                "/browse/home/throws/4044_133012_6160705_9662661"
            ]
        ]
    },
    {
        "title": "Your Zone Heather Grey & Blue Bed-in-a-Bag Kids Bedding Set",
        "url": "https://www.walmart.com/ip/Your-Zone-Heather-Grey-Blue-Bed-in-a-Bag-Kids-Bedding-Set/433665925",
        "price": "$29.94",
        "stars": "4.3",
        "ratings": "28 ",
        "img": "i5.walmartimages.com/asr/5da151bc-9d37-4348-a76b-349a7c91ec0b_1.88c6dd932e5b7669777a1e65aa9fbb83.jpeg?odnWidth=612&odnHeight=612&odnBg=ffffff",
        "tags": [
            [
                "Kids' Bedding Sets",
                "/browse/home/kids-bedding-sets/4044_1154295_1156114_1156134"
            ],
            [
                "Teens' Bedding Sets",
                "/browse/home/teens-bedding-sets/4044_1156136_1156157_1156162"
            ],
            [
                "Teens' Comforters Sets",
                "/browse/home/teens-comforters-sets/4044_1156136_1156157_1230003"
            ],
            [
                "Boys Comforter Sets",
                "/browse/home/boys-comforter-sets/4044_1154295_1156114_2387054"
            ],
            [
                "Boys Bedding",
                "/browse/home/boys-bedding/4044_1154295_1156114_3182549"
            ],
            [
                "Bed-in-a-Bag Sets",
                "/browse/home/bed-in-a-bag-sets/4044_539103_9474113_3388004"
            ],
            [
                "Girls Comforter Sets",
                "/browse/home/girls-comforter-sets/4044_1154295_1156114_4082186"
            ],
            [
                "Boys Bedding Sets",
                "/browse/home/boys-bedding-sets/4044_1154295_1156114_8104030"
            ]
        ]
    },
    {
        "title": "Badger Basket Multi-Bin Storage Cubby, Multiple Colors",
        "url": "https://www.walmart.com/ip/Badger-Basket-Multi-Bin-Storage-Cubby-Multiple-Colors/55317308",
        "price": "$88.99",
        "stars": "4.1",
        "ratings": "55 ",
        "img": "i5.walmartimages.com/asr/be945c54-505e-4e4e-a280-d3bdce703860_1.7d043b97371a39ae5449a7b248396e66.jpeg?odnWidth=612&odnHeight=612&odnBg=ffffff",
        "tags": [
            [
                "Toy Storage",
                "/browse/home/toy-storage/4044_90828_2523133_1798234"
            ],
            [
                "Kids Bookcases & Bookshelves",
                "/browse/home/kids-bookcases-bookshelves/4044_90828_2523133_4654094"
            ],
            [
                "Toy Organizers",
                "/browse/home/toy-organizers/4044_90828_2523133_6541275"
            ],
            [
                "Kids' Storage",
                "/browse/home/kids-storage/4044_1154295_673059"
            ],
            [
                "Shop All Kids' Storage",
                "/browse/home/shop-all-kids-storage/4044_90828_2523133_7142851"
            ],
            [
                "Teens' Storage",
                "/browse/home/teens-storage/4044_1156136_8381926"
            ],
            [
                "White Bookcases & Bookshelves",
                "/browse/home/white-bookcases-bookshelves/4044_103150_97116_8660201"
            ],
            [
                "Kids' Playroom",
                "/browse/home/kids-playroom/4044_1154295_9443108"
            ]
        ]
    },
    {
        "title": "Chezmoi Collection 3-Piece Micromink Sherpa Down Alternative Comforter Set",
        "url": "https://www.walmart.com/ip/Chezmoi-Collection-3-Piece-Micromink-Sherpa-Down-Alternative-Comforter-Set/543011217",
        "price": "$49.99",
        "stars": "4.5",
        "ratings": "37 ",
        "img": "i5.walmartimages.com/asr/88b8ad31-dfea-4047-8bbf-b99bc31f426f.f0db561b428844670e8e77d1e5b65b1a.jpeg?odnWidth=612&odnHeight=612&odnBg=ffffff",
        "tags": [
            [
                "Teens' Bedding Sets",
                "/browse/home/teens-bedding-sets/4044_1156136_1156157_1156162"
            ],
            [
                "Teens' Comforters Sets",
                "/browse/home/teens-comforters-sets/4044_1156136_1156157_1230003"
            ],
            [
                "Down Alternative Comforters",
                "/browse/home/down-alternative-comforters/4044_539103_1095008_4384332"
            ],
            [
                "Comforters",
                "/browse/home/comforters/4044_539103_4754"
            ],
            [
                "Queen Comforters",
                "/browse/home/queen-comforters/4044_539103_1995847_5811928"
            ],
            [
                "Down & Down Alternative Comforters",
                "/browse/home/down-down-alternative-comforters/4044_539103_1095008_6184046"
            ],
            [
                "Blue Comforters",
                "/browse/home/blue-comforters/4044_539103_1995847_7238240"
            ],
            [
                "Purple Comforters",
                "/browse/home/purple-comforters/4044_539103_1995847_8836392"
            ]
        ]
    },
    {
        "title": "Home Sweet Home Extra Soft Deep Pocket Embroidery Luxury 4-Piece Bed Sheet Set (King, Gold)",
        "url": "https://www.walmart.com/ip/Home-Sweet-Home-Extra-Soft-Deep-Pocket-Embroidery-Luxury-4-Piece-Bed-Sheet-Set-King-Gold/628267753",
        "price": "$27.99",
        "stars": "4.2",
        "ratings": "24 ",
        "img": "i5.walmartimages.com/asr/3b8bc358-14e9-459e-b73a-81778a78e308_1.2a5e4979b5f5c5e73c18d552e9ef4618.jpeg?odnWidth=612&odnHeight=612&odnBg=ffffff",
        "tags": [
            [
                "Twin XL Sheets",
                "/browse/home/twin-xl-sheets/4044_539103_5055527_1928269"
            ],
            [
                "Twin Sheets",
                "/browse/home/twin-sheets/4044_539103_5055527_2647631"
            ],
            [
                "King Sheets",
                "/browse/home/king-sheets/4044_539103_5055527_4178254"
            ],
            [
                "White Sheets",
                "/browse/home/white-sheets/4044_539103_5055527_4299542"
            ],
            [
                "Sheet Sets",
                "/browse/home/sheet-sets/4044_539103_5055527_8012601"
            ],
            [
                "Deep Pocket Sheets",
                "/browse/home/deep-pocket-sheets/4044_539103_5055527_8252918"
            ],
            [
                "California King Sheets",
                "/browse/home/california-king-sheets/4044_539103_5055527_9414335"
            ],
            [
                "Warm & Cozy Sheets",
                "/browse/home/warm-cozy-sheets/4044_539103_5055527_9461375"
            ]
        ]
    },
    {
        "title": "Chezmoi Collection Mason 8-Piece Solid Pleated Hem Bed-in-a-bag Comforter Set with Sheet Set",
        "url": "https://www.walmart.com/ip/Chezmoi-Collection-Mason-8-Piece-Solid-Pleated-Hem-Bed-in-a-bag-Comforter-Set-with-Sheet-Set/796532026",
        "price": "$39.99",
        "stars": "3.5",
        "ratings": "16 ",
        "img": "i5.walmartimages.com/asr/3a5412e6-70a8-4f09-8bdf-4297915ac513_1.11c86879bb2e338107460203d94dbf3d.jpeg?odnWidth=612&odnHeight=612&odnBg=ffffff",
        "tags": [
            [
                "Teens' Bedding Sets",
                "/browse/home/teens-bedding-sets/4044_1156136_1156157_1156162"
            ],
            [
                "Teens' Comforters Sets",
                "/browse/home/teens-comforters-sets/4044_1156136_1156157_1230003"
            ],
            [
                "Grey Comforters",
                "/browse/home/grey-comforters/4044_539103_1995847_2463602"
            ],
            [
                "Bed-in-a-Bag Sets",
                "/browse/home/bed-in-a-bag-sets/4044_539103_9474113_3388004"
            ],
            [
                "Comforters",
                "/browse/home/comforters/4044_539103_4754"
            ],
            [
                "Queen Comforters",
                "/browse/home/queen-comforters/4044_539103_1995847_5811928"
            ],
            [
                "Blue Comforters",
                "/browse/home/blue-comforters/4044_539103_1995847_7238240"
            ],
            [
                "California King Comforters",
                "/browse/home/california-king-comforters/4044_539103_1995847_8868480"
            ]
        ]
    },
    {
        "title": "Sofa Sack Cover No Filling - Bean Bag Footstools Foot Rest Stool Pouffe Ottoma-Ultra Soft Home Bean Bag Chair - Memory Foam Bean Bag Chair-Furnitout Ottoman Bean Bag Cover",
        "url": "https://www.walmart.com/ip/Sofa-Sack-Cover-No-Filling-Bean-Bag-Footstools-Foot-Rest-Stool-Pouffe-Ottoma-Ultra-Soft-Home-Chair-Memory-Foam-Chair-Furnitout-Ottoman/200468629",
        "price": "$12.99",
        "stars": "1.7",
        "ratings": "16 ",
        "img": "i5.walmartimages.com/asr/6be68eba-1369-452e-9d50-0a66868d0936_1.48c612aa4b61dd2c1df30656018e7684.jpeg?odnWidth=612&odnHeight=612&odnBg=ffffff",
        "tags": [
            [
                "Storage Ottomans",
                "/browse/home/storage-ottomans/4044_90828_1230059_1230060"
            ],
            [
                "Footstools & Storage Footstools",
                "/browse/home/footstools-storage-footstools/4044_103150_4038_9082960_3029488"
            ],
            [
                "Linen Ottomans",
                "/browse/home/linen-ottomans/4044_103150_4038_9082960_3438873"
            ],
            [
                "Square Ottomans",
                "/browse/home/square-ottomans/4044_103150_4038_9082960_4706359"
            ],
            [
                "No Storage Ottomans",
                "/browse/home/no-storage-ottomans/4044_103150_4038_9082960_5987955"
            ],
            [
                "All Ottomans",
                "/browse/home/all-ottomans/4044_103150_4038_9082960_8193767"
            ],
            [
                "Round Ottomans",
                "/browse/home/round-ottomans/4044_103150_4038_9082960_8908626"
            ],
            [
                "Leather Ottomans",
                "/browse/home/leather-ottomans/4044_103150_4038_9082960_9793012"
            ]
        ]
    },
    {
        "title": "Premium Extra-Large Disposable Washcloths, XL, 144 Ct",
        "url": "https://www.walmart.com/ip/Premium-Extra-Large-Disposable-Washcloths-XL-144-Ct/686813370",
        "price": "$22.58",
        "stars": "4.6",
        "ratings": "8 ",
        "img": "",
        "tags": [
            [
                "Kids' Towels",
                "/browse/home/kids-towels/4044_1154295_1143252_1143253"
            ],
            [
                "Copper Cookware",
                "/browse/home/copper-cookware/4044_623679_8140341_1819059"
            ],
            [
                "Shop All Bath Towels",
                "/browse/home/shop-all-bath-towels/4044_539095_7211899_2665582"
            ],
            [
                "Measuring Cups & Measuring Spoons",
                "/browse/home/measuring-cups-measuring-spoons/4044_623679_8455465_3090752"
            ],
            [
                "Copper Pans & Skillets",
                "/browse/home/copper-pans-skillets/4044_623679_8140341_9298040"
            ],
            [
                "Teens' Bathroom",
                "/browse/home/teens-bathroom/4044_1156136_9411830"
            ],
            [
                "Mixing & Measuring",
                "/browse/home/mixing-measuring/4044_623679_133020_4496646_9584965"
            ]
        ]
    },
    {
        "title": "LOL Surprise Kids Room Lighting Stick Lamp",
        "url": "https://www.walmart.com/ip/LOL-Surprise-Kids-Room-Lighting-Stick-Lamp/281599446",
        "price": "$22.68",
        "stars": "4.7",
        "ratings": "11 ",
        "img": "i5.walmartimages.com/asr/11edb6d2-a182-43e4-8942-294d42c5b4fc_4.266969a1c201630e37feb2de36a5f592.jpeg?odnWidth=612&odnHeight=612&odnBg=ffffff",
        "tags": [
            [
                "Girls Bedding",
                "/browse/home/girls-bedding/4044_1154295_1156114_1232347"
            ],
            [
                "Character Bedding",
                "/browse/home/character-bedding/4044_1154295_1156114_1753305"
            ],
            [
                "Shop All Kids' Bedding",
                "/browse/home/shop-all-kids-bedding/4044_1154295_1156114_2202167"
            ],
            [
                "Shop All Kids' Decor",
                "/browse/home/shop-all-kids-decor/4044_1154295_1156072_2546143"
            ],
            [
                "Girls Comforter Sets",
                "/browse/home/girls-comforter-sets/4044_1154295_1156114_4082186"
            ],
            [
                "Kids' Characters",
                "/browse/home/kids-characters/4044_1154295_6561064"
            ],
            [
                "Kids' Storage",
                "/browse/home/kids-storage/4044_1154295_673059"
            ],
            [
                "Shop All Kids' Storage",
                "/browse/home/shop-all-kids-storage/4044_90828_2523133_7142851"
            ]
        ]
    },
    {
        "title": "Your Zone Ants in Paris Soft Wrinkle Resistant Microfiber Sheet Set",
        "url": "https://www.walmart.com/ip/Your-Zone-Ants-in-Paris-Soft-Wrinkle-Resistant-Microfiber-Sheet-Set/713625973",
        "price": "$13.97",
        "stars": "4.6",
        "ratings": "200 ",
        "img": "",
        "tags": [
            [
                "Kids' Sheets",
                "/browse/home/kids-sheets/4044_1154295_1156114_1156115"
            ],
            [
                "Twin Sheets",
                "/browse/home/twin-sheets/4044_539103_5055527_2647631"
            ],
            [
                "Microfiber Sheets",
                "/browse/home/microfiber-sheets/4044_539103_5055527_2660867"
            ],
            [
                "Teen Girl Bedding",
                "/browse/home/teen-girl-bedding/4044_1156136_1156157_4518210"
            ],
            [
                "Queen Sheets",
                "/browse/home/queen-sheets/4044_539103_5055527_7356834"
            ],
            [
                "Sheet Sets",
                "/browse/home/sheet-sets/4044_539103_5055527_8012601"
            ],
            [
                "Paris Bedding",
                "/browse/home/paris-bedding/4044_1154295_1156114_2439708_8338795"
            ],
            [
                "Warm & Cozy Sheets",
                "/browse/home/warm-cozy-sheets/4044_539103_5055527_9461375"
            ]
        ]
    }
]