[
    {
        "title": "Latitude Gold Glitter Stripe and Polka Dot Bed-in-a-Bag Bedding Set",
        "url": "https://www.walmart.com/ip/Latitude-Gold-Glitter-Stripe-and-Polka-Dot-Bed-in-a-Bag-Bedding-Set/54594426",
        "price": "$44.99",
        "stars": "4.5",
        "ratings": "54 ",
        "img": "i5.walmartimages.com/asr/8c54110a-d21f-4720-8fdc-60a593c304b4_1.280bcf2eccd49043500e30aeed2e307e.jpeg?odnWidth=612&odnHeight=612&odnBg=ffffff",
        "tags": [
            [
                "Kids' Comforters",
                "/browse/home/kids-comforters/4044_1154295_1156114_1156132"
            ],
            [
                "Kids' Bedding Sets",
                "/browse/home/kids-bedding-sets/4044_1154295_1156114_1156134"
            ],
            [
                "Teens' Comforters Sets",
                "/browse/home/teens-comforters-sets/4044_1156136_1156157_1230003"
            ],
            [
                "Girls Bedding",
                "/browse/home/girls-bedding/4044_1154295_1156114_1232347"
            ],
            [
                "Shop All Kids' Bedding",
                "/browse/home/shop-all-kids-bedding/4044_1154295_1156114_2202167"
            ],
            [
                "Bed-in-a-Bag Sets",
                "/browse/home/bed-in-a-bag-sets/4044_539103_9474113_3388004"
            ],
            [
                "Girls Bedding Sets",
                "/browse/home/girls-bedding-sets/4044_1154295_1156114_3967620"
            ],
            [
                "Girls Comforter Sets",
                "/browse/home/girls-comforter-sets/4044_1154295_1156114_4082186"
            ]
        ]
    },
    {
        "title": "Regal Upholstered Bed with Nail Trim Headboard, King",
        "url": "https://www.walmart.com/ip/Regal-Upholstered-Bed-with-Nail-Trim-Headboard-King/851871430",
        "price": "$163.27",
        "stars": "3.9",
        "ratings": "36 ",
        "img": "i5.walmartimages.com/asr/93f750de-9d28-40ab-ba05-78ea7f910fa2.1352be34e1797c011999c815d0d0d98b.jpeg?odnWidth=612&odnHeight=612&odnBg=ffffff",
        "tags": [
            [
                "King Beds",
                "/browse/home/king-beds/4044_103150_102547_91837_2698834"
            ],
            [
                "Modern Beds",
                "/browse/home/modern-beds/4044_103150_102547_5949652_5494944_3059712"
            ],
            [
                "Panel Beds",
                "/browse/home/panel-beds/4044_103150_102547_5949652_4461999_3210911"
            ],
            [
                "Queen Beds",
                "/browse/home/queen-beds/4044_103150_102547_5949652_2014667_3260170"
            ],
            [
                "Platform Beds",
                "/browse/home/platform-beds/4044_103150_102547_91837_5579206"
            ],
            [
                "Wood Beds",
                "/browse/home/wood-beds/4044_103150_102547_5949652_7618312_5701239"
            ],
            [
                "Upholstered Beds",
                "/browse/home/upholstered-beds/4044_103150_102547_5949652_7618312_6750481"
            ],
            [
                "Full Beds",
                "/browse/home/full-beds/4044_103150_102547_91837_7293063"
            ]
        ]
    },
    {
        "title": "Bean Bag Refill",
        "url": "https://www.walmart.com/ip/Bean-Bag-Refill/22860239",
        "price": "$20.00",
        "stars": "4.4",
        "ratings": "26 ",
        "img": "",
        "tags": [
            [
                "Teens' Lounge Seating",
                "/browse/home/teens-lounge-seating/4044_1156136_1156142_1156147"
            ],
            [
                "Big Bean Bag Chairs",
                "/browse/home/big-bean-bag-chairs/4044_1154295_1155958_7203266_4128634"
            ],
            [
                "Bean Bag Chairs",
                "/browse/home/bean-bag-chairs/4044_1154295_1155958_7203266_4850205"
            ],
            [
                "Shop All Kids' Furniture",
                "/browse/home/shop-all-kids-furniture/4044_1154295_1155958_5352796"
            ],
            [
                "Adult & Teen Bean Bag Chairs",
                "/browse/home/adult-teen-bean-bag-chairs/4044_1154295_1155958_7203266_8496525"
            ],
            [
                "Kids' Bean Bag Chairs",
                "/browse/home/kids-bean-bag-chairs/4044_1154295_1155958_7203266_9269066"
            ],
            [
                "All Kids' Chairs",
                "/browse/home/all-kids-chairs/4044_1154295_1155958_7203266_9300235"
            ],
            [
                "Kids' Playroom",
                "/browse/home/kids-playroom/4044_1154295_9443108"
            ]
        ]
    },
    {
        "title": "Fitted Hospital Bed Sheet, Twin Extra-Long 36\"X80\"X9\" Soft and Comfy 100% Cotton (Twin XL, White) by Crescent",
        "url": "https://www.walmart.com/ip/Fitted-Hospital-Bed-Sheet-Twin-Extra-Long-36-X80-X9-Soft-and-Comfy-100-Cotton-Twin-XL-White-by-Crescent/551725912",
        "price": "$19.95",
        "stars": "4.3",
        "ratings": "14 ",
        "img": "i5.walmartimages.com/asr/73255b4b-a045-4b2e-9e73-d6a297c5b92e_1.adaed5a484e4bc5ad0e5896043f86f63.jpeg?odnWidth=612&odnHeight=612&odnBg=ffffff",
        "tags": [
            [
                "Bed Sheets",
                "/browse/home/bed-sheets/4044_539103_133061"
            ],
            [
                "Twin XL Sheets",
                "/browse/home/twin-xl-sheets/4044_539103_5055527_1928269"
            ],
            [
                "Twin Sheets",
                "/browse/home/twin-sheets/4044_539103_5055527_2647631"
            ],
            [
                "White Sheets",
                "/browse/home/white-sheets/4044_539103_5055527_4299542"
            ],
            [
                "Fitted Sheets",
                "/browse/home/fitted-sheets/4044_539103_5055527_5879517"
            ],
            [
                "Jersey Sheets",
                "/browse/home/jersey-sheets/4044_539103_5055527_7764802"
            ],
            [
                "100% Cotton Sheets",
                "/browse/home/100-cotton-sheets/4044_539103_5055527_7909690"
            ],
            [
                "Full Sheets",
                "/browse/home/full-sheets/4044_539103_5055527_8485867"
            ]
        ]
    },
    {
        "title": "Cosy House Collection Luxury Bamboo Bed Sheet Set - Hypoallergenic Bedding Blend from Natural Bamboo Fiber - Resists Wrinkles - 4 Piece - 1 Fitted Sheet, 1 Flat, 1 Pillowcase - Twin",
        "url": "https://www.walmart.com/ip/Cosy-House-Collection-Luxury-Bamboo-Bed-Sheet-Set-Hypoallergenic-Bedding-Blend-Natural-Fiber-Resists-Wrinkles-4-Piece-1-Fitted-Sheet-Flat-Pillowcase-/273143943",
        "price": "$39.95",
        "stars": "4.7",
        "ratings": "3 ",
        "img": "i5.walmartimages.com/asr/5b0e4735-53b1-4d59-9ac0-a612f202ff48.78ac369ba42e5ffbea290fd6b4bebf57.jpeg?odnWidth=612&odnHeight=612&odnBg=ffffff",
        "tags": []
    },
    {
        "title": "Holiday Time Merry Christmas Wreath Buffalo Plaid Throw Pillows, Set of 2",
        "url": "https://www.walmart.com/ip/Holiday-Time-Merry-Christmas-Wreath-Buffalo-Plaid-Throw-Pillows-Set-of-2/480937352",
        "price": "$15.98",
        "stars": 0,
        "ratings": 0,
        "img": "i5.walmartimages.com/asr/0a8d4a0a-ec7e-42f6-be89-be0c673e8823.552809e133fc51fb86ab09d1dd3cec94.jpeg?odnWidth=612&odnHeight=612&odnBg=ffffff",
        "tags": []
    },
    {
        "title": "Mainstays Kids Star Coordinating Sheet Set",
        "url": "https://www.walmart.com/ip/Mainstays-Kids-Star-Coordinating-Sheet-Set/860524413",
        "price": "$12.98",
        "stars": "5.0",
        "ratings": "5 ",
        "img": "i5.walmartimages.com/asr/e48fd393-f099-475b-b703-165fdb2ee8d3_6.33f623fdcd7ffadba49a747e3edffab2.jpeg?odnWidth=612&odnHeight=612&odnBg=ffffff",
        "tags": [
            [
                "Twin Sheets",
                "/browse/home/twin-sheets/4044_539103_5055527_2647631"
            ],
            [
                "Microfiber Sheets",
                "/browse/home/microfiber-sheets/4044_539103_5055527_2660867"
            ],
            [
                "Outer Space Bedding",
                "/browse/home/outer-space-bedding/4044_1154295_1156114_2439708_3569991"
            ],
            [
                "King Sheets",
                "/browse/home/king-sheets/4044_539103_5055527_4178254"
            ],
            [
                "Queen Sheets",
                "/browse/home/queen-sheets/4044_539103_5055527_7356834"
            ],
            [
                "Sheet Sets",
                "/browse/home/sheet-sets/4044_539103_5055527_8012601"
            ],
            [
                "Full Sheets",
                "/browse/home/full-sheets/4044_539103_5055527_8485867"
            ],
            [
                "Warm & Cozy Sheets",
                "/browse/home/warm-cozy-sheets/4044_539103_5055527_9461375"
            ]
        ]
    },
    {
        "title": "Mainstays Kids Blue Green Stripe Coordinating Fabric Shower Curtain",
        "url": "https://www.walmart.com/ip/Mainstays-Kids-Blue-Green-Stripe-Coordinating-Fabric-Shower-Curtain/56152353",
        "price": "$5.00",
        "stars": "5.0",
        "ratings": "4 ",
        "img": "i5.walmartimages.com/asr/b538991a-7904-4ed3-ad2e-0e445b7e8ecd_3.6c777bbc8e6c9ec7a5554131d12ab9a1.jpeg?odnWidth=612&odnHeight=612&odnBg=ffffff",
        "tags": [
            [
                "Teens' Shower Curtains & Hooks",
                "/browse/home/teens-shower-curtains-hooks/4044_1156136_1156137_1156140"
            ],
            [
                "Shower Curtain Sets",
                "/browse/home/shower-curtain-sets/4044_539095_2141805_2005808"
            ],
            [
                "Dorm Bath & Laundry",
                "/browse/home/dorm-bath-laundry/4044_1225301_1225229_3339158"
            ],
            [
                "White Shower Curtains",
                "/browse/home/white-shower-curtains/4044_539095_2141805_5102000"
            ],
            [
                "Shower Curtains",
                "/browse/home/shower-curtains/4044_539095_2141805_533461"
            ],
            [
                "Floral Bedding",
                "/browse/home/floral-bedding/4044_1154295_1156114_2439708_7191568"
            ],
            [
                "Fabric Shower Curtains",
                "/browse/home/fabric-shower-curtains/4044_539095_2141805_8715072"
            ],
            [
                "Teens' Bathroom",
                "/browse/home/teens-bathroom/4044_1156136_9411830"
            ]
        ]
    },
    {
        "title": "Zenna Home L-Shaped Tension Corner Pole Shower Caddy, Satin Nickel",
        "url": "https://www.walmart.com/ip/Zenna-Home-L-Shaped-Tension-Corner-Pole-Shower-Caddy-Satin-Nickel/15602932",
        "price": "$27.90",
        "stars": "3.7",
        "ratings": "129 ",
        "img": "i5.walmartimages.com/asr/f797620e-2ac3-496b-a8a4-8ecd8877aa5d_1.edd49df7f31e874edf66730226e6caef.jpeg?odnWidth=612&odnHeight=612&odnBg=ffffff",
        "tags": [
            [
                "All Bathroom Fixtures",
                "/browse/home-improvement/all-bathroom-fixtures/1072864_1045879_1230879_1043920"
            ],
            [
                "Towel Racks",
                "/browse/home-improvement/towel-racks/1072864_1045879_1230879_1230855"
            ],
            [
                "Toilet Paper Holders",
                "/browse/home-improvement/toilet-paper-holders/1072864_1045879_1230879_1230857"
            ],
            [
                "All Shower Heads",
                "/browse/home-improvement/all-shower-heads/1072864_1045879_1230843_9581595_2622280"
            ],
            [
                "Dual Shower Heads",
                "/browse/home-improvement/dual-shower-heads/1072864_1045879_1230843_9581595_2962534"
            ],
            [
                "Better Homes & Gardens Bathroom Renovation",
                "/browse/home-improvement/better-homes-gardens-bathroom-renovation/1072864_1045879_7299345"
            ],
            [
                "Shower Shelving",
                "/browse/home-improvement/shower-shelving/1072864_1045879_1230843_7631529"
            ],
            [
                "Corner Shower Shelves",
                "/browse/home-improvement/corner-shower-shelves/1072864_1045879_1230843_9918273"
            ]
        ]
    },
    {
        "title": "Your Zone Grid Tufted Upholstered Sofa Bed, Blue",
        "url": "https://www.walmart.com/ip/Your-Zone-Grid-Tufted-Upholstered-Sofa-Bed-Blue/720255608",
        "price": "$93.68",
        "stars": "2.8",
        "ratings": "13 ",
        "img": "i5.walmartimages.com/asr/84d9e9c6-54b2-45cf-98f7-24b6d4d02a53_4.1322bade10ffed0e8058c2820765ded9.jpeg?odnWidth=612&odnHeight=612&odnBg=ffffff",
        "tags": [
            [
                "All Sofas",
                "/browse/home/all-sofas/4044_103150_4038_9394595_1431634"
            ],
            [
                "Blue Sofas",
                "/browse/home/blue-sofas/4044_103150_4038_9394595_2545107"
            ],
            [
                "Gray Futons",
                "/browse/home/gray-futons/4044_103150_4038_2217176_3546427"
            ],
            [
                "Modern & Contemporary Sofas",
                "/browse/home/modern-contemporary-sofas/4044_103150_4038_9394595_3699414"
            ],
            [
                "Brown Sofas",
                "/browse/home/brown-sofas/4044_103150_4038_9394595_5104386"
            ],
            [
                "Black Sofas",
                "/browse/home/black-sofas/4044_103150_4038_9394595_5461013"
            ],
            [
                "All Futons",
                "/browse/home/all-futons/4044_103150_4038_2217176_8616471"
            ],
            [
                "Kids' Upholstered Chairs",
                "/browse/home/kids-upholstered-chairs/4044_1154295_1155958_7203266_9760729"
            ]
        ]
    }
]