[
    {
        "title": "Corelle Classic Winter Frost White 18-oz Soup Bowl, Set of 6",
        "url": "https://www.walmart.com/ip/Corelle-Classic-Winter-Frost-White-18-oz-Soup-Bowl-Set-of-6/43990671",
        "price": "$17.62",
        "stars": "4.7",
        "ratings": "270 ",
        "img": "i5.walmartimages.com/asr/5a0a1304-b80b-42cf-abae-f56a8d8817d7_1.94ceac9051795693e6731e930eea3ffb.jpeg?odnWidth=612&odnHeight=612&odnBg=ffffff",
        "tags": [
            [
                "Plates",
                "/browse/home/plates/4044_623679_639999_3121273"
            ],
            [
                "Dinnerware Sets",
                "/browse/home/dinnerware-sets/4044_623679_639999_489706"
            ],
            [
                "Serving Bowls",
                "/browse/home/serving-bowls/4044_623679_639999_2347672_7037852"
            ],
            [
                "Bowls",
                "/browse/home/bowls/4044_623679_639999_7852459"
            ],
            [
                "White Plates",
                "/browse/home/white-plates/4044_623679_639999_2113437_7926790"
            ],
            [
                "Dinner Plates",
                "/browse/home/dinner-plates/4044_623679_639999_2113437_7961401"
            ],
            [
                "Dorm Dining Essentials",
                "/browse/home/dorm-dining-essentials/4044_1225301_1225229_8079634_8700307"
            ],
            [
                "Dorm Dining & Hydration",
                "/browse/home/dorm-dining-hydration/4044_1225301_1225229_9951877"
            ]
        ]
    },
    {
        "title": "Farberware 18-Piece Never Needs Sharpening Knife Block Set",
        "url": "https://www.walmart.com/ip/Farberware-18-Piece-Never-Needs-Sharpening-Knife-Block-Set/54193889",
        "price": "$19.97",
        "stars": "4.1",
        "ratings": "121 ",
        "img": "i5.walmartimages.com/asr/e8d68fd5-9089-4f9b-afc5-6342c7787480_1.83cca478285587c13ac4e16006e27169.jpeg?odnWidth=612&odnHeight=612&odnBg=ffffff",
        "tags": [
            [
                "Steak Knives",
                "/browse/home/steak-knives/4044_623679_4809470_3348834"
            ],
            [
                "Specialty Knives",
                "/browse/home/specialty-knives/4044_623679_4809470_3480490"
            ],
            [
                "Bread Knives",
                "/browse/home/bread-knives/4044_623679_4809470_3889576"
            ],
            [
                "Dorm Bundles",
                "/browse/home/dorm-bundles/4044_1225301_1225229_5830926"
            ],
            [
                "All Cutting Boards",
                "/browse/home/all-cutting-boards/4044_623679_3923430_6243811"
            ],
            [
                "Food Prep",
                "/browse/home/food-prep/4044_623679_133020_642199"
            ],
            [
                "Kitchen & Cooking Utensil Sets",
                "/browse/home/kitchen-cooking-utensil-sets/4044_623679_133020_4496646_9403622"
            ],
            [
                "Dorm Dining & Hydration",
                "/browse/home/dorm-dining-hydration/4044_1225301_1225229_9951877"
            ]
        ]
    },
    {
        "title": "Mainstays Large Microsuede Saucer Chair, Multiple Colors",
        "url": "https://www.walmart.com/ip/Mainstays-Large-Microsuede-Saucer-Chair-Multiple-Colors/30643684",
        "price": "$29.00",
        "stars": "4.3",
        "ratings": "799 ",
        "img": "i5.walmartimages.com/asr/f4ab56e7-8bce-4b53-965c-8366f9e1ff78_1.dfb771083f3055717b5a87cc67b00417.jpeg?odnWidth=612&odnHeight=612&odnBg=ffffff",
        "tags": [
            [
                "Folding Tables & Chairs",
                "/browse/home/folding-tables-chairs/4044_103150_97116_1026080"
            ],
            [
                "Kids' Chairs & Seating",
                "/browse/home/kids-chairs-seating/4044_1154295_1155958_1156032"
            ],
            [
                "Teens' Lounge Seating",
                "/browse/home/teens-lounge-seating/4044_1156136_1156142_1156147"
            ],
            [
                "Folding Chairs",
                "/browse/home/folding-chairs/4044_103150_4037_1580848"
            ],
            [
                "Shop All Folding Chairs",
                "/browse/home/shop-all-folding-chairs/4044_103150_4037_6296206_2321205_2509863"
            ],
            [
                "Small Living Room Ideas",
                "/browse/home/small-living-room-ideas/4044_103150_2880259_2662498"
            ],
            [
                "Dorm Bedroom Furniture",
                "/browse/home/dorm-bedroom-furniture/4044_1225301_1225229_6830557"
            ],
            [
                "All Kids' Chairs",
                "/browse/home/all-kids-chairs/4044_1154295_1155958_7203266_9300235"
            ]
        ]
    },
    {
        "title": "Tramontina Everyday 8\", 10\" and 12\" Non-Stick Red Frying Pans, 3 Piece",
        "url": "https://www.walmart.com/ip/Tramontina-Everyday-8-10-and-12-Non-Stick-Red-Frying-Pans-3-Piece/175779396",
        "price": "$19.94",
        "stars": "4.5",
        "ratings": "162 ",
        "img": "i5.walmartimages.com/asr/3705e7b7-7c0b-4120-8784-08ac7285b9a3_1.7a69a32125f27b47169c9c66fef1e4c6.jpeg?odnWidth=612&odnHeight=612&odnBg=ffffff",
        "tags": [
            [
                "Shop All T-fal",
                "/browse/home/shop-all-t-fal/4044_1920532_8495630_1893187"
            ],
            [
                "Non Stick Cookware",
                "/browse/home/non-stick-cookware/4044_623679_6182459_3053446"
            ],
            [
                "Non-Stick Cookware",
                "/browse/home/non-stick-cookware/4044_623679_8140341_3396135"
            ],
            [
                "Shop All T-fal Cookware",
                "/browse/home/shop-all-t-fal-cookware/4044_1920532_8495630_3011035_5229754"
            ],
            [
                "Cookware Sets",
                "/browse/home/cookware-sets/4044_623679_8140341_599265"
            ],
            [
                "Tramontina",
                "/browse/home/tramontina/4044_623679_8140341_5999849"
            ],
            [
                "Ceramic Cookware",
                "/browse/home/ceramic-cookware/4044_623679_8140341_7402424"
            ],
            [
                "T-fal",
                "/browse/home/t-fal/4044_623679_8140341_8381485"
            ]
        ]
    },
    {
        "title": "EasyLiner Smooth Top 12 In. x 10 Ft. Shelf Liner, Gray Granite",
        "url": "https://www.walmart.com/ip/EasyLiner-Smooth-Top-12-In-x-10-Ft-Shelf-Liner-Gray-Granite/33830893",
        "price": "$5.62",
        "stars": "4.6",
        "ratings": "209 ",
        "img": "i5.walmartimages.com/asr/93c2a5a0-1929-48b6-8071-6648a4fa44d3_1.384a1849f69918092c725a37ccc59893.jpeg?odnWidth=612&odnHeight=612&odnBg=ffffff",
        "tags": [
            [
                "Counter Organizers",
                "/browse/home/counter-organizers/4044_623679_1032619_1032621"
            ],
            [
                "Shelving Storage",
                "/browse/home/shelving-storage/4044_90828_1230059_1043775"
            ],
            [
                "Drawers & Cabinet Organizers",
                "/browse/home/drawers-cabinet-organizers/4044_623679_1032619_1075864"
            ],
            [
                "Teens' Laundry Organization",
                "/browse/home/teens-laundry-organization/4044_1156136_1156164_1230054"
            ],
            [
                "Shelving",
                "/browse/home/shelving/4044_90828_163960"
            ],
            [
                "Dorm Decor",
                "/browse/home/dorm-decor/4044_1225301_1225229_7471338"
            ],
            [
                "Dorm Room Essentials",
                "/browse/home/dorm-room-essentials/4044_1225301_1225229_7506721"
            ],
            [
                "Wall Shelves",
                "/browse/home/wall-shelves/4044_133012_5208936_9366043"
            ]
        ]
    },
    {
        "title": "Walnew Set of 4 Modern Upholstered Dining Chairs with Wood Legs (Gray)",
        "url": "https://www.walmart.com/ip/Walnew-Set-of-4-Modern-Upholstered-Dining-Chairs-with-Wood-Legs-Gray/476623610",
        "price": "$104.99",
        "stars": "4.0",
        "ratings": "426 ",
        "img": "i5.walmartimages.com/asr/88644fde-8045-46e9-a151-d4b2e7a7c557_1.47990d8f12ac746015349b8af8587490.jpeg?odnWidth=612&odnHeight=612&odnBg=ffffff",
        "tags": [
            [
                "Modern Dining Chairs",
                "/browse/home/modern-dining-chairs/4044_103150_4037_6472288_1442848_2650821"
            ],
            [
                "Set of 4 Dining Chairs",
                "/browse/home/set-of-4-dining-chairs/4044_103150_4037_6472288_3155168"
            ],
            [
                "Traditional Dining Chairs",
                "/browse/home/traditional-dining-chairs/4044_103150_4037_6472288_1442848_3644158"
            ],
            [
                "Tufted Dining Chairs",
                "/browse/home/tufted-dining-chairs/4044_103150_4037_6472288_1442848_4713065"
            ],
            [
                "Wood Dining Chairs",
                "/browse/home/wood-dining-chairs/4044_103150_4037_6472288_2046619_7400038"
            ],
            [
                "All Dining Chairs",
                "/browse/home/all-dining-chairs/4044_103150_4037_6472288_8936400"
            ],
            [
                "Upholstered Dining Chairs",
                "/browse/home/upholstered-dining-chairs/4044_103150_4037_6472288_2046619_9394176"
            ],
            [
                "Set of 2 Dining Chairs",
                "/browse/home/set-of-2-dining-chairs/4044_103150_4037_6472288_9927786"
            ]
        ]
    },
    {
        "title": "Anchor Hocking Clear Presence Dinnerware Set, 12 Piece",
        "url": "https://www.walmart.com/ip/Anchor-Hocking-Clear-Presence-Dinnerware-Set-12-Piece/23888946",
        "price": "$10.84",
        "stars": "3.9",
        "ratings": "47 ",
        "img": "",
        "tags": [
            [
                "Plates",
                "/browse/home/plates/4044_623679_639999_3121273"
            ],
            [
                "Small kitchen ideas",
                "/browse/home/small-kitchen-ideas/4044_1879527_9330810_4641057"
            ],
            [
                "Cookware Sets",
                "/browse/home/cookware-sets/4044_623679_8140341_599265"
            ],
            [
                "Better Homes & Gardens Dinnerware",
                "/browse/home/better-homes-gardens-dinnerware/4044_623679_639999_6844233"
            ],
            [
                "Dinner Plates",
                "/browse/home/dinner-plates/4044_623679_639999_2113437_7961401"
            ],
            [
                "Dorm Dining Essentials",
                "/browse/home/dorm-dining-essentials/4044_1225301_1225229_8079634_8700307"
            ],
            [
                "Coffee Mugs",
                "/browse/home/coffee-mugs/4044_623679_639999_3148543_9383607"
            ],
            [
                "Dorm Dining & Hydration",
                "/browse/home/dorm-dining-hydration/4044_1225301_1225229_9951877"
            ]
        ]
    },
    {
        "title": "Ozark Trail 36-Ounce Double Wall Vacuum Sealed Stainless Steel Water Bottle",
        "url": "https://www.walmart.com/ip/Ozark-Trail-36-Ounce-Double-Wall-Vacuum-Sealed-Stainless-Steel-Water-Bottle/193860311",
        "price": "$9.74",
        "stars": "4.4",
        "ratings": "211 ",
        "img": "i5.walmartimages.com/asr/b35a6d7c-13d5-4fa8-bd10-73e5327b079a.8eefaa2272363409072800f28b1c5945.jpeg?odnWidth=612&odnHeight=612&odnBg=ffffff",
        "tags": [
            [
                "Shop All Food Storage Containers",
                "/browse/home/shop-all-food-storage-containers/4044_623679_1032619_5842891_2687119"
            ],
            [
                "Shop All Tumblers",
                "/browse/home/shop-all-tumblers/4044_623679_639999_7751805_1376910_3549593"
            ],
            [
                "Travel Mugs",
                "/browse/home/travel-mugs/4044_623679_639999_7751805_3759938"
            ],
            [
                "Flasks",
                "/browse/home/flasks/4044_623679_639999_4434841_4011726"
            ],
            [
                "TAL Water Bottles",
                "/browse/home/tal-water-bottles/4044_623679_639999_7751805_4269055_1373149_4863493"
            ],
            [
                "Ozark Trail Water Bottles",
                "/browse/home/ozark-trail-water-bottles/4044_623679_639999_7751805_4269055_1373149_5243864"
            ],
            [
                "Ozark Trail Tumblers",
                "/browse/home/ozark-trail-tumblers/4044_623679_639999_7751805_1376910_8825800"
            ],
            [
                "Thermoses",
                "/browse/home/thermoses/4044_623679_639999_7751805_9823303"
            ]
        ]
    },
    {
        "title": "Wilton Bake It Better Giant 13\" x 20\" Cookie Sheet",
        "url": "https://www.walmart.com/ip/Wilton-Bake-It-Better-Giant-13-x-20-Cookie-Sheet/44432738",
        "price": "$9.88",
        "stars": "4.5",
        "ratings": "109 ",
        "img": "i5.walmartimages.com/asr/631b6aa3-6960-440a-9021-013346a94139_3.4de64b69cdbe64f2a600f0019ca780c4.jpeg?odnWidth=612&odnHeight=612&odnBg=ffffff",
        "tags": [
            [
                "Wilton Cake Decorating",
                "/browse/party-occasions/wilton-cake-decorating/2637_1104398_1653500"
            ],
            [
                "Wilton Icing and Decorations",
                "/browse/party-occasions/wilton-icing-decorations/2637_9489599_2275107"
            ],
            [
                "Themed Decorative Baking",
                "/browse/party-occasions/themed-decorative-baking/2637_5817905_3267404"
            ],
            [
                "Decorating Tips",
                "/browse/party-occasions/decorating-tips/2637_1104398_3633827_2850736_3271451"
            ],
            [
                "Cupcake Liners",
                "/browse/party-occasions/cupcake-liners/2637_1104398_2672625_9665057_7453223"
            ],
            [
                "Basketball Treat Decorating",
                "/browse/party-occasions/basketball-treat-decorating/2637_4165966_7897700"
            ],
            [
                "Wilton Decorating Tools",
                "/browse/party-occasions/wilton-decorating-tools/2637_9489599_8161231"
            ]
        ]
    },
    {
        "title": "Contigo 24 Oz Autoseal Chill Stainless Steel Water Bottle, Scuba",
        "url": "https://www.walmart.com/ip/Contigo-24-Oz-Autoseal-Chill-Stainless-Steel-Water-Bottle-Scuba/171650595",
        "price": "$11.97",
        "stars": "4.7",
        "ratings": "223 ",
        "img": "i5.walmartimages.com/asr/249ac096-6ff0-4dfb-9dcc-a67ff6fb16ed_1.d6548546b82d0279430cd3285009d97c.jpeg?odnWidth=612&odnHeight=612&odnBg=ffffff",
        "tags": [
            [
                "Plastic Water Bottles",
                "/browse/home/plastic-water-bottles/4044_623679_639999_7751805_4269055_7285309_2888798"
            ],
            [
                "Travel Mugs",
                "/browse/home/travel-mugs/4044_623679_639999_7751805_3759938"
            ],
            [
                "Contigo Water Bottles",
                "/browse/home/contigo-water-bottles/4044_623679_639999_7751805_4269055_1373149_4722352"
            ],
            [
                "Bubba Water Bottles",
                "/browse/home/bubba-water-bottles/4044_623679_639999_7751805_4269055_1373149_6325857"
            ],
            [
                "Kids' Water Bottles",
                "/browse/home/kids-water-bottles/4044_623679_639999_7751805_4269055_7270555"
            ],
            [
                "Coleman Water Bottles",
                "/browse/home/coleman-water-bottles/4044_623679_639999_7751805_4269055_1373149_8282391"
            ],
            [
                "Thermoses",
                "/browse/home/thermoses/4044_623679_639999_7751805_9823303"
            ],
            [
                "Dorm Dining & Hydration",
                "/browse/home/dorm-dining-hydration/4044_1225301_1225229_9951877"
            ]
        ]
    }
]