[
    {
        "title": "Superior 100-Percent Cotton Eco-Friendly 8-Piece Towel Set - Black",
        "url": "https://www.walmart.com/ip/Superior-100-Percent-Cotton-Eco-Friendly-8-Piece-Towel-Set-Black/285050566",
        "price": "$13.26",
        "stars": "1.0",
        "ratings": "1 ",
        "img": "i5.walmartimages.com/asr/18980a73-4f5f-4caa-8407-e20c5bb23967_1.a99292cfa1fb04d25f458a6210cb50ce.jpeg?odnWidth=612&odnHeight=612&odnBg=ffffff",
        "tags": [
            [
                "Bath Towels",
                "/browse/home/bath-towels/4044_539095_7211899_1030320"
            ],
            [
                "Bath Towel Sets",
                "/browse/home/bath-towel-sets/4044_539095_7211899_1350842"
            ],
            [
                "Shop All Bath Towels",
                "/browse/home/shop-all-bath-towels/4044_539095_7211899_2665582"
            ],
            [
                "Dorm Bath & Laundry",
                "/browse/home/dorm-bath-laundry/4044_1225301_1225229_3339158"
            ],
            [
                "Bath Sheets",
                "/browse/home/bath-sheets/4044_539095_7211899_3917301"
            ],
            [
                "Dorm Bundles",
                "/browse/home/dorm-bundles/4044_1225301_1225229_5830926"
            ],
            [
                "Dorm Bath Essentials",
                "/browse/home/dorm-bath-essentials/4044_1225301_1225229_8079634_7293738"
            ],
            [
                "Teens' Bathroom",
                "/browse/home/teens-bathroom/4044_1156136_9411830"
            ]
        ]
    },
    {
        "title": "Walker Edison Twin Metal Loft Bed with Desk and Shelving, Black",
        "url": "https://www.walmart.com/ip/Walker-Edison-Twin-Metal-Loft-Bed-with-Desk-and-Shelving-Black/20563909",
        "price": "$271.99",
        "stars": "4.1",
        "ratings": "81 ",
        "img": "i5.walmartimages.com/asr/02329003-b7e9-4397-8cec-a42c37ad34b3_1.a94ec696293d01cc5df71b9a4e94a7b8.jpeg?odnWidth=612&odnHeight=612&odnBg=ffffff",
        "tags": [
            [
                "Teens' Beds",
                "/browse/home/teens-beds/4044_1156136_1156142_1156144"
            ],
            [
                "Shop All Loft Beds",
                "/browse/home/shop-all-loft-beds/4044_1154295_1155958_4960120_1814344"
            ],
            [
                "Twin Loft Beds",
                "/browse/home/twin-loft-beds/4044_1154295_1155958_4960120_1972955"
            ],
            [
                "Low Loft Beds",
                "/browse/home/low-loft-beds/4044_1154295_1155958_4960120_3762214"
            ],
            [
                "Shop All Teens' Furniture",
                "/browse/home/shop-all-teens-furniture/4044_1156136_1156142_4223741"
            ],
            [
                "Teens' Loft Beds",
                "/browse/home/teens-loft-beds/4044_1156136_1156142_4873957"
            ],
            [
                "Loft Beds with Desks",
                "/browse/home/loft-beds-with-desks/4044_1154295_1155958_4960120_8827666"
            ]
        ]
    },
    {
        "title": "Lush Decor Race Cars Quilt, Multiple Colors",
        "url": "https://www.walmart.com/ip/Lush-Decor-Race-Cars-Quilt-Multiple-Colors/216268584",
        "price": "$69.97",
        "stars": "5.0",
        "ratings": "8 ",
        "img": "i5.walmartimages.com/asr/aa1b07cc-847b-4cf6-b1d9-e27def9cbe48_2.0f79985494f62c9f6cb5c77597f7f842.jpeg?odnWidth=612&odnHeight=612&odnBg=ffffff",
        "tags": [
            [
                "Kids' Blankets & Throws",
                "/browse/home/kids-blankets-throws/4044_1154295_1156114_1156133"
            ],
            [
                "Kids' Bedding Sets",
                "/browse/home/kids-bedding-sets/4044_1154295_1156114_1156134"
            ],
            [
                "Teens' Quilts",
                "/browse/home/teens-quilts/4044_1156136_1156157_1156159"
            ],
            [
                "Black & White Decor",
                "/browse/home/black-white-decor/4044_1225301_1224843_1225515_1225516"
            ],
            [
                "Boys Comforter Sets",
                "/browse/home/boys-comforter-sets/4044_1154295_1156114_2387054"
            ],
            [
                "Boys Bedding",
                "/browse/home/boys-bedding/4044_1154295_1156114_3182549"
            ],
            [
                "Transportation Bedding",
                "/browse/home/transportation-bedding/4044_1154295_1156114_2439708_7042752"
            ],
            [
                "Boys Bedding Sets",
                "/browse/home/boys-bedding-sets/4044_1154295_1156114_8104030"
            ]
        ]
    },
    {
        "title": "Honey Can Do Maple Wood Shirt Hangers, 20-pack",
        "url": "https://www.walmart.com/ip/Honey-Can-Do-Maple-Wood-Shirt-Hangers-20-pack/17108644",
        "price": "$21.62",
        "stars": "4.9",
        "ratings": "11 ",
        "img": "i5.walmartimages.com/asr/69d5fe61-72f5-488f-95c5-89aa28da2d11.624084ca0ed2b99b4963d70d22d3cd4a.jpeg?odnWidth=612&odnHeight=612&odnBg=ffffff",
        "tags": [
            [
                "Teens' Closet Storage",
                "/browse/home/teens-closet-storage/4044_1156136_1156164_1156166"
            ],
            [
                "Kids Hangers",
                "/browse/home/kids-hangers/4044_90828_2523133_3060299"
            ],
            [
                "Pants & Skirts Hangers",
                "/browse/home/pants-skirts-hangers/4044_90828_7067220_3669913"
            ],
            [
                "Metal Hangers",
                "/browse/home/metal-hangers/4044_90828_7067220_4377952"
            ],
            [
                "Wood Hangers",
                "/browse/home/wood-hangers/4044_90828_7067220_6063487"
            ],
            [
                "Velvet Hangers",
                "/browse/home/velvet-hangers/4044_90828_7067220_7115305"
            ],
            [
                "Shop All Kids' Storage",
                "/browse/home/shop-all-kids-storage/4044_90828_2523133_7142851"
            ],
            [
                "Plastic Hangers",
                "/browse/home/plastic-hangers/4044_90828_7067220_8639816"
            ]
        ]
    },
    {
        "title": "Whitmor 3 Section Laundry Sorter with Wheels - Black - 16.5\" x 28.5\" x 30.75\"",
        "url": "https://www.walmart.com/ip/Whitmor-3-Section-Laundry-Sorter-with-Wheels-Black-16-5-x-28-5-x-30-75/25957587",
        "price": "$25.64",
        "stars": "3.8",
        "ratings": "51 ",
        "img": "",
        "tags": [
            [
                "Laundry Hampers",
                "/browse/home/laundry-hampers/4044_90828_7067220_1326557"
            ],
            [
                "Laundry Bags",
                "/browse/home/laundry-bags/4044_90828_7067220_3673846"
            ],
            [
                "Laundry Baskets with Wheels",
                "/browse/home/laundry-baskets-with-wheels/4044_90828_7067220_4063125"
            ],
            [
                "Laundry Baskets",
                "/browse/home/laundry-baskets/4044_90828_7067220_6280033"
            ],
            [
                "Collapsible Laundry Baskets",
                "/browse/home/collapsible-laundry-baskets/4044_90828_7067220_6738861"
            ],
            [
                "Teens' Storage",
                "/browse/home/teens-storage/4044_1156136_8381926"
            ],
            [
                "Laundry Sorters",
                "/browse/home/laundry-sorters/4044_90828_7067220_9580341"
            ],
            [
                "Kids Hampers",
                "/browse/home/kids-hampers/4044_90828_2523133_9646597"
            ]
        ]
    },
    {
        "title": "Impressions Derry Solid Egyptian Cotton 8-Piece Hand Towel Set",
        "url": "https://www.walmart.com/ip/Impressions-Derry-Solid-Egyptian-Cotton-8-Piece-Hand-Towel-Set/26861216",
        "price": "$32.99",
        "stars": "4.5",
        "ratings": "14 ",
        "img": "i5.walmartimages.com/asr/072c7048-0710-4503-9b11-ac687caf2354_8.8ec09b7a50c646f45946bfdb3d3bb7b8.jpeg?odnWidth=612&odnHeight=612&odnBg=ffffff",
        "tags": [
            [
                "Bath Towels",
                "/browse/home/bath-towels/4044_539095_7211899_1030320"
            ],
            [
                "Teens' Towels",
                "/browse/home/teens-towels/4044_1156136_1156137_1156138"
            ],
            [
                "Shop All Bath Towels",
                "/browse/home/shop-all-bath-towels/4044_539095_7211899_2665582"
            ],
            [
                "Dorm Bath & Laundry",
                "/browse/home/dorm-bath-laundry/4044_1225301_1225229_3339158"
            ],
            [
                "Bath Sheets",
                "/browse/home/bath-sheets/4044_539095_7211899_3917301"
            ],
            [
                "Turkish Towels",
                "/browse/home/turkish-towels/4044_539095_7211899_5022810"
            ],
            [
                "Dorm Bath Essentials",
                "/browse/home/dorm-bath-essentials/4044_1225301_1225229_8079634_7293738"
            ],
            [
                "Hand Towels",
                "/browse/home/hand-towels/4044_539095_7211899_8928938"
            ]
        ]
    },
    {
        "title": "Garland Avery Navy 5'x7'5\" Pin Striped Indoor Area Rug",
        "url": "https://www.walmart.com/ip/Garland-Avery-Navy-5-x7-5-Pin-Striped-Indoor-Area-Rug/47117250",
        "price": "$37.85",
        "stars": "4.8",
        "ratings": "6 ",
        "img": "i5.walmartimages.com/asr/4923c113-5c06-4afd-9fee-e3108acfb084_1.20e13099edfe50619475d9eb24df3cdf.jpeg?odnWidth=612&odnHeight=612&odnBg=ffffff",
        "tags": [
            [
                "Orange Rugs",
                "/browse/home/orange-rugs/4044_133012_110892_6718514_1588657_1443649"
            ],
            [
                "Contemporary Area Rugs",
                "/browse/home/contemporary-area-rugs/4044_133012_110892_6718514_4513083_3306134"
            ],
            [
                "Black Area Rugs",
                "/browse/home/black-area-rugs/4044_133012_110892_6718514_1588657_3471470"
            ],
            [
                "5' x 7' Area Rugs",
                "/browse/home/5-x-7-area-rugs/4044_133012_110892_6718514_3167309_4063681"
            ],
            [
                "White Area Rugs",
                "/browse/home/white-area-rugs/4044_133012_110892_6718514_1588657_4571807"
            ],
            [
                "Kitchen Runners",
                "/browse/home/kitchen-runners/4044_133012_110892_7120281"
            ],
            [
                "Farmhouse Area Rugs",
                "/browse/home/farmhouse-area-rugs/4044_133012_110892_6718514_4513083_7249889"
            ],
            [
                "Teal Rugs",
                "/browse/home/teal-rugs/4044_133012_110892_6718514_1588657_9826461"
            ]
        ]
    },
    {
        "title": "Chezmoi Collection Chandler 7-Piece Western Lodge Micro Suede Bedding Comforter Set",
        "url": "https://www.walmart.com/ip/Chezmoi-Collection-Chandler-7-Piece-Western-Lodge-Micro-Suede-Bedding-Comforter-Set/986867163",
        "price": "$59.99",
        "stars": "3.3",
        "ratings": "3 ",
        "img": "i5.walmartimages.com/asr/200842d6-1fac-433b-8d02-53059e5d7ba0_1.2b81ebf54a9665e6fb8566a8e4c0826c.jpeg?odnWidth=612&odnHeight=612&odnBg=ffffff",
        "tags": [
            [
                "Teens' Comforters Sets",
                "/browse/home/teens-comforters-sets/4044_1156136_1156157_1230003"
            ],
            [
                "Shop All Teens' Bedding",
                "/browse/home/shop-all-teens-bedding/4044_1156136_1156157_2716120"
            ],
            [
                "Bed-in-a-Bag Sets",
                "/browse/home/bed-in-a-bag-sets/4044_539103_9474113_3388004"
            ],
            [
                "King Comforters",
                "/browse/home/king-comforters/4044_539103_1995847_3633923"
            ],
            [
                "Comforters",
                "/browse/home/comforters/4044_539103_4754"
            ],
            [
                "Comforter Sets",
                "/browse/home/comforter-sets/4044_539103_9474113_5287544"
            ],
            [
                "Queen Comforters",
                "/browse/home/queen-comforters/4044_539103_1995847_5811928"
            ],
            [
                "California King Comforters",
                "/browse/home/california-king-comforters/4044_539103_1995847_8868480"
            ]
        ]
    },
    {
        "title": "Boss Office & Home Beyond Basics Office Task Chair, Multiple Colors",
        "url": "https://www.walmart.com/ip/Boss-Office-Home-Beyond-Basics-Office-Task-Chair-Multiple-Colors/19485824",
        "price": "$71.99",
        "stars": "3.8",
        "ratings": "11 ",
        "img": "i5.walmartimages.com/asr/eee6c7d8-e67c-4ec6-a96a-1a042db69709_1.0ff2d0e48b0de55df79a09dbbfef26d9.jpeg?odnWidth=612&odnHeight=612&odnBg=ffffff",
        "tags": [
            [
                "Teens' Desks",
                "/browse/home/teens-desks/4044_1156136_1156142_1156145"
            ],
            [
                "Dorm Study Furniture",
                "/browse/home/dorm-study-furniture/4044_1225301_1225229_1385016"
            ],
            [
                "Executive Office Chairs",
                "/browse/home/executive-office-chairs/4044_103150_97116_3896177"
            ],
            [
                "Ergonomic Chairs",
                "/browse/home/ergonomic-chairs/4044_103150_97116_5177400"
            ],
            [
                "Teens' Desk Chairs",
                "/browse/home/teens-desk-chairs/4044_1156136_1156142_5845507"
            ],
            [
                "White Office Furniture",
                "/browse/home/white-office-furniture/4044_103150_97116_7165397"
            ],
            [
                "Kids' Desk Chairs",
                "/browse/home/kids-desk-chairs/4044_1154295_1155958_7203266_8578962"
            ],
            [
                "Commercial Office Furniture",
                "/browse/home/commercial-office-furniture/4044_103150_97116_1071224_9864245"
            ]
        ]
    },
    {
        "title": "Bush Furniture Buena Vista 60W L Shaped Desk with Drawers in Multiple Colors",
        "url": "https://www.walmart.com/ip/Bush-Furniture-Buena-Vista-60W-L-Shaped-Desk-with-Drawers-in-Multiple-Colors/27875959",
        "price": "$326.99",
        "stars": "4.2",
        "ratings": "10 ",
        "img": "",
        "tags": [
            [
                "Desks & Workstations",
                "/browse/home/desks-workstations/4044_103150_97116_1071224_1072383"
            ],
            [
                "Top Rated Desks",
                "/browse/home/top-rated-desks/4044_103150_97116_91851_3261462"
            ],
            [
                "Traditional Desks",
                "/browse/home/traditional-desks/4044_103150_97116_91851_2775109_3565136"
            ],
            [
                "Wood Desks",
                "/browse/home/wood-desks/4044_103150_97116_6334695"
            ],
            [
                "Desks with Drawers",
                "/browse/home/desks-with-drawers/4044_103150_97116_91851_9597564_7826428"
            ],
            [
                "Desks with Hutches",
                "/browse/home/desks-with-hutches/4044_103150_97116_7885860"
            ],
            [
                "Corner & L-Shaped Desks",
                "/browse/home/corner-l-shaped-desks/4044_103150_97116_8132099"
            ]
        ]
    }
]