[
    {
        "title": "Tramontina Everyday Non-Stick Red Fry Pan & Griddle Set, 3 Piece",
        "url": "https://www.walmart.com/ip/Tramontina-Everyday-Non-Stick-Red-Fry-Pan-Griddle-Set-3-Piece/117847290",
        "price": "$19.94",
        "stars": "4.6",
        "ratings": "130 ",
        "img": "i5.walmartimages.com/asr/960f87b1-3de7-42d0-80d0-d62a61b5fee5_1.36e9e45f50459fb0c5f9409c37547287.jpeg?odnWidth=612&odnHeight=612&odnBg=ffffff",
        "tags": [
            [
                "Non Stick Cookware",
                "/browse/home/non-stick-cookware/4044_623679_6182459_3053446"
            ],
            [
                "Non-Stick Cookware",
                "/browse/home/non-stick-cookware/4044_623679_8140341_3396135"
            ],
            [
                "Shop All T-fal Cookware",
                "/browse/home/shop-all-t-fal-cookware/4044_1920532_8495630_3011035_5229754"
            ],
            [
                "Dorm Bundles",
                "/browse/home/dorm-bundles/4044_1225301_1225229_5830926"
            ],
            [
                "Tramontina",
                "/browse/home/tramontina/4044_623679_8140341_5999849"
            ],
            [
                "Griddles & Grill Pans",
                "/browse/home/griddles-grill-pans/4044_623679_8140341_6082871"
            ],
            [
                "Ceramic Cookware",
                "/browse/home/ceramic-cookware/4044_623679_8140341_7402424"
            ],
            [
                "T-fal",
                "/browse/home/t-fal/4044_623679_8140341_8381485"
            ]
        ]
    },
    {
        "title": "Instant Pot DUO80 8-Quart 7-in-1 Multi-Use Programmable Pressure Cooker, Slow Cooker, Rice Cooker, Saut\u00e9, Steamer, Yogurt Maker and Warmer",
        "url": "https://www.walmart.com/ip/Instant-Pot-DUO80-8-Quart-7-in-1-Multi-Use-Programmable-Pressure-Cooker-Slow-Cooker-Rice-Cooker-Saut-Steamer-Yogurt-Maker-and-Warmer/55042612",
        "price": "$99.00",
        "stars": "4.8",
        "ratings": "373 ",
        "img": "i5.walmartimages.com/asr/2f7e8474-6571-4a15-8212-93c424783e8f_1.57846fc89e77f40a05461f0186fe1286.jpeg?odnWidth=612&odnHeight=612&odnBg=ffffff",
        "tags": [
            [
                "Instant Pot",
                "/browse/home/instant-pot/4044_1225301_9409401_1681369"
            ],
            [
                "Non Stick Cookware",
                "/browse/home/non-stick-cookware/4044_623679_6182459_3053446"
            ],
            [
                "Pressure Cookers",
                "/browse/home/pressure-cookers/4044_90548_90546_3206242"
            ],
            [
                "Non-Stick Cookware",
                "/browse/home/non-stick-cookware/4044_623679_8140341_3396135"
            ],
            [
                "Instant Pot Accessories",
                "/browse/home/instant-pot-accessories/4044_623679_4779092_3481302"
            ],
            [
                "Pressure Cookers & Canners",
                "/browse/home/pressure-cookers-canners/4044_623679_133020_5723943"
            ],
            [
                "Shop all Instant Pot",
                "/browse/home/shop-all-instant-pot/4044_623679_4779092_7747488"
            ],
            [
                "Pots",
                "/browse/home/pots/4044_623679_8140341_9059354"
            ]
        ]
    },
    {
        "title": "Aunt Martha's Poly Cotton White Twill Apron, 28\" x 35\"",
        "url": "https://www.walmart.com/ip/Aunt-Martha-s-Poly-Cotton-White-Twill-Apron-28-x-35/24660672",
        "price": "$5.46",
        "stars": "4.5",
        "ratings": "53 ",
        "img": "",
        "tags": [
            [
                "Living Room",
                "/browse/home/living-room/4044_103150_1225290_1225291"
            ],
            [
                "Better Homes & Gardens Storage Cubes",
                "/browse/home/better-homes-gardens-storage-cubes/4044_90828_1230059_1511091"
            ],
            [
                "Kitchen Linen Sets",
                "/browse/home/kitchen-linen-sets/4044_623679_8055732_5591719_2047073"
            ],
            [
                "Dorm Storage",
                "/browse/home/dorm-storage/4044_1225301_1225229_4364714"
            ],
            [
                "Table Runners",
                "/browse/home/table-runners/4044_623679_8055732_8058163_6267997"
            ],
            [
                "Small Space Desks & Office Furniture",
                "/browse/home/small-space-desks-office-furniture/4044_103150_2880259_6932446"
            ],
            [
                "White Office Furniture",
                "/browse/home/white-office-furniture/4044_103150_97116_7165397"
            ],
            [
                "Drew Barrymore Flower Home Kitchen & Dining",
                "/browse/home/drew-barrymore-flower-home-kitchen-dining/4044_1225301_8106496_9428887"
            ]
        ]
    },
    {
        "title": "Corelle Classic True Blue 16-Piece Dinnerware Set",
        "url": "https://www.walmart.com/ip/Corelle-Classic-True-Blue-16-Piece-Dinnerware-Set/101801404",
        "price": "$39.99",
        "stars": "4.7",
        "ratings": "284 ",
        "img": "i5.walmartimages.com/asr/7813f339-2678-4dc7-b553-7ec7c8cee1fc_3.fb202dfe74cfd39e79775419218d0818.jpeg?odnWidth=612&odnHeight=612&odnBg=ffffff",
        "tags": [
            [
                "The Pioneer Woman Dish Sets",
                "/browse/home/the-pioneer-woman-dish-sets/4044_623679_639999_9763521_2314525"
            ],
            [
                "Plates",
                "/browse/home/plates/4044_623679_639999_3121273"
            ],
            [
                "Kitchen Wedding Registry",
                "/browse/home/kitchen-wedding-registry/4044_623679_3700962"
            ],
            [
                "Small kitchen ideas",
                "/browse/home/small-kitchen-ideas/4044_1879527_9330810_4641057"
            ],
            [
                "Serving Bowls",
                "/browse/home/serving-bowls/4044_623679_639999_2347672_7037852"
            ],
            [
                "The Pioneer Woman Dishes",
                "/browse/home/the-pioneer-woman-dishes/4044_623679_639999_7373615"
            ],
            [
                "Dinner Plates",
                "/browse/home/dinner-plates/4044_623679_639999_2113437_7961401"
            ],
            [
                "Dorm Dining Essentials",
                "/browse/home/dorm-dining-essentials/4044_1225301_1225229_8079634_8700307"
            ]
        ]
    },
    {
        "title": "Farberware 6-Quart Cookware Aluminum Pressure Cooker",
        "url": "https://www.walmart.com/ip/Farberware-6-Quart-Cookware-Aluminum-Pressure-Cooker/180363846",
        "price": "$19.99",
        "stars": "3.7",
        "ratings": "154 ",
        "img": "i5.walmartimages.com/asr/f3250bbf-3bee-4fde-8af5-360639fad758_1.b667ecf802299dbc75036bb0ef11b810.jpeg?odnWidth=612&odnHeight=612&odnBg=ffffff",
        "tags": [
            [
                "Shop All T-fal",
                "/browse/home/shop-all-t-fal/4044_1920532_8495630_1893187"
            ],
            [
                "Pressure Cookers",
                "/browse/home/pressure-cookers/4044_90548_90546_3206242"
            ],
            [
                "Induction Cookware",
                "/browse/home/induction-cookware/4044_623679_8140341_4084816"
            ],
            [
                "Shop All T-fal Cookware",
                "/browse/home/shop-all-t-fal-cookware/4044_1920532_8495630_3011035_5229754"
            ],
            [
                "Pressure Cookers & Canners",
                "/browse/home/pressure-cookers-canners/4044_623679_133020_5723943"
            ],
            [
                "Stainless Steel Cookware",
                "/browse/home/stainless-steel-cookware/4044_623679_8140341_7478886"
            ],
            [
                "T-fal",
                "/browse/home/t-fal/4044_623679_8140341_8381485"
            ],
            [
                "Pots",
                "/browse/home/pots/4044_623679_8140341_9059354"
            ]
        ]
    },
    {
        "title": "The Pioneer Woman Dazzling Dahlias 2 Quart Tea Kettle, Teal",
        "url": "https://www.walmart.com/ip/The-Pioneer-Woman-Dazzling-Dahlias-2-Quart-Tea-Kettle-Teal/603130816",
        "price": "$24.84",
        "stars": "4.0",
        "ratings": "306 ",
        "img": "i5.walmartimages.com/asr/2798ca4c-31d7-473c-bf14-6e6189e88275_3.187a9f2afd5767ebebf5003a3f87475c.jpeg?odnWidth=612&odnHeight=612&odnBg=ffffff",
        "tags": [
            [
                "The Pioneer Woman Cookware",
                "/browse/home/the-pioneer-woman-cookware/4044_1920532_9153905_1468404"
            ],
            [
                "Shop All The Pioneer Woman",
                "/browse/home/shop-all-the-pioneer-woman/4044_1920532_9153905_1843111"
            ],
            [
                "Tea Cup & Saucer Sets",
                "/browse/home/tea-cup-saucer-sets/4044_623679_639999_3148543_4367781"
            ],
            [
                "The Pioneer Woman Dishes",
                "/browse/home/the-pioneer-woman-dishes/4044_623679_639999_7373615"
            ],
            [
                "Pioneer Woman Tools and Gadgets",
                "/browse/home/pioneer-woman-tools-gadgets/4044_623679_133020_4496646_7562951"
            ],
            [
                "The Pioneer Woman Pots and Pans",
                "/browse/home/the-pioneer-woman-pots-pans/4044_1920532_9153905_9742246"
            ],
            [
                "The Pioneer Woman New Arrivals",
                "/browse/home/the-pioneer-woman-new-arrivals/4044_1225301_1231327_9914742"
            ],
            [
                "The Pioneer Woman Pots & Pans",
                "/browse/home/the-pioneer-woman-pots-pans/4044_623679_8140341_9944424"
            ]
        ]
    },
    {
        "title": "Imusa 32Qt Aluminum Steamer or Stockpot with Glass Lid and Removable Rack",
        "url": "https://www.walmart.com/ip/Imusa-32Qt-Aluminum-Steamer-or-Stockpot-with-Glass-Lid-and-Removable-Rack/13370045",
        "price": "$22.38",
        "stars": "4.3",
        "ratings": "145 ",
        "img": "i5.walmartimages.com/asr/6e236986-a67a-48a3-88b1-e94da9fffe26_1.5c8a248f33a3dd440a5c5f9bc5713c1c.jpeg?odnWidth=612&odnHeight=612&odnBg=ffffff",
        "tags": [
            [
                "Shop All Dutch Ovens",
                "/browse/home/shop-all-dutch-ovens/4044_623679_8140341_7701603_4072554"
            ],
            [
                "Induction Cookware",
                "/browse/home/induction-cookware/4044_623679_8140341_4084816"
            ],
            [
                "Soup & Stockpots",
                "/browse/home/soup-stockpots/4044_623679_8140341_5592943"
            ],
            [
                "Steamer Baskets",
                "/browse/home/steamer-baskets/4044_623679_8140341_5856252"
            ],
            [
                "Tramontina",
                "/browse/home/tramontina/4044_623679_8140341_5999849"
            ],
            [
                "Stainless Steel Cookware",
                "/browse/home/stainless-steel-cookware/4044_623679_8140341_7478886"
            ],
            [
                "Multipots",
                "/browse/home/multipots/4044_623679_8140341_8640374"
            ],
            [
                "Pots",
                "/browse/home/pots/4044_623679_8140341_9059354"
            ]
        ]
    },
    {
        "title": "Blackstone Egg Ring Bundle, 8 Pack - 4 Square, 4 Circle",
        "url": "https://www.walmart.com/ip/Blackstone-Egg-Ring-Bundle-8-Pack-4-Square-4-Circle/476099485",
        "price": "$19.97",
        "stars": "4.7",
        "ratings": "40 ",
        "img": "",
        "tags": [
            [
                "Shop All Grill Tools & Accessories",
                "/browse/patio-garden/shop-all-grill-tools-accessories/5428_4089_7885852_4061204_1612674"
            ],
            [
                "Outdoor Griddles",
                "/browse/patio-garden/outdoor-griddles/5428_4089_7375787_3867751"
            ],
            [
                "Shop All Flat Top Grills & Outdoor Griddles",
                "/browse/patio-garden/shop-all-flat-top-grills-outdoor-griddles/5428_4089_7375787_2640196_5023329"
            ],
            [
                "Grill Cookware and Supplies",
                "/browse/patio-garden/grill-cookware-supplies/5428_4089_7375787_6401690_5793366"
            ],
            [
                "Shop All Outdoor Cooking Tools & Accessories",
                "/browse/patio-garden/shop-all-outdoor-cooking-tools-accessories/5428_4089_7885852_7459216"
            ],
            [
                "Blackstone Grill Covers",
                "/browse/patio-garden/blackstone-grill-covers/5428_4089_7885852_8338689_3946576_7819504"
            ],
            [
                "Grill Tool Sets",
                "/browse/patio-garden/grill-tool-sets/5428_4089_7885852_4061204_9192724"
            ],
            [
                "Blackstone Griddles",
                "/browse/patio-garden/blackstone-griddles/5428_4089_7375787_8162326_9551746"
            ]
        ]
    },
    {
        "title": "Evri EZ-Open Corkscrew",
        "url": "https://www.walmart.com/ip/Evri-EZ-Open-Corkscrew/35290533",
        "price": "$3.94",
        "stars": "3.6",
        "ratings": "15 ",
        "img": "",
        "tags": [
            [
                "Wine Racks",
                "/browse/home/wine-racks/4044_623679_1032619_1032623"
            ],
            [
                "Shop All Wine Glasses",
                "/browse/home/shop-all-wine-glasses/4044_623679_639999_6972768_2061025_1532453"
            ],
            [
                "Electric Wine Bottle Openers",
                "/browse/home/electric-wine-bottle-openers/4044_90548_90546_9317591_5428079"
            ],
            [
                "Bar Serveware & Storage",
                "/browse/home/bar-serveware-storage/4044_623679_639999_6972768_6824393"
            ],
            [
                "Beer & Wine Glasses",
                "/browse/home/beer-wine-glasses/4044_623679_639999_6972768_6895773"
            ],
            [
                "Bar Tools",
                "/browse/home/bar-tools/4044_623679_639999_4434841_8609600"
            ],
            [
                "Wine Stoppers",
                "/browse/home/wine-stoppers/4044_623679_639999_4434841_8907029"
            ]
        ]
    },
    {
        "title": "Boveda 62% RH 2-Way Humidity Control | Size 8 Protects Up to 1 Oz | 10-Count",
        "url": "https://www.walmart.com/ip/Boveda-62-RH-2-Way-Humidity-Control-Size-8-Protects-Up-to-1-Oz-10-Count/186237463",
        "price": "$14.25",
        "stars": "5.0",
        "ratings": "16 ",
        "img": "i5.walmartimages.com/asr/93890505-d5ca-4f70-b5f8-407ba811653b.2167ebb2ec89024b9dd54f9a7fcff774.jpeg?odnWidth=612&odnHeight=612&odnBg=ffffff",
        "tags": []
    }
]