[
    {
        "title": "Your Zone LED Table Lamp, Available in multiple styles",
        "url": "https://www.walmart.com/ip/Your-Zone-LED-Table-Lamp-Available-in-multiple-styles/221142232",
        "price": "$12.97",
        "stars": "4.2",
        "ratings": "66 ",
        "img": "i5.walmartimages.com/asr/d9377af2-a49a-4fac-9feb-a4a5a0cf081c_1.f0c394909c096a0fb0a4c314150ce3df.jpeg?odnWidth=612&odnHeight=612&odnBg=ffffff",
        "tags": [
            [
                "Girls Bedding",
                "/browse/home/girls-bedding/4044_1154295_1156114_1232347"
            ],
            [
                "Shop All Kids' Bedding",
                "/browse/home/shop-all-kids-bedding/4044_1154295_1156114_2202167"
            ],
            [
                "Shop All Kids' Decor",
                "/browse/home/shop-all-kids-decor/4044_1154295_1156072_2546143"
            ],
            [
                "Teens' Room Decor",
                "/browse/home/teens-room-decor/4044_1156136_2806866"
            ],
            [
                "Kids' Lamps & Lights",
                "/browse/home/kids-lamps-lights/4044_1154295_1156072_3933938"
            ],
            [
                "Girls Comforter Sets",
                "/browse/home/girls-comforter-sets/4044_1154295_1156114_4082186"
            ],
            [
                "Kids' Night Lights",
                "/browse/home/kids-night-lights/4044_1154295_1156072_4846563"
            ],
            [
                "Table Lamps",
                "/browse/home/table-lamps/4044_133012_133113_3820857_8270513"
            ]
        ]
    },
    {
        "title": "DHP Victoria Metal Daybed, Twin, White",
        "url": "https://www.walmart.com/ip/DHP-Victoria-Metal-Daybed-Twin-White/27315750",
        "price": "$149.00",
        "stars": "4.4",
        "ratings": "911 ",
        "img": "",
        "tags": [
            [
                "Full Size Daybeds",
                "/browse/home/full-size-daybeds/4044_103150_102547_1415193_2003461"
            ],
            [
                "Twin Size Daybeds",
                "/browse/home/twin-size-daybeds/4044_103150_102547_1415193_2464111"
            ],
            [
                "White Daybeds",
                "/browse/home/white-daybeds/4044_103150_102547_1415193_3637101"
            ],
            [
                "Daybeds with Trundle",
                "/browse/home/daybeds-with-trundle/4044_103150_102547_1415193_6907860"
            ],
            [
                "Wooden Daybeds",
                "/browse/home/wooden-daybeds/4044_103150_102547_1415193_7950500"
            ],
            [
                "Shop all Daybeds",
                "/browse/home/shop-all-daybeds/4044_103150_102547_5907928_8398911"
            ],
            [
                "Kids' Daybeds",
                "/browse/home/kids-daybeds/4044_1154295_1155958_7251917_9656525"
            ]
        ]
    },
    {
        "title": "Disney Mickey Mouse Fabric Toy Box by Delta Children",
        "url": "https://www.walmart.com/ip/Disney-Mickey-Mouse-Fabric-Toy-Box-by-Delta-Children/51393829",
        "price": "$14.99",
        "stars": "4.5",
        "ratings": "108 ",
        "img": "i5.walmartimages.com/asr/811f8d6a-3a1f-40ab-9f2a-8a97e94852ef_1.e448959256834097c92c97471c0fb054.jpeg?odnWidth=612&odnHeight=612&odnBg=ffffff",
        "tags": [
            [
                "Toy Boxes & Chests",
                "/browse/home/toy-boxes-chests/4044_90828_2523133_1105892"
            ],
            [
                "Kids' Wall Decals & Stickers",
                "/browse/home/kids-wall-decals-stickers/4044_1154295_1156072_1156772"
            ],
            [
                "Kids' Storage Bins",
                "/browse/home/kids-storage-bins/4044_90828_2523133_2558841"
            ],
            [
                "Decorative Storage Boxes",
                "/browse/home/decorative-storage-boxes/4044_90828_1230055_5137026"
            ],
            [
                "All Trunks",
                "/browse/home/all-trunks/4044_90828_1230057_7041481"
            ],
            [
                "Shop All Kids' Storage",
                "/browse/home/shop-all-kids-storage/4044_90828_2523133_7142851"
            ],
            [
                "Disney Storage",
                "/browse/home/disney-storage/4044_90828_2523133_8092415"
            ],
            [
                "Storage Bins",
                "/browse/home/storage-bins/4044_90828_1230055_9867281"
            ]
        ]
    },
    {
        "title": "Humble Crew Kids Book Rack with Fabric Sling Sleeves, Multiple Colors",
        "url": "https://www.walmart.com/ip/Humble-Crew-Kids-Book-Rack-with-Fabric-Sling-Sleeves-Multiple-Colors/5983464",
        "price": "$62.52",
        "stars": "4.3",
        "ratings": "959 ",
        "img": "i5.walmartimages.com/asr/e31a372d-8e81-4c55-b647-d43bdfe81a46_3.1a98b49f2ebba143e59ab9dde872bc78.jpeg?odnWidth=612&odnHeight=612&odnBg=ffffff",
        "tags": [
            [
                "Toy Storage",
                "/browse/home/toy-storage/4044_90828_2523133_1798234"
            ],
            [
                "Kids' Storage Bins",
                "/browse/home/kids-storage-bins/4044_90828_2523133_2558841"
            ],
            [
                "Daycare Furniture",
                "/browse/home/daycare-furniture/4044_1154295_1155958_2660755"
            ],
            [
                "Toy Organizers",
                "/browse/home/toy-organizers/4044_90828_2523133_6541275"
            ],
            [
                "Kids' Tables & Chair Sets",
                "/browse/home/kids-tables-chair-sets/4044_1154295_1155958_671340"
            ],
            [
                "Kids' Storage",
                "/browse/home/kids-storage/4044_1154295_673059"
            ],
            [
                "Shop All Kids' Storage",
                "/browse/home/shop-all-kids-storage/4044_90828_2523133_7142851"
            ],
            [
                "Kids' Playroom",
                "/browse/home/kids-playroom/4044_1154295_9443108"
            ]
        ]
    },
    {
        "title": "U Brands Square Frameless Cork Bulletin Board, 14\" x 14\", Brown, 2463U",
        "url": "https://www.walmart.com/ip/U-Brands-Square-Frameless-Cork-Bulletin-Board-14-x-14-Brown-2463U/602456372",
        "price": "$7.88",
        "stars": "4.6",
        "ratings": "13 ",
        "img": "i5.walmartimages.com/asr/4ea87b99-d294-4c43-a1a4-ab4960091d77_3.fb83ab029366ebc20e40c2c0681061de.jpeg?odnWidth=612&odnHeight=612&odnBg=ffffff",
        "tags": [
            [
                "Kids' Wall Decals & Stickers",
                "/browse/home/kids-wall-decals-stickers/4044_1154295_1156072_1156772"
            ],
            [
                "Teens' Wall Decor",
                "/browse/home/teens-wall-decor/4044_1156136_1156152_1157382"
            ],
            [
                "Shop All Wall Art by Style",
                "/browse/home/shop-all-wall-art-by-style/4044_133012_1045881_6473786_3673106"
            ],
            [
                "Cheval Mirrors",
                "/browse/home/cheval-mirrors/4044_133012_7256585_3716082"
            ],
            [
                "Drew Barrymore Flower Home Gifting",
                "/browse/home/drew-barrymore-flower-home-gifting/4044_1225301_8106496_5301860"
            ],
            [
                "Coasters",
                "/browse/home/coasters/4044_623679_639999_2347672_6338711"
            ],
            [
                "Princess Decor",
                "/browse/home/princess-decor/4044_133012_8509897"
            ],
            [
                "Shop All Wall Art by Artist",
                "/browse/home/shop-all-wall-art-by-artist/4044_133012_1045881_8724634_8745553"
            ]
        ]
    },
    {
        "title": "Jordan Manufacturing Jr. Bean Bag, Multiple Colors",
        "url": "https://www.walmart.com/ip/Jordan-Manufacturing-Jr-Bean-Bag-Multiple-Colors/807489699",
        "price": "$35.60",
        "stars": "4.1",
        "ratings": "33 ",
        "img": "i5.walmartimages.com/asr/daefe0fe-4548-4747-916f-33484d50532e_1.276cb8b9fe84e6fb6f97202ae09ad018.jpeg?odnWidth=612&odnHeight=612&odnBg=ffffff",
        "tags": [
            [
                "Teens' Lounge Seating",
                "/browse/home/teens-lounge-seating/4044_1156136_1156142_1156147"
            ],
            [
                "Big Bean Bag Chairs",
                "/browse/home/big-bean-bag-chairs/4044_1154295_1155958_7203266_4128634"
            ],
            [
                "Bean Bag Chairs",
                "/browse/home/bean-bag-chairs/4044_1154295_1155958_7203266_4850205"
            ],
            [
                "Kids' Themes",
                "/browse/home/kids-themes/4044_1154295_5819446"
            ],
            [
                "Adult & Teen Bean Bag Chairs",
                "/browse/home/adult-teen-bean-bag-chairs/4044_1154295_1155958_7203266_8496525"
            ],
            [
                "Kids' Bean Bag Chairs",
                "/browse/home/kids-bean-bag-chairs/4044_1154295_1155958_7203266_9269066"
            ],
            [
                "All Kids' Chairs",
                "/browse/home/all-kids-chairs/4044_1154295_1155958_7203266_9300235"
            ],
            [
                "Kids' Playroom",
                "/browse/home/kids-playroom/4044_1154295_9443108"
            ]
        ]
    },
    {
        "title": "Fortnite SKULL TROOPER-V Gaming Chair, RESPAWN Reclining Ergonomic Chair (TROOPER-01)",
        "url": "https://www.walmart.com/ip/Fortnite-SKULL-TROOPER-V-Gaming-Chair-RESPAWN-Reclining-Ergonomic-Chair-TROOPER-01/415974076",
        "price": "$99.98",
        "stars": "4.6",
        "ratings": "154 ",
        "img": "i5.walmartimages.com/asr/74f862f4-a12b-4fdf-907f-ee4b3ea59395_1.a0f75fc5562a02abb3438c24927a8bd0.jpeg?odnWidth=612&odnHeight=612&odnBg=ffffff",
        "tags": [
            [
                "Teens' Gaming",
                "/browse/home/teens-gaming/4044_1156136_1156142_1043794"
            ],
            [
                "Ergonomic Chairs",
                "/browse/home/ergonomic-chairs/4044_103150_97116_5177400"
            ],
            [
                "Teens' Desk Chairs",
                "/browse/home/teens-desk-chairs/4044_1156136_1156142_5845507"
            ],
            [
                "Small Space Desks & Office Furniture",
                "/browse/home/small-space-desks-office-furniture/4044_103150_2880259_6932446"
            ],
            [
                "White Office Furniture",
                "/browse/home/white-office-furniture/4044_103150_97116_7165397"
            ],
            [
                "Kids' Desk Chairs",
                "/browse/home/kids-desk-chairs/4044_1154295_1155958_7203266_8578962"
            ],
            [
                "All Kids' Chairs",
                "/browse/home/all-kids-chairs/4044_1154295_1155958_7203266_9300235"
            ],
            [
                "Gaming Chairs",
                "/browse/home/gaming-chairs/4044_103150_97116_9559238"
            ]
        ]
    },
    {
        "title": "Step2 All Around Red Easel for Two, Chalkboard and Dry-Erase Board, Includes 94 Magnetic Pieces",
        "url": "https://www.walmart.com/ip/Step2-All-Around-Red-Easel-for-Two-Chalkboard-and-Dry-Erase-Board-Includes-94-Magnetic-Pieces/21761588",
        "price": "$44.99",
        "stars": "4.5",
        "ratings": "126 ",
        "img": "i5.walmartimages.com/asr/ff7602c8-f5bc-4c7c-b783-5f46e6bc1c80_1.7d20aefc1d3b4be76384556a730a366f.jpeg?odnWidth=612&odnHeight=612&odnBg=ffffff",
        "tags": [
            [
                "Tools & Workshops",
                "/browse/toys/tools-workshops/4171_4173_1077124"
            ],
            [
                "Costumes & Dress Up",
                "/browse/toys/costumes-dress-up/4171_4173_164142"
            ],
            [
                "Housekeeping Toys",
                "/browse/toys/housekeeping-toys/4171_4173_3426779_2728309"
            ],
            [
                "KidKraft",
                "/browse/toys/kidkraft/4171_3438149_3485234"
            ],
            [
                "Melissa & Doug Toys",
                "/browse/toys/melissa-doug-toys/4171_3438149_5908879"
            ],
            [
                "Drawing & Coloring",
                "/browse/toys/drawing-coloring/4171_645779_613041"
            ],
            [
                "Magna Doodle",
                "/browse/toys/magna-doodle/4171_645779_6408170_6399778"
            ],
            [
                "Math Toys for Kids",
                "/browse/toys/math-toys-for-kids/4171_1229858_6906869"
            ]
        ]
    },
    {
        "title": "Your Zone Butterfly Bed in a Bag Coordinating Bedding Set",
        "url": "https://www.walmart.com/ip/Your-Zone-Butterfly-Bed-in-a-Bag-Coordinating-Bedding-Set/982369751",
        "price": "$39.94",
        "stars": "4.8",
        "ratings": "40 ",
        "img": "i5.walmartimages.com/asr/4a0caee1-2509-483d-a424-b9870ef4e425_2.34605e5652ba3edfafa65187dc74fa3c.jpeg?odnWidth=612&odnHeight=612&odnBg=ffffff",
        "tags": [
            [
                "Kids' Comforters",
                "/browse/home/kids-comforters/4044_1154295_1156114_1156132"
            ],
            [
                "Kids' Bedding Sets",
                "/browse/home/kids-bedding-sets/4044_1154295_1156114_1156134"
            ],
            [
                "Teens' Bedding Sets",
                "/browse/home/teens-bedding-sets/4044_1156136_1156157_1156162"
            ],
            [
                "Teens' Comforters Sets",
                "/browse/home/teens-comforters-sets/4044_1156136_1156157_1230003"
            ],
            [
                "Girls Bedding Sets",
                "/browse/home/girls-bedding-sets/4044_1154295_1156114_3967620"
            ],
            [
                "Girls Comforter Sets",
                "/browse/home/girls-comforter-sets/4044_1154295_1156114_4082186"
            ],
            [
                "Teen Girl Bedding",
                "/browse/home/teen-girl-bedding/4044_1156136_1156157_4518210"
            ],
            [
                "Floral Bedding",
                "/browse/home/floral-bedding/4044_1154295_1156114_2439708_7191568"
            ]
        ]
    },
    {
        "title": "Your Zone Aurora Glow in the Dark Bed in a Bag Comforter Bedding Set",
        "url": "https://www.walmart.com/ip/Your-Zone-Aurora-Glow-in-the-Dark-Bed-in-a-Bag-Comforter-Bedding-Set/813276056",
        "price": "$49.97",
        "stars": "4.7",
        "ratings": "28 ",
        "img": "i5.walmartimages.com/asr/e8e000b7-4695-4822-8ccf-06f12a07dcab_2.05b38a33398ddbf8070f5eee885aba00.jpeg?odnWidth=612&odnHeight=612&odnBg=ffffff",
        "tags": [
            [
                "Kids' Comforters",
                "/browse/home/kids-comforters/4044_1154295_1156114_1156132"
            ],
            [
                "Kids' Bedding Sets",
                "/browse/home/kids-bedding-sets/4044_1154295_1156114_1156134"
            ],
            [
                "Teens' Bedding Sets",
                "/browse/home/teens-bedding-sets/4044_1156136_1156157_1156162"
            ],
            [
                "Teens' Comforters Sets",
                "/browse/home/teens-comforters-sets/4044_1156136_1156157_1230003"
            ],
            [
                "Shop All Teens' Bedding",
                "/browse/home/shop-all-teens-bedding/4044_1156136_1156157_2716120"
            ],
            [
                "Girls Bedding Sets",
                "/browse/home/girls-bedding-sets/4044_1154295_1156114_3967620"
            ],
            [
                "Girls Comforter Sets",
                "/browse/home/girls-comforter-sets/4044_1154295_1156114_4082186"
            ],
            [
                "Teen Girl Bedding",
                "/browse/home/teen-girl-bedding/4044_1156136_1156157_4518210"
            ]
        ]
    }
]