[
    {
        "title": "Home Details Sanitized Waterproof Mattress Protector in Twin Size",
        "url": "https://www.walmart.com/ip/Home-Details-Sanitized-Waterproof-Mattress-Protector-in-Twin-Size/801687863",
        "price": "$22.20",
        "stars": "4.6",
        "ratings": "11 ",
        "img": "",
        "tags": [
            [
                "Mattress Pads & Protectors & Toppers",
                "/browse/home/mattress-pads-protectors-toppers/4044_539103_133144"
            ],
            [
                "Waterproof Mattress Protectors",
                "/browse/home/waterproof-mattress-protectors/4044_539103_8022801_1583426"
            ],
            [
                "Cooling Mattress Protectors",
                "/browse/home/cooling-mattress-protectors/4044_539103_8022801_4168541"
            ],
            [
                "Mattress Protectors",
                "/browse/home/mattress-protectors/4044_103150_539386_4169411"
            ],
            [
                "Bed Bug Mattress Protectors",
                "/browse/home/bed-bug-mattress-protectors/4044_539103_8022801_5020852"
            ],
            [
                "Basic Mattress Pads & Protectors",
                "/browse/home/basic-mattress-pads-protectors/4044_539103_1095008_5670126"
            ],
            [
                "Twin Mattress Pads",
                "/browse/home/twin-mattress-pads/4044_539103_5947786_7046410"
            ],
            [
                "Zippered Mattress Protectors",
                "/browse/home/zippered-mattress-protectors/4044_539103_8022801_8929600"
            ]
        ]
    },
    {
        "title": "Ambesonne Mattress Protector Waterproof Breathable Sheet All Around Elastic Fitted Bed Cover, by Ambesonne",
        "url": "https://www.walmart.com/ip/Ambesonne-Mattress-Protector-Waterproof-Breathable-Sheet-All-Around-Elastic-Fitted-Bed-Cover-by-Ambesonne/452073247",
        "price": "$25.95",
        "stars": "5.0",
        "ratings": "3 ",
        "img": "i5.walmartimages.com/asr/f6cbb2ea-a414-417e-a66b-514bb8146e8f.d18e857b5aff7118d7bcdd67f9fdff91.jpeg?odnWidth=612&odnHeight=612&odnBg=ffffff",
        "tags": [
            [
                "Waterproof Mattress Protectors",
                "/browse/home/waterproof-mattress-protectors/4044_539103_8022801_1583426"
            ],
            [
                "Cooling Mattress Protectors",
                "/browse/home/cooling-mattress-protectors/4044_539103_8022801_4168541"
            ],
            [
                "Mattress Protectors",
                "/browse/home/mattress-protectors/4044_103150_539386_4169411"
            ],
            [
                "Bed Bug Mattress Protectors",
                "/browse/home/bed-bug-mattress-protectors/4044_539103_8022801_5020852"
            ],
            [
                "Basic Mattress Pads & Protectors",
                "/browse/home/basic-mattress-pads-protectors/4044_539103_1095008_5670126"
            ],
            [
                "Waterproof Mattress Pads",
                "/browse/home/waterproof-mattress-pads/4044_539103_5947786_6986081"
            ],
            [
                "Zippered Mattress Protectors",
                "/browse/home/zippered-mattress-protectors/4044_539103_8022801_8929600"
            ],
            [
                "Queen Mattress Pads",
                "/browse/home/queen-mattress-pads/4044_539103_5947786_9473533"
            ]
        ]
    },
    {
        "title": "Linenspa 12 Inch Gel Memory Foam and Innerspring Hybrid Mattress",
        "url": "https://www.walmart.com/ip/Linenspa-12-Inch-Gel-Memory-Foam-and-Innerspring-Hybrid-Mattress/704148539",
        "price": "$576.22",
        "stars": "4.4",
        "ratings": "41 ",
        "img": "i5.walmartimages.com/asr/67e37615-aa00-42ba-8f7b-52bfed850bb5_1.aa264b07c7a24f78bd618f38fdea976e.jpeg?odnWidth=612&odnHeight=612&odnBg=ffffff",
        "tags": [
            [
                "California King Mattresses",
                "/browse/home/california-king-mattresses/4044_103150_539386_9682013_1554425"
            ],
            [
                "Shop All Mattresses by Brand",
                "/browse/home/shop-all-mattresses-by-brand/4044_103150_539386_8871501_5055269"
            ],
            [
                "Twin-XL Mattresses",
                "/browse/home/twin-xl-mattresses/4044_103150_539386_9682013_5191936"
            ],
            [
                "Medium Firm Mattresses",
                "/browse/home/medium-firm-mattresses/4044_1225301_7738457_6007208"
            ],
            [
                "King Mattresses",
                "/browse/home/king-mattresses/4044_103150_539386_9682013_7117230"
            ],
            [
                "Queen Mattresses",
                "/browse/home/queen-mattresses/4044_103150_539386_9682013_7235340"
            ],
            [
                "Shop All Mattresses by Comfort Level",
                "/browse/home/shop-all-mattresses-by-comfort-level/4044_103150_539386_8574778_7747247"
            ],
            [
                "Plush Mattresses",
                "/browse/home/plush-mattresses/4044_103150_539386_8574778_7863995"
            ]
        ]
    },
    {
        "title": "Signature Design By Ashley - Chime 8 Inch Memory Foam Twin Mattress - White",
        "url": "https://www.walmart.com/ip/Signature-Design-By-Ashley-Chime-8-Inch-Memory-Foam-Twin-Mattress-White/296392113",
        "price": "$171.91",
        "stars": "4.3",
        "ratings": "278 ",
        "img": "i5.walmartimages.com/asr/bd58b354-8b49-4cb3-9d9f-ecf2204ea178_1.b39e680cb2f3b3a0618d6cc9cd08536f.jpeg?odnWidth=612&odnHeight=612&odnBg=ffffff",
        "tags": [
            [
                "Full Mattresses",
                "/browse/home/full-mattresses/4044_103150_539386_9682013_1872812"
            ],
            [
                "Twin Mattresses",
                "/browse/home/twin-mattresses/4044_103150_539386_9682013_4706569"
            ],
            [
                "Twin-XL Mattresses",
                "/browse/home/twin-xl-mattresses/4044_103150_539386_9682013_5191936"
            ],
            [
                "Medium Firm Mattresses",
                "/browse/home/medium-firm-mattresses/4044_1225301_7738457_6007208"
            ],
            [
                "King Mattresses",
                "/browse/home/king-mattresses/4044_103150_539386_9682013_7117230"
            ],
            [
                "Kids' Mattresses",
                "/browse/home/kids-mattresses/4044_103150_539386_7177070"
            ],
            [
                "Queen Mattresses",
                "/browse/home/queen-mattresses/4044_103150_539386_9682013_7235340"
            ],
            [
                "Firm Mattresses",
                "/browse/home/firm-mattresses/4044_1225301_7738457_8955250"
            ]
        ]
    },
    {
        "title": "Premier Zero Clearance Adjustable Upholstered Bed Base Frame with Wireless Remote, Twin XL",
        "url": "https://www.walmart.com/ip/Premier-Zero-Clearance-Adjustable-Upholstered-Bed-Base-Frame-with-Wireless-Remote-Twin-XL/393881340",
        "price": "$579.99",
        "stars": "5.0",
        "ratings": "20 ",
        "img": "i5.walmartimages.com/asr/39416b5f-e8fc-4554-aefb-049cde2a5413_3.597394676bf31384e90513c67267525c.jpeg?odnWidth=612&odnHeight=612&odnBg=ffffff",
        "tags": [
            [
                "Pillows & Home Aids to Stop Snoring",
                "/browse/home/pillows-home-aids-to-stop-snoring/4044_1225301_2271072_1845555"
            ],
            [
                "Best Mattresses & Bedding for Back Pain Relief",
                "/browse/home/best-mattresses-bedding-for-back-pain-relief/4044_1225301_2271072_2600956"
            ],
            [
                "Shop all Bed Frames",
                "/browse/home/shop-all-bed-frames/4044_103150_102547_2727648"
            ],
            [
                "Queen Bed Frames",
                "/browse/home/queen-bed-frames/4044_103150_102547_1612901_3670601"
            ],
            [
                "California King Bed Frames",
                "/browse/home/california-king-bed-frames/4044_103150_102547_1612901_6889818"
            ],
            [
                "Full Bed Frames",
                "/browse/home/full-bed-frames/4044_103150_102547_1612901_7561545"
            ],
            [
                "Metal Bed Frames",
                "/browse/home/metal-bed-frames/4044_103150_102547_1612901_7728882"
            ],
            [
                "Bed Frames",
                "/browse/home/bed-frames/4044_103150_102547_1612901_96991"
            ]
        ]
    },
    {
        "title": "Spinal Solution, 1.5-Inch Wood Bunkie Board/Slats, Mattress Bed Support, Fits Standard, Twin Size Bed ( 2 Halves Included)",
        "url": "https://www.walmart.com/ip/Spinal-Solution-1-5-Inch-Wood-Bunkie-Board-Slats-Mattress-Bed-Support-Fits-Standard-Twin-Size-Bed-2-Halves-Included/308738038",
        "price": "$100.00",
        "stars": "3.0",
        "ratings": "1 ",
        "img": "i5.walmartimages.com/asr/5a0809ea-4ef6-404f-b73e-26c61a33c3a9_1.1f76cceb510c7b399f4c20d1a3072aa7.jpeg?odnWidth=612&odnHeight=612&odnBg=ffffff",
        "tags": [
            [
                "Queen Box Springs",
                "/browse/home/queen-box-springs/4044_103150_102547_1612901_1821386"
            ],
            [
                "Full Box Springs",
                "/browse/home/full-box-springs/4044_103150_102547_1612901_2132826"
            ],
            [
                "Low Profile Box Springs",
                "/browse/home/low-profile-box-springs/4044_103150_102547_1612901_2968033"
            ],
            [
                "Shop all Box Springs",
                "/browse/home/shop-all-box-springs/4044_103150_102547_4502764"
            ],
            [
                "California King Box Springs",
                "/browse/home/california-king-box-springs/4044_103150_102547_1612901_5913375"
            ],
            [
                "Twin Box Springs",
                "/browse/home/twin-box-springs/4044_103150_102547_1612901_5926336"
            ],
            [
                "King Box Springs",
                "/browse/home/king-box-springs/4044_103150_102547_1612901_8352583"
            ],
            [
                "Bunkie Boards",
                "/browse/home/bunkie-boards/4044_103150_102547_1612901_8541125"
            ]
        ]
    },
    {
        "title": "Soft Vinyl Fitted Mattress Cover, Twin Size",
        "url": "https://www.walmart.com/ip/Soft-Vinyl-Fitted-Mattress-Cover-Twin-Size/684757688",
        "price": "$13.99",
        "stars": 0,
        "ratings": 0,
        "img": "i5.walmartimages.com/asr/4ce8f381-5213-4854-8a66-48046a1cc22c_1.16824193b8d8a11e952b0f1f8eca7315.jpeg?odnWidth=612&odnHeight=612&odnBg=ffffff",
        "tags": [
            [
                "Mattress Pads & Protectors & Toppers",
                "/browse/home/mattress-pads-protectors-toppers/4044_539103_133144"
            ],
            [
                "Waterproof Mattress Protectors",
                "/browse/home/waterproof-mattress-protectors/4044_539103_8022801_1583426"
            ],
            [
                "Cooling Mattress Protectors",
                "/browse/home/cooling-mattress-protectors/4044_539103_8022801_4168541"
            ],
            [
                "Mattress Protectors",
                "/browse/home/mattress-protectors/4044_103150_539386_4169411"
            ],
            [
                "Bed Bug Mattress Protectors",
                "/browse/home/bed-bug-mattress-protectors/4044_539103_8022801_5020852"
            ],
            [
                "Basic Mattress Pads & Protectors",
                "/browse/home/basic-mattress-pads-protectors/4044_539103_1095008_5670126"
            ],
            [
                "Top Home Allergy Relief Products",
                "/browse/home/top-home-allergy-relief-products/4044_1225301_2271072_8428130"
            ],
            [
                "Zippered Mattress Protectors",
                "/browse/home/zippered-mattress-protectors/4044_539103_8022801_8929600"
            ]
        ]
    },
    {
        "title": "ViscoLogic Maxima Comfort Luxurious Organic Cotton Quilted Flippable Foam Mattress",
        "url": "https://www.walmart.com/ip/ViscoLogic-Maxima-Comfort-Luxurious-Organic-Cotton-Quilted-Flippable-Foam-Mattress/280957919",
        "price": "$164.98",
        "stars": "4.9",
        "ratings": "7 ",
        "img": "i5.walmartimages.com/asr/f04cd03d-83da-436b-a701-70c699688e1b.28136932828252615179707ff7063cf6.jpeg?odnWidth=612&odnHeight=612&odnBg=ffffff",
        "tags": [
            [
                "Full Mattresses",
                "/browse/home/full-mattresses/4044_103150_539386_9682013_1872812"
            ],
            [
                "Mattress-in-a-Box",
                "/browse/home/mattress-in-a-box/4044_103150_539386_1985909"
            ],
            [
                "Twin Mattresses",
                "/browse/home/twin-mattresses/4044_103150_539386_9682013_4706569"
            ],
            [
                "Medium Firm Mattresses",
                "/browse/home/medium-firm-mattresses/4044_1225301_7738457_6007208"
            ],
            [
                "King Mattresses",
                "/browse/home/king-mattresses/4044_103150_539386_9682013_7117230"
            ],
            [
                "Queen Mattresses",
                "/browse/home/queen-mattresses/4044_103150_539386_9682013_7235340"
            ],
            [
                "Shop All Mattresses by Comfort Level",
                "/browse/home/shop-all-mattresses-by-comfort-level/4044_103150_539386_8574778_7747247"
            ],
            [
                "Shop All Mattresses by Size",
                "/browse/home/shop-all-mattresses-by-size/4044_103150_539386_9682013_8499841"
            ]
        ]
    },
    {
        "title": "Hodedah Complete Metal Queen Size Bed in White",
        "url": "https://www.walmart.com/ip/Hodedah-Complete-Metal-Queen-Size-Bed-in-White/188097591",
        "price": "$182.68",
        "stars": "4.0",
        "ratings": "20 ",
        "img": "",
        "tags": [
            [
                "King Beds",
                "/browse/home/king-beds/4044_103150_102547_91837_2698834"
            ],
            [
                "Modern Beds",
                "/browse/home/modern-beds/4044_103150_102547_5949652_5494944_3059712"
            ],
            [
                "Queen Beds",
                "/browse/home/queen-beds/4044_103150_102547_5949652_2014667_3260170"
            ],
            [
                "Poster Beds",
                "/browse/home/poster-beds/4044_103150_102547_5949652_4461999_4289337"
            ],
            [
                "Platform Beds",
                "/browse/home/platform-beds/4044_103150_102547_91837_5579206"
            ],
            [
                "Twin Beds",
                "/browse/home/twin-beds/4044_103150_102547_5949652_2014667_5628006"
            ],
            [
                "Metal Beds",
                "/browse/home/metal-beds/4044_103150_102547_91837_6841634"
            ],
            [
                "Full Beds",
                "/browse/home/full-beds/4044_103150_102547_91837_7293063"
            ]
        ]
    },
    {
        "title": "Free Flow Full Motion Hardside Waterbed Mattress By Innomax Cal King (72x84)",
        "url": "https://www.walmart.com/ip/Free-Flow-Full-Motion-Hardside-Waterbed-Mattress-By-Innomax-Cal-King-72x84/285256272",
        "price": "$86.93",
        "stars": "3.0",
        "ratings": "1 ",
        "img": "",
        "tags": [
            [
                "Twin Mattresses",
                "/browse/home/twin-mattresses/4044_103150_539386_9682013_4706569"
            ],
            [
                "Specialty Mattresses",
                "/browse/home/specialty-mattresses/4044_1225301_7738457_6832442"
            ],
            [
                "King Mattresses",
                "/browse/home/king-mattresses/4044_103150_539386_9682013_7117230"
            ],
            [
                "Queen Mattresses",
                "/browse/home/queen-mattresses/4044_103150_539386_9682013_7235340"
            ],
            [
                "Shop All Mattresses by Comfort Level",
                "/browse/home/shop-all-mattresses-by-comfort-level/4044_103150_539386_8574778_7747247"
            ],
            [
                "Shop All Mattresses by Size",
                "/browse/home/shop-all-mattresses-by-size/4044_103150_539386_9682013_8499841"
            ],
            [
                "Firm Mattresses",
                "/browse/home/firm-mattresses/4044_1225301_7738457_8955250"
            ],
            [
                "Mattresses",
                "/browse/home/mattresses/4044_103150_539386_927959"
            ]
        ]
    }
]