[
    {
        "title": "Rubbermaid Flex and Seal Cereal Keeper Food Storage Container, 1.5 Gallon/5.68 Liter",
        "url": "https://www.walmart.com/ip/Rubbermaid-Flex-and-Seal-Cereal-Keeper-Food-Storage-Container-1-5-Gallon-5-68-Liter/16408611",
        "price": "$6.98",
        "stars": "4.3",
        "ratings": "182 ",
        "img": "",
        "tags": [
            [
                "Counter Organizers",
                "/browse/home/counter-organizers/4044_623679_1032619_1032621"
            ],
            [
                "Food Storage",
                "/browse/home/food-storage/4044_1225301_1225229_1225238_1230042"
            ],
            [
                "Coffee Storage",
                "/browse/home/coffee-storage/4044_623679_1032619_2669816"
            ],
            [
                "Shop All Food Storage Containers",
                "/browse/home/shop-all-food-storage-containers/4044_623679_1032619_5842891_2687119"
            ],
            [
                "Kitchen Canisters",
                "/browse/home/kitchen-canisters/4044_623679_1032619_5842891_2867332"
            ],
            [
                "Rubbermaid Food Storage",
                "/browse/home/rubbermaid-food-storage/4044_623679_1032619_5842891_3368294"
            ],
            [
                "Meal Prep Containers",
                "/browse/home/meal-prep-containers/4044_623679_1032619_5842891_8561628"
            ],
            [
                "Dorm Dining & Hydration",
                "/browse/home/dorm-dining-hydration/4044_1225301_1225229_9951877"
            ]
        ]
    },
    {
        "title": "Rubbermaid, Brilliance Pantry Organization and Food Storage Containers with Airtight Lids, 20-Piece Set",
        "url": "https://www.walmart.com/ip/Rubbermaid-Brilliance-Pantry-Organization-and-Food-Storage-Containers-with-Airtight-Lids-20-Piece-Set/777174401",
        "price": "$45.15",
        "stars": "4.2",
        "ratings": "382 ",
        "img": "i5.walmartimages.com/asr/befe9018-8d28-4fd9-aff4-889743a30442_2.790cd815dd4c7925342356db91a38bf9.jpeg?odnWidth=612&odnHeight=612&odnBg=ffffff",
        "tags": [
            [
                "Counter Organizers",
                "/browse/home/counter-organizers/4044_623679_1032619_1032621"
            ],
            [
                "Coffee Storage",
                "/browse/home/coffee-storage/4044_623679_1032619_2669816"
            ],
            [
                "Shop All Food Storage Containers",
                "/browse/home/shop-all-food-storage-containers/4044_623679_1032619_5842891_2687119"
            ],
            [
                "Rubbermaid Food Storage",
                "/browse/home/rubbermaid-food-storage/4044_623679_1032619_5842891_3368294"
            ],
            [
                "Kitchen Wedding Registry",
                "/browse/home/kitchen-wedding-registry/4044_623679_3700962"
            ],
            [
                "Glass Storage Containers",
                "/browse/home/glass-storage-containers/4044_623679_1032619_5842891_7520532"
            ],
            [
                "Meal Prep Containers",
                "/browse/home/meal-prep-containers/4044_623679_1032619_5842891_8561628"
            ],
            [
                "Dorm Dining & Hydration",
                "/browse/home/dorm-dining-hydration/4044_1225301_1225229_9951877"
            ]
        ]
    },
    {
        "title": "39E966 Paper Towel Dispenser Key",
        "url": "https://www.walmart.com/ip/39E966-Paper-Towel-Dispenser-Key/809069947",
        "price": "$0.18",
        "stars": "5.0",
        "ratings": "10 ",
        "img": "",
        "tags": [
            [
                "Dinnerware & Serving Storage",
                "/browse/home/dinnerware-serving-storage/4044_623679_1032619_1075865"
            ],
            [
                "Sink Accessories",
                "/browse/home/sink-accessories/4044_623679_1032619_1075867"
            ],
            [
                "Shop All The Pioneer Woman",
                "/browse/home/shop-all-the-pioneer-woman/4044_1920532_9153905_1843111"
            ],
            [
                "Coffee Storage",
                "/browse/home/coffee-storage/4044_623679_1032619_2669816"
            ],
            [
                "Kitchen Canisters",
                "/browse/home/kitchen-canisters/4044_623679_1032619_5842891_2867332"
            ],
            [
                "Paper Towel Holders",
                "/browse/home/paper-towel-holders/4044_623679_1032619_4989059"
            ],
            [
                "Utensil Holders",
                "/browse/home/utensil-holders/4044_623679_1032619_8348055"
            ],
            [
                "Dish Racks",
                "/browse/home/dish-racks/4044_623679_1032619_9367666"
            ]
        ]
    },
    {
        "title": "DII Terry Kitchen Potholder Set, Set of 3, 7\"x7\", 100% Cotton, Multiple Colors",
        "url": "https://www.walmart.com/ip/DII-Terry-Kitchen-Potholder-Set-Set-of-3-7-x7-100-Cotton-Multiple-Colors/635172325",
        "price": "$6.99",
        "stars": "4.6",
        "ratings": "122 ",
        "img": "i5.walmartimages.com/asr/fe38911b-fba2-4ba0-b3e6-3dd991506302_1.1079476b770d576ac6eefa6104d55972.jpeg?odnWidth=612&odnHeight=612&odnBg=ffffff",
        "tags": [
            [
                "Shop All T-fal",
                "/browse/home/shop-all-t-fal/4044_1920532_8495630_1893187"
            ],
            [
                "Kitchen Linen Sets",
                "/browse/home/kitchen-linen-sets/4044_623679_8055732_5591719_2047073"
            ],
            [
                "Kitchen Towel Value Sets",
                "/browse/home/kitchen-towel-value-sets/4044_623679_8055732_5591719_2164267"
            ],
            [
                "Oven Gloves",
                "/browse/home/oven-gloves/4044_623679_8055732_5591719_4758623"
            ],
            [
                "Silicone Oven Mitts & Pot Holders",
                "/browse/home/silicone-oven-mitts-pot-holders/4044_623679_8055732_5591719_5826041"
            ],
            [
                "Kitchen Towels & Dish Towels",
                "/browse/home/kitchen-towels-dish-towels/4044_623679_8055732_5591719_7723882"
            ],
            [
                "The Pioneer Woman Kitchen & Table Linens",
                "/browse/home/the-pioneer-woman-kitchen-table-linens/4044_623679_8055732_7902803"
            ],
            [
                "Dish Cloths",
                "/browse/home/dish-cloths/4044_623679_8055732_5591719_9748844"
            ]
        ]
    },
    {
        "title": "Mainstays 34\" Resin Plastic Top Fold-in-Half Table, Rich Black",
        "url": "https://www.walmart.com/ip/Mainstays-34-Resin-Plastic-Top-Fold-in-Half-Table-Rich-Black/844365764",
        "price": "$39.96",
        "stars": "4.3",
        "ratings": "271 ",
        "img": "i5.walmartimages.com/asr/e4745de4-0e21-45aa-b1d0-cbede5214b8f_1.78d9949a77b780ef66446a34a96b5f56.jpeg?odnWidth=612&odnHeight=612&odnBg=ffffff",
        "tags": [
            [
                "Kitchen & Dining",
                "/browse/home/kitchen-dining/4044_103150_1225290_1225294"
            ],
            [
                "Plastic Folding Tables",
                "/browse/home/plastic-folding-tables/4044_103150_4037_1370390_1371716_2193200"
            ],
            [
                "Small Living Room Ideas",
                "/browse/home/small-living-room-ideas/4044_103150_2880259_2662498"
            ],
            [
                "Folding Tables",
                "/browse/home/folding-tables/4044_103150_4037_2802813"
            ],
            [
                "Shop All Folding Tables",
                "/browse/home/shop-all-folding-tables/4044_103150_4037_1370390_1535004_3707189"
            ],
            [
                "Black Folding Tables",
                "/browse/home/black-folding-tables/4044_103150_4037_1370390_1535004_6388387"
            ],
            [
                "White Folding Tables",
                "/browse/home/white-folding-tables/4044_103150_4037_1370390_1535004_7425341"
            ],
            [
                "Dorm Room Essentials",
                "/browse/home/dorm-room-essentials/4044_1225301_1225229_7506721"
            ]
        ]
    },
    {
        "title": "Expert Grill 13.2inch x 9.2inch Steel Barbeque Grill Tray Topper",
        "url": "https://www.walmart.com/ip/Expert-Grill-13-2inch-x-9-2inch-Steel-Barbeque-Grill-Tray-Topper/498061206",
        "price": "$1.93",
        "stars": "4.1",
        "ratings": "43 ",
        "img": "i5.walmartimages.com/asr/85319b8a-1b50-40f1-8ade-8dd55f22d591_1.25913077a337be8a322cfdfc1b6945c9.jpeg?odnWidth=612&odnHeight=612&odnBg=ffffff",
        "tags": [
            [
                "Grill Grates & Racks",
                "/browse/patio-garden/grill-grates-racks/5428_4089_7885852_2351629_2669565"
            ],
            [
                "Grill Mats",
                "/browse/patio-garden/grill-mats/5428_4089_7885852_4061204_3524086"
            ],
            [
                "Shop All Grill Parts",
                "/browse/patio-garden/shop-all-grill-parts/5428_4089_7885852_2351629_4064774"
            ],
            [
                "Lump Charcoal & Briquettes",
                "/browse/patio-garden/lump-charcoal-briquettes/5428_4089_7885852_9732116_5377022"
            ],
            [
                "Grill Cookware and Supplies",
                "/browse/patio-garden/grill-cookware-supplies/5428_4089_7375787_6401690_5793366"
            ],
            [
                "Shop All Outdoor Cooking Tools & Accessories",
                "/browse/patio-garden/shop-all-outdoor-cooking-tools-accessories/5428_4089_7885852_7459216"
            ],
            [
                "Grill Tool Sets",
                "/browse/patio-garden/grill-tool-sets/5428_4089_7885852_4061204_9192724"
            ],
            [
                "Charcoal and Smoker Accessories",
                "/browse/patio-garden/charcoal-smoker-accessories/5428_4089_7375787_6401690_9839431"
            ]
        ]
    },
    {
        "title": "goodcook Bamboo 4\" Skewer, 300 Count",
        "url": "https://www.walmart.com/ip/goodcook-Bamboo-4-Skewer-300-Count/27419949",
        "price": "$1.92",
        "stars": "3.7",
        "ratings": "24 ",
        "img": "",
        "tags": [
            [
                "Fondue Pots",
                "/browse/home/fondue-pots/4044_90548_90546_133025_1503614"
            ],
            [
                "Drinkware Accessories",
                "/browse/home/drinkware-accessories/4044_623679_639999_2988027"
            ],
            [
                "Decorating Tools",
                "/browse/home/decorating-tools/4044_623679_8455465_5760210"
            ],
            [
                "More Specialty Appliances",
                "/browse/home/more-specialty-appliances/4044_90548_90546_133025_6406821"
            ],
            [
                "Grill Tools",
                "/browse/home/grill-tools/4044_623679_133020_4496646_7376633"
            ],
            [
                "Chocolate Fountains",
                "/browse/home/chocolate-fountains/4044_90548_90546_132920_7540383"
            ]
        ]
    },
    {
        "title": "Better Homes & Gardens Acacia Wood Serving Tray with Gold Handles",
        "url": "https://www.walmart.com/ip/Better-Homes-Gardens-Acacia-Wood-Serving-Tray-with-Gold-Handles/599173517",
        "price": "$19.94",
        "stars": "4.9",
        "ratings": "87 ",
        "img": "i5.walmartimages.com/asr/4c830952-a91f-45dc-ba41-0d7232f5fab3_2.52d7df1606f55d26b98fc80ec222cdf7.jpeg?odnWidth=612&odnHeight=612&odnBg=ffffff",
        "tags": [
            [
                "ClosetMaid",
                "/browse/shop-by-brand/closetmaid/3734780_8307801_2721073"
            ],
            [
                "DHP",
                "/browse/shop-by-brand/dhp/3734780_8307801_3468232"
            ],
            [
                "The Pioneer Woman",
                "/browse/shop-by-brand/the-pioneer-woman/3734780_8307801_3894436"
            ],
            [
                "Sauder",
                "/browse/shop-by-brand/sauder/3734780_8307801_7356736"
            ],
            [
                "Mainstays",
                "/browse/shop-by-brand/mainstays/3734780_8307801_8303454"
            ],
            [
                "Mohawk",
                "/browse/shop-by-brand/mohawk/3734780_8307801_8349481"
            ],
            [
                "Safavieh",
                "/browse/shop-by-brand/safavieh/3734780_8307801_9500718"
            ],
            [
                "Furinno",
                "/browse/shop-by-brand/furinno/3734780_8307801_9892717"
            ]
        ]
    },
    {
        "title": "Farberware Programmable Digital Pressure Cooker, 6 Quart",
        "url": "https://www.walmart.com/ip/Farberware-Programmable-Digital-Pressure-Cooker-6-Quart/46543314",
        "price": "$49.88",
        "stars": "4.5",
        "ratings": "698 ",
        "img": "",
        "tags": [
            [
                "The Pioneer Woman Cookware",
                "/browse/home/the-pioneer-woman-cookware/4044_1920532_9153905_1468404"
            ],
            [
                "Instant Pot",
                "/browse/home/instant-pot/4044_1225301_9409401_1681369"
            ],
            [
                "Pressure Cookers & Canners",
                "/browse/home/pressure-cookers-canners/4044_623679_133020_5723943"
            ],
            [
                "Shop all Instant Pot",
                "/browse/home/shop-all-instant-pot/4044_623679_4779092_7747488"
            ],
            [
                "Shop All Rice Cookers",
                "/browse/home/shop-all-rice-cookers/4044_90548_90546_5538409_8289547"
            ],
            [
                "Pots",
                "/browse/home/pots/4044_623679_8140341_9059354"
            ],
            [
                "The Pioneer Woman Pots and Pans",
                "/browse/home/the-pioneer-woman-pots-pans/4044_1920532_9153905_9742246"
            ]
        ]
    },
    {
        "title": "The Pioneer Woman Melody 7.8-Inch Onion Keeper",
        "url": "https://www.walmart.com/ip/The-Pioneer-Woman-Melody-7-8-Inch-Onion-Keeper/920799028",
        "price": "$16.88",
        "stars": "4.7",
        "ratings": "131 ",
        "img": "i5.walmartimages.com/asr/fe1b6b0e-e5cc-4448-8a0d-bb1b9809c3f8_1.59d8272edacb5e372be0532bf60163ce.jpeg?odnWidth=612&odnHeight=612&odnBg=ffffff",
        "tags": [
            [
                "Shop All The Pioneer Woman",
                "/browse/home/shop-all-the-pioneer-woman/4044_1920532_9153905_1843111"
            ],
            [
                "The Pioneer Woman Dish Sets",
                "/browse/home/the-pioneer-woman-dish-sets/4044_623679_639999_9763521_2314525"
            ],
            [
                "Shop All Food Storage Containers",
                "/browse/home/shop-all-food-storage-containers/4044_623679_1032619_5842891_2687119"
            ],
            [
                "Kitchen Canisters",
                "/browse/home/kitchen-canisters/4044_623679_1032619_5842891_2867332"
            ],
            [
                "The Pioneer Woman Dishes",
                "/browse/home/the-pioneer-woman-dishes/4044_623679_639999_7373615"
            ],
            [
                "Pioneer Woman Tools and Gadgets",
                "/browse/home/pioneer-woman-tools-gadgets/4044_623679_133020_4496646_7562951"
            ],
            [
                "Dorm Dining Essentials",
                "/browse/home/dorm-dining-essentials/4044_1225301_1225229_8079634_8700307"
            ],
            [
                "The Pioneer Woman New Arrivals",
                "/browse/home/the-pioneer-woman-new-arrivals/4044_1225301_1231327_9914742"
            ]
        ]
    }
]