[
    {
        "title": "BLACK+DECKER Cordless Lithium Hand Vacuum (Slate Blue), HLVA315J62",
        "url": "https://www.walmart.com/ip/BLACK-DECKER-Cordless-Lithium-Hand-Vacuum-Slate-Blue-HLVA315J62/121429963",
        "price": "$39.88",
        "stars": "3.9",
        "ratings": "342 ",
        "img": "i5.walmartimages.com/asr/1ed77c69-3957-4738-8993-3c632fce62f4_1.e17db349cb29ff30e40c6d97ff308581.jpeg?odnWidth=612&odnHeight=612&odnBg=ffffff",
        "tags": [
            [
                "Black+Decker Handheld Vacuums",
                "/browse/home/blackdecker-handheld-vacuums/4044_90548_4047_2689592"
            ],
            [
                "Best Cordless Vacuums",
                "/browse/home/best-cordless-vacuums/4044_90548_4047_2937675"
            ],
            [
                "Best Handheld Vacuums",
                "/browse/home/best-handheld-vacuums/4044_90548_4047_3081955"
            ],
            [
                "Handheld Vacuums",
                "/browse/home/handheld-vacuums/4044_90548_4047_4764"
            ],
            [
                "Dustbusters",
                "/browse/home/dustbusters/4044_90548_4047_5629802"
            ],
            [
                "Cordless Vacuums",
                "/browse/home/cordless-vacuums/4044_90548_4047_5775266"
            ],
            [
                "Car Vacuums",
                "/browse/home/car-vacuums/4044_90548_4047_6171275"
            ],
            [
                "Best Handheld Cordless Vacuums",
                "/browse/home/best-handheld-cordless-vacuums/4044_90548_4047_7631374"
            ]
        ]
    },
    {
        "title": "Dirt Devil Power Max Rewind Pet Bagless Upright Vacuum, UD70187",
        "url": "https://www.walmart.com/ip/Dirt-Devil-Power-Max-Rewind-Pet-Bagless-Upright-Vacuum-UD70187/579129422",
        "price": "$79.00",
        "stars": "4.0",
        "ratings": "716 ",
        "img": "i5.walmartimages.com/asr/6c9bd1a6-2a2d-44cc-b981-f0243c23f54f_1.f31a36176316fc27305d6442edb549e1.png?odnWidth=612&odnHeight=612&odnBg=ffffff",
        "tags": [
            [
                "Vacuum Cleaners",
                "/browse/home/vacuum-cleaners/4044_90548_4047_3525958"
            ],
            [
                "Dorm Floorcare",
                "/browse/home/dorm-floorcare/4044_1225301_1225229_3660956"
            ],
            [
                "Bissell Vacuums",
                "/browse/home/bissell-vacuums/4044_90548_4047_5800318"
            ],
            [
                "Bissell Upright Vacuums",
                "/browse/home/bissell-upright-vacuums/4044_90548_4047_5885578"
            ],
            [
                "Pet Vacuums",
                "/browse/home/pet-vacuums/4044_90548_4047_618299"
            ],
            [
                "Dorm Vacuum Essentials",
                "/browse/home/dorm-vacuum-essentials/4044_1225301_1225229_8079634_6343193"
            ],
            [
                "Dirt Devil Vacuums",
                "/browse/home/dirt-devil-vacuums/4044_90548_4047_9660291"
            ],
            [
                "Upright Vacuums",
                "/browse/home/upright-vacuums/4044_90548_4047_9880471"
            ]
        ]
    },
    {
        "title": "BLACK+DECKER 12-Cup Coffeemaker, Programmable, Exclusive Vortex Technology, Black/Stainless Steel , CM1331BS",
        "url": "https://www.walmart.com/ip/BLACK-DECKER-12-Cup-Coffeemaker-Programmable-Exclusive-Vortex-Technology-Black-Stainless-Steel-CM1331BS/669995353",
        "price": "$34.96",
        "stars": "4.4",
        "ratings": "260 ",
        "img": "i5.walmartimages.com/asr/85711dd6-e388-4428-b1ff-5ab04254befa_1.9257fc924c41a1eb8ea400c5aea606fd.jpeg?odnWidth=612&odnHeight=612&odnBg=ffffff",
        "tags": [
            [
                "Cuisinart Coffee Makers",
                "/browse/home/cuisinart-coffee-makers/4044_90548_90546_1115306_2229357"
            ],
            [
                "Single Serve Coffee Makers",
                "/browse/home/single-serve-coffee-makers/4044_90548_90546_1115306_3041068"
            ],
            [
                "Keurig Single Serve Coffee Makers",
                "/browse/home/keurig-single-serve-coffee-makers/4044_90548_90546_1115306_3298657"
            ],
            [
                "Dorm Appliances",
                "/browse/home/dorm-appliances/4044_1225301_1225229_4267503"
            ],
            [
                "Small kitchen ideas",
                "/browse/home/small-kitchen-ideas/4044_1879527_9330810_4641057"
            ],
            [
                "Dorm Room Essentials",
                "/browse/home/dorm-room-essentials/4044_1225301_1225229_7506721"
            ],
            [
                "Hamilton Beach Coffee Makers",
                "/browse/home/hamilton-beach-coffee-makers/4044_90548_90546_1115306_8513960"
            ],
            [
                "Mr. Coffee Coffee Makers",
                "/browse/home/mr-coffee-coffee-makers/4044_90548_90546_1115306_9926356"
            ]
        ]
    },
    {
        "title": "Emeril Lagasse Pressure AirFryer Plus 6QT",
        "url": "https://www.walmart.com/ip/Emeril-Lagasse-Pressure-AirFryer-Plus-6QT/650450145",
        "price": "$58.67",
        "stars": "4.4",
        "ratings": "225 ",
        "img": "i5.walmartimages.com/asr/bb9ab892-0fa9-4a2f-83f3-ed45dc6312f5_1.ceeedc716cda895095f4223780567244.jpeg?odnWidth=612&odnHeight=612&odnBg=ffffff",
        "tags": [
            [
                "Instant Pot",
                "/browse/home/instant-pot/4044_1225301_9409401_1681369"
            ],
            [
                "Ninja Foodi",
                "/browse/home/ninja-foodi/4044_90548_90546_4377493"
            ],
            [
                "Pressure Cookers & Canners",
                "/browse/home/pressure-cookers-canners/4044_623679_133020_5723943"
            ],
            [
                "Shop All Air Fryers",
                "/browse/home/shop-all-air-fryers/4044_90548_90546_4824_9960466_7556332"
            ],
            [
                "Shop all Instant Pot",
                "/browse/home/shop-all-instant-pot/4044_623679_4779092_7747488"
            ],
            [
                "Air Fryer Pressure Cookers",
                "/browse/home/air-fryer-pressure-cookers/4044_90548_90546_8477252"
            ],
            [
                "Pots",
                "/browse/home/pots/4044_623679_8140341_9059354"
            ]
        ]
    },
    {
        "title": "Shark Washable Microfiber Cleaning Pad, 1.0 CT",
        "url": "https://www.walmart.com/ip/Shark-Washable-Microfiber-Cleaning-Pad-1-0-CT/28919225",
        "price": "$9.96",
        "stars": "4.3",
        "ratings": "39 ",
        "img": "i5.walmartimages.com/asr/8abd51e8-c11a-4849-b30c-0ca5dfe36ec2_1.996f91c3fee3b3f117ebe7dac4c91ebf.jpeg?odnWidth=612&odnHeight=612&odnBg=ffffff",
        "tags": [
            [
                "Steam Cleaners",
                "/browse/home/steam-cleaners/4044_90548_4047_1225053"
            ],
            [
                "Shark Steam Cleaners",
                "/browse/home/shark-steam-cleaners/4044_90548_4047_1642025"
            ],
            [
                "Best Steam Cleaners",
                "/browse/home/best-steam-cleaners/4044_90548_4047_1901122"
            ],
            [
                "Dorm Floorcare",
                "/browse/home/dorm-floorcare/4044_1225301_1225229_3660956"
            ],
            [
                "Bissell Vacuums",
                "/browse/home/bissell-vacuums/4044_90548_4047_5800318"
            ],
            [
                "Steam Mops",
                "/browse/home/steam-mops/4044_90548_4047_6237549"
            ],
            [
                "Dorm Vacuum Essentials",
                "/browse/home/dorm-vacuum-essentials/4044_1225301_1225229_8079634_6343193"
            ],
            [
                "Shark Steam Mops",
                "/browse/home/shark-steam-mops/4044_90548_4047_7213840"
            ]
        ]
    },
    {
        "title": "Greenco Stackable Refrigerator and Freezer Wide Storage Bin With Handles, 14.8\" x 8.3\"x 3.75\", Clear",
        "url": "https://www.walmart.com/ip/Greenco-Stackable-Refrigerator-and-Freezer-Wide-Storage-Bin-With-Handles-14-8-x-8-3-x-3-75-Clear/182605101",
        "price": "$8.11",
        "stars": "4.2",
        "ratings": "35 ",
        "img": "i5.walmartimages.com/asr/045904ca-5faf-4b93-ac65-466b95deb3cf_1.676bd90738c1b94ae81a679211f08724.jpeg?odnWidth=612&odnHeight=612&odnBg=ffffff",
        "tags": [
            [
                "Shop All Refrigerator Storage",
                "/browse/home/shop-all-refrigerator-storage/4044_90548_1231929_1231931_9559674_1369233"
            ],
            [
                "Shop All Food Storage Containers",
                "/browse/home/shop-all-food-storage-containers/4044_623679_1032619_5842891_2687119"
            ],
            [
                "Plastic Storage Bins & Baskets",
                "/browse/home/plastic-storage-bins-baskets/4044_90828_1230056_1959450_3612489"
            ],
            [
                "Kitchen Drawer Organizers",
                "/browse/home/kitchen-drawer-organizers/4044_623679_1032619_6517927"
            ],
            [
                "Refrigerator Bins",
                "/browse/home/refrigerator-bins/4044_90548_1231929_1231931_9559674_8129543"
            ],
            [
                "Meal Prep Containers",
                "/browse/home/meal-prep-containers/4044_623679_1032619_5842891_8561628"
            ]
        ]
    },
    {
        "title": "Hamilton Beach 45 Cup Coffee Urn Model 40515R",
        "url": "https://www.walmart.com/ip/Hamilton-Beach-45-Cup-Coffee-Urn-Model-40515R/14320941",
        "price": "$49.99",
        "stars": "4.6",
        "ratings": "20 ",
        "img": "",
        "tags": [
            [
                "Coffee Percolators",
                "/browse/home/coffee-percolators/4044_90548_90546_1115306_1845476"
            ],
            [
                "Electric Kettles",
                "/browse/home/electric-kettles/4044_90548_90546_1115307_2211902"
            ],
            [
                "Coffee & Espresso Parts and Accessories",
                "/browse/home/coffee-espresso-parts-accessories/4044_90548_90546_2971264_3403620"
            ],
            [
                "Airpots",
                "/browse/home/airpots/4044_90548_90546_2971264_5271969"
            ],
            [
                "Coffee Makers",
                "/browse/home/coffee-makers/4044_90548_90546_1115306_5438660"
            ],
            [
                "Water Boilers",
                "/browse/home/water-boilers/4044_90548_90546_1115307_8354271"
            ],
            [
                "Beverage Dispensers",
                "/browse/home/beverage-dispensers/4044_623679_639999_2347672_8436912"
            ]
        ]
    },
    {
        "title": "Range Kleen Full-size Oven Liner",
        "url": "https://www.walmart.com/ip/Range-Kleen-Full-size-Oven-Liner/25355272",
        "price": "$8.88",
        "stars": "4.6",
        "ratings": "90 ",
        "img": "i5.walmartimages.com/asr/77f384b7-12fd-4c6e-a5b3-8fb54ebba38b_1.3c0262ddefc6b7af2e34bf1500fb92b9.jpeg?odnWidth=612&odnHeight=612&odnBg=ffffff",
        "tags": [
            [
                "Baking Mats",
                "/browse/home/baking-mats/4044_623679_8455465_9246304_1255695"
            ],
            [
                "Burner Covers",
                "/browse/home/burner-covers/4044_90548_1231929_1777555_2002244"
            ],
            [
                "Specialty Appliance Parts & Accessories",
                "/browse/home/specialty-appliance-parts-accessories/4044_90548_90546_2971264_2630550"
            ],
            [
                "Drip Pans & Trim Rings",
                "/browse/home/drip-pans-trim-rings/4044_90548_1231929_1777555_3471372"
            ],
            [
                "Oven Racks",
                "/browse/home/oven-racks/4044_90548_1231929_1777555_5443841"
            ],
            [
                "Toaster & Ovens Parts & Accessories",
                "/browse/home/toaster-ovens-parts-accessories/4044_90548_90546_2971264_7244826"
            ],
            [
                "Counter & Drying Mats",
                "/browse/home/counter-drying-mats/4044_623679_8055732_5591719_9145673"
            ]
        ]
    },
    {
        "title": "Hefty SHRINK PAK 2 XL Vacuum Storage Bags",
        "url": "https://www.walmart.com/ip/Hefty-SHRINK-PAK-2-XL-Vacuum-Storage-Bags/49840420",
        "price": "$10.88",
        "stars": "4.4",
        "ratings": "41 ",
        "img": "i5.walmartimages.com/asr/b8aadde3-7797-4bdf-b2d8-d1729bb9182c_1.78a9952660cd158d83a32af340788cd8.jpeg?odnWidth=612&odnHeight=612&odnBg=ffffff",
        "tags": [
            [
                "Food Savers & Accessories",
                "/browse/home/food-savers-accessories/4044_623679_1032619_1033059"
            ],
            [
                "Teens' Closet Storage",
                "/browse/home/teens-closet-storage/4044_1156136_1156164_1156166"
            ],
            [
                "Under Bed Storage Baskets and Bins",
                "/browse/home/under-bed-storage-baskets-bins/4044_90828_1230055_1230058"
            ],
            [
                "Clothes Protectors",
                "/browse/home/clothes-protectors/4044_90828_1230061_1230127"
            ],
            [
                "Shop All Storage Baskets & Bins",
                "/browse/home/shop-all-storage-baskets-bins/4044_90828_1230055_163961"
            ],
            [
                "Hefty Vacuum Storage Bags",
                "/browse/home/hefty-vacuum-storage-bags/4044_90828_1230061_3180811"
            ],
            [
                "Vacuum Storage Bags",
                "/browse/home/vacuum-storage-bags/4044_90828_1230061_5375987"
            ],
            [
                "Portable Closets",
                "/browse/home/portable-closets/4044_90828_1230061_5663995"
            ]
        ]
    },
    {
        "title": "The Pioneer Woman Frontier Rose 7-Quart Programmable Slow Cooker",
        "url": "https://www.walmart.com/ip/The-Pioneer-Woman-Frontier-Rose-7-Quart-Programmable-Slow-Cooker/474594038",
        "price": "$44.99",
        "stars": "4.3",
        "ratings": "125 ",
        "img": "",
        "tags": [
            [
                "Shop All The Pioneer Woman",
                "/browse/home/shop-all-the-pioneer-woman/4044_1920532_9153905_1843111"
            ],
            [
                "Crock-Pot",
                "/browse/home/crock-pot/4044_90548_90546_4829_2481793"
            ],
            [
                "Hamilton Beach Slow Cookers",
                "/browse/home/hamilton-beach-slow-cookers/4044_90548_90546_4829_3375247"
            ],
            [
                "Food Prep",
                "/browse/home/food-prep/4044_623679_133020_642199"
            ],
            [
                "Shop All Slow Cookers",
                "/browse/home/shop-all-slow-cookers/4044_90548_90546_4829_7337075"
            ],
            [
                "The Pioneer Woman Dishes",
                "/browse/home/the-pioneer-woman-dishes/4044_623679_639999_7373615"
            ],
            [
                "Pioneer Woman Tools and Gadgets",
                "/browse/home/pioneer-woman-tools-gadgets/4044_623679_133020_4496646_7562951"
            ]
        ]
    }
]