[
    {
        "title": "GE UltraBrite Motion-Activated LED Night Light, 40 Lumen, White, 12201",
        "url": "https://www.walmart.com/ip/GE-UltraBrite-Motion-Activated-LED-Night-Light-40-Lumen-White-12201/46438997",
        "price": "$7.97",
        "stars": "4.5",
        "ratings": "159 ",
        "img": "i5.walmartimages.com/asr/ae591996-62ca-47de-986c-d69029b9638e_1.54479ce9b1698c87fe2d58decfe44b96.jpeg?odnWidth=612&odnHeight=612&odnBg=ffffff",
        "tags": [
            [
                "Plug-In Night Lights",
                "/browse/home/plug-in-night-lights/4044_133012_133113_9240383_2263991"
            ],
            [
                "Motion Sensor Night Lights",
                "/browse/home/motion-sensor-night-lights/4044_133012_133113_9240383_4841693"
            ],
            [
                "Night Lights",
                "/browse/home/night-lights/4044_133012_133113_5290384"
            ],
            [
                "LED Night Lights",
                "/browse/home/led-night-lights/4044_133012_133113_9240383_5741701"
            ],
            [
                "Shop All Night Lights",
                "/browse/home/shop-all-night-lights/4044_133012_133113_9240383_6193995"
            ],
            [
                "Picture Frames",
                "/browse/home/picture-frames/4044_133012_672579"
            ],
            [
                "Battery Operated Night Lights",
                "/browse/home/battery-operated-night-lights/4044_133012_133113_9240383_7211119"
            ],
            [
                "Toilet Bowl Lights",
                "/browse/home/toilet-bowl-lights/4044_133012_133113_9240383_8735161"
            ]
        ]
    },
    {
        "title": "Taupe 1-Piece Adam Solid Blackout Grommet-Top Window Curtain Panel 37\" W X 84\" L",
        "url": "https://www.walmart.com/ip/Taupe-1-Piece-Adam-Solid-Blackout-Grommet-Top-Window-Curtain-Panel-37-W-X-84-L/834046114",
        "price": "$9.25",
        "stars": "4.1",
        "ratings": "46 ",
        "img": "",
        "tags": [
            [
                "Kids' Curtains",
                "/browse/home/kids-curtains/4044_133012_539105_1521917_1156112"
            ],
            [
                "Best Cooling Sheets & Bedding for Hot Sleepers",
                "/browse/home/best-cooling-sheets-bedding-for-hot-sleepers/4044_1225301_2271072_1871287"
            ],
            [
                "Room Darkening Curtains",
                "/browse/home/room-darkening-curtains/4044_133012_539105_1521917_2277099"
            ],
            [
                "Curtains",
                "/browse/home/curtains/4044_133012_539105_1521917_2606905"
            ],
            [
                "Sheer Curtains",
                "/browse/home/sheer-curtains/4044_133012_539105_1521917_2913338"
            ],
            [
                "Kitchen Curtains",
                "/browse/home/kitchen-curtains/4044_133012_539105_1521917_414668"
            ],
            [
                "Curtain Sets",
                "/browse/home/curtain-sets/4044_133012_539105_7600818"
            ],
            [
                "Teen Curtains",
                "/browse/home/teen-curtains/4044_133012_539105_1521917_8856798"
            ]
        ]
    },
    {
        "title": "Better Homes and Gardens Quatrefoil Embroidery Pole Top Panel",
        "url": "https://www.walmart.com/ip/Better-Homes-and-Gardens-Quatrefoil-Embroidery-Pole-Top-Panel/508436969",
        "price": "$12.88",
        "stars": "4.9",
        "ratings": "40 ",
        "img": "i5.walmartimages.com/asr/6dea073c-6c4b-46da-a06f-9daec472a355_2.f7d24ae0debc70fc0b76463a8c363f5e.jpeg?odnWidth=612&odnHeight=612&odnBg=ffffff",
        "tags": [
            [
                "Kids' Curtains",
                "/browse/home/kids-curtains/4044_133012_539105_1521917_1156112"
            ],
            [
                "Teens' Window Treatments",
                "/browse/home/teens-window-treatments/4044_1156136_1156152_1156155"
            ],
            [
                "Room Darkening Curtains",
                "/browse/home/room-darkening-curtains/4044_133012_539105_1521917_2277099"
            ],
            [
                "Better Homes & Gardens Decor",
                "/browse/home/better-homes-gardens-decor/4044_133012_2786769"
            ],
            [
                "Sheer Curtains",
                "/browse/home/sheer-curtains/4044_133012_539105_1521917_2913338"
            ],
            [
                "Kitchen Curtains",
                "/browse/home/kitchen-curtains/4044_133012_539105_1521917_414668"
            ],
            [
                "Curtain Sets",
                "/browse/home/curtain-sets/4044_133012_539105_7600818"
            ],
            [
                "Teen Curtains",
                "/browse/home/teen-curtains/4044_133012_539105_1521917_8856798"
            ]
        ]
    },
    {
        "title": "Better Homes & Gardens Texture Faux Fur Pillow, 22 x 22, Grey",
        "url": "https://www.walmart.com/ip/Better-Homes-Gardens-Texture-Faux-Fur-Pillow-22-x-22-Grey/853331485",
        "price": "$15.87",
        "stars": "5.0",
        "ratings": "22 ",
        "img": "",
        "tags": [
            [
                "Decorative Throw Pillows",
                "/browse/home/decorative-throw-pillows/4044_133012_5991909_127715"
            ],
            [
                "Fall Pillows",
                "/browse/home/fall-pillows/4044_2634414_9573311_1790882"
            ],
            [
                "Better Homes & Gardens Decor",
                "/browse/home/better-homes-gardens-decor/4044_133012_2786769"
            ],
            [
                "Better Homes and Gardens New Arrivals",
                "/browse/home/better-homes-gardens-new-arrivals/4044_1225301_1011919_3742611"
            ],
            [
                "Fall Indoor Decor",
                "/browse/home/fall-indoor-decor/4044_2634414_9573311_3931477"
            ],
            [
                "Decorative Pillow Covers",
                "/browse/home/decorative-pillow-covers/4044_133012_5991909_5188883"
            ],
            [
                "Shop All Fall Decor",
                "/browse/home/shop-all-fall-decor/4044_2634414_9573311_6851606"
            ],
            [
                "Dorm Bedding",
                "/browse/home/dorm-bedding/4044_1225301_1225229_9830377"
            ]
        ]
    },
    {
        "title": "Mainstays Floral 3 Piece Window Curtain Set",
        "url": "https://www.walmart.com/ip/Mainstays-Floral-3-Piece-Window-Curtain-Set/702403447",
        "price": "$7.98",
        "stars": "4.8",
        "ratings": "38 ",
        "img": "i5.walmartimages.com/asr/2f2b9915-68c9-415b-a788-bbacb419fbb1_1.d7d9eebb3aff8135c61a388e95a00a09.jpeg?odnWidth=612&odnHeight=612&odnBg=ffffff",
        "tags": [
            [
                "Horizontal Blinds",
                "/browse/home/horizontal-blinds/4044_133012_539105_6138085_1321270"
            ],
            [
                "Blackout Curtains",
                "/browse/home/blackout-curtains/4044_133012_539105_1521917_1331481"
            ],
            [
                "Room Darkening Curtains",
                "/browse/home/room-darkening-curtains/4044_133012_539105_1521917_2277099"
            ],
            [
                "Curtains",
                "/browse/home/curtains/4044_133012_539105_1521917_2606905"
            ],
            [
                "Sheer Curtains",
                "/browse/home/sheer-curtains/4044_133012_539105_1521917_2913338"
            ],
            [
                "Kitchen Curtains",
                "/browse/home/kitchen-curtains/4044_133012_539105_1521917_414668"
            ],
            [
                "Curtain Sets",
                "/browse/home/curtain-sets/4044_133012_539105_7600818"
            ],
            [
                "Teen Curtains",
                "/browse/home/teen-curtains/4044_133012_539105_1521917_8856798"
            ]
        ]
    },
    {
        "title": "Better Homes & Gardens 3 Piece 100 ml Diffuser Gift Set, Crackled Mosaic",
        "url": "https://www.walmart.com/ip/Better-Homes-Gardens-3-Piece-100-ml-Diffuser-Gift-Set-Crackled-Mosaic/711635837",
        "price": "$24.72",
        "stars": "4.5",
        "ratings": "22 ",
        "img": "",
        "tags": [
            [
                "Best Bedroom Products if You Can't Sleep",
                "/browse/home/best-bedroom-products-if-you-cant-sleep/4044_1225301_2271072_2074145"
            ],
            [
                "Better Homes & Gardens Decor",
                "/browse/home/better-homes-gardens-decor/4044_133012_2786769"
            ],
            [
                "Fall Indoor Decor",
                "/browse/home/fall-indoor-decor/4044_2634414_9573311_3931477"
            ],
            [
                "Picture Frames",
                "/browse/home/picture-frames/4044_133012_672579"
            ],
            [
                "Shop All Fall Decor",
                "/browse/home/shop-all-fall-decor/4044_2634414_9573311_6851606"
            ],
            [
                "Fall Candles",
                "/browse/home/fall-candles/4044_2634414_9573311_7123210"
            ],
            [
                "WoodWick Candles",
                "/browse/home/woodwick-candles/4044_133012_2622648_8397936"
            ],
            [
                "Candles",
                "/browse/home/candles/4044_133012_2622648_8500605"
            ]
        ]
    },
    {
        "title": "Better Homes&gardens Bhg Jasmine & Ylang Ylang Eo Infused Fra",
        "url": "https://www.walmart.com/ip/Better-Homes-gardens-Bhg-Jasmine-Ylang-Ylang-Eo-Infused-Fra/604072962",
        "price": "$2.00",
        "stars": "4.2",
        "ratings": "6 ",
        "img": "i5.walmartimages.com/asr/712e8778-4d35-4738-8a8f-71e40043cb1e_1.3ef1f3857ced2372fbed6f16e6f241c9.jpeg?odnWidth=612&odnHeight=612&odnBg=ffffff",
        "tags": [
            [
                "Better Homes & Gardens Decor",
                "/browse/home/better-homes-gardens-decor/4044_133012_2786769"
            ],
            [
                "Yankee Candle",
                "/browse/home/yankee-candle/4044_133012_2622648_2806582"
            ],
            [
                "Wax Melts",
                "/browse/home/wax-melts/4044_133012_2622648_2926246"
            ],
            [
                "Oil Diffusers",
                "/browse/home/oil-diffusers/4044_133012_2622648_6662217"
            ],
            [
                "Shop All Fall Decor",
                "/browse/home/shop-all-fall-decor/4044_2634414_9573311_6851606"
            ],
            [
                "Fall Candles",
                "/browse/home/fall-candles/4044_2634414_9573311_7123210"
            ],
            [
                "WoodWick Candles",
                "/browse/home/woodwick-candles/4044_133012_2622648_8397936"
            ],
            [
                "Candles",
                "/browse/home/candles/4044_133012_2622648_8500605"
            ]
        ]
    },
    {
        "title": "Baby Shark Kids Silky Soft Throw, 40 x 50, Shark Party",
        "url": "https://www.walmart.com/ip/Baby-Shark-Kids-Silky-Soft-Throw-40-x-50-Shark-Party/976430102",
        "price": "$9.96",
        "stars": "4.8",
        "ratings": "22 ",
        "img": "i5.walmartimages.com/asr/16d8c179-af21-4fa0-b554-660c5a2eec2c_1.1f698e6714bcb119b86b6fa8fae0af15.jpeg?odnWidth=612&odnHeight=612&odnBg=ffffff",
        "tags": [
            [
                "Kids' Towels",
                "/browse/home/kids-towels/4044_1154295_1143252_1143253"
            ],
            [
                "Kids' Blankets & Throws",
                "/browse/home/kids-blankets-throws/4044_1154295_1156114_1156133"
            ],
            [
                "Shop All Kids' Bedding",
                "/browse/home/shop-all-kids-bedding/4044_1154295_1156114_2202167"
            ],
            [
                "Shop All Kids' Decor",
                "/browse/home/shop-all-kids-decor/4044_1154295_1156072_2546143"
            ],
            [
                "Kids' Characters",
                "/browse/home/kids-characters/4044_1154295_6561064"
            ],
            [
                "Princess Decor",
                "/browse/home/princess-decor/4044_133012_8509897"
            ],
            [
                "Throws",
                "/browse/home/throws/4044_133012_6160705_9662661"
            ]
        ]
    },
    {
        "title": "WoodWick\u00ae Trilogy Large Hourglass Candle, Caf\u00e9 Sweets",
        "url": "https://www.walmart.com/ip/WoodWick-Trilogy-Large-Hourglass-Candle-Caf-Sweets/129036235",
        "price": "$19.68",
        "stars": "4.8",
        "ratings": "71 ",
        "img": "i5.walmartimages.com/asr/6258c66b-64a8-4cb9-9375-ef9eeb06cb12_1.1bf06034b17a39c3b240749c2c8fbd68.jpeg?odnWidth=612&odnHeight=612&odnBg=ffffff",
        "tags": [
            [
                "Father's Day Electronics",
                "/browse/seasonal/fathers-day-electronics/1085632_1094344_2365074"
            ],
            [
                "Connected Dorm Room",
                "/browse/seasonal/connected-dorm-room/1085632_8174172_6292484_2548864"
            ],
            [
                "Shop All Glass",
                "/browse/seasonal/shop-all-glass/1085632_1071204_4976191"
            ],
            [
                "Mother's Day Electronics Gifts",
                "/browse/seasonal/mothers-day-electronics-gifts/1085632_1093554_5742102"
            ],
            [
                "Audio",
                "/browse/seasonal/audio/1085632_8174172_6292484_5759323"
            ],
            [
                "Electronics Gifts for Grads",
                "/browse/seasonal/electronics-gifts-for-grads/1085632_1105121_7594959"
            ],
            [
                "Back to School Home Audio Visual",
                "/browse/seasonal/back-to-school-home-audio-visual/1085632_1071204_7767149_8665149"
            ],
            [
                "Clean Living Air Fresheners",
                "/browse/seasonal/clean-living-air-fresheners/1085632_8154447_2606160_9816597"
            ]
        ]
    },
    {
        "title": "Soft, Stretchable, Removable, Machine Washable Seat Covers - Set Of 2, Black",
        "url": "https://www.walmart.com/ip/Soft-Stretchable-Removable-Machine-Washable-Seat-Covers-Set-Of-2-Black/191330044",
        "price": "$9.99",
        "stars": "3.8",
        "ratings": "554 ",
        "img": "",
        "tags": [
            [
                "Couch Covers",
                "/browse/home/couch-covers/4044_133012_1372968_1278006"
            ],
            [
                "Chair Pads & Chair Cushions",
                "/browse/home/chair-pads-chair-cushions/4044_623679_8055732_8058163_3987177"
            ],
            [
                "Pet Furniture Covers",
                "/browse/home/pet-furniture-covers/4044_133012_1372968_5412275"
            ],
            [
                "Dining Chairs",
                "/browse/home/dining-chairs/4044_103150_4037_588778"
            ],
            [
                "Armchair Covers",
                "/browse/home/armchair-covers/4044_133012_1372968_5924662"
            ],
            [
                "Dining Chair Covers",
                "/browse/home/dining-chair-covers/4044_133012_1372968_7460872"
            ],
            [
                "Loveseat Covers",
                "/browse/home/loveseat-covers/4044_133012_1372968_8413201"
            ],
            [
                "All Dining Chairs",
                "/browse/home/all-dining-chairs/4044_103150_4037_6472288_8936400"
            ]
        ]
    }
]