[
    {
        "title": "Angel Line Creston Twin Over Twin Wood Convertible Bunk Bed, Gray",
        "url": "https://www.walmart.com/ip/Angel-Line-Creston-Twin-Over-Twin-Wood-Convertible-Bunk-Bed-Gray/921219306",
        "price": "$199.00",
        "stars": "4.3",
        "ratings": "86 ",
        "img": "",
        "tags": [
            [
                "Shop All Kids' Beds",
                "/browse/home/shop-all-kids-beds/4044_1154295_1155958_7251917_1155992"
            ],
            [
                "Teens' Beds",
                "/browse/home/teens-beds/4044_1156136_1156142_1156144"
            ],
            [
                "Bedroom",
                "/browse/home/bedroom/4044_103150_1225290_1225295"
            ],
            [
                "Kids' Bedroom Furniture",
                "/browse/home/kids-bedroom-furniture/4044_1154295_1155958_6205060"
            ],
            [
                "Teens' Bunk Beds",
                "/browse/home/teens-bunk-beds/4044_1156136_1156142_6983779"
            ],
            [
                "Kids' Beds",
                "/browse/home/kids-beds/4044_1154295_1155958_7251917_8596911"
            ],
            [
                "Shop All Bunk Beds",
                "/browse/home/shop-all-bunk-beds/4044_1154295_1155958_5560469_9212178"
            ],
            [
                "Wood Bunk Beds",
                "/browse/home/wood-bunk-beds/4044_1154295_1155958_5560469_9365957"
            ]
        ]
    },
    {
        "title": "Nightmare Before Christmas Moonlight Madness Throw",
        "url": "https://www.walmart.com/ip/Nightmare-Before-Christmas-Moonlight-Madness-Throw/970507490",
        "price": "$19.99",
        "stars": "5.0",
        "ratings": "15 ",
        "img": "i5.walmartimages.com/asr/77ee1ae8-4d80-44fe-bcb3-d4bbd46282d7_1.1a7b4e67a0c4791e2782e596bf25ca12.jpeg?odnWidth=612&odnHeight=612&odnBg=ffffff",
        "tags": [
            [
                "Kids' Blankets & Throws",
                "/browse/home/kids-blankets-throws/4044_1154295_1156114_1156133"
            ],
            [
                "Teens' Bedding Sets",
                "/browse/home/teens-bedding-sets/4044_1156136_1156157_1156162"
            ],
            [
                "Sherpa Throws",
                "/browse/home/sherpa-throws/4044_133012_6160705_2483598"
            ],
            [
                "Shop All Kids' Decor",
                "/browse/home/shop-all-kids-decor/4044_1154295_1156072_2546143"
            ],
            [
                "Shop All Teens' Bedding",
                "/browse/home/shop-all-teens-bedding/4044_1156136_1156157_2716120"
            ],
            [
                "Christmas Throws",
                "/browse/home/christmas-throws/4044_133012_6160705_5436700"
            ],
            [
                "Christmas Blankets",
                "/browse/home/christmas-blankets/4044_539103_4756_5185109_7439284"
            ],
            [
                "Throws",
                "/browse/home/throws/4044_133012_6160705_9662661"
            ]
        ]
    },
    {
        "title": "Techni Mobili Contempo Desk with 3 Storage Drawers, White",
        "url": "https://www.walmart.com/ip/Techni-Mobili-Contempo-Desk-with-3-Storage-Drawers-White/35990585",
        "price": "$243.87",
        "stars": "4.2",
        "ratings": "211 ",
        "img": "i5.walmartimages.com/asr/98f70c82-515f-4c2e-88f0-4a0ee9b07881_1.0d245002ef0caa238947573be731cef9.jpeg?odnWidth=612&odnHeight=612&odnBg=ffffff",
        "tags": [
            [
                "Study Room",
                "/browse/home/study-room/4044_103150_1225290_1225292"
            ],
            [
                "Dorm Study Furniture",
                "/browse/home/dorm-study-furniture/4044_1225301_1225229_1385016"
            ],
            [
                "Wood Desks",
                "/browse/home/wood-desks/4044_103150_97116_6334695"
            ],
            [
                "Small Space Desks & Office Furniture",
                "/browse/home/small-space-desks-office-furniture/4044_103150_2880259_6932446"
            ],
            [
                "White Office Furniture",
                "/browse/home/white-office-furniture/4044_103150_97116_7165397"
            ],
            [
                "White Desks",
                "/browse/home/white-desks/4044_103150_97116_91851_5127598_7354762"
            ],
            [
                "Desks with Drawers",
                "/browse/home/desks-with-drawers/4044_103150_97116_91851_9597564_7826428"
            ],
            [
                "Small Desks",
                "/browse/home/small-desks/4044_103150_97116_91851_2756086_9863974"
            ]
        ]
    },
    {
        "title": "Simple Designs Chrome Mini Basic Table Lamp with Fabric Shade",
        "url": "https://www.walmart.com/ip/Simple-Designs-Chrome-Mini-Basic-Table-Lamp-with-Fabric-Shade/34041827",
        "price": "$12.64",
        "stars": "3.7",
        "ratings": "103 ",
        "img": "",
        "tags": [
            [
                "Shop All Table Lamps by Style",
                "/browse/home/shop-all-table-lamps-by-style/4044_133012_133113_4887881_6619106_4666247_1673446"
            ],
            [
                "Shop All Lamps",
                "/browse/home/shop-all-lamps/4044_133012_133113_4887881_3703957"
            ],
            [
                "Blue Table Lamps",
                "/browse/home/blue-table-lamps/4044_133012_133113_4887881_6619106_2844858_5470609"
            ],
            [
                "Bedroom Lamps",
                "/browse/home/bedroom-lamps/4044_133012_133113_4887881_7110962"
            ],
            [
                "Table Lamps",
                "/browse/home/table-lamps/4044_133012_133113_3820857_8270513"
            ],
            [
                "Shop All Table Lamps by Color",
                "/browse/home/shop-all-table-lamps-by-color/4044_133012_133113_4887881_6619106_2844858_8311417"
            ],
            [
                "Shop All Table Lamps",
                "/browse/home/shop-all-table-lamps/4044_133012_133113_4887881_6619106_8862815"
            ],
            [
                "White Table Lamps",
                "/browse/home/white-table-lamps/4044_133012_133113_4887881_6619106_2844858_9577269"
            ]
        ]
    },
    {
        "title": "Mainstays Groovy Medallion Bath Towel, 25\"x50\"",
        "url": "https://www.walmart.com/ip/Mainstays-Groovy-Medallion-Bath-Towel-25-x50/48278086",
        "price": "$9.98",
        "stars": "4.7",
        "ratings": "60 ",
        "img": "",
        "tags": [
            [
                "Teens' Towels",
                "/browse/home/teens-towels/4044_1156136_1156137_1156138"
            ],
            [
                "Bath Towel Sets",
                "/browse/home/bath-towel-sets/4044_539095_7211899_1350842"
            ],
            [
                "Shop All Bath Towels",
                "/browse/home/shop-all-bath-towels/4044_539095_7211899_2665582"
            ],
            [
                "Dorm Bath & Laundry",
                "/browse/home/dorm-bath-laundry/4044_1225301_1225229_3339158"
            ],
            [
                "Bath Sheets",
                "/browse/home/bath-sheets/4044_539095_7211899_3917301"
            ],
            [
                "Dorm Bath Essentials",
                "/browse/home/dorm-bath-essentials/4044_1225301_1225229_8079634_7293738"
            ],
            [
                "Hand Towels",
                "/browse/home/hand-towels/4044_539095_7211899_8928938"
            ],
            [
                "Teens' Bathroom",
                "/browse/home/teens-bathroom/4044_1156136_9411830"
            ]
        ]
    },
    {
        "title": "Furinno Turn-N-Tube 4-Tier Corner Display Rack Multipurpose Shelving Unit, Dark Brown Grain/Black",
        "url": "https://www.walmart.com/ip/Furinno-Turn-N-Tube-4-Tier-Corner-Display-Rack-Multipurpose-Shelving-Unit-Dark-Brown-Grain-Black/46228797",
        "price": "$28.77",
        "stars": "4.3",
        "ratings": "399 ",
        "img": "",
        "tags": [
            [
                "Shelving Storage",
                "/browse/home/shelving-storage/4044_90828_1230059_1043775"
            ],
            [
                "Small office ideas",
                "/browse/home/small-office-ideas/4044_1879527_9330810_2563463"
            ],
            [
                "Bathroom Shelves",
                "/browse/home/bathroom-shelves/4044_539095_5547362_4119845"
            ],
            [
                "Corner Bookcases & Bookshelves",
                "/browse/home/corner-bookcases-bookshelves/4044_103150_97116_7364512"
            ],
            [
                "White Bookcases & Bookshelves",
                "/browse/home/white-bookcases-bookshelves/4044_103150_97116_8660201"
            ],
            [
                "Wood Bookcases & Bookshelves",
                "/browse/home/wood-bookcases-bookshelves/4044_103150_97116_8880522"
            ],
            [
                "Bookcases & Bookshelves",
                "/browse/home/bookcases-bookshelves/4044_103150_97116_91849"
            ],
            [
                "Wall Shelves",
                "/browse/home/wall-shelves/4044_133012_5208936_9366043"
            ]
        ]
    },
    {
        "title": "Mainstays Reversible Printed Pastel Chevron To Solid Comforter In A Bag Full/Queen",
        "url": "https://www.walmart.com/ip/Mainstays-Reversible-Printed-Pastel-Chevron-To-Solid-Comforter-In-A-Bag-Full-Queen/486787743",
        "price": "$23.97",
        "stars": "4.9",
        "ratings": "8 ",
        "img": "i5.walmartimages.com/asr/b9ad5c21-aede-4527-98b9-decce77312ce.344ae7b4cdb2755fb2dfe9ab61136219.jpeg?odnWidth=612&odnHeight=612&odnBg=ffffff",
        "tags": [
            [
                "White Comforters",
                "/browse/home/white-comforters/4044_539103_1995847_2605452"
            ],
            [
                "Shop All Teens' Bedding",
                "/browse/home/shop-all-teens-bedding/4044_1156136_1156157_2716120"
            ],
            [
                "Bed-in-a-Bag Sets",
                "/browse/home/bed-in-a-bag-sets/4044_539103_9474113_3388004"
            ],
            [
                "Floral Comforters",
                "/browse/home/floral-comforters/4044_539103_1995847_4474694"
            ],
            [
                "Comforters",
                "/browse/home/comforters/4044_539103_4754"
            ],
            [
                "Comforter Sets",
                "/browse/home/comforter-sets/4044_539103_9474113_5287544"
            ],
            [
                "Blue Comforters",
                "/browse/home/blue-comforters/4044_539103_1995847_7238240"
            ],
            [
                "Dorm Bedding",
                "/browse/home/dorm-bedding/4044_1225301_1225229_9830377"
            ]
        ]
    },
    {
        "title": "Mainstays Kids Elle Boho Bed-in-a-Bag Complete Bedding Set",
        "url": "https://www.walmart.com/ip/Mainstays-Kids-Elle-Boho-Bed-in-a-Bag-Complete-Bedding-Set/55381239",
        "price": "$34.98",
        "stars": "4.9",
        "ratings": "48 ",
        "img": "i5.walmartimages.com/asr/c8538520-4640-45c3-b3c5-7a6a7967bdc5_1.2854710878969c4c7c5c0d0ed29ae6d8.jpeg?odnWidth=612&odnHeight=612&odnBg=ffffff",
        "tags": [
            [
                "Kids' Bedding Sets",
                "/browse/home/kids-bedding-sets/4044_1154295_1156114_1156134"
            ],
            [
                "Girls Bedding",
                "/browse/home/girls-bedding/4044_1154295_1156114_1232347"
            ],
            [
                "Shop All Kids' Bedding",
                "/browse/home/shop-all-kids-bedding/4044_1154295_1156114_2202167"
            ],
            [
                "Bed-in-a-Bag Sets",
                "/browse/home/bed-in-a-bag-sets/4044_539103_9474113_3388004"
            ],
            [
                "Girls Bedding Sets",
                "/browse/home/girls-bedding-sets/4044_1154295_1156114_3967620"
            ],
            [
                "Girls Comforter Sets",
                "/browse/home/girls-comforter-sets/4044_1154295_1156114_4082186"
            ],
            [
                "Comforters",
                "/browse/home/comforters/4044_539103_4754"
            ],
            [
                "Dorm Bundles",
                "/browse/home/dorm-bundles/4044_1225301_1225229_5830926"
            ]
        ]
    },
    {
        "title": "Goplus Massage Gaming Chair Reclining Racing Chair w/Lumbar Support and Headrest White\\Blue\\Pink\\Red",
        "url": "https://www.walmart.com/ip/Goplus-Massage-Gaming-Chair-Reclining-Racing-Chair-w-Lumbar-Support-and-Headrest-White-Blue-Pink-Red/397406151",
        "price": "$149.99",
        "stars": "5.0",
        "ratings": "3 ",
        "img": "i5.walmartimages.com/asr/f9a0c8d9-09f9-4d9c-b29a-21e982cc2174.815e7415780cac9e6804eb9a16c7f337.jpeg?odnWidth=612&odnHeight=612&odnBg=ffffff",
        "tags": []
    },
    {
        "title": "Big Joe XXL 7' Fuf Bean Bag Chair, Multiple Colors/Fabrics",
        "url": "https://www.walmart.com/ip/Big-Joe-XXL-7-Fuf-Bean-Bag-Chair-Multiple-Colors-Fabrics/645196311",
        "price": "$180.00",
        "stars": "4.2",
        "ratings": "353 ",
        "img": "i5.walmartimages.com/asr/540eaabc-5d0d-4ba6-853f-1d373d085ca7_2.e72ab7613b8923175adfe571ea4e7f82.jpeg?odnWidth=612&odnHeight=612&odnBg=ffffff",
        "tags": [
            [
                "Kids' Chairs & Seating",
                "/browse/home/kids-chairs-seating/4044_1154295_1155958_1156032"
            ],
            [
                "Teens' Lounge Seating",
                "/browse/home/teens-lounge-seating/4044_1156136_1156142_1156147"
            ],
            [
                "Big Bean Bag Chairs",
                "/browse/home/big-bean-bag-chairs/4044_1154295_1155958_7203266_4128634"
            ],
            [
                "Shop All Kids' Furniture",
                "/browse/home/shop-all-kids-furniture/4044_1154295_1155958_5352796"
            ],
            [
                "Adult & Teen Bean Bag Chairs",
                "/browse/home/adult-teen-bean-bag-chairs/4044_1154295_1155958_7203266_8496525"
            ],
            [
                "Kids' Bean Bag Chairs",
                "/browse/home/kids-bean-bag-chairs/4044_1154295_1155958_7203266_9269066"
            ],
            [
                "All Kids' Chairs",
                "/browse/home/all-kids-chairs/4044_1154295_1155958_7203266_9300235"
            ],
            [
                "Kids' Playroom",
                "/browse/home/kids-playroom/4044_1154295_9443108"
            ]
        ]
    }
]