[
    {
        "title": "Instant Pot VIVA Black Stainless 6-Quart 9-in-1 Multi-Use Programmable Pressure Cooker, Slow Cooker, Rice Cooker, Yogurt Maker, Cake Maker, Egg Cooker, Saut\u00e9, with Sous Vide and Sterilizer",
        "url": "https://www.walmart.com/ip/Instant-Pot-VIVA-Black-Stainless-6-Quart-9-in-1-Multi-Use-Programmable-Pressure-Cooker-Slow-Rice-Yogurt-Maker-Cake-Egg-Saut-Sous-Vide-Sterilizer/562129090",
        "price": "$99.99",
        "stars": "4.6",
        "ratings": "64 ",
        "img": "i5.walmartimages.com/asr/bd86539f-a784-4b63-a14a-c8778847a5cd_1.23818986f3fdc1853e18ed209152cf99.jpeg?odnWidth=612&odnHeight=612&odnBg=ffffff",
        "tags": [
            [
                "Father's Day Electronics",
                "/browse/seasonal/fathers-day-electronics/1085632_1094344_2365074"
            ],
            [
                "Healthy Meal Prep",
                "/browse/healthy-meal-prep/1085632_2515199"
            ],
            [
                "Connected Dorm Room",
                "/browse/seasonal/connected-dorm-room/1085632_8174172_6292484_2548864"
            ],
            [
                "Shop All Glass",
                "/browse/seasonal/shop-all-glass/1085632_1071204_4976191"
            ],
            [
                "Mother's Day Electronics Gifts",
                "/browse/seasonal/mothers-day-electronics-gifts/1085632_1093554_5742102"
            ],
            [
                "Audio",
                "/browse/seasonal/audio/1085632_8174172_6292484_5759323"
            ],
            [
                "Electronics Gifts for Grads",
                "/browse/seasonal/electronics-gifts-for-grads/1085632_1105121_7594959"
            ],
            [
                "Back to School Home Audio Visual",
                "/browse/seasonal/back-to-school-home-audio-visual/1085632_1071204_7767149_8665149"
            ]
        ]
    },
    {
        "title": "Mainstays Roaster Oven",
        "url": "https://www.walmart.com/ip/Mainstays-Roaster-Oven/915706008",
        "price": "$24.94",
        "stars": "3.9",
        "ratings": "114 ",
        "img": "i5.walmartimages.com/asr/2cd6fff6-9685-4f4a-a384-497362ebf39e_1.0abd2844e1892329d87cf603f732046b.jpeg?odnWidth=612&odnHeight=612&odnBg=ffffff",
        "tags": [
            [
                "Induction Cookware",
                "/browse/home/induction-cookware/4044_623679_8140341_4084816"
            ],
            [
                "Chicken Roasters",
                "/browse/home/chicken-roasters/4044_90548_90546_4641653"
            ],
            [
                "Big Game",
                "/browse/home/big-game/4044_90548_5023046"
            ],
            [
                "Shop All Slow Cookers",
                "/browse/home/shop-all-slow-cookers/4044_90548_90546_4829_7337075"
            ],
            [
                "Ceramic Cookware",
                "/browse/home/ceramic-cookware/4044_623679_8140341_7402424"
            ],
            [
                "Roasting Pans",
                "/browse/home/roasting-pans/4044_623679_8140341_9418554"
            ],
            [
                "Turkey Roasters",
                "/browse/home/turkey-roasters/4044_90548_90546_9575253"
            ]
        ]
    },
    {
        "title": "King Kooker #24WC 24\" Portable Propane Outdoor Cooker with 18\" Steel Wok",
        "url": "https://www.walmart.com/ip/King-Kooker-24WC-24-Portable-Propane-Outdoor-Cooker-with-18-Steel-Wok/19344389",
        "price": "$71.52",
        "stars": "4.0",
        "ratings": "45 ",
        "img": "i5.walmartimages.com/asr/47e77ea9-99aa-4d3e-a49e-1c833627e4d4_1.fc3bfb4df7eb6e19aecb4c2defc8b00b.jpeg?odnWidth=612&odnHeight=612&odnBg=ffffff",
        "tags": [
            [
                "Gas Grills",
                "/browse/patio-garden/gas-grills/5428_4089_7375787_1225066"
            ],
            [
                "All Flood & Security Lights",
                "/browse/patio-garden/all-flood-security-lights/5428_4423804_2571940_2446216"
            ],
            [
                "Plancha Grills",
                "/browse/patio-garden/plancha-grills/5428_4089_7375787_2640196_1555320_3192325"
            ],
            [
                "Shop All Top Grill Brands",
                "/browse/patio-garden/shop-all-top-grill-brands/5428_4089_7375787_8162326_4962522"
            ],
            [
                "Shop All Flat Top Grills & Outdoor Griddles",
                "/browse/patio-garden/shop-all-flat-top-grills-outdoor-griddles/5428_4089_7375787_2640196_5023329"
            ],
            [
                "Shop All Flat Top Grills & Outdoor Griddles by Style",
                "/browse/patio-garden/shop-all-flat-top-grills-outdoor-griddles-by-style/5428_4089_7375787_2640196_1555320_6387037"
            ],
            [
                "Shop All Portable Grills",
                "/browse/patio-garden/shop-all-portable-grills/5428_4089_7375787_5936113_8823076"
            ],
            [
                "Blackstone Griddles",
                "/browse/patio-garden/blackstone-griddles/5428_4089_7375787_8162326_9551746"
            ]
        ]
    },
    {
        "title": "Stansport Enamel 8 Cup Coffee Pot With Percolator And 4 12 Ounce Mugs",
        "url": "https://www.walmart.com/ip/Stansport-Enamel-8-Cup-Coffee-Pot-With-Percolator-And-4-12-Ounce-Mugs/30579615",
        "price": "$27.99",
        "stars": "4.1",
        "ratings": "67 ",
        "img": "i5.walmartimages.com/asr/61737906-ad99-4f26-ab7e-b6262ac3b419_4.5ffa48a27d641cf563d4125aa626f90e.jpeg?odnWidth=612&odnHeight=612&odnBg=ffffff",
        "tags": [
            [
                "Camping Stoves",
                "/browse/sports-outdoors/camping-stoves/4125_546956_4128_1080705_1080725"
            ],
            [
                "Camp Cooking Accessories",
                "/browse/sports-outdoors/camp-cooking-accessories/4125_546956_4128_1080705_1080785"
            ],
            [
                "Camping Dinnerware",
                "/browse/sports-outdoors/camping-dinnerware/4125_546956_4128_1080705_1795416"
            ],
            [
                "Coleman Camp Kitchen",
                "/browse/sports-outdoors/coleman-camp-kitchen/4125_546956_4128_2487866_6320218_3539156"
            ],
            [
                "Ozark Trail Camping Accessories",
                "/browse/sports-outdoors/ozark-trail-camping-accessories/4125_546956_4128_2487866_2559937_4438585"
            ],
            [
                "Ozark Trail Camp Kitchen",
                "/browse/sports-outdoors/ozark-trail-camp-kitchen/4125_546956_4128_2487866_2559937_5002692"
            ],
            [
                "Camping Untensils",
                "/browse/sports-outdoors/camping-untensils/4125_546956_4128_1080705_5510723"
            ],
            [
                "All Camping Accessories",
                "/browse/sports-outdoors/all-camping-accessories/4125_546956_4128_1080844_7025478"
            ]
        ]
    },
    {
        "title": "Ktaxon Electric Washing Machine,13.4Lbs Twin Tub?Wash 7.9LBS+Spin 5.5LBS? Capacity Portable Compact Mini Washer?White & Blue",
        "url": "https://www.walmart.com/ip/Ktaxon-Electric-Washing-Machine-13-4Lbs-Twin-Tub-Wash-7-9LBS-Spin-5-5LBS-Capacity-Portable-Compact-Mini-Washer-White-Blue/866626805",
        "price": "$100.99",
        "stars": "3.7",
        "ratings": "79 ",
        "img": "i5.walmartimages.com/asr/bebf11c3-dc62-4804-8ef5-b9007f1401e8_1.cce35ceb9f4a782cd342cece1b0dfa06.jpeg?odnWidth=612&odnHeight=612&odnBg=ffffff",
        "tags": [
            [
                "Portable Washing Machines",
                "/browse/home/portable-washing-machines/4044_90548_3295848_8058687_1444091"
            ],
            [
                "Drying Racks",
                "/browse/home/drying-racks/4044_90828_7067220_2539182"
            ],
            [
                "Washer Dryer Combos",
                "/browse/home/washer-dryer-combos/4044_90548_3295848_4334792"
            ],
            [
                "Compact Washing Machines",
                "/browse/home/compact-washing-machines/4044_90548_3295848_8058687_7347731"
            ],
            [
                "Full-Size Washing Machines",
                "/browse/home/full-size-washing-machines/4044_90548_3295848_8058687_8816721"
            ],
            [
                "Compact Dryers",
                "/browse/home/compact-dryers/4044_90548_3295848_9911348_9037744"
            ],
            [
                "All Dryers",
                "/browse/home/all-dryers/4044_90548_3295848_9911348_9062799"
            ],
            [
                "Full-Size Dryers",
                "/browse/home/full-size-dryers/4044_90548_3295848_9911348_9731198"
            ]
        ]
    },
    {
        "title": "EZ-Cup Disposable Paper Coffee Filters with Patented Lid Design for Keurig Reusable K-Cup Coffee Pod, 200-Count",
        "url": "https://www.walmart.com/ip/EZ-Cup-Disposable-Paper-Coffee-Filters-with-Patented-Lid-Design-for-Keurig-Reusable-K-Cup-Coffee-Pod-200-Count/637584593",
        "price": "$19.96",
        "stars": "4.8",
        "ratings": "41 ",
        "img": "i5.walmartimages.com/asr/050b3506-84be-467c-a374-b620ba59f0ba.fb335c77922f4bc465760c7b85328a26.jpeg?odnWidth=612&odnHeight=612&odnBg=ffffff",
        "tags": [
            [
                "Ground Coffee",
                "/browse/food/ground-coffee/976759_1086446_1229651"
            ],
            [
                "Bunn Coffee Filters",
                "/browse/food/bunn-coffee-filters/976759_1086446_1229655_1560712"
            ],
            [
                "Folgers Ground Coffee",
                "/browse/food/folgers-ground-coffee/976759_1086446_3100047_1674140"
            ],
            [
                "Coffee & Coffee Pods",
                "/browse/food/coffee-coffee-pods/976759_1086446_7238690"
            ],
            [
                "All Folgers Coffee",
                "/browse/food/all-folgers-coffee/976759_1086446_3100047_8271556"
            ],
            [
                "Melitta Coffee Filters",
                "/browse/food/melitta-coffee-filters/976759_1086446_1229655_8379550"
            ],
            [
                "Reusable Coffee Filters",
                "/browse/food/reusable-coffee-filters/976759_1086446_1229655_9693544"
            ]
        ]
    },
    {
        "title": "Hoover WindTunnel 2 Whole House Rewind Bagless Upright Vacuum",
        "url": "https://www.walmart.com/ip/Hoover-WindTunnel-2-Whole-House-Rewind-Bagless-Upright-Vacuum/382603442",
        "price": "$119.99",
        "stars": "4.2",
        "ratings": "657 ",
        "img": "i5.walmartimages.com/asr/574447e8-136a-4440-a862-0dc8f84422e4_1.a077efdd4f1099a7f88dccfbd798d8ad.png?odnWidth=612&odnHeight=612&odnBg=ffffff",
        "tags": [
            [
                "Bissell Pet Vacuums",
                "/browse/home/bissell-pet-vacuums/4044_90548_4047_1921730"
            ],
            [
                "Hoover Vacuums",
                "/browse/home/hoover-vacuums/4044_90548_4047_2912203"
            ],
            [
                "Vacuum Cleaners",
                "/browse/home/vacuum-cleaners/4044_90548_4047_3525958"
            ],
            [
                "Dorm Floorcare",
                "/browse/home/dorm-floorcare/4044_1225301_1225229_3660956"
            ],
            [
                "Bissell Vacuums",
                "/browse/home/bissell-vacuums/4044_90548_4047_5800318"
            ],
            [
                "Bissell Upright Vacuums",
                "/browse/home/bissell-upright-vacuums/4044_90548_4047_5885578"
            ],
            [
                "Pet Vacuums",
                "/browse/home/pet-vacuums/4044_90548_4047_618299"
            ],
            [
                "Upright Vacuums",
                "/browse/home/upright-vacuums/4044_90548_4047_9880471"
            ]
        ]
    },
    {
        "title": "InterDesign Linus Refrigerator and Freezer Storage Organizer Bins for Kitchen, Clear",
        "url": "https://www.walmart.com/ip/InterDesign-Linus-Refrigerator-and-Freezer-Storage-Organizer-Bins-for-Kitchen-Clear/38413026",
        "price": "$12.29",
        "stars": "4.8",
        "ratings": "8 ",
        "img": "i5.walmartimages.com/asr/0fd5f427-5981-47a5-9a4b-115104b264c8_1.6e90556c50eeb4b9d6401ce626431d0c.jpeg?odnWidth=612&odnHeight=612&odnBg=ffffff",
        "tags": [
            [
                "Counter Organizers",
                "/browse/home/counter-organizers/4044_623679_1032619_1032621"
            ],
            [
                "Shop All Refrigerator Storage",
                "/browse/home/shop-all-refrigerator-storage/4044_90548_1231929_1231931_9559674_1369233"
            ],
            [
                "Shop All Food Storage Containers",
                "/browse/home/shop-all-food-storage-containers/4044_623679_1032619_5842891_2687119"
            ],
            [
                "Plastic Storage Bins & Baskets",
                "/browse/home/plastic-storage-bins-baskets/4044_90828_1230056_1959450_3612489"
            ],
            [
                "Kitchen Drawer Organizers",
                "/browse/home/kitchen-drawer-organizers/4044_623679_1032619_6517927"
            ],
            [
                "Refrigerator Bins",
                "/browse/home/refrigerator-bins/4044_90548_1231929_1231931_9559674_8129543"
            ],
            [
                "Meal Prep Containers",
                "/browse/home/meal-prep-containers/4044_623679_1032619_5842891_8561628"
            ]
        ]
    },
    {
        "title": "Range Kleen Chrome Drip Bowl, 2 Piece",
        "url": "https://www.walmart.com/ip/Range-Kleen-Chrome-Drip-Bowl-2-Piece/25521669",
        "price": "$6.94",
        "stars": "4.8",
        "ratings": "27 ",
        "img": "",
        "tags": [
            [
                "Baking Mats",
                "/browse/home/baking-mats/4044_623679_8455465_9246304_1255695"
            ],
            [
                "Burner Covers",
                "/browse/home/burner-covers/4044_90548_1231929_1777555_2002244"
            ],
            [
                "Specialty Appliance Parts & Accessories",
                "/browse/home/specialty-appliance-parts-accessories/4044_90548_90546_2971264_2630550"
            ],
            [
                "Drip Pans & Trim Rings",
                "/browse/home/drip-pans-trim-rings/4044_90548_1231929_1777555_3471372"
            ],
            [
                "Heating Elements",
                "/browse/home/heating-elements/4044_90548_1231929_1777555_4429367"
            ],
            [
                "Burners",
                "/browse/home/burners/4044_90548_1231929_1777555_5905213"
            ],
            [
                "Replacement Knobs",
                "/browse/home/replacement-knobs/4044_90548_1231929_8324113"
            ]
        ]
    },
    {
        "title": "Finish Quantum, 20ct, Dishwasher Detergent Tabs, Ultimate Clean & Shine",
        "url": "https://www.walmart.com/ip/Finish-Quantum-20ct-Dishwasher-Detergent-Tabs-Ultimate-Clean-Shine/245189161",
        "price": "$11.21",
        "stars": "4.7",
        "ratings": "8882 ",
        "img": "i5.walmartimages.com/asr/02ea3b6f-8b4b-46bf-bdd2-df198eb545bb_1.bfca48a6a1da30283802c8cb6b37172c.jpeg?odnWidth=612&odnHeight=612&odnBg=ffffff",
        "tags": [
            [
                "Cascade Dishwasher Detergents",
                "/browse/household-essentials/cascade-dishwasher-detergents/1115193_1071966_7583868_2993464"
            ],
            [
                "Air Wick Air Fresheners",
                "/browse/household-essentials/air-wick-air-fresheners/1115193_8250903_8458761_4932078"
            ],
            [
                "All Automatic Air Fresheners",
                "/browse/household-essentials/all-automatic-air-fresheners/1115193_1025739_7085880_7151016"
            ],
            [
                "Air Wick Automatic Sprayers",
                "/browse/household-essentials/air-wick-automatic-sprayers/1115193_1025739_7085880_8055160"
            ],
            [
                "Dish Additives",
                "/browse/household-essentials/dish-additives/1115193_1071966_7583868_8841803"
            ],
            [
                "All Car Air Fresheners",
                "/browse/household-essentials/all-car-air-fresheners/1115193_1025739_7032476_9100404"
            ]
        ]
    }
]