[
    {
        "title": "20ft 30 LED Solar String Ball Lights Outdoor Waterproof Warm White Garden Decor",
        "url": "https://www.walmart.com/ip/20ft-30-LED-Solar-String-Ball-Lights-Outdoor-Waterproof-Warm-White-Garden-Decor/354015161",
        "price": "$15.98",
        "stars": "3.8",
        "ratings": "217 ",
        "img": "i5.walmartimages.com/asr/2ac86e2a-ffe4-49b5-af42-39c63fd4ddeb_1.c21ee4bd2deb6ead4e90e375f42198ae.jpeg?odnWidth=612&odnHeight=612&odnBg=ffffff",
        "tags": [
            [
                "Solar String Lights",
                "/browse/patio-garden/solar-string-lights/5428_4423804_1739171_1309559"
            ],
            [
                "Path Lights",
                "/browse/patio-garden/path-lights/5428_4423804_6556736_3798036"
            ],
            [
                "Solar Landscape Lights",
                "/browse/patio-garden/solar-landscape-lights/5428_4423804_1739171_5622382"
            ],
            [
                "Hard-Wired Outdoor String Lights",
                "/browse/patio-garden/hard-wired-outdoor-string-lights/5428_4423804_2037339_6007976"
            ],
            [
                "Solar Path Lights",
                "/browse/patio-garden/solar-path-lights/5428_4423804_6556736_6110437"
            ],
            [
                "Solar Outdoor String Lights",
                "/browse/patio-garden/solar-outdoor-string-lights/5428_4423804_2037339_6488528"
            ],
            [
                "Outdoor Hanging Lights",
                "/browse/patio-garden/outdoor-hanging-lights/5428_4423804_4111879_7297230_7572332"
            ],
            [
                "Outdoor Wall Lighting",
                "/browse/patio-garden/outdoor-wall-lighting/5428_4423804_9486078"
            ]
        ]
    },
    {
        "title": "Mainstays LED Swing Arm Architect Desk Lamp, Black",
        "url": "https://www.walmart.com/ip/Mainstays-LED-Swing-Arm-Architect-Desk-Lamp-Black/55347309",
        "price": "$19.96",
        "stars": "4.6",
        "ratings": "80 ",
        "img": "i5.walmartimages.com/asr/f1d627cc-2535-4930-9754-cf3c97908124_1.e8ef67775856aece0221b4db1de96648.jpeg?odnWidth=612&odnHeight=612&odnBg=ffffff",
        "tags": [
            [
                "Shop All Lamps",
                "/browse/home/shop-all-lamps/4044_133012_133113_4887881_3703957"
            ],
            [
                "Shop All Desk Lamps by Style",
                "/browse/home/shop-all-desk-lamps-by-style/4044_133012_133113_4887881_6171890_1411823_3849657"
            ],
            [
                "LED Desk Lamps",
                "/browse/home/led-desk-lamps/4044_133012_133113_4887881_6171890_4202342"
            ],
            [
                "Shop All Desk Lamps",
                "/browse/home/shop-all-desk-lamps/4044_133012_133113_4887881_6171890_4663722"
            ],
            [
                "Shop All Desk Lamps by Color",
                "/browse/home/shop-all-desk-lamps-by-color/4044_133012_133113_4887881_6171890_2170299_5011261"
            ],
            [
                "Architect Lamps",
                "/browse/home/architect-lamps/4044_133012_133113_4887881_6171890_6471369"
            ],
            [
                "Shop All Desk Lamps by Finish",
                "/browse/home/shop-all-desk-lamps-by-finish/4044_133012_133113_4887881_6171890_5607606_8919148"
            ],
            [
                "Modern Desk Lamps",
                "/browse/home/modern-desk-lamps/4044_133012_133113_4887881_6171890_1411823_9672437"
            ]
        ]
    },
    {
        "title": "Disney Minnie Mouse Kids Bedding 46\" x 60\" Plush Throw, 1 Each",
        "url": "https://www.walmart.com/ip/Disney-Minnie-Mouse-Kids-Bedding-46-x-60-Plush-Throw-1-Each/269785301",
        "price": "$14.88",
        "stars": "4.7",
        "ratings": "49 ",
        "img": "i5.walmartimages.com/asr/0da40cf7-b944-4b6b-92ea-b0f572cca308_3.1ead7761ce1d73aa6a07a0d2e51e03be.jpeg?odnWidth=612&odnHeight=612&odnBg=ffffff",
        "tags": [
            [
                "Kids' Blankets & Throws",
                "/browse/home/kids-blankets-throws/4044_1154295_1156114_1156133"
            ],
            [
                "Character Bedding",
                "/browse/home/character-bedding/4044_1154295_1156114_1753305"
            ],
            [
                "Shop All Kids' Bedding",
                "/browse/home/shop-all-kids-bedding/4044_1154295_1156114_2202167"
            ],
            [
                "Shop All Kids' Decor",
                "/browse/home/shop-all-kids-decor/4044_1154295_1156072_2546143"
            ],
            [
                "Teen Girl Bedding",
                "/browse/home/teen-girl-bedding/4044_1156136_1156157_4518210"
            ],
            [
                "Kids' Characters",
                "/browse/home/kids-characters/4044_1154295_6561064"
            ],
            [
                "Princess Decor",
                "/browse/home/princess-decor/4044_133012_8509897"
            ],
            [
                "Throws",
                "/browse/home/throws/4044_133012_6160705_9662661"
            ]
        ]
    },
    {
        "title": "Better Homes & Gardens 52\" White 3 Light, 5-Blade Ceiling Fan",
        "url": "https://www.walmart.com/ip/Better-Homes-Gardens-52-White-3-Light-5-Blade-Ceiling-Fan/664031016",
        "price": "$78.94",
        "stars": "4.9",
        "ratings": "35 ",
        "img": "i5.walmartimages.com/asr/e59de017-c31c-4b7f-a511-0652706cb922_1.6feefcc283f4110b1d23d0ba34a2814a.jpeg?odnWidth=612&odnHeight=612&odnBg=ffffff",
        "tags": [
            [
                "Ceiling Fans",
                "/browse/home/ceiling-fans/4044_133012_133113_5294047_1031860"
            ],
            [
                "Shop All Ceiling Fans by Style",
                "/browse/home/shop-all-ceiling-fans-by-style/4044_133012_133113_6075755_5332917_3231542"
            ],
            [
                "Indoor Ceiling Fans",
                "/browse/home/indoor-ceiling-fans/4044_133012_133113_6075755_3306012"
            ],
            [
                "Shop All Ceiling Fans by Brand",
                "/browse/home/shop-all-ceiling-fans-by-brand/4044_133012_133113_6075755_8480047_3667479"
            ],
            [
                "Low Profile Ceiling Fans",
                "/browse/home/low-profile-ceiling-fans/4044_133012_133113_6075755_9079333_4518777"
            ],
            [
                "Ceiling Fans with Lights",
                "/browse/home/ceiling-fans-with-lights/4044_133012_133113_6075755_6987673"
            ],
            [
                "Shop All Ceiling Fans by Mount Type",
                "/browse/home/shop-all-ceiling-fans-by-mount-type/4044_133012_133113_6075755_9079333_7486090"
            ],
            [
                "Flush Mount Ceiling Fans",
                "/browse/home/flush-mount-ceiling-fans/4044_133012_133113_6075755_9079333_9345299"
            ]
        ]
    },
    {
        "title": "RoomMates Mickey and Friends Minnie Bow-Tique Peel-and-Stick Wall Decals",
        "url": "https://www.walmart.com/ip/RoomMates-Mickey-and-Friends-Minnie-Bow-Tique-Peel-and-Stick-Wall-Decals/20469634",
        "price": "$7.99",
        "stars": "5.0",
        "ratings": "83 ",
        "img": "i5.walmartimages.com/asr/c7087280-76dc-4325-80d1-cdf357f283f8_3.1b8acba3c97b5a0593fcc3eb988cd8f7.jpeg?odnWidth=612&odnHeight=612&odnBg=ffffff",
        "tags": [
            [
                "Wallpaper",
                "/browse/home-improvement/wallpaper/1072864_1067617_1044050"
            ],
            [
                "Disney Frozen Wall Decals",
                "/browse/home-improvement/disney-frozen-wall-decals/1072864_1067617_8800384_2144490"
            ],
            [
                "NFL Wall Decals",
                "/browse/home-improvement/nfl-wall-decals/1072864_1067617_8800384_3634600"
            ],
            [
                "Decorative Wall Decals",
                "/browse/home-improvement/decorative-wall-decals/1072864_1067617_8800384_4536747"
            ],
            [
                "Kids and Teens Wall Decals",
                "/browse/home-improvement/kids-teens-wall-decals/1072864_1067617_8800384_5149533"
            ],
            [
                "York Wallcoverings",
                "/browse/home-improvement/york-wallcoverings/1072864_1067617_2486783_5485852"
            ],
            [
                "Peel and Stick Wallpaper",
                "/browse/home-improvement/peel-stick-wallpaper/1072864_1067617_7487322"
            ],
            [
                "Window Decals",
                "/browse/home-improvement/window-decals/1072864_1067617_8800384_8315921"
            ]
        ]
    },
    {
        "title": "Better Homes & Gardens Sherpa Backrest Pillow with Mink Back, Gray",
        "url": "https://www.walmart.com/ip/Better-Homes-Gardens-Sherpa-Backrest-Pillow-with-Mink-Back-Gray/478512549",
        "price": "$24.88",
        "stars": "4.3",
        "ratings": "20 ",
        "img": "i5.walmartimages.com/asr/73c28eca-1961-450e-80ab-af7e0f2b04a2.065b9e2d0fba4d4cac137bc1dcc56dec.jpeg?odnWidth=612&odnHeight=612&odnBg=ffffff",
        "tags": [
            [
                "Poufs & Floor Pillows",
                "/browse/home/poufs-floor-pillows/4044_133012_1157472"
            ],
            [
                "Decorative Throw Pillows",
                "/browse/home/decorative-throw-pillows/4044_133012_5991909_127715"
            ],
            [
                "Pillows",
                "/browse/home/pillows/4044_539103_133141"
            ],
            [
                "Bed Pillows",
                "/browse/home/bed-pillows/4044_539103_9690877_3793551_1728426"
            ],
            [
                "Shop All Pillows",
                "/browse/home/shop-all-pillows/4044_539103_9690877_2535944"
            ],
            [
                "Better Homes & Gardens Decor",
                "/browse/home/better-homes-gardens-decor/4044_133012_2786769"
            ],
            [
                "Basic Bed Pillows",
                "/browse/home/basic-bed-pillows/4044_539103_1095008_3833998"
            ],
            [
                "Dorm Decor",
                "/browse/home/dorm-decor/4044_1225301_1225229_7471338"
            ]
        ]
    },
    {
        "title": "Better Homes & Gardens 20\" x 41\" Floral Burst Comfort Kitchen Mat",
        "url": "https://www.walmart.com/ip/Better-Homes-Gardens-20-x-41-Floral-Burst-Comfort-Kitchen-Mat/51100709",
        "price": "$14.97",
        "stars": "4.3",
        "ratings": "99 ",
        "img": "i5.walmartimages.com/asr/4a86428b-6a04-4abc-b4ec-e7c70d797c07_2.88ffd2cac059105d8fb3d1f6bdf5df73.jpeg?odnWidth=612&odnHeight=612&odnBg=ffffff",
        "tags": [
            [
                "All Doormats",
                "/browse/home/all-doormats/4044_133012_110892_4768882_1030279"
            ],
            [
                "Kitchen Rugs",
                "/browse/home/kitchen-rugs/4044_133012_110892_420326"
            ],
            [
                "Fruit & Vegetable Kitchen Rugs",
                "/browse/home/fruit-vegetable-kitchen-rugs/4044_133012_110892_4478371"
            ],
            [
                "Outdoor Doormats",
                "/browse/home/outdoor-doormats/4044_133012_110892_4768882_5814303"
            ],
            [
                "Gelpro Kitchen Mats",
                "/browse/home/gelpro-kitchen-mats/4044_133012_110892_5907266"
            ],
            [
                "Kitchen Runners",
                "/browse/home/kitchen-runners/4044_133012_110892_7120281"
            ],
            [
                "Indoor Doormats",
                "/browse/home/indoor-doormats/4044_133012_110892_4768882_8482489"
            ],
            [
                "Kitchen Rug Sets",
                "/browse/home/kitchen-rug-sets/4044_133012_110892_9127822"
            ]
        ]
    },
    {
        "title": "Better Homes and Gardens Metallic Shimmer Grommet Panel Pair",
        "url": "https://www.walmart.com/ip/Better-Homes-and-Gardens-Metallic-Shimmer-Grommet-Panel-Pair/983425587",
        "price": "$14.98",
        "stars": "4.8",
        "ratings": "52 ",
        "img": "i5.walmartimages.com/asr/ab36a484-60ed-41d2-b86d-c6c5c9da1287_3.073db80e420c9e27144ce9ccd397e6ab.jpeg?odnWidth=612&odnHeight=612&odnBg=ffffff",
        "tags": [
            [
                "Kids' Curtains",
                "/browse/home/kids-curtains/4044_133012_539105_1521917_1156112"
            ],
            [
                "Teens' Window Treatments",
                "/browse/home/teens-window-treatments/4044_1156136_1156152_1156155"
            ],
            [
                "Room Darkening Curtains",
                "/browse/home/room-darkening-curtains/4044_133012_539105_1521917_2277099"
            ],
            [
                "Better Homes & Gardens Decor",
                "/browse/home/better-homes-gardens-decor/4044_133012_2786769"
            ],
            [
                "Sheer Curtains",
                "/browse/home/sheer-curtains/4044_133012_539105_1521917_2913338"
            ],
            [
                "Kitchen Curtains",
                "/browse/home/kitchen-curtains/4044_133012_539105_1521917_414668"
            ],
            [
                "Curtain Sets",
                "/browse/home/curtain-sets/4044_133012_539105_7600818"
            ],
            [
                "Teen Curtains",
                "/browse/home/teen-curtains/4044_133012_539105_1521917_8856798"
            ]
        ]
    },
    {
        "title": "SPICED PUMPKIN Mixer Melt or Wax Tart by Courtneys Candles",
        "url": "https://www.walmart.com/ip/SPICED-PUMPKIN-Mixer-Melt-or-Wax-Tart-by-Courtneys-Candles/198256659",
        "price": "$4.95",
        "stars": "5.0",
        "ratings": "3 ",
        "img": "",
        "tags": [
            [
                "Better Homes & Gardens Decor",
                "/browse/home/better-homes-gardens-decor/4044_133012_2786769"
            ],
            [
                "Yankee Candle",
                "/browse/home/yankee-candle/4044_133012_2622648_2806582"
            ],
            [
                "Wax Melts",
                "/browse/home/wax-melts/4044_133012_2622648_2926246"
            ],
            [
                "Oil Diffusers",
                "/browse/home/oil-diffusers/4044_133012_2622648_6662217"
            ],
            [
                "Shop All Fall Decor",
                "/browse/home/shop-all-fall-decor/4044_2634414_9573311_6851606"
            ],
            [
                "Fall Candles",
                "/browse/home/fall-candles/4044_2634414_9573311_7123210"
            ],
            [
                "WoodWick Candles",
                "/browse/home/woodwick-candles/4044_133012_2622648_8397936"
            ],
            [
                "Candles",
                "/browse/home/candles/4044_133012_2622648_8500605"
            ]
        ]
    },
    {
        "title": "GuruNanda Modern Essential Oil Diffuser - 6 Hours of Aromatherapy",
        "url": "https://www.walmart.com/ip/GuruNanda-Modern-Essential-Oil-Diffuser-6-Hours-of-Aromatherapy/447630617",
        "price": "$14.88",
        "stars": "4.1",
        "ratings": "12 ",
        "img": "i5.walmartimages.com/asr/36297b2f-6ccb-49fc-a9ca-f66acb5ce2f1.ac513950d8a796517846372c631d574b.jpeg?odnWidth=612&odnHeight=612&odnBg=ffffff",
        "tags": [
            [
                "Wax Warmers",
                "/browse/home/wax-warmers/4044_133012_2622648_1090556"
            ],
            [
                "Best Bedroom Products if You Can't Sleep",
                "/browse/home/best-bedroom-products-if-you-cant-sleep/4044_1225301_2271072_2074145"
            ],
            [
                "Better Homes & Gardens Decor",
                "/browse/home/better-homes-gardens-decor/4044_133012_2786769"
            ],
            [
                "Fragrance Oils",
                "/browse/home/fragrance-oils/4044_133012_2622648_4108166"
            ],
            [
                "Shop All Fall Decor",
                "/browse/home/shop-all-fall-decor/4044_2634414_9573311_6851606"
            ],
            [
                "Dorm Decor",
                "/browse/home/dorm-decor/4044_1225301_1225229_7471338"
            ],
            [
                "WoodWick Candles",
                "/browse/home/woodwick-candles/4044_133012_2622648_8397936"
            ],
            [
                "Cheeseboards",
                "/browse/home/cheeseboards/4044_623679_639999_2347672_9395792"
            ]
        ]
    }
]