[
    {
        "title": "Non-Skid Slip Rubber Back Antibacterial Area Rug Dallas Moroccan Trellis Grey Modern Geometric Lattice Thin Low Pile Machine Washable Indoor Outdoor Kitchen Entry",
        "url": "https://www.walmart.com/ip/Non-Skid-Slip-Rubber-Back-Antibacterial-Area-Rug-Dallas-Moroccan-Trellis-Grey-Modern-Geometric-Lattice-Thin-Low-Pile-Machine-Washable-Indoor-Outdoor-/765888419",
        "price": "$59.99",
        "stars": "3.6",
        "ratings": "11 ",
        "img": "i5.walmartimages.com/asr/cfaa971d-b553-4eca-8cd9-f731f0b74a97_1.e65f327fb8f0832d4a302d804ac35be5.jpeg?odnWidth=612&odnHeight=612&odnBg=ffffff",
        "tags": [
            [
                "All Doormats",
                "/browse/home/all-doormats/4044_133012_110892_4768882_1030279"
            ],
            [
                "All Runner Rugs",
                "/browse/home/all-runner-rugs/4044_133012_110892_1538758_110894"
            ],
            [
                "Red Area Rugs",
                "/browse/home/red-area-rugs/4044_133012_110892_6718514_1588657_1501995"
            ],
            [
                "Outdoor Doormats",
                "/browse/home/outdoor-doormats/4044_133012_110892_4768882_5814303"
            ],
            [
                "Gelpro Kitchen Mats",
                "/browse/home/gelpro-kitchen-mats/4044_133012_110892_5907266"
            ],
            [
                "Kitchen Runners",
                "/browse/home/kitchen-runners/4044_133012_110892_7120281"
            ],
            [
                "Indoor Doormats",
                "/browse/home/indoor-doormats/4044_133012_110892_4768882_8482489"
            ],
            [
                "Anti-Fatigue Mats",
                "/browse/home/anti-fatigue-mats/4044_133012_110892_9850076"
            ]
        ]
    },
    {
        "title": "Calico Designs Corner Computer Desk with Tower, Ashwood Finish",
        "url": "https://www.walmart.com/ip/Calico-Designs-Corner-Computer-Desk-with-Tower-Ashwood-Finish/718171330",
        "price": "$134.72",
        "stars": "4.5",
        "ratings": "14 ",
        "img": "i5.walmartimages.com/asr/6178850c-6a06-46c6-8ddb-ff64b46ec9f5_1.dacf124c29f2138266515839b59d8737.jpeg?odnWidth=612&odnHeight=612&odnBg=ffffff",
        "tags": [
            [
                "Computer Desks",
                "/browse/home/computer-desks/4044_103150_97116_91851_2756086_1681587"
            ],
            [
                "Top Rated Desks",
                "/browse/home/top-rated-desks/4044_103150_97116_91851_3261462"
            ],
            [
                "Black Desks",
                "/browse/home/black-desks/4044_103150_97116_91851_5127598_7029153"
            ],
            [
                "Desks with Hutches",
                "/browse/home/desks-with-hutches/4044_103150_97116_7885860"
            ],
            [
                "Corner & L-Shaped Desks",
                "/browse/home/corner-l-shaped-desks/4044_103150_97116_8132099"
            ],
            [
                "Small Desks",
                "/browse/home/small-desks/4044_103150_97116_91851_2756086_9863974"
            ],
            [
                "Modern Desks",
                "/browse/home/modern-desks/4044_103150_97116_91851_2775109_9891314"
            ]
        ]
    },
    {
        "title": "Well Woven Indira Julita Blue Vintage Bohemian Aztec Tribal 7'10\" x 9'10\" Area Rug",
        "url": "https://www.walmart.com/ip/Well-Woven-Indira-Julita-Blue-Vintage-Bohemian-Aztec-Tribal-7-10-x-9-10-Area-Rug/388579103",
        "price": "$170.05",
        "stars": "5.0",
        "ratings": "2 ",
        "img": "i5.walmartimages.com/asr/708e4ffa-3710-4584-907c-79e3d8f964a4_2.a33a1e3cd78d97b8906d7a1bcd68e9c9.jpeg?odnWidth=612&odnHeight=612&odnBg=ffffff",
        "tags": [
            [
                "Safavieh Area Rugs",
                "/browse/home/safavieh-area-rugs/4044_133012_110892_6718514_1798516_1441915"
            ],
            [
                "Living Room Rugs",
                "/browse/home/living-room-rugs/4044_133012_110892_6718514_4001684_2148970"
            ],
            [
                "Oriental Rugs",
                "/browse/home/oriental-rugs/4044_133012_110892_6718514_6050557_2185766"
            ],
            [
                "Moroccan Area Rugs",
                "/browse/home/moroccan-area-rugs/4044_133012_110892_6718514_6050557_3529636"
            ],
            [
                "Dining Room Rugs",
                "/browse/home/dining-room-rugs/4044_133012_110892_6718514_4001684_5246764"
            ],
            [
                "Tribal Area Rugs",
                "/browse/home/tribal-area-rugs/4044_133012_110892_6718514_6050557_6622336"
            ],
            [
                "Area Rugs Over 9' x 12'",
                "/browse/home/area-rugs-over-9-x-12/4044_133012_110892_6718514_3167309_7234190"
            ],
            [
                "Boho Area Rugs",
                "/browse/home/boho-area-rugs/4044_133012_110892_6718514_4513083_8792870"
            ]
        ]
    },
    {
        "title": "Simple Designs Twisted Vine Table Lamp with Fabric Shade and Hanging Crystals, Black",
        "url": "https://www.walmart.com/ip/Simple-Designs-Twisted-Vine-Table-Lamp-with-Fabric-Shade-and-Hanging-Crystals-Black/30331043",
        "price": "$19.99",
        "stars": "4.4",
        "ratings": "38 ",
        "img": "",
        "tags": [
            [
                "Shop All Table Lamps by Style",
                "/browse/home/shop-all-table-lamps-by-style/4044_133012_133113_4887881_6619106_4666247_1673446"
            ],
            [
                "Shop All Lamps",
                "/browse/home/shop-all-lamps/4044_133012_133113_4887881_3703957"
            ],
            [
                "Bedroom Lamps",
                "/browse/home/bedroom-lamps/4044_133012_133113_4887881_7110962"
            ],
            [
                "Table Lamps",
                "/browse/home/table-lamps/4044_133012_133113_3820857_8270513"
            ],
            [
                "Shop All Table Lamps by Color",
                "/browse/home/shop-all-table-lamps-by-color/4044_133012_133113_4887881_6619106_2844858_8311417"
            ],
            [
                "Shop All Table Lamps",
                "/browse/home/shop-all-table-lamps/4044_133012_133113_4887881_6619106_8862815"
            ],
            [
                "White Table Lamps",
                "/browse/home/white-table-lamps/4044_133012_133113_4887881_6619106_2844858_9577269"
            ],
            [
                "Shop All Table Lamps by Material",
                "/browse/home/shop-all-table-lamps-by-material/4044_133012_133113_4887881_6619106_8131348_9892179"
            ]
        ]
    },
    {
        "title": "Clara Clark Bath Mat Bathroom Rug - Absorbent Memory Foam Bath Rugs - Non-Slip, Thick, Cozy Velvet Feel Microfiber Bathrug, Plush Shower, Toilet- Floor Bathmats Carpet - White - Large Size 20\"x32\"",
        "url": "https://www.walmart.com/ip/Clara-Clark-Bath-Mat-Bathroom-Rug-Absorbent-Memory-Foam-Rugs-Non-Slip-Thick-Cozy-Velvet-Feel-Microfiber-Bathrug-Plush-Shower-Toilet-Floor-Bathmats-Ca/970184185",
        "price": "$18.99",
        "stars": "4.6",
        "ratings": "36 ",
        "img": "i5.walmartimages.com/asr/0a145423-ef82-464f-88bf-49e9d827a171_1.cda9fb7b1cd3b33d4ab42bb086854d51.jpeg?odnWidth=612&odnHeight=612&odnBg=ffffff",
        "tags": [
            [
                "Teens' Bath Mats",
                "/browse/home/teens-bath-mats/4044_1156136_1156137_1156139"
            ],
            [
                "Bathroom Rug Sets",
                "/browse/home/bathroom-rug-sets/4044_539095_920259_1753813"
            ],
            [
                "Bathroom Rugs",
                "/browse/home/bathroom-rugs/4044_539095_920259_2453408"
            ],
            [
                "Dorm Bath & Laundry",
                "/browse/home/dorm-bath-laundry/4044_1225301_1225229_3339158"
            ],
            [
                "Fashion Bath Rugs",
                "/browse/home/fashion-bath-rugs/4044_539095_920259_6268946"
            ],
            [
                "Kids' Bath Rugs",
                "/browse/home/kids-bath-rugs/4044_539095_5586777_6667078"
            ],
            [
                "Non-Slip Bath Mats",
                "/browse/home/non-slip-bath-mats/4044_539095_920259_6970794"
            ],
            [
                "Teens' Bathroom",
                "/browse/home/teens-bathroom/4044_1156136_9411830"
            ]
        ]
    },
    {
        "title": "Kiki Sparkling Glitter Unicorn Kids Sheet Set",
        "url": "https://www.walmart.com/ip/Kiki-Sparkling-Glitter-Unicorn-Kids-Sheet-Set/851535888",
        "price": "$18.99",
        "stars": "4.1",
        "ratings": "17 ",
        "img": "i5.walmartimages.com/asr/9169d32b-2410-49a8-a84d-a98521d50972_4.881de59eed7d3c919d123f1c057b3cc3.jpeg?odnWidth=612&odnHeight=612&odnBg=ffffff",
        "tags": [
            [
                "Kids' Sheets",
                "/browse/home/kids-sheets/4044_1154295_1156114_1156115"
            ],
            [
                "Kids' Comforters",
                "/browse/home/kids-comforters/4044_1154295_1156114_1156132"
            ],
            [
                "Kids' Bedding Sets",
                "/browse/home/kids-bedding-sets/4044_1154295_1156114_1156134"
            ],
            [
                "Shop All Kids' Bedding",
                "/browse/home/shop-all-kids-bedding/4044_1154295_1156114_2202167"
            ],
            [
                "Girls Bedding Sets",
                "/browse/home/girls-bedding-sets/4044_1154295_1156114_3967620"
            ],
            [
                "Girls Comforter Sets",
                "/browse/home/girls-comforter-sets/4044_1154295_1156114_4082186"
            ],
            [
                "Teen Girl Bedding",
                "/browse/home/teen-girl-bedding/4044_1156136_1156157_4518210"
            ],
            [
                "Rainbow Bedding",
                "/browse/home/rainbow-bedding/4044_1154295_1156114_2439708_4820484"
            ]
        ]
    },
    {
        "title": "Little Seeds Monarch Hill Poppy 3-Drawer Dresser, Pink/White",
        "url": "https://www.walmart.com/ip/Little-Seeds-Monarch-Hill-Poppy-3-Drawer-Dresser-Pink-White/926505351",
        "price": "$179.99",
        "stars": "3.7",
        "ratings": "40 ",
        "img": "i5.walmartimages.com/asr/ae8f26fe-13fc-4a4d-be11-c1c5d7fd5ad5_1.129d5c2415e274dc062ddbab6d86d0b4.jpeg?odnWidth=612&odnHeight=612&odnBg=ffffff",
        "tags": [
            [
                "Little Seeds Nursery",
                "/browse/baby/little-seeds-nursery/5427_414099_1484095"
            ],
            [
                "White Baby Dressers",
                "/browse/baby/white-baby-dressers/5427_414099_3771194_4906493_2275413"
            ],
            [
                "Classic Pink Nursery",
                "/browse/baby/classic-pink-nursery/5427_414099_524144_2385367"
            ],
            [
                "Grey Baby Dressers",
                "/browse/baby/grey-baby-dressers/5427_414099_3771194_4906493_2592648"
            ],
            [
                "Blush Paradise Nursery",
                "/browse/baby/blush-paradise-nursery/5427_414099_524144_4026405"
            ],
            [
                "Classic Baby Dressers",
                "/browse/baby/classic-baby-dressers/5427_414099_3771194_1318835_4948129"
            ],
            [
                "Espresso Baby Dressers",
                "/browse/baby/espresso-baby-dressers/5427_414099_3771194_4906493_5607129"
            ],
            [
                "Modern Baby Dressers",
                "/browse/baby/modern-baby-dressers/5427_414099_3771194_1318835_6348945"
            ]
        ]
    },
    {
        "title": "The Original Big Joe Bean Bag, Multiple Colors",
        "url": "https://www.walmart.com/ip/The-Original-Big-Joe-Bean-Bag-Multiple-Colors/26822421",
        "price": "$69.00",
        "stars": "4.5",
        "ratings": "512 ",
        "img": "i5.walmartimages.com/asr/1bb91757-db82-4420-a74c-42ad4870bbb5_1.fcb3e397fb26f3157b5bf3727c9665c6.jpeg?odnWidth=612&odnHeight=612&odnBg=ffffff",
        "tags": [
            [
                "Teens' Lounge Seating",
                "/browse/home/teens-lounge-seating/4044_1156136_1156142_1156147"
            ],
            [
                "Big Bean Bag Chairs",
                "/browse/home/big-bean-bag-chairs/4044_1154295_1155958_7203266_4128634"
            ],
            [
                "Bean Bag Chairs",
                "/browse/home/bean-bag-chairs/4044_1154295_1155958_7203266_4850205"
            ],
            [
                "Shop All Kids' Furniture",
                "/browse/home/shop-all-kids-furniture/4044_1154295_1155958_5352796"
            ],
            [
                "Adult & Teen Bean Bag Chairs",
                "/browse/home/adult-teen-bean-bag-chairs/4044_1154295_1155958_7203266_8496525"
            ],
            [
                "Kids' Bean Bag Chairs",
                "/browse/home/kids-bean-bag-chairs/4044_1154295_1155958_7203266_9269066"
            ],
            [
                "All Kids' Chairs",
                "/browse/home/all-kids-chairs/4044_1154295_1155958_7203266_9300235"
            ],
            [
                "Kids' Playroom",
                "/browse/home/kids-playroom/4044_1154295_9443108"
            ]
        ]
    },
    {
        "title": "Premier Aragona Mid-Century Modern Low Profile Nightstand, Black",
        "url": "https://www.walmart.com/ip/Premier-Aragona-Mid-Century-Modern-Low-Profile-Nightstand-Black/544459336",
        "price": "$35.00",
        "stars": "4.3",
        "ratings": "25 ",
        "img": "i5.walmartimages.com/asr/c273fc6e-8c4e-40d4-85c6-f8f6caa56371_5.a79cf39375713cbae8389f6fbef61901.jpeg?odnWidth=612&odnHeight=612&odnBg=ffffff",
        "tags": [
            [
                "Teens' Nightstands & Vanities",
                "/browse/home/teens-nightstands-vanities/4044_1156136_1156142_1156148"
            ],
            [
                "Modern Nightstands",
                "/browse/home/modern-nightstands/4044_103150_102547_4537207_5103126_2754988"
            ],
            [
                "Gray Nightstands",
                "/browse/home/gray-nightstands/4044_103150_102547_4537207_7300576_4058554"
            ],
            [
                "White Nightstands",
                "/browse/home/white-nightstands/4044_103150_102547_4537207_7300576_5421496"
            ],
            [
                "Black Nightstands",
                "/browse/home/black-nightstands/4044_103150_102547_4537207_7300576_6231277"
            ],
            [
                "Wood Nightstands",
                "/browse/home/wood-nightstands/4044_103150_102547_4537207_9225065_7843738"
            ]
        ]
    },
    {
        "title": "Storage Basket - Large Sized Storage Baskets with Handle, Collapsible & Convenient Home Organizer Containers for Kids Toys, Baby Clothing ( Rectangular - Green Tree )",
        "url": "https://www.walmart.com/ip/Storage-Basket-Large-Sized-Baskets-Handle-Collapsible-Convenient-Home-Organizer-Containers-Kids-Toys-Baby-Clothing-Rectangular-Green-Tree/810653513",
        "price": "$14.99",
        "stars": "3.7",
        "ratings": "7 ",
        "img": "i5.walmartimages.com/asr/ff3432f1-1f7c-49ef-8c12-7de6a3ec74c7_1.b3a5fd67805d1f3b9879ddfe15f91b9a.jpeg?odnWidth=612&odnHeight=612&odnBg=ffffff",
        "tags": [
            [
                "Laundry Hampers",
                "/browse/home/laundry-hampers/4044_90828_7067220_1326557"
            ],
            [
                "Kids' Closet Organizers",
                "/browse/home/kids-closet-organizers/4044_90828_2523133_5060150"
            ],
            [
                "Laundry Baskets",
                "/browse/home/laundry-baskets/4044_90828_7067220_6280033"
            ],
            [
                "Collapsible Laundry Baskets",
                "/browse/home/collapsible-laundry-baskets/4044_90828_7067220_6738861"
            ],
            [
                "Fabric Baskets & Bins",
                "/browse/home/fabric-baskets-bins/4044_90828_1230055_7593658"
            ],
            [
                "Teens' Storage",
                "/browse/home/teens-storage/4044_1156136_8381926"
            ],
            [
                "Kids Hampers",
                "/browse/home/kids-hampers/4044_90828_2523133_9646597"
            ],
            [
                "Storage Bins",
                "/browse/home/storage-bins/4044_90828_1230055_9867281"
            ]
        ]
    }
]